# vtk DataFile Version 5.1
vtk output
ASCII
DATASET POLYDATA
POINTS 3454 float
0.389503 -0.0503962 0.547957 0.38942 -0.0519733 0.526419 0.403982 -0.0394333 0.536272 
0.359029 -0.0524084 0.548221 0.358947 -0.0539855 0.526684 0.328556 -0.0544205 0.548485 
0.328474 -0.0559976 0.526948 0.298083 -0.0564326 0.54875 0.298001 -0.0580097 0.527212 
0.26761 -0.0584448 0.549014 0.267527 -0.0600219 0.527476 0.251616 -0.049494 0.537593 
0.388153 -0.0273284 0.567927 0.402631 -0.0163654 0.556242 0.357679 -0.0293405 0.568191 
0.327206 -0.0313526 0.568455 0.296733 -0.0333648 0.568719 0.26626 -0.0353769 0.568983 
0.235704 -0.0389661 0.54771 0.235787 -0.0373891 0.569247 0.205314 -0.0394012 0.569512 
0.205231 -0.0409783 0.547974 0.174841 -0.0414133 0.569776 0.174758 -0.0429904 0.548238 
0.158846 -0.0324626 0.558355 0.386802 -0.00426048 0.587896 0.401281 0.00670243 0.576211 
0.356329 -0.00627262 0.58816 0.325856 -0.00828476 0.588424 0.295383 -0.0102969 0.588689 
0.26491 -0.012309 0.588953 0.234437 -0.0143212 0.589217 0.203964 -0.0163333 0.589481 
0.173491 -0.0183455 0.589745 0.142935 -0.0219347 0.568472 0.143018 -0.0203576 0.59001 
0.112544 -0.0223697 0.590274 0.112462 -0.0239468 0.568736 0.0820712 -0.0243819 0.590538 
0.0819886 -0.025959 0.569 0.0660771 -0.0154311 0.579117 0.38537 0.0172303 0.586328 
0.354897 0.0152182 0.586592 0.338985 0.025746 0.596709 0.324506 0.0147831 0.608394 
0.294033 0.012771 0.608658 0.26356 0.0107588 0.608922 0.233087 0.0087467 0.609186 
0.202614 0.00673456 0.609451 0.172141 0.00472242 0.609715 0.141667 0.00271028 0.609979 
0.111194 0.000698142 0.610243 0.0807212 -0.001314 0.610507 0.064727 0.00763678 0.599087 
0.323074 0.0362739 0.606826 0.2926 0.0342618 0.60709 0.262127 0.0322496 0.607354 
0.246216 0.0427775 0.617471 0.231737 0.0318146 0.629156 0.201264 0.0298024 0.62942 
0.170791 0.0277903 0.629684 0.140317 0.0257782 0.629949 0.109844 0.023766 0.630213 
0.0793712 0.0217539 0.630477 0.0488155 0.0181647 0.609204 0.0488981 0.0197417 0.630741 
0.0184249 0.0177296 0.631005 0.0183423 0.0161525 0.609468 0.00243075 0.0266804 0.619585 
0.230304 0.0533054 0.627588 0.199831 0.0512932 0.627852 0.169358 0.0492811 0.628116 
0.153446 0.059809 0.638233 0.138967 0.048846 0.649918 0.108494 0.0468339 0.650182 
0.0780211 0.0448218 0.650446 0.047548 0.0428096 0.650711 0.0170749 0.0407975 0.650975 
-0.0134808 0.0372082 0.629701 -0.0133982 0.0387853 0.651239 -0.0293924 0.0477361 0.639818 
0.137535 0.0703368 0.64835 0.121623 0.0808647 0.658467 0.107144 0.0699018 0.670152 
0.0766711 0.0678896 0.670416 0.046198 0.0658775 0.67068 0.0157249 0.0638654 0.670944 
-0.0147483 0.0618532 0.671209 -0.0307424 0.070804 0.659788 0.105712 0.0913925 0.668584 
0.0898 0.10192 0.6787 0.0753211 0.0909575 0.690385 0.0448479 0.0889454 0.69065 
0.0143748 0.0869332 0.690914 -0.00161936 0.095884 0.679493 -0.0161809 0.083344 0.66964 
0.0738884 0.112448 0.688817 0.0579768 0.122976 0.698934 0.0434979 0.112013 0.710619 
0.0130248 0.110001 0.710883 -0.0029694 0.118952 0.699463 0.0420653 0.133504 0.709051 
0.0115921 0.131492 0.709315 0.390687 -0.0766183 0.484912 0.390605 -0.0781954 0.463375 
0.405166 -0.0656554 0.473227 0.360214 -0.0786304 0.485176 0.360132 -0.0802075 0.463639 
0.329741 -0.0806426 0.485441 0.329659 -0.0822197 0.463903 0.299268 -0.0826547 0.485705 
0.299185 -0.0842318 0.464167 0.283274 -0.0737039 0.474284 0.419811 -0.0515383 0.504618 
0.419728 -0.0531154 0.48308 0.434289 -0.0405754 0.492932 0.389337 -0.0535504 0.504882 
0.358864 -0.0555626 0.505146 0.328391 -0.0575747 0.50541 0.297918 -0.0595868 0.505674 
0.267362 -0.0631761 0.484401 0.267445 -0.061599 0.505939 0.236972 -0.0636111 0.506203 
0.236889 -0.0651882 0.484665 0.220978 -0.0546603 0.494782 0.41846 -0.0284704 0.524587 
0.432939 -0.0175075 0.512902 0.235622 -0.0405432 0.526172 0.205066 -0.0441325 0.504899 
0.205149 -0.0425554 0.526436 0.174675 -0.0445675 0.526701 0.174593 -0.0461446 0.505163 
0.144202 -0.0465797 0.526965 0.14412 -0.0481568 0.505427 0.128208 -0.0376289 0.515544 
0.41711 -0.00540255 0.544556 0.431589 0.00556038 0.532871 0.142852 -0.0235118 0.546934 
0.112297 -0.027101 0.525661 0.112379 -0.0255239 0.547198 0.081906 -0.0275361 0.547463 
0.0818235 -0.0291132 0.525925 0.0659119 -0.0185853 0.536042 0.415678 0.0160882 0.542988 
0.399766 0.0266161 0.553105 0.0500829 -0.00648034 0.567696 0.0500003 -0.00805742 0.546159 
0.0196098 -0.00849248 0.567961 0.0195272 -0.0100696 0.546423 0.0036156 0.000458295 0.55654 
0.383855 0.037144 0.563222 0.353464 0.0367089 0.585024 0.367943 0.0476718 0.573339 
0.0487329 0.0165875 0.587666 0.0182597 0.0145754 0.58793 -0.012296 0.0109862 0.566657 
-0.0122134 0.0125633 0.588194 -0.0282076 0.021514 0.576773 0.352031 0.0581997 0.583456 
0.321558 0.0561876 0.58372 0.291085 0.0541754 0.583984 0.260695 0.0537404 0.605786 
0.275174 0.0647033 0.594101 -0.0135634 0.0356311 0.608164 -0.0441191 0.0320419 0.58689 
-0.0440365 0.033619 0.608428 -0.0600307 0.0425698 0.597007 0.259262 0.0752312 0.604218 
0.228789 0.073219 0.604482 0.198316 0.0712069 0.604746 0.167843 0.0691947 0.60501 
0.13737 0.0671826 0.605275 0.137452 0.0687597 0.626812 0.121458 0.0777105 0.615391 
-0.0453866 0.0566869 0.628397 -0.0613808 0.0656376 0.616977 0.105546 0.0882383 0.625508 
0.105629 0.0898154 0.647046 0.0896348 0.0987662 0.635625 -0.0467366 0.0797547 0.648367 
-0.0627308 0.0887055 0.636946 0.0737232 0.109294 0.645742 0.0738058 0.110871 0.66728 
0.0578117 0.119822 0.655859 -0.0176135 0.104835 0.668072 -0.0480867 0.102823 0.668336 
-0.0640808 0.111773 0.656916 0.0419001 0.13035 0.665976 0.0419827 0.131927 0.687513 
0.0259885 0.140878 0.676092 -0.0189636 0.127903 0.688042 -0.0494367 0.12589 0.688306 
-0.0654309 0.134841 0.676885 0.0100769 0.151406 0.686209 -0.0203962 0.149393 0.686473 
-0.0508693 0.147381 0.686738 0.303153 -0.155013 0.382721 0.30307 -0.15659 0.361183 
0.317632 -0.14405 0.371036 0.287159 -0.146062 0.3713 0.332276 -0.129933 0.402426 
0.332193 -0.13151 0.380889 0.346755 -0.11897 0.390741 0.30172 -0.133522 0.381153 
0.316282 -0.120982 0.391005 0.361399 -0.104853 0.422132 0.361317 -0.10643 0.400594 
0.375878 -0.0938896 0.410447 0.330926 -0.106865 0.422396 0.314932 -0.0979139 0.410975 
0.390522 -0.0797725 0.441837 0.39044 -0.0813496 0.420299 0.405001 -0.0688096 0.430152 
0.360049 -0.0817846 0.442101 0.329576 -0.0837968 0.442365 0.29902 -0.087386 0.421092 
0.299103 -0.0858089 0.442629 0.283109 -0.0768581 0.431209 0.403651 -0.0457417 0.450121 
0.26728 -0.0647532 0.462863 0.267197 -0.0663303 0.441326 0.236807 -0.0667653 0.463127 
0.236724 -0.0683424 0.44159 0.220812 -0.0578146 0.451707 0.418213 -0.0332017 0.459974 
0.432774 -0.0206617 0.469827 0.204983 -0.0457096 0.483361 0.204901 -0.0472867 0.461823 
0.17451 -0.0477217 0.483625 0.174428 -0.0492988 0.462088 0.144037 -0.0497339 0.483889 
0.143955 -0.051311 0.462352 0.128043 -0.0407831 0.472469 0.431424 0.00240618 0.489796 
0.112214 -0.0286781 0.504123 0.112131 -0.0302552 0.482585 0.0817409 -0.0306903 0.504387 
0.0816583 -0.0322674 0.48285 0.0512677 -0.0327024 0.504652 0.0511852 -0.0342795 0.483114 
0.0352736 -0.0237516 0.493231 0.430074 0.025474 0.509766 0.0499177 -0.00963455 0.524621 
0.019362 -0.0132238 0.503348 0.0194446 -0.0116467 0.524885 -0.0110285 -0.0136588 0.525149 
-0.0111111 -0.0152359 0.503612 -0.0415017 -0.015671 0.525414 -0.0415842 -0.017248 0.503876 
-0.0574958 -0.00672019 0.513993 0.414163 0.0360019 0.519882 0.398251 0.0465298 0.529999 
-0.0123786 0.00940904 0.545119 -0.0428517 0.00739691 0.545383 -0.0734074 0.00380769 0.52411 
-0.0733248 0.00538477 0.545647 -0.089319 0.0143355 0.534226 0.382339 0.0570577 0.540116 
0.366428 0.0675855 0.550233 -0.0442017 0.0304648 0.565353 -0.0746749 0.0284526 0.565617 
-0.090669 0.0374034 0.554196 0.350516 0.0781134 0.56035 0.320043 0.0761013 0.560614 
0.28957 0.0740891 0.560878 0.273658 0.084617 0.570995 -0.0760249 0.0515205 0.585586 
-0.106581 0.0479313 0.564313 -0.106498 0.0495084 0.58585 -0.136971 0.0474962 0.586115 
-0.137054 0.0459192 0.564577 -0.152965 0.056447 0.574694 0.257747 0.0951448 0.581112 
0.227274 0.0931327 0.581376 0.196801 0.0911205 0.58164 0.166327 0.0891084 0.581904 
0.135854 0.0870963 0.582169 0.119943 0.0976242 0.592286 -0.0773749 0.0745884 0.605556 
-0.107848 0.0725763 0.60582 -0.138321 0.0705641 0.606084 -0.168877 0.0669749 0.584811 
-0.168794 0.068552 0.606348 -0.184788 0.0775028 0.594928 0.104031 0.108152 0.602402 
0.0881196 0.11868 0.612519 -0.078725 0.0976563 0.625525 -0.109198 0.0956441 0.625789 
-0.125192 0.104595 0.614369 -0.139754 0.0920549 0.604516 -0.170227 0.0900427 0.60478 
0.072208 0.129208 0.622636 0.0417349 0.127196 0.6229 0.0418175 0.128773 0.644438 
0.0258233 0.137723 0.633017 -0.080075 0.120724 0.645495 -0.0960692 0.129675 0.634074 
-0.110631 0.117135 0.624221 0.00991173 0.148251 0.643134 0.00999433 0.149828 0.664672 
-0.00599985 0.158779 0.653251 -0.0669461 0.154755 0.653779 -0.0815076 0.142215 0.643927 
-0.0219114 0.169307 0.663368 -0.0523845 0.167295 0.663632 0.272515 -0.160179 0.33991 
0.272432 -0.161756 0.318372 0.286994 -0.149216 0.328225 0.242042 -0.162191 0.340174 
0.241959 -0.163768 0.318636 0.226047 -0.15324 0.328753 0.301555 -0.136676 0.338078 
0.316117 -0.124136 0.34793 0.271165 -0.137111 0.359879 0.240691 -0.139123 0.360144 
0.224697 -0.130172 0.348723 0.330678 -0.111596 0.357783 0.34524 -0.099056 0.367635 
0.300288 -0.112031 0.379585 0.269815 -0.114043 0.379849 0.239341 -0.116055 0.380113 
0.223347 -0.107105 0.368692 0.359801 -0.086516 0.377488 0.374363 -0.073976 0.387341 
0.298938 -0.0889631 0.399554 0.268465 -0.0909753 0.399818 0.237991 -0.0929874 0.400083 
0.221997 -0.0840366 0.388662 0.388924 -0.061436 0.397193 0.403486 -0.0488959 0.407046 
0.267114 -0.0679074 0.419788 0.236641 -0.0699195 0.420052 0.220647 -0.0609688 0.408631 
0.402136 -0.0258281 0.427016 0.204818 -0.0488638 0.440286 0.204736 -0.0504409 0.418748 
0.174345 -0.0508759 0.44055 0.174262 -0.0524531 0.419012 0.143872 -0.0528881 0.440814 
0.143789 -0.0544652 0.419276 0.127878 -0.0439373 0.429393 0.41678 -0.0117109 0.458406 
0.400786 -0.00276019 0.446985 0.112049 -0.0318323 0.461048 0.111966 -0.0334095 0.43951 
0.0815757 -0.0338445 0.461312 0.0814931 -0.0354216 0.439774 0.0511026 -0.0358566 0.461576 
0.05102 -0.0374337 0.440039 0.0206294 -0.0378688 0.46184 0.0205468 -0.0394459 0.440303 
-0.00984369 -0.0398809 0.462105 -0.00992628 -0.041458 0.440567 -0.0403168 -0.041893 0.462369 
-0.0403994 -0.0434702 0.440831 -0.0707899 -0.0439052 0.462633 -0.0708725 -0.0454823 0.441095 
-0.101263 -0.0459173 0.462897 -0.101346 -0.0474944 0.44136 -0.131736 -0.0479295 0.463161 
-0.131819 -0.0495066 0.441624 -0.14773 -0.0389787 0.451741 0.415347 0.00977982 0.456838 
0.429909 0.0223198 0.46669 0.0192794 -0.0148009 0.48181 -0.0111937 -0.016813 0.482074 
-0.0416668 -0.0188252 0.482338 -0.07214 -0.0208373 0.482602 -0.102613 -0.0228494 0.482867 
-0.133086 -0.0248616 0.483131 -0.163642 -0.0284508 0.461857 -0.163559 -0.0268737 0.483395 
-0.179554 -0.017923 0.471974 0.428559 0.0453877 0.48666 -0.07349 0.00223056 0.502572 
-0.103963 0.000218425 0.502836 -0.134436 -0.00179372 0.5031 -0.164909 -0.00380586 0.503365 
-0.180904 0.0051449 0.491944 0.412647 0.0559156 0.496777 0.396736 0.0664434 0.506893 
-0.105313 0.0232863 0.522806 -0.135786 0.0212742 0.52307 -0.166259 0.019262 0.523334 
-0.182254 0.0282128 0.511913 0.380824 0.0769713 0.51701 0.364913 0.0874992 0.527127 
-0.106663 0.0463542 0.542775 -0.137136 0.044342 0.543039 -0.167609 0.0423299 0.543304 
-0.183604 0.0512807 0.531883 0.349001 0.0980271 0.537244 0.318528 0.0960149 0.537508 
0.288055 0.0940028 0.537772 0.257582 0.0919906 0.538037 0.257664 0.0935677 0.559574 
0.24167 0.102518 0.548154 0.196718 0.0895434 0.560103 0.211197 0.100506 0.548418 
0.196635 0.0879663 0.538565 0.180724 0.0984942 0.548682 -0.168959 0.0653978 0.563273 
-0.199515 0.0618085 0.542 -0.199433 0.0633856 0.563537 -0.215427 0.0723364 0.552116 
0.225759 0.113046 0.55827 0.164812 0.109022 0.558799 0.134339 0.10701 0.559063 
0.118428 0.117538 0.56918 -0.200865 0.0848764 0.561969 -0.186304 0.0974164 0.571822 
0.102516 0.128066 0.579297 0.0866044 0.138594 0.589413 -0.126707 0.124509 0.591263 
-0.141269 0.111969 0.58141 -0.171742 0.109956 0.581674 0.0706928 0.149121 0.59953 
0.0402197 0.147109 0.599794 0.0243081 0.157637 0.609911 -0.0975844 0.149589 0.610968 
-0.112146 0.137049 0.601116 0.00839651 0.168165 0.620028 -0.0220766 0.166153 0.620292 
-0.021994 0.16773 0.64183 -0.0525497 0.164141 0.620557 -0.0524671 0.165718 0.642094 
-0.0830229 0.162129 0.620821 0.211403 -0.167357 0.297363 0.211321 -0.168934 0.275825 
0.225882 -0.156394 0.285678 0.18093 -0.16937 0.297627 0.180847 -0.170947 0.27609 
0.150457 -0.171382 0.297891 0.150374 -0.172959 0.276354 0.134463 -0.162431 0.286471 
0.270917 -0.141842 0.295266 0.285478 -0.129302 0.305119 0.240444 -0.143854 0.295531 
0.210053 -0.144289 0.317332 0.17958 -0.146302 0.317597 0.149107 -0.148314 0.317861 
0.118551 -0.151903 0.296587 0.118634 -0.150326 0.318125 0.10264 -0.141375 0.306704 
0.30004 -0.116762 0.314972 0.314602 -0.104222 0.324824 0.208703 -0.121222 0.337302 
0.17823 -0.123234 0.337566 0.147757 -0.125246 0.33783 0.117284 -0.127258 0.338095 
0.10129 -0.118307 0.326674 0.329163 -0.0916823 0.334677 0.343725 -0.0791423 0.34453 
0.207353 -0.0981537 0.357271 0.17688 -0.100166 0.357536 0.146407 -0.102178 0.3578 
0.115934 -0.10419 0.358064 0.0999396 -0.0952394 0.346643 0.358369 -0.0650252 0.37592 
0.342374 -0.0560744 0.364499 0.206003 -0.0750859 0.377241 0.17553 -0.077098 0.377505 
0.145057 -0.0791102 0.377769 0.114584 -0.0811223 0.378034 0.084028 -0.0847116 0.35676 
0.0841106 -0.0831344 0.378298 0.0681164 -0.0741837 0.366877 -0.190148 -0.101244 0.380676 
-0.19023 -0.102821 0.359138 -0.175669 -0.0902808 0.368991 -0.206142 -0.0922929 0.369255 
0.387492 -0.0399452 0.395625 0.371498 -0.0309944 0.384204 0.356936 -0.0435344 0.374352 
0.204653 -0.052018 0.39721 0.17418 -0.0540301 0.397475 0.143707 -0.0560423 0.397739 
0.113234 -0.0580544 0.398003 0.0827605 -0.0600666 0.398267 0.0522048 -0.0636558 0.376994 
0.0522874 -0.0620787 0.398531 0.0218143 -0.0640908 0.398796 0.0217317 -0.065668 0.377258 
0.00582011 -0.0551401 0.387375 -0.19158 -0.0797529 0.379107 0.386059 -0.0184544 0.394057 
0.400621 -0.0059144 0.40391 0.111884 -0.0349865 0.417972 0.0814105 -0.0369987 0.418237 
0.0509374 -0.0390108 0.418501 0.0204642 -0.041023 0.418765 -0.0100915 -0.0446122 0.397492 
-0.0100089 -0.0430351 0.419029 -0.040482 -0.0450472 0.419293 -0.0405646 -0.0466244 0.397756 
-0.0564762 -0.0360965 0.407873 -0.131901 -0.0510837 0.420086 -0.131984 -0.0526608 0.398548 
-0.117422 -0.0401208 0.408401 -0.147896 -0.0421329 0.408665 0.399271 0.0171535 0.423879 
-0.0723878 -0.0255686 0.41799 -0.102861 -0.0275808 0.418254 -0.163725 -0.0300279 0.44032 
-0.163807 -0.031605 0.418782 -0.179719 -0.0210772 0.428899 0.413832 0.0296935 0.433732 
0.428394 0.0422335 0.443585 -0.195548 -0.00897219 0.460553 -0.19563 -0.0105493 0.439016 
-0.211542 -2.14293e-05 0.449133 0.412482 0.0527614 0.453701 0.412565 0.0543385 0.475239 
0.396571 0.0632892 0.463818 -0.196898 0.0140957 0.480523 -0.227453 0.0105064 0.45925 
-0.227371 0.0120835 0.480787 -0.243365 0.0210343 0.469366 0.395221 0.0863571 0.483788 
-0.198248 0.0371636 0.500492 -0.228721 0.0351514 0.500757 -0.244715 0.0441022 0.489336 
0.379309 0.096885 0.493905 0.363397 0.107413 0.504021 -0.199598 0.0602314 0.520462 
-0.230071 0.0582193 0.520726 -0.260627 0.05463 0.499453 -0.260544 0.0562072 0.52099 
-0.276538 0.0651579 0.50957 0.347486 0.117941 0.514138 0.317013 0.115929 0.514402 
0.28654 0.113916 0.514667 0.256066 0.111904 0.514931 0.225593 0.109892 0.515195 
0.225676 0.111469 0.536733 0.19512 0.10788 0.515459 0.164647 0.105868 0.515723 
0.16473 0.107445 0.537261 0.148735 0.116396 0.52584 -0.200948 0.0832993 0.540431 
-0.186469 0.0942622 0.528746 -0.20103 0.0817222 0.518894 -0.231504 0.0797101 0.519158 
-0.261977 0.0776979 0.519422 0.132824 0.126924 0.535957 0.102351 0.124911 0.536221 
0.102433 0.126489 0.557759 0.0864392 0.135439 0.546338 -0.171825 0.108379 0.560137 
-0.157346 0.119342 0.548452 -0.171907 0.106802 0.538599 0.0705276 0.145967 0.556455 
0.0706102 0.147544 0.577993 0.054616 0.156495 0.566572 -0.112229 0.135471 0.579578 
-0.0977496 0.146434 0.567893 -0.112311 0.133894 0.55804 -0.142784 0.131882 0.558304 
0.0387044 0.167023 0.576689 0.0227929 0.177551 0.586805 -0.0831055 0.160551 0.599283 
-0.0686265 0.171514 0.587598 -0.0831881 0.158974 0.577745 0.00688128 0.188079 0.596922 
-0.0235918 0.186067 0.597186 -0.054065 0.184054 0.597451 0.209805 -0.149021 0.25272 
0.224367 -0.136481 0.262572 0.179332 -0.151033 0.252984 0.148859 -0.153045 0.253248 
0.118469 -0.15348 0.27505 0.118386 -0.155057 0.253512 0.102474 -0.144529 0.263629 
0.269484 -0.120352 0.293698 0.25349 -0.111401 0.282277 0.238928 -0.123941 0.272425 
0.101124 -0.121461 0.283598 0.298607 -0.0952715 0.313404 0.282613 -0.0863208 0.301983 
0.268052 -0.0988608 0.29213 0.115769 -0.107344 0.314989 0.130247 -0.0963815 0.303304 
0.115686 -0.108921 0.293451 0.32773 -0.0701915 0.333109 0.311736 -0.0612408 0.321688 
0.297175 -0.0737808 0.311835 0.114419 -0.0842765 0.334958 0.128897 -0.0733136 0.323273 
-0.129366 -0.100374 0.337072 -0.129449 -0.101951 0.315534 -0.114888 -0.0894107 0.325387 
-0.15984 -0.102386 0.337336 -0.159922 -0.103963 0.315798 -0.190313 -0.104398 0.3376 
-0.190395 -0.105975 0.316063 -0.220786 -0.10641 0.337864 -0.220868 -0.107987 0.316327 
-0.23678 -0.0974593 0.326444 0.326298 -0.0487008 0.331541 0.340859 -0.0361608 0.341393 
0.112986 -0.0627857 0.33339 0.0825953 -0.0632208 0.355192 0.0970743 -0.0522579 0.343507 
-0.130799 -0.0788829 0.335504 -0.146711 -0.068355 0.34562 -0.16119 -0.0793179 0.357305 
-0.222136 -0.0833422 0.357834 -0.252692 -0.0869314 0.33656 -0.252609 -0.0853543 0.358098 
-0.283082 -0.0873664 0.358362 -0.283165 -0.0889436 0.336825 -0.313555 -0.0893786 0.358627 
-0.313638 -0.0909557 0.337089 -0.329549 -0.0804278 0.347206 0.355503 -0.0220436 0.372784 
0.339509 -0.0130929 0.361363 0.0811627 -0.04173 0.353624 0.0506896 -0.0437422 0.353888 
0.0202165 -0.0457543 0.354152 0.00430489 -0.0352264 0.364269 -0.132067 -0.0542379 0.377011 
-0.132149 -0.055815 0.355473 -0.117588 -0.043275 0.365326 -0.16254 -0.05625 0.377275 
-0.193013 -0.0582621 0.377539 -0.223486 -0.0602743 0.377803 -0.253959 -0.0622864 0.378068 
-0.284432 -0.0642986 0.378332 -0.300426 -0.0553478 0.366911 -0.314988 -0.0678878 0.357058 
0.384627 0.00303638 0.392489 0.368632 0.0119871 0.381068 0.354071 -0.00055287 0.371215 
-0.0116067 -0.0246985 0.374386 -0.0420798 -0.0267107 0.37465 -0.0724704 -0.0271457 0.396452 
-0.0725529 -0.0287228 0.374914 -0.102943 -0.0291579 0.396716 -0.103026 -0.030735 0.375178 
-0.16389 -0.0331821 0.397244 -0.194363 -0.0351943 0.397509 -0.224836 -0.0372064 0.397773 
-0.255309 -0.0392186 0.398037 -0.285782 -0.0412307 0.398301 -0.301776 -0.0322799 0.38688 
0.383276 0.0261043 0.412458 0.367282 0.035055 0.401038 -0.195713 -0.0121264 0.417478 
-0.226186 -0.0141385 0.417742 -0.256659 -0.0161507 0.418007 -0.287132 -0.0181628 0.418271 
-0.303126 -0.00921206 0.40685 0.4124 0.0511843 0.432164 0.396405 0.060135 0.420743 
0.381844 0.047595 0.41089 -0.227536 0.00892934 0.437712 -0.258009 0.0069172 0.437976 
-0.288482 0.00490506 0.43824 -0.304476 0.0138558 0.426819 0.395055 0.0832029 0.440712 
-0.259359 0.0299851 0.457945 -0.275353 0.0389358 0.446525 -0.289915 0.0263958 0.436672 
0.379144 0.0937308 0.450829 0.379226 0.0953079 0.472367 0.363232 0.104259 0.460946 
-0.260709 0.0530529 0.477915 -0.291265 0.0494637 0.456642 -0.291182 0.0510408 0.478179 
-0.307177 0.0599916 0.466758 0.347321 0.114787 0.471063 0.347403 0.116364 0.492601 
0.316847 0.112774 0.471327 0.31693 0.114351 0.492865 0.300936 0.123302 0.481444 
0.225511 0.108315 0.493657 0.23999 0.119278 0.481972 0.225428 0.106738 0.47212 
0.194955 0.104726 0.472384 0.195038 0.106303 0.493922 0.179043 0.115254 0.482501 
-0.262059 0.0761208 0.497885 -0.24758 0.0870837 0.486199 -0.262142 0.0745437 0.476347 
-0.292615 0.0725316 0.476611 0.285024 0.13383 0.491561 0.254551 0.131818 0.491825 
0.163132 0.125782 0.492618 0.132659 0.123769 0.492882 0.132741 0.125347 0.514419 
0.116747 0.134297 0.502999 -0.187984 0.114176 0.505641 -0.202546 0.101636 0.495788 
-0.233019 0.0996237 0.496052 0.100836 0.144825 0.513115 0.084924 0.155353 0.523232 
-0.158861 0.139256 0.525346 -0.173423 0.126716 0.515493 0.0690124 0.165881 0.533349 
0.0385393 0.163869 0.533613 0.0386219 0.165446 0.555151 0.0226277 0.174397 0.54373 
-0.113744 0.155385 0.556472 -0.129738 0.164336 0.545051 -0.144299 0.151796 0.535198 
0.00671609 0.184924 0.553847 0.00679869 0.186502 0.575385 -0.023757 0.182912 0.554111 
-0.0236744 0.184489 0.575649 -0.0542301 0.1809 0.554375 -0.0541476 0.182477 0.575913 
-0.0847033 0.178888 0.55464 -0.115176 0.176876 0.554904 0.20829 -0.129107 0.229614 
0.222852 -0.116567 0.239466 0.177817 -0.131119 0.229878 0.147344 -0.133131 0.230142 
0.116953 -0.133566 0.251944 0.131432 -0.122604 0.240259 0.237413 -0.104027 0.249319 
0.251975 -0.0914871 0.259172 0.115603 -0.110499 0.271913 0.130082 -0.0995357 0.260228 
-0.0672354 -0.122571 0.273499 -0.067318 -0.124149 0.251961 -0.0527564 -0.111609 0.261814 
-0.0832296 -0.113621 0.262078 0.266536 -0.0789471 0.269024 0.281098 -0.0664071 0.278877 
0.128732 -0.0764678 0.280198 -0.068668 -0.101081 0.27193 -0.0991411 -0.103093 0.272195 
-0.0845796 -0.0905528 0.282047 -0.0990585 -0.101516 0.293732 -0.129532 -0.103528 0.293997 
-0.129614 -0.105105 0.272459 -0.160005 -0.10554 0.294261 -0.160087 -0.107117 0.272723 
-0.190478 -0.107552 0.294525 -0.190561 -0.109129 0.272987 -0.220951 -0.109564 0.294789 
-0.221034 -0.111141 0.273251 -0.236945 -0.100613 0.283368 0.295659 -0.0538671 0.28873 
0.310221 -0.0413271 0.298582 0.112821 -0.0659399 0.290315 0.112903 -0.0643628 0.311852 
0.0969091 -0.0554121 0.300432 -0.100409 -0.0784478 0.313702 -0.0859296 -0.0674849 0.302017 
-0.252774 -0.0885085 0.315023 -0.252857 -0.0900856 0.293485 -0.283247 -0.0905206 0.315287 
-0.28333 -0.0920978 0.293749 -0.31372 -0.0925328 0.315551 -0.313803 -0.0941099 0.294014 
-0.329715 -0.083582 0.30413 0.324865 -0.02721 0.329972 0.308871 -0.0182592 0.318552 
0.0810801 -0.0433071 0.332086 0.0809975 -0.0448842 0.310548 0.050607 -0.0453192 0.33235 
0.0505244 -0.0468963 0.310813 0.0201339 -0.0473314 0.332614 0.0200513 -0.0489085 0.311077 
0.0041397 -0.0383806 0.321194 -0.0712855 -0.0533678 0.333407 -0.0713681 -0.0549449 0.311869 
-0.0568066 -0.0424049 0.321722 -0.101759 -0.0553799 0.333671 -0.132232 -0.0573921 0.333935 
-0.345544 -0.071477 0.335785 -0.345626 -0.0730542 0.314247 -0.361538 -0.0625263 0.324364 
0.323432 -0.00571922 0.328404 0.337994 0.00682079 0.338257 -0.0116893 -0.0262756 0.352848 
-0.0117719 -0.0278528 0.331311 -0.0421624 -0.0282878 0.353112 -0.042245 -0.0298649 0.331575 
-0.0726355 -0.0302999 0.353377 -0.103109 -0.0323121 0.353641 -0.31642 -0.046397 0.35549 
-0.332415 -0.0374463 0.344069 -0.346976 -0.0499863 0.334217 0.352638 0.0209379 0.369647 
0.336644 0.0298887 0.358226 -0.317771 -0.0233292 0.37546 -0.333765 -0.0143784 0.364039 
0.351288 0.0440058 0.389617 0.335294 0.0529565 0.378196 -0.319121 -0.000261284 0.395429 
-0.349676 -0.00385054 0.374156 -0.349594 -0.00227342 0.395693 -0.365588 0.00667733 0.384273 
0.380411 0.0690858 0.409322 0.349938 0.0670737 0.409586 0.333944 0.0760244 0.398165 
-0.320471 0.0228066 0.415399 -0.350944 0.0207945 0.415663 -0.366938 0.0297452 0.404242 
0.379061 0.0921537 0.429291 0.363067 0.101104 0.417871 0.348505 0.0885644 0.408018 
-0.291348 0.0478866 0.435104 -0.321821 0.0458745 0.435368 -0.337815 0.0548252 0.423947 
-0.352376 0.0422852 0.414095 0.347155 0.111632 0.427988 0.347238 0.113209 0.449525 
0.316682 0.10962 0.428252 0.316765 0.111197 0.449789 0.300771 0.120148 0.438369 
-0.323253 0.0673652 0.4338 -0.308692 0.0799052 0.443653 0.284859 0.130676 0.448485 
0.284942 0.132253 0.470023 0.254386 0.128664 0.44875 0.254469 0.130241 0.470287 
0.223913 0.126652 0.449014 0.19344 0.124639 0.449278 0.162967 0.122627 0.449542 
0.163049 0.124204 0.47108 0.132493 0.120615 0.449806 0.132576 0.122192 0.471344 
0.116582 0.131143 0.459923 -0.233101 0.0980466 0.474514 -0.218622 0.10901 0.462829 
-0.233184 0.0964695 0.452977 -0.263657 0.0944574 0.453241 -0.29413 0.0924453 0.453505 
0.10067 0.141671 0.47004 0.100753 0.143248 0.491578 0.0847588 0.152199 0.480157 
-0.189499 0.13409 0.482535 -0.204061 0.12155 0.472682 0.0688472 0.162727 0.490274 
0.0689298 0.164304 0.511811 0.0383741 0.160715 0.490538 0.0384567 0.162292 0.512076 
0.0224625 0.171242 0.500655 -0.160376 0.15917 0.50224 -0.174938 0.14663 0.492387 
0.00655091 0.18177 0.510772 0.0066335 0.183347 0.532309 -0.00936067 0.192298 0.520888 
-0.131253 0.18425 0.521945 -0.145815 0.17171 0.512093 -0.0252723 0.202826 0.531005 
-0.0557454 0.200814 0.53127 -0.0862185 0.198802 0.531534 -0.116692 0.19679 0.531798 
0.206858 -0.107616 0.228046 0.190863 -0.0986656 0.216625 0.176302 -0.111206 0.206772 
0.145829 -0.113218 0.207036 0.129917 -0.10269 0.217153 0.235981 -0.0825363 0.247751 
0.219986 -0.0735856 0.23633 0.205425 -0.0861256 0.226477 0.114006 -0.092162 0.22727 
0.114088 -0.0905849 0.248808 0.098094 -0.0816341 0.237387 -0.0688332 -0.104235 0.228855 
-0.0542717 -0.0916948 0.238708 -0.0992237 -0.10467 0.250657 -0.0993063 -0.106247 0.229119 
-0.129697 -0.106682 0.250921 -0.129779 -0.108259 0.229384 -0.16017 -0.108694 0.251185 
-0.160253 -0.110271 0.229648 -0.190643 -0.110706 0.25145 -0.190726 -0.112283 0.229912 
-0.206637 -0.101756 0.240029 0.265104 -0.0574563 0.267456 0.24911 -0.0485056 0.256035 
0.234548 -0.0610456 0.246183 0.112738 -0.067517 0.268777 0.0967439 -0.0585663 0.257356 
-0.0701007 -0.0795899 0.270362 -0.0556217 -0.068627 0.258677 -0.222549 -0.0912277 0.250146 
-0.252939 -0.0916627 0.271948 -0.253022 -0.0932398 0.25041 -0.283413 -0.0936749 0.272212 
-0.283495 -0.095252 0.250674 -0.299407 -0.0847241 0.260791 0.294227 -0.0323763 0.287161 
0.278233 -0.0234256 0.275741 0.263671 -0.0359656 0.265888 0.0809149 -0.0464613 0.289011 
0.0808323 -0.0480384 0.267473 0.0504418 -0.0484735 0.289275 0.0503592 -0.0500506 0.267737 
0.0199687 -0.0504856 0.289539 0.0198861 -0.0520627 0.268001 -0.0105044 -0.0524977 0.289803 
-0.010587 -0.0540748 0.268266 -0.0409776 -0.0545099 0.290068 -0.0410602 -0.056087 0.26853 
-0.0714507 -0.056522 0.290332 -0.315318 -0.0741962 0.270908 -0.345709 -0.0746313 0.29271 
-0.345791 -0.0762084 0.271172 -0.361703 -0.0656805 0.281289 0.292794 -0.0108856 0.285593 
0.307356 0.00165444 0.295446 -0.0118545 -0.0294298 0.309773 -0.0423276 -0.031442 0.310037 
-0.377532 -0.0535755 0.312943 -0.377615 -0.0551526 0.291406 -0.393526 -0.0446248 0.301522 
0.322 0.0157716 0.326836 0.306006 0.0247223 0.315415 -0.348409 -0.0284955 0.332649 
-0.378882 -0.0305077 0.332913 -0.394876 -0.0215569 0.321492 0.32065 0.0388394 0.346806 
0.304656 0.0477902 0.335385 -0.349759 -0.00542764 0.352618 -0.365753 0.00352313 0.341197 
-0.380315 -0.00901688 0.331345 0.3193 0.0619073 0.366775 0.303306 0.0708581 0.355354 
-0.367103 0.026591 0.361167 0.31795 0.0849752 0.386745 0.301956 0.093926 0.375324 
-0.352459 0.0407081 0.392557 -0.33798 0.051671 0.380872 -0.352542 0.039131 0.371019 
0.347073 0.110055 0.40645 0.3166 0.108043 0.406714 0.300606 0.116994 0.395293 
-0.33933 0.0747389 0.400841 0.284694 0.127522 0.40541 0.284777 0.129099 0.426948 
0.268782 0.13805 0.415527 -0.310207 0.0998189 0.420547 -0.324769 0.0872789 0.410694 
0.252871 0.148577 0.425644 0.222398 0.146565 0.425908 0.191925 0.144553 0.426172 
0.161451 0.142541 0.426436 0.130978 0.140529 0.426701 0.100505 0.138517 0.426965 
0.100588 0.140094 0.448502 0.0845936 0.149045 0.437082 -0.234617 0.11796 0.451409 
-0.250611 0.126911 0.439988 -0.265172 0.114371 0.430135 -0.295645 0.112359 0.430399 
0.068682 0.159572 0.447198 0.0687646 0.16115 0.468736 0.0382089 0.15756 0.447463 
0.0382915 0.159137 0.469 0.0222973 0.168088 0.45758 -0.191015 0.154003 0.459429 
-0.205576 0.141463 0.449576 -0.236049 0.139451 0.44984 0.00638572 0.178616 0.467696 
0.00646831 0.180193 0.489234 -0.00952586 0.189144 0.477813 -0.161891 0.179083 0.479134 
-0.176453 0.166543 0.469282 -0.0254374 0.199672 0.48793 -0.0253548 0.201249 0.509468 
-0.0559106 0.19766 0.488194 -0.055828 0.199237 0.509732 -0.0863837 0.195647 0.488458 
-0.0863011 0.197225 0.509996 -0.116857 0.193635 0.488723 -0.116774 0.195212 0.51026 
-0.14733 0.191623 0.488987 0.174787 -0.0912919 0.183666 0.189348 -0.0787519 0.193519 
0.144313 -0.0933041 0.18393 0.113923 -0.0937391 0.205732 0.11384 -0.0953162 0.184195 
0.0979288 -0.0847884 0.194311 -0.0384427 -0.1038 0.207053 -0.0385253 -0.105377 0.185516 
-0.0239637 -0.0928369 0.195368 -0.0689158 -0.105812 0.207317 -0.0689984 -0.107389 0.18578 
-0.0993889 -0.107824 0.207582 -0.0994715 -0.109401 0.186044 -0.129862 -0.109836 0.207846 
-0.129945 -0.111413 0.186308 -0.145856 -0.100885 0.196425 0.20391 -0.0662119 0.203371 
0.218471 -0.0536719 0.213224 0.0820998 -0.0726834 0.225966 0.0820172 -0.0742605 0.204428 
0.0516267 -0.0746955 0.22623 0.0515441 -0.0762726 0.204692 0.0356325 -0.0657448 0.214809 
-0.0397927 -0.0807319 0.227023 -0.0253138 -0.069769 0.215338 -0.161768 -0.0903576 0.206542 
-0.192241 -0.0923697 0.206806 -0.222631 -0.0928048 0.228608 -0.222714 -0.0943819 0.20707 
-0.253105 -0.0948169 0.228872 -0.253187 -0.096394 0.207335 -0.269099 -0.0858661 0.217451 
0.233033 -0.0411319 0.223077 0.247594 -0.0285919 0.232929 0.0807497 -0.0496155 0.245935 
0.0502766 -0.0516276 0.2462 0.0197209 -0.0552169 0.224926 0.0198035 -0.0536398 0.246464 
-0.0106696 -0.0556519 0.246728 -0.0107522 -0.057229 0.22519 -0.0411427 -0.0576641 0.246992 
-0.28501 -0.0753383 0.227568 -0.315401 -0.0757733 0.24937 -0.315483 -0.0773504 0.227832 
-0.345874 -0.0777855 0.249634 -0.345957 -0.0793626 0.228097 -0.361868 -0.0688347 0.238213 
0.262238 -0.0144748 0.26432 0.246244 -0.00552403 0.252899 -0.377697 -0.0567297 0.269868 
-0.37778 -0.0583068 0.24833 -0.393691 -0.047779 0.258447 0.291362 0.0106052 0.284025 
0.275367 0.019556 0.272604 0.260806 0.00701597 0.262752 -0.395041 -0.0247111 0.278417 
0.289929 0.032096 0.282457 0.30449 0.044636 0.292309 -0.396391 -0.00164322 0.298386 
0.288579 0.0551639 0.302426 0.288661 0.056741 0.323964 0.272667 0.0656917 0.312543 
-0.367268 0.0234368 0.318091 -0.38183 0.0108968 0.308239 0.287311 0.0798088 0.343933 
0.271317 0.0887596 0.332513 -0.352624 0.0375539 0.349482 -0.338145 0.0485168 0.337797 
-0.352707 0.0359768 0.327944 0.285961 0.102877 0.363903 0.269967 0.111827 0.352482 
-0.339495 0.0715847 0.357766 0.284611 0.125945 0.383872 0.268617 0.134895 0.372452 
-0.324851 0.0857018 0.389156 -0.310372 0.0966647 0.377471 -0.324934 0.0841247 0.367619 
0.252706 0.145423 0.382569 0.252788 0.147 0.404106 0.222232 0.143411 0.382833 
0.222315 0.144988 0.40437 0.191759 0.141399 0.383097 0.191842 0.142976 0.404635 
0.161286 0.139387 0.383361 0.161369 0.140964 0.404899 0.145375 0.149915 0.393478 
-0.295728 0.110782 0.408862 -0.281249 0.121745 0.397177 -0.295811 0.109205 0.387324 
0.129463 0.160443 0.403595 0.0989899 0.15843 0.403859 0.0685168 0.156418 0.404123 
0.0685994 0.157995 0.425661 0.0380437 0.154406 0.404387 0.0381263 0.155983 0.425925 
0.0221321 0.164934 0.414504 -0.236132 0.137874 0.428303 -0.221653 0.148837 0.416618 
-0.236214 0.136297 0.406765 -0.266688 0.134285 0.407029 0.00622053 0.175462 0.424621 
0.00630313 0.177039 0.446159 -0.0242526 0.17345 0.424885 -0.02417 0.175027 0.446423 
-0.0401642 0.183978 0.435002 -0.19253 0.173917 0.436323 -0.207091 0.161377 0.42647 
-0.02552 0.198095 0.466392 -0.0560757 0.194505 0.445119 -0.0559932 0.196083 0.466657 
-0.0719873 0.205033 0.455236 -0.147413 0.190046 0.467449 -0.132934 0.201009 0.455764 
-0.147495 0.188469 0.445911 -0.177968 0.186457 0.446176 -0.0878989 0.215561 0.465353 
-0.118372 0.213549 0.465617 0.173271 -0.0713783 0.16056 0.187833 -0.0588383 0.170413 
0.142798 -0.0733904 0.160825 0.112325 -0.0754026 0.161089 0.0964135 -0.0648747 0.171206 
-0.00948478 -0.081874 0.183683 -0.00956737 -0.0834511 0.162146 0.00499417 -0.0709111 0.171998 
-0.0400405 -0.0854632 0.16241 -0.0705136 -0.0874754 0.162674 -0.100987 -0.0894875 0.162938 
-0.13146 -0.0914997 0.163202 -0.16185 -0.0919347 0.185004 -0.161933 -0.0935118 0.163467 
-0.192324 -0.0939468 0.185268 -0.192406 -0.0955239 0.163731 -0.222797 -0.095959 0.185533 
-0.222879 -0.0975361 0.163995 -0.238791 -0.0870082 0.174112 0.202394 -0.0462983 0.180266 
0.216956 -0.0337583 0.190118 0.080502 -0.0543468 0.181322 0.0500288 -0.056359 0.181587 
0.0196383 -0.056794 0.203389 0.0195557 -0.0583711 0.181851 -0.0108348 -0.0588061 0.203653 
-0.254702 -0.0764804 0.184229 -0.285093 -0.0769154 0.206031 -0.285176 -0.0784925 0.184493 
-0.315566 -0.0789275 0.206295 -0.315649 -0.0805046 0.184757 -0.33156 -0.0699768 0.194874 
0.2316 -0.0196411 0.221509 0.215606 -0.0106904 0.210088 -0.347472 -0.0594489 0.204991 
-0.363383 -0.048921 0.215108 0.230167 0.00184963 0.21994 0.244729 0.0143896 0.229793 
-0.379295 -0.0383932 0.225224 -0.395207 -0.0278653 0.235341 0.259373 0.0285067 0.261183 
0.243379 0.0374575 0.249763 -0.396557 -0.00479742 0.255311 0.288496 0.0535868 0.280889 
0.272502 0.0625375 0.269468 0.257941 0.0499975 0.259615 -0.381912 0.00931969 0.286701 
-0.367433 0.0202826 0.275016 -0.381995 0.00774258 0.265163 0.271152 0.0856054 0.289437 
-0.368784 0.0433505 0.294986 0.25524 0.0961333 0.299554 0.255323 0.0977104 0.321092 
0.239329 0.106661 0.309671 -0.33966 0.0684305 0.314691 -0.354222 0.0558905 0.304838 
0.253973 0.120778 0.341061 0.237979 0.129729 0.329641 -0.34101 0.0914984 0.33466 
0.252623 0.143846 0.361031 0.222067 0.140257 0.339757 0.22215 0.141834 0.361295 
0.206156 0.150785 0.349874 -0.311887 0.116578 0.354366 -0.326449 0.104038 0.344513 
0.190244 0.161313 0.359991 0.159771 0.1593 0.360255 0.129298 0.157288 0.360519 
0.12938 0.158865 0.382057 0.0988247 0.155276 0.360784 0.0989074 0.156853 0.382321 
0.0683516 0.153264 0.361048 0.0684342 0.154841 0.382585 0.05244 0.163792 0.371165 
-0.282764 0.141658 0.374071 -0.297326 0.129118 0.364218 0.0365285 0.17432 0.381282 
0.00605534 0.172308 0.381546 0.00613794 0.173885 0.403083 -0.0244178 0.170296 0.38181 
-0.0243352 0.171873 0.403348 -0.0403294 0.180823 0.391927 -0.207174 0.1598 0.404933 
-0.192695 0.170763 0.393248 -0.207257 0.158223 0.383395 -0.23773 0.156211 0.383659 
-0.268203 0.154198 0.383924 -0.0562409 0.191351 0.402044 -0.0561583 0.192928 0.423581 
-0.0721525 0.201879 0.41216 -0.147578 0.186892 0.424374 -0.133099 0.197855 0.412689 
-0.14766 0.185315 0.402836 -0.178133 0.183303 0.4031 -0.178051 0.18488 0.424638 
-0.0880641 0.212407 0.422277 -0.0879815 0.213984 0.443815 -0.118537 0.210395 0.422541 
-0.118455 0.211972 0.444079 -0.0401231 -0.0870404 0.140872 -0.0402057 -0.0886175 0.119334 
-0.0256441 -0.0760774 0.129187 -0.0705962 -0.0890525 0.141136 -0.0706788 -0.0906296 0.119599 
-0.101069 -0.0910646 0.141401 -0.101152 -0.0926417 0.119863 -0.131542 -0.0930768 0.141665 
-0.131625 -0.0946539 0.120127 -0.162016 -0.0950889 0.141929 -0.162098 -0.096666 0.120391 
-0.192489 -0.0971011 0.142193 -0.192571 -0.0986781 0.120655 -0.222962 -0.0991132 0.142457 
-0.223044 -0.10069 0.12092 -0.238956 -0.0901624 0.131036 0.171756 -0.0514646 0.137455 
0.186318 -0.0389246 0.147307 0.141283 -0.0534767 0.137719 0.11081 -0.0554889 0.137983 
0.0948983 -0.044961 0.1481 -0.0110826 -0.0635374 0.13904 0.00347894 -0.0509974 0.148892 
-0.254785 -0.0780574 0.162691 -0.254868 -0.0796346 0.141153 -0.285258 -0.0800696 0.162955 
-0.285341 -0.0816467 0.141418 -0.315731 -0.0820817 0.163219 -0.315814 -0.0836588 0.141682 
-0.331725 -0.073131 0.151799 0.200879 -0.0263846 0.15716 0.215441 -0.0138446 0.167012 
0.0789867 -0.0344332 0.158217 0.0485136 -0.0364453 0.158481 0.0180405 -0.0384574 0.158745 
-0.347554 -0.061026 0.183453 -0.347637 -0.0626031 0.161915 -0.363549 -0.0520752 0.172032 
0.214091 0.00922329 0.186982 -0.379378 -0.0399703 0.203687 -0.37946 -0.0415474 0.182149 
-0.395372 -0.0310195 0.192266 0.228652 0.0217633 0.196835 0.243214 0.0343033 0.206687 
-0.396722 -0.00795162 0.212235 0.241864 0.0573712 0.226657 -0.398072 0.0151163 0.232205 
0.256508 0.0714883 0.258047 0.240514 0.0804391 0.246626 -0.368949 0.0401963 0.25191 
-0.38351 0.0276562 0.242058 0.255158 0.0945562 0.278016 0.239164 0.103507 0.266596 
-0.354305 0.0543134 0.283301 -0.339826 0.0652763 0.271615 -0.354387 0.0527363 0.261763 
0.223252 0.114035 0.276713 0.223335 0.115612 0.29825 0.207341 0.124563 0.286829 
-0.325182 0.0793934 0.303006 -0.310703 0.0903563 0.291321 -0.325264 0.0778163 0.281468 
0.221985 0.13868 0.31822 0.205991 0.147631 0.306799 -0.326532 0.102461 0.322975 
-0.312053 0.113424 0.31129 0.190079 0.158158 0.316916 0.190162 0.159736 0.338453 
0.174167 0.168686 0.327033 -0.297408 0.127541 0.342681 -0.28293 0.138504 0.330996 
-0.297491 0.125964 0.321143 0.158256 0.179214 0.337149 0.127783 0.177202 0.337414 
0.0973095 0.17519 0.337678 0.0668364 0.173178 0.337942 0.0363633 0.171166 0.338206 
0.0364459 0.172743 0.359744 0.00589015 0.169153 0.33847 0.00597275 0.170731 0.360008 
-0.024583 0.167141 0.338735 -0.0245004 0.168718 0.360272 -0.0404945 0.177669 0.348851 
-0.237812 0.154633 0.362122 -0.223333 0.165596 0.350437 -0.237895 0.153056 0.340584 
-0.268368 0.151044 0.340848 -0.268285 0.152621 0.362386 -0.0564061 0.188197 0.358968 
-0.0563235 0.189774 0.380506 -0.0868792 0.186185 0.359232 -0.0867966 0.187762 0.38077 
-0.117352 0.184173 0.359497 -0.11727 0.18575 0.381034 -0.147826 0.182161 0.359761 
-0.147743 0.183738 0.381299 -0.178299 0.180148 0.360025 -0.178216 0.181726 0.381563 
-0.208772 0.178136 0.360289 -0.0881467 0.21083 0.40074 -0.11862 0.208818 0.401004 
-0.0111652 -0.0651146 0.117502 -0.0112478 -0.0666916 0.0959644 0.00331376 -0.0541516 0.105817 
-0.0417209 -0.0687038 0.0962286 -0.072194 -0.0707159 0.0964928 -0.102667 -0.0727281 0.096757 
-0.13314 -0.0747402 0.0970212 -0.163613 -0.0767523 0.0972854 -0.194087 -0.0787645 0.0975496 
-0.22456 -0.0807766 0.0978138 -0.25495 -0.0812117 0.119616 -0.255033 -0.0827888 0.098078 
-0.285423 -0.0832238 0.11988 -0.285506 -0.0848009 0.0983422 -0.315896 -0.085236 0.120144 
-0.315979 -0.086813 0.0986064 -0.331891 -0.0762852 0.108723 0.170324 -0.0299738 0.135886 
0.154329 -0.0210231 0.124466 0.139768 -0.0335631 0.114613 0.109295 -0.0355752 0.114877 
0.0789041 -0.0360103 0.136679 0.0788215 -0.0375874 0.115141 0.06291 -0.0270595 0.125258 
0.0179579 -0.0400345 0.137207 0.0178753 -0.0416116 0.11567 0.0324368 -0.0290716 0.125522 
-0.34772 -0.0641802 0.140378 -0.347802 -0.0657573 0.11884 -0.363714 -0.0552294 0.128957 
0.199447 -0.00489382 0.155592 0.183452 0.00405694 0.144171 0.168891 -0.00848306 0.134318 
0.0469984 -0.0165316 0.135375 -0.379543 -0.0431245 0.160611 -0.379625 -0.0447016 0.139074 
-0.395537 -0.0341737 0.149191 0.198014 0.016597 0.154023 0.212576 0.029137 0.163876 
-0.396887 -0.0111058 0.16916 0.22722 0.0432541 0.195266 0.211225 0.0522048 0.183846 
-0.398237 0.011962 0.18913 0.225787 0.0647448 0.193698 0.240349 0.0772848 0.203551 
-0.383593 0.0260791 0.22052 -0.369114 0.0370421 0.208835 -0.383675 0.024502 0.198982 
0.224437 0.0878127 0.213668 0.22452 0.0893898 0.235205 0.208525 0.0983406 0.223785 
-0.370464 0.0601099 0.228804 0.22317 0.112458 0.255175 0.207175 0.121408 0.243754 
-0.341341 0.0851899 0.24851 -0.355902 0.0726499 0.238657 0.205825 0.144476 0.263724 
-0.312218 0.11027 0.268215 -0.326779 0.0977299 0.258362 0.204475 0.167544 0.283693 
-0.297574 0.124387 0.299605 -0.283095 0.13535 0.28792 -0.297656 0.12281 0.278068 
0.188564 0.178072 0.29381 0.158091 0.17606 0.294074 0.158173 0.177637 0.315612 
0.142179 0.186588 0.304191 0.0362807 0.169588 0.316669 0.0507596 0.180551 0.304984 
0.0361981 0.168011 0.295131 0.00572497 0.165999 0.295395 0.00580756 0.167576 0.316933 
-0.0247482 0.163987 0.295659 -0.0246656 0.165564 0.317197 -0.0406597 0.174515 0.305776 
-0.237977 0.151479 0.319046 -0.223498 0.162442 0.307361 -0.23806 0.149902 0.297509 
-0.268533 0.14789 0.297773 -0.268451 0.149467 0.319311 0.126267 0.197116 0.314308 
0.0957943 0.195104 0.314572 0.0653212 0.193091 0.314836 -0.0565713 0.185043 0.315893 
-0.0564887 0.18662 0.337431 -0.0870444 0.183031 0.316157 -0.0869618 0.184608 0.337695 
-0.117518 0.181019 0.316421 -0.117435 0.182596 0.337959 -0.147991 0.179006 0.316686 
-0.147908 0.180584 0.338223 -0.178464 0.176994 0.31695 -0.178381 0.178571 0.338487 
-0.208937 0.174982 0.317214 -0.208854 0.176559 0.338752 -0.253765 -0.107434 0.0565709 
-0.253848 -0.109011 0.0350332 -0.239286 -0.0964708 0.0448859 -0.284238 -0.109446 0.0568351 
-0.284321 -0.111023 0.0352974 -0.300233 -0.100495 0.0454143 -0.0722766 -0.072293 0.0749552 
-0.0723592 -0.0738701 0.0534175 -0.0577977 -0.0613301 0.0632702 -0.10275 -0.0743052 0.0752194 
-0.102832 -0.0758823 0.0536817 -0.133223 -0.0763173 0.0754836 -0.133305 -0.0778944 0.0539459 
-0.163696 -0.0783294 0.0757478 -0.163779 -0.0799066 0.0542101 -0.194169 -0.0803416 0.076012 
-0.194252 -0.0819187 0.0544743 -0.224642 -0.0823537 0.0762762 -0.224725 -0.0839308 0.0547385 
-0.255115 -0.0843659 0.0765404 -0.285588 -0.086378 0.0768046 -0.316144 -0.0899673 0.0555311 
-0.316062 -0.0883902 0.0770688 -0.332056 -0.0794394 0.065648 0.0177927 -0.0431887 0.0941321 
0.0177101 -0.0447658 0.0725944 0.0322717 -0.0322258 0.082447 -0.012763 -0.046778 0.0728586 
-0.0432361 -0.0487901 0.0731228 -0.347885 -0.0673344 0.0973025 -0.347967 -0.0689115 0.0757648 
-0.363879 -0.0583837 0.0858816 0.138335 -0.0120723 0.113045 0.107862 -0.0140844 0.113309 
0.0773889 -0.0160966 0.113573 0.0469158 -0.0181087 0.113837 0.0468332 -0.0196858 0.0922997 
0.0613947 -0.00714582 0.102152 -0.365229 -0.0353158 0.105851 0.167376 0.0114306 0.111212 
0.181937 0.0239706 0.121065 0.136903 0.00941847 0.111477 0.106429 0.00740633 0.111741 
0.0759563 0.00539418 0.112005 -0.381141 -0.0247879 0.115968 -0.397052 -0.01426 0.126085 
0.196499 0.0365106 0.130918 0.21106 0.0490506 0.14077 -0.398402 0.00880783 0.146054 
0.20971 0.0721185 0.16074 -0.383758 0.0229249 0.177445 -0.369279 0.0338878 0.16576 
-0.383841 0.0213478 0.155907 0.224354 0.0862356 0.19213 0.20836 0.0951864 0.180709 
-0.370629 0.0569557 0.185729 0.192449 0.105714 0.190826 0.192531 0.107291 0.212364 
0.176537 0.116242 0.200943 -0.371979 0.0800236 0.205699 0.191181 0.130359 0.232333 
0.175187 0.13931 0.220912 -0.342856 0.105104 0.225404 -0.357418 0.0925636 0.215551 
0.189831 0.153427 0.252303 0.173837 0.162378 0.240882 -0.297739 0.121233 0.25653 
-0.28326 0.132196 0.244845 -0.297821 0.119656 0.234992 -0.328295 0.117644 0.235256 
0.188481 0.176495 0.272272 0.157925 0.172906 0.250999 0.158008 0.174483 0.272536 
0.142014 0.183434 0.261116 0.0361155 0.166434 0.273593 0.0505944 0.177397 0.261908 
0.0360329 0.164857 0.252056 0.00555978 0.162845 0.25232 0.00564237 0.164422 0.273857 
-0.0249133 0.160833 0.252584 -0.0248307 0.16241 0.274122 -0.0408249 0.171361 0.262701 
-0.207669 0.150337 0.275707 -0.193191 0.1613 0.264022 -0.207752 0.14876 0.254169 
-0.238225 0.146748 0.254433 -0.238143 0.148325 0.275971 -0.268698 0.144736 0.254698 
-0.268616 0.146313 0.276235 0.126102 0.193961 0.271232 0.126185 0.195539 0.29277 
0.0956291 0.191949 0.271497 0.0957117 0.193526 0.293034 0.065156 0.189937 0.271761 
0.0652386 0.191514 0.293298 -0.0567365 0.181889 0.272818 -0.0566539 0.183466 0.294355 
-0.0872096 0.179876 0.273082 -0.087127 0.181454 0.29462 -0.117683 0.177864 0.273346 
-0.1176 0.179441 0.294884 -0.148156 0.175852 0.27361 -0.148073 0.177429 0.295148 
-0.178629 0.17384 0.273874 -0.178546 0.175417 0.295412 -0.20902 0.173405 0.295676 
-0.133388 -0.0794715 0.0324083 -0.133471 -0.0810486 0.0108706 -0.118909 -0.0685086 0.0207232 
-0.163861 -0.0814837 0.0326725 -0.163944 -0.0830608 0.0111348 -0.194334 -0.0834958 0.0329367 
-0.194417 -0.0850729 0.011399 -0.224807 -0.0855079 0.0332009 -0.22489 -0.087085 0.0116632 
-0.255363 -0.0890972 0.0119274 -0.285836 -0.0911093 0.0121916 -0.316227 -0.0915444 0.0339935 
-0.316309 -0.0931215 0.0124558 -0.332221 -0.0825936 0.0225726 -0.0433187 -0.0503672 0.0515851 
-0.0434013 -0.0519443 0.0300475 -0.0288398 -0.0394043 0.0399001 -0.0738745 -0.0539565 0.0303117 
-0.104348 -0.0559686 0.0305759 -0.34805 -0.0704886 0.0542271 -0.348133 -0.0720657 0.0326895 
-0.364044 -0.0615379 0.0428063 0.0162775 -0.0232751 0.0710262 0.000283306 -0.0143243 0.0596054 
-0.0142782 -0.0268643 0.0497528 -0.365394 -0.03847 0.0627758 0.0454006 0.00180494 0.0907315 
0.0294064 0.0107557 0.0793107 0.0148448 -0.0017843 0.0694581 -0.381306 -0.0279421 0.0728927 
-0.381223 -0.026365 0.0944303 -0.397217 -0.0174142 0.0830095 0.165943 0.0329214 0.109644 
0.13547 0.0309092 0.109908 0.119476 0.03986 0.0984876 0.104914 0.02732 0.0886349 
0.0744411 0.0253079 0.0888991 0.0439679 0.0232957 0.0891633 -0.398567 0.00565363 0.102979 
0.195066 0.0580014 0.129349 0.179072 0.0669522 0.117929 0.16451 0.0544121 0.108076 
0.134037 0.0524 0.10834 -0.399917 0.0287215 0.122948 0.193716 0.0810693 0.149319 
0.177722 0.09002 0.137898 -0.370794 0.0538015 0.142654 -0.385356 0.0412615 0.132801 
0.192366 0.104137 0.169288 0.176372 0.113088 0.157868 -0.372144 0.0768694 0.162623 
0.175022 0.136156 0.177837 -0.3575 0.0909865 0.194014 -0.343021 0.101949 0.182329 
-0.357583 0.0894094 0.172476 0.173672 0.159224 0.197807 -0.328377 0.116067 0.213719 
-0.313898 0.127029 0.202034 -0.32846 0.114489 0.192181 0.172322 0.182292 0.217776 
0.0359503 0.16328 0.230518 0.0504293 0.174243 0.218833 0.0358677 0.161703 0.20898 
0.00539459 0.159691 0.209244 0.00547718 0.161268 0.230782 -0.0250785 0.157679 0.209509 
-0.0249959 0.159256 0.231046 -0.0555517 0.155667 0.209773 -0.0554691 0.157244 0.23131 
-0.0714632 0.166194 0.21989 -0.177362 0.149195 0.232367 -0.162883 0.160158 0.220682 
-0.177444 0.147618 0.21083 -0.207917 0.145606 0.211094 -0.207835 0.147183 0.232631 
-0.23839 0.143594 0.211358 -0.238308 0.145171 0.232896 -0.268864 0.141582 0.211622 
-0.268781 0.143159 0.23316 -0.299337 0.139569 0.211886 0.15641 0.192819 0.227893 
0.125937 0.190807 0.228157 0.12602 0.192384 0.249695 0.0954639 0.188795 0.228421 
0.0955465 0.190372 0.249959 0.0649908 0.186783 0.228686 0.0650734 0.18836 0.250223 
-0.0568191 0.180312 0.25128 -0.0873748 0.176722 0.230007 -0.0872922 0.178299 0.251544 
-0.117848 0.17471 0.230271 -0.117765 0.176287 0.251808 -0.148321 0.172698 0.230535 
-0.148238 0.174275 0.252073 -0.178712 0.172263 0.252337 -0.164026 -0.0846379 -0.0104029 
-0.164109 -0.086215 -0.0319405 -0.149547 -0.073675 -0.0220879 -0.194499 -0.08665 -0.0101387 
-0.194582 -0.0882271 -0.0316763 -0.224973 -0.0886621 -0.00987446 -0.225055 -0.0902392 -0.0314121 
-0.255446 -0.0906743 -0.00961026 -0.255528 -0.0922514 -0.0311479 -0.285919 -0.0926864 -0.00934605 
-0.286001 -0.0942635 -0.0308837 -0.301913 -0.0837357 -0.0207669 -0.10443 -0.0575457 0.00903823 
-0.104513 -0.0591228 -0.0124994 -0.0899512 -0.0465828 -0.00264679 -0.134986 -0.061135 -0.0122352 
-0.317825 -0.0732078 -0.01065 -0.333736 -0.0626799 -0.000533191 -0.0449165 -0.0320307 0.00694165 
-0.030355 -0.0194906 0.0167943 -0.0753897 -0.0340428 0.00720585 -0.349648 -0.0521521 0.00958365 
-0.365559 -0.0416242 0.0197005 -0.0157935 -0.00695064 0.0266469 -0.00123192 0.00558937 0.0364996 
-0.381471 -0.0310963 0.0298173 -0.381388 -0.0295192 0.051355 -0.397383 -0.0205685 0.0399342 
0.0133296 0.0181294 0.0463522 0.0278912 0.0306694 0.0562049 -0.398733 0.00249942 0.0599037 
0.103482 0.0488108 0.0870668 0.0730084 0.0467986 0.087331 0.0570142 0.0557494 0.0759101 
0.0424527 0.0432094 0.0660575 -0.400083 0.0255673 0.0798731 0.163078 0.0759029 0.106508 
0.132605 0.0738908 0.106772 0.11661 0.0828415 0.0953512 0.102049 0.0703015 0.0854986 
0.0715758 0.0682894 0.0857628 -0.385439 0.0396844 0.111263 -0.37096 0.0506473 0.0995784 
-0.385521 0.0381073 0.0897258 0.161728 0.0989708 0.126477 0.145734 0.107922 0.115057 
0.131172 0.0953816 0.105204 -0.37231 0.0737152 0.119548 0.160378 0.122039 0.146447 
0.144384 0.130989 0.135026 -0.357665 0.0878323 0.150938 -0.343186 0.0987952 0.139253 
-0.357748 0.0862552 0.129401 0.159028 0.145107 0.166416 0.143033 0.154057 0.154995 
-0.328542 0.112912 0.170643 -0.314063 0.123875 0.158958 -0.328625 0.111335 0.149106 
0.157678 0.168174 0.186386 0.141683 0.177125 0.174965 0.0357851 0.160126 0.187443 
0.0502641 0.171089 0.175758 0.0357025 0.158549 0.165905 0.0052294 0.156537 0.166169 
0.005312 0.158114 0.187707 -0.0252437 0.154524 0.166433 -0.0251611 0.156102 0.187971 
-0.0557168 0.152512 0.166698 -0.0556342 0.154089 0.188235 -0.08619 0.1505 0.166962 
-0.0861074 0.152077 0.188499 -0.116663 0.148488 0.167226 -0.11658 0.150065 0.188764 
-0.147136 0.146476 0.16749 -0.147054 0.148053 0.189028 -0.177609 0.144464 0.167754 
-0.177527 0.146041 0.189292 -0.208082 0.142452 0.168019 -0.208 0.144029 0.189556 
-0.238556 0.140439 0.168283 -0.238473 0.142017 0.18982 -0.269029 0.138427 0.168547 
-0.268946 0.140004 0.190085 -0.299502 0.136415 0.168811 -0.299419 0.137992 0.190349 
0.156328 0.191242 0.206355 0.125772 0.187653 0.185082 0.125854 0.18923 0.206619 
0.0952987 0.185641 0.185346 0.0953813 0.187218 0.206884 0.0648256 0.183629 0.18561 
0.0649082 0.185206 0.207148 -0.0874574 0.175145 0.208469 -0.117931 0.173133 0.208733 
-0.148404 0.171121 0.208997 -0.194665 -0.0898042 -0.053214 -0.194747 -0.0913813 -0.0747516 
-0.180186 -0.0788413 -0.064899 -0.225138 -0.0918163 -0.0529498 -0.22522 -0.0933934 -0.0744874 
-0.255611 -0.0938285 -0.0526856 -0.255694 -0.0954056 -0.0742232 -0.286084 -0.0958407 -0.0524214 
-0.286167 -0.0974177 -0.073959 -0.302078 -0.0868899 -0.0638422 -0.135068 -0.0627121 -0.0337729 
-0.135151 -0.0642891 -0.0553105 -0.12059 -0.0517492 -0.0454579 -0.165624 -0.0663013 -0.0550464 
-0.317907 -0.0747849 -0.0321877 -0.31799 -0.076362 -0.0537253 -0.333901 -0.0658341 -0.0436085 
-0.0754723 -0.0356199 -0.0143318 -0.0755549 -0.037197 -0.0358695 -0.0609933 -0.024657 -0.0260168 
-0.106028 -0.0392091 -0.0356053 -0.34973 -0.0537292 -0.011954 -0.349813 -0.0553063 -0.0334917 
-0.365725 -0.0447784 -0.0233748 -0.0158761 -0.00852775 0.00510928 -0.0159587 -0.0101048 -0.0164284 
-0.00139711 0.00243516 -0.00657574 -0.0464318 -0.012117 -0.0161642 -0.381554 -0.0326734 0.00827968 
-0.381636 -0.0342505 -0.013258 -0.397548 -0.0237227 -0.00314114 0.0437201 0.0185644 0.0245504 
0.0436376 0.0169873 0.0030127 0.0581991 0.0295273 0.0128653 0.013247 0.0165523 0.0248146 
0.0131644 0.0149752 0.0032769 -0.398898 -0.000654781 0.0168283 0.0423701 0.0416323 0.0445198 
0.0568491 0.0525952 0.0328348 -0.400248 0.0224131 0.0367978 0.0714932 0.0667123 0.0642251 
0.0714106 0.0651352 0.0426875 0.0859722 0.0776752 0.0525401 -0.401598 0.045481 0.0567673 
0.100534 0.0902152 0.0623928 0.115095 0.102755 0.0722454 -0.372475 0.070561 0.0764726 
-0.387036 0.058021 0.0666199 0.129657 0.115295 0.082098 0.144218 0.127835 0.0919507 
-0.357831 0.0846781 0.107863 -0.343352 0.095641 0.0961779 -0.357913 0.083101 0.0863252 
0.142868 0.150903 0.11192 0.03697 0.133904 0.124398 0.0514489 0.144867 0.112713 
0.0368874 0.132327 0.10286 0.00641425 0.130315 0.103124 0.00649684 0.131892 0.124662 
-0.0240589 0.128302 0.103389 -0.0239763 0.12988 0.124926 -0.054532 0.12629 0.103653 
-0.0544494 0.127867 0.12519 -0.0850051 0.124278 0.103917 -0.0849225 0.125855 0.125455 
-0.115478 0.122266 0.104181 -0.115396 0.123843 0.125719 -0.145951 0.120254 0.104445 
-0.145869 0.121831 0.125983 -0.176424 0.118242 0.10471 -0.176342 0.119819 0.126247 
-0.206898 0.11623 0.104974 -0.206815 0.117807 0.126511 -0.222809 0.126757 0.115091 
-0.328708 0.109758 0.127568 -0.314229 0.120721 0.115883 -0.32879 0.108181 0.106031 
0.126957 0.161431 0.122037 0.127039 0.163008 0.143575 0.111045 0.171959 0.132154 
0.0660931 0.158984 0.144103 0.080572 0.169947 0.132418 0.0660105 0.157407 0.122565 
0.0356199 0.156972 0.144367 0.00514681 0.15496 0.144631 -0.0253263 0.152947 0.144896 
-0.0557994 0.150935 0.14516 -0.0862726 0.148923 0.145424 -0.116746 0.146911 0.145688 
-0.147219 0.144899 0.145952 -0.177692 0.142887 0.146217 -0.208165 0.140875 0.146481 
-0.238721 0.137285 0.125207 -0.238638 0.138862 0.146745 -0.269194 0.135273 0.125472 
-0.269111 0.13685 0.147009 -0.299667 0.133261 0.125736 -0.299584 0.134838 0.147273 
0.125689 0.186076 0.163544 0.0951335 0.182487 0.142271 0.0952161 0.184064 0.163808 
0.064743 0.182052 0.164073 -0.19483 -0.0929584 -0.0962893 -0.194912 -0.0945355 -0.117827 
-0.180351 -0.0819955 -0.107974 -0.225303 -0.0949705 -0.0960251 -0.225386 -0.0965477 -0.117563 
-0.255776 -0.0969827 -0.0957609 -0.255859 -0.0985598 -0.117299 -0.27177 -0.0880319 -0.107182 
-0.165707 -0.0678784 -0.076584 -0.165789 -0.0694555 -0.0981217 -0.151228 -0.0569155 -0.088269 
-0.287682 -0.0775041 -0.0970649 -0.303593 -0.0669762 -0.086948 -0.136666 -0.0443755 -0.0784164 
-0.122105 -0.0318355 -0.0685638 -0.319505 -0.0564483 -0.0768312 -0.349896 -0.0568834 -0.0550293 
-0.349978 -0.0584605 -0.076567 -0.36589 -0.0479326 -0.0664501 -0.0465144 -0.0136941 -0.0377018 
-0.046597 -0.0152712 -0.0592395 -0.0320354 -0.00273119 -0.0493869 -0.0770701 -0.0172833 -0.0589753 
-0.107543 -0.0192955 -0.0587111 -0.36724 -0.0248647 -0.0464807 -0.0174739 0.00980882 -0.0395342 
-0.00291233 0.0223488 -0.0296816 -0.383151 -0.0143369 -0.0363638 -0.399063 -0.00380899 -0.026247 
0.0421223 0.036901 -0.0200931 0.0566839 0.049441 -0.0102405 0.0116492 0.0348888 -0.0198289 
-0.400413 0.0192589 -0.00627749 0.071328 0.0635581 0.0211498 0.0712454 0.061981 -0.000387851 
0.085807 0.074521 0.00946479 -0.401763 0.0423268 0.013692 0.100451 0.0886381 0.0408551 
0.100369 0.087061 0.0193174 0.11493 0.099601 0.0291701 -0.403113 0.0653946 0.0336615 
0.129574 0.113718 0.0605604 0.129492 0.112141 0.0390227 0.144053 0.124681 0.0488754 
-0.37399 0.0904747 0.0533668 -0.388552 0.0779346 0.0435141 0.128224 0.136786 0.0805299 
0.128142 0.135209 0.0589922 0.11223 0.145737 0.069109 0.0672779 0.132762 0.0810583 
0.0817568 0.143725 0.0693732 0.0671953 0.131185 0.0595206 0.0367222 0.129172 0.0597848 
0.0368048 0.13075 0.0813225 0.00624906 0.12716 0.060049 0.00633166 0.128737 0.0815867 
-0.0242241 0.125148 0.0603132 -0.0241415 0.126725 0.0818509 -0.0546972 0.123136 0.0605774 
-0.0546146 0.124713 0.0821151 -0.0851703 0.121124 0.0608416 -0.0850877 0.122701 0.0823793 
-0.115643 0.119112 0.0611058 -0.115561 0.120689 0.0826435 -0.146117 0.1171 0.06137 
-0.146034 0.118677 0.0829077 -0.17659 0.115087 0.0616342 -0.176507 0.116665 0.0831719 
-0.207063 0.113075 0.0618984 -0.20698 0.114652 0.0834361 -0.222974 0.123603 0.0720152 
-0.344867 0.115555 0.073072 -0.359428 0.103015 0.0632194 0.126874 0.159854 0.100499 
0.0963184 0.156265 0.0792259 0.096401 0.157842 0.100764 0.0659279 0.15583 0.101028 
-0.238886 0.134131 0.0821321 -0.238803 0.135708 0.10367 -0.269359 0.132119 0.0823963 
-0.269276 0.133696 0.103934 -0.299832 0.130107 0.0826605 -0.29975 0.131684 0.104198 
-0.330305 0.128095 0.0829247 0.095051 0.18091 0.120733 -0.165872 -0.0710326 -0.119659 
-0.165955 -0.0726097 -0.141197 -0.151393 -0.0600697 -0.131344 -0.196428 -0.0746218 -0.140933 
-0.226901 -0.076634 -0.140669 -0.257374 -0.0786461 -0.140404 -0.287764 -0.0790812 -0.118603 
-0.287847 -0.0806583 -0.14014 -0.303759 -0.0701304 -0.130023 -0.136749 -0.0459526 -0.099954 
-0.136831 -0.0475297 -0.121492 -0.12227 -0.0349897 -0.111639 -0.319588 -0.0580254 -0.0983689 
-0.31967 -0.0596025 -0.119906 -0.335582 -0.0490747 -0.10979 -0.0771527 -0.0188604 -0.080513 
-0.0772353 -0.0204375 -0.102051 -0.0626737 -0.00789754 -0.092198 -0.107626 -0.0208726 -0.0802488 
-0.107708 -0.0224497 -0.101786 -0.351493 -0.0385468 -0.0996728 -0.367405 -0.0280189 -0.089556 
-0.0175565 0.00823171 -0.0610719 -0.0176391 0.00665461 -0.0826095 -0.00307752 0.0191946 -0.0727569 
-0.0481122 0.00464247 -0.0823453 -0.383317 -0.0174911 -0.0794391 -0.383234 -0.015914 -0.0579015 
-0.399228 -0.00696319 -0.0693223 0.0725129 0.037336 -0.041895 0.0724303 0.0357589 -0.0634326 
0.0869918 0.0482989 -0.05358 0.0420397 0.0353239 -0.0416308 0.0419571 0.0337468 -0.0631685 
0.0115666 0.0333117 -0.0413666 0.011484 0.0317346 -0.0629042 -0.400578 0.0161047 -0.0493528 
0.0711628 0.0604039 -0.0219255 0.0856418 0.0713668 -0.0336105 -0.401928 0.0391726 -0.0293833 
0.130759 0.087496 -0.00248442 0.130676 0.0859189 -0.0240221 0.145238 0.0984589 -0.0141694 
0.100286 0.0854839 -0.00222023 0.100203 0.0839068 -0.0237579 -0.403278 0.0622404 -0.00941384 
0.129409 0.110564 0.0174851 0.143888 0.121527 0.00580004 -0.388634 0.0763575 0.0219765 
-0.374155 0.0873204 0.0102914 -0.388717 0.0747804 0.0004388 0.128059 0.133632 0.0374545 
0.127976 0.132055 0.0159169 0.112065 0.142583 0.0260337 0.0671127 0.129608 0.0379829 
0.0815917 0.14057 0.0262979 0.0670301 0.12803 0.0164453 0.036557 0.126018 0.0167095 
0.0366396 0.127595 0.0382471 0.00608387 0.124006 0.0169737 0.00616647 0.125583 0.0385113 
-0.0243893 0.121994 0.0172379 -0.0243067 0.123571 0.0387755 -0.0548624 0.119982 0.0175021 
-0.0547798 0.121559 0.0390397 -0.0853355 0.11797 0.0177663 -0.0852529 0.119547 0.0393039 
-0.115809 0.115958 0.0180305 -0.115726 0.117535 0.0395681 -0.146282 0.113945 0.0182947 
-0.146199 0.115523 0.0398323 -0.162193 0.124473 0.0284115 -0.375505 0.110388 0.0302609 
0.0961532 0.15311 0.0361506 0.0962358 0.154688 0.0576882 -0.178105 0.135001 0.0385284 
-0.208578 0.132989 0.0387926 -0.239051 0.130977 0.0390568 -0.238969 0.132554 0.0605944 
-0.269524 0.128965 0.039321 -0.269442 0.130542 0.0608586 -0.299997 0.126953 0.0395852 
-0.299915 0.12853 0.0611228 -0.330471 0.12494 0.0398494 -0.330388 0.126518 0.061387 
-0.360944 0.122928 0.0401136 -0.166037 -0.0741868 -0.162735 -0.16612 -0.0757639 -0.184272 
-0.151558 -0.0632239 -0.17442 -0.19651 -0.076199 -0.16247 -0.196593 -0.0777761 -0.184008 
-0.226983 -0.0782111 -0.162206 -0.227066 -0.0797882 -0.183744 -0.242978 -0.0692603 -0.173627 
-0.136914 -0.0491068 -0.143029 -0.136997 -0.0506839 -0.164567 -0.122435 -0.0381439 -0.154714 
-0.258889 -0.0587325 -0.16351 -0.289362 -0.0607446 -0.163246 -0.305274 -0.0502167 -0.153129 
-0.0773179 -0.0220146 -0.123588 -0.0774005 -0.0235918 -0.145126 -0.0628389 -0.0110517 -0.135273 
-0.107791 -0.0240268 -0.123324 -0.107874 -0.0256039 -0.144862 -0.321185 -0.0396889 -0.143012 
-0.337097 -0.029161 -0.132895 -0.0177217 0.00507751 -0.104147 -0.0178043 0.00350041 -0.125685 
-0.00324271 0.0160404 -0.115832 -0.0481948 0.00306537 -0.103883 -0.0482774 0.00148827 -0.125421 
-0.353009 -0.0186331 -0.122779 -0.383399 -0.0190682 -0.100977 -0.383482 -0.0206453 -0.122514 
-0.399393 -0.0101174 -0.112398 0.0723477 0.0341818 -0.0849703 0.0722651 0.0326047 -0.106508 
0.0868266 0.0451447 -0.0966553 0.0418745 0.0321697 -0.0847061 0.041792 0.0305926 -0.106244 
0.0114014 0.0301575 -0.0844419 0.0113188 0.0285804 -0.10598 -0.400743 0.0129505 -0.0924281 
0.101471 0.0592618 -0.065265 0.101388 0.0576847 -0.0868027 0.11595 0.0702247 -0.07695 
-0.386099 0.0270676 -0.0610378 -0.37162 0.0380305 -0.0727228 -0.386182 0.0254905 -0.0825755 
0.130594 0.0843418 -0.0455597 0.130511 0.0827647 -0.0670974 0.145073 0.0953047 -0.0572448 
0.100121 0.0823297 -0.0452955 -0.387532 0.0485584 -0.062606 -0.403443 0.0590862 -0.0524892 
0.143723 0.118373 -0.0372753 -0.388799 0.0732033 -0.0210989 -0.37432 0.0841662 -0.0327839 
-0.388882 0.0716262 -0.0426365 0.127811 0.1289 -0.0271584 0.127894 0.130478 -0.00562077 
0.0973381 0.126888 -0.0268942 0.0974207 0.128465 -0.00535657 0.0668649 0.124876 -0.02663 
0.0669475 0.126453 -0.00509237 0.0363918 0.122864 -0.0263658 0.0364744 0.124441 -0.00482817 
0.00591869 0.120852 -0.0261016 0.00600128 0.122429 -0.00456397 -0.0245544 0.11884 -0.0258374 
-0.0244718 0.120417 -0.00429977 -0.0550276 0.116828 -0.0255732 -0.054945 0.118405 -0.00403557 
-0.0855007 0.114815 -0.025309 -0.0854181 0.116393 -0.00377137 -0.115974 0.112803 -0.0250448 
-0.115891 0.11438 -0.00350717 -0.146447 0.110791 -0.0247806 -0.146364 0.112368 -0.00324297 
-0.162359 0.121319 -0.0146638 -0.37567 0.107234 -0.0128144 0.0960706 0.151533 0.0146129 
-0.17827 0.131847 -0.00454695 -0.178188 0.133424 0.0169907 -0.208743 0.129835 -0.00428275 
-0.208661 0.131412 0.0172549 -0.224655 0.140363 0.00583409 -0.361026 0.121351 0.0185759 
-0.346547 0.132314 0.00689089 -0.361109 0.119774 -0.00296175 -0.240566 0.150891 0.0159509 
-0.271039 0.148878 0.0162151 -0.301513 0.146866 0.0164793 -0.331986 0.144854 0.0167435 
-0.166202 -0.077341 -0.20581 -0.166285 -0.0789181 -0.227348 -0.151723 -0.0663781 -0.217495 
-0.196675 -0.0793532 -0.205546 -0.196758 -0.0809303 -0.227083 -0.21267 -0.0704024 -0.216967 
-0.106606 -0.0502489 -0.186369 -0.106689 -0.051826 -0.207907 -0.0921272 -0.039286 -0.198054 
-0.137079 -0.052261 -0.186105 -0.137162 -0.0538381 -0.207642 -0.228581 -0.0598745 -0.20685 
-0.258972 -0.0603096 -0.185048 -0.259054 -0.0618867 -0.206586 -0.274966 -0.0513588 -0.196469 
-0.0774831 -0.0251688 -0.166664 -0.0775656 -0.0267459 -0.188201 -0.0630041 -0.0142059 -0.178349 
-0.107956 -0.027181 -0.166399 -0.290878 -0.0408309 -0.186352 -0.321268 -0.041266 -0.16455 
-0.321351 -0.0428431 -0.186088 -0.337262 -0.0323152 -0.175971 -0.04836 -8.88374e-05 -0.146958 
-0.0484426 -0.00166595 -0.168496 -0.033881 0.0108741 -0.158643 -0.353091 -0.0202102 -0.144316 
-0.353174 -0.0217873 -0.165854 -0.369085 -0.0112595 -0.155737 0.0417094 0.0290155 -0.127781 
0.0416268 0.0274384 -0.149319 0.0561883 0.0399784 -0.139466 0.0112362 0.0270033 -0.127517 
0.0111536 0.0254262 -0.149055 -0.0193195 0.0234141 -0.148791 -0.370435 0.0118084 -0.135768 
-0.384914 0.0008455 -0.124083 0.131779 0.0581198 -0.108605 0.131696 0.0565426 -0.130142 
0.146258 0.0690827 -0.12029 0.101306 0.0561076 -0.10834 0.101223 0.0545305 -0.129878 
0.0707498 0.0525184 -0.129614 -0.386264 0.0239134 -0.104113 -0.371785 0.0348763 -0.115798 
0.130429 0.0811876 -0.0886351 0.144908 0.0921505 -0.10032 -0.373135 0.0579442 -0.0958287 
0.159552 0.106268 -0.0689298 0.159469 0.104691 -0.0904674 0.174031 0.117231 -0.0806148 
-0.389047 0.068472 -0.0857118 -0.404959 0.0789999 -0.075595 0.158119 0.127758 -0.0704979 
0.127646 0.125746 -0.0702337 0.127729 0.127323 -0.0486961 0.0971729 0.123734 -0.0699695 
0.0972555 0.125311 -0.0484319 0.0666997 0.121722 -0.0697054 0.0667823 0.123299 -0.0481677 
0.0362266 0.11971 -0.0694411 0.0363092 0.121287 -0.0479035 0.0057535 0.117698 -0.0691769 
0.00583609 0.119275 -0.0476393 -0.0247196 0.115686 -0.0689128 -0.024637 0.117263 -0.0473751 
-0.0551927 0.113673 -0.0686486 -0.0551102 0.115251 -0.0471109 -0.0856659 0.111661 -0.0683843 
-0.0855833 0.113238 -0.0468467 -0.116139 0.109649 -0.0681201 -0.116056 0.111226 -0.0465825 
-0.132051 0.120177 -0.0580033 -0.359841 0.0951291 -0.0444689 -0.345362 0.106092 -0.0561539 
-0.359924 0.093552 -0.0660065 -0.390397 0.0915399 -0.0657423 -0.147962 0.130705 -0.0478865 
-0.178435 0.128693 -0.0476223 -0.178353 0.13027 -0.0260846 -0.208908 0.126681 -0.0473581 
-0.208826 0.128258 -0.0258204 -0.22482 0.137208 -0.0372412 -0.330718 0.120209 -0.0247636 
-0.316239 0.131172 -0.0364486 -0.330801 0.118632 -0.0463013 -0.361191 0.118197 -0.0244994 
-0.240732 0.147736 -0.0271244 -0.240649 0.149313 -0.00558672 -0.271205 0.145724 -0.0268602 
-0.271122 0.147301 -0.00532253 -0.301678 0.143712 -0.026596 -0.301595 0.145289 -0.00505832 
-0.332068 0.143277 -0.00479412 -0.137244 -0.0554152 -0.22918 -0.137327 -0.0569923 -0.250718 
-0.122766 -0.0444523 -0.240865 -0.1678 -0.0590044 -0.250453 -0.198273 -0.0610166 -0.250189 
-0.228664 -0.0614516 -0.228387 -0.228746 -0.0630287 -0.249925 -0.244658 -0.0525009 -0.239808 
-0.0776482 -0.028323 -0.209739 -0.0777308 -0.0299002 -0.231277 -0.0631693 -0.0173601 -0.221424 
-0.108204 -0.0319123 -0.231012 -0.26057 -0.041973 -0.229691 -0.29096 -0.042408 -0.20789 
-0.291043 -0.0439851 -0.229427 -0.306954 -0.0334573 -0.21931 -0.0485252 -0.00324303 -0.190034 
-0.0486077 -0.00482014 -0.211571 -0.0340462 0.00771987 -0.201719 -0.322866 -0.0229294 -0.209193 
-0.338777 -0.0124015 -0.199077 0.0415442 0.0258613 -0.170857 0.0414616 0.0242841 -0.192394 
0.0560231 0.0368242 -0.182542 0.0110711 0.0238491 -0.170593 0.0109885 0.022272 -0.19213 
-0.0194021 0.021837 -0.170328 -0.0194847 0.0202599 -0.191866 -0.354606 -0.000296566 -0.167422 
-0.340127 0.0106663 -0.179107 0.162087 0.0569777 -0.151944 0.162004 0.0554006 -0.173482 
0.176566 0.0679406 -0.163629 0.131614 0.0549655 -0.15168 0.131531 0.0533884 -0.173218 
0.10114 0.0529534 -0.151416 0.101058 0.0513763 -0.172953 0.0706673 0.0509413 -0.151151 
0.0705847 0.0493642 -0.172689 -0.356039 0.0211942 -0.16899 -0.371951 0.0317221 -0.158873 
0.160737 0.0800456 -0.131975 0.175216 0.0910085 -0.14366 -0.373301 0.05479 -0.138904 
0.18986 0.105126 -0.112269 0.189777 0.103548 -0.133807 0.204339 0.116088 -0.123954 
0.159387 0.103113 -0.112005 -0.389212 0.0653178 -0.128787 -0.38913 0.0668949 -0.107249 
-0.405124 0.0758457 -0.11867 0.218983 0.130206 -0.092564 0.2189 0.128628 -0.114102 
0.233462 0.141169 -0.104249 0.18851 0.128193 -0.0922998 0.127481 0.122592 -0.113309 
0.127563 0.124169 -0.0917714 0.142042 0.135132 -0.103456 0.0970077 0.12058 -0.113045 
0.0970903 0.122157 -0.0915072 0.0665346 0.118568 -0.112781 0.0666172 0.120145 -0.091243 
0.0360614 0.116556 -0.112516 0.036144 0.118133 -0.0909788 0.00558831 0.114543 -0.112252 
0.0056709 0.116121 -0.0907146 -0.0248848 0.112531 -0.111988 -0.0248022 0.114108 -0.0904504 
-0.0553579 0.110519 -0.111724 -0.0552753 0.112096 -0.0901862 -0.0858311 0.108507 -0.11146 
-0.0857485 0.110084 -0.089922 -0.101743 0.119035 -0.101343 -0.360007 0.0919749 -0.0875442 
-0.345528 0.102938 -0.0992292 -0.360089 0.0903978 -0.109082 -0.390562 0.0883857 -0.108818 
-0.39048 0.0899628 -0.08728 0.21755 0.151696 -0.0941322 0.187077 0.149684 -0.093868 
0.156604 0.147672 -0.0936038 -0.117654 0.129563 -0.091226 -0.148127 0.127551 -0.0909618 
-0.148045 0.129128 -0.0694241 -0.1786 0.125539 -0.0906976 -0.178518 0.127116 -0.0691599 
-0.209074 0.123526 -0.0904334 -0.208991 0.125104 -0.0688957 -0.224985 0.134054 -0.0803165 
-0.330883 0.117055 -0.0678389 -0.316405 0.128018 -0.0795239 -0.330966 0.115478 -0.0893766 
-0.240897 0.144582 -0.0701997 -0.240814 0.146159 -0.048662 -0.27137 0.14257 -0.0699355 
-0.271287 0.144147 -0.0483978 -0.301843 0.140558 -0.0696713 -0.30176 0.142135 -0.0481336 
-0.13741 -0.0585694 -0.272255 -0.137492 -0.0601465 -0.293793 -0.122931 -0.0476065 -0.28394 
-0.167883 -0.0605816 -0.271991 -0.167965 -0.0621587 -0.293529 -0.198356 -0.0625937 -0.271727 
-0.198439 -0.0641708 -0.293265 -0.21435 -0.0536429 -0.283148 -0.108287 -0.0334894 -0.25255 
-0.108369 -0.0350665 -0.274088 -0.0938076 -0.0225265 -0.264235 -0.230262 -0.0431151 -0.273031 
-0.260652 -0.0435501 -0.251229 -0.260735 -0.0451272 -0.272767 -0.276646 -0.0345993 -0.26265 
-0.0182172 -0.00438511 -0.233373 -0.0182998 -0.00596221 -0.254911 -0.00373827 0.00657779 -0.245058 
-0.0486903 -0.00639725 -0.233109 -0.0487729 -0.00797435 -0.254647 -0.0792461 -0.00998649 -0.254382 
-0.292558 -0.0240715 -0.252533 -0.308469 -0.0135436 -0.242416 0.041379 0.022707 -0.213932 
0.0412964 0.0211299 -0.23547 0.0558579 0.0336699 -0.225617 0.0109059 0.0206949 -0.213668 
0.0108233 0.0191178 -0.235206 -0.0195673 0.0186828 -0.213404 -0.324381 -0.00301573 -0.232299 
-0.340293 0.00751214 -0.222182 0.131448 0.0518113 -0.194755 0.131366 0.0502342 -0.216293 
0.145927 0.0627742 -0.20644 0.100975 0.0497992 -0.194491 0.100893 0.0482221 -0.216029 
0.0705021 0.047787 -0.194227 0.0704195 0.0462099 -0.215764 -0.341643 0.03058 -0.202213 
0.191045 0.0789035 -0.175314 0.190962 0.0773264 -0.196852 0.205523 0.0898664 -0.186999 
0.160489 0.0753142 -0.196588 -0.357554 0.0411079 -0.192096 -0.373466 0.0516357 -0.181979 
0.189694 0.101971 -0.155345 0.204173 0.112934 -0.16703 -0.389377 0.0621636 -0.171862 
-0.389295 0.0637407 -0.150325 -0.405289 0.0726915 -0.161746 0.249291 0.129064 -0.135904 
0.249208 0.127486 -0.157441 0.26377 0.140026 -0.147589 0.218818 0.127051 -0.135639 
0.218735 0.125474 -0.157177 0.127398 0.121015 -0.134847 0.141877 0.131978 -0.146532 
0.127316 0.119438 -0.156384 0.0968425 0.117426 -0.15612 0.0969251 0.119003 -0.134583 
0.0663694 0.115414 -0.155856 0.066452 0.116991 -0.134318 0.0358962 0.113401 -0.155592 
0.0359788 0.114979 -0.134054 0.00542312 0.111389 -0.155328 0.00550571 0.112966 -0.13379 
-0.02505 0.109377 -0.155063 -0.0249674 0.110954 -0.133526 -0.0555231 0.107365 -0.154799 
-0.0554405 0.108942 -0.133262 -0.0859963 0.105353 -0.154535 -0.0859137 0.10693 -0.132997 
-0.101908 0.115881 -0.144418 -0.390645 0.0868086 -0.130355 -0.376166 0.0977715 -0.14204 
-0.390728 0.0852315 -0.151893 0.247858 0.150554 -0.137472 0.217385 0.148542 -0.137207 
0.217468 0.150119 -0.11567 0.186994 0.148107 -0.115406 0.186912 0.14653 -0.136943 
0.156439 0.144518 -0.136679 0.156521 0.146095 -0.115141 -0.117819 0.126409 -0.134301 
-0.117737 0.127986 -0.112764 -0.148293 0.124396 -0.134037 -0.14821 0.125974 -0.112499 
-0.178766 0.122384 -0.133773 -0.178683 0.123961 -0.112235 -0.209239 0.120372 -0.133509 
-0.209156 0.121949 -0.111971 -0.22515 0.1309 -0.123392 -0.331049 0.113901 -0.110914 
-0.31657 0.124864 -0.122599 -0.331131 0.112324 -0.132452 -0.361604 0.110312 -0.132188 
-0.241062 0.141428 -0.113275 -0.240979 0.143005 -0.0917373 -0.271535 0.139416 -0.113011 
-0.271452 0.140993 -0.0914732 -0.302008 0.137404 -0.112747 -0.301926 0.138981 -0.0912089 
-0.137575 -0.0617236 -0.315331 -0.137657 -0.0633007 -0.336868 -0.123096 -0.0507607 -0.327016 
-0.168048 -0.0637358 -0.315066 -0.168131 -0.0653129 -0.336604 -0.184042 -0.054785 -0.326487 
-0.108452 -0.0366436 -0.295625 -0.108534 -0.0382207 -0.317163 -0.0939728 -0.0256807 -0.30731 
-0.199954 -0.0442571 -0.31637 -0.230344 -0.0446922 -0.294569 -0.230427 -0.0462693 -0.316106 
-0.246338 -0.0357414 -0.305989 -0.0183824 -0.00753932 -0.276448 -0.018465 -0.00911642 -0.297986 
-0.00390346 0.00342359 -0.288133 -0.0488555 -0.00955146 -0.276184 -0.0489381 -0.0111286 -0.297722 
-0.0793286 -0.0115636 -0.27592 -0.0794113 -0.0131407 -0.297458 -0.26225 -0.0252135 -0.295873 
-0.278162 -0.0146857 -0.285756 0.0412138 0.0195528 -0.257007 0.0411312 0.0179757 -0.278545 
0.0556927 0.0305157 -0.268692 0.0107407 0.0175407 -0.256743 0.0106581 0.0159636 -0.278281 
-0.294073 -0.0041578 -0.275639 -0.309985 0.00637007 -0.265522 0.131283 0.0486571 -0.237831 
0.131201 0.04708 -0.259368 0.145762 0.05962 -0.249516 0.10081 0.046645 -0.237566 
0.100727 0.0450679 -0.259104 0.0703369 0.0446329 -0.237302 0.0702543 0.0430558 -0.25884 
-0.325896 0.0168979 -0.255405 -0.341808 0.0274258 -0.245288 0.190879 0.0757493 -0.218389 
0.190797 0.0741722 -0.239927 0.205358 0.0867122 -0.230074 0.160406 0.0737371 -0.218125 
0.160324 0.07216 -0.239663 -0.343158 0.0504937 -0.225319 0.220002 0.100829 -0.198684 
0.21992 0.0992522 -0.220222 0.234481 0.111792 -0.210369 -0.35907 0.0610215 -0.215202 
-0.374981 0.0715494 -0.205085 0.279599 0.127921 -0.179243 0.279516 0.126344 -0.200781 
0.294078 0.138884 -0.190928 0.249126 0.125909 -0.178979 0.249043 0.124332 -0.200517 
0.218652 0.123897 -0.178715 0.127233 0.117861 -0.177922 0.141712 0.128824 -0.189607 
0.12715 0.116284 -0.19946 0.0966773 0.114272 -0.199196 0.0967599 0.115849 -0.177658 
0.0662042 0.112259 -0.198931 0.0662868 0.113836 -0.177394 0.0357311 0.110247 -0.198667 
0.0358137 0.111824 -0.177129 0.00525793 0.108235 -0.198403 0.00534053 0.109812 -0.176865 
-0.0252152 0.106223 -0.198139 -0.0251326 0.1078 -0.176601 -0.0556883 0.104211 -0.197875 
-0.0556057 0.105788 -0.176337 -0.0861614 0.102199 -0.19761 -0.0860788 0.103776 -0.176073 
-0.102073 0.112727 -0.187493 -0.39081 0.0836544 -0.173431 -0.376331 0.0946173 -0.185116 
0.278166 0.149412 -0.180811 0.247693 0.1474 -0.180547 0.247775 0.148977 -0.159009 
0.21722 0.145388 -0.180283 0.217302 0.146965 -0.158745 0.201308 0.155916 -0.170166 
0.156356 0.142941 -0.158217 0.170835 0.153904 -0.169902 0.156273 0.141364 -0.179754 
-0.117985 0.123254 -0.177377 -0.117902 0.124832 -0.155839 -0.148458 0.121242 -0.177112 
-0.148375 0.122819 -0.155575 -0.178931 0.11923 -0.176848 -0.178848 0.120807 -0.155311 
-0.209404 0.117218 -0.176584 -0.209321 0.118795 -0.155046 -0.239877 0.115206 -0.17632 
-0.239794 0.116783 -0.154782 -0.255789 0.125734 -0.166203 -0.331214 0.110747 -0.15399 
-0.316735 0.121709 -0.165675 -0.331296 0.109169 -0.175527 -0.36177 0.107157 -0.175263 
-0.361687 0.108734 -0.153725 0.185397 0.166444 -0.160049 -0.241145 0.139851 -0.134813 
-0.2717 0.136262 -0.156086 -0.271618 0.137839 -0.134548 -0.302173 0.134249 -0.155822 
-0.302091 0.135827 -0.134284 -0.13774 -0.0648778 -0.358406 -0.137823 -0.0664549 -0.379944 
-0.123261 -0.0539149 -0.370091 -0.153734 -0.0559271 -0.369827 -0.108617 -0.0397978 -0.338701 
-0.1087 -0.0413749 -0.360238 -0.094138 -0.0288349 -0.350386 -0.169646 -0.0453992 -0.35971 
-0.200036 -0.0458343 -0.337908 -0.200119 -0.0474113 -0.359446 -0.21603 -0.0368835 -0.349329 
-0.0185476 -0.0106935 -0.319524 -0.0186302 -0.0122706 -0.341061 -0.00406865 0.000269381 -0.331209 
-0.0490207 -0.0127057 -0.31926 -0.0491033 -0.0142828 -0.340797 -0.0794939 -0.0147178 -0.318995 
-0.0795764 -0.0162949 -0.340533 -0.231942 -0.0263556 -0.339212 -0.247854 -0.0158277 -0.329095 
0.0410486 0.0163986 -0.300083 0.040966 0.0148215 -0.32162 0.0555276 0.0273615 -0.311768 
0.0105755 0.0143865 -0.299818 0.0104929 0.0128094 -0.321356 -0.263765 -0.00529987 -0.318978 
-0.294156 -0.0057349 -0.297177 -0.294238 -0.00731201 -0.318714 -0.31015 0.00321586 -0.308597 
0.100645 0.0434908 -0.280642 0.100562 0.0419137 -0.302179 0.115124 0.0544537 -0.292327 
0.0701717 0.0414786 -0.280377 0.0700891 0.0399015 -0.301915 -0.3115 0.0262837 -0.288628 
0.25166 0.0766194 -0.261993 0.251578 0.0750423 -0.283531 0.266139 0.0875823 -0.273678 
0.221187 0.0746072 -0.261729 0.221105 0.0730301 -0.283267 0.190714 0.0725951 -0.261465 
0.190632 0.071018 -0.283002 0.160241 0.0705829 -0.2612 0.160158 0.0690058 -0.282738 
0.129685 0.0669937 -0.282474 -0.327412 0.0368116 -0.278511 -0.343323 0.0473395 -0.268394 
0.25031 0.0996872 -0.242024 0.264789 0.11065 -0.253709 0.219837 0.0976751 -0.241759 
-0.344673 0.0704073 -0.248425 0.309907 0.126779 -0.222583 0.309824 0.125202 -0.24412 
0.324385 0.137742 -0.234268 0.279433 0.124767 -0.222318 0.279351 0.12319 -0.243856 
0.24896 0.122755 -0.222054 0.0965947 0.112694 -0.220733 0.111074 0.123657 -0.232418 
0.0965121 0.111117 -0.242271 0.066039 0.109105 -0.242007 0.0661216 0.110682 -0.220469 
0.0355659 0.107093 -0.241742 0.0356485 0.10867 -0.220205 0.00509275 0.105081 -0.241478 
0.00517534 0.106658 -0.219941 -0.0253804 0.103069 -0.241214 -0.0252978 0.104646 -0.219676 
-0.0558535 0.101057 -0.24095 -0.0557709 0.102634 -0.219412 -0.0717651 0.111584 -0.230833 
-0.360585 0.0809352 -0.238308 -0.376496 0.0914631 -0.228191 0.308557 0.149847 -0.202613 
0.323035 0.16081 -0.214298 0.156191 0.139787 -0.201292 0.17067 0.150749 -0.212977 
0.156108 0.138209 -0.22283 0.125635 0.136197 -0.222566 -0.0876767 0.122112 -0.220716 
-0.11815 0.1201 -0.220452 -0.118067 0.121677 -0.198914 -0.148623 0.118088 -0.220188 
-0.14854 0.119665 -0.19865 -0.179096 0.116076 -0.219924 -0.179013 0.117653 -0.198386 
-0.209569 0.114064 -0.219659 -0.209487 0.115641 -0.198122 -0.240042 0.112052 -0.219395 
-0.23996 0.113629 -0.197857 -0.255954 0.12258 -0.209278 -0.300906 0.109604 -0.197329 
-0.286427 0.120567 -0.209014 -0.300989 0.108027 -0.218867 -0.331462 0.106015 -0.218603 
-0.331379 0.107592 -0.197065 -0.361935 0.104003 -0.218338 -0.361852 0.10558 -0.196801 
0.307124 0.171338 -0.204181 0.276651 0.169326 -0.203917 0.246178 0.167314 -0.203653 
0.215705 0.165302 -0.203389 0.185231 0.163289 -0.203124 0.185314 0.164867 -0.181587 
-0.271865 0.133107 -0.199161 -0.271783 0.134684 -0.177624 -0.302256 0.132672 -0.17736 
-0.078309 -0.0409399 -0.38204 -0.0783916 -0.042517 -0.403578 -0.06383 -0.029977 -0.393725 
-0.108782 -0.042952 -0.381776 -0.108865 -0.0445291 -0.403314 -0.139338 -0.0465413 -0.403049 
-0.155249 -0.0360134 -0.392933 0.0117603 -0.0118356 -0.362863 0.0116777 -0.0134127 -0.384401 
0.0262393 -0.000872693 -0.374548 -0.0187128 -0.0138477 -0.362599 -0.0187954 -0.0154248 -0.384137 
-0.0491859 -0.0158599 -0.362335 -0.0492685 -0.017437 -0.383873 -0.079659 -0.017872 -0.362071 
-0.171161 -0.0254855 -0.382816 -0.201634 -0.0274977 -0.382552 -0.217546 -0.0169698 -0.372435 
0.0713565 0.0152566 -0.343422 0.071274 0.0136795 -0.36496 0.0858355 0.0262195 -0.355107 
0.0408834 0.0132444 -0.343158 0.0408008 0.0116673 -0.364696 0.0104103 0.0112323 -0.342894 
-0.233457 -0.00644193 -0.362318 -0.263848 -0.00687697 -0.340516 -0.26393 -0.00845407 -0.362054 
-0.279842 0.00207378 -0.351937 0.10048 0.0403366 -0.323717 0.100397 0.0387595 -0.345255 
0.114959 0.0512995 -0.335402 0.0700065 0.0383244 -0.323453 -0.281192 0.0251417 -0.331967 
-0.295671 0.0141788 -0.320282 0.251495 0.0734652 -0.305068 0.251413 0.071888 -0.326606 
0.265974 0.084428 -0.316753 0.221022 0.071453 -0.304804 0.22094 0.0698759 -0.326342 
0.190549 0.0694409 -0.30454 0.190466 0.0678638 -0.326078 0.160076 0.0674287 -0.304276 
0.159993 0.0658516 -0.325813 0.129603 0.0654166 -0.304012 0.12952 0.0638395 -0.325549 
-0.297104 0.0356695 -0.32185 -0.313015 0.0461974 -0.311734 0.280618 0.0985452 -0.285363 
0.280536 0.0969681 -0.306901 0.295097 0.109508 -0.297048 -0.328844 0.0583024 -0.280079 
-0.314365 0.0692653 -0.291764 0.309741 0.123625 -0.265658 0.309659 0.122048 -0.287196 
0.32422 0.134588 -0.277343 0.279268 0.121613 -0.265394 0.0964295 0.10954 -0.263809 
0.110908 0.120503 -0.275493 0.0963469 0.107963 -0.285346 0.0658738 0.105951 -0.285082 
0.0659564 0.107528 -0.263544 0.0354007 0.103939 -0.284818 0.0354833 0.105516 -0.26328 
0.00492756 0.101927 -0.284554 0.00501015 0.103504 -0.263016 -0.0255456 0.0999145 -0.284289 
-0.025463 0.101492 -0.262752 -0.0414571 0.110442 -0.274172 -0.330277 0.0797931 -0.281647 
-0.346188 0.090321 -0.27153 0.32287 0.157656 -0.257373 0.156026 0.136632 -0.244367 
0.170505 0.147595 -0.256052 0.155943 0.135055 -0.265905 0.12547 0.133043 -0.265641 
0.125553 0.13462 -0.244103 -0.0573687 0.12097 -0.264056 -0.0878418 0.118958 -0.263791 
-0.0877593 0.120535 -0.242254 -0.118315 0.116946 -0.263527 -0.118232 0.118523 -0.24199 
-0.148788 0.114934 -0.263263 -0.148705 0.116511 -0.241725 -0.179261 0.112922 -0.262999 
-0.179179 0.114499 -0.241461 -0.209734 0.11091 -0.262735 -0.209652 0.112487 -0.241197 
-0.240207 0.108897 -0.26247 -0.240125 0.110475 -0.240933 -0.270681 0.106885 -0.262206 
-0.270598 0.108462 -0.240669 -0.301154 0.104873 -0.261942 -0.301071 0.10645 -0.240404 
-0.331627 0.102861 -0.261678 -0.331544 0.104438 -0.24014 -0.362017 0.102426 -0.239876 
0.306959 0.168184 -0.247257 0.307041 0.169761 -0.225719 0.276486 0.166172 -0.246992 
0.276568 0.167749 -0.225455 0.246012 0.16416 -0.246728 0.246095 0.165737 -0.225191 
0.215539 0.162147 -0.246464 0.215622 0.163725 -0.224926 0.185066 0.160135 -0.2462 
0.185149 0.161712 -0.224662 -0.271948 0.13153 -0.220699 0.0434183 -0.0360455 -0.426172 
0.0433357 -0.0376226 -0.44771 0.0578973 -0.0250826 -0.437857 0.0129452 -0.0380577 -0.425908 
0.0128626 -0.0396348 -0.447446 -0.0175279 -0.0400698 -0.425644 -0.0176105 -0.0416469 -0.447182 
-0.0480011 -0.042082 -0.42538 -0.0480837 -0.043659 -0.446917 -0.0784742 -0.0440941 -0.425115 
-0.0785568 -0.0456712 -0.446653 -0.108947 -0.0461062 -0.424851 -0.10903 -0.0476833 -0.446389 
-0.124941 -0.0371555 -0.436272 0.0725414 -0.0109655 -0.406467 0.0724588 -0.0125426 -0.428005 
0.0870203 -2.62132e-06 -0.418152 0.0420683 -0.0129777 -0.406203 0.0115951 -0.0149898 -0.405939 
-0.018878 -0.0170019 -0.405674 -0.0493511 -0.0190141 -0.40541 -0.140853 -0.0266276 -0.426155 
-0.171244 -0.0270626 -0.404353 -0.171326 -0.0286397 -0.425891 -0.187238 -0.0181119 -0.415774 
0.101664 0.0141145 -0.386762 0.101582 0.0125374 -0.408299 0.116143 0.0250774 -0.398447 
0.0711914 0.0121024 -0.386498 0.0407182 0.0100902 -0.386233 -0.203149 -0.007584 -0.405657 
-0.219061 0.00294385 -0.395541 0.130788 0.0391945 -0.367056 0.130705 0.0376174 -0.388594 
0.145267 0.0501574 -0.378741 0.100314 0.0371824 -0.366792 -0.234973 0.0134717 -0.385424 
-0.265363 0.0130367 -0.363622 -0.250884 0.0239996 -0.375307 0.25133 0.070311 -0.348144 
0.251247 0.0687338 -0.369681 0.265809 0.0812738 -0.359829 0.220857 0.0682988 -0.34788 
0.220774 0.0667217 -0.369417 0.190384 0.0662867 -0.347615 0.190301 0.0647096 -0.369153 
0.159911 0.0642745 -0.347351 0.159828 0.0626974 -0.368889 0.129438 0.0622624 -0.347087 
-0.266796 0.0345275 -0.36519 -0.282707 0.0450553 -0.355073 0.310926 0.0974031 -0.328703 
0.310844 0.095826 -0.35024 0.325405 0.108366 -0.340388 0.280453 0.095391 -0.328438 
0.28037 0.0938139 -0.349976 -0.298619 0.0555832 -0.344956 -0.31453 0.0661111 -0.334839 
0.309576 0.120471 -0.308733 0.324055 0.131434 -0.320418 0.0962643 0.106386 -0.306884 
0.110743 0.117349 -0.318569 0.0961818 0.104809 -0.328421 0.0657086 0.102797 -0.328157 
0.0657912 0.104374 -0.30662 0.0352355 0.100785 -0.327893 0.0353181 0.102362 -0.306355 
0.0193239 0.111312 -0.317776 -0.31588 0.0891789 -0.31487 0.322705 0.154502 -0.300449 
0.155861 0.133478 -0.287443 0.17034 0.144441 -0.299128 0.155778 0.131901 -0.30898 
0.125305 0.129889 -0.308716 0.125387 0.131466 -0.287179 0.00341233 0.12184 -0.307659 
-0.0270608 0.119828 -0.307395 -0.0575339 0.117816 -0.307131 -0.0574513 0.119393 -0.285593 
-0.088007 0.115804 -0.306867 -0.0879244 0.117381 -0.285329 -0.11848 0.113792 -0.306603 
-0.118398 0.115369 -0.285065 -0.148953 0.11178 -0.306338 -0.148871 0.113357 -0.284801 
-0.164865 0.122308 -0.296221 -0.270763 0.105308 -0.283744 -0.256284 0.116271 -0.295429 
-0.270846 0.103731 -0.305282 -0.301319 0.101719 -0.305017 -0.301236 0.103296 -0.28348 
-0.331709 0.101284 -0.283215 0.306794 0.16503 -0.290332 0.306876 0.166607 -0.268794 
0.27632 0.163017 -0.290068 0.276403 0.164595 -0.26853 0.245847 0.161005 -0.289803 
0.24593 0.162582 -0.268266 0.229936 0.171533 -0.279687 0.184984 0.158558 -0.267737 
0.199463 0.169521 -0.279422 0.184901 0.156981 -0.289275 -0.180776 0.132835 -0.286105 
-0.21125 0.130823 -0.285841 -0.241723 0.128811 -0.285576 0.214024 0.182061 -0.26957 
0.320211 -0.0672262 -0.511564 0.320129 -0.0688033 -0.533102 0.33469 -0.0562633 -0.523249 
0.289738 -0.0692384 -0.5113 0.289656 -0.0708155 -0.532838 0.259265 -0.0712505 -0.511036 
0.259182 -0.0728276 -0.532574 0.228792 -0.0732626 -0.510772 0.228709 -0.0748398 -0.532309 
0.212798 -0.0643119 -0.522193 0.137373 -0.079299 -0.509979 0.13729 -0.0808762 -0.531517 
0.151852 -0.0683362 -0.521664 0.106899 -0.0813112 -0.509715 0.106817 -0.0828883 -0.531253 
0.0764263 -0.0833233 -0.509451 0.0763437 -0.0849005 -0.530989 0.0604321 -0.0743726 -0.520872 
0.318779 -0.0457355 -0.513133 0.288306 -0.0477476 -0.512868 0.257832 -0.0497597 -0.512604 
0.227359 -0.0517719 -0.51234 0.13594 -0.0578083 -0.511547 0.120028 -0.0472804 -0.501431 
0.105549 -0.0582433 -0.489745 0.0750763 -0.0602555 -0.489481 0.0445206 -0.0638447 -0.510755 
0.0446032 -0.0622676 -0.489217 0.01413 -0.0642797 -0.488953 0.0140474 -0.0658569 -0.510491 
-0.0163431 -0.0662919 -0.488689 -0.0164257 -0.067869 -0.510226 -0.0468162 -0.068304 -0.488425 
-0.0468988 -0.0698811 -0.509962 -0.0772893 -0.0703161 -0.48816 -0.0773719 -0.0718933 -0.509698 
-0.0932835 -0.0613654 -0.499581 0.104199 -0.0351754 -0.469776 0.118678 -0.0242125 -0.481461 
0.0737262 -0.0371876 -0.469512 0.0432531 -0.0391997 -0.469248 0.01278 -0.0412119 -0.468983 
-0.0176931 -0.043224 -0.468719 -0.0481662 -0.0452361 -0.468455 -0.0786394 -0.0472483 -0.468191 
-0.109195 -0.0508375 -0.489464 -0.109112 -0.0492604 -0.467927 -0.125107 -0.0403097 -0.479347 
0.133322 -0.0100954 -0.450071 0.13324 -0.0116725 -0.471608 0.147801 0.000867454 -0.461756 
0.102849 -0.0121076 -0.449807 0.0723762 -0.0141197 -0.449542 -0.140936 -0.0282047 -0.447693 
-0.141018 -0.0297818 -0.469231 -0.15693 -0.019254 -0.459114 0.162446 0.0149846 -0.430365 
0.162363 0.0134075 -0.451903 0.176924 0.0259475 -0.44205 0.131972 0.0129724 -0.430101 
0.101499 0.0109603 -0.429837 -0.172841 -0.00872607 -0.448997 -0.188753 0.00180179 -0.43888 
0.222042 0.0420767 -0.410924 0.221959 0.0404996 -0.432462 0.236521 0.0530396 -0.422609 
0.191569 0.0400646 -0.41066 0.191486 0.0384875 -0.432198 0.161095 0.0380524 -0.410396 
0.130622 0.0360403 -0.410132 -0.204665 0.0123297 -0.428763 -0.235055 0.0118946 -0.406961 
-0.235138 0.0103175 -0.428499 -0.251049 0.0208454 -0.418382 0.342584 0.0731932 -0.392012 
0.342502 0.0716161 -0.413549 0.357063 0.0841561 -0.403697 0.312111 0.071181 -0.391748 
0.312028 0.0696039 -0.413285 0.281638 0.0691689 -0.391483 0.281555 0.0675918 -0.413021 
0.251165 0.0671567 -0.391219 0.251082 0.0655796 -0.412757 0.220692 0.0651446 -0.390955 
0.190219 0.0631325 -0.390691 0.159745 0.0611203 -0.390426 -0.252399 0.0439133 -0.398413 
0.341152 0.0946839 -0.39358 0.32524 0.105212 -0.383463 0.310761 0.0942489 -0.371778 
0.280288 0.0922368 -0.371514 -0.268311 0.0544411 -0.388296 -0.284222 0.064969 -0.378179 
0.32389 0.12828 -0.363494 0.126572 0.105244 -0.350223 0.141051 0.116207 -0.361908 
0.12649 0.103667 -0.371761 0.0960165 0.101655 -0.371497 0.0960992 0.103232 -0.349959 
0.0655434 0.0996426 -0.371233 0.065626 0.10122 -0.349695 0.0350703 0.0976304 -0.370968 
0.0351529 0.0992075 -0.349431 0.0191587 0.108158 -0.360852 -0.300134 0.0754969 -0.368062 
-0.316046 0.0860247 -0.357945 0.338534 0.142397 -0.332103 0.338452 0.14082 -0.353641 
0.353013 0.15336 -0.343788 0.155695 0.130324 -0.330518 0.170174 0.141287 -0.342203 
0.155613 0.128747 -0.352056 0.125222 0.128312 -0.330254 0.00324714 0.118686 -0.350735 
0.00332974 0.120263 -0.329197 -0.027226 0.116674 -0.35047 -0.0271434 0.118251 -0.328933 
-0.0576991 0.114662 -0.350206 -0.0576165 0.116239 -0.328669 -0.0881722 0.11265 -0.349942 
-0.0880896 0.114227 -0.328404 -0.104084 0.123178 -0.339825 -0.317396 0.109093 -0.337976 
0.337101 0.163888 -0.333671 0.306628 0.161875 -0.333407 0.306711 0.163453 -0.31187 
0.276155 0.159863 -0.333143 0.276238 0.16144 -0.311605 0.245682 0.157851 -0.332879 
0.245765 0.159428 -0.311341 0.229771 0.168379 -0.322762 0.184818 0.155404 -0.310813 
0.199297 0.166367 -0.322498 0.184736 0.153827 -0.33235 -0.119995 0.133705 -0.329708 
-0.150469 0.131693 -0.329444 -0.180942 0.129681 -0.32918 -0.180859 0.131258 -0.307642 
-0.211415 0.127669 -0.328916 -0.211332 0.129246 -0.307378 -0.241888 0.125657 -0.328652 
-0.241805 0.127234 -0.307114 -0.272361 0.123645 -0.328387 -0.302834 0.121633 -0.328123 
0.213859 0.178907 -0.312645 0.213942 0.180484 -0.291108 0.350519 -0.0683683 -0.554904 
0.350437 -0.0699454 -0.576442 0.364998 -0.0574054 -0.566589 0.320046 -0.0703804 -0.55464 
0.319964 -0.0719575 -0.576177 0.289573 -0.0723926 -0.554375 0.28949 -0.0739697 -0.575913 
0.2591 -0.0744047 -0.554111 0.259017 -0.0759818 -0.575649 0.228627 -0.0764168 -0.553847 
0.228544 -0.077994 -0.575385 0.198154 -0.078429 -0.553583 0.198071 -0.0800061 -0.575121 
0.16768 -0.0804411 -0.553319 0.167598 -0.0820182 -0.574856 0.137207 -0.0824533 -0.553055 
0.137125 -0.0840304 -0.574592 0.106734 -0.0844654 -0.55279 0.106652 -0.0860425 -0.574328 
0.0762611 -0.0864775 -0.552526 0.0761785 -0.0880547 -0.574064 0.045788 -0.0884897 -0.552262 
0.0457054 -0.0900668 -0.5738 0.0297938 -0.0795389 -0.563683 0.349169 -0.0453004 -0.534934 
0.363648 -0.0343375 -0.546619 0.196804 -0.0553611 -0.533614 0.16633 -0.0573732 -0.533349 
0.044438 -0.0654218 -0.532292 0.0138823 -0.0690111 -0.553566 0.0139648 -0.0674339 -0.532028 
-0.0165083 -0.0694461 -0.531764 -0.0165909 -0.0710232 -0.553302 -0.0469814 -0.0714582 -0.5315 
-0.047064 -0.0730353 -0.553037 -0.0629756 -0.0625075 -0.542921 0.347737 -0.0238096 -0.536503 
0.317346 -0.0242447 -0.514701 0.331825 -0.0132818 -0.526386 0.286873 -0.0262568 -0.514437 
0.2564 -0.0282689 -0.514172 0.225927 -0.0302811 -0.513908 0.195454 -0.0322932 -0.513644 
0.16498 -0.0343054 -0.51338 0.134507 -0.0363175 -0.513116 -0.0788872 -0.0519796 -0.532804 
-0.0947987 -0.0414517 -0.522687 0.315913 -0.00275391 -0.516269 0.300002 0.00777397 -0.506152 
0.285523 -0.00318893 -0.494467 0.25505 -0.00520107 -0.494203 0.224577 -0.00721321 -0.493939 
0.194104 -0.00922535 -0.493674 0.16363 -0.0112375 -0.49341 0.133157 -0.0132496 -0.493146 
-0.11071 -0.0309239 -0.51257 -0.126622 -0.020396 -0.502453 0.28409 0.0183018 -0.496035 
0.268179 0.0288297 -0.485918 0.2537 0.0178668 -0.474233 0.223227 0.0158546 -0.473969 
0.192753 0.0138425 -0.473705 0.16228 0.0118304 -0.473441 -0.142533 -0.00986813 -0.492336 
-0.172924 -0.0103032 -0.470535 -0.173007 -0.0118803 -0.492072 -0.188918 -0.00135242 -0.481955 
0.313296 0.0449589 -0.454792 0.313213 0.0433818 -0.47633 0.327775 0.0559218 -0.466477 
0.282823 0.0429468 -0.454528 0.28274 0.0413697 -0.476066 0.25235 0.0409347 -0.454264 
0.221877 0.0389225 -0.454 0.191403 0.0369104 -0.453736 -0.204747 0.0107526 -0.450301 
-0.20483 0.00917547 -0.471839 -0.220741 0.0197033 -0.461722 0.311946 0.0680268 -0.434823 
0.326425 0.0789897 -0.446508 0.281473 0.0660147 -0.434559 0.251 0.0640025 -0.434294 
-0.236653 0.0302312 -0.451605 -0.252564 0.0407591 -0.441488 0.340986 0.0915297 -0.436655 
0.355548 0.10407 -0.426803 0.15823 0.081034 -0.413532 0.172709 0.0919969 -0.425217 
0.158148 0.0794569 -0.43507 0.127675 0.0774448 -0.434806 0.127757 0.0790219 -0.413268 
0.0972014 0.0754326 -0.434542 0.097284 0.0770097 -0.413004 0.0812898 0.0859605 -0.424425 
-0.253915 0.0638269 -0.421519 0.339719 0.116175 -0.395148 0.354198 0.127138 -0.406833 
0.15688 0.104102 -0.393563 0.171359 0.115065 -0.405248 0.126407 0.10209 -0.393299 
0.095934 0.100078 -0.393034 0.0653782 0.0964883 -0.414308 0.0654608 0.0980655 -0.39277 
0.0494667 0.107016 -0.404191 -0.269826 0.0743548 -0.411402 -0.285738 0.0848827 -0.401285 
0.338286 0.137665 -0.396716 0.322375 0.148193 -0.386599 0.15553 0.12717 -0.373593 
0.170009 0.138133 -0.385278 0.0335551 0.117544 -0.394074 0.00308195 0.115532 -0.39381 
0.00316455 0.117109 -0.372272 -0.0273912 0.11352 -0.393546 -0.0273086 0.115097 -0.372008 
-0.0433027 0.124048 -0.383429 -0.301567 0.0969877 -0.36963 -0.287088 0.107951 -0.381315 
0.337019 0.16231 -0.355209 0.306463 0.158721 -0.376483 0.306546 0.160298 -0.354945 
0.27599 0.156709 -0.376218 0.276073 0.158286 -0.354681 0.245517 0.154697 -0.375954 
0.245599 0.156274 -0.354416 0.215044 0.152685 -0.37569 0.215126 0.154262 -0.354152 
0.184571 0.150673 -0.375426 0.184653 0.15225 -0.353888 -0.0592143 0.134576 -0.373312 
-0.0896875 0.132563 -0.373048 -0.120161 0.130551 -0.372784 -0.120078 0.132128 -0.351246 
-0.150634 0.128539 -0.372519 -0.150551 0.130116 -0.350982 -0.181107 0.126527 -0.372255 
-0.181024 0.128104 -0.350718 -0.21158 0.124515 -0.371991 -0.211497 0.126092 -0.350453 
-0.242053 0.122503 -0.371727 -0.24197 0.12408 -0.350189 -0.272526 0.120491 -0.371463 
-0.272444 0.122068 -0.349925 -0.302917 0.120056 -0.349661 0.213776 0.17733 -0.334183 
0.289408 -0.0755468 -0.597451 0.289325 -0.0771239 -0.618988 0.303887 -0.0645839 -0.609136 
0.258935 -0.0775589 -0.597187 0.258852 -0.079136 -0.618724 0.228462 -0.0795711 -0.596923 
0.228379 -0.0811482 -0.61846 0.197988 -0.0815832 -0.596658 0.197906 -0.0831603 -0.618196 
0.167515 -0.0835953 -0.596394 0.167433 -0.0851725 -0.617932 0.151521 -0.0746446 -0.607815 
0.349004 -0.0484546 -0.57801 0.33301 -0.0395039 -0.589431 0.318448 -0.0520439 -0.599283 
0.13561 -0.0641167 -0.597698 0.105136 -0.0661288 -0.597434 0.0746633 -0.068141 -0.59717 
0.0441902 -0.0701531 -0.596905 0.0282786 -0.0596253 -0.586789 0.347654 -0.0253867 -0.55804 
0.33166 -0.016436 -0.569461 0.012367 -0.0490974 -0.576672 -0.0181061 -0.0511095 -0.576407 
-0.0485792 -0.0531217 -0.576143 -0.0644908 -0.0425938 -0.566026 0.346221 -0.00389598 -0.559608 
0.360783 0.00864404 -0.549756 0.346304 -0.00231886 -0.538071 -0.0804024 -0.0320659 -0.55591 
-0.110793 -0.0325009 -0.534108 -0.110875 -0.0340781 -0.555645 -0.126787 -0.0235502 -0.545529 
0.344871 0.0191719 -0.539639 0.314481 0.0187369 -0.517837 0.32896 0.0296998 -0.529522 
-0.142616 -0.0114452 -0.513874 -0.142699 -0.0130223 -0.535412 -0.15861 -0.00249446 -0.525295 
0.313048 0.0402276 -0.519405 0.282658 0.0397926 -0.497603 0.297137 0.0507555 -0.509288 
-0.174522 0.0080334 -0.515178 -0.204912 0.00759837 -0.493376 -0.204995 0.00602126 -0.514914 
-0.220907 0.0165491 -0.504797 0.311781 0.0648726 -0.477898 0.295787 0.0738234 -0.489319 
0.189888 0.0568241 -0.476841 0.204367 0.0677869 -0.488526 0.189806 0.0552469 -0.498379 
0.159332 0.0532348 -0.498115 0.159415 0.0548119 -0.476577 0.128859 0.0512227 -0.497851 
0.128942 0.0527998 -0.476313 0.112948 0.0617505 -0.487734 -0.236735 0.0286541 -0.473143 
-0.236818 0.027077 -0.49468 -0.25273 0.0376049 -0.484563 0.310348 0.0863634 -0.479466 
0.32491 0.0989034 -0.469614 0.188538 0.0798919 -0.456872 0.203017 0.0908548 -0.468557 
0.158065 0.0778798 -0.456608 0.127592 0.0758677 -0.456343 0.0970362 0.0722784 -0.477617 
0.0971188 0.0738555 -0.456079 0.0811246 0.0828063 -0.4675 -0.25408 0.0606727 -0.464594 
0.339554 0.113021 -0.438223 0.308998 0.109431 -0.459497 0.309081 0.111008 -0.437959 
0.293086 0.119959 -0.44938 0.217661 0.104972 -0.437167 0.23214 0.115935 -0.448852 
0.217579 0.103395 -0.458704 0.187188 0.10296 -0.436902 0.065213 0.0933341 -0.457383 
0.0652956 0.0949112 -0.435846 0.0493015 0.103862 -0.447266 -0.25543 0.0837406 -0.444624 
0.338204 0.136088 -0.418254 0.307731 0.134076 -0.41799 0.277175 0.130487 -0.439263 
0.277257 0.132064 -0.417726 0.246702 0.128475 -0.438999 0.246784 0.130052 -0.417461 
0.216311 0.12804 -0.417197 0.185838 0.126028 -0.416933 0.0333899 0.11439 -0.43715 
0.0334725 0.115967 -0.415612 0.00291677 0.112378 -0.436885 0.00299936 0.113955 -0.415348 
-0.0129948 0.122906 -0.426768 -0.179839 0.101882 -0.413763 -0.16536 0.112845 -0.425447 
-0.179922 0.100305 -0.4353 -0.210395 0.0982928 -0.435036 -0.210312 0.0998699 -0.413498 
-0.240868 0.0962806 -0.434772 -0.240786 0.0978577 -0.413234 -0.271259 0.0958456 -0.41297 
0.306381 0.157144 -0.39802 0.275907 0.155132 -0.397756 0.245434 0.15312 -0.397492 
0.214961 0.151108 -0.397228 0.184488 0.149096 -0.396963 -0.0289064 0.133433 -0.416652 
-0.0593795 0.131421 -0.416387 -0.0592969 0.132998 -0.39485 -0.0898526 0.129409 -0.416123 
-0.08977 0.130986 -0.394586 -0.120326 0.127397 -0.415859 -0.120243 0.128974 -0.394321 
-0.150799 0.125385 -0.415595 -0.150716 0.126962 -0.394057 -0.181189 0.12495 -0.393793 
-0.211663 0.122938 -0.393529 -0.242136 0.120926 -0.393265 -0.272609 0.118913 -0.393 
0.287893 -0.0556331 -0.620557 0.271898 -0.0466823 -0.631977 0.257337 -0.0592224 -0.64183 
0.226864 -0.0612345 -0.641566 0.196391 -0.0632466 -0.641302 0.165917 -0.0652588 -0.641038 
0.135527 -0.0656938 -0.619236 0.135444 -0.0672709 -0.640773 0.119533 -0.056743 -0.630657 
0.317016 -0.0305531 -0.600851 0.301021 -0.0216023 -0.612272 0.28646 -0.0341423 -0.622125 
0.103621 -0.0462152 -0.62054 0.0731481 -0.0482273 -0.620275 0.042675 -0.0502395 -0.620011 
0.0267634 -0.0397116 -0.609894 0.315666 -0.00748523 -0.580882 0.299671 0.00146555 -0.592303 
0.0108518 -0.0291837 -0.599778 -0.0196213 -0.0311959 -0.599513 -0.0500944 -0.033208 -0.599249 
-0.066006 -0.0226801 -0.589132 0.344789 0.0175948 -0.561177 0.314316 0.0155827 -0.560912 
0.298321 0.0245334 -0.572333 -0.0819176 -0.0121523 -0.579015 -0.112391 -0.0141644 -0.578751 
-0.128302 -0.00363652 -0.568634 0.312883 0.0370734 -0.562481 0.327444 0.0496134 -0.552628 
0.221546 0.0326141 -0.54015 0.236025 0.043577 -0.551835 0.221464 0.031037 -0.561688 
0.19099 0.0290249 -0.561424 0.191073 0.030602 -0.539886 0.175079 0.0395527 -0.551307 
-0.144214 0.00689133 -0.558518 -0.174604 0.0064563 -0.536716 -0.174687 0.00487919 -0.558253 
-0.190599 0.0154071 -0.548136 0.311533 0.0601413 -0.542511 0.295621 0.0706692 -0.532394 
0.220196 0.055682 -0.520181 0.234675 0.0666449 -0.531866 0.189723 0.0536698 -0.519917 
0.159167 0.0500806 -0.54119 0.15925 0.0516577 -0.519652 0.128694 0.0480685 -0.540926 
0.128777 0.0496455 -0.519388 0.112783 0.0585963 -0.530809 -0.20651 0.0259349 -0.53802 
-0.222422 0.0364628 -0.527903 0.27971 0.081197 -0.522277 0.279792 0.0827741 -0.50074 
0.249237 0.0791849 -0.522013 0.249319 0.080762 -0.500476 0.218846 0.0787498 -0.500211 
0.096871 0.0691242 -0.520692 0.0969536 0.0707013 -0.499155 0.0809594 0.0796521 -0.510575 
-0.238251 0.0485677 -0.496248 -0.223772 0.0595307 -0.507933 0.308915 0.107854 -0.481034 
0.278442 0.105842 -0.48077 0.247969 0.10383 -0.480506 0.217496 0.101818 -0.480242 
0.0650479 0.0901799 -0.500459 0.0651305 0.091757 -0.478921 0.0491363 0.100708 -0.490342 
-0.239601 0.0716356 -0.476279 -0.225122 0.0825985 -0.487964 0.277092 0.12891 -0.460801 
0.246619 0.126898 -0.460537 0.0332247 0.111236 -0.480225 0.0333073 0.112813 -0.458687 
0.00275158 0.109224 -0.479961 0.00283418 0.110801 -0.458423 -0.01316 0.119751 -0.469844 
-0.180005 0.0987278 -0.456838 -0.165526 0.109691 -0.468523 -0.180087 0.0971507 -0.478375 
-0.21056 0.0951386 -0.478111 -0.210478 0.0967156 -0.456574 -0.240951 0.0947035 -0.456309 
-0.0290716 0.130279 -0.459727 -0.028989 0.131856 -0.438189 -0.0595447 0.128267 -0.459463 
-0.0594621 0.129844 -0.437925 -0.0900178 0.126255 -0.459199 -0.0899352 0.127832 -0.437661 
-0.120491 0.124243 -0.458934 -0.120408 0.12582 -0.437397 -0.150964 0.122231 -0.45867 
-0.150881 0.123808 -0.437132 0.255904 -0.0377316 -0.643398 0.23991 -0.0287808 -0.654819 
0.225349 -0.0413208 -0.664672 0.194875 -0.043333 -0.664408 0.164402 -0.0453451 -0.664143 
0.133929 -0.0473572 -0.663879 0.103539 -0.0477923 -0.642077 0.103456 -0.0493694 -0.663615 
0.0875444 -0.0388415 -0.653498 0.285027 -0.0126516 -0.623693 0.254554 -0.0146637 -0.623429 
0.23856 -0.00571293 -0.63485 0.0716329 -0.0283136 -0.643381 0.0411597 -0.0303258 -0.643117 
0.0252482 -0.0197979 -0.633 0.283677 0.0104163 -0.603724 0.253204 0.00840416 -0.603459 
0.222648 0.00481493 -0.624733 0.222731 0.00639203 -0.603195 0.206737 0.0153428 -0.614616 
0.00933657 -0.00927006 -0.622883 -0.0211365 -0.0112822 -0.622619 -0.0515271 -0.0117172 -0.600817 
-0.0370481 -0.000754307 -0.612502 0.282327 0.0334842 -0.583754 0.251854 0.031472 -0.58349 
0.221381 0.0294599 -0.583226 0.190825 0.0258707 -0.604499 0.190908 0.0274478 -0.582961 
0.174914 0.0363985 -0.594382 -0.0529597 0.00977355 -0.602386 -0.0834328 0.00776141 -0.602121 
-0.113823 0.00732637 -0.580319 -0.0993444 0.0182893 -0.592004 -0.144296 0.00531423 -0.580055 
-0.144379 0.00373713 -0.601593 -0.129818 0.0162771 -0.59174 -0.160291 0.014265 -0.591476 
0.31145 0.0585642 -0.564049 0.280977 0.0565521 -0.563784 0.250504 0.0545399 -0.56352 
0.159002 0.0469264 -0.584265 0.159085 0.0485035 -0.562728 0.143091 0.0574543 -0.574149 
-0.115256 0.0288171 -0.581888 -0.145647 0.0283821 -0.560086 -0.131168 0.039345 -0.571771 
-0.145729 0.026805 -0.581623 -0.17612 0.02637 -0.559822 0.279627 0.0796199 -0.543815 
0.249154 0.0776078 -0.543551 0.127179 0.0679821 -0.564032 0.0967058 0.06597 -0.563767 
0.0967884 0.0675471 -0.54223 0.0807943 0.0764979 -0.553651 -0.146997 0.05145 -0.540116 
-0.132518 0.0624129 -0.551801 -0.162991 0.0604007 -0.551537 -0.177552 0.0478607 -0.56139 
-0.207943 0.0474257 -0.539588 -0.193464 0.0583886 -0.551273 0.0794442 0.0995657 -0.533681 
-0.148347 0.0745178 -0.520147 -0.133868 0.0854807 -0.531832 -0.178902 0.0709286 -0.54142 
-0.17882 0.0725057 -0.519883 -0.209293 0.0704936 -0.519618 0.0635326 0.110094 -0.523564 
0.0330595 0.108081 -0.5233 0.0331421 0.109659 -0.501763 0.0171479 0.118609 -0.513183 
-0.149697 0.0975857 -0.500177 -0.135218 0.108549 -0.511862 -0.18017 0.0955736 -0.499913 
-0.210643 0.0935614 -0.499649 0.00123635 0.129137 -0.503066 -0.0292368 0.127125 -0.502802 
-0.0291542 0.128702 -0.481265 -0.0597099 0.125113 -0.502538 -0.0596273 0.12669 -0.481 
-0.090183 0.123101 -0.502274 -0.0901004 0.124678 -0.480736 -0.120656 0.121089 -0.50201 
-0.120574 0.122666 -0.480472 -0.151047 0.120654 -0.480208 0.223916 -0.0198301 -0.66624 
0.193443 -0.0218422 -0.665976 0.177449 -0.0128914 -0.677397 0.162887 -0.0254314 -0.687249 
0.132414 -0.0274436 -0.686985 0.102023 -0.0278786 -0.665183 0.116502 -0.0169157 -0.676868 
0.222566 0.00323783 -0.64627 0.206572 0.0121886 -0.657691 0.19201 -0.000351421 -0.667544 
0.100591 -0.00638784 -0.666751 0.0701176 -0.00839998 -0.666487 0.0396445 -0.0104121 -0.666223 
0.0237329 0.000115761 -0.656106 0.19066 0.0227165 -0.647574 0.190743 0.0242936 -0.626037 
0.174749 0.0332443 -0.637458 0.00782135 0.0106436 -0.645989 -0.0225692 0.0102086 -0.624187 
-0.00809023 0.0211715 -0.635872 0.158837 0.0437722 -0.627341 0.15892 0.0453493 -0.605803 
0.128364 0.0417601 -0.627077 0.128446 0.0433372 -0.605539 0.112452 0.0522879 -0.61696 
-0.0240018 0.0316994 -0.625756 -0.0543923 0.0312643 -0.603954 -0.0399134 0.0422272 -0.615639 
-0.0848655 0.0292522 -0.60369 -0.145812 0.0252279 -0.603161 0.127096 0.066405 -0.585569 
0.0965406 0.0628158 -0.606843 0.0966232 0.0643929 -0.585305 0.0806291 0.0733437 -0.596726 
-0.055825 0.0527551 -0.605522 -0.0862155 0.0523201 -0.58372 -0.0717366 0.063283 -0.595405 
-0.116689 0.0503079 -0.583456 0.0647175 0.0838715 -0.586609 0.0648001 0.0854486 -0.565072 
0.0488059 0.0943994 -0.576492 -0.0875655 0.0753879 -0.563751 -0.0730866 0.0863508 -0.575436 
-0.118039 0.0733758 -0.563486 -0.178985 0.0693515 -0.562958 0.06345 0.108516 -0.545102 
0.0328943 0.104927 -0.566376 0.0329769 0.106504 -0.544838 0.0169827 0.115455 -0.556259 
-0.0584425 0.100468 -0.544045 -0.0439635 0.111431 -0.55573 -0.058525 0.0988908 -0.565583 
-0.0889156 0.0984558 -0.543781 -0.119389 0.0964436 -0.543517 0.00107117 0.125983 -0.546142 
0.00115376 0.12756 -0.524604 -0.029402 0.123971 -0.545878 -0.0293194 0.125548 -0.52434 
-0.0597925 0.123536 -0.524076 -0.0902656 0.121524 -0.523811 -0.120739 0.119512 -0.523547 
0.161454 -0.00394066 -0.688817 0.130981 -0.0059528 -0.688553 0.190577 0.0211394 -0.669112 
0.160104 0.0191272 -0.668848 0.129631 0.0171151 -0.668584 0.0991581 0.0151029 -0.668319 
0.068685 0.0130908 -0.668055 0.0382119 0.0110787 -0.667791 0.158754 0.0421951 -0.648878 
0.128281 0.040183 -0.648614 0.112287 0.0491337 -0.660035 0.0977255 0.0365937 -0.669888 
0.0672524 0.0345816 -0.669623 0.0367792 0.0325694 -0.669359 0.00638872 0.0321344 -0.647557 
0.0208677 0.0430973 -0.659242 0.0963755 0.0596616 -0.649918 0.0964581 0.0612387 -0.628381 
0.0804639 0.0701895 -0.639801 0.00503868 0.0552023 -0.627588 0.0195176 0.0661652 -0.639273 
-0.0254344 0.0531901 -0.627324 0.0645523 0.0807173 -0.629685 0.0646349 0.0822944 -0.608147 
0.0340792 0.0787052 -0.62942 0.0341618 0.0802823 -0.607883 0.00368865 0.0782701 -0.607618 
-0.0267845 0.076258 -0.607354 -0.0572576 0.0742459 -0.60709 0.0328117 0.10335 -0.587913 
0.00233861 0.101338 -0.587649 -0.0281345 0.0993259 -0.587385 -0.0586076 0.0973137 -0.587121 
0.000988573 0.124406 -0.567679 -0.0294846 0.122394 -0.567415 0.0962929 0.0580845 -0.671456 
0.0658197 0.0560723 -0.671192 0.0353466 0.0540602 -0.670927 0.0644697 0.0791402 -0.651222 
0.0339966 0.0771281 -0.650958 
POLYGONS 6901 20700
OFFSETS vtktypeint64
0 3 6 9 12 15 18 21 24 
27 30 33 36 39 42 45 48 51 
54 57 60 63 66 69 72 75 78 
81 84 87 90 93 96 99 102 105 
108 111 114 117 120 123 126 129 132 
135 138 141 144 147 150 153 156 159 
162 165 168 171 174 177 180 183 186 
189 192 195 198 201 204 207 210 213 
216 219 222 225 228 231 234 237 240 
243 246 249 252 255 258 261 264 267 
270 273 276 279 282 285 288 291 294 
297 300 303 306 309 312 315 318 321 
324 327 330 333 336 339 342 345 348 
351 354 357 360 363 366 369 372 375 
378 381 384 387 390 393 396 399 402 
405 408 411 414 417 420 423 426 429 
432 435 438 441 444 447 450 453 456 
459 462 465 468 471 474 477 480 483 
486 489 492 495 498 501 504 507 510 
513 516 519 522 525 528 531 534 537 
540 543 546 549 552 555 558 561 564 
567 570 573 576 579 582 585 588 591 
594 597 600 603 606 609 612 615 618 
621 624 627 630 633 636 639 642 645 
648 651 654 657 660 663 666 669 672 
675 678 681 684 687 690 693 696 699 
702 705 708 711 714 717 720 723 726 
729 732 735 738 741 744 747 750 753 
756 759 762 765 768 771 774 777 780 
783 786 789 792 795 798 801 804 807 
810 813 816 819 822 825 828 831 834 
837 840 843 846 849 852 855 858 861 
864 867 870 873 876 879 882 885 888 
891 894 897 900 903 906 909 912 915 
918 921 924 927 930 933 936 939 942 
945 948 951 954 957 960 963 966 969 
972 975 978 981 984 987 990 993 996 
999 1002 1005 1008 1011 1014 1017 1020 1023 
1026 1029 1032 1035 1038 1041 1044 1047 1050 
1053 1056 1059 1062 1065 1068 1071 1074 1077 
1080 1083 1086 1089 1092 1095 1098 1101 1104 
1107 1110 1113 1116 1119 1122 1125 1128 1131 
1134 1137 1140 1143 1146 1149 1152 1155 1158 
1161 1164 1167 1170 1173 1176 1179 1182 1185 
1188 1191 1194 1197 1200 1203 1206 1209 1212 
1215 1218 1221 1224 1227 1230 1233 1236 1239 
1242 1245 1248 1251 1254 1257 1260 1263 1266 
1269 1272 1275 1278 1281 1284 1287 1290 1293 
1296 1299 1302 1305 1308 1311 1314 1317 1320 
1323 1326 1329 1332 1335 1338 1341 1344 1347 
1350 1353 1356 1359 1362 1365 1368 1371 1374 
1377 1380 1383 1386 1389 1392 1395 1398 1401 
1404 1407 1410 1413 1416 1419 1422 1425 1428 
1431 1434 1437 1440 1443 1446 1449 1452 1455 
1458 1461 1464 1467 1470 1473 1476 1479 1482 
1485 1488 1491 1494 1497 1500 1503 1506 1509 
1512 1515 1518 1521 1524 1527 1530 1533 1536 
1539 1542 1545 1548 1551 1554 1557 1560 1563 
1566 1569 1572 1575 1578 1581 1584 1587 1590 
1593 1596 1599 1602 1605 1608 1611 1614 1617 
1620 1623 1626 1629 1632 1635 1638 1641 1644 
1647 1650 1653 1656 1659 1662 1665 1668 1671 
1674 1677 1680 1683 1686 1689 1692 1695 1698 
1701 1704 1707 1710 1713 1716 1719 1722 1725 
1728 1731 1734 1737 1740 1743 1746 1749 1752 
1755 1758 1761 1764 1767 1770 1773 1776 1779 
1782 1785 1788 1791 1794 1797 1800 1803 1806 
1809 1812 1815 1818 1821 1824 1827 1830 1833 
1836 1839 1842 1845 1848 1851 1854 1857 1860 
1863 1866 1869 1872 1875 1878 1881 1884 1887 
1890 1893 1896 1899 1902 1905 1908 1911 1914 
1917 1920 1923 1926 1929 1932 1935 1938 1941 
1944 1947 1950 1953 1956 1959 1962 1965 1968 
1971 1974 1977 1980 1983 1986 1989 1992 1995 
1998 2001 2004 2007 2010 2013 2016 2019 2022 
2025 2028 2031 2034 2037 2040 2043 2046 2049 
2052 2055 2058 2061 2064 2067 2070 2073 2076 
2079 2082 2085 2088 2091 2094 2097 2100 2103 
2106 2109 2112 2115 2118 2121 2124 2127 2130 
2133 2136 2139 2142 2145 2148 2151 2154 2157 
2160 2163 2166 2169 2172 2175 2178 2181 2184 
2187 2190 2193 2196 2199 2202 2205 2208 2211 
2214 2217 2220 2223 2226 2229 2232 2235 2238 
2241 2244 2247 2250 2253 2256 2259 2262 2265 
2268 2271 2274 2277 2280 2283 2286 2289 2292 
2295 2298 2301 2304 2307 2310 2313 2316 2319 
2322 2325 2328 2331 2334 2337 2340 2343 2346 
2349 2352 2355 2358 2361 2364 2367 2370 2373 
2376 2379 2382 2385 2388 2391 2394 2397 2400 
2403 2406 2409 2412 2415 2418 2421 2424 2427 
2430 2433 2436 2439 2442 2445 2448 2451 2454 
2457 2460 2463 2466 2469 2472 2475 2478 2481 
2484 2487 2490 2493 2496 2499 2502 2505 2508 
2511 2514 2517 2520 2523 2526 2529 2532 2535 
2538 2541 2544 2547 2550 2553 2556 2559 2562 
2565 2568 2571 2574 2577 2580 2583 2586 2589 
2592 2595 2598 2601 2604 2607 2610 2613 2616 
2619 2622 2625 2628 2631 2634 2637 2640 2643 
2646 2649 2652 2655 2658 2661 2664 2667 2670 
2673 2676 2679 2682 2685 2688 2691 2694 2697 
2700 2703 2706 2709 2712 2715 2718 2721 2724 
2727 2730 2733 2736 2739 2742 2745 2748 2751 
2754 2757 2760 2763 2766 2769 2772 2775 2778 
2781 2784 2787 2790 2793 2796 2799 2802 2805 
2808 2811 2814 2817 2820 2823 2826 2829 2832 
2835 2838 2841 2844 2847 2850 2853 2856 2859 
2862 2865 2868 2871 2874 2877 2880 2883 2886 
2889 2892 2895 2898 2901 2904 2907 2910 2913 
2916 2919 2922 2925 2928 2931 2934 2937 2940 
2943 2946 2949 2952 2955 2958 2961 2964 2967 
2970 2973 2976 2979 2982 2985 2988 2991 2994 
2997 3000 3003 3006 3009 3012 3015 3018 3021 
3024 3027 3030 3033 3036 3039 3042 3045 3048 
3051 3054 3057 3060 3063 3066 3069 3072 3075 
3078 3081 3084 3087 3090 3093 3096 3099 3102 
3105 3108 3111 3114 3117 3120 3123 3126 3129 
3132 3135 3138 3141 3144 3147 3150 3153 3156 
3159 3162 3165 3168 3171 3174 3177 3180 3183 
3186 3189 3192 3195 3198 3201 3204 3207 3210 
3213 3216 3219 3222 3225 3228 3231 3234 3237 
3240 3243 3246 3249 3252 3255 3258 3261 3264 
3267 3270 3273 3276 3279 3282 3285 3288 3291 
3294 3297 3300 3303 3306 3309 3312 3315 3318 
3321 3324 3327 3330 3333 3336 3339 3342 3345 
3348 3351 3354 3357 3360 3363 3366 3369 3372 
3375 3378 3381 3384 3387 3390 3393 3396 3399 
3402 3405 3408 3411 3414 3417 3420 3423 3426 
3429 3432 3435 3438 3441 3444 3447 3450 3453 
3456 3459 3462 3465 3468 3471 3474 3477 3480 
3483 3486 3489 3492 3495 3498 3501 3504 3507 
3510 3513 3516 3519 3522 3525 3528 3531 3534 
3537 3540 3543 3546 3549 3552 3555 3558 3561 
3564 3567 3570 3573 3576 3579 3582 3585 3588 
3591 3594 3597 3600 3603 3606 3609 3612 3615 
3618 3621 3624 3627 3630 3633 3636 3639 3642 
3645 3648 3651 3654 3657 3660 3663 3666 3669 
3672 3675 3678 3681 3684 3687 3690 3693 3696 
3699 3702 3705 3708 3711 3714 3717 3720 3723 
3726 3729 3732 3735 3738 3741 3744 3747 3750 
3753 3756 3759 3762 3765 3768 3771 3774 3777 
3780 3783 3786 3789 3792 3795 3798 3801 3804 
3807 3810 3813 3816 3819 3822 3825 3828 3831 
3834 3837 3840 3843 3846 3849 3852 3855 3858 
3861 3864 3867 3870 3873 3876 3879 3882 3885 
3888 3891 3894 3897 3900 3903 3906 3909 3912 
3915 3918 3921 3924 3927 3930 3933 3936 3939 
3942 3945 3948 3951 3954 3957 3960 3963 3966 
3969 3972 3975 3978 3981 3984 3987 3990 3993 
3996 3999 4002 4005 4008 4011 4014 4017 4020 
4023 4026 4029 4032 4035 4038 4041 4044 4047 
4050 4053 4056 4059 4062 4065 4068 4071 4074 
4077 4080 4083 4086 4089 4092 4095 4098 4101 
4104 4107 4110 4113 4116 4119 4122 4125 4128 
4131 4134 4137 4140 4143 4146 4149 4152 4155 
4158 4161 4164 4167 4170 4173 4176 4179 4182 
4185 4188 4191 4194 4197 4200 4203 4206 4209 
4212 4215 4218 4221 4224 4227 4230 4233 4236 
4239 4242 4245 4248 4251 4254 4257 4260 4263 
4266 4269 4272 4275 4278 4281 4284 4287 4290 
4293 4296 4299 4302 4305 4308 4311 4314 4317 
4320 4323 4326 4329 4332 4335 4338 4341 4344 
4347 4350 4353 4356 4359 4362 4365 4368 4371 
4374 4377 4380 4383 4386 4389 4392 4395 4398 
4401 4404 4407 4410 4413 4416 4419 4422 4425 
4428 4431 4434 4437 4440 4443 4446 4449 4452 
4455 4458 4461 4464 4467 4470 4473 4476 4479 
4482 4485 4488 4491 4494 4497 4500 4503 4506 
4509 4512 4515 4518 4521 4524 4527 4530 4533 
4536 4539 4542 4545 4548 4551 4554 4557 4560 
4563 4566 4569 4572 4575 4578 4581 4584 4587 
4590 4593 4596 4599 4602 4605 4608 4611 4614 
4617 4620 4623 4626 4629 4632 4635 4638 4641 
4644 4647 4650 4653 4656 4659 4662 4665 4668 
4671 4674 4677 4680 4683 4686 4689 4692 4695 
4698 4701 4704 4707 4710 4713 4716 4719 4722 
4725 4728 4731 4734 4737 4740 4743 4746 4749 
4752 4755 4758 4761 4764 4767 4770 4773 4776 
4779 4782 4785 4788 4791 4794 4797 4800 4803 
4806 4809 4812 4815 4818 4821 4824 4827 4830 
4833 4836 4839 4842 4845 4848 4851 4854 4857 
4860 4863 4866 4869 4872 4875 4878 4881 4884 
4887 4890 4893 4896 4899 4902 4905 4908 4911 
4914 4917 4920 4923 4926 4929 4932 4935 4938 
4941 4944 4947 4950 4953 4956 4959 4962 4965 
4968 4971 4974 4977 4980 4983 4986 4989 4992 
4995 4998 5001 5004 5007 5010 5013 5016 5019 
5022 5025 5028 5031 5034 5037 5040 5043 5046 
5049 5052 5055 5058 5061 5064 5067 5070 5073 
5076 5079 5082 5085 5088 5091 5094 5097 5100 
5103 5106 5109 5112 5115 5118 5121 5124 5127 
5130 5133 5136 5139 5142 5145 5148 5151 5154 
5157 5160 5163 5166 5169 5172 5175 5178 5181 
5184 5187 5190 5193 5196 5199 5202 5205 5208 
5211 5214 5217 5220 5223 5226 5229 5232 5235 
5238 5241 5244 5247 5250 5253 5256 5259 5262 
5265 5268 5271 5274 5277 5280 5283 5286 5289 
5292 5295 5298 5301 5304 5307 5310 5313 5316 
5319 5322 5325 5328 5331 5334 5337 5340 5343 
5346 5349 5352 5355 5358 5361 5364 5367 5370 
5373 5376 5379 5382 5385 5388 5391 5394 5397 
5400 5403 5406 5409 5412 5415 5418 5421 5424 
5427 5430 5433 5436 5439 5442 5445 5448 5451 
5454 5457 5460 5463 5466 5469 5472 5475 5478 
5481 5484 5487 5490 5493 5496 5499 5502 5505 
5508 5511 5514 5517 5520 5523 5526 5529 5532 
5535 5538 5541 5544 5547 5550 5553 5556 5559 
5562 5565 5568 5571 5574 5577 5580 5583 5586 
5589 5592 5595 5598 5601 5604 5607 5610 5613 
5616 5619 5622 5625 5628 5631 5634 5637 5640 
5643 5646 5649 5652 5655 5658 5661 5664 5667 
5670 5673 5676 5679 5682 5685 5688 5691 5694 
5697 5700 5703 5706 5709 5712 5715 5718 5721 
5724 5727 5730 5733 5736 5739 5742 5745 5748 
5751 5754 5757 5760 5763 5766 5769 5772 5775 
5778 5781 5784 5787 5790 5793 5796 5799 5802 
5805 5808 5811 5814 5817 5820 5823 5826 5829 
5832 5835 5838 5841 5844 5847 5850 5853 5856 
5859 5862 5865 5868 5871 5874 5877 5880 5883 
5886 5889 5892 5895 5898 5901 5904 5907 5910 
5913 5916 5919 5922 5925 5928 5931 5934 5937 
5940 5943 5946 5949 5952 5955 5958 5961 5964 
5967 5970 5973 5976 5979 5982 5985 5988 5991 
5994 5997 6000 6003 6006 6009 6012 6015 6018 
6021 6024 6027 6030 6033 6036 6039 6042 6045 
6048 6051 6054 6057 6060 6063 6066 6069 6072 
6075 6078 6081 6084 6087 6090 6093 6096 6099 
6102 6105 6108 6111 6114 6117 6120 6123 6126 
6129 6132 6135 6138 6141 6144 6147 6150 6153 
6156 6159 6162 6165 6168 6171 6174 6177 6180 
6183 6186 6189 6192 6195 6198 6201 6204 6207 
6210 6213 6216 6219 6222 6225 6228 6231 6234 
6237 6240 6243 6246 6249 6252 6255 6258 6261 
6264 6267 6270 6273 6276 6279 6282 6285 6288 
6291 6294 6297 6300 6303 6306 6309 6312 6315 
6318 6321 6324 6327 6330 6333 6336 6339 6342 
6345 6348 6351 6354 6357 6360 6363 6366 6369 
6372 6375 6378 6381 6384 6387 6390 6393 6396 
6399 6402 6405 6408 6411 6414 6417 6420 6423 
6426 6429 6432 6435 6438 6441 6444 6447 6450 
6453 6456 6459 6462 6465 6468 6471 6474 6477 
6480 6483 6486 6489 6492 6495 6498 6501 6504 
6507 6510 6513 6516 6519 6522 6525 6528 6531 
6534 6537 6540 6543 6546 6549 6552 6555 6558 
6561 6564 6567 6570 6573 6576 6579 6582 6585 
6588 6591 6594 6597 6600 6603 6606 6609 6612 
6615 6618 6621 6624 6627 6630 6633 6636 6639 
6642 6645 6648 6651 6654 6657 6660 6663 6666 
6669 6672 6675 6678 6681 6684 6687 6690 6693 
6696 6699 6702 6705 6708 6711 6714 6717 6720 
6723 6726 6729 6732 6735 6738 6741 6744 6747 
6750 6753 6756 6759 6762 6765 6768 6771 6774 
6777 6780 6783 6786 6789 6792 6795 6798 6801 
6804 6807 6810 6813 6816 6819 6822 6825 6828 
6831 6834 6837 6840 6843 6846 6849 6852 6855 
6858 6861 6864 6867 6870 6873 6876 6879 6882 
6885 6888 6891 6894 6897 6900 6903 6906 6909 
6912 6915 6918 6921 6924 6927 6930 6933 6936 
6939 6942 6945 6948 6951 6954 6957 6960 6963 
6966 6969 6972 6975 6978 6981 6984 6987 6990 
6993 6996 6999 7002 7005 7008 7011 7014 7017 
7020 7023 7026 7029 7032 7035 7038 7041 7044 
7047 7050 7053 7056 7059 7062 7065 7068 7071 
7074 7077 7080 7083 7086 7089 7092 7095 7098 
7101 7104 7107 7110 7113 7116 7119 7122 7125 
7128 7131 7134 7137 7140 7143 7146 7149 7152 
7155 7158 7161 7164 7167 7170 7173 7176 7179 
7182 7185 7188 7191 7194 7197 7200 7203 7206 
7209 7212 7215 7218 7221 7224 7227 7230 7233 
7236 7239 7242 7245 7248 7251 7254 7257 7260 
7263 7266 7269 7272 7275 7278 7281 7284 7287 
7290 7293 7296 7299 7302 7305 7308 7311 7314 
7317 7320 7323 7326 7329 7332 7335 7338 7341 
7344 7347 7350 7353 7356 7359 7362 7365 7368 
7371 7374 7377 7380 7383 7386 7389 7392 7395 
7398 7401 7404 7407 7410 7413 7416 7419 7422 
7425 7428 7431 7434 7437 7440 7443 7446 7449 
7452 7455 7458 7461 7464 7467 7470 7473 7476 
7479 7482 7485 7488 7491 7494 7497 7500 7503 
7506 7509 7512 7515 7518 7521 7524 7527 7530 
7533 7536 7539 7542 7545 7548 7551 7554 7557 
7560 7563 7566 7569 7572 7575 7578 7581 7584 
7587 7590 7593 7596 7599 7602 7605 7608 7611 
7614 7617 7620 7623 7626 7629 7632 7635 7638 
7641 7644 7647 7650 7653 7656 7659 7662 7665 
7668 7671 7674 7677 7680 7683 7686 7689 7692 
7695 7698 7701 7704 7707 7710 7713 7716 7719 
7722 7725 7728 7731 7734 7737 7740 7743 7746 
7749 7752 7755 7758 7761 7764 7767 7770 7773 
7776 7779 7782 7785 7788 7791 7794 7797 7800 
7803 7806 7809 7812 7815 7818 7821 7824 7827 
7830 7833 7836 7839 7842 7845 7848 7851 7854 
7857 7860 7863 7866 7869 7872 7875 7878 7881 
7884 7887 7890 7893 7896 7899 7902 7905 7908 
7911 7914 7917 7920 7923 7926 7929 7932 7935 
7938 7941 7944 7947 7950 7953 7956 7959 7962 
7965 7968 7971 7974 7977 7980 7983 7986 7989 
7992 7995 7998 8001 8004 8007 8010 8013 8016 
8019 8022 8025 8028 8031 8034 8037 8040 8043 
8046 8049 8052 8055 8058 8061 8064 8067 8070 
8073 8076 8079 8082 8085 8088 8091 8094 8097 
8100 8103 8106 8109 8112 8115 8118 8121 8124 
8127 8130 8133 8136 8139 8142 8145 8148 8151 
8154 8157 8160 8163 8166 8169 8172 8175 8178 
8181 8184 8187 8190 8193 8196 8199 8202 8205 
8208 8211 8214 8217 8220 8223 8226 8229 8232 
8235 8238 8241 8244 8247 8250 8253 8256 8259 
8262 8265 8268 8271 8274 8277 8280 8283 8286 
8289 8292 8295 8298 8301 8304 8307 8310 8313 
8316 8319 8322 8325 8328 8331 8334 8337 8340 
8343 8346 8349 8352 8355 8358 8361 8364 8367 
8370 8373 8376 8379 8382 8385 8388 8391 8394 
8397 8400 8403 8406 8409 8412 8415 8418 8421 
8424 8427 8430 8433 8436 8439 8442 8445 8448 
8451 8454 8457 8460 8463 8466 8469 8472 8475 
8478 8481 8484 8487 8490 8493 8496 8499 8502 
8505 8508 8511 8514 8517 8520 8523 8526 8529 
8532 8535 8538 8541 8544 8547 8550 8553 8556 
8559 8562 8565 8568 8571 8574 8577 8580 8583 
8586 8589 8592 8595 8598 8601 8604 8607 8610 
8613 8616 8619 8622 8625 8628 8631 8634 8637 
8640 8643 8646 8649 8652 8655 8658 8661 8664 
8667 8670 8673 8676 8679 8682 8685 8688 8691 
8694 8697 8700 8703 8706 8709 8712 8715 8718 
8721 8724 8727 8730 8733 8736 8739 8742 8745 
8748 8751 8754 8757 8760 8763 8766 8769 8772 
8775 8778 8781 8784 8787 8790 8793 8796 8799 
8802 8805 8808 8811 8814 8817 8820 8823 8826 
8829 8832 8835 8838 8841 8844 8847 8850 8853 
8856 8859 8862 8865 8868 8871 8874 8877 8880 
8883 8886 8889 8892 8895 8898 8901 8904 8907 
8910 8913 8916 8919 8922 8925 8928 8931 8934 
8937 8940 8943 8946 8949 8952 8955 8958 8961 
8964 8967 8970 8973 8976 8979 8982 8985 8988 
8991 8994 8997 9000 9003 9006 9009 9012 9015 
9018 9021 9024 9027 9030 9033 9036 9039 9042 
9045 9048 9051 9054 9057 9060 9063 9066 9069 
9072 9075 9078 9081 9084 9087 9090 9093 9096 
9099 9102 9105 9108 9111 9114 9117 9120 9123 
9126 9129 9132 9135 9138 9141 9144 9147 9150 
9153 9156 9159 9162 9165 9168 9171 9174 9177 
9180 9183 9186 9189 9192 9195 9198 9201 9204 
9207 9210 9213 9216 9219 9222 9225 9228 9231 
9234 9237 9240 9243 9246 9249 9252 9255 9258 
9261 9264 9267 9270 9273 9276 9279 9282 9285 
9288 9291 9294 9297 9300 9303 9306 9309 9312 
9315 9318 9321 9324 9327 9330 9333 9336 9339 
9342 9345 9348 9351 9354 9357 9360 9363 9366 
9369 9372 9375 9378 9381 9384 9387 9390 9393 
9396 9399 9402 9405 9408 9411 9414 9417 9420 
9423 9426 9429 9432 9435 9438 9441 9444 9447 
9450 9453 9456 9459 9462 9465 9468 9471 9474 
9477 9480 9483 9486 9489 9492 9495 9498 9501 
9504 9507 9510 9513 9516 9519 9522 9525 9528 
9531 9534 9537 9540 9543 9546 9549 9552 9555 
9558 9561 9564 9567 9570 9573 9576 9579 9582 
9585 9588 9591 9594 9597 9600 9603 9606 9609 
9612 9615 9618 9621 9624 9627 9630 9633 9636 
9639 9642 9645 9648 9651 9654 9657 9660 9663 
9666 9669 9672 9675 9678 9681 9684 9687 9690 
9693 9696 9699 9702 9705 9708 9711 9714 9717 
9720 9723 9726 9729 9732 9735 9738 9741 9744 
9747 9750 9753 9756 9759 9762 9765 9768 9771 
9774 9777 9780 9783 9786 9789 9792 9795 9798 
9801 9804 9807 9810 9813 9816 9819 9822 9825 
9828 9831 9834 9837 9840 9843 9846 9849 9852 
9855 9858 9861 9864 9867 9870 9873 9876 9879 
9882 9885 9888 9891 9894 9897 9900 9903 9906 
9909 9912 9915 9918 9921 9924 9927 9930 9933 
9936 9939 9942 9945 9948 9951 9954 9957 9960 
9963 9966 9969 9972 9975 9978 9981 9984 9987 
9990 9993 9996 9999 10002 10005 10008 10011 10014 
10017 10020 10023 10026 10029 10032 10035 10038 10041 
10044 10047 10050 10053 10056 10059 10062 10065 10068 
10071 10074 10077 10080 10083 10086 10089 10092 10095 
10098 10101 10104 10107 10110 10113 10116 10119 10122 
10125 10128 10131 10134 10137 10140 10143 10146 10149 
10152 10155 10158 10161 10164 10167 10170 10173 10176 
10179 10182 10185 10188 10191 10194 10197 10200 10203 
10206 10209 10212 10215 10218 10221 10224 10227 10230 
10233 10236 10239 10242 10245 10248 10251 10254 10257 
10260 10263 10266 10269 10272 10275 10278 10281 10284 
10287 10290 10293 10296 10299 10302 10305 10308 10311 
10314 10317 10320 10323 10326 10329 10332 10335 10338 
10341 10344 10347 10350 10353 10356 10359 10362 10365 
10368 10371 10374 10377 10380 10383 10386 10389 10392 
10395 10398 10401 10404 10407 10410 10413 10416 10419 
10422 10425 10428 10431 10434 10437 10440 10443 10446 
10449 10452 10455 10458 10461 10464 10467 10470 10473 
10476 10479 10482 10485 10488 10491 10494 10497 10500 
10503 10506 10509 10512 10515 10518 10521 10524 10527 
10530 10533 10536 10539 10542 10545 10548 10551 10554 
10557 10560 10563 10566 10569 10572 10575 10578 10581 
10584 10587 10590 10593 10596 10599 10602 10605 10608 
10611 10614 10617 10620 10623 10626 10629 10632 10635 
10638 10641 10644 10647 10650 10653 10656 10659 10662 
10665 10668 10671 10674 10677 10680 10683 10686 10689 
10692 10695 10698 10701 10704 10707 10710 10713 10716 
10719 10722 10725 10728 10731 10734 10737 10740 10743 
10746 10749 10752 10755 10758 10761 10764 10767 10770 
10773 10776 10779 10782 10785 10788 10791 10794 10797 
10800 10803 10806 10809 10812 10815 10818 10821 10824 
10827 10830 10833 10836 10839 10842 10845 10848 10851 
10854 10857 10860 10863 10866 10869 10872 10875 10878 
10881 10884 10887 10890 10893 10896 10899 10902 10905 
10908 10911 10914 10917 10920 10923 10926 10929 10932 
10935 10938 10941 10944 10947 10950 10953 10956 10959 
10962 10965 10968 10971 10974 10977 10980 10983 10986 
10989 10992 10995 10998 11001 11004 11007 11010 11013 
11016 11019 11022 11025 11028 11031 11034 11037 11040 
11043 11046 11049 11052 11055 11058 11061 11064 11067 
11070 11073 11076 11079 11082 11085 11088 11091 11094 
11097 11100 11103 11106 11109 11112 11115 11118 11121 
11124 11127 11130 11133 11136 11139 11142 11145 11148 
11151 11154 11157 11160 11163 11166 11169 11172 11175 
11178 11181 11184 11187 11190 11193 11196 11199 11202 
11205 11208 11211 11214 11217 11220 11223 11226 11229 
11232 11235 11238 11241 11244 11247 11250 11253 11256 
11259 11262 11265 11268 11271 11274 11277 11280 11283 
11286 11289 11292 11295 11298 11301 11304 11307 11310 
11313 11316 11319 11322 11325 11328 11331 11334 11337 
11340 11343 11346 11349 11352 11355 11358 11361 11364 
11367 11370 11373 11376 11379 11382 11385 11388 11391 
11394 11397 11400 11403 11406 11409 11412 11415 11418 
11421 11424 11427 11430 11433 11436 11439 11442 11445 
11448 11451 11454 11457 11460 11463 11466 11469 11472 
11475 11478 11481 11484 11487 11490 11493 11496 11499 
11502 11505 11508 11511 11514 11517 11520 11523 11526 
11529 11532 11535 11538 11541 11544 11547 11550 11553 
11556 11559 11562 11565 11568 11571 11574 11577 11580 
11583 11586 11589 11592 11595 11598 11601 11604 11607 
11610 11613 11616 11619 11622 11625 11628 11631 11634 
11637 11640 11643 11646 11649 11652 11655 11658 11661 
11664 11667 11670 11673 11676 11679 11682 11685 11688 
11691 11694 11697 11700 11703 11706 11709 11712 11715 
11718 11721 11724 11727 11730 11733 11736 11739 11742 
11745 11748 11751 11754 11757 11760 11763 11766 11769 
11772 11775 11778 11781 11784 11787 11790 11793 11796 
11799 11802 11805 11808 11811 11814 11817 11820 11823 
11826 11829 11832 11835 11838 11841 11844 11847 11850 
11853 11856 11859 11862 11865 11868 11871 11874 11877 
11880 11883 11886 11889 11892 11895 11898 11901 11904 
11907 11910 11913 11916 11919 11922 11925 11928 11931 
11934 11937 11940 11943 11946 11949 11952 11955 11958 
11961 11964 11967 11970 11973 11976 11979 11982 11985 
11988 11991 11994 11997 12000 12003 12006 12009 12012 
12015 12018 12021 12024 12027 12030 12033 12036 12039 
12042 12045 12048 12051 12054 12057 12060 12063 12066 
12069 12072 12075 12078 12081 12084 12087 12090 12093 
12096 12099 12102 12105 12108 12111 12114 12117 12120 
12123 12126 12129 12132 12135 12138 12141 12144 12147 
12150 12153 12156 12159 12162 12165 12168 12171 12174 
12177 12180 12183 12186 12189 12192 12195 12198 12201 
12204 12207 12210 12213 12216 12219 12222 12225 12228 
12231 12234 12237 12240 12243 12246 12249 12252 12255 
12258 12261 12264 12267 12270 12273 12276 12279 12282 
12285 12288 12291 12294 12297 12300 12303 12306 12309 
12312 12315 12318 12321 12324 12327 12330 12333 12336 
12339 12342 12345 12348 12351 12354 12357 12360 12363 
12366 12369 12372 12375 12378 12381 12384 12387 12390 
12393 12396 12399 12402 12405 12408 12411 12414 12417 
12420 12423 12426 12429 12432 12435 12438 12441 12444 
12447 12450 12453 12456 12459 12462 12465 12468 12471 
12474 12477 12480 12483 12486 12489 12492 12495 12498 
12501 12504 12507 12510 12513 12516 12519 12522 12525 
12528 12531 12534 12537 12540 12543 12546 12549 12552 
12555 12558 12561 12564 12567 12570 12573 12576 12579 
12582 12585 12588 12591 12594 12597 12600 12603 12606 
12609 12612 12615 12618 12621 12624 12627 12630 12633 
12636 12639 12642 12645 12648 12651 12654 12657 12660 
12663 12666 12669 12672 12675 12678 12681 12684 12687 
12690 12693 12696 12699 12702 12705 12708 12711 12714 
12717 12720 12723 12726 12729 12732 12735 12738 12741 
12744 12747 12750 12753 12756 12759 12762 12765 12768 
12771 12774 12777 12780 12783 12786 12789 12792 12795 
12798 12801 12804 12807 12810 12813 12816 12819 12822 
12825 12828 12831 12834 12837 12840 12843 12846 12849 
12852 12855 12858 12861 12864 12867 12870 12873 12876 
12879 12882 12885 12888 12891 12894 12897 12900 12903 
12906 12909 12912 12915 12918 12921 12924 12927 12930 
12933 12936 12939 12942 12945 12948 12951 12954 12957 
12960 12963 12966 12969 12972 12975 12978 12981 12984 
12987 12990 12993 12996 12999 13002 13005 13008 13011 
13014 13017 13020 13023 13026 13029 13032 13035 13038 
13041 13044 13047 13050 13053 13056 13059 13062 13065 
13068 13071 13074 13077 13080 13083 13086 13089 13092 
13095 13098 13101 13104 13107 13110 13113 13116 13119 
13122 13125 13128 13131 13134 13137 13140 13143 13146 
13149 13152 13155 13158 13161 13164 13167 13170 13173 
13176 13179 13182 13185 13188 13191 13194 13197 13200 
13203 13206 13209 13212 13215 13218 13221 13224 13227 
13230 13233 13236 13239 13242 13245 13248 13251 13254 
13257 13260 13263 13266 13269 13272 13275 13278 13281 
13284 13287 13290 13293 13296 13299 13302 13305 13308 
13311 13314 13317 13320 13323 13326 13329 13332 13335 
13338 13341 13344 13347 13350 13353 13356 13359 13362 
13365 13368 13371 13374 13377 13380 13383 13386 13389 
13392 13395 13398 13401 13404 13407 13410 13413 13416 
13419 13422 13425 13428 13431 13434 13437 13440 13443 
13446 13449 13452 13455 13458 13461 13464 13467 13470 
13473 13476 13479 13482 13485 13488 13491 13494 13497 
13500 13503 13506 13509 13512 13515 13518 13521 13524 
13527 13530 13533 13536 13539 13542 13545 13548 13551 
13554 13557 13560 13563 13566 13569 13572 13575 13578 
13581 13584 13587 13590 13593 13596 13599 13602 13605 
13608 13611 13614 13617 13620 13623 13626 13629 13632 
13635 13638 13641 13644 13647 13650 13653 13656 13659 
13662 13665 13668 13671 13674 13677 13680 13683 13686 
13689 13692 13695 13698 13701 13704 13707 13710 13713 
13716 13719 13722 13725 13728 13731 13734 13737 13740 
13743 13746 13749 13752 13755 13758 13761 13764 13767 
13770 13773 13776 13779 13782 13785 13788 13791 13794 
13797 13800 13803 13806 13809 13812 13815 13818 13821 
13824 13827 13830 13833 13836 13839 13842 13845 13848 
13851 13854 13857 13860 13863 13866 13869 13872 13875 
13878 13881 13884 13887 13890 13893 13896 13899 13902 
13905 13908 13911 13914 13917 13920 13923 13926 13929 
13932 13935 13938 13941 13944 13947 13950 13953 13956 
13959 13962 13965 13968 13971 13974 13977 13980 13983 
13986 13989 13992 13995 13998 14001 14004 14007 14010 
14013 14016 14019 14022 14025 14028 14031 14034 14037 
14040 14043 14046 14049 14052 14055 14058 14061 14064 
14067 14070 14073 14076 14079 14082 14085 14088 14091 
14094 14097 14100 14103 14106 14109 14112 14115 14118 
14121 14124 14127 14130 14133 14136 14139 14142 14145 
14148 14151 14154 14157 14160 14163 14166 14169 14172 
14175 14178 14181 14184 14187 14190 14193 14196 14199 
14202 14205 14208 14211 14214 14217 14220 14223 14226 
14229 14232 14235 14238 14241 14244 14247 14250 14253 
14256 14259 14262 14265 14268 14271 14274 14277 14280 
14283 14286 14289 14292 14295 14298 14301 14304 14307 
14310 14313 14316 14319 14322 14325 14328 14331 14334 
14337 14340 14343 14346 14349 14352 14355 14358 14361 
14364 14367 14370 14373 14376 14379 14382 14385 14388 
14391 14394 14397 14400 14403 14406 14409 14412 14415 
14418 14421 14424 14427 14430 14433 14436 14439 14442 
14445 14448 14451 14454 14457 14460 14463 14466 14469 
14472 14475 14478 14481 14484 14487 14490 14493 14496 
14499 14502 14505 14508 14511 14514 14517 14520 14523 
14526 14529 14532 14535 14538 14541 14544 14547 14550 
14553 14556 14559 14562 14565 14568 14571 14574 14577 
14580 14583 14586 14589 14592 14595 14598 14601 14604 
14607 14610 14613 14616 14619 14622 14625 14628 14631 
14634 14637 14640 14643 14646 14649 14652 14655 14658 
14661 14664 14667 14670 14673 14676 14679 14682 14685 
14688 14691 14694 14697 14700 14703 14706 14709 14712 
14715 14718 14721 14724 14727 14730 14733 14736 14739 
14742 14745 14748 14751 14754 14757 14760 14763 14766 
14769 14772 14775 14778 14781 14784 14787 14790 14793 
14796 14799 14802 14805 14808 14811 14814 14817 14820 
14823 14826 14829 14832 14835 14838 14841 14844 14847 
14850 14853 14856 14859 14862 14865 14868 14871 14874 
14877 14880 14883 14886 14889 14892 14895 14898 14901 
14904 14907 14910 14913 14916 14919 14922 14925 14928 
14931 14934 14937 14940 14943 14946 14949 14952 14955 
14958 14961 14964 14967 14970 14973 14976 14979 14982 
14985 14988 14991 14994 14997 15000 15003 15006 15009 
15012 15015 15018 15021 15024 15027 15030 15033 15036 
15039 15042 15045 15048 15051 15054 15057 15060 15063 
15066 15069 15072 15075 15078 15081 15084 15087 15090 
15093 15096 15099 15102 15105 15108 15111 15114 15117 
15120 15123 15126 15129 15132 15135 15138 15141 15144 
15147 15150 15153 15156 15159 15162 15165 15168 15171 
15174 15177 15180 15183 15186 15189 15192 15195 15198 
15201 15204 15207 15210 15213 15216 15219 15222 15225 
15228 15231 15234 15237 15240 15243 15246 15249 15252 
15255 15258 15261 15264 15267 15270 15273 15276 15279 
15282 15285 15288 15291 15294 15297 15300 15303 15306 
15309 15312 15315 15318 15321 15324 15327 15330 15333 
15336 15339 15342 15345 15348 15351 15354 15357 15360 
15363 15366 15369 15372 15375 15378 15381 15384 15387 
15390 15393 15396 15399 15402 15405 15408 15411 15414 
15417 15420 15423 15426 15429 15432 15435 15438 15441 
15444 15447 15450 15453 15456 15459 15462 15465 15468 
15471 15474 15477 15480 15483 15486 15489 15492 15495 
15498 15501 15504 15507 15510 15513 15516 15519 15522 
15525 15528 15531 15534 15537 15540 15543 15546 15549 
15552 15555 15558 15561 15564 15567 15570 15573 15576 
15579 15582 15585 15588 15591 15594 15597 15600 15603 
15606 15609 15612 15615 15618 15621 15624 15627 15630 
15633 15636 15639 15642 15645 15648 15651 15654 15657 
15660 15663 15666 15669 15672 15675 15678 15681 15684 
15687 15690 15693 15696 15699 15702 15705 15708 15711 
15714 15717 15720 15723 15726 15729 15732 15735 15738 
15741 15744 15747 15750 15753 15756 15759 15762 15765 
15768 15771 15774 15777 15780 15783 15786 15789 15792 
15795 15798 15801 15804 15807 15810 15813 15816 15819 
15822 15825 15828 15831 15834 15837 15840 15843 15846 
15849 15852 15855 15858 15861 15864 15867 15870 15873 
15876 15879 15882 15885 15888 15891 15894 15897 15900 
15903 15906 15909 15912 15915 15918 15921 15924 15927 
15930 15933 15936 15939 15942 15945 15948 15951 15954 
15957 15960 15963 15966 15969 15972 15975 15978 15981 
15984 15987 15990 15993 15996 15999 16002 16005 16008 
16011 16014 16017 16020 16023 16026 16029 16032 16035 
16038 16041 16044 16047 16050 16053 16056 16059 16062 
16065 16068 16071 16074 16077 16080 16083 16086 16089 
16092 16095 16098 16101 16104 16107 16110 16113 16116 
16119 16122 16125 16128 16131 16134 16137 16140 16143 
16146 16149 16152 16155 16158 16161 16164 16167 16170 
16173 16176 16179 16182 16185 16188 16191 16194 16197 
16200 16203 16206 16209 16212 16215 16218 16221 16224 
16227 16230 16233 16236 16239 16242 16245 16248 16251 
16254 16257 16260 16263 16266 16269 16272 16275 16278 
16281 16284 16287 16290 16293 16296 16299 16302 16305 
16308 16311 16314 16317 16320 16323 16326 16329 16332 
16335 16338 16341 16344 16347 16350 16353 16356 16359 
16362 16365 16368 16371 16374 16377 16380 16383 16386 
16389 16392 16395 16398 16401 16404 16407 16410 16413 
16416 16419 16422 16425 16428 16431 16434 16437 16440 
16443 16446 16449 16452 16455 16458 16461 16464 16467 
16470 16473 16476 16479 16482 16485 16488 16491 16494 
16497 16500 16503 16506 16509 16512 16515 16518 16521 
16524 16527 16530 16533 16536 16539 16542 16545 16548 
16551 16554 16557 16560 16563 16566 16569 16572 16575 
16578 16581 16584 16587 16590 16593 16596 16599 16602 
16605 16608 16611 16614 16617 16620 16623 16626 16629 
16632 16635 16638 16641 16644 16647 16650 16653 16656 
16659 16662 16665 16668 16671 16674 16677 16680 16683 
16686 16689 16692 16695 16698 16701 16704 16707 16710 
16713 16716 16719 16722 16725 16728 16731 16734 16737 
16740 16743 16746 16749 16752 16755 16758 16761 16764 
16767 16770 16773 16776 16779 16782 16785 16788 16791 
16794 16797 16800 16803 16806 16809 16812 16815 16818 
16821 16824 16827 16830 16833 16836 16839 16842 16845 
16848 16851 16854 16857 16860 16863 16866 16869 16872 
16875 16878 16881 16884 16887 16890 16893 16896 16899 
16902 16905 16908 16911 16914 16917 16920 16923 16926 
16929 16932 16935 16938 16941 16944 16947 16950 16953 
16956 16959 16962 16965 16968 16971 16974 16977 16980 
16983 16986 16989 16992 16995 16998 17001 17004 17007 
17010 17013 17016 17019 17022 17025 17028 17031 17034 
17037 17040 17043 17046 17049 17052 17055 17058 17061 
17064 17067 17070 17073 17076 17079 17082 17085 17088 
17091 17094 17097 17100 17103 17106 17109 17112 17115 
17118 17121 17124 17127 17130 17133 17136 17139 17142 
17145 17148 17151 17154 17157 17160 17163 17166 17169 
17172 17175 17178 17181 17184 17187 17190 17193 17196 
17199 17202 17205 17208 17211 17214 17217 17220 17223 
17226 17229 17232 17235 17238 17241 17244 17247 17250 
17253 17256 17259 17262 17265 17268 17271 17274 17277 
17280 17283 17286 17289 17292 17295 17298 17301 17304 
17307 17310 17313 17316 17319 17322 17325 17328 17331 
17334 17337 17340 17343 17346 17349 17352 17355 17358 
17361 17364 17367 17370 17373 17376 17379 17382 17385 
17388 17391 17394 17397 17400 17403 17406 17409 17412 
17415 17418 17421 17424 17427 17430 17433 17436 17439 
17442 17445 17448 17451 17454 17457 17460 17463 17466 
17469 17472 17475 17478 17481 17484 17487 17490 17493 
17496 17499 17502 17505 17508 17511 17514 17517 17520 
17523 17526 17529 17532 17535 17538 17541 17544 17547 
17550 17553 17556 17559 17562 17565 17568 17571 17574 
17577 17580 17583 17586 17589 17592 17595 17598 17601 
17604 17607 17610 17613 17616 17619 17622 17625 17628 
17631 17634 17637 17640 17643 17646 17649 17652 17655 
17658 17661 17664 17667 17670 17673 17676 17679 17682 
17685 17688 17691 17694 17697 17700 17703 17706 17709 
17712 17715 17718 17721 17724 17727 17730 17733 17736 
17739 17742 17745 17748 17751 17754 17757 17760 17763 
17766 17769 17772 17775 17778 17781 17784 17787 17790 
17793 17796 17799 17802 17805 17808 17811 17814 17817 
17820 17823 17826 17829 17832 17835 17838 17841 17844 
17847 17850 17853 17856 17859 17862 17865 17868 17871 
17874 17877 17880 17883 17886 17889 17892 17895 17898 
17901 17904 17907 17910 17913 17916 17919 17922 17925 
17928 17931 17934 17937 17940 17943 17946 17949 17952 
17955 17958 17961 17964 17967 17970 17973 17976 17979 
17982 17985 17988 17991 17994 17997 18000 18003 18006 
18009 18012 18015 18018 18021 18024 18027 18030 18033 
18036 18039 18042 18045 18048 18051 18054 18057 18060 
18063 18066 18069 18072 18075 18078 18081 18084 18087 
18090 18093 18096 18099 18102 18105 18108 18111 18114 
18117 18120 18123 18126 18129 18132 18135 18138 18141 
18144 18147 18150 18153 18156 18159 18162 18165 18168 
18171 18174 18177 18180 18183 18186 18189 18192 18195 
18198 18201 18204 18207 18210 18213 18216 18219 18222 
18225 18228 18231 18234 18237 18240 18243 18246 18249 
18252 18255 18258 18261 18264 18267 18270 18273 18276 
18279 18282 18285 18288 18291 18294 18297 18300 18303 
18306 18309 18312 18315 18318 18321 18324 18327 18330 
18333 18336 18339 18342 18345 18348 18351 18354 18357 
18360 18363 18366 18369 18372 18375 18378 18381 18384 
18387 18390 18393 18396 18399 18402 18405 18408 18411 
18414 18417 18420 18423 18426 18429 18432 18435 18438 
18441 18444 18447 18450 18453 18456 18459 18462 18465 
18468 18471 18474 18477 18480 18483 18486 18489 18492 
18495 18498 18501 18504 18507 18510 18513 18516 18519 
18522 18525 18528 18531 18534 18537 18540 18543 18546 
18549 18552 18555 18558 18561 18564 18567 18570 18573 
18576 18579 18582 18585 18588 18591 18594 18597 18600 
18603 18606 18609 18612 18615 18618 18621 18624 18627 
18630 18633 18636 18639 18642 18645 18648 18651 18654 
18657 18660 18663 18666 18669 18672 18675 18678 18681 
18684 18687 18690 18693 18696 18699 18702 18705 18708 
18711 18714 18717 18720 18723 18726 18729 18732 18735 
18738 18741 18744 18747 18750 18753 18756 18759 18762 
18765 18768 18771 18774 18777 18780 18783 18786 18789 
18792 18795 18798 18801 18804 18807 18810 18813 18816 
18819 18822 18825 18828 18831 18834 18837 18840 18843 
18846 18849 18852 18855 18858 18861 18864 18867 18870 
18873 18876 18879 18882 18885 18888 18891 18894 18897 
18900 18903 18906 18909 18912 18915 18918 18921 18924 
18927 18930 18933 18936 18939 18942 18945 18948 18951 
18954 18957 18960 18963 18966 18969 18972 18975 18978 
18981 18984 18987 18990 18993 18996 18999 19002 19005 
19008 19011 19014 19017 19020 19023 19026 19029 19032 
19035 19038 19041 19044 19047 19050 19053 19056 19059 
19062 19065 19068 19071 19074 19077 19080 19083 19086 
19089 19092 19095 19098 19101 19104 19107 19110 19113 
19116 19119 19122 19125 19128 19131 19134 19137 19140 
19143 19146 19149 19152 19155 19158 19161 19164 19167 
19170 19173 19176 19179 19182 19185 19188 19191 19194 
19197 19200 19203 19206 19209 19212 19215 19218 19221 
19224 19227 19230 19233 19236 19239 19242 19245 19248 
19251 19254 19257 19260 19263 19266 19269 19272 19275 
19278 19281 19284 19287 19290 19293 19296 19299 19302 
19305 19308 19311 19314 19317 19320 19323 19326 19329 
19332 19335 19338 19341 19344 19347 19350 19353 19356 
19359 19362 19365 19368 19371 19374 19377 19380 19383 
19386 19389 19392 19395 19398 19401 19404 19407 19410 
19413 19416 19419 19422 19425 19428 19431 19434 19437 
19440 19443 19446 19449 19452 19455 19458 19461 19464 
19467 19470 19473 19476 19479 19482 19485 19488 19491 
19494 19497 19500 19503 19506 19509 19512 19515 19518 
19521 19524 19527 19530 19533 19536 19539 19542 19545 
19548 19551 19554 19557 19560 19563 19566 19569 19572 
19575 19578 19581 19584 19587 19590 19593 19596 19599 
19602 19605 19608 19611 19614 19617 19620 19623 19626 
19629 19632 19635 19638 19641 19644 19647 19650 19653 
19656 19659 19662 19665 19668 19671 19674 19677 19680 
19683 19686 19689 19692 19695 19698 19701 19704 19707 
19710 19713 19716 19719 19722 19725 19728 19731 19734 
19737 19740 19743 19746 19749 19752 19755 19758 19761 
19764 19767 19770 19773 19776 19779 19782 19785 19788 
19791 19794 19797 19800 19803 19806 19809 19812 19815 
19818 19821 19824 19827 19830 19833 19836 19839 19842 
19845 19848 19851 19854 19857 19860 19863 19866 19869 
19872 19875 19878 19881 19884 19887 19890 19893 19896 
19899 19902 19905 19908 19911 19914 19917 19920 19923 
19926 19929 19932 19935 19938 19941 19944 19947 19950 
19953 19956 19959 19962 19965 19968 19971 19974 19977 
19980 19983 19986 19989 19992 19995 19998 20001 20004 
20007 20010 20013 20016 20019 20022 20025 20028 20031 
20034 20037 20040 20043 20046 20049 20052 20055 20058 
20061 20064 20067 20070 20073 20076 20079 20082 20085 
20088 20091 20094 20097 20100 20103 20106 20109 20112 
20115 20118 20121 20124 20127 20130 20133 20136 20139 
20142 20145 20148 20151 20154 20157 20160 20163 20166 
20169 20172 20175 20178 20181 20184 20187 20190 20193 
20196 20199 20202 20205 20208 20211 20214 20217 20220 
20223 20226 20229 20232 20235 20238 20241 20244 20247 
20250 20253 20256 20259 20262 20265 20268 20271 20274 
20277 20280 20283 20286 20289 20292 20295 20298 20301 
20304 20307 20310 20313 20316 20319 20322 20325 20328 
20331 20334 20337 20340 20343 20346 20349 20352 20355 
20358 20361 20364 20367 20370 20373 20376 20379 20382 
20385 20388 20391 20394 20397 20400 20403 20406 20409 
20412 20415 20418 20421 20424 20427 20430 20433 20436 
20439 20442 20445 20448 20451 20454 20457 20460 20463 
20466 20469 20472 20475 20478 20481 20484 20487 20490 
20493 20496 20499 20502 20505 20508 20511 20514 20517 
20520 20523 20526 20529 20532 20535 20538 20541 20544 
20547 20550 20553 20556 20559 20562 20565 20568 20571 
20574 20577 20580 20583 20586 20589 20592 20595 20598 
20601 20604 20607 20610 20613 20616 20619 20622 20625 
20628 20631 20634 20637 20640 20643 20646 20649 20652 
20655 20658 20661 20664 20667 20670 20673 20676 20679 
20682 20685 20688 20691 20694 20697 20700 
CONNECTIVITY vtktypeint64
0 1 2 0 3 4 1 0 4 
3 5 6 4 3 6 5 7 8 
6 5 8 7 9 10 8 7 10 
10 9 11 12 0 2 13 12 2 
3 0 14 14 0 12 5 3 15 
15 3 14 7 5 16 16 5 15 
9 7 17 17 7 16 18 11 9 
18 9 19 19 9 17 19 20 21 
18 19 21 20 22 23 21 20 23 
23 22 24 25 12 13 26 25 13 
14 12 27 27 12 25 15 14 28 
28 14 27 16 15 29 29 15 28 
17 16 30 30 16 29 19 17 31 
31 17 30 20 19 32 32 19 31 
22 20 33 33 20 32 34 24 22 
34 22 35 35 22 33 35 36 37 
34 35 37 36 38 39 37 36 39 
39 38 40 25 26 41 27 25 41 
42 27 41 42 43 44 42 44 27 
27 44 28 29 28 45 45 28 44 
30 29 46 46 29 45 31 30 47 
47 30 46 32 31 48 48 31 47 
33 32 49 49 32 48 35 33 50 
50 33 49 36 35 51 51 35 50 
38 36 52 52 36 51 53 40 38 
52 53 38 44 43 54 45 44 54 
55 45 54 46 45 55 56 46 55 
56 57 58 56 58 46 46 58 47 
48 47 59 59 47 58 49 48 60 
60 48 59 50 49 61 61 49 60 
51 50 62 62 50 61 52 51 63 
63 51 62 64 53 52 64 52 65 
65 52 63 65 66 67 64 65 67 
67 66 68 58 57 69 59 58 69 
70 59 69 60 59 70 71 60 70 
71 72 73 71 73 60 60 73 61 
62 61 74 74 61 73 63 62 75 
75 62 74 65 63 76 76 63 75 
66 65 77 77 65 76 78 68 66 
78 66 79 79 66 77 78 79 80 
73 72 81 81 82 83 81 83 73 
73 83 74 75 74 84 84 74 83 
76 75 85 85 75 84 77 76 86 
86 76 85 79 77 87 87 77 86 
88 80 79 87 88 79 83 82 89 
89 90 91 89 91 83 83 91 84 
85 84 92 92 84 91 86 85 93 
93 85 92 94 95 87 94 87 93 
93 87 86 88 87 95 91 90 96 
96 97 98 96 98 91 91 98 92 
93 92 99 99 92 98 100 94 93 
99 100 93 98 97 101 99 98 101 
102 99 101 100 99 102 103 104 105 
103 106 107 104 103 107 106 108 109 
107 106 109 108 110 111 109 108 111 
111 110 112 113 114 115 105 114 113 
105 113 103 103 113 116 106 103 117 
117 103 116 108 106 118 118 106 117 
110 108 119 119 108 118 120 112 110 
120 110 121 121 110 119 121 122 123 
120 121 123 123 122 124 125 113 115 
126 125 115 1 125 2 1 116 125 
116 113 125 4 116 1 117 116 4 
6 117 4 118 117 6 8 118 6 
119 118 8 10 119 8 121 119 10 
11 121 10 11 127 121 127 122 121 
128 124 122 128 122 129 129 122 127 
129 130 131 128 129 131 130 132 133 
131 130 133 133 132 134 135 125 126 
136 135 126 2 135 13 125 135 2 
11 18 127 21 127 18 129 127 21 
23 129 21 130 129 23 24 130 23 
24 137 130 137 132 130 138 134 132 
138 132 139 139 132 137 139 140 141 
138 139 141 141 140 142 135 136 143 
143 13 135 143 144 13 144 26 13 
24 34 137 37 137 34 139 137 37 
39 139 37 140 139 39 40 145 146 
39 40 146 39 146 142 39 142 140 
145 147 148 146 145 148 148 147 149 
26 144 150 41 26 150 151 150 152 
151 42 150 42 41 150 42 151 43 
145 53 153 40 53 145 147 145 154 
154 145 153 155 149 147 155 147 156 
156 147 154 155 156 157 151 152 158 
43 151 158 43 158 54 54 158 159 
55 54 160 54 159 160 161 160 162 
161 56 160 56 55 160 56 161 57 
53 64 153 67 153 64 154 153 67 
68 154 67 68 163 154 163 156 154 
164 157 156 164 156 165 165 156 163 
164 165 166 161 162 167 57 161 167 
57 167 69 69 167 168 70 69 169 
69 168 169 71 70 170 70 169 170 
72 171 172 72 71 171 71 170 171 
171 173 172 68 78 163 80 163 78 
80 174 163 174 165 163 175 166 165 
174 175 165 72 172 81 82 176 177 
81 176 82 81 173 176 81 172 173 
176 178 177 174 88 179 80 88 174 
180 175 174 179 180 174 82 177 89 
90 181 182 89 181 90 89 178 181 
89 177 178 181 183 182 95 94 184 
95 179 88 95 184 179 184 185 179 
186 180 179 185 186 179 90 182 96 
97 187 188 96 187 97 96 183 187 
96 182 183 187 189 188 184 100 190 
94 100 184 185 184 191 191 184 190 
192 186 185 191 192 185 97 188 101 
188 189 193 188 193 101 101 193 102 
190 100 102 190 102 194 194 102 193 
191 190 194 195 191 194 192 191 195 
196 197 198 197 196 199 200 201 202 
198 203 196 201 200 204 199 196 203 
205 206 207 202 206 205 202 205 200 
200 205 208 209 204 200 208 209 200 
210 211 212 207 211 210 207 210 205 
205 210 213 208 205 214 214 205 213 
215 209 208 215 208 216 216 208 214 
215 216 217 104 210 212 104 212 105 
105 212 218 107 210 104 213 210 107 
109 213 107 214 213 109 111 214 109 
216 214 111 112 219 220 111 112 220 
111 220 217 111 217 216 219 221 222 
220 219 222 222 221 223 114 224 225 
115 114 225 218 114 105 224 114 218 
112 120 219 123 219 120 221 219 123 
124 226 227 123 124 227 123 227 223 
123 223 221 226 228 229 227 226 229 
228 230 231 229 228 231 231 230 232 
115 225 126 225 233 126 124 128 226 
131 226 128 228 226 131 133 228 131 
230 228 133 134 234 235 133 134 235 
133 235 232 133 232 230 234 236 237 
235 234 237 236 238 239 237 236 239 
239 238 240 126 233 136 233 241 136 
134 138 234 141 234 138 236 234 141 
142 236 141 142 242 236 242 238 236 
243 240 238 243 238 244 244 238 242 
244 245 246 243 244 246 245 247 248 
246 245 248 248 247 249 136 241 250 
143 136 250 250 144 143 251 144 250 
142 146 242 148 242 146 244 242 148 
149 244 148 149 252 244 252 245 244 
247 245 253 253 245 252 254 249 247 
254 247 255 255 247 253 254 255 256 
144 251 257 150 144 257 257 152 150 
258 152 257 149 155 252 157 252 155 
157 259 252 259 253 252 255 253 260 
260 253 259 261 256 255 260 261 255 
152 258 262 158 152 262 159 158 263 
158 262 263 160 159 264 159 263 264 
264 162 160 265 162 264 157 164 259 
166 259 164 166 266 259 266 260 259 
267 261 260 267 260 268 268 260 266 
268 269 270 267 268 270 270 269 271 
162 265 272 167 162 272 168 167 273 
167 272 273 169 168 274 168 273 274 
170 169 275 169 274 275 171 170 276 
170 275 276 276 173 171 277 173 276 
266 175 278 166 175 266 268 266 279 
279 266 278 269 268 280 280 268 279 
281 271 269 281 269 282 282 269 280 
281 282 283 173 277 284 176 173 284 
284 178 176 285 178 284 278 180 286 
175 180 278 279 278 287 287 278 286 
288 289 280 288 280 287 287 280 279 
282 280 289 290 282 289 283 282 290 
178 285 291 181 178 291 183 292 293 
183 181 292 181 291 292 292 294 293 
286 186 295 180 186 286 296 297 287 
296 287 295 295 287 286 288 287 297 
183 293 187 189 298 299 187 298 189 
187 294 298 187 293 294 298 300 299 
295 301 302 295 186 301 186 192 301 
296 295 302 189 299 193 299 300 303 
299 303 193 193 303 194 195 194 304 
194 303 304 301 192 195 304 301 195 
305 306 307 305 308 309 306 305 309 
309 308 310 197 311 312 198 197 312 
199 313 305 199 305 311 199 311 197 
311 305 307 308 305 314 314 305 313 
315 310 308 314 315 308 201 316 317 
202 201 317 201 318 316 201 204 318 
316 318 312 203 198 318 312 318 198 
203 313 199 203 318 313 318 319 313 
314 313 320 320 313 319 321 315 314 
320 321 314 206 322 323 207 206 323 
317 206 202 322 206 317 318 209 324 
204 209 318 319 318 325 325 318 324 
320 319 326 326 319 325 327 321 320 
326 327 320 211 328 329 212 211 329 
323 211 207 328 211 323 209 215 324 
217 324 215 217 330 324 330 325 324 
326 325 331 331 325 330 332 327 326 
331 332 326 212 329 218 329 333 218 
217 220 330 222 330 220 331 330 222 
223 334 335 222 223 335 222 335 332 
222 332 331 334 336 337 335 334 337 
336 338 339 337 336 339 339 338 340 
224 341 225 224 342 341 224 218 342 
218 333 342 223 227 334 229 334 227 
336 334 229 231 336 229 338 336 231 
232 343 344 231 232 344 231 344 340 
231 340 338 343 345 346 344 343 346 
345 347 348 346 345 348 347 349 350 
348 347 350 349 351 352 350 349 352 
351 353 354 352 351 354 353 355 356 
354 353 356 355 357 358 356 355 358 
357 359 360 358 357 360 360 359 361 
341 362 363 341 363 225 225 363 233 
342 362 341 232 235 343 237 343 235 
345 343 237 239 345 237 347 345 239 
240 347 239 240 364 347 364 349 347 
351 349 365 365 349 364 353 351 366 
366 351 365 355 353 367 367 353 366 
357 355 368 368 355 367 359 357 369 
369 357 368 370 361 359 370 359 371 
371 359 369 370 371 372 233 363 241 
363 373 241 240 243 364 246 364 243 
365 364 246 248 365 246 366 365 248 
249 366 248 249 374 366 374 367 366 
368 367 375 375 367 374 369 368 376 
376 368 375 371 369 377 377 369 376 
378 372 371 377 378 371 241 373 379 
250 241 379 379 251 250 380 251 379 
249 254 374 256 374 254 256 381 374 
381 375 374 376 375 382 382 375 381 
377 376 383 383 376 382 384 378 377 
383 384 377 251 380 385 257 251 385 
385 258 257 386 258 385 381 261 387 
256 261 381 382 381 388 388 381 387 
383 382 389 389 382 388 390 384 383 
389 390 383 258 386 391 262 258 391 
263 262 392 262 391 392 264 263 393 
263 392 393 265 394 395 265 264 394 
264 393 394 394 396 395 397 398 399 
399 400 397 261 267 387 270 387 267 
388 387 270 271 388 270 271 401 388 
401 389 388 402 390 389 402 389 403 
403 389 401 402 403 404 265 395 272 
395 396 405 395 405 272 272 405 273 
398 397 274 398 274 405 405 274 273 
397 400 406 397 406 274 274 406 275 
276 275 407 275 406 407 407 277 276 
408 277 407 271 281 401 409 403 401 
409 401 283 409 283 410 281 283 401 
404 403 409 277 408 411 284 277 411 
411 285 284 412 285 411 289 413 414 
288 413 289 290 289 415 289 414 415 
410 283 290 415 410 290 285 412 416 
291 285 416 292 291 417 291 416 417 
417 294 292 418 294 417 297 419 420 
296 419 297 413 288 297 420 413 297 
294 418 421 298 294 421 300 422 423 
300 298 422 298 421 422 423 424 425 
422 424 423 425 302 301 425 424 302 
424 426 302 419 296 302 426 419 302 
300 423 303 304 303 423 425 304 423 
301 304 425 427 428 429 427 430 431 
428 427 431 430 432 433 431 430 433 
433 432 434 306 435 436 307 306 436 
309 437 306 306 437 435 310 438 427 
310 427 437 310 437 309 437 427 429 
430 427 439 439 427 438 432 430 440 
440 430 439 441 434 432 441 432 442 
442 432 440 441 442 443 311 444 445 
312 311 445 436 311 307 444 311 436 
438 315 446 310 315 438 439 438 447 
447 438 446 440 439 448 448 439 447 
442 440 449 449 440 448 450 443 442 
449 450 442 316 451 452 317 316 452 
445 316 312 451 316 445 446 321 453 
315 321 446 447 446 454 454 446 453 
448 447 455 455 447 454 449 448 456 
456 448 455 457 450 449 456 457 449 
322 458 323 322 459 458 322 317 459 
317 452 459 453 327 460 321 327 453 
454 453 461 461 453 460 455 454 462 
462 454 461 456 455 463 463 455 462 
464 457 456 464 456 465 465 456 463 
464 465 466 467 468 469 468 467 470 
328 471 329 328 472 471 323 472 328 
323 473 472 323 458 473 459 473 458 
460 332 474 327 332 460 461 460 475 
475 460 474 462 461 476 476 461 475 
463 462 477 477 462 476 465 463 478 
478 463 477 479 466 465 479 465 480 
480 465 478 480 481 482 479 480 482 
482 481 483 467 469 484 470 467 484 
471 485 486 471 486 329 329 486 333 
472 485 471 332 335 474 337 474 335 
475 474 337 339 475 337 476 475 339 
340 476 339 340 487 476 487 477 476 
478 477 488 488 477 487 480 478 489 
489 478 488 481 480 490 490 480 489 
491 483 481 491 481 492 492 481 490 
492 493 494 491 492 494 494 493 495 
496 497 498 497 496 499 333 486 342 
486 500 342 340 344 487 346 487 344 
488 487 346 348 488 346 489 488 348 
350 489 348 490 489 350 352 490 350 
492 490 352 354 492 352 493 492 354 
493 501 495 493 354 501 354 356 501 
358 502 356 356 502 501 498 360 496 
498 502 360 502 358 360 361 503 504 
360 361 504 360 504 499 360 499 496 
504 503 505 362 506 507 363 362 507 
500 362 342 506 362 500 361 370 503 
372 508 509 370 372 509 370 509 505 
370 505 503 509 508 510 511 512 373 
511 373 507 507 373 363 511 513 512 
508 378 514 372 378 508 515 510 508 
515 508 516 516 508 514 515 516 517 
373 512 379 512 380 379 512 513 380 
513 518 380 514 384 519 378 384 514 
516 514 520 520 514 519 521 517 516 
520 521 516 380 518 522 385 380 522 
522 386 385 523 386 522 519 390 524 
384 390 519 520 519 525 525 519 524 
526 521 520 526 520 527 527 520 525 
526 527 528 386 523 529 391 386 529 
392 391 530 391 529 530 393 392 531 
392 530 531 394 393 532 393 531 532 
396 533 534 396 394 533 394 532 533 
534 399 398 534 533 399 533 535 399 
400 536 537 400 399 536 399 535 536 
536 538 537 539 390 402 539 540 390 
524 390 541 541 390 540 541 542 525 
541 525 524 402 404 539 527 525 542 
543 527 542 528 527 543 396 534 405 
398 405 534 400 537 406 537 538 544 
537 544 406 406 544 407 408 545 546 
408 407 545 407 544 545 545 547 546 
548 549 550 540 548 550 539 548 540 
539 410 548 539 409 410 404 409 539 
408 546 411 412 551 552 411 551 412 
411 547 551 411 546 547 551 553 552 
554 555 556 554 414 413 554 556 414 
556 557 414 549 548 415 549 415 557 
557 415 414 410 415 548 412 552 416 
552 553 558 552 558 416 416 558 417 
558 418 417 559 418 558 560 561 562 
555 560 562 554 560 555 554 419 560 
554 420 419 413 420 554 418 559 563 
421 418 563 422 421 564 421 563 564 
424 422 565 422 564 565 561 560 426 
561 426 565 565 426 424 419 426 560 
428 566 567 429 428 567 431 568 428 
428 568 566 433 569 431 431 569 568 
434 570 571 434 571 433 433 571 569 
571 570 572 435 573 436 574 573 435 
574 435 575 575 435 437 567 437 429 
575 437 567 434 441 570 570 441 443 
570 443 572 572 443 576 444 577 445 
444 578 577 436 578 444 436 579 578 
436 573 579 574 579 573 580 581 582 
580 582 576 580 576 450 450 576 443 
451 583 452 451 584 583 445 584 451 
445 585 584 445 577 585 578 585 577 
586 581 580 587 581 586 450 457 586 
580 450 586 588 589 590 588 591 592 
589 588 592 591 593 594 592 591 594 
593 595 596 594 593 596 596 595 597 
583 598 599 583 599 452 452 599 459 
584 598 583 586 600 587 601 602 600 
464 601 600 464 600 586 464 586 457 
464 466 601 588 590 603 603 604 605 
603 605 588 588 605 591 468 605 469 
468 593 605 593 591 605 470 593 468 
470 606 593 606 595 593 607 597 595 
607 595 608 608 595 606 608 609 610 
607 608 610 609 611 612 610 609 612 
612 611 613 473 614 472 473 615 614 
473 459 615 459 599 615 601 616 602 
466 616 601 466 479 616 479 617 616 
482 618 479 479 618 617 618 482 483 
619 618 483 620 621 622 604 621 620 
604 620 605 605 620 623 469 624 484 
469 605 624 605 623 624 484 606 470 
484 624 606 624 625 606 608 606 626 
626 606 625 609 608 627 627 608 626 
628 629 611 628 611 627 627 611 609 
613 611 629 485 630 486 485 631 630 
472 631 485 472 632 631 472 614 632 
615 632 614 483 633 619 491 633 483 
494 634 491 491 634 633 495 635 636 
495 636 494 494 636 634 635 637 638 
636 635 638 622 638 637 620 622 637 
620 637 498 620 498 497 499 620 497 
499 639 620 639 623 620 624 623 640 
640 623 639 625 624 641 641 624 640 
626 625 642 642 625 641 627 626 643 
643 626 642 644 628 627 643 644 627 
630 645 500 486 630 500 646 630 631 
645 630 646 495 501 635 502 635 501 
637 635 502 498 637 502 499 504 639 
505 639 504 505 647 639 647 640 639 
641 640 648 648 640 647 642 641 649 
649 641 648 643 642 650 650 642 649 
651 644 643 650 651 643 506 652 507 
506 653 652 500 653 506 500 654 653 
500 645 654 646 654 645 505 509 647 
510 647 509 510 655 647 655 648 647 
649 648 656 656 648 655 650 649 657 
657 649 656 658 651 650 657 658 650 
507 652 511 652 513 511 652 653 513 
653 659 513 510 515 655 517 655 515 
517 660 655 660 656 655 661 662 657 
661 657 660 660 657 656 658 657 662 
663 664 518 663 518 659 659 518 513 
663 665 664 660 521 666 517 521 660 
667 661 660 667 660 668 668 660 666 
667 668 669 518 664 522 523 670 671 
522 670 523 522 665 670 522 664 665 
671 672 673 670 672 671 672 674 673 
675 676 677 675 678 679 677 678 675 
678 680 679 681 521 526 681 682 521 
666 521 683 683 521 682 683 684 668 
683 668 666 526 528 681 669 668 684 
523 671 529 530 529 671 673 530 671 
673 674 685 673 685 530 530 685 531 
532 531 686 531 685 686 676 675 533 
676 533 686 686 533 532 535 533 675 
679 535 675 679 680 687 679 687 535 
535 687 536 538 688 689 538 536 688 
536 687 688 688 690 689 541 691 692 
540 691 541 542 541 693 541 692 693 
682 681 543 682 543 693 693 543 542 
528 543 681 538 689 544 689 690 694 
689 694 544 544 694 545 694 547 545 
695 547 694 550 696 697 549 696 550 
691 540 550 697 691 550 547 695 698 
551 547 698 553 699 700 553 551 699 
551 698 699 699 701 700 556 555 702 
703 556 702 703 704 556 704 557 556 
696 549 557 704 696 557 553 700 558 
559 705 706 558 705 559 558 701 705 
558 700 701 706 707 708 705 707 706 
708 709 710 707 709 708 710 562 561 
710 709 562 709 711 562 702 555 562 
702 562 712 712 562 711 703 702 712 
559 706 563 564 563 706 708 564 706 
565 564 708 710 565 708 561 565 710 
566 713 714 567 566 714 568 715 566 
566 715 713 569 716 568 568 716 715 
717 718 716 717 716 571 571 716 569 
571 572 717 575 719 720 574 575 720 
714 575 567 719 575 714 721 718 717 
722 718 721 572 576 721 717 572 721 
723 724 725 724 723 726 579 727 728 
578 579 728 720 579 574 727 579 720 
582 722 721 582 581 722 581 729 722 
576 582 721 723 725 730 731 732 733 
726 723 730 733 734 735 731 733 735 
734 736 737 735 734 737 736 738 739 
737 736 739 738 740 741 739 738 741 
741 740 742 585 743 744 584 585 744 
728 585 578 743 585 728 745 587 746 
745 729 587 729 581 587 745 746 747 
748 733 732 749 748 732 589 748 590 
589 734 748 734 733 748 592 734 589 
736 734 592 594 736 592 738 736 594 
596 738 594 740 738 596 597 750 751 
596 597 751 596 751 742 596 742 740 
750 752 753 751 750 753 752 754 755 
753 752 755 755 754 756 598 757 599 
598 758 757 598 584 758 584 744 758 
587 600 746 602 759 760 600 602 760 
600 760 747 600 747 746 759 761 762 
760 759 762 761 763 764 762 761 764 
764 763 765 766 767 768 749 767 766 
749 766 748 748 766 769 590 770 603 
590 748 770 748 769 770 603 770 604 
597 607 750 610 750 607 752 750 610 
612 752 610 754 752 612 613 771 772 
612 613 772 612 772 756 612 756 754 
772 771 773 757 774 775 757 775 599 
599 775 615 758 774 757 602 616 759 
617 759 616 761 759 617 618 761 617 
763 761 618 619 776 777 618 619 777 
618 777 765 618 765 763 776 778 779 
777 776 779 768 779 778 768 778 766 
766 778 780 769 766 781 781 766 780 
621 781 622 621 770 781 770 769 781 
604 770 621 629 628 782 629 782 783 
613 629 783 613 783 784 613 784 771 
773 771 784 632 785 631 632 786 785 
632 615 786 615 775 786 619 633 776 
634 776 633 778 776 634 636 778 634 
780 778 636 638 780 636 781 780 638 
622 781 638 782 644 787 628 644 782 
788 783 782 787 788 782 785 789 646 
631 785 646 790 785 786 789 785 790 
787 651 791 644 651 787 792 788 787 
792 787 793 793 787 791 792 793 794 
654 795 653 654 646 789 654 789 795 
795 789 796 797 789 790 796 789 797 
791 658 798 651 658 791 793 791 799 
799 791 798 800 794 793 799 800 793 
795 801 659 653 795 659 802 796 803 
802 801 796 801 795 796 797 803 796 
662 661 804 662 798 658 662 804 798 
804 805 798 806 807 799 806 799 805 
805 799 798 800 799 807 659 801 663 
665 808 809 663 808 665 663 802 808 
663 801 802 809 810 811 808 810 809 
810 812 811 661 667 804 813 805 804 
813 804 669 813 669 814 667 669 804 
806 805 813 665 809 670 672 670 809 
811 672 809 674 815 816 672 815 674 
672 812 815 672 811 812 816 817 818 
815 817 816 818 677 676 818 817 677 
817 819 677 678 677 820 677 819 820 
680 821 822 680 678 821 678 820 821 
822 823 824 821 823 822 823 825 824 
826 827 828 826 683 682 826 828 683 
828 829 683 684 683 830 683 829 830 
814 669 684 830 814 684 674 816 685 
686 685 816 818 686 816 676 686 818 
680 822 687 688 687 822 824 688 822 
690 831 832 688 831 690 688 825 831 
688 824 825 831 833 832 692 834 835 
691 834 692 827 826 693 827 693 835 
835 693 692 682 693 826 690 832 694 
695 836 837 694 836 695 694 833 836 
694 832 833 837 838 839 836 838 837 
838 840 839 697 841 842 696 841 697 
834 691 697 842 834 697 695 837 698 
699 698 837 839 699 837 701 843 844 
699 843 701 699 840 843 699 839 840 
843 845 844 704 846 847 703 846 704 
841 696 704 847 841 704 701 844 705 
844 845 848 844 848 705 705 848 707 
709 707 849 707 848 849 711 709 850 
709 849 850 712 711 851 711 850 851 
846 703 712 851 846 712 713 852 714 
853 852 713 853 713 854 854 713 715 
716 855 715 715 855 854 855 716 718 
856 855 718 719 857 720 719 858 857 
714 858 719 714 859 858 714 852 859 
853 859 852 860 722 861 860 856 722 
856 718 722 860 861 862 724 863 864 
725 724 864 726 865 866 726 866 724 
724 866 863 865 867 868 866 865 868 
867 869 870 868 867 870 869 871 872 
870 869 872 872 871 873 727 874 728 
727 875 874 720 875 727 720 876 875 
720 857 876 858 876 857 861 729 877 
722 729 861 878 862 861 877 878 861 
879 730 725 879 725 880 880 725 864 
730 865 726 730 879 865 731 865 732 
732 865 879 735 865 731 867 865 735 
737 867 735 869 867 737 739 869 737 
871 869 739 871 881 873 871 739 881 
739 741 881 742 882 883 742 883 741 
741 883 881 882 884 885 883 882 885 
885 884 886 743 887 744 743 888 887 
728 888 743 728 889 888 728 874 889 
875 889 874 729 745 877 747 890 891 
745 747 891 745 891 878 745 878 877 
890 892 893 891 890 893 892 894 895 
893 892 895 894 896 897 895 894 897 
896 898 899 897 896 899 880 899 898 
880 898 879 879 898 900 732 900 749 
879 900 732 742 751 882 753 882 751 
884 882 753 884 901 886 884 753 901 
753 755 901 756 902 903 756 903 755 
755 903 901 903 902 904 887 905 906 
887 906 744 744 906 758 888 905 887 
747 760 890 762 890 760 892 890 762 
764 892 762 894 892 764 765 894 764 
765 907 894 907 896 894 898 896 908 
908 896 907 767 908 768 767 900 908 
900 898 908 749 900 767 756 772 902 
773 909 910 772 773 910 772 910 904 
772 904 902 910 909 911 774 912 775 
774 913 912 774 758 913 758 906 913 
765 777 907 779 907 777 908 907 779 
768 908 779 784 783 914 784 909 773 
784 914 909 914 915 909 916 911 909 
915 916 909 912 917 786 775 912 786 
918 912 913 917 912 918 914 788 919 
783 788 914 920 921 915 920 915 919 
919 915 914 916 915 921 917 922 790 
786 917 790 923 917 918 922 917 923 
788 792 919 919 792 794 919 794 920 
920 794 924 922 925 797 790 922 797 
926 922 923 925 922 926 927 928 929 
927 929 924 927 924 800 800 924 794 
803 930 802 803 797 925 803 925 930 
930 925 931 932 925 926 931 925 932 
807 928 927 807 806 928 806 933 928 
800 807 927 802 930 808 810 808 930 
931 810 930 812 934 935 810 934 812 
810 932 934 810 931 932 934 936 935 
813 937 938 814 937 813 933 806 813 
938 933 813 812 935 815 935 936 939 
935 939 815 815 939 817 819 817 940 
817 939 940 820 819 941 819 940 941 
821 820 942 820 941 942 823 821 943 
821 942 943 825 944 945 825 823 944 
823 943 944 944 946 945 828 827 947 
948 828 947 948 949 828 949 829 828 
830 829 950 829 949 950 937 814 830 
950 937 830 825 945 831 833 951 952 
831 951 833 831 946 951 831 945 946 
952 953 954 951 953 952 953 955 954 
835 956 957 834 956 835 947 827 835 
947 835 958 958 835 957 948 947 958 
833 952 836 838 836 952 954 838 952 
840 959 960 838 959 840 838 955 959 
838 954 955 959 961 960 842 962 963 
841 962 842 956 834 842 963 956 842 
840 960 843 845 964 965 843 964 845 
843 961 964 843 960 961 965 966 967 
964 966 965 967 968 969 966 968 967 
969 970 971 968 970 969 971 847 846 
971 970 847 970 972 847 962 841 847 
972 962 847 845 965 848 849 848 965 
967 849 965 850 849 967 969 850 967 
851 850 969 971 851 969 846 851 971 
854 973 974 853 854 974 855 975 854 
854 975 973 856 976 977 856 977 855 
855 977 975 977 976 978 979 980 981 
979 982 983 980 979 983 982 984 985 
983 982 985 984 986 987 985 984 987 
987 986 988 859 989 990 858 859 990 
974 859 853 989 859 974 856 860 976 
862 991 992 860 862 992 860 992 978 
860 978 976 991 993 994 992 991 994 
994 993 995 996 979 981 997 996 981 
863 996 864 863 982 996 982 979 996 
866 982 863 984 982 866 868 984 866 
986 984 868 986 998 988 986 868 998 
868 870 998 872 999 870 870 999 998 
873 1000 1001 873 1001 872 872 1001 999 
1000 1002 1003 1001 1000 1003 1003 1002 1004 
876 1005 1006 875 876 1006 990 876 858 
1005 876 990 991 878 1007 862 878 991 
993 991 1008 1008 991 1007 1009 995 993 
1009 993 1010 1010 993 1008 1010 1011 1012 
1009 1010 1012 997 1012 1011 997 1011 996 
996 1011 1013 864 1013 880 996 1013 864 
873 881 1000 883 1000 881 1002 1000 883 
1002 1014 1004 1002 883 1014 883 885 1014 
886 1015 1016 886 1016 885 885 1016 1014 
1015 1017 1018 1016 1015 1018 1018 1017 1019 
889 1020 888 889 1021 1020 889 875 1021 
875 1006 1021 878 891 1007 893 1007 891 
1008 1007 893 895 1008 893 1010 1008 895 
897 1010 895 1011 1010 897 899 1011 897 
1013 1011 899 880 1013 899 886 901 1015 
903 1015 901 1017 1015 903 904 1022 1023 
903 904 1023 903 1023 1019 903 1019 1017 
1023 1022 1024 905 1025 906 905 1026 1025 
888 1026 905 888 1027 1026 888 1020 1027 
1021 1027 1020 904 910 1022 1022 910 911 
1022 911 1024 1024 911 1028 1025 1029 1030 
1025 1030 906 906 1030 913 1026 1029 1025 
911 916 1028 1028 916 1031 1032 1033 918 
1032 918 1030 1030 918 913 1032 1034 1033 
921 1035 1036 920 1035 921 1031 916 921 
1036 1031 921 1033 1037 923 918 1033 923 
1038 1033 1034 1037 1033 1038 1039 1040 1041 
1039 1041 1035 1039 1035 924 924 1035 920 
1037 1042 926 923 1037 926 1043 1037 1038 
1042 1037 1043 929 1040 1039 929 928 1040 
928 1044 1040 924 929 1039 1042 1045 932 
926 1042 932 1046 1042 1043 1045 1042 1046 
1047 1048 1049 1047 1049 1044 1047 1044 933 
933 1044 928 932 1045 934 936 1050 1051 
934 1050 936 934 1046 1050 934 1045 1046 
1051 1052 1053 1050 1052 1051 1053 1054 1055 
1052 1054 1053 1055 1056 1057 1054 1056 1055 
1056 1058 1057 1059 1060 1061 1048 1059 1061 
1047 1059 1048 1047 937 1059 1047 938 937 
933 938 1047 936 1051 939 940 939 1051 
1053 940 1051 941 940 1053 1055 941 1053 
942 941 1055 1057 942 1055 1057 1058 1062 
1057 1062 942 942 1062 943 944 943 1063 
943 1062 1063 946 1064 1065 946 944 1064 
944 1063 1064 1065 1066 1067 1064 1066 1065 
1066 1068 1067 1069 1070 1071 1069 949 948 
1069 1071 949 1071 1072 949 1060 1059 950 
1060 950 1072 1072 950 949 937 950 1059 
946 1065 951 953 951 1065 1067 953 1065 
955 1073 1074 953 1073 955 953 1068 1073 
953 1067 1068 1074 1075 1076 1073 1075 1074 
1075 1077 1076 957 1078 1079 956 1078 957 
1070 1069 958 1070 958 1079 1079 958 957 
948 958 1069 955 1074 959 961 959 1074 
961 1074 1080 1080 1074 1076 1081 1076 1077 
1081 1082 1076 1082 1080 1076 1081 1083 1082 
1084 1085 1086 1084 963 962 1084 1086 963 
1086 1087 963 1078 956 963 1087 1078 963 
961 1080 964 966 964 1080 1082 966 1080 
1082 1083 1088 1082 1088 966 966 1088 968 
970 968 1089 968 1088 1089 1085 1084 972 
1085 972 1089 1089 972 970 962 972 1084 
973 1090 1091 974 973 1091 975 1092 973 
973 1092 1090 977 1093 975 975 1093 1092 
1093 977 978 1094 1093 978 1095 1096 1097 
1095 981 980 1095 980 1096 1096 980 1098 
983 1099 980 980 1099 1098 985 1100 983 
983 1100 1099 987 1101 985 985 1101 1100 
988 1102 1103 988 1103 987 987 1103 1101 
1102 1104 1105 1103 1102 1105 1104 1106 1107 
1105 1104 1107 1107 1106 1108 989 1109 1110 
990 989 1110 1091 989 974 1109 989 1091 
978 1111 1094 992 1111 978 994 1112 992 
992 1112 1111 995 1113 1114 995 1114 994 
994 1114 1112 1097 1114 1113 1097 1113 1095 
1095 1113 1115 981 1115 997 1095 1115 981 
988 998 1102 999 1102 998 1104 1102 999 
1001 1104 999 1106 1104 1001 1106 1116 1108 
1106 1001 1116 1001 1003 1116 1004 1117 1118 
1004 1118 1003 1003 1118 1116 1117 1119 1120 
1118 1117 1120 1120 1119 1121 1005 1122 1006 
1005 1123 1122 1005 990 1123 990 1110 1123 
995 1009 1113 1012 1113 1009 1115 1113 1012 
997 1115 1012 1004 1014 1117 1016 1117 1014 
1119 1117 1016 1119 1124 1121 1119 1016 1124 
1016 1018 1124 1124 1018 1019 1125 1124 1019 
1122 1126 1127 1122 1127 1006 1006 1127 1021 
1123 1126 1122 1019 1128 1125 1023 1128 1019 
1128 1023 1024 1129 1128 1024 1027 1130 1026 
1027 1131 1130 1027 1021 1131 1021 1127 1131 
1024 1028 1129 1129 1028 1132 1029 1133 1030 
1029 1134 1133 1026 1134 1029 1026 1135 1134 
1026 1130 1135 1131 1135 1130 1136 1137 1138 
1136 1138 1132 1136 1132 1031 1031 1132 1028 
1030 1133 1032 1133 1034 1032 1133 1134 1034 
1134 1139 1034 1036 1137 1136 1036 1035 1137 
1035 1140 1137 1031 1036 1136 1141 1142 1038 
1141 1038 1139 1139 1038 1034 1141 1143 1142 
1041 1144 1145 1040 1144 1041 1140 1035 1041 
1145 1140 1041 1142 1146 1043 1038 1142 1043 
1147 1142 1143 1146 1142 1147 1040 1044 1144 
1144 1044 1148 1146 1149 1046 1043 1146 1046 
1150 1146 1147 1150 1151 1146 1151 1149 1146 
1150 1152 1151 1049 1153 1154 1048 1153 1049 
1148 1044 1049 1154 1148 1049 1046 1149 1050 
1052 1050 1149 1151 1052 1149 1151 1152 1155 
1151 1155 1052 1052 1155 1054 1056 1054 1156 
1054 1155 1156 1058 1157 1158 1058 1056 1157 
1056 1156 1157 1158 1159 1160 1157 1159 1158 
1160 1161 1162 1159 1161 1160 1161 1163 1162 
1061 1164 1165 1060 1164 1061 1153 1048 1061 
1165 1153 1061 1058 1158 1062 1063 1062 1158 
1160 1063 1158 1064 1063 1160 1162 1064 1160 
1162 1163 1166 1162 1166 1064 1064 1166 1066 
1068 1167 1168 1068 1066 1167 1066 1166 1167 
1168 1169 1170 1167 1169 1168 1169 1171 1170 
1172 1173 1174 1172 1071 1070 1172 1174 1071 
1174 1175 1071 1072 1071 1176 1071 1175 1176 
1164 1060 1072 1176 1164 1072 1068 1168 1073 
1075 1073 1168 1170 1075 1168 1077 1177 1178 
1075 1177 1077 1075 1171 1177 1075 1170 1171 
1177 1179 1178 1180 1181 1182 1180 1183 1184 
1182 1183 1180 1173 1184 1183 1172 1184 1173 
1172 1078 1184 1172 1079 1078 1070 1079 1172 
1077 1178 1081 1083 1185 1186 1081 1185 1083 
1081 1179 1185 1081 1178 1179 1186 1187 1188 
1185 1187 1186 1181 1188 1187 1180 1188 1181 
1180 1085 1188 1180 1086 1085 1087 1086 1180 
1184 1087 1180 1078 1087 1184 1083 1186 1088 
1089 1088 1186 1188 1089 1186 1085 1089 1188 
1189 1190 1191 1189 1192 1193 1190 1189 1193 
1192 1194 1195 1193 1192 1195 1194 1196 1197 
1195 1194 1197 1196 1198 1199 1197 1196 1199 
1198 1200 1201 1199 1198 1201 1200 1202 1203 
1201 1200 1203 1203 1202 1204 1090 1205 1206 
1091 1090 1206 1092 1207 1090 1090 1207 1205 
1093 1208 1092 1092 1208 1207 1208 1093 1094 
1209 1208 1094 1096 1210 1211 1097 1096 1211 
1191 1098 1189 1191 1210 1098 1210 1096 1098 
1099 1189 1098 1192 1189 1099 1100 1192 1099 
1194 1192 1100 1101 1194 1100 1196 1194 1101 
1103 1196 1101 1198 1196 1103 1105 1198 1103 
1200 1198 1105 1107 1200 1105 1202 1200 1107 
1108 1212 1213 1107 1108 1213 1107 1213 1204 
1107 1204 1202 1212 1214 1215 1213 1212 1215 
1214 1216 1217 1215 1214 1217 1217 1216 1218 
1109 1219 1220 1110 1109 1220 1206 1109 1091 
1219 1109 1206 1094 1221 1209 1111 1221 1094 
1112 1222 1111 1111 1222 1221 1114 1223 1112 
1112 1223 1222 1211 1114 1097 1223 1114 1211 
1108 1116 1212 1118 1212 1116 1214 1212 1118 
1120 1214 1118 1216 1214 1120 1121 1224 1225 
1120 1121 1225 1120 1225 1218 1120 1218 1216 
1225 1224 1226 1110 1220 1123 1220 1227 1123 
1121 1124 1224 1125 1228 1229 1124 1125 1229 
1124 1229 1226 1124 1226 1224 1229 1228 1230 
1126 1231 1232 1127 1126 1232 1227 1126 1123 
1231 1126 1227 1125 1128 1228 1228 1128 1129 
1228 1129 1230 1230 1129 1233 1127 1232 1131 
1232 1234 1131 1129 1132 1233 1233 1132 1235 
1135 1236 1134 1135 1237 1236 1135 1131 1237 
1131 1234 1237 1138 1238 1239 1137 1238 1138 
1235 1132 1138 1239 1235 1138 1236 1240 1139 
1134 1236 1139 1241 1236 1237 1240 1236 1241 
1242 1243 1244 1242 1244 1238 1242 1238 1140 
1140 1238 1137 1139 1240 1141 1143 1245 1246 
1141 1245 1143 1141 1241 1245 1141 1240 1241 
1245 1247 1246 1248 1249 1250 1243 1248 1250 
1242 1248 1243 1242 1144 1248 1242 1145 1144 
1140 1145 1242 1246 1251 1147 1143 1246 1147 
1252 1246 1247 1251 1246 1252 1253 1249 1248 
1254 1249 1253 1144 1148 1253 1248 1144 1253 
1147 1251 1150 1152 1255 1256 1150 1255 1152 
1150 1252 1255 1150 1251 1252 1255 1257 1256 
1258 1259 1260 1254 1258 1260 1253 1258 1254 
1253 1153 1258 1253 1154 1153 1148 1154 1253 
1152 1256 1155 1256 1257 1261 1256 1261 1155 
1155 1261 1156 1157 1156 1262 1156 1261 1262 
1159 1157 1263 1157 1262 1263 1161 1159 1264 
1159 1263 1264 1163 1265 1266 1163 1161 1265 
1161 1264 1265 1266 1267 1268 1265 1267 1266 
1268 1269 1270 1267 1269 1268 1269 1271 1270 
1272 1273 1274 1272 1275 1276 1274 1275 1272 
1259 1276 1275 1258 1276 1259 1258 1164 1276 
1258 1165 1164 1153 1165 1258 1163 1266 1166 
1167 1166 1266 1268 1167 1266 1169 1167 1268 
1270 1169 1268 1171 1277 1278 1169 1277 1171 
1169 1271 1277 1169 1270 1271 1278 1279 1280 
1277 1279 1278 1280 1281 1282 1279 1281 1280 
1282 1283 1284 1281 1283 1282 1284 1285 1286 
1283 1285 1284 1286 1174 1173 1286 1285 1174 
1285 1287 1174 1273 1272 1175 1273 1175 1287 
1287 1175 1174 1176 1175 1272 1276 1176 1272 
1164 1176 1276 1171 1278 1177 1179 1177 1278 
1179 1278 1288 1288 1278 1280 1282 1289 1280 
1289 1288 1280 1182 1181 1289 1182 1289 1284 
1284 1289 1282 1183 1182 1284 1286 1183 1284 
1173 1183 1286 1179 1288 1185 1187 1185 1288 
1289 1187 1288 1181 1187 1289 1290 1291 1292 
1290 1191 1190 1290 1190 1291 1291 1190 1293 
1193 1294 1190 1190 1294 1293 1195 1295 1193 
1193 1295 1294 1197 1296 1195 1195 1296 1295 
1199 1297 1197 1197 1297 1296 1201 1298 1199 
1199 1298 1297 1203 1299 1201 1201 1299 1298 
1204 1300 1301 1204 1301 1203 1203 1301 1299 
1300 1302 1303 1301 1300 1303 1302 1304 1305 
1303 1302 1305 1305 1304 1306 1205 1307 1206 
1308 1307 1205 1308 1205 1309 1309 1205 1207 
1208 1310 1207 1207 1310 1309 1209 1311 1312 
1209 1312 1208 1208 1312 1310 1312 1311 1313 
1314 1315 1316 1292 1315 1314 1290 1292 1314 
1290 1314 1211 1290 1211 1210 1191 1290 1210 
1204 1213 1300 1215 1300 1213 1302 1300 1215 
1217 1302 1215 1304 1302 1217 1218 1317 1318 
1217 1218 1318 1217 1318 1306 1217 1306 1304 
1318 1317 1319 1219 1320 1220 1219 1321 1320 
1206 1321 1219 1206 1322 1321 1206 1307 1322 
1308 1322 1307 1209 1221 1311 1311 1323 1313 
1311 1221 1323 1221 1222 1323 1316 1223 1314 
1316 1323 1223 1323 1222 1223 1211 1314 1223 
1218 1225 1317 1226 1324 1325 1225 1226 1325 
1225 1325 1319 1225 1319 1317 1325 1324 1326 
1320 1327 1328 1320 1328 1220 1220 1328 1227 
1321 1327 1320 1226 1229 1324 1324 1229 1230 
1324 1230 1326 1326 1230 1329 1231 1330 1232 
1231 1331 1330 1231 1227 1331 1227 1328 1331 
1230 1233 1329 1329 1233 1332 1330 1333 1334 
1330 1334 1232 1232 1334 1234 1331 1333 1330 
1335 1336 1337 1335 1337 1332 1335 1332 1235 
1235 1332 1233 1338 1339 1237 1338 1237 1334 
1334 1237 1234 1338 1340 1339 1239 1336 1335 
1239 1238 1336 1238 1341 1336 1235 1239 1335 
1339 1342 1241 1237 1339 1241 1343 1339 1340 
1342 1339 1343 1244 1344 1345 1243 1344 1244 
1341 1238 1244 1345 1341 1244 1241 1342 1245 
1342 1247 1245 1342 1343 1247 1343 1346 1247 
1250 1347 1348 1249 1347 1250 1344 1243 1250 
1348 1344 1250 1247 1346 1252 1346 1349 1252 
1350 1351 1352 1350 1352 1347 1350 1347 1254 
1254 1347 1249 1252 1349 1353 1255 1252 1353 
1257 1354 1355 1257 1255 1354 1255 1353 1354 
1354 1356 1355 1357 1358 1359 1357 1360 1361 
1359 1360 1357 1361 1362 1363 1360 1362 1361 
1362 1364 1363 1365 1366 1367 1365 1368 1369 
1367 1368 1365 1351 1369 1368 1350 1369 1351 
1350 1259 1369 1350 1260 1259 1254 1260 1350 
1257 1355 1261 1355 1356 1370 1355 1370 1261 
1261 1370 1262 1263 1262 1371 1262 1370 1371 
1264 1263 1372 1263 1371 1372 1358 1357 1265 
1358 1265 1372 1372 1265 1264 1267 1265 1357 
1361 1267 1357 1269 1267 1361 1363 1269 1361 
1271 1373 1374 1269 1373 1271 1269 1364 1373 
1269 1363 1364 1374 1375 1376 1373 1375 1374 
1376 1377 1378 1375 1377 1376 1378 1379 1380 
1377 1379 1378 1380 1381 1382 1379 1381 1380 
1382 1383 1384 1381 1383 1382 1366 1384 1383 
1365 1384 1366 1365 1273 1384 1365 1274 1273 
1275 1274 1365 1369 1275 1365 1259 1275 1369 
1271 1374 1277 1279 1277 1374 1376 1279 1374 
1281 1279 1376 1378 1281 1376 1283 1281 1378 
1380 1283 1378 1285 1283 1380 1382 1285 1380 
1287 1285 1382 1384 1287 1382 1273 1287 1384 
1385 1386 1387 1385 1388 1389 1386 1385 1389 
1389 1388 1390 1391 1392 1393 1391 1394 1395 
1392 1391 1395 1394 1396 1397 1395 1394 1397 
1396 1398 1399 1397 1396 1399 1398 1400 1401 
1399 1398 1401 1400 1402 1403 1401 1400 1403 
1387 1403 1402 1387 1402 1385 1385 1402 1404 
1388 1385 1405 1405 1385 1404 1406 1390 1388 
1406 1388 1407 1407 1388 1405 1406 1407 1408 
1409 1410 1411 1409 1292 1291 1409 1291 1410 
1410 1291 1412 1293 1413 1291 1291 1413 1412 
1393 1294 1391 1393 1413 1294 1413 1293 1294 
1295 1391 1294 1394 1391 1295 1296 1394 1295 
1396 1394 1296 1297 1396 1296 1398 1396 1297 
1298 1398 1297 1400 1398 1298 1299 1400 1298 
1402 1400 1299 1301 1402 1299 1404 1402 1301 
1303 1404 1301 1405 1404 1303 1305 1405 1303 
1407 1405 1305 1306 1414 1415 1305 1306 1415 
1305 1415 1408 1305 1408 1407 1415 1414 1416 
1309 1417 1308 1309 1310 1418 1417 1309 1418 
1310 1312 1419 1418 1310 1419 1313 1419 1312 
1420 1421 1422 1411 1421 1420 1409 1411 1420 
1409 1420 1316 1409 1316 1315 1292 1409 1315 
1306 1318 1414 1414 1318 1319 1414 1319 1416 
1416 1319 1423 1322 1424 1425 1321 1322 1425 
1417 1322 1308 1417 1426 1322 1426 1424 1322 
1418 1426 1417 1427 1426 1418 1419 1427 1418 
1428 1427 1419 1422 1323 1420 1422 1428 1323 
1313 1323 1419 1419 1323 1428 1316 1420 1323 
1319 1429 1423 1325 1429 1319 1429 1325 1326 
1430 1429 1326 1327 1431 1432 1328 1327 1432 
1425 1327 1321 1431 1327 1425 1326 1329 1430 
1430 1329 1433 1328 1432 1331 1432 1434 1331 
1435 1436 1437 1435 1437 1433 1435 1433 1332 
1332 1433 1329 1333 1438 1334 1333 1439 1438 
1333 1331 1439 1331 1434 1439 1337 1436 1435 
1337 1336 1436 1336 1440 1436 1332 1337 1435 
1334 1438 1338 1340 1441 1442 1338 1441 1340 
1338 1439 1441 1338 1438 1439 1441 1443 1442 
1336 1341 1440 1440 1341 1444 1442 1445 1343 
1340 1442 1343 1446 1442 1443 1445 1442 1446 
1345 1447 1448 1344 1447 1345 1444 1341 1345 
1448 1444 1345 1445 1449 1346 1343 1445 1346 
1450 1445 1446 1449 1445 1450 1451 1452 1453 
1451 1348 1347 1451 1453 1348 1453 1454 1348 
1447 1344 1348 1454 1447 1348 1449 1455 1349 
1346 1449 1349 1456 1449 1450 1456 1457 1449 
1457 1455 1449 1456 1458 1457 1459 1460 1461 
1459 1462 1463 1461 1462 1459 1463 1464 1465 
1462 1464 1463 1464 1466 1465 1467 1468 1469 
1467 1470 1471 1469 1470 1467 1471 1472 1473 
1470 1472 1471 1452 1473 1472 1451 1473 1452 
1451 1351 1473 1451 1352 1351 1347 1352 1451 
1349 1455 1353 1354 1353 1455 1457 1354 1455 
1356 1474 1475 1354 1474 1356 1354 1458 1474 
1354 1457 1458 1475 1476 1477 1474 1476 1475 
1477 1478 1479 1476 1478 1477 1460 1479 1478 
1459 1479 1460 1459 1358 1479 1459 1359 1358 
1360 1359 1459 1463 1360 1459 1362 1360 1463 
1465 1362 1463 1364 1480 1481 1362 1480 1364 
1362 1466 1480 1362 1465 1466 1481 1482 1483 
1480 1482 1481 1483 1484 1485 1482 1484 1483 
1485 1486 1487 1484 1486 1485 1487 1488 1489 
1486 1488 1487 1468 1489 1488 1468 1467 1489 
1467 1490 1489 1367 1366 1490 1367 1490 1471 
1471 1490 1467 1368 1367 1471 1473 1368 1471 
1351 1368 1473 1356 1475 1370 1371 1370 1475 
1477 1371 1475 1372 1371 1477 1479 1372 1477 
1358 1372 1479 1364 1481 1373 1375 1373 1481 
1483 1375 1481 1377 1375 1483 1485 1377 1483 
1379 1377 1485 1487 1379 1485 1381 1379 1487 
1489 1381 1487 1383 1381 1489 1490 1383 1489 
1366 1383 1490 1491 1492 1493 1491 1494 1495 
1492 1491 1495 1494 1496 1497 1495 1494 1497 
1496 1498 1499 1497 1496 1499 1498 1387 1386 
1498 1386 1499 1499 1386 1500 1389 1501 1386 
1386 1501 1500 1390 1502 1503 1390 1503 1389 
1389 1503 1501 1503 1502 1504 1505 1506 1507 
1505 1393 1392 1505 1392 1506 1506 1392 1508 
1395 1509 1392 1392 1509 1508 1493 1397 1491 
1493 1509 1397 1509 1395 1397 1399 1491 1397 
1494 1491 1399 1401 1494 1399 1496 1494 1401 
1403 1496 1401 1498 1496 1403 1387 1498 1403 
1390 1406 1502 1408 1510 1511 1406 1408 1511 
1406 1511 1504 1406 1504 1502 1511 1510 1512 
1410 1513 1411 1514 1513 1410 1514 1410 1515 
1515 1410 1412 1507 1413 1505 1507 1515 1413 
1515 1412 1413 1393 1505 1413 1408 1415 1510 
1510 1415 1416 1510 1416 1512 1512 1416 1516 
1421 1517 1422 1421 1518 1517 1411 1518 1421 
1411 1519 1518 1411 1513 1519 1514 1519 1513 
1520 1423 1521 1520 1516 1423 1516 1416 1423 
1520 1521 1522 1424 1523 1425 1424 1426 1524 
1523 1424 1524 1525 1524 1426 1525 1426 1526 
1526 1426 1427 1428 1527 1427 1427 1527 1526 
1517 1428 1422 1517 1528 1428 1528 1527 1428 
1518 1528 1517 1423 1429 1521 1521 1429 1430 
1521 1430 1522 1522 1430 1529 1431 1530 1432 
1431 1531 1530 1425 1531 1431 1425 1532 1531 
1425 1523 1532 1524 1532 1523 1533 1532 1524 
1525 1533 1524 1430 1433 1529 1529 1433 1534 
1530 1535 1434 1432 1530 1434 1536 1530 1531 
1535 1530 1536 1437 1537 1538 1436 1537 1437 
1534 1433 1437 1538 1534 1437 1535 1539 1439 
1434 1535 1439 1540 1535 1536 1539 1535 1540 
1436 1440 1537 1537 1440 1541 1439 1539 1441 
1539 1443 1441 1539 1540 1443 1540 1542 1443 
1543 1544 1545 1543 1545 1541 1543 1541 1444 
1444 1541 1440 1443 1542 1446 1542 1546 1446 
1547 1548 1549 1544 1547 1549 1543 1547 1544 
1543 1447 1547 1543 1448 1447 1444 1448 1543 
1446 1546 1450 1546 1550 1450 1551 1552 1553 
1551 1554 1555 1553 1554 1551 1555 1556 1557 
1554 1556 1555 1557 1558 1559 1556 1558 1557 
1558 1560 1559 1561 1562 1563 1561 1564 1565 
1563 1564 1561 1565 1566 1567 1564 1566 1565 
1567 1568 1569 1566 1568 1567 1569 1453 1452 
1569 1568 1453 1568 1570 1453 1548 1547 1454 
1548 1454 1570 1570 1454 1453 1447 1454 1547 
1450 1550 1571 1456 1450 1571 1458 1572 1573 
1458 1456 1572 1456 1571 1572 1573 1574 1575 
1572 1574 1573 1575 1576 1577 1574 1576 1575 
1552 1577 1576 1551 1577 1552 1551 1460 1577 
1551 1461 1460 1462 1461 1551 1555 1462 1551 
1464 1462 1555 1557 1464 1555 1466 1464 1557 
1466 1557 1578 1578 1557 1559 1579 1559 1560 
1579 1580 1559 1580 1578 1559 1580 1581 1582 
1579 1581 1580 1582 1583 1584 1581 1583 1582 
1562 1584 1583 1562 1561 1584 1561 1585 1584 
1469 1468 1585 1469 1585 1565 1565 1585 1561 
1470 1469 1565 1567 1470 1565 1472 1470 1567 
1569 1472 1567 1452 1472 1569 1458 1573 1474 
1476 1474 1573 1575 1476 1573 1478 1476 1575 
1577 1478 1575 1460 1478 1577 1466 1578 1480 
1482 1480 1578 1580 1482 1578 1484 1482 1580 
1582 1484 1580 1486 1484 1582 1584 1486 1582 
1488 1486 1584 1585 1488 1584 1468 1488 1585 
1586 1587 1588 1586 1589 1590 1587 1586 1590 
1589 1591 1592 1590 1589 1592 1591 1593 1594 
1592 1591 1594 1593 1595 1596 1594 1593 1596 
1596 1595 1597 1598 1599 1600 1598 1493 1492 
1598 1492 1599 1599 1492 1601 1588 1495 1586 
1588 1601 1495 1601 1492 1495 1497 1586 1495 
1589 1586 1497 1499 1589 1497 1591 1589 1499 
1500 1591 1499 1593 1591 1500 1501 1593 1500 
1595 1593 1501 1595 1602 1597 1595 1501 1602 
1501 1503 1602 1602 1503 1504 1603 1602 1504 
1506 1604 1605 1507 1506 1605 1508 1606 1506 
1506 1606 1604 1600 1509 1598 1600 1606 1509 
1606 1508 1509 1493 1598 1509 1504 1607 1603 
1511 1607 1504 1607 1511 1512 1608 1607 1512 
1515 1609 1610 1514 1515 1610 1605 1515 1507 
1609 1515 1605 1611 1516 1612 1611 1608 1516 
1608 1512 1516 1611 1612 1613 1519 1614 1615 
1518 1519 1615 1610 1519 1514 1614 1519 1610 
1516 1520 1612 1612 1520 1522 1612 1522 1613 
1613 1522 1616 1526 1617 1525 1526 1527 1618 
1617 1526 1618 1619 1618 1527 1619 1527 1620 
1620 1527 1528 1615 1528 1518 1620 1528 1615 
1522 1529 1616 1616 1529 1621 1532 1622 1531 
1532 1533 1623 1622 1532 1623 1533 1624 1623 
1525 1624 1533 1525 1625 1624 1525 1617 1625 
1618 1625 1617 1626 1625 1618 1619 1626 1618 
1627 1628 1629 1627 1629 1621 1627 1621 1534 
1534 1621 1529 1622 1630 1536 1531 1622 1536 
1631 1623 1632 1631 1630 1623 1630 1622 1623 
1624 1632 1623 1538 1628 1627 1538 1537 1628 
1537 1633 1628 1534 1538 1627 1630 1634 1540 
1536 1630 1540 1635 1630 1631 1634 1630 1635 
1636 1637 1638 1636 1638 1633 1636 1633 1541 
1541 1633 1537 1634 1639 1542 1540 1634 1542 
1640 1634 1635 1639 1634 1640 1641 1642 1643 
1637 1641 1643 1636 1641 1637 1636 1544 1641 
1636 1545 1544 1541 1545 1636 1639 1644 1546 
1542 1639 1546 1645 1639 1640 1644 1639 1645 
1646 1647 1648 1646 1649 1650 1648 1649 1646 
1650 1651 1652 1649 1651 1650 1652 1653 1654 
1651 1653 1652 1654 1655 1656 1653 1655 1654 
1656 1657 1658 1655 1657 1656 1658 1659 1660 
1657 1659 1658 1660 1661 1662 1659 1661 1660 
1662 1663 1664 1661 1663 1662 1664 1665 1666 
1663 1665 1664 1666 1667 1668 1665 1667 1666 
1668 1669 1670 1667 1669 1668 1642 1670 1669 
1641 1670 1642 1641 1548 1670 1641 1549 1548 
1544 1549 1641 1644 1671 1550 1546 1644 1550 
1672 1644 1645 1672 1673 1644 1673 1671 1644 
1673 1674 1675 1672 1674 1673 1675 1676 1677 
1674 1676 1675 1647 1677 1676 1646 1677 1647 
1646 1552 1677 1646 1553 1552 1554 1553 1646 
1650 1554 1646 1556 1554 1650 1652 1556 1650 
1558 1556 1652 1654 1558 1652 1560 1558 1654 
1560 1654 1678 1678 1654 1656 1658 1679 1656 
1679 1678 1656 1660 1680 1658 1680 1679 1658 
1563 1562 1680 1563 1680 1662 1662 1680 1660 
1564 1563 1662 1664 1564 1662 1566 1564 1664 
1666 1566 1664 1568 1566 1666 1668 1568 1666 
1570 1568 1668 1670 1570 1668 1548 1570 1670 
1550 1671 1571 1572 1571 1671 1673 1572 1671 
1574 1572 1673 1675 1574 1673 1576 1574 1675 
1677 1576 1675 1552 1576 1677 1560 1678 1579 
1581 1579 1678 1679 1581 1678 1583 1581 1679 
1680 1583 1679 1562 1583 1680 1681 1682 1683 
1681 1684 1685 1682 1681 1685 1684 1686 1687 
1685 1684 1687 1686 1688 1689 1687 1686 1689 
1689 1688 1690 1691 1692 1693 1691 1588 1587 
1691 1587 1692 1692 1587 1694 1683 1590 1681 
1683 1694 1590 1694 1587 1590 1592 1681 1590 
1684 1681 1592 1594 1684 1592 1686 1684 1594 
1596 1686 1594 1688 1686 1596 1597 1695 1696 
1596 1597 1696 1596 1696 1690 1596 1690 1688 
1696 1695 1697 1698 1699 1700 1698 1600 1599 
1698 1599 1699 1699 1599 1701 1693 1601 1691 
1693 1701 1601 1701 1599 1601 1588 1691 1601 
1597 1602 1695 1603 1702 1703 1602 1603 1703 
1602 1703 1697 1602 1697 1695 1703 1702 1704 
1705 1706 1707 1705 1605 1604 1705 1604 1706 
1706 1604 1708 1700 1606 1698 1700 1708 1606 
1708 1604 1606 1600 1698 1606 1603 1607 1702 
1608 1709 1710 1607 1608 1710 1607 1710 1704 
1607 1704 1702 1710 1709 1711 1712 1713 1714 
1712 1715 1716 1713 1712 1716 1707 1716 1715 
1705 1707 1715 1705 1715 1610 1705 1610 1609 
1605 1705 1609 1608 1611 1709 1709 1611 1613 
1709 1613 1711 1711 1613 1717 1718 1712 1714 
1719 1718 1714 1614 1718 1615 1614 1715 1718 
1715 1712 1718 1610 1715 1614 1613 1616 1717 
1717 1616 1720 1721 1722 1723 1719 1722 1721 
1718 1719 1721 1718 1721 1619 1718 1619 1620 
1615 1718 1620 1616 1621 1720 1720 1621 1724 
1625 1725 1726 1624 1625 1726 1723 1626 1721 
1723 1725 1626 1725 1625 1626 1619 1721 1626 
1629 1727 1728 1628 1727 1629 1724 1621 1629 
1728 1724 1629 1632 1729 1730 1631 1632 1730 
1726 1632 1624 1729 1632 1726 1731 1732 1733 
1731 1733 1727 1731 1727 1633 1633 1727 1628 
1631 1730 1635 1730 1734 1635 1735 1736 1737 
1735 1738 1739 1737 1738 1735 1739 1740 1741 
1738 1740 1739 1741 1742 1743 1740 1742 1741 
1743 1744 1745 1742 1744 1743 1745 1746 1747 
1744 1746 1745 1747 1748 1749 1746 1748 1747 
1749 1750 1751 1748 1750 1749 1751 1752 1753 
1750 1752 1751 1752 1754 1753 1755 1756 1757 
1732 1755 1757 1731 1755 1732 1731 1637 1755 
1731 1638 1637 1633 1638 1731 1758 1759 1640 
1758 1640 1734 1734 1640 1635 1758 1760 1759 
1761 1762 1763 1736 1761 1763 1736 1735 1761 
1735 1764 1761 1739 1765 1735 1765 1764 1735 
1741 1766 1739 1766 1765 1739 1743 1767 1741 
1767 1766 1741 1745 1768 1743 1768 1767 1743 
1747 1769 1745 1769 1768 1745 1749 1770 1747 
1770 1769 1747 1751 1771 1749 1771 1770 1749 
1753 1772 1751 1772 1771 1751 1773 1753 1754 
1773 1774 1753 1774 1772 1753 1774 1775 1776 
1773 1775 1774 1776 1777 1778 1775 1777 1776 
1756 1778 1777 1755 1778 1756 1755 1642 1778 
1755 1643 1642 1637 1643 1755 1759 1779 1645 
1640 1759 1645 1780 1759 1760 1780 1781 1759 
1781 1779 1759 1762 1781 1780 1762 1761 1781 
1761 1782 1781 1648 1647 1782 1648 1782 1764 
1764 1782 1761 1649 1648 1764 1765 1649 1764 
1651 1649 1765 1766 1651 1765 1653 1651 1766 
1767 1653 1766 1655 1653 1767 1768 1655 1767 
1657 1655 1768 1769 1657 1768 1659 1657 1769 
1770 1659 1769 1661 1659 1770 1771 1661 1770 
1663 1661 1771 1772 1663 1771 1665 1663 1772 
1774 1665 1772 1667 1665 1774 1776 1667 1774 
1669 1667 1776 1778 1669 1776 1642 1669 1778 
1645 1779 1672 1674 1672 1779 1781 1674 1779 
1676 1674 1781 1782 1676 1781 1647 1676 1782 
1783 1784 1785 1783 1786 1787 1784 1783 1787 
1786 1788 1789 1787 1786 1789 1789 1788 1790 
1791 1792 1793 1785 1792 1791 1783 1785 1791 
1783 1791 1683 1783 1683 1682 1685 1783 1682 
1786 1783 1685 1687 1786 1685 1788 1786 1687 
1788 1794 1790 1788 1687 1794 1687 1689 1794 
1794 1689 1690 1795 1794 1690 1692 1796 1797 
1693 1692 1797 1793 1694 1791 1793 1796 1694 
1796 1692 1694 1683 1791 1694 1690 1798 1795 
1696 1798 1690 1697 1799 1800 1697 1800 1696 
1696 1800 1798 1800 1799 1801 1802 1803 1804 
1802 1700 1699 1802 1699 1803 1803 1699 1805 
1701 1806 1699 1699 1806 1805 1797 1701 1693 
1806 1701 1797 1697 1703 1799 1799 1703 1704 
1799 1704 1801 1801 1704 1807 1706 1808 1809 
1707 1706 1809 1804 1708 1802 1804 1808 1708 
1808 1706 1708 1700 1802 1708 1704 1810 1807 
1710 1810 1704 1810 1710 1711 1811 1810 1711 
1713 1812 1813 1714 1713 1813 1716 1814 1713 
1713 1814 1812 1809 1716 1707 1814 1716 1809 
1711 1717 1811 1811 1717 1815 1816 1817 1818 
1816 1813 1817 1816 1719 1813 1719 1714 1813 
1717 1720 1815 1815 1720 1819 1820 1821 1822 
1818 1821 1820 1816 1818 1820 1816 1820 1723 
1816 1723 1722 1719 1816 1722 1720 1724 1819 
1819 1724 1823 1824 1825 1826 1822 1825 1824 
1820 1822 1824 1820 1824 1726 1820 1726 1725 
1723 1820 1725 1728 1827 1828 1727 1827 1728 
1823 1724 1728 1828 1823 1728 1729 1829 1730 
1824 1826 1830 1830 1726 1824 1830 1831 1726 
1729 1726 1829 1829 1726 1831 1832 1833 1834 
1832 1835 1836 1834 1835 1832 1836 1837 1838 
1835 1837 1836 1838 1839 1840 1837 1839 1838 
1840 1841 1842 1839 1841 1840 1842 1843 1844 
1841 1843 1842 1844 1845 1846 1843 1845 1844 
1846 1847 1848 1845 1847 1846 1848 1849 1850 
1847 1849 1848 1850 1851 1852 1849 1851 1850 
1851 1853 1852 1733 1854 1855 1732 1854 1733 
1827 1727 1733 1855 1827 1733 1829 1856 1734 
1730 1829 1734 1857 1829 1831 1857 1858 1829 
1858 1856 1829 1833 1858 1857 1833 1832 1858 
1832 1859 1858 1737 1736 1859 1737 1859 1836 
1836 1859 1832 1738 1737 1836 1838 1738 1836 
1740 1738 1838 1840 1740 1838 1742 1740 1840 
1842 1742 1840 1744 1742 1842 1844 1744 1842 
1746 1744 1844 1846 1746 1844 1748 1746 1846 
1848 1748 1846 1750 1748 1848 1850 1750 1848 
1752 1750 1850 1852 1752 1850 1754 1860 1861 
1752 1860 1754 1752 1853 1860 1752 1852 1853 
1861 1862 1863 1860 1862 1861 1863 1864 1865 
1862 1864 1863 1865 1757 1756 1865 1864 1757 
1864 1866 1757 1854 1732 1757 1866 1854 1757 
1734 1856 1758 1760 1758 1856 1760 1856 1867 
1867 1856 1858 1763 1762 1867 1763 1867 1859 
1859 1867 1858 1736 1763 1859 1754 1861 1773 
1775 1773 1861 1863 1775 1861 1777 1775 1863 
1865 1777 1863 1756 1777 1865 1760 1867 1780 
1762 1780 1867 1868 1869 1870 1868 1785 1784 
1868 1784 1869 1869 1784 1871 1787 1872 1784 
1784 1872 1871 1789 1873 1787 1787 1873 1872 
1790 1874 1875 1790 1875 1789 1789 1875 1873 
1875 1874 1876 1877 1878 1879 1870 1878 1877 
1868 1870 1877 1868 1877 1793 1868 1793 1792 
1785 1868 1792 1790 1794 1874 1795 1880 1881 
1794 1795 1881 1794 1881 1876 1794 1876 1874 
1881 1880 1882 1883 1884 1885 1883 1886 1887 
1884 1883 1887 1879 1887 1886 1877 1879 1886 
1877 1886 1797 1877 1797 1796 1793 1877 1796 
1795 1798 1880 1880 1888 1882 1880 1798 1888 
1798 1800 1888 1888 1800 1801 1889 1888 1801 
1890 1891 1892 1890 1804 1803 1890 1803 1891 
1891 1803 1893 1885 1805 1883 1885 1893 1805 
1893 1803 1805 1806 1883 1805 1886 1883 1806 
1797 1886 1806 1894 1807 1895 1894 1889 1807 
1889 1801 1807 1894 1895 1896 1897 1898 1899 
1897 1900 1901 1898 1897 1901 1900 1902 1903 
1901 1900 1903 1892 1903 1902 1890 1892 1902 
1890 1902 1809 1890 1809 1808 1804 1890 1808 
1807 1810 1895 1895 1810 1811 1895 1811 1896 
1896 1811 1904 1905 1897 1899 1906 1905 1899 
1812 1905 1813 1812 1900 1905 1900 1897 1905 
1814 1900 1812 1902 1900 1814 1809 1902 1814 
1811 1815 1904 1904 1815 1907 1908 1909 1910 
1908 1911 1912 1909 1908 1912 1906 1912 1911 
1905 1906 1911 1905 1911 1818 1905 1818 1817 
1813 1905 1817 1815 1819 1907 1907 1819 1913 
1914 1908 1910 1915 1914 1910 1821 1914 1822 
1821 1911 1914 1911 1908 1914 1818 1911 1821 
1916 1917 1918 1916 1918 1913 1916 1913 1823 
1823 1913 1819 1825 1919 1826 1914 1915 1920 
1920 1822 1914 1920 1921 1822 1825 1822 1919 
1919 1822 1921 1922 1923 1924 1922 1925 1926 
1924 1925 1922 1926 1927 1928 1925 1927 1926 
1928 1929 1930 1927 1929 1928 1930 1931 1932 
1929 1931 1930 1932 1933 1934 1931 1933 1932 
1934 1935 1936 1933 1935 1934 1936 1937 1938 
1935 1937 1936 1937 1939 1938 1828 1917 1916 
1828 1827 1917 1827 1940 1917 1823 1828 1916 
1826 1919 1830 1831 1941 1942 1830 1941 1831 
1830 1921 1941 1830 1919 1921 1923 1942 1941 
1922 1942 1923 1922 1833 1942 1922 1834 1833 
1835 1834 1922 1926 1835 1922 1837 1835 1926 
1928 1837 1926 1839 1837 1928 1930 1839 1928 
1841 1839 1930 1932 1841 1930 1843 1841 1932 
1934 1843 1932 1845 1843 1934 1936 1845 1934 
1847 1845 1936 1938 1847 1936 1938 1939 1943 
1938 1943 1847 1847 1943 1849 1851 1849 1944 
1849 1943 1944 1853 1945 1946 1853 1851 1945 
1851 1944 1945 1946 1947 1948 1945 1947 1946 
1948 1949 1950 1947 1949 1948 1950 1951 1952 
1949 1951 1950 1952 1855 1854 1952 1951 1855 
1951 1953 1855 1940 1827 1855 1953 1940 1855 
1831 1942 1857 1833 1857 1942 1853 1946 1860 
1862 1860 1946 1948 1862 1946 1864 1862 1948 
1950 1864 1948 1866 1864 1950 1952 1866 1950 
1854 1866 1952 1954 1955 1956 1954 1957 1958 
1955 1954 1958 1957 1959 1960 1958 1957 1960 
1960 1959 1961 1962 1963 1964 1956 1963 1962 
1954 1956 1962 1954 1962 1870 1954 1870 1869 
1871 1954 1869 1957 1954 1871 1872 1957 1871 
1959 1957 1872 1959 1965 1961 1959 1872 1965 
1872 1873 1965 1875 1966 1873 1873 1966 1965 
1966 1875 1876 1967 1966 1876 1968 1969 1970 
1968 1971 1972 1969 1968 1972 1964 1972 1971 
1962 1964 1971 1962 1971 1879 1962 1879 1878 
1870 1962 1878 1876 1973 1967 1881 1973 1876 
1973 1881 1882 1974 1973 1882 1975 1976 1977 
1975 1978 1979 1976 1975 1979 1970 1979 1978 
1968 1970 1978 1968 1978 1885 1968 1885 1884 
1887 1968 1884 1971 1968 1887 1879 1971 1887 
1882 1980 1974 1888 1980 1882 1889 1981 1982 
1889 1982 1888 1888 1982 1980 1982 1981 1983 
1984 1985 1986 1984 1987 1988 1985 1984 1988 
1987 1989 1990 1988 1987 1990 1977 1990 1989 
1975 1977 1989 1975 1989 1892 1975 1892 1891 
1893 1975 1891 1978 1975 1893 1885 1978 1893 
1889 1894 1981 1981 1894 1896 1981 1896 1983 
1983 1896 1991 1992 1993 1994 1986 1993 1992 
1984 1986 1992 1984 1992 1899 1984 1899 1898 
1901 1984 1898 1987 1984 1901 1903 1987 1901 
1989 1987 1903 1892 1989 1903 1995 1996 1997 
1995 1997 1991 1995 1991 1904 1904 1991 1896 
1998 1999 2000 1994 1999 1998 1994 1998 1992 
1992 1998 2001 1899 2001 1906 1992 2001 1899 
1995 2002 1996 2002 1995 1904 2002 1904 2003 
2003 1904 1907 1909 1998 2000 1909 2000 1910 
1910 2000 2004 1912 1998 1909 2001 1998 1912 
1906 2001 1912 2005 2006 2007 2005 2007 2003 
2005 2003 1913 1913 2003 1907 2008 2009 1915 
2008 1915 2004 2004 1915 1910 2009 2010 2011 
2008 2010 2009 2011 2012 2013 2010 2012 2011 
2013 2014 2015 2012 2014 2013 2015 2016 2017 
2014 2016 2015 2017 2018 2019 2016 2018 2017 
2019 2020 2021 2018 2020 2019 2021 2022 2023 
2020 2022 2021 2023 2024 2025 2022 2024 2023 
2025 2026 2027 2024 2026 2025 2026 2028 2027 
1918 2006 2005 1918 1917 2006 1917 2029 2006 
1913 1918 2005 1915 2009 1920 1921 1920 2009 
1921 2009 2030 2030 2009 2011 1924 1923 2030 
1924 2030 2013 2013 2030 2011 1925 1924 2013 
2015 1925 2013 1927 1925 2015 2017 1927 2015 
1929 1927 2017 2019 1929 2017 1931 1929 2019 
2021 1931 2019 1933 1931 2021 2023 1933 2021 
1935 1933 2023 2025 1935 2023 1937 1935 2025 
2027 1937 2025 1939 2031 2032 1937 2031 1939 
1937 2028 2031 1937 2027 2028 2032 2033 2034 
2031 2033 2032 2033 2035 2034 2036 2037 2038 
2036 2038 2029 2036 2029 1940 1940 2029 1917 
1921 2030 1941 1923 1941 2030 1939 2032 1943 
1944 1943 2032 2034 1944 2032 2034 2035 2039 
2034 2039 1944 1944 2039 1945 1947 1945 2040 
1945 2039 2040 1949 1947 2041 1947 2040 2041 
1951 1949 2042 1949 2041 2042 2037 2036 1953 
2037 1953 2042 2042 1953 1951 1940 1953 2036 
2043 2044 2045 2043 2046 2047 2044 2043 2047 
2047 2046 2048 2049 2050 2051 2049 2052 2053 
2050 2049 2053 2045 2053 2052 2043 2045 2052 
2043 2052 1956 2043 1956 1955 1958 2043 1955 
2046 2043 1958 2046 2054 2048 2046 1958 2054 
1958 1960 2054 1961 2055 2056 1961 2056 1960 
1960 2056 2054 2056 2055 2057 2058 2059 2060 
2051 2059 2058 2051 2058 2049 2049 2058 2061 
1963 2061 1964 1963 2052 2061 2052 2049 2061 
1956 2052 1963 1961 1965 2055 2055 2062 2057 
2055 1965 2062 1965 1966 2062 1967 2063 2064 
1967 2064 1966 1966 2064 2062 2064 2063 2065 
2066 2067 2068 2060 2067 2066 2058 2060 2066 
2058 2066 1970 2058 1970 1969 1972 2058 1969 
2061 2058 1972 1964 2061 1972 1967 1973 2063 
1974 2069 2070 1973 1974 2070 1973 2070 2065 
1973 2065 2063 2070 2069 2071 2072 2073 2074 
2072 2075 2076 2073 2072 2076 2075 1977 1976 
2075 1976 2076 2076 1976 2077 2068 1979 2066 
2068 2077 1979 2077 1976 1979 1970 2066 1979 
1974 1980 2069 2069 1980 1982 2069 1982 2078 
2069 2078 2071 2078 1982 2079 1982 1983 2079 
2080 2081 2082 2080 2083 2084 2081 2080 2084 
2083 1986 1985 2083 1985 2084 2084 1985 2085 
2074 1988 2072 2074 2085 1988 2085 1985 1988 
1990 2072 1988 2075 2072 1990 1977 2075 1990 
2086 2078 2079 2087 2078 2086 1983 1991 2086 
2079 1983 2086 2088 2080 2082 2089 2088 2082 
1993 2088 1994 1993 2083 2088 2083 2080 2088 
1986 2083 1993 1997 2087 2086 1997 1996 2087 
1996 2090 2087 1991 1997 2086 2091 2092 2093 
2089 2092 2091 2088 2089 2091 2088 2091 2000 
2088 2000 1999 1994 2088 1999 1996 2094 2090 
2002 2094 1996 2094 2002 2003 2095 2094 2003 
2091 2093 2096 2091 2004 2000 2091 2097 2004 
2091 2096 2097 2098 2004 2097 2098 2099 2100 
2097 2099 2098 2100 2101 2102 2099 2101 2100 
2102 2103 2104 2101 2103 2102 2104 2105 2106 
2103 2105 2104 2106 2107 2108 2105 2107 2106 
2108 2109 2110 2107 2109 2108 2110 2111 2112 
2109 2111 2110 2112 2113 2114 2111 2113 2112 
2113 2115 2114 2116 2117 2118 2116 2007 2006 
2116 2118 2007 2118 2119 2007 2095 2003 2007 
2119 2095 2007 2004 2098 2008 2010 2008 2098 
2100 2010 2098 2012 2010 2100 2102 2012 2100 
2014 2012 2102 2104 2014 2102 2016 2014 2104 
2106 2016 2104 2018 2016 2106 2108 2018 2106 
2020 2018 2108 2110 2020 2108 2022 2020 2110 
2112 2022 2110 2024 2022 2112 2114 2024 2112 
2114 2115 2120 2114 2120 2024 2024 2120 2026 
2028 2121 2122 2028 2026 2121 2026 2120 2121 
2122 2123 2124 2121 2123 2122 2123 2125 2124 
2126 2127 2128 2117 2126 2128 2117 2116 2126 
2116 2129 2126 2006 2029 2129 2116 2006 2129 
2028 2122 2031 2033 2031 2122 2124 2033 2122 
2035 2130 2131 2033 2130 2035 2033 2125 2130 
2033 2124 2125 2131 2132 2133 2130 2132 2131 
2133 2134 2135 2132 2134 2133 2127 2135 2134 
2127 2126 2135 2126 2136 2135 2038 2037 2136 
2038 2136 2129 2129 2136 2126 2029 2038 2129 
2035 2131 2039 2040 2039 2131 2133 2040 2131 
2041 2040 2133 2135 2041 2133 2042 2041 2135 
2136 2042 2135 2037 2042 2136 2137 2138 2139 
2137 2045 2044 2137 2044 2138 2138 2044 2140 
2047 2141 2044 2044 2141 2140 2048 2142 2143 
2048 2143 2047 2047 2143 2141 2143 2142 2144 
2145 2146 2147 2145 2051 2050 2145 2050 2146 
2146 2050 2148 2139 2053 2137 2139 2148 2053 
2148 2050 2053 2045 2137 2053 2048 2054 2142 
2142 2149 2144 2142 2054 2149 2054 2056 2149 
2057 2150 2151 2057 2151 2056 2056 2151 2149 
2151 2150 2152 2153 2154 2155 2147 2154 2153 
2145 2147 2153 2145 2153 2060 2145 2060 2059 
2051 2145 2059 2057 2062 2150 2150 2156 2152 
2150 2062 2156 2062 2064 2156 2156 2064 2065 
2157 2156 2065 2158 2159 2160 2158 2161 2162 
2159 2158 2162 2161 2163 2164 2162 2161 2164 
2155 2164 2163 2153 2155 2163 2153 2163 2068 
2153 2068 2067 2060 2153 2067 2165 2065 2070 
2165 2166 2065 2166 2157 2065 2070 2071 2165 
2167 2168 2169 2167 2170 2171 2168 2167 2171 
2170 2172 2173 2171 2170 2173 2172 2174 2175 
2173 2172 2175 2160 2175 2174 2158 2160 2174 
2158 2174 2074 2158 2074 2073 2076 2158 2073 
2161 2158 2076 2077 2161 2076 2163 2161 2077 
2068 2163 2077 2165 2176 2166 2176 2165 2071 
2176 2071 2177 2177 2071 2078 2178 2167 2169 
2179 2178 2169 2081 2178 2082 2081 2170 2178 
2170 2167 2178 2084 2170 2081 2172 2170 2084 
2085 2172 2084 2174 2172 2085 2074 2174 2085 
2078 2087 2177 2177 2087 2180 2181 2182 2183 
2179 2182 2181 2179 2181 2178 2178 2181 2184 
2082 2184 2089 2178 2184 2082 2185 2090 2186 
2185 2180 2090 2180 2087 2090 2185 2186 2187 
2188 2189 2190 2183 2189 2188 2183 2188 2181 
2181 2188 2191 2092 2191 2093 2092 2184 2191 
2184 2181 2191 2089 2184 2092 2192 2193 2194 
2193 2195 2196 2192 2195 2193 2196 2197 2198 
2195 2197 2196 2198 2199 2200 2197 2199 2198 
2200 2201 2202 2199 2201 2200 2202 2203 2204 
2201 2203 2202 2204 2205 2206 2203 2205 2204 
2206 2207 2208 2205 2207 2206 2207 2209 2208 
2210 2211 2212 2213 2090 2212 2213 2186 2090 
2212 2090 2210 2094 2214 2090 2210 2090 2214 
2186 2213 2187 2094 2095 2214 2188 2190 2215 
2191 2188 2215 2216 2191 2215 2093 2191 2216 
2093 2216 2096 2096 2216 2217 2194 2193 2097 
2194 2097 2217 2217 2097 2096 2099 2097 2193 
2196 2099 2193 2101 2099 2196 2198 2101 2196 
2103 2101 2198 2200 2103 2198 2105 2103 2200 
2202 2105 2200 2107 2105 2202 2204 2107 2202 
2109 2107 2204 2206 2109 2204 2111 2109 2206 
2208 2111 2206 2208 2209 2218 2208 2218 2111 
2111 2218 2113 2115 2219 2220 2115 2113 2219 
2113 2218 2219 2220 2221 2222 2219 2221 2220 
2222 2223 2224 2221 2223 2222 2223 2225 2224 
2226 2227 2228 2211 2226 2228 2210 2226 2211 
2210 2117 2226 2210 2118 2117 2119 2118 2210 
2214 2119 2210 2095 2119 2214 2115 2220 2120 
2121 2120 2220 2222 2121 2220 2123 2121 2222 
2224 2123 2222 2125 2229 2230 2123 2229 2125 
2123 2225 2229 2123 2224 2225 2230 2231 2232 
2229 2231 2230 2232 2233 2234 2231 2233 2232 
2227 2234 2233 2226 2234 2227 2226 2127 2234 
2226 2128 2127 2117 2128 2226 2125 2230 2130 
2132 2130 2230 2232 2132 2230 2134 2132 2232 
2234 2134 2232 2127 2134 2234 2235 2236 2237 
2235 2238 2239 2236 2235 2239 2238 2240 2241 
2239 2238 2241 2241 2240 2242 2243 2244 2245 
2237 2244 2243 2235 2237 2243 2235 2243 2139 
2235 2139 2138 2140 2235 2138 2238 2235 2140 
2141 2238 2140 2240 2238 2141 2240 2246 2242 
2240 2141 2246 2141 2143 2246 2144 2247 2248 
2144 2248 2143 2143 2248 2246 2248 2247 2249 
2250 2251 2252 2250 2253 2254 2251 2250 2254 
2253 2147 2146 2253 2146 2254 2254 2146 2255 
2245 2148 2243 2245 2255 2148 2255 2146 2148 
2139 2243 2148 2144 2149 2247 2247 2256 2249 
2247 2149 2256 2149 2151 2256 2256 2151 2152 
2257 2256 2152 2258 2259 2260 2258 2261 2262 
2259 2258 2262 2252 2262 2261 2252 2261 2250 
2250 2261 2263 2154 2263 2155 2154 2253 2263 
2253 2250 2263 2147 2253 2154 2152 2264 2257 
2156 2264 2152 2264 2156 2157 2265 2264 2157 
2266 2267 2268 2266 2269 2270 2267 2266 2270 
2269 2271 2272 2270 2269 2272 2260 2272 2271 
2258 2260 2271 2258 2271 2160 2258 2160 2159 
2162 2258 2159 2261 2258 2162 2164 2261 2162 
2263 2261 2164 2155 2263 2164 2157 2166 2265 
2265 2166 2273 2274 2275 2276 2274 2169 2168 
2274 2168 2275 2275 2168 2277 2268 2171 2266 
2268 2277 2171 2277 2168 2171 2173 2266 2171 
2269 2266 2173 2175 2269 2173 2271 2269 2175 
2160 2271 2175 2166 2278 2273 2176 2278 2166 
2278 2176 2177 2279 2278 2177 2280 2274 2276 
2281 2280 2276 2169 2280 2179 2274 2280 2169 
2282 2180 2283 2282 2279 2180 2279 2177 2180 
2282 2283 2284 2285 2286 2287 2285 2288 2289 
2286 2285 2289 2281 2289 2288 2280 2281 2288 
2280 2288 2183 2280 2183 2182 2179 2280 2182 
2290 2291 2292 2290 2293 2294 2292 2293 2290 
2294 2295 2296 2293 2295 2294 2296 2297 2298 
2295 2297 2296 2298 2299 2300 2297 2299 2298 
2300 2301 2302 2299 2301 2300 2302 2303 2304 
2301 2303 2302 2304 2305 2306 2303 2305 2304 
2305 2307 2306 2308 2180 2185 2308 2309 2180 
2283 2180 2310 2310 2180 2309 2283 2310 2284 
2185 2187 2308 2285 2287 2311 2288 2285 2311 
2288 2311 2312 2313 2190 2189 2313 2183 2314 
2313 2189 2183 2314 2183 2315 2288 2312 2183 
2315 2183 2312 2314 2316 2317 2315 2316 2314 
2291 2317 2316 2290 2317 2291 2290 2194 2317 
2290 2192 2194 2195 2192 2290 2294 2195 2290 
2197 2195 2294 2296 2197 2294 2199 2197 2296 
2298 2199 2296 2201 2199 2298 2300 2201 2298 
2203 2201 2300 2302 2203 2300 2205 2203 2302 
2304 2205 2302 2207 2205 2304 2306 2207 2304 
2209 2318 2319 2207 2318 2209 2207 2307 2318 
2207 2306 2307 2319 2320 2321 2318 2320 2319 
2321 2322 2323 2320 2322 2321 2323 2324 2325 
2322 2324 2323 2324 2326 2325 2327 2328 2329 
2327 2212 2211 2327 2329 2212 2329 2330 2212 
2309 2308 2213 2309 2213 2330 2330 2213 2212 
2187 2213 2308 2190 2313 2215 2216 2215 2313 
2314 2216 2313 2217 2216 2314 2317 2217 2314 
2194 2217 2317 2209 2319 2218 2219 2218 2319 
2321 2219 2319 2221 2219 2321 2323 2221 2321 
2223 2221 2323 2325 2223 2323 2225 2331 2332 
2223 2331 2225 2223 2326 2331 2223 2325 2326 
2332 2333 2334 2331 2333 2332 2334 2335 2336 
2333 2335 2334 2328 2336 2335 2327 2336 2328 
2327 2227 2336 2327 2228 2227 2211 2228 2327 
2225 2332 2229 2231 2229 2332 2334 2231 2332 
2233 2231 2334 2336 2233 2334 2227 2233 2336 
2337 2338 2339 2337 2340 2341 2338 2337 2341 
2341 2340 2342 2343 2344 2345 2339 2344 2343 
2337 2339 2343 2337 2343 2237 2337 2237 2236 
2239 2337 2236 2340 2337 2239 2340 2346 2342 
2340 2239 2346 2239 2241 2346 2242 2347 2348 
2242 2348 2241 2241 2348 2346 2348 2347 2349 
2350 2351 2352 2350 2353 2354 2351 2350 2354 
2353 2355 2356 2354 2353 2356 2345 2356 2355 
2343 2345 2355 2343 2355 2245 2343 2245 2244 
2237 2343 2244 2242 2246 2347 2347 2357 2349 
2347 2246 2357 2246 2248 2357 2357 2248 2249 
2358 2357 2249 2359 2360 2361 2359 2362 2363 
2360 2359 2363 2352 2363 2362 2350 2352 2362 
2350 2362 2252 2350 2252 2251 2254 2350 2251 
2353 2350 2254 2255 2353 2254 2355 2353 2255 
2245 2355 2255 2249 2364 2358 2256 2364 2249 
2364 2256 2257 2365 2364 2257 2366 2367 2368 
2366 2369 2370 2367 2366 2370 2369 2371 2372 
2370 2369 2372 2361 2372 2371 2359 2361 2371 
2359 2371 2260 2359 2260 2259 2262 2359 2259 
2362 2359 2262 2252 2362 2262 2257 2373 2365 
2264 2373 2257 2373 2264 2265 2374 2373 2265 
2375 2376 2377 2375 2378 2379 2376 2375 2379 
2368 2379 2378 2366 2368 2378 2366 2378 2268 
2366 2268 2267 2270 2366 2267 2369 2366 2270 
2272 2369 2270 2371 2369 2272 2260 2371 2272 
2265 2273 2374 2374 2273 2380 2381 2382 2383 
2377 2382 2381 2375 2377 2381 2375 2381 2276 
2375 2276 2275 2277 2375 2275 2378 2375 2277 
2268 2378 2277 2273 2384 2380 2278 2384 2273 
2384 2278 2279 2385 2384 2279 2386 2387 2388 
2386 2389 2390 2387 2386 2390 2383 2390 2389 
2383 2389 2381 2381 2389 2391 2276 2391 2281 
2381 2391 2276 2392 2393 2394 2392 2395 2396 
2394 2395 2392 2396 2397 2398 2395 2397 2396 
2398 2399 2400 2397 2399 2398 2400 2401 2402 
2399 2401 2400 2402 2403 2404 2401 2403 2402 
2404 2405 2406 2403 2405 2404 2406 2407 2408 
2405 2407 2406 2407 2409 2408 2410 2279 2282 
2410 2411 2279 2411 2385 2279 2282 2284 2410 
2386 2388 2412 2389 2386 2412 2389 2412 2413 
2414 2287 2286 2391 2389 2415 2389 2413 2415 
2416 2286 2289 2416 2414 2286 2415 2281 2391 
2415 2417 2281 2289 2281 2416 2416 2281 2417 
2418 2419 2420 2393 2418 2420 2392 2418 2393 
2392 2291 2418 2392 2292 2291 2293 2292 2392 
2396 2293 2392 2295 2293 2396 2398 2295 2396 
2297 2295 2398 2400 2297 2398 2299 2297 2400 
2402 2299 2400 2301 2299 2402 2404 2301 2402 
2303 2301 2404 2406 2303 2404 2305 2303 2406 
2408 2305 2406 2307 2421 2422 2305 2421 2307 
2305 2409 2421 2305 2408 2409 2422 2423 2424 
2421 2423 2422 2424 2425 2426 2423 2425 2424 
2426 2427 2428 2425 2427 2426 2428 2429 2430 
2427 2429 2428 2429 2431 2430 2432 2433 2434 
2432 2435 2436 2434 2435 2432 2411 2436 2435 
2410 2436 2411 2410 2309 2436 2410 2310 2309 
2284 2310 2410 2287 2414 2311 2312 2311 2414 
2416 2312 2414 2416 2417 2437 2416 2437 2312 
2312 2437 2315 2419 2418 2316 2419 2316 2437 
2437 2316 2315 2291 2316 2418 2307 2422 2318 
2320 2318 2422 2424 2320 2422 2322 2320 2424 
2426 2322 2424 2324 2322 2426 2428 2324 2426 
2326 2324 2428 2326 2428 2438 2438 2428 2430 
2439 2430 2431 2439 2440 2430 2440 2438 2430 
2440 2441 2442 2439 2441 2440 2433 2442 2441 
2432 2442 2433 2432 2328 2442 2432 2329 2328 
2330 2329 2432 2436 2330 2432 2309 2330 2436 
2326 2438 2331 2333 2331 2438 2440 2333 2438 
2335 2333 2440 2442 2335 2440 2328 2335 2442 
2443 2444 2445 2444 2443 2446 2447 2448 2449 
2445 2448 2447 2443 2445 2447 2443 2447 2339 
2443 2339 2338 2443 2450 2446 2443 2338 2450 
2338 2341 2450 2342 2451 2452 2342 2452 2341 
2341 2452 2450 2452 2451 2453 2454 2455 2456 
2454 2457 2458 2455 2454 2458 2457 2459 2460 
2458 2457 2460 2449 2460 2459 2447 2449 2459 
2447 2459 2345 2447 2345 2344 2339 2447 2344 
2342 2346 2451 2451 2461 2453 2451 2346 2461 
2346 2348 2461 2461 2348 2349 2462 2461 2349 
2463 2464 2465 2463 2466 2467 2464 2463 2467 
2456 2467 2466 2454 2456 2466 2454 2466 2352 
2454 2352 2351 2354 2454 2351 2457 2454 2354 
2356 2457 2354 2459 2457 2356 2345 2459 2356 
2349 2468 2462 2357 2468 2349 2358 2469 2470 
2358 2470 2357 2357 2470 2468 2470 2469 2471 
2472 2473 2474 2472 2475 2476 2473 2472 2476 
2465 2476 2475 2463 2465 2475 2463 2475 2361 
2463 2361 2360 2363 2463 2360 2466 2463 2363 
2352 2466 2363 2358 2364 2469 2469 2364 2365 
2469 2365 2471 2471 2365 2477 2478 2479 2480 
2478 2481 2482 2479 2478 2482 2481 2483 2484 
2482 2481 2484 2483 2485 2486 2484 2483 2486 
2485 2368 2367 2485 2367 2486 2486 2367 2487 
2474 2370 2472 2474 2487 2370 2487 2367 2370 
2372 2472 2370 2475 2472 2372 2361 2475 2372 
2365 2488 2477 2373 2488 2365 2488 2373 2374 
2489 2488 2374 2490 2478 2480 2491 2490 2480 
2481 2478 2492 2492 2478 2490 2376 2492 2377 
2376 2483 2492 2483 2481 2492 2379 2483 2376 
2485 2483 2379 2368 2485 2379 2374 2380 2489 
2489 2380 2493 2494 2495 2496 2494 2497 2498 
2495 2494 2498 2491 2498 2497 2491 2497 2490 
2490 2497 2499 2382 2499 2383 2382 2492 2499 
2492 2490 2499 2377 2492 2382 2500 2501 2502 
2500 2503 2504 2502 2503 2500 2504 2505 2506 
2503 2505 2504 2506 2507 2508 2505 2507 2506 
2508 2509 2510 2507 2509 2508 2510 2511 2512 
2509 2511 2510 2511 2513 2512 2380 2514 2493 
2384 2514 2380 2514 2384 2385 2515 2514 2385 
2516 2494 2496 2517 2516 2496 2387 2516 2388 
2387 2497 2516 2497 2494 2516 2390 2497 2387 
2499 2497 2390 2383 2499 2390 2518 2519 2520 
2518 2394 2393 2518 2520 2394 2520 2521 2394 
2501 2500 2395 2501 2395 2521 2521 2395 2394 
2397 2395 2500 2504 2397 2500 2399 2397 2504 
2506 2399 2504 2401 2399 2506 2508 2401 2506 
2403 2401 2508 2510 2403 2508 2405 2403 2510 
2512 2405 2510 2512 2513 2522 2512 2522 2405 
2405 2522 2407 2409 2523 2524 2409 2407 2523 
2407 2522 2523 2524 2525 2526 2523 2525 2524 
2526 2527 2528 2525 2527 2526 2528 2529 2530 
2527 2529 2528 2530 2531 2532 2529 2531 2530 
2531 2533 2532 2534 2535 2536 2534 2537 2538 
2536 2537 2534 2538 2539 2540 2537 2539 2538 
2540 2539 2515 2540 2515 2411 2411 2515 2385 
2516 2517 2541 2388 2516 2541 2388 2541 2412 
2412 2541 2542 2413 2412 2543 2412 2542 2543 
2415 2413 2544 2413 2543 2544 2417 2545 2546 
2417 2415 2545 2415 2544 2545 2519 2546 2545 
2518 2546 2519 2518 2419 2546 2518 2420 2419 
2393 2420 2518 2409 2524 2421 2423 2421 2524 
2526 2423 2524 2425 2423 2526 2528 2425 2526 
2427 2425 2528 2530 2427 2528 2429 2427 2530 
2532 2429 2530 2431 2547 2548 2429 2547 2431 
2429 2533 2547 2429 2532 2533 2535 2548 2547 
2535 2534 2548 2534 2549 2548 2434 2433 2549 
2434 2549 2538 2538 2549 2534 2435 2434 2538 
2540 2435 2538 2411 2435 2540 2417 2546 2437 
2419 2437 2546 2431 2548 2439 2441 2439 2548 
2549 2441 2548 2433 2441 2549 2550 2551 2552 
2550 2553 2554 2551 2550 2554 2553 2445 2444 
2553 2444 2554 2554 2444 2555 2555 2444 2446 
2556 2555 2446 2557 2558 2559 2557 2560 2561 
2558 2557 2561 2560 2562 2563 2561 2560 2563 
2552 2563 2562 2552 2562 2550 2550 2562 2564 
2448 2564 2449 2448 2553 2564 2553 2550 2564 
2445 2553 2448 2446 2565 2556 2450 2565 2446 
2452 2566 2450 2450 2566 2565 2566 2452 2453 
2567 2566 2453 2568 2569 2570 2568 2571 2572 
2569 2568 2572 2559 2572 2571 2559 2571 2557 
2557 2571 2573 2455 2573 2456 2455 2560 2573 
2560 2557 2573 2458 2560 2455 2562 2560 2458 
2460 2562 2458 2564 2562 2460 2449 2564 2460 
2453 2574 2567 2461 2574 2453 2462 2575 2576 
2462 2576 2461 2461 2576 2574 2576 2575 2577 
2578 2579 2580 2570 2579 2578 2570 2578 2568 
2568 2578 2581 2464 2581 2465 2464 2571 2581 
2571 2568 2581 2467 2571 2464 2573 2571 2467 
2456 2573 2467 2462 2468 2575 2575 2468 2470 
2575 2470 2582 2575 2582 2577 2582 2470 2583 
2470 2471 2583 2584 2585 2586 2584 2587 2588 
2585 2584 2588 2587 2589 2590 2588 2587 2590 
2589 2591 2592 2590 2589 2592 2591 2593 2594 
2592 2591 2594 2580 2594 2593 2578 2580 2593 
2578 2593 2474 2578 2474 2473 2476 2578 2473 
2581 2578 2476 2465 2581 2476 2583 2595 2582 
2595 2583 2471 2595 2471 2596 2596 2471 2477 
2597 2598 2599 2586 2598 2597 2584 2586 2597 
2584 2597 2480 2584 2480 2479 2482 2584 2479 
2587 2584 2482 2484 2587 2482 2589 2587 2484 
2486 2589 2484 2591 2589 2486 2487 2591 2486 
2593 2591 2487 2474 2593 2487 2600 2477 2488 
2600 2601 2477 2601 2596 2477 2488 2489 2600 
2602 2603 2604 2599 2603 2602 2599 2602 2597 
2597 2602 2605 2480 2605 2491 2597 2605 2480 
2606 2607 2608 2606 2609 2610 2608 2609 2606 
2610 2611 2612 2609 2611 2610 2612 2613 2614 
2611 2613 2612 2614 2615 2616 2613 2615 2614 
2615 2617 2616 2600 2618 2601 2618 2600 2489 
2618 2489 2619 2619 2489 2493 2495 2602 2604 
2495 2604 2496 2496 2604 2620 2498 2602 2495 
2605 2602 2498 2491 2605 2498 2621 2622 2623 
2621 2624 2625 2623 2624 2621 2607 2625 2624 
2606 2625 2607 2606 2501 2625 2606 2502 2501 
2503 2502 2606 2610 2503 2606 2505 2503 2610 
2612 2505 2610 2507 2505 2612 2614 2507 2612 
2509 2507 2614 2616 2509 2614 2616 2617 2626 
2616 2626 2509 2509 2626 2511 2513 2627 2628 
2513 2511 2627 2511 2626 2627 2628 2629 2630 
2627 2629 2628 2630 2631 2632 2629 2631 2630 
2632 2633 2634 2631 2633 2632 2634 2635 2636 
2633 2635 2634 2636 2637 2638 2635 2637 2636 
2638 2639 2640 2637 2639 2638 2640 2641 2642 
2639 2641 2640 2642 2643 2644 2641 2643 2642 
2514 2645 2644 2514 2644 2619 2514 2619 2493 
2643 2619 2644 2514 2515 2645 2646 2647 2517 
2646 2517 2620 2620 2517 2496 2647 2648 2649 
2646 2648 2647 2649 2650 2651 2648 2650 2649 
2651 2652 2653 2650 2652 2651 2653 2654 2655 
2652 2654 2653 2622 2655 2654 2621 2655 2622 
2621 2519 2655 2621 2520 2519 2521 2520 2621 
2625 2521 2621 2501 2521 2625 2513 2628 2522 
2523 2522 2628 2630 2523 2628 2525 2523 2630 
2632 2525 2630 2527 2525 2632 2634 2527 2632 
2529 2527 2634 2636 2529 2634 2531 2529 2636 
2638 2531 2636 2533 2531 2638 2533 2638 2656 
2656 2638 2640 2536 2535 2656 2536 2656 2642 
2642 2656 2640 2537 2536 2642 2644 2537 2642 
2539 2537 2644 2645 2539 2644 2515 2539 2645 
2517 2647 2541 2542 2541 2647 2649 2542 2647 
2543 2542 2649 2651 2543 2649 2544 2543 2651 
2653 2544 2651 2545 2544 2653 2655 2545 2653 
2519 2545 2655 2533 2656 2547 2535 2547 2656 
2657 2658 2659 2657 2660 2661 2658 2657 2661 
2660 2662 2663 2661 2660 2663 2662 2664 2665 
2663 2662 2665 2664 2666 2667 2665 2664 2667 
2666 2668 2669 2667 2666 2669 2669 2668 2670 
2671 2672 2673 2659 2672 2671 2659 2671 2657 
2657 2671 2674 2660 2657 2675 2675 2657 2674 
2662 2660 2676 2676 2660 2675 2664 2662 2677 
2677 2662 2676 2551 2677 2552 2551 2666 2677 
2666 2664 2677 2554 2666 2551 2668 2666 2554 
2668 2678 2670 2668 2554 2678 2554 2555 2678 
2556 2679 2680 2556 2680 2555 2555 2680 2678 
2680 2679 2681 2682 2683 2684 2673 2683 2682 
2673 2682 2671 2671 2682 2685 2674 2671 2686 
2686 2671 2685 2558 2686 2559 2558 2675 2686 
2675 2674 2686 2561 2675 2558 2676 2675 2561 
2563 2676 2561 2677 2676 2563 2552 2677 2563 
2556 2565 2679 2679 2687 2681 2679 2565 2687 
2565 2566 2687 2687 2566 2567 2688 2687 2567 
2689 2690 2691 2684 2690 2689 2684 2689 2682 
2682 2689 2692 2569 2692 2570 2569 2685 2692 
2685 2682 2692 2572 2685 2569 2686 2685 2572 
2559 2686 2572 2567 2693 2688 2574 2693 2567 
2694 2695 2693 2694 2693 2576 2576 2693 2574 
2576 2577 2694 2696 2697 2698 2696 2699 2700 
2697 2696 2700 2699 2701 2702 2700 2699 2702 
2701 2703 2704 2702 2701 2704 2691 2704 2703 
2691 2703 2689 2689 2703 2705 2579 2705 2580 
2579 2692 2705 2692 2689 2705 2570 2692 2579 
2694 2706 2695 2706 2694 2577 2706 2577 2707 
2707 2577 2582 2708 2709 2710 2708 2711 2712 
2709 2708 2712 2698 2712 2711 2696 2698 2711 
2696 2711 2586 2696 2586 2585 2588 2696 2585 
2699 2696 2588 2590 2699 2588 2701 2699 2590 
2592 2701 2590 2703 2701 2592 2594 2703 2592 
2705 2703 2594 2580 2705 2594 2582 2713 2707 
2595 2713 2582 2713 2595 2596 2714 2713 2596 
2715 2708 2710 2716 2715 2710 2598 2715 2599 
2598 2711 2715 2711 2708 2715 2586 2711 2598 
2717 2718 2719 2717 2720 2721 2719 2720 2717 
2721 2722 2723 2720 2722 2721 2722 2724 2723 
2596 2601 2714 2714 2601 2725 2603 2715 2716 
2603 2716 2604 2604 2716 2726 2599 2715 2603 
2727 2728 2729 2727 2730 2731 2729 2730 2727 
2718 2731 2730 2717 2731 2718 2717 2607 2731 
2717 2608 2607 2609 2608 2717 2721 2609 2717 
2611 2609 2721 2723 2611 2721 2723 2724 2732 
2723 2732 2611 2611 2732 2613 2615 2613 2733 
2613 2732 2733 2617 2734 2735 2617 2615 2734 
2615 2733 2734 2735 2736 2737 2734 2736 2735 
2737 2738 2739 2736 2738 2737 2739 2740 2741 
2738 2740 2739 2740 2742 2741 2743 2744 2745 
2743 2746 2747 2745 2746 2743 2618 2748 2747 
2618 2747 2725 2618 2725 2601 2746 2725 2747 
2618 2619 2748 2749 2750 2620 2749 2620 2726 
2726 2620 2604 2750 2751 2752 2749 2751 2750 
2752 2753 2754 2751 2753 2752 2753 2755 2754 
2756 2757 2758 2728 2756 2758 2727 2756 2728 
2727 2622 2756 2727 2623 2622 2624 2623 2727 
2731 2624 2727 2607 2624 2731 2617 2735 2626 
2627 2626 2735 2737 2627 2735 2629 2627 2737 
2739 2629 2737 2631 2629 2739 2741 2631 2739 
2741 2742 2759 2741 2759 2631 2631 2759 2633 
2635 2633 2760 2633 2759 2760 2637 2635 2761 
2635 2760 2761 2744 2743 2639 2744 2639 2761 
2761 2639 2637 2641 2639 2743 2747 2641 2743 
2643 2641 2747 2748 2643 2747 2619 2643 2748 
2620 2750 2646 2648 2646 2750 2752 2648 2750 
2650 2648 2752 2754 2650 2752 2754 2755 2762 
2754 2762 2650 2650 2762 2652 2757 2756 2654 
2757 2654 2762 2762 2654 2652 2622 2654 2756 
2763 2764 2765 2763 2766 2767 2764 2763 2767 
2766 2768 2769 2767 2766 2769 2768 2770 2771 
2769 2768 2771 2771 2770 2772 2773 2774 2775 
2773 2776 2777 2774 2773 2777 2776 2778 2779 
2777 2776 2779 2779 2778 2780 2763 2765 2781 
2766 2763 2781 2782 2766 2781 2768 2766 2782 
2783 2768 2782 2770 2768 2783 2784 2770 2783 
2772 2770 2784 2773 2775 2785 2785 2786 2787 
2785 2787 2773 2773 2787 2776 2778 2776 2788 
2788 2776 2787 2789 2780 2778 2789 2778 2790 
2790 2778 2788 2790 2791 2792 2789 2790 2792 
2791 2793 2794 2792 2791 2794 2793 2795 2796 
2794 2793 2796 2795 2797 2798 2796 2795 2798 
2798 2797 2799 2800 2787 2786 2801 2800 2786 
2788 2787 2802 2802 2787 2800 2790 2788 2803 
2803 2788 2802 2791 2790 2804 2804 2790 2803 
2793 2791 2805 2805 2791 2804 2795 2793 2806 
2806 2793 2805 2797 2795 2807 2807 2795 2806 
2808 2799 2797 2808 2797 2809 2809 2797 2807 
2808 2809 2810 2811 2812 2813 2801 2812 2811 
2801 2811 2800 2800 2811 2814 2802 2800 2815 
2815 2800 2814 2658 2815 2659 2658 2803 2815 
2803 2802 2815 2661 2803 2658 2804 2803 2661 
2663 2804 2661 2805 2804 2663 2665 2805 2663 
2806 2805 2665 2667 2806 2665 2807 2806 2667 
2669 2807 2667 2809 2807 2669 2670 2816 2817 
2669 2670 2817 2669 2817 2810 2669 2810 2809 
2817 2816 2818 2819 2820 2821 2813 2820 2819 
2813 2819 2811 2811 2819 2822 2814 2811 2823 
2823 2811 2822 2672 2823 2673 2672 2815 2823 
2815 2814 2823 2659 2815 2672 2670 2678 2816 
2816 2824 2818 2816 2678 2824 2678 2680 2824 
2824 2680 2681 2825 2824 2681 2826 2827 2828 
2826 2829 2830 2827 2826 2830 2821 2830 2829 
2821 2829 2819 2819 2829 2831 2822 2819 2832 
2832 2819 2831 2683 2832 2684 2683 2823 2832 
2823 2822 2832 2673 2823 2683 2681 2833 2825 
2687 2833 2681 2688 2834 2835 2688 2835 2687 
2687 2835 2833 2835 2834 2836 2837 2838 2839 
2837 2840 2841 2838 2837 2841 2840 2842 2843 
2841 2840 2843 2842 2844 2845 2843 2842 2845 
2828 2845 2844 2828 2844 2826 2826 2844 2846 
2829 2826 2847 2847 2826 2846 2831 2829 2848 
2848 2829 2847 2690 2848 2691 2690 2832 2848 
2832 2831 2848 2684 2832 2690 2688 2693 2834 
2834 2693 2695 2834 2695 2836 2836 2695 2849 
2837 2839 2850 2850 2851 2852 2850 2852 2837 
2837 2852 2840 2842 2840 2853 2853 2840 2852 
2697 2853 2698 2697 2844 2853 2844 2842 2853 
2700 2844 2697 2846 2844 2700 2702 2846 2700 
2847 2846 2702 2704 2847 2702 2848 2847 2704 
2691 2848 2704 2695 2854 2849 2706 2854 2695 
2854 2706 2707 2855 2854 2707 2709 2852 2851 
2709 2851 2710 2710 2851 2856 2712 2852 2709 
2853 2852 2712 2698 2853 2712 2857 2858 2859 
2857 2860 2861 2859 2860 2857 2861 2862 2863 
2860 2862 2861 2863 2864 2865 2862 2864 2863 
2864 2866 2865 2707 2867 2855 2713 2867 2707 
2867 2713 2714 2868 2867 2714 2869 2870 2871 
2869 2856 2870 2869 2716 2856 2716 2710 2856 
2872 2873 2874 2858 2872 2874 2858 2857 2872 
2857 2875 2872 2719 2718 2875 2719 2875 2861 
2861 2875 2857 2720 2719 2861 2863 2720 2861 
2722 2720 2863 2865 2722 2863 2724 2876 2877 
2722 2876 2724 2722 2866 2876 2722 2865 2866 
2877 2878 2879 2876 2878 2877 2879 2880 2881 
2878 2880 2879 2881 2882 2883 2880 2882 2881 
2882 2884 2883 2714 2725 2868 2868 2725 2885 
2869 2871 2886 2869 2726 2716 2869 2887 2726 
2869 2886 2887 2888 2726 2887 2888 2889 2890 
2887 2889 2888 2890 2891 2892 2889 2891 2890 
2891 2893 2892 2894 2895 2896 2873 2894 2896 
2872 2894 2873 2872 2728 2894 2872 2729 2728 
2730 2729 2872 2875 2730 2872 2718 2730 2875 
2724 2877 2732 2733 2732 2877 2879 2733 2877 
2734 2733 2879 2881 2734 2879 2736 2734 2881 
2883 2736 2881 2883 2884 2897 2883 2897 2736 
2736 2897 2738 2740 2738 2898 2738 2897 2898 
2742 2899 2900 2742 2740 2899 2740 2898 2899 
2900 2901 2902 2899 2901 2900 2902 2903 2904 
2901 2903 2902 2904 2745 2744 2904 2903 2745 
2903 2905 2745 2746 2745 2906 2745 2905 2906 
2885 2725 2746 2906 2885 2746 2726 2888 2749 
2751 2749 2888 2890 2751 2888 2753 2751 2890 
2892 2753 2890 2755 2907 2908 2753 2907 2755 
2753 2893 2907 2753 2892 2893 2895 2908 2907 
2894 2908 2895 2894 2757 2908 2894 2758 2757 
2728 2758 2894 2742 2900 2759 2760 2759 2900 
2902 2760 2900 2761 2760 2902 2904 2761 2902 
2744 2761 2904 2755 2908 2762 2757 2762 2908 
2909 2910 2911 2909 2912 2913 2910 2909 2913 
2912 2914 2915 2913 2912 2915 2914 2916 2917 
2915 2914 2917 2916 2918 2919 2917 2916 2919 
2918 2920 2921 2919 2918 2921 2920 2922 2923 
2921 2920 2923 2922 2924 2925 2923 2922 2925 
2924 2926 2927 2925 2924 2927 2926 2928 2929 
2927 2926 2929 2928 2930 2931 2929 2928 2931 
2931 2930 2932 2933 2909 2911 2934 2933 2911 
2764 2933 2765 2764 2912 2933 2912 2909 2933 
2767 2912 2764 2914 2912 2767 2769 2914 2767 
2916 2914 2769 2771 2916 2769 2918 2916 2771 
2772 2918 2771 2772 2935 2918 2935 2920 2918 
2922 2920 2936 2936 2920 2935 2774 2936 2775 
2774 2924 2936 2924 2922 2936 2777 2924 2774 
2926 2924 2777 2779 2926 2777 2928 2926 2779 
2780 2928 2779 2780 2937 2928 2937 2930 2928 
2938 2932 2930 2938 2930 2939 2939 2930 2937 
2939 2940 2941 2938 2939 2941 2940 2942 2943 
2941 2940 2943 2943 2942 2944 2933 2934 2945 
2946 2945 2947 2781 2945 2946 2781 2933 2945 
2781 2765 2933 2781 2948 2782 2946 2948 2781 
2782 2949 2783 2948 2949 2782 2783 2950 2784 
2949 2950 2783 2784 2935 2772 2784 2950 2935 
2950 2951 2935 2936 2935 2952 2952 2935 2951 
2775 2953 2785 2775 2936 2953 2936 2952 2953 
2785 2953 2786 2780 2789 2937 2792 2937 2789 
2939 2937 2792 2794 2939 2792 2940 2939 2794 
2796 2940 2794 2942 2940 2796 2942 2954 2944 
2942 2796 2954 2796 2798 2954 2954 2798 2799 
2955 2954 2799 2946 2947 2956 2956 2957 2958 
2956 2958 2946 2946 2958 2948 2949 2948 2959 
2959 2948 2958 2950 2949 2960 2960 2949 2959 
2951 2950 2961 2961 2950 2960 2952 2951 2962 
2962 2951 2961 2953 2952 2963 2963 2952 2962 
2786 2963 2801 2953 2963 2786 2799 2964 2955 
2808 2964 2799 2964 2808 2810 2965 2964 2810 
2958 2957 2966 2966 2967 2968 2966 2968 2958 
2958 2968 2959 2960 2959 2969 2969 2959 2968 
2961 2960 2970 2970 2960 2969 2962 2961 2971 
2971 2961 2970 2812 2971 2813 2812 2963 2971 
2963 2962 2971 2801 2963 2812 2810 2972 2965 
2817 2972 2810 2818 2973 2974 2818 2974 2817 
2817 2974 2972 2974 2973 2975 2976 2977 2978 
2976 2979 2980 2977 2976 2980 2967 2980 2979 
2967 2979 2968 2968 2979 2981 2969 2968 2982 
2982 2968 2981 2970 2969 2983 2983 2969 2982 
2820 2983 2821 2820 2971 2983 2971 2970 2983 
2813 2971 2820 2818 2824 2973 2825 2984 2985 
2824 2825 2985 2824 2985 2975 2824 2975 2973 
2985 2984 2986 2987 2976 2978 2988 2987 2978 
2979 2976 2989 2989 2976 2987 2981 2979 2990 
2990 2979 2989 2827 2990 2828 2827 2982 2990 
2982 2981 2990 2830 2982 2827 2983 2982 2830 
2821 2983 2830 2825 2833 2984 2984 2991 2986 
2984 2833 2991 2833 2835 2991 2991 2835 2836 
2992 2991 2836 2838 2993 2994 2839 2838 2994 
2988 2841 2987 2988 2993 2841 2993 2838 2841 
2843 2987 2841 2989 2987 2843 2845 2989 2843 
2990 2989 2845 2828 2990 2845 2995 2996 2997 
2995 2998 2999 2997 2998 2995 2999 3000 3001 
2998 3000 2999 3000 3002 3001 2836 2849 2992 
2992 2849 3003 3004 2850 2839 3004 2839 3005 
3005 2839 2994 2850 3004 2851 3006 2996 2995 
3007 2996 3006 2999 3008 2995 3008 3006 2995 
3001 3009 2999 3009 3008 2999 3010 3001 3002 
3010 3011 3001 3011 3009 3001 3010 3012 3011 
2849 3013 3003 2854 3013 2849 3013 2854 2855 
3014 3013 2855 3004 3005 3015 3015 2851 3004 
3015 3016 2851 3016 2856 2851 3017 3007 3006 
3018 3007 3017 2859 2858 3017 2859 3017 3008 
3008 3017 3006 2860 2859 3008 3009 2860 3008 
2862 2860 3009 3011 2862 3009 3011 3012 3019 
3011 3019 2862 2862 3019 2864 2866 3020 3021 
2866 2864 3020 2864 3019 3020 3021 3022 3023 
3020 3022 3021 3022 3024 3023 3025 2855 2867 
3025 3026 2855 3026 3014 2855 2867 2868 3025 
2870 3027 2871 3028 2856 3016 3028 3027 2856 
3028 3029 3027 3027 2870 2856 3029 3030 3031 
3028 3030 3029 3031 3032 3033 3030 3032 3031 
3033 3034 3035 3032 3034 3033 3035 3036 3037 
3034 3036 3035 3018 3037 3036 3017 3037 3018 
3017 2873 3037 3017 2874 2873 2858 2874 3017 
2866 3021 2876 2878 2876 3021 3023 2878 3021 
3023 3024 3038 3023 3038 2878 2878 3038 2880 
2882 2880 3039 2880 3038 3039 2884 3040 3041 
2884 2882 3040 2882 3039 3040 3041 3042 3043 
3040 3042 3041 3043 3044 3045 3042 3044 3043 
3045 3046 3047 3044 3046 3045 3047 3048 3049 
3046 3048 3047 3049 3050 3051 3048 3050 3049 
3026 3051 3050 3026 3025 3051 3025 3052 3051 
2868 2885 3052 3025 2868 3052 2871 3027 2886 
2887 2886 3027 3029 2887 3027 2889 2887 3029 
3031 2889 3029 2891 2889 3031 3033 2891 3031 
2893 2891 3033 2893 3033 3053 3053 3033 3035 
2896 2895 3053 2896 3053 3037 3037 3053 3035 
2873 2896 3037 2884 3041 2897 2898 2897 3041 
3043 2898 3041 2899 2898 3043 3045 2899 3043 
2901 2899 3045 3047 2901 3045 2903 2901 3047 
3049 2903 3047 2905 2903 3049 3051 2905 3049 
2906 2905 3051 3052 2906 3051 2885 2906 3052 
2893 3053 2907 2895 2907 3053 3054 3055 3056 
3054 3057 3058 3055 3054 3058 3057 3059 3060 
3058 3057 3060 3059 3061 3062 3060 3059 3062 
3061 3063 3064 3062 3061 3064 3064 3063 3065 
2910 3066 2911 3067 3066 2910 3067 2910 3068 
3068 2910 2913 3056 2915 3054 3056 3068 2915 
3068 2913 2915 2917 3054 2915 3057 3054 2917 
2919 3057 2917 3059 3057 2919 2921 3059 2919 
3061 3059 2921 2923 3061 2921 3063 3061 2923 
3063 3069 3065 3063 2923 3069 2923 2925 3069 
2927 3070 2925 2925 3070 3069 2929 3071 2927 
2927 3071 3070 2931 3072 2929 2929 3072 3071 
3072 2931 2932 3073 3072 2932 3066 3074 2934 
2911 3066 2934 3075 3066 3067 3074 3066 3075 
2932 3076 3073 2938 3076 2932 2941 3077 2938 
2938 3077 3076 2943 3078 2941 2941 3078 3077 
3078 2943 2944 3079 3078 2944 3074 2945 2934 
3080 3081 3082 3082 3075 3080 3082 2947 3075 
3074 3075 2945 2945 3075 2947 2944 3083 3079 
2954 3083 2944 2955 3084 3085 2955 3085 2954 
2954 3085 3083 3085 3084 3086 3082 3081 3087 
3088 3087 3089 2956 3087 3088 2956 3082 3087 
2956 2947 3082 2956 3088 2957 2955 2964 3084 
2965 3090 3091 2964 2965 3091 2964 3091 3086 
2964 3086 3084 3091 3090 3092 3088 3089 3093 
3094 3093 3095 2966 3093 3094 2966 3088 3093 
2966 2957 3088 2966 3094 2967 2965 2972 3090 
3090 3096 3092 3090 2972 3096 2972 2974 3096 
2975 3097 3098 2975 3098 2974 2974 3098 3096 
3098 3097 3099 2977 3100 2978 3094 3095 3101 
3094 3101 2977 3094 2977 2980 3100 2977 3101 
2967 3094 2980 3102 3103 3104 3102 3105 3106 
3104 3105 3102 3106 3107 3108 3105 3107 3106 
3107 3109 3108 2975 2985 3097 2986 3110 3111 
2985 2986 3111 2985 3111 3099 2985 3099 3097 
3111 3110 3112 3100 3113 3114 3100 3114 2978 
2978 3114 2988 3101 3113 3100 3115 3103 3102 
3116 3103 3115 3106 3117 3102 3117 3115 3102 
3108 3118 3106 3118 3117 3106 3119 3108 3109 
3119 3120 3108 3120 3118 3108 3119 3121 3120 
2986 2991 3110 3110 2991 2992 3110 2992 3112 
3112 2992 3122 2993 3123 2994 3124 2988 3114 
3124 3123 2988 3124 3125 3123 3123 2993 2988 
3124 3126 3125 3127 3128 3129 3116 3127 3129 
3116 3115 3127 3115 3130 3127 2997 2996 3130 
2997 3130 3117 3117 3130 3115 2998 2997 3117 
3118 2998 3117 3000 2998 3118 3120 3000 3118 
3002 3131 3132 3000 3131 3002 3000 3121 3131 
3000 3120 3121 3131 3133 3132 2992 3003 3122 
3122 3003 3134 3123 3135 3005 2994 3123 3005 
3125 3136 3123 3136 3135 3123 3137 3125 3126 
3137 3138 3125 3138 3136 3125 3138 3139 3140 
3137 3139 3138 3128 3140 3139 3128 3127 3140 
3127 3141 3140 3130 3142 3127 3142 3141 3127 
2996 3007 3142 3130 2996 3142 3002 3132 3010 
3012 3143 3144 3010 3143 3012 3010 3133 3143 
3010 3132 3133 3144 3145 3146 3143 3145 3144 
3145 3147 3146 3148 3149 3150 3148 3151 3152 
3150 3151 3148 3152 3153 3154 3151 3153 3152 
3013 3155 3154 3013 3154 3134 3013 3134 3003 
3153 3134 3154 3013 3014 3155 3005 3135 3015 
3016 3015 3135 3016 3135 3156 3156 3135 3136 
3138 3157 3136 3157 3156 3136 3140 3158 3138 
3158 3157 3138 3141 3159 3140 3159 3158 3140 
3142 3160 3141 3160 3159 3141 3007 3018 3160 
3142 3007 3160 3012 3144 3019 3020 3019 3144 
3146 3020 3144 3146 3147 3161 3146 3161 3020 
3020 3161 3022 3024 3162 3163 3024 3022 3162 
3022 3161 3162 3163 3164 3165 3162 3164 3163 
3165 3166 3167 3164 3166 3165 3167 3168 3169 
3166 3168 3167 3149 3169 3168 3149 3148 3169 
3148 3170 3169 3152 3171 3148 3171 3170 3148 
3154 3172 3152 3172 3171 3152 3155 3173 3154 
3173 3172 3154 3014 3026 3173 3155 3014 3173 
3016 3156 3028 3030 3028 3156 3157 3030 3156 
3032 3030 3157 3158 3032 3157 3034 3032 3158 
3159 3034 3158 3036 3034 3159 3160 3036 3159 
3018 3036 3160 3024 3163 3038 3039 3038 3163 
3165 3039 3163 3040 3039 3165 3167 3040 3165 
3042 3040 3167 3169 3042 3167 3044 3042 3169 
3170 3044 3169 3046 3044 3170 3171 3046 3170 
3048 3046 3171 3172 3048 3171 3050 3048 3172 
3173 3050 3172 3026 3050 3173 3055 3174 3056 
3175 3174 3055 3175 3055 3176 3176 3055 3058 
3060 3177 3058 3058 3177 3176 3062 3178 3060 
3060 3178 3177 3064 3179 3062 3062 3179 3178 
3065 3180 3181 3065 3181 3064 3064 3181 3179 
3181 3180 3182 3068 3183 3067 3068 3184 3183 
3056 3184 3068 3056 3185 3184 3056 3174 3185 
3175 3185 3174 3065 3069 3180 3180 3186 3182 
3180 3069 3186 3069 3070 3186 3071 3187 3070 
3070 3187 3186 3072 3188 3071 3071 3188 3187 
3188 3072 3073 3189 3188 3073 3183 3190 3075 
3067 3183 3075 3191 3183 3184 3190 3183 3191 
3073 3192 3189 3076 3192 3073 3077 3193 3076 
3076 3193 3192 3078 3194 3077 3077 3194 3193 
3194 3078 3079 3195 3194 3079 3080 3196 3081 
3080 3075 3190 3080 3190 3196 3196 3190 3197 
3198 3190 3191 3197 3190 3198 3079 3199 3195 
3083 3199 3079 3085 3200 3083 3083 3200 3199 
3200 3085 3086 3201 3200 3086 3081 3196 3087 
3202 3196 3197 3202 3089 3196 3202 3203 3089 
3087 3196 3089 3198 3202 3197 3204 3205 3206 
3204 3207 3208 3206 3207 3204 3207 3209 3208 
3086 3210 3201 3091 3210 3086 3092 3211 3212 
3092 3212 3091 3091 3212 3210 3212 3211 3213 
3089 3203 3214 3093 3089 3214 3214 3095 3093 
3215 3095 3214 3216 3205 3204 3217 3205 3216 
3208 3218 3204 3218 3216 3204 3219 3208 3209 
3219 3220 3208 3220 3218 3208 3220 3221 3222 
3219 3221 3220 3221 3223 3222 3092 3096 3211 
3211 3224 3213 3211 3096 3224 3096 3098 3224 
3224 3098 3099 3225 3224 3099 3226 3227 3101 
3226 3101 3215 3215 3101 3095 3227 3228 3229 
3226 3228 3227 3217 3229 3228 3217 3216 3229 
3216 3230 3229 3104 3103 3230 3104 3230 3218 
3218 3230 3216 3105 3104 3218 3220 3105 3218 
3107 3105 3220 3222 3107 3220 3109 3231 3232 
3107 3231 3109 3107 3223 3231 3107 3222 3223 
3231 3233 3232 3234 3099 3111 3234 3235 3099 
3235 3225 3099 3111 3112 3234 3113 3236 3114 
3113 3101 3227 3113 3227 3236 3236 3227 3237 
3229 3238 3227 3238 3237 3227 3230 3239 3229 
3239 3238 3229 3103 3116 3239 3230 3103 3239 
3109 3232 3119 3121 3240 3241 3119 3240 3121 
3119 3233 3240 3119 3232 3233 3240 3242 3241 
3243 3235 3234 3244 3235 3243 3112 3122 3243 
3234 3112 3243 3114 3236 3124 3126 3124 3236 
3126 3236 3245 3245 3236 3237 3238 3246 3237 
3246 3245 3237 3129 3128 3246 3129 3246 3239 
3239 3246 3238 3116 3129 3239 3121 3241 3131 
3133 3247 3248 3131 3247 3133 3131 3242 3247 
3131 3241 3242 3248 3249 3250 3247 3249 3248 
3249 3251 3250 3252 3253 3254 3252 3255 3256 
3254 3255 3252 3244 3256 3255 3244 3243 3256 
3243 3257 3256 3122 3134 3257 3243 3122 3257 
3126 3245 3137 3139 3137 3245 3246 3139 3245 
3128 3139 3246 3133 3248 3143 3145 3143 3248 
3250 3145 3248 3147 3258 3259 3145 3258 3147 
3145 3251 3258 3145 3250 3251 3259 3260 3261 
3258 3260 3259 3261 3262 3263 3260 3262 3261 
3263 3264 3265 3262 3264 3263 3265 3266 3267 
3264 3266 3265 3253 3267 3266 3252 3267 3253 
3252 3149 3267 3252 3150 3149 3151 3150 3252 
3256 3151 3252 3153 3151 3256 3257 3153 3256 
3134 3153 3257 3147 3259 3161 3162 3161 3259 
3261 3162 3259 3164 3162 3261 3263 3164 3261 
3166 3164 3263 3265 3166 3263 3168 3166 3265 
3267 3168 3265 3149 3168 3267 3176 3268 3175 
3269 3268 3176 3269 3176 3270 3270 3176 3177 
3178 3271 3177 3177 3271 3270 3179 3272 3178 
3178 3272 3271 3181 3273 3179 3179 3273 3272 
3182 3274 3275 3182 3275 3181 3181 3275 3273 
3275 3274 3276 3185 3277 3184 3185 3175 3268 
3185 3268 3277 3277 3268 3278 3279 3268 3269 
3278 3268 3279 3182 3186 3274 3274 3280 3276 
3274 3186 3280 3186 3187 3280 3188 3281 3187 
3187 3281 3280 3281 3188 3189 3282 3281 3189 
3277 3283 3191 3184 3277 3191 3278 3284 3277 
3284 3283 3277 3285 3278 3279 3285 3286 3278 
3286 3284 3278 3285 3287 3286 3189 3288 3282 
3192 3288 3189 3193 3289 3192 3192 3289 3288 
3290 3291 3289 3290 3289 3194 3194 3289 3193 
3194 3195 3290 3283 3292 3198 3191 3283 3198 
3284 3293 3283 3293 3292 3283 3286 3294 3284 
3294 3293 3284 3295 3286 3287 3295 3296 3286 
3296 3294 3286 3295 3297 3296 3290 3298 3291 
3195 3298 3290 3195 3199 3298 3199 3299 3298 
3300 3301 3299 3300 3299 3200 3200 3299 3199 
3201 3300 3200 3302 3303 3304 3303 3302 3305 
3202 3306 3203 3202 3198 3292 3202 3292 3306 
3306 3292 3307 3293 3308 3292 3308 3307 3292 
3206 3205 3308 3206 3308 3294 3294 3308 3293 
3207 3206 3294 3296 3207 3294 3209 3309 3310 
3207 3309 3209 3207 3297 3309 3207 3296 3297 
3309 3311 3310 3300 3312 3301 3210 3313 3314 
3210 3314 3312 3210 3312 3201 3300 3201 3312 
3302 3304 3315 3210 3212 3316 3210 3316 3313 
3315 3305 3302 3212 3213 3316 3203 3306 3214 
3215 3214 3306 3215 3306 3317 3317 3306 3307 
3308 3318 3307 3318 3317 3307 3205 3217 3318 
3308 3205 3318 3209 3310 3219 3310 3311 3319 
3310 3319 3219 3219 3319 3221 3223 3320 3321 
3223 3221 3320 3221 3319 3320 3320 3322 3321 
3323 3314 3313 3324 3314 3323 3325 3316 3326 
3325 3323 3316 3323 3313 3316 3327 3328 3326 
3224 3327 3326 3224 3326 3316 3224 3316 3213 
3224 3225 3327 3215 3317 3226 3228 3226 3317 
3318 3228 3317 3217 3228 3318 3223 3321 3231 
3321 3233 3231 3321 3322 3233 3322 3329 3233 
3330 3324 3323 3331 3324 3330 3332 3323 3325 
3332 3333 3323 3333 3330 3323 3328 3333 3332 
3328 3327 3333 3327 3334 3333 3225 3235 3334 
3327 3225 3334 3233 3329 3335 3240 3233 3335 
3242 3336 3337 3242 3240 3336 3240 3335 3336 
3336 3338 3337 3339 3331 3330 3340 3331 3339 
3333 3341 3330 3341 3339 3330 3334 3342 3333 
3342 3341 3333 3235 3244 3342 3334 3235 3342 
3242 3337 3247 3337 3338 3343 3337 3343 3247 
3247 3343 3249 3251 3344 3345 3251 3249 3344 
3249 3343 3344 3345 3346 3347 3344 3346 3345 
3347 3348 3349 3346 3348 3347 3349 3350 3351 
3348 3350 3349 3340 3351 3350 3340 3339 3351 
3339 3352 3351 3254 3253 3352 3254 3352 3341 
3341 3352 3339 3255 3254 3341 3342 3255 3341 
3244 3255 3342 3251 3345 3258 3260 3258 3345 
3347 3260 3345 3262 3260 3347 3349 3262 3347 
3264 3262 3349 3351 3264 3349 3266 3264 3351 
3352 3266 3351 3253 3266 3352 3270 3353 3269 
3270 3271 3354 3353 3270 3354 3355 3354 3271 
3355 3271 3356 3356 3271 3272 3273 3357 3272 
3272 3357 3356 3358 3359 3357 3358 3357 3275 
3275 3357 3273 3275 3276 3358 3353 3360 3279 
3269 3353 3279 3361 3354 3362 3361 3360 3354 
3360 3353 3354 3355 3362 3354 3358 3363 3359 
3276 3363 3358 3276 3280 3363 3280 3364 3363 
3281 3365 3280 3280 3365 3364 3365 3281 3282 
3366 3365 3282 3279 3360 3285 3287 3367 3368 
3285 3367 3287 3285 3361 3367 3285 3360 3361 
3367 3369 3368 3282 3370 3366 3288 3370 3282 
3371 3372 3370 3371 3370 3289 3289 3370 3288 
3289 3291 3371 3287 3368 3295 3297 3373 3374 
3295 3373 3297 3295 3369 3373 3295 3368 3369 
3374 3375 3376 3373 3375 3374 3375 3377 3376 
3371 3378 3372 3379 3380 3378 3298 3379 3378 
3298 3378 3371 3298 3371 3291 3298 3299 3381 
3379 3298 3381 3299 3301 3381 3303 3382 3304 
3303 3305 3382 3297 3374 3309 3311 3309 3374 
3311 3374 3383 3383 3374 3376 3384 3376 3377 
3384 3385 3376 3385 3383 3376 3384 3386 3385 
3379 3387 3380 3387 3388 3389 3387 3379 3388 
3379 3381 3388 3301 3312 3390 3301 3390 3381 
3381 3390 3388 3315 3304 3382 3314 3390 3312 
3305 3315 3382 3311 3383 3319 3320 3319 3383 
3385 3320 3383 3322 3391 3392 3320 3391 3322 
3320 3386 3391 3320 3385 3386 3391 3393 3392 
3394 3389 3388 3395 3389 3394 3390 3396 3388 
3396 3394 3388 3314 3324 3396 3390 3314 3396 
3326 3397 3325 3326 3328 3397 3392 3398 3329 
3322 3392 3329 3399 3392 3393 3399 3400 3392 
3400 3398 3392 3399 3401 3400 3402 3403 3404 
3395 3402 3404 3395 3394 3402 3394 3405 3402 
3396 3406 3394 3406 3405 3394 3324 3331 3406 
3396 3324 3406 3325 3397 3332 3328 3332 3397 
3329 3398 3335 3336 3335 3398 3400 3336 3398 
3338 3407 3408 3336 3407 3338 3336 3401 3407 
3336 3400 3401 3408 3409 3410 3407 3409 3408 
3403 3410 3409 3403 3402 3410 3402 3411 3410 
3405 3412 3402 3412 3411 3402 3406 3413 3405 
3413 3412 3405 3331 3340 3413 3406 3331 3413 
3338 3408 3343 3344 3343 3408 3410 3344 3408 
3346 3344 3410 3411 3346 3410 3348 3346 3411 
3412 3348 3411 3350 3348 3412 3413 3350 3412 
3340 3350 3413 3356 3414 3355 3356 3357 3415 
3414 3356 3415 3357 3359 3415 3362 3416 3361 
3362 3355 3414 3362 3414 3416 3416 3414 3417 
3415 3418 3414 3418 3417 3414 3359 3363 3419 
3359 3419 3415 3415 3419 3418 3363 3364 3420 
3419 3363 3420 3364 3365 3421 3420 3364 3421 
3365 3366 3421 3361 3416 3367 3369 3367 3416 
3369 3416 3422 3422 3416 3417 3418 3423 3417 
3423 3422 3417 3424 3419 3425 3424 3423 3419 
3423 3418 3419 3420 3425 3419 3426 3425 3420 
3421 3426 3420 3427 3426 3421 3428 3429 3427 
3370 3428 3427 3370 3427 3421 3370 3421 3366 
3370 3372 3428 3369 3422 3373 3375 3373 3422 
3423 3375 3422 3377 3430 3431 3375 3430 3377 
3375 3424 3430 3375 3423 3424 3430 3432 3431 
3433 3429 3428 3434 3429 3433 3372 3378 3435 
3372 3435 3428 3428 3435 3433 3378 3380 3435 
3377 3431 3384 3386 3436 3437 3384 3436 3386 
3384 3432 3436 3384 3431 3432 3437 3438 3439 
3436 3438 3437 3434 3439 3438 3434 3433 3439 
3433 3440 3439 3435 3441 3433 3441 3440 3433 
3380 3387 3442 3380 3442 3435 3435 3442 3441 
3387 3389 3442 3386 3437 3391 3393 3391 3437 
3393 3437 3443 3443 3437 3439 3440 3444 3439 
3444 3443 3439 3441 3445 3440 3445 3444 3440 
3442 3446 3441 3446 3445 3441 3389 3395 3446 
3442 3389 3446 3393 3443 3399 3401 3399 3443 
3401 3443 3447 3447 3443 3444 3445 3448 3444 
3448 3447 3444 3404 3403 3448 3404 3448 3446 
3446 3448 3445 3395 3404 3446 3401 3447 3407 
3409 3407 3447 3448 3409 3447 3403 3409 3448 
3425 3449 3424 3425 3426 3450 3449 3425 3450 
3426 3427 3451 3450 3426 3451 3427 3429 3451 
3424 3449 3430 3432 3430 3449 3432 3449 3452 
3452 3449 3450 3451 3453 3450 3453 3452 3450 
3429 3434 3453 3451 3429 3453 3432 3452 3436 
3438 3436 3452 3453 3438 3452 3434 3438 3453 

CELL_DATA 6900
SCALARS Scalars float
LOOKUP_TABLE default
1 1 1 1 1 1 1 1 1 
1 1 1 1 1 1 1 1 1 
1 1 1 1 1 1 1 1 1 
1 1 1 1 1 1 1 1 1 
1 1 1 1 1 1 1 1 1 
1 1 1 1 1 1 1 1 1 
1 1 1 1 1 1 1 1 1 
1 1 1 1 1 1 1 1 1 
1 1 1 1 1 1 1 1 1 
1 1 1 1 1 1 1 1 1 
1 1 1 1 1 1 1 1 1 
1 1 1 1 1 1 1 1 1 
1 1 1 1 1 1 1 1 1 
1 1 1 1 1 1 1 1 1 
1 1 1 1 1 1 1 1 1 
1 1 1 1 1 1 1 1 1 
1 1 1 1 1 1 1 1 1 
1 1 1 1 1 1 1 1 1 
1 1 1 1 1 1 1 1 1 
1 1 1 1 1 1 1 1 1 
1 1 1 1 1 1 1 1 1 
1 1 1 1 1 1 1 1 1 
1 1 1 1 1 1 1 1 1 
1 1 1 1 1 1 1 1 1 
1 1 1 1 1 1 1 1 1 
1 1 1 1 1 1 1 1 1 
1 1 1 1 1 1 1 1 1 
1 1 1 1 1 1 1 1 1 
1 1 1 1 1 1 1 1 1 
1 1 1 1 1 1 1 1 1 
1 1 1 1 1 1 1 1 1 
1 1 1 1 1 1 1 1 1 
1 1 1 1 1 1 1 1 1 
1 1 1 1 1 1 1 1 1 
1 1 1 1 1 1 1 1 1 
1 1 1 1 1 1 1 1 1 
1 1 1 1 1 1 1 1 1 
1 1 1 1 1 1 1 1 1 
1 1 1 1 1 1 1 1 1 
1 1 1 1 1 1 1 1 1 
1 1 1 1 1 1 1 1 1 
1 1 1 1 1 1 1 1 1 
1 1 1 1 1 1 1 1 1 
1 1 1 1 1 1 1 1 1 
1 1 1 1 1 1 1 1 1 
1 1 1 1 1 1 1 1 1 
1 1 1 1 1 1 1 1 1 
1 1 1 1 1 1 1 1 1 
1 1 1 1 1 1 1 1 1 
1 1 1 1 1 1 1 1 1 
1 1 1 1 1 1 1 1 1 
1 1 1 1 1 1 1 1 1 
1 1 1 1 1 1 1 1 1 
1 1 1 1 1 1 1 1 1 
1 1 1 1 1 1 1 1 1 
1 1 1 1 1 1 1 1 1 
1 1 1 1 1 1 1 1 1 
1 1 1 1 1 1 1 1 1 
1 1 1 1 1 1 1 1 1 
1 1 1 1 1 1 1 1 1 
1 1 1 1 1 1 1 1 1 
1 1 1 1 1 1 1 1 1 
1 1 1 1 1 1 1 1 1 
1 1 1 1 1 1 1 1 1 
1 1 1 1 1 1 1 1 1 
1 1 1 1 1 1 1 1 1 
1 1 1 1 1 1 1 1 1 
1 1 1 1 1 1 1 1 1 
1 1 1 1 1 1 1 1 1 
1 1 1 1 1 1 1 1 1 
1 1 1 1 1 1 1 1 1 
1 1 1 1 1 1 1 1 1 
1 1 1 1 1 1 1 1 1 
1 1 1 1 1 1 1 1 1 
1 1 1 1 1 1 1 1 1 
1 1 1 1 1 1 1 1 1 
1 1 1 1 1 1 1 1 1 
1 1 1 1 1 1 1 1 1 
1 1 1 1 1 1 1 1 1 
1 1 1 1 1 1 1 1 1 
1 1 1 1 1 1 1 1 1 
1 1 1 1 1 1 1 1 1 
1 1 1 1 1 1 1 1 1 
1 1 1 1 1 1 1 1 1 
1 1 1 1 1 1 1 1 1 
1 1 1 1 1 1 1 1 1 
1 1 1 1 1 1 1 1 1 
1 1 1 1 1 1 1 1 1 
1 1 1 1 1 1 1 1 1 
1 1 1 1 1 1 1 1 1 
1 1 1 1 1 1 1 1 1 
1 1 1 1 1 1 1 1 1 
1 1 1 1 1 1 1 1 1 
1 1 1 1 1 1 1 1 1 
1 1 1 1 1 1 1 1 1 
1 1 1 1 1 1 1 1 1 
1 1 1 1 1 1 1 1 1 
1 1 1 1 1 1 1 1 1 
1 1 1 1 1 1 1 1 1 
1 1 1 1 1 1 1 1 1 
1 1 1 1 1 1 1 1 1 
1 1 1 1 1 1 1 1 1 
1 1 1 1 1 1 1 1 1 
1 1 1 1 1 1 1 1 1 
1 1 1 1 1 1 1 1 1 
1 1 1 1 1 1 1 1 1 
1 1 1 1 1 1 1 1 1 
1 1 1 1 1 1 1 1 1 
1 1 1 1 1 1 1 1 1 
1 1 1 1 1 1 1 1 1 
1 1 1 1 1 1 1 1 1 
1 1 1 1 1 1 1 1 1 
1 1 1 1 1 1 1 1 1 
1 1 1 1 1 1 1 1 1 
1 1 1 1 1 1 1 1 1 
1 1 1 1 1 1 1 1 1 
1 1 1 1 1 1 1 1 1 
1 1 1 1 1 1 1 1 1 
1 1 1 1 1 1 1 1 1 
1 1 1 1 1 1 1 1 1 
1 1 1 1 1 1 1 1 1 
1 1 1 1 1 1 1 1 1 
1 1 1 1 1 1 1 1 1 
1 1 1 1 1 1 1 1 1 
1 1 1 1 1 1 1 1 1 
1 1 1 1 1 1 1 1 1 
1 1 1 1 1 1 1 1 1 
1 1 1 1 1 1 1 1 1 
1 1 1 1 1 1 1 1 1 
1 1 1 1 1 1 1 1 1 
1 1 1 1 1 1 1 1 1 
1 1 1 1 1 1 1 1 1 
1 1 1 1 1 1 1 1 1 
1 1 1 1 1 1 1 1 1 
1 1 1 1 1 1 1 1 1 
1 1 1 1 1 1 1 1 1 
1 1 1 1 1 1 1 1 1 
1 1 1 1 1 1 1 1 1 
1 1 1 1 1 1 1 1 1 
1 1 1 1 1 1 1 1 1 
1 1 1 1 1 1 1 1 1 
1 1 1 1 1 1 1 1 1 
1 1 1 1 1 1 1 1 1 
1 1 1 1 1 1 1 1 1 
1 1 1 1 1 1 1 1 1 
1 1 1 1 1 1 1 1 1 
1 1 1 1 1 1 1 1 1 
1 1 1 1 1 1 1 1 1 
1 1 1 1 1 1 1 1 1 
1 1 1 1 1 1 1 1 1 
1 1 1 1 1 1 1 1 1 
1 1 1 1 1 1 1 1 1 
1 1 1 1 1 1 1 1 1 
1 1 1 1 1 1 1 1 1 
1 1 1 1 1 1 1 1 1 
1 1 1 1 1 1 1 1 1 
1 1 1 1 1 1 1 1 1 
1 1 1 1 1 1 1 1 1 
1 1 1 1 1 1 1 1 1 
1 1 1 1 1 1 1 1 1 
1 1 1 1 1 1 1 1 1 
1 1 1 1 1 1 1 1 1 
1 1 1 1 1 1 1 1 1 
1 1 1 1 1 1 1 1 1 
1 1 1 1 1 1 1 1 1 
1 1 1 1 1 1 1 1 1 
1 1 1 1 1 1 1 1 1 
1 1 1 1 1 1 1 1 1 
1 1 1 1 1 1 1 1 1 
1 1 1 1 1 1 1 1 1 
1 1 1 1 1 1 1 1 1 
1 1 1 1 1 1 1 1 1 
1 1 1 1 1 1 1 1 1 
1 1 1 1 1 1 1 1 1 
1 1 1 1 1 1 1 1 1 
1 1 1 1 1 1 1 1 1 
1 1 1 1 1 1 1 1 1 
1 1 1 1 1 1 1 1 1 
1 1 1 1 1 1 1 1 1 
1 1 1 1 1 1 1 1 1 
1 1 1 1 1 1 1 1 1 
1 1 1 1 1 1 1 1 1 
1 1 1 1 1 1 1 1 1 
1 1 1 1 1 1 1 1 1 
1 1 1 1 1 1 1 1 1 
1 1 1 1 1 1 1 1 1 
1 1 1 1 1 1 1 1 1 
1 1 1 1 1 1 1 1 1 
1 1 1 1 1 1 1 1 1 
1 1 1 1 1 1 1 1 1 
1 1 1 1 1 1 1 1 1 
1 1 1 1 1 1 1 1 1 
1 1 1 1 1 1 1 1 1 
1 1 1 1 1 1 1 1 1 
1 1 1 1 1 1 1 1 1 
1 1 1 1 1 1 1 1 1 
1 1 1 1 1 1 1 1 1 
1 1 1 1 1 1 1 1 1 
1 1 1 1 1 1 1 1 1 
1 1 1 1 1 1 1 1 1 
1 1 1 1 1 1 1 1 1 
1 1 1 1 1 1 1 1 1 
1 1 1 1 1 1 1 1 1 
1 1 1 1 1 1 1 1 1 
1 1 1 1 1 1 1 1 1 
1 1 1 1 1 1 1 1 1 
1 1 1 1 1 1 1 1 1 
1 1 1 1 1 1 1 1 1 
1 1 1 1 1 1 1 1 1 
1 1 1 1 1 1 1 1 1 
1 1 1 1 1 1 1 1 1 
1 1 1 1 1 1 1 1 1 
1 1 1 1 1 1 1 1 1 
1 1 1 1 1 1 1 1 1 
1 1 1 1 1 1 1 1 1 
1 1 1 1 1 1 1 1 1 
1 1 1 1 1 1 1 1 1 
1 1 1 1 1 1 1 1 1 
1 1 1 1 1 1 1 1 1 
1 1 1 1 1 1 1 1 1 
1 1 1 1 1 1 1 1 1 
1 1 1 1 1 1 1 1 1 
1 1 1 1 1 1 1 1 1 
1 1 1 1 1 1 1 1 1 
1 1 1 1 1 1 1 1 1 
1 1 1 1 1 1 1 1 1 
1 1 1 1 1 1 1 1 1 
1 1 1 1 1 1 1 1 1 
1 1 1 1 1 1 1 1 1 
1 1 1 1 1 1 1 1 1 
1 1 1 1 1 1 1 1 1 
1 1 1 1 1 1 1 1 1 
1 1 1 1 1 1 1 1 1 
1 1 1 1 1 1 1 1 1 
1 1 1 1 1 1 1 1 1 
1 1 1 1 1 1 1 1 1 
1 1 1 1 1 1 1 1 1 
1 1 1 1 1 1 1 1 1 
1 1 1 1 1 1 1 1 1 
1 1 1 1 1 1 1 1 1 
1 1 1 1 1 1 1 1 1 
1 1 1 1 1 1 1 1 1 
1 1 1 1 1 1 1 1 1 
1 1 1 1 1 1 1 1 1 
1 1 1 1 1 1 1 1 1 
1 1 1 1 1 1 1 1 1 
1 1 1 1 1 1 1 1 1 
1 1 1 1 1 1 1 1 1 
1 1 1 1 1 1 1 1 1 
1 1 1 1 1 1 1 1 1 
1 1 1 1 1 1 1 1 1 
1 1 1 1 1 1 1 1 1 
1 1 1 1 1 1 1 1 1 
1 1 1 1 1 1 1 1 1 
1 1 1 1 1 1 1 1 1 
1 1 1 1 1 1 1 1 1 
1 1 1 1 1 1 1 1 1 
1 1 1 1 1 1 1 1 1 
1 1 1 1 1 1 1 1 1 
1 1 1 1 1 1 1 1 1 
1 1 1 1 1 1 1 1 1 
1 1 1 1 1 1 1 1 1 
1 1 1 1 1 1 1 1 1 
1 1 1 1 1 1 1 1 1 
1 1 1 1 1 1 1 1 1 
1 1 1 1 1 1 1 1 1 
1 1 1 1 1 1 1 1 1 
1 1 1 1 1 1 1 1 1 
1 1 1 1 1 1 1 1 1 
1 1 1 1 1 1 1 1 1 
1 1 1 1 1 1 1 1 1 
1 1 1 1 1 1 1 1 1 
1 1 1 1 1 1 1 1 1 
1 1 1 1 1 1 1 1 1 
1 1 1 1 1 1 1 1 1 
1 1 1 1 1 1 1 1 1 
1 1 1 1 1 1 1 1 1 
1 1 1 1 1 1 1 1 1 
1 1 1 1 1 1 1 1 1 
1 1 1 1 1 1 1 1 1 
1 1 1 1 1 1 1 1 1 
1 1 1 1 1 1 1 1 1 
1 1 1 1 1 1 1 1 1 
1 1 1 1 1 1 1 1 1 
1 1 1 1 1 1 1 1 1 
1 1 1 1 1 1 1 1 1 
1 1 1 1 1 1 1 1 1 
1 1 1 1 1 1 1 1 1 
1 1 1 1 1 1 1 1 1 
1 1 1 1 1 1 1 1 1 
1 1 1 1 1 1 1 1 1 
1 1 1 1 1 1 1 1 1 
1 1 1 1 1 1 1 1 1 
1 1 1 1 1 1 1 1 1 
1 1 1 1 1 1 1 1 1 
1 1 1 1 1 1 1 1 1 
1 1 1 1 1 1 1 1 1 
1 1 1 1 1 1 1 1 1 
1 1 1 1 1 1 1 1 1 
1 1 1 1 1 1 1 1 1 
1 1 1 1 1 1 1 1 1 
1 1 1 1 1 1 1 1 1 
1 1 1 1 1 1 1 1 1 
1 1 1 1 1 1 1 1 1 
1 1 1 1 1 1 1 1 1 
1 1 1 1 1 1 1 1 1 
1 1 1 1 1 1 1 1 1 
1 1 1 1 1 1 1 1 1 
1 1 1 1 1 1 1 1 1 
1 1 1 1 1 1 1 1 1 
1 1 1 1 1 1 1 1 1 
1 1 1 1 1 1 1 1 1 
1 1 1 1 1 1 1 1 1 
1 1 1 1 1 1 1 1 1 
1 1 1 1 1 1 1 1 1 
1 1 1 1 1 1 1 1 1 
1 1 1 1 1 1 1 1 1 
1 1 1 1 1 1 1 1 1 
1 1 1 1 1 1 1 1 1 
1 1 1 1 1 1 1 1 1 
1 1 1 1 1 1 1 1 1 
1 1 1 1 1 1 1 1 1 
1 1 1 1 1 1 1 1 1 
1 1 1 1 1 1 1 1 1 
1 1 1 1 1 1 1 1 1 
1 1 1 1 1 1 1 1 1 
1 1 1 1 1 1 1 1 1 
1 1 1 1 1 1 1 1 1 
1 1 1 1 1 1 1 1 1 
1 1 1 1 1 1 1 1 1 
1 1 1 1 1 1 1 1 1 
1 1 1 1 1 1 1 1 1 
1 1 1 1 1 1 1 1 1 
1 1 1 1 1 1 1 1 1 
1 1 1 1 1 1 1 1 1 
1 1 1 1 1 1 1 1 1 
1 1 1 1 1 1 1 1 1 
1 1 1 1 1 1 1 1 1 
1 1 1 1 1 1 1 1 1 
1 1 1 1 1 1 1 1 1 
1 1 1 1 1 1 1 1 1 
1 1 1 1 1 1 1 1 1 
1 1 1 1 1 1 1 1 1 
1 1 1 1 1 1 1 1 1 
1 1 1 1 1 1 1 1 1 
1 1 1 1 1 1 1 1 1 
1 1 1 1 1 1 1 1 1 
1 1 1 1 1 1 1 1 1 
1 1 1 1 1 1 1 1 1 
1 1 1 1 1 1 1 1 1 
1 1 1 1 1 1 1 1 1 
1 1 1 1 1 1 1 1 1 
1 1 1 1 1 1 1 1 1 
1 1 1 1 1 1 1 1 1 
1 1 1 1 1 1 1 1 1 
1 1 1 1 1 1 1 1 1 
1 1 1 1 1 1 1 1 1 
1 1 1 1 1 1 1 1 1 
1 1 1 1 1 1 1 1 1 
1 1 1 1 1 1 1 1 1 
1 1 1 1 1 1 1 1 1 
1 1 1 1 1 1 1 1 1 
1 1 1 1 1 1 1 1 1 
1 1 1 1 1 1 1 1 1 
1 1 1 1 1 1 1 1 1 
1 1 1 1 1 1 1 1 1 
1 1 1 1 1 1 1 1 1 
1 1 1 1 1 1 1 1 1 
1 1 1 1 1 1 1 1 1 
1 1 1 1 1 1 1 1 1 
1 1 1 1 1 1 1 1 1 
1 1 1 1 1 1 1 1 1 
1 1 1 1 1 1 1 1 1 
1 1 1 1 1 1 1 1 1 
1 1 1 1 1 1 1 1 1 
1 1 1 1 1 1 1 1 1 
1 1 1 1 1 1 1 1 1 
1 1 1 1 1 1 1 1 1 
1 1 1 1 1 1 1 1 1 
1 1 1 1 1 1 1 1 1 
1 1 1 1 1 1 1 1 1 
1 1 1 1 1 1 1 1 1 
1 1 1 1 1 1 1 1 1 
1 1 1 1 1 1 1 1 1 
1 1 1 1 1 1 1 1 1 
1 1 1 1 1 1 1 1 1 
1 1 1 1 1 1 1 1 1 
1 1 1 1 1 1 1 1 1 
1 1 1 1 1 1 1 1 1 
1 1 1 1 1 1 1 1 1 
1 1 1 1 1 1 1 1 1 
1 1 1 1 1 1 1 1 1 
1 1 1 1 1 1 1 1 1 
1 1 1 1 1 1 1 1 1 
1 1 1 1 1 1 1 1 1 
1 1 1 1 1 1 1 1 1 
1 1 1 1 1 1 1 1 1 
1 1 1 1 1 1 1 1 1 
1 1 1 1 1 1 1 1 1 
1 1 1 1 1 1 1 1 1 
1 1 1 1 1 1 1 1 1 
1 1 1 1 1 1 1 1 1 
1 1 1 1 1 1 1 1 1 
1 1 1 1 1 1 1 1 1 
1 1 1 1 1 1 1 1 1 
1 1 1 1 1 1 1 1 1 
1 1 1 1 1 1 1 1 1 
1 1 1 1 1 1 1 1 1 
1 1 1 1 1 1 1 1 1 
1 1 1 1 1 1 1 1 1 
1 1 1 1 1 1 1 1 1 
1 1 1 1 1 1 1 1 1 
1 1 1 1 1 1 1 1 1 
1 1 1 1 1 1 1 1 1 
1 1 1 1 1 1 1 1 1 
1 1 1 1 1 1 1 1 1 
1 1 1 1 1 1 1 1 1 
1 1 1 1 1 1 1 1 1 
1 1 1 1 1 1 1 1 1 
1 1 1 1 1 1 1 1 1 
1 1 1 1 1 1 1 1 1 
1 1 1 1 1 1 1 1 1 
1 1 1 1 1 1 1 1 1 
1 1 1 1 1 1 1 1 1 
1 1 1 1 1 1 1 1 1 
1 1 1 1 1 1 1 1 1 
1 1 1 1 1 1 1 1 1 
1 1 1 1 1 1 1 1 1 
1 1 1 1 1 1 1 1 1 
1 1 1 1 1 1 1 1 1 
1 1 1 1 1 1 1 1 1 
1 1 1 1 1 1 1 1 1 
1 1 1 1 1 1 1 1 1 
1 1 1 1 1 1 1 1 1 
1 1 1 1 1 1 1 1 1 
1 1 1 1 1 1 1 1 1 
1 1 1 1 1 1 1 1 1 
1 1 1 1 1 1 1 1 1 
1 1 1 1 1 1 1 1 1 
1 1 1 1 1 1 1 1 1 
1 1 1 1 1 1 1 1 1 
1 1 1 1 1 1 1 1 1 
1 1 1 1 1 1 1 1 1 
1 1 1 1 1 1 1 1 1 
1 1 1 1 1 1 1 1 1 
1 1 1 1 1 1 1 1 1 
1 1 1 1 1 1 1 1 1 
1 1 1 1 1 1 1 1 1 
1 1 1 1 1 1 1 1 1 
1 1 1 1 1 1 1 1 1 
1 1 1 1 1 1 1 1 1 
1 1 1 1 1 1 1 1 1 
1 1 1 1 1 1 1 1 1 
1 1 1 1 1 1 1 1 1 
1 1 1 1 1 1 1 1 1 
1 1 1 1 1 1 1 1 1 
1 1 1 1 1 1 1 1 1 
1 1 1 1 1 1 1 1 1 
1 1 1 1 1 1 1 1 1 
1 1 1 1 1 1 1 1 1 
1 1 1 1 1 1 1 1 1 
1 1 1 1 1 1 1 1 1 
1 1 1 1 1 1 1 1 1 
1 1 1 1 1 1 1 1 1 
1 1 1 1 1 1 1 1 1 
1 1 1 1 1 1 1 1 1 
1 1 1 1 1 1 1 1 1 
1 1 1 1 1 1 1 1 1 
1 1 1 1 1 1 1 1 1 
1 1 1 1 1 1 1 1 1 
1 1 1 1 1 1 1 1 1 
1 1 1 1 1 1 1 1 1 
1 1 1 1 1 1 1 1 1 
1 1 1 1 1 1 1 1 1 
1 1 1 1 1 1 1 1 1 
1 1 1 1 1 1 1 1 1 
1 1 1 1 1 1 1 1 1 
1 1 1 1 1 1 1 1 1 
1 1 1 1 1 1 1 1 1 
1 1 1 1 1 1 1 1 1 
1 1 1 1 1 1 1 1 1 
1 1 1 1 1 1 1 1 1 
1 1 1 1 1 1 1 1 1 
1 1 1 1 1 1 1 1 1 
1 1 1 1 1 1 1 1 1 
1 1 1 1 1 1 1 1 1 
1 1 1 1 1 1 1 1 1 
1 1 1 1 1 1 1 1 1 
1 1 1 1 1 1 1 1 1 
1 1 1 1 1 1 1 1 1 
1 1 1 1 1 1 1 1 1 
1 1 1 1 1 1 1 1 1 
1 1 1 1 1 1 1 1 1 
1 1 1 1 1 1 1 1 1 
1 1 1 1 1 1 1 1 1 
1 1 1 1 1 1 1 1 1 
1 1 1 1 1 1 1 1 1 
1 1 1 1 1 1 1 1 1 
1 1 1 1 1 1 1 1 1 
1 1 1 1 1 1 1 1 1 
1 1 1 1 1 1 1 1 1 
1 1 1 1 1 1 1 1 1 
1 1 1 1 1 1 1 1 1 
1 1 1 1 1 1 1 1 1 
1 1 1 1 1 1 1 1 1 
1 1 1 1 1 1 1 1 1 
1 1 1 1 1 1 1 1 1 
1 1 1 1 1 1 1 1 1 
1 1 1 1 1 1 1 1 1 
1 1 1 1 1 1 1 1 1 
1 1 1 1 1 1 1 1 1 
1 1 1 1 1 1 1 1 1 
1 1 1 1 1 1 1 1 1 
1 1 1 1 1 1 1 1 1 
1 1 1 1 1 1 1 1 1 
1 1 1 1 1 1 1 1 1 
1 1 1 1 1 1 1 1 1 
1 1 1 1 1 1 1 1 1 
1 1 1 1 1 1 1 1 1 
1 1 1 1 1 1 1 1 1 
1 1 1 1 1 1 1 1 1 
1 1 1 1 1 1 1 1 1 
1 1 1 1 1 1 1 1 1 
1 1 1 1 1 1 1 1 1 
1 1 1 1 1 1 1 1 1 
1 1 1 1 1 1 1 1 1 
1 1 1 1 1 1 1 1 1 
1 1 1 1 1 1 1 1 1 
1 1 1 1 1 1 1 1 1 
1 1 1 1 1 1 1 1 1 
1 1 1 1 1 1 1 1 1 
1 1 1 1 1 1 1 1 1 
1 1 1 1 1 1 1 1 1 
1 1 1 1 1 1 1 1 1 
1 1 1 1 1 1 1 1 1 
1 1 1 1 1 1 1 1 1 
1 1 1 1 1 1 1 1 1 
1 1 1 1 1 1 1 1 1 
1 1 1 1 1 1 1 1 1 
1 1 1 1 1 1 1 1 1 
1 1 1 1 1 1 1 1 1 
1 1 1 1 1 1 1 1 1 
1 1 1 1 1 1 1 1 1 
1 1 1 1 1 1 1 1 1 
1 1 1 1 1 1 1 1 1 
1 1 1 1 1 1 1 1 1 
1 1 1 1 1 1 1 1 1 
1 1 1 1 1 1 1 1 1 
1 1 1 1 1 1 1 1 1 
1 1 1 1 1 1 1 1 1 
1 1 1 1 1 1 1 1 1 
1 1 1 1 1 1 1 1 1 
1 1 1 1 1 1 1 1 1 
1 1 1 1 1 1 1 1 1 
1 1 1 1 1 1 1 1 1 
1 1 1 1 1 1 1 1 1 
1 1 1 1 1 1 1 1 1 
1 1 1 1 1 1 1 1 1 
1 1 1 1 1 1 1 1 1 
1 1 1 1 1 1 1 1 1 
1 1 1 1 1 1 1 1 1 
1 1 1 1 1 1 1 1 1 
1 1 1 1 1 1 1 1 1 
1 1 1 1 1 1 1 1 1 
1 1 1 1 1 1 1 1 1 
1 1 1 1 1 1 1 1 1 
1 1 1 1 1 1 1 1 1 
1 1 1 1 1 1 1 1 1 
1 1 1 1 1 1 1 1 1 
1 1 1 1 1 1 1 1 1 
1 1 1 1 1 1 1 1 1 
1 1 1 1 1 1 1 1 1 
1 1 1 1 1 1 1 1 1 
1 1 1 1 1 1 1 1 1 
1 1 1 1 1 1 1 1 1 
1 1 1 1 1 1 1 1 1 
1 1 1 1 1 1 1 1 1 
1 1 1 1 1 1 1 1 1 
1 1 1 1 1 1 1 1 1 
1 1 1 1 1 1 1 1 1 
1 1 1 1 1 1 1 1 1 
1 1 1 1 1 1 1 1 1 
1 1 1 1 1 1 1 1 1 
1 1 1 1 1 1 1 1 1 
1 1 1 1 1 1 1 1 1 
1 1 1 1 1 1 1 1 1 
1 1 1 1 1 1 1 1 1 
1 1 1 1 1 1 1 1 1 
1 1 1 1 1 1 1 1 1 
1 1 1 1 1 1 1 1 1 
1 1 1 1 1 1 1 1 1 
1 1 1 1 1 1 1 1 1 
1 1 1 1 1 1 1 1 1 
1 1 1 1 1 1 1 1 1 
1 1 1 1 1 1 1 1 1 
1 1 1 1 1 1 1 1 1 
1 1 1 1 1 1 1 1 1 
1 1 1 1 1 1 1 1 1 
1 1 1 1 1 1 1 1 1 
1 1 1 1 1 1 1 1 1 
1 1 1 1 1 1 1 1 1 
1 1 1 1 1 1 1 1 1 
1 1 1 1 1 1 1 1 1 
1 1 1 1 1 1 1 1 1 
1 1 1 1 1 1 1 1 1 
1 1 1 1 1 1 1 1 1 
1 1 1 1 1 1 1 1 1 
1 1 1 1 1 1 1 1 1 
1 1 1 1 1 1 1 1 1 
1 1 1 1 1 1 1 1 1 
1 1 1 1 1 1 1 1 1 
1 1 1 1 1 1 1 1 1 
1 1 1 1 1 1 1 1 1 
1 1 1 1 1 1 1 1 1 
1 1 1 1 1 1 1 1 1 
1 1 1 1 1 1 1 1 1 
1 1 1 1 1 1 1 1 1 
1 1 1 1 1 1 1 1 1 
1 1 1 1 1 1 1 1 1 
1 1 1 1 1 1 1 1 1 
1 1 1 1 1 1 1 1 1 
1 1 1 1 1 1 1 1 1 
1 1 1 1 1 1 1 1 1 
1 1 1 1 1 1 1 1 1 
1 1 1 1 1 1 1 1 1 
1 1 1 1 1 1 1 1 1 
1 1 1 1 1 1 1 1 1 
1 1 1 1 1 1 1 1 1 
1 1 1 1 1 1 1 1 1 
1 1 1 1 1 1 1 1 1 
1 1 1 1 1 1 1 1 1 
1 1 1 1 1 1 1 1 1 
1 1 1 1 1 1 1 1 1 
1 1 1 1 1 1 1 1 1 
1 1 1 1 1 1 1 1 1 
1 1 1 1 1 1 1 1 1 
1 1 1 1 1 1 1 1 1 
1 1 1 1 1 1 1 1 1 
1 1 1 1 1 1 1 1 1 
1 1 1 1 1 1 1 1 1 
1 1 1 1 1 1 1 1 1 
1 1 1 1 1 1 1 1 1 
1 1 1 1 1 1 1 1 1 
1 1 1 1 1 1 1 1 1 
1 1 1 1 1 1 1 1 1 
1 1 1 1 1 1 1 1 1 
1 1 1 1 1 1 1 1 1 
1 1 1 1 1 1 1 1 1 
1 1 1 1 1 1 1 1 1 
1 1 1 1 1 1 1 1 1 
1 1 1 1 1 1 1 1 1 
1 1 1 1 1 1 1 1 1 
1 1 1 1 1 1 1 1 1 
1 1 1 1 1 1 1 1 1 
1 1 1 1 1 1 1 1 1 
1 1 1 1 1 1 1 1 1 
1 1 1 1 1 1 1 1 1 
1 1 1 1 1 1 1 1 1 
1 1 1 1 1 1 1 1 1 
1 1 1 1 1 1 1 1 1 
1 1 1 1 1 1 1 1 1 
1 1 1 1 1 1 1 1 1 
1 1 1 1 1 1 1 1 1 
1 1 1 1 1 1 1 1 1 
1 1 1 1 1 1 1 1 1 
1 1 1 1 1 1 1 1 1 
1 1 1 1 1 1 1 1 1 
1 1 1 1 1 1 1 1 1 
1 1 1 1 1 1 1 1 1 
1 1 1 1 1 1 1 1 1 
1 1 1 1 1 1 1 1 1 
1 1 1 1 1 1 1 1 1 
1 1 1 1 1 1 1 1 1 
1 1 1 1 1 1 1 1 1 
1 1 1 1 1 1 1 1 1 
1 1 1 1 1 1 1 1 1 
1 1 1 1 1 1 1 1 1 
1 1 1 1 1 1 1 1 1 
1 1 1 1 1 1 1 1 1 
1 1 1 1 1 1 1 1 1 
1 1 1 1 1 1 1 1 1 
1 1 1 1 1 1 1 1 1 
1 1 1 1 1 1 1 1 1 
1 1 1 1 1 1 1 1 1 
1 1 1 1 1 1 1 1 1 
1 1 1 1 1 1 1 1 1 
1 1 1 1 1 1 1 1 1 
1 1 1 1 1 1 1 1 1 
1 1 1 1 1 1 1 1 1 
1 1 1 1 1 1 1 1 1 
1 1 1 1 1 1 1 1 1 
1 1 1 1 1 1 1 1 1 
1 1 1 1 1 1 1 1 1 
1 1 1 1 1 1 1 1 1 
1 1 1 1 1 1 1 1 1 
1 1 1 1 1 1 1 1 1 
1 1 1 1 1 1 1 1 1 
1 1 1 1 1 1 1 1 1 
1 1 1 1 1 1 1 1 1 
1 1 1 1 1 1 1 1 1 
1 1 1 1 1 1 1 1 1 
1 1 1 1 1 1 1 1 1 
1 1 1 1 1 1 1 1 1 
1 1 1 1 1 1 1 1 1 
1 1 1 1 1 1 1 1 1 
1 1 1 1 1 1 1 1 1 
1 1 1 1 1 1 1 1 1 
1 1 1 1 1 1 1 1 1 
1 1 1 1 1 1 1 1 1 
1 1 1 1 1 1 1 1 1 
1 1 1 1 1 1 1 1 1 
1 1 1 1 1 1 1 1 1 
1 1 1 1 1 1 1 1 1 
1 1 1 1 1 1 1 1 1 
1 1 1 1 1 1 1 1 1 
1 1 1 1 1 1 1 1 1 
1 1 1 1 1 1 1 1 1 
1 1 1 1 1 1 1 1 1 
1 1 1 1 1 1 1 1 1 
1 1 1 1 1 1 1 1 1 
1 1 1 1 1 1 1 1 1 
1 1 1 1 1 1 1 1 1 
1 1 1 1 1 1 1 1 1 
1 1 1 1 1 1 1 1 1 
1 1 1 1 1 1 1 1 1 
1 1 1 1 1 1 1 1 1 
1 1 1 1 1 1 1 1 1 
1 1 1 1 1 1 1 1 1 
1 1 1 1 1 1 1 1 1 
1 1 1 1 1 1 1 1 1 
1 1 1 1 1 1 1 1 1 
1 1 1 1 1 1 1 1 1 
1 1 1 1 1 1 1 1 1 
1 1 1 1 1 1 1 1 1 
1 1 1 1 1 1 1 1 1 
1 1 1 1 1 1 1 1 1 
1 1 1 1 1 1 1 1 1 
1 1 1 1 1 1 1 1 1 
1 1 1 1 1 1 1 1 1 
1 1 1 1 1 1 1 1 1 
1 1 1 1 1 1 1 1 1 
1 1 1 1 1 1 1 1 1 
1 1 1 1 1 1 1 1 1 
1 1 1 1 1 1 1 1 1 
1 1 1 1 1 1 1 1 1 
1 1 1 1 1 1 1 1 1 
1 1 1 1 1 1 1 1 1 
1 1 1 1 1 1 1 1 1 
1 1 1 1 1 1 1 1 1 
1 1 1 1 1 1 1 1 1 
1 1 1 1 1 1 1 1 1 
1 1 1 1 1 1 1 1 1 
1 1 1 1 1 1 1 1 1 
1 1 1 1 1 1 1 1 1 
1 1 1 1 1 1 1 1 1 
1 1 1 1 1 1 1 1 1 
1 1 1 1 1 1 1 1 1 
1 1 1 1 1 1 1 1 1 
1 1 1 1 1 1 1 1 1 
1 1 1 1 1 1 1 1 1 
1 1 1 1 1 1 1 1 1 
1 1 1 1 1 1 1 1 1 
1 1 1 1 1 1 1 1 1 
1 1 1 1 1 1 1 1 1 
1 1 1 1 1 1 1 1 1 
1 1 1 1 1 1 1 1 1 
1 1 1 1 1 1 
