# vtk DataFile Version 5.1
vtk output
ASCII
DATASET POLYDATA
POINTS 3030 float
0.0745929 0.115123 0.761774 0.0744593 0.105067 0.742663 0.0869788 0.122408 0.745653 
0.0448342 0.109134 0.765133 0.0447006 0.0990788 0.746022 0.0274613 0.110431 0.752371 
0.0697396 0.133759 0.752002 0.0525003 0.145111 0.758351 0.0401145 0.137826 0.774472 
0.0102221 0.121782 0.75872 0.0103557 0.131838 0.777831 -0.00701717 0.133134 0.765069 
0.0352611 0.156463 0.7647 0.00550235 0.150474 0.768059 0.0837651 0.0376277 0.704873 
0.0836315 0.0275721 0.685762 0.096151 0.0449125 0.688752 0.0663922 0.0389239 0.692111 
0.108804 0.0723083 0.710853 0.10867 0.0622528 0.691742 0.12119 0.0795931 0.694732 
0.0790454 0.0663197 0.714213 0.049153 0.0502756 0.69846 0.0492866 0.0603312 0.717572 
0.0195279 0.0543426 0.720931 0.0193942 0.0442871 0.70182 -0.0102309 0.0483541 0.72429 
-0.0103645 0.0382985 0.705179 -0.0276038 0.0496503 0.711528 0.104084 0.101 0.720193 
0.11647 0.108285 0.704072 0.0743257 0.0950118 0.723552 0.0445669 0.0890232 0.726911 
0.0148082 0.0830347 0.73027 -0.0149506 0.0770461 0.733629 -0.044843 0.061002 0.717877 
-0.0447094 0.0710576 0.736988 -0.0620823 0.0723538 0.724226 0.099231 0.119637 0.710421 
0.0819918 0.130989 0.71677 0.0100884 0.111727 0.739609 -0.0196703 0.105738 0.742968 
-0.0494291 0.0997496 0.746327 -0.066802 0.101046 0.733565 0.0647526 0.14234 0.723119 
0.0475133 0.153692 0.729468 -0.02439 0.13443 0.752307 -0.0417629 0.135726 0.739545 
-0.0542825 0.118386 0.736555 0.0302741 0.165044 0.735817 0.00051533 0.159055 0.739176 
-0.0292434 0.153067 0.742535 0.172774 0.0354823 0.656574 0.17264 0.0254267 0.637463 
0.18516 0.042767 0.640453 0.143015 0.0294937 0.659933 0.142882 0.0194382 0.640822 
0.113257 0.0235052 0.663292 0.113123 0.0134496 0.644181 0.0834978 0.0175166 0.666651 
0.0833642 0.00746106 0.64754 0.0537391 0.011528 0.67001 0.0536054 0.0014725 0.650899 
0.0363662 0.0128243 0.657248 0.168054 0.0641743 0.665913 0.18044 0.0714591 0.649792 
0.138296 0.0581858 0.669272 0.108537 0.0521972 0.672631 0.0490193 0.0402201 0.679349 
0.0191269 0.024176 0.663597 0.0192606 0.0342315 0.682709 -0.0104982 0.028243 0.686068 
-0.0106318 0.0181874 0.666957 -0.0278711 0.0295392 0.673306 0.163201 0.0828108 0.656141 
0.145962 0.0941626 0.66249 0.133576 0.0868778 0.678611 -0.0449767 0.0509465 0.698766 
-0.0451103 0.0408909 0.679655 -0.0747354 0.0449579 0.702125 -0.0748691 0.0349024 0.683014 
-0.0921083 0.0462541 0.689363 0.128722 0.105514 0.668839 0.111483 0.116866 0.675189 
-0.0794551 0.07365 0.711464 -0.109348 0.0576059 0.695712 -0.109214 0.0676614 0.714823 
-0.126587 0.0689576 0.702061 0.094244 0.128218 0.681538 0.0770048 0.13957 0.687887 
-0.071789 0.109627 0.704682 -0.0843085 0.0922865 0.701692 -0.114067 0.0862979 0.705051 
0.0597655 0.150921 0.694236 0.0425263 0.162273 0.700585 -0.04675 0.144307 0.710662 
-0.0592695 0.126967 0.707672 0.0252871 0.173625 0.706934 -0.00447169 0.167636 0.710293 
-0.0342304 0.161648 0.713652 0.365218 -0.0347736 0.57018 0.365085 -0.0448292 0.551069 
0.377604 -0.0274889 0.554059 0.347846 -0.0334774 0.557418 0.360365 -0.0161371 0.560408 
0.330606 -0.0221257 0.563767 0.343126 -0.00478539 0.566757 0.33074 -0.0120702 0.582878 
0.300981 -0.0180587 0.586237 0.300848 -0.0281143 0.567126 0.283608 -0.0167625 0.573475 
0.32602 0.0166219 0.592217 0.338406 0.0239067 0.576096 0.296262 0.0106333 0.595576 
0.266369 -0.00541076 0.579824 0.266503 0.00464479 0.598936 0.236744 -0.00134377 0.602295 
0.23661 -0.0113993 0.583183 0.206985 -0.00733232 0.605654 0.206852 -0.0173879 0.586543 
0.189612 -0.00603611 0.592892 0.321167 0.0352584 0.582445 0.291408 0.0292699 0.585805 
0.274169 0.0406216 0.592154 0.261783 0.0333368 0.608275 0.232024 0.0273483 0.611634 
0.202266 0.0213597 0.614993 0.172373 0.00531564 0.599241 0.172507 0.0153712 0.618352 
0.142748 0.00938262 0.621711 0.142614 -0.000672915 0.6026 0.112989 0.00339406 0.62507 
0.112856 -0.00666147 0.605959 0.0832305 -0.00259449 0.628429 0.0830969 -0.01265 0.609318 
0.0534718 -0.00858305 0.631788 0.0533381 -0.0186386 0.612677 0.0360989 -0.00728683 0.619026 
0.25693 0.0519734 0.598503 0.227171 0.0459848 0.601862 0.209932 0.0573366 0.608211 
0.197546 0.0500518 0.624332 0.0189933 0.0141205 0.644486 0.0188596 0.00406491 0.625375 
-0.0107655 0.0081319 0.647846 -0.0108991 -0.00192364 0.628734 -0.0405242 0.00214334 0.651205 
-0.0406579 -0.0079122 0.632093 -0.0578971 0.00343955 0.638443 0.192692 0.0686883 0.61456 
0.175453 0.08004 0.620909 -0.045244 0.0308354 0.660544 -0.0751364 0.0147913 0.644792 
-0.0750027 0.0248468 0.663903 -0.104761 0.0188583 0.667262 -0.104895 0.00880275 0.648151 
-0.13452 0.0128697 0.670621 -0.134654 0.00281419 0.65151 -0.151893 0.0141659 0.657859 
0.158214 0.0913918 0.627258 0.140975 0.102744 0.633607 -0.109481 0.0475503 0.676601 
-0.13924 0.0415618 0.67996 -0.156613 0.042858 0.667198 0.123735 0.114095 0.639956 
0.106496 0.125447 0.646306 -0.144093 0.0601983 0.670188 -0.131574 0.0775386 0.673178 
0.089257 0.136799 0.652655 0.0720178 0.148151 0.659004 -0.076776 0.118208 0.675799 
-0.0892955 0.100867 0.672809 -0.119054 0.0948789 0.676168 0.0547785 0.159502 0.665353 
0.0375393 0.170854 0.671702 -0.051737 0.152888 0.681779 -0.0642565 0.135548 0.678789 
0.0203 0.182206 0.678051 -0.00945871 0.176217 0.68141 -0.0392175 0.170229 0.684769 
0.360098 -0.0362482 0.522186 0.372617 -0.0189079 0.525176 0.330473 -0.0321812 0.544656 
0.330339 -0.0422368 0.525545 0.300714 -0.0381698 0.548015 0.30058 -0.0482253 0.528904 
0.270955 -0.0441584 0.551374 0.270822 -0.0542139 0.532263 0.241196 -0.0501469 0.554733 
0.241063 -0.0602024 0.535622 0.223824 -0.0488507 0.541971 0.355512 0.00249937 0.550636 
0.367898 0.00978413 0.534515 0.266235 -0.0154663 0.560713 0.236477 -0.0214549 0.564072 
0.206584 -0.0374989 0.54832 0.206718 -0.0274434 0.567432 0.176959 -0.033432 0.570791 
0.176826 -0.0434875 0.551679 0.159586 -0.0321358 0.558029 0.350792 0.0311914 0.559975 
0.363178 0.0384762 0.543854 0.17224 -0.00473991 0.58013 0.142347 -0.020784 0.564378 
0.142481 -0.0107285 0.583489 0.112722 -0.016717 0.586848 0.112588 -0.0267726 0.567737 
0.0953491 -0.0154208 0.574086 0.345939 0.0498279 0.550203 0.31618 0.0438394 0.553562 
0.286555 0.0479064 0.576033 0.298941 0.0551911 0.559912 0.0781098 -0.00406907 0.580435 
0.0483511 -0.0100576 0.583794 0.018726 -0.00599064 0.606264 0.0185923 -0.0160462 0.587153 
-0.0110328 -0.0119792 0.609623 -0.0111664 -0.0220347 0.590512 -0.0407915 -0.0179677 0.612982 
-0.0409252 -0.0280233 0.593871 -0.0705503 -0.0239563 0.616341 -0.0706839 -0.0340118 0.59723 
-0.0879232 -0.0226601 0.60358 0.281701 0.0665429 0.566261 0.251943 0.0605543 0.56962 
0.222318 0.0646213 0.59209 0.234703 0.0719061 0.575969 -0.07527 0.00473575 0.625681 
-0.105162 -0.0113083 0.609929 -0.105029 -0.00125281 0.62904 -0.122402 4.3412e-05 0.616278 
0.217464 0.0832578 0.582318 0.187705 0.0772693 0.585677 0.170466 0.088621 0.592026 
-0.139641 0.0113952 0.622627 -0.15688 0.0227469 0.628976 0.153227 0.0999728 0.598375 
0.135988 0.111325 0.604724 -0.174119 0.0340987 0.635325 -0.173986 0.0441542 0.654436 
-0.191359 0.0454504 0.641674 0.118748 0.122676 0.611073 0.101509 0.134028 0.617423 
-0.136561 0.0861196 0.644295 -0.14908 0.0687793 0.641305 -0.178839 0.0627907 0.644664 
0.08427 0.14538 0.623772 0.0670307 0.156732 0.630121 -0.081763 0.126789 0.646916 
-0.0942826 0.109448 0.643926 -0.124041 0.10346 0.647285 0.0497915 0.168083 0.63647 
0.0325523 0.179435 0.642819 -0.056724 0.161469 0.652896 -0.0692435 0.144129 0.649906 
0.015313 0.190787 0.649168 -0.0144457 0.184798 0.652527 -0.0442045 0.17881 0.655886 
0.330205 -0.0522923 0.506434 0.330072 -0.0623479 0.487323 0.342591 -0.0450076 0.490313 
0.300447 -0.0582809 0.509793 0.300313 -0.0683364 0.490682 0.283074 -0.0569847 0.497031 
0.355111 -0.0276673 0.493303 0.36763 -0.010327 0.496293 0.265835 -0.0456329 0.50338 
0.236076 -0.0516215 0.506739 0.206451 -0.0475545 0.529209 0.206317 -0.05761 0.510098 
0.189078 -0.0462583 0.516447 0.362911 0.0183651 0.505632 0.171839 -0.0349065 0.522797 
0.142213 -0.0308396 0.545267 0.14208 -0.0408951 0.526156 0.124841 -0.0295433 0.532505 
0.345671 0.0297168 0.511981 0.345805 0.0397724 0.531092 0.328432 0.0410686 0.51833 
0.107601 -0.0181916 0.538854 0.0779762 -0.0141246 0.561324 0.0778425 -0.0241801 0.542213 
0.0482174 -0.0201132 0.564683 0.0480838 -0.0301687 0.545572 0.0184587 -0.0261017 0.568042 
0.018325 -0.0361573 0.548931 0.0010858 -0.0248055 0.55528 0.311193 0.0524203 0.524679 
0.293954 0.0637721 0.531029 -0.0161534 -0.0134538 0.561629 -0.0459122 -0.0194423 0.564988 
-0.075671 -0.0254309 0.568347 -0.105296 -0.0213639 0.590818 -0.10543 -0.0314194 0.571706 
-0.122669 -0.0200677 0.578056 0.276714 0.0751238 0.537378 0.246956 0.0691353 0.540737 
0.229716 0.080487 0.547086 -0.139775 0.00133961 0.603516 -0.139908 -0.00871593 0.584405 
-0.157147 0.00263582 0.590754 0.212477 0.0918388 0.553435 0.182718 0.0858502 0.556794 
0.165479 0.097202 0.563143 -0.174253 0.0240431 0.616214 -0.174387 0.0139876 0.597103 
-0.191626 0.0253393 0.603452 0.14824 0.108554 0.569492 0.131001 0.119905 0.575841 
-0.178973 0.0527352 0.625553 -0.166587 0.0600199 0.609432 -0.179106 0.0426796 0.606442 
0.113761 0.131257 0.582191 0.0965222 0.142609 0.58854 -0.124175 0.0934043 0.628174 
-0.111789 0.100689 0.612053 -0.124309 0.0833488 0.609063 -0.154067 0.0773602 0.612422 
0.079283 0.153961 0.594889 0.0620437 0.165312 0.601238 -0.0867501 0.13537 0.618033 
-0.0992696 0.118029 0.615043 0.0448045 0.176664 0.607587 0.0275653 0.188016 0.613936 
-0.061711 0.17005 0.624013 -0.0742305 0.15271 0.621023 0.010326 0.199368 0.620285 
-0.0194327 0.193379 0.623644 -0.0491915 0.187391 0.627003 0.325085 -0.0537669 0.45844 
0.337604 -0.0364266 0.46143 0.295326 -0.0597555 0.461799 0.265701 -0.0556885 0.484269 
0.265567 -0.065744 0.465158 0.235942 -0.061677 0.487628 0.235808 -0.0717326 0.468517 
0.218569 -0.0603808 0.474866 0.350257 -0.00903076 0.483531 0.332885 -0.00773454 0.470769 
0.20133 -0.0490291 0.481215 0.171705 -0.0449621 0.503685 0.171571 -0.0550176 0.484574 
0.154332 -0.0436659 0.490923 0.345538 0.0196613 0.49287 0.328165 0.0209575 0.480108 
0.137093 -0.0323141 0.497273 0.107468 -0.0282471 0.519743 0.107334 -0.0383027 0.500632 
0.0777089 -0.0342357 0.523102 0.0775752 -0.0442912 0.503991 0.060336 -0.0329395 0.51034 
0.323445 0.0496496 0.489447 0.0430968 -0.0215877 0.516689 0.013338 -0.0275763 0.520048 
-0.0162871 -0.0235093 0.542518 -0.0164207 -0.0335649 0.523407 -0.0460458 -0.0294979 0.545877 
-0.0461795 -0.0395534 0.526766 -0.0758046 -0.0354864 0.549236 -0.0759382 -0.045542 0.530125 
-0.0931775 -0.0341902 0.536474 0.306206 0.0610013 0.495797 0.288967 0.0723531 0.502146 
-0.0978972 -0.00549816 0.545814 -0.110283 -0.0127829 0.561935 0.271727 0.0837048 0.508495 
0.241969 0.0777163 0.511854 0.224729 0.089068 0.518203 -0.115136 0.00585359 0.552163 
-0.144762 0.00992057 0.574633 -0.132376 0.0172053 0.558512 -0.204279 -0.00205654 0.581351 
-0.204413 -0.0121121 0.56224 -0.191893 0.00522823 0.56523 -0.221652 -0.000760329 0.568589 
0.20749 0.10042 0.524552 0.177731 0.0944312 0.527911 0.160492 0.105783 0.53426 
-0.149615 0.0285571 0.564861 -0.179374 0.0225685 0.56822 -0.196613 0.0339203 0.574569 
-0.209132 0.01658 0.571579 0.143253 0.117135 0.540609 0.126014 0.128486 0.546958 
-0.171574 0.0686009 0.580549 -0.184093 0.0512606 0.577559 0.108774 0.139838 0.553308 
0.0915352 0.15119 0.559657 -0.129162 0.101985 0.599291 -0.146535 0.103282 0.586529 
-0.159054 0.0859412 0.583539 0.0742959 0.162542 0.566006 0.0570567 0.173893 0.572355 
-0.0917371 0.143951 0.58915 -0.104257 0.12661 0.58616 -0.134015 0.120622 0.589519 
0.0398175 0.185245 0.578704 0.0100587 0.179257 0.582063 0.0101924 0.189312 0.601174 
-0.00718052 0.190608 0.588412 -0.066698 0.178631 0.59513 -0.0792176 0.161291 0.59214 
-0.0244198 0.20196 0.594761 -0.0541785 0.195972 0.59812 0.295192 -0.069811 0.442688 
0.295059 -0.0798665 0.423577 0.307578 -0.0625262 0.426567 0.265434 -0.0757996 0.446047 
0.2653 -0.0858551 0.426936 0.248061 -0.0745033 0.433285 0.320098 -0.0451859 0.429557 
0.332617 -0.0278456 0.432547 0.230821 -0.0631516 0.439634 0.213582 -0.0517998 0.445983 
0.315378 -0.0164939 0.438896 0.315512 -0.00643835 0.458007 0.298139 -0.00514213 0.445245 
0.196343 -0.0404481 0.452332 0.166584 -0.0464367 0.455691 0.149345 -0.0350849 0.462041 
0.310792 0.0222537 0.467346 0.293419 0.0235499 0.454584 0.132106 -0.0237332 0.46839 
0.102347 -0.0297217 0.471749 0.0725882 -0.0357103 0.475108 0.0429631 -0.0316433 0.497578 
0.0428295 -0.0416988 0.478467 0.0132044 -0.0376318 0.500937 0.0130707 -0.0476874 0.481826 
-0.0165544 -0.0436204 0.504296 -0.016688 -0.0536759 0.485185 -0.0339273 -0.0423242 0.491534 
0.306072 0.0509458 0.476685 0.288699 0.052242 0.463924 -0.0511665 -0.0309724 0.497883 
-0.0807916 -0.0269055 0.520353 -0.0684058 -0.0196207 0.504232 0.28398 0.080934 0.473263 
-0.085645 -0.00826894 0.510581 -0.115404 -0.0142575 0.51394 -0.11527 -0.00420196 0.533052 
-0.132643 -0.00290575 0.52029 0.26674 0.0922858 0.479612 0.236982 0.0862972 0.482971 
0.219742 0.097649 0.48932 -0.149749 0.0185015 0.54575 -0.149882 0.008446 0.526639 
-0.179507 0.012513 0.549109 -0.179641 0.00245745 0.529998 -0.2094 -0.00353111 0.533357 
-0.226639 0.00782064 0.539706 0.202503 0.109001 0.495669 0.172878 0.113068 0.518139 
0.185264 0.120352 0.502018 -0.214119 0.0251609 0.542696 -0.2016 0.0425013 0.545686 
0.168025 0.131704 0.508367 0.138266 0.125716 0.511726 0.121027 0.137067 0.518075 
-0.176561 0.0771819 0.551666 -0.18908 0.0598416 0.548676 0.103787 0.148419 0.524425 
0.0865482 0.159771 0.530774 -0.151522 0.111862 0.557646 -0.164041 0.0945222 0.554656 
0.0693089 0.171123 0.537123 0.0395502 0.165134 0.540482 0.0396838 0.17519 0.559593 
0.0223109 0.176486 0.546831 -0.0967241 0.152532 0.560267 -0.109244 0.135191 0.557277 
-0.139002 0.129203 0.560636 0.00507169 0.187838 0.55318 -0.0246871 0.181849 0.556539 
-0.0245534 0.191905 0.57565 -0.0544458 0.175861 0.559898 -0.0543122 0.185916 0.579009 
-0.0842046 0.169872 0.563257 0.294925 -0.0899221 0.404466 0.294791 -0.0999776 0.385355 
0.307311 -0.0826373 0.388345 0.265166 -0.0959106 0.407825 0.265033 -0.105966 0.388714 
0.247793 -0.0946144 0.395063 0.302591 -0.0539453 0.397684 0.230688 -0.0732071 0.420523 
0.230554 -0.0832627 0.401412 0.213315 -0.0719109 0.407761 0.315244 -0.0265494 0.419785 
0.297871 -0.0252532 0.407023 0.196209 -0.0505036 0.433221 0.196076 -0.0605592 0.41411 
0.178836 -0.0492074 0.420459 0.293152 0.00343883 0.416362 0.161597 -0.0378557 0.426808 
0.131972 -0.0337887 0.449279 0.131838 -0.0438442 0.430167 0.114599 -0.0324925 0.436517 
0.288432 0.0321309 0.425701 0.09736 -0.0211407 0.442866 0.0676012 -0.0271293 0.446225 
0.0378425 -0.0331178 0.449584 0.0080837 -0.0391064 0.452943 -0.0215414 -0.0350394 0.475413 
-0.00915554 -0.0277547 0.459292 0.271193 0.0434826 0.43205 0.271326 0.0535382 0.451162 
0.253954 0.0548344 0.4384 -0.0263948 -0.0164029 0.465641 -0.0561535 -0.0223915 0.469 
-0.0733928 -0.0110397 0.475349 0.266607 0.0822302 0.460501 0.249234 0.0835264 0.447739 
-0.090632 0.000312025 0.481698 -0.120391 -0.00567653 0.485058 -0.150016 -0.00160955 0.507528 
-0.15015 -0.0116651 0.488417 -0.179775 -0.0075981 0.510887 -0.179908 -0.0176536 0.491776 
-0.209533 -0.0135867 0.514246 -0.209667 -0.0236422 0.495135 -0.239292 -0.0195752 0.517605 
-0.239426 -0.0296307 0.498494 -0.256665 -0.018279 0.504843 0.231995 0.0948782 0.454088 
0.214755 0.10623 0.460437 -0.244145 -0.000938699 0.507833 -0.231626 0.0164016 0.510823 
0.197516 0.117582 0.466786 0.167757 0.111593 0.470145 0.167891 0.121649 0.489256 
0.150518 0.122945 0.476494 -0.206587 0.0510822 0.516803 -0.219106 0.0337419 0.513813 
0.133279 0.134297 0.482843 0.11604 0.145648 0.489193 -0.181548 0.0857628 0.522783 
-0.194067 0.0684225 0.519793 0.0988004 0.157 0.495542 0.0815612 0.168352 0.501891 
-0.156509 0.120443 0.528763 -0.169028 0.103103 0.525773 0.0643219 0.179704 0.50824 
0.0345632 0.173715 0.511599 0.0173239 0.185067 0.517948 -0.101711 0.161113 0.531384 
-0.114231 0.143772 0.528394 -0.143989 0.137784 0.531753 8.4676e-05 0.196419 0.524297 
-0.0296741 0.19043 0.527656 -0.0594328 0.184441 0.531015 -0.0891916 0.178453 0.534374 
0.264899 -0.116022 0.369603 0.264765 -0.126077 0.350492 0.277285 -0.108737 0.353482 
0.247526 -0.114726 0.356841 0.289804 -0.0913967 0.356472 0.302324 -0.0740564 0.359462 
0.230421 -0.0933182 0.382301 0.230287 -0.103374 0.36319 0.213048 -0.092022 0.369539 
0.297604 -0.0453643 0.368801 0.195942 -0.0706147 0.394999 0.195808 -0.0806703 0.375888 
0.178569 -0.0693185 0.382237 0.292884 -0.0166722 0.37814 0.161464 -0.0479112 0.407697 
0.16133 -0.0579668 0.388586 0.131705 -0.0538998 0.411056 0.131571 -0.0639553 0.391945 
0.114332 -0.0526036 0.398294 0.288165 0.0120198 0.387479 0.0972263 -0.0311963 0.423755 
0.0970927 -0.0412518 0.404644 0.0674676 -0.0371849 0.427114 0.0673339 -0.0472404 0.408003 
0.0500947 -0.0358886 0.414352 0.270925 0.0233715 0.393828 0.271059 0.0334271 0.412939 
0.253686 0.0347233 0.400177 0.0328554 -0.0245369 0.420701 0.00309669 -0.0305254 0.42406 
-0.0141426 -0.0191737 0.430409 0.248967 0.0634153 0.409517 -0.0313818 -0.00782195 0.436758 
-0.0611406 -0.0138105 0.440117 -0.0907657 -0.00974353 0.462587 -0.0908993 -0.0197991 0.443476 
-0.120524 -0.0157321 0.465947 -0.120658 -0.0257876 0.446835 -0.150283 -0.0217206 0.469306 
-0.150417 -0.0317762 0.450194 -0.167656 -0.0204244 0.456544 0.244247 0.0921074 0.418856 
-0.184895 -0.00907268 0.462893 -0.214654 -0.0150612 0.466252 -0.244413 -0.0210498 0.469611 
-0.261652 -0.00969803 0.47596 0.227008 0.103459 0.425205 0.209768 0.114811 0.431554 
-0.236613 0.0249826 0.48194 -0.249133 0.00764227 0.47895 0.192529 0.126163 0.437903 
0.16277 0.120174 0.441262 0.145531 0.131526 0.447611 -0.211574 0.0596632 0.48792 
-0.224093 0.0423229 0.48493 0.128292 0.142878 0.45396 0.111053 0.154229 0.46031 
-0.186535 0.0943438 0.4939 -0.199054 0.0770035 0.49091 0.0938134 0.165581 0.466659 
0.0765741 0.176933 0.473008 -0.161496 0.129024 0.49988 -0.174015 0.111684 0.49689 
0.0593349 0.188285 0.479357 0.0295761 0.182296 0.482716 -0.000182619 0.176307 0.486075 
-4.89696e-05 0.186363 0.505186 -0.0174219 0.187659 0.492424 -0.119084 0.162409 0.518622 
-0.136457 0.163705 0.50586 -0.148976 0.146365 0.50287 -0.0346611 0.199011 0.498773 
-0.0644199 0.193022 0.502132 -0.0941786 0.187034 0.505491 -0.123937 0.181045 0.50885 
0.259778 -0.117496 0.321609 0.272298 -0.100156 0.324599 0.230153 -0.113429 0.344079 
0.23002 -0.123485 0.324968 0.21278 -0.112133 0.331317 0.284951 -0.0727602 0.3467 
0.267578 -0.0714639 0.333938 0.195675 -0.0907258 0.356777 0.195541 -0.100781 0.337666 
0.165916 -0.0967144 0.360136 0.165782 -0.10677 0.341025 0.148543 -0.0954182 0.347374 
0.280098 -0.0541236 0.336928 0.292617 -0.0367833 0.339918 0.161196 -0.0680223 0.369475 
0.131304 -0.0840664 0.353723 0.131437 -0.0740109 0.372834 0.114065 -0.0727147 0.360072 
0.287897 -0.00809128 0.349257 0.109345 -0.0440226 0.369411 0.270658 0.00326047 0.355606 
0.270792 0.013316 0.374717 0.253419 0.0146122 0.361955 0.0921057 -0.0326709 0.375761 
0.0624805 -0.0286039 0.398231 0.0748664 -0.0213191 0.38211 0.248699 0.0433043 0.371294 
0.0576272 -0.00996737 0.388459 0.0278684 -0.0159559 0.391818 -0.00189033 -0.0219445 0.395177 
-0.0315154 -0.0178775 0.417647 -0.0316491 -0.027933 0.398536 -0.0612742 -0.023866 0.421006 
-0.0614079 -0.0339216 0.401895 -0.091033 -0.0298546 0.424365 -0.0911666 -0.0399101 0.405254 
-0.120792 -0.0358432 0.427724 -0.120925 -0.0458987 0.408613 -0.15055 -0.0418317 0.431083 
-0.150684 -0.0518873 0.411972 -0.167923 -0.0405355 0.418321 0.23146 0.054656 0.377644 
0.231594 0.0647115 0.396755 0.214221 0.0660078 0.383993 -0.185029 -0.0191282 0.443782 
-0.185163 -0.0291838 0.424671 -0.202402 -0.017832 0.43102 -0.333823 -0.049071 0.460577 
-0.333956 -0.0591265 0.441466 -0.321437 -0.0417862 0.444456 -0.351196 -0.0477748 0.447815 
0.226874 0.0934036 0.406094 0.209501 0.0946998 0.393332 -0.219641 -0.00648026 0.437369 
-0.2494 -0.0124688 0.440728 -0.266639 -0.00111707 0.447077 -0.338676 -0.0304345 0.450805 
0.204781 0.123392 0.402671 -0.2416 0.0335635 0.453057 -0.25412 0.0162232 0.450067 
0.187542 0.134744 0.40902 0.157783 0.128755 0.412379 0.140544 0.140107 0.418728 
-0.216561 0.0682442 0.459037 -0.22908 0.0509038 0.456047 0.123305 0.151459 0.425077 
0.106066 0.16281 0.431427 -0.191522 0.102925 0.465017 -0.204041 0.0855845 0.462027 
0.0888264 0.174162 0.437776 0.0715871 0.185514 0.444125 -0.166483 0.137605 0.470997 
-0.179002 0.120265 0.468007 0.0543479 0.196866 0.450474 0.0245891 0.190877 0.453833 
-0.00516964 0.184888 0.457192 -0.0349284 0.1789 0.460551 -0.0347947 0.188955 0.479662 
-0.0521676 0.190252 0.4669 -0.124071 0.17099 0.489739 -0.111685 0.178275 0.473618 
-0.124205 0.160934 0.470628 -0.153963 0.154946 0.473987 -0.0694069 0.201603 0.473249 
-0.0991656 0.195615 0.476608 0.170368 -0.145518 0.312575 0.170235 -0.155573 0.293464 
0.182754 -0.138233 0.296454 0.152996 -0.144221 0.299813 0.254925 -0.0988598 0.311837 
0.237552 -0.0975636 0.299075 0.225033 -0.114904 0.296085 0.195407 -0.110837 0.318555 
0.195274 -0.120892 0.299444 0.165649 -0.116825 0.321914 0.135756 -0.13287 0.306162 
0.13589 -0.122814 0.325273 0.118517 -0.121518 0.312511 0.250072 -0.0802233 0.302065 
0.262591 -0.062883 0.305055 0.13117 -0.094122 0.334612 0.101278 -0.110166 0.31886 
0.101411 -0.100111 0.337971 0.0840386 -0.0988143 0.325209 0.275244 -0.0354871 0.327156 
0.257871 -0.0341909 0.314394 0.0965581 -0.081474 0.328199 0.109078 -0.0641337 0.331189 
0.270391 -0.0168506 0.317384 0.28291 0.000489674 0.320374 0.0918384 -0.052782 0.337538 
0.091972 -0.0427264 0.35665 0.0745991 -0.0414302 0.343888 -0.205616 -0.102612 0.39024 
-0.205749 -0.112668 0.371129 -0.19323 -0.0953272 0.374119 -0.222988 -0.101316 0.377478 
0.265671 0.0118414 0.326723 0.248432 0.0231932 0.333072 0.0574935 -0.0200229 0.369348 
0.0573599 -0.0300785 0.350237 0.0401206 -0.0187267 0.356586 -0.0317827 -0.0379886 0.379425 
-0.0319164 -0.0480441 0.360314 -0.0193969 -0.0307038 0.363304 -0.0615415 -0.0439771 0.382784 
-0.0616751 -0.0540327 0.363673 -0.0913002 -0.0499657 0.386143 -0.0914339 -0.0600212 0.367032 
-0.121059 -0.0559543 0.389502 -0.121193 -0.0660098 0.370391 -0.150818 -0.0619428 0.392861 
-0.150951 -0.0719984 0.37375 -0.168191 -0.0606466 0.380099 -0.210469 -0.0839755 0.380468 
0.231193 0.0345449 0.339421 0.231326 0.0446005 0.358533 0.213953 0.0458967 0.345771 
0.0228814 -0.00737497 0.362935 -0.00687735 -0.0133635 0.366294 -0.185296 -0.0392393 0.405559 
-0.18543 -0.0492948 0.386448 -0.202669 -0.0379431 0.392798 0.209234 0.0745887 0.35511 
-0.219775 -0.0165358 0.418258 -0.219908 -0.0265914 0.399147 -0.237148 -0.0152396 0.405496 
-0.279292 -0.0285129 0.424976 -0.279426 -0.0385685 0.405865 -0.266906 -0.0212282 0.408855 
-0.309051 -0.0345015 0.428335 -0.309185 -0.044557 0.409224 -0.33881 -0.04049 0.431694 
-0.326424 -0.0332053 0.415573 0.191994 0.0859405 0.361459 0.192128 0.095996 0.38057 
0.174755 0.0972922 0.367808 -0.241867 0.0134524 0.414835 -0.254253 0.00616768 0.430956 
-0.284146 -0.00987642 0.415204 -0.313904 -0.015865 0.418563 0.187408 0.124688 0.389909 
0.170036 0.125984 0.377147 -0.229214 0.0408483 0.436936 -0.216828 0.0481331 0.420815 
-0.229348 0.0307928 0.417825 0.152796 0.137336 0.383496 0.135557 0.148688 0.389845 
-0.221548 0.0768251 0.430154 0.118318 0.16004 0.396194 0.101079 0.171391 0.402544 
-0.196509 0.111506 0.436134 -0.209029 0.0941654 0.433144 0.0838393 0.182743 0.408893 
0.0540806 0.176754 0.412252 0.0542142 0.18681 0.431363 0.0368413 0.188106 0.418601 
-0.154097 0.14489 0.454876 -0.141711 0.152175 0.438755 -0.154231 0.134835 0.435765 
-0.183989 0.128846 0.439124 0.0196021 0.199458 0.42495 -0.0101567 0.193469 0.428309 
-0.0399154 0.187481 0.431668 -0.0696742 0.181492 0.435027 -0.0695405 0.191548 0.454138 
-0.0994329 0.175504 0.438386 -0.0992993 0.185559 0.457497 -0.129192 0.169515 0.441745 
0.165381 -0.136937 0.283692 0.220179 -0.0962674 0.286313 0.202806 -0.0949712 0.273551 
0.190287 -0.112311 0.270561 0.160528 -0.1183 0.27392 0.130769 -0.124289 0.277279 
0.101144 -0.120222 0.299749 0.101011 -0.130277 0.280638 0.0837713 -0.118925 0.286987 
0.245218 -0.0615868 0.292293 0.227845 -0.0602906 0.279531 0.215326 -0.0776309 0.276541 
0.0666657 -0.0975181 0.312447 0.066532 -0.107574 0.293336 0.0492928 -0.0962219 0.299685 
0.240498 -0.0328947 0.301632 0.223126 -0.0315985 0.28887 0.0917047 -0.0628375 0.318427 
0.0743318 -0.0615413 0.305665 0.0618123 -0.0788816 0.302675 -0.176124 -0.116734 0.348659 
-0.176258 -0.12679 0.329548 -0.163738 -0.10945 0.332538 -0.193497 -0.115438 0.335897 
0.265538 0.00178588 0.307612 0.248165 0.00308208 0.29485 0.235645 -0.0142582 0.29186 
0.0572262 -0.040134 0.331126 0.0570926 -0.0501896 0.312015 0.0398533 -0.0388378 0.318364 
-0.0618088 -0.0640882 0.344562 -0.0619424 -0.0741438 0.325451 -0.0494229 -0.0568035 0.328441 
-0.0915675 -0.0700768 0.347921 -0.0917012 -0.0801323 0.32881 -0.121326 -0.0760653 0.35128 
-0.12146 -0.0861209 0.332169 -0.151085 -0.0820539 0.354639 -0.151219 -0.0921094 0.335528 
-0.180844 -0.0880425 0.357998 -0.210736 -0.104087 0.342246 -0.240361 -0.10002 0.364716 
-0.240495 -0.110075 0.345605 -0.257734 -0.0987234 0.351954 0.243445 0.0317741 0.304189 
0.0227478 -0.0174305 0.343824 0.0226141 -0.027486 0.324713 -0.007011 -0.0234191 0.347183 
-0.00714465 -0.0334746 0.328072 -0.0369034 -0.0394632 0.331431 -0.185564 -0.0593504 0.367337 
-0.215322 -0.065339 0.370696 -0.232695 -0.0640427 0.357934 -0.245215 -0.0813831 0.354944 
0.226206 0.0431259 0.310538 0.208966 0.0544776 0.316888 -0.220042 -0.0366469 0.380036 
-0.237415 -0.0353507 0.367274 0.191727 0.0658294 0.323237 0.191861 0.0758849 0.342348 
0.174488 0.0771811 0.329586 -0.254521 -0.0139434 0.392734 -0.254654 -0.0239989 0.373623 
-0.284413 -0.0299875 0.376982 -0.314038 -0.0259205 0.399452 -0.301652 -0.0186357 0.383331 
0.169768 0.105873 0.338925 -0.25924 0.0147486 0.402073 -0.289133 -0.00129545 0.386321 
-0.276613 0.0160449 0.389311 0.165048 0.134565 0.348264 -0.234201 0.0494293 0.408053 
-0.251574 0.0507255 0.395291 -0.264094 0.0333852 0.392301 0.147809 0.145917 0.354613 
0.13057 0.157269 0.360962 -0.226535 0.0854061 0.401271 -0.239055 0.0680658 0.398281 
0.113331 0.16862 0.367312 0.0960916 0.179972 0.373661 -0.201496 0.120087 0.407251 
-0.214016 0.102746 0.404261 0.0788523 0.191324 0.38001 0.0490936 0.185335 0.383369 
0.0193348 0.179347 0.386728 0.0194685 0.189402 0.405839 -0.0104239 0.173358 0.390087 
-0.0102903 0.183414 0.409198 -0.0276632 0.18471 0.396436 -0.146698 0.160756 0.409872 
-0.159218 0.143416 0.406882 -0.188976 0.137427 0.410241 -0.0449024 0.196062 0.402785 
-0.0746612 0.190073 0.406144 -0.10442 0.184085 0.409503 -0.134179 0.178096 0.412862 
0.185433 -0.093675 0.260789 0.16806 -0.0923788 0.248027 0.155541 -0.109719 0.245037 
0.125782 -0.115708 0.248396 0.0960235 -0.121696 0.251755 0.0663984 -0.117629 0.274225 
0.0662647 -0.127685 0.255114 0.0490255 -0.116333 0.261463 0.210472 -0.0589944 0.266769 
0.1931 -0.0576982 0.254007 0.18058 -0.0750385 0.251017 0.0319199 -0.0949257 0.286923 
0.0317863 -0.104981 0.267812 0.014547 -0.0936295 0.274161 -0.116874 -0.124868 0.303719 
-0.117008 -0.134924 0.284608 -0.104488 -0.117584 0.287598 -0.134247 -0.123572 0.290957 
0.205753 -0.0303023 0.276108 0.18838 -0.0290061 0.263346 0.0569589 -0.0602451 0.292904 
0.039586 -0.0589489 0.280142 0.0270665 -0.0762892 0.277152 -0.00269222 -0.0822777 0.280511 
0.0098273 -0.0649374 0.283501 -0.00255857 -0.0722222 0.299622 -0.0199315 -0.070926 0.28686 
-0.0620761 -0.0841993 0.30634 -0.0622097 -0.0942549 0.287229 -0.0496902 -0.0769146 0.290219 
-0.0918349 -0.0901879 0.309699 -0.0919685 -0.100243 0.290588 -0.121594 -0.0961764 0.313058 
-0.151486 -0.112221 0.297306 -0.151352 -0.102165 0.316417 -0.181245 -0.118209 0.300665 
-0.198484 -0.106857 0.307014 0.230792 0.00437829 0.282088 0.213419 0.0056745 0.269326 
0.200899 -0.0116658 0.266336 0.0224805 -0.0375416 0.305602 0.0223468 -0.0475971 0.286491 
-0.00727829 -0.0435302 0.308961 -0.0371707 -0.0595742 0.293209 -0.0370371 -0.0495187 0.31232 
-0.215723 -0.0955056 0.313363 -0.245482 -0.101494 0.316722 -0.275107 -0.0974271 0.339192 
-0.275241 -0.107483 0.320081 -0.29248 -0.0961309 0.32643 0.226072 0.0330703 0.291427 
0.208699 0.0343665 0.278665 -0.250068 -0.0627465 0.345172 -0.267441 -0.0614503 0.332411 
-0.27996 -0.0787906 0.329421 0.19146 0.0457183 0.285015 0.191594 0.0557738 0.304126 
0.174221 0.05707 0.291364 -0.254788 -0.0340545 0.354512 -0.28468 -0.0500986 0.33876 
-0.284547 -0.040043 0.357871 -0.301919 -0.0387468 0.345109 -0.373823 -0.0580087 0.367948 
-0.373956 -0.0680643 0.348837 -0.361437 -0.050724 0.351827 -0.391196 -0.0567125 0.355186 
0.169501 0.0857621 0.300703 -0.306639 -0.0100548 0.354448 -0.378676 -0.0393722 0.358176 
0.164781 0.114454 0.310042 -0.2816 0.0246258 0.360428 -0.29412 0.00728551 0.357438 
0.147542 0.125806 0.316391 0.147676 0.135861 0.335502 0.130303 0.137158 0.32274 
-0.256561 0.0593064 0.366408 -0.269081 0.0419661 0.363418 0.125583 0.16585 0.332079 
-0.231522 0.093987 0.372388 -0.244042 0.0766467 0.369398 0.108344 0.177201 0.338429 
0.078585 0.171213 0.341788 0.0787187 0.181268 0.360899 0.0613458 0.182565 0.348137 
-0.206483 0.128668 0.378368 -0.219003 0.111327 0.375378 0.0441065 0.193916 0.354486 
0.0143478 0.187928 0.357845 -0.015411 0.181939 0.361204 -0.0451697 0.175951 0.364563 
-0.0450361 0.186006 0.383674 -0.062409 0.187302 0.370912 -0.151685 0.169337 0.380989 
-0.164205 0.151997 0.377999 -0.193963 0.146008 0.381358 -0.0796482 0.198654 0.377261 
-0.109407 0.192666 0.38062 -0.139166 0.186677 0.383979 0.150688 -0.0910826 0.235265 
0.133315 -0.0897864 0.222503 0.120795 -0.107127 0.219513 0.0910365 -0.113115 0.222872 
0.0612777 -0.119104 0.226231 0.0440385 -0.107752 0.23258 0.175727 -0.0564019 0.241245 
0.158354 -0.0551058 0.228483 0.145834 -0.0724461 0.225493 0.0267992 -0.0964003 0.238929 
-0.00282587 -0.0923333 0.261399 -0.00295952 -0.102389 0.242288 -0.0325846 -0.0983219 0.264759 
-0.0327183 -0.108377 0.245647 -0.0623434 -0.10431 0.268118 -0.062477 -0.114366 0.249007 
-0.0921021 -0.110299 0.271477 -0.0922358 -0.120355 0.252366 -0.121995 -0.126343 0.255725 
-0.15162 -0.122276 0.278195 -0.151753 -0.132332 0.259084 -0.168993 -0.12098 0.265433 
0.170873 -0.0377654 0.231473 0.183393 -0.0204252 0.234463 0.0222132 -0.0576527 0.26738 
-0.0373043 -0.0696298 0.274098 -0.186232 -0.109628 0.271782 -0.215857 -0.105561 0.294252 
-0.215991 -0.115617 0.275141 -0.23323 -0.104265 0.28149 0.196046 0.0069707 0.256564 
0.178673 0.00826691 0.243802 -0.250469 -0.0929132 0.287839 -0.280228 -0.0989017 0.291198 
-0.297467 -0.08755 0.297547 0.191326 0.0356628 0.265904 0.173953 0.036959 0.253142 
-0.284814 -0.0601541 0.319649 -0.302187 -0.0588579 0.306887 -0.37409 -0.0781198 0.329726 
-0.374224 -0.0881753 0.310615 -0.361704 -0.070835 0.313605 -0.391463 -0.0768236 0.316964 
0.169234 0.065651 0.262481 -0.319292 -0.0374506 0.332347 -0.319426 -0.0475062 0.313236 
-0.349051 -0.0434392 0.335706 -0.349185 -0.0534947 0.316595 -0.378944 -0.0594833 0.319954 
-0.37881 -0.0494277 0.339065 -0.366424 -0.042143 0.322944 0.151994 0.0770028 0.26883 
0.152128 0.0870583 0.287941 0.134755 0.0883545 0.275179 -0.311626 -0.00147381 0.325565 
-0.324146 -0.0188141 0.322575 -0.353904 -0.0248027 0.325934 0.147408 0.11575 0.29728 
0.130035 0.117047 0.284518 -0.286587 0.0332068 0.331545 -0.299107 0.0158665 0.328555 
0.125316 0.145739 0.293857 -0.261548 0.0678874 0.337525 -0.274068 0.0505471 0.334535 
0.120596 0.174431 0.303196 -0.236509 0.102568 0.343505 -0.249029 0.0852277 0.340515 
0.103357 0.185782 0.309546 0.073598 0.179794 0.312905 0.0438392 0.173805 0.316264 
0.0439729 0.183861 0.335375 0.0266 0.185157 0.322613 -0.194097 0.135952 0.362247 
-0.181711 0.143237 0.346126 -0.194231 0.125897 0.343136 -0.22399 0.119908 0.346495 
0.00936077 0.196509 0.328962 -0.020398 0.19052 0.332321 -0.0501567 0.184532 0.33568 
-0.0799155 0.178543 0.339039 -0.0797818 0.188599 0.35815 -0.109674 0.172555 0.342398 
-0.109541 0.18261 0.361509 -0.139433 0.166566 0.345757 -0.139299 0.176622 0.364868 
-0.169192 0.160577 0.349116 0.115942 -0.0884902 0.209741 0.098569 -0.087194 0.196979 
0.0860495 -0.104534 0.193989 0.0564243 -0.100467 0.216459 0.0688102 -0.0931825 0.200338 
-0.0626107 -0.124421 0.229895 -0.0627443 -0.134477 0.210784 -0.0502248 -0.117137 0.213774 
-0.0799836 -0.123125 0.217134 0.140981 -0.0538095 0.215721 0.123608 -0.0525133 0.202959 
0.111088 -0.0698536 0.199969 0.051571 -0.0818308 0.206687 0.0218122 -0.0878193 0.210046 
-0.00794654 -0.0938079 0.213405 -0.0377053 -0.0997964 0.216765 -0.0972228 -0.111774 0.223483 
-0.126982 -0.117762 0.226842 -0.15674 -0.123751 0.230201 -0.17398 -0.112399 0.23655 
0.16602 -0.0191289 0.221701 0.148647 -0.0178327 0.208939 0.136128 -0.035173 0.205949 
-0.191219 -0.101047 0.242899 -0.220978 -0.107036 0.246258 -0.250603 -0.102969 0.268728 
-0.250736 -0.113024 0.249617 -0.267976 -0.101673 0.255966 0.161167 -0.000492434 0.211929 
0.173686 0.0168479 0.214919 -0.285215 -0.0903208 0.262315 -0.31484 -0.0862538 0.284786 
-0.314974 -0.0963093 0.265674 -0.332213 -0.0849576 0.272024 0.168966 0.0455399 0.224259 
-0.31956 -0.0575617 0.294125 -0.349452 -0.0736058 0.278373 -0.349318 -0.0635503 0.297484 
-0.379077 -0.0695388 0.300843 -0.366691 -0.0622541 0.284722 0.151727 0.0568917 0.230608 
0.151861 0.0669472 0.249719 0.134488 0.0682434 0.236957 -0.383797 -0.0408468 0.310182 
-0.383931 -0.0509023 0.291071 -0.40117 -0.0395506 0.29742 0.129768 0.0969355 0.246296 
-0.316613 0.00710715 0.296682 -0.329133 -0.0102332 0.293692 -0.358891 -0.0162217 0.297051 
-0.38865 -0.0222103 0.30041 0.125048 0.125628 0.255635 -0.291574 0.0417878 0.302662 
-0.304094 0.0244475 0.299672 0.120329 0.15432 0.264974 -0.266535 0.0764684 0.308642 
-0.279055 0.0591281 0.305652 0.103089 0.165671 0.271323 0.103223 0.175727 0.290435 
0.0858502 0.177023 0.277673 -0.241496 0.111149 0.314622 -0.254016 0.0938087 0.311632 
0.068611 0.188375 0.284022 0.0388522 0.182386 0.287381 0.00909347 0.176398 0.29074 
0.00922712 0.186453 0.309851 -0.0206653 0.170409 0.294099 -0.0205316 0.180465 0.31321 
-0.050424 0.164421 0.297458 -0.0502904 0.174476 0.316569 -0.0676633 0.175772 0.303807 
-0.186698 0.151818 0.317243 -0.199218 0.134478 0.314253 -0.228977 0.128489 0.317612 
-0.0849025 0.187124 0.310156 -0.114661 0.181136 0.313515 -0.14442 0.175147 0.316874 
-0.174179 0.169158 0.320233 0.0811961 -0.0858978 0.184217 -0.0675977 -0.115841 0.201013 
0.106101 -0.0612727 0.171086 0.118621 -0.0439324 0.174076 0.0763427 -0.0672612 0.174445 
0.046584 -0.0732498 0.177804 0.0168252 -0.0792384 0.181163 -0.0129336 -0.0852269 0.184522 
-0.0426923 -0.0912155 0.187882 -0.0724511 -0.097204 0.191241 -0.10221 -0.103193 0.1946 
-0.131969 -0.109181 0.197959 -0.161727 -0.11517 0.201318 -0.178967 -0.103818 0.207667 
0.131141 -0.0265921 0.177066 0.14366 -0.00925177 0.180056 -0.196206 -0.0924662 0.214016 
-0.225965 -0.0984547 0.217375 -0.255723 -0.104443 0.220734 -0.272963 -0.0930915 0.227083 
0.156313 0.0181441 0.202157 0.13894 0.0194403 0.189396 -0.290202 -0.0817398 0.233432 
-0.319961 -0.0877283 0.236791 -0.349586 -0.0836613 0.259262 -0.349719 -0.0937169 0.240151 
-0.366959 -0.0823651 0.2465 0.151593 0.0468361 0.211497 0.134221 0.0481323 0.198735 
-0.354305 -0.0549693 0.268601 -0.34192 -0.0476845 0.25248 -0.354439 -0.0650249 0.24949 
0.129501 0.0768244 0.208074 -0.359159 -0.0363328 0.258829 -0.388784 -0.0322658 0.281299 
-0.376398 -0.0249811 0.265178 0.124781 0.105516 0.217413 -0.3216 0.0156881 0.267799 
-0.33412 -0.00165219 0.264809 -0.363878 -0.00764075 0.268168 0.107542 0.116868 0.223762 
0.107676 0.126924 0.242873 0.0903026 0.12822 0.230111 -0.296561 0.0503687 0.273779 
-0.309081 0.0330284 0.270789 0.102822 0.14556 0.233101 0.115342 0.162901 0.236091 
-0.271522 0.0850493 0.279759 -0.284042 0.067709 0.276769 0.0981024 0.174252 0.24244 
0.0808632 0.185604 0.24879 -0.246483 0.11973 0.285739 -0.259003 0.10239 0.282749 
0.063624 0.196956 0.255139 0.0338652 0.190967 0.258498 0.00410645 0.184979 0.261857 
-0.0256523 0.17899 0.265216 -0.0554111 0.173002 0.268575 -0.0851698 0.167013 0.271934 
-0.0850362 0.177069 0.291045 -0.114929 0.161024 0.275293 -0.114795 0.17108 0.294404 
-0.144687 0.155036 0.278652 -0.144554 0.165091 0.297763 -0.174446 0.149047 0.282011 
-0.174312 0.159103 0.301122 -0.204205 0.143059 0.28537 -0.233964 0.13707 0.288729 
0.101248 -0.0426362 0.161314 0.0838752 -0.04134 0.148552 0.0713557 -0.0586803 0.145562 
0.0417306 -0.0546133 0.168032 0.0541165 -0.0473285 0.151911 0.0119718 -0.0606018 0.171391 
-0.00540106 -0.0593056 0.15863 -0.0179206 -0.0766459 0.155639 -0.0476793 -0.0826345 0.158999 
-0.0774381 -0.088623 0.162358 -0.107197 -0.0946116 0.165717 -0.136956 -0.1006 0.169076 
-0.166714 -0.106589 0.172435 -0.183954 -0.095237 0.178784 0.126287 -0.00795556 0.167294 
0.108914 -0.00665935 0.154532 0.0963947 -0.0239997 0.151542 0.0368772 -0.0359768 0.158261 
0.00711846 -0.0419653 0.16162 -0.201193 -0.0838852 0.185133 -0.230952 -0.0898738 0.188492 
-0.26071 -0.0958623 0.191851 -0.290335 -0.0917953 0.214321 -0.290469 -0.101851 0.19521 
-0.307708 -0.0904991 0.201559 0.121434 0.0106809 0.157522 0.133953 0.0280212 0.160513 
-0.324948 -0.0791474 0.207908 -0.354573 -0.0750804 0.230379 -0.342187 -0.0677956 0.214258 
0.116714 0.039373 0.166862 0.116848 0.0494285 0.185973 0.0994748 0.0507247 0.173211 
-0.346907 -0.0391036 0.223597 0.112128 0.0781206 0.195312 0.0947551 0.0794168 0.18255 
-0.364146 -0.0277518 0.229946 -0.381385 -0.0164001 0.236295 -0.42353 -0.0296734 0.255775 
-0.423663 -0.0397289 0.236664 -0.411144 -0.0223886 0.239654 -0.440903 -0.0283772 0.243013 
0.107408 0.106813 0.204651 0.0900354 0.108109 0.191889 -0.309214 0.0229729 0.251678 
-0.296828 0.0302576 0.235557 -0.309348 0.0129173 0.232567 -0.339107 0.00692878 0.235926 
-0.368866 0.000940221 0.239285 -0.428383 -0.0110369 0.246003 0.0853156 0.136801 0.201228 
-0.284175 0.0576535 0.257658 -0.271789 0.0649382 0.241537 -0.284309 0.0475979 0.238547 
0.0979688 0.164197 0.223329 0.0805959 0.165493 0.210567 -0.259136 0.0923341 0.263638 
-0.24675 0.0996189 0.247517 -0.25927 0.0822785 0.244527 0.0633567 0.176845 0.216917 
0.0634903 0.1869 0.236028 0.0461174 0.188196 0.223266 0.0039728 0.174923 0.242746 
0.0163587 0.182208 0.226625 0.00383916 0.164868 0.223635 -0.0259196 0.158879 0.226994 
-0.0257859 0.168935 0.246105 -0.0556784 0.15289 0.230353 -0.0555447 0.162946 0.249464 
-0.0854371 0.146902 0.233712 -0.0853035 0.156957 0.252823 -0.102676 0.158254 0.240061 
-0.204338 0.133003 0.266259 -0.191953 0.140288 0.250138 -0.204472 0.122948 0.247148 
-0.234231 0.116959 0.250507 -0.234097 0.127015 0.269618 0.0288782 0.199548 0.229615 
-0.119916 0.169605 0.24641 -0.149674 0.163617 0.249769 -0.179433 0.157628 0.253128 
0.0665023 -0.0400438 0.13579 -0.0227739 -0.0580094 0.145868 -0.0525327 -0.063998 0.149227 
-0.0699056 -0.0627018 0.136465 -0.0824251 -0.0800421 0.133475 -0.112184 -0.0860306 0.136834 
-0.141943 -0.0920192 0.140193 -0.171701 -0.0980077 0.143552 -0.188941 -0.086656 0.149901 
0.0915413 -0.00536316 0.14177 0.0617826 -0.0113517 0.14513 0.0320238 -0.0173403 0.148489 
0.00226509 -0.0233288 0.151848 -0.0151078 -0.0220326 0.139086 -0.0276273 -0.0393729 0.136096 
-0.0573861 -0.0453615 0.139455 -0.20618 -0.0753043 0.15625 -0.235939 -0.0812928 0.159609 
-0.265697 -0.0872814 0.162968 -0.295456 -0.0932699 0.166327 -0.312695 -0.0819182 0.172676 
0.11658 0.0293175 0.147751 0.0868216 0.0233289 0.15111 0.0570629 0.0173403 0.154469 
0.0273041 0.0113518 0.157828 0.00993124 0.012648 0.145066 -0.00258828 -0.00469231 0.142076 
-0.329935 -0.0705664 0.179026 -0.347174 -0.0592147 0.185375 0.0821019 0.052021 0.160449 
0.0523432 0.0460324 0.163808 0.0349703 0.0473286 0.151046 0.0224507 0.0299883 0.148056 
-0.351894 -0.0305226 0.194714 0.0773822 0.080713 0.169788 0.0600093 0.0820092 0.157026 
0.0474898 0.0646689 0.154036 -0.369133 -0.0191709 0.201063 -0.386372 -0.00781912 0.207412 
-0.428517 -0.0210924 0.226892 0.0726625 0.109405 0.179127 0.0552896 0.110701 0.166365 
-0.301815 0.0388386 0.206674 -0.314335 0.0214983 0.203684 -0.344094 0.0155097 0.207043 
-0.373853 0.00952119 0.210402 0.0679427 0.138097 0.188466 0.0505699 0.139393 0.175704 
-0.276776 0.0735192 0.212654 -0.289296 0.0561789 0.209664 0.0630894 0.156734 0.178694 
0.0756089 0.174074 0.181684 -0.251737 0.1082 0.218634 -0.264257 0.0908595 0.215644 
0.0583697 0.185426 0.188034 0.0411304 0.196777 0.194383 0.0113717 0.190789 0.197742 
-0.00114786 0.173449 0.194752 -0.0309066 0.16746 0.198111 -0.0606654 0.161471 0.20147 
-0.0904241 0.155483 0.204829 -0.120183 0.149494 0.208188 -0.120049 0.15955 0.227299 
-0.149942 0.143506 0.211547 -0.149808 0.153561 0.230658 -0.1797 0.137517 0.214906 
-0.179567 0.147573 0.234017 -0.209459 0.131529 0.218265 -0.239218 0.12554 0.221624 
0.0238912 0.208129 0.200732 -0.0872785 -0.0614056 0.123703 -0.104651 -0.0601094 0.110941 
-0.117171 -0.0774497 0.107951 -0.14693 -0.0834382 0.11131 -0.176688 -0.0894268 0.114669 
-0.206314 -0.0853598 0.137139 -0.206447 -0.0954153 0.118028 -0.236072 -0.0913484 0.140498 
-0.236206 -0.101404 0.121387 -0.253445 -0.0900522 0.127736 -0.0324807 -0.0207364 0.126324 
-0.0498536 -0.0194402 0.113562 -0.0623731 -0.0367805 0.110572 -0.0921318 -0.0427691 0.113931 
-0.270684 -0.0787004 0.134085 -0.300443 -0.0846889 0.137444 -0.330068 -0.080622 0.159914 
-0.330202 -0.0906775 0.140803 -0.347441 -0.0793258 0.147152 -0.00744165 0.0139442 0.132304 
-0.0248145 0.0152404 0.119542 -0.0373341 -0.0020999 0.116552 -0.352161 -0.0506337 0.156492 
0.0175974 0.0486248 0.138284 0.000224494 0.049921 0.125522 -0.012295 0.0325807 0.122532 
-0.3694 -0.0392819 0.162841 -0.369266 -0.0292264 0.181952 -0.386639 -0.0279302 0.16919 
0.0426364 0.0833054 0.144264 0.0252635 0.0846016 0.131502 0.012744 0.0672613 0.128512 
-0.391359 0.000761847 0.178529 0.037783 0.101942 0.134492 0.0503026 0.119282 0.137482 
-0.306802 0.0474196 0.177791 -0.319322 0.0300793 0.174801 -0.349081 0.0240907 0.17816 
-0.37884 0.0181022 0.181519 0.0455828 0.147974 0.146821 -0.281763 0.0821002 0.183771 
-0.294283 0.0647599 0.180781 0.058236 0.17537 0.168922 0.0408631 0.176666 0.156161 
-0.0310403 0.157404 0.179 -0.0186544 0.164689 0.162879 -0.0311739 0.147349 0.159889 
-0.0609327 0.14136 0.163248 -0.060799 0.151416 0.182359 -0.0906914 0.135372 0.166607 
-0.0905578 0.145427 0.185718 -0.107931 0.146724 0.172956 -0.256724 0.116781 0.189751 
-0.269244 0.0994405 0.186761 0.0236239 0.188018 0.16251 0.0237575 0.198074 0.181621 
-0.00613488 0.18203 0.165869 -0.12517 0.158075 0.179305 -0.154929 0.152087 0.182664 
-0.184687 0.146098 0.186023 -0.214446 0.14011 0.189382 -0.244205 0.134121 0.192741 
-0.0922655 -0.0528246 0.0948198 -0.0923991 -0.0628802 0.0757087 -0.0798796 -0.0455399 0.0786987 
-0.122158 -0.0688687 0.0790678 -0.151917 -0.0748573 0.0824268 -0.181675 -0.0808458 0.0857859 
-0.211434 -0.0868344 0.089145 -0.241193 -0.0928229 0.092504 -0.270818 -0.0887559 0.114974 
-0.270952 -0.0988115 0.0958631 -0.288191 -0.0874597 0.102212 -0.0673601 -0.0281995 0.0816888 
-0.0548406 -0.0108592 0.0846788 -0.30543 -0.076108 0.108561 -0.335189 -0.0820965 0.11192 
-0.364814 -0.0780296 0.134391 -0.364948 -0.0880851 0.115279 -0.382187 -0.0767334 0.121629 
-0.0423211 0.00648107 0.0876689 -0.0298016 0.0238214 0.0906589 -0.357148 -0.0420527 0.127609 
-0.369667 -0.059393 0.124619 -0.017282 0.0411617 0.093649 -0.00476252 0.058502 0.096639 
-0.374387 -0.030701 0.133958 -0.391626 -0.0193492 0.140307 0.00775699 0.0758423 0.0996291 
0.0202765 0.0931826 0.102619 -0.378973 0.00804661 0.162408 -0.366587 0.0153314 0.146287 
-0.379107 -0.00200894 0.143297 0.032796 0.110523 0.105609 0.0453155 0.127863 0.108599 
-0.31179 0.0560005 0.148908 -0.324309 0.0386602 0.145918 -0.354068 0.0326717 0.149277 
0.0405958 0.156555 0.117938 -0.28675 0.0906811 0.154888 -0.29927 0.0733408 0.151898 
0.0233566 0.167907 0.124287 0.0234902 0.177963 0.143399 -0.00640217 0.161918 0.127647 
-0.00626853 0.171974 0.146758 -0.0361609 0.15593 0.131006 -0.0659197 0.149941 0.134365 
-0.0956784 0.143953 0.137724 -0.125437 0.137964 0.141083 -0.125304 0.14802 0.160194 
-0.142676 0.149316 0.147432 -0.21458 0.130054 0.170271 -0.202194 0.137339 0.15415 
-0.214713 0.119999 0.15116 -0.244472 0.11401 0.154519 -0.244339 0.124066 0.17363 
-0.274231 0.108021 0.157878 -0.159916 0.160668 0.153781 -0.189674 0.154679 0.15714 
-0.0973862 -0.0542992 0.0468257 -0.0848666 -0.0369589 0.0498158 -0.127145 -0.0602877 0.0501848 
-0.156904 -0.0662763 0.0535439 -0.186662 -0.0722649 0.0569029 -0.216421 -0.0782534 0.060262 
-0.24618 -0.084242 0.0636211 -0.275939 -0.0902305 0.0669801 -0.305564 -0.0861635 0.0894503 
-0.305697 -0.0962191 0.0703392 -0.322937 -0.0848673 0.0766883 -0.0723471 -0.0196186 0.0528058 
-0.0598276 -0.00227828 0.0557959 -0.340176 -0.0735156 0.0830374 -0.369935 -0.0795041 0.0863965 
-0.387174 -0.0681524 0.0927456 -0.0473081 0.015062 0.0587859 -0.0347886 0.0324023 0.061776 
-0.362135 -0.0334718 0.0987257 -0.374654 -0.0508121 0.0957357 0.00762335 0.0657867 0.080518 
0.00748969 0.0557312 0.0614069 0.0200092 0.0730715 0.064397 -0.0222691 0.0497426 0.064766 
-0.379374 -0.02212 0.105075 -0.396613 -0.0107683 0.111424 0.0152895 0.101764 0.0737362 
-0.371574 0.0239123 0.117404 -0.384094 0.00657203 0.114414 0.027809 0.119104 0.0767262 
0.0403285 0.136444 0.0797163 -0.299404 0.0632853 0.132787 -0.287018 0.0705701 0.116666 
-0.299537 0.0532297 0.113676 -0.329296 0.0472412 0.117035 -0.359055 0.0412526 0.120394 
0.0230893 0.147796 0.0860654 0.0232229 0.157851 0.105176 -0.00666947 0.141807 0.0894244 
-0.00653582 0.151863 0.108536 -0.0364282 0.135819 0.0927835 -0.0362946 0.145874 0.111895 
-0.066187 0.12983 0.0961426 -0.0660533 0.139886 0.115254 -0.0959457 0.123842 0.0995016 
-0.0958121 0.133897 0.118613 -0.113185 0.135193 0.105851 -0.274365 0.0979659 0.138767 
-0.261979 0.105251 0.122646 -0.274498 0.0879104 0.119656 -0.130424 0.146545 0.1122 
-0.160183 0.140557 0.115559 -0.160049 0.150612 0.13467 -0.189942 0.134568 0.118918 
-0.189808 0.144624 0.138029 -0.2197 0.12858 0.122277 -0.249459 0.122591 0.125636 
-0.10224 -0.0356627 0.0370538 -0.119612 -0.0343665 0.0242919 -0.132132 -0.0517068 0.0213018 
-0.161891 -0.0576953 0.0246609 -0.191649 -0.0636839 0.0280199 -0.221408 -0.0696724 0.031379 
-0.251167 -0.075661 0.0347381 -0.280926 -0.0816496 0.0380972 -0.310684 -0.0876381 0.0414562 
-0.327924 -0.0762864 0.0478053 -0.0773341 -0.0110376 0.0239228 -0.0648146 0.00630269 0.0269129 
-0.107093 -0.0170262 0.0272819 -0.345163 -0.0649346 0.0541544 -0.374922 -0.0709232 0.0575135 
-0.392161 -0.0595714 0.0638626 -0.0522951 0.023643 0.0299029 -0.0397756 0.0409833 0.032893 
-0.379508 -0.0321756 0.0859637 -0.396881 -0.0308794 0.0732018 0.00250268 0.0643122 0.032524 
0.0150222 0.0816525 0.035514 -0.0272561 0.0583236 0.035883 -0.413986 -0.00947207 0.098662 
-0.41412 -0.0195276 0.0795509 -0.431359 -0.00817586 0.0859 0.0276754 0.109048 0.0576151 
0.0275417 0.0989928 0.0385041 0.0400612 0.116333 0.0414941 -0.376561 0.0324933 0.0885211 
-0.389081 0.015153 0.085531 -0.41884 0.00916444 0.0888901 0.0229556 0.13774 0.0669543 
0.022822 0.127685 0.0478432 0.00558275 0.139037 0.0541923 -0.0365619 0.125763 0.0736724 
-0.024176 0.133048 0.0575514 -0.0366955 0.115708 0.0545614 -0.0664543 0.109719 0.0579204 
-0.0663206 0.119775 0.0770315 -0.0836935 0.121071 0.0642695 -0.292005 0.079151 0.087783 
-0.304524 0.0618107 0.084793 -0.334283 0.0558222 0.088152 -0.364042 0.0498336 0.0915111 
-0.0116565 0.150388 0.0605415 -0.100933 0.132423 0.0706187 -0.130692 0.126434 0.0739777 
-0.130558 0.13649 0.0930888 -0.147931 0.137786 0.0803268 -0.266966 0.113832 0.0937631 
-0.279485 0.0964913 0.0907731 -0.16517 0.149138 0.086676 -0.194929 0.143149 0.090035 
-0.224687 0.13716 0.0933941 -0.254446 0.131172 0.0967532 -0.136985 -0.0330703 0.0115299 
-0.154358 -0.0317741 -0.00123205 -0.166878 -0.0491144 -0.0042221 -0.196636 -0.0551029 -0.000863032 
-0.226395 -0.0610915 0.00249604 -0.256154 -0.06708 0.00585511 -0.285913 -0.0730686 0.00921418 
-0.315671 -0.0790571 0.0125732 -0.332911 -0.0677054 0.0189224 -0.0524288 0.0135875 0.0107919 
-0.0525624 0.00353191 -0.00831921 -0.0400429 0.0208722 -0.00532915 -0.0823212 -0.00245665 -0.00496014 
-0.11208 -0.0084452 -0.00160107 -0.141839 -0.0144338 0.001758 -0.35015 -0.0563537 0.0252715 
-0.379775 -0.0522867 0.0477416 -0.367389 -0.0450019 0.0316206 0.00236903 0.0542566 0.0134129 
0.00223538 0.0442011 -0.00569818 0.0147549 0.0615414 -0.00270813 -0.0273897 0.0482681 0.016772 
-0.0275234 0.0382125 -0.00233911 -0.384628 -0.0336501 0.0379697 -0.401868 -0.0222984 0.0443188 
0.0274081 0.0889372 0.019393 0.0272744 0.0788817 0.000281921 0.0397939 0.096222 0.00327197 
-0.419107 -0.0109467 0.0506679 -0.448732 -0.00687965 0.0731381 -0.448866 -0.0169352 0.054027 
-0.466105 -0.00558345 0.0603761 0.0350742 0.124914 0.0126111 -0.364175 0.0397781 0.0724 
-0.35179 0.0470628 0.056279 -0.364309 0.0297225 0.053289 -0.394068 0.023734 0.056648 
-0.423827 0.0177454 0.0600071 -0.453585 0.0117569 0.0633662 0.017835 0.136266 0.0189602 
-0.0119238 0.130277 0.0223193 -0.0117901 0.140333 0.0414304 -0.0416825 0.124289 0.0256784 
-0.0714413 0.1183 0.0290374 -0.1012 0.112312 0.0323965 -0.101066 0.122367 0.0515076 
-0.118439 0.123663 0.0387456 -0.296992 0.087732 0.0589 -0.309511 0.0703917 0.05591 
-0.33927 0.0644031 0.0592691 -0.135679 0.135015 0.0450947 -0.165437 0.129027 0.0484538 
-0.165304 0.139082 0.0675649 -0.195196 0.123038 0.0518129 -0.195062 0.133094 0.070924 
-0.212435 0.13439 0.058162 -0.25458 0.121116 0.0776421 -0.242194 0.128401 0.0615211 
-0.254714 0.111061 0.058531 -0.284472 0.105072 0.0618901 -0.229675 0.145741 0.0645111 
-0.171865 -0.0405334 -0.0331051 -0.159345 -0.0231931 -0.030115 -0.201623 -0.046522 -0.029746 
-0.231382 -0.0525105 -0.0263869 -0.261141 -0.0584991 -0.0230279 -0.2909 -0.0644876 -0.0196688 
-0.320659 -0.0704762 -0.0163097 -0.337898 -0.0591244 -0.00996062 -0.0575494 0.0121129 -0.0372022 
-0.0450299 0.0294532 -0.0342121 -0.0873082 0.00612432 -0.0338431 -0.117067 0.000135763 -0.030484 
-0.146826 -0.00585279 -0.027125 -0.355003 -0.0377171 0.0154996 -0.342617 -0.0304324 -0.000621452 
0.0271408 0.0688261 -0.0188292 0.0270071 0.0587706 -0.0379402 0.0395266 0.0761109 -0.0349502 
-0.00275164 0.052782 -0.0345811 -0.0325104 0.0467935 -0.0312221 -0.359857 -0.0190806 0.00572767 
-0.389482 -0.0150136 0.0281978 -0.377096 -0.00772888 0.0120768 0.0348069 0.104803 -0.025611 
-0.394335 0.00362288 0.0184259 -0.424094 -0.00236569 0.021785 -0.453719 0.0017013 0.0442551 
-0.441333 0.00898607 0.0281341 0.0300872 0.133495 -0.0162718 -0.0120574 0.120222 0.00320825 
0.000328434 0.127506 -0.0129128 -0.0121911 0.110166 -0.0159028 -0.0419498 0.104178 -0.0125438 
-0.0418162 0.114233 0.00656731 -0.0591891 0.115529 -0.00619464 -0.356777 0.0556438 0.027396 
-0.369296 0.0383035 0.024406 -0.399055 0.0323149 0.0277651 -0.428814 0.0263264 0.0311241 
0.012848 0.144847 -0.00992273 -0.0764283 0.126881 0.000154478 -0.106187 0.120893 0.00351355 
-0.123426 0.132244 0.00986266 -0.284606 0.0950167 0.042779 -0.27222 0.102302 0.026658 
-0.28474 0.0849612 0.023668 -0.314498 0.0789726 0.027027 -0.344257 0.0729841 0.0303861 
-0.140666 0.143596 0.0162118 -0.170424 0.137607 0.0195708 -0.200183 0.131619 0.0229299 
-0.229942 0.12563 0.026289 -0.229808 0.135686 0.0454001 -0.259701 0.119642 0.029648 
-0.176718 -0.0218969 -0.042877 -0.194091 -0.0206007 -0.0556389 -0.206611 -0.037941 -0.058629 
-0.236369 -0.0439295 -0.0552699 -0.266128 -0.0499181 -0.0519108 -0.295887 -0.0559067 -0.0485518 
-0.325646 -0.0618952 -0.0451927 -0.342885 -0.0505435 -0.0388436 -0.032644 0.0367379 -0.0503332 
-0.0327777 0.0266824 -0.0694442 -0.0202582 0.0440227 -0.0664542 -0.0625364 0.0206938 -0.0660851 
-0.0922952 0.0147053 -0.0627261 -0.122054 0.00871673 -0.059367 -0.151813 0.00272817 -0.0560079 
-0.181571 -0.00326038 -0.0526489 -0.347604 -0.0218514 -0.0295044 0.0220201 0.0673516 -0.0668232 
0.0345396 0.0846919 -0.0638331 -0.00773865 0.061363 -0.0634641 -0.364844 -0.0104997 -0.0231553 
-0.382083 0.00085209 -0.0168062 0.0471928 0.112088 -0.041732 0.0470591 0.102032 -0.0608431 
0.0595787 0.119372 -0.0578531 -0.399322 0.0122038 -0.0104571 -0.429081 0.00621528 -0.007098 
-0.44632 0.017567 -0.000748896 0.0423394 0.130724 -0.0515039 0.0251002 0.142076 -0.0451548 
-0.00465858 0.136087 -0.0417957 -0.0171781 0.118747 -0.0447858 -0.0469369 0.112759 -0.0414267 
-0.0766956 0.10677 -0.0380677 -0.076562 0.116826 -0.0189566 -0.0939348 0.118122 -0.0317185 
-0.314632 0.0689171 0.00791594 -0.302246 0.0762019 -0.00820507 -0.314766 0.0588616 -0.0111951 
-0.344524 0.052873 -0.00783605 -0.344391 0.0629285 0.011275 -0.374283 0.0468844 -0.00447698 
-0.404042 0.0408959 -0.00111791 -0.433801 0.0349073 0.00224115 0.00786094 0.153428 -0.0388057 
-0.111174 0.129473 -0.0253694 -0.128413 0.140825 -0.0190203 -0.277207 0.110882 -0.00222497 
-0.289727 0.0935422 -0.00521502 -0.145653 0.152177 -0.0126712 -0.175411 0.146188 -0.00931213 
-0.20517 0.1402 -0.00595306 -0.234929 0.134211 -0.002594 -0.264688 0.128223 0.000765075 
-0.211598 -0.02936 -0.087512 -0.199078 -0.0120197 -0.0845219 -0.241356 -0.0353486 -0.0841529 
-0.271115 -0.0413371 -0.0807938 -0.300874 -0.0473257 -0.0774347 -0.330633 -0.0533142 -0.0740757 
-0.347872 -0.0419625 -0.0677266 0.0218865 0.057296 -0.0859343 0.0217528 0.0472405 -0.105045 
0.0342723 0.0645808 -0.102055 -0.0078723 0.0513075 -0.0825752 -0.00800595 0.0412519 -0.101686 
-0.0377647 0.0352634 -0.0983272 -0.0675235 0.0292748 -0.0949681 -0.0972822 0.0232862 -0.0916091 
-0.127041 0.0172977 -0.08825 -0.1568 0.0113091 -0.0848909 -0.186558 0.00532058 -0.0815319 
-0.352591 -0.0132704 -0.0583874 0.0469255 0.0919766 -0.0799542 0.0467918 0.0819211 -0.0990652 
0.0593114 0.0992614 -0.0960752 -0.369831 -0.00191869 -0.0520383 -0.38707 0.00943306 -0.0456892 
0.0545916 0.127953 -0.086736 -0.404309 0.0207848 -0.0393401 -0.433934 0.0248518 -0.0168699 
-0.421548 0.0321366 -0.0329909 0.0373524 0.139305 -0.0803869 0.00759364 0.133317 -0.0770278 
0.00772729 0.143372 -0.0579168 -0.0221651 0.127328 -0.0736688 -0.0519239 0.12134 -0.0703097 
-0.0816826 0.115351 -0.0669506 -0.0989219 0.126703 -0.0606015 -0.307233 0.0847828 -0.037088 
-0.319753 0.0674425 -0.0400781 -0.349511 0.061454 -0.036719 -0.37927 0.0554654 -0.03336 
-0.409029 0.0494769 -0.0300009 -0.116161 0.138054 -0.0542524 -0.1334 0.149406 -0.0479033 
-0.264821 0.118167 -0.018346 -0.252435 0.125452 -0.034467 -0.264955 0.108112 -0.0374571 
-0.294714 0.102123 -0.034098 -0.15064 0.160758 -0.0415542 -0.180398 0.154769 -0.0381951 
-0.210157 0.148781 -0.034836 -0.239916 0.142792 -0.031477 -0.0378984 0.0252078 -0.117438 
-0.038032 0.0151523 -0.136549 -0.0255125 0.0324926 -0.133559 -0.0552712 0.026504 -0.1302 
-0.216585 -0.0207791 -0.116395 -0.204065 -0.00343875 -0.113405 -0.246343 -0.0267676 -0.113036 
-0.276102 -0.0327562 -0.109677 -0.305861 -0.0387447 -0.106318 -0.33562 -0.0447333 -0.102959 
-0.352859 -0.0333815 -0.0966095 0.0466582 0.0718655 -0.118176 0.0465245 0.06181 -0.137287 
0.0590441 0.0791503 -0.134297 0.0167658 0.0558214 -0.133928 -0.012993 0.0498329 -0.130569 
-0.0725105 0.0378558 -0.123851 -0.102269 0.0318672 -0.120492 -0.132028 0.0258787 -0.117133 
-0.161787 0.0198901 -0.113774 -0.191545 0.0139015 -0.110415 -0.357578 -0.00468947 -0.0872704 
0.0716972 0.106546 -0.112196 0.0715636 0.0964906 -0.131307 0.0840831 0.113831 -0.128317 
-0.374818 0.00666227 -0.0809213 -0.392057 0.018014 -0.0745721 0.0668439 0.125183 -0.121968 
0.0496046 0.136534 -0.115619 0.00745999 0.123261 -0.0961389 0.0198459 0.130546 -0.11226 
0.00732634 0.113206 -0.11525 -0.0224324 0.107217 -0.111891 -0.0222988 0.117273 -0.0927798 
-0.0396717 0.118569 -0.105542 -0.409296 0.0293658 -0.068223 -0.426535 0.0407175 -0.0618739 
0.0323654 0.147886 -0.10927 -0.0569109 0.12992 -0.0991927 -0.0866696 0.123932 -0.0958336 
-0.103909 0.135284 -0.0894845 -0.31222 0.0933638 -0.065971 -0.32474 0.0760235 -0.0689611 
-0.354498 0.0700349 -0.065602 -0.384257 0.0640464 -0.0622429 -0.414016 0.0580578 -0.0588839 
-0.121148 0.146635 -0.0831354 -0.150907 0.140647 -0.0797763 -0.150773 0.150702 -0.0606652 
-0.168146 0.151999 -0.0734272 -0.257422 0.134033 -0.06335 -0.269942 0.116693 -0.0663401 
-0.299701 0.110704 -0.062981 -0.185385 0.16335 -0.0670781 -0.215144 0.157362 -0.063719 
-0.244903 0.151373 -0.06036 -0.276236 -0.0428117 -0.128788 -0.276369 -0.0528673 -0.147899 
-0.26385 -0.035527 -0.144909 -0.293609 -0.0415155 -0.14155 -0.0131266 0.0397773 -0.14968 
-0.0132603 0.0297218 -0.168791 -0.000740749 0.0470621 -0.165801 -0.043019 0.0237332 -0.165432 
-0.0726441 0.0278002 -0.142962 -0.0727778 0.0177447 -0.162073 -0.090017 0.0290964 -0.155724 
-0.221572 -0.0121981 -0.145278 -0.209052 0.00514221 -0.142288 -0.25133 -0.0181866 -0.141919 
-0.310848 -0.0301638 -0.135201 -0.340607 -0.0361523 -0.131842 -0.357846 -0.0248006 -0.125493 
0.0714299 0.0864351 -0.150418 0.0712963 0.0763795 -0.169529 0.0838158 0.0937198 -0.166539 
0.0415375 0.070391 -0.16617 0.0117788 0.0644024 -0.162811 -0.107256 0.0404482 -0.149375 
-0.137015 0.0344596 -0.146016 -0.166774 0.0284711 -0.142657 -0.196533 0.0224825 -0.139298 
-0.362566 0.00389149 -0.116153 0.096469 0.121116 -0.144438 0.0963353 0.11106 -0.163549 
0.108855 0.1284 -0.160559 -0.379805 0.0152432 -0.109804 -0.397044 0.026595 -0.103455 
0.0916156 0.139752 -0.15421 0.0618568 0.133764 -0.150851 0.0320981 0.127775 -0.147492 
0.0322317 0.137831 -0.128381 0.00233932 0.121787 -0.144133 -0.0274194 0.115798 -0.140774 
-0.0446587 0.12715 -0.134425 -0.41415 0.0480023 -0.0779949 -0.401764 0.055287 -0.094116 
-0.0618979 0.138501 -0.128076 -0.0916567 0.132513 -0.124717 -0.108896 0.143865 -0.118367 
-0.299834 0.100649 -0.082092 -0.287448 0.107933 -0.0982131 -0.299968 0.090593 -0.101203 
-0.329727 0.0846045 -0.0978441 -0.359485 0.0786159 -0.094485 -0.389244 0.0726273 -0.0911259 
-0.126135 0.155216 -0.112018 -0.155894 0.149228 -0.108659 -0.185653 0.143239 -0.1053 
-0.185519 0.153295 -0.0861892 -0.215411 0.137251 -0.101941 -0.215278 0.147306 -0.0828301 
-0.24517 0.131262 -0.0985821 -0.245037 0.141318 -0.079471 -0.274929 0.125274 -0.095223 
-0.251464 -0.0282422 -0.16103 -0.251598 -0.0382977 -0.180141 -0.239078 -0.0209574 -0.177151 
-0.281356 -0.0442863 -0.176782 -0.298596 -0.0329345 -0.170433 0.0711626 0.066324 -0.188641 
0.071029 0.0562684 -0.207752 0.0835485 0.0736087 -0.204762 0.0414039 0.0603354 -0.185281 
0.0412702 0.0502799 -0.204392 0.0116451 0.0543469 -0.181922 0.0115115 0.0442913 -0.201033 
-0.0182473 0.0383028 -0.197674 -0.048006 0.0323142 -0.194315 -0.0777648 0.0263256 -0.190956 
-0.10739 0.0303926 -0.168486 -0.107524 0.0203371 -0.187597 -0.137149 0.0244041 -0.165127 
-0.137282 0.0143485 -0.184238 -0.166907 0.0184155 -0.161768 -0.167041 0.00835998 -0.180879 
-0.196666 0.012427 -0.158409 -0.1968 0.00237143 -0.17752 -0.226559 -0.00361713 -0.174161 
-0.315835 -0.0215828 -0.164084 -0.345594 -0.0275713 -0.160725 -0.362833 -0.0162196 -0.154376 
0.0962017 0.101005 -0.18266 0.096068 0.090949 -0.201771 0.108588 0.108289 -0.198781 
-0.380072 -0.00486785 -0.148026 -0.379938 0.0051877 -0.128915 -0.397311 0.0064839 -0.141677 
0.103868 0.136981 -0.189442 -0.414417 0.0278912 -0.116217 -0.414551 0.0178357 -0.135328 
-0.43179 0.0291874 -0.128979 0.0866286 0.148333 -0.183093 0.0568698 0.142345 -0.179734 
0.0271111 0.136356 -0.176375 -0.0026477 0.130367 -0.173016 -0.0324064 0.124379 -0.169657 
-0.0621652 0.11839 -0.166298 -0.0620316 0.128446 -0.147187 -0.0794044 0.129742 -0.159949 
-0.406751 0.063868 -0.122999 -0.41927 0.0465277 -0.125989 -0.0966437 0.141094 -0.1536 
-0.113883 0.152446 -0.14725 -0.292435 0.116514 -0.127096 -0.304955 0.099174 -0.130086 
-0.334714 0.0931854 -0.126727 -0.364472 0.0871969 -0.123368 -0.394231 0.0812083 -0.120009 
-0.131122 0.163797 -0.140901 -0.160881 0.157809 -0.137542 -0.19064 0.15182 -0.134183 
-0.220398 0.145832 -0.130824 -0.250157 0.139843 -0.127465 -0.279916 0.133855 -0.124106 
0.0708953 0.0462129 -0.226863 0.0707617 0.0361573 -0.245974 0.0832812 0.0534976 -0.242984 
0.0535224 0.0475091 -0.239625 -0.256585 -0.0297168 -0.209024 -0.244065 -0.0123765 -0.206034 
-0.286343 -0.0357053 -0.205665 -0.303583 -0.0243536 -0.199316 0.0959344 0.0808935 -0.220883 
0.0958007 0.0708379 -0.239994 0.10832 0.0881782 -0.237004 0.0362832 0.0588608 -0.233275 
0.00652445 0.0528723 -0.229916 -0.0232343 0.0468837 -0.226557 -0.0529931 0.0408952 -0.223198 
-0.0827518 0.0349066 -0.219839 -0.112511 0.0289181 -0.21648 -0.142269 0.0229295 -0.213121 
-0.172028 0.0169409 -0.209762 -0.201787 0.0109524 -0.206403 -0.231546 0.00496384 -0.203044 
-0.320822 -0.0130018 -0.192967 -0.350581 -0.0189904 -0.189608 -0.36782 -0.00763863 -0.183258 
0.120973 0.115574 -0.214902 0.12084 0.105519 -0.234014 0.133359 0.122859 -0.231023 
-0.385059 0.00371311 -0.176909 -0.402298 0.0150649 -0.17056 0.11612 0.134211 -0.224674 
0.0863613 0.128222 -0.221315 0.0864949 0.138278 -0.202204 0.0566025 0.122234 -0.217956 
0.0567362 0.132289 -0.198845 0.0268438 0.116245 -0.214597 0.0269774 0.1263 -0.195486 
-0.00291499 0.110256 -0.211238 -0.00278134 0.120312 -0.192127 -0.0201542 0.121608 -0.204889 
-0.419538 0.0264166 -0.164211 -0.436777 0.0377684 -0.157862 -0.0373935 0.13296 -0.19854 
-0.0671522 0.126971 -0.195181 -0.0843915 0.138323 -0.188832 -0.411738 0.072449 -0.151882 
-0.424257 0.0551087 -0.154872 -0.101631 0.149675 -0.182483 -0.131389 0.143686 -0.179123 
-0.131256 0.153742 -0.160012 -0.148629 0.155038 -0.172774 -0.297422 0.125095 -0.155979 
-0.309942 0.107755 -0.158969 -0.339701 0.101766 -0.15561 -0.36946 0.0957778 -0.152251 
-0.399218 0.0897893 -0.148892 -0.165868 0.16639 -0.166425 -0.195627 0.160401 -0.163066 
-0.225385 0.154413 -0.159707 -0.255144 0.148424 -0.156348 -0.284903 0.142436 -0.152989 
0.0956671 0.0607824 -0.259105 0.0955334 0.0507269 -0.278216 0.108053 0.0680672 -0.275226 
0.0657747 0.0447383 -0.274857 0.0361496 0.0488053 -0.252387 0.0360159 0.0387497 -0.271498 
0.0187767 0.0501015 -0.265148 -0.231679 -0.0050917 -0.222155 -0.231813 -0.0151472 -0.241266 
-0.219293 0.00219305 -0.238276 -0.261572 -0.0211358 -0.237907 -0.29133 -0.0271244 -0.234548 
-0.320956 -0.0230574 -0.212078 -0.321089 -0.0331129 -0.231189 -0.338328 -0.0217612 -0.22484 
0.120706 0.095463 -0.253125 0.120572 0.0854075 -0.272236 0.133092 0.102748 -0.269246 
0.00153743 0.0614532 -0.258799 -0.0282213 0.0554647 -0.25544 -0.0579801 0.0494761 -0.252081 
-0.0877388 0.0434876 -0.248722 -0.117498 0.037499 -0.245363 -0.147256 0.0315105 -0.242004 
-0.177015 0.0255219 -0.238645 -0.206774 0.0195334 -0.235286 -0.355568 -0.0104094 -0.218491 
-0.372807 0.000942336 -0.212141 0.128372 0.13144 -0.259906 -0.389912 0.0223496 -0.186681 
-0.377527 0.0296344 -0.202802 0.111133 0.142792 -0.253557 0.0813743 0.136803 -0.250198 
0.0516155 0.130814 -0.246839 0.0218567 0.124826 -0.24348 -0.00790201 0.118837 -0.240121 
-0.0376608 0.112849 -0.236762 -0.0375271 0.122904 -0.217651 -0.0549 0.124201 -0.230413 
-0.394632 0.0510417 -0.177342 -0.382246 0.0583264 -0.193463 -0.424391 0.0450531 -0.173983 
-0.0721392 0.135552 -0.224064 -0.101898 0.129564 -0.220705 -0.101764 0.139619 -0.201594 
-0.119137 0.140915 -0.214356 -0.399486 0.0696782 -0.187114 -0.416725 0.0810299 -0.180765 
-0.136376 0.152267 -0.208006 -0.153616 0.163619 -0.201657 -0.285037 0.13238 -0.1721 
-0.272651 0.139665 -0.188221 -0.28517 0.122324 -0.191211 -0.314929 0.116336 -0.187852 
-0.344688 0.110347 -0.184493 -0.374447 0.104359 -0.181134 -0.404205 0.0983702 -0.177775 
-0.170855 0.174971 -0.195308 -0.200614 0.168982 -0.191949 -0.230372 0.162994 -0.18859 
-0.260131 0.157005 -0.185231 -0.231947 -0.0252028 -0.260377 -0.23208 -0.0352583 -0.279488 
-0.219561 -0.017918 -0.276498 -0.249319 -0.0239066 -0.273139 0.120439 0.0753519 -0.291347 
0.120305 0.0652964 -0.310458 0.132825 0.0826367 -0.307468 0.0905464 0.0593078 -0.307099 
0.0607877 0.0533193 -0.30374 0.0310289 0.0473307 -0.300381 0.00140379 0.0513977 -0.27791 
0.00127014 0.0413422 -0.297022 -0.0159691 0.0526939 -0.290672 -0.0878725 0.033432 -0.267833 
-0.0880061 0.0233765 -0.286944 -0.0754866 0.0407168 -0.283954 -0.117631 0.0274435 -0.264474 
-0.117765 0.0173879 -0.283585 -0.14739 0.0214549 -0.261115 -0.147524 0.0113994 -0.280226 
-0.164763 0.0227511 -0.273877 -0.206907 0.00947781 -0.254397 -0.207041 -0.000577725 -0.273508 
-0.194522 0.0167626 -0.270518 -0.266559 -0.0125548 -0.26679 -0.296317 -0.0185434 -0.263431 
-0.326076 -0.024532 -0.260072 -0.343315 -0.0131802 -0.253723 0.145478 0.110033 -0.285367 
0.145344 0.099977 -0.304478 0.157864 0.117317 -0.301488 -0.0332083 0.0640457 -0.284323 
-0.0629671 0.0580571 -0.280964 -0.182002 0.0341029 -0.267528 -0.360555 -0.00182845 -0.247374 
-0.377794 0.0095233 -0.241024 0.140624 0.128669 -0.295139 0.110866 0.12268 -0.291779 
0.110999 0.132736 -0.272668 0.081107 0.116692 -0.28842 0.0812406 0.126747 -0.269309 
0.0513482 0.110703 -0.285061 0.0514819 0.120759 -0.26595 0.0215894 0.104715 -0.281702 
0.0217231 0.11477 -0.262591 0.0043502 0.116067 -0.275353 -0.365141 0.0369192 -0.218923 
-0.352755 0.0442039 -0.235044 -0.365274 0.0268636 -0.238034 -0.012889 0.127418 -0.269004 
-0.0426478 0.12143 -0.265645 -0.059887 0.132782 -0.259296 -0.36986 0.0656112 -0.209584 
-0.357475 0.072896 -0.225705 -0.0771263 0.144133 -0.252947 -0.106885 0.138145 -0.249588 
-0.124124 0.149496 -0.243239 -0.374714 0.0842477 -0.219356 -0.404339 0.0883147 -0.196886 
-0.391953 0.0955995 -0.213007 -0.141363 0.160848 -0.236889 -0.171122 0.15486 -0.23353 
-0.170989 0.164915 -0.214419 -0.200881 0.148871 -0.230171 -0.200747 0.158927 -0.21106 
-0.23064 0.142883 -0.226812 -0.230506 0.152938 -0.207701 -0.260399 0.136894 -0.223453 
-0.260265 0.14695 -0.204342 -0.290157 0.130905 -0.220094 -0.319916 0.124917 -0.216735 
-0.349675 0.118928 -0.213376 -0.379433 0.11294 -0.210017 0.120172 0.0552408 -0.329569 
0.120038 0.0451853 -0.34868 0.132557 0.0625256 -0.34569 0.102799 0.056537 -0.342331 
-0.237067 -0.0266774 -0.308371 -0.224548 -0.00933706 -0.305381 -0.266692 -0.0226104 -0.285901 
-0.266826 -0.0326659 -0.305012 -0.284065 -0.0213142 -0.298663 0.145211 0.0899214 -0.323589 
0.145077 0.0798659 -0.3427 0.157596 0.0972062 -0.33971 0.0855594 0.0678888 -0.335982 
0.0558006 0.0619002 -0.332623 0.0260419 0.0559117 -0.329264 -0.00371688 0.0499231 -0.325904 
-0.033342 0.0539901 -0.303434 -0.0334756 0.0439346 -0.322545 -0.0631007 0.0480016 -0.300075 
-0.0632344 0.037946 -0.319186 -0.0929931 0.0319575 -0.315827 -0.122752 0.0259689 -0.312468 
-0.152511 0.0199804 -0.309109 -0.182136 0.0240473 -0.286639 -0.182269 0.0139918 -0.30575 
-0.212028 0.00800324 -0.302391 -0.301304 -0.00996243 -0.292314 -0.331063 -0.015951 -0.288955 
-0.348302 -0.00459923 -0.282606 0.152877 0.125898 -0.330371 -0.365408 0.0168081 -0.257145 
-0.353022 0.0240928 -0.273266 0.135637 0.13725 -0.324022 0.105879 0.131261 -0.320662 
0.0761199 0.125273 -0.317303 0.0463612 0.119284 -0.313944 0.0166024 0.113296 -0.310585 
-0.0131563 0.107307 -0.307226 -0.0130227 0.117363 -0.288115 -0.0303956 0.118659 -0.300877 
-0.357742 0.0527849 -0.263927 -0.0476348 0.130011 -0.294528 -0.0773936 0.124022 -0.291169 
-0.0772599 0.134078 -0.272058 -0.0946328 0.135374 -0.28482 -0.374981 0.0641366 -0.257578 
-0.374847 0.0741922 -0.238467 -0.39222 0.0754884 -0.251229 -0.434365 0.0622151 -0.231749 
-0.434499 0.0521595 -0.25086 -0.421979 0.0694998 -0.24787 -0.464124 0.0562265 -0.22839 
-0.464257 0.046171 -0.247501 -0.481497 0.0575227 -0.241152 -0.111872 0.146726 -0.278471 
-0.141631 0.140737 -0.275112 -0.141497 0.150793 -0.256 -0.15887 0.152089 -0.268762 
-0.32005 0.114861 -0.235846 -0.307664 0.122146 -0.251967 -0.320183 0.104806 -0.254957 
-0.349942 0.0988172 -0.251598 -0.349808 0.108873 -0.232487 -0.379701 0.0928287 -0.248239 
-0.379567 0.102884 -0.229128 -0.439218 0.0808516 -0.241521 -0.468977 0.074863 -0.238162 
-0.176109 0.163441 -0.262413 -0.205868 0.157452 -0.259054 -0.235627 0.151464 -0.255695 
-0.265386 0.145475 -0.252336 -0.295144 0.139486 -0.248977 -0.237201 -0.0367329 -0.327482 
-0.237334 -0.0467885 -0.346593 -0.224815 -0.0294481 -0.343603 -0.254574 -0.0354367 -0.340244 
0.144943 0.0698104 -0.361811 0.14481 0.0597548 -0.380922 0.157329 0.0770951 -0.377932 
0.115051 0.0537663 -0.377563 0.0854257 0.0578332 -0.355093 0.0852921 0.0477777 -0.374204 
0.055667 0.0518447 -0.351734 0.0555333 0.0417892 -0.370845 0.0259082 0.0458561 -0.348375 
0.0257746 0.0358006 -0.367486 0.00853534 0.0471523 -0.361137 -0.0336093 0.033879 -0.341656 
-0.0337429 0.0238235 -0.360768 -0.0212234 0.0411638 -0.357778 -0.063368 0.0278905 -0.338297 
-0.0635017 0.0178349 -0.357408 -0.0931268 0.0219019 -0.334938 -0.0932604 0.0118464 -0.354049 
-0.122886 0.0159134 -0.331579 -0.123019 0.00585783 -0.35069 -0.152644 0.0099248 -0.32822 
-0.152778 -0.000130728 -0.347331 -0.182403 0.00393624 -0.324861 -0.182537 -0.00611928 -0.343972 
-0.212162 -0.00205231 -0.321502 -0.212295 -0.0121078 -0.340613 -0.271813 -0.0240849 -0.333895 
-0.289052 -0.0127332 -0.327546 0.169982 0.104491 -0.355831 0.169849 0.0944354 -0.374942 
0.182368 0.111776 -0.371952 -0.0087039 0.0585041 -0.354787 -0.306291 -0.00138146 -0.321197 
-0.33605 -0.00737002 -0.317838 -0.353289 0.00398173 -0.311489 0.165129 0.123127 -0.365603 
0.13537 0.117139 -0.362244 0.135504 0.127194 -0.343133 0.105611 0.11115 -0.358885 
0.105745 0.121206 -0.339773 0.0758526 0.105162 -0.355525 0.0759863 0.115217 -0.336414 
0.0460939 0.0991732 -0.352166 0.0462275 0.109229 -0.333055 0.0288547 0.110525 -0.345817 
-0.358009 0.0326738 -0.302149 0.0116154 0.121877 -0.339468 -0.0181433 0.115888 -0.336109 
-0.0479021 0.1099 -0.33275 -0.0477684 0.119955 -0.313639 -0.0651413 0.121251 -0.326401 
-0.375248 0.0440255 -0.2958 -0.375115 0.0540811 -0.276689 -0.392488 0.0553773 -0.289451 
-0.0823806 0.132603 -0.320052 -0.0996198 0.143955 -0.313703 -0.409593 0.0767846 -0.263991 
-0.409727 0.066729 -0.283102 -0.439486 0.0607405 -0.279743 -0.469111 0.0648075 -0.257273 
-0.456725 0.0720922 -0.273394 -0.116859 0.155307 -0.307354 -0.146618 0.149318 -0.303995 
-0.176377 0.14333 -0.300635 -0.176243 0.153385 -0.281524 -0.206135 0.137341 -0.297276 
-0.206002 0.147397 -0.278165 -0.223375 0.148693 -0.290927 -0.265519 0.135419 -0.271447 
-0.253133 0.142704 -0.287568 -0.265653 0.125364 -0.290558 -0.295412 0.119375 -0.287199 
-0.295278 0.129431 -0.268088 -0.32517 0.113387 -0.28384 -0.354929 0.107398 -0.280481 
-0.384688 0.10141 -0.277122 -0.414447 0.0954211 -0.273763 -0.444205 0.0894325 -0.270404 
-0.240614 0.160044 -0.284578 0.174435 0.0556878 -0.403392 0.174301 0.0456323 -0.422503 
0.186821 0.0629726 -0.419513 0.157062 0.056984 -0.416154 -0.18267 -0.0161748 -0.363083 
-0.182804 -0.0262304 -0.382194 -0.170284 -0.00889007 -0.379204 -0.212429 -0.0221634 -0.359724 
-0.212563 -0.0322189 -0.378835 -0.242322 -0.0382075 -0.375476 -0.259561 -0.0268557 -0.369127 
0.169715 0.0843799 -0.394053 0.182101 0.0916646 -0.410174 0.139823 0.0683358 -0.409805 
0.110064 0.0623472 -0.406446 0.0803051 0.0563587 -0.403087 0.0505463 0.0503701 -0.399728 
0.0207876 0.0443816 -0.396369 -0.00883754 0.0484485 -0.373899 -0.00897119 0.038393 -0.39301 
-0.0387299 0.0324045 -0.389651 -0.0684887 0.0264159 -0.386291 -0.0982475 0.0204273 -0.382932 
-0.128006 0.0144388 -0.379573 -0.157765 0.00845024 -0.376214 -0.2768 -0.015504 -0.362778 
-0.294039 -0.00415224 -0.356429 0.177381 0.120357 -0.400835 -0.311278 0.00719951 -0.35008 
-0.340904 0.0112665 -0.32761 -0.328518 0.0185513 -0.343731 0.160142 0.131708 -0.394486 
0.130383 0.12572 -0.391127 0.100624 0.119731 -0.387768 0.0708656 0.113743 -0.384409 
0.0411069 0.107754 -0.381049 0.0113481 0.101766 -0.37769 0.0114818 0.111821 -0.358579 
-0.00589113 0.113117 -0.371341 -0.345623 0.0399585 -0.31827 -0.333237 0.0472433 -0.334392 
-0.0231304 0.124469 -0.364992 -0.0528891 0.118481 -0.361633 -0.0701284 0.129832 -0.355284 
-0.350343 0.0686506 -0.308931 -0.337957 0.0759354 -0.325052 -0.380102 0.062662 -0.305572 
-0.0873676 0.141184 -0.348935 -0.117126 0.135196 -0.345576 -0.116993 0.145251 -0.326465 
-0.134366 0.146547 -0.339227 -0.355196 0.0872871 -0.318703 -0.384955 0.0812986 -0.315344 
-0.41458 0.0853655 -0.292874 -0.402194 0.0926503 -0.308995 -0.444339 0.079377 -0.289515 
-0.151605 0.157899 -0.332877 -0.181364 0.15191 -0.329518 -0.211122 0.145922 -0.326159 
-0.240881 0.139933 -0.3228 -0.240747 0.149989 -0.303689 -0.27064 0.133945 -0.319441 
-0.300399 0.127956 -0.316082 -0.330157 0.121968 -0.312723 -0.359916 0.115979 -0.309364 
-0.389675 0.109991 -0.306005 -0.182938 -0.0362859 -0.401305 -0.183071 -0.0463415 -0.420417 
-0.170552 -0.0290012 -0.417426 -0.200311 -0.0349897 -0.414067 0.169314 0.0542133 -0.451386 
0.181834 0.0715536 -0.448396 0.139689 0.0582802 -0.428916 0.139555 0.0482247 -0.448027 
0.10993 0.0522917 -0.425557 0.109797 0.0422361 -0.444668 0.0801714 0.0463031 -0.422198 
0.0800378 0.0362476 -0.441309 0.0504127 0.0403146 -0.418839 0.050279 0.030259 -0.43795 
0.0206539 0.034326 -0.41548 0.0205203 0.0242705 -0.434591 -0.00910484 0.0283375 -0.412121 
-0.00923849 0.0182819 -0.431232 -0.0388636 0.0223489 -0.408762 -0.0389972 0.0122934 -0.427873 
-0.0686224 0.0163604 -0.405403 -0.068756 0.00630481 -0.424514 -0.0983811 0.0103718 -0.402043 
-0.0985148 0.000316259 -0.421155 -0.12814 0.00438324 -0.398684 -0.128274 -0.0056723 -0.417796 
-0.157899 -0.00160531 -0.395325 -0.158032 -0.0116608 -0.414436 -0.21755 -0.023638 -0.407718 
-0.247309 -0.0296265 -0.404359 -0.264548 -0.0182748 -0.39801 0.177114 0.100246 -0.439057 
-0.281787 -0.00692302 -0.391661 -0.299026 0.00442872 -0.385312 0.159875 0.111597 -0.432708 
0.160008 0.121653 -0.413597 0.130116 0.105609 -0.429349 0.13025 0.115664 -0.410238 
0.100357 0.0996202 -0.42599 0.100491 0.109676 -0.406879 0.0705983 0.0936317 -0.422631 
0.070732 0.103687 -0.40352 0.0533591 0.104983 -0.416281 -0.316265 0.0157805 -0.378963 
-0.333505 0.0271322 -0.372614 0.0361199 0.116335 -0.409932 0.00636111 0.110347 -0.406573 
-0.0233977 0.104358 -0.403214 -0.023264 0.114414 -0.384103 -0.0406369 0.11571 -0.396865 
-0.338224 0.0558243 -0.363274 -0.0578761 0.127062 -0.390516 -0.0876349 0.121073 -0.387157 
-0.0875012 0.131129 -0.368046 -0.104874 0.132425 -0.380808 -0.325571 0.0832201 -0.341173 
-0.313185 0.0905049 -0.357294 -0.325705 0.0731646 -0.360284 -0.122113 0.143777 -0.374459 
-0.151872 0.137788 -0.3711 -0.151738 0.147844 -0.351989 -0.181631 0.131799 -0.367741 
-0.181497 0.141855 -0.34863 -0.21139 0.125811 -0.364382 -0.211256 0.135866 -0.34527 
-0.241148 0.119822 -0.361022 -0.241015 0.129878 -0.341911 -0.270907 0.113834 -0.357663 
-0.270774 0.123889 -0.338552 -0.300666 0.107845 -0.354304 -0.300532 0.117901 -0.335193 
-0.330291 0.111912 -0.331834 -0.36005 0.105924 -0.328475 -0.389809 0.0999351 -0.325116 
0.198939 0.0501463 -0.473856 0.198805 0.0400907 -0.492967 0.211325 0.057431 -0.489977 
0.16918 0.0441577 -0.470497 0.169047 0.0341022 -0.489608 0.139422 0.0381691 -0.467138 
0.139288 0.0281136 -0.486249 0.109663 0.0321806 -0.463779 0.109529 0.0221251 -0.48289 
0.0799041 0.026192 -0.46042 0.0797705 0.0161365 -0.479531 0.0501454 0.0202035 -0.457061 
0.0500117 0.0101479 -0.476172 0.0203866 0.0142149 -0.453702 0.020253 0.00415939 -0.472813 
0.00301373 0.0155111 -0.466464 -0.0391309 0.00223782 -0.446984 -0.0392645 -0.00781772 -0.466095 
-0.026745 0.00952258 -0.463105 -0.0688896 -0.00375074 -0.443625 -0.0690233 -0.0138063 -0.462736 
-0.0986484 -0.00973929 -0.440266 -0.0987821 -0.0197948 -0.459377 -0.128407 -0.0157278 -0.436907 
-0.128541 -0.0257834 -0.456018 -0.158166 -0.0217164 -0.433547 -0.1583 -0.0317719 -0.452659 
-0.188058 -0.0377605 -0.449299 -0.205298 -0.0264087 -0.44295 0.194219 0.0788383 -0.464517 
0.206605 0.0861231 -0.480638 -0.0142255 0.0268629 -0.460115 -0.222537 -0.015057 -0.436601 
-0.252296 -0.0210456 -0.433242 -0.269535 -0.0096938 -0.426893 0.189366 0.0974748 -0.474289 
0.172127 0.108827 -0.46794 -0.286774 0.00165795 -0.420544 -0.304013 0.0130097 -0.414195 
0.154888 0.120178 -0.461591 0.125129 0.11419 -0.458232 0.0953701 0.108201 -0.454873 
0.0656113 0.102213 -0.451514 0.0358526 0.0962241 -0.448155 0.0359862 0.10628 -0.429043 
0.0186133 0.107576 -0.441805 -0.321119 0.034417 -0.388735 -0.308733 0.0417017 -0.404856 
0.00137408 0.118928 -0.435456 -0.0283847 0.112939 -0.432097 -0.0581434 0.10695 -0.428738 
-0.0580098 0.117006 -0.409627 -0.0753827 0.118302 -0.422389 -0.325972 0.0530535 -0.398507 
-0.343211 0.0644052 -0.392157 -0.0926219 0.129654 -0.41604 -0.122381 0.123665 -0.412681 
-0.122247 0.133721 -0.39357 -0.152139 0.117677 -0.409322 -0.152006 0.127732 -0.390211 
-0.169379 0.129029 -0.402973 -0.330558 0.0918011 -0.370056 -0.347931 0.0930973 -0.382818 
-0.186618 0.14038 -0.396624 -0.216377 0.134392 -0.393264 -0.246135 0.128403 -0.389905 
-0.275894 0.122415 -0.386546 -0.305653 0.116426 -0.383187 -0.335412 0.110438 -0.379828 
0.168913 0.0240466 -0.508719 0.168779 0.0139911 -0.52783 0.181299 0.0313314 -0.52484 
0.139154 0.0180581 -0.50536 0.139021 0.00800252 -0.524471 0.109396 0.0120695 -0.502001 
0.109262 0.00201397 -0.521112 0.0796368 0.00608095 -0.498642 0.0795032 -0.00397459 -0.517753 
0.0498781 9.2398e-05 -0.495283 0.0497444 -0.00996314 -0.514394 0.0201193 -0.00589616 -0.491924 
0.0199857 -0.0159517 -0.511035 0.00274644 -0.00459995 -0.504686 -0.0393982 -0.0178733 -0.485206 
-0.0395318 -0.0279288 -0.504317 -0.0270123 -0.0105885 -0.501327 -0.0691569 -0.0238618 -0.481847 
-0.0692906 -0.0339174 -0.500958 -0.0989157 -0.0298504 -0.478488 -0.0990494 -0.0399059 -0.497599 
-0.128674 -0.0358389 -0.475129 -0.128808 -0.0458945 -0.49424 -0.158433 -0.0418275 -0.47177 
-0.158567 -0.051883 -0.490881 -0.175806 -0.0405313 -0.484532 0.193818 0.0486717 -0.52185 
0.206338 0.066012 -0.51886 -0.0143591 0.0168073 -0.479226 -0.0144928 0.0067518 -0.498337 
-0.193045 -0.0291795 -0.478182 -0.210285 -0.0178278 -0.471833 0.201618 0.094704 -0.509521 
-0.227524 -0.00647603 -0.465484 -0.257283 -0.0124646 -0.462125 -0.274522 -0.00111284 -0.455776 
0.184379 0.106056 -0.503172 0.15462 0.100067 -0.499813 0.154754 0.110123 -0.480702 
0.124862 0.0940787 -0.496454 0.124995 0.104134 -0.477343 0.0951028 0.0880901 -0.493095 
0.0952364 0.0981457 -0.473984 0.065344 0.0821016 -0.489736 0.0654777 0.0921571 -0.470625 
0.0355853 0.076113 -0.486377 0.0357189 0.0861685 -0.467266 0.018346 0.0874648 -0.480028 
-0.291627 0.0202944 -0.430316 -0.279242 0.0275792 -0.446437 0.00110678 0.0988165 -0.473678 
0.00124043 0.108872 -0.454567 -0.0161325 0.110168 -0.467329 -0.296347 0.0489865 -0.420977 
-0.283961 0.0562713 -0.437098 -0.0333717 0.12152 -0.46098 -0.0631305 0.115531 -0.457621 
-0.0928892 0.109543 -0.454262 -0.0927556 0.119598 -0.435151 -0.110128 0.120895 -0.447913 
-0.3012 0.067623 -0.430749 -0.330826 0.07169 -0.408278 -0.31844 0.0789748 -0.424399 
-0.127368 0.132246 -0.441564 -0.157126 0.126258 -0.438205 -0.186885 0.120269 -0.434846 
-0.186752 0.130325 -0.415735 -0.216644 0.114281 -0.431487 -0.21651 0.124336 -0.412376 
-0.246403 0.108292 -0.428128 -0.246269 0.118348 -0.409016 -0.263642 0.119644 -0.421778 
-0.335679 0.0903265 -0.41805 -0.352918 0.101678 -0.411701 -0.280881 0.130996 -0.415429 
-0.31064 0.125007 -0.41207 -0.340399 0.119019 -0.408711 0.0245718 -0.0546993 -0.539485 
0.0244381 -0.0647548 -0.558596 0.0369576 -0.0474145 -0.555606 -0.00518701 -0.0606879 -0.536126 
-0.00532066 -0.0707434 -0.555237 -0.0349458 -0.0666764 -0.532767 -0.0350794 -0.076732 -0.551878 
-0.0523187 -0.0653802 -0.545529 -0.0944633 -0.0786535 -0.526049 -0.0945969 -0.0887091 -0.54516 
-0.0820774 -0.0713687 -0.54217 -0.111836 -0.0773573 -0.538811 0.138887 -0.00205303 -0.543582 
0.138753 -0.0121086 -0.562693 0.151273 0.00523174 -0.559704 0.109128 -0.00804159 -0.540223 
0.108995 -0.0180971 -0.559334 0.0793695 -0.0140301 -0.536864 0.0792359 -0.0240857 -0.555975 
0.0496108 -0.0200187 -0.533505 0.0494771 -0.0300742 -0.552616 0.019852 -0.0260072 -0.530146 
-0.00990673 -0.0319958 -0.526787 -0.0396655 -0.0379844 -0.523428 -0.0695579 -0.0540284 -0.53918 
-0.0694242 -0.0439729 -0.520069 -0.099183 -0.0499615 -0.51671 -0.129075 -0.0660056 -0.532462 
-0.128942 -0.05595 -0.513351 -0.146315 -0.0546538 -0.526113 0.193685 0.0386161 -0.540961 
0.193551 0.0285606 -0.560073 0.206071 0.0459009 -0.557082 0.163792 0.022572 -0.556713 
-0.0146265 -0.00330375 -0.517448 -0.163554 -0.0433021 -0.519764 -0.180793 -0.0319503 -0.513415 
0.201351 0.074593 -0.547743 -0.198032 -0.0205986 -0.507065 -0.215272 -0.00924681 -0.500716 
0.184112 0.0859447 -0.541394 0.184245 0.0960003 -0.522283 0.154353 0.0799562 -0.538035 
0.154487 0.0900117 -0.518924 0.124594 0.0739676 -0.534676 0.124728 0.0840231 -0.515565 
0.0948355 0.067979 -0.531317 0.0949691 0.0780346 -0.512206 0.0775962 0.0793308 -0.524968 
-0.232511 0.00210494 -0.494367 -0.262136 0.00617192 -0.471897 -0.24975 0.0134567 -0.488018 
0.060357 0.0906825 -0.518619 0.0305982 0.084694 -0.51526 0.013359 0.0960457 -0.508911 
-0.266856 0.034864 -0.462558 -0.25447 0.0421487 -0.478679 -0.00388023 0.107397 -0.502561 
-0.033639 0.101409 -0.499202 -0.0335053 0.111464 -0.480091 -0.0508782 0.112761 -0.492853 
-0.271575 0.063556 -0.453219 -0.259189 0.0708408 -0.46934 -0.0681175 0.124112 -0.486504 
-0.0978762 0.118124 -0.483145 -0.127635 0.112135 -0.479786 -0.127501 0.122191 -0.460675 
-0.157394 0.106147 -0.476427 -0.15726 0.116202 -0.457316 -0.187152 0.100158 -0.473068 
-0.187019 0.110214 -0.453957 -0.204392 0.11151 -0.466719 -0.276429 0.0821925 -0.462991 
-0.306054 0.0862595 -0.440521 -0.293668 0.0935443 -0.456642 -0.221631 0.122862 -0.46037 
-0.25139 0.116873 -0.457011 -0.281148 0.110885 -0.453652 -0.281015 0.12094 -0.43454 
-0.310774 0.114952 -0.431181 -0.340532 0.108963 -0.427822 0.083822 -0.0628333 -0.584426 
0.0836883 -0.0728888 -0.603537 0.0962078 -0.0555485 -0.600547 0.0540632 -0.0688218 -0.581067 
0.0539296 -0.0788774 -0.600178 0.0243044 -0.0748104 -0.577707 0.0241708 -0.0848659 -0.596819 
0.00693157 -0.0735142 -0.590469 0.13862 -0.0221641 -0.581805 0.138486 -0.0322197 -0.600916 
0.151006 -0.0148793 -0.597926 0.108861 -0.0281527 -0.578445 0.108727 -0.0382082 -0.597557 
0.0791022 -0.0341412 -0.575086 0.0493435 -0.0401298 -0.571727 -0.0103077 -0.0621624 -0.58412 
-0.0400664 -0.068151 -0.580761 -0.0696915 -0.064084 -0.558291 -0.0698252 -0.0741395 -0.577402 
-0.0995839 -0.0801281 -0.574043 -0.116823 -0.0687764 -0.567694 0.163659 0.0125165 -0.575824 
0.163525 0.00246096 -0.594936 0.176045 0.0198013 -0.591946 -0.134062 -0.0574246 -0.561345 
-0.151302 -0.0460728 -0.554996 0.188564 0.0371416 -0.588955 0.201084 0.0544819 -0.585965 
-0.168541 -0.0347211 -0.548647 -0.18578 -0.0233693 -0.542298 0.183844 0.0658336 -0.579616 
0.183978 0.0758892 -0.560505 0.166605 0.0771854 -0.573267 -0.202886 -0.00196206 -0.516837 
-0.1905 0.00532271 -0.532958 0.149366 0.0885371 -0.566918 0.119607 0.0825486 -0.563559 
0.0898485 0.07656 -0.5602 0.0600897 0.0705715 -0.556841 0.0602233 0.080627 -0.53773 
0.0428505 0.0819232 -0.550492 -0.207739 0.0166745 -0.526609 -0.237364 0.0207414 -0.504139 
-0.224978 0.0280262 -0.52026 0.0256112 0.0932749 -0.544143 -0.00414753 0.0872864 -0.540784 
-0.00401388 0.0973419 -0.521672 -0.0213868 0.0986381 -0.534434 -0.242084 0.0494335 -0.4948 
-0.229698 0.0567183 -0.510921 -0.038626 0.10999 -0.528085 -0.0683848 0.104001 -0.524726 
-0.0682511 0.114057 -0.505615 -0.085624 0.115353 -0.518377 -0.246804 0.0781255 -0.485461 
-0.234418 0.0854103 -0.501582 -0.102863 0.126705 -0.512028 -0.132622 0.120716 -0.508669 
-0.162381 0.114728 -0.50531 -0.19214 0.108739 -0.501951 -0.221898 0.102751 -0.498592 
-0.221765 0.112806 -0.479481 -0.239138 0.114102 -0.492243 -0.251657 0.0967621 -0.495233 
-0.281416 0.0907735 -0.491874 -0.298655 0.102125 -0.485525 -0.256377 0.125454 -0.485894 
-0.286135 0.119466 -0.482534 0.143072 -0.0709673 -0.629366 0.142939 -0.0810228 -0.648477 
0.155458 -0.0636825 -0.645487 0.113313 -0.0769558 -0.626007 0.11318 -0.0870114 -0.645118 
0.0835547 -0.0829444 -0.622648 0.083421 -0.0929999 -0.641759 0.0661818 -0.0816481 -0.63541 
0.138352 -0.0422752 -0.620027 0.150738 -0.0349904 -0.636148 0.108594 -0.0482638 -0.616668 
0.0489425 -0.0702964 -0.629061 0.0191838 -0.076285 -0.625701 -0.0104413 -0.072218 -0.603231 
-0.010575 -0.0822735 -0.622342 -0.0402001 -0.0782065 -0.599872 -0.0403337 -0.0882621 -0.618983 
-0.057573 -0.0769103 -0.612634 0.163391 -0.00759459 -0.614047 0.163258 -0.0176501 -0.633158 
0.175777 -0.000309829 -0.630168 -0.0748122 -0.0655586 -0.606285 -0.104571 -0.0715471 -0.602926 
-0.12181 -0.0601954 -0.596577 0.188431 0.027086 -0.608066 0.188297 0.0170305 -0.627178 
0.200816 0.0343708 -0.624188 -0.139049 -0.0488436 -0.590228 -0.156289 -0.0374919 -0.583879 
0.183711 0.0557781 -0.598727 0.183577 0.0457225 -0.617838 0.166338 0.0570743 -0.611489 
-0.173394 -0.0160846 -0.558419 -0.161008 -0.00879983 -0.57454 0.149099 0.068426 -0.60514 
0.149232 0.0784816 -0.586029 0.11934 0.0624375 -0.601781 0.119474 0.072493 -0.58267 
0.0895812 0.0564489 -0.598422 0.0897148 0.0665045 -0.579311 0.0723419 0.0678007 -0.592073 
-0.178114 0.0126075 -0.549079 -0.165728 0.0198922 -0.5652 0.0551027 0.0791524 -0.585724 
0.0253439 0.0731639 -0.582365 0.0254776 0.0832194 -0.563254 0.00810469 0.0845156 -0.576016 
-0.182967 0.031244 -0.558851 -0.212592 0.035311 -0.536381 -0.200207 0.0425957 -0.552502 
-0.00913455 0.0958674 -0.569667 -0.0388933 0.0898788 -0.566307 -0.0387597 0.0999343 -0.547196 
-0.0561325 0.101231 -0.559958 -0.217312 0.064003 -0.527042 -0.204926 0.0712878 -0.543163 
-0.0733718 0.112582 -0.553609 -0.103131 0.106594 -0.55025 -0.102997 0.116649 -0.531139 
-0.132889 0.100605 -0.546891 -0.132756 0.110661 -0.52778 -0.150129 0.111957 -0.540542 
-0.222032 0.0926951 -0.517703 -0.209646 0.0999798 -0.533824 -0.167368 0.123309 -0.534193 
-0.197127 0.11732 -0.530834 -0.25651 0.115399 -0.505005 -0.273883 0.116695 -0.517767 
-0.286403 0.0993545 -0.520757 -0.303642 0.110706 -0.514408 -0.291123 0.128047 -0.511417 
0.137952 -0.0724418 -0.67736 0.150471 -0.0551015 -0.67437 0.108326 -0.0683748 -0.65489 
0.120712 -0.0610901 -0.671011 0.0785676 -0.0743634 -0.651531 0.163124 -0.0277057 -0.652269 
0.162991 -0.0377612 -0.67138 0.17551 -0.0204209 -0.66839 0.103473 -0.0497383 -0.664662 
0.0737143 -0.0557269 -0.661303 0.0439555 -0.0617154 -0.657944 0.0141968 -0.067704 -0.654584 
-0.0154283 -0.063637 -0.632114 -0.00304247 -0.0563522 -0.648235 -0.0328012 -0.0623408 -0.644876 
-0.0453207 -0.0796811 -0.647866 -0.06256 -0.0683293 -0.641517 0.188163 0.00697493 -0.646289 
0.18803 -0.00308061 -0.6654 0.200549 0.0142597 -0.66241 -0.0202817 -0.0450005 -0.641886 
-0.0797992 -0.0569776 -0.635168 -0.109424 -0.0529106 -0.612698 -0.0970385 -0.0456259 -0.628819 
0.183444 0.035667 -0.636949 0.18331 0.0256114 -0.656061 0.166071 0.0369632 -0.649711 
-0.114278 -0.0342741 -0.62247 -0.143903 -0.0302071 -0.6 -0.131517 -0.0229224 -0.616121 
0.148831 0.0483149 -0.643362 0.148965 0.0583705 -0.624251 0.131592 0.0596667 -0.637013 
-0.148623 -0.00151507 -0.590661 -0.136237 0.0057697 -0.606782 0.114353 0.0710184 -0.630664 
0.0845941 0.0650299 -0.627305 0.0548354 0.0590413 -0.623946 0.054969 0.0690969 -0.604835 
0.0250766 0.0530528 -0.620587 0.0252103 0.0631083 -0.601476 0.00783739 0.0644045 -0.614238 
-0.153342 0.027177 -0.581321 -0.140956 0.0344618 -0.597443 -0.00940185 0.0757563 -0.607889 
-0.0092682 0.0858118 -0.588778 -0.0391606 0.0697677 -0.60453 -0.0390269 0.0798233 -0.585419 
-0.0563998 0.0811195 -0.598181 -0.158196 0.0458135 -0.591093 -0.187821 0.0498805 -0.568623 
-0.175435 0.0571653 -0.584744 -0.0736391 0.0924712 -0.591831 -0.0735054 0.102527 -0.57272 
-0.103398 0.0864827 -0.588472 -0.103264 0.0965382 -0.569361 -0.133157 0.0804941 -0.585113 
-0.133023 0.0905496 -0.566002 -0.150396 0.0918458 -0.578764 -0.19254 0.0785725 -0.559284 
-0.180155 0.0858573 -0.575405 -0.167635 0.103198 -0.572415 -0.167501 0.113253 -0.553304 
-0.184874 0.114549 -0.566066 -0.197394 0.097209 -0.569056 -0.214633 0.108561 -0.562707 
-0.202114 0.125901 -0.559717 -0.291256 0.117991 -0.530528 0.133098 -0.0538053 -0.687132 
0.158137 -0.0191247 -0.681152 0.140764 -0.0178285 -0.693914 0.128245 -0.0351688 -0.696904 
0.098486 -0.0411574 -0.693545 0.0687272 -0.0471459 -0.690186 0.0391022 -0.0430789 -0.667715 
0.051488 -0.0357942 -0.683837 0.0093434 -0.0490675 -0.664356 -0.0501741 -0.0610446 -0.657638 
0.183176 0.0155559 -0.675172 0.165803 0.0168521 -0.687934 0.153284 -0.000488196 -0.690924 
0.0342488 -0.0244424 -0.677487 0.00462367 -0.0203754 -0.655017 0.0170095 -0.0130907 -0.671138 
-0.0251351 -0.026364 -0.651658 -0.042508 -0.0250678 -0.66442 -0.0550275 -0.0424081 -0.66741 
-0.0846526 -0.0383411 -0.64494 -0.0722667 -0.0310563 -0.661061 0.148564 0.0282039 -0.681585 
0.148698 0.0382594 -0.662473 0.131325 0.0395556 -0.675235 -9.60451e-05 0.00831662 -0.645678 
0.0122898 0.0156014 -0.661799 -0.0298548 0.00232806 -0.642319 -0.0472277 0.00362427 -0.655081 
-0.089506 -0.0197046 -0.654712 -0.119131 -0.0156376 -0.632242 -0.106745 -0.00835284 -0.648363 
0.114086 0.0509074 -0.668886 0.114219 0.0609629 -0.649775 0.0843268 0.0449188 -0.665527 
0.0844605 0.0549743 -0.646416 0.0670876 0.0562705 -0.659178 -0.00494942 0.0269531 -0.65545 
-0.0345745 0.0310201 -0.63298 -0.0221887 0.0383049 -0.649101 -0.0519474 0.0323163 -0.645742 
-0.123851 0.0130545 -0.622903 -0.111465 0.0203392 -0.639024 0.0498484 0.0676223 -0.652829 
0.0200896 0.0616337 -0.64947 -0.00966914 0.0556452 -0.646111 -0.00953549 0.0657007 -0.627 
-0.0392942 0.0597122 -0.623641 -0.0691867 0.0436681 -0.639393 -0.069053 0.0537236 -0.620282 
-0.0864259 0.0550198 -0.633044 -0.12857 0.0417465 -0.613563 -0.116185 0.0490313 -0.629685 
-0.0737727 0.0824157 -0.610942 -0.103665 0.0663716 -0.626695 -0.103531 0.0764271 -0.607583 
-0.120904 0.0777233 -0.620345 -0.133424 0.060383 -0.623335 -0.163049 0.06445 -0.600865 
-0.150663 0.0717348 -0.616986 -0.138144 0.0890751 -0.613996 -0.167769 0.0931421 -0.591526 
-0.202247 0.115846 -0.578828 0.123391 -0.0165323 -0.706676 0.0936326 -0.0225209 -0.703317 
0.0638739 -0.0285094 -0.699957 0.14843 0.0181483 -0.700696 0.118672 0.0121597 -0.697336 
0.101299 0.013456 -0.710098 0.0887793 -0.00388435 -0.713088 0.0591542 0.000182641 -0.690618 
0.07154 0.00746741 -0.706739 0.0293954 -0.00580592 -0.687259 -0.0598808 -0.0237716 -0.677182 
0.113952 0.0408518 -0.687997 0.0840595 0.0248077 -0.703749 0.0841932 0.0348632 -0.684638 
0.0544344 0.0288747 -0.681279 0.0246757 0.0228861 -0.67792 -0.0646006 0.00492047 -0.667843 
-0.0943593 -0.00106808 -0.664484 0.0497147 0.0575667 -0.67194 0.019956 0.0515782 -0.668581 
-0.00980279 0.0455896 -0.665222 -0.0693203 0.0336125 -0.658504 -0.0990791 0.027624 -0.655145 
-0.103799 0.056316 -0.645805 -0.138277 0.0790195 -0.633107 0.0839259 0.0147522 -0.72286 

POLYGONS 6041 18120
OFFSETS vtktypeint64
0 3 6 9 12 15 18 21 24 
27 30 33 36 39 42 45 48 51 
54 57 60 63 66 69 72 75 78 
81 84 87 90 93 96 99 102 105 
108 111 114 117 120 123 126 129 132 
135 138 141 144 147 150 153 156 159 
162 165 168 171 174 177 180 183 186 
189 192 195 198 201 204 207 210 213 
216 219 222 225 228 231 234 237 240 
243 246 249 252 255 258 261 264 267 
270 273 276 279 282 285 288 291 294 
297 300 303 306 309 312 315 318 321 
324 327 330 333 336 339 342 345 348 
351 354 357 360 363 366 369 372 375 
378 381 384 387 390 393 396 399 402 
405 408 411 414 417 420 423 426 429 
432 435 438 441 444 447 450 453 456 
459 462 465 468 471 474 477 480 483 
486 489 492 495 498 501 504 507 510 
513 516 519 522 525 528 531 534 537 
540 543 546 549 552 555 558 561 564 
567 570 573 576 579 582 585 588 591 
594 597 600 603 606 609 612 615 618 
621 624 627 630 633 636 639 642 645 
648 651 654 657 660 663 666 669 672 
675 678 681 684 687 690 693 696 699 
702 705 708 711 714 717 720 723 726 
729 732 735 738 741 744 747 750 753 
756 759 762 765 768 771 774 777 780 
783 786 789 792 795 798 801 804 807 
810 813 816 819 822 825 828 831 834 
837 840 843 846 849 852 855 858 861 
864 867 870 873 876 879 882 885 888 
891 894 897 900 903 906 909 912 915 
918 921 924 927 930 933 936 939 942 
945 948 951 954 957 960 963 966 969 
972 975 978 981 984 987 990 993 996 
999 1002 1005 1008 1011 1014 1017 1020 1023 
1026 1029 1032 1035 1038 1041 1044 1047 1050 
1053 1056 1059 1062 1065 1068 1071 1074 1077 
1080 1083 1086 1089 1092 1095 1098 1101 1104 
1107 1110 1113 1116 1119 1122 1125 1128 1131 
1134 1137 1140 1143 1146 1149 1152 1155 1158 
1161 1164 1167 1170 1173 1176 1179 1182 1185 
1188 1191 1194 1197 1200 1203 1206 1209 1212 
1215 1218 1221 1224 1227 1230 1233 1236 1239 
1242 1245 1248 1251 1254 1257 1260 1263 1266 
1269 1272 1275 1278 1281 1284 1287 1290 1293 
1296 1299 1302 1305 1308 1311 1314 1317 1320 
1323 1326 1329 1332 1335 1338 1341 1344 1347 
1350 1353 1356 1359 1362 1365 1368 1371 1374 
1377 1380 1383 1386 1389 1392 1395 1398 1401 
1404 1407 1410 1413 1416 1419 1422 1425 1428 
1431 1434 1437 1440 1443 1446 1449 1452 1455 
1458 1461 1464 1467 1470 1473 1476 1479 1482 
1485 1488 1491 1494 1497 1500 1503 1506 1509 
1512 1515 1518 1521 1524 1527 1530 1533 1536 
1539 1542 1545 1548 1551 1554 1557 1560 1563 
1566 1569 1572 1575 1578 1581 1584 1587 1590 
1593 1596 1599 1602 1605 1608 1611 1614 1617 
1620 1623 1626 1629 1632 1635 1638 1641 1644 
1647 1650 1653 1656 1659 1662 1665 1668 1671 
1674 1677 1680 1683 1686 1689 1692 1695 1698 
1701 1704 1707 1710 1713 1716 1719 1722 1725 
1728 1731 1734 1737 1740 1743 1746 1749 1752 
1755 1758 1761 1764 1767 1770 1773 1776 1779 
1782 1785 1788 1791 1794 1797 1800 1803 1806 
1809 1812 1815 1818 1821 1824 1827 1830 1833 
1836 1839 1842 1845 1848 1851 1854 1857 1860 
1863 1866 1869 1872 1875 1878 1881 1884 1887 
1890 1893 1896 1899 1902 1905 1908 1911 1914 
1917 1920 1923 1926 1929 1932 1935 1938 1941 
1944 1947 1950 1953 1956 1959 1962 1965 1968 
1971 1974 1977 1980 1983 1986 1989 1992 1995 
1998 2001 2004 2007 2010 2013 2016 2019 2022 
2025 2028 2031 2034 2037 2040 2043 2046 2049 
2052 2055 2058 2061 2064 2067 2070 2073 2076 
2079 2082 2085 2088 2091 2094 2097 2100 2103 
2106 2109 2112 2115 2118 2121 2124 2127 2130 
2133 2136 2139 2142 2145 2148 2151 2154 2157 
2160 2163 2166 2169 2172 2175 2178 2181 2184 
2187 2190 2193 2196 2199 2202 2205 2208 2211 
2214 2217 2220 2223 2226 2229 2232 2235 2238 
2241 2244 2247 2250 2253 2256 2259 2262 2265 
2268 2271 2274 2277 2280 2283 2286 2289 2292 
2295 2298 2301 2304 2307 2310 2313 2316 2319 
2322 2325 2328 2331 2334 2337 2340 2343 2346 
2349 2352 2355 2358 2361 2364 2367 2370 2373 
2376 2379 2382 2385 2388 2391 2394 2397 2400 
2403 2406 2409 2412 2415 2418 2421 2424 2427 
2430 2433 2436 2439 2442 2445 2448 2451 2454 
2457 2460 2463 2466 2469 2472 2475 2478 2481 
2484 2487 2490 2493 2496 2499 2502 2505 2508 
2511 2514 2517 2520 2523 2526 2529 2532 2535 
2538 2541 2544 2547 2550 2553 2556 2559 2562 
2565 2568 2571 2574 2577 2580 2583 2586 2589 
2592 2595 2598 2601 2604 2607 2610 2613 2616 
2619 2622 2625 2628 2631 2634 2637 2640 2643 
2646 2649 2652 2655 2658 2661 2664 2667 2670 
2673 2676 2679 2682 2685 2688 2691 2694 2697 
2700 2703 2706 2709 2712 2715 2718 2721 2724 
2727 2730 2733 2736 2739 2742 2745 2748 2751 
2754 2757 2760 2763 2766 2769 2772 2775 2778 
2781 2784 2787 2790 2793 2796 2799 2802 2805 
2808 2811 2814 2817 2820 2823 2826 2829 2832 
2835 2838 2841 2844 2847 2850 2853 2856 2859 
2862 2865 2868 2871 2874 2877 2880 2883 2886 
2889 2892 2895 2898 2901 2904 2907 2910 2913 
2916 2919 2922 2925 2928 2931 2934 2937 2940 
2943 2946 2949 2952 2955 2958 2961 2964 2967 
2970 2973 2976 2979 2982 2985 2988 2991 2994 
2997 3000 3003 3006 3009 3012 3015 3018 3021 
3024 3027 3030 3033 3036 3039 3042 3045 3048 
3051 3054 3057 3060 3063 3066 3069 3072 3075 
3078 3081 3084 3087 3090 3093 3096 3099 3102 
3105 3108 3111 3114 3117 3120 3123 3126 3129 
3132 3135 3138 3141 3144 3147 3150 3153 3156 
3159 3162 3165 3168 3171 3174 3177 3180 3183 
3186 3189 3192 3195 3198 3201 3204 3207 3210 
3213 3216 3219 3222 3225 3228 3231 3234 3237 
3240 3243 3246 3249 3252 3255 3258 3261 3264 
3267 3270 3273 3276 3279 3282 3285 3288 3291 
3294 3297 3300 3303 3306 3309 3312 3315 3318 
3321 3324 3327 3330 3333 3336 3339 3342 3345 
3348 3351 3354 3357 3360 3363 3366 3369 3372 
3375 3378 3381 3384 3387 3390 3393 3396 3399 
3402 3405 3408 3411 3414 3417 3420 3423 3426 
3429 3432 3435 3438 3441 3444 3447 3450 3453 
3456 3459 3462 3465 3468 3471 3474 3477 3480 
3483 3486 3489 3492 3495 3498 3501 3504 3507 
3510 3513 3516 3519 3522 3525 3528 3531 3534 
3537 3540 3543 3546 3549 3552 3555 3558 3561 
3564 3567 3570 3573 3576 3579 3582 3585 3588 
3591 3594 3597 3600 3603 3606 3609 3612 3615 
3618 3621 3624 3627 3630 3633 3636 3639 3642 
3645 3648 3651 3654 3657 3660 3663 3666 3669 
3672 3675 3678 3681 3684 3687 3690 3693 3696 
3699 3702 3705 3708 3711 3714 3717 3720 3723 
3726 3729 3732 3735 3738 3741 3744 3747 3750 
3753 3756 3759 3762 3765 3768 3771 3774 3777 
3780 3783 3786 3789 3792 3795 3798 3801 3804 
3807 3810 3813 3816 3819 3822 3825 3828 3831 
3834 3837 3840 3843 3846 3849 3852 3855 3858 
3861 3864 3867 3870 3873 3876 3879 3882 3885 
3888 3891 3894 3897 3900 3903 3906 3909 3912 
3915 3918 3921 3924 3927 3930 3933 3936 3939 
3942 3945 3948 3951 3954 3957 3960 3963 3966 
3969 3972 3975 3978 3981 3984 3987 3990 3993 
3996 3999 4002 4005 4008 4011 4014 4017 4020 
4023 4026 4029 4032 4035 4038 4041 4044 4047 
4050 4053 4056 4059 4062 4065 4068 4071 4074 
4077 4080 4083 4086 4089 4092 4095 4098 4101 
4104 4107 4110 4113 4116 4119 4122 4125 4128 
4131 4134 4137 4140 4143 4146 4149 4152 4155 
4158 4161 4164 4167 4170 4173 4176 4179 4182 
4185 4188 4191 4194 4197 4200 4203 4206 4209 
4212 4215 4218 4221 4224 4227 4230 4233 4236 
4239 4242 4245 4248 4251 4254 4257 4260 4263 
4266 4269 4272 4275 4278 4281 4284 4287 4290 
4293 4296 4299 4302 4305 4308 4311 4314 4317 
4320 4323 4326 4329 4332 4335 4338 4341 4344 
4347 4350 4353 4356 4359 4362 4365 4368 4371 
4374 4377 4380 4383 4386 4389 4392 4395 4398 
4401 4404 4407 4410 4413 4416 4419 4422 4425 
4428 4431 4434 4437 4440 4443 4446 4449 4452 
4455 4458 4461 4464 4467 4470 4473 4476 4479 
4482 4485 4488 4491 4494 4497 4500 4503 4506 
4509 4512 4515 4518 4521 4524 4527 4530 4533 
4536 4539 4542 4545 4548 4551 4554 4557 4560 
4563 4566 4569 4572 4575 4578 4581 4584 4587 
4590 4593 4596 4599 4602 4605 4608 4611 4614 
4617 4620 4623 4626 4629 4632 4635 4638 4641 
4644 4647 4650 4653 4656 4659 4662 4665 4668 
4671 4674 4677 4680 4683 4686 4689 4692 4695 
4698 4701 4704 4707 4710 4713 4716 4719 4722 
4725 4728 4731 4734 4737 4740 4743 4746 4749 
4752 4755 4758 4761 4764 4767 4770 4773 4776 
4779 4782 4785 4788 4791 4794 4797 4800 4803 
4806 4809 4812 4815 4818 4821 4824 4827 4830 
4833 4836 4839 4842 4845 4848 4851 4854 4857 
4860 4863 4866 4869 4872 4875 4878 4881 4884 
4887 4890 4893 4896 4899 4902 4905 4908 4911 
4914 4917 4920 4923 4926 4929 4932 4935 4938 
4941 4944 4947 4950 4953 4956 4959 4962 4965 
4968 4971 4974 4977 4980 4983 4986 4989 4992 
4995 4998 5001 5004 5007 5010 5013 5016 5019 
5022 5025 5028 5031 5034 5037 5040 5043 5046 
5049 5052 5055 5058 5061 5064 5067 5070 5073 
5076 5079 5082 5085 5088 5091 5094 5097 5100 
5103 5106 5109 5112 5115 5118 5121 5124 5127 
5130 5133 5136 5139 5142 5145 5148 5151 5154 
5157 5160 5163 5166 5169 5172 5175 5178 5181 
5184 5187 5190 5193 5196 5199 5202 5205 5208 
5211 5214 5217 5220 5223 5226 5229 5232 5235 
5238 5241 5244 5247 5250 5253 5256 5259 5262 
5265 5268 5271 5274 5277 5280 5283 5286 5289 
5292 5295 5298 5301 5304 5307 5310 5313 5316 
5319 5322 5325 5328 5331 5334 5337 5340 5343 
5346 5349 5352 5355 5358 5361 5364 5367 5370 
5373 5376 5379 5382 5385 5388 5391 5394 5397 
5400 5403 5406 5409 5412 5415 5418 5421 5424 
5427 5430 5433 5436 5439 5442 5445 5448 5451 
5454 5457 5460 5463 5466 5469 5472 5475 5478 
5481 5484 5487 5490 5493 5496 5499 5502 5505 
5508 5511 5514 5517 5520 5523 5526 5529 5532 
5535 5538 5541 5544 5547 5550 5553 5556 5559 
5562 5565 5568 5571 5574 5577 5580 5583 5586 
5589 5592 5595 5598 5601 5604 5607 5610 5613 
5616 5619 5622 5625 5628 5631 5634 5637 5640 
5643 5646 5649 5652 5655 5658 5661 5664 5667 
5670 5673 5676 5679 5682 5685 5688 5691 5694 
5697 5700 5703 5706 5709 5712 5715 5718 5721 
5724 5727 5730 5733 5736 5739 5742 5745 5748 
5751 5754 5757 5760 5763 5766 5769 5772 5775 
5778 5781 5784 5787 5790 5793 5796 5799 5802 
5805 5808 5811 5814 5817 5820 5823 5826 5829 
5832 5835 5838 5841 5844 5847 5850 5853 5856 
5859 5862 5865 5868 5871 5874 5877 5880 5883 
5886 5889 5892 5895 5898 5901 5904 5907 5910 
5913 5916 5919 5922 5925 5928 5931 5934 5937 
5940 5943 5946 5949 5952 5955 5958 5961 5964 
5967 5970 5973 5976 5979 5982 5985 5988 5991 
5994 5997 6000 6003 6006 6009 6012 6015 6018 
6021 6024 6027 6030 6033 6036 6039 6042 6045 
6048 6051 6054 6057 6060 6063 6066 6069 6072 
6075 6078 6081 6084 6087 6090 6093 6096 6099 
6102 6105 6108 6111 6114 6117 6120 6123 6126 
6129 6132 6135 6138 6141 6144 6147 6150 6153 
6156 6159 6162 6165 6168 6171 6174 6177 6180 
6183 6186 6189 6192 6195 6198 6201 6204 6207 
6210 6213 6216 6219 6222 6225 6228 6231 6234 
6237 6240 6243 6246 6249 6252 6255 6258 6261 
6264 6267 6270 6273 6276 6279 6282 6285 6288 
6291 6294 6297 6300 6303 6306 6309 6312 6315 
6318 6321 6324 6327 6330 6333 6336 6339 6342 
6345 6348 6351 6354 6357 6360 6363 6366 6369 
6372 6375 6378 6381 6384 6387 6390 6393 6396 
6399 6402 6405 6408 6411 6414 6417 6420 6423 
6426 6429 6432 6435 6438 6441 6444 6447 6450 
6453 6456 6459 6462 6465 6468 6471 6474 6477 
6480 6483 6486 6489 6492 6495 6498 6501 6504 
6507 6510 6513 6516 6519 6522 6525 6528 6531 
6534 6537 6540 6543 6546 6549 6552 6555 6558 
6561 6564 6567 6570 6573 6576 6579 6582 6585 
6588 6591 6594 6597 6600 6603 6606 6609 6612 
6615 6618 6621 6624 6627 6630 6633 6636 6639 
6642 6645 6648 6651 6654 6657 6660 6663 6666 
6669 6672 6675 6678 6681 6684 6687 6690 6693 
6696 6699 6702 6705 6708 6711 6714 6717 6720 
6723 6726 6729 6732 6735 6738 6741 6744 6747 
6750 6753 6756 6759 6762 6765 6768 6771 6774 
6777 6780 6783 6786 6789 6792 6795 6798 6801 
6804 6807 6810 6813 6816 6819 6822 6825 6828 
6831 6834 6837 6840 6843 6846 6849 6852 6855 
6858 6861 6864 6867 6870 6873 6876 6879 6882 
6885 6888 6891 6894 6897 6900 6903 6906 6909 
6912 6915 6918 6921 6924 6927 6930 6933 6936 
6939 6942 6945 6948 6951 6954 6957 6960 6963 
6966 6969 6972 6975 6978 6981 6984 6987 6990 
6993 6996 6999 7002 7005 7008 7011 7014 7017 
7020 7023 7026 7029 7032 7035 7038 7041 7044 
7047 7050 7053 7056 7059 7062 7065 7068 7071 
7074 7077 7080 7083 7086 7089 7092 7095 7098 
7101 7104 7107 7110 7113 7116 7119 7122 7125 
7128 7131 7134 7137 7140 7143 7146 7149 7152 
7155 7158 7161 7164 7167 7170 7173 7176 7179 
7182 7185 7188 7191 7194 7197 7200 7203 7206 
7209 7212 7215 7218 7221 7224 7227 7230 7233 
7236 7239 7242 7245 7248 7251 7254 7257 7260 
7263 7266 7269 7272 7275 7278 7281 7284 7287 
7290 7293 7296 7299 7302 7305 7308 7311 7314 
7317 7320 7323 7326 7329 7332 7335 7338 7341 
7344 7347 7350 7353 7356 7359 7362 7365 7368 
7371 7374 7377 7380 7383 7386 7389 7392 7395 
7398 7401 7404 7407 7410 7413 7416 7419 7422 
7425 7428 7431 7434 7437 7440 7443 7446 7449 
7452 7455 7458 7461 7464 7467 7470 7473 7476 
7479 7482 7485 7488 7491 7494 7497 7500 7503 
7506 7509 7512 7515 7518 7521 7524 7527 7530 
7533 7536 7539 7542 7545 7548 7551 7554 7557 
7560 7563 7566 7569 7572 7575 7578 7581 7584 
7587 7590 7593 7596 7599 7602 7605 7608 7611 
7614 7617 7620 7623 7626 7629 7632 7635 7638 
7641 7644 7647 7650 7653 7656 7659 7662 7665 
7668 7671 7674 7677 7680 7683 7686 7689 7692 
7695 7698 7701 7704 7707 7710 7713 7716 7719 
7722 7725 7728 7731 7734 7737 7740 7743 7746 
7749 7752 7755 7758 7761 7764 7767 7770 7773 
7776 7779 7782 7785 7788 7791 7794 7797 7800 
7803 7806 7809 7812 7815 7818 7821 7824 7827 
7830 7833 7836 7839 7842 7845 7848 7851 7854 
7857 7860 7863 7866 7869 7872 7875 7878 7881 
7884 7887 7890 7893 7896 7899 7902 7905 7908 
7911 7914 7917 7920 7923 7926 7929 7932 7935 
7938 7941 7944 7947 7950 7953 7956 7959 7962 
7965 7968 7971 7974 7977 7980 7983 7986 7989 
7992 7995 7998 8001 8004 8007 8010 8013 8016 
8019 8022 8025 8028 8031 8034 8037 8040 8043 
8046 8049 8052 8055 8058 8061 8064 8067 8070 
8073 8076 8079 8082 8085 8088 8091 8094 8097 
8100 8103 8106 8109 8112 8115 8118 8121 8124 
8127 8130 8133 8136 8139 8142 8145 8148 8151 
8154 8157 8160 8163 8166 8169 8172 8175 8178 
8181 8184 8187 8190 8193 8196 8199 8202 8205 
8208 8211 8214 8217 8220 8223 8226 8229 8232 
8235 8238 8241 8244 8247 8250 8253 8256 8259 
8262 8265 8268 8271 8274 8277 8280 8283 8286 
8289 8292 8295 8298 8301 8304 8307 8310 8313 
8316 8319 8322 8325 8328 8331 8334 8337 8340 
8343 8346 8349 8352 8355 8358 8361 8364 8367 
8370 8373 8376 8379 8382 8385 8388 8391 8394 
8397 8400 8403 8406 8409 8412 8415 8418 8421 
8424 8427 8430 8433 8436 8439 8442 8445 8448 
8451 8454 8457 8460 8463 8466 8469 8472 8475 
8478 8481 8484 8487 8490 8493 8496 8499 8502 
8505 8508 8511 8514 8517 8520 8523 8526 8529 
8532 8535 8538 8541 8544 8547 8550 8553 8556 
8559 8562 8565 8568 8571 8574 8577 8580 8583 
8586 8589 8592 8595 8598 8601 8604 8607 8610 
8613 8616 8619 8622 8625 8628 8631 8634 8637 
8640 8643 8646 8649 8652 8655 8658 8661 8664 
8667 8670 8673 8676 8679 8682 8685 8688 8691 
8694 8697 8700 8703 8706 8709 8712 8715 8718 
8721 8724 8727 8730 8733 8736 8739 8742 8745 
8748 8751 8754 8757 8760 8763 8766 8769 8772 
8775 8778 8781 8784 8787 8790 8793 8796 8799 
8802 8805 8808 8811 8814 8817 8820 8823 8826 
8829 8832 8835 8838 8841 8844 8847 8850 8853 
8856 8859 8862 8865 8868 8871 8874 8877 8880 
8883 8886 8889 8892 8895 8898 8901 8904 8907 
8910 8913 8916 8919 8922 8925 8928 8931 8934 
8937 8940 8943 8946 8949 8952 8955 8958 8961 
8964 8967 8970 8973 8976 8979 8982 8985 8988 
8991 8994 8997 9000 9003 9006 9009 9012 9015 
9018 9021 9024 9027 9030 9033 9036 9039 9042 
9045 9048 9051 9054 9057 9060 9063 9066 9069 
9072 9075 9078 9081 9084 9087 9090 9093 9096 
9099 9102 9105 9108 9111 9114 9117 9120 9123 
9126 9129 9132 9135 9138 9141 9144 9147 9150 
9153 9156 9159 9162 9165 9168 9171 9174 9177 
9180 9183 9186 9189 9192 9195 9198 9201 9204 
9207 9210 9213 9216 9219 9222 9225 9228 9231 
9234 9237 9240 9243 9246 9249 9252 9255 9258 
9261 9264 9267 9270 9273 9276 9279 9282 9285 
9288 9291 9294 9297 9300 9303 9306 9309 9312 
9315 9318 9321 9324 9327 9330 9333 9336 9339 
9342 9345 9348 9351 9354 9357 9360 9363 9366 
9369 9372 9375 9378 9381 9384 9387 9390 9393 
9396 9399 9402 9405 9408 9411 9414 9417 9420 
9423 9426 9429 9432 9435 9438 9441 9444 9447 
9450 9453 9456 9459 9462 9465 9468 9471 9474 
9477 9480 9483 9486 9489 9492 9495 9498 9501 
9504 9507 9510 9513 9516 9519 9522 9525 9528 
9531 9534 9537 9540 9543 9546 9549 9552 9555 
9558 9561 9564 9567 9570 9573 9576 9579 9582 
9585 9588 9591 9594 9597 9600 9603 9606 9609 
9612 9615 9618 9621 9624 9627 9630 9633 9636 
9639 9642 9645 9648 9651 9654 9657 9660 9663 
9666 9669 9672 9675 9678 9681 9684 9687 9690 
9693 9696 9699 9702 9705 9708 9711 9714 9717 
9720 9723 9726 9729 9732 9735 9738 9741 9744 
9747 9750 9753 9756 9759 9762 9765 9768 9771 
9774 9777 9780 9783 9786 9789 9792 9795 9798 
9801 9804 9807 9810 9813 9816 9819 9822 9825 
9828 9831 9834 9837 9840 9843 9846 9849 9852 
9855 9858 9861 9864 9867 9870 9873 9876 9879 
9882 9885 9888 9891 9894 9897 9900 9903 9906 
9909 9912 9915 9918 9921 9924 9927 9930 9933 
9936 9939 9942 9945 9948 9951 9954 9957 9960 
9963 9966 9969 9972 9975 9978 9981 9984 9987 
9990 9993 9996 9999 10002 10005 10008 10011 10014 
10017 10020 10023 10026 10029 10032 10035 10038 10041 
10044 10047 10050 10053 10056 10059 10062 10065 10068 
10071 10074 10077 10080 10083 10086 10089 10092 10095 
10098 10101 10104 10107 10110 10113 10116 10119 10122 
10125 10128 10131 10134 10137 10140 10143 10146 10149 
10152 10155 10158 10161 10164 10167 10170 10173 10176 
10179 10182 10185 10188 10191 10194 10197 10200 10203 
10206 10209 10212 10215 10218 10221 10224 10227 10230 
10233 10236 10239 10242 10245 10248 10251 10254 10257 
10260 10263 10266 10269 10272 10275 10278 10281 10284 
10287 10290 10293 10296 10299 10302 10305 10308 10311 
10314 10317 10320 10323 10326 10329 10332 10335 10338 
10341 10344 10347 10350 10353 10356 10359 10362 10365 
10368 10371 10374 10377 10380 10383 10386 10389 10392 
10395 10398 10401 10404 10407 10410 10413 10416 10419 
10422 10425 10428 10431 10434 10437 10440 10443 10446 
10449 10452 10455 10458 10461 10464 10467 10470 10473 
10476 10479 10482 10485 10488 10491 10494 10497 10500 
10503 10506 10509 10512 10515 10518 10521 10524 10527 
10530 10533 10536 10539 10542 10545 10548 10551 10554 
10557 10560 10563 10566 10569 10572 10575 10578 10581 
10584 10587 10590 10593 10596 10599 10602 10605 10608 
10611 10614 10617 10620 10623 10626 10629 10632 10635 
10638 10641 10644 10647 10650 10653 10656 10659 10662 
10665 10668 10671 10674 10677 10680 10683 10686 10689 
10692 10695 10698 10701 10704 10707 10710 10713 10716 
10719 10722 10725 10728 10731 10734 10737 10740 10743 
10746 10749 10752 10755 10758 10761 10764 10767 10770 
10773 10776 10779 10782 10785 10788 10791 10794 10797 
10800 10803 10806 10809 10812 10815 10818 10821 10824 
10827 10830 10833 10836 10839 10842 10845 10848 10851 
10854 10857 10860 10863 10866 10869 10872 10875 10878 
10881 10884 10887 10890 10893 10896 10899 10902 10905 
10908 10911 10914 10917 10920 10923 10926 10929 10932 
10935 10938 10941 10944 10947 10950 10953 10956 10959 
10962 10965 10968 10971 10974 10977 10980 10983 10986 
10989 10992 10995 10998 11001 11004 11007 11010 11013 
11016 11019 11022 11025 11028 11031 11034 11037 11040 
11043 11046 11049 11052 11055 11058 11061 11064 11067 
11070 11073 11076 11079 11082 11085 11088 11091 11094 
11097 11100 11103 11106 11109 11112 11115 11118 11121 
11124 11127 11130 11133 11136 11139 11142 11145 11148 
11151 11154 11157 11160 11163 11166 11169 11172 11175 
11178 11181 11184 11187 11190 11193 11196 11199 11202 
11205 11208 11211 11214 11217 11220 11223 11226 11229 
11232 11235 11238 11241 11244 11247 11250 11253 11256 
11259 11262 11265 11268 11271 11274 11277 11280 11283 
11286 11289 11292 11295 11298 11301 11304 11307 11310 
11313 11316 11319 11322 11325 11328 11331 11334 11337 
11340 11343 11346 11349 11352 11355 11358 11361 11364 
11367 11370 11373 11376 11379 11382 11385 11388 11391 
11394 11397 11400 11403 11406 11409 11412 11415 11418 
11421 11424 11427 11430 11433 11436 11439 11442 11445 
11448 11451 11454 11457 11460 11463 11466 11469 11472 
11475 11478 11481 11484 11487 11490 11493 11496 11499 
11502 11505 11508 11511 11514 11517 11520 11523 11526 
11529 11532 11535 11538 11541 11544 11547 11550 11553 
11556 11559 11562 11565 11568 11571 11574 11577 11580 
11583 11586 11589 11592 11595 11598 11601 11604 11607 
11610 11613 11616 11619 11622 11625 11628 11631 11634 
11637 11640 11643 11646 11649 11652 11655 11658 11661 
11664 11667 11670 11673 11676 11679 11682 11685 11688 
11691 11694 11697 11700 11703 11706 11709 11712 11715 
11718 11721 11724 11727 11730 11733 11736 11739 11742 
11745 11748 11751 11754 11757 11760 11763 11766 11769 
11772 11775 11778 11781 11784 11787 11790 11793 11796 
11799 11802 11805 11808 11811 11814 11817 11820 11823 
11826 11829 11832 11835 11838 11841 11844 11847 11850 
11853 11856 11859 11862 11865 11868 11871 11874 11877 
11880 11883 11886 11889 11892 11895 11898 11901 11904 
11907 11910 11913 11916 11919 11922 11925 11928 11931 
11934 11937 11940 11943 11946 11949 11952 11955 11958 
11961 11964 11967 11970 11973 11976 11979 11982 11985 
11988 11991 11994 11997 12000 12003 12006 12009 12012 
12015 12018 12021 12024 12027 12030 12033 12036 12039 
12042 12045 12048 12051 12054 12057 12060 12063 12066 
12069 12072 12075 12078 12081 12084 12087 12090 12093 
12096 12099 12102 12105 12108 12111 12114 12117 12120 
12123 12126 12129 12132 12135 12138 12141 12144 12147 
12150 12153 12156 12159 12162 12165 12168 12171 12174 
12177 12180 12183 12186 12189 12192 12195 12198 12201 
12204 12207 12210 12213 12216 12219 12222 12225 12228 
12231 12234 12237 12240 12243 12246 12249 12252 12255 
12258 12261 12264 12267 12270 12273 12276 12279 12282 
12285 12288 12291 12294 12297 12300 12303 12306 12309 
12312 12315 12318 12321 12324 12327 12330 12333 12336 
12339 12342 12345 12348 12351 12354 12357 12360 12363 
12366 12369 12372 12375 12378 12381 12384 12387 12390 
12393 12396 12399 12402 12405 12408 12411 12414 12417 
12420 12423 12426 12429 12432 12435 12438 12441 12444 
12447 12450 12453 12456 12459 12462 12465 12468 12471 
12474 12477 12480 12483 12486 12489 12492 12495 12498 
12501 12504 12507 12510 12513 12516 12519 12522 12525 
12528 12531 12534 12537 12540 12543 12546 12549 12552 
12555 12558 12561 12564 12567 12570 12573 12576 12579 
12582 12585 12588 12591 12594 12597 12600 12603 12606 
12609 12612 12615 12618 12621 12624 12627 12630 12633 
12636 12639 12642 12645 12648 12651 12654 12657 12660 
12663 12666 12669 12672 12675 12678 12681 12684 12687 
12690 12693 12696 12699 12702 12705 12708 12711 12714 
12717 12720 12723 12726 12729 12732 12735 12738 12741 
12744 12747 12750 12753 12756 12759 12762 12765 12768 
12771 12774 12777 12780 12783 12786 12789 12792 12795 
12798 12801 12804 12807 12810 12813 12816 12819 12822 
12825 12828 12831 12834 12837 12840 12843 12846 12849 
12852 12855 12858 12861 12864 12867 12870 12873 12876 
12879 12882 12885 12888 12891 12894 12897 12900 12903 
12906 12909 12912 12915 12918 12921 12924 12927 12930 
12933 12936 12939 12942 12945 12948 12951 12954 12957 
12960 12963 12966 12969 12972 12975 12978 12981 12984 
12987 12990 12993 12996 12999 13002 13005 13008 13011 
13014 13017 13020 13023 13026 13029 13032 13035 13038 
13041 13044 13047 13050 13053 13056 13059 13062 13065 
13068 13071 13074 13077 13080 13083 13086 13089 13092 
13095 13098 13101 13104 13107 13110 13113 13116 13119 
13122 13125 13128 13131 13134 13137 13140 13143 13146 
13149 13152 13155 13158 13161 13164 13167 13170 13173 
13176 13179 13182 13185 13188 13191 13194 13197 13200 
13203 13206 13209 13212 13215 13218 13221 13224 13227 
13230 13233 13236 13239 13242 13245 13248 13251 13254 
13257 13260 13263 13266 13269 13272 13275 13278 13281 
13284 13287 13290 13293 13296 13299 13302 13305 13308 
13311 13314 13317 13320 13323 13326 13329 13332 13335 
13338 13341 13344 13347 13350 13353 13356 13359 13362 
13365 13368 13371 13374 13377 13380 13383 13386 13389 
13392 13395 13398 13401 13404 13407 13410 13413 13416 
13419 13422 13425 13428 13431 13434 13437 13440 13443 
13446 13449 13452 13455 13458 13461 13464 13467 13470 
13473 13476 13479 13482 13485 13488 13491 13494 13497 
13500 13503 13506 13509 13512 13515 13518 13521 13524 
13527 13530 13533 13536 13539 13542 13545 13548 13551 
13554 13557 13560 13563 13566 13569 13572 13575 13578 
13581 13584 13587 13590 13593 13596 13599 13602 13605 
13608 13611 13614 13617 13620 13623 13626 13629 13632 
13635 13638 13641 13644 13647 13650 13653 13656 13659 
13662 13665 13668 13671 13674 13677 13680 13683 13686 
13689 13692 13695 13698 13701 13704 13707 13710 13713 
13716 13719 13722 13725 13728 13731 13734 13737 13740 
13743 13746 13749 13752 13755 13758 13761 13764 13767 
13770 13773 13776 13779 13782 13785 13788 13791 13794 
13797 13800 13803 13806 13809 13812 13815 13818 13821 
13824 13827 13830 13833 13836 13839 13842 13845 13848 
13851 13854 13857 13860 13863 13866 13869 13872 13875 
13878 13881 13884 13887 13890 13893 13896 13899 13902 
13905 13908 13911 13914 13917 13920 13923 13926 13929 
13932 13935 13938 13941 13944 13947 13950 13953 13956 
13959 13962 13965 13968 13971 13974 13977 13980 13983 
13986 13989 13992 13995 13998 14001 14004 14007 14010 
14013 14016 14019 14022 14025 14028 14031 14034 14037 
14040 14043 14046 14049 14052 14055 14058 14061 14064 
14067 14070 14073 14076 14079 14082 14085 14088 14091 
14094 14097 14100 14103 14106 14109 14112 14115 14118 
14121 14124 14127 14130 14133 14136 14139 14142 14145 
14148 14151 14154 14157 14160 14163 14166 14169 14172 
14175 14178 14181 14184 14187 14190 14193 14196 14199 
14202 14205 14208 14211 14214 14217 14220 14223 14226 
14229 14232 14235 14238 14241 14244 14247 14250 14253 
14256 14259 14262 14265 14268 14271 14274 14277 14280 
14283 14286 14289 14292 14295 14298 14301 14304 14307 
14310 14313 14316 14319 14322 14325 14328 14331 14334 
14337 14340 14343 14346 14349 14352 14355 14358 14361 
14364 14367 14370 14373 14376 14379 14382 14385 14388 
14391 14394 14397 14400 14403 14406 14409 14412 14415 
14418 14421 14424 14427 14430 14433 14436 14439 14442 
14445 14448 14451 14454 14457 14460 14463 14466 14469 
14472 14475 14478 14481 14484 14487 14490 14493 14496 
14499 14502 14505 14508 14511 14514 14517 14520 14523 
14526 14529 14532 14535 14538 14541 14544 14547 14550 
14553 14556 14559 14562 14565 14568 14571 14574 14577 
14580 14583 14586 14589 14592 14595 14598 14601 14604 
14607 14610 14613 14616 14619 14622 14625 14628 14631 
14634 14637 14640 14643 14646 14649 14652 14655 14658 
14661 14664 14667 14670 14673 14676 14679 14682 14685 
14688 14691 14694 14697 14700 14703 14706 14709 14712 
14715 14718 14721 14724 14727 14730 14733 14736 14739 
14742 14745 14748 14751 14754 14757 14760 14763 14766 
14769 14772 14775 14778 14781 14784 14787 14790 14793 
14796 14799 14802 14805 14808 14811 14814 14817 14820 
14823 14826 14829 14832 14835 14838 14841 14844 14847 
14850 14853 14856 14859 14862 14865 14868 14871 14874 
14877 14880 14883 14886 14889 14892 14895 14898 14901 
14904 14907 14910 14913 14916 14919 14922 14925 14928 
14931 14934 14937 14940 14943 14946 14949 14952 14955 
14958 14961 14964 14967 14970 14973 14976 14979 14982 
14985 14988 14991 14994 14997 15000 15003 15006 15009 
15012 15015 15018 15021 15024 15027 15030 15033 15036 
15039 15042 15045 15048 15051 15054 15057 15060 15063 
15066 15069 15072 15075 15078 15081 15084 15087 15090 
15093 15096 15099 15102 15105 15108 15111 15114 15117 
15120 15123 15126 15129 15132 15135 15138 15141 15144 
15147 15150 15153 15156 15159 15162 15165 15168 15171 
15174 15177 15180 15183 15186 15189 15192 15195 15198 
15201 15204 15207 15210 15213 15216 15219 15222 15225 
15228 15231 15234 15237 15240 15243 15246 15249 15252 
15255 15258 15261 15264 15267 15270 15273 15276 15279 
15282 15285 15288 15291 15294 15297 15300 15303 15306 
15309 15312 15315 15318 15321 15324 15327 15330 15333 
15336 15339 15342 15345 15348 15351 15354 15357 15360 
15363 15366 15369 15372 15375 15378 15381 15384 15387 
15390 15393 15396 15399 15402 15405 15408 15411 15414 
15417 15420 15423 15426 15429 15432 15435 15438 15441 
15444 15447 15450 15453 15456 15459 15462 15465 15468 
15471 15474 15477 15480 15483 15486 15489 15492 15495 
15498 15501 15504 15507 15510 15513 15516 15519 15522 
15525 15528 15531 15534 15537 15540 15543 15546 15549 
15552 15555 15558 15561 15564 15567 15570 15573 15576 
15579 15582 15585 15588 15591 15594 15597 15600 15603 
15606 15609 15612 15615 15618 15621 15624 15627 15630 
15633 15636 15639 15642 15645 15648 15651 15654 15657 
15660 15663 15666 15669 15672 15675 15678 15681 15684 
15687 15690 15693 15696 15699 15702 15705 15708 15711 
15714 15717 15720 15723 15726 15729 15732 15735 15738 
15741 15744 15747 15750 15753 15756 15759 15762 15765 
15768 15771 15774 15777 15780 15783 15786 15789 15792 
15795 15798 15801 15804 15807 15810 15813 15816 15819 
15822 15825 15828 15831 15834 15837 15840 15843 15846 
15849 15852 15855 15858 15861 15864 15867 15870 15873 
15876 15879 15882 15885 15888 15891 15894 15897 15900 
15903 15906 15909 15912 15915 15918 15921 15924 15927 
15930 15933 15936 15939 15942 15945 15948 15951 15954 
15957 15960 15963 15966 15969 15972 15975 15978 15981 
15984 15987 15990 15993 15996 15999 16002 16005 16008 
16011 16014 16017 16020 16023 16026 16029 16032 16035 
16038 16041 16044 16047 16050 16053 16056 16059 16062 
16065 16068 16071 16074 16077 16080 16083 16086 16089 
16092 16095 16098 16101 16104 16107 16110 16113 16116 
16119 16122 16125 16128 16131 16134 16137 16140 16143 
16146 16149 16152 16155 16158 16161 16164 16167 16170 
16173 16176 16179 16182 16185 16188 16191 16194 16197 
16200 16203 16206 16209 16212 16215 16218 16221 16224 
16227 16230 16233 16236 16239 16242 16245 16248 16251 
16254 16257 16260 16263 16266 16269 16272 16275 16278 
16281 16284 16287 16290 16293 16296 16299 16302 16305 
16308 16311 16314 16317 16320 16323 16326 16329 16332 
16335 16338 16341 16344 16347 16350 16353 16356 16359 
16362 16365 16368 16371 16374 16377 16380 16383 16386 
16389 16392 16395 16398 16401 16404 16407 16410 16413 
16416 16419 16422 16425 16428 16431 16434 16437 16440 
16443 16446 16449 16452 16455 16458 16461 16464 16467 
16470 16473 16476 16479 16482 16485 16488 16491 16494 
16497 16500 16503 16506 16509 16512 16515 16518 16521 
16524 16527 16530 16533 16536 16539 16542 16545 16548 
16551 16554 16557 16560 16563 16566 16569 16572 16575 
16578 16581 16584 16587 16590 16593 16596 16599 16602 
16605 16608 16611 16614 16617 16620 16623 16626 16629 
16632 16635 16638 16641 16644 16647 16650 16653 16656 
16659 16662 16665 16668 16671 16674 16677 16680 16683 
16686 16689 16692 16695 16698 16701 16704 16707 16710 
16713 16716 16719 16722 16725 16728 16731 16734 16737 
16740 16743 16746 16749 16752 16755 16758 16761 16764 
16767 16770 16773 16776 16779 16782 16785 16788 16791 
16794 16797 16800 16803 16806 16809 16812 16815 16818 
16821 16824 16827 16830 16833 16836 16839 16842 16845 
16848 16851 16854 16857 16860 16863 16866 16869 16872 
16875 16878 16881 16884 16887 16890 16893 16896 16899 
16902 16905 16908 16911 16914 16917 16920 16923 16926 
16929 16932 16935 16938 16941 16944 16947 16950 16953 
16956 16959 16962 16965 16968 16971 16974 16977 16980 
16983 16986 16989 16992 16995 16998 17001 17004 17007 
17010 17013 17016 17019 17022 17025 17028 17031 17034 
17037 17040 17043 17046 17049 17052 17055 17058 17061 
17064 17067 17070 17073 17076 17079 17082 17085 17088 
17091 17094 17097 17100 17103 17106 17109 17112 17115 
17118 17121 17124 17127 17130 17133 17136 17139 17142 
17145 17148 17151 17154 17157 17160 17163 17166 17169 
17172 17175 17178 17181 17184 17187 17190 17193 17196 
17199 17202 17205 17208 17211 17214 17217 17220 17223 
17226 17229 17232 17235 17238 17241 17244 17247 17250 
17253 17256 17259 17262 17265 17268 17271 17274 17277 
17280 17283 17286 17289 17292 17295 17298 17301 17304 
17307 17310 17313 17316 17319 17322 17325 17328 17331 
17334 17337 17340 17343 17346 17349 17352 17355 17358 
17361 17364 17367 17370 17373 17376 17379 17382 17385 
17388 17391 17394 17397 17400 17403 17406 17409 17412 
17415 17418 17421 17424 17427 17430 17433 17436 17439 
17442 17445 17448 17451 17454 17457 17460 17463 17466 
17469 17472 17475 17478 17481 17484 17487 17490 17493 
17496 17499 17502 17505 17508 17511 17514 17517 17520 
17523 17526 17529 17532 17535 17538 17541 17544 17547 
17550 17553 17556 17559 17562 17565 17568 17571 17574 
17577 17580 17583 17586 17589 17592 17595 17598 17601 
17604 17607 17610 17613 17616 17619 17622 17625 17628 
17631 17634 17637 17640 17643 17646 17649 17652 17655 
17658 17661 17664 17667 17670 17673 17676 17679 17682 
17685 17688 17691 17694 17697 17700 17703 17706 17709 
17712 17715 17718 17721 17724 17727 17730 17733 17736 
17739 17742 17745 17748 17751 17754 17757 17760 17763 
17766 17769 17772 17775 17778 17781 17784 17787 17790 
17793 17796 17799 17802 17805 17808 17811 17814 17817 
17820 17823 17826 17829 17832 17835 17838 17841 17844 
17847 17850 17853 17856 17859 17862 17865 17868 17871 
17874 17877 17880 17883 17886 17889 17892 17895 17898 
17901 17904 17907 17910 17913 17916 17919 17922 17925 
17928 17931 17934 17937 17940 17943 17946 17949 17952 
17955 17958 17961 17964 17967 17970 17973 17976 17979 
17982 17985 17988 17991 17994 17997 18000 18003 18006 
18009 18012 18015 18018 18021 18024 18027 18030 18033 
18036 18039 18042 18045 18048 18051 18054 18057 18060 
18063 18066 18069 18072 18075 18078 18081 18084 18087 
18090 18093 18096 18099 18102 18105 18108 18111 18114 
18117 18120 
CONNECTIVITY vtktypeint64
0 1 2 0 3 4 1 0 4 
4 3 5 0 2 6 6 7 8 
6 8 0 0 8 3 9 5 3 
9 3 10 10 3 8 9 10 11 
8 7 12 10 8 12 13 10 12 
11 10 13 14 15 16 15 14 17 
18 19 20 16 19 18 16 18 14 
14 18 21 22 17 14 22 14 23 
23 14 21 23 24 25 22 23 25 
24 26 27 25 24 27 27 26 28 
29 18 20 30 29 20 21 18 31 
31 18 29 23 21 32 32 21 31 
24 23 33 33 23 32 26 24 34 
34 24 33 35 28 26 35 26 36 
36 26 34 35 36 37 29 30 38 
1 39 2 1 29 39 1 31 29 
29 38 39 4 31 1 32 31 4 
5 32 4 5 40 32 40 33 32 
34 33 41 41 33 40 36 34 42 
42 34 41 43 37 36 42 43 36 
2 39 44 6 2 44 44 7 6 
45 7 44 5 9 40 11 40 9 
11 46 40 46 41 40 47 48 42 
47 42 46 46 42 41 43 42 48 
7 45 49 12 7 49 13 12 50 
12 49 50 46 11 13 46 13 51 
51 13 50 47 46 51 52 53 54 
52 55 56 53 52 56 55 57 58 
56 55 58 57 59 60 58 57 60 
59 61 62 60 59 62 62 61 63 
64 52 54 65 64 54 55 52 66 
66 52 64 57 55 67 67 55 66 
15 67 16 15 59 67 59 57 67 
17 59 15 17 68 59 68 61 59 
69 63 61 69 61 70 70 61 68 
70 71 72 69 70 72 72 71 73 
64 65 74 74 75 76 74 76 64 
64 76 66 19 76 20 19 67 76 
67 66 76 16 67 19 17 22 68 
25 68 22 70 68 25 27 70 25 
71 70 27 28 77 78 27 28 78 
27 78 73 27 73 71 77 79 80 
78 77 80 80 79 81 76 75 82 
82 20 76 82 83 20 83 30 20 
28 35 77 37 77 35 37 84 77 
84 79 77 85 81 79 85 79 86 
86 79 84 85 86 87 30 83 88 
38 30 88 88 39 38 89 39 88 
84 90 91 84 37 90 37 43 90 
86 84 91 92 86 91 87 86 92 
39 89 93 44 39 93 93 45 44 
94 45 93 48 95 96 47 95 48 
90 43 48 96 90 48 45 94 97 
49 45 97 50 49 98 49 97 98 
51 50 99 50 98 99 95 47 51 
99 95 51 100 101 102 101 100 103 
100 102 104 105 106 107 103 100 104 
107 108 109 105 107 109 109 108 110 
111 107 106 112 111 106 108 107 113 
113 107 111 114 110 108 114 108 115 
115 108 113 115 116 117 114 115 117 
116 118 119 117 116 119 119 118 120 
111 112 121 113 111 121 122 113 121 
122 123 124 122 124 113 113 124 115 
116 115 125 125 115 124 118 116 126 
126 116 125 127 120 118 127 118 128 
128 118 126 128 129 130 127 128 130 
129 131 132 130 129 132 131 133 134 
132 131 134 133 135 136 134 133 136 
136 135 137 124 123 138 125 124 138 
139 125 138 139 140 141 139 141 125 
125 141 126 53 141 54 53 128 141 
128 126 141 56 128 53 129 128 56 
58 129 56 131 129 58 60 131 58 
133 131 60 62 133 60 135 133 62 
63 142 143 62 63 143 62 143 137 
62 137 135 142 144 145 143 142 145 
144 146 147 145 144 147 147 146 148 
141 140 149 149 54 141 149 150 54 
150 65 54 63 69 142 72 142 69 
144 142 72 73 144 72 73 151 144 
151 146 144 152 148 146 152 146 153 
153 146 151 153 154 155 152 153 155 
154 156 157 155 154 157 157 156 158 
65 150 159 74 65 159 159 75 74 
160 75 159 73 78 151 80 151 78 
153 151 80 81 153 80 81 161 153 
161 154 153 156 154 162 162 154 161 
163 158 156 162 163 156 75 160 164 
82 75 164 164 83 82 165 83 164 
81 85 161 166 162 161 166 161 87 
166 87 167 85 87 161 163 162 166 
83 165 168 88 83 168 168 89 88 
169 89 168 91 170 171 90 170 91 
92 91 172 91 171 172 167 87 92 
172 167 92 89 169 173 93 89 173 
173 94 93 174 94 173 96 175 176 
95 175 96 170 90 96 176 170 96 
94 174 177 97 94 177 98 97 178 
97 177 178 99 98 179 98 178 179 
175 95 99 179 175 99 101 180 181 
102 101 181 103 182 183 103 183 101 
101 183 180 182 184 185 183 182 185 
184 186 187 185 184 187 186 188 189 
187 186 189 189 188 190 191 104 102 
191 102 192 192 102 181 104 182 103 
104 191 182 105 182 106 106 182 191 
109 182 105 184 182 109 110 184 109 
110 193 184 193 186 184 188 186 194 
194 186 193 195 190 188 195 188 196 
196 188 194 196 197 198 195 196 198 
198 197 199 200 191 192 201 200 192 
106 200 112 191 200 106 110 114 193 
117 193 114 194 193 117 119 194 117 
196 194 119 120 196 119 120 202 196 
202 197 196 203 199 197 203 197 204 
204 197 202 204 205 206 203 204 206 
206 205 207 200 201 208 112 200 208 
112 208 121 121 208 209 210 209 211 
210 122 209 122 121 209 122 210 123 
120 127 202 130 202 127 204 202 130 
132 204 130 205 204 132 205 212 207 
205 132 212 132 134 212 136 213 134 
134 213 212 137 214 215 137 215 136 
136 215 213 214 216 217 215 214 217 
216 218 219 217 216 219 218 220 221 
219 218 221 221 220 222 210 211 223 
123 210 223 123 223 138 138 223 224 
225 224 226 225 139 224 139 138 224 
139 225 140 137 143 214 145 214 143 
216 214 145 147 216 145 218 216 147 
148 218 147 148 227 218 227 220 218 
228 222 220 228 220 229 229 220 227 
228 229 230 225 226 231 140 225 231 
140 231 149 149 231 232 232 150 149 
233 150 232 148 152 227 155 227 152 
229 227 155 229 234 230 229 155 234 
155 157 234 234 157 158 235 234 158 
150 233 236 159 150 236 236 160 159 
237 160 236 238 163 239 238 235 163 
235 158 163 238 239 240 160 237 241 
164 160 241 241 165 164 242 165 241 
166 243 244 167 243 166 239 163 166 
239 166 245 245 166 244 240 239 245 
165 242 246 168 165 246 246 169 168 
247 169 246 171 248 249 170 248 171 
172 171 250 171 249 250 243 167 172 
250 243 172 169 247 251 173 169 251 
251 174 173 252 174 251 176 253 254 
175 253 176 248 170 176 254 248 176 
174 252 255 177 174 255 178 177 256 
177 255 256 179 178 257 178 256 257 
253 175 179 257 253 179 258 259 260 
258 261 262 259 258 262 262 261 263 
180 264 265 181 180 265 260 183 258 
260 264 183 264 180 183 185 258 183 
261 258 185 261 266 263 261 185 266 
185 187 266 189 267 187 187 267 266 
190 268 269 190 269 189 189 269 267 
269 268 270 181 265 192 265 271 192 
190 195 268 268 272 270 268 195 272 
195 198 272 199 273 274 199 274 198 
198 274 272 274 273 275 276 277 201 
276 201 271 271 201 192 276 278 277 
199 203 273 273 279 275 273 203 279 
203 206 279 207 280 281 207 281 206 
206 281 279 280 282 283 281 280 283 
282 284 285 283 282 285 285 284 286 
201 277 208 277 278 287 277 287 208 
208 287 209 287 211 209 288 211 287 
207 212 280 213 280 212 282 280 213 
215 282 213 284 282 215 284 289 286 
284 215 289 215 217 289 219 290 217 
217 290 289 221 291 219 219 291 290 
222 292 293 222 293 221 221 293 291 
293 292 294 211 288 295 223 211 295 
224 223 296 223 295 296 296 226 224 
297 226 296 222 228 292 230 298 299 
228 230 299 228 299 294 228 294 292 
299 298 300 226 297 301 231 226 301 
232 231 302 231 301 302 302 233 232 
303 233 302 230 234 298 235 304 305 
234 235 305 234 305 300 234 300 298 
305 304 306 233 303 307 236 233 307 
307 237 236 308 237 307 309 235 238 
309 310 235 304 235 311 311 235 310 
304 311 306 238 240 309 237 308 312 
241 237 312 312 242 241 313 242 312 
314 315 316 314 244 243 314 316 244 
316 317 244 310 309 245 310 245 317 
317 245 244 240 245 309 242 313 318 
246 242 318 318 247 246 319 247 318 
249 320 321 248 320 249 315 314 250 
315 250 321 321 250 249 243 250 314 
247 319 322 251 247 322 322 252 251 
323 252 322 254 324 325 253 324 254 
320 248 254 325 320 254 252 323 326 
255 252 326 256 255 327 255 326 327 
257 256 328 256 327 328 324 253 257 
328 324 257 259 329 330 260 259 330 
262 331 259 259 331 329 263 332 333 
263 333 262 262 333 331 332 334 335 
333 332 335 335 334 336 264 337 265 
264 338 337 264 260 338 260 330 338 
263 266 332 267 332 266 334 332 267 
334 339 336 334 267 339 267 269 339 
270 340 341 270 341 269 269 341 339 
341 340 342 337 343 271 265 337 271 
344 337 338 343 337 344 270 272 340 
340 345 342 340 272 345 272 274 345 
275 346 347 275 347 274 274 347 345 
346 348 349 347 346 349 349 348 350 
271 343 276 343 278 276 343 344 278 
344 351 278 275 279 346 281 346 279 
348 346 281 348 352 350 348 281 352 
281 283 352 285 353 283 283 353 352 
286 354 355 286 355 285 285 355 353 
354 356 357 355 354 357 356 358 359 
357 356 359 359 358 360 278 351 361 
287 278 361 361 288 287 362 288 361 
286 289 354 290 354 289 356 354 290 
291 356 290 358 356 291 358 291 293 
358 293 363 358 363 360 363 293 364 
293 294 364 288 362 365 295 288 365 
296 295 366 295 365 366 366 297 296 
367 297 366 364 368 363 369 370 368 
299 369 368 299 368 364 299 364 294 
299 300 369 371 372 373 372 371 374 
297 367 375 301 297 375 302 301 376 
301 375 376 376 303 302 377 303 376 
369 378 370 300 378 369 300 305 378 
305 379 378 379 305 306 379 306 380 
381 371 373 374 371 381 303 377 382 
307 303 382 382 308 307 383 308 382 
311 384 385 310 384 311 380 306 311 
385 380 311 308 383 386 312 308 386 
386 313 312 387 313 386 316 315 388 
389 316 388 389 390 316 390 317 316 
384 310 317 390 384 317 313 387 391 
318 313 391 391 319 318 392 319 391 
321 393 394 320 393 321 388 315 321 
388 321 395 395 321 394 389 388 395 
319 392 396 322 319 396 323 397 398 
323 322 397 322 396 397 397 399 398 
325 400 401 324 400 325 393 320 325 
401 393 325 323 398 326 398 399 402 
398 402 326 326 402 327 328 327 403 
327 402 403 400 324 328 403 400 328 
404 405 406 404 407 408 405 404 408 
408 407 409 329 410 411 330 329 411 
406 331 404 406 410 331 410 329 331 
333 404 331 407 404 333 407 412 409 
407 333 412 333 335 412 412 335 336 
413 412 336 414 415 338 414 338 411 
411 338 330 414 416 415 336 417 413 
339 417 336 341 418 339 339 418 417 
418 341 342 419 418 342 415 420 344 
338 415 344 421 415 416 420 415 421 
342 422 419 345 422 342 347 423 345 
345 423 422 349 424 347 347 424 423 
350 425 426 350 426 349 349 426 424 
425 427 428 426 425 428 427 429 430 
428 427 430 430 429 431 420 432 351 
344 420 351 433 420 421 432 420 433 
350 352 425 353 425 352 427 425 353 
355 427 353 429 427 355 429 434 431 
429 355 434 355 357 434 435 436 434 
435 434 359 359 434 357 359 360 435 
351 432 361 432 362 361 432 433 362 
433 437 362 435 438 436 435 360 363 
435 363 439 435 439 438 440 439 363 
439 440 441 362 437 442 365 362 442 
366 365 443 365 442 443 443 367 366 
444 367 443 363 368 440 370 445 446 
368 370 446 368 446 441 368 441 440 
445 447 448 446 445 448 447 373 372 
447 372 448 448 372 449 449 372 374 
450 449 374 367 444 451 375 367 451 
452 451 453 452 376 451 376 375 451 
376 452 377 370 378 445 379 445 378 
447 445 379 381 447 454 381 373 447 
454 447 455 379 380 447 455 447 380 
450 374 381 454 450 381 452 453 456 
377 452 456 377 456 382 382 456 457 
457 383 382 458 383 457 385 459 460 
384 459 385 455 380 385 460 455 385 
383 458 461 386 383 461 461 387 386 
462 387 461 390 463 464 389 463 390 
459 384 390 464 459 390 387 462 465 
391 387 465 392 466 467 392 391 466 
391 465 466 466 468 467 394 469 470 
393 469 394 395 394 471 394 470 471 
463 389 395 471 463 395 392 467 396 
467 468 472 467 472 396 396 472 397 
399 473 474 399 397 473 397 472 473 
474 475 476 473 475 474 476 401 400 
476 475 401 475 477 401 469 393 401 
477 469 401 399 474 402 403 402 474 
476 403 474 400 403 476 478 479 480 
478 481 482 479 478 482 482 481 483 
405 478 480 405 480 406 406 480 484 
408 478 405 481 478 408 409 485 486 
408 409 486 408 486 483 408 483 481 
486 485 487 410 488 411 410 489 488 
410 406 489 406 484 489 409 412 485 
413 490 491 412 413 491 412 491 487 
412 487 485 491 490 492 411 488 414 
488 416 414 488 489 416 489 493 416 
413 417 490 490 494 492 490 417 494 
417 418 494 419 495 496 419 496 418 
418 496 494 496 495 497 416 493 421 
493 498 421 419 422 495 495 499 497 
495 422 499 422 423 499 424 500 423 
423 500 499 426 501 424 424 501 500 
428 502 426 426 502 501 503 504 502 
503 502 430 430 502 428 430 431 503 
505 506 433 505 433 498 498 433 421 
505 507 506 503 508 504 431 508 503 
431 434 508 434 509 508 509 434 436 
510 509 436 506 511 437 433 506 437 
512 506 507 511 506 512 436 513 510 
438 513 436 439 514 438 438 514 513 
441 515 516 441 516 439 439 516 514 
515 517 518 516 515 518 517 519 520 
518 517 520 519 521 522 520 519 522 
522 521 523 437 511 442 511 512 524 
511 524 442 442 524 443 524 444 443 
525 444 524 441 446 515 448 515 446 
517 515 448 449 517 448 519 517 449 
526 521 519 526 519 450 526 450 527 
449 450 519 523 521 526 444 525 528 
451 444 528 453 529 530 453 451 529 
451 528 529 529 531 530 454 532 533 
455 532 454 527 450 454 533 527 454 
453 530 456 530 531 534 530 534 456 
456 534 457 534 458 457 535 458 534 
460 536 537 459 536 460 532 455 460 
537 532 460 458 535 538 461 458 538 
538 462 461 539 462 538 464 540 541 
463 540 464 536 459 464 541 536 464 
462 539 542 465 462 542 466 465 543 
465 542 543 543 468 466 544 468 543 
470 545 546 469 545 470 471 470 547 
470 546 547 540 463 471 547 540 471 
468 544 548 472 468 548 473 472 549 
472 548 549 475 473 550 473 549 550 
477 475 551 475 550 551 545 469 477 
551 545 477 552 553 554 553 552 555 
479 556 557 480 479 557 554 482 552 
554 556 482 556 479 482 483 558 559 
482 483 559 482 559 555 482 555 552 
559 558 560 480 557 484 557 561 484 
483 486 558 487 562 563 486 487 563 
486 563 560 486 560 558 563 562 564 
484 561 489 561 565 489 487 491 562 
492 566 567 491 492 567 491 567 564 
491 564 562 566 568 569 567 566 569 
569 568 570 489 565 493 565 571 493 
492 494 566 496 566 494 568 566 496 
497 572 573 496 497 573 496 573 570 
496 570 568 572 574 575 573 572 575 
575 574 576 577 578 498 577 498 571 
571 498 493 577 579 578 497 499 572 
500 572 499 574 572 500 574 580 576 
574 500 580 500 501 580 502 581 501 
501 581 580 581 502 504 582 581 504 
498 578 505 578 507 505 578 579 507 
579 583 507 504 584 582 508 584 504 
509 585 508 508 585 584 510 586 587 
510 587 509 509 587 585 586 588 589 
587 586 589 588 590 591 589 588 591 
591 590 592 507 583 512 583 593 512 
510 513 586 514 586 513 588 586 514 
516 588 514 590 588 516 590 594 592 
590 516 594 516 518 594 520 595 518 
518 595 594 522 596 520 520 596 595 
596 522 523 597 596 523 512 593 598 
524 512 598 598 525 524 599 525 598 
526 600 601 527 600 526 597 523 526 
601 597 526 525 599 602 528 525 602 
529 528 603 528 602 603 603 531 529 
604 531 603 533 605 606 532 605 533 
600 527 533 606 600 533 531 604 607 
534 531 607 607 535 534 608 535 607 
537 609 610 536 609 537 605 532 537 
610 605 537 535 608 611 538 535 611 
611 539 538 612 539 611 541 613 614 
540 613 541 609 536 541 614 609 541 
539 612 615 542 539 615 543 542 616 
542 615 616 544 617 618 544 543 617 
543 616 617 617 619 618 546 545 620 
621 546 620 621 622 546 622 547 546 
613 540 547 622 613 547 544 618 548 
618 619 623 618 623 548 548 623 549 
550 549 624 549 623 624 551 550 625 
550 624 625 620 545 551 620 551 626 
626 551 625 621 620 626 553 627 628 
554 553 628 555 629 630 555 630 553 
553 630 627 630 629 631 556 632 557 
556 633 632 556 554 633 554 628 633 
555 559 629 560 634 635 559 560 635 
559 635 631 559 631 629 634 636 637 
635 634 637 637 636 638 632 639 640 
632 640 557 557 640 561 633 639 632 
560 563 634 564 634 563 564 641 634 
641 636 634 642 638 636 642 636 643 
643 636 641 642 643 644 561 640 565 
640 645 565 564 567 641 569 641 567 
643 641 569 643 569 570 643 570 644 
644 570 646 647 648 571 647 571 645 
645 571 565 647 649 648 570 650 646 
573 650 570 651 652 650 651 650 575 
575 650 573 575 576 651 571 648 577 
648 579 577 648 649 579 649 653 579 
651 654 652 576 654 651 576 580 654 
580 655 654 581 656 580 580 656 655 
582 657 658 582 658 581 581 658 656 
657 659 660 658 657 660 659 661 662 
660 659 662 661 663 664 662 661 664 
663 665 666 664 663 666 666 665 667 
668 669 583 668 583 653 653 583 579 
668 670 669 582 584 657 585 657 584 
659 657 585 587 659 585 661 659 587 
589 661 587 663 661 589 591 663 589 
665 663 591 592 671 672 591 592 672 
591 672 667 591 667 665 672 671 673 
674 675 676 675 674 677 669 678 593 
583 669 593 679 669 670 678 669 679 
592 594 671 671 680 673 671 594 680 
594 595 680 596 681 595 595 681 680 
681 596 597 682 681 597 674 676 683 
677 674 683 593 678 598 678 599 598 
678 679 599 679 684 599 601 685 686 
600 685 601 682 597 601 686 682 601 
599 684 687 602 599 687 603 602 688 
602 687 688 688 604 603 689 604 688 
606 690 691 605 690 606 685 600 606 
691 685 606 604 689 692 607 604 692 
692 608 607 693 608 692 610 694 695 
609 694 610 690 605 610 695 690 610 
608 693 696 611 608 696 696 612 611 
697 612 696 614 698 699 613 698 614 
694 609 614 699 694 614 612 697 700 
615 612 700 616 615 701 615 700 701 
617 616 702 616 701 702 619 703 704 
619 617 703 617 702 703 703 705 704 
706 707 708 706 622 621 706 708 622 
708 709 622 698 613 622 709 698 622 
619 704 623 704 705 710 704 710 623 
623 710 624 625 624 711 624 710 711 
707 706 626 707 626 711 711 626 625 
621 626 706 712 713 714 713 712 715 
627 716 628 717 716 627 717 627 718 
718 627 630 631 719 720 631 720 630 
630 720 718 714 720 719 714 719 712 
712 719 721 722 715 712 722 712 723 
723 712 721 722 723 724 716 725 726 
716 726 628 628 726 633 717 725 716 
631 635 719 637 719 635 721 719 637 
638 721 637 638 727 721 727 723 721 
728 724 723 728 723 729 729 723 727 
728 729 730 639 731 640 639 732 731 
639 633 732 633 726 732 638 642 727 
733 729 727 733 727 644 733 644 734 
642 644 727 730 729 733 731 735 736 
731 736 640 640 736 645 732 735 731 
737 646 738 737 734 646 734 644 646 
737 738 739 740 741 742 741 740 743 
645 736 744 647 645 744 744 649 647 
745 649 744 646 650 738 652 746 747 
650 652 747 650 747 739 650 739 738 
747 746 748 749 750 751 749 752 753 
750 749 753 752 754 755 753 752 755 
754 756 757 755 754 757 756 758 759 
757 756 759 759 758 760 740 742 761 
743 740 761 762 763 653 762 653 745 
745 653 649 762 764 763 652 654 746 
746 765 748 746 654 765 654 655 765 
656 766 655 655 766 765 751 658 749 
751 766 658 766 656 658 660 749 658 
752 749 660 662 752 660 754 752 662 
664 754 662 756 754 664 666 756 664 
758 756 666 667 767 768 666 667 768 
666 768 760 666 760 758 768 767 769 
653 763 668 763 670 668 763 764 670 
764 770 670 667 672 767 673 771 772 
672 673 772 672 772 769 672 769 767 
772 771 773 774 775 776 774 777 778 
775 774 778 779 676 675 780 778 777 
675 677 779 781 782 679 781 679 770 
770 679 670 781 783 782 673 680 771 
771 680 681 771 681 784 771 784 773 
784 681 785 774 776 786 682 785 681 
777 774 786 787 777 786 676 779 683 
777 787 780 677 683 779 782 788 684 
679 782 684 789 782 783 788 782 789 
790 791 792 784 790 792 785 790 784 
785 685 790 785 686 685 682 686 785 
684 788 687 788 789 793 788 793 687 
687 793 688 793 689 688 794 689 793 
691 791 790 691 690 791 690 795 791 
685 691 790 689 794 796 692 689 796 
796 693 692 797 693 796 695 798 799 
694 798 695 795 690 695 799 795 695 
693 797 800 696 693 800 697 801 802 
697 696 801 696 800 801 801 803 802 
804 805 806 804 699 698 804 806 699 
806 807 699 798 694 699 807 798 699 
697 802 700 802 803 808 802 808 700 
700 808 701 702 701 809 701 808 809 
703 702 810 702 809 810 705 811 812 
705 703 811 703 810 811 812 813 814 
811 813 812 814 708 707 814 813 708 
813 815 708 805 804 709 805 709 815 
815 709 708 698 709 804 705 812 710 
711 710 812 814 711 812 707 711 814 
713 816 714 713 715 816 718 817 717 
818 817 718 818 718 819 819 718 720 
816 720 714 816 820 720 820 819 720 
715 820 816 715 722 820 722 821 820 
724 822 823 724 823 722 722 823 821 
823 822 824 725 825 726 725 826 825 
717 826 725 717 827 826 717 817 827 
818 827 817 724 728 822 730 828 829 
728 730 829 728 829 824 728 824 822 
829 828 830 825 831 732 726 825 732 
832 825 826 831 825 832 733 734 833 
733 833 834 730 733 834 730 834 835 
730 835 828 830 828 835 836 837 838 
837 836 839 735 840 736 735 841 840 
732 841 735 732 842 841 732 831 842 
832 842 831 734 737 833 739 843 844 
737 739 844 737 844 834 737 834 833 
844 843 845 846 847 848 846 849 850 
847 846 850 849 851 852 850 849 852 
851 853 854 852 851 854 838 854 853 
838 853 836 836 853 855 742 741 856 
742 856 836 742 836 855 839 836 856 
743 857 858 743 858 741 741 858 856 
858 857 859 736 840 744 840 745 744 
840 841 745 841 860 745 739 747 843 
748 861 862 747 748 862 747 862 845 
747 845 843 861 863 864 862 861 864 
863 751 750 863 750 864 864 750 865 
848 753 846 848 865 753 865 750 753 
755 846 753 849 846 755 757 849 755 
851 849 757 759 851 757 853 851 759 
760 853 759 760 866 853 866 855 853 
742 867 761 742 855 867 855 866 867 
761 867 868 743 761 868 743 868 869 
743 869 857 859 857 869 745 860 870 
762 745 870 870 764 762 871 764 870 
748 765 861 766 861 765 863 861 766 
751 863 766 760 768 866 769 866 768 
769 872 866 872 867 866 873 868 867 
872 873 867 874 875 770 874 770 871 
871 770 764 874 876 875 769 772 872 
773 877 878 772 773 878 772 878 873 
772 873 872 877 776 775 877 775 878 
878 775 879 880 881 879 880 879 778 
778 879 775 778 780 880 770 875 781 
875 783 781 875 876 783 876 882 783 
877 784 883 773 784 877 776 877 883 
776 883 884 776 884 786 884 883 885 
881 880 787 881 787 884 884 787 786 
780 787 880 783 882 789 882 886 789 
792 791 887 792 887 888 784 792 888 
784 888 889 784 889 883 885 883 889 
789 886 890 793 789 890 890 794 793 
891 794 890 887 892 893 887 791 892 
791 795 892 888 887 893 794 891 894 
796 794 894 894 797 796 895 797 894 
799 896 897 798 896 799 892 795 799 
897 892 799 797 895 898 800 797 898 
801 800 899 800 898 899 803 900 901 
803 801 900 801 899 900 901 902 903 
900 902 901 902 904 903 806 905 906 
805 905 806 807 806 907 806 906 907 
896 798 807 907 896 807 803 901 808 
809 808 901 903 809 901 903 904 908 
903 908 809 809 908 810 811 810 909 
810 908 909 813 811 910 811 909 910 
815 813 911 813 910 911 905 805 815 
911 905 815 819 912 818 913 912 819 
913 819 914 914 819 820 821 915 820 
820 915 914 823 916 821 821 916 915 
824 917 918 824 918 823 823 918 916 
918 917 919 827 920 826 827 921 920 
818 921 827 818 922 921 818 912 922 
913 922 912 824 829 917 830 923 924 
829 830 924 829 924 919 829 919 917 
924 923 925 926 927 928 927 926 929 
920 930 832 826 920 832 931 920 921 
930 920 931 835 834 932 835 932 933 
830 835 933 830 933 934 830 934 923 
935 936 937 925 923 934 935 937 938 
939 940 941 939 942 943 940 939 943 
928 943 942 928 942 926 926 942 944 
945 929 926 945 926 946 946 926 944 
946 838 837 946 837 945 945 837 947 
947 837 839 948 947 839 842 949 841 
842 950 949 832 950 842 832 951 950 
832 930 951 931 951 930 834 844 932 
845 952 953 844 845 953 844 953 933 
844 933 932 936 953 952 936 952 937 
937 952 954 955 938 937 955 937 956 
956 937 954 941 955 956 939 941 956 
939 956 848 939 848 847 850 939 847 
942 939 850 852 942 850 944 942 852 
854 944 852 946 944 854 838 946 854 
839 957 948 856 957 839 858 958 856 
856 958 957 859 959 960 859 960 858 
858 960 958 960 959 961 949 962 860 
841 949 860 963 949 950 962 949 963 
845 862 952 864 952 862 954 952 864 
865 954 864 956 954 865 848 956 865 
869 868 964 869 964 965 859 869 965 
859 965 966 859 966 959 961 959 966 
860 962 870 871 967 968 870 967 871 
870 963 967 870 962 963 967 969 968 
964 873 970 868 873 964 971 965 964 
971 964 972 972 964 970 971 972 973 
974 975 976 975 974 977 871 968 874 
968 876 874 968 969 876 969 978 876 
873 878 970 879 970 878 972 970 879 
972 879 881 972 881 973 973 881 979 
974 976 980 977 974 980 876 978 882 
978 981 882 884 982 983 885 982 884 
979 881 884 983 979 884 984 985 886 
984 886 981 981 886 882 984 986 985 
889 987 988 888 987 889 982 885 889 
988 982 889 886 985 890 985 891 890 
985 986 891 986 989 891 893 990 991 
892 990 893 987 888 893 991 987 893 
891 989 992 894 891 992 895 993 994 
895 894 993 894 992 993 993 995 994 
897 996 997 896 996 897 990 892 897 
997 990 897 895 994 898 994 995 998 
994 998 898 898 998 899 900 899 999 
899 998 999 902 900 1000 900 999 1000 
904 1001 1002 904 902 1001 902 1000 1001 
1001 1003 1002 906 1004 1005 905 1004 906 
907 906 1006 906 1005 1006 996 896 907 
1006 996 907 904 1002 908 1002 1003 1007 
1002 1007 908 908 1007 909 910 909 1008 
909 1007 1008 911 910 1009 910 1008 1009 
1004 905 911 1009 1004 911 914 1010 913 
1011 1010 914 1011 914 1012 1012 914 915 
916 1013 915 915 1013 1012 918 1014 916 
916 1014 1013 1014 918 919 1015 1014 919 
922 1016 921 922 1017 1016 913 1017 922 
913 1018 1017 913 1010 1018 1011 1018 1010 
919 1019 1015 924 1019 919 925 1020 1021 
925 1021 924 924 1021 1019 1020 1022 1023 
1021 1020 1023 1022 1024 1025 1023 1022 1025 
1024 1026 1027 1025 1024 1027 1026 928 927 
1026 927 1027 1027 927 1028 929 1029 1030 
929 1030 927 927 1030 1028 1030 1029 1031 
1016 1032 1033 1016 1033 921 921 1033 931 
1017 1032 1016 934 933 1034 934 1020 925 
934 1034 1020 935 1020 936 936 1020 1034 
938 1020 935 938 1035 1020 1035 1022 1020 
940 1035 941 940 1024 1035 1024 1022 1035 
943 1024 940 1026 1024 943 928 1026 943 
929 945 1029 1029 1036 1031 1029 945 1036 
945 947 1036 948 1037 1038 948 1038 947 
947 1038 1036 1038 1037 1039 951 1040 950 
951 1041 1040 951 931 1041 931 1033 1041 
933 953 1034 936 1034 953 938 955 1035 
941 1035 955 948 957 1037 1037 1042 1039 
1037 957 1042 957 958 1042 960 1043 958 
958 1043 1042 1043 960 961 1044 1043 961 
1040 1045 963 950 1040 963 1046 1040 1041 
1045 1040 1046 966 965 1047 966 1047 1048 
966 1048 961 961 1048 1044 1049 1050 1051 
1050 1049 1052 963 1045 967 1045 969 967 
1045 1046 969 1046 1053 969 965 971 1047 
973 1054 1055 971 973 1055 971 1055 1048 
971 1048 1047 1054 1056 1057 1055 1054 1057 
1049 1051 1058 1059 976 975 1057 1056 1060 
1049 1058 1052 975 977 1059 1061 1062 978 
1061 978 1053 1053 978 969 1061 1063 1062 
1054 1064 1065 1054 973 1064 973 979 1064 
1056 1054 1065 1066 1056 1065 976 1059 980 
1056 1066 1060 977 980 1059 1062 1067 981 
978 1062 981 1068 1062 1063 1067 1062 1068 
983 1069 1070 982 1069 983 1064 979 983 
1070 1064 983 981 1067 984 1067 986 984 
1067 1068 986 1068 1071 986 988 1072 1073 
987 1072 988 1069 982 988 1073 1069 988 
986 1071 989 1071 1074 989 991 1075 1076 
990 1075 991 1072 987 991 1076 1072 991 
989 1074 1077 992 989 1077 993 992 1078 
992 1077 1078 995 1079 1080 995 993 1079 
993 1078 1079 1079 1081 1080 1082 1083 1084 
1082 997 996 1082 1084 997 1084 1085 997 
1075 990 997 1085 1075 997 995 1080 998 
1080 1081 1086 1080 1086 998 998 1086 999 
1000 999 1087 999 1086 1087 1001 1000 1088 
1000 1087 1088 1003 1089 1090 1003 1001 1089 
1001 1088 1089 1090 1091 1092 1089 1091 1090 
1092 1093 1094 1091 1093 1092 1094 1005 1004 
1094 1093 1005 1093 1095 1005 1083 1082 1006 
1083 1006 1095 1095 1006 1005 996 1006 1082 
1003 1090 1007 1008 1007 1090 1092 1008 1090 
1009 1008 1092 1094 1009 1092 1004 1009 1094 
1012 1096 1011 1097 1096 1012 1097 1012 1098 
1098 1012 1013 1099 1100 1098 1099 1098 1014 
1014 1098 1013 1014 1015 1099 1101 1102 1103 
1102 1101 1104 1018 1105 1017 1018 1106 1105 
1011 1106 1018 1011 1107 1106 1011 1096 1107 
1097 1107 1096 1099 1108 1100 1015 1108 1099 
1015 1019 1108 1019 1109 1108 1021 1110 1019 
1019 1110 1109 1023 1111 1021 1021 1111 1110 
1103 1025 1101 1103 1111 1025 1111 1023 1025 
1101 1112 1104 1101 1025 1112 1025 1027 1112 
1028 1113 1027 1027 1113 1112 1030 1114 1028 
1028 1114 1113 1114 1030 1031 1115 1114 1031 
1032 1116 1033 1032 1117 1116 1017 1117 1032 
1017 1118 1117 1017 1105 1118 1106 1118 1105 
1031 1119 1115 1036 1119 1031 1038 1120 1036 
1036 1120 1119 1039 1121 1122 1039 1122 1038 
1038 1122 1120 1122 1121 1123 1116 1124 1125 
1116 1125 1033 1033 1125 1041 1117 1124 1116 
1039 1042 1121 1121 1126 1123 1121 1042 1126 
1042 1043 1126 1044 1127 1128 1044 1128 1043 
1043 1128 1126 1128 1127 1129 1041 1125 1046 
1125 1130 1046 1127 1048 1131 1044 1048 1127 
1132 1129 1127 1132 1127 1133 1133 1127 1131 
1134 1051 1050 1135 1132 1133 1050 1052 1134 
1136 1137 1053 1136 1053 1130 1130 1053 1046 
1136 1138 1137 1048 1055 1131 1057 1131 1055 
1133 1131 1057 1057 1060 1139 1057 1139 1140 
1057 1140 1133 1135 1133 1140 1051 1134 1058 
1058 1134 1052 1139 1141 1140 1053 1137 1061 
1137 1063 1061 1137 1138 1063 1138 1142 1063 
1065 1143 1144 1064 1143 1065 1066 1065 1145 
1065 1144 1145 1139 1060 1066 1139 1066 1146 
1146 1066 1145 1141 1139 1146 1063 1142 1068 
1142 1147 1068 1070 1148 1149 1069 1148 1070 
1143 1064 1070 1149 1143 1070 1068 1147 1071 
1147 1150 1071 1073 1151 1152 1072 1151 1073 
1148 1069 1073 1152 1148 1073 1153 1154 1074 
1153 1074 1150 1150 1074 1071 1153 1155 1154 
1076 1156 1157 1075 1156 1076 1151 1072 1076 
1157 1151 1076 1074 1154 1077 1154 1155 1158 
1154 1158 1077 1077 1158 1078 1079 1078 1159 
1078 1158 1159 1081 1160 1161 1081 1079 1160 
1079 1159 1160 1161 1162 1163 1160 1162 1161 
1163 1164 1165 1162 1164 1163 1164 1166 1165 
1084 1167 1168 1083 1167 1084 1085 1084 1169 
1084 1168 1169 1156 1075 1085 1169 1156 1085 
1081 1161 1086 1087 1086 1161 1163 1087 1161 
1088 1087 1163 1165 1088 1163 1165 1166 1170 
1165 1170 1088 1088 1170 1089 1091 1089 1171 
1089 1170 1171 1093 1091 1172 1091 1171 1172 
1095 1093 1173 1093 1172 1173 1167 1083 1095 
1173 1167 1095 1098 1174 1097 1098 1100 1174 
1102 1175 1103 1102 1104 1175 1107 1176 1177 
1106 1107 1177 1174 1107 1097 1174 1178 1107 
1178 1176 1107 1100 1178 1174 1100 1108 1178 
1108 1179 1178 1109 1180 1108 1108 1180 1179 
1110 1181 1109 1109 1181 1180 1111 1182 1110 
1110 1182 1181 1175 1111 1103 1175 1183 1111 
1183 1182 1111 1104 1183 1175 1104 1112 1183 
1112 1184 1183 1113 1185 1112 1112 1185 1184 
1114 1186 1113 1113 1186 1185 1186 1114 1115 
1187 1186 1115 1118 1188 1189 1117 1118 1189 
1177 1118 1106 1188 1118 1177 1115 1190 1187 
1119 1190 1115 1120 1191 1119 1119 1191 1190 
1122 1192 1120 1120 1192 1191 1192 1122 1123 
1193 1192 1123 1124 1194 1125 1124 1195 1194 
1124 1117 1195 1117 1189 1195 1123 1196 1193 
1126 1196 1123 1128 1197 1126 1126 1197 1196 
1129 1198 1199 1129 1199 1128 1128 1199 1197 
1199 1198 1200 1194 1201 1130 1125 1194 1130 
1202 1194 1195 1201 1194 1202 1203 1129 1132 
1203 1204 1129 1198 1129 1205 1205 1129 1204 
1198 1205 1200 1132 1135 1203 1130 1201 1136 
1201 1138 1136 1201 1202 1138 1202 1206 1138 
1203 1207 1204 1208 1209 1207 1140 1208 1207 
1140 1207 1203 1140 1203 1135 1140 1141 1208 
1138 1206 1142 1206 1210 1142 1144 1211 1212 
1143 1211 1144 1145 1144 1213 1144 1212 1213 
1209 1208 1146 1209 1146 1213 1213 1146 1145 
1141 1146 1208 1214 1215 1147 1214 1147 1210 
1210 1147 1142 1214 1216 1215 1149 1217 1218 
1148 1217 1149 1211 1143 1149 1218 1211 1149 
1215 1219 1220 1215 1220 1147 1147 1220 1150 
1216 1219 1215 1152 1221 1222 1151 1221 1152 
1217 1148 1152 1222 1217 1152 1150 1220 1223 
1153 1150 1223 1223 1155 1153 1224 1155 1223 
1157 1225 1226 1156 1225 1157 1221 1151 1157 
1226 1221 1157 1155 1224 1227 1158 1155 1227 
1159 1158 1228 1158 1227 1228 1160 1159 1229 
1159 1228 1229 1162 1160 1230 1160 1229 1230 
1164 1162 1231 1162 1230 1231 1166 1232 1233 
1166 1164 1232 1164 1231 1232 1233 1234 1235 
1232 1234 1233 1235 1236 1237 1234 1236 1235 
1237 1238 1239 1236 1238 1237 1239 1168 1167 
1239 1238 1168 1238 1240 1168 1169 1168 1241 
1168 1240 1241 1225 1156 1169 1241 1225 1169 
1166 1233 1170 1171 1170 1233 1235 1171 1233 
1172 1171 1235 1237 1172 1235 1173 1172 1237 
1239 1173 1237 1167 1173 1239 1176 1242 1177 
1243 1242 1176 1243 1176 1244 1244 1176 1178 
1245 1246 1244 1245 1244 1179 1179 1244 1178 
1179 1180 1247 1245 1179 1247 1248 1247 1180 
1248 1180 1249 1249 1180 1181 1182 1250 1181 
1181 1250 1249 1183 1251 1182 1182 1251 1250 
1184 1252 1183 1183 1252 1251 1185 1253 1184 
1184 1253 1252 1186 1254 1185 1185 1254 1253 
1254 1186 1187 1255 1254 1187 1188 1256 1189 
1188 1257 1256 1177 1257 1188 1177 1258 1257 
1177 1242 1258 1243 1258 1242 1245 1259 1246 
1247 1259 1245 1260 1259 1247 1248 1260 1247 
1187 1261 1255 1190 1261 1187 1191 1262 1190 
1190 1262 1261 1192 1263 1191 1191 1263 1262 
1193 1264 1265 1193 1265 1192 1192 1265 1263 
1265 1264 1266 1256 1267 1268 1256 1268 1189 
1189 1268 1195 1257 1267 1256 1193 1196 1264 
1264 1269 1266 1264 1196 1269 1196 1197 1269 
1270 1271 1269 1270 1269 1199 1199 1269 1197 
1199 1200 1270 1272 1273 1202 1272 1202 1268 
1268 1202 1195 1272 1274 1273 1205 1271 1270 
1205 1204 1271 1204 1275 1271 1200 1205 1270 
1273 1276 1206 1202 1273 1206 1277 1273 1274 
1276 1273 1277 1204 1278 1275 1207 1278 1204 
1278 1207 1209 1279 1278 1209 1280 1281 1282 
1281 1280 1283 1276 1284 1210 1206 1276 1210 
1285 1276 1277 1284 1276 1285 1286 1287 1288 
1286 1212 1211 1286 1288 1212 1288 1289 1212 
1213 1212 1290 1212 1289 1290 1279 1209 1213 
1290 1279 1213 1280 1282 1291 1283 1280 1291 
1210 1284 1214 1284 1216 1214 1284 1285 1216 
1285 1292 1216 1293 1294 1295 1287 1293 1295 
1286 1293 1287 1286 1217 1293 1286 1218 1217 
1211 1218 1286 1219 1296 1220 1219 1297 1296 
1219 1216 1297 1216 1292 1297 1298 1299 1300 
1294 1298 1300 1293 1298 1294 1293 1221 1298 
1293 1222 1221 1217 1222 1293 1220 1296 1223 
1224 1301 1302 1223 1301 1224 1223 1297 1301 
1223 1296 1297 1301 1303 1302 1304 1305 1306 
1304 1307 1308 1306 1307 1304 1308 1309 1310 
1307 1309 1308 1310 1311 1312 1309 1311 1310 
1311 1313 1312 1314 1315 1316 1314 1317 1318 
1316 1317 1314 1299 1318 1317 1298 1318 1299 
1298 1225 1318 1298 1226 1225 1221 1226 1298 
1224 1302 1227 1302 1303 1319 1302 1319 1227 
1227 1319 1228 1305 1304 1229 1305 1229 1319 
1319 1229 1228 1230 1229 1304 1308 1230 1304 
1231 1230 1308 1310 1231 1308 1232 1231 1310 
1312 1232 1310 1312 1313 1320 1312 1320 1232 
1232 1320 1234 1236 1234 1321 1234 1320 1321 
1238 1236 1322 1236 1321 1322 1315 1314 1240 
1315 1240 1322 1322 1240 1238 1241 1240 1314 
1318 1241 1314 1225 1241 1318 1244 1323 1243 
1244 1246 1323 1249 1324 1248 1249 1250 1325 
1324 1249 1325 1326 1325 1250 1326 1250 1327 
1327 1250 1251 1252 1328 1251 1251 1328 1327 
1253 1329 1252 1252 1329 1328 1254 1330 1253 
1253 1330 1329 1330 1254 1255 1331 1330 1255 
1258 1332 1257 1258 1243 1323 1258 1323 1332 
1332 1323 1333 1246 1259 1334 1246 1334 1323 
1323 1334 1333 1259 1260 1335 1334 1259 1335 
1260 1336 1335 1248 1336 1260 1248 1337 1336 
1248 1324 1337 1325 1337 1324 1338 1337 1325 
1326 1338 1325 1255 1339 1331 1261 1339 1255 
1262 1340 1261 1261 1340 1339 1263 1341 1262 
1262 1341 1340 1265 1342 1263 1263 1342 1341 
1342 1265 1266 1343 1342 1266 1267 1344 1268 
1267 1257 1332 1267 1332 1344 1344 1332 1345 
1333 1346 1332 1346 1345 1332 1334 1347 1333 
1347 1346 1333 1348 1335 1349 1348 1347 1335 
1347 1334 1335 1336 1349 1335 1266 1350 1343 
1269 1350 1266 1350 1269 1271 1351 1350 1271 
1268 1344 1272 1274 1272 1344 1274 1344 1352 
1352 1344 1345 1346 1353 1345 1353 1352 1345 
1354 1347 1355 1354 1353 1347 1353 1346 1347 
1348 1355 1347 1271 1275 1351 1351 1275 1356 
1352 1357 1277 1274 1352 1277 1358 1353 1359 
1358 1357 1353 1357 1352 1353 1354 1359 1353 
1275 1360 1356 1278 1360 1275 1360 1278 1279 
1361 1360 1279 1281 1362 1282 1281 1283 1362 
1357 1363 1285 1277 1357 1285 1364 1357 1358 
1363 1357 1364 1288 1365 1366 1287 1365 1288 
1289 1288 1367 1288 1366 1367 1290 1289 1368 
1289 1367 1368 1361 1279 1290 1368 1361 1290 
1282 1362 1291 1283 1291 1362 1363 1369 1292 
1285 1363 1292 1370 1363 1364 1369 1363 1370 
1295 1371 1372 1294 1371 1295 1365 1287 1295 
1372 1365 1295 1369 1373 1374 1369 1374 1292 
1292 1374 1297 1370 1373 1369 1300 1375 1376 
1299 1375 1300 1371 1294 1300 1376 1371 1300 
1297 1374 1377 1301 1297 1377 1377 1303 1301 
1378 1303 1377 1306 1379 1380 1305 1379 1306 
1307 1306 1381 1306 1380 1381 1309 1307 1382 
1307 1381 1382 1311 1309 1383 1309 1382 1383 
1313 1384 1385 1313 1311 1384 1311 1383 1384 
1385 1386 1387 1384 1386 1385 1387 1388 1389 
1386 1388 1387 1389 1316 1315 1389 1388 1316 
1388 1390 1316 1317 1316 1391 1316 1390 1391 
1375 1299 1317 1391 1375 1317 1303 1378 1392 
1319 1303 1392 1379 1305 1319 1392 1379 1319 
1313 1385 1320 1321 1320 1385 1387 1321 1385 
1322 1321 1387 1389 1322 1387 1315 1322 1389 
1327 1393 1326 1394 1393 1327 1394 1327 1395 
1395 1327 1328 1329 1396 1328 1328 1396 1395 
1330 1397 1329 1329 1397 1396 1331 1398 1399 
1331 1399 1330 1330 1399 1397 1398 1400 1401 
1399 1398 1401 1401 1400 1402 1337 1403 1336 
1404 1403 1337 1404 1337 1405 1405 1337 1338 
1393 1338 1326 1393 1406 1338 1406 1405 1338 
1394 1406 1393 1331 1339 1398 1340 1398 1339 
1400 1398 1340 1400 1407 1402 1400 1340 1407 
1340 1341 1407 1342 1408 1341 1341 1408 1407 
1343 1409 1410 1343 1410 1342 1342 1410 1408 
1410 1409 1411 1349 1412 1348 1349 1413 1412 
1336 1413 1349 1336 1414 1413 1336 1403 1414 
1404 1414 1403 1343 1350 1409 1409 1350 1351 
1409 1351 1411 1411 1351 1415 1355 1416 1354 
1355 1417 1416 1348 1417 1355 1348 1418 1417 
1348 1412 1418 1413 1418 1412 1419 1356 1420 
1419 1415 1356 1415 1351 1356 1419 1420 1421 
1359 1422 1358 1359 1423 1422 1354 1423 1359 
1354 1424 1423 1354 1416 1424 1417 1424 1416 
1356 1360 1420 1420 1360 1361 1420 1361 1421 
1421 1361 1425 1422 1426 1427 1422 1427 1358 
1358 1427 1364 1423 1426 1422 1366 1428 1429 
1365 1428 1366 1367 1366 1430 1366 1429 1430 
1368 1367 1431 1367 1430 1431 1425 1361 1368 
1431 1425 1368 1364 1427 1370 1427 1432 1370 
1372 1433 1434 1371 1433 1372 1428 1365 1372 
1434 1428 1372 1373 1435 1374 1373 1436 1435 
1373 1370 1436 1370 1432 1436 1437 1438 1439 
1437 1440 1441 1439 1440 1437 1441 1442 1443 
1440 1442 1441 1442 1444 1443 1376 1445 1446 
1375 1445 1376 1433 1371 1376 1446 1433 1376 
1374 1435 1377 1378 1447 1448 1377 1447 1378 
1377 1436 1447 1377 1435 1436 1448 1380 1379 
1448 1447 1380 1447 1449 1380 1438 1437 1381 
1438 1381 1449 1449 1381 1380 1382 1381 1437 
1441 1382 1437 1383 1382 1441 1443 1383 1441 
1443 1444 1450 1443 1450 1383 1383 1450 1384 
1386 1384 1451 1384 1450 1451 1388 1386 1452 
1386 1451 1452 1390 1388 1453 1388 1452 1453 
1391 1390 1454 1390 1453 1454 1445 1375 1391 
1454 1445 1391 1378 1448 1392 1379 1392 1448 
1455 1456 1457 1455 1394 1395 1455 1395 1456 
1456 1395 1458 1396 1459 1395 1395 1459 1458 
1397 1460 1396 1396 1460 1459 1399 1461 1397 
1397 1461 1460 1401 1462 1399 1399 1462 1461 
1402 1463 1464 1402 1464 1401 1401 1464 1462 
1464 1463 1465 1405 1466 1467 1404 1405 1467 
1457 1406 1455 1457 1466 1406 1466 1405 1406 
1394 1455 1406 1402 1407 1463 1463 1468 1465 
1463 1407 1468 1407 1408 1468 1410 1469 1408 
1408 1469 1468 1411 1470 1471 1411 1471 1410 
1410 1471 1469 1471 1470 1472 1414 1473 1474 
1413 1414 1474 1467 1414 1404 1473 1414 1467 
1470 1475 1476 1470 1411 1475 1411 1415 1475 
1472 1470 1476 1418 1477 1478 1417 1418 1478 
1474 1418 1413 1477 1418 1474 1415 1479 1475 
1419 1479 1415 1479 1419 1421 1480 1479 1421 
1424 1481 1482 1423 1424 1482 1478 1424 1417 
1481 1424 1478 1483 1484 1485 1483 1485 1480 
1483 1480 1425 1425 1480 1421 1426 1486 1487 
1427 1426 1487 1482 1426 1423 1486 1426 1482 
1429 1488 1489 1428 1488 1429 1430 1429 1490 
1429 1489 1490 1484 1483 1431 1484 1431 1490 
1490 1431 1430 1425 1431 1483 1427 1487 1432 
1487 1491 1432 1434 1492 1493 1433 1492 1434 
1488 1428 1434 1493 1488 1434 1494 1495 1436 
1494 1436 1491 1491 1436 1432 1495 1496 1497 
1494 1496 1495 1497 1439 1438 1497 1496 1439 
1496 1498 1439 1440 1439 1499 1439 1498 1499 
1442 1440 1500 1440 1499 1500 1444 1501 1502 
1444 1442 1501 1442 1500 1501 1501 1503 1502 
1504 1505 1506 1504 1507 1508 1506 1507 1504 
1508 1446 1445 1508 1507 1446 1507 1509 1446 
1492 1433 1446 1509 1492 1446 1436 1495 1447 
1449 1447 1495 1497 1449 1495 1438 1449 1497 
1444 1502 1450 1502 1503 1510 1502 1510 1450 
1450 1510 1451 1452 1451 1511 1451 1510 1511 
1505 1504 1453 1505 1453 1511 1511 1453 1452 
1454 1453 1504 1508 1454 1504 1445 1454 1508 
1456 1512 1513 1457 1456 1513 1458 1514 1456 
1456 1514 1512 1459 1515 1458 1458 1515 1514 
1460 1516 1459 1459 1516 1515 1461 1517 1460 
1460 1517 1516 1462 1518 1461 1461 1518 1517 
1464 1519 1462 1462 1519 1518 1465 1520 1521 
1465 1521 1464 1464 1521 1519 1521 1520 1522 
1466 1523 1524 1467 1466 1524 1513 1466 1457 
1523 1466 1513 1465 1468 1520 1520 1525 1522 
1520 1468 1525 1468 1469 1525 1471 1526 1469 
1469 1526 1525 1526 1471 1472 1527 1526 1472 
1473 1528 1529 1474 1473 1529 1524 1473 1467 
1528 1473 1524 1476 1530 1531 1475 1530 1476 
1527 1472 1476 1531 1527 1476 1532 1533 1534 
1532 1478 1477 1532 1477 1533 1533 1477 1535 
1529 1477 1474 1535 1477 1529 1475 1536 1530 
1479 1536 1475 1536 1479 1480 1537 1536 1480 
1481 1532 1534 1481 1534 1482 1482 1534 1538 
1478 1532 1481 1485 1539 1540 1484 1539 1485 
1537 1480 1485 1540 1537 1485 1486 1541 1542 
1487 1486 1542 1538 1486 1482 1541 1486 1538 
1543 1544 1545 1543 1489 1488 1543 1545 1489 
1545 1546 1489 1490 1489 1547 1489 1546 1547 
1539 1484 1490 1547 1539 1490 1548 1549 1491 
1548 1491 1542 1542 1491 1487 1549 1550 1551 
1548 1550 1549 1551 1552 1553 1550 1552 1551 
1553 1554 1555 1552 1554 1553 1555 1556 1557 
1554 1556 1555 1556 1558 1557 1559 1560 1561 
1544 1559 1561 1543 1559 1544 1543 1492 1559 
1543 1493 1492 1488 1493 1543 1491 1549 1494 
1496 1494 1549 1551 1496 1549 1498 1496 1551 
1553 1498 1551 1499 1498 1553 1555 1499 1553 
1500 1499 1555 1557 1500 1555 1557 1558 1562 
1557 1562 1500 1500 1562 1501 1503 1563 1564 
1503 1501 1563 1501 1562 1563 1564 1565 1566 
1563 1565 1564 1566 1506 1505 1566 1565 1506 
1565 1567 1506 1507 1506 1568 1506 1567 1568 
1560 1559 1509 1560 1509 1568 1568 1509 1507 
1492 1509 1559 1503 1564 1510 1511 1510 1564 
1566 1511 1564 1505 1511 1566 1512 1569 1513 
1570 1569 1512 1570 1512 1571 1571 1512 1514 
1515 1572 1514 1514 1572 1571 1516 1573 1515 
1515 1573 1572 1517 1574 1516 1516 1574 1573 
1518 1575 1517 1517 1575 1574 1519 1576 1518 
1518 1576 1575 1521 1577 1519 1519 1577 1576 
1577 1521 1522 1578 1577 1522 1523 1579 1580 
1524 1523 1580 1569 1523 1513 1569 1581 1523 
1581 1579 1523 1570 1581 1569 1522 1582 1578 
1525 1582 1522 1526 1583 1525 1525 1583 1582 
1583 1526 1527 1584 1583 1527 1528 1585 1586 
1529 1528 1586 1580 1528 1524 1585 1528 1580 
1531 1530 1587 1531 1587 1588 1531 1588 1527 
1527 1588 1584 1533 1589 1590 1534 1533 1590 
1535 1591 1533 1533 1591 1589 1586 1535 1529 
1591 1535 1586 1530 1536 1587 1537 1592 1593 
1536 1537 1593 1536 1593 1588 1536 1588 1587 
1593 1592 1594 1595 1596 1597 1595 1590 1596 
1595 1538 1590 1538 1534 1590 1540 1598 1599 
1539 1598 1540 1592 1537 1540 1592 1540 1600 
1600 1540 1599 1594 1592 1600 1541 1601 1542 
1595 1597 1602 1602 1538 1595 1602 1603 1538 
1541 1538 1601 1601 1538 1603 1604 1605 1606 
1604 1607 1608 1606 1607 1604 1607 1609 1608 
1545 1610 1611 1544 1610 1545 1546 1545 1612 
1545 1611 1612 1547 1546 1613 1546 1612 1613 
1598 1539 1547 1613 1598 1547 1542 1601 1548 
1601 1603 1614 1601 1614 1548 1548 1614 1550 
1605 1604 1552 1605 1552 1614 1614 1552 1550 
1554 1552 1604 1608 1554 1604 1608 1609 1615 
1608 1615 1554 1554 1615 1556 1558 1616 1617 
1558 1556 1616 1556 1615 1616 1616 1618 1617 
1561 1619 1620 1560 1619 1561 1610 1544 1561 
1620 1610 1561 1558 1617 1562 1617 1618 1621 
1617 1621 1562 1562 1621 1563 1565 1563 1622 
1563 1621 1622 1567 1565 1623 1565 1622 1623 
1568 1567 1624 1567 1623 1624 1619 1560 1568 
1624 1619 1568 1571 1625 1570 1626 1625 1571 
1626 1571 1627 1627 1571 1572 1573 1628 1572 
1572 1628 1627 1574 1629 1573 1573 1629 1628 
1575 1630 1574 1574 1630 1629 1576 1631 1575 
1575 1631 1630 1577 1632 1576 1576 1632 1631 
1632 1577 1578 1633 1632 1578 1634 1635 1636 
1634 1580 1579 1634 1579 1635 1635 1579 1637 
1581 1638 1579 1579 1638 1637 1625 1581 1570 
1625 1639 1581 1639 1638 1581 1626 1639 1625 
1578 1640 1633 1582 1640 1578 1641 1642 1640 
1641 1640 1583 1583 1640 1582 1583 1584 1641 
1643 1644 1645 1643 1646 1647 1644 1643 1647 
1636 1647 1646 1634 1636 1646 1634 1646 1586 
1634 1586 1585 1580 1634 1585 1641 1648 1642 
1648 1641 1584 1648 1584 1649 1649 1584 1588 
1650 1651 1652 1645 1651 1650 1643 1645 1650 
1643 1650 1590 1643 1590 1589 1591 1643 1589 
1646 1643 1591 1586 1646 1591 1588 1653 1649 
1593 1653 1588 1594 1654 1655 1594 1655 1593 
1593 1655 1653 1655 1654 1656 1596 1650 1652 
1596 1652 1597 1597 1652 1657 1590 1650 1596 
1658 1659 1660 1658 1599 1598 1658 1660 1599 
1660 1661 1599 1600 1599 1662 1599 1661 1662 
1654 1594 1600 1654 1600 1663 1663 1600 1662 
1656 1654 1663 1597 1657 1664 1602 1597 1664 
1603 1665 1666 1603 1602 1665 1602 1664 1665 
1666 1606 1605 1666 1665 1606 1665 1667 1606 
1607 1606 1668 1606 1667 1668 1609 1669 1670 
1609 1607 1669 1607 1668 1669 1669 1671 1670 
1611 1672 1673 1610 1672 1611 1612 1611 1674 
1611 1673 1674 1659 1658 1613 1659 1613 1674 
1674 1613 1612 1598 1613 1658 1603 1666 1614 
1605 1614 1666 1609 1670 1615 1670 1671 1675 
1670 1675 1615 1615 1675 1616 1618 1676 1677 
1618 1616 1676 1616 1675 1676 1677 1678 1679 
1676 1678 1677 1678 1680 1679 1681 1682 1683 
1681 1620 1619 1681 1683 1620 1683 1684 1620 
1672 1610 1620 1684 1672 1620 1618 1677 1621 
1622 1621 1677 1679 1622 1677 1679 1680 1685 
1679 1685 1622 1622 1685 1623 1682 1681 1624 
1682 1624 1685 1685 1624 1623 1619 1624 1681 
1627 1686 1687 1626 1627 1687 1628 1688 1627 
1627 1688 1686 1629 1689 1628 1628 1689 1688 
1630 1690 1629 1629 1690 1689 1631 1691 1630 
1630 1691 1690 1632 1692 1631 1631 1692 1691 
1692 1632 1633 1693 1692 1633 1635 1694 1695 
1636 1635 1695 1637 1696 1635 1635 1696 1694 
1638 1697 1637 1637 1697 1696 1639 1698 1638 
1638 1698 1697 1687 1639 1626 1698 1639 1687 
1699 1633 1640 1699 1700 1633 1700 1693 1633 
1640 1642 1699 1701 1702 1703 1701 1645 1644 
1701 1644 1702 1702 1644 1704 1647 1705 1644 
1644 1705 1704 1695 1647 1636 1705 1647 1695 
1699 1706 1700 1707 1708 1706 1648 1707 1706 
1648 1706 1699 1648 1699 1642 1648 1649 1707 
1651 1701 1703 1651 1703 1652 1652 1703 1709 
1645 1701 1651 1707 1710 1708 1649 1710 1707 
1649 1653 1710 1653 1711 1710 1712 1713 1711 
1712 1711 1655 1655 1711 1653 1655 1656 1712 
1652 1709 1657 1709 1714 1657 1715 1716 1717 
1715 1718 1719 1717 1718 1715 1718 1720 1719 
1660 1721 1722 1659 1721 1660 1661 1660 1723 
1660 1722 1723 1662 1661 1724 1661 1723 1724 
1713 1712 1663 1713 1663 1724 1724 1663 1662 
1656 1663 1712 1657 1714 1725 1664 1657 1725 
1716 1715 1665 1716 1665 1725 1725 1665 1664 
1667 1665 1715 1719 1667 1715 1719 1720 1726 
1719 1726 1667 1667 1726 1668 1669 1668 1727 
1668 1726 1727 1727 1671 1669 1728 1671 1727 
1729 1730 1731 1729 1673 1672 1729 1731 1673 
1731 1732 1673 1674 1673 1733 1673 1732 1733 
1721 1659 1674 1733 1721 1674 1671 1728 1734 
1675 1671 1734 1676 1675 1735 1675 1734 1735 
1678 1676 1736 1676 1735 1736 1680 1737 1738 
1680 1678 1737 1678 1736 1737 1738 1683 1682 
1738 1737 1683 1737 1739 1683 1730 1729 1684 
1730 1684 1739 1739 1684 1683 1672 1684 1729 
1680 1738 1685 1682 1685 1738 1686 1740 1687 
1741 1740 1686 1741 1686 1742 1742 1686 1688 
1689 1743 1688 1688 1743 1742 1690 1744 1689 
1689 1744 1743 1691 1745 1690 1690 1745 1744 
1692 1746 1691 1691 1746 1745 1746 1692 1693 
1747 1746 1693 1748 1749 1750 1748 1695 1694 
1748 1694 1749 1749 1694 1751 1696 1752 1694 
1694 1752 1751 1697 1753 1696 1696 1753 1752 
1698 1754 1697 1697 1754 1753 1740 1698 1687 
1740 1755 1698 1755 1754 1698 1741 1755 1740 
1693 1700 1747 1747 1700 1756 1702 1757 1758 
1703 1702 1758 1704 1759 1702 1702 1759 1757 
1750 1705 1748 1750 1759 1705 1759 1704 1705 
1695 1748 1705 1700 1760 1756 1706 1760 1700 
1760 1706 1708 1761 1760 1708 1762 1763 1764 
1762 1758 1763 1762 1709 1758 1709 1703 1758 
1708 1765 1761 1710 1765 1708 1711 1766 1710 
1710 1766 1765 1766 1711 1713 1767 1766 1713 
1762 1764 1768 1768 1709 1762 1768 1769 1709 
1769 1714 1709 1717 1770 1771 1716 1770 1717 
1718 1717 1772 1717 1771 1772 1720 1773 1774 
1720 1718 1773 1718 1772 1773 1773 1775 1774 
1776 1777 1778 1776 1779 1780 1778 1779 1776 
1780 1722 1721 1780 1779 1722 1779 1781 1722 
1723 1722 1782 1722 1781 1782 1724 1723 1783 
1723 1782 1783 1767 1713 1724 1783 1767 1724 
1714 1769 1784 1725 1714 1784 1770 1716 1725 
1784 1770 1725 1720 1774 1726 1774 1775 1785 
1774 1785 1726 1726 1785 1727 1785 1728 1727 
1786 1728 1785 1731 1787 1788 1730 1787 1731 
1777 1776 1732 1777 1732 1788 1788 1732 1731 
1733 1732 1776 1780 1733 1776 1721 1733 1780 
1728 1786 1789 1734 1728 1789 1735 1734 1790 
1734 1789 1790 1736 1735 1791 1735 1790 1791 
1737 1736 1792 1736 1791 1792 1739 1737 1793 
1737 1792 1793 1787 1730 1739 1793 1787 1739 
1742 1794 1795 1741 1742 1795 1743 1796 1742 
1742 1796 1794 1744 1797 1743 1743 1797 1796 
1745 1798 1744 1744 1798 1797 1746 1799 1745 
1745 1799 1798 1799 1746 1747 1800 1799 1747 
1801 1802 1803 1801 1804 1805 1802 1801 1805 
1804 1750 1749 1804 1749 1805 1805 1749 1806 
1751 1807 1749 1749 1807 1806 1752 1808 1751 
1751 1808 1807 1753 1809 1752 1752 1809 1808 
1754 1810 1753 1753 1810 1809 1755 1811 1754 
1754 1811 1810 1795 1755 1741 1811 1755 1795 
1747 1756 1800 1800 1756 1812 1813 1814 1815 
1803 1814 1813 1801 1803 1813 1801 1813 1758 
1801 1758 1757 1759 1801 1757 1804 1801 1759 
1750 1804 1759 1756 1816 1812 1760 1816 1756 
1816 1760 1761 1817 1816 1761 1763 1813 1815 
1763 1815 1764 1764 1815 1818 1758 1813 1763 
1761 1819 1817 1765 1819 1761 1820 1821 1819 
1820 1819 1766 1766 1819 1765 1766 1767 1820 
1764 1818 1822 1768 1764 1822 1769 1823 1824 
1769 1768 1823 1768 1822 1823 1824 1771 1770 
1824 1823 1771 1823 1825 1771 1772 1771 1826 
1771 1825 1826 1773 1772 1827 1772 1826 1827 
1827 1775 1773 1828 1775 1827 1778 1829 1830 
1777 1829 1778 1779 1778 1831 1778 1830 1831 
1781 1779 1832 1779 1831 1832 1782 1781 1833 
1781 1832 1833 1821 1820 1783 1821 1783 1833 
1833 1783 1782 1767 1783 1820 1769 1824 1784 
1770 1784 1824 1775 1828 1834 1785 1775 1834 
1834 1786 1785 1835 1786 1834 1836 1837 1838 
1836 1788 1787 1836 1838 1788 1838 1839 1788 
1829 1777 1788 1839 1829 1788 1786 1835 1840 
1789 1786 1840 1790 1789 1841 1789 1840 1841 
1791 1790 1842 1790 1841 1842 1792 1791 1843 
1791 1842 1843 1837 1836 1793 1837 1793 1843 
1843 1793 1792 1787 1793 1836 1844 1845 1846 
1845 1844 1847 1794 1848 1849 1795 1794 1849 
1796 1850 1794 1794 1850 1848 1797 1851 1796 
1796 1851 1850 1798 1852 1797 1797 1852 1851 
1799 1853 1798 1798 1853 1852 1853 1799 1800 
1854 1853 1800 1855 1856 1857 1855 1803 1802 
1855 1802 1856 1856 1802 1858 1805 1859 1802 
1802 1859 1858 1846 1806 1844 1846 1859 1806 
1859 1805 1806 1844 1860 1847 1844 1806 1860 
1806 1807 1860 1808 1861 1807 1807 1861 1860 
1809 1862 1808 1808 1862 1861 1810 1863 1809 
1809 1863 1862 1811 1864 1810 1810 1864 1863 
1849 1811 1795 1864 1811 1849 1800 1812 1854 
1854 1812 1865 1866 1867 1868 1857 1867 1866 
1855 1857 1866 1855 1866 1815 1855 1815 1814 
1803 1855 1814 1812 1869 1865 1816 1869 1812 
1869 1816 1817 1870 1869 1817 1866 1868 1871 
1871 1815 1866 1871 1872 1815 1872 1818 1815 
1873 1874 1875 1873 1876 1877 1875 1876 1873 
1876 1878 1877 1817 1879 1870 1819 1879 1817 
1879 1819 1821 1880 1879 1821 1818 1872 1881 
1822 1818 1881 1874 1873 1823 1874 1823 1881 
1881 1823 1822 1825 1823 1873 1877 1825 1873 
1877 1878 1882 1877 1882 1825 1825 1882 1826 
1827 1826 1883 1826 1882 1883 1883 1828 1827 
1884 1828 1883 1830 1885 1886 1829 1885 1830 
1831 1830 1887 1830 1886 1887 1832 1831 1888 
1831 1887 1888 1833 1832 1889 1832 1888 1889 
1880 1821 1833 1889 1880 1833 1828 1884 1890 
1834 1828 1890 1835 1891 1892 1835 1834 1891 
1834 1890 1891 1891 1893 1892 1838 1894 1895 
1837 1894 1838 1839 1838 1896 1838 1895 1896 
1885 1829 1839 1896 1885 1839 1835 1892 1840 
1892 1893 1897 1892 1897 1840 1840 1897 1841 
1842 1841 1898 1841 1897 1898 1843 1842 1899 
1842 1898 1899 1894 1837 1843 1899 1894 1843 
1900 1901 1902 1901 1900 1903 1904 1905 1906 
1904 1846 1845 1904 1845 1905 1905 1845 1907 
1847 1908 1909 1847 1909 1845 1845 1909 1907 
1909 1908 1910 1848 1911 1912 1849 1848 1912 
1850 1913 1848 1848 1913 1911 1902 1851 1900 
1902 1913 1851 1913 1850 1851 1900 1914 1903 
1900 1851 1914 1851 1852 1914 1853 1915 1852 
1852 1915 1914 1915 1853 1854 1916 1915 1854 
1917 1918 1919 1917 1857 1856 1917 1856 1918 
1918 1856 1920 1858 1921 1856 1856 1921 1920 
1906 1859 1904 1906 1921 1859 1921 1858 1859 
1846 1904 1859 1847 1860 1908 1908 1922 1910 
1908 1860 1922 1860 1861 1922 1862 1923 1861 
1861 1923 1922 1863 1924 1862 1862 1924 1923 
1864 1925 1863 1863 1925 1924 1912 1864 1849 
1925 1864 1912 1854 1865 1916 1916 1865 1926 
1927 1928 1929 1919 1928 1927 1917 1919 1927 
1917 1927 1868 1917 1868 1867 1857 1917 1867 
1865 1930 1926 1869 1930 1865 1930 1869 1870 
1931 1930 1870 1927 1929 1932 1868 1927 1932 
1868 1932 1871 1871 1932 1933 1872 1934 1935 
1872 1871 1934 1871 1933 1934 1935 1875 1874 
1935 1934 1875 1934 1936 1875 1876 1875 1937 
1875 1936 1937 1937 1878 1876 1938 1878 1937 
1939 1870 1879 1939 1940 1870 1940 1931 1870 
1879 1880 1939 1872 1935 1881 1874 1881 1935 
1878 1938 1941 1882 1878 1941 1883 1882 1942 
1882 1941 1942 1942 1884 1883 1943 1884 1942 
1944 1945 1946 1944 1886 1885 1944 1946 1886 
1946 1947 1886 1887 1886 1948 1886 1947 1948 
1888 1887 1949 1887 1948 1949 1940 1939 1889 
1940 1889 1949 1949 1889 1888 1880 1889 1939 
1884 1943 1950 1890 1884 1950 1891 1890 1951 
1890 1950 1951 1893 1952 1953 1893 1891 1952 
1891 1951 1952 1953 1954 1955 1952 1954 1953 
1955 1956 1957 1954 1956 1955 1957 1895 1894 
1957 1956 1895 1956 1958 1895 1945 1944 1896 
1945 1896 1958 1958 1896 1895 1885 1896 1944 
1893 1953 1897 1898 1897 1953 1955 1898 1953 
1899 1898 1955 1957 1899 1955 1894 1899 1957 
1959 1960 1961 1959 1902 1901 1959 1901 1960 
1960 1901 1962 1962 1901 1903 1963 1962 1903 
1964 1965 1966 1964 1967 1968 1965 1964 1968 
1967 1969 1970 1968 1967 1970 1969 1906 1905 
1969 1905 1970 1970 1905 1971 1907 1972 1905 
1905 1972 1971 1909 1973 1907 1907 1973 1972 
1910 1974 1975 1910 1975 1909 1909 1975 1973 
1974 1976 1977 1975 1974 1977 1976 1978 1979 
1977 1976 1979 1978 1980 1981 1979 1978 1981 
1980 1912 1911 1980 1911 1981 1981 1911 1982 
1961 1913 1959 1961 1982 1913 1982 1911 1913 
1902 1959 1913 1903 1983 1963 1914 1983 1903 
1915 1984 1914 1914 1984 1983 1984 1915 1916 
1985 1984 1916 1986 1987 1988 1966 1987 1986 
1964 1966 1986 1964 1986 1919 1964 1919 1918 
1920 1964 1918 1967 1964 1920 1921 1967 1920 
1969 1967 1921 1906 1969 1921 1910 1922 1974 
1923 1974 1922 1976 1974 1923 1924 1976 1923 
1978 1976 1924 1925 1978 1924 1980 1978 1925 
1912 1980 1925 1989 1926 1990 1989 1985 1926 
1985 1916 1926 1989 1990 1991 1928 1986 1988 
1928 1988 1929 1929 1988 1992 1919 1986 1928 
1926 1930 1990 1931 1993 1994 1930 1931 1994 
1930 1994 1991 1930 1991 1990 1994 1993 1995 
1929 1992 1996 1932 1929 1996 1933 1932 1997 
1932 1996 1997 1934 1933 1998 1933 1997 1998 
1936 1934 1999 1934 1998 1999 1937 1936 2000 
1936 1999 2000 1938 2001 2002 1938 1937 2001 
1937 2000 2001 2001 2003 2002 1993 2004 2005 
1993 1931 2004 1931 1940 2004 1995 1993 2005 
1938 2002 1941 2002 2003 2006 2002 2006 1941 
1941 2006 1942 2006 1943 1942 2007 1943 2006 
1946 2008 2009 1945 2008 1946 1947 1946 2010 
1946 2009 2010 1948 1947 2011 1947 2010 2011 
1949 1948 2012 1948 2011 2012 2004 1940 1949 
2012 2004 1949 1943 2007 2013 1950 1943 2013 
1951 1950 2014 1950 2013 2014 1952 1951 2015 
1951 2014 2015 1954 1952 2016 1952 2015 2016 
1956 1954 2017 1954 2016 2017 1958 1956 2018 
1956 2017 2018 2008 1945 1958 2018 2008 1958 
2019 2020 2021 2020 2019 2022 1960 2023 2024 
1961 1960 2024 1962 2025 1960 1960 2025 2023 
2025 1962 1963 2026 2025 1963 2027 2028 2029 
2021 2028 2027 2019 2021 2027 2019 2027 1966 
2019 1966 1965 2019 2030 2022 2019 1965 2030 
1965 1968 2030 1970 2031 1968 1968 2031 2030 
1971 2032 1970 1970 2032 2031 1972 2033 1971 
1971 2033 2032 1973 2034 1972 1972 2034 2033 
1975 2035 1973 1973 2035 2034 1977 2036 1975 
1975 2036 2035 1979 2037 1977 1977 2037 2036 
1981 2038 1979 1979 2038 2037 1982 2039 1981 
1981 2039 2038 2024 1982 1961 2039 1982 2024 
1963 2040 2026 1983 2040 1963 1984 2041 1983 
1983 2041 2040 2041 1984 1985 2042 2041 1985 
2043 2044 2045 2029 2044 2043 2027 2029 2043 
2027 2043 1988 2027 1988 1987 1966 2027 1987 
1985 2046 2042 1989 2046 1985 2046 1989 1991 
2047 2046 1991 2043 2045 2048 2043 1992 1988 
2043 2049 1992 2043 2048 2049 2050 1992 2049 
2050 2051 2052 2049 2051 2050 2052 2053 2054 
2051 2053 2052 2054 2055 2056 2053 2055 2054 
2055 2057 2056 1991 2058 2047 1994 2058 1991 
2058 1994 1995 2059 2058 1995 1992 2050 1996 
1997 1996 2050 2052 1997 2050 1998 1997 2052 
2054 1998 2052 1999 1998 2054 2056 1999 2054 
2056 2057 2060 2056 2060 1999 1999 2060 2000 
2001 2000 2061 2000 2060 2061 2061 2003 2001 
2062 2003 2061 2005 2063 2064 2004 2063 2005 
2059 1995 2005 2064 2059 2005 2003 2062 2065 
2006 2003 2065 2007 2066 2067 2007 2006 2066 
2006 2065 2066 2066 2068 2067 2009 2069 2070 
2008 2069 2009 2010 2009 2071 2009 2070 2071 
2011 2010 2072 2010 2071 2072 2012 2011 2073 
2011 2072 2073 2063 2004 2012 2073 2063 2012 
2007 2067 2013 2067 2068 2074 2067 2074 2013 
2013 2074 2014 2015 2014 2075 2014 2074 2075 
2016 2015 2076 2015 2075 2076 2017 2016 2077 
2016 2076 2077 2018 2017 2078 2017 2077 2078 
2069 2008 2018 2078 2069 2018 2079 2080 2081 
2079 2021 2020 2079 2020 2080 2080 2020 2082 
2022 2083 2084 2022 2084 2020 2020 2084 2082 
2084 2083 2085 2086 2087 2088 2086 2024 2023 
2086 2023 2087 2087 2023 2089 2025 2090 2023 
2023 2090 2089 2026 2091 2092 2026 2092 2025 
2025 2092 2090 2092 2091 2093 2094 2095 2096 
2081 2095 2094 2079 2081 2094 2079 2094 2029 
2079 2029 2028 2021 2079 2028 2022 2030 2083 
2083 2097 2085 2083 2030 2097 2030 2031 2097 
2032 2098 2031 2031 2098 2097 2033 2099 2032 
2032 2099 2098 2034 2100 2033 2033 2100 2099 
2035 2101 2034 2034 2101 2100 2036 2102 2035 
2035 2102 2101 2037 2103 2036 2036 2103 2102 
2038 2104 2037 2037 2104 2103 2088 2039 2086 
2088 2104 2039 2104 2038 2039 2024 2086 2039 
2026 2040 2091 2091 2105 2093 2091 2040 2105 
2040 2041 2105 2105 2041 2042 2106 2105 2042 
2044 2094 2096 2044 2096 2045 2045 2096 2107 
2029 2094 2044 2108 2042 2046 2108 2109 2042 
2109 2106 2042 2046 2047 2108 2045 2107 2110 
2048 2045 2110 2049 2048 2111 2048 2110 2111 
2051 2049 2112 2049 2111 2112 2053 2051 2113 
2051 2112 2113 2055 2053 2114 2053 2113 2114 
2057 2115 2116 2057 2055 2115 2055 2114 2115 
2115 2117 2116 2118 2109 2108 2119 2109 2118 
2047 2058 2120 2047 2120 2108 2108 2120 2118 
2058 2059 2120 2057 2116 2060 2116 2117 2121 
2116 2121 2060 2060 2121 2061 2062 2122 2123 
2062 2061 2122 2061 2121 2122 2122 2124 2123 
2118 2125 2119 2064 2063 2126 2064 2126 2118 
2064 2118 2120 2118 2126 2125 2059 2064 2120 
2062 2123 2065 2123 2124 2127 2123 2127 2065 
2065 2127 2066 2127 2068 2066 2128 2068 2127 
2129 2130 2131 2129 2070 2069 2129 2131 2070 
2131 2132 2070 2071 2070 2133 2070 2132 2133 
2072 2071 2134 2071 2133 2134 2073 2072 2135 
2072 2134 2135 2126 2063 2073 2135 2126 2073 
2068 2128 2136 2074 2068 2136 2075 2074 2137 
2074 2136 2137 2076 2075 2138 2075 2137 2138 
2077 2076 2139 2076 2138 2139 2130 2129 2078 
2130 2078 2139 2139 2078 2077 2069 2078 2129 
2140 2141 2142 2141 2140 2143 2144 2145 2146 
2144 2081 2080 2144 2080 2145 2145 2080 2147 
2082 2148 2080 2080 2148 2147 2084 2149 2082 
2082 2149 2148 2085 2150 2151 2085 2151 2084 
2084 2151 2149 2151 2150 2152 2153 2154 2155 
2153 2156 2157 2154 2153 2157 2156 2158 2159 
2157 2156 2159 2159 2158 2160 2161 2162 2163 
2142 2162 2161 2140 2142 2161 2140 2161 2088 
2140 2088 2087 2140 2164 2143 2140 2087 2164 
2087 2089 2164 2090 2165 2089 2089 2165 2164 
2092 2166 2090 2090 2166 2165 2166 2092 2093 
2167 2166 2093 2168 2169 2170 2146 2169 2168 
2144 2146 2168 2144 2168 2096 2144 2096 2095 
2081 2144 2095 2085 2097 2150 2150 2171 2152 
2150 2097 2171 2097 2098 2171 2099 2172 2098 
2098 2172 2171 2155 2100 2153 2155 2172 2100 
2172 2099 2100 2101 2153 2100 2156 2153 2101 
2102 2156 2101 2158 2156 2102 2158 2173 2160 
2158 2102 2173 2102 2103 2173 2163 2104 2161 
2163 2173 2104 2173 2103 2104 2088 2161 2104 
2093 2174 2167 2105 2174 2093 2174 2105 2106 
2175 2174 2106 2168 2170 2176 2168 2107 2096 
2168 2177 2107 2168 2176 2177 2178 2107 2177 
2178 2179 2180 2177 2179 2178 2180 2181 2182 
2179 2181 2180 2182 2183 2184 2181 2183 2182 
2183 2185 2184 2186 2187 2188 2186 2188 2175 
2186 2175 2109 2109 2175 2106 2107 2178 2110 
2111 2110 2178 2180 2111 2178 2112 2111 2180 
2182 2112 2180 2113 2112 2182 2184 2113 2182 
2184 2185 2189 2184 2189 2113 2113 2189 2114 
2115 2114 2190 2114 2189 2190 2190 2117 2115 
2191 2117 2190 2192 2187 2186 2193 2187 2192 
2109 2119 2192 2186 2109 2192 2117 2191 2194 
2121 2117 2194 2122 2121 2195 2121 2194 2195 
2195 2124 2122 2196 2124 2195 2192 2197 2193 
2198 2199 2197 2125 2198 2197 2125 2197 2192 
2125 2192 2119 2125 2126 2198 2124 2196 2200 
2127 2124 2200 2128 2201 2202 2128 2127 2201 
2127 2200 2201 2202 2203 2204 2201 2203 2202 
2204 2205 2206 2203 2205 2204 2206 2207 2208 
2205 2207 2206 2208 2131 2130 2208 2207 2131 
2207 2209 2131 2132 2131 2210 2131 2209 2210 
2133 2132 2211 2132 2210 2211 2134 2133 2212 
2133 2211 2212 2199 2198 2135 2199 2135 2212 
2212 2135 2134 2126 2135 2198 2128 2202 2136 
2137 2136 2202 2204 2137 2202 2138 2137 2204 
2206 2138 2204 2139 2138 2206 2208 2139 2206 
2130 2139 2208 2213 2214 2215 2214 2213 2216 
2141 2217 2218 2142 2141 2218 2143 2219 2220 
2143 2220 2141 2141 2220 2217 2220 2219 2221 
2222 2223 2224 2215 2223 2222 2213 2215 2222 
2213 2222 2146 2213 2146 2145 2213 2225 2216 
2213 2145 2225 2145 2147 2225 2148 2226 2147 
2147 2226 2225 2149 2227 2148 2148 2227 2226 
2151 2228 2149 2149 2228 2227 2152 2229 2230 
2152 2230 2151 2151 2230 2228 2229 2231 2232 
2230 2229 2232 2231 2155 2154 2231 2154 2232 
2232 2154 2233 2157 2234 2154 2154 2234 2233 
2159 2235 2157 2157 2235 2234 2160 2236 2237 
2160 2237 2159 2159 2237 2235 2236 2163 2162 
2236 2162 2237 2237 2162 2238 2218 2162 2142 
2238 2162 2218 2143 2164 2219 2219 2239 2221 
2219 2164 2239 2164 2165 2239 2166 2240 2165 
2165 2240 2239 2240 2166 2167 2241 2240 2167 
2169 2222 2224 2169 2224 2170 2170 2224 2242 
2146 2222 2169 2152 2171 2229 2172 2229 2171 
2231 2229 2172 2155 2231 2172 2160 2173 2236 
2163 2236 2173 2243 2167 2174 2243 2244 2167 
2244 2241 2167 2174 2175 2243 2170 2242 2245 
2176 2170 2245 2177 2176 2246 2176 2245 2246 
2179 2177 2247 2177 2246 2247 2181 2179 2248 
2179 2247 2248 2183 2181 2249 2181 2248 2249 
2185 2250 2251 2185 2183 2250 2183 2249 2250 
2250 2252 2251 2188 2244 2243 2188 2187 2244 
2187 2253 2244 2175 2188 2243 2185 2251 2189 
2251 2252 2254 2251 2254 2189 2189 2254 2190 
2191 2255 2256 2191 2190 2255 2190 2254 2255 
2255 2257 2256 2258 2193 2259 2258 2253 2193 
2253 2187 2193 2258 2259 2260 2261 2262 2263 
2261 2264 2265 2262 2261 2265 2265 2264 2266 
2191 2256 2194 2256 2257 2267 2256 2267 2194 
2194 2267 2195 2196 2268 2269 2196 2195 2268 
2195 2267 2268 2268 2270 2269 2271 2272 2273 
2271 2274 2275 2273 2274 2271 2276 2193 2274 
2276 2259 2193 2274 2193 2275 2197 2277 2193 
2275 2193 2277 2259 2276 2260 2197 2199 2277 
2261 2263 2278 2264 2261 2278 2279 2264 2278 
2266 2264 2279 2196 2269 2200 2269 2270 2280 
2269 2280 2200 2200 2280 2201 2203 2201 2281 
2201 2280 2281 2205 2203 2282 2203 2281 2282 
2207 2205 2283 2205 2282 2283 2209 2207 2284 
2207 2283 2284 2272 2271 2210 2272 2210 2284 
2284 2210 2209 2211 2210 2271 2275 2211 2271 
2212 2211 2275 2277 2212 2275 2199 2212 2277 
2285 2286 2287 2286 2285 2288 2289 2290 2291 
2289 2215 2214 2289 2214 2290 2290 2214 2292 
2216 2293 2294 2216 2294 2214 2214 2294 2292 
2293 2295 2296 2294 2293 2296 2295 2297 2298 
2296 2295 2298 2298 2297 2299 2300 2301 2302 
2300 2303 2304 2301 2300 2304 2303 2305 2306 
2304 2303 2306 2305 2307 2308 2306 2305 2308 
2307 2309 2310 2308 2307 2310 2309 2311 2312 
2310 2309 2312 2311 2313 2314 2312 2311 2314 
2287 2314 2313 2285 2287 2313 2285 2313 2218 
2285 2218 2217 2285 2315 2288 2285 2217 2315 
2217 2220 2315 2315 2220 2221 2316 2315 2221 
2317 2318 2319 2291 2318 2317 2289 2291 2317 
2289 2317 2224 2289 2224 2223 2215 2289 2223 
2216 2225 2293 2226 2293 2225 2295 2293 2226 
2227 2295 2226 2297 2295 2227 2297 2320 2299 
2297 2227 2320 2227 2228 2320 2302 2230 2300 
2302 2320 2230 2320 2228 2230 2232 2300 2230 
2303 2300 2232 2233 2303 2232 2305 2303 2233 
2234 2305 2233 2307 2305 2234 2235 2307 2234 
2309 2307 2235 2237 2309 2235 2311 2309 2237 
2238 2311 2237 2313 2311 2238 2218 2313 2238 
2221 2321 2316 2239 2321 2221 2240 2322 2239 
2239 2322 2321 2322 2240 2241 2323 2322 2241 
2317 2319 2324 2317 2242 2224 2317 2325 2242 
2317 2324 2325 2326 2242 2325 2326 2327 2328 
2325 2327 2326 2328 2329 2330 2327 2329 2328 
2330 2331 2332 2329 2331 2330 2331 2333 2332 
2241 2244 2323 2323 2244 2334 2242 2326 2245 
2246 2245 2326 2328 2246 2326 2247 2246 2328 
2330 2247 2328 2248 2247 2330 2332 2248 2330 
2332 2333 2335 2332 2335 2248 2248 2335 2249 
2250 2249 2336 2249 2335 2336 2252 2337 2338 
2252 2250 2337 2250 2336 2337 2337 2339 2338 
2340 2253 2341 2340 2334 2253 2334 2244 2253 
2340 2341 2342 2252 2338 2254 2338 2339 2343 
2338 2343 2254 2254 2343 2255 2343 2257 2255 
2344 2257 2343 2253 2258 2341 2260 2345 2346 
2258 2260 2346 2258 2346 2342 2258 2342 2341 
2345 2263 2262 2345 2262 2346 2346 2262 2347 
2348 2349 2347 2348 2347 2265 2265 2347 2262 
2265 2266 2348 2257 2344 2350 2267 2257 2350 
2268 2267 2351 2267 2350 2351 2270 2352 2353 
2270 2268 2352 2268 2351 2352 2353 2354 2355 
2352 2354 2353 2354 2356 2355 2357 2358 2359 
2357 2360 2361 2359 2360 2357 2361 2273 2272 
2361 2360 2273 2360 2362 2273 2274 2273 2363 
2273 2362 2363 2276 2274 2364 2274 2363 2364 
2345 2260 2276 2345 2276 2365 2365 2276 2364 
2263 2345 2365 2263 2365 2278 2278 2365 2366 
2349 2348 2279 2349 2279 2366 2366 2279 2278 
2266 2279 2348 2270 2353 2280 2281 2280 2353 
2355 2281 2353 2355 2356 2367 2355 2367 2281 
2281 2367 2282 2358 2357 2283 2358 2283 2367 
2367 2283 2282 2284 2283 2357 2361 2284 2357 
2272 2284 2361 2368 2369 2370 2369 2368 2371 
2372 2373 2374 2372 2375 2376 2373 2372 2376 
2375 2287 2286 2375 2286 2376 2376 2286 2377 
2377 2286 2288 2378 2377 2288 2379 2368 2370 
2380 2379 2370 2291 2290 2381 2291 2381 2368 
2291 2368 2379 2371 2368 2381 2292 2382 2290 
2290 2382 2381 2294 2383 2292 2292 2383 2382 
2296 2384 2294 2294 2384 2383 2298 2385 2296 
2296 2385 2384 2299 2386 2387 2299 2387 2298 
2298 2387 2385 2386 2302 2301 2386 2301 2387 
2387 2301 2388 2304 2389 2301 2301 2389 2388 
2306 2390 2304 2304 2390 2389 2308 2391 2306 
2306 2391 2390 2310 2392 2308 2308 2392 2391 
2374 2312 2372 2374 2392 2312 2392 2310 2312 
2314 2372 2312 2375 2372 2314 2287 2375 2314 
2288 2393 2378 2315 2393 2288 2393 2315 2316 
2394 2393 2316 2318 2379 2380 2318 2380 2319 
2319 2380 2395 2291 2379 2318 2299 2320 2386 
2302 2386 2320 2316 2396 2394 2321 2396 2316 
2397 2398 2396 2397 2396 2322 2322 2396 2321 
2322 2323 2397 2319 2395 2399 2324 2319 2399 
2325 2324 2400 2324 2399 2400 2327 2325 2401 
2325 2400 2401 2329 2327 2402 2327 2401 2402 
2331 2329 2403 2329 2402 2403 2333 2404 2405 
2333 2331 2404 2331 2403 2404 2404 2406 2405 
2407 2398 2397 2408 2398 2407 2323 2334 2407 
2397 2323 2407 2333 2405 2335 2405 2406 2409 
2405 2409 2335 2335 2409 2336 2337 2336 2410 
2336 2409 2410 2410 2339 2337 2411 2339 2410 
2412 2408 2407 2413 2408 2412 2334 2340 2414 
2334 2414 2407 2407 2414 2412 2340 2342 2414 
2339 2411 2415 2343 2339 2415 2344 2416 2417 
2344 2343 2416 2343 2415 2416 2416 2418 2417 
2412 2419 2413 2414 2419 2412 2420 2419 2414 
2421 2422 2420 2346 2421 2420 2346 2420 2414 
2346 2414 2342 2346 2347 2423 2421 2346 2423 
2347 2349 2423 2344 2417 2350 2417 2418 2424 
2417 2424 2350 2350 2424 2351 2352 2351 2425 
2351 2424 2425 2354 2352 2426 2352 2425 2426 
2356 2427 2428 2356 2354 2427 2354 2426 2427 
2428 2359 2358 2428 2427 2359 2427 2429 2359 
2360 2359 2430 2359 2429 2430 2362 2360 2431 
2360 2430 2431 2363 2362 2432 2362 2431 2432 
2364 2363 2433 2363 2432 2433 2422 2421 2365 
2422 2365 2433 2433 2365 2364 2366 2365 2421 
2423 2366 2421 2349 2366 2423 2356 2428 2367 
2358 2367 2428 2434 2435 2436 2435 2434 2437 
2369 2438 2439 2370 2369 2439 2371 2440 2441 
2371 2441 2369 2369 2441 2438 2440 2442 2443 
2441 2440 2443 2442 2444 2445 2443 2442 2445 
2444 2446 2447 2445 2444 2447 2446 2448 2449 
2447 2446 2449 2448 2450 2451 2449 2448 2451 
2450 2452 2453 2451 2450 2453 2452 2454 2455 
2453 2452 2455 2454 2456 2457 2455 2454 2457 
2456 2458 2459 2457 2456 2459 2458 2460 2461 
2459 2458 2461 2436 2461 2460 2434 2436 2460 
2434 2460 2374 2434 2374 2373 2434 2462 2437 
2434 2373 2462 2373 2376 2462 2377 2463 2376 
2376 2463 2462 2463 2377 2378 2464 2463 2378 
2370 2439 2380 2439 2465 2380 2371 2381 2440 
2382 2440 2381 2442 2440 2382 2383 2442 2382 
2444 2442 2383 2384 2444 2383 2446 2444 2384 
2385 2446 2384 2448 2446 2385 2387 2448 2385 
2450 2448 2387 2388 2450 2387 2452 2450 2388 
2389 2452 2388 2454 2452 2389 2390 2454 2389 
2456 2454 2390 2391 2456 2390 2458 2456 2391 
2392 2458 2391 2460 2458 2392 2374 2460 2392 
2378 2466 2464 2393 2466 2378 2466 2393 2394 
2467 2466 2394 2468 2469 2395 2468 2395 2465 
2465 2395 2380 2469 2470 2471 2468 2470 2469 
2471 2472 2473 2470 2472 2471 2473 2474 2475 
2472 2474 2473 2474 2476 2475 2394 2477 2467 
2396 2477 2394 2477 2396 2398 2478 2477 2398 
2395 2469 2399 2400 2399 2469 2471 2400 2469 
2401 2400 2471 2473 2401 2471 2402 2401 2473 
2475 2402 2473 2475 2476 2479 2475 2479 2402 
2402 2479 2403 2404 2403 2480 2403 2479 2480 
2406 2481 2482 2406 2404 2481 2404 2480 2481 
2481 2483 2482 2398 2408 2478 2478 2408 2484 
2406 2482 2409 2482 2483 2485 2482 2485 2409 
2409 2485 2410 2411 2486 2487 2411 2410 2486 
2410 2485 2486 2486 2488 2487 2489 2490 2491 
2489 2491 2484 2489 2484 2413 2413 2484 2408 
2411 2487 2415 2487 2488 2492 2487 2492 2415 
2415 2492 2416 2418 2493 2494 2418 2416 2493 
2416 2492 2493 2494 2495 2496 2493 2495 2494 
2496 2497 2498 2495 2497 2496 2498 2499 2500 
2497 2499 2498 2500 2501 2502 2499 2501 2500 
2502 2503 2504 2501 2503 2502 2490 2504 2503 
2490 2489 2504 2489 2505 2504 2413 2419 2506 
2413 2506 2489 2489 2506 2505 2419 2420 2507 
2506 2419 2507 2420 2422 2507 2418 2494 2424 
2425 2424 2494 2496 2425 2494 2426 2425 2496 
2498 2426 2496 2427 2426 2498 2500 2427 2498 
2429 2427 2500 2502 2429 2500 2430 2429 2502 
2504 2430 2502 2431 2430 2504 2505 2431 2504 
2432 2431 2505 2506 2432 2505 2433 2432 2506 
2507 2433 2506 2422 2433 2507 2508 2509 2510 
2508 2511 2512 2509 2508 2512 2511 2513 2514 
2512 2511 2514 2513 2515 2516 2514 2513 2516 
2515 2517 2518 2516 2515 2518 2517 2519 2520 
2518 2517 2520 2519 2521 2522 2520 2519 2522 
2522 2521 2523 2524 2525 2526 2524 2527 2528 
2525 2524 2528 2527 2529 2530 2528 2527 2530 
2529 2531 2532 2530 2529 2532 2531 2533 2534 
2532 2531 2534 2533 2436 2435 2533 2435 2534 
2534 2435 2535 2535 2435 2437 2536 2535 2437 
2537 2508 2510 2538 2537 2510 2438 2537 2439 
2438 2511 2537 2511 2508 2537 2441 2511 2438 
2513 2511 2441 2443 2513 2441 2515 2513 2443 
2445 2515 2443 2517 2515 2445 2447 2517 2445 
2519 2517 2447 2449 2519 2447 2521 2519 2449 
2521 2539 2523 2521 2449 2539 2449 2451 2539 
2526 2453 2524 2526 2539 2453 2539 2451 2453 
2455 2524 2453 2527 2524 2455 2457 2527 2455 
2529 2527 2457 2459 2529 2457 2531 2529 2459 
2461 2531 2459 2533 2531 2461 2436 2533 2461 
2437 2540 2536 2462 2540 2437 2463 2541 2462 
2462 2541 2540 2541 2463 2464 2542 2541 2464 
2537 2538 2543 2543 2439 2537 2543 2544 2439 
2544 2465 2439 2464 2545 2542 2466 2545 2464 
2545 2466 2467 2546 2545 2467 2465 2544 2547 
2468 2465 2547 2470 2468 2548 2468 2547 2548 
2472 2470 2549 2470 2548 2549 2474 2472 2550 
2472 2549 2550 2476 2551 2552 2476 2474 2551 
2474 2550 2551 2551 2553 2552 2554 2467 2477 
2554 2555 2467 2555 2546 2467 2477 2478 2554 
2476 2552 2479 2552 2553 2556 2552 2556 2479 
2479 2556 2480 2481 2480 2557 2480 2556 2557 
2483 2558 2559 2483 2481 2558 2481 2557 2558 
2558 2560 2559 2554 2561 2555 2561 2554 2478 
2561 2478 2562 2562 2478 2484 2483 2559 2485 
2559 2560 2563 2559 2563 2485 2485 2563 2486 
2488 2564 2565 2488 2486 2564 2486 2563 2564 
2565 2566 2567 2564 2566 2565 2566 2568 2567 
2491 2490 2569 2491 2569 2570 2491 2570 2484 
2484 2570 2562 2488 2565 2492 2493 2492 2565 
2567 2493 2565 2567 2568 2571 2567 2571 2493 
2493 2571 2495 2497 2495 2572 2495 2571 2572 
2499 2497 2573 2497 2572 2573 2501 2499 2574 
2499 2573 2574 2503 2501 2575 2501 2574 2575 
2569 2490 2503 2569 2503 2576 2576 2503 2575 
2570 2569 2576 2577 2578 2579 2577 2580 2581 
2578 2577 2581 2580 2582 2583 2581 2580 2583 
2582 2584 2585 2583 2582 2585 2584 2586 2587 
2585 2584 2587 2586 2588 2589 2587 2586 2589 
2589 2588 2590 2591 2592 2593 2591 2594 2595 
2592 2591 2595 2594 2596 2597 2595 2594 2597 
2596 2598 2599 2597 2596 2599 2598 2600 2601 
2599 2598 2601 2601 2600 2602 2509 2603 2604 
2510 2509 2604 2579 2512 2577 2579 2603 2512 
2603 2509 2512 2514 2577 2512 2580 2577 2514 
2516 2580 2514 2582 2580 2516 2518 2582 2516 
2584 2582 2518 2520 2584 2518 2586 2584 2520 
2522 2586 2520 2588 2586 2522 2523 2605 2606 
2522 2523 2606 2522 2606 2590 2522 2590 2588 
2593 2606 2605 2591 2593 2605 2591 2605 2526 
2591 2526 2525 2528 2591 2525 2594 2591 2528 
2530 2594 2528 2596 2594 2530 2532 2596 2530 
2598 2596 2532 2534 2598 2532 2600 2598 2534 
2600 2607 2602 2600 2534 2607 2534 2535 2607 
2607 2535 2536 2608 2607 2536 2510 2604 2538 
2604 2609 2538 2523 2539 2605 2526 2605 2539 
2536 2610 2608 2540 2610 2536 2541 2611 2540 
2540 2611 2610 2611 2541 2542 2612 2611 2542 
2538 2609 2613 2543 2538 2613 2544 2614 2615 
2544 2543 2614 2543 2613 2614 2615 2616 2617 
2614 2616 2615 2617 2618 2619 2616 2618 2617 
2619 2620 2621 2618 2620 2619 2621 2622 2623 
2620 2622 2621 2622 2624 2623 2625 2542 2545 
2625 2626 2542 2626 2612 2542 2545 2546 2625 
2544 2615 2547 2548 2547 2615 2617 2548 2615 
2549 2548 2617 2619 2549 2617 2550 2549 2619 
2621 2550 2619 2551 2550 2621 2623 2551 2621 
2553 2627 2628 2551 2627 2553 2551 2624 2627 
2551 2623 2624 2627 2629 2628 2630 2626 2625 
2631 2626 2630 2546 2555 2630 2625 2546 2630 
2553 2628 2556 2628 2629 2632 2628 2632 2556 
2556 2632 2557 2558 2557 2633 2557 2632 2633 
2560 2634 2635 2560 2558 2634 2558 2633 2634 
2634 2636 2635 2630 2637 2631 2638 2639 2637 
2561 2638 2637 2561 2637 2630 2561 2630 2555 
2561 2562 2638 2560 2635 2563 2635 2636 2640 
2635 2640 2563 2563 2640 2564 2566 2564 2641 
2564 2640 2641 2568 2642 2643 2568 2566 2642 
2566 2641 2642 2643 2644 2645 2642 2644 2643 
2645 2646 2647 2644 2646 2645 2646 2648 2647 
2638 2649 2639 2649 2638 2562 2649 2562 2650 
2650 2562 2570 2568 2643 2571 2572 2571 2643 
2645 2572 2643 2573 2572 2645 2647 2573 2645 
2647 2648 2651 2647 2651 2573 2573 2651 2574 
2575 2574 2652 2574 2651 2652 2576 2575 2653 
2575 2652 2653 2650 2570 2576 2653 2650 2576 
2654 2655 2656 2654 2657 2658 2655 2654 2658 
2657 2659 2660 2658 2657 2660 2660 2659 2661 
2662 2663 2664 2663 2662 2665 2666 2667 2668 
2666 2669 2670 2667 2666 2670 2669 2671 2672 
2670 2669 2672 2671 2673 2674 2672 2671 2674 
2656 2674 2673 2656 2673 2654 2654 2673 2675 
2657 2654 2676 2676 2654 2675 2659 2657 2677 
2677 2657 2676 2678 2661 2659 2678 2659 2679 
2679 2659 2677 2664 2678 2679 2664 2679 2662 
2662 2679 2680 2681 2665 2662 2681 2662 2682 
2682 2662 2680 2681 2682 2683 2684 2685 2686 
2684 2579 2578 2684 2578 2685 2685 2578 2687 
2668 2581 2666 2668 2687 2581 2687 2578 2581 
2583 2666 2581 2669 2666 2583 2585 2669 2583 
2671 2669 2585 2587 2671 2585 2673 2671 2587 
2589 2673 2587 2675 2673 2589 2590 2675 2589 
2590 2688 2675 2688 2676 2675 2592 2688 2593 
2592 2677 2688 2677 2676 2688 2595 2677 2592 
2679 2677 2595 2597 2679 2595 2680 2679 2597 
2599 2680 2597 2682 2680 2599 2682 2689 2683 
2682 2599 2689 2599 2601 2689 2689 2601 2602 
2690 2689 2602 2603 2684 2686 2603 2686 2604 
2604 2686 2691 2579 2684 2603 2590 2606 2688 
2593 2688 2606 2602 2692 2690 2607 2692 2602 
2692 2607 2608 2693 2692 2608 2694 2695 2609 
2694 2609 2691 2691 2609 2604 2695 2696 2697 
2694 2696 2695 2697 2698 2699 2696 2698 2697 
2699 2700 2701 2698 2700 2699 2700 2702 2701 
2608 2703 2693 2610 2703 2608 2704 2705 2703 
2704 2703 2611 2611 2703 2610 2611 2612 2704 
2609 2695 2613 2614 2613 2695 2697 2614 2695 
2616 2614 2697 2699 2616 2697 2618 2616 2699 
2701 2618 2699 2701 2702 2706 2701 2706 2618 
2618 2706 2620 2622 2620 2707 2620 2706 2707 
2707 2624 2622 2708 2624 2707 2709 2705 2704 
2710 2705 2709 2612 2626 2709 2704 2612 2709 
2624 2708 2711 2627 2624 2711 2629 2712 2713 
2629 2627 2712 2627 2711 2712 2712 2714 2713 
2715 2710 2709 2716 2710 2715 2626 2631 2715 
2709 2626 2715 2629 2713 2632 2713 2714 2717 
2713 2717 2632 2632 2717 2633 2634 2633 2718 
2633 2717 2718 2636 2719 2720 2636 2634 2719 
2634 2718 2719 2720 2721 2722 2719 2721 2720 
2722 2723 2724 2721 2723 2722 2723 2725 2724 
2715 2726 2716 2727 2728 2726 2637 2727 2726 
2637 2726 2715 2637 2715 2631 2637 2639 2727 
2636 2720 2640 2641 2640 2720 2722 2641 2720 
2642 2641 2722 2724 2642 2722 2724 2725 2729 
2724 2729 2642 2642 2729 2644 2646 2644 2730 
2644 2729 2730 2648 2731 2732 2648 2646 2731 
2646 2730 2731 2728 2732 2731 2728 2727 2732 
2727 2733 2732 2639 2649 2734 2639 2734 2727 
2727 2734 2733 2649 2650 2734 2648 2732 2651 
2652 2651 2732 2733 2652 2732 2653 2652 2733 
2734 2653 2733 2650 2653 2734 2735 2736 2737 
2735 2738 2739 2736 2735 2739 2738 2740 2741 
2739 2738 2741 2741 2740 2742 2743 2744 2745 
2743 2746 2747 2744 2743 2747 2737 2747 2746 
2737 2746 2735 2735 2746 2748 2738 2735 2749 
2749 2735 2748 2655 2749 2656 2655 2740 2749 
2740 2738 2749 2740 2750 2742 2740 2655 2750 
2655 2658 2750 2660 2751 2658 2658 2751 2750 
2661 2752 2753 2661 2753 2660 2660 2753 2751 
2752 2664 2663 2752 2663 2753 2753 2663 2754 
2754 2663 2665 2755 2754 2665 2756 2757 2758 
2745 2757 2756 2743 2745 2756 2743 2756 2668 
2743 2668 2667 2670 2743 2667 2746 2743 2670 
2672 2746 2670 2748 2746 2672 2674 2748 2672 
2749 2748 2674 2656 2749 2674 2661 2678 2752 
2664 2752 2678 2665 2759 2755 2681 2759 2665 
2759 2681 2683 2760 2759 2683 2685 2761 2762 
2686 2685 2762 2758 2687 2756 2758 2761 2687 
2761 2685 2687 2668 2756 2687 2683 2763 2760 
2689 2763 2683 2763 2689 2690 2764 2763 2690 
2765 2766 2691 2765 2691 2762 2762 2691 2686 
2765 2767 2766 2768 2690 2692 2768 2769 2690 
2769 2764 2690 2692 2693 2768 2691 2766 2694 
2766 2767 2770 2766 2770 2694 2694 2770 2696 
2698 2696 2771 2696 2770 2771 2700 2698 2772 
2698 2771 2772 2702 2773 2774 2702 2700 2773 
2700 2772 2773 2773 2775 2774 2768 2776 2769 
2777 2778 2776 2703 2777 2776 2703 2776 2768 
2703 2768 2693 2703 2705 2777 2702 2774 2706 
2774 2775 2779 2774 2779 2706 2706 2779 2707 
2708 2780 2781 2708 2707 2780 2707 2779 2780 
2780 2782 2781 2783 2778 2777 2784 2778 2783 
2705 2710 2783 2777 2705 2783 2708 2781 2711 
2781 2782 2785 2781 2785 2711 2711 2785 2712 
2714 2786 2787 2714 2712 2786 2712 2785 2786 
2786 2788 2787 2789 2784 2783 2790 2784 2789 
2710 2716 2789 2783 2710 2789 2714 2787 2717 
2787 2788 2791 2787 2791 2717 2717 2791 2718 
2719 2718 2792 2718 2791 2792 2721 2719 2793 
2719 2792 2793 2723 2721 2794 2721 2793 2794 
2725 2795 2796 2725 2723 2795 2723 2794 2795 
2797 2789 2798 2797 2796 2789 2790 2789 2795 
2795 2789 2796 2716 2798 2789 2716 2726 2798 
2726 2799 2798 2799 2726 2728 2800 2799 2728 
2725 2796 2729 2796 2797 2801 2796 2801 2729 
2729 2801 2730 2731 2730 2802 2730 2801 2802 
2800 2728 2731 2802 2800 2731 2803 2804 2805 
2803 2806 2807 2804 2803 2807 2806 2808 2809 
2807 2806 2809 2809 2808 2810 2811 2803 2805 
2812 2811 2805 2806 2803 2813 2813 2803 2811 
2736 2813 2737 2736 2808 2813 2808 2806 2813 
2808 2814 2810 2808 2736 2814 2736 2739 2814 
2741 2815 2739 2739 2815 2814 2742 2816 2817 
2742 2817 2741 2741 2817 2815 2816 2818 2819 
2817 2816 2819 2819 2818 2820 2821 2822 2823 
2812 2822 2821 2811 2812 2821 2811 2821 2745 
2811 2745 2744 2747 2811 2744 2813 2811 2747 
2737 2813 2747 2742 2750 2816 2751 2816 2750 
2818 2816 2751 2818 2824 2820 2818 2751 2824 
2751 2753 2824 2754 2825 2753 2753 2825 2824 
2825 2754 2755 2826 2825 2755 2827 2828 2829 
2823 2828 2827 2821 2823 2827 2821 2827 2758 
2821 2758 2757 2745 2821 2757 2755 2830 2826 
2759 2830 2755 2830 2759 2760 2831 2830 2760 
2761 2832 2762 2827 2829 2833 2833 2758 2827 
2833 2834 2758 2761 2758 2832 2832 2758 2834 
2835 2760 2763 2835 2836 2760 2836 2831 2760 
2763 2764 2835 2762 2832 2765 2767 2837 2838 
2765 2837 2767 2765 2834 2837 2765 2832 2834 
2838 2839 2840 2837 2839 2838 2840 2841 2842 
2839 2841 2840 2841 2843 2842 2844 2836 2835 
2845 2836 2844 2764 2769 2844 2835 2764 2844 
2767 2838 2770 2771 2770 2838 2840 2771 2838 
2772 2771 2840 2842 2772 2840 2842 2843 2846 
2842 2846 2772 2772 2846 2773 2775 2847 2848 
2775 2773 2847 2773 2846 2847 2847 2849 2848 
2844 2850 2845 2851 2852 2850 2776 2851 2850 
2776 2850 2844 2776 2844 2769 2776 2778 2851 
2775 2848 2779 2848 2849 2853 2848 2853 2779 
2779 2853 2780 2782 2854 2855 2782 2780 2854 
2780 2853 2854 2854 2856 2855 2857 2852 2851 
2858 2852 2857 2778 2784 2857 2851 2778 2857 
2782 2855 2785 2855 2856 2859 2855 2859 2785 
2785 2859 2786 2788 2860 2861 2788 2786 2860 
2786 2859 2860 2861 2862 2863 2860 2862 2861 
2862 2864 2863 2865 2858 2857 2866 2858 2865 
2784 2790 2865 2857 2784 2865 2788 2861 2791 
2792 2791 2861 2863 2792 2861 2863 2864 2867 
2863 2867 2792 2792 2867 2793 2794 2793 2868 
2793 2867 2868 2866 2865 2795 2866 2795 2868 
2868 2795 2794 2790 2795 2865 2798 2869 2797 
2870 2869 2798 2870 2798 2871 2871 2798 2799 
2871 2799 2800 2872 2871 2800 2797 2869 2801 
2869 2870 2873 2869 2873 2801 2801 2873 2802 
2872 2800 2802 2873 2872 2802 2804 2874 2875 
2805 2804 2875 2876 2877 2874 2876 2874 2807 
2807 2874 2804 2807 2809 2878 2876 2807 2878 
2809 2810 2878 2879 2880 2881 2879 2875 2880 
2879 2812 2875 2812 2805 2875 2876 2882 2877 
2878 2882 2876 2883 2882 2878 2810 2883 2878 
2810 2814 2883 2814 2884 2883 2815 2885 2814 
2814 2885 2884 2886 2887 2885 2886 2885 2817 
2817 2885 2815 2888 2886 2817 2888 2817 2889 
2889 2817 2819 2889 2819 2820 2890 2889 2820 
2891 2892 2893 2881 2892 2891 2879 2881 2891 
2879 2891 2823 2879 2823 2822 2812 2879 2822 
2886 2894 2887 2888 2894 2886 2820 2895 2890 
2824 2895 2820 2896 2897 2895 2896 2895 2825 
2825 2895 2824 2825 2826 2896 2828 2898 2829 
2891 2893 2899 2899 2823 2891 2899 2900 2823 
2828 2823 2898 2898 2823 2900 2896 2901 2897 
2902 2903 2901 2830 2902 2901 2830 2901 2896 
2830 2896 2826 2830 2831 2902 2829 2898 2833 
2834 2904 2905 2833 2904 2834 2833 2900 2904 
2833 2898 2900 2904 2906 2905 2907 2903 2902 
2908 2903 2907 2831 2836 2907 2902 2831 2907 
2834 2905 2837 2905 2906 2909 2905 2909 2837 
2837 2909 2839 2841 2839 2910 2839 2909 2910 
2843 2911 2912 2843 2841 2911 2841 2910 2911 
2912 2913 2914 2911 2913 2912 2913 2915 2914 
2916 2908 2907 2917 2908 2916 2836 2845 2916 
2907 2836 2916 2843 2912 2846 2847 2846 2912 
2914 2847 2912 2849 2918 2919 2847 2918 2849 
2847 2915 2918 2847 2914 2915 2919 2920 2921 
2918 2920 2919 2920 2922 2921 2916 2923 2917 
2924 2925 2923 2850 2924 2923 2850 2923 2916 
2850 2916 2845 2850 2852 2924 2849 2919 2853 
2854 2853 2919 2921 2854 2919 2856 2926 2927 
2854 2926 2856 2854 2922 2926 2854 2921 2922 
2927 2928 2929 2926 2928 2927 2929 2930 2931 
2928 2930 2929 2930 2932 2931 2933 2925 2924 
2934 2925 2933 2852 2858 2933 2924 2852 2933 
2856 2927 2859 2860 2859 2927 2929 2860 2927 
2862 2860 2929 2931 2862 2929 2864 2935 2936 
2862 2935 2864 2862 2932 2935 2862 2931 2932 
2937 2933 2938 2937 2936 2933 2934 2933 2935 
2935 2933 2936 2938 2933 2858 2938 2858 2939 
2939 2858 2866 2864 2936 2867 2936 2937 2940 
2936 2940 2867 2867 2940 2868 2939 2866 2868 
2940 2939 2868 2871 2941 2870 2871 2872 2941 
2870 2941 2873 2872 2873 2941 2874 2942 2875 
2874 2877 2942 2880 2943 2881 2880 2944 2943 
2875 2944 2880 2875 2945 2944 2875 2942 2945 
2877 2945 2942 2877 2882 2945 2882 2946 2945 
2883 2947 2882 2882 2947 2946 2948 2949 2947 
2948 2947 2884 2884 2947 2883 2884 2885 2950 
2948 2884 2950 2885 2887 2950 2889 2951 2888 
2889 2890 2951 2892 2952 2893 2892 2953 2952 
2881 2953 2892 2881 2954 2953 2881 2943 2954 
2944 2954 2943 2948 2955 2949 2955 2956 2957 
2955 2948 2956 2948 2950 2956 2887 2894 2958 
2887 2958 2950 2950 2958 2956 2894 2959 2958 
2888 2959 2894 2888 2960 2959 2888 2951 2960 
2961 2962 2960 2895 2961 2960 2895 2960 2951 
2895 2951 2890 2895 2897 2961 2893 2952 2899 
2900 2963 2964 2899 2963 2900 2899 2953 2963 
2899 2952 2953 2963 2965 2964 2966 2957 2956 
2967 2957 2966 2958 2968 2956 2968 2966 2956 
2969 2958 2959 2968 2958 2969 2961 2970 2962 
2971 2972 2970 2901 2971 2970 2901 2970 2961 
2901 2961 2897 2901 2903 2971 2900 2964 2904 
2906 2973 2974 2904 2973 2906 2904 2965 2973 
2904 2964 2965 2974 2975 2976 2973 2975 2974 
2975 2977 2976 2966 2978 2967 2978 2979 2980 
2978 2966 2979 2966 2968 2979 2981 2968 2969 
2979 2968 2981 2982 2972 2971 2983 2972 2982 
2903 2908 2982 2971 2903 2982 2906 2974 2909 
2910 2909 2974 2976 2910 2974 2976 2977 2984 
2976 2984 2910 2910 2984 2911 2913 2911 2985 
2911 2984 2985 2915 2986 2987 2915 2913 2986 
2913 2985 2986 2980 2987 2986 2980 2979 2987 
2979 2988 2987 2989 2979 2981 2989 2990 2979 
2990 2988 2979 2989 2991 2990 2992 2983 2982 
2993 2983 2992 2908 2917 2992 2982 2908 2992 
2915 2987 2918 2920 2918 2987 2988 2920 2987 
2922 2920 2988 2922 2988 2994 2994 2988 2990 
2995 2990 2991 2995 2996 2990 2996 2994 2990 
2997 2992 2998 2997 2996 2992 2993 2992 2995 
2995 2992 2996 2999 3000 2998 2923 2999 2998 
2923 2998 2992 2923 2992 2917 2923 2925 2999 
2922 2994 2926 2928 2926 2994 2996 2928 2994 
2996 2997 3001 2996 3001 2928 2928 3001 2930 
2932 2999 3002 2932 3001 2999 2932 2930 3001 
3001 3000 2999 2925 2934 3002 2999 2925 3002 
2932 3002 2935 2934 2935 3002 2938 3003 2937 
2938 2939 3003 2937 3003 2940 2939 2940 3003 
2945 3004 2944 2945 2946 3005 3004 2945 3005 
2946 2947 3006 3005 2946 3006 2947 2949 3006 
2954 3007 2953 2954 2944 3004 2954 3004 3007 
3007 3004 3008 3009 3005 3010 3009 3008 3005 
3008 3004 3005 3010 3011 3012 3010 3005 3011 
3005 3006 3011 2949 2955 3013 2949 3013 3006 
3006 3013 3011 2955 2957 3013 2960 3014 2959 
2960 2962 3014 2953 3007 2963 2965 2963 3007 
2965 3007 3015 3015 3007 3008 3016 3008 3009 
3016 3017 3008 3017 3015 3008 3012 3017 3016 
3012 3011 3017 3011 3018 3017 3013 3019 3011 
3019 3018 3011 2957 2967 3019 3013 2957 3019 
3014 3020 2969 2959 3014 2969 2962 2970 3021 
2962 3021 3014 3014 3021 3020 2970 2972 3021 
2965 3015 2973 2975 2973 3015 3017 2975 3015 
2977 2975 3017 2977 3017 3022 3022 3017 3018 
3019 3023 3018 3023 3022 3018 2967 2978 3024 
2967 3024 3019 3019 3024 3023 2978 2980 3024 
3020 3025 2981 2969 3020 2981 3021 3026 3020 
3026 3025 3020 2972 2983 3026 3021 2972 3026 
2977 3022 2984 2985 2984 3022 3023 2985 3022 
2986 2985 3023 3024 2986 3023 2980 2986 3024 
2981 3025 2989 2991 2989 3025 2991 3025 3027 
3027 3025 3026 2983 2993 3027 3026 2983 3027 
2991 3027 2995 2993 2995 3027 2998 3028 2997 
2998 3000 3028 2997 3028 3001 3000 3001 3028 
3010 3029 3009 3010 3012 3029 3009 3029 3016 
3012 3016 3029 
CELL_DATA 6040
SCALARS Scalars float
LOOKUP_TABLE default
1 1 1 1 1 1 1 1 1 
1 1 1 1 1 1 1 1 1 
1 1 1 1 1 1 1 1 1 
1 1 1 1 1 1 1 1 1 
1 1 1 1 1 1 1 1 1 
1 1 1 1 1 1 1 1 1 
1 1 1 1 1 1 1 1 1 
1 1 1 1 1 1 1 1 1 
1 1 1 1 1 1 1 1 1 
1 1 1 1 1 1 1 1 1 
1 1 1 1 1 1 1 1 1 
1 1 1 1 1 1 1 1 1 
1 1 1 1 1 1 1 1 1 
1 1 1 1 1 1 1 1 1 
1 1 1 1 1 1 1 1 1 
1 1 1 1 1 1 1 1 1 
1 1 1 1 1 1 1 1 1 
1 1 1 1 1 1 1 1 1 
1 1 1 1 1 1 1 1 1 
1 1 1 1 1 1 1 1 1 
1 1 1 1 1 1 1 1 1 
1 1 1 1 1 1 1 1 1 
1 1 1 1 1 1 1 1 1 
1 1 1 1 1 1 1 1 1 
1 1 1 1 1 1 1 1 1 
1 1 1 1 1 1 1 1 1 
1 1 1 1 1 1 1 1 1 
1 1 1 1 1 1 1 1 1 
1 1 1 1 1 1 1 1 1 
1 1 1 1 1 1 1 1 1 
1 1 1 1 1 1 1 1 1 
1 1 1 1 1 1 1 1 1 
1 1 1 1 1 1 1 1 1 
1 1 1 1 1 1 1 1 1 
1 1 1 1 1 1 1 1 1 
1 1 1 1 1 1 1 1 1 
1 1 1 1 1 1 1 1 1 
1 1 1 1 1 1 1 1 1 
1 1 1 1 1 1 1 1 1 
1 1 1 1 1 1 1 1 1 
1 1 1 1 1 1 1 1 1 
1 1 1 1 1 1 1 1 1 
1 1 1 1 1 1 1 1 1 
1 1 1 1 1 1 1 1 1 
1 1 1 1 1 1 1 1 1 
1 1 1 1 1 1 1 1 1 
1 1 1 1 1 1 1 1 1 
1 1 1 1 1 1 1 1 1 
1 1 1 1 1 1 1 1 1 
1 1 1 1 1 1 1 1 1 
1 1 1 1 1 1 1 1 1 
1 1 1 1 1 1 1 1 1 
1 1 1 1 1 1 1 1 1 
1 1 1 1 1 1 1 1 1 
1 1 1 1 1 1 1 1 1 
1 1 1 1 1 1 1 1 1 
1 1 1 1 1 1 1 1 1 
1 1 1 1 1 1 1 1 1 
1 1 1 1 1 1 1 1 1 
1 1 1 1 1 1 1 1 1 
1 1 1 1 1 1 1 1 1 
1 1 1 1 1 1 1 1 1 
1 1 1 1 1 1 1 1 1 
1 1 1 1 1 1 1 1 1 
1 1 1 1 1 1 1 1 1 
1 1 1 1 1 1 1 1 1 
1 1 1 1 1 1 1 1 1 
1 1 1 1 1 1 1 1 1 
1 1 1 1 1 1 1 1 1 
1 1 1 1 1 1 1 1 1 
1 1 1 1 1 1 1 1 1 
1 1 1 1 1 1 1 1 1 
1 1 1 1 1 1 1 1 1 
1 1 1 1 1 1 1 1 1 
1 1 1 1 1 1 1 1 1 
1 1 1 1 1 1 1 1 1 
1 1 1 1 1 1 1 1 1 
1 1 1 1 1 1 1 1 1 
1 1 1 1 1 1 1 1 1 
1 1 1 1 1 1 1 1 1 
1 1 1 1 1 1 1 1 1 
1 1 1 1 1 1 1 1 1 
1 1 1 1 1 1 1 1 1 
1 1 1 1 1 1 1 1 1 
1 1 1 1 1 1 1 1 1 
1 1 1 1 1 1 1 1 1 
1 1 1 1 1 1 1 1 1 
1 1 1 1 1 1 1 1 1 
1 1 1 1 1 1 1 1 1 
1 1 1 1 1 1 1 1 1 
1 1 1 1 1 1 1 1 1 
1 1 1 1 1 1 1 1 1 
1 1 1 1 1 1 1 1 1 
1 1 1 1 1 1 1 1 1 
1 1 1 1 1 1 1 1 1 
1 1 1 1 1 1 1 1 1 
1 1 1 1 1 1 1 1 1 
1 1 1 1 1 1 1 1 1 
1 1 1 1 1 1 1 1 1 
1 1 1 1 1 1 1 1 1 
1 1 1 1 1 1 1 1 1 
1 1 1 1 1 1 1 1 1 
1 1 1 1 1 1 1 1 1 
1 1 1 1 1 1 1 1 1 
1 1 1 1 1 1 1 1 1 
1 1 1 1 1 1 1 1 1 
1 1 1 1 1 1 1 1 1 
1 1 1 1 1 1 1 1 1 
1 1 1 1 1 1 1 1 1 
1 1 1 1 1 1 1 1 1 
1 1 1 1 1 1 1 1 1 
1 1 1 1 1 1 1 1 1 
1 1 1 1 1 1 1 1 1 
1 1 1 1 1 1 1 1 1 
1 1 1 1 1 1 1 1 1 
1 1 1 1 1 1 1 1 1 
1 1 1 1 1 1 1 1 1 
1 1 1 1 1 1 1 1 1 
1 1 1 1 1 1 1 1 1 
1 1 1 1 1 1 1 1 1 
1 1 1 1 1 1 1 1 1 
1 1 1 1 1 1 1 1 1 
1 1 1 1 1 1 1 1 1 
1 1 1 1 1 1 1 1 1 
1 1 1 1 1 1 1 1 1 
1 1 1 1 1 1 1 1 1 
1 1 1 1 1 1 1 1 1 
1 1 1 1 1 1 1 1 1 
1 1 1 1 1 1 1 1 1 
1 1 1 1 1 1 1 1 1 
1 1 1 1 1 1 1 1 1 
1 1 1 1 1 1 1 1 1 
1 1 1 1 1 1 1 1 1 
1 1 1 1 1 1 1 1 1 
1 1 1 1 1 1 1 1 1 
1 1 1 1 1 1 1 1 1 
1 1 1 1 1 1 1 1 1 
1 1 1 1 1 1 1 1 1 
1 1 1 1 1 1 1 1 1 
1 1 1 1 1 1 1 1 1 
1 1 1 1 1 1 1 1 1 
1 1 1 1 1 1 1 1 1 
1 1 1 1 1 1 1 1 1 
1 1 1 1 1 1 1 1 1 
1 1 1 1 1 1 1 1 1 
1 1 1 1 1 1 1 1 1 
1 1 1 1 1 1 1 1 1 
1 1 1 1 1 1 1 1 1 
1 1 1 1 1 1 1 1 1 
1 1 1 1 1 1 1 1 1 
1 1 1 1 1 1 1 1 1 
1 1 1 1 1 1 1 1 1 
1 1 1 1 1 1 1 1 1 
1 1 1 1 1 1 1 1 1 
1 1 1 1 1 1 1 1 1 
1 1 1 1 1 1 1 1 1 
1 1 1 1 1 1 1 1 1 
1 1 1 1 1 1 1 1 1 
1 1 1 1 1 1 1 1 1 
1 1 1 1 1 1 1 1 1 
1 1 1 1 1 1 1 1 1 
1 1 1 1 1 1 1 1 1 
1 1 1 1 1 1 1 1 1 
1 1 1 1 1 1 1 1 1 
1 1 1 1 1 1 1 1 1 
1 1 1 1 1 1 1 1 1 
1 1 1 1 1 1 1 1 1 
1 1 1 1 1 1 1 1 1 
1 1 1 1 1 1 1 1 1 
1 1 1 1 1 1 1 1 1 
1 1 1 1 1 1 1 1 1 
1 1 1 1 1 1 1 1 1 
1 1 1 1 1 1 1 1 1 
1 1 1 1 1 1 1 1 1 
1 1 1 1 1 1 1 1 1 
1 1 1 1 1 1 1 1 1 
1 1 1 1 1 1 1 1 1 
1 1 1 1 1 1 1 1 1 
1 1 1 1 1 1 1 1 1 
1 1 1 1 1 1 1 1 1 
1 1 1 1 1 1 1 1 1 
1 1 1 1 1 1 1 1 1 
1 1 1 1 1 1 1 1 1 
1 1 1 1 1 1 1 1 1 
1 1 1 1 1 1 1 1 1 
1 1 1 1 1 1 1 1 1 
1 1 1 1 1 1 1 1 1 
1 1 1 1 1 1 1 1 1 
1 1 1 1 1 1 1 1 1 
1 1 1 1 1 1 1 1 1 
1 1 1 1 1 1 1 1 1 
1 1 1 1 1 1 1 1 1 
1 1 1 1 1 1 1 1 1 
1 1 1 1 1 1 1 1 1 
1 1 1 1 1 1 1 1 1 
1 1 1 1 1 1 1 1 1 
1 1 1 1 1 1 1 1 1 
1 1 1 1 1 1 1 1 1 
1 1 1 1 1 1 1 1 1 
1 1 1 1 1 1 1 1 1 
1 1 1 1 1 1 1 1 1 
1 1 1 1 1 1 1 1 1 
1 1 1 1 1 1 1 1 1 
1 1 1 1 1 1 1 1 1 
1 1 1 1 1 1 1 1 1 
1 1 1 1 1 1 1 1 1 
1 1 1 1 1 1 1 1 1 
1 1 1 1 1 1 1 1 1 
1 1 1 1 1 1 1 1 1 
1 1 1 1 1 1 1 1 1 
1 1 1 1 1 1 1 1 1 
1 1 1 1 1 1 1 1 1 
1 1 1 1 1 1 1 1 1 
1 1 1 1 1 1 1 1 1 
1 1 1 1 1 1 1 1 1 
1 1 1 1 1 1 1 1 1 
1 1 1 1 1 1 1 1 1 
1 1 1 1 1 1 1 1 1 
1 1 1 1 1 1 1 1 1 
1 1 1 1 1 1 1 1 1 
1 1 1 1 1 1 1 1 1 
1 1 1 1 1 1 1 1 1 
1 1 1 1 1 1 1 1 1 
1 1 1 1 1 1 1 1 1 
1 1 1 1 1 1 1 1 1 
1 1 1 1 1 1 1 1 1 
1 1 1 1 1 1 1 1 1 
1 1 1 1 1 1 1 1 1 
1 1 1 1 1 1 1 1 1 
1 1 1 1 1 1 1 1 1 
1 1 1 1 1 1 1 1 1 
1 1 1 1 1 1 1 1 1 
1 1 1 1 1 1 1 1 1 
1 1 1 1 1 1 1 1 1 
1 1 1 1 1 1 1 1 1 
1 1 1 1 1 1 1 1 1 
1 1 1 1 1 1 1 1 1 
1 1 1 1 1 1 1 1 1 
1 1 1 1 1 1 1 1 1 
1 1 1 1 1 1 1 1 1 
1 1 1 1 1 1 1 1 1 
1 1 1 1 1 1 1 1 1 
1 1 1 1 1 1 1 1 1 
1 1 1 1 1 1 1 1 1 
1 1 1 1 1 1 1 1 1 
1 1 1 1 1 1 1 1 1 
1 1 1 1 1 1 1 1 1 
1 1 1 1 1 1 1 1 1 
1 1 1 1 1 1 1 1 1 
1 1 1 1 1 1 1 1 1 
1 1 1 1 1 1 1 1 1 
1 1 1 1 1 1 1 1 1 
1 1 1 1 1 1 1 1 1 
1 1 1 1 1 1 1 1 1 
1 1 1 1 1 1 1 1 1 
1 1 1 1 1 1 1 1 1 
1 1 1 1 1 1 1 1 1 
1 1 1 1 1 1 1 1 1 
1 1 1 1 1 1 1 1 1 
1 1 1 1 1 1 1 1 1 
1 1 1 1 1 1 1 1 1 
1 1 1 1 1 1 1 1 1 
1 1 1 1 1 1 1 1 1 
1 1 1 1 1 1 1 1 1 
1 1 1 1 1 1 1 1 1 
1 1 1 1 1 1 1 1 1 
1 1 1 1 1 1 1 1 1 
1 1 1 1 1 1 1 1 1 
1 1 1 1 1 1 1 1 1 
1 1 1 1 1 1 1 1 1 
1 1 1 1 1 1 1 1 1 
1 1 1 1 1 1 1 1 1 
1 1 1 1 1 1 1 1 1 
1 1 1 1 1 1 1 1 1 
1 1 1 1 1 1 1 1 1 
1 1 1 1 1 1 1 1 1 
1 1 1 1 1 1 1 1 1 
1 1 1 1 1 1 1 1 1 
1 1 1 1 1 1 1 1 1 
1 1 1 1 1 1 1 1 1 
1 1 1 1 1 1 1 1 1 
1 1 1 1 1 1 1 1 1 
1 1 1 1 1 1 1 1 1 
1 1 1 1 1 1 1 1 1 
1 1 1 1 1 1 1 1 1 
1 1 1 1 1 1 1 1 1 
1 1 1 1 1 1 1 1 1 
1 1 1 1 1 1 1 1 1 
1 1 1 1 1 1 1 1 1 
1 1 1 1 1 1 1 1 1 
1 1 1 1 1 1 1 1 1 
1 1 1 1 1 1 1 1 1 
1 1 1 1 1 1 1 1 1 
1 1 1 1 1 1 1 1 1 
1 1 1 1 1 1 1 1 1 
1 1 1 1 1 1 1 1 1 
1 1 1 1 1 1 1 1 1 
1 1 1 1 1 1 1 1 1 
1 1 1 1 1 1 1 1 1 
1 1 1 1 1 1 1 1 1 
1 1 1 1 1 1 1 1 1 
1 1 1 1 1 1 1 1 1 
1 1 1 1 1 1 1 1 1 
1 1 1 1 1 1 1 1 1 
1 1 1 1 1 1 1 1 1 
1 1 1 1 1 1 1 1 1 
1 1 1 1 1 1 1 1 1 
1 1 1 1 1 1 1 1 1 
1 1 1 1 1 1 1 1 1 
1 1 1 1 1 1 1 1 1 
1 1 1 1 1 1 1 1 1 
1 1 1 1 1 1 1 1 1 
1 1 1 1 1 1 1 1 1 
1 1 1 1 1 1 1 1 1 
1 1 1 1 1 1 1 1 1 
1 1 1 1 1 1 1 1 1 
1 1 1 1 1 1 1 1 1 
1 1 1 1 1 1 1 1 1 
1 1 1 1 1 1 1 1 1 
1 1 1 1 1 1 1 1 1 
1 1 1 1 1 1 1 1 1 
1 1 1 1 1 1 1 1 1 
1 1 1 1 1 1 1 1 1 
1 1 1 1 1 1 1 1 1 
1 1 1 1 1 1 1 1 1 
1 1 1 1 1 1 1 1 1 
1 1 1 1 1 1 1 1 1 
1 1 1 1 1 1 1 1 1 
1 1 1 1 1 1 1 1 1 
1 1 1 1 1 1 1 1 1 
1 1 1 1 1 1 1 1 1 
1 1 1 1 1 1 1 1 1 
1 1 1 1 1 1 1 1 1 
1 1 1 1 1 1 1 1 1 
1 1 1 1 1 1 1 1 1 
1 1 1 1 1 1 1 1 1 
1 1 1 1 1 1 1 1 1 
1 1 1 1 1 1 1 1 1 
1 1 1 1 1 1 1 1 1 
1 1 1 1 1 1 1 1 1 
1 1 1 1 1 1 1 1 1 
1 1 1 1 1 1 1 1 1 
1 1 1 1 1 1 1 1 1 
1 1 1 1 1 1 1 1 1 
1 1 1 1 1 1 1 1 1 
1 1 1 1 1 1 1 1 1 
1 1 1 1 1 1 1 1 1 
1 1 1 1 1 1 1 1 1 
1 1 1 1 1 1 1 1 1 
1 1 1 1 1 1 1 1 1 
1 1 1 1 1 1 1 1 1 
1 1 1 1 1 1 1 1 1 
1 1 1 1 1 1 1 1 1 
1 1 1 1 1 1 1 1 1 
1 1 1 1 1 1 1 1 1 
1 1 1 1 1 1 1 1 1 
1 1 1 1 1 1 1 1 1 
1 1 1 1 1 1 1 1 1 
1 1 1 1 1 1 1 1 1 
1 1 1 1 1 1 1 1 1 
1 1 1 1 1 1 1 1 1 
1 1 1 1 1 1 1 1 1 
1 1 1 1 1 1 1 1 1 
1 1 1 1 1 1 1 1 1 
1 1 1 1 1 1 1 1 1 
1 1 1 1 1 1 1 1 1 
1 1 1 1 1 1 1 1 1 
1 1 1 1 1 1 1 1 1 
1 1 1 1 1 1 1 1 1 
1 1 1 1 1 1 1 1 1 
1 1 1 1 1 1 1 1 1 
1 1 1 1 1 1 1 1 1 
1 1 1 1 1 1 1 1 1 
1 1 1 1 1 1 1 1 1 
1 1 1 1 1 1 1 1 1 
1 1 1 1 1 1 1 1 1 
1 1 1 1 1 1 1 1 1 
1 1 1 1 1 1 1 1 1 
1 1 1 1 1 1 1 1 1 
1 1 1 1 1 1 1 1 1 
1 1 1 1 1 1 1 1 1 
1 1 1 1 1 1 1 1 1 
1 1 1 1 1 1 1 1 1 
1 1 1 1 1 1 1 1 1 
1 1 1 1 1 1 1 1 1 
1 1 1 1 1 1 1 1 1 
1 1 1 1 1 1 1 1 1 
1 1 1 1 1 1 1 1 1 
1 1 1 1 1 1 1 1 1 
1 1 1 1 1 1 1 1 1 
1 1 1 1 1 1 1 1 1 
1 1 1 1 1 1 1 1 1 
1 1 1 1 1 1 1 1 1 
1 1 1 1 1 1 1 1 1 
1 1 1 1 1 1 1 1 1 
1 1 1 1 1 1 1 1 1 
1 1 1 1 1 1 1 1 1 
1 1 1 1 1 1 1 1 1 
1 1 1 1 1 1 1 1 1 
1 1 1 1 1 1 1 1 1 
1 1 1 1 1 1 1 1 1 
1 1 1 1 1 1 1 1 1 
1 1 1 1 1 1 1 1 1 
1 1 1 1 1 1 1 1 1 
1 1 1 1 1 1 1 1 1 
1 1 1 1 1 1 1 1 1 
1 1 1 1 1 1 1 1 1 
1 1 1 1 1 1 1 1 1 
1 1 1 1 1 1 1 1 1 
1 1 1 1 1 1 1 1 1 
1 1 1 1 1 1 1 1 1 
1 1 1 1 1 1 1 1 1 
1 1 1 1 1 1 1 1 1 
1 1 1 1 1 1 1 1 1 
1 1 1 1 1 1 1 1 1 
1 1 1 1 1 1 1 1 1 
1 1 1 1 1 1 1 1 1 
1 1 1 1 1 1 1 1 1 
1 1 1 1 1 1 1 1 1 
1 1 1 1 1 1 1 1 1 
1 1 1 1 1 1 1 1 1 
1 1 1 1 1 1 1 1 1 
1 1 1 1 1 1 1 1 1 
1 1 1 1 1 1 1 1 1 
1 1 1 1 1 1 1 1 1 
1 1 1 1 1 1 1 1 1 
1 1 1 1 1 1 1 1 1 
1 1 1 1 1 1 1 1 1 
1 1 1 1 1 1 1 1 1 
1 1 1 1 1 1 1 1 1 
1 1 1 1 1 1 1 1 1 
1 1 1 1 1 1 1 1 1 
1 1 1 1 1 1 1 1 1 
1 1 1 1 1 1 1 1 1 
1 1 1 1 1 1 1 1 1 
1 1 1 1 1 1 1 1 1 
1 1 1 1 1 1 1 1 1 
1 1 1 1 1 1 1 1 1 
1 1 1 1 1 1 1 1 1 
1 1 1 1 1 1 1 1 1 
1 1 1 1 1 1 1 1 1 
1 1 1 1 1 1 1 1 1 
1 1 1 1 1 1 1 1 1 
1 1 1 1 1 1 1 1 1 
1 1 1 1 1 1 1 1 1 
1 1 1 1 1 1 1 1 1 
1 1 1 1 1 1 1 1 1 
1 1 1 1 1 1 1 1 1 
1 1 1 1 1 1 1 1 1 
1 1 1 1 1 1 1 1 1 
1 1 1 1 1 1 1 1 1 
1 1 1 1 1 1 1 1 1 
1 1 1 1 1 1 1 1 1 
1 1 1 1 1 1 1 1 1 
1 1 1 1 1 1 1 1 1 
1 1 1 1 1 1 1 1 1 
1 1 1 1 1 1 1 1 1 
1 1 1 1 1 1 1 1 1 
1 1 1 1 1 1 1 1 1 
1 1 1 1 1 1 1 1 1 
1 1 1 1 1 1 1 1 1 
1 1 1 1 1 1 1 1 1 
1 1 1 1 1 1 1 1 1 
1 1 1 1 1 1 1 1 1 
1 1 1 1 1 1 1 1 1 
1 1 1 1 1 1 1 1 1 
1 1 1 1 1 1 1 1 1 
1 1 1 1 1 1 1 1 1 
1 1 1 1 1 1 1 1 1 
1 1 1 1 1 1 1 1 1 
1 1 1 1 1 1 1 1 1 
1 1 1 1 1 1 1 1 1 
1 1 1 1 1 1 1 1 1 
1 1 1 1 1 1 1 1 1 
1 1 1 1 1 1 1 1 1 
1 1 1 1 1 1 1 1 1 
1 1 1 1 1 1 1 1 1 
1 1 1 1 1 1 1 1 1 
1 1 1 1 1 1 1 1 1 
1 1 1 1 1 1 1 1 1 
1 1 1 1 1 1 1 1 1 
1 1 1 1 1 1 1 1 1 
1 1 1 1 1 1 1 1 1 
1 1 1 1 1 1 1 1 1 
1 1 1 1 1 1 1 1 1 
1 1 1 1 1 1 1 1 1 
1 1 1 1 1 1 1 1 1 
1 1 1 1 1 1 1 1 1 
1 1 1 1 1 1 1 1 1 
1 1 1 1 1 1 1 1 1 
1 1 1 1 1 1 1 1 1 
1 1 1 1 1 1 1 1 1 
1 1 1 1 1 1 1 1 1 
1 1 1 1 1 1 1 1 1 
1 1 1 1 1 1 1 1 1 
1 1 1 1 1 1 1 1 1 
1 1 1 1 1 1 1 1 1 
1 1 1 1 1 1 1 1 1 
1 1 1 1 1 1 1 1 1 
1 1 1 1 1 1 1 1 1 
1 1 1 1 1 1 1 1 1 
1 1 1 1 1 1 1 1 1 
1 1 1 1 1 1 1 1 1 
1 1 1 1 1 1 1 1 1 
1 1 1 1 1 1 1 1 1 
1 1 1 1 1 1 1 1 1 
1 1 1 1 1 1 1 1 1 
1 1 1 1 1 1 1 1 1 
1 1 1 1 1 1 1 1 1 
1 1 1 1 1 1 1 1 1 
1 1 1 1 1 1 1 1 1 
1 1 1 1 1 1 1 1 1 
1 1 1 1 1 1 1 1 1 
1 1 1 1 1 1 1 1 1 
1 1 1 1 1 1 1 1 1 
1 1 1 1 1 1 1 1 1 
1 1 1 1 1 1 1 1 1 
1 1 1 1 1 1 1 1 1 
1 1 1 1 1 1 1 1 1 
1 1 1 1 1 1 1 1 1 
1 1 1 1 1 1 1 1 1 
1 1 1 1 1 1 1 1 1 
1 1 1 1 1 1 1 1 1 
1 1 1 1 1 1 1 1 1 
1 1 1 1 1 1 1 1 1 
1 1 1 1 1 1 1 1 1 
1 1 1 1 1 1 1 1 1 
1 1 1 1 1 1 1 1 1 
1 1 1 1 1 1 1 1 1 
1 1 1 1 1 1 1 1 1 
1 1 1 1 1 1 1 1 1 
1 1 1 1 1 1 1 1 1 
1 1 1 1 1 1 1 1 1 
1 1 1 1 1 1 1 1 1 
1 1 1 1 1 1 1 1 1 
1 1 1 1 1 1 1 1 1 
1 1 1 1 1 1 1 1 1 
1 1 1 1 1 1 1 1 1 
1 1 1 1 1 1 1 1 1 
1 1 1 1 1 1 1 1 1 
1 1 1 1 1 1 1 1 1 
1 1 1 1 1 1 1 1 1 
1 1 1 1 1 1 1 1 1 
1 1 1 1 1 1 1 1 1 
1 1 1 1 1 1 1 1 1 
1 1 1 1 1 1 1 1 1 
1 1 1 1 1 1 1 1 1 
1 1 1 1 1 1 1 1 1 
1 1 1 1 1 1 1 1 1 
1 1 1 1 1 1 1 1 1 
1 1 1 1 1 1 1 1 1 
1 1 1 1 1 1 1 1 1 
1 1 1 1 1 1 1 1 1 
1 1 1 1 1 1 1 1 1 
1 1 1 1 1 1 1 1 1 
1 1 1 1 1 1 1 1 1 
1 1 1 1 1 1 1 1 1 
1 1 1 1 1 1 1 1 1 
1 1 1 1 1 1 1 1 1 
1 1 1 1 1 1 1 1 1 
1 1 1 1 1 1 1 1 1 
1 1 1 1 1 1 1 1 1 
1 1 1 1 1 1 1 1 1 
1 1 1 1 1 1 1 1 1 
1 1 1 1 1 1 1 1 1 
1 1 1 1 1 1 1 1 1 
1 1 1 1 1 1 1 1 1 
1 1 1 1 1 1 1 1 1 
1 1 1 1 1 1 1 1 1 
1 1 1 1 1 1 1 1 1 
1 1 1 1 1 1 1 1 1 
1 1 1 1 1 1 1 1 1 
1 1 1 1 1 1 1 1 1 
1 1 1 1 1 1 1 1 1 
1 1 1 1 1 1 1 1 1 
1 1 1 1 1 1 1 1 1 
1 1 1 1 1 1 1 1 1 
1 1 1 1 1 1 1 1 1 
1 1 1 1 1 1 1 1 1 
1 1 1 1 1 1 1 1 1 
1 1 1 1 1 1 1 1 1 
1 1 1 1 1 1 1 1 1 
1 1 1 1 1 1 1 1 1 
1 1 1 1 1 1 1 1 1 
1 1 1 1 1 1 1 1 1 
1 1 1 1 1 1 1 1 1 
1 1 1 1 1 1 1 1 1 
1 1 1 1 1 1 1 1 1 
1 1 1 1 1 1 1 1 1 
1 1 1 1 1 1 1 1 1 
1 1 1 1 1 1 1 1 1 
1 1 1 1 1 1 1 1 1 
1 1 1 1 1 1 1 1 1 
1 1 1 1 1 1 1 1 1 
1 1 1 1 1 1 1 1 1 
1 1 1 1 1 1 1 1 1 
1 1 1 1 1 1 1 1 1 
1 1 1 1 1 1 1 1 1 
1 1 1 1 1 1 1 1 1 
1 1 1 1 1 1 1 1 1 
1 1 1 1 1 1 1 1 1 
1 1 1 1 1 1 1 1 1 
1 1 1 1 1 1 1 1 1 
1 1 1 1 1 1 1 1 1 
1 1 1 1 1 1 1 1 1 
1 1 1 1 1 1 1 1 1 
1 1 1 1 1 1 1 1 1 
1 1 1 1 1 1 1 1 1 
1 1 1 1 1 1 1 1 1 
1 1 1 1 1 1 1 1 1 
1 1 1 1 1 1 1 1 1 
1 1 1 1 1 1 1 1 1 
1 1 1 1 1 1 1 1 1 
1 1 1 1 1 1 1 1 1 
1 1 1 1 1 1 1 1 1 
1 1 1 1 1 1 1 1 1 
1 1 1 1 1 1 1 1 1 
1 1 1 1 1 1 1 1 1 
1 1 1 1 1 1 1 1 1 
1 1 1 1 1 1 1 1 1 
1 1 1 1 1 1 1 1 1 
1 1 1 1 1 1 1 1 1 
1 1 1 1 1 1 1 1 1 
1 1 1 1 1 1 1 1 1 
1 1 1 1 1 1 1 1 1 
1 1 1 1 1 1 1 1 1 
1 1 1 1 1 1 1 1 1 
1 1 1 1 1 1 1 1 1 
1 1 1 1 1 1 1 1 1 
1 1 1 1 1 1 1 1 1 
1 1 1 1 1 1 1 1 1 
1 1 1 1 1 1 1 1 1 
1 1 1 1 1 1 1 1 1 
1 1 1 1 1 1 1 1 1 
1 1 1 1 1 1 1 1 1 
1 1 1 1 1 1 1 1 1 
1 1 1 1 1 1 1 1 1 
1 1 1 1 1 1 1 1 1 
1 1 1 1 1 1 1 1 1 
1 1 1 1 1 1 1 1 1 
1 1 1 1 1 1 1 1 1 
1 1 1 1 1 1 1 1 1 
1 1 1 1 1 1 1 1 1 
1 1 1 1 1 1 1 1 1 
1 1 1 1 1 1 1 1 1 
1 1 1 1 1 1 1 1 1 
1 1 1 1 1 1 1 1 1 
1 1 1 1 1 1 1 1 1 
1 1 1 1 1 1 1 1 1 
1 1 1 1 1 1 1 1 1 
1 1 1 1 1 1 1 1 1 
1 1 1 1 1 1 1 1 1 
1 1 1 1 1 1 1 1 1 
1 1 1 1 1 1 1 1 1 
1 1 1 1 1 1 1 1 1 
1 1 1 1 1 1 1 1 1 
1 1 1 1 1 1 1 1 1 
1 1 1 1 1 1 1 1 1 
1 1 1 1 1 1 1 1 1 
1 1 1 1 1 1 1 1 1 
1 1 1 1 1 1 1 1 1 
1 1 1 1 1 1 1 1 1 
1 1 1 1 1 1 1 1 1 
1 1 1 1 1 1 1 1 1 
1 1 1 1 1 1 1 1 1 
1 1 1 1 1 1 1 1 1 
1 1 1 1 1 1 1 1 1 
1 1 1 1 1 1 1 1 1 
1 1 1 1 1 1 1 1 1 
1 1 1 1 1 1 1 1 1 
1 1 1 1 1 1 1 1 1 
1 
