# vtk DataFile Version 5.1
vtk output
ASCII
DATASET POLYDATA
POINTS 3542 float
0.357615 -0.0220669 0.596764 0.359177 -0.0255431 0.57688 0.369879 -0.0106291 0.585421 
0.329877 -0.0291043 0.595814 0.33144 -0.0325805 0.57593 0.30214 -0.0361417 0.594864 
0.303703 -0.0396179 0.57498 0.286667 -0.0317413 0.582572 0.352843 -0.00275252 0.593012 
0.335807 0.00512407 0.600603 0.323543 -0.00631371 0.611946 0.295805 -0.0133511 0.610996 
0.269631 -0.0238647 0.590163 0.268068 -0.0203885 0.610047 0.240331 -0.0274259 0.609097 
0.241894 -0.0309021 0.589213 0.224858 -0.0230255 0.596804 0.318771 0.0130007 0.608194 
0.301735 0.0208772 0.615785 0.289471 0.00943946 0.627128 0.261734 0.00240208 0.626179 
0.233996 -0.00463532 0.625229 0.207822 -0.0151489 0.604396 0.206259 -0.0116727 0.624279 
0.178522 -0.0187101 0.62333 0.180085 -0.0221863 0.603446 0.163049 -0.0143097 0.611037 
0.284699 0.0287538 0.623377 0.256962 0.0217165 0.622427 0.229224 0.0146791 0.621477 
0.212188 0.0225556 0.629068 0.199924 0.0111179 0.640411 0.184451 0.0155183 0.628119 
0.17375 0.000604277 0.619578 0.195152 0.0304322 0.63666 0.367075 -0.0518099 0.540864 
0.368638 -0.0552861 0.52098 0.379339 -0.0403721 0.529521 0.351602 -0.0474095 0.528571 
0.36074 -0.0290193 0.556996 0.373004 -0.0175815 0.545653 0.334566 -0.0395329 0.536163 
0.333003 -0.0360567 0.556046 0.305266 -0.0430941 0.555097 0.306829 -0.0465703 0.535213 
0.277528 -0.0501315 0.554147 0.279091 -0.0536077 0.534263 0.262055 -0.0457311 0.541854 
0.36667 0.00520903 0.561785 0.271194 -0.0273409 0.570279 0.245019 -0.0378545 0.549446 
0.243457 -0.0343783 0.569329 0.215719 -0.0414157 0.56838 0.217282 -0.0448919 0.548496 
0.200246 -0.0370153 0.556087 0.348071 0.0165618 0.58926 0.360335 0.0279996 0.577917 
0.209385 -0.0186251 0.584512 0.18321 -0.0291387 0.563678 0.181647 -0.0256625 0.583562 
0.15391 -0.0326999 0.582612 0.155473 -0.0361761 0.562728 0.138437 -0.0282995 0.57032 
0.343299 0.0358762 0.585509 0.313999 0.032315 0.604443 0.326263 0.0437528 0.5931 
0.147575 -0.00990934 0.598744 0.121401 -0.0204229 0.577911 0.119838 -0.0169467 0.597795 
0.0921009 -0.0239841 0.596845 0.0936637 -0.0274603 0.576961 0.0766277 -0.0195837 0.584552 
0.309227 0.0516294 0.600691 0.28149 0.044592 0.599741 0.25219 0.0410308 0.618675 
0.264454 0.0524686 0.607332 0.224452 0.0339934 0.617726 0.168978 0.0199186 0.615826 
0.141241 0.0128812 0.614876 0.113503 0.00584385 0.613927 0.0857662 -0.00119355 0.612977 
0.0595917 -0.0117071 0.592143 0.058029 -0.00823094 0.612027 0.0425558 -0.00383055 0.599735 
0.247418 0.0603452 0.614924 0.219681 0.0533078 0.613974 0.190381 0.0497466 0.632908 
0.202645 0.0611844 0.621565 0.162643 0.0427092 0.631958 0.134906 0.0356718 0.631008 
0.107169 0.0286344 0.630059 0.0794315 0.021597 0.629109 0.0516943 0.0145596 0.628159 
0.0255198 0.00404604 0.607326 0.023957 0.00752222 0.62721 -0.00378023 0.000484839 0.62626 
-0.00221745 -0.00299135 0.606376 -0.0192534 0.00488522 0.613967 0.185609 0.069061 0.629156 
0.157871 0.0620236 0.628207 0.130134 0.0549862 0.627257 0.113098 0.0628628 0.634848 
0.100834 0.051425 0.646191 0.0730968 0.0443876 0.645241 0.0453596 0.0373502 0.644291 
0.0176223 0.0303128 0.643342 -0.0101149 0.0232754 0.642392 -0.0255881 0.0276758 0.630099 
0.0960622 0.0707393 0.642439 0.0790262 0.0786159 0.65003 0.0667621 0.0671782 0.661373 
0.0390249 0.0601408 0.660423 0.0112876 0.0531034 0.659474 -0.0164496 0.046066 0.658524 
-0.0426241 0.0355524 0.63769 -0.0441869 0.0390286 0.657574 -0.0596601 0.043429 0.645282 
0.0619902 0.0864925 0.657621 0.0449542 0.0943691 0.665213 0.0326902 0.0829313 0.676556 
0.00495293 0.075894 0.675606 -0.0227843 0.0688566 0.674656 -0.0505216 0.0618192 0.673706 
-0.076696 0.0513056 0.652873 -0.0782588 0.0547818 0.672757 -0.093732 0.0591822 0.660464 
0.0279183 0.102246 0.672804 0.0108823 0.110122 0.680395 -0.00138176 0.0986845 0.691738 
-0.029119 0.0916471 0.690788 -0.0568563 0.0846097 0.689838 -0.0723295 0.0890101 0.677546 
-0.0830307 0.0740961 0.669005 -0.00615368 0.117999 0.687986 -0.0338909 0.110962 0.687036 
-0.0616282 0.103924 0.686087 0.370201 -0.0587623 0.501097 0.371763 -0.0622385 0.481213 
0.382465 -0.0473245 0.489754 0.354727 -0.0543619 0.488804 0.37613 -0.024534 0.505886 
0.336129 -0.0430091 0.516279 0.337691 -0.0464853 0.496395 0.308391 -0.0500465 0.515329 
0.309954 -0.0535227 0.495445 0.280654 -0.0570839 0.514379 0.282217 -0.0605601 0.494496 
0.265181 -0.0526835 0.502087 0.369795 -0.00174338 0.522018 0.246582 -0.0413307 0.529562 
0.248145 -0.0448069 0.509678 0.218845 -0.0483681 0.528612 0.220408 -0.0518443 0.508728 
0.203372 -0.0439677 0.516319 0.378934 0.0166468 0.550442 0.380497 0.0131706 0.530559 
0.391198 0.0280846 0.5391 0.184773 -0.0326149 0.543794 0.186336 -0.0360911 0.523911 
0.157036 -0.0396523 0.542845 0.158598 -0.0431285 0.522961 0.141562 -0.0352519 0.530552 
0.374162 0.0359612 0.546691 0.357126 0.0438378 0.554282 0.122964 -0.0238992 0.558027 
0.124527 -0.0273754 0.538143 0.0952265 -0.0309365 0.557077 0.0967893 -0.0344127 0.537194 
0.0797533 -0.0265362 0.544785 0.34009 0.0517143 0.561873 0.323054 0.0595909 0.569464 
0.0611545 -0.0151834 0.57226 0.0627173 -0.0186596 0.552376 0.0334173 -0.0222208 0.57131 
0.0349801 -0.025697 0.551426 0.0179441 -0.0178204 0.559017 0.306018 0.0674675 0.577055 
0.278281 0.0604301 0.576106 0.261245 0.0683067 0.583697 0.0270826 0.000569821 0.587442 
0.000908119 -0.00994377 0.566609 -0.000654663 -0.00646757 0.586492 -0.0161279 -0.00206718 0.5742 
0.244209 0.0761833 0.591288 0.216471 0.0691459 0.590338 0.199435 0.0770225 0.597929 
-0.0347266 0.00928559 0.601675 -0.0331638 0.0058094 0.581791 -0.0624639 0.0022482 0.600725 
-0.0609011 -0.00122799 0.580841 -0.077937 0.00664859 0.588432 0.182399 0.0848991 0.605521 
0.154662 0.0778617 0.604571 0.125362 0.0743005 0.623505 0.137626 0.0857383 0.612162 
-0.0410613 0.0320762 0.617807 -0.0687986 0.0250388 0.616857 -0.094973 0.0145252 0.596024 
-0.0965358 0.0180014 0.615907 -0.112009 0.0224018 0.603615 0.12059 0.0936149 0.619753 
0.0912903 0.0900537 0.638687 0.103554 0.101491 0.627344 -0.0751333 0.0478294 0.632989 
-0.102871 0.040792 0.632039 -0.118344 0.0451924 0.619747 0.0865184 0.109368 0.634936 
0.0572183 0.105807 0.65387 0.0694824 0.117245 0.642527 -0.109205 0.0635825 0.648171 
-0.13538 0.0530689 0.627338 -0.136942 0.0565451 0.647222 -0.152416 0.0609455 0.634929 
0.0524464 0.125121 0.650118 0.0231464 0.12156 0.669052 0.0354104 0.132998 0.657709 
-0.0878026 0.0934105 0.665253 -0.103276 0.0978109 0.652961 -0.113977 0.0828969 0.64442 
-0.141714 0.0758595 0.64347 0.0183745 0.140874 0.6653 -0.0109256 0.137313 0.684234 
0.00133848 0.148751 0.672891 -0.0263988 0.141714 0.671942 -0.0371001 0.1268 0.663401 
-0.0648373 0.119762 0.662451 -0.0925746 0.112725 0.661501 -0.0156975 0.156628 0.680483 
0.345589 -0.0727521 0.460379 0.347152 -0.0762283 0.440495 0.357853 -0.0613143 0.449036 
0.317852 -0.0797895 0.45943 0.319414 -0.0832657 0.439546 0.302378 -0.0753891 0.447137 
0.368554 -0.0464004 0.457577 0.379255 -0.0314864 0.466118 0.339254 -0.0499616 0.476511 
0.311517 -0.0569989 0.475562 0.285342 -0.0675125 0.454728 0.28378 -0.0640363 0.474612 
0.268306 -0.0596359 0.462319 0.388394 -0.0130962 0.494543 0.389957 -0.0165724 0.474659 
0.400658 -0.00165842 0.4832 0.249708 -0.0482831 0.489794 0.25127 -0.0517594 0.469911 
0.22197 -0.0553205 0.488845 0.223533 -0.0587968 0.468961 0.206497 -0.0509202 0.476552 
0.382059 0.00969437 0.510675 0.394323 0.0211322 0.499332 0.187899 -0.0395674 0.504027 
0.189461 -0.0430436 0.484143 0.172425 -0.035167 0.491734 0.387989 0.0439227 0.515464 
0.155389 -0.0272904 0.499325 0.126089 -0.0308516 0.51826 0.127652 -0.0343278 0.498376 
0.0983521 -0.037889 0.51731 0.0999148 -0.0413652 0.497426 0.0828789 -0.0334886 0.505017 
0.370953 0.0517993 0.523055 0.353917 0.0596759 0.530646 0.0642801 -0.0221358 0.532492 
0.0658429 -0.025612 0.512608 0.0365429 -0.0291732 0.531542 0.0381056 -0.0326494 0.511659 
0.0210697 -0.0247728 0.51925 0.336881 0.0675525 0.538238 0.319845 0.0754291 0.545829 
0.00247091 -0.01342 0.546725 0.00403369 -0.0168962 0.526841 -0.0252663 -0.0204574 0.545775 
-0.0237036 -0.0239336 0.525891 -0.0530036 -0.0274948 0.544825 -0.0514408 -0.030971 0.524942 
-0.0684768 -0.0230944 0.532533 0.302809 0.0833057 0.55342 0.273509 0.0797445 0.572354 
0.285773 0.0911823 0.561011 -0.031601 0.00233318 0.561907 -0.0593383 -0.00470421 0.560957 
-0.0855128 -0.0152178 0.540124 -0.0870755 -0.0117416 0.560008 -0.102549 -0.00734121 0.547715 
0.268737 0.0990589 0.568602 0.241 0.0920215 0.567653 0.2117 0.0884603 0.586587 
0.223964 0.099898 0.575244 -0.0934102 0.011049 0.57614 -0.119585 0.000535376 0.555306 
-0.121147 0.00401157 0.57519 -0.136621 0.00841195 0.562897 0.206928 0.107775 0.582835 
0.17919 0.100737 0.581885 0.151453 0.0936999 0.580936 0.134417 0.101576 0.588527 
-0.127482 0.0268022 0.591322 -0.153657 0.0162886 0.570489 -0.155219 0.0197648 0.590372 
-0.170693 0.0241652 0.57808 0.117381 0.109453 0.596118 0.100345 0.11733 0.603709 
-0.133817 0.0495927 0.607454 -0.161554 0.0425553 0.606504 -0.187729 0.0320417 0.585671 
-0.189291 0.0355179 0.605555 -0.204765 0.0399183 0.593262 0.0833092 0.125206 0.6113 
0.0662733 0.133083 0.618891 -0.167889 0.0653459 0.622636 -0.195626 0.0583085 0.621687 
-0.211099 0.0627089 0.609394 0.0476745 0.144436 0.646366 0.0599386 0.155873 0.635023 
-0.0910118 0.109249 0.641618 -0.0787477 0.120686 0.630275 -0.089449 0.105772 0.621734 
-0.117186 0.098735 0.620784 -0.144923 0.0916976 0.619834 -0.172661 0.0846603 0.618885 
-0.200398 0.0776229 0.617935 0.0429026 0.16375 0.642615 0.0151653 0.156713 0.641665 
-0.00187064 0.164589 0.649256 -0.0296079 0.157552 0.648306 -0.0403092 0.142638 0.639765 
-0.0680464 0.1356 0.638816 -0.0189066 0.172466 0.656847 0.29324 -0.0937793 0.418712 
0.294803 -0.0972555 0.398829 0.305504 -0.0823416 0.407369 0.265503 -0.100817 0.417763 
0.267065 -0.104293 0.397879 0.25003 -0.0964163 0.40547 0.343943 -0.0603902 0.41686 
0.354644 -0.0454762 0.425401 0.316205 -0.0674276 0.41591 0.286905 -0.0709887 0.434844 
0.259168 -0.0780261 0.433895 0.232993 -0.0885397 0.413061 0.231431 -0.0850635 0.432945 
0.215958 -0.0806632 0.420652 0.365345 -0.0305622 0.433942 0.376046 -0.0156482 0.442483 
0.252833 -0.0552356 0.450027 0.225096 -0.062273 0.449077 0.209623 -0.0578726 0.436784 
0.386748 -0.000734262 0.451024 0.397449 0.0141797 0.459564 0.191024 -0.0465198 0.464259 
0.192587 -0.049996 0.444376 0.175551 -0.0421194 0.451967 0.391114 0.0369703 0.475697 
0.156952 -0.0307666 0.479442 0.158515 -0.0342428 0.459558 0.129215 -0.037804 0.478492 
0.130778 -0.0412802 0.458608 0.101478 -0.0448414 0.477542 0.10304 -0.0483176 0.457658 
0.0860044 -0.040441 0.46525 0.38478 0.0597609 0.491829 0.0674057 -0.0290882 0.492725 
0.0689685 -0.0325644 0.472841 0.0396684 -0.0361256 0.491775 0.0412312 -0.0396018 0.471891 
0.0241952 -0.0317252 0.479482 0.367744 0.0676375 0.49942 0.350708 0.075514 0.507011 
0.00559648 -0.0203724 0.506957 0.00715927 -0.0238486 0.487073 -0.0221408 -0.0274098 0.506007 
-0.020578 -0.030886 0.486124 -0.049878 -0.0344472 0.505058 -0.0483152 -0.0379234 0.485174 
-0.0653512 -0.0300468 0.492765 0.333672 0.0833906 0.514602 0.316636 0.0912672 0.522193 
-0.08395 -0.018694 0.52024 -0.0823872 -0.0221702 0.500356 -0.111687 -0.0257314 0.51929 
-0.110124 -0.0292076 0.499407 -0.139424 -0.0327688 0.518341 -0.137862 -0.036245 0.498457 
-0.154898 -0.0283684 0.506048 0.2996 0.0991438 0.529784 0.282564 0.10702 0.537376 
-0.118022 -0.00294083 0.535423 -0.145759 -0.00997821 0.534473 -0.171934 -0.0204918 0.513639 
-0.173496 -0.0170156 0.533523 -0.18897 -0.0126152 0.52123 0.265528 0.114897 0.544967 
0.23779 0.10786 0.544017 0.210053 0.100822 0.543067 0.20849 0.104298 0.562951 
0.193017 0.108699 0.550659 -0.152094 0.0128123 0.550605 -0.179831 0.00577495 0.549655 
-0.195304 0.0101753 0.537363 0.175981 0.116575 0.55825 0.148244 0.109538 0.5573 
0.131208 0.117415 0.564891 -0.186166 0.0285655 0.565787 -0.201639 0.0329659 0.553495 
0.114172 0.125291 0.572482 0.0971361 0.133168 0.580074 -0.207974 0.0557565 0.569627 
0.0801001 0.141044 0.587665 0.0630641 0.148921 0.595256 -0.143361 0.0882215 0.599951 
-0.131097 0.0996592 0.588608 -0.141798 0.0847452 0.580067 -0.169535 0.0777078 0.579117 
-0.171098 0.0811841 0.599001 -0.197272 0.0706704 0.578167 -0.198835 0.0741467 0.598051 
0.0460282 0.156798 0.602847 0.0444654 0.160274 0.622731 0.0289922 0.164674 0.610438 
-0.0664836 0.132124 0.618932 -0.0542196 0.143562 0.607589 -0.0649208 0.128648 0.599048 
-0.0926581 0.121611 0.598098 -0.120395 0.114573 0.597149 0.0119562 0.172551 0.618029 
-0.015781 0.165513 0.61708 -0.0173438 0.16899 0.636963 -0.0435183 0.158476 0.61613 
0.213154 -0.121844 0.376096 0.214717 -0.12532 0.356212 0.225418 -0.110406 0.364753 
0.197681 -0.117444 0.363803 0.290031 -0.0779412 0.395077 0.274558 -0.0735408 0.382784 
0.263856 -0.0884548 0.374243 0.234556 -0.092016 0.393177 0.236119 -0.0954922 0.373294 
0.206819 -0.0990533 0.392228 0.191346 -0.094653 0.379935 0.339171 -0.0410758 0.413108 
0.323697 -0.0366754 0.400816 0.312996 -0.0515894 0.392275 0.285259 -0.0586268 0.391325 
0.200484 -0.0762628 0.40836 0.17431 -0.0867764 0.387526 0.172747 -0.0833001 0.40741 
0.157274 -0.0788998 0.395117 0.360573 -0.0112478 0.43019 0.3451 -0.00684747 0.417897 
0.334399 -0.0217615 0.409357 0.19415 -0.0534722 0.424492 0.166412 -0.0605096 0.423542 
0.150939 -0.0561092 0.411249 0.383539 0.0151039 0.427388 0.39424 0.0300179 0.435929 
0.355801 0.0080665 0.426438 0.160078 -0.037719 0.439674 0.133903 -0.0482326 0.418841 
0.13234 -0.0447564 0.438724 0.104603 -0.0517938 0.437775 0.106166 -0.05527 0.417891 
0.0768659 -0.0588312 0.436825 0.0784287 -0.0623074 0.416941 0.0491287 -0.0658686 0.435875 
0.0506915 -0.0693448 0.415991 0.0336555 -0.0614682 0.423583 0.387905 0.0528084 0.452061 
0.0705313 -0.0360406 0.452957 0.042794 -0.043078 0.452007 0.0166195 -0.0535916 0.431174 
0.0150567 -0.0501154 0.451058 -0.00041644 -0.045715 0.438765 0.370869 0.060685 0.459652 
0.369306 0.0641613 0.479536 0.353833 0.0685616 0.467243 0.00872205 -0.0273248 0.46719 
-0.0174524 -0.0378384 0.446356 -0.0190152 -0.0343622 0.46624 -0.0467525 -0.0413996 0.46529 
-0.0451897 -0.0448758 0.445406 -0.0744897 -0.048437 0.464341 -0.0729269 -0.0519132 0.444457 
-0.0899629 -0.0440366 0.452048 0.347498 0.0913522 0.483375 -0.0808244 -0.0256464 0.480473 
-0.106999 -0.03616 0.459639 -0.108562 -0.0326838 0.479523 -0.136299 -0.0397212 0.478573 
-0.134736 -0.0431974 0.458689 -0.164036 -0.0467586 0.477623 -0.162473 -0.0502348 0.45774 
-0.179509 -0.0423582 0.465331 0.330462 0.0992288 0.490967 0.313426 0.107105 0.498558 
-0.170371 -0.023968 0.493755 -0.185844 -0.0195677 0.481463 0.296391 0.114982 0.506149 
0.268653 0.107945 0.505199 0.26709 0.111421 0.525083 0.251617 0.115821 0.51279 
-0.192179 0.00322291 0.497595 0.234581 0.123698 0.520382 0.206844 0.11666 0.519432 
0.189808 0.124537 0.527023 -0.198513 0.0260135 0.513727 0.172772 0.132414 0.534614 
0.145035 0.125376 0.533665 0.117298 0.118339 0.532715 0.115735 0.121815 0.552598 
0.100262 0.126215 0.540306 -0.204848 0.0488041 0.529859 0.0832257 0.134092 0.547897 
0.0816629 0.137568 0.567781 0.0661897 0.141969 0.555488 -0.221884 0.0566806 0.53745 
-0.223447 0.0601569 0.557334 -0.23892 0.0645572 0.545041 0.0491537 0.149845 0.563079 
0.0475909 0.153321 0.582963 0.0321178 0.157722 0.570671 -0.118833 0.111097 0.577265 
-0.106569 0.122535 0.565922 -0.11727 0.107621 0.557381 -0.145007 0.100583 0.556431 
-0.172744 0.093546 0.555482 -0.200482 0.0865086 0.554532 -0.228219 0.0794712 0.553582 
0.0150818 0.165598 0.578262 0.013519 0.169075 0.598146 -0.0126555 0.158561 0.577312 
-0.0142183 0.162037 0.597196 -0.0403927 0.151524 0.576362 -0.0419555 0.155 0.596246 
-0.06813 0.144486 0.575413 -0.0958672 0.137449 0.574463 0.188542 -0.135834 0.335378 
0.190105 -0.13931 0.315495 0.200806 -0.124396 0.324035 0.160805 -0.142871 0.334429 
0.162368 -0.146347 0.314545 0.133068 -0.149909 0.333479 0.13463 -0.153385 0.313595 
0.117594 -0.145508 0.321186 0.211507 -0.109482 0.332576 0.222209 -0.094568 0.341117 
0.182207 -0.113043 0.35151 0.15447 -0.120081 0.350561 0.126733 -0.127118 0.349611 
0.11126 -0.122718 0.337318 0.260647 -0.0726166 0.350608 0.271348 -0.0577026 0.359149 
0.23291 -0.079654 0.349658 0.175873 -0.0902526 0.367642 0.148135 -0.09729 0.366693 
0.120398 -0.104327 0.365743 0.104925 -0.099927 0.35345 0.308224 -0.0322751 0.388523 
0.292751 -0.0278747 0.37623 0.28205 -0.0427887 0.36769 0.141801 -0.0744994 0.382825 
0.114063 -0.0815368 0.381875 0.087889 -0.0920504 0.361042 0.0863262 -0.0885742 0.380925 
0.070853 -0.0841738 0.368633 0.33119 -0.00592331 0.385721 0.341891 0.00899067 0.394262 
0.303452 -0.0129607 0.384771 0.135466 -0.0517088 0.398957 0.107729 -0.0587462 0.398007 
0.0799915 -0.0657836 0.397057 0.0538171 -0.0762972 0.376224 0.0522543 -0.072821 0.396108 
0.024517 -0.0798584 0.395158 0.0260798 -0.0833346 0.375274 0.00904383 -0.075458 0.382865 
0.378767 0.0344183 0.423636 0.363293 0.0388186 0.411344 0.352592 0.0239046 0.402803 
0.0181823 -0.0570678 0.41129 -0.00799214 -0.0675814 0.390457 -0.00955493 -0.0641052 0.41034 
-0.0372922 -0.0711426 0.409391 -0.0357294 -0.0746188 0.389507 -0.0527654 -0.0667422 0.397098 
-0.175978 -0.10633 0.404642 -0.174416 -0.109806 0.384758 -0.163714 -0.0948918 0.393299 
-0.191452 -0.101929 0.392349 0.372432 0.0572088 0.439768 0.356959 0.0616092 0.427476 
-0.0158896 -0.0413146 0.426472 -0.0436269 -0.048352 0.425523 -0.0698013 -0.0588656 0.404689 
-0.0713641 -0.0553894 0.424573 -0.0991014 -0.0624268 0.423623 -0.0975386 -0.065903 0.403739 
-0.126839 -0.0694642 0.422674 -0.125276 -0.0729404 0.40279 -0.142312 -0.0650638 0.410381 
-0.18075 -0.0870152 0.40089 0.350624 0.0843998 0.443608 -0.105436 -0.0396362 0.439755 
-0.133173 -0.0466736 0.438806 -0.148647 -0.0422733 0.426513 0.333588 0.0922764 0.451199 
0.332025 0.0957526 0.471083 0.316552 0.100153 0.45879 -0.154981 -0.0194827 0.442645 
-0.167245 -0.0309205 0.453988 0.299516 0.10803 0.466381 0.297953 0.111506 0.486265 
0.28248 0.115906 0.473973 -0.17358 -0.00812989 0.47012 -0.161316 0.00330787 0.458777 
0.265444 0.123783 0.481564 0.248408 0.131659 0.489155 -0.179915 0.0146607 0.486252 
-0.167651 0.0260985 0.474909 0.231372 0.139536 0.496746 0.203635 0.132499 0.495796 
0.175898 0.125461 0.494847 0.174335 0.128937 0.51473 0.158862 0.133338 0.502438 
-0.186249 0.0374512 0.502384 -0.173985 0.048889 0.491041 0.141826 0.141214 0.510029 
0.114089 0.134177 0.509079 0.0970525 0.142054 0.51667 -0.191021 0.0567656 0.498632 
-0.208057 0.0646422 0.506224 0.0800166 0.14993 0.524262 0.0522793 0.142893 0.523312 
0.0507165 0.146369 0.543196 0.0352433 0.150769 0.530903 -0.171181 0.0900698 0.535598 
-0.158917 0.101508 0.524255 -0.169619 0.0865936 0.515714 -0.197356 0.0795562 0.514765 
-0.198919 0.0830324 0.534648 -0.226656 0.075995 0.533698 0.0182074 0.158646 0.538494 
0.0166446 0.162122 0.558378 0.00117138 0.166522 0.546085 -0.0943044 0.133973 0.554579 
-0.0820404 0.14541 0.543236 -0.0927417 0.130496 0.534695 -0.120479 0.123459 0.533746 
-0.148216 0.116422 0.532796 -0.0158646 0.174399 0.553677 -0.0436018 0.167362 0.552727 
-0.0713391 0.160324 0.551777 0.186896 -0.123472 0.291859 0.197597 -0.108558 0.3004 
0.159158 -0.130509 0.290909 0.131421 -0.137547 0.28996 0.114385 -0.12967 0.297551 
0.208298 -0.0936438 0.308941 0.219 -0.0787298 0.317482 0.0973493 -0.121793 0.305142 
0.0957865 -0.118317 0.325026 0.0803133 -0.113917 0.312733 0.255875 -0.0533023 0.346856 
0.240402 -0.0489019 0.334563 0.229701 -0.0638159 0.326023 0.0894518 -0.0955266 0.341158 
0.0739786 -0.0911262 0.328865 0.278841 -0.0269505 0.344054 0.289542 -0.0120365 0.352595 
0.251103 -0.0339879 0.343104 0.0553798 -0.0797734 0.35634 0.0569426 -0.0832496 0.336456 
0.0276426 -0.0868108 0.35539 0.0292054 -0.090287 0.335507 0.0121694 -0.0824104 0.343098 
-0.0833064 -0.11496 0.351592 -0.0817436 -0.118437 0.331708 -0.0710424 -0.103523 0.340249 
-0.111044 -0.121998 0.350642 -0.109481 -0.125474 0.330758 -0.126517 -0.117597 0.338349 
0.326418 0.0133911 0.381969 0.310945 0.0177914 0.369677 0.300243 0.00287746 0.361136 
-0.00642936 -0.0710576 0.370573 -0.00486657 -0.0745338 0.350689 -0.0341666 -0.078095 0.369623 
-0.0326038 -0.0815712 0.349739 -0.0619039 -0.0851324 0.368673 -0.0603411 -0.0886086 0.34879 
-0.0896411 -0.0921698 0.367724 -0.117378 -0.0992072 0.366774 -0.143553 -0.109721 0.34594 
-0.145116 -0.106245 0.365824 -0.160589 -0.101844 0.353532 0.34782 0.043219 0.399051 
0.332347 0.0476194 0.386759 0.321646 0.0327054 0.378218 -0.0682386 -0.0623418 0.384805 
-0.0959758 -0.0693792 0.383856 -0.123713 -0.0764166 0.382906 -0.139186 -0.0720162 0.370613 
-0.149888 -0.0869302 0.362072 -0.166924 -0.0790536 0.369664 -0.177625 -0.0939676 0.361123 
-0.206925 -0.0975288 0.380057 -0.205362 -0.101005 0.360173 -0.222398 -0.0931284 0.367764 
0.341486 0.0660096 0.415183 0.326012 0.07041 0.402891 -0.117784 -0.0421883 0.387695 
-0.130048 -0.053626 0.399038 -0.128485 -0.0571023 0.379154 -0.183959 -0.071177 0.377255 
-0.211697 -0.0782144 0.376305 0.335151 0.0888002 0.431315 0.319678 0.0932005 0.419023 
-0.13482 -0.0343117 0.395286 -0.151856 -0.0264351 0.402877 0.302642 0.101077 0.426614 
0.301079 0.104553 0.446498 0.285606 0.108954 0.434205 -0.15819 -0.00364453 0.41901 
0.26857 0.11683 0.441796 0.267007 0.120307 0.46168 0.251534 0.124707 0.449387 
-0.164525 0.019146 0.435142 0.245199 0.147497 0.465519 -0.181561 0.0270226 0.442733 
-0.183124 0.0304988 0.462617 -0.198597 0.0348992 0.450324 0.228163 0.155374 0.473111 
0.200426 0.148337 0.472161 0.172689 0.141299 0.471211 0.155653 0.149176 0.478802 
-0.189459 0.0532894 0.478749 -0.204932 0.0576898 0.466456 0.138617 0.157052 0.486393 
0.110879 0.150015 0.485444 0.0831421 0.142978 0.484494 0.0815793 0.146454 0.504378 
0.0661061 0.150854 0.492085 -0.22353 0.0690426 0.493931 -0.221968 0.0655664 0.474047 
-0.239004 0.073443 0.481638 0.0490702 0.158731 0.499676 0.0320342 0.166607 0.507268 
-0.146653 0.112945 0.512912 -0.134389 0.124383 0.501569 -0.145091 0.109469 0.493028 
-0.172828 0.102432 0.492079 -0.200565 0.0953943 0.491129 -0.228302 0.0883569 0.490179 
0.0149982 0.174484 0.514859 -0.012739 0.167447 0.513909 -0.0143018 0.170923 0.533793 
-0.0404763 0.160409 0.512959 -0.0420391 0.163885 0.532843 -0.0682135 0.153372 0.51201 
-0.0697763 0.156848 0.531893 -0.0959508 0.146334 0.51106 -0.123688 0.139297 0.51011 
0.183687 -0.107634 0.268224 0.194388 -0.0927196 0.276764 0.155949 -0.114671 0.267274 
0.128212 -0.121708 0.266324 0.0989121 -0.12527 0.285258 0.100475 -0.128746 0.265374 
0.0834389 -0.120869 0.272966 0.205089 -0.0778057 0.285305 0.21579 -0.0628917 0.293846 
0.0648401 -0.109516 0.300441 0.0664029 -0.112993 0.280557 0.0493669 -0.105116 0.288148 
0.226492 -0.0479777 0.302387 0.237193 -0.0330637 0.310928 0.0585054 -0.0867258 0.316573 
0.0323309 -0.0972394 0.295739 0.0307682 -0.0937632 0.315623 0.015295 -0.0893629 0.30333 
-0.0247063 -0.107838 0.313723 -0.0231436 -0.111314 0.29384 -0.0124423 -0.0964002 0.302381 
-0.0524436 -0.114875 0.312774 -0.0508808 -0.118352 0.29289 -0.0801808 -0.121913 0.311824 
-0.0786181 -0.125389 0.29194 -0.095654 -0.117512 0.299531 0.274069 -0.00763616 0.340302 
0.258596 -0.00323577 0.32801 0.247894 -0.0181497 0.319469 -0.00330379 -0.0780101 0.330805 
-0.001741 -0.0814863 0.310921 -0.031041 -0.0850475 0.329855 -0.0587783 -0.0920849 0.328906 
-0.11269 -0.109636 0.307123 -0.14199 -0.113197 0.326057 -0.140427 -0.116673 0.306173 
-0.157463 -0.108797 0.313764 0.295471 0.0221918 0.357384 0.279998 0.0265922 0.345092 
0.269297 0.0116782 0.336551 -0.176062 -0.0974439 0.341239 -0.174499 -0.10092 0.321355 
-0.191535 -0.0930435 0.328946 0.316874 0.0520198 0.374466 0.301401 0.0564202 0.362173 
0.290699 0.0415062 0.353632 -0.142395 -0.0561781 0.346978 -0.153097 -0.0710921 0.338437 
-0.182397 -0.0746533 0.357371 -0.180834 -0.0781295 0.337487 -0.208571 -0.0851669 0.336538 
-0.19787 -0.0702529 0.345078 -0.225607 -0.0772903 0.344129 0.312102 0.0713341 0.370714 
0.322803 0.0862481 0.379255 -0.120993 -0.0263501 0.36406 -0.131694 -0.0412641 0.355519 
-0.214906 -0.0623763 0.35267 0.305767 0.0941247 0.386846 0.304204 0.0976009 0.40673 
0.288731 0.102001 0.394437 -0.138029 -0.0184735 0.371651 -0.155065 -0.010597 0.379242 
0.271695 0.109878 0.402029 0.270133 0.113354 0.421912 0.254659 0.117754 0.40962 
-0.172101 -0.00272037 0.386833 -0.173664 0.000755837 0.406717 -0.189137 0.00515622 0.394424 
0.248325 0.140545 0.425752 -0.179998 0.0235464 0.422849 -0.195471 0.0279468 0.410556 
0.231289 0.148422 0.433343 0.229726 0.151898 0.453227 0.203551 0.141384 0.432393 
0.201989 0.14486 0.452277 0.186515 0.149261 0.439984 -0.201806 0.0507374 0.426688 
0.169479 0.157137 0.447576 0.141742 0.1501 0.446626 0.140179 0.153576 0.46651 
0.124706 0.157977 0.454217 -0.218842 0.058614 0.43428 -0.220405 0.0620901 0.454163 
-0.235878 0.0664905 0.441871 0.10767 0.165853 0.461808 0.079933 0.158816 0.460859 
0.0521957 0.151778 0.459909 0.050633 0.155255 0.479793 0.0351598 0.159655 0.4675 
-0.171265 0.0989555 0.472195 -0.159001 0.110393 0.460852 -0.169702 0.0954793 0.452311 
-0.19744 0.0884419 0.451361 -0.199002 0.0919181 0.471245 -0.225177 0.0814045 0.450412 
-0.22674 0.0848807 0.470295 0.0181238 0.167532 0.475091 0.016561 0.171008 0.494975 
0.00108783 0.175408 0.482682 -0.122125 0.135821 0.490226 -0.109861 0.147259 0.478884 
-0.120562 0.132345 0.470343 -0.1483 0.125307 0.469393 -0.0159481 0.183285 0.490274 
-0.0436854 0.176247 0.489324 -0.0714226 0.16921 0.488374 -0.0991599 0.162173 0.487424 
0.178915 -0.0883193 0.264472 0.163441 -0.0839189 0.252179 0.15274 -0.0988329 0.243638 
0.125003 -0.10587 0.242689 0.0972657 -0.112908 0.241739 0.0679657 -0.116469 0.260673 
0.0695285 -0.119945 0.240789 0.0524925 -0.112068 0.24838 0.20188 -0.0619675 0.26167 
0.212581 -0.0470535 0.270211 0.174143 -0.0690049 0.26072 0.0338937 -0.100716 0.275855 
0.0354565 -0.104192 0.255972 0.0184205 -0.0963153 0.263563 -0.0215808 -0.11479 0.273956 
-0.020018 -0.118267 0.254072 -0.00931671 -0.103353 0.262613 -0.049318 -0.121828 0.273006 
-0.0477552 -0.125304 0.253122 -0.0647912 -0.117427 0.260714 0.223283 -0.0321396 0.278752 
0.233984 -0.0172256 0.287292 -0.000178214 -0.0849625 0.291038 0.00138457 -0.0884387 0.271154 
-0.0818272 -0.109551 0.268305 -0.111127 -0.113112 0.287239 -0.109564 -0.116588 0.267355 
-0.1266 -0.108712 0.274946 0.243122 0.0011646 0.315717 0.227649 0.00556498 0.303425 
-0.143636 -0.100835 0.282537 -0.172936 -0.104396 0.301471 -0.171374 -0.107872 0.281588 
-0.18841 -0.0999959 0.289179 0.264525 0.0309926 0.332799 0.249052 0.035393 0.320506 
0.23835 0.020479 0.311965 -0.207008 -0.0886431 0.316654 -0.205446 -0.0921193 0.29677 
-0.222482 -0.0842427 0.304361 0.28749 0.0573443 0.329997 0.298192 0.0722583 0.338538 
0.259753 0.0503069 0.329047 -0.157869 -0.0517777 0.334685 -0.173342 -0.0473773 0.322393 
-0.184043 -0.0622913 0.313852 -0.213343 -0.0658525 0.332786 -0.21178 -0.0693287 0.312902 
-0.268818 -0.0799273 0.330886 -0.267255 -0.0834035 0.311003 -0.256554 -0.0684895 0.319544 
-0.284291 -0.0755269 0.318594 0.30733 0.0906485 0.366962 0.291857 0.0950489 0.35467 
-0.136466 -0.0219498 0.351767 -0.151939 -0.0175494 0.339474 -0.16264 -0.0324634 0.330934 
-0.273589 -0.0606129 0.327135 -0.301327 -0.0676503 0.326185 -0.290625 -0.0527363 0.334726 
-0.30289 -0.0641741 0.346069 -0.318363 -0.0597737 0.333776 0.274821 0.102925 0.362261 
0.273258 0.106402 0.382145 0.257785 0.110802 0.369852 -0.170538 -0.00619659 0.366949 
-0.168975 -0.00967279 0.347066 -0.186011 -0.0017962 0.354657 -0.307661 -0.0448597 0.342317 
0.240749 0.118679 0.377443 0.239186 0.122155 0.397327 0.223713 0.126555 0.385035 
-0.192346 0.0209944 0.370789 0.232851 0.144945 0.413459 0.217378 0.149346 0.401167 
-0.209382 0.028871 0.37838 -0.210945 0.0323472 0.398264 -0.226418 0.0367475 0.385971 
0.200342 0.157222 0.408758 0.172605 0.150185 0.407808 0.171042 0.153661 0.427692 
0.155569 0.158062 0.415399 -0.217279 0.0551377 0.414396 -0.232752 0.0595381 0.402103 
0.138533 0.165938 0.422991 0.110796 0.158901 0.422041 0.109233 0.162377 0.441925 
0.0937599 0.166777 0.429632 -0.251351 0.0708909 0.429578 -0.249788 0.0674147 0.409694 
-0.266824 0.0752913 0.417286 0.0767239 0.174654 0.437223 0.0489866 0.167617 0.436273 
0.0212494 0.160579 0.435324 0.0196866 0.164055 0.455207 0.0042134 0.168456 0.442915 
-0.146737 0.121831 0.449509 -0.134473 0.133269 0.438166 -0.145174 0.118355 0.429625 
-0.172911 0.111317 0.428676 -0.200649 0.10428 0.427726 -0.228386 0.0972427 0.426776 
-0.256123 0.0902053 0.425827 -0.0128226 0.176332 0.450506 -0.0143854 0.179809 0.47039 
-0.0405598 0.169295 0.449556 -0.0421226 0.172771 0.46944 -0.0682971 0.162258 0.448607 
-0.0698599 0.165734 0.46849 -0.0960343 0.15522 0.447657 -0.0975971 0.158696 0.467541 
-0.123772 0.148183 0.446707 0.147968 -0.0795185 0.239887 0.132495 -0.0751181 0.227594 
0.121794 -0.0900321 0.219053 0.0940566 -0.0970695 0.218103 0.0663193 -0.104107 0.217154 
0.0370193 -0.107668 0.236088 0.0385821 -0.111144 0.216204 0.00928205 -0.114705 0.235138 
0.0108448 -0.118182 0.215254 -0.0184552 -0.121743 0.234188 -0.0168924 -0.125219 0.214305 
-0.0339284 -0.117342 0.221896 0.197108 -0.0426532 0.257918 0.181635 -0.0382528 0.245625 
0.170934 -0.0531668 0.237085 0.143196 -0.0602041 0.236135 0.00294736 -0.0919149 0.25127 
-0.0509644 -0.109466 0.229487 -0.0802644 -0.113027 0.248421 -0.0787016 -0.116503 0.228537 
-0.108002 -0.120064 0.247471 -0.106439 -0.123541 0.227587 -0.123475 -0.115664 0.235179 
0.218511 -0.0128252 0.275 0.203038 -0.00842482 0.262707 0.192336 -0.0233388 0.254166 
-0.142074 -0.104311 0.262654 -0.140511 -0.107787 0.24277 -0.157547 -0.0999109 0.250361 
0.213739 0.00648915 0.271248 0.22444 0.0214031 0.279789 -0.174583 -0.0920343 0.257952 
-0.203883 -0.0955955 0.276886 -0.20232 -0.0990717 0.257002 -0.219356 -0.0911951 0.264594 
0.235141 0.0363171 0.28833 0.245843 0.0512311 0.296871 -0.237955 -0.0798423 0.292069 
-0.236392 -0.0833185 0.272185 -0.265692 -0.0868797 0.291119 -0.264129 -0.0903559 0.271235 
-0.281165 -0.0824793 0.278826 0.282718 0.0766587 0.326245 0.267245 0.0810591 0.313953 
0.256544 0.0661451 0.305412 -0.188815 -0.042977 0.3101 -0.204288 -0.0385766 0.297807 
-0.214989 -0.0534906 0.289267 -0.242727 -0.060528 0.288317 -0.270464 -0.0675654 0.287367 
-0.272027 -0.0640891 0.307251 -0.299764 -0.0711265 0.306301 -0.298201 -0.0746027 0.286417 
-0.2875 -0.0596887 0.294958 -0.315237 -0.0667261 0.294009 0.276384 0.0994493 0.342377 
0.250209 0.0889356 0.321544 0.248646 0.0924119 0.341428 0.233173 0.0968122 0.329135 
-0.167412 -0.013149 0.327182 -0.182886 -0.00874862 0.314889 -0.193587 -0.0236626 0.306348 
-0.306099 -0.048336 0.322433 -0.304536 -0.0518122 0.302549 0.242312 0.115202 0.35756 
0.226838 0.119603 0.345267 -0.201484 0.00260418 0.342364 -0.199922 -0.000872034 0.32248 
-0.216957 0.00700456 0.330072 -0.310871 -0.0290216 0.318682 -0.300169 -0.0141076 0.327222 
-0.312433 -0.0255454 0.338565 -0.327907 -0.021145 0.326273 0.220504 0.142393 0.361399 
-0.207819 0.0253947 0.358496 -0.223292 0.0297951 0.346204 -0.317205 -0.00623103 0.334814 
0.203468 0.15027 0.36899 0.201905 0.153746 0.388874 0.186432 0.158147 0.376581 
-0.229627 0.0525857 0.362336 0.169396 0.166023 0.384173 0.141659 0.158986 0.383223 
0.140096 0.162462 0.403107 0.124623 0.166862 0.390814 -0.246663 0.0604623 0.369927 
-0.248226 0.0639385 0.389811 -0.263699 0.0683389 0.377518 -0.3037 0.0498637 0.387911 
-0.302137 0.0463875 0.368027 -0.291436 0.0613015 0.376568 -0.319173 0.0542641 0.375619 
0.107587 0.174739 0.398405 0.0798495 0.167702 0.397456 0.0782867 0.171178 0.417339 
0.0628135 0.175578 0.405047 -0.171349 0.107841 0.408792 -0.159085 0.119279 0.397449 
-0.169786 0.104365 0.388908 -0.197523 0.0973276 0.387958 -0.199086 0.100804 0.407842 
-0.22526 0.0902902 0.387009 -0.226823 0.0937665 0.406892 -0.252998 0.0832529 0.386059 
-0.25456 0.0867291 0.405943 -0.308472 0.0691781 0.38416 0.0457775 0.183455 0.412638 
0.0180403 0.176417 0.411688 -0.009697 0.16938 0.410738 -0.0112598 0.172856 0.430622 
-0.026733 0.177257 0.41833 -0.122209 0.144707 0.426823 -0.109945 0.156144 0.415481 
-0.120646 0.14123 0.40694 -0.148383 0.134193 0.40599 -0.0437689 0.185133 0.425921 
-0.0715062 0.178096 0.424971 -0.0992434 0.171058 0.424021 0.118585 -0.074194 0.195418 
0.129286 -0.05928 0.203959 0.0908475 -0.0812314 0.194468 0.0631102 -0.0882688 0.193518 
0.035373 -0.0953061 0.192568 0.00763572 -0.102344 0.191619 -0.0201015 -0.109381 0.190669 
-0.0494016 -0.112942 0.209603 -0.0478388 -0.116418 0.189719 -0.0648748 -0.108542 0.197311 
0.167725 -0.0373286 0.213449 0.178426 -0.0224146 0.22199 0.139987 -0.044366 0.212499 
-0.0819107 -0.100665 0.204902 -0.109648 -0.107703 0.203952 -0.138948 -0.111264 0.222886 
-0.137385 -0.11474 0.203002 -0.154421 -0.106863 0.210593 0.189127 -0.00750066 0.230531 
0.199828 0.00741333 0.239072 -0.17302 -0.0955105 0.238068 -0.171457 -0.0989868 0.218185 
-0.188493 -0.0911101 0.225776 0.208967 0.0258035 0.267496 0.193494 0.0302039 0.255204 
-0.205529 -0.0832336 0.233367 -0.234829 -0.0867947 0.252301 -0.233266 -0.090271 0.232417 
-0.262566 -0.0938321 0.251351 -0.261004 -0.0973083 0.231468 -0.27804 -0.0894318 0.239059 
0.230369 0.0556315 0.284578 0.214896 0.0600319 0.272286 0.204195 0.0451179 0.263745 
-0.296638 -0.0780789 0.266534 -0.295076 -0.0815552 0.24665 -0.312112 -0.0736786 0.254241 
0.251772 0.0854594 0.30166 0.236299 0.0898598 0.289367 0.225598 0.0749458 0.280827 
-0.207497 -0.0227384 0.274172 -0.218199 -0.0376524 0.265631 -0.245936 -0.0446898 0.264681 
-0.275236 -0.048251 0.283615 -0.262972 -0.0368132 0.272273 -0.318446 -0.050888 0.270373 
0.219263 0.0977364 0.296959 0.2177 0.101213 0.316842 0.202227 0.105613 0.30455 
-0.186095 0.00708953 0.291254 -0.196796 -0.00782446 0.282713 -0.280008 -0.0289366 0.279864 
-0.309308 -0.0324978 0.298798 -0.297044 -0.02106 0.287455 -0.324781 -0.0280974 0.286505 
0.211365 0.124003 0.332974 0.195892 0.128404 0.320682 -0.203131 0.0149661 0.298845 
-0.220167 0.0228427 0.306436 -0.303378 0.00173054 0.303587 -0.331116 -0.00530686 0.302637 
0.205031 0.146794 0.349106 0.189557 0.151194 0.336814 -0.226501 0.0456333 0.322568 
-0.320414 0.00960712 0.311178 0.172521 0.159071 0.344405 0.170959 0.162547 0.364289 
0.155486 0.166947 0.351996 -0.243537 0.0535099 0.330159 -0.2451 0.0569861 0.350043 
-0.260573 0.0613865 0.33775 0.13845 0.174824 0.359587 0.121414 0.182701 0.367179 
-0.279172 0.0727393 0.365225 -0.277609 0.069263 0.345342 -0.306909 0.0657019 0.364276 
-0.294645 0.0771396 0.352933 0.104378 0.190577 0.37477 0.0766403 0.18354 0.37382 
0.0489031 0.176502 0.37287 0.0473403 0.179979 0.392754 0.0211658 0.169465 0.371921 
0.019603 0.172941 0.391804 0.00412985 0.177341 0.379512 -0.162294 0.135117 0.373814 
-0.172995 0.120203 0.365273 -0.200732 0.113166 0.364323 -0.228469 0.106128 0.363373 
-0.256207 0.099091 0.362423 -0.283944 0.0920536 0.361474 -0.0129061 0.185218 0.387103 
-0.0406434 0.178181 0.386153 -0.0422062 0.181657 0.406037 -0.0683806 0.171143 0.385204 
-0.0699434 0.17462 0.405087 -0.0961179 0.164106 0.384254 -0.0976807 0.167582 0.404138 
-0.123855 0.157069 0.383304 -0.151592 0.150031 0.382354 0.115376 -0.0583558 0.171782 
0.126077 -0.0434418 0.180323 0.0876384 -0.0653932 0.170832 0.0599011 -0.0724306 0.169883 
0.0321638 -0.079468 0.168933 0.00442659 -0.0865054 0.167983 -0.0233107 -0.0935428 0.167034 
-0.0510479 -0.10058 0.166084 -0.080348 -0.104141 0.185018 -0.0787852 -0.107618 0.165134 
-0.0958211 -0.099741 0.172725 0.162953 -0.0180143 0.209697 0.147479 -0.0136139 0.197405 
0.136778 -0.0285279 0.188864 -0.112857 -0.0918644 0.180316 -0.140594 -0.0989018 0.179367 
-0.169894 -0.102463 0.198301 -0.168332 -0.105939 0.178417 -0.185368 -0.0980626 0.186008 
0.184355 0.0118137 0.226779 0.168882 0.0162141 0.214487 0.158181 0.0013001 0.205946 
-0.203966 -0.0867098 0.213483 -0.202404 -0.090186 0.193599 -0.231704 -0.0937471 0.212533 
-0.230141 -0.0972234 0.19265 -0.247177 -0.0893468 0.200241 0.179583 0.0311281 0.223027 
0.190285 0.046042 0.231568 -0.264213 -0.0814702 0.207832 -0.293513 -0.0850314 0.226766 
-0.29195 -0.0885076 0.206882 -0.308986 -0.080631 0.214473 0.200986 0.060956 0.240109 
0.211687 0.07587 0.24865 -0.315321 -0.0578404 0.230606 0.220826 0.0942602 0.277075 
0.194651 0.0837466 0.256241 0.193088 0.0872228 0.276125 0.177615 0.0916232 0.263832 
-0.22297 -0.0183381 0.261879 -0.238444 -0.0139377 0.249587 -0.249145 -0.0288517 0.241046 
-0.266181 -0.0209751 0.248637 -0.321655 -0.0350498 0.246738 0.186754 0.110013 0.292257 
0.17128 0.114414 0.279965 -0.201568 0.0114899 0.278961 -0.217041 0.0158903 0.266669 
-0.227742 0.000976297 0.258128 -0.283217 -0.0130985 0.256228 -0.300253 -0.00522188 0.263819 
-0.32799 -0.0122593 0.26287 0.181982 0.129328 0.288505 0.192683 0.144242 0.297046 
-0.23564 0.0272431 0.294143 -0.234077 0.0237669 0.27426 -0.251113 0.0316435 0.281851 
-0.317289 0.0026547 0.271411 -0.318852 0.00613091 0.291294 0.186348 0.167032 0.313178 
-0.241975 0.0500337 0.310276 -0.257448 0.054434 0.297983 0.169312 0.174909 0.32077 
0.141575 0.167871 0.31982 0.140012 0.171348 0.339704 0.124539 0.175748 0.327411 
-0.276046 0.0657868 0.325458 -0.274484 0.0623106 0.305574 -0.303784 0.0587494 0.324508 
-0.302221 0.0552732 0.304624 -0.319257 0.0631498 0.312216 0.107503 0.183625 0.335002 
0.10594 0.187101 0.354886 0.0797659 0.176587 0.334053 0.0782031 0.180064 0.353936 
0.0520287 0.16955 0.333103 0.0504659 0.173026 0.352987 0.0242914 0.162512 0.332153 
0.0227286 0.165989 0.352037 0.00725542 0.170389 0.339744 -0.308556 0.0780638 0.320756 
-0.297854 0.0929778 0.329297 -0.00978055 0.178266 0.347335 -0.0113433 0.181742 0.367219 
-0.0375178 0.171228 0.346386 -0.0390806 0.174704 0.366269 -0.0652551 0.164191 0.345436 
-0.0668178 0.167667 0.36532 -0.082291 0.172067 0.353027 -0.15003 0.146555 0.362471 
-0.137766 0.157993 0.351128 -0.148467 0.143079 0.342587 -0.176204 0.136041 0.341637 
-0.203941 0.129004 0.340687 -0.231679 0.121967 0.339738 -0.259416 0.114929 0.338788 
-0.287153 0.107892 0.337838 -0.099327 0.179944 0.360618 -0.127064 0.172907 0.359669 
0.112166 -0.0425177 0.148147 0.122868 -0.0276037 0.156688 0.0844292 -0.049555 0.147197 
0.056692 -0.0565924 0.146247 0.0289547 -0.0636299 0.145297 0.00121747 -0.0706672 0.144348 
-0.0265198 -0.0777046 0.143398 -0.054257 -0.084742 0.142448 -0.0819943 -0.0917794 0.141499 
-0.111294 -0.0953406 0.160433 -0.109732 -0.0988168 0.140549 -0.126768 -0.0909402 0.14814 
0.133569 -0.0126897 0.165228 0.14427 0.00222427 0.173769 -0.143803 -0.0830636 0.155731 
-0.171541 -0.090101 0.154782 -0.200841 -0.0936622 0.173716 -0.199278 -0.0971384 0.153832 
-0.216314 -0.0892618 0.161423 0.154972 0.0171383 0.18231 0.165673 0.0320522 0.190851 
-0.23335 -0.0813852 0.169014 -0.26265 -0.0849464 0.187948 -0.261087 -0.0884226 0.168064 
-0.290387 -0.0919838 0.186999 -0.288824 -0.09546 0.167115 -0.30586 -0.0875834 0.174706 
0.176374 0.0469662 0.199392 0.187075 0.0618802 0.207933 -0.312195 -0.0647928 0.190838 
0.196214 0.0802704 0.236358 0.180741 0.0846708 0.224065 -0.31853 -0.0420023 0.20697 
0.163705 0.0925474 0.231656 0.162142 0.0960236 0.25154 0.146669 0.100424 0.239247 
-0.253917 -0.00953729 0.237294 -0.324865 -0.0192117 0.223102 0.15737 0.115338 0.247788 
0.168071 0.130252 0.256329 -0.232514 0.0202907 0.254376 -0.247987 0.0246911 0.242083 
-0.258689 0.00977706 0.233542 -0.287989 0.00621589 0.252476 -0.275725 0.0176537 0.241134 
-0.331199 0.00357887 0.239234 0.178773 0.145166 0.26487 0.189474 0.16008 0.273411 
-0.266586 0.0360439 0.269558 -0.265023 0.0325676 0.249675 -0.292761 0.0255302 0.248725 
-0.282059 0.0404442 0.257266 -0.320498 0.0184929 0.247775 0.172438 0.167956 0.281002 
0.170875 0.171433 0.300886 0.155402 0.175833 0.288593 -0.272921 0.0588344 0.28569 
-0.299095 0.0483208 0.264857 -0.300658 0.051797 0.284741 -0.316131 0.0561974 0.272448 
0.138366 0.18371 0.296184 0.110629 0.176672 0.295235 0.109066 0.180148 0.315118 
0.0935927 0.184549 0.302826 -0.294729 0.0860254 0.28953 -0.306993 0.0745876 0.300873 
-0.30543 0.0711114 0.280989 0.0765568 0.192425 0.310417 0.0488195 0.185388 0.309467 
0.0210823 0.178351 0.308518 -0.00665498 0.171313 0.307568 -0.00821777 0.174789 0.327452 
-0.0343922 0.164276 0.306618 -0.035955 0.167752 0.326502 -0.0514282 0.172152 0.314209 
-0.28559 0.104416 0.317955 -0.273326 0.115853 0.306612 -0.284028 0.100939 0.298071 
-0.0684642 0.180029 0.3218 -0.0962014 0.172992 0.320851 -0.0977642 0.176468 0.340735 
-0.123939 0.165954 0.319901 -0.125501 0.16943 0.339785 -0.151676 0.158917 0.318951 
-0.179413 0.151879 0.318002 -0.20715 0.144842 0.317052 -0.234888 0.137805 0.316102 
-0.262625 0.130767 0.315152 -0.0526942 -0.0882182 0.122565 -0.0511315 -0.0916945 0.102681 
-0.0404302 -0.0767804 0.111222 -0.0804315 -0.0952556 0.121615 -0.0788687 -0.0987318 0.101731 
-0.0959047 -0.0908552 0.109322 0.107395 -0.0232033 0.144395 0.0919214 -0.0188029 0.132102 
0.0812201 -0.0337169 0.123561 0.0534829 -0.0407543 0.122612 0.0257456 -0.0477917 0.121662 
-0.00199165 -0.0548291 0.120712 -0.0297289 -0.0618665 0.119763 -0.112941 -0.0829786 0.116913 
-0.142241 -0.0865398 0.135847 -0.140678 -0.090016 0.115964 -0.169978 -0.0935772 0.134898 
-0.168415 -0.0970534 0.115014 -0.185451 -0.0891768 0.122605 0.13036 0.00314844 0.141593 
0.141061 0.0180624 0.150134 0.102623 -0.00388895 0.140643 -0.202487 -0.0813003 0.130196 
-0.231787 -0.0848614 0.14913 -0.230224 -0.0883376 0.129247 -0.259524 -0.0918988 0.148181 
-0.257962 -0.095375 0.128297 -0.287262 -0.0989362 0.147231 -0.285699 -0.102412 0.127347 
-0.302735 -0.0945358 0.134938 0.151762 0.0329764 0.158675 0.162464 0.0478904 0.167216 
-0.30907 -0.0717453 0.15107 0.171602 0.0662806 0.19564 0.145428 0.055767 0.174807 
0.143865 0.0592432 0.194691 0.128392 0.0636436 0.182398 -0.315404 -0.0489547 0.167203 
0.165268 0.0890711 0.211772 0.149794 0.0934715 0.19948 0.139093 0.0785576 0.190939 
-0.321739 -0.0261641 0.183335 0.14346 0.116262 0.215612 -0.328074 -0.00337355 0.199467 
0.154161 0.131176 0.224153 0.164862 0.14609 0.232694 -0.263461 0.0290914 0.229791 
-0.318935 0.0150166 0.227891 -0.306671 0.0264544 0.216548 -0.317372 0.0115404 0.208007 
0.175563 0.161004 0.241234 0.186265 0.175918 0.249775 -0.297533 0.0448446 0.244973 
-0.313006 0.049245 0.23268 0.169229 0.183795 0.257367 0.141492 0.176757 0.256417 
0.139929 0.180233 0.276301 0.124456 0.184634 0.264008 -0.31934 0.0720356 0.248813 
0.10742 0.19251 0.271599 0.0796824 0.185473 0.270649 0.0781196 0.188949 0.290533 
0.0519451 0.178436 0.2697 0.0503823 0.181912 0.289583 0.0242078 0.171398 0.26875 
0.0226451 0.174874 0.288634 -0.0035294 0.164361 0.2678 -0.00509219 0.167837 0.287684 
-0.0205654 0.172237 0.275391 -0.297938 0.101864 0.265894 -0.308639 0.0869495 0.257353 
-0.0376014 0.180114 0.282983 -0.0653386 0.173077 0.282033 -0.0669014 0.176553 0.301917 
-0.0823746 0.180953 0.289624 -0.276535 0.131691 0.282976 -0.287237 0.116778 0.274435 
-0.0994106 0.18883 0.297215 -0.127148 0.181792 0.296266 -0.154885 0.174755 0.295316 
-0.182622 0.167718 0.294366 -0.21036 0.16068 0.293416 -0.238097 0.153643 0.292467 
-0.265834 0.146605 0.291517 -0.0281661 -0.0653427 0.0998788 -0.0266033 -0.0688189 0.079995 
-0.0159021 -0.0539049 0.0885359 -0.0543406 -0.0758563 0.0790453 -0.0820778 -0.0828937 0.0780956 
-0.111378 -0.0864549 0.0970296 -0.109815 -0.0899311 0.0771459 -0.139115 -0.0934923 0.0960799 
-0.137552 -0.0969685 0.0761961 -0.154588 -0.0890919 0.0837873 0.0764482 -0.0144026 0.11981 
0.0487109 -0.0214399 0.11886 0.0332378 -0.0170396 0.106567 0.0225365 -0.0319535 0.0980265 
-0.00520078 -0.0389909 0.0970768 -0.171624 -0.0812153 0.0913785 -0.200924 -0.0847765 0.110313 
-0.199362 -0.0882527 0.0904288 -0.228662 -0.0918138 0.109363 -0.227099 -0.0952901 0.0894791 
-0.256399 -0.0988512 0.108413 -0.254836 -0.102327 0.0885293 -0.271872 -0.0944509 0.0961205 
0.125588 0.0224628 0.137841 0.0978507 0.0154254 0.136891 0.0701135 0.00838802 0.135942 
0.0546403 0.0127884 0.123649 0.043939 -0.00212558 0.115108 -0.288908 -0.0865743 0.103712 
-0.305944 -0.0786977 0.111303 0.146991 0.0522908 0.154923 0.119253 0.0452534 0.153973 
0.0915161 0.038216 0.153024 0.0760429 0.0426164 0.140731 0.0653416 0.0277024 0.13219 
-0.312279 -0.0559071 0.127435 0.112919 0.0680439 0.170105 0.0974454 0.0724443 0.157813 
0.0867441 0.0575303 0.149272 -0.318613 -0.0331166 0.143567 0.134321 0.0978719 0.187187 
0.118848 0.102272 0.174895 0.108147 0.0873583 0.166354 -0.324948 -0.010326 0.159699 
0.129549 0.117186 0.183435 0.140251 0.1321 0.191976 -0.31581 0.00806422 0.188124 
-0.303545 0.019502 0.176781 -0.314247 0.00458801 0.16824 0.150952 0.147014 0.200517 
0.161653 0.161928 0.209058 -0.30988 0.0422926 0.192913 0.170792 0.180318 0.237483 
0.155318 0.184719 0.22519 -0.316215 0.0650831 0.209045 0.138282 0.192595 0.232781 
0.110545 0.185558 0.231832 0.108982 0.189034 0.251715 0.0828079 0.178521 0.230882 
0.0812451 0.181997 0.250766 0.0550707 0.171483 0.229932 0.0535079 0.174959 0.249816 
0.0380347 0.17936 0.237523 -0.307076 0.0834733 0.23747 -0.294812 0.0949111 0.226127 
-0.305514 0.0799971 0.217586 0.0209987 0.187236 0.245115 -0.00673853 0.180199 0.244165 
-0.0344758 0.173162 0.243215 -0.0360386 0.176638 0.263099 -0.0515118 0.181038 0.250806 
-0.285674 0.113301 0.254551 -0.27341 0.124739 0.243209 -0.284111 0.109825 0.234668 
-0.0685477 0.188915 0.258397 -0.096285 0.181877 0.257448 -0.0978478 0.185354 0.277331 
-0.113321 0.189754 0.265039 -0.264271 0.143129 0.271633 -0.252007 0.154567 0.26029 
-0.262708 0.139653 0.251749 -0.130357 0.197631 0.27263 -0.158094 0.190593 0.27168 
-0.185831 0.183556 0.270731 -0.213569 0.176518 0.269781 -0.241306 0.169481 0.268831 
-0.0298125 -0.0529808 0.0563595 -0.0191112 -0.0380668 0.0649004 -0.0575497 -0.0600181 0.0554098 
-0.085287 -0.0670555 0.0544601 -0.113024 -0.0740929 0.0535104 -0.140761 -0.0811303 0.0525607 
-0.170062 -0.0846915 0.0714947 -0.168499 -0.0881677 0.0516109 -0.197799 -0.0917289 0.070545 
-0.196236 -0.0952051 0.0506612 -0.213272 -0.0873285 0.0582524 0.0177646 -0.0126392 0.0942748 
0.00229138 -0.00823881 0.0819822 -0.0084099 -0.0231528 0.0734413 -0.230308 -0.0794519 0.0658436 
-0.258045 -0.0864893 0.0648939 -0.287345 -0.0900505 0.0838279 -0.285782 -0.0935267 0.0639441 
-0.302818 -0.0856501 0.0715353 0.0391671 0.0171888 0.111357 0.0236939 0.0215892 0.099064 
0.0129927 0.00667518 0.0905231 -0.309153 -0.0628595 0.0876674 0.0605697 0.0470167 0.128438 
0.0450965 0.0514171 0.116146 0.0343952 0.0365031 0.107605 -0.315488 -0.040069 0.103799 
0.0819722 0.0768447 0.14552 0.0664991 0.0812451 0.133228 0.0557978 0.0663311 0.124687 
-0.321822 -0.0172784 0.119932 0.103375 0.106673 0.162602 0.0879016 0.111073 0.150309 
0.0772003 0.0961591 0.141768 -0.312684 0.0011118 0.148356 -0.30042 0.0125496 0.137013 
-0.311121 -0.00236441 0.128472 0.12634 0.133024 0.1598 0.137041 0.147938 0.168341 
0.0986029 0.125987 0.15885 -0.306755 0.0353401 0.153145 0.147743 0.162852 0.176882 
0.158444 0.177766 0.185423 -0.313089 0.0581307 0.169277 0.141408 0.185643 0.193014 
0.139845 0.189119 0.212898 0.113671 0.178606 0.192064 0.112108 0.182082 0.211948 
0.0966348 0.186482 0.199655 -0.303951 0.0765209 0.197702 -0.291687 0.0879587 0.186359 
-0.302388 0.0730447 0.177818 0.0795988 0.194359 0.207246 0.0518615 0.187321 0.206297 
0.0241243 0.180284 0.205347 0.0225615 0.18376 0.225231 -0.00361296 0.173247 0.204397 
-0.00517574 0.176723 0.224281 -0.0206489 0.181123 0.211988 -0.298021 0.110749 0.202491 
-0.0376849 0.189 0.21958 -0.0654222 0.181962 0.21863 -0.0669849 0.185439 0.238514 
-0.0824581 0.189839 0.226221 -0.276619 0.140577 0.219573 -0.28732 0.125663 0.211032 
-0.0994941 0.197716 0.233812 -0.127231 0.190678 0.232863 -0.128794 0.194154 0.252746 
-0.154969 0.183641 0.231913 -0.156531 0.187117 0.251797 -0.182706 0.176603 0.230963 
-0.184269 0.18008 0.250847 -0.210443 0.169566 0.230013 -0.212006 0.173042 0.249897 
-0.23818 0.162529 0.229064 -0.239743 0.166005 0.248947 -0.265918 0.155491 0.228114 
-0.0330216 -0.0371426 0.032724 -0.0223203 -0.0222286 0.0412649 -0.0607588 -0.04418 0.0317743 
-0.0884961 -0.0512174 0.0308246 -0.116233 -0.0582548 0.0298749 -0.143971 -0.0652922 0.0289252 
-0.171708 -0.0723295 0.0279754 -0.199445 -0.079367 0.0270257 -0.228745 -0.0829281 0.0459598 
-0.227182 -0.0864043 0.026076 -0.256482 -0.0899655 0.0450101 -0.25492 -0.0934417 0.0251263 
-0.271956 -0.0855651 0.0327175 -0.011619 -0.00731464 0.0498058 -0.000917744 0.00759935 0.0583467 
-0.288992 -0.0776885 0.0403087 -0.306028 -0.069812 0.0478998 0.00822075 0.0259895 0.0867714 
-0.00725244 0.0303899 0.0744788 -0.312362 -0.0470214 0.0640319 0.0296233 0.0558175 0.103853 
0.0141501 0.0602179 0.0915605 0.00344884 0.0453039 0.0830197 -0.318697 -0.0242308 0.0801639 
0.0525886 0.0821692 0.101051 0.0632899 0.0970832 0.109592 0.0248514 0.0751319 0.100101 
-0.325032 -0.00144025 0.096296 0.100166 0.122511 0.138966 0.101728 0.119035 0.119083 
0.11243 0.133949 0.127624 0.0739912 0.111997 0.118133 -0.303629 0.0283877 0.113378 
-0.31433 0.0134737 0.104837 0.123131 0.148863 0.136164 0.133832 0.163777 0.144705 
-0.309964 0.0511783 0.12951 0.142971 0.182167 0.17313 0.116796 0.171653 0.152296 
0.115234 0.175129 0.17218 0.0997603 0.17953 0.159888 -0.316298 0.0739689 0.145642 
0.0827244 0.187406 0.167479 0.0811616 0.190883 0.187363 0.0549871 0.180369 0.166529 
0.0534243 0.183845 0.186413 0.0272499 0.173332 0.165579 0.0256871 0.176808 0.185463 
-0.000487386 0.166294 0.16463 -0.00205017 0.16977 0.184513 -0.0175234 0.174171 0.172221 
-0.294896 0.103797 0.162724 -0.305597 0.0888828 0.154183 -0.0345593 0.182047 0.179812 
-0.0361221 0.185524 0.199696 -0.0515953 0.189924 0.187403 -0.285757 0.122187 0.191148 
-0.273493 0.133625 0.179805 -0.284195 0.118711 0.171265 -0.0686313 0.1978 0.194994 
-0.0963685 0.190763 0.194045 -0.0979313 0.194239 0.213928 -0.113405 0.19864 0.201636 
-0.264355 0.152015 0.20823 -0.252091 0.163453 0.196887 -0.262792 0.148539 0.188346 
-0.13044 0.206516 0.209227 -0.158178 0.199479 0.208277 -0.185915 0.192442 0.207328 
-0.213652 0.185404 0.206378 -0.241389 0.178367 0.205428 -0.0869333 -0.0546936 0.0109408 
-0.0853705 -0.0581698 -0.00894296 -0.0746692 -0.0432558 -0.000402071 -0.114671 -0.061731 0.0099911 
-0.113108 -0.0652072 -0.00989268 -0.142408 -0.0687684 0.00904139 -0.140845 -0.0722446 -0.0108424 
-0.170145 -0.0758058 0.00809167 -0.168582 -0.079282 -0.0117921 -0.197882 -0.0828432 0.00714195 
-0.19632 -0.0863194 -0.0127418 -0.213356 -0.0784428 -0.00515065 -0.0362307 -0.0213044 0.00908853 
-0.0255294 -0.00639047 0.0176294 -0.063968 -0.0283418 0.00813882 -0.230391 -0.0705662 0.00244052 
-0.258129 -0.0776036 0.00149081 -0.287429 -0.0811648 0.0204249 -0.285866 -0.084641 0.000541094 
-0.302902 -0.0767644 0.00813227 -0.0148281 0.00852351 0.0261703 -0.00412687 0.0234375 0.0347112 
-0.309237 -0.0539738 0.0242643 0.00501162 0.0418277 0.0631359 0.00657441 0.0383515 0.0432521 
0.0172757 0.0532655 0.051793 -0.315571 -0.0311832 0.0403964 0.0264142 0.0716556 0.0802177 
0.027977 0.0681794 0.0603339 0.0386782 0.0830934 0.0688748 -0.321906 -0.00839266 0.0565285 
0.075554 0.108521 0.0982491 0.0771168 0.105045 0.0783654 0.0878181 0.119959 0.0869063 
0.0493795 0.0980074 0.0774156 -0.312768 0.00999752 0.0849531 -0.300503 0.0214353 0.0736102 
-0.311205 0.00652132 0.0650693 0.124694 0.145386 0.116281 0.126257 0.14191 0.0963969 
0.136958 0.156824 0.104938 0.0985193 0.134873 0.0954472 -0.306838 0.0442259 0.0897423 
0.118359 0.168177 0.132413 0.119922 0.164701 0.112529 0.102886 0.172577 0.12012 
-0.313173 0.0670164 0.105874 0.0858499 0.180454 0.127711 0.0842872 0.18393 0.147595 
0.0581127 0.173416 0.126762 0.0565499 0.176893 0.146645 0.0303754 0.166379 0.125812 
0.0288127 0.169855 0.145696 0.00263819 0.159342 0.124862 0.0010754 0.162818 0.144746 
-0.0143978 0.167218 0.132453 -0.304034 0.0854066 0.134299 -0.29177 0.0968444 0.122956 
-0.302472 0.0819304 0.114415 -0.0314338 0.175095 0.140044 -0.0329965 0.178571 0.159928 
-0.0484697 0.182971 0.147636 -0.282632 0.115235 0.151381 -0.270368 0.126672 0.140038 
-0.281069 0.111758 0.131497 -0.0655057 0.190848 0.155227 -0.0670685 0.194324 0.175111 
-0.0825417 0.198725 0.162818 -0.261229 0.145063 0.168463 -0.248965 0.1565 0.15712 
-0.259666 0.141586 0.148579 -0.0995777 0.206601 0.170409 -0.127315 0.199564 0.169459 
-0.128878 0.20304 0.189343 -0.155052 0.192526 0.16851 -0.156615 0.196003 0.188394 
-0.182789 0.185489 0.16756 -0.184352 0.188965 0.187444 -0.210527 0.178452 0.16661 
-0.212089 0.181928 0.186494 -0.238264 0.171414 0.165661 -0.239827 0.174891 0.185544 
-0.0885796 -0.0423317 -0.0325785 -0.0778784 -0.0274177 -0.0240376 -0.116317 -0.049369 -0.0335282 
-0.144054 -0.0564064 -0.0344779 -0.171791 -0.0634438 -0.0354276 -0.199529 -0.0704812 -0.0363773 
-0.228829 -0.0740424 -0.0174432 -0.227266 -0.0775186 -0.037327 -0.256566 -0.0810798 -0.018393 
-0.255003 -0.084556 -0.0382768 -0.284303 -0.0881172 -0.0193427 -0.28274 -0.0915934 -0.0392265 
-0.299776 -0.0837168 -0.0316353 -0.0132654 0.00504731 0.00628654 -0.0117026 0.00157109 -0.0135972 
-0.0010013 0.0164851 -0.00505635 -0.0394398 -0.0054663 -0.014547 -0.0671771 -0.0125037 -0.0154967 
-0.306111 -0.0609262 -0.0155032 0.0081372 0.0348753 0.0233683 0.00969998 0.0313991 0.00348454 
0.0204013 0.046313 0.0120254 -0.312446 -0.0381357 0.000628839 0.0295398 0.0647032 0.0404501 
0.0311025 0.061227 0.0205663 0.0418038 0.076141 0.0291072 -0.318781 -0.0153451 0.0167609 
0.0786796 0.101569 0.0584816 0.0802423 0.0980924 0.0385978 0.0909436 0.113006 0.0471387 
0.0509423 0.0945312 0.0575319 0.0525051 0.091055 0.0376481 -0.325115 0.00744548 0.032893 
0.100082 0.131397 0.0755634 0.101645 0.12792 0.0556796 0.112346 0.142834 0.0642205 
-0.303713 0.0372734 0.0499747 -0.314414 0.0223595 0.0414339 0.121485 0.161225 0.0926452 
0.106011 0.165625 0.0803525 -0.294574 0.0556636 0.0783994 -0.28231 0.0671014 0.0670565 
-0.293011 0.0521874 0.0585156 0.0889755 0.173501 0.0879437 0.0874127 0.176978 0.107827 
0.0612383 0.166464 0.086994 0.0596755 0.16994 0.106878 0.033501 0.159427 0.0860443 
0.0319382 0.162903 0.105928 0.016465 0.167303 0.0936355 -0.300909 0.0784542 0.0945315 
-0.288645 0.089892 0.0831886 -0.000570932 0.17518 0.101227 -0.0283082 0.168142 0.100277 
-0.029871 0.171619 0.120161 -0.0453442 0.176019 0.107868 -0.279506 0.108282 0.111613 
-0.267242 0.11972 0.10027 -0.277943 0.104806 0.0917295 -0.0623801 0.183896 0.115459 
-0.0639429 0.187372 0.135343 -0.0794161 0.191772 0.12305 -0.258104 0.13811 0.128695 
-0.24584 0.149548 0.117352 -0.256541 0.134634 0.108811 -0.0964521 0.199649 0.130642 
-0.0980149 0.203125 0.150525 -0.124189 0.192611 0.129692 -0.125752 0.196088 0.149576 
-0.151927 0.185574 0.128742 -0.153489 0.18905 0.148626 -0.179664 0.178537 0.127792 
-0.181227 0.182013 0.147676 -0.207401 0.171499 0.126843 -0.208964 0.174975 0.146727 
-0.235138 0.164462 0.125893 -0.236701 0.167938 0.145777 -0.170229 -0.06692 -0.0553114 
-0.168666 -0.0703963 -0.0751952 -0.157965 -0.0554823 -0.0666543 -0.197966 -0.0739574 -0.0562611 
-0.196403 -0.0774336 -0.0761449 -0.225703 -0.0809948 -0.0572108 -0.22414 -0.084471 -0.0770946 
-0.241176 -0.0765944 -0.0695034 -0.0656143 -0.0159799 -0.0353804 -0.0640515 -0.0194561 -0.0552642 
-0.0533502 -0.00454213 -0.0467233 -0.0917888 -0.0264935 -0.056214 -0.119526 -0.0335309 -0.0571637 
-0.147263 -0.0405683 -0.0581134 -0.258212 -0.0687179 -0.0619122 -0.28595 -0.0757552 -0.062862 
-0.302986 -0.0678787 -0.0552708 0.0112628 0.0279228 -0.0163992 0.0128256 0.0244466 -0.036283 
0.0235268 0.0393606 -0.0277421 -0.0149117 0.0174092 -0.0372327 -0.0426489 0.0103719 -0.0381825 
-0.30932 -0.0450881 -0.0391387 0.0326653 0.0577508 0.000682539 0.0342281 0.0542746 -0.0192012 
0.0449294 0.0691886 -0.0106603 -0.315655 -0.0222975 -0.0230067 0.0540679 0.0875788 0.0177643 
0.0556307 0.0841026 -0.00211946 0.066332 0.0990165 0.00642143 -0.32199 0.00049306 -0.00687459 
0.103208 0.124444 0.0357958 0.10477 0.120968 0.015912 0.115472 0.135882 0.0244529 
0.0770332 0.113931 0.0149623 -0.312851 0.0188833 0.0215501 -0.300587 0.030321 0.0102072 
-0.311288 0.015407 0.0016663 0.12461 0.154272 0.0528776 0.126173 0.150796 0.0329938 
0.136874 0.16571 0.0415347 -0.291449 0.0487112 0.0386319 -0.279184 0.060149 0.027289 
-0.289886 0.045235 0.0187481 0.119838 0.173586 0.0491259 0.0921011 0.166549 0.0481762 
0.0905383 0.170025 0.0680599 0.0750651 0.174426 0.0557673 -0.285519 0.0829396 0.043421 
0.0580291 0.182302 0.0633585 0.0302919 0.175265 0.0624088 0.00255464 0.168227 0.0614591 
0.000991849 0.171704 0.0813429 -0.0251826 0.16119 0.0605094 -0.0267454 0.164666 0.0803932 
-0.0422186 0.169067 0.0681005 -0.276381 0.10133 0.0718457 -0.264117 0.112768 0.0605028 
-0.274818 0.0978535 0.0519619 -0.0592546 0.176943 0.0756917 -0.0608173 0.180419 0.0955755 
-0.0762905 0.18482 0.0832829 -0.254978 0.131158 0.0889275 -0.242714 0.142595 0.0775846 
-0.253415 0.127681 0.0690437 -0.0933265 0.192696 0.0908741 -0.0948893 0.196173 0.110758 
-0.121064 0.185659 0.0899244 -0.122627 0.189135 0.109808 -0.148801 0.178622 0.0889746 
-0.150364 0.182098 0.108858 -0.165837 0.186498 0.0965658 -0.205838 0.168023 0.106959 
-0.193574 0.179461 0.0956161 -0.204276 0.164547 0.0870752 -0.232013 0.157509 0.0861255 
-0.233576 0.160986 0.106009 -0.182873 0.194375 0.104157 -0.090226 -0.0299697 -0.0760977 
-0.0886632 -0.0334459 -0.0959815 -0.0779619 -0.0185319 -0.0874406 -0.117963 -0.0370071 -0.0770474 
-0.1164 -0.0404833 -0.0969312 -0.1457 -0.0440445 -0.0779972 -0.144138 -0.0475207 -0.0978809 
-0.171875 -0.0545581 -0.0988306 -0.199612 -0.0615955 -0.0997804 -0.227349 -0.0686329 -0.10073 
-0.256649 -0.0721941 -0.081796 -0.255087 -0.0756703 -0.10168 -0.284387 -0.0792315 -0.0827457 
-0.282824 -0.0827077 -0.10263 -0.29986 -0.0748311 -0.0950383 0.0143883 0.0209704 -0.0561668 
0.0159511 0.0174942 -0.0760506 0.0266524 0.0324082 -0.0675097 -0.0133489 0.013933 -0.0571165 
-0.0117861 0.0104568 -0.0770003 -0.0410862 0.00689564 -0.0580662 -0.0395234 0.00341943 -0.07795 
-0.0672606 -0.00361796 -0.0788997 -0.306195 -0.0520405 -0.0789063 0.0357909 0.0507984 -0.039085 
0.0373537 0.0473222 -0.0589688 0.048055 0.0622362 -0.0504279 -0.312529 -0.0292499 -0.0627742 
0.0571935 0.0806263 -0.0220032 0.0587562 0.0771501 -0.041887 0.0694575 0.0920641 -0.0333461 
-0.318864 -0.00645936 -0.0466421 0.106333 0.117492 -0.00397174 0.107896 0.114015 -0.0238555 
0.118597 0.128929 -0.0153146 0.078596 0.110454 -0.00492146 0.0801588 0.106978 -0.0248052 
-0.325199 0.0163312 -0.0305101 0.127736 0.14732 0.01311 0.129299 0.143843 -0.00677374 
0.14 0.158757 0.00176715 -0.303796 0.0461592 -0.0134283 -0.314497 0.0312452 -0.0219692 
0.121401 0.17011 0.0292421 0.122964 0.166634 0.00935832 0.0936639 0.163073 0.0282924 
0.0952267 0.159597 0.00840861 0.0781907 0.167473 0.0159998 -0.282394 0.0759871 0.00365348 
-0.293095 0.0610732 -0.00488741 0.0611547 0.17535 0.023591 0.0595919 0.178826 0.0434747 
0.0334175 0.168312 0.0226412 0.0318547 0.171789 0.042525 0.00568021 0.161275 0.0216915 
0.00411742 0.164751 0.0415753 -0.022057 0.154238 0.0207418 -0.0236198 0.157714 0.0406256 
-0.039093 0.162114 0.028333 -0.273255 0.0943773 0.0320781 -0.260991 0.105815 0.0207353 
-0.271692 0.0909011 0.0121944 -0.056129 0.169991 0.0359242 -0.0576918 0.173467 0.0558079 
-0.073165 0.177867 0.0435153 -0.267326 0.128606 0.0368673 -0.0902009 0.185744 0.0511065 
-0.0917637 0.18922 0.0709903 -0.117938 0.178707 0.0501568 -0.119501 0.182183 0.0700406 
-0.145675 0.171669 0.0492071 -0.147238 0.175145 0.0690909 -0.162711 0.179546 0.0567983 
-0.23045 0.154033 0.0662417 -0.218186 0.165471 0.0548988 -0.228887 0.150557 0.0463579 
-0.256624 0.14352 0.0454082 -0.179747 0.187422 0.0643894 -0.18131 0.190899 0.0842732 
-0.207485 0.180385 0.0634397 -0.225787 -0.0721091 -0.120614 -0.224224 -0.0755853 -0.140498 
-0.213523 -0.0606713 -0.131957 -0.24126 -0.0677087 -0.132906 -0.0656978 -0.00709417 -0.0987835 
-0.0641351 -0.0105704 -0.118667 -0.0534338 0.0043436 -0.110126 -0.0918723 -0.0176078 -0.119617 
-0.11961 -0.0246452 -0.120567 -0.147347 -0.0316826 -0.121516 -0.175084 -0.0387199 -0.122466 
-0.202821 -0.0457573 -0.123416 -0.258296 -0.0598321 -0.125315 -0.286033 -0.0668695 -0.126265 
-0.303069 -0.0589929 -0.118674 0.012742 0.0333324 -0.0996861 0.0234433 0.0482463 -0.0911452 
-0.0149952 0.026295 -0.100636 -0.0427325 0.0192576 -0.101585 -0.309404 -0.0362024 -0.102542 
0.060319 0.0736739 -0.0617708 0.0618818 0.0701977 -0.0816546 0.0725831 0.0851117 -0.0731137 
0.0341446 0.0631603 -0.0826043 -0.315738 -0.0134118 -0.0864097 0.109459 0.110539 -0.0437393 
0.111022 0.107063 -0.0636231 0.121723 0.121977 -0.0550822 0.0817216 0.103502 -0.044689 
0.0832844 0.100026 -0.0645728 -0.3066 0.00497841 -0.057985 -0.294336 0.0164162 -0.0693279 
-0.305037 0.0015022 -0.0778688 0.130861 0.140367 -0.0266575 0.132424 0.136891 -0.0465413 
0.143125 0.151805 -0.0380004 -0.312935 0.027769 -0.041853 -0.300671 0.0392068 -0.0531958 
0.124527 0.163158 -0.0105255 0.126089 0.159682 -0.0304092 0.109054 0.167558 -0.0228181 
-0.291532 0.0575969 -0.0247712 -0.279268 0.0690347 -0.0361141 -0.289969 0.0541207 -0.044655 
0.0920175 0.175435 -0.0152269 0.0642803 0.168397 -0.0161766 0.0627175 0.171874 0.00370718 
0.036543 0.16136 -0.0171263 0.0349802 0.164836 0.00275746 0.00880578 0.154323 -0.018076 
0.007243 0.157799 0.00180775 -0.0189315 0.147285 -0.0190257 -0.0204943 0.150761 0.000858029 
-0.0359674 0.155162 -0.0114346 -0.27013 0.0874249 -0.00768941 -0.257865 0.0988627 -0.0190323 
-0.268567 0.0839487 -0.0275732 -0.0530034 0.163038 -0.0038434 -0.0545662 0.166515 0.0160404 
-0.0700394 0.170915 0.00374778 -0.2642 0.121653 -0.00290023 -0.0870754 0.178792 0.011339 
-0.0886382 0.182268 0.0312227 -0.114813 0.171754 0.0103892 -0.116375 0.17523 0.030273 
-0.131849 0.179631 0.0179804 -0.227324 0.147081 0.0264742 -0.21506 0.158519 0.0151313 
-0.225762 0.143605 0.00659037 -0.253499 0.136567 0.00564066 -0.255062 0.140043 0.0255244 
-0.148885 0.187507 0.0255716 -0.176622 0.18047 0.0246219 -0.178185 0.183946 0.0445057 
-0.204359 0.173433 0.0236722 -0.205922 0.176909 0.0435559 -0.173521 -0.0421962 -0.14235 
-0.171958 -0.0456724 -0.162234 -0.161257 -0.0307584 -0.153693 -0.201259 -0.0492335 -0.1433 
-0.199696 -0.0527098 -0.163183 -0.227433 -0.0597471 -0.164133 -0.256733 -0.0633083 -0.145199 
-0.25517 -0.0667845 -0.165083 -0.28447 -0.0703457 -0.146149 -0.282907 -0.0738219 -0.166033 
-0.299944 -0.0659453 -0.158441 0.0143048 0.0298562 -0.11957 0.0158676 0.0263799 -0.139454 
0.0265689 0.0412939 -0.130913 -0.0134325 0.0228188 -0.12052 -0.0118697 0.0193426 -0.140403 
-0.0411697 0.0157814 -0.121469 -0.0396069 0.0123052 -0.141353 -0.0673442 0.00526777 -0.142303 
-0.0950814 -0.00176963 -0.143253 -0.122819 -0.00880701 -0.144202 -0.150556 -0.0158444 -0.145152 
-0.306278 -0.0431548 -0.142309 0.0634446 0.0667215 -0.101538 0.0650074 0.0632453 -0.121422 
0.0757087 0.0781593 -0.112881 0.0357073 0.0596841 -0.102488 0.0372701 0.0562079 -0.122372 
-0.312613 -0.0203642 -0.126177 0.112584 0.103587 -0.0835069 0.114147 0.100111 -0.103391 
0.124848 0.115025 -0.0948497 0.0848472 0.0965495 -0.0844566 0.0864099 0.0930733 -0.10434 
-0.318948 0.00242637 -0.110045 0.133987 0.133415 -0.0664251 0.13555 0.129939 -0.0863089 
0.146251 0.144853 -0.077768 -0.297545 0.0322543 -0.0929634 -0.308246 0.0173403 -0.101504 
0.127652 0.156205 -0.050293 0.129215 0.152729 -0.0701768 0.112179 0.160606 -0.0625856 
-0.288407 0.0506445 -0.0645387 -0.276142 0.0620823 -0.0758816 -0.286844 0.0471683 -0.0844225 
0.0951431 0.168482 -0.0549944 0.0935803 0.171959 -0.0351107 0.0674058 0.161445 -0.0559442 
0.0658431 0.164921 -0.0360604 0.0396686 0.154408 -0.0568939 0.0381058 0.157884 -0.0370101 
0.0119314 0.14737 -0.0578436 0.0103686 0.150846 -0.0379598 -0.00510462 0.155247 -0.0502524 
-0.282477 0.0848729 -0.0597496 -0.0221406 0.163123 -0.0426612 -0.0498779 0.156086 -0.043611 
-0.0514406 0.159562 -0.0237272 -0.0669138 0.163963 -0.0360198 -0.261075 0.114701 -0.0426678 
-0.271776 0.0997868 -0.0512087 -0.0839498 0.171839 -0.0284286 -0.0855126 0.175315 -0.00854483 
-0.100986 0.179716 -0.0208374 -0.251936 0.133091 -0.0142431 -0.239672 0.144529 -0.025586 
-0.250373 0.129615 -0.0341269 -0.118022 0.187592 -0.0132463 -0.145759 0.180555 -0.014196 
-0.147322 0.184031 0.0056878 -0.173496 0.173518 -0.0151457 -0.175059 0.176994 0.00473809 
-0.201234 0.16648 -0.0160954 -0.202796 0.169956 0.00378837 -0.228971 0.159443 -0.0170451 
-0.170396 -0.0491486 -0.182117 -0.168833 -0.0526248 -0.202001 -0.158132 -0.0377108 -0.19346 
-0.198133 -0.056186 -0.183067 -0.19657 -0.0596622 -0.202951 -0.22587 -0.0632233 -0.184017 
-0.224307 -0.0666996 -0.203901 -0.253607 -0.0702607 -0.184967 -0.252045 -0.073737 -0.20485 
-0.269081 -0.0658604 -0.197259 0.0174304 0.0229037 -0.159337 0.0189931 0.0194275 -0.179221 
0.0296944 0.0343415 -0.17068 0.00195717 0.0273041 -0.17163 -0.0657814 0.00179156 -0.162187 
-0.0642186 -0.00168465 -0.18207 -0.0535173 0.0132293 -0.173529 -0.0935187 -0.00524583 -0.163136 
-0.0919559 -0.00872204 -0.18302 -0.121256 -0.0122832 -0.164086 -0.119693 -0.0157594 -0.18397 
-0.148993 -0.0193206 -0.165036 -0.14743 -0.0227968 -0.184919 -0.286117 -0.0579838 -0.189668 
-0.303153 -0.0501072 -0.182077 0.0665702 0.0597691 -0.141306 0.068133 0.0562929 -0.16119 
0.0788342 0.0712069 -0.152649 0.0388329 0.0527317 -0.142256 0.0403957 0.0492555 -0.162139 
-0.0150788 0.0351807 -0.164039 -0.0428161 0.0281433 -0.164989 -0.309487 -0.0273166 -0.165945 
0.11571 0.0966344 -0.123274 0.117273 0.0931582 -0.143158 0.127974 0.108072 -0.134617 
0.0879727 0.089597 -0.124224 0.0895355 0.0861208 -0.144108 -0.315822 -0.00452605 -0.149813 
0.137113 0.126462 -0.106193 0.138675 0.122986 -0.126076 0.149377 0.1379 -0.117536 
-0.306684 0.0138641 -0.121388 -0.294419 0.0253019 -0.132731 -0.305121 0.0103879 -0.141272 
0.143042 0.160691 -0.101403 -0.300754 0.0480925 -0.116599 0.126006 0.168567 -0.0938123 
0.0982687 0.16153 -0.094762 0.0967059 0.165006 -0.0748782 0.0705314 0.154493 -0.0957117 
0.0689686 0.157969 -0.0758279 0.0427942 0.147455 -0.0966614 0.0412314 0.150931 -0.0767777 
0.0257582 0.155332 -0.0890703 -0.279352 0.0779205 -0.0995171 -0.290053 0.0630065 -0.108058 
0.00872223 0.163208 -0.0814791 -0.019015 0.156171 -0.0824288 -0.0205778 0.159647 -0.062545 
-0.036051 0.164048 -0.0748376 -0.270213 0.0963106 -0.0710925 -0.257949 0.107748 -0.0824353 
-0.26865 0.0928344 -0.0909762 -0.053087 0.171924 -0.0672465 -0.0808242 0.164887 -0.0681962 
-0.082387 0.168363 -0.0483124 -0.0978602 0.172763 -0.060605 -0.248811 0.126139 -0.0540107 
-0.236546 0.137576 -0.0653536 -0.247248 0.122662 -0.0738945 -0.114896 0.18064 -0.0530138 
-0.116459 0.184116 -0.03313 -0.142633 0.173603 -0.0539635 -0.144196 0.177079 -0.0340798 
-0.170371 0.166565 -0.0549132 -0.171933 0.170041 -0.0350295 -0.198108 0.159528 -0.055863 
-0.199671 0.163004 -0.0359792 -0.225845 0.15249 -0.0568127 -0.227408 0.155967 -0.0369289 
0.0760304 0.0300261 -0.197206 0.0775932 0.0265499 -0.217089 0.0882945 0.0414639 -0.208548 
0.0482932 0.0229887 -0.198155 0.049856 0.0195125 -0.218039 0.03282 0.0273891 -0.210448 
-0.0626558 -0.00516086 -0.201954 -0.061093 -0.00863708 -0.221838 -0.0503918 0.00627691 -0.213297 
-0.0903931 -0.0121982 -0.202904 -0.0888303 -0.0156745 -0.222788 -0.11813 -0.0192356 -0.203854 
-0.116568 -0.0227119 -0.223737 -0.145868 -0.026273 -0.204803 -0.144305 -0.0297493 -0.224687 
-0.172042 -0.0367866 -0.225637 -0.199779 -0.043824 -0.226586 -0.227517 -0.0508614 -0.227536 
-0.255254 -0.0578988 -0.228486 -0.27229 -0.0500222 -0.220895 0.097433 0.0598541 -0.180124 
0.0989958 0.0563778 -0.200008 0.109697 0.0712918 -0.191467 0.0696957 0.0528167 -0.181073 
0.0419585 0.0457793 -0.182023 0.015784 0.0352657 -0.202857 -0.013516 0.0317045 -0.183923 
-0.0119532 0.0282283 -0.203806 -0.0412533 0.0246671 -0.184872 -0.0396905 0.0211909 -0.204756 
-0.289326 -0.0421456 -0.213304 -0.318626 -0.0457068 -0.194369 -0.317063 -0.049183 -0.214253 
-0.334099 -0.0413064 -0.206662 0.118836 0.089682 -0.163042 0.120398 0.0862058 -0.182926 
0.1311 0.10112 -0.174385 0.0910983 0.0826446 -0.163992 -0.312696 -0.0114785 -0.18958 
-0.323398 -0.0263924 -0.198121 0.140238 0.11951 -0.14596 0.141801 0.116034 -0.165844 
0.152502 0.130948 -0.157303 -0.319031 0.0113121 -0.173448 0.161641 0.149338 -0.128878 
0.163203 0.145862 -0.148762 0.173905 0.160776 -0.140221 -0.297628 0.0411401 -0.156366 
-0.30833 0.0262261 -0.164907 0.156869 0.168652 -0.13263 0.129132 0.161615 -0.13358 
0.127569 0.165091 -0.113696 0.101394 0.154578 -0.13453 0.0998315 0.158054 -0.114646 
0.073657 0.14754 -0.135479 0.0720942 0.151016 -0.115595 0.0459197 0.140503 -0.136429 
0.044357 0.143979 -0.116545 0.0288838 0.148379 -0.128838 -0.303963 0.0639306 -0.140234 
0.0118478 0.156256 -0.121247 0.010285 0.159732 -0.101363 -0.0158895 0.149219 -0.122196 
-0.0174522 0.152695 -0.102313 -0.0329254 0.157095 -0.114605 -0.282561 0.0937586 -0.123153 
-0.293262 0.0788446 -0.131694 -0.0499614 0.164972 -0.107014 -0.0515242 0.168448 -0.0871302 
-0.0669974 0.172848 -0.0994228 -0.261158 0.123587 -0.106071 -0.271859 0.108673 -0.114612 
-0.0840333 0.180725 -0.0918317 -0.111771 0.173687 -0.0927814 -0.113333 0.177164 -0.0728976 
-0.139508 0.16665 -0.0937311 -0.141071 0.170126 -0.0738473 -0.167245 0.159613 -0.0946808 
-0.168808 0.163089 -0.074797 -0.194982 0.152575 -0.0956305 -0.196545 0.156052 -0.0757467 
-0.22272 0.145538 -0.0965802 -0.224282 0.149014 -0.0766965 -0.250457 0.138501 -0.09753 
-0.0595302 -0.0121133 -0.241722 -0.0579675 -0.0155894 -0.261606 -0.0472662 -0.000675387 -0.253065 
-0.0750035 -0.00771278 -0.254014 -0.142742 -0.0332255 -0.244571 -0.141179 -0.0367015 -0.264455 
-0.130478 -0.0217876 -0.255914 -0.170479 -0.0402629 -0.245521 -0.168917 -0.0437389 -0.265404 
-0.198216 -0.0473002 -0.24647 -0.196654 -0.0507763 -0.266354 -0.225954 -0.0543376 -0.24742 
-0.224391 -0.0578137 -0.267304 -0.241427 -0.0499371 -0.259713 0.128296 0.059939 -0.218942 
0.129859 0.0564629 -0.238826 0.14056 0.0713769 -0.230285 0.100559 0.0529016 -0.219891 
0.102121 0.0494255 -0.239775 0.0743841 0.0423882 -0.240725 0.0466468 0.0353508 -0.241675 
0.0173468 0.0317895 -0.22274 0.0189096 0.0283134 -0.242624 -0.0103904 0.0247521 -0.22369 
-0.00882768 0.021276 -0.243574 -0.0381277 0.0177147 -0.22464 -0.0365649 0.0142386 -0.244524 
-0.0920394 0.000163811 -0.246423 -0.119777 -0.00687358 -0.247373 -0.258463 -0.0420605 -0.252122 
-0.275499 -0.0341839 -0.24453 0.149698 0.089767 -0.20186 0.151261 0.0862909 -0.221744 
0.161962 0.101205 -0.213203 0.121961 0.0827296 -0.20281 -0.292535 -0.0263073 -0.236939 
-0.321835 -0.0298687 -0.218005 -0.309571 -0.0184308 -0.229348 0.143364 0.112558 -0.185728 
0.155628 0.123995 -0.197071 -0.315906 0.00435981 -0.213216 0.149293 0.146786 -0.180939 
-0.32224 0.0271504 -0.197084 0.158432 0.165176 -0.152514 0.132257 0.154663 -0.173348 
0.130694 0.158139 -0.153464 0.10452 0.147625 -0.174297 0.102957 0.151101 -0.154413 
0.0767825 0.140588 -0.175247 0.0752198 0.144064 -0.155363 0.0597466 0.148464 -0.167656 
-0.300838 0.0569783 -0.180002 -0.311539 0.0420644 -0.188543 0.0427106 0.156341 -0.160065 
0.0149733 0.149304 -0.161014 0.0134106 0.15278 -0.14113 -0.00206263 0.15718 -0.153423 
-0.291699 0.0753684 -0.151577 -0.279435 0.0868063 -0.16292 -0.290136 0.0718923 -0.171461 
-0.0190986 0.165057 -0.145832 -0.0468359 0.158019 -0.146782 -0.0483986 0.161495 -0.126898 
-0.0638718 0.165896 -0.139191 -0.270297 0.105196 -0.134496 -0.258033 0.116634 -0.145839 
-0.268734 0.10172 -0.154379 -0.0809078 0.173773 -0.131599 -0.0824706 0.177249 -0.111715 
-0.0979438 0.181649 -0.124008 -0.248894 0.135024 -0.117414 -0.23663 0.146462 -0.128757 
-0.247331 0.131548 -0.137298 -0.11498 0.189526 -0.116417 -0.142717 0.182488 -0.117367 
-0.170454 0.175451 -0.118316 -0.198192 0.168414 -0.119266 -0.225929 0.161376 -0.120216 
-0.167354 -0.0472151 -0.285288 -0.165791 -0.0506914 -0.305172 -0.15509 -0.0357774 -0.296631 
-0.195091 -0.0542525 -0.286238 -0.193528 -0.0577287 -0.306122 -0.210564 -0.0498521 -0.298531 
0.186896 0.0670615 -0.25681 0.188459 0.0635853 -0.276694 0.19916 0.0784993 -0.268153 
0.159159 0.0600241 -0.25776 0.160721 0.0565479 -0.277643 0.131421 0.0529867 -0.258709 
0.132984 0.0495105 -0.278593 0.103684 0.0459493 -0.259659 0.105247 0.0424731 -0.279543 
0.0759469 0.0389119 -0.260609 0.0775096 0.0354357 -0.280493 0.0482096 0.0318746 -0.261558 
0.0497724 0.0283983 -0.281442 0.0204724 0.0248372 -0.262508 0.0220351 0.021361 -0.282392 
-0.00726489 0.0177998 -0.263458 -0.00570211 0.0143236 -0.283342 -0.0350021 0.0107624 -0.264408 
-0.0334394 0.00728617 -0.284291 -0.0611766 0.000248778 -0.285241 -0.0904767 -0.0033124 -0.266307 
-0.0889139 -0.00678861 -0.286191 -0.118214 -0.0103498 -0.267257 -0.116651 -0.013826 -0.287141 
-0.144388 -0.0208634 -0.28809 -0.2276 -0.0419756 -0.290939 -0.244636 -0.034099 -0.283348 
0.180561 0.0898521 -0.240678 0.192825 0.10129 -0.252021 0.152824 0.0828147 -0.241628 
-0.261672 -0.0262224 -0.275757 -0.278708 -0.0183458 -0.268166 0.174226 0.112643 -0.224546 
0.186491 0.12408 -0.235889 -0.297307 -0.00699299 -0.240691 -0.285043 0.00444479 -0.252034 
0.167892 0.135433 -0.208414 0.180156 0.146871 -0.219757 -0.302079 0.0123214 -0.244443 
-0.319115 0.020198 -0.236851 0.16312 0.154748 -0.212165 0.146084 0.162624 -0.204574 
-0.325449 0.0429885 -0.220719 0.129048 0.170501 -0.196983 0.101311 0.163463 -0.197933 
0.0735734 0.156426 -0.198883 0.0458362 0.149389 -0.199832 0.0442734 0.152865 -0.179948 
0.0180989 0.142351 -0.200782 0.0165361 0.145827 -0.180898 0.00106294 0.150228 -0.193191 
-0.304047 0.0728165 -0.203638 -0.314748 0.0579025 -0.212179 -0.015973 0.158104 -0.1856 
-0.0175358 0.161581 -0.165716 -0.033009 0.165981 -0.178008 -0.282644 0.102644 -0.186556 
-0.293346 0.0877305 -0.195097 -0.050045 0.173858 -0.170417 -0.0777822 0.16682 -0.171367 
-0.079345 0.170296 -0.151483 -0.0948182 0.174697 -0.163776 -0.261242 0.132472 -0.169474 
-0.271943 0.117558 -0.178015 -0.111854 0.182573 -0.156185 -0.113417 0.18605 -0.136301 
-0.139591 0.175536 -0.157134 -0.141154 0.179012 -0.137251 -0.167329 0.168499 -0.158084 
-0.168891 0.171975 -0.1382 -0.195066 0.161461 -0.159034 -0.196629 0.164937 -0.13915 
-0.222803 0.154424 -0.159983 -0.224366 0.1579 -0.1401 -0.25054 0.147386 -0.160933 
-0.164228 -0.0541676 -0.325056 -0.162665 -0.0576438 -0.34494 -0.151964 -0.0427298 -0.336399 
-0.179701 -0.0497672 -0.337348 0.217759 0.0671465 -0.295628 0.219321 0.0636703 -0.315512 
0.230023 0.0785842 -0.306971 0.190021 0.0601091 -0.296577 0.191584 0.0566329 -0.316461 
0.162284 0.0530717 -0.297527 0.163847 0.0495955 -0.317411 0.134547 0.0460343 -0.298477 
0.13611 0.0425581 -0.318361 0.10681 0.0389969 -0.299427 0.108372 0.0355207 -0.31931 
0.0790724 0.0319595 -0.300376 0.0806352 0.0284833 -0.32026 0.0513352 0.0249221 -0.301326 
0.052898 0.0214459 -0.32121 0.0235979 0.0178847 -0.302276 0.0251607 0.0144085 -0.32216 
-0.00413932 0.0108473 -0.303225 -0.00257654 0.00737114 -0.323109 -0.0318766 0.00380996 -0.304175 
-0.0303138 0.000333753 -0.324059 -0.0596138 -0.00322743 -0.305125 -0.058051 -0.00670364 -0.325009 
-0.0873511 -0.0102648 -0.306075 -0.0857883 -0.013741 -0.325958 -0.115088 -0.0173022 -0.307024 
-0.113526 -0.0207784 -0.326908 -0.142826 -0.0243396 -0.307974 -0.141263 -0.0278158 -0.327858 
-0.196737 -0.0418906 -0.329757 -0.213773 -0.034014 -0.322166 0.211424 0.089937 -0.279496 
0.223688 0.101375 -0.290839 -0.230809 -0.0261374 -0.314575 -0.247845 -0.0182608 -0.306984 
0.205089 0.112728 -0.263364 0.217353 0.124165 -0.274706 -0.266444 -0.00690802 -0.279509 
-0.25418 0.00452975 -0.290852 0.198755 0.135518 -0.247232 0.211019 0.146956 -0.258574 
-0.272779 0.0158825 -0.263377 -0.260515 0.0273203 -0.27472 0.193983 0.154833 -0.250983 
0.176947 0.162709 -0.243392 -0.277551 0.0351969 -0.267128 -0.306851 0.0316357 -0.248194 
-0.294587 0.0430735 -0.259537 0.159911 0.170586 -0.235801 0.132173 0.163548 -0.236751 
0.130611 0.167025 -0.216867 0.104436 0.156511 -0.2377 0.102873 0.159987 -0.217817 
0.076699 0.149474 -0.23865 0.0751362 0.15295 -0.218766 0.0489617 0.142436 -0.2396 
0.047399 0.145912 -0.219716 0.0212245 0.135399 -0.240549 0.0196617 0.138875 -0.220666 
0.00418852 0.143275 -0.232958 -0.313185 0.0544263 -0.232062 -0.300921 0.0658641 -0.243405 
-0.0128475 0.151152 -0.225367 -0.0144102 0.154628 -0.205483 -0.0298834 0.159029 -0.217776 
-0.291783 0.0842543 -0.214981 -0.279519 0.095692 -0.226323 -0.29022 0.080778 -0.234864 
-0.0469194 0.166905 -0.210185 -0.0484822 0.170381 -0.190301 -0.0746567 0.159868 -0.211135 
-0.0762194 0.163344 -0.191251 -0.0916926 0.167744 -0.203543 -0.27038 0.114082 -0.197899 
-0.258116 0.12552 -0.209242 -0.268817 0.110606 -0.217783 -0.108729 0.175621 -0.195952 
-0.110291 0.179097 -0.176068 -0.125765 0.183498 -0.188361 -0.22124 0.150948 -0.179867 
-0.208976 0.162385 -0.19121 -0.219678 0.147471 -0.199751 -0.247415 0.140434 -0.200701 
-0.248978 0.14391 -0.180817 -0.142801 0.191374 -0.18077 -0.170538 0.184337 -0.18172 
-0.198275 0.177299 -0.182669 -0.0501536 -0.0329704 -0.361025 -0.0485908 -0.0364466 -0.380908 
-0.0378895 -0.0215326 -0.372367 -0.0656267 -0.02857 -0.373317 -0.133365 -0.0540826 -0.363874 
-0.131803 -0.0575588 -0.383757 -0.121101 -0.0426448 -0.375217 -0.148839 -0.0496822 -0.376166 
0.248622 0.0672314 -0.334446 0.250184 0.0637553 -0.354329 0.260886 0.0786692 -0.345788 
0.220884 0.0601941 -0.335395 0.222447 0.0567179 -0.355279 0.193147 0.0531567 -0.336345 
0.19471 0.0496805 -0.356229 0.177674 0.0575571 -0.348638 0.109935 0.0320445 -0.339194 
0.111498 0.0285683 -0.359078 0.122199 0.0434823 -0.350537 0.082198 0.0250071 -0.340144 
0.0837608 0.0215309 -0.360028 0.0544608 0.0179697 -0.341094 0.0560235 0.0144935 -0.360977 
0.0267235 0.0109323 -0.342043 0.0282863 0.00745612 -0.361927 -0.00101375 0.00389493 -0.342993 
0.000549033 0.000418731 -0.362877 -0.028751 -0.00314246 -0.343943 -0.0271882 -0.00661866 -0.363827 
-0.0564882 -0.0101798 -0.344893 -0.0826627 -0.0206934 -0.365726 -0.0842255 -0.0172172 -0.345842 
-0.111963 -0.0242546 -0.346792 -0.1104 -0.0277308 -0.366676 -0.1397 -0.031292 -0.347742 
-0.165874 -0.0418056 -0.368575 -0.18291 -0.033929 -0.360984 0.242287 0.090022 -0.318314 
0.254551 0.10146 -0.329656 0.160638 0.0654336 -0.341046 0.132901 0.0583963 -0.341996 
-0.199946 -0.0260524 -0.353393 -0.229246 -0.0296136 -0.334459 -0.227684 -0.0330898 -0.354342 
-0.24472 -0.0252132 -0.346751 0.235952 0.112813 -0.302181 0.248216 0.12425 -0.313524 
-0.251054 -0.00242267 -0.330619 0.229617 0.135603 -0.286049 0.241881 0.147041 -0.297392 
-0.257389 0.0203679 -0.314487 0.224846 0.154918 -0.289801 0.197108 0.14788 -0.290751 
0.195545 0.151356 -0.270867 0.169371 0.140843 -0.291701 0.167808 0.144319 -0.271817 
0.141634 0.133805 -0.29265 0.140071 0.137282 -0.272766 0.113897 0.126768 -0.2936 
0.112334 0.130244 -0.273716 0.0861593 0.119731 -0.29455 0.0845965 0.123207 -0.274666 
0.0691233 0.127607 -0.286958 -0.263724 0.0431585 -0.298355 0.161474 0.16711 -0.255685 
0.133736 0.160072 -0.256634 0.105999 0.153035 -0.257584 0.0782618 0.145997 -0.258534 
0.0520873 0.135484 -0.279367 0.0505245 0.13896 -0.259484 0.0243501 0.128446 -0.280317 
0.0227873 0.131923 -0.260433 0.00731409 0.136323 -0.272726 -0.282322 0.0545113 -0.27088 
-0.270058 0.065949 -0.282223 -0.00972188 0.1442 -0.265135 -0.0112847 0.147676 -0.245251 
-0.0267579 0.152076 -0.257544 -0.287094 0.0738256 -0.274632 -0.30413 0.0817022 -0.267041 
-0.0437938 0.159953 -0.249952 -0.0453566 0.163429 -0.230069 -0.0608298 0.167829 -0.242361 
-0.282728 0.11153 -0.249959 -0.293429 0.0966162 -0.2585 -0.0778658 0.175706 -0.23477 
-0.105603 0.168669 -0.23572 -0.107166 0.172145 -0.215836 -0.122639 0.176545 -0.228129 
-0.245852 0.136958 -0.220585 -0.233588 0.148396 -0.231927 -0.244289 0.133482 -0.240468 
-0.272027 0.126444 -0.241418 -0.139675 0.184422 -0.220537 -0.141238 0.187898 -0.200654 
-0.167412 0.177384 -0.221487 -0.168975 0.180861 -0.201603 -0.195149 0.170347 -0.222437 
-0.196712 0.173823 -0.202553 -0.222887 0.16331 -0.223387 0.00844652 -0.025848 -0.398893 
0.0100093 -0.0293243 -0.418776 0.0207106 -0.0144103 -0.410236 -0.0192907 -0.0328854 -0.399842 
-0.0177279 -0.0363617 -0.419726 -0.047028 -0.0399228 -0.400792 -0.0454652 -0.0433991 -0.420676 
-0.0625012 -0.0355225 -0.413085 -0.13024 -0.061035 -0.403641 -0.128677 -0.0645112 -0.423525 
-0.117976 -0.0495972 -0.414984 -0.145713 -0.0566346 -0.415934 0.196273 0.0462043 -0.376113 
0.197835 0.042728 -0.395996 0.208537 0.057642 -0.387455 0.180799 0.0506046 -0.388405 
0.113061 0.0250921 -0.378962 0.114624 0.0216159 -0.398845 0.125325 0.0365299 -0.390305 
0.0853236 0.0180547 -0.379911 0.0868864 0.0145785 -0.399795 0.0575863 0.0110173 -0.380861 
0.0591491 0.00754108 -0.400745 0.0298491 0.0039799 -0.381811 0.0314119 0.000503691 -0.401695 
0.00211182 -0.00305749 -0.382761 -0.0256254 -0.0100949 -0.38371 -0.0810999 -0.0241696 -0.38561 
-0.0795372 -0.0276459 -0.405493 -0.108837 -0.0312071 -0.386559 -0.107274 -0.0346833 -0.406443 
-0.164312 -0.0452818 -0.388459 -0.162749 -0.0487581 -0.408343 -0.179785 -0.0408814 -0.400752 
0.246975 0.0795934 -0.377965 0.257676 0.0945074 -0.369424 0.219238 0.072556 -0.378915 
0.162201 0.0619574 -0.36093 0.163763 0.0584812 -0.380814 0.134463 0.05492 -0.36188 
0.136026 0.0514438 -0.381764 -0.198384 -0.0295287 -0.373277 -0.196821 -0.0330049 -0.39316 
-0.213857 -0.0251283 -0.385569 0.266815 0.112898 -0.340999 0.268378 0.109421 -0.360883 
0.279079 0.124335 -0.352342 -0.230893 -0.0172517 -0.377978 -0.247929 -0.00937509 -0.370387 
0.262043 0.132212 -0.344751 0.245007 0.140089 -0.33716 -0.254263 0.0134155 -0.354255 
0.227971 0.147965 -0.329569 0.226408 0.151441 -0.309685 0.200234 0.140928 -0.330518 
0.198671 0.144404 -0.310635 0.172497 0.13389 -0.331468 0.170934 0.137367 -0.311584 
0.144759 0.126853 -0.332418 0.143197 0.130329 -0.312534 0.117022 0.119816 -0.333368 
0.115459 0.123292 -0.313484 0.0892848 0.112778 -0.334317 0.087722 0.116254 -0.314433 
0.0722489 0.120655 -0.326726 -0.245125 0.0318057 -0.32583 -0.232861 0.0432434 -0.337173 
-0.243562 0.0283295 -0.345714 0.0552129 0.128531 -0.319135 0.0536501 0.132008 -0.299251 
0.0274756 0.121494 -0.320085 0.0259129 0.12497 -0.300201 0.0104397 0.129371 -0.312493 
-0.249897 0.05112 -0.329582 -0.266933 0.0589966 -0.321991 -0.00659631 0.137247 -0.304902 
-0.0081591 0.140723 -0.285018 -0.0236323 0.145124 -0.297311 -0.273268 0.0817872 -0.305859 
-0.0406683 0.153 -0.28972 -0.042231 0.156476 -0.269836 -0.0577042 0.160877 -0.282129 
-0.291866 0.09314 -0.278384 -0.279602 0.104578 -0.289726 -0.0747402 0.168753 -0.274538 
-0.076303 0.17223 -0.254654 -0.102477 0.161716 -0.275487 -0.10404 0.165192 -0.255604 
-0.119513 0.169593 -0.267896 -0.242727 0.130005 -0.260352 -0.230462 0.141443 -0.271695 
-0.241164 0.126529 -0.280236 -0.268901 0.119492 -0.281186 -0.270464 0.122968 -0.261302 
-0.136549 0.177469 -0.260305 -0.138112 0.180945 -0.240421 -0.164287 0.170432 -0.261255 
-0.165849 0.173908 -0.241371 -0.192024 0.163394 -0.262204 -0.193587 0.166871 -0.242321 
-0.219761 0.156357 -0.263154 -0.221324 0.159833 -0.24327 0.0393093 -0.0257631 -0.43771 
0.0408721 -0.0292393 -0.457594 0.0515734 -0.0143253 -0.449053 0.0115721 -0.0328005 -0.43866 
0.0131349 -0.0362767 -0.458544 -0.0161652 -0.0398379 -0.43961 -0.0146024 -0.0433141 -0.459494 
-0.0439024 -0.0468753 -0.44056 -0.0423396 -0.0503515 -0.460443 -0.0716397 -0.0539127 -0.441509 
-0.0700769 -0.0573889 -0.461393 -0.0993769 -0.0609501 -0.442459 -0.0978141 -0.0644263 -0.462343 
-0.11485 -0.0565497 -0.454752 0.199398 0.0392518 -0.41588 0.200961 0.0357756 -0.435764 
0.211662 0.0506896 -0.427223 0.171661 0.0322144 -0.41683 0.173224 0.0287382 -0.436714 
0.143924 0.025177 -0.41778 0.145486 0.0217008 -0.437663 0.116186 0.0181397 -0.418729 
0.117749 0.0146634 -0.438613 0.0884492 0.0111023 -0.419679 0.0900119 0.00762605 -0.439563 
0.0607119 0.00406487 -0.420629 0.0622747 0.000588658 -0.440512 0.0329746 -0.00297252 -0.421578 
-0.0779744 -0.0311221 -0.425377 -0.105712 -0.0381595 -0.426327 -0.131886 -0.0486731 -0.44716 
-0.148922 -0.0407965 -0.439569 0.276275 0.0831546 -0.396899 0.277838 0.0796784 -0.416783 
0.288539 0.0945923 -0.408242 0.248538 0.0761172 -0.397849 0.250101 0.072641 -0.417732 
0.220801 0.0690798 -0.398798 0.222364 0.0656036 -0.418682 0.165326 0.055005 -0.400698 
0.137589 0.0479676 -0.401647 -0.165958 -0.0329199 -0.431978 -0.182994 -0.0250433 -0.424387 
0.269941 0.105945 -0.380767 0.282205 0.117383 -0.39211 -0.20003 -0.0171667 -0.416796 
-0.217066 -0.00929012 -0.409205 0.27587 0.140173 -0.375978 -0.235665 0.00206267 -0.38173 
-0.223401 0.0135004 -0.393073 0.258834 0.14805 -0.368386 0.231097 0.141013 -0.369336 
0.229534 0.144489 -0.349452 0.203359 0.133975 -0.370286 0.201797 0.137451 -0.350402 
0.175622 0.126938 -0.371236 0.174059 0.130414 -0.351352 0.147885 0.119901 -0.372185 
0.146322 0.123377 -0.352302 0.120148 0.112863 -0.373135 0.118585 0.116339 -0.353251 
0.0924104 0.105826 -0.374085 0.0908476 0.109302 -0.354201 0.0753744 0.113702 -0.366494 
-0.241999 0.0248532 -0.365598 -0.229735 0.036291 -0.37694 0.0583385 0.121579 -0.358902 
0.0567757 0.125055 -0.339019 0.0306012 0.114542 -0.359852 0.0290384 0.118018 -0.339968 
0.0135652 0.122418 -0.352261 -0.23607 0.0590816 -0.360808 -0.00347074 0.130295 -0.34467 
-0.00503352 0.133771 -0.324786 -0.0205067 0.138171 -0.337079 -0.253106 0.0669582 -0.353217 
-0.270142 0.0748348 -0.345626 -0.0375427 0.146048 -0.329488 -0.0391055 0.149524 -0.309604 
-0.0545787 0.153924 -0.321896 -0.276477 0.0976253 -0.329494 -0.0716146 0.161801 -0.314305 
-0.0731774 0.165277 -0.294421 -0.0993519 0.154764 -0.315255 -0.100915 0.15824 -0.295371 
-0.116388 0.16264 -0.307664 -0.211864 0.13009 -0.29917 -0.1996 0.141528 -0.310513 
-0.210301 0.126614 -0.319054 -0.238038 0.119577 -0.320003 -0.239601 0.123053 -0.30012 
-0.265775 0.112539 -0.320953 -0.267338 0.116016 -0.301069 -0.133424 0.170517 -0.300072 
-0.134987 0.173993 -0.280189 -0.161161 0.163479 -0.301022 -0.162724 0.166956 -0.281138 
-0.188898 0.156442 -0.301972 -0.190461 0.159918 -0.282088 -0.218198 0.152881 -0.283038 
0.0828416 -0.0712593 -0.508792 0.0844044 -0.0747355 -0.528676 0.0951056 -0.0598215 -0.520135 
0.0551043 -0.0782967 -0.509742 0.0566671 -0.0817729 -0.529626 0.0396311 -0.0738963 -0.522035 
0.104244 -0.0414313 -0.491711 0.105807 -0.0449075 -0.511594 0.116508 -0.0299935 -0.503054 
0.0765069 -0.0484687 -0.49266 0.0487696 -0.0555061 -0.49361 0.0225951 -0.0660197 -0.514444 
0.0210324 -0.0625435 -0.49456 -0.0067049 -0.0695809 -0.49551 -0.00514211 -0.0730571 -0.515393 
-0.0344421 -0.0766183 -0.496459 -0.0328794 -0.0800945 -0.516343 -0.0499153 -0.0722179 -0.508752 
0.153384 -0.00456595 -0.473679 0.154947 -0.00804215 -0.493563 0.165648 0.00687181 -0.485022 
0.125647 -0.0116033 -0.474629 0.127209 -0.0150795 -0.494513 0.0979094 -0.0186407 -0.475579 
0.0701722 -0.0256781 -0.476528 0.0424349 -0.0327155 -0.477478 0.0146977 -0.0397529 -0.478428 
-0.0130396 -0.0467903 -0.479378 -0.0407768 -0.0538277 -0.480327 -0.0669513 -0.0643413 -0.501161 
-0.0685141 -0.0608651 -0.481277 -0.0962513 -0.0679025 -0.482227 -0.0946886 -0.0713787 -0.50211 
-0.111725 -0.0635021 -0.494519 0.285735 0.0534116 -0.452799 0.287298 0.0499354 -0.472682 
0.298 0.0648493 -0.464141 0.257998 0.0463742 -0.453748 0.259561 0.042898 -0.473632 
0.230261 0.0393368 -0.454698 0.231824 0.0358606 -0.474582 0.202524 0.0322994 -0.455648 
0.204087 0.0288232 -0.475531 0.174787 0.025262 -0.456597 0.176349 0.0217858 -0.476481 
0.147049 0.0182246 -0.457547 0.119312 0.0111872 -0.458497 0.0915747 0.00414984 -0.459447 
0.0638375 -0.00288755 -0.460396 -0.118059 -0.0407115 -0.478387 0.279401 0.0762022 -0.436666 
0.291665 0.0876399 -0.448009 0.251664 0.0691648 -0.437616 0.223926 0.0621274 -0.438566 
-0.135095 -0.0328349 -0.470796 -0.152131 -0.0249583 -0.463205 0.28533 0.11043 -0.431877 
-0.169167 -0.0170818 -0.455614 -0.186203 -0.00920515 -0.448022 0.278995 0.133221 -0.415745 
-0.203239 -0.00132856 -0.440431 -0.220275 0.00654803 -0.43284 0.261959 0.141098 -0.408154 
0.260397 0.144574 -0.38827 0.234222 0.13406 -0.409104 0.232659 0.137536 -0.38922 
0.206485 0.127023 -0.410053 0.204922 0.130499 -0.39017 0.178748 0.119985 -0.411003 
0.177185 0.123462 -0.391119 0.151011 0.112948 -0.411953 0.149448 0.116424 -0.392069 
0.123273 0.105911 -0.412903 0.12171 0.109387 -0.393019 0.095536 0.0988733 -0.413852 
0.0939732 0.10235 -0.393969 0.0785 0.10675 -0.406261 -0.22661 0.0293386 -0.416708 
0.061464 0.114626 -0.39867 0.0599012 0.118103 -0.378786 0.0337268 0.107589 -0.39962 
0.032164 0.111065 -0.379736 0.00598953 0.100552 -0.400569 0.00442674 0.104028 -0.380686 
-0.0110464 0.108428 -0.392978 -0.232944 0.0521292 -0.400576 -0.00190796 0.126818 -0.364554 
-0.0280824 0.116305 -0.385387 -0.0296452 0.119781 -0.365503 -0.0451184 0.124181 -0.377796 
-0.239279 0.0749197 -0.384444 -0.0359799 0.142572 -0.349371 -0.0621544 0.132058 -0.370205 
-0.0637172 0.135534 -0.350321 -0.0791903 0.139935 -0.362614 -0.257878 0.0862726 -0.356969 
-0.245614 0.0977103 -0.368312 -0.0700518 0.158325 -0.334189 -0.0962263 0.147811 -0.355022 
-0.0977891 0.151287 -0.335139 -0.123964 0.140774 -0.355972 -0.125526 0.14425 -0.336088 
-0.151701 0.133736 -0.356922 -0.153264 0.137213 -0.337038 -0.179438 0.126699 -0.357872 
-0.181001 0.130175 -0.337988 -0.207175 0.119662 -0.358821 -0.208738 0.123138 -0.338937 
-0.234913 0.112624 -0.359771 -0.236475 0.1161 -0.339887 -0.264213 0.109063 -0.340837 
-0.131861 0.167041 -0.319956 -0.159598 0.160003 -0.320906 -0.187336 0.152966 -0.321856 
0.230988 -0.0658153 -0.559943 0.232551 -0.0692915 -0.579827 0.243252 -0.0543775 -0.571286 
0.203251 -0.0728527 -0.560893 0.204814 -0.0763289 -0.580777 0.175514 -0.0798901 -0.561843 
0.177076 -0.0833663 -0.581727 0.147776 -0.0869275 -0.562793 0.149339 -0.0904037 -0.582676 
0.120039 -0.0939649 -0.563742 0.121602 -0.0974411 -0.583626 0.0923018 -0.101002 -0.564692 
0.0938646 -0.104478 -0.584576 0.0645646 -0.10804 -0.565642 0.0661274 -0.111516 -0.585526 
0.0490914 -0.103639 -0.577934 0.00909006 -0.122114 -0.567541 0.0106529 -0.125591 -0.587425 
0.0213541 -0.110677 -0.578884 -0.00638312 -0.117714 -0.579834 0.335602 -0.0148752 -0.540013 
0.337165 -0.0183514 -0.559896 0.347867 -0.00343739 -0.551356 0.307865 -0.0219125 -0.540962 
0.309428 -0.0253888 -0.560846 0.280128 -0.0289499 -0.541912 0.281691 -0.0324262 -0.561796 
0.252391 -0.0359873 -0.542862 0.253953 -0.0394636 -0.562745 0.224653 -0.0430247 -0.543812 
0.196916 -0.0500621 -0.544761 0.169179 -0.0570995 -0.545711 0.141442 -0.0641369 -0.54666 
0.113704 -0.0711743 -0.54761 0.0859671 -0.0782117 -0.54856 0.0582299 -0.0852491 -0.54951 
0.0320554 -0.0957627 -0.570343 0.0304926 -0.0922865 -0.550459 0.00275537 -0.0993239 -0.551409 
-0.0234191 -0.109837 -0.572243 -0.0249819 -0.106361 -0.552359 -0.0404551 -0.101961 -0.564651 
0.329268 0.00791541 -0.52388 0.341532 0.0193532 -0.535223 0.30153 0.000878023 -0.52483 
0.273793 -0.00615938 -0.52578 0.246056 -0.0131968 -0.52673 0.218319 -0.0202341 -0.527679 
0.190581 -0.0272715 -0.528629 0.162844 -0.0343089 -0.529579 0.135107 -0.0413463 -0.530529 
0.10737 -0.0483837 -0.531478 0.0241579 -0.0694959 -0.534327 -0.00357932 -0.0765333 -0.535277 
-0.0313166 -0.0835707 -0.536227 -0.0467898 -0.0791703 -0.548519 0.322933 0.030706 -0.507748 
0.335197 0.0421437 -0.519091 0.295196 0.0236686 -0.508698 0.267458 0.0166312 -0.509648 
0.239721 0.0095938 -0.510598 0.211984 0.00255641 -0.511547 0.184247 -0.00448097 -0.512497 
0.15651 -0.0115184 -0.513447 0.128772 -0.0185558 -0.514396 -0.0653885 -0.0678175 -0.521044 
-0.0638257 -0.0712937 -0.540928 -0.0808617 -0.0634171 -0.533337 0.316598 0.0534965 -0.491616 
0.328862 0.0649343 -0.502959 0.288861 0.0464592 -0.492566 0.261124 0.0394218 -0.493516 
0.233387 0.0323844 -0.494466 0.205649 0.025347 -0.495415 0.177912 0.0183096 -0.496365 
-0.0978977 -0.0555405 -0.525746 -0.114934 -0.047664 -0.518155 0.310264 0.0762871 -0.475484 
0.322528 0.0877249 -0.486827 -0.121268 -0.0248734 -0.502023 0.305492 0.0956015 -0.479236 
0.288456 0.103478 -0.471645 -0.138304 -0.0169968 -0.494431 -0.15534 -0.00912019 -0.48684 
0.282121 0.126269 -0.455513 0.186645 0.0937187 -0.447019 0.198909 0.105156 -0.458362 
0.188208 0.0902425 -0.466903 0.171172 0.0981191 -0.459312 -0.172376 -0.00124361 -0.479249 
-0.189412 0.006633 -0.471658 0.265085 0.134145 -0.447922 0.263522 0.137621 -0.428038 
0.237348 0.127108 -0.448871 0.235785 0.130584 -0.428988 0.209611 0.12007 -0.449821 
0.208048 0.123547 -0.429937 0.180311 0.116509 -0.430887 0.154136 0.105996 -0.451721 
0.152573 0.109472 -0.431837 0.126399 0.0989583 -0.45267 0.124836 0.102434 -0.432786 
0.0986616 0.0919209 -0.45362 0.0970988 0.0953971 -0.433736 0.0709243 0.0848835 -0.45457 
0.0693615 0.0883597 -0.434686 0.0538883 0.0927601 -0.446978 -0.208011 0.0179858 -0.444183 
-0.195747 0.0294236 -0.455526 0.0630268 0.11115 -0.418554 0.0368524 0.100637 -0.439387 
0.0352896 0.104113 -0.419504 0.0091151 0.0935993 -0.440337 0.00755231 0.0970755 -0.420453 
-0.00792087 0.101476 -0.432746 -0.214346 0.0407764 -0.428051 -0.202082 0.0522141 -0.439394 
-0.0249568 0.109352 -0.425155 -0.0265196 0.112829 -0.405271 -0.0419928 0.117229 -0.417563 
-0.219118 0.0600907 -0.431803 -0.236154 0.0679673 -0.424211 -0.0590288 0.125106 -0.409972 
-0.0605916 0.128582 -0.390089 -0.086766 0.118068 -0.410922 -0.0883288 0.121544 -0.391038 
-0.114503 0.111031 -0.411872 -0.116066 0.114507 -0.391988 -0.131539 0.118907 -0.404281 
-0.171541 0.100432 -0.393887 -0.159277 0.11187 -0.40523 -0.169978 0.0969561 -0.413771 
-0.197715 0.0899187 -0.414721 -0.199278 0.0933949 -0.394837 -0.225452 0.0828813 -0.415671 
-0.227015 0.0863575 -0.395787 -0.0946635 0.144335 -0.374906 -0.122401 0.137298 -0.375856 
-0.148575 0.126784 -0.396689 -0.150138 0.13026 -0.376806 -0.177875 0.123223 -0.377755 
-0.205613 0.116185 -0.378705 -0.23335 0.109148 -0.379655 0.150902 -0.0938799 -0.60256 
0.152465 -0.0973561 -0.622444 0.163166 -0.0824421 -0.613903 0.123165 -0.100917 -0.60351 
0.124727 -0.104394 -0.623394 0.0954274 -0.107955 -0.60446 0.0969902 -0.111431 -0.624343 
0.0676901 -0.114992 -0.605409 0.0692529 -0.118468 -0.625293 0.0399529 -0.122029 -0.606359 
0.0415157 -0.125506 -0.626243 0.0244797 -0.117629 -0.618652 0.394202 -0.00775279 -0.577881 
0.395765 -0.011229 -0.597765 0.406467 0.00368496 -0.589224 0.366465 -0.0147902 -0.57883 
0.368028 -0.0182664 -0.598714 0.338728 -0.0218276 -0.57978 0.340291 -0.0253038 -0.599664 
0.310991 -0.028865 -0.58073 0.312554 -0.0323412 -0.600614 0.283253 -0.0359024 -0.58168 
0.284816 -0.0393786 -0.601563 0.255516 -0.0429397 -0.582629 0.257079 -0.046416 -0.602513 
0.229342 -0.0534534 -0.603463 0.201605 -0.0604908 -0.604412 0.173867 -0.0675282 -0.605362 
0.0336182 -0.0992389 -0.590227 0.00744373 -0.109752 -0.611061 -0.00959224 -0.101876 -0.603469 
0.387868 0.0150378 -0.561749 0.400132 0.0264755 -0.573092 0.360131 0.00800037 -0.562698 
-0.0266282 -0.0939993 -0.595878 -0.0436642 -0.0861227 -0.588287 0.381533 0.0378283 -0.545617 
0.393797 0.0492661 -0.556959 0.353796 0.0307909 -0.546566 -0.0499989 -0.0633322 -0.572155 
0.376761 0.0571427 -0.549368 0.359725 0.0650193 -0.541777 0.347461 0.0535815 -0.530434 
-0.0670349 -0.0554555 -0.564564 -0.0840708 -0.047579 -0.556973 0.341126 0.0763721 -0.514302 
0.35339 0.0878098 -0.525645 -0.101107 -0.0397024 -0.549381 -0.118143 -0.0318258 -0.54179 
0.336354 0.0956864 -0.518054 0.319319 0.103563 -0.510463 0.223843 0.0710131 -0.501969 
0.236107 0.0824508 -0.513312 0.225406 0.0675369 -0.521853 0.20837 0.0754135 -0.514262 
-0.124477 -0.00903523 -0.525658 0.302283 0.11144 -0.502872 0.285247 0.119316 -0.49528 
0.245245 0.100841 -0.484887 0.257509 0.112279 -0.49623 0.246808 0.0973648 -0.504771 
0.217508 0.0938037 -0.485837 0.191334 0.0832901 -0.50667 0.189771 0.0867663 -0.486787 
0.163596 0.0762527 -0.50762 0.162034 0.0797289 -0.487736 0.135859 0.0692153 -0.50857 
0.134296 0.0726915 -0.488686 0.118823 0.0770919 -0.500979 -0.141513 -0.00115864 -0.518067 
-0.158549 0.00671797 -0.510476 0.268211 0.127193 -0.487689 0.266648 0.130669 -0.467805 
0.238911 0.123632 -0.468755 0.211173 0.116594 -0.469705 0.155699 0.102519 -0.471604 
0.127962 0.0954821 -0.472554 0.101787 0.0849685 -0.493387 0.100224 0.0884447 -0.473504 
0.0740499 0.0779311 -0.494337 0.0724871 0.0814073 -0.474453 0.0570139 0.0858077 -0.486746 
-0.177148 0.0180708 -0.483001 -0.164884 0.0295085 -0.494344 0.0399779 0.0936842 -0.479155 
0.0384151 0.0971605 -0.459271 0.022942 0.101561 -0.471564 -0.18192 0.0373851 -0.486753 
-0.198956 0.0452617 -0.479161 0.00590598 0.109437 -0.463972 -0.0218313 0.1024 -0.464922 
-0.0233941 0.105876 -0.445038 -0.0495685 0.0953626 -0.465872 -0.0511313 0.0988389 -0.445988 
-0.0666045 0.103239 -0.458281 -0.205291 0.0680523 -0.463029 -0.057466 0.121629 -0.429856 
-0.0836405 0.111116 -0.45069 -0.0852033 0.114592 -0.430806 -0.111378 0.104078 -0.451639 
-0.112941 0.107555 -0.431756 -0.139115 0.097041 -0.452589 -0.140678 0.100517 -0.432705 
-0.166852 0.0900036 -0.453539 -0.168415 0.0934799 -0.433655 -0.194589 0.0829663 -0.454488 
-0.196152 0.0864425 -0.434605 -0.22389 0.0794051 -0.435554 -0.147012 0.123308 -0.416573 
0.147693 -0.0780417 -0.626196 0.119956 -0.0850791 -0.627145 0.104482 -0.0806787 -0.639438 
0.0937811 -0.0955927 -0.647979 0.0660438 -0.10263 -0.648929 0.0367438 -0.106191 -0.629995 
0.0490078 -0.0947535 -0.641338 0.390993 0.00808535 -0.601516 0.37552 0.0124857 -0.613809 
0.364819 -0.00242825 -0.62235 0.337082 -0.00946564 -0.623299 0.309344 -0.016503 -0.624249 
0.281607 -0.0235404 -0.625199 0.25387 -0.0305778 -0.626149 0.226133 -0.0376152 -0.627098 
0.198395 -0.0446526 -0.628048 0.170658 -0.05169 -0.628998 0.142921 -0.0587274 -0.629947 
0.115184 -0.0657648 -0.630897 0.0319719 -0.086877 -0.633746 0.0042346 -0.0939143 -0.634696 
-0.0128014 -0.0860377 -0.627105 0.384659 0.0308759 -0.585384 0.369185 0.0352763 -0.597677 
-0.0298373 -0.0781612 -0.619514 -0.0468733 -0.0702846 -0.611922 0.378324 0.0536665 -0.569252 
0.362851 0.0580669 -0.581545 -0.053208 -0.047494 -0.59579 0.356516 0.0808574 -0.565413 
-0.070244 -0.0396174 -0.588199 -0.08728 -0.0317408 -0.580608 0.350181 0.103648 -0.549281 
0.254706 0.0710981 -0.540787 0.26697 0.0825358 -0.55213 0.256268 0.0676219 -0.560671 
0.228531 0.0605845 -0.56162 0.226968 0.0640607 -0.541737 0.211495 0.0684611 -0.554029 
-0.104316 -0.0238642 -0.573017 -0.121352 -0.0159876 -0.565426 0.333145 0.111525 -0.541689 
0.316109 0.119401 -0.534098 0.276108 0.100926 -0.523705 0.288372 0.112364 -0.535048 
0.277671 0.0974498 -0.543589 0.248371 0.0938886 -0.524655 0.194459 0.0763377 -0.546438 
0.192896 0.0798138 -0.526554 0.166722 0.0693003 -0.547388 0.165159 0.0727765 -0.527504 
0.138985 0.0622629 -0.548337 0.137422 0.0657391 -0.528454 0.121949 0.0701394 -0.540746 
-0.127687 0.00680293 -0.549294 0.299073 0.127278 -0.526507 0.269773 0.123717 -0.507573 
0.104913 0.0780161 -0.533155 0.10335 0.0814923 -0.513271 0.0878767 0.0858926 -0.525564 
-0.146285 0.0181557 -0.521819 -0.134021 0.0295935 -0.533162 0.0708407 0.0937692 -0.517973 
0.0431035 0.0867318 -0.518922 0.0415407 0.090208 -0.499039 0.0260675 0.0946084 -0.511331 
-0.151057 0.0374701 -0.52557 -0.168093 0.0453467 -0.517979 0.00903155 0.102485 -0.50374 
0.00746876 0.105961 -0.483856 -0.0187057 0.0954476 -0.50469 -0.0202685 0.0989238 -0.484806 
-0.046443 0.0884102 -0.505639 -0.0480057 0.0918864 -0.485756 -0.0634789 0.0962868 -0.498048 
-0.186692 0.0566995 -0.490504 -0.174428 0.0681373 -0.501847 -0.0805149 0.104163 -0.490457 
-0.0820777 0.10764 -0.470573 -0.108252 0.097126 -0.491407 -0.109815 0.100602 -0.471523 
-0.135989 0.0900886 -0.492357 -0.137552 0.0935648 -0.472473 -0.163727 0.0830512 -0.493306 
-0.165289 0.0865274 -0.473423 -0.193027 0.0794901 -0.474372 0.28317 -0.0270166 -0.645083 
0.284733 -0.0304929 -0.664966 0.295434 -0.0155789 -0.656425 0.267697 -0.0226162 -0.657375 
0.0890092 -0.0762784 -0.651731 0.0612719 -0.0833158 -0.65268 0.360047 0.0168861 -0.626101 
0.344574 0.0212865 -0.638394 0.333873 0.00637251 -0.646935 0.306135 -0.000664888 -0.647885 
0.250661 -0.0147397 -0.649784 0.222924 -0.0217771 -0.650734 0.195186 -0.0288145 -0.651684 
0.167449 -0.0358518 -0.652633 0.139712 -0.0428892 -0.653583 0.111975 -0.0499266 -0.654533 
0.0842372 -0.056964 -0.655482 0.0565 -0.0640014 -0.656432 0.0271999 -0.0675626 -0.637498 
0.039464 -0.0561248 -0.648841 -0.000537305 -0.0746 -0.638448 0.353712 0.0396767 -0.609969 
0.327538 0.0291631 -0.630803 0.325975 0.0326393 -0.610919 0.310502 0.0370397 -0.623212 
0.022428 -0.0482482 -0.64125 -0.00530921 -0.0552856 -0.642199 -0.0346092 -0.0588468 -0.623265 
-0.0223452 -0.047409 -0.634608 0.347378 0.0624672 -0.593837 0.31964 0.0554299 -0.594787 
0.293466 0.0449162 -0.61562 0.291903 0.0483925 -0.595737 0.27643 0.0527928 -0.608029 
-0.0393812 -0.0395324 -0.627017 -0.0564171 -0.0316559 -0.619426 0.341043 0.0852578 -0.577705 
0.313306 0.0782204 -0.578655 0.285568 0.071183 -0.579605 0.259394 0.0606694 -0.600438 
0.257831 0.0641456 -0.580554 0.231657 0.0536321 -0.601388 0.230094 0.0571082 -0.581504 
0.214621 0.0615086 -0.593797 -0.0750159 -0.0203031 -0.591951 -0.0627518 -0.00886528 -0.603294 
0.334708 0.108048 -0.561573 0.306971 0.101011 -0.562523 0.279234 0.0939736 -0.563473 
0.197585 0.0693852 -0.586205 0.196022 0.0728614 -0.566322 0.169847 0.0623478 -0.587155 
0.168285 0.065824 -0.567271 0.14211 0.0553105 -0.588105 0.140547 0.0587866 -0.568221 
0.125074 0.063187 -0.580514 -0.0797878 -0.000988676 -0.595703 -0.109088 -0.00454988 -0.576769 
-0.0968238 0.0068879 -0.588112 0.300636 0.123802 -0.546391 0.108038 0.0710636 -0.572923 
0.106475 0.0745398 -0.553039 0.080301 0.0640262 -0.573872 0.0787382 0.0675024 -0.553989 
0.0632651 0.0719028 -0.566281 -0.115423 0.0182407 -0.560637 -0.103158 0.0296785 -0.571979 
0.0724035 0.090293 -0.537856 0.0462291 0.0797794 -0.55869 0.0446663 0.0832556 -0.538806 
0.0184918 0.072742 -0.55964 0.016929 0.0762182 -0.539756 0.00145584 0.0806186 -0.552049 
-0.121757 0.0410313 -0.544504 -0.109493 0.0524691 -0.555847 0.0105943 0.0990088 -0.523624 
-0.0155801 0.0884952 -0.544457 -0.0171429 0.0919714 -0.524574 -0.0433174 0.0814578 -0.545407 
-0.0448802 0.084934 -0.525523 -0.0710546 0.0744204 -0.546357 -0.0726174 0.0778966 -0.526473 
-0.0987919 0.067383 -0.547306 -0.100355 0.0708592 -0.527423 -0.115828 0.0752596 -0.539715 
-0.126529 0.0603456 -0.548256 -0.155829 0.0567845 -0.529322 -0.143565 0.0682222 -0.540665 
-0.0789521 0.100687 -0.510341 -0.106689 0.0936498 -0.511291 -0.132864 0.0831362 -0.532124 
-0.134427 0.0866124 -0.51224 -0.162164 0.079575 -0.51319 0.279961 -0.0111785 -0.668718 
0.329101 0.0256869 -0.650687 0.301363 0.0186495 -0.651636 0.28589 0.0230499 -0.663929 
0.275189 0.00813586 -0.67247 0.247452 0.00109848 -0.67342 0.219714 -0.00593891 -0.674369 
0.191977 -0.0129763 -0.675319 0.162677 -0.0165375 -0.656385 0.174941 -0.00509971 -0.667728 
0.13494 -0.0235749 -0.657335 0.107203 -0.0306123 -0.658284 0.0794653 -0.0376497 -0.659234 
0.0517281 -0.044687 -0.660184 0.295029 0.04144 -0.635504 0.279555 0.0458404 -0.647797 
0.157905 0.00277687 -0.660137 0.130168 -0.00426052 -0.661086 0.102431 -0.0112979 -0.662036 
0.0731306 -0.0148591 -0.643102 0.0853947 -0.00342131 -0.654445 0.0453934 -0.0218965 -0.644052 
0.0192189 -0.0324101 -0.664885 0.0299202 -0.0174961 -0.656344 -0.0100811 -0.0359713 -0.645951 
0.00218294 -0.0245335 -0.657294 0.262519 0.053717 -0.640206 0.260957 0.0571932 -0.620322 
0.234782 0.0466796 -0.641155 0.233219 0.0501558 -0.621272 0.217746 0.0545562 -0.633564 
0.0683587 0.00445527 -0.646854 0.0406215 -0.00258213 -0.647803 -0.0164158 -0.0131807 -0.629819 
-0.00415175 -0.00174292 -0.641162 -0.0441531 -0.0202181 -0.630769 0.20071 0.0624328 -0.625973 
0.199148 0.065909 -0.606089 0.172973 0.0553954 -0.626923 0.17141 0.0588716 -0.607039 
0.145236 0.048358 -0.627873 0.143673 0.0518342 -0.607989 0.1282 0.0562346 -0.620281 
-0.0211877 0.00613368 -0.633571 -0.0504878 0.00257248 -0.614637 -0.0382237 0.0140103 -0.62598 
0.111164 0.0641112 -0.61269 0.109601 0.0675874 -0.592806 0.0834266 0.0570738 -0.61364 
0.0818638 0.06055 -0.593756 0.0556893 0.0500364 -0.61459 0.0541266 0.0535126 -0.594706 
0.0386534 0.057913 -0.606998 -0.00134795 0.0394378 -0.596605 0.0109161 0.0508756 -0.607948 
0.00021483 0.0359616 -0.616489 -0.0168211 0.0438382 -0.608898 -0.0552597 0.0218869 -0.618388 
-0.0845597 0.0183257 -0.599454 -0.0722956 0.0297634 -0.610797 0.0477919 0.0763032 -0.578574 
0.0216174 0.0657896 -0.599407 0.0200546 0.0692658 -0.579524 -0.00768265 0.0622284 -0.580473 
-0.0338571 0.0517148 -0.601307 -0.0354199 0.055191 -0.581423 -0.0508931 0.0595914 -0.593715 
-0.0908944 0.0411162 -0.583322 -0.0786303 0.052554 -0.594665 -0.0140173 0.085019 -0.564341 
-0.0417546 0.0779816 -0.565291 -0.0679291 0.067468 -0.586124 -0.0694918 0.0709442 -0.566241 
-0.0972291 0.0639068 -0.56719 -0.131301 0.07966 -0.552008 0.270417 0.0274502 -0.676222 
0.24268 0.0204128 -0.677171 0.214942 0.0133754 -0.678121 0.187205 0.00633806 -0.679071 
0.264082 0.0502408 -0.660089 0.236345 0.0432034 -0.661039 0.208608 0.036166 -0.661989 
0.180871 0.0291286 -0.662939 0.153133 0.0220912 -0.663888 0.125396 0.0150538 -0.664838 
0.0976588 0.00801645 -0.665788 0.014447 -0.0130957 -0.668637 0.202273 0.0589566 -0.645857 
0.174536 0.0519192 -0.646807 0.146799 0.0448818 -0.647756 0.119061 0.0378444 -0.648706 
0.0913241 0.030807 -0.649656 0.0635868 0.0237696 -0.650605 0.0358496 0.0167322 -0.651555 
0.00811232 0.00969484 -0.652505 0.112727 0.060635 -0.632574 0.0849894 0.0535976 -0.633524 
0.0572521 0.0465602 -0.634473 0.0295149 0.0395228 -0.635423 0.00177762 0.0324854 -0.636373 
-0.0259596 0.025448 -0.637322 0.0231802 0.0623134 -0.619291 -0.0322943 0.0482386 -0.62119 
-0.0600316 0.0412012 -0.62214 -0.0663663 0.0639918 -0.606008 
POLYGONS 7065 21192
OFFSETS vtktypeint64
0 3 6 9 12 15 18 21 24 
27 30 33 36 39 42 45 48 51 
54 57 60 63 66 69 72 75 78 
81 84 87 90 93 96 99 102 105 
108 111 114 117 120 123 126 129 132 
135 138 141 144 147 150 153 156 159 
162 165 168 171 174 177 180 183 186 
189 192 195 198 201 204 207 210 213 
216 219 222 225 228 231 234 237 240 
243 246 249 252 255 258 261 264 267 
270 273 276 279 282 285 288 291 294 
297 300 303 306 309 312 315 318 321 
324 327 330 333 336 339 342 345 348 
351 354 357 360 363 366 369 372 375 
378 381 384 387 390 393 396 399 402 
405 408 411 414 417 420 423 426 429 
432 435 438 441 444 447 450 453 456 
459 462 465 468 471 474 477 480 483 
486 489 492 495 498 501 504 507 510 
513 516 519 522 525 528 531 534 537 
540 543 546 549 552 555 558 561 564 
567 570 573 576 579 582 585 588 591 
594 597 600 603 606 609 612 615 618 
621 624 627 630 633 636 639 642 645 
648 651 654 657 660 663 666 669 672 
675 678 681 684 687 690 693 696 699 
702 705 708 711 714 717 720 723 726 
729 732 735 738 741 744 747 750 753 
756 759 762 765 768 771 774 777 780 
783 786 789 792 795 798 801 804 807 
810 813 816 819 822 825 828 831 834 
837 840 843 846 849 852 855 858 861 
864 867 870 873 876 879 882 885 888 
891 894 897 900 903 906 909 912 915 
918 921 924 927 930 933 936 939 942 
945 948 951 954 957 960 963 966 969 
972 975 978 981 984 987 990 993 996 
999 1002 1005 1008 1011 1014 1017 1020 1023 
1026 1029 1032 1035 1038 1041 1044 1047 1050 
1053 1056 1059 1062 1065 1068 1071 1074 1077 
1080 1083 1086 1089 1092 1095 1098 1101 1104 
1107 1110 1113 1116 1119 1122 1125 1128 1131 
1134 1137 1140 1143 1146 1149 1152 1155 1158 
1161 1164 1167 1170 1173 1176 1179 1182 1185 
1188 1191 1194 1197 1200 1203 1206 1209 1212 
1215 1218 1221 1224 1227 1230 1233 1236 1239 
1242 1245 1248 1251 1254 1257 1260 1263 1266 
1269 1272 1275 1278 1281 1284 1287 1290 1293 
1296 1299 1302 1305 1308 1311 1314 1317 1320 
1323 1326 1329 1332 1335 1338 1341 1344 1347 
1350 1353 1356 1359 1362 1365 1368 1371 1374 
1377 1380 1383 1386 1389 1392 1395 1398 1401 
1404 1407 1410 1413 1416 1419 1422 1425 1428 
1431 1434 1437 1440 1443 1446 1449 1452 1455 
1458 1461 1464 1467 1470 1473 1476 1479 1482 
1485 1488 1491 1494 1497 1500 1503 1506 1509 
1512 1515 1518 1521 1524 1527 1530 1533 1536 
1539 1542 1545 1548 1551 1554 1557 1560 1563 
1566 1569 1572 1575 1578 1581 1584 1587 1590 
1593 1596 1599 1602 1605 1608 1611 1614 1617 
1620 1623 1626 1629 1632 1635 1638 1641 1644 
1647 1650 1653 1656 1659 1662 1665 1668 1671 
1674 1677 1680 1683 1686 1689 1692 1695 1698 
1701 1704 1707 1710 1713 1716 1719 1722 1725 
1728 1731 1734 1737 1740 1743 1746 1749 1752 
1755 1758 1761 1764 1767 1770 1773 1776 1779 
1782 1785 1788 1791 1794 1797 1800 1803 1806 
1809 1812 1815 1818 1821 1824 1827 1830 1833 
1836 1839 1842 1845 1848 1851 1854 1857 1860 
1863 1866 1869 1872 1875 1878 1881 1884 1887 
1890 1893 1896 1899 1902 1905 1908 1911 1914 
1917 1920 1923 1926 1929 1932 1935 1938 1941 
1944 1947 1950 1953 1956 1959 1962 1965 1968 
1971 1974 1977 1980 1983 1986 1989 1992 1995 
1998 2001 2004 2007 2010 2013 2016 2019 2022 
2025 2028 2031 2034 2037 2040 2043 2046 2049 
2052 2055 2058 2061 2064 2067 2070 2073 2076 
2079 2082 2085 2088 2091 2094 2097 2100 2103 
2106 2109 2112 2115 2118 2121 2124 2127 2130 
2133 2136 2139 2142 2145 2148 2151 2154 2157 
2160 2163 2166 2169 2172 2175 2178 2181 2184 
2187 2190 2193 2196 2199 2202 2205 2208 2211 
2214 2217 2220 2223 2226 2229 2232 2235 2238 
2241 2244 2247 2250 2253 2256 2259 2262 2265 
2268 2271 2274 2277 2280 2283 2286 2289 2292 
2295 2298 2301 2304 2307 2310 2313 2316 2319 
2322 2325 2328 2331 2334 2337 2340 2343 2346 
2349 2352 2355 2358 2361 2364 2367 2370 2373 
2376 2379 2382 2385 2388 2391 2394 2397 2400 
2403 2406 2409 2412 2415 2418 2421 2424 2427 
2430 2433 2436 2439 2442 2445 2448 2451 2454 
2457 2460 2463 2466 2469 2472 2475 2478 2481 
2484 2487 2490 2493 2496 2499 2502 2505 2508 
2511 2514 2517 2520 2523 2526 2529 2532 2535 
2538 2541 2544 2547 2550 2553 2556 2559 2562 
2565 2568 2571 2574 2577 2580 2583 2586 2589 
2592 2595 2598 2601 2604 2607 2610 2613 2616 
2619 2622 2625 2628 2631 2634 2637 2640 2643 
2646 2649 2652 2655 2658 2661 2664 2667 2670 
2673 2676 2679 2682 2685 2688 2691 2694 2697 
2700 2703 2706 2709 2712 2715 2718 2721 2724 
2727 2730 2733 2736 2739 2742 2745 2748 2751 
2754 2757 2760 2763 2766 2769 2772 2775 2778 
2781 2784 2787 2790 2793 2796 2799 2802 2805 
2808 2811 2814 2817 2820 2823 2826 2829 2832 
2835 2838 2841 2844 2847 2850 2853 2856 2859 
2862 2865 2868 2871 2874 2877 2880 2883 2886 
2889 2892 2895 2898 2901 2904 2907 2910 2913 
2916 2919 2922 2925 2928 2931 2934 2937 2940 
2943 2946 2949 2952 2955 2958 2961 2964 2967 
2970 2973 2976 2979 2982 2985 2988 2991 2994 
2997 3000 3003 3006 3009 3012 3015 3018 3021 
3024 3027 3030 3033 3036 3039 3042 3045 3048 
3051 3054 3057 3060 3063 3066 3069 3072 3075 
3078 3081 3084 3087 3090 3093 3096 3099 3102 
3105 3108 3111 3114 3117 3120 3123 3126 3129 
3132 3135 3138 3141 3144 3147 3150 3153 3156 
3159 3162 3165 3168 3171 3174 3177 3180 3183 
3186 3189 3192 3195 3198 3201 3204 3207 3210 
3213 3216 3219 3222 3225 3228 3231 3234 3237 
3240 3243 3246 3249 3252 3255 3258 3261 3264 
3267 3270 3273 3276 3279 3282 3285 3288 3291 
3294 3297 3300 3303 3306 3309 3312 3315 3318 
3321 3324 3327 3330 3333 3336 3339 3342 3345 
3348 3351 3354 3357 3360 3363 3366 3369 3372 
3375 3378 3381 3384 3387 3390 3393 3396 3399 
3402 3405 3408 3411 3414 3417 3420 3423 3426 
3429 3432 3435 3438 3441 3444 3447 3450 3453 
3456 3459 3462 3465 3468 3471 3474 3477 3480 
3483 3486 3489 3492 3495 3498 3501 3504 3507 
3510 3513 3516 3519 3522 3525 3528 3531 3534 
3537 3540 3543 3546 3549 3552 3555 3558 3561 
3564 3567 3570 3573 3576 3579 3582 3585 3588 
3591 3594 3597 3600 3603 3606 3609 3612 3615 
3618 3621 3624 3627 3630 3633 3636 3639 3642 
3645 3648 3651 3654 3657 3660 3663 3666 3669 
3672 3675 3678 3681 3684 3687 3690 3693 3696 
3699 3702 3705 3708 3711 3714 3717 3720 3723 
3726 3729 3732 3735 3738 3741 3744 3747 3750 
3753 3756 3759 3762 3765 3768 3771 3774 3777 
3780 3783 3786 3789 3792 3795 3798 3801 3804 
3807 3810 3813 3816 3819 3822 3825 3828 3831 
3834 3837 3840 3843 3846 3849 3852 3855 3858 
3861 3864 3867 3870 3873 3876 3879 3882 3885 
3888 3891 3894 3897 3900 3903 3906 3909 3912 
3915 3918 3921 3924 3927 3930 3933 3936 3939 
3942 3945 3948 3951 3954 3957 3960 3963 3966 
3969 3972 3975 3978 3981 3984 3987 3990 3993 
3996 3999 4002 4005 4008 4011 4014 4017 4020 
4023 4026 4029 4032 4035 4038 4041 4044 4047 
4050 4053 4056 4059 4062 4065 4068 4071 4074 
4077 4080 4083 4086 4089 4092 4095 4098 4101 
4104 4107 4110 4113 4116 4119 4122 4125 4128 
4131 4134 4137 4140 4143 4146 4149 4152 4155 
4158 4161 4164 4167 4170 4173 4176 4179 4182 
4185 4188 4191 4194 4197 4200 4203 4206 4209 
4212 4215 4218 4221 4224 4227 4230 4233 4236 
4239 4242 4245 4248 4251 4254 4257 4260 4263 
4266 4269 4272 4275 4278 4281 4284 4287 4290 
4293 4296 4299 4302 4305 4308 4311 4314 4317 
4320 4323 4326 4329 4332 4335 4338 4341 4344 
4347 4350 4353 4356 4359 4362 4365 4368 4371 
4374 4377 4380 4383 4386 4389 4392 4395 4398 
4401 4404 4407 4410 4413 4416 4419 4422 4425 
4428 4431 4434 4437 4440 4443 4446 4449 4452 
4455 4458 4461 4464 4467 4470 4473 4476 4479 
4482 4485 4488 4491 4494 4497 4500 4503 4506 
4509 4512 4515 4518 4521 4524 4527 4530 4533 
4536 4539 4542 4545 4548 4551 4554 4557 4560 
4563 4566 4569 4572 4575 4578 4581 4584 4587 
4590 4593 4596 4599 4602 4605 4608 4611 4614 
4617 4620 4623 4626 4629 4632 4635 4638 4641 
4644 4647 4650 4653 4656 4659 4662 4665 4668 
4671 4674 4677 4680 4683 4686 4689 4692 4695 
4698 4701 4704 4707 4710 4713 4716 4719 4722 
4725 4728 4731 4734 4737 4740 4743 4746 4749 
4752 4755 4758 4761 4764 4767 4770 4773 4776 
4779 4782 4785 4788 4791 4794 4797 4800 4803 
4806 4809 4812 4815 4818 4821 4824 4827 4830 
4833 4836 4839 4842 4845 4848 4851 4854 4857 
4860 4863 4866 4869 4872 4875 4878 4881 4884 
4887 4890 4893 4896 4899 4902 4905 4908 4911 
4914 4917 4920 4923 4926 4929 4932 4935 4938 
4941 4944 4947 4950 4953 4956 4959 4962 4965 
4968 4971 4974 4977 4980 4983 4986 4989 4992 
4995 4998 5001 5004 5007 5010 5013 5016 5019 
5022 5025 5028 5031 5034 5037 5040 5043 5046 
5049 5052 5055 5058 5061 5064 5067 5070 5073 
5076 5079 5082 5085 5088 5091 5094 5097 5100 
5103 5106 5109 5112 5115 5118 5121 5124 5127 
5130 5133 5136 5139 5142 5145 5148 5151 5154 
5157 5160 5163 5166 5169 5172 5175 5178 5181 
5184 5187 5190 5193 5196 5199 5202 5205 5208 
5211 5214 5217 5220 5223 5226 5229 5232 5235 
5238 5241 5244 5247 5250 5253 5256 5259 5262 
5265 5268 5271 5274 5277 5280 5283 5286 5289 
5292 5295 5298 5301 5304 5307 5310 5313 5316 
5319 5322 5325 5328 5331 5334 5337 5340 5343 
5346 5349 5352 5355 5358 5361 5364 5367 5370 
5373 5376 5379 5382 5385 5388 5391 5394 5397 
5400 5403 5406 5409 5412 5415 5418 5421 5424 
5427 5430 5433 5436 5439 5442 5445 5448 5451 
5454 5457 5460 5463 5466 5469 5472 5475 5478 
5481 5484 5487 5490 5493 5496 5499 5502 5505 
5508 5511 5514 5517 5520 5523 5526 5529 5532 
5535 5538 5541 5544 5547 5550 5553 5556 5559 
5562 5565 5568 5571 5574 5577 5580 5583 5586 
5589 5592 5595 5598 5601 5604 5607 5610 5613 
5616 5619 5622 5625 5628 5631 5634 5637 5640 
5643 5646 5649 5652 5655 5658 5661 5664 5667 
5670 5673 5676 5679 5682 5685 5688 5691 5694 
5697 5700 5703 5706 5709 5712 5715 5718 5721 
5724 5727 5730 5733 5736 5739 5742 5745 5748 
5751 5754 5757 5760 5763 5766 5769 5772 5775 
5778 5781 5784 5787 5790 5793 5796 5799 5802 
5805 5808 5811 5814 5817 5820 5823 5826 5829 
5832 5835 5838 5841 5844 5847 5850 5853 5856 
5859 5862 5865 5868 5871 5874 5877 5880 5883 
5886 5889 5892 5895 5898 5901 5904 5907 5910 
5913 5916 5919 5922 5925 5928 5931 5934 5937 
5940 5943 5946 5949 5952 5955 5958 5961 5964 
5967 5970 5973 5976 5979 5982 5985 5988 5991 
5994 5997 6000 6003 6006 6009 6012 6015 6018 
6021 6024 6027 6030 6033 6036 6039 6042 6045 
6048 6051 6054 6057 6060 6063 6066 6069 6072 
6075 6078 6081 6084 6087 6090 6093 6096 6099 
6102 6105 6108 6111 6114 6117 6120 6123 6126 
6129 6132 6135 6138 6141 6144 6147 6150 6153 
6156 6159 6162 6165 6168 6171 6174 6177 6180 
6183 6186 6189 6192 6195 6198 6201 6204 6207 
6210 6213 6216 6219 6222 6225 6228 6231 6234 
6237 6240 6243 6246 6249 6252 6255 6258 6261 
6264 6267 6270 6273 6276 6279 6282 6285 6288 
6291 6294 6297 6300 6303 6306 6309 6312 6315 
6318 6321 6324 6327 6330 6333 6336 6339 6342 
6345 6348 6351 6354 6357 6360 6363 6366 6369 
6372 6375 6378 6381 6384 6387 6390 6393 6396 
6399 6402 6405 6408 6411 6414 6417 6420 6423 
6426 6429 6432 6435 6438 6441 6444 6447 6450 
6453 6456 6459 6462 6465 6468 6471 6474 6477 
6480 6483 6486 6489 6492 6495 6498 6501 6504 
6507 6510 6513 6516 6519 6522 6525 6528 6531 
6534 6537 6540 6543 6546 6549 6552 6555 6558 
6561 6564 6567 6570 6573 6576 6579 6582 6585 
6588 6591 6594 6597 6600 6603 6606 6609 6612 
6615 6618 6621 6624 6627 6630 6633 6636 6639 
6642 6645 6648 6651 6654 6657 6660 6663 6666 
6669 6672 6675 6678 6681 6684 6687 6690 6693 
6696 6699 6702 6705 6708 6711 6714 6717 6720 
6723 6726 6729 6732 6735 6738 6741 6744 6747 
6750 6753 6756 6759 6762 6765 6768 6771 6774 
6777 6780 6783 6786 6789 6792 6795 6798 6801 
6804 6807 6810 6813 6816 6819 6822 6825 6828 
6831 6834 6837 6840 6843 6846 6849 6852 6855 
6858 6861 6864 6867 6870 6873 6876 6879 6882 
6885 6888 6891 6894 6897 6900 6903 6906 6909 
6912 6915 6918 6921 6924 6927 6930 6933 6936 
6939 6942 6945 6948 6951 6954 6957 6960 6963 
6966 6969 6972 6975 6978 6981 6984 6987 6990 
6993 6996 6999 7002 7005 7008 7011 7014 7017 
7020 7023 7026 7029 7032 7035 7038 7041 7044 
7047 7050 7053 7056 7059 7062 7065 7068 7071 
7074 7077 7080 7083 7086 7089 7092 7095 7098 
7101 7104 7107 7110 7113 7116 7119 7122 7125 
7128 7131 7134 7137 7140 7143 7146 7149 7152 
7155 7158 7161 7164 7167 7170 7173 7176 7179 
7182 7185 7188 7191 7194 7197 7200 7203 7206 
7209 7212 7215 7218 7221 7224 7227 7230 7233 
7236 7239 7242 7245 7248 7251 7254 7257 7260 
7263 7266 7269 7272 7275 7278 7281 7284 7287 
7290 7293 7296 7299 7302 7305 7308 7311 7314 
7317 7320 7323 7326 7329 7332 7335 7338 7341 
7344 7347 7350 7353 7356 7359 7362 7365 7368 
7371 7374 7377 7380 7383 7386 7389 7392 7395 
7398 7401 7404 7407 7410 7413 7416 7419 7422 
7425 7428 7431 7434 7437 7440 7443 7446 7449 
7452 7455 7458 7461 7464 7467 7470 7473 7476 
7479 7482 7485 7488 7491 7494 7497 7500 7503 
7506 7509 7512 7515 7518 7521 7524 7527 7530 
7533 7536 7539 7542 7545 7548 7551 7554 7557 
7560 7563 7566 7569 7572 7575 7578 7581 7584 
7587 7590 7593 7596 7599 7602 7605 7608 7611 
7614 7617 7620 7623 7626 7629 7632 7635 7638 
7641 7644 7647 7650 7653 7656 7659 7662 7665 
7668 7671 7674 7677 7680 7683 7686 7689 7692 
7695 7698 7701 7704 7707 7710 7713 7716 7719 
7722 7725 7728 7731 7734 7737 7740 7743 7746 
7749 7752 7755 7758 7761 7764 7767 7770 7773 
7776 7779 7782 7785 7788 7791 7794 7797 7800 
7803 7806 7809 7812 7815 7818 7821 7824 7827 
7830 7833 7836 7839 7842 7845 7848 7851 7854 
7857 7860 7863 7866 7869 7872 7875 7878 7881 
7884 7887 7890 7893 7896 7899 7902 7905 7908 
7911 7914 7917 7920 7923 7926 7929 7932 7935 
7938 7941 7944 7947 7950 7953 7956 7959 7962 
7965 7968 7971 7974 7977 7980 7983 7986 7989 
7992 7995 7998 8001 8004 8007 8010 8013 8016 
8019 8022 8025 8028 8031 8034 8037 8040 8043 
8046 8049 8052 8055 8058 8061 8064 8067 8070 
8073 8076 8079 8082 8085 8088 8091 8094 8097 
8100 8103 8106 8109 8112 8115 8118 8121 8124 
8127 8130 8133 8136 8139 8142 8145 8148 8151 
8154 8157 8160 8163 8166 8169 8172 8175 8178 
8181 8184 8187 8190 8193 8196 8199 8202 8205 
8208 8211 8214 8217 8220 8223 8226 8229 8232 
8235 8238 8241 8244 8247 8250 8253 8256 8259 
8262 8265 8268 8271 8274 8277 8280 8283 8286 
8289 8292 8295 8298 8301 8304 8307 8310 8313 
8316 8319 8322 8325 8328 8331 8334 8337 8340 
8343 8346 8349 8352 8355 8358 8361 8364 8367 
8370 8373 8376 8379 8382 8385 8388 8391 8394 
8397 8400 8403 8406 8409 8412 8415 8418 8421 
8424 8427 8430 8433 8436 8439 8442 8445 8448 
8451 8454 8457 8460 8463 8466 8469 8472 8475 
8478 8481 8484 8487 8490 8493 8496 8499 8502 
8505 8508 8511 8514 8517 8520 8523 8526 8529 
8532 8535 8538 8541 8544 8547 8550 8553 8556 
8559 8562 8565 8568 8571 8574 8577 8580 8583 
8586 8589 8592 8595 8598 8601 8604 8607 8610 
8613 8616 8619 8622 8625 8628 8631 8634 8637 
8640 8643 8646 8649 8652 8655 8658 8661 8664 
8667 8670 8673 8676 8679 8682 8685 8688 8691 
8694 8697 8700 8703 8706 8709 8712 8715 8718 
8721 8724 8727 8730 8733 8736 8739 8742 8745 
8748 8751 8754 8757 8760 8763 8766 8769 8772 
8775 8778 8781 8784 8787 8790 8793 8796 8799 
8802 8805 8808 8811 8814 8817 8820 8823 8826 
8829 8832 8835 8838 8841 8844 8847 8850 8853 
8856 8859 8862 8865 8868 8871 8874 8877 8880 
8883 8886 8889 8892 8895 8898 8901 8904 8907 
8910 8913 8916 8919 8922 8925 8928 8931 8934 
8937 8940 8943 8946 8949 8952 8955 8958 8961 
8964 8967 8970 8973 8976 8979 8982 8985 8988 
8991 8994 8997 9000 9003 9006 9009 9012 9015 
9018 9021 9024 9027 9030 9033 9036 9039 9042 
9045 9048 9051 9054 9057 9060 9063 9066 9069 
9072 9075 9078 9081 9084 9087 9090 9093 9096 
9099 9102 9105 9108 9111 9114 9117 9120 9123 
9126 9129 9132 9135 9138 9141 9144 9147 9150 
9153 9156 9159 9162 9165 9168 9171 9174 9177 
9180 9183 9186 9189 9192 9195 9198 9201 9204 
9207 9210 9213 9216 9219 9222 9225 9228 9231 
9234 9237 9240 9243 9246 9249 9252 9255 9258 
9261 9264 9267 9270 9273 9276 9279 9282 9285 
9288 9291 9294 9297 9300 9303 9306 9309 9312 
9315 9318 9321 9324 9327 9330 9333 9336 9339 
9342 9345 9348 9351 9354 9357 9360 9363 9366 
9369 9372 9375 9378 9381 9384 9387 9390 9393 
9396 9399 9402 9405 9408 9411 9414 9417 9420 
9423 9426 9429 9432 9435 9438 9441 9444 9447 
9450 9453 9456 9459 9462 9465 9468 9471 9474 
9477 9480 9483 9486 9489 9492 9495 9498 9501 
9504 9507 9510 9513 9516 9519 9522 9525 9528 
9531 9534 9537 9540 9543 9546 9549 9552 9555 
9558 9561 9564 9567 9570 9573 9576 9579 9582 
9585 9588 9591 9594 9597 9600 9603 9606 9609 
9612 9615 9618 9621 9624 9627 9630 9633 9636 
9639 9642 9645 9648 9651 9654 9657 9660 9663 
9666 9669 9672 9675 9678 9681 9684 9687 9690 
9693 9696 9699 9702 9705 9708 9711 9714 9717 
9720 9723 9726 9729 9732 9735 9738 9741 9744 
9747 9750 9753 9756 9759 9762 9765 9768 9771 
9774 9777 9780 9783 9786 9789 9792 9795 9798 
9801 9804 9807 9810 9813 9816 9819 9822 9825 
9828 9831 9834 9837 9840 9843 9846 9849 9852 
9855 9858 9861 9864 9867 9870 9873 9876 9879 
9882 9885 9888 9891 9894 9897 9900 9903 9906 
9909 9912 9915 9918 9921 9924 9927 9930 9933 
9936 9939 9942 9945 9948 9951 9954 9957 9960 
9963 9966 9969 9972 9975 9978 9981 9984 9987 
9990 9993 9996 9999 10002 10005 10008 10011 10014 
10017 10020 10023 10026 10029 10032 10035 10038 10041 
10044 10047 10050 10053 10056 10059 10062 10065 10068 
10071 10074 10077 10080 10083 10086 10089 10092 10095 
10098 10101 10104 10107 10110 10113 10116 10119 10122 
10125 10128 10131 10134 10137 10140 10143 10146 10149 
10152 10155 10158 10161 10164 10167 10170 10173 10176 
10179 10182 10185 10188 10191 10194 10197 10200 10203 
10206 10209 10212 10215 10218 10221 10224 10227 10230 
10233 10236 10239 10242 10245 10248 10251 10254 10257 
10260 10263 10266 10269 10272 10275 10278 10281 10284 
10287 10290 10293 10296 10299 10302 10305 10308 10311 
10314 10317 10320 10323 10326 10329 10332 10335 10338 
10341 10344 10347 10350 10353 10356 10359 10362 10365 
10368 10371 10374 10377 10380 10383 10386 10389 10392 
10395 10398 10401 10404 10407 10410 10413 10416 10419 
10422 10425 10428 10431 10434 10437 10440 10443 10446 
10449 10452 10455 10458 10461 10464 10467 10470 10473 
10476 10479 10482 10485 10488 10491 10494 10497 10500 
10503 10506 10509 10512 10515 10518 10521 10524 10527 
10530 10533 10536 10539 10542 10545 10548 10551 10554 
10557 10560 10563 10566 10569 10572 10575 10578 10581 
10584 10587 10590 10593 10596 10599 10602 10605 10608 
10611 10614 10617 10620 10623 10626 10629 10632 10635 
10638 10641 10644 10647 10650 10653 10656 10659 10662 
10665 10668 10671 10674 10677 10680 10683 10686 10689 
10692 10695 10698 10701 10704 10707 10710 10713 10716 
10719 10722 10725 10728 10731 10734 10737 10740 10743 
10746 10749 10752 10755 10758 10761 10764 10767 10770 
10773 10776 10779 10782 10785 10788 10791 10794 10797 
10800 10803 10806 10809 10812 10815 10818 10821 10824 
10827 10830 10833 10836 10839 10842 10845 10848 10851 
10854 10857 10860 10863 10866 10869 10872 10875 10878 
10881 10884 10887 10890 10893 10896 10899 10902 10905 
10908 10911 10914 10917 10920 10923 10926 10929 10932 
10935 10938 10941 10944 10947 10950 10953 10956 10959 
10962 10965 10968 10971 10974 10977 10980 10983 10986 
10989 10992 10995 10998 11001 11004 11007 11010 11013 
11016 11019 11022 11025 11028 11031 11034 11037 11040 
11043 11046 11049 11052 11055 11058 11061 11064 11067 
11070 11073 11076 11079 11082 11085 11088 11091 11094 
11097 11100 11103 11106 11109 11112 11115 11118 11121 
11124 11127 11130 11133 11136 11139 11142 11145 11148 
11151 11154 11157 11160 11163 11166 11169 11172 11175 
11178 11181 11184 11187 11190 11193 11196 11199 11202 
11205 11208 11211 11214 11217 11220 11223 11226 11229 
11232 11235 11238 11241 11244 11247 11250 11253 11256 
11259 11262 11265 11268 11271 11274 11277 11280 11283 
11286 11289 11292 11295 11298 11301 11304 11307 11310 
11313 11316 11319 11322 11325 11328 11331 11334 11337 
11340 11343 11346 11349 11352 11355 11358 11361 11364 
11367 11370 11373 11376 11379 11382 11385 11388 11391 
11394 11397 11400 11403 11406 11409 11412 11415 11418 
11421 11424 11427 11430 11433 11436 11439 11442 11445 
11448 11451 11454 11457 11460 11463 11466 11469 11472 
11475 11478 11481 11484 11487 11490 11493 11496 11499 
11502 11505 11508 11511 11514 11517 11520 11523 11526 
11529 11532 11535 11538 11541 11544 11547 11550 11553 
11556 11559 11562 11565 11568 11571 11574 11577 11580 
11583 11586 11589 11592 11595 11598 11601 11604 11607 
11610 11613 11616 11619 11622 11625 11628 11631 11634 
11637 11640 11643 11646 11649 11652 11655 11658 11661 
11664 11667 11670 11673 11676 11679 11682 11685 11688 
11691 11694 11697 11700 11703 11706 11709 11712 11715 
11718 11721 11724 11727 11730 11733 11736 11739 11742 
11745 11748 11751 11754 11757 11760 11763 11766 11769 
11772 11775 11778 11781 11784 11787 11790 11793 11796 
11799 11802 11805 11808 11811 11814 11817 11820 11823 
11826 11829 11832 11835 11838 11841 11844 11847 11850 
11853 11856 11859 11862 11865 11868 11871 11874 11877 
11880 11883 11886 11889 11892 11895 11898 11901 11904 
11907 11910 11913 11916 11919 11922 11925 11928 11931 
11934 11937 11940 11943 11946 11949 11952 11955 11958 
11961 11964 11967 11970 11973 11976 11979 11982 11985 
11988 11991 11994 11997 12000 12003 12006 12009 12012 
12015 12018 12021 12024 12027 12030 12033 12036 12039 
12042 12045 12048 12051 12054 12057 12060 12063 12066 
12069 12072 12075 12078 12081 12084 12087 12090 12093 
12096 12099 12102 12105 12108 12111 12114 12117 12120 
12123 12126 12129 12132 12135 12138 12141 12144 12147 
12150 12153 12156 12159 12162 12165 12168 12171 12174 
12177 12180 12183 12186 12189 12192 12195 12198 12201 
12204 12207 12210 12213 12216 12219 12222 12225 12228 
12231 12234 12237 12240 12243 12246 12249 12252 12255 
12258 12261 12264 12267 12270 12273 12276 12279 12282 
12285 12288 12291 12294 12297 12300 12303 12306 12309 
12312 12315 12318 12321 12324 12327 12330 12333 12336 
12339 12342 12345 12348 12351 12354 12357 12360 12363 
12366 12369 12372 12375 12378 12381 12384 12387 12390 
12393 12396 12399 12402 12405 12408 12411 12414 12417 
12420 12423 12426 12429 12432 12435 12438 12441 12444 
12447 12450 12453 12456 12459 12462 12465 12468 12471 
12474 12477 12480 12483 12486 12489 12492 12495 12498 
12501 12504 12507 12510 12513 12516 12519 12522 12525 
12528 12531 12534 12537 12540 12543 12546 12549 12552 
12555 12558 12561 12564 12567 12570 12573 12576 12579 
12582 12585 12588 12591 12594 12597 12600 12603 12606 
12609 12612 12615 12618 12621 12624 12627 12630 12633 
12636 12639 12642 12645 12648 12651 12654 12657 12660 
12663 12666 12669 12672 12675 12678 12681 12684 12687 
12690 12693 12696 12699 12702 12705 12708 12711 12714 
12717 12720 12723 12726 12729 12732 12735 12738 12741 
12744 12747 12750 12753 12756 12759 12762 12765 12768 
12771 12774 12777 12780 12783 12786 12789 12792 12795 
12798 12801 12804 12807 12810 12813 12816 12819 12822 
12825 12828 12831 12834 12837 12840 12843 12846 12849 
12852 12855 12858 12861 12864 12867 12870 12873 12876 
12879 12882 12885 12888 12891 12894 12897 12900 12903 
12906 12909 12912 12915 12918 12921 12924 12927 12930 
12933 12936 12939 12942 12945 12948 12951 12954 12957 
12960 12963 12966 12969 12972 12975 12978 12981 12984 
12987 12990 12993 12996 12999 13002 13005 13008 13011 
13014 13017 13020 13023 13026 13029 13032 13035 13038 
13041 13044 13047 13050 13053 13056 13059 13062 13065 
13068 13071 13074 13077 13080 13083 13086 13089 13092 
13095 13098 13101 13104 13107 13110 13113 13116 13119 
13122 13125 13128 13131 13134 13137 13140 13143 13146 
13149 13152 13155 13158 13161 13164 13167 13170 13173 
13176 13179 13182 13185 13188 13191 13194 13197 13200 
13203 13206 13209 13212 13215 13218 13221 13224 13227 
13230 13233 13236 13239 13242 13245 13248 13251 13254 
13257 13260 13263 13266 13269 13272 13275 13278 13281 
13284 13287 13290 13293 13296 13299 13302 13305 13308 
13311 13314 13317 13320 13323 13326 13329 13332 13335 
13338 13341 13344 13347 13350 13353 13356 13359 13362 
13365 13368 13371 13374 13377 13380 13383 13386 13389 
13392 13395 13398 13401 13404 13407 13410 13413 13416 
13419 13422 13425 13428 13431 13434 13437 13440 13443 
13446 13449 13452 13455 13458 13461 13464 13467 13470 
13473 13476 13479 13482 13485 13488 13491 13494 13497 
13500 13503 13506 13509 13512 13515 13518 13521 13524 
13527 13530 13533 13536 13539 13542 13545 13548 13551 
13554 13557 13560 13563 13566 13569 13572 13575 13578 
13581 13584 13587 13590 13593 13596 13599 13602 13605 
13608 13611 13614 13617 13620 13623 13626 13629 13632 
13635 13638 13641 13644 13647 13650 13653 13656 13659 
13662 13665 13668 13671 13674 13677 13680 13683 13686 
13689 13692 13695 13698 13701 13704 13707 13710 13713 
13716 13719 13722 13725 13728 13731 13734 13737 13740 
13743 13746 13749 13752 13755 13758 13761 13764 13767 
13770 13773 13776 13779 13782 13785 13788 13791 13794 
13797 13800 13803 13806 13809 13812 13815 13818 13821 
13824 13827 13830 13833 13836 13839 13842 13845 13848 
13851 13854 13857 13860 13863 13866 13869 13872 13875 
13878 13881 13884 13887 13890 13893 13896 13899 13902 
13905 13908 13911 13914 13917 13920 13923 13926 13929 
13932 13935 13938 13941 13944 13947 13950 13953 13956 
13959 13962 13965 13968 13971 13974 13977 13980 13983 
13986 13989 13992 13995 13998 14001 14004 14007 14010 
14013 14016 14019 14022 14025 14028 14031 14034 14037 
14040 14043 14046 14049 14052 14055 14058 14061 14064 
14067 14070 14073 14076 14079 14082 14085 14088 14091 
14094 14097 14100 14103 14106 14109 14112 14115 14118 
14121 14124 14127 14130 14133 14136 14139 14142 14145 
14148 14151 14154 14157 14160 14163 14166 14169 14172 
14175 14178 14181 14184 14187 14190 14193 14196 14199 
14202 14205 14208 14211 14214 14217 14220 14223 14226 
14229 14232 14235 14238 14241 14244 14247 14250 14253 
14256 14259 14262 14265 14268 14271 14274 14277 14280 
14283 14286 14289 14292 14295 14298 14301 14304 14307 
14310 14313 14316 14319 14322 14325 14328 14331 14334 
14337 14340 14343 14346 14349 14352 14355 14358 14361 
14364 14367 14370 14373 14376 14379 14382 14385 14388 
14391 14394 14397 14400 14403 14406 14409 14412 14415 
14418 14421 14424 14427 14430 14433 14436 14439 14442 
14445 14448 14451 14454 14457 14460 14463 14466 14469 
14472 14475 14478 14481 14484 14487 14490 14493 14496 
14499 14502 14505 14508 14511 14514 14517 14520 14523 
14526 14529 14532 14535 14538 14541 14544 14547 14550 
14553 14556 14559 14562 14565 14568 14571 14574 14577 
14580 14583 14586 14589 14592 14595 14598 14601 14604 
14607 14610 14613 14616 14619 14622 14625 14628 14631 
14634 14637 14640 14643 14646 14649 14652 14655 14658 
14661 14664 14667 14670 14673 14676 14679 14682 14685 
14688 14691 14694 14697 14700 14703 14706 14709 14712 
14715 14718 14721 14724 14727 14730 14733 14736 14739 
14742 14745 14748 14751 14754 14757 14760 14763 14766 
14769 14772 14775 14778 14781 14784 14787 14790 14793 
14796 14799 14802 14805 14808 14811 14814 14817 14820 
14823 14826 14829 14832 14835 14838 14841 14844 14847 
14850 14853 14856 14859 14862 14865 14868 14871 14874 
14877 14880 14883 14886 14889 14892 14895 14898 14901 
14904 14907 14910 14913 14916 14919 14922 14925 14928 
14931 14934 14937 14940 14943 14946 14949 14952 14955 
14958 14961 14964 14967 14970 14973 14976 14979 14982 
14985 14988 14991 14994 14997 15000 15003 15006 15009 
15012 15015 15018 15021 15024 15027 15030 15033 15036 
15039 15042 15045 15048 15051 15054 15057 15060 15063 
15066 15069 15072 15075 15078 15081 15084 15087 15090 
15093 15096 15099 15102 15105 15108 15111 15114 15117 
15120 15123 15126 15129 15132 15135 15138 15141 15144 
15147 15150 15153 15156 15159 15162 15165 15168 15171 
15174 15177 15180 15183 15186 15189 15192 15195 15198 
15201 15204 15207 15210 15213 15216 15219 15222 15225 
15228 15231 15234 15237 15240 15243 15246 15249 15252 
15255 15258 15261 15264 15267 15270 15273 15276 15279 
15282 15285 15288 15291 15294 15297 15300 15303 15306 
15309 15312 15315 15318 15321 15324 15327 15330 15333 
15336 15339 15342 15345 15348 15351 15354 15357 15360 
15363 15366 15369 15372 15375 15378 15381 15384 15387 
15390 15393 15396 15399 15402 15405 15408 15411 15414 
15417 15420 15423 15426 15429 15432 15435 15438 15441 
15444 15447 15450 15453 15456 15459 15462 15465 15468 
15471 15474 15477 15480 15483 15486 15489 15492 15495 
15498 15501 15504 15507 15510 15513 15516 15519 15522 
15525 15528 15531 15534 15537 15540 15543 15546 15549 
15552 15555 15558 15561 15564 15567 15570 15573 15576 
15579 15582 15585 15588 15591 15594 15597 15600 15603 
15606 15609 15612 15615 15618 15621 15624 15627 15630 
15633 15636 15639 15642 15645 15648 15651 15654 15657 
15660 15663 15666 15669 15672 15675 15678 15681 15684 
15687 15690 15693 15696 15699 15702 15705 15708 15711 
15714 15717 15720 15723 15726 15729 15732 15735 15738 
15741 15744 15747 15750 15753 15756 15759 15762 15765 
15768 15771 15774 15777 15780 15783 15786 15789 15792 
15795 15798 15801 15804 15807 15810 15813 15816 15819 
15822 15825 15828 15831 15834 15837 15840 15843 15846 
15849 15852 15855 15858 15861 15864 15867 15870 15873 
15876 15879 15882 15885 15888 15891 15894 15897 15900 
15903 15906 15909 15912 15915 15918 15921 15924 15927 
15930 15933 15936 15939 15942 15945 15948 15951 15954 
15957 15960 15963 15966 15969 15972 15975 15978 15981 
15984 15987 15990 15993 15996 15999 16002 16005 16008 
16011 16014 16017 16020 16023 16026 16029 16032 16035 
16038 16041 16044 16047 16050 16053 16056 16059 16062 
16065 16068 16071 16074 16077 16080 16083 16086 16089 
16092 16095 16098 16101 16104 16107 16110 16113 16116 
16119 16122 16125 16128 16131 16134 16137 16140 16143 
16146 16149 16152 16155 16158 16161 16164 16167 16170 
16173 16176 16179 16182 16185 16188 16191 16194 16197 
16200 16203 16206 16209 16212 16215 16218 16221 16224 
16227 16230 16233 16236 16239 16242 16245 16248 16251 
16254 16257 16260 16263 16266 16269 16272 16275 16278 
16281 16284 16287 16290 16293 16296 16299 16302 16305 
16308 16311 16314 16317 16320 16323 16326 16329 16332 
16335 16338 16341 16344 16347 16350 16353 16356 16359 
16362 16365 16368 16371 16374 16377 16380 16383 16386 
16389 16392 16395 16398 16401 16404 16407 16410 16413 
16416 16419 16422 16425 16428 16431 16434 16437 16440 
16443 16446 16449 16452 16455 16458 16461 16464 16467 
16470 16473 16476 16479 16482 16485 16488 16491 16494 
16497 16500 16503 16506 16509 16512 16515 16518 16521 
16524 16527 16530 16533 16536 16539 16542 16545 16548 
16551 16554 16557 16560 16563 16566 16569 16572 16575 
16578 16581 16584 16587 16590 16593 16596 16599 16602 
16605 16608 16611 16614 16617 16620 16623 16626 16629 
16632 16635 16638 16641 16644 16647 16650 16653 16656 
16659 16662 16665 16668 16671 16674 16677 16680 16683 
16686 16689 16692 16695 16698 16701 16704 16707 16710 
16713 16716 16719 16722 16725 16728 16731 16734 16737 
16740 16743 16746 16749 16752 16755 16758 16761 16764 
16767 16770 16773 16776 16779 16782 16785 16788 16791 
16794 16797 16800 16803 16806 16809 16812 16815 16818 
16821 16824 16827 16830 16833 16836 16839 16842 16845 
16848 16851 16854 16857 16860 16863 16866 16869 16872 
16875 16878 16881 16884 16887 16890 16893 16896 16899 
16902 16905 16908 16911 16914 16917 16920 16923 16926 
16929 16932 16935 16938 16941 16944 16947 16950 16953 
16956 16959 16962 16965 16968 16971 16974 16977 16980 
16983 16986 16989 16992 16995 16998 17001 17004 17007 
17010 17013 17016 17019 17022 17025 17028 17031 17034 
17037 17040 17043 17046 17049 17052 17055 17058 17061 
17064 17067 17070 17073 17076 17079 17082 17085 17088 
17091 17094 17097 17100 17103 17106 17109 17112 17115 
17118 17121 17124 17127 17130 17133 17136 17139 17142 
17145 17148 17151 17154 17157 17160 17163 17166 17169 
17172 17175 17178 17181 17184 17187 17190 17193 17196 
17199 17202 17205 17208 17211 17214 17217 17220 17223 
17226 17229 17232 17235 17238 17241 17244 17247 17250 
17253 17256 17259 17262 17265 17268 17271 17274 17277 
17280 17283 17286 17289 17292 17295 17298 17301 17304 
17307 17310 17313 17316 17319 17322 17325 17328 17331 
17334 17337 17340 17343 17346 17349 17352 17355 17358 
17361 17364 17367 17370 17373 17376 17379 17382 17385 
17388 17391 17394 17397 17400 17403 17406 17409 17412 
17415 17418 17421 17424 17427 17430 17433 17436 17439 
17442 17445 17448 17451 17454 17457 17460 17463 17466 
17469 17472 17475 17478 17481 17484 17487 17490 17493 
17496 17499 17502 17505 17508 17511 17514 17517 17520 
17523 17526 17529 17532 17535 17538 17541 17544 17547 
17550 17553 17556 17559 17562 17565 17568 17571 17574 
17577 17580 17583 17586 17589 17592 17595 17598 17601 
17604 17607 17610 17613 17616 17619 17622 17625 17628 
17631 17634 17637 17640 17643 17646 17649 17652 17655 
17658 17661 17664 17667 17670 17673 17676 17679 17682 
17685 17688 17691 17694 17697 17700 17703 17706 17709 
17712 17715 17718 17721 17724 17727 17730 17733 17736 
17739 17742 17745 17748 17751 17754 17757 17760 17763 
17766 17769 17772 17775 17778 17781 17784 17787 17790 
17793 17796 17799 17802 17805 17808 17811 17814 17817 
17820 17823 17826 17829 17832 17835 17838 17841 17844 
17847 17850 17853 17856 17859 17862 17865 17868 17871 
17874 17877 17880 17883 17886 17889 17892 17895 17898 
17901 17904 17907 17910 17913 17916 17919 17922 17925 
17928 17931 17934 17937 17940 17943 17946 17949 17952 
17955 17958 17961 17964 17967 17970 17973 17976 17979 
17982 17985 17988 17991 17994 17997 18000 18003 18006 
18009 18012 18015 18018 18021 18024 18027 18030 18033 
18036 18039 18042 18045 18048 18051 18054 18057 18060 
18063 18066 18069 18072 18075 18078 18081 18084 18087 
18090 18093 18096 18099 18102 18105 18108 18111 18114 
18117 18120 18123 18126 18129 18132 18135 18138 18141 
18144 18147 18150 18153 18156 18159 18162 18165 18168 
18171 18174 18177 18180 18183 18186 18189 18192 18195 
18198 18201 18204 18207 18210 18213 18216 18219 18222 
18225 18228 18231 18234 18237 18240 18243 18246 18249 
18252 18255 18258 18261 18264 18267 18270 18273 18276 
18279 18282 18285 18288 18291 18294 18297 18300 18303 
18306 18309 18312 18315 18318 18321 18324 18327 18330 
18333 18336 18339 18342 18345 18348 18351 18354 18357 
18360 18363 18366 18369 18372 18375 18378 18381 18384 
18387 18390 18393 18396 18399 18402 18405 18408 18411 
18414 18417 18420 18423 18426 18429 18432 18435 18438 
18441 18444 18447 18450 18453 18456 18459 18462 18465 
18468 18471 18474 18477 18480 18483 18486 18489 18492 
18495 18498 18501 18504 18507 18510 18513 18516 18519 
18522 18525 18528 18531 18534 18537 18540 18543 18546 
18549 18552 18555 18558 18561 18564 18567 18570 18573 
18576 18579 18582 18585 18588 18591 18594 18597 18600 
18603 18606 18609 18612 18615 18618 18621 18624 18627 
18630 18633 18636 18639 18642 18645 18648 18651 18654 
18657 18660 18663 18666 18669 18672 18675 18678 18681 
18684 18687 18690 18693 18696 18699 18702 18705 18708 
18711 18714 18717 18720 18723 18726 18729 18732 18735 
18738 18741 18744 18747 18750 18753 18756 18759 18762 
18765 18768 18771 18774 18777 18780 18783 18786 18789 
18792 18795 18798 18801 18804 18807 18810 18813 18816 
18819 18822 18825 18828 18831 18834 18837 18840 18843 
18846 18849 18852 18855 18858 18861 18864 18867 18870 
18873 18876 18879 18882 18885 18888 18891 18894 18897 
18900 18903 18906 18909 18912 18915 18918 18921 18924 
18927 18930 18933 18936 18939 18942 18945 18948 18951 
18954 18957 18960 18963 18966 18969 18972 18975 18978 
18981 18984 18987 18990 18993 18996 18999 19002 19005 
19008 19011 19014 19017 19020 19023 19026 19029 19032 
19035 19038 19041 19044 19047 19050 19053 19056 19059 
19062 19065 19068 19071 19074 19077 19080 19083 19086 
19089 19092 19095 19098 19101 19104 19107 19110 19113 
19116 19119 19122 19125 19128 19131 19134 19137 19140 
19143 19146 19149 19152 19155 19158 19161 19164 19167 
19170 19173 19176 19179 19182 19185 19188 19191 19194 
19197 19200 19203 19206 19209 19212 19215 19218 19221 
19224 19227 19230 19233 19236 19239 19242 19245 19248 
19251 19254 19257 19260 19263 19266 19269 19272 19275 
19278 19281 19284 19287 19290 19293 19296 19299 19302 
19305 19308 19311 19314 19317 19320 19323 19326 19329 
19332 19335 19338 19341 19344 19347 19350 19353 19356 
19359 19362 19365 19368 19371 19374 19377 19380 19383 
19386 19389 19392 19395 19398 19401 19404 19407 19410 
19413 19416 19419 19422 19425 19428 19431 19434 19437 
19440 19443 19446 19449 19452 19455 19458 19461 19464 
19467 19470 19473 19476 19479 19482 19485 19488 19491 
19494 19497 19500 19503 19506 19509 19512 19515 19518 
19521 19524 19527 19530 19533 19536 19539 19542 19545 
19548 19551 19554 19557 19560 19563 19566 19569 19572 
19575 19578 19581 19584 19587 19590 19593 19596 19599 
19602 19605 19608 19611 19614 19617 19620 19623 19626 
19629 19632 19635 19638 19641 19644 19647 19650 19653 
19656 19659 19662 19665 19668 19671 19674 19677 19680 
19683 19686 19689 19692 19695 19698 19701 19704 19707 
19710 19713 19716 19719 19722 19725 19728 19731 19734 
19737 19740 19743 19746 19749 19752 19755 19758 19761 
19764 19767 19770 19773 19776 19779 19782 19785 19788 
19791 19794 19797 19800 19803 19806 19809 19812 19815 
19818 19821 19824 19827 19830 19833 19836 19839 19842 
19845 19848 19851 19854 19857 19860 19863 19866 19869 
19872 19875 19878 19881 19884 19887 19890 19893 19896 
19899 19902 19905 19908 19911 19914 19917 19920 19923 
19926 19929 19932 19935 19938 19941 19944 19947 19950 
19953 19956 19959 19962 19965 19968 19971 19974 19977 
19980 19983 19986 19989 19992 19995 19998 20001 20004 
20007 20010 20013 20016 20019 20022 20025 20028 20031 
20034 20037 20040 20043 20046 20049 20052 20055 20058 
20061 20064 20067 20070 20073 20076 20079 20082 20085 
20088 20091 20094 20097 20100 20103 20106 20109 20112 
20115 20118 20121 20124 20127 20130 20133 20136 20139 
20142 20145 20148 20151 20154 20157 20160 20163 20166 
20169 20172 20175 20178 20181 20184 20187 20190 20193 
20196 20199 20202 20205 20208 20211 20214 20217 20220 
20223 20226 20229 20232 20235 20238 20241 20244 20247 
20250 20253 20256 20259 20262 20265 20268 20271 20274 
20277 20280 20283 20286 20289 20292 20295 20298 20301 
20304 20307 20310 20313 20316 20319 20322 20325 20328 
20331 20334 20337 20340 20343 20346 20349 20352 20355 
20358 20361 20364 20367 20370 20373 20376 20379 20382 
20385 20388 20391 20394 20397 20400 20403 20406 20409 
20412 20415 20418 20421 20424 20427 20430 20433 20436 
20439 20442 20445 20448 20451 20454 20457 20460 20463 
20466 20469 20472 20475 20478 20481 20484 20487 20490 
20493 20496 20499 20502 20505 20508 20511 20514 20517 
20520 20523 20526 20529 20532 20535 20538 20541 20544 
20547 20550 20553 20556 20559 20562 20565 20568 20571 
20574 20577 20580 20583 20586 20589 20592 20595 20598 
20601 20604 20607 20610 20613 20616 20619 20622 20625 
20628 20631 20634 20637 20640 20643 20646 20649 20652 
20655 20658 20661 20664 20667 20670 20673 20676 20679 
20682 20685 20688 20691 20694 20697 20700 20703 20706 
20709 20712 20715 20718 20721 20724 20727 20730 20733 
20736 20739 20742 20745 20748 20751 20754 20757 20760 
20763 20766 20769 20772 20775 20778 20781 20784 20787 
20790 20793 20796 20799 20802 20805 20808 20811 20814 
20817 20820 20823 20826 20829 20832 20835 20838 20841 
20844 20847 20850 20853 20856 20859 20862 20865 20868 
20871 20874 20877 20880 20883 20886 20889 20892 20895 
20898 20901 20904 20907 20910 20913 20916 20919 20922 
20925 20928 20931 20934 20937 20940 20943 20946 20949 
20952 20955 20958 20961 20964 20967 20970 20973 20976 
20979 20982 20985 20988 20991 20994 20997 21000 21003 
21006 21009 21012 21015 21018 21021 21024 21027 21030 
21033 21036 21039 21042 21045 21048 21051 21054 21057 
21060 21063 21066 21069 21072 21075 21078 21081 21084 
21087 21090 21093 21096 21099 21102 21105 21108 21111 
21114 21117 21120 21123 21126 21129 21132 21135 21138 
21141 21144 21147 21150 21153 21156 21159 21162 21165 
21168 21171 21174 21177 21180 21183 21186 21189 21192 

CONNECTIVITY vtktypeint64
0 1 2 0 3 4 1 0 4 
3 5 6 4 3 6 6 5 7 
0 2 8 8 9 10 8 10 0 
0 10 3 5 3 11 11 3 10 
12 7 5 12 5 13 13 5 11 
13 14 15 12 13 15 15 14 16 
10 9 17 17 18 19 17 19 10 
10 19 11 13 11 20 20 11 19 
14 13 21 21 13 20 22 16 14 
22 14 23 23 14 21 23 24 25 
22 23 25 25 24 26 19 18 27 
20 19 27 28 20 27 21 20 28 
29 21 28 29 30 31 29 31 21 
21 31 23 32 33 24 32 24 31 
31 24 23 26 24 33 31 30 34 
32 31 34 35 36 37 36 35 38 
39 35 37 40 39 37 41 38 35 
41 35 42 42 35 39 42 43 44 
41 42 44 43 45 46 44 43 46 
46 45 47 1 39 40 1 40 2 
2 40 48 4 39 1 42 39 4 
6 42 4 43 42 6 7 43 6 
7 49 43 49 45 43 50 47 45 
50 45 51 51 45 49 51 52 53 
50 51 53 53 52 54 55 8 2 
55 2 56 56 2 48 8 55 9 
7 12 49 15 49 12 51 49 15 
16 51 15 16 57 51 57 52 51 
58 54 52 58 52 59 59 52 57 
59 60 61 58 59 61 61 60 62 
55 56 63 64 63 65 17 63 64 
17 55 63 17 9 55 17 64 18 
16 22 57 25 57 22 59 57 25 
26 59 25 26 66 59 66 60 59 
67 62 60 67 60 68 68 60 66 
68 69 70 67 68 70 70 69 71 
64 65 72 18 64 72 18 72 27 
27 72 73 74 73 75 74 28 73 
28 27 73 28 76 29 74 76 28 
29 76 30 33 32 77 33 66 26 
33 77 66 77 78 66 68 66 79 
79 66 78 69 68 80 80 68 79 
81 71 69 81 69 82 82 69 80 
81 82 83 74 75 84 76 74 84 
85 76 84 86 85 87 34 85 86 
34 76 85 34 30 76 34 77 32 
34 86 77 86 88 77 78 77 89 
89 77 88 79 78 90 90 78 89 
80 79 91 91 79 90 82 80 92 
92 80 91 93 83 82 93 82 94 
94 82 92 94 95 96 93 94 96 
96 95 97 86 87 98 88 86 98 
99 88 98 89 88 99 100 89 99 
100 101 102 100 102 89 89 102 90 
91 90 103 103 90 102 92 91 104 
104 91 103 94 92 105 105 92 104 
95 94 106 106 94 105 107 97 95 
106 107 95 102 101 108 108 109 110 
108 110 102 102 110 103 104 103 111 
111 103 110 105 104 112 112 104 111 
106 105 113 113 105 112 114 107 106 
114 106 115 115 106 113 114 115 116 
110 109 117 117 118 119 117 119 110 
110 119 111 112 111 120 120 111 119 
113 112 121 121 112 120 115 113 122 
122 113 121 123 116 115 123 115 124 
124 115 122 123 124 125 119 118 126 
126 127 128 126 128 119 119 128 120 
121 120 129 129 120 128 122 121 130 
130 121 129 131 132 124 131 124 130 
130 124 122 125 124 132 128 127 133 
129 128 133 134 129 133 130 129 134 
135 130 134 131 130 135 136 137 138 
137 136 139 36 136 138 36 138 37 
37 138 140 38 141 142 36 38 142 
36 142 139 36 139 136 141 143 144 
142 141 144 143 145 146 144 143 146 
146 145 147 37 140 40 140 148 40 
38 41 141 44 141 41 143 141 44 
46 143 44 145 143 46 47 149 150 
46 47 150 46 150 147 46 147 145 
149 151 152 150 149 152 152 151 153 
154 155 156 154 148 155 154 48 148 
48 40 148 47 50 149 53 149 50 
151 149 53 54 157 158 53 54 158 
53 158 153 53 153 151 157 159 160 
158 157 160 160 159 161 154 156 162 
162 48 154 162 163 48 163 56 48 
54 58 157 61 157 58 159 157 61 
62 164 165 61 62 165 61 165 161 
61 161 159 164 166 167 165 164 167 
167 166 168 56 163 169 63 56 169 
169 65 63 170 65 169 62 67 164 
70 164 67 166 164 70 71 171 172 
70 71 172 70 172 168 70 168 166 
171 173 174 172 171 174 174 173 175 
65 170 176 72 65 176 73 72 177 
72 176 177 177 75 73 178 75 177 
71 81 171 83 171 81 83 179 171 
179 173 171 180 175 173 180 173 181 
181 173 179 180 181 182 75 178 183 
84 75 183 85 84 184 84 183 184 
184 87 85 185 87 184 83 93 179 
96 179 93 181 179 96 97 186 187 
96 97 187 96 187 182 96 182 181 
186 188 189 187 186 189 189 188 190 
87 185 191 98 87 191 99 98 192 
98 191 192 193 192 194 193 100 192 
100 99 192 100 193 101 186 107 195 
97 107 186 188 186 196 196 186 195 
197 190 188 197 188 198 198 188 196 
197 198 199 193 194 200 201 200 202 
108 200 201 108 193 200 108 101 193 
108 201 109 107 114 195 116 195 114 
116 203 195 203 196 195 198 196 204 
204 196 203 205 199 198 204 205 198 
201 202 206 207 206 208 117 206 207 
117 201 206 117 109 201 117 207 118 
116 123 203 125 203 123 125 209 203 
209 204 203 210 205 204 210 204 211 
211 204 209 210 211 212 207 208 213 
214 213 215 126 213 214 126 207 213 
126 118 207 126 214 127 132 131 216 
132 216 217 125 132 217 125 217 218 
125 218 209 211 209 218 219 211 218 
212 211 219 214 215 220 221 220 222 
133 220 221 133 214 220 133 127 214 
223 133 221 223 224 133 224 134 133 
135 134 225 134 224 225 216 131 135 
216 135 226 226 135 225 217 216 226 
221 222 227 223 221 227 228 229 230 
228 231 232 229 228 232 232 231 233 
137 234 235 138 137 235 139 236 228 
139 228 234 139 234 137 234 228 230 
231 228 237 237 228 236 238 233 231 
238 231 239 239 231 237 238 239 240 
241 242 243 241 235 242 241 140 235 
140 138 235 139 142 236 144 236 142 
237 236 144 146 237 144 239 237 146 
147 244 245 146 147 245 146 245 240 
146 240 239 244 246 247 245 244 247 
247 246 248 249 241 243 250 249 243 
140 249 148 241 249 140 147 150 244 
152 244 150 246 244 152 153 251 252 
152 153 252 152 252 248 152 248 246 
252 251 253 155 249 250 155 250 156 
156 250 254 148 249 155 153 158 251 
251 255 253 251 158 255 158 160 255 
161 256 257 161 257 160 160 257 255 
256 258 259 257 256 259 259 258 260 
156 254 261 162 156 261 261 163 162 
262 163 261 161 165 256 167 256 165 
258 256 167 168 263 264 167 168 264 
167 264 260 167 260 258 263 265 266 
264 263 266 266 265 267 163 262 268 
169 163 268 268 170 169 269 170 268 
168 172 263 174 263 172 265 263 174 
175 270 271 174 175 271 174 271 267 
174 267 265 270 272 273 271 270 273 
272 274 275 273 272 275 275 274 276 
170 269 277 176 170 277 278 277 279 
278 177 277 177 176 277 177 278 178 
175 180 270 182 270 180 182 280 270 
280 272 270 274 272 281 281 272 280 
282 276 274 282 274 283 283 274 281 
282 283 284 278 279 285 178 278 285 
178 285 183 183 285 286 287 286 288 
287 184 286 184 183 286 184 287 185 
182 187 280 189 280 187 281 280 189 
190 281 189 190 289 281 289 283 281 
290 284 283 290 283 291 291 283 289 
290 291 292 287 288 293 185 287 293 
185 293 191 191 293 294 192 191 295 
191 294 295 295 194 192 296 194 295 
190 197 289 199 289 197 199 297 289 
297 291 289 298 292 291 298 291 299 
299 291 297 298 299 300 194 296 301 
200 194 301 301 202 200 302 202 301 
297 205 303 199 205 297 299 297 304 
304 297 303 305 300 299 305 299 306 
306 299 304 305 306 307 202 302 308 
206 202 308 308 208 206 309 208 308 
205 210 303 212 303 210 212 310 303 
310 304 303 306 304 311 311 304 310 
312 307 306 311 312 306 313 213 208 
313 208 314 314 208 309 213 313 215 
315 316 317 315 218 217 315 317 218 
317 318 218 219 218 319 218 318 319 
310 212 219 310 219 320 320 219 319 
311 310 320 321 311 320 312 311 321 
313 314 322 215 313 322 215 322 220 
220 322 323 323 222 220 324 222 323 
224 325 326 223 325 224 225 224 327 
224 326 327 316 315 226 316 226 327 
327 226 225 217 226 315 222 324 328 
227 222 328 325 223 227 328 325 227 
329 330 331 329 332 333 330 329 333 
333 332 334 229 335 336 230 229 336 
232 337 229 229 337 335 233 338 329 
233 329 337 233 337 232 337 329 331 
332 329 339 339 329 338 340 334 332 
340 332 341 341 332 339 340 341 342 
234 343 344 235 234 344 336 234 230 
343 234 336 233 238 338 240 338 238 
240 345 338 345 339 338 341 339 346 
346 339 345 347 342 341 346 347 341 
242 348 349 243 242 349 344 242 235 
348 242 344 240 245 345 247 345 245 
346 345 247 248 350 351 247 248 351 
247 351 347 247 347 346 351 350 352 
243 349 250 349 353 250 248 252 350 
253 354 355 252 253 355 252 355 352 
252 352 350 354 356 357 355 354 357 
356 358 359 357 356 359 359 358 360 
250 353 254 353 361 254 253 255 354 
257 354 255 356 354 257 259 356 257 
358 356 259 260 362 363 259 260 363 
259 363 360 259 360 358 362 364 365 
363 362 365 365 364 366 254 361 367 
261 254 367 367 262 261 368 262 367 
260 264 362 266 362 264 364 362 266 
267 369 370 266 267 370 266 370 366 
266 366 364 369 371 372 370 369 372 
371 373 374 372 371 374 374 373 375 
262 368 376 268 262 376 376 269 268 
377 269 376 267 271 369 273 369 271 
371 369 273 275 371 273 373 371 275 
276 378 379 275 276 379 275 379 375 
275 375 373 378 380 381 379 378 381 
380 382 383 381 380 383 383 382 384 
269 377 385 277 269 385 385 279 277 
386 279 385 276 282 378 284 378 282 
284 387 378 387 380 378 382 380 388 
388 380 387 389 384 382 389 382 390 
390 382 388 389 390 391 279 386 392 
285 279 392 286 285 393 285 392 393 
288 394 395 288 286 394 286 393 394 
394 396 395 284 290 387 292 387 290 
292 397 387 397 388 387 390 388 398 
398 388 397 399 391 390 398 399 390 
288 395 293 395 396 400 395 400 293 
293 400 294 295 294 401 294 400 401 
401 296 295 402 296 401 292 298 397 
300 397 298 300 403 397 403 398 397 
404 399 398 403 404 398 296 402 405 
301 296 405 405 302 301 406 302 405 
300 305 403 403 305 307 403 307 404 
404 307 407 302 406 408 308 302 408 
408 309 308 409 309 408 410 411 412 
410 413 414 412 413 410 414 415 416 
413 415 414 416 415 407 416 407 312 
312 407 307 417 418 314 417 314 409 
409 314 309 417 419 418 420 421 422 
420 317 316 420 422 317 422 423 317 
318 317 424 317 423 424 411 410 319 
411 319 424 424 319 318 320 319 410 
414 320 410 321 320 414 416 321 414 
312 321 416 314 418 322 418 419 425 
418 425 322 322 425 323 324 426 427 
324 323 426 323 425 426 427 326 325 
427 426 326 426 428 326 421 420 327 
421 327 428 428 327 326 316 327 420 
324 427 328 325 328 427 429 430 431 
430 429 432 330 433 331 434 433 330 
434 330 435 435 330 333 334 436 437 
334 437 333 333 437 435 431 437 436 
431 436 429 429 436 438 439 432 429 
438 439 429 335 440 336 441 440 335 
441 335 442 442 335 337 433 337 331 
433 443 337 443 442 337 434 443 433 
334 340 436 342 436 340 342 444 436 
444 438 436 445 439 438 445 438 446 
446 438 444 445 446 447 343 448 344 
343 449 448 336 449 343 336 450 449 
336 440 450 441 450 440 444 347 451 
342 347 444 446 444 452 452 444 451 
453 447 446 452 453 446 348 454 455 
349 348 455 448 348 344 448 456 348 
456 454 348 449 456 448 347 351 451 
352 451 351 352 457 451 457 452 451 
458 453 452 458 452 459 459 452 457 
459 460 461 458 459 461 460 462 463 
461 460 463 462 464 465 463 462 465 
465 464 466 349 455 353 455 467 353 
352 355 457 357 457 355 459 457 357 
359 459 357 460 459 359 360 460 359 
360 468 460 468 462 460 464 462 469 
469 462 468 470 466 464 470 464 471 
471 464 469 470 471 472 473 474 361 
473 361 467 467 361 353 473 475 474 
360 363 468 365 468 363 469 468 365 
366 469 365 366 476 469 476 471 469 
477 472 471 477 471 478 478 471 476 
478 479 480 477 478 480 479 481 482 
480 479 482 482 481 483 361 474 367 
474 368 367 474 475 368 475 484 368 
366 370 476 372 476 370 478 476 372 
374 478 372 479 478 374 375 479 374 
375 485 479 485 481 479 486 483 481 
486 481 487 487 481 485 487 488 489 
486 487 489 488 490 491 489 488 491 
491 490 492 368 484 493 376 368 493 
493 377 376 494 377 493 375 379 485 
381 485 379 487 485 381 383 487 381 
488 487 383 384 488 383 384 495 488 
495 490 488 496 492 490 495 496 490 
377 494 497 385 377 497 386 498 499 
386 385 498 385 497 498 498 500 499 
384 389 495 495 389 391 495 391 496 
496 391 501 386 499 392 499 500 502 
499 502 392 392 502 393 394 393 503 
393 502 503 503 396 394 504 396 503 
391 399 501 501 399 505 396 504 506 
400 396 506 401 400 507 400 506 507 
402 508 509 402 401 508 401 507 508 
508 510 509 399 404 505 505 404 511 
402 509 405 406 512 513 405 512 406 
405 510 512 405 509 510 512 514 513 
515 407 516 515 511 407 511 404 407 
515 516 517 406 513 408 409 518 519 
408 518 409 408 514 518 408 513 514 
518 520 519 521 522 523 521 412 411 
521 523 412 523 524 412 413 412 525 
412 524 525 415 413 526 413 525 526 
516 407 415 516 415 527 527 415 526 
517 516 527 409 519 417 419 528 529 
417 528 419 417 520 528 417 519 520 
529 530 531 528 530 529 531 532 533 
530 532 531 533 422 421 533 532 422 
532 534 422 423 422 535 422 534 535 
522 521 424 522 424 535 535 424 423 
411 424 521 419 529 425 426 425 529 
531 426 529 428 426 531 533 428 531 
421 428 533 536 537 538 536 539 540 
537 536 540 539 541 542 540 539 542 
542 541 543 430 544 545 431 430 545 
432 546 536 432 536 544 432 544 430 
544 536 538 539 536 547 547 536 546 
541 539 548 548 539 547 549 543 541 
548 549 541 435 550 551 434 435 551 
437 552 435 435 552 550 545 437 431 
552 437 545 546 439 553 432 439 546 
547 546 554 554 546 553 548 547 555 
555 547 554 556 549 548 555 556 548 
442 557 441 558 557 442 558 442 559 
559 442 443 551 443 434 559 443 551 
439 445 553 447 553 445 447 560 553 
560 554 553 555 554 561 561 554 560 
562 556 555 562 555 563 563 555 561 
562 563 564 450 565 566 449 450 566 
557 450 441 557 567 450 567 565 450 
558 567 557 560 453 568 447 453 560 
561 560 569 569 560 568 563 561 570 
570 561 569 571 564 563 571 563 572 
572 563 570 572 573 574 571 572 574 
574 573 575 454 576 455 577 576 454 
577 454 578 578 454 456 566 456 449 
578 456 566 453 458 568 461 568 458 
569 568 461 463 569 461 570 569 463 
465 570 463 572 570 465 466 572 465 
466 579 572 579 573 572 580 575 573 
580 573 581 581 573 579 581 582 583 
580 581 583 583 582 584 585 586 587 
586 585 588 576 589 467 455 576 467 
590 576 577 589 576 590 466 470 579 
472 579 470 472 591 579 591 581 579 
582 581 592 592 581 591 593 584 582 
593 582 594 594 582 592 594 595 596 
593 594 596 595 597 598 596 595 598 
598 597 599 585 587 600 588 585 600 
467 589 473 589 475 473 589 590 475 
590 601 475 472 477 591 480 591 477 
592 591 480 482 592 480 594 592 482 
483 594 482 483 602 594 602 595 594 
597 595 603 603 595 602 604 599 597 
603 604 597 605 606 484 605 484 601 
601 484 475 605 607 606 483 486 602 
489 602 486 603 602 489 603 489 491 
603 491 608 603 608 604 608 491 609 
491 492 609 484 606 493 494 610 611 
493 610 494 493 607 610 493 606 607 
610 612 611 613 608 609 614 608 613 
492 496 613 609 492 613 494 611 497 
611 612 615 611 615 497 497 615 498 
615 500 498 616 500 615 617 614 613 
618 614 617 496 501 617 613 496 617 
500 616 619 502 500 619 503 502 620 
502 619 620 504 621 622 504 503 621 
503 620 621 621 623 622 624 618 617 
625 618 624 501 505 624 617 501 624 
504 622 506 622 623 626 622 626 506 
506 626 507 508 507 627 507 626 627 
627 510 508 628 510 627 624 629 625 
629 624 505 629 505 630 630 505 511 
510 628 631 512 510 631 514 632 633 
514 512 632 512 631 632 632 634 633 
635 636 637 635 638 639 637 638 635 
515 640 639 515 639 630 515 630 511 
638 630 639 515 517 640 514 633 518 
520 641 642 518 641 520 518 634 641 
518 633 634 641 643 642 644 645 646 
644 523 522 644 646 523 646 647 523 
524 523 648 523 647 648 636 635 525 
636 525 648 648 525 524 526 525 635 
639 526 635 527 526 639 640 527 639 
517 527 640 520 642 528 642 643 649 
642 649 528 528 649 530 532 530 650 
530 649 650 534 532 651 532 650 651 
645 644 535 645 535 651 651 535 534 
522 535 644 537 652 653 538 537 653 
540 654 537 537 654 652 542 655 540 
540 655 654 655 542 543 656 655 543 
544 657 658 545 544 658 653 544 538 
657 544 653 659 549 660 659 656 549 
656 543 549 659 660 661 550 662 551 
663 662 550 663 550 664 664 550 552 
658 552 545 664 552 658 660 556 665 
549 556 660 666 661 660 665 666 660 
559 667 668 558 559 668 662 559 551 
662 669 559 669 667 559 663 669 662 
556 562 665 564 670 671 562 564 671 
562 671 666 562 666 665 670 672 673 
671 670 673 673 672 674 675 676 677 
675 678 679 676 675 679 679 678 680 
565 681 566 682 681 565 682 565 683 
683 565 567 668 567 558 683 567 668 
564 571 670 574 670 571 672 670 574 
575 684 685 574 575 685 574 685 674 
574 674 672 684 686 687 685 684 687 
686 688 689 687 686 689 677 689 688 
677 688 675 675 688 690 678 675 691 
691 675 690 692 680 678 692 678 693 
693 678 691 692 693 694 578 695 577 
578 696 695 566 696 578 566 697 696 
566 681 697 682 697 681 575 580 684 
583 684 580 686 684 583 584 686 583 
584 698 686 698 688 686 690 688 699 
699 688 698 691 690 700 700 690 699 
701 702 693 701 693 700 700 693 691 
703 587 586 703 586 704 694 693 702 
588 705 706 588 706 586 586 706 704 
706 705 707 695 708 590 577 695 590 
709 695 696 708 695 709 584 593 698 
596 698 593 699 698 596 598 710 596 
598 711 710 596 710 699 712 700 710 
699 710 700 700 712 701 598 599 711 
587 703 713 600 587 713 705 588 600 
705 600 714 714 600 713 707 705 714 
708 715 601 590 708 601 716 708 709 
715 708 716 711 717 710 717 711 599 
717 599 718 718 599 604 601 715 605 
607 719 720 605 719 607 605 716 719 
605 715 716 719 721 720 604 608 718 
718 608 722 607 720 610 612 723 724 
610 723 612 610 721 723 610 720 721 
723 725 724 608 614 722 722 614 726 
612 724 615 724 616 615 724 725 616 
725 727 616 728 618 729 728 726 618 
726 614 618 728 729 730 616 727 731 
619 616 731 620 619 732 619 731 732 
621 620 733 620 732 733 733 623 621 
734 623 733 729 625 735 618 625 729 
736 730 729 735 736 729 623 734 737 
626 623 737 627 626 738 626 737 738 
628 739 740 628 627 739 627 738 739 
739 741 740 625 629 735 630 742 743 
629 630 743 629 743 736 629 736 735 
743 742 744 628 740 631 740 741 745 
740 745 631 631 745 632 745 634 632 
746 634 745 747 748 749 747 637 636 
747 749 637 749 750 637 638 637 751 
637 750 751 742 630 638 742 638 752 
752 638 751 744 742 752 634 746 753 
641 634 753 643 754 755 643 641 754 
641 753 754 755 756 757 754 756 755 
757 758 759 756 758 757 759 646 645 
759 758 646 758 760 646 647 646 761 
646 760 761 748 747 648 748 648 761 
761 648 647 636 648 747 643 755 649 
650 649 755 757 650 755 651 650 757 
759 651 757 645 651 759 652 762 763 
653 652 763 654 764 652 652 764 762 
655 765 654 654 765 764 656 766 767 
656 767 655 655 767 765 767 766 768 
657 769 770 658 657 770 763 657 653 
769 657 763 656 659 766 661 771 772 
659 661 772 659 772 768 659 768 766 
772 771 773 664 774 775 663 664 775 
770 664 658 774 664 770 771 666 776 
661 666 771 777 773 771 777 771 778 
778 771 776 777 778 779 780 781 782 
780 783 784 781 780 784 783 785 786 
784 783 786 786 785 787 667 788 668 
789 788 667 789 667 790 790 667 669 
775 669 663 790 669 775 666 671 776 
673 776 671 778 776 673 674 791 792 
673 674 792 673 792 779 673 779 778 
782 792 791 782 791 780 780 791 793 
783 780 794 794 780 793 676 794 677 
676 785 794 785 783 794 785 795 787 
785 676 795 676 679 795 680 796 797 
680 797 679 679 797 795 797 796 798 
683 799 682 683 800 799 668 800 683 
668 801 800 668 788 801 789 801 788 
674 685 791 687 791 685 793 791 687 
689 793 687 794 793 689 677 794 689 
680 692 796 694 802 803 692 694 803 
692 803 798 692 798 796 803 802 804 
697 805 696 697 806 805 682 806 697 
682 807 806 682 799 807 800 807 799 
702 808 809 701 808 702 810 703 704 
802 694 811 811 694 702 811 702 809 
802 811 804 704 812 810 704 706 812 
812 813 810 812 706 707 814 812 707 
805 815 816 805 816 696 696 816 709 
806 815 805 712 817 818 710 817 712 
808 701 712 818 808 712 703 810 713 
810 813 819 810 819 713 713 819 714 
814 707 714 819 814 714 820 821 716 
820 716 816 816 716 709 820 822 821 
710 823 817 717 823 710 823 717 718 
824 823 718 716 821 719 721 825 826 
719 825 721 719 822 825 719 821 822 
825 827 826 828 722 829 828 824 722 
824 718 722 828 829 830 721 826 723 
826 725 723 826 827 725 827 831 725 
829 726 832 722 726 829 833 830 829 
832 833 829 834 835 727 834 727 831 
831 727 725 835 836 837 834 836 835 
836 838 837 726 728 832 832 728 730 
832 730 833 833 730 839 727 835 731 
732 731 835 837 732 835 837 838 840 
837 840 732 732 840 733 734 841 842 
734 733 841 733 840 841 841 843 842 
844 736 845 844 839 736 839 730 736 
844 845 846 734 842 737 842 843 847 
842 847 737 737 847 738 739 738 848 
738 847 848 741 849 850 741 739 849 
739 848 849 849 851 850 852 853 854 
852 855 856 854 855 852 857 736 855 
857 845 736 855 736 856 743 858 736 
856 736 858 845 857 846 743 744 858 
741 850 745 746 859 860 745 859 746 
745 851 859 745 850 851 859 861 860 
862 863 864 862 749 748 862 864 749 
864 865 749 853 852 750 853 750 865 
865 750 749 751 750 852 856 751 852 
752 751 856 858 752 856 744 752 858 
746 860 753 860 861 866 860 866 753 
753 866 754 756 754 867 754 866 867 
758 756 868 756 867 868 760 758 869 
758 868 869 863 862 761 863 761 869 
869 761 760 748 761 862 762 870 763 
871 870 762 871 762 872 872 762 764 
765 873 764 764 873 872 767 874 765 
765 874 873 768 875 876 768 876 767 
767 876 874 876 875 877 769 878 879 
770 769 879 870 769 763 870 880 769 
880 878 769 871 880 870 768 772 875 
773 881 882 772 773 882 772 882 877 
772 877 875 882 881 883 884 885 886 
884 887 888 885 884 888 888 887 889 
774 890 891 775 774 891 879 774 770 
890 774 879 773 777 881 779 892 893 
777 779 893 777 893 883 777 883 881 
886 893 892 884 886 892 884 892 782 
884 782 781 784 884 781 887 884 784 
887 894 889 887 784 894 784 786 894 
787 895 896 787 896 786 786 896 894 
896 895 897 790 898 789 790 899 898 
790 775 899 775 891 899 779 792 892 
782 892 792 787 795 895 895 900 897 
895 795 900 795 797 900 798 901 902 
798 902 797 797 902 900 902 901 903 
801 904 800 801 905 904 789 905 801 
789 906 905 789 898 906 899 906 898 
798 803 901 804 907 908 803 804 908 
803 908 903 803 903 901 908 907 909 
807 910 911 806 807 911 904 807 800 
904 912 807 912 910 807 905 912 904 
809 808 913 914 809 913 914 915 809 
915 811 809 916 813 812 907 804 917 
917 804 811 917 811 915 907 917 909 
812 814 916 918 919 920 919 918 921 
815 922 816 815 923 922 815 806 923 
806 911 923 818 817 924 818 924 925 
808 818 925 808 925 926 808 926 913 
914 913 926 813 916 819 814 819 916 
918 920 927 928 929 930 921 918 927 
928 930 931 816 922 820 822 932 933 
820 932 822 820 923 932 820 922 923 
932 934 933 817 823 924 824 935 936 
823 824 936 823 936 925 823 925 924 
936 935 937 930 929 938 931 930 938 
822 933 825 827 939 940 825 939 827 
825 934 939 825 933 934 939 941 940 
824 828 935 935 828 830 935 830 937 
937 830 942 940 943 831 827 940 831 
944 940 941 943 940 944 945 833 946 
945 942 833 942 830 833 945 946 947 
831 943 834 943 944 948 943 948 834 
834 948 836 838 949 950 838 836 949 
836 948 949 949 951 950 946 839 952 
833 839 946 953 947 946 952 953 946 
838 950 840 950 951 954 950 954 840 
840 954 841 843 955 956 843 841 955 
841 954 955 955 957 956 839 844 952 
846 958 959 844 846 959 844 959 953 
844 953 952 959 958 960 843 956 847 
956 957 961 956 961 847 847 961 848 
849 848 962 848 961 962 851 963 964 
851 849 963 849 962 963 963 965 964 
966 967 968 966 854 853 966 968 854 
968 969 854 855 854 970 854 969 970 
857 855 971 855 970 971 958 846 857 
958 857 972 972 857 971 960 958 972 
851 964 859 861 973 974 859 973 861 
859 965 973 859 964 965 974 975 976 
973 975 974 976 977 978 975 977 976 
978 979 980 977 979 978 980 864 863 
980 979 864 979 981 864 967 966 865 
967 865 981 981 865 864 853 865 966 
861 974 866 867 866 974 976 867 974 
868 867 976 978 868 976 869 868 978 
980 869 978 863 869 980 872 982 871 
983 982 872 983 872 984 984 872 873 
874 985 873 873 985 984 876 986 874 
874 986 985 877 987 988 877 988 876 
876 988 986 987 989 990 988 987 990 
989 991 992 990 989 992 992 991 993 
878 994 879 995 994 878 995 878 996 
996 878 880 982 880 871 982 997 880 
997 996 880 983 997 982 877 882 987 
883 987 882 883 998 987 998 989 987 
885 998 886 885 991 998 991 989 998 
991 999 993 991 885 999 885 888 999 
889 1000 1001 889 1001 888 888 1001 999 
1000 1002 1003 1001 1000 1003 1003 1002 1004 
890 1005 891 890 1006 1005 879 1006 890 
879 1007 1006 879 994 1007 995 1007 994 
883 893 998 886 998 893 889 894 1000 
896 1000 894 1002 1000 896 897 1008 1009 
896 897 1009 896 1009 1004 896 1004 1002 
1009 1008 1010 1005 1011 1012 1005 1012 891 
891 1012 899 1006 1011 1005 897 900 1008 
1008 1013 1010 1008 900 1013 900 902 1013 
903 1014 1015 903 1015 902 902 1015 1013 
1015 1014 1016 906 1017 1018 905 906 1018 
1012 906 899 1017 906 1012 903 908 1014 
909 1019 1020 908 909 1020 908 1020 1016 
908 1016 1014 1019 1021 1022 1020 1019 1022 
1022 1021 1023 910 1024 911 1025 1024 910 
1025 910 1026 1026 910 912 1018 912 905 
1026 912 1018 915 914 1027 1028 915 1027 
1028 1029 915 1029 917 915 1019 909 917 
1019 917 1030 1030 917 1029 1021 1019 1030 
1021 1030 1031 1032 920 919 919 921 1032 
1031 1023 1021 1033 1034 1035 1034 1033 1036 
1024 1037 923 911 1024 923 1038 1024 1025 
1038 1039 1024 1039 1037 1024 1038 1040 1039 
926 925 1041 926 1041 1042 914 926 1042 
914 1042 1043 914 1043 1027 1028 1027 1043 
920 1032 927 927 1032 921 928 1044 929 
1035 1045 1033 1033 1045 1036 928 931 1044 
923 1037 932 934 932 1037 934 1037 1046 
1046 1037 1039 1047 1039 1040 1046 1039 1047 
925 936 1041 937 1048 1049 936 937 1049 
936 1049 1042 936 1042 1041 1049 1048 1050 
1044 938 929 1051 1052 1053 938 1044 931 
1053 1054 1051 934 1046 939 1046 941 939 
1046 1047 941 1047 1055 941 1048 942 1056 
937 942 1048 1057 1050 1048 1056 1057 1048 
1053 1052 1058 1054 1053 1058 1059 1060 944 
1059 944 1055 1055 944 941 1059 1061 1060 
942 945 1056 1056 945 947 1056 947 1057 
1057 947 1062 944 1060 948 1060 1061 1063 
1060 1063 948 948 1063 949 951 1064 1065 
951 949 1064 949 1063 1064 1064 1066 1065 
1067 953 1068 1067 1062 953 1062 947 953 
1067 1068 1069 1070 1071 1072 1071 1070 1073 
951 1065 954 1065 1066 1074 1065 1074 954 
954 1074 955 957 1075 1076 957 955 1075 
955 1074 1075 1075 1077 1076 1078 1079 1080 
1078 1081 1082 1080 1081 1078 1082 1083 1084 
1081 1083 1082 1085 953 1083 1085 1068 953 
1083 953 1084 959 1086 953 1084 953 1086 
1068 1085 1069 959 960 1086 1070 1072 1087 
1073 1070 1087 957 1076 961 1076 1077 1088 
1076 1088 961 961 1088 962 963 962 1089 
962 1088 1089 965 1090 1091 965 963 1090 
963 1089 1090 1090 1092 1091 1093 1094 1095 
1093 968 967 1093 1095 968 1095 1096 968 
1079 1078 969 1079 969 1096 1096 969 968 
970 969 1078 1082 970 1078 971 970 1082 
1084 971 1082 972 971 1084 1086 972 1084 
960 972 1086 965 1091 973 1091 1092 1097 
1091 1097 973 973 1097 975 977 975 1098 
975 1097 1098 979 977 1099 977 1098 1099 
1094 1093 981 1094 981 1099 1099 981 979 
967 981 1093 984 1100 1101 983 984 1101 
985 1102 984 984 1102 1100 986 1103 985 
985 1103 1102 988 1104 986 986 1104 1103 
990 1105 988 988 1105 1104 992 1106 990 
990 1106 1105 993 1107 1108 993 1108 992 
992 1108 1106 1108 1107 1109 996 1110 1111 
995 996 1111 997 1112 996 996 1112 1110 
1101 997 983 1112 997 1101 993 999 1107 
1107 1113 1109 1107 999 1113 999 1001 1113 
1003 1114 1001 1001 1114 1113 1004 1115 1116 
1004 1116 1003 1003 1116 1114 1116 1115 1117 
1007 1118 1119 1006 1007 1119 1111 1007 995 
1118 1007 1111 1004 1009 1115 1010 1120 1121 
1009 1010 1121 1009 1121 1117 1009 1117 1115 
1121 1120 1122 1011 1123 1012 1011 1124 1123 
1011 1006 1124 1006 1119 1124 1010 1013 1120 
1120 1125 1122 1120 1013 1125 1013 1015 1125 
1016 1126 1127 1016 1127 1015 1015 1127 1125 
1126 1128 1129 1127 1126 1129 1129 1128 1130 
1017 1131 1018 1017 1132 1131 1012 1132 1017 
1012 1133 1132 1012 1123 1133 1124 1133 1123 
1016 1020 1126 1022 1126 1020 1128 1126 1022 
1023 1134 1135 1022 1023 1135 1022 1135 1130 
1022 1130 1128 1135 1134 1136 1026 1137 1025 
1026 1138 1137 1018 1138 1026 1018 1139 1138 
1018 1131 1139 1132 1139 1131 1029 1140 1141 
1028 1140 1029 1030 1029 1142 1029 1141 1142 
1143 1142 1144 1143 1031 1142 1031 1030 1142 
1031 1134 1023 1031 1143 1134 1034 1134 1035 
1035 1134 1143 1134 1034 1036 1134 1036 1136 
1136 1036 1145 1025 1137 1038 1040 1146 1147 
1038 1146 1040 1038 1138 1146 1038 1137 1138 
1146 1148 1147 1043 1149 1150 1042 1149 1043 
1140 1028 1043 1150 1140 1043 1143 1144 1151 
1152 1151 1153 1045 1151 1152 1045 1143 1151 
1045 1035 1143 1045 1152 1154 1045 1154 1036 
1036 1154 1145 1147 1155 1047 1040 1147 1047 
1156 1147 1148 1155 1147 1156 1042 1157 1149 
1049 1157 1042 1157 1049 1050 1158 1157 1050 
1051 1152 1153 1051 1153 1052 1052 1153 1159 
1152 1051 1054 1152 1054 1154 1154 1054 1160 
1155 1161 1055 1047 1155 1055 1162 1155 1156 
1161 1155 1162 1050 1057 1158 1158 1057 1163 
1052 1159 1164 1058 1052 1164 1160 1054 1058 
1164 1160 1058 1055 1161 1059 1061 1165 1166 
1059 1165 1061 1059 1162 1165 1059 1161 1162 
1165 1167 1166 1168 1062 1169 1168 1163 1062 
1163 1057 1062 1168 1169 1170 1061 1166 1063 
1166 1167 1171 1166 1171 1063 1063 1171 1064 
1171 1066 1064 1172 1066 1171 1062 1067 1169 
1069 1173 1174 1067 1069 1174 1067 1174 1170 
1067 1170 1169 1175 1072 1071 1176 1174 1173 
1071 1073 1175 1066 1172 1177 1074 1066 1177 
1075 1074 1178 1074 1177 1178 1077 1179 1180 
1077 1075 1179 1075 1178 1179 1180 1181 1182 
1179 1181 1180 1181 1183 1182 1080 1184 1185 
1079 1184 1080 1081 1080 1186 1080 1185 1186 
1083 1081 1187 1081 1186 1187 1085 1083 1188 
1083 1187 1188 1173 1069 1085 1173 1085 1189 
1189 1085 1188 1072 1175 1087 1173 1189 1176 
1073 1087 1175 1077 1180 1088 1089 1088 1180 
1182 1089 1180 1182 1183 1190 1182 1190 1089 
1089 1190 1090 1092 1191 1192 1092 1090 1191 
1090 1190 1191 1192 1193 1194 1191 1193 1192 
1194 1195 1196 1193 1195 1194 1196 1095 1094 
1196 1195 1095 1195 1197 1095 1096 1095 1198 
1095 1197 1198 1184 1079 1096 1198 1184 1096 
1092 1192 1097 1098 1097 1192 1194 1098 1192 
1099 1098 1194 1196 1099 1194 1094 1099 1196 
1100 1199 1200 1101 1100 1200 1102 1201 1100 
1100 1201 1199 1103 1202 1102 1102 1202 1201 
1104 1203 1103 1103 1203 1202 1105 1204 1104 
1104 1204 1203 1106 1205 1105 1105 1205 1204 
1108 1206 1106 1106 1206 1205 1109 1207 1208 
1109 1208 1108 1108 1208 1206 1208 1207 1209 
1110 1210 1111 1211 1210 1110 1211 1110 1212 
1212 1110 1112 1200 1112 1101 1212 1112 1200 
1109 1113 1207 1207 1213 1209 1207 1113 1213 
1113 1114 1213 1116 1214 1114 1114 1214 1213 
1117 1215 1216 1117 1216 1116 1116 1216 1214 
1216 1215 1217 1118 1218 1119 1118 1219 1218 
1111 1219 1118 1111 1220 1219 1111 1210 1220 
1211 1220 1210 1117 1121 1215 1122 1221 1222 
1121 1122 1222 1121 1222 1217 1121 1217 1215 
1221 1223 1224 1222 1221 1224 1224 1223 1225 
1218 1226 1227 1218 1227 1119 1119 1227 1124 
1219 1226 1218 1122 1125 1221 1127 1221 1125 
1223 1221 1127 1223 1228 1225 1223 1127 1228 
1127 1129 1228 1130 1229 1230 1130 1230 1129 
1129 1230 1228 1230 1229 1231 1133 1232 1233 
1132 1133 1233 1227 1133 1124 1232 1133 1227 
1130 1135 1229 1229 1135 1136 1229 1136 1231 
1231 1136 1234 1139 1235 1138 1236 1132 1233 
1236 1235 1132 1236 1237 1235 1235 1139 1132 
1236 1238 1237 1141 1140 1239 1240 1141 1239 
1240 1241 1141 1241 1142 1141 1241 1144 1142 
1242 1144 1241 1136 1145 1234 1234 1145 1243 
1138 1235 1146 1148 1146 1235 1148 1235 1244 
1244 1235 1237 1245 1237 1238 1244 1237 1245 
1150 1149 1246 1150 1246 1247 1140 1150 1247 
1140 1247 1248 1140 1248 1239 1240 1239 1248 
1144 1242 1249 1151 1144 1249 1249 1153 1151 
1250 1153 1249 1145 1154 1243 1243 1154 1251 
1244 1252 1253 1244 1253 1148 1148 1253 1156 
1245 1252 1244 1149 1157 1246 1158 1254 1255 
1157 1158 1255 1157 1255 1247 1157 1247 1246 
1255 1254 1256 1257 1258 1159 1257 1159 1250 
1250 1159 1153 1258 1257 1251 1258 1251 1160 
1160 1251 1154 1156 1253 1162 1253 1259 1162 
1254 1163 1260 1158 1163 1254 1261 1256 1254 
1260 1261 1254 1159 1258 1164 1160 1164 1258 
1162 1259 1262 1165 1162 1262 1167 1263 1264 
1167 1165 1263 1165 1262 1263 1263 1265 1264 
1163 1168 1260 1170 1266 1267 1168 1170 1267 
1168 1267 1261 1168 1261 1260 1266 1268 1269 
1267 1266 1269 1269 1268 1270 1167 1264 1171 
1172 1271 1272 1171 1271 1172 1171 1265 1271 
1171 1264 1265 1272 1273 1274 1271 1273 1272 
1274 1275 1276 1273 1275 1274 1276 1277 1278 
1275 1277 1276 1277 1279 1278 1170 1174 1266 
1280 1268 1266 1280 1266 1176 1280 1176 1281 
1174 1176 1266 1270 1268 1280 1172 1272 1177 
1178 1177 1272 1274 1178 1272 1179 1178 1274 
1276 1179 1274 1181 1179 1276 1278 1181 1276 
1183 1282 1283 1181 1282 1183 1181 1279 1282 
1181 1278 1279 1283 1284 1285 1282 1284 1283 
1285 1286 1287 1284 1286 1285 1286 1288 1287 
1289 1290 1291 1289 1185 1184 1289 1291 1185 
1291 1292 1185 1186 1185 1293 1185 1292 1293 
1187 1186 1294 1186 1293 1294 1188 1187 1295 
1187 1294 1295 1189 1188 1296 1188 1295 1296 
1281 1176 1189 1296 1281 1189 1183 1283 1190 
1191 1190 1283 1285 1191 1283 1193 1191 1285 
1287 1193 1285 1287 1288 1297 1287 1297 1193 
1193 1297 1195 1197 1195 1298 1195 1297 1298 
1290 1289 1198 1290 1198 1298 1298 1198 1197 
1184 1198 1289 1199 1299 1300 1200 1199 1300 
1201 1301 1199 1199 1301 1299 1202 1302 1201 
1201 1302 1301 1203 1303 1202 1202 1303 1302 
1204 1304 1203 1203 1304 1303 1205 1305 1204 
1204 1305 1304 1206 1306 1205 1205 1306 1305 
1208 1307 1206 1206 1307 1306 1209 1308 1309 
1209 1309 1208 1208 1309 1307 1309 1308 1310 
1212 1311 1312 1211 1212 1312 1300 1212 1200 
1311 1212 1300 1209 1213 1308 1308 1313 1310 
1308 1213 1313 1213 1214 1313 1216 1314 1214 
1214 1314 1313 1217 1315 1316 1217 1316 1216 
1216 1316 1314 1316 1315 1317 1220 1318 1319 
1219 1220 1319 1312 1220 1211 1318 1220 1312 
1217 1222 1315 1315 1320 1317 1315 1222 1320 
1222 1224 1320 1225 1321 1322 1225 1322 1224 
1224 1322 1320 1321 1323 1324 1322 1321 1324 
1324 1323 1325 1226 1326 1327 1227 1226 1327 
1319 1226 1219 1326 1226 1319 1225 1228 1321 
1230 1321 1228 1323 1321 1230 1323 1230 1231 
1323 1231 1325 1325 1231 1328 1232 1329 1233 
1232 1330 1329 1232 1227 1330 1227 1327 1330 
1231 1234 1328 1328 1234 1331 1233 1329 1236 
1238 1332 1333 1236 1332 1238 1236 1330 1332 
1236 1329 1330 1332 1334 1333 1241 1240 1335 
1241 1335 1242 1234 1243 1331 1331 1243 1336 
1333 1337 1338 1333 1338 1238 1238 1338 1245 
1334 1337 1333 1248 1247 1339 1248 1339 1340 
1240 1248 1340 1240 1340 1341 1240 1341 1335 
1342 1341 1343 1249 1341 1342 1249 1335 1341 
1249 1242 1335 1249 1342 1250 1243 1251 1336 
1336 1251 1344 1252 1345 1346 1253 1252 1346 
1338 1252 1245 1345 1252 1338 1247 1255 1339 
1256 1347 1348 1255 1256 1348 1255 1348 1340 
1255 1340 1339 1343 1349 1342 1348 1347 1350 
1250 1342 1349 1250 1349 1257 1257 1349 1351 
1344 1251 1257 1351 1344 1257 1352 1353 1259 
1352 1259 1346 1346 1259 1253 1352 1354 1353 
1347 1261 1355 1256 1261 1347 1356 1350 1347 
1356 1347 1357 1357 1347 1355 1356 1357 1358 
1259 1353 1262 1353 1354 1359 1353 1359 1262 
1262 1359 1263 1265 1360 1361 1265 1263 1360 
1263 1359 1360 1360 1362 1361 1261 1267 1355 
1269 1363 1267 1269 1364 1363 1267 1363 1355 
1365 1357 1363 1355 1363 1357 1357 1365 1358 
1269 1270 1364 1265 1361 1271 1361 1362 1366 
1361 1366 1271 1271 1366 1273 1275 1273 1367 
1273 1366 1367 1277 1275 1368 1275 1367 1368 
1279 1369 1370 1279 1277 1369 1277 1368 1369 
1370 1371 1372 1369 1371 1370 1371 1373 1372 
1374 1375 1376 1363 1374 1376 1364 1374 1363 
1364 1281 1374 1364 1280 1281 1270 1280 1364 
1279 1370 1282 1284 1282 1370 1372 1284 1370 
1372 1373 1377 1372 1377 1284 1284 1377 1286 
1288 1378 1379 1288 1286 1378 1286 1377 1378 
1379 1380 1381 1378 1380 1379 1381 1291 1290 
1381 1380 1291 1380 1382 1291 1292 1291 1383 
1291 1382 1383 1293 1292 1384 1292 1383 1384 
1294 1293 1385 1293 1384 1385 1295 1294 1386 
1294 1385 1386 1375 1374 1296 1375 1296 1386 
1386 1296 1295 1281 1296 1374 1288 1379 1297 
1298 1297 1379 1381 1298 1379 1290 1298 1381 
1387 1388 1389 1387 1390 1391 1388 1387 1391 
1391 1390 1392 1299 1393 1300 1394 1393 1299 
1394 1299 1395 1395 1299 1301 1302 1396 1301 
1301 1396 1395 1303 1397 1302 1302 1397 1396 
1304 1398 1303 1303 1398 1397 1305 1399 1304 
1304 1399 1398 1389 1306 1387 1389 1399 1306 
1399 1305 1306 1307 1387 1306 1390 1387 1307 
1390 1400 1392 1390 1307 1400 1307 1309 1400 
1310 1401 1402 1310 1402 1309 1309 1402 1400 
1401 1403 1404 1402 1401 1404 1404 1403 1405 
1311 1406 1407 1312 1311 1407 1393 1311 1300 
1393 1408 1311 1408 1406 1311 1394 1408 1393 
1310 1313 1401 1314 1401 1313 1403 1401 1314 
1403 1409 1405 1403 1314 1409 1314 1316 1409 
1317 1410 1411 1317 1411 1316 1316 1411 1409 
1410 1412 1413 1411 1410 1413 1412 1414 1415 
1413 1412 1415 1415 1414 1416 1318 1417 1418 
1319 1318 1418 1407 1318 1312 1417 1318 1407 
1317 1320 1410 1322 1410 1320 1412 1410 1322 
1324 1412 1322 1414 1412 1324 1414 1324 1325 
1414 1325 1416 1416 1325 1419 1326 1420 1327 
1421 1319 1418 1421 1420 1319 1421 1422 1420 
1420 1326 1319 1421 1423 1422 1325 1328 1419 
1419 1328 1424 1420 1425 1330 1327 1420 1330 
1426 1422 1427 1426 1425 1422 1425 1420 1422 
1423 1427 1422 1328 1331 1424 1424 1331 1428 
1330 1425 1332 1425 1334 1332 1425 1426 1334 
1426 1429 1334 1331 1336 1428 1428 1336 1430 
1337 1431 1432 1338 1337 1432 1429 1337 1334 
1431 1337 1429 1341 1340 1433 1341 1433 1343 
1434 1435 1436 1434 1436 1430 1434 1430 1344 
1344 1430 1336 1345 1437 1438 1346 1345 1438 
1432 1345 1338 1437 1345 1432 1340 1348 1433 
1350 1433 1348 1350 1439 1433 1343 1433 1349 
1349 1433 1439 1434 1440 1435 1434 1349 1440 
1434 1351 1349 1439 1440 1349 1344 1351 1434 
1346 1438 1441 1352 1346 1441 1354 1442 1443 
1354 1352 1442 1352 1441 1442 1442 1444 1443 
1350 1356 1439 1439 1356 1358 1439 1358 1440 
1440 1358 1445 1354 1443 1359 1443 1444 1446 
1443 1446 1359 1359 1446 1360 1362 1447 1448 
1362 1360 1447 1360 1446 1447 1448 1449 1450 
1447 1449 1448 1450 1451 1452 1449 1451 1450 
1452 1453 1454 1451 1453 1452 1453 1455 1454 
1365 1456 1457 1363 1456 1365 1445 1358 1365 
1457 1445 1365 1362 1448 1366 1367 1366 1448 
1450 1367 1448 1368 1367 1450 1452 1368 1450 
1369 1368 1452 1454 1369 1452 1454 1455 1458 
1454 1458 1369 1369 1458 1371 1373 1459 1460 
1373 1371 1459 1371 1458 1459 1459 1461 1460 
1376 1462 1463 1375 1462 1376 1456 1363 1376 
1463 1456 1376 1373 1460 1377 1460 1461 1464 
1460 1464 1377 1377 1464 1378 1380 1378 1465 
1378 1464 1465 1382 1380 1466 1380 1465 1466 
1383 1382 1467 1382 1466 1467 1384 1383 1468 
1383 1467 1468 1385 1384 1469 1384 1468 1469 
1386 1385 1470 1385 1469 1470 1462 1375 1386 
1470 1462 1386 1471 1472 1473 1471 1389 1388 
1471 1388 1472 1472 1388 1474 1391 1475 1388 
1388 1475 1474 1392 1476 1477 1392 1477 1391 
1391 1477 1475 1476 1478 1479 1477 1476 1479 
1479 1478 1480 1395 1481 1394 1395 1396 1482 
1481 1395 1482 1483 1482 1396 1483 1396 1484 
1484 1396 1397 1398 1485 1397 1397 1485 1484 
1473 1399 1471 1473 1485 1399 1485 1398 1399 
1389 1471 1399 1392 1400 1476 1402 1476 1400 
1478 1476 1402 1478 1486 1480 1478 1402 1486 
1402 1404 1486 1405 1487 1488 1405 1488 1404 
1404 1488 1486 1487 1489 1490 1488 1487 1490 
1489 1491 1492 1490 1489 1492 1492 1491 1493 
1406 1494 1407 1406 1408 1495 1494 1406 1495 
1408 1394 1481 1408 1481 1495 1495 1481 1496 
1497 1482 1498 1497 1496 1482 1496 1481 1482 
1483 1498 1482 1405 1409 1487 1411 1487 1409 
1489 1487 1411 1413 1489 1411 1491 1489 1413 
1491 1499 1493 1491 1413 1499 1413 1415 1499 
1499 1415 1416 1500 1499 1416 1417 1501 1418 
1417 1407 1494 1417 1494 1501 1501 1494 1502 
1495 1503 1494 1503 1502 1494 1504 1496 1505 
1504 1503 1496 1503 1495 1496 1497 1505 1496 
1416 1419 1500 1500 1419 1506 1418 1501 1421 
1423 1421 1501 1423 1501 1507 1507 1501 1502 
1508 1503 1509 1508 1507 1503 1507 1502 1503 
1504 1509 1503 1419 1424 1506 1506 1424 1510 
1427 1511 1426 1427 1512 1511 1423 1512 1427 
1423 1513 1512 1423 1507 1513 1508 1513 1507 
1424 1428 1510 1510 1428 1514 1511 1515 1516 
1511 1516 1426 1426 1516 1429 1512 1515 1511 
1517 1518 1519 1517 1519 1514 1517 1514 1430 
1430 1514 1428 1431 1520 1521 1432 1431 1521 
1516 1431 1429 1520 1431 1516 1436 1518 1517 
1436 1435 1518 1435 1522 1518 1430 1436 1517 
1437 1523 1438 1437 1524 1523 1437 1432 1524 
1432 1521 1524 1435 1440 1522 1522 1440 1525 
1438 1523 1441 1523 1524 1526 1523 1526 1441 
1441 1526 1442 1444 1527 1528 1444 1442 1527 
1442 1526 1527 1528 1529 1530 1527 1529 1528 
1530 1531 1532 1529 1531 1530 1531 1533 1532 
1534 1535 1536 1534 1536 1525 1534 1525 1445 
1445 1525 1440 1444 1528 1446 1447 1446 1528 
1530 1447 1528 1449 1447 1530 1532 1449 1530 
1532 1533 1537 1532 1537 1449 1449 1537 1451 
1453 1451 1538 1451 1537 1538 1455 1539 1540 
1455 1453 1539 1453 1538 1539 1539 1541 1540 
1542 1543 1544 1535 1542 1544 1534 1542 1535 
1534 1456 1542 1534 1457 1456 1445 1457 1534 
1455 1540 1458 1540 1541 1545 1540 1545 1458 
1458 1545 1459 1461 1546 1547 1461 1459 1546 
1459 1545 1546 1546 1548 1547 1549 1550 1551 
1543 1549 1551 1542 1549 1543 1542 1462 1549 
1542 1463 1462 1456 1463 1542 1461 1547 1464 
1547 1548 1552 1547 1552 1464 1464 1552 1465 
1466 1465 1553 1465 1552 1553 1467 1466 1554 
1466 1553 1554 1468 1467 1555 1467 1554 1555 
1469 1468 1556 1468 1555 1556 1550 1549 1470 
1550 1470 1556 1556 1470 1469 1462 1470 1549 
1472 1557 1558 1473 1472 1558 1474 1559 1472 
1472 1559 1557 1475 1560 1474 1474 1560 1559 
1477 1561 1475 1475 1561 1560 1479 1562 1477 
1477 1562 1561 1480 1563 1564 1480 1564 1479 
1479 1564 1562 1563 1565 1566 1564 1563 1566 
1566 1565 1567 1484 1568 1483 1569 1568 1484 
1569 1484 1570 1570 1484 1485 1558 1485 1473 
1570 1485 1558 1480 1486 1563 1488 1563 1486 
1565 1563 1488 1565 1571 1567 1565 1488 1571 
1488 1490 1571 1492 1572 1490 1490 1572 1571 
1493 1573 1574 1493 1574 1492 1492 1574 1572 
1574 1573 1575 1498 1576 1497 1498 1577 1576 
1483 1577 1498 1483 1578 1577 1483 1568 1578 
1569 1578 1568 1493 1499 1573 1573 1499 1500 
1573 1500 1575 1575 1500 1579 1505 1580 1504 
1505 1581 1580 1497 1581 1505 1497 1582 1581 
1497 1576 1582 1577 1582 1576 1500 1506 1579 
1579 1506 1583 1509 1584 1508 1509 1585 1584 
1504 1585 1509 1504 1586 1585 1504 1580 1586 
1581 1586 1580 1506 1510 1583 1583 1510 1587 
1513 1588 1512 1513 1589 1588 1508 1589 1513 
1508 1590 1589 1508 1584 1590 1585 1590 1584 
1591 1592 1593 1591 1593 1587 1591 1587 1514 
1514 1587 1510 1515 1594 1595 1516 1515 1595 
1588 1515 1512 1588 1596 1515 1596 1594 1515 
1589 1596 1588 1519 1592 1591 1519 1518 1592 
1518 1597 1592 1514 1519 1591 1520 1598 1599 
1521 1520 1599 1595 1520 1516 1598 1520 1595 
1518 1522 1597 1597 1522 1600 1601 1602 1524 
1601 1524 1599 1599 1524 1521 1602 1603 1604 
1601 1603 1602 1603 1605 1604 1606 1607 1608 
1606 1608 1600 1606 1600 1525 1525 1600 1522 
1524 1602 1526 1527 1526 1602 1604 1527 1602 
1604 1605 1609 1604 1609 1527 1527 1609 1529 
1531 1529 1610 1529 1609 1610 1533 1611 1612 
1533 1531 1611 1531 1610 1611 1612 1613 1614 
1611 1613 1612 1613 1615 1614 1536 1607 1606 
1536 1535 1607 1535 1616 1607 1525 1536 1606 
1533 1612 1537 1538 1537 1612 1614 1538 1612 
1614 1615 1617 1614 1617 1538 1538 1617 1539 
1541 1618 1619 1541 1539 1618 1539 1617 1618 
1618 1620 1619 1544 1621 1622 1543 1621 1544 
1616 1535 1544 1622 1616 1544 1541 1619 1545 
1619 1620 1623 1619 1623 1545 1545 1623 1546 
1548 1624 1625 1548 1546 1624 1546 1623 1624 
1625 1626 1627 1624 1626 1625 1627 1628 1629 
1626 1628 1627 1629 1630 1631 1628 1630 1629 
1631 1632 1633 1630 1632 1631 1633 1551 1550 
1633 1632 1551 1632 1634 1551 1621 1543 1551 
1634 1621 1551 1548 1625 1552 1553 1552 1625 
1627 1553 1625 1554 1553 1627 1629 1554 1627 
1555 1554 1629 1631 1555 1629 1556 1555 1631 
1633 1556 1631 1550 1556 1633 1557 1635 1636 
1558 1557 1636 1559 1637 1557 1557 1637 1635 
1560 1638 1559 1559 1638 1637 1561 1639 1560 
1560 1639 1638 1562 1640 1561 1561 1640 1639 
1564 1641 1562 1562 1641 1640 1566 1642 1564 
1564 1642 1641 1567 1643 1644 1567 1644 1566 
1566 1644 1642 1643 1645 1646 1644 1643 1646 
1646 1645 1647 1570 1648 1649 1569 1570 1649 
1636 1570 1558 1648 1570 1636 1567 1571 1643 
1572 1643 1571 1645 1643 1572 1645 1650 1647 
1645 1572 1650 1572 1574 1650 1650 1574 1575 
1651 1650 1575 1578 1652 1577 1578 1653 1652 
1578 1569 1653 1569 1649 1653 1575 1579 1651 
1651 1579 1654 1582 1655 1581 1582 1656 1655 
1577 1656 1582 1577 1657 1656 1577 1652 1657 
1653 1657 1652 1579 1583 1654 1654 1583 1658 
1586 1659 1660 1585 1586 1660 1655 1586 1581 
1655 1661 1586 1661 1659 1586 1656 1661 1655 
1583 1587 1658 1658 1587 1662 1663 1664 1665 
1663 1589 1590 1663 1590 1664 1664 1590 1666 
1660 1590 1585 1666 1590 1660 1593 1667 1668 
1592 1667 1593 1662 1587 1593 1668 1662 1593 
1594 1669 1670 1595 1594 1670 1665 1596 1663 
1665 1669 1596 1669 1594 1596 1589 1663 1596 
1592 1597 1667 1667 1597 1671 1598 1672 1599 
1673 1595 1670 1673 1672 1595 1673 1674 1672 
1672 1598 1595 1673 1675 1674 1597 1600 1671 
1671 1600 1676 1599 1672 1601 1603 1601 1672 
1674 1603 1672 1605 1677 1678 1603 1677 1605 
1603 1675 1677 1603 1674 1675 1678 1679 1680 
1677 1679 1678 1680 1681 1682 1679 1681 1680 
1682 1683 1684 1681 1683 1682 1683 1685 1684 
1608 1686 1687 1607 1686 1608 1676 1600 1608 
1687 1676 1608 1605 1678 1609 1610 1609 1678 
1680 1610 1678 1611 1610 1680 1682 1611 1680 
1613 1611 1682 1684 1613 1682 1615 1688 1689 
1613 1688 1615 1613 1685 1688 1613 1684 1685 
1688 1690 1689 1691 1692 1693 1691 1693 1686 
1691 1686 1616 1616 1686 1607 1615 1689 1617 
1689 1690 1694 1689 1694 1617 1617 1694 1618 
1620 1695 1696 1620 1618 1695 1618 1694 1695 
1695 1697 1696 1698 1699 1700 1692 1698 1700 
1691 1698 1692 1691 1621 1698 1691 1622 1621 
1616 1622 1691 1620 1696 1623 1696 1697 1701 
1696 1701 1623 1623 1701 1624 1626 1624 1702 
1624 1701 1702 1628 1626 1703 1626 1702 1703 
1630 1628 1704 1628 1703 1704 1632 1630 1705 
1630 1704 1705 1699 1698 1634 1699 1634 1705 
1705 1634 1632 1621 1634 1698 1706 1707 1708 
1706 1709 1710 1707 1706 1710 1709 1711 1712 
1710 1709 1712 1711 1713 1714 1712 1711 1714 
1713 1715 1716 1714 1713 1716 1716 1715 1717 
1635 1718 1719 1636 1635 1719 1637 1720 1635 
1635 1720 1718 1708 1638 1706 1708 1720 1638 
1720 1637 1638 1639 1706 1638 1709 1706 1639 
1640 1709 1639 1711 1709 1640 1641 1711 1640 
1713 1711 1641 1642 1713 1641 1715 1713 1642 
1715 1721 1717 1715 1642 1721 1642 1644 1721 
1646 1722 1644 1644 1722 1721 1647 1723 1724 
1647 1724 1646 1646 1724 1722 1724 1723 1725 
1648 1726 1727 1649 1648 1727 1719 1648 1636 
1726 1648 1719 1647 1650 1723 1723 1650 1651 
1723 1651 1725 1725 1651 1728 1729 1730 1731 
1729 1727 1730 1729 1653 1727 1653 1649 1727 
1651 1654 1728 1728 1654 1732 1733 1734 1735 
1731 1734 1733 1729 1731 1733 1729 1733 1656 
1729 1656 1657 1653 1729 1657 1654 1658 1732 
1732 1658 1736 1737 1738 1739 1737 1660 1659 
1737 1659 1738 1738 1659 1740 1735 1661 1733 
1735 1740 1661 1740 1659 1661 1656 1733 1661 
1741 1742 1743 1741 1743 1736 1741 1736 1662 
1662 1736 1658 1744 1745 1746 1744 1665 1664 
1744 1664 1745 1745 1664 1747 1739 1666 1737 
1739 1747 1666 1747 1664 1666 1660 1737 1666 
1668 1742 1741 1668 1667 1742 1667 1748 1742 
1662 1668 1741 1669 1749 1670 1744 1746 1750 
1750 1665 1744 1750 1751 1665 1669 1665 1749 
1749 1665 1751 1667 1671 1748 1748 1671 1752 
1670 1749 1673 1675 1753 1754 1673 1753 1675 
1673 1751 1753 1673 1749 1751 1754 1755 1756 
1753 1755 1754 1756 1757 1758 1755 1757 1756 
1758 1759 1760 1757 1759 1758 1759 1761 1760 
1762 1763 1764 1762 1764 1752 1762 1752 1676 
1676 1752 1671 1675 1754 1677 1679 1677 1754 
1756 1679 1754 1681 1679 1756 1758 1681 1756 
1683 1681 1758 1760 1683 1758 1685 1765 1766 
1683 1765 1685 1683 1761 1765 1683 1760 1761 
1765 1767 1766 1768 1769 1770 1763 1768 1770 
1762 1768 1763 1762 1686 1768 1762 1687 1686 
1676 1687 1762 1685 1766 1688 1690 1771 1772 
1688 1771 1690 1688 1767 1771 1688 1766 1767 
1771 1773 1772 1774 1775 1776 1769 1774 1776 
1768 1774 1769 1768 1692 1774 1768 1693 1692 
1686 1693 1768 1690 1772 1694 1772 1773 1777 
1772 1777 1694 1694 1777 1695 1697 1778 1779 
1697 1695 1778 1695 1777 1778 1779 1780 1781 
1778 1780 1779 1781 1782 1783 1780 1782 1781 
1783 1784 1785 1782 1784 1783 1785 1786 1787 
1784 1786 1785 1775 1787 1786 1774 1787 1775 
1774 1699 1787 1774 1700 1699 1692 1700 1774 
1697 1779 1701 1702 1701 1779 1781 1702 1779 
1703 1702 1781 1783 1703 1781 1704 1703 1783 
1785 1704 1783 1705 1704 1785 1787 1705 1785 
1699 1705 1787 1707 1788 1789 1708 1707 1789 
1710 1790 1707 1707 1790 1788 1712 1791 1710 
1710 1791 1790 1714 1792 1712 1712 1792 1791 
1716 1793 1714 1714 1793 1792 1717 1794 1795 
1717 1795 1716 1716 1795 1793 1794 1796 1797 
1795 1794 1797 1796 1798 1799 1797 1796 1799 
1799 1798 1800 1801 1802 1803 1801 1719 1718 
1801 1718 1802 1802 1718 1804 1720 1805 1718 
1718 1805 1804 1789 1720 1708 1805 1720 1789 
1717 1721 1794 1722 1794 1721 1796 1794 1722 
1724 1796 1722 1798 1796 1724 1798 1724 1725 
1798 1725 1800 1800 1725 1806 1807 1808 1809 
1803 1808 1807 1801 1803 1807 1801 1807 1727 
1801 1727 1726 1719 1801 1726 1725 1728 1806 
1806 1728 1810 1811 1812 1813 1809 1812 1811 
1807 1809 1811 1807 1811 1731 1807 1731 1730 
1727 1807 1730 1728 1732 1810 1810 1732 1814 
1815 1816 1817 1815 1818 1819 1816 1815 1819 
1813 1819 1818 1811 1813 1818 1811 1818 1735 
1811 1735 1734 1731 1811 1734 1732 1736 1814 
1814 1736 1820 1821 1822 1823 1817 1822 1821 
1815 1817 1821 1815 1821 1739 1815 1739 1738 
1740 1815 1738 1818 1815 1740 1735 1818 1740 
1743 1824 1825 1742 1824 1743 1820 1736 1743 
1825 1820 1743 1745 1826 1746 1821 1823 1827 
1821 1827 1745 1821 1745 1747 1826 1745 1827 
1739 1821 1747 1828 1829 1830 1828 1830 1824 
1828 1824 1748 1748 1824 1742 1746 1826 1750 
1751 1831 1832 1750 1831 1751 1750 1827 1831 
1750 1826 1827 1832 1833 1834 1831 1833 1832 
1834 1835 1836 1833 1835 1834 1835 1837 1836 
1838 1829 1828 1839 1829 1838 1748 1752 1838 
1828 1748 1838 1751 1832 1753 1755 1753 1832 
1834 1755 1832 1757 1755 1834 1836 1757 1834 
1836 1837 1840 1836 1840 1757 1757 1840 1759 
1761 1841 1842 1761 1759 1841 1759 1840 1841 
1841 1843 1842 1844 1845 1846 1839 1844 1846 
1838 1844 1839 1838 1763 1844 1838 1764 1763 
1752 1764 1838 1761 1842 1765 1767 1847 1848 
1765 1847 1767 1765 1843 1847 1765 1842 1843 
1847 1849 1848 1850 1851 1852 1845 1850 1852 
1844 1850 1845 1844 1769 1850 1844 1770 1769 
1763 1770 1844 1767 1848 1771 1773 1853 1854 
1771 1853 1773 1771 1849 1853 1771 1848 1849 
1854 1855 1856 1853 1855 1854 1856 1857 1858 
1855 1857 1856 1858 1859 1860 1857 1859 1858 
1860 1861 1862 1859 1861 1860 1862 1863 1864 
1861 1863 1862 1851 1864 1863 1850 1864 1851 
1850 1775 1864 1850 1776 1775 1769 1776 1850 
1773 1854 1777 1778 1777 1854 1856 1778 1854 
1780 1778 1856 1858 1780 1856 1782 1780 1858 
1860 1782 1858 1784 1782 1860 1862 1784 1860 
1786 1784 1862 1864 1786 1862 1775 1786 1864 
1865 1866 1867 1865 1868 1869 1866 1865 1869 
1868 1870 1871 1869 1868 1871 1871 1870 1872 
1873 1874 1875 1873 1789 1788 1873 1788 1874 
1874 1788 1876 1790 1877 1788 1788 1877 1876 
1791 1878 1790 1790 1878 1877 1867 1792 1865 
1867 1878 1792 1878 1791 1792 1793 1865 1792 
1868 1865 1793 1795 1868 1793 1870 1868 1795 
1870 1879 1872 1870 1795 1879 1795 1797 1879 
1799 1880 1797 1797 1880 1879 1880 1799 1800 
1881 1880 1800 1882 1883 1884 1882 1803 1802 
1882 1802 1883 1883 1802 1885 1804 1886 1802 
1802 1886 1885 1875 1805 1873 1875 1886 1805 
1886 1804 1805 1789 1873 1805 1800 1806 1881 
1881 1806 1887 1888 1889 1890 1884 1889 1888 
1882 1884 1888 1882 1888 1809 1882 1809 1808 
1803 1882 1808 1806 1810 1887 1887 1810 1891 
1892 1893 1894 1890 1893 1892 1888 1890 1892 
1888 1892 1813 1888 1813 1812 1809 1888 1812 
1810 1814 1891 1891 1814 1895 1896 1897 1898 
1896 1817 1816 1896 1816 1897 1897 1816 1899 
1894 1819 1892 1894 1899 1819 1899 1816 1819 
1813 1892 1819 1900 1901 1902 1900 1902 1895 
1900 1895 1820 1820 1895 1814 1903 1904 1905 
1898 1904 1903 1896 1898 1903 1896 1903 1823 
1896 1823 1822 1817 1896 1822 1906 1907 1908 
1901 1906 1908 1900 1906 1901 1900 1824 1906 
1900 1825 1824 1820 1825 1900 1903 1905 1909 
1903 1827 1823 1903 1910 1827 1903 1909 1910 
1911 1827 1910 1910 1912 1911 1830 1907 1906 
1830 1829 1907 1829 1913 1907 1824 1830 1906 
1827 1911 1831 1911 1912 1914 1911 1914 1831 
1831 1914 1833 1835 1833 1915 1833 1914 1915 
1837 1916 1917 1837 1835 1916 1835 1915 1916 
1917 1918 1919 1916 1918 1917 1918 1920 1919 
1921 1922 1923 1921 1923 1913 1921 1913 1839 
1839 1913 1829 1837 1917 1840 1841 1840 1917 
1919 1841 1917 1843 1924 1925 1841 1924 1843 
1841 1920 1924 1841 1919 1920 1924 1926 1925 
1927 1928 1929 1922 1927 1929 1921 1927 1922 
1921 1845 1927 1921 1846 1845 1839 1846 1921 
1843 1925 1847 1849 1930 1931 1847 1930 1849 
1847 1926 1930 1847 1925 1926 1931 1932 1933 
1930 1932 1931 1933 1934 1935 1932 1934 1933 
1934 1936 1935 1937 1938 1939 1937 1940 1941 
1939 1940 1937 1928 1941 1940 1927 1941 1928 
1927 1851 1941 1927 1852 1851 1845 1852 1927 
1849 1931 1853 1855 1853 1931 1933 1855 1931 
1857 1855 1933 1935 1857 1933 1935 1936 1942 
1935 1942 1857 1857 1942 1859 1938 1937 1861 
1938 1861 1942 1942 1861 1859 1863 1861 1937 
1941 1863 1937 1851 1863 1941 1943 1944 1945 
1943 1946 1947 1944 1943 1947 1946 1948 1949 
1947 1946 1949 1948 1867 1866 1948 1866 1949 
1949 1866 1950 1869 1951 1866 1866 1951 1950 
1871 1952 1869 1869 1952 1951 1872 1953 1954 
1872 1954 1871 1871 1954 1952 1953 1955 1956 
1954 1953 1956 1956 1955 1957 1958 1959 1960 
1958 1961 1962 1959 1958 1962 1961 1963 1964 
1962 1961 1964 1963 1875 1874 1963 1874 1964 
1964 1874 1965 1945 1876 1943 1945 1965 1876 
1965 1874 1876 1877 1943 1876 1946 1943 1877 
1878 1946 1877 1948 1946 1878 1867 1948 1878 
1872 1879 1953 1880 1953 1879 1955 1953 1880 
1955 1880 1881 1955 1881 1957 1957 1881 1966 
1967 1968 1969 1960 1968 1967 1958 1960 1967 
1958 1967 1884 1958 1884 1883 1885 1958 1883 
1961 1958 1885 1886 1961 1885 1963 1961 1886 
1875 1963 1886 1881 1887 1966 1966 1887 1970 
1971 1972 1973 1969 1972 1971 1967 1969 1971 
1967 1971 1890 1967 1890 1889 1884 1967 1889 
1887 1891 1970 1970 1891 1974 1975 1976 1977 
1975 1978 1979 1976 1975 1979 1973 1979 1978 
1971 1973 1978 1971 1978 1894 1971 1894 1893 
1890 1971 1893 1891 1895 1974 1974 1895 1980 
1981 1982 1983 1977 1982 1981 1975 1977 1981 
1975 1981 1898 1975 1898 1897 1899 1975 1897 
1978 1975 1899 1894 1978 1899 1902 1984 1985 
1901 1984 1902 1980 1895 1902 1985 1980 1902 
1904 1986 1905 1981 1983 1987 1986 1898 1988 
1986 1904 1898 1988 1898 1989 1981 1987 1898 
1989 1898 1987 1989 1990 1988 1908 1991 1992 
1907 1991 1908 1984 1901 1908 1992 1984 1908 
1905 1986 1909 1910 1909 1986 1988 1910 1986 
1912 1993 1994 1910 1993 1912 1910 1990 1993 
1910 1988 1990 1994 1995 1996 1993 1995 1994 
1996 1997 1998 1995 1997 1996 1998 1999 2000 
1997 1999 1998 1999 2001 2000 2002 2003 2004 
2002 2004 1991 2002 1991 1913 1913 1991 1907 
1912 1994 1914 1915 1914 1994 1996 1915 1994 
1916 1915 1996 1998 1916 1996 1918 1916 1998 
2000 1918 1998 1920 2005 2006 1918 2005 1920 
1918 2001 2005 1918 2000 2001 2005 2007 2006 
1923 2003 2002 1923 1922 2003 1922 2008 2003 
1913 1923 2002 1920 2006 1924 1926 2009 2010 
1924 2009 1926 1924 2007 2009 1924 2006 2007 
2010 2011 2012 2009 2011 2010 2012 2013 2014 
2011 2013 2012 2013 2015 2014 2016 2017 2018 
2016 1929 1928 2016 2018 1929 2018 2019 1929 
2008 1922 1929 2019 2008 1929 1926 2010 1930 
1932 1930 2010 2012 1932 2010 1934 1932 2012 
2014 1934 2012 1936 2020 2021 1934 2020 1936 
1934 2015 2020 1934 2014 2015 2021 1939 1938 
2021 2020 1939 2020 2022 1939 2017 2016 1940 
2017 1940 2022 2022 1940 1939 1928 1940 2016 
1936 2021 1942 1938 1942 2021 2023 2024 2025 
2024 2023 2026 2027 2028 2029 2027 1945 1944 
2027 1944 2028 2028 1944 2030 1947 2031 1944 
1944 2031 2030 1949 2032 1947 1947 2032 2031 
1950 2033 1949 1949 2033 2032 1951 2034 1950 
1950 2034 2033 2025 1952 2023 2025 2034 1952 
2034 1951 1952 2023 2035 2026 2023 1952 2035 
1952 1954 2035 1956 2036 1954 1954 2036 2035 
2036 1956 1957 2037 2036 1957 1959 2038 2039 
1960 1959 2039 1962 2040 1959 1959 2040 2038 
1964 2041 1962 1962 2041 2040 2029 1965 2027 
2029 2041 1965 2041 1964 1965 1945 2027 1965 
1957 1966 2037 2037 1966 2042 2043 2044 2045 
2043 1969 1968 2043 1968 2044 2044 1968 2046 
2039 1968 1960 2046 1968 2039 1966 1970 2042 
2042 1970 2047 2048 2049 2050 2048 2051 2052 
2049 2048 2052 2045 2052 2051 2043 2045 2051 
2043 2051 1973 2043 1973 1972 1969 2043 1972 
2053 2054 2055 2053 2055 2047 2053 2047 1974 
1974 2047 1970 2056 2057 2058 2050 2057 2056 
2048 2050 2056 2048 2056 1977 2048 1977 1976 
1979 2048 1976 2051 2048 1979 1973 2051 1979 
2059 2054 2053 2060 2054 2059 1974 1980 2059 
2053 1974 2059 1982 2061 1983 2056 2058 2062 
2062 1977 2056 2062 2063 1977 1982 1977 2061 
2061 1977 2063 2064 2065 2066 2060 2064 2066 
2059 2064 2060 2059 1984 2064 2059 1985 1984 
1980 1985 2059 1983 2061 1987 2061 2063 2067 
2061 2067 1987 1987 2067 1989 1990 2068 2069 
1990 1989 2068 1989 2067 2068 2069 2070 2071 
2068 2070 2069 2071 2072 2073 2070 2072 2071 
2073 2074 2075 2072 2074 2073 2074 2076 2075 
2077 2078 2079 2065 2077 2079 2064 2077 2065 
2064 1991 2077 2064 1992 1991 1984 1992 2064 
1990 2069 1993 1995 1993 2069 2071 1995 2069 
1997 1995 2071 2073 1997 2071 1999 1997 2073 
2075 1999 2073 2001 2080 2081 1999 2080 2001 
1999 2076 2080 1999 2075 2076 2080 2082 2081 
2004 2078 2077 2004 2003 2078 2003 2083 2078 
1991 2004 2077 2001 2081 2005 2007 2084 2085 
2005 2084 2007 2005 2082 2084 2005 2081 2082 
2085 2086 2087 2084 2086 2085 2086 2088 2087 
2089 2090 2091 2089 2092 2093 2091 2092 2089 
2093 2092 2083 2093 2083 2008 2008 2083 2003 
2007 2085 2009 2011 2009 2085 2087 2011 2085 
2087 2088 2094 2087 2094 2011 2011 2094 2013 
2015 2095 2096 2015 2013 2095 2013 2094 2095 
2096 2097 2098 2095 2097 2096 2090 2098 2097 
2089 2098 2090 2089 2017 2098 2089 2018 2017 
2019 2018 2089 2093 2019 2089 2008 2019 2093 
2015 2096 2020 2022 2020 2096 2098 2022 2096 
2017 2022 2098 2099 2100 2101 2099 2102 2103 
2100 2099 2103 2102 2025 2024 2102 2024 2103 
2103 2024 2104 2026 2105 2106 2026 2106 2024 
2024 2106 2104 2105 2107 2108 2106 2105 2108 
2108 2107 2109 2110 2111 2112 2110 2113 2114 
2111 2110 2114 2113 2115 2116 2114 2113 2116 
2115 2029 2028 2115 2028 2116 2116 2028 2117 
2030 2118 2028 2028 2118 2117 2031 2119 2030 
2030 2119 2118 2032 2120 2031 2031 2120 2119 
2101 2033 2099 2101 2120 2033 2120 2032 2033 
2034 2099 2033 2102 2099 2034 2025 2102 2034 
2026 2035 2105 2036 2105 2035 2107 2105 2036 
2107 2036 2037 2107 2037 2109 2109 2037 2121 
2122 2123 2124 2122 2125 2126 2123 2122 2126 
2112 2126 2125 2110 2112 2125 2110 2125 2039 
2110 2039 2038 2040 2110 2038 2113 2110 2040 
2041 2113 2040 2115 2113 2041 2029 2115 2041 
2037 2042 2121 2121 2042 2127 2128 2129 2130 
2128 2131 2132 2129 2128 2132 2124 2132 2131 
2122 2124 2131 2122 2131 2045 2122 2045 2044 
2046 2122 2044 2125 2122 2046 2039 2125 2046 
2042 2047 2127 2127 2047 2133 2134 2135 2136 
2130 2135 2134 2128 2130 2134 2128 2134 2050 
2128 2050 2049 2052 2128 2049 2131 2128 2052 
2045 2131 2052 2055 2137 2138 2054 2137 2055 
2133 2047 2055 2138 2133 2055 2057 2139 2058 
2134 2136 2140 2140 2050 2134 2140 2141 2050 
2057 2050 2139 2139 2050 2141 2142 2143 2144 
2142 2144 2137 2142 2137 2060 2060 2137 2054 
2058 2139 2062 2063 2145 2146 2062 2145 2063 
2062 2141 2145 2062 2139 2141 2146 2147 2148 
2145 2147 2146 2148 2149 2150 2147 2149 2148 
2150 2151 2152 2149 2151 2150 2151 2153 2152 
2066 2143 2142 2066 2065 2143 2065 2154 2143 
2060 2066 2142 2063 2146 2067 2068 2067 2146 
2148 2068 2146 2070 2068 2148 2150 2070 2148 
2072 2070 2150 2152 2072 2150 2152 2153 2155 
2152 2155 2072 2072 2155 2074 2076 2156 2157 
2076 2074 2156 2074 2155 2156 2156 2158 2157 
2079 2159 2160 2078 2159 2079 2154 2065 2079 
2160 2154 2079 2076 2157 2080 2082 2161 2162 
2080 2161 2082 2080 2158 2161 2080 2157 2158 
2161 2163 2162 2164 2165 2166 2164 2166 2159 
2164 2159 2083 2083 2159 2078 2082 2162 2084 
2162 2163 2167 2162 2167 2084 2084 2167 2086 
2088 2168 2169 2088 2086 2168 2086 2167 2168 
2169 2170 2171 2168 2170 2169 2171 2172 2173 
2170 2172 2171 2173 2091 2090 2173 2172 2091 
2172 2174 2091 2165 2164 2092 2165 2092 2174 
2174 2092 2091 2083 2092 2164 2088 2169 2094 
2095 2094 2169 2171 2095 2169 2097 2095 2171 
2173 2097 2171 2090 2097 2173 2175 2176 2177 
2175 2178 2179 2176 2175 2179 2178 2180 2181 
2179 2178 2181 2180 2182 2183 2181 2180 2183 
2183 2182 2184 2185 2186 2187 2186 2185 2188 
2189 2190 2191 2189 2192 2193 2190 2189 2193 
2192 2194 2195 2193 2192 2195 2194 2196 2197 
2195 2194 2197 2177 2197 2196 2175 2177 2196 
2175 2196 2101 2175 2101 2100 2103 2175 2100 
2178 2175 2103 2104 2178 2103 2180 2178 2104 
2106 2180 2104 2182 2180 2106 2182 2198 2184 
2182 2106 2198 2106 2108 2198 2198 2108 2109 
2199 2198 2109 2200 2201 2202 2200 2203 2204 
2201 2200 2204 2187 2204 2203 2185 2187 2203 
2185 2203 2112 2185 2112 2111 2185 2205 2188 
2185 2111 2205 2111 2114 2205 2116 2206 2114 
2114 2206 2205 2191 2117 2189 2191 2206 2117 
2206 2116 2117 2118 2189 2117 2192 2189 2118 
2119 2192 2118 2194 2192 2119 2120 2194 2119 
2196 2194 2120 2101 2196 2120 2109 2121 2199 
2199 2121 2207 2208 2209 2210 2208 2211 2212 
2209 2208 2212 2202 2212 2211 2200 2202 2211 
2200 2211 2124 2200 2124 2123 2126 2200 2123 
2203 2200 2126 2112 2203 2126 2121 2127 2207 
2207 2127 2213 2214 2215 2216 2210 2215 2214 
2208 2210 2214 2208 2214 2130 2208 2130 2129 
2132 2208 2129 2211 2208 2132 2124 2211 2132 
2217 2218 2219 2217 2219 2213 2217 2213 2133 
2133 2213 2127 2135 2214 2216 2135 2216 2136 
2136 2216 2220 2130 2214 2135 2138 2218 2217 
2138 2137 2218 2137 2221 2218 2133 2138 2217 
2136 2220 2222 2140 2136 2222 2141 2223 2224 
2141 2140 2223 2140 2222 2223 2224 2225 2226 
2223 2225 2224 2226 2227 2228 2225 2227 2226 
2227 2229 2228 2144 2230 2231 2143 2230 2144 
2221 2137 2144 2231 2221 2144 2141 2224 2145 
2147 2145 2224 2226 2147 2224 2149 2147 2226 
2228 2149 2226 2228 2229 2232 2228 2232 2149 
2149 2232 2151 2153 2233 2234 2153 2151 2233 
2151 2232 2233 2233 2235 2234 2236 2237 2238 
2236 2238 2230 2236 2230 2154 2154 2230 2143 
2153 2234 2155 2234 2235 2239 2234 2239 2155 
2155 2239 2156 2158 2240 2241 2158 2156 2240 
2156 2239 2240 2240 2242 2241 2243 2244 2245 
2237 2243 2245 2236 2243 2237 2236 2159 2243 
2236 2160 2159 2154 2160 2236 2158 2241 2161 
2163 2246 2247 2161 2246 2163 2161 2242 2246 
2161 2241 2242 2247 2248 2249 2246 2248 2247 
2249 2250 2251 2248 2250 2249 2251 2252 2253 
2250 2252 2251 2253 2254 2255 2252 2254 2253 
2244 2255 2254 2243 2255 2244 2243 2165 2255 
2243 2166 2165 2159 2166 2243 2163 2247 2167 
2168 2167 2247 2249 2168 2247 2170 2168 2249 
2251 2170 2249 2172 2170 2251 2253 2172 2251 
2174 2172 2253 2255 2174 2253 2165 2174 2255 
2256 2257 2258 2256 2259 2260 2257 2256 2260 
2260 2259 2261 2262 2263 2264 2262 2265 2266 
2263 2262 2266 2265 2267 2268 2266 2265 2268 
2267 2269 2270 2268 2267 2270 2269 2177 2176 
2269 2176 2270 2270 2176 2271 2179 2272 2176 
2176 2272 2271 2181 2273 2179 2179 2273 2272 
2183 2274 2181 2181 2274 2273 2274 2183 2184 
2275 2274 2184 2276 2277 2278 2258 2277 2276 
2258 2276 2256 2256 2276 2279 2259 2256 2280 
2280 2256 2279 2187 2186 2281 2187 2281 2259 
2187 2259 2280 2261 2259 2281 2188 2282 2283 
2188 2283 2186 2186 2283 2281 2282 2284 2285 
2283 2282 2285 2264 2285 2284 2262 2264 2284 
2262 2284 2191 2262 2191 2190 2193 2262 2190 
2265 2262 2193 2195 2265 2193 2267 2265 2195 
2197 2267 2195 2269 2267 2197 2177 2269 2197 
2184 2286 2275 2198 2286 2184 2199 2287 2288 
2199 2288 2198 2198 2288 2286 2288 2287 2289 
2290 2291 2292 2278 2291 2290 2278 2290 2276 
2276 2290 2293 2201 2293 2202 2201 2279 2293 
2279 2276 2293 2204 2279 2201 2280 2279 2204 
2187 2280 2204 2188 2205 2282 2206 2282 2205 
2284 2282 2206 2191 2284 2206 2287 2294 2295 
2287 2199 2294 2199 2207 2294 2289 2287 2295 
2296 2297 2298 2292 2297 2296 2290 2292 2296 
2290 2296 2210 2290 2210 2209 2212 2290 2209 
2293 2290 2212 2202 2293 2212 2207 2213 2294 
2294 2213 2299 2300 2301 2302 2298 2301 2300 
2296 2298 2300 2296 2300 2216 2296 2216 2215 
2210 2296 2215 2219 2303 2304 2218 2303 2219 
2299 2213 2219 2304 2299 2219 2300 2302 2305 
2300 2220 2216 2300 2306 2220 2300 2305 2306 
2307 2220 2306 2307 2308 2309 2306 2308 2307 
2309 2310 2311 2308 2310 2309 2311 2312 2313 
2310 2312 2311 2312 2314 2313 2218 2221 2303 
2303 2221 2315 2220 2307 2222 2223 2222 2307 
2309 2223 2307 2225 2223 2309 2311 2225 2309 
2227 2225 2311 2313 2227 2311 2229 2316 2317 
2227 2316 2229 2227 2314 2316 2227 2313 2314 
2317 2318 2319 2316 2318 2317 2318 2320 2319 
2231 2321 2322 2230 2321 2231 2315 2221 2231 
2322 2315 2231 2229 2317 2232 2233 2232 2317 
2319 2233 2317 2235 2323 2324 2233 2323 2235 
2233 2320 2323 2233 2319 2320 2323 2325 2324 
2238 2326 2327 2237 2326 2238 2321 2230 2238 
2327 2321 2238 2235 2324 2239 2324 2325 2328 
2324 2328 2239 2239 2328 2240 2242 2329 2330 
2242 2240 2329 2240 2328 2329 2330 2331 2332 
2329 2331 2330 2332 2333 2334 2331 2333 2332 
2334 2335 2336 2333 2335 2334 2336 2337 2338 
2335 2337 2336 2338 2245 2244 2338 2337 2245 
2337 2339 2245 2326 2237 2245 2339 2326 2245 
2242 2330 2246 2248 2246 2330 2332 2248 2330 
2250 2248 2332 2334 2250 2332 2252 2250 2334 
2336 2252 2334 2254 2252 2336 2338 2254 2336 
2244 2254 2338 2340 2341 2342 2341 2340 2343 
2344 2345 2346 2344 2347 2348 2345 2344 2348 
2347 2349 2350 2348 2347 2350 2349 2351 2352 
2350 2349 2352 2352 2351 2353 2354 2355 2356 
2354 2357 2358 2355 2354 2358 2357 2258 2257 
2357 2257 2358 2358 2257 2359 2260 2360 2257 
2257 2360 2359 2261 2361 2362 2261 2362 2260 
2260 2362 2360 2361 2363 2364 2362 2361 2364 
2363 2365 2366 2364 2363 2366 2342 2366 2365 
2340 2342 2365 2340 2365 2264 2340 2264 2263 
2340 2367 2343 2340 2263 2367 2263 2266 2367 
2268 2368 2266 2266 2368 2367 2346 2270 2344 
2346 2368 2270 2368 2268 2270 2271 2344 2270 
2347 2344 2271 2272 2347 2271 2349 2347 2272 
2273 2349 2272 2351 2349 2273 2351 2369 2353 
2351 2273 2369 2273 2274 2369 2369 2274 2275 
2370 2369 2275 2371 2372 2373 2356 2372 2371 
2356 2371 2354 2354 2371 2374 2277 2374 2278 
2277 2357 2374 2357 2354 2374 2258 2357 2277 
2261 2281 2361 2283 2361 2281 2363 2361 2283 
2285 2363 2283 2365 2363 2285 2264 2365 2285 
2275 2375 2370 2286 2375 2275 2376 2377 2375 
2376 2375 2288 2288 2375 2286 2288 2289 2376 
2378 2371 2373 2379 2378 2373 2291 2378 2292 
2291 2374 2378 2374 2371 2378 2278 2374 2291 
2295 2377 2376 2295 2294 2377 2294 2380 2377 
2289 2295 2376 2297 2378 2379 2297 2379 2298 
2298 2379 2381 2292 2378 2297 2294 2299 2380 
2380 2299 2382 2301 2383 2302 2384 2298 2381 
2384 2383 2298 2384 2385 2383 2383 2301 2298 
2385 2386 2387 2384 2386 2385 2387 2388 2389 
2386 2388 2387 2388 2390 2389 2304 2391 2392 
2303 2391 2304 2382 2299 2304 2392 2382 2304 
2302 2383 2305 2306 2305 2383 2385 2306 2383 
2308 2306 2385 2387 2308 2385 2310 2308 2387 
2389 2310 2387 2389 2390 2393 2389 2393 2310 
2310 2393 2312 2314 2394 2395 2314 2312 2394 
2312 2393 2394 2394 2396 2395 2397 2398 2399 
2397 2399 2391 2397 2391 2315 2315 2391 2303 
2314 2395 2316 2395 2396 2400 2395 2400 2316 
2316 2400 2318 2320 2401 2402 2320 2318 2401 
2318 2400 2401 2401 2403 2402 2404 2405 2406 
2398 2404 2406 2397 2404 2398 2397 2321 2404 
2397 2322 2321 2315 2322 2397 2320 2402 2323 
2325 2407 2408 2323 2407 2325 2323 2403 2407 
2323 2402 2403 2407 2409 2408 2410 2411 2412 
2405 2410 2412 2404 2410 2405 2404 2326 2410 
2404 2327 2326 2321 2327 2404 2325 2408 2328 
2408 2409 2413 2408 2413 2328 2328 2413 2329 
2331 2329 2414 2329 2413 2414 2333 2331 2415 
2331 2414 2415 2335 2333 2416 2333 2415 2416 
2337 2335 2417 2335 2416 2417 2411 2410 2339 
2411 2339 2417 2417 2339 2337 2326 2339 2410 
2418 2419 2420 2418 2421 2422 2419 2418 2422 
2422 2421 2423 2424 2425 2426 2424 2427 2428 
2425 2424 2428 2427 2429 2430 2428 2427 2430 
2429 2431 2432 2430 2429 2432 2431 2433 2434 
2432 2431 2434 2433 2435 2436 2434 2433 2436 
2435 2437 2438 2436 2435 2438 2437 2439 2440 
2438 2437 2440 2439 2441 2442 2440 2439 2442 
2441 2342 2341 2441 2341 2442 2442 2341 2443 
2343 2444 2445 2343 2445 2341 2341 2445 2443 
2444 2446 2447 2445 2444 2447 2446 2346 2345 
2446 2345 2447 2447 2345 2448 2420 2348 2418 
2420 2448 2348 2448 2345 2348 2350 2418 2348 
2421 2418 2350 2421 2449 2423 2421 2350 2449 
2350 2352 2449 2449 2352 2353 2450 2449 2353 
2451 2424 2426 2452 2451 2426 2427 2424 2453 
2453 2424 2451 2355 2453 2356 2355 2429 2453 
2429 2427 2453 2358 2429 2355 2431 2429 2358 
2359 2431 2358 2433 2431 2359 2360 2433 2359 
2435 2433 2360 2362 2435 2360 2437 2435 2362 
2364 2437 2362 2439 2437 2364 2366 2439 2364 
2441 2439 2366 2342 2441 2366 2343 2367 2444 
2368 2444 2367 2446 2444 2368 2346 2446 2368 
2353 2454 2450 2369 2454 2353 2454 2369 2370 
2455 2454 2370 2456 2451 2452 2457 2456 2452 
2372 2456 2373 2372 2453 2456 2453 2451 2456 
2356 2453 2372 2458 2370 2375 2458 2459 2370 
2459 2455 2370 2375 2377 2458 2460 2456 2457 
2461 2460 2457 2373 2460 2379 2456 2460 2373 
2458 2462 2459 2462 2458 2377 2462 2377 2463 
2463 2377 2380 2460 2461 2464 2464 2379 2460 
2464 2465 2379 2465 2381 2379 2380 2382 2463 
2463 2382 2466 2381 2465 2467 2384 2381 2467 
2386 2384 2468 2384 2467 2468 2388 2386 2469 
2386 2468 2469 2390 2470 2471 2390 2388 2470 
2388 2469 2470 2471 2472 2473 2470 2472 2471 
2472 2474 2473 2392 2475 2476 2391 2475 2392 
2466 2382 2392 2476 2466 2392 2390 2471 2393 
2394 2393 2471 2473 2394 2471 2396 2477 2478 
2394 2477 2396 2394 2474 2477 2394 2473 2474 
2477 2479 2478 2399 2480 2481 2398 2480 2399 
2475 2391 2399 2481 2475 2399 2396 2478 2400 
2478 2479 2482 2478 2482 2400 2400 2482 2401 
2403 2483 2484 2403 2401 2483 2401 2482 2483 
2483 2485 2484 2406 2486 2487 2405 2486 2406 
2480 2398 2406 2487 2480 2406 2403 2484 2407 
2409 2488 2489 2407 2488 2409 2407 2485 2488 
2407 2484 2485 2489 2490 2491 2488 2490 2489 
2491 2492 2493 2490 2492 2491 2493 2494 2495 
2492 2494 2493 2495 2496 2497 2494 2496 2495 
2497 2412 2411 2497 2496 2412 2496 2498 2412 
2486 2405 2412 2498 2486 2412 2409 2489 2413 
2414 2413 2489 2491 2414 2489 2415 2414 2491 
2493 2415 2491 2416 2415 2493 2495 2416 2493 
2417 2416 2495 2497 2417 2495 2411 2417 2497 
2499 2500 2501 2500 2499 2502 2503 2504 2505 
2503 2506 2507 2504 2503 2507 2506 2508 2509 
2507 2506 2509 2508 2510 2511 2509 2508 2511 
2510 2512 2513 2511 2510 2513 2512 2514 2515 
2513 2512 2515 2514 2516 2517 2515 2514 2517 
2516 2518 2519 2517 2516 2519 2518 2520 2521 
2519 2518 2521 2520 2522 2523 2521 2520 2523 
2522 2524 2525 2523 2522 2525 2524 2526 2527 
2525 2524 2527 2526 2528 2529 2527 2526 2529 
2528 2530 2531 2529 2528 2531 2501 2531 2530 
2499 2501 2530 2499 2530 2420 2499 2420 2419 
2499 2532 2502 2499 2419 2532 2419 2422 2532 
2532 2422 2423 2533 2532 2423 2534 2503 2505 
2535 2534 2505 2425 2534 2426 2425 2506 2534 
2506 2503 2534 2428 2506 2425 2508 2506 2428 
2430 2508 2428 2510 2508 2430 2432 2510 2430 
2512 2510 2432 2434 2512 2432 2514 2512 2434 
2436 2514 2434 2516 2514 2436 2438 2516 2436 
2518 2516 2438 2440 2518 2438 2520 2518 2440 
2442 2520 2440 2522 2520 2442 2443 2522 2442 
2524 2522 2443 2445 2524 2443 2526 2524 2445 
2447 2526 2445 2528 2526 2447 2448 2528 2447 
2530 2528 2448 2420 2530 2448 2423 2536 2533 
2449 2536 2423 2536 2449 2450 2537 2536 2450 
2538 2534 2535 2539 2538 2535 2426 2538 2452 
2534 2538 2426 2540 2450 2454 2540 2541 2450 
2541 2537 2450 2454 2455 2540 2542 2538 2539 
2543 2542 2539 2452 2542 2457 2538 2542 2452 
2544 2541 2540 2545 2541 2544 2455 2459 2544 
2540 2455 2544 2542 2543 2546 2546 2457 2542 
2546 2547 2457 2547 2461 2457 2544 2548 2545 
2549 2550 2548 2462 2549 2548 2462 2548 2544 
2462 2544 2459 2462 2463 2549 2461 2547 2551 
2464 2461 2551 2465 2552 2553 2465 2464 2552 
2464 2551 2552 2553 2554 2555 2552 2554 2553 
2555 2556 2557 2554 2556 2555 2557 2558 2559 
2556 2558 2557 2559 2560 2561 2558 2560 2559 
2560 2562 2561 2563 2550 2549 2564 2550 2563 
2463 2466 2563 2549 2463 2563 2465 2553 2467 
2468 2467 2553 2555 2468 2553 2469 2468 2555 
2557 2469 2555 2470 2469 2557 2559 2470 2557 
2472 2470 2559 2561 2472 2559 2474 2565 2566 
2472 2565 2474 2472 2562 2565 2472 2561 2562 
2565 2567 2566 2568 2569 2570 2564 2568 2570 
2563 2568 2564 2563 2475 2568 2563 2476 2475 
2466 2476 2563 2474 2566 2477 2479 2571 2572 
2477 2571 2479 2477 2567 2571 2477 2566 2567 
2572 2573 2574 2571 2573 2572 2573 2575 2574 
2576 2577 2578 2569 2576 2578 2568 2576 2569 
2568 2480 2576 2568 2481 2480 2475 2481 2568 
2479 2572 2482 2483 2482 2572 2574 2483 2572 
2485 2579 2580 2483 2579 2485 2483 2575 2579 
2483 2574 2575 2579 2581 2580 2582 2583 2584 
2582 2585 2586 2584 2585 2582 2577 2586 2585 
2576 2586 2577 2576 2486 2586 2576 2487 2486 
2480 2487 2576 2485 2580 2488 2580 2581 2587 
2580 2587 2488 2488 2587 2490 2492 2490 2588 
2490 2587 2588 2494 2492 2589 2492 2588 2589 
2583 2582 2496 2583 2496 2589 2589 2496 2494 
2498 2496 2582 2586 2498 2582 2486 2498 2586 
2590 2591 2592 2591 2590 2593 2594 2595 2596 
2595 2594 2597 2598 2599 2600 2598 2601 2602 
2599 2598 2602 2601 2603 2604 2602 2601 2604 
2604 2603 2605 2606 2607 2608 2606 2609 2610 
2607 2606 2610 2609 2611 2612 2610 2609 2612 
2611 2613 2614 2612 2611 2614 2613 2615 2616 
2614 2613 2616 2615 2617 2618 2616 2615 2618 
2592 2618 2617 2592 2617 2590 2590 2617 2619 
2620 2593 2590 2620 2590 2621 2621 2590 2619 
2621 2622 2623 2620 2621 2623 2596 2623 2622 
2596 2622 2594 2594 2622 2624 2501 2500 2625 
2501 2625 2594 2501 2594 2624 2597 2594 2625 
2625 2500 2502 2626 2625 2502 2627 2598 2600 
2628 2627 2600 2504 2627 2505 2504 2601 2627 
2601 2598 2627 2507 2601 2504 2603 2601 2507 
2603 2629 2605 2603 2507 2629 2507 2509 2629 
2511 2630 2509 2509 2630 2629 2608 2513 2606 
2608 2630 2513 2630 2511 2513 2515 2606 2513 
2609 2606 2515 2517 2609 2515 2611 2609 2517 
2519 2611 2517 2613 2611 2519 2521 2613 2519 
2615 2613 2521 2523 2615 2521 2617 2615 2523 
2525 2617 2523 2619 2617 2525 2527 2619 2525 
2621 2619 2527 2529 2621 2527 2622 2621 2529 
2531 2622 2529 2624 2622 2531 2501 2624 2531 
2502 2631 2626 2532 2631 2502 2533 2632 2633 
2533 2633 2532 2532 2633 2631 2633 2632 2634 
2635 2627 2628 2636 2635 2628 2505 2635 2535 
2627 2635 2505 2533 2536 2632 2632 2536 2537 
2632 2537 2634 2634 2537 2637 2638 2635 2636 
2639 2638 2636 2535 2638 2539 2635 2638 2535 
2537 2541 2637 2637 2541 2640 2638 2639 2641 
2638 2543 2539 2638 2642 2543 2638 2641 2642 
2643 2543 2642 2643 2644 2645 2642 2644 2643 
2645 2646 2647 2644 2646 2645 2647 2648 2649 
2646 2648 2647 2649 2650 2651 2648 2650 2649 
2650 2652 2651 2541 2545 2640 2640 2545 2653 
2543 2643 2546 2547 2546 2643 2547 2643 2654 
2654 2643 2645 2647 2655 2645 2655 2654 2645 
2649 2656 2647 2656 2655 2647 2651 2657 2649 
2657 2656 2649 2658 2651 2652 2658 2659 2651 
2659 2657 2651 2659 2660 2661 2658 2660 2659 
2660 2662 2661 2663 2545 2548 2663 2664 2545 
2664 2653 2545 2548 2550 2663 2547 2654 2551 
2552 2551 2654 2655 2552 2654 2554 2552 2655 
2656 2554 2655 2556 2554 2656 2657 2556 2656 
2558 2556 2657 2659 2558 2657 2560 2558 2659 
2661 2560 2659 2562 2665 2666 2560 2665 2562 
2560 2662 2665 2560 2661 2662 2665 2667 2666 
2663 2668 2664 2668 2663 2550 2668 2550 2669 
2669 2550 2564 2562 2666 2565 2567 2670 2671 
2565 2670 2567 2565 2667 2670 2565 2666 2667 
2670 2672 2671 2570 2673 2674 2569 2673 2570 
2669 2564 2570 2674 2669 2570 2567 2671 2571 
2671 2672 2675 2671 2675 2571 2571 2675 2573 
2575 2676 2677 2575 2573 2676 2573 2675 2676 
2676 2678 2677 2679 2680 2681 2679 2578 2577 
2679 2681 2578 2681 2682 2578 2673 2569 2578 
2682 2673 2578 2575 2677 2579 2581 2683 2684 
2579 2683 2581 2579 2678 2683 2579 2677 2678 
2684 2685 2686 2683 2685 2684 2686 2687 2688 
2685 2687 2686 2688 2584 2583 2688 2687 2584 
2687 2689 2584 2680 2679 2585 2680 2585 2689 
2689 2585 2584 2577 2585 2679 2581 2684 2587 
2588 2587 2684 2686 2588 2684 2589 2588 2686 
2688 2589 2686 2583 2589 2688 2690 2691 2692 
2690 2693 2694 2691 2690 2694 2693 2695 2696 
2694 2693 2696 2696 2695 2697 2698 2699 2700 
2699 2698 2701 2702 2703 2704 2703 2702 2705 
2706 2707 2708 2706 2709 2710 2707 2706 2710 
2709 2711 2712 2710 2709 2712 2711 2713 2714 
2712 2711 2714 2692 2714 2713 2692 2713 2690 
2690 2713 2715 2693 2690 2716 2716 2690 2715 
2591 2716 2592 2591 2695 2716 2695 2693 2716 
2593 2717 2718 2591 2593 2718 2591 2718 2697 
2591 2697 2695 2717 2719 2720 2718 2717 2720 
2700 2720 2719 2698 2700 2719 2698 2719 2596 
2698 2596 2595 2597 2721 2722 2595 2597 2722 
2595 2722 2701 2595 2701 2698 2722 2721 2723 
2599 2724 2725 2600 2599 2725 2602 2726 2599 
2599 2726 2724 2704 2604 2702 2704 2726 2604 
2726 2602 2604 2605 2727 2728 2604 2605 2728 
2604 2728 2705 2604 2705 2702 2727 2729 2730 
2728 2727 2730 2708 2730 2729 2706 2708 2729 
2706 2729 2608 2706 2608 2607 2610 2706 2607 
2709 2706 2610 2612 2709 2610 2711 2709 2612 
2614 2711 2612 2713 2711 2614 2616 2713 2614 
2715 2713 2616 2618 2715 2616 2716 2715 2618 
2592 2716 2618 2593 2620 2717 2623 2717 2620 
2719 2717 2623 2596 2719 2623 2597 2625 2721 
2626 2731 2732 2625 2626 2732 2625 2732 2723 
2625 2723 2721 2732 2731 2733 2734 2735 2736 
2734 2725 2735 2734 2628 2725 2628 2600 2725 
2605 2629 2727 2630 2727 2629 2729 2727 2630 
2608 2729 2630 2626 2631 2731 2731 2737 2733 
2731 2631 2737 2631 2633 2737 2737 2633 2634 
2738 2737 2634 2734 2736 2739 2739 2628 2734 
2739 2740 2628 2740 2636 2628 2634 2637 2738 
2738 2637 2741 2742 2743 2639 2742 2639 2740 
2740 2639 2636 2743 2744 2745 2742 2744 2743 
2745 2746 2747 2744 2746 2745 2747 2748 2749 
2746 2748 2747 2749 2750 2751 2748 2750 2749 
2751 2752 2753 2750 2752 2751 2752 2754 2753 
2755 2756 2757 2755 2757 2741 2755 2741 2640 
2640 2741 2637 2639 2743 2641 2642 2641 2743 
2745 2642 2743 2644 2642 2745 2747 2644 2745 
2646 2644 2747 2749 2646 2747 2648 2646 2749 
2751 2648 2749 2650 2648 2751 2753 2650 2751 
2652 2758 2759 2650 2758 2652 2650 2754 2758 
2650 2753 2754 2759 2760 2761 2758 2760 2759 
2760 2762 2761 2755 2763 2756 2763 2755 2640 
2763 2640 2764 2764 2640 2653 2652 2759 2658 
2660 2658 2759 2761 2660 2759 2662 2765 2766 
2660 2765 2662 2660 2762 2765 2660 2761 2762 
2765 2767 2766 2653 2664 2764 2764 2664 2768 
2662 2766 2665 2667 2769 2770 2665 2769 2667 
2665 2767 2769 2665 2766 2767 2769 2771 2770 
2772 2664 2668 2772 2773 2664 2773 2768 2664 
2668 2669 2772 2667 2770 2670 2672 2774 2775 
2670 2774 2672 2670 2771 2774 2670 2770 2771 
2775 2776 2777 2774 2776 2775 2776 2778 2777 
2779 2780 2781 2779 2782 2783 2781 2782 2779 
2773 2783 2782 2772 2783 2773 2772 2673 2783 
2772 2674 2673 2669 2674 2772 2672 2775 2675 
2676 2675 2775 2777 2676 2775 2678 2784 2785 
2676 2784 2678 2676 2778 2784 2676 2777 2778 
2785 2786 2787 2784 2786 2785 2787 2788 2789 
2786 2788 2787 2789 2790 2791 2788 2790 2789 
2780 2791 2790 2779 2791 2780 2779 2680 2791 
2779 2681 2680 2682 2681 2779 2783 2682 2779 
2673 2682 2783 2678 2785 2683 2685 2683 2785 
2787 2685 2785 2687 2685 2787 2789 2687 2787 
2689 2687 2789 2791 2689 2789 2680 2689 2791 
2792 2793 2794 2792 2795 2796 2793 2792 2796 
2795 2797 2798 2796 2795 2798 2797 2799 2800 
2798 2797 2800 2799 2801 2802 2800 2799 2802 
2801 2803 2804 2802 2801 2804 2804 2803 2805 
2806 2807 2808 2806 2809 2810 2807 2806 2810 
2809 2811 2812 2810 2809 2812 2811 2813 2814 
2812 2811 2814 2813 2815 2816 2814 2813 2816 
2815 2817 2818 2816 2815 2818 2794 2818 2817 
2794 2817 2792 2792 2817 2819 2691 2819 2692 
2691 2795 2819 2795 2792 2819 2694 2795 2691 
2797 2795 2694 2696 2797 2694 2799 2797 2696 
2697 2799 2696 2697 2820 2799 2820 2801 2799 
2803 2801 2821 2821 2801 2820 2700 2699 2822 
2700 2822 2803 2700 2803 2821 2805 2803 2822 
2822 2699 2701 2823 2822 2701 2824 2825 2826 
2824 2827 2828 2825 2824 2828 2827 2829 2830 
2828 2827 2830 2808 2830 2829 2806 2808 2829 
2806 2829 2704 2806 2704 2703 2705 2806 2703 
2705 2831 2806 2831 2809 2806 2811 2809 2832 
2832 2809 2831 2707 2832 2708 2707 2813 2832 
2813 2811 2832 2710 2813 2707 2815 2813 2710 
2712 2815 2710 2817 2815 2712 2714 2817 2712 
2819 2817 2714 2692 2819 2714 2697 2718 2820 
2720 2820 2718 2821 2820 2720 2700 2821 2720 
2701 2833 2823 2722 2833 2701 2833 2722 2723 
2834 2833 2723 2835 2824 2826 2836 2835 2826 
2724 2835 2725 2724 2827 2835 2827 2824 2835 
2726 2827 2724 2829 2827 2726 2704 2829 2726 
2705 2728 2831 2730 2831 2728 2832 2831 2730 
2708 2832 2730 2723 2837 2834 2732 2837 2723 
2837 2732 2733 2838 2837 2733 2735 2835 2836 
2735 2836 2736 2736 2836 2839 2725 2835 2735 
2840 2733 2737 2840 2841 2733 2841 2838 2733 
2737 2738 2840 2736 2839 2842 2739 2736 2842 
2740 2843 2844 2740 2739 2843 2739 2842 2843 
2844 2845 2846 2843 2845 2844 2846 2847 2848 
2845 2847 2846 2848 2849 2850 2847 2849 2848 
2850 2851 2852 2849 2851 2850 2852 2853 2854 
2851 2853 2852 2853 2855 2854 2856 2841 2840 
2857 2841 2856 2738 2741 2856 2840 2738 2856 
2740 2844 2742 2744 2742 2844 2846 2744 2844 
2746 2744 2846 2848 2746 2846 2748 2746 2848 
2850 2748 2848 2750 2748 2850 2852 2750 2850 
2752 2750 2852 2854 2752 2852 2754 2858 2859 
2752 2858 2754 2752 2855 2858 2752 2854 2855 
2859 2860 2861 2858 2860 2859 2860 2862 2861 
2757 2857 2856 2757 2756 2857 2756 2863 2857 
2741 2757 2856 2754 2859 2758 2760 2758 2859 
2861 2760 2859 2762 2864 2865 2760 2864 2762 
2760 2862 2864 2760 2861 2862 2864 2866 2865 
2756 2867 2863 2763 2867 2756 2867 2763 2764 
2868 2867 2764 2762 2865 2765 2767 2869 2870 
2765 2869 2767 2765 2866 2869 2765 2865 2866 
2869 2871 2870 2764 2768 2868 2868 2768 2872 
2767 2870 2769 2771 2873 2874 2769 2873 2771 
2769 2871 2873 2769 2870 2871 2874 2875 2876 
2873 2875 2874 2875 2877 2876 2878 2879 2880 
2878 2881 2882 2880 2881 2878 2882 2883 2884 
2881 2883 2882 2884 2883 2872 2884 2872 2773 
2773 2872 2768 2771 2874 2774 2776 2774 2874 
2876 2776 2874 2778 2885 2886 2776 2885 2778 
2776 2877 2885 2776 2876 2877 2886 2887 2888 
2885 2887 2886 2888 2889 2890 2887 2889 2888 
2879 2890 2889 2879 2878 2890 2878 2891 2890 
2781 2780 2891 2781 2891 2882 2882 2891 2878 
2782 2781 2882 2884 2782 2882 2773 2782 2884 
2778 2886 2784 2786 2784 2886 2888 2786 2886 
2788 2786 2888 2890 2788 2888 2790 2788 2890 
2891 2790 2890 2780 2790 2891 2892 2893 2894 
2892 2895 2896 2893 2892 2896 2896 2895 2897 
2898 2899 2900 2894 2899 2898 2894 2898 2892 
2892 2898 2901 2895 2892 2902 2902 2892 2901 
2903 2897 2895 2903 2895 2904 2904 2895 2902 
2904 2905 2906 2903 2904 2906 2905 2907 2908 
2906 2905 2908 2908 2907 2909 2910 2911 2912 
2910 2913 2914 2911 2910 2914 2900 2914 2913 
2900 2913 2898 2898 2913 2915 2901 2898 2916 
2916 2898 2915 2902 2901 2917 2917 2901 2916 
2904 2902 2918 2918 2902 2917 2905 2904 2919 
2919 2904 2918 2907 2905 2920 2920 2905 2919 
2921 2909 2907 2921 2907 2922 2922 2907 2920 
2922 2923 2924 2921 2922 2924 2924 2923 2925 
2926 2927 2928 2926 2929 2930 2927 2926 2930 
2929 2931 2932 2930 2929 2932 2931 2933 2934 
2932 2931 2934 2933 2935 2936 2934 2933 2936 
2912 2936 2935 2912 2935 2910 2910 2935 2937 
2913 2910 2938 2938 2910 2937 2915 2913 2939 
2939 2913 2938 2916 2915 2940 2940 2915 2939 
2793 2940 2794 2793 2917 2940 2917 2916 2940 
2796 2917 2793 2918 2917 2796 2798 2918 2796 
2919 2918 2798 2800 2919 2798 2920 2919 2800 
2802 2920 2800 2922 2920 2802 2804 2922 2802 
2923 2922 2804 2923 2804 2805 2923 2805 2925 
2925 2805 2941 2942 2926 2928 2943 2942 2928 
2929 2926 2944 2944 2926 2942 2931 2929 2945 
2945 2929 2944 2807 2945 2808 2807 2933 2945 
2933 2931 2945 2810 2933 2807 2935 2933 2810 
2812 2935 2810 2937 2935 2812 2814 2937 2812 
2938 2937 2814 2816 2938 2814 2939 2938 2816 
2818 2939 2816 2940 2939 2818 2794 2940 2818 
2805 2946 2941 2822 2946 2805 2946 2822 2823 
2947 2946 2823 2825 2942 2943 2825 2943 2826 
2826 2943 2948 2828 2942 2825 2944 2942 2828 
2830 2944 2828 2945 2944 2830 2808 2945 2830 
2823 2949 2947 2833 2949 2823 2949 2833 2834 
2950 2949 2834 2826 2948 2836 2948 2951 2836 
2834 2952 2950 2837 2952 2834 2952 2837 2838 
2953 2952 2838 2954 2955 2839 2954 2839 2951 
2951 2839 2836 2955 2956 2957 2954 2956 2955 
2957 2958 2959 2956 2958 2957 2959 2960 2961 
2958 2960 2959 2961 2962 2963 2960 2962 2961 
2963 2964 2965 2962 2964 2963 2965 2966 2967 
2964 2966 2965 2966 2968 2967 2838 2841 2953 
2953 2841 2969 2839 2955 2842 2843 2842 2955 
2957 2843 2955 2845 2843 2957 2959 2845 2957 
2847 2845 2959 2961 2847 2959 2849 2847 2961 
2963 2849 2961 2851 2849 2963 2965 2851 2963 
2853 2851 2965 2967 2853 2965 2855 2970 2971 
2853 2970 2855 2853 2968 2970 2853 2967 2968 
2971 2972 2973 2970 2972 2971 2973 2974 2975 
2972 2974 2973 2974 2976 2975 2841 2857 2969 
2969 2857 2977 2855 2971 2858 2860 2858 2971 
2973 2860 2971 2862 2860 2973 2862 2973 2978 
2978 2973 2975 2979 2975 2976 2979 2980 2975 
2980 2978 2975 2979 2981 2980 2857 2863 2977 
2977 2863 2982 2862 2978 2864 2866 2864 2978 
2866 2978 2983 2983 2978 2980 2984 2980 2981 
2984 2985 2980 2985 2983 2980 2984 2986 2985 
2987 2863 2867 2987 2988 2863 2988 2982 2863 
2867 2868 2987 2866 2983 2869 2871 2869 2983 
2871 2983 2989 2989 2983 2985 2990 2985 2986 
2990 2991 2985 2991 2989 2985 2991 2992 2993 
2990 2992 2991 2993 2994 2995 2992 2994 2993 
2995 2996 2997 2994 2996 2995 2997 2998 2999 
2996 2998 2997 2999 3000 3001 2998 3000 2999 
2988 3001 3000 2988 2987 3001 2987 3002 3001 
2868 2872 3002 2987 2868 3002 2871 2989 2873 
2875 2873 2989 2991 2875 2989 2877 2875 2991 
2877 2991 3003 3003 2991 2993 2995 3004 2993 
3004 3003 2993 2997 3005 2995 3005 3004 2995 
2880 2879 3005 2880 3005 2999 2999 3005 2997 
2881 2880 2999 3001 2881 2999 2883 2881 3001 
3002 2883 3001 2872 2883 3002 2877 3003 2885 
2887 2885 3003 3004 2887 3003 2889 2887 3004 
3005 2889 3004 2879 2889 3005 3006 3007 3008 
3006 3009 3010 3007 3006 3010 3009 3011 3012 
3010 3009 3012 3011 3013 3014 3012 3011 3014 
3013 3015 3016 3014 3013 3016 3015 3017 3018 
3016 3015 3018 3017 3019 3020 3018 3017 3020 
3020 3019 3021 3022 3023 3024 3023 3022 3025 
3026 3027 3028 3026 3029 3030 3027 3026 3030 
3029 3031 3032 3030 3029 3032 3031 3033 3034 
3032 3031 3034 3008 3034 3033 3008 3033 3006 
3006 3033 3035 3009 3006 3036 3036 3006 3035 
3011 3009 3037 3037 3009 3036 3013 3011 3038 
3038 3011 3037 3015 3013 3039 3039 3013 3038 
3017 3015 3040 3040 3015 3039 3019 3017 3041 
3041 3017 3040 3042 3021 3019 3042 3019 3043 
3043 3019 3041 3024 3042 3043 3024 3043 3022 
3022 3043 3044 3045 3025 3022 3045 3022 3046 
3046 3022 3044 3045 3046 3047 3048 3026 3028 
3049 3048 3028 3029 3026 3050 3050 3026 3048 
3031 3029 3051 3051 3029 3050 3033 3031 3052 
3052 3031 3051 3035 3033 3053 3053 3033 3052 
3036 3035 3054 3054 3035 3053 3037 3036 3055 
3055 3036 3054 3038 3037 3056 3056 3037 3055 
3039 3038 3057 3057 3038 3056 2893 3057 2894 
2893 3040 3057 3040 3039 3057 2896 3040 2893 
3041 3040 2896 2897 3041 2896 2897 3058 3041 
3058 3043 3041 3044 3043 3059 3059 3043 3058 
3046 3044 3060 3060 3044 3059 3061 3047 3046 
3060 3061 3046 3062 3048 3049 3063 3062 3049 
3050 3048 3064 3064 3048 3062 3051 3050 3065 
3065 3050 3064 3052 3051 3066 3066 3051 3065 
3053 3052 3067 3067 3052 3066 3054 3053 3068 
3068 3053 3067 3055 3054 3069 3069 3054 3068 
3056 3055 3070 3070 3055 3069 2899 3070 2900 
2899 3057 3070 3057 3056 3070 2894 3057 2899 
2897 2903 3058 2906 3058 2903 3059 3058 2906 
2908 3059 2906 3060 3059 2908 2909 3071 3072 
2908 2909 3072 2908 3072 3061 2908 3061 3060 
3072 3071 3073 3074 3062 3063 3075 3074 3063 
3064 3062 3076 3076 3062 3074 3065 3064 3077 
3077 3064 3076 3066 3065 3078 3078 3065 3077 
3067 3066 3079 3079 3066 3078 3068 3067 3080 
3080 3067 3079 2911 3080 2912 2911 3069 3080 
3069 3068 3080 2914 3069 2911 3070 3069 2914 
2900 3070 2914 2909 2921 3071 3071 3081 3073 
3071 2921 3081 2921 2924 3081 3081 2924 2925 
3082 3081 2925 3083 3074 3075 3084 3083 3075 
2927 3083 2928 2927 3076 3083 3076 3074 3083 
2930 3076 2927 3077 3076 2930 2932 3077 2930 
3078 3077 2932 2934 3078 2932 3079 3078 2934 
2936 3079 2934 3080 3079 2936 2912 3080 2936 
2925 2941 3082 3082 2941 3085 3083 3084 3086 
3086 2928 3083 3086 3087 2928 3087 2943 2928 
2941 3088 3085 2946 3088 2941 3088 2946 2947 
3089 3088 2947 2943 3087 2948 3087 3090 2948 
3091 3092 3093 3093 3094 3091 2947 3095 3089 
2949 3095 2947 3095 2949 2950 3096 3095 2950 
3097 3098 2951 3097 2951 3090 3090 2951 2948 
3098 3099 3100 3097 3099 3098 3100 3101 3102 
3099 3101 3100 3092 3102 3101 3092 3091 3102 
3091 3103 3102 3104 3091 3094 3104 3105 3091 
3105 3103 3091 3105 3106 3107 3104 3106 3105 
3107 3108 3109 3106 3108 3107 3109 3110 3111 
3108 3110 3109 3110 3112 3111 3113 2950 2952 
3113 3114 2950 3114 3096 2950 2952 2953 3113 
2951 3098 2954 2956 2954 3098 3100 2956 3098 
2958 2956 3100 3102 2958 3100 2960 2958 3102 
3103 2960 3102 2962 2960 3103 3105 2962 3103 
2964 2962 3105 3107 2964 3105 2966 2964 3107 
3109 2966 3107 2968 2966 3109 2968 3109 3115 
3115 3109 3111 3116 3111 3112 3116 3117 3111 
3117 3115 3111 3117 3118 3119 3116 3118 3117 
3118 3120 3119 3121 3114 3113 3122 3114 3121 
2953 2969 3121 3113 2953 3121 2968 3115 2970 
2972 2970 3115 3117 2972 3115 2974 2972 3117 
3119 2974 3117 2976 3123 3124 2974 3123 2976 
2974 3120 3123 2974 3119 3120 3123 3125 3124 
3121 3126 3122 3126 3121 2969 3126 2969 3127 
3127 2969 2977 2976 3124 2979 2981 3128 3129 
2979 3128 2981 2979 3125 3128 2979 3124 3125 
3129 3130 3131 3128 3130 3129 3131 3132 3133 
3130 3132 3131 3132 3134 3133 3135 3136 3137 
3135 3138 3139 3137 3138 3135 3139 3140 3141 
3138 3140 3139 3141 3140 3127 3141 3127 2982 
2982 3127 2977 2981 3129 2984 2986 2984 3129 
2986 3129 3142 3142 3129 3131 3133 3143 3131 
3143 3142 3131 3144 3133 3134 3144 3145 3133 
3145 3143 3133 3136 3145 3144 3136 3135 3145 
3135 3146 3145 3139 3147 3135 3147 3146 3135 
3141 3148 3139 3148 3147 3139 2982 2988 3148 
3141 2982 3148 2986 3142 2990 2992 2990 3142 
3143 2992 3142 2994 2992 3143 3145 2994 3143 
2996 2994 3145 3146 2996 3145 2998 2996 3146 
3147 2998 3146 3000 2998 3147 3148 3000 3147 
2988 3000 3148 3149 3150 3151 3149 3152 3153 
3150 3149 3153 3152 3154 3155 3153 3152 3155 
3154 3156 3157 3155 3154 3157 3156 3158 3159 
3157 3156 3159 3159 3158 3160 3161 3162 3163 
3161 3164 3165 3162 3161 3165 3164 3166 3167 
3165 3164 3167 3166 3168 3169 3167 3166 3169 
3168 3170 3171 3169 3168 3171 3170 3172 3173 
3171 3170 3173 3172 3008 3007 3172 3007 3173 
3173 3007 3174 3010 3175 3007 3007 3175 3174 
3012 3176 3010 3010 3176 3175 3151 3014 3149 
3151 3176 3014 3176 3012 3014 3016 3149 3014 
3152 3149 3016 3018 3152 3016 3154 3152 3018 
3020 3154 3018 3156 3154 3020 3021 3156 3020 
3021 3177 3156 3177 3158 3156 3024 3023 3178 
3024 3178 3158 3024 3158 3177 3160 3158 3178 
3178 3023 3025 3179 3178 3025 3180 3161 3163 
3181 3180 3163 3164 3161 3182 3182 3161 3180 
3027 3182 3028 3027 3166 3182 3166 3164 3182 
3030 3166 3027 3168 3166 3030 3032 3168 3030 
3170 3168 3032 3034 3170 3032 3172 3170 3034 
3008 3172 3034 3021 3042 3177 3024 3177 3042 
3025 3183 3179 3045 3183 3025 3183 3045 3047 
3184 3183 3047 3185 3180 3181 3186 3185 3181 
3182 3180 3187 3187 3180 3185 3028 3187 3049 
3182 3187 3028 3047 3061 3184 3184 3061 3188 
3185 3186 3189 3189 3190 3191 3189 3191 3185 
3185 3191 3187 3049 3191 3063 3187 3191 3049 
3061 3192 3188 3072 3192 3061 3192 3072 3073 
3193 3192 3073 3194 3191 3190 3195 3194 3190 
3063 3194 3075 3191 3194 3063 3073 3196 3193 
3081 3196 3073 3196 3081 3082 3197 3196 3082 
3194 3195 3198 3198 3075 3194 3198 3199 3075 
3199 3084 3075 3200 3201 3202 3202 3203 3200 
3082 3085 3197 3197 3085 3204 3084 3199 3205 
3086 3084 3205 3205 3087 3086 3206 3087 3205 
3207 3208 3209 3201 3207 3209 3201 3200 3207 
3200 3210 3207 3211 3200 3203 3211 3212 3200 
3212 3210 3200 3212 3213 3214 3211 3213 3212 
3214 3215 3216 3213 3215 3214 3215 3217 3216 
3085 3218 3204 3088 3218 3085 3218 3088 3089 
3219 3218 3089 3220 3221 3090 3220 3090 3206 
3206 3090 3087 3208 3221 3220 3208 3207 3221 
3207 3222 3221 3210 3223 3207 3223 3222 3207 
3093 3092 3223 3093 3223 3212 3212 3223 3210 
3094 3093 3212 3094 3212 3224 3224 3212 3214 
3216 3225 3214 3225 3224 3214 3226 3216 3217 
3226 3227 3216 3227 3225 3216 3227 3228 3229 
3226 3228 3227 3228 3230 3229 3231 3089 3095 
3231 3232 3089 3232 3219 3089 3095 3096 3231 
3090 3221 3097 3099 3097 3221 3222 3099 3221 
3101 3099 3222 3223 3101 3222 3092 3101 3223 
3094 3224 3104 3106 3104 3224 3225 3106 3224 
3108 3106 3225 3227 3108 3225 3110 3108 3227 
3229 3110 3227 3112 3233 3234 3110 3233 3112 
3110 3230 3233 3110 3229 3230 3233 3235 3234 
3231 3236 3232 3236 3231 3096 3236 3096 3237 
3237 3096 3114 3112 3234 3116 3234 3235 3238 
3234 3238 3116 3116 3238 3118 3120 3239 3240 
3120 3118 3239 3118 3238 3239 3240 3241 3242 
3239 3241 3240 3241 3243 3242 3114 3122 3237 
3237 3122 3244 3120 3240 3123 3125 3123 3240 
3125 3240 3245 3245 3240 3242 3246 3242 3243 
3246 3247 3242 3247 3245 3242 3247 3248 3249 
3246 3248 3247 3249 3250 3251 3248 3250 3249 
3251 3252 3253 3250 3252 3251 3253 3254 3255 
3252 3254 3253 3126 3256 3255 3126 3255 3244 
3126 3244 3122 3254 3244 3255 3126 3127 3256 
3125 3245 3128 3130 3128 3245 3247 3130 3245 
3132 3130 3247 3249 3132 3247 3134 3132 3249 
3134 3249 3257 3257 3249 3251 3137 3136 3257 
3137 3257 3253 3253 3257 3251 3138 3137 3253 
3255 3138 3253 3140 3138 3255 3256 3140 3255 
3127 3140 3256 3134 3257 3144 3136 3144 3257 
3150 3258 3151 3150 3153 3259 3258 3150 3259 
3260 3259 3153 3260 3153 3261 3261 3153 3155 
3157 3262 3155 3155 3262 3261 3263 3264 3262 
3263 3262 3159 3159 3262 3157 3159 3160 3263 
3162 3265 3163 3266 3265 3162 3266 3162 3267 
3267 3162 3165 3167 3268 3165 3165 3268 3267 
3169 3269 3167 3167 3269 3268 3171 3270 3169 
3169 3270 3269 3173 3271 3171 3171 3271 3270 
3174 3272 3173 3173 3272 3271 3175 3273 3174 
3174 3273 3272 3176 3274 3175 3175 3274 3273 
3258 3176 3151 3258 3275 3176 3275 3274 3176 
3259 3275 3258 3276 3275 3259 3260 3276 3259 
3263 3277 3264 3160 3277 3263 3160 3178 3277 
3178 3278 3277 3278 3178 3179 3279 3278 3179 
3265 3280 3181 3163 3265 3181 3281 3265 3266 
3280 3265 3281 3179 3282 3279 3183 3282 3179 
3282 3183 3184 3283 3282 3184 3280 3284 3186 
3181 3280 3186 3285 3280 3281 3284 3280 3285 
3184 3188 3283 3283 3188 3286 3186 3284 3189 
3284 3190 3189 3284 3285 3190 3285 3287 3190 
3188 3288 3286 3192 3288 3188 3288 3192 3193 
3289 3288 3193 3190 3287 3195 3287 3290 3195 
3291 3292 3293 3291 3294 3295 3293 3294 3291 
3294 3296 3295 3193 3297 3289 3196 3297 3193 
3297 3196 3197 3298 3297 3197 3195 3290 3299 
3198 3195 3299 3299 3199 3198 3300 3199 3299 
3301 3302 3303 3292 3301 3303 3292 3291 3301 
3291 3304 3301 3202 3201 3304 3202 3304 3295 
3295 3304 3291 3203 3305 3306 3202 3305 3203 
3202 3296 3305 3202 3295 3296 3306 3307 3308 
3305 3307 3306 3308 3309 3310 3307 3309 3308 
3309 3311 3310 3197 3204 3298 3298 3204 3312 
3199 3300 3313 3205 3199 3313 3206 3301 3314 
3206 3313 3301 3206 3205 3313 3313 3302 3301 
3209 3208 3314 3209 3314 3304 3304 3314 3301 
3201 3209 3304 3203 3306 3211 3213 3211 3306 
3308 3213 3306 3215 3213 3308 3310 3215 3308 
3217 3315 3316 3215 3315 3217 3215 3311 3315 
3215 3310 3311 3315 3317 3316 3318 3204 3218 
3318 3319 3204 3319 3312 3204 3218 3219 3318 
3206 3314 3220 3208 3220 3314 3217 3316 3226 
3316 3317 3320 3316 3320 3226 3226 3320 3228 
3230 3321 3322 3230 3228 3321 3228 3320 3321 
3321 3323 3322 3318 3324 3319 3324 3318 3219 
3324 3219 3325 3325 3219 3232 3230 3322 3233 
3235 3326 3327 3233 3326 3235 3233 3323 3326 
3233 3322 3323 3327 3328 3329 3326 3328 3327 
3329 3330 3331 3328 3330 3329 3330 3332 3331 
3333 3232 3236 3333 3334 3232 3334 3325 3232 
3236 3237 3333 3235 3327 3238 3239 3238 3327 
3329 3239 3327 3241 3239 3329 3331 3241 3329 
3243 3335 3336 3241 3335 3243 3241 3332 3335 
3241 3331 3332 3336 3337 3338 3335 3337 3336 
3338 3339 3340 3337 3339 3338 3340 3341 3342 
3339 3341 3340 3334 3342 3341 3334 3333 3342 
3333 3343 3342 3237 3244 3343 3333 3237 3343 
3243 3336 3246 3248 3246 3336 3338 3248 3336 
3250 3248 3338 3340 3250 3338 3252 3250 3340 
3342 3252 3340 3254 3252 3342 3343 3254 3342 
3244 3254 3343 3344 3345 3346 3345 3344 3347 
3261 3348 3260 3261 3262 3349 3348 3261 3349 
3262 3264 3349 3267 3350 3266 3351 3350 3267 
3351 3267 3352 3352 3267 3268 3269 3353 3268 
3268 3353 3352 3346 3270 3344 3346 3353 3270 
3353 3269 3270 3344 3354 3347 3344 3270 3354 
3270 3271 3354 3272 3355 3271 3271 3355 3354 
3273 3356 3272 3272 3356 3355 3274 3357 3273 
3273 3357 3356 3275 3358 3274 3274 3358 3357 
3276 3359 3275 3275 3359 3358 3348 3276 3260 
3348 3360 3276 3360 3359 3276 3349 3360 3348 
3361 3360 3349 3362 3363 3361 3277 3362 3361 
3277 3361 3349 3277 3349 3264 3277 3278 3364 
3362 3277 3364 3278 3279 3364 3350 3365 3281 
3266 3350 3281 3366 3350 3351 3366 3367 3350 
3367 3365 3350 3366 3368 3367 3362 3369 3363 
3364 3369 3362 3370 3369 3364 3371 3372 3370 
3282 3371 3370 3282 3370 3364 3282 3364 3279 
3282 3283 3371 3365 3373 3285 3281 3365 3285 
3367 3374 3365 3374 3373 3365 3375 3367 3368 
3375 3376 3367 3376 3374 3367 3375 3377 3376 
3371 3378 3372 3378 3371 3283 3378 3283 3379 
3379 3283 3286 3373 3380 3287 3285 3373 3287 
3374 3381 3373 3381 3380 3373 3376 3382 3374 
3382 3381 3374 3383 3376 3377 3383 3384 3376 
3384 3382 3376 3384 3385 3386 3383 3385 3384 
3385 3387 3386 3388 3286 3288 3388 3389 3286 
3389 3379 3286 3288 3289 3388 3380 3390 3290 
3287 3380 3290 3381 3391 3380 3391 3390 3380 
3382 3392 3381 3392 3391 3381 3293 3292 3392 
3293 3392 3384 3384 3392 3382 3294 3293 3384 
3386 3294 3384 3296 3393 3394 3294 3393 3296 
3294 3387 3393 3294 3386 3387 3394 3395 3396 
3393 3395 3394 3396 3397 3398 3395 3397 3396 
3397 3399 3398 3388 3400 3389 3401 3402 3400 
3297 3401 3400 3297 3400 3388 3297 3388 3289 
3297 3298 3401 3290 3390 3299 3300 3299 3390 
3300 3390 3403 3403 3390 3391 3303 3302 3403 
3303 3403 3392 3392 3403 3391 3292 3303 3392 
3296 3394 3305 3307 3305 3394 3396 3307 3394 
3309 3307 3396 3398 3309 3396 3311 3404 3405 
3309 3404 3311 3309 3399 3404 3309 3398 3399 
3405 3406 3407 3404 3406 3405 3406 3408 3407 
3409 3402 3401 3410 3402 3409 3298 3312 3409 
3401 3298 3409 3300 3403 3313 3302 3313 3403 
3311 3405 3315 3317 3315 3405 3317 3405 3411 
3411 3405 3407 3412 3407 3408 3412 3413 3407 
3413 3411 3407 3413 3414 3415 3412 3414 3413 
3414 3416 3415 3417 3410 3409 3418 3410 3417 
3312 3319 3417 3409 3312 3417 3317 3411 3320 
3321 3320 3411 3413 3321 3411 3323 3321 3413 
3323 3413 3419 3419 3413 3415 3420 3415 3416 
3420 3421 3415 3421 3419 3415 3421 3422 3423 
3420 3422 3421 3423 3424 3425 3422 3424 3423 
3425 3426 3427 3424 3426 3425 3428 3417 3429 
3428 3427 3417 3418 3417 3426 3426 3417 3427 
3430 3431 3429 3324 3430 3429 3324 3429 3417 
3324 3417 3319 3324 3325 3430 3323 3419 3326 
3328 3326 3419 3421 3328 3419 3330 3328 3421 
3423 3330 3421 3332 3330 3423 3332 3423 3432 
3432 3423 3425 3427 3433 3425 3433 3432 3425 
3434 3427 3428 3434 3435 3427 3435 3433 3427 
3431 3435 3434 3431 3430 3435 3430 3436 3435 
3325 3334 3436 3430 3325 3436 3332 3432 3335 
3337 3335 3432 3433 3337 3432 3339 3337 3433 
3435 3339 3433 3341 3339 3435 3436 3341 3435 
3334 3341 3436 3345 3437 3346 3345 3347 3437 
3352 3438 3351 3352 3353 3439 3438 3352 3439 
3353 3440 3439 3346 3440 3353 3346 3441 3440 
3346 3437 3441 3347 3441 3437 3347 3354 3441 
3354 3442 3441 3355 3443 3354 3354 3443 3442 
3356 3444 3355 3355 3444 3443 3445 3446 3444 
3445 3444 3357 3357 3444 3356 3357 3358 3447 
3445 3357 3447 3358 3359 3448 3447 3358 3448 
3359 3360 3449 3448 3359 3449 3360 3361 3450 
3449 3360 3450 3361 3363 3450 3351 3438 3366 
3368 3366 3438 3368 3438 3451 3451 3438 3439 
3452 3439 3440 3451 3439 3452 3445 3453 3446 
3447 3453 3445 3454 3453 3447 3448 3454 3447 
3455 3454 3448 3455 3456 3457 3455 3448 3456 
3448 3449 3456 3450 3458 3449 3458 3456 3449 
3363 3458 3450 3363 3459 3458 3363 3369 3459 
3459 3460 3458 3461 3462 3459 3461 3459 3370 
3370 3459 3369 3370 3372 3461 3368 3451 3375 
3377 3463 3464 3375 3463 3377 3375 3452 3463 
3375 3451 3452 3464 3465 3466 3463 3465 3464 
3465 3467 3466 3456 3468 3457 3458 3468 3456 
3469 3468 3458 3460 3469 3458 3470 3462 3461 
3471 3462 3470 3372 3378 3472 3372 3472 3461 
3461 3472 3470 3378 3379 3472 3377 3464 3383 
3385 3383 3464 3466 3385 3464 3387 3473 3474 
3385 3473 3387 3385 3467 3473 3385 3466 3467 
3474 3475 3476 3473 3475 3474 3476 3477 3478 
3475 3477 3476 3477 3479 3478 3470 3480 3471 
3480 3481 3482 3480 3470 3481 3470 3472 3481 
3379 3389 3481 3472 3379 3481 3387 3474 3393 
3395 3393 3474 3476 3395 3474 3397 3395 3476 
3478 3397 3476 3399 3483 3484 3397 3483 3399 
3397 3479 3483 3397 3478 3479 3484 3485 3486 
3483 3485 3484 3486 3487 3488 3485 3487 3486 
3487 3489 3488 3490 3491 3492 3492 3493 3490 
3481 3494 3482 3495 3496 3494 3400 3495 3494 
3400 3494 3481 3400 3481 3389 3400 3402 3495 
3399 3484 3404 3406 3404 3484 3486 3406 3484 
3408 3406 3486 3408 3486 3497 3497 3486 3488 
3498 3488 3489 3498 3499 3488 3499 3497 3488 
3491 3499 3498 3491 3490 3499 3490 3500 3499 
3501 3490 3493 3501 3502 3490 3502 3500 3490 
3501 3503 3502 3504 3496 3495 3505 3496 3504 
3402 3410 3504 3495 3402 3504 3408 3497 3412 
3414 3412 3497 3499 3414 3497 3416 3414 3499 
3416 3499 3506 3506 3499 3500 3502 3507 3500 
3507 3506 3500 3508 3502 3503 3508 3509 3502 
3509 3507 3502 3505 3509 3508 3505 3504 3509 
3504 3510 3509 3410 3418 3510 3504 3410 3510 
3416 3506 3420 3422 3420 3506 3507 3422 3506 
3424 3422 3507 3509 3424 3507 3426 3424 3509 
3510 3426 3509 3418 3426 3510 3429 3511 3428 
3429 3431 3511 3428 3511 3434 3431 3434 3511 
3441 3512 3440 3441 3442 3513 3512 3441 3513 
3442 3443 3514 3513 3442 3514 3443 3444 3515 
3514 3443 3515 3444 3446 3515 3512 3516 3452 
3440 3512 3452 3513 3517 3512 3517 3516 3512 
3514 3518 3513 3518 3517 3513 3515 3519 3514 
3519 3518 3514 3446 3453 3520 3446 3520 3515 
3515 3520 3519 3453 3454 3521 3520 3453 3521 
3454 3455 3522 3521 3454 3522 3455 3457 3522 
3459 3523 3460 3459 3462 3523 3452 3516 3463 
3465 3463 3516 3517 3465 3516 3467 3465 3517 
3467 3517 3524 3524 3517 3518 3519 3525 3518 
3525 3524 3518 3520 3526 3519 3526 3525 3519 
3521 3527 3520 3527 3526 3520 3522 3528 3521 
3528 3527 3521 3457 3468 3529 3457 3529 3522 
3522 3529 3528 3468 3469 3530 3529 3468 3530 
3469 3460 3523 3469 3523 3530 3530 3523 3531 
3462 3471 3531 3523 3462 3531 3467 3524 3473 
3475 3473 3524 3525 3475 3524 3477 3475 3525 
3526 3477 3525 3479 3477 3526 3479 3526 3532 
3532 3526 3527 3528 3533 3527 3533 3532 3527 
3529 3534 3528 3534 3533 3528 3530 3535 3529 
3535 3534 3529 3531 3536 3530 3536 3535 3530 
3471 3480 3537 3471 3537 3531 3531 3537 3536 
3480 3482 3537 3479 3532 3483 3485 3483 3532 
3533 3485 3532 3487 3485 3533 3534 3487 3533 
3489 3487 3534 3489 3534 3538 3538 3534 3535 
3492 3491 3538 3492 3538 3536 3536 3538 3535 
3493 3492 3536 3493 3536 3539 3539 3536 3537 
3482 3494 3540 3482 3540 3537 3537 3540 3539 
3494 3496 3540 3489 3538 3498 3491 3498 3538 
3493 3539 3501 3503 3501 3539 3503 3539 3541 
3541 3539 3540 3496 3505 3541 3540 3496 3541 
3503 3541 3508 3505 3508 3541 
CELL_DATA 7064
SCALARS Scalars float
LOOKUP_TABLE default
1 1 1 1 1 1 1 1 1 
1 1 1 1 1 1 1 1 1 
1 1 1 1 1 1 1 1 1 
1 1 1 1 1 1 1 1 1 
1 1 1 1 1 1 1 1 1 
1 1 1 1 1 1 1 1 1 
1 1 1 1 1 1 1 1 1 
1 1 1 1 1 1 1 1 1 
1 1 1 1 1 1 1 1 1 
1 1 1 1 1 1 1 1 1 
1 1 1 1 1 1 1 1 1 
1 1 1 1 1 1 1 1 1 
1 1 1 1 1 1 1 1 1 
1 1 1 1 1 1 1 1 1 
1 1 1 1 1 1 1 1 1 
1 1 1 1 1 1 1 1 1 
1 1 1 1 1 1 1 1 1 
1 1 1 1 1 1 1 1 1 
1 1 1 1 1 1 1 1 1 
1 1 1 1 1 1 1 1 1 
1 1 1 1 1 1 1 1 1 
1 1 1 1 1 1 1 1 1 
1 1 1 1 1 1 1 1 1 
1 1 1 1 1 1 1 1 1 
1 1 1 1 1 1 1 1 1 
1 1 1 1 1 1 1 1 1 
1 1 1 1 1 1 1 1 1 
1 1 1 1 1 1 1 1 1 
1 1 1 1 1 1 1 1 1 
1 1 1 1 1 1 1 1 1 
1 1 1 1 1 1 1 1 1 
1 1 1 1 1 1 1 1 1 
1 1 1 1 1 1 1 1 1 
1 1 1 1 1 1 1 1 1 
1 1 1 1 1 1 1 1 1 
1 1 1 1 1 1 1 1 1 
1 1 1 1 1 1 1 1 1 
1 1 1 1 1 1 1 1 1 
1 1 1 1 1 1 1 1 1 
1 1 1 1 1 1 1 1 1 
1 1 1 1 1 1 1 1 1 
1 1 1 1 1 1 1 1 1 
1 1 1 1 1 1 1 1 1 
1 1 1 1 1 1 1 1 1 
1 1 1 1 1 1 1 1 1 
1 1 1 1 1 1 1 1 1 
1 1 1 1 1 1 1 1 1 
1 1 1 1 1 1 1 1 1 
1 1 1 1 1 1 1 1 1 
1 1 1 1 1 1 1 1 1 
1 1 1 1 1 1 1 1 1 
1 1 1 1 1 1 1 1 1 
1 1 1 1 1 1 1 1 1 
1 1 1 1 1 1 1 1 1 
1 1 1 1 1 1 1 1 1 
1 1 1 1 1 1 1 1 1 
1 1 1 1 1 1 1 1 1 
1 1 1 1 1 1 1 1 1 
1 1 1 1 1 1 1 1 1 
1 1 1 1 1 1 1 1 1 
1 1 1 1 1 1 1 1 1 
1 1 1 1 1 1 1 1 1 
1 1 1 1 1 1 1 1 1 
1 1 1 1 1 1 1 1 1 
1 1 1 1 1 1 1 1 1 
1 1 1 1 1 1 1 1 1 
1 1 1 1 1 1 1 1 1 
1 1 1 1 1 1 1 1 1 
1 1 1 1 1 1 1 1 1 
1 1 1 1 1 1 1 1 1 
1 1 1 1 1 1 1 1 1 
1 1 1 1 1 1 1 1 1 
1 1 1 1 1 1 1 1 1 
1 1 1 1 1 1 1 1 1 
1 1 1 1 1 1 1 1 1 
1 1 1 1 1 1 1 1 1 
1 1 1 1 1 1 1 1 1 
1 1 1 1 1 1 1 1 1 
1 1 1 1 1 1 1 1 1 
1 1 1 1 1 1 1 1 1 
1 1 1 1 1 1 1 1 1 
1 1 1 1 1 1 1 1 1 
1 1 1 1 1 1 1 1 1 
1 1 1 1 1 1 1 1 1 
1 1 1 1 1 1 1 1 1 
1 1 1 1 1 1 1 1 1 
1 1 1 1 1 1 1 1 1 
1 1 1 1 1 1 1 1 1 
1 1 1 1 1 1 1 1 1 
1 1 1 1 1 1 1 1 1 
1 1 1 1 1 1 1 1 1 
1 1 1 1 1 1 1 1 1 
1 1 1 1 1 1 1 1 1 
1 1 1 1 1 1 1 1 1 
1 1 1 1 1 1 1 1 1 
1 1 1 1 1 1 1 1 1 
1 1 1 1 1 1 1 1 1 
1 1 1 1 1 1 1 1 1 
1 1 1 1 1 1 1 1 1 
1 1 1 1 1 1 1 1 1 
1 1 1 1 1 1 1 1 1 
1 1 1 1 1 1 1 1 1 
1 1 1 1 1 1 1 1 1 
1 1 1 1 1 1 1 1 1 
1 1 1 1 1 1 1 1 1 
1 1 1 1 1 1 1 1 1 
1 1 1 1 1 1 1 1 1 
1 1 1 1 1 1 1 1 1 
1 1 1 1 1 1 1 1 1 
1 1 1 1 1 1 1 1 1 
1 1 1 1 1 1 1 1 1 
1 1 1 1 1 1 1 1 1 
1 1 1 1 1 1 1 1 1 
1 1 1 1 1 1 1 1 1 
1 1 1 1 1 1 1 1 1 
1 1 1 1 1 1 1 1 1 
1 1 1 1 1 1 1 1 1 
1 1 1 1 1 1 1 1 1 
1 1 1 1 1 1 1 1 1 
1 1 1 1 1 1 1 1 1 
1 1 1 1 1 1 1 1 1 
1 1 1 1 1 1 1 1 1 
1 1 1 1 1 1 1 1 1 
1 1 1 1 1 1 1 1 1 
1 1 1 1 1 1 1 1 1 
1 1 1 1 1 1 1 1 1 
1 1 1 1 1 1 1 1 1 
1 1 1 1 1 1 1 1 1 
1 1 1 1 1 1 1 1 1 
1 1 1 1 1 1 1 1 1 
1 1 1 1 1 1 1 1 1 
1 1 1 1 1 1 1 1 1 
1 1 1 1 1 1 1 1 1 
1 1 1 1 1 1 1 1 1 
1 1 1 1 1 1 1 1 1 
1 1 1 1 1 1 1 1 1 
1 1 1 1 1 1 1 1 1 
1 1 1 1 1 1 1 1 1 
1 1 1 1 1 1 1 1 1 
1 1 1 1 1 1 1 1 1 
1 1 1 1 1 1 1 1 1 
1 1 1 1 1 1 1 1 1 
1 1 1 1 1 1 1 1 1 
1 1 1 1 1 1 1 1 1 
1 1 1 1 1 1 1 1 1 
1 1 1 1 1 1 1 1 1 
1 1 1 1 1 1 1 1 1 
1 1 1 1 1 1 1 1 1 
1 1 1 1 1 1 1 1 1 
1 1 1 1 1 1 1 1 1 
1 1 1 1 1 1 1 1 1 
1 1 1 1 1 1 1 1 1 
1 1 1 1 1 1 1 1 1 
1 1 1 1 1 1 1 1 1 
1 1 1 1 1 1 1 1 1 
1 1 1 1 1 1 1 1 1 
1 1 1 1 1 1 1 1 1 
1 1 1 1 1 1 1 1 1 
1 1 1 1 1 1 1 1 1 
1 1 1 1 1 1 1 1 1 
1 1 1 1 1 1 1 1 1 
1 1 1 1 1 1 1 1 1 
1 1 1 1 1 1 1 1 1 
1 1 1 1 1 1 1 1 1 
1 1 1 1 1 1 1 1 1 
1 1 1 1 1 1 1 1 1 
1 1 1 1 1 1 1 1 1 
1 1 1 1 1 1 1 1 1 
1 1 1 1 1 1 1 1 1 
1 1 1 1 1 1 1 1 1 
1 1 1 1 1 1 1 1 1 
1 1 1 1 1 1 1 1 1 
1 1 1 1 1 1 1 1 1 
1 1 1 1 1 1 1 1 1 
1 1 1 1 1 1 1 1 1 
1 1 1 1 1 1 1 1 1 
1 1 1 1 1 1 1 1 1 
1 1 1 1 1 1 1 1 1 
1 1 1 1 1 1 1 1 1 
1 1 1 1 1 1 1 1 1 
1 1 1 1 1 1 1 1 1 
1 1 1 1 1 1 1 1 1 
1 1 1 1 1 1 1 1 1 
1 1 1 1 1 1 1 1 1 
1 1 1 1 1 1 1 1 1 
1 1 1 1 1 1 1 1 1 
1 1 1 1 1 1 1 1 1 
1 1 1 1 1 1 1 1 1 
1 1 1 1 1 1 1 1 1 
1 1 1 1 1 1 1 1 1 
1 1 1 1 1 1 1 1 1 
1 1 1 1 1 1 1 1 1 
1 1 1 1 1 1 1 1 1 
1 1 1 1 1 1 1 1 1 
1 1 1 1 1 1 1 1 1 
1 1 1 1 1 1 1 1 1 
1 1 1 1 1 1 1 1 1 
1 1 1 1 1 1 1 1 1 
1 1 1 1 1 1 1 1 1 
1 1 1 1 1 1 1 1 1 
1 1 1 1 1 1 1 1 1 
1 1 1 1 1 1 1 1 1 
1 1 1 1 1 1 1 1 1 
1 1 1 1 1 1 1 1 1 
1 1 1 1 1 1 1 1 1 
1 1 1 1 1 1 1 1 1 
1 1 1 1 1 1 1 1 1 
1 1 1 1 1 1 1 1 1 
1 1 1 1 1 1 1 1 1 
1 1 1 1 1 1 1 1 1 
1 1 1 1 1 1 1 1 1 
1 1 1 1 1 1 1 1 1 
1 1 1 1 1 1 1 1 1 
1 1 1 1 1 1 1 1 1 
1 1 1 1 1 1 1 1 1 
1 1 1 1 1 1 1 1 1 
1 1 1 1 1 1 1 1 1 
1 1 1 1 1 1 1 1 1 
1 1 1 1 1 1 1 1 1 
1 1 1 1 1 1 1 1 1 
1 1 1 1 1 1 1 1 1 
1 1 1 1 1 1 1 1 1 
1 1 1 1 1 1 1 1 1 
1 1 1 1 1 1 1 1 1 
1 1 1 1 1 1 1 1 1 
1 1 1 1 1 1 1 1 1 
1 1 1 1 1 1 1 1 1 
1 1 1 1 1 1 1 1 1 
1 1 1 1 1 1 1 1 1 
1 1 1 1 1 1 1 1 1 
1 1 1 1 1 1 1 1 1 
1 1 1 1 1 1 1 1 1 
1 1 1 1 1 1 1 1 1 
1 1 1 1 1 1 1 1 1 
1 1 1 1 1 1 1 1 1 
1 1 1 1 1 1 1 1 1 
1 1 1 1 1 1 1 1 1 
1 1 1 1 1 1 1 1 1 
1 1 1 1 1 1 1 1 1 
1 1 1 1 1 1 1 1 1 
1 1 1 1 1 1 1 1 1 
1 1 1 1 1 1 1 1 1 
1 1 1 1 1 1 1 1 1 
1 1 1 1 1 1 1 1 1 
1 1 1 1 1 1 1 1 1 
1 1 1 1 1 1 1 1 1 
1 1 1 1 1 1 1 1 1 
1 1 1 1 1 1 1 1 1 
1 1 1 1 1 1 1 1 1 
1 1 1 1 1 1 1 1 1 
1 1 1 1 1 1 1 1 1 
1 1 1 1 1 1 1 1 1 
1 1 1 1 1 1 1 1 1 
1 1 1 1 1 1 1 1 1 
1 1 1 1 1 1 1 1 1 
1 1 1 1 1 1 1 1 1 
1 1 1 1 1 1 1 1 1 
1 1 1 1 1 1 1 1 1 
1 1 1 1 1 1 1 1 1 
1 1 1 1 1 1 1 1 1 
1 1 1 1 1 1 1 1 1 
1 1 1 1 1 1 1 1 1 
1 1 1 1 1 1 1 1 1 
1 1 1 1 1 1 1 1 1 
1 1 1 1 1 1 1 1 1 
1 1 1 1 1 1 1 1 1 
1 1 1 1 1 1 1 1 1 
1 1 1 1 1 1 1 1 1 
1 1 1 1 1 1 1 1 1 
1 1 1 1 1 1 1 1 1 
1 1 1 1 1 1 1 1 1 
1 1 1 1 1 1 1 1 1 
1 1 1 1 1 1 1 1 1 
1 1 1 1 1 1 1 1 1 
1 1 1 1 1 1 1 1 1 
1 1 1 1 1 1 1 1 1 
1 1 1 1 1 1 1 1 1 
1 1 1 1 1 1 1 1 1 
1 1 1 1 1 1 1 1 1 
1 1 1 1 1 1 1 1 1 
1 1 1 1 1 1 1 1 1 
1 1 1 1 1 1 1 1 1 
1 1 1 1 1 1 1 1 1 
1 1 1 1 1 1 1 1 1 
1 1 1 1 1 1 1 1 1 
1 1 1 1 1 1 1 1 1 
1 1 1 1 1 1 1 1 1 
1 1 1 1 1 1 1 1 1 
1 1 1 1 1 1 1 1 1 
1 1 1 1 1 1 1 1 1 
1 1 1 1 1 1 1 1 1 
1 1 1 1 1 1 1 1 1 
1 1 1 1 1 1 1 1 1 
1 1 1 1 1 1 1 1 1 
1 1 1 1 1 1 1 1 1 
1 1 1 1 1 1 1 1 1 
1 1 1 1 1 1 1 1 1 
1 1 1 1 1 1 1 1 1 
1 1 1 1 1 1 1 1 1 
1 1 1 1 1 1 1 1 1 
1 1 1 1 1 1 1 1 1 
1 1 1 1 1 1 1 1 1 
1 1 1 1 1 1 1 1 1 
1 1 1 1 1 1 1 1 1 
1 1 1 1 1 1 1 1 1 
1 1 1 1 1 1 1 1 1 
1 1 1 1 1 1 1 1 1 
1 1 1 1 1 1 1 1 1 
1 1 1 1 1 1 1 1 1 
1 1 1 1 1 1 1 1 1 
1 1 1 1 1 1 1 1 1 
1 1 1 1 1 1 1 1 1 
1 1 1 1 1 1 1 1 1 
1 1 1 1 1 1 1 1 1 
1 1 1 1 1 1 1 1 1 
1 1 1 1 1 1 1 1 1 
1 1 1 1 1 1 1 1 1 
1 1 1 1 1 1 1 1 1 
1 1 1 1 1 1 1 1 1 
1 1 1 1 1 1 1 1 1 
1 1 1 1 1 1 1 1 1 
1 1 1 1 1 1 1 1 1 
1 1 1 1 1 1 1 1 1 
1 1 1 1 1 1 1 1 1 
1 1 1 1 1 1 1 1 1 
1 1 1 1 1 1 1 1 1 
1 1 1 1 1 1 1 1 1 
1 1 1 1 1 1 1 1 1 
1 1 1 1 1 1 1 1 1 
1 1 1 1 1 1 1 1 1 
1 1 1 1 1 1 1 1 1 
1 1 1 1 1 1 1 1 1 
1 1 1 1 1 1 1 1 1 
1 1 1 1 1 1 1 1 1 
1 1 1 1 1 1 1 1 1 
1 1 1 1 1 1 1 1 1 
1 1 1 1 1 1 1 1 1 
1 1 1 1 1 1 1 1 1 
1 1 1 1 1 1 1 1 1 
1 1 1 1 1 1 1 1 1 
1 1 1 1 1 1 1 1 1 
1 1 1 1 1 1 1 1 1 
1 1 1 1 1 1 1 1 1 
1 1 1 1 1 1 1 1 1 
1 1 1 1 1 1 1 1 1 
1 1 1 1 1 1 1 1 1 
1 1 1 1 1 1 1 1 1 
1 1 1 1 1 1 1 1 1 
1 1 1 1 1 1 1 1 1 
1 1 1 1 1 1 1 1 1 
1 1 1 1 1 1 1 1 1 
1 1 1 1 1 1 1 1 1 
1 1 1 1 1 1 1 1 1 
1 1 1 1 1 1 1 1 1 
1 1 1 1 1 1 1 1 1 
1 1 1 1 1 1 1 1 1 
1 1 1 1 1 1 1 1 1 
1 1 1 1 1 1 1 1 1 
1 1 1 1 1 1 1 1 1 
1 1 1 1 1 1 1 1 1 
1 1 1 1 1 1 1 1 1 
1 1 1 1 1 1 1 1 1 
1 1 1 1 1 1 1 1 1 
1 1 1 1 1 1 1 1 1 
1 1 1 1 1 1 1 1 1 
1 1 1 1 1 1 1 1 1 
1 1 1 1 1 1 1 1 1 
1 1 1 1 1 1 1 1 1 
1 1 1 1 1 1 1 1 1 
1 1 1 1 1 1 1 1 1 
1 1 1 1 1 1 1 1 1 
1 1 1 1 1 1 1 1 1 
1 1 1 1 1 1 1 1 1 
1 1 1 1 1 1 1 1 1 
1 1 1 1 1 1 1 1 1 
1 1 1 1 1 1 1 1 1 
1 1 1 1 1 1 1 1 1 
1 1 1 1 1 1 1 1 1 
1 1 1 1 1 1 1 1 1 
1 1 1 1 1 1 1 1 1 
1 1 1 1 1 1 1 1 1 
1 1 1 1 1 1 1 1 1 
1 1 1 1 1 1 1 1 1 
1 1 1 1 1 1 1 1 1 
1 1 1 1 1 1 1 1 1 
1 1 1 1 1 1 1 1 1 
1 1 1 1 1 1 1 1 1 
1 1 1 1 1 1 1 1 1 
1 1 1 1 1 1 1 1 1 
1 1 1 1 1 1 1 1 1 
1 1 1 1 1 1 1 1 1 
1 1 1 1 1 1 1 1 1 
1 1 1 1 1 1 1 1 1 
1 1 1 1 1 1 1 1 1 
1 1 1 1 1 1 1 1 1 
1 1 1 1 1 1 1 1 1 
1 1 1 1 1 1 1 1 1 
1 1 1 1 1 1 1 1 1 
1 1 1 1 1 1 1 1 1 
1 1 1 1 1 1 1 1 1 
1 1 1 1 1 1 1 1 1 
1 1 1 1 1 1 1 1 1 
1 1 1 1 1 1 1 1 1 
1 1 1 1 1 1 1 1 1 
1 1 1 1 1 1 1 1 1 
1 1 1 1 1 1 1 1 1 
1 1 1 1 1 1 1 1 1 
1 1 1 1 1 1 1 1 1 
1 1 1 1 1 1 1 1 1 
1 1 1 1 1 1 1 1 1 
1 1 1 1 1 1 1 1 1 
1 1 1 1 1 1 1 1 1 
1 1 1 1 1 1 1 1 1 
1 1 1 1 1 1 1 1 1 
1 1 1 1 1 1 1 1 1 
1 1 1 1 1 1 1 1 1 
1 1 1 1 1 1 1 1 1 
1 1 1 1 1 1 1 1 1 
1 1 1 1 1 1 1 1 1 
1 1 1 1 1 1 1 1 1 
1 1 1 1 1 1 1 1 1 
1 1 1 1 1 1 1 1 1 
1 1 1 1 1 1 1 1 1 
1 1 1 1 1 1 1 1 1 
1 1 1 1 1 1 1 1 1 
1 1 1 1 1 1 1 1 1 
1 1 1 1 1 1 1 1 1 
1 1 1 1 1 1 1 1 1 
1 1 1 1 1 1 1 1 1 
1 1 1 1 1 1 1 1 1 
1 1 1 1 1 1 1 1 1 
1 1 1 1 1 1 1 1 1 
1 1 1 1 1 1 1 1 1 
1 1 1 1 1 1 1 1 1 
1 1 1 1 1 1 1 1 1 
1 1 1 1 1 1 1 1 1 
1 1 1 1 1 1 1 1 1 
1 1 1 1 1 1 1 1 1 
1 1 1 1 1 1 1 1 1 
1 1 1 1 1 1 1 1 1 
1 1 1 1 1 1 1 1 1 
1 1 1 1 1 1 1 1 1 
1 1 1 1 1 1 1 1 1 
1 1 1 1 1 1 1 1 1 
1 1 1 1 1 1 1 1 1 
1 1 1 1 1 1 1 1 1 
1 1 1 1 1 1 1 1 1 
1 1 1 1 1 1 1 1 1 
1 1 1 1 1 1 1 1 1 
1 1 1 1 1 1 1 1 1 
1 1 1 1 1 1 1 1 1 
1 1 1 1 1 1 1 1 1 
1 1 1 1 1 1 1 1 1 
1 1 1 1 1 1 1 1 1 
1 1 1 1 1 1 1 1 1 
1 1 1 1 1 1 1 1 1 
1 1 1 1 1 1 1 1 1 
1 1 1 1 1 1 1 1 1 
1 1 1 1 1 1 1 1 1 
1 1 1 1 1 1 1 1 1 
1 1 1 1 1 1 1 1 1 
1 1 1 1 1 1 1 1 1 
1 1 1 1 1 1 1 1 1 
1 1 1 1 1 1 1 1 1 
1 1 1 1 1 1 1 1 1 
1 1 1 1 1 1 1 1 1 
1 1 1 1 1 1 1 1 1 
1 1 1 1 1 1 1 1 1 
1 1 1 1 1 1 1 1 1 
1 1 1 1 1 1 1 1 1 
1 1 1 1 1 1 1 1 1 
1 1 1 1 1 1 1 1 1 
1 1 1 1 1 1 1 1 1 
1 1 1 1 1 1 1 1 1 
1 1 1 1 1 1 1 1 1 
1 1 1 1 1 1 1 1 1 
1 1 1 1 1 1 1 1 1 
1 1 1 1 1 1 1 1 1 
1 1 1 1 1 1 1 1 1 
1 1 1 1 1 1 1 1 1 
1 1 1 1 1 1 1 1 1 
1 1 1 1 1 1 1 1 1 
1 1 1 1 1 1 1 1 1 
1 1 1 1 1 1 1 1 1 
1 1 1 1 1 1 1 1 1 
1 1 1 1 1 1 1 1 1 
1 1 1 1 1 1 1 1 1 
1 1 1 1 1 1 1 1 1 
1 1 1 1 1 1 1 1 1 
1 1 1 1 1 1 1 1 1 
1 1 1 1 1 1 1 1 1 
1 1 1 1 1 1 1 1 1 
1 1 1 1 1 1 1 1 1 
1 1 1 1 1 1 1 1 1 
1 1 1 1 1 1 1 1 1 
1 1 1 1 1 1 1 1 1 
1 1 1 1 1 1 1 1 1 
1 1 1 1 1 1 1 1 1 
1 1 1 1 1 1 1 1 1 
1 1 1 1 1 1 1 1 1 
1 1 1 1 1 1 1 1 1 
1 1 1 1 1 1 1 1 1 
1 1 1 1 1 1 1 1 1 
1 1 1 1 1 1 1 1 1 
1 1 1 1 1 1 1 1 1 
1 1 1 1 1 1 1 1 1 
1 1 1 1 1 1 1 1 1 
1 1 1 1 1 1 1 1 1 
1 1 1 1 1 1 1 1 1 
1 1 1 1 1 1 1 1 1 
1 1 1 1 1 1 1 1 1 
1 1 1 1 1 1 1 1 1 
1 1 1 1 1 1 1 1 1 
1 1 1 1 1 1 1 1 1 
1 1 1 1 1 1 1 1 1 
1 1 1 1 1 1 1 1 1 
1 1 1 1 1 1 1 1 1 
1 1 1 1 1 1 1 1 1 
1 1 1 1 1 1 1 1 1 
1 1 1 1 1 1 1 1 1 
1 1 1 1 1 1 1 1 1 
1 1 1 1 1 1 1 1 1 
1 1 1 1 1 1 1 1 1 
1 1 1 1 1 1 1 1 1 
1 1 1 1 1 1 1 1 1 
1 1 1 1 1 1 1 1 1 
1 1 1 1 1 1 1 1 1 
1 1 1 1 1 1 1 1 1 
1 1 1 1 1 1 1 1 1 
1 1 1 1 1 1 1 1 1 
1 1 1 1 1 1 1 1 1 
1 1 1 1 1 1 1 1 1 
1 1 1 1 1 1 1 1 1 
1 1 1 1 1 1 1 1 1 
1 1 1 1 1 1 1 1 1 
1 1 1 1 1 1 1 1 1 
1 1 1 1 1 1 1 1 1 
1 1 1 1 1 1 1 1 1 
1 1 1 1 1 1 1 1 1 
1 1 1 1 1 1 1 1 1 
1 1 1 1 1 1 1 1 1 
1 1 1 1 1 1 1 1 1 
1 1 1 1 1 1 1 1 1 
1 1 1 1 1 1 1 1 1 
1 1 1 1 1 1 1 1 1 
1 1 1 1 1 1 1 1 1 
1 1 1 1 1 1 1 1 1 
1 1 1 1 1 1 1 1 1 
1 1 1 1 1 1 1 1 1 
1 1 1 1 1 1 1 1 1 
1 1 1 1 1 1 1 1 1 
1 1 1 1 1 1 1 1 1 
1 1 1 1 1 1 1 1 1 
1 1 1 1 1 1 1 1 1 
1 1 1 1 1 1 1 1 1 
1 1 1 1 1 1 1 1 1 
1 1 1 1 1 1 1 1 1 
1 1 1 1 1 1 1 1 1 
1 1 1 1 1 1 1 1 1 
1 1 1 1 1 1 1 1 1 
1 1 1 1 1 1 1 1 1 
1 1 1 1 1 1 1 1 1 
1 1 1 1 1 1 1 1 1 
1 1 1 1 1 1 1 1 1 
1 1 1 1 1 1 1 1 1 
1 1 1 1 1 1 1 1 1 
1 1 1 1 1 1 1 1 1 
1 1 1 1 1 1 1 1 1 
1 1 1 1 1 1 1 1 1 
1 1 1 1 1 1 1 1 1 
1 1 1 1 1 1 1 1 1 
1 1 1 1 1 1 1 1 1 
1 1 1 1 1 1 1 1 1 
1 1 1 1 1 1 1 1 1 
1 1 1 1 1 1 1 1 1 
1 1 1 1 1 1 1 1 1 
1 1 1 1 1 1 1 1 1 
1 1 1 1 1 1 1 1 1 
1 1 1 1 1 1 1 1 1 
1 1 1 1 1 1 1 1 1 
1 1 1 1 1 1 1 1 1 
1 1 1 1 1 1 1 1 1 
1 1 1 1 1 1 1 1 1 
1 1 1 1 1 1 1 1 1 
1 1 1 1 1 1 1 1 1 
1 1 1 1 1 1 1 1 1 
1 1 1 1 1 1 1 1 1 
1 1 1 1 1 1 1 1 1 
1 1 1 1 1 1 1 1 1 
1 1 1 1 1 1 1 1 1 
1 1 1 1 1 1 1 1 1 
1 1 1 1 1 1 1 1 1 
1 1 1 1 1 1 1 1 1 
1 1 1 1 1 1 1 1 1 
1 1 1 1 1 1 1 1 1 
1 1 1 1 1 1 1 1 1 
1 1 1 1 1 1 1 1 1 
1 1 1 1 1 1 1 1 1 
1 1 1 1 1 1 1 1 1 
1 1 1 1 1 1 1 1 1 
1 1 1 1 1 1 1 1 1 
1 1 1 1 1 1 1 1 1 
1 1 1 1 1 1 1 1 1 
1 1 1 1 1 1 1 1 1 
1 1 1 1 1 1 1 1 1 
1 1 1 1 1 1 1 1 1 
1 1 1 1 1 1 1 1 1 
1 1 1 1 1 1 1 1 1 
1 1 1 1 1 1 1 1 1 
1 1 1 1 1 1 1 1 1 
1 1 1 1 1 1 1 1 1 
1 1 1 1 1 1 1 1 1 
1 1 1 1 1 1 1 1 1 
1 1 1 1 1 1 1 1 1 
1 1 1 1 1 1 1 1 1 
1 1 1 1 1 1 1 1 1 
1 1 1 1 1 1 1 1 1 
1 1 1 1 1 1 1 1 1 
1 1 1 1 1 1 1 1 1 
1 1 1 1 1 1 1 1 1 
1 1 1 1 1 1 1 1 1 
1 1 1 1 1 1 1 1 1 
1 1 1 1 1 1 1 1 1 
1 1 1 1 1 1 1 1 1 
1 1 1 1 1 1 1 1 1 
1 1 1 1 1 1 1 1 1 
1 1 1 1 1 1 1 1 1 
1 1 1 1 1 1 1 1 1 
1 1 1 1 1 1 1 1 1 
1 1 1 1 1 1 1 1 1 
1 1 1 1 1 1 1 1 1 
1 1 1 1 1 1 1 1 1 
1 1 1 1 1 1 1 1 1 
1 1 1 1 1 1 1 1 1 
1 1 1 1 1 1 1 1 1 
1 1 1 1 1 1 1 1 1 
1 1 1 1 1 1 1 1 1 
1 1 1 1 1 1 1 1 1 
1 1 1 1 1 1 1 1 1 
1 1 1 1 1 1 1 1 1 
1 1 1 1 1 1 1 1 1 
1 1 1 1 1 1 1 1 1 
1 1 1 1 1 1 1 1 1 
1 1 1 1 1 1 1 1 1 
1 1 1 1 1 1 1 1 1 
1 1 1 1 1 1 1 1 1 
1 1 1 1 1 1 1 1 1 
1 1 1 1 1 1 1 1 1 
1 1 1 1 1 1 1 1 1 
1 1 1 1 1 1 1 1 1 
1 1 1 1 1 1 1 1 1 
1 1 1 1 1 1 1 1 1 
1 1 1 1 1 1 1 1 1 
1 1 1 1 1 1 1 1 1 
1 1 1 1 1 1 1 1 1 
1 1 1 1 1 1 1 1 1 
1 1 1 1 1 1 1 1 1 
1 1 1 1 1 1 1 1 1 
1 1 1 1 1 1 1 1 1 
1 1 1 1 1 1 1 1 1 
1 1 1 1 1 1 1 1 1 
1 1 1 1 1 1 1 1 1 
1 1 1 1 1 1 1 1 1 
1 1 1 1 1 1 1 1 1 
1 1 1 1 1 1 1 1 1 
1 1 1 1 1 1 1 1 1 
1 1 1 1 1 1 1 1 1 
1 1 1 1 1 1 1 1 1 
1 1 1 1 1 1 1 1 1 
1 1 1 1 1 1 1 1 1 
1 1 1 1 1 1 1 1 1 
1 1 1 1 1 1 1 1 1 
1 1 1 1 1 1 1 1 1 
1 1 1 1 1 1 1 1 1 
1 1 1 1 1 1 1 1 1 
1 1 1 1 1 1 1 1 1 
1 1 1 1 1 1 1 1 1 
1 1 1 1 1 1 1 1 1 
1 1 1 1 1 1 1 1 1 
1 1 1 1 1 1 1 1 1 
1 1 1 1 1 1 1 1 1 
1 1 1 1 1 1 1 1 1 
1 1 1 1 1 1 1 1 1 
1 1 1 1 1 1 1 1 1 
1 1 1 1 1 1 1 1 1 
1 1 1 1 1 1 1 1 1 
1 1 1 1 1 1 1 1 1 
1 1 1 1 1 1 1 1 1 
1 1 1 1 1 1 1 1 1 
1 1 1 1 1 1 1 1 1 
1 1 1 1 1 1 1 1 1 
1 1 1 1 1 1 1 1 1 
1 1 1 1 1 1 1 1 1 
1 1 1 1 1 1 1 1 1 
1 1 1 1 1 1 1 1 1 
1 1 1 1 1 1 1 1 1 
1 1 1 1 1 1 1 1 1 
1 1 1 1 1 1 1 1 1 
1 1 1 1 1 1 1 1 1 
1 1 1 1 1 1 1 1 1 
1 1 1 1 1 1 1 1 1 
1 1 1 1 1 1 1 1 1 
1 1 1 1 1 1 1 1 1 
1 1 1 1 1 1 1 1 1 
1 1 1 1 1 1 1 1 1 
1 1 1 1 1 1 1 1 1 
1 1 1 1 1 1 1 1 1 
1 1 1 1 1 1 1 1 1 
1 1 1 1 1 1 1 1 1 
1 1 1 1 1 1 1 1 1 
1 1 1 1 1 1 1 1 1 
1 1 1 1 1 1 1 1 1 
1 1 1 1 1 1 1 1 1 
1 1 1 1 1 1 1 1 1 
1 1 1 1 1 1 1 1 1 
1 1 1 1 1 1 1 1 1 
1 1 1 1 1 1 1 1 1 
1 1 1 1 1 1 1 1 1 
1 1 1 1 1 1 1 1 1 
1 1 1 1 1 1 1 1 1 
1 1 1 1 1 1 1 1 1 
1 1 1 1 1 1 1 1 1 
1 1 1 1 1 1 1 1 1 
1 1 1 1 1 1 1 1 1 
1 1 1 1 1 1 1 1 1 
1 1 1 1 1 1 1 1 1 
1 1 1 1 1 1 1 1 1 
1 1 1 1 1 1 1 1 1 
1 1 1 1 1 1 1 1 1 
1 1 1 1 1 1 1 1 1 
1 1 1 1 1 1 1 1 1 
1 1 1 1 1 1 1 1 1 
1 1 1 1 1 1 1 1 1 
1 1 1 1 1 1 1 1 1 
1 1 1 1 1 1 1 1 1 
1 1 1 1 1 1 1 1 1 
1 1 1 1 1 1 1 1 1 
1 1 1 1 1 1 1 1 1 
1 1 1 1 1 1 1 1 1 
1 1 1 1 1 1 1 1 1 
1 1 1 1 1 1 1 1 1 
1 1 1 1 1 1 1 1 1 
1 1 1 1 1 1 1 1 1 
1 1 1 1 1 1 1 1 1 
1 1 1 1 1 1 1 1 1 
1 1 1 1 1 1 1 1 1 
1 1 1 1 1 1 1 1 1 
1 1 1 1 1 1 1 1 1 
1 1 1 1 1 1 1 1 1 
1 1 1 1 1 1 1 1 1 
1 1 1 1 1 1 1 1 1 
1 1 1 1 1 1 1 1 1 
1 1 1 1 1 1 1 1 1 
1 1 1 1 1 1 1 1 1 
1 1 1 1 1 1 1 1 1 
1 1 1 1 1 1 1 1 1 
1 1 1 1 1 1 1 1 1 
1 1 1 1 1 1 1 1 1 
1 1 1 1 1 1 1 1 1 
1 1 1 1 1 1 1 1 1 
1 1 1 1 1 1 1 1 1 
1 1 1 1 1 1 1 1 1 
1 1 1 1 1 1 1 1 1 
1 1 1 1 1 1 1 1 1 
1 1 1 1 1 1 1 1 1 
1 1 1 1 1 1 1 1 1 
1 1 1 1 1 1 1 1 1 
1 1 1 1 1 1 1 1 1 
1 1 1 1 1 1 1 1 1 
1 1 1 1 1 1 1 1 1 
1 1 1 1 1 1 1 1 1 
1 1 1 1 1 1 1 1 1 
1 1 1 1 1 1 1 1 1 
1 1 1 1 1 1 1 1 1 
1 1 1 1 1 1 1 1 1 
1 1 1 1 1 1 1 1 1 
1 1 1 1 1 1 1 1 1 
1 1 1 1 1 1 1 1 1 
1 1 1 1 1 1 1 1 1 
1 1 1 1 1 1 1 1 1 
1 1 1 1 1 1 1 1 1 
1 1 1 1 1 1 1 1 1 
1 1 1 1 1 1 1 1 1 
1 1 1 1 1 1 1 1 1 
1 1 1 1 1 1 1 1 
