# vtk DataFile Version 5.1
vtk output
ASCII
DATASET POLYDATA
POINTS 3398 float
0.355502 0.0306683 0.690267 0.355537 0.0235438 0.66988 0.369666 0.0386616 0.676059 
0.325107 0.0278456 0.691202 0.325141 0.0207211 0.670815 0.308875 0.0330162 0.677929 
0.353365 0.0580813 0.703559 0.367529 0.0660746 0.689352 0.32297 0.0552586 0.704494 
0.292609 0.0453114 0.685043 0.292574 0.0524359 0.705429 0.276343 0.0576065 0.692156 
0.351263 0.0783698 0.696466 0.320868 0.0755471 0.6974 0.290472 0.0727244 0.698335 
0.229646 0.0742035 0.720591 0.229681 0.067079 0.700205 0.24381 0.0821968 0.706384 
0.199251 0.0713808 0.721526 0.199286 0.0642563 0.70114 0.168855 0.0685581 0.722461 
0.16889 0.0614336 0.702074 0.13846 0.0657354 0.723395 0.138494 0.0586109 0.703009 
0.108064 0.0629127 0.72433 0.108099 0.0557882 0.703944 0.0776688 0.06009 0.725265 
0.0777034 0.0529655 0.704879 0.0472733 0.0572673 0.7262 0.0473079 0.0501428 0.705814 
0.0168777 0.0544446 0.727135 0.0169124 0.0473201 0.706748 -0.0135178 0.0516219 0.728069 
-0.0134831 0.0444974 0.707683 -0.0297494 0.0567926 0.714797 0.227544 0.094492 0.713497 
0.197149 0.0916693 0.714432 0.166753 0.0888466 0.715367 0.136358 0.0860239 0.716302 
0.105962 0.0832012 0.717236 0.0896958 0.0954963 0.72435 0.0755319 0.087503 0.738558 
0.0451363 0.0846803 0.739492 0.0147408 0.0818576 0.740427 -0.0156547 0.0790349 0.741362 
-0.0460156 0.0690877 0.72191 -0.0460502 0.0762122 0.742297 -0.0622818 0.0813829 0.729024 
0.0734296 0.107791 0.731464 0.0430341 0.104969 0.732399 0.0267679 0.117264 0.739512 
0.0126039 0.109271 0.75372 -0.0177916 0.106448 0.754654 -0.0481872 0.103625 0.755589 
-0.078548 0.093678 0.736138 -0.0785827 0.100803 0.756524 -0.0948143 0.105973 0.743251 
0.0105016 0.129559 0.746626 -0.0198939 0.126736 0.747561 -0.0502894 0.123914 0.748495 
-0.080685 0.121091 0.74943 0.388104 -0.00817106 0.635267 0.388139 -0.0152956 0.614881 
0.402268 -0.00017774 0.621059 0.357709 -0.0109938 0.636202 0.357743 -0.0181183 0.615815 
0.341477 -0.00582313 0.622929 0.416363 0.0220646 0.647625 0.416397 0.0149401 0.627238 
0.430527 0.030058 0.633417 0.385967 0.0192419 0.648559 0.355572 0.0164192 0.649494 
0.325211 0.00647202 0.630043 0.325176 0.0135965 0.650429 0.294781 0.0107739 0.651364 
0.294815 0.00364933 0.630977 0.264385 0.00795116 0.652299 0.26442 0.000826641 0.631912 
0.23399 0.00512846 0.653233 0.234024 -0.00199606 0.632847 0.217758 0.0102991 0.639961 
0.414261 0.0423531 0.640531 0.397994 0.0546483 0.647644 0.38383 0.0466549 0.661852 
0.292644 0.0381868 0.664656 0.262248 0.0353642 0.665591 0.231853 0.0325415 0.666526 
0.201492 0.0225942 0.647074 0.201457 0.0297188 0.667461 0.171062 0.0268961 0.668395 
0.171096 0.0197715 0.648009 0.140666 0.0240734 0.66933 0.140701 0.0169489 0.648944 
0.110271 0.0212507 0.670265 0.110305 0.0141262 0.649879 0.079875 0.018428 0.6712 
0.0799097 0.0113035 0.650813 0.0636434 0.0235986 0.657927 0.381728 0.0669434 0.654758 
0.365462 0.0792386 0.661872 0.260111 0.0627772 0.678883 0.229716 0.0599545 0.679818 
0.19932 0.0571318 0.680753 0.168925 0.0543091 0.681688 0.138529 0.0514864 0.682623 
0.108134 0.0486637 0.683558 0.0777381 0.045841 0.684492 0.0473772 0.0358938 0.665041 
0.0473426 0.0430183 0.685427 0.016947 0.0401956 0.686362 0.0169817 0.0330711 0.665976 
-0.0134485 0.0373729 0.687297 -0.0134138 0.0302484 0.66691 -0.0296801 0.0425435 0.674024 
0.349196 0.0915337 0.668985 0.3188 0.088711 0.66992 0.28837 0.0930128 0.691241 
0.302534 0.101006 0.677034 0.257974 0.0901901 0.692176 -0.0459809 0.0619632 0.701524 
-0.0459463 0.0548387 0.681138 -0.0763765 0.0591405 0.702459 -0.0763418 0.052016 0.682072 
-0.106772 0.0563178 0.703394 -0.106737 0.0491933 0.683007 -0.123004 0.0614884 0.690121 
0.286268 0.113301 0.684147 0.255872 0.110479 0.685082 0.225477 0.107656 0.686017 
0.195081 0.104833 0.686952 0.164686 0.102011 0.687887 0.13429 0.0991878 0.688821 
0.103894 0.0963652 0.689756 0.0876282 0.10866 0.69687 -0.0785134 0.0865535 0.715751 
-0.108909 0.0837308 0.716686 -0.12514 0.0889014 0.703413 0.071362 0.120955 0.703983 
0.0409665 0.118133 0.704918 0.0105709 0.11531 0.705853 0.0105363 0.122435 0.72624 
-0.00569529 0.127605 0.712967 -0.111046 0.111144 0.729979 -0.127277 0.116314 0.716706 
-0.0219615 0.1399 0.72008 -0.052357 0.137078 0.721015 -0.0827526 0.134255 0.72195 
-0.113148 0.131432 0.722885 0.388173 -0.0224201 0.594494 0.388208 -0.0295446 0.574108 
0.402337 -0.0144268 0.580287 0.357778 -0.0252428 0.595429 0.357813 -0.0323673 0.575042 
0.341546 -0.0200722 0.582156 0.416432 0.00781559 0.606852 0.416467 0.000691064 0.586465 
0.430596 0.0158089 0.592644 0.325245 -0.000652505 0.609656 0.32528 -0.00777702 0.58927 
0.29485 -0.00347519 0.610591 0.294885 -0.0105997 0.590205 0.264454 -0.00629789 0.611526 
0.264489 -0.0134224 0.591139 0.234059 -0.00912059 0.612461 0.234094 -0.0162451 0.592074 
0.217827 -0.00394995 0.599188 0.428459 0.0432219 0.605937 0.201526 0.0154697 0.626688 
0.201561 0.0083452 0.606301 0.171131 0.012647 0.627623 0.171166 0.0055225 0.607236 
0.140735 0.00982432 0.628557 0.14077 0.0026998 0.608171 0.11034 0.00700163 0.629492 
0.110374 -0.000122889 0.609106 0.0799443 0.00417894 0.630427 0.079979 -0.00294558 0.610041 
0.0637127 0.00934957 0.617154 0.412158 0.0626416 0.633437 0.426322 0.0706349 0.619229 
0.0474119 0.0287692 0.644654 0.0474465 0.0216447 0.624268 0.0170163 0.0259465 0.645589 
0.017051 0.018822 0.625203 -0.0133792 0.0231239 0.646524 -0.0133446 0.0159993 0.626138 
-0.0437747 0.0203012 0.647459 -0.0437401 0.0131766 0.627072 -0.0741703 0.0174785 0.648394 
-0.0741356 0.0103539 0.628007 -0.0904018 0.0226491 0.635121 0.410056 0.0829301 0.626343 
0.379626 0.0872319 0.647664 0.39379 0.0952252 0.633457 -0.0459117 0.0477142 0.660751 
-0.0763072 0.0448915 0.661686 -0.106668 0.0349442 0.642234 -0.106703 0.0420688 0.662621 
-0.122934 0.0472394 0.649348 0.377524 0.10752 0.64057 0.347128 0.104698 0.641505 
0.316698 0.108999 0.662826 0.330862 0.116993 0.648619 -0.139235 0.0666591 0.676848 
-0.1392 0.0595345 0.656462 -0.169631 0.0638364 0.677783 -0.169596 0.0567118 0.657397 
-0.185862 0.069007 0.66451 0.314596 0.129288 0.655732 0.2842 0.126465 0.656667 
0.253804 0.123643 0.657602 0.223409 0.12082 0.658537 0.193013 0.117997 0.659472 
0.162618 0.115174 0.660406 0.132222 0.112352 0.661341 0.101827 0.109529 0.662276 
0.0714313 0.106706 0.663211 0.0713966 0.113831 0.683597 0.0410358 0.103884 0.664145 
0.0410011 0.111008 0.684532 0.0247695 0.116179 0.671259 -0.141372 0.0940721 0.690141 
-0.171768 0.0912494 0.691075 -0.187999 0.09642 0.677803 0.00850331 0.128474 0.678373 
-0.0218922 0.125651 0.679308 -0.0219269 0.132776 0.699694 -0.0522877 0.122829 0.680242 
-0.0523224 0.129953 0.700629 -0.0826833 0.120006 0.681177 -0.0827179 0.12713 0.701564 
-0.113079 0.117183 0.682112 -0.113113 0.124308 0.702498 -0.143474 0.114361 0.683047 
-0.17387 0.111538 0.683982 0.388243 -0.0366691 0.553721 0.388277 -0.0437937 0.533335 
0.402407 -0.0286758 0.539514 0.357847 -0.0394919 0.554656 0.357882 -0.0466164 0.53427 
0.341616 -0.0343212 0.541383 0.40027 -0.00126283 0.552806 0.325315 -0.0149015 0.568883 
0.325349 -0.0220261 0.548497 0.294919 -0.0177242 0.569818 0.294954 -0.0248488 0.549432 
0.278688 -0.0125536 0.556545 0.414364 0.0209795 0.579371 0.398133 0.0261502 0.566099 
0.262421 -0.000258462 0.563659 0.232026 -0.00308115 0.564594 0.201596 0.00122067 0.585915 
0.20163 -0.00590386 0.565529 0.1712 -0.00160203 0.58685 0.171235 -0.00872655 0.566463 
0.140805 -0.00442472 0.587785 0.140839 -0.0115492 0.567398 0.124573 0.000745908 0.574512 
0.412262 0.041268 0.572278 0.426391 0.0563859 0.578457 0.108307 0.0130411 0.581626 
0.0779113 0.0102184 0.58256 0.0474812 0.0145202 0.603882 0.0475158 0.00739567 0.583495 
0.0170856 0.0116975 0.604816 0.0171203 0.00457297 0.58443 -0.0133099 0.0088748 0.605751 
-0.0132752 0.00175028 0.585365 -0.0437054 0.00605211 0.606686 -0.0436708 -0.00107242 0.5863 
-0.074101 0.00322941 0.607621 -0.0740663 -0.00389511 0.587234 -0.104496 0.00040672 0.608555 
-0.104462 -0.0067178 0.588169 -0.134892 -0.00241597 0.60949 -0.134857 -0.0095405 0.589104 
-0.151124 0.00275465 0.596218 0.410125 0.068681 0.58557 0.410091 0.0758055 0.605956 
0.393859 0.0809762 0.592684 -0.106633 0.0278197 0.621848 -0.137029 0.024997 0.622783 
-0.16739 0.0150498 0.603331 -0.167424 0.0221743 0.623718 -0.19782 0.0193516 0.624653 
-0.197785 0.0122271 0.604266 -0.214052 0.0245223 0.61138 0.391722 0.108389 0.605976 
-0.139166 0.05241 0.636075 -0.169561 0.0495873 0.63701 -0.199957 0.0467646 0.637945 
-0.230318 0.0368174 0.618493 -0.230352 0.0439419 0.63888 -0.246584 0.0491126 0.625607 
0.375456 0.120684 0.61309 0.34506 0.117862 0.614025 0.314665 0.115039 0.61496 
0.31463 0.122163 0.635346 0.298399 0.127334 0.622073 -0.202094 0.0741776 0.651237 
-0.218325 0.0793483 0.637965 -0.232455 0.0642304 0.631786 0.282132 0.139629 0.629187 
0.251737 0.136807 0.630122 0.221341 0.133984 0.631056 0.190946 0.131161 0.631991 
0.16055 0.128338 0.632926 0.130155 0.125516 0.633861 0.0997592 0.122693 0.634796 
0.0693637 0.11987 0.63573 0.0389681 0.117048 0.636665 0.00857261 0.114225 0.6376 
0.00853796 0.121349 0.657986 -0.00769361 0.12652 0.644714 -0.173835 0.104413 0.663595 
-0.159671 0.112407 0.649388 -0.173801 0.0972888 0.643209 -0.204196 0.0944661 0.644144 
-0.0239598 0.138815 0.651827 -0.0543554 0.135993 0.652762 -0.0847509 0.13317 0.653697 
-0.115146 0.130347 0.654632 -0.145542 0.127524 0.655567 0.360053 -0.0811539 0.500591 
0.360088 -0.0882784 0.480204 0.374217 -0.0731606 0.486383 0.343822 -0.0759833 0.487318 
0.388312 -0.0509182 0.512948 0.388347 -0.0580427 0.492562 0.402476 -0.0429249 0.498741 
0.357917 -0.0537409 0.513883 0.341685 -0.0485703 0.500611 0.400339 -0.0155119 0.512033 
0.325384 -0.0291506 0.528111 0.325419 -0.0362751 0.507724 0.294989 -0.0319733 0.529045 
0.295023 -0.0390978 0.508659 0.278757 -0.0268027 0.515773 0.398202 0.0119011 0.525326 
0.262456 -0.00738298 0.543273 0.262491 -0.0145075 0.522886 0.232061 -0.0102057 0.544207 
0.232095 -0.0173302 0.523821 0.201665 -0.0130284 0.545142 0.2017 -0.0201529 0.524756 
0.185433 -0.00785775 0.53187 0.396065 0.0393141 0.538619 0.169167 0.0044374 0.538983 
0.138772 0.00161471 0.539918 0.108342 0.00591654 0.561239 0.108376 -0.00120799 0.540853 
0.077946 0.00309384 0.562174 0.0779806 -0.00403068 0.541788 0.0475505 0.000271147 0.563109 
0.0475851 -0.00685337 0.542722 0.0171549 -0.00255155 0.564044 0.0171896 -0.00967607 0.543657 
0.000923355 0.00261908 0.550771 -0.0740317 -0.0110196 0.566848 -0.073997 -0.0181441 0.546462 
-0.0598677 -0.00302631 0.55264 -0.104427 -0.0138423 0.567783 -0.104393 -0.0209668 0.547396 
-0.134823 -0.016665 0.568718 -0.134788 -0.0237895 0.548331 -0.165218 -0.0194877 0.569652 
-0.165184 -0.0266122 0.549266 -0.195614 -0.0223104 0.570587 -0.195579 -0.0294349 0.550201 
-0.211845 -0.0171398 0.557314 0.41016 0.0615565 0.565184 0.393928 0.0667271 0.551911 
-0.0153429 0.0149142 0.557885 -0.0457384 0.0120915 0.558819 -0.167355 0.00792528 0.582945 
-0.197751 0.00510259 0.58388 -0.213982 0.0102732 0.570607 -0.258542 -0.000542807 0.585749 
-0.258507 -0.00766732 0.565363 -0.244378 0.00745052 0.571542 -0.274773 0.00462783 0.572477 
0.391791 0.0941401 0.565203 -0.230283 0.0296929 0.598107 -0.230248 0.0225684 0.577721 
-0.260644 0.0197457 0.578655 -0.246515 0.0348635 0.584834 0.375525 0.106435 0.572317 
0.375491 0.11356 0.592704 0.359259 0.11873 0.579431 -0.248652 0.0622765 0.598127 
0.342993 0.131026 0.586544 0.312597 0.128203 0.587479 0.282202 0.12538 0.588414 
0.282167 0.132505 0.6088 0.251806 0.122557 0.589349 0.251772 0.129682 0.609735 
0.221411 0.119735 0.590284 0.221376 0.126859 0.61067 0.191015 0.116912 0.591218 
0.19098 0.124037 0.611605 0.16062 0.114089 0.592153 0.160585 0.121214 0.61254 
0.130224 0.111267 0.593088 0.130189 0.118391 0.613474 0.113958 0.123562 0.600202 
-0.220393 0.0925122 0.610484 -0.234522 0.0773944 0.604306 0.0976916 0.135857 0.607315 
0.0672961 0.133034 0.60825 0.0369005 0.130212 0.609185 0.006505 0.127389 0.61012 
-0.0238905 0.124566 0.611055 -0.0239252 0.131691 0.631441 -0.0542861 0.121744 0.611989 
-0.0543207 0.128868 0.632376 -0.0846816 0.118921 0.612924 -0.0847162 0.126045 0.63331 
-0.115077 0.116098 0.613859 -0.115112 0.123223 0.634245 -0.145473 0.113275 0.614794 
-0.145507 0.1204 0.63518 -0.175868 0.110453 0.615729 -0.206264 0.10763 0.616663 
0.35802 -0.0751145 0.452724 0.37215 -0.0599966 0.458903 0.32759 -0.0708127 0.474045 
0.327625 -0.0779372 0.453659 0.297195 -0.0736353 0.47498 0.297229 -0.0807599 0.454594 
0.280963 -0.0684647 0.461707 0.386279 -0.0448788 0.465082 0.400408 -0.0297609 0.471261 
0.325453 -0.0433996 0.487338 0.295058 -0.0462223 0.488273 0.278826 -0.0410517 0.475 
0.398271 -0.00234793 0.484553 0.262525 -0.021632 0.5025 0.26256 -0.0287566 0.482113 
0.23213 -0.0244547 0.503435 0.232165 -0.0315793 0.483048 0.201734 -0.0272774 0.50437 
0.201769 -0.0344019 0.483983 0.185503 -0.0221068 0.491097 0.396135 0.0250651 0.497846 
0.169202 -0.00268712 0.518597 0.169237 -0.00981164 0.49821 0.138806 -0.00550981 0.519532 
0.138841 -0.0126343 0.499145 0.108411 -0.00833251 0.520466 0.108445 -0.015457 0.50008 
0.0780153 -0.0111552 0.521401 0.0780499 -0.0182797 0.501015 0.0476198 -0.0139779 0.522336 
0.0476544 -0.0211024 0.50195 0.0172242 -0.0168006 0.523271 0.0172589 -0.0239251 0.502884 
0.000992657 -0.01163 0.509998 -0.0739624 -0.0252687 0.526075 -0.0739277 -0.0323932 0.505689 
-0.0597984 -0.0172754 0.511868 -0.104358 -0.0280914 0.52701 -0.104323 -0.0352159 0.506624 
-0.134753 -0.0309141 0.527945 -0.134719 -0.0380386 0.507558 -0.165149 -0.0337368 0.52888 
-0.165114 -0.0408613 0.508493 -0.195544 -0.0365595 0.529814 -0.19551 -0.043684 0.509428 
-0.211776 -0.0313888 0.516542 0.393998 0.0524781 0.511138 -0.0153082 0.00778971 0.537498 
-0.0152736 0.000665186 0.517112 -0.0457037 0.00496701 0.538433 -0.0456691 -0.00215751 0.518047 
-0.228077 -0.0119692 0.544042 -0.228042 -0.0190937 0.523655 -0.244309 -0.00679853 0.530769 
0.391861 0.0798911 0.524431 -0.230214 0.0154438 0.557334 -0.260575 0.00549662 0.537883 
-0.276841 0.0177918 0.544996 0.375595 0.0921862 0.531544 0.37556 0.0993107 0.551931 
0.359328 0.104481 0.538658 -0.262712 0.0329096 0.551175 -0.248582 0.0480275 0.557354 
0.343062 0.116777 0.545772 0.343027 0.123901 0.566158 0.326796 0.129072 0.552885 
-0.250719 0.0754405 0.570646 0.31053 0.141367 0.559999 0.280134 0.138544 0.560934 
0.249739 0.135721 0.561869 0.219343 0.132899 0.562803 0.188947 0.130076 0.563738 
0.158552 0.127253 0.564673 0.128156 0.124431 0.565608 0.0977609 0.121608 0.566543 
0.0977262 0.128732 0.586929 0.0814947 0.133903 0.573656 -0.206229 0.100506 0.596277 
-0.192065 0.108499 0.582069 -0.206194 0.093381 0.575891 -0.23659 0.0905583 0.576825 
0.0652284 0.146198 0.58077 0.0348329 0.143376 0.581705 0.00443738 0.140553 0.58264 
-0.0259582 0.13773 0.583574 -0.0563537 0.134907 0.584509 -0.0867492 0.132085 0.585444 
-0.117145 0.129262 0.586379 -0.14754 0.126439 0.587313 -0.177936 0.123617 0.588248 
0.236473 -0.0935298 0.436077 0.236508 -0.100654 0.415691 0.250637 -0.0855365 0.421869 
0.220241 -0.0883591 0.422804 0.355918 -0.054826 0.44563 0.339687 -0.0496554 0.432357 
0.325557 -0.0647732 0.426179 0.295162 -0.0675959 0.427113 0.264732 -0.0632941 0.448435 
0.264766 -0.0704186 0.428048 0.234336 -0.0661168 0.449369 0.203975 -0.076064 0.429918 
0.203941 -0.0689395 0.450304 0.187709 -0.0637688 0.437032 -0.160806 -0.102812 0.461522 
-0.160771 -0.109936 0.441135 -0.146642 -0.0948185 0.447314 -0.177037 -0.0976412 0.448249 
0.384177 -0.0245903 0.457988 0.367945 -0.0194197 0.444715 0.353816 -0.0345375 0.438536 
0.262595 -0.0358811 0.461727 0.232199 -0.0387038 0.462662 0.201804 -0.0415265 0.463597 
0.171443 -0.0514737 0.444145 0.171408 -0.0443492 0.464532 0.141013 -0.0471719 0.465466 
0.141047 -0.0542964 0.44508 0.124781 -0.0420012 0.452194 -0.132547 -0.0725761 0.473879 
-0.132513 -0.0797006 0.453493 -0.118383 -0.0645828 0.459672 -0.162943 -0.0753988 0.474814 
-0.193304 -0.085346 0.455363 -0.193338 -0.0782215 0.475749 -0.223734 -0.0810442 0.476684 
-0.223699 -0.0881687 0.456298 -0.254129 -0.0838669 0.477619 -0.254095 -0.0909914 0.457232 
-0.270361 -0.0786963 0.464346 0.38204 0.0028227 0.47128 0.365808 0.00799333 0.458008 
0.169271 -0.0169362 0.477824 0.138876 -0.0197589 0.478759 0.108515 -0.0297061 0.459307 
0.10848 -0.0225816 0.479694 0.0780846 -0.0254042 0.480628 0.0781192 -0.0325288 0.460242 
0.0476891 -0.0282269 0.481563 0.0477237 -0.0353515 0.461177 0.0172935 -0.0310496 0.482498 
0.0173282 -0.0381742 0.462112 0.00106196 -0.025879 0.469225 -0.0738931 -0.0395177 0.485302 
-0.0738584 -0.0466422 0.464916 -0.0597291 -0.0315244 0.471095 -0.104289 -0.0423404 0.486237 
-0.104254 -0.0494649 0.465851 -0.134684 -0.0451631 0.487172 -0.16508 -0.0479858 0.488107 
-0.195475 -0.0508085 0.489042 -0.211707 -0.0456379 0.475769 -0.225836 -0.0607557 0.46959 
-0.256232 -0.0635784 0.470525 0.379903 0.0302357 0.484573 0.363671 0.0354063 0.4713 
-0.0152389 -0.00645934 0.496725 -0.0152043 -0.0135839 0.476339 -0.0456344 -0.00928203 0.49766 
-0.0455998 -0.0164066 0.477274 -0.228008 -0.0262182 0.503269 -0.227973 -0.0333427 0.482883 
-0.258403 -0.0290409 0.504204 -0.258369 -0.0361654 0.483817 -0.274635 -0.0238703 0.490931 
0.377766 0.0576487 0.497865 0.361535 0.0628193 0.484593 -0.26054 -0.0016279 0.517496 
-0.276772 0.00354273 0.504224 0.375629 0.0850617 0.511158 0.359398 0.0902323 0.497885 
-0.278909 0.0309557 0.517516 0.357261 0.117645 0.511178 -0.25065 0.0611914 0.529874 
-0.264779 0.0460736 0.523695 0.340994 0.12994 0.518291 0.310599 0.127118 0.519226 
0.310564 0.134242 0.539613 0.280203 0.124295 0.520161 0.280169 0.13142 0.540547 
0.263937 0.13659 0.527275 -0.236555 0.0834338 0.556439 -0.222391 0.0914271 0.542231 
-0.236521 0.0763093 0.536053 0.247671 0.148885 0.534388 0.217275 0.146063 0.535323 
0.18688 0.14324 0.536258 0.156484 0.140417 0.537193 0.126089 0.137595 0.538128 
0.0956933 0.134772 0.539062 0.0652977 0.131949 0.539997 0.0652631 0.139074 0.560383 
0.0349022 0.129127 0.540932 0.0348676 0.136251 0.561318 0.018636 0.141422 0.548046 
-0.177901 0.116492 0.567862 -0.163737 0.124486 0.553654 -0.177867 0.109368 0.547475 
-0.208262 0.106545 0.54841 0.00236976 0.153717 0.555159 -0.0280258 0.150894 0.556094 
-0.0584213 0.148071 0.557029 -0.0888168 0.145249 0.557964 -0.119212 0.142426 0.558898 
-0.149608 0.139603 0.559833 0.177888 -0.140837 0.383881 0.177923 -0.147962 0.363495 
0.192052 -0.132844 0.369674 0.161657 -0.135667 0.370609 0.206147 -0.110602 0.396239 
0.206181 -0.117726 0.375853 0.220311 -0.102608 0.382031 0.175751 -0.113424 0.397174 
0.14539 -0.123371 0.377722 0.145356 -0.116247 0.398109 0.129124 -0.111076 0.384836 
0.23444 -0.0874903 0.38821 0.248569 -0.0723725 0.394389 0.20401 -0.0831885 0.409531 
0.173614 -0.0860112 0.410466 0.143219 -0.0888339 0.411401 0.126987 -0.0836633 0.398128 
0.323455 -0.0444847 0.419085 0.307223 -0.0393141 0.405812 0.293094 -0.054432 0.399633 
0.262699 -0.0572546 0.400568 0.171477 -0.0585982 0.423759 0.141082 -0.0614209 0.424694 
0.110721 -0.0713681 0.405242 0.110686 -0.0642436 0.425628 0.0802908 -0.0670663 0.426563 
0.0803255 -0.0741908 0.406177 0.0640592 -0.0618957 0.41329 -0.0716868 -0.0811798 0.431237 
-0.0716522 -0.0883043 0.410851 -0.0575229 -0.0731864 0.41703 -0.102082 -0.0840025 0.432172 
-0.102048 -0.091127 0.411786 -0.132478 -0.0868252 0.433107 -0.132443 -0.0939497 0.41272 
-0.162839 -0.0967724 0.413655 -0.193269 -0.0924705 0.434976 -0.193234 -0.0995951 0.41459 
-0.223665 -0.0952932 0.435911 -0.22363 -0.102418 0.415525 -0.239896 -0.0901226 0.422638 
0.351714 -0.014249 0.431442 0.335482 -0.00907841 0.41817 0.321353 -0.0241963 0.411991 
0.108549 -0.0368306 0.438921 0.0781539 -0.0396533 0.439856 0.047793 -0.0496005 0.420404 
0.0477584 -0.042476 0.44079 0.0173628 -0.0452987 0.441725 0.0173975 -0.0524232 0.421339 
-0.0130327 -0.0481214 0.44266 -0.0129981 -0.0552459 0.422274 -0.0434282 -0.0509441 0.443595 
-0.0433936 -0.0580686 0.423208 -0.0738238 -0.0537668 0.44453 -0.104219 -0.0565895 0.445464 
-0.256162 -0.0778275 0.429752 -0.272429 -0.0655323 0.436866 0.349611 0.00603943 0.424349 
0.363741 0.0211573 0.430527 -0.0151696 -0.0207084 0.455953 -0.0455651 -0.0235311 0.456887 
-0.227938 -0.0404673 0.462496 -0.258334 -0.0432899 0.463431 -0.274565 -0.0381193 0.450158 
0.361604 0.0485703 0.44382 -0.276702 -0.0107063 0.463451 0.359467 0.0759833 0.457112 
-0.278839 0.0167067 0.476743 0.35733 0.103396 0.470405 -0.280976 0.0441197 0.490036 
0.341064 0.115691 0.477519 0.341029 0.122816 0.497905 0.310668 0.112869 0.478453 
0.310634 0.119993 0.49884 0.294402 0.125164 0.485567 -0.252718 0.0743554 0.502393 
-0.266847 0.0592375 0.496215 0.278136 0.137459 0.492681 0.24774 0.134636 0.493616 
0.247706 0.141761 0.514002 0.231474 0.146931 0.500729 -0.224459 0.104591 0.514751 
-0.238588 0.0894732 0.508572 0.215208 0.159227 0.507843 0.184812 0.156404 0.508778 
0.154417 0.153581 0.509712 0.124021 0.150759 0.510647 0.0936256 0.147936 0.511582 
0.0632301 0.145113 0.512517 0.0328346 0.14229 0.513452 0.00243906 0.139468 0.514386 
0.00240441 0.146592 0.534773 -0.0279565 0.136645 0.515321 -0.0279911 0.14377 0.535708 
-0.058352 0.133822 0.516256 -0.0583866 0.140947 0.536642 -0.0887475 0.131 0.517191 
-0.0887822 0.138124 0.537577 -0.119143 0.128177 0.518126 -0.119178 0.135302 0.538512 
-0.149539 0.125354 0.51906 -0.149573 0.132479 0.539447 -0.179934 0.122532 0.519995 
-0.21033 0.119709 0.52093 0.175821 -0.127673 0.356401 0.145425 -0.130496 0.357336 
0.14546 -0.13762 0.336949 0.159589 -0.122503 0.343128 0.129193 -0.125325 0.344063 
0.204114 -0.104562 0.348372 0.218243 -0.0894442 0.354551 0.173718 -0.107385 0.349307 
0.112893 -0.105906 0.371563 0.112927 -0.11303 0.351177 0.096661 -0.100735 0.35829 
0.232372 -0.0743264 0.36073 0.246502 -0.0592085 0.366909 0.110756 -0.0784927 0.384856 
0.0803948 -0.0884399 0.365404 0.0803601 -0.0813154 0.38579 0.0641285 -0.0761447 0.372518 
-0.0716175 -0.0954288 0.390464 -0.0715829 -0.102553 0.370078 -0.0574536 -0.0874355 0.376257 
-0.102013 -0.0982515 0.391399 -0.101978 -0.105376 0.371013 -0.132409 -0.101074 0.392334 
-0.132374 -0.108199 0.371948 -0.162804 -0.103897 0.393269 -0.162769 -0.111021 0.372882 
-0.179036 -0.0987263 0.379996 0.290992 -0.0341435 0.392539 0.27476 -0.0289729 0.379267 
0.260631 -0.0440907 0.373088 0.0478277 -0.056725 0.400018 0.0478623 -0.0638496 0.379631 
0.0174321 -0.0595477 0.400952 0.0174668 -0.0666723 0.380566 -0.0129634 -0.0623704 0.401887 
-0.0129288 -0.069495 0.381501 -0.0433589 -0.0651931 0.402822 -0.0433243 -0.0723176 0.382436 
-0.195302 -0.0864311 0.38711 -0.225697 -0.0892538 0.388044 -0.256128 -0.084952 0.409366 
-0.256093 -0.0920765 0.388979 -0.286523 -0.0877747 0.4103 -0.286489 -0.0948992 0.389914 
-0.302755 -0.0826041 0.397028 0.31925 -0.00390779 0.404897 0.303019 0.00126284 0.391624 
0.28889 -0.013855 0.385445 -0.28866 -0.0603617 0.423593 -0.304892 -0.0551911 0.41032 
0.347509 0.0263279 0.417255 0.331278 0.0314985 0.403982 0.317148 0.0163807 0.397803 
-0.290797 -0.0329487 0.436885 -0.307029 -0.0277781 0.423613 0.345372 0.0537409 0.430547 
0.329141 0.0589115 0.417275 -0.27877 0.00245764 0.43597 -0.292899 -0.0126602 0.429792 
0.343235 0.0811539 0.44384 0.312874 0.0712067 0.424388 0.31284 0.0783312 0.444775 
0.296608 0.0835018 0.431502 -0.280907 0.0298706 0.449263 0.341098 0.108567 0.457132 
0.310703 0.105744 0.458067 0.294471 0.110915 0.444794 -0.283044 0.0572836 0.462555 
0.278205 0.12321 0.451908 0.27817 0.130335 0.472294 0.261939 0.135505 0.459022 
-0.254785 0.0875193 0.474913 -0.268914 0.0724015 0.468734 0.245673 0.1478 0.466135 
0.215277 0.144978 0.46707 0.215242 0.152102 0.487456 0.184882 0.142155 0.468005 
0.184847 0.149279 0.488391 0.154486 0.139332 0.46894 0.154451 0.146457 0.489326 
0.12409 0.13651 0.469874 0.124056 0.143634 0.490261 0.093695 0.133687 0.470809 
0.0936603 0.140811 0.491196 0.0774287 0.145982 0.477923 -0.210295 0.112584 0.500544 
-0.196131 0.120578 0.486336 -0.21026 0.10546 0.480157 -0.240656 0.102637 0.481092 
0.0611625 0.158277 0.485037 0.030767 0.155454 0.485971 0.000371444 0.152632 0.486906 
-0.0300241 0.149809 0.487841 -0.0604196 0.146986 0.488776 -0.0908152 0.144164 0.489711 
-0.121211 0.141341 0.490645 -0.151606 0.138518 0.49158 -0.182002 0.135696 0.492515 
0.143392 -0.124457 0.309469 0.157521 -0.109339 0.315648 0.112962 -0.120155 0.33079 
0.112996 -0.127279 0.310404 0.0967303 -0.114984 0.317518 0.202012 -0.0842736 0.341278 
0.18578 -0.079103 0.328006 0.171651 -0.0942208 0.321827 0.0804294 -0.0955644 0.345018 
0.0804641 -0.102689 0.324631 0.0641978 -0.0903938 0.331745 0.230305 -0.0611624 0.33325 
0.244434 -0.0460446 0.339429 0.199909 -0.0639851 0.334185 0.047897 -0.0709741 0.359245 
0.0479316 -0.0780986 0.338858 0.0175014 -0.0737968 0.36018 0.0175361 -0.0809213 0.339793 
-0.0128941 -0.0766195 0.361115 -0.0128595 -0.083744 0.340728 -0.0432896 -0.0794422 0.362049 
-0.043255 -0.0865667 0.341663 -0.0736505 -0.0893894 0.342598 -0.104046 -0.0922121 0.343533 
-0.134442 -0.0950348 0.344467 -0.164837 -0.0978575 0.345402 -0.195267 -0.0935557 0.366723 
-0.195233 -0.10068 0.346337 -0.225663 -0.0963783 0.367658 -0.225628 -0.103503 0.347272 
-0.256058 -0.099201 0.368593 -0.256024 -0.106326 0.348206 -0.286454 -0.102024 0.369528 
-0.286419 -0.109148 0.349141 -0.302685 -0.0968531 0.356255 0.258563 -0.0309268 0.345607 
0.272693 -0.0158089 0.351786 -0.304822 -0.0694401 0.369547 0.286822 -0.000691061 0.357965 
0.300951 0.0144268 0.364144 -0.306959 -0.0420271 0.38284 0.315046 0.0366692 0.390709 
0.298814 0.0418398 0.377436 -0.309096 -0.0146141 0.396132 0.312909 0.0640822 0.404002 
0.296677 0.0692528 0.390729 -0.280838 0.0156216 0.40849 -0.294967 0.000503734 0.402311 
0.280411 0.0815479 0.397843 0.280377 0.0886725 0.418229 0.264145 0.0938431 0.404956 
-0.282975 0.0430346 0.421783 0.27824 0.116085 0.431522 0.262008 0.121256 0.418249 
-0.285111 0.0704476 0.435075 0.245742 0.133551 0.425362 0.245707 0.140676 0.445749 
0.229476 0.145846 0.432476 -0.256853 0.100683 0.447433 -0.270982 0.0855654 0.441254 
0.213209 0.158142 0.43959 0.182814 0.155319 0.440525 0.152418 0.152496 0.441459 
0.122023 0.149673 0.442394 0.0916273 0.146851 0.443329 0.0612318 0.144028 0.444264 
0.0611972 0.151153 0.46465 0.0308363 0.141205 0.445199 0.0308016 0.14833 0.465585 
0.000440743 0.138383 0.446133 0.000406095 0.145507 0.46652 -0.0299548 0.13556 0.447068 
-0.0299894 0.142685 0.467455 -0.046221 0.147855 0.454182 -0.198199 0.133742 0.458856 
-0.212328 0.118624 0.452677 -0.242723 0.115801 0.453612 -0.0624872 0.16015 0.461295 
-0.0928828 0.157328 0.46223 -0.123278 0.154505 0.463165 -0.153674 0.151682 0.4641 
-0.184069 0.14886 0.465035 0.141324 -0.111293 0.281989 0.155454 -0.0961747 0.288168 
0.110929 -0.114115 0.282924 0.0804987 -0.109813 0.304245 0.0805334 -0.116938 0.283858 
0.0642671 -0.104643 0.290972 0.169583 -0.0810569 0.294347 0.183712 -0.065939 0.300525 
0.0479663 -0.0852231 0.318472 0.0480009 -0.0923477 0.298086 0.0175707 -0.0880458 0.319407 
0.0176054 -0.0951703 0.299021 -0.0128248 -0.0908685 0.320342 -0.0127902 -0.0979931 0.299955 
-0.0432203 -0.0936912 0.321277 -0.0431857 -0.100816 0.30089 -0.0736159 -0.0965139 0.322211 
-0.0735812 -0.103638 0.301825 -0.104011 -0.0993366 0.323146 -0.103977 -0.106461 0.30276 
-0.134407 -0.102159 0.324081 -0.134372 -0.109284 0.303695 -0.164802 -0.104982 0.325016 
-0.164768 -0.112107 0.304629 -0.181034 -0.0998114 0.311743 0.228203 -0.040874 0.326156 
0.211971 -0.0357033 0.312883 0.197842 -0.0508212 0.306704 -0.1973 -0.0875162 0.318857 
-0.227696 -0.0903389 0.319791 -0.258091 -0.0931616 0.320726 -0.288487 -0.0959843 0.321661 
-0.318917 -0.0916825 0.342982 -0.318882 -0.098807 0.322596 -0.335149 -0.0865119 0.32971 
0.256461 -0.0106383 0.338514 0.24023 -0.00546766 0.325241 0.2261 -0.0205855 0.319062 
-0.30689 -0.0562762 0.342067 -0.321019 -0.071394 0.335888 0.28472 0.0195974 0.350871 
0.268488 0.024768 0.337599 0.254359 0.00965019 0.33142 -0.309027 -0.0288632 0.35536 
0.282583 0.0470104 0.364164 0.266351 0.052181 0.350891 -0.311164 -0.00145017 0.368652 
0.280446 0.0744234 0.377456 0.264214 0.079594 0.364184 -0.282905 0.0287855 0.38101 
-0.297035 0.0136677 0.374831 0.262077 0.107007 0.377476 -0.285042 0.0561985 0.394302 
0.245811 0.119302 0.38459 0.245777 0.126427 0.404976 0.229545 0.131597 0.391703 
-0.270947 0.0784409 0.420868 -0.256783 0.0864342 0.40666 -0.270913 0.0713164 0.400481 
0.213279 0.143892 0.398817 0.213244 0.151017 0.419203 0.197013 0.156188 0.405931 
-0.242689 0.108677 0.433225 -0.228525 0.11667 0.419018 -0.242654 0.101552 0.412839 
0.180746 0.168483 0.413044 0.150351 0.16566 0.413979 0.119955 0.162837 0.414914 
0.0895597 0.160015 0.415849 0.0591642 0.157192 0.416784 0.0287687 0.154369 0.417718 
-0.00162687 0.151547 0.418653 -0.0320224 0.148724 0.419588 -0.0624179 0.145901 0.420523 
-0.0624526 0.153026 0.440909 -0.0928135 0.143079 0.421458 -0.0928481 0.150203 0.441844 
-0.123209 0.140256 0.422392 -0.123244 0.14738 0.442779 -0.153605 0.137433 0.423327 
-0.153639 0.144558 0.443714 -0.184 0.13461 0.424262 -0.184035 0.141735 0.444648 
-0.214396 0.131788 0.425197 0.139257 -0.0981286 0.254509 0.153386 -0.0830108 0.260687 
0.108861 -0.100951 0.255443 0.0784657 -0.103774 0.256378 0.0480356 -0.0994722 0.277699 
0.0480702 -0.106597 0.257313 0.01764 -0.102295 0.278634 0.0176747 -0.109419 0.258248 
-0.0127555 -0.105118 0.279569 -0.0127209 -0.112242 0.259183 -0.043151 -0.10794 0.280504 
-0.0431164 -0.115065 0.260117 -0.0593826 -0.10277 0.267231 0.167515 -0.0678929 0.266866 
0.181645 -0.0527751 0.273045 -0.0756488 -0.0904745 0.274345 -0.106044 -0.0932972 0.275279 
-0.13644 -0.0961199 0.276214 -0.166835 -0.0989426 0.277149 -0.197266 -0.0946407 0.29847 
-0.197231 -0.101765 0.278084 -0.227661 -0.0974635 0.299405 -0.227626 -0.104588 0.279019 
-0.258057 -0.100286 0.30034 -0.258022 -0.107411 0.279953 -0.274288 -0.0951155 0.287067 
0.195774 -0.0376572 0.279224 0.209903 -0.0225394 0.285403 -0.290554 -0.0828204 0.294181 
-0.32095 -0.0856431 0.295116 -0.337216 -0.0733479 0.302229 0.224033 -0.00742155 0.291582 
0.238162 0.00769629 0.297761 -0.308958 -0.0431122 0.314587 -0.323087 -0.0582301 0.308408 
0.252291 0.0228141 0.303939 0.266421 0.037932 0.310118 -0.311095 -0.0156992 0.327879 
0.264284 0.065345 0.323411 -0.313231 0.0117138 0.341172 0.262147 0.092758 0.336703 
-0.284973 0.0419495 0.35353 -0.299102 0.0268316 0.347351 0.245881 0.105053 0.343817 
0.245846 0.112178 0.364203 0.229614 0.117348 0.350931 -0.28711 0.0693625 0.366822 
0.213348 0.129643 0.358044 0.213313 0.136768 0.378431 0.197082 0.141939 0.365158 
-0.258851 0.0995982 0.37918 -0.27298 0.0844803 0.373001 0.180816 0.154234 0.372272 
0.180781 0.161358 0.392658 0.164549 0.166529 0.379385 0.0591988 0.150067 0.396397 
0.0733628 0.158061 0.38219 0.0592335 0.142943 0.376011 0.028838 0.14012 0.376946 
0.0288033 0.147245 0.397332 0.0125717 0.152415 0.384059 -0.230593 0.129834 0.391538 
-0.244722 0.114716 0.385359 0.148283 0.178824 0.386499 0.117888 0.176001 0.387434 
0.0874921 0.173179 0.388368 -0.00369449 0.164711 0.391173 -0.03409 0.161888 0.392108 
-0.0644855 0.159065 0.393042 -0.0948811 0.156242 0.393977 -0.125277 0.15342 0.394912 
-0.155672 0.150597 0.395847 -0.186068 0.147774 0.396782 -0.216463 0.144952 0.397716 
0.137155 -0.0778402 0.247415 0.120923 -0.0726695 0.234142 0.106794 -0.0877874 0.227963 
0.0763981 -0.0906101 0.228898 0.0460026 -0.0934327 0.229833 0.0156071 -0.0962555 0.230768 
-0.0147885 -0.0990782 0.231702 -0.045184 -0.101901 0.232637 -0.0756142 -0.097599 0.253958 
-0.0755795 -0.104724 0.233572 -0.10601 -0.100422 0.254893 -0.105975 -0.107546 0.234507 
-0.136405 -0.103244 0.255828 -0.136371 -0.110369 0.235442 -0.166801 -0.106067 0.256763 
-0.166766 -0.113192 0.236376 -0.183032 -0.100896 0.24349 0.165413 -0.0476044 0.259772 
0.149182 -0.0424338 0.2465 0.135052 -0.0575517 0.240321 -0.199299 -0.0886013 0.250604 
-0.229694 -0.091424 0.251538 -0.26009 -0.0942467 0.252473 -0.29052 -0.0899449 0.273794 
-0.290485 -0.0970694 0.253408 -0.320915 -0.0927676 0.274729 -0.320881 -0.0998921 0.254343 
-0.337147 -0.0875969 0.261456 0.193672 -0.0173688 0.27213 0.17744 -0.0121981 0.258857 
0.163311 -0.027316 0.252679 -0.339284 -0.060184 0.274749 0.22193 0.0128669 0.284488 
0.205699 0.0180375 0.271215 0.191569 0.00291971 0.265036 -0.325189 -0.0379416 0.301314 
-0.341421 -0.032771 0.288041 0.250189 0.0431026 0.296846 0.233957 0.0482732 0.283573 
0.219828 0.0331554 0.277394 -0.313162 -0.00253526 0.300399 -0.327291 -0.0176531 0.29422 
0.248052 0.0705156 0.310138 0.23182 0.0756862 0.296865 -0.315299 0.0248777 0.313692 
0.245915 0.0979286 0.323431 0.229684 0.103099 0.310158 -0.28704 0.0551134 0.326049 
-0.30117 0.0399956 0.319871 0.213417 0.115394 0.317272 0.213383 0.122519 0.337658 
0.197151 0.12769 0.324385 -0.289177 0.0825264 0.339342 0.180885 0.139985 0.331499 
0.18085 0.147109 0.351885 0.164619 0.15228 0.338612 -0.260919 0.112762 0.3517 
-0.275048 0.0976443 0.345521 0.148352 0.164575 0.345726 0.148318 0.1717 0.366112 
0.117957 0.161752 0.346661 0.117922 0.168877 0.367047 0.0875614 0.15893 0.347596 
0.0875268 0.166054 0.367982 0.0571659 0.156107 0.348531 0.0267703 0.153284 0.349465 
-0.00362519 0.150462 0.3504 -0.00365984 0.157586 0.370786 -0.0340207 0.147639 0.351335 
-0.0340554 0.154763 0.371721 -0.0644163 0.144816 0.35227 -0.0644509 0.151941 0.372656 
-0.0948118 0.141993 0.353204 -0.0948464 0.149118 0.373591 -0.111078 0.154289 0.360318 
-0.216429 0.137827 0.37733 -0.202265 0.14582 0.363123 -0.216394 0.130703 0.356944 
-0.246789 0.12788 0.357878 -0.127344 0.166584 0.367432 -0.15774 0.163761 0.368367 
-0.188135 0.160938 0.369301 0.104691 -0.0674989 0.220869 0.0884598 -0.0623283 0.207597 
0.0743305 -0.0774461 0.201418 0.043935 -0.0802688 0.202352 0.0135394 -0.0830915 0.203287 
-0.0168561 -0.0859142 0.204222 -0.0472516 -0.0887369 0.205157 -0.0776471 -0.0915596 0.206092 
-0.108043 -0.0943823 0.207026 -0.138438 -0.097205 0.207961 -0.168834 -0.100028 0.208896 
-0.199264 -0.0957259 0.230217 -0.199229 -0.10285 0.209831 -0.229659 -0.0985485 0.231152 
-0.229625 -0.105673 0.210766 -0.260055 -0.101371 0.232087 -0.26002 -0.108496 0.2117 
-0.276287 -0.0962006 0.218814 0.132985 -0.0443877 0.212841 0.147114 -0.0292699 0.219019 
0.102589 -0.0472104 0.213775 -0.292553 -0.0839055 0.225928 -0.322948 -0.0867282 0.226863 
-0.353378 -0.0824263 0.248184 -0.353344 -0.0895508 0.227797 -0.36961 -0.0772557 0.234911 
0.161243 -0.014152 0.225198 0.175373 0.000965808 0.231377 -0.355515 -0.0550133 0.261476 
-0.371747 -0.0498427 0.248203 0.189467 0.0232082 0.257942 0.173236 0.0283788 0.24467 
-0.343488 -0.019607 0.260561 -0.357618 -0.0347249 0.254382 0.217726 0.0534439 0.2703 
0.201494 0.0586145 0.257027 0.187365 0.0434967 0.250849 -0.31523 0.0106287 0.272919 
-0.329359 -0.00448916 0.26674 0.215589 0.0808569 0.283593 0.199357 0.0860275 0.27032 
-0.317367 0.0380417 0.286211 0.213452 0.10827 0.296885 0.19722 0.11344 0.283612 
-0.289108 0.0682774 0.298569 -0.303237 0.0531595 0.29239 0.180954 0.125736 0.290726 
0.18092 0.13286 0.311112 0.164688 0.138031 0.29784 -0.275013 0.0905197 0.325134 
-0.260849 0.0985131 0.310927 -0.274979 0.0833952 0.304748 0.148422 0.150326 0.304953 
0.148387 0.15745 0.32534 0.132156 0.162621 0.312067 -0.246755 0.120755 0.337492 
-0.232591 0.128749 0.323285 -0.24672 0.113631 0.317106 0.115889 0.174916 0.319181 
0.0854938 0.172094 0.320115 0.0550983 0.169271 0.32105 0.0247027 0.166448 0.321985 
-0.00569281 0.163625 0.32292 -0.0360883 0.160803 0.323855 -0.0664839 0.15798 0.324789 
-0.0968794 0.155157 0.325724 -0.127275 0.152335 0.326659 -0.12731 0.159459 0.347045 
-0.15767 0.149512 0.327594 -0.157705 0.156637 0.34798 -0.188066 0.146689 0.328529 
-0.188101 0.153814 0.348915 -0.218461 0.143867 0.329463 -0.0776125 -0.0986841 0.185705 
-0.0775779 -0.105809 0.165319 -0.0634485 -0.0906908 0.171498 -0.108008 -0.101507 0.18664 
-0.107973 -0.108631 0.166254 -0.138404 -0.10433 0.187575 -0.138369 -0.111454 0.167188 
-0.168799 -0.107152 0.18851 -0.168764 -0.114277 0.168123 -0.185031 -0.101982 0.175237 
0.0722629 -0.0642822 0.173937 0.0863922 -0.0491643 0.180116 0.0418674 -0.0671049 0.174872 
0.0114718 -0.0699275 0.175807 -0.0189237 -0.0727503 0.176742 -0.0493192 -0.0755729 0.177677 
-0.201297 -0.0896864 0.182351 -0.231692 -0.0925091 0.183285 -0.262088 -0.0953318 0.18422 
-0.292518 -0.09103 0.205541 -0.292483 -0.0981545 0.185155 -0.30875 -0.0858593 0.192269 
0.130882 -0.0240993 0.205747 0.114651 -0.0189286 0.192474 0.100521 -0.0340465 0.186295 
-0.325016 -0.0735642 0.199382 -0.355411 -0.0763869 0.200317 -0.371678 -0.0640918 0.207431 
0.159141 0.00613644 0.218104 0.142909 0.0113071 0.204832 0.12878 -0.00381078 0.198653 
-0.373815 -0.0366787 0.220723 0.157039 0.0264249 0.211011 0.171168 0.0415428 0.217189 
-0.345556 -0.00644306 0.233081 -0.359685 -0.0215609 0.226902 0.185263 0.0637851 0.243755 
0.169031 0.0689558 0.230482 -0.317297 0.0237926 0.245439 -0.331427 0.00867479 0.23926 
0.183126 0.0911981 0.257047 0.166894 0.0963688 0.243774 -0.303203 0.046035 0.272004 
-0.289039 0.0540283 0.257796 -0.303168 0.0389105 0.251618 0.180989 0.118611 0.27034 
0.164757 0.123782 0.257067 -0.291176 0.0814413 0.271089 0.148491 0.136077 0.264181 
0.148456 0.143201 0.284567 0.132225 0.148372 0.271294 -0.262917 0.111677 0.283447 
-0.277046 0.0965592 0.277268 0.115959 0.160667 0.278408 0.115924 0.167792 0.298794 
0.0855631 0.157844 0.279343 0.0855284 0.164969 0.299729 0.0551676 0.155022 0.280277 
0.0551329 0.162146 0.300664 0.024772 0.152199 0.281212 0.0247374 0.159324 0.301599 
-0.00562351 0.149376 0.282147 -0.00565816 0.156501 0.302533 -0.0218897 0.161672 0.289261 
-0.218427 0.136742 0.309077 -0.204263 0.144735 0.29487 -0.218392 0.129618 0.288691 
-0.248788 0.126795 0.289625 -0.038156 0.173967 0.296374 -0.0685515 0.171144 0.297309 
-0.098947 0.168321 0.298244 -0.129343 0.165499 0.299179 -0.159738 0.162676 0.300114 
-0.190134 0.159853 0.301048 -0.0492846 -0.0826975 0.15729 -0.0492499 -0.089822 0.136904 
-0.0351206 -0.0747041 0.143083 -0.0796455 -0.0926447 0.137839 -0.110041 -0.0954674 0.138773 
-0.140437 -0.0982901 0.139708 -0.170832 -0.101113 0.140643 -0.201262 -0.0968109 0.161964 
-0.201228 -0.103935 0.141578 -0.231658 -0.0996336 0.162899 -0.231623 -0.106758 0.142513 
-0.247889 -0.094463 0.149626 0.0701953 -0.0511182 0.146457 0.0843246 -0.0360004 0.152636 
0.0397997 -0.0539409 0.147392 0.00940421 -0.0567636 0.148327 -0.0209913 -0.0595863 0.149262 
-0.264156 -0.0821678 0.15674 -0.294551 -0.0849905 0.157675 -0.324981 -0.0806887 0.178996 
-0.324947 -0.0878132 0.158609 -0.355377 -0.0835114 0.179931 -0.355342 -0.0906359 0.159544 
-0.371608 -0.0783408 0.166658 0.0984539 -0.0208825 0.158815 0.112583 -0.00576467 0.164994 
-0.373745 -0.0509278 0.17995 0.126713 0.00935317 0.171173 0.140842 0.024471 0.177351 
-0.375882 -0.0235148 0.193243 0.154936 0.0467134 0.203917 0.138705 0.051884 0.190644 
-0.347624 0.00672089 0.205601 -0.361753 -0.00839695 0.199422 0.1528 0.0741264 0.217209 
0.136568 0.079297 0.203936 -0.319365 0.0369566 0.217958 -0.333494 0.0218387 0.21178 
0.150663 0.101539 0.230502 0.134431 0.10671 0.217229 -0.291106 0.0671923 0.230316 
-0.305236 0.0520744 0.224137 0.148526 0.128952 0.243794 0.132294 0.134123 0.230521 
-0.293243 0.0946053 0.243609 0.130157 0.161536 0.243814 -0.248753 0.11967 0.269239 
-0.234589 0.127664 0.255032 -0.248718 0.112546 0.248853 -0.279114 0.109723 0.249787 
0.113891 0.173831 0.250928 0.0834955 0.171008 0.251862 0.0530999 0.168186 0.252797 
0.0227044 0.165363 0.253732 -0.00769112 0.16254 0.254667 -0.0380867 0.159718 0.255602 
-0.0381213 0.166842 0.275988 -0.0684822 0.156895 0.256536 -0.0685168 0.16402 0.276923 
-0.0988777 0.154072 0.257471 -0.0989124 0.161197 0.277858 -0.129273 0.15125 0.258406 
-0.129308 0.158374 0.278792 -0.159669 0.148427 0.259341 -0.159703 0.155551 0.279727 
-0.190064 0.145604 0.260276 -0.190099 0.152729 0.280662 -0.22046 0.142782 0.26121 
-0.0513176 -0.076658 0.109424 -0.0371882 -0.0615402 0.115602 -0.0817131 -0.0794807 0.110358 
-0.112109 -0.0823034 0.111293 -0.142504 -0.0851261 0.112228 -0.1729 -0.0879488 0.113163 
-0.203295 -0.0907715 0.114098 -0.233691 -0.0935942 0.115032 -0.264121 -0.0892924 0.136354 
-0.264086 -0.0964169 0.115967 -0.280352 -0.0841218 0.123081 0.0681277 -0.0379543 0.118977 
0.082257 -0.0228364 0.125156 0.0377321 -0.040777 0.119912 0.00733659 -0.0435996 0.120846 
-0.0230589 -0.0464224 0.121781 -0.296619 -0.0718266 0.130194 -0.327014 -0.0746493 0.131129 
-0.35741 -0.077472 0.132064 -0.38784 -0.0731702 0.153385 -0.387805 -0.0802947 0.132999 
-0.404072 -0.0679995 0.140112 0.0963863 -0.00771857 0.131335 0.110516 0.00739928 0.137513 
-0.389977 -0.0457572 0.166678 -0.406208 -0.0405865 0.153405 0.124645 0.0225171 0.143692 
0.138774 0.037635 0.149871 -0.361718 -0.0155215 0.179035 -0.347554 -0.00752815 0.164828 
-0.361684 -0.022646 0.158649 -0.392079 -0.0254687 0.159584 0.136637 0.065048 0.163164 
-0.33346 0.0147142 0.191393 -0.319296 0.0227075 0.177186 -0.333425 0.00758969 0.171007 
0.1345 0.092461 0.176456 -0.321433 0.0501205 0.190478 0.132363 0.119874 0.189749 
-0.293174 0.0803562 0.202836 -0.307303 0.0652384 0.196657 0.130227 0.147287 0.203041 
-0.279079 0.102599 0.229401 -0.264915 0.110592 0.215194 -0.279045 0.0954741 0.209015 
0.11396 0.159582 0.210155 0.113926 0.166707 0.230541 0.0835648 0.156759 0.21109 
0.0835301 0.163884 0.231476 0.0531692 0.153937 0.212024 0.0531346 0.161061 0.232411 
0.0227737 0.151114 0.212959 0.0227391 0.158239 0.233346 0.00650748 0.163409 0.220073 
-0.236657 0.140828 0.227551 -0.250786 0.12571 0.221372 -0.00975874 0.175704 0.227187 
-0.0401543 0.172882 0.228121 -0.0705498 0.170059 0.229056 -0.100945 0.167236 0.229991 
-0.131341 0.164414 0.230926 -0.161736 0.161591 0.231861 -0.192132 0.158768 0.232795 
-0.222527 0.155945 0.23373 -0.142469 -0.0922506 0.0918415 -0.142435 -0.0993752 0.0714552 
-0.128306 -0.0842573 0.077634 -0.172865 -0.0950733 0.0927764 -0.17283 -0.102198 0.07239 
-0.203261 -0.097896 0.0937111 -0.203226 -0.105021 0.0733248 -0.219492 -0.0927254 0.0804384 
-0.0230243 -0.0535469 0.101395 -0.0229896 -0.0606714 0.0810085 -0.00886033 -0.0455536 0.0871873 
-0.0533852 -0.0634941 0.0819433 -0.0837807 -0.0663168 0.0828781 -0.114176 -0.0691395 0.0838129 
-0.235758 -0.0804303 0.0875521 -0.266154 -0.0832529 0.0884869 -0.296584 -0.0789511 0.109808 
-0.296549 -0.0860757 0.0894217 -0.32698 -0.0817738 0.110743 -0.326945 -0.0888983 0.0903565 
-0.343211 -0.0766032 0.0974701 0.0660254 -0.0176658 0.111883 0.0497938 -0.0124952 0.0986102 
0.0356645 -0.027613 0.0924314 0.00526898 -0.0304357 0.0933662 -0.359477 -0.064308 0.104584 
-0.389873 -0.0671307 0.105519 -0.406139 -0.0548356 0.112632 0.0943187 0.00544538 0.103854 
0.108448 0.0205632 0.110033 0.0639231 0.00262268 0.104789 -0.408276 -0.0274226 0.125925 
0.122543 0.0428056 0.136598 0.106311 0.0479762 0.123326 -0.349622 0.0056358 0.137348 
-0.363751 -0.00948205 0.131169 -0.394147 -0.0123047 0.132104 0.120406 0.0702186 0.149891 
0.104174 0.0753892 0.136618 -0.321363 0.0358715 0.149705 -0.335493 0.0207536 0.143527 
0.118303 0.0905071 0.142797 0.132433 0.105625 0.148976 -0.3235 0.0632845 0.162998 
0.130296 0.133038 0.162268 -0.295242 0.0935202 0.175356 -0.309371 0.0784023 0.169177 
0.11403 0.145333 0.169382 0.113995 0.152458 0.189768 0.0977634 0.157628 0.176496 
-0.266983 0.123756 0.187713 -0.281112 0.108638 0.181534 0.0814971 0.169923 0.183609 
0.0511016 0.167101 0.184544 0.0207061 0.164278 0.185479 -0.00968944 0.161455 0.186414 
-0.00972409 0.16858 0.2068 -0.040085 0.158633 0.187349 -0.0401196 0.165757 0.207735 
-0.0704805 0.15581 0.188283 -0.0705151 0.162934 0.20867 -0.100876 0.152987 0.189218 
-0.100911 0.160112 0.209605 -0.131272 0.150165 0.190153 -0.131306 0.157289 0.210539 
-0.161667 0.147342 0.191088 -0.161702 0.154466 0.211474 -0.192063 0.144519 0.192023 
-0.192097 0.151644 0.212409 -0.222458 0.141696 0.192957 -0.222493 0.148821 0.213344 
-0.252854 0.138874 0.193892 -0.0837461 -0.0734413 0.0624917 -0.0837114 -0.0805658 0.0421053 
-0.0695821 -0.065448 0.0482842 -0.114142 -0.076264 0.0634265 -0.114107 -0.0833885 0.0430401 
-0.144502 -0.0862112 0.0439749 -0.174898 -0.0890339 0.0449097 -0.205294 -0.0918566 0.0458445 
-0.235724 -0.0875548 0.0671657 -0.235689 -0.0946793 0.0467793 -0.251955 -0.0823842 0.0538929 
-0.0250573 -0.0475074 0.0535282 -0.0109279 -0.0323896 0.0597071 -0.0554528 -0.0503301 0.054463 
-0.268221 -0.070089 0.0610066 -0.298617 -0.0729117 0.0619414 -0.329013 -0.0757344 0.0628762 
-0.359443 -0.0714326 0.0841974 -0.359408 -0.0785571 0.063811 -0.375674 -0.0662619 0.0709246 
0.0335622 -0.00732453 0.0853375 0.0173307 -0.00215391 0.0720648 0.00320136 -0.0172718 0.0658859 
-0.391941 -0.0539668 0.0780383 -0.408207 -0.0416716 0.085152 0.0922164 0.0257339 0.0967604 
0.0618208 0.0229112 0.0976952 0.0455893 0.0280818 0.0844225 0.03146 0.0129639 0.0782436 
-0.410344 -0.0142586 0.0984445 0.0900795 0.0531469 0.110053 0.0738479 0.0583175 0.0967802 
0.0597186 0.0431996 0.0906013 -0.35169 0.0187997 0.109867 -0.365819 0.0036819 0.103689 
-0.396214 0.000859204 0.104623 0.0879772 0.0734353 0.102959 0.102107 0.0885532 0.109138 
-0.323431 0.0490354 0.122225 -0.33756 0.0339176 0.116046 0.116201 0.110796 0.135703 
0.0999696 0.115966 0.12243 -0.325568 0.0764484 0.135518 0.114064 0.138209 0.148996 
0.0978327 0.143379 0.135723 -0.297309 0.106684 0.147875 -0.311439 0.0915663 0.141696 
0.0815665 0.155674 0.142837 0.0815318 0.162799 0.163223 0.0511709 0.152852 0.143771 
0.0511363 0.159976 0.164158 0.0207754 0.150029 0.144706 0.0207407 0.157153 0.165093 
-0.00962014 0.147206 0.145641 -0.00965479 0.154331 0.166027 -0.0400157 0.144384 0.146576 
-0.0400503 0.151508 0.166962 -0.0704112 0.141561 0.147511 -0.0704459 0.148685 0.167897 
-0.0866774 0.153856 0.154624 -0.252819 0.131749 0.173506 -0.238655 0.139743 0.159298 
-0.252784 0.124625 0.153119 -0.28318 0.121802 0.154054 -0.102944 0.166151 0.161738 
-0.133339 0.163328 0.162673 -0.163735 0.160506 0.163607 -0.19413 0.157683 0.164542 
-0.224526 0.15486 0.165477 -0.085779 -0.0674019 0.014625 -0.0716497 -0.052284 0.0208039 
-0.116175 -0.0702246 0.0155598 -0.14657 -0.0730473 0.0164946 -0.176966 -0.07587 0.0174294 
-0.207361 -0.0786927 0.0183642 -0.237757 -0.0815154 0.019299 -0.268187 -0.0772135 0.0406202 
-0.268152 -0.0843381 0.0202338 -0.298582 -0.0800362 0.041555 -0.298548 -0.0871607 0.0211686 
-0.314814 -0.0748656 0.0282823 -0.0271249 -0.0343435 0.0260479 -0.0129956 -0.0192256 0.0322268 
-0.0575204 -0.0371662 0.0269827 -0.33108 -0.0625704 0.0353959 -0.361476 -0.0653931 0.0363307 
-0.391906 -0.0610913 0.0576519 -0.391871 -0.0682158 0.0372655 -0.408137 -0.0559207 0.0443792 
0.00113374 -0.00410781 0.0384057 0.015263 0.01101 0.0445845 -0.410274 -0.0285077 0.0576717 
0.0293924 0.0261279 0.0507634 0.0435217 0.0412457 0.0569422 -0.39618 -0.00626532 0.0842369 
-0.382016 0.00172801 0.0700294 -0.396145 -0.0133898 0.0638505 0.057651 0.0563636 0.0631211 
0.0717803 0.0714814 0.0692999 -0.353757 0.0319637 0.0823871 -0.367886 0.0168459 0.0762083 
0.0859096 0.0865993 0.0754788 0.100039 0.101717 0.0816576 -0.325499 0.0621994 0.0947448 
-0.339628 0.0470815 0.088566 0.097902 0.12913 0.0949502 -0.327635 0.0896124 0.108037 
0.095765 0.156543 0.108243 -0.283145 0.114677 0.133668 -0.268981 0.122671 0.11946 
-0.283111 0.107553 0.113281 -0.313506 0.10473 0.114216 0.0794988 0.168838 0.115356 
0.0491033 0.166016 0.116291 0.0187078 0.163193 0.117226 -0.0116878 0.16037 0.118161 
-0.0420833 0.157547 0.119096 -0.0724788 0.154725 0.12003 -0.102874 0.151902 0.120965 
-0.102909 0.159027 0.141351 -0.13327 0.149079 0.1219 -0.133305 0.156204 0.142286 
-0.163665 0.146257 0.122835 -0.1637 0.153381 0.143221 -0.194061 0.143434 0.123769 
-0.194096 0.150559 0.144156 -0.224456 0.140611 0.124704 -0.224491 0.147736 0.145091 
-0.254852 0.137789 0.125639 -0.0878466 -0.0542379 -0.0128552 -0.0737173 -0.0391201 -0.00667637 
-0.118242 -0.0570606 -0.0119204 -0.148638 -0.0598833 -0.0109856 -0.179033 -0.062706 -0.0100508 
-0.209429 -0.0655287 -0.00911604 -0.239824 -0.0683514 -0.00818124 -0.27022 -0.0711741 -0.00724644 
-0.300615 -0.0739968 -0.00631164 -0.316882 -0.0617017 0.00080201 -0.0291925 -0.0211795 -0.00143232 
-0.0150632 -0.0060617 0.00474654 -0.059588 -0.0240022 -0.000497517 -0.333148 -0.0494065 0.00791566 
-0.363543 -0.0522292 0.00885046 -0.393939 -0.0550519 0.00978526 -0.410205 -0.0427567 0.0168989 
-0.000933875 0.00905615 0.0109254 0.0131954 0.024174 0.0171042 -0.412342 -0.0153437 0.0301914 
0.0273247 0.0392918 0.0232831 0.041454 0.0544097 0.029462 -0.384083 0.014892 0.0425491 
-0.398213 -0.000225889 0.0363703 0.0555834 0.0695275 0.0356408 0.0697127 0.0846454 0.0418197 
-0.355825 0.0451276 0.0549068 -0.369954 0.0300098 0.048728 0.083842 0.0997632 0.0479985 
0.0979713 0.114881 0.0541774 -0.327566 0.0753633 0.0672646 -0.341695 0.0602455 0.0610857 
0.0958343 0.142294 0.0674699 -0.313471 0.0976057 0.0938298 -0.299308 0.105599 0.0796223 
-0.313437 0.0904812 0.0734434 0.0795681 0.154589 0.0745835 0.0795335 0.161714 0.0949699 
0.0491726 0.151767 0.0755183 0.049138 0.158891 0.0959047 0.0187771 0.148944 0.0764531 
0.0187424 0.156068 0.0968395 -0.0116185 0.146121 0.0773879 -0.0116531 0.153246 0.0977743 
-0.042014 0.143298 0.0783227 -0.0420486 0.150423 0.0987091 -0.0724095 0.140476 0.0792575 
-0.0724442 0.1476 0.0996439 -0.0886758 0.152771 0.0863712 -0.271049 0.135835 0.09198 
-0.285178 0.120717 0.0858011 -0.104942 0.165066 0.0934848 -0.135337 0.162243 0.0944196 
-0.165733 0.159421 0.0953544 -0.196129 0.156598 0.0962892 -0.226524 0.153775 0.097224 
-0.25692 0.150953 0.0981588 -0.148603 -0.0670078 -0.031372 -0.148568 -0.0741324 -0.0517584 
-0.134439 -0.0590145 -0.0455796 -0.178999 -0.0698305 -0.0304372 -0.178964 -0.0769551 -0.0508236 
-0.209394 -0.0726532 -0.0295024 -0.209359 -0.0797778 -0.0498888 -0.225626 -0.0674826 -0.0427752 
-0.0899142 -0.041074 -0.0403355 -0.0757849 -0.0259561 -0.0341566 -0.12031 -0.0438967 -0.0394007 
-0.241892 -0.0551875 -0.0356615 -0.272287 -0.0580101 -0.0347267 -0.302683 -0.0608328 -0.0337919 
-0.333113 -0.056531 -0.0124707 -0.333078 -0.0636555 -0.0328571 -0.349345 -0.0513604 -0.0257435 
-0.000899225 0.00193162 -0.00946099 -0.000864575 -0.0051929 -0.0298474 0.0132647 0.00992495 -0.0236685 
-0.0312601 -0.00801559 -0.0289126 -0.0616556 -0.0108383 -0.0279778 -0.365611 -0.0390652 -0.0186298 
-0.396006 -0.0418879 -0.017695 -0.412273 -0.0295928 -0.0105813 0.0273594 0.0321673 0.00289672 
0.027394 0.0250428 -0.0174897 0.0415233 0.0401606 -0.0113108 -0.41441 -0.00217978 0.00271116 
0.055618 0.062403 0.0152544 0.0556527 0.0552785 -0.00513196 0.0697819 0.0703963 0.0010469 
-0.386151 0.0280559 0.0150689 -0.40028 0.0129381 0.00889001 0.0838766 0.0926387 0.0276121 
0.0839113 0.0855142 0.00722575 0.0980406 0.100632 0.0134046 -0.357892 0.0582916 0.0274266 
-0.372022 0.0431738 0.0212477 0.0959036 0.128045 0.0266971 -0.329634 0.0885273 0.0397843 
-0.343763 0.0734094 0.0336054 0.0796374 0.14034 0.0338108 0.0796028 0.147465 0.0541972 
0.0492419 0.137517 0.0347456 0.0492073 0.144642 0.055132 0.0329757 0.149813 0.0418592 
-0.301375 0.118763 0.052142 -0.315504 0.103645 0.0459631 0.0167095 0.162108 0.0489729 
-0.0136861 0.159285 0.0499077 -0.0440816 0.156462 0.0508425 -0.0744771 0.15364 0.0517773 
-0.104873 0.150817 0.0527121 -0.104907 0.157942 0.0730985 -0.135268 0.147994 0.0536469 
-0.135303 0.155119 0.0740333 -0.151534 0.160289 0.0607605 -0.256885 0.143828 0.0777724 
-0.242721 0.151821 0.0635649 -0.25685 0.136704 0.0573861 -0.287246 0.133881 0.0583209 
-0.167801 0.172585 0.0678742 -0.198196 0.169762 0.068809 -0.228592 0.166939 0.0697438 
-0.120275 -0.0510212 -0.0597871 -0.12024 -0.0581457 -0.0801735 -0.106111 -0.0430279 -0.0739946 
-0.150636 -0.0609684 -0.0792387 -0.181032 -0.0637911 -0.0783039 -0.211427 -0.0666138 -0.0773691 
-0.241857 -0.062312 -0.0560479 -0.241823 -0.0694365 -0.0764343 -0.258089 -0.0571414 -0.0693206 
-0.061621 -0.0179628 -0.0483642 -0.0615863 -0.0250873 -0.0687506 -0.047457 -0.00996949 -0.0625717 
-0.0919819 -0.02791 -0.0678158 -0.274355 -0.0448462 -0.062207 -0.304751 -0.0476689 -0.0612722 
-0.335146 -0.0504916 -0.0603374 -0.365576 -0.0461898 -0.0390162 -0.365542 -0.0533143 -0.0594026 
-0.381808 -0.0410191 -0.0522889 -0.00293219 0.00797105 -0.0573277 0.0111971 0.0230889 -0.0511488 
-0.0333277 0.00514836 -0.0563928 -0.398074 -0.028724 -0.0451753 -0.41434 -0.0164288 -0.0380616 
0.0253264 0.0382067 -0.0449699 0.0394557 0.0533246 -0.0387911 -0.416477 0.0109842 -0.0247691 
0.0839459 0.0783897 -0.0131606 0.0839806 0.0712651 -0.033547 0.0981099 0.086383 -0.0273682 
0.053585 0.0684424 -0.0326122 -0.371987 0.0360492 0.000861335 -0.357823 0.0440426 -0.0133462 
-0.371952 0.0289247 -0.0195251 -0.402348 0.026102 -0.0185902 0.112205 0.108625 -0.000802924 
0.112239 0.101501 -0.0211893 0.126368 0.116619 -0.0150105 -0.343728 0.0662849 0.013219 
-0.329564 0.0742783 -0.000988488 -0.343694 0.0591604 -0.00716734 0.110102 0.128914 -0.00789681 
0.093836 0.141209 -0.000783153 -0.31547 0.0965206 0.0255768 -0.301306 0.104514 0.0113692 
-0.315435 0.0893961 0.00519037 0.0775698 0.153504 0.00633051 0.0471743 0.150681 0.0072653 
0.0167788 0.147859 0.0082001 0.0167441 0.154983 0.0285865 -0.0136168 0.145036 0.0091349 
-0.0136514 0.152161 0.0295213 -0.0440123 0.142213 0.0100697 -0.044047 0.149338 0.0304561 
-0.0744078 0.139391 0.0110045 -0.0744425 0.146515 0.0313909 -0.0906741 0.151686 0.0181181 
-0.287211 0.126756 0.0379345 -0.273047 0.13475 0.0237269 -0.287177 0.119632 0.0175481 
-0.10694 0.163981 0.0252318 -0.137336 0.161158 0.0261666 -0.167731 0.158336 0.0271014 
-0.167766 0.16546 0.0474878 -0.198127 0.155513 0.0280362 -0.198162 0.162637 0.0484226 
-0.228522 0.15269 0.028971 -0.228557 0.159815 0.0493574 -0.258918 0.149867 0.0299058 
-0.0919472 -0.0350346 -0.0882021 -0.0919126 -0.0421591 -0.108589 -0.0777833 -0.0270412 -0.10241 
-0.122308 -0.0449818 -0.107654 -0.152704 -0.0478045 -0.106719 -0.183099 -0.0506272 -0.105784 
-0.213495 -0.0534499 -0.104849 -0.24389 -0.0562726 -0.103915 -0.27432 -0.0519707 -0.0825934 
-0.274286 -0.0590953 -0.10298 -0.304716 -0.0547934 -0.0816586 -0.304681 -0.0619179 -0.102045 
-0.320947 -0.0496228 -0.0949313 -0.063654 -0.0119234 -0.0962308 -0.0495246 0.00319446 -0.090052 
-0.337214 -0.0373276 -0.0878177 -0.367609 -0.0401503 -0.0868828 -0.398039 -0.0358485 -0.0655617 
-0.398005 -0.042973 -0.085948 -0.414271 -0.0306779 -0.0788344 0.0253611 0.0310822 -0.0653563 
0.0253957 0.0239577 -0.0857427 0.039525 0.0390755 -0.0795639 -0.00499981 0.021135 -0.0848079 
-0.0353953 0.0183123 -0.0838731 -0.416408 -0.00326488 -0.0655419 0.0840152 0.0641406 -0.0539334 
0.0840499 0.0570161 -0.0743198 0.0981792 0.0721339 -0.0681409 0.0536197 0.0613179 -0.0529986 
0.0536543 0.0541934 -0.073385 -0.418545 0.0241481 -0.0522494 0.112274 0.0943763 -0.0415757 
0.112308 0.0872518 -0.0619621 0.126438 0.10237 -0.0557832 -0.359891 0.0572065 -0.0408265 
-0.37402 0.0420887 -0.0470053 -0.404416 0.039266 -0.0460705 0.124301 0.129783 -0.0424907 
-0.331632 0.0874422 -0.0284688 -0.345761 0.0723244 -0.0346476 0.108035 0.142078 -0.0353771 
0.0776391 0.139255 -0.0344423 0.0776045 0.14638 -0.0140559 0.0472436 0.136432 -0.0335075 
0.0472089 0.143557 -0.0131211 0.0168481 0.13361 -0.0325727 0.0168134 0.140734 -0.0121863 
0.000581831 0.145905 -0.025459 -0.287142 0.112507 -0.00283831 -0.272978 0.120501 -0.0170458 
-0.287107 0.105383 -0.0232247 -0.317503 0.10256 -0.0222899 -0.0156844 0.1582 -0.0183454 
-0.0460799 0.155377 -0.0174106 -0.0764754 0.152555 -0.0164758 -0.106871 0.149732 -0.015541 
-0.106906 0.156856 0.00484541 -0.137267 0.146909 -0.0146062 -0.137301 0.154034 0.00578021 
-0.153533 0.159204 -0.00749252 -0.258883 0.142743 0.0095194 -0.244719 0.150736 -0.00468812 
-0.258849 0.135618 -0.010867 -0.169799 0.1715 -0.000378862 -0.200194 0.168677 0.000555936 
-0.23059 0.165854 0.00149073 -0.0939802 -0.0289951 -0.136069 -0.0798509 -0.0138773 -0.12989 
-0.124376 -0.0318178 -0.135134 -0.154771 -0.0346405 -0.134199 -0.185167 -0.0374632 -0.133264 
-0.215562 -0.0402859 -0.13233 -0.245958 -0.0431086 -0.131395 -0.276353 -0.0459313 -0.13046 
-0.306749 -0.048754 -0.129525 -0.337179 -0.0444522 -0.108204 -0.337144 -0.0515767 -0.12859 
-0.353411 -0.0392815 -0.121477 0.0558259 0.0196559 -0.107064 0.0558606 0.0125313 -0.12745 
0.0699899 0.0276492 -0.121271 0.0254304 0.0168332 -0.106129 0.025465 0.00970865 -0.126515 
-0.00496516 0.0140105 -0.105194 -0.00493051 0.00688596 -0.125581 -0.0353607 0.0111878 -0.10426 
-0.035326 0.00406326 -0.124646 -0.0657216 0.00124056 -0.123711 -0.369677 -0.0269864 -0.114363 
-0.400072 -0.0298091 -0.113428 -0.416339 -0.0175139 -0.106315 0.0840845 0.0498916 -0.0947062 
0.0841192 0.042767 -0.115093 0.0982485 0.0578849 -0.108914 0.053689 0.0470689 -0.0937714 
-0.418476 0.00989907 -0.0930222 0.142739 0.0829499 -0.0832833 0.142773 0.0758254 -0.10367 
0.156903 0.0909433 -0.0974908 0.112343 0.0801273 -0.0823485 0.112378 0.0730027 -0.102735 
-0.404381 0.0321414 -0.0664569 -0.390217 0.0401348 -0.0806644 -0.404346 0.0250169 -0.0868433 
0.140602 0.110363 -0.0699908 0.154766 0.118356 -0.0841983 -0.345727 0.0651998 -0.055034 
-0.331563 0.0731931 -0.0692415 -0.345692 0.0580753 -0.0754204 -0.376088 0.0552526 -0.0744856 
0.138499 0.130651 -0.0770846 0.122233 0.142947 -0.069971 -0.317468 0.0954355 -0.0426763 
-0.303304 0.103429 -0.0568838 -0.317434 0.088311 -0.0630627 0.105967 0.155242 -0.0628573 
0.0755715 0.152419 -0.0619225 0.045176 0.149596 -0.0609877 0.0147804 0.146774 -0.0600529 
-0.0156151 0.143951 -0.0591181 -0.0156497 0.151075 -0.0387318 -0.0460106 0.141128 -0.0581833 
-0.0460453 0.148253 -0.037797 -0.0764061 0.138306 -0.0572485 -0.0764408 0.14543 -0.0368622 
-0.0926724 0.150601 -0.0501349 -0.258814 0.128494 -0.0312534 -0.24465 0.136487 -0.0454609 
-0.258779 0.121369 -0.0516398 -0.289175 0.118547 -0.050705 -0.108939 0.162896 -0.0430212 
-0.139334 0.160073 -0.0420864 -0.16973 0.15725 -0.0411516 -0.169764 0.164375 -0.0207653 
-0.200125 0.154428 -0.0402168 -0.20016 0.161552 -0.0198305 -0.230521 0.151605 -0.039282 
-0.230555 0.15873 -0.0188957 -0.0960478 -0.0158312 -0.163549 -0.0819185 -0.000713331 -0.15737 
-0.126443 -0.0186539 -0.162614 -0.156839 -0.0214766 -0.161679 -0.187234 -0.0242993 -0.160745 
-0.21763 -0.027122 -0.15981 -0.248025 -0.0299447 -0.158875 -0.278421 -0.0327673 -0.15794 
-0.308817 -0.03559 -0.157005 -0.339212 -0.0384127 -0.156071 -0.369642 -0.0341109 -0.134749 
-0.369608 -0.0412354 -0.155136 -0.385874 -0.0289403 -0.148022 0.0537929 0.0256953 -0.154931 
0.0679222 0.0408131 -0.148752 0.0233974 0.0228726 -0.153996 -0.00699813 0.0200499 -0.153061 
-0.0373937 0.0172272 -0.152126 -0.0677892 0.0144045 -0.151191 -0.40214 -0.0166451 -0.140909 
-0.418406 -0.00434998 -0.133795 0.173203 0.0715236 -0.124991 0.173238 0.0643991 -0.145377 
0.187367 0.0795169 -0.139198 0.142808 0.0687009 -0.124056 0.142843 0.0615764 -0.144442 
0.112412 0.0658782 -0.123121 0.112447 0.0587537 -0.143508 0.0820516 0.055931 -0.142573 
-0.420543 0.023063 -0.120502 0.171067 0.0989366 -0.111698 0.185231 0.10693 -0.125906 
-0.376053 0.0481281 -0.094872 -0.361889 0.0561214 -0.10908 -0.376018 0.0410036 -0.115258 
-0.406414 0.0381809 -0.114324 0.168964 0.119225 -0.118792 0.152698 0.13152 -0.111679 
-0.33363 0.0863571 -0.0967218 -0.34776 0.0712393 -0.102901 0.136432 0.143815 -0.104565 
0.106036 0.140993 -0.10363 0.106002 0.148117 -0.0832437 0.0756408 0.13817 -0.102695 
0.0756061 0.145295 -0.0823089 0.0452453 0.135347 -0.101761 0.0452106 0.142472 -0.0813741 
0.0148497 0.132525 -0.100826 0.0148151 0.139649 -0.0804393 -0.0155458 0.129702 -0.0998909 
-0.0155804 0.136826 -0.0795045 -0.031812 0.141997 -0.0927773 -0.305372 0.116593 -0.0843641 
-0.319501 0.101475 -0.0905429 -0.0480782 0.154292 -0.0856636 -0.0784738 0.15147 -0.0847288 
-0.108869 0.148647 -0.083794 -0.108904 0.155771 -0.0634076 -0.125136 0.160942 -0.0766803 
-0.230486 0.144481 -0.0596684 -0.216322 0.152474 -0.073876 -0.230451 0.137356 -0.0800548 
-0.260847 0.134533 -0.07912 -0.291242 0.131711 -0.0781852 -0.141402 0.173237 -0.0695667 
-0.171797 0.170414 -0.0686319 -0.202193 0.167592 -0.0676971 -0.0677545 0.00727999 -0.171578 
-0.0677199 0.00015547 -0.191964 -0.0535906 0.0152733 -0.185785 -0.0981154 -0.00266722 -0.191029 
-0.128511 -0.00548992 -0.190095 -0.158906 -0.00831261 -0.18916 -0.189302 -0.0111353 -0.188225 
-0.219698 -0.013958 -0.18729 -0.250093 -0.0167807 -0.186355 -0.280489 -0.0196034 -0.185421 
-0.310884 -0.0224261 -0.184486 -0.34128 -0.0252488 -0.183551 -0.371675 -0.0280715 -0.182616 
-0.387941 -0.0157763 -0.175502 0.173273 0.0572746 -0.165764 0.173307 0.05015 -0.18615 
0.187437 0.0652679 -0.179971 0.142877 0.0544519 -0.164829 0.142912 0.0473273 -0.185215 
0.112482 0.0516292 -0.163894 0.112516 0.0445046 -0.18428 0.0820862 0.0488065 -0.162959 
0.0821208 0.0416819 -0.183346 0.0517253 0.0388593 -0.182411 0.0213298 0.0360366 -0.181476 
-0.00906574 0.0332139 -0.180541 -0.0394613 0.0303912 -0.179606 -0.404208 -0.00348117 -0.168389 
-0.420474 0.00881398 -0.161275 0.1853 0.0926809 -0.166679 -0.422611 0.036227 -0.147983 
0.183163 0.120094 -0.153386 -0.363957 0.0692854 -0.13656 -0.378086 0.0541675 -0.142739 
-0.408481 0.0513448 -0.141804 0.166897 0.132389 -0.146272 0.136501 0.129566 -0.145338 
0.136466 0.136691 -0.124951 0.106106 0.126744 -0.144403 0.106071 0.133868 -0.124016 
0.0898394 0.139039 -0.137289 -0.335698 0.0995211 -0.124202 -0.349827 0.0844032 -0.130381 
0.0735732 0.151334 -0.130176 0.0431776 0.148511 -0.129241 0.0127821 0.145689 -0.128306 
-0.0176134 0.142866 -0.127371 -0.0480089 0.140043 -0.126436 -0.0480436 0.147168 -0.10605 
-0.0642752 0.152338 -0.119323 -0.291208 0.124586 -0.0985716 -0.277044 0.132579 -0.112779 
-0.291173 0.117462 -0.118958 -0.321569 0.114639 -0.118023 -0.0805414 0.164633 -0.112209 
-0.110937 0.161811 -0.111274 -0.141332 0.158988 -0.110339 -0.141367 0.166113 -0.0899531 
-0.171728 0.156165 -0.109405 -0.171763 0.16329 -0.0890183 -0.202124 0.153343 -0.10847 
-0.202158 0.160467 -0.0880835 -0.232519 0.15052 -0.107535 -0.262915 0.147697 -0.1066 
-0.280454 -0.0267279 -0.205807 -0.280419 -0.0338524 -0.226193 -0.26629 -0.0187346 -0.220014 
-0.310849 -0.0295506 -0.204872 -0.310815 -0.0366751 -0.225259 -0.327081 -0.02438 -0.218145 
0.142947 0.0402028 -0.205602 0.142981 0.0330783 -0.225988 0.157111 0.0481961 -0.219809 
0.112551 0.0373801 -0.204667 0.112586 0.0302556 -0.225053 0.0821555 0.0345574 -0.203732 
0.0821901 0.0274329 -0.224118 0.05176 0.0317347 -0.202797 0.0517946 0.0246102 -0.223184 
0.0213644 0.028912 -0.201862 0.0213991 0.0217875 -0.222249 -0.00903109 0.0260893 -0.200928 
-0.00899644 0.0189648 -0.221314 -0.0394266 0.0232666 -0.199993 -0.039392 0.0161421 -0.220379 
-0.0697875 0.0133194 -0.219444 -0.100183 0.0104967 -0.21851 -0.130579 0.00767403 -0.217575 
-0.160974 0.00485133 -0.21664 -0.19137 0.00202864 -0.215705 -0.221765 -0.000794064 -0.21477 
-0.252161 -0.00361676 -0.213836 -0.343347 -0.0120848 -0.211031 -0.373743 -0.0149075 -0.210096 
-0.390009 -0.00261239 -0.202983 0.201601 0.0732612 -0.194179 0.201635 0.0661367 -0.214565 
0.215765 0.0812545 -0.208386 0.17124 0.063314 -0.21363 -0.406275 0.00968277 -0.195869 
-0.422541 0.0219779 -0.188755 0.199464 0.100674 -0.180886 0.213628 0.108668 -0.195094 
-0.424678 0.0493909 -0.175463 0.197362 0.120963 -0.18798 0.181095 0.133258 -0.180866 
-0.366024 0.0824493 -0.16404 -0.380154 0.0673315 -0.170219 -0.410549 0.0645088 -0.169284 
0.164829 0.145553 -0.173753 0.134434 0.14273 -0.172818 0.104038 0.139908 -0.171883 
0.0736425 0.137085 -0.170948 0.0736078 0.144209 -0.150562 0.043247 0.134262 -0.170014 
0.0432123 0.141387 -0.149627 0.0128514 0.131439 -0.169079 0.0128168 0.138564 -0.148692 
-0.0034148 0.143735 -0.161965 -0.321534 0.107514 -0.13841 -0.30737 0.115508 -0.152617 
-0.321499 0.10039 -0.158796 -0.351895 0.0975671 -0.157861 -0.019681 0.15603 -0.154851 
-0.0500766 0.153207 -0.153917 -0.0663428 0.165502 -0.146803 -0.26288 0.140573 -0.126987 
-0.248716 0.148566 -0.141194 -0.262845 0.133448 -0.147373 -0.293241 0.130626 -0.146438 
-0.082609 0.177797 -0.139689 -0.113005 0.174975 -0.138755 -0.1434 0.172152 -0.13782 
-0.173796 0.169329 -0.136885 -0.204191 0.166507 -0.13595 -0.234587 0.163684 -0.135015 
0.143016 0.0259538 -0.246374 0.143051 0.0188292 -0.266761 0.15718 0.0339471 -0.260582 
0.11262 0.0231311 -0.24544 0.112655 0.0160065 -0.265826 0.0822248 0.0203084 -0.244505 
0.0822594 0.0131838 -0.264891 0.0659932 0.025479 -0.257777 -0.100148 0.0033722 -0.238896 
-0.100114 -0.00375233 -0.259282 -0.0859844 0.0113655 -0.253103 -0.130544 0.000549498 -0.237961 
-0.130509 -0.00657502 -0.258348 -0.160939 -0.00227319 -0.237026 -0.160905 -0.00939771 -0.257413 
-0.191335 -0.00509589 -0.236092 -0.1913 -0.0122204 -0.256478 -0.221731 -0.00791858 -0.235157 
-0.221696 -0.0150431 -0.255543 -0.252126 -0.0107413 -0.234222 -0.252091 -0.0178658 -0.254608 
-0.282487 -0.0206885 -0.253674 -0.312882 -0.0235112 -0.252739 -0.343313 -0.0192094 -0.231418 
-0.343278 -0.0263339 -0.251804 -0.359544 -0.0140387 -0.24469 0.20167 0.0590121 -0.234951 
0.201705 0.0518876 -0.255338 0.215834 0.0670055 -0.249159 0.171274 0.0561895 -0.234017 
0.171309 0.0490649 -0.254403 0.049727 0.0377741 -0.250664 0.0193315 0.0349515 -0.249729 
-0.0110641 0.0321288 -0.248794 -0.0414596 0.0293061 -0.247859 -0.0718551 0.0264834 -0.246925 
-0.37581 -0.00174358 -0.237577 -0.392077 0.0105516 -0.230463 0.213697 0.0944185 -0.235867 
-0.408343 0.0228467 -0.223349 -0.424609 0.0351419 -0.216236 0.21156 0.121831 -0.222574 
-0.410514 0.0573842 -0.18967 -0.396351 0.0653776 -0.203878 -0.41048 0.0502597 -0.210057 
0.195294 0.134127 -0.21546 0.164898 0.131304 -0.214526 0.164864 0.138428 -0.194139 
0.134503 0.128481 -0.213591 0.134468 0.135606 -0.193204 0.104107 0.125659 -0.212656 
0.104073 0.132783 -0.19227 0.0737118 0.122836 -0.211721 0.0736771 0.12996 -0.191335 
0.0433162 0.120013 -0.210786 0.0432816 0.127138 -0.1904 0.02705 0.132308 -0.203673 
-0.35186 0.0904426 -0.178248 -0.337696 0.098436 -0.192455 -0.351826 0.0833181 -0.198634 
-0.382221 0.0804954 -0.197699 0.0107838 0.144603 -0.196559 -0.0196117 0.141781 -0.195624 
-0.0196464 0.148905 -0.175238 -0.0358779 0.154076 -0.188511 -0.309438 0.128672 -0.180097 
-0.323567 0.113554 -0.186276 -0.0521442 0.166371 -0.181397 -0.0825397 0.163548 -0.180462 
-0.0825744 0.170673 -0.160076 -0.112935 0.160726 -0.179527 -0.11297 0.16785 -0.159141 
-0.129201 0.173021 -0.172414 -0.234552 0.156559 -0.155402 -0.220388 0.164553 -0.169609 
-0.234517 0.149435 -0.175788 -0.264913 0.146612 -0.174853 -0.295308 0.143789 -0.173919 
-0.145468 0.185316 -0.1653 -0.175863 0.182493 -0.164365 -0.206259 0.179671 -0.16343 
0.201739 0.0447631 -0.275724 0.201774 0.0376386 -0.296111 0.215903 0.0527564 -0.289932 
0.171344 0.0419404 -0.274789 0.171378 0.0348159 -0.295176 0.140983 0.0319932 -0.294241 
0.110587 0.0291705 -0.293306 0.0801918 0.0263478 -0.292371 0.0497616 0.0306496 -0.27105 
0.0497963 0.0235251 -0.291437 0.0193661 0.0278269 -0.270115 0.0194008 0.0207024 -0.290502 
-0.0110294 0.0250042 -0.269181 -0.0109948 0.0178797 -0.289567 -0.0414249 0.0221815 -0.268246 
-0.0413903 0.015057 -0.288632 -0.0718205 0.0193588 -0.267311 -0.0717858 0.0122343 -0.287697 
-0.102181 0.00941163 -0.286763 -0.132577 0.00658893 -0.285828 -0.162972 0.00376624 -0.284893 
-0.193368 0.000943545 -0.283958 -0.223763 -0.00187915 -0.283023 -0.254159 -0.00470185 -0.282089 
-0.284555 -0.00752455 -0.281154 -0.31495 -0.0103472 -0.280219 -0.345346 -0.0131699 -0.279284 
-0.361612 -0.000874779 -0.272171 0.229998 0.0749988 -0.263367 0.230033 0.0678743 -0.283753 
0.244162 0.0829921 -0.277574 -0.377878 0.0114204 -0.265057 -0.394144 0.0237155 -0.257943 
0.227861 0.102412 -0.250074 0.242025 0.110405 -0.264282 -0.410445 0.0431352 -0.230443 
-0.396281 0.0511285 -0.244651 0.225759 0.1227 -0.257168 0.195363 0.119878 -0.256233 
0.195329 0.127002 -0.235847 0.164968 0.117055 -0.255298 0.164933 0.124179 -0.234912 
0.148701 0.12935 -0.248185 -0.398418 0.0785415 -0.231358 0.132435 0.141645 -0.241071 
0.10204 0.138822 -0.240136 0.0716442 0.136 -0.239201 0.0412486 0.133177 -0.238267 
0.0108531 0.130354 -0.237332 0.0108184 0.137479 -0.216945 -0.00541312 0.14265 -0.230218 
-0.323532 0.106429 -0.206663 -0.309368 0.114423 -0.22087 -0.323498 0.0993048 -0.227049 
-0.353893 0.0964821 -0.226114 -0.384289 0.0936594 -0.225179 -0.0216793 0.154945 -0.223104 
-0.0520749 0.152122 -0.22217 -0.0521095 0.159247 -0.201783 -0.0683411 0.164417 -0.215056 
-0.295274 0.136665 -0.194305 -0.28111 0.144658 -0.208512 -0.295239 0.12954 -0.214691 
-0.0846073 0.176712 -0.207942 -0.115003 0.17389 -0.207008 -0.145398 0.171067 -0.206073 
-0.145433 0.178191 -0.185686 -0.175794 0.168244 -0.205138 -0.175829 0.175369 -0.184752 
-0.206189 0.165422 -0.204203 -0.206224 0.172546 -0.183817 -0.236585 0.162599 -0.203268 
-0.26698 0.159776 -0.202334 -0.0717512 0.0051098 -0.308084 -0.0717165 -0.00201472 -0.32847 
-0.0575872 0.0131031 -0.322291 -0.102147 0.0022871 -0.307149 -0.102112 -0.00483742 -0.327535 
-0.118378 0.00745773 -0.320422 0.230067 0.0607497 -0.304139 0.230102 0.0536252 -0.324526 
0.244231 0.0687431 -0.318347 0.199706 0.0508025 -0.323591 0.169311 0.0479798 -0.322656 
0.138915 0.0451571 -0.321721 0.10852 0.0423344 -0.320786 0.0781242 0.0395117 -0.319852 
0.0477287 0.0366891 -0.318917 0.0173332 0.0338664 -0.317982 -0.0130624 0.0310437 -0.317047 
-0.0434579 0.028221 -0.316112 -0.134644 0.0197529 -0.313308 -0.16504 0.0169302 -0.312373 
-0.195436 0.0141075 -0.311438 -0.225831 0.0112848 -0.310504 -0.256227 0.0084621 -0.309569 
-0.286622 0.00563941 -0.308634 -0.317018 0.00281671 -0.307699 -0.347413 -5.98171e-06 -0.306765 
-0.363679 0.0122892 -0.299651 0.242094 0.0961561 -0.305054 -0.379946 0.0245843 -0.292537 
-0.396212 0.0368795 -0.285424 0.239957 0.123569 -0.291762 -0.398349 0.0642925 -0.272131 
0.223691 0.135864 -0.284648 0.193296 0.133042 -0.283713 0.1629 0.130219 -0.282779 
0.132505 0.127396 -0.281844 0.13247 0.134521 -0.261457 0.102109 0.124573 -0.280909 
0.102074 0.131698 -0.260523 0.0717135 0.121751 -0.279974 0.0716788 0.128875 -0.259588 
0.0413179 0.118928 -0.279039 0.0412833 0.126053 -0.258653 0.0250517 0.131223 -0.271926 
-0.400486 0.0917055 -0.258839 0.00878549 0.143518 -0.264812 -0.02161 0.140696 -0.263877 
-0.0216447 0.14782 -0.243491 -0.0378763 0.152991 -0.256764 -0.311436 0.127587 -0.24835 
-0.325565 0.112469 -0.254529 -0.355961 0.109646 -0.253594 -0.386356 0.106823 -0.25266 
-0.0541425 0.165286 -0.24965 -0.084538 0.162463 -0.248715 -0.0845727 0.169588 -0.228329 
-0.114934 0.159641 -0.24778 -0.114968 0.166765 -0.227394 -0.1312 0.171936 -0.240667 
-0.266946 0.152652 -0.22272 -0.252782 0.160645 -0.236928 -0.266911 0.145527 -0.243106 
-0.297307 0.142704 -0.242172 -0.147466 0.184231 -0.233553 -0.177862 0.181408 -0.232618 
-0.208257 0.178585 -0.231683 -0.238653 0.175763 -0.230749 0.230137 0.0465007 -0.344912 
0.230171 0.0393762 -0.365299 0.2443 0.054494 -0.35912 0.199741 0.043678 -0.343977 
0.199776 0.0365535 -0.364364 0.169345 0.0408553 -0.343042 0.16938 0.0337308 -0.363429 
0.13895 0.0380326 -0.342108 0.138985 0.0309081 -0.362494 0.108554 0.0352099 -0.341173 
0.108589 0.0280854 -0.361559 0.0781589 0.0323872 -0.340238 0.0781935 0.0252627 -0.360624 
0.0477633 0.0295645 -0.339303 0.047798 0.02244 -0.35969 0.0173678 0.0267418 -0.338369 
0.0174025 0.0196173 -0.358755 -0.0130277 0.0239191 -0.337434 -0.0129931 0.0167946 -0.35782 
-0.0434233 0.0210964 -0.336499 -0.0433886 0.0139719 -0.356885 -0.0737841 0.0111492 -0.35595 
-0.10418 0.00832653 -0.355016 -0.13461 0.0126284 -0.333694 -0.134575 0.00550383 -0.354081 
-0.165005 0.00980566 -0.33276 -0.164971 0.00268114 -0.353146 -0.195401 0.00698297 -0.331825 
-0.195366 -0.000141562 -0.352211 -0.225796 0.00416027 -0.33089 -0.225762 -0.00296425 -0.351276 
-0.256192 0.00133758 -0.329955 -0.256157 -0.00578695 -0.350342 -0.286587 -0.00148512 -0.329021 
-0.286553 -0.00860964 -0.349407 -0.302819 0.00368551 -0.342293 0.258395 0.0767364 -0.332554 
0.25843 0.0696119 -0.352941 0.272559 0.0847297 -0.346762 -0.319085 0.0159807 -0.33518 
-0.349481 0.013158 -0.334245 -0.365747 0.0254531 -0.327131 0.256258 0.104149 -0.319262 
0.270422 0.112143 -0.333469 -0.382013 0.0377483 -0.320017 -0.39828 0.0500434 -0.312904 
0.254156 0.124438 -0.326356 0.22376 0.121615 -0.325421 0.223726 0.12874 -0.305035 
0.193365 0.118792 -0.324486 0.19333 0.125917 -0.3041 0.162969 0.11597 -0.323551 
0.162935 0.123094 -0.303165 0.132574 0.113147 -0.322617 0.132539 0.120272 -0.30223 
0.102178 0.110324 -0.321682 0.102144 0.117449 -0.301295 0.0717828 0.107502 -0.320747 
0.0717481 0.114626 -0.300361 0.0555165 0.119797 -0.313633 -0.400416 0.0774564 -0.299611 
0.0392503 0.132092 -0.30652 0.00885478 0.129269 -0.305585 0.00882014 0.136394 -0.285198 
-0.00741144 0.141564 -0.298471 -0.355926 0.102521 -0.273981 -0.341762 0.110515 -0.288188 
-0.355892 0.095397 -0.294367 -0.386287 0.0925743 -0.293432 -0.386322 0.0996988 -0.273046 
-0.0236777 0.15386 -0.291358 -0.0540732 0.151037 -0.290423 -0.0541078 0.158161 -0.270036 
-0.0703394 0.163332 -0.283309 -0.313504 0.14075 -0.275831 -0.327633 0.125633 -0.28201 
-0.0866056 0.175627 -0.276195 -0.117001 0.172805 -0.275261 -0.147397 0.169982 -0.274326 
-0.147431 0.177106 -0.253939 -0.163663 0.182277 -0.267212 -0.238618 0.168638 -0.251135 
-0.224454 0.176632 -0.265343 -0.238583 0.161514 -0.271521 -0.268979 0.158691 -0.270587 
-0.299374 0.155868 -0.269652 -0.179929 0.194572 -0.260099 -0.210325 0.191749 -0.259164 
0.0782282 0.0181382 -0.381011 0.0782628 0.0110136 -0.401397 0.0923921 0.0261315 -0.395218 
0.0478326 0.0153155 -0.380076 0.0478673 0.00819096 -0.400462 0.0174371 0.0124928 -0.379141 
0.0174718 0.00536826 -0.399528 -0.0129584 0.00967009 -0.378206 -0.0129238 0.00254557 -0.398593 
-0.043354 0.0068474 -0.377272 -0.0433193 -0.000277128 -0.397658 -0.0737495 0.0040247 -0.376337 
-0.0737148 -0.00309982 -0.396723 -0.104145 0.00120201 -0.375402 -0.10411 -0.00592252 -0.395788 
-0.134541 -0.00162069 -0.374467 -0.134506 -0.00874521 -0.394854 -0.164936 -0.00444337 -0.373532 
-0.164901 -0.0115679 -0.393919 -0.195332 -0.00726608 -0.372598 -0.195297 -0.0143906 -0.392984 
-0.225727 -0.0100888 -0.371663 -0.225692 -0.0172133 -0.392049 -0.241959 -0.00491814 -0.384936 
0.258464 0.0624873 -0.373327 0.258499 0.0553628 -0.393714 0.272628 0.0704807 -0.387535 
0.228104 0.0525401 -0.392779 0.197708 0.0497174 -0.391844 0.167312 0.0468947 -0.390909 
0.136917 0.044072 -0.389974 0.106521 0.0412493 -0.38904 -0.258225 0.00737701 -0.377822 
-0.28862 0.00455431 -0.376887 -0.319051 0.00885614 -0.355566 -0.319016 0.00173162 -0.375952 
-0.335282 0.0140268 -0.368839 0.270491 0.0978937 -0.374242 -0.351548 0.0263219 -0.361725 
-0.367815 0.0386171 -0.354611 0.254225 0.110189 -0.367129 0.254191 0.117313 -0.346742 
0.237959 0.122484 -0.360015 0.1934 0.111668 -0.344873 0.207564 0.119661 -0.35908 
0.193434 0.104543 -0.365259 0.163039 0.101721 -0.364324 0.163004 0.108845 -0.343938 
0.132643 0.098898 -0.363389 0.132608 0.106023 -0.343003 0.116377 0.111193 -0.356276 
-0.384116 0.0580367 -0.327111 -0.369952 0.0660301 -0.341319 0.221693 0.134779 -0.352901 
0.100111 0.123488 -0.349162 0.0697151 0.120666 -0.348227 0.0393196 0.117843 -0.347292 
0.039285 0.124967 -0.326906 0.00892408 0.11502 -0.346358 0.00888943 0.122145 -0.325971 
-0.00734214 0.127315 -0.339244 -0.386218 0.0783252 -0.334205 -0.402484 0.0906204 -0.327092 
-0.0236084 0.139611 -0.33213 -0.023643 0.146735 -0.311744 -0.0398746 0.151906 -0.325017 
-0.34383 0.123679 -0.315669 -0.357959 0.108561 -0.321848 -0.388355 0.105738 -0.320913 
-0.0561408 0.164201 -0.317903 -0.0865363 0.161378 -0.316968 -0.086571 0.168503 -0.296582 
-0.116932 0.158555 -0.316033 -0.116967 0.16568 -0.295647 -0.133198 0.170851 -0.30892 
-0.29934 0.148744 -0.290038 -0.285176 0.156737 -0.304246 -0.299305 0.141619 -0.310425 
-0.329701 0.138797 -0.30949 -0.149464 0.183146 -0.301806 -0.17986 0.180323 -0.300871 
-0.179894 0.187448 -0.280485 -0.210255 0.1775 -0.299936 -0.21029 0.184625 -0.27955 
-0.240651 0.174678 -0.299002 -0.271046 0.171855 -0.298067 -0.104076 -0.013047 -0.416175 
-0.104041 -0.0201716 -0.436561 -0.0899118 -0.00505372 -0.430382 -0.120307 -0.00787641 -0.429448 
0.288929 0.051061 -0.415035 0.288964 0.0439365 -0.435421 0.303093 0.0590543 -0.429242 
0.258534 0.0482383 -0.4141 0.258568 0.0411138 -0.434486 0.228138 0.0454156 -0.413165 
0.228173 0.0382911 -0.433551 0.197743 0.0425929 -0.41223 0.197777 0.0354684 -0.432617 
0.167347 0.0397702 -0.411296 0.167382 0.0326457 -0.431682 0.136952 0.0369475 -0.410361 
0.136986 0.029823 -0.430747 0.106556 0.0341248 -0.409426 0.106591 0.0270003 -0.429812 
0.0761952 0.0241776 -0.428878 0.0457997 0.0213549 -0.427943 0.0154041 0.0185322 -0.427008 
-0.0149914 0.0157095 -0.426073 -0.0453869 0.0128868 -0.425138 -0.0757825 0.0100641 -0.424204 
-0.136574 0.00441874 -0.422334 -0.166969 0.00159605 -0.421399 -0.197365 -0.00122666 -0.420464 
-0.22776 -0.00404935 -0.41953 -0.25819 0.000252484 -0.398208 -0.258156 -0.00687204 -0.418595 
-0.274422 0.00542311 -0.411481 0.286792 0.078474 -0.401742 0.300956 0.0864673 -0.41595 
-0.290688 0.0177183 -0.404367 -0.321084 0.0148956 -0.403433 -0.33735 0.0271907 -0.396319 
0.28469 0.0987625 -0.408836 0.268424 0.111058 -0.401722 -0.353616 0.0394859 -0.389205 
-0.369882 0.051781 -0.382092 0.252158 0.123353 -0.394609 0.221762 0.12053 -0.393674 
0.221727 0.127655 -0.373288 0.191367 0.117707 -0.392739 0.160971 0.114885 -0.391804 
0.130575 0.112062 -0.39087 0.10018 0.109239 -0.389935 0.100145 0.116364 -0.369548 
0.0697845 0.106417 -0.389 0.0697498 0.113541 -0.368614 0.0393889 0.103594 -0.388065 
0.0393543 0.110718 -0.367679 0.0231227 0.115889 -0.380952 -0.372019 0.079194 -0.368799 
0.00685647 0.128184 -0.373838 -0.0235391 0.125362 -0.372903 -0.0235737 0.132486 -0.352517 
-0.0398053 0.137657 -0.365789 -0.38832 0.0986137 -0.341299 -0.374156 0.106607 -0.355507 
-0.0560715 0.149952 -0.358676 -0.0561062 0.157076 -0.338289 -0.0723377 0.162247 -0.351562 
-0.29927 0.134495 -0.330811 -0.285106 0.142488 -0.345019 -0.299236 0.12737 -0.351197 
-0.329631 0.124548 -0.350263 -0.329666 0.131672 -0.329876 -0.360027 0.121725 -0.349328 
-0.088604 0.174542 -0.344448 -0.118999 0.171719 -0.343514 -0.149395 0.168897 -0.342579 
-0.14943 0.176021 -0.322192 -0.179791 0.166074 -0.341644 -0.179825 0.173199 -0.321258 
-0.210186 0.163251 -0.340709 -0.210221 0.170376 -0.320323 -0.240582 0.160429 -0.339774 
-0.240616 0.167553 -0.319388 -0.270977 0.157606 -0.33884 -0.271012 0.16473 -0.318453 
0.137021 0.0226985 -0.451134 0.137056 0.0155739 -0.47152 0.151185 0.0306918 -0.465341 
0.106625 0.0198758 -0.450199 0.10666 0.0127512 -0.470585 0.0762298 0.0170531 -0.449264 
0.0762645 0.00992855 -0.46965 0.0458343 0.0142304 -0.448329 0.045869 0.00710586 -0.468715 
0.0154388 0.0114077 -0.447394 0.0154734 0.00428317 -0.467781 -0.0149567 0.008585 -0.44646 
-0.0149221 0.00146047 -0.466846 -0.0453523 0.0057623 -0.445525 -0.0453176 -0.00136222 -0.465911 
-0.0757478 0.00293961 -0.44459 -0.0757132 -0.00418492 -0.464976 -0.106109 -0.00700761 -0.464042 
-0.136539 -0.00270578 -0.44272 -0.136504 -0.00983031 -0.463107 -0.166934 -0.00552849 -0.441785 
-0.1669 -0.012653 -0.462172 -0.19733 -0.00835118 -0.440851 -0.197295 -0.0154757 -0.461237 
-0.227725 -0.0111739 -0.439916 -0.227691 -0.0182984 -0.460302 -0.243957 -0.00600324 -0.453189 
0.286896 0.0571004 -0.462901 0.301026 0.0722183 -0.456723 0.256501 0.0542777 -0.461967 
0.226105 0.051455 -0.461032 0.19571 0.0486323 -0.460097 0.165314 0.0458096 -0.459162 
-0.260223 0.00629191 -0.446075 -0.290653 0.0105937 -0.424754 -0.290619 0.00346922 -0.44514 
-0.306885 0.0157644 -0.438027 0.298889 0.0996313 -0.44343 -0.323151 0.0280595 -0.430913 
-0.339417 0.0403547 -0.423799 0.282622 0.111926 -0.436316 0.252227 0.109104 -0.435382 
0.252192 0.116228 -0.414995 0.221831 0.106281 -0.434447 0.221797 0.113406 -0.41406 
0.191436 0.103458 -0.433512 0.191401 0.110583 -0.413126 0.16104 0.100636 -0.432577 
0.161006 0.10776 -0.412191 0.130645 0.0978129 -0.431642 0.13061 0.104937 -0.411256 
0.100249 0.0949902 -0.430708 0.100215 0.102115 -0.410321 0.0698537 0.0921675 -0.429773 
0.0698191 0.0992921 -0.409386 0.0535875 0.104463 -0.422659 -0.355718 0.0597743 -0.396299 
-0.341554 0.0677677 -0.410507 0.0373213 0.116758 -0.415545 0.00692577 0.113935 -0.414611 
0.00689112 0.12106 -0.394224 -0.00934046 0.12623 -0.407497 -0.357821 0.0800628 -0.403393 
-0.374087 0.092358 -0.396279 -0.0256067 0.138525 -0.400383 -0.0418729 0.150821 -0.39327 
-0.329597 0.117423 -0.370649 -0.315433 0.125416 -0.384856 -0.329562 0.110299 -0.391035 
-0.359957 0.107476 -0.390101 -0.359992 0.1146 -0.369714 -0.0581391 0.163116 -0.386156 
-0.0885347 0.160293 -0.385221 -0.0885693 0.167418 -0.364835 -0.11893 0.15747 -0.384286 
-0.118965 0.164595 -0.3639 -0.149326 0.154648 -0.383352 -0.14936 0.161772 -0.362965 
-0.179721 0.151825 -0.382417 -0.179756 0.158949 -0.36203 -0.210117 0.149002 -0.381482 
-0.210151 0.156127 -0.361096 -0.240512 0.14618 -0.380547 -0.240547 0.153304 -0.360161 
-0.270908 0.143357 -0.379612 -0.270942 0.150481 -0.359226 -0.301303 0.140534 -0.378678 
0.289068 0.0225629 -0.49658 0.289102 0.0154384 -0.516967 0.303232 0.0305562 -0.510788 
0.272836 0.0277335 -0.509853 0.13709 0.00844942 -0.491906 0.137125 0.0013249 -0.512293 
0.151254 0.0164427 -0.506114 0.106695 0.00562673 -0.490971 0.106729 -0.0014978 -0.511358 
0.0762991 0.00280403 -0.490037 0.0763338 -0.00432049 -0.510423 0.0459036 -1.8666e-05 -0.489102 
0.0459383 -0.00714318 -0.509488 0.0155081 -0.00284135 -0.488167 0.0155427 -0.00996588 -0.508553 
-0.0148874 -0.00566405 -0.487232 -0.0148528 -0.0127886 -0.507619 -0.045283 -0.00848675 -0.486297 
-0.0452483 -0.0156113 -0.506684 -0.0756785 -0.0113094 -0.485363 -0.0756439 -0.018434 -0.505749 
-0.106074 -0.0141321 -0.484428 -0.106039 -0.0212567 -0.504814 -0.13647 -0.0169548 -0.483493 
-0.136435 -0.0240794 -0.503879 -0.152701 -0.0117842 -0.496766 0.286931 0.0499759 -0.483288 
0.301095 0.0579692 -0.497495 0.25657 0.0400287 -0.502739 0.256535 0.0471532 -0.482353 
0.22614 0.0443305 -0.481418 0.226175 0.037206 -0.501804 0.195744 0.0415078 -0.480483 
0.195779 0.0343833 -0.50087 0.165349 0.0386851 -0.479549 0.165383 0.0315606 -0.499935 
-0.168967 0.000510947 -0.489652 -0.199363 -0.00231174 -0.488717 -0.229758 -0.00513444 -0.487783 
-0.246025 0.00716071 -0.480669 0.298958 0.0853822 -0.484203 -0.262291 0.0194559 -0.473555 
-0.292686 0.0166332 -0.47262 -0.308953 0.0289283 -0.465507 0.282692 0.0976774 -0.477089 
0.282657 0.104802 -0.456703 0.266425 0.109973 -0.469975 0.221866 0.0991565 -0.454833 
0.23603 0.10715 -0.469041 0.221901 0.092032 -0.47522 0.191505 0.0892093 -0.474285 
0.191471 0.0963338 -0.453898 0.16111 0.0863866 -0.47335 0.161075 0.0935111 -0.452964 
0.130714 0.0835639 -0.472415 0.130679 0.0906884 -0.452029 0.114448 0.095859 -0.465301 
-0.325219 0.0412235 -0.458393 -0.341485 0.0535186 -0.451279 0.250159 0.122268 -0.462862 
0.0981817 0.108154 -0.458188 0.0677861 0.105332 -0.457253 0.0373906 0.102509 -0.456318 
0.0373559 0.109633 -0.435932 0.00699507 0.0996861 -0.455383 0.00696042 0.106811 -0.434997 
-0.00927116 0.111981 -0.44827 -0.343622 0.0809316 -0.437987 -0.0255374 0.124276 -0.441156 
-0.025572 0.131401 -0.42077 -0.0418036 0.136572 -0.434042 -0.359923 0.100351 -0.410487 
-0.345759 0.108345 -0.424695 -0.0580698 0.148867 -0.426929 -0.0581045 0.155991 -0.406542 
-0.0743361 0.161162 -0.419815 -0.240478 0.139055 -0.400934 -0.226314 0.147048 -0.415141 
-0.240443 0.131931 -0.42132 -0.270839 0.129108 -0.420385 -0.270873 0.136232 -0.399999 
-0.301234 0.126285 -0.41945 -0.301269 0.13341 -0.399064 -0.33163 0.123462 -0.418516 
-0.0906023 0.173457 -0.412702 -0.120998 0.170634 -0.411767 -0.151393 0.167812 -0.410832 
-0.181789 0.164989 -0.409897 -0.212184 0.162166 -0.408962 0.0502467 -0.0690937 -0.55646 
0.0502814 -0.0762182 -0.576846 0.0644107 -0.0611004 -0.570667 0.0340152 -0.0639231 -0.569732 
0.352065 -0.0134538 -0.552515 0.3521 -0.0205783 -0.572902 0.366229 -0.00546043 -0.566723 
0.32167 -0.0162765 -0.55158 0.321704 -0.023401 -0.571967 0.291274 -0.0190992 -0.550646 
0.291309 -0.0262237 -0.571032 0.275042 -0.0139285 -0.563918 0.108901 -0.0360353 -0.545037 
0.108936 -0.0431598 -0.565423 0.123065 -0.028042 -0.559244 0.0785054 -0.038858 -0.544102 
0.07854 -0.0459825 -0.564488 0.0481098 -0.0416807 -0.543167 0.017749 -0.0516279 -0.562619 
0.0177143 -0.0445034 -0.542232 -0.0126812 -0.0473261 -0.541298 -0.0126466 -0.0544506 -0.561684 
-0.0430768 -0.0501488 -0.540363 -0.0430421 -0.0572733 -0.560749 -0.0593083 -0.0449782 -0.553635 
0.349963 0.00683472 -0.559609 0.333697 0.0191299 -0.552495 0.319533 0.0111365 -0.538288 
0.289137 0.00831385 -0.537353 0.258776 -0.00163337 -0.556805 0.258742 0.00549116 -0.536418 
0.24251 0.0106618 -0.549691 0.13716 -0.00579962 -0.532679 0.137194 -0.0129242 -0.553065 
0.151323 0.0021937 -0.546887 0.106764 -0.00862232 -0.531744 0.0763685 -0.011445 -0.530809 
0.0459729 -0.0142677 -0.529875 0.0155774 -0.0170904 -0.52894 -0.0148181 -0.0199131 -0.528005 
-0.0452137 -0.0227358 -0.52707 -0.0755746 -0.032683 -0.546522 -0.0756092 -0.0255585 -0.526135 
-0.106005 -0.0283812 -0.525201 -0.10597 -0.0355057 -0.545587 -0.122236 -0.0232106 -0.538473 
0.317396 0.0385495 -0.524995 0.33156 0.0465429 -0.539203 0.256605 0.0329042 -0.523126 
0.226244 0.0229569 -0.542577 0.226209 0.0300815 -0.522191 0.195814 0.0272588 -0.521256 
0.195848 0.0201342 -0.541643 0.165418 0.0244361 -0.520321 0.165453 0.0173116 -0.540708 
-0.138503 -0.0109154 -0.53136 -0.168933 -0.00661358 -0.510039 -0.168898 -0.0137381 -0.530425 
-0.199328 -0.00943627 -0.509104 -0.199294 -0.0165608 -0.52949 -0.21556 -0.00426564 -0.522376 
0.315259 0.0659625 -0.511703 0.329423 0.0739559 -0.52591 -0.231826 0.00802951 -0.515263 
-0.262256 0.0123313 -0.493942 -0.262222 0.00520681 -0.514328 -0.278488 0.017502 -0.507214 
0.313157 0.086251 -0.518797 0.29689 0.0985462 -0.511683 -0.294754 0.0297971 -0.500101 
-0.31102 0.0420923 -0.492987 0.280624 0.110841 -0.504569 0.250229 0.108019 -0.503635 
0.250194 0.115143 -0.483248 0.219833 0.105196 -0.5027 0.189438 0.102373 -0.501765 
0.159042 0.0995505 -0.50083 0.128646 0.0967278 -0.499895 0.098251 0.0939051 -0.498961 
0.0982163 0.10103 -0.478574 0.0678554 0.0910825 -0.498026 0.0678208 0.098207 -0.477639 
0.0515892 0.103378 -0.490912 -0.327321 0.0615119 -0.465487 -0.313157 0.0695053 -0.479695 
0.035323 0.115673 -0.483799 0.00492745 0.11285 -0.482864 -0.0254681 0.110027 -0.481929 
-0.0255027 0.117152 -0.461543 -0.0417343 0.122323 -0.474815 -0.329458 0.0889249 -0.452195 
-0.315294 0.0969183 -0.466402 -0.0580005 0.134618 -0.467702 -0.0580352 0.141742 -0.447315 
-0.0742667 0.146913 -0.460588 -0.270804 0.121983 -0.440772 -0.25664 0.129977 -0.454979 
-0.270769 0.114859 -0.461158 -0.301165 0.112036 -0.460223 -0.301199 0.119161 -0.439837 
-0.331595 0.116338 -0.438902 -0.090533 0.159208 -0.453474 -0.0905676 0.166332 -0.433088 
-0.106799 0.171503 -0.446361 -0.21215 0.155042 -0.429349 -0.197986 0.163035 -0.443556 
-0.212115 0.147917 -0.449735 -0.242511 0.145094 -0.4488 -0.123065 0.183798 -0.439247 
-0.153461 0.180976 -0.438312 -0.183856 0.178153 -0.437377 0.113244 -0.10511 -0.612395 
0.113279 -0.112235 -0.632781 0.127408 -0.097117 -0.626602 0.0828485 -0.107933 -0.61146 
0.0828831 -0.115058 -0.631846 0.052453 -0.110756 -0.610525 0.0524876 -0.11788 -0.630911 
0.0362214 -0.105585 -0.623798 0.202294 -0.0692292 -0.601906 0.202328 -0.0763538 -0.622293 
0.216458 -0.0612359 -0.616114 0.171898 -0.072052 -0.600972 0.171933 -0.0791765 -0.621358 
0.141503 -0.0748746 -0.600037 0.141537 -0.0819992 -0.620423 0.111107 -0.0776974 -0.599102 
0.0807116 -0.08052 -0.598167 0.050316 -0.0833427 -0.597232 0.0199552 -0.09329 -0.616684 
0.0199205 -0.0861654 -0.596298 -0.010475 -0.0889881 -0.595363 -0.0104404 -0.0961126 -0.615749 
-0.0267066 -0.0838175 -0.608636 0.321739 -0.0305255 -0.592353 0.321774 -0.03765 -0.61274 
0.335903 -0.0225322 -0.606561 0.291343 -0.0333482 -0.591418 0.291378 -0.0404727 -0.611805 
0.260948 -0.0361709 -0.590483 0.260982 -0.0432954 -0.61087 0.230552 -0.0389936 -0.589549 
0.230587 -0.0461181 -0.609935 0.200157 -0.0418163 -0.588614 0.169761 -0.044639 -0.587679 
0.139366 -0.0474617 -0.586744 0.10897 -0.0502843 -0.585809 0.0785747 -0.053107 -0.584875 
0.0177836 -0.0587524 -0.583005 -0.0126119 -0.0615751 -0.58207 -0.0429728 -0.0715224 -0.601522 
-0.0430075 -0.0643978 -0.581136 -0.059239 -0.0592272 -0.594408 0.350032 -0.00741431 -0.600382 
0.364161 0.00770351 -0.594203 0.258811 -0.00875789 -0.577191 0.228415 -0.0115806 -0.576256 
0.19802 -0.0144033 -0.575321 0.167624 -0.017226 -0.574387 0.137229 -0.0200487 -0.573452 
-0.0755399 -0.0398075 -0.566908 -0.0755053 -0.046932 -0.587295 -0.105935 -0.0426302 -0.565973 
-0.105901 -0.0497547 -0.58636 -0.122167 -0.0374596 -0.579246 0.347895 0.0199987 -0.587089 
0.331629 0.0322938 -0.579976 0.226278 0.0158324 -0.562964 0.195883 0.0130097 -0.562029 
0.165487 0.010187 -0.561094 -0.138468 -0.0180399 -0.551746 -0.138433 -0.0251644 -0.572133 
-0.168863 -0.0208626 -0.550811 -0.168829 -0.0279871 -0.571198 -0.185095 -0.015692 -0.564084 
0.329492 0.0597068 -0.566683 -0.201361 -0.00339684 -0.55697 -0.231791 0.000904983 -0.535649 
-0.231757 -0.00621954 -0.556036 -0.248023 0.00607561 -0.548922 0.327355 0.0871198 -0.553391 
-0.264289 0.0183708 -0.541808 -0.280555 0.0306659 -0.534695 0.311089 0.099415 -0.546277 
0.280693 0.0965923 -0.545342 0.280659 0.103717 -0.524956 0.250298 0.0937696 -0.544407 
0.250263 0.100894 -0.524021 0.219902 0.0909469 -0.543473 0.219868 0.0980714 -0.523086 
0.189507 0.0881242 -0.542538 0.189472 0.0952487 -0.522151 0.159111 0.0853015 -0.541603 
0.159077 0.092426 -0.521217 0.128716 0.0824788 -0.540668 0.128681 0.0896033 -0.520282 
0.0983203 0.0796561 -0.539733 0.0982856 0.0867806 -0.519347 0.0679247 0.0768334 -0.538799 
0.0678901 0.0839579 -0.518412 0.0516585 0.0891286 -0.531685 -0.296856 0.0500856 -0.507195 
-0.282692 0.0580789 -0.521402 0.0353923 0.101424 -0.524571 0.0353576 0.108548 -0.504185 
0.00499675 0.098601 -0.523636 0.0049621 0.105726 -0.50325 -0.0112695 0.110896 -0.516523 
-0.298993 0.0774986 -0.493902 -0.284829 0.0854919 -0.50811 -0.0275357 0.123191 -0.509409 
-0.0579312 0.120369 -0.508474 -0.0579659 0.127493 -0.488088 -0.0741975 0.132664 -0.501361 
-0.30113 0.104912 -0.48061 -0.286966 0.112905 -0.494817 -0.0904637 0.144959 -0.494247 
-0.0904983 0.152083 -0.473861 -0.10673 0.157254 -0.487133 -0.21208 0.140793 -0.470121 
-0.197916 0.148786 -0.484329 -0.212046 0.133668 -0.490508 -0.242441 0.130845 -0.489573 
-0.242476 0.13797 -0.469187 -0.272837 0.128023 -0.488638 -0.122996 0.169549 -0.48002 
-0.123031 0.176674 -0.459633 -0.153392 0.166727 -0.479085 -0.153426 0.173851 -0.458699 
-0.183787 0.163904 -0.47815 -0.183822 0.171028 -0.457764 0.141572 -0.0891237 -0.64081 
0.141607 -0.0962482 -0.661196 0.155736 -0.0811304 -0.655017 0.111211 -0.0990709 -0.660261 
0.0808155 -0.101894 -0.659326 0.05042 -0.104716 -0.658392 0.0199898 -0.100414 -0.63707 
0.0200245 -0.107539 -0.657457 -0.0104057 -0.103237 -0.636136 -0.0103711 -0.110362 -0.656522 
-0.0266373 -0.0980665 -0.649408 0.230622 -0.0532426 -0.630321 0.230656 -0.0603671 -0.650708 
0.244786 -0.0452493 -0.644529 0.200261 -0.0631898 -0.649773 0.169865 -0.0660125 -0.648838 
-0.0429382 -0.0786469 -0.621908 -0.0429035 -0.0857714 -0.642295 -0.0591697 -0.0734762 -0.635181 
0.319706 -0.0244861 -0.64022 0.333835 -0.0093682 -0.634041 0.28931 -0.0273088 -0.639285 
0.258915 -0.0301314 -0.63835 -0.0754706 -0.0540566 -0.607681 -0.075436 -0.0611811 -0.628067 
-0.105866 -0.0568793 -0.606746 -0.105831 -0.0640038 -0.627133 -0.122098 -0.0517086 -0.620019 
0.347965 0.00574964 -0.627862 0.362094 0.0208675 -0.621683 -0.138399 -0.032289 -0.592519 
-0.138364 -0.0394135 -0.612905 -0.15463 -0.0271183 -0.605792 0.345828 0.0331626 -0.61457 
0.329561 0.0454578 -0.607456 -0.170896 -0.0148232 -0.598678 -0.187163 -0.00252805 -0.591564 
0.327424 0.0728708 -0.594163 -0.203429 0.00976711 -0.584451 -0.233859 0.0140689 -0.563129 
-0.219695 0.0220623 -0.577337 0.311158 0.0851659 -0.58705 0.311124 0.0922904 -0.566663 
0.280763 0.0823432 -0.586115 0.280728 0.0894677 -0.565729 0.250367 0.0795205 -0.58518 
0.250333 0.0866451 -0.564794 0.219972 0.0766978 -0.584245 0.219937 0.0838224 -0.563859 
0.189576 0.0738751 -0.583311 0.189542 0.0809997 -0.562924 0.159181 0.0710524 -0.582376 
0.159146 0.078177 -0.561989 0.128785 0.0682297 -0.581441 0.12875 0.0753543 -0.561055 
0.112519 0.0805249 -0.574327 -0.235961 0.0343574 -0.570223 -0.266391 0.0386592 -0.548902 
-0.252228 0.0466526 -0.56311 0.0962526 0.0928201 -0.567214 0.0658571 0.0899974 -0.566279 
0.0354616 0.0871747 -0.565344 0.0354269 0.0942992 -0.544958 0.0191954 0.0994698 -0.55823 
-0.268528 0.0660722 -0.53561 -0.254364 0.0740656 -0.549817 0.00292913 0.111765 -0.551117 
-0.0274664 0.108942 -0.550182 -0.027501 0.116067 -0.529796 -0.0437326 0.121237 -0.543068 
-0.270631 0.0863607 -0.542704 -0.286897 0.0986559 -0.53559 -0.0599988 0.133533 -0.535955 
-0.0903944 0.13071 -0.53502 -0.090429 0.137834 -0.514633 -0.106661 0.143005 -0.527906 
-0.212011 0.126544 -0.510894 -0.197847 0.134537 -0.525102 -0.211976 0.119419 -0.531281 
-0.242372 0.116596 -0.530346 -0.242407 0.123721 -0.509959 -0.272768 0.113774 -0.529411 
-0.272802 0.120898 -0.509025 -0.122927 0.1553 -0.520793 -0.122961 0.162425 -0.500406 
-0.153322 0.152477 -0.519858 -0.153357 0.159602 -0.499471 -0.183718 0.149655 -0.518923 
-0.183753 0.156779 -0.498537 0.139504 -0.0759598 -0.66829 0.109109 -0.0787824 -0.667355 
0.0928772 -0.0736118 -0.680628 0.0787479 -0.0887297 -0.686807 0.0483524 -0.0915523 -0.685872 
0.0179569 -0.094375 -0.684937 -0.0124387 -0.0971977 -0.684002 -0.0428689 -0.0928959 -0.662681 
-0.0428342 -0.10002 -0.683068 -0.0591004 -0.0877253 -0.675954 0.228554 -0.0400787 -0.657802 
0.198158 -0.0429014 -0.656867 0.181927 -0.0377307 -0.67014 0.167798 -0.0528486 -0.676319 
0.137402 -0.0556713 -0.675384 0.107007 -0.058494 -0.674449 -0.0754013 -0.0683056 -0.648454 
-0.0753667 -0.0754301 -0.66884 -0.0916329 -0.063135 -0.661726 0.317604 -0.00419758 -0.647314 
0.287208 -0.00702028 -0.646379 0.270977 -0.00184965 -0.659652 0.256847 -0.0169675 -0.66583 
0.226452 -0.0197902 -0.664896 0.196056 -0.0226129 -0.663961 -0.107899 -0.0508398 -0.654613 
-0.124165 -0.0385447 -0.647499 0.345862 0.0260381 -0.634956 0.315467 0.0232154 -0.634021 
0.299235 0.028386 -0.647294 0.285106 0.0132682 -0.653473 -0.140432 -0.0262495 -0.640386 
-0.156698 -0.0139544 -0.633272 0.31333 0.0506284 -0.620729 0.282969 0.0406812 -0.64018 
0.282934 0.0478057 -0.619794 0.266703 0.0529763 -0.633067 -0.172964 -0.00165924 -0.626158 
-0.18923 0.0106359 -0.619045 0.311193 0.0780414 -0.607436 0.280797 0.0752187 -0.606501 
0.250436 0.0652715 -0.625953 0.250402 0.072396 -0.605567 0.220041 0.0624488 -0.625018 
0.220006 0.0695733 -0.604632 0.189645 0.0596261 -0.624083 0.189611 0.0667506 -0.603697 
0.173379 0.0719212 -0.61697 -0.205496 0.0229311 -0.611931 -0.221763 0.0352262 -0.604817 
0.157113 0.0842164 -0.609856 0.126717 0.0813937 -0.608921 0.0963219 0.078571 -0.607986 
0.0962873 0.0856955 -0.5876 0.0659264 0.0757483 -0.607052 0.0658918 0.0828728 -0.586665 
0.0496602 0.0880435 -0.599938 -0.238064 0.0546459 -0.577317 -0.2239 0.0626392 -0.591525 
0.033394 0.100339 -0.592824 0.00299843 0.0975159 -0.59189 0.00296378 0.10464 -0.571503 
-0.0132678 0.109811 -0.584776 -0.240166 0.0749344 -0.584411 -0.256432 0.0872295 -0.577297 
-0.029534 0.122106 -0.577662 -0.0599295 0.119284 -0.576727 -0.0599642 0.126408 -0.556341 
-0.0903251 0.116461 -0.575793 -0.0903597 0.123585 -0.555406 -0.106591 0.128756 -0.568679 
-0.211942 0.112295 -0.551667 -0.197778 0.120288 -0.565875 -0.211907 0.10517 -0.572053 
-0.242303 0.102347 -0.571119 -0.242337 0.109472 -0.550732 -0.272733 0.106649 -0.549797 
-0.122858 0.141051 -0.561565 -0.122892 0.148176 -0.541179 -0.153253 0.138228 -0.560631 
-0.153288 0.145353 -0.540244 -0.183649 0.135406 -0.559696 -0.183683 0.14253 -0.539309 
0.0766456 -0.0684412 -0.6939 0.0462501 -0.0712639 -0.692966 0.0300185 -0.0660932 -0.706238 
0.0158892 -0.0812111 -0.712417 -0.0145063 -0.0840338 -0.711483 -0.0449018 -0.0868565 -0.710548 
-0.0611681 -0.0745613 -0.703434 0.165695 -0.0325601 -0.683412 0.1353 -0.0353828 -0.682478 
0.104904 -0.0382055 -0.681543 0.0886727 -0.0330349 -0.694816 0.0745434 -0.0481527 -0.700994 
0.0441478 -0.0509754 -0.70006 -0.0774343 -0.0622662 -0.69632 -0.0937005 -0.049971 -0.689207 
0.254745 0.00332098 -0.672924 0.224349 0.000498288 -0.67199 0.193954 -0.00232441 -0.671055 
0.163558 -0.0051471 -0.67012 0.147327 2.35227e-05 -0.683393 0.133198 -0.0150943 -0.689572 
0.102802 -0.017917 -0.688637 -0.109967 -0.0376759 -0.682093 -0.126233 -0.0253807 -0.67498 
0.283004 0.0335567 -0.660567 0.252608 0.030734 -0.659632 0.222213 0.0279113 -0.658697 
0.191817 0.0250886 -0.657762 0.175585 0.0302592 -0.671035 0.161456 0.0151414 -0.677214 
-0.142499 -0.0130856 -0.667866 -0.158765 -0.000790438 -0.660752 0.250471 0.058147 -0.646339 
0.220076 0.0553243 -0.645405 0.18968 0.0525016 -0.64447 0.159319 0.0425544 -0.663921 
0.159285 0.0496789 -0.643535 0.143053 0.0548495 -0.656808 -0.175032 0.0115047 -0.653639 
-0.191298 0.0237999 -0.646525 0.157148 0.0770919 -0.630242 0.126787 0.0671447 -0.649694 
0.126752 0.0742692 -0.629308 0.0963912 0.064322 -0.648759 0.0963566 0.0714465 -0.628373 
0.0659957 0.0614993 -0.647824 0.0659611 0.0686238 -0.627438 0.0356002 0.0586766 -0.64689 
0.0355655 0.0658011 -0.626503 0.019334 0.0709717 -0.639776 -0.207599 0.0432195 -0.619025 
-0.193435 0.0512129 -0.633232 0.0334286 0.0932141 -0.613211 0.00306773 0.0832669 -0.632662 
0.00303308 0.0903914 -0.612276 -0.0131985 0.095562 -0.625549 -0.209736 0.0706325 -0.605732 
-0.195572 0.0786259 -0.61994 -0.0294647 0.107857 -0.618435 -0.0294994 0.114982 -0.598049 
-0.0598602 0.105034 -0.6175 -0.0598949 0.112159 -0.597114 -0.0902558 0.102212 -0.616565 
-0.0902904 0.109336 -0.596179 -0.106522 0.114507 -0.609452 -0.211838 0.090921 -0.612826 
-0.242268 0.0952228 -0.591505 -0.228104 0.103216 -0.605713 -0.122788 0.126802 -0.602338 
-0.122823 0.133927 -0.581952 -0.153184 0.123979 -0.601403 -0.153218 0.131104 -0.581017 
-0.183579 0.121157 -0.600469 -0.183614 0.128281 -0.580082 -0.213975 0.118334 -0.599534 
0.013787 -0.0609226 -0.719511 -0.0166086 -0.0637453 -0.718576 -0.0470041 -0.066568 -0.717642 
0.0724411 -0.0278642 -0.708088 0.0420456 -0.0306869 -0.707153 0.025814 -0.0255163 -0.720426 
0.0116847 -0.0406341 -0.726605 -0.0187108 -0.0434568 -0.72567 -0.049141 -0.039155 -0.704349 
-0.0349771 -0.0311617 -0.718557 -0.0795365 -0.0419777 -0.703414 0.131095 0.00519415 -0.696665 
0.1007 0.00237146 -0.695731 0.0703042 -0.000451239 -0.694796 0.0540726 0.00471939 -0.708068 
0.0399433 -0.0103985 -0.714247 -0.0512433 -0.0188665 -0.711443 -0.0816388 -0.0216892 -0.710508 
-0.112069 -0.0173874 -0.689187 -0.097905 -0.00939408 -0.703395 0.159354 0.0354298 -0.684308 
0.128958 0.0326071 -0.683373 0.0985628 0.0297844 -0.682438 0.0681673 0.0269617 -0.681503 
0.0378064 0.0170145 -0.700955 0.0377718 0.024139 -0.680569 0.0215402 0.0293097 -0.693841 
-0.114171 0.00290107 -0.696281 -0.144601 0.00720288 -0.67496 -0.130437 0.0151962 -0.689167 
0.126821 0.0600201 -0.67008 0.0964259 0.0571974 -0.669146 0.0660304 0.0543747 -0.668211 
0.0356348 0.051552 -0.667276 0.00527395 0.0416048 -0.686728 0.00523931 0.0487293 -0.666341 
-0.0109923 0.0539 -0.679614 -0.146704 0.0274914 -0.682054 -0.177134 0.0317932 -0.660732 
-0.16297 0.0397865 -0.67494 0.00310238 0.0761423 -0.653049 -0.0272585 0.0661951 -0.6725 
-0.0272931 0.0733197 -0.652114 -0.0435247 0.0784903 -0.665387 -0.179271 0.0592062 -0.64744 
-0.165107 0.0671995 -0.661647 -0.0294301 0.100733 -0.638821 -0.0597909 0.0907854 -0.658273 
-0.0598256 0.09791 -0.637887 -0.0760572 0.103081 -0.651159 -0.181373 0.0794946 -0.654534 
-0.197639 0.0917898 -0.64742 -0.0923234 0.115376 -0.644046 -0.122719 0.112553 -0.643111 
-0.122754 0.119678 -0.622724 -0.153114 0.10973 -0.642176 -0.153149 0.116855 -0.62179 
-0.18351 0.106908 -0.641241 -0.183545 0.114032 -0.620855 -0.21394 0.111209 -0.61992 
0.00958243 -0.0203457 -0.733699 -0.0208131 -0.0231684 -0.732764 0.037841 0.00989002 -0.721341 
0.00744552 0.00706732 -0.720406 -0.00878606 0.012238 -0.733679 -0.0229154 -0.00287989 -0.739858 
-0.0533455 0.00142193 -0.718537 -0.0391816 0.00941526 -0.732744 -0.0837411 -0.00140077 -0.717602 
0.0053086 0.0344803 -0.707114 -0.0250523 0.0245331 -0.726566 -0.0250869 0.0316576 -0.706179 
-0.0413185 0.0368282 -0.719452 -0.0554478 0.0217104 -0.725631 -0.085878 0.0260122 -0.70431 
-0.071714 0.0340055 -0.718517 -0.116274 0.0231895 -0.703375 -0.0272238 0.0590706 -0.692887 
-0.0434554 0.0642412 -0.706159 -0.0879803 0.0463007 -0.711403 -0.11841 0.0506025 -0.690082 
-0.104246 0.0585958 -0.70429 -0.148806 0.0477798 -0.689147 -0.0597216 0.0765364 -0.699046 
-0.0597563 0.0836609 -0.678659 -0.0759879 0.0888315 -0.691932 -0.120513 0.070891 -0.697176 
-0.150943 0.0751928 -0.675855 -0.136779 0.0831861 -0.690062 -0.0922541 0.101127 -0.684818 
-0.0922887 0.108251 -0.664432 -0.12265 0.098304 -0.683884 -0.122684 0.105429 -0.663497 
-0.15308 0.102606 -0.662562 -0.183475 0.0997831 -0.661628 -0.0250176 0.0174086 -0.746952 
-0.0575501 0.0419989 -0.732725 -0.059687 0.0694119 -0.719432 -0.0900825 0.0665892 -0.718497 
-0.0922194 0.0940022 -0.705205 -0.122615 0.0911795 -0.70427 
POLYGONS 6793 20376
OFFSETS vtktypeint64
0 3 6 9 12 15 18 21 24 
27 30 33 36 39 42 45 48 51 
54 57 60 63 66 69 72 75 78 
81 84 87 90 93 96 99 102 105 
108 111 114 117 120 123 126 129 132 
135 138 141 144 147 150 153 156 159 
162 165 168 171 174 177 180 183 186 
189 192 195 198 201 204 207 210 213 
216 219 222 225 228 231 234 237 240 
243 246 249 252 255 258 261 264 267 
270 273 276 279 282 285 288 291 294 
297 300 303 306 309 312 315 318 321 
324 327 330 333 336 339 342 345 348 
351 354 357 360 363 366 369 372 375 
378 381 384 387 390 393 396 399 402 
405 408 411 414 417 420 423 426 429 
432 435 438 441 444 447 450 453 456 
459 462 465 468 471 474 477 480 483 
486 489 492 495 498 501 504 507 510 
513 516 519 522 525 528 531 534 537 
540 543 546 549 552 555 558 561 564 
567 570 573 576 579 582 585 588 591 
594 597 600 603 606 609 612 615 618 
621 624 627 630 633 636 639 642 645 
648 651 654 657 660 663 666 669 672 
675 678 681 684 687 690 693 696 699 
702 705 708 711 714 717 720 723 726 
729 732 735 738 741 744 747 750 753 
756 759 762 765 768 771 774 777 780 
783 786 789 792 795 798 801 804 807 
810 813 816 819 822 825 828 831 834 
837 840 843 846 849 852 855 858 861 
864 867 870 873 876 879 882 885 888 
891 894 897 900 903 906 909 912 915 
918 921 924 927 930 933 936 939 942 
945 948 951 954 957 960 963 966 969 
972 975 978 981 984 987 990 993 996 
999 1002 1005 1008 1011 1014 1017 1020 1023 
1026 1029 1032 1035 1038 1041 1044 1047 1050 
1053 1056 1059 1062 1065 1068 1071 1074 1077 
1080 1083 1086 1089 1092 1095 1098 1101 1104 
1107 1110 1113 1116 1119 1122 1125 1128 1131 
1134 1137 1140 1143 1146 1149 1152 1155 1158 
1161 1164 1167 1170 1173 1176 1179 1182 1185 
1188 1191 1194 1197 1200 1203 1206 1209 1212 
1215 1218 1221 1224 1227 1230 1233 1236 1239 
1242 1245 1248 1251 1254 1257 1260 1263 1266 
1269 1272 1275 1278 1281 1284 1287 1290 1293 
1296 1299 1302 1305 1308 1311 1314 1317 1320 
1323 1326 1329 1332 1335 1338 1341 1344 1347 
1350 1353 1356 1359 1362 1365 1368 1371 1374 
1377 1380 1383 1386 1389 1392 1395 1398 1401 
1404 1407 1410 1413 1416 1419 1422 1425 1428 
1431 1434 1437 1440 1443 1446 1449 1452 1455 
1458 1461 1464 1467 1470 1473 1476 1479 1482 
1485 1488 1491 1494 1497 1500 1503 1506 1509 
1512 1515 1518 1521 1524 1527 1530 1533 1536 
1539 1542 1545 1548 1551 1554 1557 1560 1563 
1566 1569 1572 1575 1578 1581 1584 1587 1590 
1593 1596 1599 1602 1605 1608 1611 1614 1617 
1620 1623 1626 1629 1632 1635 1638 1641 1644 
1647 1650 1653 1656 1659 1662 1665 1668 1671 
1674 1677 1680 1683 1686 1689 1692 1695 1698 
1701 1704 1707 1710 1713 1716 1719 1722 1725 
1728 1731 1734 1737 1740 1743 1746 1749 1752 
1755 1758 1761 1764 1767 1770 1773 1776 1779 
1782 1785 1788 1791 1794 1797 1800 1803 1806 
1809 1812 1815 1818 1821 1824 1827 1830 1833 
1836 1839 1842 1845 1848 1851 1854 1857 1860 
1863 1866 1869 1872 1875 1878 1881 1884 1887 
1890 1893 1896 1899 1902 1905 1908 1911 1914 
1917 1920 1923 1926 1929 1932 1935 1938 1941 
1944 1947 1950 1953 1956 1959 1962 1965 1968 
1971 1974 1977 1980 1983 1986 1989 1992 1995 
1998 2001 2004 2007 2010 2013 2016 2019 2022 
2025 2028 2031 2034 2037 2040 2043 2046 2049 
2052 2055 2058 2061 2064 2067 2070 2073 2076 
2079 2082 2085 2088 2091 2094 2097 2100 2103 
2106 2109 2112 2115 2118 2121 2124 2127 2130 
2133 2136 2139 2142 2145 2148 2151 2154 2157 
2160 2163 2166 2169 2172 2175 2178 2181 2184 
2187 2190 2193 2196 2199 2202 2205 2208 2211 
2214 2217 2220 2223 2226 2229 2232 2235 2238 
2241 2244 2247 2250 2253 2256 2259 2262 2265 
2268 2271 2274 2277 2280 2283 2286 2289 2292 
2295 2298 2301 2304 2307 2310 2313 2316 2319 
2322 2325 2328 2331 2334 2337 2340 2343 2346 
2349 2352 2355 2358 2361 2364 2367 2370 2373 
2376 2379 2382 2385 2388 2391 2394 2397 2400 
2403 2406 2409 2412 2415 2418 2421 2424 2427 
2430 2433 2436 2439 2442 2445 2448 2451 2454 
2457 2460 2463 2466 2469 2472 2475 2478 2481 
2484 2487 2490 2493 2496 2499 2502 2505 2508 
2511 2514 2517 2520 2523 2526 2529 2532 2535 
2538 2541 2544 2547 2550 2553 2556 2559 2562 
2565 2568 2571 2574 2577 2580 2583 2586 2589 
2592 2595 2598 2601 2604 2607 2610 2613 2616 
2619 2622 2625 2628 2631 2634 2637 2640 2643 
2646 2649 2652 2655 2658 2661 2664 2667 2670 
2673 2676 2679 2682 2685 2688 2691 2694 2697 
2700 2703 2706 2709 2712 2715 2718 2721 2724 
2727 2730 2733 2736 2739 2742 2745 2748 2751 
2754 2757 2760 2763 2766 2769 2772 2775 2778 
2781 2784 2787 2790 2793 2796 2799 2802 2805 
2808 2811 2814 2817 2820 2823 2826 2829 2832 
2835 2838 2841 2844 2847 2850 2853 2856 2859 
2862 2865 2868 2871 2874 2877 2880 2883 2886 
2889 2892 2895 2898 2901 2904 2907 2910 2913 
2916 2919 2922 2925 2928 2931 2934 2937 2940 
2943 2946 2949 2952 2955 2958 2961 2964 2967 
2970 2973 2976 2979 2982 2985 2988 2991 2994 
2997 3000 3003 3006 3009 3012 3015 3018 3021 
3024 3027 3030 3033 3036 3039 3042 3045 3048 
3051 3054 3057 3060 3063 3066 3069 3072 3075 
3078 3081 3084 3087 3090 3093 3096 3099 3102 
3105 3108 3111 3114 3117 3120 3123 3126 3129 
3132 3135 3138 3141 3144 3147 3150 3153 3156 
3159 3162 3165 3168 3171 3174 3177 3180 3183 
3186 3189 3192 3195 3198 3201 3204 3207 3210 
3213 3216 3219 3222 3225 3228 3231 3234 3237 
3240 3243 3246 3249 3252 3255 3258 3261 3264 
3267 3270 3273 3276 3279 3282 3285 3288 3291 
3294 3297 3300 3303 3306 3309 3312 3315 3318 
3321 3324 3327 3330 3333 3336 3339 3342 3345 
3348 3351 3354 3357 3360 3363 3366 3369 3372 
3375 3378 3381 3384 3387 3390 3393 3396 3399 
3402 3405 3408 3411 3414 3417 3420 3423 3426 
3429 3432 3435 3438 3441 3444 3447 3450 3453 
3456 3459 3462 3465 3468 3471 3474 3477 3480 
3483 3486 3489 3492 3495 3498 3501 3504 3507 
3510 3513 3516 3519 3522 3525 3528 3531 3534 
3537 3540 3543 3546 3549 3552 3555 3558 3561 
3564 3567 3570 3573 3576 3579 3582 3585 3588 
3591 3594 3597 3600 3603 3606 3609 3612 3615 
3618 3621 3624 3627 3630 3633 3636 3639 3642 
3645 3648 3651 3654 3657 3660 3663 3666 3669 
3672 3675 3678 3681 3684 3687 3690 3693 3696 
3699 3702 3705 3708 3711 3714 3717 3720 3723 
3726 3729 3732 3735 3738 3741 3744 3747 3750 
3753 3756 3759 3762 3765 3768 3771 3774 3777 
3780 3783 3786 3789 3792 3795 3798 3801 3804 
3807 3810 3813 3816 3819 3822 3825 3828 3831 
3834 3837 3840 3843 3846 3849 3852 3855 3858 
3861 3864 3867 3870 3873 3876 3879 3882 3885 
3888 3891 3894 3897 3900 3903 3906 3909 3912 
3915 3918 3921 3924 3927 3930 3933 3936 3939 
3942 3945 3948 3951 3954 3957 3960 3963 3966 
3969 3972 3975 3978 3981 3984 3987 3990 3993 
3996 3999 4002 4005 4008 4011 4014 4017 4020 
4023 4026 4029 4032 4035 4038 4041 4044 4047 
4050 4053 4056 4059 4062 4065 4068 4071 4074 
4077 4080 4083 4086 4089 4092 4095 4098 4101 
4104 4107 4110 4113 4116 4119 4122 4125 4128 
4131 4134 4137 4140 4143 4146 4149 4152 4155 
4158 4161 4164 4167 4170 4173 4176 4179 4182 
4185 4188 4191 4194 4197 4200 4203 4206 4209 
4212 4215 4218 4221 4224 4227 4230 4233 4236 
4239 4242 4245 4248 4251 4254 4257 4260 4263 
4266 4269 4272 4275 4278 4281 4284 4287 4290 
4293 4296 4299 4302 4305 4308 4311 4314 4317 
4320 4323 4326 4329 4332 4335 4338 4341 4344 
4347 4350 4353 4356 4359 4362 4365 4368 4371 
4374 4377 4380 4383 4386 4389 4392 4395 4398 
4401 4404 4407 4410 4413 4416 4419 4422 4425 
4428 4431 4434 4437 4440 4443 4446 4449 4452 
4455 4458 4461 4464 4467 4470 4473 4476 4479 
4482 4485 4488 4491 4494 4497 4500 4503 4506 
4509 4512 4515 4518 4521 4524 4527 4530 4533 
4536 4539 4542 4545 4548 4551 4554 4557 4560 
4563 4566 4569 4572 4575 4578 4581 4584 4587 
4590 4593 4596 4599 4602 4605 4608 4611 4614 
4617 4620 4623 4626 4629 4632 4635 4638 4641 
4644 4647 4650 4653 4656 4659 4662 4665 4668 
4671 4674 4677 4680 4683 4686 4689 4692 4695 
4698 4701 4704 4707 4710 4713 4716 4719 4722 
4725 4728 4731 4734 4737 4740 4743 4746 4749 
4752 4755 4758 4761 4764 4767 4770 4773 4776 
4779 4782 4785 4788 4791 4794 4797 4800 4803 
4806 4809 4812 4815 4818 4821 4824 4827 4830 
4833 4836 4839 4842 4845 4848 4851 4854 4857 
4860 4863 4866 4869 4872 4875 4878 4881 4884 
4887 4890 4893 4896 4899 4902 4905 4908 4911 
4914 4917 4920 4923 4926 4929 4932 4935 4938 
4941 4944 4947 4950 4953 4956 4959 4962 4965 
4968 4971 4974 4977 4980 4983 4986 4989 4992 
4995 4998 5001 5004 5007 5010 5013 5016 5019 
5022 5025 5028 5031 5034 5037 5040 5043 5046 
5049 5052 5055 5058 5061 5064 5067 5070 5073 
5076 5079 5082 5085 5088 5091 5094 5097 5100 
5103 5106 5109 5112 5115 5118 5121 5124 5127 
5130 5133 5136 5139 5142 5145 5148 5151 5154 
5157 5160 5163 5166 5169 5172 5175 5178 5181 
5184 5187 5190 5193 5196 5199 5202 5205 5208 
5211 5214 5217 5220 5223 5226 5229 5232 5235 
5238 5241 5244 5247 5250 5253 5256 5259 5262 
5265 5268 5271 5274 5277 5280 5283 5286 5289 
5292 5295 5298 5301 5304 5307 5310 5313 5316 
5319 5322 5325 5328 5331 5334 5337 5340 5343 
5346 5349 5352 5355 5358 5361 5364 5367 5370 
5373 5376 5379 5382 5385 5388 5391 5394 5397 
5400 5403 5406 5409 5412 5415 5418 5421 5424 
5427 5430 5433 5436 5439 5442 5445 5448 5451 
5454 5457 5460 5463 5466 5469 5472 5475 5478 
5481 5484 5487 5490 5493 5496 5499 5502 5505 
5508 5511 5514 5517 5520 5523 5526 5529 5532 
5535 5538 5541 5544 5547 5550 5553 5556 5559 
5562 5565 5568 5571 5574 5577 5580 5583 5586 
5589 5592 5595 5598 5601 5604 5607 5610 5613 
5616 5619 5622 5625 5628 5631 5634 5637 5640 
5643 5646 5649 5652 5655 5658 5661 5664 5667 
5670 5673 5676 5679 5682 5685 5688 5691 5694 
5697 5700 5703 5706 5709 5712 5715 5718 5721 
5724 5727 5730 5733 5736 5739 5742 5745 5748 
5751 5754 5757 5760 5763 5766 5769 5772 5775 
5778 5781 5784 5787 5790 5793 5796 5799 5802 
5805 5808 5811 5814 5817 5820 5823 5826 5829 
5832 5835 5838 5841 5844 5847 5850 5853 5856 
5859 5862 5865 5868 5871 5874 5877 5880 5883 
5886 5889 5892 5895 5898 5901 5904 5907 5910 
5913 5916 5919 5922 5925 5928 5931 5934 5937 
5940 5943 5946 5949 5952 5955 5958 5961 5964 
5967 5970 5973 5976 5979 5982 5985 5988 5991 
5994 5997 6000 6003 6006 6009 6012 6015 6018 
6021 6024 6027 6030 6033 6036 6039 6042 6045 
6048 6051 6054 6057 6060 6063 6066 6069 6072 
6075 6078 6081 6084 6087 6090 6093 6096 6099 
6102 6105 6108 6111 6114 6117 6120 6123 6126 
6129 6132 6135 6138 6141 6144 6147 6150 6153 
6156 6159 6162 6165 6168 6171 6174 6177 6180 
6183 6186 6189 6192 6195 6198 6201 6204 6207 
6210 6213 6216 6219 6222 6225 6228 6231 6234 
6237 6240 6243 6246 6249 6252 6255 6258 6261 
6264 6267 6270 6273 6276 6279 6282 6285 6288 
6291 6294 6297 6300 6303 6306 6309 6312 6315 
6318 6321 6324 6327 6330 6333 6336 6339 6342 
6345 6348 6351 6354 6357 6360 6363 6366 6369 
6372 6375 6378 6381 6384 6387 6390 6393 6396 
6399 6402 6405 6408 6411 6414 6417 6420 6423 
6426 6429 6432 6435 6438 6441 6444 6447 6450 
6453 6456 6459 6462 6465 6468 6471 6474 6477 
6480 6483 6486 6489 6492 6495 6498 6501 6504 
6507 6510 6513 6516 6519 6522 6525 6528 6531 
6534 6537 6540 6543 6546 6549 6552 6555 6558 
6561 6564 6567 6570 6573 6576 6579 6582 6585 
6588 6591 6594 6597 6600 6603 6606 6609 6612 
6615 6618 6621 6624 6627 6630 6633 6636 6639 
6642 6645 6648 6651 6654 6657 6660 6663 6666 
6669 6672 6675 6678 6681 6684 6687 6690 6693 
6696 6699 6702 6705 6708 6711 6714 6717 6720 
6723 6726 6729 6732 6735 6738 6741 6744 6747 
6750 6753 6756 6759 6762 6765 6768 6771 6774 
6777 6780 6783 6786 6789 6792 6795 6798 6801 
6804 6807 6810 6813 6816 6819 6822 6825 6828 
6831 6834 6837 6840 6843 6846 6849 6852 6855 
6858 6861 6864 6867 6870 6873 6876 6879 6882 
6885 6888 6891 6894 6897 6900 6903 6906 6909 
6912 6915 6918 6921 6924 6927 6930 6933 6936 
6939 6942 6945 6948 6951 6954 6957 6960 6963 
6966 6969 6972 6975 6978 6981 6984 6987 6990 
6993 6996 6999 7002 7005 7008 7011 7014 7017 
7020 7023 7026 7029 7032 7035 7038 7041 7044 
7047 7050 7053 7056 7059 7062 7065 7068 7071 
7074 7077 7080 7083 7086 7089 7092 7095 7098 
7101 7104 7107 7110 7113 7116 7119 7122 7125 
7128 7131 7134 7137 7140 7143 7146 7149 7152 
7155 7158 7161 7164 7167 7170 7173 7176 7179 
7182 7185 7188 7191 7194 7197 7200 7203 7206 
7209 7212 7215 7218 7221 7224 7227 7230 7233 
7236 7239 7242 7245 7248 7251 7254 7257 7260 
7263 7266 7269 7272 7275 7278 7281 7284 7287 
7290 7293 7296 7299 7302 7305 7308 7311 7314 
7317 7320 7323 7326 7329 7332 7335 7338 7341 
7344 7347 7350 7353 7356 7359 7362 7365 7368 
7371 7374 7377 7380 7383 7386 7389 7392 7395 
7398 7401 7404 7407 7410 7413 7416 7419 7422 
7425 7428 7431 7434 7437 7440 7443 7446 7449 
7452 7455 7458 7461 7464 7467 7470 7473 7476 
7479 7482 7485 7488 7491 7494 7497 7500 7503 
7506 7509 7512 7515 7518 7521 7524 7527 7530 
7533 7536 7539 7542 7545 7548 7551 7554 7557 
7560 7563 7566 7569 7572 7575 7578 7581 7584 
7587 7590 7593 7596 7599 7602 7605 7608 7611 
7614 7617 7620 7623 7626 7629 7632 7635 7638 
7641 7644 7647 7650 7653 7656 7659 7662 7665 
7668 7671 7674 7677 7680 7683 7686 7689 7692 
7695 7698 7701 7704 7707 7710 7713 7716 7719 
7722 7725 7728 7731 7734 7737 7740 7743 7746 
7749 7752 7755 7758 7761 7764 7767 7770 7773 
7776 7779 7782 7785 7788 7791 7794 7797 7800 
7803 7806 7809 7812 7815 7818 7821 7824 7827 
7830 7833 7836 7839 7842 7845 7848 7851 7854 
7857 7860 7863 7866 7869 7872 7875 7878 7881 
7884 7887 7890 7893 7896 7899 7902 7905 7908 
7911 7914 7917 7920 7923 7926 7929 7932 7935 
7938 7941 7944 7947 7950 7953 7956 7959 7962 
7965 7968 7971 7974 7977 7980 7983 7986 7989 
7992 7995 7998 8001 8004 8007 8010 8013 8016 
8019 8022 8025 8028 8031 8034 8037 8040 8043 
8046 8049 8052 8055 8058 8061 8064 8067 8070 
8073 8076 8079 8082 8085 8088 8091 8094 8097 
8100 8103 8106 8109 8112 8115 8118 8121 8124 
8127 8130 8133 8136 8139 8142 8145 8148 8151 
8154 8157 8160 8163 8166 8169 8172 8175 8178 
8181 8184 8187 8190 8193 8196 8199 8202 8205 
8208 8211 8214 8217 8220 8223 8226 8229 8232 
8235 8238 8241 8244 8247 8250 8253 8256 8259 
8262 8265 8268 8271 8274 8277 8280 8283 8286 
8289 8292 8295 8298 8301 8304 8307 8310 8313 
8316 8319 8322 8325 8328 8331 8334 8337 8340 
8343 8346 8349 8352 8355 8358 8361 8364 8367 
8370 8373 8376 8379 8382 8385 8388 8391 8394 
8397 8400 8403 8406 8409 8412 8415 8418 8421 
8424 8427 8430 8433 8436 8439 8442 8445 8448 
8451 8454 8457 8460 8463 8466 8469 8472 8475 
8478 8481 8484 8487 8490 8493 8496 8499 8502 
8505 8508 8511 8514 8517 8520 8523 8526 8529 
8532 8535 8538 8541 8544 8547 8550 8553 8556 
8559 8562 8565 8568 8571 8574 8577 8580 8583 
8586 8589 8592 8595 8598 8601 8604 8607 8610 
8613 8616 8619 8622 8625 8628 8631 8634 8637 
8640 8643 8646 8649 8652 8655 8658 8661 8664 
8667 8670 8673 8676 8679 8682 8685 8688 8691 
8694 8697 8700 8703 8706 8709 8712 8715 8718 
8721 8724 8727 8730 8733 8736 8739 8742 8745 
8748 8751 8754 8757 8760 8763 8766 8769 8772 
8775 8778 8781 8784 8787 8790 8793 8796 8799 
8802 8805 8808 8811 8814 8817 8820 8823 8826 
8829 8832 8835 8838 8841 8844 8847 8850 8853 
8856 8859 8862 8865 8868 8871 8874 8877 8880 
8883 8886 8889 8892 8895 8898 8901 8904 8907 
8910 8913 8916 8919 8922 8925 8928 8931 8934 
8937 8940 8943 8946 8949 8952 8955 8958 8961 
8964 8967 8970 8973 8976 8979 8982 8985 8988 
8991 8994 8997 9000 9003 9006 9009 9012 9015 
9018 9021 9024 9027 9030 9033 9036 9039 9042 
9045 9048 9051 9054 9057 9060 9063 9066 9069 
9072 9075 9078 9081 9084 9087 9090 9093 9096 
9099 9102 9105 9108 9111 9114 9117 9120 9123 
9126 9129 9132 9135 9138 9141 9144 9147 9150 
9153 9156 9159 9162 9165 9168 9171 9174 9177 
9180 9183 9186 9189 9192 9195 9198 9201 9204 
9207 9210 9213 9216 9219 9222 9225 9228 9231 
9234 9237 9240 9243 9246 9249 9252 9255 9258 
9261 9264 9267 9270 9273 9276 9279 9282 9285 
9288 9291 9294 9297 9300 9303 9306 9309 9312 
9315 9318 9321 9324 9327 9330 9333 9336 9339 
9342 9345 9348 9351 9354 9357 9360 9363 9366 
9369 9372 9375 9378 9381 9384 9387 9390 9393 
9396 9399 9402 9405 9408 9411 9414 9417 9420 
9423 9426 9429 9432 9435 9438 9441 9444 9447 
9450 9453 9456 9459 9462 9465 9468 9471 9474 
9477 9480 9483 9486 9489 9492 9495 9498 9501 
9504 9507 9510 9513 9516 9519 9522 9525 9528 
9531 9534 9537 9540 9543 9546 9549 9552 9555 
9558 9561 9564 9567 9570 9573 9576 9579 9582 
9585 9588 9591 9594 9597 9600 9603 9606 9609 
9612 9615 9618 9621 9624 9627 9630 9633 9636 
9639 9642 9645 9648 9651 9654 9657 9660 9663 
9666 9669 9672 9675 9678 9681 9684 9687 9690 
9693 9696 9699 9702 9705 9708 9711 9714 9717 
9720 9723 9726 9729 9732 9735 9738 9741 9744 
9747 9750 9753 9756 9759 9762 9765 9768 9771 
9774 9777 9780 9783 9786 9789 9792 9795 9798 
9801 9804 9807 9810 9813 9816 9819 9822 9825 
9828 9831 9834 9837 9840 9843 9846 9849 9852 
9855 9858 9861 9864 9867 9870 9873 9876 9879 
9882 9885 9888 9891 9894 9897 9900 9903 9906 
9909 9912 9915 9918 9921 9924 9927 9930 9933 
9936 9939 9942 9945 9948 9951 9954 9957 9960 
9963 9966 9969 9972 9975 9978 9981 9984 9987 
9990 9993 9996 9999 10002 10005 10008 10011 10014 
10017 10020 10023 10026 10029 10032 10035 10038 10041 
10044 10047 10050 10053 10056 10059 10062 10065 10068 
10071 10074 10077 10080 10083 10086 10089 10092 10095 
10098 10101 10104 10107 10110 10113 10116 10119 10122 
10125 10128 10131 10134 10137 10140 10143 10146 10149 
10152 10155 10158 10161 10164 10167 10170 10173 10176 
10179 10182 10185 10188 10191 10194 10197 10200 10203 
10206 10209 10212 10215 10218 10221 10224 10227 10230 
10233 10236 10239 10242 10245 10248 10251 10254 10257 
10260 10263 10266 10269 10272 10275 10278 10281 10284 
10287 10290 10293 10296 10299 10302 10305 10308 10311 
10314 10317 10320 10323 10326 10329 10332 10335 10338 
10341 10344 10347 10350 10353 10356 10359 10362 10365 
10368 10371 10374 10377 10380 10383 10386 10389 10392 
10395 10398 10401 10404 10407 10410 10413 10416 10419 
10422 10425 10428 10431 10434 10437 10440 10443 10446 
10449 10452 10455 10458 10461 10464 10467 10470 10473 
10476 10479 10482 10485 10488 10491 10494 10497 10500 
10503 10506 10509 10512 10515 10518 10521 10524 10527 
10530 10533 10536 10539 10542 10545 10548 10551 10554 
10557 10560 10563 10566 10569 10572 10575 10578 10581 
10584 10587 10590 10593 10596 10599 10602 10605 10608 
10611 10614 10617 10620 10623 10626 10629 10632 10635 
10638 10641 10644 10647 10650 10653 10656 10659 10662 
10665 10668 10671 10674 10677 10680 10683 10686 10689 
10692 10695 10698 10701 10704 10707 10710 10713 10716 
10719 10722 10725 10728 10731 10734 10737 10740 10743 
10746 10749 10752 10755 10758 10761 10764 10767 10770 
10773 10776 10779 10782 10785 10788 10791 10794 10797 
10800 10803 10806 10809 10812 10815 10818 10821 10824 
10827 10830 10833 10836 10839 10842 10845 10848 10851 
10854 10857 10860 10863 10866 10869 10872 10875 10878 
10881 10884 10887 10890 10893 10896 10899 10902 10905 
10908 10911 10914 10917 10920 10923 10926 10929 10932 
10935 10938 10941 10944 10947 10950 10953 10956 10959 
10962 10965 10968 10971 10974 10977 10980 10983 10986 
10989 10992 10995 10998 11001 11004 11007 11010 11013 
11016 11019 11022 11025 11028 11031 11034 11037 11040 
11043 11046 11049 11052 11055 11058 11061 11064 11067 
11070 11073 11076 11079 11082 11085 11088 11091 11094 
11097 11100 11103 11106 11109 11112 11115 11118 11121 
11124 11127 11130 11133 11136 11139 11142 11145 11148 
11151 11154 11157 11160 11163 11166 11169 11172 11175 
11178 11181 11184 11187 11190 11193 11196 11199 11202 
11205 11208 11211 11214 11217 11220 11223 11226 11229 
11232 11235 11238 11241 11244 11247 11250 11253 11256 
11259 11262 11265 11268 11271 11274 11277 11280 11283 
11286 11289 11292 11295 11298 11301 11304 11307 11310 
11313 11316 11319 11322 11325 11328 11331 11334 11337 
11340 11343 11346 11349 11352 11355 11358 11361 11364 
11367 11370 11373 11376 11379 11382 11385 11388 11391 
11394 11397 11400 11403 11406 11409 11412 11415 11418 
11421 11424 11427 11430 11433 11436 11439 11442 11445 
11448 11451 11454 11457 11460 11463 11466 11469 11472 
11475 11478 11481 11484 11487 11490 11493 11496 11499 
11502 11505 11508 11511 11514 11517 11520 11523 11526 
11529 11532 11535 11538 11541 11544 11547 11550 11553 
11556 11559 11562 11565 11568 11571 11574 11577 11580 
11583 11586 11589 11592 11595 11598 11601 11604 11607 
11610 11613 11616 11619 11622 11625 11628 11631 11634 
11637 11640 11643 11646 11649 11652 11655 11658 11661 
11664 11667 11670 11673 11676 11679 11682 11685 11688 
11691 11694 11697 11700 11703 11706 11709 11712 11715 
11718 11721 11724 11727 11730 11733 11736 11739 11742 
11745 11748 11751 11754 11757 11760 11763 11766 11769 
11772 11775 11778 11781 11784 11787 11790 11793 11796 
11799 11802 11805 11808 11811 11814 11817 11820 11823 
11826 11829 11832 11835 11838 11841 11844 11847 11850 
11853 11856 11859 11862 11865 11868 11871 11874 11877 
11880 11883 11886 11889 11892 11895 11898 11901 11904 
11907 11910 11913 11916 11919 11922 11925 11928 11931 
11934 11937 11940 11943 11946 11949 11952 11955 11958 
11961 11964 11967 11970 11973 11976 11979 11982 11985 
11988 11991 11994 11997 12000 12003 12006 12009 12012 
12015 12018 12021 12024 12027 12030 12033 12036 12039 
12042 12045 12048 12051 12054 12057 12060 12063 12066 
12069 12072 12075 12078 12081 12084 12087 12090 12093 
12096 12099 12102 12105 12108 12111 12114 12117 12120 
12123 12126 12129 12132 12135 12138 12141 12144 12147 
12150 12153 12156 12159 12162 12165 12168 12171 12174 
12177 12180 12183 12186 12189 12192 12195 12198 12201 
12204 12207 12210 12213 12216 12219 12222 12225 12228 
12231 12234 12237 12240 12243 12246 12249 12252 12255 
12258 12261 12264 12267 12270 12273 12276 12279 12282 
12285 12288 12291 12294 12297 12300 12303 12306 12309 
12312 12315 12318 12321 12324 12327 12330 12333 12336 
12339 12342 12345 12348 12351 12354 12357 12360 12363 
12366 12369 12372 12375 12378 12381 12384 12387 12390 
12393 12396 12399 12402 12405 12408 12411 12414 12417 
12420 12423 12426 12429 12432 12435 12438 12441 12444 
12447 12450 12453 12456 12459 12462 12465 12468 12471 
12474 12477 12480 12483 12486 12489 12492 12495 12498 
12501 12504 12507 12510 12513 12516 12519 12522 12525 
12528 12531 12534 12537 12540 12543 12546 12549 12552 
12555 12558 12561 12564 12567 12570 12573 12576 12579 
12582 12585 12588 12591 12594 12597 12600 12603 12606 
12609 12612 12615 12618 12621 12624 12627 12630 12633 
12636 12639 12642 12645 12648 12651 12654 12657 12660 
12663 12666 12669 12672 12675 12678 12681 12684 12687 
12690 12693 12696 12699 12702 12705 12708 12711 12714 
12717 12720 12723 12726 12729 12732 12735 12738 12741 
12744 12747 12750 12753 12756 12759 12762 12765 12768 
12771 12774 12777 12780 12783 12786 12789 12792 12795 
12798 12801 12804 12807 12810 12813 12816 12819 12822 
12825 12828 12831 12834 12837 12840 12843 12846 12849 
12852 12855 12858 12861 12864 12867 12870 12873 12876 
12879 12882 12885 12888 12891 12894 12897 12900 12903 
12906 12909 12912 12915 12918 12921 12924 12927 12930 
12933 12936 12939 12942 12945 12948 12951 12954 12957 
12960 12963 12966 12969 12972 12975 12978 12981 12984 
12987 12990 12993 12996 12999 13002 13005 13008 13011 
13014 13017 13020 13023 13026 13029 13032 13035 13038 
13041 13044 13047 13050 13053 13056 13059 13062 13065 
13068 13071 13074 13077 13080 13083 13086 13089 13092 
13095 13098 13101 13104 13107 13110 13113 13116 13119 
13122 13125 13128 13131 13134 13137 13140 13143 13146 
13149 13152 13155 13158 13161 13164 13167 13170 13173 
13176 13179 13182 13185 13188 13191 13194 13197 13200 
13203 13206 13209 13212 13215 13218 13221 13224 13227 
13230 13233 13236 13239 13242 13245 13248 13251 13254 
13257 13260 13263 13266 13269 13272 13275 13278 13281 
13284 13287 13290 13293 13296 13299 13302 13305 13308 
13311 13314 13317 13320 13323 13326 13329 13332 13335 
13338 13341 13344 13347 13350 13353 13356 13359 13362 
13365 13368 13371 13374 13377 13380 13383 13386 13389 
13392 13395 13398 13401 13404 13407 13410 13413 13416 
13419 13422 13425 13428 13431 13434 13437 13440 13443 
13446 13449 13452 13455 13458 13461 13464 13467 13470 
13473 13476 13479 13482 13485 13488 13491 13494 13497 
13500 13503 13506 13509 13512 13515 13518 13521 13524 
13527 13530 13533 13536 13539 13542 13545 13548 13551 
13554 13557 13560 13563 13566 13569 13572 13575 13578 
13581 13584 13587 13590 13593 13596 13599 13602 13605 
13608 13611 13614 13617 13620 13623 13626 13629 13632 
13635 13638 13641 13644 13647 13650 13653 13656 13659 
13662 13665 13668 13671 13674 13677 13680 13683 13686 
13689 13692 13695 13698 13701 13704 13707 13710 13713 
13716 13719 13722 13725 13728 13731 13734 13737 13740 
13743 13746 13749 13752 13755 13758 13761 13764 13767 
13770 13773 13776 13779 13782 13785 13788 13791 13794 
13797 13800 13803 13806 13809 13812 13815 13818 13821 
13824 13827 13830 13833 13836 13839 13842 13845 13848 
13851 13854 13857 13860 13863 13866 13869 13872 13875 
13878 13881 13884 13887 13890 13893 13896 13899 13902 
13905 13908 13911 13914 13917 13920 13923 13926 13929 
13932 13935 13938 13941 13944 13947 13950 13953 13956 
13959 13962 13965 13968 13971 13974 13977 13980 13983 
13986 13989 13992 13995 13998 14001 14004 14007 14010 
14013 14016 14019 14022 14025 14028 14031 14034 14037 
14040 14043 14046 14049 14052 14055 14058 14061 14064 
14067 14070 14073 14076 14079 14082 14085 14088 14091 
14094 14097 14100 14103 14106 14109 14112 14115 14118 
14121 14124 14127 14130 14133 14136 14139 14142 14145 
14148 14151 14154 14157 14160 14163 14166 14169 14172 
14175 14178 14181 14184 14187 14190 14193 14196 14199 
14202 14205 14208 14211 14214 14217 14220 14223 14226 
14229 14232 14235 14238 14241 14244 14247 14250 14253 
14256 14259 14262 14265 14268 14271 14274 14277 14280 
14283 14286 14289 14292 14295 14298 14301 14304 14307 
14310 14313 14316 14319 14322 14325 14328 14331 14334 
14337 14340 14343 14346 14349 14352 14355 14358 14361 
14364 14367 14370 14373 14376 14379 14382 14385 14388 
14391 14394 14397 14400 14403 14406 14409 14412 14415 
14418 14421 14424 14427 14430 14433 14436 14439 14442 
14445 14448 14451 14454 14457 14460 14463 14466 14469 
14472 14475 14478 14481 14484 14487 14490 14493 14496 
14499 14502 14505 14508 14511 14514 14517 14520 14523 
14526 14529 14532 14535 14538 14541 14544 14547 14550 
14553 14556 14559 14562 14565 14568 14571 14574 14577 
14580 14583 14586 14589 14592 14595 14598 14601 14604 
14607 14610 14613 14616 14619 14622 14625 14628 14631 
14634 14637 14640 14643 14646 14649 14652 14655 14658 
14661 14664 14667 14670 14673 14676 14679 14682 14685 
14688 14691 14694 14697 14700 14703 14706 14709 14712 
14715 14718 14721 14724 14727 14730 14733 14736 14739 
14742 14745 14748 14751 14754 14757 14760 14763 14766 
14769 14772 14775 14778 14781 14784 14787 14790 14793 
14796 14799 14802 14805 14808 14811 14814 14817 14820 
14823 14826 14829 14832 14835 14838 14841 14844 14847 
14850 14853 14856 14859 14862 14865 14868 14871 14874 
14877 14880 14883 14886 14889 14892 14895 14898 14901 
14904 14907 14910 14913 14916 14919 14922 14925 14928 
14931 14934 14937 14940 14943 14946 14949 14952 14955 
14958 14961 14964 14967 14970 14973 14976 14979 14982 
14985 14988 14991 14994 14997 15000 15003 15006 15009 
15012 15015 15018 15021 15024 15027 15030 15033 15036 
15039 15042 15045 15048 15051 15054 15057 15060 15063 
15066 15069 15072 15075 15078 15081 15084 15087 15090 
15093 15096 15099 15102 15105 15108 15111 15114 15117 
15120 15123 15126 15129 15132 15135 15138 15141 15144 
15147 15150 15153 15156 15159 15162 15165 15168 15171 
15174 15177 15180 15183 15186 15189 15192 15195 15198 
15201 15204 15207 15210 15213 15216 15219 15222 15225 
15228 15231 15234 15237 15240 15243 15246 15249 15252 
15255 15258 15261 15264 15267 15270 15273 15276 15279 
15282 15285 15288 15291 15294 15297 15300 15303 15306 
15309 15312 15315 15318 15321 15324 15327 15330 15333 
15336 15339 15342 15345 15348 15351 15354 15357 15360 
15363 15366 15369 15372 15375 15378 15381 15384 15387 
15390 15393 15396 15399 15402 15405 15408 15411 15414 
15417 15420 15423 15426 15429 15432 15435 15438 15441 
15444 15447 15450 15453 15456 15459 15462 15465 15468 
15471 15474 15477 15480 15483 15486 15489 15492 15495 
15498 15501 15504 15507 15510 15513 15516 15519 15522 
15525 15528 15531 15534 15537 15540 15543 15546 15549 
15552 15555 15558 15561 15564 15567 15570 15573 15576 
15579 15582 15585 15588 15591 15594 15597 15600 15603 
15606 15609 15612 15615 15618 15621 15624 15627 15630 
15633 15636 15639 15642 15645 15648 15651 15654 15657 
15660 15663 15666 15669 15672 15675 15678 15681 15684 
15687 15690 15693 15696 15699 15702 15705 15708 15711 
15714 15717 15720 15723 15726 15729 15732 15735 15738 
15741 15744 15747 15750 15753 15756 15759 15762 15765 
15768 15771 15774 15777 15780 15783 15786 15789 15792 
15795 15798 15801 15804 15807 15810 15813 15816 15819 
15822 15825 15828 15831 15834 15837 15840 15843 15846 
15849 15852 15855 15858 15861 15864 15867 15870 15873 
15876 15879 15882 15885 15888 15891 15894 15897 15900 
15903 15906 15909 15912 15915 15918 15921 15924 15927 
15930 15933 15936 15939 15942 15945 15948 15951 15954 
15957 15960 15963 15966 15969 15972 15975 15978 15981 
15984 15987 15990 15993 15996 15999 16002 16005 16008 
16011 16014 16017 16020 16023 16026 16029 16032 16035 
16038 16041 16044 16047 16050 16053 16056 16059 16062 
16065 16068 16071 16074 16077 16080 16083 16086 16089 
16092 16095 16098 16101 16104 16107 16110 16113 16116 
16119 16122 16125 16128 16131 16134 16137 16140 16143 
16146 16149 16152 16155 16158 16161 16164 16167 16170 
16173 16176 16179 16182 16185 16188 16191 16194 16197 
16200 16203 16206 16209 16212 16215 16218 16221 16224 
16227 16230 16233 16236 16239 16242 16245 16248 16251 
16254 16257 16260 16263 16266 16269 16272 16275 16278 
16281 16284 16287 16290 16293 16296 16299 16302 16305 
16308 16311 16314 16317 16320 16323 16326 16329 16332 
16335 16338 16341 16344 16347 16350 16353 16356 16359 
16362 16365 16368 16371 16374 16377 16380 16383 16386 
16389 16392 16395 16398 16401 16404 16407 16410 16413 
16416 16419 16422 16425 16428 16431 16434 16437 16440 
16443 16446 16449 16452 16455 16458 16461 16464 16467 
16470 16473 16476 16479 16482 16485 16488 16491 16494 
16497 16500 16503 16506 16509 16512 16515 16518 16521 
16524 16527 16530 16533 16536 16539 16542 16545 16548 
16551 16554 16557 16560 16563 16566 16569 16572 16575 
16578 16581 16584 16587 16590 16593 16596 16599 16602 
16605 16608 16611 16614 16617 16620 16623 16626 16629 
16632 16635 16638 16641 16644 16647 16650 16653 16656 
16659 16662 16665 16668 16671 16674 16677 16680 16683 
16686 16689 16692 16695 16698 16701 16704 16707 16710 
16713 16716 16719 16722 16725 16728 16731 16734 16737 
16740 16743 16746 16749 16752 16755 16758 16761 16764 
16767 16770 16773 16776 16779 16782 16785 16788 16791 
16794 16797 16800 16803 16806 16809 16812 16815 16818 
16821 16824 16827 16830 16833 16836 16839 16842 16845 
16848 16851 16854 16857 16860 16863 16866 16869 16872 
16875 16878 16881 16884 16887 16890 16893 16896 16899 
16902 16905 16908 16911 16914 16917 16920 16923 16926 
16929 16932 16935 16938 16941 16944 16947 16950 16953 
16956 16959 16962 16965 16968 16971 16974 16977 16980 
16983 16986 16989 16992 16995 16998 17001 17004 17007 
17010 17013 17016 17019 17022 17025 17028 17031 17034 
17037 17040 17043 17046 17049 17052 17055 17058 17061 
17064 17067 17070 17073 17076 17079 17082 17085 17088 
17091 17094 17097 17100 17103 17106 17109 17112 17115 
17118 17121 17124 17127 17130 17133 17136 17139 17142 
17145 17148 17151 17154 17157 17160 17163 17166 17169 
17172 17175 17178 17181 17184 17187 17190 17193 17196 
17199 17202 17205 17208 17211 17214 17217 17220 17223 
17226 17229 17232 17235 17238 17241 17244 17247 17250 
17253 17256 17259 17262 17265 17268 17271 17274 17277 
17280 17283 17286 17289 17292 17295 17298 17301 17304 
17307 17310 17313 17316 17319 17322 17325 17328 17331 
17334 17337 17340 17343 17346 17349 17352 17355 17358 
17361 17364 17367 17370 17373 17376 17379 17382 17385 
17388 17391 17394 17397 17400 17403 17406 17409 17412 
17415 17418 17421 17424 17427 17430 17433 17436 17439 
17442 17445 17448 17451 17454 17457 17460 17463 17466 
17469 17472 17475 17478 17481 17484 17487 17490 17493 
17496 17499 17502 17505 17508 17511 17514 17517 17520 
17523 17526 17529 17532 17535 17538 17541 17544 17547 
17550 17553 17556 17559 17562 17565 17568 17571 17574 
17577 17580 17583 17586 17589 17592 17595 17598 17601 
17604 17607 17610 17613 17616 17619 17622 17625 17628 
17631 17634 17637 17640 17643 17646 17649 17652 17655 
17658 17661 17664 17667 17670 17673 17676 17679 17682 
17685 17688 17691 17694 17697 17700 17703 17706 17709 
17712 17715 17718 17721 17724 17727 17730 17733 17736 
17739 17742 17745 17748 17751 17754 17757 17760 17763 
17766 17769 17772 17775 17778 17781 17784 17787 17790 
17793 17796 17799 17802 17805 17808 17811 17814 17817 
17820 17823 17826 17829 17832 17835 17838 17841 17844 
17847 17850 17853 17856 17859 17862 17865 17868 17871 
17874 17877 17880 17883 17886 17889 17892 17895 17898 
17901 17904 17907 17910 17913 17916 17919 17922 17925 
17928 17931 17934 17937 17940 17943 17946 17949 17952 
17955 17958 17961 17964 17967 17970 17973 17976 17979 
17982 17985 17988 17991 17994 17997 18000 18003 18006 
18009 18012 18015 18018 18021 18024 18027 18030 18033 
18036 18039 18042 18045 18048 18051 18054 18057 18060 
18063 18066 18069 18072 18075 18078 18081 18084 18087 
18090 18093 18096 18099 18102 18105 18108 18111 18114 
18117 18120 18123 18126 18129 18132 18135 18138 18141 
18144 18147 18150 18153 18156 18159 18162 18165 18168 
18171 18174 18177 18180 18183 18186 18189 18192 18195 
18198 18201 18204 18207 18210 18213 18216 18219 18222 
18225 18228 18231 18234 18237 18240 18243 18246 18249 
18252 18255 18258 18261 18264 18267 18270 18273 18276 
18279 18282 18285 18288 18291 18294 18297 18300 18303 
18306 18309 18312 18315 18318 18321 18324 18327 18330 
18333 18336 18339 18342 18345 18348 18351 18354 18357 
18360 18363 18366 18369 18372 18375 18378 18381 18384 
18387 18390 18393 18396 18399 18402 18405 18408 18411 
18414 18417 18420 18423 18426 18429 18432 18435 18438 
18441 18444 18447 18450 18453 18456 18459 18462 18465 
18468 18471 18474 18477 18480 18483 18486 18489 18492 
18495 18498 18501 18504 18507 18510 18513 18516 18519 
18522 18525 18528 18531 18534 18537 18540 18543 18546 
18549 18552 18555 18558 18561 18564 18567 18570 18573 
18576 18579 18582 18585 18588 18591 18594 18597 18600 
18603 18606 18609 18612 18615 18618 18621 18624 18627 
18630 18633 18636 18639 18642 18645 18648 18651 18654 
18657 18660 18663 18666 18669 18672 18675 18678 18681 
18684 18687 18690 18693 18696 18699 18702 18705 18708 
18711 18714 18717 18720 18723 18726 18729 18732 18735 
18738 18741 18744 18747 18750 18753 18756 18759 18762 
18765 18768 18771 18774 18777 18780 18783 18786 18789 
18792 18795 18798 18801 18804 18807 18810 18813 18816 
18819 18822 18825 18828 18831 18834 18837 18840 18843 
18846 18849 18852 18855 18858 18861 18864 18867 18870 
18873 18876 18879 18882 18885 18888 18891 18894 18897 
18900 18903 18906 18909 18912 18915 18918 18921 18924 
18927 18930 18933 18936 18939 18942 18945 18948 18951 
18954 18957 18960 18963 18966 18969 18972 18975 18978 
18981 18984 18987 18990 18993 18996 18999 19002 19005 
19008 19011 19014 19017 19020 19023 19026 19029 19032 
19035 19038 19041 19044 19047 19050 19053 19056 19059 
19062 19065 19068 19071 19074 19077 19080 19083 19086 
19089 19092 19095 19098 19101 19104 19107 19110 19113 
19116 19119 19122 19125 19128 19131 19134 19137 19140 
19143 19146 19149 19152 19155 19158 19161 19164 19167 
19170 19173 19176 19179 19182 19185 19188 19191 19194 
19197 19200 19203 19206 19209 19212 19215 19218 19221 
19224 19227 19230 19233 19236 19239 19242 19245 19248 
19251 19254 19257 19260 19263 19266 19269 19272 19275 
19278 19281 19284 19287 19290 19293 19296 19299 19302 
19305 19308 19311 19314 19317 19320 19323 19326 19329 
19332 19335 19338 19341 19344 19347 19350 19353 19356 
19359 19362 19365 19368 19371 19374 19377 19380 19383 
19386 19389 19392 19395 19398 19401 19404 19407 19410 
19413 19416 19419 19422 19425 19428 19431 19434 19437 
19440 19443 19446 19449 19452 19455 19458 19461 19464 
19467 19470 19473 19476 19479 19482 19485 19488 19491 
19494 19497 19500 19503 19506 19509 19512 19515 19518 
19521 19524 19527 19530 19533 19536 19539 19542 19545 
19548 19551 19554 19557 19560 19563 19566 19569 19572 
19575 19578 19581 19584 19587 19590 19593 19596 19599 
19602 19605 19608 19611 19614 19617 19620 19623 19626 
19629 19632 19635 19638 19641 19644 19647 19650 19653 
19656 19659 19662 19665 19668 19671 19674 19677 19680 
19683 19686 19689 19692 19695 19698 19701 19704 19707 
19710 19713 19716 19719 19722 19725 19728 19731 19734 
19737 19740 19743 19746 19749 19752 19755 19758 19761 
19764 19767 19770 19773 19776 19779 19782 19785 19788 
19791 19794 19797 19800 19803 19806 19809 19812 19815 
19818 19821 19824 19827 19830 19833 19836 19839 19842 
19845 19848 19851 19854 19857 19860 19863 19866 19869 
19872 19875 19878 19881 19884 19887 19890 19893 19896 
19899 19902 19905 19908 19911 19914 19917 19920 19923 
19926 19929 19932 19935 19938 19941 19944 19947 19950 
19953 19956 19959 19962 19965 19968 19971 19974 19977 
19980 19983 19986 19989 19992 19995 19998 20001 20004 
20007 20010 20013 20016 20019 20022 20025 20028 20031 
20034 20037 20040 20043 20046 20049 20052 20055 20058 
20061 20064 20067 20070 20073 20076 20079 20082 20085 
20088 20091 20094 20097 20100 20103 20106 20109 20112 
20115 20118 20121 20124 20127 20130 20133 20136 20139 
20142 20145 20148 20151 20154 20157 20160 20163 20166 
20169 20172 20175 20178 20181 20184 20187 20190 20193 
20196 20199 20202 20205 20208 20211 20214 20217 20220 
20223 20226 20229 20232 20235 20238 20241 20244 20247 
20250 20253 20256 20259 20262 20265 20268 20271 20274 
20277 20280 20283 20286 20289 20292 20295 20298 20301 
20304 20307 20310 20313 20316 20319 20322 20325 20328 
20331 20334 20337 20340 20343 20346 20349 20352 20355 
20358 20361 20364 20367 20370 20373 20376 
CONNECTIVITY vtktypeint64
0 1 2 0 3 4 1 0 4 
4 3 5 6 0 2 7 6 2 
3 0 8 8 0 6 9 5 3 
9 3 10 10 3 8 9 10 11 
6 7 12 8 6 12 13 8 12 
10 8 13 14 10 13 11 10 14 
15 16 17 15 18 19 16 15 19 
18 20 21 19 18 21 20 22 23 
21 20 23 22 24 25 23 22 25 
24 26 27 25 24 27 26 28 29 
27 26 29 28 30 31 29 28 31 
30 32 33 31 30 33 33 32 34 
15 17 35 18 15 35 36 18 35 
20 18 36 37 20 36 22 20 37 
38 22 37 24 22 38 39 24 38 
39 40 41 39 41 24 24 41 26 
28 26 42 42 26 41 30 28 43 
43 28 42 32 30 44 44 30 43 
45 34 32 45 32 46 46 32 44 
45 46 47 41 40 48 42 41 48 
49 42 48 49 50 51 49 51 42 
42 51 43 44 43 52 52 43 51 
46 44 53 53 44 52 54 47 46 
54 46 55 55 46 53 54 55 56 
51 50 57 52 51 57 58 52 57 
53 52 58 59 53 58 55 53 59 
60 55 59 56 55 60 61 62 63 
61 64 65 62 61 65 65 64 66 
67 68 69 63 68 67 63 67 61 
61 67 70 64 61 71 71 61 70 
72 66 64 72 64 73 73 64 71 
73 74 75 72 73 75 74 76 77 
75 74 77 76 78 79 77 76 79 
79 78 80 67 69 81 81 82 83 
81 83 67 67 83 70 1 83 2 
1 71 83 71 70 83 4 71 1 
73 71 4 5 73 4 5 84 73 
84 74 73 76 74 85 85 74 84 
78 76 86 86 76 85 87 80 78 
87 78 88 88 78 86 88 89 90 
87 88 90 89 91 92 90 89 92 
91 93 94 92 91 94 93 95 96 
94 93 96 96 95 97 83 82 98 
98 2 83 98 99 2 99 7 2 
5 9 84 11 84 9 11 100 84 
100 85 84 86 85 101 101 85 100 
88 86 102 102 86 101 89 88 103 
103 88 102 91 89 104 104 89 103 
93 91 105 105 91 104 95 93 106 
106 93 105 107 97 95 107 95 108 
108 95 106 108 109 110 107 108 110 
109 111 112 110 109 112 112 111 113 
7 99 114 12 7 114 13 12 115 
12 114 115 116 115 117 116 14 115 
14 13 115 14 100 11 14 116 100 
116 118 100 16 118 17 16 101 118 
101 100 118 19 101 16 102 101 19 
21 102 19 103 102 21 23 103 21 
104 103 23 25 104 23 105 104 25 
27 105 25 106 105 27 29 106 27 
108 106 29 31 108 29 109 108 31 
33 109 31 111 109 33 34 119 120 
33 34 120 33 120 113 33 113 111 
119 121 122 120 119 122 121 123 124 
122 121 124 124 123 125 116 117 126 
118 116 126 127 118 126 17 118 127 
17 127 35 35 127 128 36 35 129 
35 128 129 37 36 130 36 129 130 
38 37 131 37 130 131 39 38 132 
38 131 132 132 40 39 133 40 132 
34 45 119 47 119 45 47 134 119 
134 121 119 123 121 135 135 121 134 
136 125 123 135 136 123 40 133 137 
48 40 137 49 48 138 48 137 138 
50 139 140 50 49 139 49 138 139 
139 141 140 47 54 134 56 134 54 
56 142 134 142 135 134 143 136 135 
142 143 135 50 140 57 140 141 144 
140 144 57 57 144 58 59 58 145 
58 144 145 60 59 146 59 145 146 
142 56 60 142 60 147 147 60 146 
143 142 147 148 149 150 148 151 152 
149 148 152 152 151 153 154 155 156 
150 155 154 148 150 154 148 154 63 
148 63 62 65 148 62 151 148 65 
66 157 158 65 66 158 65 158 153 
65 153 151 157 159 160 158 157 160 
159 161 162 160 159 162 161 163 164 
162 161 164 164 163 165 68 154 156 
68 156 69 69 156 166 63 154 68 
66 72 157 75 157 72 159 157 75 
77 159 75 161 159 77 79 161 77 
163 161 79 80 167 168 79 80 168 
79 168 165 79 165 163 167 169 170 
168 167 170 169 171 172 170 169 172 
171 173 174 172 171 174 173 175 176 
174 173 176 176 175 177 178 81 69 
178 69 179 179 69 166 81 178 82 
80 87 167 90 167 87 169 167 90 
92 169 90 171 169 92 94 171 92 
173 171 94 96 173 94 175 173 96 
97 180 181 96 97 181 96 181 177 
96 177 175 180 182 183 181 180 183 
182 184 185 183 182 185 184 186 187 
185 184 187 186 188 189 187 186 189 
189 188 190 178 179 191 192 191 193 
98 191 192 98 178 191 98 82 178 
98 192 99 97 107 180 110 180 107 
182 180 110 112 182 110 184 182 112 
113 184 112 113 194 184 194 186 184 
188 186 195 195 186 194 196 190 188 
196 188 197 197 188 195 196 197 198 
192 193 199 99 192 199 99 199 114 
114 199 200 201 200 202 201 115 200 
115 114 200 115 201 117 113 120 194 
122 194 120 195 194 122 124 195 122 
197 195 124 125 203 204 124 125 204 
124 204 198 124 198 197 203 205 206 
204 203 206 206 205 207 201 202 208 
117 201 208 117 208 126 126 208 209 
127 126 210 126 209 210 128 127 211 
127 210 211 129 128 212 128 211 212 
130 129 213 129 212 213 131 130 214 
130 213 214 132 131 215 131 214 215 
133 216 217 133 132 216 132 215 216 
217 218 219 216 218 217 218 220 219 
203 136 221 125 136 203 205 203 222 
222 203 221 223 207 205 222 223 205 
133 217 137 138 137 217 219 138 217 
219 220 224 219 224 138 138 224 139 
141 225 226 141 139 225 139 224 225 
226 227 228 225 227 226 228 229 230 
227 229 228 230 231 232 229 231 230 
221 231 233 221 143 231 221 136 143 
143 232 231 222 221 233 234 222 233 
223 222 234 141 226 144 145 144 226 
228 145 226 146 145 228 230 146 228 
147 146 230 232 147 230 143 147 232 
235 236 237 235 238 239 236 235 239 
239 238 240 149 235 237 149 237 150 
150 237 241 152 235 149 238 235 152 
153 242 243 152 153 243 152 243 240 
152 240 238 242 244 245 243 242 245 
245 244 246 155 247 156 155 248 247 
155 150 248 150 241 248 153 158 242 
160 242 158 244 242 160 244 249 246 
244 160 249 160 162 249 164 250 162 
162 250 249 165 251 252 165 252 164 
164 252 250 251 253 254 252 251 254 
253 255 256 254 253 256 256 255 257 
247 258 259 247 259 156 156 259 166 
248 258 247 165 168 251 170 251 168 
253 251 170 172 253 170 255 253 172 
255 260 257 255 172 260 172 174 260 
176 261 174 174 261 260 177 262 263 
177 263 176 176 263 261 262 264 265 
263 262 265 264 266 267 265 264 267 
266 268 269 267 266 269 268 270 271 
269 268 271 270 272 273 271 270 273 
272 274 275 273 272 275 275 274 276 
277 278 179 277 179 259 259 179 166 
277 279 278 177 181 262 183 262 181 
264 262 183 185 264 183 266 264 185 
187 266 185 268 266 187 189 268 187 
270 268 189 190 270 189 190 280 270 
280 272 270 274 272 281 281 272 280 
282 276 274 282 274 283 283 274 281 
283 284 285 282 283 285 285 284 286 
179 278 191 278 193 191 278 279 193 
279 287 193 190 196 280 198 280 196 
198 288 280 288 281 280 283 281 289 
289 281 288 284 283 290 290 283 289 
291 286 284 291 284 292 292 284 290 
291 292 293 193 287 294 199 193 294 
200 199 295 199 294 295 202 296 297 
202 200 296 200 295 296 296 298 297 
198 204 288 206 288 204 289 288 206 
207 289 206 207 299 289 299 290 289 
300 301 292 300 292 299 299 292 290 
293 292 301 202 297 208 297 298 302 
297 302 208 208 302 209 210 209 303 
209 302 303 211 210 304 210 303 304 
212 211 305 211 304 305 213 212 306 
212 305 306 214 213 307 213 306 307 
215 214 308 214 307 308 216 215 309 
215 308 309 218 216 310 216 309 310 
220 311 312 220 218 311 218 310 311 
311 313 312 314 315 316 299 316 317 
299 223 316 299 207 223 223 314 316 
300 299 317 220 312 224 312 313 318 
312 318 224 224 318 225 227 225 319 
225 318 319 229 227 320 227 319 320 
231 229 321 229 320 321 233 231 322 
231 321 322 315 314 234 315 234 322 
322 234 233 223 234 314 323 324 325 
324 323 326 327 328 329 325 328 327 
325 327 323 323 327 330 331 326 323 
330 331 323 236 327 329 236 329 237 
237 329 332 239 327 236 330 327 239 
240 333 334 239 240 334 239 334 331 
239 331 330 333 335 336 334 333 336 
336 335 337 237 332 241 332 338 241 
240 243 333 245 333 243 335 333 245 
246 339 340 245 246 340 245 340 337 
245 337 335 339 341 342 340 339 342 
341 343 344 342 341 344 344 343 345 
241 338 248 338 346 248 246 249 339 
250 339 249 341 339 250 252 341 250 
343 341 252 343 347 345 343 252 347 
252 254 347 256 348 254 254 348 347 
257 349 350 257 350 256 256 350 348 
349 351 352 350 349 352 351 353 354 
352 351 354 353 355 356 354 353 356 
356 355 357 358 359 360 358 361 362 
359 358 362 361 363 364 362 361 364 
363 365 366 364 363 366 365 367 368 
366 365 368 368 367 369 258 370 259 
258 371 370 258 248 371 248 346 371 
257 260 349 261 349 260 351 349 261 
263 351 261 353 351 263 265 353 263 
355 353 265 355 372 357 355 265 372 
265 267 372 269 373 267 267 373 372 
360 271 358 360 373 271 373 269 271 
273 358 271 361 358 273 275 361 273 
363 361 275 276 363 275 276 374 363 
374 365 363 367 365 375 375 365 374 
376 369 367 375 376 367 377 378 379 
378 377 380 259 370 277 370 279 277 
370 371 279 371 381 279 276 282 374 
285 374 282 375 374 285 286 382 383 
285 286 383 285 383 376 285 376 375 
379 384 377 383 382 385 380 377 384 
386 387 287 386 287 381 381 287 279 
386 388 387 286 291 382 382 291 293 
382 293 385 385 293 389 287 387 294 
387 388 390 387 390 294 294 390 295 
296 295 391 295 390 391 298 392 393 
298 296 392 296 391 392 393 394 395 
392 394 393 395 396 397 394 396 395 
397 398 399 396 398 397 399 400 401 
398 400 399 401 402 403 400 402 401 
402 404 403 301 405 406 300 405 301 
389 293 301 406 389 301 298 393 302 
303 302 393 395 303 393 304 303 395 
397 304 395 305 304 397 399 305 397 
306 305 399 401 306 399 307 306 401 
403 307 401 403 404 407 403 407 307 
307 407 308 309 308 408 308 407 408 
310 309 409 309 408 409 311 310 410 
310 409 410 313 411 412 313 311 411 
311 410 411 412 413 414 411 413 412 
414 415 416 413 415 414 416 417 418 
415 417 416 418 419 420 417 419 418 
420 316 315 420 419 316 419 421 316 
317 316 422 316 421 422 405 300 317 
422 405 317 313 412 318 319 318 412 
414 319 412 320 319 414 416 320 414 
321 320 416 418 321 416 322 321 418 
420 322 418 315 322 420 324 423 424 
325 324 424 326 425 426 326 426 324 
324 426 423 425 427 428 426 425 428 
428 427 429 328 430 431 329 328 431 
424 328 325 430 328 424 425 331 432 
326 331 425 427 425 433 433 425 432 
434 429 427 433 434 427 329 431 332 
431 435 332 331 334 432 336 432 334 
433 432 336 337 436 437 336 337 437 
336 437 434 336 434 433 436 438 439 
437 436 439 438 440 441 439 438 441 
441 440 442 332 435 338 435 443 338 
337 340 436 342 436 340 438 436 342 
344 438 342 440 438 344 345 444 445 
344 345 445 344 445 442 344 442 440 
444 446 447 445 444 447 446 448 449 
447 446 449 448 450 451 449 448 451 
450 452 453 451 450 453 452 454 455 
453 452 455 455 454 456 457 458 459 
457 460 461 458 457 461 460 462 463 
461 460 463 462 464 465 463 462 465 
464 466 467 465 464 467 467 466 468 
338 443 346 443 469 346 345 347 444 
348 444 347 446 444 348 350 446 348 
448 446 350 352 448 350 450 448 352 
354 450 352 452 450 354 356 452 354 
454 452 356 357 470 471 356 357 471 
356 471 456 356 456 454 470 472 473 
471 470 473 459 473 472 457 459 472 
457 472 360 457 360 359 362 457 359 
460 457 362 364 460 362 462 460 364 
366 462 364 464 462 366 368 464 366 
466 464 368 369 474 475 368 369 475 
368 475 468 368 468 466 475 474 476 
346 469 371 469 477 371 357 372 470 
373 470 372 472 470 373 360 472 373 
474 376 478 369 376 474 379 378 479 
379 479 474 379 474 478 476 474 479 
479 378 380 480 479 380 481 482 381 
481 381 477 477 381 371 481 483 482 
376 383 478 384 478 484 384 379 478 
484 478 485 383 385 478 485 478 385 
480 380 384 484 480 384 381 482 386 
388 486 487 386 486 388 386 483 486 
386 482 483 486 488 487 385 389 485 
485 389 489 388 487 390 487 488 490 
487 490 390 390 490 391 392 391 491 
391 490 491 394 392 492 392 491 492 
396 394 493 394 492 493 398 396 494 
396 493 494 400 398 495 398 494 495 
402 400 496 400 495 496 404 497 498 
404 402 497 402 496 497 497 499 498 
500 501 502 500 406 405 500 502 406 
502 503 406 489 389 406 503 489 406 
404 498 407 498 499 504 498 504 407 
407 504 408 409 408 505 408 504 505 
410 409 506 409 505 506 411 410 507 
410 506 507 413 411 508 411 507 508 
415 413 509 413 508 509 417 415 510 
415 509 510 419 417 511 417 510 511 
421 419 512 419 511 512 501 500 422 
501 422 512 512 422 421 405 422 500 
513 514 515 514 513 516 423 517 424 
518 517 423 518 423 519 519 423 426 
428 520 426 426 520 519 429 521 522 
429 522 428 428 522 520 515 522 521 
515 521 513 513 521 523 524 516 513 
524 513 525 525 513 523 524 525 526 
527 528 529 528 527 530 430 531 431 
430 532 531 424 532 430 424 533 532 
424 517 533 518 533 517 521 434 534 
429 434 521 523 521 535 535 521 534 
525 523 536 536 523 535 537 526 525 
537 525 538 538 525 536 538 539 540 
537 538 540 540 539 541 542 543 544 
529 543 542 529 542 527 527 542 545 
546 530 527 546 527 547 547 527 545 
547 548 549 546 547 549 548 550 551 
549 548 551 551 550 552 531 553 435 
431 531 435 554 531 532 553 531 554 
434 437 534 439 534 437 535 534 439 
441 535 439 536 535 441 442 536 441 
442 555 536 555 538 536 539 538 556 
556 538 555 557 541 539 557 539 558 
558 539 556 558 559 560 557 558 560 
559 561 562 560 559 562 561 563 564 
562 561 564 564 563 565 566 567 568 
566 569 570 567 566 570 544 570 569 
544 569 542 542 569 571 545 542 572 
572 542 571 547 545 573 573 545 572 
574 575 548 574 548 573 573 548 547 
550 548 575 576 550 575 552 550 576 
553 577 443 435 553 443 578 553 554 
577 553 578 442 445 555 447 555 445 
556 555 447 449 556 447 558 556 449 
451 558 449 559 558 451 453 559 451 
561 559 453 455 561 453 563 561 455 
456 579 580 455 456 580 455 580 565 
455 565 563 579 581 582 580 579 582 
568 582 581 566 568 581 566 581 459 
566 459 458 461 566 458 569 566 461 
463 569 461 571 569 463 465 571 463 
572 571 465 467 572 465 573 572 467 
468 583 584 467 468 584 467 584 574 
467 574 573 583 585 586 584 583 586 
586 585 587 577 588 469 443 577 469 
589 577 578 588 577 589 456 471 579 
473 579 471 581 579 473 459 581 473 
468 475 583 476 583 475 476 590 583 
590 585 583 591 587 585 590 591 585 
588 592 477 469 588 477 593 588 589 
592 588 593 476 479 590 590 479 480 
590 480 591 591 480 594 477 592 481 
592 483 481 592 593 483 593 595 483 
484 596 597 485 596 484 594 480 484 
597 594 484 483 595 598 486 483 598 
488 599 600 488 486 599 486 598 599 
600 601 602 599 601 600 601 603 602 
604 605 606 604 606 596 604 596 489 
489 596 485 488 600 490 491 490 600 
602 491 600 602 603 607 602 607 491 
491 607 492 493 492 608 492 607 608 
494 493 609 493 608 609 495 494 610 
494 609 610 496 495 611 495 610 611 
497 496 612 496 611 612 499 613 614 
499 497 613 497 612 613 614 615 616 
613 615 614 615 617 616 618 619 620 
618 502 501 618 620 502 620 621 502 
605 604 503 605 503 621 621 503 502 
489 503 604 499 614 504 505 504 614 
616 505 614 616 617 622 616 622 505 
505 622 506 507 506 623 506 622 623 
508 507 624 507 623 624 509 508 625 
508 624 625 510 509 626 509 625 626 
511 510 627 510 626 627 619 618 512 
619 512 627 627 512 511 501 512 618 
628 629 630 629 628 631 632 633 634 
630 633 632 630 632 628 628 632 635 
636 631 628 636 628 637 637 628 635 
636 637 638 514 639 640 515 514 640 
516 641 632 516 632 639 516 639 514 
639 632 634 635 632 642 642 632 641 
637 635 643 643 635 642 644 638 637 
643 644 637 519 645 518 646 645 519 
646 519 647 647 519 520 522 648 520 
520 648 647 640 522 515 648 522 640 
516 524 641 526 641 524 526 649 641 
649 642 641 643 642 650 650 642 649 
651 644 643 651 643 652 652 643 650 
652 653 654 651 652 654 654 653 655 
656 657 658 656 659 660 657 656 660 
659 661 662 660 659 662 661 529 528 
661 528 662 662 528 663 530 664 665 
530 665 528 528 665 663 664 666 667 
665 664 667 667 666 668 533 669 532 
533 670 669 518 670 533 518 671 670 
518 645 671 646 671 645 526 537 649 
540 649 537 650 649 540 541 650 540 
541 672 650 672 652 650 653 652 673 
673 652 672 674 655 653 674 653 675 
675 653 673 675 676 677 674 675 677 
676 678 679 677 676 679 678 680 681 
679 678 681 658 681 680 658 680 656 
656 680 682 659 656 683 683 656 682 
543 683 544 543 661 683 661 659 683 
529 661 543 530 546 664 549 664 546 
666 664 549 666 684 668 666 549 684 
549 551 684 684 551 552 685 684 552 
669 686 687 669 687 532 532 687 554 
670 686 669 541 557 672 560 672 557 
673 672 560 562 673 560 675 673 562 
564 675 562 676 675 564 565 676 564 
565 688 676 688 678 676 680 678 689 
689 678 688 567 689 568 567 682 689 
682 680 689 570 682 567 683 682 570 
544 683 570 575 574 690 575 691 576 
690 691 575 576 691 692 576 692 552 
552 692 685 554 687 578 687 693 578 
565 580 688 582 688 580 689 688 582 
568 689 582 574 584 690 586 690 584 
691 690 586 691 586 587 691 587 692 
692 587 694 578 693 589 693 695 589 
587 591 694 694 591 696 589 695 593 
695 697 593 591 594 696 696 594 698 
699 700 595 699 595 697 697 595 593 
700 701 702 699 701 700 701 703 702 
597 704 705 596 704 597 698 594 597 
705 698 597 595 700 598 599 598 700 
702 599 700 702 703 706 702 706 599 
599 706 601 603 707 708 603 601 707 
601 706 707 707 709 708 606 710 711 
605 710 606 704 596 606 711 704 606 
603 708 607 708 709 712 708 712 607 
607 712 608 609 608 713 608 712 713 
610 609 714 609 713 714 611 610 715 
610 714 715 612 611 716 611 715 716 
613 612 717 612 716 717 615 613 718 
613 717 718 617 719 720 617 615 719 
615 718 719 720 721 722 719 721 720 
722 723 724 721 723 722 724 725 726 
723 725 724 726 727 728 725 727 726 
728 729 730 727 729 728 730 620 619 
730 729 620 729 731 620 621 620 732 
620 731 732 710 605 621 732 710 621 
617 720 622 623 622 720 722 623 720 
624 623 722 724 624 722 625 624 724 
726 625 724 626 625 726 728 626 726 
627 626 728 730 627 728 619 627 730 
629 733 630 631 733 629 734 735 736 
735 734 737 633 738 739 634 633 739 
733 633 630 733 740 633 740 738 633 
736 636 734 736 740 636 631 636 733 
733 636 740 638 741 742 636 638 742 
636 742 737 636 737 734 742 741 743 
639 744 745 640 639 745 739 639 634 
744 639 739 741 644 746 638 644 741 
747 743 741 747 741 748 748 741 746 
747 748 749 750 751 752 750 753 754 
751 750 754 753 755 756 754 753 756 
755 757 758 756 755 758 758 757 759 
647 760 646 761 760 647 761 647 762 
762 647 648 745 648 640 762 648 745 
644 651 746 654 746 651 748 746 654 
655 763 764 654 655 764 654 764 749 
654 749 748 763 765 766 764 763 766 
765 767 768 766 765 768 767 769 770 
768 767 770 752 770 769 750 752 769 
750 769 658 750 658 657 660 750 657 
753 750 660 662 753 660 755 753 662 
663 755 662 757 755 663 757 771 759 
757 663 771 663 665 771 667 772 665 
665 772 771 668 773 774 668 774 667 
667 774 772 773 775 776 774 773 776 
776 775 777 671 778 670 671 779 778 
646 779 671 646 780 779 646 760 780 
761 780 760 655 674 763 677 763 674 
765 763 677 679 765 677 767 765 679 
681 767 679 769 767 681 658 769 681 
668 684 773 685 773 684 685 781 773 
781 775 773 782 777 775 781 782 775 
686 783 687 686 784 783 670 784 686 
670 785 784 670 778 785 779 785 778 
781 692 786 685 692 781 787 782 781 
786 787 781 783 788 693 687 783 693 
789 783 784 788 783 789 786 790 791 
786 692 790 692 694 790 787 786 791 
788 792 695 693 788 695 793 788 789 
793 794 788 794 792 788 793 795 794 
694 696 790 790 696 796 792 797 697 
695 792 697 794 798 792 798 797 792 
799 794 795 798 794 799 696 698 796 
796 698 800 697 797 699 701 699 797 
798 701 797 703 801 802 701 801 703 
701 799 801 701 798 799 801 803 802 
705 804 805 704 804 705 800 698 705 
805 800 705 703 802 706 802 803 806 
802 806 706 706 806 707 709 807 808 
709 707 807 707 806 807 808 809 810 
807 809 808 810 811 812 809 811 810 
812 813 814 811 813 812 814 815 816 
813 815 814 815 817 816 818 819 820 
818 711 710 818 820 711 820 821 711 
804 704 711 821 804 711 709 808 712 
713 712 808 810 713 808 714 713 810 
812 714 810 715 714 812 814 715 812 
716 715 814 816 716 814 816 817 822 
816 822 716 716 822 717 718 717 823 
717 822 823 719 718 824 718 823 824 
721 719 825 719 824 825 723 721 826 
721 825 826 725 723 827 723 826 827 
727 725 828 725 827 828 729 727 829 
727 828 829 731 729 830 729 829 830 
819 818 732 819 732 830 830 732 731 
710 732 818 735 831 832 736 735 832 
737 833 834 737 834 735 735 834 831 
834 833 835 738 836 739 837 836 738 
837 738 838 838 738 740 832 740 736 
838 740 832 737 742 833 743 839 840 
742 743 840 742 840 835 742 835 833 
840 839 841 744 842 843 745 744 843 
836 744 739 836 844 744 844 842 744 
837 844 836 743 747 839 749 845 846 
747 749 846 747 846 841 747 841 839 
845 847 848 846 845 848 847 849 850 
848 847 850 849 851 852 850 849 852 
851 752 751 851 751 852 852 751 853 
754 854 751 751 854 853 756 855 754 
754 855 854 758 856 756 756 856 855 
759 857 858 759 858 758 758 858 856 
857 859 860 858 857 860 859 861 862 
860 859 862 861 863 864 862 861 864 
864 863 865 762 866 867 761 762 867 
843 762 745 866 762 843 749 764 845 
766 845 764 847 845 766 768 847 766 
849 847 768 770 849 768 851 849 770 
752 851 770 759 771 857 772 857 771 
859 857 772 774 859 772 861 859 774 
776 861 774 863 861 776 863 776 777 
863 777 865 865 777 868 780 869 870 
779 780 870 867 780 761 869 780 867 
777 782 868 868 782 871 785 872 784 
785 873 872 785 779 873 779 870 873 
782 787 871 871 787 874 872 875 789 
784 872 789 876 872 873 875 872 876 
791 877 878 790 877 791 874 787 791 
878 874 791 789 875 793 795 879 880 
793 879 795 793 876 879 793 875 876 
879 881 880 790 796 877 877 796 882 
880 883 799 795 880 799 884 880 881 
883 880 884 796 800 882 882 800 885 
799 883 801 803 886 887 801 886 803 
801 884 886 801 883 884 886 888 887 
805 889 890 804 889 805 885 800 805 
890 885 805 803 887 806 887 888 891 
887 891 806 806 891 807 809 807 892 
807 891 892 811 809 893 809 892 893 
813 811 894 811 893 894 815 813 895 
813 894 895 817 896 897 817 815 896 
815 895 896 897 898 899 896 898 897 
899 900 901 898 900 899 901 902 903 
900 902 901 902 904 903 820 905 906 
819 905 820 821 820 907 820 906 907 
889 804 821 907 889 821 817 897 822 
823 822 897 899 823 897 824 823 899 
901 824 899 825 824 901 903 825 901 
903 904 908 903 908 825 825 908 826 
827 826 909 826 908 909 828 827 910 
827 909 910 829 828 911 828 910 911 
830 829 912 829 911 912 905 819 830 
912 905 830 831 913 914 832 831 914 
834 915 831 831 915 913 835 916 917 
835 917 834 834 917 915 917 916 918 
838 919 920 837 838 920 914 838 832 
919 838 914 835 840 916 841 921 922 
840 841 922 840 922 918 840 918 916 
921 923 924 922 921 924 923 925 926 
924 923 926 925 927 928 926 925 928 
927 929 930 928 927 930 929 931 932 
930 929 932 931 933 934 932 931 934 
933 935 936 934 933 936 936 935 937 
842 938 843 939 938 842 939 842 940 
940 842 844 920 844 837 940 844 920 
841 846 921 848 921 846 923 921 848 
850 923 848 925 923 850 852 925 850 
927 925 852 853 927 852 929 927 853 
854 929 853 931 929 854 855 931 854 
933 931 855 856 933 855 935 933 856 
935 941 937 935 856 941 856 858 941 
860 942 858 858 942 941 862 943 860 
860 943 942 864 944 862 862 944 943 
865 945 946 865 946 864 864 946 944 
946 945 947 866 948 867 866 949 948 
843 949 866 843 950 949 843 938 950 
939 950 938 945 951 952 945 865 951 
865 868 951 947 945 952 869 953 870 
869 954 953 867 954 869 867 955 954 
867 948 955 949 955 948 868 871 951 
951 871 956 953 957 873 870 953 873 
958 953 954 957 953 958 871 874 956 
956 874 959 957 960 876 873 957 876 
961 957 958 960 957 961 878 962 963 
877 962 878 959 874 878 963 959 878 
876 960 879 960 881 879 960 961 881 
961 964 881 877 882 962 962 882 965 
966 967 884 966 884 964 964 884 881 
966 968 967 969 970 971 969 971 965 
969 965 885 885 965 882 884 967 886 
888 972 973 886 972 888 886 968 972 
886 967 968 972 974 973 975 976 977 
970 975 977 969 975 970 969 889 975 
969 890 889 885 890 969 888 973 891 
973 974 978 973 978 891 891 978 892 
893 892 979 892 978 979 894 893 980 
893 979 980 895 894 981 894 980 981 
896 895 982 895 981 982 898 896 983 
896 982 983 900 898 984 898 983 984 
902 900 985 900 984 985 904 986 987 
904 902 986 902 985 986 987 988 989 
986 988 987 989 990 991 988 990 989 
991 992 993 990 992 991 993 994 995 
992 994 993 995 906 905 995 994 906 
994 996 906 976 975 907 976 907 996 
996 907 906 889 907 975 904 987 908 
909 908 987 989 909 987 910 909 989 
991 910 989 911 910 991 993 911 991 
912 911 993 995 912 993 905 912 995 
913 997 998 914 913 998 915 999 913 
913 999 997 917 1000 915 915 1000 999 
918 1001 1002 918 1002 917 917 1002 1000 
1001 1003 1004 1002 1001 1004 1003 1005 1006 
1004 1003 1006 1005 1007 1008 1006 1005 1008 
1008 1007 1009 919 1010 1011 920 919 1011 
998 919 914 1010 919 998 918 922 1001 
924 1001 922 1003 1001 924 926 1003 924 
1005 1003 926 928 1005 926 1007 1005 928 
1007 1012 1009 1007 928 1012 928 930 1012 
932 1013 930 930 1013 1012 934 1014 932 
932 1014 1013 936 1015 934 934 1015 1014 
937 1016 1017 937 1017 936 936 1017 1015 
1016 1018 1019 1017 1016 1019 1018 1020 1021 
1019 1018 1021 1021 1020 1022 940 1023 1024 
939 940 1024 1011 940 920 1023 940 1011 
937 941 1016 942 1016 941 1018 1016 942 
943 1018 942 1020 1018 943 1020 1025 1022 
1020 943 1025 943 944 1025 946 1026 944 
944 1026 1025 1026 946 947 1027 1026 947 
950 1028 1029 949 950 1029 1024 950 939 
1028 950 1024 952 1030 1031 951 1030 952 
1027 947 952 1031 1027 952 955 1032 1033 
954 955 1033 1029 955 949 1032 955 1029 
951 956 1030 1030 956 1034 954 1033 958 
1033 1035 958 956 959 1034 1034 959 1036 
958 1035 961 1035 1037 961 963 1038 1039 
962 1038 963 1036 959 963 1039 1036 963 
1040 1041 964 1040 964 1037 1037 964 961 
1040 1042 1041 962 965 1038 1038 965 1043 
964 1041 966 968 1044 1045 966 1044 968 
966 1042 1044 966 1041 1042 1044 1046 1045 
971 1047 1048 970 1047 971 1043 965 971 
1048 1043 971 968 1045 972 974 1049 1050 
972 1049 974 972 1046 1049 972 1045 1046 
1049 1051 1050 1052 1053 1054 1052 1055 1056 
1054 1055 1052 1055 1057 1056 977 1058 1059 
976 1058 977 1047 970 977 1059 1047 977 
974 1050 978 1050 1051 1060 1050 1060 978 
978 1060 979 980 979 1061 979 1060 1061 
981 980 1062 980 1061 1062 1053 1052 982 
1053 982 1062 1062 982 981 983 982 1052 
1056 983 1052 1056 1057 1063 1056 1063 983 
983 1063 984 985 984 1064 984 1063 1064 
986 985 1065 985 1064 1065 988 986 1066 
986 1065 1066 990 988 1067 988 1066 1067 
992 990 1068 990 1067 1068 994 992 1069 
992 1068 1069 996 994 1070 994 1069 1070 
1058 976 996 1070 1058 996 997 1071 998 
1072 1071 997 1072 997 1073 1073 997 999 
1000 1074 999 999 1074 1073 1002 1075 1000 
1000 1075 1074 1004 1076 1002 1002 1076 1075 
1006 1077 1004 1004 1077 1076 1008 1078 1006 
1006 1078 1077 1009 1079 1080 1009 1080 1008 
1008 1080 1078 1079 1081 1082 1080 1079 1082 
1081 1083 1084 1082 1081 1084 1083 1085 1086 
1084 1083 1086 1086 1085 1087 1010 1088 1011 
1010 1089 1088 998 1089 1010 998 1090 1089 
998 1071 1090 1072 1090 1071 1009 1012 1079 
1013 1079 1012 1081 1079 1013 1014 1081 1013 
1083 1081 1014 1015 1083 1014 1085 1083 1015 
1085 1091 1087 1085 1015 1091 1015 1017 1091 
1019 1092 1017 1017 1092 1091 1021 1093 1019 
1019 1093 1092 1022 1094 1095 1022 1095 1021 
1021 1095 1093 1094 1096 1097 1095 1094 1097 
1097 1096 1098 1023 1099 1024 1023 1100 1099 
1011 1100 1023 1011 1101 1100 1011 1088 1101 
1089 1101 1088 1022 1025 1094 1026 1094 1025 
1096 1094 1026 1096 1026 1027 1096 1027 1098 
1098 1027 1102 1028 1103 1029 1028 1104 1103 
1024 1104 1028 1024 1105 1104 1024 1099 1105 
1100 1105 1099 1031 1030 1106 1031 1106 1107 
1031 1107 1027 1027 1107 1102 1032 1108 1033 
1032 1109 1108 1029 1109 1032 1029 1110 1109 
1029 1103 1110 1104 1110 1103 1106 1111 1112 
1106 1030 1111 1030 1034 1111 1107 1106 1112 
1108 1113 1035 1033 1108 1035 1114 1108 1109 
1113 1108 1114 1034 1036 1111 1111 1036 1115 
1113 1116 1037 1035 1113 1037 1117 1113 1114 
1116 1113 1117 1039 1118 1119 1038 1118 1039 
1115 1036 1039 1119 1115 1039 1037 1116 1040 
1042 1120 1121 1040 1120 1042 1040 1117 1120 
1040 1116 1117 1120 1122 1121 1038 1043 1118 
1118 1043 1123 1042 1121 1044 1046 1124 1125 
1044 1124 1046 1044 1122 1124 1044 1121 1122 
1124 1126 1125 1048 1127 1128 1047 1127 1048 
1123 1043 1048 1128 1123 1048 1046 1125 1049 
1051 1129 1130 1049 1129 1051 1049 1126 1129 
1049 1125 1126 1130 1131 1132 1129 1131 1130 
1132 1133 1134 1131 1133 1132 1134 1054 1053 
1134 1133 1054 1133 1135 1054 1055 1054 1136 
1054 1135 1136 1057 1137 1138 1057 1055 1137 
1055 1136 1137 1138 1139 1140 1137 1139 1138 
1140 1141 1142 1139 1141 1140 1142 1143 1144 
1141 1143 1142 1143 1145 1144 1146 1147 1148 
1146 1059 1058 1146 1148 1059 1148 1149 1059 
1127 1047 1059 1149 1127 1059 1051 1130 1060 
1061 1060 1130 1132 1061 1130 1062 1061 1132 
1134 1062 1132 1053 1062 1134 1057 1138 1063 
1064 1063 1138 1140 1064 1138 1065 1064 1140 
1142 1065 1140 1066 1065 1142 1144 1066 1142 
1144 1145 1150 1144 1150 1066 1066 1150 1067 
1068 1067 1151 1067 1150 1151 1069 1068 1152 
1068 1151 1152 1147 1146 1070 1147 1070 1152 
1152 1070 1069 1058 1070 1146 1073 1153 1072 
1154 1153 1073 1154 1073 1155 1155 1073 1074 
1075 1156 1074 1074 1156 1155 1076 1157 1075 
1075 1157 1156 1077 1158 1076 1076 1158 1157 
1078 1159 1077 1077 1159 1158 1080 1160 1078 
1078 1160 1159 1082 1161 1080 1080 1161 1160 
1084 1162 1082 1082 1162 1161 1086 1163 1084 
1084 1163 1162 1087 1164 1165 1087 1165 1086 
1086 1165 1163 1164 1166 1167 1165 1164 1167 
1166 1168 1169 1167 1166 1169 1169 1168 1170 
1090 1171 1172 1089 1090 1172 1153 1090 1072 
1153 1173 1090 1173 1171 1090 1154 1173 1153 
1087 1091 1164 1092 1164 1091 1166 1164 1092 
1093 1166 1092 1168 1166 1093 1168 1174 1170 
1168 1093 1174 1093 1095 1174 1097 1175 1095 
1095 1175 1174 1098 1176 1177 1098 1177 1097 
1097 1177 1175 1177 1176 1178 1101 1179 1180 
1100 1101 1180 1172 1101 1089 1179 1101 1172 
1176 1102 1181 1098 1102 1176 1182 1178 1176 
1181 1182 1176 1105 1183 1104 1105 1184 1183 
1105 1100 1184 1100 1180 1184 1181 1185 1186 
1181 1102 1185 1102 1107 1185 1182 1181 1186 
1110 1187 1109 1110 1188 1187 1104 1188 1110 
1104 1189 1188 1104 1183 1189 1184 1189 1183 
1112 1190 1191 1111 1190 1112 1185 1107 1112 
1191 1185 1112 1187 1192 1114 1109 1187 1114 
1193 1187 1188 1192 1187 1193 1111 1115 1190 
1190 1115 1194 1192 1195 1117 1114 1192 1117 
1196 1192 1193 1195 1192 1196 1119 1197 1198 
1118 1197 1119 1194 1115 1119 1198 1194 1119 
1117 1195 1120 1122 1199 1200 1120 1199 1122 
1120 1196 1199 1120 1195 1196 1199 1201 1200 
1202 1203 1204 1202 1204 1197 1202 1197 1123 
1123 1197 1118 1122 1200 1124 1126 1205 1206 
1124 1205 1126 1124 1201 1205 1124 1200 1201 
1205 1207 1206 1208 1209 1210 1203 1208 1210 
1202 1208 1203 1202 1127 1208 1202 1128 1127 
1123 1128 1202 1126 1206 1129 1206 1207 1211 
1206 1211 1129 1129 1211 1131 1133 1131 1212 
1131 1211 1212 1135 1133 1213 1133 1212 1213 
1136 1135 1214 1135 1213 1214 1137 1136 1215 
1136 1214 1215 1139 1137 1216 1137 1215 1216 
1141 1139 1217 1139 1216 1217 1143 1141 1218 
1141 1217 1218 1145 1219 1220 1145 1143 1219 
1143 1218 1219 1220 1221 1222 1219 1221 1220 
1222 1223 1224 1221 1223 1222 1224 1148 1147 
1224 1223 1148 1223 1225 1148 1209 1208 1149 
1209 1149 1225 1225 1149 1148 1127 1149 1208 
1145 1220 1150 1151 1150 1220 1222 1151 1220 
1152 1151 1222 1224 1152 1222 1147 1152 1224 
1226 1227 1228 1226 1229 1230 1227 1226 1230 
1229 1231 1232 1230 1229 1232 1231 1233 1234 
1232 1231 1234 1234 1233 1235 1155 1236 1237 
1154 1155 1237 1156 1238 1155 1155 1238 1236 
1157 1239 1156 1156 1239 1238 1158 1240 1157 
1157 1240 1239 1159 1241 1158 1158 1241 1240 
1228 1160 1226 1228 1241 1160 1241 1159 1160 
1161 1226 1160 1229 1226 1161 1162 1229 1161 
1231 1229 1162 1163 1231 1162 1233 1231 1163 
1233 1242 1235 1233 1163 1242 1163 1165 1242 
1167 1243 1165 1165 1243 1242 1169 1244 1167 
1167 1244 1243 1170 1245 1246 1170 1246 1169 
1169 1246 1244 1246 1245 1247 1171 1248 1172 
1249 1248 1171 1249 1171 1250 1250 1171 1173 
1237 1173 1154 1250 1173 1237 1170 1174 1245 
1245 1251 1247 1245 1174 1251 1174 1175 1251 
1177 1252 1175 1175 1252 1251 1252 1177 1178 
1253 1252 1178 1179 1254 1180 1179 1255 1254 
1172 1255 1179 1172 1256 1255 1172 1248 1256 
1249 1256 1248 1178 1182 1253 1253 1182 1257 
1254 1258 1259 1254 1259 1180 1180 1259 1184 
1255 1258 1254 1186 1260 1261 1185 1260 1186 
1257 1182 1186 1261 1257 1186 1189 1262 1188 
1189 1263 1262 1189 1184 1263 1184 1259 1263 
1191 1264 1265 1190 1264 1191 1260 1185 1191 
1265 1260 1191 1262 1266 1193 1188 1262 1193 
1267 1262 1263 1266 1262 1267 1268 1269 1270 
1268 1270 1264 1268 1264 1194 1194 1264 1190 
1266 1271 1196 1193 1266 1196 1272 1266 1267 
1271 1266 1272 1198 1269 1268 1198 1197 1269 
1197 1273 1269 1194 1198 1268 1196 1271 1199 
1201 1274 1275 1199 1274 1201 1199 1272 1274 
1199 1271 1272 1274 1276 1275 1204 1277 1278 
1203 1277 1204 1273 1197 1204 1278 1273 1204 
1201 1275 1205 1207 1279 1280 1205 1279 1207 
1205 1276 1279 1205 1275 1276 1280 1281 1282 
1279 1281 1280 1282 1283 1284 1281 1283 1282 
1284 1285 1286 1283 1285 1284 1286 1287 1288 
1285 1287 1286 1287 1289 1288 1290 1291 1292 
1290 1210 1209 1290 1292 1210 1292 1293 1210 
1277 1203 1210 1293 1277 1210 1207 1280 1211 
1212 1211 1280 1282 1212 1280 1213 1212 1282 
1284 1213 1282 1214 1213 1284 1286 1214 1284 
1215 1214 1286 1288 1215 1286 1288 1289 1294 
1288 1294 1215 1215 1294 1216 1217 1216 1295 
1216 1294 1295 1218 1217 1296 1217 1295 1296 
1219 1218 1297 1218 1296 1297 1221 1219 1298 
1219 1297 1298 1223 1221 1299 1221 1298 1299 
1291 1290 1225 1291 1225 1299 1299 1225 1223 
1209 1225 1290 1300 1301 1302 1300 1228 1227 
1300 1227 1301 1301 1227 1303 1230 1304 1227 
1227 1304 1303 1232 1305 1230 1230 1305 1304 
1234 1306 1232 1232 1306 1305 1235 1307 1308 
1235 1308 1234 1234 1308 1306 1307 1309 1310 
1308 1307 1310 1310 1309 1311 1236 1312 1313 
1237 1236 1313 1238 1314 1236 1236 1314 1312 
1239 1315 1238 1238 1315 1314 1240 1316 1239 
1239 1316 1315 1302 1241 1300 1302 1316 1241 
1316 1240 1241 1228 1300 1241 1235 1242 1307 
1243 1307 1242 1309 1307 1243 1309 1317 1311 
1309 1243 1317 1243 1244 1317 1246 1318 1244 
1244 1318 1317 1247 1319 1320 1247 1320 1246 
1246 1320 1318 1319 1321 1322 1320 1319 1322 
1322 1321 1323 1250 1324 1325 1249 1250 1325 
1313 1250 1237 1324 1250 1313 1247 1251 1319 
1252 1319 1251 1321 1319 1252 1321 1252 1253 
1321 1253 1323 1323 1253 1326 1256 1327 1328 
1255 1256 1328 1325 1256 1249 1327 1256 1325 
1253 1257 1326 1326 1257 1329 1258 1330 1259 
1258 1331 1330 1258 1255 1331 1255 1328 1331 
1261 1332 1333 1260 1332 1261 1329 1257 1261 
1333 1329 1261 1330 1334 1263 1259 1330 1263 
1335 1330 1331 1334 1330 1335 1265 1336 1337 
1264 1336 1265 1332 1260 1265 1337 1332 1265 
1334 1338 1267 1263 1334 1267 1339 1334 1335 
1338 1334 1339 1270 1340 1341 1269 1340 1270 
1336 1264 1270 1341 1336 1270 1338 1342 1272 
1267 1338 1272 1343 1338 1339 1342 1338 1343 
1269 1273 1340 1340 1273 1344 1272 1342 1274 
1342 1276 1274 1342 1343 1276 1343 1345 1276 
1346 1347 1348 1346 1278 1277 1346 1348 1278 
1348 1349 1278 1344 1273 1278 1349 1344 1278 
1276 1345 1350 1279 1276 1350 1281 1279 1351 
1279 1350 1351 1283 1281 1352 1281 1351 1352 
1285 1283 1353 1283 1352 1353 1287 1285 1354 
1285 1353 1354 1289 1355 1356 1289 1287 1355 
1287 1354 1355 1356 1357 1358 1355 1357 1356 
1358 1359 1360 1357 1359 1358 1360 1361 1362 
1359 1361 1360 1362 1363 1364 1361 1363 1362 
1364 1365 1366 1363 1365 1364 1366 1292 1291 
1366 1365 1292 1365 1367 1292 1347 1346 1293 
1347 1293 1367 1367 1293 1292 1277 1293 1346 
1289 1356 1294 1295 1294 1356 1358 1295 1356 
1296 1295 1358 1360 1296 1358 1297 1296 1360 
1362 1297 1360 1298 1297 1362 1364 1298 1362 
1299 1298 1364 1366 1299 1364 1291 1299 1366 
1301 1368 1369 1302 1301 1369 1303 1370 1301 
1301 1370 1368 1304 1371 1303 1303 1371 1370 
1305 1372 1304 1304 1372 1371 1306 1373 1305 
1305 1373 1372 1308 1374 1306 1306 1374 1373 
1310 1375 1308 1308 1375 1374 1311 1376 1377 
1311 1377 1310 1310 1377 1375 1377 1376 1378 
1312 1379 1380 1313 1312 1380 1314 1381 1312 
1312 1381 1379 1315 1382 1314 1314 1382 1381 
1316 1383 1315 1315 1383 1382 1369 1316 1302 
1383 1316 1369 1311 1317 1376 1376 1384 1378 
1376 1317 1384 1317 1318 1384 1320 1385 1318 
1318 1385 1384 1322 1386 1320 1320 1386 1385 
1323 1387 1388 1323 1388 1322 1322 1388 1386 
1388 1387 1389 1324 1390 1391 1325 1324 1391 
1380 1324 1313 1390 1324 1380 1387 1326 1392 
1323 1326 1387 1393 1389 1387 1392 1393 1387 
1327 1394 1395 1328 1327 1395 1391 1327 1325 
1394 1327 1391 1396 1397 1398 1392 1398 1399 
1392 1329 1398 1392 1326 1329 1329 1396 1398 
1393 1392 1399 1328 1395 1331 1395 1400 1331 
1401 1402 1403 1397 1401 1403 1396 1401 1397 
1396 1332 1401 1396 1333 1332 1329 1333 1396 
1331 1400 1335 1400 1404 1335 1337 1402 1401 
1337 1336 1402 1336 1405 1402 1332 1337 1401 
1335 1404 1339 1404 1406 1339 1341 1407 1408 
1340 1407 1341 1405 1336 1341 1408 1405 1341 
1339 1406 1343 1406 1409 1343 1410 1411 1412 
1410 1412 1407 1410 1407 1344 1344 1407 1340 
1413 1414 1345 1413 1345 1409 1409 1345 1343 
1414 1415 1416 1413 1415 1414 1416 1417 1418 
1415 1417 1416 1418 1419 1420 1417 1419 1418 
1419 1421 1420 1348 1422 1423 1347 1422 1348 
1411 1410 1349 1411 1349 1423 1423 1349 1348 
1344 1349 1410 1345 1414 1350 1351 1350 1414 
1416 1351 1414 1352 1351 1416 1418 1352 1416 
1353 1352 1418 1420 1353 1418 1420 1421 1424 
1420 1424 1353 1353 1424 1354 1355 1354 1425 
1354 1424 1425 1357 1355 1426 1355 1425 1426 
1359 1357 1427 1357 1426 1427 1361 1359 1428 
1359 1427 1428 1363 1361 1429 1361 1428 1429 
1365 1363 1430 1363 1429 1430 1367 1365 1431 
1365 1430 1431 1422 1347 1367 1431 1422 1367 
1432 1433 1434 1432 1435 1436 1433 1432 1436 
1435 1437 1438 1436 1435 1438 1438 1437 1439 
1440 1441 1442 1440 1369 1368 1440 1368 1441 
1441 1368 1443 1370 1444 1368 1368 1444 1443 
1371 1445 1370 1370 1445 1444 1434 1372 1432 
1434 1445 1372 1445 1371 1372 1373 1432 1372 
1435 1432 1373 1374 1435 1373 1437 1435 1374 
1437 1446 1439 1437 1374 1446 1374 1375 1446 
1377 1447 1375 1375 1447 1446 1378 1448 1449 
1378 1449 1377 1377 1449 1447 1448 1450 1451 
1449 1448 1451 1451 1450 1452 1379 1453 1380 
1454 1453 1379 1454 1379 1455 1455 1379 1381 
1382 1456 1381 1381 1456 1455 1442 1383 1440 
1442 1456 1383 1456 1382 1383 1369 1440 1383 
1378 1384 1448 1385 1448 1384 1450 1448 1385 
1450 1457 1452 1450 1385 1457 1385 1386 1457 
1388 1458 1386 1386 1458 1457 1458 1388 1389 
1459 1458 1389 1390 1460 1461 1391 1390 1461 
1453 1390 1380 1453 1462 1390 1462 1460 1390 
1454 1462 1453 1389 1393 1459 1459 1393 1463 
1394 1464 1395 1394 1465 1464 1394 1391 1465 
1391 1461 1465 1398 1466 1467 1397 1466 1398 
1399 1398 1468 1398 1467 1468 1463 1393 1399 
1468 1463 1399 1464 1469 1400 1395 1464 1400 
1470 1464 1465 1469 1464 1470 1403 1471 1472 
1402 1471 1403 1466 1397 1403 1472 1466 1403 
1469 1473 1474 1469 1474 1400 1400 1474 1404 
1470 1473 1469 1402 1405 1471 1471 1405 1475 
1404 1474 1406 1474 1476 1406 1408 1477 1478 
1407 1477 1408 1475 1405 1408 1478 1475 1408 
1479 1480 1409 1479 1409 1476 1476 1409 1406 
1479 1481 1480 1412 1482 1483 1411 1482 1412 
1477 1407 1412 1483 1477 1412 1409 1480 1413 
1480 1481 1484 1480 1484 1413 1413 1484 1415 
1417 1415 1485 1415 1484 1485 1419 1417 1486 
1417 1485 1486 1421 1487 1488 1421 1419 1487 
1419 1486 1487 1488 1489 1490 1487 1489 1488 
1490 1491 1492 1489 1491 1490 1492 1493 1494 
1491 1493 1492 1494 1495 1496 1493 1495 1494 
1496 1497 1498 1495 1497 1496 1498 1499 1500 
1497 1499 1498 1500 1501 1502 1499 1501 1500 
1502 1423 1422 1502 1501 1423 1501 1503 1423 
1482 1411 1423 1503 1482 1423 1421 1488 1424 
1425 1424 1488 1490 1425 1488 1426 1425 1490 
1492 1426 1490 1427 1426 1492 1494 1427 1492 
1428 1427 1494 1496 1428 1494 1429 1428 1496 
1498 1429 1496 1430 1429 1498 1500 1430 1498 
1431 1430 1500 1502 1431 1500 1422 1431 1502 
1504 1505 1506 1504 1507 1508 1505 1504 1508 
1507 1434 1433 1507 1433 1508 1508 1433 1509 
1436 1510 1433 1433 1510 1509 1438 1511 1436 
1436 1511 1510 1439 1512 1513 1439 1513 1438 
1438 1513 1511 1513 1512 1514 1441 1515 1516 
1442 1441 1516 1443 1517 1441 1441 1517 1515 
1506 1444 1504 1506 1517 1444 1517 1443 1444 
1445 1504 1444 1507 1504 1445 1434 1507 1445 
1439 1446 1512 1512 1518 1514 1512 1446 1518 
1446 1447 1518 1449 1519 1447 1447 1519 1518 
1451 1520 1449 1449 1520 1519 1452 1521 1522 
1452 1522 1451 1451 1522 1520 1522 1521 1523 
1455 1524 1454 1525 1524 1455 1525 1455 1526 
1526 1455 1456 1516 1456 1442 1526 1456 1516 
1452 1457 1521 1521 1527 1523 1521 1457 1527 
1457 1458 1527 1527 1458 1459 1528 1527 1459 
1460 1529 1461 1460 1462 1530 1529 1460 1530 
1462 1531 1530 1454 1531 1462 1454 1532 1531 
1454 1524 1532 1525 1532 1524 1459 1463 1528 
1528 1463 1533 1529 1534 1465 1461 1529 1465 
1535 1530 1536 1535 1534 1530 1534 1529 1530 
1531 1536 1530 1467 1537 1538 1466 1537 1467 
1468 1467 1539 1467 1538 1539 1533 1463 1468 
1539 1533 1468 1534 1540 1541 1534 1541 1465 
1465 1541 1470 1535 1540 1534 1472 1542 1543 
1471 1542 1472 1537 1466 1472 1543 1537 1472 
1473 1544 1474 1473 1545 1544 1473 1470 1545 
1470 1541 1545 1471 1475 1542 1542 1475 1546 
1544 1547 1476 1474 1544 1476 1548 1544 1545 
1547 1544 1548 1478 1549 1550 1477 1549 1478 
1546 1475 1478 1550 1546 1478 1476 1547 1479 
1481 1551 1552 1479 1551 1481 1479 1548 1551 
1479 1547 1548 1552 1553 1554 1551 1553 1552 
1554 1555 1556 1553 1555 1554 1556 1557 1558 
1555 1557 1556 1558 1559 1560 1557 1559 1558 
1560 1561 1562 1559 1561 1560 1561 1563 1562 
1564 1565 1566 1564 1483 1482 1564 1566 1483 
1566 1567 1483 1549 1477 1483 1567 1549 1483 
1481 1552 1484 1485 1484 1552 1554 1485 1552 
1486 1485 1554 1556 1486 1554 1487 1486 1556 
1558 1487 1556 1489 1487 1558 1560 1489 1558 
1491 1489 1560 1562 1491 1560 1562 1563 1568 
1562 1568 1491 1491 1568 1493 1495 1493 1569 
1493 1568 1569 1497 1495 1570 1495 1569 1570 
1499 1497 1571 1497 1570 1571 1501 1499 1572 
1499 1571 1572 1565 1564 1503 1565 1503 1572 
1572 1503 1501 1482 1503 1564 1505 1573 1574 
1506 1505 1574 1508 1575 1505 1505 1575 1573 
1509 1576 1508 1508 1576 1575 1510 1577 1509 
1509 1577 1576 1511 1578 1510 1510 1578 1577 
1513 1579 1511 1511 1579 1578 1514 1580 1581 
1514 1581 1513 1513 1581 1579 1580 1582 1583 
1581 1580 1583 1583 1582 1584 1515 1585 1586 
1516 1515 1586 1517 1587 1515 1515 1587 1585 
1574 1517 1506 1587 1517 1574 1514 1518 1580 
1519 1580 1518 1582 1580 1519 1582 1588 1584 
1582 1519 1588 1519 1520 1588 1522 1589 1520 
1520 1589 1588 1523 1590 1591 1523 1591 1522 
1522 1591 1589 1591 1590 1592 1526 1593 1594 
1525 1526 1594 1586 1526 1516 1593 1526 1586 
1523 1527 1590 1590 1527 1528 1590 1528 1592 
1592 1528 1595 1532 1596 1597 1531 1532 1597 
1594 1532 1525 1596 1532 1594 1598 1599 1600 
1598 1600 1595 1598 1595 1533 1533 1595 1528 
1536 1601 1602 1535 1536 1602 1597 1536 1531 
1601 1536 1597 1538 1603 1604 1537 1603 1538 
1599 1598 1539 1599 1539 1604 1604 1539 1538 
1533 1539 1598 1540 1605 1606 1541 1540 1606 
1602 1540 1535 1605 1540 1602 1543 1607 1608 
1542 1607 1543 1603 1537 1543 1608 1603 1543 
1541 1606 1545 1606 1609 1545 1542 1546 1607 
1607 1546 1610 1545 1609 1548 1609 1611 1548 
1612 1613 1614 1612 1550 1549 1612 1614 1550 
1614 1615 1550 1610 1546 1550 1615 1610 1550 
1548 1611 1616 1551 1548 1616 1553 1551 1617 
1551 1616 1617 1555 1553 1618 1553 1617 1618 
1557 1555 1619 1555 1618 1619 1559 1557 1620 
1557 1619 1620 1561 1559 1621 1559 1620 1621 
1563 1622 1623 1563 1561 1622 1561 1621 1622 
1623 1624 1625 1622 1624 1623 1625 1626 1627 
1624 1626 1625 1627 1628 1629 1626 1628 1627 
1629 1630 1631 1628 1630 1629 1631 1566 1565 
1631 1630 1566 1630 1632 1566 1613 1612 1567 
1613 1567 1632 1632 1567 1566 1549 1567 1612 
1563 1623 1568 1569 1568 1623 1625 1569 1623 
1570 1569 1625 1627 1570 1625 1571 1570 1627 
1629 1571 1627 1572 1571 1629 1631 1572 1629 
1565 1572 1631 1573 1633 1634 1574 1573 1634 
1575 1635 1573 1573 1635 1633 1576 1636 1575 
1575 1636 1635 1577 1637 1576 1576 1637 1636 
1578 1638 1577 1577 1638 1637 1579 1639 1578 
1578 1639 1638 1581 1640 1579 1579 1640 1639 
1583 1641 1581 1581 1641 1640 1641 1583 1584 
1642 1641 1584 1585 1643 1644 1586 1585 1644 
1587 1645 1585 1585 1645 1643 1634 1587 1574 
1645 1587 1634 1584 1646 1642 1588 1646 1584 
1589 1647 1588 1588 1647 1646 1591 1648 1589 
1589 1648 1647 1648 1591 1592 1649 1648 1592 
1593 1650 1651 1594 1593 1651 1644 1593 1586 
1650 1593 1644 1592 1595 1649 1649 1595 1652 
1596 1653 1654 1597 1596 1654 1651 1596 1594 
1653 1596 1651 1600 1655 1656 1599 1655 1600 
1652 1595 1600 1656 1652 1600 1601 1657 1658 
1602 1601 1658 1654 1601 1597 1657 1601 1654 
1604 1659 1660 1603 1659 1604 1655 1599 1604 
1660 1655 1604 1605 1661 1662 1606 1605 1662 
1658 1605 1602 1661 1605 1658 1608 1663 1664 
1607 1663 1608 1659 1603 1608 1664 1659 1608 
1606 1662 1609 1662 1665 1609 1666 1667 1668 
1666 1668 1663 1666 1663 1610 1610 1663 1607 
1669 1670 1611 1669 1611 1665 1665 1611 1609 
1670 1671 1672 1669 1671 1670 1672 1673 1674 
1671 1673 1672 1674 1675 1676 1673 1675 1674 
1676 1677 1678 1675 1677 1676 1678 1679 1680 
1677 1679 1678 1679 1681 1680 1614 1682 1683 
1613 1682 1614 1667 1666 1615 1667 1615 1683 
1683 1615 1614 1610 1615 1666 1611 1670 1616 
1617 1616 1670 1672 1617 1670 1618 1617 1672 
1674 1618 1672 1619 1618 1674 1676 1619 1674 
1620 1619 1676 1678 1620 1676 1621 1620 1678 
1680 1621 1678 1680 1681 1684 1680 1684 1621 
1621 1684 1622 1624 1622 1685 1622 1684 1685 
1626 1624 1686 1624 1685 1686 1628 1626 1687 
1626 1686 1687 1630 1628 1688 1628 1687 1688 
1632 1630 1689 1630 1688 1689 1682 1613 1632 
1689 1682 1632 1690 1691 1692 1690 1693 1694 
1691 1690 1694 1693 1695 1696 1694 1693 1696 
1696 1695 1697 1633 1698 1699 1634 1633 1699 
1635 1700 1633 1633 1700 1698 1692 1636 1690 
1692 1700 1636 1700 1635 1636 1637 1690 1636 
1693 1690 1637 1638 1693 1637 1695 1693 1638 
1695 1701 1697 1695 1638 1701 1638 1639 1701 
1640 1702 1639 1639 1702 1701 1641 1703 1640 
1640 1703 1702 1642 1704 1705 1642 1705 1641 
1641 1705 1703 1705 1704 1706 1707 1708 1709 
1707 1644 1643 1707 1643 1708 1708 1643 1710 
1645 1711 1643 1643 1711 1710 1699 1645 1634 
1711 1645 1699 1642 1646 1704 1704 1712 1706 
1704 1646 1712 1646 1647 1712 1648 1713 1647 
1647 1713 1712 1713 1648 1649 1714 1713 1649 
1715 1716 1717 1709 1716 1715 1707 1709 1715 
1707 1715 1651 1707 1651 1650 1644 1707 1650 
1649 1652 1714 1714 1652 1718 1719 1720 1721 
1717 1720 1719 1715 1717 1719 1715 1719 1654 
1715 1654 1653 1651 1715 1653 1656 1722 1723 
1655 1722 1656 1718 1652 1656 1723 1718 1656 
1724 1725 1726 1721 1725 1724 1719 1721 1724 
1719 1724 1658 1719 1658 1657 1654 1719 1657 
1660 1727 1728 1659 1727 1660 1722 1655 1660 
1728 1722 1660 1661 1724 1726 1661 1726 1662 
1662 1726 1729 1658 1724 1661 1664 1730 1731 
1663 1730 1664 1727 1659 1664 1731 1727 1664 
1732 1733 1665 1732 1665 1729 1729 1665 1662 
1733 1734 1735 1732 1734 1733 1734 1736 1735 
1668 1737 1738 1667 1737 1668 1730 1663 1668 
1738 1730 1668 1665 1733 1669 1671 1669 1733 
1735 1671 1733 1735 1736 1739 1735 1739 1671 
1671 1739 1673 1675 1673 1740 1673 1739 1740 
1677 1675 1741 1675 1740 1741 1679 1677 1742 
1677 1741 1742 1681 1743 1744 1681 1679 1743 
1679 1742 1743 1744 1745 1746 1743 1745 1744 
1745 1747 1746 1748 1749 1750 1748 1683 1682 
1748 1750 1683 1750 1751 1683 1737 1667 1683 
1751 1737 1683 1681 1744 1684 1685 1684 1744 
1746 1685 1744 1746 1747 1752 1746 1752 1685 
1685 1752 1686 1687 1686 1753 1686 1752 1753 
1688 1687 1754 1687 1753 1754 1749 1748 1689 
1749 1689 1754 1754 1689 1688 1682 1689 1748 
1755 1756 1757 1755 1692 1691 1755 1691 1756 
1756 1691 1758 1694 1759 1691 1691 1759 1758 
1696 1760 1694 1694 1760 1759 1697 1761 1762 
1697 1762 1696 1696 1762 1760 1762 1761 1763 
1764 1765 1766 1764 1699 1698 1764 1698 1765 
1765 1698 1767 1757 1700 1755 1757 1767 1700 
1767 1698 1700 1692 1755 1700 1697 1701 1761 
1761 1768 1763 1761 1701 1768 1701 1702 1768 
1703 1769 1702 1702 1769 1768 1705 1770 1703 
1703 1770 1769 1706 1771 1772 1706 1772 1705 
1705 1772 1770 1772 1771 1773 1708 1774 1775 
1709 1708 1775 1710 1776 1708 1708 1776 1774 
1766 1711 1764 1766 1776 1711 1776 1710 1711 
1699 1764 1711 1706 1712 1771 1771 1777 1773 
1771 1712 1777 1712 1713 1777 1777 1713 1714 
1778 1777 1714 1716 1779 1780 1717 1716 1780 
1775 1716 1709 1779 1716 1775 1714 1718 1778 
1778 1718 1781 1782 1783 1784 1782 1721 1720 
1782 1720 1783 1783 1720 1785 1780 1720 1717 
1785 1720 1780 1786 1787 1788 1786 1723 1722 
1786 1788 1723 1788 1789 1723 1781 1718 1723 
1789 1781 1723 1790 1791 1792 1784 1791 1790 
1782 1784 1790 1782 1790 1726 1782 1726 1725 
1721 1782 1725 1793 1794 1795 1787 1793 1795 
1786 1793 1787 1786 1727 1793 1786 1728 1727 
1722 1728 1786 1790 1792 1796 1796 1726 1790 
1796 1797 1726 1797 1729 1726 1798 1799 1800 
1794 1798 1800 1793 1798 1794 1793 1730 1798 
1793 1731 1730 1727 1731 1793 1729 1797 1801 
1732 1729 1801 1734 1732 1802 1732 1801 1802 
1736 1803 1804 1736 1734 1803 1734 1802 1803 
1804 1805 1806 1803 1805 1804 1806 1807 1808 
1805 1807 1806 1808 1809 1810 1807 1809 1808 
1809 1811 1810 1812 1813 1814 1799 1812 1814 
1798 1812 1799 1798 1737 1812 1798 1738 1737 
1730 1738 1798 1736 1804 1739 1740 1739 1804 
1806 1740 1804 1741 1740 1806 1808 1741 1806 
1742 1741 1808 1810 1742 1808 1810 1811 1815 
1810 1815 1742 1742 1815 1743 1745 1743 1816 
1743 1815 1816 1747 1817 1818 1747 1745 1817 
1745 1816 1817 1818 1819 1820 1817 1819 1818 
1820 1821 1822 1819 1821 1820 1822 1750 1749 
1822 1821 1750 1821 1823 1750 1813 1812 1751 
1813 1751 1823 1823 1751 1750 1737 1751 1812 
1747 1818 1752 1753 1752 1818 1820 1753 1818 
1754 1753 1820 1822 1754 1820 1749 1754 1822 
1824 1825 1826 1824 1757 1756 1824 1756 1825 
1825 1756 1827 1758 1828 1756 1756 1828 1827 
1759 1829 1758 1758 1829 1828 1760 1830 1759 
1759 1830 1829 1762 1831 1760 1760 1831 1830 
1763 1832 1833 1763 1833 1762 1762 1833 1831 
1832 1834 1835 1833 1832 1835 1835 1834 1836 
1765 1837 1838 1766 1765 1838 1826 1767 1824 
1826 1837 1767 1837 1765 1767 1757 1824 1767 
1763 1768 1832 1769 1832 1768 1834 1832 1769 
1834 1839 1836 1834 1769 1839 1769 1770 1839 
1772 1840 1770 1770 1840 1839 1773 1841 1842 
1773 1842 1772 1772 1842 1840 1842 1841 1843 
1844 1845 1846 1844 1775 1774 1844 1774 1845 
1845 1774 1847 1776 1848 1774 1774 1848 1847 
1838 1776 1766 1848 1776 1838 1773 1777 1841 
1841 1777 1778 1841 1778 1843 1843 1778 1849 
1850 1851 1852 1850 1853 1854 1851 1850 1854 
1846 1854 1853 1844 1846 1853 1844 1853 1780 
1844 1780 1779 1775 1844 1779 1778 1781 1849 
1849 1781 1855 1856 1857 1858 1852 1857 1856 
1850 1852 1856 1850 1856 1784 1850 1784 1783 
1785 1850 1783 1853 1850 1785 1780 1853 1785 
1788 1859 1860 1787 1859 1788 1789 1788 1861 
1788 1860 1861 1855 1781 1789 1861 1855 1789 
1791 1856 1858 1791 1858 1792 1792 1858 1862 
1784 1856 1791 1795 1863 1864 1794 1863 1795 
1859 1787 1795 1864 1859 1795 1792 1862 1865 
1796 1792 1865 1797 1866 1867 1797 1796 1866 
1796 1865 1866 1867 1868 1869 1866 1868 1867 
1869 1870 1871 1868 1870 1869 1870 1872 1871 
1873 1874 1875 1873 1800 1799 1873 1875 1800 
1875 1876 1800 1863 1794 1800 1876 1863 1800 
1797 1867 1801 1802 1801 1867 1869 1802 1867 
1803 1802 1869 1871 1803 1869 1871 1872 1877 
1871 1877 1803 1803 1877 1805 1807 1805 1878 
1805 1877 1878 1809 1807 1879 1807 1878 1879 
1811 1880 1881 1811 1809 1880 1809 1879 1880 
1881 1882 1883 1880 1882 1881 1882 1884 1883 
1885 1886 1887 1874 1885 1887 1873 1885 1874 
1873 1813 1885 1873 1814 1813 1799 1814 1873 
1811 1881 1815 1816 1815 1881 1883 1816 1881 
1883 1884 1888 1883 1888 1816 1816 1888 1817 
1819 1817 1889 1817 1888 1889 1821 1819 1890 
1819 1889 1890 1886 1885 1823 1886 1823 1890 
1890 1823 1821 1813 1823 1885 1825 1891 1892 
1826 1825 1892 1827 1893 1825 1825 1893 1891 
1828 1894 1827 1827 1894 1893 1829 1895 1828 
1828 1895 1894 1830 1896 1829 1829 1896 1895 
1831 1897 1830 1830 1897 1896 1833 1898 1831 
1831 1898 1897 1835 1899 1833 1833 1899 1898 
1836 1900 1901 1836 1901 1835 1835 1901 1899 
1901 1900 1902 1903 1904 1905 1903 1906 1907 
1904 1903 1907 1906 1908 1909 1907 1906 1909 
1908 1910 1911 1909 1908 1911 1910 1838 1837 
1910 1837 1911 1911 1837 1912 1892 1837 1826 
1912 1837 1892 1836 1839 1900 1900 1913 1902 
1900 1839 1913 1839 1840 1913 1842 1914 1840 
1840 1914 1913 1914 1842 1843 1915 1914 1843 
1916 1917 1918 1905 1917 1916 1905 1916 1903 
1903 1916 1919 1845 1919 1846 1845 1906 1919 
1906 1903 1919 1847 1906 1845 1908 1906 1847 
1848 1908 1847 1910 1908 1848 1838 1910 1848 
1843 1849 1915 1915 1849 1920 1921 1922 1923 
1921 1924 1925 1922 1921 1925 1918 1925 1924 
1916 1918 1924 1916 1924 1852 1916 1852 1851 
1854 1916 1851 1919 1916 1854 1846 1919 1854 
1926 1927 1928 1926 1928 1920 1926 1920 1855 
1855 1920 1849 1929 1921 1923 1930 1929 1923 
1857 1929 1858 1857 1924 1929 1924 1921 1929 
1852 1924 1857 1931 1932 1933 1931 1860 1859 
1931 1933 1860 1933 1934 1860 1927 1926 1861 
1927 1861 1934 1934 1861 1860 1855 1861 1926 
1929 1930 1935 1935 1858 1929 1935 1936 1858 
1936 1862 1858 1937 1938 1939 1932 1937 1939 
1931 1937 1932 1931 1863 1937 1931 1864 1863 
1859 1864 1931 1862 1936 1940 1865 1862 1940 
1866 1865 1941 1865 1940 1941 1868 1866 1942 
1866 1941 1942 1870 1868 1943 1868 1942 1943 
1872 1944 1945 1872 1870 1944 1870 1943 1944 
1945 1946 1947 1944 1946 1945 1947 1948 1949 
1946 1948 1947 1948 1950 1949 1951 1952 1953 
1951 1875 1874 1951 1953 1875 1953 1954 1875 
1938 1937 1876 1938 1876 1954 1954 1876 1875 
1863 1876 1937 1872 1945 1877 1878 1877 1945 
1947 1878 1945 1879 1878 1947 1949 1879 1947 
1949 1950 1955 1949 1955 1879 1879 1955 1880 
1882 1880 1956 1880 1955 1956 1884 1957 1958 
1884 1882 1957 1882 1956 1957 1958 1959 1960 
1957 1959 1958 1960 1961 1962 1959 1961 1960 
1952 1962 1961 1951 1962 1952 1951 1886 1962 
1951 1887 1886 1874 1887 1951 1884 1958 1888 
1889 1888 1958 1960 1889 1958 1890 1889 1960 
1962 1890 1960 1886 1890 1962 1891 1963 1964 
1892 1891 1964 1893 1965 1891 1891 1965 1963 
1894 1966 1893 1893 1966 1965 1895 1967 1894 
1894 1967 1966 1896 1968 1895 1895 1968 1967 
1897 1969 1896 1896 1969 1968 1898 1970 1897 
1897 1970 1969 1899 1971 1898 1898 1971 1970 
1901 1972 1899 1899 1972 1971 1902 1973 1974 
1902 1974 1901 1901 1974 1972 1974 1973 1975 
1904 1976 1977 1905 1904 1977 1907 1978 1904 
1904 1978 1976 1909 1979 1907 1907 1979 1978 
1911 1980 1909 1909 1980 1979 1912 1981 1911 
1911 1981 1980 1964 1912 1892 1981 1912 1964 
1902 1913 1973 1973 1982 1975 1973 1913 1982 
1913 1914 1982 1982 1914 1915 1983 1982 1915 
1984 1985 1986 1984 1987 1988 1985 1984 1988 
1987 1989 1990 1988 1987 1990 1989 1918 1917 
1989 1917 1990 1990 1917 1991 1977 1917 1905 
1991 1917 1977 1915 1920 1983 1983 1920 1992 
1993 1984 1986 1994 1993 1986 1922 1993 1923 
1922 1987 1993 1987 1984 1993 1925 1987 1922 
1989 1987 1925 1918 1989 1925 1995 1996 1997 
1995 1928 1927 1995 1997 1928 1997 1998 1928 
1992 1920 1928 1998 1992 1928 1993 1994 1999 
1999 1923 1993 1999 2000 1923 2000 1930 1923 
1933 2001 2002 1932 2001 1933 1996 1995 1934 
1996 1934 2002 2002 1934 1933 1927 1934 1995 
1930 2000 2003 1935 1930 2003 1936 2004 2005 
1936 1935 2004 1935 2003 2004 2005 2006 2007 
2004 2006 2005 2007 2008 2009 2006 2008 2007 
2009 2010 2011 2008 2010 2009 2011 2012 2013 
2010 2012 2011 2012 2014 2013 1939 2015 2016 
1938 2015 1939 2001 1932 1939 2016 2001 1939 
1936 2005 1940 1941 1940 2005 2007 1941 2005 
1942 1941 2007 2009 1942 2007 1943 1942 2009 
2011 1943 2009 1944 1943 2011 2013 1944 2011 
2013 2014 2017 2013 2017 1944 1944 2017 1946 
1948 1946 2018 1946 2017 2018 1950 2019 2020 
1950 1948 2019 1948 2018 2019 2019 2021 2020 
2022 2023 2024 2022 1953 1952 2022 2024 1953 
2024 2025 1953 1954 1953 2026 1953 2025 2026 
2015 1938 1954 2026 2015 1954 1950 2020 1955 
2020 2021 2027 2020 2027 1955 1955 2027 1956 
1957 1956 2028 1956 2027 2028 1959 1957 2029 
1957 2028 2029 2023 2022 1961 2023 1961 2029 
2029 1961 1959 1952 1961 2022 2030 2031 2032 
2030 1964 1963 2030 1963 2031 2031 1963 2033 
1965 2034 1963 1963 2034 2033 1966 2035 1965 
1965 2035 2034 1967 2036 1966 1966 2036 2035 
1968 2037 1967 1967 2037 2036 1969 2038 1968 
1968 2038 2037 1970 2039 1969 1969 2039 2038 
1971 2040 1970 1970 2040 2039 1972 2041 1971 
1971 2041 2040 1974 2042 1972 1972 2042 2041 
2042 1974 1975 2043 2042 1975 2044 2045 2046 
2044 2047 2048 2045 2044 2048 2047 2049 2050 
2048 2047 2050 2049 2051 2052 2050 2049 2052 
2051 1977 1976 2051 1976 2052 2052 1976 2053 
1978 2054 1976 1976 2054 2053 1979 2055 1978 
1978 2055 2054 1980 2056 1979 1979 2056 2055 
2032 1981 2030 2032 2056 1981 2056 1980 1981 
1964 2030 1981 1975 2057 2043 1982 2057 1975 
2057 1982 1983 2058 2057 1983 1985 2044 2046 
1985 2046 1986 1986 2046 2059 1988 2044 1985 
2047 2044 1988 1990 2047 1988 2049 2047 1990 
1991 2049 1990 2051 2049 1991 1977 2051 1991 
1983 1992 2058 2058 1992 2060 1986 2059 1994 
2059 2061 1994 1997 2062 2063 1996 2062 1997 
1998 1997 2064 1997 2063 2064 2060 1992 1998 
2064 2060 1998 1994 2061 2065 1999 1994 2065 
2000 2066 2067 2000 1999 2066 1999 2065 2066 
2067 2068 2069 2066 2068 2067 2068 2070 2069 
2002 2071 2072 2001 2071 2002 2062 1996 2002 
2072 2062 2002 2000 2067 2003 2004 2003 2067 
2069 2004 2067 2069 2070 2073 2069 2073 2004 
2004 2073 2006 2008 2006 2074 2006 2073 2074 
2010 2008 2075 2008 2074 2075 2012 2010 2076 
2010 2075 2076 2014 2077 2078 2014 2012 2077 
2012 2076 2077 2077 2079 2078 2080 2081 2082 
2080 2016 2015 2080 2082 2016 2082 2083 2016 
2071 2001 2016 2083 2071 2016 2014 2078 2017 
2078 2079 2084 2078 2084 2017 2017 2084 2018 
2019 2018 2085 2018 2084 2085 2021 2086 2087 
2021 2019 2086 2019 2085 2086 2087 2088 2089 
2086 2088 2087 2089 2090 2091 2088 2090 2089 
2091 2024 2023 2091 2090 2024 2090 2092 2024 
2025 2024 2093 2024 2092 2093 2081 2080 2026 
2081 2026 2093 2093 2026 2025 2015 2026 2080 
2021 2087 2027 2028 2027 2087 2089 2028 2087 
2029 2028 2089 2091 2029 2089 2023 2029 2091 
2094 2095 2096 2094 2097 2098 2095 2094 2098 
2098 2097 2099 2100 2101 2102 2100 2103 2104 
2101 2100 2104 2103 2105 2106 2104 2103 2106 
2105 2107 2108 2106 2105 2108 2107 2109 2110 
2108 2107 2110 2109 2111 2112 2110 2109 2112 
2111 2113 2114 2112 2111 2114 2113 2032 2031 
2113 2031 2114 2114 2031 2115 2033 2116 2031 
2031 2116 2115 2034 2117 2033 2033 2117 2116 
2035 2118 2034 2034 2118 2117 2036 2119 2035 
2035 2119 2118 2037 2120 2036 2036 2120 2119 
2038 2121 2037 2037 2121 2120 2096 2039 2094 
2096 2121 2039 2121 2038 2039 2040 2094 2039 
2097 2094 2040 2097 2122 2099 2097 2040 2122 
2040 2041 2122 2042 2123 2041 2041 2123 2122 
2123 2042 2043 2124 2123 2043 2125 2126 2127 
2125 2046 2045 2125 2045 2126 2126 2045 2128 
2102 2048 2100 2102 2128 2048 2128 2045 2048 
2050 2100 2048 2103 2100 2050 2052 2103 2050 
2105 2103 2052 2053 2105 2052 2107 2105 2053 
2054 2107 2053 2109 2107 2054 2055 2109 2054 
2111 2109 2055 2056 2111 2055 2113 2111 2056 
2032 2113 2056 2043 2129 2124 2057 2129 2043 
2129 2057 2058 2130 2129 2058 2131 2125 2127 
2132 2131 2127 2046 2131 2059 2125 2131 2046 
2058 2060 2130 2130 2060 2133 2131 2132 2134 
2134 2059 2131 2134 2135 2059 2135 2061 2059 
2063 2136 2137 2062 2136 2063 2064 2063 2138 
2063 2137 2138 2133 2060 2064 2138 2133 2064 
2061 2135 2139 2065 2061 2139 2066 2065 2140 
2065 2139 2140 2068 2066 2141 2066 2140 2141 
2070 2142 2143 2070 2068 2142 2068 2141 2142 
2143 2144 2145 2142 2144 2143 2145 2146 2147 
2144 2146 2145 2146 2148 2147 2149 2150 2151 
2149 2072 2071 2149 2151 2072 2151 2152 2072 
2136 2062 2072 2152 2136 2072 2070 2143 2073 
2074 2073 2143 2145 2074 2143 2075 2074 2145 
2147 2075 2145 2147 2148 2153 2147 2153 2075 
2075 2153 2076 2077 2076 2154 2076 2153 2154 
2154 2079 2077 2155 2079 2154 2156 2157 2158 
2156 2082 2081 2156 2158 2082 2158 2159 2082 
2150 2149 2083 2150 2083 2159 2159 2083 2082 
2071 2083 2149 2079 2155 2160 2084 2079 2160 
2085 2084 2161 2084 2160 2161 2086 2085 2162 
2085 2161 2162 2088 2086 2163 2086 2162 2163 
2090 2088 2164 2088 2163 2164 2092 2090 2165 
2090 2164 2165 2157 2156 2093 2157 2093 2165 
2165 2093 2092 2081 2093 2156 2166 2167 2168 
2166 2169 2170 2167 2166 2170 2169 2171 2172 
2170 2169 2172 2172 2171 2173 2174 2175 2176 
2174 2177 2178 2175 2174 2178 2177 2179 2180 
2178 2177 2180 2179 2181 2182 2180 2179 2182 
2181 2183 2184 2182 2181 2184 2183 2185 2186 
2184 2183 2186 2185 2096 2095 2185 2095 2186 
2186 2095 2187 2098 2188 2095 2095 2188 2187 
2099 2189 2190 2099 2190 2098 2098 2190 2188 
2190 2189 2191 2192 2193 2194 2192 2195 2196 
2193 2192 2196 2168 2196 2195 2166 2168 2195 
2166 2195 2102 2166 2102 2101 2104 2166 2101 
2169 2166 2104 2106 2169 2104 2171 2169 2106 
2171 2197 2173 2171 2106 2197 2106 2108 2197 
2110 2198 2108 2108 2198 2197 2112 2199 2110 
2110 2199 2198 2114 2200 2112 2112 2200 2199 
2115 2201 2114 2114 2201 2200 2176 2116 2174 
2176 2201 2116 2201 2115 2116 2117 2174 2116 
2177 2174 2117 2118 2177 2117 2179 2177 2118 
2119 2179 2118 2181 2179 2119 2120 2181 2119 
2183 2181 2120 2121 2183 2120 2185 2183 2121 
2096 2185 2121 2099 2122 2189 2189 2202 2191 
2189 2122 2202 2122 2123 2202 2202 2123 2124 
2203 2202 2124 2126 2192 2194 2126 2194 2127 
2127 2194 2204 2128 2192 2126 2195 2192 2128 
2102 2195 2128 2124 2205 2203 2129 2205 2124 
2205 2129 2130 2206 2205 2130 2127 2204 2132 
2204 2207 2132 2208 2209 2210 2208 2210 2206 
2208 2206 2133 2133 2206 2130 2132 2207 2211 
2134 2132 2211 2135 2212 2213 2135 2134 2212 
2134 2211 2212 2213 2214 2215 2212 2214 2213 
2215 2216 2217 2214 2216 2215 2217 2218 2219 
2216 2218 2217 2219 2220 2221 2218 2220 2219 
2220 2222 2221 2223 2224 2225 2223 2137 2136 
2223 2225 2137 2225 2226 2137 2209 2208 2138 
2209 2138 2226 2226 2138 2137 2133 2138 2208 
2135 2213 2139 2140 2139 2213 2215 2140 2213 
2141 2140 2215 2217 2141 2215 2142 2141 2217 
2219 2142 2217 2144 2142 2219 2221 2144 2219 
2221 2222 2227 2221 2227 2144 2144 2227 2146 
2148 2228 2229 2148 2146 2228 2146 2227 2228 
2228 2230 2229 2151 2231 2232 2150 2231 2151 
2224 2223 2152 2224 2152 2232 2232 2152 2151 
2136 2152 2223 2148 2229 2153 2229 2230 2233 
2229 2233 2153 2153 2233 2154 2155 2234 2235 
2155 2154 2234 2154 2233 2234 2235 2236 2237 
2234 2236 2235 2236 2238 2237 2239 2240 2241 
2239 2158 2157 2239 2241 2158 2241 2242 2158 
2159 2158 2243 2158 2242 2243 2231 2150 2159 
2243 2231 2159 2155 2235 2160 2161 2160 2235 
2237 2161 2235 2237 2238 2244 2237 2244 2161 
2161 2244 2162 2163 2162 2245 2162 2244 2245 
2164 2163 2246 2163 2245 2246 2240 2239 2165 
2240 2165 2246 2246 2165 2164 2157 2165 2239 
2247 2248 2249 2247 2250 2251 2248 2247 2251 
2250 2168 2167 2250 2167 2251 2251 2167 2252 
2170 2253 2167 2167 2253 2252 2172 2254 2170 
2170 2254 2253 2173 2255 2256 2173 2256 2172 
2172 2256 2254 2255 2257 2258 2256 2255 2258 
2257 2259 2260 2258 2257 2260 2259 2261 2262 
2260 2259 2262 2261 2263 2264 2262 2261 2264 
2263 2176 2175 2263 2175 2264 2264 2175 2265 
2178 2266 2175 2175 2266 2265 2180 2267 2178 
2178 2267 2266 2182 2268 2180 2180 2268 2267 
2184 2269 2182 2182 2269 2268 2186 2270 2184 
2184 2270 2269 2187 2271 2186 2186 2271 2270 
2188 2272 2187 2187 2272 2271 2190 2273 2188 
2188 2273 2272 2273 2190 2191 2274 2273 2191 
2275 2276 2277 2249 2276 2275 2247 2249 2275 
2247 2275 2194 2247 2194 2193 2196 2247 2193 
2250 2247 2196 2168 2250 2196 2173 2197 2255 
2198 2255 2197 2257 2255 2198 2199 2257 2198 
2259 2257 2199 2200 2259 2199 2261 2259 2200 
2201 2261 2200 2263 2261 2201 2176 2263 2201 
2191 2278 2274 2202 2278 2191 2278 2202 2203 
2279 2278 2203 2280 2275 2277 2281 2280 2277 
2194 2280 2204 2275 2280 2194 2282 2203 2205 
2282 2283 2203 2283 2279 2203 2205 2206 2282 
2280 2281 2284 2280 2207 2204 2280 2285 2207 
2280 2284 2285 2286 2207 2285 2286 2287 2288 
2285 2287 2286 2287 2289 2288 2210 2283 2282 
2210 2209 2283 2209 2290 2283 2206 2210 2282 
2207 2286 2211 2212 2211 2286 2288 2212 2286 
2288 2289 2291 2288 2291 2212 2212 2291 2214 
2216 2214 2292 2214 2291 2292 2218 2216 2293 
2216 2292 2293 2220 2218 2294 2218 2293 2294 
2222 2295 2296 2222 2220 2295 2220 2294 2295 
2295 2297 2296 2298 2299 2300 2298 2225 2224 
2298 2300 2225 2300 2301 2225 2226 2225 2302 
2225 2301 2302 2290 2209 2226 2302 2290 2226 
2222 2296 2227 2296 2297 2303 2296 2303 2227 
2227 2303 2228 2230 2304 2305 2230 2228 2304 
2228 2303 2304 2304 2306 2305 2307 2308 2309 
2299 2307 2309 2298 2307 2299 2298 2231 2307 
2298 2232 2231 2224 2232 2298 2230 2305 2233 
2305 2306 2310 2305 2310 2233 2233 2310 2234 
2236 2234 2311 2234 2310 2311 2238 2312 2313 
2238 2236 2312 2236 2311 2312 2313 2314 2315 
2312 2314 2313 2315 2316 2317 2314 2316 2315 
2317 2241 2240 2317 2316 2241 2316 2318 2241 
2242 2241 2319 2241 2318 2319 2308 2307 2243 
2308 2243 2319 2319 2243 2242 2231 2243 2307 
2238 2313 2244 2245 2244 2313 2315 2245 2313 
2246 2245 2315 2317 2246 2315 2240 2246 2317 
2320 2321 2322 2320 2323 2324 2321 2320 2324 
2324 2323 2325 2326 2327 2328 2326 2249 2248 
2326 2248 2327 2327 2248 2329 2251 2330 2248 
2248 2330 2329 2252 2331 2251 2251 2331 2330 
2253 2332 2252 2252 2332 2331 2254 2333 2253 
2253 2333 2332 2256 2334 2254 2254 2334 2333 
2258 2335 2256 2256 2335 2334 2260 2336 2258 
2258 2336 2335 2262 2337 2260 2260 2337 2336 
2322 2264 2320 2322 2337 2264 2337 2262 2264 
2265 2320 2264 2323 2320 2265 2323 2338 2325 
2323 2265 2338 2265 2266 2338 2267 2339 2266 
2266 2339 2338 2268 2340 2267 2267 2340 2339 
2269 2341 2268 2268 2341 2340 2270 2342 2269 
2269 2342 2341 2271 2343 2270 2270 2343 2342 
2272 2344 2271 2271 2344 2343 2273 2345 2272 
2272 2345 2344 2345 2273 2274 2346 2345 2274 
2276 2326 2328 2276 2328 2277 2277 2328 2347 
2249 2326 2276 2274 2348 2346 2278 2348 2274 
2348 2278 2279 2349 2348 2279 2277 2347 2281 
2347 2350 2281 2279 2283 2349 2349 2283 2351 
2281 2350 2352 2284 2281 2352 2285 2284 2353 
2284 2352 2353 2287 2285 2354 2285 2353 2354 
2289 2355 2356 2289 2287 2355 2287 2354 2355 
2356 2357 2358 2355 2357 2356 2358 2359 2360 
2357 2359 2358 2360 2361 2362 2359 2361 2360 
2361 2363 2362 2283 2290 2351 2351 2290 2364 
2289 2356 2291 2292 2291 2356 2358 2292 2356 
2293 2292 2358 2360 2293 2358 2294 2293 2360 
2362 2294 2360 2362 2363 2365 2362 2365 2294 
2294 2365 2295 2297 2366 2367 2297 2295 2366 
2295 2365 2366 2366 2368 2367 2300 2369 2370 
2299 2369 2300 2301 2300 2371 2300 2370 2371 
2302 2301 2372 2301 2371 2372 2364 2290 2302 
2372 2364 2302 2297 2367 2303 2367 2368 2373 
2367 2373 2303 2303 2373 2304 2306 2374 2375 
2306 2304 2374 2304 2373 2374 2375 2376 2377 
2374 2376 2375 2376 2378 2377 2379 2380 2381 
2379 2309 2308 2379 2381 2309 2381 2382 2309 
2369 2299 2309 2382 2369 2309 2306 2375 2310 
2311 2310 2375 2377 2311 2375 2377 2378 2383 
2377 2383 2311 2311 2383 2312 2314 2312 2384 
2312 2383 2384 2316 2314 2385 2314 2384 2385 
2318 2316 2386 2316 2385 2386 2380 2379 2319 
2380 2319 2386 2386 2319 2318 2308 2319 2379 
2387 2388 2389 2387 2390 2391 2388 2387 2391 
2390 2392 2393 2391 2390 2393 2392 2394 2395 
2393 2392 2395 2394 2396 2397 2395 2394 2397 
2396 2398 2399 2397 2396 2399 2398 2400 2401 
2399 2398 2401 2400 2402 2403 2401 2400 2403 
2402 2404 2405 2403 2402 2405 2404 2406 2407 
2405 2404 2407 2406 2322 2321 2406 2321 2407 
2407 2321 2408 2324 2409 2321 2321 2409 2408 
2325 2410 2411 2325 2411 2324 2324 2411 2409 
2410 2412 2413 2411 2410 2413 2412 2414 2415 
2413 2412 2415 2414 2416 2417 2415 2414 2417 
2416 2418 2419 2417 2416 2419 2418 2420 2421 
2419 2418 2421 2421 2420 2422 2423 2424 2425 
2389 2424 2423 2387 2389 2423 2387 2423 2328 
2387 2328 2327 2329 2387 2327 2390 2387 2329 
2330 2390 2329 2392 2390 2330 2331 2392 2330 
2394 2392 2331 2332 2394 2331 2396 2394 2332 
2333 2396 2332 2398 2396 2333 2334 2398 2333 
2400 2398 2334 2335 2400 2334 2402 2400 2335 
2336 2402 2335 2404 2402 2336 2337 2404 2336 
2406 2404 2337 2322 2406 2337 2325 2338 2410 
2339 2410 2338 2412 2410 2339 2340 2412 2339 
2414 2412 2340 2341 2414 2340 2416 2414 2341 
2342 2416 2341 2418 2416 2342 2343 2418 2342 
2420 2418 2343 2420 2426 2422 2420 2343 2426 
2343 2344 2426 2345 2427 2344 2344 2427 2426 
2427 2345 2346 2428 2427 2346 2429 2423 2425 
2430 2429 2425 2328 2429 2347 2423 2429 2328 
2346 2431 2428 2348 2431 2346 2431 2348 2349 
2432 2431 2349 2429 2430 2433 2429 2350 2347 
2429 2434 2350 2429 2433 2434 2435 2350 2434 
2435 2436 2437 2434 2436 2435 2437 2438 2439 
2436 2438 2437 2439 2440 2441 2438 2440 2439 
2441 2442 2443 2440 2442 2441 2443 2444 2445 
2442 2444 2443 2444 2446 2445 2349 2351 2432 
2432 2351 2447 2350 2435 2352 2353 2352 2435 
2437 2353 2435 2354 2353 2437 2439 2354 2437 
2355 2354 2439 2441 2355 2439 2357 2355 2441 
2443 2357 2441 2359 2357 2443 2445 2359 2443 
2445 2446 2448 2445 2448 2359 2359 2448 2361 
2363 2449 2450 2363 2361 2449 2361 2448 2449 
2449 2451 2450 2452 2453 2454 2452 2455 2456 
2454 2455 2452 2456 2455 2447 2456 2447 2364 
2364 2447 2351 2363 2450 2365 2450 2451 2457 
2450 2457 2365 2365 2457 2366 2368 2458 2459 
2368 2366 2458 2366 2457 2458 2458 2460 2459 
2370 2461 2462 2369 2461 2370 2453 2452 2371 
2453 2371 2462 2462 2371 2370 2372 2371 2452 
2456 2372 2452 2364 2372 2456 2368 2459 2373 
2459 2460 2463 2459 2463 2373 2373 2463 2374 
2376 2374 2464 2374 2463 2464 2378 2465 2466 
2378 2376 2465 2376 2464 2465 2465 2467 2466 
2468 2469 2470 2468 2381 2380 2468 2470 2381 
2470 2471 2381 2382 2381 2472 2381 2471 2472 
2461 2369 2382 2472 2461 2382 2378 2466 2383 
2466 2467 2473 2466 2473 2383 2383 2473 2384 
2385 2384 2474 2384 2473 2474 2469 2468 2386 
2469 2386 2474 2474 2386 2385 2380 2386 2468 
2475 2476 2477 2475 2478 2479 2476 2475 2479 
2478 2480 2481 2479 2478 2481 2480 2482 2483 
2481 2480 2483 2482 2484 2485 2483 2482 2485 
2484 2486 2487 2485 2484 2487 2486 2488 2489 
2487 2486 2489 2488 2490 2491 2489 2488 2491 
2490 2492 2493 2491 2490 2493 2492 2494 2495 
2493 2492 2495 2494 2496 2497 2495 2494 2497 
2497 2496 2498 2499 2500 2501 2499 2389 2388 
2499 2388 2500 2500 2388 2502 2391 2503 2388 
2388 2503 2502 2393 2504 2391 2391 2504 2503 
2395 2505 2393 2393 2505 2504 2397 2506 2395 
2395 2506 2505 2477 2399 2475 2477 2506 2399 
2506 2397 2399 2401 2475 2399 2478 2475 2401 
2403 2478 2401 2480 2478 2403 2405 2480 2403 
2482 2480 2405 2407 2482 2405 2484 2482 2407 
2408 2484 2407 2486 2484 2408 2409 2486 2408 
2488 2486 2409 2411 2488 2409 2490 2488 2411 
2413 2490 2411 2492 2490 2413 2415 2492 2413 
2494 2492 2415 2417 2494 2415 2496 2494 2417 
2496 2507 2498 2496 2417 2507 2417 2419 2507 
2421 2508 2419 2419 2508 2507 2422 2509 2510 
2422 2510 2421 2421 2510 2508 2510 2509 2511 
2424 2499 2501 2424 2501 2425 2425 2501 2512 
2389 2499 2424 2422 2426 2509 2509 2513 2511 
2509 2426 2513 2426 2427 2513 2513 2427 2428 
2514 2513 2428 2515 2516 2430 2515 2430 2512 
2512 2430 2425 2515 2517 2516 2518 2519 2520 
2518 2521 2522 2520 2521 2518 2522 2523 2524 
2521 2523 2522 2523 2525 2524 2526 2428 2431 
2526 2527 2428 2527 2514 2428 2431 2432 2526 
2430 2516 2433 2516 2517 2528 2516 2528 2433 
2433 2528 2434 2519 2518 2436 2519 2436 2528 
2528 2436 2434 2438 2436 2518 2522 2438 2518 
2440 2438 2522 2524 2440 2522 2524 2525 2529 
2524 2529 2440 2440 2529 2442 2444 2442 2530 
2442 2529 2530 2446 2531 2532 2446 2444 2531 
2444 2530 2531 2532 2533 2534 2531 2533 2532 
2533 2535 2534 2526 2536 2527 2536 2526 2432 
2536 2432 2537 2537 2432 2447 2446 2532 2448 
2449 2448 2532 2534 2449 2532 2451 2538 2539 
2449 2538 2451 2449 2535 2538 2449 2534 2535 
2538 2540 2539 2454 2541 2542 2453 2541 2454 
2455 2454 2543 2454 2542 2543 2537 2447 2455 
2543 2537 2455 2451 2539 2457 2539 2540 2544 
2539 2544 2457 2457 2544 2458 2460 2545 2546 
2460 2458 2545 2458 2544 2545 2546 2547 2548 
2545 2547 2546 2547 2549 2548 2550 2551 2552 
2550 2462 2461 2550 2552 2462 2552 2553 2462 
2541 2453 2462 2553 2541 2462 2460 2546 2463 
2464 2463 2546 2548 2464 2546 2548 2549 2554 
2548 2554 2464 2464 2554 2465 2467 2555 2556 
2467 2465 2555 2465 2554 2555 2556 2557 2558 
2555 2557 2556 2558 2470 2469 2558 2557 2470 
2557 2559 2470 2471 2470 2560 2470 2559 2560 
2551 2550 2472 2551 2472 2560 2560 2472 2471 
2461 2472 2550 2467 2556 2473 2474 2473 2556 
2558 2474 2556 2469 2474 2558 2561 2562 2563 
2562 2561 2564 2565 2566 2567 2565 2568 2569 
2566 2565 2569 2568 2570 2571 2569 2568 2571 
2570 2572 2573 2571 2570 2573 2572 2574 2575 
2573 2572 2575 2574 2576 2577 2575 2574 2577 
2576 2578 2579 2577 2576 2579 2578 2477 2476 
2578 2476 2579 2579 2476 2580 2479 2581 2476 
2476 2581 2580 2481 2582 2479 2479 2582 2581 
2483 2583 2481 2481 2583 2582 2485 2584 2483 
2483 2584 2583 2487 2585 2485 2485 2585 2584 
2563 2489 2561 2563 2585 2489 2585 2487 2489 
2561 2586 2564 2561 2489 2586 2489 2491 2586 
2493 2587 2491 2491 2587 2586 2495 2588 2493 
2493 2588 2587 2497 2589 2495 2495 2589 2588 
2498 2590 2591 2498 2591 2497 2497 2591 2589 
2591 2590 2592 2593 2565 2567 2594 2593 2567 
2500 2593 2501 2500 2568 2593 2568 2565 2593 
2502 2568 2500 2570 2568 2502 2503 2570 2502 
2572 2570 2503 2504 2572 2503 2574 2572 2504 
2505 2574 2504 2576 2574 2505 2506 2576 2505 
2578 2576 2506 2477 2578 2506 2498 2507 2590 
2590 2595 2592 2590 2507 2595 2507 2508 2595 
2510 2596 2508 2508 2596 2595 2596 2510 2511 
2597 2596 2511 2593 2594 2598 2598 2501 2593 
2598 2599 2501 2599 2512 2501 2511 2600 2597 
2513 2600 2511 2600 2513 2514 2601 2600 2514 
2512 2599 2602 2515 2512 2602 2517 2603 2604 
2517 2515 2603 2515 2602 2603 2604 2520 2519 
2604 2603 2520 2603 2605 2520 2521 2520 2606 
2520 2605 2606 2523 2521 2607 2521 2606 2607 
2525 2608 2609 2525 2523 2608 2523 2607 2608 
2609 2610 2611 2608 2610 2609 2611 2612 2613 
2610 2612 2611 2612 2614 2613 2514 2527 2601 
2601 2527 2615 2517 2604 2528 2519 2528 2604 
2525 2609 2529 2530 2529 2609 2611 2530 2609 
2531 2530 2611 2613 2531 2611 2613 2614 2616 
2613 2616 2531 2531 2616 2533 2535 2617 2618 
2535 2533 2617 2533 2616 2617 2617 2619 2618 
2620 2527 2536 2620 2621 2527 2621 2615 2527 
2536 2537 2620 2535 2618 2538 2540 2622 2623 
2538 2622 2540 2538 2619 2622 2538 2618 2619 
2622 2624 2623 2625 2626 2627 2625 2628 2629 
2627 2628 2625 2629 2542 2541 2629 2628 2542 
2628 2630 2542 2621 2620 2543 2621 2543 2630 
2630 2543 2542 2537 2543 2620 2540 2623 2544 
2623 2624 2631 2623 2631 2544 2544 2631 2545 
2547 2545 2632 2545 2631 2632 2549 2633 2634 
2549 2547 2633 2547 2632 2633 2634 2635 2636 
2633 2635 2634 2636 2637 2638 2635 2637 2636 
2638 2639 2640 2637 2639 2638 2640 2641 2642 
2639 2641 2640 2626 2642 2641 2625 2642 2626 
2625 2551 2642 2625 2552 2551 2553 2552 2625 
2629 2553 2625 2541 2553 2629 2549 2634 2554 
2555 2554 2634 2636 2555 2634 2557 2555 2636 
2638 2557 2636 2559 2557 2638 2640 2559 2638 
2560 2559 2640 2642 2560 2640 2551 2560 2642 
2643 2644 2645 2643 2646 2647 2644 2643 2647 
2646 2648 2649 2647 2646 2649 2648 2650 2651 
2649 2648 2651 2650 2652 2653 2651 2650 2653 
2652 2654 2655 2653 2652 2655 2654 2656 2657 
2655 2654 2657 2656 2658 2659 2657 2656 2659 
2658 2563 2562 2658 2562 2659 2659 2562 2660 
2564 2661 2662 2564 2662 2562 2562 2662 2660 
2661 2663 2664 2662 2661 2664 2663 2665 2666 
2664 2663 2666 2665 2667 2668 2666 2665 2668 
2668 2667 2669 2566 2670 2671 2567 2566 2671 
2569 2672 2566 2566 2672 2670 2571 2673 2569 
2569 2673 2672 2573 2674 2571 2571 2674 2673 
2575 2675 2573 2573 2675 2674 2645 2577 2643 
2645 2675 2577 2675 2575 2577 2579 2643 2577 
2646 2643 2579 2580 2646 2579 2648 2646 2580 
2581 2648 2580 2650 2648 2581 2582 2650 2581 
2652 2650 2582 2583 2652 2582 2654 2652 2583 
2584 2654 2583 2656 2654 2584 2585 2656 2584 
2658 2656 2585 2563 2658 2585 2564 2586 2661 
2587 2661 2586 2663 2661 2587 2588 2663 2587 
2665 2663 2588 2589 2665 2588 2667 2665 2589 
2667 2676 2669 2667 2589 2676 2589 2591 2676 
2592 2677 2678 2592 2678 2591 2591 2678 2676 
2678 2677 2679 2567 2671 2594 2671 2680 2594 
2592 2595 2677 2677 2681 2679 2677 2595 2681 
2595 2596 2681 2681 2596 2597 2682 2681 2597 
2594 2680 2683 2598 2594 2683 2599 2684 2685 
2599 2598 2684 2598 2683 2684 2685 2686 2687 
2684 2686 2685 2687 2688 2689 2686 2688 2687 
2689 2690 2691 2688 2690 2689 2691 2692 2693 
2690 2692 2691 2693 2694 2695 2692 2694 2693 
2695 2696 2697 2694 2696 2695 2696 2698 2697 
2699 2597 2600 2699 2700 2597 2700 2682 2597 
2600 2601 2699 2599 2685 2602 2603 2602 2685 
2687 2603 2685 2605 2603 2687 2689 2605 2687 
2606 2605 2689 2691 2606 2689 2607 2606 2691 
2693 2607 2691 2608 2607 2693 2695 2608 2693 
2610 2608 2695 2697 2610 2695 2697 2698 2701 
2697 2701 2610 2610 2701 2612 2614 2702 2703 
2614 2612 2702 2612 2701 2702 2702 2704 2703 
2699 2705 2700 2705 2699 2601 2705 2601 2706 
2706 2601 2615 2614 2703 2616 2703 2704 2707 
2703 2707 2616 2616 2707 2617 2707 2619 2617 
2708 2619 2707 2709 2710 2711 2709 2712 2713 
2711 2712 2709 2713 2712 2706 2713 2706 2621 
2621 2706 2615 2619 2708 2714 2622 2619 2714 
2624 2715 2716 2624 2622 2715 2622 2714 2715 
2716 2717 2718 2715 2717 2716 2718 2719 2720 
2717 2719 2718 2720 2721 2722 2719 2721 2720 
2722 2723 2724 2721 2723 2722 2724 2725 2726 
2723 2725 2724 2726 2727 2728 2725 2727 2726 
2728 2627 2626 2728 2727 2627 2727 2729 2627 
2710 2709 2628 2710 2628 2729 2729 2628 2627 
2630 2628 2709 2713 2630 2709 2621 2630 2713 
2624 2716 2631 2632 2631 2716 2718 2632 2716 
2633 2632 2718 2720 2633 2718 2635 2633 2720 
2722 2635 2720 2637 2635 2722 2724 2637 2722 
2639 2637 2724 2726 2639 2724 2641 2639 2726 
2728 2641 2726 2626 2641 2728 2730 2731 2732 
2731 2730 2733 2734 2735 2736 2734 2737 2738 
2735 2734 2738 2737 2739 2740 2738 2737 2740 
2739 2741 2742 2740 2739 2742 2741 2743 2744 
2742 2741 2744 2743 2745 2746 2744 2743 2746 
2745 2747 2748 2746 2745 2748 2747 2749 2750 
2748 2747 2750 2749 2751 2752 2750 2749 2752 
2751 2753 2754 2752 2751 2754 2754 2753 2755 
2756 2730 2732 2757 2756 2732 2758 2733 2730 
2758 2730 2759 2759 2730 2756 2759 2760 2761 
2758 2759 2761 2760 2762 2763 2761 2760 2763 
2762 2764 2765 2763 2762 2765 2736 2765 2764 
2734 2736 2764 2734 2764 2645 2734 2645 2644 
2647 2734 2644 2737 2734 2647 2649 2737 2647 
2739 2737 2649 2651 2739 2649 2741 2739 2651 
2653 2741 2651 2743 2741 2653 2655 2743 2653 
2745 2743 2655 2657 2745 2655 2747 2745 2657 
2659 2747 2657 2749 2747 2659 2660 2749 2659 
2751 2749 2660 2662 2751 2660 2753 2751 2662 
2753 2766 2755 2753 2662 2766 2662 2664 2766 
2666 2767 2664 2664 2767 2766 2668 2768 2666 
2666 2768 2767 2768 2668 2669 2769 2768 2669 
2670 2756 2757 2670 2757 2671 2671 2757 2770 
2672 2756 2670 2759 2756 2672 2673 2759 2672 
2760 2759 2673 2674 2760 2673 2762 2760 2674 
2675 2762 2674 2764 2762 2675 2645 2764 2675 
2669 2771 2769 2676 2771 2669 2678 2772 2676 
2676 2772 2771 2772 2678 2679 2773 2772 2679 
2774 2775 2680 2774 2680 2770 2770 2680 2671 
2774 2776 2775 2777 2778 2779 2777 2780 2781 
2779 2780 2777 2781 2782 2783 2780 2782 2781 
2783 2784 2785 2782 2784 2783 2784 2786 2785 
2679 2787 2773 2681 2787 2679 2787 2681 2682 
2788 2787 2682 2680 2775 2683 2775 2776 2789 
2775 2789 2683 2683 2789 2684 2778 2777 2686 
2778 2686 2789 2789 2686 2684 2688 2686 2777 
2781 2688 2777 2690 2688 2781 2783 2690 2781 
2692 2690 2783 2785 2692 2783 2785 2786 2790 
2785 2790 2692 2692 2790 2694 2696 2694 2791 
2694 2790 2791 2698 2792 2793 2698 2696 2792 
2696 2791 2792 2793 2794 2795 2792 2794 2793 
2794 2796 2795 2682 2700 2788 2788 2700 2797 
2698 2793 2701 2702 2701 2793 2795 2702 2793 
2704 2798 2799 2702 2798 2704 2702 2796 2798 
2702 2795 2796 2798 2800 2799 2801 2700 2705 
2801 2802 2700 2802 2797 2700 2705 2706 2801 
2704 2799 2707 2708 2803 2804 2707 2803 2708 
2707 2800 2803 2707 2799 2800 2803 2805 2804 
2806 2807 2808 2806 2809 2810 2808 2809 2806 
2810 2811 2812 2809 2811 2810 2812 2711 2710 
2812 2811 2711 2811 2813 2711 2802 2801 2712 
2802 2712 2813 2813 2712 2711 2706 2712 2801 
2708 2804 2714 2804 2805 2814 2804 2814 2714 
2714 2814 2715 2717 2715 2815 2715 2814 2815 
2719 2717 2816 2717 2815 2816 2721 2719 2817 
2719 2816 2817 2723 2721 2818 2721 2817 2818 
2807 2806 2725 2807 2725 2818 2818 2725 2723 
2727 2725 2806 2810 2727 2806 2729 2727 2810 
2812 2729 2810 2710 2729 2812 2819 2820 2821 
2820 2819 2822 2823 2824 2825 2823 2826 2827 
2824 2823 2827 2826 2828 2829 2827 2826 2829 
2829 2828 2830 2831 2832 2833 2831 2834 2835 
2832 2831 2835 2821 2835 2834 2821 2834 2819 
2819 2834 2836 2837 2822 2819 2837 2819 2838 
2838 2819 2836 2838 2839 2840 2837 2838 2840 
2839 2841 2842 2840 2839 2842 2842 2841 2843 
2823 2825 2844 2844 2845 2846 2844 2846 2823 
2823 2846 2826 2828 2826 2847 2847 2826 2846 
2848 2830 2828 2848 2828 2849 2849 2828 2847 
2848 2849 2850 2851 2852 2853 2833 2852 2851 
2833 2851 2831 2831 2851 2854 2834 2831 2855 
2855 2831 2854 2836 2834 2856 2856 2834 2855 
2838 2836 2857 2857 2836 2856 2839 2838 2858 
2858 2838 2857 2841 2839 2859 2859 2839 2858 
2860 2843 2841 2860 2841 2861 2861 2841 2859 
2861 2862 2863 2860 2861 2863 2863 2862 2864 
2865 2846 2845 2866 2865 2845 2731 2865 2732 
2731 2847 2865 2847 2846 2865 2733 2847 2731 
2733 2867 2847 2867 2849 2847 2868 2850 2849 
2868 2849 2869 2869 2849 2867 2869 2870 2871 
2868 2869 2871 2870 2872 2873 2871 2870 2873 
2853 2873 2872 2851 2853 2872 2851 2872 2736 
2851 2736 2735 2738 2851 2735 2854 2851 2738 
2740 2854 2738 2855 2854 2740 2742 2855 2740 
2856 2855 2742 2744 2856 2742 2857 2856 2744 
2746 2857 2744 2858 2857 2746 2748 2858 2746 
2859 2858 2748 2750 2859 2748 2861 2859 2750 
2752 2861 2750 2862 2861 2752 2862 2874 2864 
2862 2752 2874 2752 2754 2874 2755 2875 2876 
2755 2876 2754 2754 2876 2874 2875 2877 2878 
2876 2875 2878 2878 2877 2879 2880 2865 2866 
2881 2880 2866 2732 2880 2757 2865 2880 2732 
2733 2758 2867 2761 2867 2758 2869 2867 2761 
2763 2869 2761 2870 2869 2763 2765 2870 2763 
2872 2870 2765 2736 2872 2765 2755 2766 2875 
2767 2875 2766 2877 2875 2767 2877 2882 2879 
2877 2767 2882 2767 2768 2882 2769 2883 2884 
2769 2884 2768 2768 2884 2882 2884 2883 2885 
2880 2881 2886 2886 2757 2880 2886 2887 2757 
2887 2770 2757 2769 2771 2883 2883 2888 2885 
2883 2771 2888 2771 2772 2888 2888 2772 2773 
2889 2888 2773 2770 2887 2890 2774 2770 2890 
2776 2891 2892 2776 2774 2891 2774 2890 2891 
2892 2779 2778 2892 2891 2779 2891 2893 2779 
2780 2779 2894 2779 2893 2894 2782 2780 2895 
2780 2894 2895 2784 2782 2896 2782 2895 2896 
2786 2897 2898 2786 2784 2897 2784 2896 2897 
2898 2899 2900 2897 2899 2898 2899 2901 2900 
2902 2773 2787 2902 2903 2773 2903 2889 2773 
2787 2788 2902 2776 2892 2789 2778 2789 2892 
2786 2898 2790 2791 2790 2898 2900 2791 2898 
2900 2901 2904 2900 2904 2791 2791 2904 2792 
2794 2792 2905 2792 2904 2905 2796 2906 2907 
2796 2794 2906 2794 2905 2906 2906 2908 2907 
2909 2903 2902 2910 2903 2909 2788 2797 2909 
2902 2788 2909 2796 2907 2798 2800 2911 2912 
2798 2911 2800 2798 2908 2911 2798 2907 2908 
2911 2913 2912 2914 2915 2916 2914 2917 2918 
2916 2917 2914 2910 2918 2917 2910 2909 2918 
2909 2919 2918 2797 2802 2919 2909 2797 2919 
2800 2912 2803 2805 2920 2921 2803 2920 2805 
2803 2913 2920 2803 2912 2913 2920 2922 2921 
2923 2924 2925 2923 2808 2807 2923 2925 2808 
2925 2926 2808 2915 2914 2809 2915 2809 2926 
2926 2809 2808 2811 2809 2914 2918 2811 2914 
2813 2811 2918 2919 2813 2918 2802 2813 2919 
2805 2921 2814 2921 2922 2927 2921 2927 2814 
2814 2927 2815 2816 2815 2928 2815 2927 2928 
2817 2816 2929 2816 2928 2929 2924 2923 2818 
2924 2818 2929 2929 2818 2817 2807 2818 2923 
2930 2931 2932 2930 2933 2934 2931 2930 2934 
2933 2935 2936 2934 2933 2936 2936 2935 2937 
2938 2939 2940 2938 2941 2942 2939 2938 2942 
2941 2943 2944 2942 2941 2944 2932 2944 2943 
2932 2943 2930 2930 2943 2945 2933 2930 2946 
2946 2930 2945 2935 2933 2947 2947 2933 2946 
2948 2937 2935 2948 2935 2949 2949 2935 2947 
2949 2950 2951 2948 2949 2951 2951 2950 2952 
2953 2954 2955 2953 2956 2957 2954 2953 2957 
2956 2958 2959 2957 2956 2959 2958 2960 2961 
2959 2958 2961 2940 2961 2960 2940 2960 2938 
2938 2960 2962 2941 2938 2963 2963 2938 2962 
2943 2941 2964 2964 2941 2963 2945 2943 2965 
2965 2943 2964 2946 2945 2966 2966 2945 2965 
2820 2966 2821 2820 2947 2966 2947 2946 2966 
2822 2947 2820 2822 2967 2947 2967 2949 2947 
2950 2949 2968 2968 2949 2967 2969 2952 2950 
2969 2950 2970 2970 2950 2968 2969 2970 2971 
2824 2972 2973 2825 2824 2973 2955 2827 2953 
2955 2972 2827 2972 2824 2827 2829 2953 2827 
2956 2953 2829 2830 2956 2829 2830 2974 2956 
2974 2958 2956 2960 2958 2975 2975 2958 2974 
2962 2960 2976 2976 2960 2975 2963 2962 2977 
2977 2962 2976 2964 2963 2978 2978 2963 2977 
2832 2978 2833 2832 2965 2978 2965 2964 2978 
2835 2965 2832 2966 2965 2835 2821 2966 2835 
2822 2837 2967 2840 2967 2837 2968 2967 2840 
2842 2968 2840 2970 2968 2842 2843 2979 2980 
2842 2843 2980 2842 2980 2971 2842 2971 2970 
2979 2981 2982 2980 2979 2982 2982 2981 2983 
2825 2973 2984 2844 2825 2984 2984 2845 2844 
2985 2845 2984 2830 2848 2974 2850 2974 2848 
2850 2986 2974 2986 2975 2974 2976 2975 2987 
2987 2975 2986 2977 2976 2988 2988 2976 2987 
2852 2988 2853 2852 2978 2988 2978 2977 2988 
2833 2978 2852 2843 2860 2979 2863 2979 2860 
2981 2979 2863 2864 2989 2990 2863 2864 2990 
2863 2990 2983 2863 2983 2981 2989 2991 2992 
2990 2989 2992 2992 2991 2993 2845 2985 2866 
2985 2994 2866 2850 2868 2986 2871 2986 2868 
2987 2986 2871 2873 2987 2871 2988 2987 2873 
2853 2988 2873 2864 2874 2989 2876 2989 2874 
2991 2989 2876 2991 2995 2993 2991 2876 2995 
2876 2878 2995 2879 2996 2997 2879 2997 2878 
2878 2997 2995 2997 2996 2998 2866 2994 2881 
2994 2999 2881 2879 2882 2996 2996 3000 2998 
2996 2882 3000 2882 2884 3000 3000 2884 2885 
3001 3000 2885 2881 2999 3002 2886 2881 3002 
2887 3003 3004 2887 2886 3003 2886 3002 3003 
3004 3005 3006 3003 3005 3004 3006 3007 3008 
3005 3007 3006 3008 3009 3010 3007 3009 3008 
3010 3011 3012 3009 3011 3010 3012 3013 3014 
3011 3013 3012 3014 3015 3016 3013 3015 3014 
3016 3017 3018 3015 3017 3016 3017 3019 3018 
3020 2885 2888 3020 3021 2885 3021 3001 2885 
2888 2889 3020 2887 3004 2890 2891 2890 3004 
3006 2891 3004 2893 2891 3006 3008 2893 3006 
2894 2893 3008 3010 2894 3008 2895 2894 3010 
3012 2895 3010 2896 2895 3012 3014 2896 3012 
2897 2896 3014 3016 2897 3014 2899 2897 3016 
3018 2899 3016 2901 3022 3023 2899 3022 2901 
2899 3019 3022 2899 3018 3019 3023 3024 3025 
3022 3024 3023 3024 3026 3025 3027 3021 3020 
3028 3021 3027 2889 2903 3027 3020 2889 3027 
2901 3023 2904 2905 2904 3023 3025 2905 3023 
3025 3026 3029 3025 3029 2905 2905 3029 2906 
2908 3030 3031 2908 2906 3030 2906 3029 3030 
3030 3032 3031 3033 3028 3027 3034 3028 3033 
2903 2910 3033 3027 2903 3033 2908 3031 2911 
2913 3035 3036 2911 3035 2913 2911 3032 3035 
2911 3031 3032 3035 3037 3036 3038 3039 3040 
3038 3041 3042 3040 3041 3038 3042 2916 2915 
3042 3041 2916 3041 3043 2916 3034 3033 2917 
3034 2917 3043 3043 2917 2916 2910 2917 3033 
2913 3036 2920 2922 3044 3045 2920 3044 2922 
2920 3037 3044 2920 3036 3037 3045 3046 3047 
3044 3046 3045 3047 3048 3049 3046 3048 3047 
3039 3049 3048 3038 3049 3039 3038 2924 3049 
3038 2925 2924 2926 2925 3038 3042 2926 3038 
2915 2926 3042 2922 3045 2927 2928 2927 3045 
3047 2928 3045 2929 2928 3047 3049 2929 3047 
2924 2929 3049 3050 3051 3052 3050 2932 2931 
3050 2931 3051 3051 2931 3053 2934 3054 2931 
2931 3054 3053 2936 3055 2934 2934 3055 3054 
2937 3056 3057 2937 3057 2936 2936 3057 3055 
3056 3058 3059 3057 3056 3059 3059 3058 3060 
3061 3062 3063 3061 2940 2939 3061 2939 3062 
3062 2939 3064 2942 3065 2939 2939 3065 3064 
3052 2944 3050 3052 3065 2944 3065 2942 2944 
2932 3050 2944 2937 2948 3056 2951 3056 2948 
3058 3056 2951 2952 3066 3067 2951 2952 3067 
2951 3067 3060 2951 3060 3058 3067 3066 3068 
2954 3069 3070 2955 2954 3070 2957 3071 2954 
2954 3071 3069 2959 3072 2957 2957 3072 3071 
3063 2961 3061 3063 3072 2961 3072 2959 2961 
2940 3061 2961 2952 2969 3066 2971 3073 3074 
2969 2971 3074 2969 3074 3068 2969 3068 3066 
3073 3075 3076 3074 3073 3076 3076 3075 3077 
2972 3078 3079 2973 2972 3079 3070 2972 2955 
3078 2972 3070 2971 2980 3073 2982 3073 2980 
3075 3073 2982 2983 3080 3081 2982 2983 3081 
2982 3081 3077 2982 3077 3075 3081 3080 3082 
2973 3079 3083 2984 2973 3083 3083 2985 2984 
3084 2985 3083 2983 2990 3080 3080 3085 3082 
3080 2990 3085 2990 2992 3085 3085 2992 2993 
3086 3085 2993 2985 3084 2994 3084 3087 2994 
2993 3088 3086 2995 3088 2993 3089 3090 3088 
3089 3088 2997 2997 3088 2995 2997 2998 3089 
3091 3092 2999 3091 2999 3087 3087 2999 2994 
3092 3093 3094 3091 3093 3092 3094 3095 3096 
3093 3095 3094 3096 3097 3098 3095 3097 3096 
3098 3099 3100 3097 3099 3098 3100 3101 3102 
3099 3101 3100 3102 3103 3104 3101 3103 3102 
3103 3105 3104 3089 3106 3090 3107 3108 3106 
3000 3107 3106 3000 3106 3089 3000 3089 2998 
3000 3001 3107 2999 3092 3002 3003 3002 3092 
3094 3003 3092 3005 3003 3094 3096 3005 3094 
3007 3005 3096 3098 3007 3096 3009 3007 3098 
3100 3009 3098 3011 3009 3100 3102 3011 3100 
3013 3011 3102 3104 3013 3102 3104 3105 3109 
3104 3109 3013 3013 3109 3015 3017 3015 3110 
3015 3109 3110 3019 3111 3112 3019 3017 3111 
3017 3110 3111 3111 3113 3112 3114 3108 3107 
3115 3108 3114 3001 3021 3114 3107 3001 3114 
3019 3112 3022 3112 3113 3116 3112 3116 3022 
3022 3116 3024 3026 3117 3118 3026 3024 3117 
3024 3116 3117 3117 3119 3118 3114 3120 3115 
3120 3114 3021 3120 3021 3121 3121 3021 3028 
3026 3118 3029 3118 3119 3122 3118 3122 3029 
3029 3122 3030 3032 3123 3124 3032 3030 3123 
3030 3122 3123 3123 3125 3124 3126 3127 3128 
3126 3129 3130 3128 3129 3126 3130 3131 3132 
3129 3131 3130 3132 3131 3121 3132 3121 3034 
3034 3121 3028 3032 3124 3035 3037 3133 3134 
3035 3133 3037 3035 3125 3133 3035 3124 3125 
3134 3135 3136 3133 3135 3134 3136 3137 3138 
3135 3137 3136 3127 3138 3137 3126 3138 3127 
3126 3039 3138 3126 3040 3039 3041 3040 3126 
3130 3041 3126 3043 3041 3130 3132 3043 3130 
3034 3043 3132 3037 3134 3044 3046 3044 3134 
3136 3046 3134 3048 3046 3136 3138 3048 3136 
3039 3048 3138 3051 3139 3052 3051 3053 3140 
3139 3051 3140 3141 3140 3053 3141 3053 3142 
3142 3053 3054 3055 3143 3054 3054 3143 3142 
3057 3144 3055 3055 3144 3143 3059 3145 3057 
3057 3145 3144 3060 3146 3147 3060 3147 3059 
3059 3147 3145 3147 3146 3148 3062 3149 3063 
3062 3064 3150 3149 3062 3150 3151 3150 3064 
3151 3064 3152 3152 3064 3065 3139 3065 3052 
3139 3153 3065 3153 3152 3065 3140 3153 3139 
3154 3153 3140 3141 3154 3140 3060 3067 3146 
3068 3155 3156 3067 3068 3156 3067 3156 3148 
3067 3148 3146 3156 3155 3157 3069 3158 3070 
3069 3071 3159 3158 3069 3159 3160 3159 3071 
3160 3071 3161 3161 3071 3072 3149 3072 3063 
3149 3162 3072 3162 3161 3072 3150 3162 3149 
3163 3162 3150 3151 3163 3150 3068 3074 3155 
3155 3164 3157 3155 3074 3164 3074 3076 3164 
3164 3076 3077 3165 3164 3077 3078 3166 3079 
3078 3070 3158 3078 3158 3166 3166 3158 3167 
3168 3159 3169 3168 3167 3159 3167 3158 3159 
3160 3169 3159 3077 3170 3165 3081 3170 3077 
3170 3081 3082 3171 3170 3082 3079 3166 3083 
3084 3083 3166 3084 3166 3172 3172 3166 3167 
3173 3167 3168 3173 3174 3167 3174 3172 3167 
3173 3175 3174 3082 3176 3171 3085 3176 3082 
3176 3085 3086 3177 3176 3086 3172 3178 3087 
3084 3172 3087 3174 3179 3172 3179 3178 3172 
3180 3174 3175 3180 3181 3174 3181 3179 3174 
3181 3182 3183 3180 3182 3181 3183 3184 3185 
3182 3184 3183 3184 3186 3185 3086 3187 3177 
3088 3187 3086 3187 3088 3090 3188 3187 3090 
3087 3178 3091 3093 3091 3178 3179 3093 3178 
3095 3093 3179 3181 3095 3179 3097 3095 3181 
3183 3097 3181 3099 3097 3183 3185 3099 3183 
3185 3186 3189 3185 3189 3099 3099 3189 3101 
3103 3101 3190 3101 3189 3190 3105 3191 3192 
3105 3103 3191 3103 3190 3191 3192 3193 3194 
3191 3193 3192 3193 3195 3194 3196 3090 3106 
3196 3197 3090 3197 3188 3090 3106 3108 3196 
3105 3192 3109 3110 3109 3192 3194 3110 3192 
3194 3195 3198 3194 3198 3110 3110 3198 3111 
3113 3199 3200 3113 3111 3199 3111 3198 3199 
3199 3201 3200 3196 3202 3197 3202 3196 3108 
3202 3108 3203 3203 3108 3115 3113 3200 3116 
3200 3201 3204 3200 3204 3116 3116 3204 3117 
3119 3205 3206 3119 3117 3205 3117 3204 3205 
3206 3207 3208 3205 3207 3206 3207 3209 3208 
3210 3211 3212 3210 3213 3214 3212 3213 3210 
3120 3215 3214 3120 3214 3203 3120 3203 3115 
3213 3203 3214 3120 3121 3215 3119 3206 3122 
3123 3122 3206 3208 3123 3206 3125 3216 3217 
3123 3216 3125 3123 3209 3216 3123 3208 3209 
3217 3218 3219 3216 3218 3217 3219 3220 3221 
3218 3220 3219 3211 3221 3220 3210 3221 3211 
3210 3127 3221 3210 3128 3127 3129 3128 3210 
3214 3129 3210 3131 3129 3214 3215 3131 3214 
3121 3131 3215 3125 3217 3133 3135 3133 3217 
3219 3135 3217 3137 3135 3219 3221 3137 3219 
3127 3137 3221 3142 3222 3141 3142 3143 3223 
3222 3142 3223 3224 3223 3143 3224 3143 3225 
3225 3143 3144 3145 3226 3144 3144 3226 3225 
3147 3227 3145 3145 3227 3226 3227 3147 3148 
3228 3227 3148 3152 3229 3151 3152 3153 3230 
3229 3152 3230 3153 3154 3231 3230 3153 3231 
3154 3232 3231 3141 3232 3154 3141 3233 3232 
3141 3222 3233 3223 3233 3222 3234 3233 3223 
3224 3234 3223 3148 3235 3228 3156 3235 3148 
3235 3156 3157 3236 3235 3157 3161 3237 3160 
3161 3162 3238 3237 3161 3238 3162 3163 3239 
3238 3162 3239 3163 3151 3229 3163 3229 3239 
3239 3229 3240 3241 3230 3242 3241 3240 3230 
3240 3229 3230 3231 3242 3230 3243 3242 3231 
3232 3243 3231 3157 3244 3236 3164 3244 3157 
3244 3164 3165 3245 3244 3165 3169 3246 3168 
3169 3160 3237 3169 3237 3246 3246 3237 3247 
3238 3248 3237 3248 3247 3237 3239 3249 3238 
3249 3248 3238 3250 3240 3251 3250 3249 3240 
3249 3239 3240 3241 3251 3240 3165 3252 3245 
3170 3252 3165 3252 3170 3171 3253 3252 3171 
3168 3246 3173 3175 3173 3246 3175 3246 3254 
3254 3246 3247 3248 3255 3247 3255 3254 3247 
3249 3256 3248 3256 3255 3248 3257 3249 3250 
3257 3258 3249 3258 3256 3249 3257 3259 3258 
3171 3260 3253 3176 3260 3171 3260 3176 3177 
3261 3260 3177 3175 3254 3180 3182 3180 3254 
3255 3182 3254 3184 3182 3255 3256 3184 3255 
3186 3184 3256 3186 3256 3262 3262 3256 3258 
3263 3258 3259 3263 3264 3258 3264 3262 3258 
3264 3265 3266 3263 3265 3264 3266 3267 3268 
3265 3267 3266 3268 3269 3270 3267 3269 3268 
3269 3271 3270 3272 3177 3187 3272 3273 3177 
3273 3261 3177 3187 3188 3272 3186 3262 3189 
3190 3189 3262 3264 3190 3262 3191 3190 3264 
3266 3191 3264 3193 3191 3266 3268 3193 3266 
3195 3193 3268 3195 3268 3274 3274 3268 3270 
3275 3270 3271 3275 3276 3270 3276 3274 3270 
3275 3277 3276 3278 3273 3272 3279 3273 3278 
3188 3197 3278 3272 3188 3278 3195 3274 3198 
3199 3198 3274 3276 3199 3274 3201 3280 3281 
3199 3280 3201 3199 3277 3280 3199 3276 3277 
3281 3282 3283 3280 3282 3281 3283 3284 3285 
3282 3284 3283 3284 3286 3285 3278 3287 3279 
3288 3289 3287 3202 3288 3287 3202 3287 3278 
3202 3278 3197 3202 3203 3288 3201 3281 3204 
3205 3204 3281 3283 3205 3281 3207 3205 3283 
3285 3207 3283 3209 3290 3291 3207 3290 3209 
3207 3286 3290 3207 3285 3286 3291 3292 3293 
3290 3292 3291 3293 3294 3295 3292 3294 3293 
3295 3212 3211 3295 3294 3212 3294 3296 3212 
3289 3288 3213 3289 3213 3296 3296 3213 3212 
3203 3213 3288 3209 3291 3216 3218 3216 3291 
3293 3218 3291 3220 3218 3293 3295 3220 3293 
3211 3220 3295 3225 3297 3224 3225 3226 3298 
3297 3225 3298 3226 3227 3299 3298 3226 3299 
3227 3228 3299 3233 3300 3232 3233 3234 3301 
3300 3233 3301 3234 3302 3301 3224 3302 3234 
3224 3303 3302 3224 3297 3303 3298 3303 3297 
3304 3303 3298 3304 3305 3306 3304 3298 3305 
3298 3299 3305 3228 3235 3307 3228 3307 3299 
3299 3307 3305 3235 3236 3307 3242 3308 3241 
3242 3243 3309 3308 3242 3309 3243 3232 3300 
3243 3300 3309 3309 3300 3310 3311 3301 3312 
3311 3310 3301 3310 3300 3301 3302 3312 3301 
3305 3313 3306 3307 3313 3305 3314 3313 3307 
3315 3316 3314 3244 3315 3314 3244 3314 3307 
3244 3307 3236 3244 3245 3315 3251 3317 3250 
3251 3241 3308 3251 3308 3317 3317 3308 3318 
3309 3319 3308 3319 3318 3308 3310 3320 3309 
3320 3319 3309 3321 3310 3311 3321 3322 3310 
3322 3320 3310 3321 3323 3322 3315 3324 3316 
3325 3326 3324 3252 3325 3324 3252 3324 3315 
3252 3315 3245 3252 3253 3325 3250 3317 3257 
3259 3257 3317 3259 3317 3327 3327 3317 3318 
3319 3328 3318 3328 3327 3318 3320 3329 3319 
3329 3328 3319 3322 3330 3320 3330 3329 3320 
3331 3322 3323 3331 3332 3322 3332 3330 3322 
3331 3333 3332 3325 3334 3326 3335 3336 3334 
3260 3335 3334 3260 3334 3325 3260 3325 3253 
3260 3261 3335 3259 3327 3263 3265 3263 3327 
3328 3265 3327 3267 3265 3328 3329 3267 3328 
3269 3267 3329 3330 3269 3329 3271 3269 3330 
3271 3330 3337 3337 3330 3332 3338 3332 3333 
3338 3339 3332 3339 3337 3332 3338 3340 3339 
3341 3336 3335 3342 3336 3341 3261 3273 3341 
3335 3261 3341 3271 3337 3275 3277 3275 3337 
3277 3337 3343 3343 3337 3339 3344 3339 3340 
3344 3345 3339 3345 3343 3339 3344 3346 3345 
3341 3347 3342 3347 3341 3273 3347 3273 3348 
3348 3273 3279 3277 3343 3280 3282 3280 3343 
3345 3282 3343 3345 3346 3349 3345 3349 3282 
3282 3349 3284 3286 3350 3351 3286 3284 3350 
3284 3349 3350 3351 3352 3353 3350 3352 3351 
3353 3354 3355 3352 3354 3353 3287 3356 3355 
3287 3355 3348 3287 3348 3279 3354 3348 3355 
3287 3289 3356 3286 3351 3290 3292 3290 3351 
3353 3292 3351 3294 3292 3353 3355 3294 3353 
3296 3294 3355 3356 3296 3355 3289 3296 3356 
3303 3357 3302 3303 3304 3358 3357 3303 3358 
3304 3306 3358 3312 3359 3311 3312 3302 3357 
3312 3357 3359 3359 3357 3360 3361 3358 3362 
3361 3360 3358 3360 3357 3358 3363 3364 3362 
3313 3363 3362 3313 3362 3358 3313 3358 3306 
3313 3314 3365 3363 3313 3365 3314 3316 3365 
3311 3359 3321 3323 3321 3359 3323 3359 3366 
3366 3359 3360 3367 3360 3361 3367 3368 3360 
3368 3366 3360 3369 3363 3370 3369 3368 3363 
3364 3363 3367 3367 3363 3368 3370 3371 3372 
3370 3363 3371 3363 3365 3371 3316 3324 3373 
3316 3373 3365 3365 3373 3371 3324 3326 3373 
3323 3366 3331 3333 3331 3366 3333 3366 3374 
3374 3366 3368 3375 3368 3369 3374 3368 3375 
3371 3376 3372 3376 3377 3378 3376 3371 3377 
3371 3373 3377 3326 3334 3379 3326 3379 3373 
3373 3379 3377 3334 3336 3379 3333 3374 3338 
3340 3380 3381 3338 3380 3340 3338 3375 3380 
3338 3374 3375 3380 3382 3381 3377 3383 3378 
3383 3384 3385 3383 3377 3384 3377 3379 3384 
3336 3342 3384 3379 3336 3384 3340 3381 3344 
3346 3386 3387 3344 3386 3346 3344 3382 3386 
3344 3381 3382 3387 3388 3389 3386 3388 3387 
3385 3389 3388 3385 3384 3389 3384 3390 3389 
3342 3347 3391 3342 3391 3384 3384 3391 3390 
3347 3348 3391 3346 3387 3349 3350 3349 3387 
3389 3350 3387 3352 3350 3389 3390 3352 3389 
3354 3352 3390 3391 3354 3390 3348 3354 3391 
3362 3392 3361 3362 3364 3392 3361 3392 3367 
3364 3367 3392 3370 3393 3369 3370 3372 3393 
3393 3394 3375 3369 3393 3375 3372 3376 3395 
3372 3395 3393 3393 3395 3394 3376 3378 3395 
3375 3394 3380 3382 3380 3394 3382 3394 3396 
3396 3394 3395 3378 3383 3397 3378 3397 3395 
3395 3397 3396 3383 3385 3397 3382 3396 3386 
3388 3386 3396 3397 3388 3396 3385 3388 3397 

CELL_DATA 6792
SCALARS Scalars float
LOOKUP_TABLE default
1 1 1 1 1 1 1 1 1 
1 1 1 1 1 1 1 1 1 
1 1 1 1 1 1 1 1 1 
1 1 1 1 1 1 1 1 1 
1 1 1 1 1 1 1 1 1 
1 1 1 1 1 1 1 1 1 
1 1 1 1 1 1 1 1 1 
1 1 1 1 1 1 1 1 1 
1 1 1 1 1 1 1 1 1 
1 1 1 1 1 1 1 1 1 
1 1 1 1 1 1 1 1 1 
1 1 1 1 1 1 1 1 1 
1 1 1 1 1 1 1 1 1 
1 1 1 1 1 1 1 1 1 
1 1 1 1 1 1 1 1 1 
1 1 1 1 1 1 1 1 1 
1 1 1 1 1 1 1 1 1 
1 1 1 1 1 1 1 1 1 
1 1 1 1 1 1 1 1 1 
1 1 1 1 1 1 1 1 1 
1 1 1 1 1 1 1 1 1 
1 1 1 1 1 1 1 1 1 
1 1 1 1 1 1 1 1 1 
1 1 1 1 1 1 1 1 1 
1 1 1 1 1 1 1 1 1 
1 1 1 1 1 1 1 1 1 
1 1 1 1 1 1 1 1 1 
1 1 1 1 1 1 1 1 1 
1 1 1 1 1 1 1 1 1 
1 1 1 1 1 1 1 1 1 
1 1 1 1 1 1 1 1 1 
1 1 1 1 1 1 1 1 1 
1 1 1 1 1 1 1 1 1 
1 1 1 1 1 1 1 1 1 
1 1 1 1 1 1 1 1 1 
1 1 1 1 1 1 1 1 1 
1 1 1 1 1 1 1 1 1 
1 1 1 1 1 1 1 1 1 
1 1 1 1 1 1 1 1 1 
1 1 1 1 1 1 1 1 1 
1 1 1 1 1 1 1 1 1 
1 1 1 1 1 1 1 1 1 
1 1 1 1 1 1 1 1 1 
1 1 1 1 1 1 1 1 1 
1 1 1 1 1 1 1 1 1 
1 1 1 1 1 1 1 1 1 
1 1 1 1 1 1 1 1 1 
1 1 1 1 1 1 1 1 1 
1 1 1 1 1 1 1 1 1 
1 1 1 1 1 1 1 1 1 
1 1 1 1 1 1 1 1 1 
1 1 1 1 1 1 1 1 1 
1 1 1 1 1 1 1 1 1 
1 1 1 1 1 1 1 1 1 
1 1 1 1 1 1 1 1 1 
1 1 1 1 1 1 1 1 1 
1 1 1 1 1 1 1 1 1 
1 1 1 1 1 1 1 1 1 
1 1 1 1 1 1 1 1 1 
1 1 1 1 1 1 1 1 1 
1 1 1 1 1 1 1 1 1 
1 1 1 1 1 1 1 1 1 
1 1 1 1 1 1 1 1 1 
1 1 1 1 1 1 1 1 1 
1 1 1 1 1 1 1 1 1 
1 1 1 1 1 1 1 1 1 
1 1 1 1 1 1 1 1 1 
1 1 1 1 1 1 1 1 1 
1 1 1 1 1 1 1 1 1 
1 1 1 1 1 1 1 1 1 
1 1 1 1 1 1 1 1 1 
1 1 1 1 1 1 1 1 1 
1 1 1 1 1 1 1 1 1 
1 1 1 1 1 1 1 1 1 
1 1 1 1 1 1 1 1 1 
1 1 1 1 1 1 1 1 1 
1 1 1 1 1 1 1 1 1 
1 1 1 1 1 1 1 1 1 
1 1 1 1 1 1 1 1 1 
1 1 1 1 1 1 1 1 1 
1 1 1 1 1 1 1 1 1 
1 1 1 1 1 1 1 1 1 
1 1 1 1 1 1 1 1 1 
1 1 1 1 1 1 1 1 1 
1 1 1 1 1 1 1 1 1 
1 1 1 1 1 1 1 1 1 
1 1 1 1 1 1 1 1 1 
1 1 1 1 1 1 1 1 1 
1 1 1 1 1 1 1 1 1 
1 1 1 1 1 1 1 1 1 
1 1 1 1 1 1 1 1 1 
1 1 1 1 1 1 1 1 1 
1 1 1 1 1 1 1 1 1 
1 1 1 1 1 1 1 1 1 
1 1 1 1 1 1 1 1 1 
1 1 1 1 1 1 1 1 1 
1 1 1 1 1 1 1 1 1 
1 1 1 1 1 1 1 1 1 
1 1 1 1 1 1 1 1 1 
1 1 1 1 1 1 1 1 1 
1 1 1 1 1 1 1 1 1 
1 1 1 1 1 1 1 1 1 
1 1 1 1 1 1 1 1 1 
1 1 1 1 1 1 1 1 1 
1 1 1 1 1 1 1 1 1 
1 1 1 1 1 1 1 1 1 
1 1 1 1 1 1 1 1 1 
1 1 1 1 1 1 1 1 1 
1 1 1 1 1 1 1 1 1 
1 1 1 1 1 1 1 1 1 
1 1 1 1 1 1 1 1 1 
1 1 1 1 1 1 1 1 1 
1 1 1 1 1 1 1 1 1 
1 1 1 1 1 1 1 1 1 
1 1 1 1 1 1 1 1 1 
1 1 1 1 1 1 1 1 1 
1 1 1 1 1 1 1 1 1 
1 1 1 1 1 1 1 1 1 
1 1 1 1 1 1 1 1 1 
1 1 1 1 1 1 1 1 1 
1 1 1 1 1 1 1 1 1 
1 1 1 1 1 1 1 1 1 
1 1 1 1 1 1 1 1 1 
1 1 1 1 1 1 1 1 1 
1 1 1 1 1 1 1 1 1 
1 1 1 1 1 1 1 1 1 
1 1 1 1 1 1 1 1 1 
1 1 1 1 1 1 1 1 1 
1 1 1 1 1 1 1 1 1 
1 1 1 1 1 1 1 1 1 
1 1 1 1 1 1 1 1 1 
1 1 1 1 1 1 1 1 1 
1 1 1 1 1 1 1 1 1 
1 1 1 1 1 1 1 1 1 
1 1 1 1 1 1 1 1 1 
1 1 1 1 1 1 1 1 1 
1 1 1 1 1 1 1 1 1 
1 1 1 1 1 1 1 1 1 
1 1 1 1 1 1 1 1 1 
1 1 1 1 1 1 1 1 1 
1 1 1 1 1 1 1 1 1 
1 1 1 1 1 1 1 1 1 
1 1 1 1 1 1 1 1 1 
1 1 1 1 1 1 1 1 1 
1 1 1 1 1 1 1 1 1 
1 1 1 1 1 1 1 1 1 
1 1 1 1 1 1 1 1 1 
1 1 1 1 1 1 1 1 1 
1 1 1 1 1 1 1 1 1 
1 1 1 1 1 1 1 1 1 
1 1 1 1 1 1 1 1 1 
1 1 1 1 1 1 1 1 1 
1 1 1 1 1 1 1 1 1 
1 1 1 1 1 1 1 1 1 
1 1 1 1 1 1 1 1 1 
1 1 1 1 1 1 1 1 1 
1 1 1 1 1 1 1 1 1 
1 1 1 1 1 1 1 1 1 
1 1 1 1 1 1 1 1 1 
1 1 1 1 1 1 1 1 1 
1 1 1 1 1 1 1 1 1 
1 1 1 1 1 1 1 1 1 
1 1 1 1 1 1 1 1 1 
1 1 1 1 1 1 1 1 1 
1 1 1 1 1 1 1 1 1 
1 1 1 1 1 1 1 1 1 
1 1 1 1 1 1 1 1 1 
1 1 1 1 1 1 1 1 1 
1 1 1 1 1 1 1 1 1 
1 1 1 1 1 1 1 1 1 
1 1 1 1 1 1 1 1 1 
1 1 1 1 1 1 1 1 1 
1 1 1 1 1 1 1 1 1 
1 1 1 1 1 1 1 1 1 
1 1 1 1 1 1 1 1 1 
1 1 1 1 1 1 1 1 1 
1 1 1 1 1 1 1 1 1 
1 1 1 1 1 1 1 1 1 
1 1 1 1 1 1 1 1 1 
1 1 1 1 1 1 1 1 1 
1 1 1 1 1 1 1 1 1 
1 1 1 1 1 1 1 1 1 
1 1 1 1 1 1 1 1 1 
1 1 1 1 1 1 1 1 1 
1 1 1 1 1 1 1 1 1 
1 1 1 1 1 1 1 1 1 
1 1 1 1 1 1 1 1 1 
1 1 1 1 1 1 1 1 1 
1 1 1 1 1 1 1 1 1 
1 1 1 1 1 1 1 1 1 
1 1 1 1 1 1 1 1 1 
1 1 1 1 1 1 1 1 1 
1 1 1 1 1 1 1 1 1 
1 1 1 1 1 1 1 1 1 
1 1 1 1 1 1 1 1 1 
1 1 1 1 1 1 1 1 1 
1 1 1 1 1 1 1 1 1 
1 1 1 1 1 1 1 1 1 
1 1 1 1 1 1 1 1 1 
1 1 1 1 1 1 1 1 1 
1 1 1 1 1 1 1 1 1 
1 1 1 1 1 1 1 1 1 
1 1 1 1 1 1 1 1 1 
1 1 1 1 1 1 1 1 1 
1 1 1 1 1 1 1 1 1 
1 1 1 1 1 1 1 1 1 
1 1 1 1 1 1 1 1 1 
1 1 1 1 1 1 1 1 1 
1 1 1 1 1 1 1 1 1 
1 1 1 1 1 1 1 1 1 
1 1 1 1 1 1 1 1 1 
1 1 1 1 1 1 1 1 1 
1 1 1 1 1 1 1 1 1 
1 1 1 1 1 1 1 1 1 
1 1 1 1 1 1 1 1 1 
1 1 1 1 1 1 1 1 1 
1 1 1 1 1 1 1 1 1 
1 1 1 1 1 1 1 1 1 
1 1 1 1 1 1 1 1 1 
1 1 1 1 1 1 1 1 1 
1 1 1 1 1 1 1 1 1 
1 1 1 1 1 1 1 1 1 
1 1 1 1 1 1 1 1 1 
1 1 1 1 1 1 1 1 1 
1 1 1 1 1 1 1 1 1 
1 1 1 1 1 1 1 1 1 
1 1 1 1 1 1 1 1 1 
1 1 1 1 1 1 1 1 1 
1 1 1 1 1 1 1 1 1 
1 1 1 1 1 1 1 1 1 
1 1 1 1 1 1 1 1 1 
1 1 1 1 1 1 1 1 1 
1 1 1 1 1 1 1 1 1 
1 1 1 1 1 1 1 1 1 
1 1 1 1 1 1 1 1 1 
1 1 1 1 1 1 1 1 1 
1 1 1 1 1 1 1 1 1 
1 1 1 1 1 1 1 1 1 
1 1 1 1 1 1 1 1 1 
1 1 1 1 1 1 1 1 1 
1 1 1 1 1 1 1 1 1 
1 1 1 1 1 1 1 1 1 
1 1 1 1 1 1 1 1 1 
1 1 1 1 1 1 1 1 1 
1 1 1 1 1 1 1 1 1 
1 1 1 1 1 1 1 1 1 
1 1 1 1 1 1 1 1 1 
1 1 1 1 1 1 1 1 1 
1 1 1 1 1 1 1 1 1 
1 1 1 1 1 1 1 1 1 
1 1 1 1 1 1 1 1 1 
1 1 1 1 1 1 1 1 1 
1 1 1 1 1 1 1 1 1 
1 1 1 1 1 1 1 1 1 
1 1 1 1 1 1 1 1 1 
1 1 1 1 1 1 1 1 1 
1 1 1 1 1 1 1 1 1 
1 1 1 1 1 1 1 1 1 
1 1 1 1 1 1 1 1 1 
1 1 1 1 1 1 1 1 1 
1 1 1 1 1 1 1 1 1 
1 1 1 1 1 1 1 1 1 
1 1 1 1 1 1 1 1 1 
1 1 1 1 1 1 1 1 1 
1 1 1 1 1 1 1 1 1 
1 1 1 1 1 1 1 1 1 
1 1 1 1 1 1 1 1 1 
1 1 1 1 1 1 1 1 1 
1 1 1 1 1 1 1 1 1 
1 1 1 1 1 1 1 1 1 
1 1 1 1 1 1 1 1 1 
1 1 1 1 1 1 1 1 1 
1 1 1 1 1 1 1 1 1 
1 1 1 1 1 1 1 1 1 
1 1 1 1 1 1 1 1 1 
1 1 1 1 1 1 1 1 1 
1 1 1 1 1 1 1 1 1 
1 1 1 1 1 1 1 1 1 
1 1 1 1 1 1 1 1 1 
1 1 1 1 1 1 1 1 1 
1 1 1 1 1 1 1 1 1 
1 1 1 1 1 1 1 1 1 
1 1 1 1 1 1 1 1 1 
1 1 1 1 1 1 1 1 1 
1 1 1 1 1 1 1 1 1 
1 1 1 1 1 1 1 1 1 
1 1 1 1 1 1 1 1 1 
1 1 1 1 1 1 1 1 1 
1 1 1 1 1 1 1 1 1 
1 1 1 1 1 1 1 1 1 
1 1 1 1 1 1 1 1 1 
1 1 1 1 1 1 1 1 1 
1 1 1 1 1 1 1 1 1 
1 1 1 1 1 1 1 1 1 
1 1 1 1 1 1 1 1 1 
1 1 1 1 1 1 1 1 1 
1 1 1 1 1 1 1 1 1 
1 1 1 1 1 1 1 1 1 
1 1 1 1 1 1 1 1 1 
1 1 1 1 1 1 1 1 1 
1 1 1 1 1 1 1 1 1 
1 1 1 1 1 1 1 1 1 
1 1 1 1 1 1 1 1 1 
1 1 1 1 1 1 1 1 1 
1 1 1 1 1 1 1 1 1 
1 1 1 1 1 1 1 1 1 
1 1 1 1 1 1 1 1 1 
1 1 1 1 1 1 1 1 1 
1 1 1 1 1 1 1 1 1 
1 1 1 1 1 1 1 1 1 
1 1 1 1 1 1 1 1 1 
1 1 1 1 1 1 1 1 1 
1 1 1 1 1 1 1 1 1 
1 1 1 1 1 1 1 1 1 
1 1 1 1 1 1 1 1 1 
1 1 1 1 1 1 1 1 1 
1 1 1 1 1 1 1 1 1 
1 1 1 1 1 1 1 1 1 
1 1 1 1 1 1 1 1 1 
1 1 1 1 1 1 1 1 1 
1 1 1 1 1 1 1 1 1 
1 1 1 1 1 1 1 1 1 
1 1 1 1 1 1 1 1 1 
1 1 1 1 1 1 1 1 1 
1 1 1 1 1 1 1 1 1 
1 1 1 1 1 1 1 1 1 
1 1 1 1 1 1 1 1 1 
1 1 1 1 1 1 1 1 1 
1 1 1 1 1 1 1 1 1 
1 1 1 1 1 1 1 1 1 
1 1 1 1 1 1 1 1 1 
1 1 1 1 1 1 1 1 1 
1 1 1 1 1 1 1 1 1 
1 1 1 1 1 1 1 1 1 
1 1 1 1 1 1 1 1 1 
1 1 1 1 1 1 1 1 1 
1 1 1 1 1 1 1 1 1 
1 1 1 1 1 1 1 1 1 
1 1 1 1 1 1 1 1 1 
1 1 1 1 1 1 1 1 1 
1 1 1 1 1 1 1 1 1 
1 1 1 1 1 1 1 1 1 
1 1 1 1 1 1 1 1 1 
1 1 1 1 1 1 1 1 1 
1 1 1 1 1 1 1 1 1 
1 1 1 1 1 1 1 1 1 
1 1 1 1 1 1 1 1 1 
1 1 1 1 1 1 1 1 1 
1 1 1 1 1 1 1 1 1 
1 1 1 1 1 1 1 1 1 
1 1 1 1 1 1 1 1 1 
1 1 1 1 1 1 1 1 1 
1 1 1 1 1 1 1 1 1 
1 1 1 1 1 1 1 1 1 
1 1 1 1 1 1 1 1 1 
1 1 1 1 1 1 1 1 1 
1 1 1 1 1 1 1 1 1 
1 1 1 1 1 1 1 1 1 
1 1 1 1 1 1 1 1 1 
1 1 1 1 1 1 1 1 1 
1 1 1 1 1 1 1 1 1 
1 1 1 1 1 1 1 1 1 
1 1 1 1 1 1 1 1 1 
1 1 1 1 1 1 1 1 1 
1 1 1 1 1 1 1 1 1 
1 1 1 1 1 1 1 1 1 
1 1 1 1 1 1 1 1 1 
1 1 1 1 1 1 1 1 1 
1 1 1 1 1 1 1 1 1 
1 1 1 1 1 1 1 1 1 
1 1 1 1 1 1 1 1 1 
1 1 1 1 1 1 1 1 1 
1 1 1 1 1 1 1 1 1 
1 1 1 1 1 1 1 1 1 
1 1 1 1 1 1 1 1 1 
1 1 1 1 1 1 1 1 1 
1 1 1 1 1 1 1 1 1 
1 1 1 1 1 1 1 1 1 
1 1 1 1 1 1 1 1 1 
1 1 1 1 1 1 1 1 1 
1 1 1 1 1 1 1 1 1 
1 1 1 1 1 1 1 1 1 
1 1 1 1 1 1 1 1 1 
1 1 1 1 1 1 1 1 1 
1 1 1 1 1 1 1 1 1 
1 1 1 1 1 1 1 1 1 
1 1 1 1 1 1 1 1 1 
1 1 1 1 1 1 1 1 1 
1 1 1 1 1 1 1 1 1 
1 1 1 1 1 1 1 1 1 
1 1 1 1 1 1 1 1 1 
1 1 1 1 1 1 1 1 1 
1 1 1 1 1 1 1 1 1 
1 1 1 1 1 1 1 1 1 
1 1 1 1 1 1 1 1 1 
1 1 1 1 1 1 1 1 1 
1 1 1 1 1 1 1 1 1 
1 1 1 1 1 1 1 1 1 
1 1 1 1 1 1 1 1 1 
1 1 1 1 1 1 1 1 1 
1 1 1 1 1 1 1 1 1 
1 1 1 1 1 1 1 1 1 
1 1 1 1 1 1 1 1 1 
1 1 1 1 1 1 1 1 1 
1 1 1 1 1 1 1 1 1 
1 1 1 1 1 1 1 1 1 
1 1 1 1 1 1 1 1 1 
1 1 1 1 1 1 1 1 1 
1 1 1 1 1 1 1 1 1 
1 1 1 1 1 1 1 1 1 
1 1 1 1 1 1 1 1 1 
1 1 1 1 1 1 1 1 1 
1 1 1 1 1 1 1 1 1 
1 1 1 1 1 1 1 1 1 
1 1 1 1 1 1 1 1 1 
1 1 1 1 1 1 1 1 1 
1 1 1 1 1 1 1 1 1 
1 1 1 1 1 1 1 1 1 
1 1 1 1 1 1 1 1 1 
1 1 1 1 1 1 1 1 1 
1 1 1 1 1 1 1 1 1 
1 1 1 1 1 1 1 1 1 
1 1 1 1 1 1 1 1 1 
1 1 1 1 1 1 1 1 1 
1 1 1 1 1 1 1 1 1 
1 1 1 1 1 1 1 1 1 
1 1 1 1 1 1 1 1 1 
1 1 1 1 1 1 1 1 1 
1 1 1 1 1 1 1 1 1 
1 1 1 1 1 1 1 1 1 
1 1 1 1 1 1 1 1 1 
1 1 1 1 1 1 1 1 1 
1 1 1 1 1 1 1 1 1 
1 1 1 1 1 1 1 1 1 
1 1 1 1 1 1 1 1 1 
1 1 1 1 1 1 1 1 1 
1 1 1 1 1 1 1 1 1 
1 1 1 1 1 1 1 1 1 
1 1 1 1 1 1 1 1 1 
1 1 1 1 1 1 1 1 1 
1 1 1 1 1 1 1 1 1 
1 1 1 1 1 1 1 1 1 
1 1 1 1 1 1 1 1 1 
1 1 1 1 1 1 1 1 1 
1 1 1 1 1 1 1 1 1 
1 1 1 1 1 1 1 1 1 
1 1 1 1 1 1 1 1 1 
1 1 1 1 1 1 1 1 1 
1 1 1 1 1 1 1 1 1 
1 1 1 1 1 1 1 1 1 
1 1 1 1 1 1 1 1 1 
1 1 1 1 1 1 1 1 1 
1 1 1 1 1 1 1 1 1 
1 1 1 1 1 1 1 1 1 
1 1 1 1 1 1 1 1 1 
1 1 1 1 1 1 1 1 1 
1 1 1 1 1 1 1 1 1 
1 1 1 1 1 1 1 1 1 
1 1 1 1 1 1 1 1 1 
1 1 1 1 1 1 1 1 1 
1 1 1 1 1 1 1 1 1 
1 1 1 1 1 1 1 1 1 
1 1 1 1 1 1 1 1 1 
1 1 1 1 1 1 1 1 1 
1 1 1 1 1 1 1 1 1 
1 1 1 1 1 1 1 1 1 
1 1 1 1 1 1 1 1 1 
1 1 1 1 1 1 1 1 1 
1 1 1 1 1 1 1 1 1 
1 1 1 1 1 1 1 1 1 
1 1 1 1 1 1 1 1 1 
1 1 1 1 1 1 1 1 1 
1 1 1 1 1 1 1 1 1 
1 1 1 1 1 1 1 1 1 
1 1 1 1 1 1 1 1 1 
1 1 1 1 1 1 1 1 1 
1 1 1 1 1 1 1 1 1 
1 1 1 1 1 1 1 1 1 
1 1 1 1 1 1 1 1 1 
1 1 1 1 1 1 1 1 1 
1 1 1 1 1 1 1 1 1 
1 1 1 1 1 1 1 1 1 
1 1 1 1 1 1 1 1 1 
1 1 1 1 1 1 1 1 1 
1 1 1 1 1 1 1 1 1 
1 1 1 1 1 1 1 1 1 
1 1 1 1 1 1 1 1 1 
1 1 1 1 1 1 1 1 1 
1 1 1 1 1 1 1 1 1 
1 1 1 1 1 1 1 1 1 
1 1 1 1 1 1 1 1 1 
1 1 1 1 1 1 1 1 1 
1 1 1 1 1 1 1 1 1 
1 1 1 1 1 1 1 1 1 
1 1 1 1 1 1 1 1 1 
1 1 1 1 1 1 1 1 1 
1 1 1 1 1 1 1 1 1 
1 1 1 1 1 1 1 1 1 
1 1 1 1 1 1 1 1 1 
1 1 1 1 1 1 1 1 1 
1 1 1 1 1 1 1 1 1 
1 1 1 1 1 1 1 1 1 
1 1 1 1 1 1 1 1 1 
1 1 1 1 1 1 1 1 1 
1 1 1 1 1 1 1 1 1 
1 1 1 1 1 1 1 1 1 
1 1 1 1 1 1 1 1 1 
1 1 1 1 1 1 1 1 1 
1 1 1 1 1 1 1 1 1 
1 1 1 1 1 1 1 1 1 
1 1 1 1 1 1 1 1 1 
1 1 1 1 1 1 1 1 1 
1 1 1 1 1 1 1 1 1 
1 1 1 1 1 1 1 1 1 
1 1 1 1 1 1 1 1 1 
1 1 1 1 1 1 1 1 1 
1 1 1 1 1 1 1 1 1 
1 1 1 1 1 1 1 1 1 
1 1 1 1 1 1 1 1 1 
1 1 1 1 1 1 1 1 1 
1 1 1 1 1 1 1 1 1 
1 1 1 1 1 1 1 1 1 
1 1 1 1 1 1 1 1 1 
1 1 1 1 1 1 1 1 1 
1 1 1 1 1 1 1 1 1 
1 1 1 1 1 1 1 1 1 
1 1 1 1 1 1 1 1 1 
1 1 1 1 1 1 1 1 1 
1 1 1 1 1 1 1 1 1 
1 1 1 1 1 1 1 1 1 
1 1 1 1 1 1 1 1 1 
1 1 1 1 1 1 1 1 1 
1 1 1 1 1 1 1 1 1 
1 1 1 1 1 1 1 1 1 
1 1 1 1 1 1 1 1 1 
1 1 1 1 1 1 1 1 1 
1 1 1 1 1 1 1 1 1 
1 1 1 1 1 1 1 1 1 
1 1 1 1 1 1 1 1 1 
1 1 1 1 1 1 1 1 1 
1 1 1 1 1 1 1 1 1 
1 1 1 1 1 1 1 1 1 
1 1 1 1 1 1 1 1 1 
1 1 1 1 1 1 1 1 1 
1 1 1 1 1 1 1 1 1 
1 1 1 1 1 1 1 1 1 
1 1 1 1 1 1 1 1 1 
1 1 1 1 1 1 1 1 1 
1 1 1 1 1 1 1 1 1 
1 1 1 1 1 1 1 1 1 
1 1 1 1 1 1 1 1 1 
1 1 1 1 1 1 1 1 1 
1 1 1 1 1 1 1 1 1 
1 1 1 1 1 1 1 1 1 
1 1 1 1 1 1 1 1 1 
1 1 1 1 1 1 1 1 1 
1 1 1 1 1 1 1 1 1 
1 1 1 1 1 1 1 1 1 
1 1 1 1 1 1 1 1 1 
1 1 1 1 1 1 1 1 1 
1 1 1 1 1 1 1 1 1 
1 1 1 1 1 1 1 1 1 
1 1 1 1 1 1 1 1 1 
1 1 1 1 1 1 1 1 1 
1 1 1 1 1 1 1 1 1 
1 1 1 1 1 1 1 1 1 
1 1 1 1 1 1 1 1 1 
1 1 1 1 1 1 1 1 1 
1 1 1 1 1 1 1 1 1 
1 1 1 1 1 1 1 1 1 
1 1 1 1 1 1 1 1 1 
1 1 1 1 1 1 1 1 1 
1 1 1 1 1 1 1 1 1 
1 1 1 1 1 1 1 1 1 
1 1 1 1 1 1 1 1 1 
1 1 1 1 1 1 1 1 1 
1 1 1 1 1 1 1 1 1 
1 1 1 1 1 1 1 1 1 
1 1 1 1 1 1 1 1 1 
1 1 1 1 1 1 1 1 1 
1 1 1 1 1 1 1 1 1 
1 1 1 1 1 1 1 1 1 
1 1 1 1 1 1 1 1 1 
1 1 1 1 1 1 1 1 1 
1 1 1 1 1 1 1 1 1 
1 1 1 1 1 1 1 1 1 
1 1 1 1 1 1 1 1 1 
1 1 1 1 1 1 1 1 1 
1 1 1 1 1 1 1 1 1 
1 1 1 1 1 1 1 1 1 
1 1 1 1 1 1 1 1 1 
1 1 1 1 1 1 1 1 1 
1 1 1 1 1 1 1 1 1 
1 1 1 1 1 1 1 1 1 
1 1 1 1 1 1 1 1 1 
1 1 1 1 1 1 1 1 1 
1 1 1 1 1 1 1 1 1 
1 1 1 1 1 1 1 1 1 
1 1 1 1 1 1 1 1 1 
1 1 1 1 1 1 1 1 1 
1 1 1 1 1 1 1 1 1 
1 1 1 1 1 1 1 1 1 
1 1 1 1 1 1 1 1 1 
1 1 1 1 1 1 1 1 1 
1 1 1 1 1 1 1 1 1 
1 1 1 1 1 1 1 1 1 
1 1 1 1 1 1 1 1 1 
1 1 1 1 1 1 1 1 1 
1 1 1 1 1 1 1 1 1 
1 1 1 1 1 1 1 1 1 
1 1 1 1 1 1 1 1 1 
1 1 1 1 1 1 1 1 1 
1 1 1 1 1 1 1 1 1 
1 1 1 1 1 1 1 1 1 
1 1 1 1 1 1 1 1 1 
1 1 1 1 1 1 1 1 1 
1 1 1 1 1 1 1 1 1 
1 1 1 1 1 1 1 1 1 
1 1 1 1 1 1 1 1 1 
1 1 1 1 1 1 1 1 1 
1 1 1 1 1 1 1 1 1 
1 1 1 1 1 1 1 1 1 
1 1 1 1 1 1 1 1 1 
1 1 1 1 1 1 1 1 1 
1 1 1 1 1 1 1 1 1 
1 1 1 1 1 1 1 1 1 
1 1 1 1 1 1 1 1 1 
1 1 1 1 1 1 1 1 1 
1 1 1 1 1 1 1 1 1 
1 1 1 1 1 1 1 1 1 
1 1 1 1 1 1 1 1 1 
1 1 1 1 1 1 1 1 1 
1 1 1 1 1 1 1 1 1 
1 1 1 1 1 1 1 1 1 
1 1 1 1 1 1 1 1 1 
1 1 1 1 1 1 1 1 1 
1 1 1 1 1 1 1 1 1 
1 1 1 1 1 1 1 1 1 
1 1 1 1 1 1 1 1 1 
1 1 1 1 1 1 1 1 1 
1 1 1 1 1 1 1 1 1 
1 1 1 1 1 1 1 1 1 
1 1 1 1 1 1 1 1 1 
1 1 1 1 1 1 1 1 1 
1 1 1 1 1 1 1 1 1 
1 1 1 1 1 1 1 1 1 
1 1 1 1 1 1 1 1 1 
1 1 1 1 1 1 1 1 1 
1 1 1 1 1 1 1 1 1 
1 1 1 1 1 1 1 1 1 
1 1 1 1 1 1 1 1 1 
1 1 1 1 1 1 1 1 1 
1 1 1 1 1 1 1 1 1 
1 1 1 1 1 1 1 1 1 
1 1 1 1 1 1 1 1 1 
1 1 1 1 1 1 1 1 1 
1 1 1 1 1 1 1 1 1 
1 1 1 1 1 1 1 1 1 
1 1 1 1 1 1 1 1 1 
1 1 1 1 1 1 1 1 1 
1 1 1 1 1 1 1 1 1 
1 1 1 1 1 1 1 1 1 
1 1 1 1 1 1 1 1 1 
1 1 1 1 1 1 1 1 1 
1 1 1 1 1 1 1 1 1 
1 1 1 1 1 1 1 1 1 
1 1 1 1 1 1 1 1 1 
1 1 1 1 1 1 1 1 1 
1 1 1 1 1 1 1 1 1 
1 1 1 1 1 1 1 1 1 
1 1 1 1 1 1 1 1 1 
1 1 1 1 1 1 1 1 1 
1 1 1 1 1 1 1 1 1 
1 1 1 1 1 1 1 1 1 
1 1 1 1 1 1 1 1 1 
1 1 1 1 1 1 1 1 1 
1 1 1 1 1 1 1 1 1 
1 1 1 1 1 1 1 1 1 
1 1 1 1 1 1 1 1 1 
1 1 1 1 1 1 1 1 1 
1 1 1 1 1 1 1 1 1 
1 1 1 1 1 1 1 1 1 
1 1 1 1 1 1 1 1 1 
1 1 1 1 1 1 1 1 1 
1 1 1 1 1 1 1 1 1 
1 1 1 1 1 1 1 1 1 
1 1 1 1 1 1 1 1 1 
1 1 1 1 1 1 1 1 1 
1 1 1 1 1 1 1 1 1 
1 1 1 1 1 1 1 1 1 
1 1 1 1 1 1 1 1 1 
1 1 1 1 1 1 1 1 1 
1 1 1 1 1 1 1 1 1 
1 1 1 1 1 1 1 1 1 
1 1 1 1 1 1 1 1 1 
1 1 1 1 1 1 1 1 1 
1 1 1 1 1 1 1 1 1 
1 1 1 1 1 1 1 1 1 
1 1 1 1 1 1 1 1 1 
1 1 1 1 1 1 1 1 1 
1 1 1 1 1 1 1 1 1 
1 1 1 1 1 1 1 1 1 
1 1 1 1 1 1 1 1 1 
1 1 1 1 1 1 1 1 1 
1 1 1 1 1 1 1 1 1 
1 1 1 1 1 1 1 1 1 
1 1 1 1 1 1 1 1 1 
1 1 1 1 1 1 1 1 1 
1 1 1 1 1 1 1 1 1 
1 1 1 1 1 1 1 1 1 
1 1 1 1 1 1 1 1 1 
1 1 1 1 1 1 1 1 1 
1 1 1 1 1 1 1 1 1 
1 1 1 1 1 1 1 1 1 
1 1 1 1 1 1 1 1 1 
1 1 1 1 1 1 1 1 1 
1 1 1 1 1 1 1 1 1 
1 1 1 1 1 1 1 1 1 
1 1 1 1 1 1 1 1 1 
1 1 1 1 1 1 1 1 1 
1 1 1 1 1 1 1 1 1 
1 1 1 1 1 1 1 1 1 
1 1 1 1 1 1 1 1 1 
1 1 1 1 1 1 1 1 1 
1 1 1 1 1 1 1 1 1 
1 1 1 1 1 1 1 1 1 
1 1 1 1 1 1 1 1 1 
1 1 1 1 1 1 1 1 1 
1 1 1 1 1 1 1 1 1 
1 1 1 1 1 1 1 1 1 
1 1 1 1 1 1 1 1 1 
1 1 1 1 1 1 1 1 1 
1 1 1 1 1 1 1 1 1 
1 1 1 1 1 1 1 1 1 
1 1 1 1 1 1 1 1 1 
1 1 1 1 1 1 1 1 1 
1 1 1 1 1 1 1 1 1 
1 1 1 1 1 1 1 1 1 
1 1 1 1 1 1 1 1 1 
1 1 1 1 1 1 1 1 1 
1 1 1 1 1 1 1 1 1 
1 1 1 1 1 1 1 1 1 
1 1 1 1 1 1 1 1 1 
1 1 1 1 1 1 1 1 1 
1 1 1 1 1 1 1 1 1 
1 1 1 1 1 1 1 1 1 
1 1 1 1 1 1 1 1 1 
1 1 1 1 1 1 1 1 1 
1 1 1 1 1 1 1 1 1 
1 1 1 1 1 1 1 1 1 
1 1 1 1 1 1 1 1 1 
1 1 1 1 1 1 1 1 1 
1 1 1 1 1 1 1 1 1 
1 1 1 1 1 1 1 1 1 
1 1 1 1 1 1 
