round,TP,TN,FP,FN,Accuracy,BalancedAccuracy,Sensitivity_Class0,Specificity_Class0,F1_Class0,Sensitivity_Class1,Specificity_Class1,F1_Class1,F1_macro,AUC
1,10,53,0,14,0.8181818181818182,0.7083333333333334,1.0,0.4166666666666667,0.8833333333333333,0.4166666666666667,1.0,0.5882352941176471,0.7357843137254902,0.7641509433962265
2,15,55,1,6,0.9090909090909091,0.8482142857142857,0.9821428571428571,0.7142857142857143,0.9401709401709402,0.7142857142857143,0.9821428571428571,0.8108108108108109,0.8754908754908755,0.8035714285714285
3,13,55,3,6,0.8831168831168831,0.8162431941923776,0.9482758620689655,0.6842105263157895,0.9243697478991597,0.6842105263157895,0.9482758620689655,0.7428571428571429,0.8336134453781513,0.8539019963702359
4,7,57,2,11,0.8311688311688312,0.6774952919020716,0.9661016949152542,0.3888888888888889,0.8976377952755905,0.3888888888888889,0.9661016949152542,0.5185185185185185,0.7080781568970544,0.7890772128060263
5,14,52,2,9,0.8571428571428571,0.7858293075684379,0.9629629629629629,0.6086956521739131,0.9043478260869565,0.6086956521739131,0.9629629629629629,0.717948717948718,0.8111482720178372,0.8381642512077294
6,9,56,0,12,0.8441558441558441,0.7142857142857143,1.0,0.42857142857142855,0.9032258064516129,0.42857142857142855,1.0,0.6,0.7516129032258064,0.8239795918367347
7,13,53,3,8,0.8571428571428571,0.7827380952380952,0.9464285714285714,0.6190476190476191,0.905982905982906,0.6190476190476191,0.9464285714285714,0.7027027027027027,0.8043428043428044,0.8579931972789115
8,14,53,2,8,0.8701298701298701,0.8,0.9636363636363636,0.6363636363636364,0.9137931034482759,0.6363636363636364,0.9636363636363636,0.7368421052631579,0.8253176043557169,0.8735537190082645
9,13,51,4,9,0.8311688311688312,0.759090909090909,0.9272727272727272,0.5909090909090909,0.8869565217391304,0.5909090909090909,0.9272727272727272,0.6666666666666666,0.7768115942028986,0.7892561983471075
10,7,60,2,8,0.8701298701298701,0.7172043010752689,0.967741935483871,0.4666666666666667,0.9230769230769231,0.4666666666666667,0.967741935483871,0.5833333333333334,0.7532051282051282,0.9064516129032257
11,16,52,2,7,0.8831168831168831,0.8293075684380031,0.9629629629629629,0.6956521739130435,0.9203539823008849,0.6956521739130435,0.9629629629629629,0.7804878048780488,0.8504208935894668,0.7769726247987118
12,9,53,2,13,0.8051948051948052,0.6863636363636364,0.9636363636363636,0.4090909090909091,0.8760330578512396,0.4090909090909091,0.9636363636363636,0.5454545454545454,0.7107438016528925,0.7380165289256198
13,12,58,2,5,0.9090909090909091,0.8362745098039216,0.9666666666666667,0.7058823529411765,0.943089430894309,0.7058823529411765,0.9666666666666667,0.7741935483870968,0.8586414896407029,0.8931372549019608
14,13,57,1,6,0.9090909090909091,0.8334845735027223,0.9827586206896551,0.6842105263157895,0.9421487603305785,0.6842105263157895,0.9827586206896551,0.7878787878787878,0.8650137741046832,0.8920145190562613
15,9,57,3,8,0.8571428571428571,0.7397058823529412,0.95,0.5294117647058824,0.912,0.5294117647058824,0.95,0.6206896551724138,0.7663448275862069,0.8117647058823529
16,12,53,5,7,0.8441558441558441,0.7726860254083485,0.9137931034482759,0.631578947368421,0.8983050847457628,0.631578947368421,0.9137931034482759,0.6666666666666666,0.7824858757062148,0.8176043557168784
17,13,55,2,7,0.8831168831168831,0.8074561403508772,0.9649122807017544,0.65,0.9243697478991597,0.65,0.9649122807017544,0.7428571428571429,0.8336134453781513,0.7859649122807018
18,16,49,3,9,0.8441558441558441,0.7911538461538461,0.9423076923076923,0.64,0.8909090909090909,0.64,0.9423076923076923,0.7272727272727273,0.8090909090909091,0.8653846153846155
19,13,52,4,8,0.8441558441558441,0.7738095238095238,0.9285714285714286,0.6190476190476191,0.896551724137931,0.6190476190476191,0.9285714285714286,0.6842105263157895,0.7903811252268602,0.8214285714285714
20,11,50,6,10,0.7922077922077922,0.7083333333333334,0.8928571428571429,0.5238095238095238,0.8620689655172413,0.5238095238095238,0.8928571428571429,0.5789473684210527,0.720508166969147,0.8188775510204082
21,13,55,0,9,0.8831168831168831,0.7954545454545454,1.0,0.5909090909090909,0.9243697478991597,0.5909090909090909,1.0,0.7428571428571429,0.8336134453781513,0.8801652892561983
22,9,56,2,10,0.8441558441558441,0.7196007259528131,0.9655172413793104,0.47368421052631576,0.9032258064516129,0.47368421052631576,0.9655172413793104,0.6,0.7516129032258064,0.7885662431941923
23,12,57,1,7,0.8961038961038961,0.807168784029038,0.9827586206896551,0.631578947368421,0.9344262295081968,0.631578947368421,0.9827586206896551,0.75,0.8422131147540983,0.8729582577132486
24,17,55,1,4,0.935064935064935,0.8958333333333333,0.9821428571428571,0.8095238095238095,0.9565217391304348,0.8095238095238095,0.9821428571428571,0.8717948717948718,0.9141583054626533,0.9107142857142857
25,11,57,1,8,0.8831168831168831,0.780852994555354,0.9827586206896551,0.5789473684210527,0.926829268292683,0.5789473684210527,0.9827586206896551,0.7096774193548387,0.8182533438237609,0.882032667876588
26,14,56,1,6,0.9090909090909091,0.8412280701754385,0.9824561403508771,0.7,0.9411764705882353,0.7,0.9824561403508771,0.8,0.8705882352941177,0.9026315789473683
27,9,59,0,9,0.8831168831168831,0.75,1.0,0.5,0.9291338582677166,0.5,1.0,0.6666666666666666,0.7979002624671916,0.8418079096045198
28,9,57,4,7,0.8571428571428571,0.7484631147540983,0.9344262295081968,0.5625,0.912,0.5625,0.9344262295081968,0.6206896551724138,0.7663448275862069,0.7438524590163934
29,12,53,5,7,0.8441558441558441,0.7726860254083485,0.9137931034482759,0.631578947368421,0.8983050847457628,0.631578947368421,0.9137931034482759,0.6666666666666666,0.7824858757062148,0.823049001814882
30,11,63,0,3,0.961038961038961,0.8928571428571428,1.0,0.7857142857142857,0.9767441860465116,0.7857142857142857,1.0,0.88,0.9283720930232557,0.9115646258503401
31,14,54,2,7,0.8831168831168831,0.8154761904761905,0.9642857142857143,0.6666666666666666,0.9230769230769231,0.6666666666666666,0.9642857142857143,0.7567567567567568,0.83991683991684,0.8843537414965986
32,16,53,0,8,0.8961038961038961,0.8333333333333333,1.0,0.6666666666666666,0.9298245614035088,0.6666666666666666,1.0,0.8,0.8649122807017544,0.9064465408805031
33,13,50,2,12,0.8181818181818182,0.7407692307692308,0.9615384615384616,0.52,0.8771929824561403,0.52,0.9615384615384616,0.65,0.7635964912280702,0.8300000000000001
34,10,57,4,6,0.8701298701298701,0.7797131147540983,0.9344262295081968,0.625,0.9193548387096774,0.625,0.9344262295081968,0.6666666666666666,0.793010752688172,0.8360655737704917
35,19,52,1,5,0.922077922077922,0.8863993710691824,0.9811320754716981,0.7916666666666666,0.9454545454545454,0.7916666666666666,0.9811320754716981,0.8636363636363636,0.9045454545454545,0.9174528301886793
36,10,57,2,8,0.8701298701298701,0.7608286252354048,0.9661016949152542,0.5555555555555556,0.9193548387096774,0.5555555555555556,0.9661016949152542,0.6666666666666666,0.793010752688172,0.8700564971751412
37,11,52,3,11,0.8181818181818182,0.7227272727272727,0.9454545454545454,0.5,0.8813559322033898,0.5,0.9454545454545454,0.6111111111111112,0.7462335216572504,0.7768595041322315
38,11,57,1,8,0.8831168831168831,0.780852994555354,0.9827586206896551,0.5789473684210527,0.926829268292683,0.5789473684210527,0.9827586206896551,0.7096774193548387,0.8182533438237609,0.8811252268602541
39,10,55,7,5,0.8441558441558441,0.7768817204301075,0.8870967741935484,0.6666666666666666,0.9016393442622951,0.6666666666666666,0.8870967741935484,0.625,0.7633196721311475,0.8032258064516129
40,13,54,1,9,0.8701298701298701,0.7863636363636364,0.9818181818181818,0.5909090909090909,0.9152542372881356,0.5909090909090909,0.9818181818181818,0.7222222222222222,0.8187382297551788,0.8338842975206612
41,11,53,2,11,0.8311688311688312,0.7318181818181818,0.9636363636363636,0.5,0.8907563025210085,0.5,0.9636363636363636,0.6285714285714286,0.7596638655462185,0.7727272727272728
42,13,56,5,3,0.8961038961038961,0.865266393442623,0.9180327868852459,0.8125,0.9333333333333333,0.8125,0.9180327868852459,0.7647058823529411,0.8490196078431372,0.8862704918032787
43,12,62,1,2,0.961038961038961,0.9206349206349206,0.9841269841269841,0.8571428571428571,0.9763779527559056,0.8571428571428571,0.9841269841269841,0.8888888888888888,0.9326334208223972,0.971655328798186
44,17,50,3,7,0.8701298701298701,0.8258647798742138,0.9433962264150944,0.7083333333333334,0.9090909090909091,0.7083333333333334,0.9433962264150944,0.7727272727272727,0.8409090909090908,0.8891509433962265
45,14,52,4,7,0.8571428571428571,0.7976190476190477,0.9285714285714286,0.6666666666666666,0.9043478260869565,0.6666666666666666,0.9285714285714286,0.717948717948718,0.8111482720178372,0.8035714285714286
46,14,51,1,11,0.8441558441558441,0.7703846153846154,0.9807692307692307,0.56,0.8947368421052632,0.56,0.9807692307692307,0.7,0.7973684210526315,0.8215384615384616
47,17,50,2,8,0.8701298701298701,0.8207692307692308,0.9615384615384616,0.68,0.9090909090909091,0.68,0.9615384615384616,0.7727272727272727,0.8409090909090908,0.8653846153846153
48,14,47,2,14,0.7922077922077922,0.7295918367346939,0.9591836734693877,0.5,0.8545454545454545,0.5,0.9591836734693877,0.6363636363636364,0.7454545454545454,0.8250728862973761
49,11,61,2,3,0.935064935064935,0.876984126984127,0.9682539682539683,0.7857142857142857,0.9606299212598425,0.7857142857142857,0.9682539682539683,0.8148148148148148,0.8877223680373286,0.9149659863945578
50,17,48,1,11,0.8441558441558441,0.7933673469387754,0.9795918367346939,0.6071428571428571,0.8888888888888888,0.6071428571428571,0.9795918367346939,0.7391304347826086,0.8140096618357487,0.9234693877551021
51,10,56,2,9,0.8571428571428571,0.7459165154264973,0.9655172413793104,0.5263157894736842,0.9105691056910569,0.5263157894736842,0.9655172413793104,0.6451612903225806,0.7778651980068187,0.852087114337568
52,12,52,3,10,0.8311688311688312,0.7454545454545454,0.9454545454545454,0.5454545454545454,0.8888888888888888,0.5454545454545454,0.9454545454545454,0.6486486486486487,0.7687687687687688,0.7611570247933884
53,13,46,3,15,0.7662337662337663,0.701530612244898,0.9387755102040817,0.4642857142857143,0.8363636363636363,0.4642857142857143,0.9387755102040817,0.5909090909090909,0.7136363636363636,0.7339650145772595
54,13,53,0,11,0.8571428571428571,0.7708333333333333,1.0,0.5416666666666666,0.905982905982906,0.5416666666666666,1.0,0.7027027027027027,0.8043428043428044,0.9433962264150944
55,13,56,2,6,0.8961038961038961,0.8248638838475499,0.9655172413793104,0.6842105263157895,0.9333333333333333,0.6842105263157895,0.9655172413793104,0.7647058823529411,0.8490196078431372,0.8557168784029039
56,6,58,4,9,0.8311688311688312,0.667741935483871,0.9354838709677419,0.4,0.8992248062015504,0.4,0.9354838709677419,0.48,0.6896124031007752,0.6827956989247311
57,22,45,2,8,0.8701298701298701,0.8453900709219858,0.9574468085106383,0.7333333333333333,0.9,0.7333333333333333,0.9574468085106383,0.8148148148148148,0.8574074074074074,0.8843971631205674
58,13,56,4,4,0.8961038961038961,0.8490196078431372,0.9333333333333333,0.7647058823529411,0.9333333333333333,0.7647058823529411,0.9333333333333333,0.7647058823529411,0.8490196078431372,0.8637254901960784
59,13,53,2,9,0.8571428571428571,0.7772727272727273,0.9636363636363636,0.5909090909090909,0.905982905982906,0.5909090909090909,0.9636363636363636,0.7027027027027027,0.8043428043428044,0.8082644628099174
60,17,46,4,10,0.8181818181818182,0.7748148148148148,0.92,0.6296296296296297,0.8679245283018868,0.6296296296296297,0.92,0.7083333333333334,0.78812893081761,0.8274074074074074
61,12,55,2,8,0.8701298701298701,0.7824561403508772,0.9649122807017544,0.6,0.9166666666666666,0.6,0.9649122807017544,0.7058823529411765,0.8112745098039216,0.8333333333333334
62,15,46,4,12,0.7922077922077922,0.7377777777777779,0.92,0.5555555555555556,0.8518518518518519,0.5555555555555556,0.92,0.6521739130434783,0.7520128824476651,0.8407407407407408
63,14,55,1,7,0.8961038961038961,0.8244047619047619,0.9821428571428571,0.6666666666666666,0.9322033898305084,0.6666666666666666,0.9821428571428571,0.7777777777777778,0.8549905838041432,0.8988095238095238
64,16,51,2,8,0.8701298701298701,0.8144654088050314,0.9622641509433962,0.6666666666666666,0.9107142857142857,0.6666666666666666,0.9622641509433962,0.7619047619047619,0.8363095238095237,0.863993710691824
65,13,56,0,8,0.8961038961038961,0.8095238095238095,1.0,0.6190476190476191,0.9333333333333333,0.6190476190476191,1.0,0.7647058823529411,0.8490196078431372,0.8596938775510203
66,14,52,2,9,0.8571428571428571,0.7858293075684379,0.9629629629629629,0.6086956521739131,0.9043478260869565,0.6086956521739131,0.9629629629629629,0.717948717948718,0.8111482720178372,0.8462157809983897
67,8,58,5,6,0.8571428571428571,0.746031746031746,0.9206349206349206,0.5714285714285714,0.9133858267716536,0.5714285714285714,0.9206349206349206,0.5925925925925926,0.7529892096821231,0.7902494331065759
68,10,60,2,5,0.9090909090909091,0.8172043010752688,0.967741935483871,0.6666666666666666,0.9448818897637795,0.6666666666666666,0.967741935483871,0.7407407407407407,0.84281131525226,0.8387096774193548
69,13,55,1,8,0.8831168831168831,0.8005952380952381,0.9821428571428571,0.6190476190476191,0.9243697478991597,0.6190476190476191,0.9821428571428571,0.7428571428571429,0.8336134453781513,0.9200680272108843
70,12,56,0,9,0.8831168831168831,0.7857142857142857,1.0,0.5714285714285714,0.9256198347107438,0.5714285714285714,1.0,0.7272727272727273,0.8264462809917356,0.8767006802721089
71,10,60,1,6,0.9090909090909091,0.8043032786885246,0.9836065573770492,0.625,0.9448818897637795,0.625,0.9836065573770492,0.7407407407407407,0.84281131525226,0.8288934426229508
72,10,56,1,10,0.8571428571428571,0.7412280701754386,0.9824561403508771,0.5,0.9105691056910569,0.5,0.9824561403508771,0.6451612903225806,0.7778651980068187,0.8614035087719298
73,17,54,1,5,0.922077922077922,0.8772727272727272,0.9818181818181818,0.7727272727272727,0.9473684210526315,0.7727272727272727,0.9818181818181818,0.85,0.8986842105263158,0.9099173553719009
74,10,52,2,13,0.8051948051948052,0.6988727858293076,0.9629629629629629,0.43478260869565216,0.8739495798319328,0.43478260869565216,0.9629629629629629,0.5714285714285714,0.7226890756302521,0.7552334943639292
75,18,52,1,6,0.9090909090909091,0.8655660377358491,0.9811320754716981,0.75,0.9369369369369369,0.75,0.9811320754716981,0.8372093023255814,0.8870731196312591,0.8781446540880502
76,13,55,1,8,0.8831168831168831,0.8005952380952381,0.9821428571428571,0.6190476190476191,0.9243697478991597,0.6190476190476191,0.9821428571428571,0.7428571428571429,0.8336134453781513,0.9141156462585033
77,15,48,4,10,0.8181818181818182,0.7615384615384615,0.9230769230769231,0.6,0.8727272727272727,0.6,0.9230769230769231,0.6818181818181818,0.7772727272727272,0.8015384615384615
78,11,60,1,5,0.922077922077922,0.8355532786885246,0.9836065573770492,0.6875,0.9523809523809523,0.6875,0.9836065573770492,0.7857142857142857,0.8690476190476191,0.8524590163934426
79,9,55,5,8,0.8311688311688312,0.7230392156862745,0.9166666666666666,0.5294117647058824,0.8943089430894309,0.5294117647058824,0.9166666666666666,0.5806451612903226,0.7374770521898768,0.7901960784313725
80,14,54,3,6,0.8831168831168831,0.8236842105263158,0.9473684210526315,0.7,0.9230769230769231,0.7,0.9473684210526315,0.7567567567567568,0.83991683991684,0.869298245614035
81,16,55,2,4,0.922077922077922,0.8824561403508773,0.9649122807017544,0.8,0.9482758620689655,0.8,0.9649122807017544,0.8421052631578947,0.8951905626134301,0.9017543859649122
82,11,57,1,8,0.8831168831168831,0.780852994555354,0.9827586206896551,0.5789473684210527,0.926829268292683,0.5789473684210527,0.9827586206896551,0.7096774193548387,0.8182533438237609,0.8874773139745916
83,16,49,2,10,0.8441558441558441,0.7880844645550529,0.9607843137254902,0.6153846153846154,0.8909090909090909,0.6153846153846154,0.9607843137254902,0.7272727272727273,0.8090909090909091,0.8340874811463046
84,17,52,2,6,0.8961038961038961,0.8510466988727858,0.9629629629629629,0.7391304347826086,0.9285714285714286,0.7391304347826086,0.9629629629629629,0.8095238095238095,0.8690476190476191,0.8615136876006441
85,15,56,1,5,0.922077922077922,0.8662280701754386,0.9824561403508771,0.75,0.9491525423728814,0.75,0.9824561403508771,0.8333333333333334,0.8912429378531074,0.8903508771929824
86,13,47,4,13,0.7792207792207793,0.7107843137254901,0.9215686274509803,0.5,0.8468468468468469,0.5,0.9215686274509803,0.6046511627906976,0.7257490048187722,0.755656108597285
87,15,53,3,6,0.8831168831168831,0.8303571428571428,0.9464285714285714,0.7142857142857143,0.9217391304347826,0.7142857142857143,0.9464285714285714,0.7692307692307693,0.8454849498327759,0.8690476190476191
88,10,53,1,13,0.8181818181818182,0.7081320450885669,0.9814814814814815,0.43478260869565216,0.8833333333333333,0.43478260869565216,0.9814814814814815,0.5882352941176471,0.7357843137254902,0.822061191626409
89,19,50,1,7,0.8961038961038961,0.8555806938159879,0.9803921568627451,0.7307692307692307,0.9259259259259259,0.7307692307692307,0.9803921568627451,0.8260869565217391,0.8760064412238325,0.8506787330316742
90,14,54,2,7,0.8831168831168831,0.8154761904761905,0.9642857142857143,0.6666666666666666,0.9230769230769231,0.6666666666666666,0.9642857142857143,0.7567567567567568,0.83991683991684,0.8554421768707483
91,14,55,0,8,0.8961038961038961,0.8181818181818181,1.0,0.6363636363636364,0.9322033898305084,0.6363636363636364,1.0,0.7777777777777778,0.8549905838041432,0.8793388429752066
92,14,53,1,9,0.8701298701298701,0.7950885668276972,0.9814814814814815,0.6086956521739131,0.9137931034482759,0.6086956521739131,0.9814814814814815,0.7368421052631579,0.8253176043557169,0.8446054750402575
93,13,55,2,7,0.8831168831168831,0.8074561403508772,0.9649122807017544,0.65,0.9243697478991597,0.65,0.9649122807017544,0.7428571428571429,0.8336134453781513,0.8912280701754386
94,9,52,4,12,0.7922077922077922,0.6785714285714286,0.9285714285714286,0.42857142857142855,0.8666666666666667,0.42857142857142855,0.9285714285714286,0.5294117647058824,0.6980392156862745,0.7721088435374149
95,12,56,1,8,0.8831168831168831,0.7912280701754386,0.9824561403508771,0.6,0.9256198347107438,0.6,0.9824561403508771,0.7272727272727273,0.8264462809917356,0.9359649122807018
96,12,53,4,8,0.8441558441558441,0.7649122807017543,0.9298245614035088,0.6,0.8983050847457628,0.6,0.9298245614035088,0.6666666666666666,0.7824858757062148,0.8385964912280701
97,9,58,3,7,0.8701298701298701,0.7566598360655737,0.9508196721311475,0.5625,0.9206349206349206,0.5625,0.9508196721311475,0.6428571428571429,0.7817460317460317,0.8647540983606558
98,14,55,2,6,0.8961038961038961,0.8324561403508772,0.9649122807017544,0.7,0.9322033898305084,0.7,0.9649122807017544,0.7777777777777778,0.8549905838041432,0.900877192982456
99,11,54,4,8,0.8441558441558441,0.7549909255898366,0.9310344827586207,0.5789473684210527,0.9,0.5789473684210527,0.9310344827586207,0.6470588235294118,0.7735294117647059,0.8883847549909255
100,11,57,2,7,0.8831168831168831,0.7886064030131827,0.9661016949152542,0.6111111111111112,0.926829268292683,0.6111111111111112,0.9661016949152542,0.7096774193548387,0.8182533438237609,0.7919020715630884
101,12,55,3,7,0.8701298701298701,0.7899274047186933,0.9482758620689655,0.631578947368421,0.9166666666666666,0.631578947368421,0.9482758620689655,0.7058823529411765,0.8112745098039216,0.8266787658802178
102,18,51,3,5,0.8961038961038961,0.8635265700483092,0.9444444444444444,0.782608695652174,0.9272727272727272,0.782608695652174,0.9444444444444444,0.8181818181818182,0.8727272727272728,0.8462157809983897
103,19,47,3,8,0.8571428571428571,0.8218518518518518,0.94,0.7037037037037037,0.8952380952380953,0.7037037037037037,0.94,0.7755102040816326,0.8353741496598639,0.8592592592592593
104,20,48,3,6,0.8831168831168831,0.8552036199095023,0.9411764705882353,0.7692307692307693,0.9142857142857143,0.7692307692307693,0.9411764705882353,0.8163265306122449,0.8653061224489795,0.894419306184012
105,14,58,1,4,0.935064935064935,0.8804143126177024,0.9830508474576272,0.7777777777777778,0.9586776859504132,0.7777777777777778,0.9830508474576272,0.8484848484848485,0.9035812672176309,0.908662900188324
106,14,49,0,14,0.8181818181818182,0.75,1.0,0.5,0.875,0.5,1.0,0.6666666666666666,0.7708333333333333,0.803206997084548
107,14,50,3,10,0.8311688311688312,0.7633647798742138,0.9433962264150944,0.5833333333333334,0.8849557522123894,0.5833333333333334,0.9433962264150944,0.6829268292682927,0.7839412907403411,0.8404088050314465
108,17,49,2,9,0.8571428571428571,0.807315233785822,0.9607843137254902,0.6538461538461539,0.8990825688073395,0.6538461538461539,0.9607843137254902,0.7555555555555555,0.8273190621814475,0.8333333333333334
109,21,47,4,5,0.8831168831168831,0.8646304675716441,0.9215686274509803,0.8076923076923077,0.912621359223301,0.8076923076923077,0.9215686274509803,0.8235294117647058,0.8680753854940034,0.868024132730015
110,17,48,1,11,0.8441558441558441,0.7933673469387754,0.9795918367346939,0.6071428571428571,0.8888888888888888,0.6071428571428571,0.9795918367346939,0.7391304347826086,0.8140096618357487,0.8228862973760932
111,11,60,1,5,0.922077922077922,0.8355532786885246,0.9836065573770492,0.6875,0.9523809523809523,0.6875,0.9836065573770492,0.7857142857142857,0.8690476190476191,0.8452868852459016
112,22,45,2,8,0.8701298701298701,0.8453900709219858,0.9574468085106383,0.7333333333333333,0.9,0.7333333333333333,0.9574468085106383,0.8148148148148148,0.8574074074074074,0.8709219858156029
113,14,56,1,6,0.9090909090909091,0.8412280701754385,0.9824561403508771,0.7,0.9411764705882353,0.7,0.9824561403508771,0.8,0.8705882352941177,0.9131578947368421
114,17,49,4,7,0.8571428571428571,0.816430817610063,0.9245283018867925,0.7083333333333334,0.8990825688073395,0.7083333333333334,0.9245283018867925,0.7555555555555555,0.8273190621814475,0.8097484276729559
115,15,47,4,11,0.8051948051948052,0.7492458521870287,0.9215686274509803,0.5769230769230769,0.8623853211009175,0.5769230769230769,0.9215686274509803,0.6666666666666666,0.764525993883792,0.8514328808446456
116,11,56,3,7,0.8701298701298701,0.7801318267419963,0.9491525423728814,0.6111111111111112,0.9180327868852459,0.6111111111111112,0.9491525423728814,0.6875,0.802766393442623,0.8907721280602635
117,11,51,3,12,0.8051948051948052,0.711352657004831,0.9444444444444444,0.4782608695652174,0.8717948717948718,0.4782608695652174,0.9444444444444444,0.5945945945945946,0.7331947331947333,0.8768115942028986
118,12,53,0,12,0.8441558441558441,0.75,1.0,0.5,0.8983050847457628,0.5,1.0,0.6666666666666666,0.7824858757062148,0.9025157232704402
119,13,55,3,6,0.8831168831168831,0.8162431941923776,0.9482758620689655,0.6842105263157895,0.9243697478991597,0.6842105263157895,0.9482758620689655,0.7428571428571429,0.8336134453781513,0.838475499092559
120,10,57,2,8,0.8701298701298701,0.7608286252354048,0.9661016949152542,0.5555555555555556,0.9193548387096774,0.5555555555555556,0.9661016949152542,0.6666666666666666,0.793010752688172,0.9190207156308852
121,15,51,0,11,0.8571428571428571,0.7884615384615384,1.0,0.5769230769230769,0.9026548672566371,0.5769230769230769,1.0,0.7317073170731707,0.8171810921649039,0.8793363499245852
122,16,50,1,10,0.8571428571428571,0.7978883861236803,0.9803921568627451,0.6153846153846154,0.9009009009009009,0.6153846153846154,0.9803921568627451,0.7441860465116279,0.8225434737062645,0.8250377073906485
123,13,50,3,11,0.8181818181818182,0.7425314465408805,0.9433962264150944,0.5416666666666666,0.8771929824561403,0.5416666666666666,0.9433962264150944,0.65,0.7635964912280702,0.7971698113207547
124,9,58,4,6,0.8701298701298701,0.7677419354838709,0.9354838709677419,0.6,0.9206349206349206,0.6,0.9354838709677419,0.6428571428571429,0.7817460317460317,0.7688172043010753
125,9,60,1,7,0.8961038961038961,0.7730532786885246,0.9836065573770492,0.5625,0.9375,0.5625,0.9836065573770492,0.6923076923076923,0.8149038461538461,0.8432377049180328
126,9,54,5,9,0.8181818181818182,0.7076271186440678,0.9152542372881356,0.5,0.8852459016393442,0.5,0.9152542372881356,0.5625,0.7238729508196722,0.7476459510357816
127,27,40,2,8,0.8701298701298701,0.861904761904762,0.9523809523809523,0.7714285714285715,0.8888888888888888,0.7714285714285715,0.9523809523809523,0.84375,0.8663194444444444,0.8816326530612245
128,16,52,1,8,0.8831168831168831,0.8238993710691824,0.9811320754716981,0.6666666666666666,0.9203539823008849,0.6666666666666666,0.9811320754716981,0.7804878048780488,0.8504208935894668,0.8404088050314465
129,12,52,4,9,0.8311688311688312,0.75,0.9285714285714286,0.5714285714285714,0.8888888888888888,0.5714285714285714,0.9285714285714286,0.6486486486486487,0.7687687687687688,0.8171768707482993
130,11,53,3,10,0.8311688311688312,0.7351190476190477,0.9464285714285714,0.5238095238095238,0.8907563025210085,0.5238095238095238,0.9464285714285714,0.6285714285714286,0.7596638655462185,0.8086734693877551
131,15,53,1,8,0.8831168831168831,0.81682769726248,0.9814814814814815,0.6521739130434783,0.9217391304347826,0.6521739130434783,0.9814814814814815,0.7692307692307693,0.8454849498327759,0.8655394524959742
132,13,58,2,4,0.922077922077922,0.865686274509804,0.9666666666666667,0.7647058823529411,0.9508196721311475,0.7647058823529411,0.9666666666666667,0.8125,0.8816598360655737,0.8970588235294117
133,12,61,0,4,0.948051948051948,0.875,1.0,0.75,0.9682539682539683,0.75,1.0,0.8571428571428571,0.9126984126984127,0.9221311475409837
134,12,56,2,7,0.8831168831168831,0.7985480943738656,0.9655172413793104,0.631578947368421,0.9256198347107438,0.631578947368421,0.9655172413793104,0.7272727272727273,0.8264462809917356,0.881125226860254
135,14,54,2,7,0.8831168831168831,0.8154761904761905,0.9642857142857143,0.6666666666666666,0.9230769230769231,0.6666666666666666,0.9642857142857143,0.7567567567567568,0.83991683991684,0.8886054421768708
136,8,56,2,11,0.8311688311688312,0.6932849364791289,0.9655172413793104,0.42105263157894735,0.896,0.42105263157894735,0.9655172413793104,0.5517241379310345,0.7238620689655173,0.8348457350272233
137,14,49,3,11,0.8181818181818182,0.7511538461538462,0.9423076923076923,0.56,0.875,0.56,0.9423076923076923,0.6666666666666666,0.7708333333333333,0.8415384615384616
138,10,59,2,6,0.8961038961038961,0.7961065573770492,0.9672131147540983,0.625,0.9365079365079365,0.625,0.9672131147540983,0.7142857142857143,0.8253968253968254,0.8862704918032787
139,16,54,1,6,0.9090909090909091,0.8545454545454545,0.9818181818181818,0.7272727272727273,0.9391304347826087,0.7272727272727273,0.9818181818181818,0.8205128205128205,0.8798216276477147,0.8842975206611571
140,9,62,0,6,0.922077922077922,0.8,1.0,0.6,0.9538461538461539,0.6,1.0,0.75,0.851923076923077,0.8838709677419354
141,16,50,5,6,0.8571428571428571,0.8181818181818181,0.9090909090909091,0.7272727272727273,0.9009009009009009,0.7272727272727273,0.9090909090909091,0.7441860465116279,0.8225434737062645,0.8404958677685951
142,10,59,0,8,0.8961038961038961,0.7777777777777778,1.0,0.5555555555555556,0.9365079365079365,0.5555555555555556,1.0,0.7142857142857143,0.8253968253968254,0.7627118644067796
143,14,51,3,9,0.8441558441558441,0.7765700483091788,0.9444444444444444,0.6086956521739131,0.8947368421052632,0.6086956521739131,0.9444444444444444,0.7,0.7973684210526315,0.8993558776167472
144,10,54,2,11,0.8311688311688312,0.7202380952380952,0.9642857142857143,0.47619047619047616,0.8925619834710744,0.47619047619047616,0.9642857142857143,0.6060606060606061,0.7493112947658402,0.744047619047619
145,8,57,4,8,0.8441558441558441,0.7172131147540983,0.9344262295081968,0.5,0.9047619047619048,0.5,0.9344262295081968,0.5714285714285714,0.7380952380952381,0.8135245901639343
146,10,57,3,7,0.8701298701298701,0.7691176470588235,0.95,0.5882352941176471,0.9193548387096774,0.5882352941176471,0.95,0.6666666666666666,0.793010752688172,0.7549019607843137
147,18,54,0,5,0.935064935064935,0.8913043478260869,1.0,0.782608695652174,0.9557522123893806,0.782608695652174,1.0,0.8780487804878049,0.9169004964385927,0.9444444444444444
148,11,62,0,4,0.948051948051948,0.8666666666666667,1.0,0.7333333333333333,0.96875,0.7333333333333333,1.0,0.8461538461538461,0.9074519230769231,0.9698924731182795
149,12,55,0,10,0.8701298701298701,0.7727272727272727,1.0,0.5454545454545454,0.9166666666666666,0.5454545454545454,1.0,0.7058823529411765,0.8112745098039216,0.8793388429752066
150,18,48,1,10,0.8571428571428571,0.8112244897959184,0.9795918367346939,0.6428571428571429,0.897196261682243,0.6428571428571429,0.9795918367346939,0.7659574468085106,0.8315768542453768,0.8556851311953353
151,6,57,1,13,0.8181818181818182,0.6492740471869328,0.9827586206896551,0.3157894736842105,0.890625,0.3157894736842105,0.9827586206896551,0.46153846153846156,0.6760817307692308,0.660617059891107
152,8,61,2,6,0.8961038961038961,0.7698412698412698,0.9682539682539683,0.5714285714285714,0.9384615384615385,0.5714285714285714,0.9682539682539683,0.6666666666666666,0.8025641025641026,0.8435374149659864
153,21,43,3,10,0.8311688311688312,0.8061009817671809,0.9347826086956522,0.6774193548387096,0.8686868686868687,0.6774193548387096,0.9347826086956522,0.7636363636363637,0.8161616161616162,0.8485273492286115
154,18,51,1,7,0.8961038961038961,0.8503846153846153,0.9807692307692307,0.72,0.9272727272727272,0.72,0.9807692307692307,0.8181818181818182,0.8727272727272728,0.8976923076923078
155,20,51,0,6,0.922077922077922,0.8846153846153846,1.0,0.7692307692307693,0.9444444444444444,0.7692307692307693,1.0,0.8695652173913043,0.9070048309178744,0.9079939668174962
156,10,56,2,9,0.8571428571428571,0.7459165154264973,0.9655172413793104,0.5263157894736842,0.9105691056910569,0.5263157894736842,0.9655172413793104,0.6451612903225806,0.7778651980068187,0.8430127041742287
157,13,52,5,7,0.8441558441558441,0.781140350877193,0.9122807017543859,0.65,0.896551724137931,0.65,0.9122807017543859,0.6842105263157895,0.7903811252268602,0.862280701754386
158,10,60,2,5,0.9090909090909091,0.8172043010752688,0.967741935483871,0.6666666666666666,0.9448818897637795,0.6666666666666666,0.967741935483871,0.7407407407407407,0.84281131525226,0.8225806451612903
159,8,61,1,7,0.8961038961038961,0.7586021505376344,0.9838709677419355,0.5333333333333333,0.9384615384615385,0.5333333333333333,0.9838709677419355,0.6666666666666666,0.8025641025641026,0.8204301075268817
160,13,53,2,9,0.8571428571428571,0.7772727272727273,0.9636363636363636,0.5909090909090909,0.905982905982906,0.5909090909090909,0.9636363636363636,0.7027027027027027,0.8043428043428044,0.7487603305785124
161,11,54,4,8,0.8441558441558441,0.7549909255898366,0.9310344827586207,0.5789473684210527,0.9,0.5789473684210527,0.9310344827586207,0.6470588235294118,0.7735294117647059,0.7958257713248639
162,11,57,1,8,0.8831168831168831,0.780852994555354,0.9827586206896551,0.5789473684210527,0.926829268292683,0.5789473684210527,0.9827586206896551,0.7096774193548387,0.8182533438237609,0.8257713248638838
163,11,60,2,4,0.922077922077922,0.8505376344086022,0.967741935483871,0.7333333333333333,0.9523809523809523,0.7333333333333333,0.967741935483871,0.7857142857142857,0.8690476190476191,0.8989247311827957
164,12,62,0,3,0.961038961038961,0.9,1.0,0.8,0.9763779527559056,0.8,1.0,0.8888888888888888,0.9326334208223972,0.9591397849462365
165,17,50,1,9,0.8701298701298701,0.8171191553544495,0.9803921568627451,0.6538461538461539,0.9090909090909091,0.6538461538461539,0.9803921568627451,0.7727272727272727,0.8409090909090908,0.8800904977375565
166,17,58,1,1,0.974025974025974,0.9637476459510358,0.9830508474576272,0.9444444444444444,0.9830508474576272,0.9444444444444444,0.9830508474576272,0.9444444444444444,0.9637476459510358,0.9500941619585688
167,15,52,2,8,0.8701298701298701,0.8075684380032206,0.9629629629629629,0.6521739130434783,0.9122807017543859,0.6521739130434783,0.9629629629629629,0.75,0.831140350877193,0.8735909822866345
168,8,52,4,13,0.7792207792207793,0.6547619047619048,0.9285714285714286,0.38095238095238093,0.859504132231405,0.38095238095238093,0.9285714285714286,0.48484848484848486,0.6721763085399449,0.7074829931972789
169,15,48,3,11,0.8181818181818182,0.7590497737556561,0.9411764705882353,0.5769230769230769,0.8727272727272727,0.5769230769230769,0.9411764705882353,0.6818181818181818,0.7772727272727272,0.8514328808446455
170,10,59,2,6,0.8961038961038961,0.7961065573770492,0.9672131147540983,0.625,0.9365079365079365,0.625,0.9672131147540983,0.7142857142857143,0.8253968253968254,0.8883196721311476
171,11,57,0,9,0.8831168831168831,0.775,1.0,0.55,0.926829268292683,0.55,1.0,0.7096774193548387,0.8182533438237609,0.849122807017544
172,16,49,1,11,0.8441558441558441,0.7862962962962963,0.98,0.5925925925925926,0.8909090909090909,0.5925925925925926,0.98,0.7272727272727273,0.8090909090909091,0.8577777777777778
173,14,56,1,6,0.9090909090909091,0.8412280701754385,0.9824561403508771,0.7,0.9411764705882353,0.7,0.9824561403508771,0.8,0.8705882352941177,0.8991228070175439
174,16,52,0,9,0.8831168831168831,0.8200000000000001,1.0,0.64,0.9203539823008849,0.64,1.0,0.7804878048780488,0.8504208935894668,0.9030769230769231
175,14,56,2,5,0.9090909090909091,0.8511796733212341,0.9655172413793104,0.7368421052631579,0.9411764705882353,0.7368421052631579,0.9655172413793104,0.8,0.8705882352941177,0.8738656987295825
176,11,56,3,7,0.8701298701298701,0.7801318267419963,0.9491525423728814,0.6111111111111112,0.9180327868852459,0.6111111111111112,0.9491525423728814,0.6875,0.802766393442623,0.85969868173258
177,8,61,0,8,0.8961038961038961,0.75,1.0,0.5,0.9384615384615385,0.5,1.0,0.6666666666666666,0.8025641025641026,0.798155737704918
178,10,58,2,7,0.8831168831168831,0.7774509803921569,0.9666666666666667,0.5882352941176471,0.928,0.5882352941176471,0.9666666666666667,0.6896551724137931,0.8088275862068965,0.857843137254902
179,15,50,2,10,0.8441558441558441,0.7807692307692308,0.9615384615384616,0.6,0.8928571428571429,0.6,0.9615384615384616,0.7142857142857143,0.8035714285714286,0.8184615384615385
180,11,57,1,8,0.8831168831168831,0.780852994555354,0.9827586206896551,0.5789473684210527,0.926829268292683,0.5789473684210527,0.9827586206896551,0.7096774193548387,0.8182533438237609,0.852087114337568
181,11,62,0,4,0.948051948051948,0.8666666666666667,1.0,0.7333333333333333,0.96875,0.7333333333333333,1.0,0.8461538461538461,0.9074519230769231,0.8946236559139785
182,12,58,0,7,0.9090909090909091,0.8157894736842105,1.0,0.631578947368421,0.943089430894309,0.631578947368421,1.0,0.7741935483870968,0.8586414896407029,0.8366606170598911
183,13,55,1,8,0.8831168831168831,0.8005952380952381,0.9821428571428571,0.6190476190476191,0.9243697478991597,0.6190476190476191,0.9821428571428571,0.7428571428571429,0.8336134453781513,0.858843537414966
184,17,52,2,6,0.8961038961038961,0.8510466988727858,0.9629629629629629,0.7391304347826086,0.9285714285714286,0.7391304347826086,0.9629629629629629,0.8095238095238095,0.8690476190476191,0.9186795491143316
185,10,55,4,8,0.8441558441558441,0.743879472693032,0.9322033898305084,0.5555555555555556,0.9016393442622951,0.5555555555555556,0.9322033898305084,0.625,0.7633196721311475,0.7881355932203391
186,13,56,1,7,0.8961038961038961,0.8162280701754385,0.9824561403508771,0.65,0.9333333333333333,0.65,0.9824561403508771,0.7647058823529411,0.8490196078431372,0.8710526315789474
187,12,57,1,7,0.8961038961038961,0.807168784029038,0.9827586206896551,0.631578947368421,0.9344262295081968,0.631578947368421,0.9827586206896551,0.75,0.8422131147540983,0.8303085299455535
188,13,46,3,15,0.7662337662337663,0.701530612244898,0.9387755102040817,0.4642857142857143,0.8363636363636363,0.4642857142857143,0.9387755102040817,0.5909090909090909,0.7136363636363636,0.8053935860058309
189,7,59,0,11,0.8571428571428571,0.6944444444444444,1.0,0.3888888888888889,0.9147286821705426,0.3888888888888889,1.0,0.56,0.7373643410852713,0.7824858757062148
190,6,56,3,12,0.8051948051948052,0.6412429378531074,0.9491525423728814,0.3333333333333333,0.8818897637795275,0.3333333333333333,0.9491525423728814,0.4444444444444444,0.663167104111986,0.6826741996233522
191,13,55,1,8,0.8831168831168831,0.8005952380952381,0.9821428571428571,0.6190476190476191,0.9243697478991597,0.6190476190476191,0.9821428571428571,0.7428571428571429,0.8336134453781513,0.8545918367346939
192,16,46,3,12,0.8051948051948052,0.7551020408163265,0.9387755102040817,0.5714285714285714,0.8598130841121495,0.5714285714285714,0.9387755102040817,0.6808510638297872,0.7703320739709684,0.8053935860058309
193,11,54,1,11,0.8441558441558441,0.740909090909091,0.9818181818181818,0.5,0.9,0.5,0.9818181818181818,0.6470588235294118,0.7735294117647059,0.8652892561983471
194,18,54,1,4,0.935064935064935,0.9,0.9818181818181818,0.8181818181818182,0.9557522123893806,0.8181818181818182,0.9818181818181818,0.8780487804878049,0.9169004964385927,0.912396694214876
195,12,52,1,12,0.8311688311688312,0.7405660377358491,0.9811320754716981,0.5,0.8888888888888888,0.5,0.9811320754716981,0.6486486486486487,0.7687687687687688,0.7900943396226415
196,10,55,0,12,0.8441558441558441,0.7272727272727273,1.0,0.45454545454545453,0.9016393442622951,0.45454545454545453,1.0,0.625,0.7633196721311475,0.796694214876033
197,11,54,3,9,0.8441558441558441,0.7486842105263158,0.9473684210526315,0.55,0.9,0.55,0.9473684210526315,0.6470588235294118,0.7735294117647059,0.8833333333333333
198,9,61,2,5,0.9090909090909091,0.8055555555555556,0.9682539682539683,0.6428571428571429,0.9457364341085271,0.6428571428571429,0.9682539682539683,0.72,0.8328682170542636,0.8888888888888888
199,13,57,0,7,0.9090909090909091,0.825,1.0,0.65,0.9421487603305785,0.65,1.0,0.7878787878787878,0.8650137741046832,0.9166666666666666
200,11,49,3,14,0.7792207792207793,0.6911538461538461,0.9423076923076923,0.44,0.8521739130434782,0.44,0.9423076923076923,0.5641025641025641,0.7081382385730212,0.806923076923077
201,9,58,5,5,0.8701298701298701,0.7817460317460317,0.9206349206349206,0.6428571428571429,0.9206349206349206,0.6428571428571429,0.9206349206349206,0.6428571428571429,0.7817460317460317,0.9081632653061225
202,17,51,2,7,0.8831168831168831,0.8352987421383649,0.9622641509433962,0.7083333333333334,0.918918918918919,0.7083333333333334,0.9622641509433962,0.7906976744186046,0.8548082966687618,0.9559748427672956
203,10,55,1,11,0.8441558441558441,0.7291666666666666,0.9821428571428571,0.47619047619047616,0.9016393442622951,0.47619047619047616,0.9821428571428571,0.625,0.7633196721311475,0.7687074829931972
204,10,60,0,7,0.9090909090909091,0.7941176470588236,1.0,0.5882352941176471,0.9448818897637795,0.5882352941176471,1.0,0.7407407407407407,0.84281131525226,0.892156862745098
205,10,56,2,9,0.8571428571428571,0.7459165154264973,0.9655172413793104,0.5263157894736842,0.9105691056910569,0.5263157894736842,0.9655172413793104,0.6451612903225806,0.7778651980068187,0.8557168784029038
206,15,53,0,9,0.8831168831168831,0.8125,1.0,0.625,0.9217391304347826,0.625,1.0,0.7692307692307693,0.8454849498327759,0.8797169811320755
207,18,52,1,6,0.9090909090909091,0.8655660377358491,0.9811320754716981,0.75,0.9369369369369369,0.75,0.9811320754716981,0.8372093023255814,0.8870731196312591,0.8860062893081762
208,10,60,3,4,0.9090909090909091,0.8333333333333333,0.9523809523809523,0.7142857142857143,0.9448818897637795,0.7142857142857143,0.9523809523809523,0.7407407407407407,0.84281131525226,0.8594104308390023
209,16,55,0,6,0.922077922077922,0.8636363636363636,1.0,0.7272727272727273,0.9482758620689655,0.7272727272727273,1.0,0.8421052631578947,0.8951905626134301,0.8570247933884297
210,15,48,3,11,0.8181818181818182,0.7590497737556561,0.9411764705882353,0.5769230769230769,0.8727272727272727,0.5769230769230769,0.9411764705882353,0.6818181818181818,0.7772727272727272,0.7873303167420813
211,11,58,1,7,0.8961038961038961,0.7970809792843692,0.9830508474576272,0.6111111111111112,0.9354838709677419,0.6111111111111112,0.9830508474576272,0.7333333333333333,0.8344086021505376,0.8370998116760828
212,14,50,2,11,0.8311688311688312,0.7607692307692309,0.9615384615384616,0.56,0.8849557522123894,0.56,0.9615384615384616,0.6829268292682927,0.7839412907403411,0.813076923076923
213,12,52,2,11,0.8311688311688312,0.7423510466988728,0.9629629629629629,0.5217391304347826,0.8888888888888888,0.5217391304347826,0.9629629629629629,0.6486486486486487,0.7687687687687688,0.8140096618357489
214,12,56,1,8,0.8831168831168831,0.7912280701754386,0.9824561403508771,0.6,0.9256198347107438,0.6,0.9824561403508771,0.7272727272727273,0.8264462809917356,0.8377192982456141
215,14,55,2,6,0.8961038961038961,0.8324561403508772,0.9649122807017544,0.7,0.9322033898305084,0.7,0.9649122807017544,0.7777777777777778,0.8549905838041432,0.8947368421052632
216,9,58,1,9,0.8701298701298701,0.7415254237288136,0.9830508474576272,0.5,0.9206349206349206,0.5,0.9830508474576272,0.6428571428571429,0.7817460317460317,0.788135593220339
217,8,60,2,7,0.8831168831168831,0.7505376344086021,0.967741935483871,0.5333333333333333,0.9302325581395349,0.5333333333333333,0.967741935483871,0.64,0.7851162790697674,0.7408602150537634
218,17,47,4,9,0.8311688311688312,0.7877073906485671,0.9215686274509803,0.6538461538461539,0.8785046728971962,0.6538461538461539,0.9215686274509803,0.723404255319149,0.8009544641081726,0.8355957767722473
219,9,57,3,8,0.8571428571428571,0.7397058823529412,0.95,0.5294117647058824,0.912,0.5294117647058824,0.95,0.6206896551724138,0.7663448275862069,0.7990196078431373
220,10,51,1,15,0.7922077922077922,0.6903846153846154,0.9807692307692307,0.4,0.864406779661017,0.4,0.9807692307692307,0.5555555555555556,0.7099811676082863,0.8569230769230769
221,12,55,3,7,0.8701298701298701,0.7899274047186933,0.9482758620689655,0.631578947368421,0.9166666666666666,0.631578947368421,0.9482758620689655,0.7058823529411765,0.8112745098039216,0.8602540834845736
222,13,56,3,5,0.8961038961038961,0.8356873822975518,0.9491525423728814,0.7222222222222222,0.9333333333333333,0.7222222222222222,0.9491525423728814,0.7647058823529411,0.8490196078431372,0.8813559322033898
223,12,60,2,3,0.935064935064935,0.8838709677419355,0.967741935483871,0.8,0.96,0.8,0.967741935483871,0.8275862068965517,0.8937931034482758,0.9172043010752688
224,20,50,2,5,0.9090909090909091,0.8807692307692307,0.9615384615384616,0.8,0.9345794392523364,0.8,0.9615384615384616,0.851063829787234,0.8928216345197852,0.8607692307692307
225,12,55,2,8,0.8701298701298701,0.7824561403508772,0.9649122807017544,0.6,0.9166666666666666,0.6,0.9649122807017544,0.7058823529411765,0.8112745098039216,0.8833333333333333
226,17,52,2,6,0.8961038961038961,0.8510466988727858,0.9629629629629629,0.7391304347826086,0.9285714285714286,0.7391304347826086,0.9629629629629629,0.8095238095238095,0.8690476190476191,0.8349436392914653
227,16,52,0,9,0.8831168831168831,0.8200000000000001,1.0,0.64,0.9203539823008849,0.64,1.0,0.7804878048780488,0.8504208935894668,0.9030769230769231
228,11,50,7,9,0.7922077922077922,0.7135964912280701,0.8771929824561403,0.55,0.8620689655172413,0.55,0.8771929824561403,0.5789473684210527,0.720508166969147,0.7596491228070176
229,19,45,5,8,0.8311688311688312,0.8018518518518518,0.9,0.7037037037037037,0.8737864077669902,0.7037037037037037,0.9,0.7450980392156863,0.8094422234913383,0.8051851851851852
230,17,52,1,7,0.8961038961038961,0.8447327044025157,0.9811320754716981,0.7083333333333334,0.9285714285714286,0.7083333333333334,0.9811320754716981,0.8095238095238095,0.8690476190476191,0.8663522012578616
231,19,43,1,14,0.8051948051948052,0.7765151515151516,0.9772727272727273,0.5757575757575758,0.8514851485148515,0.5757575757575758,0.9772727272727273,0.7169811320754716,0.7842331402951616,0.8925619834710744
232,19,48,2,8,0.8701298701298701,0.8318518518518518,0.96,0.7037037037037037,0.9056603773584906,0.7037037037037037,0.96,0.7916666666666666,0.8486635220125787,0.8822222222222222
233,10,55,3,9,0.8441558441558441,0.7372958257713249,0.9482758620689655,0.5263157894736842,0.9016393442622951,0.5263157894736842,0.9482758620689655,0.625,0.7633196721311475,0.8475499092558983
234,11,54,1,11,0.8441558441558441,0.740909090909091,0.9818181818181818,0.5,0.9,0.5,0.9818181818181818,0.6470588235294118,0.7735294117647059,0.8628099173553719
235,16,49,1,11,0.8441558441558441,0.7862962962962963,0.98,0.5925925925925926,0.8909090909090909,0.5925925925925926,0.98,0.7272727272727273,0.8090909090909091,0.8533333333333333
236,9,54,3,11,0.8181818181818182,0.6986842105263158,0.9473684210526315,0.45,0.8852459016393442,0.45,0.9473684210526315,0.5625,0.7238729508196722,0.8114035087719298
237,9,55,1,12,0.8311688311688312,0.7053571428571428,0.9821428571428571,0.42857142857142855,0.8943089430894309,0.42857142857142855,0.9821428571428571,0.5806451612903226,0.7374770521898768,0.858843537414966
238,18,50,3,6,0.8831168831168831,0.8466981132075472,0.9433962264150944,0.75,0.9174311926605505,0.75,0.9433962264150944,0.8,0.8587155963302753,0.8954402515723271
239,14,53,3,7,0.8701298701298701,0.8065476190476191,0.9464285714285714,0.6666666666666666,0.9137931034482759,0.6666666666666666,0.9464285714285714,0.7368421052631579,0.8253176043557169,0.8265306122448979
240,11,54,3,9,0.8441558441558441,0.7486842105263158,0.9473684210526315,0.55,0.9,0.55,0.9473684210526315,0.6470588235294118,0.7735294117647059,0.8026315789473685
241,15,55,0,7,0.9090909090909091,0.8409090909090908,1.0,0.6818181818181818,0.9401709401709402,0.6818181818181818,1.0,0.8108108108108109,0.8754908754908755,0.828099173553719
242,9,59,1,8,0.8831168831168831,0.7563725490196078,0.9833333333333333,0.5294117647058824,0.9291338582677166,0.5294117647058824,0.9833333333333333,0.6666666666666666,0.7979002624671916,0.8882352941176471
243,18,52,1,6,0.9090909090909091,0.8655660377358491,0.9811320754716981,0.75,0.9369369369369369,0.75,0.9811320754716981,0.8372093023255814,0.8870731196312591,0.9001572327044025
244,13,50,3,11,0.8181818181818182,0.7425314465408805,0.9433962264150944,0.5416666666666666,0.8771929824561403,0.5416666666666666,0.9433962264150944,0.65,0.7635964912280702,0.8294025157232705
245,12,58,2,5,0.9090909090909091,0.8362745098039216,0.9666666666666667,0.7058823529411765,0.943089430894309,0.7058823529411765,0.9666666666666667,0.7741935483870968,0.8586414896407029,0.9294117647058824
246,15,54,0,8,0.8961038961038961,0.8260869565217391,1.0,0.6521739130434783,0.9310344827586207,0.6521739130434783,1.0,0.7894736842105263,0.8602540834845736,0.8743961352657005
247,12,56,3,6,0.8831168831168831,0.807909604519774,0.9491525423728814,0.6666666666666666,0.9256198347107438,0.6666666666666666,0.9491525423728814,0.7272727272727273,0.8264462809917356,0.8738229755178908
248,12,54,4,7,0.8571428571428571,0.7813067150635209,0.9310344827586207,0.631578947368421,0.907563025210084,0.631578947368421,0.9310344827586207,0.6857142857142857,0.7966386554621849,0.8284936479128857
249,15,51,1,10,0.8571428571428571,0.7903846153846154,0.9807692307692307,0.6,0.9026548672566371,0.6,0.9807692307692307,0.7317073170731707,0.8171810921649039,0.8369230769230769
250,9,61,2,5,0.9090909090909091,0.8055555555555556,0.9682539682539683,0.6428571428571429,0.9457364341085271,0.6428571428571429,0.9682539682539683,0.72,0.8328682170542636,0.8832199546485262
251,13,55,3,6,0.8831168831168831,0.8162431941923776,0.9482758620689655,0.6842105263157895,0.9243697478991597,0.6842105263157895,0.9482758620689655,0.7428571428571429,0.8336134453781513,0.9210526315789473
252,10,54,1,12,0.8311688311688312,0.7181818181818181,0.9818181818181818,0.45454545454545453,0.8925619834710744,0.45454545454545453,0.9818181818181818,0.6060606060606061,0.7493112947658402,0.8256198347107437
253,12,56,2,7,0.8831168831168831,0.7985480943738656,0.9655172413793104,0.631578947368421,0.9256198347107438,0.631578947368421,0.9655172413793104,0.7272727272727273,0.8264462809917356,0.7885662431941923
254,19,48,5,5,0.8701298701298701,0.8486635220125787,0.9056603773584906,0.7916666666666666,0.9056603773584906,0.7916666666666666,0.9056603773584906,0.7916666666666666,0.8486635220125787,0.8474842767295598
255,16,55,2,4,0.922077922077922,0.8824561403508773,0.9649122807017544,0.8,0.9482758620689655,0.8,0.9649122807017544,0.8421052631578947,0.8951905626134301,0.906140350877193
256,15,51,3,8,0.8571428571428571,0.7983091787439613,0.9444444444444444,0.6521739130434783,0.9026548672566371,0.6521739130434783,0.9444444444444444,0.7317073170731707,0.8171810921649039,0.782608695652174
257,17,49,1,10,0.8571428571428571,0.8048148148148149,0.98,0.6296296296296297,0.8990825688073395,0.6296296296296297,0.98,0.7555555555555555,0.8273190621814475,0.8155555555555556
258,10,57,3,7,0.8701298701298701,0.7691176470588235,0.95,0.5882352941176471,0.9193548387096774,0.5882352941176471,0.95,0.6666666666666666,0.793010752688172,0.8450980392156863
259,13,47,4,13,0.7792207792207793,0.7107843137254901,0.9215686274509803,0.5,0.8468468468468469,0.5,0.9215686274509803,0.6046511627906976,0.7257490048187722,0.8785822021116139
260,13,59,3,2,0.935064935064935,0.9091397849462366,0.9516129032258065,0.8666666666666667,0.959349593495935,0.8666666666666667,0.9516129032258065,0.8387096774193549,0.8990296354576449,0.9279569892473118
261,18,49,3,7,0.8701298701298701,0.8311538461538461,0.9423076923076923,0.72,0.9074074074074074,0.72,0.9423076923076923,0.782608695652174,0.8450080515297906,0.8669230769230769
262,18,49,2,8,0.8701298701298701,0.8265460030165912,0.9607843137254902,0.6923076923076923,0.9074074074074074,0.6923076923076923,0.9607843137254902,0.782608695652174,0.8450080515297906,0.8695324283559577
263,13,58,1,5,0.922077922077922,0.8526365348399247,0.9830508474576272,0.7222222222222222,0.9508196721311475,0.7222222222222222,0.9830508474576272,0.8125,0.8816598360655737,0.8615819209039547
264,14,51,3,9,0.8441558441558441,0.7765700483091788,0.9444444444444444,0.6086956521739131,0.8947368421052632,0.6086956521739131,0.9444444444444444,0.7,0.7973684210526315,0.894524959742351
265,11,54,1,11,0.8441558441558441,0.740909090909091,0.9818181818181818,0.5,0.9,0.5,0.9818181818181818,0.6470588235294118,0.7735294117647059,0.8413223140495867
266,16,53,5,3,0.8961038961038961,0.8779491833030852,0.9137931034482759,0.8421052631578947,0.9298245614035088,0.8421052631578947,0.9137931034482759,0.8,0.8649122807017544,0.9192377495462795
267,10,59,2,6,0.8961038961038961,0.7961065573770492,0.9672131147540983,0.625,0.9365079365079365,0.625,0.9672131147540983,0.7142857142857143,0.8253968253968254,0.8473360655737705
268,16,46,1,14,0.8051948051948052,0.7560283687943262,0.9787234042553191,0.5333333333333333,0.8598130841121495,0.5333333333333333,0.9787234042553191,0.6808510638297872,0.7703320739709684,0.8567375886524823
269,9,58,3,7,0.8701298701298701,0.7566598360655737,0.9508196721311475,0.5625,0.9206349206349206,0.5625,0.9508196721311475,0.6428571428571429,0.7817460317460317,0.8545081967213115
270,16,56,1,4,0.935064935064935,0.8912280701754386,0.9824561403508771,0.8,0.9572649572649573,0.8,0.9824561403508771,0.8648648648648649,0.9110649110649112,0.930701754385965
271,10,56,2,9,0.8571428571428571,0.7459165154264973,0.9655172413793104,0.5263157894736842,0.9105691056910569,0.5263157894736842,0.9655172413793104,0.6451612903225806,0.7778651980068187,0.7286751361161524
272,14,53,0,10,0.8701298701298701,0.7916666666666667,1.0,0.5833333333333334,0.9137931034482759,0.5833333333333334,1.0,0.7368421052631579,0.8253176043557169,0.8616352201257862
273,13,51,2,11,0.8311688311688312,0.7519654088050314,0.9622641509433962,0.5416666666666666,0.8869565217391304,0.5416666666666666,0.9622641509433962,0.6666666666666666,0.7768115942028986,0.8419811320754718
274,10,55,2,10,0.8441558441558441,0.7324561403508771,0.9649122807017544,0.5,0.9016393442622951,0.5,0.9649122807017544,0.625,0.7633196721311475,0.8710526315789473
275,11,60,2,4,0.922077922077922,0.8505376344086022,0.967741935483871,0.7333333333333333,0.9523809523809523,0.7333333333333333,0.967741935483871,0.7857142857142857,0.8690476190476191,0.8946236559139784
276,10,55,2,10,0.8441558441558441,0.7324561403508771,0.9649122807017544,0.5,0.9016393442622951,0.5,0.9649122807017544,0.625,0.7633196721311475,0.7868421052631579
277,15,54,2,6,0.8961038961038961,0.8392857142857143,0.9642857142857143,0.7142857142857143,0.9310344827586207,0.7142857142857143,0.9642857142857143,0.7894736842105263,0.8602540834845736,0.913265306122449
278,16,51,2,8,0.8701298701298701,0.8144654088050314,0.9622641509433962,0.6666666666666666,0.9107142857142857,0.6666666666666666,0.9622641509433962,0.7619047619047619,0.8363095238095237,0.8930817610062893
279,7,62,3,5,0.8961038961038961,0.7685897435897436,0.9538461538461539,0.5833333333333334,0.9393939393939394,0.5833333333333334,0.9538461538461539,0.6363636363636364,0.7878787878787878,0.926923076923077
280,11,57,2,7,0.8831168831168831,0.7886064030131827,0.9661016949152542,0.6111111111111112,0.926829268292683,0.6111111111111112,0.9661016949152542,0.7096774193548387,0.8182533438237609,0.8389830508474576
281,12,57,2,6,0.8961038961038961,0.8163841807909604,0.9661016949152542,0.6666666666666666,0.9344262295081968,0.6666666666666666,0.9661016949152542,0.75,0.8422131147540983,0.8757062146892656
282,7,54,5,11,0.7922077922077922,0.6520715630885122,0.9152542372881356,0.3888888888888889,0.8709677419354839,0.3888888888888889,0.9152542372881356,0.4666666666666667,0.6688172043010753,0.7937853107344632
283,16,45,3,13,0.7922077922077922,0.7446120689655172,0.9375,0.5517241379310345,0.8490566037735849,0.5517241379310345,0.9375,0.6666666666666666,0.7578616352201257,0.8060344827586207
284,11,57,0,9,0.8831168831168831,0.775,1.0,0.55,0.926829268292683,0.55,1.0,0.7096774193548387,0.8182533438237609,0.7973684210526316
285,12,57,1,7,0.8961038961038961,0.807168784029038,0.9827586206896551,0.631578947368421,0.9344262295081968,0.631578947368421,0.9827586206896551,0.75,0.8422131147540983,0.8284936479128856
286,16,54,1,6,0.9090909090909091,0.8545454545454545,0.9818181818181818,0.7272727272727273,0.9391304347826087,0.7272727272727273,0.9818181818181818,0.8205128205128205,0.8798216276477147,0.8950413223140495
287,12,50,3,12,0.8051948051948052,0.7216981132075472,0.9433962264150944,0.5,0.8695652173913043,0.5,0.9433962264150944,0.6153846153846154,0.7424749163879598,0.8294025157232704
288,15,49,6,7,0.8311688311688312,0.7863636363636364,0.8909090909090909,0.6818181818181818,0.8828828828828829,0.6818181818181818,0.8909090909090909,0.6976744186046512,0.790278650743767,0.7900826446280992
289,11,58,4,4,0.8961038961038961,0.8344086021505376,0.9354838709677419,0.7333333333333333,0.9354838709677419,0.7333333333333333,0.9354838709677419,0.7333333333333333,0.8344086021505376,0.8946236559139785
290,14,59,0,4,0.948051948051948,0.8888888888888888,1.0,0.7777777777777778,0.9672131147540983,0.7777777777777778,1.0,0.875,0.9211065573770492,0.9378531073446328
291,15,53,2,7,0.8831168831168831,0.8227272727272728,0.9636363636363636,0.6818181818181818,0.9217391304347826,0.6818181818181818,0.9636363636363636,0.7692307692307693,0.8454849498327759,0.884297520661157
292,11,53,3,10,0.8311688311688312,0.7351190476190477,0.9464285714285714,0.5238095238095238,0.8907563025210085,0.5238095238095238,0.9464285714285714,0.6285714285714286,0.7596638655462185,0.7814625850340136
293,16,52,2,7,0.8831168831168831,0.8293075684380031,0.9629629629629629,0.6956521739130435,0.9203539823008849,0.6956521739130435,0.9629629629629629,0.7804878048780488,0.8504208935894668,0.8687600644122383
294,11,51,2,13,0.8051948051948052,0.7102987421383647,0.9622641509433962,0.4583333333333333,0.8717948717948718,0.4583333333333333,0.9622641509433962,0.5945945945945946,0.7331947331947333,0.7531446540880503
295,19,48,3,7,0.8701298701298701,0.835972850678733,0.9411764705882353,0.7307692307692307,0.9056603773584906,0.7307692307692307,0.9411764705882353,0.7916666666666666,0.8486635220125787,0.8536953242835597
296,9,59,3,6,0.8831168831168831,0.7758064516129033,0.9516129032258065,0.6,0.9291338582677166,0.6,0.9516129032258065,0.6666666666666666,0.7979002624671916,0.8247311827956989
297,11,56,2,8,0.8701298701298701,0.7722323049001816,0.9655172413793104,0.5789473684210527,0.9180327868852459,0.5789473684210527,0.9655172413793104,0.6875,0.802766393442623,0.8103448275862069
298,9,61,2,5,0.9090909090909091,0.8055555555555556,0.9682539682539683,0.6428571428571429,0.9457364341085271,0.6428571428571429,0.9682539682539683,0.72,0.8328682170542636,0.8117913832199547
299,18,50,1,8,0.8831168831168831,0.8363499245852186,0.9803921568627451,0.6923076923076923,0.9174311926605505,0.6923076923076923,0.9803921568627451,0.8,0.8587155963302753,0.9042232277526395
300,13,57,2,5,0.9090909090909091,0.8441619585687382,0.9661016949152542,0.7222222222222222,0.9421487603305785,0.7222222222222222,0.9661016949152542,0.7878787878787878,0.8650137741046832,0.9067796610169492
301,13,59,2,3,0.935064935064935,0.8898565573770492,0.9672131147540983,0.8125,0.959349593495935,0.8125,0.9672131147540983,0.8387096774193549,0.8990296354576449,0.9180327868852459
302,13,56,1,7,0.8961038961038961,0.8162280701754385,0.9824561403508771,0.65,0.9333333333333333,0.65,0.9824561403508771,0.7647058823529411,0.8490196078431372,0.8956140350877193
303,15,56,2,4,0.922077922077922,0.8774954627949183,0.9655172413793104,0.7894736842105263,0.9491525423728814,0.7894736842105263,0.9655172413793104,0.8333333333333334,0.8912429378531074,0.9201451905626133
304,14,50,1,12,0.8311688311688312,0.7594268476621417,0.9803921568627451,0.5384615384615384,0.8849557522123894,0.5384615384615384,0.9803921568627451,0.6829268292682927,0.7839412907403411,0.8054298642533937
305,17,52,2,6,0.8961038961038961,0.8510466988727858,0.9629629629629629,0.7391304347826086,0.9285714285714286,0.7391304347826086,0.9629629629629629,0.8095238095238095,0.8690476190476191,0.9066022544283414
306,11,58,2,6,0.8961038961038961,0.8068627450980392,0.9666666666666667,0.6470588235294118,0.9354838709677419,0.6470588235294118,0.9666666666666667,0.7333333333333333,0.8344086021505376,0.8764705882352941
307,5,59,2,11,0.8311688311688312,0.6398565573770492,0.9672131147540983,0.3125,0.9007633587786259,0.3125,0.9672131147540983,0.43478260869565216,0.667772983737139,0.6997950819672131
308,12,56,4,5,0.8831168831168831,0.8196078431372549,0.9333333333333333,0.7058823529411765,0.9256198347107438,0.7058823529411765,0.9333333333333333,0.7272727272727273,0.8264462809917356,0.8745098039215686
309,10,58,3,6,0.8831168831168831,0.7879098360655737,0.9508196721311475,0.625,0.928,0.625,0.9508196721311475,0.6896551724137931,0.8088275862068965,0.8432377049180327
310,8,55,3,11,0.8181818181818182,0.6846642468239564,0.9482758620689655,0.42105263157894735,0.8870967741935484,0.42105263157894735,0.9482758620689655,0.5333333333333333,0.7102150537634409,0.6878402903811252
311,9,56,4,8,0.8441558441558441,0.7313725490196079,0.9333333333333333,0.5294117647058824,0.9032258064516129,0.5294117647058824,0.9333333333333333,0.6,0.7516129032258064,0.7794117647058824
312,9,56,5,7,0.8441558441558441,0.740266393442623,0.9180327868852459,0.5625,0.9032258064516129,0.5625,0.9180327868852459,0.6,0.7516129032258064,0.8145491803278688
313,13,50,4,10,0.8181818181818182,0.7455716586151369,0.9259259259259259,0.5652173913043478,0.8771929824561403,0.5652173913043478,0.9259259259259259,0.65,0.7635964912280702,0.7971014492753623
314,9,56,3,9,0.8441558441558441,0.7245762711864407,0.9491525423728814,0.5,0.9032258064516129,0.5,0.9491525423728814,0.6,0.7516129032258064,0.8088512241054614
315,16,54,1,6,0.9090909090909091,0.8545454545454545,0.9818181818181818,0.7272727272727273,0.9391304347826087,0.7272727272727273,0.9818181818181818,0.8205128205128205,0.8798216276477147,0.871900826446281
316,12,56,3,6,0.8831168831168831,0.807909604519774,0.9491525423728814,0.6666666666666666,0.9256198347107438,0.6666666666666666,0.9491525423728814,0.7272727272727273,0.8264462809917356,0.8728813559322033
317,12,52,5,8,0.8311688311688312,0.7561403508771929,0.9122807017543859,0.6,0.8888888888888888,0.6,0.9122807017543859,0.6486486486486487,0.7687687687687688,0.7885964912280702
318,11,53,2,11,0.8311688311688312,0.7318181818181818,0.9636363636363636,0.5,0.8907563025210085,0.5,0.9636363636363636,0.6285714285714286,0.7596638655462185,0.8
319,13,54,3,7,0.8701298701298701,0.7986842105263158,0.9473684210526315,0.65,0.9152542372881356,0.65,0.9473684210526315,0.7222222222222222,0.8187382297551788,0.8368421052631579
320,9,58,3,7,0.8701298701298701,0.7566598360655737,0.9508196721311475,0.5625,0.9206349206349206,0.5625,0.9508196721311475,0.6428571428571429,0.7817460317460317,0.8176229508196721
321,15,47,2,13,0.8051948051948052,0.7474489795918366,0.9591836734693877,0.5357142857142857,0.8623853211009175,0.5357142857142857,0.9591836734693877,0.6666666666666666,0.764525993883792,0.7572886297376094
322,12,59,1,5,0.922077922077922,0.8446078431372549,0.9833333333333333,0.7058823529411765,0.9516129032258065,0.7058823529411765,0.9833333333333333,0.8,0.8758064516129033,0.9323529411764707
323,14,56,3,4,0.9090909090909091,0.8634651600753296,0.9491525423728814,0.7777777777777778,0.9411764705882353,0.7777777777777778,0.9491525423728814,0.8,0.8705882352941177,0.879472693032015
324,21,47,1,8,0.8831168831168831,0.8516522988505747,0.9791666666666666,0.7241379310344828,0.912621359223301,0.7241379310344828,0.9791666666666666,0.8235294117647058,0.8680753854940034,0.9202586206896552
325,20,49,0,8,0.8961038961038961,0.8571428571428572,1.0,0.7142857142857143,0.9245283018867925,0.7142857142857143,1.0,0.8333333333333334,0.878930817610063,0.9227405247813412
326,10,56,0,11,0.8571428571428571,0.7380952380952381,1.0,0.47619047619047616,0.9105691056910569,0.47619047619047616,1.0,0.6451612903225806,0.7778651980068187,0.863095238095238
327,15,60,2,0,0.974025974025974,0.9838709677419355,0.967741935483871,1.0,0.9836065573770492,1.0,0.967741935483871,0.9375,0.9605532786885246,0.9763440860215054
328,11,56,2,8,0.8701298701298701,0.7722323049001816,0.9655172413793104,0.5789473684210527,0.9180327868852459,0.5789473684210527,0.9655172413793104,0.6875,0.802766393442623,0.809437386569873
329,11,54,3,9,0.8441558441558441,0.7486842105263158,0.9473684210526315,0.55,0.9,0.55,0.9473684210526315,0.6470588235294118,0.7735294117647059,0.8043859649122806
330,15,52,3,7,0.8701298701298701,0.8136363636363636,0.9454545454545454,0.6818181818181818,0.9122807017543859,0.6818181818181818,0.9454545454545454,0.75,0.831140350877193,0.871900826446281
331,13,47,5,12,0.7792207792207793,0.7119230769230769,0.9038461538461539,0.52,0.8468468468468469,0.52,0.9038461538461539,0.6046511627906976,0.7257490048187722,0.8061538461538461
332,12,54,2,9,0.8571428571428571,0.7678571428571428,0.9642857142857143,0.5714285714285714,0.907563025210084,0.5714285714285714,0.9642857142857143,0.6857142857142857,0.7966386554621849,0.7593537414965986
333,22,47,3,5,0.8961038961038961,0.8774074074074074,0.94,0.8148148148148148,0.9215686274509803,0.8148148148148148,0.94,0.8461538461538461,0.8838612368024132,0.8755555555555555
334,15,52,1,9,0.8701298701298701,0.8030660377358491,0.9811320754716981,0.625,0.9122807017543859,0.625,0.9811320754716981,0.75,0.831140350877193,0.8757861635220126
335,11,58,1,7,0.8961038961038961,0.7970809792843692,0.9830508474576272,0.6111111111111112,0.9354838709677419,0.6111111111111112,0.9830508474576272,0.7333333333333333,0.8344086021505376,0.867231638418079
336,14,49,1,13,0.8181818181818182,0.7492592592592593,0.98,0.5185185185185185,0.875,0.5185185185185185,0.98,0.6666666666666666,0.7708333333333333,0.8466666666666667
337,10,60,3,4,0.9090909090909091,0.8333333333333333,0.9523809523809523,0.7142857142857143,0.9448818897637795,0.7142857142857143,0.9523809523809523,0.7407407407407407,0.84281131525226,0.8832199546485261
338,10,58,1,8,0.8831168831168831,0.7693032015065914,0.9830508474576272,0.5555555555555556,0.928,0.5555555555555556,0.9830508474576272,0.6896551724137931,0.8088275862068965,0.8314500941619586
339,10,55,2,10,0.8441558441558441,0.7324561403508771,0.9649122807017544,0.5,0.9016393442622951,0.5,0.9649122807017544,0.625,0.7633196721311475,0.8394736842105264
340,9,57,1,10,0.8571428571428571,0.7282214156079855,0.9827586206896551,0.47368421052631576,0.912,0.47368421052631576,0.9827586206896551,0.6206896551724138,0.7663448275862069,0.8039927404718694
341,13,57,2,5,0.9090909090909091,0.8441619585687382,0.9661016949152542,0.7222222222222222,0.9421487603305785,0.7222222222222222,0.9661016949152542,0.7878787878787878,0.8650137741046832,0.8898305084745762
342,7,57,0,13,0.8311688311688312,0.675,1.0,0.35,0.8976377952755905,0.35,1.0,0.5185185185185185,0.7080781568970544,0.6929824561403509
343,7,58,7,5,0.8441558441558441,0.7378205128205129,0.8923076923076924,0.5833333333333334,0.90625,0.5833333333333334,0.8923076923076924,0.5384615384615384,0.7223557692307692,0.8128205128205128
344,10,52,3,12,0.8051948051948052,0.7,0.9454545454545454,0.45454545454545453,0.8739495798319328,0.45454545454545453,0.9454545454545454,0.5714285714285714,0.7226890756302521,0.8396694214876034
345,12,52,3,10,0.8311688311688312,0.7454545454545454,0.9454545454545454,0.5454545454545454,0.8888888888888888,0.5454545454545454,0.9454545454545454,0.6486486486486487,0.7687687687687688,0.7785123966942149
346,19,45,4,9,0.8311688311688312,0.7984693877551021,0.9183673469387755,0.6785714285714286,0.8737864077669902,0.6785714285714286,0.9183673469387755,0.7450980392156863,0.8094422234913383,0.8746355685131195
347,11,57,2,7,0.8831168831168831,0.7886064030131827,0.9661016949152542,0.6111111111111112,0.926829268292683,0.6111111111111112,0.9661016949152542,0.7096774193548387,0.8182533438237609,0.8531073446327684
348,9,63,1,4,0.935064935064935,0.8383413461538461,0.984375,0.6923076923076923,0.9618320610687023,0.6923076923076923,0.984375,0.782608695652174,0.8722203783604381,0.936298076923077
349,20,46,2,9,0.8571428571428571,0.8239942528735633,0.9583333333333334,0.6896551724137931,0.8932038834951457,0.6896551724137931,0.9583333333333334,0.7843137254901961,0.8387588044926708,0.8642241379310345
350,25,44,2,6,0.8961038961038961,0.8814866760168303,0.9565217391304348,0.8064516129032258,0.9166666666666666,0.8064516129032258,0.9565217391304348,0.8620689655172413,0.889367816091954,0.947405329593268
351,19,51,1,6,0.9090909090909091,0.8703846153846153,0.9807692307692307,0.76,0.9357798165137615,0.76,0.9807692307692307,0.8444444444444444,0.890112130479103,0.8784615384615384
352,18,51,0,8,0.8961038961038961,0.8461538461538461,1.0,0.6923076923076923,0.9272727272727272,0.6923076923076923,1.0,0.8181818181818182,0.8727272727272728,0.9411764705882354
353,8,62,0,7,0.9090909090909091,0.7666666666666666,1.0,0.5333333333333333,0.9465648854961832,0.5333333333333333,1.0,0.6956521739130435,0.8211085297046133,0.8193548387096774
354,15,50,3,9,0.8441558441558441,0.7841981132075472,0.9433962264150944,0.625,0.8928571428571429,0.625,0.9433962264150944,0.7142857142857143,0.8035714285714286,0.8915094339622641
355,9,52,1,15,0.7922077922077922,0.6780660377358491,0.9811320754716981,0.375,0.8666666666666667,0.375,0.9811320754716981,0.5294117647058824,0.6980392156862745,0.779874213836478
356,20,47,4,6,0.8701298701298701,0.8453996983408748,0.9215686274509803,0.7692307692307693,0.9038461538461539,0.7692307692307693,0.9215686274509803,0.8,0.851923076923077,0.9215686274509803
357,13,51,1,12,0.8311688311688312,0.7503846153846154,0.9807692307692307,0.52,0.8869565217391304,0.52,0.9807692307692307,0.6666666666666666,0.7768115942028986,0.8553846153846154
358,12,53,4,8,0.8441558441558441,0.7649122807017543,0.9298245614035088,0.6,0.8983050847457628,0.6,0.9298245614035088,0.6666666666666666,0.7824858757062148,0.843859649122807
359,12,54,2,9,0.8571428571428571,0.7678571428571428,0.9642857142857143,0.5714285714285714,0.907563025210084,0.5714285714285714,0.9642857142857143,0.6857142857142857,0.7966386554621849,0.7959183673469388
360,13,56,3,5,0.8961038961038961,0.8356873822975518,0.9491525423728814,0.7222222222222222,0.9333333333333333,0.7222222222222222,0.9491525423728814,0.7647058823529411,0.8490196078431372,0.8907721280602636
361,11,61,1,4,0.935064935064935,0.8586021505376344,0.9838709677419355,0.7333333333333333,0.9606299212598425,0.7333333333333333,0.9838709677419355,0.8148148148148148,0.8877223680373286,0.913978494623656
362,13,57,2,5,0.9090909090909091,0.8441619585687382,0.9661016949152542,0.7222222222222222,0.9421487603305785,0.7222222222222222,0.9661016949152542,0.7878787878787878,0.8650137741046832,0.8370998116760828
363,7,54,3,13,0.7922077922077922,0.6486842105263158,0.9473684210526315,0.35,0.8709677419354839,0.35,0.9473684210526315,0.4666666666666667,0.6688172043010753,0.8464912280701754
364,9,58,3,7,0.8701298701298701,0.7566598360655737,0.9508196721311475,0.5625,0.9206349206349206,0.5625,0.9508196721311475,0.6428571428571429,0.7817460317460317,0.8719262295081968
365,20,49,4,4,0.8961038961038961,0.878930817610063,0.9245283018867925,0.8333333333333334,0.9245283018867925,0.8333333333333334,0.9245283018867925,0.8333333333333334,0.878930817610063,0.9103773584905661
366,9,60,2,6,0.8961038961038961,0.7838709677419355,0.967741935483871,0.6,0.9375,0.6,0.967741935483871,0.6923076923076923,0.8149038461538461,0.7989247311827957
367,12,54,1,10,0.8571428571428571,0.7636363636363637,0.9818181818181818,0.5454545454545454,0.907563025210084,0.5454545454545454,0.9818181818181818,0.6857142857142857,0.7966386554621849,0.7644628099173554
368,11,50,1,15,0.7922077922077922,0.701734539969834,0.9803921568627451,0.4230769230769231,0.8620689655172413,0.4230769230769231,0.9803921568627451,0.5789473684210527,0.720508166969147,0.8152337858220211
369,9,58,2,8,0.8701298701298701,0.7480392156862745,0.9666666666666667,0.5294117647058824,0.9206349206349206,0.5294117647058824,0.9666666666666667,0.6428571428571429,0.7817460317460317,0.8754901960784314
370,13,57,1,6,0.9090909090909091,0.8334845735027223,0.9827586206896551,0.6842105263157895,0.9421487603305785,0.6842105263157895,0.9827586206896551,0.7878787878787878,0.8650137741046832,0.911070780399274
371,10,55,3,9,0.8441558441558441,0.7372958257713249,0.9482758620689655,0.5263157894736842,0.9016393442622951,0.5263157894736842,0.9482758620689655,0.625,0.7633196721311475,0.8366606170598911
372,14,52,1,10,0.8571428571428571,0.7822327044025157,0.9811320754716981,0.5833333333333334,0.9043478260869565,0.5833333333333334,0.9811320754716981,0.717948717948718,0.8111482720178372,0.8466981132075472
373,13,57,0,7,0.9090909090909091,0.825,1.0,0.65,0.9421487603305785,0.65,1.0,0.7878787878787878,0.8650137741046832,0.9114035087719299
374,17,50,1,9,0.8701298701298701,0.8171191553544495,0.9803921568627451,0.6538461538461539,0.9090909090909091,0.6538461538461539,0.9803921568627451,0.7727272727272727,0.8409090909090908,0.8642533936651584
375,17,47,3,10,0.8311688311688312,0.7848148148148149,0.94,0.6296296296296297,0.8785046728971962,0.6296296296296297,0.94,0.723404255319149,0.8009544641081726,0.8237037037037036
376,15,56,0,6,0.922077922077922,0.8571428571428572,1.0,0.7142857142857143,0.9491525423728814,0.7142857142857143,1.0,0.8333333333333334,0.8912429378531074,0.9098639455782312
377,18,50,2,7,0.8831168831168831,0.8407692307692307,0.9615384615384616,0.72,0.9174311926605505,0.72,0.9615384615384616,0.8,0.8587155963302753,0.9061538461538462
378,17,47,3,10,0.8311688311688312,0.7848148148148149,0.94,0.6296296296296297,0.8785046728971962,0.6296296296296297,0.94,0.723404255319149,0.8009544641081726,0.8311111111111111
379,17,53,1,6,0.9090909090909091,0.8603059581320451,0.9814814814814815,0.7391304347826086,0.9380530973451328,0.7391304347826086,0.9814814814814815,0.8292682926829268,0.8836606950140298,0.8864734299516908
380,7,56,4,10,0.8181818181818182,0.6725490196078432,0.9333333333333333,0.4117647058823529,0.8888888888888888,0.4117647058823529,0.9333333333333333,0.5,0.6944444444444444,0.7450980392156863
381,11,58,0,8,0.8961038961038961,0.7894736842105263,1.0,0.5789473684210527,0.9354838709677419,0.5789473684210527,1.0,0.7333333333333333,0.8344086021505376,0.8312159709618875
382,14,57,2,4,0.922077922077922,0.871939736346516,0.9661016949152542,0.7777777777777778,0.95,0.7777777777777778,0.9661016949152542,0.8235294117647058,0.8867647058823529,0.9256120527306968
383,12,54,2,9,0.8571428571428571,0.7678571428571428,0.9642857142857143,0.5714285714285714,0.907563025210084,0.5714285714285714,0.9642857142857143,0.6857142857142857,0.7966386554621849,0.8316326530612244
384,10,59,4,4,0.8961038961038961,0.8253968253968254,0.9365079365079365,0.7142857142857143,0.9365079365079365,0.7142857142857143,0.9365079365079365,0.7142857142857143,0.8253968253968254,0.8310657596371882
385,17,53,4,3,0.9090909090909091,0.8899122807017543,0.9298245614035088,0.85,0.9380530973451328,0.85,0.9298245614035088,0.8292682926829268,0.8836606950140298,0.9394736842105262
386,17,52,1,7,0.8961038961038961,0.8447327044025157,0.9811320754716981,0.7083333333333334,0.9285714285714286,0.7083333333333334,0.9811320754716981,0.8095238095238095,0.8690476190476191,0.904874213836478
387,10,55,2,10,0.8441558441558441,0.7324561403508771,0.9649122807017544,0.5,0.9016393442622951,0.5,0.9649122807017544,0.625,0.7633196721311475,0.7929824561403509
388,13,48,2,14,0.7922077922077922,0.7207407407407407,0.96,0.48148148148148145,0.8571428571428571,0.48148148148148145,0.96,0.6190476190476191,0.7380952380952381,0.8237037037037037
389,10,53,3,11,0.8181818181818182,0.7113095238095237,0.9464285714285714,0.47619047619047616,0.8833333333333333,0.47619047619047616,0.9464285714285714,0.5882352941176471,0.7357843137254902,0.7687074829931972
390,10,64,1,2,0.961038961038961,0.9089743589743591,0.9846153846153847,0.8333333333333334,0.9770992366412213,0.8333333333333334,0.9846153846153847,0.8695652173913043,0.9233322270162628,0.9615384615384616
391,10,47,5,15,0.7402597402597403,0.6519230769230769,0.9038461538461539,0.4,0.8245614035087719,0.4,0.9038461538461539,0.5,0.6622807017543859,0.7115384615384616
392,13,52,1,11,0.8441558441558441,0.7613993710691824,0.9811320754716981,0.5416666666666666,0.896551724137931,0.5416666666666666,0.9811320754716981,0.6842105263157895,0.7903811252268602,0.8820754716981132
393,16,54,1,6,0.9090909090909091,0.8545454545454545,0.9818181818181818,0.7272727272727273,0.9391304347826087,0.7272727272727273,0.9818181818181818,0.8205128205128205,0.8798216276477147,0.8966942148760331
394,11,59,1,6,0.9090909090909091,0.8151960784313725,0.9833333333333333,0.6470588235294118,0.944,0.6470588235294118,0.9833333333333333,0.7586206896551724,0.8513103448275862,0.8686274509803922
395,13,55,2,7,0.8831168831168831,0.8074561403508772,0.9649122807017544,0.65,0.9243697478991597,0.65,0.9649122807017544,0.7428571428571429,0.8336134453781513,0.9157894736842105
396,16,56,1,4,0.935064935064935,0.8912280701754386,0.9824561403508771,0.8,0.9572649572649573,0.8,0.9824561403508771,0.8648648648648649,0.9110649110649112,0.9017543859649122
397,9,60,1,7,0.8961038961038961,0.7730532786885246,0.9836065573770492,0.5625,0.9375,0.5625,0.9836065573770492,0.6923076923076923,0.8149038461538461,0.8985655737704918
398,13,51,5,8,0.8311688311688312,0.7648809523809523,0.9107142857142857,0.6190476190476191,0.8869565217391304,0.6190476190476191,0.9107142857142857,0.6666666666666666,0.7768115942028986,0.766156462585034
399,15,57,0,5,0.935064935064935,0.875,1.0,0.75,0.957983193277311,0.75,1.0,0.8571428571428571,0.907563025210084,0.9219298245614036
400,15,49,0,13,0.8311688311688312,0.7678571428571428,1.0,0.5357142857142857,0.8828828828828829,0.5357142857142857,1.0,0.6976744186046512,0.790278650743767,0.8921282798833818
401,11,53,2,11,0.8311688311688312,0.7318181818181818,0.9636363636363636,0.5,0.8907563025210085,0.5,0.9636363636363636,0.6285714285714286,0.7596638655462185,0.8099173553719008
402,11,54,4,8,0.8441558441558441,0.7549909255898366,0.9310344827586207,0.5789473684210527,0.9,0.5789473684210527,0.9310344827586207,0.6470588235294118,0.7735294117647059,0.8402903811252269
403,15,50,1,11,0.8441558441558441,0.7786576168929109,0.9803921568627451,0.5769230769230769,0.8928571428571429,0.5769230769230769,0.9803921568627451,0.7142857142857143,0.8035714285714286,0.8574660633484164
404,18,50,0,9,0.8831168831168831,0.8333333333333333,1.0,0.6666666666666666,0.9174311926605505,0.6666666666666666,1.0,0.8,0.8587155963302753,0.98
405,10,60,0,7,0.9090909090909091,0.7941176470588236,1.0,0.5882352941176471,0.9448818897637795,0.5882352941176471,1.0,0.7407407407407407,0.84281131525226,0.8960784313725491
406,11,59,2,5,0.9090909090909091,0.8273565573770492,0.9672131147540983,0.6875,0.944,0.6875,0.9672131147540983,0.7586206896551724,0.8513103448275862,0.8565573770491803
407,13,57,1,6,0.9090909090909091,0.8334845735027223,0.9827586206896551,0.6842105263157895,0.9421487603305785,0.6842105263157895,0.9827586206896551,0.7878787878787878,0.8650137741046832,0.8956442831215972
408,17,49,3,8,0.8571428571428571,0.8111538461538461,0.9423076923076923,0.68,0.8990825688073395,0.68,0.9423076923076923,0.7555555555555555,0.8273190621814475,0.9023076923076924
409,9,54,4,10,0.8181818181818182,0.7023593466424682,0.9310344827586207,0.47368421052631576,0.8852459016393442,0.47368421052631576,0.9310344827586207,0.5625,0.7238729508196722,0.8166969147005445
410,11,54,3,9,0.8441558441558441,0.7486842105263158,0.9473684210526315,0.55,0.9,0.55,0.9473684210526315,0.6470588235294118,0.7735294117647059,0.8482456140350877
411,14,52,1,10,0.8571428571428571,0.7822327044025157,0.9811320754716981,0.5833333333333334,0.9043478260869565,0.5833333333333334,0.9811320754716981,0.717948717948718,0.8111482720178372,0.8349056603773586
412,13,57,2,5,0.9090909090909091,0.8441619585687382,0.9661016949152542,0.7222222222222222,0.9421487603305785,0.7222222222222222,0.9661016949152542,0.7878787878787878,0.8650137741046832,0.919020715630885
413,11,55,3,8,0.8571428571428571,0.7636116152450091,0.9482758620689655,0.5789473684210527,0.9090909090909091,0.5789473684210527,0.9482758620689655,0.6666666666666666,0.7878787878787878,0.8439201451905626
414,14,52,3,8,0.8571428571428571,0.7909090909090909,0.9454545454545454,0.6363636363636364,0.9043478260869565,0.6363636363636364,0.9454545454545454,0.717948717948718,0.8111482720178372,0.8214876033057852
415,6,64,0,7,0.9090909090909091,0.7307692307692308,1.0,0.46153846153846156,0.9481481481481482,0.46153846153846156,1.0,0.631578947368421,0.7898635477582846,0.8088942307692308
416,14,56,4,3,0.9090909090909091,0.8784313725490196,0.9333333333333333,0.8235294117647058,0.9411764705882353,0.8235294117647058,0.9333333333333333,0.8,0.8705882352941177,0.9058823529411766
417,12,59,2,4,0.922077922077922,0.8586065573770492,0.9672131147540983,0.75,0.9516129032258065,0.75,0.9672131147540983,0.8,0.8758064516129033,0.8934426229508197
418,17,50,2,8,0.8701298701298701,0.8207692307692308,0.9615384615384616,0.68,0.9090909090909091,0.68,0.9615384615384616,0.7727272727272727,0.8409090909090908,0.8507692307692307
419,10,51,3,13,0.7922077922077922,0.6896135265700483,0.9444444444444444,0.43478260869565216,0.864406779661017,0.43478260869565216,0.9444444444444444,0.5555555555555556,0.7099811676082863,0.7697262479871175
420,15,52,2,8,0.8701298701298701,0.8075684380032206,0.9629629629629629,0.6521739130434783,0.9122807017543859,0.6521739130434783,0.9629629629629629,0.75,0.831140350877193,0.8180354267310789
421,9,59,1,8,0.8831168831168831,0.7563725490196078,0.9833333333333333,0.5294117647058824,0.9291338582677166,0.5294117647058824,0.9833333333333333,0.6666666666666666,0.7979002624671916,0.8852941176470589
422,16,53,3,5,0.8961038961038961,0.8541666666666666,0.9464285714285714,0.7619047619047619,0.9298245614035088,0.7619047619047619,0.9464285714285714,0.8,0.8649122807017544,0.836734693877551
423,9,60,2,6,0.8961038961038961,0.7838709677419355,0.967741935483871,0.6,0.9375,0.6,0.967741935483871,0.6923076923076923,0.8149038461538461,0.8333333333333334
424,18,47,3,9,0.8441558441558441,0.8033333333333332,0.94,0.6666666666666666,0.8867924528301887,0.6666666666666666,0.94,0.75,0.8183962264150944,0.8533333333333333
425,11,52,2,12,0.8181818181818182,0.7206119162640902,0.9629629629629629,0.4782608695652174,0.8813559322033898,0.4782608695652174,0.9629629629629629,0.6111111111111112,0.7462335216572504,0.8123993558776167
426,15,52,3,7,0.8701298701298701,0.8136363636363636,0.9454545454545454,0.6818181818181818,0.9122807017543859,0.6818181818181818,0.9454545454545454,0.75,0.831140350877193,0.7983471074380165
427,9,62,2,4,0.922077922077922,0.8305288461538461,0.96875,0.6923076923076923,0.9538461538461539,0.6923076923076923,0.96875,0.75,0.851923076923077,0.8329326923076923
428,10,52,6,9,0.8051948051948052,0.7114337568058076,0.896551724137931,0.5263157894736842,0.8739495798319328,0.5263157894736842,0.896551724137931,0.5714285714285714,0.7226890756302521,0.7704174228675136
429,16,49,2,10,0.8441558441558441,0.7880844645550529,0.9607843137254902,0.6153846153846154,0.8909090909090909,0.6153846153846154,0.9607843137254902,0.7272727272727273,0.8090909090909091,0.9049773755656109
430,15,51,2,9,0.8571428571428571,0.7936320754716981,0.9622641509433962,0.625,0.9026548672566371,0.625,0.9622641509433962,0.7317073170731707,0.8171810921649039,0.8089622641509434
431,14,53,2,8,0.8701298701298701,0.8,0.9636363636363636,0.6363636363636364,0.9137931034482759,0.6363636363636364,0.9636363636363636,0.7368421052631579,0.8253176043557169,0.8355371900826447
432,14,56,2,5,0.9090909090909091,0.8511796733212341,0.9655172413793104,0.7368421052631579,0.9411764705882353,0.7368421052631579,0.9655172413793104,0.8,0.8705882352941177,0.9328493647912885
433,9,55,0,13,0.8311688311688312,0.7045454545454546,1.0,0.4090909090909091,0.8943089430894309,0.4090909090909091,1.0,0.5806451612903226,0.7374770521898768,0.8628099173553719
434,14,57,1,5,0.922077922077922,0.8598003629764065,0.9827586206896551,0.7368421052631579,0.95,0.7368421052631579,0.9827586206896551,0.8235294117647058,0.8867647058823529,0.8965517241379309
435,10,56,2,9,0.8571428571428571,0.7459165154264973,0.9655172413793104,0.5263157894736842,0.9105691056910569,0.5263157894736842,0.9655172413793104,0.6451612903225806,0.7778651980068187,0.8003629764065336
436,11,56,1,9,0.8701298701298701,0.7662280701754386,0.9824561403508771,0.55,0.9180327868852459,0.55,0.9824561403508771,0.6875,0.802766393442623,0.7429824561403509
437,8,61,2,6,0.8961038961038961,0.7698412698412698,0.9682539682539683,0.5714285714285714,0.9384615384615385,0.5714285714285714,0.9682539682539683,0.6666666666666666,0.8025641025641026,0.8061224489795918
438,11,55,1,10,0.8571428571428571,0.7529761904761905,0.9821428571428571,0.5238095238095238,0.9090909090909091,0.5238095238095238,0.9821428571428571,0.6666666666666666,0.7878787878787878,0.9064625850340136
439,14,55,1,7,0.8961038961038961,0.8244047619047619,0.9821428571428571,0.6666666666666666,0.9322033898305084,0.6666666666666666,0.9821428571428571,0.7777777777777778,0.8549905838041432,0.9345238095238095
440,8,56,3,10,0.8311688311688312,0.6967984934086628,0.9491525423728814,0.4444444444444444,0.896,0.4444444444444444,0.9491525423728814,0.5517241379310345,0.7238620689655173,0.7570621468926553
441,13,50,4,10,0.8181818181818182,0.7455716586151369,0.9259259259259259,0.5652173913043478,0.8771929824561403,0.5652173913043478,0.9259259259259259,0.65,0.7635964912280702,0.8325281803542672
442,12,52,1,12,0.8311688311688312,0.7405660377358491,0.9811320754716981,0.5,0.8888888888888888,0.5,0.9811320754716981,0.6486486486486487,0.7687687687687688,0.8474842767295597
443,16,51,2,8,0.8701298701298701,0.8144654088050314,0.9622641509433962,0.6666666666666666,0.9107142857142857,0.6666666666666666,0.9622641509433962,0.7619047619047619,0.8363095238095237,0.8364779874213836
444,16,53,1,7,0.8961038961038961,0.8385668276972624,0.9814814814814815,0.6956521739130435,0.9298245614035088,0.6956521739130435,0.9814814814814815,0.8,0.8649122807017544,0.8743961352657004
445,13,55,3,6,0.8831168831168831,0.8162431941923776,0.9482758620689655,0.6842105263157895,0.9243697478991597,0.6842105263157895,0.9482758620689655,0.7428571428571429,0.8336134453781513,0.7958257713248639
446,15,49,0,13,0.8311688311688312,0.7678571428571428,1.0,0.5357142857142857,0.8828828828828829,0.5357142857142857,1.0,0.6976744186046512,0.790278650743767,0.8323615160349854
447,15,54,2,6,0.8961038961038961,0.8392857142857143,0.9642857142857143,0.7142857142857143,0.9310344827586207,0.7142857142857143,0.9642857142857143,0.7894736842105263,0.8602540834845736,0.9081632653061225
448,11,53,0,13,0.8311688311688312,0.7291666666666666,1.0,0.4583333333333333,0.8907563025210085,0.4583333333333333,1.0,0.6285714285714286,0.7596638655462185,0.8238993710691824
449,14,54,2,7,0.8831168831168831,0.8154761904761905,0.9642857142857143,0.6666666666666666,0.9230769230769231,0.6666666666666666,0.9642857142857143,0.7567567567567568,0.83991683991684,0.8188775510204082
450,18,45,4,10,0.8181818181818182,0.7806122448979592,0.9183673469387755,0.6428571428571429,0.8653846153846154,0.6428571428571429,0.9183673469387755,0.72,0.7926923076923077,0.8425655976676385
451,18,49,1,9,0.8701298701298701,0.8233333333333333,0.98,0.6666666666666666,0.9074074074074074,0.6666666666666666,0.98,0.782608695652174,0.8450080515297906,0.9014814814814814
452,15,54,2,6,0.8961038961038961,0.8392857142857143,0.9642857142857143,0.7142857142857143,0.9310344827586207,0.7142857142857143,0.9642857142857143,0.7894736842105263,0.8602540834845736,0.8886054421768707
453,12,53,2,10,0.8441558441558441,0.7545454545454545,0.9636363636363636,0.5454545454545454,0.8983050847457628,0.5454545454545454,0.9636363636363636,0.6666666666666666,0.7824858757062148,0.8231404958677686
454,17,51,2,7,0.8831168831168831,0.8352987421383649,0.9622641509433962,0.7083333333333334,0.918918918918919,0.7083333333333334,0.9622641509433962,0.7906976744186046,0.8548082966687618,0.9119496855345912
455,15,50,3,9,0.8441558441558441,0.7841981132075472,0.9433962264150944,0.625,0.8928571428571429,0.625,0.9433962264150944,0.7142857142857143,0.8035714285714286,0.8191823899371069
456,8,57,5,7,0.8441558441558441,0.7263440860215054,0.9193548387096774,0.5333333333333333,0.9047619047619048,0.5333333333333333,0.9193548387096774,0.5714285714285714,0.7380952380952381,0.8440860215053764
457,14,53,2,8,0.8701298701298701,0.8,0.9636363636363636,0.6363636363636364,0.9137931034482759,0.6363636363636364,0.9636363636363636,0.7368421052631579,0.8253176043557169,0.8537190082644628
458,18,53,2,4,0.922077922077922,0.8909090909090909,0.9636363636363636,0.8181818181818182,0.9464285714285714,0.8181818181818182,0.9636363636363636,0.8571428571428571,0.9017857142857142,0.9214876033057852
459,12,50,4,11,0.8051948051948052,0.7238325281803543,0.9259259259259259,0.5217391304347826,0.8695652173913043,0.5217391304347826,0.9259259259259259,0.6153846153846154,0.7424749163879598,0.7536231884057971
460,12,57,1,7,0.8961038961038961,0.807168784029038,0.9827586206896551,0.631578947368421,0.9344262295081968,0.631578947368421,0.9827586206896551,0.75,0.8422131147540983,0.8257713248638838
461,17,50,1,9,0.8701298701298701,0.8171191553544495,0.9803921568627451,0.6538461538461539,0.9090909090909091,0.6538461538461539,0.9803921568627451,0.7727272727272727,0.8409090909090908,0.8536953242835597
462,9,58,2,8,0.8701298701298701,0.7480392156862745,0.9666666666666667,0.5294117647058824,0.9206349206349206,0.5294117647058824,0.9666666666666667,0.6428571428571429,0.7817460317460317,0.8813725490196079
463,9,59,1,8,0.8831168831168831,0.7563725490196078,0.9833333333333333,0.5294117647058824,0.9291338582677166,0.5294117647058824,0.9833333333333333,0.6666666666666666,0.7979002624671916,0.7803921568627451
464,19,52,1,5,0.922077922077922,0.8863993710691824,0.9811320754716981,0.7916666666666666,0.9454545454545454,0.7916666666666666,0.9811320754716981,0.8636363636363636,0.9045454545454545,0.9033018867924528
465,17,52,1,7,0.8961038961038961,0.8447327044025157,0.9811320754716981,0.7083333333333334,0.9285714285714286,0.7083333333333334,0.9811320754716981,0.8095238095238095,0.8690476190476191,0.8765723270440251
466,7,61,2,7,0.8831168831168831,0.7341269841269842,0.9682539682539683,0.5,0.9312977099236641,0.5,0.9682539682539683,0.6086956521739131,0.7699966810487886,0.7743764172335601
467,15,54,1,7,0.8961038961038961,0.8318181818181818,0.9818181818181818,0.6818181818181818,0.9310344827586207,0.6818181818181818,0.9818181818181818,0.7894736842105263,0.8602540834845736,0.9181818181818183
468,9,54,4,10,0.8181818181818182,0.7023593466424682,0.9310344827586207,0.47368421052631576,0.8852459016393442,0.47368421052631576,0.9310344827586207,0.5625,0.7238729508196722,0.778584392014519
469,19,50,2,6,0.8961038961038961,0.8607692307692307,0.9615384615384616,0.76,0.9259259259259259,0.76,0.9615384615384616,0.8260869565217391,0.8760064412238325,0.9284615384615384
470,22,48,0,7,0.9090909090909091,0.8793103448275862,1.0,0.7586206896551724,0.9320388349514563,0.7586206896551724,1.0,0.8627450980392157,0.897391966495336,0.8714080459770116
471,15,50,3,9,0.8441558441558441,0.7841981132075472,0.9433962264150944,0.625,0.8928571428571429,0.625,0.9433962264150944,0.7142857142857143,0.8035714285714286,0.8380503144654088
472,15,53,1,8,0.8831168831168831,0.81682769726248,0.9814814814814815,0.6521739130434783,0.9217391304347826,0.6521739130434783,0.9814814814814815,0.7692307692307693,0.8454849498327759,0.855072463768116
473,13,56,1,7,0.8961038961038961,0.8162280701754385,0.9824561403508771,0.65,0.9333333333333333,0.65,0.9824561403508771,0.7647058823529411,0.8490196078431372,0.9649122807017544
474,17,53,2,5,0.9090909090909091,0.8681818181818182,0.9636363636363636,0.7727272727272727,0.9380530973451328,0.7727272727272727,0.9636363636363636,0.8292682926829268,0.8836606950140298,0.868595041322314
475,9,57,2,9,0.8571428571428571,0.7330508474576272,0.9661016949152542,0.5,0.912,0.5,0.9661016949152542,0.6206896551724138,0.7663448275862069,0.8107344632768362
476,14,56,0,7,0.9090909090909091,0.8333333333333333,1.0,0.6666666666666666,0.9411764705882353,0.6666666666666666,1.0,0.8,0.8705882352941177,0.9285714285714286
477,13,52,2,10,0.8441558441558441,0.7640901771336553,0.9629629629629629,0.5652173913043478,0.896551724137931,0.5652173913043478,0.9629629629629629,0.6842105263157895,0.7903811252268602,0.8333333333333334
478,15,50,4,8,0.8441558441558441,0.789049919484702,0.9259259259259259,0.6521739130434783,0.8928571428571429,0.6521739130434783,0.9259259259259259,0.7142857142857143,0.8035714285714286,0.8140096618357487
479,17,46,4,10,0.8181818181818182,0.7748148148148148,0.92,0.6296296296296297,0.8679245283018868,0.6296296296296297,0.92,0.7083333333333334,0.78812893081761,0.8503703703703704
480,18,49,2,8,0.8701298701298701,0.8265460030165912,0.9607843137254902,0.6923076923076923,0.9074074074074074,0.6923076923076923,0.9607843137254902,0.782608695652174,0.8450080515297906,0.863499245852187
481,14,55,2,6,0.8961038961038961,0.8324561403508772,0.9649122807017544,0.7,0.9322033898305084,0.7,0.9649122807017544,0.7777777777777778,0.8549905838041432,0.8719298245614036
482,12,56,3,6,0.8831168831168831,0.807909604519774,0.9491525423728814,0.6666666666666666,0.9256198347107438,0.6666666666666666,0.9491525423728814,0.7272727272727273,0.8264462809917356,0.8662900188323917
483,18,52,2,5,0.9090909090909091,0.8727858293075684,0.9629629629629629,0.782608695652174,0.9369369369369369,0.782608695652174,0.9629629629629629,0.8372093023255814,0.8870731196312591,0.8864734299516909
484,8,57,1,11,0.8441558441558441,0.7019056261343013,0.9827586206896551,0.42105263157894735,0.9047619047619048,0.42105263157894735,0.9827586206896551,0.5714285714285714,0.7380952380952381,0.7531760435571688
485,12,49,6,10,0.7922077922077922,0.7181818181818181,0.8909090909090909,0.5454545454545454,0.8596491228070176,0.5454545454545454,0.8909090909090909,0.6,0.7298245614035088,0.843801652892562
486,11,59,2,5,0.9090909090909091,0.8273565573770492,0.9672131147540983,0.6875,0.944,0.6875,0.9672131147540983,0.7586206896551724,0.8513103448275862,0.9375
487,15,51,2,9,0.8571428571428571,0.7936320754716981,0.9622641509433962,0.625,0.9026548672566371,0.625,0.9622641509433962,0.7317073170731707,0.8171810921649039,0.8388364779874213
488,16,49,3,9,0.8441558441558441,0.7911538461538461,0.9423076923076923,0.64,0.8909090909090909,0.64,0.9423076923076923,0.7272727272727273,0.8090909090909091,0.7892307692307692
489,14,54,0,9,0.8831168831168831,0.8043478260869565,1.0,0.6086956521739131,0.9230769230769231,0.6086956521739131,1.0,0.7567567567567568,0.83991683991684,0.8486312399355878
490,15,52,3,7,0.8701298701298701,0.8136363636363636,0.9454545454545454,0.6818181818181818,0.9122807017543859,0.6818181818181818,0.9454545454545454,0.75,0.831140350877193,0.8322314049586778
491,10,51,2,14,0.7922077922077922,0.6894654088050315,0.9622641509433962,0.4166666666666667,0.864406779661017,0.4166666666666667,0.9622641509433962,0.5555555555555556,0.7099811676082863,0.6438679245283019
492,19,48,3,7,0.8701298701298701,0.835972850678733,0.9411764705882353,0.7307692307692307,0.9056603773584906,0.7307692307692307,0.9411764705882353,0.7916666666666666,0.8486635220125787,0.8702865761689291
493,14,50,2,11,0.8311688311688312,0.7607692307692309,0.9615384615384616,0.56,0.8849557522123894,0.56,0.9615384615384616,0.6829268292682927,0.7839412907403411,0.8607692307692307
494,12,57,3,5,0.8961038961038961,0.8279411764705882,0.95,0.7058823529411765,0.9344262295081968,0.7058823529411765,0.95,0.75,0.8422131147540983,0.8784313725490196
495,13,54,4,6,0.8701298701298701,0.8076225045372051,0.9310344827586207,0.6842105263157895,0.9152542372881356,0.6842105263157895,0.9310344827586207,0.7222222222222222,0.8187382297551788,0.7985480943738658
496,13,56,1,7,0.8961038961038961,0.8162280701754385,0.9824561403508771,0.65,0.9333333333333333,0.65,0.9824561403508771,0.7647058823529411,0.8490196078431372,0.8596491228070176
497,9,60,1,7,0.8961038961038961,0.7730532786885246,0.9836065573770492,0.5625,0.9375,0.5625,0.9836065573770492,0.6923076923076923,0.8149038461538461,0.9344262295081968
498,17,49,1,10,0.8571428571428571,0.8048148148148149,0.98,0.6296296296296297,0.8990825688073395,0.6296296296296297,0.98,0.7555555555555555,0.8273190621814475,0.888888888888889
499,11,57,2,7,0.8831168831168831,0.7886064030131827,0.9661016949152542,0.6111111111111112,0.926829268292683,0.6111111111111112,0.9661016949152542,0.7096774193548387,0.8182533438237609,0.847457627118644
500,18,47,1,11,0.8441558441558441,0.7999281609195402,0.9791666666666666,0.6206896551724138,0.8867924528301887,0.6206896551724138,0.9791666666666666,0.75,0.8183962264150944,0.853448275862069
501,9,55,2,11,0.8311688311688312,0.7074561403508772,0.9649122807017544,0.45,0.8943089430894309,0.45,0.9649122807017544,0.5806451612903226,0.7374770521898768,0.7385964912280701
502,9,57,0,11,0.8571428571428571,0.725,1.0,0.45,0.912,0.45,1.0,0.6206896551724138,0.7663448275862069,0.8596491228070176
503,5,62,2,8,0.8701298701298701,0.6766826923076923,0.96875,0.38461538461538464,0.9253731343283582,0.38461538461538464,0.96875,0.5,0.7126865671641791,0.7908653846153847
504,14,51,5,7,0.8441558441558441,0.7886904761904762,0.9107142857142857,0.6666666666666666,0.8947368421052632,0.6666666666666666,0.9107142857142857,0.7,0.7973684210526315,0.8537414965986394
505,17,50,2,8,0.8701298701298701,0.8207692307692308,0.9615384615384616,0.68,0.9090909090909091,0.68,0.9615384615384616,0.7727272727272727,0.8409090909090908,0.876923076923077
506,12,49,3,13,0.7922077922077922,0.7111538461538461,0.9423076923076923,0.48,0.8596491228070176,0.48,0.9423076923076923,0.6,0.7298245614035088,0.8061538461538461
507,21,52,1,3,0.948051948051948,0.9280660377358491,0.9811320754716981,0.875,0.9629629629629629,0.875,0.9811320754716981,0.9130434782608695,0.9380032206119162,0.9599056603773585
508,11,59,2,5,0.9090909090909091,0.8273565573770492,0.9672131147540983,0.6875,0.944,0.6875,0.9672131147540983,0.7586206896551724,0.8513103448275862,0.834016393442623
509,19,52,1,5,0.922077922077922,0.8863993710691824,0.9811320754716981,0.7916666666666666,0.9454545454545454,0.7916666666666666,0.9811320754716981,0.8636363636363636,0.9045454545454545,0.8922955974842768
510,17,56,0,4,0.948051948051948,0.9047619047619048,1.0,0.8095238095238095,0.9655172413793104,0.8095238095238095,1.0,0.8947368421052632,0.9301270417422868,0.9345238095238095
511,15,54,0,8,0.8961038961038961,0.8260869565217391,1.0,0.6521739130434783,0.9310344827586207,0.6521739130434783,1.0,0.7894736842105263,0.8602540834845736,0.8727858293075684
512,13,53,2,9,0.8571428571428571,0.7772727272727273,0.9636363636363636,0.5909090909090909,0.905982905982906,0.5909090909090909,0.9636363636363636,0.7027027027027027,0.8043428043428044,0.8388429752066116
513,11,48,4,14,0.7662337662337663,0.6815384615384615,0.9230769230769231,0.44,0.8421052631578947,0.44,0.9230769230769231,0.55,0.6960526315789474,0.7999999999999999
514,17,48,2,10,0.8441558441558441,0.7948148148148149,0.96,0.6296296296296297,0.8888888888888888,0.6296296296296297,0.96,0.7391304347826086,0.8140096618357487,0.8548148148148148
515,15,55,0,7,0.9090909090909091,0.8409090909090908,1.0,0.6818181818181818,0.9401709401709402,0.6818181818181818,1.0,0.8108108108108109,0.8754908754908755,0.9157024793388431
516,15,55,0,7,0.9090909090909091,0.8409090909090908,1.0,0.6818181818181818,0.9401709401709402,0.6818181818181818,1.0,0.8108108108108109,0.8754908754908755,0.8520661157024794
517,11,57,2,7,0.8831168831168831,0.7886064030131827,0.9661016949152542,0.6111111111111112,0.926829268292683,0.6111111111111112,0.9661016949152542,0.7096774193548387,0.8182533438237609,0.8512241054613936
518,14,55,2,6,0.8961038961038961,0.8324561403508772,0.9649122807017544,0.7,0.9322033898305084,0.7,0.9649122807017544,0.7777777777777778,0.8549905838041432,0.8771929824561403
519,9,62,3,3,0.922077922077922,0.851923076923077,0.9538461538461539,0.75,0.9538461538461539,0.75,0.9538461538461539,0.75,0.851923076923077,0.8717948717948717
520,13,55,5,4,0.8831168831168831,0.8406862745098038,0.9166666666666666,0.7647058823529411,0.9243697478991597,0.7647058823529411,0.9166666666666666,0.7428571428571429,0.8336134453781513,0.8735294117647059
521,19,43,4,11,0.8051948051948052,0.7741134751773049,0.9148936170212766,0.6333333333333333,0.8514851485148515,0.6333333333333333,0.9148936170212766,0.7169811320754716,0.7842331402951616,0.8475177304964538
522,9,57,3,8,0.8571428571428571,0.7397058823529412,0.95,0.5294117647058824,0.912,0.5294117647058824,0.95,0.6206896551724138,0.7663448275862069,0.6990196078431372
523,5,59,3,10,0.8311688311688312,0.6424731182795699,0.9516129032258065,0.3333333333333333,0.9007633587786259,0.3333333333333333,0.9516129032258065,0.43478260869565216,0.667772983737139,0.7376344086021506
524,17,52,0,8,0.8961038961038961,0.8400000000000001,1.0,0.68,0.9285714285714286,0.68,1.0,0.8095238095238095,0.8690476190476191,0.9007692307692308
525,13,52,2,10,0.8441558441558441,0.7640901771336553,0.9629629629629629,0.5652173913043478,0.896551724137931,0.5652173913043478,0.9629629629629629,0.6842105263157895,0.7903811252268602,0.820450885668277
526,8,55,3,11,0.8181818181818182,0.6846642468239564,0.9482758620689655,0.42105263157894735,0.8870967741935484,0.42105263157894735,0.9482758620689655,0.5333333333333333,0.7102150537634409,0.8039927404718693
527,17,52,3,5,0.8961038961038961,0.8590909090909091,0.9454545454545454,0.7727272727272727,0.9285714285714286,0.7727272727272727,0.9454545454545454,0.8095238095238095,0.8690476190476191,0.8892561983471073
528,16,50,2,9,0.8571428571428571,0.8007692307692308,0.9615384615384616,0.64,0.9009009009009009,0.64,0.9615384615384616,0.7441860465116279,0.8225434737062645,0.796923076923077
529,17,47,4,9,0.8311688311688312,0.7877073906485671,0.9215686274509803,0.6538461538461539,0.8785046728971962,0.6538461538461539,0.9215686274509803,0.723404255319149,0.8009544641081726,0.8265460030165912
530,17,52,1,7,0.8961038961038961,0.8447327044025157,0.9811320754716981,0.7083333333333334,0.9285714285714286,0.7083333333333334,0.9811320754716981,0.8095238095238095,0.8690476190476191,0.9025157232704403
531,8,60,1,8,0.8831168831168831,0.7418032786885246,0.9836065573770492,0.5,0.9302325581395349,0.5,0.9836065573770492,0.64,0.7851162790697674,0.8329918032786885
532,12,59,1,5,0.922077922077922,0.8446078431372549,0.9833333333333333,0.7058823529411765,0.9516129032258065,0.7058823529411765,0.9833333333333333,0.8,0.8758064516129033,0.9647058823529412
533,13,55,2,7,0.8831168831168831,0.8074561403508772,0.9649122807017544,0.65,0.9243697478991597,0.65,0.9649122807017544,0.7428571428571429,0.8336134453781513,0.7982456140350878
534,16,58,0,3,0.961038961038961,0.9210526315789473,1.0,0.8421052631578947,0.9747899159663865,0.8421052631578947,1.0,0.9142857142857143,0.9445378151260504,0.9437386569872958
535,13,51,2,11,0.8311688311688312,0.7519654088050314,0.9622641509433962,0.5416666666666666,0.8869565217391304,0.5416666666666666,0.9622641509433962,0.6666666666666666,0.7768115942028986,0.7877358490566038
536,12,52,5,8,0.8311688311688312,0.7561403508771929,0.9122807017543859,0.6,0.8888888888888888,0.6,0.9122807017543859,0.6486486486486487,0.7687687687687688,0.8157894736842105
537,12,63,1,1,0.974025974025974,0.9537259615384616,0.984375,0.9230769230769231,0.984375,0.9230769230769231,0.984375,0.9230769230769231,0.9537259615384616,0.9735576923076923
538,7,65,0,5,0.935064935064935,0.7916666666666667,1.0,0.5833333333333334,0.9629629629629629,0.5833333333333334,1.0,0.7368421052631579,0.8499025341130604,0.841025641025641
539,16,55,1,5,0.922077922077922,0.8720238095238095,0.9821428571428571,0.7619047619047619,0.9482758620689655,0.7619047619047619,0.9821428571428571,0.8421052631578947,0.8951905626134301,0.8996598639455783
540,6,60,5,6,0.8571428571428571,0.7115384615384616,0.9230769230769231,0.5,0.916030534351145,0.5,0.9230769230769231,0.5217391304347826,0.7188848323929637,0.8064102564102563
541,12,58,1,6,0.9090909090909091,0.8248587570621468,0.9830508474576272,0.6666666666666666,0.943089430894309,0.6666666666666666,0.9830508474576272,0.7741935483870968,0.8586414896407029,0.871939736346516
542,13,56,2,6,0.8961038961038961,0.8248638838475499,0.9655172413793104,0.6842105263157895,0.9333333333333333,0.6842105263157895,0.9655172413793104,0.7647058823529411,0.8490196078431372,0.8874773139745916
543,13,53,2,9,0.8571428571428571,0.7772727272727273,0.9636363636363636,0.5909090909090909,0.905982905982906,0.5909090909090909,0.9636363636363636,0.7027027027027027,0.8043428043428044,0.8892561983471075
544,13,55,0,9,0.8831168831168831,0.7954545454545454,1.0,0.5909090909090909,0.9243697478991597,0.5909090909090909,1.0,0.7428571428571429,0.8336134453781513,0.8735537190082644
545,7,58,3,9,0.8441558441558441,0.6941598360655737,0.9508196721311475,0.4375,0.90625,0.4375,0.9508196721311475,0.5384615384615384,0.7223557692307692,0.8165983606557378
546,11,60,0,6,0.922077922077922,0.8235294117647058,1.0,0.6470588235294118,0.9523809523809523,0.6470588235294118,1.0,0.7857142857142857,0.8690476190476191,0.9058823529411765
547,15,50,3,9,0.8441558441558441,0.7841981132075472,0.9433962264150944,0.625,0.8928571428571429,0.625,0.9433962264150944,0.7142857142857143,0.8035714285714286,0.7955974842767296
548,14,57,1,5,0.922077922077922,0.8598003629764065,0.9827586206896551,0.7368421052631579,0.95,0.7368421052631579,0.9827586206896551,0.8235294117647058,0.8867647058823529,0.9165154264972776
549,16,51,1,9,0.8701298701298701,0.8103846153846154,0.9807692307692307,0.64,0.9107142857142857,0.64,0.9807692307692307,0.7619047619047619,0.8363095238095237,0.8415384615384616
550,11,56,2,8,0.8701298701298701,0.7722323049001816,0.9655172413793104,0.5789473684210527,0.9180327868852459,0.5789473684210527,0.9655172413793104,0.6875,0.802766393442623,0.8629764065335753
551,16,48,0,13,0.8311688311688312,0.7758620689655172,1.0,0.5517241379310345,0.8807339449541285,0.5517241379310345,1.0,0.7111111111111111,0.7959225280326199,0.8541666666666667
552,10,55,4,8,0.8441558441558441,0.743879472693032,0.9322033898305084,0.5555555555555556,0.9016393442622951,0.5555555555555556,0.9322033898305084,0.625,0.7633196721311475,0.8013182674199624
553,16,55,1,5,0.922077922077922,0.8720238095238095,0.9821428571428571,0.7619047619047619,0.9482758620689655,0.7619047619047619,0.9821428571428571,0.8421052631578947,0.8951905626134301,0.8971088435374149
554,9,57,3,8,0.8571428571428571,0.7397058823529412,0.95,0.5294117647058824,0.912,0.5294117647058824,0.95,0.6206896551724138,0.7663448275862069,0.8186274509803921
555,15,51,3,8,0.8571428571428571,0.7983091787439613,0.9444444444444444,0.6521739130434783,0.9026548672566371,0.6521739130434783,0.9444444444444444,0.7317073170731707,0.8171810921649039,0.8816425120772947
556,16,53,1,7,0.8961038961038961,0.8385668276972624,0.9814814814814815,0.6956521739130435,0.9298245614035088,0.6956521739130435,0.9814814814814815,0.8,0.8649122807017544,0.9227053140096618
557,13,54,4,6,0.8701298701298701,0.8076225045372051,0.9310344827586207,0.6842105263157895,0.9152542372881356,0.6842105263157895,0.9310344827586207,0.7222222222222222,0.8187382297551788,0.8430127041742287
558,13,52,2,10,0.8441558441558441,0.7640901771336553,0.9629629629629629,0.5652173913043478,0.896551724137931,0.5652173913043478,0.9629629629629629,0.6842105263157895,0.7903811252268602,0.8019323671497585
559,12,52,3,10,0.8311688311688312,0.7454545454545454,0.9454545454545454,0.5454545454545454,0.8888888888888888,0.5454545454545454,0.9454545454545454,0.6486486486486487,0.7687687687687688,0.8289256198347108
560,20,48,1,8,0.8831168831168831,0.846938775510204,0.9795918367346939,0.7142857142857143,0.9142857142857143,0.7142857142857143,0.9795918367346939,0.8163265306122449,0.8653061224489795,0.8906705539358601
561,9,57,2,9,0.8571428571428571,0.7330508474576272,0.9661016949152542,0.5,0.912,0.5,0.9661016949152542,0.6206896551724138,0.7663448275862069,0.7947269303201506
562,14,54,4,5,0.8831168831168831,0.8339382940108893,0.9310344827586207,0.7368421052631579,0.9230769230769231,0.7368421052631579,0.9310344827586207,0.7567567567567568,0.83991683991684,0.8421052631578948
563,18,55,2,2,0.948051948051948,0.9324561403508772,0.9649122807017544,0.9,0.9649122807017544,0.9,0.9649122807017544,0.9,0.9324561403508772,0.9201754385964913
564,9,60,1,7,0.8961038961038961,0.7730532786885246,0.9836065573770492,0.5625,0.9375,0.5625,0.9836065573770492,0.6923076923076923,0.8149038461538461,0.8360655737704918
565,12,57,1,7,0.8961038961038961,0.807168784029038,0.9827586206896551,0.631578947368421,0.9344262295081968,0.631578947368421,0.9827586206896551,0.75,0.8422131147540983,0.8865698729582577
566,14,52,3,8,0.8571428571428571,0.7909090909090909,0.9454545454545454,0.6363636363636364,0.9043478260869565,0.6363636363636364,0.9454545454545454,0.717948717948718,0.8111482720178372,0.8950413223140496
567,12,58,1,6,0.9090909090909091,0.8248587570621468,0.9830508474576272,0.6666666666666666,0.943089430894309,0.6666666666666666,0.9830508474576272,0.7741935483870968,0.8586414896407029,0.864406779661017
568,9,61,2,5,0.9090909090909091,0.8055555555555556,0.9682539682539683,0.6428571428571429,0.9457364341085271,0.6428571428571429,0.9682539682539683,0.72,0.8328682170542636,0.8185941043083901
569,14,55,0,8,0.8961038961038961,0.8181818181818181,1.0,0.6363636363636364,0.9322033898305084,0.6363636363636364,1.0,0.7777777777777778,0.8549905838041432,0.912396694214876
570,10,58,2,7,0.8831168831168831,0.7774509803921569,0.9666666666666667,0.5882352941176471,0.928,0.5882352941176471,0.9666666666666667,0.6896551724137931,0.8088275862068965,0.8686274509803921
571,12,52,0,13,0.8311688311688312,0.74,1.0,0.48,0.8888888888888888,0.48,1.0,0.6486486486486487,0.7687687687687688,0.83
572,13,47,4,13,0.7792207792207793,0.7107843137254901,0.9215686274509803,0.5,0.8468468468468469,0.5,0.9215686274509803,0.6046511627906976,0.7257490048187722,0.7820512820512819
573,9,60,0,8,0.8961038961038961,0.7647058823529411,1.0,0.5294117647058824,0.9375,0.5294117647058824,1.0,0.6923076923076923,0.8149038461538461,0.865686274509804
574,15,54,4,4,0.8961038961038961,0.8602540834845736,0.9310344827586207,0.7894736842105263,0.9310344827586207,0.7894736842105263,0.9310344827586207,0.7894736842105263,0.8602540834845736,0.9074410163339384
575,12,52,2,11,0.8311688311688312,0.7423510466988728,0.9629629629629629,0.5217391304347826,0.8888888888888888,0.5217391304347826,0.9629629629629629,0.6486486486486487,0.7687687687687688,0.7946859903381642
576,7,54,2,14,0.7922077922077922,0.6488095238095238,0.9642857142857143,0.3333333333333333,0.8709677419354839,0.3333333333333333,0.9642857142857143,0.4666666666666667,0.6688172043010753,0.6641156462585034
577,11,54,3,9,0.8441558441558441,0.7486842105263158,0.9473684210526315,0.55,0.9,0.55,0.9473684210526315,0.6470588235294118,0.7735294117647059,0.8114035087719298
578,20,41,3,13,0.7922077922077922,0.7689393939393939,0.9318181818181818,0.6060606060606061,0.8367346938775511,0.6060606060606061,0.9318181818181818,0.7142857142857143,0.7755102040816326,0.7851239669421487
579,10,58,2,7,0.8831168831168831,0.7774509803921569,0.9666666666666667,0.5882352941176471,0.928,0.5882352941176471,0.9666666666666667,0.6896551724137931,0.8088275862068965,0.8156862745098039
580,15,48,2,12,0.8181818181818182,0.7577777777777778,0.96,0.5555555555555556,0.8727272727272727,0.5555555555555556,0.96,0.6818181818181818,0.7772727272727272,0.8214814814814814
581,15,51,4,7,0.8571428571428571,0.8045454545454545,0.9272727272727272,0.6818181818181818,0.9026548672566371,0.6818181818181818,0.9272727272727272,0.7317073170731707,0.8171810921649039,0.8198347107438017
582,11,60,1,5,0.922077922077922,0.8355532786885246,0.9836065573770492,0.6875,0.9523809523809523,0.6875,0.9836065573770492,0.7857142857142857,0.8690476190476191,0.9077868852459017
583,10,60,2,5,0.9090909090909091,0.8172043010752688,0.967741935483871,0.6666666666666666,0.9448818897637795,0.6666666666666666,0.967741935483871,0.7407407407407407,0.84281131525226,0.8322580645161289
584,9,53,2,13,0.8051948051948052,0.6863636363636364,0.9636363636363636,0.4090909090909091,0.8760330578512396,0.4090909090909091,0.9636363636363636,0.5454545454545454,0.7107438016528925,0.7876033057851239
585,21,49,2,5,0.9090909090909091,0.8842383107088989,0.9607843137254902,0.8076923076923077,0.9333333333333333,0.8076923076923077,0.9607843137254902,0.8571428571428571,0.8952380952380952,0.9004524886877828
586,12,55,1,9,0.8701298701298701,0.7767857142857142,0.9821428571428571,0.5714285714285714,0.9166666666666666,0.5714285714285714,0.9821428571428571,0.7058823529411765,0.8112745098039216,0.858843537414966
587,9,59,3,6,0.8831168831168831,0.7758064516129033,0.9516129032258065,0.6,0.9291338582677166,0.6,0.9516129032258065,0.6666666666666666,0.7979002624671916,0.8118279569892474
588,18,49,3,7,0.8701298701298701,0.8311538461538461,0.9423076923076923,0.72,0.9074074074074074,0.72,0.9423076923076923,0.782608695652174,0.8450080515297906,0.916923076923077
589,16,53,2,6,0.8961038961038961,0.8454545454545455,0.9636363636363636,0.7272727272727273,0.9298245614035088,0.7272727272727273,0.9636363636363636,0.8,0.8649122807017544,0.8801652892561984
590,12,54,4,7,0.8571428571428571,0.7813067150635209,0.9310344827586207,0.631578947368421,0.907563025210084,0.631578947368421,0.9310344827586207,0.6857142857142857,0.7966386554621849,0.7967332123411979
591,6,57,3,11,0.8181818181818182,0.6514705882352941,0.95,0.35294117647058826,0.890625,0.35294117647058826,0.95,0.46153846153846156,0.6760817307692308,0.6892156862745098
592,13,57,1,6,0.9090909090909091,0.8334845735027223,0.9827586206896551,0.6842105263157895,0.9421487603305785,0.6842105263157895,0.9827586206896551,0.7878787878787878,0.8650137741046832,0.9047186932849365
593,14,54,2,7,0.8831168831168831,0.8154761904761905,0.9642857142857143,0.6666666666666666,0.9230769230769231,0.6666666666666666,0.9642857142857143,0.7567567567567568,0.83991683991684,0.8316326530612245
594,15,54,1,7,0.8961038961038961,0.8318181818181818,0.9818181818181818,0.6818181818181818,0.9310344827586207,0.6818181818181818,0.9818181818181818,0.7894736842105263,0.8602540834845736,0.7826446280991736
595,19,51,3,4,0.9090909090909091,0.8852657004830917,0.9444444444444444,0.8260869565217391,0.9357798165137615,0.8260869565217391,0.9444444444444444,0.8444444444444444,0.890112130479103,0.8695652173913043
596,7,64,1,5,0.922077922077922,0.7839743589743591,0.9846153846153847,0.5833333333333334,0.9552238805970149,0.5833333333333334,0.9846153846153847,0.7,0.8276119402985074,0.8256410256410256
597,10,52,2,13,0.8051948051948052,0.6988727858293076,0.9629629629629629,0.43478260869565216,0.8739495798319328,0.43478260869565216,0.9629629629629629,0.5714285714285714,0.7226890756302521,0.7552334943639291
598,6,62,4,5,0.8831168831168831,0.7424242424242424,0.9393939393939394,0.5454545454545454,0.9323308270676691,0.5454545454545454,0.9393939393939394,0.5714285714285714,0.7518796992481203,0.7396694214876033
599,14,52,3,8,0.8571428571428571,0.7909090909090909,0.9454545454545454,0.6363636363636364,0.9043478260869565,0.6363636363636364,0.9454545454545454,0.717948717948718,0.8111482720178372,0.8388429752066116
600,18,49,2,8,0.8701298701298701,0.8265460030165912,0.9607843137254902,0.6923076923076923,0.9074074074074074,0.6923076923076923,0.9607843137254902,0.782608695652174,0.8450080515297906,0.8665158371040724
601,10,58,5,4,0.8831168831168831,0.8174603174603174,0.9206349206349206,0.7142857142857143,0.928,0.7142857142857143,0.9206349206349206,0.6896551724137931,0.8088275862068965,0.81859410430839
602,13,55,4,5,0.8831168831168831,0.8272128060263653,0.9322033898305084,0.7222222222222222,0.9243697478991597,0.7222222222222222,0.9322033898305084,0.7428571428571429,0.8336134453781513,0.8502824858757062
603,15,56,2,4,0.922077922077922,0.8774954627949183,0.9655172413793104,0.7894736842105263,0.9491525423728814,0.7894736842105263,0.9655172413793104,0.8333333333333334,0.8912429378531074,0.8784029038112523
604,16,56,3,2,0.935064935064935,0.9190207156308852,0.9491525423728814,0.8888888888888888,0.9572649572649573,0.8888888888888888,0.9491525423728814,0.8648648648648649,0.9110649110649112,0.935969868173258
605,15,47,0,15,0.8051948051948052,0.75,1.0,0.5,0.8623853211009175,0.5,1.0,0.6666666666666666,0.764525993883792,0.8085106382978724
606,11,55,4,7,0.8571428571428571,0.7716572504708098,0.9322033898305084,0.6111111111111112,0.9090909090909091,0.6111111111111112,0.9322033898305084,0.6666666666666666,0.7878787878787878,0.8860640301318268
607,11,53,5,8,0.8311688311688312,0.7463702359346642,0.9137931034482759,0.5789473684210527,0.8907563025210085,0.5789473684210527,0.9137931034482759,0.6285714285714286,0.7596638655462185,0.734119782214156
608,17,54,1,5,0.922077922077922,0.8772727272727272,0.9818181818181818,0.7727272727272727,0.9473684210526315,0.7727272727272727,0.9818181818181818,0.85,0.8986842105263158,0.9487603305785124
609,5,60,3,9,0.8441558441558441,0.6547619047619048,0.9523809523809523,0.35714285714285715,0.9090909090909091,0.35714285714285715,0.9523809523809523,0.45454545454545453,0.6818181818181818,0.8197278911564626
610,9,57,2,9,0.8571428571428571,0.7330508474576272,0.9661016949152542,0.5,0.912,0.5,0.9661016949152542,0.6206896551724138,0.7663448275862069,0.8822975517890772
611,7,58,1,11,0.8441558441558441,0.685969868173258,0.9830508474576272,0.3888888888888889,0.90625,0.3888888888888889,0.9830508474576272,0.5384615384615384,0.7223557692307692,0.7956685499058381
612,13,52,3,9,0.8441558441558441,0.7681818181818182,0.9454545454545454,0.5909090909090909,0.896551724137931,0.5909090909090909,0.9454545454545454,0.6842105263157895,0.7903811252268602,0.8586776859504132
613,14,58,1,4,0.935064935064935,0.8804143126177024,0.9830508474576272,0.7777777777777778,0.9586776859504132,0.7777777777777778,0.9830508474576272,0.8484848484848485,0.9035812672176309,0.8785310734463276
614,11,54,0,12,0.8441558441558441,0.7391304347826086,1.0,0.4782608695652174,0.9,0.4782608695652174,1.0,0.6470588235294118,0.7735294117647059,0.9170692431561996
615,14,53,2,8,0.8701298701298701,0.8,0.9636363636363636,0.6363636363636364,0.9137931034482759,0.6363636363636364,0.9636363636363636,0.7368421052631579,0.8253176043557169,0.8305785123966942
616,11,56,1,9,0.8701298701298701,0.7662280701754386,0.9824561403508771,0.55,0.9180327868852459,0.55,0.9824561403508771,0.6875,0.802766393442623,0.787719298245614
617,11,56,3,7,0.8701298701298701,0.7801318267419963,0.9491525423728814,0.6111111111111112,0.9180327868852459,0.6111111111111112,0.9491525423728814,0.6875,0.802766393442623,0.835216572504708
618,11,55,3,8,0.8571428571428571,0.7636116152450091,0.9482758620689655,0.5789473684210527,0.9090909090909091,0.5789473684210527,0.9482758620689655,0.6666666666666666,0.7878787878787878,0.8584392014519057
619,16,55,3,3,0.922077922077922,0.8951905626134301,0.9482758620689655,0.8421052631578947,0.9482758620689655,0.8421052631578947,0.9482758620689655,0.8421052631578947,0.8951905626134301,0.9092558983666061
620,13,57,0,7,0.9090909090909091,0.825,1.0,0.65,0.9421487603305785,0.65,1.0,0.7878787878787878,0.8650137741046832,0.9052631578947369
621,8,59,3,7,0.8701298701298701,0.7424731182795699,0.9516129032258065,0.5333333333333333,0.921875,0.5333333333333333,0.9516129032258065,0.6153846153846154,0.7686298076923077,0.7505376344086022
622,20,45,1,11,0.8441558441558441,0.811711079943899,0.9782608695652174,0.6451612903225806,0.8823529411764706,0.6451612903225806,0.9782608695652174,0.7692307692307693,0.8257918552036199,0.8492286115007013
623,14,52,4,7,0.8571428571428571,0.7976190476190477,0.9285714285714286,0.6666666666666666,0.9043478260869565,0.6666666666666666,0.9285714285714286,0.717948717948718,0.8111482720178372,0.8180272108843537
624,19,55,1,2,0.961038961038961,0.9434523809523809,0.9821428571428571,0.9047619047619048,0.9734513274336283,0.9047619047619048,0.9821428571428571,0.926829268292683,0.9501402978631557,0.9404761904761904
625,6,61,3,7,0.8701298701298701,0.7073317307692308,0.953125,0.46153846153846156,0.9242424242424242,0.46153846153846156,0.953125,0.5454545454545454,0.7348484848484849,0.7788461538461539
626,15,51,4,7,0.8571428571428571,0.8045454545454545,0.9272727272727272,0.6818181818181818,0.9026548672566371,0.6818181818181818,0.9272727272727272,0.7317073170731707,0.8171810921649039,0.8710743801652893
627,6,61,1,9,0.8701298701298701,0.6919354838709677,0.9838709677419355,0.4,0.9242424242424242,0.4,0.9838709677419355,0.5454545454545454,0.7348484848484849,0.8301075268817205
628,13,57,4,3,0.9090909090909091,0.8734631147540983,0.9344262295081968,0.8125,0.9421487603305785,0.8125,0.9344262295081968,0.7878787878787878,0.8650137741046832,0.8985655737704918
629,9,59,1,8,0.8831168831168831,0.7563725490196078,0.9833333333333333,0.5294117647058824,0.9291338582677166,0.5294117647058824,0.9833333333333333,0.6666666666666666,0.7979002624671916,0.8813725490196079
630,20,47,1,9,0.8701298701298701,0.8344109195402298,0.9791666666666666,0.6896551724137931,0.9038461538461539,0.6896551724137931,0.9791666666666666,0.8,0.851923076923077,0.8764367816091955
631,12,52,4,9,0.8311688311688312,0.75,0.9285714285714286,0.5714285714285714,0.8888888888888888,0.5714285714285714,0.9285714285714286,0.6486486486486487,0.7687687687687688,0.8282312925170068
632,14,53,1,9,0.8701298701298701,0.7950885668276972,0.9814814814814815,0.6086956521739131,0.9137931034482759,0.6086956521739131,0.9814814814814815,0.7368421052631579,0.8253176043557169,0.8341384863123993
633,8,59,2,8,0.8701298701298701,0.7336065573770492,0.9672131147540983,0.5,0.921875,0.5,0.9672131147540983,0.6153846153846154,0.7686298076923077,0.7592213114754097
634,10,54,4,9,0.8311688311688312,0.7286751361161524,0.9310344827586207,0.5263157894736842,0.8925619834710744,0.5263157894736842,0.9310344827586207,0.6060606060606061,0.7493112947658402,0.7586206896551725
635,5,63,1,8,0.8831168831168831,0.6844951923076923,0.984375,0.38461538461538464,0.9333333333333333,0.38461538461538464,0.984375,0.5263157894736842,0.7298245614035088,0.8016826923076923
636,15,52,3,7,0.8701298701298701,0.8136363636363636,0.9454545454545454,0.6818181818181818,0.9122807017543859,0.6818181818181818,0.9454545454545454,0.75,0.831140350877193,0.8049586776859504
637,12,55,2,8,0.8701298701298701,0.7824561403508772,0.9649122807017544,0.6,0.9166666666666666,0.6,0.9649122807017544,0.7058823529411765,0.8112745098039216,0.8789473684210526
638,13,59,2,3,0.935064935064935,0.8898565573770492,0.9672131147540983,0.8125,0.959349593495935,0.8125,0.9672131147540983,0.8387096774193549,0.8990296354576449,0.8442622950819672
639,14,52,1,10,0.8571428571428571,0.7822327044025157,0.9811320754716981,0.5833333333333334,0.9043478260869565,0.5833333333333334,0.9811320754716981,0.717948717948718,0.8111482720178372,0.8985849056603772
640,13,53,2,9,0.8571428571428571,0.7772727272727273,0.9636363636363636,0.5909090909090909,0.905982905982906,0.5909090909090909,0.9636363636363636,0.7027027027027027,0.8043428043428044,0.887603305785124
641,8,56,1,12,0.8311688311688312,0.6912280701754385,0.9824561403508771,0.4,0.896,0.4,0.9824561403508771,0.5517241379310345,0.7238620689655173,0.8368421052631579
642,14,57,0,6,0.922077922077922,0.85,1.0,0.7,0.95,0.7,1.0,0.8235294117647058,0.8867647058823529,0.9482456140350877
643,16,47,3,11,0.8181818181818182,0.7662962962962963,0.94,0.5925925925925926,0.8703703703703703,0.5925925925925926,0.94,0.6956521739130435,0.7830112721417068,0.7888888888888889
644,12,57,0,8,0.8961038961038961,0.8,1.0,0.6,0.9344262295081968,0.6,1.0,0.75,0.8422131147540983,0.8543859649122807
645,14,48,1,14,0.8051948051948052,0.7397959183673469,0.9795918367346939,0.5,0.8648648648648649,0.5,0.9795918367346939,0.6511627906976745,0.7580138277812697,0.8367346938775511
646,13,52,0,12,0.8441558441558441,0.76,1.0,0.52,0.896551724137931,0.52,1.0,0.6842105263157895,0.7903811252268602,0.8484615384615385
647,12,55,2,8,0.8701298701298701,0.7824561403508772,0.9649122807017544,0.6,0.9166666666666666,0.6,0.9649122807017544,0.7058823529411765,0.8112745098039216,0.8342105263157895
648,15,54,1,7,0.8961038961038961,0.8318181818181818,0.9818181818181818,0.6818181818181818,0.9310344827586207,0.6818181818181818,0.9818181818181818,0.7894736842105263,0.8602540834845736,0.8330578512396695
649,15,53,2,7,0.8831168831168831,0.8227272727272728,0.9636363636363636,0.6818181818181818,0.9217391304347826,0.6818181818181818,0.9636363636363636,0.7692307692307693,0.8454849498327759,0.8512396694214875
650,9,58,1,9,0.8701298701298701,0.7415254237288136,0.9830508474576272,0.5,0.9206349206349206,0.5,0.9830508474576272,0.6428571428571429,0.7817460317460317,0.884180790960452
651,20,49,0,8,0.8961038961038961,0.8571428571428572,1.0,0.7142857142857143,0.9245283018867925,0.7142857142857143,1.0,0.8333333333333334,0.878930817610063,0.8243440233236152
652,14,53,2,8,0.8701298701298701,0.8,0.9636363636363636,0.6363636363636364,0.9137931034482759,0.6363636363636364,0.9636363636363636,0.7368421052631579,0.8253176043557169,0.8768595041322313
653,7,56,3,11,0.8181818181818182,0.6690207156308852,0.9491525423728814,0.3888888888888889,0.8888888888888888,0.3888888888888889,0.9491525423728814,0.5,0.6944444444444444,0.7372881355932204
654,11,58,3,5,0.8961038961038961,0.8191598360655737,0.9508196721311475,0.6875,0.9354838709677419,0.6875,0.9508196721311475,0.7333333333333333,0.8344086021505376,0.8801229508196721
655,12,54,1,10,0.8571428571428571,0.7636363636363637,0.9818181818181818,0.5454545454545454,0.907563025210084,0.5454545454545454,0.9818181818181818,0.6857142857142857,0.7966386554621849,0.8413223140495868
656,9,59,1,8,0.8831168831168831,0.7563725490196078,0.9833333333333333,0.5294117647058824,0.9291338582677166,0.5294117647058824,0.9833333333333333,0.6666666666666666,0.7979002624671916,0.7676470588235295
657,12,56,1,8,0.8831168831168831,0.7912280701754386,0.9824561403508771,0.6,0.9256198347107438,0.6,0.9824561403508771,0.7272727272727273,0.8264462809917356,0.8026315789473684
658,16,52,0,9,0.8831168831168831,0.8200000000000001,1.0,0.64,0.9203539823008849,0.64,1.0,0.7804878048780488,0.8504208935894668,0.9
659,14,56,1,6,0.9090909090909091,0.8412280701754385,0.9824561403508771,0.7,0.9411764705882353,0.7,0.9824561403508771,0.8,0.8705882352941177,0.8964912280701754
660,14,55,1,7,0.8961038961038961,0.8244047619047619,0.9821428571428571,0.6666666666666666,0.9322033898305084,0.6666666666666666,0.9821428571428571,0.7777777777777778,0.8549905838041432,0.8903061224489796
661,11,60,0,6,0.922077922077922,0.8235294117647058,1.0,0.6470588235294118,0.9523809523809523,0.6470588235294118,1.0,0.7857142857142857,0.8690476190476191,0.8666666666666667
662,10,55,2,10,0.8441558441558441,0.7324561403508771,0.9649122807017544,0.5,0.9016393442622951,0.5,0.9649122807017544,0.625,0.7633196721311475,0.8052631578947369
663,8,52,7,10,0.7792207792207793,0.6629001883239172,0.8813559322033898,0.4444444444444444,0.859504132231405,0.4444444444444444,0.8813559322033898,0.48484848484848486,0.6721763085399449,0.6967984934086628
664,11,57,2,7,0.8831168831168831,0.7886064030131827,0.9661016949152542,0.6111111111111112,0.926829268292683,0.6111111111111112,0.9661016949152542,0.7096774193548387,0.8182533438237609,0.9020715630885122
665,11,57,1,8,0.8831168831168831,0.780852994555354,0.9827586206896551,0.5789473684210527,0.926829268292683,0.5789473684210527,0.9827586206896551,0.7096774193548387,0.8182533438237609,0.8112522686025408
666,15,51,2,9,0.8571428571428571,0.7936320754716981,0.9622641509433962,0.625,0.9026548672566371,0.625,0.9622641509433962,0.7317073170731707,0.8171810921649039,0.8805031446540881
667,11,52,2,12,0.8181818181818182,0.7206119162640902,0.9629629629629629,0.4782608695652174,0.8813559322033898,0.4782608695652174,0.9629629629629629,0.6111111111111112,0.7462335216572504,0.8446054750402576
668,8,65,0,4,0.948051948051948,0.8333333333333333,1.0,0.6666666666666666,0.9701492537313433,0.6666666666666666,1.0,0.8,0.8850746268656717,0.8717948717948718
669,15,53,2,7,0.8831168831168831,0.8227272727272728,0.9636363636363636,0.6818181818181818,0.9217391304347826,0.6818181818181818,0.9636363636363636,0.7692307692307693,0.8454849498327759,0.8958677685950414
670,16,50,1,10,0.8571428571428571,0.7978883861236803,0.9803921568627451,0.6153846153846154,0.9009009009009009,0.6153846153846154,0.9803921568627451,0.7441860465116279,0.8225434737062645,0.9072398190045249
671,12,49,4,12,0.7922077922077922,0.7122641509433962,0.9245283018867925,0.5,0.8596491228070176,0.5,0.9245283018867925,0.6,0.7298245614035088,0.7657232704402516
672,14,55,2,6,0.8961038961038961,0.8324561403508772,0.9649122807017544,0.7,0.9322033898305084,0.7,0.9649122807017544,0.7777777777777778,0.8549905838041432,0.892982456140351
673,12,55,3,7,0.8701298701298701,0.7899274047186933,0.9482758620689655,0.631578947368421,0.9166666666666666,0.631578947368421,0.9482758620689655,0.7058823529411765,0.8112745098039216,0.8793103448275862
674,17,47,1,12,0.8311688311688312,0.7826867816091954,0.9791666666666666,0.5862068965517241,0.8785046728971962,0.5862068965517241,0.9791666666666666,0.723404255319149,0.8009544641081726,0.8477011494252873
675,8,54,1,14,0.8051948051948052,0.6727272727272727,0.9818181818181818,0.36363636363636365,0.8780487804878049,0.36363636363636365,0.9818181818181818,0.5161290322580645,0.6970889063729346,0.8429752066115702
676,12,53,2,10,0.8441558441558441,0.7545454545454545,0.9636363636363636,0.5454545454545454,0.8983050847457628,0.5454545454545454,0.9636363636363636,0.6666666666666666,0.7824858757062148,0.8247933884297521
677,10,56,2,9,0.8571428571428571,0.7459165154264973,0.9655172413793104,0.5263157894736842,0.9105691056910569,0.5263157894736842,0.9655172413793104,0.6451612903225806,0.7778651980068187,0.8611615245009073
678,18,51,0,8,0.8961038961038961,0.8461538461538461,1.0,0.6923076923076923,0.9272727272727272,0.6923076923076923,1.0,0.8181818181818182,0.8727272727272728,0.9110105580693816
679,13,52,2,10,0.8441558441558441,0.7640901771336553,0.9629629629629629,0.5652173913043478,0.896551724137931,0.5652173913043478,0.9629629629629629,0.6842105263157895,0.7903811252268602,0.8921095008051529
680,13,54,2,8,0.8701298701298701,0.7916666666666667,0.9642857142857143,0.6190476190476191,0.9152542372881356,0.6190476190476191,0.9642857142857143,0.7222222222222222,0.8187382297551788,0.8282312925170068
681,12,58,0,7,0.9090909090909091,0.8157894736842105,1.0,0.631578947368421,0.943089430894309,0.631578947368421,1.0,0.7741935483870968,0.8586414896407029,0.882940108892922
682,6,61,2,8,0.8701298701298701,0.6984126984126984,0.9682539682539683,0.42857142857142855,0.9242424242424242,0.42857142857142855,0.9682539682539683,0.5454545454545454,0.7348484848484849,0.8503401360544217
683,16,48,4,9,0.8311688311688312,0.7815384615384615,0.9230769230769231,0.64,0.8807339449541285,0.64,0.9230769230769231,0.7111111111111111,0.7959225280326199,0.7838461538461539
684,16,52,2,7,0.8831168831168831,0.8293075684380031,0.9629629629629629,0.6956521739130435,0.9203539823008849,0.6956521739130435,0.9629629629629629,0.7804878048780488,0.8504208935894668,0.9017713365539453
685,8,55,3,11,0.8181818181818182,0.6846642468239564,0.9482758620689655,0.42105263157894735,0.8870967741935484,0.42105263157894735,0.9482758620689655,0.5333333333333333,0.7102150537634409,0.864791288566243
686,15,52,3,7,0.8701298701298701,0.8136363636363636,0.9454545454545454,0.6818181818181818,0.9122807017543859,0.6818181818181818,0.9454545454545454,0.75,0.831140350877193,0.9
687,17,48,1,11,0.8441558441558441,0.7933673469387754,0.9795918367346939,0.6071428571428571,0.8888888888888888,0.6071428571428571,0.9795918367346939,0.7391304347826086,0.8140096618357487,0.891399416909621
688,17,43,2,15,0.7792207792207793,0.7434027777777779,0.9555555555555556,0.53125,0.8349514563106796,0.53125,0.9555555555555556,0.6666666666666666,0.7508090614886731,0.7541666666666667
689,11,55,3,8,0.8571428571428571,0.7636116152450091,0.9482758620689655,0.5789473684210527,0.9090909090909091,0.5789473684210527,0.9482758620689655,0.6666666666666666,0.7878787878787878,0.8148820326678766
690,11,54,1,11,0.8441558441558441,0.740909090909091,0.9818181818181818,0.5,0.9,0.5,0.9818181818181818,0.6470588235294118,0.7735294117647059,0.8595041322314051
691,14,54,4,5,0.8831168831168831,0.8339382940108893,0.9310344827586207,0.7368421052631579,0.9230769230769231,0.7368421052631579,0.9310344827586207,0.7567567567567568,0.83991683991684,0.8865698729582577
692,9,56,1,11,0.8441558441558441,0.7162280701754385,0.9824561403508771,0.45,0.9032258064516129,0.45,0.9824561403508771,0.6,0.7516129032258064,0.8561403508771929
693,15,51,3,8,0.8571428571428571,0.7983091787439613,0.9444444444444444,0.6521739130434783,0.9026548672566371,0.6521739130434783,0.9444444444444444,0.7317073170731707,0.8171810921649039,0.9090177133655395
694,14,52,1,10,0.8571428571428571,0.7822327044025157,0.9811320754716981,0.5833333333333334,0.9043478260869565,0.5833333333333334,0.9811320754716981,0.717948717948718,0.8111482720178372,0.8632075471698114
695,13,53,2,9,0.8571428571428571,0.7772727272727273,0.9636363636363636,0.5909090909090909,0.905982905982906,0.5909090909090909,0.9636363636363636,0.7027027027027027,0.8043428043428044,0.8289256198347107
696,13,55,1,8,0.8831168831168831,0.8005952380952381,0.9821428571428571,0.6190476190476191,0.9243697478991597,0.6190476190476191,0.9821428571428571,0.7428571428571429,0.8336134453781513,0.8673469387755102
697,15,52,1,9,0.8701298701298701,0.8030660377358491,0.9811320754716981,0.625,0.9122807017543859,0.625,0.9811320754716981,0.75,0.831140350877193,0.8702830188679245
698,12,57,2,6,0.8961038961038961,0.8163841807909604,0.9661016949152542,0.6666666666666666,0.9344262295081968,0.6666666666666666,0.9661016949152542,0.75,0.8422131147540983,0.8860640301318268
699,14,57,0,6,0.922077922077922,0.85,1.0,0.7,0.95,0.7,1.0,0.8235294117647058,0.8867647058823529,0.9236842105263159
700,9,56,1,11,0.8441558441558441,0.7162280701754385,0.9824561403508771,0.45,0.9032258064516129,0.45,0.9824561403508771,0.6,0.7516129032258064,0.8342105263157894
701,19,53,1,4,0.935064935064935,0.9037842190016103,0.9814814814814815,0.8260869565217391,0.954954954954955,0.8260869565217391,0.9814814814814815,0.8837209302325582,0.9193379425937566,0.9251207729468599
702,12,54,2,9,0.8571428571428571,0.7678571428571428,0.9642857142857143,0.5714285714285714,0.907563025210084,0.5714285714285714,0.9642857142857143,0.6857142857142857,0.7966386554621849,0.8112244897959184
703,13,53,2,9,0.8571428571428571,0.7772727272727273,0.9636363636363636,0.5909090909090909,0.905982905982906,0.5909090909090909,0.9636363636363636,0.7027027027027027,0.8043428043428044,0.871900826446281
704,12,54,3,8,0.8571428571428571,0.7736842105263158,0.9473684210526315,0.6,0.907563025210084,0.6,0.9473684210526315,0.6857142857142857,0.7966386554621849,0.8780701754385966
705,10,55,3,9,0.8441558441558441,0.7372958257713249,0.9482758620689655,0.5263157894736842,0.9016393442622951,0.5263157894736842,0.9482758620689655,0.625,0.7633196721311475,0.8493647912885661
706,12,58,1,6,0.9090909090909091,0.8248587570621468,0.9830508474576272,0.6666666666666666,0.943089430894309,0.6666666666666666,0.9830508474576272,0.7741935483870968,0.8586414896407029,0.8813559322033898
707,13,55,1,8,0.8831168831168831,0.8005952380952381,0.9821428571428571,0.6190476190476191,0.9243697478991597,0.6190476190476191,0.9821428571428571,0.7428571428571429,0.8336134453781513,0.8180272108843537
708,10,56,1,10,0.8571428571428571,0.7412280701754386,0.9824561403508771,0.5,0.9105691056910569,0.5,0.9824561403508771,0.6451612903225806,0.7778651980068187,0.8149122807017544
709,8,55,2,12,0.8181818181818182,0.6824561403508772,0.9649122807017544,0.4,0.8870967741935484,0.4,0.9649122807017544,0.5333333333333333,0.7102150537634409,0.7210526315789474
710,15,55,0,7,0.9090909090909091,0.8409090909090908,1.0,0.6818181818181818,0.9401709401709402,0.6818181818181818,1.0,0.8108108108108109,0.8754908754908755,0.9016528925619834
711,9,56,2,10,0.8441558441558441,0.7196007259528131,0.9655172413793104,0.47368421052631576,0.9032258064516129,0.47368421052631576,0.9655172413793104,0.6,0.7516129032258064,0.7994555353901996
712,12,57,2,6,0.8961038961038961,0.8163841807909604,0.9661016949152542,0.6666666666666666,0.9344262295081968,0.6666666666666666,0.9661016949152542,0.75,0.8422131147540983,0.8766478342749529
713,12,54,1,10,0.8571428571428571,0.7636363636363637,0.9818181818181818,0.5454545454545454,0.907563025210084,0.5454545454545454,0.9818181818181818,0.6857142857142857,0.7966386554621849,0.8165289256198347
714,16,52,2,7,0.8831168831168831,0.8293075684380031,0.9629629629629629,0.6956521739130435,0.9203539823008849,0.6956521739130435,0.9629629629629629,0.7804878048780488,0.8504208935894668,0.9074074074074074
715,12,51,1,13,0.8181818181818182,0.7303846153846154,0.9807692307692307,0.48,0.8793103448275862,0.48,0.9807692307692307,0.631578947368421,0.7554446460980035,0.7938461538461539
716,16,47,3,11,0.8181818181818182,0.7662962962962963,0.94,0.5925925925925926,0.8703703703703703,0.5925925925925926,0.94,0.6956521739130435,0.7830112721417068,0.854074074074074
717,11,53,4,9,0.8311688311688312,0.7399122807017544,0.9298245614035088,0.55,0.8907563025210085,0.55,0.9298245614035088,0.6285714285714286,0.7596638655462185,0.8210526315789474
718,13,58,0,6,0.922077922077922,0.8421052631578947,1.0,0.6842105263157895,0.9508196721311475,0.6842105263157895,1.0,0.8125,0.8816598360655737,0.9246823956442831
719,7,58,3,9,0.8441558441558441,0.6941598360655737,0.9508196721311475,0.4375,0.90625,0.4375,0.9508196721311475,0.5384615384615384,0.7223557692307692,0.8422131147540983
720,12,57,0,8,0.8961038961038961,0.8,1.0,0.6,0.9344262295081968,0.6,1.0,0.75,0.8422131147540983,0.9
721,20,49,2,6,0.8961038961038961,0.8650075414781297,0.9607843137254902,0.7692307692307693,0.9245283018867925,0.7692307692307693,0.9607843137254902,0.8333333333333334,0.878930817610063,0.8793363499245852
722,12,59,0,6,0.922077922077922,0.8333333333333333,1.0,0.6666666666666666,0.9516129032258065,0.6666666666666666,1.0,0.8,0.8758064516129033,0.8738229755178908
723,15,57,1,4,0.935064935064935,0.8861161524500907,0.9827586206896551,0.7894736842105263,0.957983193277311,0.7894736842105263,0.9827586206896551,0.8571428571428571,0.907563025210084,0.9509981851179673
724,11,56,6,4,0.8701298701298701,0.8182795698924731,0.9032258064516129,0.7333333333333333,0.9180327868852459,0.7333333333333333,0.9032258064516129,0.6875,0.802766393442623,0.8591397849462367
725,22,46,2,7,0.8831168831168831,0.8584770114942528,0.9583333333333334,0.7586206896551724,0.9108910891089109,0.7586206896551724,0.9583333333333334,0.8301886792452831,0.870539884177097,0.8900862068965517
726,11,54,3,9,0.8441558441558441,0.7486842105263158,0.9473684210526315,0.55,0.9,0.55,0.9473684210526315,0.6470588235294118,0.7735294117647059,0.8149122807017545
727,10,59,2,6,0.8961038961038961,0.7961065573770492,0.9672131147540983,0.625,0.9365079365079365,0.625,0.9672131147540983,0.7142857142857143,0.8253968253968254,0.8668032786885246
728,16,51,1,9,0.8701298701298701,0.8103846153846154,0.9807692307692307,0.64,0.9107142857142857,0.64,0.9807692307692307,0.7619047619047619,0.8363095238095237,0.8984615384615385
729,10,50,2,15,0.7792207792207793,0.6807692307692308,0.9615384615384616,0.4,0.8547008547008547,0.4,0.9615384615384616,0.5405405405405406,0.6976206976206976,0.7369230769230769
730,14,51,5,7,0.8441558441558441,0.7886904761904762,0.9107142857142857,0.6666666666666666,0.8947368421052632,0.6666666666666666,0.9107142857142857,0.7,0.7973684210526315,0.7891156462585034
731,8,57,3,9,0.8441558441558441,0.7102941176470587,0.95,0.47058823529411764,0.9047619047619048,0.47058823529411764,0.95,0.5714285714285714,0.7380952380952381,0.8147058823529412
732,13,56,2,6,0.8961038961038961,0.8248638838475499,0.9655172413793104,0.6842105263157895,0.9333333333333333,0.6842105263157895,0.9655172413793104,0.7647058823529411,0.8490196078431372,0.9038112522686025
733,11,53,0,13,0.8311688311688312,0.7291666666666666,1.0,0.4583333333333333,0.8907563025210085,0.4583333333333333,1.0,0.6285714285714286,0.7596638655462185,0.8443396226415094
734,14,55,0,8,0.8961038961038961,0.8181818181818181,1.0,0.6363636363636364,0.9322033898305084,0.6363636363636364,1.0,0.7777777777777778,0.8549905838041432,0.9148760330578513
735,11,56,2,8,0.8701298701298701,0.7722323049001816,0.9655172413793104,0.5789473684210527,0.9180327868852459,0.5789473684210527,0.9655172413793104,0.6875,0.802766393442623,0.8212341197822142
736,4,61,2,10,0.8441558441558441,0.626984126984127,0.9682539682539683,0.2857142857142857,0.9104477611940298,0.2857142857142857,0.9682539682539683,0.4,0.655223880597015,0.8401360544217688
737,12,56,3,6,0.8831168831168831,0.807909604519774,0.9491525423728814,0.6666666666666666,0.9256198347107438,0.6666666666666666,0.9491525423728814,0.7272727272727273,0.8264462809917356,0.839924670433145
738,10,60,1,6,0.9090909090909091,0.8043032786885246,0.9836065573770492,0.625,0.9448818897637795,0.625,0.9836065573770492,0.7407407407407407,0.84281131525226,0.8924180327868851
739,17,51,4,5,0.8831168831168831,0.85,0.9272727272727272,0.7727272727272727,0.918918918918919,0.7727272727272727,0.9272727272727272,0.7906976744186046,0.8548082966687618,0.856198347107438
740,12,55,4,6,0.8701298701298701,0.7994350282485876,0.9322033898305084,0.6666666666666666,0.9166666666666666,0.6666666666666666,0.9322033898305084,0.7058823529411765,0.8112745098039216,0.8135593220338984
741,12,56,2,7,0.8831168831168831,0.7985480943738656,0.9655172413793104,0.631578947368421,0.9256198347107438,0.631578947368421,0.9655172413793104,0.7272727272727273,0.8264462809917356,0.896551724137931
742,12,61,3,1,0.948051948051948,0.9381009615384616,0.953125,0.9230769230769231,0.9682539682539683,0.9230769230769231,0.953125,0.8571428571428571,0.9126984126984127,0.9507211538461539
743,14,56,2,5,0.9090909090909091,0.8511796733212341,0.9655172413793104,0.7368421052631579,0.9411764705882353,0.7368421052631579,0.9655172413793104,0.8,0.8705882352941177,0.8974591651542649
744,6,61,2,8,0.8701298701298701,0.6984126984126984,0.9682539682539683,0.42857142857142855,0.9242424242424242,0.42857142857142855,0.9682539682539683,0.5454545454545454,0.7348484848484849,0.761904761904762
745,13,51,4,9,0.8311688311688312,0.759090909090909,0.9272727272727272,0.5909090909090909,0.8869565217391304,0.5909090909090909,0.9272727272727272,0.6666666666666666,0.7768115942028986,0.8644628099173554
746,11,61,2,3,0.935064935064935,0.876984126984127,0.9682539682539683,0.7857142857142857,0.9606299212598425,0.7857142857142857,0.9682539682539683,0.8148148148148148,0.8877223680373286,0.9387755102040816
747,9,58,2,8,0.8701298701298701,0.7480392156862745,0.9666666666666667,0.5294117647058824,0.9206349206349206,0.5294117647058824,0.9666666666666667,0.6428571428571429,0.7817460317460317,0.7284313725490197
748,15,48,3,11,0.8181818181818182,0.7590497737556561,0.9411764705882353,0.5769230769230769,0.8727272727272727,0.5769230769230769,0.9411764705882353,0.6818181818181818,0.7772727272727272,0.8107088989441931
749,14,56,2,5,0.9090909090909091,0.8511796733212341,0.9655172413793104,0.7368421052631579,0.9411764705882353,0.7368421052631579,0.9655172413793104,0.8,0.8705882352941177,0.8992740471869329
750,13,57,3,4,0.9090909090909091,0.8573529411764705,0.95,0.7647058823529411,0.9421487603305785,0.7647058823529411,0.95,0.7878787878787878,0.8650137741046832,0.865686274509804
751,7,62,1,7,0.8961038961038961,0.7420634920634921,0.9841269841269841,0.5,0.9393939393939394,0.5,0.9841269841269841,0.6363636363636364,0.7878787878787878,0.8809523809523809
752,12,57,2,6,0.8961038961038961,0.8163841807909604,0.9661016949152542,0.6666666666666666,0.9344262295081968,0.6666666666666666,0.9661016949152542,0.75,0.8422131147540983,0.9086629001883239
753,10,56,2,9,0.8571428571428571,0.7459165154264973,0.9655172413793104,0.5263157894736842,0.9105691056910569,0.5263157894736842,0.9655172413793104,0.6451612903225806,0.7778651980068187,0.7894736842105262
754,16,54,4,3,0.9090909090909091,0.8865698729582576,0.9310344827586207,0.8421052631578947,0.9391304347826087,0.8421052631578947,0.9310344827586207,0.8205128205128205,0.8798216276477147,0.9147005444646098
755,15,52,4,6,0.8701298701298701,0.8214285714285714,0.9285714285714286,0.7142857142857143,0.9122807017543859,0.7142857142857143,0.9285714285714286,0.75,0.831140350877193,0.8018707482993197
756,12,56,0,9,0.8831168831168831,0.7857142857142857,1.0,0.5714285714285714,0.9256198347107438,0.5714285714285714,1.0,0.7272727272727273,0.8264462809917356,0.8367346938775511
757,16,50,2,9,0.8571428571428571,0.8007692307692308,0.9615384615384616,0.64,0.9009009009009009,0.64,0.9615384615384616,0.7441860465116279,0.8225434737062645,0.826923076923077
758,11,57,1,8,0.8831168831168831,0.780852994555354,0.9827586206896551,0.5789473684210527,0.926829268292683,0.5789473684210527,0.9827586206896551,0.7096774193548387,0.8182533438237609,0.8747731397459164
759,14,58,0,5,0.935064935064935,0.868421052631579,1.0,0.7368421052631579,0.9586776859504132,0.7368421052631579,1.0,0.8484848484848485,0.9035812672176309,0.9083484573502723
760,15,55,2,5,0.9090909090909091,0.8574561403508771,0.9649122807017544,0.75,0.9401709401709402,0.75,0.9649122807017544,0.8108108108108109,0.8754908754908755,0.8894736842105263
761,11,55,3,8,0.8571428571428571,0.7636116152450091,0.9482758620689655,0.5789473684210527,0.9090909090909091,0.5789473684210527,0.9482758620689655,0.6666666666666666,0.7878787878787878,0.8992740471869328
762,17,49,1,10,0.8571428571428571,0.8048148148148149,0.98,0.6296296296296297,0.8990825688073395,0.6296296296296297,0.98,0.7555555555555555,0.8273190621814475,0.8503703703703704
763,13,57,0,7,0.9090909090909091,0.825,1.0,0.65,0.9421487603305785,0.65,1.0,0.7878787878787878,0.8650137741046832,0.8473684210526317
764,13,52,2,10,0.8441558441558441,0.7640901771336553,0.9629629629629629,0.5652173913043478,0.896551724137931,0.5652173913043478,0.9629629629629629,0.6842105263157895,0.7903811252268602,0.7834138486312399
765,16,48,1,12,0.8311688311688312,0.7755102040816326,0.9795918367346939,0.5714285714285714,0.8807339449541285,0.5714285714285714,0.9795918367346939,0.7111111111111111,0.7959225280326199,0.8316326530612245
766,9,56,4,8,0.8441558441558441,0.7313725490196079,0.9333333333333333,0.5294117647058824,0.9032258064516129,0.5294117647058824,0.9333333333333333,0.6,0.7516129032258064,0.8147058823529412
767,14,53,3,7,0.8701298701298701,0.8065476190476191,0.9464285714285714,0.6666666666666666,0.9137931034482759,0.6666666666666666,0.9464285714285714,0.7368421052631579,0.8253176043557169,0.836734693877551
768,15,53,2,7,0.8831168831168831,0.8227272727272728,0.9636363636363636,0.6818181818181818,0.9217391304347826,0.6818181818181818,0.9636363636363636,0.7692307692307693,0.8454849498327759,0.9016528925619834
769,10,58,4,5,0.8831168831168831,0.8010752688172043,0.9354838709677419,0.6666666666666666,0.928,0.6666666666666666,0.9354838709677419,0.6896551724137931,0.8088275862068965,0.7946236559139785
770,11,52,4,10,0.8181818181818182,0.7261904761904763,0.9285714285714286,0.5238095238095238,0.8813559322033898,0.5238095238095238,0.9285714285714286,0.6111111111111112,0.7462335216572504,0.798469387755102
771,15,53,2,7,0.8831168831168831,0.8227272727272728,0.9636363636363636,0.6818181818181818,0.9217391304347826,0.6818181818181818,0.9636363636363636,0.7692307692307693,0.8454849498327759,0.8867768595041322
772,12,56,2,7,0.8831168831168831,0.7985480943738656,0.9655172413793104,0.631578947368421,0.9256198347107438,0.631578947368421,0.9655172413793104,0.7272727272727273,0.8264462809917356,0.9156079854809437
773,11,57,2,7,0.8831168831168831,0.7886064030131827,0.9661016949152542,0.6111111111111112,0.926829268292683,0.6111111111111112,0.9661016949152542,0.7096774193548387,0.8182533438237609,0.8653483992467044
774,15,56,0,6,0.922077922077922,0.8571428571428572,1.0,0.7142857142857143,0.9491525423728814,0.7142857142857143,1.0,0.8333333333333334,0.8912429378531074,0.9285714285714286
775,14,52,3,8,0.8571428571428571,0.7909090909090909,0.9454545454545454,0.6363636363636364,0.9043478260869565,0.6363636363636364,0.9454545454545454,0.717948717948718,0.8111482720178372,0.8553719008264462
776,14,55,3,5,0.8961038961038961,0.8425589836660616,0.9482758620689655,0.7368421052631579,0.9322033898305084,0.7368421052631579,0.9482758620689655,0.7777777777777778,0.8549905838041432,0.8602540834845734
777,19,50,0,8,0.8961038961038961,0.8518518518518519,1.0,0.7037037037037037,0.9259259259259259,0.7037037037037037,1.0,0.8260869565217391,0.8760064412238325,0.8666666666666666
778,12,52,6,7,0.8311688311688312,0.764065335753176,0.896551724137931,0.631578947368421,0.8888888888888888,0.631578947368421,0.896551724137931,0.6486486486486487,0.7687687687687688,0.8711433756805808
779,12,56,2,7,0.8831168831168831,0.7985480943738656,0.9655172413793104,0.631578947368421,0.9256198347107438,0.631578947368421,0.9655172413793104,0.7272727272727273,0.8264462809917356,0.8166969147005444
780,10,60,0,7,0.9090909090909091,0.7941176470588236,1.0,0.5882352941176471,0.9448818897637795,0.5882352941176471,1.0,0.7407407407407407,0.84281131525226,0.9441176470588235
781,17,55,2,3,0.935064935064935,0.9074561403508772,0.9649122807017544,0.85,0.9565217391304348,0.85,0.9649122807017544,0.8717948717948718,0.9141583054626533,0.9008771929824562
782,12,51,3,11,0.8181818181818182,0.7330917874396135,0.9444444444444444,0.5217391304347826,0.8793103448275862,0.5217391304347826,0.9444444444444444,0.631578947368421,0.7554446460980035,0.8091787439613527
783,13,59,0,5,0.935064935064935,0.8611111111111112,1.0,0.7222222222222222,0.959349593495935,0.7222222222222222,1.0,0.8387096774193549,0.8990296354576449,0.9397363465160075
784,10,60,1,6,0.9090909090909091,0.8043032786885246,0.9836065573770492,0.625,0.9448818897637795,0.625,0.9836065573770492,0.7407407407407407,0.84281131525226,0.8831967213114753
785,15,47,3,12,0.8051948051948052,0.7477777777777778,0.94,0.5555555555555556,0.8623853211009175,0.5555555555555556,0.94,0.6666666666666666,0.764525993883792,0.8244444444444444
786,12,58,0,7,0.9090909090909091,0.8157894736842105,1.0,0.631578947368421,0.943089430894309,0.631578947368421,1.0,0.7741935483870968,0.8586414896407029,0.8393829401088928
787,10,57,4,6,0.8701298701298701,0.7797131147540983,0.9344262295081968,0.625,0.9193548387096774,0.625,0.9344262295081968,0.6666666666666666,0.793010752688172,0.8924180327868854
788,12,53,1,11,0.8441558441558441,0.751610305958132,0.9814814814814815,0.5217391304347826,0.8983050847457628,0.5217391304347826,0.9814814814814815,0.6666666666666666,0.7824858757062148,0.9074074074074074
789,17,47,4,9,0.8311688311688312,0.7877073906485671,0.9215686274509803,0.6538461538461539,0.8785046728971962,0.6538461538461539,0.9215686274509803,0.723404255319149,0.8009544641081726,0.830316742081448
790,15,51,1,10,0.8571428571428571,0.7903846153846154,0.9807692307692307,0.6,0.9026548672566371,0.6,0.9807692307692307,0.7317073170731707,0.8171810921649039,0.8553846153846154
791,10,59,0,8,0.8961038961038961,0.7777777777777778,1.0,0.5555555555555556,0.9365079365079365,0.5555555555555556,1.0,0.7142857142857143,0.8253968253968254,0.7909604519774012
792,12,59,1,5,0.922077922077922,0.8446078431372549,0.9833333333333333,0.7058823529411765,0.9516129032258065,0.7058823529411765,0.9833333333333333,0.8,0.8758064516129033,0.9254901960784314
793,13,54,1,9,0.8701298701298701,0.7863636363636364,0.9818181818181818,0.5909090909090909,0.9152542372881356,0.5909090909090909,0.9818181818181818,0.7222222222222222,0.8187382297551788,0.815702479338843
794,14,53,0,10,0.8701298701298701,0.7916666666666667,1.0,0.5833333333333334,0.9137931034482759,0.5833333333333334,1.0,0.7368421052631579,0.8253176043557169,0.8128930817610063
795,14,53,2,8,0.8701298701298701,0.8,0.9636363636363636,0.6363636363636364,0.9137931034482759,0.6363636363636364,0.9636363636363636,0.7368421052631579,0.8253176043557169,0.8900826446280992
796,12,51,0,14,0.8181818181818182,0.7307692307692308,1.0,0.46153846153846156,0.8793103448275862,0.46153846153846156,1.0,0.631578947368421,0.7554446460980035,0.8031674208144796
797,16,54,1,6,0.9090909090909091,0.8545454545454545,0.9818181818181818,0.7272727272727273,0.9391304347826087,0.7272727272727273,0.9818181818181818,0.8205128205128205,0.8798216276477147,0.8785123966942149
798,11,53,0,13,0.8311688311688312,0.7291666666666666,1.0,0.4583333333333333,0.8907563025210085,0.4583333333333333,1.0,0.6285714285714286,0.7596638655462185,0.865566037735849
799,15,55,0,7,0.9090909090909091,0.8409090909090908,1.0,0.6818181818181818,0.9401709401709402,0.6818181818181818,1.0,0.8108108108108109,0.8754908754908755,0.9132231404958677
800,13,50,4,10,0.8181818181818182,0.7455716586151369,0.9259259259259259,0.5652173913043478,0.8771929824561403,0.5652173913043478,0.9259259259259259,0.65,0.7635964912280702,0.7713365539452497
801,11,55,4,7,0.8571428571428571,0.7716572504708098,0.9322033898305084,0.6111111111111112,0.9090909090909091,0.6111111111111112,0.9322033898305084,0.6666666666666666,0.7878787878787878,0.847457627118644
802,11,60,1,5,0.922077922077922,0.8355532786885246,0.9836065573770492,0.6875,0.9523809523809523,0.6875,0.9836065573770492,0.7857142857142857,0.8690476190476191,0.921106557377049
803,10,60,0,7,0.9090909090909091,0.7941176470588236,1.0,0.5882352941176471,0.9448818897637795,0.5882352941176471,1.0,0.7407407407407407,0.84281131525226,0.9019607843137255
804,17,49,2,9,0.8571428571428571,0.807315233785822,0.9607843137254902,0.6538461538461539,0.8990825688073395,0.6538461538461539,0.9607843137254902,0.7555555555555555,0.8273190621814475,0.8778280542986426
805,19,49,0,9,0.8831168831168831,0.8392857142857143,1.0,0.6785714285714286,0.9158878504672897,0.6785714285714286,1.0,0.8085106382978723,0.862199244382581,0.9081632653061225
806,16,49,3,9,0.8441558441558441,0.7911538461538461,0.9423076923076923,0.64,0.8909090909090909,0.64,0.9423076923076923,0.7272727272727273,0.8090909090909091,0.8246153846153846
807,13,53,2,9,0.8571428571428571,0.7772727272727273,0.9636363636363636,0.5909090909090909,0.905982905982906,0.5909090909090909,0.9636363636363636,0.7027027027027027,0.8043428043428044,0.8727272727272727
808,14,46,3,14,0.7792207792207793,0.7193877551020409,0.9387755102040817,0.5,0.8440366972477065,0.5,0.9387755102040817,0.6222222222222222,0.7331294597349644,0.836734693877551
809,10,58,5,4,0.8831168831168831,0.8174603174603174,0.9206349206349206,0.7142857142857143,0.928,0.7142857142857143,0.9206349206349206,0.6896551724137931,0.8088275862068965,0.7834467120181406
810,14,52,4,7,0.8571428571428571,0.7976190476190477,0.9285714285714286,0.6666666666666666,0.9043478260869565,0.6666666666666666,0.9285714285714286,0.717948717948718,0.8111482720178372,0.8273809523809523
811,18,51,2,6,0.8961038961038961,0.8561320754716981,0.9622641509433962,0.75,0.9272727272727272,0.75,0.9622641509433962,0.8181818181818182,0.8727272727272728,0.8632075471698113
812,13,55,0,9,0.8831168831168831,0.7954545454545454,1.0,0.5909090909090909,0.9243697478991597,0.5909090909090909,1.0,0.7428571428571429,0.8336134453781513,0.9223140495867768
813,19,49,2,7,0.8831168831168831,0.8457767722473605,0.9607843137254902,0.7307692307692307,0.9158878504672897,0.7307692307692307,0.9607843137254902,0.8085106382978723,0.862199244382581,0.9079939668174963
814,8,59,3,7,0.8701298701298701,0.7424731182795699,0.9516129032258065,0.5333333333333333,0.921875,0.5333333333333333,0.9516129032258065,0.6153846153846154,0.7686298076923077,0.8903225806451613
815,13,52,1,11,0.8441558441558441,0.7613993710691824,0.9811320754716981,0.5416666666666666,0.896551724137931,0.5416666666666666,0.9811320754716981,0.6842105263157895,0.7903811252268602,0.8278301886792453
816,11,54,4,8,0.8441558441558441,0.7549909255898366,0.9310344827586207,0.5789473684210527,0.9,0.5789473684210527,0.9310344827586207,0.6470588235294118,0.7735294117647059,0.8049001814882033
817,12,52,4,9,0.8311688311688312,0.75,0.9285714285714286,0.5714285714285714,0.8888888888888888,0.5714285714285714,0.9285714285714286,0.6486486486486487,0.7687687687687688,0.7627551020408164
818,15,50,1,11,0.8441558441558441,0.7786576168929109,0.9803921568627451,0.5769230769230769,0.8928571428571429,0.5769230769230769,0.9803921568627451,0.7142857142857143,0.8035714285714286,0.8665158371040723
819,11,55,2,9,0.8571428571428571,0.7574561403508773,0.9649122807017544,0.55,0.9090909090909091,0.55,0.9649122807017544,0.6666666666666666,0.7878787878787878,0.8412280701754385
820,8,58,3,8,0.8571428571428571,0.7254098360655737,0.9508196721311475,0.5,0.9133858267716536,0.5,0.9508196721311475,0.5925925925925926,0.7529892096821231,0.7653688524590164
821,11,58,0,8,0.8961038961038961,0.7894736842105263,1.0,0.5789473684210527,0.9354838709677419,0.5789473684210527,1.0,0.7333333333333333,0.8344086021505376,0.8756805807622504
822,11,54,3,9,0.8441558441558441,0.7486842105263158,0.9473684210526315,0.55,0.9,0.55,0.9473684210526315,0.6470588235294118,0.7735294117647059,0.8236842105263158
823,13,52,1,11,0.8441558441558441,0.7613993710691824,0.9811320754716981,0.5416666666666666,0.896551724137931,0.5416666666666666,0.9811320754716981,0.6842105263157895,0.7903811252268602,0.8498427672955975
824,14,51,3,9,0.8441558441558441,0.7765700483091788,0.9444444444444444,0.6086956521739131,0.8947368421052632,0.6086956521739131,0.9444444444444444,0.7,0.7973684210526315,0.8695652173913043
825,9,61,2,5,0.9090909090909091,0.8055555555555556,0.9682539682539683,0.6428571428571429,0.9457364341085271,0.6428571428571429,0.9682539682539683,0.72,0.8328682170542636,0.846938775510204
826,8,57,2,10,0.8441558441558441,0.7052730696798493,0.9661016949152542,0.4444444444444444,0.9047619047619048,0.4444444444444444,0.9661016949152542,0.5714285714285714,0.7380952380952381,0.731638418079096
827,12,53,5,7,0.8441558441558441,0.7726860254083485,0.9137931034482759,0.631578947368421,0.8983050847457628,0.631578947368421,0.9137931034482759,0.6666666666666666,0.7824858757062148,0.8012704174228675
828,9,61,2,5,0.9090909090909091,0.8055555555555556,0.9682539682539683,0.6428571428571429,0.9457364341085271,0.6428571428571429,0.9682539682539683,0.72,0.8328682170542636,0.8843537414965986
829,14,55,0,8,0.8961038961038961,0.8181818181818181,1.0,0.6363636363636364,0.9322033898305084,0.6363636363636364,1.0,0.7777777777777778,0.8549905838041432,0.8545454545454545
830,11,53,3,10,0.8311688311688312,0.7351190476190477,0.9464285714285714,0.5238095238095238,0.8907563025210085,0.5238095238095238,0.9464285714285714,0.6285714285714286,0.7596638655462185,0.8562925170068026
831,17,54,1,5,0.922077922077922,0.8772727272727272,0.9818181818181818,0.7727272727272727,0.9473684210526315,0.7727272727272727,0.9818181818181818,0.85,0.8986842105263158,0.8694214876033057
832,15,53,2,7,0.8831168831168831,0.8227272727272728,0.9636363636363636,0.6818181818181818,0.9217391304347826,0.6818181818181818,0.9636363636363636,0.7692307692307693,0.8454849498327759,0.8322314049586776
833,12,53,4,8,0.8441558441558441,0.7649122807017543,0.9298245614035088,0.6,0.8983050847457628,0.6,0.9298245614035088,0.6666666666666666,0.7824858757062148,0.8026315789473685
834,16,52,4,5,0.8831168831168831,0.8452380952380952,0.9285714285714286,0.7619047619047619,0.9203539823008849,0.7619047619047619,0.9285714285714286,0.7804878048780488,0.8504208935894668,0.852891156462585
835,15,51,2,9,0.8571428571428571,0.7936320754716981,0.9622641509433962,0.625,0.9026548672566371,0.625,0.9622641509433962,0.7317073170731707,0.8171810921649039,0.7979559748427673
836,14,55,2,6,0.8961038961038961,0.8324561403508772,0.9649122807017544,0.7,0.9322033898305084,0.7,0.9649122807017544,0.7777777777777778,0.8549905838041432,0.8491228070175438
837,14,53,2,8,0.8701298701298701,0.8,0.9636363636363636,0.6363636363636364,0.9137931034482759,0.6363636363636364,0.9636363636363636,0.7368421052631579,0.8253176043557169,0.9123966942148761
838,14,50,3,10,0.8311688311688312,0.7633647798742138,0.9433962264150944,0.5833333333333334,0.8849557522123894,0.5833333333333334,0.9433962264150944,0.6829268292682927,0.7839412907403411,0.8639937106918238
839,13,54,4,6,0.8701298701298701,0.8076225045372051,0.9310344827586207,0.6842105263157895,0.9152542372881356,0.6842105263157895,0.9310344827586207,0.7222222222222222,0.8187382297551788,0.8402903811252269
840,7,57,1,12,0.8311688311688312,0.675589836660617,0.9827586206896551,0.3684210526315789,0.8976377952755905,0.3684210526315789,0.9827586206896551,0.5185185185185185,0.7080781568970544,0.7277676950998185
841,12,53,4,8,0.8441558441558441,0.7649122807017543,0.9298245614035088,0.6,0.8983050847457628,0.6,0.9298245614035088,0.6666666666666666,0.7824858757062148,0.774561403508772
842,12,50,2,13,0.8051948051948052,0.7207692307692308,0.9615384615384616,0.48,0.8695652173913043,0.48,0.9615384615384616,0.6153846153846154,0.7424749163879598,0.833076923076923
843,11,56,3,7,0.8701298701298701,0.7801318267419963,0.9491525423728814,0.6111111111111112,0.9180327868852459,0.6111111111111112,0.9491525423728814,0.6875,0.802766393442623,0.8248587570621468
844,5,66,1,5,0.922077922077922,0.7425373134328358,0.9850746268656716,0.5,0.9565217391304348,0.5,0.9850746268656716,0.625,0.7907608695652174,0.9149253731343283
845,14,52,3,8,0.8571428571428571,0.7909090909090909,0.9454545454545454,0.6363636363636364,0.9043478260869565,0.6363636363636364,0.9454545454545454,0.717948717948718,0.8111482720178372,0.8892561983471075
846,14,54,4,5,0.8831168831168831,0.8339382940108893,0.9310344827586207,0.7368421052631579,0.9230769230769231,0.7368421052631579,0.9310344827586207,0.7567567567567568,0.83991683991684,0.9092558983666061
847,14,53,0,10,0.8701298701298701,0.7916666666666667,1.0,0.5833333333333334,0.9137931034482759,0.5833333333333334,1.0,0.7368421052631579,0.8253176043557169,0.8474842767295598
848,11,56,1,9,0.8701298701298701,0.7662280701754386,0.9824561403508771,0.55,0.9180327868852459,0.55,0.9824561403508771,0.6875,0.802766393442623,0.8464912280701755
849,12,63,2,0,0.974025974025974,0.9846153846153847,0.9692307692307692,1.0,0.984375,1.0,0.9692307692307692,0.9230769230769231,0.9537259615384616,0.9846153846153847
850,12,58,1,6,0.9090909090909091,0.8248587570621468,0.9830508474576272,0.6666666666666666,0.943089430894309,0.6666666666666666,0.9830508474576272,0.7741935483870968,0.8586414896407029,0.8860640301318267
851,8,57,2,10,0.8441558441558441,0.7052730696798493,0.9661016949152542,0.4444444444444444,0.9047619047619048,0.4444444444444444,0.9661016949152542,0.5714285714285714,0.7380952380952381,0.7551789077212806
852,19,50,2,6,0.8961038961038961,0.8607692307692307,0.9615384615384616,0.76,0.9259259259259259,0.76,0.9615384615384616,0.8260869565217391,0.8760064412238325,0.8969230769230769
853,17,51,2,7,0.8831168831168831,0.8352987421383649,0.9622641509433962,0.7083333333333334,0.918918918918919,0.7083333333333334,0.9622641509433962,0.7906976744186046,0.8548082966687618,0.8757861635220126
854,12,56,1,8,0.8831168831168831,0.7912280701754386,0.9824561403508771,0.6,0.9256198347107438,0.6,0.9824561403508771,0.7272727272727273,0.8264462809917356,0.7885964912280702
855,15,56,0,6,0.922077922077922,0.8571428571428572,1.0,0.7142857142857143,0.9491525423728814,0.7142857142857143,1.0,0.8333333333333334,0.8912429378531074,0.935374149659864
856,16,56,0,5,0.935064935064935,0.8809523809523809,1.0,0.7619047619047619,0.9572649572649573,0.7619047619047619,1.0,0.8648648648648649,0.9110649110649112,0.9183673469387755
857,8,61,2,6,0.8961038961038961,0.7698412698412698,0.9682539682539683,0.5714285714285714,0.9384615384615385,0.5714285714285714,0.9682539682539683,0.6666666666666666,0.8025641025641026,0.8027210884353742
858,12,60,1,4,0.935064935064935,0.8668032786885246,0.9836065573770492,0.75,0.96,0.75,0.9836065573770492,0.8275862068965517,0.8937931034482758,0.8790983606557377
859,11,54,2,10,0.8441558441558441,0.7440476190476191,0.9642857142857143,0.5238095238095238,0.9,0.5238095238095238,0.9642857142857143,0.6470588235294118,0.7735294117647059,0.8656462585034012
860,14,53,1,9,0.8701298701298701,0.7950885668276972,0.9814814814814815,0.6086956521739131,0.9137931034482759,0.6086956521739131,0.9814814814814815,0.7368421052631579,0.8253176043557169,0.8534621578099838
861,16,53,0,8,0.8961038961038961,0.8333333333333333,1.0,0.6666666666666666,0.9298245614035088,0.6666666666666666,1.0,0.8,0.8649122807017544,0.914308176100629
862,6,65,0,6,0.922077922077922,0.75,1.0,0.5,0.9558823529411765,0.5,1.0,0.6666666666666666,0.8112745098039216,0.858974358974359
863,13,57,1,6,0.9090909090909091,0.8334845735027223,0.9827586206896551,0.6842105263157895,0.9421487603305785,0.6842105263157895,0.9827586206896551,0.7878787878787878,0.8650137741046832,0.9237749546279491
864,19,46,2,10,0.8441558441558441,0.8067528735632183,0.9583333333333334,0.6551724137931034,0.8846153846153846,0.6551724137931034,0.9583333333333334,0.76,0.8223076923076923,0.8649425287356323
865,7,60,1,9,0.8701298701298701,0.7105532786885246,0.9836065573770492,0.4375,0.9230769230769231,0.4375,0.9836065573770492,0.5833333333333334,0.7532051282051282,0.7694672131147541
866,13,52,3,9,0.8441558441558441,0.7681818181818182,0.9454545454545454,0.5909090909090909,0.896551724137931,0.5909090909090909,0.9454545454545454,0.6842105263157895,0.7903811252268602,0.8280991735537191
867,13,48,5,11,0.7922077922077922,0.7236635220125787,0.9056603773584906,0.5416666666666666,0.8571428571428571,0.5416666666666666,0.9056603773584906,0.6190476190476191,0.7380952380952381,0.7665094339622641
868,12,59,2,4,0.922077922077922,0.8586065573770492,0.9672131147540983,0.75,0.9516129032258065,0.75,0.9672131147540983,0.8,0.8758064516129033,0.9364754098360655
869,13,57,1,6,0.9090909090909091,0.8334845735027223,0.9827586206896551,0.6842105263157895,0.9421487603305785,0.6842105263157895,0.9827586206896551,0.7878787878787878,0.8650137741046832,0.9001814882032668
870,18,53,0,6,0.922077922077922,0.875,1.0,0.75,0.9464285714285714,0.75,1.0,0.8571428571428571,0.9017857142857142,0.9339622641509434
871,11,53,3,10,0.8311688311688312,0.7351190476190477,0.9464285714285714,0.5238095238095238,0.8907563025210085,0.5238095238095238,0.9464285714285714,0.6285714285714286,0.7596638655462185,0.7763605442176871
872,10,53,2,12,0.8181818181818182,0.7090909090909091,0.9636363636363636,0.45454545454545453,0.8833333333333333,0.45454545454545453,0.9636363636363636,0.5882352941176471,0.7357843137254902,0.7925619834710743
873,16,54,1,6,0.9090909090909091,0.8545454545454545,0.9818181818181818,0.7272727272727273,0.9391304347826087,0.7272727272727273,0.9818181818181818,0.8205128205128205,0.8798216276477147,0.9330578512396694
874,15,54,1,7,0.8961038961038961,0.8318181818181818,0.9818181818181818,0.6818181818181818,0.9310344827586207,0.6818181818181818,0.9818181818181818,0.7894736842105263,0.8602540834845736,0.8421487603305785
875,13,55,1,8,0.8831168831168831,0.8005952380952381,0.9821428571428571,0.6190476190476191,0.9243697478991597,0.6190476190476191,0.9821428571428571,0.7428571428571429,0.8336134453781513,0.8443877551020409
876,11,56,3,7,0.8701298701298701,0.7801318267419963,0.9491525423728814,0.6111111111111112,0.9180327868852459,0.6111111111111112,0.9491525423728814,0.6875,0.802766393442623,0.844632768361582
877,9,57,4,7,0.8571428571428571,0.7484631147540983,0.9344262295081968,0.5625,0.912,0.5625,0.9344262295081968,0.6206896551724138,0.7663448275862069,0.7612704918032788
878,17,53,1,6,0.9090909090909091,0.8603059581320451,0.9814814814814815,0.7391304347826086,0.9380530973451328,0.7391304347826086,0.9814814814814815,0.8292682926829268,0.8836606950140298,0.8607085346215781
879,9,60,2,6,0.8961038961038961,0.7838709677419355,0.967741935483871,0.6,0.9375,0.6,0.967741935483871,0.6923076923076923,0.8149038461538461,0.89247311827957
880,14,56,1,6,0.9090909090909091,0.8412280701754385,0.9824561403508771,0.7,0.9411764705882353,0.7,0.9824561403508771,0.8,0.8705882352941177,0.8982456140350877
881,17,53,2,5,0.9090909090909091,0.8681818181818182,0.9636363636363636,0.7727272727272727,0.9380530973451328,0.7727272727272727,0.9636363636363636,0.8292682926829268,0.8836606950140298,0.931404958677686
882,20,49,1,7,0.8961038961038961,0.8603703703703703,0.98,0.7407407407407407,0.9245283018867925,0.7407407407407407,0.98,0.8333333333333334,0.878930817610063,0.9748148148148148
883,16,49,4,8,0.8441558441558441,0.7955974842767295,0.9245283018867925,0.6666666666666666,0.8909090909090909,0.6666666666666666,0.9245283018867925,0.7272727272727273,0.8090909090909091,0.8325471698113207
884,11,61,0,5,0.935064935064935,0.84375,1.0,0.6875,0.9606299212598425,0.6875,1.0,0.8148148148148148,0.8877223680373286,0.9180327868852459
885,14,55,2,6,0.8961038961038961,0.8324561403508772,0.9649122807017544,0.7,0.9322033898305084,0.7,0.9649122807017544,0.7777777777777778,0.8549905838041432,0.8578947368421052
886,11,55,2,9,0.8571428571428571,0.7574561403508773,0.9649122807017544,0.55,0.9090909090909091,0.55,0.9649122807017544,0.6666666666666666,0.7878787878787878,0.8070175438596492
887,15,50,5,7,0.8441558441558441,0.7954545454545454,0.9090909090909091,0.6818181818181818,0.8928571428571429,0.6818181818181818,0.9090909090909091,0.7142857142857143,0.8035714285714286,0.8347107438016529
888,18,49,3,7,0.8701298701298701,0.8311538461538461,0.9423076923076923,0.72,0.9074074074074074,0.72,0.9423076923076923,0.782608695652174,0.8450080515297906,0.8876923076923077
889,9,56,2,10,0.8441558441558441,0.7196007259528131,0.9655172413793104,0.47368421052631576,0.9032258064516129,0.47368421052631576,0.9655172413793104,0.6,0.7516129032258064,0.8003629764065335
890,14,59,2,2,0.948051948051948,0.9211065573770492,0.9672131147540983,0.875,0.9672131147540983,0.875,0.9672131147540983,0.875,0.9211065573770492,0.9405737704918032
891,13,56,1,7,0.8961038961038961,0.8162280701754385,0.9824561403508771,0.65,0.9333333333333333,0.65,0.9824561403508771,0.7647058823529411,0.8490196078431372,0.8552631578947368
892,10,55,0,12,0.8441558441558441,0.7272727272727273,1.0,0.45454545454545453,0.9016393442622951,0.45454545454545453,1.0,0.625,0.7633196721311475,0.7917355371900826
893,17,55,1,4,0.935064935064935,0.8958333333333333,0.9821428571428571,0.8095238095238095,0.9565217391304348,0.8095238095238095,0.9821428571428571,0.8717948717948718,0.9141583054626533,0.9651360544217686
894,11,58,0,8,0.8961038961038961,0.7894736842105263,1.0,0.5789473684210527,0.9354838709677419,0.5789473684210527,1.0,0.7333333333333333,0.8344086021505376,0.823049001814882
895,12,53,6,6,0.8441558441558441,0.7824858757062148,0.8983050847457628,0.6666666666666666,0.8983050847457628,0.6666666666666666,0.8983050847457628,0.6666666666666666,0.7824858757062148,0.8672316384180792
896,17,49,4,7,0.8571428571428571,0.816430817610063,0.9245283018867925,0.7083333333333334,0.8990825688073395,0.7083333333333334,0.9245283018867925,0.7555555555555555,0.8273190621814475,0.8537735849056605
897,16,52,1,8,0.8831168831168831,0.8238993710691824,0.9811320754716981,0.6666666666666666,0.9203539823008849,0.6666666666666666,0.9811320754716981,0.7804878048780488,0.8504208935894668,0.8687106918238994
898,12,52,2,11,0.8311688311688312,0.7423510466988728,0.9629629629629629,0.5217391304347826,0.8888888888888888,0.5217391304347826,0.9629629629629629,0.6486486486486487,0.7687687687687688,0.8172302737520128
899,18,56,0,3,0.961038961038961,0.9285714285714286,1.0,0.8571428571428571,0.9739130434782609,0.8571428571428571,1.0,0.9230769230769231,0.948494983277592,0.9863945578231291
900,15,55,3,4,0.9090909090909091,0.8688747731397459,0.9482758620689655,0.7894736842105263,0.9401709401709402,0.7894736842105263,0.9482758620689655,0.8108108108108109,0.8754908754908755,0.9464609800362977
901,10,53,3,11,0.8181818181818182,0.7113095238095237,0.9464285714285714,0.47619047619047616,0.8833333333333333,0.47619047619047616,0.9464285714285714,0.5882352941176471,0.7357843137254902,0.7891156462585034
902,12,49,3,13,0.7922077922077922,0.7111538461538461,0.9423076923076923,0.48,0.8596491228070176,0.48,0.9423076923076923,0.6,0.7298245614035088,0.7107692307692308
903,5,63,2,7,0.8831168831168831,0.6929487179487179,0.9692307692307692,0.4166666666666667,0.9333333333333333,0.4166666666666667,0.9692307692307692,0.5263157894736842,0.7298245614035088,0.6705128205128206
904,11,55,2,9,0.8571428571428571,0.7574561403508773,0.9649122807017544,0.55,0.9090909090909091,0.55,0.9649122807017544,0.6666666666666666,0.7878787878787878,0.8842105263157894
905,7,59,0,11,0.8571428571428571,0.6944444444444444,1.0,0.3888888888888889,0.9147286821705426,0.3888888888888889,1.0,0.56,0.7373643410852713,0.7994350282485876
906,16,51,2,8,0.8701298701298701,0.8144654088050314,0.9622641509433962,0.6666666666666666,0.9107142857142857,0.6666666666666666,0.9622641509433962,0.7619047619047619,0.8363095238095237,0.8671383647798742
907,11,56,3,7,0.8701298701298701,0.7801318267419963,0.9491525423728814,0.6111111111111112,0.9180327868852459,0.6111111111111112,0.9491525423728814,0.6875,0.802766393442623,0.847457627118644
908,15,53,1,8,0.8831168831168831,0.81682769726248,0.9814814814814815,0.6521739130434783,0.9217391304347826,0.6521739130434783,0.9814814814814815,0.7692307692307693,0.8454849498327759,0.8647342995169082
909,5,64,1,7,0.8961038961038961,0.7006410256410257,0.9846153846153847,0.4166666666666667,0.9411764705882353,0.4166666666666667,0.9846153846153847,0.5555555555555556,0.7483660130718954,0.7576923076923077
910,18,51,3,5,0.8961038961038961,0.8635265700483092,0.9444444444444444,0.782608695652174,0.9272727272727272,0.782608695652174,0.9444444444444444,0.8181818181818182,0.8727272727272728,0.8752012882447665
911,11,54,0,12,0.8441558441558441,0.7391304347826086,1.0,0.4782608695652174,0.9,0.4782608695652174,1.0,0.6470588235294118,0.7735294117647059,0.7439613526570049
912,9,58,2,8,0.8701298701298701,0.7480392156862745,0.9666666666666667,0.5294117647058824,0.9206349206349206,0.5294117647058824,0.9666666666666667,0.6428571428571429,0.7817460317460317,0.8901960784313725
913,12,59,2,4,0.922077922077922,0.8586065573770492,0.9672131147540983,0.75,0.9516129032258065,0.75,0.9672131147540983,0.8,0.8758064516129033,0.9098360655737705
914,8,50,3,16,0.7532467532467533,0.6383647798742138,0.9433962264150944,0.3333333333333333,0.8403361344537815,0.3333333333333333,0.9433962264150944,0.45714285714285713,0.6487394957983194,0.6988993710691823
915,13,56,3,5,0.8961038961038961,0.8356873822975518,0.9491525423728814,0.7222222222222222,0.9333333333333333,0.7222222222222222,0.9491525423728814,0.7647058823529411,0.8490196078431372,0.8888888888888888
916,12,53,1,11,0.8441558441558441,0.751610305958132,0.9814814814814815,0.5217391304347826,0.8983050847457628,0.5217391304347826,0.9814814814814815,0.6666666666666666,0.7824858757062148,0.7979066022544283
917,15,52,0,10,0.8701298701298701,0.8,1.0,0.6,0.9122807017543859,0.6,1.0,0.75,0.831140350877193,0.8284615384615385
918,11,54,0,12,0.8441558441558441,0.7391304347826086,1.0,0.4782608695652174,0.9,0.4782608695652174,1.0,0.6470588235294118,0.7735294117647059,0.8011272141706924
919,17,46,3,11,0.8181818181818182,0.7729591836734694,0.9387755102040817,0.6071428571428571,0.8679245283018868,0.6071428571428571,0.9387755102040817,0.7083333333333334,0.78812893081761,0.7806122448979591
920,17,49,0,11,0.8571428571428571,0.8035714285714286,1.0,0.6071428571428571,0.8990825688073395,0.6071428571428571,1.0,0.7555555555555555,0.8273190621814475,0.8862973760932945
921,9,56,5,7,0.8441558441558441,0.740266393442623,0.9180327868852459,0.5625,0.9032258064516129,0.5625,0.9180327868852459,0.6,0.7516129032258064,0.8329918032786885
922,15,51,2,9,0.8571428571428571,0.7936320754716981,0.9622641509433962,0.625,0.9026548672566371,0.625,0.9622641509433962,0.7317073170731707,0.8171810921649039,0.7853773584905661
923,18,54,0,5,0.935064935064935,0.8913043478260869,1.0,0.782608695652174,0.9557522123893806,0.782608695652174,1.0,0.8780487804878049,0.9169004964385927,0.9549114331723028
924,5,61,2,9,0.8571428571428571,0.6626984126984127,0.9682539682539683,0.35714285714285715,0.9172932330827067,0.35714285714285715,0.9682539682539683,0.47619047619047616,0.6967418546365914,0.7834467120181406
925,13,59,1,4,0.935064935064935,0.8740196078431373,0.9833333333333333,0.7647058823529411,0.959349593495935,0.7647058823529411,0.9833333333333333,0.8387096774193549,0.8990296354576449,0.9519607843137254
926,22,47,2,6,0.8961038961038961,0.8724489795918366,0.9591836734693877,0.7857142857142857,0.9215686274509803,0.7857142857142857,0.9591836734693877,0.8461538461538461,0.8838612368024132,0.9190962099125365
927,19,50,0,8,0.8961038961038961,0.8518518518518519,1.0,0.7037037037037037,0.9259259259259259,0.7037037037037037,1.0,0.8260869565217391,0.8760064412238325,0.9622222222222222
928,10,54,1,12,0.8311688311688312,0.7181818181818181,0.9818181818181818,0.45454545454545453,0.8925619834710744,0.45454545454545453,0.9818181818181818,0.6060606060606061,0.7493112947658402,0.7760330578512395
929,13,56,2,6,0.8961038961038961,0.8248638838475499,0.9655172413793104,0.6842105263157895,0.9333333333333333,0.6842105263157895,0.9655172413793104,0.7647058823529411,0.8490196078431372,0.882032667876588
930,23,48,0,6,0.922077922077922,0.896551724137931,1.0,0.7931034482758621,0.9411764705882353,0.7931034482758621,1.0,0.8846153846153846,0.9128959276018099,0.9403735632183908
931,11,55,0,11,0.8571428571428571,0.75,1.0,0.5,0.9090909090909091,0.5,1.0,0.6666666666666666,0.7878787878787878,0.7479338842975207
932,11,54,2,10,0.8441558441558441,0.7440476190476191,0.9642857142857143,0.5238095238095238,0.9,0.5238095238095238,0.9642857142857143,0.6470588235294118,0.7735294117647059,0.8639455782312925
933,16,52,1,8,0.8831168831168831,0.8238993710691824,0.9811320754716981,0.6666666666666666,0.9203539823008849,0.6666666666666666,0.9811320754716981,0.7804878048780488,0.8504208935894668,0.9056603773584906
934,17,47,3,10,0.8311688311688312,0.7848148148148149,0.94,0.6296296296296297,0.8785046728971962,0.6296296296296297,0.94,0.723404255319149,0.8009544641081726,0.82
935,15,55,1,6,0.9090909090909091,0.8482142857142857,0.9821428571428571,0.7142857142857143,0.9401709401709402,0.7142857142857143,0.9821428571428571,0.8108108108108109,0.8754908754908755,0.9141156462585034
936,14,56,2,5,0.9090909090909091,0.8511796733212341,0.9655172413793104,0.7368421052631579,0.9411764705882353,0.7368421052631579,0.9655172413793104,0.8,0.8705882352941177,0.8602540834845734
937,12,58,1,6,0.9090909090909091,0.8248587570621468,0.9830508474576272,0.6666666666666666,0.943089430894309,0.6666666666666666,0.9830508474576272,0.7741935483870968,0.8586414896407029,0.9105461393596986
938,14,49,4,10,0.8181818181818182,0.753930817610063,0.9245283018867925,0.5833333333333334,0.875,0.5833333333333334,0.9245283018867925,0.6666666666666666,0.7708333333333333,0.8356918238993711
939,7,60,1,9,0.8701298701298701,0.7105532786885246,0.9836065573770492,0.4375,0.9230769230769231,0.4375,0.9836065573770492,0.5833333333333334,0.7532051282051282,0.8135245901639345
940,11,53,2,11,0.8311688311688312,0.7318181818181818,0.9636363636363636,0.5,0.8907563025210085,0.5,0.9636363636363636,0.6285714285714286,0.7596638655462185,0.8652892561983471
941,13,55,1,8,0.8831168831168831,0.8005952380952381,0.9821428571428571,0.6190476190476191,0.9243697478991597,0.6190476190476191,0.9821428571428571,0.7428571428571429,0.8336134453781513,0.8452380952380952
942,12,58,2,5,0.9090909090909091,0.8362745098039216,0.9666666666666667,0.7058823529411765,0.943089430894309,0.7058823529411765,0.9666666666666667,0.7741935483870968,0.8586414896407029,0.8333333333333333
943,18,51,1,7,0.8961038961038961,0.8503846153846153,0.9807692307692307,0.72,0.9272727272727272,0.72,0.9807692307692307,0.8181818181818182,0.8727272727272728,0.8630769230769231
944,10,56,4,7,0.8571428571428571,0.7607843137254902,0.9333333333333333,0.5882352941176471,0.9105691056910569,0.5882352941176471,0.9333333333333333,0.6451612903225806,0.7778651980068187,0.8
945,12,59,2,4,0.922077922077922,0.8586065573770492,0.9672131147540983,0.75,0.9516129032258065,0.75,0.9672131147540983,0.8,0.8758064516129033,0.8616803278688524
946,10,62,1,4,0.935064935064935,0.8492063492063492,0.9841269841269841,0.7142857142857143,0.9612403100775194,0.7142857142857143,0.9841269841269841,0.8,0.8806201550387598,0.854875283446712
947,11,55,1,10,0.8571428571428571,0.7529761904761905,0.9821428571428571,0.5238095238095238,0.9090909090909091,0.5238095238095238,0.9821428571428571,0.6666666666666666,0.7878787878787878,0.8664965986394558
948,12,53,3,9,0.8441558441558441,0.7589285714285714,0.9464285714285714,0.5714285714285714,0.8983050847457628,0.5714285714285714,0.9464285714285714,0.6666666666666666,0.7824858757062148,0.8520408163265306
949,9,58,3,7,0.8701298701298701,0.7566598360655737,0.9508196721311475,0.5625,0.9206349206349206,0.5625,0.9508196721311475,0.6428571428571429,0.7817460317460317,0.8319672131147542
950,9,55,4,9,0.8311688311688312,0.7161016949152542,0.9322033898305084,0.5,0.8943089430894309,0.5,0.9322033898305084,0.5806451612903226,0.7374770521898768,0.7485875706214689
951,14,52,2,9,0.8571428571428571,0.7858293075684379,0.9629629629629629,0.6086956521739131,0.9043478260869565,0.6086956521739131,0.9629629629629629,0.717948717948718,0.8111482720178372,0.8188405797101449
952,10,60,4,3,0.9090909090909091,0.8533653846153846,0.9375,0.7692307692307693,0.9448818897637795,0.7692307692307693,0.9375,0.7407407407407407,0.84281131525226,0.8557692307692308
953,8,57,0,12,0.8441558441558441,0.7,1.0,0.4,0.9047619047619048,0.4,1.0,0.5714285714285714,0.7380952380952381,0.7464912280701754
954,10,57,1,9,0.8701298701298701,0.7545372050816697,0.9827586206896551,0.5263157894736842,0.9193548387096774,0.5263157894736842,0.9827586206896551,0.6666666666666666,0.793010752688172,0.9001814882032667
955,11,58,2,6,0.8961038961038961,0.8068627450980392,0.9666666666666667,0.6470588235294118,0.9354838709677419,0.6470588235294118,0.9666666666666667,0.7333333333333333,0.8344086021505376,0.9019607843137255
956,11,56,4,6,0.8701298701298701,0.7901960784313726,0.9333333333333333,0.6470588235294118,0.9180327868852459,0.6470588235294118,0.9333333333333333,0.6875,0.802766393442623,0.8313725490196079
957,18,49,1,9,0.8701298701298701,0.8233333333333333,0.98,0.6666666666666666,0.9074074074074074,0.6666666666666666,0.98,0.782608695652174,0.8450080515297906,0.8977777777777778
958,12,57,1,7,0.8961038961038961,0.807168784029038,0.9827586206896551,0.631578947368421,0.9344262295081968,0.631578947368421,0.9827586206896551,0.75,0.8422131147540983,0.8874773139745916
959,13,54,3,7,0.8701298701298701,0.7986842105263158,0.9473684210526315,0.65,0.9152542372881356,0.65,0.9473684210526315,0.7222222222222222,0.8187382297551788,0.8324561403508772
960,15,57,3,2,0.935064935064935,0.9161764705882353,0.95,0.8823529411764706,0.957983193277311,0.8823529411764706,0.95,0.8571428571428571,0.907563025210084,0.9029411764705884
961,13,58,2,4,0.922077922077922,0.865686274509804,0.9666666666666667,0.7647058823529411,0.9508196721311475,0.7647058823529411,0.9666666666666667,0.8125,0.8816598360655737,0.9470588235294117
962,13,56,1,7,0.8961038961038961,0.8162280701754385,0.9824561403508771,0.65,0.9333333333333333,0.65,0.9824561403508771,0.7647058823529411,0.8490196078431372,0.8842105263157894
963,12,55,2,8,0.8701298701298701,0.7824561403508772,0.9649122807017544,0.6,0.9166666666666666,0.6,0.9649122807017544,0.7058823529411765,0.8112745098039216,0.8517543859649123
964,14,49,3,11,0.8181818181818182,0.7511538461538462,0.9423076923076923,0.56,0.875,0.56,0.9423076923076923,0.6666666666666666,0.7708333333333333,0.8069230769230771
965,14,52,0,11,0.8571428571428571,0.78,1.0,0.56,0.9043478260869565,0.56,1.0,0.717948717948718,0.8111482720178372,0.8361538461538461
966,11,52,2,12,0.8181818181818182,0.7206119162640902,0.9629629629629629,0.4782608695652174,0.8813559322033898,0.4782608695652174,0.9629629629629629,0.6111111111111112,0.7462335216572504,0.7866344605475041
967,14,57,1,5,0.922077922077922,0.8598003629764065,0.9827586206896551,0.7368421052631579,0.95,0.7368421052631579,0.9827586206896551,0.8235294117647058,0.8867647058823529,0.9373865698729582
968,12,57,1,7,0.8961038961038961,0.807168784029038,0.9827586206896551,0.631578947368421,0.9344262295081968,0.631578947368421,0.9827586206896551,0.75,0.8422131147540983,0.8929219600725953
969,4,61,2,10,0.8441558441558441,0.626984126984127,0.9682539682539683,0.2857142857142857,0.9104477611940298,0.2857142857142857,0.9682539682539683,0.4,0.655223880597015,0.8548752834467119
970,14,54,2,7,0.8831168831168831,0.8154761904761905,0.9642857142857143,0.6666666666666666,0.9230769230769231,0.6666666666666666,0.9642857142857143,0.7567567567567568,0.83991683991684,0.9217687074829931
971,14,53,3,7,0.8701298701298701,0.8065476190476191,0.9464285714285714,0.6666666666666666,0.9137931034482759,0.6666666666666666,0.9464285714285714,0.7368421052631579,0.8253176043557169,0.8078231292517007
972,13,48,2,14,0.7922077922077922,0.7207407407407407,0.96,0.48148148148148145,0.8571428571428571,0.48148148148148145,0.96,0.6190476190476191,0.7380952380952381,0.7992592592592592
973,13,55,2,7,0.8831168831168831,0.8074561403508772,0.9649122807017544,0.65,0.9243697478991597,0.65,0.9649122807017544,0.7428571428571429,0.8336134453781513,0.887719298245614
974,9,60,2,6,0.8961038961038961,0.7838709677419355,0.967741935483871,0.6,0.9375,0.6,0.967741935483871,0.6923076923076923,0.8149038461538461,0.8236559139784947
975,10,52,3,12,0.8051948051948052,0.7,0.9454545454545454,0.45454545454545453,0.8739495798319328,0.45454545454545453,0.9454545454545454,0.5714285714285714,0.7226890756302521,0.8024793388429753
976,9,56,2,10,0.8441558441558441,0.7196007259528131,0.9655172413793104,0.47368421052631576,0.9032258064516129,0.47368421052631576,0.9655172413793104,0.6,0.7516129032258064,0.7114337568058077
977,15,52,0,10,0.8701298701298701,0.8,1.0,0.6,0.9122807017543859,0.6,1.0,0.75,0.831140350877193,0.9015384615384615
978,13,51,1,12,0.8311688311688312,0.7503846153846154,0.9807692307692307,0.52,0.8869565217391304,0.52,0.9807692307692307,0.6666666666666666,0.7768115942028986,0.8838461538461538
979,16,51,1,9,0.8701298701298701,0.8103846153846154,0.9807692307692307,0.64,0.9107142857142857,0.64,0.9807692307692307,0.7619047619047619,0.8363095238095237,0.8238461538461538
980,6,58,4,9,0.8311688311688312,0.667741935483871,0.9354838709677419,0.4,0.8992248062015504,0.4,0.9354838709677419,0.48,0.6896124031007752,0.7752688172043011
981,17,46,3,11,0.8181818181818182,0.7729591836734694,0.9387755102040817,0.6071428571428571,0.8679245283018868,0.6071428571428571,0.9387755102040817,0.7083333333333334,0.78812893081761,0.7791545189504374
982,16,58,2,1,0.961038961038961,0.9539215686274509,0.9666666666666667,0.9411764705882353,0.9747899159663865,0.9411764705882353,0.9666666666666667,0.9142857142857143,0.9445378151260504,0.957843137254902
983,17,52,3,5,0.8961038961038961,0.8590909090909091,0.9454545454545454,0.7727272727272727,0.9285714285714286,0.7727272727272727,0.9454545454545454,0.8095238095238095,0.8690476190476191,0.8487603305785123
984,10,58,0,9,0.8831168831168831,0.763157894736842,1.0,0.5263157894736842,0.928,0.5263157894736842,1.0,0.6896551724137931,0.8088275862068965,0.894736842105263
985,9,57,2,9,0.8571428571428571,0.7330508474576272,0.9661016949152542,0.5,0.912,0.5,0.9661016949152542,0.6206896551724138,0.7663448275862069,0.7806026365348399
986,15,47,2,13,0.8051948051948052,0.7474489795918366,0.9591836734693877,0.5357142857142857,0.8623853211009175,0.5357142857142857,0.9591836734693877,0.6666666666666666,0.764525993883792,0.8236151603498543
987,12,56,2,7,0.8831168831168831,0.7985480943738656,0.9655172413793104,0.631578947368421,0.9256198347107438,0.631578947368421,0.9655172413793104,0.7272727272727273,0.8264462809917356,0.8548094373865699
988,14,56,4,3,0.9090909090909091,0.8784313725490196,0.9333333333333333,0.8235294117647058,0.9411764705882353,0.8235294117647058,0.9333333333333333,0.8,0.8705882352941177,0.884313725490196
989,15,54,2,6,0.8961038961038961,0.8392857142857143,0.9642857142857143,0.7142857142857143,0.9310344827586207,0.7142857142857143,0.9642857142857143,0.7894736842105263,0.8602540834845736,0.9030612244897959
990,13,48,5,11,0.7922077922077922,0.7236635220125787,0.9056603773584906,0.5416666666666666,0.8571428571428571,0.5416666666666666,0.9056603773584906,0.6190476190476191,0.7380952380952381,0.7900943396226414
991,12,55,0,10,0.8701298701298701,0.7727272727272727,1.0,0.5454545454545454,0.9166666666666666,0.5454545454545454,1.0,0.7058823529411765,0.8112745098039216,0.859504132231405
992,13,53,2,9,0.8571428571428571,0.7772727272727273,0.9636363636363636,0.5909090909090909,0.905982905982906,0.5909090909090909,0.9636363636363636,0.7027027027027027,0.8043428043428044,0.8429752066115702
993,10,54,4,9,0.8311688311688312,0.7286751361161524,0.9310344827586207,0.5263157894736842,0.8925619834710744,0.5263157894736842,0.9310344827586207,0.6060606060606061,0.7493112947658402,0.7704174228675137
994,12,47,3,15,0.7662337662337663,0.6922222222222222,0.94,0.4444444444444444,0.8392857142857143,0.4444444444444444,0.94,0.5714285714285714,0.7053571428571428,0.8096296296296296
995,9,55,3,10,0.8311688311688312,0.7109800362976406,0.9482758620689655,0.47368421052631576,0.8943089430894309,0.47368421052631576,0.9482758620689655,0.5806451612903226,0.7374770521898768,0.7277676950998185
996,15,56,0,6,0.922077922077922,0.8571428571428572,1.0,0.7142857142857143,0.9491525423728814,0.7142857142857143,1.0,0.8333333333333334,0.8912429378531074,0.9336734693877551
997,10,54,1,12,0.8311688311688312,0.7181818181818181,0.9818181818181818,0.45454545454545453,0.8925619834710744,0.45454545454545453,0.9818181818181818,0.6060606060606061,0.7493112947658402,0.762809917355372
998,10,57,1,9,0.8701298701298701,0.7545372050816697,0.9827586206896551,0.5263157894736842,0.9193548387096774,0.5263157894736842,0.9827586206896551,0.6666666666666666,0.793010752688172,0.8874773139745917
999,15,51,1,10,0.8571428571428571,0.7903846153846154,0.9807692307692307,0.6,0.9026548672566371,0.6,0.9807692307692307,0.7317073170731707,0.8171810921649039,0.7953846153846154
1000,13,51,1,12,0.8311688311688312,0.7503846153846154,0.9807692307692307,0.52,0.8869565217391304,0.52,0.9807692307692307,0.6666666666666666,0.7768115942028986,0.8384615384615385
