round,TP,TN,FP,FN,Accuracy,BalancedAccuracy,Sensitivity_Class0,Specificity_Class0,F1_Class0,Sensitivity_Class1,Specificity_Class1,F1_Class1,F1_macro,AUC
1,22,37,4,10,0.8082191780821918,0.7949695121951219,0.9024390243902439,0.6875,0.8409090909090909,0.6875,0.9024390243902439,0.7586206896551724,0.7997648902821317,0.8528963414634145
2,20,44,8,1,0.8767123287671232,0.8992673992673992,0.8461538461538461,0.9523809523809523,0.9072164948453608,0.9523809523809523,0.8461538461538461,0.8163265306122449,0.8617715127288028,0.9734432234432234
3,22,33,11,7,0.7534246575342466,0.7543103448275862,0.75,0.7586206896551724,0.7857142857142857,0.7586206896551724,0.75,0.7096774193548387,0.7476958525345623,0.8503134796238246
4,14,39,8,12,0.726027397260274,0.6841243862520459,0.8297872340425532,0.5384615384615384,0.7959183673469388,0.5384615384615384,0.8297872340425532,0.5833333333333334,0.689625850340136,0.7667757774140753
5,22,35,9,7,0.7808219178082192,0.7770376175548589,0.7954545454545454,0.7586206896551724,0.813953488372093,0.7586206896551724,0.7954545454545454,0.7333333333333333,0.7736434108527132,0.8620689655172413
6,18,39,10,6,0.7808219178082192,0.7729591836734694,0.7959183673469388,0.75,0.8297872340425532,0.75,0.7959183673469388,0.6923076923076923,0.7610474631751227,0.8630952380952381
7,20,37,12,4,0.7808219178082192,0.7942176870748299,0.7551020408163265,0.8333333333333334,0.8222222222222222,0.8333333333333334,0.7551020408163265,0.7142857142857143,0.7682539682539682,0.8826530612244898
8,16,38,12,7,0.7397260273972602,0.7278260869565217,0.76,0.6956521739130435,0.8,0.6956521739130435,0.76,0.6274509803921569,0.7137254901960784,0.8165217391304348
9,26,33,9,5,0.8082191780821918,0.8122119815668203,0.7857142857142857,0.8387096774193549,0.825,0.8387096774193549,0.7857142857142857,0.7878787878787878,0.8064393939393939,0.8694316436251921
10,13,40,10,10,0.726027397260274,0.682608695652174,0.8,0.5652173913043478,0.8,0.5652173913043478,0.8,0.5652173913043478,0.682608695652174,0.788695652173913
11,22,39,9,3,0.8356164383561644,0.84625,0.8125,0.88,0.8666666666666667,0.88,0.8125,0.7857142857142857,0.8261904761904761,0.9066666666666665
12,22,40,6,5,0.8493150684931506,0.8421900161030595,0.8695652173913043,0.8148148148148148,0.8791208791208791,0.8148148148148148,0.8695652173913043,0.8,0.8395604395604396,0.8808373590982287
13,14,40,13,6,0.7397260273972602,0.7273584905660377,0.7547169811320755,0.7,0.8080808080808081,0.7,0.7547169811320755,0.5957446808510638,0.7019127444659359,0.8528301886792453
14,28,34,6,5,0.8493150684931506,0.8492424242424242,0.85,0.8484848484848485,0.8607594936708861,0.8484848484848485,0.85,0.835820895522388,0.848290194596637,0.8946969696969697
15,14,44,11,4,0.7945205479452054,0.788888888888889,0.8,0.7777777777777778,0.8543689320388349,0.7777777777777778,0.8,0.6511627906976745,0.7527658613682546,0.8919191919191919
16,21,38,9,5,0.8082191780821918,0.8081014729950899,0.8085106382978723,0.8076923076923077,0.8444444444444444,0.8076923076923077,0.8085106382978723,0.75,0.7972222222222223,0.8772504091653028
17,18,37,11,7,0.7534246575342466,0.7454166666666666,0.7708333333333334,0.72,0.8043478260869565,0.72,0.7708333333333334,0.6666666666666666,0.7355072463768115,0.87
18,20,35,7,11,0.7534246575342466,0.739247311827957,0.8333333333333334,0.6451612903225806,0.7954545454545454,0.6451612903225806,0.8333333333333334,0.6896551724137931,0.7425548589341693,0.8341013824884793
19,17,38,11,7,0.7534246575342466,0.741921768707483,0.7755102040816326,0.7083333333333334,0.8085106382978723,0.7083333333333334,0.7755102040816326,0.6538461538461539,0.7311783960720131,0.8239795918367347
20,17,39,10,7,0.7671232876712328,0.752125850340136,0.7959183673469388,0.7083333333333334,0.8210526315789474,0.7083333333333334,0.7959183673469388,0.6666666666666666,0.743859649122807,0.7967687074829932
21,15,44,9,5,0.8082191780821918,0.7900943396226415,0.8301886792452831,0.75,0.8627450980392157,0.75,0.8301886792452831,0.6818181818181818,0.7722816399286987,0.8226415094339623
22,13,40,13,7,0.726027397260274,0.7023584905660378,0.7547169811320755,0.65,0.8,0.65,0.7547169811320755,0.5652173913043478,0.682608695652174,0.8
23,19,30,16,8,0.6712328767123288,0.677938808373591,0.6521739130434783,0.7037037037037037,0.7142857142857143,0.7037037037037037,0.6521739130434783,0.6129032258064516,0.663594470046083,0.7624798711755232
24,17,38,9,9,0.7534246575342466,0.7311783960720131,0.8085106382978723,0.6538461538461539,0.8085106382978723,0.6538461538461539,0.8085106382978723,0.6538461538461539,0.7311783960720131,0.8584288052373159
25,12,45,7,9,0.7808219178082192,0.7184065934065934,0.8653846153846154,0.5714285714285714,0.8490566037735849,0.5714285714285714,0.8653846153846154,0.6,0.7245283018867925,0.8104395604395604
26,16,44,7,6,0.821917808219178,0.7950089126559715,0.8627450980392157,0.7272727272727273,0.8712871287128713,0.7272727272727273,0.8627450980392157,0.7111111111111111,0.7911991199119912,0.8796791443850268
27,15,39,12,7,0.7397260273972602,0.7232620320855614,0.7647058823529411,0.6818181818181818,0.8041237113402062,0.6818181818181818,0.7647058823529411,0.6122448979591837,0.708184304649695,0.8582887700534759
28,20,40,6,7,0.821917808219178,0.8051529790660226,0.8695652173913043,0.7407407407407407,0.8602150537634409,0.7407407407407407,0.8695652173913043,0.7547169811320755,0.8074660174477581,0.8687600644122383
29,20,41,6,6,0.8356164383561644,0.820785597381342,0.8723404255319149,0.7692307692307693,0.8723404255319149,0.7692307692307693,0.8723404255319149,0.7692307692307693,0.820785597381342,0.8788870703764322
30,11,46,13,3,0.7808219178082192,0.7826876513317191,0.7796610169491526,0.7857142857142857,0.8518518518518519,0.7857142857142857,0.7796610169491526,0.5789473684210527,0.7153996101364523,0.8389830508474576
31,18,39,9,7,0.7808219178082192,0.76625,0.8125,0.72,0.8297872340425532,0.72,0.8125,0.6923076923076923,0.7610474631751227,0.875
32,20,37,6,10,0.7808219178082192,0.7635658914728682,0.8604651162790697,0.6666666666666666,0.8222222222222222,0.6666666666666666,0.8604651162790697,0.7142857142857143,0.7682539682539682,0.8162790697674419
33,22,33,10,8,0.7534246575342466,0.7503875968992249,0.7674418604651163,0.7333333333333333,0.7857142857142857,0.7333333333333333,0.7674418604651163,0.7096774193548387,0.7476958525345623,0.8294573643410852
34,11,48,7,7,0.8082191780821918,0.7419191919191919,0.8727272727272727,0.6111111111111112,0.8727272727272727,0.6111111111111112,0.8727272727272727,0.6111111111111112,0.7419191919191919,0.814141414141414
35,22,40,9,2,0.8493150684931506,0.8664965986394557,0.8163265306122449,0.9166666666666666,0.8791208791208791,0.9166666666666666,0.8163265306122449,0.8,0.8395604395604396,0.951530612244898
36,21,38,5,9,0.8082191780821918,0.791860465116279,0.8837209302325582,0.7,0.8444444444444444,0.7,0.8837209302325582,0.75,0.7972222222222223,0.8658914728682172
37,18,33,14,8,0.6986301369863014,0.6972176759410802,0.7021276595744681,0.6923076923076923,0.75,0.6923076923076923,0.7021276595744681,0.6206896551724138,0.6853448275862069,0.8027823240589198
38,18,41,8,6,0.8082191780821918,0.7933673469387755,0.8367346938775511,0.75,0.8541666666666666,0.75,0.8367346938775511,0.72,0.7870833333333334,0.9081632653061226
39,19,37,9,8,0.7671232876712328,0.7540257648953301,0.8043478260869565,0.7037037037037037,0.8131868131868132,0.7037037037037037,0.8043478260869565,0.6909090909090909,0.752047952047952,0.8132045088566828
40,21,38,7,7,0.8082191780821918,0.7972222222222223,0.8444444444444444,0.75,0.8444444444444444,0.75,0.8444444444444444,0.75,0.7972222222222223,0.873015873015873
41,18,41,9,5,0.8082191780821918,0.801304347826087,0.82,0.782608695652174,0.8541666666666666,0.782608695652174,0.82,0.72,0.7870833333333334,0.8817391304347826
42,18,41,7,7,0.8082191780821918,0.7870833333333334,0.8541666666666666,0.72,0.8541666666666666,0.72,0.8541666666666666,0.72,0.7870833333333334,0.8333333333333334
43,12,47,6,8,0.8082191780821918,0.7433962264150944,0.8867924528301887,0.6,0.8703703703703703,0.6,0.8867924528301887,0.631578947368421,0.7509746588693957,0.8386792452830188
44,19,39,7,8,0.7945205479452054,0.7757648953301127,0.8478260869565217,0.7037037037037037,0.8387096774193549,0.7037037037037037,0.8478260869565217,0.7169811320754716,0.7778454047474133,0.8164251207729467
45,17,39,11,6,0.7671232876712328,0.7595652173913043,0.78,0.7391304347826086,0.8210526315789474,0.7391304347826086,0.78,0.6666666666666666,0.743859649122807,0.8652173913043479
46,21,37,6,9,0.7945205479452054,0.7802325581395348,0.8604651162790697,0.7,0.8314606741573034,0.7,0.8604651162790697,0.7368421052631579,0.7841513897102306,0.92015503875969
47,25,33,9,6,0.7945205479452054,0.7960829493087558,0.7857142857142857,0.8064516129032258,0.8148148148148148,0.8064516129032258,0.7857142857142857,0.7692307692307693,0.792022792022792,0.8870967741935483
48,23,32,11,7,0.7534246575342466,0.7554263565891473,0.7441860465116279,0.7666666666666667,0.7804878048780488,0.7666666666666667,0.7441860465116279,0.71875,0.7496189024390244,0.8643410852713179
49,22,37,8,6,0.8082191780821918,0.803968253968254,0.8222222222222222,0.7857142857142857,0.8409090909090909,0.7857142857142857,0.8222222222222222,0.7586206896551724,0.7997648902821317,0.9230158730158731
50,17,36,8,12,0.726027397260274,0.7021943573667712,0.8181818181818182,0.5862068965517241,0.782608695652174,0.5862068965517241,0.8181818181818182,0.6296296296296297,0.7061191626409018,0.7750783699059561
51,14,37,13,9,0.6986301369863014,0.6743478260869565,0.74,0.6086956521739131,0.7708333333333334,0.6086956521739131,0.74,0.56,0.6654166666666668,0.817391304347826
52,22,40,5,6,0.8493150684931506,0.8373015873015872,0.8888888888888888,0.7857142857142857,0.8791208791208791,0.7857142857142857,0.8888888888888888,0.8,0.8395604395604396,0.8896825396825397
53,28,32,6,7,0.821917808219178,0.8210526315789474,0.8421052631578947,0.8,0.8311688311688312,0.8,0.8421052631578947,0.8115942028985508,0.821381517033691,0.9
54,12,36,13,12,0.6575342465753424,0.6173469387755102,0.7346938775510204,0.5,0.7422680412371134,0.5,0.7346938775510204,0.4897959183673469,0.6160319798022302,0.7091836734693878
55,17,35,11,10,0.7123287671232876,0.6952495974235104,0.7608695652173914,0.6296296296296297,0.7692307692307693,0.6296296296296297,0.7608695652173914,0.6181818181818182,0.6937062937062937,0.7326892109500804
56,20,36,8,9,0.7671232876712328,0.7539184952978057,0.8181818181818182,0.6896551724137931,0.8089887640449438,0.6896551724137931,0.8181818181818182,0.7017543859649122,0.755371575004928,0.8291536050156739
57,21,35,9,8,0.7671232876712328,0.759796238244514,0.7954545454545454,0.7241379310344828,0.8045977011494253,0.7241379310344828,0.7954545454545454,0.711864406779661,0.7582310539645432,0.8589341692789969
58,24,35,11,3,0.8082191780821918,0.8248792270531401,0.7608695652173914,0.8888888888888888,0.8333333333333334,0.8888888888888888,0.7608695652173914,0.7741935483870968,0.803763440860215,0.9138486312399355
59,22,33,9,9,0.7534246575342466,0.7476958525345623,0.7857142857142857,0.7096774193548387,0.7857142857142857,0.7096774193548387,0.7857142857142857,0.7096774193548387,0.7476958525345623,0.8502304147465438
60,29,27,8,9,0.7671232876712328,0.7672932330827068,0.7714285714285715,0.7631578947368421,0.7605633802816901,0.7631578947368421,0.7714285714285715,0.7733333333333333,0.7669483568075117,0.8503759398496239
61,14,43,9,7,0.7808219178082192,0.7467948717948718,0.8269230769230769,0.6666666666666666,0.8431372549019608,0.6666666666666666,0.8269230769230769,0.6363636363636364,0.7397504456327986,0.7747252747252746
62,18,35,15,5,0.726027397260274,0.741304347826087,0.7,0.782608695652174,0.7777777777777778,0.782608695652174,0.7,0.6428571428571429,0.7103174603174603,0.8939130434782608
63,19,42,8,4,0.8356164383561644,0.8330434782608696,0.84,0.8260869565217391,0.875,0.8260869565217391,0.84,0.76,0.8175,0.9113043478260869
64,17,38,11,7,0.7534246575342466,0.741921768707483,0.7755102040816326,0.7083333333333334,0.8085106382978723,0.7083333333333334,0.7755102040816326,0.6538461538461539,0.7311783960720131,0.8137755102040816
65,15,41,8,9,0.7671232876712328,0.7308673469387755,0.8367346938775511,0.625,0.8282828282828283,0.625,0.8367346938775511,0.6382978723404256,0.7332903503116269,0.8409863945578232
66,19,34,13,7,0.726027397260274,0.7270867430441899,0.723404255319149,0.7307692307692307,0.7727272727272727,0.7307692307692307,0.723404255319149,0.6551724137931034,0.7139498432601881,0.842062193126023
67,18,32,16,7,0.684931506849315,0.6933333333333334,0.6666666666666666,0.72,0.735632183908046,0.72,0.6666666666666666,0.6101694915254238,0.6729008377167349,0.8191666666666666
68,15,38,13,7,0.726027397260274,0.713458110516934,0.7450980392156863,0.6818181818181818,0.7916666666666666,0.6818181818181818,0.7450980392156863,0.6,0.6958333333333333,0.7468805704099822
69,18,42,10,3,0.821917808219178,0.8324175824175823,0.8076923076923077,0.8571428571428571,0.865979381443299,0.8571428571428571,0.8076923076923077,0.7346938775510204,0.8003366294971597,0.9441391941391941
70,18,35,12,8,0.726027397260274,0.718494271685761,0.7446808510638298,0.6923076923076923,0.7777777777777778,0.6923076923076923,0.7446808510638298,0.6428571428571429,0.7103174603174603,0.8216039279869067
71,17,36,14,6,0.726027397260274,0.7295652173913043,0.72,0.7391304347826086,0.782608695652174,0.7391304347826086,0.72,0.6296296296296297,0.7061191626409018,0.8156521739130435
72,15,41,12,5,0.7671232876712328,0.7617924528301887,0.7735849056603774,0.75,0.8282828282828283,0.75,0.7735849056603774,0.6382978723404256,0.7332903503116269,0.879245283018868
73,25,31,9,8,0.7671232876712328,0.7662878787878789,0.775,0.7575757575757576,0.7848101265822784,0.7575757575757576,0.775,0.746268656716418,0.7655393916493483,0.8113636363636364
74,15,36,9,13,0.6986301369863014,0.6678571428571429,0.8,0.5357142857142857,0.7659574468085106,0.5357142857142857,0.8,0.5769230769230769,0.6714402618657938,0.6952380952380952
75,26,27,11,9,0.726027397260274,0.7266917293233083,0.7105263157894737,0.7428571428571429,0.7297297297297297,0.7428571428571429,0.7105263157894737,0.7222222222222222,0.725975975975976,0.8556390977443609
76,22,31,11,9,0.726027397260274,0.7238863287250384,0.7380952380952381,0.7096774193548387,0.7560975609756098,0.7096774193548387,0.7380952380952381,0.6875,0.7217987804878049,0.8218125960061444
77,20,39,8,6,0.8082191780821918,0.7995090016366613,0.8297872340425532,0.7692307692307693,0.8478260869565217,0.7692307692307693,0.8297872340425532,0.7407407407407407,0.7942834138486312,0.8764320785597381
78,20,38,10,5,0.7945205479452054,0.7958333333333334,0.7916666666666666,0.8,0.8351648351648352,0.8,0.7916666666666666,0.7272727272727273,0.7812187812187812,0.8841666666666667
79,22,36,10,5,0.7945205479452054,0.7987117552334944,0.782608695652174,0.8148148148148148,0.8275862068965517,0.8148148148148148,0.782608695652174,0.7457627118644068,0.7866744593804793,0.9074074074074073
80,17,40,12,4,0.7808219178082192,0.7893772893772895,0.7692307692307693,0.8095238095238095,0.8333333333333334,0.8095238095238095,0.7692307692307693,0.68,0.7566666666666667,0.847985347985348
81,18,42,8,5,0.821917808219178,0.811304347826087,0.84,0.782608695652174,0.865979381443299,0.782608695652174,0.84,0.7346938775510204,0.8003366294971597,0.9078260869565218
82,16,35,10,12,0.6986301369863014,0.6746031746031746,0.7777777777777778,0.5714285714285714,0.7608695652173914,0.5714285714285714,0.7777777777777778,0.5925925925925926,0.676731078904992,0.7523809523809524
83,24,33,10,6,0.7808219178082192,0.7837209302325582,0.7674418604651163,0.8,0.8048780487804879,0.8,0.7674418604651163,0.75,0.7774390243902439,0.9038759689922481
84,27,33,7,6,0.821917808219178,0.821590909090909,0.825,0.8181818181818182,0.8354430379746836,0.8181818181818182,0.825,0.8059701492537313,0.8207065936142075,0.8984848484848486
85,20,36,13,4,0.7671232876712328,0.7840136054421769,0.7346938775510204,0.8333333333333334,0.8089887640449438,0.8333333333333334,0.7346938775510204,0.7017543859649122,0.755371575004928,0.9022108843537414
86,18,34,10,11,0.7123287671232876,0.6967084639498433,0.7727272727272727,0.6206896551724138,0.7640449438202247,0.6206896551724138,0.7727272727272727,0.631578947368421,0.6978119455943228,0.7891849529780564
87,25,33,11,4,0.7945205479452054,0.8060344827586207,0.75,0.8620689655172413,0.8148148148148148,0.8620689655172413,0.75,0.7692307692307693,0.792022792022792,0.9036050156739812
88,23,35,8,7,0.7945205479452054,0.7903100775193799,0.813953488372093,0.7666666666666667,0.8235294117647058,0.7666666666666667,0.813953488372093,0.7540983606557377,0.7888138862102217,0.8472868217054265
89,22,38,10,3,0.821917808219178,0.8358333333333333,0.7916666666666666,0.88,0.8539325842696629,0.88,0.7916666666666666,0.7719298245614035,0.8129312044155332,0.9066666666666666
90,24,33,8,8,0.7808219178082192,0.7774390243902439,0.8048780487804879,0.75,0.8048780487804879,0.75,0.8048780487804879,0.75,0.7774390243902439,0.8780487804878049
91,22,37,9,5,0.8082191780821918,0.8095813204508857,0.8043478260869565,0.8148148148148148,0.8409090909090909,0.8148148148148148,0.8043478260869565,0.7586206896551724,0.7997648902821317,0.8913043478260868
92,23,38,8,4,0.8356164383561644,0.8389694041867954,0.8260869565217391,0.8518518518518519,0.8636363636363636,0.8518518518518519,0.8260869565217391,0.7931034482758621,0.8283699059561129,0.9041867954911432
93,14,40,13,6,0.7397260273972602,0.7273584905660377,0.7547169811320755,0.7,0.8080808080808081,0.7,0.7547169811320755,0.5957446808510638,0.7019127444659359,0.7830188679245282
94,23,38,7,5,0.8356164383561644,0.8329365079365079,0.8444444444444444,0.8214285714285714,0.8636363636363636,0.8214285714285714,0.8444444444444444,0.7931034482758621,0.8283699059561129,0.9142857142857144
95,17,36,12,8,0.726027397260274,0.7150000000000001,0.75,0.68,0.782608695652174,0.68,0.75,0.6296296296296297,0.7061191626409018,0.7666666666666666
96,14,39,12,8,0.726027397260274,0.7005347593582887,0.7647058823529411,0.6363636363636364,0.7959183673469388,0.6363636363636364,0.7647058823529411,0.5833333333333334,0.689625850340136,0.7691622103386809
97,17,37,12,7,0.7397260273972602,0.7317176870748299,0.7551020408163265,0.7083333333333334,0.7956989247311828,0.7083333333333334,0.7551020408163265,0.6415094339622641,0.7186041793467235,0.7729591836734694
98,20,40,12,1,0.821917808219178,0.8608058608058609,0.7692307692307693,0.9523809523809523,0.8602150537634409,0.9523809523809523,0.7692307692307693,0.7547169811320755,0.8074660174477581,0.9587912087912087
99,13,43,8,9,0.7671232876712328,0.7170231729055259,0.8431372549019608,0.5909090909090909,0.8349514563106796,0.5909090909090909,0.8431372549019608,0.6046511627906976,0.7198013095506886,0.8235294117647058
100,20,32,14,7,0.7123287671232876,0.7181964573268921,0.6956521739130435,0.7407407407407407,0.7529411764705882,0.7407407407407407,0.6956521739130435,0.6557377049180327,0.7043394406943104,0.822061191626409
101,16,31,19,7,0.6438356164383562,0.6578260869565218,0.62,0.6956521739130435,0.7045454545454546,0.6956521739130435,0.62,0.5517241379310345,0.6281347962382445,0.7660869565217391
102,25,31,12,5,0.7671232876712328,0.7771317829457365,0.7209302325581395,0.8333333333333334,0.7848101265822784,0.8333333333333334,0.7209302325581395,0.746268656716418,0.7655393916493483,0.8953488372093024
103,21,39,8,5,0.821917808219178,0.8187397708674304,0.8297872340425532,0.8076923076923077,0.8571428571428571,0.8076923076923077,0.8297872340425532,0.7636363636363637,0.8103896103896104,0.9189852700490998
104,23,29,15,6,0.7123287671232876,0.7260971786833856,0.6590909090909091,0.7931034482758621,0.7341772151898734,0.7931034482758621,0.6590909090909091,0.6865671641791045,0.710372189684489,0.847962382445141
105,12,42,11,8,0.7397260273972602,0.6962264150943396,0.7924528301886793,0.6,0.8155339805825242,0.6,0.7924528301886793,0.5581395348837209,0.6868367577331226,0.7933962264150943
106,23,30,11,9,0.726027397260274,0.7252286585365854,0.7317073170731707,0.71875,0.75,0.71875,0.7317073170731707,0.696969696969697,0.7234848484848485,0.8376524390243902
107,12,40,10,11,0.7123287671232876,0.6608695652173913,0.8,0.5217391304347826,0.7920792079207921,0.5217391304347826,0.8,0.5333333333333333,0.6627062706270628,0.7834782608695652
108,19,35,9,10,0.7397260273972602,0.7253134796238244,0.7954545454545454,0.6551724137931034,0.7865168539325843,0.6551724137931034,0.7954545454545454,0.6666666666666666,0.7265917602996255,0.7884012539184952
109,20,43,6,4,0.863013698630137,0.8554421768707483,0.8775510204081632,0.8333333333333334,0.8958333333333334,0.8333333333333334,0.8775510204081632,0.8,0.8479166666666667,0.9362244897959183
110,28,31,8,6,0.8082191780821918,0.8092006033182504,0.7948717948717948,0.8235294117647058,0.8157894736842105,0.8235294117647058,0.7948717948717948,0.8,0.8078947368421052,0.8944193061840121
111,20,38,12,3,0.7945205479452054,0.8147826086956522,0.76,0.8695652173913043,0.8351648351648352,0.8695652173913043,0.76,0.7272727272727273,0.7812187812187812,0.874782608695652
112,24,35,7,7,0.8082191780821918,0.803763440860215,0.8333333333333334,0.7741935483870968,0.8333333333333334,0.7741935483870968,0.8333333333333334,0.7741935483870968,0.803763440860215,0.9024577572964669
113,21,38,6,8,0.8082191780821918,0.7938871473354232,0.8636363636363636,0.7241379310344828,0.8444444444444444,0.7241379310344828,0.8636363636363636,0.75,0.7972222222222223,0.8847962382445141
114,20,37,11,5,0.7808219178082192,0.7854166666666667,0.7708333333333334,0.8,0.8222222222222222,0.8,0.7708333333333334,0.7142857142857143,0.7682539682539682,0.8783333333333333
115,19,31,8,15,0.684931506849315,0.6768476621417798,0.7948717948717948,0.5588235294117647,0.7294117647058823,0.5588235294117647,0.7948717948717948,0.6229508196721312,0.6761812921890067,0.7051282051282052
116,11,39,13,10,0.684931506849315,0.6369047619047619,0.75,0.5238095238095238,0.7722772277227723,0.5238095238095238,0.75,0.4888888888888889,0.6305830583058306,0.6694139194139194
117,23,29,11,10,0.7123287671232876,0.7109848484848484,0.725,0.696969696969697,0.7341772151898734,0.696969696969697,0.725,0.6865671641791045,0.710372189684489,0.8492424242424241
118,24,30,13,6,0.7397260273972602,0.7488372093023257,0.6976744186046512,0.8,0.759493670886076,0.8,0.6976744186046512,0.7164179104477612,0.7379557906669185,0.8682170542635659
119,18,44,6,5,0.8493150684931506,0.831304347826087,0.88,0.782608695652174,0.8888888888888888,0.782608695652174,0.88,0.7659574468085106,0.8274231678486997,0.9139130434782609
120,19,34,9,11,0.726027397260274,0.712015503875969,0.7906976744186046,0.6333333333333333,0.7727272727272727,0.6333333333333333,0.7906976744186046,0.6551724137931034,0.7139498432601881,0.7860465116279071
121,15,39,11,8,0.7397260273972602,0.7160869565217391,0.78,0.6521739130434783,0.8041237113402062,0.6521739130434783,0.78,0.6122448979591837,0.708184304649695,0.7965217391304348
122,21,35,4,13,0.7671232876712328,0.7575414781297134,0.8974358974358975,0.6176470588235294,0.8045977011494253,0.6176470588235294,0.8974358974358975,0.711864406779661,0.7582310539645432,0.8182503770739065
123,17,35,12,9,0.7123287671232876,0.6992635024549918,0.7446808510638298,0.6538461538461539,0.7692307692307693,0.6538461538461539,0.7446808510638298,0.6181818181818182,0.6937062937062937,0.7921440261865794
124,14,45,8,6,0.8082191780821918,0.7745283018867924,0.8490566037735849,0.7,0.8653846153846154,0.7,0.8490566037735849,0.6666666666666666,0.766025641025641,0.8292452830188679
125,19,40,9,5,0.8082191780821918,0.8039965986394557,0.8163265306122449,0.7916666666666666,0.851063829787234,0.7916666666666666,0.8163265306122449,0.7307692307692307,0.7909165302782324,0.9022108843537414
126,15,42,9,7,0.7808219178082192,0.7526737967914439,0.8235294117647058,0.6818181818181818,0.84,0.6818181818181818,0.8235294117647058,0.6521739130434783,0.7460869565217392,0.7932263814616757
127,26,31,6,10,0.7808219178082192,0.78003003003003,0.8378378378378378,0.7222222222222222,0.7948717948717948,0.7222222222222222,0.8378378378378378,0.7647058823529411,0.7797888386123679,0.8933933933933933
128,25,30,7,11,0.7534246575342466,0.7526276276276276,0.8108108108108109,0.6944444444444444,0.7692307692307693,0.6944444444444444,0.8108108108108109,0.7352941176470589,0.752262443438914,0.8648648648648649
129,20,35,10,8,0.7534246575342466,0.746031746031746,0.7777777777777778,0.7142857142857143,0.7954545454545454,0.7142857142857143,0.7777777777777778,0.6896551724137931,0.7425548589341693,0.7912698412698413
130,14,35,11,13,0.6712328767123288,0.6396940418679549,0.7608695652173914,0.5185185185185185,0.7446808510638298,0.5185185185185185,0.7608695652173914,0.5384615384615384,0.6415711947626841,0.7334943639291465
131,25,37,8,3,0.8493150684931506,0.8575396825396826,0.8222222222222222,0.8928571428571429,0.8705882352941177,0.8928571428571429,0.8222222222222222,0.819672131147541,0.8451301832208293,0.9087301587301587
132,20,39,9,5,0.8082191780821918,0.80625,0.8125,0.8,0.8478260869565217,0.8,0.8125,0.7407407407407407,0.7942834138486312,0.88
133,16,43,6,8,0.8082191780821918,0.7721088435374149,0.8775510204081632,0.6666666666666666,0.86,0.6666666666666666,0.8775510204081632,0.6956521739130435,0.7778260869565217,0.8511904761904762
134,19,37,10,7,0.7671232876712328,0.7590016366612111,0.7872340425531915,0.7307692307692307,0.8131868131868132,0.7307692307692307,0.7872340425531915,0.6909090909090909,0.752047952047952,0.8404255319148936
135,25,38,9,1,0.863013698630137,0.8850245499181669,0.8085106382978723,0.9615384615384616,0.8837209302325582,0.9615384615384616,0.8085106382978723,0.8333333333333334,0.8585271317829457,0.9558101472995091
136,17,42,9,5,0.8082191780821918,0.7981283422459893,0.8235294117647058,0.7727272727272727,0.8571428571428571,0.7727272727272727,0.8235294117647058,0.7083333333333334,0.7827380952380952,0.8957219251336899
137,19,37,10,7,0.7671232876712328,0.7590016366612111,0.7872340425531915,0.7307692307692307,0.8131868131868132,0.7307692307692307,0.7872340425531915,0.6909090909090909,0.752047952047952,0.8183306055646481
138,18,39,12,4,0.7808219178082192,0.7914438502673797,0.7647058823529411,0.8181818181818182,0.8297872340425532,0.8181818181818182,0.7647058823529411,0.6923076923076923,0.7610474631751227,0.8547237076648841
139,18,42,10,3,0.821917808219178,0.8324175824175823,0.8076923076923077,0.8571428571428571,0.865979381443299,0.8571428571428571,0.8076923076923077,0.7346938775510204,0.8003366294971597,0.9157509157509157
140,13,38,10,12,0.6986301369863014,0.6558333333333333,0.7916666666666666,0.52,0.7755102040816326,0.52,0.7916666666666666,0.5416666666666666,0.6585884353741496,0.7174999999999999
141,21,38,8,6,0.8082191780821918,0.8019323671497585,0.8260869565217391,0.7777777777777778,0.8444444444444444,0.7777777777777778,0.8260869565217391,0.75,0.7972222222222223,0.8478260869565217
142,19,34,10,10,0.726027397260274,0.7139498432601881,0.7727272727272727,0.6551724137931034,0.7727272727272727,0.6551724137931034,0.7727272727272727,0.6551724137931034,0.7139498432601881,0.804858934169279
143,18,34,11,10,0.7123287671232876,0.6992063492063492,0.7555555555555555,0.6428571428571429,0.7640449438202247,0.6428571428571429,0.7555555555555555,0.631578947368421,0.6978119455943228,0.8492063492063492
144,19,40,8,6,0.8082191780821918,0.7966666666666666,0.8333333333333334,0.76,0.851063829787234,0.76,0.8333333333333334,0.7307692307692307,0.7909165302782324,0.9166666666666666
145,10,44,10,9,0.7397260273972602,0.6705653021442495,0.8148148148148148,0.5263157894736842,0.822429906542056,0.5263157894736842,0.8148148148148148,0.5128205128205128,0.6676252096812845,0.8050682261208577
146,20,39,5,9,0.8082191780821918,0.7880094043887147,0.8863636363636364,0.6896551724137931,0.8478260869565217,0.6896551724137931,0.8863636363636364,0.7407407407407407,0.7942834138486312,0.8926332288401256
147,24,31,10,8,0.7534246575342466,0.7530487804878049,0.7560975609756098,0.75,0.775,0.75,0.7560975609756098,0.7272727272727273,0.7511363636363637,0.8452743902439024
148,18,35,8,12,0.726027397260274,0.7069767441860465,0.813953488372093,0.6,0.7777777777777778,0.6,0.813953488372093,0.6428571428571429,0.7103174603174603,0.8472868217054264
149,15,37,10,11,0.7123287671232876,0.6820785597381342,0.7872340425531915,0.5769230769230769,0.7789473684210526,0.5769230769230769,0.7872340425531915,0.5882352941176471,0.6835913312693498,0.7716857610474632
150,23,37,7,6,0.821917808219178,0.8170062695924765,0.8409090909090909,0.7931034482758621,0.8505747126436781,0.7931034482758621,0.8409090909090909,0.7796610169491526,0.8151178647964153,0.8738244514106582
151,14,43,7,9,0.7808219178082192,0.7343478260869565,0.86,0.6086956521739131,0.8431372549019608,0.6086956521739131,0.86,0.6363636363636364,0.7397504456327986,0.8330434782608694
152,12,45,10,6,0.7808219178082192,0.7424242424242424,0.8181818181818182,0.6666666666666666,0.8490566037735849,0.6666666666666666,0.8181818181818182,0.6,0.7245283018867925,0.7969696969696969
153,24,31,12,6,0.7534246575342466,0.7604651162790698,0.7209302325581395,0.8,0.775,0.8,0.7209302325581395,0.7272727272727273,0.7511363636363637,0.8395348837209303
154,19,42,7,5,0.8356164383561644,0.8244047619047619,0.8571428571428571,0.7916666666666666,0.875,0.7916666666666666,0.8571428571428571,0.76,0.8175,0.8843537414965987
155,25,32,9,7,0.7808219178082192,0.7808689024390244,0.7804878048780488,0.78125,0.8,0.78125,0.7804878048780488,0.7575757575757576,0.7787878787878788,0.8864329268292684
156,13,37,12,11,0.684931506849315,0.6483843537414966,0.7551020408163265,0.5416666666666666,0.7628865979381443,0.5416666666666666,0.7551020408163265,0.5306122448979592,0.6467494214180518,0.7525510204081634
157,13,42,8,10,0.7534246575342466,0.7026086956521739,0.84,0.5652173913043478,0.8235294117647058,0.5652173913043478,0.84,0.5909090909090909,0.7072192513368984,0.7956521739130434
158,20,34,14,5,0.7397260273972602,0.7541666666666667,0.7083333333333334,0.8,0.7816091954022989,0.8,0.7083333333333334,0.6779661016949152,0.729787648548607,0.8291666666666666
159,19,32,11,11,0.6986301369863014,0.6887596899224806,0.7441860465116279,0.6333333333333333,0.7441860465116279,0.6333333333333333,0.7441860465116279,0.6333333333333333,0.6887596899224806,0.7798449612403101
160,27,30,10,6,0.7808219178082192,0.7840909090909092,0.75,0.8181818181818182,0.7894736842105263,0.8181818181818182,0.75,0.7714285714285715,0.780451127819549,0.8553030303030302
161,16,41,12,4,0.7808219178082192,0.7867924528301887,0.7735849056603774,0.8,0.8367346938775511,0.8,0.7735849056603774,0.6666666666666666,0.7517006802721089,0.8471698113207548
162,21,38,6,8,0.8082191780821918,0.7938871473354232,0.8636363636363636,0.7241379310344828,0.8444444444444444,0.7241379310344828,0.8636363636363636,0.75,0.7972222222222223,0.840909090909091
163,9,51,10,3,0.821917808219178,0.7930327868852459,0.8360655737704918,0.75,0.8869565217391304,0.75,0.8360655737704918,0.5806451612903226,0.7338008415147266,0.9275956284153005
164,15,37,12,9,0.7123287671232876,0.6900510204081632,0.7551020408163265,0.625,0.7789473684210526,0.625,0.7551020408163265,0.5882352941176471,0.6835913312693498,0.8010204081632654
165,21,33,10,9,0.7397260273972602,0.7337209302325581,0.7674418604651163,0.7,0.7764705882352941,0.7,0.7674418604651163,0.6885245901639344,0.7324975891996143,0.8744186046511627
166,17,38,12,6,0.7534246575342466,0.7495652173913043,0.76,0.7391304347826086,0.8085106382978723,0.7391304347826086,0.76,0.6538461538461539,0.7311783960720131,0.814782608695652
167,19,36,10,8,0.7534246575342466,0.7431561996779388,0.782608695652174,0.7037037037037037,0.8,0.7037037037037037,0.782608695652174,0.6785714285714286,0.7392857142857143,0.8220611916264091
168,18,37,7,11,0.7534246575342466,0.7307993730407524,0.8409090909090909,0.6206896551724138,0.8043478260869565,0.6206896551724138,0.8409090909090909,0.6666666666666666,0.7355072463768115,0.811128526645768
169,22,36,8,7,0.7945205479452054,0.7884012539184952,0.8181818181818182,0.7586206896551724,0.8275862068965517,0.7586206896551724,0.8181818181818182,0.7457627118644068,0.7866744593804793,0.8667711598746082
170,13,44,11,5,0.7808219178082192,0.7611111111111111,0.8,0.7222222222222222,0.8461538461538461,0.7222222222222222,0.8,0.6190476190476191,0.7326007326007327,0.7848484848484847
171,17,38,7,11,0.7534246575342466,0.7257936507936508,0.8444444444444444,0.6071428571428571,0.8085106382978723,0.6071428571428571,0.8444444444444444,0.6538461538461539,0.7311783960720131,0.7547619047619049
172,20,41,8,4,0.8356164383561644,0.8350340136054422,0.8367346938775511,0.8333333333333334,0.8723404255319149,0.8333333333333334,0.8367346938775511,0.7692307692307693,0.820785597381342,0.8596938775510204
173,18,41,10,4,0.8082191780821918,0.8110516934046346,0.803921568627451,0.8181818181818182,0.8541666666666666,0.8181818181818182,0.803921568627451,0.72,0.7870833333333334,0.8752228163992869
174,21,37,10,5,0.7945205479452054,0.7974631751227497,0.7872340425531915,0.8076923076923077,0.8314606741573034,0.8076923076923077,0.7872340425531915,0.7368421052631579,0.7841513897102306,0.8936170212765957
175,20,38,8,7,0.7945205479452054,0.7834138486312399,0.8260869565217391,0.7407407407407407,0.8351648351648352,0.7407407407407407,0.8260869565217391,0.7272727272727273,0.7812187812187812,0.8848631239935588
176,21,31,14,7,0.7123287671232876,0.7194444444444444,0.6888888888888889,0.75,0.7469879518072289,0.75,0.6888888888888889,0.6666666666666666,0.7068273092369477,0.7976190476190477
177,17,40,11,5,0.7808219178082192,0.7785204991087344,0.7843137254901961,0.7727272727272727,0.8333333333333334,0.7727272727272727,0.7843137254901961,0.68,0.7566666666666667,0.8208556149732621
178,20,36,9,8,0.7671232876712328,0.7571428571428571,0.8,0.7142857142857143,0.8089887640449438,0.7142857142857143,0.8,0.7017543859649122,0.755371575004928,0.7984126984126985
179,17,37,13,6,0.7397260273972602,0.7395652173913043,0.74,0.7391304347826086,0.7956989247311828,0.7391304347826086,0.74,0.6415094339622641,0.7186041793467235,0.8782608695652174
180,17,39,10,7,0.7671232876712328,0.752125850340136,0.7959183673469388,0.7083333333333334,0.8210526315789474,0.7083333333333334,0.7959183673469388,0.6666666666666666,0.743859649122807,0.8146258503401361
181,18,34,13,8,0.7123287671232876,0.7078559738134207,0.723404255319149,0.6923076923076923,0.7640449438202247,0.6923076923076923,0.723404255319149,0.631578947368421,0.6978119455943228,0.7749590834697218
182,23,39,10,1,0.8493150684931506,0.877125850340136,0.7959183673469388,0.9583333333333334,0.8764044943820225,0.9583333333333334,0.7959183673469388,0.8070175438596491,0.8417110191208358,0.9294217687074832
183,17,42,8,6,0.8082191780821918,0.7895652173913044,0.84,0.7391304347826086,0.8571428571428571,0.7391304347826086,0.84,0.7083333333333334,0.7827380952380952,0.8469565217391304
184,17,38,10,8,0.7534246575342466,0.7358333333333333,0.7916666666666666,0.68,0.8085106382978723,0.68,0.7916666666666666,0.6538461538461539,0.7311783960720131,0.8350000000000001
185,18,36,11,8,0.7397260273972602,0.7291325695581015,0.7659574468085106,0.6923076923076923,0.7912087912087912,0.6923076923076923,0.7659574468085106,0.6545454545454545,0.7228771228771229,0.8355155482815058
186,18,37,13,5,0.7534246575342466,0.761304347826087,0.74,0.782608695652174,0.8043478260869565,0.782608695652174,0.74,0.6666666666666666,0.7355072463768115,0.8669565217391305
187,17,42,7,7,0.8082191780821918,0.7827380952380952,0.8571428571428571,0.7083333333333334,0.8571428571428571,0.7083333333333334,0.8571428571428571,0.7083333333333334,0.7827380952380952,0.8758503401360543
188,25,35,6,7,0.821917808219178,0.8174542682926829,0.8536585365853658,0.78125,0.8433734939759037,0.78125,0.8536585365853658,0.7936507936507936,0.8185121438133487,0.8810975609756098
189,18,35,17,3,0.726027397260274,0.7651098901098901,0.6730769230769231,0.8571428571428571,0.7777777777777778,0.8571428571428571,0.6730769230769231,0.6428571428571429,0.7103174603174603,0.913003663003663
190,15,35,17,6,0.684931506849315,0.6936813186813187,0.6730769230769231,0.7142857142857143,0.7526881720430108,0.7142857142857143,0.6730769230769231,0.5660377358490566,0.6593629539460337,0.7408424908424909
191,25,39,3,6,0.8767123287671232,0.8675115207373272,0.9285714285714286,0.8064516129032258,0.896551724137931,0.8064516129032258,0.9285714285714286,0.847457627118644,0.8720046756282875,0.9270353302611368
192,20,36,8,9,0.7671232876712328,0.7539184952978057,0.8181818181818182,0.6896551724137931,0.8089887640449438,0.6896551724137931,0.8181818181818182,0.7017543859649122,0.755371575004928,0.835423197492163
193,22,36,10,5,0.7945205479452054,0.7987117552334944,0.782608695652174,0.8148148148148148,0.8275862068965517,0.8148148148148148,0.782608695652174,0.7457627118644068,0.7866744593804793,0.894524959742351
194,19,36,12,6,0.7534246575342466,0.755,0.75,0.76,0.8,0.76,0.75,0.6785714285714286,0.7392857142857143,0.8616666666666667
195,24,31,12,6,0.7534246575342466,0.7604651162790698,0.7209302325581395,0.8,0.775,0.8,0.7209302325581395,0.7272727272727273,0.7511363636363637,0.862015503875969
196,20,30,11,12,0.684931506849315,0.6783536585365854,0.7317073170731707,0.625,0.7228915662650602,0.625,0.7317073170731707,0.6349206349206349,0.6789061005928476,0.7324695121951219
197,17,40,6,10,0.7808219178082192,0.749597423510467,0.8695652173913043,0.6296296296296297,0.8333333333333334,0.6296296296296297,0.8695652173913043,0.68,0.7566666666666667,0.8164251207729468
198,17,46,5,5,0.863013698630137,0.8373440285204992,0.9019607843137255,0.7727272727272727,0.9019607843137255,0.7727272727272727,0.9019607843137255,0.7727272727272727,0.8373440285204992,0.9099821746880571
199,20,36,10,7,0.7671232876712328,0.7616747181964574,0.782608695652174,0.7407407407407407,0.8089887640449438,0.7407407407407407,0.782608695652174,0.7017543859649122,0.755371575004928,0.8486312399355878
200,20,38,8,7,0.7945205479452054,0.7834138486312399,0.8260869565217391,0.7407407407407407,0.8351648351648352,0.7407407407407407,0.8260869565217391,0.7272727272727273,0.7812187812187812,0.8196457326892108
201,21,33,12,7,0.7397260273972602,0.7416666666666667,0.7333333333333333,0.75,0.7764705882352941,0.75,0.7333333333333333,0.6885245901639344,0.7324975891996143,0.8198412698412699
202,20,29,15,9,0.6712328767123288,0.6743730407523512,0.6590909090909091,0.6896551724137931,0.7073170731707317,0.6896551724137931,0.6590909090909091,0.625,0.6661585365853658,0.7782131661442006
203,23,38,8,4,0.8356164383561644,0.8389694041867954,0.8260869565217391,0.8518518518518519,0.8636363636363636,0.8518518518518519,0.8260869565217391,0.7931034482758621,0.8283699059561129,0.8615136876006442
204,19,39,11,4,0.7945205479452054,0.8030434782608695,0.78,0.8260869565217391,0.8387096774193549,0.8260869565217391,0.78,0.7169811320754716,0.7778454047474133,0.9034782608695652
205,21,36,10,6,0.7808219178082192,0.7801932367149759,0.782608695652174,0.7777777777777778,0.8181818181818182,0.7777777777777778,0.782608695652174,0.7241379310344828,0.7711598746081505,0.8776167471819645
206,19,32,10,12,0.6986301369863014,0.6874039938556067,0.7619047619047619,0.6129032258064516,0.7441860465116279,0.6129032258064516,0.7619047619047619,0.6333333333333333,0.6887596899224806,0.7780337941628264
207,23,30,11,9,0.726027397260274,0.7252286585365854,0.7317073170731707,0.71875,0.75,0.71875,0.7317073170731707,0.696969696969697,0.7234848484848485,0.8513719512195121
208,18,41,9,5,0.8082191780821918,0.801304347826087,0.82,0.782608695652174,0.8541666666666666,0.782608695652174,0.82,0.72,0.7870833333333334,0.8756521739130434
209,16,37,9,11,0.726027397260274,0.6984702093397746,0.8043478260869565,0.5925925925925926,0.7872340425531915,0.5925925925925926,0.8043478260869565,0.6153846153846154,0.7013093289689034,0.7938808373590982
210,22,37,7,7,0.8082191780821918,0.7997648902821317,0.8409090909090909,0.7586206896551724,0.8409090909090909,0.7586206896551724,0.8409090909090909,0.7586206896551724,0.7997648902821317,0.8644200626959248
211,21,41,8,3,0.8493150684931506,0.8558673469387755,0.8367346938775511,0.875,0.8817204301075269,0.875,0.8367346938775511,0.7924528301886793,0.837086630148103,0.9081632653061225
212,21,36,11,5,0.7808219178082192,0.7868248772504092,0.7659574468085106,0.8076923076923077,0.8181818181818182,0.8076923076923077,0.7659574468085106,0.7241379310344828,0.7711598746081505,0.8723404255319148
213,16,38,10,9,0.7397260273972602,0.7158333333333333,0.7916666666666666,0.64,0.8,0.64,0.7916666666666666,0.6274509803921569,0.7137254901960784,0.7908333333333334
214,20,35,10,8,0.7534246575342466,0.746031746031746,0.7777777777777778,0.7142857142857143,0.7954545454545454,0.7142857142857143,0.7777777777777778,0.6896551724137931,0.7425548589341693,0.8253968253968255
215,17,39,6,11,0.7671232876712328,0.736904761904762,0.8666666666666667,0.6071428571428571,0.8210526315789474,0.6071428571428571,0.8666666666666667,0.6666666666666666,0.743859649122807,0.8595238095238096
216,20,33,14,6,0.726027397260274,0.7356792144026187,0.7021276595744681,0.7692307692307693,0.7674418604651163,0.7692307692307693,0.7021276595744681,0.6666666666666666,0.7170542635658914,0.8216039279869067
217,17,35,13,8,0.7123287671232876,0.7045833333333333,0.7291666666666666,0.68,0.7692307692307693,0.68,0.7291666666666666,0.6181818181818182,0.6937062937062937,0.7116666666666667
218,22,37,9,5,0.8082191780821918,0.8095813204508857,0.8043478260869565,0.8148148148148148,0.8409090909090909,0.8148148148148148,0.8043478260869565,0.7586206896551724,0.7997648902821317,0.8856682769726248
219,21,41,7,4,0.8493150684931506,0.8470833333333333,0.8541666666666666,0.84,0.8817204301075269,0.84,0.8541666666666666,0.7924528301886793,0.837086630148103,0.8466666666666667
220,17,35,14,7,0.7123287671232876,0.7113095238095238,0.7142857142857143,0.7083333333333334,0.7692307692307693,0.7083333333333334,0.7142857142857143,0.6181818181818182,0.6937062937062937,0.7916666666666666
221,19,37,7,10,0.7671232876712328,0.7480407523510972,0.8409090909090909,0.6551724137931034,0.8131868131868132,0.6551724137931034,0.8409090909090909,0.6909090909090909,0.752047952047952,0.7915360501567397
222,6,46,12,9,0.7123287671232876,0.596551724137931,0.7931034482758621,0.4,0.8141592920353983,0.4,0.7931034482758621,0.36363636363636365,0.588897827835881,0.728735632183908
223,23,34,10,6,0.7808219178082192,0.7829153605015674,0.7727272727272727,0.7931034482758621,0.8095238095238095,0.7931034482758621,0.7727272727272727,0.7419354838709677,0.7757296466973886,0.8746081504702194
224,20,36,9,8,0.7671232876712328,0.7571428571428571,0.8,0.7142857142857143,0.8089887640449438,0.7142857142857143,0.8,0.7017543859649122,0.755371575004928,0.853968253968254
225,21,30,15,7,0.6986301369863014,0.7083333333333333,0.6666666666666666,0.75,0.7317073170731707,0.75,0.6666666666666666,0.65625,0.6939786585365854,0.8365079365079365
226,24,34,7,8,0.7945205479452054,0.7896341463414633,0.8292682926829268,0.75,0.8192771084337349,0.75,0.8292682926829268,0.7619047619047619,0.7905909351692484,0.8292682926829268
227,20,30,14,9,0.684931506849315,0.6857366771159874,0.6818181818181818,0.6896551724137931,0.7228915662650602,0.6896551724137931,0.6818181818181818,0.6349206349206349,0.6789061005928476,0.7931034482758621
228,16,42,5,10,0.7945205479452054,0.7545008183306056,0.8936170212765957,0.6153846153846154,0.8484848484848485,0.6153846153846154,0.8936170212765957,0.6808510638297872,0.7646679561573179,0.8175122749590835
229,20,38,9,6,0.7945205479452054,0.7888707037643208,0.8085106382978723,0.7692307692307693,0.8351648351648352,0.7692307692307693,0.8085106382978723,0.7272727272727273,0.7812187812187812,0.876432078559738
230,20,38,10,5,0.7945205479452054,0.7958333333333334,0.7916666666666666,0.8,0.8351648351648352,0.8,0.7916666666666666,0.7272727272727273,0.7812187812187812,0.8500000000000001
231,28,25,14,6,0.726027397260274,0.7322775263951735,0.6410256410256411,0.8235294117647058,0.7142857142857143,0.8235294117647058,0.6410256410256411,0.7368421052631579,0.7255639097744361,0.8695324283559577
232,24,37,7,5,0.8356164383561644,0.8342476489028213,0.8409090909090909,0.8275862068965517,0.8604651162790697,0.8275862068965517,0.8409090909090909,0.8,0.8302325581395349,0.9200626959247649
233,20,32,9,12,0.7123287671232876,0.7027439024390244,0.7804878048780488,0.625,0.7529411764705882,0.625,0.7804878048780488,0.6557377049180327,0.7043394406943104,0.8079268292682927
234,13,41,11,8,0.7397260273972602,0.7037545787545787,0.7884615384615384,0.6190476190476191,0.8118811881188119,0.6190476190476191,0.7884615384615384,0.5777777777777777,0.6948294829482948,0.7994505494505495
235,23,32,8,10,0.7534246575342466,0.7484848484848485,0.8,0.696969696969697,0.7804878048780488,0.696969696969697,0.8,0.71875,0.7496189024390244,0.8583333333333333
236,17,39,11,6,0.7671232876712328,0.7595652173913043,0.78,0.7391304347826086,0.8210526315789474,0.7391304347826086,0.78,0.6666666666666666,0.743859649122807,0.8704347826086958
237,18,35,14,6,0.726027397260274,0.7321428571428572,0.7142857142857143,0.75,0.7777777777777778,0.75,0.7142857142857143,0.6428571428571429,0.7103174603174603,0.8707482993197279
238,16,37,9,11,0.726027397260274,0.6984702093397746,0.8043478260869565,0.5925925925925926,0.7872340425531915,0.5925925925925926,0.8043478260869565,0.6153846153846154,0.7013093289689034,0.8180354267310789
239,19,39,10,5,0.7945205479452054,0.7937925170068028,0.7959183673469388,0.7916666666666666,0.8387096774193549,0.7916666666666666,0.7959183673469388,0.7169811320754716,0.7778454047474133,0.8622448979591837
240,21,37,9,6,0.7945205479452054,0.7910628019323671,0.8043478260869565,0.7777777777777778,0.8314606741573034,0.7777777777777778,0.8043478260869565,0.7368421052631579,0.7841513897102306,0.8526570048309178
241,22,40,8,3,0.8493150684931506,0.8566666666666667,0.8333333333333334,0.88,0.8791208791208791,0.88,0.8333333333333334,0.8,0.8395604395604396,0.9550000000000001
242,14,45,8,6,0.8082191780821918,0.7745283018867924,0.8490566037735849,0.7,0.8653846153846154,0.7,0.8490566037735849,0.6666666666666666,0.766025641025641,0.8301886792452831
243,27,31,7,8,0.7945205479452054,0.793609022556391,0.8157894736842105,0.7714285714285715,0.8051948051948052,0.7714285714285715,0.8157894736842105,0.782608695652174,0.7939017504234895,0.8646616541353384
244,24,34,9,6,0.7945205479452054,0.7953488372093023,0.7906976744186046,0.8,0.8192771084337349,0.8,0.7906976744186046,0.7619047619047619,0.7905909351692484,0.8713178294573645
245,12,41,9,11,0.726027397260274,0.6708695652173913,0.82,0.5217391304347826,0.803921568627451,0.5217391304347826,0.82,0.5454545454545454,0.6746880570409982,0.7808695652173914
246,22,30,11,10,0.7123287671232876,0.7096036585365854,0.7317073170731707,0.6875,0.7407407407407407,0.6875,0.7317073170731707,0.676923076923077,0.7088319088319088,0.8254573170731707
247,17,35,12,9,0.7123287671232876,0.6992635024549918,0.7446808510638298,0.6538461538461539,0.7692307692307693,0.6538461538461539,0.7446808510638298,0.6181818181818182,0.6937062937062937,0.8183306055646481
248,18,42,5,8,0.821917808219178,0.792962356792144,0.8936170212765957,0.6923076923076923,0.865979381443299,0.6923076923076923,0.8936170212765957,0.7346938775510204,0.8003366294971597,0.8338788870703765
249,23,32,12,6,0.7534246575342466,0.7601880877742947,0.7272727272727273,0.7931034482758621,0.7804878048780488,0.7931034482758621,0.7272727272727273,0.71875,0.7496189024390244,0.8785266457680251
250,14,42,10,7,0.7671232876712328,0.7371794871794872,0.8076923076923077,0.6666666666666666,0.8316831683168316,0.6666666666666666,0.8076923076923077,0.6222222222222222,0.7269526952695269,0.8406593406593407
251,16,43,7,7,0.8082191780821918,0.7778260869565217,0.86,0.6956521739130435,0.86,0.6956521739130435,0.86,0.6956521739130435,0.7778260869565217,0.8739130434782608
252,20,31,14,8,0.6986301369863014,0.7015873015873015,0.6888888888888889,0.7142857142857143,0.7380952380952381,0.7142857142857143,0.6888888888888889,0.6451612903225806,0.6916282642089093,0.7976190476190476
253,16,40,10,7,0.7671232876712328,0.7478260869565218,0.8,0.6956521739130435,0.8247422680412371,0.6956521739130435,0.8,0.6530612244897959,0.7389017462655165,0.7904347826086955
254,19,36,9,9,0.7534246575342466,0.7392857142857143,0.8,0.6785714285714286,0.8,0.6785714285714286,0.8,0.6785714285714286,0.7392857142857143,0.8373015873015873
255,24,40,8,1,0.8767123287671232,0.8966666666666667,0.8333333333333334,0.96,0.898876404494382,0.96,0.8333333333333334,0.8421052631578947,0.8704908338261383,0.9699999999999999
256,22,37,10,4,0.8082191780821918,0.8166939443535188,0.7872340425531915,0.8461538461538461,0.8409090909090909,0.8461538461538461,0.7872340425531915,0.7586206896551724,0.7997648902821317,0.9018003273322422
257,28,29,7,9,0.7808219178082192,0.7811561561561562,0.8055555555555556,0.7567567567567568,0.7837837837837838,0.7567567567567568,0.8055555555555556,0.7777777777777778,0.7807807807807807,0.8776276276276277
258,16,34,14,9,0.684931506849315,0.6741666666666667,0.7083333333333334,0.64,0.7472527472527473,0.64,0.7083333333333334,0.5818181818181818,0.6645354645354645,0.76
259,21,32,13,7,0.726027397260274,0.7305555555555556,0.7111111111111111,0.75,0.7619047619047619,0.75,0.7111111111111111,0.6774193548387096,0.7196620583717357,0.8095238095238095
260,16,33,18,6,0.6712328767123288,0.6871657754010696,0.6470588235294118,0.7272727272727273,0.7333333333333333,0.7272727272727273,0.6470588235294118,0.5714285714285714,0.6523809523809523,0.7834224598930482
261,18,38,11,6,0.7671232876712328,0.7627551020408163,0.7755102040816326,0.75,0.8172043010752689,0.75,0.7755102040816326,0.6792452830188679,0.7482247920470684,0.8750000000000001
262,21,34,8,10,0.7534246575342466,0.7434715821812596,0.8095238095238095,0.6774193548387096,0.7906976744186046,0.6774193548387096,0.8095238095238095,0.7,0.7453488372093022,0.8717357910906298
263,13,42,8,10,0.7534246575342466,0.7026086956521739,0.84,0.5652173913043478,0.8235294117647058,0.5652173913043478,0.84,0.5909090909090909,0.7072192513368984,0.7921739130434782
264,19,29,13,12,0.6575342465753424,0.6516897081413211,0.6904761904761905,0.6129032258064516,0.6987951807228916,0.6129032258064516,0.6904761904761905,0.6031746031746031,0.6509848919487473,0.7626728110599078
265,23,39,5,6,0.8493150684931506,0.8397335423197492,0.8863636363636364,0.7931034482758621,0.8764044943820225,0.7931034482758621,0.8863636363636364,0.8070175438596491,0.8417110191208358,0.8996865203761756
266,18,41,7,7,0.8082191780821918,0.7870833333333334,0.8541666666666666,0.72,0.8541666666666666,0.72,0.8541666666666666,0.72,0.7870833333333334,0.8358333333333333
267,21,39,9,4,0.821917808219178,0.8262499999999999,0.8125,0.84,0.8571428571428571,0.84,0.8125,0.7636363636363637,0.8103896103896104,0.8749999999999999
268,16,37,8,12,0.726027397260274,0.6968253968253968,0.8222222222222222,0.5714285714285714,0.7872340425531915,0.5714285714285714,0.8222222222222222,0.6153846153846154,0.7013093289689034,0.7777777777777778
269,19,38,7,9,0.7808219178082192,0.7615079365079365,0.8444444444444444,0.6785714285714286,0.8260869565217391,0.6785714285714286,0.8444444444444444,0.7037037037037037,0.7648953301127215,0.8325396825396825
270,20,31,17,5,0.6986301369863014,0.7229166666666667,0.6458333333333334,0.8,0.7380952380952381,0.8,0.6458333333333334,0.6451612903225806,0.6916282642089093,0.7758333333333334
271,15,42,9,7,0.7808219178082192,0.7526737967914439,0.8235294117647058,0.6818181818181818,0.84,0.6818181818181818,0.8235294117647058,0.6521739130434783,0.7460869565217392,0.7950089126559714
272,21,31,13,8,0.7123287671232876,0.7143416927899686,0.7045454545454546,0.7241379310344828,0.7469879518072289,0.7241379310344828,0.7045454545454546,0.6666666666666666,0.7068273092369477,0.774294670846395
273,21,34,9,9,0.7534246575342466,0.7453488372093022,0.7906976744186046,0.7,0.7906976744186046,0.7,0.7906976744186046,0.7,0.7453488372093022,0.8224806201550388
274,16,33,14,10,0.6712328767123288,0.6587561374795418,0.7021276595744681,0.6153846153846154,0.7333333333333333,0.6153846153846154,0.7021276595744681,0.5714285714285714,0.6523809523809523,0.7806873977086743
275,16,41,6,10,0.7808219178082192,0.7438625204582652,0.8723404255319149,0.6153846153846154,0.8367346938775511,0.6153846153846154,0.8723404255319149,0.6666666666666666,0.7517006802721089,0.7888707037643208
276,17,39,9,8,0.7671232876712328,0.7462500000000001,0.8125,0.68,0.8210526315789474,0.68,0.8125,0.6666666666666666,0.743859649122807,0.85
277,17,43,9,4,0.821917808219178,0.8182234432234432,0.8269230769230769,0.8095238095238095,0.8686868686868687,0.8095238095238095,0.8269230769230769,0.723404255319149,0.7960455620030089,0.923992673992674
278,22,36,10,5,0.7945205479452054,0.7987117552334944,0.782608695652174,0.8148148148148148,0.8275862068965517,0.8148148148148148,0.782608695652174,0.7457627118644068,0.7866744593804793,0.8534621578099838
279,13,42,8,10,0.7534246575342466,0.7026086956521739,0.84,0.5652173913043478,0.8235294117647058,0.5652173913043478,0.84,0.5909090909090909,0.7072192513368984,0.7417391304347826
280,17,38,9,9,0.7534246575342466,0.7311783960720131,0.8085106382978723,0.6538461538461539,0.8085106382978723,0.6538461538461539,0.8085106382978723,0.6538461538461539,0.7311783960720131,0.8592471358428805
281,16,44,7,6,0.821917808219178,0.7950089126559715,0.8627450980392157,0.7272727272727273,0.8712871287128713,0.7272727272727273,0.8627450980392157,0.7111111111111111,0.7911991199119912,0.8235294117647058
282,14,43,8,8,0.7808219178082192,0.7397504456327986,0.8431372549019608,0.6363636363636364,0.8431372549019608,0.6363636363636364,0.8431372549019608,0.6363636363636364,0.7397504456327986,0.7798573975044564
283,23,37,5,8,0.821917808219178,0.8114439324116743,0.8809523809523809,0.7419354838709677,0.8505747126436781,0.7419354838709677,0.8809523809523809,0.7796610169491526,0.8151178647964153,0.9132104454685099
284,23,32,10,8,0.7534246575342466,0.7519201228878648,0.7619047619047619,0.7419354838709677,0.7804878048780488,0.7419354838709677,0.7619047619047619,0.71875,0.7496189024390244,0.836405529953917
285,18,33,15,7,0.6986301369863014,0.70375,0.6875,0.72,0.75,0.72,0.6875,0.6206896551724138,0.6853448275862069,0.8425
286,16,34,12,11,0.684931506849315,0.6658615136876006,0.7391304347826086,0.5925925925925926,0.7472527472527473,0.5925925925925926,0.7391304347826086,0.5818181818181818,0.6645354645354645,0.7310789049919485
287,19,38,13,3,0.7808219178082192,0.804367201426025,0.7450980392156863,0.8636363636363636,0.8260869565217391,0.8636363636363636,0.7450980392156863,0.7037037037037037,0.7648953301127215,0.9242424242424243
288,19,42,7,5,0.8356164383561644,0.8244047619047619,0.8571428571428571,0.7916666666666666,0.875,0.7916666666666666,0.8571428571428571,0.76,0.8175,0.8571428571428572
289,14,41,12,6,0.7534246575342466,0.7367924528301887,0.7735849056603774,0.7,0.82,0.7,0.7735849056603774,0.6086956521739131,0.7143478260869565,0.8433962264150943
290,17,43,9,4,0.821917808219178,0.8182234432234432,0.8269230769230769,0.8095238095238095,0.8686868686868687,0.8095238095238095,0.8269230769230769,0.723404255319149,0.7960455620030089,0.8983516483516484
291,25,35,6,7,0.821917808219178,0.8174542682926829,0.8536585365853658,0.78125,0.8433734939759037,0.78125,0.8536585365853658,0.7936507936507936,0.8185121438133487,0.9032012195121952
292,21,34,10,8,0.7534246575342466,0.7484326018808778,0.7727272727272727,0.7241379310344828,0.7906976744186046,0.7241379310344828,0.7727272727272727,0.7,0.7453488372093022,0.8322884012539186
293,18,40,9,6,0.7945205479452054,0.7831632653061225,0.8163265306122449,0.75,0.8421052631578947,0.75,0.8163265306122449,0.7058823529411765,0.7739938080495357,0.8171768707482994
294,27,32,5,9,0.8082191780821918,0.8074324324324325,0.8648648648648649,0.75,0.8205128205128205,0.75,0.8648648648648649,0.7941176470588235,0.807315233785822,0.8588588588588589
295,19,33,9,12,0.7123287671232876,0.6993087557603687,0.7857142857142857,0.6129032258064516,0.7586206896551724,0.6129032258064516,0.7857142857142857,0.6440677966101694,0.7013442431326709,0.847926267281106
296,11,35,15,12,0.6301369863013698,0.5891304347826087,0.7,0.4782608695652174,0.7216494845360825,0.4782608695652174,0.7,0.4489795918367347,0.5853145381864086,0.6643478260869565
297,19,38,8,8,0.7808219178082192,0.7648953301127215,0.8260869565217391,0.7037037037037037,0.8260869565217391,0.7037037037037037,0.8260869565217391,0.7037037037037037,0.7648953301127215,0.8115942028985507
298,12,47,9,5,0.8082191780821918,0.7725840336134454,0.8392857142857143,0.7058823529411765,0.8703703703703703,0.7058823529411765,0.8392857142857143,0.631578947368421,0.7509746588693957,0.8665966386554622
299,20,37,11,5,0.7808219178082192,0.7854166666666667,0.7708333333333334,0.8,0.8222222222222222,0.8,0.7708333333333334,0.7142857142857143,0.7682539682539682,0.9058333333333334
300,15,35,12,11,0.684931506849315,0.6608019639934533,0.7446808510638298,0.5769230769230769,0.7526881720430108,0.5769230769230769,0.7446808510638298,0.5660377358490566,0.6593629539460337,0.7176759410801964
301,12,42,13,6,0.7397260273972602,0.7151515151515151,0.7636363636363637,0.6666666666666666,0.8155339805825242,0.6666666666666666,0.7636363636363637,0.5581395348837209,0.6868367577331226,0.8131313131313131
302,14,36,14,9,0.684931506849315,0.6643478260869565,0.72,0.6086956521739131,0.7578947368421053,0.6086956521739131,0.72,0.5490196078431373,0.6534571723426212,0.7852173913043479
303,18,45,8,2,0.863013698630137,0.8745283018867924,0.8490566037735849,0.9,0.9,0.9,0.8490566037735849,0.782608695652174,0.841304347826087,0.9283018867924527
304,24,30,8,11,0.7397260273972602,0.737593984962406,0.7894736842105263,0.6857142857142857,0.759493670886076,0.6857142857142857,0.7894736842105263,0.7164179104477612,0.7379557906669185,0.7909774436090226
305,20,38,8,7,0.7945205479452054,0.7834138486312399,0.8260869565217391,0.7407407407407407,0.8351648351648352,0.7407407407407407,0.8260869565217391,0.7272727272727273,0.7812187812187812,0.8864734299516908
306,18,40,10,5,0.7945205479452054,0.791304347826087,0.8,0.782608695652174,0.8421052631578947,0.782608695652174,0.8,0.7058823529411765,0.7739938080495357,0.8452173913043479
307,18,31,17,7,0.6712328767123288,0.6829166666666666,0.6458333333333334,0.72,0.7209302325581395,0.72,0.6458333333333334,0.6,0.6604651162790698,0.7591666666666667
308,12,39,12,10,0.6986301369863014,0.6550802139037433,0.7647058823529411,0.5454545454545454,0.78,0.5454545454545454,0.7647058823529411,0.5217391304347826,0.6508695652173913,0.7727272727272727
309,17,42,10,4,0.8082191780821918,0.8086080586080586,0.8076923076923077,0.8095238095238095,0.8571428571428571,0.8095238095238095,0.8076923076923077,0.7083333333333334,0.7827380952380952,0.9038461538461539
310,21,36,11,5,0.7808219178082192,0.7868248772504092,0.7659574468085106,0.8076923076923077,0.8181818181818182,0.8076923076923077,0.7659574468085106,0.7241379310344828,0.7711598746081505,0.8657937806873977
311,20,39,11,3,0.8082191780821918,0.8247826086956522,0.78,0.8695652173913043,0.8478260869565217,0.8695652173913043,0.78,0.7407407407407407,0.7942834138486312,0.8999999999999999
312,16,42,8,7,0.7945205479452054,0.7678260869565217,0.84,0.6956521739130435,0.8484848484848485,0.6956521739130435,0.84,0.6808510638297872,0.7646679561573179,0.8182608695652173
313,17,35,10,11,0.7123287671232876,0.6924603174603174,0.7777777777777778,0.6071428571428571,0.7692307692307693,0.6071428571428571,0.7777777777777778,0.6181818181818182,0.6937062937062937,0.78015873015873
314,18,43,8,4,0.8356164383561644,0.8306595365418895,0.8431372549019608,0.8181818181818182,0.8775510204081632,0.8181818181818182,0.8431372549019608,0.75,0.8137755102040816,0.8698752228163993
315,19,39,5,10,0.7945205479452054,0.77076802507837,0.8863636363636364,0.6551724137931034,0.8387096774193549,0.6551724137931034,0.8863636363636364,0.7169811320754716,0.7778454047474133,0.8746081504702194
316,19,43,6,5,0.8493150684931506,0.8346088435374149,0.8775510204081632,0.7916666666666666,0.8865979381443299,0.7916666666666666,0.8775510204081632,0.7755102040816326,0.8310540711129812,0.9319727891156463
317,12,44,11,6,0.7671232876712328,0.7333333333333334,0.8,0.6666666666666666,0.8380952380952381,0.6666666666666666,0.8,0.5853658536585366,0.7117305458768873,0.7737373737373737
318,17,37,12,7,0.7397260273972602,0.7317176870748299,0.7551020408163265,0.7083333333333334,0.7956989247311828,0.7083333333333334,0.7551020408163265,0.6415094339622641,0.7186041793467235,0.8316326530612245
319,20,32,16,5,0.7123287671232876,0.7333333333333334,0.6666666666666666,0.8,0.7529411764705882,0.8,0.6666666666666666,0.6557377049180327,0.7043394406943104,0.7766666666666666
320,19,37,16,1,0.7671232876712328,0.8240566037735848,0.6981132075471698,0.95,0.8131868131868132,0.95,0.6981132075471698,0.6909090909090909,0.752047952047952,0.9367924528301886
321,25,32,11,5,0.7808219178082192,0.7887596899224807,0.7441860465116279,0.8333333333333334,0.8,0.8333333333333334,0.7441860465116279,0.7575757575757576,0.7787878787878788,0.8992248062015505
322,12,38,10,13,0.684931506849315,0.6358333333333333,0.7916666666666666,0.48,0.7676767676767676,0.48,0.7916666666666666,0.5106382978723404,0.639157532774554,0.6691666666666667
323,19,41,7,6,0.821917808219178,0.8070833333333334,0.8541666666666666,0.76,0.8631578947368421,0.76,0.8541666666666666,0.7450980392156863,0.8041279669762642,0.8183333333333334
324,20,38,8,7,0.7945205479452054,0.7834138486312399,0.8260869565217391,0.7407407407407407,0.8351648351648352,0.7407407407407407,0.8260869565217391,0.7272727272727273,0.7812187812187812,0.8985507246376812
325,21,30,15,7,0.6986301369863014,0.7083333333333333,0.6666666666666666,0.75,0.7317073170731707,0.75,0.6666666666666666,0.65625,0.6939786585365854,0.819047619047619
326,23,30,13,7,0.726027397260274,0.732170542635659,0.6976744186046512,0.7666666666666667,0.75,0.7666666666666667,0.6976744186046512,0.696969696969697,0.7234848484848485,0.8348837209302326
327,17,40,5,11,0.7808219178082192,0.748015873015873,0.8888888888888888,0.6071428571428571,0.8333333333333334,0.6071428571428571,0.8888888888888888,0.68,0.7566666666666667,0.7380952380952384
328,19,31,14,9,0.684931506849315,0.6837301587301587,0.6888888888888889,0.6785714285714286,0.7294117647058823,0.6785714285714286,0.6888888888888889,0.6229508196721312,0.6761812921890067,0.7952380952380953
329,16,47,5,5,0.863013698630137,0.8328754578754578,0.9038461538461539,0.7619047619047619,0.9038461538461539,0.7619047619047619,0.9038461538461539,0.7619047619047619,0.8328754578754578,0.9304029304029304
330,18,39,7,9,0.7808219178082192,0.7572463768115942,0.8478260869565217,0.6666666666666666,0.8297872340425532,0.6666666666666666,0.8478260869565217,0.6923076923076923,0.7610474631751227,0.8534621578099839
331,20,38,5,10,0.7945205479452054,0.7751937984496124,0.8837209302325582,0.6666666666666666,0.8351648351648352,0.6666666666666666,0.8837209302325582,0.7272727272727273,0.7812187812187812,0.8271317829457363
332,26,31,10,6,0.7808219178082192,0.7842987804878049,0.7560975609756098,0.8125,0.7948717948717948,0.8125,0.7560975609756098,0.7647058823529411,0.7797888386123679,0.8605182926829268
333,21,40,8,4,0.8356164383561644,0.8366666666666667,0.8333333333333334,0.84,0.8695652173913043,0.84,0.8333333333333334,0.7777777777777778,0.8236714975845411,0.9633333333333334
334,16,41,9,7,0.7808219178082192,0.7578260869565216,0.82,0.6956521739130435,0.8367346938775511,0.6956521739130435,0.82,0.6666666666666666,0.7517006802721089,0.8834782608695653
335,13,42,11,7,0.7534246575342466,0.7212264150943397,0.7924528301886793,0.65,0.8235294117647058,0.65,0.7924528301886793,0.5909090909090909,0.7072192513368984,0.8443396226415094
336,20,29,16,8,0.6712328767123288,0.6793650793650794,0.6444444444444445,0.7142857142857143,0.7073170731707317,0.7142857142857143,0.6444444444444445,0.625,0.6661585365853658,0.7976190476190476
337,18,38,5,12,0.7671232876712328,0.741860465116279,0.8837209302325582,0.6,0.8172043010752689,0.6,0.8837209302325582,0.6792452830188679,0.7482247920470684,0.8170542635658914
338,11,44,8,10,0.7534246575342466,0.684981684981685,0.8461538461538461,0.5238095238095238,0.8301886792452831,0.5238095238095238,0.8461538461538461,0.55,0.6900943396226416,0.7490842490842491
339,19,41,6,7,0.821917808219178,0.8015548281505729,0.8723404255319149,0.7307692307692307,0.8631578947368421,0.7307692307692307,0.8723404255319149,0.7450980392156863,0.8041279669762642,0.8502454991816695
340,14,43,9,7,0.7808219178082192,0.7467948717948718,0.8269230769230769,0.6666666666666666,0.8431372549019608,0.6666666666666666,0.8269230769230769,0.6363636363636364,0.7397504456327986,0.8543956043956044
341,15,41,11,6,0.7671232876712328,0.7513736263736264,0.7884615384615384,0.7142857142857143,0.8282828282828283,0.7142857142857143,0.7884615384615384,0.6382978723404256,0.7332903503116269,0.8351648351648352
342,12,36,16,9,0.6575342465753424,0.6318681318681318,0.6923076923076923,0.5714285714285714,0.7422680412371134,0.5714285714285714,0.6923076923076923,0.4897959183673469,0.6160319798022302,0.7628205128205128
343,14,37,15,7,0.6986301369863014,0.6891025641025641,0.7115384615384616,0.6666666666666666,0.7708333333333334,0.6666666666666666,0.7115384615384616,0.56,0.6654166666666668,0.7893772893772893
344,17,37,12,7,0.7397260273972602,0.7317176870748299,0.7551020408163265,0.7083333333333334,0.7956989247311828,0.7083333333333334,0.7551020408163265,0.6415094339622641,0.7186041793467235,0.7874149659863945
345,20,36,12,5,0.7671232876712328,0.775,0.75,0.8,0.8089887640449438,0.8,0.75,0.7017543859649122,0.755371575004928,0.8674999999999999
346,24,34,5,10,0.7945205479452054,0.7888386123680242,0.8717948717948718,0.7058823529411765,0.8192771084337349,0.7058823529411765,0.8717948717948718,0.7619047619047619,0.7905909351692484,0.8733031674208145
347,15,44,7,7,0.8082191780821918,0.7722816399286987,0.8627450980392157,0.6818181818181818,0.8627450980392157,0.6818181818181818,0.8627450980392157,0.6818181818181818,0.7722816399286987,0.8155080213903744
348,12,52,4,5,0.8767123287671232,0.8172268907563025,0.9285714285714286,0.7058823529411765,0.9203539823008849,0.7058823529411765,0.9285714285714286,0.7272727272727273,0.8238133547868061,0.8592436974789915
349,25,30,12,6,0.7534246575342466,0.76036866359447,0.7142857142857143,0.8064516129032258,0.7692307692307693,0.8064516129032258,0.7142857142857143,0.7352941176470589,0.752262443438914,0.8648233486943164
350,27,35,6,5,0.8493150684931506,0.8487042682926829,0.8536585365853658,0.84375,0.8641975308641975,0.84375,0.8536585365853658,0.8307692307692308,0.8474833808167141,0.9375
351,22,35,10,6,0.7808219178082192,0.7817460317460317,0.7777777777777778,0.7857142857142857,0.813953488372093,0.7857142857142857,0.7777777777777778,0.7333333333333333,0.7736434108527132,0.8976190476190476
352,20,38,9,6,0.7945205479452054,0.7888707037643208,0.8085106382978723,0.7692307692307693,0.8351648351648352,0.7692307692307693,0.8085106382978723,0.7272727272727273,0.7812187812187812,0.8518821603927987
353,20,39,10,4,0.8082191780821918,0.814625850340136,0.7959183673469388,0.8333333333333334,0.8478260869565217,0.8333333333333334,0.7959183673469388,0.7407407407407407,0.7942834138486312,0.870748299319728
354,15,43,7,8,0.7945205479452054,0.7560869565217392,0.86,0.6521739130434783,0.8514851485148515,0.6521739130434783,0.86,0.6666666666666666,0.759075907590759,0.8382608695652174
355,25,33,8,7,0.7945205479452054,0.7930640243902439,0.8048780487804879,0.78125,0.8148148148148148,0.78125,0.8048780487804879,0.7692307692307693,0.792022792022792,0.8765243902439025
356,17,41,8,7,0.7945205479452054,0.7725340136054422,0.8367346938775511,0.7083333333333334,0.845360824742268,0.7083333333333334,0.8367346938775511,0.6938775510204082,0.7696191878813381,0.8835034013605443
357,23,38,4,8,0.8356164383561644,0.8233486943164363,0.9047619047619048,0.7419354838709677,0.8636363636363636,0.7419354838709677,0.9047619047619048,0.7931034482758621,0.8283699059561129,0.8479262672811061
358,18,37,8,10,0.7534246575342466,0.7325396825396826,0.8222222222222222,0.6428571428571429,0.8043478260869565,0.6428571428571429,0.8222222222222222,0.6666666666666666,0.7355072463768115,0.826984126984127
359,18,33,12,10,0.6986301369863014,0.6880952380952381,0.7333333333333333,0.6428571428571429,0.75,0.6428571428571429,0.7333333333333333,0.6206896551724138,0.6853448275862069,0.792063492063492
360,19,38,8,8,0.7808219178082192,0.7648953301127215,0.8260869565217391,0.7037037037037037,0.8260869565217391,0.7037037037037037,0.8260869565217391,0.7037037037037037,0.7648953301127215,0.8019323671497584
361,16,44,8,5,0.821917808219178,0.8040293040293041,0.8461538461538461,0.7619047619047619,0.8712871287128713,0.7619047619047619,0.8461538461538461,0.7111111111111111,0.7911991199119912,0.8901098901098902
362,14,42,11,6,0.7671232876712328,0.7462264150943396,0.7924528301886793,0.7,0.8316831683168316,0.7,0.7924528301886793,0.6222222222222222,0.7269526952695269,0.8301886792452831
363,25,33,9,6,0.7945205479452054,0.7960829493087558,0.7857142857142857,0.8064516129032258,0.8148148148148148,0.8064516129032258,0.7857142857142857,0.7692307692307693,0.792022792022792,0.8824884792626727
364,12,41,8,12,0.726027397260274,0.6683673469387755,0.8367346938775511,0.5,0.803921568627451,0.5,0.8367346938775511,0.5454545454545454,0.6746880570409982,0.7457482993197279
365,17,38,8,10,0.7534246575342466,0.7278582930756844,0.8260869565217391,0.6296296296296297,0.8085106382978723,0.6296296296296297,0.8260869565217391,0.6538461538461539,0.7311783960720131,0.8373590982286634
366,19,39,9,6,0.7945205479452054,0.78625,0.8125,0.76,0.8387096774193549,0.76,0.8125,0.7169811320754716,0.7778454047474133,0.8783333333333334
367,16,44,8,5,0.821917808219178,0.8040293040293041,0.8461538461538461,0.7619047619047619,0.8712871287128713,0.7619047619047619,0.8461538461538461,0.7111111111111111,0.7911991199119912,0.8598901098901099
368,22,29,11,11,0.6986301369863014,0.6958333333333333,0.725,0.6666666666666666,0.725,0.6666666666666666,0.725,0.6666666666666666,0.6958333333333333,0.853030303030303
369,16,36,11,10,0.7123287671232876,0.690671031096563,0.7659574468085106,0.6153846153846154,0.7741935483870968,0.6153846153846154,0.7659574468085106,0.6037735849056604,0.6889835666463786,0.7471358428805238
370,20,44,5,4,0.8767123287671232,0.8656462585034014,0.8979591836734694,0.8333333333333334,0.9072164948453608,0.8333333333333334,0.8979591836734694,0.8163265306122449,0.8617715127288028,0.9226190476190476
371,19,42,7,5,0.8356164383561644,0.8244047619047619,0.8571428571428571,0.7916666666666666,0.875,0.7916666666666666,0.8571428571428571,0.76,0.8175,0.886904761904762
372,20,38,7,8,0.7945205479452054,0.7793650793650794,0.8444444444444444,0.7142857142857143,0.8351648351648352,0.7142857142857143,0.8444444444444444,0.7272727272727273,0.7812187812187812,0.8642857142857143
373,21,33,12,7,0.7397260273972602,0.7416666666666667,0.7333333333333333,0.75,0.7764705882352941,0.75,0.7333333333333333,0.6885245901639344,0.7324975891996143,0.8492063492063493
374,17,37,9,10,0.7397260273972602,0.7169887278582932,0.8043478260869565,0.6296296296296297,0.7956989247311828,0.6296296296296297,0.8043478260869565,0.6415094339622641,0.7186041793467235,0.782608695652174
375,25,34,5,9,0.8082191780821918,0.8035444947209653,0.8717948717948718,0.7352941176470589,0.8292682926829268,0.7352941176470589,0.8717948717948718,0.78125,0.8052591463414633,0.8333333333333333
376,18,45,5,5,0.863013698630137,0.841304347826087,0.9,0.782608695652174,0.9,0.782608695652174,0.9,0.782608695652174,0.841304347826087,0.9069565217391303
377,25,36,8,4,0.8356164383561644,0.8401253918495297,0.8181818181818182,0.8620689655172413,0.8571428571428571,0.8620689655172413,0.8181818181818182,0.8064516129032258,0.8317972350230414,0.9012539184952978
378,26,31,10,6,0.7808219178082192,0.7842987804878049,0.7560975609756098,0.8125,0.7948717948717948,0.8125,0.7560975609756098,0.7647058823529411,0.7797888386123679,0.8658536585365854
379,22,33,8,10,0.7534246575342466,0.7461890243902439,0.8048780487804879,0.6875,0.7857142857142857,0.6875,0.8048780487804879,0.7096774193548387,0.7476958525345623,0.8048780487804879
380,12,44,11,6,0.7671232876712328,0.7333333333333334,0.8,0.6666666666666666,0.8380952380952381,0.6666666666666666,0.8,0.5853658536585366,0.7117305458768873,0.8090909090909091
381,17,42,8,6,0.8082191780821918,0.7895652173913044,0.84,0.7391304347826086,0.8571428571428571,0.7391304347826086,0.84,0.7083333333333334,0.7827380952380952,0.9095652173913042
382,18,40,10,5,0.7945205479452054,0.791304347826087,0.8,0.782608695652174,0.8421052631578947,0.782608695652174,0.8,0.7058823529411765,0.7739938080495357,0.84
383,21,37,10,5,0.7945205479452054,0.7974631751227497,0.7872340425531915,0.8076923076923077,0.8314606741573034,0.8076923076923077,0.7872340425531915,0.7368421052631579,0.7841513897102306,0.8829787234042553
384,17,44,9,3,0.8356164383561644,0.8400943396226415,0.8301886792452831,0.85,0.88,0.85,0.8301886792452831,0.7391304347826086,0.8095652173913044,0.8905660377358491
385,15,43,9,6,0.7945205479452054,0.7706043956043955,0.8269230769230769,0.7142857142857143,0.8514851485148515,0.7142857142857143,0.8269230769230769,0.6666666666666666,0.759075907590759,0.8534798534798534
386,21,40,6,6,0.8356164383561644,0.8236714975845411,0.8695652173913043,0.7777777777777778,0.8695652173913043,0.7777777777777778,0.8695652173913043,0.7777777777777778,0.8236714975845411,0.8727858293075684
387,23,35,13,2,0.7945205479452054,0.8245833333333333,0.7291666666666666,0.92,0.8235294117647058,0.92,0.7291666666666666,0.7540983606557377,0.7888138862102217,0.9108333333333334
388,21,32,12,8,0.726027397260274,0.7257053291536051,0.7272727272727273,0.7241379310344828,0.7619047619047619,0.7241379310344828,0.7272727272727273,0.6774193548387096,0.7196620583717357,0.8573667711598746
389,13,40,12,8,0.726027397260274,0.6941391941391941,0.7692307692307693,0.6190476190476191,0.8,0.6190476190476191,0.7692307692307693,0.5652173913043478,0.682608695652174,0.8021978021978022
390,12,39,11,11,0.6986301369863014,0.6508695652173913,0.78,0.5217391304347826,0.78,0.5217391304347826,0.78,0.5217391304347826,0.6508695652173913,0.7913043478260869
391,17,41,7,8,0.7945205479452054,0.7670833333333333,0.8541666666666666,0.68,0.845360824742268,0.68,0.8541666666666666,0.6938775510204082,0.7696191878813381,0.8275
392,20,42,6,5,0.8493150684931506,0.8375,0.875,0.8,0.8842105263157894,0.8,0.875,0.7843137254901961,0.8342621259029928,0.8341666666666667
393,22,34,11,6,0.7671232876712328,0.7706349206349206,0.7555555555555555,0.7857142857142857,0.8,0.7857142857142857,0.7555555555555555,0.7213114754098361,0.7606557377049181,0.8658730158730158
394,17,41,11,4,0.7945205479452054,0.798992673992674,0.7884615384615384,0.8095238095238095,0.845360824742268,0.8095238095238095,0.7884615384615384,0.6938775510204082,0.7696191878813381,0.858058608058608
395,15,36,11,11,0.6986301369863014,0.6714402618657938,0.7659574468085106,0.5769230769230769,0.7659574468085106,0.5769230769230769,0.7659574468085106,0.5769230769230769,0.6714402618657938,0.7725040916530278
396,16,40,10,7,0.7671232876712328,0.7478260869565218,0.8,0.6956521739130435,0.8247422680412371,0.6956521739130435,0.8,0.6530612244897959,0.7389017462655165,0.8443478260869565
397,13,41,14,5,0.7397260273972602,0.7338383838383838,0.7454545454545455,0.7222222222222222,0.8118811881188119,0.7222222222222222,0.7454545454545455,0.5777777777777777,0.6948294829482948,0.8444444444444444
398,17,38,8,10,0.7534246575342466,0.7278582930756844,0.8260869565217391,0.6296296296296297,0.8085106382978723,0.6296296296296297,0.8260869565217391,0.6538461538461539,0.7311783960720131,0.8059581320450885
399,19,38,8,8,0.7808219178082192,0.7648953301127215,0.8260869565217391,0.7037037037037037,0.8260869565217391,0.7037037037037037,0.8260869565217391,0.7037037037037037,0.7648953301127215,0.856682769726248
400,13,38,13,9,0.6986301369863014,0.6680035650623886,0.7450980392156863,0.5909090909090909,0.7755102040816326,0.5909090909090909,0.7450980392156863,0.5416666666666666,0.6585884353741496,0.729946524064171
401,16,38,9,10,0.7397260273972602,0.7119476268412439,0.8085106382978723,0.6153846153846154,0.8,0.6153846153846154,0.8085106382978723,0.6274509803921569,0.7137254901960784,0.7561374795417349
402,20,39,4,10,0.8082191780821918,0.7868217054263565,0.9069767441860465,0.6666666666666666,0.8478260869565217,0.6666666666666666,0.9069767441860465,0.7407407407407407,0.7942834138486312,0.8534883720930232
403,19,40,5,9,0.8082191780821918,0.7837301587301587,0.8888888888888888,0.6785714285714286,0.851063829787234,0.6785714285714286,0.8888888888888888,0.7307692307692307,0.7909165302782324,0.8388888888888889
404,26,26,15,6,0.7123287671232876,0.7233231707317074,0.6341463414634146,0.8125,0.7123287671232876,0.8125,0.6341463414634146,0.7123287671232876,0.7123287671232876,0.878810975609756
405,17,36,11,9,0.726027397260274,0.7099018003273323,0.7659574468085106,0.6538461538461539,0.782608695652174,0.6538461538461539,0.7659574468085106,0.6296296296296297,0.7061191626409018,0.8527004909983633
406,16,46,5,6,0.8493150684931506,0.8146167557932265,0.9019607843137255,0.7272727272727273,0.8932038834951457,0.7272727272727273,0.9019607843137255,0.7441860465116279,0.8186949650033868,0.8832442067736186
407,19,37,8,9,0.7671232876712328,0.7503968253968254,0.8222222222222222,0.6785714285714286,0.8131868131868132,0.6785714285714286,0.8222222222222222,0.6909090909090909,0.752047952047952,0.8539682539682539
408,17,36,10,10,0.726027397260274,0.7061191626409018,0.782608695652174,0.6296296296296297,0.782608695652174,0.6296296296296297,0.782608695652174,0.6296296296296297,0.7061191626409018,0.7681159420289855
409,17,40,10,6,0.7808219178082192,0.7695652173913043,0.8,0.7391304347826086,0.8333333333333334,0.7391304347826086,0.8,0.68,0.7566666666666667,0.7626086956521738
410,22,35,10,6,0.7808219178082192,0.7817460317460317,0.7777777777777778,0.7857142857142857,0.813953488372093,0.7857142857142857,0.7777777777777778,0.7333333333333333,0.7736434108527132,0.8738095238095238
411,17,39,8,9,0.7671232876712328,0.7418166939443536,0.8297872340425532,0.6538461538461539,0.8210526315789474,0.6538461538461539,0.8297872340425532,0.6666666666666666,0.743859649122807,0.8289689034369885
412,19,43,7,4,0.8493150684931506,0.8430434782608696,0.86,0.8260869565217391,0.8865979381443299,0.8260869565217391,0.86,0.7755102040816326,0.8310540711129812,0.8704347826086957
413,19,38,8,8,0.7808219178082192,0.7648953301127215,0.8260869565217391,0.7037037037037037,0.8260869565217391,0.7037037037037037,0.8260869565217391,0.7037037037037037,0.7648953301127215,0.8590982286634461
414,20,35,9,9,0.7534246575342466,0.7425548589341693,0.7954545454545454,0.6896551724137931,0.7954545454545454,0.6896551724137931,0.7954545454545454,0.6896551724137931,0.7425548589341693,0.7844827586206895
415,18,41,10,4,0.8082191780821918,0.8110516934046346,0.803921568627451,0.8181818181818182,0.8541666666666666,0.8181818181818182,0.803921568627451,0.72,0.7870833333333334,0.8975044563279857
416,14,45,10,4,0.8082191780821918,0.797979797979798,0.8181818181818182,0.7777777777777778,0.8653846153846154,0.7777777777777778,0.8181818181818182,0.6666666666666666,0.766025641025641,0.9212121212121211
417,12,42,15,4,0.7397260273972602,0.743421052631579,0.7368421052631579,0.75,0.8155339805825242,0.75,0.7368421052631579,0.5581395348837209,0.6868367577331226,0.8464912280701754
418,28,32,6,7,0.821917808219178,0.8210526315789474,0.8421052631578947,0.8,0.8311688311688312,0.8,0.8421052631578947,0.8115942028985508,0.821381517033691,0.8751879699248121
419,16,38,13,6,0.7397260273972602,0.7361853832442068,0.7450980392156863,0.7272727272727273,0.8,0.7272727272727273,0.7450980392156863,0.6274509803921569,0.7137254901960784,0.8262032085561498
420,20,34,10,9,0.7397260273972602,0.7311912225705329,0.7727272727272727,0.6896551724137931,0.7816091954022989,0.6896551724137931,0.7727272727272727,0.6779661016949152,0.729787648548607,0.8432601880877743
421,23,33,8,9,0.7671232876712328,0.7618140243902439,0.8048780487804879,0.71875,0.7951807228915663,0.71875,0.8048780487804879,0.7301587301587301,0.7626697265251482,0.8246951219512194
422,18,40,7,8,0.7945205479452054,0.7716857610474632,0.851063829787234,0.6923076923076923,0.8421052631578947,0.6923076923076923,0.851063829787234,0.7058823529411765,0.7739938080495357,0.8404255319148937
423,22,33,15,3,0.7534246575342466,0.78375,0.6875,0.88,0.7857142857142857,0.88,0.6875,0.7096774193548387,0.7476958525345623,0.8758333333333332
424,22,29,11,11,0.6986301369863014,0.6958333333333333,0.725,0.6666666666666666,0.725,0.6666666666666666,0.725,0.6666666666666666,0.6958333333333333,0.7878787878787878
425,21,39,9,4,0.821917808219178,0.8262499999999999,0.8125,0.84,0.8571428571428571,0.84,0.8125,0.7636363636363637,0.8103896103896104,0.8983333333333333
426,19,42,10,2,0.8356164383561644,0.8562271062271063,0.8076923076923077,0.9047619047619048,0.875,0.9047619047619048,0.8076923076923077,0.76,0.8175,0.9505494505494505
427,17,44,7,5,0.8356164383561644,0.8177361853832442,0.8627450980392157,0.7727272727272727,0.88,0.7727272727272727,0.8627450980392157,0.7391304347826086,0.8095652173913044,0.8778966131907309
428,13,40,12,8,0.726027397260274,0.6941391941391941,0.7692307692307693,0.6190476190476191,0.8,0.6190476190476191,0.7692307692307693,0.5652173913043478,0.682608695652174,0.782051282051282
429,20,35,9,9,0.7534246575342466,0.7425548589341693,0.7954545454545454,0.6896551724137931,0.7954545454545454,0.6896551724137931,0.7954545454545454,0.6896551724137931,0.7425548589341693,0.8440438871473354
430,18,40,12,3,0.7945205479452054,0.8131868131868132,0.7692307692307693,0.8571428571428571,0.8421052631578947,0.8571428571428571,0.7692307692307693,0.7058823529411765,0.7739938080495357,0.902014652014652
431,22,31,11,9,0.726027397260274,0.7238863287250384,0.7380952380952381,0.7096774193548387,0.7560975609756098,0.7096774193548387,0.7380952380952381,0.6875,0.7217987804878049,0.8256528417818739
432,17,37,12,7,0.7397260273972602,0.7317176870748299,0.7551020408163265,0.7083333333333334,0.7956989247311828,0.7083333333333334,0.7551020408163265,0.6415094339622641,0.7186041793467235,0.760204081632653
433,20,41,5,7,0.8356164383561644,0.8160225442834138,0.8913043478260869,0.7407407407407407,0.8723404255319149,0.7407407407407407,0.8913043478260869,0.7692307692307693,0.820785597381342,0.8760064412238325
434,20,37,13,3,0.7808219178082192,0.8047826086956522,0.74,0.8695652173913043,0.8222222222222222,0.8695652173913043,0.74,0.7142857142857143,0.7682539682539682,0.9208695652173913
435,17,37,13,6,0.7397260273972602,0.7395652173913043,0.74,0.7391304347826086,0.7956989247311828,0.7391304347826086,0.74,0.6415094339622641,0.7186041793467235,0.8426086956521738
436,19,36,14,4,0.7534246575342466,0.7730434782608695,0.72,0.8260869565217391,0.8,0.8260869565217391,0.72,0.6785714285714286,0.7392857142857143,0.88
437,17,39,11,6,0.7671232876712328,0.7595652173913043,0.78,0.7391304347826086,0.8210526315789474,0.7391304347826086,0.78,0.6666666666666666,0.743859649122807,0.8286956521739132
438,19,39,4,11,0.7945205479452054,0.7701550387596898,0.9069767441860465,0.6333333333333333,0.8387096774193549,0.6333333333333333,0.9069767441860465,0.7169811320754716,0.7778454047474133,0.7914728682170543
439,16,37,11,9,0.726027397260274,0.7054166666666667,0.7708333333333334,0.64,0.7872340425531915,0.64,0.7708333333333334,0.6153846153846154,0.7013093289689034,0.8316666666666667
440,16,34,14,9,0.684931506849315,0.6741666666666667,0.7083333333333334,0.64,0.7472527472527473,0.64,0.7083333333333334,0.5818181818181818,0.6645354645354645,0.8049999999999999
441,19,39,9,6,0.7945205479452054,0.78625,0.8125,0.76,0.8387096774193549,0.76,0.8125,0.7169811320754716,0.7778454047474133,0.8591666666666666
442,23,36,10,4,0.8082191780821918,0.817230273752013,0.782608695652174,0.8518518518518519,0.8372093023255814,0.8518518518518519,0.782608695652174,0.7666666666666667,0.8019379844961241,0.9162640901771337
443,16,36,13,8,0.7123287671232876,0.7006802721088435,0.7346938775510204,0.6666666666666666,0.7741935483870968,0.6666666666666666,0.7346938775510204,0.6037735849056604,0.6889835666463786,0.8477891156462585
444,21,32,7,13,0.726027397260274,0.719079939668175,0.8205128205128205,0.6176470588235294,0.7619047619047619,0.6176470588235294,0.8205128205128205,0.6774193548387096,0.7196620583717357,0.7911010558069381
445,17,43,10,3,0.821917808219178,0.8306603773584906,0.8113207547169812,0.85,0.8686868686868687,0.85,0.8113207547169812,0.723404255319149,0.7960455620030089,0.930188679245283
446,24,30,11,8,0.7397260273972602,0.7408536585365854,0.7317073170731707,0.75,0.759493670886076,0.75,0.7317073170731707,0.7164179104477612,0.7379557906669185,0.8765243902439024
447,25,31,8,9,0.7671232876712328,0.7650829562594268,0.7948717948717948,0.7352941176470589,0.7848101265822784,0.7352941176470589,0.7948717948717948,0.746268656716418,0.7655393916493483,0.8167420814479638
448,12,36,10,15,0.6575342465753424,0.6135265700483092,0.782608695652174,0.4444444444444444,0.7422680412371134,0.4444444444444444,0.782608695652174,0.4897959183673469,0.6160319798022302,0.7375201288244767
449,22,35,11,5,0.7808219178082192,0.787842190016103,0.7608695652173914,0.8148148148148148,0.813953488372093,0.8148148148148148,0.7608695652173914,0.7333333333333333,0.7736434108527132,0.8470209339774557
450,21,37,8,7,0.7945205479452054,0.7861111111111111,0.8222222222222222,0.75,0.8314606741573034,0.75,0.8222222222222222,0.7368421052631579,0.7841513897102306,0.8206349206349207
451,22,28,15,8,0.684931506849315,0.6922480620155038,0.6511627906976745,0.7333333333333333,0.7088607594936709,0.7333333333333333,0.6511627906976745,0.6567164179104478,0.6827885887020593,0.7782945736434109
452,17,30,15,11,0.6438356164383562,0.6369047619047619,0.6666666666666666,0.6071428571428571,0.6976744186046512,0.6071428571428571,0.6666666666666666,0.5666666666666667,0.632170542635659,0.7206349206349206
453,22,34,9,8,0.7671232876712328,0.762015503875969,0.7906976744186046,0.7333333333333333,0.8,0.7333333333333333,0.7906976744186046,0.7213114754098361,0.7606557377049181,0.8496124031007751
454,21,32,14,6,0.726027397260274,0.7367149758454106,0.6956521739130435,0.7777777777777778,0.7619047619047619,0.7777777777777778,0.6956521739130435,0.6774193548387096,0.7196620583717357,0.8333333333333333
455,16,41,9,7,0.7808219178082192,0.7578260869565216,0.82,0.6956521739130435,0.8367346938775511,0.6956521739130435,0.82,0.6666666666666666,0.7517006802721089,0.8452173913043478
456,10,40,11,12,0.684931506849315,0.6194295900178253,0.7843137254901961,0.45454545454545453,0.7766990291262136,0.45454545454545453,0.7843137254901961,0.46511627906976744,0.6209076540979905,0.67825311942959
457,22,36,6,9,0.7945205479452054,0.7834101382488479,0.8571428571428571,0.7096774193548387,0.8275862068965517,0.7096774193548387,0.8571428571428571,0.7457627118644068,0.7866744593804793,0.8294930875576036
458,16,36,10,11,0.7123287671232876,0.6876006441223832,0.782608695652174,0.5925925925925926,0.7741935483870968,0.5925925925925926,0.782608695652174,0.6037735849056604,0.6889835666463786,0.7890499194847019
459,24,33,9,7,0.7808219178082192,0.7799539170506913,0.7857142857142857,0.7741935483870968,0.8048780487804879,0.7741935483870968,0.7857142857142857,0.75,0.7774390243902439,0.8671274961597543
460,21,29,19,4,0.684931506849315,0.7220833333333333,0.6041666666666666,0.84,0.7160493827160493,0.84,0.6041666666666666,0.6461538461538462,0.6811016144349478,0.8491666666666666
461,22,39,4,8,0.8356164383561644,0.8201550387596899,0.9069767441860465,0.7333333333333333,0.8666666666666667,0.7333333333333333,0.9069767441860465,0.7857142857142857,0.8261904761904761,0.8798449612403101
462,18,35,12,8,0.726027397260274,0.718494271685761,0.7446808510638298,0.6923076923076923,0.7777777777777778,0.6923076923076923,0.7446808510638298,0.6428571428571429,0.7103174603174603,0.8420621931260228
463,16,41,9,7,0.7808219178082192,0.7578260869565216,0.82,0.6956521739130435,0.8367346938775511,0.6956521739130435,0.82,0.6666666666666666,0.7517006802721089,0.8356521739130435
464,24,30,10,9,0.7397260273972602,0.7386363636363636,0.75,0.7272727272727273,0.759493670886076,0.7272727272727273,0.75,0.7164179104477612,0.7379557906669185,0.8409090909090908
465,21,33,11,8,0.7397260273972602,0.7370689655172413,0.75,0.7241379310344828,0.7764705882352941,0.7241379310344828,0.75,0.6885245901639344,0.7324975891996143,0.8268025078369907
466,18,37,12,6,0.7534246575342466,0.7525510204081632,0.7551020408163265,0.75,0.8043478260869565,0.75,0.7551020408163265,0.6666666666666666,0.7355072463768115,0.8537414965986395
467,17,40,11,5,0.7808219178082192,0.7785204991087344,0.7843137254901961,0.7727272727272727,0.8333333333333334,0.7727272727272727,0.7843137254901961,0.68,0.7566666666666667,0.9028520499108734
468,21,41,8,3,0.8493150684931506,0.8558673469387755,0.8367346938775511,0.875,0.8817204301075269,0.875,0.8367346938775511,0.7924528301886793,0.837086630148103,0.8869047619047619
469,25,29,14,5,0.7397260273972602,0.7538759689922481,0.6744186046511628,0.8333333333333334,0.7532467532467533,0.8333333333333334,0.6744186046511628,0.7246376811594203,0.7389422172030868,0.8635658914728682
470,25,36,4,8,0.8356164383561644,0.8287878787878789,0.9,0.7575757575757576,0.8571428571428571,0.7575757575757576,0.9,0.8064516129032258,0.8317972350230414,0.8977272727272727
471,24,32,8,9,0.7671232876712328,0.7636363636363637,0.8,0.7272727272727273,0.7901234567901234,0.7272727272727273,0.8,0.7384615384615385,0.764292497625831,0.8765151515151516
472,19,37,5,12,0.7671232876712328,0.7469278033794162,0.8809523809523809,0.6129032258064516,0.8131868131868132,0.6129032258064516,0.8809523809523809,0.6909090909090909,0.752047952047952,0.8287250384024578
473,13,40,10,10,0.726027397260274,0.682608695652174,0.8,0.5652173913043478,0.8,0.5652173913043478,0.8,0.5652173913043478,0.682608695652174,0.786086956521739
474,19,38,6,10,0.7808219178082192,0.7594043887147335,0.8636363636363636,0.6551724137931034,0.8260869565217391,0.6551724137931034,0.8636363636363636,0.7037037037037037,0.7648953301127215,0.8581504702194357
475,19,39,13,2,0.7945205479452054,0.8273809523809523,0.75,0.9047619047619048,0.8387096774193549,0.9047619047619048,0.75,0.7169811320754716,0.7778454047474133,0.913003663003663
476,23,36,9,5,0.8082191780821918,0.8107142857142857,0.8,0.8214285714285714,0.8372093023255814,0.8214285714285714,0.8,0.7666666666666667,0.8019379844961241,0.8944444444444445
477,24,27,11,11,0.6986301369863014,0.6981203007518797,0.7105263157894737,0.6857142857142857,0.7105263157894737,0.6857142857142857,0.7105263157894737,0.6857142857142857,0.6981203007518797,0.8248120300751881
478,19,35,11,8,0.7397260273972602,0.7322866344605475,0.7608695652173914,0.7037037037037037,0.7865168539325843,0.7037037037037037,0.7608695652173914,0.6666666666666666,0.7265917602996255,0.8132045088566827
479,23,33,11,6,0.7671232876712328,0.771551724137931,0.75,0.7931034482758621,0.7951807228915663,0.7931034482758621,0.75,0.7301587301587301,0.7626697265251482,0.8424764890282133
480,20,31,13,9,0.6986301369863014,0.6971003134796239,0.7045454545454546,0.6896551724137931,0.7380952380952381,0.6896551724137931,0.7045454545454546,0.6451612903225806,0.6916282642089093,0.853448275862069
481,23,33,13,4,0.7671232876712328,0.7846215780998389,0.717391304347826,0.8518518518518519,0.7951807228915663,0.8518518518518519,0.717391304347826,0.7301587301587301,0.7626697265251482,0.8937198067632851
482,17,43,6,7,0.821917808219178,0.7929421768707483,0.8775510204081632,0.7083333333333334,0.8686868686868687,0.7083333333333334,0.8775510204081632,0.723404255319149,0.7960455620030089,0.8520408163265306
483,21,39,7,6,0.821917808219178,0.8128019323671498,0.8478260869565217,0.7777777777777778,0.8571428571428571,0.7777777777777778,0.8478260869565217,0.7636363636363637,0.8103896103896104,0.8832528180354267
484,18,39,9,7,0.7808219178082192,0.76625,0.8125,0.72,0.8297872340425532,0.72,0.8125,0.6923076923076923,0.7610474631751227,0.8416666666666667
485,14,36,10,13,0.684931506849315,0.6505636070853462,0.782608695652174,0.5185185185185185,0.7578947368421053,0.5185185185185185,0.782608695652174,0.5490196078431373,0.6534571723426212,0.7125603864734299
486,15,37,17,4,0.7123287671232876,0.7373294346978558,0.6851851851851852,0.7894736842105263,0.7789473684210526,0.7894736842105263,0.6851851851851852,0.5882352941176471,0.6835913312693498,0.8625730994152048
487,22,34,12,5,0.7671232876712328,0.7769726247987117,0.7391304347826086,0.8148148148148148,0.8,0.8148148148148148,0.7391304347826086,0.7213114754098361,0.7606557377049181,0.894524959742351
488,19,39,6,9,0.7945205479452054,0.7726190476190476,0.8666666666666667,0.6785714285714286,0.8387096774193549,0.6785714285714286,0.8666666666666667,0.7169811320754716,0.7778454047474133,0.8293650793650795
489,23,32,10,8,0.7534246575342466,0.7519201228878648,0.7619047619047619,0.7419354838709677,0.7804878048780488,0.7419354838709677,0.7619047619047619,0.71875,0.7496189024390244,0.8540706605222734
490,25,28,12,8,0.726027397260274,0.7287878787878788,0.7,0.7575757575757576,0.7368421052631579,0.7575757575757576,0.7,0.7142857142857143,0.7255639097744361,0.846969696969697
491,21,39,7,6,0.821917808219178,0.8128019323671498,0.8478260869565217,0.7777777777777778,0.8571428571428571,0.7777777777777778,0.8478260869565217,0.7636363636363637,0.8103896103896104,0.8880837359098229
492,19,37,8,9,0.7671232876712328,0.7503968253968254,0.8222222222222222,0.6785714285714286,0.8131868131868132,0.6785714285714286,0.8222222222222222,0.6909090909090909,0.752047952047952,0.8666666666666666
493,16,33,14,10,0.6712328767123288,0.6587561374795418,0.7021276595744681,0.6153846153846154,0.7333333333333333,0.6153846153846154,0.7021276595744681,0.5714285714285714,0.6523809523809523,0.7119476268412439
494,21,37,10,5,0.7945205479452054,0.7974631751227497,0.7872340425531915,0.8076923076923077,0.8314606741573034,0.8076923076923077,0.7872340425531915,0.7368421052631579,0.7841513897102306,0.8968903436988543
495,17,44,9,3,0.8356164383561644,0.8400943396226415,0.8301886792452831,0.85,0.88,0.85,0.8301886792452831,0.7391304347826086,0.8095652173913044,0.9386792452830188
496,21,32,15,5,0.726027397260274,0.7442716857610474,0.6808510638297872,0.8076923076923077,0.7619047619047619,0.8076923076923077,0.6808510638297872,0.6774193548387096,0.7196620583717357,0.8322422258592471
497,15,39,13,6,0.7397260273972602,0.7321428571428572,0.75,0.7142857142857143,0.8041237113402062,0.7142857142857143,0.75,0.6122448979591837,0.708184304649695,0.8452380952380952
498,24,32,7,10,0.7671232876712328,0.7631975867269984,0.8205128205128205,0.7058823529411765,0.7901234567901234,0.7058823529411765,0.8205128205128205,0.7384615384615385,0.764292497625831,0.8438914027149321
499,14,39,9,11,0.726027397260274,0.68625,0.8125,0.56,0.7959183673469388,0.56,0.8125,0.5833333333333334,0.689625850340136,0.7725
500,23,29,10,11,0.7123287671232876,0.7100301659125189,0.7435897435897436,0.6764705882352942,0.7341772151898734,0.6764705882352942,0.7435897435897436,0.6865671641791045,0.710372189684489,0.8589743589743589
501,20,41,7,5,0.8356164383561644,0.8270833333333334,0.8541666666666666,0.8,0.8723404255319149,0.8,0.8541666666666666,0.7692307692307693,0.820785597381342,0.9041666666666668
502,18,34,11,10,0.7123287671232876,0.6992063492063492,0.7555555555555555,0.6428571428571429,0.7640449438202247,0.6428571428571429,0.7555555555555555,0.631578947368421,0.6978119455943228,0.7785714285714287
503,12,44,11,6,0.7671232876712328,0.7333333333333334,0.8,0.6666666666666666,0.8380952380952381,0.6666666666666666,0.8,0.5853658536585366,0.7117305458768873,0.7868686868686868
504,17,36,11,9,0.726027397260274,0.7099018003273323,0.7659574468085106,0.6538461538461539,0.782608695652174,0.6538461538461539,0.7659574468085106,0.6296296296296297,0.7061191626409018,0.82569558101473
505,23,35,10,5,0.7945205479452054,0.7996031746031746,0.7777777777777778,0.8214285714285714,0.8235294117647058,0.8214285714285714,0.7777777777777778,0.7540983606557377,0.7888138862102217,0.8595238095238095
506,23,33,12,5,0.7671232876712328,0.7773809523809523,0.7333333333333333,0.8214285714285714,0.7951807228915663,0.8214285714285714,0.7333333333333333,0.7301587301587301,0.7626697265251482,0.8515873015873016
507,24,33,11,5,0.7808219178082192,0.7887931034482758,0.75,0.8275862068965517,0.8048780487804879,0.8275862068965517,0.75,0.75,0.7774390243902439,0.8730407523510971
508,16,46,8,3,0.8493150684931506,0.8469785575048733,0.8518518518518519,0.8421052631578947,0.8932038834951457,0.8421052631578947,0.8518518518518519,0.7441860465116279,0.8186949650033868,0.8674463937621832
509,24,38,6,5,0.8493150684931506,0.8456112852664577,0.8636363636363636,0.8275862068965517,0.8735632183908046,0.8275862068965517,0.8636363636363636,0.8135593220338984,0.8435612702123515,0.9161442006269592
510,18,41,7,7,0.8082191780821918,0.7870833333333334,0.8541666666666666,0.72,0.8541666666666666,0.72,0.8541666666666666,0.72,0.7870833333333334,0.8366666666666667
511,20,30,12,11,0.684931506849315,0.6797235023041475,0.7142857142857143,0.6451612903225806,0.7228915662650602,0.6451612903225806,0.7142857142857143,0.6349206349206349,0.6789061005928476,0.7841781874039938
512,19,34,12,8,0.726027397260274,0.7214170692431562,0.7391304347826086,0.7037037037037037,0.7727272727272727,0.7037037037037037,0.7391304347826086,0.6551724137931034,0.7139498432601881,0.8293075684380031
513,11,43,9,10,0.7397260273972602,0.6753663003663004,0.8269230769230769,0.5238095238095238,0.819047619047619,0.5238095238095238,0.8269230769230769,0.5365853658536586,0.6778164924506388,0.8104395604395604
514,28,35,7,3,0.863013698630137,0.8682795698924731,0.8333333333333334,0.9032258064516129,0.875,0.9032258064516129,0.8333333333333334,0.8484848484848485,0.8617424242424243,0.9516129032258064
515,18,39,11,5,0.7808219178082192,0.781304347826087,0.78,0.782608695652174,0.8297872340425532,0.782608695652174,0.78,0.6923076923076923,0.7610474631751227,0.9104347826086957
516,20,31,13,9,0.6986301369863014,0.6971003134796239,0.7045454545454546,0.6896551724137931,0.7380952380952381,0.6896551724137931,0.7045454545454546,0.6451612903225806,0.6916282642089093,0.7876175548589341
517,16,35,15,7,0.6986301369863014,0.6978260869565217,0.7,0.6956521739130435,0.7608695652173914,0.6956521739130435,0.7,0.5925925925925926,0.676731078904992,0.8060869565217392
518,28,32,9,4,0.821917808219178,0.8277439024390244,0.7804878048780488,0.875,0.8311688311688312,0.875,0.7804878048780488,0.8115942028985508,0.821381517033691,0.8841463414634148
519,14,41,9,9,0.7534246575342466,0.7143478260869565,0.82,0.6086956521739131,0.82,0.6086956521739131,0.82,0.6086956521739131,0.7143478260869565,0.7347826086956523
520,12,46,8,7,0.7945205479452054,0.7417153996101364,0.8518518518518519,0.631578947368421,0.8598130841121495,0.631578947368421,0.8518518518518519,0.6153846153846154,0.7375988497483825,0.8187134502923976
521,21,35,13,4,0.7671232876712328,0.7845833333333333,0.7291666666666666,0.84,0.8045977011494253,0.84,0.7291666666666666,0.711864406779661,0.7582310539645432,0.9225
522,22,36,8,7,0.7945205479452054,0.7884012539184952,0.8181818181818182,0.7586206896551724,0.8275862068965517,0.7586206896551724,0.8181818181818182,0.7457627118644068,0.7866744593804793,0.8338557993730409
523,14,42,12,5,0.7671232876712328,0.7573099415204678,0.7777777777777778,0.7368421052631579,0.8316831683168316,0.7368421052631579,0.7777777777777778,0.6222222222222222,0.7269526952695269,0.8947368421052632
524,19,36,13,5,0.7534246575342466,0.7631802721088435,0.7346938775510204,0.7916666666666666,0.8,0.7916666666666666,0.7346938775510204,0.6785714285714286,0.7392857142857143,0.8401360544217688
525,18,40,9,6,0.7945205479452054,0.7831632653061225,0.8163265306122449,0.75,0.8421052631578947,0.75,0.8163265306122449,0.7058823529411765,0.7739938080495357,0.8596938775510204
526,17,42,11,3,0.8082191780821918,0.8212264150943396,0.7924528301886793,0.85,0.8571428571428571,0.85,0.7924528301886793,0.7083333333333334,0.7827380952380952,0.8726415094339622
527,20,30,15,8,0.684931506849315,0.6904761904761905,0.6666666666666666,0.7142857142857143,0.7228915662650602,0.7142857142857143,0.6666666666666666,0.6349206349206349,0.6789061005928476,0.8142857142857143
528,18,36,11,8,0.7397260273972602,0.7291325695581015,0.7659574468085106,0.6923076923076923,0.7912087912087912,0.6923076923076923,0.7659574468085106,0.6545454545454545,0.7228771228771229,0.8117839607201308
529,21,36,9,7,0.7808219178082192,0.775,0.8,0.75,0.8181818181818182,0.75,0.8,0.7241379310344828,0.7711598746081505,0.8523809523809524
530,23,29,11,10,0.7123287671232876,0.7109848484848484,0.725,0.696969696969697,0.7341772151898734,0.696969696969697,0.725,0.6865671641791045,0.710372189684489,0.8212121212121212
531,18,41,11,3,0.8082191780821918,0.8228021978021978,0.7884615384615384,0.8571428571428571,0.8541666666666666,0.8571428571428571,0.7884615384615384,0.72,0.7870833333333334,0.9285714285714285
532,21,37,8,7,0.7945205479452054,0.7861111111111111,0.8222222222222222,0.75,0.8314606741573034,0.75,0.8222222222222222,0.7368421052631579,0.7841513897102306,0.8658730158730159
533,13,45,7,8,0.7945205479452054,0.7422161172161172,0.8653846153846154,0.6190476190476191,0.8571428571428571,0.6190476190476191,0.8653846153846154,0.6341463414634146,0.7456445993031359,0.8699633699633699
534,14,40,12,7,0.7397260273972602,0.717948717948718,0.7692307692307693,0.6666666666666666,0.8080808080808081,0.6666666666666666,0.7692307692307693,0.5957446808510638,0.7019127444659359,0.8223443223443223
535,24,32,10,7,0.7671232876712328,0.7680491551459293,0.7619047619047619,0.7741935483870968,0.7901234567901234,0.7741935483870968,0.7619047619047619,0.7384615384615385,0.764292497625831,0.8456221198156681
536,14,41,10,8,0.7534246575342466,0.7201426024955437,0.803921568627451,0.6363636363636364,0.82,0.6363636363636364,0.803921568627451,0.6086956521739131,0.7143478260869565,0.8181818181818181
537,20,42,5,6,0.8493150684931506,0.8314238952536825,0.8936170212765957,0.7692307692307693,0.8842105263157894,0.7692307692307693,0.8936170212765957,0.7843137254901961,0.8342621259029928,0.8715220949263504
538,12,48,9,4,0.821917808219178,0.7960526315789473,0.8421052631578947,0.75,0.8807339449541285,0.75,0.8421052631578947,0.6486486486486487,0.7646912968013886,0.8596491228070176
539,13,38,15,7,0.6986301369863014,0.6834905660377358,0.7169811320754716,0.65,0.7755102040816326,0.65,0.7169811320754716,0.5416666666666666,0.6585884353741496,0.7452830188679246
540,14,42,11,6,0.7671232876712328,0.7462264150943396,0.7924528301886793,0.7,0.8316831683168316,0.7,0.7924528301886793,0.6222222222222222,0.7269526952695269,0.810377358490566
541,14,37,12,10,0.6986301369863014,0.6692176870748299,0.7551020408163265,0.5833333333333334,0.7708333333333334,0.5833333333333334,0.7551020408163265,0.56,0.6654166666666668,0.6989795918367346
542,17,40,10,6,0.7808219178082192,0.7695652173913043,0.8,0.7391304347826086,0.8333333333333334,0.7391304347826086,0.8,0.68,0.7566666666666667,0.831304347826087
543,24,35,5,9,0.8082191780821918,0.8011363636363636,0.875,0.7272727272727273,0.8333333333333334,0.7272727272727273,0.875,0.7741935483870968,0.803763440860215,0.8886363636363637
544,25,27,12,9,0.7123287671232876,0.7138009049773756,0.6923076923076923,0.7352941176470589,0.72,0.7352941176470589,0.6923076923076923,0.704225352112676,0.712112676056338,0.7398190045248869
545,17,42,11,3,0.8082191780821918,0.8212264150943396,0.7924528301886793,0.85,0.8571428571428571,0.85,0.7924528301886793,0.7083333333333334,0.7827380952380952,0.8622641509433961
546,18,38,13,4,0.7671232876712328,0.7816399286987523,0.7450980392156863,0.8181818181818182,0.8172043010752689,0.8181818181818182,0.7450980392156863,0.6792452830188679,0.7482247920470684,0.893939393939394
547,22,36,12,3,0.7945205479452054,0.815,0.75,0.88,0.8275862068965517,0.88,0.75,0.7457627118644068,0.7866744593804793,0.8841666666666667
548,23,34,9,7,0.7808219178082192,0.7786821705426357,0.7906976744186046,0.7666666666666667,0.8095238095238095,0.7666666666666667,0.7906976744186046,0.7419354838709677,0.7757296466973886,0.8852713178294573
549,22,36,8,7,0.7945205479452054,0.7884012539184952,0.8181818181818182,0.7586206896551724,0.8275862068965517,0.7586206896551724,0.8181818181818182,0.7457627118644068,0.7866744593804793,0.8887147335423199
550,18,41,7,7,0.8082191780821918,0.7870833333333334,0.8541666666666666,0.72,0.8541666666666666,0.72,0.8541666666666666,0.72,0.7870833333333334,0.8308333333333334
551,25,28,13,7,0.726027397260274,0.7320884146341464,0.6829268292682927,0.78125,0.7368421052631579,0.78125,0.6829268292682927,0.7142857142857143,0.7255639097744361,0.8178353658536586
552,20,34,7,12,0.7397260273972602,0.7271341463414633,0.8292682926829268,0.625,0.7816091954022989,0.625,0.8292682926829268,0.6779661016949152,0.729787648548607,0.7614329268292682
553,21,42,7,3,0.863013698630137,0.8660714285714286,0.8571428571428571,0.875,0.8936170212765957,0.875,0.8571428571428571,0.8076923076923077,0.8506546644844517,0.91921768707483
554,14,41,11,7,0.7534246575342466,0.7275641025641025,0.7884615384615384,0.6666666666666666,0.82,0.6666666666666666,0.7884615384615384,0.6086956521739131,0.7143478260869565,0.7976190476190477
555,15,39,12,7,0.7397260273972602,0.7232620320855614,0.7647058823529411,0.6818181818181818,0.8041237113402062,0.6818181818181818,0.7647058823529411,0.6122448979591837,0.708184304649695,0.857397504456328
556,26,32,9,6,0.7945205479452054,0.7964939024390244,0.7804878048780488,0.8125,0.810126582278481,0.8125,0.7804878048780488,0.7761194029850746,0.7931229926317778,0.919969512195122
557,16,45,6,6,0.8356164383561644,0.8048128342245989,0.8823529411764706,0.7272727272727273,0.8823529411764706,0.7272727272727273,0.8823529411764706,0.7272727272727273,0.8048128342245989,0.8297682709447415
558,23,30,13,7,0.726027397260274,0.732170542635659,0.6976744186046512,0.7666666666666667,0.75,0.7666666666666667,0.6976744186046512,0.696969696969697,0.7234848484848485,0.8286821705426357
559,19,39,12,3,0.7945205479452054,0.8141711229946524,0.7647058823529411,0.8636363636363636,0.8387096774193549,0.8636363636363636,0.7647058823529411,0.7169811320754716,0.7778454047474133,0.8520499108734403
560,19,35,11,8,0.7397260273972602,0.7322866344605475,0.7608695652173914,0.7037037037037037,0.7865168539325843,0.7037037037037037,0.7608695652173914,0.6666666666666666,0.7265917602996255,0.8792270531400966
561,24,34,6,9,0.7945205479452054,0.7886363636363636,0.85,0.7272727272727273,0.8192771084337349,0.7272727272727273,0.85,0.7619047619047619,0.7905909351692484,0.8560606060606061
562,11,43,13,6,0.7397260273972602,0.7074579831932774,0.7678571428571429,0.6470588235294118,0.819047619047619,0.6470588235294118,0.7678571428571429,0.5365853658536586,0.6778164924506388,0.8266806722689075
563,20,41,7,5,0.8356164383561644,0.8270833333333334,0.8541666666666666,0.8,0.8723404255319149,0.8,0.8541666666666666,0.7692307692307693,0.820785597381342,0.9533333333333334
564,18,39,10,6,0.7808219178082192,0.7729591836734694,0.7959183673469388,0.75,0.8297872340425532,0.75,0.7959183673469388,0.6923076923076923,0.7610474631751227,0.8197278911564626
565,14,38,10,11,0.7123287671232876,0.6758333333333333,0.7916666666666666,0.56,0.7835051546391752,0.56,0.7916666666666666,0.5714285714285714,0.6774668630338734,0.7016666666666668
566,23,32,9,9,0.7534246575342466,0.7496189024390244,0.7804878048780488,0.71875,0.7804878048780488,0.71875,0.7804878048780488,0.71875,0.7496189024390244,0.8711890243902438
567,15,37,11,10,0.7123287671232876,0.6854166666666667,0.7708333333333334,0.6,0.7789473684210526,0.6,0.7708333333333334,0.5882352941176471,0.6835913312693498,0.83
568,17,41,11,4,0.7945205479452054,0.798992673992674,0.7884615384615384,0.8095238095238095,0.845360824742268,0.8095238095238095,0.7884615384615384,0.6938775510204082,0.7696191878813381,0.8534798534798534
569,23,32,10,8,0.7534246575342466,0.7519201228878648,0.7619047619047619,0.7419354838709677,0.7804878048780488,0.7419354838709677,0.7619047619047619,0.71875,0.7496189024390244,0.8486943164362519
570,22,35,14,2,0.7808219178082192,0.8154761904761905,0.7142857142857143,0.9166666666666666,0.813953488372093,0.9166666666666666,0.7142857142857143,0.7333333333333333,0.7736434108527132,0.9404761904761905
571,23,32,11,7,0.7534246575342466,0.7554263565891473,0.7441860465116279,0.7666666666666667,0.7804878048780488,0.7666666666666667,0.7441860465116279,0.71875,0.7496189024390244,0.8325581395348838
572,20,32,7,14,0.7123287671232876,0.7043740573152337,0.8205128205128205,0.5882352941176471,0.7529411764705882,0.5882352941176471,0.8205128205128205,0.6557377049180327,0.7043394406943104,0.7533936651583711
573,19,37,6,11,0.7671232876712328,0.7468992248062015,0.8604651162790697,0.6333333333333333,0.8131868131868132,0.6333333333333333,0.8604651162790697,0.6909090909090909,0.752047952047952,0.8465116279069766
574,18,41,7,7,0.8082191780821918,0.7870833333333334,0.8541666666666666,0.72,0.8541666666666666,0.72,0.8541666666666666,0.72,0.7870833333333334,0.8799999999999999
575,19,34,13,7,0.726027397260274,0.7270867430441899,0.723404255319149,0.7307692307692307,0.7727272727272727,0.7307692307692307,0.723404255319149,0.6551724137931034,0.7139498432601881,0.8273322422258592
576,18,39,5,11,0.7808219178082192,0.7535266457680251,0.8863636363636364,0.6206896551724138,0.8297872340425532,0.6206896551724138,0.8863636363636364,0.6923076923076923,0.7610474631751227,0.8221003134796239
577,23,36,12,2,0.8082191780821918,0.835,0.75,0.92,0.8372093023255814,0.92,0.75,0.7666666666666667,0.8019379844961241,0.9516666666666667
578,25,34,9,5,0.8082191780821918,0.812015503875969,0.7906976744186046,0.8333333333333334,0.8292682926829268,0.8333333333333334,0.7906976744186046,0.78125,0.8052591463414633,0.8875968992248062
579,20,39,8,6,0.8082191780821918,0.7995090016366613,0.8297872340425532,0.7692307692307693,0.8478260869565217,0.7692307692307693,0.8297872340425532,0.7407407407407407,0.7942834138486312,0.8494271685761048
580,17,38,11,7,0.7534246575342466,0.741921768707483,0.7755102040816326,0.7083333333333334,0.8085106382978723,0.7083333333333334,0.7755102040816326,0.6538461538461539,0.7311783960720131,0.8639455782312926
581,24,35,8,6,0.8082191780821918,0.8069767441860465,0.813953488372093,0.8,0.8333333333333334,0.8,0.813953488372093,0.7741935483870968,0.803763440860215,0.8937984496124031
582,15,42,10,6,0.7808219178082192,0.760989010989011,0.8076923076923077,0.7142857142857143,0.84,0.7142857142857143,0.8076923076923077,0.6521739130434783,0.7460869565217392,0.8214285714285714
583,19,36,10,8,0.7534246575342466,0.7431561996779388,0.782608695652174,0.7037037037037037,0.8,0.7037037037037037,0.782608695652174,0.6785714285714286,0.7392857142857143,0.822061191626409
584,14,37,11,11,0.6986301369863014,0.6654166666666668,0.7708333333333334,0.56,0.7708333333333334,0.56,0.7708333333333334,0.56,0.6654166666666668,0.79
585,22,36,10,5,0.7945205479452054,0.7987117552334944,0.782608695652174,0.8148148148148148,0.8275862068965517,0.8148148148148148,0.782608695652174,0.7457627118644068,0.7866744593804793,0.8792270531400966
586,22,36,11,4,0.7945205479452054,0.8060556464811783,0.7659574468085106,0.8461538461538461,0.8275862068965517,0.8461538461538461,0.7659574468085106,0.7457627118644068,0.7866744593804793,0.911620294599018
587,22,36,11,4,0.7945205479452054,0.8060556464811783,0.7659574468085106,0.8461538461538461,0.8275862068965517,0.8461538461538461,0.7659574468085106,0.7457627118644068,0.7866744593804793,0.8878887070376432
588,11,43,6,13,0.7397260273972602,0.6679421768707483,0.8775510204081632,0.4583333333333333,0.819047619047619,0.4583333333333333,0.8775510204081632,0.5365853658536586,0.6778164924506388,0.7585034013605443
589,19,35,14,5,0.7397260273972602,0.7529761904761905,0.7142857142857143,0.7916666666666666,0.7865168539325843,0.7916666666666666,0.7142857142857143,0.6666666666666666,0.7265917602996255,0.8894557823129252
590,18,40,8,7,0.7945205479452054,0.7766666666666666,0.8333333333333334,0.72,0.8421052631578947,0.72,0.8333333333333334,0.7058823529411765,0.7739938080495357,0.8408333333333333
591,17,46,9,1,0.863013698630137,0.8904040404040403,0.8363636363636363,0.9444444444444444,0.9019607843137255,0.9444444444444444,0.8363636363636363,0.7727272727272727,0.8373440285204992,0.9424242424242425
592,21,36,7,9,0.7808219178082192,0.7686046511627906,0.8372093023255814,0.7,0.8181818181818182,0.7,0.8372093023255814,0.7241379310344828,0.7711598746081505,0.8527131782945737
593,12,43,10,8,0.7534246575342466,0.7056603773584906,0.8113207547169812,0.6,0.8269230769230769,0.6,0.8113207547169812,0.5714285714285714,0.6991758241758241,0.7877358490566039
594,23,37,9,4,0.821917808219178,0.8280998389694042,0.8043478260869565,0.8518518518518519,0.8505747126436781,0.8518518518518519,0.8043478260869565,0.7796610169491526,0.8151178647964153,0.9460547504025765
595,22,35,14,2,0.7808219178082192,0.8154761904761905,0.7142857142857143,0.9166666666666666,0.813953488372093,0.9166666666666666,0.7142857142857143,0.7333333333333333,0.7736434108527132,0.9319727891156462
596,16,39,11,7,0.7534246575342466,0.7378260869565217,0.78,0.6956521739130435,0.8125,0.6956521739130435,0.78,0.64,0.7262500000000001,0.8034782608695652
597,21,28,17,7,0.6712328767123288,0.6861111111111111,0.6222222222222222,0.75,0.7,0.75,0.6222222222222222,0.6363636363636364,0.6681818181818182,0.8007936507936508
598,21,36,10,6,0.7808219178082192,0.7801932367149759,0.782608695652174,0.7777777777777778,0.8181818181818182,0.7777777777777778,0.782608695652174,0.7241379310344828,0.7711598746081505,0.8607085346215781
599,15,45,9,4,0.821917808219178,0.8114035087719298,0.8333333333333334,0.7894736842105263,0.8737864077669902,0.7894736842105263,0.8333333333333334,0.6976744186046512,0.7857304131858207,0.834307992202729
600,15,38,12,8,0.726027397260274,0.7060869565217391,0.76,0.6521739130434783,0.7916666666666666,0.6521739130434783,0.76,0.6,0.6958333333333333,0.808695652173913
601,20,38,9,6,0.7945205479452054,0.7888707037643208,0.8085106382978723,0.7692307692307693,0.8351648351648352,0.7692307692307693,0.8085106382978723,0.7272727272727273,0.7812187812187812,0.8756137479541736
602,14,41,15,3,0.7534246575342466,0.7778361344537814,0.7321428571428571,0.8235294117647058,0.82,0.8235294117647058,0.7321428571428571,0.6086956521739131,0.7143478260869565,0.9222689075630253
603,17,41,8,7,0.7945205479452054,0.7725340136054422,0.8367346938775511,0.7083333333333334,0.845360824742268,0.7083333333333334,0.8367346938775511,0.6938775510204082,0.7696191878813381,0.8503401360544217
604,24,37,8,4,0.8356164383561644,0.8396825396825396,0.8222222222222222,0.8571428571428571,0.8604651162790697,0.8571428571428571,0.8222222222222222,0.8,0.8302325581395349,0.903968253968254
605,18,39,8,8,0.7808219178082192,0.7610474631751227,0.8297872340425532,0.6923076923076923,0.8297872340425532,0.6923076923076923,0.8297872340425532,0.6923076923076923,0.7610474631751227,0.90671031096563
606,23,31,7,12,0.7397260273972602,0.7364661654135338,0.8157894736842105,0.6571428571428571,0.7654320987654321,0.6571428571428571,0.8157894736842105,0.7076923076923077,0.7365622032288699,0.8105263157894738
607,23,39,9,2,0.8493150684931506,0.86625,0.8125,0.92,0.8764044943820225,0.92,0.8125,0.8070175438596491,0.8417110191208358,0.9500000000000001
608,20,38,8,7,0.7945205479452054,0.7834138486312399,0.8260869565217391,0.7407407407407407,0.8351648351648352,0.7407407407407407,0.8260869565217391,0.7272727272727273,0.7812187812187812,0.8502415458937197
609,18,43,6,6,0.8356164383561644,0.8137755102040816,0.8775510204081632,0.75,0.8775510204081632,0.75,0.8775510204081632,0.75,0.8137755102040816,0.9107142857142857
610,11,43,10,9,0.7397260273972602,0.6806603773584906,0.8113207547169812,0.55,0.819047619047619,0.55,0.8113207547169812,0.5365853658536586,0.6778164924506388,0.7132075471698113
611,15,35,14,9,0.684931506849315,0.6696428571428572,0.7142857142857143,0.625,0.7526881720430108,0.625,0.7142857142857143,0.5660377358490566,0.6593629539460337,0.7542517006802721
612,19,40,10,4,0.8082191780821918,0.8130434782608695,0.8,0.8260869565217391,0.851063829787234,0.8260869565217391,0.8,0.7307692307692307,0.7909165302782324,0.9095652173913044
613,17,35,17,4,0.7123287671232876,0.7413003663003663,0.6730769230769231,0.8095238095238095,0.7692307692307693,0.8095238095238095,0.6730769230769231,0.6181818181818182,0.6937062937062937,0.8882783882783882
614,14,42,12,5,0.7671232876712328,0.7573099415204678,0.7777777777777778,0.7368421052631579,0.8316831683168316,0.7368421052631579,0.7777777777777778,0.6222222222222222,0.7269526952695269,0.8304093567251462
615,23,32,14,4,0.7534246575342466,0.7737520128824477,0.6956521739130435,0.8518518518518519,0.7804878048780488,0.8518518518518519,0.6956521739130435,0.71875,0.7496189024390244,0.8486312399355878
616,18,40,7,8,0.7945205479452054,0.7716857610474632,0.851063829787234,0.6923076923076923,0.8421052631578947,0.6923076923076923,0.851063829787234,0.7058823529411765,0.7739938080495357,0.839607201309329
617,17,39,7,10,0.7671232876712328,0.7387278582930756,0.8478260869565217,0.6296296296296297,0.8210526315789474,0.6296296296296297,0.8478260869565217,0.6666666666666666,0.743859649122807,0.826086956521739
618,18,41,11,3,0.8082191780821918,0.8228021978021978,0.7884615384615384,0.8571428571428571,0.8541666666666666,0.8571428571428571,0.7884615384615384,0.72,0.7870833333333334,0.9093406593406593
619,17,37,11,8,0.7397260273972602,0.7254166666666667,0.7708333333333334,0.68,0.7956989247311828,0.68,0.7708333333333334,0.6415094339622641,0.7186041793467235,0.8400000000000001
620,19,39,10,5,0.7945205479452054,0.7937925170068028,0.7959183673469388,0.7916666666666666,0.8387096774193549,0.7916666666666666,0.7959183673469388,0.7169811320754716,0.7778454047474133,0.8801020408163266
621,16,42,8,7,0.7945205479452054,0.7678260869565217,0.84,0.6956521739130435,0.8484848484848485,0.6956521739130435,0.84,0.6808510638297872,0.7646679561573179,0.8782608695652173
622,25,34,10,4,0.8082191780821918,0.817398119122257,0.7727272727272727,0.8620689655172413,0.8292682926829268,0.8620689655172413,0.7727272727272727,0.78125,0.8052591463414633,0.8777429467084639
623,25,27,10,11,0.7123287671232876,0.712087087087087,0.7297297297297297,0.6944444444444444,0.72,0.6944444444444444,0.7297297297297297,0.704225352112676,0.712112676056338,0.8153153153153153
624,21,41,7,4,0.8493150684931506,0.8470833333333333,0.8541666666666666,0.84,0.8817204301075269,0.84,0.8541666666666666,0.7924528301886793,0.837086630148103,0.8875
625,19,43,6,5,0.8493150684931506,0.8346088435374149,0.8775510204081632,0.7916666666666666,0.8865979381443299,0.7916666666666666,0.8775510204081632,0.7755102040816326,0.8310540711129812,0.8630952380952381
626,15,41,12,5,0.7671232876712328,0.7617924528301887,0.7735849056603774,0.75,0.8282828282828283,0.75,0.7735849056603774,0.6382978723404256,0.7332903503116269,0.8650943396226416
627,22,33,10,8,0.7534246575342466,0.7503875968992249,0.7674418604651163,0.7333333333333333,0.7857142857142857,0.7333333333333333,0.7674418604651163,0.7096774193548387,0.7476958525345623,0.8147286821705426
628,15,41,11,6,0.7671232876712328,0.7513736263736264,0.7884615384615384,0.7142857142857143,0.8282828282828283,0.7142857142857143,0.7884615384615384,0.6382978723404256,0.7332903503116269,0.8205128205128205
629,19,36,10,8,0.7534246575342466,0.7431561996779388,0.782608695652174,0.7037037037037037,0.8,0.7037037037037037,0.782608695652174,0.6785714285714286,0.7392857142857143,0.8446054750402577
630,22,36,4,11,0.7945205479452054,0.7833333333333333,0.9,0.6666666666666666,0.8275862068965517,0.6666666666666666,0.9,0.7457627118644068,0.7866744593804793,0.8295454545454545
631,26,35,6,6,0.8356164383561644,0.8330792682926829,0.8536585365853658,0.8125,0.8536585365853658,0.8125,0.8536585365853658,0.8125,0.8330792682926829,0.9032012195121952
632,18,36,17,2,0.7397260273972602,0.789622641509434,0.6792452830188679,0.9,0.7912087912087912,0.9,0.6792452830188679,0.6545454545454545,0.7228771228771229,0.9188679245283019
633,25,28,10,10,0.726027397260274,0.7255639097744361,0.7368421052631579,0.7142857142857143,0.7368421052631579,0.7142857142857143,0.7368421052631579,0.7142857142857143,0.7255639097744361,0.8187969924812031
634,18,33,17,5,0.6986301369863014,0.721304347826087,0.66,0.782608695652174,0.75,0.782608695652174,0.66,0.6206896551724138,0.6853448275862069,0.8252173913043479
635,18,45,6,4,0.863013698630137,0.8502673796791445,0.8823529411764706,0.8181818181818182,0.9,0.8181818181818182,0.8823529411764706,0.782608695652174,0.841304347826087,0.9269162210338682
636,14,48,9,2,0.8493150684931506,0.8585526315789473,0.8421052631578947,0.875,0.897196261682243,0.875,0.8421052631578947,0.717948717948718,0.8075724898154805,0.8870614035087718
637,21,40,9,3,0.8356164383561644,0.8456632653061225,0.8163265306122449,0.875,0.8695652173913043,0.875,0.8163265306122449,0.7777777777777778,0.8236714975845411,0.9413265306122449
638,17,35,8,13,0.7123287671232876,0.6903100775193798,0.813953488372093,0.5666666666666667,0.7692307692307693,0.5666666666666667,0.813953488372093,0.6181818181818182,0.6937062937062937,0.7302325581395348
639,16,37,10,10,0.726027397260274,0.7013093289689034,0.7872340425531915,0.6153846153846154,0.7872340425531915,0.6153846153846154,0.7872340425531915,0.6153846153846154,0.7013093289689034,0.7422258592471358
640,18,34,10,11,0.7123287671232876,0.6967084639498433,0.7727272727272727,0.6206896551724138,0.7640449438202247,0.6206896551724138,0.7727272727272727,0.631578947368421,0.6978119455943228,0.7633228840125392
641,21,39,7,6,0.821917808219178,0.8128019323671498,0.8478260869565217,0.7777777777777778,0.8571428571428571,0.7777777777777778,0.8478260869565217,0.7636363636363637,0.8103896103896104,0.8703703703703703
642,16,39,12,6,0.7534246575342466,0.7459893048128342,0.7647058823529411,0.7272727272727273,0.8125,0.7272727272727273,0.7647058823529411,0.64,0.7262500000000001,0.8654188948306596
643,22,33,12,6,0.7534246575342466,0.7595238095238095,0.7333333333333333,0.7857142857142857,0.7857142857142857,0.7857142857142857,0.7333333333333333,0.7096774193548387,0.7476958525345623,0.888888888888889
644,27,33,8,5,0.821917808219178,0.8243140243902439,0.8048780487804879,0.84375,0.8354430379746836,0.84375,0.8048780487804879,0.8059701492537313,0.8207065936142075,0.916920731707317
645,15,40,11,7,0.7534246575342466,0.7330659536541889,0.7843137254901961,0.6818181818181818,0.8163265306122449,0.6818181818181818,0.7843137254901961,0.625,0.7206632653061225,0.7869875222816399
646,24,36,5,8,0.821917808219178,0.8140243902439024,0.8780487804878049,0.75,0.8470588235294118,0.75,0.8780487804878049,0.7868852459016393,0.8169720347155256,0.8856707317073169
647,23,32,9,9,0.7534246575342466,0.7496189024390244,0.7804878048780488,0.71875,0.7804878048780488,0.71875,0.7804878048780488,0.71875,0.7496189024390244,0.8170731707317074
648,17,40,9,7,0.7808219178082192,0.7623299319727892,0.8163265306122449,0.7083333333333334,0.8333333333333334,0.7083333333333334,0.8163265306122449,0.68,0.7566666666666667,0.8027210884353742
649,23,35,8,7,0.7945205479452054,0.7903100775193799,0.813953488372093,0.7666666666666667,0.8235294117647058,0.7666666666666667,0.813953488372093,0.7540983606557377,0.7888138862102217,0.8643410852713178
650,21,35,7,10,0.7671232876712328,0.7553763440860215,0.8333333333333334,0.6774193548387096,0.8045977011494253,0.6774193548387096,0.8333333333333334,0.711864406779661,0.7582310539645432,0.8056835637480799
651,15,36,11,11,0.6986301369863014,0.6714402618657938,0.7659574468085106,0.5769230769230769,0.7659574468085106,0.5769230769230769,0.7659574468085106,0.5769230769230769,0.6714402618657938,0.7774140752864156
652,20,38,8,7,0.7945205479452054,0.7834138486312399,0.8260869565217391,0.7407407407407407,0.8351648351648352,0.7407407407407407,0.8260869565217391,0.7272727272727273,0.7812187812187812,0.9194847020933978
653,16,43,7,7,0.8082191780821918,0.7778260869565217,0.86,0.6956521739130435,0.86,0.6956521739130435,0.86,0.6956521739130435,0.7778260869565217,0.8469565217391304
654,15,42,11,5,0.7808219178082192,0.7712264150943396,0.7924528301886793,0.75,0.84,0.75,0.7924528301886793,0.6521739130434783,0.7460869565217392,0.7971698113207547
655,14,47,9,3,0.8356164383561644,0.83140756302521,0.8392857142857143,0.8235294117647058,0.8867924528301887,0.8235294117647058,0.8392857142857143,0.7,0.7933962264150943,0.8834033613445379
656,23,36,4,10,0.8082191780821918,0.7984848484848486,0.9,0.696969696969697,0.8372093023255814,0.696969696969697,0.9,0.7666666666666667,0.8019379844961241,0.8977272727272727
657,13,46,10,4,0.8082191780821918,0.7930672268907563,0.8214285714285714,0.7647058823529411,0.8679245283018868,0.7647058823529411,0.8214285714285714,0.65,0.7589622641509435,0.9275210084033613
658,26,32,12,3,0.7945205479452054,0.8119122257053292,0.7272727272727273,0.896551724137931,0.810126582278481,0.896551724137931,0.7272727272727273,0.7761194029850746,0.7931229926317778,0.8934169278996864
659,21,35,11,6,0.7671232876712328,0.7693236714975846,0.7608695652173914,0.7777777777777778,0.8045977011494253,0.7777777777777778,0.7608695652173914,0.711864406779661,0.7582310539645432,0.8623188405797101
660,18,31,14,10,0.6712328767123288,0.665873015873016,0.6888888888888889,0.6428571428571429,0.7209302325581395,0.6428571428571429,0.6888888888888889,0.6,0.6604651162790698,0.8111111111111111
661,18,36,16,3,0.7397260273972602,0.7747252747252746,0.6923076923076923,0.8571428571428571,0.7912087912087912,0.8571428571428571,0.6923076923076923,0.6545454545454545,0.7228771228771229,0.8525641025641026
662,21,37,9,6,0.7945205479452054,0.7910628019323671,0.8043478260869565,0.7777777777777778,0.8314606741573034,0.7777777777777778,0.8043478260869565,0.7368421052631579,0.7841513897102306,0.8526570048309178
663,15,45,8,5,0.821917808219178,0.7995283018867925,0.8490566037735849,0.75,0.8737864077669902,0.75,0.8490566037735849,0.6976744186046512,0.7857304131858207,0.880188679245283
664,20,39,8,6,0.8082191780821918,0.7995090016366613,0.8297872340425532,0.7692307692307693,0.8478260869565217,0.7692307692307693,0.8297872340425532,0.7407407407407407,0.7942834138486312,0.8731587561374795
665,14,42,11,6,0.7671232876712328,0.7462264150943396,0.7924528301886793,0.7,0.8316831683168316,0.7,0.7924528301886793,0.6222222222222222,0.7269526952695269,0.8433962264150945
666,20,33,13,7,0.726027397260274,0.7290660225442833,0.717391304347826,0.7407407407407407,0.7674418604651163,0.7407407407407407,0.717391304347826,0.6666666666666666,0.7170542635658914,0.790660225442834
667,19,39,9,6,0.7945205479452054,0.78625,0.8125,0.76,0.8387096774193549,0.76,0.8125,0.7169811320754716,0.7778454047474133,0.8641666666666666
668,17,40,10,6,0.7808219178082192,0.7695652173913043,0.8,0.7391304347826086,0.8333333333333334,0.7391304347826086,0.8,0.68,0.7566666666666667,0.8643478260869566
669,17,39,11,6,0.7671232876712328,0.7595652173913043,0.78,0.7391304347826086,0.8210526315789474,0.7391304347826086,0.78,0.6666666666666666,0.743859649122807,0.8547826086956521
670,16,38,9,10,0.7397260273972602,0.7119476268412439,0.8085106382978723,0.6153846153846154,0.8,0.6153846153846154,0.8085106382978723,0.6274509803921569,0.7137254901960784,0.8289689034369885
671,19,41,6,7,0.821917808219178,0.8015548281505729,0.8723404255319149,0.7307692307692307,0.8631578947368421,0.7307692307692307,0.8723404255319149,0.7450980392156863,0.8041279669762642,0.8412438625204582
672,22,37,7,7,0.8082191780821918,0.7997648902821317,0.8409090909090909,0.7586206896551724,0.8409090909090909,0.7586206896551724,0.8409090909090909,0.7586206896551724,0.7997648902821317,0.8369905956112853
673,18,40,7,8,0.7945205479452054,0.7716857610474632,0.851063829787234,0.6923076923076923,0.8421052631578947,0.6923076923076923,0.851063829787234,0.7058823529411765,0.7739938080495357,0.8117839607201309
674,19,39,10,5,0.7945205479452054,0.7937925170068028,0.7959183673469388,0.7916666666666666,0.8387096774193549,0.7916666666666666,0.7959183673469388,0.7169811320754716,0.7778454047474133,0.8784013605442177
675,20,35,9,9,0.7534246575342466,0.7425548589341693,0.7954545454545454,0.6896551724137931,0.7954545454545454,0.6896551724137931,0.7954545454545454,0.6896551724137931,0.7425548589341693,0.8252351097178684
676,20,36,9,8,0.7671232876712328,0.7571428571428571,0.8,0.7142857142857143,0.8089887640449438,0.7142857142857143,0.8,0.7017543859649122,0.755371575004928,0.8444444444444444
677,20,39,9,5,0.8082191780821918,0.80625,0.8125,0.8,0.8478260869565217,0.8,0.8125,0.7407407407407407,0.7942834138486312,0.8858333333333334
678,13,37,14,9,0.684931506849315,0.6581996434937611,0.7254901960784313,0.5909090909090909,0.7628865979381443,0.5909090909090909,0.7254901960784313,0.5306122448979592,0.6467494214180518,0.8101604278074866
679,22,32,9,10,0.7397260273972602,0.7339939024390244,0.7804878048780488,0.6875,0.7710843373493976,0.6875,0.7804878048780488,0.6984126984126984,0.734748517881048,0.8384146341463414
680,23,32,15,3,0.7534246575342466,0.782733224222586,0.6808510638297872,0.8846153846153846,0.7804878048780488,0.8846153846153846,0.6808510638297872,0.71875,0.7496189024390244,0.9001636661211129
681,24,34,8,7,0.7945205479452054,0.7918586789554531,0.8095238095238095,0.7741935483870968,0.8192771084337349,0.7741935483870968,0.8095238095238095,0.7619047619047619,0.7905909351692484,0.8840245775729646
682,17,43,8,5,0.821917808219178,0.8079322638146167,0.8431372549019608,0.7727272727272727,0.8686868686868687,0.7727272727272727,0.8431372549019608,0.723404255319149,0.7960455620030089,0.8778966131907309
683,16,34,15,8,0.684931506849315,0.6802721088435374,0.6938775510204082,0.6666666666666666,0.7472527472527473,0.6666666666666666,0.6938775510204082,0.5818181818181818,0.6645354645354645,0.760204081632653
684,22,32,7,12,0.7397260273972602,0.7337858220211162,0.8205128205128205,0.6470588235294118,0.7710843373493976,0.6470588235294118,0.8205128205128205,0.6984126984126984,0.734748517881048,0.8476621417797888
685,16,42,9,6,0.7945205479452054,0.7754010695187166,0.8235294117647058,0.7272727272727273,0.8484848484848485,0.7272727272727273,0.8235294117647058,0.6808510638297872,0.7646679561573179,0.839572192513369
686,15,40,12,6,0.7534246575342466,0.7417582417582418,0.7692307692307693,0.7142857142857143,0.8163265306122449,0.7142857142857143,0.7692307692307693,0.625,0.7206632653061225,0.8113553113553114
687,18,39,8,8,0.7808219178082192,0.7610474631751227,0.8297872340425532,0.6923076923076923,0.8297872340425532,0.6923076923076923,0.8297872340425532,0.6923076923076923,0.7610474631751227,0.8314238952536825
688,24,29,11,9,0.726027397260274,0.7261363636363636,0.725,0.7272727272727273,0.7435897435897436,0.7272727272727273,0.725,0.7058823529411765,0.7247360482654601,0.8613636363636363
689,28,33,6,6,0.8356164383561644,0.8348416289592759,0.8461538461538461,0.8235294117647058,0.8461538461538461,0.8235294117647058,0.8461538461538461,0.8235294117647058,0.8348416289592759,0.88763197586727
690,15,44,6,8,0.8082191780821918,0.7660869565217392,0.88,0.6521739130434783,0.8627450980392157,0.6521739130434783,0.88,0.6818181818181818,0.7722816399286987,0.9139130434782609
691,19,37,12,5,0.7671232876712328,0.7733843537414966,0.7551020408163265,0.7916666666666666,0.8131868131868132,0.7916666666666666,0.7551020408163265,0.6909090909090909,0.752047952047952,0.8835034013605442
692,19,30,18,6,0.6712328767123288,0.6925,0.625,0.76,0.7142857142857143,0.76,0.625,0.6129032258064516,0.663594470046083,0.8208333333333334
693,20,40,7,6,0.821917808219178,0.8101472995090017,0.851063829787234,0.7692307692307693,0.8602150537634409,0.7692307692307693,0.851063829787234,0.7547169811320755,0.8074660174477581,0.8780687397708674
694,23,35,6,9,0.7945205479452054,0.7862042682926829,0.8536585365853658,0.71875,0.8235294117647058,0.71875,0.8536585365853658,0.7540983606557377,0.7888138862102217,0.8269817073170731
695,19,37,7,10,0.7671232876712328,0.7480407523510972,0.8409090909090909,0.6551724137931034,0.8131868131868132,0.6551724137931034,0.8409090909090909,0.6909090909090909,0.752047952047952,0.865987460815047
696,17,39,8,9,0.7671232876712328,0.7418166939443536,0.8297872340425532,0.6538461538461539,0.8210526315789474,0.6538461538461539,0.8297872340425532,0.6666666666666666,0.743859649122807,0.8183306055646481
697,18,37,12,6,0.7534246575342466,0.7525510204081632,0.7551020408163265,0.75,0.8043478260869565,0.75,0.7551020408163265,0.6666666666666666,0.7355072463768115,0.8256802721088435
698,19,35,8,11,0.7397260273972602,0.7236434108527132,0.813953488372093,0.6333333333333333,0.7865168539325843,0.6333333333333333,0.813953488372093,0.6666666666666666,0.7265917602996255,0.8240310077519379
699,15,44,6,8,0.8082191780821918,0.7660869565217392,0.88,0.6521739130434783,0.8627450980392157,0.6521739130434783,0.88,0.6818181818181818,0.7722816399286987,0.826086956521739
700,14,46,5,8,0.821917808219178,0.7691622103386809,0.9019607843137255,0.6363636363636364,0.8761904761904762,0.6363636363636364,0.9019607843137255,0.6829268292682927,0.7795586527293845,0.8680926916221033
701,20,33,12,8,0.726027397260274,0.7238095238095238,0.7333333333333333,0.7142857142857143,0.7674418604651163,0.7142857142857143,0.7333333333333333,0.6666666666666666,0.7170542635658914,0.8126984126984127
702,22,37,13,1,0.8082191780821918,0.8482608695652174,0.74,0.9565217391304348,0.8409090909090909,0.9565217391304348,0.74,0.7586206896551724,0.7997648902821317,0.9521739130434782
703,21,38,10,4,0.8082191780821918,0.8158333333333333,0.7916666666666666,0.84,0.8444444444444444,0.84,0.7916666666666666,0.75,0.7972222222222223,0.8533333333333333
704,22,36,10,5,0.7945205479452054,0.7987117552334944,0.782608695652174,0.8148148148148148,0.8275862068965517,0.8148148148148148,0.782608695652174,0.7457627118644068,0.7866744593804793,0.9057971014492754
705,18,45,6,4,0.863013698630137,0.8502673796791445,0.8823529411764706,0.8181818181818182,0.9,0.8181818181818182,0.8823529411764706,0.782608695652174,0.841304347826087,0.9162210338680927
706,18,36,9,10,0.7397260273972602,0.7214285714285715,0.8,0.6428571428571429,0.7912087912087912,0.6428571428571429,0.8,0.6545454545454545,0.7228771228771229,0.8055555555555556
707,20,33,15,5,0.726027397260274,0.74375,0.6875,0.8,0.7674418604651163,0.8,0.6875,0.6666666666666666,0.7170542635658914,0.8933333333333334
708,19,36,10,8,0.7534246575342466,0.7431561996779388,0.782608695652174,0.7037037037037037,0.8,0.7037037037037037,0.782608695652174,0.6785714285714286,0.7392857142857143,0.8413848631239935
709,23,35,12,3,0.7945205479452054,0.8146481178396072,0.7446808510638298,0.8846153846153846,0.8235294117647058,0.8846153846153846,0.7446808510638298,0.7540983606557377,0.7888138862102217,0.9091653027823241
710,15,38,8,12,0.726027397260274,0.6908212560386473,0.8260869565217391,0.5555555555555556,0.7916666666666666,0.5555555555555556,0.8260869565217391,0.6,0.6958333333333333,0.8365539452495974
711,22,33,10,8,0.7534246575342466,0.7503875968992249,0.7674418604651163,0.7333333333333333,0.7857142857142857,0.7333333333333333,0.7674418604651163,0.7096774193548387,0.7476958525345623,0.830232558139535
712,21,31,15,6,0.7123287671232876,0.7258454106280193,0.6739130434782609,0.7777777777777778,0.7469879518072289,0.7777777777777778,0.6739130434782609,0.6666666666666666,0.7068273092369477,0.8518518518518519
713,22,33,12,6,0.7534246575342466,0.7595238095238095,0.7333333333333333,0.7857142857142857,0.7857142857142857,0.7857142857142857,0.7333333333333333,0.7096774193548387,0.7476958525345623,0.8404761904761905
714,17,43,8,5,0.821917808219178,0.8079322638146167,0.8431372549019608,0.7727272727272727,0.8686868686868687,0.7727272727272727,0.8431372549019608,0.723404255319149,0.7960455620030089,0.8404634581105169
715,21,41,8,3,0.8493150684931506,0.8558673469387755,0.8367346938775511,0.875,0.8817204301075269,0.875,0.8367346938775511,0.7924528301886793,0.837086630148103,0.9430272108843538
716,18,38,7,10,0.7671232876712328,0.7436507936507937,0.8444444444444444,0.6428571428571429,0.8172043010752689,0.6428571428571429,0.8444444444444444,0.6792452830188679,0.7482247920470684,0.8706349206349207
717,24,39,5,5,0.863013698630137,0.856974921630094,0.8863636363636364,0.8275862068965517,0.8863636363636364,0.8275862068965517,0.8863636363636364,0.8275862068965517,0.856974921630094,0.9051724137931035
718,17,44,8,4,0.8356164383561644,0.8278388278388278,0.8461538461538461,0.8095238095238095,0.88,0.8095238095238095,0.8461538461538461,0.7391304347826086,0.8095652173913044,0.8608058608058609
719,15,34,14,10,0.6712328767123288,0.6541666666666667,0.7083333333333334,0.6,0.7391304347826086,0.6,0.7083333333333334,0.5555555555555556,0.6473429951690821,0.7566666666666666
720,11,42,12,8,0.726027397260274,0.6783625730994152,0.7777777777777778,0.5789473684210527,0.8076923076923077,0.5789473684210527,0.7777777777777778,0.5238095238095238,0.6657509157509158,0.7807017543859649
721,19,35,12,7,0.7397260273972602,0.7377250409165302,0.7446808510638298,0.7307692307692307,0.7865168539325843,0.7307692307692307,0.7446808510638298,0.6666666666666666,0.7265917602996255,0.8502454991816693
722,17,44,7,5,0.8356164383561644,0.8177361853832442,0.8627450980392157,0.7727272727272727,0.88,0.7727272727272727,0.8627450980392157,0.7391304347826086,0.8095652173913044,0.93048128342246
723,15,41,13,4,0.7671232876712328,0.7743664717348928,0.7592592592592593,0.7894736842105263,0.8282828282828283,0.7894736842105263,0.7592592592592593,0.6382978723404256,0.7332903503116269,0.8489278752436649
724,22,34,13,4,0.7671232876712328,0.7847790507364976,0.723404255319149,0.8461538461538461,0.8,0.8461538461538461,0.723404255319149,0.7213114754098361,0.7606557377049181,0.8747954173486089
725,17,42,10,4,0.8082191780821918,0.8086080586080586,0.8076923076923077,0.8095238095238095,0.8571428571428571,0.8095238095238095,0.8076923076923077,0.7083333333333334,0.7827380952380952,0.8754578754578755
726,22,35,11,5,0.7808219178082192,0.787842190016103,0.7608695652173914,0.8148148148148148,0.813953488372093,0.8148148148148148,0.7608695652173914,0.7333333333333333,0.7736434108527132,0.8735909822866345
727,20,43,6,4,0.863013698630137,0.8554421768707483,0.8775510204081632,0.8333333333333334,0.8958333333333334,0.8333333333333334,0.8775510204081632,0.8,0.8479166666666667,0.9149659863945578
728,18,45,5,5,0.863013698630137,0.841304347826087,0.9,0.782608695652174,0.9,0.782608695652174,0.9,0.782608695652174,0.841304347826087,0.8643478260869566
729,21,35,8,9,0.7671232876712328,0.7569767441860464,0.813953488372093,0.7,0.8045977011494253,0.7,0.813953488372093,0.711864406779661,0.7582310539645432,0.8713178294573644
730,23,35,8,7,0.7945205479452054,0.7903100775193799,0.813953488372093,0.7666666666666667,0.8235294117647058,0.7666666666666667,0.813953488372093,0.7540983606557377,0.7888138862102217,0.9
731,18,38,9,8,0.7671232876712328,0.7504091653027822,0.8085106382978723,0.6923076923076923,0.8172043010752689,0.6923076923076923,0.8085106382978723,0.6792452830188679,0.7482247920470684,0.8109656301145662
732,15,36,13,9,0.6986301369863014,0.6798469387755102,0.7346938775510204,0.625,0.7659574468085106,0.625,0.7346938775510204,0.5769230769230769,0.6714402618657938,0.7831632653061225
733,27,32,9,5,0.8082191780821918,0.8121189024390244,0.7804878048780488,0.84375,0.8205128205128205,0.84375,0.7804878048780488,0.7941176470588235,0.807315233785822,0.9039634146341464
734,18,36,10,9,0.7397260273972602,0.7246376811594203,0.782608695652174,0.6666666666666666,0.7912087912087912,0.6666666666666666,0.782608695652174,0.6545454545454545,0.7228771228771229,0.8341384863123994
735,18,37,11,7,0.7534246575342466,0.7454166666666666,0.7708333333333334,0.72,0.8043478260869565,0.72,0.7708333333333334,0.6666666666666666,0.7355072463768115,0.835
736,10,44,9,10,0.7397260273972602,0.6650943396226415,0.8301886792452831,0.5,0.822429906542056,0.5,0.8301886792452831,0.5128205128205128,0.6676252096812845,0.8037735849056604
737,19,35,14,5,0.7397260273972602,0.7529761904761905,0.7142857142857143,0.7916666666666666,0.7865168539325843,0.7916666666666666,0.7142857142857143,0.6666666666666666,0.7265917602996255,0.8282312925170068
738,21,38,9,5,0.8082191780821918,0.8081014729950899,0.8085106382978723,0.8076923076923077,0.8444444444444444,0.8076923076923077,0.8085106382978723,0.75,0.7972222222222223,0.8363338788870704
739,15,36,13,9,0.6986301369863014,0.6798469387755102,0.7346938775510204,0.625,0.7659574468085106,0.625,0.7346938775510204,0.5769230769230769,0.6714402618657938,0.7636054421768708
740,17,38,9,9,0.7534246575342466,0.7311783960720131,0.8085106382978723,0.6538461538461539,0.8085106382978723,0.6538461538461539,0.8085106382978723,0.6538461538461539,0.7311783960720131,0.7962356792144026
741,16,42,8,7,0.7945205479452054,0.7678260869565217,0.84,0.6956521739130435,0.8484848484848485,0.6956521739130435,0.84,0.6808510638297872,0.7646679561573179,0.7939130434782609
742,19,43,7,4,0.8493150684931506,0.8430434782608696,0.86,0.8260869565217391,0.8865979381443299,0.8260869565217391,0.86,0.7755102040816326,0.8310540711129812,0.9365217391304348
743,19,34,13,7,0.726027397260274,0.7270867430441899,0.723404255319149,0.7307692307692307,0.7727272727272727,0.7307692307692307,0.723404255319149,0.6551724137931034,0.7139498432601881,0.797872340425532
744,18,35,14,6,0.726027397260274,0.7321428571428572,0.7142857142857143,0.75,0.7777777777777778,0.75,0.7142857142857143,0.6428571428571429,0.7103174603174603,0.8494897959183674
745,18,32,13,10,0.684931506849315,0.676984126984127,0.7111111111111111,0.6428571428571429,0.735632183908046,0.6428571428571429,0.7111111111111111,0.6101694915254238,0.6729008377167349,0.7341269841269842
746,22,38,9,4,0.821917808219178,0.8273322422258592,0.8085106382978723,0.8461538461538461,0.8539325842696629,0.8461538461538461,0.8085106382978723,0.7719298245614035,0.8129312044155332,0.867430441898527
747,14,44,10,5,0.7945205479452054,0.7758284600389863,0.8148148148148148,0.7368421052631579,0.8543689320388349,0.7368421052631579,0.8148148148148148,0.6511627906976745,0.7527658613682546,0.888888888888889
748,19,39,11,4,0.7945205479452054,0.8030434782608695,0.78,0.8260869565217391,0.8387096774193549,0.8260869565217391,0.78,0.7169811320754716,0.7778454047474133,0.9060869565217391
749,24,36,6,7,0.821917808219178,0.8156682027649769,0.8571428571428571,0.7741935483870968,0.8470588235294118,0.7741935483870968,0.8571428571428571,0.7868852459016393,0.8169720347155256,0.8655913978494625
750,11,42,11,9,0.726027397260274,0.6712264150943397,0.7924528301886793,0.55,0.8076923076923077,0.55,0.7924528301886793,0.5238095238095238,0.6657509157509158,0.7933962264150944
751,19,38,13,3,0.7808219178082192,0.804367201426025,0.7450980392156863,0.8636363636363636,0.8260869565217391,0.8636363636363636,0.7450980392156863,0.7037037037037037,0.7648953301127215,0.8770053475935828
752,14,46,10,3,0.821917808219178,0.8224789915966386,0.8214285714285714,0.8235294117647058,0.8761904761904762,0.8235294117647058,0.8214285714285714,0.6829268292682927,0.7795586527293845,0.8918067226890756
753,18,38,8,9,0.7671232876712328,0.7463768115942029,0.8260869565217391,0.6666666666666666,0.8172043010752689,0.6666666666666666,0.8260869565217391,0.6792452830188679,0.7482247920470684,0.7785829307568438
754,25,34,9,5,0.8082191780821918,0.812015503875969,0.7906976744186046,0.8333333333333334,0.8292682926829268,0.8333333333333334,0.7906976744186046,0.78125,0.8052591463414633,0.851937984496124
755,16,43,7,7,0.8082191780821918,0.7778260869565217,0.86,0.6956521739130435,0.86,0.6956521739130435,0.86,0.6956521739130435,0.7778260869565217,0.7947826086956521
756,22,35,10,6,0.7808219178082192,0.7817460317460317,0.7777777777777778,0.7857142857142857,0.813953488372093,0.7857142857142857,0.7777777777777778,0.7333333333333333,0.7736434108527132,0.8571428571428572
757,20,39,10,4,0.8082191780821918,0.814625850340136,0.7959183673469388,0.8333333333333334,0.8478260869565217,0.8333333333333334,0.7959183673469388,0.7407407407407407,0.7942834138486312,0.9047619047619048
758,25,37,6,5,0.8493150684931506,0.8468992248062015,0.8604651162790697,0.8333333333333334,0.8705882352941177,0.8333333333333334,0.8604651162790697,0.819672131147541,0.8451301832208293,0.8844961240310077
759,18,36,11,8,0.7397260273972602,0.7291325695581015,0.7659574468085106,0.6923076923076923,0.7912087912087912,0.6923076923076923,0.7659574468085106,0.6545454545454545,0.7228771228771229,0.7929623567921439
760,15,42,6,10,0.7808219178082192,0.7375,0.875,0.6,0.84,0.6,0.875,0.6521739130434783,0.7460869565217392,0.7975000000000001
761,16,38,11,8,0.7397260273972602,0.7210884353741496,0.7755102040816326,0.6666666666666666,0.8,0.6666666666666666,0.7755102040816326,0.6274509803921569,0.7137254901960784,0.8341836734693877
762,15,38,9,11,0.726027397260274,0.6927168576104745,0.8085106382978723,0.5769230769230769,0.7916666666666666,0.5769230769230769,0.8085106382978723,0.6,0.6958333333333333,0.8126022913256956
763,21,36,8,8,0.7808219178082192,0.7711598746081505,0.8181818181818182,0.7241379310344828,0.8181818181818182,0.7241379310344828,0.8181818181818182,0.7241379310344828,0.7711598746081505,0.890282131661442
764,24,34,11,4,0.7945205479452054,0.8063492063492064,0.7555555555555555,0.8571428571428571,0.8192771084337349,0.8571428571428571,0.7555555555555555,0.7619047619047619,0.7905909351692484,0.8944444444444444
765,26,31,13,3,0.7808219178082192,0.8005485893416928,0.7045454545454546,0.896551724137931,0.7948717948717948,0.896551724137931,0.7045454545454546,0.7647058823529411,0.7797888386123679,0.9106583072100314
766,22,32,8,11,0.7397260273972602,0.7333333333333334,0.8,0.6666666666666666,0.7710843373493976,0.6666666666666666,0.8,0.6984126984126984,0.734748517881048,0.8212121212121212
767,11,44,9,9,0.7534246575342466,0.6900943396226416,0.8301886792452831,0.55,0.8301886792452831,0.55,0.8301886792452831,0.55,0.6900943396226416,0.7594339622641509
768,16,37,13,7,0.726027397260274,0.7178260869565217,0.74,0.6956521739130435,0.7872340425531915,0.6956521739130435,0.74,0.6153846153846154,0.7013093289689034,0.7834782608695652
769,16,39,10,8,0.7534246575342466,0.7312925170068028,0.7959183673469388,0.6666666666666666,0.8125,0.6666666666666666,0.7959183673469388,0.64,0.7262500000000001,0.8112244897959182
770,15,35,16,7,0.684931506849315,0.6840463458110517,0.6862745098039216,0.6818181818181818,0.7526881720430108,0.6818181818181818,0.6862745098039216,0.5660377358490566,0.6593629539460337,0.8092691622103387
771,13,46,10,4,0.8082191780821918,0.7930672268907563,0.8214285714285714,0.7647058823529411,0.8679245283018868,0.7647058823529411,0.8214285714285714,0.65,0.7589622641509435,0.8928571428571428
772,18,38,12,5,0.7671232876712328,0.771304347826087,0.76,0.782608695652174,0.8172043010752689,0.782608695652174,0.76,0.6792452830188679,0.7482247920470684,0.8339130434782609
773,17,38,9,9,0.7534246575342466,0.7311783960720131,0.8085106382978723,0.6538461538461539,0.8085106382978723,0.6538461538461539,0.8085106382978723,0.6538461538461539,0.7311783960720131,0.8199672667757775
774,17,42,12,2,0.8082191780821918,0.8362573099415205,0.7777777777777778,0.8947368421052632,0.8571428571428571,0.8947368421052632,0.7777777777777778,0.7083333333333334,0.7827380952380952,0.9639376218323588
775,18,37,13,5,0.7534246575342466,0.761304347826087,0.74,0.782608695652174,0.8043478260869565,0.782608695652174,0.74,0.6666666666666666,0.7355072463768115,0.8504347826086958
776,20,41,6,6,0.8356164383561644,0.820785597381342,0.8723404255319149,0.7692307692307693,0.8723404255319149,0.7692307692307693,0.8723404255319149,0.7692307692307693,0.820785597381342,0.8690671031096563
777,24,36,8,5,0.821917808219178,0.822884012539185,0.8181818181818182,0.8275862068965517,0.8470588235294118,0.8275862068965517,0.8181818181818182,0.7868852459016393,0.8169720347155256,0.8777429467084639
778,20,29,11,13,0.6712328767123288,0.665530303030303,0.725,0.6060606060606061,0.7073170731707317,0.6060606060606061,0.725,0.625,0.6661585365853658,0.740909090909091
779,20,38,10,5,0.7945205479452054,0.7958333333333334,0.7916666666666666,0.8,0.8351648351648352,0.8,0.7916666666666666,0.7272727272727273,0.7812187812187812,0.8783333333333333
780,12,39,6,16,0.6986301369863014,0.6476190476190476,0.8666666666666667,0.42857142857142855,0.78,0.42857142857142855,0.8666666666666667,0.5217391304347826,0.6508695652173913,0.7595238095238095
781,16,44,7,6,0.821917808219178,0.7950089126559715,0.8627450980392157,0.7272727272727273,0.8712871287128713,0.7272727272727273,0.8627450980392157,0.7111111111111111,0.7911991199119912,0.7789661319073083
782,14,37,15,7,0.6986301369863014,0.6891025641025641,0.7115384615384616,0.6666666666666666,0.7708333333333334,0.6666666666666666,0.7115384615384616,0.56,0.6654166666666668,0.8076923076923077
783,20,36,8,9,0.7671232876712328,0.7539184952978057,0.8181818181818182,0.6896551724137931,0.8089887640449438,0.6896551724137931,0.8181818181818182,0.7017543859649122,0.755371575004928,0.8675548589341693
784,11,46,8,8,0.7808219178082192,0.7153996101364523,0.8518518518518519,0.5789473684210527,0.8518518518518519,0.5789473684210527,0.8518518518518519,0.5789473684210527,0.7153996101364523,0.7982456140350879
785,22,33,8,10,0.7534246575342466,0.7461890243902439,0.8048780487804879,0.6875,0.7857142857142857,0.6875,0.8048780487804879,0.7096774193548387,0.7476958525345623,0.7850609756097561
786,20,38,7,8,0.7945205479452054,0.7793650793650794,0.8444444444444444,0.7142857142857143,0.8351648351648352,0.7142857142857143,0.8444444444444444,0.7272727272727273,0.7812187812187812,0.846031746031746
787,16,41,10,6,0.7808219178082192,0.7655971479500892,0.803921568627451,0.7272727272727273,0.8367346938775511,0.7272727272727273,0.803921568627451,0.6666666666666666,0.7517006802721089,0.8021390374331551
788,23,35,10,5,0.7945205479452054,0.7996031746031746,0.7777777777777778,0.8214285714285714,0.8235294117647058,0.8214285714285714,0.7777777777777778,0.7540983606557377,0.7888138862102217,0.8999999999999999
789,15,40,9,9,0.7534246575342466,0.7206632653061225,0.8163265306122449,0.625,0.8163265306122449,0.625,0.8163265306122449,0.625,0.7206632653061225,0.8052721088435375
790,18,32,12,11,0.684931506849315,0.6739811912225706,0.7272727272727273,0.6206896551724138,0.735632183908046,0.6206896551724138,0.7272727272727273,0.6101694915254238,0.6729008377167349,0.7531347962382445
791,24,36,6,7,0.821917808219178,0.8156682027649769,0.8571428571428571,0.7741935483870968,0.8470588235294118,0.7741935483870968,0.8571428571428571,0.7868852459016393,0.8169720347155256,0.8740399385560675
792,16,39,15,3,0.7534246575342466,0.7821637426900585,0.7222222222222222,0.8421052631578947,0.8125,0.8421052631578947,0.7222222222222222,0.64,0.7262500000000001,0.8450292397660819
793,20,40,9,4,0.821917808219178,0.8248299319727892,0.8163265306122449,0.8333333333333334,0.8602150537634409,0.8333333333333334,0.8163265306122449,0.7547169811320755,0.8074660174477581,0.8894557823129252
794,25,27,8,13,0.7123287671232876,0.7146616541353383,0.7714285714285715,0.6578947368421053,0.72,0.6578947368421053,0.7714285714285715,0.704225352112676,0.712112676056338,0.7541353383458648
795,18,33,11,11,0.6986301369863014,0.6853448275862069,0.75,0.6206896551724138,0.75,0.6206896551724138,0.75,0.6206896551724138,0.6853448275862069,0.8032915360501567
796,24,31,8,10,0.7534246575342466,0.7503770739064857,0.7948717948717948,0.7058823529411765,0.775,0.7058823529411765,0.7948717948717948,0.7272727272727273,0.7511363636363637,0.8031674208144797
797,23,37,8,5,0.821917808219178,0.8218253968253968,0.8222222222222222,0.8214285714285714,0.8505747126436781,0.8214285714285714,0.8222222222222222,0.7796610169491526,0.8151178647964153,0.8936507936507937
798,22,34,10,7,0.7671232876712328,0.7656739811912225,0.7727272727272727,0.7586206896551724,0.8,0.7586206896551724,0.7727272727272727,0.7213114754098361,0.7606557377049181,0.8832288401253918
799,18,34,8,13,0.7123287671232876,0.6950844854070661,0.8095238095238095,0.5806451612903226,0.7640449438202247,0.5806451612903226,0.8095238095238095,0.631578947368421,0.6978119455943228,0.8241167434715821
800,20,34,11,8,0.7397260273972602,0.734920634920635,0.7555555555555555,0.7142857142857143,0.7816091954022989,0.7142857142857143,0.7555555555555555,0.6779661016949152,0.729787648548607,0.8238095238095239
801,20,40,10,3,0.821917808219178,0.8347826086956522,0.8,0.8695652173913043,0.8602150537634409,0.8695652173913043,0.8,0.7547169811320755,0.8074660174477581,0.8730434782608696
802,20,44,6,3,0.8767123287671232,0.8747826086956522,0.88,0.8695652173913043,0.9072164948453608,0.8695652173913043,0.88,0.8163265306122449,0.8617715127288028,0.9260869565217391
803,11,36,17,9,0.6438356164383562,0.614622641509434,0.6792452830188679,0.55,0.7346938775510204,0.55,0.6792452830188679,0.4583333333333333,0.5965136054421769,0.7132075471698114
804,16,37,11,9,0.726027397260274,0.7054166666666667,0.7708333333333334,0.64,0.7872340425531915,0.64,0.7708333333333334,0.6153846153846154,0.7013093289689034,0.8216666666666667
805,25,31,8,9,0.7671232876712328,0.7650829562594268,0.7948717948717948,0.7352941176470589,0.7848101265822784,0.7352941176470589,0.7948717948717948,0.746268656716418,0.7655393916493483,0.8348416289592759
806,29,28,7,9,0.7808219178082192,0.7815789473684212,0.8,0.7631578947368421,0.7777777777777778,0.7631578947368421,0.8,0.7837837837837838,0.7807807807807807,0.9142857142857143
807,15,40,10,8,0.7534246575342466,0.7260869565217392,0.8,0.6521739130434783,0.8163265306122449,0.6521739130434783,0.8,0.625,0.7206632653061225,0.8304347826086957
808,17,40,8,8,0.7808219178082192,0.7566666666666667,0.8333333333333334,0.68,0.8333333333333334,0.68,0.8333333333333334,0.68,0.7566666666666667,0.8441666666666666
809,17,36,8,12,0.726027397260274,0.7021943573667712,0.8181818181818182,0.5862068965517241,0.782608695652174,0.5862068965517241,0.8181818181818182,0.6296296296296297,0.7061191626409018,0.6826018808777429
810,20,38,10,5,0.7945205479452054,0.7958333333333334,0.7916666666666666,0.8,0.8351648351648352,0.8,0.7916666666666666,0.7272727272727273,0.7812187812187812,0.8658333333333333
811,28,27,14,4,0.7534246575342466,0.7667682926829269,0.6585365853658537,0.875,0.75,0.875,0.6585365853658537,0.7567567567567568,0.7533783783783784,0.9123475609756097
812,23,32,13,5,0.7534246575342466,0.7662698412698412,0.7111111111111111,0.8214285714285714,0.7804878048780488,0.8214285714285714,0.7111111111111111,0.71875,0.7496189024390244,0.8880952380952382
813,21,35,6,11,0.7671232876712328,0.7549542682926829,0.8536585365853658,0.65625,0.8045977011494253,0.65625,0.8536585365853658,0.711864406779661,0.7582310539645432,0.7934451219512195
814,20,28,14,11,0.6575342465753424,0.6559139784946236,0.6666666666666666,0.6451612903225806,0.691358024691358,0.6451612903225806,0.6666666666666666,0.6153846153846154,0.6533713200379867,0.7688172043010753
815,13,44,11,5,0.7808219178082192,0.7611111111111111,0.8,0.7222222222222222,0.8461538461538461,0.7222222222222222,0.8,0.6190476190476191,0.7326007326007327,0.7878787878787878
816,19,38,6,10,0.7808219178082192,0.7594043887147335,0.8636363636363636,0.6551724137931034,0.8260869565217391,0.6551724137931034,0.8636363636363636,0.7037037037037037,0.7648953301127215,0.8095611285266457
817,24,38,6,5,0.8493150684931506,0.8456112852664577,0.8636363636363636,0.8275862068965517,0.8735632183908046,0.8275862068965517,0.8636363636363636,0.8135593220338984,0.8435612702123515,0.9130094043887147
818,20,39,9,5,0.8082191780821918,0.80625,0.8125,0.8,0.8478260869565217,0.8,0.8125,0.7407407407407407,0.7942834138486312,0.8741666666666668
819,22,36,6,9,0.7945205479452054,0.7834101382488479,0.8571428571428571,0.7096774193548387,0.8275862068965517,0.7096774193548387,0.8571428571428571,0.7457627118644068,0.7866744593804793,0.8371735791090629
820,20,38,8,7,0.7945205479452054,0.7834138486312399,0.8260869565217391,0.7407407407407407,0.8351648351648352,0.7407407407407407,0.8260869565217391,0.7272727272727273,0.7812187812187812,0.8671497584541062
821,15,44,13,1,0.8082191780821918,0.8547149122807017,0.7719298245614035,0.9375,0.8627450980392157,0.9375,0.7719298245614035,0.6818181818181818,0.7722816399286987,0.9298245614035088
822,19,36,12,6,0.7534246575342466,0.755,0.75,0.76,0.8,0.76,0.75,0.6785714285714286,0.7392857142857143,0.8250000000000001
823,17,36,14,6,0.726027397260274,0.7295652173913043,0.72,0.7391304347826086,0.782608695652174,0.7391304347826086,0.72,0.6296296296296297,0.7061191626409018,0.8347826086956521
824,24,28,14,7,0.7123287671232876,0.7204301075268817,0.6666666666666666,0.7741935483870968,0.7272727272727273,0.7741935483870968,0.6666666666666666,0.6956521739130435,0.7114624505928854,0.836405529953917
825,14,46,9,4,0.821917808219178,0.807070707070707,0.8363636363636363,0.7777777777777778,0.8761904761904762,0.7777777777777778,0.8363636363636363,0.6829268292682927,0.7795586527293845,0.8838383838383839
826,16,41,11,5,0.7808219178082192,0.7751831501831501,0.7884615384615384,0.7619047619047619,0.8367346938775511,0.7619047619047619,0.7884615384615384,0.6666666666666666,0.7517006802721089,0.8864468864468864
827,13,45,14,1,0.7945205479452054,0.8456416464891041,0.7627118644067796,0.9285714285714286,0.8571428571428571,0.9285714285714286,0.7627118644067796,0.6341463414634146,0.7456445993031359,0.9467312348668281
828,15,45,6,7,0.821917808219178,0.7820855614973261,0.8823529411764706,0.6818181818181818,0.8737864077669902,0.6818181818181818,0.8823529411764706,0.6976744186046512,0.7857304131858207,0.8368983957219251
829,17,34,16,6,0.6986301369863014,0.7095652173913043,0.68,0.7391304347826086,0.7555555555555555,0.7391304347826086,0.68,0.6071428571428571,0.6813492063492064,0.8060869565217391
830,20,37,7,9,0.7808219178082192,0.765282131661442,0.8409090909090909,0.6896551724137931,0.8222222222222222,0.6896551724137931,0.8409090909090909,0.7142857142857143,0.7682539682539682,0.7938871473354231
831,22,35,10,6,0.7808219178082192,0.7817460317460317,0.7777777777777778,0.7857142857142857,0.813953488372093,0.7857142857142857,0.7777777777777778,0.7333333333333333,0.7736434108527132,0.8515873015873016
832,22,30,11,10,0.7123287671232876,0.7096036585365854,0.7317073170731707,0.6875,0.7407407407407407,0.6875,0.7317073170731707,0.676923076923077,0.7088319088319088,0.8407012195121952
833,18,35,13,7,0.726027397260274,0.7245833333333334,0.7291666666666666,0.72,0.7777777777777778,0.72,0.7291666666666666,0.6428571428571429,0.7103174603174603,0.8241666666666667
834,27,26,11,9,0.726027397260274,0.7263513513513513,0.7027027027027027,0.75,0.7222222222222222,0.75,0.7027027027027027,0.7297297297297297,0.725975975975976,0.7800300300300301
835,20,37,11,5,0.7808219178082192,0.7854166666666667,0.7708333333333334,0.8,0.8222222222222222,0.8,0.7708333333333334,0.7142857142857143,0.7682539682539682,0.8916666666666666
836,17,42,8,6,0.8082191780821918,0.7895652173913044,0.84,0.7391304347826086,0.8571428571428571,0.7391304347826086,0.84,0.7083333333333334,0.7827380952380952,0.8852173913043478
837,22,33,11,7,0.7534246575342466,0.7543103448275862,0.75,0.7586206896551724,0.7857142857142857,0.7586206896551724,0.75,0.7096774193548387,0.7476958525345623,0.8699059561128526
838,21,39,11,2,0.821917808219178,0.8465217391304347,0.78,0.9130434782608695,0.8571428571428571,0.9130434782608695,0.78,0.7636363636363637,0.8103896103896104,0.9260869565217389
839,22,34,11,6,0.7671232876712328,0.7706349206349206,0.7555555555555555,0.7857142857142857,0.8,0.7857142857142857,0.7555555555555555,0.7213114754098361,0.7606557377049181,0.8166666666666668
840,15,43,8,7,0.7945205479452054,0.7624777183600713,0.8431372549019608,0.6818181818181818,0.8514851485148515,0.6818181818181818,0.8431372549019608,0.6666666666666666,0.759075907590759,0.82174688057041
841,16,39,10,8,0.7534246575342466,0.7312925170068028,0.7959183673469388,0.6666666666666666,0.8125,0.6666666666666666,0.7959183673469388,0.64,0.7262500000000001,0.8358843537414966
842,17,43,7,6,0.821917808219178,0.7995652173913044,0.86,0.7391304347826086,0.8686868686868687,0.7391304347826086,0.86,0.723404255319149,0.7960455620030089,0.8330434782608696
843,20,40,7,6,0.821917808219178,0.8101472995090017,0.851063829787234,0.7692307692307693,0.8602150537634409,0.7692307692307693,0.851063829787234,0.7547169811320755,0.8074660174477581,0.8952536824877251
844,15,43,11,4,0.7945205479452054,0.7928849902534113,0.7962962962962963,0.7894736842105263,0.8514851485148515,0.7894736842105263,0.7962962962962963,0.6666666666666666,0.759075907590759,0.8762183235867447
845,16,38,11,8,0.7397260273972602,0.7210884353741496,0.7755102040816326,0.6666666666666666,0.8,0.6666666666666666,0.7755102040816326,0.6274509803921569,0.7137254901960784,0.7738095238095237
846,18,40,6,9,0.7945205479452054,0.7681159420289855,0.8695652173913043,0.6666666666666666,0.8421052631578947,0.6666666666666666,0.8695652173913043,0.7058823529411765,0.7739938080495357,0.8381642512077295
847,21,40,6,6,0.8356164383561644,0.8236714975845411,0.8695652173913043,0.7777777777777778,0.8695652173913043,0.7777777777777778,0.8695652173913043,0.7777777777777778,0.8236714975845411,0.8888888888888888
848,18,39,11,5,0.7808219178082192,0.781304347826087,0.78,0.782608695652174,0.8297872340425532,0.782608695652174,0.78,0.6923076923076923,0.7610474631751227,0.871304347826087
849,15,39,13,6,0.7397260273972602,0.7321428571428572,0.75,0.7142857142857143,0.8041237113402062,0.7142857142857143,0.75,0.6122448979591837,0.708184304649695,0.8122710622710623
850,10,46,12,5,0.7671232876712328,0.7298850574712643,0.7931034482758621,0.6666666666666666,0.8440366972477065,0.6666666666666666,0.7931034482758621,0.5405405405405406,0.6922886188941235,0.8540229885057472
851,18,31,16,8,0.6712328767123288,0.6759410801963993,0.6595744680851063,0.6923076923076923,0.7209302325581395,0.6923076923076923,0.6595744680851063,0.6,0.6604651162790698,0.7995090016366612
852,18,39,8,8,0.7808219178082192,0.7610474631751227,0.8297872340425532,0.6923076923076923,0.8297872340425532,0.6923076923076923,0.8297872340425532,0.6923076923076923,0.7610474631751227,0.837152209492635
853,18,33,12,10,0.6986301369863014,0.6880952380952381,0.7333333333333333,0.6428571428571429,0.75,0.6428571428571429,0.7333333333333333,0.6206896551724138,0.6853448275862069,0.8222222222222222
854,18,42,6,7,0.821917808219178,0.7975,0.875,0.72,0.865979381443299,0.72,0.875,0.7346938775510204,0.8003366294971597,0.8883333333333333
855,17,40,11,5,0.7808219178082192,0.7785204991087344,0.7843137254901961,0.7727272727272727,0.8333333333333334,0.7727272727272727,0.7843137254901961,0.68,0.7566666666666667,0.8440285204991087
856,21,40,6,6,0.8356164383561644,0.8236714975845411,0.8695652173913043,0.7777777777777778,0.8695652173913043,0.7777777777777778,0.8695652173913043,0.7777777777777778,0.8236714975845411,0.9114331723027376
857,19,38,10,6,0.7808219178082192,0.7758333333333334,0.7916666666666666,0.76,0.8260869565217391,0.76,0.7916666666666666,0.7037037037037037,0.7648953301127215,0.8758333333333332
858,14,42,11,6,0.7671232876712328,0.7462264150943396,0.7924528301886793,0.7,0.8316831683168316,0.7,0.7924528301886793,0.6222222222222222,0.7269526952695269,0.8094339622641508
859,22,40,9,2,0.8493150684931506,0.8664965986394557,0.8163265306122449,0.9166666666666666,0.8791208791208791,0.9166666666666666,0.8163265306122449,0.8,0.8395604395604396,0.9124149659863945
860,20,31,14,8,0.6986301369863014,0.7015873015873015,0.6888888888888889,0.7142857142857143,0.7380952380952381,0.7142857142857143,0.6888888888888889,0.6451612903225806,0.6916282642089093,0.7611111111111112
861,19,39,9,6,0.7945205479452054,0.78625,0.8125,0.76,0.8387096774193549,0.76,0.8125,0.7169811320754716,0.7778454047474133,0.8841666666666667
862,14,37,11,11,0.6986301369863014,0.6654166666666668,0.7708333333333334,0.56,0.7708333333333334,0.56,0.7708333333333334,0.56,0.6654166666666668,0.8166666666666668
863,13,43,15,2,0.7671232876712328,0.8040229885057472,0.7413793103448276,0.8666666666666667,0.8349514563106796,0.8666666666666667,0.7413793103448276,0.6046511627906976,0.7198013095506886,0.9264367816091954
864,16,41,10,6,0.7808219178082192,0.7655971479500892,0.803921568627451,0.7272727272727273,0.8367346938775511,0.7272727272727273,0.803921568627451,0.6666666666666666,0.7517006802721089,0.8770053475935828
865,25,35,8,5,0.821917808219178,0.8236434108527132,0.813953488372093,0.8333333333333334,0.8433734939759037,0.8333333333333334,0.813953488372093,0.7936507936507936,0.8185121438133487,0.9124031007751938
866,15,36,12,10,0.6986301369863014,0.675,0.75,0.6,0.7659574468085106,0.6,0.75,0.5769230769230769,0.6714402618657938,0.7766666666666667
867,23,37,7,6,0.821917808219178,0.8170062695924765,0.8409090909090909,0.7931034482758621,0.8505747126436781,0.7931034482758621,0.8409090909090909,0.7796610169491526,0.8151178647964153,0.8738244514106583
868,18,44,7,4,0.8493150684931506,0.840463458110517,0.8627450980392157,0.8181818181818182,0.8888888888888888,0.8181818181818182,0.8627450980392157,0.7659574468085106,0.8274231678486997,0.8850267379679145
869,12,47,9,5,0.8082191780821918,0.7725840336134454,0.8392857142857143,0.7058823529411765,0.8703703703703703,0.7058823529411765,0.8392857142857143,0.631578947368421,0.7509746588693957,0.8266806722689075
870,19,32,13,9,0.6986301369863014,0.6948412698412698,0.7111111111111111,0.6785714285714286,0.7441860465116279,0.6785714285714286,0.7111111111111111,0.6333333333333333,0.6887596899224806,0.7746031746031746
871,22,30,10,11,0.7123287671232876,0.7083333333333333,0.75,0.6666666666666666,0.7407407407407407,0.6666666666666666,0.75,0.676923076923077,0.7088319088319088,0.8068181818181817
872,18,40,11,4,0.7945205479452054,0.8012477718360071,0.7843137254901961,0.8181818181818182,0.8421052631578947,0.8181818181818182,0.7843137254901961,0.7058823529411765,0.7739938080495357,0.8440285204991088
873,19,39,8,7,0.7945205479452054,0.7802782324058919,0.8297872340425532,0.7307692307692307,0.8387096774193549,0.7307692307692307,0.8297872340425532,0.7169811320754716,0.7778454047474133,0.8428805237315876
874,24,31,9,9,0.7534246575342466,0.7511363636363637,0.775,0.7272727272727273,0.775,0.7272727272727273,0.775,0.7272727272727273,0.7511363636363637,0.8992424242424243
875,19,42,6,6,0.8356164383561644,0.8175,0.875,0.76,0.875,0.76,0.875,0.76,0.8175,0.8766666666666667
876,20,34,8,11,0.7397260273972602,0.7273425499231951,0.8095238095238095,0.6451612903225806,0.7816091954022989,0.6451612903225806,0.8095238095238095,0.6779661016949152,0.729787648548607,0.8233486943164362
877,13,44,8,8,0.7808219178082192,0.7326007326007327,0.8461538461538461,0.6190476190476191,0.8461538461538461,0.6190476190476191,0.8461538461538461,0.6190476190476191,0.7326007326007327,0.804945054945055
878,16,42,9,6,0.7945205479452054,0.7754010695187166,0.8235294117647058,0.7272727272727273,0.8484848484848485,0.7272727272727273,0.8235294117647058,0.6808510638297872,0.7646679561573179,0.8529411764705882
879,22,34,10,7,0.7671232876712328,0.7656739811912225,0.7727272727272727,0.7586206896551724,0.8,0.7586206896551724,0.7727272727272727,0.7213114754098361,0.7606557377049181,0.8957680250783698
880,12,37,16,8,0.6712328767123288,0.6490566037735849,0.6981132075471698,0.6,0.7551020408163265,0.6,0.6981132075471698,0.5,0.6275510204081632,0.7141509433962264
881,21,40,8,4,0.8356164383561644,0.8366666666666667,0.8333333333333334,0.84,0.8695652173913043,0.84,0.8333333333333334,0.7777777777777778,0.8236714975845411,0.8858333333333334
882,19,38,8,8,0.7808219178082192,0.7648953301127215,0.8260869565217391,0.7037037037037037,0.8260869565217391,0.7037037037037037,0.8260869565217391,0.7037037037037037,0.7648953301127215,0.8687600644122384
883,21,32,17,3,0.726027397260274,0.7640306122448979,0.6530612244897959,0.875,0.7619047619047619,0.875,0.6530612244897959,0.6774193548387096,0.7196620583717357,0.9081632653061225
884,23,39,8,3,0.8493150684931506,0.8572013093289689,0.8297872340425532,0.8846153846153846,0.8764044943820225,0.8846153846153846,0.8297872340425532,0.8070175438596491,0.8417110191208358,0.8936170212765958
885,15,35,15,8,0.684931506849315,0.6760869565217391,0.7,0.6521739130434783,0.7526881720430108,0.6521739130434783,0.7,0.5660377358490566,0.6593629539460337,0.7921739130434782
886,21,38,8,6,0.8082191780821918,0.8019323671497585,0.8260869565217391,0.7777777777777778,0.8444444444444444,0.7777777777777778,0.8260869565217391,0.75,0.7972222222222223,0.8760064412238324
887,19,36,11,7,0.7534246575342466,0.7483633387888706,0.7659574468085106,0.7307692307692307,0.8,0.7307692307692307,0.7659574468085106,0.6785714285714286,0.7392857142857143,0.8739770867430442
888,16,38,11,8,0.7397260273972602,0.7210884353741496,0.7755102040816326,0.6666666666666666,0.8,0.6666666666666666,0.7755102040816326,0.6274509803921569,0.7137254901960784,0.7865646258503401
889,27,34,8,4,0.8356164383561644,0.8402457757296466,0.8095238095238095,0.8709677419354839,0.85,0.8709677419354839,0.8095238095238095,0.8181818181818182,0.8340909090909091,0.9331797235023042
890,18,41,8,6,0.8082191780821918,0.7933673469387755,0.8367346938775511,0.75,0.8541666666666666,0.75,0.8367346938775511,0.72,0.7870833333333334,0.8818027210884354
891,13,41,9,10,0.7397260273972602,0.6926086956521739,0.82,0.5652173913043478,0.8118811881188119,0.5652173913043478,0.82,0.5777777777777777,0.6948294829482948,0.8382608695652174
892,23,33,8,9,0.7671232876712328,0.7618140243902439,0.8048780487804879,0.71875,0.7951807228915663,0.71875,0.8048780487804879,0.7301587301587301,0.7626697265251482,0.7903963414634146
893,20,41,8,4,0.8356164383561644,0.8350340136054422,0.8367346938775511,0.8333333333333334,0.8723404255319149,0.8333333333333334,0.8367346938775511,0.7692307692307693,0.820785597381342,0.9098639455782312
894,17,38,10,8,0.7534246575342466,0.7358333333333333,0.7916666666666666,0.68,0.8085106382978723,0.68,0.7916666666666666,0.6538461538461539,0.7311783960720131,0.8250000000000001
895,16,39,10,8,0.7534246575342466,0.7312925170068028,0.7959183673469388,0.6666666666666666,0.8125,0.6666666666666666,0.7959183673469388,0.64,0.7262500000000001,0.8129251700680271
896,17,42,7,7,0.8082191780821918,0.7827380952380952,0.8571428571428571,0.7083333333333334,0.8571428571428571,0.7083333333333334,0.8571428571428571,0.7083333333333334,0.7827380952380952,0.8707482993197279
897,23,42,5,3,0.8904109589041096,0.8891162029459901,0.8936170212765957,0.8846153846153846,0.9130434782608695,0.8846153846153846,0.8936170212765957,0.8518518518518519,0.8824476650563606,0.9509001636661211
898,25,32,8,8,0.7808219178082192,0.7787878787878788,0.8,0.7575757575757576,0.8,0.7575757575757576,0.8,0.7575757575757576,0.7787878787878788,0.8666666666666667
899,19,39,7,8,0.7945205479452054,0.7757648953301127,0.8478260869565217,0.7037037037037037,0.8387096774193549,0.7037037037037037,0.8478260869565217,0.7169811320754716,0.7778454047474133,0.8494363929146538
900,23,35,8,7,0.7945205479452054,0.7903100775193799,0.813953488372093,0.7666666666666667,0.8235294117647058,0.7666666666666667,0.813953488372093,0.7540983606557377,0.7888138862102217,0.8674418604651163
901,19,40,9,5,0.8082191780821918,0.8039965986394557,0.8163265306122449,0.7916666666666666,0.851063829787234,0.7916666666666666,0.8163265306122449,0.7307692307692307,0.7909165302782324,0.8928571428571428
902,20,35,12,6,0.7534246575342466,0.7569558101472995,0.7446808510638298,0.7692307692307693,0.7954545454545454,0.7692307692307693,0.7446808510638298,0.6896551724137931,0.7425548589341693,0.8772504091653027
903,20,35,12,6,0.7534246575342466,0.7569558101472995,0.7446808510638298,0.7692307692307693,0.7954545454545454,0.7692307692307693,0.7446808510638298,0.6896551724137931,0.7425548589341693,0.8486088379705401
904,18,45,7,3,0.863013698630137,0.8612637362637363,0.8653846153846154,0.8571428571428571,0.9,0.8571428571428571,0.8653846153846154,0.782608695652174,0.841304347826087,0.8754578754578755
905,13,41,13,6,0.7397260273972602,0.7217348927875245,0.7592592592592593,0.6842105263157895,0.8118811881188119,0.6842105263157895,0.7592592592592593,0.5777777777777777,0.6948294829482948,0.8450292397660819
906,18,35,10,10,0.726027397260274,0.7103174603174603,0.7777777777777778,0.6428571428571429,0.7777777777777778,0.6428571428571429,0.7777777777777778,0.6428571428571429,0.7103174603174603,0.7825396825396825
907,19,36,13,5,0.7534246575342466,0.7631802721088435,0.7346938775510204,0.7916666666666666,0.8,0.7916666666666666,0.7346938775510204,0.6785714285714286,0.7392857142857143,0.8401360544217686
908,21,36,7,9,0.7808219178082192,0.7686046511627906,0.8372093023255814,0.7,0.8181818181818182,0.7,0.8372093023255814,0.7241379310344828,0.7711598746081505,0.8488372093023256
909,23,36,12,2,0.8082191780821918,0.835,0.75,0.92,0.8372093023255814,0.92,0.75,0.7666666666666667,0.8019379844961241,0.905
910,13,42,11,7,0.7534246575342466,0.7212264150943397,0.7924528301886793,0.65,0.8235294117647058,0.65,0.7924528301886793,0.5909090909090909,0.7072192513368984,0.7820754716981132
911,23,38,8,4,0.8356164383561644,0.8389694041867954,0.8260869565217391,0.8518518518518519,0.8636363636363636,0.8518518518518519,0.8260869565217391,0.7931034482758621,0.8283699059561129,0.9074074074074074
912,21,34,11,7,0.7534246575342466,0.7527777777777778,0.7555555555555555,0.75,0.7906976744186046,0.75,0.7555555555555555,0.7,0.7453488372093022,0.834126984126984
913,16,47,7,3,0.863013698630137,0.8562378167641325,0.8703703703703703,0.8421052631578947,0.9038461538461539,0.8421052631578947,0.8703703703703703,0.7619047619047619,0.8328754578754578,0.8830409356725146
914,15,39,12,7,0.7397260273972602,0.7232620320855614,0.7647058823529411,0.6818181818181818,0.8041237113402062,0.6818181818181818,0.7647058823529411,0.6122448979591837,0.708184304649695,0.8083778966131907
915,23,34,8,8,0.7808219178082192,0.7757296466973886,0.8095238095238095,0.7419354838709677,0.8095238095238095,0.7419354838709677,0.8095238095238095,0.7419354838709677,0.7757296466973886,0.8486943164362519
916,16,44,7,6,0.821917808219178,0.7950089126559715,0.8627450980392157,0.7272727272727273,0.8712871287128713,0.7272727272727273,0.8627450980392157,0.7111111111111111,0.7911991199119912,0.8823529411764706
917,25,36,9,3,0.8356164383561644,0.8464285714285715,0.8,0.8928571428571429,0.8571428571428571,0.8928571428571429,0.8,0.8064516129032258,0.8317972350230414,0.9095238095238095
918,23,33,8,9,0.7671232876712328,0.7618140243902439,0.8048780487804879,0.71875,0.7951807228915663,0.71875,0.8048780487804879,0.7301587301587301,0.7626697265251482,0.8384146341463414
919,22,39,6,6,0.8356164383561644,0.8261904761904761,0.8666666666666667,0.7857142857142857,0.8666666666666667,0.7857142857142857,0.8666666666666667,0.7857142857142857,0.8261904761904761,0.8595238095238096
920,25,25,12,11,0.684931506849315,0.68506006006006,0.6756756756756757,0.6944444444444444,0.684931506849315,0.6944444444444444,0.6756756756756757,0.684931506849315,0.684931506849315,0.7507507507507507
921,17,35,9,12,0.7123287671232876,0.6908307210031348,0.7954545454545454,0.5862068965517241,0.7692307692307693,0.5862068965517241,0.7954545454545454,0.6181818181818182,0.6937062937062937,0.8009404388714734
922,18,38,12,5,0.7671232876712328,0.771304347826087,0.76,0.782608695652174,0.8172043010752689,0.782608695652174,0.76,0.6792452830188679,0.7482247920470684,0.871304347826087
923,20,39,11,3,0.8082191780821918,0.8247826086956522,0.78,0.8695652173913043,0.8478260869565217,0.8695652173913043,0.78,0.7407407407407407,0.7942834138486312,0.96
924,19,31,9,14,0.684931506849315,0.6753787878787879,0.775,0.5757575757575758,0.7294117647058823,0.5757575757575758,0.775,0.6229508196721312,0.6761812921890067,0.8045454545454545
925,14,43,11,5,0.7808219178082192,0.7665692007797271,0.7962962962962963,0.7368421052631579,0.8431372549019608,0.7368421052631579,0.7962962962962963,0.6363636363636364,0.7397504456327986,0.8167641325536064
926,13,37,16,7,0.684931506849315,0.6740566037735849,0.6981132075471698,0.65,0.7628865979381443,0.65,0.6981132075471698,0.5306122448979592,0.6467494214180518,0.8066037735849056
927,19,34,12,8,0.726027397260274,0.7214170692431562,0.7391304347826086,0.7037037037037037,0.7727272727272727,0.7037037037037037,0.7391304347826086,0.6551724137931034,0.7139498432601881,0.7987117552334944
928,21,36,9,7,0.7808219178082192,0.775,0.8,0.75,0.8181818181818182,0.75,0.8,0.7241379310344828,0.7711598746081505,0.8865079365079365
929,19,36,13,5,0.7534246575342466,0.7631802721088435,0.7346938775510204,0.7916666666666666,0.8,0.7916666666666666,0.7346938775510204,0.6785714285714286,0.7392857142857143,0.8350340136054422
930,20,34,14,5,0.7397260273972602,0.7541666666666667,0.7083333333333334,0.8,0.7816091954022989,0.8,0.7083333333333334,0.6779661016949152,0.729787648548607,0.8641666666666666
931,16,41,10,6,0.7808219178082192,0.7655971479500892,0.803921568627451,0.7272727272727273,0.8367346938775511,0.7272727272727273,0.803921568627451,0.6666666666666666,0.7517006802721089,0.8689839572192514
932,23,36,6,8,0.8082191780821918,0.7995391705069124,0.8571428571428571,0.7419354838709677,0.8372093023255814,0.7419354838709677,0.8571428571428571,0.7666666666666667,0.8019379844961241,0.8509984639016897
933,17,37,8,11,0.7397260273972602,0.7146825396825396,0.8222222222222222,0.6071428571428571,0.7956989247311828,0.6071428571428571,0.8222222222222222,0.6415094339622641,0.7186041793467235,0.7912698412698413
934,22,30,12,9,0.7123287671232876,0.7119815668202765,0.7142857142857143,0.7096774193548387,0.7407407407407407,0.7096774193548387,0.7142857142857143,0.676923076923077,0.7088319088319088,0.7887864823348694
935,22,36,9,6,0.7945205479452054,0.7928571428571429,0.8,0.7857142857142857,0.8275862068965517,0.7857142857142857,0.8,0.7457627118644068,0.7866744593804793,0.8865079365079365
936,22,34,10,7,0.7671232876712328,0.7656739811912225,0.7727272727272727,0.7586206896551724,0.8,0.7586206896551724,0.7727272727272727,0.7213114754098361,0.7606557377049181,0.8612852664576803
937,15,41,10,7,0.7671232876712328,0.7428698752228164,0.803921568627451,0.6818181818181818,0.8282828282828283,0.6818181818181818,0.803921568627451,0.6382978723404256,0.7332903503116269,0.8297682709447415
938,16,40,11,6,0.7671232876712328,0.7557932263814617,0.7843137254901961,0.7272727272727273,0.8247422680412371,0.7272727272727273,0.7843137254901961,0.6530612244897959,0.7389017462655165,0.8413547237076648
939,13,43,9,8,0.7671232876712328,0.722985347985348,0.8269230769230769,0.6190476190476191,0.8349514563106796,0.6190476190476191,0.8269230769230769,0.6046511627906976,0.7198013095506886,0.8470695970695971
940,19,39,9,6,0.7945205479452054,0.78625,0.8125,0.76,0.8387096774193549,0.76,0.8125,0.7169811320754716,0.7778454047474133,0.8549999999999999
941,16,38,11,8,0.7397260273972602,0.7210884353741496,0.7755102040816326,0.6666666666666666,0.8,0.6666666666666666,0.7755102040816326,0.6274509803921569,0.7137254901960784,0.7933673469387755
942,21,32,11,9,0.726027397260274,0.7220930232558139,0.7441860465116279,0.7,0.7619047619047619,0.7,0.7441860465116279,0.6774193548387096,0.7196620583717357,0.8046511627906977
943,15,44,9,5,0.8082191780821918,0.7900943396226415,0.8301886792452831,0.75,0.8627450980392157,0.75,0.8301886792452831,0.6818181818181818,0.7722816399286987,0.7981132075471697
944,21,39,10,3,0.821917808219178,0.8354591836734694,0.7959183673469388,0.875,0.8571428571428571,0.875,0.7959183673469388,0.7636363636363637,0.8103896103896104,0.9447278911564626
945,20,36,9,8,0.7671232876712328,0.7571428571428571,0.8,0.7142857142857143,0.8089887640449438,0.7142857142857143,0.8,0.7017543859649122,0.755371575004928,0.8261904761904761
946,14,44,10,5,0.7945205479452054,0.7758284600389863,0.8148148148148148,0.7368421052631579,0.8543689320388349,0.7368421052631579,0.8148148148148148,0.6511627906976745,0.7527658613682546,0.9132553606237817
947,12,44,8,9,0.7671232876712328,0.7087912087912087,0.8461538461538461,0.5714285714285714,0.8380952380952381,0.5714285714285714,0.8461538461538461,0.5853658536585366,0.7117305458768873,0.8122710622710623
948,17,38,11,7,0.7534246575342466,0.741921768707483,0.7755102040816326,0.7083333333333334,0.8085106382978723,0.7083333333333334,0.7755102040816326,0.6538461538461539,0.7311783960720131,0.8256802721088435
949,15,44,7,7,0.8082191780821918,0.7722816399286987,0.8627450980392157,0.6818181818181818,0.8627450980392157,0.6818181818181818,0.8627450980392157,0.6818181818181818,0.7722816399286987,0.8663101604278075
950,15,35,19,4,0.684931506849315,0.7188109161793372,0.6481481481481481,0.7894736842105263,0.7526881720430108,0.7894736842105263,0.6481481481481481,0.5660377358490566,0.6593629539460337,0.7719298245614035
951,14,43,11,5,0.7808219178082192,0.7665692007797271,0.7962962962962963,0.7368421052631579,0.8431372549019608,0.7368421052631579,0.7962962962962963,0.6363636363636364,0.7397504456327986,0.888888888888889
952,26,31,11,5,0.7808219178082192,0.7884024577572966,0.7380952380952381,0.8387096774193549,0.7948717948717948,0.8387096774193549,0.7380952380952381,0.7647058823529411,0.7797888386123679,0.8878648233486943
953,15,38,15,5,0.726027397260274,0.7334905660377358,0.7169811320754716,0.75,0.7916666666666666,0.75,0.7169811320754716,0.6,0.6958333333333333,0.8650943396226416
954,17,38,14,4,0.7534246575342466,0.7701465201465201,0.7307692307692307,0.8095238095238095,0.8085106382978723,0.8095238095238095,0.7307692307692307,0.6538461538461539,0.7311783960720131,0.8003663003663003
955,13,40,10,10,0.726027397260274,0.682608695652174,0.8,0.5652173913043478,0.8,0.5652173913043478,0.8,0.5652173913043478,0.682608695652174,0.808695652173913
956,19,46,3,5,0.8904109589041096,0.8652210884353742,0.9387755102040817,0.7916666666666666,0.92,0.7916666666666666,0.9387755102040817,0.8260869565217391,0.8730434782608696,0.9064625850340137
957,18,39,8,8,0.7808219178082192,0.7610474631751227,0.8297872340425532,0.6923076923076923,0.8297872340425532,0.6923076923076923,0.8297872340425532,0.6923076923076923,0.7610474631751227,0.7798690671031097
958,24,37,10,2,0.8356164383561644,0.8551554828150574,0.7872340425531915,0.9230769230769231,0.8604651162790697,0.9230769230769231,0.7872340425531915,0.8,0.8302325581395349,0.9500818330605565
959,17,40,7,9,0.7808219178082192,0.752454991816694,0.851063829787234,0.6538461538461539,0.8333333333333334,0.6538461538461539,0.851063829787234,0.68,0.7566666666666667,0.809328968903437
960,17,42,9,5,0.8082191780821918,0.7981283422459893,0.8235294117647058,0.7727272727272727,0.8571428571428571,0.7727272727272727,0.8235294117647058,0.7083333333333334,0.7827380952380952,0.9046345811051694
961,17,46,7,3,0.863013698630137,0.8589622641509433,0.8679245283018868,0.85,0.9019607843137255,0.85,0.8679245283018868,0.7727272727272727,0.8373440285204992,0.9198113207547169
962,15,36,11,11,0.6986301369863014,0.6714402618657938,0.7659574468085106,0.5769230769230769,0.7659574468085106,0.5769230769230769,0.7659574468085106,0.5769230769230769,0.6714402618657938,0.7487725040916531
963,17,43,7,6,0.821917808219178,0.7995652173913044,0.86,0.7391304347826086,0.8686868686868687,0.7391304347826086,0.86,0.723404255319149,0.7960455620030089,0.8773913043478261
964,17,37,11,8,0.7397260273972602,0.7254166666666667,0.7708333333333334,0.68,0.7956989247311828,0.68,0.7708333333333334,0.6415094339622641,0.7186041793467235,0.8541666666666666
965,19,32,15,7,0.6986301369863014,0.705810147299509,0.6808510638297872,0.7307692307692307,0.7441860465116279,0.7307692307692307,0.6808510638297872,0.6333333333333333,0.6887596899224806,0.839607201309329
966,20,33,11,9,0.726027397260274,0.7198275862068966,0.75,0.6896551724137931,0.7674418604651163,0.6896551724137931,0.75,0.6666666666666666,0.7170542635658914,0.8424764890282131
967,20,43,3,7,0.863013698630137,0.8377616747181964,0.9347826086956522,0.7407407407407407,0.8958333333333334,0.7407407407407407,0.9347826086956522,0.8,0.8479166666666667,0.8639291465378421
968,23,38,8,4,0.8356164383561644,0.8389694041867954,0.8260869565217391,0.8518518518518519,0.8636363636363636,0.8518518518518519,0.8260869565217391,0.7931034482758621,0.8283699059561129,0.9162640901771337
969,15,44,11,3,0.8082191780821918,0.8166666666666667,0.8,0.8333333333333334,0.8627450980392157,0.8333333333333334,0.8,0.6818181818181818,0.7722816399286987,0.8747474747474747
970,16,37,13,7,0.726027397260274,0.7178260869565217,0.74,0.6956521739130435,0.7872340425531915,0.6956521739130435,0.74,0.6153846153846154,0.7013093289689034,0.7860869565217391
971,16,38,9,10,0.7397260273972602,0.7119476268412439,0.8085106382978723,0.6153846153846154,0.8,0.6153846153846154,0.8085106382978723,0.6274509803921569,0.7137254901960784,0.7774140752864157
972,19,41,6,7,0.821917808219178,0.8015548281505729,0.8723404255319149,0.7307692307692307,0.8631578947368421,0.7307692307692307,0.8723404255319149,0.7450980392156863,0.8041279669762642,0.8821603927986907
973,26,35,7,5,0.8356164383561644,0.8360215053763441,0.8333333333333334,0.8387096774193549,0.8536585365853658,0.8387096774193549,0.8333333333333334,0.8125,0.8330792682926829,0.8894009216589862
974,19,38,11,5,0.7808219178082192,0.7835884353741496,0.7755102040816326,0.7916666666666666,0.8260869565217391,0.7916666666666666,0.7755102040816326,0.7037037037037037,0.7648953301127215,0.8596938775510204
975,15,42,8,8,0.7808219178082192,0.7460869565217392,0.84,0.6521739130434783,0.84,0.6521739130434783,0.84,0.6521739130434783,0.7460869565217392,0.8130434782608695
976,24,37,8,4,0.8356164383561644,0.8396825396825396,0.8222222222222222,0.8571428571428571,0.8604651162790697,0.8571428571428571,0.8222222222222222,0.8,0.8302325581395349,0.9214285714285714
977,19,36,10,8,0.7534246575342466,0.7431561996779388,0.782608695652174,0.7037037037037037,0.8,0.7037037037037037,0.782608695652174,0.6785714285714286,0.7392857142857143,0.7818035426731078
978,23,34,3,13,0.7808219178082192,0.7789039039039038,0.918918918918919,0.6388888888888888,0.8095238095238095,0.6388888888888888,0.918918918918919,0.7419354838709677,0.7757296466973886,0.825075075075075
979,27,38,3,5,0.8904109589041096,0.8852896341463414,0.926829268292683,0.84375,0.9047619047619048,0.84375,0.926829268292683,0.8709677419354839,0.8878648233486943,0.9390243902439024
980,23,32,15,3,0.7534246575342466,0.782733224222586,0.6808510638297872,0.8846153846153846,0.7804878048780488,0.8846153846153846,0.6808510638297872,0.71875,0.7496189024390244,0.9124386252045827
981,10,48,9,6,0.7945205479452054,0.7335526315789473,0.8421052631578947,0.625,0.8648648648648649,0.625,0.8421052631578947,0.5714285714285714,0.7181467181467182,0.7828947368421053
982,27,34,5,7,0.8356164383561644,0.8329562594268476,0.8717948717948718,0.7941176470588235,0.85,0.7941176470588235,0.8717948717948718,0.8181818181818182,0.8340909090909091,0.858974358974359
983,15,37,13,8,0.7123287671232876,0.6960869565217391,0.74,0.6521739130434783,0.7789473684210526,0.6521739130434783,0.74,0.5882352941176471,0.6835913312693498,0.7878260869565217
984,18,34,12,9,0.7123287671232876,0.7028985507246377,0.7391304347826086,0.6666666666666666,0.7640449438202247,0.6666666666666666,0.7391304347826086,0.631578947368421,0.6978119455943228,0.8293075684380032
985,17,37,13,6,0.7397260273972602,0.7395652173913043,0.74,0.7391304347826086,0.7956989247311828,0.7391304347826086,0.74,0.6415094339622641,0.7186041793467235,0.8747826086956522
986,12,45,8,8,0.7808219178082192,0.7245283018867925,0.8490566037735849,0.6,0.8490566037735849,0.6,0.8490566037735849,0.6,0.7245283018867925,0.8009433962264152
987,30,29,9,5,0.8082191780821918,0.8101503759398496,0.7631578947368421,0.8571428571428571,0.8055555555555556,0.8571428571428571,0.7631578947368421,0.8108108108108109,0.8081831831831832,0.8593984962406014
988,14,45,7,7,0.8082191780821918,0.766025641025641,0.8653846153846154,0.6666666666666666,0.8653846153846154,0.6666666666666666,0.8653846153846154,0.6666666666666666,0.766025641025641,0.8141025641025641
989,17,36,15,5,0.726027397260274,0.7393048128342246,0.7058823529411765,0.7727272727272727,0.782608695652174,0.7727272727272727,0.7058823529411765,0.6296296296296297,0.7061191626409018,0.8377896613190731
990,16,41,8,8,0.7808219178082192,0.7517006802721089,0.8367346938775511,0.6666666666666666,0.8367346938775511,0.6666666666666666,0.8367346938775511,0.6666666666666666,0.7517006802721089,0.7831632653061225
991,19,38,7,9,0.7808219178082192,0.7615079365079365,0.8444444444444444,0.6785714285714286,0.8260869565217391,0.6785714285714286,0.8444444444444444,0.7037037037037037,0.7648953301127215,0.8412698412698414
992,19,29,17,8,0.6575342465753424,0.6670692431561998,0.6304347826086957,0.7037037037037037,0.6987951807228916,0.7037037037037037,0.6304347826086957,0.6031746031746031,0.6509848919487473,0.7761674718196457
993,19,39,6,9,0.7945205479452054,0.7726190476190476,0.8666666666666667,0.6785714285714286,0.8387096774193549,0.6785714285714286,0.8666666666666667,0.7169811320754716,0.7778454047474133,0.8500000000000001
994,16,39,9,9,0.7534246575342466,0.7262500000000001,0.8125,0.64,0.8125,0.64,0.8125,0.64,0.7262500000000001,0.8049999999999999
995,16,34,8,15,0.684931506849315,0.662826420890937,0.8095238095238095,0.5161290322580645,0.7472527472527473,0.5161290322580645,0.8095238095238095,0.5818181818181818,0.6645354645354645,0.7250384024577573
996,18,40,10,5,0.7945205479452054,0.791304347826087,0.8,0.782608695652174,0.8421052631578947,0.782608695652174,0.8,0.7058823529411765,0.7739938080495357,0.8747826086956522
997,16,39,9,9,0.7534246575342466,0.7262500000000001,0.8125,0.64,0.8125,0.64,0.8125,0.64,0.7262500000000001,0.7941666666666667
998,20,33,12,8,0.726027397260274,0.7238095238095238,0.7333333333333333,0.7142857142857143,0.7674418604651163,0.7142857142857143,0.7333333333333333,0.6666666666666666,0.7170542635658914,0.8333333333333334
999,13,39,8,13,0.7123287671232876,0.6648936170212766,0.8297872340425532,0.5,0.7878787878787878,0.5,0.8297872340425532,0.5531914893617021,0.6705351386202449,0.7602291325695582
1000,23,38,8,4,0.8356164383561644,0.8389694041867954,0.8260869565217391,0.8518518518518519,0.8636363636363636,0.8518518518518519,0.8260869565217391,0.7931034482758621,0.8283699059561129,0.8743961352657005
