round,TP,TN,FP,FN,Accuracy,BalancedAccuracy,Sensitivity_Class0,Specificity_Class0,F1_Class0,Sensitivity_Class1,Specificity_Class1,F1_Class1,F1_macro,AUC
1,20,37,4,12,0.7808219178082192,0.7637195121951219,0.9024390243902439,0.625,0.8222222222222222,0.625,0.9024390243902439,0.7142857142857143,0.7682539682539682,0.8574695121951219
2,20,47,5,1,0.9178082191780822,0.9281135531135531,0.9038461538461539,0.9523809523809523,0.94,0.9523809523809523,0.9038461538461539,0.8695652173913043,0.9047826086956521,0.9798534798534798
3,23,35,9,6,0.7945205479452054,0.7942789968652038,0.7954545454545454,0.7931034482758621,0.8235294117647058,0.7931034482758621,0.7954545454545454,0.7540983606557377,0.7888138862102217,0.8793103448275862
4,13,38,9,13,0.6986301369863014,0.6542553191489362,0.8085106382978723,0.5,0.7755102040816326,0.5,0.8085106382978723,0.5416666666666666,0.6585884353741496,0.7422258592471359
5,23,34,10,6,0.7808219178082192,0.7829153605015674,0.7727272727272727,0.7931034482758621,0.8095238095238095,0.7931034482758621,0.7727272727272727,0.7419354838709677,0.7757296466973886,0.8769592476489029
6,18,44,5,6,0.8493150684931506,0.8239795918367347,0.8979591836734694,0.75,0.8888888888888888,0.75,0.8979591836734694,0.7659574468085106,0.8274231678486997,0.8656462585034013
7,19,40,9,5,0.8082191780821918,0.8039965986394557,0.8163265306122449,0.7916666666666666,0.851063829787234,0.7916666666666666,0.8163265306122449,0.7307692307692307,0.7909165302782324,0.8690476190476191
8,15,37,13,8,0.7123287671232876,0.6960869565217391,0.74,0.6521739130434783,0.7789473684210526,0.6521739130434783,0.74,0.5882352941176471,0.6835913312693498,0.8191304347826087
9,25,32,10,6,0.7808219178082192,0.7841781874039938,0.7619047619047619,0.8064516129032258,0.8,0.8064516129032258,0.7619047619047619,0.7575757575757576,0.7787878787878788,0.8678955453149001
10,13,39,11,10,0.7123287671232876,0.672608695652174,0.78,0.5652173913043478,0.7878787878787878,0.5652173913043478,0.78,0.5531914893617021,0.6705351386202449,0.7860869565217391
11,21,41,7,4,0.8493150684931506,0.8470833333333333,0.8541666666666666,0.84,0.8817204301075269,0.84,0.8541666666666666,0.7924528301886793,0.837086630148103,0.9258333333333333
12,20,38,8,7,0.7945205479452054,0.7834138486312399,0.8260869565217391,0.7407407407407407,0.8351648351648352,0.7407407407407407,0.8260869565217391,0.7272727272727273,0.7812187812187812,0.8695652173913042
13,16,44,9,4,0.821917808219178,0.8150943396226416,0.8301886792452831,0.8,0.8712871287128713,0.8,0.8301886792452831,0.7111111111111111,0.7911991199119912,0.8933962264150944
14,28,32,8,5,0.821917808219178,0.8242424242424242,0.8,0.8484848484848485,0.8311688311688312,0.8484848484848485,0.8,0.8115942028985508,0.821381517033691,0.8939393939393939
15,14,45,10,4,0.8082191780821918,0.797979797979798,0.8181818181818182,0.7777777777777778,0.8653846153846154,0.7777777777777778,0.8181818181818182,0.6666666666666666,0.766025641025641,0.9010101010101009
16,21,37,10,5,0.7945205479452054,0.7974631751227497,0.7872340425531915,0.8076923076923077,0.8314606741573034,0.8076923076923077,0.7872340425531915,0.7368421052631579,0.7841513897102306,0.8780687397708675
17,20,35,13,5,0.7534246575342466,0.7645833333333334,0.7291666666666666,0.8,0.7954545454545454,0.8,0.7291666666666666,0.6896551724137931,0.7425548589341693,0.8975000000000001
18,21,32,10,10,0.726027397260274,0.7196620583717357,0.7619047619047619,0.6774193548387096,0.7619047619047619,0.6774193548387096,0.7619047619047619,0.6774193548387096,0.7196620583717357,0.8586789554531491
19,16,40,9,8,0.7671232876712328,0.7414965986394557,0.8163265306122449,0.6666666666666666,0.8247422680412371,0.6666666666666666,0.8163265306122449,0.6530612244897959,0.7389017462655165,0.8358843537414966
20,13,39,10,11,0.7123287671232876,0.6687925170068028,0.7959183673469388,0.5416666666666666,0.7878787878787878,0.5416666666666666,0.7959183673469388,0.5531914893617021,0.6705351386202449,0.7933673469387755
21,15,46,7,5,0.8356164383561644,0.8089622641509434,0.8679245283018868,0.75,0.8846153846153846,0.75,0.8679245283018868,0.7142857142857143,0.7994505494505495,0.8471698113207548
22,13,41,12,7,0.7397260273972602,0.7117924528301887,0.7735849056603774,0.65,0.8118811881188119,0.65,0.7735849056603774,0.5777777777777777,0.6948294829482948,0.789622641509434
23,18,33,13,9,0.6986301369863014,0.6920289855072463,0.717391304347826,0.6666666666666666,0.75,0.6666666666666666,0.717391304347826,0.6206896551724138,0.6853448275862069,0.7737520128824477
24,20,41,6,6,0.8356164383561644,0.820785597381342,0.8723404255319149,0.7692307692307693,0.8723404255319149,0.7692307692307693,0.8723404255319149,0.7692307692307693,0.820785597381342,0.8821603927986907
25,13,44,8,8,0.7808219178082192,0.7326007326007327,0.8461538461538461,0.6190476190476191,0.8461538461538461,0.6190476190476191,0.8461538461538461,0.6190476190476191,0.7326007326007327,0.8287545787545787
26,18,47,4,4,0.8904109589041096,0.8698752228163993,0.9215686274509803,0.8181818181818182,0.9215686274509803,0.8181818181818182,0.9215686274509803,0.8181818181818182,0.8698752228163993,0.9028520499108734
27,18,39,12,4,0.7808219178082192,0.7914438502673797,0.7647058823529411,0.8181818181818182,0.8297872340425532,0.8181818181818182,0.7647058823529411,0.6923076923076923,0.7610474631751227,0.8796791443850268
28,21,40,6,6,0.8356164383561644,0.8236714975845411,0.8695652173913043,0.7777777777777778,0.8695652173913043,0.7777777777777778,0.8695652173913043,0.7777777777777778,0.8236714975845411,0.8856682769726247
29,19,38,9,7,0.7808219178082192,0.7696399345335515,0.8085106382978723,0.7307692307692307,0.8260869565217391,0.7307692307692307,0.8085106382978723,0.7037037037037037,0.7648953301127215,0.8797054009819968
30,10,50,9,4,0.821917808219178,0.7808716707021792,0.847457627118644,0.7142857142857143,0.8849557522123894,0.7142857142857143,0.847457627118644,0.6060606060606061,0.7455081791364977,0.8414043583535109
31,17,39,9,8,0.7671232876712328,0.7462500000000001,0.8125,0.68,0.8210526315789474,0.68,0.8125,0.6666666666666666,0.743859649122807,0.8775000000000001
32,19,39,4,11,0.7945205479452054,0.7701550387596898,0.9069767441860465,0.6333333333333333,0.8387096774193549,0.6333333333333333,0.9069767441860465,0.7169811320754716,0.7778454047474133,0.82015503875969
33,22,34,9,8,0.7671232876712328,0.762015503875969,0.7906976744186046,0.7333333333333333,0.8,0.7333333333333333,0.7906976744186046,0.7213114754098361,0.7606557377049181,0.8248062015503876
34,12,49,6,6,0.8356164383561644,0.7787878787878788,0.8909090909090909,0.6666666666666666,0.8909090909090909,0.6666666666666666,0.8909090909090909,0.6666666666666666,0.7787878787878788,0.8414141414141414
35,22,40,9,2,0.8493150684931506,0.8664965986394557,0.8163265306122449,0.9166666666666666,0.8791208791208791,0.9166666666666666,0.8163265306122449,0.8,0.8395604395604396,0.9583333333333333
36,22,40,3,8,0.8493150684931506,0.8317829457364341,0.9302325581395349,0.7333333333333333,0.8791208791208791,0.7333333333333333,0.9302325581395349,0.8,0.8395604395604396,0.8806201550387598
37,17,34,13,9,0.6986301369863014,0.6886252045826514,0.723404255319149,0.6538461538461539,0.7555555555555555,0.6538461538461539,0.723404255319149,0.6071428571428571,0.6813492063492064,0.8036006546644845
38,19,43,6,5,0.8493150684931506,0.8346088435374149,0.8775510204081632,0.7916666666666666,0.8865979381443299,0.7916666666666666,0.8775510204081632,0.7755102040816326,0.8310540711129812,0.9243197278911564
39,20,37,9,7,0.7808219178082192,0.7725442834138486,0.8043478260869565,0.7407407407407407,0.8222222222222222,0.7407407407407407,0.8043478260869565,0.7142857142857143,0.7682539682539682,0.8438003220611916
40,18,40,5,10,0.7945205479452054,0.7658730158730158,0.8888888888888888,0.6428571428571429,0.8421052631578947,0.6428571428571429,0.8888888888888888,0.7058823529411765,0.7739938080495357,0.8722222222222222
41,18,40,10,5,0.7945205479452054,0.791304347826087,0.8,0.782608695652174,0.8421052631578947,0.782608695652174,0.8,0.7058823529411765,0.7739938080495357,0.8817391304347827
42,19,41,7,6,0.821917808219178,0.8070833333333334,0.8541666666666666,0.76,0.8631578947368421,0.76,0.8541666666666666,0.7450980392156863,0.8041279669762642,0.85
43,12,45,8,8,0.7808219178082192,0.7245283018867925,0.8490566037735849,0.6,0.8490566037735849,0.6,0.8490566037735849,0.6,0.7245283018867925,0.8575471698113208
44,20,39,7,7,0.8082191780821918,0.7942834138486312,0.8478260869565217,0.7407407407407407,0.8478260869565217,0.7407407407407407,0.8478260869565217,0.7407407407407407,0.7942834138486312,0.8317230273752013
45,17,38,12,6,0.7534246575342466,0.7495652173913043,0.76,0.7391304347826086,0.8085106382978723,0.7391304347826086,0.76,0.6538461538461539,0.7311783960720131,0.8895652173913043
46,24,39,4,6,0.863013698630137,0.8534883720930233,0.9069767441860465,0.8,0.8863636363636364,0.8,0.9069767441860465,0.8275862068965517,0.856974921630094,0.9155038759689923
47,27,31,11,4,0.7945205479452054,0.8045314900153611,0.7380952380952381,0.8709677419354839,0.8051948051948052,0.8709677419354839,0.7380952380952381,0.782608695652174,0.7939017504234895,0.9101382488479263
48,24,33,10,6,0.7808219178082192,0.7837209302325582,0.7674418604651163,0.8,0.8048780487804879,0.8,0.7674418604651163,0.75,0.7774390243902439,0.8736434108527131
49,24,37,8,4,0.8356164383561644,0.8396825396825396,0.8222222222222222,0.8571428571428571,0.8604651162790697,0.8571428571428571,0.8222222222222222,0.8,0.8302325581395349,0.9428571428571428
50,17,35,9,12,0.7123287671232876,0.6908307210031348,0.7954545454545454,0.5862068965517241,0.7692307692307693,0.5862068965517241,0.7954545454545454,0.6181818181818182,0.6937062937062937,0.7735109717868339
51,17,39,11,6,0.7671232876712328,0.7595652173913043,0.78,0.7391304347826086,0.8210526315789474,0.7391304347826086,0.78,0.6666666666666666,0.743859649122807,0.846086956521739
52,21,37,8,7,0.7945205479452054,0.7861111111111111,0.8222222222222222,0.75,0.8314606741573034,0.75,0.8222222222222222,0.7368421052631579,0.7841513897102306,0.8904761904761905
53,24,30,8,11,0.7397260273972602,0.737593984962406,0.7894736842105263,0.6857142857142857,0.759493670886076,0.6857142857142857,0.7894736842105263,0.7164179104477612,0.7379557906669185,0.8924812030075188
54,12,41,8,12,0.726027397260274,0.6683673469387755,0.8367346938775511,0.5,0.803921568627451,0.5,0.8367346938775511,0.5454545454545454,0.6746880570409982,0.7091836734693877
55,17,35,11,10,0.7123287671232876,0.6952495974235104,0.7608695652173914,0.6296296296296297,0.7692307692307693,0.6296296296296297,0.7608695652173914,0.6181818181818182,0.6937062937062937,0.7246376811594203
56,18,38,6,11,0.7671232876712328,0.7421630094043887,0.8636363636363636,0.6206896551724138,0.8172043010752689,0.6206896551724138,0.8636363636363636,0.6792452830188679,0.7482247920470684,0.8479623824451411
57,20,33,11,9,0.726027397260274,0.7198275862068966,0.75,0.6896551724137931,0.7674418604651163,0.6896551724137931,0.75,0.6666666666666666,0.7170542635658914,0.865987460815047
58,24,36,10,3,0.821917808219178,0.8357487922705313,0.782608695652174,0.8888888888888888,0.8470588235294118,0.8888888888888888,0.782608695652174,0.7868852459016393,0.8169720347155256,0.9219001610305957
59,21,32,10,10,0.726027397260274,0.7196620583717357,0.7619047619047619,0.6774193548387096,0.7619047619047619,0.6774193548387096,0.7619047619047619,0.6774193548387096,0.7196620583717357,0.8671274961597542
60,27,29,6,11,0.7671232876712328,0.7695488721804511,0.8285714285714286,0.7105263157894737,0.7733333333333333,0.7105263157894737,0.8285714285714286,0.7605633802816901,0.7669483568075117,0.8593984962406015
61,13,39,13,8,0.7123287671232876,0.6845238095238095,0.75,0.6190476190476191,0.7878787878787878,0.6190476190476191,0.75,0.5531914893617021,0.6705351386202449,0.7774725274725275
62,20,37,13,3,0.7808219178082192,0.8047826086956522,0.74,0.8695652173913043,0.8222222222222222,0.8695652173913043,0.74,0.7142857142857143,0.7682539682539682,0.9226086956521738
63,16,41,9,7,0.7808219178082192,0.7578260869565216,0.82,0.6956521739130435,0.8367346938775511,0.6956521739130435,0.82,0.6666666666666666,0.7517006802721089,0.9052173913043478
64,19,39,10,5,0.7945205479452054,0.7937925170068028,0.7959183673469388,0.7916666666666666,0.8387096774193549,0.7916666666666666,0.7959183673469388,0.7169811320754716,0.7778454047474133,0.8273809523809522
65,15,43,6,9,0.7945205479452054,0.7512755102040816,0.8775510204081632,0.625,0.8514851485148515,0.625,0.8775510204081632,0.6666666666666666,0.759075907590759,0.8375850340136055
66,20,35,12,6,0.7534246575342466,0.7569558101472995,0.7446808510638298,0.7692307692307693,0.7954545454545454,0.7692307692307693,0.7446808510638298,0.6896551724137931,0.7425548589341693,0.8379705400981997
67,18,37,11,7,0.7534246575342466,0.7454166666666666,0.7708333333333334,0.72,0.8043478260869565,0.72,0.7708333333333334,0.6666666666666666,0.7355072463768115,0.8358333333333333
68,13,37,14,9,0.684931506849315,0.6581996434937611,0.7254901960784313,0.5909090909090909,0.7628865979381443,0.5909090909090909,0.7254901960784313,0.5306122448979592,0.6467494214180518,0.7424242424242424
69,20,43,9,1,0.863013698630137,0.8896520146520146,0.8269230769230769,0.9523809523809523,0.8958333333333334,0.9523809523809523,0.8269230769230769,0.8,0.8479166666666667,0.967948717948718
70,19,36,11,7,0.7534246575342466,0.7483633387888706,0.7659574468085106,0.7307692307692307,0.8,0.7307692307692307,0.7659574468085106,0.6785714285714286,0.7392857142857143,0.8527004909983634
71,16,38,12,7,0.7397260273972602,0.7278260869565217,0.76,0.6956521739130435,0.8,0.6956521739130435,0.76,0.6274509803921569,0.7137254901960784,0.8234782608695652
72,14,41,12,6,0.7534246575342466,0.7367924528301887,0.7735849056603774,0.7,0.82,0.7,0.7735849056603774,0.6086956521739131,0.7143478260869565,0.8773584905660378
73,24,30,10,9,0.7397260273972602,0.7386363636363636,0.75,0.7272727272727273,0.759493670886076,0.7272727272727273,0.75,0.7164179104477612,0.7379557906669185,0.8128787878787879
74,15,34,11,13,0.6712328767123288,0.6456349206349206,0.7555555555555555,0.5357142857142857,0.7391304347826086,0.5357142857142857,0.7555555555555555,0.5555555555555556,0.6473429951690821,0.7119047619047619
75,26,28,10,9,0.7397260273972602,0.7398496240601504,0.7368421052631579,0.7428571428571429,0.7466666666666667,0.7428571428571429,0.7368421052631579,0.7323943661971831,0.7395305164319249,0.862406015037594
76,22,32,10,9,0.7397260273972602,0.7357910906298003,0.7619047619047619,0.7096774193548387,0.7710843373493976,0.7096774193548387,0.7619047619047619,0.6984126984126984,0.734748517881048,0.8287250384024577
77,17,40,7,9,0.7808219178082192,0.752454991816694,0.851063829787234,0.6538461538461539,0.8333333333333334,0.6538461538461539,0.851063829787234,0.68,0.7566666666666667,0.8502454991816695
78,21,36,12,4,0.7808219178082192,0.7949999999999999,0.75,0.84,0.8181818181818182,0.84,0.75,0.7241379310344828,0.7711598746081505,0.8966666666666666
79,21,41,5,6,0.8493150684931506,0.8345410628019323,0.8913043478260869,0.7777777777777778,0.8817204301075269,0.7777777777777778,0.8913043478260869,0.7924528301886793,0.837086630148103,0.9251207729468599
80,17,41,11,4,0.7945205479452054,0.798992673992674,0.7884615384615384,0.8095238095238095,0.845360824742268,0.8095238095238095,0.7884615384615384,0.6938775510204082,0.7696191878813381,0.858058608058608
81,18,45,5,5,0.863013698630137,0.841304347826087,0.9,0.782608695652174,0.9,0.782608695652174,0.9,0.782608695652174,0.841304347826087,0.9139130434782609
82,18,38,7,10,0.7671232876712328,0.7436507936507937,0.8444444444444444,0.6428571428571429,0.8172043010752689,0.6428571428571429,0.8444444444444444,0.6792452830188679,0.7482247920470684,0.7547619047619047
83,27,34,9,3,0.8356164383561644,0.8453488372093023,0.7906976744186046,0.9,0.85,0.9,0.7906976744186046,0.8181818181818182,0.8340909090909091,0.937984496124031
84,27,29,11,6,0.7671232876712328,0.7715909090909091,0.725,0.8181818181818182,0.7733333333333333,0.8181818181818182,0.725,0.7605633802816901,0.7669483568075117,0.8954545454545455
85,22,36,13,2,0.7945205479452054,0.8256802721088435,0.7346938775510204,0.9166666666666666,0.8275862068965517,0.9166666666666666,0.7346938775510204,0.7457627118644068,0.7866744593804793,0.9277210884353742
86,21,34,10,8,0.7534246575342466,0.7484326018808778,0.7727272727272727,0.7241379310344828,0.7906976744186046,0.7241379310344828,0.7727272727272727,0.7,0.7453488372093022,0.8260188087774295
87,24,34,10,5,0.7945205479452054,0.8001567398119123,0.7727272727272727,0.8275862068965517,0.8192771084337349,0.8275862068965517,0.7727272727272727,0.7619047619047619,0.7905909351692484,0.9114420062695925
88,20,35,8,10,0.7534246575342466,0.7403100775193798,0.813953488372093,0.6666666666666666,0.7954545454545454,0.6666666666666666,0.813953488372093,0.6896551724137931,0.7425548589341693,0.8356589147286823
89,20,40,8,5,0.821917808219178,0.8166666666666667,0.8333333333333334,0.8,0.8602150537634409,0.8,0.8333333333333334,0.7547169811320755,0.8074660174477581,0.9149999999999999
90,25,34,7,7,0.8082191780821918,0.8052591463414633,0.8292682926829268,0.78125,0.8292682926829268,0.78125,0.8292682926829268,0.78125,0.8052591463414633,0.8879573170731708
91,22,37,9,5,0.8082191780821918,0.8095813204508857,0.8043478260869565,0.8148148148148148,0.8409090909090909,0.8148148148148148,0.8043478260869565,0.7586206896551724,0.7997648902821317,0.9009661835748792
92,23,38,8,4,0.8356164383561644,0.8389694041867954,0.8260869565217391,0.8518518518518519,0.8636363636363636,0.8518518518518519,0.8260869565217391,0.7931034482758621,0.8283699059561129,0.9122383252818035
93,14,44,9,6,0.7945205479452054,0.7650943396226415,0.8301886792452831,0.7,0.8543689320388349,0.7,0.8301886792452831,0.6511627906976745,0.7527658613682546,0.8254716981132074
94,21,39,6,7,0.821917808219178,0.8083333333333333,0.8666666666666667,0.75,0.8571428571428571,0.75,0.8666666666666667,0.7636363636363637,0.8103896103896104,0.9253968253968253
95,17,37,11,8,0.7397260273972602,0.7254166666666667,0.7708333333333334,0.68,0.7956989247311828,0.68,0.7708333333333334,0.6415094339622641,0.7186041793467235,0.7791666666666667
96,15,37,14,7,0.7123287671232876,0.7036541889483066,0.7254901960784313,0.6818181818181818,0.7789473684210526,0.6818181818181818,0.7254901960784313,0.5882352941176471,0.6835913312693498,0.7575757575757576
97,16,38,11,8,0.7397260273972602,0.7210884353741496,0.7755102040816326,0.6666666666666666,0.8,0.6666666666666666,0.7755102040816326,0.6274509803921569,0.7137254901960784,0.7840136054421769
98,20,44,8,1,0.8767123287671232,0.8992673992673992,0.8461538461538461,0.9523809523809523,0.9072164948453608,0.9523809523809523,0.8461538461538461,0.8163265306122449,0.8617715127288028,0.9597069597069596
99,14,41,10,8,0.7534246575342466,0.7201426024955437,0.803921568627451,0.6363636363636364,0.82,0.6363636363636364,0.803921568627451,0.6086956521739131,0.7143478260869565,0.8538324420677362
100,20,35,11,7,0.7534246575342466,0.750805152979066,0.7608695652173914,0.7407407407407407,0.7954545454545454,0.7407407407407407,0.7608695652173914,0.6896551724137931,0.7425548589341693,0.8429951690821256
101,14,35,15,9,0.6712328767123288,0.6543478260869565,0.7,0.6086956521739131,0.7446808510638298,0.6086956521739131,0.7,0.5384615384615384,0.6415711947626841,0.7678260869565218
102,25,32,11,5,0.7808219178082192,0.7887596899224807,0.7441860465116279,0.8333333333333334,0.8,0.8333333333333334,0.7441860465116279,0.7575757575757576,0.7787878787878788,0.9077519379844962
103,23,36,11,3,0.8082191780821918,0.8252864157119476,0.7659574468085106,0.8846153846153846,0.8372093023255814,0.8846153846153846,0.7659574468085106,0.7666666666666667,0.8019379844961241,0.916530278232406
104,22,32,12,7,0.7397260273972602,0.7429467084639498,0.7272727272727273,0.7586206896551724,0.7710843373493976,0.7586206896551724,0.7272727272727273,0.6984126984126984,0.734748517881048,0.8550156739811912
105,13,43,10,7,0.7671232876712328,0.7306603773584905,0.8113207547169812,0.65,0.8349514563106796,0.65,0.8113207547169812,0.6046511627906976,0.7198013095506886,0.8066037735849056
106,22,30,11,10,0.7123287671232876,0.7096036585365854,0.7317073170731707,0.6875,0.7407407407407407,0.6875,0.7317073170731707,0.676923076923077,0.7088319088319088,0.8445121951219512
107,12,38,12,11,0.684931506849315,0.6408695652173912,0.76,0.5217391304347826,0.7676767676767676,0.5217391304347826,0.76,0.5106382978723404,0.639157532774554,0.7556521739130434
108,21,35,9,8,0.7671232876712328,0.759796238244514,0.7954545454545454,0.7241379310344828,0.8045977011494253,0.7241379310344828,0.7954545454545454,0.711864406779661,0.7582310539645432,0.7985893416927901
109,21,40,9,3,0.8356164383561644,0.8456632653061225,0.8163265306122449,0.875,0.8695652173913043,0.875,0.8163265306122449,0.7777777777777778,0.8236714975845411,0.9430272108843537
110,27,35,4,7,0.8493150684931506,0.8457767722473605,0.8974358974358975,0.7941176470588235,0.8641975308641975,0.7941176470588235,0.8974358974358975,0.8307692307692308,0.8474833808167141,0.8914027149321266
111,19,40,10,4,0.8082191780821918,0.8130434782608695,0.8,0.8260869565217391,0.851063829787234,0.8260869565217391,0.8,0.7307692307692307,0.7909165302782324,0.8782608695652174
112,26,37,5,5,0.863013698630137,0.859831029185868,0.8809523809523809,0.8387096774193549,0.8809523809523809,0.8387096774193549,0.8809523809523809,0.8387096774193549,0.859831029185868,0.9055299539170508
113,22,36,8,7,0.7945205479452054,0.7884012539184952,0.8181818181818182,0.7586206896551724,0.8275862068965517,0.7586206896551724,0.8181818181818182,0.7457627118644068,0.7866744593804793,0.8832288401253918
114,19,38,10,6,0.7808219178082192,0.7758333333333334,0.7916666666666666,0.76,0.8260869565217391,0.76,0.7916666666666666,0.7037037037037037,0.7648953301127215,0.8891666666666665
115,18,28,11,16,0.6301369863013698,0.6236802413273002,0.717948717948718,0.5294117647058824,0.6746987951807228,0.5294117647058824,0.717948717948718,0.5714285714285714,0.6230636833046471,0.7111613876319759
116,11,41,11,10,0.7123287671232876,0.6561355311355311,0.7884615384615384,0.5238095238095238,0.7961165048543689,0.5238095238095238,0.7884615384615384,0.5116279069767442,0.6538722059155566,0.6593406593406593
117,24,31,9,9,0.7534246575342466,0.7511363636363637,0.775,0.7272727272727273,0.775,0.7272727272727273,0.775,0.7272727272727273,0.7511363636363637,0.8568181818181818
118,24,35,8,6,0.8082191780821918,0.8069767441860465,0.813953488372093,0.8,0.8333333333333334,0.8,0.813953488372093,0.7741935483870968,0.803763440860215,0.8666666666666666
119,16,42,8,7,0.7945205479452054,0.7678260869565217,0.84,0.6956521739130435,0.8484848484848485,0.6956521739130435,0.84,0.6808510638297872,0.7646679561573179,0.9139130434782609
120,18,35,8,12,0.726027397260274,0.7069767441860465,0.813953488372093,0.6,0.7777777777777778,0.6,0.813953488372093,0.6428571428571429,0.7103174603174603,0.772093023255814
121,16,42,8,7,0.7945205479452054,0.7678260869565217,0.84,0.6956521739130435,0.8484848484848485,0.6956521739130435,0.84,0.6808510638297872,0.7646679561573179,0.8069565217391304
122,22,35,4,12,0.7808219178082192,0.7722473604826546,0.8974358974358975,0.6470588235294118,0.813953488372093,0.6470588235294118,0.8974358974358975,0.7333333333333333,0.7736434108527132,0.8250377073906486
123,17,34,13,9,0.6986301369863014,0.6886252045826514,0.723404255319149,0.6538461538461539,0.7555555555555555,0.6538461538461539,0.723404255319149,0.6071428571428571,0.6813492063492064,0.795417348608838
124,14,42,11,6,0.7671232876712328,0.7462264150943396,0.7924528301886793,0.7,0.8316831683168316,0.7,0.7924528301886793,0.6222222222222222,0.7269526952695269,0.8358490566037736
125,20,41,8,4,0.8356164383561644,0.8350340136054422,0.8367346938775511,0.8333333333333334,0.8723404255319149,0.8333333333333334,0.8367346938775511,0.7692307692307693,0.820785597381342,0.9081632653061225
126,14,43,8,8,0.7808219178082192,0.7397504456327986,0.8431372549019608,0.6363636363636364,0.8431372549019608,0.6363636363636364,0.8431372549019608,0.6363636363636364,0.7397504456327986,0.8012477718360071
127,30,30,7,6,0.821917808219178,0.8220720720720721,0.8108108108108109,0.8333333333333334,0.821917808219178,0.8333333333333334,0.8108108108108109,0.821917808219178,0.821917808219178,0.9166666666666666
128,29,29,8,7,0.7945205479452054,0.7946696696696697,0.7837837837837838,0.8055555555555556,0.7945205479452054,0.8055555555555556,0.7837837837837838,0.7945205479452054,0.7945205479452054,0.8858858858858858
129,18,33,12,10,0.6986301369863014,0.6880952380952381,0.7333333333333333,0.6428571428571429,0.75,0.6428571428571429,0.7333333333333333,0.6206896551724138,0.6853448275862069,0.7865079365079365
130,13,36,10,14,0.6712328767123288,0.6320450885668277,0.782608695652174,0.48148148148148145,0.75,0.48148148148148145,0.782608695652174,0.52,0.635,0.749597423510467
131,24,37,8,4,0.8356164383561644,0.8396825396825396,0.8222222222222222,0.8571428571428571,0.8604651162790697,0.8571428571428571,0.8222222222222222,0.8,0.8302325581395349,0.9142857142857143
132,20,38,10,5,0.7945205479452054,0.7958333333333334,0.7916666666666666,0.8,0.8351648351648352,0.8,0.7916666666666666,0.7272727272727273,0.7812187812187812,0.88
133,16,44,5,8,0.821917808219178,0.782312925170068,0.8979591836734694,0.6666666666666666,0.8712871287128713,0.6666666666666666,0.8979591836734694,0.7111111111111111,0.7911991199119912,0.8520408163265306
134,21,38,9,5,0.8082191780821918,0.8081014729950899,0.8085106382978723,0.8076923076923077,0.8444444444444444,0.8076923076923077,0.8085106382978723,0.75,0.7972222222222223,0.8535188216039279
135,24,39,8,2,0.863013698630137,0.8764320785597381,0.8297872340425532,0.9230769230769231,0.8863636363636364,0.9230769230769231,0.8297872340425532,0.8275862068965517,0.856974921630094,0.9541734860883797
136,16,45,6,6,0.8356164383561644,0.8048128342245989,0.8823529411764706,0.7272727272727273,0.8823529411764706,0.7272727272727273,0.8823529411764706,0.7272727272727273,0.8048128342245989,0.8992869875222816
137,16,40,7,10,0.7671232876712328,0.7332242225859247,0.851063829787234,0.6153846153846154,0.8247422680412371,0.6153846153846154,0.851063829787234,0.6530612244897959,0.7389017462655165,0.8232405891980361
138,16,40,11,6,0.7671232876712328,0.7557932263814617,0.7843137254901961,0.7272727272727273,0.8247422680412371,0.7272727272727273,0.7843137254901961,0.6530612244897959,0.7389017462655165,0.8627450980392156
139,17,44,8,4,0.8356164383561644,0.8278388278388278,0.8461538461538461,0.8095238095238095,0.88,0.8095238095238095,0.8461538461538461,0.7391304347826086,0.8095652173913044,0.9120879120879121
140,13,42,6,12,0.7534246575342466,0.6975,0.875,0.52,0.8235294117647058,0.52,0.875,0.5909090909090909,0.7072192513368984,0.7716666666666666
141,21,35,11,6,0.7671232876712328,0.7693236714975846,0.7608695652173914,0.7777777777777778,0.8045977011494253,0.7777777777777778,0.7608695652173914,0.711864406779661,0.7582310539645432,0.8333333333333334
142,19,39,5,10,0.7945205479452054,0.77076802507837,0.8863636363636364,0.6551724137931034,0.8387096774193549,0.6551724137931034,0.8863636363636364,0.7169811320754716,0.7778454047474133,0.8362068965517241
143,20,38,7,8,0.7945205479452054,0.7793650793650794,0.8444444444444444,0.7142857142857143,0.8351648351648352,0.7142857142857143,0.8444444444444444,0.7272727272727273,0.7812187812187812,0.8714285714285714
144,20,39,9,5,0.8082191780821918,0.80625,0.8125,0.8,0.8478260869565217,0.8,0.8125,0.7407407407407407,0.7942834138486312,0.9241666666666667
145,11,47,7,8,0.7945205479452054,0.7246588693957114,0.8703703703703703,0.5789473684210527,0.8623853211009175,0.5789473684210527,0.8703703703703703,0.5945945945945946,0.728489957847756,0.8128654970760234
146,20,38,6,9,0.7945205479452054,0.7766457680250785,0.8636363636363636,0.6896551724137931,0.8351648351648352,0.6896551724137931,0.8636363636363636,0.7272727272727273,0.7812187812187812,0.8996865203761756
147,24,31,10,8,0.7534246575342466,0.7530487804878049,0.7560975609756098,0.75,0.775,0.75,0.7560975609756098,0.7272727272727273,0.7511363636363637,0.8650914634146342
148,18,36,7,12,0.7397260273972602,0.7186046511627907,0.8372093023255814,0.6,0.7912087912087912,0.6,0.8372093023255814,0.6545454545454545,0.7228771228771229,0.8666666666666667
149,16,38,9,10,0.7397260273972602,0.7119476268412439,0.8085106382978723,0.6153846153846154,0.8,0.6153846153846154,0.8085106382978723,0.6274509803921569,0.7137254901960784,0.7864157119476268
150,22,38,6,7,0.821917808219178,0.811128526645768,0.8636363636363636,0.7586206896551724,0.8539325842696629,0.7586206896551724,0.8636363636363636,0.7719298245614035,0.8129312044155332,0.8871473354231975
151,16,43,7,7,0.8082191780821918,0.7778260869565217,0.86,0.6956521739130435,0.86,0.6956521739130435,0.86,0.6956521739130435,0.7778260869565217,0.8643478260869566
152,13,48,7,5,0.8356164383561644,0.7974747474747474,0.8727272727272727,0.7222222222222222,0.8888888888888888,0.7222222222222222,0.8727272727272727,0.6842105263157895,0.7865497076023391,0.8252525252525252
153,24,30,13,6,0.7397260273972602,0.7488372093023257,0.6976744186046512,0.8,0.759493670886076,0.8,0.6976744186046512,0.7164179104477612,0.7379557906669185,0.8697674418604652
154,20,39,10,4,0.8082191780821918,0.814625850340136,0.7959183673469388,0.8333333333333334,0.8478260869565217,0.8333333333333334,0.7959183673469388,0.7407407407407407,0.7942834138486312,0.891156462585034
155,25,35,6,7,0.821917808219178,0.8174542682926829,0.8536585365853658,0.78125,0.8433734939759037,0.78125,0.8536585365853658,0.7936507936507936,0.8185121438133487,0.90625
156,14,40,9,10,0.7397260273972602,0.6998299319727892,0.8163265306122449,0.5833333333333334,0.8080808080808081,0.5833333333333334,0.8163265306122449,0.5957446808510638,0.7019127444659359,0.7695578231292518
157,13,41,9,10,0.7397260273972602,0.6926086956521739,0.82,0.5652173913043478,0.8118811881188119,0.5652173913043478,0.82,0.5777777777777777,0.6948294829482948,0.7982608695652175
158,20,35,13,5,0.7534246575342466,0.7645833333333334,0.7291666666666666,0.8,0.7954545454545454,0.8,0.7291666666666666,0.6896551724137931,0.7425548589341693,0.8525
159,18,33,10,12,0.6986301369863014,0.6837209302325582,0.7674418604651163,0.6,0.75,0.6,0.7674418604651163,0.6206896551724138,0.6853448275862069,0.796124031007752
160,26,32,8,7,0.7945205479452054,0.793939393939394,0.8,0.7878787878787878,0.810126582278481,0.7878787878787878,0.8,0.7761194029850746,0.7931229926317778,0.8643939393939394
161,16,40,13,4,0.7671232876712328,0.7773584905660378,0.7547169811320755,0.8,0.8247422680412371,0.8,0.7547169811320755,0.6530612244897959,0.7389017462655165,0.8688679245283019
162,21,37,7,8,0.7945205479452054,0.7825235109717869,0.8409090909090909,0.7241379310344828,0.8314606741573034,0.7241379310344828,0.8409090909090909,0.7368421052631579,0.7841513897102306,0.8503134796238245
163,11,53,8,1,0.8767123287671232,0.89275956284153,0.8688524590163934,0.9166666666666666,0.9217391304347826,0.9166666666666666,0.8688524590163934,0.7096774193548387,0.8157082748948107,0.953551912568306
164,16,38,11,8,0.7397260273972602,0.7210884353741496,0.7755102040816326,0.6666666666666666,0.8,0.6666666666666666,0.7755102040816326,0.6274509803921569,0.7137254901960784,0.8180272108843537
165,22,35,8,8,0.7808219178082192,0.7736434108527132,0.813953488372093,0.7333333333333333,0.813953488372093,0.7333333333333333,0.813953488372093,0.7333333333333333,0.7736434108527132,0.8937984496124031
166,18,41,9,5,0.8082191780821918,0.801304347826087,0.82,0.782608695652174,0.8541666666666666,0.782608695652174,0.82,0.72,0.7870833333333334,0.8539130434782608
167,18,37,9,9,0.7534246575342466,0.7355072463768115,0.8043478260869565,0.6666666666666666,0.8043478260869565,0.6666666666666666,0.8043478260869565,0.6666666666666666,0.7355072463768115,0.8293075684380032
168,19,35,9,10,0.7397260273972602,0.7253134796238244,0.7954545454545454,0.6551724137931034,0.7865168539325843,0.6551724137931034,0.7954545454545454,0.6666666666666666,0.7265917602996255,0.8275862068965517
169,19,37,7,10,0.7671232876712328,0.7480407523510972,0.8409090909090909,0.6551724137931034,0.8131868131868132,0.6551724137931034,0.8409090909090909,0.6909090909090909,0.752047952047952,0.8557993730407524
170,12,44,11,6,0.7671232876712328,0.7333333333333334,0.8,0.6666666666666666,0.8380952380952381,0.6666666666666666,0.8,0.5853658536585366,0.7117305458768873,0.7969696969696969
171,18,36,9,10,0.7397260273972602,0.7214285714285715,0.8,0.6428571428571429,0.7912087912087912,0.6428571428571429,0.8,0.6545454545454545,0.7228771228771229,0.7642857142857143
172,19,38,11,5,0.7808219178082192,0.7835884353741496,0.7755102040816326,0.7916666666666666,0.8260869565217391,0.7916666666666666,0.7755102040816326,0.7037037037037037,0.7648953301127215,0.8664965986394557
173,19,41,10,3,0.821917808219178,0.8337789661319073,0.803921568627451,0.8636363636363636,0.8631578947368421,0.8636363636363636,0.803921568627451,0.7450980392156863,0.8041279669762642,0.8823529411764707
174,23,41,6,3,0.8767123287671232,0.8784779050736498,0.8723404255319149,0.8846153846153846,0.9010989010989011,0.8846153846153846,0.8723404255319149,0.8363636363636363,0.8687312687312687,0.9238952536824877
175,21,39,7,6,0.821917808219178,0.8128019323671498,0.8478260869565217,0.7777777777777778,0.8571428571428571,0.7777777777777778,0.8478260869565217,0.7636363636363637,0.8103896103896104,0.9025764895330113
176,20,34,11,8,0.7397260273972602,0.734920634920635,0.7555555555555555,0.7142857142857143,0.7816091954022989,0.7142857142857143,0.7555555555555555,0.6779661016949152,0.729787648548607,0.8103174603174603
177,15,43,8,7,0.7945205479452054,0.7624777183600713,0.8431372549019608,0.6818181818181818,0.8514851485148515,0.6818181818181818,0.8431372549019608,0.6666666666666666,0.759075907590759,0.8288770053475936
178,18,38,7,10,0.7671232876712328,0.7436507936507937,0.8444444444444444,0.6428571428571429,0.8172043010752689,0.6428571428571429,0.8444444444444444,0.6792452830188679,0.7482247920470684,0.7912698412698412
179,20,40,10,3,0.821917808219178,0.8347826086956522,0.8,0.8695652173913043,0.8602150537634409,0.8695652173913043,0.8,0.7547169811320755,0.8074660174477581,0.8869565217391304
180,13,39,10,11,0.7123287671232876,0.6687925170068028,0.7959183673469388,0.5416666666666666,0.7878787878787878,0.5416666666666666,0.7959183673469388,0.5531914893617021,0.6705351386202449,0.8137755102040817
181,19,35,12,7,0.7397260273972602,0.7377250409165302,0.7446808510638298,0.7307692307692307,0.7865168539325843,0.7307692307692307,0.7446808510638298,0.6666666666666666,0.7265917602996255,0.8175122749590834
182,21,40,9,3,0.8356164383561644,0.8456632653061225,0.8163265306122449,0.875,0.8695652173913043,0.875,0.8163265306122449,0.7777777777777778,0.8236714975845411,0.9319727891156463
183,18,40,10,5,0.7945205479452054,0.791304347826087,0.8,0.782608695652174,0.8421052631578947,0.782608695652174,0.8,0.7058823529411765,0.7739938080495357,0.8730434782608696
184,19,37,11,6,0.7671232876712328,0.7654166666666666,0.7708333333333334,0.76,0.8131868131868132,0.76,0.7708333333333334,0.6909090909090909,0.752047952047952,0.8483333333333333
185,19,37,10,7,0.7671232876712328,0.7590016366612111,0.7872340425531915,0.7307692307692307,0.8131868131868132,0.7307692307692307,0.7872340425531915,0.6909090909090909,0.752047952047952,0.8592471358428805
186,18,37,13,5,0.7534246575342466,0.761304347826087,0.74,0.782608695652174,0.8043478260869565,0.782608695652174,0.74,0.6666666666666666,0.7355072463768115,0.8808695652173913
187,18,42,7,6,0.821917808219178,0.8035714285714286,0.8571428571428571,0.75,0.865979381443299,0.75,0.8571428571428571,0.7346938775510204,0.8003366294971597,0.8971088435374149
188,24,32,9,8,0.7671232876712328,0.7652439024390244,0.7804878048780488,0.75,0.7901234567901234,0.75,0.7804878048780488,0.7384615384615385,0.764292497625831,0.8727134146341463
189,18,40,12,3,0.7945205479452054,0.8131868131868132,0.7692307692307693,0.8571428571428571,0.8421052631578947,0.8571428571428571,0.7692307692307693,0.7058823529411765,0.7739938080495357,0.9258241758241758
190,15,37,15,6,0.7123287671232876,0.7129120879120879,0.7115384615384616,0.7142857142857143,0.7789473684210526,0.7142857142857143,0.7115384615384616,0.5882352941176471,0.6835913312693498,0.7582417582417583
191,25,40,2,6,0.8904109589041096,0.879416282642089,0.9523809523809523,0.8064516129032258,0.9090909090909091,0.8064516129032258,0.9523809523809523,0.8620689655172413,0.8855799373040751,0.934715821812596
192,20,36,8,9,0.7671232876712328,0.7539184952978057,0.8181818181818182,0.6896551724137931,0.8089887640449438,0.6896551724137931,0.8181818181818182,0.7017543859649122,0.755371575004928,0.8362068965517242
193,21,36,10,6,0.7808219178082192,0.7801932367149759,0.782608695652174,0.7777777777777778,0.8181818181818182,0.7777777777777778,0.782608695652174,0.7241379310344828,0.7711598746081505,0.9098228663446055
194,20,39,9,5,0.8082191780821918,0.80625,0.8125,0.8,0.8478260869565217,0.8,0.8125,0.7407407407407407,0.7942834138486312,0.8791666666666667
195,22,33,10,8,0.7534246575342466,0.7503875968992249,0.7674418604651163,0.7333333333333333,0.7857142857142857,0.7333333333333333,0.7674418604651163,0.7096774193548387,0.7476958525345623,0.8410852713178295
196,19,28,13,13,0.6438356164383562,0.6383384146341464,0.6829268292682927,0.59375,0.6829268292682927,0.59375,0.6829268292682927,0.59375,0.6383384146341464,0.7385670731707318
197,18,40,6,9,0.7945205479452054,0.7681159420289855,0.8695652173913043,0.6666666666666666,0.8421052631578947,0.6666666666666666,0.8695652173913043,0.7058823529411765,0.7739938080495357,0.8043478260869564
198,17,44,7,5,0.8356164383561644,0.8177361853832442,0.8627450980392157,0.7727272727272727,0.88,0.7727272727272727,0.8627450980392157,0.7391304347826086,0.8095652173913044,0.8983957219251337
199,19,37,9,8,0.7671232876712328,0.7540257648953301,0.8043478260869565,0.7037037037037037,0.8131868131868132,0.7037037037037037,0.8043478260869565,0.6909090909090909,0.752047952047952,0.8381642512077294
200,21,37,9,6,0.7945205479452054,0.7910628019323671,0.8043478260869565,0.7777777777777778,0.8314606741573034,0.7777777777777778,0.8043478260869565,0.7368421052631579,0.7841513897102306,0.8333333333333333
201,22,31,14,6,0.726027397260274,0.7373015873015873,0.6888888888888889,0.7857142857142857,0.7560975609756098,0.7857142857142857,0.6888888888888889,0.6875,0.7217987804878049,0.8253968253968255
202,22,32,12,7,0.7397260273972602,0.7429467084639498,0.7272727272727273,0.7586206896551724,0.7710843373493976,0.7586206896551724,0.7272727272727273,0.6984126984126984,0.734748517881048,0.8009404388714734
203,20,37,9,7,0.7808219178082192,0.7725442834138486,0.8043478260869565,0.7407407407407407,0.8222222222222222,0.7407407407407407,0.8043478260869565,0.7142857142857143,0.7682539682539682,0.8623188405797101
204,19,41,9,4,0.821917808219178,0.8230434782608695,0.82,0.8260869565217391,0.8631578947368421,0.8260869565217391,0.82,0.7450980392156863,0.8041279669762642,0.9026086956521739
205,18,36,10,9,0.7397260273972602,0.7246376811594203,0.782608695652174,0.6666666666666666,0.7912087912087912,0.6666666666666666,0.782608695652174,0.6545454545454545,0.7228771228771229,0.8735909822866343
206,20,34,8,11,0.7397260273972602,0.7273425499231951,0.8095238095238095,0.6451612903225806,0.7816091954022989,0.6451612903225806,0.8095238095238095,0.6779661016949152,0.729787648548607,0.7887864823348695
207,24,32,9,8,0.7671232876712328,0.7652439024390244,0.7804878048780488,0.75,0.7901234567901234,0.75,0.7804878048780488,0.7384615384615385,0.764292497625831,0.8734756097560976
208,18,42,8,5,0.821917808219178,0.811304347826087,0.84,0.782608695652174,0.865979381443299,0.782608695652174,0.84,0.7346938775510204,0.8003366294971597,0.8869565217391304
209,18,40,6,9,0.7945205479452054,0.7681159420289855,0.8695652173913043,0.6666666666666666,0.8421052631578947,0.6666666666666666,0.8695652173913043,0.7058823529411765,0.7739938080495357,0.8276972624798711
210,23,36,8,6,0.8082191780821918,0.8056426332288402,0.8181818181818182,0.7931034482758621,0.8372093023255814,0.7931034482758621,0.8181818181818182,0.7666666666666667,0.8019379844961241,0.8926332288401254
211,18,42,7,6,0.821917808219178,0.8035714285714286,0.8571428571428571,0.75,0.865979381443299,0.75,0.8571428571428571,0.7346938775510204,0.8003366294971597,0.9124149659863945
212,21,36,11,5,0.7808219178082192,0.7868248772504092,0.7659574468085106,0.8076923076923077,0.8181818181818182,0.8076923076923077,0.7659574468085106,0.7241379310344828,0.7711598746081505,0.8952536824877251
213,14,36,12,11,0.684931506849315,0.655,0.75,0.56,0.7578947368421053,0.56,0.75,0.5490196078431373,0.6534571723426212,0.7983333333333333
214,19,39,6,9,0.7945205479452054,0.7726190476190476,0.8666666666666667,0.6785714285714286,0.8387096774193549,0.6785714285714286,0.8666666666666667,0.7169811320754716,0.7778454047474133,0.8428571428571429
215,19,42,3,9,0.8356164383561644,0.805952380952381,0.9333333333333333,0.6785714285714286,0.875,0.6785714285714286,0.9333333333333333,0.76,0.8175,0.8833333333333333
216,19,39,8,7,0.7945205479452054,0.7802782324058919,0.8297872340425532,0.7307692307692307,0.8387096774193549,0.7307692307692307,0.8297872340425532,0.7169811320754716,0.7778454047474133,0.8338788870703764
217,17,33,15,8,0.684931506849315,0.6837500000000001,0.6875,0.68,0.7415730337078652,0.68,0.6875,0.5964912280701754,0.6690321308890204,0.7166666666666667
218,21,38,8,6,0.8082191780821918,0.8019323671497585,0.8260869565217391,0.7777777777777778,0.8444444444444444,0.7777777777777778,0.8260869565217391,0.75,0.7972222222222223,0.8921095008051529
219,19,36,12,6,0.7534246575342466,0.755,0.75,0.76,0.8,0.76,0.75,0.6785714285714286,0.7392857142857143,0.8516666666666667
220,18,39,10,6,0.7808219178082192,0.7729591836734694,0.7959183673469388,0.75,0.8297872340425532,0.75,0.7959183673469388,0.6923076923076923,0.7610474631751227,0.8137755102040816
221,18,39,5,11,0.7808219178082192,0.7535266457680251,0.8863636363636364,0.6206896551724138,0.8297872340425532,0.6206896551724138,0.8863636363636364,0.6923076923076923,0.7610474631751227,0.7907523510971787
222,9,46,12,6,0.7534246575342466,0.6965517241379311,0.7931034482758621,0.6,0.8363636363636363,0.6,0.7931034482758621,0.5,0.6681818181818182,0.7643678160919539
223,23,32,12,6,0.7534246575342466,0.7601880877742947,0.7272727272727273,0.7931034482758621,0.7804878048780488,0.7931034482758621,0.7272727272727273,0.71875,0.7496189024390244,0.8785266457680251
224,22,36,9,6,0.7945205479452054,0.7928571428571429,0.8,0.7857142857142857,0.8275862068965517,0.7857142857142857,0.8,0.7457627118644068,0.7866744593804793,0.8722222222222222
225,21,31,14,7,0.7123287671232876,0.7194444444444444,0.6888888888888889,0.75,0.7469879518072289,0.75,0.6888888888888889,0.6666666666666666,0.7068273092369477,0.8492063492063492
226,24,35,6,8,0.8082191780821918,0.8018292682926829,0.8536585365853658,0.75,0.8333333333333334,0.75,0.8536585365853658,0.7741935483870968,0.803763440860215,0.8567073170731707
227,21,36,8,8,0.7808219178082192,0.7711598746081505,0.8181818181818182,0.7241379310344828,0.8181818181818182,0.7241379310344828,0.8181818181818182,0.7241379310344828,0.7711598746081505,0.8213166144200627
228,16,40,7,10,0.7671232876712328,0.7332242225859247,0.851063829787234,0.6153846153846154,0.8247422680412371,0.6153846153846154,0.851063829787234,0.6530612244897959,0.7389017462655165,0.8240589198036007
229,19,39,8,7,0.7945205479452054,0.7802782324058919,0.8297872340425532,0.7307692307692307,0.8387096774193549,0.7307692307692307,0.8297872340425532,0.7169811320754716,0.7778454047474133,0.8952536824877251
230,18,40,8,7,0.7945205479452054,0.7766666666666666,0.8333333333333334,0.72,0.8421052631578947,0.72,0.8333333333333334,0.7058823529411765,0.7739938080495357,0.8474999999999999
231,29,28,11,5,0.7808219178082192,0.7854449472096531,0.717948717948718,0.8529411764705882,0.7777777777777778,0.8529411764705882,0.717948717948718,0.7837837837837838,0.7807807807807807,0.889894419306184
232,24,38,6,5,0.8493150684931506,0.8456112852664577,0.8636363636363636,0.8275862068965517,0.8735632183908046,0.8275862068965517,0.8636363636363636,0.8135593220338984,0.8435612702123515,0.920062695924765
233,21,33,8,11,0.7397260273972602,0.7305640243902439,0.8048780487804879,0.65625,0.7764705882352941,0.65625,0.8048780487804879,0.6885245901639344,0.7324975891996143,0.8170731707317074
234,13,41,11,8,0.7397260273972602,0.7037545787545787,0.7884615384615384,0.6190476190476191,0.8118811881188119,0.6190476190476191,0.7884615384615384,0.5777777777777777,0.6948294829482948,0.826923076923077
235,22,31,9,11,0.726027397260274,0.7208333333333333,0.775,0.6666666666666666,0.7560975609756098,0.6666666666666666,0.775,0.6875,0.7217987804878049,0.8371212121212122
236,19,40,10,4,0.8082191780821918,0.8130434782608695,0.8,0.8260869565217391,0.851063829787234,0.8260869565217391,0.8,0.7307692307692307,0.7909165302782324,0.8739130434782608
237,18,38,11,6,0.7671232876712328,0.7627551020408163,0.7755102040816326,0.75,0.8172043010752689,0.75,0.7755102040816326,0.6792452830188679,0.7482247920470684,0.8886054421768709
238,19,36,10,8,0.7534246575342466,0.7431561996779388,0.782608695652174,0.7037037037037037,0.8,0.7037037037037037,0.782608695652174,0.6785714285714286,0.7392857142857143,0.8470209339774557
239,18,39,10,6,0.7808219178082192,0.7729591836734694,0.7959183673469388,0.75,0.8297872340425532,0.75,0.7959183673469388,0.6923076923076923,0.7610474631751227,0.8690476190476191
240,20,37,9,7,0.7808219178082192,0.7725442834138486,0.8043478260869565,0.7407407407407407,0.8222222222222222,0.7407407407407407,0.8043478260869565,0.7142857142857143,0.7682539682539682,0.8454106280193238
241,24,40,8,1,0.8767123287671232,0.8966666666666667,0.8333333333333334,0.96,0.898876404494382,0.96,0.8333333333333334,0.8421052631578947,0.8704908338261383,0.9683333333333334
242,14,47,6,6,0.8356164383561644,0.7933962264150943,0.8867924528301887,0.7,0.8867924528301887,0.7,0.8867924528301887,0.7,0.7933962264150943,0.8650943396226416
243,27,33,5,8,0.821917808219178,0.8199248120300753,0.868421052631579,0.7714285714285715,0.8354430379746836,0.7714285714285715,0.868421052631579,0.8059701492537313,0.8207065936142075,0.8849624060150376
244,22,38,5,8,0.821917808219178,0.8085271317829457,0.8837209302325582,0.7333333333333333,0.8539325842696629,0.7333333333333333,0.8837209302325582,0.7719298245614035,0.8129312044155332,0.8790697674418605
245,13,42,8,10,0.7534246575342466,0.7026086956521739,0.84,0.5652173913043478,0.8235294117647058,0.5652173913043478,0.84,0.5909090909090909,0.7072192513368984,0.7999999999999999
246,22,29,12,10,0.6986301369863014,0.6974085365853658,0.7073170731707317,0.6875,0.725,0.6875,0.7073170731707317,0.6666666666666666,0.6958333333333333,0.8285060975609756
247,17,33,14,9,0.684931506849315,0.677986906710311,0.7021276595744681,0.6538461538461539,0.7415730337078652,0.6538461538461539,0.7021276595744681,0.5964912280701754,0.6690321308890204,0.8314238952536824
248,17,42,5,9,0.8082191780821918,0.7737315875613748,0.8936170212765957,0.6538461538461539,0.8571428571428571,0.6538461538461539,0.8936170212765957,0.7083333333333334,0.7827380952380952,0.8535188216039279
249,25,32,12,4,0.7808219178082192,0.7946708463949843,0.7272727272727273,0.8620689655172413,0.8,0.8620689655172413,0.7272727272727273,0.7575757575757576,0.7787878787878788,0.9075235109717869
250,14,44,8,7,0.7945205479452054,0.7564102564102564,0.8461538461538461,0.6666666666666666,0.8543689320388349,0.6666666666666666,0.8461538461538461,0.6511627906976745,0.7527658613682546,0.8415750915750916
251,17,42,8,6,0.8082191780821918,0.7895652173913044,0.84,0.7391304347826086,0.8571428571428571,0.7391304347826086,0.84,0.7083333333333334,0.7827380952380952,0.8678260869565216
252,20,33,12,8,0.726027397260274,0.7238095238095238,0.7333333333333333,0.7142857142857143,0.7674418604651163,0.7142857142857143,0.7333333333333333,0.6666666666666666,0.7170542635658914,0.8126984126984127
253,16,41,9,7,0.7808219178082192,0.7578260869565216,0.82,0.6956521739130435,0.8367346938775511,0.6956521739130435,0.82,0.6666666666666666,0.7517006802721089,0.7999999999999999
254,19,36,9,9,0.7534246575342466,0.7392857142857143,0.8,0.6785714285714286,0.8,0.6785714285714286,0.8,0.6785714285714286,0.7392857142857143,0.842063492063492
255,23,40,8,2,0.863013698630137,0.8766666666666667,0.8333333333333334,0.92,0.8888888888888888,0.92,0.8333333333333334,0.8214285714285714,0.8551587301587301,0.97
256,22,37,10,4,0.8082191780821918,0.8166939443535188,0.7872340425531915,0.8461538461538461,0.8409090909090909,0.8461538461538461,0.7872340425531915,0.7586206896551724,0.7997648902821317,0.9001636661211129
257,29,32,4,8,0.8356164383561644,0.8363363363363363,0.8888888888888888,0.7837837837837838,0.8421052631578947,0.7837837837837838,0.8888888888888888,0.8285714285714286,0.8353383458646617,0.9024024024024024
258,17,34,14,8,0.6986301369863014,0.6941666666666667,0.7083333333333334,0.68,0.7555555555555555,0.68,0.7083333333333334,0.6071428571428571,0.6813492063492064,0.7883333333333332
259,21,34,11,7,0.7534246575342466,0.7527777777777778,0.7555555555555555,0.75,0.7906976744186046,0.75,0.7555555555555555,0.7,0.7453488372093022,0.8452380952380952
260,16,34,17,6,0.684931506849315,0.696969696969697,0.6666666666666666,0.7272727272727273,0.7472527472527473,0.7272727272727273,0.6666666666666666,0.5818181818181818,0.6645354645354645,0.8012477718360071
261,18,38,11,6,0.7671232876712328,0.7627551020408163,0.7755102040816326,0.75,0.8172043010752689,0.75,0.7755102040816326,0.6792452830188679,0.7482247920470684,0.8656462585034014
262,21,35,7,10,0.7671232876712328,0.7553763440860215,0.8333333333333334,0.6774193548387096,0.8045977011494253,0.6774193548387096,0.8333333333333334,0.711864406779661,0.7582310539645432,0.8509984639016898
263,13,45,5,10,0.7945205479452054,0.7326086956521739,0.9,0.5652173913043478,0.8571428571428571,0.5652173913043478,0.9,0.6341463414634146,0.7456445993031359,0.8139130434782609
264,19,33,9,12,0.7123287671232876,0.6993087557603687,0.7857142857142857,0.6129032258064516,0.7586206896551724,0.6129032258064516,0.7857142857142857,0.6440677966101694,0.7013442431326709,0.7772657450076805
265,22,40,4,7,0.8493150684931506,0.8338557993730407,0.9090909090909091,0.7586206896551724,0.8791208791208791,0.7586206896551724,0.9090909090909091,0.8,0.8395604395604396,0.9231974921630094
266,19,42,6,6,0.8356164383561644,0.8175,0.875,0.76,0.875,0.76,0.875,0.76,0.8175,0.8416666666666667
267,21,40,8,4,0.8356164383561644,0.8366666666666667,0.8333333333333334,0.84,0.8695652173913043,0.84,0.8333333333333334,0.7777777777777778,0.8236714975845411,0.8966666666666666
268,17,38,7,11,0.7534246575342466,0.7257936507936508,0.8444444444444444,0.6071428571428571,0.8085106382978723,0.6071428571428571,0.8444444444444444,0.6538461538461539,0.7311783960720131,0.7785714285714286
269,19,37,8,9,0.7671232876712328,0.7503968253968254,0.8222222222222222,0.6785714285714286,0.8131868131868132,0.6785714285714286,0.8222222222222222,0.6909090909090909,0.752047952047952,0.8333333333333334
270,20,32,16,5,0.7123287671232876,0.7333333333333334,0.6666666666666666,0.8,0.7529411764705882,0.8,0.6666666666666666,0.6557377049180327,0.7043394406943104,0.8099999999999999
271,15,43,8,7,0.7945205479452054,0.7624777183600713,0.8431372549019608,0.6818181818181818,0.8514851485148515,0.6818181818181818,0.8431372549019608,0.6666666666666666,0.759075907590759,0.823529411764706
272,20,34,10,9,0.7397260273972602,0.7311912225705329,0.7727272727272727,0.6896551724137931,0.7816091954022989,0.6896551724137931,0.7727272727272727,0.6779661016949152,0.729787648548607,0.7813479623824451
273,22,35,8,8,0.7808219178082192,0.7736434108527132,0.813953488372093,0.7333333333333333,0.813953488372093,0.7333333333333333,0.813953488372093,0.7333333333333333,0.7736434108527132,0.8178294573643411
274,15,38,9,11,0.726027397260274,0.6927168576104745,0.8085106382978723,0.5769230769230769,0.7916666666666666,0.5769230769230769,0.8085106382978723,0.6,0.6958333333333333,0.7839607201309329
275,16,45,2,10,0.8356164383561644,0.7864157119476269,0.9574468085106383,0.6153846153846154,0.8823529411764706,0.6153846153846154,0.9574468085106383,0.7272727272727273,0.8048128342245989,0.8109656301145663
276,18,38,10,7,0.7671232876712328,0.7558333333333334,0.7916666666666666,0.72,0.8172043010752689,0.72,0.7916666666666666,0.6792452830188679,0.7482247920470684,0.8716666666666667
277,18,42,10,3,0.821917808219178,0.8324175824175823,0.8076923076923077,0.8571428571428571,0.865979381443299,0.8571428571428571,0.8076923076923077,0.7346938775510204,0.8003366294971597,0.9294871794871794
278,22,34,12,5,0.7671232876712328,0.7769726247987117,0.7391304347826086,0.8148148148148148,0.8,0.8148148148148148,0.7391304347826086,0.7213114754098361,0.7606557377049181,0.8703703703703703
279,13,42,8,10,0.7534246575342466,0.7026086956521739,0.84,0.5652173913043478,0.8235294117647058,0.5652173913043478,0.84,0.5909090909090909,0.7072192513368984,0.7443478260869566
280,18,41,6,8,0.8082191780821918,0.7823240589198036,0.8723404255319149,0.6923076923076923,0.8541666666666666,0.6923076923076923,0.8723404255319149,0.72,0.7870833333333334,0.8854337152209493
281,15,46,5,7,0.8356164383561644,0.7918894830659536,0.9019607843137255,0.6818181818181818,0.8846153846153846,0.6818181818181818,0.9019607843137255,0.7142857142857143,0.7994505494505495,0.8270944741532977
282,15,39,12,7,0.7397260273972602,0.7232620320855614,0.7647058823529411,0.6818181818181818,0.8041237113402062,0.6818181818181818,0.7647058823529411,0.6122448979591837,0.708184304649695,0.786096256684492
283,25,38,4,6,0.863013698630137,0.8556067588325653,0.9047619047619048,0.8064516129032258,0.8837209302325582,0.8064516129032258,0.9047619047619048,0.8333333333333334,0.8585271317829457,0.9147465437788019
284,22,33,9,9,0.7534246575342466,0.7476958525345623,0.7857142857142857,0.7096774193548387,0.7857142857142857,0.7096774193548387,0.7857142857142857,0.7096774193548387,0.7476958525345623,0.8425499231950845
285,21,36,12,4,0.7808219178082192,0.7949999999999999,0.75,0.84,0.8181818181818182,0.84,0.75,0.7241379310344828,0.7711598746081505,0.8875
286,15,39,7,12,0.7397260273972602,0.7016908212560387,0.8478260869565217,0.5555555555555556,0.8041237113402062,0.5555555555555556,0.8478260869565217,0.6122448979591837,0.708184304649695,0.7528180354267311
287,20,40,11,2,0.821917808219178,0.8467023172905526,0.7843137254901961,0.9090909090909091,0.8602150537634409,0.9090909090909091,0.7843137254901961,0.7547169811320755,0.8074660174477581,0.9420677361853833
288,17,37,12,7,0.7397260273972602,0.7317176870748299,0.7551020408163265,0.7083333333333334,0.7956989247311828,0.7083333333333334,0.7551020408163265,0.6415094339622641,0.7186041793467235,0.8690476190476191
289,15,40,13,5,0.7534246575342466,0.7523584905660378,0.7547169811320755,0.75,0.8163265306122449,0.75,0.7547169811320755,0.625,0.7206632653061225,0.8471698113207548
290,17,47,5,4,0.8767123287671232,0.8566849816849818,0.9038461538461539,0.8095238095238095,0.912621359223301,0.8095238095238095,0.9038461538461539,0.7906976744186046,0.8516595168209529,0.9148351648351648
291,27,34,7,5,0.8356164383561644,0.8365091463414633,0.8292682926829268,0.84375,0.85,0.84375,0.8292682926829268,0.8181818181818182,0.8340909090909091,0.916920731707317
292,21,37,7,8,0.7945205479452054,0.7825235109717869,0.8409090909090909,0.7241379310344828,0.8314606741573034,0.7241379310344828,0.8409090909090909,0.7368421052631579,0.7841513897102306,0.8432601880877743
293,15,41,8,9,0.7671232876712328,0.7308673469387755,0.8367346938775511,0.625,0.8282828282828283,0.625,0.8367346938775511,0.6382978723404256,0.7332903503116269,0.8205782312925171
294,25,30,7,11,0.7534246575342466,0.7526276276276276,0.8108108108108109,0.6944444444444444,0.7692307692307693,0.6944444444444444,0.8108108108108109,0.7352941176470589,0.752262443438914,0.8536036036036035
295,21,32,10,10,0.726027397260274,0.7196620583717357,0.7619047619047619,0.6774193548387096,0.7619047619047619,0.6774193548387096,0.7619047619047619,0.6774193548387096,0.7196620583717357,0.868663594470046
296,13,39,11,10,0.7123287671232876,0.672608695652174,0.78,0.5652173913043478,0.7878787878787878,0.5652173913043478,0.78,0.5531914893617021,0.6705351386202449,0.7034782608695652
297,19,41,5,8,0.821917808219178,0.7975040257648953,0.8913043478260869,0.7037037037037037,0.8631578947368421,0.7037037037037037,0.8913043478260869,0.7450980392156863,0.8041279669762642,0.822866344605475
298,12,50,6,5,0.8493150684931506,0.7993697478991597,0.8928571428571429,0.7058823529411765,0.9009009009009009,0.7058823529411765,0.8928571428571429,0.6857142857142857,0.7933075933075933,0.8771008403361346
299,22,42,6,3,0.8767123287671232,0.8775,0.875,0.88,0.9032258064516129,0.88,0.875,0.8301886792452831,0.8667072428484479,0.9166666666666666
300,16,35,12,10,0.6986301369863014,0.6800327332242226,0.7446808510638298,0.6153846153846154,0.7608695652173914,0.6153846153846154,0.7446808510638298,0.5925925925925926,0.676731078904992,0.737315875613748
301,14,45,10,4,0.8082191780821918,0.797979797979798,0.8181818181818182,0.7777777777777778,0.8653846153846154,0.7777777777777778,0.8181818181818182,0.6666666666666666,0.766025641025641,0.8525252525252525
302,14,40,10,9,0.7397260273972602,0.7043478260869566,0.8,0.6086956521739131,0.8080808080808081,0.6086956521739131,0.8,0.5957446808510638,0.7019127444659359,0.7904347826086957
303,18,44,9,2,0.8493150684931506,0.8650943396226416,0.8301886792452831,0.9,0.8888888888888888,0.9,0.8301886792452831,0.7659574468085106,0.8274231678486997,0.940566037735849
304,23,34,4,12,0.7808219178082192,0.7759398496240602,0.8947368421052632,0.6571428571428571,0.8095238095238095,0.6571428571428571,0.8947368421052632,0.7419354838709677,0.7757296466973886,0.8120300751879699
305,22,39,7,5,0.8356164383561644,0.8313204508856682,0.8478260869565217,0.8148148148148148,0.8666666666666667,0.8148148148148148,0.8478260869565217,0.7857142857142857,0.8261904761904761,0.8985507246376812
306,18,39,11,5,0.7808219178082192,0.781304347826087,0.78,0.782608695652174,0.8297872340425532,0.782608695652174,0.78,0.6923076923076923,0.7610474631751227,0.8530434782608696
307,18,37,11,7,0.7534246575342466,0.7454166666666666,0.7708333333333334,0.72,0.8043478260869565,0.72,0.7708333333333334,0.6666666666666666,0.7355072463768115,0.7925
308,13,39,12,9,0.7123287671232876,0.677807486631016,0.7647058823529411,0.5909090909090909,0.7878787878787878,0.5909090909090909,0.7647058823529411,0.5531914893617021,0.6705351386202449,0.803030303030303
309,17,42,10,4,0.8082191780821918,0.8086080586080586,0.8076923076923077,0.8095238095238095,0.8571428571428571,0.8095238095238095,0.8076923076923077,0.7083333333333334,0.7827380952380952,0.9102564102564102
310,20,34,13,6,0.7397260273972602,0.7463175122749591,0.723404255319149,0.7692307692307693,0.7816091954022989,0.7692307692307693,0.723404255319149,0.6779661016949152,0.729787648548607,0.8608837970540099
311,20,38,12,3,0.7945205479452054,0.8147826086956522,0.76,0.8695652173913043,0.8351648351648352,0.8695652173913043,0.76,0.7272727272727273,0.7812187812187812,0.9165217391304348
312,16,41,9,7,0.7808219178082192,0.7578260869565216,0.82,0.6956521739130435,0.8367346938775511,0.6956521739130435,0.82,0.6666666666666666,0.7517006802721089,0.8226086956521739
313,19,37,8,9,0.7671232876712328,0.7503968253968254,0.8222222222222222,0.6785714285714286,0.8131868131868132,0.6785714285714286,0.8222222222222222,0.6909090909090909,0.752047952047952,0.8039682539682539
314,18,42,9,4,0.821917808219178,0.820855614973262,0.8235294117647058,0.8181818181818182,0.865979381443299,0.8181818181818182,0.8235294117647058,0.7346938775510204,0.8003366294971597,0.8778966131907309
315,19,39,5,10,0.7945205479452054,0.77076802507837,0.8863636363636364,0.6551724137931034,0.8387096774193549,0.6551724137931034,0.8863636363636364,0.7169811320754716,0.7778454047474133,0.8761755485893417
316,20,44,5,4,0.8767123287671232,0.8656462585034014,0.8979591836734694,0.8333333333333334,0.9072164948453608,0.8333333333333334,0.8979591836734694,0.8163265306122449,0.8617715127288028,0.9447278911564626
317,12,44,11,6,0.7671232876712328,0.7333333333333334,0.8,0.6666666666666666,0.8380952380952381,0.6666666666666666,0.8,0.5853658536585366,0.7117305458768873,0.7878787878787877
318,17,42,7,7,0.8082191780821918,0.7827380952380952,0.8571428571428571,0.7083333333333334,0.8571428571428571,0.7083333333333334,0.8571428571428571,0.7083333333333334,0.7827380952380952,0.8392857142857143
319,18,33,15,7,0.6986301369863014,0.70375,0.6875,0.72,0.75,0.72,0.6875,0.6206896551724138,0.6853448275862069,0.7908333333333333
320,17,40,13,3,0.7808219178082192,0.8023584905660377,0.7547169811320755,0.85,0.8333333333333334,0.85,0.7547169811320755,0.68,0.7566666666666667,0.9443396226415094
321,25,36,7,5,0.8356164383561644,0.8352713178294574,0.8372093023255814,0.8333333333333334,0.8571428571428571,0.8333333333333334,0.8372093023255814,0.8064516129032258,0.8317972350230414,0.9193798449612404
322,12,42,6,13,0.7397260273972602,0.6775,0.875,0.48,0.8155339805825242,0.48,0.875,0.5581395348837209,0.6868367577331226,0.69
323,19,43,5,6,0.8493150684931506,0.8279166666666666,0.8958333333333334,0.76,0.8865979381443299,0.76,0.8958333333333334,0.7755102040816326,0.8310540711129812,0.8441666666666666
324,21,40,6,6,0.8356164383561644,0.8236714975845411,0.8695652173913043,0.7777777777777778,0.8695652173913043,0.7777777777777778,0.8695652173913043,0.7777777777777778,0.8236714975845411,0.892914653784219
325,23,35,10,5,0.7945205479452054,0.7996031746031746,0.7777777777777778,0.8214285714285714,0.8235294117647058,0.8214285714285714,0.7777777777777778,0.7540983606557377,0.7888138862102217,0.8603174603174603
326,24,32,11,6,0.7671232876712328,0.772093023255814,0.7441860465116279,0.8,0.7901234567901234,0.8,0.7441860465116279,0.7384615384615385,0.764292497625831,0.8612403100775194
327,18,39,6,10,0.7808219178082192,0.7547619047619047,0.8666666666666667,0.6428571428571429,0.8297872340425532,0.6428571428571429,0.8666666666666667,0.6923076923076923,0.7610474631751227,0.7626984126984125
328,18,39,6,10,0.7808219178082192,0.7547619047619047,0.8666666666666667,0.6428571428571429,0.8297872340425532,0.6428571428571429,0.8666666666666667,0.6923076923076923,0.7610474631751227,0.8134920634920635
329,16,47,5,5,0.863013698630137,0.8328754578754578,0.9038461538461539,0.7619047619047619,0.9038461538461539,0.7619047619047619,0.9038461538461539,0.7619047619047619,0.8328754578754578,0.9212454212454212
330,16,38,8,11,0.7397260273972602,0.7093397745571659,0.8260869565217391,0.5925925925925926,0.8,0.5925925925925926,0.8260869565217391,0.6274509803921569,0.7137254901960784,0.8405797101449275
331,21,36,7,9,0.7808219178082192,0.7686046511627906,0.8372093023255814,0.7,0.8181818181818182,0.7,0.8372093023255814,0.7241379310344828,0.7711598746081505,0.837984496124031
332,25,31,10,7,0.7671232876712328,0.7686737804878049,0.7560975609756098,0.78125,0.7848101265822784,0.78125,0.7560975609756098,0.746268656716418,0.7655393916493483,0.8620426829268293
333,24,41,7,1,0.8904109589041096,0.9070833333333332,0.8541666666666666,0.96,0.9111111111111111,0.96,0.8541666666666666,0.8571428571428571,0.8841269841269841,0.9866666666666667
334,17,47,3,6,0.8767123287671232,0.8395652173913043,0.94,0.7391304347826086,0.912621359223301,0.7391304347826086,0.94,0.7906976744186046,0.8516595168209529,0.8756521739130434
335,14,43,10,6,0.7808219178082192,0.7556603773584906,0.8113207547169812,0.7,0.8431372549019608,0.7,0.8113207547169812,0.6363636363636364,0.7397504456327986,0.8377358490566038
336,21,30,15,7,0.6986301369863014,0.7083333333333333,0.6666666666666666,0.75,0.7317073170731707,0.75,0.6666666666666666,0.65625,0.6939786585365854,0.7904761904761904
337,17,36,7,13,0.726027397260274,0.701937984496124,0.8372093023255814,0.5666666666666667,0.782608695652174,0.5666666666666667,0.8372093023255814,0.6296296296296297,0.7061191626409018,0.8077519379844962
338,11,45,7,10,0.7671232876712328,0.6945970695970696,0.8653846153846154,0.5238095238095238,0.8411214953271028,0.5238095238095238,0.8653846153846154,0.5641025641025641,0.7026120297148335,0.7536630036630036
339,19,41,6,7,0.821917808219178,0.8015548281505729,0.8723404255319149,0.7307692307692307,0.8631578947368421,0.7307692307692307,0.8723404255319149,0.7450980392156863,0.8041279669762642,0.8527004909983633
340,14,41,11,7,0.7534246575342466,0.7275641025641025,0.7884615384615384,0.6666666666666666,0.82,0.6666666666666666,0.7884615384615384,0.6086956521739131,0.7143478260869565,0.8415750915750916
341,15,38,14,6,0.726027397260274,0.7225274725274725,0.7307692307692307,0.7142857142857143,0.7916666666666666,0.7142857142857143,0.7307692307692307,0.6,0.6958333333333333,0.847985347985348
342,13,39,13,8,0.7123287671232876,0.6845238095238095,0.75,0.6190476190476191,0.7878787878787878,0.6190476190476191,0.75,0.5531914893617021,0.6705351386202449,0.793040293040293
343,13,39,13,8,0.7123287671232876,0.6845238095238095,0.75,0.6190476190476191,0.7878787878787878,0.6190476190476191,0.75,0.5531914893617021,0.6705351386202449,0.782967032967033
344,16,37,12,8,0.726027397260274,0.7108843537414966,0.7551020408163265,0.6666666666666666,0.7872340425531915,0.6666666666666666,0.7551020408163265,0.6153846153846154,0.7013093289689034,0.7925170068027211
345,20,37,11,5,0.7808219178082192,0.7854166666666667,0.7708333333333334,0.8,0.8222222222222222,0.8,0.7708333333333334,0.7142857142857143,0.7682539682539682,0.8666666666666667
346,25,32,7,9,0.7808219178082192,0.7779034690799397,0.8205128205128205,0.7352941176470589,0.8,0.7352941176470589,0.8205128205128205,0.7575757575757576,0.7787878787878788,0.8627450980392156
347,16,45,6,6,0.8356164383561644,0.8048128342245989,0.8823529411764706,0.7272727272727273,0.8823529411764706,0.7272727272727273,0.8823529411764706,0.7272727272727273,0.8048128342245989,0.8404634581105169
348,12,52,4,5,0.8767123287671232,0.8172268907563025,0.9285714285714286,0.7058823529411765,0.9203539823008849,0.7058823529411765,0.9285714285714286,0.7272727272727273,0.8238133547868061,0.8151260504201681
349,25,35,7,6,0.821917808219178,0.8198924731182795,0.8333333333333334,0.8064516129032258,0.8433734939759037,0.8064516129032258,0.8333333333333334,0.7936507936507936,0.8185121438133487,0.8763440860215054
350,27,34,7,5,0.8356164383561644,0.8365091463414633,0.8292682926829268,0.84375,0.85,0.84375,0.8292682926829268,0.8181818181818182,0.8340909090909091,0.9435975609756098
351,21,35,10,7,0.7671232876712328,0.7638888888888888,0.7777777777777778,0.75,0.8045977011494253,0.75,0.7777777777777778,0.711864406779661,0.7582310539645432,0.8785714285714287
352,20,40,7,6,0.821917808219178,0.8101472995090017,0.851063829787234,0.7692307692307693,0.8602150537634409,0.7692307692307693,0.851063829787234,0.7547169811320755,0.8074660174477581,0.8592471358428805
353,19,40,9,5,0.8082191780821918,0.8039965986394557,0.8163265306122449,0.7916666666666666,0.851063829787234,0.7916666666666666,0.8163265306122449,0.7307692307692307,0.7909165302782324,0.8954081632653061
354,14,43,7,9,0.7808219178082192,0.7343478260869565,0.86,0.6086956521739131,0.8431372549019608,0.6086956521739131,0.86,0.6363636363636364,0.7397504456327986,0.8295652173913044
355,22,34,7,10,0.7671232876712328,0.7583841463414633,0.8292682926829268,0.6875,0.8,0.6875,0.8292682926829268,0.7213114754098361,0.7606557377049181,0.8734756097560975
356,17,37,12,7,0.7397260273972602,0.7317176870748299,0.7551020408163265,0.7083333333333334,0.7956989247311828,0.7083333333333334,0.7551020408163265,0.6415094339622641,0.7186041793467235,0.8852040816326531
357,20,37,5,11,0.7808219178082192,0.7630568356374807,0.8809523809523809,0.6451612903225806,0.8222222222222222,0.6451612903225806,0.8809523809523809,0.7142857142857143,0.7682539682539682,0.8317972350230415
358,19,41,4,9,0.821917808219178,0.7948412698412699,0.9111111111111111,0.6785714285714286,0.8631578947368421,0.6785714285714286,0.9111111111111111,0.7450980392156863,0.8041279669762642,0.8222222222222222
359,19,32,13,9,0.6986301369863014,0.6948412698412698,0.7111111111111111,0.6785714285714286,0.7441860465116279,0.6785714285714286,0.7111111111111111,0.6333333333333333,0.6887596899224806,0.8047619047619048
360,19,38,8,8,0.7808219178082192,0.7648953301127215,0.8260869565217391,0.7037037037037037,0.8260869565217391,0.7037037037037037,0.8260869565217391,0.7037037037037037,0.7648953301127215,0.8156199677938808
361,16,46,6,5,0.8493150684931506,0.8232600732600732,0.8846153846153846,0.7619047619047619,0.8932038834951457,0.7619047619047619,0.8846153846153846,0.7441860465116279,0.8186949650033868,0.8992673992673993
362,13,47,6,7,0.821917808219178,0.7683962264150943,0.8867924528301887,0.65,0.8785046728971962,0.65,0.8867924528301887,0.6666666666666666,0.7725856697819314,0.8471698113207548
363,23,36,6,8,0.8082191780821918,0.7995391705069124,0.8571428571428571,0.7419354838709677,0.8372093023255814,0.7419354838709677,0.8571428571428571,0.7666666666666667,0.8019379844961241,0.869431643625192
364,13,39,10,11,0.7123287671232876,0.6687925170068028,0.7959183673469388,0.5416666666666666,0.7878787878787878,0.5416666666666666,0.7959183673469388,0.5531914893617021,0.6705351386202449,0.7482993197278911
365,20,35,11,7,0.7534246575342466,0.750805152979066,0.7608695652173914,0.7407407407407407,0.7954545454545454,0.7407407407407407,0.7608695652173914,0.6896551724137931,0.7425548589341693,0.8550724637681159
366,18,40,8,7,0.7945205479452054,0.7766666666666666,0.8333333333333334,0.72,0.8421052631578947,0.72,0.8333333333333334,0.7058823529411765,0.7739938080495357,0.8808333333333334
367,16,46,6,5,0.8493150684931506,0.8232600732600732,0.8846153846153846,0.7619047619047619,0.8932038834951457,0.7619047619047619,0.8846153846153846,0.7441860465116279,0.8186949650033868,0.880952380952381
368,24,33,7,9,0.7808219178082192,0.7761363636363636,0.825,0.7272727272727273,0.8048780487804879,0.7272727272727273,0.825,0.75,0.7774390243902439,0.875
369,16,39,8,10,0.7534246575342466,0.7225859247135843,0.8297872340425532,0.6153846153846154,0.8125,0.6153846153846154,0.8297872340425532,0.64,0.7262500000000001,0.7594108019639935
370,21,42,7,3,0.863013698630137,0.8660714285714286,0.8571428571428571,0.875,0.8936170212765957,0.875,0.8571428571428571,0.8076923076923077,0.8506546644844517,0.9362244897959183
371,18,42,7,6,0.821917808219178,0.8035714285714286,0.8571428571428571,0.75,0.865979381443299,0.75,0.8571428571428571,0.7346938775510204,0.8003366294971597,0.8775510204081634
372,22,41,4,6,0.863013698630137,0.8484126984126984,0.9111111111111111,0.7857142857142857,0.8913043478260869,0.7857142857142857,0.9111111111111111,0.8148148148148148,0.8530595813204509,0.876984126984127
373,23,37,8,5,0.821917808219178,0.8218253968253968,0.8222222222222222,0.8214285714285714,0.8505747126436781,0.8214285714285714,0.8222222222222222,0.7796610169491526,0.8151178647964153,0.8761904761904762
374,16,40,6,11,0.7671232876712328,0.7310789049919484,0.8695652173913043,0.5925925925925926,0.8247422680412371,0.5925925925925926,0.8695652173913043,0.6530612244897959,0.7389017462655165,0.7850241545893719
375,25,36,3,9,0.8356164383561644,0.829185520361991,0.9230769230769231,0.7352941176470589,0.8571428571428571,0.7352941176470589,0.9230769230769231,0.8064516129032258,0.8317972350230414,0.8604826546003017
376,19,45,5,4,0.8767123287671232,0.8630434782608696,0.9,0.8260869565217391,0.9090909090909091,0.8260869565217391,0.9,0.8085106382978723,0.8588007736943907,0.9347826086956521
377,23,35,9,6,0.7945205479452054,0.7942789968652038,0.7954545454545454,0.7931034482758621,0.8235294117647058,0.7931034482758621,0.7954545454545454,0.7540983606557377,0.7888138862102217,0.896551724137931
378,26,36,5,6,0.8493150684931506,0.8452743902439024,0.8780487804878049,0.8125,0.8674698795180723,0.8125,0.8780487804878049,0.8253968253968254,0.8464333524574488,0.8955792682926829
379,26,32,9,6,0.7945205479452054,0.7964939024390244,0.7804878048780488,0.8125,0.810126582278481,0.8125,0.7804878048780488,0.7761194029850746,0.7931229926317778,0.8513719512195123
380,10,44,11,8,0.7397260273972602,0.6777777777777778,0.8,0.5555555555555556,0.822429906542056,0.5555555555555556,0.8,0.5128205128205128,0.6676252096812845,0.794949494949495
381,15,44,6,8,0.8082191780821918,0.7660869565217392,0.88,0.6521739130434783,0.8627450980392157,0.6521739130434783,0.88,0.6818181818181818,0.7722816399286987,0.9026086956521738
382,19,36,14,4,0.7534246575342466,0.7730434782608695,0.72,0.8260869565217391,0.8,0.8260869565217391,0.72,0.6785714285714286,0.7392857142857143,0.8626086956521739
383,21,38,9,5,0.8082191780821918,0.8081014729950899,0.8085106382978723,0.8076923076923077,0.8444444444444444,0.8076923076923077,0.8085106382978723,0.75,0.7972222222222223,0.8944353518821605
384,16,49,4,4,0.8904109589041096,0.8622641509433963,0.9245283018867925,0.8,0.9245283018867925,0.8,0.9245283018867925,0.8,0.8622641509433963,0.9075471698113208
385,16,47,5,5,0.863013698630137,0.8328754578754578,0.9038461538461539,0.7619047619047619,0.9038461538461539,0.7619047619047619,0.9038461538461539,0.7619047619047619,0.8328754578754578,0.8772893772893773
386,21,39,7,6,0.821917808219178,0.8128019323671498,0.8478260869565217,0.7777777777777778,0.8571428571428571,0.7777777777777778,0.8478260869565217,0.7636363636363637,0.8103896103896104,0.8872785829307569
387,21,39,9,4,0.821917808219178,0.8262499999999999,0.8125,0.84,0.8571428571428571,0.84,0.8125,0.7636363636363637,0.8103896103896104,0.9083333333333333
388,21,32,12,8,0.726027397260274,0.7257053291536051,0.7272727272727273,0.7241379310344828,0.7619047619047619,0.7241379310344828,0.7272727272727273,0.6774193548387096,0.7196620583717357,0.8620689655172413
389,13,42,10,8,0.7534246575342466,0.7133699633699634,0.8076923076923077,0.6190476190476191,0.8235294117647058,0.6190476190476191,0.8076923076923077,0.5909090909090909,0.7072192513368984,0.8168498168498168
390,13,38,12,10,0.6986301369863014,0.662608695652174,0.76,0.5652173913043478,0.7755102040816326,0.5652173913043478,0.76,0.5416666666666666,0.6585884353741496,0.811304347826087
391,17,41,7,8,0.7945205479452054,0.7670833333333333,0.8541666666666666,0.68,0.845360824742268,0.68,0.8541666666666666,0.6938775510204082,0.7696191878813381,0.8441666666666666
392,19,41,7,6,0.821917808219178,0.8070833333333334,0.8541666666666666,0.76,0.8631578947368421,0.76,0.8541666666666666,0.7450980392156863,0.8041279669762642,0.8408333333333333
393,23,34,11,5,0.7808219178082192,0.7884920634920635,0.7555555555555555,0.8214285714285714,0.8095238095238095,0.8214285714285714,0.7555555555555555,0.7419354838709677,0.7757296466973886,0.873015873015873
394,17,43,9,4,0.821917808219178,0.8182234432234432,0.8269230769230769,0.8095238095238095,0.8686868686868687,0.8095238095238095,0.8269230769230769,0.723404255319149,0.7960455620030089,0.8736263736263736
395,15,39,8,11,0.7397260273972602,0.703355155482815,0.8297872340425532,0.5769230769230769,0.8041237113402062,0.5769230769230769,0.8297872340425532,0.6122448979591837,0.708184304649695,0.7978723404255319
396,17,44,6,6,0.8356164383561644,0.8095652173913044,0.88,0.7391304347826086,0.88,0.7391304347826086,0.88,0.7391304347826086,0.8095652173913044,0.8704347826086956
397,12,40,15,6,0.7123287671232876,0.696969696969697,0.7272727272727273,0.6666666666666666,0.7920792079207921,0.6666666666666666,0.7272727272727273,0.5333333333333333,0.6627062706270628,0.8484848484848485
398,18,35,11,9,0.726027397260274,0.713768115942029,0.7608695652173914,0.6666666666666666,0.7777777777777778,0.6666666666666666,0.7608695652173914,0.6428571428571429,0.7103174603174603,0.8148148148148149
399,19,37,9,8,0.7671232876712328,0.7540257648953301,0.8043478260869565,0.7037037037037037,0.8131868131868132,0.7037037037037037,0.8043478260869565,0.6909090909090909,0.752047952047952,0.8454106280193237
400,12,42,9,10,0.7397260273972602,0.6844919786096256,0.8235294117647058,0.5454545454545454,0.8155339805825242,0.5454545454545454,0.8235294117647058,0.5581395348837209,0.6868367577331226,0.7263814616755793
401,16,41,6,10,0.7808219178082192,0.7438625204582652,0.8723404255319149,0.6153846153846154,0.8367346938775511,0.6153846153846154,0.8723404255319149,0.6666666666666666,0.7517006802721089,0.7569558101472995
402,22,35,8,8,0.7808219178082192,0.7736434108527132,0.813953488372093,0.7333333333333333,0.813953488372093,0.7333333333333333,0.813953488372093,0.7333333333333333,0.7736434108527132,0.8534883720930233
403,19,39,6,9,0.7945205479452054,0.7726190476190476,0.8666666666666667,0.6785714285714286,0.8387096774193549,0.6785714285714286,0.8666666666666667,0.7169811320754716,0.7778454047474133,0.8301587301587301
404,28,33,8,4,0.8356164383561644,0.8399390243902439,0.8048780487804879,0.875,0.8461538461538461,0.875,0.8048780487804879,0.8235294117647058,0.8348416289592759,0.90625
405,18,37,10,8,0.7534246575342466,0.739770867430442,0.7872340425531915,0.6923076923076923,0.8043478260869565,0.6923076923076923,0.7872340425531915,0.6666666666666666,0.7355072463768115,0.8657937806873977
406,16,45,6,6,0.8356164383561644,0.8048128342245989,0.8823529411764706,0.7272727272727273,0.8823529411764706,0.7272727272727273,0.8823529411764706,0.7272727272727273,0.8048128342245989,0.8939393939393939
407,20,39,6,8,0.8082191780821918,0.7904761904761906,0.8666666666666667,0.7142857142857143,0.8478260869565217,0.7142857142857143,0.8666666666666667,0.7407407407407407,0.7942834138486312,0.8761904761904762
408,18,37,9,9,0.7534246575342466,0.7355072463768115,0.8043478260869565,0.6666666666666666,0.8043478260869565,0.6666666666666666,0.8043478260869565,0.6666666666666666,0.7355072463768115,0.7729468599033816
409,16,43,7,7,0.8082191780821918,0.7778260869565217,0.86,0.6956521739130435,0.86,0.6956521739130435,0.86,0.6956521739130435,0.7778260869565217,0.7808695652173913
410,22,40,5,6,0.8493150684931506,0.8373015873015872,0.8888888888888888,0.7857142857142857,0.8791208791208791,0.7857142857142857,0.8888888888888888,0.8,0.8395604395604396,0.8841269841269842
411,18,37,10,8,0.7534246575342466,0.739770867430442,0.7872340425531915,0.6923076923076923,0.8043478260869565,0.6923076923076923,0.7872340425531915,0.6666666666666666,0.7355072463768115,0.8576104746317513
412,17,43,7,6,0.821917808219178,0.7995652173913044,0.86,0.7391304347826086,0.8686868686868687,0.7391304347826086,0.86,0.723404255319149,0.7960455620030089,0.8765217391304347
413,21,40,6,6,0.8356164383561644,0.8236714975845411,0.8695652173913043,0.7777777777777778,0.8695652173913043,0.7777777777777778,0.8695652173913043,0.7777777777777778,0.8236714975845411,0.8768115942028986
414,20,37,7,9,0.7808219178082192,0.765282131661442,0.8409090909090909,0.6896551724137931,0.8222222222222222,0.6896551724137931,0.8409090909090909,0.7142857142857143,0.7682539682539682,0.8064263322884012
415,17,40,11,5,0.7808219178082192,0.7785204991087344,0.7843137254901961,0.7727272727272727,0.8333333333333334,0.7727272727272727,0.7843137254901961,0.68,0.7566666666666667,0.894830659536542
416,16,44,11,2,0.821917808219178,0.8444444444444444,0.8,0.8888888888888888,0.8712871287128713,0.8888888888888888,0.8,0.7111111111111111,0.7911991199119912,0.9353535353535354
417,13,47,10,3,0.821917808219178,0.8185307017543859,0.8245614035087719,0.8125,0.8785046728971962,0.8125,0.8245614035087719,0.6666666666666666,0.7725856697819314,0.8706140350877193
418,28,28,10,7,0.7671232876712328,0.7684210526315789,0.7368421052631579,0.8,0.7671232876712328,0.8,0.7368421052631579,0.7671232876712328,0.7671232876712328,0.8804511278195489
419,18,39,12,4,0.7808219178082192,0.7914438502673797,0.7647058823529411,0.8181818181818182,0.8297872340425532,0.8181818181818182,0.7647058823529411,0.6923076923076923,0.7610474631751227,0.8556149732620322
420,23,33,11,6,0.7671232876712328,0.771551724137931,0.75,0.7931034482758621,0.7951807228915663,0.7931034482758621,0.75,0.7301587301587301,0.7626697265251482,0.8769592476489029
421,23,33,8,9,0.7671232876712328,0.7618140243902439,0.8048780487804879,0.71875,0.7951807228915663,0.71875,0.8048780487804879,0.7301587301587301,0.7626697265251482,0.8399390243902439
422,19,37,10,7,0.7671232876712328,0.7590016366612111,0.7872340425531915,0.7307692307692307,0.8131868131868132,0.7307692307692307,0.7872340425531915,0.6909090909090909,0.752047952047952,0.8567921440261866
423,20,32,16,5,0.7123287671232876,0.7333333333333334,0.6666666666666666,0.8,0.7529411764705882,0.8,0.6666666666666666,0.6557377049180327,0.7043394406943104,0.8783333333333334
424,21,32,8,12,0.726027397260274,0.7181818181818183,0.8,0.6363636363636364,0.7619047619047619,0.6363636363636364,0.8,0.6774193548387096,0.7196620583717357,0.7909090909090909
425,18,41,7,7,0.8082191780821918,0.7870833333333334,0.8541666666666666,0.72,0.8541666666666666,0.72,0.8541666666666666,0.72,0.7870833333333334,0.8916666666666666
426,20,45,7,1,0.8904109589041096,0.9088827838827839,0.8653846153846154,0.9523809523809523,0.9183673469387755,0.9523809523809523,0.8653846153846154,0.8333333333333334,0.8758503401360545,0.9496336996336996
427,16,44,7,6,0.821917808219178,0.7950089126559715,0.8627450980392157,0.7272727272727273,0.8712871287128713,0.7272727272727273,0.8627450980392157,0.7111111111111111,0.7911991199119912,0.8912655971479501
428,12,38,14,9,0.684931506849315,0.651098901098901,0.7307692307692307,0.5714285714285714,0.7676767676767676,0.5714285714285714,0.7307692307692307,0.5106382978723404,0.639157532774554,0.7774725274725274
429,21,38,6,8,0.8082191780821918,0.7938871473354232,0.8636363636363636,0.7241379310344828,0.8444444444444444,0.7241379310344828,0.8636363636363636,0.75,0.7972222222222223,0.8636363636363636
430,16,40,12,5,0.7671232876712328,0.7655677655677655,0.7692307692307693,0.7619047619047619,0.8247422680412371,0.7619047619047619,0.7692307692307693,0.6530612244897959,0.7389017462655165,0.8901098901098901
431,21,33,9,10,0.7397260273972602,0.7315668202764977,0.7857142857142857,0.6774193548387096,0.7764705882352941,0.6774193548387096,0.7857142857142857,0.6885245901639344,0.7324975891996143,0.8348694316436251
432,18,35,14,6,0.726027397260274,0.7321428571428572,0.7142857142857143,0.75,0.7777777777777778,0.75,0.7142857142857143,0.6428571428571429,0.7103174603174603,0.7746598639455782
433,19,42,4,8,0.8356164383561644,0.8083735909822867,0.9130434782608695,0.7037037037037037,0.875,0.7037037037037037,0.9130434782608695,0.76,0.8175,0.8470209339774557
434,20,38,12,3,0.7945205479452054,0.8147826086956522,0.76,0.8695652173913043,0.8351648351648352,0.8695652173913043,0.76,0.7272727272727273,0.7812187812187812,0.9330434782608695
435,16,40,10,7,0.7671232876712328,0.7478260869565218,0.8,0.6956521739130435,0.8247422680412371,0.6956521739130435,0.8,0.6530612244897959,0.7389017462655165,0.8347826086956522
436,18,40,10,5,0.7945205479452054,0.791304347826087,0.8,0.782608695652174,0.8421052631578947,0.782608695652174,0.8,0.7058823529411765,0.7739938080495357,0.8878260869565218
437,17,43,7,6,0.821917808219178,0.7995652173913044,0.86,0.7391304347826086,0.8686868686868687,0.7391304347826086,0.86,0.723404255319149,0.7960455620030089,0.8452173913043478
438,19,39,4,11,0.7945205479452054,0.7701550387596898,0.9069767441860465,0.6333333333333333,0.8387096774193549,0.6333333333333333,0.9069767441860465,0.7169811320754716,0.7778454047474133,0.7868217054263567
439,18,40,8,7,0.7945205479452054,0.7766666666666666,0.8333333333333334,0.72,0.8421052631578947,0.72,0.8333333333333334,0.7058823529411765,0.7739938080495357,0.8516666666666666
440,16,35,13,9,0.6986301369863014,0.6845833333333333,0.7291666666666666,0.64,0.7608695652173914,0.64,0.7291666666666666,0.5925925925925926,0.676731078904992,0.7966666666666665
441,18,36,12,7,0.7397260273972602,0.735,0.75,0.72,0.7912087912087912,0.72,0.75,0.6545454545454545,0.7228771228771229,0.8566666666666667
442,23,40,6,4,0.863013698630137,0.8607085346215781,0.8695652173913043,0.8518518518518519,0.8888888888888888,0.8518518518518519,0.8695652173913043,0.8214285714285714,0.8551587301587301,0.9066022544283413
443,18,41,8,6,0.8082191780821918,0.7933673469387755,0.8367346938775511,0.75,0.8541666666666666,0.75,0.8367346938775511,0.72,0.7870833333333334,0.8613945578231291
444,22,34,5,12,0.7671232876712328,0.7594268476621417,0.8717948717948718,0.6470588235294118,0.8,0.6470588235294118,0.8717948717948718,0.7213114754098361,0.7606557377049181,0.8159879336349926
445,15,45,8,5,0.821917808219178,0.7995283018867925,0.8490566037735849,0.75,0.8737864077669902,0.75,0.8490566037735849,0.6976744186046512,0.7857304131858207,0.9188679245283018
446,26,36,5,6,0.8493150684931506,0.8452743902439024,0.8780487804878049,0.8125,0.8674698795180723,0.8125,0.8780487804878049,0.8253968253968254,0.8464333524574488,0.8948170731707317
447,25,31,8,9,0.7671232876712328,0.7650829562594268,0.7948717948717948,0.7352941176470589,0.7848101265822784,0.7352941176470589,0.7948717948717948,0.746268656716418,0.7655393916493483,0.8393665158371041
448,14,37,9,13,0.6986301369863014,0.6614331723027376,0.8043478260869565,0.5185185185185185,0.7708333333333334,0.5185185185185185,0.8043478260869565,0.56,0.6654166666666668,0.7254428341384863
449,20,35,11,7,0.7534246575342466,0.750805152979066,0.7608695652173914,0.7407407407407407,0.7954545454545454,0.7407407407407407,0.7608695652173914,0.6896551724137931,0.7425548589341693,0.8349436392914654
450,19,36,9,9,0.7534246575342466,0.7392857142857143,0.8,0.6785714285714286,0.8,0.6785714285714286,0.8,0.6785714285714286,0.7392857142857143,0.8206349206349207
451,23,31,12,7,0.7397260273972602,0.743798449612403,0.7209302325581395,0.7666666666666667,0.7654320987654321,0.7666666666666667,0.7209302325581395,0.7076923076923077,0.7365622032288699,0.796124031007752
452,16,31,14,12,0.6438356164383562,0.6301587301587301,0.6888888888888889,0.5714285714285714,0.7045454545454546,0.5714285714285714,0.6888888888888889,0.5517241379310345,0.6281347962382445,0.7269841269841271
453,21,33,10,9,0.7397260273972602,0.7337209302325581,0.7674418604651163,0.7,0.7764705882352941,0.7,0.7674418604651163,0.6885245901639344,0.7324975891996143,0.8496124031007752
454,21,34,12,6,0.7534246575342466,0.7584541062801933,0.7391304347826086,0.7777777777777778,0.7906976744186046,0.7777777777777778,0.7391304347826086,0.7,0.7453488372093022,0.8381642512077294
455,16,39,11,7,0.7534246575342466,0.7378260869565217,0.78,0.6956521739130435,0.8125,0.6956521739130435,0.78,0.64,0.7262500000000001,0.8521739130434782
456,11,39,12,11,0.684931506849315,0.6323529411764706,0.7647058823529411,0.5,0.7722772277227723,0.5,0.7647058823529411,0.4888888888888889,0.6305830583058306,0.6818181818181819
457,23,34,8,8,0.7808219178082192,0.7757296466973886,0.8095238095238095,0.7419354838709677,0.8095238095238095,0.7419354838709677,0.8095238095238095,0.7419354838709677,0.7757296466973886,0.8310291858678955
458,17,33,13,10,0.684931506849315,0.6735104669887279,0.717391304347826,0.6296296296296297,0.7415730337078652,0.6296296296296297,0.717391304347826,0.5964912280701754,0.6690321308890204,0.7995169082125604
459,21,36,6,10,0.7808219178082192,0.7672811059907834,0.8571428571428571,0.6774193548387096,0.8181818181818182,0.6774193548387096,0.8571428571428571,0.7241379310344828,0.7711598746081505,0.8617511520737328
460,20,36,12,5,0.7671232876712328,0.775,0.75,0.8,0.8089887640449438,0.8,0.75,0.7017543859649122,0.755371575004928,0.8608333333333333
461,21,38,5,9,0.8082191780821918,0.791860465116279,0.8837209302325582,0.7,0.8444444444444444,0.7,0.8837209302325582,0.75,0.7972222222222223,0.8891472868217054
462,18,37,10,8,0.7534246575342466,0.739770867430442,0.7872340425531915,0.6923076923076923,0.8043478260869565,0.6923076923076923,0.7872340425531915,0.6666666666666666,0.7355072463768115,0.8518821603927987
463,15,39,11,8,0.7397260273972602,0.7160869565217391,0.78,0.6521739130434783,0.8041237113402062,0.6521739130434783,0.78,0.6122448979591837,0.708184304649695,0.8269565217391304
464,24,31,9,9,0.7534246575342466,0.7511363636363637,0.775,0.7272727272727273,0.775,0.7272727272727273,0.775,0.7272727272727273,0.7511363636363637,0.834848484848485
465,22,33,11,7,0.7534246575342466,0.7543103448275862,0.75,0.7586206896551724,0.7857142857142857,0.7586206896551724,0.75,0.7096774193548387,0.7476958525345623,0.8440438871473355
466,19,38,11,5,0.7808219178082192,0.7835884353741496,0.7755102040816326,0.7916666666666666,0.8260869565217391,0.7916666666666666,0.7755102040816326,0.7037037037037037,0.7648953301127215,0.8664965986394558
467,18,42,9,4,0.821917808219178,0.820855614973262,0.8235294117647058,0.8181818181818182,0.865979381443299,0.8181818181818182,0.8235294117647058,0.7346938775510204,0.8003366294971597,0.9188948306595366
468,19,39,10,5,0.7945205479452054,0.7937925170068028,0.7959183673469388,0.7916666666666666,0.8387096774193549,0.7916666666666666,0.7959183673469388,0.7169811320754716,0.7778454047474133,0.8860544217687075
469,26,28,15,4,0.7397260273972602,0.7589147286821706,0.6511627906976745,0.8666666666666667,0.7466666666666667,0.8666666666666667,0.6511627906976745,0.7323943661971831,0.7395305164319249,0.8798449612403101
470,27,37,3,6,0.8767123287671232,0.8715909090909091,0.925,0.8181818181818182,0.891566265060241,0.8181818181818182,0.925,0.8571428571428571,0.8743545611015491,0.9181818181818181
471,23,32,8,10,0.7534246575342466,0.7484848484848485,0.8,0.696969696969697,0.7804878048780488,0.696969696969697,0.8,0.71875,0.7496189024390244,0.875
472,22,34,8,9,0.7671232876712328,0.7596006144393241,0.8095238095238095,0.7096774193548387,0.8,0.7096774193548387,0.8095238095238095,0.7213114754098361,0.7606557377049181,0.8402457757296466
473,15,42,8,8,0.7808219178082192,0.7460869565217392,0.84,0.6521739130434783,0.84,0.6521739130434783,0.84,0.6521739130434783,0.7460869565217392,0.8095652173913043
474,18,39,5,11,0.7808219178082192,0.7535266457680251,0.8863636363636364,0.6206896551724138,0.8297872340425532,0.6206896551724138,0.8863636363636364,0.6923076923076923,0.7610474631751227,0.8565830721003135
475,19,40,12,2,0.8082191780821918,0.836996336996337,0.7692307692307693,0.9047619047619048,0.851063829787234,0.9047619047619048,0.7692307692307693,0.7307692307692307,0.7909165302782324,0.9313186813186812
476,24,37,8,4,0.8356164383561644,0.8396825396825396,0.8222222222222222,0.8571428571428571,0.8604651162790697,0.8571428571428571,0.8222222222222222,0.8,0.8302325581395349,0.915873015873016
477,23,29,9,12,0.7123287671232876,0.7101503759398496,0.7631578947368421,0.6571428571428571,0.7341772151898734,0.6571428571428571,0.7631578947368421,0.6865671641791045,0.710372189684489,0.8278195488721806
478,19,32,14,8,0.6986301369863014,0.6996779388083736,0.6956521739130435,0.7037037037037037,0.7441860465116279,0.7037037037037037,0.6956521739130435,0.6333333333333333,0.6887596899224806,0.8333333333333333
479,22,31,13,7,0.726027397260274,0.7315830721003135,0.7045454545454546,0.7586206896551724,0.7560975609756098,0.7586206896551724,0.7045454545454546,0.6875,0.7217987804878049,0.8557993730407524
480,22,32,12,7,0.7397260273972602,0.7429467084639498,0.7272727272727273,0.7586206896551724,0.7710843373493976,0.7586206896551724,0.7272727272727273,0.6984126984126984,0.734748517881048,0.8855799373040752
481,22,34,12,5,0.7671232876712328,0.7769726247987117,0.7391304347826086,0.8148148148148148,0.8,0.8148148148148148,0.7391304347826086,0.7213114754098361,0.7606557377049181,0.9009661835748793
482,18,42,7,6,0.821917808219178,0.8035714285714286,0.8571428571428571,0.75,0.865979381443299,0.75,0.8571428571428571,0.7346938775510204,0.8003366294971597,0.8681972789115646
483,23,36,10,4,0.8082191780821918,0.817230273752013,0.782608695652174,0.8518518518518519,0.8372093023255814,0.8518518518518519,0.782608695652174,0.7666666666666667,0.8019379844961241,0.8969404186795491
484,15,40,8,10,0.7534246575342466,0.7166666666666667,0.8333333333333334,0.6,0.8163265306122449,0.6,0.8333333333333334,0.625,0.7206632653061225,0.8441666666666666
485,16,36,10,11,0.7123287671232876,0.6876006441223832,0.782608695652174,0.5925925925925926,0.7741935483870968,0.5925925925925926,0.782608695652174,0.6037735849056604,0.6889835666463786,0.7286634460547503
486,16,41,13,3,0.7808219178082192,0.800682261208577,0.7592592592592593,0.8421052631578947,0.8367346938775511,0.8421052631578947,0.7592592592592593,0.6666666666666666,0.7517006802721089,0.8879142300194932
487,20,36,10,7,0.7671232876712328,0.7616747181964574,0.782608695652174,0.7407407407407407,0.8089887640449438,0.7407407407407407,0.782608695652174,0.7017543859649122,0.755371575004928,0.8888888888888887
488,19,38,7,9,0.7808219178082192,0.7615079365079365,0.8444444444444444,0.6785714285714286,0.8260869565217391,0.6785714285714286,0.8444444444444444,0.7037037037037037,0.7648953301127215,0.8238095238095239
489,23,36,6,8,0.8082191780821918,0.7995391705069124,0.8571428571428571,0.7419354838709677,0.8372093023255814,0.7419354838709677,0.8571428571428571,0.7666666666666667,0.8019379844961241,0.8671274961597542
490,24,29,11,9,0.726027397260274,0.7261363636363636,0.725,0.7272727272727273,0.7435897435897436,0.7272727272727273,0.725,0.7058823529411765,0.7247360482654601,0.8340909090909091
491,20,40,6,7,0.821917808219178,0.8051529790660226,0.8695652173913043,0.7407407407407407,0.8602150537634409,0.7407407407407407,0.8695652173913043,0.7547169811320755,0.8074660174477581,0.8904991948470209
492,20,34,11,8,0.7397260273972602,0.734920634920635,0.7555555555555555,0.7142857142857143,0.7816091954022989,0.7142857142857143,0.7555555555555555,0.6779661016949152,0.729787648548607,0.8626984126984126
493,13,32,15,13,0.6164383561643836,0.5904255319148937,0.6808510638297872,0.5,0.6956521739130435,0.5,0.6808510638297872,0.48148148148148145,0.5885668276972624,0.6824877250409166
494,23,38,9,3,0.8356164383561644,0.8465630114566285,0.8085106382978723,0.8846153846153846,0.8636363636363636,0.8846153846153846,0.8085106382978723,0.7931034482758621,0.8283699059561129,0.9247135842880524
495,18,45,8,2,0.863013698630137,0.8745283018867924,0.8490566037735849,0.9,0.9,0.9,0.8490566037735849,0.782608695652174,0.841304347826087,0.9490566037735849
496,21,30,17,5,0.6986301369863014,0.7229950900163666,0.6382978723404256,0.8076923076923077,0.7317073170731707,0.8076923076923077,0.6382978723404256,0.65625,0.6939786585365854,0.8543371522094927
497,17,41,11,4,0.7945205479452054,0.798992673992674,0.7884615384615384,0.8095238095238095,0.845360824742268,0.8095238095238095,0.7884615384615384,0.6938775510204082,0.7696191878813381,0.8681318681318682
498,26,32,7,8,0.7945205479452054,0.7926093514328808,0.8205128205128205,0.7647058823529411,0.810126582278481,0.7647058823529411,0.8205128205128205,0.7761194029850746,0.7931229926317778,0.8544494720965309
499,14,39,9,11,0.726027397260274,0.68625,0.8125,0.56,0.7959183673469388,0.56,0.8125,0.5833333333333334,0.689625850340136,0.7891666666666667
500,23,32,7,11,0.7534246575342466,0.7484917043740573,0.8205128205128205,0.6764705882352942,0.7804878048780488,0.6764705882352942,0.8205128205128205,0.71875,0.7496189024390244,0.8770739064856712
501,19,46,2,6,0.8904109589041096,0.8591666666666666,0.9583333333333334,0.76,0.92,0.76,0.9583333333333334,0.8260869565217391,0.8730434782608696,0.9216666666666666
502,17,37,8,11,0.7397260273972602,0.7146825396825396,0.8222222222222222,0.6071428571428571,0.7956989247311828,0.6071428571428571,0.8222222222222222,0.6415094339622641,0.7186041793467235,0.7841269841269841
503,11,45,10,7,0.7671232876712328,0.7146464646464648,0.8181818181818182,0.6111111111111112,0.8411214953271028,0.6111111111111112,0.8181818181818182,0.5641025641025641,0.7026120297148335,0.796969696969697
504,18,37,10,8,0.7534246575342466,0.739770867430442,0.7872340425531915,0.6923076923076923,0.8043478260869565,0.6923076923076923,0.7872340425531915,0.6666666666666666,0.7355072463768115,0.8412438625204582
505,22,34,11,6,0.7671232876712328,0.7706349206349206,0.7555555555555555,0.7857142857142857,0.8,0.7857142857142857,0.7555555555555555,0.7213114754098361,0.7606557377049181,0.8666666666666667
506,18,31,14,10,0.6712328767123288,0.665873015873016,0.6888888888888889,0.6428571428571429,0.7209302325581395,0.6428571428571429,0.6888888888888889,0.6,0.6604651162790698,0.8126984126984127
507,25,35,9,4,0.821917808219178,0.8287617554858934,0.7954545454545454,0.8620689655172413,0.8433734939759037,0.8620689655172413,0.7954545454545454,0.7936507936507936,0.8185121438133487,0.8887147335423198
508,15,47,7,4,0.8493150684931506,0.8299220272904484,0.8703703703703703,0.7894736842105263,0.8952380952380953,0.7894736842105263,0.8703703703703703,0.7317073170731707,0.813472706155633,0.868421052631579
509,24,41,3,5,0.8904109589041096,0.8797021943573667,0.9318181818181818,0.8275862068965517,0.9111111111111111,0.8275862068965517,0.9318181818181818,0.8571428571428571,0.8841269841269841,0.932601880877743
510,19,41,7,6,0.821917808219178,0.8070833333333334,0.8541666666666666,0.76,0.8631578947368421,0.76,0.8541666666666666,0.7450980392156863,0.8041279669762642,0.85
511,18,33,9,13,0.6986301369863014,0.6831797235023042,0.7857142857142857,0.5806451612903226,0.75,0.5806451612903226,0.7857142857142857,0.6206896551724138,0.6853448275862069,0.7880184331797235
512,19,32,14,8,0.6986301369863014,0.6996779388083736,0.6956521739130435,0.7037037037037037,0.7441860465116279,0.7037037037037037,0.6956521739130435,0.6333333333333333,0.6887596899224806,0.8454106280193237
513,12,43,9,9,0.7534246575342466,0.6991758241758241,0.8269230769230769,0.5714285714285714,0.8269230769230769,0.5714285714285714,0.8269230769230769,0.5714285714285714,0.6991758241758241,0.7912087912087912
514,28,35,7,3,0.863013698630137,0.8682795698924731,0.8333333333333334,0.9032258064516129,0.875,0.9032258064516129,0.8333333333333334,0.8484848484848485,0.8617424242424243,0.9592933947772657
515,19,43,7,4,0.8493150684931506,0.8430434782608696,0.86,0.8260869565217391,0.8865979381443299,0.8260869565217391,0.86,0.7755102040816326,0.8310540711129812,0.9252173913043478
516,20,36,8,9,0.7671232876712328,0.7539184952978057,0.8181818181818182,0.6896551724137931,0.8089887640449438,0.6896551724137931,0.8181818181818182,0.7017543859649122,0.755371575004928,0.8111285266457681
517,17,39,11,6,0.7671232876712328,0.7595652173913043,0.78,0.7391304347826086,0.8210526315789474,0.7391304347826086,0.78,0.6666666666666666,0.743859649122807,0.8365217391304347
518,28,34,7,4,0.8493150684931506,0.8521341463414633,0.8292682926829268,0.875,0.8607594936708861,0.875,0.8292682926829268,0.835820895522388,0.848290194596637,0.8963414634146342
519,14,38,12,9,0.7123287671232876,0.6843478260869565,0.76,0.6086956521739131,0.7835051546391752,0.6086956521739131,0.76,0.5714285714285714,0.6774668630338734,0.7765217391304348
520,12,46,8,7,0.7945205479452054,0.7417153996101364,0.8518518518518519,0.631578947368421,0.8598130841121495,0.631578947368421,0.8518518518518519,0.6153846153846154,0.7375988497483825,0.847953216374269
521,22,36,12,3,0.7945205479452054,0.815,0.75,0.88,0.8275862068965517,0.88,0.75,0.7457627118644068,0.7866744593804793,0.9366666666666666
522,20,37,7,9,0.7808219178082192,0.765282131661442,0.8409090909090909,0.6896551724137931,0.8222222222222222,0.6896551724137931,0.8409090909090909,0.7142857142857143,0.7682539682539682,0.8409090909090909
523,14,44,10,5,0.7945205479452054,0.7758284600389863,0.8148148148148148,0.7368421052631579,0.8543689320388349,0.7368421052631579,0.8148148148148148,0.6511627906976745,0.7527658613682546,0.9171539961013646
524,18,36,13,6,0.7397260273972602,0.7423469387755102,0.7346938775510204,0.75,0.7912087912087912,0.75,0.7346938775510204,0.6545454545454545,0.7228771228771229,0.8503401360544218
525,18,40,9,6,0.7945205479452054,0.7831632653061225,0.8163265306122449,0.75,0.8421052631578947,0.75,0.8163265306122449,0.7058823529411765,0.7739938080495357,0.8537414965986395
526,16,44,9,4,0.821917808219178,0.8150943396226416,0.8301886792452831,0.8,0.8712871287128713,0.8,0.8301886792452831,0.7111111111111111,0.7911991199119912,0.8764150943396226
527,20,36,9,8,0.7671232876712328,0.7571428571428571,0.8,0.7142857142857143,0.8089887640449438,0.7142857142857143,0.8,0.7017543859649122,0.755371575004928,0.8380952380952381
528,17,39,8,9,0.7671232876712328,0.7418166939443536,0.8297872340425532,0.6538461538461539,0.8210526315789474,0.6538461538461539,0.8297872340425532,0.6666666666666666,0.743859649122807,0.8060556464811784
529,22,32,13,6,0.7397260273972602,0.7484126984126984,0.7111111111111111,0.7857142857142857,0.7710843373493976,0.7857142857142857,0.7111111111111111,0.6984126984126984,0.734748517881048,0.8690476190476191
530,24,32,8,9,0.7671232876712328,0.7636363636363637,0.8,0.7272727272727273,0.7901234567901234,0.7272727272727273,0.8,0.7384615384615385,0.764292497625831,0.8462121212121212
531,16,42,10,5,0.7945205479452054,0.7847985347985348,0.8076923076923077,0.7619047619047619,0.8484848484848485,0.7619047619047619,0.8076923076923077,0.6808510638297872,0.7646679561573179,0.9184981684981686
532,22,35,10,6,0.7808219178082192,0.7817460317460317,0.7777777777777778,0.7857142857142857,0.813953488372093,0.7857142857142857,0.7777777777777778,0.7333333333333333,0.7736434108527132,0.8817460317460318
533,15,45,7,6,0.821917808219178,0.7898351648351649,0.8653846153846154,0.7142857142857143,0.8737864077669902,0.7142857142857143,0.8653846153846154,0.6976744186046512,0.7857304131858207,0.8882783882783882
534,15,41,11,6,0.7671232876712328,0.7513736263736264,0.7884615384615384,0.7142857142857143,0.8282828282828283,0.7142857142857143,0.7884615384615384,0.6382978723404256,0.7332903503116269,0.8351648351648351
535,26,35,7,5,0.8356164383561644,0.8360215053763441,0.8333333333333334,0.8387096774193549,0.8536585365853658,0.8387096774193549,0.8333333333333334,0.8125,0.8330792682926829,0.8909370199692781
536,15,41,10,7,0.7671232876712328,0.7428698752228164,0.803921568627451,0.6818181818181818,0.8282828282828283,0.6818181818181818,0.803921568627451,0.6382978723404256,0.7332903503116269,0.8377896613190731
537,21,44,3,5,0.8904109589041096,0.8719312602291326,0.9361702127659575,0.8076923076923077,0.9166666666666666,0.8076923076923077,0.9361702127659575,0.84,0.8783333333333333,0.8936170212765957
538,12,48,9,4,0.821917808219178,0.7960526315789473,0.8421052631578947,0.75,0.8807339449541285,0.75,0.8421052631578947,0.6486486486486487,0.7646912968013886,0.8980263157894737
539,14,41,12,6,0.7534246575342466,0.7367924528301887,0.7735849056603774,0.7,0.82,0.7,0.7735849056603774,0.6086956521739131,0.7143478260869565,0.7858490566037736
540,14,44,9,6,0.7945205479452054,0.7650943396226415,0.8301886792452831,0.7,0.8543689320388349,0.7,0.8301886792452831,0.6511627906976745,0.7527658613682546,0.7981132075471697
541,14,39,10,10,0.726027397260274,0.689625850340136,0.7959183673469388,0.5833333333333334,0.7959183673469388,0.5833333333333334,0.7959183673469388,0.5833333333333334,0.689625850340136,0.7168367346938777
542,15,43,7,8,0.7945205479452054,0.7560869565217392,0.86,0.6521739130434783,0.8514851485148515,0.6521739130434783,0.86,0.6666666666666666,0.759075907590759,0.8008695652173913
543,25,36,4,8,0.8356164383561644,0.8287878787878789,0.9,0.7575757575757576,0.8571428571428571,0.7575757575757576,0.9,0.8064516129032258,0.8317972350230414,0.9166666666666666
544,23,32,7,11,0.7534246575342466,0.7484917043740573,0.8205128205128205,0.6764705882352942,0.7804878048780488,0.6764705882352942,0.8205128205128205,0.71875,0.7496189024390244,0.7752639517345399
545,16,42,11,4,0.7945205479452054,0.7962264150943397,0.7924528301886793,0.8,0.8484848484848485,0.8,0.7924528301886793,0.6808510638297872,0.7646679561573179,0.870754716981132
546,19,41,10,3,0.821917808219178,0.8337789661319073,0.803921568627451,0.8636363636363636,0.8631578947368421,0.8636363636363636,0.803921568627451,0.7450980392156863,0.8041279669762642,0.9064171122994653
547,22,37,11,3,0.8082191780821918,0.8254166666666667,0.7708333333333334,0.88,0.8409090909090909,0.88,0.7708333333333334,0.7586206896551724,0.7997648902821317,0.8925
548,25,37,6,5,0.8493150684931506,0.8468992248062015,0.8604651162790697,0.8333333333333334,0.8705882352941177,0.8333333333333334,0.8604651162790697,0.819672131147541,0.8451301832208293,0.9054263565891474
549,21,37,7,8,0.7945205479452054,0.7825235109717869,0.8409090909090909,0.7241379310344828,0.8314606741573034,0.7241379310344828,0.8409090909090909,0.7368421052631579,0.7841513897102306,0.8800940438871474
550,16,40,8,9,0.7671232876712328,0.7366666666666667,0.8333333333333334,0.64,0.8247422680412371,0.64,0.8333333333333334,0.6530612244897959,0.7389017462655165,0.8458333333333333
551,23,30,11,9,0.726027397260274,0.7252286585365854,0.7317073170731707,0.71875,0.75,0.71875,0.7317073170731707,0.696969696969697,0.7234848484848485,0.836890243902439
552,21,33,8,11,0.7397260273972602,0.7305640243902439,0.8048780487804879,0.65625,0.7764705882352941,0.65625,0.8048780487804879,0.6885245901639344,0.7324975891996143,0.7545731707317073
553,20,44,5,4,0.8767123287671232,0.8656462585034014,0.8979591836734694,0.8333333333333334,0.9072164948453608,0.8333333333333334,0.8979591836734694,0.8163265306122449,0.8617715127288028,0.9268707482993198
554,14,38,14,7,0.7123287671232876,0.6987179487179487,0.7307692307692307,0.6666666666666666,0.7835051546391752,0.6666666666666666,0.7307692307692307,0.5714285714285714,0.6774668630338734,0.7930402930402931
555,16,41,10,6,0.7808219178082192,0.7655971479500892,0.803921568627451,0.7272727272727273,0.8367346938775511,0.7272727272727273,0.803921568627451,0.6666666666666666,0.7517006802721089,0.8689839572192514
556,26,33,8,6,0.8082191780821918,0.8086890243902439,0.8048780487804879,0.8125,0.825,0.8125,0.8048780487804879,0.7878787878787878,0.8064393939393939,0.9184451219512194
557,17,44,7,5,0.8356164383561644,0.8177361853832442,0.8627450980392157,0.7727272727272727,0.88,0.7727272727272727,0.8627450980392157,0.7391304347826086,0.8095652173913044,0.8502673796791443
558,23,32,11,7,0.7534246575342466,0.7554263565891473,0.7441860465116279,0.7666666666666667,0.7804878048780488,0.7666666666666667,0.7441860465116279,0.71875,0.7496189024390244,0.8333333333333335
559,17,38,13,5,0.7534246575342466,0.7589126559714795,0.7450980392156863,0.7727272727272727,0.8085106382978723,0.7727272727272727,0.7450980392156863,0.6538461538461539,0.7311783960720131,0.8725490196078431
560,20,36,10,7,0.7671232876712328,0.7616747181964574,0.782608695652174,0.7407407407407407,0.8089887640449438,0.7407407407407407,0.782608695652174,0.7017543859649122,0.755371575004928,0.8896940418679549
561,24,34,6,9,0.7945205479452054,0.7886363636363636,0.85,0.7272727272727273,0.8192771084337349,0.7272727272727273,0.85,0.7619047619047619,0.7905909351692484,0.8598484848484849
562,14,45,11,3,0.8082191780821918,0.8135504201680672,0.8035714285714286,0.8235294117647058,0.8653846153846154,0.8235294117647058,0.8035714285714286,0.6666666666666666,0.766025641025641,0.8728991596638656
563,22,40,8,3,0.8493150684931506,0.8566666666666667,0.8333333333333334,0.88,0.8791208791208791,0.88,0.8333333333333334,0.8,0.8395604395604396,0.965
564,17,39,10,7,0.7671232876712328,0.752125850340136,0.7959183673469388,0.7083333333333334,0.8210526315789474,0.7083333333333334,0.7959183673469388,0.6666666666666666,0.743859649122807,0.8163265306122449
565,13,40,8,12,0.726027397260274,0.6766666666666667,0.8333333333333334,0.52,0.8,0.52,0.8333333333333334,0.5652173913043478,0.682608695652174,0.7091666666666667
566,25,32,9,7,0.7808219178082192,0.7808689024390244,0.7804878048780488,0.78125,0.8,0.78125,0.7804878048780488,0.7575757575757576,0.7787878787878788,0.8841463414634145
567,17,40,8,8,0.7808219178082192,0.7566666666666667,0.8333333333333334,0.68,0.8333333333333334,0.68,0.8333333333333334,0.68,0.7566666666666667,0.8608333333333333
568,17,43,9,4,0.821917808219178,0.8182234432234432,0.8269230769230769,0.8095238095238095,0.8686868686868687,0.8095238095238095,0.8269230769230769,0.723404255319149,0.7960455620030089,0.8745421245421247
569,24,33,9,7,0.7808219178082192,0.7799539170506913,0.7857142857142857,0.7741935483870968,0.8048780487804879,0.7741935483870968,0.7857142857142857,0.75,0.7774390243902439,0.8579109062980029
570,22,38,11,2,0.821917808219178,0.8460884353741496,0.7755102040816326,0.9166666666666666,0.8539325842696629,0.9166666666666666,0.7755102040816326,0.7719298245614035,0.8129312044155332,0.9336734693877551
571,21,34,9,9,0.7534246575342466,0.7453488372093022,0.7906976744186046,0.7,0.7906976744186046,0.7,0.7906976744186046,0.7,0.7453488372093022,0.8503875968992247
572,20,33,6,14,0.726027397260274,0.7171945701357466,0.8461538461538461,0.5882352941176471,0.7674418604651163,0.5882352941176471,0.8461538461538461,0.6666666666666666,0.7170542635658914,0.7692307692307693
573,19,39,4,11,0.7945205479452054,0.7701550387596898,0.9069767441860465,0.6333333333333333,0.8387096774193549,0.6333333333333333,0.9069767441860465,0.7169811320754716,0.7778454047474133,0.8426356589147287
574,19,40,8,6,0.8082191780821918,0.7966666666666666,0.8333333333333334,0.76,0.851063829787234,0.76,0.8333333333333334,0.7307692307692307,0.7909165302782324,0.9016666666666666
575,20,37,10,6,0.7808219178082192,0.7782324058919804,0.7872340425531915,0.7692307692307693,0.8222222222222222,0.7692307692307693,0.7872340425531915,0.7142857142857143,0.7682539682539682,0.8592471358428806
576,18,39,5,11,0.7808219178082192,0.7535266457680251,0.8863636363636364,0.6206896551724138,0.8297872340425532,0.6206896551724138,0.8863636363636364,0.6923076923076923,0.7610474631751227,0.8283699059561128
577,22,39,9,3,0.8356164383561644,0.84625,0.8125,0.88,0.8666666666666667,0.88,0.8125,0.7857142857142857,0.8261904761904761,0.9500000000000001
578,23,35,8,7,0.7945205479452054,0.7903100775193799,0.813953488372093,0.7666666666666667,0.8235294117647058,0.7666666666666667,0.813953488372093,0.7540983606557377,0.7888138862102217,0.8914728682170543
579,20,38,9,6,0.7945205479452054,0.7888707037643208,0.8085106382978723,0.7692307692307693,0.8351648351648352,0.7692307692307693,0.8085106382978723,0.7272727272727273,0.7812187812187812,0.8248772504091653
580,20,43,6,4,0.863013698630137,0.8554421768707483,0.8775510204081632,0.8333333333333334,0.8958333333333334,0.8333333333333334,0.8775510204081632,0.8,0.8479166666666667,0.8962585034013605
581,25,36,7,5,0.8356164383561644,0.8352713178294574,0.8372093023255814,0.8333333333333334,0.8571428571428571,0.8333333333333334,0.8372093023255814,0.8064516129032258,0.8317972350230414,0.9054263565891473
582,15,43,9,6,0.7945205479452054,0.7706043956043955,0.8269230769230769,0.7142857142857143,0.8514851485148515,0.7142857142857143,0.8269230769230769,0.6666666666666666,0.759075907590759,0.8388278388278388
583,19,39,7,8,0.7945205479452054,0.7757648953301127,0.8478260869565217,0.7037037037037037,0.8387096774193549,0.7037037037037037,0.8478260869565217,0.7169811320754716,0.7778454047474133,0.8260869565217391
584,15,36,12,10,0.6986301369863014,0.675,0.75,0.6,0.7659574468085106,0.6,0.75,0.5769230769230769,0.6714402618657938,0.7908333333333333
585,23,43,3,4,0.9041095890410958,0.893317230273752,0.9347826086956522,0.8518518518518519,0.9247311827956989,0.8518518518518519,0.9347826086956522,0.8679245283018868,0.8963278555487928,0.9025764895330113
586,24,38,9,2,0.8493150684931506,0.8657937806873977,0.8085106382978723,0.9230769230769231,0.8735632183908046,0.9230769230769231,0.8085106382978723,0.8135593220338984,0.8435612702123515,0.9369885433715222
587,22,39,8,4,0.8356164383561644,0.8379705400981996,0.8297872340425532,0.8461538461538461,0.8666666666666667,0.8461538461538461,0.8297872340425532,0.7857142857142857,0.8261904761904761,0.9042553191489361
588,12,42,7,12,0.7397260273972602,0.6785714285714286,0.8571428571428571,0.5,0.8155339805825242,0.5,0.8571428571428571,0.5581395348837209,0.6868367577331226,0.7891156462585033
589,21,39,10,3,0.821917808219178,0.8354591836734694,0.7959183673469388,0.875,0.8571428571428571,0.875,0.7959183673469388,0.7636363636363637,0.8103896103896104,0.9183673469387755
590,17,40,8,8,0.7808219178082192,0.7566666666666667,0.8333333333333334,0.68,0.8333333333333334,0.68,0.8333333333333334,0.68,0.7566666666666667,0.8233333333333333
591,15,48,7,3,0.863013698630137,0.853030303030303,0.8727272727272727,0.8333333333333334,0.9056603773584906,0.8333333333333334,0.8727272727272727,0.75,0.8278301886792453,0.9474747474747476
592,20,38,5,10,0.7945205479452054,0.7751937984496124,0.8837209302325582,0.6666666666666666,0.8351648351648352,0.6666666666666666,0.8837209302325582,0.7272727272727273,0.7812187812187812,0.8705426356589148
593,11,41,12,9,0.7123287671232876,0.6617924528301887,0.7735849056603774,0.55,0.7961165048543689,0.55,0.7735849056603774,0.5116279069767442,0.6538722059155566,0.8018867924528301
594,24,39,7,3,0.863013698630137,0.8683574879227053,0.8478260869565217,0.8888888888888888,0.8863636363636364,0.8888888888888888,0.8478260869565217,0.8275862068965517,0.856974921630094,0.9694041867954912
595,22,40,9,2,0.8493150684931506,0.8664965986394557,0.8163265306122449,0.9166666666666666,0.8791208791208791,0.9166666666666666,0.8163265306122449,0.8,0.8395604395604396,0.945578231292517
596,17,39,11,6,0.7671232876712328,0.7595652173913043,0.78,0.7391304347826086,0.8210526315789474,0.7391304347826086,0.78,0.6666666666666666,0.743859649122807,0.8408695652173913
597,20,26,19,8,0.6301369863013698,0.646031746031746,0.5777777777777777,0.7142857142857143,0.6582278481012658,0.7142857142857143,0.5777777777777777,0.5970149253731343,0.6276213867372,0.811904761904762
598,22,39,7,5,0.8356164383561644,0.8313204508856682,0.8478260869565217,0.8148148148148148,0.8666666666666667,0.8148148148148148,0.8478260869565217,0.7857142857142857,0.8261904761904761,0.8695652173913043
599,15,42,12,4,0.7808219178082192,0.7836257309941521,0.7777777777777778,0.7894736842105263,0.84,0.7894736842105263,0.7777777777777778,0.6521739130434783,0.7460869565217392,0.8606237816764133
600,16,38,12,7,0.7397260273972602,0.7278260869565217,0.76,0.6956521739130435,0.8,0.6956521739130435,0.76,0.6274509803921569,0.7137254901960784,0.8226086956521739
601,22,41,6,4,0.863013698630137,0.8592471358428806,0.8723404255319149,0.8461538461538461,0.8913043478260869,0.8461538461538461,0.8723404255319149,0.8148148148148148,0.8530595813204509,0.8911620294599017
602,17,42,14,0,0.8082191780821918,0.875,0.75,1.0,0.8571428571428571,1.0,0.75,0.7083333333333334,0.7827380952380952,0.9611344537815126
603,19,38,11,5,0.7808219178082192,0.7835884353741496,0.7755102040816326,0.7916666666666666,0.8260869565217391,0.7916666666666666,0.7755102040816326,0.7037037037037037,0.7648953301127215,0.863095238095238
604,23,38,7,5,0.8356164383561644,0.8329365079365079,0.8444444444444444,0.8214285714285714,0.8636363636363636,0.8214285714285714,0.8444444444444444,0.7931034482758621,0.8283699059561129,0.9206349206349207
605,21,43,4,5,0.8767123287671232,0.8612929623567922,0.9148936170212766,0.8076923076923077,0.9052631578947369,0.8076923076923077,0.9148936170212766,0.8235294117647058,0.8643962848297213,0.9320785597381341
606,24,33,5,11,0.7808219178082192,0.7770676691729324,0.868421052631579,0.6857142857142857,0.8048780487804879,0.6857142857142857,0.868421052631579,0.75,0.7774390243902439,0.8203007518796993
607,24,36,12,1,0.821917808219178,0.855,0.75,0.96,0.8470588235294118,0.96,0.75,0.7868852459016393,0.8169720347155256,0.96
608,21,40,6,6,0.8356164383561644,0.8236714975845411,0.8695652173913043,0.7777777777777778,0.8695652173913043,0.7777777777777778,0.8695652173913043,0.7777777777777778,0.8236714975845411,0.8615136876006441
609,19,44,5,5,0.863013698630137,0.844812925170068,0.8979591836734694,0.7916666666666666,0.8979591836734694,0.7916666666666666,0.8979591836734694,0.7916666666666666,0.844812925170068,0.9226190476190478
610,12,46,7,8,0.7945205479452054,0.7339622641509433,0.8679245283018868,0.6,0.8598130841121495,0.6,0.8679245283018868,0.6153846153846154,0.7375988497483825,0.7481132075471697
611,15,35,14,9,0.684931506849315,0.6696428571428572,0.7142857142857143,0.625,0.7526881720430108,0.625,0.7142857142857143,0.5660377358490566,0.6593629539460337,0.7542517006802721
612,20,39,11,3,0.8082191780821918,0.8247826086956522,0.78,0.8695652173913043,0.8478260869565217,0.8695652173913043,0.78,0.7407407407407407,0.7942834138486312,0.9147826086956522
613,18,39,13,3,0.7808219178082192,0.8035714285714286,0.75,0.8571428571428571,0.8297872340425532,0.8571428571428571,0.75,0.6923076923076923,0.7610474631751227,0.8974358974358975
614,14,47,7,5,0.8356164383561644,0.8036062378167641,0.8703703703703703,0.7368421052631579,0.8867924528301887,0.7368421052631579,0.8703703703703703,0.7,0.7933962264150943,0.8401559454191033
615,21,36,10,6,0.7808219178082192,0.7801932367149759,0.782608695652174,0.7777777777777778,0.8181818181818182,0.7777777777777778,0.782608695652174,0.7241379310344828,0.7711598746081505,0.8623188405797102
616,18,40,7,8,0.7945205479452054,0.7716857610474632,0.851063829787234,0.6923076923076923,0.8421052631578947,0.6923076923076923,0.851063829787234,0.7058823529411765,0.7739938080495357,0.8617021276595744
617,17,41,5,10,0.7945205479452054,0.7604669887278583,0.8913043478260869,0.6296296296296297,0.845360824742268,0.6296296296296297,0.8913043478260869,0.6938775510204082,0.7696191878813381,0.8325281803542672
618,19,41,11,2,0.821917808219178,0.8466117216117216,0.7884615384615384,0.9047619047619048,0.8631578947368421,0.9047619047619048,0.7884615384615384,0.7450980392156863,0.8041279669762642,0.9304029304029303
619,17,35,13,8,0.7123287671232876,0.7045833333333333,0.7291666666666666,0.68,0.7692307692307693,0.68,0.7291666666666666,0.6181818181818182,0.6937062937062937,0.8391666666666667
620,19,40,9,5,0.8082191780821918,0.8039965986394557,0.8163265306122449,0.7916666666666666,0.851063829787234,0.7916666666666666,0.8163265306122449,0.7307692307692307,0.7909165302782324,0.8809523809523809
621,16,44,6,7,0.821917808219178,0.7878260869565217,0.88,0.6956521739130435,0.8712871287128713,0.6956521739130435,0.88,0.7111111111111111,0.7911991199119912,0.8930434782608695
622,23,35,9,6,0.7945205479452054,0.7942789968652038,0.7954545454545454,0.7931034482758621,0.8235294117647058,0.7931034482758621,0.7954545454545454,0.7540983606557377,0.7888138862102217,0.8714733542319749
623,23,29,8,13,0.7123287671232876,0.7113363363363363,0.7837837837837838,0.6388888888888888,0.7341772151898734,0.6388888888888888,0.7837837837837838,0.6865671641791045,0.710372189684489,0.8243243243243243
624,21,40,8,4,0.8356164383561644,0.8366666666666667,0.8333333333333334,0.84,0.8695652173913043,0.84,0.8333333333333334,0.7777777777777778,0.8236714975845411,0.8858333333333334
625,19,43,6,5,0.8493150684931506,0.8346088435374149,0.8775510204081632,0.7916666666666666,0.8865979381443299,0.7916666666666666,0.8775510204081632,0.7755102040816326,0.8310540711129812,0.8894557823129251
626,14,44,9,6,0.7945205479452054,0.7650943396226415,0.8301886792452831,0.7,0.8543689320388349,0.7,0.8301886792452831,0.6511627906976745,0.7527658613682546,0.8971698113207547
627,23,36,7,7,0.8082191780821918,0.8019379844961241,0.8372093023255814,0.7666666666666667,0.8372093023255814,0.7666666666666667,0.8372093023255814,0.7666666666666667,0.8019379844961241,0.824031007751938
628,13,40,12,8,0.726027397260274,0.6941391941391941,0.7692307692307693,0.6190476190476191,0.8,0.6190476190476191,0.7692307692307693,0.5652173913043478,0.682608695652174,0.8031135531135531
629,21,35,11,6,0.7671232876712328,0.7693236714975846,0.7608695652173914,0.7777777777777778,0.8045977011494253,0.7777777777777778,0.7608695652173914,0.711864406779661,0.7582310539645432,0.8647342995169082
630,24,36,4,9,0.821917808219178,0.8136363636363637,0.9,0.7272727272727273,0.8470588235294118,0.7272727272727273,0.9,0.7868852459016393,0.8169720347155256,0.8393939393939394
631,27,35,6,5,0.8493150684931506,0.8487042682926829,0.8536585365853658,0.84375,0.8641975308641975,0.84375,0.8536585365853658,0.8307692307692308,0.8474833808167141,0.9077743902439025
632,19,37,16,1,0.7671232876712328,0.8240566037735848,0.6981132075471698,0.95,0.8131868131868132,0.95,0.6981132075471698,0.6909090909090909,0.752047952047952,0.939622641509434
633,23,29,9,12,0.7123287671232876,0.7101503759398496,0.7631578947368421,0.6571428571428571,0.7341772151898734,0.6571428571428571,0.7631578947368421,0.6865671641791045,0.710372189684489,0.837593984962406
634,18,35,15,5,0.726027397260274,0.741304347826087,0.7,0.782608695652174,0.7777777777777778,0.782608695652174,0.7,0.6428571428571429,0.7103174603174603,0.84
635,18,46,5,4,0.8767123287671232,0.8600713012477719,0.9019607843137255,0.8181818181818182,0.9108910891089109,0.8181818181818182,0.9019607843137255,0.8,0.8554455445544555,0.9162210338680927
636,13,50,7,3,0.863013698630137,0.8448464912280702,0.8771929824561403,0.8125,0.9090909090909091,0.8125,0.8771929824561403,0.7222222222222222,0.8156565656565656,0.9035087719298246
637,19,42,7,5,0.8356164383561644,0.8244047619047619,0.8571428571428571,0.7916666666666666,0.875,0.7916666666666666,0.8571428571428571,0.76,0.8175,0.9430272108843537
638,18,37,6,12,0.7534246575342466,0.7302325581395348,0.8604651162790697,0.6,0.8043478260869565,0.6,0.8604651162790697,0.6666666666666666,0.7355072463768115,0.7364341085271318
639,17,38,9,9,0.7534246575342466,0.7311783960720131,0.8085106382978723,0.6538461538461539,0.8085106382978723,0.6538461538461539,0.8085106382978723,0.6538461538461539,0.7311783960720131,0.7700490998363339
640,18,36,8,11,0.7397260273972602,0.719435736677116,0.8181818181818182,0.6206896551724138,0.7912087912087912,0.6206896551724138,0.8181818181818182,0.6545454545454545,0.7228771228771229,0.7782131661442006
641,20,39,7,7,0.8082191780821918,0.7942834138486312,0.8478260869565217,0.7407407407407407,0.8478260869565217,0.7407407407407407,0.8478260869565217,0.7407407407407407,0.7942834138486312,0.8768115942028986
642,16,43,8,6,0.8082191780821918,0.785204991087344,0.8431372549019608,0.7272727272727273,0.86,0.7272727272727273,0.8431372549019608,0.6956521739130435,0.7778260869565217,0.8663101604278075
643,24,37,8,4,0.8356164383561644,0.8396825396825396,0.8222222222222222,0.8571428571428571,0.8604651162790697,0.8571428571428571,0.8222222222222222,0.8,0.8302325581395349,0.9063492063492063
644,28,30,11,4,0.7945205479452054,0.8033536585365854,0.7317073170731707,0.875,0.8,0.875,0.7317073170731707,0.7887323943661971,0.7943661971830986,0.9275914634146342
645,14,41,10,8,0.7534246575342466,0.7201426024955437,0.803921568627451,0.6363636363636364,0.82,0.6363636363636364,0.803921568627451,0.6086956521739131,0.7143478260869565,0.7941176470588235
646,25,36,5,7,0.8356164383561644,0.8296493902439024,0.8780487804878049,0.78125,0.8571428571428571,0.78125,0.8780487804878049,0.8064516129032258,0.8317972350230414,0.8833841463414633
647,21,34,7,11,0.7534246575342466,0.7427591463414633,0.8292682926829268,0.65625,0.7906976744186046,0.65625,0.8292682926829268,0.7,0.7453488372093022,0.8216463414634146
648,18,41,8,6,0.8082191780821918,0.7933673469387755,0.8367346938775511,0.75,0.8541666666666666,0.75,0.8367346938775511,0.72,0.7870833333333334,0.8188775510204082
649,22,36,7,8,0.7945205479452054,0.7852713178294574,0.8372093023255814,0.7333333333333333,0.8275862068965517,0.7333333333333333,0.8372093023255814,0.7457627118644068,0.7866744593804793,0.8682170542635659
650,22,32,10,9,0.7397260273972602,0.7357910906298003,0.7619047619047619,0.7096774193548387,0.7710843373493976,0.7096774193548387,0.7619047619047619,0.6984126984126984,0.734748517881048,0.8241167434715823
651,14,41,6,12,0.7534246575342466,0.7054009819967266,0.8723404255319149,0.5384615384615384,0.82,0.5384615384615384,0.8723404255319149,0.6086956521739131,0.7143478260869565,0.7512274959083469
652,23,41,5,4,0.8767123287671232,0.8715780998389694,0.8913043478260869,0.8518518518518519,0.9010989010989011,0.8518518518518519,0.8913043478260869,0.8363636363636363,0.8687312687312687,0.9428341384863123
653,15,44,6,8,0.8082191780821918,0.7660869565217392,0.88,0.6521739130434783,0.8627450980392157,0.6521739130434783,0.88,0.6818181818181818,0.7722816399286987,0.8486956521739131
654,13,45,8,7,0.7945205479452054,0.7495283018867924,0.8490566037735849,0.65,0.8571428571428571,0.65,0.8490566037735849,0.6341463414634146,0.7456445993031359,0.7933962264150943
655,14,48,8,3,0.8493150684931506,0.8403361344537814,0.8571428571428571,0.8235294117647058,0.897196261682243,0.8235294117647058,0.8571428571428571,0.717948717948718,0.8075724898154805,0.8970588235294118
656,20,38,2,13,0.7945205479452054,0.7780303030303031,0.95,0.6060606060606061,0.8351648351648352,0.6060606060606061,0.95,0.7272727272727273,0.7812187812187812,0.9045454545454545
657,15,45,11,2,0.821917808219178,0.8429621848739496,0.8035714285714286,0.8823529411764706,0.8737864077669902,0.8823529411764706,0.8035714285714286,0.6976744186046512,0.7857304131858207,0.9569327731092437
658,24,35,9,5,0.8082191780821918,0.8115203761755485,0.7954545454545454,0.8275862068965517,0.8333333333333334,0.8275862068965517,0.7954545454545454,0.7741935483870968,0.803763440860215,0.9004702194357368
659,21,39,7,6,0.821917808219178,0.8128019323671498,0.8478260869565217,0.7777777777777778,0.8571428571428571,0.7777777777777778,0.8478260869565217,0.7636363636363637,0.8103896103896104,0.8800322061191626
660,20,35,10,8,0.7534246575342466,0.746031746031746,0.7777777777777778,0.7142857142857143,0.7954545454545454,0.7142857142857143,0.7777777777777778,0.6896551724137931,0.7425548589341693,0.8642857142857142
661,16,38,14,5,0.7397260273972602,0.7463369963369964,0.7307692307692307,0.7619047619047619,0.8,0.7619047619047619,0.7307692307692307,0.6274509803921569,0.7137254901960784,0.8672161172161171
662,19,39,7,8,0.7945205479452054,0.7757648953301127,0.8478260869565217,0.7037037037037037,0.8387096774193549,0.7037037037037037,0.8478260869565217,0.7169811320754716,0.7778454047474133,0.8735909822866345
663,16,44,9,4,0.821917808219178,0.8150943396226416,0.8301886792452831,0.8,0.8712871287128713,0.8,0.8301886792452831,0.7111111111111111,0.7911991199119912,0.8896226415094339
664,18,36,11,8,0.7397260273972602,0.7291325695581015,0.7659574468085106,0.6923076923076923,0.7912087912087912,0.6923076923076923,0.7659574468085106,0.6545454545454545,0.7228771228771229,0.8690671031096563
665,15,47,6,5,0.8493150684931506,0.8183962264150944,0.8867924528301887,0.75,0.8952380952380953,0.75,0.8867924528301887,0.7317073170731707,0.813472706155633,0.8462264150943397
666,21,38,8,6,0.8082191780821918,0.8019323671497585,0.8260869565217391,0.7777777777777778,0.8444444444444444,0.7777777777777778,0.8260869565217391,0.75,0.7972222222222223,0.8132045088566827
667,18,39,9,7,0.7808219178082192,0.76625,0.8125,0.72,0.8297872340425532,0.72,0.8125,0.6923076923076923,0.7610474631751227,0.8724999999999999
668,17,40,10,6,0.7808219178082192,0.7695652173913043,0.8,0.7391304347826086,0.8333333333333334,0.7391304347826086,0.8,0.68,0.7566666666666667,0.8721739130434782
669,17,40,10,6,0.7808219178082192,0.7695652173913043,0.8,0.7391304347826086,0.8333333333333334,0.7391304347826086,0.8,0.68,0.7566666666666667,0.8739130434782608
670,18,42,5,8,0.821917808219178,0.792962356792144,0.8936170212765957,0.6923076923076923,0.865979381443299,0.6923076923076923,0.8936170212765957,0.7346938775510204,0.8003366294971597,0.839607201309329
671,19,42,5,7,0.8356164383561644,0.8121931260229132,0.8936170212765957,0.7307692307692307,0.875,0.7307692307692307,0.8936170212765957,0.76,0.8175,0.8510638297872339
672,18,35,9,11,0.726027397260274,0.7080721003134796,0.7954545454545454,0.6206896551724138,0.7777777777777778,0.6206896551724138,0.7954545454545454,0.6428571428571429,0.7103174603174603,0.8369905956112853
673,19,38,9,7,0.7808219178082192,0.7696399345335515,0.8085106382978723,0.7307692307692307,0.8260869565217391,0.7307692307692307,0.8085106382978723,0.7037037037037037,0.7648953301127215,0.8183306055646481
674,19,39,10,5,0.7945205479452054,0.7937925170068028,0.7959183673469388,0.7916666666666666,0.8387096774193549,0.7916666666666666,0.7959183673469388,0.7169811320754716,0.7778454047474133,0.8741496598639455
675,21,34,10,8,0.7534246575342466,0.7484326018808778,0.7727272727272727,0.7241379310344828,0.7906976744186046,0.7241379310344828,0.7727272727272727,0.7,0.7453488372093022,0.822884012539185
676,22,36,9,6,0.7945205479452054,0.7928571428571429,0.8,0.7857142857142857,0.8275862068965517,0.7857142857142857,0.8,0.7457627118644068,0.7866744593804793,0.8531746031746033
677,17,41,7,8,0.7945205479452054,0.7670833333333333,0.8541666666666666,0.68,0.845360824742268,0.68,0.8541666666666666,0.6938775510204082,0.7696191878813381,0.8783333333333333
678,12,41,10,10,0.726027397260274,0.6746880570409982,0.803921568627451,0.5454545454545454,0.803921568627451,0.5454545454545454,0.803921568627451,0.5454545454545454,0.6746880570409982,0.803030303030303
679,23,34,7,9,0.7808219178082192,0.7740091463414633,0.8292682926829268,0.71875,0.8095238095238095,0.71875,0.8292682926829268,0.7419354838709677,0.7757296466973886,0.8567073170731707
680,23,36,11,3,0.8082191780821918,0.8252864157119476,0.7659574468085106,0.8846153846153846,0.8372093023255814,0.8846153846153846,0.7659574468085106,0.7666666666666667,0.8019379844961241,0.9263502454991815
681,25,35,7,6,0.821917808219178,0.8198924731182795,0.8333333333333334,0.8064516129032258,0.8433734939759037,0.8064516129032258,0.8333333333333334,0.7936507936507936,0.8185121438133487,0.8970814132104454
682,17,47,4,5,0.8767123287671232,0.8471479500891266,0.9215686274509803,0.7727272727272727,0.912621359223301,0.7727272727272727,0.9215686274509803,0.7906976744186046,0.8516595168209529,0.9010695187165776
683,16,37,12,8,0.726027397260274,0.7108843537414966,0.7551020408163265,0.6666666666666666,0.7872340425531915,0.6666666666666666,0.7551020408163265,0.6153846153846154,0.7013093289689034,0.7874149659863946
684,23,32,7,11,0.7534246575342466,0.7484917043740573,0.8205128205128205,0.6764705882352942,0.7804878048780488,0.6764705882352942,0.8205128205128205,0.71875,0.7496189024390244,0.8597285067873304
685,16,42,9,6,0.7945205479452054,0.7754010695187166,0.8235294117647058,0.7272727272727273,0.8484848484848485,0.7272727272727273,0.8235294117647058,0.6808510638297872,0.7646679561573179,0.8493761140819964
686,16,42,10,5,0.7945205479452054,0.7847985347985348,0.8076923076923077,0.7619047619047619,0.8484848484848485,0.7619047619047619,0.8076923076923077,0.6808510638297872,0.7646679561573179,0.8406593406593407
687,17,38,9,9,0.7534246575342466,0.7311783960720131,0.8085106382978723,0.6538461538461539,0.8085106382978723,0.6538461538461539,0.8085106382978723,0.6538461538461539,0.7311783960720131,0.8248772504091654
688,24,30,10,9,0.7397260273972602,0.7386363636363636,0.75,0.7272727272727273,0.759493670886076,0.7272727272727273,0.75,0.7164179104477612,0.7379557906669185,0.8598484848484849
689,25,32,7,9,0.7808219178082192,0.7779034690799397,0.8205128205128205,0.7352941176470589,0.8,0.7352941176470589,0.8205128205128205,0.7575757575757576,0.7787878787878788,0.8876319758672698
690,16,44,6,7,0.821917808219178,0.7878260869565217,0.88,0.6956521739130435,0.8712871287128713,0.6956521739130435,0.88,0.7111111111111111,0.7911991199119912,0.9243478260869565
691,19,38,11,5,0.7808219178082192,0.7835884353741496,0.7755102040816326,0.7916666666666666,0.8260869565217391,0.7916666666666666,0.7755102040816326,0.7037037037037037,0.7648953301127215,0.8886054421768708
692,21,34,14,4,0.7534246575342466,0.7741666666666667,0.7083333333333334,0.84,0.7906976744186046,0.84,0.7083333333333334,0.7,0.7453488372093022,0.8616666666666666
693,20,41,6,6,0.8356164383561644,0.820785597381342,0.8723404255319149,0.7692307692307693,0.8723404255319149,0.7692307692307693,0.8723404255319149,0.7692307692307693,0.820785597381342,0.8739770867430442
694,22,32,9,10,0.7397260273972602,0.7339939024390244,0.7804878048780488,0.6875,0.7710843373493976,0.6875,0.7804878048780488,0.6984126984126984,0.734748517881048,0.819359756097561
695,19,38,6,10,0.7808219178082192,0.7594043887147335,0.8636363636363636,0.6551724137931034,0.8260869565217391,0.6551724137931034,0.8636363636363636,0.7037037037037037,0.7648953301127215,0.8581504702194359
696,16,36,11,10,0.7123287671232876,0.690671031096563,0.7659574468085106,0.6153846153846154,0.7741935483870968,0.6153846153846154,0.7659574468085106,0.6037735849056604,0.6889835666463786,0.8003273322422257
697,18,39,10,6,0.7808219178082192,0.7729591836734694,0.7959183673469388,0.75,0.8297872340425532,0.75,0.7959183673469388,0.6923076923076923,0.7610474631751227,0.8231292517006803
698,22,38,5,8,0.821917808219178,0.8085271317829457,0.8837209302325582,0.7333333333333333,0.8539325842696629,0.7333333333333333,0.8837209302325582,0.7719298245614035,0.8129312044155332,0.8449612403100776
699,14,46,4,9,0.821917808219178,0.7643478260869565,0.92,0.6086956521739131,0.8761904761904762,0.6086956521739131,0.92,0.6829268292682927,0.7795586527293845,0.8191304347826086
700,15,44,7,7,0.8082191780821918,0.7722816399286987,0.8627450980392157,0.6818181818181818,0.8627450980392157,0.6818181818181818,0.8627450980392157,0.6818181818181818,0.7722816399286987,0.8707664884135472
701,19,32,13,9,0.6986301369863014,0.6948412698412698,0.7111111111111111,0.6785714285714286,0.7441860465116279,0.6785714285714286,0.7111111111111111,0.6333333333333333,0.6887596899224806,0.7999999999999999
702,22,40,10,1,0.8493150684931506,0.8782608695652174,0.8,0.9565217391304348,0.8791208791208791,0.9565217391304348,0.8,0.8,0.8395604395604396,0.9678260869565218
703,20,40,8,5,0.821917808219178,0.8166666666666667,0.8333333333333334,0.8,0.8602150537634409,0.8,0.8333333333333334,0.7547169811320755,0.8074660174477581,0.8599999999999999
704,22,36,10,5,0.7945205479452054,0.7987117552334944,0.782608695652174,0.8148148148148148,0.8275862068965517,0.8148148148148148,0.782608695652174,0.7457627118644068,0.7866744593804793,0.9210950080515298
705,16,42,9,6,0.7945205479452054,0.7754010695187166,0.8235294117647058,0.7272727272727273,0.8484848484848485,0.7272727272727273,0.8235294117647058,0.6808510638297872,0.7646679561573179,0.9064171122994653
706,17,34,11,11,0.6986301369863014,0.6813492063492064,0.7555555555555555,0.6071428571428571,0.7555555555555555,0.6071428571428571,0.7555555555555555,0.6071428571428571,0.6813492063492064,0.7928571428571429
707,21,35,13,4,0.7671232876712328,0.7845833333333333,0.7291666666666666,0.84,0.8045977011494253,0.84,0.7291666666666666,0.711864406779661,0.7582310539645432,0.9208333333333333
708,16,35,11,11,0.6986301369863014,0.676731078904992,0.7608695652173914,0.5925925925925926,0.7608695652173914,0.5925925925925926,0.7608695652173914,0.5925925925925926,0.676731078904992,0.8252818035426731
709,21,35,12,5,0.7671232876712328,0.7761865793780687,0.7446808510638298,0.8076923076923077,0.8045977011494253,0.8076923076923077,0.7446808510638298,0.711864406779661,0.7582310539645432,0.8985270049099837
710,16,39,7,11,0.7534246575342466,0.7202093397745571,0.8478260869565217,0.5925925925925926,0.8125,0.5925925925925926,0.8478260869565217,0.64,0.7262500000000001,0.8462157809983897
711,21,38,5,9,0.8082191780821918,0.791860465116279,0.8837209302325582,0.7,0.8444444444444444,0.7,0.8837209302325582,0.75,0.7972222222222223,0.8565891472868217
712,19,37,9,8,0.7671232876712328,0.7540257648953301,0.8043478260869565,0.7037037037037037,0.8131868131868132,0.7037037037037037,0.8043478260869565,0.6909090909090909,0.752047952047952,0.8639291465378421
713,21,34,11,7,0.7534246575342466,0.7527777777777778,0.7555555555555555,0.75,0.7906976744186046,0.75,0.7555555555555555,0.7,0.7453488372093022,0.8547619047619048
714,13,41,10,9,0.7397260273972602,0.697415329768271,0.803921568627451,0.5909090909090909,0.8118811881188119,0.5909090909090909,0.803921568627451,0.5777777777777777,0.6948294829482948,0.8324420677361855
715,22,40,9,2,0.8493150684931506,0.8664965986394557,0.8163265306122449,0.9166666666666666,0.8791208791208791,0.9166666666666666,0.8163265306122449,0.8,0.8395604395604396,0.9566326530612245
716,19,41,4,9,0.821917808219178,0.7948412698412699,0.9111111111111111,0.6785714285714286,0.8631578947368421,0.6785714285714286,0.9111111111111111,0.7450980392156863,0.8041279669762642,0.8801587301587301
717,22,39,5,7,0.8356164383561644,0.8224921630094044,0.8863636363636364,0.7586206896551724,0.8666666666666667,0.7586206896551724,0.8863636363636364,0.7857142857142857,0.8261904761904761,0.8996865203761756
718,15,42,10,6,0.7808219178082192,0.760989010989011,0.8076923076923077,0.7142857142857143,0.84,0.7142857142857143,0.8076923076923077,0.6521739130434783,0.7460869565217392,0.8534798534798536
719,15,35,13,10,0.684931506849315,0.6645833333333333,0.7291666666666666,0.6,0.7526881720430108,0.6,0.7291666666666666,0.5660377358490566,0.6593629539460337,0.7733333333333333
720,11,45,9,8,0.7671232876712328,0.7061403508771931,0.8333333333333334,0.5789473684210527,0.8411214953271028,0.5789473684210527,0.8333333333333334,0.5641025641025641,0.7026120297148335,0.7748538011695907
721,19,39,8,7,0.7945205479452054,0.7802782324058919,0.8297872340425532,0.7307692307692307,0.8387096774193549,0.7307692307692307,0.8297872340425532,0.7169811320754716,0.7778454047474133,0.8723404255319149
722,18,46,5,4,0.8767123287671232,0.8600713012477719,0.9019607843137255,0.8181818181818182,0.9108910891089109,0.8181818181818182,0.9019607843137255,0.8,0.8554455445544555,0.931372549019608
723,16,42,12,3,0.7945205479452054,0.8099415204678362,0.7777777777777778,0.8421052631578947,0.8484848484848485,0.8421052631578947,0.7777777777777778,0.6808510638297872,0.7646679561573179,0.8586744639376218
724,22,34,13,4,0.7671232876712328,0.7847790507364976,0.723404255319149,0.8461538461538461,0.8,0.8461538461538461,0.723404255319149,0.7213114754098361,0.7606557377049181,0.9083469721767594
725,17,41,11,4,0.7945205479452054,0.798992673992674,0.7884615384615384,0.8095238095238095,0.845360824742268,0.8095238095238095,0.7884615384615384,0.6938775510204082,0.7696191878813381,0.8937728937728937
726,22,32,14,5,0.7397260273972602,0.7552334943639292,0.6956521739130435,0.8148148148148148,0.7710843373493976,0.8148148148148148,0.6956521739130435,0.6984126984126984,0.734748517881048,0.8880837359098229
727,21,43,6,3,0.8767123287671232,0.8762755102040816,0.8775510204081632,0.875,0.9052631578947369,0.875,0.8775510204081632,0.8235294117647058,0.8643962848297213,0.9209183673469388
728,18,44,6,5,0.8493150684931506,0.831304347826087,0.88,0.782608695652174,0.8888888888888888,0.782608695652174,0.88,0.7659574468085106,0.8274231678486997,0.8565217391304348
729,21,38,5,9,0.8082191780821918,0.791860465116279,0.8837209302325582,0.7,0.8444444444444444,0.7,0.8837209302325582,0.75,0.7972222222222223,0.8705426356589148
730,20,37,6,10,0.7808219178082192,0.7635658914728682,0.8604651162790697,0.6666666666666666,0.8222222222222222,0.6666666666666666,0.8604651162790697,0.7142857142857143,0.7682539682539682,0.9062015503875969
731,19,36,11,7,0.7534246575342466,0.7483633387888706,0.7659574468085106,0.7307692307692307,0.8,0.7307692307692307,0.7659574468085106,0.6785714285714286,0.7392857142857143,0.8027823240589198
732,15,38,11,9,0.726027397260274,0.7002551020408163,0.7755102040816326,0.625,0.7916666666666666,0.625,0.7755102040816326,0.6,0.6958333333333333,0.7916666666666666
733,26,33,8,6,0.8082191780821918,0.8086890243902439,0.8048780487804879,0.8125,0.825,0.8125,0.8048780487804879,0.7878787878787878,0.8064393939393939,0.9146341463414634
734,19,38,8,8,0.7808219178082192,0.7648953301127215,0.8260869565217391,0.7037037037037037,0.8260869565217391,0.7037037037037037,0.8260869565217391,0.7037037037037037,0.7648953301127215,0.8309178743961352
735,18,41,7,7,0.8082191780821918,0.7870833333333334,0.8541666666666666,0.72,0.8541666666666666,0.72,0.8541666666666666,0.72,0.7870833333333334,0.8541666666666666
736,12,43,10,8,0.7534246575342466,0.7056603773584906,0.8113207547169812,0.6,0.8269230769230769,0.6,0.8113207547169812,0.5714285714285714,0.6991758241758241,0.8028301886792453
737,17,36,13,7,0.726027397260274,0.7215136054421769,0.7346938775510204,0.7083333333333334,0.782608695652174,0.7083333333333334,0.7346938775510204,0.6296296296296297,0.7061191626409018,0.8384353741496599
738,19,41,6,7,0.821917808219178,0.8015548281505729,0.8723404255319149,0.7307692307692307,0.8631578947368421,0.7307692307692307,0.8723404255319149,0.7450980392156863,0.8041279669762642,0.8617021276595745
739,16,39,10,8,0.7534246575342466,0.7312925170068028,0.7959183673469388,0.6666666666666666,0.8125,0.6666666666666666,0.7959183673469388,0.64,0.7262500000000001,0.7848639455782314
740,19,35,12,7,0.7397260273972602,0.7377250409165302,0.7446808510638298,0.7307692307692307,0.7865168539325843,0.7307692307692307,0.7446808510638298,0.6666666666666666,0.7265917602996255,0.809328968903437
741,16,34,16,7,0.684931506849315,0.6878260869565218,0.68,0.6956521739130435,0.7472527472527473,0.6956521739130435,0.68,0.5818181818181818,0.6645354645354645,0.8026086956521739
742,19,43,7,4,0.8493150684931506,0.8430434782608696,0.86,0.8260869565217391,0.8865979381443299,0.8260869565217391,0.86,0.7755102040816326,0.8310540711129812,0.9365217391304348
743,19,36,11,7,0.7534246575342466,0.7483633387888706,0.7659574468085106,0.7307692307692307,0.8,0.7307692307692307,0.7659574468085106,0.6785714285714286,0.7392857142857143,0.8126022913256956
744,18,38,11,6,0.7671232876712328,0.7627551020408163,0.7755102040816326,0.75,0.8172043010752689,0.75,0.7755102040816326,0.6792452830188679,0.7482247920470684,0.8511904761904762
745,18,32,13,10,0.684931506849315,0.676984126984127,0.7111111111111111,0.6428571428571429,0.735632183908046,0.6428571428571429,0.7111111111111111,0.6101694915254238,0.6729008377167349,0.7428571428571429
746,19,35,12,7,0.7397260273972602,0.7377250409165302,0.7446808510638298,0.7307692307692307,0.7865168539325843,0.7307692307692307,0.7446808510638298,0.6666666666666666,0.7265917602996255,0.8436988543371522
747,15,46,8,4,0.8356164383561644,0.8206627680311891,0.8518518518518519,0.7894736842105263,0.8846153846153846,0.7894736842105263,0.8518518518518519,0.7142857142857143,0.7994505494505495,0.9044834307992202
748,16,38,12,7,0.7397260273972602,0.7278260869565217,0.76,0.6956521739130435,0.8,0.6956521739130435,0.76,0.6274509803921569,0.7137254901960784,0.8695652173913043
749,23,33,9,8,0.7671232876712328,0.7638248847926268,0.7857142857142857,0.7419354838709677,0.7951807228915663,0.7419354838709677,0.7857142857142857,0.7301587301587301,0.7626697265251482,0.8648233486943164
750,12,46,7,8,0.7945205479452054,0.7339622641509433,0.8679245283018868,0.6,0.8598130841121495,0.6,0.8679245283018868,0.6153846153846154,0.7375988497483825,0.8113207547169811
751,19,40,11,3,0.8082191780821918,0.8239750445632799,0.7843137254901961,0.8636363636363636,0.851063829787234,0.8636363636363636,0.7843137254901961,0.7307692307692307,0.7909165302782324,0.9073083778966132
752,15,48,8,2,0.863013698630137,0.8697478991596639,0.8571428571428571,0.8823529411764706,0.9056603773584906,0.8823529411764706,0.8571428571428571,0.75,0.8278301886792453,0.9044117647058824
753,18,38,8,9,0.7671232876712328,0.7463768115942029,0.8260869565217391,0.6666666666666666,0.8172043010752689,0.6666666666666666,0.8260869565217391,0.6792452830188679,0.7482247920470684,0.7858293075684379
754,23,36,7,7,0.8082191780821918,0.8019379844961241,0.8372093023255814,0.7666666666666667,0.8372093023255814,0.7666666666666667,0.8372093023255814,0.7666666666666667,0.8019379844961241,0.8542635658914729
755,17,44,6,6,0.8356164383561644,0.8095652173913044,0.88,0.7391304347826086,0.88,0.7391304347826086,0.88,0.7391304347826086,0.8095652173913044,0.8156521739130436
756,23,37,8,5,0.821917808219178,0.8218253968253968,0.8222222222222222,0.8214285714285714,0.8505747126436781,0.8214285714285714,0.8222222222222222,0.7796610169491526,0.8151178647964153,0.8642857142857143
757,20,42,7,4,0.8493150684931506,0.8452380952380952,0.8571428571428571,0.8333333333333334,0.8842105263157894,0.8333333333333334,0.8571428571428571,0.7843137254901961,0.8342621259029928,0.9302721088435374
758,25,38,5,5,0.863013698630137,0.8585271317829457,0.8837209302325582,0.8333333333333334,0.8837209302325582,0.8333333333333334,0.8837209302325582,0.8333333333333334,0.8585271317829457,0.9038759689922481
759,19,36,11,7,0.7534246575342466,0.7483633387888706,0.7659574468085106,0.7307692307692307,0.8,0.7307692307692307,0.7659574468085106,0.6785714285714286,0.7392857142857143,0.8240589198036006
760,16,42,6,9,0.7945205479452054,0.7575000000000001,0.875,0.64,0.8484848484848485,0.64,0.875,0.6808510638297872,0.7646679561573179,0.805
761,17,37,12,7,0.7397260273972602,0.7317176870748299,0.7551020408163265,0.7083333333333334,0.7956989247311828,0.7083333333333334,0.7551020408163265,0.6415094339622641,0.7186041793467235,0.8630952380952381
762,19,38,9,7,0.7808219178082192,0.7696399345335515,0.8085106382978723,0.7307692307692307,0.8260869565217391,0.7307692307692307,0.8085106382978723,0.7037037037037037,0.7648953301127215,0.8453355155482816
763,21,36,8,8,0.7808219178082192,0.7711598746081505,0.8181818181818182,0.7241379310344828,0.8181818181818182,0.7241379310344828,0.8181818181818182,0.7241379310344828,0.7711598746081505,0.8816614420062696
764,23,37,8,5,0.821917808219178,0.8218253968253968,0.8222222222222222,0.8214285714285714,0.8505747126436781,0.8214285714285714,0.8222222222222222,0.7796610169491526,0.8151178647964153,0.9095238095238095
765,25,36,8,4,0.8356164383561644,0.8401253918495297,0.8181818181818182,0.8620689655172413,0.8571428571428571,0.8620689655172413,0.8181818181818182,0.8064516129032258,0.8317972350230414,0.9153605015673981
766,23,32,8,10,0.7534246575342466,0.7484848484848485,0.8,0.696969696969697,0.7804878048780488,0.696969696969697,0.8,0.71875,0.7496189024390244,0.8272727272727273
767,11,41,12,9,0.7123287671232876,0.6617924528301887,0.7735849056603774,0.55,0.7961165048543689,0.55,0.7735849056603774,0.5116279069767442,0.6538722059155566,0.7613207547169811
768,16,39,11,7,0.7534246575342466,0.7378260869565217,0.78,0.6956521739130435,0.8125,0.6956521739130435,0.78,0.64,0.7262500000000001,0.7947826086956521
769,16,43,6,8,0.8082191780821918,0.7721088435374149,0.8775510204081632,0.6666666666666666,0.86,0.6666666666666666,0.8775510204081632,0.6956521739130435,0.7778260869565217,0.826530612244898
770,16,36,15,6,0.7123287671232876,0.7165775401069518,0.7058823529411765,0.7272727272727273,0.7741935483870968,0.7272727272727273,0.7058823529411765,0.6037735849056604,0.6889835666463786,0.8386809269162211
771,11,42,14,6,0.726027397260274,0.6985294117647058,0.75,0.6470588235294118,0.8076923076923077,0.6470588235294118,0.75,0.5238095238095238,0.6657509157509158,0.842436974789916
772,17,39,11,6,0.7671232876712328,0.7595652173913043,0.78,0.7391304347826086,0.8210526315789474,0.7391304347826086,0.78,0.6666666666666666,0.743859649122807,0.8339130434782609
773,17,38,9,9,0.7534246575342466,0.7311783960720131,0.8085106382978723,0.6538461538461539,0.8085106382978723,0.6538461538461539,0.8085106382978723,0.6538461538461539,0.7311783960720131,0.818330605564648
774,18,42,12,1,0.821917808219178,0.8625730994152047,0.7777777777777778,0.9473684210526315,0.865979381443299,0.9473684210526315,0.7777777777777778,0.7346938775510204,0.8003366294971597,0.9766081871345029
775,18,41,9,5,0.8082191780821918,0.801304347826087,0.82,0.782608695652174,0.8541666666666666,0.782608695652174,0.82,0.72,0.7870833333333334,0.8626086956521739
776,19,40,7,7,0.8082191780821918,0.7909165302782324,0.851063829787234,0.7307692307692307,0.851063829787234,0.7307692307692307,0.851063829787234,0.7307692307692307,0.7909165302782324,0.8846153846153846
777,23,38,6,6,0.8356164383561644,0.8283699059561129,0.8636363636363636,0.7931034482758621,0.8636363636363636,0.7931034482758621,0.8636363636363636,0.7931034482758621,0.8283699059561129,0.890282131661442
778,21,31,9,12,0.7123287671232876,0.7056818181818182,0.775,0.6363636363636364,0.7469879518072289,0.6363636363636364,0.775,0.6666666666666666,0.7068273092369477,0.7401515151515152
779,20,36,12,5,0.7671232876712328,0.775,0.75,0.8,0.8089887640449438,0.8,0.75,0.7017543859649122,0.755371575004928,0.885
780,13,39,6,15,0.7123287671232876,0.6654761904761906,0.8666666666666667,0.4642857142857143,0.7878787878787878,0.4642857142857143,0.8666666666666667,0.5531914893617021,0.6705351386202449,0.7642857142857143
781,16,43,8,6,0.8082191780821918,0.785204991087344,0.8431372549019608,0.7272727272727273,0.86,0.7272727272727273,0.8431372549019608,0.6956521739130435,0.7778260869565217,0.7754010695187166
782,13,39,13,8,0.7123287671232876,0.6845238095238095,0.75,0.6190476190476191,0.7878787878787878,0.6190476190476191,0.75,0.5531914893617021,0.6705351386202449,0.8076923076923077
783,22,38,6,7,0.821917808219178,0.811128526645768,0.8636363636363636,0.7586206896551724,0.8539325842696629,0.7586206896551724,0.8636363636363636,0.7719298245614035,0.8129312044155332,0.8989028213166144
784,11,45,9,8,0.7671232876712328,0.7061403508771931,0.8333333333333334,0.5789473684210527,0.8411214953271028,0.5789473684210527,0.8333333333333334,0.5641025641025641,0.7026120297148335,0.8128654970760234
785,21,34,7,11,0.7534246575342466,0.7427591463414633,0.8292682926829268,0.65625,0.7906976744186046,0.65625,0.8292682926829268,0.7,0.7453488372093022,0.78125
786,21,38,7,7,0.8082191780821918,0.7972222222222223,0.8444444444444444,0.75,0.8444444444444444,0.75,0.8444444444444444,0.75,0.7972222222222223,0.857936507936508
787,14,42,9,8,0.7671232876712328,0.7299465240641712,0.8235294117647058,0.6363636363636364,0.8316831683168316,0.6363636363636364,0.8235294117647058,0.6222222222222222,0.7269526952695269,0.8333333333333334
788,24,35,10,4,0.8082191780821918,0.8174603174603174,0.7777777777777778,0.8571428571428571,0.8333333333333334,0.8571428571428571,0.7777777777777778,0.7741935483870968,0.803763440860215,0.923015873015873
789,16,38,11,8,0.7397260273972602,0.7210884353741496,0.7755102040816326,0.6666666666666666,0.8,0.6666666666666666,0.7755102040816326,0.6274509803921569,0.7137254901960784,0.800170068027211
790,19,34,10,10,0.726027397260274,0.7139498432601881,0.7727272727272727,0.6551724137931034,0.7727272727272727,0.6551724137931034,0.7727272727272727,0.6551724137931034,0.7139498432601881,0.7672413793103449
791,21,37,5,10,0.7945205479452054,0.7791858678955452,0.8809523809523809,0.6774193548387096,0.8314606741573034,0.6774193548387096,0.8809523809523809,0.7368421052631579,0.7841513897102306,0.8732718894009216
792,15,42,12,4,0.7808219178082192,0.7836257309941521,0.7777777777777778,0.7894736842105263,0.84,0.7894736842105263,0.7777777777777778,0.6521739130434783,0.7460869565217392,0.8586744639376218
793,21,40,9,3,0.8356164383561644,0.8456632653061225,0.8163265306122449,0.875,0.8695652173913043,0.875,0.8163265306122449,0.7777777777777778,0.8236714975845411,0.8996598639455783
794,25,29,6,13,0.7397260273972602,0.743233082706767,0.8285714285714286,0.6578947368421053,0.7532467532467533,0.6578947368421053,0.8285714285714286,0.7246376811594203,0.7389422172030868,0.7729323308270677
795,19,30,14,10,0.6712328767123288,0.6684952978056427,0.6818181818181818,0.6551724137931034,0.7142857142857143,0.6551724137931034,0.6818181818181818,0.6129032258064516,0.663594470046083,0.7954545454545454
796,23,31,8,11,0.7397260273972602,0.7356711915535445,0.7948717948717948,0.6764705882352942,0.7654320987654321,0.6764705882352942,0.7948717948717948,0.7076923076923077,0.7365622032288699,0.8001508295625943
797,23,41,4,5,0.8767123287671232,0.8662698412698413,0.9111111111111111,0.8214285714285714,0.9010989010989011,0.8214285714285714,0.9111111111111111,0.8363636363636363,0.8687312687312687,0.9119047619047619
798,22,35,9,7,0.7808219178082192,0.7770376175548589,0.7954545454545454,0.7586206896551724,0.813953488372093,0.7586206896551724,0.7954545454545454,0.7333333333333333,0.7736434108527132,0.9036050156739811
799,21,33,9,10,0.7397260273972602,0.7315668202764977,0.7857142857142857,0.6774193548387096,0.7764705882352941,0.6774193548387096,0.7857142857142857,0.6885245901639344,0.7324975891996143,0.8448540706605223
800,21,36,9,7,0.7808219178082192,0.775,0.8,0.75,0.8181818181818182,0.75,0.8,0.7241379310344828,0.7711598746081505,0.8388888888888889
801,18,37,13,5,0.7534246575342466,0.761304347826087,0.74,0.782608695652174,0.8043478260869565,0.782608695652174,0.74,0.6666666666666666,0.7355072463768115,0.8721739130434782
802,18,41,9,5,0.8082191780821918,0.801304347826087,0.82,0.782608695652174,0.8541666666666666,0.782608695652174,0.82,0.72,0.7870833333333334,0.9104347826086957
803,11,37,16,9,0.6575342465753424,0.6240566037735849,0.6981132075471698,0.55,0.7474747474747475,0.55,0.6981132075471698,0.46808510638297873,0.6077799269288631,0.7226415094339622
804,16,40,8,9,0.7671232876712328,0.7366666666666667,0.8333333333333334,0.64,0.8247422680412371,0.64,0.8333333333333334,0.6530612244897959,0.7389017462655165,0.8200000000000001
805,26,34,5,8,0.821917808219178,0.8182503770739065,0.8717948717948718,0.7647058823529411,0.8395061728395061,0.7647058823529411,0.8717948717948718,0.8,0.8197530864197531,0.8250377073906485
806,31,30,5,7,0.8356164383561644,0.8364661654135338,0.8571428571428571,0.8157894736842105,0.8333333333333334,0.8157894736842105,0.8571428571428571,0.8378378378378378,0.8355855855855856,0.9323308270676691
807,15,41,9,8,0.7671232876712328,0.7360869565217392,0.82,0.6521739130434783,0.8282828282828283,0.6521739130434783,0.82,0.6382978723404256,0.7332903503116269,0.8304347826086955
808,16,43,5,9,0.8082191780821918,0.7679166666666667,0.8958333333333334,0.64,0.86,0.64,0.8958333333333334,0.6956521739130435,0.7778260869565217,0.8174999999999999
809,16,31,13,13,0.6438356164383562,0.6281347962382445,0.7045454545454546,0.5517241379310345,0.7045454545454546,0.5517241379310345,0.7045454545454546,0.5517241379310345,0.6281347962382445,0.689655172413793
810,20,35,13,5,0.7534246575342466,0.7645833333333334,0.7291666666666666,0.8,0.7954545454545454,0.8,0.7291666666666666,0.6896551724137931,0.7425548589341693,0.8691666666666666
811,28,31,10,4,0.8082191780821918,0.8155487804878049,0.7560975609756098,0.875,0.8157894736842105,0.875,0.7560975609756098,0.8,0.8078947368421052,0.9199695121951219
812,23,34,11,5,0.7808219178082192,0.7884920634920635,0.7555555555555555,0.8214285714285714,0.8095238095238095,0.8214285714285714,0.7555555555555555,0.7419354838709677,0.7757296466973886,0.9031746031746032
813,20,34,7,12,0.7397260273972602,0.7271341463414633,0.8292682926829268,0.625,0.7816091954022989,0.625,0.8292682926829268,0.6779661016949152,0.729787648548607,0.8140243902439025
814,23,30,12,8,0.726027397260274,0.728110599078341,0.7142857142857143,0.7419354838709677,0.75,0.7419354838709677,0.7142857142857143,0.696969696969697,0.7234848484848485,0.7956989247311828
815,11,45,10,7,0.7671232876712328,0.7146464646464648,0.8181818181818182,0.6111111111111112,0.8411214953271028,0.6111111111111112,0.8181818181818182,0.5641025641025641,0.7026120297148335,0.808080808080808
816,20,35,9,9,0.7534246575342466,0.7425548589341693,0.7954545454545454,0.6896551724137931,0.7954545454545454,0.6896551724137931,0.7954545454545454,0.6896551724137931,0.7425548589341693,0.8142633228840125
817,22,36,8,7,0.7945205479452054,0.7884012539184952,0.8181818181818182,0.7586206896551724,0.8275862068965517,0.7586206896551724,0.8181818181818182,0.7457627118644068,0.7866744593804793,0.902037617554859
818,20,39,9,5,0.8082191780821918,0.80625,0.8125,0.8,0.8478260869565217,0.8,0.8125,0.7407407407407407,0.7942834138486312,0.8833333333333334
819,22,36,6,9,0.7945205479452054,0.7834101382488479,0.8571428571428571,0.7096774193548387,0.8275862068965517,0.7096774193548387,0.8571428571428571,0.7457627118644068,0.7866744593804793,0.8417818740399386
820,19,42,4,8,0.8356164383561644,0.8083735909822867,0.9130434782608695,0.7037037037037037,0.875,0.7037037037037037,0.9130434782608695,0.76,0.8175,0.8832528180354267
821,15,44,13,1,0.8082191780821918,0.8547149122807017,0.7719298245614035,0.9375,0.8627450980392157,0.9375,0.7719298245614035,0.6818181818181818,0.7722816399286987,0.9309210526315789
822,19,38,10,6,0.7808219178082192,0.7758333333333334,0.7916666666666666,0.76,0.8260869565217391,0.76,0.7916666666666666,0.7037037037037037,0.7648953301127215,0.8391666666666666
823,17,36,14,6,0.726027397260274,0.7295652173913043,0.72,0.7391304347826086,0.782608695652174,0.7391304347826086,0.72,0.6296296296296297,0.7061191626409018,0.8452173913043478
824,24,31,11,7,0.7534246575342466,0.7561443932411674,0.7380952380952381,0.7741935483870968,0.775,0.7741935483870968,0.7380952380952381,0.7272727272727273,0.7511363636363637,0.8402457757296468
825,15,43,12,3,0.7945205479452054,0.8075757575757576,0.7818181818181819,0.8333333333333334,0.8514851485148515,0.8333333333333334,0.7818181818181819,0.6666666666666666,0.759075907590759,0.8858585858585858
826,16,41,11,5,0.7808219178082192,0.7751831501831501,0.7884615384615384,0.7619047619047619,0.8367346938775511,0.7619047619047619,0.7884615384615384,0.6666666666666666,0.7517006802721089,0.8864468864468865
827,13,49,10,1,0.8493150684931506,0.8795399515738499,0.8305084745762712,0.9285714285714286,0.8990825688073395,0.9285714285714286,0.8305084745762712,0.7027027027027027,0.8008926357550211,0.9661016949152543
828,13,42,9,9,0.7534246575342466,0.7072192513368984,0.8235294117647058,0.5909090909090909,0.8235294117647058,0.5909090909090909,0.8235294117647058,0.5909090909090909,0.7072192513368984,0.8431372549019608
829,18,36,14,5,0.7397260273972602,0.751304347826087,0.72,0.782608695652174,0.7912087912087912,0.782608695652174,0.72,0.6545454545454545,0.7228771228771229,0.831304347826087
830,20,39,5,9,0.8082191780821918,0.7880094043887147,0.8863636363636364,0.6896551724137931,0.8478260869565217,0.6896551724137931,0.8863636363636364,0.7407407407407407,0.7942834138486312,0.822884012539185
831,20,39,6,8,0.8082191780821918,0.7904761904761906,0.8666666666666667,0.7142857142857143,0.8478260869565217,0.7142857142857143,0.8666666666666667,0.7407407407407407,0.7942834138486312,0.861904761904762
832,23,31,10,9,0.7397260273972602,0.7374237804878049,0.7560975609756098,0.71875,0.7654320987654321,0.71875,0.7560975609756098,0.7076923076923077,0.7365622032288699,0.8620426829268293
833,19,39,9,6,0.7945205479452054,0.78625,0.8125,0.76,0.8387096774193549,0.76,0.8125,0.7169811320754716,0.7778454047474133,0.8425
834,22,25,12,14,0.6438356164383562,0.6433933933933934,0.6756756756756757,0.6111111111111112,0.6578947368421053,0.6111111111111112,0.6756756756756757,0.6285714285714286,0.6432330827067669,0.7582582582582582
835,21,41,7,4,0.8493150684931506,0.8470833333333333,0.8541666666666666,0.84,0.8817204301075269,0.84,0.8541666666666666,0.7924528301886793,0.837086630148103,0.9166666666666667
836,18,42,8,5,0.821917808219178,0.811304347826087,0.84,0.782608695652174,0.865979381443299,0.782608695652174,0.84,0.7346938775510204,0.8003366294971597,0.8956521739130435
837,21,33,11,8,0.7397260273972602,0.7370689655172413,0.75,0.7241379310344828,0.7764705882352941,0.7241379310344828,0.75,0.6885245901639344,0.7324975891996143,0.8675548589341693
838,21,39,11,2,0.821917808219178,0.8465217391304347,0.78,0.9130434782608695,0.8571428571428571,0.9130434782608695,0.78,0.7636363636363637,0.8103896103896104,0.9408695652173914
839,21,33,12,7,0.7397260273972602,0.7416666666666667,0.7333333333333333,0.75,0.7764705882352941,0.75,0.7333333333333333,0.6885245901639344,0.7324975891996143,0.8388888888888889
840,15,44,7,7,0.8082191780821918,0.7722816399286987,0.8627450980392157,0.6818181818181818,0.8627450980392157,0.6818181818181818,0.8627450980392157,0.6818181818181818,0.7722816399286987,0.8591800356506238
841,17,40,9,7,0.7808219178082192,0.7623299319727892,0.8163265306122449,0.7083333333333334,0.8333333333333334,0.7083333333333334,0.8163265306122449,0.68,0.7566666666666667,0.8503401360544217
842,15,42,8,8,0.7808219178082192,0.7460869565217392,0.84,0.6521739130434783,0.84,0.6521739130434783,0.84,0.6521739130434783,0.7460869565217392,0.8208695652173913
843,22,40,7,4,0.8493150684931506,0.8486088379705401,0.851063829787234,0.8461538461538461,0.8791208791208791,0.8461538461538461,0.851063829787234,0.8,0.8395604395604396,0.900163666121113
844,15,43,11,4,0.7945205479452054,0.7928849902534113,0.7962962962962963,0.7894736842105263,0.8514851485148515,0.7894736842105263,0.7962962962962963,0.6666666666666666,0.759075907590759,0.8830409356725146
845,15,37,12,9,0.7123287671232876,0.6900510204081632,0.7551020408163265,0.625,0.7789473684210526,0.625,0.7551020408163265,0.5882352941176471,0.6835913312693498,0.7950680272108843
846,18,38,8,9,0.7671232876712328,0.7463768115942029,0.8260869565217391,0.6666666666666666,0.8172043010752689,0.6666666666666666,0.8260869565217391,0.6792452830188679,0.7482247920470684,0.8542673107890499
847,23,40,6,4,0.863013698630137,0.8607085346215781,0.8695652173913043,0.8518518518518519,0.8888888888888888,0.8518518518518519,0.8695652173913043,0.8214285714285714,0.8551587301587301,0.8921095008051529
848,16,45,5,7,0.8356164383561644,0.7978260869565217,0.9,0.6956521739130435,0.8823529411764706,0.6956521739130435,0.9,0.7272727272727273,0.8048128342245989,0.8791304347826088
849,14,39,13,7,0.726027397260274,0.7083333333333333,0.75,0.6666666666666666,0.7959183673469388,0.6666666666666666,0.75,0.5833333333333334,0.689625850340136,0.7967032967032966
850,11,49,9,4,0.821917808219178,0.7890804597701149,0.8448275862068966,0.7333333333333333,0.8828828828828829,0.7333333333333333,0.8448275862068966,0.6285714285714286,0.7557271557271557,0.8747126436781609
851,17,36,11,9,0.726027397260274,0.7099018003273323,0.7659574468085106,0.6538461538461539,0.782608695652174,0.6538461538461539,0.7659574468085106,0.6296296296296297,0.7061191626409018,0.7937806873977087
852,17,40,7,9,0.7808219178082192,0.752454991816694,0.851063829787234,0.6538461538461539,0.8333333333333334,0.6538461538461539,0.851063829787234,0.68,0.7566666666666667,0.8436988543371522
853,19,31,14,9,0.684931506849315,0.6837301587301587,0.6888888888888889,0.6785714285714286,0.7294117647058823,0.6785714285714286,0.6888888888888889,0.6229508196721312,0.6761812921890067,0.8222222222222222
854,17,41,7,8,0.7945205479452054,0.7670833333333333,0.8541666666666666,0.68,0.845360824742268,0.68,0.8541666666666666,0.6938775510204082,0.7696191878813381,0.8833333333333333
855,16,39,12,6,0.7534246575342466,0.7459893048128342,0.7647058823529411,0.7272727272727273,0.8125,0.7272727272727273,0.7647058823529411,0.64,0.7262500000000001,0.8654188948306596
856,22,39,7,5,0.8356164383561644,0.8313204508856682,0.8478260869565217,0.8148148148148148,0.8666666666666667,0.8148148148148148,0.8478260869565217,0.7857142857142857,0.8261904761904761,0.9178743961352657
857,19,38,10,6,0.7808219178082192,0.7758333333333334,0.7916666666666666,0.76,0.8260869565217391,0.76,0.7916666666666666,0.7037037037037037,0.7648953301127215,0.8866666666666666
858,13,42,11,7,0.7534246575342466,0.7212264150943397,0.7924528301886793,0.65,0.8235294117647058,0.65,0.7924528301886793,0.5909090909090909,0.7072192513368984,0.8245283018867924
859,22,40,9,2,0.8493150684931506,0.8664965986394557,0.8163265306122449,0.9166666666666666,0.8791208791208791,0.9166666666666666,0.8163265306122449,0.8,0.8395604395604396,0.9200680272108843
860,21,37,8,7,0.7945205479452054,0.7861111111111111,0.8222222222222222,0.75,0.8314606741573034,0.75,0.8222222222222222,0.7368421052631579,0.7841513897102306,0.8206349206349206
861,18,41,7,7,0.8082191780821918,0.7870833333333334,0.8541666666666666,0.72,0.8541666666666666,0.72,0.8541666666666666,0.72,0.7870833333333334,0.8783333333333333
862,14,38,10,11,0.7123287671232876,0.6758333333333333,0.7916666666666666,0.56,0.7835051546391752,0.56,0.7916666666666666,0.5714285714285714,0.6774668630338734,0.8116666666666666
863,13,50,8,2,0.863013698630137,0.864367816091954,0.8620689655172413,0.8666666666666667,0.9090909090909091,0.8666666666666667,0.8620689655172413,0.7222222222222222,0.8156565656565656,0.9436781609195403
864,16,45,6,6,0.8356164383561644,0.8048128342245989,0.8823529411764706,0.7272727272727273,0.8823529411764706,0.7272727272727273,0.8823529411764706,0.7272727272727273,0.8048128342245989,0.8823529411764707
865,24,37,6,6,0.8356164383561644,0.8302325581395349,0.8604651162790697,0.8,0.8604651162790697,0.8,0.8604651162790697,0.8,0.8302325581395349,0.9116279069767442
866,15,41,7,10,0.7671232876712328,0.7270833333333333,0.8541666666666666,0.6,0.8282828282828283,0.6,0.8541666666666666,0.6382978723404256,0.7332903503116269,0.7816666666666666
867,23,35,9,6,0.7945205479452054,0.7942789968652038,0.7954545454545454,0.7931034482758621,0.8235294117647058,0.7931034482758621,0.7954545454545454,0.7540983606557377,0.7888138862102217,0.8879310344827587
868,16,45,6,6,0.8356164383561644,0.8048128342245989,0.8823529411764706,0.7272727272727273,0.8823529411764706,0.7272727272727273,0.8823529411764706,0.7272727272727273,0.8048128342245989,0.89572192513369
869,12,49,7,5,0.8356164383561644,0.7904411764705883,0.875,0.7058823529411765,0.8909090909090909,0.7058823529411765,0.875,0.6666666666666666,0.7787878787878788,0.8245798319327732
870,19,36,9,9,0.7534246575342466,0.7392857142857143,0.8,0.6785714285714286,0.8,0.6785714285714286,0.8,0.6785714285714286,0.7392857142857143,0.7952380952380953
871,21,34,6,12,0.7534246575342466,0.7431818181818182,0.85,0.6363636363636364,0.7906976744186046,0.6363636363636364,0.85,0.7,0.7453488372093022,0.8295454545454546
872,14,41,10,8,0.7534246575342466,0.7201426024955437,0.803921568627451,0.6363636363636364,0.82,0.6363636363636364,0.803921568627451,0.6086956521739131,0.7143478260869565,0.8163992869875223
873,16,38,9,10,0.7397260273972602,0.7119476268412439,0.8085106382978723,0.6153846153846154,0.8,0.6153846153846154,0.8085106382978723,0.6274509803921569,0.7137254901960784,0.8248772504091654
874,26,34,6,7,0.821917808219178,0.8189393939393939,0.85,0.7878787878787878,0.8395061728395061,0.7878787878787878,0.85,0.8,0.8197530864197531,0.9083333333333333
875,17,41,7,8,0.7945205479452054,0.7670833333333333,0.8541666666666666,0.68,0.845360824742268,0.68,0.8541666666666666,0.6938775510204082,0.7696191878813381,0.875
876,20,35,7,11,0.7534246575342466,0.739247311827957,0.8333333333333334,0.6451612903225806,0.7954545454545454,0.6451612903225806,0.8333333333333334,0.6896551724137931,0.7425548589341693,0.8394777265745008
877,14,45,7,7,0.8082191780821918,0.766025641025641,0.8653846153846154,0.6666666666666666,0.8653846153846154,0.6666666666666666,0.8653846153846154,0.6666666666666666,0.766025641025641,0.8104395604395604
878,16,40,11,6,0.7671232876712328,0.7557932263814617,0.7843137254901961,0.7272727272727273,0.8247422680412371,0.7272727272727273,0.7843137254901961,0.6530612244897959,0.7389017462655165,0.8618538324420677
879,25,38,6,4,0.863013698630137,0.8628526645768024,0.8636363636363636,0.8620689655172413,0.8837209302325582,0.8620689655172413,0.8636363636363636,0.8333333333333334,0.8585271317829457,0.9216300940438871
880,11,40,13,9,0.6986301369863014,0.6523584905660378,0.7547169811320755,0.55,0.7843137254901961,0.55,0.7547169811320755,0.5,0.642156862745098,0.7254716981132076
881,22,39,9,3,0.8356164383561644,0.84625,0.8125,0.88,0.8666666666666667,0.88,0.8125,0.7857142857142857,0.8261904761904761,0.8866666666666667
882,20,40,6,7,0.821917808219178,0.8051529790660226,0.8695652173913043,0.7407407407407407,0.8602150537634409,0.7407407407407407,0.8695652173913043,0.7547169811320755,0.8074660174477581,0.8687600644122383
883,22,36,13,2,0.7945205479452054,0.8256802721088435,0.7346938775510204,0.9166666666666666,0.8275862068965517,0.9166666666666666,0.7346938775510204,0.7457627118644068,0.7866744593804793,0.9302721088435374
884,23,41,6,3,0.8767123287671232,0.8784779050736498,0.8723404255319149,0.8846153846153846,0.9010989010989011,0.8846153846153846,0.8723404255319149,0.8363636363636363,0.8687312687312687,0.9091653027823241
885,16,40,10,7,0.7671232876712328,0.7478260869565218,0.8,0.6956521739130435,0.8247422680412371,0.6956521739130435,0.8,0.6530612244897959,0.7389017462655165,0.8165217391304347
886,18,39,7,9,0.7808219178082192,0.7572463768115942,0.8478260869565217,0.6666666666666666,0.8297872340425532,0.6666666666666666,0.8478260869565217,0.6923076923076923,0.7610474631751227,0.8711755233494364
887,22,38,9,4,0.821917808219178,0.8273322422258592,0.8085106382978723,0.8461538461538461,0.8539325842696629,0.8461538461538461,0.8085106382978723,0.7719298245614035,0.8129312044155332,0.9124386252045826
888,17,38,11,7,0.7534246575342466,0.741921768707483,0.7755102040816326,0.7083333333333334,0.8085106382978723,0.7083333333333334,0.7755102040816326,0.6538461538461539,0.7311783960720131,0.8018707482993197
889,27,36,6,4,0.863013698630137,0.8640552995391705,0.8571428571428571,0.8709677419354839,0.8780487804878049,0.8709677419354839,0.8571428571428571,0.84375,0.8608993902439024,0.9385560675883255
890,17,41,8,7,0.7945205479452054,0.7725340136054422,0.8367346938775511,0.7083333333333334,0.845360824742268,0.7083333333333334,0.8367346938775511,0.6938775510204082,0.7696191878813381,0.8894557823129252
891,15,41,9,8,0.7671232876712328,0.7360869565217392,0.82,0.6521739130434783,0.8282828282828283,0.6521739130434783,0.82,0.6382978723404256,0.7332903503116269,0.8652173913043478
892,22,35,6,10,0.7808219178082192,0.7705792682926829,0.8536585365853658,0.6875,0.813953488372093,0.6875,0.8536585365853658,0.7333333333333333,0.7736434108527132,0.7964939024390244
893,19,43,6,5,0.8493150684931506,0.8346088435374149,0.8775510204081632,0.7916666666666666,0.8865979381443299,0.7916666666666666,0.8775510204081632,0.7755102040816326,0.8310540711129812,0.9141156462585034
894,16,43,5,9,0.8082191780821918,0.7679166666666667,0.8958333333333334,0.64,0.86,0.64,0.8958333333333334,0.6956521739130435,0.7778260869565217,0.8225
895,16,36,13,8,0.7123287671232876,0.7006802721088435,0.7346938775510204,0.6666666666666666,0.7741935483870968,0.6666666666666666,0.7346938775510204,0.6037735849056604,0.6889835666463786,0.8120748299319729
896,19,40,9,5,0.8082191780821918,0.8039965986394557,0.8163265306122449,0.7916666666666666,0.851063829787234,0.7916666666666666,0.8163265306122449,0.7307692307692307,0.7909165302782324,0.8732993197278911
897,23,39,8,3,0.8493150684931506,0.8572013093289689,0.8297872340425532,0.8846153846153846,0.8764044943820225,0.8846153846153846,0.8297872340425532,0.8070175438596491,0.8417110191208358,0.9615384615384616
898,24,31,9,9,0.7534246575342466,0.7511363636363637,0.775,0.7272727272727273,0.775,0.7272727272727273,0.775,0.7272727272727273,0.7511363636363637,0.8575757575757575
899,20,41,5,7,0.8356164383561644,0.8160225442834138,0.8913043478260869,0.7407407407407407,0.8723404255319149,0.7407407407407407,0.8913043478260869,0.7692307692307693,0.820785597381342,0.8413848631239935
900,23,35,8,7,0.7945205479452054,0.7903100775193799,0.813953488372093,0.7666666666666667,0.8235294117647058,0.7666666666666667,0.813953488372093,0.7540983606557377,0.7888138862102217,0.8751937984496124
901,20,41,8,4,0.8356164383561644,0.8350340136054422,0.8367346938775511,0.8333333333333334,0.8723404255319149,0.8333333333333334,0.8367346938775511,0.7692307692307693,0.820785597381342,0.9209183673469388
902,20,34,13,6,0.7397260273972602,0.7463175122749591,0.723404255319149,0.7692307692307693,0.7816091954022989,0.7692307692307693,0.723404255319149,0.6779661016949152,0.729787648548607,0.8903436988543372
903,19,35,12,7,0.7397260273972602,0.7377250409165302,0.7446808510638298,0.7307692307692307,0.7865168539325843,0.7307692307692307,0.7446808510638298,0.6666666666666666,0.7265917602996255,0.8551554828150573
904,16,47,5,5,0.863013698630137,0.8328754578754578,0.9038461538461539,0.7619047619047619,0.9038461538461539,0.7619047619047619,0.9038461538461539,0.7619047619047619,0.8328754578754578,0.8809523809523809
905,12,44,10,7,0.7671232876712328,0.7231968810916178,0.8148148148148148,0.631578947368421,0.8380952380952381,0.631578947368421,0.8148148148148148,0.5853658536585366,0.7117305458768873,0.8304093567251462
906,18,35,10,10,0.726027397260274,0.7103174603174603,0.7777777777777778,0.6428571428571429,0.7777777777777778,0.6428571428571429,0.7777777777777778,0.6428571428571429,0.7103174603174603,0.8246031746031747
907,18,38,11,6,0.7671232876712328,0.7627551020408163,0.7755102040816326,0.75,0.8172043010752689,0.75,0.7755102040816326,0.6792452830188679,0.7482247920470684,0.8392857142857143
908,23,39,4,7,0.8493150684931506,0.8368217054263566,0.9069767441860465,0.7666666666666667,0.8764044943820225,0.7666666666666667,0.9069767441860465,0.8070175438596491,0.8417110191208358,0.872093023255814
909,21,38,10,4,0.8082191780821918,0.8158333333333333,0.7916666666666666,0.84,0.8444444444444444,0.84,0.7916666666666666,0.75,0.7972222222222223,0.9
910,13,43,10,7,0.7671232876712328,0.7306603773584905,0.8113207547169812,0.65,0.8349514563106796,0.65,0.8113207547169812,0.6046511627906976,0.7198013095506886,0.8047169811320755
911,23,37,9,4,0.821917808219178,0.8280998389694042,0.8043478260869565,0.8518518518518519,0.8505747126436781,0.8518518518518519,0.8043478260869565,0.7796610169491526,0.8151178647964153,0.9009661835748792
912,19,36,9,9,0.7534246575342466,0.7392857142857143,0.8,0.6785714285714286,0.8,0.6785714285714286,0.8,0.6785714285714286,0.7392857142857143,0.8341269841269842
913,15,47,7,4,0.8493150684931506,0.8299220272904484,0.8703703703703703,0.7894736842105263,0.8952380952380953,0.7894736842105263,0.8703703703703703,0.7317073170731707,0.813472706155633,0.8976608187134504
914,16,40,11,6,0.7671232876712328,0.7557932263814617,0.7843137254901961,0.7272727272727273,0.8247422680412371,0.7272727272727273,0.7843137254901961,0.6530612244897959,0.7389017462655165,0.8315508021390374
915,18,34,8,13,0.7123287671232876,0.6950844854070661,0.8095238095238095,0.5806451612903226,0.7640449438202247,0.5806451612903226,0.8095238095238095,0.631578947368421,0.6978119455943228,0.8317972350230416
916,18,44,7,4,0.8493150684931506,0.840463458110517,0.8627450980392157,0.8181818181818182,0.8888888888888888,0.8181818181818182,0.8627450980392157,0.7659574468085106,0.8274231678486997,0.8983957219251337
917,25,37,8,3,0.8493150684931506,0.8575396825396826,0.8222222222222222,0.8928571428571429,0.8705882352941177,0.8928571428571429,0.8222222222222222,0.819672131147541,0.8451301832208293,0.9142857142857144
918,22,34,7,10,0.7671232876712328,0.7583841463414633,0.8292682926829268,0.6875,0.8,0.6875,0.8292682926829268,0.7213114754098361,0.7606557377049181,0.8338414634146342
919,19,40,5,9,0.8082191780821918,0.7837301587301587,0.8888888888888888,0.6785714285714286,0.851063829787234,0.6785714285714286,0.8888888888888888,0.7307692307692307,0.7909165302782324,0.8746031746031746
920,26,25,12,10,0.6986301369863014,0.6989489489489489,0.6756756756756757,0.7222222222222222,0.6944444444444444,0.7222222222222222,0.6756756756756757,0.7027027027027027,0.6985735735735736,0.7897897897897899
921,18,35,9,11,0.726027397260274,0.7080721003134796,0.7954545454545454,0.6206896551724138,0.7777777777777778,0.6206896551724138,0.7954545454545454,0.6428571428571429,0.7103174603174603,0.7907523510971787
922,17,41,9,6,0.7945205479452054,0.7795652173913044,0.82,0.7391304347826086,0.845360824742268,0.7391304347826086,0.82,0.6938775510204082,0.7696191878813381,0.8573913043478261
923,20,42,8,3,0.8493150684931506,0.8547826086956521,0.84,0.8695652173913043,0.8842105263157894,0.8695652173913043,0.84,0.7843137254901961,0.8342621259029928,0.9669565217391305
924,20,33,7,13,0.726027397260274,0.7155303030303031,0.825,0.6060606060606061,0.7674418604651163,0.6060606060606061,0.825,0.6666666666666666,0.7170542635658914,0.818939393939394
925,14,44,10,5,0.7945205479452054,0.7758284600389863,0.8148148148148148,0.7368421052631579,0.8543689320388349,0.7368421052631579,0.8148148148148148,0.6511627906976745,0.7527658613682546,0.8128654970760234
926,15,39,14,5,0.7397260273972602,0.7429245283018868,0.7358490566037735,0.75,0.8041237113402062,0.75,0.7358490566037735,0.6122448979591837,0.708184304649695,0.8471698113207548
927,19,34,12,8,0.726027397260274,0.7214170692431562,0.7391304347826086,0.7037037037037037,0.7727272727272727,0.7037037037037037,0.7391304347826086,0.6551724137931034,0.7139498432601881,0.8164251207729469
928,22,36,9,6,0.7945205479452054,0.7928571428571429,0.8,0.7857142857142857,0.8275862068965517,0.7857142857142857,0.8,0.7457627118644068,0.7866744593804793,0.8904761904761904
929,18,36,13,6,0.7397260273972602,0.7423469387755102,0.7346938775510204,0.75,0.7912087912087912,0.75,0.7346938775510204,0.6545454545454545,0.7228771228771229,0.8333333333333334
930,18,37,11,7,0.7534246575342466,0.7454166666666666,0.7708333333333334,0.72,0.8043478260869565,0.72,0.7708333333333334,0.6666666666666666,0.7355072463768115,0.8358333333333333
931,18,43,8,4,0.8356164383561644,0.8306595365418895,0.8431372549019608,0.8181818181818182,0.8775510204081632,0.8181818181818182,0.8431372549019608,0.75,0.8137755102040816,0.894830659536542
932,22,33,9,9,0.7534246575342466,0.7476958525345623,0.7857142857142857,0.7096774193548387,0.7857142857142857,0.7096774193548387,0.7857142857142857,0.7096774193548387,0.7476958525345623,0.8509984639016898
933,18,40,5,10,0.7945205479452054,0.7658730158730158,0.8888888888888888,0.6428571428571429,0.8421052631578947,0.6428571428571429,0.8888888888888888,0.7058823529411765,0.7739938080495357,0.8174603174603174
934,21,31,11,10,0.7123287671232876,0.7077572964669738,0.7380952380952381,0.6774193548387096,0.7469879518072289,0.6774193548387096,0.7380952380952381,0.6666666666666666,0.7068273092369477,0.7995391705069125
935,22,36,9,6,0.7945205479452054,0.7928571428571429,0.8,0.7857142857142857,0.8275862068965517,0.7857142857142857,0.8,0.7457627118644068,0.7866744593804793,0.9047619047619048
936,24,35,9,5,0.8082191780821918,0.8115203761755485,0.7954545454545454,0.8275862068965517,0.8333333333333334,0.8275862068965517,0.7954545454545454,0.7741935483870968,0.803763440860215,0.8949843260188088
937,16,41,10,6,0.7808219178082192,0.7655971479500892,0.803921568627451,0.7272727272727273,0.8367346938775511,0.7272727272727273,0.803921568627451,0.6666666666666666,0.7517006802721089,0.8440285204991087
938,15,42,9,7,0.7808219178082192,0.7526737967914439,0.8235294117647058,0.6818181818181818,0.84,0.6818181818181818,0.8235294117647058,0.6521739130434783,0.7460869565217392,0.857397504456328
939,13,47,5,8,0.821917808219178,0.7614468864468864,0.9038461538461539,0.6190476190476191,0.8785046728971962,0.6190476190476191,0.9038461538461539,0.6666666666666666,0.7725856697819314,0.8653846153846153
940,18,42,6,7,0.821917808219178,0.7975,0.875,0.72,0.865979381443299,0.72,0.875,0.7346938775510204,0.8003366294971597,0.8541666666666667
941,16,40,9,8,0.7671232876712328,0.7414965986394557,0.8163265306122449,0.6666666666666666,0.8247422680412371,0.6666666666666666,0.8163265306122449,0.6530612244897959,0.7389017462655165,0.810374149659864
942,22,32,11,8,0.7397260273972602,0.7387596899224806,0.7441860465116279,0.7333333333333333,0.7710843373493976,0.7333333333333333,0.7441860465116279,0.6984126984126984,0.734748517881048,0.813953488372093
943,15,46,7,5,0.8356164383561644,0.8089622641509434,0.8679245283018868,0.75,0.8846153846153846,0.75,0.8679245283018868,0.7142857142857143,0.7994505494505495,0.8169811320754717
944,21,39,10,3,0.821917808219178,0.8354591836734694,0.7959183673469388,0.875,0.8571428571428571,0.875,0.7959183673469388,0.7636363636363637,0.8103896103896104,0.9566326530612246
945,21,35,10,7,0.7671232876712328,0.7638888888888888,0.7777777777777778,0.75,0.8045977011494253,0.75,0.7777777777777778,0.711864406779661,0.7582310539645432,0.8388888888888889
946,14,44,10,5,0.7945205479452054,0.7758284600389863,0.8148148148148148,0.7368421052631579,0.8543689320388349,0.7368421052631579,0.8148148148148148,0.6511627906976745,0.7527658613682546,0.9210526315789473
947,15,44,8,6,0.8082191780821918,0.7802197802197802,0.8461538461538461,0.7142857142857143,0.8627450980392157,0.7142857142857143,0.8461538461538461,0.6818181818181818,0.7722816399286987,0.8415750915750916
948,16,40,9,8,0.7671232876712328,0.7414965986394557,0.8163265306122449,0.6666666666666666,0.8247422680412371,0.6666666666666666,0.8163265306122449,0.6530612244897959,0.7389017462655165,0.8307823129251701
949,16,45,6,6,0.8356164383561644,0.8048128342245989,0.8823529411764706,0.7272727272727273,0.8823529411764706,0.7272727272727273,0.8823529411764706,0.7272727272727273,0.8048128342245989,0.8778966131907309
950,12,37,17,7,0.6712328767123288,0.6583820662768032,0.6851851851851852,0.631578947368421,0.7551020408163265,0.631578947368421,0.6851851851851852,0.5,0.6275510204081632,0.7670565302144249
951,15,45,9,4,0.821917808219178,0.8114035087719298,0.8333333333333334,0.7894736842105263,0.8737864077669902,0.7894736842105263,0.8333333333333334,0.6976744186046512,0.7857304131858207,0.9171539961013645
952,26,34,8,5,0.821917808219178,0.8241167434715821,0.8095238095238095,0.8387096774193549,0.8395061728395061,0.8387096774193549,0.8095238095238095,0.8,0.8197530864197531,0.9001536098310292
953,13,42,11,7,0.7534246575342466,0.7212264150943397,0.7924528301886793,0.65,0.8235294117647058,0.65,0.7924528301886793,0.5909090909090909,0.7072192513368984,0.8688679245283019
954,17,41,11,4,0.7945205479452054,0.798992673992674,0.7884615384615384,0.8095238095238095,0.845360824742268,0.8095238095238095,0.7884615384615384,0.6938775510204082,0.7696191878813381,0.8241758241758241
955,14,41,9,9,0.7534246575342466,0.7143478260869565,0.82,0.6086956521739131,0.82,0.6086956521739131,0.82,0.6086956521739131,0.7143478260869565,0.8295652173913044
956,19,44,5,5,0.863013698630137,0.844812925170068,0.8979591836734694,0.7916666666666666,0.8979591836734694,0.7916666666666666,0.8979591836734694,0.7916666666666666,0.844812925170068,0.907312925170068
957,17,38,9,9,0.7534246575342466,0.7311783960720131,0.8085106382978723,0.6538461538461539,0.8085106382978723,0.6538461538461539,0.8085106382978723,0.6538461538461539,0.7311783960720131,0.792962356792144
958,24,39,8,2,0.863013698630137,0.8764320785597381,0.8297872340425532,0.9230769230769231,0.8863636363636364,0.9230769230769231,0.8297872340425532,0.8275862068965517,0.856974921630094,0.9500818330605565
959,19,38,9,7,0.7808219178082192,0.7696399345335515,0.8085106382978723,0.7307692307692307,0.8260869565217391,0.7307692307692307,0.8085106382978723,0.7037037037037037,0.7648953301127215,0.8240589198036007
960,19,41,10,3,0.821917808219178,0.8337789661319073,0.803921568627451,0.8636363636363636,0.8631578947368421,0.8636363636363636,0.803921568627451,0.7450980392156863,0.8041279669762642,0.9064171122994653
961,17,46,7,3,0.863013698630137,0.8589622641509433,0.8679245283018868,0.85,0.9019607843137255,0.85,0.8679245283018868,0.7727272727272727,0.8373440285204992,0.9273584905660378
962,16,38,9,10,0.7397260273972602,0.7119476268412439,0.8085106382978723,0.6153846153846154,0.8,0.6153846153846154,0.8085106382978723,0.6274509803921569,0.7137254901960784,0.7471358428805237
963,17,44,6,6,0.8356164383561644,0.8095652173913044,0.88,0.7391304347826086,0.88,0.7391304347826086,0.88,0.7391304347826086,0.8095652173913044,0.8947826086956521
964,18,38,10,7,0.7671232876712328,0.7558333333333334,0.7916666666666666,0.72,0.8172043010752689,0.72,0.7916666666666666,0.6792452830188679,0.7482247920470684,0.8724999999999999
965,19,29,18,7,0.6575342465753424,0.6738952536824877,0.6170212765957447,0.7307692307692307,0.6987951807228916,0.7307692307692307,0.6170212765957447,0.6031746031746031,0.6509848919487473,0.8428805237315876
966,20,33,11,9,0.726027397260274,0.7198275862068966,0.75,0.6896551724137931,0.7674418604651163,0.6896551724137931,0.75,0.6666666666666666,0.7170542635658914,0.8550156739811913
967,19,40,6,8,0.8082191780821918,0.786634460547504,0.8695652173913043,0.7037037037037037,0.851063829787234,0.7037037037037037,0.8695652173913043,0.7307692307692307,0.7909165302782324,0.8590982286634461
968,23,40,6,4,0.863013698630137,0.8607085346215781,0.8695652173913043,0.8518518518518519,0.8888888888888888,0.8518518518518519,0.8695652173913043,0.8214285714285714,0.8551587301587301,0.9307568438003221
969,13,47,8,5,0.821917808219178,0.7883838383838384,0.8545454545454545,0.7222222222222222,0.8785046728971962,0.7222222222222222,0.8545454545454545,0.6666666666666666,0.7725856697819314,0.8717171717171717
970,16,41,9,7,0.7808219178082192,0.7578260869565216,0.82,0.6956521739130435,0.8367346938775511,0.6956521739130435,0.82,0.6666666666666666,0.7517006802721089,0.7817391304347826
971,18,39,8,8,0.7808219178082192,0.7610474631751227,0.8297872340425532,0.6923076923076923,0.8297872340425532,0.6923076923076923,0.8297872340425532,0.6923076923076923,0.7610474631751227,0.7905073649754502
972,21,39,8,5,0.821917808219178,0.8187397708674304,0.8297872340425532,0.8076923076923077,0.8571428571428571,0.8076923076923077,0.8297872340425532,0.7636363636363637,0.8103896103896104,0.8985270049099837
973,26,36,6,5,0.8493150684931506,0.847926267281106,0.8571428571428571,0.8387096774193549,0.8674698795180723,0.8387096774193549,0.8571428571428571,0.8253968253968254,0.8464333524574488,0.9024577572964669
974,18,40,9,6,0.7945205479452054,0.7831632653061225,0.8163265306122449,0.75,0.8421052631578947,0.75,0.8163265306122449,0.7058823529411765,0.7739938080495357,0.8860544217687074
975,14,42,8,9,0.7671232876712328,0.7243478260869565,0.84,0.6086956521739131,0.8316831683168316,0.6086956521739131,0.84,0.6222222222222222,0.7269526952695269,0.8260869565217391
976,22,40,5,6,0.8493150684931506,0.8373015873015872,0.8888888888888888,0.7857142857142857,0.8791208791208791,0.7857142857142857,0.8888888888888888,0.8,0.8395604395604396,0.9238095238095237
977,17,36,10,10,0.726027397260274,0.7061191626409018,0.782608695652174,0.6296296296296297,0.782608695652174,0.6296296296296297,0.782608695652174,0.6296296296296297,0.7061191626409018,0.8027375201288244
978,21,33,4,15,0.7397260273972602,0.7376126126126126,0.8918918918918919,0.5833333333333334,0.7764705882352941,0.5833333333333334,0.8918918918918919,0.6885245901639344,0.7324975891996143,0.8228228228228227
979,25,37,4,7,0.8493150684931506,0.8418445121951219,0.9024390243902439,0.78125,0.8705882352941177,0.78125,0.9024390243902439,0.819672131147541,0.8451301832208293,0.9382621951219512
980,23,38,9,3,0.8356164383561644,0.8465630114566285,0.8085106382978723,0.8846153846153846,0.8636363636363636,0.8846153846153846,0.8085106382978723,0.7931034482758621,0.8283699059561129,0.9206219312602291
981,11,44,13,5,0.7534246575342466,0.7297149122807017,0.7719298245614035,0.6875,0.8301886792452831,0.6875,0.7719298245614035,0.55,0.6900943396226416,0.7971491228070174
982,26,35,4,8,0.8356164383561644,0.8310708898944192,0.8974358974358975,0.7647058823529411,0.8536585365853658,0.7647058823529411,0.8974358974358975,0.8125,0.8330792682926829,0.8552036199095023
983,17,38,12,6,0.7534246575342466,0.7495652173913043,0.76,0.7391304347826086,0.8085106382978723,0.7391304347826086,0.76,0.6538461538461539,0.7311783960720131,0.8278260869565217
984,19,39,7,8,0.7945205479452054,0.7757648953301127,0.8478260869565217,0.7037037037037037,0.8387096774193549,0.7037037037037037,0.8478260869565217,0.7169811320754716,0.7778454047474133,0.8687600644122383
985,16,42,8,7,0.7945205479452054,0.7678260869565217,0.84,0.6956521739130435,0.8484848484848485,0.6956521739130435,0.84,0.6808510638297872,0.7646679561573179,0.8791304347826087
986,12,44,9,8,0.7671232876712328,0.7150943396226415,0.8301886792452831,0.6,0.8380952380952381,0.6,0.8301886792452831,0.5853658536585366,0.7117305458768873,0.8028301886792453
987,26,29,9,9,0.7534246575342466,0.7530075187969925,0.7631578947368421,0.7428571428571429,0.7631578947368421,0.7428571428571429,0.7631578947368421,0.7428571428571429,0.7530075187969925,0.8571428571428572
988,15,46,6,6,0.8356164383561644,0.7994505494505495,0.8846153846153846,0.7142857142857143,0.8846153846153846,0.7142857142857143,0.8846153846153846,0.7142857142857143,0.7994505494505495,0.8095238095238095
989,17,42,9,5,0.8082191780821918,0.7981283422459893,0.8235294117647058,0.7727272727272727,0.8571428571428571,0.7727272727272727,0.8235294117647058,0.7083333333333334,0.7827380952380952,0.8654188948306596
990,17,44,5,7,0.8356164383561644,0.8031462585034014,0.8979591836734694,0.7083333333333334,0.88,0.7083333333333334,0.8979591836734694,0.7391304347826086,0.8095652173913044,0.8044217687074829
991,21,38,7,7,0.8082191780821918,0.7972222222222223,0.8444444444444444,0.75,0.8444444444444444,0.75,0.8444444444444444,0.75,0.7972222222222223,0.8253968253968255
992,19,32,14,8,0.6986301369863014,0.6996779388083736,0.6956521739130435,0.7037037037037037,0.7441860465116279,0.7037037037037037,0.6956521739130435,0.6333333333333333,0.6887596899224806,0.78743961352657
993,20,37,8,8,0.7808219178082192,0.7682539682539682,0.8222222222222222,0.7142857142857143,0.8222222222222222,0.7142857142857143,0.8222222222222222,0.7142857142857143,0.7682539682539682,0.8738095238095238
994,15,40,8,10,0.7534246575342466,0.7166666666666667,0.8333333333333334,0.6,0.8163265306122449,0.6,0.8333333333333334,0.625,0.7206632653061225,0.8225000000000001
995,16,32,10,15,0.6575342465753424,0.6390168970814132,0.7619047619047619,0.5161290322580645,0.7191011235955056,0.5161290322580645,0.7619047619047619,0.5614035087719298,0.6402523161837177,0.7419354838709677
996,16,43,7,7,0.8082191780821918,0.7778260869565217,0.86,0.6956521739130435,0.86,0.6956521739130435,0.86,0.6956521739130435,0.7778260869565217,0.8852173913043478
997,16,40,8,9,0.7671232876712328,0.7366666666666667,0.8333333333333334,0.64,0.8247422680412371,0.64,0.8333333333333334,0.6530612244897959,0.7389017462655165,0.795
998,19,36,9,9,0.7534246575342466,0.7392857142857143,0.8,0.6785714285714286,0.8,0.6785714285714286,0.8,0.6785714285714286,0.7392857142857143,0.8452380952380953
999,14,37,10,12,0.6986301369863014,0.662847790507365,0.7872340425531915,0.5384615384615384,0.7708333333333334,0.5384615384615384,0.7872340425531915,0.56,0.6654166666666668,0.7545008183306056
1000,21,40,6,6,0.8356164383561644,0.8236714975845411,0.8695652173913043,0.7777777777777778,0.8695652173913043,0.7777777777777778,0.8695652173913043,0.7777777777777778,0.8236714975845411,0.8752012882447665
