round,TP,TN,FP,FN,Accuracy,BalancedAccuracy,Sensitivity_Class0,Specificity_Class0,F1_Class0,Sensitivity_Class1,Specificity_Class1,F1_Class1,F1_macro,AUC
1,20,36,5,12,0.7671232876712328,0.7515243902439024,0.8780487804878049,0.625,0.8089887640449438,0.625,0.8780487804878049,0.7017543859649122,0.755371575004928,0.8216463414634146
2,19,43,9,2,0.8493150684931506,0.8658424908424909,0.8269230769230769,0.9047619047619048,0.8865979381443299,0.9047619047619048,0.8269230769230769,0.7755102040816326,0.8310540711129812,0.9386446886446886
3,22,32,12,7,0.7397260273972602,0.7429467084639498,0.7272727272727273,0.7586206896551724,0.7710843373493976,0.7586206896551724,0.7272727272727273,0.6984126984126984,0.734748517881048,0.8322884012539186
4,14,36,11,12,0.684931506849315,0.6522094926350246,0.7659574468085106,0.5384615384615384,0.7578947368421053,0.5384615384615384,0.7659574468085106,0.5490196078431373,0.6534571723426212,0.7274959083469722
5,22,32,12,7,0.7397260273972602,0.7429467084639498,0.7272727272727273,0.7586206896551724,0.7710843373493976,0.7586206896551724,0.7272727272727273,0.6984126984126984,0.734748517881048,0.8362068965517242
6,17,38,11,7,0.7534246575342466,0.741921768707483,0.7755102040816326,0.7083333333333334,0.8085106382978723,0.7083333333333334,0.7755102040816326,0.6538461538461539,0.7311783960720131,0.8375850340136055
7,20,35,14,4,0.7534246575342466,0.7738095238095238,0.7142857142857143,0.8333333333333334,0.7954545454545454,0.8333333333333334,0.7142857142857143,0.6896551724137931,0.7425548589341693,0.8767006802721089
8,16,36,14,7,0.7123287671232876,0.7078260869565217,0.72,0.6956521739130435,0.7741935483870968,0.6956521739130435,0.72,0.6037735849056604,0.6889835666463786,0.8234782608695652
9,22,33,9,9,0.7534246575342466,0.7476958525345623,0.7857142857142857,0.7096774193548387,0.7857142857142857,0.7096774193548387,0.7857142857142857,0.7096774193548387,0.7476958525345623,0.8325652841781874
10,13,36,14,10,0.6712328767123288,0.6426086956521739,0.72,0.5652173913043478,0.75,0.5652173913043478,0.72,0.52,0.635,0.7921739130434783
11,21,39,9,4,0.821917808219178,0.8262499999999999,0.8125,0.84,0.8571428571428571,0.84,0.8125,0.7636363636363637,0.8103896103896104,0.9091666666666667
12,19,38,8,8,0.7808219178082192,0.7648953301127215,0.8260869565217391,0.7037037037037037,0.8260869565217391,0.7037037037037037,0.8260869565217391,0.7037037037037037,0.7648953301127215,0.8470209339774557
13,15,39,14,5,0.7397260273972602,0.7429245283018868,0.7358490566037735,0.75,0.8041237113402062,0.75,0.7358490566037735,0.6122448979591837,0.708184304649695,0.8679245283018868
14,24,31,9,9,0.7534246575342466,0.7511363636363637,0.775,0.7272727272727273,0.775,0.7272727272727273,0.775,0.7272727272727273,0.7511363636363637,0.8469696969696969
15,15,40,15,3,0.7534246575342466,0.7803030303030303,0.7272727272727273,0.8333333333333334,0.8163265306122449,0.8333333333333334,0.7272727272727273,0.625,0.7206632653061225,0.8626262626262626
16,19,35,12,7,0.7397260273972602,0.7377250409165302,0.7446808510638298,0.7307692307692307,0.7865168539325843,0.7307692307692307,0.7446808510638298,0.6666666666666666,0.7265917602996255,0.8477905073649754
17,20,33,15,5,0.726027397260274,0.74375,0.6875,0.8,0.7674418604651163,0.8,0.6875,0.6666666666666666,0.7170542635658914,0.8725
18,21,32,10,10,0.726027397260274,0.7196620583717357,0.7619047619047619,0.6774193548387096,0.7619047619047619,0.6774193548387096,0.7619047619047619,0.6774193548387096,0.7196620583717357,0.8602150537634409
19,18,36,13,6,0.7397260273972602,0.7423469387755102,0.7346938775510204,0.75,0.7912087912087912,0.75,0.7346938775510204,0.6545454545454545,0.7228771228771229,0.8137755102040816
20,17,37,12,7,0.7397260273972602,0.7317176870748299,0.7551020408163265,0.7083333333333334,0.7956989247311828,0.7083333333333334,0.7551020408163265,0.6415094339622641,0.7186041793467235,0.7627551020408163
21,13,42,11,7,0.7534246575342466,0.7212264150943397,0.7924528301886793,0.65,0.8235294117647058,0.65,0.7924528301886793,0.5909090909090909,0.7072192513368984,0.8160377358490566
22,12,39,14,8,0.6986301369863014,0.6679245283018868,0.7358490566037735,0.6,0.78,0.6,0.7358490566037735,0.5217391304347826,0.6508695652173913,0.8037735849056604
23,19,30,16,8,0.6712328767123288,0.677938808373591,0.6521739130434783,0.7037037037037037,0.7142857142857143,0.7037037037037037,0.6521739130434783,0.6129032258064516,0.663594470046083,0.751207729468599
24,19,36,11,7,0.7534246575342466,0.7483633387888706,0.7659574468085106,0.7307692307692307,0.8,0.7307692307692307,0.7659574468085106,0.6785714285714286,0.7392857142857143,0.8592471358428805
25,14,41,11,7,0.7534246575342466,0.7275641025641025,0.7884615384615384,0.6666666666666666,0.82,0.6666666666666666,0.7884615384615384,0.6086956521739131,0.7143478260869565,0.8269230769230769
26,18,44,7,4,0.8493150684931506,0.840463458110517,0.8627450980392157,0.8181818181818182,0.8888888888888888,0.8181818181818182,0.8627450980392157,0.7659574468085106,0.8274231678486997,0.8868092691622104
27,18,34,17,4,0.7123287671232876,0.7424242424242424,0.6666666666666666,0.8181818181818182,0.7640449438202247,0.8181818181818182,0.6666666666666666,0.631578947368421,0.6978119455943228,0.85650623885918
28,21,38,8,6,0.8082191780821918,0.8019323671497585,0.8260869565217391,0.7777777777777778,0.8444444444444444,0.7777777777777778,0.8260869565217391,0.75,0.7972222222222223,0.8977455716586151
29,19,39,8,7,0.7945205479452054,0.7802782324058919,0.8297872340425532,0.7307692307692307,0.8387096774193549,0.7307692307692307,0.8297872340425532,0.7169811320754716,0.7778454047474133,0.8600654664484452
30,10,43,16,4,0.726027397260274,0.7215496368038741,0.7288135593220338,0.7142857142857143,0.8113207547169812,0.7142857142857143,0.7288135593220338,0.5,0.6556603773584906,0.8196125907990314
31,18,39,9,7,0.7808219178082192,0.76625,0.8125,0.72,0.8297872340425532,0.72,0.8125,0.6923076923076923,0.7610474631751227,0.8658333333333333
32,20,35,8,10,0.7534246575342466,0.7403100775193798,0.813953488372093,0.6666666666666666,0.7954545454545454,0.6666666666666666,0.813953488372093,0.6896551724137931,0.7425548589341693,0.8271317829457364
33,22,31,12,8,0.726027397260274,0.7271317829457364,0.7209302325581395,0.7333333333333333,0.7560975609756098,0.7333333333333333,0.7209302325581395,0.6875,0.7217987804878049,0.837984496124031
34,12,45,10,6,0.7808219178082192,0.7424242424242424,0.8181818181818182,0.6666666666666666,0.8490566037735849,0.6666666666666666,0.8181818181818182,0.6,0.7245283018867925,0.803030303030303
35,20,38,11,4,0.7945205479452054,0.804421768707483,0.7755102040816326,0.8333333333333334,0.8351648351648352,0.8333333333333334,0.7755102040816326,0.7272727272727273,0.7812187812187812,0.9362244897959183
36,22,38,5,8,0.821917808219178,0.8085271317829457,0.8837209302325582,0.7333333333333333,0.8539325842696629,0.7333333333333333,0.8837209302325582,0.7719298245614035,0.8129312044155332,0.8643410852713178
37,18,31,16,8,0.6712328767123288,0.6759410801963993,0.6595744680851063,0.6923076923076923,0.7209302325581395,0.6923076923076923,0.6595744680851063,0.6,0.6604651162790698,0.7790507364975451
38,17,39,10,7,0.7671232876712328,0.752125850340136,0.7959183673469388,0.7083333333333334,0.8210526315789474,0.7083333333333334,0.7959183673469388,0.6666666666666666,0.743859649122807,0.8894557823129252
39,18,37,9,9,0.7534246575342466,0.7355072463768115,0.8043478260869565,0.6666666666666666,0.8043478260869565,0.6666666666666666,0.8043478260869565,0.6666666666666666,0.7355072463768115,0.8421900161030595
40,19,37,8,9,0.7671232876712328,0.7503968253968254,0.8222222222222222,0.6785714285714286,0.8131868131868132,0.6785714285714286,0.8222222222222222,0.6909090909090909,0.752047952047952,0.8634920634920635
41,18,38,12,5,0.7671232876712328,0.771304347826087,0.76,0.782608695652174,0.8172043010752689,0.782608695652174,0.76,0.6792452830188679,0.7482247920470684,0.86
42,18,40,8,7,0.7945205479452054,0.7766666666666666,0.8333333333333334,0.72,0.8421052631578947,0.72,0.8333333333333334,0.7058823529411765,0.7739938080495357,0.8550000000000001
43,12,44,9,8,0.7671232876712328,0.7150943396226415,0.8301886792452831,0.6,0.8380952380952381,0.6,0.8301886792452831,0.5853658536585366,0.7117305458768873,0.8424528301886792
44,19,34,12,8,0.726027397260274,0.7214170692431562,0.7391304347826086,0.7037037037037037,0.7727272727272727,0.7037037037037037,0.7391304347826086,0.6551724137931034,0.7139498432601881,0.8349436392914653
45,18,39,11,5,0.7808219178082192,0.781304347826087,0.78,0.782608695652174,0.8297872340425532,0.782608695652174,0.78,0.6923076923076923,0.7610474631751227,0.8713043478260869
46,23,36,7,7,0.8082191780821918,0.8019379844961241,0.8372093023255814,0.7666666666666667,0.8372093023255814,0.7666666666666667,0.8372093023255814,0.7666666666666667,0.8019379844961241,0.9015503875968992
47,25,31,11,6,0.7671232876712328,0.772273425499232,0.7380952380952381,0.8064516129032258,0.7848101265822784,0.8064516129032258,0.7380952380952381,0.746268656716418,0.7655393916493483,0.8947772657450076
48,24,30,13,6,0.7397260273972602,0.7488372093023257,0.6976744186046512,0.8,0.759493670886076,0.8,0.6976744186046512,0.7164179104477612,0.7379557906669185,0.8674418604651164
49,23,35,10,5,0.7945205479452054,0.7996031746031746,0.7777777777777778,0.8214285714285714,0.8235294117647058,0.8214285714285714,0.7777777777777778,0.7540983606557377,0.7888138862102217,0.9007936507936508
50,16,35,9,13,0.6986301369863014,0.67358934169279,0.7954545454545454,0.5517241379310345,0.7608695652173914,0.5517241379310345,0.7954545454545454,0.5925925925925926,0.676731078904992,0.8009404388714734
51,17,34,16,6,0.6986301369863014,0.7095652173913043,0.68,0.7391304347826086,0.7555555555555555,0.7391304347826086,0.68,0.6071428571428571,0.6813492063492064,0.802608695652174
52,21,37,8,7,0.7945205479452054,0.7861111111111111,0.8222222222222222,0.75,0.8314606741573034,0.75,0.8222222222222222,0.7368421052631579,0.7841513897102306,0.8809523809523809
53,27,31,7,8,0.7945205479452054,0.793609022556391,0.8157894736842105,0.7714285714285715,0.8051948051948052,0.7714285714285715,0.8157894736842105,0.782608695652174,0.7939017504234895,0.8887218045112781
54,12,35,14,12,0.6438356164383562,0.6071428571428572,0.7142857142857143,0.5,0.7291666666666666,0.5,0.7142857142857143,0.48,0.6045833333333333,0.7142857142857143
55,17,32,14,10,0.6712328767123288,0.6626409017713366,0.6956521739130435,0.6296296296296297,0.7272727272727273,0.6296296296296297,0.6956521739130435,0.5862068965517241,0.6567398119122256,0.7471819645732689
56,19,35,9,10,0.7397260273972602,0.7253134796238244,0.7954545454545454,0.6551724137931034,0.7865168539325843,0.6551724137931034,0.7954545454545454,0.6666666666666666,0.7265917602996255,0.8456112852664578
57,22,34,10,7,0.7671232876712328,0.7656739811912225,0.7727272727272727,0.7586206896551724,0.8,0.7586206896551724,0.7727272727272727,0.7213114754098361,0.7606557377049181,0.8526645768025078
58,24,35,11,3,0.8082191780821918,0.8248792270531401,0.7608695652173914,0.8888888888888888,0.8333333333333334,0.8888888888888888,0.7608695652173914,0.7741935483870968,0.803763440860215,0.9025764895330113
59,23,32,10,8,0.7534246575342466,0.7519201228878648,0.7619047619047619,0.7419354838709677,0.7804878048780488,0.7419354838709677,0.7619047619047619,0.71875,0.7496189024390244,0.8701996927803379
60,29,26,9,9,0.7534246575342466,0.7530075187969925,0.7428571428571429,0.7631578947368421,0.7428571428571429,0.7631578947368421,0.7428571428571429,0.7631578947368421,0.7530075187969925,0.8203007518796992
61,14,42,10,7,0.7671232876712328,0.7371794871794872,0.8076923076923077,0.6666666666666666,0.8316831683168316,0.6666666666666666,0.8076923076923077,0.6222222222222222,0.7269526952695269,0.7875457875457875
62,20,35,15,3,0.7534246575342466,0.7847826086956522,0.7,0.8695652173913043,0.7954545454545454,0.8695652173913043,0.7,0.6896551724137931,0.7425548589341693,0.9252173913043478
63,19,36,14,4,0.7534246575342466,0.7730434782608695,0.72,0.8260869565217391,0.8,0.8260869565217391,0.72,0.6785714285714286,0.7392857142857143,0.874782608695652
64,19,37,12,5,0.7671232876712328,0.7733843537414966,0.7551020408163265,0.7916666666666666,0.8131868131868132,0.7916666666666666,0.7551020408163265,0.6909090909090909,0.752047952047952,0.8605442176870749
65,14,40,9,10,0.7397260273972602,0.6998299319727892,0.8163265306122449,0.5833333333333334,0.8080808080808081,0.5833333333333334,0.8163265306122449,0.5957446808510638,0.7019127444659359,0.826530612244898
66,19,33,14,7,0.7123287671232876,0.7164484451718494,0.7021276595744681,0.7307692307692307,0.7586206896551724,0.7307692307692307,0.7021276595744681,0.6440677966101694,0.7013442431326709,0.8117839607201309
67,17,28,20,8,0.6164383561643836,0.6316666666666667,0.5833333333333334,0.68,0.6666666666666666,0.68,0.5833333333333334,0.5483870967741935,0.60752688172043,0.8008333333333333
68,14,36,15,8,0.684931506849315,0.6711229946524064,0.7058823529411765,0.6363636363636364,0.7578947368421053,0.6363636363636364,0.7058823529411765,0.5490196078431373,0.6534571723426212,0.7254901960784313
69,19,40,12,2,0.8082191780821918,0.836996336996337,0.7692307692307693,0.9047619047619048,0.851063829787234,0.9047619047619048,0.7692307692307693,0.7307692307692307,0.7909165302782324,0.9423076923076923
70,17,33,14,9,0.684931506849315,0.677986906710311,0.7021276595744681,0.6538461538461539,0.7415730337078652,0.6538461538461539,0.7021276595744681,0.5964912280701754,0.6690321308890204,0.8158756137479541
71,15,33,17,8,0.6575342465753424,0.6560869565217391,0.66,0.6521739130434783,0.7252747252747253,0.6521739130434783,0.66,0.5454545454545454,0.6353646353646354,0.7852173913043479
72,15,39,14,5,0.7397260273972602,0.7429245283018868,0.7358490566037735,0.75,0.8041237113402062,0.75,0.7358490566037735,0.6122448979591837,0.708184304649695,0.8566037735849056
73,22,26,14,11,0.6575342465753424,0.6583333333333333,0.65,0.6666666666666666,0.6753246753246753,0.6666666666666666,0.65,0.6376811594202898,0.6565029173724826,0.7742424242424242
74,16,34,11,12,0.684931506849315,0.6634920634920635,0.7555555555555555,0.5714285714285714,0.7472527472527473,0.5714285714285714,0.7555555555555555,0.5818181818181818,0.6645354645354645,0.7349206349206349
75,25,26,12,10,0.6986301369863014,0.6992481203007519,0.6842105263157895,0.7142857142857143,0.7027027027027027,0.7142857142857143,0.6842105263157895,0.6944444444444444,0.6985735735735736,0.825563909774436
76,22,30,12,9,0.7123287671232876,0.7119815668202765,0.7142857142857143,0.7096774193548387,0.7407407407407407,0.7096774193548387,0.7142857142857143,0.676923076923077,0.7088319088319088,0.7949308755760369
77,19,36,11,7,0.7534246575342466,0.7483633387888706,0.7659574468085106,0.7307692307692307,0.8,0.7307692307692307,0.7659574468085106,0.6785714285714286,0.7392857142857143,0.8150572831423896
78,21,36,12,4,0.7808219178082192,0.7949999999999999,0.75,0.84,0.8181818181818182,0.84,0.75,0.7241379310344828,0.7711598746081505,0.8908333333333334
79,22,35,11,5,0.7808219178082192,0.787842190016103,0.7608695652173914,0.8148148148148148,0.813953488372093,0.8148148148148148,0.7608695652173914,0.7333333333333333,0.7736434108527132,0.8703703703703703
80,14,39,13,7,0.726027397260274,0.7083333333333333,0.75,0.6666666666666666,0.7959183673469388,0.6666666666666666,0.75,0.5833333333333334,0.689625850340136,0.8415750915750916
81,18,40,10,5,0.7945205479452054,0.791304347826087,0.8,0.782608695652174,0.8421052631578947,0.782608695652174,0.8,0.7058823529411765,0.7739938080495357,0.8834782608695652
82,16,32,13,12,0.6575342465753424,0.6412698412698412,0.7111111111111111,0.5714285714285714,0.7191011235955056,0.5714285714285714,0.7111111111111111,0.5614035087719298,0.6402523161837177,0.753968253968254
83,27,32,11,3,0.8082191780821918,0.8220930232558139,0.7441860465116279,0.9,0.8205128205128205,0.9,0.7441860465116279,0.7941176470588235,0.807315233785822,0.9170542635658915
84,26,30,10,7,0.7671232876712328,0.7689393939393939,0.75,0.7878787878787878,0.7792207792207793,0.7878787878787878,0.75,0.7536231884057971,0.7664219838132882,0.8848484848484849
85,20,35,14,4,0.7534246575342466,0.7738095238095238,0.7142857142857143,0.8333333333333334,0.7954545454545454,0.8333333333333334,0.7142857142857143,0.6896551724137931,0.7425548589341693,0.891156462585034
86,20,31,13,9,0.6986301369863014,0.6971003134796239,0.7045454545454546,0.6896551724137931,0.7380952380952381,0.6896551724137931,0.7045454545454546,0.6451612903225806,0.6916282642089093,0.8213166144200627
87,25,32,12,4,0.7808219178082192,0.7946708463949843,0.7272727272727273,0.8620689655172413,0.8,0.8620689655172413,0.7272727272727273,0.7575757575757576,0.7787878787878788,0.8981191222570533
88,21,33,10,9,0.7397260273972602,0.7337209302325581,0.7674418604651163,0.7,0.7764705882352941,0.7,0.7674418604651163,0.6885245901639344,0.7324975891996143,0.8178294573643411
89,21,35,13,4,0.7671232876712328,0.7845833333333333,0.7291666666666666,0.84,0.8045977011494253,0.84,0.7291666666666666,0.711864406779661,0.7582310539645432,0.8991666666666667
90,25,32,9,7,0.7808219178082192,0.7808689024390244,0.7804878048780488,0.78125,0.8,0.78125,0.7804878048780488,0.7575757575757576,0.7787878787878788,0.8498475609756098
91,22,35,11,5,0.7808219178082192,0.787842190016103,0.7608695652173914,0.8148148148148148,0.813953488372093,0.8148148148148148,0.7608695652173914,0.7333333333333333,0.7736434108527132,0.8848631239935587
92,23,36,10,4,0.8082191780821918,0.817230273752013,0.782608695652174,0.8518518518518519,0.8372093023255814,0.8518518518518519,0.782608695652174,0.7666666666666667,0.8019379844961241,0.8969404186795491
93,13,38,15,7,0.6986301369863014,0.6834905660377358,0.7169811320754716,0.65,0.7755102040816326,0.65,0.7169811320754716,0.5416666666666666,0.6585884353741496,0.7981132075471697
94,23,37,8,5,0.821917808219178,0.8218253968253968,0.8222222222222222,0.8214285714285714,0.8505747126436781,0.8214285714285714,0.8222222222222222,0.7796610169491526,0.8151178647964153,0.8873015873015873
95,16,33,15,9,0.6712328767123288,0.6637500000000001,0.6875,0.64,0.7333333333333333,0.64,0.6875,0.5714285714285714,0.6523809523809523,0.7483333333333333
96,15,35,16,7,0.684931506849315,0.6840463458110517,0.6862745098039216,0.6818181818181818,0.7526881720430108,0.6818181818181818,0.6862745098039216,0.5660377358490566,0.6593629539460337,0.7709447415329769
97,17,35,14,7,0.7123287671232876,0.7113095238095238,0.7142857142857143,0.7083333333333334,0.7692307692307693,0.7083333333333334,0.7142857142857143,0.6181818181818182,0.6937062937062937,0.7925170068027212
98,20,35,17,1,0.7534246575342466,0.8127289377289377,0.6730769230769231,0.9523809523809523,0.7954545454545454,0.9523809523809523,0.6730769230769231,0.6896551724137931,0.7425548589341693,0.945054945054945
99,14,40,11,8,0.7397260273972602,0.7103386809269162,0.7843137254901961,0.6363636363636364,0.8080808080808081,0.6363636363636364,0.7843137254901961,0.5957446808510638,0.7019127444659359,0.7878787878787878
100,21,28,18,6,0.6712328767123288,0.6932367149758454,0.6086956521739131,0.7777777777777778,0.7,0.7777777777777778,0.6086956521739131,0.6363636363636364,0.6681818181818182,0.8132045088566827
101,15,31,19,8,0.6301369863013698,0.6360869565217391,0.62,0.6521739130434783,0.6966292134831461,0.6521739130434783,0.62,0.5263157894736842,0.6114725014784151,0.7704347826086957
102,26,28,15,4,0.7397260273972602,0.7589147286821706,0.6511627906976745,0.8666666666666667,0.7466666666666667,0.8666666666666667,0.6511627906976745,0.7323943661971831,0.7395305164319249,0.8837209302325582
103,23,37,10,3,0.821917808219178,0.835924713584288,0.7872340425531915,0.8846153846153846,0.8505747126436781,0.8846153846153846,0.7872340425531915,0.7796610169491526,0.8151178647964153,0.9255319148936171
104,22,28,16,7,0.684931506849315,0.6974921630094044,0.6363636363636364,0.7586206896551724,0.7088607594936709,0.7586206896551724,0.6363636363636364,0.6567164179104478,0.6827885887020593,0.8377742946708464
105,12,42,11,8,0.7397260273972602,0.6962264150943396,0.7924528301886793,0.6,0.8155339805825242,0.6,0.7924528301886793,0.5581395348837209,0.6868367577331226,0.7971698113207547
106,23,28,13,9,0.6986301369863014,0.7008384146341464,0.6829268292682927,0.71875,0.717948717948718,0.71875,0.6829268292682927,0.6764705882352942,0.697209653092006,0.8064024390243902
107,12,39,11,11,0.6986301369863014,0.6508695652173913,0.78,0.5217391304347826,0.78,0.5217391304347826,0.78,0.5217391304347826,0.6508695652173913,0.7773913043478261
108,20,34,10,9,0.7397260273972602,0.7311912225705329,0.7727272727272727,0.6896551724137931,0.7816091954022989,0.6896551724137931,0.7727272727272727,0.6779661016949152,0.729787648548607,0.835423197492163
109,21,42,7,3,0.863013698630137,0.8660714285714286,0.8571428571428571,0.875,0.8936170212765957,0.875,0.8571428571428571,0.8076923076923077,0.8506546644844517,0.9413265306122449
110,27,30,9,7,0.7808219178082192,0.7816742081447964,0.7692307692307693,0.7941176470588235,0.7894736842105263,0.7941176470588235,0.7692307692307693,0.7714285714285715,0.780451127819549,0.8831070889894419
111,19,35,15,4,0.7397260273972602,0.7630434782608695,0.7,0.8260869565217391,0.7865168539325843,0.8260869565217391,0.7,0.6666666666666666,0.7265917602996255,0.8408695652173912
112,26,34,8,5,0.821917808219178,0.8241167434715821,0.8095238095238095,0.8387096774193549,0.8395061728395061,0.8387096774193549,0.8095238095238095,0.8,0.8197530864197531,0.9170506912442395
113,21,37,7,8,0.7945205479452054,0.7825235109717869,0.8409090909090909,0.7241379310344828,0.8314606741573034,0.7241379310344828,0.8409090909090909,0.7368421052631579,0.7841513897102306,0.8910658307210032
114,20,37,11,5,0.7808219178082192,0.7854166666666667,0.7708333333333334,0.8,0.8222222222222222,0.8,0.7708333333333334,0.7142857142857143,0.7682539682539682,0.8675
115,19,29,10,15,0.6575342465753424,0.6512066365007542,0.7435897435897436,0.5588235294117647,0.6987951807228916,0.5588235294117647,0.7435897435897436,0.6031746031746031,0.6509848919487473,0.6787330316742082
116,11,36,16,10,0.6438356164383562,0.6080586080586081,0.6923076923076923,0.5238095238095238,0.7346938775510204,0.5238095238095238,0.6923076923076923,0.4583333333333333,0.5965136054421769,0.6822344322344323
117,25,29,11,8,0.7397260273972602,0.7412878787878787,0.725,0.7575757575757576,0.7532467532467533,0.7575757575757576,0.725,0.7246376811594203,0.7389422172030868,0.818939393939394
118,23,29,14,7,0.7123287671232876,0.7205426356589147,0.6744186046511628,0.7666666666666667,0.7341772151898734,0.7666666666666667,0.6744186046511628,0.6865671641791045,0.710372189684489,0.8372093023255814
119,18,43,7,5,0.8356164383561644,0.821304347826087,0.86,0.782608695652174,0.8775510204081632,0.782608695652174,0.86,0.75,0.8137755102040816,0.9130434782608696
120,19,32,11,11,0.6986301369863014,0.6887596899224806,0.7441860465116279,0.6333333333333333,0.7441860465116279,0.6333333333333333,0.7441860465116279,0.6333333333333333,0.6887596899224806,0.7643410852713178
121,15,38,12,8,0.726027397260274,0.7060869565217391,0.76,0.6521739130434783,0.7916666666666666,0.6521739130434783,0.76,0.6,0.6958333333333333,0.7791304347826087
122,20,34,5,14,0.7397260273972602,0.7300150829562595,0.8717948717948718,0.5882352941176471,0.7816091954022989,0.5882352941176471,0.8717948717948718,0.6779661016949152,0.729787648548607,0.8205128205128205
123,18,32,15,8,0.684931506849315,0.6865793780687397,0.6808510638297872,0.6923076923076923,0.735632183908046,0.6923076923076923,0.6808510638297872,0.6101694915254238,0.6729008377167349,0.7741407528641572
124,13,40,13,7,0.726027397260274,0.7023584905660378,0.7547169811320755,0.65,0.8,0.65,0.7547169811320755,0.5652173913043478,0.682608695652174,0.8207547169811321
125,19,37,12,5,0.7671232876712328,0.7733843537414966,0.7551020408163265,0.7916666666666666,0.8131868131868132,0.7916666666666666,0.7551020408163265,0.6909090909090909,0.752047952047952,0.858843537414966
126,15,40,11,7,0.7534246575342466,0.7330659536541889,0.7843137254901961,0.6818181818181818,0.8163265306122449,0.6818181818181818,0.7843137254901961,0.625,0.7206632653061225,0.8065953654188949
127,28,29,8,8,0.7808219178082192,0.7807807807807807,0.7837837837837838,0.7777777777777778,0.7837837837837838,0.7777777777777778,0.7837837837837838,0.7777777777777778,0.7807807807807807,0.8971471471471473
128,25,28,9,11,0.726027397260274,0.7256006006006006,0.7567567567567568,0.6944444444444444,0.7368421052631579,0.6944444444444444,0.7567567567567568,0.7142857142857143,0.7255639097744361,0.8776276276276276
129,19,31,14,9,0.684931506849315,0.6837301587301587,0.6888888888888889,0.6785714285714286,0.7294117647058823,0.6785714285714286,0.6888888888888889,0.6229508196721312,0.6761812921890067,0.7531746031746032
130,14,33,13,13,0.6438356164383562,0.6179549114331723,0.717391304347826,0.5185185185185185,0.717391304347826,0.5185185185185185,0.717391304347826,0.5185185185185185,0.6179549114331723,0.7479871175523349
131,25,37,8,3,0.8493150684931506,0.8575396825396826,0.8222222222222222,0.8928571428571429,0.8705882352941177,0.8928571428571429,0.8222222222222222,0.819672131147541,0.8451301832208293,0.9095238095238094
132,18,35,13,7,0.726027397260274,0.7245833333333334,0.7291666666666666,0.72,0.7777777777777778,0.72,0.7291666666666666,0.6428571428571429,0.7103174603174603,0.8391666666666667
133,16,40,9,8,0.7671232876712328,0.7414965986394557,0.8163265306122449,0.6666666666666666,0.8247422680412371,0.6666666666666666,0.8163265306122449,0.6530612244897959,0.7389017462655165,0.842687074829932
134,19,35,12,7,0.7397260273972602,0.7377250409165302,0.7446808510638298,0.7307692307692307,0.7865168539325843,0.7307692307692307,0.7446808510638298,0.6666666666666666,0.7265917602996255,0.8592471358428805
135,25,37,10,1,0.8493150684931506,0.8743862520458265,0.7872340425531915,0.9615384615384616,0.8705882352941177,0.9615384615384616,0.7872340425531915,0.819672131147541,0.8451301832208293,0.9288052373158755
136,17,40,11,5,0.7808219178082192,0.7785204991087344,0.7843137254901961,0.7727272727272727,0.8333333333333334,0.7727272727272727,0.7843137254901961,0.68,0.7566666666666667,0.8600713012477719
137,18,37,10,8,0.7534246575342466,0.739770867430442,0.7872340425531915,0.6923076923076923,0.8043478260869565,0.6923076923076923,0.7872340425531915,0.6666666666666666,0.7355072463768115,0.8150572831423896
138,18,38,13,4,0.7671232876712328,0.7816399286987523,0.7450980392156863,0.8181818181818182,0.8172043010752689,0.8181818181818182,0.7450980392156863,0.6792452830188679,0.7482247920470684,0.8458110516934046
139,17,40,12,4,0.7808219178082192,0.7893772893772895,0.7692307692307693,0.8095238095238095,0.8333333333333334,0.8095238095238095,0.7692307692307693,0.68,0.7566666666666667,0.9029304029304029
140,13,37,11,12,0.684931506849315,0.6454166666666667,0.7708333333333334,0.52,0.7628865979381443,0.52,0.7708333333333334,0.5306122448979592,0.6467494214180518,0.7608333333333334
141,21,35,11,6,0.7671232876712328,0.7693236714975846,0.7608695652173914,0.7777777777777778,0.8045977011494253,0.7777777777777778,0.7608695652173914,0.711864406779661,0.7582310539645432,0.8446054750402576
142,19,33,11,10,0.7123287671232876,0.7025862068965517,0.75,0.6551724137931034,0.7586206896551724,0.6551724137931034,0.75,0.6440677966101694,0.7013442431326709,0.8221003134796238
143,20,34,11,8,0.7397260273972602,0.734920634920635,0.7555555555555555,0.7142857142857143,0.7816091954022989,0.7142857142857143,0.7555555555555555,0.6779661016949152,0.729787648548607,0.846031746031746
144,19,39,9,6,0.7945205479452054,0.78625,0.8125,0.76,0.8387096774193549,0.76,0.8125,0.7169811320754716,0.7778454047474133,0.8983333333333334
145,10,43,11,9,0.726027397260274,0.6613060428849902,0.7962962962962963,0.5263157894736842,0.8113207547169812,0.5263157894736842,0.7962962962962963,0.5,0.6556603773584906,0.8099415204678363
146,21,36,8,8,0.7808219178082192,0.7711598746081505,0.8181818181818182,0.7241379310344828,0.8181818181818182,0.7241379310344828,0.8181818181818182,0.7241379310344828,0.7711598746081505,0.8832288401253919
147,22,28,13,10,0.684931506849315,0.6852134146341464,0.6829268292682927,0.6875,0.7088607594936709,0.6875,0.6829268292682927,0.6567164179104478,0.6827885887020593,0.8132621951219512
148,18,33,10,12,0.6986301369863014,0.6837209302325582,0.7674418604651163,0.6,0.75,0.6,0.7674418604651163,0.6206896551724138,0.6853448275862069,0.844186046511628
149,15,34,13,11,0.6712328767123288,0.650163666121113,0.723404255319149,0.5769230769230769,0.7391304347826086,0.5769230769230769,0.723404255319149,0.5555555555555556,0.6473429951690821,0.7757774140752864
150,23,37,7,6,0.821917808219178,0.8170062695924765,0.8409090909090909,0.7931034482758621,0.8505747126436781,0.7931034482758621,0.8409090909090909,0.7796610169491526,0.8151178647964153,0.8550156739811913
151,16,43,7,7,0.8082191780821918,0.7778260869565217,0.86,0.6956521739130435,0.86,0.6956521739130435,0.86,0.6956521739130435,0.7778260869565217,0.8817391304347826
152,11,43,12,7,0.7397260273972602,0.6964646464646465,0.7818181818181819,0.6111111111111112,0.819047619047619,0.6111111111111112,0.7818181818181819,0.5365853658536586,0.6778164924506388,0.8020202020202021
153,25,30,13,5,0.7534246575342466,0.7655038759689923,0.6976744186046512,0.8333333333333334,0.7692307692307693,0.8333333333333334,0.6976744186046512,0.7352941176470589,0.752262443438914,0.8480620155038759
154,19,39,10,5,0.7945205479452054,0.7937925170068028,0.7959183673469388,0.7916666666666666,0.8387096774193549,0.7916666666666666,0.7959183673469388,0.7169811320754716,0.7778454047474133,0.8869047619047619
155,23,31,10,9,0.7397260273972602,0.7374237804878049,0.7560975609756098,0.71875,0.7654320987654321,0.71875,0.7560975609756098,0.7076923076923077,0.7365622032288699,0.8704268292682926
156,13,37,12,11,0.684931506849315,0.6483843537414966,0.7551020408163265,0.5416666666666666,0.7628865979381443,0.5416666666666666,0.7551020408163265,0.5306122448979592,0.6467494214180518,0.7593537414965986
157,15,42,8,8,0.7808219178082192,0.7460869565217392,0.84,0.6521739130434783,0.84,0.6521739130434783,0.84,0.6521739130434783,0.7460869565217392,0.8347826086956521
158,18,32,16,7,0.684931506849315,0.6933333333333334,0.6666666666666666,0.72,0.735632183908046,0.72,0.6666666666666666,0.6101694915254238,0.6729008377167349,0.8291666666666667
159,20,30,13,10,0.684931506849315,0.6821705426356589,0.6976744186046512,0.6666666666666666,0.7228915662650602,0.6666666666666666,0.6976744186046512,0.6349206349206349,0.6789061005928476,0.8
160,24,27,13,9,0.6986301369863014,0.7011363636363637,0.675,0.7272727272727273,0.7105263157894737,0.7272727272727273,0.675,0.6857142857142857,0.6981203007518797,0.831060606060606
161,16,37,16,4,0.726027397260274,0.7490566037735849,0.6981132075471698,0.8,0.7872340425531915,0.8,0.6981132075471698,0.6153846153846154,0.7013093289689034,0.840566037735849
162,21,34,10,8,0.7534246575342466,0.7484326018808778,0.7727272727272727,0.7241379310344828,0.7906976744186046,0.7241379310344828,0.7727272727272727,0.7,0.7453488372093022,0.8189655172413793
163,10,50,11,2,0.821917808219178,0.8265027322404372,0.819672131147541,0.8333333333333334,0.8849557522123894,0.8333333333333334,0.819672131147541,0.6060606060606061,0.7455081791364977,0.9234972677595629
164,13,34,15,11,0.6438356164383562,0.6177721088435374,0.6938775510204082,0.5416666666666666,0.723404255319149,0.5416666666666666,0.6938775510204082,0.5,0.6117021276595744,0.8086734693877551
165,22,32,11,8,0.7397260273972602,0.7387596899224806,0.7441860465116279,0.7333333333333333,0.7710843373493976,0.7333333333333333,0.7441860465116279,0.6984126984126984,0.734748517881048,0.8589147286821706
166,17,38,12,6,0.7534246575342466,0.7495652173913043,0.76,0.7391304347826086,0.8085106382978723,0.7391304347826086,0.76,0.6538461538461539,0.7311783960720131,0.8565217391304347
167,20,33,13,7,0.726027397260274,0.7290660225442833,0.717391304347826,0.7407407407407407,0.7674418604651163,0.7407407407407407,0.717391304347826,0.6666666666666666,0.7170542635658914,0.8123993558776167
168,18,34,10,11,0.7123287671232876,0.6967084639498433,0.7727272727272727,0.6206896551724138,0.7640449438202247,0.6206896551724138,0.7727272727272727,0.631578947368421,0.6978119455943228,0.822884012539185
169,22,35,9,7,0.7808219178082192,0.7770376175548589,0.7954545454545454,0.7586206896551724,0.813953488372093,0.7586206896551724,0.7954545454545454,0.7333333333333333,0.7736434108527132,0.8346394984326019
170,14,39,16,4,0.726027397260274,0.7434343434343434,0.7090909090909091,0.7777777777777778,0.7959183673469388,0.7777777777777778,0.7090909090909091,0.5833333333333334,0.689625850340136,0.805050505050505
171,16,36,9,12,0.7123287671232876,0.6857142857142857,0.8,0.5714285714285714,0.7741935483870968,0.5714285714285714,0.8,0.6037735849056604,0.6889835666463786,0.780952380952381
172,20,36,13,4,0.7671232876712328,0.7840136054421769,0.7346938775510204,0.8333333333333334,0.8089887640449438,0.8333333333333334,0.7346938775510204,0.7017543859649122,0.755371575004928,0.8707482993197279
173,19,38,13,3,0.7808219178082192,0.804367201426025,0.7450980392156863,0.8636363636363636,0.8260869565217391,0.8636363636363636,0.7450980392156863,0.7037037037037037,0.7648953301127215,0.8966131907308378
174,19,36,11,7,0.7534246575342466,0.7483633387888706,0.7659574468085106,0.7307692307692307,0.8,0.7307692307692307,0.7659574468085106,0.6785714285714286,0.7392857142857143,0.897708674304419
175,20,37,9,7,0.7808219178082192,0.7725442834138486,0.8043478260869565,0.7407407407407407,0.8222222222222222,0.7407407407407407,0.8043478260869565,0.7142857142857143,0.7682539682539682,0.8776167471819646
176,20,31,14,8,0.6986301369863014,0.7015873015873015,0.6888888888888889,0.7142857142857143,0.7380952380952381,0.7142857142857143,0.6888888888888889,0.6451612903225806,0.6916282642089093,0.796031746031746
177,16,38,13,6,0.7397260273972602,0.7361853832442068,0.7450980392156863,0.7272727272727273,0.8,0.7272727272727273,0.7450980392156863,0.6274509803921569,0.7137254901960784,0.7941176470588235
178,18,36,9,10,0.7397260273972602,0.7214285714285715,0.8,0.6428571428571429,0.7912087912087912,0.6428571428571429,0.8,0.6545454545454545,0.7228771228771229,0.7896825396825398
179,20,35,15,3,0.7534246575342466,0.7847826086956522,0.7,0.8695652173913043,0.7954545454545454,0.8695652173913043,0.7,0.6896551724137931,0.7425548589341693,0.8756521739130436
180,17,39,10,7,0.7671232876712328,0.752125850340136,0.7959183673469388,0.7083333333333334,0.8210526315789474,0.7083333333333334,0.7959183673469388,0.6666666666666666,0.743859649122807,0.8052721088435375
181,18,32,15,8,0.684931506849315,0.6865793780687397,0.6808510638297872,0.6923076923076923,0.735632183908046,0.6923076923076923,0.6808510638297872,0.6101694915254238,0.6729008377167349,0.7937806873977087
182,23,38,11,1,0.8356164383561644,0.866921768707483,0.7755102040816326,0.9583333333333334,0.8636363636363636,0.9583333333333334,0.7755102040816326,0.7931034482758621,0.8283699059561129,0.9209183673469389
183,16,39,11,7,0.7534246575342466,0.7378260869565217,0.78,0.6956521739130435,0.8125,0.6956521739130435,0.78,0.64,0.7262500000000001,0.8669565217391304
184,19,37,11,6,0.7671232876712328,0.7654166666666666,0.7708333333333334,0.76,0.8131868131868132,0.76,0.7708333333333334,0.6909090909090909,0.752047952047952,0.8416666666666667
185,19,35,12,7,0.7397260273972602,0.7377250409165302,0.7446808510638298,0.7307692307692307,0.7865168539325843,0.7307692307692307,0.7446808510638298,0.6666666666666666,0.7265917602996255,0.8322422258592471
186,18,34,16,5,0.7123287671232876,0.731304347826087,0.68,0.782608695652174,0.7640449438202247,0.782608695652174,0.68,0.631578947368421,0.6978119455943228,0.8521739130434782
187,18,37,12,6,0.7534246575342466,0.7525510204081632,0.7551020408163265,0.75,0.8043478260869565,0.75,0.7551020408163265,0.6666666666666666,0.7355072463768115,0.8596938775510203
188,26,31,10,6,0.7808219178082192,0.7842987804878049,0.7560975609756098,0.8125,0.7948717948717948,0.8125,0.7560975609756098,0.7647058823529411,0.7797888386123679,0.8833841463414633
189,18,34,18,3,0.7123287671232876,0.7554945054945055,0.6538461538461539,0.8571428571428571,0.7640449438202247,0.8571428571428571,0.6538461538461539,0.631578947368421,0.6978119455943228,0.868131868131868
190,11,31,21,10,0.5753424657534246,0.559981684981685,0.5961538461538461,0.5238095238095238,0.6666666666666666,0.5238095238095238,0.5961538461538461,0.41509433962264153,0.5408805031446541,0.6996336996336997
191,26,36,6,5,0.8493150684931506,0.847926267281106,0.8571428571428571,0.8387096774193549,0.8674698795180723,0.8387096774193549,0.8571428571428571,0.8253968253968254,0.8464333524574488,0.923963133640553
192,19,33,11,10,0.7123287671232876,0.7025862068965517,0.75,0.6551724137931034,0.7586206896551724,0.6551724137931034,0.75,0.6440677966101694,0.7013442431326709,0.8244514106583072
193,22,35,11,5,0.7808219178082192,0.787842190016103,0.7608695652173914,0.8148148148148148,0.813953488372093,0.8148148148148148,0.7608695652173914,0.7333333333333333,0.7736434108527132,0.8478260869565216
194,21,34,14,4,0.7534246575342466,0.7741666666666667,0.7083333333333334,0.84,0.7906976744186046,0.84,0.7083333333333334,0.7,0.7453488372093022,0.8716666666666667
195,22,30,13,8,0.7123287671232876,0.7155038759689922,0.6976744186046512,0.7333333333333333,0.7407407407407407,0.7333333333333333,0.6976744186046512,0.676923076923077,0.7088319088319088,0.8310077519379845
196,20,26,15,12,0.6301369863013698,0.6295731707317074,0.6341463414634146,0.625,0.6582278481012658,0.625,0.6341463414634146,0.5970149253731343,0.6276213867372,0.7202743902439025
197,17,39,7,10,0.7671232876712328,0.7387278582930756,0.8478260869565217,0.6296296296296297,0.8210526315789474,0.6296296296296297,0.8478260869565217,0.6666666666666666,0.743859649122807,0.826086956521739
198,14,45,6,8,0.8082191780821918,0.7593582887700534,0.8823529411764706,0.6363636363636364,0.8653846153846154,0.6363636363636364,0.8823529411764706,0.6666666666666666,0.766025641025641,0.8939393939393939
199,20,35,11,7,0.7534246575342466,0.750805152979066,0.7608695652173914,0.7407407407407407,0.7954545454545454,0.7407407407407407,0.7608695652173914,0.6896551724137931,0.7425548589341693,0.8454106280193237
200,21,35,11,6,0.7671232876712328,0.7693236714975846,0.7608695652173914,0.7777777777777778,0.8045977011494253,0.7777777777777778,0.7608695652173914,0.711864406779661,0.7582310539645432,0.8429951690821257
201,19,31,14,9,0.684931506849315,0.6837301587301587,0.6888888888888889,0.6785714285714286,0.7294117647058823,0.6785714285714286,0.6888888888888889,0.6229508196721312,0.6761812921890067,0.7952380952380953
202,20,27,17,9,0.6438356164383562,0.6516457680250785,0.6136363636363636,0.6896551724137931,0.675,0.6896551724137931,0.6136363636363636,0.6060606060606061,0.6405303030303031,0.7907523510971787
203,23,37,9,4,0.821917808219178,0.8280998389694042,0.8043478260869565,0.8518518518518519,0.8505747126436781,0.8518518518518519,0.8043478260869565,0.7796610169491526,0.8151178647964153,0.8784219001610306
204,18,36,14,5,0.7397260273972602,0.751304347826087,0.72,0.782608695652174,0.7912087912087912,0.782608695652174,0.72,0.6545454545454545,0.7228771228771229,0.8860869565217392
205,21,36,10,6,0.7808219178082192,0.7801932367149759,0.782608695652174,0.7777777777777778,0.8181818181818182,0.7777777777777778,0.782608695652174,0.7241379310344828,0.7711598746081505,0.8429951690821257
206,19,31,11,12,0.684931506849315,0.6754992319508448,0.7380952380952381,0.6129032258064516,0.7294117647058823,0.6129032258064516,0.7380952380952381,0.6229508196721312,0.6761812921890067,0.7933947772657449
207,25,29,12,7,0.7397260273972602,0.7442835365853658,0.7073170731707317,0.78125,0.7532467532467533,0.78125,0.7073170731707317,0.7246376811594203,0.7389422172030868,0.8734756097560975
208,19,40,10,4,0.8082191780821918,0.8130434782608695,0.8,0.8260869565217391,0.851063829787234,0.8260869565217391,0.8,0.7307692307692307,0.7909165302782324,0.8695652173913044
209,16,35,11,11,0.6986301369863014,0.676731078904992,0.7608695652173914,0.5925925925925926,0.7608695652173914,0.5925925925925926,0.7608695652173914,0.5925925925925926,0.676731078904992,0.8349436392914653
210,23,36,8,6,0.8082191780821918,0.8056426332288402,0.8181818181818182,0.7931034482758621,0.8372093023255814,0.7931034482758621,0.8181818181818182,0.7666666666666667,0.8019379844961241,0.8934169278996865
211,20,41,8,4,0.8356164383561644,0.8350340136054422,0.8367346938775511,0.8333333333333334,0.8723404255319149,0.8333333333333334,0.8367346938775511,0.7692307692307693,0.820785597381342,0.8886054421768708
212,22,33,14,4,0.7534246575342466,0.7741407528641571,0.7021276595744681,0.8461538461538461,0.7857142857142857,0.8461538461538461,0.7021276595744681,0.7096774193548387,0.7476958525345623,0.8854337152209492
213,16,35,13,9,0.6986301369863014,0.6845833333333333,0.7291666666666666,0.64,0.7608695652173914,0.64,0.7291666666666666,0.5925925925925926,0.676731078904992,0.7908333333333334
214,17,34,11,11,0.6986301369863014,0.6813492063492064,0.7555555555555555,0.6071428571428571,0.7555555555555555,0.6071428571428571,0.7555555555555555,0.6071428571428571,0.6813492063492064,0.7952380952380953
215,19,37,8,9,0.7671232876712328,0.7503968253968254,0.8222222222222222,0.6785714285714286,0.8131868131868132,0.6785714285714286,0.8222222222222222,0.6909090909090909,0.752047952047952,0.857936507936508
216,20,32,15,6,0.7123287671232876,0.7250409165302782,0.6808510638297872,0.7692307692307693,0.7529411764705882,0.7692307692307693,0.6808510638297872,0.6557377049180327,0.7043394406943104,0.8355155482815058
217,14,32,16,11,0.6301369863013698,0.6133333333333333,0.6666666666666666,0.56,0.7032967032967034,0.56,0.6666666666666666,0.509090909090909,0.6061938061938061,0.7
218,21,36,10,6,0.7808219178082192,0.7801932367149759,0.782608695652174,0.7777777777777778,0.8181818181818182,0.7777777777777778,0.782608695652174,0.7241379310344828,0.7711598746081505,0.8478260869565217
219,21,38,10,4,0.8082191780821918,0.8158333333333333,0.7916666666666666,0.84,0.8444444444444444,0.84,0.7916666666666666,0.75,0.7972222222222223,0.8608333333333335
220,17,32,17,7,0.6712328767123288,0.6806972789115646,0.6530612244897959,0.7083333333333334,0.7272727272727273,0.7083333333333334,0.6530612244897959,0.5862068965517241,0.6567398119122256,0.7729591836734694
221,19,32,12,10,0.6986301369863014,0.6912225705329154,0.7272727272727273,0.6551724137931034,0.7441860465116279,0.6551724137931034,0.7272727272727273,0.6333333333333333,0.6887596899224806,0.79858934169279
222,9,46,12,6,0.7534246575342466,0.6965517241379311,0.7931034482758621,0.6,0.8363636363636363,0.6,0.7931034482758621,0.5,0.6681818181818182,0.7954022988505747
223,21,32,12,8,0.726027397260274,0.7257053291536051,0.7272727272727273,0.7241379310344828,0.7619047619047619,0.7241379310344828,0.7272727272727273,0.6774193548387096,0.7196620583717357,0.8612852664576803
224,21,30,15,7,0.6986301369863014,0.7083333333333333,0.6666666666666666,0.75,0.7317073170731707,0.75,0.6666666666666666,0.65625,0.6939786585365854,0.8603174603174604
225,21,30,15,7,0.6986301369863014,0.7083333333333333,0.6666666666666666,0.75,0.7317073170731707,0.75,0.6666666666666666,0.65625,0.6939786585365854,0.7984126984126985
226,22,32,9,10,0.7397260273972602,0.7339939024390244,0.7804878048780488,0.6875,0.7710843373493976,0.6875,0.7804878048780488,0.6984126984126984,0.734748517881048,0.8346036585365854
227,19,28,16,10,0.6438356164383562,0.64576802507837,0.6363636363636364,0.6551724137931034,0.6829268292682927,0.6551724137931034,0.6363636363636364,0.59375,0.6383384146341464,0.7836990595611284
228,17,37,10,9,0.7397260273972602,0.7205400981996727,0.7872340425531915,0.6538461538461539,0.7956989247311828,0.6538461538461539,0.7872340425531915,0.6415094339622641,0.7186041793467235,0.8273322422258593
229,20,37,10,6,0.7808219178082192,0.7782324058919804,0.7872340425531915,0.7692307692307693,0.8222222222222222,0.7692307692307693,0.7872340425531915,0.7142857142857143,0.7682539682539682,0.8698854337152209
230,19,36,12,6,0.7534246575342466,0.755,0.75,0.76,0.8,0.76,0.75,0.6785714285714286,0.7392857142857143,0.8283333333333334
231,28,22,17,6,0.684931506849315,0.693815987933635,0.5641025641025641,0.8235294117647058,0.6567164179104478,0.8235294117647058,0.5641025641025641,0.7088607594936709,0.6827885887020593,0.8687782805429863
232,24,36,8,5,0.821917808219178,0.822884012539185,0.8181818181818182,0.8275862068965517,0.8470588235294118,0.8275862068965517,0.8181818181818182,0.7868852459016393,0.8169720347155256,0.9122257053291536
233,22,28,13,10,0.684931506849315,0.6852134146341464,0.6829268292682927,0.6875,0.7088607594936709,0.6875,0.6829268292682927,0.6567164179104478,0.6827885887020593,0.8323170731707317
234,14,39,13,7,0.726027397260274,0.7083333333333333,0.75,0.6666666666666666,0.7959183673469388,0.6666666666666666,0.75,0.5833333333333334,0.689625850340136,0.7573260073260073
235,26,29,11,7,0.7534246575342466,0.7564393939393939,0.725,0.7878787878787878,0.7631578947368421,0.7878787878787878,0.725,0.7428571428571429,0.7530075187969925,0.8401515151515151
236,19,37,13,4,0.7671232876712328,0.7830434782608695,0.74,0.8260869565217391,0.8131868131868132,0.8260869565217391,0.74,0.6909090909090909,0.752047952047952,0.8565217391304348
237,20,33,16,4,0.726027397260274,0.7534013605442177,0.673469387755102,0.8333333333333334,0.7674418604651163,0.8333333333333334,0.673469387755102,0.6666666666666666,0.7170542635658914,0.8333333333333334
238,19,35,11,8,0.7397260273972602,0.7322866344605475,0.7608695652173914,0.7037037037037037,0.7865168539325843,0.7037037037037037,0.7608695652173914,0.6666666666666666,0.7265917602996255,0.8333333333333333
239,19,37,12,5,0.7671232876712328,0.7733843537414966,0.7551020408163265,0.7916666666666666,0.8131868131868132,0.7916666666666666,0.7551020408163265,0.6909090909090909,0.752047952047952,0.8588435374149661
240,20,35,11,7,0.7534246575342466,0.750805152979066,0.7608695652173914,0.7407407407407407,0.7954545454545454,0.7407407407407407,0.7608695652173914,0.6896551724137931,0.7425548589341693,0.8574879227053139
241,22,35,13,3,0.7808219178082192,0.8045833333333333,0.7291666666666666,0.88,0.813953488372093,0.88,0.7291666666666666,0.7333333333333333,0.7736434108527132,0.9233333333333333
242,13,43,10,7,0.7671232876712328,0.7306603773584905,0.8113207547169812,0.65,0.8349514563106796,0.65,0.8113207547169812,0.6046511627906976,0.7198013095506886,0.8273584905660377
243,25,31,7,10,0.7671232876712328,0.7650375939849624,0.8157894736842105,0.7142857142857143,0.7848101265822784,0.7142857142857143,0.8157894736842105,0.746268656716418,0.7655393916493483,0.8842105263157894
244,24,32,11,6,0.7671232876712328,0.772093023255814,0.7441860465116279,0.8,0.7901234567901234,0.8,0.7441860465116279,0.7384615384615385,0.764292497625831,0.851937984496124
245,12,38,12,11,0.684931506849315,0.6408695652173912,0.76,0.5217391304347826,0.7676767676767676,0.5217391304347826,0.76,0.5106382978723404,0.639157532774554,0.7582608695652173
246,21,28,13,11,0.6712328767123288,0.6695884146341464,0.6829268292682927,0.65625,0.7,0.65625,0.6829268292682927,0.6363636363636364,0.6681818181818182,0.8079268292682926
247,17,33,14,9,0.684931506849315,0.677986906710311,0.7021276595744681,0.6538461538461539,0.7415730337078652,0.6538461538461539,0.7021276595744681,0.5964912280701754,0.6690321308890204,0.820785597381342
248,17,41,6,9,0.7945205479452054,0.7630932896890343,0.8723404255319149,0.6538461538461539,0.845360824742268,0.6538461538461539,0.8723404255319149,0.6938775510204082,0.7696191878813381,0.8584288052373159
249,24,30,14,5,0.7397260273972602,0.7547021943573667,0.6818181818181818,0.8275862068965517,0.759493670886076,0.8275862068965517,0.6818181818181818,0.7164179104477612,0.7379557906669185,0.8973354231974922
250,12,41,11,9,0.726027397260274,0.679945054945055,0.7884615384615384,0.5714285714285714,0.803921568627451,0.5714285714285714,0.7884615384615384,0.5454545454545454,0.6746880570409982,0.8186813186813187
251,17,40,10,6,0.7808219178082192,0.7695652173913043,0.8,0.7391304347826086,0.8333333333333334,0.7391304347826086,0.8,0.68,0.7566666666666667,0.8573913043478261
252,20,29,16,8,0.6712328767123288,0.6793650793650794,0.6444444444444445,0.7142857142857143,0.7073170731707317,0.7142857142857143,0.6444444444444445,0.625,0.6661585365853658,0.8158730158730159
253,15,38,12,8,0.726027397260274,0.7060869565217391,0.76,0.6521739130434783,0.7916666666666666,0.6521739130434783,0.76,0.6,0.6958333333333333,0.7756521739130435
254,18,35,10,10,0.726027397260274,0.7103174603174603,0.7777777777777778,0.6428571428571429,0.7777777777777778,0.6428571428571429,0.7777777777777778,0.6428571428571429,0.7103174603174603,0.846031746031746
255,23,39,9,2,0.8493150684931506,0.86625,0.8125,0.92,0.8764044943820225,0.92,0.8125,0.8070175438596491,0.8417110191208358,0.95
256,19,35,12,7,0.7397260273972602,0.7377250409165302,0.7446808510638298,0.7307692307692307,0.7865168539325843,0.7307692307692307,0.7446808510638298,0.6666666666666666,0.7265917602996255,0.8821603927986905
257,29,29,7,8,0.7945205479452054,0.7946696696696697,0.8055555555555556,0.7837837837837838,0.7945205479452054,0.7837837837837838,0.8055555555555556,0.7945205479452054,0.7945205479452054,0.8783783783783783
258,18,32,16,7,0.684931506849315,0.6933333333333334,0.6666666666666666,0.72,0.735632183908046,0.72,0.6666666666666666,0.6101694915254238,0.6729008377167349,0.7916666666666666
259,19,30,15,9,0.6712328767123288,0.6726190476190477,0.6666666666666666,0.6785714285714286,0.7142857142857143,0.6785714285714286,0.6666666666666666,0.6129032258064516,0.663594470046083,0.7873015873015874
260,15,32,19,7,0.6438356164383562,0.6546345811051693,0.6274509803921569,0.6818181818181818,0.7111111111111111,0.6818181818181818,0.6274509803921569,0.5357142857142857,0.6234126984126984,0.7905525846702317
261,18,35,14,6,0.726027397260274,0.7321428571428572,0.7142857142857143,0.75,0.7777777777777778,0.75,0.7142857142857143,0.6428571428571429,0.7103174603174603,0.8562925170068026
262,22,33,9,9,0.7534246575342466,0.7476958525345623,0.7857142857142857,0.7096774193548387,0.7857142857142857,0.7096774193548387,0.7857142857142857,0.7096774193548387,0.7476958525345623,0.8579109062980032
263,15,40,10,8,0.7534246575342466,0.7260869565217392,0.8,0.6521739130434783,0.8163265306122449,0.6521739130434783,0.8,0.625,0.7206632653061225,0.8147826086956521
264,18,29,13,13,0.6438356164383562,0.6355606758832566,0.6904761904761905,0.5806451612903226,0.6904761904761905,0.5806451612903226,0.6904761904761905,0.5806451612903226,0.6355606758832566,0.76036866359447
265,22,39,5,7,0.8356164383561644,0.8224921630094044,0.8863636363636364,0.7586206896551724,0.8666666666666667,0.7586206896551724,0.8863636363636364,0.7857142857142857,0.8261904761904761,0.8973354231974922
266,19,41,7,6,0.821917808219178,0.8070833333333334,0.8541666666666666,0.76,0.8631578947368421,0.76,0.8541666666666666,0.7450980392156863,0.8041279669762642,0.8683333333333333
267,19,37,11,6,0.7671232876712328,0.7654166666666666,0.7708333333333334,0.76,0.8131868131868132,0.76,0.7708333333333334,0.6909090909090909,0.752047952047952,0.8608333333333333
268,17,33,12,11,0.684931506849315,0.6702380952380952,0.7333333333333333,0.6071428571428571,0.7415730337078652,0.6071428571428571,0.7333333333333333,0.5964912280701754,0.6690321308890204,0.7738095238095238
269,17,37,8,11,0.7397260273972602,0.7146825396825396,0.8222222222222222,0.6071428571428571,0.7956989247311828,0.6071428571428571,0.8222222222222222,0.6415094339622641,0.7186041793467235,0.8357142857142856
270,16,29,19,9,0.6164383561643836,0.6220833333333333,0.6041666666666666,0.64,0.6744186046511628,0.64,0.6041666666666666,0.5333333333333333,0.603875968992248,0.7516666666666667
271,16,42,9,6,0.7945205479452054,0.7754010695187166,0.8235294117647058,0.7272727272727273,0.8484848484848485,0.7272727272727273,0.8235294117647058,0.6808510638297872,0.7646679561573179,0.8511586452762924
272,20,26,18,9,0.6301369863013698,0.640282131661442,0.5909090909090909,0.6896551724137931,0.6582278481012658,0.6896551724137931,0.5909090909090909,0.5970149253731343,0.6276213867372,0.7452978056426333
273,21,33,10,9,0.7397260273972602,0.7337209302325581,0.7674418604651163,0.7,0.7764705882352941,0.7,0.7674418604651163,0.6885245901639344,0.7324975891996143,0.8124031007751937
274,15,31,16,11,0.6301369863013698,0.6182487725040916,0.6595744680851063,0.5769230769230769,0.6966292134831461,0.5769230769230769,0.6595744680851063,0.5263157894736842,0.6114725014784151,0.7340425531914894
275,16,40,7,10,0.7671232876712328,0.7332242225859247,0.851063829787234,0.6153846153846154,0.8247422680412371,0.6153846153846154,0.851063829787234,0.6530612244897959,0.7389017462655165,0.8183306055646482
276,17,37,11,8,0.7397260273972602,0.7254166666666667,0.7708333333333334,0.68,0.7956989247311828,0.68,0.7708333333333334,0.6415094339622641,0.7186041793467235,0.8466666666666666
277,18,39,13,3,0.7808219178082192,0.8035714285714286,0.75,0.8571428571428571,0.8297872340425532,0.8571428571428571,0.75,0.6923076923076923,0.7610474631751227,0.9047619047619047
278,23,31,15,4,0.7397260273972602,0.7628824476650564,0.6739130434782609,0.8518518518518519,0.7654320987654321,0.8518518518518519,0.6739130434782609,0.7076923076923077,0.7365622032288699,0.8663446054750402
279,13,40,10,10,0.726027397260274,0.682608695652174,0.8,0.5652173913043478,0.8,0.5652173913043478,0.8,0.5652173913043478,0.682608695652174,0.7426086956521738
280,16,36,11,10,0.7123287671232876,0.690671031096563,0.7659574468085106,0.6153846153846154,0.7741935483870968,0.6153846153846154,0.7659574468085106,0.6037735849056604,0.6889835666463786,0.8387888707037644
281,15,42,9,7,0.7808219178082192,0.7526737967914439,0.8235294117647058,0.6818181818181818,0.84,0.6818181818181818,0.8235294117647058,0.6521739130434783,0.7460869565217392,0.8538324420677361
282,15,37,14,7,0.7123287671232876,0.7036541889483066,0.7254901960784313,0.6818181818181818,0.7789473684210526,0.6818181818181818,0.7254901960784313,0.5882352941176471,0.6835913312693498,0.7869875222816399
283,24,34,8,7,0.7945205479452054,0.7918586789554531,0.8095238095238095,0.7741935483870968,0.8192771084337349,0.7741935483870968,0.8095238095238095,0.7619047619047619,0.7905909351692484,0.8955453149001537
284,21,32,10,10,0.726027397260274,0.7196620583717357,0.7619047619047619,0.6774193548387096,0.7619047619047619,0.6774193548387096,0.7619047619047619,0.6774193548387096,0.7196620583717357,0.8218125960061444
285,21,31,17,4,0.7123287671232876,0.7429166666666667,0.6458333333333334,0.84,0.7469879518072289,0.84,0.6458333333333334,0.6666666666666666,0.7068273092369477,0.9
286,15,34,12,12,0.6712328767123288,0.6473429951690821,0.7391304347826086,0.5555555555555556,0.7391304347826086,0.5555555555555556,0.7391304347826086,0.5555555555555556,0.6473429951690821,0.7552334943639291
287,20,36,15,2,0.7671232876712328,0.8074866310160428,0.7058823529411765,0.9090909090909091,0.8089887640449438,0.9090909090909091,0.7058823529411765,0.7017543859649122,0.755371575004928,0.9135472370766489
288,20,41,8,4,0.8356164383561644,0.8350340136054422,0.8367346938775511,0.8333333333333334,0.8723404255319149,0.8333333333333334,0.8367346938775511,0.7692307692307693,0.820785597381342,0.8818027210884354
289,13,39,14,7,0.7123287671232876,0.6929245283018868,0.7358490566037735,0.65,0.7878787878787878,0.65,0.7358490566037735,0.5531914893617021,0.6705351386202449,0.8084905660377358
290,18,40,12,3,0.7945205479452054,0.8131868131868132,0.7692307692307693,0.8571428571428571,0.8421052631578947,0.8571428571428571,0.7692307692307693,0.7058823529411765,0.7739938080495357,0.8910256410256411
291,26,34,7,6,0.821917808219178,0.8208841463414633,0.8292682926829268,0.8125,0.8395061728395061,0.8125,0.8292682926829268,0.8,0.8197530864197531,0.9115853658536585
292,21,33,11,8,0.7397260273972602,0.7370689655172413,0.75,0.7241379310344828,0.7764705882352941,0.7241379310344828,0.75,0.6885245901639344,0.7324975891996143,0.8252351097178683
293,16,36,13,8,0.7123287671232876,0.7006802721088435,0.7346938775510204,0.6666666666666666,0.7741935483870968,0.6666666666666666,0.7346938775510204,0.6037735849056604,0.6889835666463786,0.7831632653061225
294,24,31,6,12,0.7534246575342466,0.7522522522522522,0.8378378378378378,0.6666666666666666,0.775,0.6666666666666666,0.8378378378378378,0.7272727272727273,0.7511363636363637,0.8468468468468469
295,22,33,9,9,0.7534246575342466,0.7476958525345623,0.7857142857142857,0.7096774193548387,0.7857142857142857,0.7096774193548387,0.7857142857142857,0.7096774193548387,0.7476958525345623,0.8440860215053764
296,11,32,18,12,0.589041095890411,0.5591304347826087,0.64,0.4782608695652174,0.6808510638297872,0.4782608695652174,0.64,0.4230769230769231,0.5519639934533551,0.688695652173913
297,16,36,10,11,0.7123287671232876,0.6876006441223832,0.782608695652174,0.5925925925925926,0.7741935483870968,0.5925925925925926,0.782608695652174,0.6037735849056604,0.6889835666463786,0.8397745571658616
298,13,44,12,4,0.7808219178082192,0.7752100840336134,0.7857142857142857,0.7647058823529411,0.8461538461538461,0.7647058823529411,0.7857142857142857,0.6190476190476191,0.7326007326007327,0.8623949579831933
299,21,36,12,4,0.7808219178082192,0.7949999999999999,0.75,0.84,0.8181818181818182,0.84,0.75,0.7241379310344828,0.7711598746081505,0.9075000000000001
300,16,32,15,10,0.6575342465753424,0.6481178396072014,0.6808510638297872,0.6153846153846154,0.7191011235955056,0.6153846153846154,0.6808510638297872,0.5614035087719298,0.6402523161837177,0.7340425531914894
301,13,40,15,5,0.726027397260274,0.7247474747474747,0.7272727272727273,0.7222222222222222,0.8,0.7222222222222222,0.7272727272727273,0.5652173913043478,0.682608695652174,0.8454545454545455
302,14,34,16,9,0.6575342465753424,0.6443478260869566,0.68,0.6086956521739131,0.7311827956989247,0.6086956521739131,0.68,0.5283018867924528,0.6297423412456888,0.7521739130434784
303,18,39,14,2,0.7808219178082192,0.8179245283018868,0.7358490566037735,0.9,0.8297872340425532,0.9,0.7358490566037735,0.6923076923076923,0.7610474631751227,0.9028301886792452
304,25,27,11,10,0.7123287671232876,0.7124060150375939,0.7105263157894737,0.7142857142857143,0.72,0.7142857142857143,0.7105263157894737,0.704225352112676,0.712112676056338,0.7774436090225564
305,20,37,9,7,0.7808219178082192,0.7725442834138486,0.8043478260869565,0.7407407407407407,0.8222222222222222,0.7407407407407407,0.8043478260869565,0.7142857142857143,0.7682539682539682,0.8832528180354268
306,18,35,15,5,0.726027397260274,0.741304347826087,0.7,0.782608695652174,0.7777777777777778,0.782608695652174,0.7,0.6428571428571429,0.7103174603174603,0.8417391304347825
307,14,31,17,11,0.6164383561643836,0.6029166666666668,0.6458333333333334,0.56,0.6888888888888889,0.56,0.6458333333333334,0.5,0.5944444444444444,0.7616666666666666
308,12,37,14,10,0.6712328767123288,0.6354723707664884,0.7254901960784313,0.5454545454545454,0.7551020408163265,0.5454545454545454,0.7254901960784313,0.5,0.6275510204081632,0.7932263814616756
309,17,41,11,4,0.7945205479452054,0.798992673992674,0.7884615384615384,0.8095238095238095,0.845360824742268,0.8095238095238095,0.7884615384615384,0.6938775510204082,0.7696191878813381,0.8836996336996337
310,22,30,17,4,0.7123287671232876,0.7422258592471358,0.6382978723404256,0.8461538461538461,0.7407407407407407,0.8461538461538461,0.6382978723404256,0.676923076923077,0.7088319088319088,0.8199672667757775
311,20,36,14,3,0.7671232876712328,0.7947826086956522,0.72,0.8695652173913043,0.8089887640449438,0.8695652173913043,0.72,0.7017543859649122,0.755371575004928,0.8739130434782608
312,15,37,13,8,0.7123287671232876,0.6960869565217391,0.74,0.6521739130434783,0.7789473684210526,0.6521739130434783,0.74,0.5882352941176471,0.6835913312693498,0.811304347826087
313,20,33,12,8,0.726027397260274,0.7238095238095238,0.7333333333333333,0.7142857142857143,0.7674418604651163,0.7142857142857143,0.7333333333333333,0.6666666666666666,0.7170542635658914,0.796031746031746
314,16,42,9,6,0.7945205479452054,0.7754010695187166,0.8235294117647058,0.7272727272727273,0.8484848484848485,0.7272727272727273,0.8235294117647058,0.6808510638297872,0.7646679561573179,0.8770053475935828
315,19,37,7,10,0.7671232876712328,0.7480407523510972,0.8409090909090909,0.6551724137931034,0.8131868131868132,0.6551724137931034,0.8409090909090909,0.6909090909090909,0.752047952047952,0.9004702194357367
316,20,41,8,4,0.8356164383561644,0.8350340136054422,0.8367346938775511,0.8333333333333334,0.8723404255319149,0.8333333333333334,0.8367346938775511,0.7692307692307693,0.820785597381342,0.9285714285714286
317,11,41,14,7,0.7123287671232876,0.6782828282828284,0.7454545454545455,0.6111111111111112,0.7961165048543689,0.6111111111111112,0.7454545454545455,0.5116279069767442,0.6538722059155566,0.7808080808080807
318,16,34,15,8,0.684931506849315,0.6802721088435374,0.6938775510204082,0.6666666666666666,0.7472527472527473,0.6666666666666666,0.6938775510204082,0.5818181818181818,0.6645354645354645,0.8307823129251701
319,19,31,17,6,0.684931506849315,0.7029166666666666,0.6458333333333334,0.76,0.7294117647058823,0.76,0.6458333333333334,0.6229508196721312,0.6761812921890067,0.7616666666666667
320,20,36,17,0,0.7671232876712328,0.8396226415094339,0.6792452830188679,1.0,0.8089887640449438,1.0,0.6792452830188679,0.7017543859649122,0.755371575004928,0.8962264150943396
321,27,32,11,3,0.8082191780821918,0.8220930232558139,0.7441860465116279,0.9,0.8205128205128205,0.9,0.7441860465116279,0.7941176470588235,0.807315233785822,0.875968992248062
322,13,36,12,12,0.6712328767123288,0.635,0.75,0.52,0.75,0.52,0.75,0.52,0.635,0.6833333333333333
323,16,37,11,9,0.726027397260274,0.7054166666666667,0.7708333333333334,0.64,0.7872340425531915,0.64,0.7708333333333334,0.6153846153846154,0.7013093289689034,0.8033333333333333
324,23,36,10,4,0.8082191780821918,0.817230273752013,0.782608695652174,0.8518518518518519,0.8372093023255814,0.8518518518518519,0.782608695652174,0.7666666666666667,0.8019379844961241,0.895330112721417
325,22,27,18,6,0.6712328767123288,0.6928571428571428,0.6,0.7857142857142857,0.6923076923076923,0.7857142857142857,0.6,0.6470588235294118,0.6696832579185521,0.8611111111111112
326,23,28,15,7,0.6986301369863014,0.7089147286821706,0.6511627906976745,0.7666666666666667,0.717948717948718,0.7666666666666667,0.6511627906976745,0.6764705882352942,0.697209653092006,0.834108527131783
327,15,40,5,13,0.7534246575342466,0.7123015873015872,0.8888888888888888,0.5357142857142857,0.8163265306122449,0.5357142857142857,0.8888888888888888,0.625,0.7206632653061225,0.7928571428571428
328,19,30,15,9,0.6712328767123288,0.6726190476190477,0.6666666666666666,0.6785714285714286,0.7142857142857143,0.6785714285714286,0.6666666666666666,0.6129032258064516,0.663594470046083,0.7904761904761906
329,16,46,6,5,0.8493150684931506,0.8232600732600732,0.8846153846153846,0.7619047619047619,0.8932038834951457,0.7619047619047619,0.8846153846153846,0.7441860465116279,0.8186949650033868,0.9120879120879122
330,19,37,9,8,0.7671232876712328,0.7540257648953301,0.8043478260869565,0.7037037037037037,0.8131868131868132,0.7037037037037037,0.8043478260869565,0.6909090909090909,0.752047952047952,0.8260869565217392
331,22,37,6,8,0.8082191780821918,0.7968992248062015,0.8604651162790697,0.7333333333333333,0.8409090909090909,0.7333333333333333,0.8604651162790697,0.7586206896551724,0.7997648902821317,0.8325581395348838
332,24,30,11,8,0.7397260273972602,0.7408536585365854,0.7317073170731707,0.75,0.759493670886076,0.75,0.7317073170731707,0.7164179104477612,0.7379557906669185,0.8300304878048781
333,23,40,8,2,0.863013698630137,0.8766666666666667,0.8333333333333334,0.92,0.8888888888888888,0.92,0.8333333333333334,0.8214285714285714,0.8551587301587301,0.955
334,18,41,9,5,0.8082191780821918,0.801304347826087,0.82,0.782608695652174,0.8541666666666666,0.782608695652174,0.82,0.72,0.7870833333333334,0.8869565217391305
335,13,39,14,7,0.7123287671232876,0.6929245283018868,0.7358490566037735,0.65,0.7878787878787878,0.65,0.7358490566037735,0.5531914893617021,0.6705351386202449,0.8273584905660377
336,21,28,17,7,0.6712328767123288,0.6861111111111111,0.6222222222222222,0.75,0.7,0.75,0.6222222222222222,0.6363636363636364,0.6681818181818182,0.7706349206349207
337,17,38,5,13,0.7534246575342466,0.7251937984496124,0.8837209302325582,0.5666666666666667,0.8085106382978723,0.5666666666666667,0.8837209302325582,0.6538461538461539,0.7311783960720131,0.8310077519379845
338,10,41,11,11,0.6986301369863014,0.6323260073260073,0.7884615384615384,0.47619047619047616,0.7884615384615384,0.47619047619047616,0.7884615384615384,0.47619047619047616,0.6323260073260073,0.750915750915751
339,20,37,10,6,0.7808219178082192,0.7782324058919804,0.7872340425531915,0.7692307692307693,0.8222222222222222,0.7692307692307693,0.7872340425531915,0.7142857142857143,0.7682539682539682,0.8756137479541735
340,15,40,12,6,0.7534246575342466,0.7417582417582418,0.7692307692307693,0.7142857142857143,0.8163265306122449,0.7142857142857143,0.7692307692307693,0.625,0.7206632653061225,0.8534798534798534
341,17,36,16,4,0.726027397260274,0.7509157509157509,0.6923076923076923,0.8095238095238095,0.782608695652174,0.8095238095238095,0.6923076923076923,0.6296296296296297,0.7061191626409018,0.8150183150183149
342,15,34,18,6,0.6712328767123288,0.6840659340659341,0.6538461538461539,0.7142857142857143,0.7391304347826086,0.7142857142857143,0.6538461538461539,0.5555555555555556,0.6473429951690821,0.7756410256410257
343,14,36,16,7,0.684931506849315,0.6794871794871795,0.6923076923076923,0.6666666666666666,0.7578947368421053,0.6666666666666666,0.6923076923076923,0.5490196078431373,0.6534571723426212,0.7692307692307693
344,17,37,12,7,0.7397260273972602,0.7317176870748299,0.7551020408163265,0.7083333333333334,0.7956989247311828,0.7083333333333334,0.7551020408163265,0.6415094339622641,0.7186041793467235,0.7933673469387754
345,19,34,14,6,0.726027397260274,0.7341666666666666,0.7083333333333334,0.76,0.7727272727272727,0.76,0.7083333333333334,0.6551724137931034,0.7139498432601881,0.8541666666666667
346,24,33,6,10,0.7808219178082192,0.7760180995475113,0.8461538461538461,0.7058823529411765,0.8048780487804879,0.7058823529411765,0.8461538461538461,0.75,0.7774390243902439,0.8453996983408748
347,15,42,9,7,0.7808219178082192,0.7526737967914439,0.8235294117647058,0.6818181818181818,0.84,0.6818181818181818,0.8235294117647058,0.6521739130434783,0.7460869565217392,0.8306595365418894
348,12,50,6,5,0.8493150684931506,0.7993697478991597,0.8928571428571429,0.7058823529411765,0.9009009009009009,0.7058823529411765,0.8928571428571429,0.6857142857142857,0.7933075933075933,0.8623949579831933
349,25,30,12,6,0.7534246575342466,0.76036866359447,0.7142857142857143,0.8064516129032258,0.7692307692307693,0.8064516129032258,0.7142857142857143,0.7352941176470589,0.752262443438914,0.8586789554531491
350,27,34,7,5,0.8356164383561644,0.8365091463414633,0.8292682926829268,0.84375,0.85,0.84375,0.8292682926829268,0.8181818181818182,0.8340909090909091,0.926829268292683
351,21,31,14,7,0.7123287671232876,0.7194444444444444,0.6888888888888889,0.75,0.7469879518072289,0.75,0.6888888888888889,0.6666666666666666,0.7068273092369477,0.8666666666666667
352,20,36,11,6,0.7671232876712328,0.76759410801964,0.7659574468085106,0.7692307692307693,0.8089887640449438,0.7692307692307693,0.7659574468085106,0.7017543859649122,0.755371575004928,0.8576104746317512
353,18,37,12,6,0.7534246575342466,0.7525510204081632,0.7551020408163265,0.75,0.8043478260869565,0.75,0.7551020408163265,0.6666666666666666,0.7355072463768115,0.8673469387755103
354,15,40,10,8,0.7534246575342466,0.7260869565217392,0.8,0.6521739130434783,0.8163265306122449,0.6521739130434783,0.8,0.625,0.7206632653061225,0.8252173913043479
355,24,31,10,8,0.7534246575342466,0.7530487804878049,0.7560975609756098,0.75,0.775,0.75,0.7560975609756098,0.7272727272727273,0.7511363636363637,0.8635670731707317
356,19,40,9,5,0.8082191780821918,0.8039965986394557,0.8163265306122449,0.7916666666666666,0.851063829787234,0.7916666666666666,0.8163265306122449,0.7307692307692307,0.7909165302782324,0.8673469387755103
357,22,37,5,9,0.8082191780821918,0.7953149001536098,0.8809523809523809,0.7096774193548387,0.8409090909090909,0.7096774193548387,0.8809523809523809,0.7586206896551724,0.7997648902821317,0.8517665130568356
358,18,37,8,10,0.7534246575342466,0.7325396825396826,0.8222222222222222,0.6428571428571429,0.8043478260869565,0.6428571428571429,0.8222222222222222,0.6666666666666666,0.7355072463768115,0.8261904761904763
359,20,32,13,8,0.7123287671232876,0.7126984126984127,0.7111111111111111,0.7142857142857143,0.7529411764705882,0.7142857142857143,0.7111111111111111,0.6557377049180327,0.7043394406943104,0.7746031746031746
360,15,37,9,12,0.7123287671232876,0.6799516908212561,0.8043478260869565,0.5555555555555556,0.7789473684210526,0.5555555555555556,0.8043478260869565,0.5882352941176471,0.6835913312693498,0.7962962962962963
361,15,43,9,6,0.7945205479452054,0.7706043956043955,0.8269230769230769,0.7142857142857143,0.8514851485148515,0.7142857142857143,0.8269230769230769,0.6666666666666666,0.759075907590759,0.8782051282051282
362,13,40,13,7,0.726027397260274,0.7023584905660378,0.7547169811320755,0.65,0.8,0.65,0.7547169811320755,0.5652173913043478,0.682608695652174,0.8037735849056604
363,25,31,11,6,0.7671232876712328,0.772273425499232,0.7380952380952381,0.8064516129032258,0.7848101265822784,0.8064516129032258,0.7380952380952381,0.746268656716418,0.7655393916493483,0.8394777265745008
364,11,38,11,13,0.6712328767123288,0.6169217687074829,0.7755102040816326,0.4583333333333333,0.76,0.4583333333333333,0.7755102040816326,0.4782608695652174,0.6191304347826088,0.7414965986394557
365,20,37,9,7,0.7808219178082192,0.7725442834138486,0.8043478260869565,0.7407407407407407,0.8222222222222222,0.7407407407407407,0.8043478260869565,0.7142857142857143,0.7682539682539682,0.8599033816425121
366,16,37,11,9,0.726027397260274,0.7054166666666667,0.7708333333333334,0.64,0.7872340425531915,0.64,0.7708333333333334,0.6153846153846154,0.7013093289689034,0.8441666666666666
367,15,41,11,6,0.7671232876712328,0.7513736263736264,0.7884615384615384,0.7142857142857143,0.8282828282828283,0.7142857142857143,0.7884615384615384,0.6382978723404256,0.7332903503116269,0.858058608058608
368,24,28,12,9,0.7123287671232876,0.7136363636363636,0.7,0.7272727272727273,0.7272727272727273,0.7272727272727273,0.7,0.6956521739130435,0.7114624505928854,0.8348484848484848
369,16,36,11,10,0.7123287671232876,0.690671031096563,0.7659574468085106,0.6153846153846154,0.7741935483870968,0.6153846153846154,0.7659574468085106,0.6037735849056604,0.6889835666463786,0.7635024549918167
370,20,40,9,4,0.821917808219178,0.8248299319727892,0.8163265306122449,0.8333333333333334,0.8602150537634409,0.8333333333333334,0.8163265306122449,0.7547169811320755,0.8074660174477581,0.9056122448979591
371,18,41,8,6,0.8082191780821918,0.7933673469387755,0.8367346938775511,0.75,0.8541666666666666,0.75,0.8367346938775511,0.72,0.7870833333333334,0.8724489795918368
372,20,35,10,8,0.7534246575342466,0.746031746031746,0.7777777777777778,0.7142857142857143,0.7954545454545454,0.7142857142857143,0.7777777777777778,0.6896551724137931,0.7425548589341693,0.873015873015873
373,22,33,12,6,0.7534246575342466,0.7595238095238095,0.7333333333333333,0.7857142857142857,0.7857142857142857,0.7857142857142857,0.7333333333333333,0.7096774193548387,0.7476958525345623,0.8571428571428571
374,16,36,10,11,0.7123287671232876,0.6876006441223832,0.782608695652174,0.5925925925925926,0.7741935483870968,0.5925925925925926,0.782608695652174,0.6037735849056604,0.6889835666463786,0.7439613526570048
375,26,33,6,8,0.8082191780821918,0.8054298642533937,0.8461538461538461,0.7647058823529411,0.825,0.7647058823529411,0.8461538461538461,0.7878787878787878,0.8064393939393939,0.8838612368024132
376,19,43,7,4,0.8493150684931506,0.8430434782608696,0.86,0.8260869565217391,0.8865979381443299,0.8260869565217391,0.86,0.7755102040816326,0.8310540711129812,0.8939130434782608
377,23,31,13,6,0.7397260273972602,0.7488244514106583,0.7045454545454546,0.7931034482758621,0.7654320987654321,0.7931034482758621,0.7045454545454546,0.7076923076923077,0.7365622032288699,0.8847962382445141
378,27,30,11,5,0.7808219178082192,0.7877286585365854,0.7317073170731707,0.84375,0.7894736842105263,0.84375,0.7317073170731707,0.7714285714285715,0.780451127819549,0.8727134146341463
379,23,31,10,9,0.7397260273972602,0.7374237804878049,0.7560975609756098,0.71875,0.7654320987654321,0.71875,0.7560975609756098,0.7076923076923077,0.7365622032288699,0.8597560975609756
380,13,43,12,5,0.7671232876712328,0.752020202020202,0.7818181818181819,0.7222222222222222,0.8349514563106796,0.7222222222222222,0.7818181818181819,0.6046511627906976,0.7198013095506886,0.8191919191919191
381,17,40,10,6,0.7808219178082192,0.7695652173913043,0.8,0.7391304347826086,0.8333333333333334,0.7391304347826086,0.8,0.68,0.7566666666666667,0.8947826086956522
382,19,34,16,4,0.726027397260274,0.7530434782608696,0.68,0.8260869565217391,0.7727272727272727,0.8260869565217391,0.68,0.6551724137931034,0.7139498432601881,0.8321739130434782
383,21,36,11,5,0.7808219178082192,0.7868248772504092,0.7659574468085106,0.8076923076923077,0.8181818181818182,0.8076923076923077,0.7659574468085106,0.7241379310344828,0.7711598746081505,0.8690671031096562
384,14,41,12,6,0.7534246575342466,0.7367924528301887,0.7735849056603774,0.7,0.82,0.7,0.7735849056603774,0.6086956521739131,0.7143478260869565,0.8650943396226416
385,16,41,11,5,0.7808219178082192,0.7751831501831501,0.7884615384615384,0.7619047619047619,0.8367346938775511,0.7619047619047619,0.7884615384615384,0.6666666666666666,0.7517006802721089,0.8626373626373627
386,21,37,9,6,0.7945205479452054,0.7910628019323671,0.8043478260869565,0.7777777777777778,0.8314606741573034,0.7777777777777778,0.8043478260869565,0.7368421052631579,0.7841513897102306,0.8880837359098228
387,22,34,14,3,0.7671232876712328,0.7941666666666667,0.7083333333333334,0.88,0.8,0.88,0.7083333333333334,0.7213114754098361,0.7606557377049181,0.8416666666666667
388,20,31,13,9,0.6986301369863014,0.6971003134796239,0.7045454545454546,0.6896551724137931,0.7380952380952381,0.6896551724137931,0.7045454545454546,0.6451612903225806,0.6916282642089093,0.8401253918495297
389,14,40,12,7,0.7397260273972602,0.717948717948718,0.7692307692307693,0.6666666666666666,0.8080808080808081,0.6666666666666666,0.7692307692307693,0.5957446808510638,0.7019127444659359,0.8214285714285715
390,14,35,15,9,0.6712328767123288,0.6543478260869565,0.7,0.6086956521739131,0.7446808510638298,0.6086956521739131,0.7,0.5384615384615384,0.6415711947626841,0.7895652173913044
391,17,38,10,8,0.7534246575342466,0.7358333333333333,0.7916666666666666,0.68,0.8085106382978723,0.68,0.7916666666666666,0.6538461538461539,0.7311783960720131,0.8258333333333333
392,19,39,9,6,0.7945205479452054,0.78625,0.8125,0.76,0.8387096774193549,0.76,0.8125,0.7169811320754716,0.7778454047474133,0.8425
393,22,31,14,6,0.726027397260274,0.7373015873015873,0.6888888888888889,0.7857142857142857,0.7560975609756098,0.7857142857142857,0.6888888888888889,0.6875,0.7217987804878049,0.8587301587301588
394,17,38,14,4,0.7534246575342466,0.7701465201465201,0.7307692307692307,0.8095238095238095,0.8085106382978723,0.8095238095238095,0.7307692307692307,0.6538461538461539,0.7311783960720131,0.858974358974359
395,15,36,11,11,0.6986301369863014,0.6714402618657938,0.7659574468085106,0.5769230769230769,0.7659574468085106,0.5769230769230769,0.7659574468085106,0.5769230769230769,0.6714402618657938,0.753682487725041
396,17,39,11,6,0.7671232876712328,0.7595652173913043,0.78,0.7391304347826086,0.8210526315789474,0.7391304347826086,0.78,0.6666666666666666,0.743859649122807,0.8730434782608695
397,13,38,17,5,0.6986301369863014,0.7065656565656566,0.6909090909090909,0.7222222222222222,0.7755102040816326,0.7222222222222222,0.6909090909090909,0.5416666666666666,0.6585884353741496,0.8424242424242423
398,19,34,12,8,0.726027397260274,0.7214170692431562,0.7391304347826086,0.7037037037037037,0.7727272727272727,0.7037037037037037,0.7391304347826086,0.6551724137931034,0.7139498432601881,0.8019323671497585
399,18,35,11,9,0.726027397260274,0.713768115942029,0.7608695652173914,0.6666666666666666,0.7777777777777778,0.6666666666666666,0.7608695652173914,0.6428571428571429,0.7103174603174603,0.8357487922705313
400,14,35,16,8,0.6712328767123288,0.661319073083779,0.6862745098039216,0.6363636363636364,0.7446808510638298,0.6363636363636364,0.6862745098039216,0.5384615384615384,0.6415711947626841,0.7335115864527628
401,14,38,9,12,0.7123287671232876,0.6734860883797054,0.8085106382978723,0.5384615384615384,0.7835051546391752,0.5384615384615384,0.8085106382978723,0.5714285714285714,0.6774668630338734,0.7716857610474632
402,21,38,5,9,0.8082191780821918,0.791860465116279,0.8837209302325582,0.7,0.8444444444444444,0.7,0.8837209302325582,0.75,0.7972222222222223,0.8806201550387598
403,20,38,7,8,0.7945205479452054,0.7793650793650794,0.8444444444444444,0.7142857142857143,0.8351648351648352,0.7142857142857143,0.8444444444444444,0.7272727272727273,0.7812187812187812,0.8507936507936508
404,27,26,15,5,0.726027397260274,0.7389481707317074,0.6341463414634146,0.84375,0.7222222222222222,0.84375,0.6341463414634146,0.7297297297297297,0.725975975975976,0.864329268292683
405,18,35,12,8,0.726027397260274,0.718494271685761,0.7446808510638298,0.6923076923076923,0.7777777777777778,0.6923076923076923,0.7446808510638298,0.6428571428571429,0.7103174603174603,0.8314238952536825
406,16,42,9,6,0.7945205479452054,0.7754010695187166,0.8235294117647058,0.7272727272727273,0.8484848484848485,0.7272727272727273,0.8235294117647058,0.6808510638297872,0.7646679561573179,0.8672014260249554
407,21,35,10,7,0.7671232876712328,0.7638888888888888,0.7777777777777778,0.75,0.8045977011494253,0.75,0.7777777777777778,0.711864406779661,0.7582310539645432,0.8555555555555555
408,18,34,12,9,0.7123287671232876,0.7028985507246377,0.7391304347826086,0.6666666666666666,0.7640449438202247,0.6666666666666666,0.7391304347826086,0.631578947368421,0.6978119455943228,0.7826086956521738
409,15,36,14,8,0.6986301369863014,0.6860869565217391,0.72,0.6521739130434783,0.7659574468085106,0.6521739130434783,0.72,0.5769230769230769,0.6714402618657938,0.7747826086956522
410,22,34,11,6,0.7671232876712328,0.7706349206349206,0.7555555555555555,0.7857142857142857,0.8,0.7857142857142857,0.7555555555555555,0.7213114754098361,0.7606557377049181,0.8603174603174604
411,17,36,11,9,0.726027397260274,0.7099018003273323,0.7659574468085106,0.6538461538461539,0.782608695652174,0.6538461538461539,0.7659574468085106,0.6296296296296297,0.7061191626409018,0.8101472995090017
412,18,43,7,5,0.8356164383561644,0.821304347826087,0.86,0.782608695652174,0.8775510204081632,0.782608695652174,0.86,0.75,0.8137755102040816,0.868695652173913
413,22,38,8,5,0.821917808219178,0.820450885668277,0.8260869565217391,0.8148148148148148,0.8539325842696629,0.8148148148148148,0.8260869565217391,0.7719298245614035,0.8129312044155332,0.8776167471819646
414,21,32,12,8,0.726027397260274,0.7257053291536051,0.7272727272727273,0.7241379310344828,0.7619047619047619,0.7241379310344828,0.7272727272727273,0.6774193548387096,0.7196620583717357,0.8032915360501568
415,17,39,12,5,0.7671232876712328,0.7687165775401069,0.7647058823529411,0.7727272727272727,0.8210526315789474,0.7727272727272727,0.7647058823529411,0.6666666666666666,0.743859649122807,0.8725490196078431
416,16,41,14,2,0.7808219178082192,0.8171717171717172,0.7454545454545455,0.8888888888888888,0.8367346938775511,0.8888888888888888,0.7454545454545455,0.6666666666666666,0.7517006802721089,0.9393939393939393
417,14,39,18,2,0.726027397260274,0.7796052631578947,0.6842105263157895,0.875,0.7959183673469388,0.875,0.6842105263157895,0.5833333333333334,0.689625850340136,0.881578947368421
418,28,29,9,7,0.7808219178082192,0.7815789473684212,0.7631578947368421,0.8,0.7837837837837838,0.8,0.7631578947368421,0.7777777777777778,0.7807807807807807,0.8593984962406015
419,18,37,14,4,0.7534246575342466,0.7718360071301248,0.7254901960784313,0.8181818181818182,0.8043478260869565,0.8181818181818182,0.7254901960784313,0.6666666666666666,0.7355072463768115,0.8663101604278075
420,21,31,13,8,0.7123287671232876,0.7143416927899686,0.7045454545454546,0.7241379310344828,0.7469879518072289,0.7241379310344828,0.7045454545454546,0.6666666666666666,0.7068273092369477,0.8330721003134796
421,23,32,9,9,0.7534246575342466,0.7496189024390244,0.7804878048780488,0.71875,0.7804878048780488,0.71875,0.7804878048780488,0.71875,0.7496189024390244,0.8216463414634146
422,19,36,11,7,0.7534246575342466,0.7483633387888706,0.7659574468085106,0.7307692307692307,0.8,0.7307692307692307,0.7659574468085106,0.6785714285714286,0.7392857142857143,0.8600654664484452
423,21,32,16,4,0.726027397260274,0.7533333333333333,0.6666666666666666,0.84,0.7619047619047619,0.84,0.6666666666666666,0.6774193548387096,0.7196620583717357,0.85
424,21,27,13,12,0.6575342465753424,0.6556818181818183,0.675,0.6363636363636364,0.6835443037974683,0.6363636363636364,0.675,0.6268656716417911,0.6552049877196298,0.7863636363636363
425,22,36,12,3,0.7945205479452054,0.815,0.75,0.88,0.8275862068965517,0.88,0.75,0.7457627118644068,0.7866744593804793,0.8675
426,18,39,13,3,0.7808219178082192,0.8035714285714286,0.75,0.8571428571428571,0.8297872340425532,0.8571428571428571,0.75,0.6923076923076923,0.7610474631751227,0.9239926739926739
427,16,42,9,6,0.7945205479452054,0.7754010695187166,0.8235294117647058,0.7272727272727273,0.8484848484848485,0.7272727272727273,0.8235294117647058,0.6808510638297872,0.7646679561573179,0.8520499108734403
428,15,38,14,6,0.726027397260274,0.7225274725274725,0.7307692307692307,0.7142857142857143,0.7916666666666666,0.7142857142857143,0.7307692307692307,0.6,0.6958333333333333,0.7893772893772893
429,22,35,9,7,0.7808219178082192,0.7770376175548589,0.7954545454545454,0.7586206896551724,0.813953488372093,0.7586206896551724,0.7954545454545454,0.7333333333333333,0.7736434108527132,0.860501567398119
430,19,38,14,2,0.7808219178082192,0.8177655677655677,0.7307692307692307,0.9047619047619048,0.8260869565217391,0.9047619047619048,0.7307692307692307,0.7037037037037037,0.7648953301127215,0.8663003663003663
431,21,30,12,10,0.6986301369863014,0.695852534562212,0.7142857142857143,0.6774193548387096,0.7317073170731707,0.6774193548387096,0.7142857142857143,0.65625,0.6939786585365854,0.8210445468509985
432,16,34,15,8,0.684931506849315,0.6802721088435374,0.6938775510204082,0.6666666666666666,0.7472527472527473,0.6666666666666666,0.6938775510204082,0.5818181818181818,0.6645354645354645,0.7814625850340137
433,20,40,6,7,0.821917808219178,0.8051529790660226,0.8695652173913043,0.7407407407407407,0.8602150537634409,0.7407407407407407,0.8695652173913043,0.7547169811320755,0.8074660174477581,0.8566827697262479
434,20,32,18,3,0.7123287671232876,0.7547826086956522,0.64,0.8695652173913043,0.7529411764705882,0.8695652173913043,0.64,0.6557377049180327,0.7043394406943104,0.8834782608695653
435,16,36,14,7,0.7123287671232876,0.7078260869565217,0.72,0.6956521739130435,0.7741935483870968,0.6956521739130435,0.72,0.6037735849056604,0.6889835666463786,0.8078260869565217
436,19,35,15,4,0.7397260273972602,0.7630434782608695,0.7,0.8260869565217391,0.7865168539325843,0.8260869565217391,0.7,0.6666666666666666,0.7265917602996255,0.88
437,19,39,11,4,0.7945205479452054,0.8030434782608695,0.78,0.8260869565217391,0.8387096774193549,0.8260869565217391,0.78,0.7169811320754716,0.7778454047474133,0.8547826086956521
438,18,37,6,12,0.7534246575342466,0.7302325581395348,0.8604651162790697,0.6,0.8043478260869565,0.6,0.8604651162790697,0.6666666666666666,0.7355072463768115,0.8209302325581396
439,18,36,12,7,0.7397260273972602,0.735,0.75,0.72,0.7912087912087912,0.72,0.75,0.6545454545454545,0.7228771228771229,0.85
440,16,33,15,9,0.6712328767123288,0.6637500000000001,0.6875,0.64,0.7333333333333333,0.64,0.6875,0.5714285714285714,0.6523809523809523,0.8
441,20,35,13,5,0.7534246575342466,0.7645833333333334,0.7291666666666666,0.8,0.7954545454545454,0.8,0.7291666666666666,0.6896551724137931,0.7425548589341693,0.8274999999999999
442,23,34,12,4,0.7808219178082192,0.7954911433172303,0.7391304347826086,0.8518518518518519,0.8095238095238095,0.8518518518518519,0.7391304347826086,0.7419354838709677,0.7757296466973886,0.9025764895330113
443,17,34,15,7,0.6986301369863014,0.7011054421768708,0.6938775510204082,0.7083333333333334,0.7555555555555555,0.7083333333333334,0.6938775510204082,0.6071428571428571,0.6813492063492064,0.8571428571428571
444,22,30,9,12,0.7123287671232876,0.7081447963800905,0.7692307692307693,0.6470588235294118,0.7407407407407407,0.6470588235294118,0.7692307692307693,0.676923076923077,0.7088319088319088,0.8174962292609351
445,16,42,11,4,0.7945205479452054,0.7962264150943397,0.7924528301886793,0.8,0.8484848484848485,0.8,0.7924528301886793,0.6808510638297872,0.7646679561573179,0.8905660377358491
446,26,29,12,6,0.7534246575342466,0.7599085365853658,0.7073170731707317,0.8125,0.7631578947368421,0.8125,0.7073170731707317,0.7428571428571429,0.7530075187969925,0.8658536585365854
447,26,29,10,8,0.7534246575342466,0.7541478129713424,0.7435897435897436,0.7647058823529411,0.7631578947368421,0.7647058823529411,0.7435897435897436,0.7428571428571429,0.7530075187969925,0.8514328808446455
448,13,35,11,14,0.6575342465753424,0.6211755233494364,0.7608695652173914,0.48148148148148145,0.7368421052631579,0.48148148148148145,0.7608695652173914,0.5098039215686274,0.6233230134158927,0.7536231884057971
449,21,32,14,6,0.726027397260274,0.7367149758454106,0.6956521739130435,0.7777777777777778,0.7619047619047619,0.7777777777777778,0.6956521739130435,0.6774193548387096,0.7196620583717357,0.8373590982286634
450,20,36,9,8,0.7671232876712328,0.7571428571428571,0.8,0.7142857142857143,0.8089887640449438,0.7142857142857143,0.8,0.7017543859649122,0.755371575004928,0.819047619047619
451,21,25,18,9,0.6301369863013698,0.6406976744186046,0.5813953488372093,0.7,0.6493506493506493,0.7,0.5813953488372093,0.6086956521739131,0.6290231507622812,0.7736434108527132
452,17,26,19,11,0.589041095890411,0.5924603174603174,0.5777777777777777,0.6071428571428571,0.6341463414634146,0.6071428571428571,0.5777777777777777,0.53125,0.5826981707317074,0.6984126984126984
453,20,30,13,10,0.684931506849315,0.6821705426356589,0.6976744186046512,0.6666666666666666,0.7228915662650602,0.6666666666666666,0.6976744186046512,0.6349206349206349,0.6789061005928476,0.8007751937984496
454,21,31,15,6,0.7123287671232876,0.7258454106280193,0.6739130434782609,0.7777777777777778,0.7469879518072289,0.7777777777777778,0.6739130434782609,0.6666666666666666,0.7068273092369477,0.8244766505636071
455,15,38,12,8,0.726027397260274,0.7060869565217391,0.76,0.6521739130434783,0.7916666666666666,0.6521739130434783,0.76,0.6,0.6958333333333333,0.8365217391304348
456,11,37,14,11,0.6575342465753424,0.6127450980392157,0.7254901960784313,0.5,0.7474747474747475,0.5,0.7254901960784313,0.46808510638297873,0.6077799269288631,0.6836007130124777
457,21,33,9,10,0.7397260273972602,0.7315668202764977,0.7857142857142857,0.6774193548387096,0.7764705882352941,0.6774193548387096,0.7857142857142857,0.6885245901639344,0.7324975891996143,0.8317972350230415
458,17,33,13,10,0.684931506849315,0.6735104669887279,0.717391304347826,0.6296296296296297,0.7415730337078652,0.6296296296296297,0.717391304347826,0.5964912280701754,0.6690321308890204,0.8011272141706924
459,23,30,12,8,0.726027397260274,0.728110599078341,0.7142857142857143,0.7419354838709677,0.75,0.7419354838709677,0.7142857142857143,0.696969696969697,0.7234848484848485,0.8218125960061444
460,20,28,20,5,0.6575342465753424,0.6916666666666667,0.5833333333333334,0.8,0.691358024691358,0.8,0.5833333333333334,0.6153846153846154,0.6533713200379867,0.8366666666666667
461,18,37,6,12,0.7534246575342466,0.7302325581395348,0.8604651162790697,0.6,0.8043478260869565,0.6,0.8604651162790697,0.6666666666666666,0.7355072463768115,0.8503875968992248
462,18,33,14,8,0.6986301369863014,0.6972176759410802,0.7021276595744681,0.6923076923076923,0.75,0.6923076923076923,0.7021276595744681,0.6206896551724138,0.6853448275862069,0.8445171849427169
463,13,36,14,10,0.6712328767123288,0.6426086956521739,0.72,0.5652173913043478,0.75,0.5652173913043478,0.72,0.52,0.635,0.8069565217391305
464,23,29,11,10,0.7123287671232876,0.7109848484848484,0.725,0.696969696969697,0.7341772151898734,0.696969696969697,0.725,0.6865671641791045,0.710372189684489,0.8371212121212122
465,21,30,14,8,0.6986301369863014,0.7029780564263323,0.6818181818181818,0.7241379310344828,0.7317073170731707,0.7241379310344828,0.6818181818181818,0.65625,0.6939786585365854,0.8111285266457682
466,18,34,15,6,0.7123287671232876,0.721938775510204,0.6938775510204082,0.75,0.7640449438202247,0.75,0.6938775510204082,0.631578947368421,0.6978119455943228,0.8426870748299321
467,18,39,12,4,0.7808219178082192,0.7914438502673797,0.7647058823529411,0.8181818181818182,0.8297872340425532,0.8181818181818182,0.7647058823529411,0.6923076923076923,0.7610474631751227,0.9064171122994653
468,20,40,9,4,0.821917808219178,0.8248299319727892,0.8163265306122449,0.8333333333333334,0.8602150537634409,0.8333333333333334,0.8163265306122449,0.7547169811320755,0.8074660174477581,0.8894557823129251
469,25,26,17,5,0.6986301369863014,0.7189922480620154,0.6046511627906976,0.8333333333333334,0.7027027027027027,0.8333333333333334,0.6046511627906976,0.6944444444444444,0.6985735735735736,0.8534883720930232
470,26,34,6,7,0.821917808219178,0.8189393939393939,0.85,0.7878787878787878,0.8395061728395061,0.7878787878787878,0.85,0.8,0.8197530864197531,0.918939393939394
471,24,31,9,9,0.7534246575342466,0.7511363636363637,0.775,0.7272727272727273,0.775,0.7272727272727273,0.775,0.7272727272727273,0.7511363636363637,0.8613636363636363
472,22,32,10,9,0.7397260273972602,0.7357910906298003,0.7619047619047619,0.7096774193548387,0.7710843373493976,0.7096774193548387,0.7619047619047619,0.6984126984126984,0.734748517881048,0.8509984639016898
473,14,39,11,9,0.726027397260274,0.6943478260869566,0.78,0.6086956521739131,0.7959183673469388,0.6086956521739131,0.78,0.5833333333333334,0.689625850340136,0.8304347826086956
474,21,34,10,8,0.7534246575342466,0.7484326018808778,0.7727272727272727,0.7241379310344828,0.7906976744186046,0.7241379310344828,0.7727272727272727,0.7,0.7453488372093022,0.8213166144200628
475,17,38,14,4,0.7534246575342466,0.7701465201465201,0.7307692307692307,0.8095238095238095,0.8085106382978723,0.8095238095238095,0.7307692307692307,0.6538461538461539,0.7311783960720131,0.8717948717948718
476,23,35,10,5,0.7945205479452054,0.7996031746031746,0.7777777777777778,0.8214285714285714,0.8235294117647058,0.8214285714285714,0.7777777777777778,0.7540983606557377,0.7888138862102217,0.8952380952380953
477,24,27,11,11,0.6986301369863014,0.6981203007518797,0.7105263157894737,0.6857142857142857,0.7105263157894737,0.6857142857142857,0.7105263157894737,0.6857142857142857,0.6981203007518797,0.8097744360902255
478,20,32,14,7,0.7123287671232876,0.7181964573268921,0.6956521739130435,0.7407407407407407,0.7529411764705882,0.7407407407407407,0.6956521739130435,0.6557377049180327,0.7043394406943104,0.819645732689211
479,23,32,12,6,0.7534246575342466,0.7601880877742947,0.7272727272727273,0.7931034482758621,0.7804878048780488,0.7931034482758621,0.7272727272727273,0.71875,0.7496189024390244,0.8424764890282133
480,22,30,14,7,0.7123287671232876,0.7202194357366771,0.6818181818181818,0.7586206896551724,0.7407407407407407,0.7586206896551724,0.6818181818181818,0.676923076923077,0.7088319088319088,0.8573667711598746
481,23,31,15,4,0.7397260273972602,0.7628824476650564,0.6739130434782609,0.8518518518518519,0.7654320987654321,0.8518518518518519,0.6739130434782609,0.7076923076923077,0.7365622032288699,0.8413848631239936
482,18,41,8,6,0.8082191780821918,0.7933673469387755,0.8367346938775511,0.75,0.8541666666666666,0.75,0.8367346938775511,0.72,0.7870833333333334,0.8664965986394558
483,22,37,9,5,0.8082191780821918,0.8095813204508857,0.8043478260869565,0.8148148148148148,0.8409090909090909,0.8148148148148148,0.8043478260869565,0.7586206896551724,0.7997648902821317,0.8768115942028986
484,18,37,11,7,0.7534246575342466,0.7454166666666666,0.7708333333333334,0.72,0.8043478260869565,0.72,0.7708333333333334,0.6666666666666666,0.7355072463768115,0.8225
485,16,35,11,11,0.6986301369863014,0.676731078904992,0.7608695652173914,0.5925925925925926,0.7608695652173914,0.5925925925925926,0.7608695652173914,0.5925925925925926,0.676731078904992,0.7536231884057971
486,16,37,17,3,0.726027397260274,0.7636452241715399,0.6851851851851852,0.8421052631578947,0.7872340425531915,0.8421052631578947,0.6851851851851852,0.6153846153846154,0.7013093289689034,0.8606237816764132
487,24,34,12,3,0.7945205479452054,0.8140096618357487,0.7391304347826086,0.8888888888888888,0.8192771084337349,0.8888888888888888,0.7391304347826086,0.7619047619047619,0.7905909351692484,0.8494363929146538
488,18,37,8,10,0.7534246575342466,0.7325396825396826,0.8222222222222222,0.6428571428571429,0.8043478260869565,0.6428571428571429,0.8222222222222222,0.6666666666666666,0.7355072463768115,0.8388888888888889
489,22,30,12,9,0.7123287671232876,0.7119815668202765,0.7142857142857143,0.7096774193548387,0.7407407407407407,0.7096774193548387,0.7142857142857143,0.676923076923077,0.7088319088319088,0.825652841781874
490,25,27,13,8,0.7123287671232876,0.7162878787878788,0.675,0.7575757575757576,0.72,0.7575757575757576,0.675,0.704225352112676,0.712112676056338,0.8068181818181818
491,20,38,8,7,0.7945205479452054,0.7834138486312399,0.8260869565217391,0.7407407407407407,0.8351648351648352,0.7407407407407407,0.8260869565217391,0.7272727272727273,0.7812187812187812,0.8639291465378421
492,20,33,12,8,0.726027397260274,0.7238095238095238,0.7333333333333333,0.7142857142857143,0.7674418604651163,0.7142857142857143,0.7333333333333333,0.6666666666666666,0.7170542635658914,0.8595238095238096
493,15,29,18,11,0.6027397260273972,0.5969721767594107,0.6170212765957447,0.5769230769230769,0.6666666666666666,0.5769230769230769,0.6170212765957447,0.5084745762711864,0.5875706214689265,0.6857610474631751
494,23,35,12,3,0.7945205479452054,0.8146481178396072,0.7446808510638298,0.8846153846153846,0.8235294117647058,0.8846153846153846,0.7446808510638298,0.7540983606557377,0.7888138862102217,0.8960720130932898
495,19,41,12,1,0.821917808219178,0.8617924528301887,0.7735849056603774,0.95,0.8631578947368421,0.95,0.7735849056603774,0.7450980392156863,0.8041279669762642,0.9471698113207547
496,22,30,17,4,0.7123287671232876,0.7422258592471358,0.6382978723404256,0.8461538461538461,0.7407407407407407,0.8461538461538461,0.6382978723404256,0.676923076923077,0.7088319088319088,0.8150572831423896
497,16,36,16,5,0.7123287671232876,0.7271062271062271,0.6923076923076923,0.7619047619047619,0.7741935483870968,0.7619047619047619,0.6923076923076923,0.6037735849056604,0.6889835666463786,0.8571428571428572
498,26,30,9,8,0.7671232876712328,0.7669683257918551,0.7692307692307693,0.7647058823529411,0.7792207792207793,0.7647058823529411,0.7692307692307693,0.7536231884057971,0.7664219838132882,0.8288084464555052
499,16,35,13,9,0.6986301369863014,0.6845833333333333,0.7291666666666666,0.64,0.7608695652173914,0.64,0.7291666666666666,0.5925925925925926,0.676731078904992,0.7591666666666667
500,25,28,11,9,0.726027397260274,0.7266214177978885,0.717948717948718,0.7352941176470589,0.7368421052631579,0.7352941176470589,0.717948717948718,0.7142857142857143,0.7255639097744361,0.8650075414781297
501,18,40,8,7,0.7945205479452054,0.7766666666666666,0.8333333333333334,0.72,0.8421052631578947,0.72,0.8333333333333334,0.7058823529411765,0.7739938080495357,0.895
502,17,34,11,11,0.6986301369863014,0.6813492063492064,0.7555555555555555,0.6071428571428571,0.7555555555555555,0.6071428571428571,0.7555555555555555,0.6071428571428571,0.6813492063492064,0.7944444444444445
503,11,41,14,7,0.7123287671232876,0.6782828282828284,0.7454545454545455,0.6111111111111112,0.7961165048543689,0.6111111111111112,0.7454545454545455,0.5116279069767442,0.6538722059155566,0.8070707070707072
504,18,34,13,8,0.7123287671232876,0.7078559738134207,0.723404255319149,0.6923076923076923,0.7640449438202247,0.6923076923076923,0.723404255319149,0.631578947368421,0.6978119455943228,0.8240589198036007
505,22,32,13,6,0.7397260273972602,0.7484126984126984,0.7111111111111111,0.7857142857142857,0.7710843373493976,0.7857142857142857,0.7111111111111111,0.6984126984126984,0.734748517881048,0.819047619047619
506,22,31,14,6,0.726027397260274,0.7373015873015873,0.6888888888888889,0.7857142857142857,0.7560975609756098,0.7857142857142857,0.6888888888888889,0.6875,0.7217987804878049,0.8031746031746032
507,22,31,13,7,0.726027397260274,0.7315830721003135,0.7045454545454546,0.7586206896551724,0.7560975609756098,0.7586206896551724,0.7045454545454546,0.6875,0.7217987804878049,0.8706896551724137
508,15,44,10,4,0.8082191780821918,0.8021442495126705,0.8148148148148148,0.7894736842105263,0.8627450980392157,0.7894736842105263,0.8148148148148148,0.6818181818181818,0.7722816399286987,0.8528265107212475
509,25,38,6,4,0.863013698630137,0.8628526645768024,0.8636363636363636,0.8620689655172413,0.8837209302325582,0.8620689655172413,0.8636363636363636,0.8333333333333334,0.8585271317829457,0.9247648902821316
510,16,41,7,9,0.7808219178082192,0.7470833333333333,0.8541666666666666,0.64,0.8367346938775511,0.64,0.8541666666666666,0.6666666666666666,0.7517006802721089,0.8566666666666666
511,20,29,13,11,0.6712328767123288,0.6678187403993856,0.6904761904761905,0.6451612903225806,0.7073170731707317,0.6451612903225806,0.6904761904761905,0.625,0.6661585365853658,0.7657450076804916
512,21,31,15,6,0.7123287671232876,0.7258454106280193,0.6739130434782609,0.7777777777777778,0.7469879518072289,0.7777777777777778,0.6739130434782609,0.6666666666666666,0.7068273092369477,0.8317230273752013
513,12,41,11,9,0.726027397260274,0.679945054945055,0.7884615384615384,0.5714285714285714,0.803921568627451,0.5714285714285714,0.7884615384615384,0.5454545454545454,0.6746880570409982,0.8031135531135531
514,27,34,8,4,0.8356164383561644,0.8402457757296466,0.8095238095238095,0.8709677419354839,0.85,0.8709677419354839,0.8095238095238095,0.8181818181818182,0.8340909090909091,0.9331797235023042
515,18,38,12,5,0.7671232876712328,0.771304347826087,0.76,0.782608695652174,0.8172043010752689,0.782608695652174,0.76,0.6792452830188679,0.7482247920470684,0.9017391304347826
516,19,28,16,10,0.6438356164383562,0.64576802507837,0.6363636363636364,0.6551724137931034,0.6829268292682927,0.6551724137931034,0.6363636363636364,0.59375,0.6383384146341464,0.7664576802507836
517,17,33,17,6,0.684931506849315,0.6995652173913043,0.66,0.7391304347826086,0.7415730337078652,0.7391304347826086,0.66,0.5964912280701754,0.6690321308890204,0.8130434782608696
518,27,32,9,5,0.8082191780821918,0.8121189024390244,0.7804878048780488,0.84375,0.8205128205128205,0.84375,0.7804878048780488,0.7941176470588235,0.807315233785822,0.8917682926829268
519,14,37,13,9,0.6986301369863014,0.6743478260869565,0.74,0.6086956521739131,0.7708333333333334,0.6086956521739131,0.74,0.56,0.6654166666666668,0.7791304347826087
520,11,44,10,8,0.7534246575342466,0.6968810916179338,0.8148148148148148,0.5789473684210527,0.8301886792452831,0.5789473684210527,0.8148148148148148,0.55,0.6900943396226416,0.817738791423002
521,23,35,13,2,0.7945205479452054,0.8245833333333333,0.7291666666666666,0.92,0.8235294117647058,0.92,0.7291666666666666,0.7540983606557377,0.7888138862102217,0.91
522,21,35,9,8,0.7671232876712328,0.759796238244514,0.7954545454545454,0.7241379310344828,0.8045977011494253,0.7241379310344828,0.7954545454545454,0.711864406779661,0.7582310539645432,0.8393416927899686
523,13,42,12,6,0.7534246575342466,0.7309941520467836,0.7777777777777778,0.6842105263157895,0.8235294117647058,0.6842105263157895,0.7777777777777778,0.5909090909090909,0.7072192513368984,0.8957115009746588
524,19,32,17,5,0.6986301369863014,0.7223639455782312,0.6530612244897959,0.7916666666666666,0.7441860465116279,0.7916666666666666,0.6530612244897959,0.6333333333333333,0.6887596899224806,0.7950680272108844
525,18,39,10,6,0.7808219178082192,0.7729591836734694,0.7959183673469388,0.75,0.8297872340425532,0.75,0.7959183673469388,0.6923076923076923,0.7610474631751227,0.8605442176870748
526,16,38,15,4,0.7397260273972602,0.7584905660377359,0.7169811320754716,0.8,0.8,0.8,0.7169811320754716,0.6274509803921569,0.7137254901960784,0.8433962264150943
527,21,29,16,7,0.684931506849315,0.6972222222222222,0.6444444444444445,0.75,0.7160493827160493,0.75,0.6444444444444445,0.6461538461538462,0.6811016144349478,0.8365079365079365
528,18,34,13,8,0.7123287671232876,0.7078559738134207,0.723404255319149,0.6923076923076923,0.7640449438202247,0.6923076923076923,0.723404255319149,0.631578947368421,0.6978119455943228,0.7913256955810146
529,21,32,13,7,0.726027397260274,0.7305555555555556,0.7111111111111111,0.75,0.7619047619047619,0.75,0.7111111111111111,0.6774193548387096,0.7196620583717357,0.8603174603174603
530,23,28,12,10,0.6986301369863014,0.6984848484848485,0.7,0.696969696969697,0.717948717948718,0.696969696969697,0.7,0.6764705882352942,0.697209653092006,0.8522727272727273
531,19,40,12,2,0.8082191780821918,0.836996336996337,0.7692307692307693,0.9047619047619048,0.851063829787234,0.9047619047619048,0.7692307692307693,0.7307692307692307,0.7909165302782324,0.8772893772893773
532,20,34,11,8,0.7397260273972602,0.734920634920635,0.7555555555555555,0.7142857142857143,0.7816091954022989,0.7142857142857143,0.7555555555555555,0.6779661016949152,0.729787648548607,0.8634920634920635
533,15,44,8,6,0.8082191780821918,0.7802197802197802,0.8461538461538461,0.7142857142857143,0.8627450980392157,0.7142857142857143,0.8461538461538461,0.6818181818181818,0.7722816399286987,0.8489010989010989
534,15,38,14,6,0.726027397260274,0.7225274725274725,0.7307692307692307,0.7142857142857143,0.7916666666666666,0.7142857142857143,0.7307692307692307,0.6,0.6958333333333333,0.8443223443223443
535,24,32,10,7,0.7671232876712328,0.7680491551459293,0.7619047619047619,0.7741935483870968,0.7901234567901234,0.7741935483870968,0.7619047619047619,0.7384615384615385,0.764292497625831,0.8571428571428571
536,14,39,12,8,0.726027397260274,0.7005347593582887,0.7647058823529411,0.6363636363636364,0.7959183673469388,0.6363636363636364,0.7647058823529411,0.5833333333333334,0.689625850340136,0.8110516934046346
537,18,40,7,8,0.7945205479452054,0.7716857610474632,0.851063829787234,0.6923076923076923,0.8421052631578947,0.6923076923076923,0.851063829787234,0.7058823529411765,0.7739938080495357,0.88379705400982
538,12,42,15,4,0.7397260273972602,0.743421052631579,0.7368421052631579,0.75,0.8155339805825242,0.75,0.7368421052631579,0.5581395348837209,0.6868367577331226,0.8530701754385965
539,14,36,17,6,0.684931506849315,0.689622641509434,0.6792452830188679,0.7,0.7578947368421053,0.7,0.6792452830188679,0.5490196078431373,0.6534571723426212,0.7688679245283019
540,12,41,12,8,0.726027397260274,0.6867924528301887,0.7735849056603774,0.6,0.803921568627451,0.6,0.7735849056603774,0.5454545454545454,0.6746880570409982,0.8066037735849056
541,12,36,13,12,0.6575342465753424,0.6173469387755102,0.7346938775510204,0.5,0.7422680412371134,0.5,0.7346938775510204,0.4897959183673469,0.6160319798022302,0.7142857142857143
542,15,37,13,8,0.7123287671232876,0.6960869565217391,0.74,0.6521739130434783,0.7789473684210526,0.6521739130434783,0.74,0.5882352941176471,0.6835913312693498,0.7904347826086956
543,24,34,6,9,0.7945205479452054,0.7886363636363636,0.85,0.7272727272727273,0.8192771084337349,0.7272727272727273,0.85,0.7619047619047619,0.7905909351692484,0.8606060606060606
544,21,27,12,13,0.6575342465753424,0.6549773755656109,0.6923076923076923,0.6176470588235294,0.6835443037974683,0.6176470588235294,0.6923076923076923,0.6268656716417911,0.6552049877196298,0.7850678733031674
545,18,39,14,2,0.7808219178082192,0.8179245283018868,0.7358490566037735,0.9,0.8297872340425532,0.9,0.7358490566037735,0.6923076923076923,0.7610474631751227,0.8613207547169811
546,17,38,13,5,0.7534246575342466,0.7589126559714795,0.7450980392156863,0.7727272727272727,0.8085106382978723,0.7727272727272727,0.7450980392156863,0.6538461538461539,0.7311783960720131,0.857397504456328
547,18,34,14,7,0.7123287671232876,0.7141666666666666,0.7083333333333334,0.72,0.7640449438202247,0.72,0.7083333333333334,0.631578947368421,0.6978119455943228,0.8775
548,23,33,10,7,0.7671232876712328,0.7670542635658915,0.7674418604651163,0.7666666666666667,0.7951807228915663,0.7666666666666667,0.7674418604651163,0.7301587301587301,0.7626697265251482,0.8782945736434108
549,22,34,10,7,0.7671232876712328,0.7656739811912225,0.7727272727272727,0.7586206896551724,0.8,0.7586206896551724,0.7727272727272727,0.7213114754098361,0.7606557377049181,0.8675548589341693
550,17,39,9,8,0.7671232876712328,0.7462500000000001,0.8125,0.68,0.8210526315789474,0.68,0.8125,0.6666666666666666,0.743859649122807,0.8358333333333333
551,24,27,14,8,0.6986301369863014,0.7042682926829269,0.6585365853658537,0.75,0.7105263157894737,0.75,0.6585365853658537,0.6857142857142857,0.6981203007518797,0.7713414634146342
552,18,32,9,14,0.684931506849315,0.6714939024390244,0.7804878048780488,0.5625,0.735632183908046,0.5625,0.7804878048780488,0.6101694915254238,0.6729008377167349,0.7660060975609756
553,20,41,8,4,0.8356164383561644,0.8350340136054422,0.8367346938775511,0.8333333333333334,0.8723404255319149,0.8333333333333334,0.8367346938775511,0.7692307692307693,0.820785597381342,0.9081632653061225
554,15,36,16,6,0.6986301369863014,0.7032967032967032,0.6923076923076923,0.7142857142857143,0.7659574468085106,0.7142857142857143,0.6923076923076923,0.5769230769230769,0.6714402618657938,0.8076923076923078
555,16,37,14,6,0.726027397260274,0.7263814616755793,0.7254901960784313,0.7272727272727273,0.7872340425531915,0.7272727272727273,0.7254901960784313,0.6153846153846154,0.7013093289689034,0.838680926916221
556,26,30,11,6,0.7671232876712328,0.7721036585365854,0.7317073170731707,0.8125,0.7792207792207793,0.8125,0.7317073170731707,0.7536231884057971,0.7664219838132882,0.8940548780487805
557,15,44,7,7,0.8082191780821918,0.7722816399286987,0.8627450980392157,0.6818181818181818,0.8627450980392157,0.6818181818181818,0.8627450980392157,0.6818181818181818,0.7722816399286987,0.8600713012477719
558,21,27,16,9,0.6575342465753424,0.663953488372093,0.627906976744186,0.7,0.6835443037974683,0.7,0.627906976744186,0.6268656716417911,0.6552049877196298,0.7844961240310078
559,18,38,13,4,0.7671232876712328,0.7816399286987523,0.7450980392156863,0.8181818181818182,0.8172043010752689,0.8181818181818182,0.7450980392156863,0.6792452830188679,0.7482247920470684,0.8422459893048128
560,21,33,13,6,0.7397260273972602,0.7475845410628019,0.717391304347826,0.7777777777777778,0.7764705882352941,0.7777777777777778,0.717391304347826,0.6885245901639344,0.7324975891996143,0.8816425120772947
561,25,31,9,8,0.7671232876712328,0.7662878787878789,0.775,0.7575757575757576,0.7848101265822784,0.7575757575757576,0.775,0.746268656716418,0.7655393916493483,0.8333333333333334
562,12,41,15,5,0.726027397260274,0.7190126050420168,0.7321428571428571,0.7058823529411765,0.803921568627451,0.7058823529411765,0.7321428571428571,0.5454545454545454,0.6746880570409982,0.8476890756302521
563,23,39,9,2,0.8493150684931506,0.86625,0.8125,0.92,0.8764044943820225,0.92,0.8125,0.8070175438596491,0.8417110191208358,0.9541666666666666
564,14,36,13,10,0.684931506849315,0.6590136054421769,0.7346938775510204,0.5833333333333334,0.7578947368421053,0.5833333333333334,0.7346938775510204,0.5490196078431373,0.6534571723426212,0.7857142857142857
565,14,36,12,11,0.684931506849315,0.655,0.75,0.56,0.7578947368421053,0.56,0.75,0.5490196078431373,0.6534571723426212,0.7433333333333334
566,24,32,9,8,0.7671232876712328,0.7652439024390244,0.7804878048780488,0.75,0.7901234567901234,0.75,0.7804878048780488,0.7384615384615385,0.764292497625831,0.8559451219512195
567,18,37,11,7,0.7534246575342466,0.7454166666666666,0.7708333333333334,0.72,0.8043478260869565,0.72,0.7708333333333334,0.6666666666666666,0.7355072463768115,0.85
568,13,39,13,8,0.7123287671232876,0.6845238095238095,0.75,0.6190476190476191,0.7878787878787878,0.6190476190476191,0.75,0.5531914893617021,0.6705351386202449,0.8543956043956044
569,24,31,11,7,0.7534246575342466,0.7561443932411674,0.7380952380952381,0.7741935483870968,0.775,0.7741935483870968,0.7380952380952381,0.7272727272727273,0.7511363636363637,0.8594470046082949
570,22,33,16,2,0.7534246575342466,0.7950680272108843,0.673469387755102,0.9166666666666666,0.7857142857142857,0.9166666666666666,0.673469387755102,0.7096774193548387,0.7476958525345623,0.8835034013605442
571,23,32,11,7,0.7534246575342466,0.7554263565891473,0.7441860465116279,0.7666666666666667,0.7804878048780488,0.7666666666666667,0.7441860465116279,0.71875,0.7496189024390244,0.8418604651162791
572,20,29,10,14,0.6712328767123288,0.6659125188536954,0.7435897435897436,0.5882352941176471,0.7073170731707317,0.5882352941176471,0.7435897435897436,0.625,0.6661585365853658,0.7232277526395173
573,20,35,8,10,0.7534246575342466,0.7403100775193798,0.813953488372093,0.6666666666666666,0.7954545454545454,0.6666666666666666,0.813953488372093,0.6896551724137931,0.7425548589341693,0.8682170542635659
574,19,39,9,6,0.7945205479452054,0.78625,0.8125,0.76,0.8387096774193549,0.76,0.8125,0.7169811320754716,0.7778454047474133,0.8766666666666666
575,20,34,13,6,0.7397260273972602,0.7463175122749591,0.723404255319149,0.7692307692307693,0.7816091954022989,0.7692307692307693,0.723404255319149,0.6779661016949152,0.729787648548607,0.8166939443535188
576,18,36,8,11,0.7397260273972602,0.719435736677116,0.8181818181818182,0.6206896551724138,0.7912087912087912,0.6206896551724138,0.8181818181818182,0.6545454545454545,0.7228771228771229,0.8087774294670846
577,22,35,13,3,0.7808219178082192,0.8045833333333333,0.7291666666666666,0.88,0.813953488372093,0.88,0.7291666666666666,0.7333333333333333,0.7736434108527132,0.9241666666666667
578,24,32,11,6,0.7671232876712328,0.772093023255814,0.7441860465116279,0.8,0.7901234567901234,0.8,0.7441860465116279,0.7384615384615385,0.764292497625831,0.8565891472868217
579,18,38,9,8,0.7671232876712328,0.7504091653027822,0.8085106382978723,0.6923076923076923,0.8172043010752689,0.6923076923076923,0.8085106382978723,0.6792452830188679,0.7482247920470684,0.8502454991816695
580,19,37,12,5,0.7671232876712328,0.7733843537414966,0.7551020408163265,0.7916666666666666,0.8131868131868132,0.7916666666666666,0.7551020408163265,0.6909090909090909,0.752047952047952,0.8954081632653061
581,26,34,9,4,0.821917808219178,0.8286821705426357,0.7906976744186046,0.8666666666666667,0.8395061728395061,0.8666666666666667,0.7906976744186046,0.8,0.8197530864197531,0.896124031007752
582,15,42,10,6,0.7808219178082192,0.760989010989011,0.8076923076923077,0.7142857142857143,0.84,0.7142857142857143,0.8076923076923077,0.6521739130434783,0.7460869565217392,0.847985347985348
583,18,33,13,9,0.6986301369863014,0.6920289855072463,0.717391304347826,0.6666666666666666,0.75,0.6666666666666666,0.717391304347826,0.6206896551724138,0.6853448275862069,0.8083735909822866
584,16,35,13,9,0.6986301369863014,0.6845833333333333,0.7291666666666666,0.64,0.7608695652173914,0.64,0.7291666666666666,0.5925925925925926,0.676731078904992,0.7866666666666667
585,22,30,16,5,0.7123287671232876,0.7334943639291465,0.6521739130434783,0.8148148148148148,0.7407407407407407,0.8148148148148148,0.6521739130434783,0.676923076923077,0.7088319088319088,0.8760064412238326
586,24,35,12,2,0.8082191780821918,0.8338788870703764,0.7446808510638298,0.9230769230769231,0.8333333333333334,0.9230769230769231,0.7446808510638298,0.7741935483870968,0.803763440860215,0.9549918166939444
587,21,34,13,5,0.7534246575342466,0.7655482815057284,0.723404255319149,0.8076923076923077,0.7906976744186046,0.8076923076923077,0.723404255319149,0.7,0.7453488372093022,0.8813420621931259
588,13,42,7,11,0.7534246575342466,0.6994047619047619,0.8571428571428571,0.5416666666666666,0.8235294117647058,0.5416666666666666,0.8571428571428571,0.5909090909090909,0.7072192513368984,0.7568027210884354
589,21,35,14,3,0.7671232876712328,0.7946428571428572,0.7142857142857143,0.875,0.8045977011494253,0.875,0.7142857142857143,0.711864406779661,0.7582310539645432,0.929421768707483
590,18,37,11,7,0.7534246575342466,0.7454166666666666,0.7708333333333334,0.72,0.8043478260869565,0.72,0.7708333333333334,0.6666666666666666,0.7355072463768115,0.8175
591,16,45,10,2,0.8356164383561644,0.8535353535353536,0.8181818181818182,0.8888888888888888,0.8823529411764706,0.8888888888888888,0.8181818181818182,0.7272727272727273,0.8048128342245989,0.9363636363636363
592,21,36,7,9,0.7808219178082192,0.7686046511627906,0.8372093023255814,0.7,0.8181818181818182,0.7,0.8372093023255814,0.7241379310344828,0.7711598746081505,0.8542635658914728
593,10,40,13,10,0.684931506849315,0.6273584905660378,0.7547169811320755,0.5,0.7766990291262136,0.5,0.7547169811320755,0.46511627906976744,0.6209076540979905,0.7820754716981132
594,25,36,10,2,0.8356164383561644,0.8542673107890499,0.782608695652174,0.9259259259259259,0.8571428571428571,0.9259259259259259,0.782608695652174,0.8064516129032258,0.8317972350230414,0.9283413848631239
595,22,35,14,2,0.7808219178082192,0.8154761904761905,0.7142857142857143,0.9166666666666666,0.813953488372093,0.9166666666666666,0.7142857142857143,0.7333333333333333,0.7736434108527132,0.9481292517006803
596,15,35,15,8,0.684931506849315,0.6760869565217391,0.7,0.6521739130434783,0.7526881720430108,0.6521739130434783,0.7,0.5660377358490566,0.6593629539460337,0.8034782608695652
597,21,26,19,7,0.6438356164383562,0.6638888888888889,0.5777777777777777,0.75,0.6666666666666666,0.75,0.5777777777777777,0.6176470588235294,0.642156862745098,0.7563492063492063
598,21,36,10,6,0.7808219178082192,0.7801932367149759,0.782608695652174,0.7777777777777778,0.8181818181818182,0.7777777777777778,0.782608695652174,0.7241379310344828,0.7711598746081505,0.8486312399355878
599,14,42,12,5,0.7671232876712328,0.7573099415204678,0.7777777777777778,0.7368421052631579,0.8316831683168316,0.7368421052631579,0.7777777777777778,0.6222222222222222,0.7269526952695269,0.8615984405458089
600,15,37,13,8,0.7123287671232876,0.6960869565217391,0.74,0.6521739130434783,0.7789473684210526,0.6521739130434783,0.74,0.5882352941176471,0.6835913312693498,0.831304347826087
601,22,38,9,4,0.821917808219178,0.8273322422258592,0.8085106382978723,0.8461538461538461,0.8539325842696629,0.8461538461538461,0.8085106382978723,0.7719298245614035,0.8129312044155332,0.9034369885433715
602,16,40,16,1,0.7671232876712328,0.8277310924369747,0.7142857142857143,0.9411764705882353,0.8247422680412371,0.9411764705882353,0.7142857142857143,0.6530612244897959,0.7389017462655165,0.9369747899159664
603,18,39,10,6,0.7808219178082192,0.7729591836734694,0.7959183673469388,0.75,0.8297872340425532,0.75,0.7959183673469388,0.6923076923076923,0.7610474631751227,0.8605442176870749
604,24,35,10,4,0.8082191780821918,0.8174603174603174,0.7777777777777778,0.8571428571428571,0.8333333333333334,0.8571428571428571,0.7777777777777778,0.7741935483870968,0.803763440860215,0.8936507936507937
605,20,38,9,6,0.7945205479452054,0.7888707037643208,0.8085106382978723,0.7692307692307693,0.8351648351648352,0.7692307692307693,0.8085106382978723,0.7272727272727273,0.7812187812187812,0.9271685761047463
606,24,29,9,11,0.726027397260274,0.724436090225564,0.7631578947368421,0.6857142857142857,0.7435897435897436,0.6857142857142857,0.7631578947368421,0.7058823529411765,0.7247360482654601,0.8248120300751879
607,22,38,10,3,0.821917808219178,0.8358333333333333,0.7916666666666666,0.88,0.8539325842696629,0.88,0.7916666666666666,0.7719298245614035,0.8129312044155332,0.9325
608,20,34,12,7,0.7397260273972602,0.7399355877616747,0.7391304347826086,0.7407407407407407,0.7816091954022989,0.7407407407407407,0.7391304347826086,0.6779661016949152,0.729787648548607,0.857487922705314
609,18,42,7,6,0.821917808219178,0.8035714285714286,0.8571428571428571,0.75,0.865979381443299,0.75,0.8571428571428571,0.7346938775510204,0.8003366294971597,0.9192176870748299
610,11,42,11,9,0.726027397260274,0.6712264150943397,0.7924528301886793,0.55,0.8076923076923077,0.55,0.7924528301886793,0.5238095238095238,0.6657509157509158,0.7481132075471698
611,14,32,17,10,0.6301369863013698,0.6181972789115646,0.6530612244897959,0.5833333333333334,0.7032967032967034,0.5833333333333334,0.6530612244897959,0.509090909090909,0.6061938061938061,0.7312925170068028
612,19,35,15,4,0.7397260273972602,0.7630434782608695,0.7,0.8260869565217391,0.7865168539325843,0.8260869565217391,0.7,0.6666666666666666,0.7265917602996255,0.8965217391304349
613,17,33,19,4,0.684931506849315,0.7220695970695971,0.6346153846153846,0.8095238095238095,0.7415730337078652,0.8095238095238095,0.6346153846153846,0.5964912280701754,0.6690321308890204,0.8617216117216118
614,11,35,19,8,0.6301369863013698,0.6135477582846004,0.6481481481481481,0.5789473684210527,0.7216494845360825,0.5789473684210527,0.6481481481481481,0.4489795918367347,0.5853145381864086,0.7709551656920077
615,22,29,17,5,0.6986301369863014,0.7226247987117552,0.6304347826086957,0.8148148148148148,0.725,0.8148148148148148,0.6304347826086957,0.6666666666666666,0.6958333333333333,0.8132045088566827
616,18,36,11,8,0.7397260273972602,0.7291325695581015,0.7659574468085106,0.6923076923076923,0.7912087912087912,0.6923076923076923,0.7659574468085106,0.6545454545454545,0.7228771228771229,0.8216039279869067
617,15,39,7,12,0.7397260273972602,0.7016908212560387,0.8478260869565217,0.5555555555555556,0.8041237113402062,0.5555555555555556,0.8478260869565217,0.6122448979591837,0.708184304649695,0.8413848631239935
618,18,40,12,3,0.7945205479452054,0.8131868131868132,0.7692307692307693,0.8571428571428571,0.8421052631578947,0.8571428571428571,0.7692307692307693,0.7058823529411765,0.7739938080495357,0.9148351648351648
619,16,37,11,9,0.726027397260274,0.7054166666666667,0.7708333333333334,0.64,0.7872340425531915,0.64,0.7708333333333334,0.6153846153846154,0.7013093289689034,0.8341666666666667
620,18,37,12,6,0.7534246575342466,0.7525510204081632,0.7551020408163265,0.75,0.8043478260869565,0.75,0.7551020408163265,0.6666666666666666,0.7355072463768115,0.8681972789115647
621,16,42,8,7,0.7945205479452054,0.7678260869565217,0.84,0.6956521739130435,0.8484848484848485,0.6956521739130435,0.84,0.6808510638297872,0.7646679561573179,0.8747826086956522
622,24,32,12,5,0.7671232876712328,0.7774294670846396,0.7272727272727273,0.8275862068965517,0.7901234567901234,0.8275862068965517,0.7272727272727273,0.7384615384615385,0.764292497625831,0.8667711598746082
623,26,27,10,10,0.726027397260274,0.725975975975976,0.7297297297297297,0.7222222222222222,0.7297297297297297,0.7222222222222222,0.7297297297297297,0.7222222222222222,0.725975975975976,0.8145645645645646
624,20,40,8,5,0.821917808219178,0.8166666666666667,0.8333333333333334,0.8,0.8602150537634409,0.8,0.8333333333333334,0.7547169811320755,0.8074660174477581,0.8983333333333334
625,19,38,11,5,0.7808219178082192,0.7835884353741496,0.7755102040816326,0.7916666666666666,0.8260869565217391,0.7916666666666666,0.7755102040816326,0.7037037037037037,0.7648953301127215,0.8903061224489796
626,15,40,13,5,0.7534246575342466,0.7523584905660378,0.7547169811320755,0.75,0.8163265306122449,0.75,0.7547169811320755,0.625,0.7206632653061225,0.8490566037735849
627,22,33,10,8,0.7534246575342466,0.7503875968992249,0.7674418604651163,0.7333333333333333,0.7857142857142857,0.7333333333333333,0.7674418604651163,0.7096774193548387,0.7476958525345623,0.8325581395348838
628,14,38,14,7,0.7123287671232876,0.6987179487179487,0.7307692307692307,0.6666666666666666,0.7835051546391752,0.6666666666666666,0.7307692307692307,0.5714285714285714,0.6774668630338734,0.793040293040293
629,18,32,14,9,0.684931506849315,0.681159420289855,0.6956521739130435,0.6666666666666666,0.735632183908046,0.6666666666666666,0.6956521739130435,0.6101694915254238,0.6729008377167349,0.8220611916264089
630,21,33,7,12,0.7397260273972602,0.7306818181818182,0.825,0.6363636363636364,0.7764705882352941,0.6363636363636364,0.825,0.6885245901639344,0.7324975891996143,0.8439393939393939
631,25,35,6,7,0.821917808219178,0.8174542682926829,0.8536585365853658,0.78125,0.8433734939759037,0.78125,0.8536585365853658,0.7936507936507936,0.8185121438133487,0.8917682926829268
632,18,35,18,2,0.726027397260274,0.780188679245283,0.660377358490566,0.9,0.7777777777777778,0.9,0.660377358490566,0.6428571428571429,0.7103174603174603,0.8877358490566037
633,26,25,13,9,0.6986301369863014,0.7003759398496241,0.6578947368421053,0.7428571428571429,0.6944444444444444,0.7428571428571429,0.6578947368421053,0.7027027027027027,0.6985735735735736,0.8007518796992481
634,17,32,18,6,0.6712328767123288,0.6895652173913043,0.64,0.7391304347826086,0.7272727272727273,0.7391304347826086,0.64,0.5862068965517241,0.6567398119122256,0.7913043478260869
635,18,42,9,4,0.821917808219178,0.820855614973262,0.8235294117647058,0.8181818181818182,0.865979381443299,0.8181818181818182,0.8235294117647058,0.7346938775510204,0.8003366294971597,0.9278074866310161
636,12,47,10,4,0.8082191780821918,0.7872807017543859,0.8245614035087719,0.75,0.8703703703703703,0.75,0.8245614035087719,0.631578947368421,0.7509746588693957,0.8651315789473684
637,23,40,9,1,0.863013698630137,0.8873299319727892,0.8163265306122449,0.9583333333333334,0.8888888888888888,0.9583333333333334,0.8163265306122449,0.8214285714285714,0.8551587301587301,0.9226190476190476
638,16,32,11,14,0.6575342465753424,0.6387596899224806,0.7441860465116279,0.5333333333333333,0.7191011235955056,0.5333333333333333,0.7441860465116279,0.5614035087719298,0.6402523161837177,0.7379844961240309
639,15,35,12,11,0.684931506849315,0.6608019639934533,0.7446808510638298,0.5769230769230769,0.7526881720430108,0.5769230769230769,0.7446808510638298,0.5660377358490566,0.6593629539460337,0.7790507364975451
640,19,33,11,10,0.7123287671232876,0.7025862068965517,0.75,0.6551724137931034,0.7586206896551724,0.6551724137931034,0.75,0.6440677966101694,0.7013442431326709,0.7836990595611285
641,20,37,9,7,0.7808219178082192,0.7725442834138486,0.8043478260869565,0.7407407407407407,0.8222222222222222,0.7407407407407407,0.8043478260869565,0.7142857142857143,0.7682539682539682,0.8784219001610306
642,16,38,13,6,0.7397260273972602,0.7361853832442068,0.7450980392156863,0.7272727272727273,0.8,0.7272727272727273,0.7450980392156863,0.6274509803921569,0.7137254901960784,0.8306595365418894
643,23,30,15,5,0.726027397260274,0.7440476190476191,0.6666666666666666,0.8214285714285714,0.75,0.8214285714285714,0.6666666666666666,0.696969696969697,0.7234848484848485,0.8817460317460317
644,28,30,11,4,0.7945205479452054,0.8033536585365854,0.7317073170731707,0.875,0.8,0.875,0.7317073170731707,0.7887323943661971,0.7943661971830986,0.8948170731707317
645,14,40,11,8,0.7397260273972602,0.7103386809269162,0.7843137254901961,0.6363636363636364,0.8080808080808081,0.6363636363636364,0.7843137254901961,0.5957446808510638,0.7019127444659359,0.7825311942959001
646,25,33,8,7,0.7945205479452054,0.7930640243902439,0.8048780487804879,0.78125,0.8148148148148148,0.78125,0.8048780487804879,0.7692307692307693,0.792022792022792,0.8635670731707317
647,23,29,12,9,0.7123287671232876,0.7130335365853658,0.7073170731707317,0.71875,0.7341772151898734,0.71875,0.7073170731707317,0.6865671641791045,0.710372189684489,0.7957317073170732
648,17,39,10,7,0.7671232876712328,0.752125850340136,0.7959183673469388,0.7083333333333334,0.8210526315789474,0.7083333333333334,0.7959183673469388,0.6666666666666666,0.743859649122807,0.8120748299319728
649,20,33,10,10,0.726027397260274,0.7170542635658914,0.7674418604651163,0.6666666666666666,0.7674418604651163,0.6666666666666666,0.7674418604651163,0.6666666666666666,0.7170542635658914,0.8573643410852714
650,22,32,10,9,0.7397260273972602,0.7357910906298003,0.7619047619047619,0.7096774193548387,0.7710843373493976,0.7096774193548387,0.7619047619047619,0.6984126984126984,0.734748517881048,0.8064516129032258
651,14,33,14,12,0.6438356164383562,0.6202945990180033,0.7021276595744681,0.5384615384615384,0.717391304347826,0.5384615384615384,0.7021276595744681,0.5185185185185185,0.6179549114331723,0.7373158756137479
652,24,36,10,3,0.821917808219178,0.8357487922705313,0.782608695652174,0.8888888888888888,0.8470588235294118,0.8888888888888888,0.782608695652174,0.7868852459016393,0.8169720347155256,0.9275362318840579
653,16,42,8,7,0.7945205479452054,0.7678260869565217,0.84,0.6956521739130435,0.8484848484848485,0.6956521739130435,0.84,0.6808510638297872,0.7646679561573179,0.8417391304347827
654,11,40,13,9,0.6986301369863014,0.6523584905660378,0.7547169811320755,0.55,0.7843137254901961,0.55,0.7547169811320755,0.5,0.642156862745098,0.7669811320754717
655,13,46,10,4,0.8082191780821918,0.7930672268907563,0.8214285714285714,0.7647058823529411,0.8679245283018868,0.7647058823529411,0.8214285714285714,0.65,0.7589622641509435,0.8897058823529411
656,23,33,7,10,0.7671232876712328,0.7609848484848485,0.825,0.696969696969697,0.7951807228915663,0.696969696969697,0.825,0.7301587301587301,0.7626697265251482,0.8689393939393939
657,15,42,14,2,0.7808219178082192,0.8161764705882353,0.75,0.8823529411764706,0.84,0.8823529411764706,0.75,0.6521739130434783,0.7460869565217392,0.9222689075630253
658,25,31,13,4,0.7671232876712328,0.783307210031348,0.7045454545454546,0.8620689655172413,0.7848101265822784,0.8620689655172413,0.7045454545454546,0.746268656716418,0.7655393916493483,0.8949843260188087
659,22,34,12,5,0.7671232876712328,0.7769726247987117,0.7391304347826086,0.8148148148148148,0.8,0.8148148148148148,0.7391304347826086,0.7213114754098361,0.7606557377049181,0.8663446054750401
660,19,31,14,9,0.684931506849315,0.6837301587301587,0.6888888888888889,0.6785714285714286,0.7294117647058823,0.6785714285714286,0.6888888888888889,0.6229508196721312,0.6761812921890067,0.8166666666666668
661,17,34,18,4,0.6986301369863014,0.7316849816849818,0.6538461538461539,0.8095238095238095,0.7555555555555555,0.8095238095238095,0.6538461538461539,0.6071428571428571,0.6813492063492064,0.8186813186813187
662,20,35,11,7,0.7534246575342466,0.750805152979066,0.7608695652173914,0.7407407407407407,0.7954545454545454,0.7407407407407407,0.7608695652173914,0.6896551724137931,0.7425548589341693,0.8687600644122383
663,16,42,11,4,0.7945205479452054,0.7962264150943397,0.7924528301886793,0.8,0.8484848484848485,0.8,0.7924528301886793,0.6808510638297872,0.7646679561573179,0.8952830188679245
664,19,39,8,7,0.7945205479452054,0.7802782324058919,0.8297872340425532,0.7307692307692307,0.8387096774193549,0.7307692307692307,0.8297872340425532,0.7169811320754716,0.7778454047474133,0.8543371522094927
665,15,40,13,5,0.7534246575342466,0.7523584905660378,0.7547169811320755,0.75,0.8163265306122449,0.75,0.7547169811320755,0.625,0.7206632653061225,0.8320754716981132
666,19,32,14,8,0.6986301369863014,0.6996779388083736,0.6956521739130435,0.7037037037037037,0.7441860465116279,0.7037037037037037,0.6956521739130435,0.6333333333333333,0.6887596899224806,0.8019323671497585
667,19,39,9,6,0.7945205479452054,0.78625,0.8125,0.76,0.8387096774193549,0.76,0.8125,0.7169811320754716,0.7778454047474133,0.86
668,18,36,14,5,0.7397260273972602,0.751304347826087,0.72,0.782608695652174,0.7912087912087912,0.782608695652174,0.72,0.6545454545454545,0.7228771228771229,0.8582608695652174
669,16,35,15,7,0.6986301369863014,0.6978260869565217,0.7,0.6956521739130435,0.7608695652173914,0.6956521739130435,0.7,0.5925925925925926,0.676731078904992,0.8191304347826087
670,17,37,10,9,0.7397260273972602,0.7205400981996727,0.7872340425531915,0.6538461538461539,0.7956989247311828,0.6538461538461539,0.7872340425531915,0.6415094339622641,0.7186041793467235,0.837152209492635
671,19,40,7,7,0.8082191780821918,0.7909165302782324,0.851063829787234,0.7307692307692307,0.851063829787234,0.7307692307692307,0.851063829787234,0.7307692307692307,0.7909165302782324,0.8379705400981997
672,22,36,8,7,0.7945205479452054,0.7884012539184952,0.8181818181818182,0.7586206896551724,0.8275862068965517,0.7586206896551724,0.8181818181818182,0.7457627118644068,0.7866744593804793,0.8377742946708463
673,19,36,11,7,0.7534246575342466,0.7483633387888706,0.7659574468085106,0.7307692307692307,0.8,0.7307692307692307,0.7659574468085106,0.6785714285714286,0.7392857142857143,0.8142389525368248
674,19,36,13,5,0.7534246575342466,0.7631802721088435,0.7346938775510204,0.7916666666666666,0.8,0.7916666666666666,0.7346938775510204,0.6785714285714286,0.7392857142857143,0.8571428571428572
675,21,32,12,8,0.726027397260274,0.7257053291536051,0.7272727272727273,0.7241379310344828,0.7619047619047619,0.7241379310344828,0.7272727272727273,0.6774193548387096,0.7196620583717357,0.792319749216301
676,21,33,12,7,0.7397260273972602,0.7416666666666667,0.7333333333333333,0.75,0.7764705882352941,0.75,0.7333333333333333,0.6885245901639344,0.7324975891996143,0.8579365079365079
677,20,36,12,5,0.7671232876712328,0.775,0.75,0.8,0.8089887640449438,0.8,0.75,0.7017543859649122,0.755371575004928,0.8716666666666667
678,13,36,15,9,0.6712328767123288,0.6483957219251337,0.7058823529411765,0.5909090909090909,0.75,0.5909090909090909,0.7058823529411765,0.52,0.635,0.7557932263814617
679,22,30,11,10,0.7123287671232876,0.7096036585365854,0.7317073170731707,0.6875,0.7407407407407407,0.6875,0.7317073170731707,0.676923076923077,0.7088319088319088,0.8208841463414634
680,21,31,16,5,0.7123287671232876,0.733633387888707,0.6595744680851063,0.8076923076923077,0.7469879518072289,0.8076923076923077,0.6595744680851063,0.6666666666666666,0.7068273092369477,0.8911620294599017
681,25,32,10,6,0.7808219178082192,0.7841781874039938,0.7619047619047619,0.8064516129032258,0.8,0.8064516129032258,0.7619047619047619,0.7575757575757576,0.7787878787878788,0.8755760368663595
682,18,43,8,4,0.8356164383561644,0.8306595365418895,0.8431372549019608,0.8181818181818182,0.8775510204081632,0.8181818181818182,0.8431372549019608,0.75,0.8137755102040816,0.8868092691622104
683,15,34,15,9,0.6712328767123288,0.659438775510204,0.6938775510204082,0.625,0.7391304347826086,0.625,0.6938775510204082,0.5555555555555556,0.6473429951690821,0.7695578231292517
684,24,31,8,10,0.7534246575342466,0.7503770739064857,0.7948717948717948,0.7058823529411765,0.775,0.7058823529411765,0.7948717948717948,0.7272727272727273,0.7511363636363637,0.861236802413273
685,15,39,12,7,0.7397260273972602,0.7232620320855614,0.7647058823529411,0.6818181818181818,0.8041237113402062,0.6818181818181818,0.7647058823529411,0.6122448979591837,0.708184304649695,0.8422459893048128
686,16,39,13,5,0.7534246575342466,0.7559523809523809,0.75,0.7619047619047619,0.8125,0.7619047619047619,0.75,0.64,0.7262500000000001,0.7921245421245421
687,19,38,9,7,0.7808219178082192,0.7696399345335515,0.8085106382978723,0.7307692307692307,0.8260869565217391,0.7307692307692307,0.8085106382978723,0.7037037037037037,0.7648953301127215,0.8551554828150573
688,23,26,14,10,0.6712328767123288,0.6734848484848486,0.65,0.696969696969697,0.6842105263157895,0.696969696969697,0.65,0.6571428571428571,0.6706766917293233,0.8227272727272728
689,26,31,8,8,0.7808219178082192,0.7797888386123679,0.7948717948717948,0.7647058823529411,0.7948717948717948,0.7647058823529411,0.7948717948717948,0.7647058823529411,0.7797888386123679,0.9042232277526395
690,18,44,6,5,0.8493150684931506,0.831304347826087,0.88,0.782608695652174,0.8888888888888888,0.782608695652174,0.88,0.7659574468085106,0.8274231678486997,0.9043478260869565
691,18,36,13,6,0.7397260273972602,0.7423469387755102,0.7346938775510204,0.75,0.7912087912087912,0.75,0.7346938775510204,0.6545454545454545,0.7228771228771229,0.846938775510204
692,20,28,20,5,0.6575342465753424,0.6916666666666667,0.5833333333333334,0.8,0.691358024691358,0.8,0.5833333333333334,0.6153846153846154,0.6533713200379867,0.8241666666666666
693,18,36,11,8,0.7397260273972602,0.7291325695581015,0.7659574468085106,0.6923076923076923,0.7912087912087912,0.6923076923076923,0.7659574468085106,0.6545454545454545,0.7228771228771229,0.8535188216039279
694,23,32,9,9,0.7534246575342466,0.7496189024390244,0.7804878048780488,0.71875,0.7804878048780488,0.71875,0.7804878048780488,0.71875,0.7496189024390244,0.802591463414634
695,21,37,7,8,0.7945205479452054,0.7825235109717869,0.8409090909090909,0.7241379310344828,0.8314606741573034,0.7241379310344828,0.8409090909090909,0.7368421052631579,0.7841513897102306,0.8659874608150471
696,17,35,12,9,0.7123287671232876,0.6992635024549918,0.7446808510638298,0.6538461538461539,0.7692307692307693,0.6538461538461539,0.7446808510638298,0.6181818181818182,0.6937062937062937,0.7962356792144026
697,17,35,14,7,0.7123287671232876,0.7113095238095238,0.7142857142857143,0.7083333333333334,0.7692307692307693,0.7083333333333334,0.7142857142857143,0.6181818181818182,0.6937062937062937,0.8171768707482994
698,20,35,8,10,0.7534246575342466,0.7403100775193798,0.813953488372093,0.6666666666666666,0.7954545454545454,0.6666666666666666,0.813953488372093,0.6896551724137931,0.7425548589341693,0.8302325581395349
699,12,42,8,11,0.7397260273972602,0.6808695652173913,0.84,0.5217391304347826,0.8155339805825242,0.5217391304347826,0.84,0.5581395348837209,0.6868367577331226,0.8347826086956521
700,15,41,10,7,0.7671232876712328,0.7428698752228164,0.803921568627451,0.6818181818181818,0.8282828282828283,0.6818181818181818,0.803921568627451,0.6382978723404256,0.7332903503116269,0.8600713012477719
701,20,28,17,8,0.6575342465753424,0.6682539682539683,0.6222222222222222,0.7142857142857143,0.691358024691358,0.7142857142857143,0.6222222222222222,0.6153846153846154,0.6533713200379867,0.776984126984127
702,21,34,16,2,0.7534246575342466,0.7965217391304348,0.68,0.9130434782608695,0.7906976744186046,0.9130434782608695,0.68,0.7,0.7453488372093022,0.928695652173913
703,20,37,11,5,0.7808219178082192,0.7854166666666667,0.7708333333333334,0.8,0.8222222222222222,0.8,0.7708333333333334,0.7142857142857143,0.7682539682539682,0.8899999999999999
704,23,35,11,4,0.7945205479452054,0.8063607085346216,0.7608695652173914,0.8518518518518519,0.8235294117647058,0.8518518518518519,0.7608695652173914,0.7540983606557377,0.7888138862102217,0.8703703703703702
705,17,43,8,5,0.821917808219178,0.8079322638146167,0.8431372549019608,0.7727272727272727,0.8686868686868687,0.7727272727272727,0.8431372549019608,0.723404255319149,0.7960455620030089,0.894830659536542
706,17,33,12,11,0.684931506849315,0.6702380952380952,0.7333333333333333,0.6071428571428571,0.7415730337078652,0.6071428571428571,0.7333333333333333,0.5964912280701754,0.6690321308890204,0.7968253968253969
707,21,31,17,4,0.7123287671232876,0.7429166666666667,0.6458333333333334,0.84,0.7469879518072289,0.84,0.6458333333333334,0.6666666666666666,0.7068273092369477,0.9025000000000001
708,17,34,12,10,0.6986301369863014,0.6843800322061191,0.7391304347826086,0.6296296296296297,0.7555555555555555,0.6296296296296297,0.7391304347826086,0.6071428571428571,0.6813492063492064,0.8075684380032206
709,21,33,14,5,0.7397260273972602,0.7549099836333879,0.7021276595744681,0.8076923076923077,0.7764705882352941,0.8076923076923077,0.7021276595744681,0.6885245901639344,0.7324975891996143,0.8608837970540099
710,17,38,8,10,0.7534246575342466,0.7278582930756844,0.8260869565217391,0.6296296296296297,0.8085106382978723,0.6296296296296297,0.8260869565217391,0.6538461538461539,0.7311783960720131,0.855877616747182
711,23,32,11,7,0.7534246575342466,0.7554263565891473,0.7441860465116279,0.7666666666666667,0.7804878048780488,0.7666666666666667,0.7441860465116279,0.71875,0.7496189024390244,0.8217054263565892
712,21,31,15,6,0.7123287671232876,0.7258454106280193,0.6739130434782609,0.7777777777777778,0.7469879518072289,0.7777777777777778,0.6739130434782609,0.6666666666666666,0.7068273092369477,0.8083735909822866
713,22,31,14,6,0.726027397260274,0.7373015873015873,0.6888888888888889,0.7857142857142857,0.7560975609756098,0.7857142857142857,0.6888888888888889,0.6875,0.7217987804878049,0.7833333333333333
714,17,40,11,5,0.7808219178082192,0.7785204991087344,0.7843137254901961,0.7727272727272727,0.8333333333333334,0.7727272727272727,0.7843137254901961,0.68,0.7566666666666667,0.82174688057041
715,22,39,10,2,0.8356164383561644,0.8562925170068028,0.7959183673469388,0.9166666666666666,0.8666666666666667,0.9166666666666666,0.7959183673469388,0.7857142857142857,0.8261904761904761,0.9243197278911564
716,20,38,7,8,0.7945205479452054,0.7793650793650794,0.8444444444444444,0.7142857142857143,0.8351648351648352,0.7142857142857143,0.8444444444444444,0.7272727272727273,0.7812187812187812,0.8579365079365079
717,23,36,8,6,0.8082191780821918,0.8056426332288402,0.8181818181818182,0.7931034482758621,0.8372093023255814,0.7931034482758621,0.8181818181818182,0.7666666666666667,0.8019379844961241,0.8910658307210031
718,16,38,14,5,0.7397260273972602,0.7463369963369964,0.7307692307692307,0.7619047619047619,0.8,0.7619047619047619,0.7307692307692307,0.6274509803921569,0.7137254901960784,0.815934065934066
719,15,33,15,10,0.6575342465753424,0.64375,0.6875,0.6,0.7252747252747253,0.6,0.6875,0.5454545454545454,0.6353646353646354,0.7466666666666667
720,11,40,14,8,0.6986301369863014,0.6598440545808967,0.7407407407407407,0.5789473684210527,0.7843137254901961,0.5789473684210527,0.7407407407407407,0.5,0.642156862745098,0.7699805068226121
721,20,32,15,6,0.7123287671232876,0.7250409165302782,0.6808510638297872,0.7692307692307693,0.7529411764705882,0.7692307692307693,0.6808510638297872,0.6557377049180327,0.7043394406943104,0.8608837970540097
722,19,43,8,3,0.8493150684931506,0.8533868092691622,0.8431372549019608,0.8636363636363636,0.8865979381443299,0.8636363636363636,0.8431372549019608,0.7755102040816326,0.8310540711129812,0.9322638146167559
723,13,39,15,6,0.7123287671232876,0.7032163742690059,0.7222222222222222,0.6842105263157895,0.7878787878787878,0.6842105263157895,0.7222222222222222,0.5531914893617021,0.6705351386202449,0.8528265107212476
724,21,30,17,5,0.6986301369863014,0.7229950900163666,0.6382978723404256,0.8076923076923077,0.7317073170731707,0.8076923076923077,0.6382978723404256,0.65625,0.6939786585365854,0.8412438625204584
725,17,41,11,4,0.7945205479452054,0.798992673992674,0.7884615384615384,0.8095238095238095,0.845360824742268,0.8095238095238095,0.7884615384615384,0.6938775510204082,0.7696191878813381,0.8763736263736264
726,23,32,14,4,0.7534246575342466,0.7737520128824477,0.6956521739130435,0.8518518518518519,0.7804878048780488,0.8518518518518519,0.6956521739130435,0.71875,0.7496189024390244,0.8719806763285024
727,21,41,8,3,0.8493150684931506,0.8558673469387755,0.8367346938775511,0.875,0.8817204301075269,0.875,0.8367346938775511,0.7924528301886793,0.837086630148103,0.9226190476190477
728,15,42,8,8,0.7808219178082192,0.7460869565217392,0.84,0.6521739130434783,0.84,0.6521739130434783,0.84,0.6521739130434783,0.7460869565217392,0.8434782608695653
729,22,34,9,8,0.7671232876712328,0.762015503875969,0.7906976744186046,0.7333333333333333,0.8,0.7333333333333333,0.7906976744186046,0.7213114754098361,0.7606557377049181,0.8697674418604652
730,23,34,9,7,0.7808219178082192,0.7786821705426357,0.7906976744186046,0.7666666666666667,0.8095238095238095,0.7666666666666667,0.7906976744186046,0.7419354838709677,0.7757296466973886,0.8829457364341085
731,17,35,12,9,0.7123287671232876,0.6992635024549918,0.7446808510638298,0.6538461538461539,0.7692307692307693,0.6538461538461539,0.7446808510638298,0.6181818181818182,0.6937062937062937,0.7864157119476268
732,13,34,15,11,0.6438356164383562,0.6177721088435374,0.6938775510204082,0.5416666666666666,0.723404255319149,0.5416666666666666,0.6938775510204082,0.5,0.6117021276595744,0.7491496598639455
733,28,32,9,4,0.821917808219178,0.8277439024390244,0.7804878048780488,0.875,0.8311688311688312,0.875,0.7804878048780488,0.8115942028985508,0.821381517033691,0.9092987804878049
734,18,34,12,9,0.7123287671232876,0.7028985507246377,0.7391304347826086,0.6666666666666666,0.7640449438202247,0.6666666666666666,0.7391304347826086,0.631578947368421,0.6978119455943228,0.8043478260869564
735,18,37,11,7,0.7534246575342466,0.7454166666666666,0.7708333333333334,0.72,0.8043478260869565,0.72,0.7708333333333334,0.6666666666666666,0.7355072463768115,0.8408333333333333
736,13,43,10,7,0.7671232876712328,0.7306603773584905,0.8113207547169812,0.65,0.8349514563106796,0.65,0.8113207547169812,0.6046511627906976,0.7198013095506886,0.8273584905660377
737,19,33,16,5,0.7123287671232876,0.7325680272108843,0.673469387755102,0.7916666666666666,0.7586206896551724,0.7916666666666666,0.673469387755102,0.6440677966101694,0.7013442431326709,0.8078231292517007
738,20,35,12,6,0.7534246575342466,0.7569558101472995,0.7446808510638298,0.7692307692307693,0.7954545454545454,0.7692307692307693,0.7446808510638298,0.6896551724137931,0.7425548589341693,0.8453355155482816
739,16,28,21,8,0.6027397260273972,0.6190476190476191,0.5714285714285714,0.6666666666666666,0.6588235294117647,0.6666666666666666,0.5714285714285714,0.5245901639344263,0.5917068466730955,0.75
740,19,34,13,7,0.726027397260274,0.7270867430441899,0.723404255319149,0.7307692307692307,0.7727272727272727,0.7307692307692307,0.723404255319149,0.6551724137931034,0.7139498432601881,0.8314238952536824
741,15,37,13,8,0.7123287671232876,0.6960869565217391,0.74,0.6521739130434783,0.7789473684210526,0.6521739130434783,0.74,0.5882352941176471,0.6835913312693498,0.8104347826086956
742,18,42,8,5,0.821917808219178,0.811304347826087,0.84,0.782608695652174,0.865979381443299,0.782608695652174,0.84,0.7346938775510204,0.8003366294971597,0.9260869565217391
743,18,31,16,8,0.6712328767123288,0.6759410801963993,0.6595744680851063,0.6923076923076923,0.7209302325581395,0.6923076923076923,0.6595744680851063,0.6,0.6604651162790698,0.7954173486088381
744,17,32,17,7,0.6712328767123288,0.6806972789115646,0.6530612244897959,0.7083333333333334,0.7272727272727273,0.7083333333333334,0.6530612244897959,0.5862068965517241,0.6567398119122256,0.7950680272108844
745,16,29,16,12,0.6164383561643836,0.607936507936508,0.6444444444444445,0.5714285714285714,0.6744186046511628,0.5714285714285714,0.6444444444444445,0.5333333333333333,0.603875968992248,0.7238095238095238
746,21,36,11,5,0.7808219178082192,0.7868248772504092,0.7659574468085106,0.8076923076923077,0.8181818181818182,0.8076923076923077,0.7659574468085106,0.7241379310344828,0.7711598746081505,0.851063829787234
747,14,43,11,5,0.7808219178082192,0.7665692007797271,0.7962962962962963,0.7368421052631579,0.8431372549019608,0.7368421052631579,0.7962962962962963,0.6363636363636364,0.7397504456327986,0.8810916179337231
748,18,35,15,5,0.726027397260274,0.741304347826087,0.7,0.782608695652174,0.7777777777777778,0.782608695652174,0.7,0.6428571428571429,0.7103174603174603,0.8495652173913043
749,24,34,8,7,0.7945205479452054,0.7918586789554531,0.8095238095238095,0.7741935483870968,0.8192771084337349,0.7741935483870968,0.8095238095238095,0.7619047619047619,0.7905909351692484,0.8533026113671275
750,12,41,12,8,0.726027397260274,0.6867924528301887,0.7735849056603774,0.6,0.803921568627451,0.6,0.7735849056603774,0.5454545454545454,0.6746880570409982,0.819811320754717
751,19,35,16,3,0.7397260273972602,0.7749554367201426,0.6862745098039216,0.8636363636363636,0.7865168539325843,0.8636363636363636,0.6862745098039216,0.6666666666666666,0.7265917602996255,0.8342245989304813
752,15,45,11,2,0.821917808219178,0.8429621848739496,0.8035714285714286,0.8823529411764706,0.8737864077669902,0.8823529411764706,0.8035714285714286,0.6976744186046512,0.7857304131858207,0.892857142857143
753,18,36,10,9,0.7397260273972602,0.7246376811594203,0.782608695652174,0.6666666666666666,0.7912087912087912,0.6666666666666666,0.782608695652174,0.6545454545454545,0.7228771228771229,0.7834138486312399
754,23,33,10,7,0.7671232876712328,0.7670542635658915,0.7674418604651163,0.7666666666666667,0.7951807228915663,0.7666666666666667,0.7674418604651163,0.7301587301587301,0.7626697265251482,0.8604651162790697
755,17,39,11,6,0.7671232876712328,0.7595652173913043,0.78,0.7391304347826086,0.8210526315789474,0.7391304347826086,0.78,0.6666666666666666,0.743859649122807,0.8408695652173913
756,21,34,11,7,0.7534246575342466,0.7527777777777778,0.7555555555555555,0.75,0.7906976744186046,0.75,0.7555555555555555,0.7,0.7453488372093022,0.8523809523809525
757,22,39,10,2,0.8356164383561644,0.8562925170068028,0.7959183673469388,0.9166666666666666,0.8666666666666667,0.9166666666666666,0.7959183673469388,0.7857142857142857,0.8261904761904761,0.9081632653061225
758,26,37,6,4,0.863013698630137,0.8635658914728682,0.8604651162790697,0.8666666666666667,0.8809523809523809,0.8666666666666667,0.8604651162790697,0.8387096774193549,0.859831029185868,0.9
759,18,35,12,8,0.726027397260274,0.718494271685761,0.7446808510638298,0.6923076923076923,0.7777777777777778,0.6923076923076923,0.7446808510638298,0.6428571428571429,0.7103174603174603,0.8191489361702127
760,17,39,9,8,0.7671232876712328,0.7462500000000001,0.8125,0.68,0.8210526315789474,0.68,0.8125,0.6666666666666666,0.743859649122807,0.8233333333333333
761,17,37,12,7,0.7397260273972602,0.7317176870748299,0.7551020408163265,0.7083333333333334,0.7956989247311828,0.7083333333333334,0.7551020408163265,0.6415094339622641,0.7186041793467235,0.8528911564625851
762,19,37,10,7,0.7671232876712328,0.7590016366612111,0.7872340425531915,0.7307692307692307,0.8131868131868132,0.7307692307692307,0.7872340425531915,0.6909090909090909,0.752047952047952,0.8346972176759412
763,22,31,13,7,0.726027397260274,0.7315830721003135,0.7045454545454546,0.7586206896551724,0.7560975609756098,0.7586206896551724,0.7045454545454546,0.6875,0.7217987804878049,0.8581504702194357
764,22,32,13,6,0.7397260273972602,0.7484126984126984,0.7111111111111111,0.7857142857142857,0.7710843373493976,0.7857142857142857,0.7111111111111111,0.6984126984126984,0.734748517881048,0.857936507936508
765,27,31,13,2,0.7945205479452054,0.8177899686520376,0.7045454545454546,0.9310344827586207,0.8051948051948052,0.9310344827586207,0.7045454545454546,0.782608695652174,0.7939017504234895,0.890282131661442
766,23,28,12,10,0.6986301369863014,0.6984848484848485,0.7,0.696969696969697,0.717948717948718,0.696969696969697,0.7,0.6764705882352942,0.697209653092006,0.796969696969697
767,12,43,10,8,0.7534246575342466,0.7056603773584906,0.8113207547169812,0.6,0.8269230769230769,0.6,0.8113207547169812,0.5714285714285714,0.6991758241758241,0.7971698113207547
768,16,34,16,7,0.684931506849315,0.6878260869565218,0.68,0.6956521739130435,0.7472527472527473,0.6956521739130435,0.68,0.5818181818181818,0.6645354645354645,0.8069565217391304
769,17,38,11,7,0.7534246575342466,0.741921768707483,0.7755102040816326,0.7083333333333334,0.8085106382978723,0.7083333333333334,0.7755102040816326,0.6538461538461539,0.7311783960720131,0.8409863945578231
770,17,35,16,5,0.7123287671232876,0.7295008912655971,0.6862745098039216,0.7727272727272727,0.7692307692307693,0.7727272727272727,0.6862745098039216,0.6181818181818182,0.6937062937062937,0.8351158645276292
771,14,43,13,3,0.7808219178082192,0.7956932773109244,0.7678571428571429,0.8235294117647058,0.8431372549019608,0.8235294117647058,0.7678571428571429,0.6363636363636364,0.7397504456327986,0.865546218487395
772,17,36,14,6,0.726027397260274,0.7295652173913043,0.72,0.7391304347826086,0.782608695652174,0.7391304347826086,0.72,0.6296296296296297,0.7061191626409018,0.7904347826086957
773,15,36,11,11,0.6986301369863014,0.6714402618657938,0.7659574468085106,0.5769230769230769,0.7659574468085106,0.5769230769230769,0.7659574468085106,0.5769230769230769,0.6714402618657938,0.8183306055646481
774,18,37,17,1,0.7534246575342466,0.8162768031189084,0.6851851851851852,0.9473684210526315,0.8043478260869565,0.9473684210526315,0.6851851851851852,0.6666666666666666,0.7355072463768115,0.9444444444444443
775,16,35,15,7,0.6986301369863014,0.6978260869565217,0.7,0.6956521739130435,0.7608695652173914,0.6956521739130435,0.7,0.5925925925925926,0.676731078904992,0.8365217391304347
776,20,38,9,6,0.7945205479452054,0.7888707037643208,0.8085106382978723,0.7692307692307693,0.8351648351648352,0.7692307692307693,0.8085106382978723,0.7272727272727273,0.7812187812187812,0.8355155482815058
777,24,32,12,5,0.7671232876712328,0.7774294670846396,0.7272727272727273,0.8275862068965517,0.7901234567901234,0.8275862068965517,0.7272727272727273,0.7384615384615385,0.764292497625831,0.8793103448275862
778,21,27,13,12,0.6575342465753424,0.6556818181818183,0.675,0.6363636363636364,0.6835443037974683,0.6363636363636364,0.675,0.6268656716417911,0.6552049877196298,0.7621212121212121
779,20,35,13,5,0.7534246575342466,0.7645833333333334,0.7291666666666666,0.8,0.7954545454545454,0.8,0.7291666666666666,0.6896551724137931,0.7425548589341693,0.8808333333333332
780,13,34,11,15,0.6438356164383562,0.609920634920635,0.7555555555555555,0.4642857142857143,0.723404255319149,0.4642857142857143,0.7555555555555555,0.5,0.6117021276595744,0.7785714285714286
781,13,42,9,9,0.7534246575342466,0.7072192513368984,0.8235294117647058,0.5909090909090909,0.8235294117647058,0.5909090909090909,0.8235294117647058,0.5909090909090909,0.7072192513368984,0.8012477718360071
782,15,35,17,6,0.684931506849315,0.6936813186813187,0.6730769230769231,0.7142857142857143,0.7526881720430108,0.7142857142857143,0.6730769230769231,0.5660377358490566,0.6593629539460337,0.8031135531135531
783,22,34,10,7,0.7671232876712328,0.7656739811912225,0.7727272727272727,0.7586206896551724,0.8,0.7586206896551724,0.7727272727272727,0.7213114754098361,0.7606557377049181,0.8793103448275862
784,10,44,10,9,0.7397260273972602,0.6705653021442495,0.8148148148148148,0.5263157894736842,0.822429906542056,0.5263157894736842,0.8148148148148148,0.5128205128205128,0.6676252096812845,0.7933723196881092
785,20,29,12,12,0.6712328767123288,0.6661585365853658,0.7073170731707317,0.625,0.7073170731707317,0.625,0.7073170731707317,0.625,0.6661585365853658,0.7621951219512195
786,21,35,10,7,0.7671232876712328,0.7638888888888888,0.7777777777777778,0.75,0.8045977011494253,0.75,0.7777777777777778,0.711864406779661,0.7582310539645432,0.8531746031746033
787,16,38,13,6,0.7397260273972602,0.7361853832442068,0.7450980392156863,0.7272727272727273,0.8,0.7272727272727273,0.7450980392156863,0.6274509803921569,0.7137254901960784,0.7985739750445633
788,23,34,11,5,0.7808219178082192,0.7884920634920635,0.7555555555555555,0.8214285714285714,0.8095238095238095,0.8214285714285714,0.7555555555555555,0.7419354838709677,0.7757296466973886,0.8912698412698413
789,17,39,10,7,0.7671232876712328,0.752125850340136,0.7959183673469388,0.7083333333333334,0.8210526315789474,0.7083333333333334,0.7959183673469388,0.6666666666666666,0.743859649122807,0.822278911564626
790,19,30,14,10,0.6712328767123288,0.6684952978056427,0.6818181818181818,0.6551724137931034,0.7142857142857143,0.6551724137931034,0.6818181818181818,0.6129032258064516,0.663594470046083,0.7601880877742947
791,24,35,7,7,0.8082191780821918,0.803763440860215,0.8333333333333334,0.7741935483870968,0.8333333333333334,0.7741935483870968,0.8333333333333334,0.7741935483870968,0.803763440860215,0.868663594470046
792,16,38,16,3,0.7397260273972602,0.7729044834307992,0.7037037037037037,0.8421052631578947,0.8,0.8421052631578947,0.7037037037037037,0.6274509803921569,0.7137254901960784,0.8752436647173489
793,20,38,11,4,0.7945205479452054,0.804421768707483,0.7755102040816326,0.8333333333333334,0.8351648351648352,0.8333333333333334,0.7755102040816326,0.7272727272727273,0.7812187812187812,0.8418367346938775
794,25,27,8,13,0.7123287671232876,0.7146616541353383,0.7714285714285715,0.6578947368421053,0.72,0.6578947368421053,0.7714285714285715,0.704225352112676,0.712112676056338,0.793984962406015
795,18,31,13,11,0.6712328767123288,0.6626175548589341,0.7045454545454546,0.6206896551724138,0.7209302325581395,0.6206896551724138,0.7045454545454546,0.6,0.6604651162790698,0.7884012539184954
796,21,26,13,13,0.6438356164383562,0.642156862745098,0.6666666666666666,0.6176470588235294,0.6666666666666666,0.6176470588235294,0.6666666666666666,0.6176470588235294,0.642156862745098,0.7745098039215687
797,22,36,9,6,0.7945205479452054,0.7928571428571429,0.8,0.7857142857142857,0.8275862068965517,0.7857142857142857,0.8,0.7457627118644068,0.7866744593804793,0.8833333333333333
798,23,34,10,6,0.7808219178082192,0.7829153605015674,0.7727272727272727,0.7931034482758621,0.8095238095238095,0.7931034482758621,0.7727272727272727,0.7419354838709677,0.7757296466973886,0.8503134796238245
799,20,33,9,11,0.726027397260274,0.7154377880184332,0.7857142857142857,0.6451612903225806,0.7674418604651163,0.6451612903225806,0.7857142857142857,0.6666666666666666,0.7170542635658914,0.8125960061443932
800,20,32,13,8,0.7123287671232876,0.7126984126984127,0.7111111111111111,0.7142857142857143,0.7529411764705882,0.7142857142857143,0.7111111111111111,0.6557377049180327,0.7043394406943104,0.826984126984127
801,20,36,14,3,0.7671232876712328,0.7947826086956522,0.72,0.8695652173913043,0.8089887640449438,0.8695652173913043,0.72,0.7017543859649122,0.755371575004928,0.888695652173913
802,19,41,9,4,0.821917808219178,0.8230434782608695,0.82,0.8260869565217391,0.8631578947368421,0.8260869565217391,0.82,0.7450980392156863,0.8041279669762642,0.9060869565217391
803,10,34,19,10,0.6027397260273972,0.570754716981132,0.6415094339622641,0.5,0.7010309278350515,0.5,0.6415094339622641,0.40816326530612246,0.554597096570587,0.6952830188679245
804,18,36,12,7,0.7397260273972602,0.735,0.75,0.72,0.7912087912087912,0.72,0.75,0.6545454545454545,0.7228771228771229,0.8166666666666667
805,26,29,10,8,0.7534246575342466,0.7541478129713424,0.7435897435897436,0.7647058823529411,0.7631578947368421,0.7647058823529411,0.7435897435897436,0.7428571428571429,0.7530075187969925,0.8340874811463046
806,30,26,9,8,0.7671232876712328,0.7661654135338346,0.7428571428571429,0.7894736842105263,0.7536231884057971,0.7894736842105263,0.7428571428571429,0.7792207792207793,0.7664219838132882,0.8969924812030076
807,15,39,11,8,0.7397260273972602,0.7160869565217391,0.78,0.6521739130434783,0.8041237113402062,0.6521739130434783,0.78,0.6122448979591837,0.708184304649695,0.808695652173913
808,18,38,10,7,0.7671232876712328,0.7558333333333334,0.7916666666666666,0.72,0.8172043010752689,0.72,0.7916666666666666,0.6792452830188679,0.7482247920470684,0.8366666666666668
809,15,34,10,14,0.6712328767123288,0.6449843260188088,0.7727272727272727,0.5172413793103449,0.7391304347826086,0.5172413793103449,0.7727272727272727,0.5555555555555556,0.6473429951690821,0.6520376175548589
810,17,37,11,8,0.7397260273972602,0.7254166666666667,0.7708333333333334,0.68,0.7956989247311828,0.68,0.7708333333333334,0.6415094339622641,0.7186041793467235,0.8658333333333333
811,27,27,14,5,0.7397260273972602,0.7511432926829269,0.6585365853658537,0.84375,0.7397260273972602,0.84375,0.6585365853658537,0.7397260273972602,0.7397260273972602,0.8589939024390244
812,22,32,13,6,0.7397260273972602,0.7484126984126984,0.7111111111111111,0.7857142857142857,0.7710843373493976,0.7857142857142857,0.7111111111111111,0.6984126984126984,0.734748517881048,0.9047619047619048
813,21,34,7,11,0.7534246575342466,0.7427591463414633,0.8292682926829268,0.65625,0.7906976744186046,0.65625,0.8292682926829268,0.7,0.7453488372093022,0.8041158536585366
814,20,28,14,11,0.6575342465753424,0.6559139784946236,0.6666666666666666,0.6451612903225806,0.691358024691358,0.6451612903225806,0.6666666666666666,0.6153846153846154,0.6533713200379867,0.7741935483870968
815,13,42,13,5,0.7534246575342466,0.742929292929293,0.7636363636363637,0.7222222222222222,0.8235294117647058,0.7222222222222222,0.7636363636363637,0.5909090909090909,0.7072192513368984,0.8090909090909091
816,20,33,11,9,0.726027397260274,0.7198275862068966,0.75,0.6896551724137931,0.7674418604651163,0.6896551724137931,0.75,0.6666666666666666,0.7170542635658914,0.8040752351097179
817,23,37,7,6,0.821917808219178,0.8170062695924765,0.8409090909090909,0.7931034482758621,0.8505747126436781,0.7931034482758621,0.8409090909090909,0.7796610169491526,0.8151178647964153,0.8753918495297806
818,21,37,11,4,0.7945205479452054,0.8054166666666667,0.7708333333333334,0.84,0.8314606741573034,0.84,0.7708333333333334,0.7368421052631579,0.7841513897102306,0.8733333333333334
819,21,34,8,10,0.7534246575342466,0.7434715821812596,0.8095238095238095,0.6774193548387096,0.7906976744186046,0.6774193548387096,0.8095238095238095,0.7,0.7453488372093022,0.8141321044546852
820,21,36,10,6,0.7808219178082192,0.7801932367149759,0.782608695652174,0.7777777777777778,0.8181818181818182,0.7777777777777778,0.782608695652174,0.7241379310344828,0.7711598746081505,0.8510466988727858
821,15,42,15,1,0.7808219178082192,0.837171052631579,0.7368421052631579,0.9375,0.84,0.9375,0.7368421052631579,0.6521739130434783,0.7460869565217392,0.9111842105263158
822,19,35,13,6,0.7397260273972602,0.7445833333333334,0.7291666666666666,0.76,0.7865168539325843,0.76,0.7291666666666666,0.6666666666666666,0.7265917602996255,0.8416666666666667
823,15,35,15,8,0.684931506849315,0.6760869565217391,0.7,0.6521739130434783,0.7526881720430108,0.6521739130434783,0.7,0.5660377358490566,0.6593629539460337,0.7965217391304348
824,23,27,15,8,0.684931506849315,0.6923963133640554,0.6428571428571429,0.7419354838709677,0.7012987012987013,0.7419354838709677,0.6428571428571429,0.6666666666666666,0.6839826839826839,0.8402457757296466
825,14,43,12,4,0.7808219178082192,0.7797979797979798,0.7818181818181819,0.7777777777777778,0.8431372549019608,0.7777777777777778,0.7818181818181819,0.6363636363636364,0.7397504456327986,0.8848484848484849
826,16,38,14,5,0.7397260273972602,0.7463369963369964,0.7307692307692307,0.7619047619047619,0.8,0.7619047619047619,0.7307692307692307,0.6274509803921569,0.7137254901960784,0.8690476190476191
827,13,41,18,1,0.7397260273972602,0.8117433414043584,0.6949152542372882,0.9285714285714286,0.8118811881188119,0.9285714285714286,0.6949152542372882,0.5777777777777777,0.6948294829482948,0.9418886198547216
828,15,40,11,7,0.7534246575342466,0.7330659536541889,0.7843137254901961,0.6818181818181818,0.8163265306122449,0.6818181818181818,0.7843137254901961,0.625,0.7206632653061225,0.8279857397504456
829,17,34,16,6,0.6986301369863014,0.7095652173913043,0.68,0.7391304347826086,0.7555555555555555,0.7391304347826086,0.68,0.6071428571428571,0.6813492063492064,0.8321739130434782
830,21,36,8,8,0.7808219178082192,0.7711598746081505,0.8181818181818182,0.7241379310344828,0.8181818181818182,0.7241379310344828,0.8181818181818182,0.7241379310344828,0.7711598746081505,0.8330721003134797
831,22,35,10,6,0.7808219178082192,0.7817460317460317,0.7777777777777778,0.7857142857142857,0.813953488372093,0.7857142857142857,0.7777777777777778,0.7333333333333333,0.7736434108527132,0.8365079365079365
832,23,28,13,9,0.6986301369863014,0.7008384146341464,0.6829268292682927,0.71875,0.717948717948718,0.71875,0.6829268292682927,0.6764705882352942,0.697209653092006,0.8490853658536585
833,17,34,14,8,0.6986301369863014,0.6941666666666667,0.7083333333333334,0.68,0.7555555555555555,0.68,0.7083333333333334,0.6071428571428571,0.6813492063492064,0.8241666666666666
834,24,26,11,12,0.684931506849315,0.6846846846846847,0.7027027027027027,0.6666666666666666,0.6933333333333334,0.6666666666666666,0.7027027027027027,0.676056338028169,0.6846948356807512,0.7575075075075075
835,20,36,12,5,0.7671232876712328,0.775,0.75,0.8,0.8089887640449438,0.8,0.75,0.7017543859649122,0.755371575004928,0.89
836,18,40,10,5,0.7945205479452054,0.791304347826087,0.8,0.782608695652174,0.8421052631578947,0.782608695652174,0.8,0.7058823529411765,0.7739938080495357,0.9008695652173913
837,22,31,13,7,0.726027397260274,0.7315830721003135,0.7045454545454546,0.7586206896551724,0.7560975609756098,0.7586206896551724,0.7045454545454546,0.6875,0.7217987804878049,0.8205329153605015
838,21,39,11,2,0.821917808219178,0.8465217391304347,0.78,0.9130434782608695,0.8571428571428571,0.9130434782608695,0.78,0.7636363636363637,0.8103896103896104,0.9052173913043479
839,22,33,12,6,0.7534246575342466,0.7595238095238095,0.7333333333333333,0.7857142857142857,0.7857142857142857,0.7857142857142857,0.7333333333333333,0.7096774193548387,0.7476958525345623,0.8452380952380952
840,14,42,9,8,0.7671232876712328,0.7299465240641712,0.8235294117647058,0.6363636363636364,0.8316831683168316,0.6363636363636364,0.8235294117647058,0.6222222222222222,0.7269526952695269,0.8119429590017825
841,16,39,10,8,0.7534246575342466,0.7312925170068028,0.7959183673469388,0.6666666666666666,0.8125,0.6666666666666666,0.7959183673469388,0.64,0.7262500000000001,0.8460884353741496
842,17,38,12,6,0.7534246575342466,0.7495652173913043,0.76,0.7391304347826086,0.8085106382978723,0.7391304347826086,0.76,0.6538461538461539,0.7311783960720131,0.7930434782608696
843,22,38,9,4,0.821917808219178,0.8273322422258592,0.8085106382978723,0.8461538461538461,0.8539325842696629,0.8461538461538461,0.8085106382978723,0.7719298245614035,0.8129312044155332,0.914075286415712
844,14,42,12,5,0.7671232876712328,0.7573099415204678,0.7777777777777778,0.7368421052631579,0.8316831683168316,0.7368421052631579,0.7777777777777778,0.6222222222222222,0.7269526952695269,0.8723196881091618
845,15,34,15,9,0.6712328767123288,0.659438775510204,0.6938775510204082,0.625,0.7391304347826086,0.625,0.6938775510204082,0.5555555555555556,0.6473429951690821,0.7772108843537415
846,18,38,8,9,0.7671232876712328,0.7463768115942029,0.8260869565217391,0.6666666666666666,0.8172043010752689,0.6666666666666666,0.8260869565217391,0.6792452830188679,0.7482247920470684,0.8317230273752013
847,23,37,9,4,0.821917808219178,0.8280998389694042,0.8043478260869565,0.8518518518518519,0.8505747126436781,0.8518518518518519,0.8043478260869565,0.7796610169491526,0.8151178647964153,0.8760064412238325
848,18,38,12,5,0.7671232876712328,0.771304347826087,0.76,0.782608695652174,0.8172043010752689,0.782608695652174,0.76,0.6792452830188679,0.7482247920470684,0.8556521739130435
849,16,33,19,5,0.6712328767123288,0.6982600732600732,0.6346153846153846,0.7619047619047619,0.7333333333333333,0.7619047619047619,0.6346153846153846,0.5714285714285714,0.6523809523809523,0.8040293040293041
850,10,44,14,5,0.7397260273972602,0.7126436781609196,0.7586206896551724,0.6666666666666666,0.822429906542056,0.6666666666666666,0.7586206896551724,0.5128205128205128,0.6676252096812845,0.8597701149425288
851,18,30,17,8,0.6575342465753424,0.6653027823240589,0.6382978723404256,0.6923076923076923,0.7058823529411765,0.6923076923076923,0.6382978723404256,0.5901639344262295,0.648023143683703,0.7749590834697218
852,17,38,9,9,0.7534246575342466,0.7311783960720131,0.8085106382978723,0.6538461538461539,0.8085106382978723,0.6538461538461539,0.8085106382978723,0.6538461538461539,0.7311783960720131,0.8191489361702128
853,19,30,15,9,0.6712328767123288,0.6726190476190477,0.6666666666666666,0.6785714285714286,0.7142857142857143,0.6785714285714286,0.6666666666666666,0.6129032258064516,0.663594470046083,0.7912698412698412
854,17,41,7,8,0.7945205479452054,0.7670833333333333,0.8541666666666666,0.68,0.845360824742268,0.68,0.8541666666666666,0.6938775510204082,0.7696191878813381,0.8841666666666668
855,17,38,13,5,0.7534246575342466,0.7589126559714795,0.7450980392156863,0.7727272727272727,0.8085106382978723,0.7727272727272727,0.7450980392156863,0.6538461538461539,0.7311783960720131,0.8475935828877005
856,22,37,9,5,0.8082191780821918,0.8095813204508857,0.8043478260869565,0.8148148148148148,0.8409090909090909,0.8148148148148148,0.8043478260869565,0.7586206896551724,0.7997648902821317,0.8848631239935588
857,19,35,13,6,0.7397260273972602,0.7445833333333334,0.7291666666666666,0.76,0.7865168539325843,0.76,0.7291666666666666,0.6666666666666666,0.7265917602996255,0.8775
858,13,38,15,7,0.6986301369863014,0.6834905660377358,0.7169811320754716,0.65,0.7755102040816326,0.65,0.7169811320754716,0.5416666666666666,0.6585884353741496,0.8056603773584906
859,21,37,12,3,0.7945205479452054,0.8150510204081632,0.7551020408163265,0.875,0.8314606741573034,0.875,0.7551020408163265,0.7368421052631579,0.7841513897102306,0.9090136054421768
860,17,30,15,11,0.6438356164383562,0.6369047619047619,0.6666666666666666,0.6071428571428571,0.6976744186046512,0.6071428571428571,0.6666666666666666,0.5666666666666667,0.632170542635659,0.7857142857142857
861,20,36,12,5,0.7671232876712328,0.775,0.75,0.8,0.8089887640449438,0.8,0.75,0.7017543859649122,0.755371575004928,0.8549999999999999
862,14,36,12,11,0.684931506849315,0.655,0.75,0.56,0.7578947368421053,0.56,0.75,0.5490196078431373,0.6534571723426212,0.7658333333333333
863,12,42,16,3,0.7397260273972602,0.7620689655172415,0.7241379310344828,0.8,0.8155339805825242,0.8,0.7241379310344828,0.5581395348837209,0.6868367577331226,0.9218390804597701
864,15,40,11,7,0.7534246575342466,0.7330659536541889,0.7843137254901961,0.6818181818181818,0.8163265306122449,0.6818181818181818,0.7843137254901961,0.625,0.7206632653061225,0.8832442067736185
865,23,32,11,7,0.7534246575342466,0.7554263565891473,0.7441860465116279,0.7666666666666667,0.7804878048780488,0.7666666666666667,0.7441860465116279,0.71875,0.7496189024390244,0.8906976744186046
866,15,34,14,10,0.6712328767123288,0.6541666666666667,0.7083333333333334,0.6,0.7391304347826086,0.6,0.7083333333333334,0.5555555555555556,0.6473429951690821,0.7675
867,24,33,11,5,0.7808219178082192,0.7887931034482758,0.75,0.8275862068965517,0.8048780487804879,0.8275862068965517,0.75,0.75,0.7774390243902439,0.8746081504702194
868,16,42,9,6,0.7945205479452054,0.7754010695187166,0.8235294117647058,0.7272727272727273,0.8484848484848485,0.7272727272727273,0.8235294117647058,0.6808510638297872,0.7646679561573179,0.8832442067736186
869,12,45,11,5,0.7808219178082192,0.7547268907563025,0.8035714285714286,0.7058823529411765,0.8490566037735849,0.7058823529411765,0.8035714285714286,0.6,0.7245283018867925,0.8371848739495797
870,17,30,15,11,0.6438356164383562,0.6369047619047619,0.6666666666666666,0.6071428571428571,0.6976744186046512,0.6071428571428571,0.6666666666666666,0.5666666666666667,0.632170542635659,0.7841269841269841
871,23,30,10,10,0.726027397260274,0.7234848484848485,0.75,0.696969696969697,0.75,0.696969696969697,0.75,0.696969696969697,0.7234848484848485,0.8151515151515152
872,18,38,13,4,0.7671232876712328,0.7816399286987523,0.7450980392156863,0.8181818181818182,0.8172043010752689,0.8181818181818182,0.7450980392156863,0.6792452830188679,0.7482247920470684,0.8119429590017825
873,17,37,10,9,0.7397260273972602,0.7205400981996727,0.7872340425531915,0.6538461538461539,0.7956989247311828,0.6538461538461539,0.7872340425531915,0.6415094339622641,0.7186041793467235,0.7888707037643208
874,26,30,10,7,0.7671232876712328,0.7689393939393939,0.75,0.7878787878787878,0.7792207792207793,0.7878787878787878,0.75,0.7536231884057971,0.7664219838132882,0.9022727272727272
875,17,39,9,8,0.7671232876712328,0.7462500000000001,0.8125,0.68,0.8210526315789474,0.68,0.8125,0.6666666666666666,0.743859649122807,0.8383333333333334
876,22,32,10,9,0.7397260273972602,0.7357910906298003,0.7619047619047619,0.7096774193548387,0.7710843373493976,0.7096774193548387,0.7619047619047619,0.6984126984126984,0.734748517881048,0.8425499231950845
877,14,41,11,7,0.7534246575342466,0.7275641025641025,0.7884615384615384,0.6666666666666666,0.82,0.6666666666666666,0.7884615384615384,0.6086956521739131,0.7143478260869565,0.8003663003663003
878,16,38,13,6,0.7397260273972602,0.7361853832442068,0.7450980392156863,0.7272727272727273,0.8,0.7272727272727273,0.7450980392156863,0.6274509803921569,0.7137254901960784,0.8342245989304813
879,25,33,11,4,0.7945205479452054,0.8060344827586207,0.75,0.8620689655172413,0.8148148148148148,0.8620689655172413,0.75,0.7692307692307693,0.792022792022792,0.9067398119122257
880,11,34,19,9,0.6164383561643836,0.5957547169811321,0.6415094339622641,0.55,0.7083333333333334,0.55,0.6415094339622641,0.44,0.5741666666666667,0.7254716981132076
881,17,38,10,8,0.7534246575342466,0.7358333333333333,0.7916666666666666,0.68,0.8085106382978723,0.68,0.7916666666666666,0.6538461538461539,0.7311783960720131,0.8733333333333334
882,19,36,10,8,0.7534246575342466,0.7431561996779388,0.782608695652174,0.7037037037037037,0.8,0.7037037037037037,0.782608695652174,0.6785714285714286,0.7392857142857143,0.856682769726248
883,22,31,18,2,0.726027397260274,0.7746598639455782,0.6326530612244898,0.9166666666666666,0.7560975609756098,0.9166666666666666,0.6326530612244898,0.6875,0.7217987804878049,0.9243197278911565
884,20,36,11,6,0.7671232876712328,0.76759410801964,0.7659574468085106,0.7692307692307693,0.8089887640449438,0.7692307692307693,0.7659574468085106,0.7017543859649122,0.755371575004928,0.886252045826514
885,12,33,17,11,0.6164383561643836,0.5908695652173913,0.66,0.5217391304347826,0.7021276595744681,0.5217391304347826,0.66,0.46153846153846156,0.5818330605564648,0.7495652173913043
886,20,37,9,7,0.7808219178082192,0.7725442834138486,0.8043478260869565,0.7407407407407407,0.8222222222222222,0.7407407407407407,0.8043478260869565,0.7142857142857143,0.7682539682539682,0.8655394524959741
887,20,34,13,6,0.7397260273972602,0.7463175122749591,0.723404255319149,0.7692307692307693,0.7816091954022989,0.7692307692307693,0.723404255319149,0.6779661016949152,0.729787648548607,0.8543371522094926
888,17,34,15,7,0.6986301369863014,0.7011054421768708,0.6938775510204082,0.7083333333333334,0.7555555555555555,0.7083333333333334,0.6938775510204082,0.6071428571428571,0.6813492063492064,0.798469387755102
889,27,33,9,4,0.821917808219178,0.8283410138248848,0.7857142857142857,0.8709677419354839,0.8354430379746836,0.8709677419354839,0.7857142857142857,0.8059701492537313,0.8207065936142075,0.9047619047619049
890,19,41,8,5,0.821917808219178,0.8142006802721089,0.8367346938775511,0.7916666666666666,0.8631578947368421,0.7916666666666666,0.8367346938775511,0.7450980392156863,0.8041279669762642,0.8826530612244897
891,15,41,9,8,0.7671232876712328,0.7360869565217392,0.82,0.6521739130434783,0.8282828282828283,0.6521739130434783,0.82,0.6382978723404256,0.7332903503116269,0.8573913043478262
892,22,32,9,10,0.7397260273972602,0.7339939024390244,0.7804878048780488,0.6875,0.7710843373493976,0.6875,0.7804878048780488,0.6984126984126984,0.734748517881048,0.7850609756097561
893,20,39,10,4,0.8082191780821918,0.814625850340136,0.7959183673469388,0.8333333333333334,0.8478260869565217,0.8333333333333334,0.7959183673469388,0.7407407407407407,0.7942834138486312,0.9047619047619048
894,17,36,12,8,0.726027397260274,0.7150000000000001,0.75,0.68,0.782608695652174,0.68,0.75,0.6296296296296297,0.7061191626409018,0.8175
895,17,34,15,7,0.6986301369863014,0.7011054421768708,0.6938775510204082,0.7083333333333334,0.7555555555555555,0.7083333333333334,0.6938775510204082,0.6071428571428571,0.6813492063492064,0.8095238095238095
896,18,40,9,6,0.7945205479452054,0.7831632653061225,0.8163265306122449,0.75,0.8421052631578947,0.75,0.8163265306122449,0.7058823529411765,0.7739938080495357,0.8809523809523809
897,24,38,9,2,0.8493150684931506,0.8657937806873977,0.8085106382978723,0.9230769230769231,0.8735632183908046,0.9230769230769231,0.8085106382978723,0.8135593220338984,0.8435612702123515,0.9034369885433715
898,24,28,12,9,0.7123287671232876,0.7136363636363636,0.7,0.7272727272727273,0.7272727272727273,0.7272727272727273,0.7,0.6956521739130435,0.7114624505928854,0.8242424242424242
899,19,36,10,8,0.7534246575342466,0.7431561996779388,0.782608695652174,0.7037037037037037,0.8,0.7037037037037037,0.782608695652174,0.6785714285714286,0.7392857142857143,0.8438003220611916
900,23,33,10,7,0.7671232876712328,0.7670542635658915,0.7674418604651163,0.7666666666666667,0.7951807228915663,0.7666666666666667,0.7674418604651163,0.7301587301587301,0.7626697265251482,0.8488372093023255
901,20,35,14,4,0.7534246575342466,0.7738095238095238,0.7142857142857143,0.8333333333333334,0.7954545454545454,0.8333333333333334,0.7142857142857143,0.6896551724137931,0.7425548589341693,0.8698979591836734
902,21,32,15,5,0.726027397260274,0.7442716857610474,0.6808510638297872,0.8076923076923077,0.7619047619047619,0.8076923076923077,0.6808510638297872,0.6774193548387096,0.7196620583717357,0.8641571194762684
903,20,32,15,6,0.7123287671232876,0.7250409165302782,0.6808510638297872,0.7692307692307693,0.7529411764705882,0.7692307692307693,0.6808510638297872,0.6557377049180327,0.7043394406943104,0.855973813420622
904,18,43,9,3,0.8356164383561644,0.8420329670329669,0.8269230769230769,0.8571428571428571,0.8775510204081632,0.8571428571428571,0.8269230769230769,0.75,0.8137755102040816,0.8580586080586081
905,13,38,16,6,0.6986301369863014,0.6939571150097466,0.7037037037037037,0.6842105263157895,0.7755102040816326,0.6842105263157895,0.7037037037037037,0.5416666666666666,0.6585884353741496,0.8206627680311891
906,17,32,13,11,0.6712328767123288,0.6591269841269841,0.7111111111111111,0.6071428571428571,0.7272727272727273,0.6071428571428571,0.7111111111111111,0.5862068965517241,0.6567398119122256,0.7984126984126984
907,19,35,14,5,0.7397260273972602,0.7529761904761905,0.7142857142857143,0.7916666666666666,0.7865168539325843,0.7916666666666666,0.7142857142857143,0.6666666666666666,0.7265917602996255,0.8324829931972789
908,20,34,9,10,0.7397260273972602,0.7286821705426356,0.7906976744186046,0.6666666666666666,0.7816091954022989,0.6666666666666666,0.7906976744186046,0.6779661016949152,0.729787648548607,0.8426356589147286
909,20,34,14,5,0.7397260273972602,0.7541666666666667,0.7083333333333334,0.8,0.7816091954022989,0.8,0.7083333333333334,0.6779661016949152,0.729787648548607,0.8841666666666667
910,13,40,13,7,0.726027397260274,0.7023584905660378,0.7547169811320755,0.65,0.8,0.65,0.7547169811320755,0.5652173913043478,0.682608695652174,0.7858490566037736
911,22,37,9,5,0.8082191780821918,0.8095813204508857,0.8043478260869565,0.8148148148148148,0.8409090909090909,0.8148148148148148,0.8043478260869565,0.7586206896551724,0.7997648902821317,0.8969404186795491
912,21,32,13,7,0.726027397260274,0.7305555555555556,0.7111111111111111,0.75,0.7619047619047619,0.75,0.7111111111111111,0.6774193548387096,0.7196620583717357,0.823015873015873
913,13,46,8,6,0.8082191780821918,0.7680311890838207,0.8518518518518519,0.6842105263157895,0.8679245283018868,0.6842105263157895,0.8518518518518519,0.65,0.7589622641509435,0.8664717348927875
914,16,37,14,6,0.726027397260274,0.7263814616755793,0.7254901960784313,0.7272727272727273,0.7872340425531915,0.7272727272727273,0.7254901960784313,0.6153846153846154,0.7013093289689034,0.8128342245989304
915,23,33,9,8,0.7671232876712328,0.7638248847926268,0.7857142857142857,0.7419354838709677,0.7951807228915663,0.7419354838709677,0.7857142857142857,0.7301587301587301,0.7626697265251482,0.7895545314900154
916,16,43,8,6,0.8082191780821918,0.785204991087344,0.8431372549019608,0.7272727272727273,0.86,0.7272727272727273,0.8431372549019608,0.6956521739130435,0.7778260869565217,0.8832442067736185
917,24,34,11,4,0.7945205479452054,0.8063492063492064,0.7555555555555555,0.8571428571428571,0.8192771084337349,0.8571428571428571,0.7555555555555555,0.7619047619047619,0.7905909351692484,0.8904761904761905
918,24,33,8,8,0.7808219178082192,0.7774390243902439,0.8048780487804879,0.75,0.8048780487804879,0.75,0.8048780487804879,0.75,0.7774390243902439,0.8262195121951219
919,21,36,9,7,0.7808219178082192,0.775,0.8,0.75,0.8181818181818182,0.75,0.8,0.7241379310344828,0.7711598746081505,0.8484126984126984
920,26,24,13,10,0.684931506849315,0.6854354354354355,0.6486486486486487,0.7222222222222222,0.676056338028169,0.7222222222222222,0.6486486486486487,0.6933333333333334,0.6846948356807512,0.7845345345345345
921,19,33,11,10,0.7123287671232876,0.7025862068965517,0.75,0.6551724137931034,0.7586206896551724,0.6551724137931034,0.75,0.6440677966101694,0.7013442431326709,0.8064263322884012
922,18,34,16,5,0.7123287671232876,0.731304347826087,0.68,0.782608695652174,0.7640449438202247,0.782608695652174,0.68,0.631578947368421,0.6978119455943228,0.8365217391304347
923,22,39,11,1,0.8356164383561644,0.8682608695652174,0.78,0.9565217391304348,0.8666666666666667,0.9565217391304348,0.78,0.7857142857142857,0.8261904761904761,0.9617391304347825
924,19,30,10,14,0.6712328767123288,0.6628787878787878,0.75,0.5757575757575758,0.7142857142857143,0.5757575757575758,0.75,0.6129032258064516,0.663594470046083,0.8174242424242424
925,12,41,13,7,0.726027397260274,0.6954191033138402,0.7592592592592593,0.631578947368421,0.803921568627451,0.631578947368421,0.7592592592592593,0.5454545454545454,0.6746880570409982,0.7846003898635477
926,15,36,17,5,0.6986301369863014,0.7146226415094339,0.6792452830188679,0.75,0.7659574468085106,0.75,0.6792452830188679,0.5769230769230769,0.6714402618657938,0.8537735849056604
927,20,31,15,7,0.6986301369863014,0.7073268921095008,0.6739130434782609,0.7407407407407407,0.7380952380952381,0.7407407407407407,0.6739130434782609,0.6451612903225806,0.6916282642089093,0.8123993558776167
928,23,33,12,5,0.7671232876712328,0.7773809523809523,0.7333333333333333,0.8214285714285714,0.7951807228915663,0.8214285714285714,0.7333333333333333,0.7301587301587301,0.7626697265251482,0.8809523809523809
929,17,34,15,7,0.6986301369863014,0.7011054421768708,0.6938775510204082,0.7083333333333334,0.7555555555555555,0.7083333333333334,0.6938775510204082,0.6071428571428571,0.6813492063492064,0.8018707482993197
930,21,31,17,4,0.7123287671232876,0.7429166666666667,0.6458333333333334,0.84,0.7469879518072289,0.84,0.6458333333333334,0.6666666666666666,0.7068273092369477,0.8408333333333333
931,18,39,12,4,0.7808219178082192,0.7914438502673797,0.7647058823529411,0.8181818181818182,0.8297872340425532,0.8181818181818182,0.7647058823529411,0.6923076923076923,0.7610474631751227,0.8805704099821747
932,23,34,8,8,0.7808219178082192,0.7757296466973886,0.8095238095238095,0.7419354838709677,0.8095238095238095,0.7419354838709677,0.8095238095238095,0.7419354838709677,0.7757296466973886,0.8433179723502304
933,16,36,9,12,0.7123287671232876,0.6857142857142857,0.8,0.5714285714285714,0.7741935483870968,0.5714285714285714,0.8,0.6037735849056604,0.6889835666463786,0.7817460317460317
934,21,29,13,10,0.684931506849315,0.6839477726574501,0.6904761904761905,0.6774193548387096,0.7160493827160493,0.6774193548387096,0.6904761904761905,0.6461538461538462,0.6811016144349478,0.794162826420891
935,23,34,11,5,0.7808219178082192,0.7884920634920635,0.7555555555555555,0.8214285714285714,0.8095238095238095,0.8214285714285714,0.7555555555555555,0.7419354838709677,0.7757296466973886,0.8833333333333333
936,23,32,12,6,0.7534246575342466,0.7601880877742947,0.7272727272727273,0.7931034482758621,0.7804878048780488,0.7931034482758621,0.7272727272727273,0.71875,0.7496189024390244,0.890282131661442
937,16,37,14,6,0.726027397260274,0.7263814616755793,0.7254901960784313,0.7272727272727273,0.7872340425531915,0.7272727272727273,0.7254901960784313,0.6153846153846154,0.7013093289689034,0.8449197860962567
938,16,40,11,6,0.7671232876712328,0.7557932263814617,0.7843137254901961,0.7272727272727273,0.8247422680412371,0.7272727272727273,0.7843137254901961,0.6530612244897959,0.7389017462655165,0.8449197860962567
939,13,41,11,8,0.7397260273972602,0.7037545787545787,0.7884615384615384,0.6190476190476191,0.8118811881188119,0.6190476190476191,0.7884615384615384,0.5777777777777777,0.6948294829482948,0.8415750915750916
940,19,39,9,6,0.7945205479452054,0.78625,0.8125,0.76,0.8387096774193549,0.76,0.8125,0.7169811320754716,0.7778454047474133,0.8516666666666667
941,16,37,12,8,0.726027397260274,0.7108843537414966,0.7551020408163265,0.6666666666666666,0.7872340425531915,0.6666666666666666,0.7551020408163265,0.6153846153846154,0.7013093289689034,0.7933673469387755
942,23,31,12,7,0.7397260273972602,0.743798449612403,0.7209302325581395,0.7666666666666667,0.7654320987654321,0.7666666666666667,0.7209302325581395,0.7076923076923077,0.7365622032288699,0.8372093023255813
943,15,40,13,5,0.7534246575342466,0.7523584905660378,0.7547169811320755,0.75,0.8163265306122449,0.75,0.7547169811320755,0.625,0.7206632653061225,0.8688679245283019
944,22,37,12,2,0.8082191780821918,0.8358843537414966,0.7551020408163265,0.9166666666666666,0.8409090909090909,0.9166666666666666,0.7551020408163265,0.7586206896551724,0.7997648902821317,0.9319727891156463
945,19,35,10,9,0.7397260273972602,0.7281746031746033,0.7777777777777778,0.6785714285714286,0.7865168539325843,0.6785714285714286,0.7777777777777778,0.6666666666666666,0.7265917602996255,0.8246031746031746
946,13,42,12,6,0.7534246575342466,0.7309941520467836,0.7777777777777778,0.6842105263157895,0.8235294117647058,0.6842105263157895,0.7777777777777778,0.5909090909090909,0.7072192513368984,0.8693957115009746
947,15,39,13,6,0.7397260273972602,0.7321428571428572,0.75,0.7142857142857143,0.8041237113402062,0.7142857142857143,0.75,0.6122448979591837,0.708184304649695,0.847985347985348
948,16,35,14,8,0.6986301369863014,0.6904761904761905,0.7142857142857143,0.6666666666666666,0.7608695652173914,0.6666666666666666,0.7142857142857143,0.5925925925925926,0.676731078904992,0.8316326530612245
949,16,39,12,6,0.7534246575342466,0.7459893048128342,0.7647058823529411,0.7272727272727273,0.8125,0.7272727272727273,0.7647058823529411,0.64,0.7262500000000001,0.8306595365418895
950,14,34,20,5,0.6575342465753424,0.6832358674463938,0.6296296296296297,0.7368421052631579,0.7311827956989247,0.7368421052631579,0.6296296296296297,0.5283018867924528,0.6297423412456888,0.7417153996101365
951,16,41,13,3,0.7808219178082192,0.800682261208577,0.7592592592592593,0.8421052631578947,0.8367346938775511,0.8421052631578947,0.7592592592592593,0.6666666666666666,0.7517006802721089,0.8567251461988304
952,25,29,13,6,0.7397260273972602,0.7484639016897081,0.6904761904761905,0.8064516129032258,0.7532467532467533,0.8064516129032258,0.6904761904761905,0.7246376811594203,0.7389422172030868,0.84715821812596
953,15,38,15,5,0.726027397260274,0.7334905660377358,0.7169811320754716,0.75,0.7916666666666666,0.75,0.7169811320754716,0.6,0.6958333333333333,0.8471698113207546
954,15,36,16,6,0.6986301369863014,0.7032967032967032,0.6923076923076923,0.7142857142857143,0.7659574468085106,0.7142857142857143,0.6923076923076923,0.5769230769230769,0.6714402618657938,0.8470695970695971
955,15,35,15,8,0.684931506849315,0.6760869565217391,0.7,0.6521739130434783,0.7526881720430108,0.6521739130434783,0.7,0.5660377358490566,0.6593629539460337,0.7869565217391304
956,19,44,5,5,0.863013698630137,0.844812925170068,0.8979591836734694,0.7916666666666666,0.8979591836734694,0.7916666666666666,0.8979591836734694,0.7916666666666666,0.844812925170068,0.9039115646258503
957,18,36,11,8,0.7397260273972602,0.7291325695581015,0.7659574468085106,0.6923076923076923,0.7912087912087912,0.6923076923076923,0.7659574468085106,0.6545454545454545,0.7228771228771229,0.8085106382978724
958,23,34,13,3,0.7808219178082192,0.8040098199672667,0.723404255319149,0.8846153846153846,0.8095238095238095,0.8846153846153846,0.723404255319149,0.7419354838709677,0.7757296466973886,0.9337152209492635
959,17,37,10,9,0.7397260273972602,0.7205400981996727,0.7872340425531915,0.6538461538461539,0.7956989247311828,0.6538461538461539,0.7872340425531915,0.6415094339622641,0.7186041793467235,0.8142389525368249
960,18,38,13,4,0.7671232876712328,0.7816399286987523,0.7450980392156863,0.8181818181818182,0.8172043010752689,0.8181818181818182,0.7450980392156863,0.6792452830188679,0.7482247920470684,0.8975044563279857
961,16,42,11,4,0.7945205479452054,0.7962264150943397,0.7924528301886793,0.8,0.8484848484848485,0.8,0.7924528301886793,0.6808510638297872,0.7646679561573179,0.9066037735849057
962,14,33,14,12,0.6438356164383562,0.6202945990180033,0.7021276595744681,0.5384615384615384,0.717391304347826,0.5384615384615384,0.7021276595744681,0.5185185185185185,0.6179549114331723,0.7454991816693944
963,17,40,10,6,0.7808219178082192,0.7695652173913043,0.8,0.7391304347826086,0.8333333333333334,0.7391304347826086,0.8,0.68,0.7566666666666667,0.8765217391304347
964,17,37,11,8,0.7397260273972602,0.7254166666666667,0.7708333333333334,0.68,0.7956989247311828,0.68,0.7708333333333334,0.6415094339622641,0.7186041793467235,0.83
965,20,30,17,6,0.684931506849315,0.7037643207855975,0.6382978723404256,0.7692307692307693,0.7228915662650602,0.7692307692307693,0.6382978723404256,0.6349206349206349,0.6789061005928476,0.8248772504091653
966,20,32,12,9,0.7123287671232876,0.7084639498432602,0.7272727272727273,0.6896551724137931,0.7529411764705882,0.6896551724137931,0.7272727272727273,0.6557377049180327,0.7043394406943104,0.8119122257053292
967,19,39,7,8,0.7945205479452054,0.7757648953301127,0.8478260869565217,0.7037037037037037,0.8387096774193549,0.7037037037037037,0.8478260869565217,0.7169811320754716,0.7778454047474133,0.8446054750402576
968,21,38,8,6,0.8082191780821918,0.8019323671497585,0.8260869565217391,0.7777777777777778,0.8444444444444444,0.7777777777777778,0.8260869565217391,0.75,0.7972222222222223,0.9251207729468599
969,15,43,12,3,0.7945205479452054,0.8075757575757576,0.7818181818181819,0.8333333333333334,0.8514851485148515,0.8333333333333334,0.7818181818181819,0.6666666666666666,0.759075907590759,0.8484848484848486
970,14,34,16,9,0.6575342465753424,0.6443478260869566,0.68,0.6086956521739131,0.7311827956989247,0.6086956521739131,0.68,0.5283018867924528,0.6297423412456888,0.7747826086956522
971,16,32,15,10,0.6575342465753424,0.6481178396072014,0.6808510638297872,0.6153846153846154,0.7191011235955056,0.6153846153846154,0.6808510638297872,0.5614035087719298,0.6402523161837177,0.8117839607201309
972,19,37,10,7,0.7671232876712328,0.7590016366612111,0.7872340425531915,0.7307692307692307,0.8131868131868132,0.7307692307692307,0.7872340425531915,0.6909090909090909,0.752047952047952,0.8600654664484452
973,24,33,9,7,0.7808219178082192,0.7799539170506913,0.7857142857142857,0.7741935483870968,0.8048780487804879,0.7741935483870968,0.7857142857142857,0.75,0.7774390243902439,0.8678955453149001
974,17,36,13,7,0.726027397260274,0.7215136054421769,0.7346938775510204,0.7083333333333334,0.782608695652174,0.7083333333333334,0.7346938775510204,0.6296296296296297,0.7061191626409018,0.869047619047619
975,16,41,9,7,0.7808219178082192,0.7578260869565216,0.82,0.6956521739130435,0.8367346938775511,0.6956521739130435,0.82,0.6666666666666666,0.7517006802721089,0.8243478260869566
976,25,36,9,3,0.8356164383561644,0.8464285714285715,0.8,0.8928571428571429,0.8571428571428571,0.8928571428571429,0.8,0.8064516129032258,0.8317972350230414,0.9071428571428571
977,18,33,13,9,0.6986301369863014,0.6920289855072463,0.717391304347826,0.6666666666666666,0.75,0.6666666666666666,0.717391304347826,0.6206896551724138,0.6853448275862069,0.7713365539452496
978,23,32,5,13,0.7534246575342466,0.7518768768768769,0.8648648648648649,0.6388888888888888,0.7804878048780488,0.6388888888888888,0.8648648648648649,0.71875,0.7496189024390244,0.8415915915915915
979,26,37,4,6,0.863013698630137,0.8574695121951219,0.9024390243902439,0.8125,0.8809523809523809,0.8125,0.9024390243902439,0.8387096774193549,0.859831029185868,0.9214939024390244
980,24,29,18,2,0.726027397260274,0.7700490998363339,0.6170212765957447,0.9230769230769231,0.7435897435897436,0.9230769230769231,0.6170212765957447,0.7058823529411765,0.7247360482654601,0.9230769230769231
981,11,44,13,5,0.7534246575342466,0.7297149122807017,0.7719298245614035,0.6875,0.8301886792452831,0.6875,0.7719298245614035,0.55,0.6900943396226416,0.8092105263157894
982,26,33,6,8,0.8082191780821918,0.8054298642533937,0.8461538461538461,0.7647058823529411,0.825,0.7647058823529411,0.8461538461538461,0.7878787878787878,0.8064393939393939,0.8574660633484164
983,17,37,13,6,0.7397260273972602,0.7395652173913043,0.74,0.7391304347826086,0.7956989247311828,0.7391304347826086,0.74,0.6415094339622641,0.7186041793467235,0.8486956521739131
984,18,32,14,9,0.684931506849315,0.681159420289855,0.6956521739130435,0.6666666666666666,0.735632183908046,0.6666666666666666,0.6956521739130435,0.6101694915254238,0.6729008377167349,0.8285024154589372
985,17,37,13,6,0.7397260273972602,0.7395652173913043,0.74,0.7391304347826086,0.7956989247311828,0.7391304347826086,0.74,0.6415094339622641,0.7186041793467235,0.8556521739130435
986,11,43,10,9,0.7397260273972602,0.6806603773584906,0.8113207547169812,0.55,0.819047619047619,0.55,0.8113207547169812,0.5365853658536586,0.6778164924506388,0.7990566037735849
987,27,28,10,8,0.7534246575342466,0.7541353383458647,0.7368421052631579,0.7714285714285715,0.7567567567567568,0.7714285714285715,0.7368421052631579,0.75,0.7533783783783784,0.8353383458646617
988,14,44,8,7,0.7945205479452054,0.7564102564102564,0.8461538461538461,0.6666666666666666,0.8543689320388349,0.6666666666666666,0.8461538461538461,0.6511627906976745,0.7527658613682546,0.8342490842490842
989,15,36,15,7,0.6986301369863014,0.6938502673796791,0.7058823529411765,0.6818181818181818,0.7659574468085106,0.6818181818181818,0.7058823529411765,0.5769230769230769,0.6714402618657938,0.7967914438502673
990,17,40,9,7,0.7808219178082192,0.7623299319727892,0.8163265306122449,0.7083333333333334,0.8333333333333334,0.7083333333333334,0.8163265306122449,0.68,0.7566666666666667,0.8214285714285714
991,19,37,8,9,0.7671232876712328,0.7503968253968254,0.8222222222222222,0.6785714285714286,0.8131868131868132,0.6785714285714286,0.8222222222222222,0.6909090909090909,0.752047952047952,0.8484126984126984
992,18,28,18,9,0.6301369863013698,0.6376811594202898,0.6086956521739131,0.6666666666666666,0.6746987951807228,0.6666666666666666,0.6086956521739131,0.5714285714285714,0.6230636833046471,0.7471819645732689
993,19,36,9,9,0.7534246575342466,0.7392857142857143,0.8,0.6785714285714286,0.8,0.6785714285714286,0.8,0.6785714285714286,0.7392857142857143,0.8634920634920635
994,16,39,9,9,0.7534246575342466,0.7262500000000001,0.8125,0.64,0.8125,0.64,0.8125,0.64,0.7262500000000001,0.8033333333333333
995,18,34,8,13,0.7123287671232876,0.6950844854070661,0.8095238095238095,0.5806451612903226,0.7640449438202247,0.5806451612903226,0.8095238095238095,0.631578947368421,0.6978119455943228,0.7235023041474654
996,16,39,11,7,0.7534246575342466,0.7378260869565217,0.78,0.6956521739130435,0.8125,0.6956521739130435,0.78,0.64,0.7262500000000001,0.8626086956521739
997,16,35,13,9,0.6986301369863014,0.6845833333333333,0.7291666666666666,0.64,0.7608695652173914,0.64,0.7291666666666666,0.5925925925925926,0.676731078904992,0.7641666666666668
998,18,33,12,10,0.6986301369863014,0.6880952380952381,0.7333333333333333,0.6428571428571429,0.75,0.6428571428571429,0.7333333333333333,0.6206896551724138,0.6853448275862069,0.8230158730158731
999,14,37,10,12,0.6986301369863014,0.662847790507365,0.7872340425531915,0.5384615384615384,0.7708333333333334,0.5384615384615384,0.7872340425531915,0.56,0.6654166666666668,0.7643207855973813
1000,23,35,11,4,0.7945205479452054,0.8063607085346216,0.7608695652173914,0.8518518518518519,0.8235294117647058,0.8518518518518519,0.7608695652173914,0.7540983606557377,0.7888138862102217,0.8832528180354268
