round,TP,TN,FP,FN,Accuracy,BalancedAccuracy,Sensitivity_Class0,Specificity_Class0,F1_Class0,Sensitivity_Class1,Specificity_Class1,F1_Class1,F1_macro,AUC
1,17,35,6,15,0.7123287671232876,0.6924542682926829,0.8536585365853658,0.53125,0.7692307692307693,0.53125,0.8536585365853658,0.6181818181818182,0.6937062937062937,0.8772865853658537
2,16,44,8,5,0.821917808219178,0.8040293040293041,0.8461538461538461,0.7619047619047619,0.8712871287128713,0.7619047619047619,0.8461538461538461,0.7111111111111111,0.7911991199119912,0.9523809523809524
3,22,37,7,7,0.8082191780821918,0.7997648902821317,0.8409090909090909,0.7586206896551724,0.8409090909090909,0.7586206896551724,0.8409090909090909,0.7586206896551724,0.7997648902821317,0.8608934169278997
4,12,41,6,14,0.726027397260274,0.6669394435351883,0.8723404255319149,0.46153846153846156,0.803921568627451,0.46153846153846156,0.8723404255319149,0.5454545454545454,0.6746880570409982,0.7610474631751228
5,23,36,8,6,0.8082191780821918,0.8056426332288402,0.8181818181818182,0.7931034482758621,0.8372093023255814,0.7931034482758621,0.8181818181818182,0.7666666666666667,0.8019379844961241,0.8824451410658308
6,18,43,6,6,0.8356164383561644,0.8137755102040816,0.8775510204081632,0.75,0.8775510204081632,0.75,0.8775510204081632,0.75,0.8137755102040816,0.9115646258503403
7,17,44,5,7,0.8356164383561644,0.8031462585034014,0.8979591836734694,0.7083333333333334,0.88,0.7083333333333334,0.8979591836734694,0.7391304347826086,0.8095652173913044,0.8341836734693878
8,13,40,10,10,0.726027397260274,0.682608695652174,0.8,0.5652173913043478,0.8,0.5652173913043478,0.8,0.5652173913043478,0.682608695652174,0.7634782608695652
9,24,39,3,7,0.863013698630137,0.8513824884792627,0.9285714285714286,0.7741935483870968,0.8863636363636364,0.7741935483870968,0.9285714285714286,0.8275862068965517,0.856974921630094,0.8947772657450077
10,13,43,7,10,0.7671232876712328,0.7126086956521739,0.86,0.5652173913043478,0.8349514563106796,0.5652173913043478,0.86,0.6046511627906976,0.7198013095506886,0.7460869565217392
11,21,39,9,4,0.821917808219178,0.8262499999999999,0.8125,0.84,0.8571428571428571,0.84,0.8125,0.7636363636363637,0.8103896103896104,0.92625
12,17,41,5,10,0.7945205479452054,0.7604669887278583,0.8913043478260869,0.6296296296296297,0.845360824742268,0.6296296296296297,0.8913043478260869,0.6938775510204082,0.7696191878813381,0.8900966183574879
13,14,43,10,6,0.7808219178082192,0.7556603773584906,0.8113207547169812,0.7,0.8431372549019608,0.7,0.8113207547169812,0.6363636363636364,0.7397504456327986,0.8415094339622642
14,24,37,3,9,0.8356164383561644,0.8261363636363637,0.925,0.7272727272727273,0.8604651162790697,0.7272727272727273,0.925,0.8,0.8302325581395349,0.865909090909091
15,13,46,9,5,0.8082191780821918,0.7792929292929293,0.8363636363636363,0.7222222222222222,0.8679245283018868,0.7222222222222222,0.8363636363636363,0.65,0.7589622641509435,0.8787878787878788
16,19,37,10,7,0.7671232876712328,0.7590016366612111,0.7872340425531915,0.7307692307692307,0.8131868131868132,0.7307692307692307,0.7872340425531915,0.6909090909090909,0.752047952047952,0.8330605564648118
17,19,39,9,6,0.7945205479452054,0.78625,0.8125,0.76,0.8387096774193549,0.76,0.8125,0.7169811320754716,0.7778454047474133,0.865
18,18,35,7,13,0.726027397260274,0.706989247311828,0.8333333333333334,0.5806451612903226,0.7777777777777778,0.5806451612903226,0.8333333333333334,0.6428571428571429,0.7103174603174603,0.7914746543778802
19,15,43,6,9,0.7945205479452054,0.7512755102040816,0.8775510204081632,0.625,0.8514851485148515,0.625,0.8775510204081632,0.6666666666666666,0.759075907590759,0.8707482993197279
20,8,39,10,16,0.6438356164383562,0.564625850340136,0.7959183673469388,0.3333333333333333,0.75,0.3333333333333333,0.7959183673469388,0.38095238095238093,0.5654761904761905,0.7585034013605442
21,14,43,10,6,0.7808219178082192,0.7556603773584906,0.8113207547169812,0.7,0.8431372549019608,0.7,0.8113207547169812,0.6363636363636364,0.7397504456327986,0.8363207547169811
22,13,43,10,7,0.7671232876712328,0.7306603773584905,0.8113207547169812,0.65,0.8349514563106796,0.65,0.8113207547169812,0.6046511627906976,0.7198013095506886,0.8028301886792454
23,17,35,11,10,0.7123287671232876,0.6952495974235104,0.7608695652173914,0.6296296296296297,0.7692307692307693,0.6296296296296297,0.7608695652173914,0.6181818181818182,0.6937062937062937,0.789049919484702
24,16,34,13,10,0.684931506849315,0.6693944353518821,0.723404255319149,0.6153846153846154,0.7472527472527473,0.6153846153846154,0.723404255319149,0.5818181818181818,0.6645354645354645,0.8498363338788871
25,10,47,5,11,0.7808219178082192,0.690018315018315,0.9038461538461539,0.47619047619047616,0.8545454545454545,0.47619047619047616,0.9038461538461539,0.5555555555555556,0.705050505050505,0.8003663003663003
26,16,44,7,6,0.821917808219178,0.7950089126559715,0.8627450980392157,0.7272727272727273,0.8712871287128713,0.7272727272727273,0.8627450980392157,0.7111111111111111,0.7911991199119912,0.9153297682709448
27,18,36,15,4,0.7397260273972602,0.7620320855614974,0.7058823529411765,0.8181818181818182,0.7912087912087912,0.8181818181818182,0.7058823529411765,0.6545454545454545,0.7228771228771229,0.820409982174688
28,20,42,4,7,0.8493150684931506,0.826892109500805,0.9130434782608695,0.7407407407407407,0.8842105263157894,0.7407407407407407,0.9130434782608695,0.7843137254901961,0.8342621259029928,0.8985507246376812
29,17,40,7,9,0.7808219178082192,0.752454991816694,0.851063829787234,0.6538461538461539,0.8333333333333334,0.6538461538461539,0.851063829787234,0.68,0.7566666666666667,0.8797054009819967
30,9,52,7,5,0.8356164383561644,0.7621065375302664,0.8813559322033898,0.6428571428571429,0.896551724137931,0.6428571428571429,0.8813559322033898,0.6,0.7482758620689656,0.814769975786925
31,16,40,8,9,0.7671232876712328,0.7366666666666667,0.8333333333333334,0.64,0.8247422680412371,0.64,0.8333333333333334,0.6530612244897959,0.7389017462655165,0.8516666666666666
32,18,38,5,12,0.7671232876712328,0.741860465116279,0.8837209302325582,0.6,0.8172043010752689,0.6,0.8837209302325582,0.6792452830188679,0.7482247920470684,0.8391472868217055
33,20,34,9,10,0.7397260273972602,0.7286821705426356,0.7906976744186046,0.6666666666666666,0.7816091954022989,0.6666666666666666,0.7906976744186046,0.6779661016949152,0.729787648548607,0.8422480620155038
34,11,47,8,7,0.7945205479452054,0.7328282828282828,0.8545454545454545,0.6111111111111112,0.8623853211009175,0.6111111111111112,0.8545454545454545,0.5945945945945946,0.728489957847756,0.8898989898989899
35,19,43,6,5,0.8493150684931506,0.8346088435374149,0.8775510204081632,0.7916666666666666,0.8865979381443299,0.7916666666666666,0.8775510204081632,0.7755102040816326,0.8310540711129812,0.9362244897959183
36,20,38,5,10,0.7945205479452054,0.7751937984496124,0.8837209302325582,0.6666666666666666,0.8351648351648352,0.6666666666666666,0.8837209302325582,0.7272727272727273,0.7812187812187812,0.8984496124031007
37,15,39,8,11,0.7397260273972602,0.703355155482815,0.8297872340425532,0.5769230769230769,0.8041237113402062,0.5769230769230769,0.8297872340425532,0.6122448979591837,0.708184304649695,0.7733224222585925
38,19,44,5,5,0.863013698630137,0.844812925170068,0.8979591836734694,0.7916666666666666,0.8979591836734694,0.7916666666666666,0.8979591836734694,0.7916666666666666,0.844812925170068,0.8660714285714286
39,20,40,6,7,0.821917808219178,0.8051529790660226,0.8695652173913043,0.7407407407407407,0.8602150537634409,0.7407407407407407,0.8695652173913043,0.7547169811320755,0.8074660174477581,0.893719806763285
40,16,39,6,12,0.7534246575342466,0.719047619047619,0.8666666666666667,0.5714285714285714,0.8125,0.5714285714285714,0.8666666666666667,0.64,0.7262500000000001,0.8345238095238096
41,16,45,5,7,0.8356164383561644,0.7978260869565217,0.9,0.6956521739130435,0.8823529411764706,0.6956521739130435,0.9,0.7272727272727273,0.8048128342245989,0.8643478260869565
42,18,39,9,7,0.7808219178082192,0.76625,0.8125,0.72,0.8297872340425532,0.72,0.8125,0.6923076923076923,0.7610474631751227,0.8325000000000001
43,11,46,7,9,0.7808219178082192,0.7089622641509434,0.8679245283018868,0.55,0.8518518518518519,0.55,0.8679245283018868,0.5789473684210527,0.7153996101364523,0.743867924528302
44,17,36,10,10,0.726027397260274,0.7061191626409018,0.782608695652174,0.6296296296296297,0.782608695652174,0.6296296296296297,0.782608695652174,0.6296296296296297,0.7061191626409018,0.7942834138486312
45,15,42,8,8,0.7808219178082192,0.7460869565217392,0.84,0.6521739130434783,0.84,0.6521739130434783,0.84,0.6521739130434783,0.7460869565217392,0.8573913043478261
46,22,40,3,8,0.8493150684931506,0.8317829457364341,0.9302325581395349,0.7333333333333333,0.8791208791208791,0.7333333333333333,0.9302325581395349,0.8,0.8395604395604396,0.9155038759689923
47,26,35,7,5,0.8356164383561644,0.8360215053763441,0.8333333333333334,0.8387096774193549,0.8536585365853658,0.8387096774193549,0.8333333333333334,0.8125,0.8330792682926829,0.8974654377880183
48,22,33,10,8,0.7534246575342466,0.7503875968992249,0.7674418604651163,0.7333333333333333,0.7857142857142857,0.7333333333333333,0.7674418604651163,0.7096774193548387,0.7476958525345623,0.8418604651162791
49,23,39,6,5,0.8493150684931506,0.844047619047619,0.8666666666666667,0.8214285714285714,0.8764044943820225,0.8214285714285714,0.8666666666666667,0.8070175438596491,0.8417110191208358,0.9273809523809523
50,17,39,5,12,0.7671232876712328,0.7362852664576802,0.8863636363636364,0.5862068965517241,0.8210526315789474,0.5862068965517241,0.8863636363636364,0.6666666666666666,0.743859649122807,0.8126959247648904
51,16,45,5,7,0.8356164383561644,0.7978260869565217,0.9,0.6956521739130435,0.8823529411764706,0.6956521739130435,0.9,0.7272727272727273,0.8048128342245989,0.817391304347826
52,18,40,5,10,0.7945205479452054,0.7658730158730158,0.8888888888888888,0.6428571428571429,0.8421052631578947,0.6428571428571429,0.8888888888888888,0.7058823529411765,0.7739938080495357,0.8515873015873016
53,23,32,6,12,0.7534246575342466,0.7496240601503759,0.8421052631578947,0.6571428571428571,0.7804878048780488,0.6571428571428571,0.8421052631578947,0.71875,0.7496189024390244,0.8842105263157894
54,11,41,8,13,0.7123287671232876,0.6475340136054422,0.8367346938775511,0.4583333333333333,0.7961165048543689,0.4583333333333333,0.8367346938775511,0.5116279069767442,0.6538722059155566,0.7380952380952381
55,16,32,14,11,0.6575342465753424,0.644122383252818,0.6956521739130435,0.5925925925925926,0.7191011235955056,0.5925925925925926,0.6956521739130435,0.5614035087719298,0.6402523161837177,0.7262479871175523
56,15,38,6,14,0.726027397260274,0.6904388714733543,0.8636363636363636,0.5172413793103449,0.7916666666666666,0.5172413793103449,0.8636363636363636,0.6,0.6958333333333333,0.7789968652037618
57,18,36,8,11,0.7397260273972602,0.719435736677116,0.8181818181818182,0.6206896551724138,0.7912087912087912,0.6206896551724138,0.8181818181818182,0.6545454545454545,0.7228771228771229,0.8369905956112852
58,20,36,10,7,0.7671232876712328,0.7616747181964574,0.782608695652174,0.7407407407407407,0.8089887640449438,0.7407407407407407,0.782608695652174,0.7017543859649122,0.755371575004928,0.855877616747182
59,18,34,8,13,0.7123287671232876,0.6950844854070661,0.8095238095238095,0.5806451612903226,0.7640449438202247,0.5806451612903226,0.8095238095238095,0.631578947368421,0.6978119455943228,0.7741935483870968
60,25,29,6,13,0.7397260273972602,0.743233082706767,0.8285714285714286,0.6578947368421053,0.7532467532467533,0.6578947368421053,0.8285714285714286,0.7246376811594203,0.7389422172030868,0.8308270676691729
61,11,42,10,10,0.726027397260274,0.6657509157509158,0.8076923076923077,0.5238095238095238,0.8076923076923077,0.5238095238095238,0.8076923076923077,0.5238095238095238,0.6657509157509158,0.7495421245421245
62,19,40,10,4,0.8082191780821918,0.8130434782608695,0.8,0.8260869565217391,0.851063829787234,0.8260869565217391,0.8,0.7307692307692307,0.7909165302782324,0.9034782608695653
63,14,41,9,9,0.7534246575342466,0.7143478260869565,0.82,0.6086956521739131,0.82,0.6086956521739131,0.82,0.6086956521739131,0.7143478260869565,0.8547826086956521
64,17,41,8,7,0.7945205479452054,0.7725340136054422,0.8367346938775511,0.7083333333333334,0.845360824742268,0.7083333333333334,0.8367346938775511,0.6938775510204082,0.7696191878813381,0.8635204081632654
65,15,41,8,9,0.7671232876712328,0.7308673469387755,0.8367346938775511,0.625,0.8282828282828283,0.625,0.8367346938775511,0.6382978723404256,0.7332903503116269,0.8112244897959183
66,18,36,11,8,0.7397260273972602,0.7291325695581015,0.7659574468085106,0.6923076923076923,0.7912087912087912,0.6923076923076923,0.7659574468085106,0.6545454545454545,0.7228771228771229,0.7978723404255319
67,15,36,12,10,0.6986301369863014,0.675,0.75,0.6,0.7659574468085106,0.6,0.75,0.5769230769230769,0.6714402618657938,0.7925000000000001
68,11,46,5,11,0.7808219178082192,0.7009803921568627,0.9019607843137255,0.5,0.8518518518518519,0.5,0.9019607843137255,0.5789473684210527,0.7153996101364523,0.8088235294117647
69,18,41,11,3,0.8082191780821918,0.8228021978021978,0.7884615384615384,0.8571428571428571,0.8541666666666666,0.8571428571428571,0.7884615384615384,0.72,0.7870833333333334,0.9230769230769231
70,16,35,12,10,0.6986301369863014,0.6800327332242226,0.7446808510638298,0.6153846153846154,0.7608695652173914,0.6153846153846154,0.7446808510638298,0.5925925925925926,0.676731078904992,0.8060556464811784
71,15,39,11,8,0.7397260273972602,0.7160869565217391,0.78,0.6521739130434783,0.8041237113402062,0.6521739130434783,0.78,0.6122448979591837,0.708184304649695,0.8134782608695652
72,13,45,8,7,0.7945205479452054,0.7495283018867924,0.8490566037735849,0.65,0.8571428571428571,0.65,0.8490566037735849,0.6341463414634146,0.7456445993031359,0.840566037735849
73,21,31,9,12,0.7123287671232876,0.7056818181818182,0.775,0.6363636363636364,0.7469879518072289,0.6363636363636364,0.775,0.6666666666666666,0.7068273092369477,0.7840909090909091
74,12,38,7,16,0.684931506849315,0.6365079365079365,0.8444444444444444,0.42857142857142855,0.7676767676767676,0.42857142857142855,0.8444444444444444,0.5106382978723404,0.639157532774554,0.7126984126984127
75,23,34,4,12,0.7808219178082192,0.7759398496240602,0.8947368421052632,0.6571428571428571,0.8095238095238095,0.6571428571428571,0.8947368421052632,0.7419354838709677,0.7757296466973886,0.8413533834586466
76,19,36,6,12,0.7534246575342466,0.7350230414746544,0.8571428571428571,0.6129032258064516,0.8,0.6129032258064516,0.8571428571428571,0.6785714285714286,0.7392857142857143,0.7880184331797235
77,14,39,8,12,0.726027397260274,0.6841243862520459,0.8297872340425532,0.5384615384615384,0.7959183673469388,0.5384615384615384,0.8297872340425532,0.5833333333333334,0.689625850340136,0.8150572831423896
78,18,42,6,7,0.821917808219178,0.7975,0.875,0.72,0.865979381443299,0.72,0.875,0.7346938775510204,0.8003366294971597,0.8579166666666667
79,18,36,10,9,0.7397260273972602,0.7246376811594203,0.782608695652174,0.6666666666666666,0.7912087912087912,0.6666666666666666,0.782608695652174,0.6545454545454545,0.7228771228771229,0.9025764895330113
80,15,43,9,6,0.7945205479452054,0.7706043956043955,0.8269230769230769,0.7142857142857143,0.8514851485148515,0.7142857142857143,0.8269230769230769,0.6666666666666666,0.759075907590759,0.8626373626373626
81,16,45,5,7,0.8356164383561644,0.7978260869565217,0.9,0.6956521739130435,0.8823529411764706,0.6956521739130435,0.9,0.7272727272727273,0.8048128342245989,0.8886956521739131
82,16,32,13,12,0.6575342465753424,0.6412698412698412,0.7111111111111111,0.5714285714285714,0.7191011235955056,0.5714285714285714,0.7111111111111111,0.5614035087719298,0.6402523161837177,0.7142857142857142
83,26,36,7,4,0.8493150684931506,0.8519379844961241,0.8372093023255814,0.8666666666666667,0.8674698795180723,0.8666666666666667,0.8372093023255814,0.8253968253968254,0.8464333524574488,0.9116279069767441
84,26,32,8,7,0.7945205479452054,0.793939393939394,0.8,0.7878787878787878,0.810126582278481,0.7878787878787878,0.8,0.7761194029850746,0.7931229926317778,0.8530303030303031
85,18,44,5,6,0.8493150684931506,0.8239795918367347,0.8979591836734694,0.75,0.8888888888888888,0.75,0.8979591836734694,0.7659574468085106,0.8274231678486997,0.9081632653061225
86,20,36,8,9,0.7671232876712328,0.7539184952978057,0.8181818181818182,0.6896551724137931,0.8089887640449438,0.6896551724137931,0.8181818181818182,0.7017543859649122,0.755371575004928,0.8299373040752351
87,19,35,9,10,0.7397260273972602,0.7253134796238244,0.7954545454545454,0.6551724137931034,0.7865168539325843,0.6551724137931034,0.7954545454545454,0.6666666666666666,0.7265917602996255,0.8432601880877743
88,20,37,6,10,0.7808219178082192,0.7635658914728682,0.8604651162790697,0.6666666666666666,0.8222222222222222,0.6666666666666666,0.8604651162790697,0.7142857142857143,0.7682539682539682,0.8372093023255814
89,14,40,8,11,0.7397260273972602,0.6966666666666668,0.8333333333333334,0.56,0.8080808080808081,0.56,0.8333333333333334,0.5957446808510638,0.7019127444659359,0.8458333333333333
90,23,36,5,9,0.8082191780821918,0.7983993902439024,0.8780487804878049,0.71875,0.8372093023255814,0.71875,0.8780487804878049,0.7666666666666667,0.8019379844961241,0.8704268292682927
91,22,35,11,5,0.7808219178082192,0.787842190016103,0.7608695652173914,0.8148148148148148,0.813953488372093,0.8148148148148148,0.7608695652173914,0.7333333333333333,0.7736434108527132,0.8945249597423511
92,22,35,11,5,0.7808219178082192,0.787842190016103,0.7608695652173914,0.8148148148148148,0.813953488372093,0.8148148148148148,0.7608695652173914,0.7333333333333333,0.7736434108527132,0.8687600644122383
93,10,48,5,10,0.7945205479452054,0.7028301886792453,0.9056603773584906,0.5,0.8648648648648649,0.5,0.9056603773584906,0.5714285714285714,0.7181467181467182,0.8490566037735849
94,21,39,6,7,0.821917808219178,0.8083333333333333,0.8666666666666667,0.75,0.8571428571428571,0.75,0.8666666666666667,0.7636363636363637,0.8103896103896104,0.9166666666666667
95,16,38,10,9,0.7397260273972602,0.7158333333333333,0.7916666666666666,0.64,0.8,0.64,0.7916666666666666,0.6274509803921569,0.7137254901960784,0.8083333333333333
96,14,42,9,8,0.7671232876712328,0.7299465240641712,0.8235294117647058,0.6363636363636364,0.8316831683168316,0.6363636363636364,0.8235294117647058,0.6222222222222222,0.7269526952695269,0.7433155080213903
97,14,38,11,10,0.7123287671232876,0.679421768707483,0.7755102040816326,0.5833333333333334,0.7835051546391752,0.5833333333333334,0.7755102040816326,0.5714285714285714,0.6774668630338734,0.7568027210884354
98,15,42,10,6,0.7808219178082192,0.760989010989011,0.8076923076923077,0.7142857142857143,0.84,0.7142857142857143,0.8076923076923077,0.6521739130434783,0.7460869565217392,0.8946886446886447
99,12,46,5,10,0.7945205479452054,0.7237076648841354,0.9019607843137255,0.5454545454545454,0.8598130841121495,0.5454545454545454,0.9019607843137255,0.6153846153846154,0.7375988497483825,0.8275401069518716
100,19,32,14,8,0.6986301369863014,0.6996779388083736,0.6956521739130435,0.7037037037037037,0.7441860465116279,0.7037037037037037,0.6956521739130435,0.6333333333333333,0.6887596899224806,0.7290660225442833
101,12,38,12,11,0.684931506849315,0.6408695652173912,0.76,0.5217391304347826,0.7676767676767676,0.5217391304347826,0.76,0.5106382978723404,0.639157532774554,0.732608695652174
102,20,35,8,10,0.7534246575342466,0.7403100775193798,0.813953488372093,0.6666666666666666,0.7954545454545454,0.6666666666666666,0.813953488372093,0.6896551724137931,0.7425548589341693,0.8286821705426357
103,20,39,8,6,0.8082191780821918,0.7995090016366613,0.8297872340425532,0.7692307692307693,0.8478260869565217,0.7692307692307693,0.8297872340425532,0.7407407407407407,0.7942834138486312,0.8805237315875614
104,20,31,13,9,0.6986301369863014,0.6971003134796239,0.7045454545454546,0.6896551724137931,0.7380952380952381,0.6896551724137931,0.7045454545454546,0.6451612903225806,0.6916282642089093,0.8025078369905956
105,11,45,8,9,0.7671232876712328,0.6995283018867925,0.8490566037735849,0.55,0.8411214953271028,0.55,0.8490566037735849,0.5641025641025641,0.7026120297148335,0.7735849056603774
106,19,34,7,13,0.726027397260274,0.7115091463414633,0.8292682926829268,0.59375,0.7727272727272727,0.59375,0.8292682926829268,0.6551724137931034,0.7139498432601881,0.8559451219512195
107,12,43,7,11,0.7534246575342466,0.6908695652173913,0.86,0.5217391304347826,0.8269230769230769,0.5217391304347826,0.86,0.5714285714285714,0.6991758241758241,0.8008695652173913
108,18,35,9,11,0.726027397260274,0.7080721003134796,0.7954545454545454,0.6206896551724138,0.7777777777777778,0.6206896551724138,0.7954545454545454,0.6428571428571429,0.7103174603174603,0.8072100313479623
109,20,41,8,4,0.8356164383561644,0.8350340136054422,0.8367346938775511,0.8333333333333334,0.8723404255319149,0.8333333333333334,0.8367346938775511,0.7692307692307693,0.820785597381342,0.9073129251700681
110,24,29,10,10,0.726027397260274,0.7247360482654601,0.7435897435897436,0.7058823529411765,0.7435897435897436,0.7058823529411765,0.7435897435897436,0.7058823529411765,0.7247360482654601,0.834841628959276
111,17,40,10,6,0.7808219178082192,0.7695652173913043,0.8,0.7391304347826086,0.8333333333333334,0.7391304347826086,0.8,0.68,0.7566666666666667,0.8469565217391304
112,23,35,7,8,0.7945205479452054,0.7876344086021505,0.8333333333333334,0.7419354838709677,0.8235294117647058,0.7419354838709677,0.8333333333333334,0.7540983606557377,0.7888138862102217,0.8709677419354839
113,20,35,9,9,0.7534246575342466,0.7425548589341693,0.7954545454545454,0.6896551724137931,0.7954545454545454,0.6896551724137931,0.7954545454545454,0.6896551724137931,0.7425548589341693,0.8369905956112852
114,16,42,6,9,0.7945205479452054,0.7575000000000001,0.875,0.64,0.8484848484848485,0.64,0.875,0.6808510638297872,0.7646679561573179,0.835
115,16,30,9,18,0.6301369863013698,0.6199095022624435,0.7692307692307693,0.47058823529411764,0.6896551724137931,0.47058823529411764,0.7692307692307693,0.5423728813559322,0.6160140268848626,0.7149321266968326
116,10,41,11,11,0.6986301369863014,0.6323260073260073,0.7884615384615384,0.47619047619047616,0.7884615384615384,0.47619047619047616,0.7884615384615384,0.47619047619047616,0.6323260073260073,0.6639194139194139
117,24,36,4,9,0.821917808219178,0.8136363636363637,0.9,0.7272727272727273,0.8470588235294118,0.7272727272727273,0.9,0.7868852459016393,0.8169720347155256,0.8666666666666667
118,21,36,7,9,0.7808219178082192,0.7686046511627906,0.8372093023255814,0.7,0.8181818181818182,0.7,0.8372093023255814,0.7241379310344828,0.7711598746081505,0.8329457364341085
119,12,44,6,11,0.7671232876712328,0.7008695652173913,0.88,0.5217391304347826,0.8380952380952381,0.5217391304347826,0.88,0.5853658536585366,0.7117305458768873,0.86
120,17,40,3,13,0.7808219178082192,0.7484496124031008,0.9302325581395349,0.5666666666666667,0.8333333333333334,0.5666666666666667,0.9302325581395349,0.68,0.7566666666666667,0.7546511627906977
121,14,41,9,9,0.7534246575342466,0.7143478260869565,0.82,0.6086956521739131,0.82,0.6086956521739131,0.82,0.6086956521739131,0.7143478260869565,0.8208695652173913
122,17,35,4,17,0.7123287671232876,0.6987179487179487,0.8974358974358975,0.5,0.7692307692307693,0.5,0.8974358974358975,0.6181818181818182,0.6937062937062937,0.8378582202111614
123,15,40,7,11,0.7534246575342466,0.7139934533551555,0.851063829787234,0.5769230769230769,0.8163265306122449,0.5769230769230769,0.851063829787234,0.625,0.7206632653061225,0.8052373158756138
124,14,43,10,6,0.7808219178082192,0.7556603773584906,0.8113207547169812,0.7,0.8431372549019608,0.7,0.8113207547169812,0.6363636363636364,0.7397504456327986,0.8047169811320755
125,17,42,7,7,0.8082191780821918,0.7827380952380952,0.8571428571428571,0.7083333333333334,0.8571428571428571,0.7083333333333334,0.8571428571428571,0.7083333333333334,0.7827380952380952,0.8469387755102041
126,11,43,8,11,0.7397260273972602,0.6715686274509804,0.8431372549019608,0.5,0.819047619047619,0.5,0.8431372549019608,0.5365853658536586,0.6778164924506388,0.7829768270944741
127,27,32,5,9,0.8082191780821918,0.8074324324324325,0.8648648648648649,0.75,0.8205128205128205,0.75,0.8648648648648649,0.7941176470588235,0.807315233785822,0.8982732732732732
128,29,33,4,7,0.8493150684931506,0.8487237237237237,0.8918918918918919,0.8055555555555556,0.8571428571428571,0.8055555555555556,0.8918918918918919,0.8405797101449275,0.8488612836438922,0.8873873873873873
129,15,35,10,13,0.684931506849315,0.6567460317460317,0.7777777777777778,0.5357142857142857,0.7526881720430108,0.5357142857142857,0.7777777777777778,0.5660377358490566,0.6593629539460337,0.7452380952380953
130,11,37,9,16,0.6575342465753424,0.605877616747182,0.8043478260869565,0.4074074074074074,0.7474747474747475,0.4074074074074074,0.8043478260869565,0.46808510638297873,0.6077799269288631,0.6996779388083735
131,20,37,8,8,0.7808219178082192,0.7682539682539682,0.8222222222222222,0.7142857142857143,0.8222222222222222,0.7142857142857143,0.8222222222222222,0.7142857142857143,0.7682539682539682,0.8992063492063492
132,18,40,8,7,0.7945205479452054,0.7766666666666666,0.8333333333333334,0.72,0.8421052631578947,0.72,0.8333333333333334,0.7058823529411765,0.7739938080495357,0.8674999999999999
133,14,40,9,10,0.7397260273972602,0.6998299319727892,0.8163265306122449,0.5833333333333334,0.8080808080808081,0.5833333333333334,0.8163265306122449,0.5957446808510638,0.7019127444659359,0.7861394557823129
134,19,32,15,7,0.6986301369863014,0.705810147299509,0.6808510638297872,0.7307692307692307,0.7441860465116279,0.7307692307692307,0.6808510638297872,0.6333333333333333,0.6887596899224806,0.8436988543371522
135,22,39,8,4,0.8356164383561644,0.8379705400981996,0.8297872340425532,0.8461538461538461,0.8666666666666667,0.8461538461538461,0.8297872340425532,0.7857142857142857,0.8261904761904761,0.9058919803600655
136,14,42,9,8,0.7671232876712328,0.7299465240641712,0.8235294117647058,0.6363636363636364,0.8316831683168316,0.6363636363636364,0.8235294117647058,0.6222222222222222,0.7269526952695269,0.8957219251336898
137,9,35,12,17,0.6027397260273972,0.545417348608838,0.7446808510638298,0.34615384615384615,0.7070707070707071,0.34615384615384615,0.7446808510638298,0.3829787234042553,0.5450247152374812,0.7348608837970539
138,13,40,11,9,0.726027397260274,0.6876114081996435,0.7843137254901961,0.5909090909090909,0.8,0.5909090909090909,0.7843137254901961,0.5652173913043478,0.682608695652174,0.8092691622103386
139,15,48,4,6,0.863013698630137,0.8186813186813187,0.9230769230769231,0.7142857142857143,0.9056603773584906,0.7142857142857143,0.9230769230769231,0.75,0.8278301886792453,0.8772893772893773
140,12,36,12,13,0.6575342465753424,0.615,0.75,0.48,0.7422680412371134,0.48,0.75,0.4897959183673469,0.6160319798022302,0.745
141,21,37,9,6,0.7945205479452054,0.7910628019323671,0.8043478260869565,0.7777777777777778,0.8314606741573034,0.7777777777777778,0.8043478260869565,0.7368421052631579,0.7841513897102306,0.8421900161030595
142,17,37,7,12,0.7397260273972602,0.7135579937304075,0.8409090909090909,0.5862068965517241,0.7956989247311828,0.5862068965517241,0.8409090909090909,0.6415094339622641,0.7186041793467235,0.8448275862068965
143,20,41,4,8,0.8356164383561644,0.8126984126984127,0.9111111111111111,0.7142857142857143,0.8723404255319149,0.7142857142857143,0.9111111111111111,0.7692307692307693,0.820785597381342,0.8976190476190476
144,19,42,6,6,0.8356164383561644,0.8175,0.875,0.76,0.875,0.76,0.875,0.76,0.8175,0.9237500000000001
145,10,44,10,9,0.7397260273972602,0.6705653021442495,0.8148148148148148,0.5263157894736842,0.822429906542056,0.5263157894736842,0.8148148148148148,0.5128205128205128,0.6676252096812845,0.7660818713450293
146,18,40,4,11,0.7945205479452054,0.7648902821316614,0.9090909090909091,0.6206896551724138,0.8421052631578947,0.6206896551724138,0.9090909090909091,0.7058823529411765,0.7739938080495357,0.872257053291536
147,21,35,6,11,0.7671232876712328,0.7549542682926829,0.8536585365853658,0.65625,0.8045977011494253,0.65625,0.8536585365853658,0.711864406779661,0.7582310539645432,0.868140243902439
148,15,35,8,15,0.684931506849315,0.6569767441860466,0.813953488372093,0.5,0.7526881720430108,0.5,0.813953488372093,0.5660377358490566,0.6593629539460337,0.8069767441860466
149,14,37,10,12,0.6986301369863014,0.662847790507365,0.7872340425531915,0.5384615384615384,0.7708333333333334,0.5384615384615384,0.7872340425531915,0.56,0.6654166666666668,0.7815057283142389
150,21,35,9,8,0.7671232876712328,0.759796238244514,0.7954545454545454,0.7241379310344828,0.8045977011494253,0.7241379310344828,0.7954545454545454,0.711864406779661,0.7582310539645432,0.8969435736677116
151,16,48,2,7,0.8767123287671232,0.8278260869565217,0.96,0.6956521739130435,0.9142857142857143,0.6956521739130435,0.96,0.7804878048780488,0.8473867595818816,0.9139130434782609
152,12,50,5,6,0.8493150684931506,0.7878787878787878,0.9090909090909091,0.6666666666666666,0.9009009009009009,0.6666666666666666,0.9090909090909091,0.6857142857142857,0.7933075933075933,0.8818181818181818
153,19,30,13,11,0.6712328767123288,0.6655038759689922,0.6976744186046512,0.6333333333333333,0.7142857142857143,0.6333333333333333,0.6976744186046512,0.6129032258064516,0.663594470046083,0.8251937984496125
154,16,41,8,8,0.7808219178082192,0.7517006802721089,0.8367346938775511,0.6666666666666666,0.8367346938775511,0.6666666666666666,0.8367346938775511,0.6666666666666666,0.7517006802721089,0.8503401360544218
155,22,36,5,10,0.7945205479452054,0.7827743902439024,0.8780487804878049,0.6875,0.8275862068965517,0.6875,0.8780487804878049,0.7457627118644068,0.7866744593804793,0.881859756097561
156,12,41,8,12,0.726027397260274,0.6683673469387755,0.8367346938775511,0.5,0.803921568627451,0.5,0.8367346938775511,0.5454545454545454,0.6746880570409982,0.7346938775510203
157,11,46,4,12,0.7808219178082192,0.6991304347826087,0.92,0.4782608695652174,0.8518518518518519,0.4782608695652174,0.92,0.5789473684210527,0.7153996101364523,0.821304347826087
158,16,40,8,9,0.7671232876712328,0.7366666666666667,0.8333333333333334,0.64,0.8247422680412371,0.64,0.8333333333333334,0.6530612244897959,0.7389017462655165,0.81875
159,16,36,7,14,0.7123287671232876,0.6852713178294574,0.8372093023255814,0.5333333333333333,0.7741935483870968,0.5333333333333333,0.8372093023255814,0.6037735849056604,0.6889835666463786,0.7294573643410852
160,23,35,5,10,0.7945205479452054,0.7859848484848485,0.875,0.696969696969697,0.8235294117647058,0.696969696969697,0.875,0.7540983606557377,0.7888138862102217,0.8920454545454546
161,13,37,16,7,0.684931506849315,0.6740566037735849,0.6981132075471698,0.65,0.7628865979381443,0.65,0.6981132075471698,0.5306122448979592,0.6467494214180518,0.7877358490566038
162,19,35,9,10,0.7397260273972602,0.7253134796238244,0.7954545454545454,0.6551724137931034,0.7865168539325843,0.6551724137931034,0.7954545454545454,0.6666666666666666,0.7265917602996255,0.79858934169279
163,10,50,11,2,0.821917808219178,0.8265027322404372,0.819672131147541,0.8333333333333334,0.8849557522123894,0.8333333333333334,0.819672131147541,0.6060606060606061,0.7455081791364977,0.9617486338797814
164,13,42,7,11,0.7534246575342466,0.6994047619047619,0.8571428571428571,0.5416666666666666,0.8235294117647058,0.5416666666666666,0.8571428571428571,0.5909090909090909,0.7072192513368984,0.7738095238095238
165,22,37,6,8,0.8082191780821918,0.7968992248062015,0.8604651162790697,0.7333333333333333,0.8409090909090909,0.7333333333333333,0.8604651162790697,0.7586206896551724,0.7997648902821317,0.884108527131783
166,16,41,9,7,0.7808219178082192,0.7578260869565216,0.82,0.6956521739130435,0.8367346938775511,0.6956521739130435,0.82,0.6666666666666666,0.7517006802721089,0.8391304347826086
167,14,41,5,13,0.7534246575342466,0.7049114331723028,0.8913043478260869,0.5185185185185185,0.82,0.5185185185185185,0.8913043478260869,0.6086956521739131,0.7143478260869565,0.8164251207729468
168,17,38,6,12,0.7534246575342466,0.7249216300940439,0.8636363636363636,0.5862068965517241,0.8085106382978723,0.5862068965517241,0.8636363636363636,0.6538461538461539,0.7311783960720131,0.8079937304075235
169,18,36,8,11,0.7397260273972602,0.719435736677116,0.8181818181818182,0.6206896551724138,0.7912087912087912,0.6206896551724138,0.8181818181818182,0.6545454545454545,0.7228771228771229,0.8471786833855799
170,10,44,11,8,0.7397260273972602,0.6777777777777778,0.8,0.5555555555555556,0.822429906542056,0.5555555555555556,0.8,0.5128205128205128,0.6676252096812845,0.8080808080808081
171,15,36,9,13,0.6986301369863014,0.6678571428571429,0.8,0.5357142857142857,0.7659574468085106,0.5357142857142857,0.8,0.5769230769230769,0.6714402618657938,0.7436507936507937
172,18,38,11,6,0.7671232876712328,0.7627551020408163,0.7755102040816326,0.75,0.8172043010752689,0.75,0.7755102040816326,0.6792452830188679,0.7482247920470684,0.8239795918367347
173,18,40,11,4,0.7945205479452054,0.8012477718360071,0.7843137254901961,0.8181818181818182,0.8421052631578947,0.8181818181818182,0.7843137254901961,0.7058823529411765,0.7739938080495357,0.8654188948306596
174,22,34,13,4,0.7671232876712328,0.7847790507364976,0.723404255319149,0.8461538461538461,0.8,0.8461538461538461,0.723404255319149,0.7213114754098361,0.7606557377049181,0.911620294599018
175,21,34,12,6,0.7534246575342466,0.7584541062801933,0.7391304347826086,0.7777777777777778,0.7906976744186046,0.7777777777777778,0.7391304347826086,0.7,0.7453488372093022,0.8719806763285023
176,17,39,6,11,0.7671232876712328,0.736904761904762,0.8666666666666667,0.6071428571428571,0.8210526315789474,0.6071428571428571,0.8666666666666667,0.6666666666666666,0.743859649122807,0.8115079365079365
177,14,45,6,8,0.8082191780821918,0.7593582887700534,0.8823529411764706,0.6363636363636364,0.8653846153846154,0.6363636363636364,0.8823529411764706,0.6666666666666666,0.766025641025641,0.8306595365418895
178,16,39,6,12,0.7534246575342466,0.719047619047619,0.8666666666666667,0.5714285714285714,0.8125,0.5714285714285714,0.8666666666666667,0.64,0.7262500000000001,0.8238095238095238
179,19,41,9,4,0.821917808219178,0.8230434782608695,0.82,0.8260869565217391,0.8631578947368421,0.8260869565217391,0.82,0.7450980392156863,0.8041279669762642,0.9104347826086956
180,11,41,8,13,0.7123287671232876,0.6475340136054422,0.8367346938775511,0.4583333333333333,0.7961165048543689,0.4583333333333333,0.8367346938775511,0.5116279069767442,0.6538722059155566,0.7831632653061225
181,16,35,12,10,0.6986301369863014,0.6800327332242226,0.7446808510638298,0.6153846153846154,0.7608695652173914,0.6153846153846154,0.7446808510638298,0.5925925925925926,0.676731078904992,0.766366612111293
182,19,42,7,5,0.8356164383561644,0.8244047619047619,0.8571428571428571,0.7916666666666666,0.875,0.7916666666666666,0.8571428571428571,0.76,0.8175,0.9047619047619048
183,18,44,6,5,0.8493150684931506,0.831304347826087,0.88,0.782608695652174,0.8888888888888888,0.782608695652174,0.88,0.7659574468085106,0.8274231678486997,0.8739130434782608
184,18,39,9,7,0.7808219178082192,0.76625,0.8125,0.72,0.8297872340425532,0.72,0.8125,0.6923076923076923,0.7610474631751227,0.8266666666666667
185,16,38,9,10,0.7397260273972602,0.7119476268412439,0.8085106382978723,0.6153846153846154,0.8,0.6153846153846154,0.8085106382978723,0.6274509803921569,0.7137254901960784,0.854746317512275
186,16,42,8,7,0.7945205479452054,0.7678260869565217,0.84,0.6956521739130435,0.8484848484848485,0.6956521739130435,0.84,0.6808510638297872,0.7646679561573179,0.8308695652173913
187,18,43,6,6,0.8356164383561644,0.8137755102040816,0.8775510204081632,0.75,0.8775510204081632,0.75,0.8775510204081632,0.75,0.8137755102040816,0.8822278911564625
188,23,31,10,9,0.7397260273972602,0.7374237804878049,0.7560975609756098,0.71875,0.7654320987654321,0.71875,0.7560975609756098,0.7076923076923077,0.7365622032288699,0.8445121951219512
189,18,42,10,3,0.821917808219178,0.8324175824175823,0.8076923076923077,0.8571428571428571,0.865979381443299,0.8571428571428571,0.8076923076923077,0.7346938775510204,0.8003366294971597,0.9276556776556776
190,14,45,7,7,0.8082191780821918,0.766025641025641,0.8653846153846154,0.6666666666666666,0.8653846153846154,0.6666666666666666,0.8653846153846154,0.6666666666666666,0.766025641025641,0.8333333333333333
191,23,39,3,8,0.8493150684931506,0.8352534562211982,0.9285714285714286,0.7419354838709677,0.8764044943820225,0.7419354838709677,0.9285714285714286,0.8070175438596491,0.8417110191208358,0.9139784946236559
192,17,39,5,12,0.7671232876712328,0.7362852664576802,0.8863636363636364,0.5862068965517241,0.8210526315789474,0.5862068965517241,0.8863636363636364,0.6666666666666666,0.743859649122807,0.8232758620689654
193,19,37,9,8,0.7671232876712328,0.7540257648953301,0.8043478260869565,0.7037037037037037,0.8131868131868132,0.7037037037037037,0.8043478260869565,0.6909090909090909,0.752047952047952,0.8711755233494365
194,16,38,10,9,0.7397260273972602,0.7158333333333333,0.7916666666666666,0.64,0.8,0.64,0.7916666666666666,0.6274509803921569,0.7137254901960784,0.835
195,19,32,11,11,0.6986301369863014,0.6887596899224806,0.7441860465116279,0.6333333333333333,0.7441860465116279,0.6333333333333333,0.7441860465116279,0.6333333333333333,0.6887596899224806,0.8201550387596899
196,17,28,13,15,0.6164383561643836,0.6070884146341464,0.6829268292682927,0.53125,0.6666666666666666,0.53125,0.6829268292682927,0.5483870967741935,0.60752688172043,0.6958841463414633
197,17,40,6,10,0.7808219178082192,0.749597423510467,0.8695652173913043,0.6296296296296297,0.8333333333333334,0.6296296296296297,0.8695652173913043,0.68,0.7566666666666667,0.8341384863123993
198,15,46,5,7,0.8356164383561644,0.7918894830659536,0.9019607843137255,0.6818181818181818,0.8846153846153846,0.6818181818181818,0.9019607843137255,0.7142857142857143,0.7994505494505495,0.9015151515151515
199,16,36,10,11,0.7123287671232876,0.6876006441223832,0.782608695652174,0.5925925925925926,0.7741935483870968,0.5925925925925926,0.782608695652174,0.6037735849056604,0.6889835666463786,0.822866344605475
200,18,36,10,9,0.7397260273972602,0.7246376811594203,0.782608695652174,0.6666666666666666,0.7912087912087912,0.6666666666666666,0.782608695652174,0.6545454545454545,0.7228771228771229,0.8393719806763285
201,20,38,7,8,0.7945205479452054,0.7793650793650794,0.8444444444444444,0.7142857142857143,0.8351648351648352,0.7142857142857143,0.8444444444444444,0.7272727272727273,0.7812187812187812,0.8206349206349206
202,20,28,16,9,0.6575342465753424,0.6630094043887147,0.6363636363636364,0.6896551724137931,0.691358024691358,0.6896551724137931,0.6363636363636364,0.6153846153846154,0.6533713200379867,0.7789968652037618
203,18,35,11,9,0.726027397260274,0.713768115942029,0.7608695652173914,0.6666666666666666,0.7777777777777778,0.6666666666666666,0.7608695652173914,0.6428571428571429,0.7103174603174603,0.8180354267310789
204,18,40,10,5,0.7945205479452054,0.791304347826087,0.8,0.782608695652174,0.8421052631578947,0.782608695652174,0.8,0.7058823529411765,0.7739938080495357,0.8421739130434782
205,17,39,7,10,0.7671232876712328,0.7387278582930756,0.8478260869565217,0.6296296296296297,0.8210526315789474,0.6296296296296297,0.8478260869565217,0.6666666666666666,0.743859649122807,0.8671497584541062
206,17,34,8,14,0.6986301369863014,0.6789554531490015,0.8095238095238095,0.5483870967741935,0.7555555555555555,0.5483870967741935,0.8095238095238095,0.6071428571428571,0.6813492063492064,0.7772657450076805
207,21,32,9,11,0.726027397260274,0.7183689024390244,0.7804878048780488,0.65625,0.7619047619047619,0.65625,0.7804878048780488,0.6774193548387096,0.7196620583717357,0.8155487804878048
208,16,41,9,7,0.7808219178082192,0.7578260869565216,0.82,0.6956521739130435,0.8367346938775511,0.6956521739130435,0.82,0.6666666666666666,0.7517006802721089,0.8508695652173912
209,15,39,7,12,0.7397260273972602,0.7016908212560387,0.8478260869565217,0.5555555555555556,0.8041237113402062,0.5555555555555556,0.8478260869565217,0.6122448979591837,0.708184304649695,0.8011272141706924
210,21,38,6,8,0.8082191780821918,0.7938871473354232,0.8636363636363636,0.7241379310344828,0.8444444444444444,0.7241379310344828,0.8636363636363636,0.75,0.7972222222222223,0.8714733542319749
211,17,42,7,7,0.8082191780821918,0.7827380952380952,0.8571428571428571,0.7083333333333334,0.8571428571428571,0.7083333333333334,0.8571428571428571,0.7083333333333334,0.7827380952380952,0.9124149659863946
212,19,36,11,7,0.7534246575342466,0.7483633387888706,0.7659574468085106,0.7307692307692307,0.8,0.7307692307692307,0.7659574468085106,0.6785714285714286,0.7392857142857143,0.8514729950900164
213,12,43,5,13,0.7534246575342466,0.6879166666666667,0.8958333333333334,0.48,0.8269230769230769,0.48,0.8958333333333334,0.5714285714285714,0.6991758241758241,0.8066666666666668
214,17,36,9,11,0.726027397260274,0.7035714285714285,0.8,0.6071428571428571,0.782608695652174,0.6071428571428571,0.8,0.6296296296296297,0.7061191626409018,0.8071428571428572
215,17,42,3,11,0.8082191780821918,0.7702380952380952,0.9333333333333333,0.6071428571428571,0.8571428571428571,0.6071428571428571,0.9333333333333333,0.7083333333333334,0.7827380952380952,0.9222222222222223
216,18,39,8,8,0.7808219178082192,0.7610474631751227,0.8297872340425532,0.6923076923076923,0.8297872340425532,0.6923076923076923,0.8297872340425532,0.6923076923076923,0.7610474631751227,0.8441080196399345
217,15,37,11,10,0.7123287671232876,0.6854166666666667,0.7708333333333334,0.6,0.7789473684210526,0.6,0.7708333333333334,0.5882352941176471,0.6835913312693498,0.7329166666666667
218,19,39,7,8,0.7945205479452054,0.7757648953301127,0.8478260869565217,0.7037037037037037,0.8387096774193549,0.7037037037037037,0.8478260869565217,0.7169811320754716,0.7778454047474133,0.892914653784219
219,16,40,8,9,0.7671232876712328,0.7366666666666667,0.8333333333333334,0.64,0.8247422680412371,0.64,0.8333333333333334,0.6530612244897959,0.7389017462655165,0.8183333333333332
220,15,39,10,9,0.7397260273972602,0.7104591836734694,0.7959183673469388,0.625,0.8041237113402062,0.625,0.7959183673469388,0.6122448979591837,0.708184304649695,0.8214285714285714
221,18,38,6,11,0.7671232876712328,0.7421630094043887,0.8636363636363636,0.6206896551724138,0.8172043010752689,0.6206896551724138,0.8636363636363636,0.6792452830188679,0.7482247920470684,0.79858934169279
222,8,47,11,7,0.7534246575342466,0.67183908045977,0.8103448275862069,0.5333333333333333,0.8392857142857143,0.5333333333333333,0.8103448275862069,0.47058823529411764,0.654936974789916,0.8034482758620689
223,23,32,12,6,0.7534246575342466,0.7601880877742947,0.7272727272727273,0.7931034482758621,0.7804878048780488,0.7931034482758621,0.7272727272727273,0.71875,0.7496189024390244,0.822884012539185
224,18,33,12,10,0.6986301369863014,0.6880952380952381,0.7333333333333333,0.6428571428571429,0.75,0.6428571428571429,0.7333333333333333,0.6206896551724138,0.6853448275862069,0.7849206349206349
225,16,40,5,12,0.7671232876712328,0.7301587301587301,0.8888888888888888,0.5714285714285714,0.8247422680412371,0.5714285714285714,0.8888888888888888,0.6530612244897959,0.7389017462655165,0.8115079365079365
226,21,36,5,11,0.7808219178082192,0.7671493902439024,0.8780487804878049,0.65625,0.8181818181818182,0.65625,0.8780487804878049,0.7241379310344828,0.7711598746081505,0.861280487804878
227,19,34,10,10,0.726027397260274,0.7139498432601881,0.7727272727272727,0.6551724137931034,0.7727272727272727,0.6551724137931034,0.7727272727272727,0.6551724137931034,0.7139498432601881,0.7860501567398119
228,15,41,6,11,0.7671232876712328,0.7246317512274959,0.8723404255319149,0.5769230769230769,0.8282828282828283,0.5769230769230769,0.8723404255319149,0.6382978723404256,0.7332903503116269,0.8604746317512274
229,18,41,6,8,0.8082191780821918,0.7823240589198036,0.8723404255319149,0.6923076923076923,0.8541666666666666,0.6923076923076923,0.8723404255319149,0.72,0.7870833333333334,0.9083469721767594
230,15,37,11,10,0.7123287671232876,0.6854166666666667,0.7708333333333334,0.6,0.7789473684210526,0.6,0.7708333333333334,0.5882352941176471,0.6835913312693498,0.8066666666666668
231,22,32,7,12,0.7397260273972602,0.7337858220211162,0.8205128205128205,0.6470588235294118,0.7710843373493976,0.6470588235294118,0.8205128205128205,0.6984126984126984,0.734748517881048,0.8404977375565611
232,22,40,4,7,0.8493150684931506,0.8338557993730407,0.9090909090909091,0.7586206896551724,0.8791208791208791,0.7586206896551724,0.9090909090909091,0.8,0.8395604395604396,0.8981191222570533
233,20,34,7,12,0.7397260273972602,0.7271341463414633,0.8292682926829268,0.625,0.7816091954022989,0.625,0.8292682926829268,0.6779661016949152,0.729787648548607,0.8098323170731707
234,8,41,11,13,0.6712328767123288,0.5847069597069596,0.7884615384615384,0.38095238095238093,0.7735849056603774,0.38095238095238093,0.7884615384615384,0.4,0.5867924528301887,0.7472527472527474
235,22,31,9,11,0.726027397260274,0.7208333333333333,0.775,0.6666666666666666,0.7560975609756098,0.6666666666666666,0.775,0.6875,0.7217987804878049,0.7901515151515152
236,18,44,6,5,0.8493150684931506,0.831304347826087,0.88,0.782608695652174,0.8888888888888888,0.782608695652174,0.88,0.7659574468085106,0.8274231678486997,0.8600000000000001
237,15,42,7,9,0.7808219178082192,0.7410714285714286,0.8571428571428571,0.625,0.84,0.625,0.8571428571428571,0.6521739130434783,0.7460869565217392,0.8558673469387755
238,17,42,4,10,0.8082191780821918,0.7713365539452496,0.9130434782608695,0.6296296296296297,0.8571428571428571,0.6296296296296297,0.9130434782608695,0.7083333333333334,0.7827380952380952,0.8268921095008052
239,16,39,10,8,0.7534246575342466,0.7312925170068028,0.7959183673469388,0.6666666666666666,0.8125,0.6666666666666666,0.7959183673469388,0.64,0.7262500000000001,0.8639455782312925
240,20,38,8,7,0.7945205479452054,0.7834138486312399,0.8260869565217391,0.7407407407407407,0.8351648351648352,0.7407407407407407,0.8260869565217391,0.7272727272727273,0.7812187812187812,0.8405797101449276
241,22,40,8,3,0.8493150684931506,0.8566666666666667,0.8333333333333334,0.88,0.8791208791208791,0.88,0.8333333333333334,0.8,0.8395604395604396,0.9370833333333333
242,13,47,6,7,0.821917808219178,0.7683962264150943,0.8867924528301887,0.65,0.8785046728971962,0.65,0.8867924528301887,0.6666666666666666,0.7725856697819314,0.8811320754716981
243,24,33,5,11,0.7808219178082192,0.7770676691729324,0.868421052631579,0.6857142857142857,0.8048780487804879,0.6857142857142857,0.868421052631579,0.75,0.7774390243902439,0.855639097744361
244,20,38,5,10,0.7945205479452054,0.7751937984496124,0.8837209302325582,0.6666666666666666,0.8351648351648352,0.6666666666666666,0.8837209302325582,0.7272727272727273,0.7812187812187812,0.8589147286821706
245,12,44,6,11,0.7671232876712328,0.7008695652173913,0.88,0.5217391304347826,0.8380952380952381,0.5217391304347826,0.88,0.5853658536585366,0.7117305458768873,0.7478260869565218
246,19,33,8,13,0.7123287671232876,0.6993140243902439,0.8048780487804879,0.59375,0.7586206896551724,0.59375,0.8048780487804879,0.6440677966101694,0.7013442431326709,0.7858231707317074
247,16,39,8,10,0.7534246575342466,0.7225859247135843,0.8297872340425532,0.6153846153846154,0.8125,0.6153846153846154,0.8297872340425532,0.64,0.7262500000000001,0.7876432078559737
248,15,42,5,11,0.7808219178082192,0.7352700490998363,0.8936170212765957,0.5769230769230769,0.84,0.5769230769230769,0.8936170212765957,0.6521739130434783,0.7460869565217392,0.8502454991816694
249,24,32,12,5,0.7671232876712328,0.7774294670846396,0.7272727272727273,0.8275862068965517,0.7901234567901234,0.8275862068965517,0.7272727272727273,0.7384615384615385,0.764292497625831,0.8170062695924765
250,13,46,6,8,0.8082191780821918,0.7518315018315018,0.8846153846153846,0.6190476190476191,0.8679245283018868,0.6190476190476191,0.8846153846153846,0.65,0.7589622641509435,0.8727106227106227
251,16,42,8,7,0.7945205479452054,0.7678260869565217,0.84,0.6956521739130435,0.8484848484848485,0.6956521739130435,0.84,0.6808510638297872,0.7646679561573179,0.8356521739130435
252,19,37,8,9,0.7671232876712328,0.7503968253968254,0.8222222222222222,0.6785714285714286,0.8131868131868132,0.6785714285714286,0.8222222222222222,0.6909090909090909,0.752047952047952,0.8031746031746032
253,15,40,10,8,0.7534246575342466,0.7260869565217392,0.8,0.6521739130434783,0.8163265306122449,0.6521739130434783,0.8,0.625,0.7206632653061225,0.808695652173913
254,17,36,9,11,0.726027397260274,0.7035714285714285,0.8,0.6071428571428571,0.782608695652174,0.6071428571428571,0.8,0.6296296296296297,0.7061191626409018,0.8015873015873016
255,20,42,6,5,0.8493150684931506,0.8375,0.875,0.8,0.8842105263157894,0.8,0.875,0.7843137254901961,0.8342621259029928,0.9504166666666667
256,22,37,10,4,0.8082191780821918,0.8166939443535188,0.7872340425531915,0.8461538461538461,0.8409090909090909,0.8461538461538461,0.7872340425531915,0.7586206896551724,0.7997648902821317,0.8960720130932897
257,25,33,3,12,0.7945205479452054,0.7961711711711712,0.9166666666666666,0.6756756756756757,0.8148148148148148,0.6756756756756757,0.9166666666666666,0.7692307692307693,0.792022792022792,0.9099099099099099
258,17,33,15,8,0.684931506849315,0.6837500000000001,0.6875,0.68,0.7415730337078652,0.68,0.6875,0.5964912280701754,0.6690321308890204,0.7208333333333334
259,17,31,14,11,0.6575342465753424,0.6480158730158729,0.6888888888888889,0.6071428571428571,0.7126436781609196,0.6071428571428571,0.6888888888888889,0.576271186440678,0.6444574323007988,0.817063492063492
260,13,40,11,9,0.726027397260274,0.6876114081996435,0.7843137254901961,0.5909090909090909,0.8,0.5909090909090909,0.7843137254901961,0.5652173913043478,0.682608695652174,0.7771836007130124
261,17,41,8,7,0.7945205479452054,0.7725340136054422,0.8367346938775511,0.7083333333333334,0.845360824742268,0.7083333333333334,0.8367346938775511,0.6938775510204082,0.7696191878813381,0.854591836734694
262,18,34,8,13,0.7123287671232876,0.6950844854070661,0.8095238095238095,0.5806451612903226,0.7640449438202247,0.5806451612903226,0.8095238095238095,0.631578947368421,0.6978119455943228,0.794162826420891
263,13,41,9,10,0.7397260273972602,0.6926086956521739,0.82,0.5652173913043478,0.8118811881188119,0.5652173913043478,0.82,0.5777777777777777,0.6948294829482948,0.8060869565217392
264,18,40,2,13,0.7945205479452054,0.7665130568356375,0.9523809523809523,0.5806451612903226,0.8421052631578947,0.5806451612903226,0.9523809523809523,0.7058823529411765,0.7739938080495357,0.8206605222734255
265,21,39,5,8,0.821917808219178,0.8052507836990596,0.8863636363636364,0.7241379310344828,0.8571428571428571,0.7241379310344828,0.8863636363636364,0.7636363636363637,0.8103896103896104,0.8761755485893417
266,14,42,6,11,0.7671232876712328,0.7175,0.875,0.56,0.8316831683168316,0.56,0.875,0.6222222222222222,0.7269526952695269,0.8695833333333334
267,20,39,9,5,0.8082191780821918,0.80625,0.8125,0.8,0.8478260869565217,0.8,0.8125,0.7407407407407407,0.7942834138486312,0.8941666666666667
268,15,38,7,13,0.726027397260274,0.6900793650793651,0.8444444444444444,0.5357142857142857,0.7916666666666666,0.5357142857142857,0.8444444444444444,0.6,0.6958333333333333,0.7904761904761904
269,19,41,4,9,0.821917808219178,0.7948412698412699,0.9111111111111111,0.6785714285714286,0.8631578947368421,0.6785714285714286,0.9111111111111111,0.7450980392156863,0.8041279669762642,0.882936507936508
270,14,37,11,11,0.6986301369863014,0.6654166666666668,0.7708333333333334,0.56,0.7708333333333334,0.56,0.7708333333333334,0.56,0.6654166666666668,0.7683333333333333
271,14,46,5,8,0.821917808219178,0.7691622103386809,0.9019607843137255,0.6363636363636364,0.8761904761904762,0.6363636363636364,0.9019607843137255,0.6829268292682927,0.7795586527293845,0.8364527629233512
272,19,36,8,10,0.7534246575342466,0.7366771159874608,0.8181818181818182,0.6551724137931034,0.8,0.6551724137931034,0.8181818181818182,0.6785714285714286,0.7392857142857143,0.7856583072100313
273,21,37,6,9,0.7945205479452054,0.7802325581395348,0.8604651162790697,0.7,0.8314606741573034,0.7,0.8604651162790697,0.7368421052631579,0.7841513897102306,0.8914728682170543
274,12,42,5,14,0.7397260273972602,0.6775777414075286,0.8936170212765957,0.46153846153846156,0.8155339805825242,0.46153846153846156,0.8936170212765957,0.5581395348837209,0.6868367577331226,0.8346972176759411
275,14,42,5,12,0.7671232876712328,0.7160392798690671,0.8936170212765957,0.5384615384615384,0.8316831683168316,0.5384615384615384,0.8936170212765957,0.6222222222222222,0.7269526952695269,0.8183306055646481
276,15,41,7,10,0.7671232876712328,0.7270833333333333,0.8541666666666666,0.6,0.8282828282828283,0.6,0.8541666666666666,0.6382978723404256,0.7332903503116269,0.885
277,16,43,9,5,0.8082191780821918,0.7944139194139194,0.8269230769230769,0.7619047619047619,0.86,0.7619047619047619,0.8269230769230769,0.6956521739130435,0.7778260869565217,0.8997252747252747
278,20,35,11,7,0.7534246575342466,0.750805152979066,0.7608695652173914,0.7407407407407407,0.7954545454545454,0.7407407407407407,0.7608695652173914,0.6896551724137931,0.7425548589341693,0.8035426731078905
279,12,42,8,11,0.7397260273972602,0.6808695652173913,0.84,0.5217391304347826,0.8155339805825242,0.5217391304347826,0.84,0.5581395348837209,0.6868367577331226,0.7530434782608696
280,17,41,6,9,0.7945205479452054,0.7630932896890343,0.8723404255319149,0.6538461538461539,0.845360824742268,0.6538461538461539,0.8723404255319149,0.6938775510204082,0.7696191878813381,0.8375613747954174
281,12,46,5,10,0.7945205479452054,0.7237076648841354,0.9019607843137255,0.5454545454545454,0.8598130841121495,0.5454545454545454,0.9019607843137255,0.6153846153846154,0.7375988497483825,0.8025846702317291
282,14,44,7,8,0.7945205479452054,0.749554367201426,0.8627450980392157,0.6363636363636364,0.8543689320388349,0.6363636363636364,0.8627450980392157,0.6511627906976745,0.7527658613682546,0.7736185383244207
283,25,37,5,6,0.8493150684931506,0.8437019969278033,0.8809523809523809,0.8064516129032258,0.8705882352941177,0.8064516129032258,0.8809523809523809,0.819672131147541,0.8451301832208293,0.8978494623655914
284,22,35,7,9,0.7808219178082192,0.771505376344086,0.8333333333333334,0.7096774193548387,0.813953488372093,0.7096774193548387,0.8333333333333334,0.7333333333333333,0.7736434108527132,0.8755760368663595
285,19,40,8,6,0.8082191780821918,0.7966666666666666,0.8333333333333334,0.76,0.851063829787234,0.76,0.8333333333333334,0.7307692307692307,0.7909165302782324,0.8287500000000001
286,12,40,6,15,0.7123287671232876,0.6570048309178744,0.8695652173913043,0.4444444444444444,0.7920792079207921,0.4444444444444444,0.8695652173913043,0.5333333333333333,0.6627062706270628,0.7431561996779388
287,17,44,7,5,0.8356164383561644,0.8177361853832442,0.8627450980392157,0.7727272727272727,0.88,0.7727272727272727,0.8627450980392157,0.7391304347826086,0.8095652173913044,0.9197860962566845
288,16,40,9,8,0.7671232876712328,0.7414965986394557,0.8163265306122449,0.6666666666666666,0.8247422680412371,0.6666666666666666,0.8163265306122449,0.6530612244897959,0.7389017462655165,0.8171768707482994
289,14,43,10,6,0.7808219178082192,0.7556603773584906,0.8113207547169812,0.7,0.8431372549019608,0.7,0.8113207547169812,0.6363636363636364,0.7397504456327986,0.8632075471698113
290,13,46,6,8,0.8082191780821918,0.7518315018315018,0.8846153846153846,0.6190476190476191,0.8679245283018868,0.6190476190476191,0.8846153846153846,0.65,0.7589622641509435,0.8942307692307692
291,22,37,4,10,0.8082191780821918,0.7949695121951219,0.9024390243902439,0.6875,0.8409090909090909,0.6875,0.9024390243902439,0.7586206896551724,0.7997648902821317,0.8723323170731707
292,18,35,9,11,0.726027397260274,0.7080721003134796,0.7954545454545454,0.6206896551724138,0.7777777777777778,0.6206896551724138,0.7954545454545454,0.6428571428571429,0.7103174603174603,0.829153605015674
293,14,43,6,10,0.7808219178082192,0.7304421768707483,0.8775510204081632,0.5833333333333334,0.8431372549019608,0.5833333333333334,0.8775510204081632,0.6363636363636364,0.7397504456327986,0.8384353741496599
294,22,30,7,14,0.7123287671232876,0.7109609609609611,0.8108108108108109,0.6111111111111112,0.7407407407407407,0.6111111111111112,0.8108108108108109,0.676923076923077,0.7088319088319088,0.8318318318318318
295,16,38,4,15,0.7397260273972602,0.7104454685099846,0.9047619047619048,0.5161290322580645,0.8,0.5161290322580645,0.9047619047619048,0.6274509803921569,0.7137254901960784,0.8348694316436253
296,11,40,10,12,0.6986301369863014,0.6391304347826088,0.8,0.4782608695652174,0.7843137254901961,0.4782608695652174,0.8,0.5,0.642156862745098,0.7443478260869565
297,17,43,3,10,0.821917808219178,0.7822061191626409,0.9347826086956522,0.6296296296296297,0.8686868686868687,0.6296296296296297,0.9347826086956522,0.723404255319149,0.7960455620030089,0.8510466988727857
298,9,50,6,8,0.8082191780821918,0.7111344537815126,0.8928571428571429,0.5294117647058824,0.8771929824561403,0.5294117647058824,0.8928571428571429,0.5625,0.7198464912280702,0.9007352941176471
299,20,40,8,5,0.821917808219178,0.8166666666666667,0.8333333333333334,0.8,0.8602150537634409,0.8,0.8333333333333334,0.7547169811320755,0.8074660174477581,0.9083333333333333
300,14,31,16,12,0.6164383561643836,0.5990180032733223,0.6595744680851063,0.5384615384615384,0.6888888888888889,0.5384615384615384,0.6595744680851063,0.5,0.5944444444444444,0.6783960720130933
301,12,43,12,6,0.7534246575342466,0.7242424242424242,0.7818181818181819,0.6666666666666666,0.8269230769230769,0.6666666666666666,0.7818181818181819,0.5714285714285714,0.6991758241758241,0.8641414141414141
302,13,37,13,10,0.684931506849315,0.6526086956521739,0.74,0.5652173913043478,0.7628865979381443,0.5652173913043478,0.74,0.5306122448979592,0.6467494214180518,0.7547826086956522
303,12,46,7,8,0.7945205479452054,0.7339622641509433,0.8679245283018868,0.6,0.8598130841121495,0.6,0.8679245283018868,0.6153846153846154,0.7375988497483825,0.9047169811320754
304,20,31,7,15,0.6986301369863014,0.6936090225563909,0.8157894736842105,0.5714285714285714,0.7380952380952381,0.5714285714285714,0.8157894736842105,0.6451612903225806,0.6916282642089093,0.7909774436090226
305,18,39,7,9,0.7808219178082192,0.7572463768115942,0.8478260869565217,0.6666666666666666,0.8297872340425532,0.6666666666666666,0.8478260869565217,0.6923076923076923,0.7610474631751227,0.8655394524959742
306,18,38,12,5,0.7671232876712328,0.771304347826087,0.76,0.782608695652174,0.8172043010752689,0.782608695652174,0.76,0.6792452830188679,0.7482247920470684,0.7991304347826088
307,16,40,8,9,0.7671232876712328,0.7366666666666667,0.8333333333333334,0.64,0.8247422680412371,0.64,0.8333333333333334,0.6530612244897959,0.7389017462655165,0.8158333333333333
308,10,40,11,12,0.684931506849315,0.6194295900178253,0.7843137254901961,0.45454545454545453,0.7766990291262136,0.45454545454545453,0.7843137254901961,0.46511627906976744,0.6209076540979905,0.7014260249554367
309,15,46,6,6,0.8356164383561644,0.7994505494505495,0.8846153846153846,0.7142857142857143,0.8846153846153846,0.7142857142857143,0.8846153846153846,0.7142857142857143,0.7994505494505495,0.8608058608058607
310,19,39,8,7,0.7945205479452054,0.7802782324058919,0.8297872340425532,0.7307692307692307,0.8387096774193549,0.7307692307692307,0.8297872340425532,0.7169811320754716,0.7778454047474133,0.8121931260229133
311,20,39,11,3,0.8082191780821918,0.8247826086956522,0.78,0.8695652173913043,0.8478260869565217,0.8695652173913043,0.78,0.7407407407407407,0.7942834138486312,0.8847826086956522
312,16,45,5,7,0.8356164383561644,0.7978260869565217,0.9,0.6956521739130435,0.8823529411764706,0.6956521739130435,0.9,0.7272727272727273,0.8048128342245989,0.8291304347826087
313,18,36,9,10,0.7397260273972602,0.7214285714285715,0.8,0.6428571428571429,0.7912087912087912,0.6428571428571429,0.8,0.6545454545454545,0.7228771228771229,0.8198412698412698
314,16,39,12,6,0.7534246575342466,0.7459893048128342,0.7647058823529411,0.7272727272727273,0.8125,0.7272727272727273,0.7647058823529411,0.64,0.7262500000000001,0.8186274509803921
315,16,41,3,13,0.7808219178082192,0.7417711598746082,0.9318181818181818,0.5517241379310345,0.8367346938775511,0.5517241379310345,0.9318181818181818,0.6666666666666666,0.7517006802721089,0.8244514106583072
316,18,43,6,6,0.8356164383561644,0.8137755102040816,0.8775510204081632,0.75,0.8775510204081632,0.75,0.8775510204081632,0.75,0.8137755102040816,0.8881802721088435
317,7,44,11,11,0.6986301369863014,0.5944444444444444,0.8,0.3888888888888889,0.8,0.3888888888888889,0.8,0.3888888888888889,0.5944444444444444,0.7914141414141415
318,15,40,9,9,0.7534246575342466,0.7206632653061225,0.8163265306122449,0.625,0.8163265306122449,0.625,0.8163265306122449,0.625,0.7206632653061225,0.8154761904761905
319,16,34,14,9,0.684931506849315,0.6741666666666667,0.7083333333333334,0.64,0.7472527472527473,0.64,0.7083333333333334,0.5818181818181818,0.6645354645354645,0.75875
320,15,42,11,5,0.7808219178082192,0.7712264150943396,0.7924528301886793,0.75,0.84,0.75,0.7924528301886793,0.6521739130434783,0.7460869565217392,0.9004716981132075
321,22,39,4,8,0.8356164383561644,0.8201550387596899,0.9069767441860465,0.7333333333333333,0.8666666666666667,0.7333333333333333,0.9069767441860465,0.7857142857142857,0.8261904761904761,0.9271317829457365
322,9,40,8,16,0.6712328767123288,0.5966666666666667,0.8333333333333334,0.36,0.7692307692307693,0.36,0.8333333333333334,0.42857142857142855,0.5989010989010989,0.7258333333333333
323,18,39,9,7,0.7808219178082192,0.76625,0.8125,0.72,0.8297872340425532,0.72,0.8125,0.6923076923076923,0.7610474631751227,0.8208333333333333
324,18,41,5,9,0.8082191780821918,0.7789855072463767,0.8913043478260869,0.6666666666666666,0.8541666666666666,0.6666666666666666,0.8913043478260869,0.72,0.7870833333333334,0.8486312399355878
325,18,36,9,10,0.7397260273972602,0.7214285714285715,0.8,0.6428571428571429,0.7912087912087912,0.6428571428571429,0.8,0.6545454545454545,0.7228771228771229,0.7976190476190476
326,22,29,14,8,0.6986301369863014,0.703875968992248,0.6744186046511628,0.7333333333333333,0.725,0.7333333333333333,0.6744186046511628,0.6666666666666666,0.6958333333333333,0.7782945736434109
327,17,38,7,11,0.7534246575342466,0.7257936507936508,0.8444444444444444,0.6071428571428571,0.8085106382978723,0.6071428571428571,0.8444444444444444,0.6538461538461539,0.7311783960720131,0.8103174603174603
328,13,35,10,15,0.6575342465753424,0.621031746031746,0.7777777777777778,0.4642857142857143,0.7368421052631579,0.4642857142857143,0.7777777777777778,0.5098039215686274,0.6233230134158927,0.7484126984126984
329,15,50,2,6,0.8904109589041096,0.8379120879120879,0.9615384615384616,0.7142857142857143,0.9259259259259259,0.7142857142857143,0.9615384615384616,0.7894736842105263,0.8576998050682261,0.8663003663003663
330,12,37,9,15,0.6712328767123288,0.6243961352657005,0.8043478260869565,0.4444444444444444,0.7551020408163265,0.4444444444444444,0.8043478260869565,0.5,0.6275510204081632,0.7910628019323671
331,18,37,6,12,0.7534246575342466,0.7302325581395348,0.8604651162790697,0.6,0.8043478260869565,0.6,0.8604651162790697,0.6666666666666666,0.7355072463768115,0.836046511627907
332,20,31,10,12,0.6986301369863014,0.6905487804878049,0.7560975609756098,0.625,0.7380952380952381,0.625,0.7560975609756098,0.6451612903225806,0.6916282642089093,0.8239329268292682
333,20,46,2,5,0.9041095890410958,0.8791666666666667,0.9583333333333334,0.8,0.9292929292929293,0.8,0.9583333333333334,0.851063829787234,0.8901783795400817,0.9791666666666666
334,13,44,6,10,0.7808219178082192,0.7226086956521739,0.88,0.5652173913043478,0.8461538461538461,0.5652173913043478,0.88,0.6190476190476191,0.7326007326007327,0.893913043478261
335,14,45,8,6,0.8082191780821918,0.7745283018867924,0.8490566037735849,0.7,0.8653846153846154,0.7,0.8490566037735849,0.6666666666666666,0.766025641025641,0.8867924528301887
336,19,32,13,9,0.6986301369863014,0.6948412698412698,0.7111111111111111,0.6785714285714286,0.7441860465116279,0.6785714285714286,0.7111111111111111,0.6333333333333333,0.6887596899224806,0.759920634920635
337,16,36,7,14,0.7123287671232876,0.6852713178294574,0.8372093023255814,0.5333333333333333,0.7741935483870968,0.5333333333333333,0.8372093023255814,0.6037735849056604,0.6889835666463786,0.7751937984496124
338,11,45,7,10,0.7671232876712328,0.6945970695970696,0.8653846153846154,0.5238095238095238,0.8411214953271028,0.5238095238095238,0.8653846153846154,0.5641025641025641,0.7026120297148335,0.7825091575091575
339,18,37,10,8,0.7534246575342466,0.739770867430442,0.7872340425531915,0.6923076923076923,0.8043478260869565,0.6923076923076923,0.7872340425531915,0.6666666666666666,0.7355072463768115,0.8019639934533552
340,13,41,11,8,0.7397260273972602,0.7037545787545787,0.7884615384615384,0.6190476190476191,0.8118811881188119,0.6190476190476191,0.7884615384615384,0.5777777777777777,0.6948294829482948,0.809981684981685
341,13,41,11,8,0.7397260273972602,0.7037545787545787,0.7884615384615384,0.6190476190476191,0.8118811881188119,0.6190476190476191,0.7884615384615384,0.5777777777777777,0.6948294829482948,0.8131868131868132
342,13,41,11,8,0.7397260273972602,0.7037545787545787,0.7884615384615384,0.6190476190476191,0.8118811881188119,0.6190476190476191,0.7884615384615384,0.5777777777777777,0.6948294829482948,0.8333333333333333
343,12,39,13,9,0.6986301369863014,0.6607142857142857,0.75,0.5714285714285714,0.78,0.5714285714285714,0.75,0.5217391304347826,0.6508695652173913,0.793040293040293
344,14,41,8,10,0.7534246575342466,0.7100340136054422,0.8367346938775511,0.5833333333333334,0.82,0.5833333333333334,0.8367346938775511,0.6086956521739131,0.7143478260869565,0.7636054421768708
345,20,38,10,5,0.7945205479452054,0.7958333333333334,0.7916666666666666,0.8,0.8351648351648352,0.8,0.7916666666666666,0.7272727272727273,0.7812187812187812,0.8775000000000001
346,23,35,4,11,0.7945205479452054,0.7869532428355959,0.8974358974358975,0.6764705882352942,0.8235294117647058,0.6764705882352942,0.8974358974358975,0.7540983606557377,0.7888138862102217,0.8846153846153847
347,15,47,4,7,0.8493150684931506,0.801693404634581,0.9215686274509803,0.6818181818181818,0.8952380952380953,0.6818181818181818,0.9215686274509803,0.7317073170731707,0.813472706155633,0.8368983957219251
348,12,51,5,5,0.863013698630137,0.8082983193277311,0.9107142857142857,0.7058823529411765,0.9107142857142857,0.7058823529411765,0.9107142857142857,0.7058823529411765,0.8082983193277311,0.8844537815126051
349,24,35,7,7,0.8082191780821918,0.803763440860215,0.8333333333333334,0.7741935483870968,0.8333333333333334,0.7741935483870968,0.8333333333333334,0.7741935483870968,0.803763440860215,0.8671274961597543
350,26,35,6,6,0.8356164383561644,0.8330792682926829,0.8536585365853658,0.8125,0.8536585365853658,0.8125,0.8536585365853658,0.8125,0.8330792682926829,0.90625
351,18,40,5,10,0.7945205479452054,0.7658730158730158,0.8888888888888888,0.6428571428571429,0.8421052631578947,0.6428571428571429,0.8888888888888888,0.7058823529411765,0.7739938080495357,0.8484126984126984
352,18,39,8,8,0.7808219178082192,0.7610474631751227,0.8297872340425532,0.6923076923076923,0.8297872340425532,0.6923076923076923,0.8297872340425532,0.6923076923076923,0.7610474631751227,0.855973813420622
353,15,42,7,9,0.7808219178082192,0.7410714285714286,0.8571428571428571,0.625,0.84,0.625,0.8571428571428571,0.6521739130434783,0.7460869565217392,0.8613945578231292
354,11,41,9,12,0.7123287671232876,0.6491304347826087,0.82,0.4782608695652174,0.7961165048543689,0.4782608695652174,0.82,0.5116279069767442,0.6538722059155566,0.8095652173913043
355,19,38,3,13,0.7808219178082192,0.7602896341463414,0.926829268292683,0.59375,0.8260869565217391,0.59375,0.926829268292683,0.7037037037037037,0.7648953301127215,0.8567073170731707
356,17,43,6,7,0.821917808219178,0.7929421768707483,0.8775510204081632,0.7083333333333334,0.8686868686868687,0.7083333333333334,0.8775510204081632,0.723404255319149,0.7960455620030089,0.8460884353741497
357,17,35,7,14,0.7123287671232876,0.6908602150537635,0.8333333333333334,0.5483870967741935,0.7692307692307693,0.5483870967741935,0.8333333333333334,0.6181818181818182,0.6937062937062937,0.8149001536098309
358,18,38,7,10,0.7671232876712328,0.7436507936507937,0.8444444444444444,0.6428571428571429,0.8172043010752689,0.6428571428571429,0.8444444444444444,0.6792452830188679,0.7482247920470684,0.834920634920635
359,15,35,10,13,0.684931506849315,0.6567460317460317,0.7777777777777778,0.5357142857142857,0.7526881720430108,0.5357142857142857,0.7777777777777778,0.5660377358490566,0.6593629539460337,0.773015873015873
360,16,37,9,11,0.726027397260274,0.6984702093397746,0.8043478260869565,0.5925925925925926,0.7872340425531915,0.5925925925925926,0.8043478260869565,0.6153846153846154,0.7013093289689034,0.8260869565217391
361,15,43,9,6,0.7945205479452054,0.7706043956043955,0.8269230769230769,0.7142857142857143,0.8514851485148515,0.7142857142857143,0.8269230769230769,0.6666666666666666,0.759075907590759,0.8644688644688645
362,12,43,10,8,0.7534246575342466,0.7056603773584906,0.8113207547169812,0.6,0.8269230769230769,0.6,0.8113207547169812,0.5714285714285714,0.6991758241758241,0.8226415094339623
363,20,34,8,11,0.7397260273972602,0.7273425499231951,0.8095238095238095,0.6451612903225806,0.7816091954022989,0.6451612903225806,0.8095238095238095,0.6779661016949152,0.729787648548607,0.8233486943164362
364,13,42,7,11,0.7534246575342466,0.6994047619047619,0.8571428571428571,0.5416666666666666,0.8235294117647058,0.5416666666666666,0.8571428571428571,0.5909090909090909,0.7072192513368984,0.7376700680272109
365,17,39,7,10,0.7671232876712328,0.7387278582930756,0.8478260869565217,0.6296296296296297,0.8210526315789474,0.6296296296296297,0.8478260869565217,0.6666666666666666,0.743859649122807,0.8268921095008052
366,16,40,8,9,0.7671232876712328,0.7366666666666667,0.8333333333333334,0.64,0.8247422680412371,0.64,0.8333333333333334,0.6530612244897959,0.7389017462655165,0.8408333333333333
367,15,49,3,6,0.8767123287671232,0.8282967032967032,0.9423076923076923,0.7142857142857143,0.9158878504672897,0.7142857142857143,0.9423076923076923,0.7692307692307693,0.8425593098490295,0.8466117216117216
368,24,32,8,9,0.7671232876712328,0.7636363636363637,0.8,0.7272727272727273,0.7901234567901234,0.7272727272727273,0.8,0.7384615384615385,0.764292497625831,0.8647727272727272
369,12,35,12,14,0.6438356164383562,0.6031096563011457,0.7446808510638298,0.46153846153846156,0.7291666666666666,0.46153846153846156,0.7446808510638298,0.48,0.6045833333333333,0.739770867430442
370,20,40,9,4,0.821917808219178,0.8248299319727892,0.8163265306122449,0.8333333333333334,0.8602150537634409,0.8333333333333334,0.8163265306122449,0.7547169811320755,0.8074660174477581,0.8835034013605443
371,17,38,11,7,0.7534246575342466,0.741921768707483,0.7755102040816326,0.7083333333333334,0.8085106382978723,0.7083333333333334,0.7755102040816326,0.6538461538461539,0.7311783960720131,0.8707482993197279
372,20,40,5,8,0.821917808219178,0.8015873015873016,0.8888888888888888,0.7142857142857143,0.8602150537634409,0.7142857142857143,0.8888888888888888,0.7547169811320755,0.8074660174477581,0.8595238095238096
373,21,36,9,7,0.7808219178082192,0.775,0.8,0.75,0.8181818181818182,0.75,0.8,0.7241379310344828,0.7711598746081505,0.8797619047619049
374,14,37,9,13,0.6986301369863014,0.6614331723027376,0.8043478260869565,0.5185185185185185,0.7708333333333334,0.5185185185185185,0.8043478260869565,0.56,0.6654166666666668,0.7934782608695652
375,21,33,6,13,0.7397260273972602,0.7319004524886878,0.8461538461538461,0.6176470588235294,0.7764705882352941,0.6176470588235294,0.8461538461538461,0.6885245901639344,0.7324975891996143,0.8487933634992458
376,16,44,6,7,0.821917808219178,0.7878260869565217,0.88,0.6956521739130435,0.8712871287128713,0.6956521739130435,0.88,0.7111111111111111,0.7911991199119912,0.9291304347826087
377,19,34,10,10,0.726027397260274,0.7139498432601881,0.7727272727272727,0.6551724137931034,0.7727272727272727,0.6551724137931034,0.7727272727272727,0.6551724137931034,0.7139498432601881,0.8028996865203761
378,24,36,5,8,0.821917808219178,0.8140243902439024,0.8780487804878049,0.75,0.8470588235294118,0.75,0.8780487804878049,0.7868852459016393,0.8169720347155256,0.9100609756097561
379,25,30,11,7,0.7534246575342466,0.7564786585365854,0.7317073170731707,0.78125,0.7692307692307693,0.78125,0.7317073170731707,0.7352941176470589,0.752262443438914,0.8365091463414633
380,10,49,6,8,0.8082191780821918,0.7232323232323232,0.8909090909090909,0.5555555555555556,0.875,0.5555555555555556,0.8909090909090909,0.5882352941176471,0.7316176470588236,0.7424242424242424
381,14,43,7,9,0.7808219178082192,0.7343478260869565,0.86,0.6086956521739131,0.8431372549019608,0.6086956521739131,0.86,0.6363636363636364,0.7397504456327986,0.8865217391304349
382,17,42,8,6,0.8082191780821918,0.7895652173913044,0.84,0.7391304347826086,0.8571428571428571,0.7391304347826086,0.84,0.7083333333333334,0.7827380952380952,0.8460869565217392
383,19,38,9,7,0.7808219178082192,0.7696399345335515,0.8085106382978723,0.7307692307692307,0.8260869565217391,0.7307692307692307,0.8085106382978723,0.7037037037037037,0.7648953301127215,0.8878887070376432
384,14,48,5,6,0.8493150684931506,0.8028301886792453,0.9056603773584906,0.7,0.897196261682243,0.7,0.9056603773584906,0.717948717948718,0.8075724898154805,0.8943396226415095
385,15,44,8,6,0.8082191780821918,0.7802197802197802,0.8461538461538461,0.7142857142857143,0.8627450980392157,0.7142857142857143,0.8461538461538461,0.6818181818181818,0.7722816399286987,0.901098901098901
386,17,39,7,10,0.7671232876712328,0.7387278582930756,0.8478260869565217,0.6296296296296297,0.8210526315789474,0.6296296296296297,0.8478260869565217,0.6666666666666666,0.743859649122807,0.8389694041867956
387,19,37,11,6,0.7671232876712328,0.7654166666666666,0.7708333333333334,0.76,0.8131868131868132,0.76,0.7708333333333334,0.6909090909090909,0.752047952047952,0.8808333333333334
388,20,38,6,9,0.7945205479452054,0.7766457680250785,0.8636363636363636,0.6896551724137931,0.8351648351648352,0.6896551724137931,0.8636363636363636,0.7272727272727273,0.7812187812187812,0.8620689655172414
389,13,41,11,8,0.7397260273972602,0.7037545787545787,0.7884615384615384,0.6190476190476191,0.8118811881188119,0.6190476190476191,0.7884615384615384,0.5777777777777777,0.6948294829482948,0.8113553113553114
390,13,40,10,10,0.726027397260274,0.682608695652174,0.8,0.5652173913043478,0.8,0.5652173913043478,0.8,0.5652173913043478,0.682608695652174,0.771304347826087
391,17,42,6,8,0.8082191780821918,0.7775000000000001,0.875,0.68,0.8571428571428571,0.68,0.875,0.7083333333333334,0.7827380952380952,0.8508333333333332
392,16,42,6,9,0.7945205479452054,0.7575000000000001,0.875,0.64,0.8484848484848485,0.64,0.875,0.6808510638297872,0.7646679561573179,0.8324999999999999
393,21,36,9,7,0.7808219178082192,0.775,0.8,0.75,0.8181818181818182,0.75,0.8,0.7241379310344828,0.7711598746081505,0.8301587301587302
394,15,44,8,6,0.8082191780821918,0.7802197802197802,0.8461538461538461,0.7142857142857143,0.8627450980392157,0.7142857142857143,0.8461538461538461,0.6818181818181818,0.7722816399286987,0.8562271062271062
395,13,37,10,13,0.684931506849315,0.6436170212765957,0.7872340425531915,0.5,0.7628865979381443,0.5,0.7872340425531915,0.5306122448979592,0.6467494214180518,0.7479541734860884
396,14,43,7,9,0.7808219178082192,0.7343478260869565,0.86,0.6086956521739131,0.8431372549019608,0.6086956521739131,0.86,0.6363636363636364,0.7397504456327986,0.8139130434782609
397,11,42,13,7,0.726027397260274,0.6873737373737374,0.7636363636363637,0.6111111111111112,0.8076923076923077,0.6111111111111112,0.7636363636363637,0.5238095238095238,0.6657509157509158,0.8111111111111111
398,18,37,9,9,0.7534246575342466,0.7355072463768115,0.8043478260869565,0.6666666666666666,0.8043478260869565,0.6666666666666666,0.8043478260869565,0.6666666666666666,0.7355072463768115,0.8011272141706924
399,18,39,7,9,0.7808219178082192,0.7572463768115942,0.8478260869565217,0.6666666666666666,0.8297872340425532,0.6666666666666666,0.8478260869565217,0.6923076923076923,0.7610474631751227,0.8486312399355878
400,10,41,10,12,0.6986301369863014,0.6292335115864528,0.803921568627451,0.45454545454545453,0.7884615384615384,0.45454545454545453,0.803921568627451,0.47619047619047616,0.6323260073260073,0.7557932263814617
401,15,40,7,11,0.7534246575342466,0.7139934533551555,0.851063829787234,0.5769230769230769,0.8163265306122449,0.5769230769230769,0.851063829787234,0.625,0.7206632653061225,0.8216039279869067
402,19,39,4,11,0.7945205479452054,0.7701550387596898,0.9069767441860465,0.6333333333333333,0.8387096774193549,0.6333333333333333,0.9069767441860465,0.7169811320754716,0.7778454047474133,0.8511627906976744
403,16,40,5,12,0.7671232876712328,0.7301587301587301,0.8888888888888888,0.5714285714285714,0.8247422680412371,0.5714285714285714,0.8888888888888888,0.6530612244897959,0.7389017462655165,0.8047619047619048
404,26,33,8,6,0.8082191780821918,0.8086890243902439,0.8048780487804879,0.8125,0.825,0.8125,0.8048780487804879,0.7878787878787878,0.8064393939393939,0.9104420731707317
405,16,40,7,10,0.7671232876712328,0.7332242225859247,0.851063829787234,0.6153846153846154,0.8247422680412371,0.6153846153846154,0.851063829787234,0.6530612244897959,0.7389017462655165,0.869885433715221
406,13,46,5,9,0.8082191780821918,0.7464349376114082,0.9019607843137255,0.5909090909090909,0.8679245283018868,0.5909090909090909,0.9019607843137255,0.65,0.7589622641509435,0.7615864527629234
407,17,42,3,11,0.8082191780821918,0.7702380952380952,0.9333333333333333,0.6071428571428571,0.8571428571428571,0.6071428571428571,0.9333333333333333,0.7083333333333334,0.7827380952380952,0.8912698412698414
408,15,37,9,12,0.7123287671232876,0.6799516908212561,0.8043478260869565,0.5555555555555556,0.7789473684210526,0.5555555555555556,0.8043478260869565,0.5882352941176471,0.6835913312693498,0.7294685990338163
409,16,40,10,7,0.7671232876712328,0.7478260869565218,0.8,0.6956521739130435,0.8247422680412371,0.6956521739130435,0.8,0.6530612244897959,0.7389017462655165,0.8121739130434783
410,19,42,3,9,0.8356164383561644,0.805952380952381,0.9333333333333333,0.6785714285714286,0.875,0.6785714285714286,0.9333333333333333,0.76,0.8175,0.884920634920635
411,15,38,9,11,0.726027397260274,0.6927168576104745,0.8085106382978723,0.5769230769230769,0.7916666666666666,0.5769230769230769,0.8085106382978723,0.6,0.6958333333333333,0.837152209492635
412,16,42,8,7,0.7945205479452054,0.7678260869565217,0.84,0.6956521739130435,0.8484848484848485,0.6956521739130435,0.84,0.6808510638297872,0.7646679561573179,0.8660869565217391
413,20,40,6,7,0.821917808219178,0.8051529790660226,0.8695652173913043,0.7407407407407407,0.8602150537634409,0.7407407407407407,0.8695652173913043,0.7547169811320755,0.8074660174477581,0.8631239935587762
414,18,39,5,11,0.7808219178082192,0.7535266457680251,0.8863636363636364,0.6206896551724138,0.8297872340425532,0.6206896551724138,0.8863636363636364,0.6923076923076923,0.7610474631751227,0.8162225705329154
415,15,44,7,7,0.8082191780821918,0.7722816399286987,0.8627450980392157,0.6818181818181818,0.8627450980392157,0.6818181818181818,0.8627450980392157,0.6818181818181818,0.7722816399286987,0.8360071301247772
416,14,47,8,4,0.8356164383561644,0.8161616161616161,0.8545454545454545,0.7777777777777778,0.8867924528301887,0.7777777777777778,0.8545454545454545,0.7,0.7933962264150943,0.8833333333333333
417,11,46,11,5,0.7808219178082192,0.7472587719298245,0.8070175438596491,0.6875,0.8518518518518519,0.6875,0.8070175438596491,0.5789473684210527,0.7153996101364523,0.8475877192982456
418,27,32,6,8,0.8082191780821918,0.806766917293233,0.8421052631578947,0.7714285714285715,0.8205128205128205,0.7714285714285715,0.8421052631578947,0.7941176470588235,0.807315233785822,0.8669172932330828
419,15,40,11,7,0.7534246575342466,0.7330659536541889,0.7843137254901961,0.6818181818181818,0.8163265306122449,0.6818181818181818,0.7843137254901961,0.625,0.7206632653061225,0.8057040998217468
420,21,37,7,8,0.7945205479452054,0.7825235109717869,0.8409090909090909,0.7241379310344828,0.8314606741573034,0.7241379310344828,0.8409090909090909,0.7368421052631579,0.7841513897102306,0.8463949843260187
421,23,33,8,9,0.7671232876712328,0.7618140243902439,0.8048780487804879,0.71875,0.7951807228915663,0.71875,0.8048780487804879,0.7301587301587301,0.7626697265251482,0.810594512195122
422,15,39,8,11,0.7397260273972602,0.703355155482815,0.8297872340425532,0.5769230769230769,0.8041237113402062,0.5769230769230769,0.8297872340425532,0.6122448979591837,0.708184304649695,0.7945990180032733
423,16,36,12,9,0.7123287671232876,0.6950000000000001,0.75,0.64,0.7741935483870968,0.64,0.75,0.6037735849056604,0.6889835666463786,0.8320833333333333
424,19,31,9,14,0.684931506849315,0.6753787878787879,0.775,0.5757575757575758,0.7294117647058823,0.5757575757575758,0.775,0.6229508196721312,0.6761812921890067,0.7772727272727272
425,17,40,8,8,0.7808219178082192,0.7566666666666667,0.8333333333333334,0.68,0.8333333333333334,0.68,0.8333333333333334,0.68,0.7566666666666667,0.8775000000000001
426,19,46,6,2,0.8904109589041096,0.8946886446886446,0.8846153846153846,0.9047619047619048,0.92,0.9047619047619048,0.8846153846153846,0.8260869565217391,0.8730434782608696,0.9514652014652014
427,16,41,10,6,0.7808219178082192,0.7655971479500892,0.803921568627451,0.7272727272727273,0.8367346938775511,0.7272727272727273,0.803921568627451,0.6666666666666666,0.7517006802721089,0.8841354723707665
428,10,39,13,11,0.6712328767123288,0.6130952380952381,0.75,0.47619047619047616,0.7647058823529411,0.47619047619047616,0.75,0.45454545454545453,0.6096256684491979,0.7577838827838828
429,18,40,4,11,0.7945205479452054,0.7648902821316614,0.9090909090909091,0.6206896551724138,0.8421052631578947,0.6206896551724138,0.9090909090909091,0.7058823529411765,0.7739938080495357,0.853448275862069
430,15,43,9,6,0.7945205479452054,0.7706043956043955,0.8269230769230769,0.7142857142857143,0.8514851485148515,0.7142857142857143,0.8269230769230769,0.6666666666666666,0.759075907590759,0.9033882783882785
431,19,31,11,12,0.684931506849315,0.6754992319508448,0.7380952380952381,0.6129032258064516,0.7294117647058823,0.6129032258064516,0.7380952380952381,0.6229508196721312,0.6761812921890067,0.8241167434715823
432,16,38,11,8,0.7397260273972602,0.7210884353741496,0.7755102040816326,0.6666666666666666,0.8,0.6666666666666666,0.7755102040816326,0.6274509803921569,0.7137254901960784,0.7457482993197279
433,18,40,6,9,0.7945205479452054,0.7681159420289855,0.8695652173913043,0.6666666666666666,0.8421052631578947,0.6666666666666666,0.8695652173913043,0.7058823529411765,0.7739938080495357,0.8429951690821256
434,18,40,10,5,0.7945205479452054,0.791304347826087,0.8,0.782608695652174,0.8421052631578947,0.782608695652174,0.8,0.7058823529411765,0.7739938080495357,0.8899999999999999
435,14,40,10,9,0.7397260273972602,0.7043478260869566,0.8,0.6086956521739131,0.8080808080808081,0.6086956521739131,0.8,0.5957446808510638,0.7019127444659359,0.7956521739130435
436,15,44,6,8,0.8082191780821918,0.7660869565217392,0.88,0.6521739130434783,0.8627450980392157,0.6521739130434783,0.88,0.6818181818181818,0.7722816399286987,0.8469565217391305
437,15,43,7,8,0.7945205479452054,0.7560869565217392,0.86,0.6521739130434783,0.8514851485148515,0.6521739130434783,0.86,0.6666666666666666,0.759075907590759,0.8052173913043478
438,16,36,7,14,0.7123287671232876,0.6852713178294574,0.8372093023255814,0.5333333333333333,0.7741935483870968,0.5333333333333333,0.8372093023255814,0.6037735849056604,0.6889835666463786,0.8213178294573644
439,15,37,11,10,0.7123287671232876,0.6854166666666667,0.7708333333333334,0.6,0.7789473684210526,0.6,0.7708333333333334,0.5882352941176471,0.6835913312693498,0.8129166666666666
440,15,42,6,10,0.7808219178082192,0.7375,0.875,0.6,0.84,0.6,0.875,0.6521739130434783,0.7460869565217392,0.8145833333333334
441,18,39,9,7,0.7808219178082192,0.76625,0.8125,0.72,0.8297872340425532,0.72,0.8125,0.6923076923076923,0.7610474631751227,0.8529166666666668
442,19,36,10,8,0.7534246575342466,0.7431561996779388,0.782608695652174,0.7037037037037037,0.8,0.7037037037037037,0.782608695652174,0.6785714285714286,0.7392857142857143,0.8808373590982287
443,17,43,6,7,0.821917808219178,0.7929421768707483,0.8775510204081632,0.7083333333333334,0.8686868686868687,0.7083333333333334,0.8775510204081632,0.723404255319149,0.7960455620030089,0.8367346938775511
444,19,33,6,15,0.7123287671232876,0.7024886877828054,0.8461538461538461,0.5588235294117647,0.7586206896551724,0.5588235294117647,0.8461538461538461,0.6440677966101694,0.7013442431326709,0.7828054298642534
445,12,46,7,8,0.7945205479452054,0.7339622641509433,0.8679245283018868,0.6,0.8598130841121495,0.6,0.8679245283018868,0.6153846153846154,0.7375988497483825,0.8764150943396227
446,23,37,4,9,0.821917808219178,0.8105945121951219,0.9024390243902439,0.71875,0.8505747126436781,0.71875,0.9024390243902439,0.7796610169491526,0.8151178647964153,0.8635670731707317
447,22,29,10,12,0.6986301369863014,0.6953242835595776,0.7435897435897436,0.6470588235294118,0.725,0.6470588235294118,0.7435897435897436,0.6666666666666666,0.6958333333333333,0.7918552036199095
448,14,37,9,13,0.6986301369863014,0.6614331723027376,0.8043478260869565,0.5185185185185185,0.7708333333333334,0.5185185185185185,0.8043478260869565,0.56,0.6654166666666668,0.7318840579710145
449,18,35,11,9,0.726027397260274,0.713768115942029,0.7608695652173914,0.6666666666666666,0.7777777777777778,0.6666666666666666,0.7608695652173914,0.6428571428571429,0.7103174603174603,0.8083735909822867
450,18,38,7,10,0.7671232876712328,0.7436507936507937,0.8444444444444444,0.6428571428571429,0.8172043010752689,0.6428571428571429,0.8444444444444444,0.6792452830188679,0.7482247920470684,0.8325396825396827
451,17,30,13,13,0.6438356164383562,0.632170542635659,0.6976744186046512,0.5666666666666667,0.6976744186046512,0.5666666666666667,0.6976744186046512,0.5666666666666667,0.632170542635659,0.7674418604651163
452,13,35,10,15,0.6575342465753424,0.621031746031746,0.7777777777777778,0.4642857142857143,0.7368421052631579,0.4642857142857143,0.7777777777777778,0.5098039215686274,0.6233230134158927,0.675
453,19,33,10,11,0.7123287671232876,0.7003875968992248,0.7674418604651163,0.6333333333333333,0.7586206896551724,0.6333333333333333,0.7674418604651163,0.6440677966101694,0.7013442431326709,0.7674418604651163
454,19,32,14,8,0.6986301369863014,0.6996779388083736,0.6956521739130435,0.7037037037037037,0.7441860465116279,0.7037037037037037,0.6956521739130435,0.6333333333333333,0.6887596899224806,0.7632850241545893
455,13,40,10,10,0.726027397260274,0.682608695652174,0.8,0.5652173913043478,0.8,0.5652173913043478,0.8,0.5652173913043478,0.682608695652174,0.788695652173913
456,8,41,10,14,0.6712328767123288,0.5837789661319073,0.803921568627451,0.36363636363636365,0.7735849056603774,0.36363636363636365,0.803921568627451,0.4,0.5867924528301887,0.6858288770053476
457,22,34,8,9,0.7671232876712328,0.7596006144393241,0.8095238095238095,0.7096774193548387,0.8,0.7096774193548387,0.8095238095238095,0.7213114754098361,0.7606557377049181,0.8010752688172043
458,16,36,10,11,0.7123287671232876,0.6876006441223832,0.782608695652174,0.5925925925925926,0.7741935483870968,0.5925925925925926,0.782608695652174,0.6037735849056604,0.6889835666463786,0.7769726247987118
459,20,38,4,11,0.7945205479452054,0.7749615975422427,0.9047619047619048,0.6451612903225806,0.8351648351648352,0.6451612903225806,0.9047619047619048,0.7272727272727273,0.7812187812187812,0.8425499231950845
460,17,39,9,8,0.7671232876712328,0.7462500000000001,0.8125,0.68,0.8210526315789474,0.68,0.8125,0.6666666666666666,0.743859649122807,0.8670833333333333
461,19,40,3,11,0.8082191780821918,0.781782945736434,0.9302325581395349,0.6333333333333333,0.851063829787234,0.6333333333333333,0.9302325581395349,0.7307692307692307,0.7909165302782324,0.8434108527131783
462,16,39,8,10,0.7534246575342466,0.7225859247135843,0.8297872340425532,0.6153846153846154,0.8125,0.6153846153846154,0.8297872340425532,0.64,0.7262500000000001,0.8678396072013093
463,14,41,9,9,0.7534246575342466,0.7143478260869565,0.82,0.6086956521739131,0.82,0.6086956521739131,0.82,0.6086956521739131,0.7143478260869565,0.8143478260869565
464,23,29,11,10,0.7123287671232876,0.7109848484848484,0.725,0.696969696969697,0.7341772151898734,0.696969696969697,0.725,0.6865671641791045,0.710372189684489,0.7784090909090908
465,20,36,8,9,0.7671232876712328,0.7539184952978057,0.8181818181818182,0.6896551724137931,0.8089887640449438,0.6896551724137931,0.8181818181818182,0.7017543859649122,0.755371575004928,0.8307210031347964
466,17,40,9,7,0.7808219178082192,0.7623299319727892,0.8163265306122449,0.7083333333333334,0.8333333333333334,0.7083333333333334,0.8163265306122449,0.68,0.7566666666666667,0.8358843537414966
467,17,44,7,5,0.8356164383561644,0.8177361853832442,0.8627450980392157,0.7727272727272727,0.88,0.7727272727272727,0.8627450980392157,0.7391304347826086,0.8095652173913044,0.8716577540106952
468,12,44,5,12,0.7671232876712328,0.6989795918367347,0.8979591836734694,0.5,0.8380952380952381,0.5,0.8979591836734694,0.5853658536585366,0.7117305458768873,0.8545918367346939
469,24,34,9,6,0.7945205479452054,0.7953488372093023,0.7906976744186046,0.8,0.8192771084337349,0.8,0.7906976744186046,0.7619047619047619,0.7905909351692484,0.836046511627907
470,25,36,4,8,0.8356164383561644,0.8287878787878789,0.9,0.7575757575757576,0.8571428571428571,0.7575757575757576,0.9,0.8064516129032258,0.8317972350230414,0.8810606060606061
471,22,36,4,11,0.7945205479452054,0.7833333333333333,0.9,0.6666666666666666,0.8275862068965517,0.6666666666666666,0.9,0.7457627118644068,0.7866744593804793,0.8886363636363636
472,19,36,6,12,0.7534246575342466,0.7350230414746544,0.8571428571428571,0.6129032258064516,0.8,0.6129032258064516,0.8571428571428571,0.6785714285714286,0.7392857142857143,0.782258064516129
473,13,41,9,10,0.7397260273972602,0.6926086956521739,0.82,0.5652173913043478,0.8118811881188119,0.5652173913043478,0.82,0.5777777777777777,0.6948294829482948,0.8121739130434783
474,17,36,8,12,0.726027397260274,0.7021943573667712,0.8181818181818182,0.5862068965517241,0.782608695652174,0.5862068965517241,0.8181818181818182,0.6296296296296297,0.7061191626409018,0.7954545454545455
475,19,46,6,2,0.8904109589041096,0.8946886446886446,0.8846153846153846,0.9047619047619048,0.92,0.9047619047619048,0.8846153846153846,0.8260869565217391,0.8730434782608696,0.9532967032967032
476,21,38,7,7,0.8082191780821918,0.7972222222222223,0.8444444444444444,0.75,0.8444444444444444,0.75,0.8444444444444444,0.75,0.7972222222222223,0.9047619047619048
477,20,32,6,15,0.7123287671232876,0.706766917293233,0.8421052631578947,0.5714285714285714,0.7529411764705882,0.5714285714285714,0.8421052631578947,0.6557377049180327,0.7043394406943104,0.8082706766917293
478,16,37,9,11,0.726027397260274,0.6984702093397746,0.8043478260869565,0.5925925925925926,0.7872340425531915,0.5925925925925926,0.8043478260869565,0.6153846153846154,0.7013093289689034,0.8051529790660225
479,18,36,8,11,0.7397260273972602,0.719435736677116,0.8181818181818182,0.6206896551724138,0.7912087912087912,0.6206896551724138,0.8181818181818182,0.6545454545454545,0.7228771228771229,0.817398119122257
480,20,36,8,9,0.7671232876712328,0.7539184952978057,0.8181818181818182,0.6896551724137931,0.8089887640449438,0.6896551724137931,0.8181818181818182,0.7017543859649122,0.755371575004928,0.8894984326018809
481,21,37,9,6,0.7945205479452054,0.7910628019323671,0.8043478260869565,0.7777777777777778,0.8314606741573034,0.7777777777777778,0.8043478260869565,0.7368421052631579,0.7841513897102306,0.8679549114331723
482,12,44,5,12,0.7671232876712328,0.6989795918367347,0.8979591836734694,0.5,0.8380952380952381,0.5,0.8979591836734694,0.5853658536585366,0.7117305458768873,0.8375850340136055
483,22,38,8,5,0.821917808219178,0.820450885668277,0.8260869565217391,0.8148148148148148,0.8539325842696629,0.8148148148148148,0.8260869565217391,0.7719298245614035,0.8129312044155332,0.8703703703703703
484,13,39,9,12,0.7123287671232876,0.66625,0.8125,0.52,0.7878787878787878,0.52,0.8125,0.5531914893617021,0.6705351386202449,0.7895833333333334
485,13,37,9,14,0.684931506849315,0.642914653784219,0.8043478260869565,0.48148148148148145,0.7628865979381443,0.48148148148148145,0.8043478260869565,0.5306122448979592,0.6467494214180518,0.7302737520128825
486,14,44,10,5,0.7945205479452054,0.7758284600389863,0.8148148148148148,0.7368421052631579,0.8543689320388349,0.7368421052631579,0.8148148148148148,0.6511627906976745,0.7527658613682546,0.8669590643274854
487,20,41,5,7,0.8356164383561644,0.8160225442834138,0.8913043478260869,0.7407407407407407,0.8723404255319149,0.7407407407407407,0.8913043478260869,0.7692307692307693,0.820785597381342,0.8917069243156199
488,18,37,8,10,0.7534246575342466,0.7325396825396826,0.8222222222222222,0.6428571428571429,0.8043478260869565,0.6428571428571429,0.8222222222222222,0.6666666666666666,0.7355072463768115,0.8047619047619048
489,21,34,8,10,0.7534246575342466,0.7434715821812596,0.8095238095238095,0.6774193548387096,0.7906976744186046,0.6774193548387096,0.8095238095238095,0.7,0.7453488372093022,0.8655913978494623
490,23,31,9,10,0.7397260273972602,0.7359848484848486,0.775,0.696969696969697,0.7654320987654321,0.696969696969697,0.775,0.7076923076923077,0.7365622032288699,0.8106060606060607
491,20,40,6,7,0.821917808219178,0.8051529790660226,0.8695652173913043,0.7407407407407407,0.8602150537634409,0.7407407407407407,0.8695652173913043,0.7547169811320755,0.8074660174477581,0.8977455716586151
492,19,38,7,9,0.7808219178082192,0.7615079365079365,0.8444444444444444,0.6785714285714286,0.8260869565217391,0.6785714285714286,0.8444444444444444,0.7037037037037037,0.7648953301127215,0.8261904761904763
493,12,36,11,14,0.6575342465753424,0.613747954173486,0.7659574468085106,0.46153846153846156,0.7422680412371134,0.46153846153846156,0.7659574468085106,0.4897959183673469,0.6160319798022302,0.6959901800327332
494,23,41,6,3,0.8767123287671232,0.8784779050736498,0.8723404255319149,0.8846153846153846,0.9010989010989011,0.8846153846153846,0.8723404255319149,0.8363636363636363,0.8687312687312687,0.9067103109656302
495,15,46,7,5,0.8356164383561644,0.8089622641509434,0.8679245283018868,0.75,0.8846153846153846,0.75,0.8679245283018868,0.7142857142857143,0.7994505494505495,0.9320754716981132
496,19,34,13,7,0.726027397260274,0.7270867430441899,0.723404255319149,0.7307692307692307,0.7727272727272727,0.7307692307692307,0.723404255319149,0.6551724137931034,0.7139498432601881,0.7978723404255319
497,15,41,11,6,0.7671232876712328,0.7513736263736264,0.7884615384615384,0.7142857142857143,0.8282828282828283,0.7142857142857143,0.7884615384615384,0.6382978723404256,0.7332903503116269,0.8195970695970697
498,25,32,7,9,0.7808219178082192,0.7779034690799397,0.8205128205128205,0.7352941176470589,0.8,0.7352941176470589,0.8205128205128205,0.7575757575757576,0.7787878787878788,0.8518099547511312
499,12,40,8,13,0.7123287671232876,0.6566666666666667,0.8333333333333334,0.48,0.7920792079207921,0.48,0.8333333333333334,0.5333333333333333,0.6627062706270628,0.8308333333333333
500,19,36,3,15,0.7534246575342466,0.7409502262443439,0.9230769230769231,0.5588235294117647,0.8,0.5588235294117647,0.9230769230769231,0.6785714285714286,0.7392857142857143,0.8985671191553544
501,19,42,6,6,0.8356164383561644,0.8175,0.875,0.76,0.875,0.76,0.875,0.76,0.8175,0.94
502,16,37,8,12,0.726027397260274,0.6968253968253968,0.8222222222222222,0.5714285714285714,0.7872340425531915,0.5714285714285714,0.8222222222222222,0.6153846153846154,0.7013093289689034,0.7936507936507936
503,10,45,10,8,0.7534246575342466,0.6868686868686869,0.8181818181818182,0.5555555555555556,0.8333333333333334,0.5555555555555556,0.8181818181818182,0.5263157894736842,0.6798245614035088,0.7808080808080808
504,16,40,7,10,0.7671232876712328,0.7332242225859247,0.851063829787234,0.6153846153846154,0.8247422680412371,0.6153846153846154,0.851063829787234,0.6530612244897959,0.7389017462655165,0.820785597381342
505,18,38,7,10,0.7671232876712328,0.7436507936507937,0.8444444444444444,0.6428571428571429,0.8172043010752689,0.6428571428571429,0.8444444444444444,0.6792452830188679,0.7482247920470684,0.84484126984127
506,16,37,8,12,0.726027397260274,0.6968253968253968,0.8222222222222222,0.5714285714285714,0.7872340425531915,0.5714285714285714,0.8222222222222222,0.6153846153846154,0.7013093289689034,0.817857142857143
507,22,31,13,7,0.726027397260274,0.7315830721003135,0.7045454545454546,0.7586206896551724,0.7560975609756098,0.7586206896551724,0.7045454545454546,0.6875,0.7217987804878049,0.8573667711598745
508,13,47,7,6,0.821917808219178,0.7772904483430799,0.8703703703703703,0.6842105263157895,0.8785046728971962,0.6842105263157895,0.8703703703703703,0.6666666666666666,0.7725856697819314,0.8576998050682261
509,21,36,8,8,0.7808219178082192,0.7711598746081505,0.8181818181818182,0.7241379310344828,0.8181818181818182,0.7241379310344828,0.8181818181818182,0.7241379310344828,0.7711598746081505,0.9114420062695925
510,18,40,8,7,0.7945205479452054,0.7766666666666666,0.8333333333333334,0.72,0.8421052631578947,0.72,0.8333333333333334,0.7058823529411765,0.7739938080495357,0.8583333333333334
511,16,34,8,15,0.684931506849315,0.662826420890937,0.8095238095238095,0.5161290322580645,0.7472527472527473,0.5161290322580645,0.8095238095238095,0.5818181818181818,0.6645354645354645,0.7569124423963134
512,14,37,9,13,0.6986301369863014,0.6614331723027376,0.8043478260869565,0.5185185185185185,0.7708333333333334,0.5185185185185185,0.8043478260869565,0.56,0.6654166666666668,0.8083735909822867
513,11,44,8,10,0.7534246575342466,0.684981684981685,0.8461538461538461,0.5238095238095238,0.8301886792452831,0.5238095238095238,0.8461538461538461,0.55,0.6900943396226416,0.8273809523809523
514,25,36,6,6,0.8356164383561644,0.8317972350230414,0.8571428571428571,0.8064516129032258,0.8571428571428571,0.8064516129032258,0.8571428571428571,0.8064516129032258,0.8317972350230414,0.9270353302611367
515,17,43,7,6,0.821917808219178,0.7995652173913044,0.86,0.7391304347826086,0.8686868686868687,0.7391304347826086,0.86,0.723404255319149,0.7960455620030089,0.8791304347826087
516,19,39,5,10,0.7945205479452054,0.77076802507837,0.8863636363636364,0.6551724137931034,0.8387096774193549,0.6551724137931034,0.8863636363636364,0.7169811320754716,0.7778454047474133,0.8330721003134797
517,14,42,8,9,0.7671232876712328,0.7243478260869565,0.84,0.6086956521739131,0.8316831683168316,0.6086956521739131,0.84,0.6222222222222222,0.7269526952695269,0.8417391304347827
518,28,35,6,4,0.863013698630137,0.8643292682926829,0.8536585365853658,0.875,0.875,0.875,0.8536585365853658,0.8484848484848485,0.8617424242424243,0.9314024390243902
519,12,40,10,11,0.7123287671232876,0.6608695652173913,0.8,0.5217391304347826,0.7920792079207921,0.5217391304347826,0.8,0.5333333333333333,0.6627062706270628,0.7591304347826087
520,12,48,6,7,0.821917808219178,0.7602339181286549,0.8888888888888888,0.631578947368421,0.8807339449541285,0.631578947368421,0.8888888888888888,0.6486486486486487,0.7646912968013886,0.8323586744639376
521,18,41,7,7,0.8082191780821918,0.7870833333333334,0.8541666666666666,0.72,0.8541666666666666,0.72,0.8541666666666666,0.72,0.7870833333333334,0.8995833333333333
522,19,36,8,10,0.7534246575342466,0.7366771159874608,0.8181818181818182,0.6551724137931034,0.8,0.6551724137931034,0.8181818181818182,0.6785714285714286,0.7392857142857143,0.8334639498432601
523,13,47,7,6,0.821917808219178,0.7772904483430799,0.8703703703703703,0.6842105263157895,0.8785046728971962,0.6842105263157895,0.8703703703703703,0.6666666666666666,0.7725856697819314,0.7943469785575048
524,16,40,9,8,0.7671232876712328,0.7414965986394557,0.8163265306122449,0.6666666666666666,0.8247422680412371,0.6666666666666666,0.8163265306122449,0.6530612244897959,0.7389017462655165,0.8401360544217688
525,15,41,8,9,0.7671232876712328,0.7308673469387755,0.8367346938775511,0.625,0.8282828282828283,0.625,0.8367346938775511,0.6382978723404256,0.7332903503116269,0.8286564625850341
526,14,44,9,6,0.7945205479452054,0.7650943396226415,0.8301886792452831,0.7,0.8543689320388349,0.7,0.8301886792452831,0.6511627906976745,0.7527658613682546,0.8669811320754717
527,16,36,9,12,0.7123287671232876,0.6857142857142857,0.8,0.5714285714285714,0.7741935483870968,0.5714285714285714,0.8,0.6037735849056604,0.6889835666463786,0.8003968253968254
528,16,40,7,10,0.7671232876712328,0.7332242225859247,0.851063829787234,0.6153846153846154,0.8247422680412371,0.6153846153846154,0.851063829787234,0.6530612244897959,0.7389017462655165,0.8572013093289689
529,19,34,11,9,0.726027397260274,0.7170634920634921,0.7555555555555555,0.6785714285714286,0.7727272727272727,0.6785714285714286,0.7555555555555555,0.6551724137931034,0.7139498432601881,0.8055555555555556
530,20,30,10,13,0.684931506849315,0.678030303030303,0.75,0.6060606060606061,0.7228915662650602,0.6060606060606061,0.75,0.6349206349206349,0.6789061005928476,0.7924242424242425
531,13,46,6,8,0.8082191780821918,0.7518315018315018,0.8846153846153846,0.6190476190476191,0.8679245283018868,0.6190476190476191,0.8846153846153846,0.65,0.7589622641509435,0.9038461538461539
532,20,36,9,8,0.7671232876712328,0.7571428571428571,0.8,0.7142857142857143,0.8089887640449438,0.7142857142857143,0.8,0.7017543859649122,0.755371575004928,0.8150793650793651
533,15,45,7,6,0.821917808219178,0.7898351648351649,0.8653846153846154,0.7142857142857143,0.8737864077669902,0.7142857142857143,0.8653846153846154,0.6976744186046512,0.7857304131858207,0.9084249084249084
534,15,43,9,6,0.7945205479452054,0.7706043956043955,0.8269230769230769,0.7142857142857143,0.8514851485148515,0.7142857142857143,0.8269230769230769,0.6666666666666666,0.759075907590759,0.8296703296703297
535,25,37,5,6,0.8493150684931506,0.8437019969278033,0.8809523809523809,0.8064516129032258,0.8705882352941177,0.8064516129032258,0.8809523809523809,0.819672131147541,0.8451301832208293,0.8993855606758833
536,14,41,10,8,0.7534246575342466,0.7201426024955437,0.803921568627451,0.6363636363636364,0.82,0.6363636363636364,0.803921568627451,0.6086956521739131,0.7143478260869565,0.8088235294117647
537,19,41,6,7,0.821917808219178,0.8015548281505729,0.8723404255319149,0.7307692307692307,0.8631578947368421,0.7307692307692307,0.8723404255319149,0.7450980392156863,0.8041279669762642,0.8960720130932897
538,10,51,6,6,0.8356164383561644,0.7598684210526316,0.8947368421052632,0.625,0.8947368421052632,0.625,0.8947368421052632,0.625,0.7598684210526316,0.8092105263157895
539,12,44,9,8,0.7671232876712328,0.7150943396226415,0.8301886792452831,0.6,0.8380952380952381,0.6,0.8301886792452831,0.5853658536585366,0.7117305458768873,0.8047169811320756
540,11,44,9,9,0.7534246575342466,0.6900943396226416,0.8301886792452831,0.55,0.8301886792452831,0.55,0.8301886792452831,0.55,0.6900943396226416,0.8226415094339623
541,14,38,11,10,0.7123287671232876,0.679421768707483,0.7755102040816326,0.5833333333333334,0.7835051546391752,0.5833333333333334,0.7755102040816326,0.5714285714285714,0.6774668630338734,0.7482993197278912
542,14,39,11,9,0.726027397260274,0.6943478260869566,0.78,0.6086956521739131,0.7959183673469388,0.6086956521739131,0.78,0.5833333333333334,0.689625850340136,0.7730434782608696
543,21,37,3,12,0.7945205479452054,0.7806818181818183,0.925,0.6363636363636364,0.8314606741573034,0.6363636363636364,0.925,0.7368421052631579,0.7841513897102306,0.8984848484848484
544,19,31,8,15,0.684931506849315,0.6768476621417798,0.7948717948717948,0.5588235294117647,0.7294117647058823,0.5588235294117647,0.7948717948717948,0.6229508196721312,0.6761812921890067,0.7405731523378581
545,16,41,12,4,0.7808219178082192,0.7867924528301887,0.7735849056603774,0.8,0.8367346938775511,0.8,0.7735849056603774,0.6666666666666666,0.7517006802721089,0.8603773584905661
546,16,44,7,6,0.821917808219178,0.7950089126559715,0.8627450980392157,0.7272727272727273,0.8712871287128713,0.7272727272727273,0.8627450980392157,0.7111111111111111,0.7911991199119912,0.9153297682709448
547,20,43,5,5,0.863013698630137,0.8479166666666667,0.8958333333333334,0.8,0.8958333333333334,0.8,0.8958333333333334,0.8,0.8479166666666667,0.8937499999999999
548,22,35,8,8,0.7808219178082192,0.7736434108527132,0.813953488372093,0.7333333333333333,0.813953488372093,0.7333333333333333,0.813953488372093,0.7333333333333333,0.7736434108527132,0.8852713178294573
549,17,41,3,12,0.7945205479452054,0.7590125391849529,0.9318181818181818,0.5862068965517241,0.845360824742268,0.5862068965517241,0.9318181818181818,0.6938775510204082,0.7696191878813381,0.8640282131661442
550,13,43,5,12,0.7671232876712328,0.7079166666666667,0.8958333333333334,0.52,0.8349514563106796,0.52,0.8958333333333334,0.6046511627906976,0.7198013095506886,0.7716666666666666
551,23,31,10,9,0.7397260273972602,0.7374237804878049,0.7560975609756098,0.71875,0.7654320987654321,0.71875,0.7560975609756098,0.7076923076923077,0.7365622032288699,0.8338414634146343
552,19,33,8,13,0.7123287671232876,0.6993140243902439,0.8048780487804879,0.59375,0.7586206896551724,0.59375,0.8048780487804879,0.6440677966101694,0.7013442431326709,0.7682926829268293
553,16,42,7,8,0.7945205479452054,0.7619047619047619,0.8571428571428571,0.6666666666666666,0.8484848484848485,0.6666666666666666,0.8571428571428571,0.6808510638297872,0.7646679561573179,0.8852040816326531
554,13,41,11,8,0.7397260273972602,0.7037545787545787,0.7884615384615384,0.6190476190476191,0.8118811881188119,0.6190476190476191,0.7884615384615384,0.5777777777777777,0.6948294829482948,0.8113553113553114
555,16,42,9,6,0.7945205479452054,0.7754010695187166,0.8235294117647058,0.7272727272727273,0.8484848484848485,0.7272727272727273,0.8235294117647058,0.6808510638297872,0.7646679561573179,0.8524955436720143
556,25,36,5,7,0.8356164383561644,0.8296493902439024,0.8780487804878049,0.78125,0.8571428571428571,0.78125,0.8780487804878049,0.8064516129032258,0.8317972350230414,0.8826219512195121
557,15,46,5,7,0.8356164383561644,0.7918894830659536,0.9019607843137255,0.6818181818181818,0.8846153846153846,0.6818181818181818,0.9019607843137255,0.7142857142857143,0.7994505494505495,0.890374331550802
558,18,37,6,12,0.7534246575342466,0.7302325581395348,0.8604651162790697,0.6,0.8043478260869565,0.6,0.8604651162790697,0.6666666666666666,0.7355072463768115,0.7790697674418605
559,15,38,13,7,0.726027397260274,0.713458110516934,0.7450980392156863,0.6818181818181818,0.7916666666666666,0.6818181818181818,0.7450980392156863,0.6,0.6958333333333333,0.8368983957219251
560,16,37,9,11,0.726027397260274,0.6984702093397746,0.8043478260869565,0.5925925925925926,0.7872340425531915,0.5925925925925926,0.8043478260869565,0.6153846153846154,0.7013093289689034,0.8514492753623187
561,23,35,5,10,0.7945205479452054,0.7859848484848485,0.875,0.696969696969697,0.8235294117647058,0.696969696969697,0.875,0.7540983606557377,0.7888138862102217,0.853030303030303
562,13,45,11,4,0.7945205479452054,0.7841386554621849,0.8035714285714286,0.7647058823529411,0.8571428571428571,0.7647058823529411,0.8035714285714286,0.6341463414634146,0.7456445993031359,0.861344537815126
563,21,41,7,4,0.8493150684931506,0.8470833333333333,0.8541666666666666,0.84,0.8817204301075269,0.84,0.8541666666666666,0.7924528301886793,0.837086630148103,0.9116666666666667
564,15,41,8,9,0.7671232876712328,0.7308673469387755,0.8367346938775511,0.625,0.8282828282828283,0.625,0.8367346938775511,0.6382978723404256,0.7332903503116269,0.8222789115646258
565,13,42,6,12,0.7534246575342466,0.6975,0.875,0.52,0.8235294117647058,0.52,0.875,0.5909090909090909,0.7072192513368984,0.7445833333333333
566,21,35,6,11,0.7671232876712328,0.7549542682926829,0.8536585365853658,0.65625,0.8045977011494253,0.65625,0.8536585365853658,0.711864406779661,0.7582310539645432,0.8681402439024389
567,15,41,7,10,0.7671232876712328,0.7270833333333333,0.8541666666666666,0.6,0.8282828282828283,0.6,0.8541666666666666,0.6382978723404256,0.7332903503116269,0.8516666666666668
568,14,43,9,7,0.7808219178082192,0.7467948717948718,0.8269230769230769,0.6666666666666666,0.8431372549019608,0.6666666666666666,0.8269230769230769,0.6363636363636364,0.7397504456327986,0.8067765567765568
569,22,31,11,9,0.726027397260274,0.7238863287250384,0.7380952380952381,0.7096774193548387,0.7560975609756098,0.7096774193548387,0.7380952380952381,0.6875,0.7217987804878049,0.8164362519201228
570,19,43,6,5,0.8493150684931506,0.8346088435374149,0.8775510204081632,0.7916666666666666,0.8865979381443299,0.7916666666666666,0.8775510204081632,0.7755102040816326,0.8310540711129812,0.9268707482993197
571,17,33,10,13,0.684931506849315,0.6670542635658915,0.7674418604651163,0.5666666666666667,0.7415730337078652,0.5666666666666667,0.7674418604651163,0.5964912280701754,0.6690321308890204,0.775968992248062
572,18,31,8,16,0.6712328767123288,0.6621417797888386,0.7948717948717948,0.5294117647058824,0.7209302325581395,0.5294117647058824,0.7948717948717948,0.6,0.6604651162790698,0.7315233785822021
573,18,35,8,12,0.726027397260274,0.7069767441860465,0.813953488372093,0.6,0.7777777777777778,0.6,0.813953488372093,0.6428571428571429,0.7103174603174603,0.8476744186046512
574,16,41,7,9,0.7808219178082192,0.7470833333333333,0.8541666666666666,0.64,0.8367346938775511,0.64,0.8541666666666666,0.6666666666666666,0.7517006802721089,0.8125000000000001
575,18,36,11,8,0.7397260273972602,0.7291325695581015,0.7659574468085106,0.6923076923076923,0.7912087912087912,0.6923076923076923,0.7659574468085106,0.6545454545454545,0.7228771228771229,0.8486088379705401
576,18,41,3,11,0.8082191780821918,0.7762539184952978,0.9318181818181818,0.6206896551724138,0.8541666666666666,0.6206896551724138,0.9318181818181818,0.72,0.7870833333333334,0.8714733542319748
577,22,44,4,3,0.9041095890410958,0.8983333333333333,0.9166666666666666,0.88,0.9263157894736842,0.88,0.9166666666666666,0.8627450980392157,0.89453044375645,0.9466666666666668
578,20,38,5,10,0.7945205479452054,0.7751937984496124,0.8837209302325582,0.6666666666666666,0.8351648351648352,0.6666666666666666,0.8837209302325582,0.7272727272727273,0.7812187812187812,0.8996124031007753
579,18,43,4,8,0.8356164383561644,0.8036006546644845,0.9148936170212766,0.6923076923076923,0.8775510204081632,0.6923076923076923,0.9148936170212766,0.75,0.8137755102040816,0.8723404255319149
580,19,42,7,5,0.8356164383561644,0.8244047619047619,0.8571428571428571,0.7916666666666666,0.875,0.7916666666666666,0.8571428571428571,0.76,0.8175,0.8988095238095238
581,24,36,7,6,0.821917808219178,0.8186046511627907,0.8372093023255814,0.8,0.8470588235294118,0.8,0.8372093023255814,0.7868852459016393,0.8169720347155256,0.8906976744186046
582,14,43,9,7,0.7808219178082192,0.7467948717948718,0.8269230769230769,0.6666666666666666,0.8431372549019608,0.6666666666666666,0.8269230769230769,0.6363636363636364,0.7397504456327986,0.8754578754578753
583,18,39,7,9,0.7808219178082192,0.7572463768115942,0.8478260869565217,0.6666666666666666,0.8297872340425532,0.6666666666666666,0.8478260869565217,0.6923076923076923,0.7610474631751227,0.7818035426731078
584,13,38,10,12,0.6986301369863014,0.6558333333333333,0.7916666666666666,0.52,0.7755102040816326,0.52,0.7916666666666666,0.5416666666666666,0.6585884353741496,0.8033333333333333
585,20,40,6,7,0.821917808219178,0.8051529790660226,0.8695652173913043,0.7407407407407407,0.8602150537634409,0.7407407407407407,0.8695652173913043,0.7547169811320755,0.8074660174477581,0.892914653784219
586,20,42,5,6,0.8493150684931506,0.8314238952536825,0.8936170212765957,0.7692307692307693,0.8842105263157894,0.7692307692307693,0.8936170212765957,0.7843137254901961,0.8342621259029928,0.930441898527005
587,22,39,8,4,0.8356164383561644,0.8379705400981996,0.8297872340425532,0.8461538461538461,0.8666666666666667,0.8461538461538461,0.8297872340425532,0.7857142857142857,0.8261904761904761,0.8625204582651392
588,11,41,8,13,0.7123287671232876,0.6475340136054422,0.8367346938775511,0.4583333333333333,0.7961165048543689,0.4583333333333333,0.8367346938775511,0.5116279069767442,0.6538722059155566,0.788265306122449
589,18,44,5,6,0.8493150684931506,0.8239795918367347,0.8979591836734694,0.75,0.8888888888888888,0.75,0.8979591836734694,0.7659574468085106,0.8274231678486997,0.8886054421768708
590,14,41,7,11,0.7534246575342466,0.7070833333333333,0.8541666666666666,0.56,0.82,0.56,0.8541666666666666,0.6086956521739131,0.7143478260869565,0.8120833333333333
591,13,50,5,5,0.863013698630137,0.8156565656565656,0.9090909090909091,0.7222222222222222,0.9090909090909091,0.7222222222222222,0.9090909090909091,0.7222222222222222,0.8156565656565656,0.9454545454545454
592,18,39,4,12,0.7808219178082192,0.7534883720930232,0.9069767441860465,0.6,0.8297872340425532,0.6,0.9069767441860465,0.6923076923076923,0.7610474631751227,0.8523255813953489
593,10,44,9,10,0.7397260273972602,0.6650943396226415,0.8301886792452831,0.5,0.822429906542056,0.5,0.8301886792452831,0.5128205128205128,0.6676252096812845,0.7471698113207548
594,20,40,6,7,0.821917808219178,0.8051529790660226,0.8695652173913043,0.7407407407407407,0.8602150537634409,0.7407407407407407,0.8695652173913043,0.7547169811320755,0.8074660174477581,0.9347826086956521
595,18,37,12,6,0.7534246575342466,0.7525510204081632,0.7551020408163265,0.75,0.8043478260869565,0.75,0.7551020408163265,0.6666666666666666,0.7355072463768115,0.8656462585034013
596,14,41,9,9,0.7534246575342466,0.7143478260869565,0.82,0.6086956521739131,0.82,0.6086956521739131,0.82,0.6086956521739131,0.7143478260869565,0.8434782608695652
597,19,36,9,9,0.7534246575342466,0.7392857142857143,0.8,0.6785714285714286,0.8,0.6785714285714286,0.8,0.6785714285714286,0.7392857142857143,0.7654761904761904
598,22,42,4,5,0.8767123287671232,0.8639291465378421,0.9130434782608695,0.8148148148148148,0.9032258064516129,0.8148148148148148,0.9130434782608695,0.8301886792452831,0.8667072428484479,0.9033816425120773
599,14,44,10,5,0.7945205479452054,0.7758284600389863,0.8148148148148148,0.7368421052631579,0.8543689320388349,0.7368421052631579,0.8148148148148148,0.6511627906976745,0.7527658613682546,0.8338206627680312
600,15,39,11,8,0.7397260273972602,0.7160869565217391,0.78,0.6521739130434783,0.8041237113402062,0.6521739130434783,0.78,0.6122448979591837,0.708184304649695,0.8482608695652174
601,19,41,6,7,0.821917808219178,0.8015548281505729,0.8723404255319149,0.7307692307692307,0.8631578947368421,0.7307692307692307,0.8723404255319149,0.7450980392156863,0.8041279669762642,0.8952536824877251
602,17,43,13,0,0.821917808219178,0.8839285714285714,0.7678571428571429,1.0,0.8686868686868687,1.0,0.7678571428571429,0.723404255319149,0.7960455620030089,0.9217436974789915
603,16,41,8,8,0.7808219178082192,0.7517006802721089,0.8367346938775511,0.6666666666666666,0.8367346938775511,0.6666666666666666,0.8367346938775511,0.6666666666666666,0.7517006802721089,0.8290816326530613
604,22,37,8,6,0.8082191780821918,0.803968253968254,0.8222222222222222,0.7857142857142857,0.8409090909090909,0.7857142857142857,0.8222222222222222,0.7586206896551724,0.7997648902821317,0.8690476190476191
605,19,41,6,7,0.821917808219178,0.8015548281505729,0.8723404255319149,0.7307692307692307,0.8631578947368421,0.7307692307692307,0.8723404255319149,0.7450980392156863,0.8041279669762642,0.8461538461538461
606,23,34,4,12,0.7808219178082192,0.7759398496240602,0.8947368421052632,0.6571428571428571,0.8095238095238095,0.6571428571428571,0.8947368421052632,0.7419354838709677,0.7757296466973886,0.7969924812030076
607,20,42,6,5,0.8493150684931506,0.8375,0.875,0.8,0.8842105263157894,0.8,0.875,0.7843137254901961,0.8342621259029928,0.9404166666666667
608,19,39,7,8,0.7945205479452054,0.7757648953301127,0.8478260869565217,0.7037037037037037,0.8387096774193549,0.7037037037037037,0.8478260869565217,0.7169811320754716,0.7778454047474133,0.8446054750402577
609,19,40,9,5,0.8082191780821918,0.8039965986394557,0.8163265306122449,0.7916666666666666,0.851063829787234,0.7916666666666666,0.8163265306122449,0.7307692307692307,0.7909165302782324,0.8954081632653061
610,12,42,11,8,0.7397260273972602,0.6962264150943396,0.7924528301886793,0.6,0.8155339805825242,0.6,0.7924528301886793,0.5581395348837209,0.6868367577331226,0.7735849056603774
611,13,40,9,11,0.726027397260274,0.6789965986394557,0.8163265306122449,0.5416666666666666,0.8,0.5416666666666666,0.8163265306122449,0.5652173913043478,0.682608695652174,0.7636054421768708
612,19,39,11,4,0.7945205479452054,0.8030434782608695,0.78,0.8260869565217391,0.8387096774193549,0.8260869565217391,0.78,0.7169811320754716,0.7778454047474133,0.8965217391304348
613,18,41,11,3,0.8082191780821918,0.8228021978021978,0.7884615384615384,0.8571428571428571,0.8541666666666666,0.8571428571428571,0.7884615384615384,0.72,0.7870833333333334,0.8855311355311355
614,14,45,9,5,0.8082191780821918,0.7850877192982456,0.8333333333333334,0.7368421052631579,0.8653846153846154,0.7368421052631579,0.8333333333333334,0.6666666666666666,0.766025641025641,0.8391812865497076
615,18,35,11,9,0.726027397260274,0.713768115942029,0.7608695652173914,0.6666666666666666,0.7777777777777778,0.6666666666666666,0.7608695652173914,0.6428571428571429,0.7103174603174603,0.8470209339774556
616,17,39,8,9,0.7671232876712328,0.7418166939443536,0.8297872340425532,0.6538461538461539,0.8210526315789474,0.6538461538461539,0.8297872340425532,0.6666666666666666,0.743859649122807,0.820785597381342
617,16,43,3,11,0.8082191780821918,0.7636876006441224,0.9347826086956522,0.5925925925925926,0.86,0.5925925925925926,0.9347826086956522,0.6956521739130435,0.7778260869565217,0.855877616747182
618,18,44,8,3,0.8493150684931506,0.8516483516483516,0.8461538461538461,0.8571428571428571,0.8888888888888888,0.8571428571428571,0.8461538461538461,0.7659574468085106,0.8274231678486997,0.9391025641025641
619,17,39,9,8,0.7671232876712328,0.7462500000000001,0.8125,0.68,0.8210526315789474,0.68,0.8125,0.6666666666666666,0.743859649122807,0.8566666666666667
620,19,41,8,5,0.821917808219178,0.8142006802721089,0.8367346938775511,0.7916666666666666,0.8631578947368421,0.7916666666666666,0.8367346938775511,0.7450980392156863,0.8041279669762642,0.8732993197278912
621,14,45,5,9,0.8082191780821918,0.7543478260869565,0.9,0.6086956521739131,0.8653846153846154,0.6086956521739131,0.9,0.6666666666666666,0.766025641025641,0.8460869565217392
622,22,38,6,7,0.821917808219178,0.811128526645768,0.8636363636363636,0.7586206896551724,0.8539325842696629,0.7586206896551724,0.8636363636363636,0.7719298245614035,0.8129312044155332,0.8722570532915362
623,18,31,6,18,0.6712328767123288,0.6689189189189189,0.8378378378378378,0.5,0.7209302325581395,0.5,0.8378378378378378,0.6,0.6604651162790698,0.801051051051051
624,15,44,4,10,0.8082191780821918,0.7583333333333333,0.9166666666666666,0.6,0.8627450980392157,0.6,0.9166666666666666,0.6818181818181818,0.7722816399286987,0.8383333333333334
625,16,44,5,8,0.821917808219178,0.782312925170068,0.8979591836734694,0.6666666666666666,0.8712871287128713,0.6666666666666666,0.8979591836734694,0.7111111111111111,0.7911991199119912,0.8635204081632653
626,11,45,8,9,0.7671232876712328,0.6995283018867925,0.8490566037735849,0.55,0.8411214953271028,0.55,0.8490566037735849,0.5641025641025641,0.7026120297148335,0.8028301886792453
627,20,38,5,10,0.7945205479452054,0.7751937984496124,0.8837209302325582,0.6666666666666666,0.8351648351648352,0.6666666666666666,0.8837209302325582,0.7272727272727273,0.7812187812187812,0.8631782945736434
628,11,41,11,10,0.7123287671232876,0.6561355311355311,0.7884615384615384,0.5238095238095238,0.7961165048543689,0.5238095238095238,0.7884615384615384,0.5116279069767442,0.6538722059155566,0.7426739926739927
629,16,39,7,11,0.7534246575342466,0.7202093397745571,0.8478260869565217,0.5925925925925926,0.8125,0.5925925925925926,0.8478260869565217,0.64,0.7262500000000001,0.8035426731078905
630,22,34,6,11,0.7671232876712328,0.7583333333333333,0.85,0.6666666666666666,0.8,0.6666666666666666,0.85,0.7213114754098361,0.7606557377049181,0.831060606060606
631,26,39,2,6,0.8904109589041096,0.881859756097561,0.9512195121951219,0.8125,0.9069767441860465,0.8125,0.9512195121951219,0.8666666666666667,0.8868217054263565,0.9382621951219512
632,18,42,11,2,0.821917808219178,0.8462264150943397,0.7924528301886793,0.9,0.865979381443299,0.9,0.7924528301886793,0.7346938775510204,0.8003366294971597,0.9245283018867924
633,20,32,6,15,0.7123287671232876,0.706766917293233,0.8421052631578947,0.5714285714285714,0.7529411764705882,0.5714285714285714,0.8421052631578947,0.6557377049180327,0.7043394406943104,0.8229323308270676
634,15,38,12,8,0.726027397260274,0.7060869565217391,0.76,0.6521739130434783,0.7916666666666666,0.6521739130434783,0.76,0.6,0.6958333333333333,0.8191304347826087
635,17,45,6,5,0.8493150684931506,0.8275401069518716,0.8823529411764706,0.7727272727272727,0.8910891089108911,0.7727272727272727,0.8823529411764706,0.7555555555555555,0.8233223322332233,0.9081996434937611
636,12,48,9,4,0.821917808219178,0.7960526315789473,0.8421052631578947,0.75,0.8807339449541285,0.75,0.8421052631578947,0.6486486486486487,0.7646912968013886,0.9100877192982456
637,17,43,6,7,0.821917808219178,0.7929421768707483,0.8775510204081632,0.7083333333333334,0.8686868686868687,0.7083333333333334,0.8775510204081632,0.723404255319149,0.7960455620030089,0.9217687074829931
638,17,33,10,13,0.684931506849315,0.6670542635658915,0.7674418604651163,0.5666666666666667,0.7415730337078652,0.5666666666666667,0.7674418604651163,0.5964912280701754,0.6690321308890204,0.7922480620155039
639,12,39,8,14,0.6986301369863014,0.6456628477905073,0.8297872340425532,0.46153846153846156,0.78,0.46153846153846156,0.8297872340425532,0.5217391304347826,0.6508695652173913,0.7880523731587561
640,16,39,5,13,0.7534246575342466,0.7190438871473355,0.8863636363636364,0.5517241379310345,0.8125,0.5517241379310345,0.8863636363636364,0.64,0.7262500000000001,0.7993730407523512
641,18,42,4,9,0.821917808219178,0.7898550724637681,0.9130434782608695,0.6666666666666666,0.865979381443299,0.6666666666666666,0.9130434782608695,0.7346938775510204,0.8003366294971597,0.857487922705314
642,15,41,10,7,0.7671232876712328,0.7428698752228164,0.803921568627451,0.6818181818181818,0.8282828282828283,0.6818181818181818,0.803921568627451,0.6382978723404256,0.7332903503116269,0.8270944741532977
643,23,35,10,5,0.7945205479452054,0.7996031746031746,0.7777777777777778,0.8214285714285714,0.8235294117647058,0.8214285714285714,0.7777777777777778,0.7540983606557377,0.7888138862102217,0.8428571428571427
644,26,31,10,6,0.7808219178082192,0.7842987804878049,0.7560975609756098,0.8125,0.7948717948717948,0.8125,0.7560975609756098,0.7647058823529411,0.7797888386123679,0.8887195121951219
645,14,40,11,8,0.7397260273972602,0.7103386809269162,0.7843137254901961,0.6363636363636364,0.8080808080808081,0.6363636363636364,0.7843137254901961,0.5957446808510638,0.7019127444659359,0.8110516934046346
646,24,38,3,8,0.8493150684931506,0.8384146341463414,0.926829268292683,0.75,0.8735632183908046,0.75,0.926829268292683,0.8135593220338984,0.8435612702123515,0.9024390243902439
647,21,34,7,11,0.7534246575342466,0.7427591463414633,0.8292682926829268,0.65625,0.7906976744186046,0.65625,0.8292682926829268,0.7,0.7453488372093022,0.8376524390243902
648,16,39,10,8,0.7534246575342466,0.7312925170068028,0.7959183673469388,0.6666666666666666,0.8125,0.6666666666666666,0.7959183673469388,0.64,0.7262500000000001,0.7644557823129251
649,19,38,5,11,0.7808219178082192,0.7585271317829457,0.8837209302325582,0.6333333333333333,0.8260869565217391,0.6333333333333333,0.8837209302325582,0.7037037037037037,0.7648953301127215,0.8647286821705427
650,19,35,7,12,0.7397260273972602,0.7231182795698925,0.8333333333333334,0.6129032258064516,0.7865168539325843,0.6129032258064516,0.8333333333333334,0.6666666666666666,0.7265917602996255,0.7642089093701997
651,13,41,6,13,0.7397260273972602,0.6861702127659575,0.8723404255319149,0.5,0.8118811881188119,0.5,0.8723404255319149,0.5777777777777777,0.6948294829482948,0.7692307692307693
652,22,38,8,5,0.821917808219178,0.820450885668277,0.8260869565217391,0.8148148148148148,0.8539325842696629,0.8148148148148148,0.8260869565217391,0.7719298245614035,0.8129312044155332,0.9259259259259259
653,14,43,7,9,0.7808219178082192,0.7343478260869565,0.86,0.6086956521739131,0.8431372549019608,0.6086956521739131,0.86,0.6363636363636364,0.7397504456327986,0.8508695652173913
654,13,43,10,7,0.7671232876712328,0.7306603773584905,0.8113207547169812,0.65,0.8349514563106796,0.65,0.8113207547169812,0.6046511627906976,0.7198013095506886,0.8358490566037735
655,14,48,8,3,0.8493150684931506,0.8403361344537814,0.8571428571428571,0.8235294117647058,0.897196261682243,0.8235294117647058,0.8571428571428571,0.717948717948718,0.8075724898154805,0.89390756302521
656,18,36,4,15,0.7397260273972602,0.7227272727272727,0.9,0.5454545454545454,0.7912087912087912,0.5454545454545454,0.9,0.6545454545454545,0.7228771228771229,0.8670454545454546
657,15,45,11,2,0.821917808219178,0.8429621848739496,0.8035714285714286,0.8823529411764706,0.8737864077669902,0.8823529411764706,0.8035714285714286,0.6976744186046512,0.7857304131858207,0.9317226890756303
658,23,37,7,6,0.821917808219178,0.8170062695924765,0.8409090909090909,0.7931034482758621,0.8505747126436781,0.7931034482758621,0.8409090909090909,0.7796610169491526,0.8151178647964153,0.8824451410658307
659,20,38,8,7,0.7945205479452054,0.7834138486312399,0.8260869565217391,0.7407407407407407,0.8351648351648352,0.7407407407407407,0.8260869565217391,0.7272727272727273,0.7812187812187812,0.8631239935587761
660,18,33,12,10,0.6986301369863014,0.6880952380952381,0.7333333333333333,0.6428571428571429,0.75,0.6428571428571429,0.7333333333333333,0.6206896551724138,0.6853448275862069,0.7944444444444445
661,14,40,12,7,0.7397260273972602,0.717948717948718,0.7692307692307693,0.6666666666666666,0.8080808080808081,0.6666666666666666,0.7692307692307693,0.5957446808510638,0.7019127444659359,0.8122710622710622
662,17,40,6,10,0.7808219178082192,0.749597423510467,0.8695652173913043,0.6296296296296297,0.8333333333333334,0.6296296296296297,0.8695652173913043,0.68,0.7566666666666667,0.8800322061191627
663,15,48,5,5,0.863013698630137,0.8278301886792453,0.9056603773584906,0.75,0.9056603773584906,0.75,0.9056603773584906,0.75,0.8278301886792453,0.9
664,17,42,5,9,0.8082191780821918,0.7737315875613748,0.8936170212765957,0.6538461538461539,0.8571428571428571,0.6538461538461539,0.8936170212765957,0.7083333333333334,0.7827380952380952,0.8752045826513912
665,13,47,6,7,0.821917808219178,0.7683962264150943,0.8867924528301887,0.65,0.8785046728971962,0.65,0.8867924528301887,0.6666666666666666,0.7725856697819314,0.8764150943396226
666,20,32,14,7,0.7123287671232876,0.7181964573268921,0.6956521739130435,0.7407407407407407,0.7529411764705882,0.7407407407407407,0.6956521739130435,0.6557377049180327,0.7043394406943104,0.784219001610306
667,16,39,9,9,0.7534246575342466,0.7262500000000001,0.8125,0.64,0.8125,0.64,0.8125,0.64,0.7262500000000001,0.8516666666666667
668,15,40,10,8,0.7534246575342466,0.7260869565217392,0.8,0.6521739130434783,0.8163265306122449,0.6521739130434783,0.8,0.625,0.7206632653061225,0.8099999999999999
669,16,43,7,7,0.8082191780821918,0.7778260869565217,0.86,0.6956521739130435,0.86,0.6956521739130435,0.86,0.6956521739130435,0.7778260869565217,0.7891304347826087
670,16,43,4,10,0.8082191780821918,0.765139116202946,0.9148936170212766,0.6153846153846154,0.86,0.6153846153846154,0.9148936170212766,0.6956521739130435,0.7778260869565217,0.8543371522094926
671,17,41,6,9,0.7945205479452054,0.7630932896890343,0.8723404255319149,0.6538461538461539,0.845360824742268,0.6538461538461539,0.8723404255319149,0.6938775510204082,0.7696191878813381,0.8633387888707038
672,15,38,6,14,0.726027397260274,0.6904388714733543,0.8636363636363636,0.5172413793103449,0.7916666666666666,0.5172413793103449,0.8636363636363636,0.6,0.6958333333333333,0.8099529780564263
673,17,36,11,9,0.726027397260274,0.7099018003273323,0.7659574468085106,0.6538461538461539,0.782608695652174,0.6538461538461539,0.7659574468085106,0.6296296296296297,0.7061191626409018,0.8031914893617021
674,16,40,9,8,0.7671232876712328,0.7414965986394557,0.8163265306122449,0.6666666666666666,0.8247422680412371,0.6666666666666666,0.8163265306122449,0.6530612244897959,0.7389017462655165,0.8129251700680272
675,21,36,8,8,0.7808219178082192,0.7711598746081505,0.8181818181818182,0.7241379310344828,0.8181818181818182,0.7241379310344828,0.8181818181818182,0.7241379310344828,0.7711598746081505,0.8244514106583072
676,22,36,9,6,0.7945205479452054,0.7928571428571429,0.8,0.7857142857142857,0.8275862068965517,0.7857142857142857,0.8,0.7457627118644068,0.7866744593804793,0.834126984126984
677,17,41,7,8,0.7945205479452054,0.7670833333333333,0.8541666666666666,0.68,0.845360824742268,0.68,0.8541666666666666,0.6938775510204082,0.7696191878813381,0.8633333333333334
678,9,42,9,13,0.6986301369863014,0.6163101604278075,0.8235294117647058,0.4090909090909091,0.7924528301886793,0.4090909090909091,0.8235294117647058,0.45,0.6212264150943396,0.7963458110516933
679,20,32,9,12,0.7123287671232876,0.7027439024390244,0.7804878048780488,0.625,0.7529411764705882,0.625,0.7804878048780488,0.6557377049180327,0.7043394406943104,0.8163109756097561
680,18,39,8,8,0.7808219178082192,0.7610474631751227,0.8297872340425532,0.6923076923076923,0.8297872340425532,0.6923076923076923,0.8297872340425532,0.6923076923076923,0.7610474631751227,0.8731587561374795
681,22,37,5,9,0.8082191780821918,0.7953149001536098,0.8809523809523809,0.7096774193548387,0.8409090909090909,0.7096774193548387,0.8809523809523809,0.7586206896551724,0.7997648902821317,0.8725038402457757
682,15,42,9,7,0.7808219178082192,0.7526737967914439,0.8235294117647058,0.6818181818181818,0.84,0.6818181818181818,0.8235294117647058,0.6521739130434783,0.7460869565217392,0.8587344028520499
683,14,43,6,10,0.7808219178082192,0.7304421768707483,0.8775510204081632,0.5833333333333334,0.8431372549019608,0.5833333333333334,0.8775510204081632,0.6363636363636364,0.7397504456327986,0.7563775510204082
684,21,35,4,13,0.7671232876712328,0.7575414781297134,0.8974358974358975,0.6176470588235294,0.8045977011494253,0.6176470588235294,0.8974358974358975,0.711864406779661,0.7582310539645432,0.8393665158371041
685,13,44,7,9,0.7808219178082192,0.7268270944741533,0.8627450980392157,0.5909090909090909,0.8461538461538461,0.5909090909090909,0.8627450980392157,0.6190476190476191,0.7326007326007327,0.8627450980392156
686,15,39,13,6,0.7397260273972602,0.7321428571428572,0.75,0.7142857142857143,0.8041237113402062,0.7142857142857143,0.75,0.6122448979591837,0.708184304649695,0.8095238095238094
687,15,41,6,11,0.7671232876712328,0.7246317512274959,0.8723404255319149,0.5769230769230769,0.8282828282828283,0.5769230769230769,0.8723404255319149,0.6382978723404256,0.7332903503116269,0.8199672667757774
688,21,32,8,12,0.726027397260274,0.7181818181818183,0.8,0.6363636363636364,0.7619047619047619,0.6363636363636364,0.8,0.6774193548387096,0.7196620583717357,0.7696969696969698
689,22,30,9,12,0.7123287671232876,0.7081447963800905,0.7692307692307693,0.6470588235294118,0.7407407407407407,0.6470588235294118,0.7692307692307693,0.676923076923077,0.7088319088319088,0.8740573152337858
690,16,44,6,7,0.821917808219178,0.7878260869565217,0.88,0.6956521739130435,0.8712871287128713,0.6956521739130435,0.88,0.7111111111111111,0.7911991199119912,0.9052173913043479
691,17,42,7,7,0.8082191780821918,0.7827380952380952,0.8571428571428571,0.7083333333333334,0.8571428571428571,0.7083333333333334,0.8571428571428571,0.7083333333333334,0.7827380952380952,0.8907312925170068
692,20,38,10,5,0.7945205479452054,0.7958333333333334,0.7916666666666666,0.8,0.8351648351648352,0.8,0.7916666666666666,0.7272727272727273,0.7812187812187812,0.8641666666666666
693,16,41,6,10,0.7808219178082192,0.7438625204582652,0.8723404255319149,0.6153846153846154,0.8367346938775511,0.6153846153846154,0.8723404255319149,0.6666666666666666,0.7517006802721089,0.8048281505728314
694,19,36,5,13,0.7534246575342466,0.7358993902439024,0.8780487804878049,0.59375,0.8,0.59375,0.8780487804878049,0.6785714285714286,0.7392857142857143,0.7881097560975611
695,17,41,3,12,0.7945205479452054,0.7590125391849529,0.9318181818181818,0.5862068965517241,0.845360824742268,0.5862068965517241,0.9318181818181818,0.6938775510204082,0.7696191878813381,0.8487460815047022
696,14,37,10,12,0.6986301369863014,0.662847790507365,0.7872340425531915,0.5384615384615384,0.7708333333333334,0.5384615384615384,0.7872340425531915,0.56,0.6654166666666668,0.7725040916530278
697,17,35,14,7,0.7123287671232876,0.7113095238095238,0.7142857142857143,0.7083333333333334,0.7692307692307693,0.7083333333333334,0.7142857142857143,0.6181818181818182,0.6937062937062937,0.8082482993197279
698,22,37,6,8,0.8082191780821918,0.7968992248062015,0.8604651162790697,0.7333333333333333,0.8409090909090909,0.7333333333333333,0.8604651162790697,0.7586206896551724,0.7997648902821317,0.8465116279069768
699,13,42,8,10,0.7534246575342466,0.7026086956521739,0.84,0.5652173913043478,0.8235294117647058,0.5652173913043478,0.84,0.5909090909090909,0.7072192513368984,0.8139130434782609
700,15,44,7,7,0.8082191780821918,0.7722816399286987,0.8627450980392157,0.6818181818181818,0.8627450980392157,0.6818181818181818,0.8627450980392157,0.6818181818181818,0.7722816399286987,0.8778966131907309
701,19,35,10,9,0.7397260273972602,0.7281746031746033,0.7777777777777778,0.6785714285714286,0.7865168539325843,0.6785714285714286,0.7777777777777778,0.6666666666666666,0.7265917602996255,0.7801587301587302
702,20,39,11,3,0.8082191780821918,0.8247826086956522,0.78,0.8695652173913043,0.8478260869565217,0.8695652173913043,0.78,0.7407407407407407,0.7942834138486312,0.9391304347826086
703,16,40,8,9,0.7671232876712328,0.7366666666666667,0.8333333333333334,0.64,0.8247422680412371,0.64,0.8333333333333334,0.6530612244897959,0.7389017462655165,0.8458333333333333
704,19,38,8,8,0.7808219178082192,0.7648953301127215,0.8260869565217391,0.7037037037037037,0.8260869565217391,0.7037037037037037,0.8260869565217391,0.7037037037037037,0.7648953301127215,0.894122383252818
705,14,44,7,8,0.7945205479452054,0.749554367201426,0.8627450980392157,0.6363636363636364,0.8543689320388349,0.6363636363636364,0.8627450980392157,0.6511627906976745,0.7527658613682546,0.8761140819964349
706,15,38,7,13,0.726027397260274,0.6900793650793651,0.8444444444444444,0.5357142857142857,0.7916666666666666,0.5357142857142857,0.8444444444444444,0.6,0.6958333333333333,0.7619047619047619
707,17,35,13,8,0.7123287671232876,0.7045833333333333,0.7291666666666666,0.68,0.7692307692307693,0.68,0.7291666666666666,0.6181818181818182,0.6937062937062937,0.7891666666666667
708,15,37,9,12,0.7123287671232876,0.6799516908212561,0.8043478260869565,0.5555555555555556,0.7789473684210526,0.5555555555555556,0.8043478260869565,0.5882352941176471,0.6835913312693498,0.748792270531401
709,19,37,10,7,0.7671232876712328,0.7590016366612111,0.7872340425531915,0.7307692307692307,0.8131868131868132,0.7307692307692307,0.7872340425531915,0.6909090909090909,0.752047952047952,0.8633387888707037
710,14,40,6,13,0.7397260273972602,0.6940418679549114,0.8695652173913043,0.5185185185185185,0.8080808080808081,0.5185185185185185,0.8695652173913043,0.5957446808510638,0.7019127444659359,0.8051529790660225
711,20,34,9,10,0.7397260273972602,0.7286821705426356,0.7906976744186046,0.6666666666666666,0.7816091954022989,0.6666666666666666,0.7906976744186046,0.6779661016949152,0.729787648548607,0.8372093023255813
712,19,38,8,8,0.7808219178082192,0.7648953301127215,0.8260869565217391,0.7037037037037037,0.8260869565217391,0.7037037037037037,0.8260869565217391,0.7037037037037037,0.7648953301127215,0.8514492753623188
713,17,36,9,11,0.726027397260274,0.7035714285714285,0.8,0.6071428571428571,0.782608695652174,0.6071428571428571,0.8,0.6296296296296297,0.7061191626409018,0.7976190476190476
714,11,41,10,11,0.7123287671232876,0.6519607843137255,0.803921568627451,0.5,0.7961165048543689,0.5,0.803921568627451,0.5116279069767442,0.6538722059155566,0.8275401069518716
715,19,43,6,5,0.8493150684931506,0.8346088435374149,0.8775510204081632,0.7916666666666666,0.8865979381443299,0.7916666666666666,0.8775510204081632,0.7755102040816326,0.8310540711129812,0.9183673469387755
716,18,38,7,10,0.7671232876712328,0.7436507936507937,0.8444444444444444,0.6428571428571429,0.8172043010752689,0.6428571428571429,0.8444444444444444,0.6792452830188679,0.7482247920470684,0.8547619047619047
717,20,38,6,9,0.7945205479452054,0.7766457680250785,0.8636363636363636,0.6896551724137931,0.8351648351648352,0.6896551724137931,0.8636363636363636,0.7272727272727273,0.7812187812187812,0.8667711598746081
718,13,42,10,8,0.7534246575342466,0.7133699633699634,0.8076923076923077,0.6190476190476191,0.8235294117647058,0.6190476190476191,0.8076923076923077,0.5909090909090909,0.7072192513368984,0.8241758241758241
719,14,36,12,11,0.684931506849315,0.655,0.75,0.56,0.7578947368421053,0.56,0.75,0.5490196078431373,0.6534571723426212,0.75125
720,10,46,8,9,0.7671232876712328,0.6890838206627681,0.8518518518518519,0.5263157894736842,0.8440366972477065,0.5263157894736842,0.8518518518518519,0.5405405405405406,0.6922886188941235,0.7884990253411306
721,15,38,9,11,0.726027397260274,0.6927168576104745,0.8085106382978723,0.5769230769230769,0.7916666666666666,0.5769230769230769,0.8085106382978723,0.6,0.6958333333333333,0.8191489361702128
722,16,49,2,6,0.8904109589041096,0.8440285204991087,0.9607843137254902,0.7272727272727273,0.9245283018867925,0.7272727272727273,0.9607843137254902,0.8,0.8622641509433963,0.909982174688057
723,16,46,8,3,0.8493150684931506,0.8469785575048733,0.8518518518518519,0.8421052631578947,0.8932038834951457,0.8421052631578947,0.8518518518518519,0.7441860465116279,0.8186949650033868,0.9181286549707602
724,15,38,9,11,0.726027397260274,0.6927168576104745,0.8085106382978723,0.5769230769230769,0.7916666666666666,0.5769230769230769,0.8085106382978723,0.6,0.6958333333333333,0.8011456628477905
725,15,41,11,6,0.7671232876712328,0.7513736263736264,0.7884615384615384,0.7142857142857143,0.8282828282828283,0.7142857142857143,0.7884615384615384,0.6382978723404256,0.7332903503116269,0.8690476190476191
726,17,35,11,10,0.7123287671232876,0.6952495974235104,0.7608695652173914,0.6296296296296297,0.7692307692307693,0.6296296296296297,0.7608695652173914,0.6181818181818182,0.6937062937062937,0.8059581320450886
727,18,43,6,6,0.8356164383561644,0.8137755102040816,0.8775510204081632,0.75,0.8775510204081632,0.75,0.8775510204081632,0.75,0.8137755102040816,0.8775510204081632
728,18,41,9,5,0.8082191780821918,0.801304347826087,0.82,0.782608695652174,0.8541666666666666,0.782608695652174,0.82,0.72,0.7870833333333334,0.8556521739130435
729,18,41,2,12,0.8082191780821918,0.7767441860465116,0.9534883720930233,0.6,0.8541666666666666,0.6,0.9534883720930233,0.72,0.7870833333333334,0.8457364341085272
730,18,39,4,12,0.7808219178082192,0.7534883720930232,0.9069767441860465,0.6,0.8297872340425532,0.6,0.9069767441860465,0.6923076923076923,0.7610474631751227,0.8798449612403101
731,18,42,5,8,0.821917808219178,0.792962356792144,0.8936170212765957,0.6923076923076923,0.865979381443299,0.6923076923076923,0.8936170212765957,0.7346938775510204,0.8003366294971597,0.8391980360065467
732,13,38,11,11,0.6986301369863014,0.6585884353741496,0.7755102040816326,0.5416666666666666,0.7755102040816326,0.5416666666666666,0.7755102040816326,0.5416666666666666,0.6585884353741496,0.7610544217687074
733,25,36,5,7,0.8356164383561644,0.8296493902439024,0.8780487804878049,0.78125,0.8571428571428571,0.78125,0.8780487804878049,0.8064516129032258,0.8317972350230414,0.8879573170731707
734,17,39,7,10,0.7671232876712328,0.7387278582930756,0.8478260869565217,0.6296296296296297,0.8210526315789474,0.6296296296296297,0.8478260869565217,0.6666666666666666,0.743859649122807,0.826489533011272
735,15,40,8,10,0.7534246575342466,0.7166666666666667,0.8333333333333334,0.6,0.8163265306122449,0.6,0.8333333333333334,0.625,0.7206632653061225,0.8204166666666667
736,12,47,6,8,0.8082191780821918,0.7433962264150944,0.8867924528301887,0.6,0.8703703703703703,0.6,0.8867924528301887,0.631578947368421,0.7509746588693957,0.8226415094339623
737,15,38,11,9,0.726027397260274,0.7002551020408163,0.7755102040816326,0.625,0.7916666666666666,0.625,0.7755102040816326,0.6,0.6958333333333333,0.7976190476190476
738,15,36,11,11,0.6986301369863014,0.6714402618657938,0.7659574468085106,0.5769230769230769,0.7659574468085106,0.5769230769230769,0.7659574468085106,0.5769230769230769,0.6714402618657938,0.7872340425531915
739,13,42,7,11,0.7534246575342466,0.6994047619047619,0.8571428571428571,0.5416666666666666,0.8235294117647058,0.5416666666666666,0.8571428571428571,0.5909090909090909,0.7072192513368984,0.8044217687074829
740,16,41,6,10,0.7808219178082192,0.7438625204582652,0.8723404255319149,0.6153846153846154,0.8367346938775511,0.6153846153846154,0.8723404255319149,0.6666666666666666,0.7517006802721089,0.7995090016366613
741,14,39,11,9,0.726027397260274,0.6943478260869566,0.78,0.6086956521739131,0.7959183673469388,0.6086956521739131,0.78,0.5833333333333334,0.689625850340136,0.7660869565217392
742,18,47,3,5,0.8904109589041096,0.8613043478260869,0.94,0.782608695652174,0.9215686274509803,0.782608695652174,0.94,0.8181818181818182,0.8698752228163993,0.9369565217391304
743,17,37,10,9,0.7397260273972602,0.7205400981996727,0.7872340425531915,0.6538461538461539,0.7956989247311828,0.6538461538461539,0.7872340425531915,0.6415094339622641,0.7186041793467235,0.7332242225859248
744,16,42,7,8,0.7945205479452054,0.7619047619047619,0.8571428571428571,0.6666666666666666,0.8484848484848485,0.6666666666666666,0.8571428571428571,0.6808510638297872,0.7646679561573179,0.8758503401360545
745,18,34,11,10,0.7123287671232876,0.6992063492063492,0.7555555555555555,0.6428571428571429,0.7640449438202247,0.6428571428571429,0.7555555555555555,0.631578947368421,0.6978119455943228,0.746031746031746
746,16,37,10,10,0.726027397260274,0.7013093289689034,0.7872340425531915,0.6153846153846154,0.7872340425531915,0.6153846153846154,0.7872340425531915,0.6153846153846154,0.7013093289689034,0.8224222585924713
747,15,45,9,4,0.821917808219178,0.8114035087719298,0.8333333333333334,0.7894736842105263,0.8737864077669902,0.7894736842105263,0.8333333333333334,0.6976744186046512,0.7857304131858207,0.864522417153996
748,14,40,10,9,0.7397260273972602,0.7043478260869566,0.8,0.6086956521739131,0.8080808080808081,0.6086956521739131,0.8,0.5957446808510638,0.7019127444659359,0.7847826086956522
749,22,35,7,9,0.7808219178082192,0.771505376344086,0.8333333333333334,0.7096774193548387,0.813953488372093,0.7096774193548387,0.8333333333333334,0.7333333333333333,0.7736434108527132,0.8360215053763441
750,11,48,5,9,0.8082191780821918,0.7278301886792453,0.9056603773584906,0.55,0.8727272727272727,0.55,0.9056603773584906,0.6111111111111112,0.7419191919191919,0.8589622641509435
751,18,38,13,4,0.7671232876712328,0.7816399286987523,0.7450980392156863,0.8181818181818182,0.8172043010752689,0.8181818181818182,0.7450980392156863,0.6792452830188679,0.7482247920470684,0.8328877005347594
752,14,49,7,3,0.863013698630137,0.8492647058823529,0.875,0.8235294117647058,0.9074074074074074,0.8235294117647058,0.875,0.7368421052631579,0.8221247563352827,0.8734243697478992
753,17,36,10,10,0.726027397260274,0.7061191626409018,0.782608695652174,0.6296296296296297,0.782608695652174,0.6296296296296297,0.782608695652174,0.6296296296296297,0.7061191626409018,0.7971014492753624
754,22,36,7,8,0.7945205479452054,0.7852713178294574,0.8372093023255814,0.7333333333333333,0.8275862068965517,0.7333333333333333,0.8372093023255814,0.7457627118644068,0.7866744593804793,0.8069767441860466
755,14,43,7,9,0.7808219178082192,0.7343478260869565,0.86,0.6086956521739131,0.8431372549019608,0.6086956521739131,0.86,0.6363636363636364,0.7397504456327986,0.8200000000000001
756,22,37,8,6,0.8082191780821918,0.803968253968254,0.8222222222222222,0.7857142857142857,0.8409090909090909,0.7857142857142857,0.8222222222222222,0.7586206896551724,0.7997648902821317,0.8666666666666666
757,19,40,9,5,0.8082191780821918,0.8039965986394557,0.8163265306122449,0.7916666666666666,0.851063829787234,0.7916666666666666,0.8163265306122449,0.7307692307692307,0.7909165302782324,0.9162414965986395
758,23,38,5,7,0.8356164383561644,0.8251937984496125,0.8837209302325582,0.7666666666666667,0.8636363636363636,0.7666666666666667,0.8837209302325582,0.7931034482758621,0.8283699059561129,0.9089147286821705
759,19,41,6,7,0.821917808219178,0.8015548281505729,0.8723404255319149,0.7307692307692307,0.8631578947368421,0.7307692307692307,0.8723404255319149,0.7450980392156863,0.8041279669762642,0.8269230769230769
760,15,41,7,10,0.7671232876712328,0.7270833333333333,0.8541666666666666,0.6,0.8282828282828283,0.6,0.8541666666666666,0.6382978723404256,0.7332903503116269,0.79375
761,14,41,8,10,0.7534246575342466,0.7100340136054422,0.8367346938775511,0.5833333333333334,0.82,0.5833333333333334,0.8367346938775511,0.6086956521739131,0.7143478260869565,0.810374149659864
762,18,39,8,8,0.7808219178082192,0.7610474631751227,0.8297872340425532,0.6923076923076923,0.8297872340425532,0.6923076923076923,0.8297872340425532,0.6923076923076923,0.7610474631751227,0.8633387888707037
763,18,38,6,11,0.7671232876712328,0.7421630094043887,0.8636363636363636,0.6206896551724138,0.8172043010752689,0.6206896551724138,0.8636363636363636,0.6792452830188679,0.7482247920470684,0.8385579937304075
764,18,39,6,10,0.7808219178082192,0.7547619047619047,0.8666666666666667,0.6428571428571429,0.8297872340425532,0.6428571428571429,0.8666666666666667,0.6923076923076923,0.7610474631751227,0.8785714285714287
765,24,37,7,5,0.8356164383561644,0.8342476489028213,0.8409090909090909,0.8275862068965517,0.8604651162790697,0.8275862068965517,0.8409090909090909,0.8,0.8302325581395349,0.8816614420062696
766,20,29,11,13,0.6712328767123288,0.665530303030303,0.725,0.6060606060606061,0.7073170731707317,0.6060606060606061,0.725,0.625,0.6661585365853658,0.7606060606060606
767,9,46,7,11,0.7534246575342466,0.6589622641509434,0.8679245283018868,0.45,0.8363636363636363,0.45,0.8679245283018868,0.5,0.6681818181818182,0.7707547169811321
768,9,42,8,14,0.6986301369863014,0.6156521739130435,0.84,0.391304347826087,0.7924528301886793,0.391304347826087,0.84,0.45,0.6212264150943396,0.7669565217391304
769,14,42,7,10,0.7671232876712328,0.7202380952380952,0.8571428571428571,0.5833333333333334,0.8316831683168316,0.5833333333333334,0.8571428571428571,0.6222222222222222,0.7269526952695269,0.8154761904761905
770,16,42,9,6,0.7945205479452054,0.7754010695187166,0.8235294117647058,0.7272727272727273,0.8484848484848485,0.7272727272727273,0.8235294117647058,0.6808510638297872,0.7646679561573179,0.8600713012477719
771,10,46,10,7,0.7671232876712328,0.7048319327731092,0.8214285714285714,0.5882352941176471,0.8440366972477065,0.5882352941176471,0.8214285714285714,0.5405405405405406,0.6922886188941235,0.8340336134453781
772,16,39,11,7,0.7534246575342466,0.7378260869565217,0.78,0.6956521739130435,0.8125,0.6956521739130435,0.78,0.64,0.7262500000000001,0.8256521739130435
773,14,40,7,12,0.7397260273972602,0.6947626841243862,0.851063829787234,0.5384615384615384,0.8080808080808081,0.5384615384615384,0.851063829787234,0.5957446808510638,0.7019127444659359,0.8052373158756138
774,17,42,12,2,0.8082191780821918,0.8362573099415205,0.7777777777777778,0.8947368421052632,0.8571428571428571,0.8947368421052632,0.7777777777777778,0.7083333333333334,0.7827380952380952,0.905458089668616
775,15,39,11,8,0.7397260273972602,0.7160869565217391,0.78,0.6521739130434783,0.8041237113402062,0.6521739130434783,0.78,0.6122448979591837,0.708184304649695,0.8330434782608696
776,16,41,6,10,0.7808219178082192,0.7438625204582652,0.8723404255319149,0.6153846153846154,0.8367346938775511,0.6153846153846154,0.8723404255319149,0.6666666666666666,0.7517006802721089,0.8359247135842881
777,21,36,8,8,0.7808219178082192,0.7711598746081505,0.8181818181818182,0.7241379310344828,0.8181818181818182,0.7241379310344828,0.8181818181818182,0.7241379310344828,0.7711598746081505,0.8487460815047022
778,18,34,6,15,0.7123287671232876,0.6977272727272728,0.85,0.5454545454545454,0.7640449438202247,0.5454545454545454,0.85,0.631578947368421,0.6978119455943228,0.7507575757575757
779,19,37,11,6,0.7671232876712328,0.7654166666666666,0.7708333333333334,0.76,0.8131868131868132,0.76,0.7708333333333334,0.6909090909090909,0.752047952047952,0.81625
780,12,39,6,16,0.6986301369863014,0.6476190476190476,0.8666666666666667,0.42857142857142855,0.78,0.42857142857142855,0.8666666666666667,0.5217391304347826,0.6508695652173913,0.7817460317460316
781,15,47,4,7,0.8493150684931506,0.801693404634581,0.9215686274509803,0.6818181818181818,0.8952380952380953,0.6818181818181818,0.9215686274509803,0.7317073170731707,0.813472706155633,0.8377896613190731
782,10,40,12,11,0.684931506849315,0.6227106227106227,0.7692307692307693,0.47619047619047616,0.7766990291262136,0.47619047619047616,0.7692307692307693,0.46511627906976744,0.6209076540979905,0.7481684981684982
783,19,36,8,10,0.7534246575342466,0.7366771159874608,0.8181818181818182,0.6551724137931034,0.8,0.6551724137931034,0.8181818181818182,0.6785714285714286,0.7392857142857143,0.8503134796238244
784,10,45,9,9,0.7534246575342466,0.6798245614035088,0.8333333333333334,0.5263157894736842,0.8333333333333334,0.5263157894736842,0.8333333333333334,0.5263157894736842,0.6798245614035088,0.7709551656920078
785,19,33,8,13,0.7123287671232876,0.6993140243902439,0.8048780487804879,0.59375,0.7586206896551724,0.59375,0.8048780487804879,0.6440677966101694,0.7013442431326709,0.790015243902439
786,20,40,5,8,0.821917808219178,0.8015873015873016,0.8888888888888888,0.7142857142857143,0.8602150537634409,0.7142857142857143,0.8888888888888888,0.7547169811320755,0.8074660174477581,0.9000000000000001
787,13,43,8,9,0.7671232876712328,0.7170231729055259,0.8431372549019608,0.5909090909090909,0.8349514563106796,0.5909090909090909,0.8431372549019608,0.6046511627906976,0.7198013095506886,0.8306595365418895
788,23,42,3,5,0.8904109589041096,0.8773809523809524,0.9333333333333333,0.8214285714285714,0.9130434782608695,0.8214285714285714,0.9333333333333333,0.8518518518518519,0.8824476650563606,0.8777777777777778
789,14,42,7,10,0.7671232876712328,0.7202380952380952,0.8571428571428571,0.5833333333333334,0.8316831683168316,0.5833333333333334,0.8571428571428571,0.6222222222222222,0.7269526952695269,0.8214285714285715
790,17,32,12,12,0.6712328767123288,0.6567398119122256,0.7272727272727273,0.5862068965517241,0.7272727272727273,0.5862068965517241,0.7272727272727273,0.5862068965517241,0.6567398119122256,0.7609717868338558
791,16,37,5,15,0.726027397260274,0.6985407066052227,0.8809523809523809,0.5161290322580645,0.7872340425531915,0.5161290322580645,0.8809523809523809,0.6153846153846154,0.7013093289689034,0.8463901689708141
792,13,43,11,6,0.7671232876712328,0.7402534113060428,0.7962962962962963,0.6842105263157895,0.8349514563106796,0.6842105263157895,0.7962962962962963,0.6046511627906976,0.7198013095506886,0.847953216374269
793,20,40,9,4,0.821917808219178,0.8248299319727892,0.8163265306122449,0.8333333333333334,0.8602150537634409,0.8333333333333334,0.8163265306122449,0.7547169811320755,0.8074660174477581,0.8864795918367346
794,20,28,7,18,0.6575342465753424,0.6631578947368422,0.8,0.5263157894736842,0.691358024691358,0.5263157894736842,0.8,0.6153846153846154,0.6533713200379867,0.7646616541353384
795,18,34,10,11,0.7123287671232876,0.6967084639498433,0.7727272727272727,0.6206896551724138,0.7640449438202247,0.6206896551724138,0.7727272727272727,0.631578947368421,0.6978119455943228,0.7484326018808777
796,21,29,10,13,0.684931506849315,0.6806184012066365,0.7435897435897436,0.6176470588235294,0.7160493827160493,0.6176470588235294,0.7435897435897436,0.6461538461538462,0.6811016144349478,0.7993966817496228
797,22,37,8,6,0.8082191780821918,0.803968253968254,0.8222222222222222,0.7857142857142857,0.8409090909090909,0.7857142857142857,0.8222222222222222,0.7586206896551724,0.7997648902821317,0.8968253968253969
798,20,38,6,9,0.7945205479452054,0.7766457680250785,0.8636363636363636,0.6896551724137931,0.8351648351648352,0.6896551724137931,0.8636363636363636,0.7272727272727273,0.7812187812187812,0.8730407523510971
799,21,33,9,10,0.7397260273972602,0.7315668202764977,0.7857142857142857,0.6774193548387096,0.7764705882352941,0.6774193548387096,0.7857142857142857,0.6885245901639344,0.7324975891996143,0.8294930875576036
800,18,39,6,10,0.7808219178082192,0.7547619047619047,0.8666666666666667,0.6428571428571429,0.8297872340425532,0.6428571428571429,0.8666666666666667,0.6923076923076923,0.7610474631751227,0.834920634920635
801,13,41,9,10,0.7397260273972602,0.6926086956521739,0.82,0.5652173913043478,0.8118811881188119,0.5652173913043478,0.82,0.5777777777777777,0.6948294829482948,0.798695652173913
802,13,43,7,10,0.7671232876712328,0.7126086956521739,0.86,0.5652173913043478,0.8349514563106796,0.5652173913043478,0.86,0.6046511627906976,0.7198013095506886,0.8730434782608696
803,10,41,12,10,0.6986301369863014,0.6367924528301887,0.7735849056603774,0.5,0.7884615384615384,0.5,0.7735849056603774,0.47619047619047616,0.6323260073260073,0.7820754716981132
804,16,37,11,9,0.726027397260274,0.7054166666666667,0.7708333333333334,0.64,0.7872340425531915,0.64,0.7708333333333334,0.6153846153846154,0.7013093289689034,0.7916666666666666
805,22,33,6,12,0.7534246575342466,0.746606334841629,0.8461538461538461,0.6470588235294118,0.7857142857142857,0.6470588235294118,0.8461538461538461,0.7096774193548387,0.7476958525345623,0.82579185520362
806,31,31,4,7,0.8493150684931506,0.8507518796992481,0.8857142857142857,0.8157894736842105,0.8493150684931506,0.8157894736842105,0.8857142857142857,0.8493150684931506,0.8493150684931506,0.9161654135338345
807,14,44,6,9,0.7945205479452054,0.7443478260869565,0.88,0.6086956521739131,0.8543689320388349,0.6086956521739131,0.88,0.6511627906976745,0.7527658613682546,0.8569565217391304
808,15,40,8,10,0.7534246575342466,0.7166666666666667,0.8333333333333334,0.6,0.8163265306122449,0.6,0.8333333333333334,0.625,0.7206632653061225,0.8366666666666667
809,14,33,11,15,0.6438356164383562,0.6163793103448276,0.75,0.4827586206896552,0.717391304347826,0.4827586206896552,0.75,0.5185185185185185,0.6179549114331723,0.6857366771159874
810,19,43,5,6,0.8493150684931506,0.8279166666666666,0.8958333333333334,0.76,0.8865979381443299,0.76,0.8958333333333334,0.7755102040816326,0.8310540711129812,0.8770833333333334
811,25,34,7,7,0.8082191780821918,0.8052591463414633,0.8292682926829268,0.78125,0.8292682926829268,0.78125,0.8292682926829268,0.78125,0.8052591463414633,0.9009146341463414
812,21,35,10,7,0.7671232876712328,0.7638888888888888,0.7777777777777778,0.75,0.8045977011494253,0.75,0.7777777777777778,0.711864406779661,0.7582310539645432,0.8507936507936508
813,17,35,6,15,0.7123287671232876,0.6924542682926829,0.8536585365853658,0.53125,0.7692307692307693,0.53125,0.8536585365853658,0.6181818181818182,0.6937062937062937,0.8102134146341463
814,20,30,12,11,0.684931506849315,0.6797235023041475,0.7142857142857143,0.6451612903225806,0.7228915662650602,0.6451612903225806,0.7142857142857143,0.6349206349206349,0.6789061005928476,0.8175883256528418
815,10,48,7,8,0.7945205479452054,0.7141414141414142,0.8727272727272727,0.5555555555555556,0.8648648648648649,0.5555555555555556,0.8727272727272727,0.5714285714285714,0.7181467181467182,0.8444444444444444
816,19,36,8,10,0.7534246575342466,0.7366771159874608,0.8181818181818182,0.6551724137931034,0.8,0.6551724137931034,0.8181818181818182,0.6785714285714286,0.7392857142857143,0.7993730407523512
817,15,42,2,14,0.7808219178082192,0.7358934169278997,0.9545454545454546,0.5172413793103449,0.84,0.5172413793103449,0.9545454545454546,0.6521739130434783,0.7460869565217392,0.8699059561128526
818,20,37,11,5,0.7808219178082192,0.7854166666666667,0.7708333333333334,0.8,0.8222222222222222,0.8,0.7708333333333334,0.7142857142857143,0.7682539682539682,0.8575
819,19,33,9,12,0.7123287671232876,0.6993087557603687,0.7857142857142857,0.6129032258064516,0.7586206896551724,0.6129032258064516,0.7857142857142857,0.6440677966101694,0.7013442431326709,0.815668202764977
820,17,41,5,10,0.7945205479452054,0.7604669887278583,0.8913043478260869,0.6296296296296297,0.845360824742268,0.6296296296296297,0.8913043478260869,0.6938775510204082,0.7696191878813381,0.8260869565217391
821,14,44,13,2,0.7945205479452054,0.8234649122807017,0.7719298245614035,0.875,0.8543689320388349,0.875,0.7719298245614035,0.6511627906976745,0.7527658613682546,0.9254385964912281
822,14,41,7,11,0.7534246575342466,0.7070833333333333,0.8541666666666666,0.56,0.82,0.56,0.8541666666666666,0.6086956521739131,0.7143478260869565,0.8066666666666666
823,15,40,10,8,0.7534246575342466,0.7260869565217392,0.8,0.6521739130434783,0.8163265306122449,0.6521739130434783,0.8,0.625,0.7206632653061225,0.8195652173913043
824,24,33,9,7,0.7808219178082192,0.7799539170506913,0.7857142857142857,0.7741935483870968,0.8048780487804879,0.7741935483870968,0.7857142857142857,0.75,0.7774390243902439,0.8755760368663594
825,14,46,9,4,0.821917808219178,0.807070707070707,0.8363636363636363,0.7777777777777778,0.8761904761904762,0.7777777777777778,0.8363636363636363,0.6829268292682927,0.7795586527293845,0.857070707070707
826,16,43,9,5,0.8082191780821918,0.7944139194139194,0.8269230769230769,0.7619047619047619,0.86,0.7619047619047619,0.8269230769230769,0.6956521739130435,0.7778260869565217,0.8543956043956044
827,12,46,13,2,0.7945205479452054,0.8184019370460048,0.7796610169491526,0.8571428571428571,0.8598130841121495,0.8571428571428571,0.7796610169491526,0.6153846153846154,0.7375988497483825,0.8910411622276029
828,10,43,8,12,0.726027397260274,0.6488413547237076,0.8431372549019608,0.45454545454545453,0.8113207547169812,0.45454545454545453,0.8431372549019608,0.5,0.6556603773584906,0.7749554367201427
829,16,39,11,7,0.7534246575342466,0.7378260869565217,0.78,0.6956521739130435,0.8125,0.6956521739130435,0.78,0.64,0.7262500000000001,0.8321739130434782
830,19,39,5,10,0.7945205479452054,0.77076802507837,0.8863636363636364,0.6551724137931034,0.8387096774193549,0.6551724137931034,0.8863636363636364,0.7169811320754716,0.7778454047474133,0.868730407523511
831,17,36,9,11,0.726027397260274,0.7035714285714285,0.8,0.6071428571428571,0.782608695652174,0.6071428571428571,0.8,0.6296296296296297,0.7061191626409018,0.8380952380952381
832,18,32,9,14,0.684931506849315,0.6714939024390244,0.7804878048780488,0.5625,0.735632183908046,0.5625,0.7804878048780488,0.6101694915254238,0.6729008377167349,0.8285060975609756
833,19,38,10,6,0.7808219178082192,0.7758333333333334,0.7916666666666666,0.76,0.8260869565217391,0.76,0.7916666666666666,0.7037037037037037,0.7648953301127215,0.81
834,19,29,8,17,0.6575342465753424,0.6557807807807807,0.7837837837837838,0.5277777777777778,0.6987951807228916,0.5277777777777778,0.7837837837837838,0.6031746031746031,0.6509848919487473,0.7515015015015015
835,21,44,4,4,0.8904109589041096,0.8783333333333333,0.9166666666666666,0.84,0.9166666666666666,0.84,0.9166666666666666,0.84,0.8783333333333333,0.9525
836,16,38,12,7,0.7397260273972602,0.7278260869565217,0.76,0.6956521739130435,0.8,0.6956521739130435,0.76,0.6274509803921569,0.7137254901960784,0.82
837,21,34,10,8,0.7534246575342466,0.7484326018808778,0.7727272727272727,0.7241379310344828,0.7906976744186046,0.7241379310344828,0.7727272727272727,0.7,0.7453488372093022,0.8268025078369906
838,19,43,7,4,0.8493150684931506,0.8430434782608696,0.86,0.8260869565217391,0.8865979381443299,0.8260869565217391,0.86,0.7755102040816326,0.8310540711129812,0.9295652173913044
839,13,34,11,15,0.6438356164383562,0.609920634920635,0.7555555555555555,0.4642857142857143,0.723404255319149,0.4642857142857143,0.7555555555555555,0.5,0.6117021276595744,0.7857142857142858
840,15,39,12,7,0.7397260273972602,0.7232620320855614,0.7647058823529411,0.6818181818181818,0.8041237113402062,0.6818181818181818,0.7647058823529411,0.6122448979591837,0.708184304649695,0.787878787878788
841,16,43,6,8,0.8082191780821918,0.7721088435374149,0.8775510204081632,0.6666666666666666,0.86,0.6666666666666666,0.8775510204081632,0.6956521739130435,0.7778260869565217,0.8775510204081632
842,12,44,6,11,0.7671232876712328,0.7008695652173913,0.88,0.5217391304347826,0.8380952380952381,0.5217391304347826,0.88,0.5853658536585366,0.7117305458768873,0.8469565217391304
843,21,37,10,5,0.7945205479452054,0.7974631751227497,0.7872340425531915,0.8076923076923077,0.8314606741573034,0.8076923076923077,0.7872340425531915,0.7368421052631579,0.7841513897102306,0.8866612111292963
844,12,41,13,7,0.726027397260274,0.6954191033138402,0.7592592592592593,0.631578947368421,0.803921568627451,0.631578947368421,0.7592592592592593,0.5454545454545454,0.6746880570409982,0.7943469785575048
845,11,39,10,13,0.684931506849315,0.627125850340136,0.7959183673469388,0.4583333333333333,0.7722772277227723,0.4583333333333333,0.7959183673469388,0.4888888888888889,0.6305830583058306,0.75
846,18,38,8,9,0.7671232876712328,0.7463768115942029,0.8260869565217391,0.6666666666666666,0.8172043010752689,0.6666666666666666,0.8260869565217391,0.6792452830188679,0.7482247920470684,0.8156199677938808
847,23,40,6,4,0.863013698630137,0.8607085346215781,0.8695652173913043,0.8518518518518519,0.8888888888888888,0.8518518518518519,0.8695652173913043,0.8214285714285714,0.8551587301587301,0.8816425120772947
848,15,44,6,8,0.8082191780821918,0.7660869565217392,0.88,0.6521739130434783,0.8627450980392157,0.6521739130434783,0.88,0.6818181818181818,0.7722816399286987,0.8539130434782609
849,13,45,7,8,0.7945205479452054,0.7422161172161172,0.8653846153846154,0.6190476190476191,0.8571428571428571,0.6190476190476191,0.8653846153846154,0.6341463414634146,0.7456445993031359,0.7902930402930404
850,11,53,5,4,0.8767123287671232,0.8235632183908046,0.9137931034482759,0.7333333333333333,0.9217391304347826,0.7333333333333333,0.9137931034482759,0.7096774193548387,0.8157082748948107,0.8563218390804597
851,16,42,5,10,0.7945205479452054,0.7545008183306056,0.8936170212765957,0.6153846153846154,0.8484848484848485,0.6153846153846154,0.8936170212765957,0.6808510638297872,0.7646679561573179,0.8126022913256955
852,14,39,8,12,0.726027397260274,0.6841243862520459,0.8297872340425532,0.5384615384615384,0.7959183673469388,0.5384615384615384,0.8297872340425532,0.5833333333333334,0.689625850340136,0.8314238952536824
853,14,39,6,14,0.726027397260274,0.6833333333333333,0.8666666666666667,0.5,0.7959183673469388,0.5,0.8666666666666667,0.5833333333333334,0.689625850340136,0.7543650793650793
854,16,40,8,9,0.7671232876712328,0.7366666666666667,0.8333333333333334,0.64,0.8247422680412371,0.64,0.8333333333333334,0.6530612244897959,0.7389017462655165,0.8358333333333333
855,13,40,11,9,0.726027397260274,0.6876114081996435,0.7843137254901961,0.5909090909090909,0.8,0.5909090909090909,0.7843137254901961,0.5652173913043478,0.682608695652174,0.8386809269162211
856,19,39,7,8,0.7945205479452054,0.7757648953301127,0.8478260869565217,0.7037037037037037,0.8387096774193549,0.7037037037037037,0.8478260869565217,0.7169811320754716,0.7778454047474133,0.8671497584541061
857,16,39,9,9,0.7534246575342466,0.7262500000000001,0.8125,0.64,0.8125,0.64,0.8125,0.64,0.7262500000000001,0.8008333333333333
858,11,42,11,9,0.726027397260274,0.6712264150943397,0.7924528301886793,0.55,0.8076923076923077,0.55,0.7924528301886793,0.5238095238095238,0.6657509157509158,0.7584905660377359
859,19,45,4,5,0.8767123287671232,0.8550170068027211,0.9183673469387755,0.7916666666666666,0.9090909090909091,0.7916666666666666,0.9183673469387755,0.8085106382978723,0.8588007736943907,0.9183673469387755
860,16,36,9,12,0.7123287671232876,0.6857142857142857,0.8,0.5714285714285714,0.7741935483870968,0.5714285714285714,0.8,0.6037735849056604,0.6889835666463786,0.7821428571428571
861,18,40,8,7,0.7945205479452054,0.7766666666666666,0.8333333333333334,0.72,0.8421052631578947,0.72,0.8333333333333334,0.7058823529411765,0.7739938080495357,0.8291666666666667
862,14,42,6,11,0.7671232876712328,0.7175,0.875,0.56,0.8316831683168316,0.56,0.875,0.6222222222222222,0.7269526952695269,0.8575
863,11,45,13,4,0.7671232876712328,0.7545977011494253,0.7758620689655172,0.7333333333333333,0.8411214953271028,0.7333333333333333,0.7758620689655172,0.5641025641025641,0.7026120297148335,0.8752873563218391
864,15,43,8,7,0.7945205479452054,0.7624777183600713,0.8431372549019608,0.6818181818181818,0.8514851485148515,0.6818181818181818,0.8431372549019608,0.6666666666666666,0.759075907590759,0.8471479500891265
865,22,39,4,8,0.8356164383561644,0.8201550387596899,0.9069767441860465,0.7333333333333333,0.8666666666666667,0.7333333333333333,0.9069767441860465,0.7857142857142857,0.8261904761904761,0.9135658914728683
866,12,41,7,13,0.726027397260274,0.6670833333333333,0.8541666666666666,0.48,0.803921568627451,0.48,0.8541666666666666,0.5454545454545454,0.6746880570409982,0.7816666666666666
867,19,37,7,10,0.7671232876712328,0.7480407523510972,0.8409090909090909,0.6551724137931034,0.8131868131868132,0.6551724137931034,0.8409090909090909,0.6909090909090909,0.752047952047952,0.8275862068965517
868,13,45,6,9,0.7945205479452054,0.7366310160427807,0.8823529411764706,0.5909090909090909,0.8571428571428571,0.5909090909090909,0.8823529411764706,0.6341463414634146,0.7456445993031359,0.9019607843137255
869,10,49,7,7,0.8082191780821918,0.7316176470588236,0.875,0.5882352941176471,0.875,0.5882352941176471,0.875,0.5882352941176471,0.7316176470588236,0.8203781512605042
870,18,35,10,10,0.726027397260274,0.7103174603174603,0.7777777777777778,0.6428571428571429,0.7777777777777778,0.6428571428571429,0.7777777777777778,0.6428571428571429,0.7103174603174603,0.8023809523809524
871,18,33,7,15,0.6986301369863014,0.6852272727272727,0.825,0.5454545454545454,0.75,0.5454545454545454,0.825,0.6206896551724138,0.6853448275862069,0.8200757575757575
872,11,37,14,11,0.6575342465753424,0.6127450980392157,0.7254901960784313,0.5,0.7474747474747475,0.5,0.7254901960784313,0.46808510638297873,0.6077799269288631,0.7762923351158645
873,15,40,7,11,0.7534246575342466,0.7139934533551555,0.851063829787234,0.5769230769230769,0.8163265306122449,0.5769230769230769,0.851063829787234,0.625,0.7206632653061225,0.8502454991816694
874,21,35,5,12,0.7671232876712328,0.7556818181818181,0.875,0.6363636363636364,0.8045977011494253,0.6363636363636364,0.875,0.711864406779661,0.7582310539645432,0.8537878787878789
875,15,45,3,10,0.821917808219178,0.76875,0.9375,0.6,0.8737864077669902,0.6,0.9375,0.6976744186046512,0.7857304131858207,0.8708333333333335
876,20,36,6,11,0.7671232876712328,0.7511520737327189,0.8571428571428571,0.6451612903225806,0.8089887640449438,0.6451612903225806,0.8571428571428571,0.7017543859649122,0.755371575004928,0.8195084485407066
877,13,46,6,8,0.8082191780821918,0.7518315018315018,0.8846153846153846,0.6190476190476191,0.8679245283018868,0.6190476190476191,0.8846153846153846,0.65,0.7589622641509435,0.8264652014652014
878,14,39,12,8,0.726027397260274,0.7005347593582887,0.7647058823529411,0.6363636363636364,0.7959183673469388,0.6363636363636364,0.7647058823529411,0.5833333333333334,0.689625850340136,0.8021390374331551
879,24,37,7,5,0.8356164383561644,0.8342476489028213,0.8409090909090909,0.8275862068965517,0.8604651162790697,0.8275862068965517,0.8409090909090909,0.8,0.8302325581395349,0.9310344827586207
880,9,42,11,11,0.6986301369863014,0.6212264150943396,0.7924528301886793,0.45,0.7924528301886793,0.45,0.7924528301886793,0.45,0.6212264150943396,0.7122641509433962
881,18,37,11,7,0.7534246575342466,0.7454166666666666,0.7708333333333334,0.72,0.8043478260869565,0.72,0.7708333333333334,0.6666666666666666,0.7355072463768115,0.8558333333333333
882,19,39,7,8,0.7945205479452054,0.7757648953301127,0.8478260869565217,0.7037037037037037,0.8387096774193549,0.7037037037037037,0.8478260869565217,0.7169811320754716,0.7778454047474133,0.8490338164251208
883,20,40,9,4,0.821917808219178,0.8248299319727892,0.8163265306122449,0.8333333333333334,0.8602150537634409,0.8333333333333334,0.8163265306122449,0.7547169811320755,0.8074660174477581,0.8720238095238095
884,21,34,13,5,0.7534246575342466,0.7655482815057284,0.723404255319149,0.8076923076923077,0.7906976744186046,0.8076923076923077,0.723404255319149,0.7,0.7453488372093022,0.8657937806873977
885,15,37,13,8,0.7123287671232876,0.6960869565217391,0.74,0.6521739130434783,0.7789473684210526,0.6521739130434783,0.74,0.5882352941176471,0.6835913312693498,0.8147826086956521
886,17,40,6,10,0.7808219178082192,0.749597423510467,0.8695652173913043,0.6296296296296297,0.8333333333333334,0.6296296296296297,0.8695652173913043,0.68,0.7566666666666667,0.8522544283413849
887,22,40,7,4,0.8493150684931506,0.8486088379705401,0.851063829787234,0.8461538461538461,0.8791208791208791,0.8461538461538461,0.851063829787234,0.8,0.8395604395604396,0.9214402618657939
888,13,40,9,11,0.726027397260274,0.6789965986394557,0.8163265306122449,0.5416666666666666,0.8,0.5416666666666666,0.8163265306122449,0.5652173913043478,0.682608695652174,0.7810374149659863
889,24,35,7,7,0.8082191780821918,0.803763440860215,0.8333333333333334,0.7741935483870968,0.8333333333333334,0.7741935483870968,0.8333333333333334,0.7741935483870968,0.803763440860215,0.9147465437788019
890,16,44,5,8,0.821917808219178,0.782312925170068,0.8979591836734694,0.6666666666666666,0.8712871287128713,0.6666666666666666,0.8979591836734694,0.7111111111111111,0.7911991199119912,0.8647959183673469
891,13,41,9,10,0.7397260273972602,0.6926086956521739,0.82,0.5652173913043478,0.8118811881188119,0.5652173913043478,0.82,0.5777777777777777,0.6948294829482948,0.8208695652173914
892,18,32,9,14,0.684931506849315,0.6714939024390244,0.7804878048780488,0.5625,0.735632183908046,0.5625,0.7804878048780488,0.6101694915254238,0.6729008377167349,0.7583841463414634
893,18,40,9,6,0.7945205479452054,0.7831632653061225,0.8163265306122449,0.75,0.8421052631578947,0.75,0.8163265306122449,0.7058823529411765,0.7739938080495357,0.8869047619047619
894,11,41,7,14,0.7123287671232876,0.6470833333333333,0.8541666666666666,0.44,0.7961165048543689,0.44,0.8541666666666666,0.5116279069767442,0.6538722059155566,0.765
895,16,40,9,8,0.7671232876712328,0.7414965986394557,0.8163265306122449,0.6666666666666666,0.8247422680412371,0.6666666666666666,0.8163265306122449,0.6530612244897959,0.7389017462655165,0.7959183673469388
896,17,39,10,7,0.7671232876712328,0.752125850340136,0.7959183673469388,0.7083333333333334,0.8210526315789474,0.7083333333333334,0.7959183673469388,0.6666666666666666,0.743859649122807,0.8273809523809523
897,20,40,7,6,0.821917808219178,0.8101472995090017,0.851063829787234,0.7692307692307693,0.8602150537634409,0.7692307692307693,0.851063829787234,0.7547169811320755,0.8074660174477581,0.9034369885433715
898,22,30,10,11,0.7123287671232876,0.7083333333333333,0.75,0.6666666666666666,0.7407407407407407,0.6666666666666666,0.75,0.676923076923077,0.7088319088319088,0.8007575757575758
899,19,42,4,8,0.8356164383561644,0.8083735909822867,0.9130434782608695,0.7037037037037037,0.875,0.7037037037037037,0.9130434782608695,0.76,0.8175,0.8768115942028984
900,20,34,9,10,0.7397260273972602,0.7286821705426356,0.7906976744186046,0.6666666666666666,0.7816091954022989,0.6666666666666666,0.7906976744186046,0.6779661016949152,0.729787648548607,0.8620155038759689
901,17,38,11,7,0.7534246575342466,0.741921768707483,0.7755102040816326,0.7083333333333334,0.8085106382978723,0.7083333333333334,0.7755102040816326,0.6538461538461539,0.7311783960720131,0.8528911564625852
902,19,33,14,7,0.7123287671232876,0.7164484451718494,0.7021276595744681,0.7307692307692307,0.7586206896551724,0.7307692307692307,0.7021276595744681,0.6440677966101694,0.7013442431326709,0.7749590834697218
903,18,34,13,8,0.7123287671232876,0.7078559738134207,0.723404255319149,0.6923076923076923,0.7640449438202247,0.6923076923076923,0.723404255319149,0.631578947368421,0.6978119455943228,0.8134206219312603
904,14,48,4,7,0.8493150684931506,0.7948717948717949,0.9230769230769231,0.6666666666666666,0.897196261682243,0.6666666666666666,0.9230769230769231,0.717948717948718,0.8075724898154805,0.8672161172161171
905,11,46,8,8,0.7808219178082192,0.7153996101364523,0.8518518518518519,0.5789473684210527,0.8518518518518519,0.5789473684210527,0.8518518518518519,0.5789473684210527,0.7153996101364523,0.7490253411306043
906,18,37,8,10,0.7534246575342466,0.7325396825396826,0.8222222222222222,0.6428571428571429,0.8043478260869565,0.6428571428571429,0.8222222222222222,0.6666666666666666,0.7355072463768115,0.7714285714285715
907,13,40,9,11,0.726027397260274,0.6789965986394557,0.8163265306122449,0.5416666666666666,0.8,0.5416666666666666,0.8163265306122449,0.5652173913043478,0.682608695652174,0.8303571428571429
908,19,38,5,11,0.7808219178082192,0.7585271317829457,0.8837209302325582,0.6333333333333333,0.8260869565217391,0.6333333333333333,0.8837209302325582,0.7037037037037037,0.7648953301127215,0.8844961240310077
909,18,38,10,7,0.7671232876712328,0.7558333333333334,0.7916666666666666,0.72,0.8172043010752689,0.72,0.7916666666666666,0.6792452830188679,0.7482247920470684,0.8562500000000001
910,13,48,5,7,0.8356164383561644,0.7778301886792454,0.9056603773584906,0.65,0.8888888888888888,0.65,0.9056603773584906,0.6842105263157895,0.7865497076023391,0.8056603773584905
911,20,35,11,7,0.7534246575342466,0.750805152979066,0.7608695652173914,0.7407407407407407,0.7954545454545454,0.7407407407407407,0.7608695652173914,0.6896551724137931,0.7425548589341693,0.8820450885668277
912,17,37,8,11,0.7397260273972602,0.7146825396825396,0.8222222222222222,0.6071428571428571,0.7956989247311828,0.6071428571428571,0.8222222222222222,0.6415094339622641,0.7186041793467235,0.8111111111111111
913,13,43,11,6,0.7671232876712328,0.7402534113060428,0.7962962962962963,0.6842105263157895,0.8349514563106796,0.6842105263157895,0.7962962962962963,0.6046511627906976,0.7198013095506886,0.8786549707602339
914,13,42,9,9,0.7534246575342466,0.7072192513368984,0.8235294117647058,0.5909090909090909,0.8235294117647058,0.5909090909090909,0.8235294117647058,0.5909090909090909,0.7072192513368984,0.8048128342245989
915,17,36,6,14,0.726027397260274,0.7027649769585254,0.8571428571428571,0.5483870967741935,0.782608695652174,0.5483870967741935,0.8571428571428571,0.6296296296296297,0.7061191626409018,0.8214285714285714
916,17,46,5,5,0.863013698630137,0.8373440285204992,0.9019607843137255,0.7727272727272727,0.9019607843137255,0.7727272727272727,0.9019607843137255,0.7727272727272727,0.8373440285204992,0.9246880570409982
917,23,39,6,5,0.8493150684931506,0.844047619047619,0.8666666666666667,0.8214285714285714,0.8764044943820225,0.8214285714285714,0.8666666666666667,0.8070175438596491,0.8417110191208358,0.892063492063492
918,17,33,8,15,0.684931506849315,0.6680640243902439,0.8048780487804879,0.53125,0.7415730337078652,0.53125,0.8048780487804879,0.5964912280701754,0.6690321308890204,0.7820121951219512
919,17,39,6,11,0.7671232876712328,0.736904761904762,0.8666666666666667,0.6071428571428571,0.8210526315789474,0.6071428571428571,0.8666666666666667,0.6666666666666666,0.743859649122807,0.8531746031746031
920,23,27,10,13,0.684931506849315,0.6843093093093093,0.7297297297297297,0.6388888888888888,0.7012987012987013,0.6388888888888888,0.7297297297297297,0.6666666666666666,0.6839826839826839,0.7680180180180181
921,17,34,10,12,0.6986301369863014,0.6794670846394983,0.7727272727272727,0.5862068965517241,0.7555555555555555,0.5862068965517241,0.7727272727272727,0.6071428571428571,0.6813492063492064,0.7739028213166145
922,15,39,11,8,0.7397260273972602,0.7160869565217391,0.78,0.6521739130434783,0.8041237113402062,0.6521739130434783,0.78,0.6122448979591837,0.708184304649695,0.7956521739130434
923,18,42,8,5,0.821917808219178,0.811304347826087,0.84,0.782608695652174,0.865979381443299,0.782608695652174,0.84,0.7346938775510204,0.8003366294971597,0.9199999999999999
924,18,35,5,15,0.726027397260274,0.7102272727272727,0.875,0.5454545454545454,0.7777777777777778,0.5454545454545454,0.875,0.6428571428571429,0.7103174603174603,0.796590909090909
925,13,42,12,6,0.7534246575342466,0.7309941520467836,0.7777777777777778,0.6842105263157895,0.8235294117647058,0.6842105263157895,0.7777777777777778,0.5909090909090909,0.7072192513368984,0.7962962962962963
926,13,37,16,7,0.684931506849315,0.6740566037735849,0.6981132075471698,0.65,0.7628865979381443,0.65,0.6981132075471698,0.5306122448979592,0.6467494214180518,0.7952830188679245
927,15,31,15,12,0.6301369863013698,0.6147342995169083,0.6739130434782609,0.5555555555555556,0.6966292134831461,0.5555555555555556,0.6739130434782609,0.5263157894736842,0.6114725014784151,0.717391304347826
928,18,35,10,10,0.726027397260274,0.7103174603174603,0.7777777777777778,0.6428571428571429,0.7777777777777778,0.6428571428571429,0.7777777777777778,0.6428571428571429,0.7103174603174603,0.8380952380952381
929,17,36,13,7,0.726027397260274,0.7215136054421769,0.7346938775510204,0.7083333333333334,0.782608695652174,0.7083333333333334,0.7346938775510204,0.6296296296296297,0.7061191626409018,0.798469387755102
930,18,41,7,7,0.8082191780821918,0.7870833333333334,0.8541666666666666,0.72,0.8541666666666666,0.72,0.8541666666666666,0.72,0.7870833333333334,0.8516666666666666
931,15,41,10,7,0.7671232876712328,0.7428698752228164,0.803921568627451,0.6818181818181818,0.8282828282828283,0.6818181818181818,0.803921568627451,0.6382978723404256,0.7332903503116269,0.8110516934046347
932,19,34,8,12,0.726027397260274,0.7112135176651306,0.8095238095238095,0.6129032258064516,0.7727272727272727,0.6129032258064516,0.8095238095238095,0.6551724137931034,0.7139498432601881,0.8218125960061444
933,15,39,6,13,0.7397260273972602,0.7011904761904761,0.8666666666666667,0.5357142857142857,0.8041237113402062,0.5357142857142857,0.8666666666666667,0.6122448979591837,0.708184304649695,0.8305555555555556
934,17,34,8,14,0.6986301369863014,0.6789554531490015,0.8095238095238095,0.5483870967741935,0.7555555555555555,0.5483870967741935,0.8095238095238095,0.6071428571428571,0.6813492063492064,0.8026113671274963
935,18,38,7,10,0.7671232876712328,0.7436507936507937,0.8444444444444444,0.6428571428571429,0.8172043010752689,0.6428571428571429,0.8444444444444444,0.6792452830188679,0.7482247920470684,0.8714285714285714
936,20,37,7,9,0.7808219178082192,0.765282131661442,0.8409090909090909,0.6896551724137931,0.8222222222222222,0.6896551724137931,0.8409090909090909,0.7142857142857143,0.7682539682539682,0.8761755485893417
937,14,42,9,8,0.7671232876712328,0.7299465240641712,0.8235294117647058,0.6363636363636364,0.8316831683168316,0.6363636363636364,0.8235294117647058,0.6222222222222222,0.7269526952695269,0.8262032085561498
938,14,40,11,8,0.7397260273972602,0.7103386809269162,0.7843137254901961,0.6363636363636364,0.8080808080808081,0.6363636363636364,0.7843137254901961,0.5957446808510638,0.7019127444659359,0.8302139037433155
939,12,46,6,9,0.7945205479452054,0.728021978021978,0.8846153846153846,0.5714285714285714,0.8598130841121495,0.5714285714285714,0.8846153846153846,0.6153846153846154,0.7375988497483825,0.8296703296703296
940,16,41,7,9,0.7808219178082192,0.7470833333333333,0.8541666666666666,0.64,0.8367346938775511,0.64,0.8541666666666666,0.6666666666666666,0.7517006802721089,0.8625
941,13,41,8,11,0.7397260273972602,0.6892006802721089,0.8367346938775511,0.5416666666666666,0.8118811881188119,0.5416666666666666,0.8367346938775511,0.5777777777777777,0.6948294829482948,0.8299319727891156
942,21,35,8,9,0.7671232876712328,0.7569767441860464,0.813953488372093,0.7,0.8045977011494253,0.7,0.813953488372093,0.711864406779661,0.7582310539645432,0.82015503875969
943,12,49,4,8,0.8356164383561644,0.7622641509433963,0.9245283018867925,0.6,0.8909090909090909,0.6,0.9245283018867925,0.6666666666666666,0.7787878787878788,0.8537735849056604
944,18,42,7,6,0.821917808219178,0.8035714285714286,0.8571428571428571,0.75,0.865979381443299,0.75,0.8571428571428571,0.7346938775510204,0.8003366294971597,0.9323979591836735
945,18,41,4,10,0.8082191780821918,0.776984126984127,0.9111111111111111,0.6428571428571429,0.8541666666666666,0.6428571428571429,0.9111111111111111,0.72,0.7870833333333334,0.8119047619047618
946,12,49,5,7,0.8356164383561644,0.7694931773879142,0.9074074074074074,0.631578947368421,0.8909090909090909,0.631578947368421,0.9074074074074074,0.6666666666666666,0.7787878787878788,0.912280701754386
947,14,41,11,7,0.7534246575342466,0.7275641025641025,0.7884615384615384,0.6666666666666666,0.82,0.6666666666666666,0.7884615384615384,0.6086956521739131,0.7143478260869565,0.7971611721611721
948,15,39,10,9,0.7397260273972602,0.7104591836734694,0.7959183673469388,0.625,0.8041237113402062,0.625,0.7959183673469388,0.6122448979591837,0.708184304649695,0.8252551020408164
949,14,44,7,8,0.7945205479452054,0.749554367201426,0.8627450980392157,0.6363636363636364,0.8543689320388349,0.6363636363636364,0.8627450980392157,0.6511627906976745,0.7527658613682546,0.8885918003565062
950,11,35,19,8,0.6301369863013698,0.6135477582846004,0.6481481481481481,0.5789473684210527,0.7216494845360825,0.5789473684210527,0.6481481481481481,0.4489795918367347,0.5853145381864086,0.6998050682261209
951,13,48,6,6,0.8356164383561644,0.7865497076023391,0.8888888888888888,0.6842105263157895,0.8888888888888888,0.6842105263157895,0.8888888888888888,0.6842105263157895,0.7865497076023391,0.8786549707602339
952,25,35,7,6,0.821917808219178,0.8198924731182795,0.8333333333333334,0.8064516129032258,0.8433734939759037,0.8064516129032258,0.8333333333333334,0.7936507936507936,0.8185121438133487,0.9212749615975422
953,12,44,9,8,0.7671232876712328,0.7150943396226415,0.8301886792452831,0.6,0.8380952380952381,0.6,0.8301886792452831,0.5853658536585366,0.7117305458768873,0.8183962264150944
954,16,46,6,5,0.8493150684931506,0.8232600732600732,0.8846153846153846,0.7619047619047619,0.8932038834951457,0.7619047619047619,0.8846153846153846,0.7441860465116279,0.8186949650033868,0.8493589743589743
955,14,43,7,9,0.7808219178082192,0.7343478260869565,0.86,0.6086956521739131,0.8431372549019608,0.6086956521739131,0.86,0.6363636363636364,0.7397504456327986,0.7839130434782609
956,18,46,3,6,0.8767123287671232,0.8443877551020409,0.9387755102040817,0.75,0.9108910891089109,0.75,0.9387755102040817,0.8,0.8554455445544555,0.9200680272108844
957,13,42,5,13,0.7534246575342466,0.6968085106382979,0.8936170212765957,0.5,0.8235294117647058,0.5,0.8936170212765957,0.5909090909090909,0.7072192513368984,0.7880523731587562
958,21,39,8,5,0.821917808219178,0.8187397708674304,0.8297872340425532,0.8076923076923077,0.8571428571428571,0.8076923076923077,0.8297872340425532,0.7636363636363637,0.8103896103896104,0.9058919803600655
959,18,35,12,8,0.726027397260274,0.718494271685761,0.7446808510638298,0.6923076923076923,0.7777777777777778,0.6923076923076923,0.7446808510638298,0.6428571428571429,0.7103174603174603,0.7888707037643208
960,17,41,10,5,0.7945205479452054,0.7883244206773619,0.803921568627451,0.7727272727272727,0.845360824742268,0.7727272727272727,0.803921568627451,0.6938775510204082,0.7696191878813381,0.8467023172905526
961,16,46,7,4,0.8493150684931506,0.8339622641509434,0.8679245283018868,0.8,0.8932038834951457,0.8,0.8679245283018868,0.7441860465116279,0.8186949650033868,0.9216981132075472
962,15,36,11,11,0.6986301369863014,0.6714402618657938,0.7659574468085106,0.5769230769230769,0.7659574468085106,0.5769230769230769,0.7659574468085106,0.5769230769230769,0.6714402618657938,0.7618657937806874
963,16,41,9,7,0.7808219178082192,0.7578260869565216,0.82,0.6956521739130435,0.8367346938775511,0.6956521739130435,0.82,0.6666666666666666,0.7517006802721089,0.8426086956521739
964,15,44,4,10,0.8082191780821918,0.7583333333333333,0.9166666666666666,0.6,0.8627450980392157,0.6,0.9166666666666666,0.6818181818181818,0.7722816399286987,0.9041666666666666
965,18,36,11,8,0.7397260273972602,0.7291325695581015,0.7659574468085106,0.6923076923076923,0.7912087912087912,0.6923076923076923,0.7659574468085106,0.6545454545454545,0.7228771228771229,0.8101472995090016
966,20,39,5,9,0.8082191780821918,0.7880094043887147,0.8863636363636364,0.6896551724137931,0.8478260869565217,0.6896551724137931,0.8863636363636364,0.7407407407407407,0.7942834138486312,0.8593260188087775
967,17,40,6,10,0.7808219178082192,0.749597423510467,0.8695652173913043,0.6296296296296297,0.8333333333333334,0.6296296296296297,0.8695652173913043,0.68,0.7566666666666667,0.8703703703703703
968,22,38,8,5,0.821917808219178,0.820450885668277,0.8260869565217391,0.8148148148148148,0.8539325842696629,0.8148148148148148,0.8260869565217391,0.7719298245614035,0.8129312044155332,0.8679549114331722
969,11,48,7,7,0.8082191780821918,0.7419191919191919,0.8727272727272727,0.6111111111111112,0.8727272727272727,0.6111111111111112,0.8727272727272727,0.6111111111111112,0.7419191919191919,0.8646464646464647
970,16,38,12,7,0.7397260273972602,0.7278260869565217,0.76,0.6956521739130435,0.8,0.6956521739130435,0.76,0.6274509803921569,0.7137254901960784,0.7695652173913043
971,18,39,8,8,0.7808219178082192,0.7610474631751227,0.8297872340425532,0.6923076923076923,0.8297872340425532,0.6923076923076923,0.8297872340425532,0.6923076923076923,0.7610474631751227,0.7855973813420621
972,20,41,6,6,0.8356164383561644,0.820785597381342,0.8723404255319149,0.7692307692307693,0.8723404255319149,0.7692307692307693,0.8723404255319149,0.7692307692307693,0.820785597381342,0.9001636661211129
973,24,37,5,7,0.8356164383561644,0.8275729646697388,0.8809523809523809,0.7741935483870968,0.8604651162790697,0.7741935483870968,0.8809523809523809,0.8,0.8302325581395349,0.9197388632872504
974,14,40,9,10,0.7397260273972602,0.6998299319727892,0.8163265306122449,0.5833333333333334,0.8080808080808081,0.5833333333333334,0.8163265306122449,0.5957446808510638,0.7019127444659359,0.8031462585034014
975,13,47,3,10,0.821917808219178,0.7526086956521738,0.94,0.5652173913043478,0.8785046728971962,0.5652173913043478,0.94,0.6666666666666666,0.7725856697819314,0.8582608695652173
976,19,37,8,9,0.7671232876712328,0.7503968253968254,0.8222222222222222,0.6785714285714286,0.8131868131868132,0.6785714285714286,0.8222222222222222,0.6909090909090909,0.752047952047952,0.8769841269841271
977,16,41,5,11,0.7808219178082192,0.7419484702093397,0.8913043478260869,0.5925925925925926,0.8367346938775511,0.5925925925925926,0.8913043478260869,0.6666666666666666,0.7517006802721089,0.788244766505636
978,16,33,4,20,0.6712328767123288,0.6681681681681682,0.8918918918918919,0.4444444444444444,0.7333333333333333,0.4444444444444444,0.8918918918918919,0.5714285714285714,0.6523809523809523,0.768018018018018
979,21,37,4,11,0.7945205479452054,0.7793445121951219,0.9024390243902439,0.65625,0.8314606741573034,0.65625,0.9024390243902439,0.7368421052631579,0.7841513897102306,0.9283536585365854
980,22,40,7,4,0.8493150684931506,0.8486088379705401,0.851063829787234,0.8461538461538461,0.8791208791208791,0.8461538461538461,0.851063829787234,0.8,0.8395604395604396,0.9083469721767594
981,9,43,14,7,0.7123287671232876,0.6584429824561404,0.7543859649122807,0.5625,0.8037383177570093,0.5625,0.7543859649122807,0.46153846153846156,0.6326383896477354,0.8015350877192983
982,24,34,5,10,0.7945205479452054,0.7888386123680242,0.8717948717948718,0.7058823529411765,0.8192771084337349,0.7058823529411765,0.8717948717948718,0.7619047619047619,0.7905909351692484,0.8748114630467572
983,14,41,9,9,0.7534246575342466,0.7143478260869565,0.82,0.6086956521739131,0.82,0.6086956521739131,0.82,0.6086956521739131,0.7143478260869565,0.8195652173913044
984,15,34,12,12,0.6712328767123288,0.6473429951690821,0.7391304347826086,0.5555555555555556,0.7391304347826086,0.5555555555555556,0.7391304347826086,0.5555555555555556,0.6473429951690821,0.8345410628019323
985,16,42,8,7,0.7945205479452054,0.7678260869565217,0.84,0.6956521739130435,0.8484848484848485,0.6956521739130435,0.84,0.6808510638297872,0.7646679561573179,0.8669565217391305
986,10,44,9,10,0.7397260273972602,0.6650943396226415,0.8301886792452831,0.5,0.822429906542056,0.5,0.8301886792452831,0.5128205128205128,0.6676252096812845,0.7334905660377358
987,21,31,7,14,0.7123287671232876,0.7078947368421052,0.8157894736842105,0.6,0.7469879518072289,0.6,0.8157894736842105,0.6666666666666666,0.7068273092369477,0.824812030075188
988,13,47,5,8,0.821917808219178,0.7614468864468864,0.9038461538461539,0.6190476190476191,0.8785046728971962,0.6190476190476191,0.9038461538461539,0.6666666666666666,0.7725856697819314,0.8374542124542125
989,16,43,8,6,0.8082191780821918,0.785204991087344,0.8431372549019608,0.7272727272727273,0.86,0.7272727272727273,0.8431372549019608,0.6956521739130435,0.7778260869565217,0.8841354723707665
990,14,42,7,10,0.7671232876712328,0.7202380952380952,0.8571428571428571,0.5833333333333334,0.8316831683168316,0.5833333333333334,0.8571428571428571,0.6222222222222222,0.7269526952695269,0.8533163265306123
991,18,41,4,10,0.8082191780821918,0.776984126984127,0.9111111111111111,0.6428571428571429,0.8541666666666666,0.6428571428571429,0.9111111111111111,0.72,0.7870833333333334,0.8857142857142857
992,17,36,10,10,0.726027397260274,0.7061191626409018,0.782608695652174,0.6296296296296297,0.782608695652174,0.6296296296296297,0.782608695652174,0.6296296296296297,0.7061191626409018,0.7801932367149758
993,19,39,6,9,0.7945205479452054,0.7726190476190476,0.8666666666666667,0.6785714285714286,0.8387096774193549,0.6785714285714286,0.8666666666666667,0.7169811320754716,0.7778454047474133,0.807142857142857
994,15,39,9,10,0.7397260273972602,0.70625,0.8125,0.6,0.8041237113402062,0.6,0.8125,0.6122448979591837,0.708184304649695,0.8216666666666667
995,15,37,5,16,0.7123287671232876,0.6824116743471582,0.8809523809523809,0.4838709677419355,0.7789473684210526,0.4838709677419355,0.8809523809523809,0.5882352941176471,0.6835913312693498,0.8068356374807988
996,15,42,8,8,0.7808219178082192,0.7460869565217392,0.84,0.6521739130434783,0.84,0.6521739130434783,0.84,0.6521739130434783,0.7460869565217392,0.8382608695652174
997,12,37,11,13,0.6712328767123288,0.6254166666666667,0.7708333333333334,0.48,0.7551020408163265,0.48,0.7708333333333334,0.5,0.6275510204081632,0.7529166666666667
998,19,36,9,9,0.7534246575342466,0.7392857142857143,0.8,0.6785714285714286,0.8,0.6785714285714286,0.8,0.6785714285714286,0.7392857142857143,0.8484126984126984
999,13,42,5,13,0.7534246575342466,0.6968085106382979,0.8936170212765957,0.5,0.8235294117647058,0.5,0.8936170212765957,0.5909090909090909,0.7072192513368984,0.7962356792144025
1000,19,38,8,8,0.7808219178082192,0.7648953301127215,0.8260869565217391,0.7037037037037037,0.8260869565217391,0.7037037037037037,0.8260869565217391,0.7037037037037037,0.7648953301127215,0.8808373590982286
