# vtk DataFile Version 5.1
vtk output
ASCII
DATASET POLYDATA
POINTS 4104 float
0.152976 -0.0374598 0.727363 0.155457 -0.0336398 0.70678 0.137966 -0.0431579 0.713701 
0.167212 -0.0483465 0.716263 0.149722 -0.0578646 0.723184 0.379865 0.00653436 0.654924 
0.382347 0.0103545 0.634341 0.364856 0.000836342 0.641262 0.409111 0.00134571 0.657487 
0.411593 0.00516581 0.636903 0.423348 -0.00954094 0.646387 0.286392 -0.00212456 0.66364 
0.288874 0.00169553 0.643057 0.271383 -0.00782256 0.649978 0.315638 -0.0073132 0.666203 
0.31812 -0.00349312 0.64562 0.344884 -0.0125018 0.668765 0.347366 -0.00868176 0.648182 
0.37413 -0.0176905 0.671328 0.403376 -0.0228791 0.67389 0.417613 -0.0337658 0.66279 
0.192919 -0.0107835 0.672356 0.1954 -0.00696339 0.651773 0.17791 -0.0164815 0.658694 
0.222165 -0.0159721 0.674919 0.224646 -0.012152 0.654336 0.251411 -0.0211608 0.677481 
0.253892 -0.0173407 0.656898 0.280657 -0.0263494 0.680044 0.309903 -0.0315381 0.682606 
0.32414 -0.0424247 0.671507 0.34163 -0.0329066 0.664586 0.370876 -0.0380952 0.667148 
0.400122 -0.0432839 0.669711 0.128692 -0.024631 0.683635 0.131173 -0.0208109 0.663052 
0.113683 -0.030329 0.669972 0.157938 -0.0298197 0.686197 0.160419 -0.0259996 0.665614 
0.187184 -0.0350083 0.68876 0.21643 -0.040197 0.691322 0.245676 -0.0453856 0.693885 
0.259913 -0.0562722 0.682785 0.277403 -0.0467542 0.675865 0.306649 -0.0519428 0.678427 
0.093711 -0.0436672 0.697476 0.0961923 -0.0398472 0.676893 0.0787017 -0.0493652 0.683814 
0.122957 -0.0488559 0.700038 0.181449 -0.0592332 0.705164 0.195686 -0.0701198 0.694064 
0.213176 -0.0606017 0.687143 0.242422 -0.0657904 0.689706 0.0587299 -0.0627035 0.711317 
0.0612112 -0.0588834 0.690734 0.0437206 -0.0684014 0.697655 0.0879759 -0.0678921 0.71388 
0.117222 -0.0730807 0.716442 0.148949 -0.0744493 0.698422 0.131459 -0.0839674 0.705342 
0.178195 -0.0796379 0.700984 0.0529948 -0.0869283 0.727721 0.0379855 -0.0926263 0.714058 
0.0822408 -0.0921169 0.730283 0.0964775 -0.103004 0.719184 0.113968 -0.0934855 0.712263 
0.0497409 -0.107333 0.723542 0.0789869 -0.112522 0.726104 0.367052 0.0678128 0.578388 
0.369533 0.071633 0.557805 0.352043 0.0621148 0.564726 0.396298 0.0626242 0.580951 
0.398779 0.0664443 0.560368 0.425544 0.0574356 0.583513 0.428025 0.0612557 0.56293 
0.439781 0.0465489 0.572413 0.302825 0.0539653 0.589667 0.305306 0.0577854 0.569084 
0.287816 0.0482673 0.576004 0.332071 0.0487766 0.592229 0.334552 0.0525967 0.571646 
0.361317 0.043588 0.594792 0.390563 0.0383994 0.597354 0.419809 0.0332107 0.599917 
0.451536 0.0318422 0.581896 0.449055 0.0280221 0.602479 0.463292 0.0171354 0.59138 
0.209352 0.0453064 0.598383 0.211833 0.0491265 0.5778 0.194343 0.0396084 0.58472 
0.238598 0.0401177 0.600945 0.241079 0.0439378 0.580362 0.267844 0.0349291 0.603508 
0.270325 0.0387492 0.582925 0.29709 0.0297405 0.60607 0.326336 0.0245518 0.608633 
0.355582 0.0193632 0.611196 0.384828 0.0141745 0.613758 0.414074 0.00898588 0.616321 
0.44332 0.00379725 0.618883 0.457556 -0.0070894 0.607783 0.145125 0.0314588 0.609661 
0.147606 0.0352789 0.589078 0.130116 0.0257608 0.595999 0.174371 0.0262702 0.612224 
0.176852 0.0300903 0.591641 0.203617 0.0210815 0.614787 0.232863 0.0158929 0.617349 
0.262109 0.0107042 0.619911 0.291355 0.0055156 0.622474 0.320601 0.000326959 0.625037 
0.349847 -0.00486168 0.627599 0.437585 -0.0204276 0.635287 0.451821 -0.0313143 0.624187 
0.0808977 0.0176113 0.62094 0.083379 0.0214313 0.600357 0.0658884 0.0119133 0.607278 
0.110144 0.0124226 0.623503 0.112625 0.0162427 0.60292 0.13939 0.00723398 0.626065 
0.168636 0.00204534 0.628628 0.197882 -0.00314331 0.63119 0.227128 -0.00833195 0.633753 
0.256374 -0.0135206 0.636315 0.41684 -0.0503504 0.638028 0.434331 -0.0408324 0.631108 
-0.0125753 0.00895234 0.629656 -0.0100941 0.0127724 0.609073 -0.0275847 0.00325432 0.615994 
0.0166707 0.00376369 0.632219 0.0191519 0.00758379 0.611636 0.0459166 -0.00142495 0.634781 
0.0483979 0.00239515 0.614198 0.0751626 -0.00661359 0.637344 0.104409 -0.0118022 0.639906 
0.133655 -0.0169909 0.642469 0.162901 -0.0221795 0.645031 0.323367 -0.0590094 0.646744 
0.340858 -0.0494913 0.639824 0.370104 -0.0546799 0.642386 0.39935 -0.0598686 0.644949 
-0.0768024 -0.0048952 0.640935 -0.0743212 -0.00107512 0.620352 -0.0918117 -0.0105932 0.627272 
-0.0475564 -0.0100838 0.643497 -0.0450752 -0.00626376 0.622914 -0.0183104 -0.0152725 0.64606 
0.0109355 -0.0204611 0.648622 0.0401815 -0.0256498 0.651185 0.0694275 -0.0308384 0.653747 
0.0986735 -0.0360271 0.65631 0.244903 -0.0619703 0.669123 0.229894 -0.0676683 0.65546 
0.247385 -0.0581502 0.64854 0.276631 -0.0633388 0.651102 0.305877 -0.0685275 0.653665 
-0.0825375 -0.0291201 0.657338 -0.0975469 -0.0348181 0.643676 -0.0532915 -0.0343087 0.659901 
-0.0240456 -0.0394973 0.662463 0.00520043 -0.044686 0.665026 0.0344464 -0.0498746 0.667589 
0.0636924 -0.0550633 0.670151 0.180676 -0.0758178 0.680401 0.165667 -0.0815158 0.666739 
0.183158 -0.0719978 0.659818 0.212404 -0.0771864 0.662381 -0.117519 -0.0481563 0.67118 
-0.115037 -0.0443362 0.650597 -0.132528 -0.0538543 0.657517 -0.0882726 -0.0533449 0.673742 
-0.0590267 -0.0585336 0.676305 -0.0297807 -0.0637222 0.678867 -0.000534697 -0.0689108 0.68143 
0.0287113 -0.0740995 0.683992 0.130686 -0.100552 0.68058 0.148176 -0.091034 0.67366 
-0.1525 -0.0671925 0.685021 -0.150019 -0.0633724 0.664438 -0.167509 -0.0728905 0.671358 
-0.123254 -0.0723811 0.687583 -0.0940078 -0.0775698 0.690146 -0.0647618 -0.0827584 0.692708 
-0.0355158 -0.087947 0.695271 -0.00626982 -0.0931357 0.697833 0.0229762 -0.0983243 0.700396 
0.0957048 -0.119588 0.694421 0.113195 -0.11007 0.687501 -0.187481 -0.0862287 0.698862 
-0.185 -0.0824086 0.678279 -0.20249 -0.0919267 0.685199 -0.158235 -0.0914173 0.701425 
-0.128989 -0.096606 0.703987 -0.0997429 -0.101795 0.70655 -0.0704969 -0.106983 0.709112 
-0.0412509 -0.112172 0.711675 -0.0120049 -0.117361 0.714237 0.017241 -0.122549 0.7168 
0.0489683 -0.123918 0.698779 0.0314777 -0.133436 0.7057 0.0782142 -0.129106 0.701342 
-0.190735 -0.106633 0.694683 -0.161489 -0.111822 0.697245 -0.132243 -0.117011 0.699808 
-0.102997 -0.122199 0.70237 -0.0737508 -0.127388 0.704933 -0.0445048 -0.132577 0.707495 
-0.0152588 -0.137765 0.710058 0.0139871 -0.142954 0.71262 0.37775 0.0996779 0.520818 
0.380231 0.103498 0.500235 0.36274 0.0939799 0.507156 0.406996 0.0944892 0.523381 
0.409477 0.0983093 0.502798 0.436242 0.0893006 0.525944 0.438723 0.0931207 0.505361 
0.450478 0.0784139 0.514844 0.313523 0.0858303 0.532097 0.316004 0.0896504 0.511514 
0.298513 0.0801323 0.518435 0.342769 0.0806417 0.53466 0.34525 0.0844618 0.514077 
0.372015 0.075453 0.537222 0.401261 0.0702644 0.539785 0.430507 0.0650758 0.542347 
0.444743 0.0541891 0.531247 0.22005 0.0771714 0.540813 0.222531 0.0809915 0.52023 
0.20504 0.0714734 0.527151 0.249296 0.0719828 0.543376 0.251777 0.0758028 0.522793 
0.278541 0.0667941 0.545938 0.281023 0.0706142 0.525355 0.307788 0.0616055 0.548501 
0.337033 0.0564168 0.551063 0.454017 0.0356623 0.561314 0.456499 0.0394823 0.54073 
0.468254 0.0247756 0.550214 0.155822 0.0633239 0.552092 0.158304 0.0671439 0.531509 
0.140813 0.0576258 0.538429 0.185068 0.0581352 0.554654 0.18755 0.0619553 0.534071 
0.214314 0.0529466 0.557217 0.24356 0.0477579 0.559779 0.272806 0.0425693 0.562342 
0.462519 0.00055076 0.566617 0.0331034 0.0598536 0.558245 0.0355846 0.0636736 0.537662 
0.018094 0.0541556 0.544583 0.0623493 0.0546649 0.560808 0.0648306 0.058485 0.540225 
0.0915953 0.0494763 0.56337 0.0940766 0.0532964 0.542787 0.120841 0.0442877 0.565933 
0.123323 0.0481077 0.54535 0.150087 0.039099 0.568495 0.179333 0.0339104 0.571058 
0.456784 -0.0236741 0.583021 -0.148108 0.0667606 0.559274 -0.145626 0.0705807 0.538691 
-0.163117 0.0610625 0.545611 -0.118862 0.0615719 0.561836 -0.11638 0.065392 0.541253 
-0.0896157 0.0563833 0.564399 -0.0871345 0.0602034 0.543816 -0.0603697 0.0511946 0.566961 
-0.0578885 0.0550147 0.546378 -0.0311237 0.046006 0.569524 -0.0286425 0.0498261 0.548941 
-0.00187775 0.0408174 0.572086 0.000603471 0.0446374 0.551503 0.0273682 0.0356287 0.574649 
0.0566142 0.0304401 0.577212 0.0858602 0.0252514 0.579774 0.115106 0.0200628 0.582337 
0.451049 -0.0478989 0.599425 -0.183089 0.0477244 0.573115 -0.180608 0.0515444 0.552532 
-0.198098 0.0420264 0.559453 -0.153843 0.0425357 0.575678 -0.124597 0.0373471 0.57824 
-0.0953508 0.0321585 0.580803 -0.0661049 0.0269698 0.583365 -0.0368589 0.0217812 0.585928 
-0.00761287 0.0165925 0.58849 0.0216331 0.0114039 0.591053 0.0508791 0.00621525 0.593615 
0.431077 -0.0612371 0.626928 0.445314 -0.0721238 0.615828 -0.186343 0.0273196 0.568936 
-0.174587 0.0126129 0.578419 -0.159578 0.0183109 0.592081 -0.130332 0.0131222 0.594644 
-0.101086 0.0079336 0.597206 -0.07184 0.00274496 0.599769 -0.042594 -0.00244368 0.602331 
0.322595 -0.0755941 0.621982 0.340085 -0.0660759 0.615061 0.369331 -0.0712646 0.617624 
0.398577 -0.0764532 0.620186 0.427823 -0.0816419 0.622749 -0.165313 -0.00591394 0.608485 
-0.180322 -0.011612 0.594822 -0.136067 -0.0111026 0.611047 -0.106821 -0.0162912 0.61361 
0.229121 -0.0842529 0.630698 0.246612 -0.0747349 0.623778 0.275858 -0.0799235 0.62634 
0.305104 -0.0851121 0.628903 -0.168567 -0.0263187 0.604306 -0.156812 -0.0410255 0.613789 
-0.141802 -0.0353274 0.627451 -0.112556 -0.0405161 0.630014 0.164894 -0.0981005 0.641977 
0.182385 -0.0885824 0.635056 0.211631 -0.0937711 0.637619 -0.147537 -0.0595523 0.643855 
-0.162547 -0.0652503 0.630192 0.129913 -0.117137 0.655818 0.147404 -0.107619 0.648897 
-0.168282 -0.0894752 0.646596 0.0949321 -0.136173 0.669659 0.112423 -0.126655 0.662738 
-0.188254 -0.102813 0.6741 -0.156526 -0.104182 0.656079 -0.159008 -0.108002 0.676662 
-0.12728 -0.109371 0.658642 -0.129762 -0.113191 0.679225 -0.115525 -0.124077 0.668125 
0.030705 -0.15002 0.680938 0.0481956 -0.140502 0.674017 0.0774416 -0.145691 0.67658 
-0.103769 -0.138784 0.677608 -0.0745235 -0.143973 0.680171 -0.0452775 -0.149161 0.682733 
-0.0160315 -0.15435 0.685296 0.0132145 -0.159539 0.687858 0.32422 0.117695 0.474527 
0.326701 0.121515 0.453944 0.309211 0.111997 0.460865 0.353466 0.112507 0.47709 
0.355947 0.116327 0.456507 0.382712 0.107318 0.479652 0.385193 0.111138 0.45907 
0.411958 0.102129 0.482215 0.414439 0.10595 0.461632 0.426195 0.0912428 0.471115 
0.289239 0.0986591 0.488369 0.29172 0.102479 0.467786 0.27423 0.0929611 0.474706 
0.318485 0.0934705 0.490931 0.347731 0.0882818 0.493494 0.43795 0.076536 0.480598 
0.449706 0.0618293 0.490081 0.225012 0.0848116 0.499647 0.227493 0.0886317 0.479064 
0.210003 0.0791136 0.485985 0.254258 0.0796229 0.50221 0.256739 0.083443 0.481627 
0.283504 0.0744343 0.504772 0.443971 0.0376044 0.506485 -0.160921 0.128039 0.482738 
-0.15844 0.131859 0.462155 -0.17593 0.122341 0.469076 -0.146684 0.117152 0.471638 
0.160785 0.070964 0.510926 0.163266 0.0747841 0.490343 0.145776 0.065266 0.497263 
0.190031 0.0657754 0.513488 0.192512 0.0695955 0.492905 0.455726 0.0228977 0.515968 
0.467481 0.00819094 0.525451 -0.195902 0.109003 0.496579 -0.193421 0.112823 0.475996 
-0.210911 0.103305 0.482917 -0.166656 0.103814 0.499142 -0.134929 0.102446 0.481121 
-0.13741 0.0986256 0.501704 -0.108164 0.0934369 0.504267 -0.105683 0.0972571 0.483684 
-0.0789182 0.0882483 0.506829 -0.0764369 0.0920684 0.486246 -0.0496722 0.0830597 0.509392 
-0.0471909 0.0868798 0.488809 -0.0204262 0.077871 0.511954 -0.0179449 0.0816911 0.491371 
0.00881981 0.0726824 0.514517 0.011301 0.0765025 0.493934 0.0380658 0.0674938 0.517079 
0.040547 0.0713138 0.496496 0.0673118 0.0623051 0.519642 0.069793 0.0661252 0.499059 
0.0965578 0.0571165 0.522204 0.099039 0.0609366 0.501621 0.125804 0.0519278 0.524767 
0.128285 0.0557479 0.504184 0.461746 -0.0160339 0.541855 -0.199156 0.0885981 0.4924 
-0.187401 0.0738914 0.501883 -0.172391 0.0795894 0.515545 -0.143145 0.0744008 0.518108 
-0.113899 0.0692121 0.52067 -0.0846533 0.0640235 0.523233 -0.0554073 0.0588348 0.525795 
-0.0261613 0.0536462 0.528358 0.00308469 0.0484576 0.53092 0.456011 -0.0402587 0.558259 
-0.178126 0.0553645 0.531949 -0.193136 0.0496665 0.518287 0.450276 -0.0644836 0.574663 
-0.198871 0.0254417 0.53469 0.430304 -0.0778218 0.602166 0.415295 -0.0835198 0.588504 
0.432785 -0.0740017 0.581583 -0.189597 0.00691485 0.564756 -0.204606 0.00121685 0.551094 
0.307585 -0.0812921 0.60832 0.292576 -0.0869901 0.594657 0.310066 -0.077472 0.587737 
0.339312 -0.0826606 0.590299 0.368558 -0.0878492 0.592862 0.397804 -0.0930379 0.595424 
-0.19285 -0.0134899 0.560577 -0.181095 -0.0281966 0.57006 0.214112 -0.089951 0.617036 
0.199103 -0.095649 0.603373 0.216593 -0.0861309 0.596453 0.245839 -0.0913195 0.599015 
0.275085 -0.0965082 0.601578 -0.16934 -0.0429034 0.579543 -0.157584 -0.0576101 0.589027 
0.149885 -0.103799 0.628314 0.134876 -0.109497 0.614652 0.152366 -0.0999784 0.607731 
0.181612 -0.105167 0.610294 -0.163319 -0.081835 0.60543 0.114904 -0.122835 0.642155 
0.0998946 -0.128533 0.628493 0.117385 -0.119015 0.621573 -0.183291 -0.0951732 0.632934 
-0.18081 -0.0913531 0.612351 -0.1983 -0.100871 0.619271 0.0799228 -0.141871 0.655997 
0.0649135 -0.147569 0.642334 0.082404 -0.138051 0.635414 -0.186545 -0.115578 0.628754 
-0.157299 -0.120767 0.631317 -0.128053 -0.125955 0.63388 -0.098807 -0.131144 0.636442 
-0.101288 -0.134964 0.657025 -0.069561 -0.136332 0.639005 -0.0720422 -0.140153 0.659588 
-0.0403151 -0.141521 0.641567 -0.0427963 -0.145341 0.66215 -0.0110691 -0.14671 0.64413 
-0.0135503 -0.15053 0.664713 0.0181769 -0.151898 0.646692 0.0156957 -0.155718 0.667275 
0.0474229 -0.157087 0.649255 0.264956 0.111488 0.44464 0.267437 0.115308 0.424057 
0.249946 0.10579 0.430978 0.294201 0.106299 0.447203 0.296683 0.110119 0.42662 
0.325929 0.104931 0.429182 0.355175 0.0997421 0.431745 0.384421 0.0945535 0.434307 
0.413667 0.0893648 0.43687 0.425422 0.0746581 0.446353 0.229974 0.0924517 0.458481 
0.232456 0.0962718 0.437898 0.214965 0.0867537 0.444819 0.25922 0.0872631 0.461044 
0.437178 0.0599513 0.455836 0.448933 0.0452446 0.465319 -0.185205 0.140868 0.439009 
-0.182723 0.144688 0.418426 -0.200214 0.13517 0.425347 -0.155959 0.135679 0.441572 
-0.153477 0.139499 0.420989 -0.126713 0.130491 0.444134 -0.124231 0.134311 0.423551 
-0.0974666 0.125302 0.446697 -0.0949853 0.129122 0.426114 -0.0832299 0.114415 0.435597 
0.165747 0.0786042 0.46976 0.168229 0.0824243 0.449177 0.150738 0.0729062 0.456098 
0.194993 0.0734155 0.472322 0.197475 0.0772356 0.451739 0.443198 0.0210198 0.481723 
-0.220186 0.121832 0.452851 -0.217704 0.125652 0.432268 -0.235195 0.116134 0.439188 
-0.19094 0.116643 0.455413 -0.132448 0.106266 0.460538 -0.103202 0.101077 0.463101 
-0.0714745 0.0997086 0.44508 -0.0739557 0.0958885 0.465663 -0.0447097 0.0906998 0.468226 
-0.0422285 0.0945199 0.447643 -0.0154637 0.0855112 0.470788 -0.0129825 0.0893313 0.450205 
0.0137823 0.0803226 0.473351 0.0162635 0.0841427 0.452768 0.0430282 0.0751339 0.475913 
0.0455095 0.078954 0.45533 0.0722742 0.0699453 0.478476 0.0747555 0.0737654 0.457893 
0.10152 0.0647566 0.481038 0.104001 0.0685767 0.460455 0.130766 0.059568 0.483601 
0.133247 0.0633881 0.463018 0.452472 0.00249292 0.511789 0.437463 -0.00320509 0.498127 
-0.225921 0.0976068 0.469254 -0.24093 0.0919088 0.455592 0.446737 -0.0217319 0.528193 
0.431728 -0.0274299 0.51453 -0.229175 0.0772021 0.465075 -0.20241 0.0681934 0.48822 
-0.217419 0.0624954 0.474558 0.441002 -0.0459568 0.544596 0.425992 -0.0516548 0.530934 
-0.208145 0.0439685 0.504624 -0.223154 0.0382705 0.490962 0.435267 -0.0701816 0.561 
0.420257 -0.0758796 0.547338 -0.21388 0.0197437 0.521028 -0.228889 0.0140457 0.507366 
0.400286 -0.0892178 0.574841 0.385276 -0.0949158 0.561179 0.402767 -0.0853977 0.554258 
-0.219615 -0.00448118 0.537432 -0.234625 -0.0101792 0.523769 0.248321 -0.0874994 0.578432 
0.233311 -0.0931975 0.56477 0.250802 -0.0836794 0.557849 0.280048 -0.088868 0.560412 
0.277567 -0.0926881 0.580995 0.309294 -0.0940566 0.562974 0.33854 -0.0992453 0.565537 
0.367786 -0.104434 0.568099 -0.222869 -0.0248859 0.533252 -0.196104 -0.0338946 0.556398 
-0.211114 -0.0395927 0.542736 0.184093 -0.101347 0.589711 0.169084 -0.107045 0.576049 
0.186575 -0.0975269 0.569128 0.215821 -0.102716 0.57169 -0.199358 -0.0542994 0.552219 
-0.172594 -0.0633081 0.575364 -0.187603 -0.0690061 0.561702 0.134103 -0.126081 0.58989 
0.151594 -0.116563 0.582969 -0.178329 -0.087533 0.591768 -0.193338 -0.093231 0.578105 
0.0848852 -0.134231 0.614831 0.0698759 -0.139929 0.601168 0.0873665 -0.130411 0.594248 
0.116612 -0.135599 0.59681 -0.21331 -0.106569 0.605609 -0.210828 -0.102749 0.585026 
-0.228319 -0.112267 0.591947 -0.125572 -0.122135 0.613297 -0.140581 -0.127833 0.599634 
-0.123091 -0.118315 0.592714 -0.0938446 -0.123504 0.595276 -0.0963258 -0.127324 0.615859 
-0.0645986 -0.128692 0.597839 -0.0670798 -0.132512 0.618422 -0.0528432 -0.143399 0.607322 
0.0499041 -0.153267 0.628672 0.0348948 -0.158965 0.61501 0.0523854 -0.149447 0.608089 
-0.216564 -0.126974 0.60143 -0.187318 -0.132163 0.603992 -0.158072 -0.137351 0.606555 
-0.0410877 -0.158106 0.616805 -0.0118417 -0.163294 0.619368 0.0174042 -0.168483 0.62193 
0.240672 0.124317 0.400912 0.243153 0.128137 0.380329 0.225663 0.118619 0.387249 
0.269918 0.119128 0.403474 0.272399 0.122948 0.382891 0.284155 0.108241 0.392374 
0.205691 0.105281 0.414753 0.208172 0.109101 0.39417 0.190682 0.0995825 0.40109 
0.234937 0.100092 0.417315 0.29591 0.0935347 0.401857 0.325156 0.0883461 0.40442 
0.354402 0.0831574 0.406983 0.383648 0.0779688 0.409545 0.410413 0.0689601 0.432691 
0.395403 0.0632621 0.419028 -0.180242 0.148508 0.397843 -0.177761 0.152328 0.37726 
-0.195251 0.14281 0.384181 -0.150996 0.143319 0.400406 -0.148515 0.14714 0.379823 
-0.12175 0.138131 0.402969 -0.119269 0.141951 0.382386 -0.0925041 0.132942 0.405531 
-0.0900229 0.136762 0.384948 -0.0632581 0.127754 0.408094 -0.0607769 0.131574 0.387511 
-0.0340122 0.122565 0.410656 -0.0315309 0.126385 0.390073 -0.0197755 0.111678 0.399556 
0.141464 0.091433 0.426031 0.143945 0.0952531 0.405448 0.126454 0.085735 0.412369 
0.17071 0.0862444 0.428594 0.173191 0.0900645 0.408011 0.199956 0.0810557 0.431157 
0.407159 0.0485553 0.428511 0.433924 0.0395466 0.451657 0.418914 0.0338486 0.437994 
-0.215223 0.129472 0.411685 -0.212742 0.133292 0.391102 -0.230233 0.123774 0.398022 
-0.0689933 0.103529 0.424497 -0.0397473 0.09834 0.42706 -0.00802006 0.0969715 0.409039 
-0.0105013 0.0931514 0.429622 0.0187447 0.0879627 0.432185 0.0212259 0.0917828 0.411602 
0.0479907 0.0827741 0.434747 0.0504719 0.0865942 0.414165 0.0772367 0.0775855 0.43731 
0.0797179 0.0814055 0.416727 0.106483 0.0723968 0.439873 0.108964 0.0762169 0.41929 
0.135729 0.0672082 0.442435 0.43067 0.0191418 0.447478 0.442425 0.00443508 0.456961 
-0.250204 0.110436 0.425526 -0.247723 0.114256 0.404943 -0.265214 0.104738 0.411863 
0.43669 -0.0197898 0.473364 -0.253458 0.0900309 0.421346 -0.241703 0.0753242 0.43083 
0.430955 -0.0440146 0.489768 -0.232429 0.0567973 0.460896 -0.247438 0.0510993 0.447233 
0.42522 -0.0682394 0.506172 -0.238164 0.0325725 0.477299 -0.253173 0.0268745 0.463637 
0.405248 -0.0815776 0.533675 0.390239 -0.0872757 0.520013 0.407729 -0.0777576 0.513092 
-0.241418 0.0121677 0.47312 -0.229662 -0.00253901 0.482603 0.370267 -0.100614 0.547517 
0.355258 -0.106312 0.533854 0.372748 -0.0967938 0.526934 -0.235397 -0.0267639 0.499007 
0.232539 -0.109782 0.540008 0.250029 -0.100264 0.533087 0.279275 -0.105453 0.53565 
0.308521 -0.110641 0.538212 0.337767 -0.11583 0.540775 -0.226123 -0.0452907 0.529073 
-0.241132 -0.0509887 0.515411 0.154075 -0.112743 0.562386 0.139065 -0.118441 0.548724 
0.156556 -0.108923 0.541803 0.185802 -0.114112 0.544366 0.215048 -0.1193 0.546928 
-0.229377 -0.0656954 0.524894 -0.202612 -0.0747041 0.548039 -0.217622 -0.0804022 0.534377 
0.119094 -0.131779 0.576227 0.104084 -0.137477 0.562565 0.121575 -0.127959 0.555644 
-0.208347 -0.098929 0.564443 -0.223357 -0.104627 0.550781 0.0691032 -0.156513 0.576406 
0.0865938 -0.146995 0.569486 -0.243328 -0.117965 0.578284 -0.240847 -0.114145 0.557701 
-0.258338 -0.123663 0.564622 -0.211601 -0.119334 0.560264 -0.214082 -0.123154 0.580847 
-0.229092 -0.128852 0.567184 -0.184836 -0.128342 0.583409 -0.182355 -0.124522 0.562826 
-0.153109 -0.129711 0.565389 -0.15559 -0.133531 0.585972 -0.123863 -0.1349 0.567951 
-0.0946172 -0.140088 0.570514 -0.0653713 -0.145277 0.573076 -0.0361253 -0.150466 0.575639 
-0.0386065 -0.154286 0.596222 -0.00687929 -0.155654 0.578202 -0.00936052 -0.159474 0.598785 
0.0223667 -0.160843 0.580764 0.0198855 -0.164663 0.601347 0.0516127 -0.166032 0.583327 
-0.246582 -0.13837 0.574105 0.152161 0.123298 0.368462 0.154643 0.127118 0.347879 
0.137152 0.1176 0.354799 0.181407 0.118109 0.371024 0.183889 0.121929 0.350441 
0.210653 0.112921 0.373587 0.213135 0.116741 0.353004 0.242381 0.111552 0.355566 
0.269145 0.102543 0.378712 0.254136 0.0968455 0.36505 -0.17528 0.156148 0.356677 
-0.172798 0.159968 0.336094 -0.190289 0.15045 0.343015 -0.146034 0.15096 0.35924 
-0.143552 0.15478 0.338657 -0.116788 0.145771 0.361803 -0.114306 0.149591 0.34122 
-0.0875417 0.140582 0.364365 -0.0850604 0.144402 0.343782 -0.0582957 0.135394 0.366928 
-0.0558145 0.139214 0.346345 -0.0290497 0.130205 0.36949 -0.0265685 0.134025 0.348907 
0.000196283 0.125016 0.372053 0.00267751 0.128836 0.35147 0.0144329 0.11413 0.360953 
0.11718 0.104262 0.382303 0.119661 0.108082 0.36172 0.102171 0.0985638 0.368641 
0.146426 0.0990732 0.384865 0.175672 0.0938845 0.387428 0.265891 0.0821387 0.374533 
0.295137 0.0769501 0.377095 0.324383 0.0717614 0.379658 0.351148 0.0627527 0.402803 
0.336139 0.0570547 0.389141 0.380394 0.057564 0.405366 -0.210261 0.137112 0.370519 
-0.20778 0.140932 0.349936 -0.22527 0.131414 0.356856 -0.00553884 0.100792 0.388456 
0.0261884 0.099423 0.370436 0.0237071 0.0956029 0.391019 0.0379438 0.0847163 0.379919 
0.0821991 0.0852256 0.396144 0.0846803 0.0890457 0.375561 0.0671898 0.0795276 0.382482 
0.111445 0.080037 0.398707 0.347894 0.0423479 0.398624 0.37714 0.0371593 0.401187 
0.406386 0.0319707 0.403749 0.418142 0.0172639 0.413232 -0.245242 0.118076 0.38436 
-0.242761 0.121896 0.363777 -0.260251 0.112378 0.370697 0.0496992 0.0700095 0.389402 
0.427416 -0.00126293 0.443298 0.412407 -0.00696093 0.429636 -0.280223 0.0990396 0.398201 
-0.277742 0.10286 0.377618 -0.295232 0.0933416 0.384539 0.424162 -0.0216677 0.439119 
0.435917 -0.0363744 0.448602 -0.283477 0.0786349 0.394022 -0.256712 0.0696262 0.417167 
-0.271721 0.0639281 0.403505 0.430182 -0.0605993 0.465006 -0.259966 0.0492214 0.412988 
-0.248211 0.0345147 0.422471 0.41021 -0.0739374 0.492509 0.395201 -0.0796355 0.478847 
0.412692 -0.0701174 0.471926 -0.253946 0.0102898 0.438875 0.389466 -0.10386 0.495251 
-0.244671 -0.00823702 0.468941 -0.259681 -0.013935 0.455279 0.354485 -0.122897 0.509092 
0.371975 -0.113378 0.502171 -0.250407 -0.0324619 0.485345 -0.265416 -0.0381599 0.471682 
0.217529 -0.11548 0.526345 0.20252 -0.121178 0.512683 0.22001 -0.11166 0.505762 
0.249256 -0.116849 0.508325 0.278502 -0.122037 0.510887 0.307748 -0.127226 0.51345 
0.336994 -0.132415 0.516012 -0.25366 -0.0528666 0.481165 -0.241905 -0.0675733 0.490648 
0.124056 -0.124139 0.535061 0.109047 -0.129837 0.521399 0.126537 -0.120319 0.514478 
0.155783 -0.125508 0.517041 0.185029 -0.130696 0.519604 -0.232631 -0.0861002 0.520715 
-0.24764 -0.0917982 0.507052 0.089075 -0.143175 0.548903 0.0740657 -0.148873 0.53524 
0.0915562 -0.139355 0.52832 -0.238366 -0.110325 0.537118 -0.253375 -0.116023 0.523456 
-0.179874 -0.120702 0.542243 -0.194883 -0.1264 0.528581 -0.177393 -0.116882 0.52166 
-0.148147 -0.122071 0.524223 -0.150628 -0.125891 0.544806 -0.118901 -0.12726 0.526785 
-0.121382 -0.13108 0.547369 -0.107145 -0.141966 0.536269 0.0248479 -0.157023 0.560181 
0.00983859 -0.162721 0.546519 0.0273291 -0.153203 0.539598 0.0565751 -0.158391 0.542161 
0.0540939 -0.162211 0.562744 -0.244101 -0.13455 0.553522 -0.24162 -0.13073 0.532939 
-0.212374 -0.135918 0.535502 -0.0953899 -0.156673 0.545752 -0.0661439 -0.161862 0.548314 
-0.0368979 -0.16705 0.550877 -0.00765196 -0.172239 0.553439 0.0986318 0.141315 0.322171 
0.101113 0.145136 0.301588 0.0836225 0.135617 0.308508 0.127878 0.136127 0.324733 
0.130359 0.139947 0.30415 0.142114 0.12524 0.313633 -0.170317 0.163788 0.315512 
-0.167836 0.167609 0.294929 -0.185327 0.15809 0.301849 -0.141071 0.1586 0.318074 
-0.13859 0.16242 0.297491 -0.111825 0.153411 0.320637 -0.109344 0.157231 0.300054 
-0.0825792 0.148222 0.323199 -0.080098 0.152043 0.302616 -0.0533332 0.143034 0.325762 
-0.050852 0.146854 0.305179 -0.0240873 0.137845 0.328324 -0.021606 0.141665 0.307741 
0.00515873 0.132657 0.330887 0.00763995 0.136477 0.310304 0.0344047 0.127468 0.333449 
0.0368859 0.131288 0.312866 0.0486414 0.116581 0.322349 0.0928967 0.117091 0.338574 
0.0778873 0.111393 0.324912 0.122143 0.111902 0.341137 0.15387 0.110533 0.323117 
0.183116 0.105345 0.325679 0.212362 0.100156 0.328242 0.241608 0.0949675 0.330804 
0.253363 0.0802608 0.340287 -0.205298 0.144752 0.329353 -0.202817 0.148572 0.30877 
-0.220308 0.139054 0.31569 0.0286696 0.103243 0.349853 0.0429063 0.0923564 0.338753 
0.0871616 0.0928658 0.354978 0.0721522 0.0871678 0.341316 0.265119 0.065554 0.34977 
0.294365 0.0603654 0.352333 0.321129 0.0513567 0.375478 0.30612 0.0456587 0.361816 
-0.240279 0.125716 0.343194 -0.237798 0.129536 0.322611 -0.255289 0.120018 0.329531 
0.0521805 0.0738296 0.368819 0.0546617 0.0776497 0.348236 0.317876 0.0309519 0.371299 
0.347122 0.0257633 0.373862 0.373886 0.0167545 0.397007 0.358877 0.0110565 0.383345 
0.403132 0.0115659 0.39957 -0.275261 0.10668 0.357035 -0.272779 0.1105 0.336452 
-0.29027 0.100982 0.343373 0.370632 -0.00365022 0.392828 0.397397 -0.012659 0.415974 
0.382388 -0.018357 0.402311 -0.310242 0.0876436 0.370876 -0.30776 0.0914637 0.350293 
-0.325251 0.0819456 0.357214 0.394143 -0.0330637 0.411794 0.420908 -0.0420725 0.43494 
0.405899 -0.0477705 0.421277 -0.313496 0.0672389 0.366697 -0.286731 0.0582301 0.389842 
-0.30174 0.0525321 0.37618 0.415173 -0.0662973 0.451343 0.400164 -0.0719953 0.437681 
-0.289985 0.0378254 0.385663 -0.26322 0.0288166 0.408809 -0.278229 0.0231186 0.395146 
0.394428 -0.0962201 0.454085 -0.268955 0.00459179 0.425212 -0.283964 -0.00110622 0.41155 
0.374457 -0.109558 0.481588 0.359447 -0.115256 0.467926 0.376938 -0.105738 0.461005 
-0.27469 -0.019633 0.441616 -0.289699 -0.0253311 0.427954 0.31023 -0.123406 0.492867 
0.29522 -0.129104 0.479205 0.312711 -0.119586 0.472284 0.341957 -0.124774 0.474847 
0.339476 -0.128595 0.49543 -0.277944 -0.0400378 0.437437 -0.266189 -0.0547445 0.44692 
0.158265 -0.121688 0.496458 0.143255 -0.127386 0.482796 0.160746 -0.117867 0.475875 
0.189992 -0.123056 0.478438 0.187511 -0.126876 0.499021 0.219238 -0.128245 0.481 
0.248484 -0.133433 0.483563 0.27773 -0.138622 0.486125 -0.256914 -0.0732714 0.476986 
-0.271924 -0.0789694 0.463324 0.0940374 -0.135535 0.507737 0.0790281 -0.141233 0.494074 
0.0965187 -0.131715 0.487154 0.125765 -0.136904 0.489716 -0.26265 -0.0974962 0.49339 
-0.277659 -0.103194 0.479727 0.0298104 -0.149383 0.519015 0.014801 -0.155081 0.505353 
0.0322916 -0.145563 0.498432 0.0615376 -0.150751 0.500995 0.0590563 -0.154571 0.521578 
-0.268385 -0.121721 0.509794 -0.283394 -0.127419 0.496131 -0.209893 -0.132098 0.514919 
-0.224902 -0.137796 0.501256 -0.207411 -0.128278 0.494336 -0.178165 -0.133467 0.496898 
-0.148919 -0.138656 0.499461 -0.119673 -0.143844 0.502023 -0.0904275 -0.149033 0.504586 
-0.0929087 -0.152853 0.525169 -0.0611815 -0.154221 0.507148 -0.0636627 -0.158042 0.527731 
-0.0319355 -0.15941 0.509711 -0.0344167 -0.16323 0.530294 -0.00268952 -0.164599 0.512273 
-0.00517075 -0.168419 0.532856 -0.271639 -0.142126 0.505614 -0.242393 -0.147314 0.508177 
0.0451023 0.159333 0.27588 0.0475835 0.163153 0.255297 0.030093 0.153635 0.262217 
0.0593389 0.148446 0.26478 -0.136109 0.16624 0.276908 -0.133628 0.17006 0.256325 
-0.151118 0.160542 0.263246 -0.106863 0.161051 0.279471 -0.104382 0.164871 0.258888 
-0.0776168 0.155863 0.282033 -0.0751356 0.159683 0.26145 -0.0483708 0.150674 0.284596 
-0.0458896 0.154494 0.264013 -0.0191248 0.145485 0.287158 -0.0166436 0.149305 0.266575 
0.0101212 0.140297 0.289721 0.0126024 0.144117 0.269138 0.0393672 0.135108 0.292283 
0.0710944 0.13374 0.274263 0.0686131 0.129919 0.294846 0.10034 0.128551 0.276826 
0.129586 0.123362 0.279388 0.156351 0.114354 0.302534 0.158832 0.118174 0.281951 
0.170588 0.103467 0.291434 -0.200336 0.152392 0.288187 -0.197855 0.156212 0.267604 
-0.215345 0.146694 0.274524 -0.168609 0.151024 0.270166 0.062878 0.105695 0.31125 
0.182343 0.0887601 0.300917 0.211589 0.0835715 0.303479 0.238354 0.0745627 0.326625 
0.223345 0.0688647 0.312963 -0.235317 0.133356 0.302028 -0.232836 0.137176 0.281445 
-0.250326 0.127658 0.288365 0.0571429 0.0814698 0.327653 0.2351 0.054158 0.322446 
0.264346 0.0489694 0.325008 0.291111 0.0399606 0.348154 0.276101 0.0342626 0.334491 
-0.270298 0.11432 0.315869 -0.267817 0.11814 0.295286 -0.285307 0.108622 0.302207 
0.287857 0.0195559 0.343974 0.317103 0.0143672 0.346537 0.343868 0.00535849 0.369682 
0.328858 -0.000339513 0.35602 -0.305279 0.0952838 0.32971 -0.302798 0.0991039 0.309127 
-0.320289 0.0895858 0.316048 0.340614 -0.0150463 0.365503 0.367379 -0.024055 0.388649 
0.352369 -0.029753 0.374986 -0.34026 0.0762476 0.343551 -0.337779 0.0800677 0.322968 
-0.35527 0.0705496 0.329889 0.364125 -0.0444597 0.38447 0.390889 -0.0534685 0.407615 
0.37588 -0.0591665 0.393953 -0.343514 0.0558428 0.339372 -0.316749 0.0468341 0.362518 
-0.331759 0.0411361 0.348855 0.385154 -0.0776933 0.424019 0.370145 -0.0833913 0.410356 
-0.320003 0.0264293 0.358338 -0.293239 0.0174206 0.381484 -0.308248 0.0117226 0.367821 
0.379419 -0.101918 0.440422 0.36441 -0.107616 0.42676 -0.298974 -0.00680424 0.397888 
-0.313983 -0.0125022 0.384225 0.344438 -0.120954 0.454264 0.329429 -0.126652 0.440601 
0.346919 -0.117134 0.433681 -0.304709 -0.0310291 0.414291 -0.319718 -0.0367271 0.400629 
0.221719 -0.124425 0.460417 0.20671 -0.130123 0.446755 0.2242 -0.120605 0.439834 
0.253446 -0.125793 0.442397 0.250965 -0.129613 0.46298 0.282692 -0.130982 0.444959 
0.280211 -0.134802 0.465542 0.311938 -0.13617 0.447522 -0.307963 -0.0514338 0.410112 
-0.281198 -0.0604426 0.433258 -0.296207 -0.0661406 0.419595 0.128246 -0.133084 0.469133 
0.113237 -0.138782 0.455471 0.130727 -0.129263 0.44855 0.159973 -0.134452 0.451113 
0.189219 -0.139641 0.453675 -0.286933 -0.0846674 0.449661 -0.301942 -0.0903654 0.435999 
0.0640188 -0.146931 0.480412 0.0490095 -0.152629 0.466749 0.0665 -0.143111 0.459829 
0.095746 -0.1483 0.462391 -0.321914 -0.103704 0.463502 -0.319433 -0.0998835 0.442919 
-0.336924 -0.109402 0.44984 -0.292668 -0.108892 0.466065 -0.20493 -0.124458 0.473753 
-0.21994 -0.130156 0.46009 -0.202449 -0.120638 0.45317 -0.173203 -0.125827 0.455732 
-0.175684 -0.129647 0.476315 -0.143957 -0.131015 0.458295 -0.146438 -0.134835 0.478878 
-0.114711 -0.136204 0.460857 -0.117192 -0.140024 0.48144 -0.085465 -0.141393 0.46342 
-0.0879463 -0.145213 0.484003 -0.0562191 -0.146581 0.465982 -0.0587003 -0.150401 0.486565 
-0.0269731 -0.15177 0.468545 -0.0294543 -0.15559 0.489128 0.00227292 -0.156959 0.471107 
-0.000208298 -0.160779 0.49169 0.0315189 -0.162147 0.47367 -0.325168 -0.124108 0.459323 
-0.295922 -0.129297 0.461886 -0.266676 -0.134486 0.464448 -0.269157 -0.138306 0.485031 
-0.23743 -0.139674 0.467011 -0.239911 -0.143494 0.487594 -0.1019 0.168692 0.238305 
-0.0994191 0.172512 0.217722 -0.11691 0.162993 0.224642 -0.0726543 0.163503 0.240867 
-0.0701731 0.167323 0.220284 -0.0434084 0.158314 0.24343 -0.0409271 0.162134 0.222847 
-0.0141624 0.153126 0.245992 -0.0116811 0.156946 0.225409 0.0150836 0.147937 0.248555 
0.0175648 0.151757 0.227972 0.0468108 0.146568 0.230534 0.0735756 0.13756 0.25368 
0.0760568 0.14138 0.233097 0.0878123 0.126673 0.24258 -0.166127 0.154844 0.249583 
-0.163646 0.158664 0.229 -0.181137 0.149146 0.235921 -0.1344 0.153475 0.231563 
0.0995677 0.111966 0.252063 0.128814 0.106778 0.254626 0.155578 0.0977689 0.277771 
0.140569 0.0920708 0.264109 -0.198627 0.139628 0.242842 -0.216118 0.13011 0.249762 
0.152325 0.0773641 0.273592 0.181571 0.0721755 0.276155 0.210817 0.0669868 0.278717 
0.222572 0.0522801 0.2882 -0.265336 0.12196 0.274703 -0.262854 0.12578 0.25412 
-0.280345 0.116262 0.261041 -0.233608 0.120592 0.256683 0.234327 0.0375733 0.297683 
0.263573 0.0323847 0.300246 0.275329 0.0176779 0.309729 -0.300317 0.102924 0.288544 
-0.297836 0.106744 0.267961 -0.315326 0.0972259 0.274882 0.287084 0.00297121 0.319212 
0.313849 -0.00603752 0.342358 0.29884 -0.0117355 0.328695 -0.335298 0.0838877 0.302386 
-0.332817 0.0877078 0.281803 -0.350307 0.0781897 0.288723 0.310595 -0.0264423 0.338178 
0.339841 -0.0316309 0.340741 0.351597 -0.0463377 0.350224 -0.370279 0.0648515 0.316227 
-0.367798 0.0686717 0.295644 -0.385288 0.0591535 0.302564 0.360871 -0.0648645 0.38029 
0.345861 -0.0705625 0.366628 -0.373533 0.0444468 0.312047 -0.346768 0.0354381 0.335193 
-0.361777 0.0297401 0.321531 0.355136 -0.0890893 0.396694 0.340126 -0.0947874 0.383032 
-0.350022 0.0150333 0.331014 -0.323257 0.00602459 0.354159 -0.338267 0.000326577 0.340497 
0.3494 -0.113314 0.413098 0.334391 -0.119012 0.399435 -0.328992 -0.0182003 0.370563 
-0.344002 -0.0238983 0.3569 0.314419 -0.13235 0.426939 0.29941 -0.138048 0.413276 
0.316901 -0.12853 0.406356 -0.334727 -0.0424251 0.386967 -0.349737 -0.0481231 0.373304 
0.133208 -0.125443 0.427967 0.118199 -0.131141 0.414305 0.13569 -0.121623 0.407384 
0.164936 -0.126812 0.409947 0.162454 -0.130632 0.43053 0.194182 -0.132001 0.412509 
0.1917 -0.135821 0.433092 0.223428 -0.137189 0.415072 0.252674 -0.142378 0.417634 
0.28192 -0.147567 0.420197 -0.369709 -0.0614613 0.400808 -0.367227 -0.0576412 0.380225 
-0.384718 -0.0671593 0.387145 -0.340463 -0.06665 0.40337 -0.311217 -0.0718386 0.405933 
0.0689812 -0.139291 0.439246 0.0539719 -0.144989 0.425584 0.0714625 -0.135471 0.418663 
0.100708 -0.140659 0.421225 0.0982272 -0.14448 0.441808 -0.372962 -0.0818661 0.396629 
-0.361207 -0.0965728 0.406112 -0.346198 -0.0908748 0.419774 -0.316952 -0.0960634 0.422337 
-0.0537378 -0.142761 0.445399 -0.0687472 -0.148459 0.431737 -0.0512566 -0.138941 0.424816 
-0.0220106 -0.14413 0.427379 -0.0244918 -0.14795 0.447962 0.00723537 -0.149318 0.429942 
0.00475415 -0.153138 0.450524 0.0364814 -0.154507 0.432504 0.0340001 -0.158327 0.453087 
-0.349452 -0.11128 0.415595 -0.320206 -0.116468 0.418157 -0.322687 -0.120288 0.43874 
-0.30845 -0.131175 0.42764 -0.234949 -0.135854 0.446428 -0.249958 -0.141552 0.432766 
-0.232468 -0.132034 0.425845 -0.203222 -0.137223 0.428407 -0.173976 -0.142411 0.43097 
-0.14473 -0.1476 0.433533 -0.115484 -0.152789 0.436095 -0.0862377 -0.157977 0.438658 
-0.296695 -0.145882 0.437124 -0.267449 -0.15107 0.439686 -0.131919 0.157295 0.21098 
-0.129438 0.161116 0.190397 -0.146928 0.151597 0.197318 -0.100192 0.155927 0.19296 
-0.0709458 0.150738 0.195522 -0.0416998 0.14555 0.198085 -0.0124538 0.140361 0.200647 
0.0167922 0.135172 0.20321 0.0460382 0.129984 0.205772 0.0752841 0.124795 0.208335 
0.0870396 0.110088 0.217818 -0.196146 0.143448 0.222259 -0.193665 0.147268 0.201676 
-0.211155 0.13775 0.208596 -0.164419 0.142079 0.204238 0.098795 0.0953816 0.227301 
0.128041 0.0901929 0.229864 0.154806 0.0811842 0.253009 0.157287 0.0850043 0.232426 
0.169042 0.0702975 0.241909 -0.260373 0.1296 0.233537 -0.257892 0.13342 0.212954 
-0.275382 0.123902 0.219875 -0.231127 0.124412 0.2361 -0.228646 0.128232 0.215517 
0.180798 0.0555908 0.251392 0.207563 0.0465821 0.274538 0.192553 0.040884 0.260876 
-0.295354 0.110564 0.247378 -0.292873 0.114384 0.226795 -0.310364 0.104866 0.233716 
0.204309 0.0261773 0.270359 0.233555 0.0209887 0.272921 0.260319 0.0119799 0.296067 
0.24531 0.00628192 0.282404 -0.330335 0.0915279 0.26122 -0.327854 0.095348 0.240637 
-0.345345 0.0858299 0.247557 0.257066 -0.00842483 0.291887 0.28383 -0.0174336 0.315033 
0.268821 -0.0231316 0.301371 -0.365317 0.0724917 0.275061 -0.362835 0.0763118 0.254478 
-0.380326 0.0667937 0.261398 0.280576 -0.0378383 0.310854 0.307341 -0.046847 0.333999 
0.292332 -0.0525451 0.320337 0.336587 -0.0520357 0.336562 -0.371052 0.0482669 0.291464 
-0.36857 0.052087 0.270881 -0.356815 0.0373802 0.280365 0.304087 -0.0672518 0.32982 
0.330852 -0.0762605 0.352965 0.315843 -0.0819585 0.339303 -0.36255 0.0131554 0.296768 
0.325117 -0.100485 0.369369 0.310108 -0.106183 0.355707 -0.353276 -0.00537144 0.326834 
-0.368285 -0.0110695 0.313172 0.319382 -0.12471 0.385773 0.304372 -0.130408 0.37211 
-0.359011 -0.0295963 0.343238 -0.37402 -0.0352943 0.329576 0.225909 -0.133369 0.394489 
0.210899 -0.139067 0.380827 0.22839 -0.129549 0.373906 0.257636 -0.134738 0.376469 
0.255155 -0.138558 0.397051 0.286882 -0.139926 0.379031 0.284401 -0.143746 0.399614 
-0.364746 -0.0538211 0.359642 -0.379755 -0.0595191 0.345979 0.10319 -0.136839 0.400642 
0.0881804 -0.142537 0.38698 0.105671 -0.133019 0.380059 0.134917 -0.138208 0.382622 
0.164163 -0.143397 0.385185 0.193409 -0.148585 0.387747 -0.370481 -0.078046 0.376046 
-0.368 -0.0742259 0.355463 -0.356245 -0.0889326 0.364946 -0.0195294 -0.14031 0.406796 
-0.0345387 -0.146008 0.393134 -0.0170482 -0.13649 0.386213 0.0121978 -0.141678 0.388776 
0.00971659 -0.145498 0.409359 0.0414438 -0.146867 0.391338 0.0389626 -0.150687 0.411921 
0.0706898 -0.152056 0.393901 -0.344489 -0.103639 0.374429 -0.34697 -0.107459 0.395012 
-0.332734 -0.118346 0.383912 -0.171494 -0.138591 0.410387 -0.186504 -0.144289 0.396725 
-0.169013 -0.134771 0.389804 -0.139767 -0.13996 0.392367 -0.142248 -0.14378 0.41295 
-0.110521 -0.145149 0.394929 -0.113002 -0.148969 0.415512 -0.0812753 -0.150337 0.397492 
-0.0837565 -0.154157 0.418075 -0.0520293 -0.155526 0.400054 -0.320978 -0.133053 0.393395 
-0.291732 -0.138241 0.395958 -0.294214 -0.142062 0.416541 -0.262486 -0.14343 0.39852 
-0.264968 -0.14725 0.419103 -0.23324 -0.148619 0.401083 -0.203994 -0.153807 0.403645 
-0.161938 0.145899 0.183655 -0.159456 0.14972 0.163072 -0.176947 0.140201 0.169993 
-0.13021 0.144531 0.165635 -0.100964 0.139342 0.168197 -0.0717185 0.134154 0.17076 
-0.0424725 0.128965 0.173322 -0.0132265 0.123776 0.175885 0.0160195 0.118588 0.178447 
0.0452655 0.113399 0.18101 0.0745115 0.10821 0.183573 0.0862669 0.0935036 0.193056 
-0.226165 0.132052 0.194934 -0.223684 0.135872 0.174351 -0.241174 0.126354 0.181271 
-0.194438 0.130683 0.176913 0.0980223 0.0787969 0.202539 0.127268 0.0736082 0.205101 
0.154033 0.0645995 0.228247 0.139024 0.0589015 0.214584 -0.290392 0.118204 0.206212 
-0.287911 0.122024 0.185629 -0.305401 0.112506 0.19255 -0.258665 0.116836 0.188192 
0.150779 0.0441948 0.224068 0.180025 0.0390061 0.22663 0.191781 0.0242994 0.236113 
-0.325373 0.0991681 0.220054 -0.322892 0.102988 0.199471 -0.340382 0.0934701 0.206391 
0.203536 0.00959264 0.245596 0.230301 0.000583908 0.268742 0.215291 -0.00511411 0.25508 
-0.360354 0.0801319 0.233895 -0.357873 0.083952 0.213312 -0.375363 0.0744339 0.220232 
0.227047 -0.0198208 0.264563 0.256293 -0.0250095 0.267125 0.268048 -0.0397162 0.276608 
-0.395335 0.0610957 0.247736 -0.392854 0.0649158 0.227153 -0.410345 0.0553977 0.234074 
0.277323 -0.0582431 0.306674 0.262313 -0.0639411 0.293012 -0.398589 0.0406909 0.243557 
-0.371824 0.0316822 0.266702 -0.386834 0.0259842 0.25304 0.274069 -0.0786478 0.302495 
0.300833 -0.0876566 0.325641 0.285824 -0.0933546 0.311978 -0.377559 0.00745738 0.283106 
-0.392569 0.00175936 0.269444 0.295098 -0.111881 0.342044 0.280089 -0.117579 0.328382 
-0.41254 -0.0115788 0.296947 -0.410059 -0.00775874 0.276364 -0.42755 -0.0172768 0.283285 
-0.383295 -0.0167675 0.29951 0.289363 -0.136106 0.358448 0.274354 -0.141804 0.344786 
-0.415794 -0.0319836 0.292768 -0.404039 -0.0466903 0.302251 -0.38903 -0.0409923 0.315913 
0.137398 -0.134388 0.362039 0.122389 -0.140086 0.348377 0.139879 -0.130568 0.341456 
0.169125 -0.135756 0.344019 0.166644 -0.139577 0.364602 0.198371 -0.140945 0.346581 
0.19589 -0.144765 0.367164 0.227617 -0.146134 0.349144 0.256863 -0.151322 0.351706 
-0.392284 -0.0613971 0.311734 -0.380528 -0.0761038 0.321217 0.043925 -0.143047 0.370755 
0.0289157 -0.148745 0.357093 0.0464062 -0.139227 0.350172 0.0756522 -0.144415 0.352735 
0.073171 -0.148235 0.373318 0.104898 -0.149604 0.355297 -0.368773 -0.0908106 0.3307 
-0.357017 -0.105517 0.340183 -0.137286 -0.13614 0.371784 -0.152295 -0.141838 0.358121 
-0.134805 -0.13232 0.351201 -0.105559 -0.137508 0.353763 -0.10804 -0.141328 0.374346 
-0.0763128 -0.142697 0.356326 -0.078794 -0.146517 0.376909 -0.0470668 -0.147886 0.358888 
-0.0495481 -0.151706 0.379471 -0.0178208 -0.153074 0.361451 0.0114251 -0.158263 0.364013 
-0.345262 -0.120224 0.349667 -0.316016 -0.125413 0.352229 -0.318497 -0.129233 0.372812 
-0.30426 -0.140119 0.361712 -0.230759 -0.144799 0.3805 -0.245768 -0.150497 0.366837 
-0.228278 -0.140979 0.359917 -0.199032 -0.146167 0.362479 -0.201513 -0.149987 0.383062 
-0.169786 -0.151356 0.365042 -0.292505 -0.154826 0.371195 -0.263259 -0.160015 0.373758 
-0.127729 0.148351 0.145052 -0.125248 0.152171 0.124469 -0.142739 0.142653 0.131389 
-0.0984832 0.143162 0.147614 -0.096002 0.146982 0.127031 -0.0692372 0.137974 0.150177 
-0.066756 0.141794 0.129594 -0.0550006 0.127087 0.139077 -0.221202 0.139692 0.153768 
-0.218721 0.143512 0.133185 -0.236212 0.133994 0.140105 -0.191956 0.134503 0.15633 
-0.189475 0.138323 0.135747 -0.160229 0.133135 0.13831 -0.0432452 0.11238 0.14856 
-0.0139992 0.107192 0.151123 0.0152468 0.102003 0.153685 0.0444928 0.0968144 0.156248 
0.0737388 0.0916257 0.15881 0.0854942 0.076919 0.168293 -0.285429 0.125844 0.165046 
-0.282948 0.129665 0.144464 -0.300439 0.120146 0.151384 -0.256183 0.120656 0.167609 
-0.253702 0.124476 0.147026 0.0972497 0.0622122 0.177777 0.126496 0.0570236 0.180339 
0.138251 0.0423168 0.189822 -0.32041 0.106808 0.178888 -0.317929 0.110628 0.158305 
-0.33542 0.10111 0.165225 0.150006 0.0276101 0.199305 0.179253 0.0224215 0.201868 
0.191008 0.00771471 0.211351 -0.355392 0.0877721 0.192729 -0.35291 0.0915922 0.172146 
-0.370401 0.0820741 0.179066 0.202763 -0.00699203 0.220834 0.214519 -0.0216988 0.230317 
-0.390373 0.0687359 0.20657 -0.387892 0.072556 0.185987 -0.405382 0.0630379 0.192908 
0.226274 -0.0364055 0.2398 0.253039 -0.0454143 0.262946 0.23803 -0.0511123 0.249284 
-0.425354 0.0496997 0.220411 -0.422873 0.0535198 0.199828 -0.440363 0.0440017 0.206749 
0.249785 -0.065819 0.258767 0.261541 -0.0805257 0.26825 -0.431089 0.0254748 0.236815 
-0.446098 0.0197768 0.223153 -0.401843 0.0202862 0.239377 0.273296 -0.0952325 0.277733 
0.285051 -0.109939 0.287216 -0.434343 0.00507008 0.232636 -0.422587 -0.00963667 0.242119 
-0.407578 -0.00393866 0.255781 0.26508 -0.123277 0.31472 0.25007 -0.128975 0.301057 
0.267561 -0.119457 0.294137 -0.428323 -0.0338615 0.258522 0.259344 -0.147502 0.331123 
0.244335 -0.1532 0.317461 -0.416567 -0.0485682 0.268006 -0.404812 -0.063275 0.277489 
0.0488875 -0.135407 0.329589 0.0338781 -0.141105 0.315927 0.0513687 -0.131587 0.309006 
0.0806147 -0.136775 0.311569 0.0781335 -0.140595 0.332152 0.109861 -0.141964 0.314131 
0.107379 -0.145784 0.334714 0.139107 -0.147152 0.316694 0.168353 -0.152341 0.319256 
0.197599 -0.15753 0.321819 0.226845 -0.162718 0.324382 -0.393056 -0.0779817 0.286972 
-0.36381 -0.0831704 0.289534 -0.366291 -0.0869905 0.310117 -0.352055 -0.0978771 0.299017 
-0.0738316 -0.138877 0.335743 -0.0888409 -0.144575 0.32208 -0.0713504 -0.135057 0.31516 
-0.0421044 -0.140245 0.317722 -0.0445856 -0.144066 0.338305 -0.0128584 -0.145434 0.320285 
-0.0153396 -0.149254 0.340868 0.0163876 -0.150623 0.322847 0.0139064 -0.154443 0.34343 
-0.340299 -0.112584 0.308501 -0.342781 -0.116404 0.329084 -0.328544 -0.127291 0.317984 
-0.196551 -0.142347 0.341896 -0.21156 -0.148045 0.328234 -0.194069 -0.138527 0.321313 
-0.164823 -0.143716 0.323876 -0.167305 -0.147536 0.344459 -0.135577 -0.148904 0.326438 
-0.106331 -0.154093 0.329001 -0.316789 -0.141997 0.327467 -0.287543 -0.147186 0.330029 
-0.290024 -0.151006 0.350612 -0.258297 -0.152375 0.332592 -0.260778 -0.156195 0.353175 
-0.229051 -0.157563 0.335155 -0.186994 0.142144 0.115164 -0.184513 0.145964 0.0945815 
-0.202003 0.136446 0.101502 -0.157748 0.136955 0.117727 -0.155267 0.140775 0.097144 
-0.126021 0.135586 0.0997066 -0.0967747 0.130398 0.102269 -0.0675287 0.125209 0.104832 
-0.0557733 0.110502 0.114315 -0.251221 0.128296 0.126443 -0.24874 0.132116 0.10586 
-0.26623 0.122598 0.112781 -0.219494 0.126927 0.108423 -0.0440178 0.0957956 0.123798 
-0.0147718 0.090607 0.12636 0.0144741 0.0854183 0.128923 0.0437201 0.0802297 0.131486 
0.0729661 0.075041 0.134048 0.0847216 0.0603343 0.143531 -0.315448 0.114448 0.137722 
-0.312967 0.118269 0.117139 -0.330457 0.10875 0.124059 -0.283721 0.11308 0.119701 
0.096477 0.0456276 0.153014 0.125723 0.0404389 0.155577 0.137478 0.0257322 0.16506 
-0.350429 0.0954123 0.151563 -0.347948 0.0992323 0.13098 -0.365438 0.0897142 0.137901 
0.149234 0.0110254 0.174543 0.17848 0.00583678 0.177106 0.190235 -0.00886997 0.186589 
-0.38541 0.0763761 0.165404 -0.382929 0.0801961 0.144821 -0.40042 0.070678 0.151742 
0.201991 -0.0235767 0.196072 0.213746 -0.0382834 0.205555 -0.420391 0.0573398 0.179245 
-0.41791 0.0611599 0.158662 -0.435401 0.0516418 0.165583 0.225502 -0.0529902 0.215038 
0.237257 -0.0676969 0.224521 -0.441136 0.027417 0.181987 0.249012 -0.0824037 0.234004 
0.260768 -0.0971104 0.243488 -0.446871 0.00319214 0.19839 0.270042 -0.115637 0.273554 
0.255033 -0.121335 0.259891 -0.435116 -0.0115146 0.207873 -0.42336 -0.0262213 0.217357 
0.249298 -0.14556 0.276295 -0.411605 -0.0409281 0.22684 -0.414086 -0.0447482 0.247423 
-0.399849 -0.0556348 0.236323 0.0830959 -0.132955 0.290986 0.0680866 -0.138653 0.277323 
0.0855771 -0.129135 0.270403 0.114823 -0.134324 0.272965 0.112342 -0.138144 0.293548 
0.144069 -0.139512 0.275528 0.141588 -0.143332 0.296111 0.173315 -0.144701 0.27809 
0.170834 -0.148521 0.298673 0.202561 -0.14989 0.280653 0.20008 -0.15371 0.301236 
0.231807 -0.155078 0.283216 0.229326 -0.158898 0.303799 -0.388094 -0.0703416 0.245806 
-0.390575 -0.0741617 0.266389 -0.376338 -0.0850483 0.255289 -0.0103772 -0.141614 0.299702 
-0.0253865 -0.147312 0.28604 -0.00789595 -0.137794 0.279119 0.02135 -0.142983 0.281681 
0.0188688 -0.146803 0.302264 0.050596 -0.148171 0.284244 -0.364583 -0.0997551 0.264772 
-0.335337 -0.104944 0.267335 -0.337818 -0.108764 0.287918 -0.323581 -0.11965 0.276818 
-0.133096 -0.145084 0.305855 -0.148106 -0.150782 0.292193 -0.130615 -0.141264 0.285272 
-0.101369 -0.146453 0.287835 -0.10385 -0.150273 0.308418 -0.0721231 -0.151641 0.290398 
-0.0428771 -0.15683 0.29296 -0.311826 -0.134357 0.286301 -0.314307 -0.138177 0.306884 
-0.28258 -0.139546 0.288863 -0.285061 -0.143366 0.309446 -0.253334 -0.144734 0.291426 
-0.255815 -0.148555 0.312009 -0.224088 -0.149923 0.293989 -0.226569 -0.153743 0.314572 
-0.194842 -0.155112 0.296551 -0.165596 -0.1603 0.299114 -0.246259 0.135936 0.0852771 
-0.243777 0.139756 0.0646942 -0.261268 0.130238 0.0716148 -0.217013 0.130748 0.0878397 
-0.214531 0.134568 0.0672567 -0.185285 0.129379 0.0698193 -0.156039 0.12419 0.0723818 
-0.126793 0.119002 0.0749444 -0.0975474 0.113813 0.0775069 -0.0683014 0.108624 0.0800694 
-0.0415366 0.0996157 0.103215 -0.0390554 0.103436 0.082632 -0.0272999 0.088729 0.0921151 
-0.28124 0.1169 0.0991183 -0.278758 0.12072 0.0785354 -0.296249 0.111202 0.0854559 
-0.0155445 0.0740223 0.101598 0.0137015 0.0688337 0.104161 0.0429475 0.063645 0.106723 
0.0721934 0.0584564 0.109286 0.0839489 0.0437496 0.118769 -0.345467 0.103052 0.110397 
-0.342986 0.106873 0.089814 -0.360476 0.0973544 0.0967346 -0.31374 0.101684 0.0923765 
0.0957043 0.0290429 0.128252 0.12495 0.0238542 0.130815 0.136706 0.0091475 0.140298 
-0.380448 0.0840162 0.124238 -0.377967 0.0878363 0.103655 -0.395457 0.0783182 0.110576 
0.148461 -0.00555924 0.149781 0.177707 -0.0107479 0.152343 0.189463 -0.0254546 0.161827 
-0.415429 0.06498 0.138079 -0.412948 0.0688001 0.117496 -0.430438 0.059282 0.124417 
0.201218 -0.0401614 0.17131 0.212973 -0.0548681 0.180793 -0.436173 0.0350572 0.140821 
0.224729 -0.0695749 0.190276 0.236484 -0.0842816 0.199759 -0.441909 0.0108323 0.157224 
0.245759 -0.102808 0.229825 0.230749 -0.108506 0.216163 -0.447644 -0.0133925 0.173628 
0.240023 -0.127033 0.246229 0.225014 -0.132731 0.232567 -0.435888 -0.0280993 0.183111 
-0.424133 -0.042806 0.192594 0.205042 -0.146069 0.26007 0.190033 -0.151767 0.246408 
0.207524 -0.142249 0.239487 0.234288 -0.151258 0.262633 -0.412377 -0.0575128 0.202077 
-0.400622 -0.0722195 0.211561 0.0238313 -0.139162 0.261099 0.00882193 -0.14486 0.247436 
0.0263125 -0.135342 0.240516 0.0555585 -0.140531 0.243078 0.0530772 -0.144351 0.263661 
0.0848044 -0.14572 0.245641 0.11405 -0.150908 0.248203 0.143296 -0.156097 0.250766 
0.172542 -0.161286 0.253328 -0.388866 -0.0869262 0.221044 -0.35962 -0.0921149 0.223606 
-0.362102 -0.095935 0.244189 -0.347865 -0.106822 0.233089 -0.0696418 -0.147821 0.269815 
-0.0846512 -0.153519 0.256152 -0.0671606 -0.144001 0.249232 -0.0379146 -0.14919 0.251794 
-0.0403958 -0.15301 0.272377 -0.00866863 -0.154379 0.254357 -0.33611 -0.121528 0.242572 
-0.306864 -0.126717 0.245135 -0.309345 -0.130537 0.265718 -0.277618 -0.131906 0.247698 
-0.280099 -0.135726 0.268281 -0.248372 -0.137094 0.25026 -0.250853 -0.140914 0.270843 
-0.219126 -0.142283 0.252823 -0.221607 -0.146103 0.273406 -0.18988 -0.147472 0.255385 
-0.192361 -0.151292 0.275968 -0.160634 -0.15266 0.257948 -0.163115 -0.15648 0.278531 
-0.131388 -0.157849 0.26051 -0.102142 -0.163038 0.263073 -0.276277 0.12454 0.0579524 
-0.273796 0.12836 0.0373694 -0.291286 0.118842 0.04429 -0.24455 0.123172 0.039932 
-0.215304 0.117983 0.0424945 -0.186058 0.112794 0.045057 -0.156812 0.107606 0.0476196 
-0.127566 0.102417 0.0501821 -0.09832 0.0972284 0.0527447 -0.069074 0.0920398 0.0553072 
-0.0398281 0.0868511 0.0578698 -0.0130633 0.0778424 0.0810153 -0.0105821 0.0816625 0.0604323 
0.00117336 0.0669557 0.0699154 -0.340504 0.110693 0.069231 -0.338023 0.114513 0.048648 
-0.355514 0.104995 0.0555686 -0.311258 0.105504 0.0717935 -0.308777 0.109324 0.0512106 
0.0129288 0.052249 0.0793986 0.0421748 0.0470603 0.0819611 0.0689395 0.0380516 0.105107 
0.0539302 0.0323536 0.0914442 -0.375485 0.0916564 0.0830722 -0.373004 0.0954765 0.0624892 
-0.390495 0.0859584 0.0694098 0.0656856 0.0176469 0.100927 0.0949316 0.0124582 0.10349 
0.124178 0.00726957 0.106052 0.135933 -0.00743717 0.115536 -0.410466 0.0726202 0.0969133 
-0.407985 0.0764403 0.0763304 -0.425476 0.0669222 0.0832509 0.147688 -0.0221439 0.125019 
0.174453 -0.0311526 0.148164 0.159444 -0.0368507 0.134502 -0.431211 0.0426973 0.0996547 
0.171199 -0.0515574 0.143985 0.197964 -0.0605661 0.16713 0.182955 -0.0662642 0.153468 
-0.436946 0.0184725 0.116058 0.19471 -0.0809709 0.162951 0.221475 -0.0899796 0.186097 
0.206466 -0.0956776 0.172434 -0.442681 -0.00575235 0.132462 0.21574 -0.114204 0.2025 
0.200731 -0.119902 0.188838 -0.430926 -0.0204591 0.141945 -0.433407 -0.0242792 0.162528 
-0.41917 -0.0351658 0.151428 0.210005 -0.138429 0.218904 0.194995 -0.144127 0.205242 
-0.407415 -0.0498726 0.160911 -0.409896 -0.0536927 0.181494 -0.395659 -0.0645793 0.170395 
0.0580397 -0.136711 0.222495 0.0430304 -0.142409 0.208833 0.0605209 -0.132891 0.201912 
0.0897669 -0.138079 0.204475 0.0872857 -0.1419 0.225058 0.119013 -0.143268 0.207037 
0.116532 -0.147088 0.22762 0.148259 -0.148457 0.2096 0.145778 -0.152277 0.230183 
0.177505 -0.153645 0.212162 0.175024 -0.157466 0.232745 -0.383904 -0.0792861 0.179878 
-0.386385 -0.0831061 0.200461 -0.372149 -0.0939928 0.189361 -0.0354334 -0.14537 0.231211 
-0.0504427 -0.151068 0.217549 -0.0329522 -0.14155 0.210628 -0.00370618 -0.146738 0.213191 
-0.0061874 -0.150558 0.233774 0.0255398 -0.151927 0.215753 -0.360393 -0.1087 0.198844 
-0.331147 -0.113888 0.201407 -0.333628 -0.117708 0.221989 -0.319392 -0.128595 0.21089 
-0.158152 -0.14884 0.237365 -0.173162 -0.154538 0.223702 -0.155671 -0.14502 0.216782 
-0.126425 -0.150209 0.219344 -0.128906 -0.154029 0.239927 -0.0971793 -0.155397 0.221907 
-0.0996605 -0.159217 0.24249 -0.0679333 -0.160586 0.224469 -0.307636 -0.143302 0.220373 
-0.27839 -0.14849 0.222935 -0.249144 -0.153679 0.225498 -0.219898 -0.158868 0.22806 
-0.190652 -0.164056 0.230623 -0.212823 0.121803 0.0219115 -0.210342 0.125623 0.00132856 
-0.227832 0.116105 0.00824914 -0.183577 0.116614 0.0244741 -0.181096 0.120434 0.0038911 
-0.154331 0.111426 0.0270366 -0.15185 0.115246 0.00645364 -0.125085 0.106237 0.0295992 
-0.122604 0.110057 0.00901619 -0.110848 0.0953505 0.0184993 -0.306296 0.113144 0.0306276 
-0.303815 0.116964 0.0100446 -0.321305 0.107446 0.0169652 -0.274569 0.111776 0.0126072 
-0.245323 0.106587 0.0151697 -0.0990927 0.0806437 0.0279824 -0.0698467 0.0754551 0.030545 
-0.0406007 0.0702664 0.0331075 -0.013836 0.0612577 0.056253 -0.0288453 0.0555597 0.0425907 
-0.338796 0.097928 0.0238858 -0.356286 0.0884099 0.0308064 -0.0170899 0.040853 0.0520738 
0.0121561 0.0356643 0.0546363 0.0389209 0.0266556 0.0777818 0.0239116 0.0209576 0.0641195 
-0.373777 0.0788918 0.037727 -0.391267 0.0693737 0.0446476 0.035667 0.00625083 0.0736026 
0.0624317 -0.0027579 0.0967481 0.0474224 -0.00845591 0.0830857 0.0916777 -0.00794654 0.0993106 
0.120924 -0.0131352 0.101873 -0.408758 0.0598556 0.0515681 -0.426248 0.0503375 0.0584887 
0.0591778 -0.0231627 0.0925688 0.0884238 -0.0283513 0.0951314 0.11767 -0.0335399 0.0976939 
0.144435 -0.0425487 0.120839 0.129425 -0.0482467 0.107177 -0.431984 0.0261127 0.0748924 
0.141181 -0.0629534 0.11666 0.167945 -0.0719622 0.139806 0.152936 -0.0776602 0.126143 
-0.437719 0.00188783 0.0912961 0.164692 -0.0923669 0.135626 0.191456 -0.101376 0.158772 
0.176447 -0.107074 0.14511 -0.443454 -0.022337 0.1077 0.185721 -0.1256 0.175176 
0.170712 -0.131298 0.161513 -0.431698 -0.0370438 0.117183 -0.419943 -0.0517505 0.126666 
0.179986 -0.149825 0.191579 0.164977 -0.155523 0.177917 -0.408188 -0.0664572 0.136149 
-0.396432 -0.081164 0.145632 -0.0304709 -0.13773 0.190045 -0.0454803 -0.143428 0.176383 
-0.0279897 -0.13391 0.169462 0.00125627 -0.139098 0.172025 -0.00122496 -0.142918 0.192608 
0.0305022 -0.144287 0.174587 0.028021 -0.148107 0.19517 0.0597482 -0.149476 0.17715 
0.0889942 -0.154664 0.179712 0.11824 -0.159853 0.182275 0.147486 -0.165041 0.184838 
-0.384677 -0.0958707 0.155115 -0.355431 -0.101059 0.157678 -0.357912 -0.104879 0.178261 
-0.343675 -0.115766 0.167161 -0.094698 -0.151577 0.201324 -0.109707 -0.157275 0.187661 
-0.0922168 -0.147757 0.180741 -0.0629708 -0.152946 0.183303 -0.0654521 -0.156766 0.203886 
-0.33192 -0.130473 0.176644 -0.302674 -0.135662 0.179207 -0.305155 -0.139482 0.19979 
-0.273428 -0.14085 0.181769 -0.275909 -0.14467 0.202352 -0.244182 -0.146039 0.184332 
-0.246663 -0.149859 0.204915 -0.214936 -0.151227 0.186894 -0.217417 -0.155048 0.207477 
-0.18569 -0.156416 0.189457 -0.188171 -0.160236 0.21004 -0.156444 -0.161605 0.19202 
-0.127198 -0.166793 0.194582 -0.272087 0.115596 -0.00797579 -0.269606 0.119416 -0.0285588 
-0.287097 0.109898 -0.0216382 -0.242841 0.110407 -0.00541325 -0.24036 0.114227 -0.0259962 
-0.211114 0.109038 -0.0234337 -0.181868 0.10385 -0.0208711 -0.152622 0.0986612 -0.0183086 
-0.123376 0.0934725 -0.015746 -0.111621 0.0787658 -0.00626292 -0.336314 0.101748 0.00330284 
-0.333833 0.105568 -0.0172801 -0.351324 0.0960501 -0.0103596 -0.304587 0.10038 -0.0147176 
-0.0998654 0.0640591 0.00322021 -0.0706194 0.0588704 0.00578275 -0.0413734 0.0536818 0.0083453 
-0.029618 0.038975 0.0178284 -0.371296 0.0827119 0.017144 -0.368814 0.086532 -0.00343897 
-0.386305 0.0770139 0.00348161 -0.0178625 0.0242683 0.0273116 0.0113834 0.0190796 0.0298741 
0.0231389 0.0043729 0.0393572 -0.406277 0.0636757 0.0309852 -0.403795 0.0674958 0.0104022 
-0.421286 0.0579777 0.0173228 0.0348943 -0.0103338 0.0488403 0.0466497 -0.0250406 0.0583235 
-0.441258 0.0446395 0.0448263 -0.438777 0.0484596 0.0242434 -0.456267 0.0389415 0.0311639 
0.0584052 -0.0397473 0.0678066 0.0876512 -0.044936 0.0703691 0.114416 -0.0539447 0.0935147 
0.0994066 -0.0596427 0.0798523 -0.446993 0.0204147 0.06123 -0.462002 0.0147166 0.0475677 
0.111162 -0.0743495 0.0893354 0.137927 -0.0833582 0.112481 0.122917 -0.0890562 0.0988185 
-0.450247 9.90189e-06 0.0570508 -0.438491 -0.0146968 0.0665339 0.134673 -0.103763 0.108302 
0.163919 -0.108952 0.110864 0.175674 -0.123658 0.120347 -0.426736 -0.0294036 0.076017 
-0.429217 -0.0332237 0.0966 -0.414981 -0.0441103 0.0855002 0.169939 -0.147883 0.136751 
-0.403225 -0.0588171 0.0949833 -0.405706 -0.0626372 0.115566 -0.39147 -0.0735238 0.104466 
-0.0255085 -0.13009 0.148879 -0.0405178 -0.135788 0.135217 -0.0230273 -0.126269 0.128296 
0.00621871 -0.131458 0.130859 0.00373749 -0.135278 0.151442 0.0354647 -0.136647 0.133421 
0.0329835 -0.140467 0.154004 0.0647107 -0.141835 0.135984 0.0622295 -0.145655 0.156567 
0.0939567 -0.147024 0.138547 0.0914754 -0.150844 0.15913 0.123203 -0.152213 0.141109 
0.120721 -0.156033 0.161692 0.152449 -0.157401 0.143672 0.149967 -0.161221 0.164255 
-0.379714 -0.0882306 0.11395 -0.382195 -0.0920506 0.134533 -0.367959 -0.102937 0.123433 
-0.0897356 -0.143937 0.160158 -0.104745 -0.149635 0.146496 -0.0872544 -0.140117 0.139575 
-0.0580084 -0.145306 0.142138 -0.0604896 -0.149126 0.162721 -0.356203 -0.117644 0.132916 
-0.326957 -0.122833 0.135478 -0.329439 -0.126653 0.156061 -0.297711 -0.128021 0.138041 
-0.300193 -0.131841 0.158624 -0.268465 -0.13321 0.140603 -0.270947 -0.13703 0.161186 
-0.25671 -0.147917 0.150087 -0.183209 -0.152596 0.168874 -0.198218 -0.158294 0.155212 
-0.180727 -0.148776 0.148291 -0.151481 -0.153965 0.150854 -0.153963 -0.157785 0.171437 
-0.122235 -0.159153 0.153416 -0.124717 -0.162973 0.173999 -0.244955 -0.162623 0.15957 
-0.215709 -0.167812 0.162132 -0.331352 0.109388 -0.0378631 -0.328871 0.113208 -0.0584461 
-0.346361 0.10369 -0.0515255 -0.302106 0.1042 -0.0353006 -0.299625 0.10802 -0.0558835 
-0.270379 0.102831 -0.053321 -0.241133 0.0976424 -0.0507584 -0.211887 0.0924538 -0.0481959 
-0.182641 0.0872652 -0.0456334 -0.153395 0.0820765 -0.0430708 -0.124149 0.0768879 -0.0405083 
-0.0973842 0.0678791 -0.0173628 -0.0949029 0.0716992 -0.0379457 -0.0681382 0.0626905 -0.0148002 
-0.065657 0.0665106 -0.0353832 -0.0388922 0.0575018 -0.0122377 -0.036411 0.0613219 -0.0328206 
-0.0246555 0.0466152 -0.0233375 -0.366333 0.0903521 -0.0240219 -0.363852 0.0941722 -0.0446049 
-0.381343 0.0846541 -0.0376843 -0.0153813 0.0280884 0.00672858 -0.0129001 0.0319085 -0.0138544 
-0.00114466 0.0172017 -0.00437126 -0.401314 0.0713159 -0.0101808 -0.398833 0.075136 -0.0307637 
-0.416324 0.0656179 -0.0238432 0.0106108 0.00249498 0.00511186 0.0373755 -0.00651375 0.0282574 
0.0398568 -0.00269367 0.00767441 0.0516122 -0.0174004 0.0171575 -0.422059 0.041393 -0.00743945 
0.0608864 -0.0359272 0.0472236 0.0633676 -0.0321072 0.0266407 0.0901324 -0.0411159 0.0497862 
0.0926136 -0.0372958 0.0292032 0.104369 -0.0520025 0.0386863 -0.439549 0.0318749 -0.000518863 
-0.45704 0.0223568 0.00640172 0.113643 -0.0705294 0.0687524 0.116124 -0.0667093 0.0481695 
0.12788 -0.081416 0.0576526 -0.462775 -0.00186803 0.0228054 0.137154 -0.0999428 0.0877187 
0.139635 -0.0961228 0.0671357 0.151391 -0.11083 0.0766188 -0.451019 -0.0165748 0.0322886 
-0.439264 -0.0312815 0.0417717 0.145656 -0.135054 0.0930226 0.160665 -0.129356 0.106685 
-0.427509 -0.0459883 0.0512548 -0.415753 -0.060695 0.0607379 -0.0205461 -0.122449 0.107713 
-0.0355554 -0.128147 0.094051 -0.0180648 -0.118629 0.0871304 0.0111812 -0.123818 0.089693 
0.00869993 -0.127638 0.110276 0.0404271 -0.129007 0.0922555 0.0379459 -0.132827 0.112838 
0.0696731 -0.134195 0.094818 0.0671919 -0.138015 0.115401 0.0989191 -0.139384 0.0973806 
0.0964379 -0.143204 0.117964 0.128165 -0.144572 0.0999431 0.125684 -0.148393 0.120526 
0.15493 -0.153581 0.123089 -0.403998 -0.0754017 0.0702211 -0.392242 -0.0901085 0.0797042 
-0.0847731 -0.136297 0.118992 -0.0997825 -0.141995 0.10533 -0.0822919 -0.132477 0.098409 
-0.0530459 -0.137665 0.100972 -0.0555272 -0.141486 0.121555 -0.380487 -0.104815 0.0891873 
-0.351241 -0.110004 0.0917499 -0.353722 -0.113824 0.112333 -0.321995 -0.115193 0.0943124 
-0.324476 -0.119013 0.114895 -0.310239 -0.129899 0.103796 -0.149 -0.150144 0.130271 
-0.16401 -0.155842 0.116608 -0.146519 -0.146324 0.109688 -0.117273 -0.151513 0.11225 
-0.119754 -0.155333 0.132833 -0.298484 -0.144606 0.113279 -0.269238 -0.149795 0.115841 
-0.239992 -0.154983 0.118404 -0.242473 -0.158803 0.138987 -0.210746 -0.160172 0.120966 
-0.213227 -0.163992 0.141549 -0.1815 -0.165361 0.123529 -0.361371 0.0979923 -0.0651879 
-0.35889 0.101812 -0.0857709 -0.37638 0.0922942 -0.0788503 -0.329644 0.0966237 -0.0832083 
-0.300398 0.091435 -0.0806457 -0.271152 0.0862464 -0.0780832 -0.241906 0.0810578 -0.0755207 
-0.21266 0.0758691 -0.0729581 -0.183414 0.0706805 -0.0703956 -0.154168 0.0654918 -0.0678331 
-0.124922 0.0603032 -0.0652705 -0.0956756 0.0551146 -0.062708 -0.0664296 0.0499259 -0.0601454 
-0.0371836 0.0447373 -0.0575829 -0.0254282 0.0300305 -0.0480997 -0.382115 0.0680694 -0.0624466 
-0.0136728 0.0153238 -0.0386166 0.013092 0.00631506 -0.0154711 0.0155732 0.0101352 -0.0360541 
0.0273287 -0.0045716 -0.0265709 -0.399606 0.0585513 -0.055526 -0.417096 0.0490332 -0.0486054 
0.0390841 -0.0192783 -0.0170878 0.0658488 -0.0282871 0.00605769 0.0683301 -0.024467 -0.0145253 
0.0950948 -0.0334757 0.00862023 0.0975761 -0.0296556 -0.0119627 0.109331 -0.0443624 -0.00247961 
-0.437068 0.035695 -0.0211018 -0.434587 0.0395151 -0.0416848 -0.452077 0.029997 -0.0347642 
0.118606 -0.0628892 0.0275865 0.121087 -0.0590691 0.00700352 0.132842 -0.0737759 0.0164866 
-0.457812 0.00577214 -0.0183605 0.142117 -0.0923027 0.0465527 0.144598 -0.0884826 0.0259698 
0.156353 -0.103189 0.0354529 -0.446057 -0.00893459 -0.00887739 -0.448538 -0.0127547 0.0117056 
-0.434302 -0.0236413 0.000605742 0.150618 -0.127414 0.0518566 -0.440037 -0.0478662 0.0170095 
-0.0155836 -0.114809 0.0665474 -0.0305929 -0.120507 0.0528851 -0.0131024 -0.110989 0.0459645 
0.0161436 -0.116178 0.048527 0.0136624 -0.119998 0.06911 0.0453896 -0.121366 0.0510896 
0.0429084 -0.125186 0.0716725 0.0746356 -0.126555 0.0536521 0.0721544 -0.130375 0.0742351 
0.086391 -0.141262 0.0631352 0.130646 -0.140752 0.0793602 0.115637 -0.14645 0.0656978 
0.133128 -0.136932 0.0587772 -0.428281 -0.0625729 0.0264926 -0.399035 -0.0677616 0.0290551 
-0.401517 -0.0715817 0.0496381 -0.38728 -0.0824683 0.0385383 -0.0798107 -0.128657 0.0778261 
-0.09482 -0.134355 0.0641637 -0.0773295 -0.124837 0.0572431 -0.0480835 -0.130025 0.0598056 
-0.0505647 -0.133845 0.0803886 0.0981464 -0.155968 0.0726184 -0.375524 -0.0971751 0.0480214 
-0.378006 -0.100995 0.0686044 -0.346278 -0.102364 0.0505839 -0.34876 -0.106184 0.0711669 
-0.334523 -0.11707 0.060067 -0.144038 -0.142504 0.0891047 -0.159047 -0.148202 0.0754423 
-0.141557 -0.138684 0.0685217 -0.112311 -0.143873 0.0710843 -0.114792 -0.147693 0.0916672 
-0.322768 -0.131777 0.0695502 -0.293522 -0.136966 0.0721127 -0.296003 -0.140786 0.0926957 
-0.264276 -0.142154 0.0746753 -0.266757 -0.145975 0.0952582 -0.23503 -0.147343 0.0772378 
-0.237511 -0.151163 0.0978208 -0.205784 -0.152532 0.0798003 -0.208265 -0.156352 0.100383 
-0.176538 -0.15772 0.0823629 -0.179019 -0.16154 0.102946 -0.327162 0.100444 -0.103791 
-0.324681 0.104264 -0.124374 -0.342172 0.0947458 -0.117454 -0.297916 0.0952551 -0.101229 
-0.295435 0.0990752 -0.121812 -0.26867 0.0900665 -0.0986662 -0.266189 0.0938866 -0.119249 
-0.239424 0.0848779 -0.0961037 -0.236943 0.0886979 -0.116687 -0.225188 0.0739912 -0.107203 
-0.180932 0.0745006 -0.0909786 -0.178451 0.0783207 -0.111562 -0.195942 0.0688026 -0.104641 
-0.151686 0.0693119 -0.088416 -0.149205 0.073132 -0.108999 -0.12244 0.0641233 -0.0858535 
-0.119959 0.0679434 -0.106436 -0.108204 0.0532366 -0.0969533 -0.359662 0.0852277 -0.110533 
-0.377153 0.0757096 -0.103612 -0.213432 0.0592845 -0.0977204 -0.0964483 0.0385299 -0.0874702 
-0.0672023 0.0333413 -0.0849076 -0.0379563 0.0281526 -0.0823451 -0.0111915 0.0191439 -0.0591996 
-0.00871033 0.022964 -0.0797826 0.00304511 0.00825722 -0.0702994 -0.397124 0.0623714 -0.0761089 
-0.394643 0.0661915 -0.0966919 -0.412134 0.0566734 -0.0897713 0.0148005 -0.00644952 -0.0608163 
0.0415653 -0.0154582 -0.0376708 0.0440465 -0.0116382 -0.0582538 0.0708113 -0.0206469 -0.0351082 
0.0732925 -0.0168268 -0.0556912 0.0850479 -0.0315335 -0.0462081 -0.417869 0.0324485 -0.0733676 
0.0968034 -0.0462403 -0.036725 0.123568 -0.055249 -0.0135795 0.126049 -0.0514289 -0.0341624 
0.137805 -0.0661357 -0.0246793 -0.437841 0.0191103 -0.0458641 -0.423604 0.00822369 -0.0569639 
0.13207 -0.0903605 -0.00827558 -0.441095 -0.00129442 -0.0500433 -0.458585 -0.0108125 -0.0431227 
0.143825 -0.105067 0.00120755 0.155581 -0.119774 0.0106907 -0.44683 -0.0255193 -0.0336396 
-0.435074 -0.040226 -0.0241565 -0.0106212 -0.107169 0.0253815 -0.0256305 -0.112867 0.0117191 
-0.00813994 -0.103349 0.00479854 0.021106 -0.108538 0.00736108 0.0186248 -0.112358 0.0279441 
0.050352 -0.113726 0.00992362 0.0478708 -0.117546 0.0305066 0.079598 -0.118915 0.0124862 
0.0771168 -0.122735 0.0330691 0.0913535 -0.133622 0.0219693 0.149845 -0.143999 0.0270944 
-0.423319 -0.0549328 -0.0146734 -0.4258 -0.0587528 0.00590961 -0.411563 -0.0696395 -0.00519023 
-0.0456023 -0.126205 0.0392227 -0.0606116 -0.131903 0.0255603 -0.043121 -0.122385 0.0186397 
0.103109 -0.148328 0.0314524 0.100628 -0.152148 0.0520354 0.132355 -0.153517 0.034015 
-0.399808 -0.0843462 0.00429289 -0.370562 -0.0895349 0.00685544 -0.373043 -0.093355 0.0274384 
-0.358807 -0.104242 0.0163386 -0.109829 -0.140053 0.0505013 -0.124839 -0.145751 0.0368389 
-0.107348 -0.136233 0.0299183 -0.0781021 -0.141421 0.0324809 -0.347051 -0.118948 0.0258217 
-0.317805 -0.124137 0.0283842 -0.320286 -0.127957 0.0489672 -0.288559 -0.129326 0.0309468 
-0.29104 -0.133146 0.0515298 -0.259313 -0.134514 0.0335093 -0.261794 -0.138334 0.0540923 
-0.230067 -0.139703 0.0360719 -0.232548 -0.143523 0.0566548 -0.200821 -0.144892 0.0386344 
-0.203302 -0.148712 0.0592174 -0.171575 -0.15008 0.041197 -0.174056 -0.1539 0.0617799 
-0.142329 -0.155269 0.0437595 -0.325454 0.0876792 -0.149136 -0.342944 0.0781611 -0.142216 
-0.296208 0.0824906 -0.146574 -0.266962 0.0773019 -0.144011 -0.237716 0.0721133 -0.141449 
-0.210951 0.0631046 -0.118303 -0.20847 0.0669246 -0.138886 -0.179224 0.061736 -0.136324 
-0.149978 0.0565473 -0.133761 -0.120732 0.0513587 -0.131199 -0.0939671 0.04235 -0.108053 
-0.0914858 0.0461701 -0.128636 -0.0647211 0.0371613 -0.105491 -0.0622398 0.0409814 -0.126074 
-0.0354751 0.0319727 -0.102928 -0.0329939 0.0357928 -0.123511 -0.0212384 0.021086 -0.114028 
-0.360435 0.068643 -0.135295 -0.377925 0.0591249 -0.128375 -0.009483 0.00637929 -0.104545 
0.0172818 -0.00262943 -0.0813993 0.019763 0.00119065 -0.101982 0.0465277 -0.00781807 -0.0788367 
0.049009 -0.00399799 -0.0994197 0.0757737 -0.0130067 -0.0762742 0.078255 -0.00918663 -0.0968572 
0.0900104 -0.0238934 -0.087374 -0.397897 0.0457867 -0.100871 -0.38366 0.0349001 -0.111971 
0.0992846 -0.0424202 -0.0573079 0.101766 -0.0386001 -0.0778909 0.128531 -0.0476088 -0.0547454 
0.131012 -0.0437888 -0.0753284 0.142767 -0.0584955 -0.0658452 -0.403632 0.0215619 -0.0844675 
-0.389396 0.0106752 -0.0955673 0.137032 -0.0827203 -0.0494415 -0.409367 -0.00266298 -0.0680638 
-0.395131 -0.0135496 -0.0791636 0.131297 -0.106945 -0.0330378 -0.444348 -0.0216992 -0.0542226 
-0.430112 -0.0325858 -0.0653224 -0.412621 -0.0230677 -0.072243 0.0235873 -0.104717 -0.0132219 
0.00857794 -0.110415 -0.0268843 0.0260685 -0.100897 -0.0338049 0.0553145 -0.106086 -0.0312423 
0.0528333 -0.109906 -0.0106593 0.0670699 -0.120793 -0.0217592 0.143052 -0.121652 -0.0235547 
0.154808 -0.136359 -0.0140716 -0.435847 -0.0568107 -0.0489187 -0.0406398 -0.118565 -0.00194326 
-0.0556492 -0.124263 -0.0156057 -0.0381586 -0.114745 -0.0225262 -0.00891261 -0.119934 -0.0199637 
0.0788253 -0.1355 -0.0122761 0.108071 -0.140688 -0.00971353 0.10559 -0.144508 0.0108695 
0.137317 -0.145877 -0.00715098 0.134836 -0.149697 0.013432 -0.424092 -0.0715174 -0.0394356 
-0.394846 -0.0767061 -0.0368731 -0.397327 -0.0805261 -0.0162901 -0.38309 -0.0914128 -0.0273899 
-0.0756209 -0.137601 0.0118979 -0.0906303 -0.143299 -0.00176449 -0.0731397 -0.133781 -0.00868508 
-0.371335 -0.10612 -0.0179068 -0.342089 -0.111308 -0.0153443 -0.34457 -0.115128 0.00523872 
-0.312843 -0.116497 -0.0127817 -0.315324 -0.120317 0.00780127 -0.283597 -0.121685 -0.0102192 
-0.286078 -0.125506 0.0103638 -0.271841 -0.136392 -0.000736038 -0.139848 -0.151449 0.0231765 
-0.154857 -0.157147 0.00951413 -0.137367 -0.147629 0.00259355 -0.108121 -0.152817 0.00515609 
-0.260086 -0.151099 0.00874709 -0.23084 -0.156288 0.0113096 -0.201594 -0.161476 0.0138722 
-0.172348 -0.166665 0.0164347 -0.293727 0.0863106 -0.167157 -0.291245 0.0901307 -0.18774 
-0.308736 0.0806126 -0.180819 -0.264481 0.081122 -0.164594 -0.261999 0.0849421 -0.185177 
-0.250244 0.0702353 -0.175694 -0.0890046 0.0499901 -0.149219 -0.0865234 0.0538103 -0.169802 
-0.104014 0.0442921 -0.162881 -0.0597586 0.0448015 -0.146657 -0.0572774 0.0486216 -0.16724 
-0.0305126 0.0396129 -0.144094 -0.0280314 0.043433 -0.164677 -0.016276 0.0287262 -0.155194 
-0.326226 0.0710945 -0.173899 -0.343717 0.0615764 -0.166978 -0.238488 0.0555286 -0.166211 
-0.209242 0.05034 -0.163649 -0.179996 0.0451513 -0.161086 -0.15075 0.0399627 -0.158523 
-0.121504 0.034774 -0.155961 -0.00700178 0.0101994 -0.125128 -0.00452055 0.0140195 -0.145711 
0.0222442 0.00501074 -0.122565 0.0247254 0.00883083 -0.143148 0.0514902 -0.000177898 -0.120003 
0.0539714 0.00364219 -0.140586 0.0807362 -0.00536654 -0.11744 0.0832174 -0.00154646 -0.138023 
0.0949728 -0.0162532 -0.12854 -0.361208 0.0520583 -0.160058 -0.378698 0.0425402 -0.153137 
0.104247 -0.03478 -0.0984739 0.106728 -0.0309599 -0.119057 0.133493 -0.0399687 -0.0959113 
0.135974 -0.0361486 -0.116494 0.14773 -0.0508553 -0.107011 -0.384433 0.0183154 -0.136733 
0.141995 -0.0750802 -0.0906075 -0.390168 -0.00590946 -0.12033 0.136259 -0.099305 -0.0742038 
-0.395903 -0.0301343 -0.103926 0.0285497 -0.0970773 -0.0543878 0.0135404 -0.102775 -0.0680502 
0.0310309 -0.0932572 -0.0749708 0.0427864 -0.107964 -0.0654877 0.130524 -0.12353 -0.0578 
-0.413394 -0.0396524 -0.0970052 -0.430885 -0.0491705 -0.0900847 -0.00643139 -0.116113 -0.0405467 
-0.0214407 -0.121811 -0.054209 -0.00395017 -0.112293 -0.0611296 0.0545418 -0.122671 -0.0560045 
0.0837878 -0.127859 -0.053442 0.0813066 -0.131679 -0.032859 0.113034 -0.133048 -0.0508794 
0.110553 -0.136868 -0.0302965 0.139799 -0.142057 -0.0277339 -0.419129 -0.0638772 -0.0806015 
-0.42161 -0.0676973 -0.0600186 -0.407374 -0.078584 -0.0711184 -0.0564218 -0.140848 -0.0403679 
-0.0389313 -0.13133 -0.0472885 -0.395618 -0.0932907 -0.0616353 -0.366372 -0.0984794 -0.0590727 
-0.368854 -0.102299 -0.0384898 -0.337126 -0.103668 -0.0565102 -0.339607 -0.107488 -0.0359272 
-0.325371 -0.118375 -0.0470271 -0.10564 -0.148997 -0.0154269 -0.120649 -0.154695 -0.0290893 
-0.103158 -0.145177 -0.0360098 -0.0739124 -0.150366 -0.0334473 -0.313615 -0.133082 -0.0375439 
-0.284369 -0.13827 -0.0349814 -0.255123 -0.143459 -0.0324188 -0.257605 -0.147279 -0.0118359 
-0.225877 -0.148647 -0.0298563 -0.228359 -0.152468 -0.00927334 -0.196631 -0.153836 -0.0272938 
-0.199113 -0.157656 -0.00671079 -0.167385 -0.159025 -0.0247312 -0.169867 -0.162845 -0.00414825 
-0.138139 -0.164213 -0.0221687 -0.323745 0.0749146 -0.194482 -0.321264 0.0787347 -0.215065 
-0.338755 0.0692166 -0.208144 -0.294499 0.069726 -0.191919 -0.309509 0.064028 -0.205582 
-0.280263 0.0588393 -0.203019 -0.262772 0.0683574 -0.20994 -0.236007 0.0593487 -0.186794 
-0.233526 0.0631688 -0.207377 -0.221771 0.048462 -0.197894 -0.0872961 0.0372256 -0.194564 
-0.104787 0.0277075 -0.187644 -0.0580501 0.0320369 -0.192002 -0.0288041 0.0268483 -0.189439 
-0.00203933 0.0178395 -0.166294 0.000441893 0.0216596 -0.186877 0.0272067 0.0126509 -0.163731 
0.0296879 0.016471 -0.184314 0.0564526 0.00746227 -0.161169 0.0589339 0.0112824 -0.181752 
0.0856986 0.00227363 -0.158606 0.0881799 0.00609372 -0.179189 0.0999353 -0.00861303 -0.169706 
-0.34449 0.0449918 -0.19174 -0.297753 0.0493212 -0.196098 -0.210015 0.0337553 -0.188411 
-0.180769 0.0285667 -0.185848 -0.151523 0.023378 -0.183286 -0.122277 0.0181894 -0.180723 
0.109209 -0.0271399 -0.13964 0.111691 -0.0233198 -0.160223 0.138455 -0.0323285 -0.137077 
0.140937 -0.0285084 -0.15766 0.167701 -0.0375171 -0.134515 0.170183 -0.0336971 -0.155098 
0.181938 -0.0484038 -0.145615 -0.364461 0.0316536 -0.164237 -0.350225 0.0207669 -0.175337 
0.161966 -0.061742 -0.118111 0.176203 -0.0726286 -0.129211 -0.367715 0.0112488 -0.168416 
-0.385206 0.00173072 -0.161495 0.156231 -0.0859668 -0.101707 0.170468 -0.0968535 -0.112807 
-0.390941 -0.0224941 -0.145092 0.150496 -0.110192 -0.0853036 0.164733 -0.121078 -0.0964034 
-0.410913 -0.0358323 -0.117588 -0.408432 -0.0320122 -0.138171 -0.425922 -0.0415303 -0.131251 
-0.00146895 -0.108473 -0.0817126 -0.0164783 -0.114171 -0.095375 0.00101228 -0.104653 -0.102296 
0.0302583 -0.109842 -0.099733 0.0595042 -0.115031 -0.0971705 0.057023 -0.118851 -0.0765875 
0.0887502 -0.120219 -0.0946079 0.086269 -0.124039 -0.074025 0.100506 -0.134926 -0.0851248 
0.129752 -0.140115 -0.0825623 0.147242 -0.130596 -0.0894829 -0.416648 -0.0600572 -0.101185 
-0.414167 -0.0562371 -0.121767 -0.402411 -0.0709438 -0.112284 -0.0364501 -0.12751 -0.0678714 
-0.0514594 -0.133208 -0.0815338 -0.0339688 -0.123689 -0.0884544 0.112261 -0.149633 -0.0756417 
-0.390656 -0.0856506 -0.102801 -0.393137 -0.0894706 -0.0822183 -0.36141 -0.0908392 -0.100239 
-0.363891 -0.0946593 -0.0796557 -0.349654 -0.105546 -0.0907556 -0.0714312 -0.146546 -0.0540303 
-0.0864405 -0.152244 -0.0676927 -0.0689499 -0.142726 -0.0746132 -0.337899 -0.120253 -0.0812724 
-0.308653 -0.125441 -0.0787099 -0.311134 -0.129261 -0.0581269 -0.279407 -0.13063 -0.0761473 
-0.281888 -0.13445 -0.0555644 -0.267651 -0.145337 -0.0666642 -0.135658 -0.160393 -0.0427517 
-0.150668 -0.166091 -0.056414 -0.133177 -0.156573 -0.0633346 -0.103931 -0.161762 -0.0607721 
-0.255896 -0.160043 -0.0571811 -0.22665 -0.165232 -0.0546185 -0.197404 -0.170421 -0.052056 
-0.168158 -0.175609 -0.0494935 -0.260291 0.0721775 -0.230523 -0.25781 0.0759976 -0.251105 
-0.2753 0.0664795 -0.244185 -0.246054 0.0612909 -0.241622 -0.0555689 0.035857 -0.212585 
-0.0530876 0.0396771 -0.233168 -0.0705782 0.030159 -0.226247 -0.0263229 0.0306684 -0.210022 
-0.0238417 0.0344885 -0.230605 0.00292312 0.0254797 -0.20746 0.00540434 0.0292998 -0.228043 
0.0321691 0.0202911 -0.204897 0.0346503 0.0241112 -0.22548 0.0614151 0.0151025 -0.202335 
0.0638963 0.0189225 -0.222918 0.0906611 0.00991381 -0.199772 0.0931423 0.0137339 -0.220355 
0.119907 0.00472518 -0.197209 0.122388 0.00854525 -0.217792 0.149153 -0.000463471 -0.194647 
0.151634 0.0033566 -0.21523 0.16339 -0.0113501 -0.205747 -0.322037 0.06215 -0.239827 
-0.339527 0.0526319 -0.232906 -0.295272 0.0531413 -0.216681 -0.292791 0.0569614 -0.237264 
-0.234299 0.0465841 -0.232139 -0.207534 0.0375754 -0.208994 -0.205053 0.0413955 -0.229577 
-0.178288 0.0323867 -0.206431 -0.175807 0.0362068 -0.227014 -0.149042 0.0271981 -0.203869 
-0.146561 0.0310182 -0.224452 -0.119796 0.0220095 -0.201306 -0.117315 0.0258295 -0.221889 
-0.0880687 0.0206409 -0.219327 0.114172 -0.0194997 -0.180806 0.143418 -0.0246883 -0.178243 
0.175145 -0.0260569 -0.196264 0.172664 -0.029877 -0.175681 0.186901 -0.0407636 -0.186781 
-0.345262 0.0284071 -0.216503 0.196175 -0.0592905 -0.156714 0.198656 -0.0554704 -0.177297 
0.210411 -0.0701771 -0.167814 -0.350997 0.00418225 -0.200099 0.19044 -0.0835153 -0.140311 
0.204676 -0.0944019 -0.151411 -0.368488 -0.00533585 -0.193178 -0.385979 -0.014854 -0.186258 
0.169695 -0.113438 -0.137569 0.187186 -0.10392 -0.14449 -0.391714 -0.0390788 -0.169854 
0.0327395 -0.106022 -0.120316 0.0177302 -0.11172 -0.133978 0.0352207 -0.102202 -0.140899 
0.0644667 -0.10739 -0.138336 0.0619855 -0.11121 -0.117753 0.0937127 -0.112579 -0.135774 
0.0912315 -0.116399 -0.115191 0.122959 -0.117768 -0.133211 0.120477 -0.121588 -0.112628 
0.134714 -0.132474 -0.123728 0.16396 -0.137663 -0.121166 -0.409204 -0.0485969 -0.162933 
-0.426695 -0.058115 -0.156013 -0.017251 -0.130756 -0.120137 0.000239602 -0.121238 -0.127058 
0.114742 -0.145813 -0.0962247 0.14647 -0.147181 -0.114245 -0.414939 -0.0728218 -0.14653 
-0.403184 -0.0875285 -0.137047 -0.0664687 -0.138906 -0.0951962 -0.0814781 -0.144604 -0.108859 
-0.0639875 -0.135085 -0.115779 -0.0347415 -0.140274 -0.113217 -0.391429 -0.102235 -0.127563 
-0.362182 -0.107424 -0.125001 -0.332936 -0.112613 -0.122438 -0.335418 -0.116433 -0.101855 
-0.30369 -0.117801 -0.119876 -0.306172 -0.121621 -0.0992928 -0.291935 -0.132508 -0.110393 
-0.10145 -0.157942 -0.081355 -0.116459 -0.16364 -0.0950174 -0.0989686 -0.154122 -0.101938 
-0.28018 -0.147215 -0.10091 -0.250934 -0.152403 -0.098347 -0.253415 -0.156223 -0.0777641 
-0.221688 -0.157592 -0.0957845 -0.224169 -0.161412 -0.0752015 -0.192442 -0.162781 -0.0932219 
-0.194923 -0.166601 -0.072639 -0.163196 -0.167969 -0.0906594 -0.165677 -0.171789 -0.0700764 
-0.13395 -0.173158 -0.0880968 0.00788556 0.0331199 -0.248626 0.0103668 0.03694 -0.269209 
-0.00712377 0.0274219 -0.262288 0.0371316 0.0279313 -0.246063 0.0396128 0.0317514 -0.266646 
0.0663775 0.0227426 -0.2435 0.0688588 0.0265627 -0.264083 0.0956235 0.017554 -0.240938 
0.0981047 0.0213741 -0.261521 0.124869 0.0123653 -0.238375 0.127351 0.0161854 -0.258958 
0.154116 0.00717669 -0.235813 0.156597 0.0109968 -0.256396 0.183361 0.00198805 -0.23325 
0.185843 0.00580815 -0.253833 0.197598 -0.0088986 -0.24435 -0.258582 0.0594129 -0.275868 
-0.276073 0.0498948 -0.268947 -0.231817 0.0504042 -0.252722 -0.229336 0.0542243 -0.273305 
-0.202571 0.0452156 -0.25016 -0.20009 0.0490356 -0.270743 -0.173325 0.0400269 -0.247597 
-0.170844 0.043847 -0.26818 -0.159089 0.0291403 -0.258697 -0.114834 0.0296496 -0.242472 
-0.112352 0.0334697 -0.263055 -0.129843 0.0239516 -0.256134 -0.0855875 0.024461 -0.239909 
-0.0831063 0.0282811 -0.260492 -0.0538603 0.0230924 -0.25793 -0.0246143 0.0179038 -0.255367 
0.177626 -0.0222368 -0.216847 0.209354 -0.0236053 -0.234867 0.206872 -0.0274254 -0.214284 
0.221109 -0.0383121 -0.225384 -0.322809 0.0455654 -0.264589 -0.3403 0.0360473 -0.257669 
-0.293563 0.0403767 -0.262027 -0.147333 0.0144335 -0.249214 0.201137 -0.0516503 -0.19788 
0.232864 -0.0530188 -0.215901 0.230383 -0.0568389 -0.195318 0.24462 -0.0677256 -0.206418 
-0.346035 0.0118224 -0.241265 0.224648 -0.0810638 -0.178914 0.238885 -0.0919504 -0.190014 
-0.366007 -0.00151577 -0.213761 -0.363526 0.00230433 -0.234344 -0.381016 -0.00721378 -0.227424 
0.218913 -0.105289 -0.16251 0.23315 -0.116175 -0.17361 -0.386751 -0.0314386 -0.21102 
0.0377019 -0.0983816 -0.161482 0.0226926 -0.10408 -0.175144 0.0401832 -0.0945615 -0.182065 
0.0694291 -0.0997502 -0.179502 0.0669479 -0.10357 -0.158919 0.0986751 -0.104939 -0.17694 
0.0961939 -0.108759 -0.156357 0.127921 -0.110127 -0.174377 0.12544 -0.113948 -0.153794 
0.139677 -0.124834 -0.164894 0.168922 -0.130023 -0.162332 0.186413 -0.120505 -0.169252 
0.215659 -0.125693 -0.16669 -0.406723 -0.0447768 -0.183516 -0.404242 -0.0409567 -0.204099 
-0.421732 -0.0504748 -0.197179 0.00272082 -0.117418 -0.147641 -0.0122885 -0.123116 -0.161303 
0.00520205 -0.113598 -0.168224 0.151432 -0.139541 -0.155411 0.148951 -0.143361 -0.134828 
-0.412458 -0.0690017 -0.167113 -0.409977 -0.0651816 -0.187696 -0.398221 -0.0798883 -0.178213 
-0.0322603 -0.136454 -0.1338 -0.0472696 -0.142152 -0.147462 -0.0297791 -0.132634 -0.154383 
-0.386466 -0.0945951 -0.168729 -0.388947 -0.0984151 -0.148146 -0.35722 -0.0997837 -0.166167 
-0.359701 -0.103604 -0.145584 -0.345465 -0.11449 -0.156684 -0.0822507 -0.161188 -0.133621 
-0.0647602 -0.15167 -0.140541 -0.333709 -0.129197 -0.147201 -0.304463 -0.134386 -0.144638 
-0.275217 -0.139574 -0.142076 -0.277698 -0.143395 -0.121493 -0.245971 -0.144763 -0.139513 
-0.248452 -0.148583 -0.11893 -0.234216 -0.15947 -0.13003 -0.160714 -0.164149 -0.111242 
-0.175724 -0.169847 -0.124905 -0.158233 -0.160329 -0.131825 -0.128987 -0.165518 -0.129263 
-0.131468 -0.169338 -0.10868 -0.0997413 -0.170706 -0.1267 -0.22246 -0.174177 -0.120547 
-0.193214 -0.179365 -0.117984 0.07134 0.0303828 -0.284666 0.0738212 0.0342029 -0.305249 
0.0563306 0.0246848 -0.298329 0.100586 0.0251941 -0.282104 0.103067 0.0290142 -0.302687 
0.129832 0.0200055 -0.279541 0.132313 0.0238256 -0.300124 0.159078 0.0148169 -0.276979 
0.161559 0.018637 -0.297562 0.188324 0.00962822 -0.274416 0.190805 0.0134483 -0.294999 
0.21757 0.00443958 -0.271854 0.220051 0.00825967 -0.292437 0.231807 -0.00644708 -0.282954 
-0.256101 0.063233 -0.296451 -0.25362 0.0670531 -0.317034 -0.27111 0.057535 -0.310113 
-0.226855 0.0580444 -0.293888 -0.224374 0.0618645 -0.314471 -0.197609 0.0528557 -0.291326 
-0.195128 0.0566758 -0.311909 -0.168363 0.0476671 -0.288763 -0.165882 0.0514872 -0.309346 
-0.154126 0.0367804 -0.299863 -0.0806251 0.0321012 -0.281075 -0.0781438 0.0359212 -0.301658 
-0.0956344 0.0264031 -0.294738 -0.0513791 0.0269125 -0.278513 -0.0488979 0.0307326 -0.299096 
-0.0221331 0.0217239 -0.27595 -0.0196519 0.025544 -0.296533 0.00959411 0.0203553 -0.293971 
0.0388401 0.0151667 -0.291408 0.211835 -0.0197853 -0.25545 0.243562 -0.0211538 -0.27347 
0.241081 -0.0249739 -0.252887 0.255317 -0.0358606 -0.263987 -0.291082 0.0441968 -0.28261 
-0.288601 0.0480169 -0.303193 -0.306091 0.0384988 -0.296272 -0.144852 0.0182536 -0.269797 
-0.142371 0.0220737 -0.29038 -0.113125 0.016885 -0.287817 0.235346 -0.0491987 -0.236484 
0.267073 -0.0505673 -0.254504 0.264592 -0.0543874 -0.233921 0.278828 -0.065274 -0.245021 
-0.323582 0.0289807 -0.289351 -0.341073 0.0194626 -0.282431 0.258857 -0.0786122 -0.217517 
0.273093 -0.0894989 -0.228617 -0.346808 -0.00476225 -0.266027 0.253121 -0.102837 -0.201114 
0.267358 -0.113724 -0.212214 -0.364298 -0.0142804 -0.259106 -0.381789 -0.0237985 -0.252186 
0.0719104 -0.0959301 -0.200085 0.056901 -0.101628 -0.213748 0.0743916 -0.09211 -0.220668 
0.103638 -0.0972986 -0.218106 0.101156 -0.101119 -0.197523 0.132884 -0.102487 -0.215543 
0.130402 -0.106307 -0.19496 0.144639 -0.117194 -0.20606 0.21814 -0.121873 -0.187273 
0.203131 -0.127571 -0.200935 0.220622 -0.118053 -0.207856 0.249867 -0.123242 -0.205293 
-0.387524 -0.0480233 -0.235782 0.00768327 -0.109778 -0.188807 -0.00732606 -0.115476 -0.202469 
0.0101645 -0.105958 -0.20939 0.0394105 -0.111146 -0.206827 0.156394 -0.131901 -0.196577 
0.153913 -0.135721 -0.175994 0.18564 -0.137089 -0.194014 -0.407496 -0.0613615 -0.208279 
-0.393259 -0.0722481 -0.219378 -0.0272978 -0.128814 -0.174966 -0.0423072 -0.134512 -0.188628 
-0.0248166 -0.124994 -0.195549 -0.381504 -0.0869549 -0.209895 -0.383985 -0.090775 -0.189312 
-0.369748 -0.101662 -0.200412 -0.0622789 -0.14785 -0.161124 -0.0772883 -0.153548 -0.174787 
-0.0597977 -0.14403 -0.181707 -0.357993 -0.116368 -0.190929 -0.328747 -0.121557 -0.188367 
-0.331228 -0.125377 -0.167784 -0.299501 -0.126746 -0.185804 -0.301982 -0.130566 -0.165221 
-0.270255 -0.131934 -0.183241 -0.272736 -0.135754 -0.162658 -0.241009 -0.137123 -0.180679 
-0.24349 -0.140943 -0.160096 -0.229253 -0.15183 -0.171196 -0.09726 -0.166886 -0.147283 
-0.112269 -0.172584 -0.160946 -0.0947788 -0.163066 -0.167866 -0.217498 -0.166536 -0.161713 
-0.219979 -0.170357 -0.14113 -0.188252 -0.171725 -0.15915 -0.190733 -0.175545 -0.138567 
-0.159006 -0.176914 -0.156588 -0.12976 -0.182102 -0.154025 -0.251139 0.0708732 -0.337617 
-0.248657 0.0746933 -0.3582 -0.266148 0.0651752 -0.351279 -0.221893 0.0656845 -0.335054 
-0.219411 0.0695046 -0.355637 -0.192647 0.0604959 -0.332492 -0.190165 0.064316 -0.353075 
-0.163401 0.0553073 -0.329929 -0.160919 0.0591274 -0.350512 -0.149164 0.0444206 -0.341029 
0.0120753 0.0241754 -0.314554 0.0145566 0.0279955 -0.335137 -0.002934 0.0184774 -0.328216 
0.0413213 0.0189868 -0.311991 0.0438025 0.0228069 -0.332574 0.0730485 0.0176182 -0.330012 
0.102295 0.0124296 -0.327449 0.131541 0.00724093 -0.324887 0.160786 0.00205229 -0.322324 
0.190032 -0.00313636 -0.319761 0.219278 -0.008325 -0.317199 0.246043 -0.0173337 -0.294053 
0.248524 -0.0135136 -0.314636 0.275289 -0.0225224 -0.291491 0.27777 -0.0187023 -0.312074 
0.289526 -0.033409 -0.302591 -0.271883 0.0409503 -0.334875 -0.13989 0.0258938 -0.310963 
-0.137409 0.0297139 -0.331546 -0.110644 0.0207051 -0.3084 -0.108162 0.0245252 -0.328983 
-0.0789165 0.0193366 -0.326421 -0.0496705 0.0141479 -0.323858 -0.0204246 0.0089593 -0.321296 
0.269554 -0.0467472 -0.275087 0.283791 -0.0576339 -0.286187 -0.289374 0.0314322 -0.327955 
-0.306864 0.0219141 -0.321034 0.293065 -0.0761607 -0.256121 0.295546 -0.0723406 -0.276704 
0.307302 -0.0870474 -0.267221 -0.324355 0.012396 -0.314114 -0.341845 0.00287792 -0.307193 
0.272321 -0.106084 -0.25338 0.289811 -0.0965654 -0.2603 -0.34758 -0.0213469 -0.290789 
0.135365 -0.0986672 -0.236126 0.120355 -0.104365 -0.249789 0.137846 -0.0948471 -0.256709 
0.149601 -0.109554 -0.247226 0.252349 -0.119422 -0.225876 0.237339 -0.12512 -0.239538 
0.25483 -0.115602 -0.246459 -0.365071 -0.030865 -0.283869 -0.382561 -0.0403831 -0.276948 
0.0418917 -0.107326 -0.22741 0.0268824 -0.113024 -0.241072 0.0443729 -0.103506 -0.247993 
0.0736189 -0.108695 -0.245431 0.102865 -0.113883 -0.242868 0.161357 -0.124261 -0.237743 
0.158876 -0.128081 -0.21716 0.190603 -0.129449 -0.23518 0.188122 -0.133269 -0.214597 
0.219849 -0.134638 -0.232618 -0.388297 -0.064608 -0.260544 -0.00809874 -0.13206 -0.227231 
0.00939182 -0.122542 -0.234152 -0.394032 -0.0888328 -0.244141 -0.0430798 -0.151096 -0.21339 
-0.0255893 -0.141578 -0.220311 -0.382276 -0.10354 -0.234658 -0.35303 -0.108728 -0.232095 
-0.355511 -0.112548 -0.211512 -0.323784 -0.113917 -0.229532 -0.326265 -0.117737 -0.20895 
-0.294538 -0.119105 -0.22697 -0.29702 -0.122926 -0.206387 -0.282783 -0.133812 -0.217487 
-0.078061 -0.170133 -0.199549 -0.0605704 -0.160615 -0.20647 -0.271027 -0.148519 -0.208004 
-0.241781 -0.153708 -0.205441 -0.212535 -0.158896 -0.202879 -0.215017 -0.162716 -0.182296 
-0.183289 -0.164085 -0.200316 -0.185771 -0.167905 -0.179733 -0.154043 -0.169274 -0.197753 
-0.156525 -0.173094 -0.177171 -0.124798 -0.174462 -0.195191 -0.127279 -0.178282 -0.174608 
-0.0955515 -0.179651 -0.192628 -0.21693 0.0733247 -0.37622 -0.214449 0.0771448 -0.396803 
-0.231939 0.0676267 -0.389882 -0.187684 0.0681361 -0.373657 -0.185203 0.0719562 -0.39424 
-0.173447 0.0572494 -0.384757 0.0170378 0.0318156 -0.35572 0.019519 0.0356357 -0.376303 
0.00202845 0.0261176 -0.369382 0.0462838 0.0266269 -0.353157 0.048765 0.030447 -0.37374 
0.0755297 0.0214383 -0.350595 0.078011 0.0252584 -0.371178 0.104776 0.0162497 -0.348032 
0.107257 0.0200697 -0.368615 0.134022 0.011061 -0.345469 0.136503 0.0148811 -0.366052 
0.163268 0.00587237 -0.342907 0.165749 0.00969246 -0.36349 0.192514 0.000683734 -0.340344 
0.194995 0.00450382 -0.360927 0.22176 -0.00450491 -0.337782 0.224241 -0.000684826 -0.358365 
0.251006 -0.00969355 -0.335219 0.253487 -0.00587347 -0.355802 0.280252 -0.0148822 -0.332657 
0.282733 -0.0110621 -0.35324 0.309498 -0.0200708 -0.330094 0.311979 -0.0162508 -0.350677 
0.338744 -0.0252595 -0.327532 0.341225 -0.0214394 -0.348115 0.35298 -0.0361461 -0.338632 
-0.24943 0.0581086 -0.382962 -0.266921 0.0485905 -0.376041 -0.161692 0.0425427 -0.375274 
-0.134927 0.0335339 -0.352129 -0.132446 0.037354 -0.372712 -0.105681 0.0283453 -0.349566 
-0.1032 0.0321654 -0.370149 -0.0764353 0.0231567 -0.347004 -0.0739541 0.0269768 -0.367587 
-0.0471893 0.017968 -0.344441 -0.0447081 0.0217881 -0.365024 -0.0179433 0.0127794 -0.341879 
-0.0154621 0.0165995 -0.362462 0.303762 -0.0442957 -0.313691 0.333008 -0.0494843 -0.311128 
0.347245 -0.060371 -0.322228 -0.272656 0.0243657 -0.359638 0.298027 -0.0685205 -0.297287 
0.327273 -0.0737092 -0.294724 0.34151 -0.0845958 -0.305824 -0.290146 0.0148476 -0.352717 
-0.307637 0.00532947 -0.345796 0.321538 -0.097934 -0.278321 0.335775 -0.108821 -0.28942 
-0.325127 -0.00418864 -0.338876 -0.342618 -0.0137067 -0.331955 0.271548 -0.122668 -0.278142 
0.289038 -0.11315 -0.285062 0.318284 -0.118339 -0.2825 -0.348353 -0.0379316 -0.315551 
0.0468541 -0.0996859 -0.268576 0.0318448 -0.105384 -0.282238 0.0493354 -0.0958658 -0.289159 
0.0785814 -0.101054 -0.286597 0.0761001 -0.104875 -0.266014 0.107827 -0.106243 -0.284034 
0.105346 -0.110063 -0.263451 0.137073 -0.111432 -0.281471 0.166319 -0.11662 -0.278909 
0.163838 -0.12044 -0.258326 0.195565 -0.121809 -0.276346 0.193084 -0.125629 -0.255763 
0.224811 -0.126998 -0.273784 0.22233 -0.130818 -0.253201 0.254057 -0.132186 -0.271221 
-0.365844 -0.0474497 -0.308631 -0.383334 -0.0569678 -0.30171 0.011873 -0.118722 -0.254735 
-0.00313629 -0.12442 -0.268397 0.0143543 -0.114902 -0.275318 -0.389069 -0.0811926 -0.285307 
-0.0231081 -0.137758 -0.240894 -0.0381174 -0.143456 -0.254556 -0.0206268 -0.133938 -0.261477 
-0.377314 -0.0958994 -0.275823 -0.379795 -0.0997195 -0.255241 -0.348068 -0.101088 -0.273261 
-0.350549 -0.104908 -0.252678 -0.318822 -0.106277 -0.270698 -0.321303 -0.110097 -0.250115 
-0.307066 -0.120983 -0.261215 -0.0580892 -0.156795 -0.227053 -0.0730985 -0.162493 -0.240715 
-0.0556079 -0.152974 -0.247636 -0.295311 -0.13569 -0.251732 -0.266065 -0.140879 -0.24917 
-0.268546 -0.144699 -0.228587 -0.236819 -0.146067 -0.246607 -0.2393 -0.149888 -0.226024 
-0.207573 -0.151256 -0.244045 -0.210054 -0.155076 -0.223462 -0.178327 -0.156445 -0.241482 
-0.180808 -0.160265 -0.220899 -0.166572 -0.171151 -0.231999 -0.122316 -0.170642 -0.215774 
-0.137326 -0.17634 -0.229436 -0.119835 -0.166822 -0.236357 -0.0905891 -0.172011 -0.233794 
-0.0930703 -0.175831 -0.213211 -0.154816 -0.185858 -0.222516 -0.211968 0.0809649 -0.417386 
-0.209486 0.084785 -0.437969 -0.226977 0.0752669 -0.431048 -0.182722 0.0757763 -0.414823 
-0.18024 0.0795963 -0.435406 -0.168485 0.0648896 -0.425923 0.0220002 0.0394558 -0.396886 
0.0244814 0.0432758 -0.417469 0.00699089 0.0337577 -0.410548 0.0512462 0.0342671 -0.394323 
0.0537274 0.0380872 -0.414906 0.0804922 0.0290785 -0.391761 0.0829734 0.0328985 -0.412344 
0.109738 0.0238898 -0.389198 0.112219 0.0277099 -0.409781 0.138984 0.0187012 -0.386635 
0.141465 0.0225213 -0.407218 0.16823 0.0135126 -0.384073 0.170711 0.0173326 -0.404656 
0.197476 0.00832391 -0.38151 0.199957 0.012144 -0.402093 0.226722 0.00313526 -0.378948 
0.229203 0.00695534 -0.399531 0.255968 -0.00205338 -0.376385 0.258449 0.00176671 -0.396968 
0.285214 -0.00724202 -0.373823 0.287695 -0.00342194 -0.394406 0.31446 -0.0124307 -0.37126 
0.316941 -0.00861058 -0.391843 0.343706 -0.0176193 -0.368698 0.346187 -0.0137992 -0.389281 
0.372952 -0.0228079 -0.366135 0.375433 -0.0189879 -0.386718 0.387189 -0.0336946 -0.377235 
-0.232712 0.051042 -0.414645 -0.159211 0.0463628 -0.395857 -0.15673 0.0501829 -0.41644 
-0.129965 0.0411741 -0.393295 -0.127484 0.0449942 -0.413878 -0.100719 0.0359855 -0.390732 
-0.0982376 0.0398056 -0.411315 -0.0714729 0.0307968 -0.38817 -0.0689916 0.0346169 -0.408753 
-0.0422269 0.0256082 -0.385607 -0.0397456 0.0294283 -0.40619 -0.0129809 0.0204196 -0.383044 
-0.0104997 0.0242396 -0.403627 0.367217 -0.0470328 -0.349731 0.381454 -0.0579194 -0.360831 
-0.250203 0.0415239 -0.407724 -0.267693 0.0320058 -0.400803 0.346473 -0.0769557 -0.34699 
0.363963 -0.0674375 -0.353911 -0.287665 0.0186676 -0.3733 -0.285184 0.0224877 -0.393883 
-0.302674 0.0129696 -0.386962 0.340737 -0.10118 -0.330586 -0.322646 -0.000368548 -0.359459 
-0.320165 0.00345154 -0.380042 -0.337655 -0.00606656 -0.373121 0.233028 -0.0989527 -0.31077 
0.218018 -0.104651 -0.324433 0.235509 -0.0951327 -0.331353 0.264755 -0.100321 -0.328791 
0.262274 -0.104141 -0.308208 0.27651 -0.115028 -0.319308 0.320766 -0.114519 -0.303083 
0.305756 -0.120217 -0.316745 0.323247 -0.110699 -0.323666 -0.34339 -0.0302914 -0.356717 
0.0810626 -0.0972344 -0.307179 0.0660532 -0.102932 -0.320842 0.0835438 -0.0934143 -0.327762 
0.11279 -0.0986029 -0.3252 0.110309 -0.102423 -0.304617 0.142036 -0.103792 -0.322637 
0.139555 -0.107612 -0.302054 0.171282 -0.10898 -0.320075 0.168801 -0.1128 -0.299492 
0.200528 -0.114169 -0.317512 0.198047 -0.117989 -0.296929 0.227292 -0.123178 -0.294367 
0.256538 -0.128366 -0.291804 0.288266 -0.129735 -0.309825 -0.349126 -0.0545162 -0.340314 
0.0168355 -0.111082 -0.295901 0.00182616 -0.11678 -0.309563 0.0193167 -0.107262 -0.316484 
0.0485627 -0.11245 -0.313921 -0.366616 -0.0640343 -0.333393 -0.384107 -0.0735525 -0.326473 
-0.0181456 -0.130118 -0.28206 -0.0331549 -0.135816 -0.295722 -0.0156644 -0.126298 -0.302643 
-0.372351 -0.0882592 -0.316989 -0.374833 -0.0920793 -0.296406 -0.360596 -0.102966 -0.307506 
-0.0531267 -0.149154 -0.268218 -0.0681361 -0.154852 -0.281881 -0.0506455 -0.145334 -0.288801 
-0.348841 -0.117673 -0.298023 -0.319595 -0.122861 -0.295461 -0.290349 -0.12805 -0.292898 
-0.29283 -0.13187 -0.272315 -0.261103 -0.133239 -0.290336 -0.263584 -0.137059 -0.269753 
-0.231857 -0.138427 -0.287773 -0.234338 -0.142247 -0.26719 -0.220101 -0.153134 -0.27829 
-0.0738712 -0.179077 -0.265477 -0.208346 -0.167841 -0.268807 -0.1791 -0.173029 -0.266244 
-0.149854 -0.178218 -0.263682 -0.152335 -0.182038 -0.243099 -0.120608 -0.183407 -0.261119 
-0.0913617 -0.188595 -0.258557 0.0911898 0.0609435 -0.44933 0.093671 0.0647636 -0.469913 
0.0761804 0.0552455 -0.462993 0.120436 0.0557548 -0.446768 0.122917 0.059575 -0.467351 
0.149682 0.0505662 -0.444205 0.152163 0.0543863 -0.464788 0.178928 0.0453775 -0.441643 
0.181409 0.0491977 -0.462225 0.208174 0.0401889 -0.43908 0.210655 0.044009 -0.459663 
0.23742 0.0350003 -0.436518 0.239901 0.0388204 -0.4571 0.266666 0.0298116 -0.433955 
0.269147 0.0336317 -0.454538 0.295912 0.024623 -0.431392 0.298393 0.0284431 -0.451975 
0.325158 0.0194343 -0.42883 0.327639 0.0232545 -0.449413 0.339394 0.00854768 -0.43993 
-0.177759 0.0834164 -0.455989 -0.175278 0.0872365 -0.476572 -0.192769 0.0777184 -0.469652 
-0.163523 0.0725298 -0.467089 -0.00228332 0.0522846 -0.440614 0.000197904 0.0561047 -0.461197 
-0.0172926 0.0465866 -0.454277 0.0269627 0.0470959 -0.438052 0.0294439 0.050916 -0.458635 
0.0562087 0.0419073 -0.435489 0.0586899 0.0457274 -0.456072 0.0854547 0.0367187 -0.432926 
0.114701 0.03153 -0.430364 0.143947 0.0263414 -0.427801 0.173193 0.0211527 -0.425239 
0.202439 0.0159641 -0.422676 0.231685 0.0107754 -0.420114 0.260931 0.0055868 -0.417551 
0.290177 0.000398155 -0.414989 0.319423 -0.00479049 -0.412426 0.35115 -0.00615904 -0.430447 
0.348669 -0.00997912 -0.409864 0.377915 -0.0151678 -0.407301 0.380396 -0.0113477 -0.427884 
0.407161 -0.0203564 -0.404739 0.409642 -0.0165363 -0.425321 0.421397 -0.0312431 -0.415838 
-0.210259 0.0682003 -0.462731 -0.22775 0.0586822 -0.455811 -0.154248 0.0540029 -0.437023 
-0.151767 0.057823 -0.457606 -0.125002 0.0488143 -0.434461 -0.122521 0.0526344 -0.455044 
-0.0957564 0.0436256 -0.431898 -0.0932752 0.0474457 -0.452481 -0.0665104 0.038437 -0.429335 
-0.0640292 0.0422571 -0.449918 -0.0372644 0.0332484 -0.426773 -0.0347832 0.0370684 -0.447356 
-0.00801844 0.0280597 -0.42421 0.401425 -0.0445813 -0.388335 0.433153 -0.0459498 -0.406355 
0.430671 -0.0497699 -0.385772 0.444908 -0.0606566 -0.396872 -0.247721 0.045344 -0.428307 
-0.24524 0.0491641 -0.44889 -0.262731 0.039646 -0.441969 0.39569 -0.0688061 -0.371931 
0.409927 -0.0796928 -0.383031 0.427417 -0.0701747 -0.389951 -0.268466 0.0154212 -0.425566 
0.360709 -0.0878423 -0.35809 0.374946 -0.098729 -0.36919 0.392436 -0.0892109 -0.37611 
-0.285956 0.00590307 -0.418645 -0.303447 -0.00361503 -0.411725 0.23799 -0.0913126 -0.351936 
0.222981 -0.0970106 -0.365599 0.240471 -0.0874925 -0.372519 0.269717 -0.0926811 -0.369957 
0.267236 -0.0965012 -0.349374 0.298963 -0.0978698 -0.367394 0.296482 -0.10169 -0.346811 
0.328209 -0.103058 -0.364832 0.325728 -0.106879 -0.344249 0.357455 -0.108247 -0.362269 
-0.320938 -0.0131331 -0.404804 -0.338428 -0.0226512 -0.397883 0.115271 -0.0947829 -0.345783 
0.100262 -0.100481 -0.359445 0.117752 -0.0909628 -0.366366 0.146998 -0.0961514 -0.363803 
0.144517 -0.0999715 -0.34322 0.176244 -0.10134 -0.361241 0.173763 -0.10516 -0.340658 
0.20549 -0.106529 -0.358678 0.203009 -0.110349 -0.338095 0.290747 -0.125915 -0.330408 
-0.344163 -0.0468761 -0.38148 0.0510439 -0.10863 -0.334504 0.0360346 -0.114328 -0.348167 
0.0535251 -0.10481 -0.355087 0.0827711 -0.109999 -0.352525 -0.349898 -0.0711009 -0.365076 
0.00105348 -0.133365 -0.334325 0.018544 -0.123847 -0.341246 -0.36987 -0.0844391 -0.337572 
-0.355633 -0.0953258 -0.348672 -0.0481643 -0.141514 -0.309384 -0.0631736 -0.147212 -0.323047 
-0.0456831 -0.137694 -0.329967 -0.0164371 -0.142883 -0.327405 -0.343878 -0.110033 -0.339189 
-0.346359 -0.113853 -0.318606 -0.314632 -0.115221 -0.336627 -0.317113 -0.119041 -0.316044 
-0.285386 -0.12041 -0.334064 -0.287867 -0.12423 -0.313481 -0.25614 -0.125598 -0.331502 
-0.258621 -0.129419 -0.310919 -0.244385 -0.140305 -0.322018 -0.0831454 -0.16055 -0.295543 
-0.0981547 -0.166248 -0.309206 -0.0806642 -0.15673 -0.316126 -0.232629 -0.155012 -0.312535 
-0.203383 -0.160201 -0.309973 -0.205864 -0.164021 -0.28939 -0.174137 -0.165389 -0.30741 
-0.176618 -0.169209 -0.286827 -0.144891 -0.170578 -0.304848 -0.147372 -0.174398 -0.284265 
-0.115645 -0.175766 -0.302285 -0.118126 -0.179587 -0.281702 -0.0888805 -0.184775 -0.27914 
0.113358 0.141258 -0.539707 0.115839 0.145078 -0.56029 0.0983482 0.13556 -0.55337 
0.142604 0.13607 -0.537145 0.145085 0.13989 -0.557728 0.17185 0.130881 -0.534582 
0.174331 0.134701 -0.555165 0.201096 0.125692 -0.53202 0.203577 0.129512 -0.552603 
0.215332 0.114806 -0.543119 0.0783765 0.122222 -0.525866 0.0808577 0.126042 -0.546449 
0.0633671 0.116524 -0.539528 0.107622 0.117033 -0.523304 0.136868 0.111845 -0.520741 
0.166114 0.106656 -0.518178 0.19536 0.101467 -0.515616 0.227088 0.100099 -0.533636 
0.224606 0.0962788 -0.513053 0.253852 0.0910902 -0.510491 0.256334 0.0949102 -0.531074 
0.268089 0.0802035 -0.521591 0.0433954 0.103186 -0.512025 0.0458766 0.107006 -0.532608 
0.028386 0.0974878 -0.525687 0.0726413 0.0979972 -0.509462 0.101887 0.0928085 -0.5069 
0.131133 0.0876199 -0.504337 0.160379 0.0824312 -0.501775 0.189625 0.0772426 -0.499212 
0.218871 0.072054 -0.49665 0.248117 0.0668653 -0.494087 0.279844 0.0654967 -0.512108 
0.277363 0.0616767 -0.491525 0.306609 0.056488 -0.488962 0.30909 0.0603081 -0.509545 
0.335855 0.0512994 -0.4864 0.338336 0.0551194 -0.506983 0.365101 0.0461108 -0.483837 
0.367582 0.0499308 -0.50442 0.394347 0.0409221 -0.481274 0.396828 0.0447422 -0.501857 
0.423593 0.0357335 -0.478712 0.426074 0.0395535 -0.499295 0.43783 0.0248468 -0.489812 
0.00841425 0.0841496 -0.498184 0.0108955 0.0879697 -0.518767 -0.00659509 0.0784516 -0.511846 
0.0376602 0.0789609 -0.495621 0.0669062 0.0737723 -0.493059 0.0961522 0.0685837 -0.490496 
0.125398 0.063395 -0.487934 0.154644 0.0582064 -0.485371 0.18389 0.0530178 -0.482809 
0.213136 0.0478291 -0.480246 0.242382 0.0426405 -0.477683 0.271628 0.0374518 -0.475121 
0.300874 0.0322632 -0.472558 0.33012 0.0270745 -0.469996 0.359366 0.0218859 -0.467433 
0.388612 0.0166973 -0.464871 0.402849 0.00581058 -0.475971 0.420339 0.0153287 -0.482891 
-0.143551 0.085868 -0.494593 -0.14107 0.089688 -0.515176 -0.15856 0.0801699 -0.508255 
-0.129314 0.0749813 -0.505693 -0.0558129 0.070302 -0.486905 -0.0533316 0.0741221 -0.507488 
-0.0708222 0.064604 -0.500568 -0.0265669 0.0651134 -0.484343 -0.0240856 0.0689335 -0.504926 
0.00267912 0.0599247 -0.48178 0.0319251 0.0547361 -0.479217 0.0611711 0.0495475 -0.476655 
0.353631 -0.00233896 -0.45103 0.382877 -0.0075276 -0.448467 0.414604 -0.00889615 -0.466487 
0.412123 -0.0127162 -0.445904 0.42636 -0.0236029 -0.457004 -0.176051 0.0706518 -0.501335 
-0.193541 0.0611337 -0.494414 -0.149286 0.0616431 -0.478189 -0.117559 0.0602746 -0.49621 
-0.12004 0.0564545 -0.475627 -0.090794 0.0512659 -0.473064 -0.0883127 0.0550859 -0.493647 
-0.061548 0.0460772 -0.470501 -0.032302 0.0408886 -0.467939 0.435634 -0.0421297 -0.426938 
0.438115 -0.0383096 -0.447521 0.44987 -0.0530164 -0.438038 -0.211032 0.0516156 -0.487493 
-0.228522 0.0420975 -0.480573 0.444135 -0.0772412 -0.421634 -0.246013 0.0325794 -0.473652 
-0.263503 0.0230613 -0.466732 0.409154 -0.0962774 -0.407793 0.426645 -0.0867593 -0.414714 
-0.269239 -0.00116351 -0.450328 0.242952 -0.0836724 -0.393102 0.227943 -0.0893704 -0.406765 
0.245434 -0.0798523 -0.413685 0.27468 -0.085041 -0.411123 0.272198 -0.088861 -0.39054 
0.303926 -0.0902296 -0.40856 0.301445 -0.0940497 -0.387977 0.333172 -0.0954183 -0.405998 
0.33069 -0.0992383 -0.385415 0.362418 -0.100607 -0.403435 0.359936 -0.104427 -0.382852 
0.391664 -0.105796 -0.400873 -0.286729 -0.0106816 -0.443407 -0.30422 -0.0201997 -0.436487 
0.149479 -0.0923313 -0.384386 0.13447 -0.0980293 -0.398049 0.151961 -0.0885112 -0.404969 
0.181207 -0.0936999 -0.402407 0.178725 -0.09752 -0.381824 0.210453 -0.0988885 -0.399844 
0.207971 -0.102709 -0.379261 -0.324191 -0.0335379 -0.408983 -0.309955 -0.0444245 -0.420083 
0.0852524 -0.106179 -0.373108 0.070243 -0.111877 -0.38677 0.0877336 -0.102359 -0.393691 
0.11698 -0.107547 -0.391128 -0.327445 -0.0539427 -0.413163 -0.344936 -0.0634608 -0.406242 
0.0210253 -0.120026 -0.361829 0.00601593 -0.125724 -0.375491 0.0235065 -0.116206 -0.382412 
0.0527525 -0.121395 -0.379849 -0.350671 -0.0876856 -0.389838 -0.0139558 -0.139063 -0.347988 
-0.0289652 -0.144761 -0.36165 -0.0114746 -0.135243 -0.368571 -0.338916 -0.102392 -0.380355 
-0.341397 -0.106212 -0.359772 -0.30967 -0.107581 -0.377792 -0.312151 -0.111401 -0.35721 
-0.280424 -0.11277 -0.37523 -0.282905 -0.11659 -0.354647 -0.251178 -0.117958 -0.372667 
-0.253659 -0.121778 -0.352084 -0.239422 -0.132665 -0.363184 -0.0781829 -0.15291 -0.336709 
-0.0931923 -0.158608 -0.350372 -0.0757017 -0.14909 -0.357292 -0.0464557 -0.154279 -0.35473 
-0.227667 -0.147372 -0.353701 -0.230148 -0.151192 -0.333118 -0.198421 -0.15256 -0.351139 
-0.200902 -0.15638 -0.330556 -0.169175 -0.157749 -0.348576 -0.171656 -0.161569 -0.327993 
-0.139929 -0.162938 -0.346014 -0.14241 -0.166758 -0.325431 -0.110683 -0.168126 -0.343451 
-0.113164 -0.171946 -0.322868 0.0833389 0.129862 -0.567032 0.0858201 0.133682 -0.587615 
0.0683296 0.124164 -0.580694 0.115066 0.128494 -0.585052 0.144312 0.123305 -0.58249 
0.173558 0.118116 -0.579927 0.202804 0.112928 -0.577365 0.229569 0.103919 -0.554219 
0.23205 0.107739 -0.574802 0.243805 0.0930323 -0.565319 0.0483578 0.110826 -0.553191 
0.050839 0.114646 -0.573774 0.0333485 0.105128 -0.566853 0.255561 0.0783256 -0.555836 
0.282326 0.0693168 -0.532691 0.284807 0.0731369 -0.553273 0.311572 0.0641282 -0.530128 
0.314053 0.0679483 -0.550711 0.340818 0.0589396 -0.527565 0.343299 0.0627597 -0.548148 
0.370064 0.0537509 -0.525003 0.372545 0.057571 -0.545586 0.39931 0.0485623 -0.52244 
0.401791 0.0523824 -0.543023 0.428556 0.0433736 -0.519878 0.431037 0.0471937 -0.540461 
0.457802 0.038185 -0.517315 0.460283 0.0420051 -0.537898 0.472038 0.0272983 -0.528415 
0.0133767 0.0917898 -0.53935 0.0158579 0.0956099 -0.559933 -0.00163264 0.0860918 -0.553012 
0.452066 0.0139601 -0.500912 0.466303 0.00307349 -0.512011 -0.109342 0.0883195 -0.533196 
-0.106861 0.0921396 -0.553779 -0.124352 0.0826215 -0.546858 -0.0800964 0.0831309 -0.530634 
-0.0776152 0.0869509 -0.551217 -0.0508504 0.0779422 -0.528071 -0.0483692 0.0817623 -0.548654 
-0.0216044 0.0727536 -0.525509 -0.0191232 0.0765736 -0.546092 0.417085 -0.00507607 -0.48707 
0.446331 -0.0102647 -0.484508 0.460568 -0.0211514 -0.495608 -0.141842 0.0731034 -0.539938 
-0.159333 0.0635853 -0.533017 -0.115077 0.0640946 -0.516792 -0.0858315 0.058906 -0.51423 
0.440596 -0.0344896 -0.468104 0.454833 -0.0453762 -0.479204 -0.176823 0.0540672 -0.526097 
-0.194314 0.0445491 -0.519176 0.449098 -0.069601 -0.4628 -0.211804 0.035031 -0.512256 
-0.229295 0.0255129 -0.505335 0.443363 -0.0938259 -0.446397 -0.249267 0.0121747 -0.477831 
-0.23503 0.00128804 -0.488931 0.306407 -0.0864095 -0.429143 0.291398 -0.0921075 -0.442806 
0.308888 -0.0825894 -0.449726 0.338134 -0.0877781 -0.447164 0.335653 -0.0915982 -0.426581 
0.36738 -0.0929667 -0.444601 0.364899 -0.0967868 -0.424018 0.396626 -0.0981554 -0.442039 
0.394145 -0.101975 -0.421456 0.425872 -0.103344 -0.439476 -0.252521 -0.00823006 -0.482011 
-0.270011 -0.0177482 -0.47509 0.183688 -0.0898798 -0.42299 0.168679 -0.0955778 -0.436652 
0.186169 -0.0860597 -0.443573 0.215415 -0.0912483 -0.44101 0.212934 -0.0950684 -0.420427 
0.244661 -0.096437 -0.438448 0.273907 -0.101626 -0.435885 -0.287502 -0.0272663 -0.46817 
-0.304992 -0.0367844 -0.461249 0.119461 -0.103727 -0.411711 0.104451 -0.109425 -0.425373 
0.121942 -0.0999072 -0.432294 0.151188 -0.105096 -0.429731 -0.310727 -0.0610092 -0.444845 
0.0552337 -0.117575 -0.400432 0.0402244 -0.123273 -0.414095 0.0577149 -0.113755 -0.421015 
0.0869609 -0.118943 -0.418453 -0.330699 -0.0743474 -0.417342 -0.316463 -0.0852341 -0.428442 
-0.0089934 -0.131422 -0.389154 -0.0240027 -0.13712 -0.402816 -0.00651218 -0.127602 -0.409737 
0.0227338 -0.132791 -0.407174 -0.336434 -0.0985723 -0.400938 -0.304707 -0.0999408 -0.418959 
-0.307188 -0.103761 -0.398375 -0.275461 -0.105129 -0.416396 -0.277942 -0.10895 -0.395813 
-0.246215 -0.110318 -0.413833 -0.248696 -0.114138 -0.39325 -0.23446 -0.125025 -0.40435 
-0.0439745 -0.150459 -0.375313 -0.0589838 -0.156157 -0.388975 -0.0414933 -0.146639 -0.395896 
-0.222704 -0.139732 -0.394867 -0.225186 -0.143552 -0.374284 -0.193458 -0.14492 -0.392305 
-0.19594 -0.14874 -0.371722 -0.164212 -0.150109 -0.389742 -0.166694 -0.153929 -0.369159 
-0.134966 -0.155298 -0.387179 -0.137448 -0.159118 -0.366597 -0.10572 -0.160486 -0.384617 
-0.108202 -0.164306 -0.364034 -0.0764744 -0.165675 -0.382054 -0.0344177 0.134032 -0.602044 
-0.0319365 0.137852 -0.622627 -0.049427 0.128334 -0.615707 -0.00517173 0.128843 -0.599482 
-0.0026905 0.132664 -0.620065 0.0240743 0.123655 -0.596919 0.0265555 0.127475 -0.617502 
0.0533202 0.118466 -0.594357 0.0558015 0.122286 -0.61494 0.0850475 0.117098 -0.612377 
0.114293 0.111909 -0.609815 0.143539 0.10672 -0.607252 0.172785 0.101532 -0.60469 
0.202031 0.096343 -0.602127 0.231277 0.0911544 -0.599565 0.243033 0.0764476 -0.590081 
-0.0401528 0.109807 -0.585641 -0.0551622 0.104109 -0.599303 -0.0109068 0.104619 -0.583078 
0.0183391 0.09943 -0.580516 0.254788 0.0617409 -0.580598 0.284034 0.0565523 -0.578036 
0.31328 0.0513636 -0.575473 0.342526 0.046175 -0.572911 0.371772 0.0409863 -0.570348 
0.401018 0.0357977 -0.567786 0.430264 0.030609 -0.565223 0.45951 0.0254204 -0.56266 
0.471266 0.0107137 -0.553177 -0.0751339 0.090771 -0.5718 -0.0726527 0.0945911 -0.592382 
-0.0901433 0.085073 -0.585462 -0.045888 0.0855824 -0.569237 -0.016642 0.0803937 -0.566674 
0.483021 -0.00399309 -0.543694 0.48054 -0.00781318 -0.523111 0.494776 -0.0186998 -0.534211 
-0.107634 0.0755549 -0.578541 -0.125124 0.0660368 -0.571621 0.459795 -0.037736 -0.52037 
0.477286 -0.0282179 -0.527291 -0.142615 0.0565187 -0.5647 -0.160105 0.0470006 -0.55778 
0.45406 -0.0619609 -0.503966 -0.177596 0.0374825 -0.550859 -0.195087 0.0279644 -0.543938 
0.448325 -0.0861857 -0.487563 -0.215058 0.0146262 -0.516435 -0.200822 0.00373956 -0.527535 
0.369861 -0.0891466 -0.465184 0.354852 -0.0948446 -0.478846 0.372343 -0.0853265 -0.485767 
0.401589 -0.0905152 -0.483204 0.399107 -0.0943353 -0.462622 0.430835 -0.0957038 -0.480642 
0.428353 -0.0995239 -0.460059 -0.218312 -0.00577854 -0.520614 -0.235803 -0.0152966 -0.513694 
0.217896 -0.0874283 -0.461593 0.202887 -0.0931263 -0.475255 0.220378 -0.0836082 -0.482176 
0.249624 -0.0887968 -0.479613 0.247142 -0.0926169 -0.45903 0.27887 -0.0939855 -0.477051 
0.276388 -0.0978056 -0.456468 0.308115 -0.0991741 -0.474488 0.337361 -0.104363 -0.471926 
-0.255775 -0.0286348 -0.48619 -0.241538 -0.0395215 -0.49729 0.124423 -0.0960872 -0.452877 
0.109414 -0.101785 -0.466539 0.126904 -0.0922671 -0.47346 0.15615 -0.0974557 -0.470897 
0.153669 -0.101276 -0.450314 0.185396 -0.102644 -0.468335 -0.290756 -0.047671 -0.472349 
-0.276519 -0.0585577 -0.483449 -0.259028 -0.0490396 -0.490369 0.0894421 -0.115123 -0.439036 
0.0744328 -0.120821 -0.452698 0.0919233 -0.111303 -0.459619 -0.296491 -0.0718959 -0.455945 
-0.282254 -0.0827825 -0.467045 0.025215 -0.128971 -0.427757 0.0102057 -0.134669 -0.44142 
0.0276963 -0.125151 -0.44834 0.0569422 -0.13034 -0.445778 -0.302226 -0.0961207 -0.439541 
-0.270499 -0.0974893 -0.457562 -0.27298 -0.101309 -0.436979 -0.241253 -0.102678 -0.454999 
-0.243734 -0.106498 -0.434416 -0.229497 -0.117385 -0.445516 -0.0247754 -0.153705 -0.427578 
-0.00728486 -0.144187 -0.434499 -0.217742 -0.132091 -0.436033 -0.220223 -0.135911 -0.41545 
-0.188496 -0.13728 -0.43347 -0.190977 -0.1411 -0.412888 -0.15925 -0.142469 -0.430908 
-0.161731 -0.146289 -0.410325 -0.130004 -0.147657 -0.428345 -0.132485 -0.151477 -0.407762 
-0.100758 -0.152846 -0.425783 -0.103239 -0.156666 -0.4052 -0.071512 -0.158035 -0.42322 
-0.0739932 -0.161855 -0.402637 -0.042266 -0.163223 -0.420658 0.0582827 0.126106 -0.635523 
0.0607639 0.129926 -0.656106 0.0432734 0.120408 -0.649185 0.0875287 0.120918 -0.63296 
0.0900099 0.124738 -0.653543 0.116775 0.115729 -0.630398 0.119256 0.119549 -0.650981 
0.131011 0.104842 -0.641498 -0.0327092 0.121267 -0.64739 -0.0501997 0.111749 -0.640469 
-0.00346317 0.116079 -0.644827 0.0257828 0.11089 -0.642265 0.142767 0.0901356 -0.632014 
0.172013 0.084947 -0.629452 0.201259 0.0797584 -0.626889 0.228023 0.0707496 -0.603744 
0.213014 0.0650516 -0.617406 -0.0559348 0.0875245 -0.624065 0.22477 0.0503449 -0.607923 
0.254016 0.0451562 -0.605361 0.283262 0.0399676 -0.602798 0.312508 0.0347789 -0.600235 
0.341754 0.0295903 -0.597673 0.371 0.0244017 -0.59511 0.400245 0.019213 -0.592548 
0.429492 0.0140244 -0.589985 0.458737 0.00883573 -0.587423 0.470493 -0.005871 -0.57794 
-0.0734254 0.0780064 -0.617145 -0.0909159 0.0684884 -0.610224 0.479767 -0.0243979 -0.547873 
0.464758 -0.0300959 -0.561536 -0.108407 0.0589702 -0.603304 -0.125897 0.0494521 -0.596383 
0.459023 -0.0543207 -0.545132 -0.143388 0.039934 -0.589463 -0.160878 0.0304159 -0.582542 
0.453288 -0.0785456 -0.528728 -0.18085 0.0170777 -0.555038 -0.166613 0.0061911 -0.566138 
0.433316 -0.0918837 -0.501225 0.418306 -0.0975817 -0.514887 0.435797 -0.0880636 -0.521808 
-0.184104 -0.00332702 -0.559218 -0.201594 -0.0128451 -0.552297 0.252105 -0.0849767 -0.500196 
0.237095 -0.0906748 -0.513859 0.254586 -0.0811566 -0.520779 0.283832 -0.0863453 -0.518217 
0.281351 -0.0901654 -0.497634 0.313078 -0.0915339 -0.515654 0.310597 -0.095354 -0.495071 
0.342324 -0.0967226 -0.513092 0.339843 -0.100543 -0.492509 0.37157 -0.101911 -0.510529 
0.400816 -0.1071 -0.507967 -0.221566 -0.0261833 -0.524793 -0.20733 -0.03707 -0.535893 
0.158632 -0.0936356 -0.49148 0.143622 -0.0993337 -0.505143 0.161113 -0.0898156 -0.512063 
0.190359 -0.0950042 -0.509501 0.187878 -0.0988243 -0.488918 0.219605 -0.100193 -0.506938 
-0.227301 -0.0504082 -0.50839 -0.213065 -0.0612948 -0.51949 0.0944046 -0.107483 -0.480202 
0.0793952 -0.113181 -0.493864 0.0968858 -0.103663 -0.500785 0.126132 -0.108852 -0.498222 
-0.262282 -0.0694444 -0.494549 -0.248046 -0.080331 -0.505648 -0.230555 -0.0708129 -0.512569 
0.0594235 -0.126519 -0.466361 0.0444141 -0.132217 -0.480023 0.0619047 -0.122699 -0.486944 
-0.265536 -0.0898491 -0.498728 -0.283027 -0.0993672 -0.491807 -0.00480363 -0.140367 -0.455082 
-0.019813 -0.146065 -0.468744 -0.00232241 -0.136547 -0.475665 0.0269236 -0.141736 -0.473102 
-0.271271 -0.114074 -0.482324 -0.242025 -0.119263 -0.479762 -0.212779 -0.124451 -0.477199 
-0.215261 -0.128271 -0.456616 -0.183533 -0.12964 -0.474636 -0.186015 -0.13346 -0.454053 
-0.154287 -0.134829 -0.472074 -0.156769 -0.138649 -0.451491 -0.125041 -0.140017 -0.469511 
-0.127523 -0.143837 -0.448928 -0.0957955 -0.145206 -0.466949 -0.0982767 -0.149026 -0.446366 
-0.0665495 -0.150394 -0.464386 -0.0690307 -0.154215 -0.443803 -0.0373035 -0.155583 -0.461824 
-0.0397847 -0.159403 -0.441241 0.05751 0.109522 -0.660285 0.0717467 0.098635 -0.671385 
0.0892372 0.108153 -0.678305 0.118483 0.102964 -0.675743 0.130239 0.0882577 -0.66626 
-0.0359631 0.100863 -0.651569 -0.00671707 0.0956741 -0.649006 0.00751958 0.0847874 -0.660106 
0.0250101 0.0943055 -0.667027 0.0542561 0.0891169 -0.664464 0.141994 0.073551 -0.656777 
0.168759 0.0645422 -0.633631 0.153749 0.0588442 -0.647294 0.198005 0.0593536 -0.631069 
-0.0416982 0.0766379 -0.635165 -0.0274615 0.0657512 -0.646265 -0.00997097 0.0752693 -0.653186 
0.165505 0.0441375 -0.63781 0.194751 0.0389488 -0.635248 0.223997 0.0337602 -0.632685 
0.253243 0.0285715 -0.630123 0.282489 0.0233829 -0.62756 0.311735 0.0181943 -0.624998 
0.340981 0.0130056 -0.622435 0.370227 0.00781698 -0.619873 0.399473 0.00262834 -0.61731 
0.428719 -0.00256031 -0.614747 0.455484 -0.011569 -0.591602 0.440474 -0.017267 -0.605264 
-0.0766793 0.0576017 -0.621324 -0.0624426 0.046715 -0.632424 -0.0449521 0.0562331 -0.639345 
0.420502 -0.0306052 -0.577761 0.405493 -0.0363032 -0.591423 0.422984 -0.0267852 -0.598344 
0.449748 -0.0357939 -0.575198 -0.109179 0.0423855 -0.628066 -0.12667 0.0328675 -0.621145 
-0.0799332 0.0371969 -0.625503 0.417249 -0.05101 -0.58194 0.444013 -0.0600187 -0.558794 
0.429004 -0.0657168 -0.572457 -0.146642 0.0195293 -0.593642 -0.132405 0.0086426 -0.604742 
0.438278 -0.0842436 -0.542391 0.423269 -0.0899416 -0.556053 -0.149895 -0.000875489 -0.597821 
-0.167386 -0.0103936 -0.5909 0.315559 -0.0877138 -0.536237 0.30055 -0.0934119 -0.5499 
0.31804 -0.0838938 -0.55682 0.347286 -0.0890824 -0.554258 0.344805 -0.0929025 -0.533675 
0.376532 -0.094271 -0.551695 0.374051 -0.0980911 -0.531112 0.405778 -0.0994597 -0.549133 
0.403297 -0.10328 -0.52855 -0.187358 -0.0237318 -0.563397 -0.173121 -0.0346184 -0.574497 
0.163594 -0.0859955 -0.532646 0.148585 -0.0916935 -0.546309 0.166075 -0.0821754 -0.553229 
0.195321 -0.087364 -0.550667 0.19284 -0.0911841 -0.530084 0.224567 -0.0925527 -0.548104 
0.222086 -0.0963728 -0.527521 0.253813 -0.0977413 -0.545542 0.283059 -0.10293 -0.542979 
-0.193093 -0.0479566 -0.546993 -0.178856 -0.0588433 -0.558093 0.070121 -0.0946544 -0.52393 
0.0551117 -0.100352 -0.537593 0.0726022 -0.0908343 -0.544513 0.101848 -0.096023 -0.541951 
0.099367 -0.099843 -0.521368 0.131094 -0.101212 -0.539388 0.128613 -0.105032 -0.518805 
-0.198828 -0.0721814 -0.530589 -0.184591 -0.0830681 -0.541689 0.0643859 -0.118879 -0.507527 
0.0493766 -0.124577 -0.521189 -0.233809 -0.0912177 -0.516748 -0.219572 -0.102104 -0.527848 
-0.202082 -0.0925862 -0.534769 0.000158814 -0.132727 -0.496248 -0.0148505 -0.138425 -0.50991 
0.00264004 -0.128907 -0.516831 0.031886 -0.134095 -0.514268 0.0294048 -0.137915 -0.493685 
-0.26879 -0.110254 -0.502907 -0.239544 -0.115442 -0.500345 -0.207817 -0.116811 -0.518365 
-0.210298 -0.120631 -0.497782 -0.178571 -0.122 -0.515802 -0.181052 -0.12582 -0.495219 
-0.149325 -0.127188 -0.51324 -0.151806 -0.131008 -0.492657 -0.120079 -0.132377 -0.510677 
-0.12256 -0.136197 -0.490094 -0.090833 -0.137566 -0.508115 -0.0933143 -0.141386 -0.487532 
-0.0615871 -0.142754 -0.505552 -0.0640683 -0.146574 -0.484969 -0.0323411 -0.147943 -0.50299 
-0.0348223 -0.151763 -0.482407 0.0859833 0.0877483 -0.682485 0.115229 0.0825597 -0.679922 
0.0217562 0.0739008 -0.671206 0.0510022 0.0687121 -0.668643 0.0652389 0.0578255 -0.679743 
0.0827294 0.0673436 -0.686664 0.111975 0.0621549 -0.684101 0.13874 0.0531462 -0.660956 
0.123731 0.0474482 -0.674618 -0.0132249 0.0548646 -0.657365 0.00101179 0.0439779 -0.668465 
0.0185023 0.053496 -0.675385 0.0477483 0.0483074 -0.672823 0.133005 0.0289214 -0.644552 
0.117996 0.0232234 -0.658215 0.162251 0.0237327 -0.64199 0.191497 0.0185441 -0.639427 
0.220743 0.0133554 -0.636865 0.249989 0.00816681 -0.634302 0.279235 0.00297817 -0.631739 
0.293472 -0.00790848 -0.642839 0.310962 0.00160961 -0.64976 0.340208 -0.00357903 -0.647197 
0.369454 -0.00876768 -0.644635 0.396219 -0.0177764 -0.621489 0.38121 -0.0234744 -0.635152 
0.425465 -0.022965 -0.618927 -0.048206 0.0358284 -0.643524 -0.0339693 0.0249417 -0.654624 
-0.0164788 0.0344598 -0.661544 0.12727 0.00469652 -0.628148 0.112261 -0.00100149 -0.641811 
0.156516 -0.000492119 -0.625586 0.185762 -0.00568076 -0.623023 0.199999 -0.0165674 -0.634123 
0.217489 -0.00704932 -0.641044 0.246735 -0.012238 -0.638481 0.275981 -0.0174266 -0.635919 
0.390484 -0.0420013 -0.605085 0.375475 -0.0476993 -0.618748 -0.112433 0.0219808 -0.632245 
-0.0831871 0.0167922 -0.629683 -0.0689504 0.00590552 -0.640782 -0.0514599 0.0154236 -0.647703 
0.124016 -0.0157082 -0.632328 0.153262 -0.0208969 -0.629765 0.182508 -0.0260855 -0.627203 
0.38723 -0.062406 -0.609265 0.413995 -0.0714148 -0.586119 0.398985 -0.0771128 -0.599782 
-0.118168 -0.00224405 -0.615841 -0.103932 -0.0131307 -0.626941 -0.086441 -0.00361257 -0.633862 
0.40826 -0.0956396 -0.569716 0.39325 -0.101338 -0.583378 -0.153149 -0.0212802 -0.602 
-0.138913 -0.0321669 -0.6131 -0.121422 -0.0226488 -0.620021 0.110065 -0.067978 -0.578937 
0.0950553 -0.073676 -0.5926 0.112546 -0.0641579 -0.59952 0.141792 -0.0693466 -0.596958 
0.139311 -0.0731666 -0.576375 0.171038 -0.0745352 -0.594395 0.168557 -0.0783553 -0.573812 
0.182793 -0.0892419 -0.584912 0.256294 -0.0939212 -0.566125 0.241285 -0.0996192 -0.579787 
0.258776 -0.0901011 -0.586708 0.288022 -0.0952898 -0.584145 0.285541 -0.0991099 -0.563562 
0.317268 -0.100478 -0.581582 0.346514 -0.105667 -0.57902 0.37576 -0.110856 -0.576457 
-0.158884 -0.0455051 -0.585596 -0.144648 -0.0563917 -0.596696 0.0458375 -0.0818256 -0.567659 
0.0308282 -0.0875236 -0.581321 0.0483187 -0.0780055 -0.588242 0.0775647 -0.0831941 -0.585679 
0.0750835 -0.0870142 -0.565096 0.104329 -0.0922029 -0.562534 0.133575 -0.0973915 -0.559971 
0.194549 -0.103949 -0.575429 0.223795 -0.109137 -0.572866 -0.16462 -0.0697299 -0.569193 
-0.150383 -0.0806166 -0.580293 0.0401024 -0.10605 -0.551255 0.025093 -0.111748 -0.564917 
-0.170355 -0.0939548 -0.552789 -0.156118 -0.104841 -0.563889 0.00512126 -0.125087 -0.537414 
-0.00988807 -0.130785 -0.551076 0.00760248 -0.121267 -0.557997 0.0343672 -0.130275 -0.534851 
-0.205336 -0.112991 -0.538948 -0.17609 -0.11818 -0.536385 -0.144363 -0.119548 -0.554406 
-0.146844 -0.123368 -0.533823 -0.115117 -0.124737 -0.551843 -0.117598 -0.128557 -0.53126 
-0.0858706 -0.129925 -0.549281 -0.0883518 -0.133746 -0.528698 -0.0566246 -0.135114 -0.546718 
-0.0591058 -0.138934 -0.526135 -0.0273786 -0.140303 -0.544156 -0.0298598 -0.144123 -0.523573 
0.0794755 0.0469388 -0.690843 0.108722 0.0417502 -0.688281 0.0152484 0.0330913 -0.679565 
0.0444944 0.0279026 -0.677002 0.0587311 0.017016 -0.688102 0.0762216 0.0265341 -0.695022 
0.102986 0.0175253 -0.671877 0.0879771 0.0118273 -0.685539 0.307708 -0.0187952 -0.653939 
0.321945 -0.0296818 -0.665039 0.339435 -0.0201637 -0.67196 0.3662 -0.0291724 -0.648814 
0.351191 -0.0348704 -0.662476 -0.0197327 0.0140551 -0.665723 0.00951332 0.00886641 -0.663161 
0.02375 -0.00202023 -0.674261 0.0412405 0.00749786 -0.681181 0.0972513 -0.00669951 -0.655473 
0.082242 -0.0123975 -0.669136 0.214235 -0.0274541 -0.645223 0.243481 -0.0326427 -0.64266 
0.257718 -0.0435294 -0.65376 0.275208 -0.0340113 -0.660681 0.304454 -0.0391999 -0.658118 
0.362946 -0.0495772 -0.652993 0.374702 -0.0642839 -0.64351 -0.0547138 -0.00498116 -0.651882 
-0.0254678 -0.0101698 -0.64932 -0.0112311 -0.0210564 -0.66042 0.00625942 -0.0115384 -0.66734 
0.0915162 -0.0309244 -0.639069 0.0765068 -0.0366224 -0.652732 0.120762 -0.036113 -0.636507 
0.150008 -0.0413016 -0.633944 0.179254 -0.0464903 -0.631382 0.193491 -0.0573769 -0.642482 
0.210981 -0.0478588 -0.649402 0.240227 -0.0530475 -0.64684 0.383976 -0.0828108 -0.613444 
0.368967 -0.0885088 -0.627106 -0.0896949 -0.0240174 -0.638041 -0.0604489 -0.029206 -0.635479 
-0.0462122 -0.0400927 -0.646578 -0.0287217 -0.0305745 -0.653499 0.085781 -0.0551492 -0.622666 
0.0707717 -0.0608472 -0.636328 0.115027 -0.0603379 -0.620103 0.144273 -0.0655265 -0.617541 
0.173519 -0.0707151 -0.614978 0.205246 -0.0720837 -0.632999 0.202765 -0.0759038 -0.612416 
0.217002 -0.0867904 -0.623515 0.261257 -0.0862811 -0.607291 0.246248 -0.0919791 -0.620953 
0.263738 -0.0824609 -0.627873 0.292984 -0.0876496 -0.625311 0.290503 -0.0914697 -0.604728 
0.32223 -0.0928382 -0.622748 0.319749 -0.0966583 -0.602166 0.351476 -0.0980269 -0.620186 
0.348995 -0.101847 -0.599603 0.378241 -0.107036 -0.59704 -0.124676 -0.0430535 -0.6242 
-0.09543 -0.0482422 -0.621637 -0.0811933 -0.0591288 -0.632737 -0.0637028 -0.0496107 -0.639658 
0.0507999 -0.0741854 -0.608825 0.0357906 -0.0798834 -0.622487 0.0532812 -0.0703653 -0.629408 
0.0800459 -0.079374 -0.606262 0.19703 -0.100129 -0.596012 0.228757 -0.101497 -0.614032 
0.226276 -0.105317 -0.593449 -0.130411 -0.0672784 -0.607796 -0.101165 -0.072467 -0.605234 
-0.0869285 -0.0833537 -0.616333 0.0158188 -0.0932216 -0.594983 0.000809495 -0.0989196 -0.608646 
0.0183 -0.0894015 -0.615566 -0.136146 -0.0915032 -0.591392 -0.12191 -0.10239 -0.602492 
-0.104419 -0.0928718 -0.609413 0.0100837 -0.117446 -0.57858 -0.00492562 -0.123144 -0.592242 
-0.141881 -0.115728 -0.574989 -0.110154 -0.117097 -0.593009 -0.112635 -0.120917 -0.572426 
-0.0809082 -0.122285 -0.590447 -0.0833894 -0.126105 -0.569864 -0.0516622 -0.127474 -0.587884 
-0.0541434 -0.131294 -0.567301 -0.0224162 -0.132663 -0.585322 -0.0248974 -0.136483 -0.564739 
0.0729678 0.00612933 -0.699202 0.336182 -0.0405685 -0.676139 0.0379866 -0.0129069 -0.685361 
0.0672326 -0.0180955 -0.682798 0.271955 -0.054416 -0.66486 0.286191 -0.0653027 -0.67596 
0.303682 -0.0557846 -0.682881 0.332928 -0.0609732 -0.680318 0.359692 -0.0699819 -0.657173 
0.344683 -0.07568 -0.670835 0.00300552 -0.0319431 -0.671519 0.0322515 -0.0371317 -0.668957 
0.0614975 -0.0423204 -0.666394 0.207727 -0.0682636 -0.653582 0.236973 -0.0734522 -0.651019 
0.266219 -0.0786409 -0.648456 0.297947 -0.0800095 -0.666477 0.295465 -0.0838295 -0.645894 
0.327193 -0.0851981 -0.663914 0.324711 -0.0890182 -0.643331 0.353957 -0.0942068 -0.640769 
-0.0319756 -0.0509793 -0.657678 -0.0027296 -0.0561679 -0.655116 0.0115071 -0.0670546 -0.666216 
0.0289976 -0.0575365 -0.673136 0.0557624 -0.0665452 -0.64999 0.040753 -0.0722433 -0.663653 
0.231238 -0.0976771 -0.634615 -0.0669567 -0.0700155 -0.643837 -0.0377107 -0.0752041 -0.641275 
-0.023474 -0.0860908 -0.652374 -0.00598349 -0.0765727 -0.659295 0.0207813 -0.0855814 -0.636149 
0.00577194 -0.0912794 -0.649812 0.0232625 -0.0817613 -0.656732 -0.0726918 -0.0942403 -0.627433 
-0.0584552 -0.105127 -0.638533 -0.0409646 -0.0956089 -0.645454 -0.0141998 -0.104618 -0.622308 
-0.0292092 -0.110316 -0.635971 -0.0117186 -0.100798 -0.642891 -0.107673 -0.113277 -0.613592 
-0.0784269 -0.118465 -0.61103 -0.0466997 -0.119834 -0.62905 -0.0491809 -0.123654 -0.608467 
-0.019935 -0.128842 -0.605905 0.300428 -0.0761893 -0.68706 0.329674 -0.081378 -0.684497 
0.0257437 -0.0779413 -0.677315 -0.00923739 -0.0969774 -0.663474 -0.0442185 -0.116014 -0.649633 

POLYGONS 8201 24600
OFFSETS vtktypeint64
0 3 6 9 12 15 18 21 24 
27 30 33 36 39 42 45 48 51 
54 57 60 63 66 69 72 75 78 
81 84 87 90 93 96 99 102 105 
108 111 114 117 120 123 126 129 132 
135 138 141 144 147 150 153 156 159 
162 165 168 171 174 177 180 183 186 
189 192 195 198 201 204 207 210 213 
216 219 222 225 228 231 234 237 240 
243 246 249 252 255 258 261 264 267 
270 273 276 279 282 285 288 291 294 
297 300 303 306 309 312 315 318 321 
324 327 330 333 336 339 342 345 348 
351 354 357 360 363 366 369 372 375 
378 381 384 387 390 393 396 399 402 
405 408 411 414 417 420 423 426 429 
432 435 438 441 444 447 450 453 456 
459 462 465 468 471 474 477 480 483 
486 489 492 495 498 501 504 507 510 
513 516 519 522 525 528 531 534 537 
540 543 546 549 552 555 558 561 564 
567 570 573 576 579 582 585 588 591 
594 597 600 603 606 609 612 615 618 
621 624 627 630 633 636 639 642 645 
648 651 654 657 660 663 666 669 672 
675 678 681 684 687 690 693 696 699 
702 705 708 711 714 717 720 723 726 
729 732 735 738 741 744 747 750 753 
756 759 762 765 768 771 774 777 780 
783 786 789 792 795 798 801 804 807 
810 813 816 819 822 825 828 831 834 
837 840 843 846 849 852 855 858 861 
864 867 870 873 876 879 882 885 888 
891 894 897 900 903 906 909 912 915 
918 921 924 927 930 933 936 939 942 
945 948 951 954 957 960 963 966 969 
972 975 978 981 984 987 990 993 996 
999 1002 1005 1008 1011 1014 1017 1020 1023 
1026 1029 1032 1035 1038 1041 1044 1047 1050 
1053 1056 1059 1062 1065 1068 1071 1074 1077 
1080 1083 1086 1089 1092 1095 1098 1101 1104 
1107 1110 1113 1116 1119 1122 1125 1128 1131 
1134 1137 1140 1143 1146 1149 1152 1155 1158 
1161 1164 1167 1170 1173 1176 1179 1182 1185 
1188 1191 1194 1197 1200 1203 1206 1209 1212 
1215 1218 1221 1224 1227 1230 1233 1236 1239 
1242 1245 1248 1251 1254 1257 1260 1263 1266 
1269 1272 1275 1278 1281 1284 1287 1290 1293 
1296 1299 1302 1305 1308 1311 1314 1317 1320 
1323 1326 1329 1332 1335 1338 1341 1344 1347 
1350 1353 1356 1359 1362 1365 1368 1371 1374 
1377 1380 1383 1386 1389 1392 1395 1398 1401 
1404 1407 1410 1413 1416 1419 1422 1425 1428 
1431 1434 1437 1440 1443 1446 1449 1452 1455 
1458 1461 1464 1467 1470 1473 1476 1479 1482 
1485 1488 1491 1494 1497 1500 1503 1506 1509 
1512 1515 1518 1521 1524 1527 1530 1533 1536 
1539 1542 1545 1548 1551 1554 1557 1560 1563 
1566 1569 1572 1575 1578 1581 1584 1587 1590 
1593 1596 1599 1602 1605 1608 1611 1614 1617 
1620 1623 1626 1629 1632 1635 1638 1641 1644 
1647 1650 1653 1656 1659 1662 1665 1668 1671 
1674 1677 1680 1683 1686 1689 1692 1695 1698 
1701 1704 1707 1710 1713 1716 1719 1722 1725 
1728 1731 1734 1737 1740 1743 1746 1749 1752 
1755 1758 1761 1764 1767 1770 1773 1776 1779 
1782 1785 1788 1791 1794 1797 1800 1803 1806 
1809 1812 1815 1818 1821 1824 1827 1830 1833 
1836 1839 1842 1845 1848 1851 1854 1857 1860 
1863 1866 1869 1872 1875 1878 1881 1884 1887 
1890 1893 1896 1899 1902 1905 1908 1911 1914 
1917 1920 1923 1926 1929 1932 1935 1938 1941 
1944 1947 1950 1953 1956 1959 1962 1965 1968 
1971 1974 1977 1980 1983 1986 1989 1992 1995 
1998 2001 2004 2007 2010 2013 2016 2019 2022 
2025 2028 2031 2034 2037 2040 2043 2046 2049 
2052 2055 2058 2061 2064 2067 2070 2073 2076 
2079 2082 2085 2088 2091 2094 2097 2100 2103 
2106 2109 2112 2115 2118 2121 2124 2127 2130 
2133 2136 2139 2142 2145 2148 2151 2154 2157 
2160 2163 2166 2169 2172 2175 2178 2181 2184 
2187 2190 2193 2196 2199 2202 2205 2208 2211 
2214 2217 2220 2223 2226 2229 2232 2235 2238 
2241 2244 2247 2250 2253 2256 2259 2262 2265 
2268 2271 2274 2277 2280 2283 2286 2289 2292 
2295 2298 2301 2304 2307 2310 2313 2316 2319 
2322 2325 2328 2331 2334 2337 2340 2343 2346 
2349 2352 2355 2358 2361 2364 2367 2370 2373 
2376 2379 2382 2385 2388 2391 2394 2397 2400 
2403 2406 2409 2412 2415 2418 2421 2424 2427 
2430 2433 2436 2439 2442 2445 2448 2451 2454 
2457 2460 2463 2466 2469 2472 2475 2478 2481 
2484 2487 2490 2493 2496 2499 2502 2505 2508 
2511 2514 2517 2520 2523 2526 2529 2532 2535 
2538 2541 2544 2547 2550 2553 2556 2559 2562 
2565 2568 2571 2574 2577 2580 2583 2586 2589 
2592 2595 2598 2601 2604 2607 2610 2613 2616 
2619 2622 2625 2628 2631 2634 2637 2640 2643 
2646 2649 2652 2655 2658 2661 2664 2667 2670 
2673 2676 2679 2682 2685 2688 2691 2694 2697 
2700 2703 2706 2709 2712 2715 2718 2721 2724 
2727 2730 2733 2736 2739 2742 2745 2748 2751 
2754 2757 2760 2763 2766 2769 2772 2775 2778 
2781 2784 2787 2790 2793 2796 2799 2802 2805 
2808 2811 2814 2817 2820 2823 2826 2829 2832 
2835 2838 2841 2844 2847 2850 2853 2856 2859 
2862 2865 2868 2871 2874 2877 2880 2883 2886 
2889 2892 2895 2898 2901 2904 2907 2910 2913 
2916 2919 2922 2925 2928 2931 2934 2937 2940 
2943 2946 2949 2952 2955 2958 2961 2964 2967 
2970 2973 2976 2979 2982 2985 2988 2991 2994 
2997 3000 3003 3006 3009 3012 3015 3018 3021 
3024 3027 3030 3033 3036 3039 3042 3045 3048 
3051 3054 3057 3060 3063 3066 3069 3072 3075 
3078 3081 3084 3087 3090 3093 3096 3099 3102 
3105 3108 3111 3114 3117 3120 3123 3126 3129 
3132 3135 3138 3141 3144 3147 3150 3153 3156 
3159 3162 3165 3168 3171 3174 3177 3180 3183 
3186 3189 3192 3195 3198 3201 3204 3207 3210 
3213 3216 3219 3222 3225 3228 3231 3234 3237 
3240 3243 3246 3249 3252 3255 3258 3261 3264 
3267 3270 3273 3276 3279 3282 3285 3288 3291 
3294 3297 3300 3303 3306 3309 3312 3315 3318 
3321 3324 3327 3330 3333 3336 3339 3342 3345 
3348 3351 3354 3357 3360 3363 3366 3369 3372 
3375 3378 3381 3384 3387 3390 3393 3396 3399 
3402 3405 3408 3411 3414 3417 3420 3423 3426 
3429 3432 3435 3438 3441 3444 3447 3450 3453 
3456 3459 3462 3465 3468 3471 3474 3477 3480 
3483 3486 3489 3492 3495 3498 3501 3504 3507 
3510 3513 3516 3519 3522 3525 3528 3531 3534 
3537 3540 3543 3546 3549 3552 3555 3558 3561 
3564 3567 3570 3573 3576 3579 3582 3585 3588 
3591 3594 3597 3600 3603 3606 3609 3612 3615 
3618 3621 3624 3627 3630 3633 3636 3639 3642 
3645 3648 3651 3654 3657 3660 3663 3666 3669 
3672 3675 3678 3681 3684 3687 3690 3693 3696 
3699 3702 3705 3708 3711 3714 3717 3720 3723 
3726 3729 3732 3735 3738 3741 3744 3747 3750 
3753 3756 3759 3762 3765 3768 3771 3774 3777 
3780 3783 3786 3789 3792 3795 3798 3801 3804 
3807 3810 3813 3816 3819 3822 3825 3828 3831 
3834 3837 3840 3843 3846 3849 3852 3855 3858 
3861 3864 3867 3870 3873 3876 3879 3882 3885 
3888 3891 3894 3897 3900 3903 3906 3909 3912 
3915 3918 3921 3924 3927 3930 3933 3936 3939 
3942 3945 3948 3951 3954 3957 3960 3963 3966 
3969 3972 3975 3978 3981 3984 3987 3990 3993 
3996 3999 4002 4005 4008 4011 4014 4017 4020 
4023 4026 4029 4032 4035 4038 4041 4044 4047 
4050 4053 4056 4059 4062 4065 4068 4071 4074 
4077 4080 4083 4086 4089 4092 4095 4098 4101 
4104 4107 4110 4113 4116 4119 4122 4125 4128 
4131 4134 4137 4140 4143 4146 4149 4152 4155 
4158 4161 4164 4167 4170 4173 4176 4179 4182 
4185 4188 4191 4194 4197 4200 4203 4206 4209 
4212 4215 4218 4221 4224 4227 4230 4233 4236 
4239 4242 4245 4248 4251 4254 4257 4260 4263 
4266 4269 4272 4275 4278 4281 4284 4287 4290 
4293 4296 4299 4302 4305 4308 4311 4314 4317 
4320 4323 4326 4329 4332 4335 4338 4341 4344 
4347 4350 4353 4356 4359 4362 4365 4368 4371 
4374 4377 4380 4383 4386 4389 4392 4395 4398 
4401 4404 4407 4410 4413 4416 4419 4422 4425 
4428 4431 4434 4437 4440 4443 4446 4449 4452 
4455 4458 4461 4464 4467 4470 4473 4476 4479 
4482 4485 4488 4491 4494 4497 4500 4503 4506 
4509 4512 4515 4518 4521 4524 4527 4530 4533 
4536 4539 4542 4545 4548 4551 4554 4557 4560 
4563 4566 4569 4572 4575 4578 4581 4584 4587 
4590 4593 4596 4599 4602 4605 4608 4611 4614 
4617 4620 4623 4626 4629 4632 4635 4638 4641 
4644 4647 4650 4653 4656 4659 4662 4665 4668 
4671 4674 4677 4680 4683 4686 4689 4692 4695 
4698 4701 4704 4707 4710 4713 4716 4719 4722 
4725 4728 4731 4734 4737 4740 4743 4746 4749 
4752 4755 4758 4761 4764 4767 4770 4773 4776 
4779 4782 4785 4788 4791 4794 4797 4800 4803 
4806 4809 4812 4815 4818 4821 4824 4827 4830 
4833 4836 4839 4842 4845 4848 4851 4854 4857 
4860 4863 4866 4869 4872 4875 4878 4881 4884 
4887 4890 4893 4896 4899 4902 4905 4908 4911 
4914 4917 4920 4923 4926 4929 4932 4935 4938 
4941 4944 4947 4950 4953 4956 4959 4962 4965 
4968 4971 4974 4977 4980 4983 4986 4989 4992 
4995 4998 5001 5004 5007 5010 5013 5016 5019 
5022 5025 5028 5031 5034 5037 5040 5043 5046 
5049 5052 5055 5058 5061 5064 5067 5070 5073 
5076 5079 5082 5085 5088 5091 5094 5097 5100 
5103 5106 5109 5112 5115 5118 5121 5124 5127 
5130 5133 5136 5139 5142 5145 5148 5151 5154 
5157 5160 5163 5166 5169 5172 5175 5178 5181 
5184 5187 5190 5193 5196 5199 5202 5205 5208 
5211 5214 5217 5220 5223 5226 5229 5232 5235 
5238 5241 5244 5247 5250 5253 5256 5259 5262 
5265 5268 5271 5274 5277 5280 5283 5286 5289 
5292 5295 5298 5301 5304 5307 5310 5313 5316 
5319 5322 5325 5328 5331 5334 5337 5340 5343 
5346 5349 5352 5355 5358 5361 5364 5367 5370 
5373 5376 5379 5382 5385 5388 5391 5394 5397 
5400 5403 5406 5409 5412 5415 5418 5421 5424 
5427 5430 5433 5436 5439 5442 5445 5448 5451 
5454 5457 5460 5463 5466 5469 5472 5475 5478 
5481 5484 5487 5490 5493 5496 5499 5502 5505 
5508 5511 5514 5517 5520 5523 5526 5529 5532 
5535 5538 5541 5544 5547 5550 5553 5556 5559 
5562 5565 5568 5571 5574 5577 5580 5583 5586 
5589 5592 5595 5598 5601 5604 5607 5610 5613 
5616 5619 5622 5625 5628 5631 5634 5637 5640 
5643 5646 5649 5652 5655 5658 5661 5664 5667 
5670 5673 5676 5679 5682 5685 5688 5691 5694 
5697 5700 5703 5706 5709 5712 5715 5718 5721 
5724 5727 5730 5733 5736 5739 5742 5745 5748 
5751 5754 5757 5760 5763 5766 5769 5772 5775 
5778 5781 5784 5787 5790 5793 5796 5799 5802 
5805 5808 5811 5814 5817 5820 5823 5826 5829 
5832 5835 5838 5841 5844 5847 5850 5853 5856 
5859 5862 5865 5868 5871 5874 5877 5880 5883 
5886 5889 5892 5895 5898 5901 5904 5907 5910 
5913 5916 5919 5922 5925 5928 5931 5934 5937 
5940 5943 5946 5949 5952 5955 5958 5961 5964 
5967 5970 5973 5976 5979 5982 5985 5988 5991 
5994 5997 6000 6003 6006 6009 6012 6015 6018 
6021 6024 6027 6030 6033 6036 6039 6042 6045 
6048 6051 6054 6057 6060 6063 6066 6069 6072 
6075 6078 6081 6084 6087 6090 6093 6096 6099 
6102 6105 6108 6111 6114 6117 6120 6123 6126 
6129 6132 6135 6138 6141 6144 6147 6150 6153 
6156 6159 6162 6165 6168 6171 6174 6177 6180 
6183 6186 6189 6192 6195 6198 6201 6204 6207 
6210 6213 6216 6219 6222 6225 6228 6231 6234 
6237 6240 6243 6246 6249 6252 6255 6258 6261 
6264 6267 6270 6273 6276 6279 6282 6285 6288 
6291 6294 6297 6300 6303 6306 6309 6312 6315 
6318 6321 6324 6327 6330 6333 6336 6339 6342 
6345 6348 6351 6354 6357 6360 6363 6366 6369 
6372 6375 6378 6381 6384 6387 6390 6393 6396 
6399 6402 6405 6408 6411 6414 6417 6420 6423 
6426 6429 6432 6435 6438 6441 6444 6447 6450 
6453 6456 6459 6462 6465 6468 6471 6474 6477 
6480 6483 6486 6489 6492 6495 6498 6501 6504 
6507 6510 6513 6516 6519 6522 6525 6528 6531 
6534 6537 6540 6543 6546 6549 6552 6555 6558 
6561 6564 6567 6570 6573 6576 6579 6582 6585 
6588 6591 6594 6597 6600 6603 6606 6609 6612 
6615 6618 6621 6624 6627 6630 6633 6636 6639 
6642 6645 6648 6651 6654 6657 6660 6663 6666 
6669 6672 6675 6678 6681 6684 6687 6690 6693 
6696 6699 6702 6705 6708 6711 6714 6717 6720 
6723 6726 6729 6732 6735 6738 6741 6744 6747 
6750 6753 6756 6759 6762 6765 6768 6771 6774 
6777 6780 6783 6786 6789 6792 6795 6798 6801 
6804 6807 6810 6813 6816 6819 6822 6825 6828 
6831 6834 6837 6840 6843 6846 6849 6852 6855 
6858 6861 6864 6867 6870 6873 6876 6879 6882 
6885 6888 6891 6894 6897 6900 6903 6906 6909 
6912 6915 6918 6921 6924 6927 6930 6933 6936 
6939 6942 6945 6948 6951 6954 6957 6960 6963 
6966 6969 6972 6975 6978 6981 6984 6987 6990 
6993 6996 6999 7002 7005 7008 7011 7014 7017 
7020 7023 7026 7029 7032 7035 7038 7041 7044 
7047 7050 7053 7056 7059 7062 7065 7068 7071 
7074 7077 7080 7083 7086 7089 7092 7095 7098 
7101 7104 7107 7110 7113 7116 7119 7122 7125 
7128 7131 7134 7137 7140 7143 7146 7149 7152 
7155 7158 7161 7164 7167 7170 7173 7176 7179 
7182 7185 7188 7191 7194 7197 7200 7203 7206 
7209 7212 7215 7218 7221 7224 7227 7230 7233 
7236 7239 7242 7245 7248 7251 7254 7257 7260 
7263 7266 7269 7272 7275 7278 7281 7284 7287 
7290 7293 7296 7299 7302 7305 7308 7311 7314 
7317 7320 7323 7326 7329 7332 7335 7338 7341 
7344 7347 7350 7353 7356 7359 7362 7365 7368 
7371 7374 7377 7380 7383 7386 7389 7392 7395 
7398 7401 7404 7407 7410 7413 7416 7419 7422 
7425 7428 7431 7434 7437 7440 7443 7446 7449 
7452 7455 7458 7461 7464 7467 7470 7473 7476 
7479 7482 7485 7488 7491 7494 7497 7500 7503 
7506 7509 7512 7515 7518 7521 7524 7527 7530 
7533 7536 7539 7542 7545 7548 7551 7554 7557 
7560 7563 7566 7569 7572 7575 7578 7581 7584 
7587 7590 7593 7596 7599 7602 7605 7608 7611 
7614 7617 7620 7623 7626 7629 7632 7635 7638 
7641 7644 7647 7650 7653 7656 7659 7662 7665 
7668 7671 7674 7677 7680 7683 7686 7689 7692 
7695 7698 7701 7704 7707 7710 7713 7716 7719 
7722 7725 7728 7731 7734 7737 7740 7743 7746 
7749 7752 7755 7758 7761 7764 7767 7770 7773 
7776 7779 7782 7785 7788 7791 7794 7797 7800 
7803 7806 7809 7812 7815 7818 7821 7824 7827 
7830 7833 7836 7839 7842 7845 7848 7851 7854 
7857 7860 7863 7866 7869 7872 7875 7878 7881 
7884 7887 7890 7893 7896 7899 7902 7905 7908 
7911 7914 7917 7920 7923 7926 7929 7932 7935 
7938 7941 7944 7947 7950 7953 7956 7959 7962 
7965 7968 7971 7974 7977 7980 7983 7986 7989 
7992 7995 7998 8001 8004 8007 8010 8013 8016 
8019 8022 8025 8028 8031 8034 8037 8040 8043 
8046 8049 8052 8055 8058 8061 8064 8067 8070 
8073 8076 8079 8082 8085 8088 8091 8094 8097 
8100 8103 8106 8109 8112 8115 8118 8121 8124 
8127 8130 8133 8136 8139 8142 8145 8148 8151 
8154 8157 8160 8163 8166 8169 8172 8175 8178 
8181 8184 8187 8190 8193 8196 8199 8202 8205 
8208 8211 8214 8217 8220 8223 8226 8229 8232 
8235 8238 8241 8244 8247 8250 8253 8256 8259 
8262 8265 8268 8271 8274 8277 8280 8283 8286 
8289 8292 8295 8298 8301 8304 8307 8310 8313 
8316 8319 8322 8325 8328 8331 8334 8337 8340 
8343 8346 8349 8352 8355 8358 8361 8364 8367 
8370 8373 8376 8379 8382 8385 8388 8391 8394 
8397 8400 8403 8406 8409 8412 8415 8418 8421 
8424 8427 8430 8433 8436 8439 8442 8445 8448 
8451 8454 8457 8460 8463 8466 8469 8472 8475 
8478 8481 8484 8487 8490 8493 8496 8499 8502 
8505 8508 8511 8514 8517 8520 8523 8526 8529 
8532 8535 8538 8541 8544 8547 8550 8553 8556 
8559 8562 8565 8568 8571 8574 8577 8580 8583 
8586 8589 8592 8595 8598 8601 8604 8607 8610 
8613 8616 8619 8622 8625 8628 8631 8634 8637 
8640 8643 8646 8649 8652 8655 8658 8661 8664 
8667 8670 8673 8676 8679 8682 8685 8688 8691 
8694 8697 8700 8703 8706 8709 8712 8715 8718 
8721 8724 8727 8730 8733 8736 8739 8742 8745 
8748 8751 8754 8757 8760 8763 8766 8769 8772 
8775 8778 8781 8784 8787 8790 8793 8796 8799 
8802 8805 8808 8811 8814 8817 8820 8823 8826 
8829 8832 8835 8838 8841 8844 8847 8850 8853 
8856 8859 8862 8865 8868 8871 8874 8877 8880 
8883 8886 8889 8892 8895 8898 8901 8904 8907 
8910 8913 8916 8919 8922 8925 8928 8931 8934 
8937 8940 8943 8946 8949 8952 8955 8958 8961 
8964 8967 8970 8973 8976 8979 8982 8985 8988 
8991 8994 8997 9000 9003 9006 9009 9012 9015 
9018 9021 9024 9027 9030 9033 9036 9039 9042 
9045 9048 9051 9054 9057 9060 9063 9066 9069 
9072 9075 9078 9081 9084 9087 9090 9093 9096 
9099 9102 9105 9108 9111 9114 9117 9120 9123 
9126 9129 9132 9135 9138 9141 9144 9147 9150 
9153 9156 9159 9162 9165 9168 9171 9174 9177 
9180 9183 9186 9189 9192 9195 9198 9201 9204 
9207 9210 9213 9216 9219 9222 9225 9228 9231 
9234 9237 9240 9243 9246 9249 9252 9255 9258 
9261 9264 9267 9270 9273 9276 9279 9282 9285 
9288 9291 9294 9297 9300 9303 9306 9309 9312 
9315 9318 9321 9324 9327 9330 9333 9336 9339 
9342 9345 9348 9351 9354 9357 9360 9363 9366 
9369 9372 9375 9378 9381 9384 9387 9390 9393 
9396 9399 9402 9405 9408 9411 9414 9417 9420 
9423 9426 9429 9432 9435 9438 9441 9444 9447 
9450 9453 9456 9459 9462 9465 9468 9471 9474 
9477 9480 9483 9486 9489 9492 9495 9498 9501 
9504 9507 9510 9513 9516 9519 9522 9525 9528 
9531 9534 9537 9540 9543 9546 9549 9552 9555 
9558 9561 9564 9567 9570 9573 9576 9579 9582 
9585 9588 9591 9594 9597 9600 9603 9606 9609 
9612 9615 9618 9621 9624 9627 9630 9633 9636 
9639 9642 9645 9648 9651 9654 9657 9660 9663 
9666 9669 9672 9675 9678 9681 9684 9687 9690 
9693 9696 9699 9702 9705 9708 9711 9714 9717 
9720 9723 9726 9729 9732 9735 9738 9741 9744 
9747 9750 9753 9756 9759 9762 9765 9768 9771 
9774 9777 9780 9783 9786 9789 9792 9795 9798 
9801 9804 9807 9810 9813 9816 9819 9822 9825 
9828 9831 9834 9837 9840 9843 9846 9849 9852 
9855 9858 9861 9864 9867 9870 9873 9876 9879 
9882 9885 9888 9891 9894 9897 9900 9903 9906 
9909 9912 9915 9918 9921 9924 9927 9930 9933 
9936 9939 9942 9945 9948 9951 9954 9957 9960 
9963 9966 9969 9972 9975 9978 9981 9984 9987 
9990 9993 9996 9999 10002 10005 10008 10011 10014 
10017 10020 10023 10026 10029 10032 10035 10038 10041 
10044 10047 10050 10053 10056 10059 10062 10065 10068 
10071 10074 10077 10080 10083 10086 10089 10092 10095 
10098 10101 10104 10107 10110 10113 10116 10119 10122 
10125 10128 10131 10134 10137 10140 10143 10146 10149 
10152 10155 10158 10161 10164 10167 10170 10173 10176 
10179 10182 10185 10188 10191 10194 10197 10200 10203 
10206 10209 10212 10215 10218 10221 10224 10227 10230 
10233 10236 10239 10242 10245 10248 10251 10254 10257 
10260 10263 10266 10269 10272 10275 10278 10281 10284 
10287 10290 10293 10296 10299 10302 10305 10308 10311 
10314 10317 10320 10323 10326 10329 10332 10335 10338 
10341 10344 10347 10350 10353 10356 10359 10362 10365 
10368 10371 10374 10377 10380 10383 10386 10389 10392 
10395 10398 10401 10404 10407 10410 10413 10416 10419 
10422 10425 10428 10431 10434 10437 10440 10443 10446 
10449 10452 10455 10458 10461 10464 10467 10470 10473 
10476 10479 10482 10485 10488 10491 10494 10497 10500 
10503 10506 10509 10512 10515 10518 10521 10524 10527 
10530 10533 10536 10539 10542 10545 10548 10551 10554 
10557 10560 10563 10566 10569 10572 10575 10578 10581 
10584 10587 10590 10593 10596 10599 10602 10605 10608 
10611 10614 10617 10620 10623 10626 10629 10632 10635 
10638 10641 10644 10647 10650 10653 10656 10659 10662 
10665 10668 10671 10674 10677 10680 10683 10686 10689 
10692 10695 10698 10701 10704 10707 10710 10713 10716 
10719 10722 10725 10728 10731 10734 10737 10740 10743 
10746 10749 10752 10755 10758 10761 10764 10767 10770 
10773 10776 10779 10782 10785 10788 10791 10794 10797 
10800 10803 10806 10809 10812 10815 10818 10821 10824 
10827 10830 10833 10836 10839 10842 10845 10848 10851 
10854 10857 10860 10863 10866 10869 10872 10875 10878 
10881 10884 10887 10890 10893 10896 10899 10902 10905 
10908 10911 10914 10917 10920 10923 10926 10929 10932 
10935 10938 10941 10944 10947 10950 10953 10956 10959 
10962 10965 10968 10971 10974 10977 10980 10983 10986 
10989 10992 10995 10998 11001 11004 11007 11010 11013 
11016 11019 11022 11025 11028 11031 11034 11037 11040 
11043 11046 11049 11052 11055 11058 11061 11064 11067 
11070 11073 11076 11079 11082 11085 11088 11091 11094 
11097 11100 11103 11106 11109 11112 11115 11118 11121 
11124 11127 11130 11133 11136 11139 11142 11145 11148 
11151 11154 11157 11160 11163 11166 11169 11172 11175 
11178 11181 11184 11187 11190 11193 11196 11199 11202 
11205 11208 11211 11214 11217 11220 11223 11226 11229 
11232 11235 11238 11241 11244 11247 11250 11253 11256 
11259 11262 11265 11268 11271 11274 11277 11280 11283 
11286 11289 11292 11295 11298 11301 11304 11307 11310 
11313 11316 11319 11322 11325 11328 11331 11334 11337 
11340 11343 11346 11349 11352 11355 11358 11361 11364 
11367 11370 11373 11376 11379 11382 11385 11388 11391 
11394 11397 11400 11403 11406 11409 11412 11415 11418 
11421 11424 11427 11430 11433 11436 11439 11442 11445 
11448 11451 11454 11457 11460 11463 11466 11469 11472 
11475 11478 11481 11484 11487 11490 11493 11496 11499 
11502 11505 11508 11511 11514 11517 11520 11523 11526 
11529 11532 11535 11538 11541 11544 11547 11550 11553 
11556 11559 11562 11565 11568 11571 11574 11577 11580 
11583 11586 11589 11592 11595 11598 11601 11604 11607 
11610 11613 11616 11619 11622 11625 11628 11631 11634 
11637 11640 11643 11646 11649 11652 11655 11658 11661 
11664 11667 11670 11673 11676 11679 11682 11685 11688 
11691 11694 11697 11700 11703 11706 11709 11712 11715 
11718 11721 11724 11727 11730 11733 11736 11739 11742 
11745 11748 11751 11754 11757 11760 11763 11766 11769 
11772 11775 11778 11781 11784 11787 11790 11793 11796 
11799 11802 11805 11808 11811 11814 11817 11820 11823 
11826 11829 11832 11835 11838 11841 11844 11847 11850 
11853 11856 11859 11862 11865 11868 11871 11874 11877 
11880 11883 11886 11889 11892 11895 11898 11901 11904 
11907 11910 11913 11916 11919 11922 11925 11928 11931 
11934 11937 11940 11943 11946 11949 11952 11955 11958 
11961 11964 11967 11970 11973 11976 11979 11982 11985 
11988 11991 11994 11997 12000 12003 12006 12009 12012 
12015 12018 12021 12024 12027 12030 12033 12036 12039 
12042 12045 12048 12051 12054 12057 12060 12063 12066 
12069 12072 12075 12078 12081 12084 12087 12090 12093 
12096 12099 12102 12105 12108 12111 12114 12117 12120 
12123 12126 12129 12132 12135 12138 12141 12144 12147 
12150 12153 12156 12159 12162 12165 12168 12171 12174 
12177 12180 12183 12186 12189 12192 12195 12198 12201 
12204 12207 12210 12213 12216 12219 12222 12225 12228 
12231 12234 12237 12240 12243 12246 12249 12252 12255 
12258 12261 12264 12267 12270 12273 12276 12279 12282 
12285 12288 12291 12294 12297 12300 12303 12306 12309 
12312 12315 12318 12321 12324 12327 12330 12333 12336 
12339 12342 12345 12348 12351 12354 12357 12360 12363 
12366 12369 12372 12375 12378 12381 12384 12387 12390 
12393 12396 12399 12402 12405 12408 12411 12414 12417 
12420 12423 12426 12429 12432 12435 12438 12441 12444 
12447 12450 12453 12456 12459 12462 12465 12468 12471 
12474 12477 12480 12483 12486 12489 12492 12495 12498 
12501 12504 12507 12510 12513 12516 12519 12522 12525 
12528 12531 12534 12537 12540 12543 12546 12549 12552 
12555 12558 12561 12564 12567 12570 12573 12576 12579 
12582 12585 12588 12591 12594 12597 12600 12603 12606 
12609 12612 12615 12618 12621 12624 12627 12630 12633 
12636 12639 12642 12645 12648 12651 12654 12657 12660 
12663 12666 12669 12672 12675 12678 12681 12684 12687 
12690 12693 12696 12699 12702 12705 12708 12711 12714 
12717 12720 12723 12726 12729 12732 12735 12738 12741 
12744 12747 12750 12753 12756 12759 12762 12765 12768 
12771 12774 12777 12780 12783 12786 12789 12792 12795 
12798 12801 12804 12807 12810 12813 12816 12819 12822 
12825 12828 12831 12834 12837 12840 12843 12846 12849 
12852 12855 12858 12861 12864 12867 12870 12873 12876 
12879 12882 12885 12888 12891 12894 12897 12900 12903 
12906 12909 12912 12915 12918 12921 12924 12927 12930 
12933 12936 12939 12942 12945 12948 12951 12954 12957 
12960 12963 12966 12969 12972 12975 12978 12981 12984 
12987 12990 12993 12996 12999 13002 13005 13008 13011 
13014 13017 13020 13023 13026 13029 13032 13035 13038 
13041 13044 13047 13050 13053 13056 13059 13062 13065 
13068 13071 13074 13077 13080 13083 13086 13089 13092 
13095 13098 13101 13104 13107 13110 13113 13116 13119 
13122 13125 13128 13131 13134 13137 13140 13143 13146 
13149 13152 13155 13158 13161 13164 13167 13170 13173 
13176 13179 13182 13185 13188 13191 13194 13197 13200 
13203 13206 13209 13212 13215 13218 13221 13224 13227 
13230 13233 13236 13239 13242 13245 13248 13251 13254 
13257 13260 13263 13266 13269 13272 13275 13278 13281 
13284 13287 13290 13293 13296 13299 13302 13305 13308 
13311 13314 13317 13320 13323 13326 13329 13332 13335 
13338 13341 13344 13347 13350 13353 13356 13359 13362 
13365 13368 13371 13374 13377 13380 13383 13386 13389 
13392 13395 13398 13401 13404 13407 13410 13413 13416 
13419 13422 13425 13428 13431 13434 13437 13440 13443 
13446 13449 13452 13455 13458 13461 13464 13467 13470 
13473 13476 13479 13482 13485 13488 13491 13494 13497 
13500 13503 13506 13509 13512 13515 13518 13521 13524 
13527 13530 13533 13536 13539 13542 13545 13548 13551 
13554 13557 13560 13563 13566 13569 13572 13575 13578 
13581 13584 13587 13590 13593 13596 13599 13602 13605 
13608 13611 13614 13617 13620 13623 13626 13629 13632 
13635 13638 13641 13644 13647 13650 13653 13656 13659 
13662 13665 13668 13671 13674 13677 13680 13683 13686 
13689 13692 13695 13698 13701 13704 13707 13710 13713 
13716 13719 13722 13725 13728 13731 13734 13737 13740 
13743 13746 13749 13752 13755 13758 13761 13764 13767 
13770 13773 13776 13779 13782 13785 13788 13791 13794 
13797 13800 13803 13806 13809 13812 13815 13818 13821 
13824 13827 13830 13833 13836 13839 13842 13845 13848 
13851 13854 13857 13860 13863 13866 13869 13872 13875 
13878 13881 13884 13887 13890 13893 13896 13899 13902 
13905 13908 13911 13914 13917 13920 13923 13926 13929 
13932 13935 13938 13941 13944 13947 13950 13953 13956 
13959 13962 13965 13968 13971 13974 13977 13980 13983 
13986 13989 13992 13995 13998 14001 14004 14007 14010 
14013 14016 14019 14022 14025 14028 14031 14034 14037 
14040 14043 14046 14049 14052 14055 14058 14061 14064 
14067 14070 14073 14076 14079 14082 14085 14088 14091 
14094 14097 14100 14103 14106 14109 14112 14115 14118 
14121 14124 14127 14130 14133 14136 14139 14142 14145 
14148 14151 14154 14157 14160 14163 14166 14169 14172 
14175 14178 14181 14184 14187 14190 14193 14196 14199 
14202 14205 14208 14211 14214 14217 14220 14223 14226 
14229 14232 14235 14238 14241 14244 14247 14250 14253 
14256 14259 14262 14265 14268 14271 14274 14277 14280 
14283 14286 14289 14292 14295 14298 14301 14304 14307 
14310 14313 14316 14319 14322 14325 14328 14331 14334 
14337 14340 14343 14346 14349 14352 14355 14358 14361 
14364 14367 14370 14373 14376 14379 14382 14385 14388 
14391 14394 14397 14400 14403 14406 14409 14412 14415 
14418 14421 14424 14427 14430 14433 14436 14439 14442 
14445 14448 14451 14454 14457 14460 14463 14466 14469 
14472 14475 14478 14481 14484 14487 14490 14493 14496 
14499 14502 14505 14508 14511 14514 14517 14520 14523 
14526 14529 14532 14535 14538 14541 14544 14547 14550 
14553 14556 14559 14562 14565 14568 14571 14574 14577 
14580 14583 14586 14589 14592 14595 14598 14601 14604 
14607 14610 14613 14616 14619 14622 14625 14628 14631 
14634 14637 14640 14643 14646 14649 14652 14655 14658 
14661 14664 14667 14670 14673 14676 14679 14682 14685 
14688 14691 14694 14697 14700 14703 14706 14709 14712 
14715 14718 14721 14724 14727 14730 14733 14736 14739 
14742 14745 14748 14751 14754 14757 14760 14763 14766 
14769 14772 14775 14778 14781 14784 14787 14790 14793 
14796 14799 14802 14805 14808 14811 14814 14817 14820 
14823 14826 14829 14832 14835 14838 14841 14844 14847 
14850 14853 14856 14859 14862 14865 14868 14871 14874 
14877 14880 14883 14886 14889 14892 14895 14898 14901 
14904 14907 14910 14913 14916 14919 14922 14925 14928 
14931 14934 14937 14940 14943 14946 14949 14952 14955 
14958 14961 14964 14967 14970 14973 14976 14979 14982 
14985 14988 14991 14994 14997 15000 15003 15006 15009 
15012 15015 15018 15021 15024 15027 15030 15033 15036 
15039 15042 15045 15048 15051 15054 15057 15060 15063 
15066 15069 15072 15075 15078 15081 15084 15087 15090 
15093 15096 15099 15102 15105 15108 15111 15114 15117 
15120 15123 15126 15129 15132 15135 15138 15141 15144 
15147 15150 15153 15156 15159 15162 15165 15168 15171 
15174 15177 15180 15183 15186 15189 15192 15195 15198 
15201 15204 15207 15210 15213 15216 15219 15222 15225 
15228 15231 15234 15237 15240 15243 15246 15249 15252 
15255 15258 15261 15264 15267 15270 15273 15276 15279 
15282 15285 15288 15291 15294 15297 15300 15303 15306 
15309 15312 15315 15318 15321 15324 15327 15330 15333 
15336 15339 15342 15345 15348 15351 15354 15357 15360 
15363 15366 15369 15372 15375 15378 15381 15384 15387 
15390 15393 15396 15399 15402 15405 15408 15411 15414 
15417 15420 15423 15426 15429 15432 15435 15438 15441 
15444 15447 15450 15453 15456 15459 15462 15465 15468 
15471 15474 15477 15480 15483 15486 15489 15492 15495 
15498 15501 15504 15507 15510 15513 15516 15519 15522 
15525 15528 15531 15534 15537 15540 15543 15546 15549 
15552 15555 15558 15561 15564 15567 15570 15573 15576 
15579 15582 15585 15588 15591 15594 15597 15600 15603 
15606 15609 15612 15615 15618 15621 15624 15627 15630 
15633 15636 15639 15642 15645 15648 15651 15654 15657 
15660 15663 15666 15669 15672 15675 15678 15681 15684 
15687 15690 15693 15696 15699 15702 15705 15708 15711 
15714 15717 15720 15723 15726 15729 15732 15735 15738 
15741 15744 15747 15750 15753 15756 15759 15762 15765 
15768 15771 15774 15777 15780 15783 15786 15789 15792 
15795 15798 15801 15804 15807 15810 15813 15816 15819 
15822 15825 15828 15831 15834 15837 15840 15843 15846 
15849 15852 15855 15858 15861 15864 15867 15870 15873 
15876 15879 15882 15885 15888 15891 15894 15897 15900 
15903 15906 15909 15912 15915 15918 15921 15924 15927 
15930 15933 15936 15939 15942 15945 15948 15951 15954 
15957 15960 15963 15966 15969 15972 15975 15978 15981 
15984 15987 15990 15993 15996 15999 16002 16005 16008 
16011 16014 16017 16020 16023 16026 16029 16032 16035 
16038 16041 16044 16047 16050 16053 16056 16059 16062 
16065 16068 16071 16074 16077 16080 16083 16086 16089 
16092 16095 16098 16101 16104 16107 16110 16113 16116 
16119 16122 16125 16128 16131 16134 16137 16140 16143 
16146 16149 16152 16155 16158 16161 16164 16167 16170 
16173 16176 16179 16182 16185 16188 16191 16194 16197 
16200 16203 16206 16209 16212 16215 16218 16221 16224 
16227 16230 16233 16236 16239 16242 16245 16248 16251 
16254 16257 16260 16263 16266 16269 16272 16275 16278 
16281 16284 16287 16290 16293 16296 16299 16302 16305 
16308 16311 16314 16317 16320 16323 16326 16329 16332 
16335 16338 16341 16344 16347 16350 16353 16356 16359 
16362 16365 16368 16371 16374 16377 16380 16383 16386 
16389 16392 16395 16398 16401 16404 16407 16410 16413 
16416 16419 16422 16425 16428 16431 16434 16437 16440 
16443 16446 16449 16452 16455 16458 16461 16464 16467 
16470 16473 16476 16479 16482 16485 16488 16491 16494 
16497 16500 16503 16506 16509 16512 16515 16518 16521 
16524 16527 16530 16533 16536 16539 16542 16545 16548 
16551 16554 16557 16560 16563 16566 16569 16572 16575 
16578 16581 16584 16587 16590 16593 16596 16599 16602 
16605 16608 16611 16614 16617 16620 16623 16626 16629 
16632 16635 16638 16641 16644 16647 16650 16653 16656 
16659 16662 16665 16668 16671 16674 16677 16680 16683 
16686 16689 16692 16695 16698 16701 16704 16707 16710 
16713 16716 16719 16722 16725 16728 16731 16734 16737 
16740 16743 16746 16749 16752 16755 16758 16761 16764 
16767 16770 16773 16776 16779 16782 16785 16788 16791 
16794 16797 16800 16803 16806 16809 16812 16815 16818 
16821 16824 16827 16830 16833 16836 16839 16842 16845 
16848 16851 16854 16857 16860 16863 16866 16869 16872 
16875 16878 16881 16884 16887 16890 16893 16896 16899 
16902 16905 16908 16911 16914 16917 16920 16923 16926 
16929 16932 16935 16938 16941 16944 16947 16950 16953 
16956 16959 16962 16965 16968 16971 16974 16977 16980 
16983 16986 16989 16992 16995 16998 17001 17004 17007 
17010 17013 17016 17019 17022 17025 17028 17031 17034 
17037 17040 17043 17046 17049 17052 17055 17058 17061 
17064 17067 17070 17073 17076 17079 17082 17085 17088 
17091 17094 17097 17100 17103 17106 17109 17112 17115 
17118 17121 17124 17127 17130 17133 17136 17139 17142 
17145 17148 17151 17154 17157 17160 17163 17166 17169 
17172 17175 17178 17181 17184 17187 17190 17193 17196 
17199 17202 17205 17208 17211 17214 17217 17220 17223 
17226 17229 17232 17235 17238 17241 17244 17247 17250 
17253 17256 17259 17262 17265 17268 17271 17274 17277 
17280 17283 17286 17289 17292 17295 17298 17301 17304 
17307 17310 17313 17316 17319 17322 17325 17328 17331 
17334 17337 17340 17343 17346 17349 17352 17355 17358 
17361 17364 17367 17370 17373 17376 17379 17382 17385 
17388 17391 17394 17397 17400 17403 17406 17409 17412 
17415 17418 17421 17424 17427 17430 17433 17436 17439 
17442 17445 17448 17451 17454 17457 17460 17463 17466 
17469 17472 17475 17478 17481 17484 17487 17490 17493 
17496 17499 17502 17505 17508 17511 17514 17517 17520 
17523 17526 17529 17532 17535 17538 17541 17544 17547 
17550 17553 17556 17559 17562 17565 17568 17571 17574 
17577 17580 17583 17586 17589 17592 17595 17598 17601 
17604 17607 17610 17613 17616 17619 17622 17625 17628 
17631 17634 17637 17640 17643 17646 17649 17652 17655 
17658 17661 17664 17667 17670 17673 17676 17679 17682 
17685 17688 17691 17694 17697 17700 17703 17706 17709 
17712 17715 17718 17721 17724 17727 17730 17733 17736 
17739 17742 17745 17748 17751 17754 17757 17760 17763 
17766 17769 17772 17775 17778 17781 17784 17787 17790 
17793 17796 17799 17802 17805 17808 17811 17814 17817 
17820 17823 17826 17829 17832 17835 17838 17841 17844 
17847 17850 17853 17856 17859 17862 17865 17868 17871 
17874 17877 17880 17883 17886 17889 17892 17895 17898 
17901 17904 17907 17910 17913 17916 17919 17922 17925 
17928 17931 17934 17937 17940 17943 17946 17949 17952 
17955 17958 17961 17964 17967 17970 17973 17976 17979 
17982 17985 17988 17991 17994 17997 18000 18003 18006 
18009 18012 18015 18018 18021 18024 18027 18030 18033 
18036 18039 18042 18045 18048 18051 18054 18057 18060 
18063 18066 18069 18072 18075 18078 18081 18084 18087 
18090 18093 18096 18099 18102 18105 18108 18111 18114 
18117 18120 18123 18126 18129 18132 18135 18138 18141 
18144 18147 18150 18153 18156 18159 18162 18165 18168 
18171 18174 18177 18180 18183 18186 18189 18192 18195 
18198 18201 18204 18207 18210 18213 18216 18219 18222 
18225 18228 18231 18234 18237 18240 18243 18246 18249 
18252 18255 18258 18261 18264 18267 18270 18273 18276 
18279 18282 18285 18288 18291 18294 18297 18300 18303 
18306 18309 18312 18315 18318 18321 18324 18327 18330 
18333 18336 18339 18342 18345 18348 18351 18354 18357 
18360 18363 18366 18369 18372 18375 18378 18381 18384 
18387 18390 18393 18396 18399 18402 18405 18408 18411 
18414 18417 18420 18423 18426 18429 18432 18435 18438 
18441 18444 18447 18450 18453 18456 18459 18462 18465 
18468 18471 18474 18477 18480 18483 18486 18489 18492 
18495 18498 18501 18504 18507 18510 18513 18516 18519 
18522 18525 18528 18531 18534 18537 18540 18543 18546 
18549 18552 18555 18558 18561 18564 18567 18570 18573 
18576 18579 18582 18585 18588 18591 18594 18597 18600 
18603 18606 18609 18612 18615 18618 18621 18624 18627 
18630 18633 18636 18639 18642 18645 18648 18651 18654 
18657 18660 18663 18666 18669 18672 18675 18678 18681 
18684 18687 18690 18693 18696 18699 18702 18705 18708 
18711 18714 18717 18720 18723 18726 18729 18732 18735 
18738 18741 18744 18747 18750 18753 18756 18759 18762 
18765 18768 18771 18774 18777 18780 18783 18786 18789 
18792 18795 18798 18801 18804 18807 18810 18813 18816 
18819 18822 18825 18828 18831 18834 18837 18840 18843 
18846 18849 18852 18855 18858 18861 18864 18867 18870 
18873 18876 18879 18882 18885 18888 18891 18894 18897 
18900 18903 18906 18909 18912 18915 18918 18921 18924 
18927 18930 18933 18936 18939 18942 18945 18948 18951 
18954 18957 18960 18963 18966 18969 18972 18975 18978 
18981 18984 18987 18990 18993 18996 18999 19002 19005 
19008 19011 19014 19017 19020 19023 19026 19029 19032 
19035 19038 19041 19044 19047 19050 19053 19056 19059 
19062 19065 19068 19071 19074 19077 19080 19083 19086 
19089 19092 19095 19098 19101 19104 19107 19110 19113 
19116 19119 19122 19125 19128 19131 19134 19137 19140 
19143 19146 19149 19152 19155 19158 19161 19164 19167 
19170 19173 19176 19179 19182 19185 19188 19191 19194 
19197 19200 19203 19206 19209 19212 19215 19218 19221 
19224 19227 19230 19233 19236 19239 19242 19245 19248 
19251 19254 19257 19260 19263 19266 19269 19272 19275 
19278 19281 19284 19287 19290 19293 19296 19299 19302 
19305 19308 19311 19314 19317 19320 19323 19326 19329 
19332 19335 19338 19341 19344 19347 19350 19353 19356 
19359 19362 19365 19368 19371 19374 19377 19380 19383 
19386 19389 19392 19395 19398 19401 19404 19407 19410 
19413 19416 19419 19422 19425 19428 19431 19434 19437 
19440 19443 19446 19449 19452 19455 19458 19461 19464 
19467 19470 19473 19476 19479 19482 19485 19488 19491 
19494 19497 19500 19503 19506 19509 19512 19515 19518 
19521 19524 19527 19530 19533 19536 19539 19542 19545 
19548 19551 19554 19557 19560 19563 19566 19569 19572 
19575 19578 19581 19584 19587 19590 19593 19596 19599 
19602 19605 19608 19611 19614 19617 19620 19623 19626 
19629 19632 19635 19638 19641 19644 19647 19650 19653 
19656 19659 19662 19665 19668 19671 19674 19677 19680 
19683 19686 19689 19692 19695 19698 19701 19704 19707 
19710 19713 19716 19719 19722 19725 19728 19731 19734 
19737 19740 19743 19746 19749 19752 19755 19758 19761 
19764 19767 19770 19773 19776 19779 19782 19785 19788 
19791 19794 19797 19800 19803 19806 19809 19812 19815 
19818 19821 19824 19827 19830 19833 19836 19839 19842 
19845 19848 19851 19854 19857 19860 19863 19866 19869 
19872 19875 19878 19881 19884 19887 19890 19893 19896 
19899 19902 19905 19908 19911 19914 19917 19920 19923 
19926 19929 19932 19935 19938 19941 19944 19947 19950 
19953 19956 19959 19962 19965 19968 19971 19974 19977 
19980 19983 19986 19989 19992 19995 19998 20001 20004 
20007 20010 20013 20016 20019 20022 20025 20028 20031 
20034 20037 20040 20043 20046 20049 20052 20055 20058 
20061 20064 20067 20070 20073 20076 20079 20082 20085 
20088 20091 20094 20097 20100 20103 20106 20109 20112 
20115 20118 20121 20124 20127 20130 20133 20136 20139 
20142 20145 20148 20151 20154 20157 20160 20163 20166 
20169 20172 20175 20178 20181 20184 20187 20190 20193 
20196 20199 20202 20205 20208 20211 20214 20217 20220 
20223 20226 20229 20232 20235 20238 20241 20244 20247 
20250 20253 20256 20259 20262 20265 20268 20271 20274 
20277 20280 20283 20286 20289 20292 20295 20298 20301 
20304 20307 20310 20313 20316 20319 20322 20325 20328 
20331 20334 20337 20340 20343 20346 20349 20352 20355 
20358 20361 20364 20367 20370 20373 20376 20379 20382 
20385 20388 20391 20394 20397 20400 20403 20406 20409 
20412 20415 20418 20421 20424 20427 20430 20433 20436 
20439 20442 20445 20448 20451 20454 20457 20460 20463 
20466 20469 20472 20475 20478 20481 20484 20487 20490 
20493 20496 20499 20502 20505 20508 20511 20514 20517 
20520 20523 20526 20529 20532 20535 20538 20541 20544 
20547 20550 20553 20556 20559 20562 20565 20568 20571 
20574 20577 20580 20583 20586 20589 20592 20595 20598 
20601 20604 20607 20610 20613 20616 20619 20622 20625 
20628 20631 20634 20637 20640 20643 20646 20649 20652 
20655 20658 20661 20664 20667 20670 20673 20676 20679 
20682 20685 20688 20691 20694 20697 20700 20703 20706 
20709 20712 20715 20718 20721 20724 20727 20730 20733 
20736 20739 20742 20745 20748 20751 20754 20757 20760 
20763 20766 20769 20772 20775 20778 20781 20784 20787 
20790 20793 20796 20799 20802 20805 20808 20811 20814 
20817 20820 20823 20826 20829 20832 20835 20838 20841 
20844 20847 20850 20853 20856 20859 20862 20865 20868 
20871 20874 20877 20880 20883 20886 20889 20892 20895 
20898 20901 20904 20907 20910 20913 20916 20919 20922 
20925 20928 20931 20934 20937 20940 20943 20946 20949 
20952 20955 20958 20961 20964 20967 20970 20973 20976 
20979 20982 20985 20988 20991 20994 20997 21000 21003 
21006 21009 21012 21015 21018 21021 21024 21027 21030 
21033 21036 21039 21042 21045 21048 21051 21054 21057 
21060 21063 21066 21069 21072 21075 21078 21081 21084 
21087 21090 21093 21096 21099 21102 21105 21108 21111 
21114 21117 21120 21123 21126 21129 21132 21135 21138 
21141 21144 21147 21150 21153 21156 21159 21162 21165 
21168 21171 21174 21177 21180 21183 21186 21189 21192 
21195 21198 21201 21204 21207 21210 21213 21216 21219 
21222 21225 21228 21231 21234 21237 21240 21243 21246 
21249 21252 21255 21258 21261 21264 21267 21270 21273 
21276 21279 21282 21285 21288 21291 21294 21297 21300 
21303 21306 21309 21312 21315 21318 21321 21324 21327 
21330 21333 21336 21339 21342 21345 21348 21351 21354 
21357 21360 21363 21366 21369 21372 21375 21378 21381 
21384 21387 21390 21393 21396 21399 21402 21405 21408 
21411 21414 21417 21420 21423 21426 21429 21432 21435 
21438 21441 21444 21447 21450 21453 21456 21459 21462 
21465 21468 21471 21474 21477 21480 21483 21486 21489 
21492 21495 21498 21501 21504 21507 21510 21513 21516 
21519 21522 21525 21528 21531 21534 21537 21540 21543 
21546 21549 21552 21555 21558 21561 21564 21567 21570 
21573 21576 21579 21582 21585 21588 21591 21594 21597 
21600 21603 21606 21609 21612 21615 21618 21621 21624 
21627 21630 21633 21636 21639 21642 21645 21648 21651 
21654 21657 21660 21663 21666 21669 21672 21675 21678 
21681 21684 21687 21690 21693 21696 21699 21702 21705 
21708 21711 21714 21717 21720 21723 21726 21729 21732 
21735 21738 21741 21744 21747 21750 21753 21756 21759 
21762 21765 21768 21771 21774 21777 21780 21783 21786 
21789 21792 21795 21798 21801 21804 21807 21810 21813 
21816 21819 21822 21825 21828 21831 21834 21837 21840 
21843 21846 21849 21852 21855 21858 21861 21864 21867 
21870 21873 21876 21879 21882 21885 21888 21891 21894 
21897 21900 21903 21906 21909 21912 21915 21918 21921 
21924 21927 21930 21933 21936 21939 21942 21945 21948 
21951 21954 21957 21960 21963 21966 21969 21972 21975 
21978 21981 21984 21987 21990 21993 21996 21999 22002 
22005 22008 22011 22014 22017 22020 22023 22026 22029 
22032 22035 22038 22041 22044 22047 22050 22053 22056 
22059 22062 22065 22068 22071 22074 22077 22080 22083 
22086 22089 22092 22095 22098 22101 22104 22107 22110 
22113 22116 22119 22122 22125 22128 22131 22134 22137 
22140 22143 22146 22149 22152 22155 22158 22161 22164 
22167 22170 22173 22176 22179 22182 22185 22188 22191 
22194 22197 22200 22203 22206 22209 22212 22215 22218 
22221 22224 22227 22230 22233 22236 22239 22242 22245 
22248 22251 22254 22257 22260 22263 22266 22269 22272 
22275 22278 22281 22284 22287 22290 22293 22296 22299 
22302 22305 22308 22311 22314 22317 22320 22323 22326 
22329 22332 22335 22338 22341 22344 22347 22350 22353 
22356 22359 22362 22365 22368 22371 22374 22377 22380 
22383 22386 22389 22392 22395 22398 22401 22404 22407 
22410 22413 22416 22419 22422 22425 22428 22431 22434 
22437 22440 22443 22446 22449 22452 22455 22458 22461 
22464 22467 22470 22473 22476 22479 22482 22485 22488 
22491 22494 22497 22500 22503 22506 22509 22512 22515 
22518 22521 22524 22527 22530 22533 22536 22539 22542 
22545 22548 22551 22554 22557 22560 22563 22566 22569 
22572 22575 22578 22581 22584 22587 22590 22593 22596 
22599 22602 22605 22608 22611 22614 22617 22620 22623 
22626 22629 22632 22635 22638 22641 22644 22647 22650 
22653 22656 22659 22662 22665 22668 22671 22674 22677 
22680 22683 22686 22689 22692 22695 22698 22701 22704 
22707 22710 22713 22716 22719 22722 22725 22728 22731 
22734 22737 22740 22743 22746 22749 22752 22755 22758 
22761 22764 22767 22770 22773 22776 22779 22782 22785 
22788 22791 22794 22797 22800 22803 22806 22809 22812 
22815 22818 22821 22824 22827 22830 22833 22836 22839 
22842 22845 22848 22851 22854 22857 22860 22863 22866 
22869 22872 22875 22878 22881 22884 22887 22890 22893 
22896 22899 22902 22905 22908 22911 22914 22917 22920 
22923 22926 22929 22932 22935 22938 22941 22944 22947 
22950 22953 22956 22959 22962 22965 22968 22971 22974 
22977 22980 22983 22986 22989 22992 22995 22998 23001 
23004 23007 23010 23013 23016 23019 23022 23025 23028 
23031 23034 23037 23040 23043 23046 23049 23052 23055 
23058 23061 23064 23067 23070 23073 23076 23079 23082 
23085 23088 23091 23094 23097 23100 23103 23106 23109 
23112 23115 23118 23121 23124 23127 23130 23133 23136 
23139 23142 23145 23148 23151 23154 23157 23160 23163 
23166 23169 23172 23175 23178 23181 23184 23187 23190 
23193 23196 23199 23202 23205 23208 23211 23214 23217 
23220 23223 23226 23229 23232 23235 23238 23241 23244 
23247 23250 23253 23256 23259 23262 23265 23268 23271 
23274 23277 23280 23283 23286 23289 23292 23295 23298 
23301 23304 23307 23310 23313 23316 23319 23322 23325 
23328 23331 23334 23337 23340 23343 23346 23349 23352 
23355 23358 23361 23364 23367 23370 23373 23376 23379 
23382 23385 23388 23391 23394 23397 23400 23403 23406 
23409 23412 23415 23418 23421 23424 23427 23430 23433 
23436 23439 23442 23445 23448 23451 23454 23457 23460 
23463 23466 23469 23472 23475 23478 23481 23484 23487 
23490 23493 23496 23499 23502 23505 23508 23511 23514 
23517 23520 23523 23526 23529 23532 23535 23538 23541 
23544 23547 23550 23553 23556 23559 23562 23565 23568 
23571 23574 23577 23580 23583 23586 23589 23592 23595 
23598 23601 23604 23607 23610 23613 23616 23619 23622 
23625 23628 23631 23634 23637 23640 23643 23646 23649 
23652 23655 23658 23661 23664 23667 23670 23673 23676 
23679 23682 23685 23688 23691 23694 23697 23700 23703 
23706 23709 23712 23715 23718 23721 23724 23727 23730 
23733 23736 23739 23742 23745 23748 23751 23754 23757 
23760 23763 23766 23769 23772 23775 23778 23781 23784 
23787 23790 23793 23796 23799 23802 23805 23808 23811 
23814 23817 23820 23823 23826 23829 23832 23835 23838 
23841 23844 23847 23850 23853 23856 23859 23862 23865 
23868 23871 23874 23877 23880 23883 23886 23889 23892 
23895 23898 23901 23904 23907 23910 23913 23916 23919 
23922 23925 23928 23931 23934 23937 23940 23943 23946 
23949 23952 23955 23958 23961 23964 23967 23970 23973 
23976 23979 23982 23985 23988 23991 23994 23997 24000 
24003 24006 24009 24012 24015 24018 24021 24024 24027 
24030 24033 24036 24039 24042 24045 24048 24051 24054 
24057 24060 24063 24066 24069 24072 24075 24078 24081 
24084 24087 24090 24093 24096 24099 24102 24105 24108 
24111 24114 24117 24120 24123 24126 24129 24132 24135 
24138 24141 24144 24147 24150 24153 24156 24159 24162 
24165 24168 24171 24174 24177 24180 24183 24186 24189 
24192 24195 24198 24201 24204 24207 24210 24213 24216 
24219 24222 24225 24228 24231 24234 24237 24240 24243 
24246 24249 24252 24255 24258 24261 24264 24267 24270 
24273 24276 24279 24282 24285 24288 24291 24294 24297 
24300 24303 24306 24309 24312 24315 24318 24321 24324 
24327 24330 24333 24336 24339 24342 24345 24348 24351 
24354 24357 24360 24363 24366 24369 24372 24375 24378 
24381 24384 24387 24390 24393 24396 24399 24402 24405 
24408 24411 24414 24417 24420 24423 24426 24429 24432 
24435 24438 24441 24444 24447 24450 24453 24456 24459 
24462 24465 24468 24471 24474 24477 24480 24483 24486 
24489 24492 24495 24498 24501 24504 24507 24510 24513 
24516 24519 24522 24525 24528 24531 24534 24537 24540 
24543 24546 24549 24552 24555 24558 24561 24564 24567 
24570 24573 24576 24579 24582 24585 24588 24591 24594 
24597 24600 
CONNECTIVITY vtktypeint64
0 1 2 1 0 3 0 2 4 
3 0 4 5 6 7 5 8 9 
6 5 9 9 8 10 11 12 13 
11 14 15 12 11 15 14 16 17 
15 14 17 7 17 16 7 16 5 
5 16 18 8 5 19 19 5 18 
20 10 8 19 20 8 21 22 23 
21 24 25 22 21 25 24 26 27 
25 24 27 13 27 26 13 26 11 
11 26 28 14 11 29 29 11 28 
30 31 16 30 16 29 29 16 14 
18 16 31 32 18 31 19 18 32 
33 19 32 20 19 33 34 35 36 
34 37 38 35 34 38 23 38 37 
23 37 21 21 37 39 24 21 40 
40 21 39 26 24 41 41 24 40 
42 43 28 42 28 41 41 28 26 
29 28 43 44 29 43 30 29 44 
45 46 47 36 46 45 36 45 34 
34 45 48 1 48 2 1 37 48 
37 34 48 3 37 1 3 49 37 
49 39 37 50 51 40 50 40 49 
49 40 39 41 40 51 52 41 51 
42 41 52 53 54 55 47 54 53 
47 53 45 45 53 56 48 45 57 
57 45 56 2 48 57 2 57 58 
2 58 4 58 57 59 49 3 4 
49 4 60 60 4 58 50 49 60 
61 53 55 62 61 55 56 53 63 
63 53 61 64 65 57 64 57 63 
63 57 56 59 57 65 61 62 66 
63 61 66 67 63 66 64 63 67 
68 69 70 68 71 72 69 68 72 
71 73 74 72 71 74 74 73 75 
76 77 78 76 79 80 77 76 80 
70 80 79 70 79 68 68 79 81 
71 68 82 82 68 81 73 71 83 
83 71 82 84 75 73 84 73 85 
85 73 83 84 85 86 87 88 89 
87 90 91 88 87 91 90 92 93 
91 90 93 78 93 92 78 92 76 
76 92 94 79 76 95 95 76 94 
81 79 96 96 79 95 82 81 97 
97 81 96 83 82 98 98 82 97 
85 83 99 99 83 98 100 86 85 
99 100 85 101 102 103 101 104 105 
102 101 105 89 105 104 89 104 87 
87 104 106 90 87 107 107 87 106 
92 90 108 108 90 107 94 92 109 
109 92 108 95 94 110 110 94 109 
96 95 111 111 95 110 6 111 7 
6 97 111 97 96 111 9 97 6 
98 97 9 10 98 9 10 112 98 
112 99 98 113 100 99 112 113 99 
114 115 116 114 117 118 115 114 118 
103 118 117 103 117 101 101 117 119 
104 101 120 120 101 119 106 104 121 
121 104 120 107 106 122 122 106 121 
108 107 123 123 107 122 12 123 13 
12 109 123 109 108 123 15 109 12 
110 109 15 17 110 15 111 110 17 
7 111 17 112 124 125 112 10 124 
10 20 124 113 112 125 126 127 128 
126 129 130 127 126 130 129 131 132 
130 129 132 116 132 131 116 131 114 
114 131 133 117 114 134 134 114 133 
119 117 135 135 117 134 120 119 136 
136 119 135 22 136 23 22 121 136 
121 120 136 25 121 22 122 121 25 
27 122 25 123 122 27 13 123 27 
31 137 138 30 137 31 32 31 139 
31 138 139 33 32 140 32 139 140 
124 20 33 140 124 33 141 142 143 
141 144 145 142 141 145 128 145 144 
128 144 126 126 144 146 129 126 147 
147 126 146 131 129 148 148 129 147 
133 131 149 149 131 148 134 133 150 
150 133 149 35 150 36 35 135 150 
135 134 150 38 135 35 136 135 38 
23 136 38 151 152 153 151 43 42 
151 153 43 153 154 43 44 43 155 
43 154 155 137 30 44 155 137 44 
156 141 143 157 156 143 144 141 158 
158 141 156 146 144 159 159 144 158 
147 146 160 160 146 159 148 147 161 
161 147 160 149 148 162 162 148 161 
46 162 47 46 150 162 150 149 162 
36 150 46 163 164 165 163 51 50 
163 165 51 165 166 51 152 151 52 
152 52 166 166 52 51 42 52 151 
167 168 169 157 168 167 157 167 156 
156 167 170 158 156 171 171 156 170 
159 158 172 172 158 171 160 159 173 
173 159 172 161 160 174 174 160 173 
54 174 55 54 162 174 162 161 174 
47 162 54 58 175 176 59 175 58 
164 163 60 164 60 176 176 60 58 
50 60 163 177 178 179 169 178 177 
169 177 167 167 177 180 170 167 181 
181 167 180 171 170 182 182 170 181 
172 171 183 183 171 182 173 172 184 
184 172 183 174 173 185 185 173 184 
55 185 62 174 185 55 65 186 187 
64 186 65 175 59 65 187 175 65 
188 189 190 179 189 188 179 188 177 
177 188 191 180 177 192 192 177 191 
181 180 193 193 180 192 182 181 194 
194 181 193 183 182 195 195 182 194 
184 183 196 196 183 195 185 184 197 
197 184 196 62 185 197 62 197 198 
62 198 66 198 197 199 67 66 200 
66 198 200 186 64 67 200 186 67 
188 190 201 191 188 201 202 191 201 
192 191 202 203 192 202 193 192 203 
204 193 203 194 193 204 205 194 204 
195 194 205 206 195 205 196 195 206 
207 196 206 197 196 207 208 197 207 
199 197 208 209 210 211 209 212 213 
210 209 213 212 214 215 213 212 215 
215 214 216 217 218 219 217 220 221 
218 217 221 211 221 220 211 220 209 
209 220 222 212 209 223 223 209 222 
214 212 224 224 212 223 225 216 214 
224 225 214 226 227 228 226 229 230 
227 226 230 229 231 232 230 229 232 
219 232 231 219 231 217 217 231 233 
220 217 234 234 217 233 69 234 70 
69 222 234 222 220 234 72 222 69 
223 222 72 74 223 72 224 223 74 
75 235 236 74 75 236 74 236 225 
74 225 224 236 235 237 238 239 240 
238 241 242 239 238 242 228 242 241 
228 241 226 226 241 243 229 226 244 
244 226 243 231 229 245 245 229 244 
77 245 78 77 233 245 233 231 245 
80 233 77 234 233 80 70 234 80 
75 84 235 235 84 86 235 86 237 
237 86 246 247 248 249 247 250 251 
248 247 251 250 252 253 251 250 253 
252 254 255 253 252 255 240 255 254 
240 254 238 238 254 256 241 238 257 
257 238 256 88 257 89 88 243 257 
243 241 257 91 243 88 244 243 91 
93 244 91 245 244 93 78 245 93 
86 100 246 246 100 258 259 260 261 
259 262 263 260 259 263 262 264 265 
263 262 265 264 266 267 265 264 267 
266 268 269 267 266 269 268 270 271 
269 268 271 249 271 270 249 270 247 
247 270 272 250 247 273 273 247 272 
252 250 274 274 250 273 254 252 275 
275 252 274 102 275 103 102 256 275 
256 254 275 105 256 102 257 256 105 
89 257 105 100 113 258 258 113 276 
277 278 279 261 278 277 261 277 259 
259 277 280 262 259 281 281 259 280 
264 262 282 282 262 281 266 264 283 
283 264 282 268 266 284 284 266 283 
270 268 285 285 268 284 272 270 286 
286 270 285 273 272 287 287 272 286 
115 287 116 115 274 287 274 273 287 
118 274 115 275 274 118 103 275 118 
125 124 288 125 288 289 125 289 113 
113 289 276 277 279 290 290 291 292 
290 292 277 277 292 280 281 280 293 
293 280 292 282 281 294 294 281 293 
283 282 295 295 282 294 284 283 296 
296 283 295 127 296 128 127 285 296 
285 284 296 130 285 127 286 285 130 
132 286 130 287 286 132 116 287 132 
138 297 298 137 297 138 139 138 299 
138 298 299 140 139 300 139 299 300 
288 124 140 288 140 301 301 140 300 
289 288 301 302 292 291 303 302 291 
293 292 304 304 292 302 294 293 305 
305 293 304 142 305 143 142 295 305 
295 294 305 145 295 142 296 295 145 
128 296 145 153 306 307 152 306 153 
154 153 308 153 307 308 155 154 309 
154 308 309 297 137 155 309 297 155 
302 303 310 310 311 312 310 312 302 
302 312 304 305 304 313 313 304 312 
143 313 157 305 313 143 165 314 315 
164 314 165 166 165 316 165 315 316 
306 152 166 316 306 166 317 312 311 
318 317 311 168 317 169 168 313 317 
313 312 317 157 313 168 176 319 320 
175 319 176 314 164 176 320 314 176 
178 317 318 178 318 179 179 318 321 
169 317 178 187 322 323 186 322 187 
319 175 187 323 319 187 189 324 190 
325 179 321 325 324 179 325 326 324 
324 189 179 326 327 328 325 327 326 
327 329 328 198 330 331 199 330 198 
200 198 332 198 331 332 322 186 200 
332 322 200 190 324 201 202 201 324 
326 202 324 203 202 326 328 203 326 
328 329 333 328 333 203 203 333 204 
205 204 334 204 333 334 206 205 335 
205 334 335 207 206 336 206 335 336 
208 207 337 207 336 337 330 199 208 
337 330 208 338 339 340 338 341 342 
339 338 342 341 343 344 342 341 344 
343 345 346 344 343 346 346 345 347 
348 349 350 340 349 348 340 348 338 
338 348 351 341 338 352 352 338 351 
210 352 211 210 343 352 343 341 352 
213 343 210 345 343 213 345 353 347 
345 213 353 213 215 353 353 215 216 
354 353 216 355 356 357 355 358 359 
356 355 359 350 359 358 350 358 348 
348 358 360 218 360 219 218 351 360 
351 348 360 221 351 218 352 351 221 
211 352 221 216 225 354 354 225 361 
362 363 364 363 362 365 366 367 368 
366 369 370 367 366 370 357 370 369 
355 357 369 355 369 228 355 228 227 
230 355 227 358 355 230 232 358 230 
360 358 232 219 360 232 225 371 361 
236 371 225 371 236 237 372 371 237 
373 374 375 364 374 373 364 373 362 
362 373 376 377 365 362 377 362 378 
378 362 376 378 379 380 377 378 380 
379 381 382 380 379 382 381 383 384 
382 381 384 383 385 386 384 383 386 
385 387 388 386 385 388 387 389 390 
388 387 390 389 391 392 390 389 392 
391 393 394 392 391 394 393 395 396 
394 393 396 368 396 395 366 368 395 
366 395 240 366 240 239 242 366 239 
369 366 242 228 369 242 237 246 372 
372 246 397 373 375 398 398 399 400 
398 400 373 373 400 376 378 376 401 
401 376 400 379 378 402 402 378 401 
381 379 403 403 379 402 383 381 404 
404 381 403 385 383 405 405 383 404 
387 385 406 406 385 405 248 406 249 
248 389 406 389 387 406 251 389 248 
391 389 251 253 391 251 393 391 253 
255 393 253 395 393 255 240 395 255 
246 258 397 397 258 407 408 400 399 
409 408 399 260 408 261 260 401 408 
401 400 408 263 401 260 402 401 263 
265 402 263 403 402 265 267 403 265 
404 403 267 269 404 267 405 404 269 
271 405 269 406 405 271 249 406 271 
258 276 407 407 276 410 278 408 409 
278 409 279 279 409 411 261 408 278 
412 413 414 412 414 410 412 410 289 
289 410 276 415 290 279 415 279 416 
416 279 411 290 415 291 417 418 419 
417 298 297 417 419 298 419 420 298 
299 298 421 298 420 421 300 299 422 
299 421 422 413 412 301 413 301 422 
422 301 300 289 301 412 415 416 423 
423 291 415 423 424 291 424 303 291 
425 426 427 425 307 306 425 427 307 
427 428 307 308 307 429 307 428 429 
418 417 309 418 309 429 429 309 308 
297 309 417 303 424 430 310 303 430 
430 311 310 431 311 430 432 433 434 
432 315 314 432 434 315 434 435 315 
426 425 316 426 316 435 435 316 315 
306 316 425 311 431 318 431 436 318 
437 438 439 433 437 439 432 437 433 
432 319 437 432 320 319 314 320 432 
440 441 442 440 436 441 440 321 436 
321 318 436 443 444 445 438 443 445 
437 443 438 437 322 443 437 323 322 
319 323 437 440 442 446 321 440 446 
321 446 325 325 446 447 327 325 448 
325 447 448 329 449 450 329 327 449 
327 448 449 450 451 452 449 451 450 
452 453 454 451 453 452 454 455 456 
453 455 454 456 457 458 455 457 456 
458 331 330 458 457 331 457 459 331 
444 443 332 444 332 459 459 332 331 
322 332 443 329 450 333 334 333 450 
452 334 450 335 334 452 454 335 452 
336 335 454 456 336 454 337 336 456 
458 337 456 330 337 458 460 461 462 
460 463 464 461 460 464 463 340 339 
463 339 464 464 339 465 342 466 339 
339 466 465 344 467 342 342 467 466 
346 468 344 344 468 467 468 346 347 
469 468 347 470 471 472 462 471 470 
462 470 460 460 470 473 349 473 350 
349 463 473 463 460 473 340 463 349 
347 474 469 353 474 347 474 353 354 
475 474 354 476 477 478 476 479 480 
477 476 480 479 481 482 480 479 482 
481 483 484 482 481 484 484 483 485 
486 487 488 486 489 490 487 486 490 
472 490 489 470 472 489 470 489 357 
470 357 356 359 470 356 473 470 359 
350 473 359 354 361 475 475 361 491 
492 493 494 478 493 492 478 492 476 
476 492 495 363 495 364 363 479 495 
479 476 495 365 479 363 365 496 479 
496 481 479 483 481 497 497 481 496 
498 485 483 498 483 499 499 483 497 
499 500 501 498 499 501 500 502 503 
501 500 503 502 504 505 503 502 505 
504 506 507 505 504 507 506 508 509 
507 506 509 508 510 511 509 508 511 
510 512 513 511 510 513 488 513 512 
486 488 512 486 512 368 486 368 367 
370 486 367 489 486 370 357 489 370 
514 361 371 514 515 361 515 491 361 
371 372 514 516 492 494 517 516 494 
374 516 375 374 495 516 495 492 516 
364 495 374 365 377 496 380 496 377 
497 496 380 382 497 380 499 497 382 
384 499 382 500 499 384 386 500 384 
502 500 386 388 502 386 504 502 388 
390 504 388 506 504 390 392 506 390 
508 506 392 394 508 392 510 508 394 
396 510 394 512 510 396 368 512 396 
518 515 514 519 515 518 372 397 518 
514 372 518 516 517 520 521 520 522 
398 520 521 398 516 520 398 375 516 
398 521 399 523 519 518 524 519 523 
397 407 523 518 397 523 525 521 522 
526 525 522 399 525 409 521 525 399 
527 524 523 528 524 527 407 410 527 
523 407 527 529 525 526 530 529 526 
409 529 411 525 529 409 531 532 533 
528 531 533 527 531 528 527 413 531 
527 414 413 410 414 527 534 529 530 
535 534 530 411 534 416 529 534 411 
536 537 538 536 539 540 538 539 536 
540 419 418 540 539 419 539 541 419 
420 419 542 419 541 542 421 420 543 
420 542 543 532 531 422 532 422 543 
543 422 421 413 422 531 534 535 544 
545 544 546 423 544 545 423 534 544 
423 416 534 423 545 424 547 548 549 
547 427 426 547 549 427 549 550 427 
537 536 428 537 428 550 550 428 427 
429 428 536 540 429 536 418 429 540 
545 546 551 552 551 553 430 551 552 
430 545 551 430 424 545 430 552 431 
434 554 555 433 554 434 548 547 435 
548 435 555 555 435 434 426 435 547 
556 552 553 557 556 553 431 556 436 
552 556 431 558 559 560 558 439 438 
558 560 439 560 561 439 554 433 439 
561 554 439 562 563 564 557 563 562 
556 557 562 556 562 442 556 442 441 
436 556 441 565 566 567 565 568 569 
567 568 565 569 570 571 568 570 569 
570 572 571 573 574 575 559 573 575 
558 573 559 558 444 573 558 445 444 
438 445 558 562 564 576 442 562 576 
442 576 446 446 576 577 447 446 578 
446 577 578 566 565 448 566 448 578 
578 448 447 449 448 565 569 449 565 
451 449 569 571 451 569 571 572 579 
571 579 451 451 579 453 455 453 580 
453 579 580 457 455 581 455 580 581 
574 573 459 574 459 581 581 459 457 
444 459 573 582 583 584 582 585 586 
583 582 586 586 585 587 588 589 590 
584 589 588 584 588 582 582 588 591 
461 591 462 461 585 591 585 582 591 
585 592 587 585 461 592 461 464 592 
465 593 464 464 593 592 466 594 465 
465 594 593 467 595 466 466 595 594 
596 597 595 596 595 468 468 595 467 
468 469 596 598 599 600 598 601 602 
599 598 602 601 603 604 602 601 604 
603 605 606 604 603 606 605 607 608 
606 605 608 607 609 610 608 607 610 
610 609 611 612 613 614 612 615 616 
613 612 616 590 616 615 590 615 588 
588 615 617 471 617 472 471 591 617 
591 588 617 462 591 471 596 618 597 
619 620 618 474 619 618 474 618 596 
474 596 469 474 475 619 621 622 623 
600 622 621 598 600 621 598 621 478 
598 478 477 480 598 477 601 598 480 
482 601 480 603 601 482 484 603 482 
605 603 484 485 605 484 485 624 605 
624 607 605 609 607 625 625 607 624 
626 611 609 626 609 627 627 609 625 
627 628 629 626 627 629 628 630 631 
629 628 631 630 632 633 631 630 633 
632 634 635 633 632 635 614 635 634 
614 634 612 612 634 636 487 636 488 
487 615 636 615 612 636 490 615 487 
617 615 490 472 617 490 619 637 620 
637 619 475 637 475 638 638 475 491 
639 640 641 623 640 639 621 623 639 
621 639 494 621 494 493 478 621 493 
485 498 624 501 624 498 625 624 501 
503 625 501 627 625 503 505 627 503 
628 627 505 507 628 505 630 628 507 
509 630 507 632 630 509 511 632 509 
634 632 511 513 634 511 636 634 513 
488 636 513 491 515 638 638 515 642 
639 641 643 643 494 639 643 644 494 
644 517 494 515 519 642 642 519 645 
646 520 517 646 517 647 647 517 644 
520 646 522 519 524 645 645 524 648 
649 646 647 650 649 647 522 649 526 
646 649 522 651 652 653 651 653 648 
651 648 528 528 648 524 649 650 654 
654 526 649 654 655 526 655 530 526 
656 657 658 652 656 658 651 656 652 
651 532 656 651 533 532 528 533 651 
530 655 535 655 659 535 538 660 661 
537 660 538 539 538 662 538 661 662 
541 539 663 539 662 663 542 541 664 
541 663 664 657 656 543 657 543 664 
664 543 542 532 543 656 665 544 535 
665 535 666 666 535 659 544 665 546 
667 668 669 667 549 548 667 669 549 
669 670 549 550 549 671 549 670 671 
660 537 550 671 660 550 665 666 672 
673 672 674 551 672 673 551 665 672 
551 546 665 551 673 553 675 676 677 
668 675 677 667 675 668 667 554 675 
667 555 554 548 555 667 678 673 674 
679 678 674 553 678 557 673 678 553 
560 680 681 559 680 560 676 675 561 
676 561 681 681 561 560 554 561 675 
682 683 684 678 679 685 686 564 563 
683 682 687 686 557 688 686 563 557 
688 557 689 678 685 557 689 557 685 
688 690 691 689 690 688 691 567 566 
691 690 567 690 692 567 568 567 693 
567 692 693 570 568 694 568 693 694 
572 695 696 572 570 695 570 694 695 
696 697 698 695 697 696 698 699 700 
697 699 698 700 575 574 700 699 575 
699 701 575 680 559 575 701 680 575 
682 684 702 564 686 576 682 702 687 
577 576 686 688 577 686 578 577 688 
691 578 688 566 578 691 572 696 579 
580 579 696 698 580 696 581 580 698 
700 581 698 574 581 700 703 704 705 
703 706 707 704 703 707 706 708 709 
707 706 709 708 584 583 708 583 709 
709 583 710 711 712 710 711 710 586 
586 710 583 586 587 711 713 714 715 
713 716 717 714 713 717 716 718 719 
717 716 719 718 720 721 719 718 721 
720 722 723 721 720 723 722 724 725 
723 722 725 724 726 727 725 724 727 
727 726 728 729 730 731 705 730 729 
705 729 703 703 729 732 706 703 733 
733 703 732 589 733 590 589 708 733 
708 706 733 584 708 589 711 734 712 
587 734 711 587 592 734 592 735 734 
593 736 592 592 736 735 737 738 736 
737 736 594 594 736 593 594 595 739 
737 594 739 595 597 739 740 741 742 
715 741 740 713 715 740 713 740 600 
713 600 599 602 713 599 716 713 602 
604 716 602 718 716 604 606 718 604 
720 718 606 608 720 606 722 720 608 
610 722 608 724 722 610 611 724 610 
611 743 724 743 726 724 744 728 726 
744 726 745 745 726 743 744 745 746 
747 748 749 731 748 747 731 747 729 
729 747 750 613 750 614 613 732 750 
732 729 750 616 732 613 733 732 616 
590 733 616 737 751 738 739 751 737 
752 751 739 597 752 739 597 618 752 
618 753 752 753 618 620 754 753 620 
755 756 757 742 756 755 740 742 755 
740 755 623 740 623 622 600 740 622 
611 626 743 629 743 626 745 743 629 
745 758 746 745 629 758 629 631 758 
749 633 747 749 758 633 758 631 633 
635 747 633 750 747 635 614 750 635 
759 620 637 759 760 620 760 754 620 
637 638 759 761 762 763 757 762 761 
755 757 761 755 761 641 755 641 640 
623 755 640 759 764 760 764 759 638 
764 638 765 765 638 642 761 763 766 
767 766 768 643 766 767 643 761 766 
643 641 761 643 767 644 642 645 765 
765 645 769 767 768 770 770 644 767 
770 771 644 771 647 644 772 773 774 
772 774 769 772 769 648 648 769 645 
647 771 650 771 775 650 653 773 772 
653 652 773 652 776 773 648 653 772 
777 654 650 777 650 778 778 650 775 
654 777 655 658 779 780 657 779 658 
776 652 658 780 776 658 781 777 778 
782 781 778 655 781 659 777 781 655 
783 784 785 783 661 660 783 785 661 
785 786 661 662 661 787 661 786 787 
663 662 788 662 787 788 664 663 789 
663 788 789 779 657 664 789 779 664 
781 782 790 790 659 781 790 791 659 
791 666 659 792 793 794 792 669 668 
792 794 669 794 795 669 670 669 796 
669 795 796 784 783 671 784 671 796 
796 671 670 660 671 783 797 672 666 
797 666 798 798 666 791 672 797 674 
799 800 801 793 799 801 792 799 793 
792 676 799 792 677 676 668 677 792 
802 797 798 803 802 798 674 802 679 
797 802 674 804 805 806 804 807 808 
806 807 804 808 809 810 807 809 808 
809 811 810 812 813 814 812 815 816 
814 815 812 800 816 815 799 816 800 
799 680 816 799 681 680 676 681 799 
683 817 684 802 803 818 687 817 683 
679 802 685 685 802 818 685 818 819 
805 804 689 805 689 819 819 689 685 
690 689 804 808 690 804 692 690 808 
810 692 808 810 811 820 810 820 692 
692 820 693 694 693 821 693 820 821 
695 694 822 694 821 822 697 695 823 
695 822 823 813 812 699 813 699 823 
823 699 697 701 699 812 816 701 812 
680 701 816 684 817 702 687 702 817 
824 825 826 824 827 828 825 824 828 
828 827 829 830 831 832 830 833 834 
831 830 834 833 835 836 834 833 836 
835 837 838 836 835 838 837 839 840 
838 837 840 839 841 842 840 839 842 
841 843 844 842 841 844 843 845 846 
844 843 846 846 845 847 848 824 826 
849 848 826 827 824 850 850 824 848 
705 704 851 705 851 827 705 827 850 
829 827 851 707 852 704 704 852 851 
709 853 707 707 853 852 710 854 709 
709 854 853 854 710 712 855 854 712 
856 857 858 832 857 856 830 832 856 
830 856 715 830 715 714 717 830 714 
833 830 717 719 833 717 835 833 719 
721 835 719 837 835 721 723 837 721 
839 837 723 725 839 723 841 839 725 
727 841 725 843 841 727 728 843 727 
728 859 843 859 845 843 860 847 845 
859 860 845 861 848 849 862 861 849 
730 861 731 730 850 861 850 848 861 
705 850 730 712 863 855 734 863 712 
735 864 734 734 864 863 865 866 864 
865 864 736 736 864 735 736 738 865 
867 868 869 858 868 867 856 858 867 
856 867 742 856 742 741 715 856 741 
728 744 859 746 870 871 744 746 871 
744 871 860 744 860 859 862 871 870 
861 862 870 861 870 749 861 749 748 
731 861 748 865 872 866 738 872 865 
738 751 872 751 873 872 874 875 873 
874 873 752 752 873 751 752 753 876 
874 752 876 753 754 876 877 878 879 
869 878 877 867 869 877 867 877 757 
867 757 756 742 867 756 746 758 870 
749 870 758 874 880 875 880 881 882 
880 874 881 874 876 881 754 760 881 
876 754 881 883 884 885 879 884 883 
877 879 883 877 883 763 877 763 762 
757 877 762 881 886 882 887 888 886 
764 887 886 764 886 881 764 881 760 
764 765 887 883 885 889 890 889 891 
766 889 890 766 883 889 766 763 883 
766 890 768 892 888 887 893 888 892 
765 769 892 887 765 892 890 891 894 
895 894 896 770 894 895 770 890 894 
770 768 890 770 895 771 774 893 892 
774 773 893 773 897 893 769 774 892 
898 895 896 899 898 896 771 898 775 
895 898 771 900 901 902 900 902 897 
900 897 776 776 897 773 903 898 899 
904 903 899 775 903 778 898 903 775 
905 906 907 905 908 909 907 908 905 
901 909 908 900 909 901 900 779 909 
900 780 779 776 780 900 903 904 910 
910 778 903 910 911 778 911 782 778 
912 913 914 912 915 916 914 915 912 
916 785 784 916 915 785 915 917 785 
786 785 918 785 917 918 787 786 919 
786 918 919 906 905 788 906 788 919 
919 788 787 789 788 905 909 789 905 
779 789 909 920 790 782 920 782 921 
921 782 911 790 920 791 922 923 924 
922 794 793 922 924 794 924 925 794 
913 912 795 913 795 925 925 795 794 
796 795 912 916 796 912 784 796 916 
926 920 921 927 926 921 791 926 798 
920 926 791 928 929 930 928 931 932 
930 931 928 923 932 931 922 932 923 
922 800 932 922 801 800 793 801 922 
933 926 927 934 933 927 798 933 803 
926 933 798 935 936 937 935 806 805 
935 937 806 937 938 806 807 806 939 
806 938 939 809 807 940 807 939 940 
811 941 942 811 809 941 809 940 941 
942 943 944 941 943 942 944 945 946 
943 945 944 946 947 948 945 947 946 
929 948 947 928 948 929 928 813 948 
928 814 813 815 814 928 932 815 928 
800 815 932 933 934 949 803 933 949 
803 949 818 818 949 950 936 935 819 
936 819 950 950 819 818 805 819 935 
811 942 820 821 820 942 944 821 942 
822 821 944 946 822 944 823 822 946 
948 823 946 813 823 948 951 952 953 
952 951 954 955 956 957 955 958 959 
956 955 959 958 960 961 959 958 961 
960 962 963 961 960 963 962 964 965 
963 962 965 964 966 967 965 964 967 
953 967 966 953 966 951 951 966 968 
969 954 951 969 951 970 970 951 968 
970 826 825 970 825 969 969 825 971 
828 972 825 825 972 971 829 973 974 
829 974 828 828 974 972 974 973 975 
976 977 978 976 832 831 976 831 977 
977 831 979 957 834 955 957 979 834 
979 831 834 836 955 834 958 955 836 
838 958 836 960 958 838 840 960 838 
962 960 840 842 962 840 964 962 842 
844 964 842 966 964 844 846 966 844 
968 966 846 847 968 846 847 980 968 
980 970 968 826 980 849 970 980 826 
829 851 973 973 981 975 973 851 981 
851 852 981 853 982 852 852 982 981 
983 984 982 983 982 854 854 982 853 
854 855 983 985 986 987 978 986 985 
976 978 985 976 985 858 976 858 857 
832 976 857 980 860 988 847 860 980 
849 988 862 980 988 849 983 989 984 
855 989 983 855 863 989 863 990 989 
991 992 990 991 990 864 864 990 863 
864 866 991 993 994 995 987 994 993 
985 987 993 985 993 869 985 869 868 
858 985 868 860 871 988 862 988 871 
991 996 992 866 996 991 866 872 996 
872 997 996 998 999 997 998 997 873 
873 997 872 873 875 998 1000 1001 1002 
995 1001 1000 993 995 1000 993 1000 879 
993 879 878 869 993 878 998 1003 999 
1004 1005 1003 880 1004 1003 880 1003 998 
880 998 875 880 882 1004 1006 1007 1008 
1002 1007 1006 1000 1002 1006 1000 1006 885 
1000 885 884 879 1000 884 1004 1009 1005 
1010 1011 1009 886 1010 1009 886 1009 1004 
886 1004 882 886 888 1010 1006 1008 1012 
1013 1012 1014 889 1012 1013 889 1006 1012 
889 885 1006 889 1013 891 1015 1011 1010 
1016 1011 1015 888 893 1015 1010 888 1015 
1013 1014 1017 1018 1017 1019 894 1017 1018 
894 1013 1017 894 891 1013 894 1018 896 
1020 1016 1015 1021 1016 1020 893 897 1020 
1015 893 1020 1022 1018 1019 1023 1022 1019 
896 1022 899 1018 1022 896 1024 1025 1026 
1021 1024 1026 1020 1024 1021 1020 901 1024 
1020 902 901 897 902 1020 1027 1022 1023 
1028 1027 1023 899 1027 904 1022 1027 899 
1029 1030 1031 1029 1032 1033 1031 1032 1029 
1033 1034 1035 1032 1034 1033 1035 907 906 
1035 1034 907 1034 1036 907 1025 1024 908 
1025 908 1036 1036 908 907 901 908 1024 
1027 1028 1037 1038 1037 1039 910 1037 1038 
910 1027 1037 910 904 1027 910 1038 911 
1040 1041 1042 1040 914 913 1040 1042 914 
1042 1043 914 915 914 1044 914 1043 1044 
1030 1029 917 1030 917 1044 1044 917 915 
918 917 1029 1033 918 1029 919 918 1033 
1035 919 1033 906 919 1035 1045 1038 1039 
1046 1045 1039 911 1045 921 1038 1045 911 
1047 1048 1049 1047 924 923 1047 1049 924 
1049 1050 924 1041 1040 925 1041 925 1050 
1050 925 924 913 925 1040 1051 1052 1053 
1046 1052 1051 1046 1051 1045 1045 1051 1054 
921 1054 927 1045 1054 921 1055 1056 1057 
1055 1058 1059 1057 1058 1055 1059 1060 1061 
1058 1060 1059 1061 1062 1063 1060 1062 1061 
1063 1064 1065 1062 1064 1063 1065 1066 1067 
1064 1066 1065 1067 1068 1069 1066 1068 1067 
1069 1070 1071 1068 1070 1069 1071 930 929 
1071 1070 930 1070 1072 930 1048 1047 931 
1048 931 1072 1072 931 930 923 931 1047 
1051 1053 1073 1054 1051 1073 1074 1054 1073 
1054 934 927 1054 1075 934 1054 1074 1075 
1076 934 1075 1076 1077 1078 1075 1077 1076 
1056 1078 1077 1055 1078 1056 1055 936 1078 
1055 937 936 938 937 1055 1059 938 1055 
939 938 1059 1061 939 1059 940 939 1061 
1063 940 1061 941 940 1063 1065 941 1063 
943 941 1065 1067 943 1065 945 943 1067 
1069 945 1067 947 945 1069 1071 947 1069 
929 947 1071 934 1076 949 950 949 1076 
1078 950 1076 936 950 1078 1079 1080 1081 
1079 1082 1083 1080 1079 1083 1082 1084 1085 
1083 1082 1085 1084 1086 1087 1085 1084 1087 
1086 1088 1089 1087 1086 1089 1088 953 952 
1088 952 1089 1089 952 1090 954 1091 1092 
954 1092 952 952 1092 1090 1092 1091 1093 
1094 1095 1096 1094 957 956 1094 956 1095 
1095 956 1097 1081 959 1079 1081 1097 959 
1097 956 959 961 1079 959 1082 1079 961 
963 1082 961 1084 1082 963 965 1084 963 
1086 1084 965 967 1086 965 1088 1086 967 
953 1088 967 954 969 1091 1091 1098 1093 
1091 969 1098 969 971 1098 972 1099 971 
971 1099 1098 1100 1101 1099 1100 1099 974 
974 1099 972 974 975 1100 977 1102 1103 
978 977 1103 1096 979 1094 1096 1102 979 
1102 977 979 957 1094 979 1100 1104 1101 
975 1104 1100 975 981 1104 981 1105 1104 
982 1106 981 981 1106 1105 1106 982 984 
1107 1106 984 1108 1109 1110 1108 987 986 
1108 986 1109 1109 986 1111 1103 986 978 
1111 986 1103 984 1112 1107 989 1112 984 
990 1113 989 989 1113 1112 1113 990 992 
1114 1113 992 1115 1116 1117 1110 1116 1115 
1108 1110 1115 1108 1115 995 1108 995 994 
987 1108 994 992 1118 1114 996 1118 992 
1119 1120 1118 1119 1118 997 997 1118 996 
997 999 1119 1121 1122 1123 1117 1122 1121 
1115 1117 1121 1115 1121 1002 1115 1002 1001 
995 1115 1001 1119 1124 1120 999 1124 1119 
999 1003 1124 1003 1125 1124 1125 1003 1005 
1126 1125 1005 1127 1128 1129 1123 1128 1127 
1121 1123 1127 1121 1127 1008 1121 1008 1007 
1002 1121 1007 1130 1005 1009 1130 1131 1005 
1131 1126 1005 1009 1011 1130 1127 1129 1132 
1133 1132 1134 1012 1132 1133 1012 1127 1132 
1012 1008 1127 1012 1133 1014 1135 1131 1130 
1136 1131 1135 1011 1016 1135 1130 1011 1135 
1133 1134 1137 1138 1137 1139 1017 1137 1138 
1017 1133 1137 1017 1014 1133 1017 1138 1019 
1140 1136 1135 1141 1136 1140 1016 1021 1140 
1135 1016 1140 1142 1138 1139 1143 1142 1139 
1019 1142 1023 1138 1142 1019 1144 1145 1146 
1141 1144 1146 1140 1144 1141 1140 1025 1144 
1140 1026 1025 1021 1026 1140 1147 1142 1143 
1148 1147 1143 1023 1147 1028 1142 1147 1023 
1149 1150 1151 1149 1152 1153 1151 1152 1149 
1153 1154 1155 1152 1154 1153 1155 1031 1030 
1155 1154 1031 1154 1156 1031 1032 1031 1157 
1031 1156 1157 1034 1032 1158 1032 1157 1158 
1145 1144 1036 1145 1036 1158 1158 1036 1034 
1025 1036 1144 1159 1160 1161 1148 1160 1159 
1148 1159 1147 1147 1159 1162 1028 1163 1037 
1028 1147 1163 1147 1162 1163 1037 1163 1039 
1164 1165 1166 1164 1167 1168 1166 1167 1164 
1150 1168 1167 1149 1168 1150 1149 1041 1168 
1149 1042 1041 1043 1042 1149 1153 1043 1149 
1044 1043 1153 1155 1044 1153 1030 1044 1155 
1159 1161 1169 1169 1170 1171 1169 1171 1159 
1159 1171 1162 1163 1162 1172 1172 1162 1171 
1039 1172 1046 1163 1172 1039 1173 1174 1175 
1173 1176 1177 1175 1176 1173 1177 1178 1179 
1176 1178 1177 1179 1180 1181 1178 1180 1179 
1165 1181 1180 1164 1181 1165 1164 1048 1181 
1164 1049 1048 1050 1049 1164 1168 1050 1164 
1041 1050 1168 1171 1170 1182 1172 1171 1182 
1172 1182 1183 1184 1053 1052 1183 1046 1172 
1183 1185 1046 1052 1046 1184 1184 1046 1185 
1186 1187 1188 1186 1057 1056 1186 1188 1057 
1188 1189 1057 1058 1057 1190 1057 1189 1190 
1060 1058 1191 1058 1190 1191 1062 1060 1192 
1060 1191 1192 1064 1062 1193 1062 1192 1193 
1174 1173 1066 1174 1066 1193 1193 1066 1064 
1068 1066 1173 1177 1068 1173 1070 1068 1177 
1179 1070 1177 1072 1070 1179 1181 1072 1179 
1048 1072 1181 1053 1184 1073 1184 1185 1194 
1184 1194 1073 1073 1194 1074 1075 1074 1195 
1074 1194 1195 1187 1186 1077 1187 1077 1195 
1195 1077 1075 1056 1077 1186 1196 1197 1198 
1196 1081 1080 1196 1080 1197 1197 1080 1199 
1083 1200 1080 1080 1200 1199 1085 1201 1083 
1083 1201 1200 1087 1202 1085 1085 1202 1201 
1089 1203 1087 1087 1203 1202 1090 1204 1089 
1089 1204 1203 1092 1205 1090 1090 1205 1204 
1205 1092 1093 1206 1205 1093 1207 1208 1209 
1207 1096 1095 1207 1095 1208 1208 1095 1210 
1198 1097 1196 1198 1210 1097 1210 1095 1097 
1081 1196 1097 1093 1211 1206 1098 1211 1093 
1099 1212 1098 1098 1212 1211 1101 1213 1214 
1101 1214 1099 1099 1214 1212 1214 1213 1215 
1216 1217 1218 1216 1219 1220 1217 1216 1220 
1209 1220 1219 1207 1209 1219 1207 1219 1103 
1207 1103 1102 1096 1207 1102 1101 1104 1213 
1213 1221 1215 1213 1104 1221 1104 1105 1221 
1222 1223 1221 1222 1221 1106 1106 1221 1105 
1106 1107 1222 1224 1225 1226 1218 1225 1224 
1216 1218 1224 1216 1224 1110 1216 1110 1109 
1111 1216 1109 1219 1216 1111 1103 1219 1111 
1222 1227 1223 1107 1227 1222 1107 1112 1227 
1112 1228 1227 1229 1230 1228 1229 1228 1113 
1113 1228 1112 1113 1114 1229 1231 1232 1233 
1226 1232 1231 1224 1226 1231 1224 1231 1117 
1224 1117 1116 1110 1224 1116 1229 1234 1230 
1235 1236 1234 1118 1235 1234 1118 1234 1229 
1118 1229 1114 1118 1120 1235 1237 1238 1239 
1233 1238 1237 1231 1233 1237 1231 1237 1123 
1231 1123 1122 1117 1231 1122 1235 1240 1236 
1241 1242 1240 1124 1241 1240 1124 1240 1235 
1124 1235 1120 1124 1125 1243 1241 1124 1243 
1125 1126 1243 1128 1244 1129 1237 1239 1245 
1245 1123 1237 1245 1246 1123 1128 1123 1244 
1244 1123 1246 1241 1247 1242 1247 1248 1249 
1247 1241 1248 1241 1243 1248 1126 1131 1248 
1243 1126 1248 1129 1244 1132 1244 1134 1132 
1244 1246 1134 1246 1250 1134 1251 1249 1248 
1252 1249 1251 1131 1136 1251 1248 1131 1251 
1253 1137 1134 1253 1134 1254 1254 1134 1250 
1137 1253 1139 1255 1252 1251 1256 1252 1255 
1136 1141 1255 1251 1136 1255 1257 1253 1254 
1258 1257 1254 1139 1257 1143 1253 1257 1139 
1259 1260 1261 1259 1262 1263 1261 1262 1259 
1263 1264 1265 1262 1264 1263 1256 1265 1264 
1255 1265 1256 1255 1145 1265 1255 1146 1145 
1141 1146 1255 1266 1257 1258 1267 1266 1258 
1143 1266 1148 1257 1266 1143 1268 1269 1270 
1268 1151 1150 1268 1270 1151 1270 1271 1151 
1152 1151 1272 1151 1271 1272 1154 1152 1273 
1152 1272 1273 1260 1259 1156 1260 1156 1273 
1273 1156 1154 1157 1156 1259 1263 1157 1259 
1158 1157 1263 1265 1158 1263 1145 1158 1265 
1160 1274 1161 1266 1267 1275 1275 1148 1266 
1275 1276 1148 1160 1148 1274 1274 1148 1276 
1277 1278 1279 1277 1280 1281 1279 1280 1277 
1281 1282 1283 1280 1282 1281 1283 1166 1165 
1283 1282 1166 1282 1284 1166 1269 1268 1167 
1269 1167 1284 1284 1167 1166 1150 1167 1268 
1161 1274 1169 1170 1285 1286 1169 1285 1170 
1169 1276 1285 1169 1274 1276 1285 1287 1286 
1288 1289 1290 1288 1291 1292 1290 1291 1288 
1292 1293 1294 1291 1293 1292 1294 1295 1296 
1293 1295 1294 1296 1175 1174 1296 1295 1175 
1295 1297 1175 1278 1277 1176 1278 1176 1297 
1297 1176 1175 1178 1176 1277 1281 1178 1277 
1180 1178 1281 1283 1180 1281 1165 1180 1283 
1170 1286 1182 1286 1287 1298 1286 1298 1182 
1182 1298 1183 1185 1299 1300 1185 1183 1299 
1183 1298 1299 1300 1301 1302 1299 1301 1300 
1302 1188 1187 1302 1301 1188 1301 1303 1188 
1189 1188 1304 1188 1303 1304 1289 1288 1190 
1289 1190 1304 1304 1190 1189 1191 1190 1288 
1292 1191 1288 1192 1191 1292 1294 1192 1292 
1193 1192 1294 1296 1193 1294 1174 1193 1296 
1185 1300 1194 1195 1194 1300 1302 1195 1300 
1187 1195 1302 1305 1306 1307 1305 1198 1197 
1305 1197 1306 1306 1197 1308 1199 1309 1197 
1197 1309 1308 1200 1310 1199 1199 1310 1309 
1201 1311 1200 1200 1311 1310 1202 1312 1201 
1201 1312 1311 1203 1313 1202 1202 1313 1312 
1204 1314 1203 1203 1314 1313 1205 1315 1204 
1204 1315 1314 1315 1205 1206 1316 1315 1206 
1317 1318 1319 1317 1209 1208 1317 1208 1318 
1318 1208 1320 1307 1210 1305 1307 1320 1210 
1320 1208 1210 1198 1305 1210 1206 1321 1316 
1211 1321 1206 1212 1322 1211 1211 1322 1321 
1323 1324 1322 1323 1322 1214 1214 1322 1212 
1214 1215 1323 1325 1326 1327 1325 1218 1217 
1325 1217 1326 1326 1217 1328 1319 1220 1317 
1319 1328 1220 1328 1217 1220 1209 1317 1220 
1323 1329 1324 1215 1329 1323 1215 1221 1329 
1221 1330 1329 1330 1221 1223 1331 1330 1223 
1332 1333 1334 1327 1333 1332 1325 1327 1332 
1325 1332 1226 1325 1226 1225 1218 1325 1225 
1223 1335 1331 1227 1335 1223 1336 1337 1335 
1336 1335 1228 1228 1335 1227 1228 1230 1336 
1338 1339 1340 1334 1339 1338 1332 1334 1338 
1332 1338 1233 1332 1233 1232 1226 1332 1232 
1336 1341 1337 1230 1341 1336 1230 1234 1341 
1234 1342 1341 1342 1234 1236 1343 1342 1236 
1344 1345 1346 1340 1345 1344 1338 1340 1344 
1338 1344 1239 1338 1239 1238 1233 1338 1238 
1347 1236 1240 1347 1348 1236 1348 1343 1236 
1240 1242 1347 1344 1346 1349 1350 1349 1351 
1245 1349 1350 1245 1344 1349 1245 1239 1344 
1245 1350 1246 1347 1352 1348 1353 1354 1352 
1247 1353 1352 1247 1352 1347 1247 1347 1242 
1247 1249 1353 1355 1350 1351 1356 1355 1351 
1246 1355 1250 1350 1355 1246 1357 1354 1353 
1358 1354 1357 1249 1252 1357 1353 1249 1357 
1359 1360 1361 1356 1360 1359 1356 1359 1355 
1355 1359 1362 1250 1362 1254 1355 1362 1250 
1363 1358 1357 1364 1358 1363 1252 1256 1363 
1357 1252 1363 1359 1361 1365 1365 1366 1367 
1365 1367 1359 1359 1367 1362 1254 1367 1258 
1362 1367 1254 1368 1369 1370 1368 1371 1372 
1370 1371 1368 1372 1373 1374 1371 1373 1372 
1374 1261 1260 1374 1373 1261 1373 1375 1261 
1262 1261 1376 1261 1375 1376 1364 1363 1264 
1364 1264 1376 1376 1264 1262 1256 1264 1363 
1367 1366 1377 1377 1258 1367 1377 1378 1258 
1378 1267 1258 1379 1380 1381 1379 1382 1383 
1381 1382 1379 1383 1270 1269 1383 1382 1270 
1382 1384 1270 1369 1368 1271 1369 1271 1384 
1384 1271 1270 1272 1271 1368 1372 1272 1368 
1273 1272 1372 1374 1273 1372 1260 1273 1374 
1267 1378 1385 1275 1267 1385 1385 1276 1275 
1386 1276 1385 1387 1388 1389 1387 1390 1391 
1389 1390 1387 1391 1392 1393 1390 1392 1391 
1393 1394 1395 1392 1394 1393 1395 1279 1278 
1395 1394 1279 1394 1396 1279 1280 1279 1397 
1279 1396 1397 1380 1379 1282 1380 1282 1397 
1397 1282 1280 1284 1282 1379 1383 1284 1379 
1269 1284 1383 1276 1386 1398 1285 1276 1398 
1287 1399 1400 1287 1285 1399 1285 1398 1399 
1399 1401 1400 1402 1403 1404 1402 1405 1406 
1404 1405 1402 1406 1290 1289 1406 1405 1290 
1405 1407 1290 1388 1387 1291 1388 1291 1407 
1407 1291 1290 1293 1291 1387 1391 1293 1387 
1295 1293 1391 1393 1295 1391 1297 1295 1393 
1395 1297 1393 1278 1297 1395 1287 1400 1298 
1400 1401 1408 1400 1408 1298 1298 1408 1299 
1301 1299 1409 1299 1408 1409 1403 1402 1303 
1403 1303 1409 1409 1303 1301 1304 1303 1402 
1406 1304 1402 1289 1304 1406 1410 1411 1412 
1410 1413 1414 1411 1410 1414 1413 1415 1416 
1414 1413 1416 1416 1415 1417 1418 1419 1420 
1418 1421 1422 1419 1418 1422 1421 1307 1306 
1421 1306 1422 1422 1306 1423 1412 1308 1410 
1412 1423 1308 1423 1306 1308 1309 1410 1308 
1413 1410 1309 1310 1413 1309 1415 1413 1310 
1415 1424 1417 1415 1310 1424 1310 1311 1424 
1312 1425 1311 1311 1425 1424 1313 1426 1312 
1312 1426 1425 1314 1427 1313 1313 1427 1426 
1315 1428 1314 1314 1428 1427 1428 1315 1316 
1429 1428 1316 1430 1431 1432 1430 1433 1434 
1431 1430 1434 1420 1434 1433 1418 1420 1433 
1418 1433 1319 1418 1319 1318 1320 1418 1318 
1421 1418 1320 1307 1421 1320 1316 1435 1429 
1321 1435 1316 1322 1436 1321 1321 1436 1435 
1436 1322 1324 1437 1436 1324 1438 1439 1440 
1432 1439 1438 1430 1432 1438 1430 1438 1327 
1430 1327 1326 1328 1430 1326 1433 1430 1328 
1319 1433 1328 1324 1441 1437 1329 1441 1324 
1330 1442 1329 1329 1442 1441 1442 1330 1331 
1443 1442 1331 1444 1445 1446 1440 1445 1444 
1438 1440 1444 1438 1444 1334 1438 1334 1333 
1327 1438 1333 1331 1447 1443 1335 1447 1331 
1447 1335 1337 1448 1447 1337 1449 1450 1451 
1446 1450 1449 1444 1446 1449 1444 1449 1340 
1444 1340 1339 1334 1444 1339 1337 1452 1448 
1341 1452 1337 1453 1454 1452 1453 1452 1342 
1342 1452 1341 1342 1343 1453 1455 1456 1457 
1451 1456 1455 1449 1451 1455 1449 1455 1346 
1449 1346 1345 1340 1449 1345 1453 1458 1454 
1458 1453 1343 1458 1343 1459 1459 1343 1348 
1460 1455 1457 1461 1460 1457 1346 1462 1349 
1346 1455 1462 1455 1460 1462 1349 1462 1351 
1348 1463 1459 1352 1463 1348 1463 1352 1354 
1464 1463 1354 1460 1461 1465 1465 1466 1467 
1465 1467 1460 1460 1467 1462 1351 1467 1356 
1462 1467 1351 1468 1469 1470 1468 1470 1464 
1468 1464 1358 1358 1464 1354 1360 1467 1466 
1360 1466 1361 1361 1466 1471 1356 1467 1360 
1472 1469 1468 1473 1469 1472 1358 1364 1472 
1468 1358 1472 1361 1471 1474 1365 1361 1474 
1474 1366 1365 1475 1366 1474 1476 1477 1478 
1476 1479 1480 1478 1479 1476 1480 1481 1482 
1479 1481 1480 1482 1370 1369 1482 1481 1370 
1481 1483 1370 1371 1370 1484 1370 1483 1484 
1373 1371 1485 1371 1484 1485 1375 1373 1486 
1373 1485 1486 1473 1472 1376 1473 1376 1486 
1486 1376 1375 1364 1376 1472 1366 1475 1487 
1377 1366 1487 1378 1488 1489 1378 1377 1488 
1377 1487 1488 1488 1490 1489 1491 1492 1493 
1491 1494 1495 1493 1494 1491 1495 1496 1497 
1494 1496 1495 1497 1498 1499 1496 1498 1497 
1477 1499 1498 1476 1499 1477 1476 1380 1499 
1476 1381 1380 1382 1381 1476 1480 1382 1476 
1384 1382 1480 1482 1384 1480 1369 1384 1482 
1378 1489 1385 1386 1500 1501 1385 1500 1386 
1385 1490 1500 1385 1489 1490 1500 1502 1501 
1503 1504 1505 1503 1506 1507 1505 1506 1503 
1507 1389 1388 1507 1506 1389 1506 1508 1389 
1390 1389 1509 1389 1508 1509 1492 1491 1392 
1492 1392 1509 1509 1392 1390 1394 1392 1491 
1495 1394 1491 1396 1394 1495 1497 1396 1495 
1397 1396 1497 1499 1397 1497 1380 1397 1499 
1386 1501 1398 1501 1502 1510 1501 1510 1398 
1398 1510 1399 1401 1511 1512 1401 1399 1511 
1399 1510 1511 1512 1513 1514 1511 1513 1512 
1514 1404 1403 1514 1513 1404 1513 1515 1404 
1504 1503 1405 1504 1405 1515 1515 1405 1404 
1407 1405 1503 1507 1407 1503 1388 1407 1507 
1401 1512 1408 1409 1408 1512 1514 1409 1512 
1403 1409 1514 1516 1517 1518 1516 1519 1520 
1517 1516 1520 1519 1412 1411 1519 1411 1520 
1520 1411 1521 1414 1522 1411 1411 1522 1521 
1416 1523 1414 1414 1523 1522 1523 1416 1417 
1524 1523 1417 1525 1526 1527 1525 1420 1419 
1525 1419 1526 1526 1419 1528 1518 1422 1516 
1518 1528 1422 1528 1419 1422 1423 1516 1422 
1519 1516 1423 1412 1519 1423 1417 1529 1524 
1424 1529 1417 1425 1530 1424 1424 1530 1529 
1426 1531 1425 1425 1531 1530 1427 1532 1426 
1426 1532 1531 1428 1533 1427 1427 1533 1532 
1533 1428 1429 1534 1533 1429 1535 1536 1537 
1535 1432 1431 1535 1431 1536 1536 1431 1538 
1527 1434 1525 1527 1538 1434 1538 1431 1434 
1420 1525 1434 1429 1539 1534 1435 1539 1429 
1436 1540 1435 1435 1540 1539 1540 1436 1437 
1541 1540 1437 1542 1543 1544 1537 1543 1542 
1535 1537 1542 1535 1542 1440 1535 1440 1439 
1432 1535 1439 1437 1545 1541 1441 1545 1437 
1442 1546 1441 1441 1546 1545 1546 1442 1443 
1547 1546 1443 1548 1549 1550 1544 1549 1548 
1542 1544 1548 1542 1548 1446 1542 1446 1445 
1440 1542 1445 1443 1551 1547 1447 1551 1443 
1551 1447 1448 1552 1551 1448 1553 1554 1555 
1550 1554 1553 1548 1550 1553 1548 1553 1451 
1548 1451 1450 1446 1548 1450 1448 1556 1552 
1452 1556 1448 1556 1452 1454 1557 1556 1454 
1456 1553 1555 1456 1555 1457 1457 1555 1558 
1451 1553 1456 1454 1559 1557 1458 1559 1454 
1559 1458 1459 1560 1559 1459 1457 1558 1461 
1558 1561 1461 1562 1459 1463 1562 1563 1459 
1563 1560 1459 1463 1464 1562 1461 1561 1564 
1465 1461 1564 1564 1466 1465 1565 1466 1564 
1470 1563 1562 1470 1469 1563 1469 1566 1563 
1464 1470 1562 1567 1568 1471 1567 1471 1565 
1565 1471 1466 1567 1569 1568 1570 1571 1572 
1570 1573 1574 1572 1573 1570 1574 1575 1576 
1573 1575 1574 1576 1577 1578 1575 1577 1576 
1578 1579 1580 1577 1579 1578 1580 1581 1582 
1579 1581 1580 1582 1581 1566 1582 1566 1473 
1473 1566 1469 1471 1568 1474 1475 1583 1584 
1474 1583 1475 1474 1569 1583 1474 1568 1569 
1583 1585 1584 1586 1587 1588 1586 1589 1590 
1588 1589 1586 1590 1478 1477 1590 1589 1478 
1589 1591 1478 1571 1570 1479 1571 1479 1591 
1591 1479 1478 1481 1479 1570 1574 1481 1570 
1483 1481 1574 1576 1483 1574 1484 1483 1576 
1578 1484 1576 1485 1484 1578 1580 1485 1578 
1486 1485 1580 1582 1486 1580 1473 1486 1582 
1475 1584 1487 1584 1585 1592 1584 1592 1487 
1487 1592 1488 1490 1593 1594 1490 1488 1593 
1488 1592 1593 1593 1595 1594 1596 1597 1598 
1596 1599 1600 1598 1599 1596 1600 1493 1492 
1600 1599 1493 1599 1601 1493 1494 1493 1602 
1493 1601 1602 1587 1586 1496 1587 1496 1602 
1602 1496 1494 1498 1496 1586 1590 1498 1586 
1477 1498 1590 1490 1594 1500 1502 1603 1604 
1500 1603 1502 1500 1595 1603 1500 1594 1595 
1604 1605 1606 1603 1605 1604 1606 1607 1608 
1605 1607 1606 1608 1609 1610 1607 1609 1608 
1610 1505 1504 1610 1609 1505 1609 1611 1505 
1506 1505 1612 1505 1611 1612 1597 1596 1508 
1597 1508 1612 1612 1508 1506 1509 1508 1596 
1600 1509 1596 1492 1509 1600 1502 1604 1510 
1511 1510 1604 1606 1511 1604 1513 1511 1606 
1608 1513 1606 1515 1513 1608 1610 1515 1608 
1504 1515 1610 1613 1614 1615 1613 1616 1617 
1614 1613 1617 1616 1518 1517 1616 1517 1617 
1617 1517 1618 1520 1619 1517 1517 1619 1618 
1521 1620 1520 1520 1620 1619 1522 1621 1521 
1521 1621 1620 1523 1622 1522 1522 1622 1621 
1524 1623 1624 1524 1624 1523 1523 1624 1622 
1624 1623 1625 1626 1627 1628 1615 1627 1626 
1613 1615 1626 1613 1626 1527 1613 1527 1526 
1528 1613 1526 1616 1613 1528 1518 1616 1528 
1524 1529 1623 1623 1629 1625 1623 1529 1629 
1529 1530 1629 1531 1630 1530 1530 1630 1629 
1532 1631 1531 1531 1631 1630 1533 1632 1532 
1532 1632 1631 1632 1533 1534 1633 1632 1534 
1634 1635 1636 1634 1537 1536 1634 1536 1635 
1635 1536 1637 1628 1538 1626 1628 1637 1538 
1637 1536 1538 1527 1626 1538 1534 1638 1633 
1539 1638 1534 1540 1639 1539 1539 1639 1638 
1639 1540 1541 1640 1639 1541 1641 1642 1643 
1636 1642 1641 1634 1636 1641 1634 1641 1544 
1634 1544 1543 1537 1634 1543 1541 1644 1640 
1545 1644 1541 1546 1645 1545 1545 1645 1644 
1645 1546 1547 1646 1645 1547 1647 1648 1649 
1643 1648 1647 1641 1643 1647 1641 1647 1550 
1641 1550 1549 1544 1641 1549 1547 1650 1646 
1551 1650 1547 1650 1551 1552 1651 1650 1552 
1554 1647 1649 1554 1649 1555 1555 1649 1652 
1550 1647 1554 1552 1653 1651 1556 1653 1552 
1653 1556 1557 1654 1653 1557 1555 1652 1558 
1652 1655 1558 1656 1557 1559 1656 1657 1557 
1657 1654 1557 1559 1560 1656 1558 1655 1561 
1655 1658 1561 1659 1657 1656 1660 1657 1659 
1560 1563 1659 1656 1560 1659 1561 1658 1661 
1564 1561 1661 1661 1565 1564 1662 1565 1661 
1663 1664 1665 1660 1663 1665 1660 1659 1663 
1659 1666 1663 1563 1566 1666 1659 1563 1666 
1565 1662 1667 1567 1565 1667 1667 1569 1567 
1668 1569 1667 1669 1670 1671 1669 1672 1673 
1671 1672 1669 1673 1572 1571 1673 1672 1572 
1672 1674 1572 1573 1572 1675 1572 1674 1675 
1575 1573 1676 1573 1675 1676 1577 1575 1677 
1575 1676 1677 1664 1663 1579 1664 1579 1677 
1677 1579 1577 1581 1579 1663 1666 1581 1663 
1566 1581 1666 1569 1668 1678 1583 1569 1678 
1585 1679 1680 1585 1583 1679 1583 1678 1679 
1679 1681 1680 1682 1683 1684 1682 1685 1686 
1684 1685 1682 1686 1588 1587 1686 1685 1588 
1685 1687 1588 1670 1669 1589 1670 1589 1687 
1687 1589 1588 1591 1589 1669 1673 1591 1669 
1571 1591 1673 1585 1680 1592 1680 1681 1688 
1680 1688 1592 1592 1688 1593 1595 1689 1690 
1595 1593 1689 1593 1688 1689 1690 1691 1692 
1689 1691 1690 1692 1693 1694 1691 1693 1692 
1694 1695 1696 1693 1695 1694 1696 1697 1698 
1695 1697 1696 1698 1699 1700 1697 1699 1698 
1700 1598 1597 1700 1699 1598 1699 1701 1598 
1599 1598 1702 1598 1701 1702 1683 1682 1601 
1683 1601 1702 1702 1601 1599 1602 1601 1682 
1686 1602 1682 1587 1602 1686 1595 1690 1603 
1605 1603 1690 1692 1605 1690 1607 1605 1692 
1694 1607 1692 1609 1607 1694 1696 1609 1694 
1611 1609 1696 1698 1611 1696 1612 1611 1698 
1700 1612 1698 1597 1612 1700 1703 1704 1705 
1703 1615 1614 1703 1614 1704 1704 1614 1706 
1617 1707 1614 1614 1707 1706 1618 1708 1617 
1617 1708 1707 1619 1709 1618 1618 1709 1708 
1620 1710 1619 1619 1710 1709 1621 1711 1620 
1620 1711 1710 1622 1712 1621 1621 1712 1711 
1624 1713 1622 1622 1713 1712 1625 1714 1715 
1625 1715 1624 1624 1715 1713 1715 1714 1716 
1717 1718 1719 1717 1720 1721 1718 1717 1721 
1705 1721 1720 1703 1705 1720 1703 1720 1628 
1703 1628 1627 1615 1703 1627 1625 1629 1714 
1714 1722 1716 1714 1629 1722 1629 1630 1722 
1631 1723 1630 1630 1723 1722 1724 1725 1723 
1724 1723 1632 1632 1723 1631 1632 1633 1724 
1726 1727 1728 1719 1727 1726 1717 1719 1726 
1717 1726 1636 1717 1636 1635 1637 1717 1635 
1720 1717 1637 1628 1720 1637 1724 1729 1725 
1633 1729 1724 1633 1638 1729 1638 1730 1729 
1639 1731 1638 1638 1731 1730 1731 1639 1640 
1732 1731 1640 1733 1734 1735 1728 1734 1733 
1726 1728 1733 1726 1733 1643 1726 1643 1642 
1636 1726 1642 1640 1736 1732 1644 1736 1640 
1737 1738 1736 1737 1736 1645 1645 1736 1644 
1645 1646 1737 1648 1733 1735 1648 1735 1649 
1649 1735 1739 1643 1733 1648 1737 1740 1738 
1741 1742 1740 1650 1741 1740 1650 1740 1737 
1650 1737 1646 1650 1651 1741 1649 1739 1652 
1739 1743 1652 1741 1744 1742 1745 1746 1744 
1653 1745 1744 1653 1744 1741 1653 1741 1651 
1653 1654 1745 1652 1743 1655 1743 1747 1655 
1748 1746 1745 1749 1746 1748 1654 1657 1748 
1745 1654 1748 1750 1751 1658 1750 1658 1747 
1747 1658 1655 1750 1752 1751 1753 1749 1748 
1754 1749 1753 1657 1660 1753 1748 1657 1753 
1658 1751 1661 1662 1755 1756 1661 1755 1662 
1661 1752 1755 1661 1751 1752 1755 1757 1756 
1758 1759 1760 1758 1761 1762 1760 1761 1758 
1762 1763 1764 1761 1763 1762 1764 1765 1766 
1763 1765 1764 1766 1767 1768 1765 1767 1766 
1754 1768 1767 1753 1768 1754 1753 1664 1768 
1753 1665 1664 1660 1665 1753 1662 1756 1667 
1668 1769 1770 1667 1769 1668 1667 1757 1769 
1667 1756 1757 1769 1771 1770 1772 1773 1774 
1772 1775 1776 1774 1775 1772 1776 1671 1670 
1776 1775 1671 1775 1777 1671 1759 1758 1672 
1759 1672 1777 1777 1672 1671 1674 1672 1758 
1762 1674 1758 1675 1674 1762 1764 1675 1762 
1676 1675 1764 1766 1676 1764 1677 1676 1766 
1768 1677 1766 1664 1677 1768 1668 1770 1678 
1770 1771 1778 1770 1778 1678 1678 1778 1679 
1681 1779 1780 1681 1679 1779 1679 1778 1779 
1779 1781 1780 1782 1783 1784 1782 1785 1786 
1784 1785 1782 1786 1787 1788 1785 1787 1786 
1788 1684 1683 1788 1787 1684 1787 1789 1684 
1773 1772 1685 1773 1685 1789 1789 1685 1684 
1687 1685 1772 1776 1687 1772 1670 1687 1776 
1681 1780 1688 1780 1781 1790 1780 1790 1688 
1688 1790 1689 1691 1689 1791 1689 1790 1791 
1693 1691 1792 1691 1791 1792 1695 1693 1793 
1693 1792 1793 1697 1695 1794 1695 1793 1794 
1783 1782 1699 1783 1699 1794 1794 1699 1697 
1701 1699 1782 1786 1701 1782 1702 1701 1786 
1788 1702 1786 1683 1702 1788 1795 1796 1797 
1795 1798 1799 1796 1795 1799 1798 1800 1801 
1799 1798 1801 1800 1802 1803 1801 1800 1803 
1803 1802 1804 1805 1806 1807 1805 1705 1704 
1805 1704 1806 1806 1704 1808 1706 1809 1704 
1704 1809 1808 1797 1707 1795 1797 1809 1707 
1809 1706 1707 1708 1795 1707 1798 1795 1708 
1709 1798 1708 1800 1798 1709 1710 1800 1709 
1802 1800 1710 1802 1810 1804 1802 1710 1810 
1710 1711 1810 1712 1811 1711 1711 1811 1810 
1713 1812 1712 1712 1812 1811 1813 1814 1812 
1813 1812 1715 1715 1812 1713 1715 1716 1813 
1718 1815 1816 1719 1718 1816 1807 1721 1805 
1807 1815 1721 1815 1718 1721 1705 1805 1721 
1813 1817 1814 1716 1817 1813 1716 1722 1817 
1722 1818 1817 1819 1820 1818 1819 1818 1723 
1723 1818 1722 1723 1725 1819 1727 1821 1822 
1728 1727 1822 1816 1727 1719 1821 1727 1816 
1819 1823 1820 1824 1825 1823 1729 1824 1823 
1729 1823 1819 1729 1819 1725 1729 1730 1826 
1824 1729 1826 1730 1731 1827 1826 1730 1827 
1731 1732 1827 1734 1828 1829 1735 1734 1829 
1822 1734 1728 1828 1734 1822 1824 1830 1825 
1826 1830 1824 1831 1830 1826 1827 1831 1826 
1832 1831 1827 1833 1834 1832 1736 1833 1832 
1736 1832 1827 1736 1827 1732 1736 1738 1833 
1735 1829 1739 1829 1835 1739 1833 1836 1834 
1837 1838 1836 1740 1837 1836 1740 1836 1833 
1740 1833 1738 1740 1742 1837 1739 1835 1743 
1835 1839 1743 1837 1840 1838 1841 1842 1840 
1744 1841 1840 1744 1840 1837 1744 1837 1742 
1744 1746 1841 1743 1839 1747 1839 1843 1747 
1844 1842 1841 1845 1842 1844 1746 1749 1844 
1841 1746 1844 1747 1843 1846 1750 1747 1846 
1846 1752 1750 1847 1752 1846 1848 1845 1844 
1849 1845 1848 1749 1754 1848 1844 1749 1848 
1752 1847 1850 1755 1752 1850 1850 1757 1755 
1851 1757 1850 1852 1853 1854 1852 1855 1856 
1854 1855 1852 1856 1857 1858 1855 1857 1856 
1858 1760 1759 1858 1857 1760 1857 1859 1760 
1761 1760 1860 1760 1859 1860 1763 1761 1861 
1761 1860 1861 1765 1763 1862 1763 1861 1862 
1849 1848 1767 1849 1767 1862 1862 1767 1765 
1754 1767 1848 1757 1851 1863 1769 1757 1863 
1771 1864 1865 1771 1769 1864 1769 1863 1864 
1864 1866 1865 1867 1868 1869 1867 1870 1871 
1869 1870 1867 1853 1871 1870 1852 1871 1853 
1852 1773 1871 1852 1774 1773 1775 1774 1852 
1856 1775 1852 1777 1775 1856 1858 1777 1856 
1759 1777 1858 1771 1865 1778 1865 1866 1872 
1865 1872 1778 1778 1872 1779 1781 1873 1874 
1781 1779 1873 1779 1872 1873 1874 1875 1876 
1873 1875 1874 1876 1877 1878 1875 1877 1876 
1878 1879 1880 1877 1879 1878 1880 1881 1882 
1879 1881 1880 1882 1784 1783 1882 1881 1784 
1881 1883 1784 1785 1784 1884 1784 1883 1884 
1868 1867 1787 1868 1787 1884 1884 1787 1785 
1789 1787 1867 1871 1789 1867 1773 1789 1871 
1781 1874 1790 1791 1790 1874 1876 1791 1874 
1792 1791 1876 1878 1792 1876 1793 1792 1878 
1880 1793 1878 1794 1793 1880 1882 1794 1880 
1783 1794 1882 1885 1886 1887 1885 1888 1889 
1886 1885 1889 1888 1797 1796 1888 1796 1889 
1889 1796 1890 1799 1891 1796 1796 1891 1890 
1801 1892 1799 1799 1892 1891 1803 1893 1801 
1801 1893 1892 1893 1803 1804 1894 1893 1804 
1895 1896 1897 1895 1807 1806 1895 1806 1896 
1896 1806 1898 1887 1808 1885 1887 1898 1808 
1898 1806 1808 1809 1885 1808 1888 1885 1809 
1797 1888 1809 1804 1899 1894 1810 1899 1804 
1811 1900 1810 1810 1900 1899 1812 1901 1811 
1811 1901 1900 1901 1812 1814 1902 1901 1814 
1903 1904 1905 1897 1904 1903 1895 1897 1903 
1895 1903 1816 1895 1816 1815 1807 1895 1815 
1814 1906 1902 1817 1906 1814 1818 1907 1817 
1817 1907 1906 1907 1818 1820 1908 1907 1820 
1909 1910 1911 1905 1910 1909 1903 1905 1909 
1903 1909 1822 1903 1822 1821 1816 1903 1821 
1820 1912 1908 1823 1912 1820 1912 1823 1825 
1913 1912 1825 1914 1915 1916 1911 1915 1914 
1909 1911 1914 1909 1914 1829 1909 1829 1828 
1822 1909 1828 1825 1917 1913 1830 1917 1825 
1831 1918 1830 1830 1918 1917 1919 1920 1918 
1919 1918 1832 1832 1918 1831 1832 1834 1919 
1921 1914 1916 1922 1921 1916 1829 1921 1835 
1914 1921 1829 1919 1923 1920 1924 1925 1923 
1836 1924 1923 1836 1923 1919 1836 1919 1834 
1836 1838 1924 1921 1922 1926 1926 1835 1921 
1926 1927 1835 1927 1839 1835 1924 1928 1925 
1838 1928 1924 1838 1840 1928 1840 1929 1928 
1929 1840 1842 1930 1929 1842 1931 1932 1843 
1931 1843 1927 1927 1843 1839 1931 1933 1932 
1842 1845 1930 1930 1845 1934 1843 1932 1846 
1847 1935 1936 1846 1935 1847 1846 1933 1935 
1846 1932 1933 1935 1937 1936 1938 1939 1940 
1938 1941 1942 1940 1941 1938 1942 1943 1944 
1941 1943 1942 1944 1945 1946 1943 1945 1944 
1946 1947 1948 1945 1947 1946 1948 1949 1950 
1947 1949 1948 1950 1951 1952 1949 1951 1950 
1952 1951 1934 1952 1934 1849 1849 1934 1845 
1847 1936 1850 1851 1953 1954 1850 1953 1851 
1850 1937 1953 1850 1936 1937 1953 1955 1954 
1956 1957 1958 1956 1959 1960 1958 1959 1956 
1939 1960 1959 1938 1960 1939 1938 1853 1960 
1938 1854 1853 1855 1854 1938 1942 1855 1938 
1857 1855 1942 1944 1857 1942 1859 1857 1944 
1946 1859 1944 1860 1859 1946 1948 1860 1946 
1861 1860 1948 1950 1861 1948 1862 1861 1950 
1952 1862 1950 1849 1862 1952 1851 1954 1863 
1954 1955 1961 1954 1961 1863 1863 1961 1864 
1866 1962 1963 1866 1864 1962 1864 1961 1962 
1963 1964 1965 1962 1964 1963 1965 1966 1967 
1964 1966 1965 1966 1968 1967 1969 1970 1971 
1969 1972 1973 1971 1972 1969 1973 1974 1975 
1972 1974 1973 1957 1975 1974 1956 1975 1957 
1956 1868 1975 1956 1869 1868 1870 1869 1956 
1960 1870 1956 1853 1870 1960 1866 1963 1872 
1873 1872 1963 1965 1873 1963 1875 1873 1965 
1967 1875 1965 1967 1968 1976 1967 1976 1875 
1875 1976 1877 1879 1877 1977 1877 1976 1977 
1970 1969 1881 1970 1881 1977 1977 1881 1879 
1883 1881 1969 1973 1883 1969 1884 1883 1973 
1975 1884 1973 1868 1884 1975 1978 1979 1980 
1978 1981 1982 1979 1978 1982 1981 1887 1886 
1981 1886 1982 1982 1886 1983 1889 1984 1886 
1886 1984 1983 1890 1985 1889 1889 1985 1984 
1891 1986 1890 1890 1986 1985 1892 1987 1891 
1891 1987 1986 1893 1988 1892 1892 1988 1987 
1894 1989 1990 1894 1990 1893 1893 1990 1988 
1989 1991 1992 1990 1989 1992 1991 1993 1994 
1992 1991 1994 1994 1993 1995 1996 1997 1998 
1980 1997 1996 1978 1980 1996 1978 1996 1897 
1978 1897 1896 1898 1978 1896 1981 1978 1898 
1887 1981 1898 1894 1899 1989 1900 1989 1899 
1991 1989 1900 1901 1991 1900 1993 1991 1901 
1902 1999 2000 1901 1902 2000 1901 2000 1995 
1901 1995 1993 2000 1999 2001 2002 2003 2004 
1998 2003 2002 1996 1998 2002 1996 2002 1905 
1996 1905 1904 1897 1996 1904 1902 1906 1999 
1999 2005 2001 1999 1906 2005 1906 1907 2005 
1908 2006 2007 1908 2007 1907 1907 2007 2005 
2007 2006 2008 1910 2002 2004 1910 2004 1911 
1911 2004 2009 1905 2002 1910 1908 1912 2006 
1913 2010 2011 1912 1913 2011 1912 2011 2008 
1912 2008 2006 2010 2012 2013 2011 2010 2013 
2013 2012 2014 1915 2015 2016 1916 1915 2016 
2009 1915 1911 2015 1915 2009 1913 1917 2010 
1918 2010 1917 2012 2010 1918 1920 2017 2018 
1918 1920 2018 1918 2018 2014 1918 2014 2012 
2018 2017 2019 1916 2016 1922 2016 2020 1922 
1920 1923 2017 1925 2021 2022 1923 1925 2022 
1923 2022 2019 1923 2019 2017 2022 2021 2023 
1922 2020 2024 1926 1922 2024 2024 1927 1926 
2025 1927 2024 1925 1928 2021 2021 1928 1929 
2021 1929 2026 2021 2026 2023 2026 1929 2027 
1929 1930 2027 1927 2025 2028 1931 1927 2028 
2028 1933 1931 2029 1933 2028 2030 2031 2032 
2030 2033 2034 2032 2033 2030 2034 2035 2036 
2033 2035 2034 2036 2037 2038 2035 2037 2036 
2038 2039 2040 2037 2039 2038 2040 2041 2042 
2039 2041 2040 2026 2042 2041 2026 2027 2042 
2027 2043 2042 1930 1934 2043 2027 1930 2043 
1933 2029 2044 1935 1933 2044 2044 1937 1935 
2045 1937 2044 2046 2047 2048 2046 2049 2050 
2048 2049 2046 2031 2050 2049 2030 2050 2031 
2030 1939 2050 2030 1940 1939 1941 1940 2030 
2034 1941 2030 1943 1941 2034 2036 1943 2034 
1945 1943 2036 2038 1945 2036 1947 1945 2038 
2040 1947 2038 1949 1947 2040 2042 1949 2040 
1951 1949 2042 2043 1951 2042 1934 1951 2043 
1937 2045 2051 1953 1937 2051 1955 2052 2053 
1955 1953 2052 1953 2051 2052 2053 2054 2055 
2052 2054 2053 2054 2056 2055 2057 2058 2059 
2057 2060 2061 2059 2060 2057 2047 2061 2060 
2046 2061 2047 2046 1957 2061 2046 1958 1957 
1959 1958 2046 2050 1959 2046 1939 1959 2050 
1955 2053 1961 1962 1961 2053 2055 1962 2053 
2055 2056 2062 2055 2062 1962 1962 2062 1964 
1966 1964 2063 1964 2062 2063 1968 2064 2065 
1968 1966 2064 1966 2063 2064 2065 2066 2067 
2064 2066 2065 2067 1971 1970 2067 2066 1971 
2066 2068 1971 2058 2057 1972 2058 1972 2068 
2068 1972 1971 1974 1972 2057 2061 1974 2057 
1957 1974 2061 1968 2065 1976 1977 1976 2065 
2067 1977 2065 1970 1977 2067 2069 2070 2071 
2069 1980 1979 2069 1979 2070 2070 1979 2072 
1982 2073 1979 1979 2073 2072 1983 2074 1982 
1982 2074 2073 1984 2075 1983 1983 2075 2074 
1985 2076 1984 1984 2076 2075 1986 2077 1985 
1985 2077 2076 1987 2078 1986 1986 2078 2077 
1988 2079 1987 1987 2079 2078 1990 2080 1988 
1988 2080 2079 1992 2081 1990 1990 2081 2080 
1994 2082 1992 1992 2082 2081 2082 1994 1995 
2083 2082 1995 1997 2069 2071 1997 2071 1998 
1998 2071 2084 1980 2069 1997 1995 2085 2083 
2000 2085 1995 2001 2086 2087 2001 2087 2000 
2000 2087 2085 2087 2086 2088 2003 2089 2090 
2004 2003 2090 2084 2003 1998 2089 2003 2084 
2001 2005 2086 2086 2091 2088 2086 2005 2091 
2005 2007 2091 2008 2092 2093 2008 2093 2007 
2007 2093 2091 2092 2094 2095 2093 2092 2095 
2095 2094 2096 2097 2098 2099 2097 2090 2098 
2097 2009 2090 2009 2004 2090 2008 2011 2092 
2013 2092 2011 2094 2092 2013 2014 2100 2101 
2013 2014 2101 2013 2101 2096 2013 2096 2094 
2101 2100 2102 2015 2097 2099 2015 2099 2016 
2016 2099 2103 2009 2097 2015 2014 2018 2100 
2019 2104 2105 2018 2019 2105 2018 2105 2102 
2018 2102 2100 2105 2104 2106 2107 2108 2020 
2107 2020 2103 2103 2020 2016 2107 2109 2108 
2019 2022 2104 2104 2022 2023 2104 2023 2106 
2106 2023 2110 2020 2108 2024 2108 2025 2024 
2108 2109 2025 2109 2111 2025 2112 2113 2114 
2112 2115 2116 2114 2115 2112 2116 2117 2118 
2115 2117 2116 2118 2119 2120 2117 2119 2118 
2119 2121 2120 2122 2123 2124 2122 2124 2110 
2122 2110 2026 2026 2110 2023 2025 2111 2125 
2028 2025 2125 2029 2126 2127 2029 2028 2126 
2028 2125 2126 2126 2128 2127 2129 2130 2131 
2129 2132 2133 2131 2132 2129 2113 2133 2132 
2112 2133 2113 2112 2031 2133 2112 2032 2031 
2033 2032 2112 2116 2033 2112 2035 2033 2116 
2118 2035 2116 2037 2035 2118 2120 2037 2118 
2120 2121 2134 2120 2134 2037 2037 2134 2039 
2123 2122 2041 2123 2041 2134 2134 2041 2039 
2026 2041 2122 2029 2127 2044 2045 2135 2136 
2044 2135 2045 2044 2128 2135 2044 2127 2128 
2136 2137 2138 2135 2137 2136 2137 2139 2138 
2140 2141 2142 2140 2143 2144 2142 2143 2140 
2130 2144 2143 2129 2144 2130 2129 2047 2144 
2129 2048 2047 2049 2048 2129 2133 2049 2129 
2031 2049 2133 2045 2136 2051 2052 2051 2136 
2138 2052 2136 2138 2139 2145 2138 2145 2052 
2052 2145 2054 2056 2146 2147 2056 2054 2146 
2054 2145 2146 2147 2148 2149 2146 2148 2147 
2149 2150 2151 2148 2150 2149 2151 2152 2153 
2150 2152 2151 2153 2154 2155 2152 2154 2153 
2141 2155 2154 2140 2155 2141 2140 2058 2155 
2140 2059 2058 2060 2059 2140 2144 2060 2140 
2047 2060 2144 2056 2147 2062 2063 2062 2147 
2149 2063 2147 2064 2063 2149 2151 2064 2149 
2066 2064 2151 2153 2066 2151 2068 2066 2153 
2155 2068 2153 2058 2068 2155 2156 2157 2158 
2156 2159 2160 2157 2156 2160 2159 2161 2162 
2160 2159 2162 2161 2163 2164 2162 2161 2164 
2164 2163 2165 2166 2167 2168 2166 2169 2170 
2167 2166 2170 2169 2171 2172 2170 2169 2172 
2172 2171 2173 2070 2174 2175 2071 2070 2175 
2158 2072 2156 2158 2174 2072 2174 2070 2072 
2073 2156 2072 2159 2156 2073 2074 2159 2073 
2161 2159 2074 2075 2161 2074 2163 2161 2075 
2163 2176 2165 2163 2075 2176 2075 2076 2176 
2168 2077 2166 2168 2176 2077 2176 2076 2077 
2078 2166 2077 2169 2166 2078 2079 2169 2078 
2171 2169 2079 2171 2177 2173 2171 2079 2177 
2079 2080 2177 2081 2178 2080 2080 2178 2177 
2082 2179 2081 2081 2179 2178 2083 2180 2181 
2083 2181 2082 2082 2181 2179 2181 2180 2182 
2183 2184 2185 2183 2175 2184 2183 2084 2175 
2084 2071 2175 2083 2085 2180 2180 2186 2182 
2180 2085 2186 2085 2087 2186 2088 2187 2188 
2088 2188 2087 2087 2188 2186 2187 2189 2190 
2188 2187 2190 2190 2189 2191 2089 2183 2185 
2089 2185 2090 2090 2185 2192 2084 2183 2089 
2088 2091 2187 2093 2187 2091 2189 2187 2093 
2189 2193 2191 2189 2093 2193 2093 2095 2193 
2096 2194 2195 2096 2195 2095 2095 2195 2193 
2195 2194 2196 2098 2197 2099 2098 2198 2197 
2098 2090 2198 2090 2192 2198 2096 2101 2194 
2194 2101 2102 2194 2102 2196 2196 2102 2199 
2197 2200 2201 2197 2201 2099 2099 2201 2103 
2198 2200 2197 2102 2202 2199 2105 2202 2102 
2202 2105 2106 2203 2202 2106 2103 2201 2204 
2107 2103 2204 2204 2109 2107 2205 2109 2204 
2206 2207 2208 2206 2209 2210 2208 2209 2206 
2210 2211 2212 2209 2211 2210 2212 2213 2214 
2211 2213 2212 2213 2215 2214 2106 2110 2203 
2203 2110 2216 2217 2218 2111 2217 2111 2205 
2205 2111 2109 2217 2219 2218 2220 2221 2222 
2207 2220 2222 2206 2220 2207 2206 2113 2220 
2206 2114 2113 2115 2114 2206 2210 2115 2206 
2117 2115 2210 2212 2117 2210 2119 2117 2212 
2214 2119 2212 2121 2223 2224 2119 2223 2121 
2119 2215 2223 2119 2214 2215 2224 2124 2123 
2224 2223 2124 2223 2225 2124 2216 2110 2124 
2225 2216 2124 2111 2218 2125 2218 2219 2226 
2218 2226 2125 2125 2226 2126 2128 2227 2228 
2128 2126 2227 2126 2226 2227 2227 2229 2228 
2230 2231 2232 2230 2131 2130 2230 2232 2131 
2232 2233 2131 2221 2220 2132 2221 2132 2233 
2233 2132 2131 2113 2132 2220 2121 2224 2134 
2123 2134 2224 2128 2228 2135 2228 2229 2234 
2228 2234 2135 2135 2234 2137 2139 2235 2236 
2139 2137 2235 2137 2234 2235 2236 2237 2238 
2235 2237 2236 2238 2239 2240 2237 2239 2238 
2240 2241 2242 2239 2241 2240 2242 2243 2244 
2241 2243 2242 2244 2245 2246 2243 2245 2244 
2246 2142 2141 2246 2245 2142 2245 2247 2142 
2231 2230 2143 2231 2143 2247 2247 2143 2142 
2130 2143 2230 2139 2236 2145 2146 2145 2236 
2238 2146 2236 2148 2146 2238 2240 2148 2238 
2150 2148 2240 2242 2150 2240 2152 2150 2242 
2244 2152 2242 2154 2152 2244 2246 2154 2244 
2141 2154 2246 2157 2248 2249 2158 2157 2249 
2160 2250 2157 2157 2250 2248 2162 2251 2160 
2160 2251 2250 2164 2252 2162 2162 2252 2251 
2165 2253 2254 2165 2254 2164 2164 2254 2252 
2253 2168 2167 2253 2167 2254 2254 2167 2255 
2170 2256 2167 2167 2256 2255 2172 2257 2170 
2170 2257 2256 2173 2258 2259 2173 2259 2172 
2172 2259 2257 2258 2260 2261 2259 2258 2261 
2260 2262 2263 2261 2260 2263 2263 2262 2264 
2174 2265 2266 2175 2174 2266 2249 2174 2158 
2265 2174 2249 2165 2176 2253 2168 2253 2176 
2173 2177 2258 2178 2258 2177 2260 2258 2178 
2179 2260 2178 2262 2260 2179 2262 2267 2264 
2262 2179 2267 2179 2181 2267 2182 2268 2269 
2182 2269 2181 2181 2269 2267 2268 2270 2271 
2269 2268 2271 2270 2272 2273 2271 2270 2273 
2273 2272 2274 2184 2275 2185 2184 2276 2275 
2184 2175 2276 2175 2266 2276 2182 2186 2268 
2188 2268 2186 2270 2268 2188 2190 2270 2188 
2272 2270 2190 2191 2277 2278 2190 2191 2278 
2190 2278 2274 2190 2274 2272 2277 2279 2280 
2278 2277 2280 2280 2279 2281 2275 2282 2192 
2185 2275 2192 2283 2275 2276 2282 2275 2283 
2191 2193 2277 2195 2277 2193 2279 2277 2195 
2279 2195 2196 2279 2196 2281 2281 2196 2284 
2282 2285 2198 2192 2282 2198 2286 2282 2283 
2285 2282 2286 2196 2199 2284 2284 2199 2287 
2200 2288 2201 2200 2289 2288 2198 2289 2200 
2198 2290 2289 2198 2285 2290 2286 2290 2285 
2291 2292 2293 2291 2294 2295 2293 2294 2291 
2294 2296 2295 2199 2297 2287 2202 2297 2199 
2297 2202 2203 2298 2297 2203 2201 2288 2204 
2288 2205 2204 2288 2289 2205 2289 2299 2205 
2300 2301 2302 2300 2208 2207 2300 2302 2208 
2302 2303 2208 2292 2291 2209 2292 2209 2303 
2303 2209 2208 2211 2209 2291 2295 2211 2291 
2295 2296 2304 2295 2304 2211 2211 2304 2213 
2215 2305 2306 2215 2213 2305 2213 2304 2305 
2306 2307 2308 2305 2307 2306 2308 2307 2298 
2308 2298 2216 2216 2298 2203 2205 2299 2309 
2217 2205 2309 2219 2310 2311 2219 2217 2310 
2217 2309 2310 2310 2312 2311 2313 2314 2315 
2301 2313 2315 2300 2313 2301 2300 2221 2313 
2300 2222 2221 2207 2222 2300 2215 2306 2223 
2225 2223 2306 2308 2225 2306 2216 2225 2308 
2219 2311 2226 2311 2312 2316 2311 2316 2226 
2226 2316 2227 2229 2317 2318 2229 2227 2317 
2227 2316 2317 2318 2319 2320 2317 2319 2318 
2320 2321 2322 2319 2321 2320 2321 2323 2322 
2324 2325 2326 2324 2232 2231 2324 2326 2232 
2326 2327 2232 2314 2313 2233 2314 2233 2327 
2327 2233 2232 2221 2233 2313 2229 2318 2234 
2235 2234 2318 2320 2235 2318 2237 2235 2320 
2322 2237 2320 2322 2323 2328 2322 2328 2237 
2237 2328 2239 2241 2239 2329 2239 2328 2329 
2243 2241 2330 2241 2329 2330 2245 2243 2331 
2243 2330 2331 2325 2324 2247 2325 2247 2331 
2331 2247 2245 2231 2247 2324 2332 2333 2334 
2332 2335 2336 2333 2332 2336 2336 2335 2337 
2338 2339 2340 2338 2341 2342 2339 2338 2342 
2341 2343 2344 2342 2341 2344 2344 2343 2345 
2248 2346 2347 2249 2248 2347 2334 2250 2332 
2334 2346 2250 2346 2248 2250 2251 2332 2250 
2335 2332 2251 2335 2348 2337 2335 2251 2348 
2251 2252 2348 2254 2349 2252 2252 2349 2348 
2255 2350 2254 2254 2350 2349 2256 2351 2255 
2255 2351 2350 2257 2352 2256 2256 2352 2351 
2340 2259 2338 2340 2352 2259 2352 2257 2259 
2261 2338 2259 2341 2338 2261 2263 2341 2261 
2343 2341 2263 2264 2353 2354 2263 2264 2354 
2263 2354 2345 2263 2345 2343 2353 2355 2356 
2354 2353 2356 2355 2357 2358 2356 2355 2358 
2357 2359 2360 2358 2357 2360 2360 2359 2361 
2265 2362 2363 2266 2265 2363 2347 2265 2249 
2362 2265 2347 2264 2267 2353 2269 2353 2267 
2355 2353 2269 2271 2355 2269 2357 2355 2271 
2273 2357 2271 2359 2357 2273 2274 2364 2365 
2273 2274 2365 2273 2365 2361 2273 2361 2359 
2364 2366 2367 2365 2364 2367 2367 2366 2368 
2266 2363 2276 2363 2369 2276 2274 2278 2364 
2280 2364 2278 2366 2364 2280 2366 2280 2281 
2366 2281 2368 2368 2281 2370 2276 2369 2283 
2369 2371 2283 2281 2284 2370 2370 2284 2372 
2283 2371 2286 2371 2373 2286 2374 2375 2376 
2376 2377 2374 2284 2287 2372 2372 2287 2378 
2290 2379 2380 2289 2290 2380 2373 2290 2286 
2379 2290 2373 2381 2382 2383 2375 2381 2383 
2374 2381 2375 2374 2292 2381 2374 2293 2292 
2374 2377 2384 2374 2384 2293 2293 2384 2294 
2296 2385 2386 2296 2294 2385 2294 2384 2385 
2386 2387 2388 2385 2387 2386 2297 2389 2388 
2297 2388 2378 2297 2378 2287 2387 2378 2388 
2297 2298 2389 2390 2391 2299 2390 2299 2380 
2380 2299 2289 2390 2392 2391 2302 2393 2394 
2301 2393 2302 2382 2381 2303 2382 2303 2394 
2394 2303 2302 2292 2303 2381 2296 2386 2304 
2305 2304 2386 2388 2305 2386 2307 2305 2388 
2389 2307 2388 2298 2307 2389 2299 2391 2309 
2391 2392 2395 2391 2395 2309 2309 2395 2310 
2312 2396 2397 2312 2310 2396 2310 2395 2396 
2397 2398 2399 2396 2398 2397 2398 2400 2399 
2401 2402 2403 2401 2315 2314 2401 2403 2315 
2403 2404 2315 2393 2301 2315 2404 2393 2315 
2312 2397 2316 2317 2316 2397 2399 2317 2397 
2399 2400 2405 2399 2405 2317 2317 2405 2319 
2321 2319 2406 2319 2405 2406 2323 2407 2408 
2323 2321 2407 2321 2406 2407 2408 2409 2410 
2407 2409 2408 2410 2411 2412 2409 2411 2410 
2412 2413 2414 2411 2413 2412 2414 2326 2325 
2414 2413 2326 2413 2415 2326 2402 2401 2327 
2402 2327 2415 2415 2327 2326 2314 2327 2401 
2323 2408 2328 2329 2328 2408 2410 2329 2408 
2330 2329 2410 2412 2330 2410 2331 2330 2412 
2414 2331 2412 2325 2331 2414 2416 2417 2418 
2419 2334 2333 2420 2417 2416 2421 2419 2333 
2421 2333 2422 2422 2333 2336 2337 2423 2424 
2337 2424 2336 2336 2424 2422 2424 2423 2425 
2339 2426 2427 2340 2339 2427 2342 2428 2339 
2339 2428 2426 2344 2429 2342 2342 2429 2428 
2345 2430 2431 2345 2431 2344 2344 2431 2429 
2430 2432 2433 2431 2430 2433 2432 2434 2435 
2433 2432 2435 2434 2436 2437 2435 2434 2437 
2437 2436 2438 2346 2416 2418 2346 2418 2347 
2347 2418 2439 2416 2440 2420 2416 2346 2440 
2419 2440 2334 2334 2440 2346 2421 2440 2419 
2337 2348 2423 2423 2441 2425 2423 2348 2441 
2348 2349 2441 2350 2442 2349 2349 2442 2441 
2351 2443 2350 2350 2443 2442 2352 2444 2351 
2351 2444 2443 2427 2352 2340 2444 2352 2427 
2345 2354 2430 2356 2430 2354 2432 2430 2356 
2358 2432 2356 2434 2432 2358 2360 2434 2358 
2436 2434 2360 2361 2445 2446 2360 2361 2446 
2360 2446 2438 2360 2438 2436 2445 2447 2448 
2446 2445 2448 2447 2449 2450 2448 2447 2450 
2450 2449 2451 2362 2452 2363 2362 2453 2452 
2362 2347 2453 2347 2439 2453 2361 2365 2445 
2367 2445 2365 2447 2445 2367 2368 2447 2367 
2368 2454 2447 2454 2449 2447 2455 2451 2449 
2454 2455 2449 2452 2456 2457 2452 2457 2363 
2363 2457 2369 2453 2456 2452 2454 2370 2458 
2368 2370 2454 2459 2455 2454 2458 2459 2454 
2369 2457 2371 2457 2460 2371 2458 2372 2461 
2370 2372 2458 2462 2459 2458 2461 2462 2458 
2463 2464 2465 2463 2460 2464 2463 2373 2460 
2373 2371 2460 2466 2467 2468 2466 2376 2375 
2466 2468 2376 2468 2469 2376 2377 2470 2471 
2377 2376 2470 2376 2469 2470 2471 2472 2473 
2470 2472 2471 2472 2474 2473 2461 2475 2476 
2461 2372 2475 2372 2378 2475 2462 2461 2476 
2379 2477 2380 2463 2465 2478 2478 2373 2463 
2478 2479 2373 2379 2373 2477 2477 2373 2479 
2480 2481 2482 2467 2480 2482 2466 2480 2467 
2466 2382 2480 2466 2383 2382 2375 2383 2466 
2377 2471 2384 2385 2384 2471 2473 2385 2471 
2473 2474 2483 2473 2483 2385 2385 2483 2387 
2475 2378 2387 2483 2475 2387 2380 2477 2390 
2392 2484 2485 2390 2484 2392 2390 2479 2484 
2390 2477 2479 2485 2486 2487 2484 2486 2485 
2486 2488 2487 2489 2490 2491 2481 2489 2491 
2480 2489 2481 2480 2393 2489 2480 2394 2393 
2382 2394 2480 2392 2485 2395 2396 2395 2485 
2487 2396 2485 2487 2488 2492 2487 2492 2396 
2396 2492 2398 2400 2493 2494 2400 2398 2493 
2398 2492 2493 2494 2495 2496 2493 2495 2494 
2495 2497 2496 2498 2499 2500 2498 2403 2402 
2498 2500 2403 2500 2501 2403 2490 2489 2404 
2490 2404 2501 2501 2404 2403 2393 2404 2489 
2400 2494 2405 2406 2405 2494 2496 2406 2494 
2496 2497 2502 2496 2502 2406 2406 2502 2407 
2409 2407 2503 2407 2502 2503 2411 2409 2504 
2409 2503 2504 2413 2411 2505 2411 2504 2505 
2499 2498 2415 2499 2415 2505 2505 2415 2413 
2402 2415 2498 2506 2507 2508 2507 2506 2509 
2510 2511 2512 2510 2513 2514 2511 2510 2514 
2513 2515 2516 2514 2513 2516 2515 2517 2518 
2516 2515 2518 2517 2519 2520 2518 2517 2520 
2519 2521 2522 2520 2519 2522 2521 2523 2524 
2522 2521 2524 2523 2525 2526 2524 2523 2526 
2526 2525 2527 2417 2528 2529 2418 2417 2529 
2420 2530 2531 2420 2531 2417 2417 2531 2528 
2508 2531 2530 2506 2508 2530 2506 2530 2421 
2506 2421 2422 2506 2532 2509 2506 2422 2532 
2422 2424 2532 2425 2533 2534 2425 2534 2424 
2424 2534 2532 2533 2535 2536 2534 2533 2536 
2535 2537 2538 2536 2535 2538 2537 2539 2540 
2538 2537 2540 2539 2427 2426 2539 2426 2540 
2540 2426 2541 2512 2428 2510 2512 2541 2428 
2541 2426 2428 2429 2510 2428 2513 2510 2429 
2431 2513 2429 2515 2513 2431 2433 2515 2431 
2517 2515 2433 2435 2517 2433 2519 2517 2435 
2437 2519 2435 2521 2519 2437 2438 2521 2437 
2438 2542 2521 2542 2523 2521 2525 2523 2543 
2543 2523 2542 2544 2527 2525 2544 2525 2545 
2545 2525 2543 2544 2545 2546 2418 2529 2439 
2529 2547 2439 2420 2440 2530 2421 2530 2440 
2425 2441 2533 2442 2533 2441 2535 2533 2442 
2443 2535 2442 2537 2535 2443 2444 2537 2443 
2539 2537 2444 2427 2539 2444 2438 2446 2542 
2448 2542 2446 2543 2542 2448 2450 2543 2448 
2545 2543 2450 2451 2548 2549 2450 2451 2549 
2450 2549 2546 2450 2546 2545 2549 2548 2550 
2439 2547 2453 2547 2551 2453 2548 2455 2552 
2451 2455 2548 2553 2550 2548 2552 2553 2548 
2456 2554 2555 2457 2456 2555 2551 2456 2453 
2554 2456 2551 2552 2556 2557 2552 2455 2556 
2455 2459 2556 2553 2552 2557 2457 2555 2460 
2555 2558 2460 2559 2560 2561 2559 2562 2563 
2561 2562 2559 2563 2564 2565 2562 2564 2563 
2565 2566 2567 2564 2566 2565 2566 2568 2567 
2459 2462 2556 2556 2462 2569 2464 2570 2571 
2465 2464 2571 2558 2464 2460 2570 2464 2558 
2468 2572 2573 2467 2572 2468 2560 2559 2469 
2560 2469 2573 2573 2469 2468 2470 2469 2559 
2563 2470 2559 2472 2470 2563 2565 2472 2563 
2474 2472 2565 2474 2565 2574 2574 2565 2567 
2475 2575 2476 2475 2567 2575 2475 2574 2567 
2568 2575 2567 2569 2462 2476 2575 2569 2476 
2465 2571 2576 2478 2465 2576 2576 2479 2478 
2577 2479 2576 2578 2579 2580 2578 2482 2481 
2578 2580 2482 2580 2581 2482 2572 2467 2482 
2581 2572 2482 2474 2574 2483 2475 2483 2574 
2479 2577 2582 2484 2479 2582 2486 2484 2583 
2484 2582 2583 2488 2584 2585 2488 2486 2584 
2486 2583 2584 2585 2586 2587 2584 2586 2585 
2586 2588 2587 2589 2590 2591 2579 2589 2591 
2578 2589 2579 2578 2490 2589 2578 2491 2490 
2481 2491 2578 2488 2585 2492 2493 2492 2585 
2587 2493 2585 2587 2588 2592 2587 2592 2493 
2493 2592 2495 2497 2593 2594 2497 2495 2593 
2495 2592 2593 2594 2595 2596 2593 2595 2594 
2596 2597 2598 2595 2597 2596 2598 2599 2600 
2597 2599 2598 2600 2500 2499 2600 2599 2500 
2599 2601 2500 2590 2589 2501 2590 2501 2601 
2601 2501 2500 2490 2501 2589 2497 2594 2502 
2503 2502 2594 2596 2503 2594 2504 2503 2596 
2598 2504 2596 2505 2504 2598 2600 2505 2598 
2499 2505 2600 2602 2603 2604 2602 2605 2606 
2603 2602 2606 2605 2607 2608 2606 2605 2608 
2607 2609 2610 2608 2607 2610 2609 2611 2612 
2610 2609 2612 2611 2613 2614 2612 2611 2614 
2613 2615 2616 2614 2613 2616 2616 2615 2617 
2507 2618 2619 2508 2507 2619 2509 2620 2621 
2509 2621 2507 2507 2621 2618 2620 2622 2623 
2621 2620 2623 2622 2624 2625 2623 2622 2625 
2625 2624 2626 2627 2628 2629 2627 2630 2631 
2628 2627 2631 2630 2512 2511 2630 2511 2631 
2631 2511 2632 2514 2633 2511 2511 2633 2632 
2604 2516 2602 2604 2633 2516 2633 2514 2516 
2518 2602 2516 2605 2602 2518 2520 2605 2518 
2607 2605 2520 2522 2607 2520 2609 2607 2522 
2524 2609 2522 2611 2609 2524 2526 2611 2524 
2613 2611 2526 2527 2613 2526 2527 2634 2613 
2634 2615 2613 2635 2617 2615 2635 2615 2636 
2636 2615 2634 2635 2636 2637 2528 2638 2639 
2529 2528 2639 2531 2640 2528 2528 2640 2638 
2619 2531 2508 2640 2531 2619 2509 2532 2620 
2534 2620 2532 2622 2620 2534 2536 2622 2534 
2624 2622 2536 2624 2641 2626 2624 2536 2641 
2536 2538 2641 2629 2540 2627 2629 2641 2540 
2641 2538 2540 2541 2627 2540 2630 2627 2541 
2512 2630 2541 2527 2544 2634 2546 2634 2544 
2546 2642 2634 2642 2636 2634 2643 2637 2636 
2643 2636 2644 2644 2636 2642 2643 2644 2645 
2529 2639 2547 2639 2646 2547 2546 2549 2642 
2550 2642 2549 2550 2647 2642 2647 2644 2642 
2648 2645 2644 2647 2648 2644 2649 2650 2651 
2649 2646 2650 2649 2551 2646 2551 2547 2646 
2647 2553 2652 2550 2553 2647 2653 2648 2647 
2652 2653 2647 2554 2649 2651 2554 2651 2555 
2555 2651 2654 2551 2649 2554 2655 2656 2657 
2655 2658 2659 2657 2658 2655 2659 2660 2661 
2658 2660 2659 2661 2662 2663 2660 2662 2661 
2662 2664 2663 2557 2665 2666 2556 2665 2557 
2652 2553 2557 2652 2557 2667 2667 2557 2666 
2653 2652 2667 2668 2669 2670 2668 2654 2669 
2668 2558 2654 2558 2555 2654 2671 2672 2673 
2656 2671 2673 2655 2671 2656 2655 2560 2671 
2655 2561 2560 2562 2561 2655 2659 2562 2655 
2564 2562 2659 2661 2564 2659 2566 2564 2661 
2663 2566 2661 2568 2674 2675 2566 2674 2568 
2566 2664 2674 2566 2663 2664 2675 2674 2665 
2675 2665 2569 2569 2665 2556 2570 2676 2571 
2668 2670 2677 2677 2558 2668 2677 2678 2558 
2570 2558 2676 2676 2558 2678 2679 2680 2681 
2672 2679 2681 2671 2679 2672 2671 2572 2679 
2671 2573 2572 2560 2573 2671 2568 2675 2575 
2569 2575 2675 2571 2676 2576 2577 2682 2683 
2576 2682 2577 2576 2678 2682 2576 2676 2678 
2683 2684 2685 2682 2684 2683 2684 2686 2685 
2580 2687 2688 2579 2687 2580 2680 2679 2581 
2680 2581 2688 2688 2581 2580 2572 2581 2679 
2577 2683 2582 2583 2582 2683 2685 2583 2683 
2685 2686 2689 2685 2689 2583 2583 2689 2584 
2586 2584 2690 2584 2689 2690 2588 2691 2692 
2588 2586 2691 2586 2690 2691 2692 2693 2694 
2691 2693 2692 2693 2695 2694 2696 2697 2698 
2696 2699 2700 2698 2699 2696 2700 2591 2590 
2700 2699 2591 2699 2701 2591 2687 2579 2591 
2701 2687 2591 2588 2692 2592 2593 2592 2692 
2694 2593 2692 2694 2695 2702 2694 2702 2593 
2593 2702 2595 2597 2595 2703 2595 2702 2703 
2697 2696 2599 2697 2599 2703 2703 2599 2597 
2601 2599 2696 2700 2601 2696 2590 2601 2700 
2704 2705 2706 2704 2707 2708 2705 2704 2708 
2707 2709 2710 2708 2707 2710 2709 2711 2712 
2710 2709 2712 2711 2713 2714 2712 2711 2714 
2713 2715 2716 2714 2713 2716 2716 2715 2717 
2718 2719 2720 2718 2721 2722 2719 2718 2722 
2721 2723 2724 2722 2721 2724 2723 2725 2726 
2724 2723 2726 2726 2725 2727 2728 2729 2730 
2728 2731 2732 2729 2728 2732 2731 2733 2734 
2732 2731 2734 2733 2604 2603 2733 2603 2734 
2734 2603 2735 2606 2736 2603 2603 2736 2735 
2706 2608 2704 2706 2736 2608 2736 2606 2608 
2610 2704 2608 2707 2704 2610 2612 2707 2610 
2709 2707 2612 2614 2709 2612 2711 2709 2614 
2616 2711 2614 2713 2711 2616 2617 2713 2616 
2617 2737 2713 2737 2715 2713 2738 2717 2715 
2738 2715 2739 2739 2715 2737 2738 2739 2740 
2741 2742 2743 2720 2742 2741 2718 2720 2741 
2718 2741 2619 2718 2619 2618 2621 2718 2618 
2721 2718 2621 2623 2721 2621 2723 2721 2623 
2625 2723 2623 2725 2723 2625 2626 2744 2745 
2625 2626 2745 2625 2745 2727 2625 2727 2725 
2744 2629 2628 2744 2628 2745 2745 2628 2746 
2730 2631 2728 2730 2746 2631 2746 2628 2631 
2632 2728 2631 2731 2728 2632 2633 2731 2632 
2733 2731 2633 2604 2733 2633 2617 2635 2737 
2637 2737 2635 2637 2747 2737 2747 2739 2737 
2748 2740 2739 2748 2739 2749 2749 2739 2747 
2748 2749 2750 2638 2751 2752 2639 2638 2752 
2743 2640 2741 2743 2751 2640 2751 2638 2640 
2619 2741 2640 2626 2641 2744 2629 2744 2641 
2637 2643 2747 2645 2747 2643 2645 2753 2747 
2753 2749 2747 2754 2750 2749 2753 2754 2749 
2639 2752 2646 2752 2755 2646 2753 2648 2756 
2645 2648 2753 2757 2754 2753 2756 2757 2753 
2650 2758 2759 2651 2650 2759 2755 2650 2646 
2758 2650 2755 2760 2761 2762 2760 2763 2764 
2762 2763 2760 2764 2765 2766 2763 2765 2764 
2765 2767 2766 2768 2769 2770 2756 2770 2771 
2756 2653 2770 2756 2648 2653 2653 2768 2770 
2757 2756 2771 2651 2759 2654 2759 2772 2654 
2773 2774 2775 2773 2657 2656 2773 2775 2657 
2775 2776 2657 2761 2760 2658 2761 2658 2776 
2776 2658 2657 2660 2658 2760 2764 2660 2760 
2662 2660 2764 2766 2662 2764 2664 2777 2778 
2662 2777 2664 2662 2767 2777 2662 2766 2767 
2778 2666 2665 2778 2777 2666 2777 2779 2666 
2769 2768 2667 2769 2667 2779 2779 2667 2666 
2653 2667 2768 2669 2780 2670 2669 2781 2780 
2669 2654 2781 2654 2772 2781 2782 2783 2784 
2774 2782 2784 2773 2782 2774 2773 2672 2782 
2773 2673 2672 2656 2673 2773 2664 2778 2674 
2665 2674 2778 2670 2780 2677 2678 2785 2786 
2677 2785 2678 2677 2781 2785 2677 2780 2781 
2785 2787 2786 2788 2789 2790 2783 2788 2790 
2782 2788 2783 2782 2680 2788 2782 2681 2680 
2672 2681 2782 2678 2786 2682 2786 2787 2791 
2786 2791 2682 2682 2791 2684 2686 2792 2793 
2686 2684 2792 2684 2791 2792 2793 2794 2795 
2792 2794 2793 2795 2796 2797 2794 2796 2795 
2797 2798 2799 2796 2798 2797 2798 2800 2799 
2801 2802 2803 2789 2801 2803 2788 2801 2789 
2788 2687 2801 2788 2688 2687 2680 2688 2788 
2686 2793 2689 2690 2689 2793 2795 2690 2793 
2691 2690 2795 2797 2691 2795 2693 2691 2797 
2799 2693 2797 2695 2804 2805 2693 2804 2695 
2693 2800 2804 2693 2799 2800 2805 2806 2807 
2804 2806 2805 2807 2698 2697 2807 2806 2698 
2806 2808 2698 2699 2698 2809 2698 2808 2809 
2802 2801 2701 2802 2701 2809 2809 2701 2699 
2687 2701 2801 2695 2805 2702 2703 2702 2805 
2807 2703 2805 2697 2703 2807 2810 2811 2812 
2810 2813 2814 2811 2810 2814 2813 2815 2816 
2814 2813 2816 2815 2817 2818 2816 2815 2818 
2818 2817 2819 2820 2821 2822 2820 2823 2824 
2821 2820 2824 2823 2706 2705 2823 2705 2824 
2824 2705 2825 2708 2826 2705 2705 2826 2825 
2710 2827 2708 2708 2827 2826 2712 2828 2710 
2710 2828 2827 2714 2829 2712 2712 2829 2828 
2716 2830 2714 2714 2830 2829 2717 2831 2832 
2717 2832 2716 2716 2832 2830 2831 2833 2834 
2832 2831 2834 2834 2833 2835 2719 2810 2812 
2719 2812 2720 2720 2812 2836 2722 2810 2719 
2813 2810 2722 2724 2813 2722 2815 2813 2724 
2726 2815 2724 2817 2815 2726 2727 2837 2838 
2726 2727 2838 2726 2838 2819 2726 2819 2817 
2837 2839 2840 2838 2837 2840 2839 2730 2729 
2839 2729 2840 2840 2729 2841 2732 2842 2729 
2729 2842 2841 2734 2843 2732 2732 2843 2842 
2822 2735 2820 2822 2843 2735 2843 2734 2735 
2736 2820 2735 2823 2820 2736 2706 2823 2736 
2717 2738 2831 2740 2831 2738 2740 2844 2831 
2844 2833 2831 2845 2835 2833 2844 2845 2833 
2742 2846 2847 2743 2742 2847 2836 2742 2720 
2846 2742 2836 2727 2745 2837 2746 2837 2745 
2839 2837 2746 2730 2839 2746 2740 2748 2844 
2750 2848 2849 2748 2750 2849 2748 2849 2845 
2748 2845 2844 2849 2848 2850 2751 2851 2852 
2752 2751 2852 2847 2751 2743 2851 2751 2847 
2848 2853 2854 2848 2750 2853 2750 2754 2853 
2850 2848 2854 2752 2852 2755 2852 2855 2755 
2856 2857 2858 2858 2859 2856 2860 2861 2862 
2860 2862 2853 2860 2853 2757 2757 2853 2754 
2758 2863 2864 2759 2758 2864 2855 2758 2755 
2863 2758 2855 2865 2866 2867 2865 2762 2761 
2865 2867 2762 2867 2868 2762 2763 2762 2869 
2762 2868 2869 2857 2856 2765 2857 2765 2869 
2869 2765 2763 2767 2870 2871 2765 2870 2767 
2765 2859 2870 2765 2856 2859 2871 2872 2873 
2870 2872 2871 2873 2770 2769 2873 2872 2770 
2872 2874 2770 2861 2860 2771 2861 2771 2874 
2874 2771 2770 2757 2771 2860 2759 2864 2772 
2864 2875 2772 2775 2876 2877 2774 2876 2775 
2866 2865 2776 2866 2776 2877 2877 2776 2775 
2761 2776 2865 2767 2871 2777 2779 2777 2871 
2873 2779 2871 2769 2779 2873 2772 2875 2781 
2875 2878 2781 2784 2879 2880 2783 2879 2784 
2876 2774 2784 2880 2876 2784 2781 2878 2881 
2785 2781 2881 2787 2882 2883 2787 2785 2882 
2785 2881 2882 2883 2884 2885 2882 2884 2883 
2885 2886 2887 2884 2886 2885 2886 2888 2887 
2790 2889 2890 2789 2889 2790 2879 2783 2790 
2890 2879 2790 2787 2883 2791 2792 2791 2883 
2885 2792 2883 2794 2792 2885 2887 2794 2885 
2887 2888 2891 2887 2891 2794 2794 2891 2796 
2798 2796 2892 2796 2891 2892 2800 2893 2894 
2800 2798 2893 2798 2892 2893 2894 2895 2896 
2893 2895 2894 2896 2897 2898 2895 2897 2896 
2898 2899 2900 2897 2899 2898 2900 2803 2802 
2900 2899 2803 2899 2901 2803 2889 2789 2803 
2901 2889 2803 2800 2894 2804 2806 2804 2894 
2896 2806 2894 2808 2806 2896 2898 2808 2896 
2809 2808 2898 2900 2809 2898 2802 2809 2900 
2902 2903 2904 2902 2905 2906 2903 2902 2906 
2906 2905 2907 2908 2909 2910 2908 2911 2912 
2909 2908 2912 2911 2913 2914 2912 2911 2914 
2913 2915 2916 2914 2913 2916 2915 2917 2918 
2916 2915 2918 2917 2919 2920 2918 2917 2920 
2919 2921 2922 2920 2919 2922 2921 2923 2924 
2922 2921 2924 2923 2925 2926 2924 2923 2926 
2925 2927 2928 2926 2925 2928 2927 2929 2930 
2928 2927 2930 2929 2931 2932 2930 2929 2932 
2932 2931 2933 2811 2934 2935 2812 2811 2935 
2904 2814 2902 2904 2934 2814 2934 2811 2814 
2816 2902 2814 2905 2902 2816 2905 2936 2907 
2905 2816 2936 2816 2818 2936 2819 2937 2938 
2819 2938 2818 2818 2938 2936 2937 2939 2940 
2938 2937 2940 2939 2941 2942 2940 2939 2942 
2941 2943 2944 2942 2941 2944 2943 2945 2946 
2944 2943 2946 2910 2946 2945 2908 2910 2945 
2908 2945 2822 2908 2822 2821 2824 2908 2821 
2911 2908 2824 2825 2911 2824 2913 2911 2825 
2826 2913 2825 2915 2913 2826 2827 2915 2826 
2917 2915 2827 2828 2917 2827 2919 2917 2828 
2829 2919 2828 2921 2919 2829 2830 2921 2829 
2923 2921 2830 2832 2923 2830 2925 2923 2832 
2834 2925 2832 2927 2925 2834 2835 2927 2834 
2835 2947 2927 2947 2929 2927 2931 2929 2948 
2948 2929 2947 2949 2933 2931 2948 2949 2931 
2812 2935 2836 2935 2950 2836 2819 2838 2937 
2840 2937 2838 2939 2937 2840 2841 2939 2840 
2941 2939 2841 2842 2941 2841 2943 2941 2842 
2843 2943 2842 2945 2943 2843 2822 2945 2843 
2947 2845 2951 2835 2845 2947 2948 2947 2952 
2952 2947 2951 2953 2949 2948 2952 2953 2948 
2846 2954 2955 2847 2846 2955 2950 2846 2836 
2954 2846 2950 2845 2849 2951 2850 2951 2849 
2850 2956 2951 2956 2952 2951 2957 2953 2952 
2956 2957 2952 2851 2958 2959 2852 2851 2959 
2955 2851 2847 2958 2851 2955 2854 2960 2961 
2853 2960 2854 2956 2850 2854 2956 2854 2962 
2962 2854 2961 2957 2956 2962 2852 2959 2855 
2959 2963 2855 2964 2965 2966 2964 2967 2968 
2966 2967 2964 2968 2969 2970 2967 2969 2968 
2970 2858 2857 2970 2969 2858 2969 2971 2858 
2859 2972 2973 2859 2858 2972 2858 2971 2972 
2973 2974 2975 2972 2974 2973 2975 2976 2977 
2974 2976 2975 2977 2862 2861 2977 2976 2862 
2976 2978 2862 2960 2853 2862 2978 2960 2862 
2863 2979 2980 2864 2863 2980 2963 2863 2855 
2979 2863 2963 2981 2982 2983 2965 2981 2983 
2964 2981 2965 2964 2866 2981 2964 2867 2866 
2868 2867 2964 2968 2868 2964 2869 2868 2968 
2970 2869 2968 2857 2869 2970 2859 2973 2870 
2872 2870 2973 2975 2872 2973 2874 2872 2975 
2977 2874 2975 2861 2874 2977 2864 2980 2875 
2980 2984 2875 2985 2986 2987 2982 2985 2987 
2981 2985 2982 2981 2876 2985 2981 2877 2876 
2866 2877 2981 2988 2989 2878 2988 2878 2984 
2984 2878 2875 2989 2990 2991 2988 2990 2989 
2991 2992 2993 2990 2992 2991 2992 2994 2993 
2995 2996 2997 2986 2995 2997 2985 2995 2986 
2985 2879 2995 2985 2880 2879 2876 2880 2985 
2878 2989 2881 2882 2881 2989 2991 2882 2989 
2884 2882 2991 2993 2884 2991 2993 2994 2998 
2993 2998 2884 2884 2998 2886 2888 2999 3000 
2888 2886 2999 2886 2998 2999 3000 3001 3002 
2999 3001 3000 3002 3003 3004 3001 3003 3002 
3004 3005 3006 3003 3005 3004 3005 3007 3006 
3008 3009 3010 3008 3011 3012 3010 3011 3008 
2996 3012 3011 2995 3012 2996 2995 2889 3012 
2995 2890 2889 2879 2890 2995 2888 3000 2891 
2892 2891 3000 3002 2892 3000 2893 2892 3002 
3004 2893 3002 2895 2893 3004 3006 2895 3004 
3006 3007 3013 3006 3013 2895 2895 3013 2897 
3009 3008 2899 3009 2899 3013 3013 2899 2897 
2901 2899 3008 3012 2901 3008 2889 2901 3012 
3014 3015 3016 3014 3017 3018 3015 3014 3018 
3018 3017 3019 3020 3021 3022 3020 3023 3024 
3021 3020 3024 3023 3025 3026 3024 3023 3026 
3025 3027 3028 3026 3025 3028 3027 3029 3030 
3028 3027 3030 3029 3031 3032 3030 3029 3032 
3031 3033 3034 3032 3031 3034 3033 3035 3036 
3034 3033 3036 3035 3037 3038 3036 3035 3038 
3037 3039 3040 3038 3037 3040 3039 3041 3042 
3040 3039 3042 3041 3043 3044 3042 3041 3044 
3043 3045 3046 3044 3043 3046 3046 3045 3047 
2903 3014 3016 2903 3016 2904 2904 3016 3048 
2906 3014 2903 3017 3014 2906 2907 3049 3050 
2906 2907 3050 2906 3050 3019 2906 3019 3017 
3049 3051 3052 3050 3049 3052 3051 3053 3054 
3052 3051 3054 3053 3055 3056 3054 3053 3056 
3055 3057 3058 3056 3055 3058 3057 3059 3060 
3058 3057 3060 3022 3060 3059 3020 3022 3059 
3020 3059 2910 3020 2910 2909 2912 3020 2909 
3023 3020 2912 2914 3023 2912 3025 3023 2914 
2916 3025 2914 3027 3025 2916 2918 3027 2916 
3029 3027 2918 2920 3029 2918 3031 3029 2920 
2922 3031 2920 3033 3031 2922 2924 3033 2922 
3035 3033 2924 2926 3035 2924 3037 3035 2926 
2928 3037 2926 3039 3037 2928 2930 3039 2928 
3041 3039 2930 2932 3041 2930 3043 3041 2932 
2933 3043 2932 2933 3061 3043 3061 3045 3043 
3062 3047 3045 3061 3062 3045 2934 3063 3064 
2935 2934 3064 3048 2934 2904 3063 2934 3048 
2907 2936 3049 2938 3049 2936 3051 3049 2938 
2940 3051 2938 3053 3051 2940 2942 3053 2940 
3055 3053 2942 2944 3055 2942 3057 3055 2944 
2946 3057 2944 3059 3057 2946 2910 3059 2946 
3061 3065 3066 3061 2933 3065 2933 2949 3065 
3062 3061 3066 3067 3068 3069 3067 3064 3068 
3067 2950 3064 2950 2935 3064 2949 2953 3065 
3065 2953 3070 3071 3072 3073 3069 3072 3071 
3067 3069 3071 3067 3071 2955 3067 2955 2954 
2950 3067 2954 3074 3075 3076 3074 3077 3078 
3076 3077 3074 3077 3079 3078 3080 3081 3082 
3080 3082 3070 3080 3070 2957 2957 3070 2953 
2958 3071 3073 2958 3073 2959 2959 3073 3083 
2955 3071 2958 3084 3085 3086 3084 3087 3088 
3086 3087 3084 3088 3089 3090 3087 3089 3088 
3090 3091 3092 3089 3091 3090 3092 3093 3094 
3091 3093 3092 3075 3094 3093 3075 3074 3094 
3074 3095 3094 3078 3096 3074 3096 3095 3074 
2960 3097 2961 2960 3078 3097 2960 3096 3078 
3079 3097 3078 3081 3080 2962 3081 2962 3097 
3097 2962 2961 2957 2962 3080 2959 3083 2963 
3083 3098 2963 3099 3100 3101 3099 2966 2965 
3099 3101 2966 3101 3102 2966 3085 3084 2967 
3085 2967 3102 3102 2967 2966 2969 2967 3084 
3088 2969 3084 2971 2969 3088 3090 2971 3088 
2972 2971 3090 3092 2972 3090 2974 2972 3092 
3094 2974 3092 2976 2974 3094 3095 2976 3094 
2978 2976 3095 3096 2978 3095 2960 2978 3096 
2979 3103 3104 2980 2979 3104 3098 2979 2963 
3103 2979 3098 3105 3106 3107 3100 3105 3107 
3099 3105 3100 3099 2982 3105 3099 2983 2982 
2965 2983 3099 3108 3109 2984 3108 2984 3104 
3104 2984 2980 3108 3110 3109 3111 3112 3113 
3106 3111 3113 3105 3111 3106 3105 2986 3111 
3105 2987 2986 2982 2987 3105 2984 3109 2988 
3109 3110 3114 3109 3114 2988 2988 3114 2990 
2992 2990 3115 2990 3114 3115 2994 3116 3117 
2994 2992 3116 2992 3115 3116 3117 3118 3119 
3116 3118 3117 3119 3120 3121 3118 3120 3119 
3120 3122 3121 2997 3112 3111 2997 2996 3112 
2996 3123 3112 2986 2997 3111 2994 3117 2998 
2999 2998 3117 3119 2999 3117 3001 2999 3119 
3121 3001 3119 3121 3122 3124 3121 3124 3001 
3001 3124 3003 3005 3003 3125 3003 3124 3125 
3007 3126 3127 3007 3005 3126 3005 3125 3126 
3127 3010 3009 3127 3126 3010 3126 3128 3010 
3011 3010 3129 3010 3128 3129 3123 2996 3011 
3129 3123 3011 3007 3127 3013 3009 3013 3127 
3130 3131 3132 3130 3133 3134 3131 3130 3134 
3133 3135 3136 3134 3133 3136 3135 3137 3138 
3136 3135 3138 3137 3139 3140 3138 3137 3140 
3139 3141 3142 3140 3139 3142 3141 3143 3144 
3142 3141 3144 3143 3145 3146 3144 3143 3146 
3145 3147 3148 3146 3145 3148 3148 3147 3149 
3150 3151 3152 3151 3150 3153 3154 3155 3156 
3154 3157 3158 3155 3154 3158 3157 3159 3160 
3158 3157 3160 3132 3160 3159 3132 3159 3130 
3130 3159 3161 3133 3130 3162 3162 3130 3161 
3135 3133 3163 3163 3133 3162 3137 3135 3164 
3164 3135 3163 3139 3137 3165 3165 3137 3164 
3141 3139 3166 3166 3139 3165 3143 3141 3167 
3167 3141 3166 3145 3143 3168 3168 3143 3167 
3147 3145 3169 3169 3145 3168 3170 3149 3147 
3170 3147 3171 3171 3147 3169 3171 3172 3173 
3170 3171 3173 3172 3174 3175 3173 3172 3175 
3175 3174 3176 3015 3177 3178 3016 3015 3178 
3152 3018 3150 3152 3177 3018 3177 3015 3018 
3019 3179 3180 3018 3019 3180 3018 3180 3153 
3018 3153 3150 3179 3181 3182 3180 3179 3182 
3181 3183 3184 3182 3181 3184 3183 3185 3186 
3184 3183 3186 3185 3187 3188 3186 3185 3188 
3156 3188 3187 3156 3187 3154 3154 3187 3189 
3021 3189 3022 3021 3157 3189 3157 3154 3189 
3024 3157 3021 3159 3157 3024 3026 3159 3024 
3161 3159 3026 3028 3161 3026 3162 3161 3028 
3030 3162 3028 3163 3162 3030 3032 3163 3030 
3164 3163 3032 3034 3164 3032 3165 3164 3034 
3036 3165 3034 3166 3165 3036 3038 3166 3036 
3167 3166 3038 3040 3167 3038 3168 3167 3040 
3042 3168 3040 3169 3168 3042 3044 3169 3042 
3171 3169 3044 3046 3171 3044 3172 3171 3046 
3047 3172 3046 3047 3190 3172 3190 3174 3172 
3191 3176 3174 3191 3174 3192 3192 3174 3190 
3191 3192 3193 3194 3195 3196 3194 3178 3195 
3194 3048 3178 3048 3016 3178 3019 3050 3179 
3052 3179 3050 3181 3179 3052 3054 3181 3052 
3183 3181 3054 3056 3183 3054 3185 3183 3056 
3058 3185 3056 3187 3185 3058 3060 3187 3058 
3189 3187 3060 3022 3189 3060 3190 3062 3197 
3047 3062 3190 3198 3199 3192 3198 3192 3197 
3197 3192 3190 3193 3192 3199 3063 3194 3196 
3063 3196 3064 3064 3196 3200 3048 3194 3063 
3066 3065 3201 3066 3201 3202 3062 3066 3202 
3062 3202 3203 3062 3203 3197 3198 3197 3203 
3068 3204 3205 3069 3068 3205 3200 3068 3064 
3204 3068 3200 3206 3207 3208 3206 3209 3210 
3208 3209 3206 3210 3211 3212 3209 3211 3210 
3212 3213 3214 3211 3213 3212 3201 3213 3215 
3201 3070 3213 3201 3065 3070 3070 3214 3213 
3202 3201 3215 3072 3216 3217 3073 3072 3217 
3205 3072 3069 3216 3072 3205 3218 3219 3220 
3218 3221 3222 3220 3221 3218 3222 3223 3224 
3221 3223 3222 3224 3225 3226 3223 3225 3224 
3207 3226 3225 3206 3226 3207 3206 3075 3226 
3206 3076 3075 3077 3076 3206 3210 3077 3206 
3079 3077 3210 3079 3210 3227 3227 3210 3212 
3082 3081 3227 3082 3227 3214 3214 3227 3212 
3070 3082 3214 3073 3217 3083 3217 3228 3083 
3229 3230 3231 3229 3086 3085 3229 3231 3086 
3231 3232 3086 3219 3218 3087 3219 3087 3232 
3232 3087 3086 3089 3087 3218 3222 3089 3218 
3091 3089 3222 3224 3091 3222 3093 3091 3224 
3226 3093 3224 3075 3093 3226 3079 3227 3097 
3081 3097 3227 3083 3228 3098 3228 3233 3098 
3101 3234 3235 3100 3234 3101 3230 3229 3102 
3230 3102 3235 3235 3102 3101 3085 3102 3229 
3103 3236 3104 3103 3237 3236 3103 3098 3237 
3098 3233 3237 3238 3239 3240 3238 3107 3106 
3238 3240 3107 3240 3241 3107 3234 3100 3107 
3241 3234 3107 3104 3236 3108 3110 3242 3243 
3108 3242 3110 3108 3237 3242 3108 3236 3237 
3243 3244 3245 3242 3244 3243 3245 3246 3247 
3244 3246 3245 3247 3248 3249 3246 3248 3247 
3248 3250 3249 3251 3252 3253 3239 3251 3253 
3238 3251 3239 3238 3112 3251 3238 3113 3112 
3106 3113 3238 3110 3243 3114 3115 3114 3243 
3245 3115 3243 3116 3115 3245 3247 3116 3245 
3118 3116 3247 3249 3118 3247 3249 3250 3254 
3249 3254 3118 3118 3254 3120 3122 3255 3256 
3122 3120 3255 3120 3254 3255 3256 3257 3258 
3255 3257 3256 3258 3259 3260 3257 3259 3258 
3260 3261 3262 3259 3261 3260 3252 3262 3261 
3252 3251 3262 3251 3263 3262 3112 3123 3263 
3251 3112 3263 3122 3256 3124 3125 3124 3256 
3258 3125 3256 3126 3125 3258 3260 3126 3258 
3128 3126 3260 3262 3128 3260 3129 3128 3262 
3263 3129 3262 3123 3129 3263 3264 3265 3266 
3264 3267 3268 3265 3264 3268 3267 3269 3270 
3268 3267 3270 3269 3271 3272 3270 3269 3272 
3272 3271 3273 3274 3275 3276 3266 3275 3274 
3266 3274 3264 3264 3274 3277 3267 3264 3278 
3278 3264 3277 3269 3267 3279 3279 3267 3278 
3271 3269 3280 3280 3269 3279 3281 3273 3271 
3281 3271 3282 3282 3271 3280 3282 3283 3284 
3281 3282 3284 3284 3283 3285 3286 3287 3288 
3276 3287 3286 3276 3286 3274 3274 3286 3289 
3277 3274 3290 3290 3274 3289 3278 3277 3291 
3291 3277 3290 3279 3278 3292 3292 3278 3291 
3280 3279 3293 3293 3279 3292 3282 3280 3294 
3294 3280 3293 3283 3282 3295 3295 3282 3294 
3296 3285 3283 3296 3283 3297 3297 3283 3295 
3297 3298 3299 3296 3297 3299 3298 3300 3301 
3299 3298 3301 3300 3302 3303 3301 3300 3303 
3302 3304 3305 3303 3302 3305 3304 3306 3307 
3305 3304 3307 3307 3306 3308 3309 3310 3311 
3288 3310 3309 3288 3309 3286 3286 3309 3312 
3289 3286 3313 3313 3286 3312 3290 3289 3314 
3314 3289 3313 3291 3290 3315 3315 3290 3314 
3292 3291 3316 3316 3291 3315 3293 3292 3317 
3317 3292 3316 3294 3293 3318 3318 3293 3317 
3295 3294 3319 3319 3294 3318 3297 3295 3320 
3320 3295 3319 3298 3297 3321 3321 3297 3320 
3300 3298 3322 3322 3298 3321 3302 3300 3323 
3323 3300 3322 3304 3302 3324 3324 3302 3323 
3325 3326 3306 3325 3306 3324 3324 3306 3304 
3308 3306 3326 3327 3328 3329 3328 3327 3330 
3331 3332 3333 3331 3334 3335 3332 3331 3335 
3311 3335 3334 3311 3334 3309 3309 3334 3336 
3312 3309 3337 3337 3309 3336 3313 3312 3338 
3338 3312 3337 3131 3338 3132 3131 3314 3338 
3314 3313 3338 3134 3314 3131 3315 3314 3134 
3136 3315 3134 3316 3315 3136 3138 3316 3136 
3317 3316 3138 3140 3317 3138 3318 3317 3140 
3142 3318 3140 3319 3318 3142 3144 3319 3142 
3320 3319 3144 3146 3320 3144 3321 3320 3146 
3148 3321 3146 3322 3321 3148 3149 3322 3148 
3149 3339 3322 3339 3323 3322 3324 3323 3340 
3340 3323 3339 3341 3325 3324 3341 3324 3342 
3342 3324 3340 3341 3342 3343 3151 3344 3345 
3152 3151 3345 3153 3346 3327 3153 3327 3344 
3153 3344 3151 3344 3327 3329 3347 3330 3327 
3347 3327 3348 3348 3327 3346 3348 3349 3350 
3347 3348 3350 3333 3350 3349 3333 3349 3331 
3331 3349 3351 3334 3331 3352 3352 3331 3351 
3155 3352 3156 3155 3336 3352 3336 3334 3352 
3158 3336 3155 3337 3336 3158 3160 3337 3158 
3338 3337 3160 3132 3338 3160 3149 3170 3339 
3173 3339 3170 3340 3339 3173 3175 3340 3173 
3342 3340 3175 3176 3353 3354 3175 3176 3354 
3175 3354 3343 3175 3343 3342 3354 3353 3355 
3177 3356 3357 3178 3177 3357 3345 3177 3152 
3356 3177 3345 3153 3180 3346 3182 3346 3180 
3348 3346 3182 3184 3348 3182 3349 3348 3184 
3186 3349 3184 3351 3349 3186 3188 3351 3186 
3352 3351 3188 3156 3352 3188 3176 3191 3353 
3353 3191 3193 3353 3193 3355 3355 3193 3358 
3195 3359 3360 3196 3195 3360 3357 3195 3178 
3359 3195 3357 3199 3361 3362 3198 3361 3199 
3358 3193 3199 3362 3358 3199 3196 3360 3200 
3360 3363 3200 3364 3365 3366 3364 3367 3368 
3366 3367 3364 3368 3369 3370 3367 3369 3368 
3370 3371 3372 3369 3371 3370 3372 3373 3374 
3371 3373 3372 3374 3203 3202 3374 3373 3203 
3373 3375 3203 3361 3198 3203 3375 3361 3203 
3204 3376 3377 3205 3204 3377 3363 3204 3200 
3376 3204 3363 3378 3379 3380 3378 3381 3382 
3380 3381 3378 3382 3383 3384 3381 3383 3382 
3365 3384 3383 3364 3384 3365 3364 3207 3384 
3364 3208 3207 3209 3208 3364 3368 3209 3364 
3211 3209 3368 3370 3211 3368 3213 3211 3370 
3372 3213 3370 3215 3213 3372 3374 3215 3372 
3202 3215 3374 3216 3385 3217 3216 3386 3385 
3216 3205 3386 3205 3377 3386 3387 3388 3389 
3387 3220 3219 3387 3389 3220 3389 3390 3220 
3379 3378 3221 3379 3221 3390 3390 3221 3220 
3223 3221 3378 3382 3223 3378 3225 3223 3382 
3384 3225 3382 3207 3225 3384 3385 3391 3392 
3385 3392 3217 3217 3392 3228 3386 3391 3385 
3393 3394 3395 3393 3231 3230 3393 3395 3231 
3395 3396 3231 3388 3387 3232 3388 3232 3396 
3396 3232 3231 3219 3232 3387 3228 3392 3233 
3392 3397 3233 3398 3399 3400 3394 3398 3400 
3393 3398 3394 3393 3234 3398 3393 3235 3234 
3230 3235 3393 3401 3402 3237 3401 3237 3397 
3397 3237 3233 3402 3403 3404 3401 3403 3402 
3404 3405 3406 3403 3405 3404 3406 3407 3408 
3405 3407 3406 3407 3409 3408 3410 3411 3412 
3410 3240 3239 3410 3412 3240 3412 3413 3240 
3399 3398 3241 3399 3241 3413 3413 3241 3240 
3234 3241 3398 3237 3402 3242 3244 3242 3402 
3404 3244 3402 3246 3244 3404 3406 3246 3404 
3248 3246 3406 3408 3248 3406 3250 3414 3415 
3248 3414 3250 3248 3409 3414 3248 3408 3409 
3415 3416 3417 3414 3416 3415 3417 3418 3419 
3416 3418 3417 3419 3420 3421 3418 3420 3419 
3421 3422 3423 3420 3422 3421 3411 3423 3422 
3410 3423 3411 3410 3252 3423 3410 3253 3252 
3239 3253 3410 3250 3415 3254 3255 3254 3415 
3417 3255 3415 3257 3255 3417 3419 3257 3417 
3259 3257 3419 3421 3259 3419 3261 3259 3421 
3423 3261 3421 3252 3261 3423 3424 3425 3426 
3424 3266 3265 3424 3265 3425 3425 3265 3427 
3268 3428 3265 3265 3428 3427 3270 3429 3268 
3268 3429 3428 3272 3430 3270 3270 3430 3429 
3273 3431 3432 3273 3432 3272 3272 3432 3430 
3432 3431 3433 3434 3435 3436 3426 3435 3434 
3424 3426 3434 3424 3434 3276 3424 3276 3275 
3266 3424 3275 3273 3281 3431 3431 3437 3433 
3431 3281 3437 3281 3284 3437 3285 3438 3439 
3285 3439 3284 3284 3439 3437 3438 3440 3441 
3439 3438 3441 3440 3442 3443 3441 3440 3443 
3442 3444 3445 3443 3442 3445 3444 3446 3447 
3445 3444 3447 3446 3448 3449 3447 3446 3449 
3448 3450 3451 3449 3448 3451 3451 3450 3452 
3453 3454 3455 3436 3454 3453 3434 3436 3453 
3434 3453 3288 3434 3288 3287 3276 3434 3287 
3285 3296 3438 3299 3438 3296 3440 3438 3299 
3301 3440 3299 3442 3440 3301 3303 3442 3301 
3444 3442 3303 3305 3444 3303 3446 3444 3305 
3307 3446 3305 3448 3446 3307 3308 3448 3307 
3308 3456 3448 3456 3450 3448 3457 3452 3450 
3456 3457 3450 3458 3459 3460 3458 3461 3462 
3459 3458 3462 3461 3463 3464 3462 3461 3464 
3463 3465 3466 3464 3463 3466 3455 3466 3465 
3453 3455 3465 3453 3465 3311 3453 3311 3310 
3288 3453 3310 3326 3325 3467 3326 3456 3308 
3326 3467 3456 3467 3468 3456 3469 3457 3456 
3468 3469 3456 3328 3470 3471 3329 3328 3471 
3330 3472 3458 3330 3458 3470 3330 3470 3328 
3470 3458 3460 3461 3458 3473 3473 3458 3472 
3332 3473 3333 3332 3463 3473 3463 3461 3473 
3335 3463 3332 3465 3463 3335 3311 3465 3335 
3325 3341 3467 3343 3467 3341 3343 3474 3467 
3474 3468 3467 3475 3469 3468 3474 3475 3468 
3344 3476 3477 3345 3344 3477 3471 3344 3329 
3476 3344 3471 3330 3347 3472 3350 3472 3347 
3473 3472 3350 3333 3473 3350 3343 3354 3474 
3474 3354 3355 3474 3355 3475 3475 3355 3478 
3356 3479 3480 3357 3356 3480 3477 3356 3345 
3479 3356 3477 3355 3358 3478 3478 3358 3481 
3359 3482 3360 3359 3483 3482 3359 3357 3483 
3357 3480 3483 3484 3485 3486 3484 3487 3488 
3486 3487 3484 3488 3489 3490 3487 3489 3488 
3490 3491 3492 3489 3491 3490 3492 3362 3361 
3492 3491 3362 3491 3493 3362 3481 3358 3362 
3493 3481 3362 3482 3494 3495 3482 3495 3360 
3360 3495 3363 3483 3494 3482 3496 3497 3498 
3496 3499 3500 3498 3499 3496 3500 3366 3365 
3500 3499 3366 3499 3501 3366 3367 3366 3502 
3366 3501 3502 3485 3484 3369 3485 3369 3502 
3502 3369 3367 3371 3369 3484 3488 3371 3484 
3373 3371 3488 3490 3373 3488 3375 3373 3490 
3492 3375 3490 3361 3375 3492 3376 3503 3504 
3377 3376 3504 3495 3376 3363 3503 3376 3495 
3505 3506 3507 3505 3380 3379 3505 3507 3380 
3507 3508 3380 3497 3496 3381 3497 3381 3508 
3508 3381 3380 3383 3381 3496 3500 3383 3496 
3365 3383 3500 3377 3504 3386 3504 3509 3386 
3510 3511 3512 3510 3389 3388 3510 3512 3389 
3512 3513 3389 3506 3505 3390 3506 3390 3513 
3513 3390 3389 3379 3390 3505 3391 3514 3392 
3391 3515 3514 3391 3386 3515 3386 3509 3515 
3516 3517 3518 3516 3395 3394 3516 3518 3395 
3518 3519 3395 3511 3510 3396 3511 3396 3519 
3519 3396 3395 3388 3396 3510 3514 3520 3397 
3392 3514 3397 3521 3514 3515 3521 3522 3514 
3522 3520 3514 3522 3523 3524 3521 3523 3522 
3524 3525 3526 3523 3525 3524 3525 3527 3526 
3528 3529 3530 3517 3528 3530 3516 3528 3517 
3516 3399 3528 3516 3400 3399 3394 3400 3516 
3397 3520 3401 3403 3401 3520 3522 3403 3520 
3405 3403 3522 3524 3405 3522 3407 3405 3524 
3526 3407 3524 3409 3531 3532 3407 3531 3409 
3407 3527 3531 3407 3526 3527 3532 3533 3534 
3531 3533 3532 3534 3535 3536 3533 3535 3534 
3536 3537 3538 3535 3537 3536 3538 3539 3540 
3537 3539 3538 3540 3412 3411 3540 3539 3412 
3539 3541 3412 3529 3528 3413 3529 3413 3541 
3541 3413 3412 3399 3413 3528 3409 3532 3414 
3416 3414 3532 3534 3416 3532 3418 3416 3534 
3536 3418 3534 3420 3418 3536 3538 3420 3536 
3422 3420 3538 3540 3422 3538 3411 3422 3540 
3542 3543 3544 3542 3545 3546 3543 3542 3546 
3545 3547 3548 3546 3545 3548 3547 3549 3550 
3548 3547 3550 3549 3426 3425 3549 3425 3550 
3550 3425 3551 3427 3552 3425 3425 3552 3551 
3428 3553 3427 3427 3553 3552 3429 3554 3428 
3428 3554 3553 3430 3555 3429 3429 3555 3554 
3432 3556 3430 3430 3556 3555 3556 3432 3433 
3557 3556 3433 3558 3542 3544 3559 3558 3544 
3545 3542 3560 3560 3542 3558 3547 3545 3561 
3561 3545 3560 3435 3561 3436 3435 3549 3561 
3549 3547 3561 3426 3549 3435 3433 3562 3557 
3437 3562 3433 3439 3563 3437 3437 3563 3562 
3441 3564 3439 3439 3564 3563 3443 3565 3441 
3441 3565 3564 3445 3566 3443 3443 3566 3565 
3447 3567 3445 3445 3567 3566 3449 3568 3447 
3447 3568 3567 3451 3569 3449 3449 3569 3568 
3569 3451 3452 3570 3569 3452 3571 3572 3573 
3559 3572 3571 3559 3571 3558 3558 3571 3574 
3560 3558 3575 3575 3558 3574 3454 3575 3455 
3454 3561 3575 3561 3560 3575 3436 3561 3454 
3576 3457 3577 3576 3570 3457 3570 3452 3457 
3576 3577 3578 3459 3579 3580 3460 3459 3580 
3573 3462 3571 3573 3579 3462 3579 3459 3462 
3464 3571 3462 3574 3571 3464 3466 3574 3464 
3575 3574 3466 3455 3575 3466 3577 3581 3582 
3577 3457 3581 3457 3469 3581 3578 3577 3582 
3470 3583 3584 3471 3470 3584 3580 3470 3460 
3583 3470 3580 3469 3475 3581 3581 3475 3585 
3476 3586 3587 3477 3476 3587 3584 3476 3471 
3586 3476 3584 3475 3478 3585 3585 3478 3588 
3479 3589 3480 3479 3590 3589 3479 3477 3590 
3477 3587 3590 3591 3592 3593 3591 3594 3595 
3593 3594 3591 3595 3596 3597 3594 3596 3595 
3597 3596 3588 3597 3588 3481 3481 3588 3478 
3589 3598 3599 3589 3599 3480 3480 3599 3483 
3590 3598 3589 3600 3601 3602 3600 3603 3604 
3602 3603 3600 3604 3605 3606 3603 3605 3604 
3606 3486 3485 3606 3605 3486 3605 3607 3486 
3487 3486 3608 3486 3607 3608 3592 3591 3489 
3592 3489 3608 3608 3489 3487 3491 3489 3591 
3595 3491 3591 3493 3491 3595 3597 3493 3595 
3481 3493 3597 3494 3609 3495 3494 3610 3609 
3494 3483 3610 3483 3599 3610 3611 3612 3613 
3611 3614 3615 3613 3614 3611 3615 3498 3497 
3615 3614 3498 3614 3616 3498 3601 3600 3499 
3601 3499 3616 3616 3499 3498 3501 3499 3600 
3604 3501 3600 3502 3501 3604 3606 3502 3604 
3485 3502 3606 3503 3617 3504 3503 3618 3617 
3495 3618 3503 3495 3619 3618 3495 3609 3619 
3610 3619 3609 3620 3621 3622 3612 3620 3622 
3611 3620 3612 3611 3506 3620 3611 3507 3506 
3508 3507 3611 3615 3508 3611 3497 3508 3615 
3617 3623 3509 3504 3617 3509 3624 3617 3618 
3623 3617 3624 3625 3626 3627 3625 3512 3511 
3625 3627 3512 3627 3628 3512 3621 3620 3513 
3621 3513 3628 3628 3513 3512 3506 3513 3620 
3623 3629 3515 3509 3623 3515 3630 3623 3624 
3630 3631 3623 3631 3629 3623 3631 3632 3633 
3630 3632 3631 3632 3634 3633 3518 3635 3636 
3517 3635 3518 3626 3625 3519 3626 3519 3636 
3636 3519 3518 3511 3519 3625 3515 3629 3521 
3523 3521 3629 3631 3523 3629 3525 3523 3631 
3633 3525 3631 3527 3637 3638 3525 3637 3527 
3525 3634 3637 3525 3633 3634 3638 3639 3640 
3637 3639 3638 3640 3641 3642 3639 3641 3640 
3642 3643 3644 3641 3643 3642 3644 3645 3646 
3643 3645 3644 3646 3647 3648 3645 3647 3646 
3648 3530 3529 3648 3647 3530 3647 3649 3530 
3635 3517 3530 3649 3635 3530 3527 3638 3531 
3533 3531 3638 3640 3533 3638 3535 3533 3640 
3642 3535 3640 3537 3535 3642 3644 3537 3642 
3539 3537 3644 3646 3539 3644 3541 3539 3646 
3648 3541 3646 3529 3541 3648 3650 3651 3652 
3650 3653 3654 3651 3650 3654 3653 3655 3656 
3654 3653 3656 3656 3655 3657 3543 3658 3659 
3544 3543 3659 3546 3660 3543 3543 3660 3658 
3548 3661 3546 3546 3661 3660 3652 3550 3650 
3652 3661 3550 3661 3548 3550 3551 3650 3550 
3653 3650 3551 3552 3653 3551 3655 3653 3552 
3655 3662 3657 3655 3552 3662 3552 3553 3662 
3554 3663 3553 3553 3663 3662 3555 3664 3554 
3554 3664 3663 3665 3666 3664 3665 3664 3556 
3556 3664 3555 3556 3557 3665 3544 3659 3559 
3659 3667 3559 3665 3668 3666 3557 3668 3665 
3557 3562 3668 3562 3669 3668 3563 3670 3562 
3562 3670 3669 3564 3671 3563 3563 3671 3670 
3565 3672 3564 3564 3672 3671 3566 3673 3565 
3565 3673 3672 3567 3674 3566 3566 3674 3673 
3568 3675 3567 3567 3675 3674 3569 3676 3568 
3568 3676 3675 3676 3569 3570 3677 3676 3570 
3572 3678 3679 3573 3572 3679 3667 3572 3559 
3678 3572 3667 3680 3570 3576 3680 3681 3570 
3681 3677 3570 3576 3578 3680 3579 3682 3683 
3580 3579 3683 3679 3579 3573 3682 3579 3679 
3582 3681 3680 3582 3581 3681 3581 3684 3681 
3578 3582 3680 3583 3685 3686 3584 3583 3686 
3683 3583 3580 3685 3583 3683 3581 3585 3684 
3684 3585 3687 3586 3688 3587 3586 3689 3688 
3586 3584 3689 3584 3686 3689 3690 3691 3692 
3690 3692 3687 3690 3687 3588 3588 3687 3585 
3688 3693 3694 3688 3694 3587 3587 3694 3590 
3689 3693 3688 3695 3696 3697 3695 3698 3699 
3697 3698 3695 3699 3700 3701 3698 3700 3699 
3701 3702 3703 3700 3702 3701 3703 3593 3592 
3703 3702 3593 3702 3704 3593 3594 3593 3705 
3593 3704 3705 3691 3690 3596 3691 3596 3705 
3705 3596 3594 3588 3596 3690 3598 3706 3599 
3598 3707 3706 3598 3590 3707 3590 3694 3707 
3708 3709 3710 3708 3711 3712 3710 3711 3708 
3712 3602 3601 3712 3711 3602 3711 3713 3602 
3696 3695 3603 3696 3603 3713 3713 3603 3602 
3605 3603 3695 3699 3605 3695 3607 3605 3699 
3701 3607 3699 3608 3607 3701 3703 3608 3701 
3592 3608 3703 3706 3714 3610 3599 3706 3610 
3715 3706 3707 3714 3706 3715 3716 3717 3718 
3716 3613 3612 3716 3718 3613 3718 3719 3613 
3709 3708 3614 3709 3614 3719 3719 3614 3613 
3616 3614 3708 3712 3616 3708 3601 3616 3712 
3619 3720 3618 3619 3721 3720 3610 3721 3619 
3610 3722 3721 3610 3714 3722 3715 3722 3714 
3723 3724 3725 3717 3723 3725 3716 3723 3717 
3716 3621 3723 3716 3622 3621 3612 3622 3716 
3720 3726 3727 3720 3727 3618 3618 3727 3624 
3721 3726 3720 3728 3729 3730 3728 3627 3626 
3728 3730 3627 3730 3731 3627 3724 3723 3628 
3724 3628 3731 3731 3628 3627 3621 3628 3723 
3624 3727 3732 3630 3624 3732 3632 3630 3733 
3630 3732 3733 3634 3734 3735 3634 3632 3734 
3632 3733 3734 3735 3736 3737 3734 3736 3735 
3737 3738 3739 3736 3738 3737 3739 3740 3741 
3738 3740 3739 3741 3742 3743 3740 3742 3741 
3743 3744 3745 3742 3744 3743 3745 3746 3747 
3744 3746 3745 3729 3747 3746 3728 3747 3729 
3728 3635 3747 3728 3636 3635 3626 3636 3728 
3634 3735 3637 3639 3637 3735 3737 3639 3735 
3641 3639 3737 3739 3641 3737 3643 3641 3739 
3741 3643 3739 3645 3643 3741 3743 3645 3741 
3647 3645 3743 3745 3647 3743 3649 3647 3745 
3747 3649 3745 3635 3649 3747 3651 3748 3652 
3749 3748 3651 3749 3651 3750 3750 3651 3654 
3656 3751 3654 3654 3751 3750 3751 3656 3657 
3752 3751 3657 3658 3753 3659 3658 3660 3754 
3753 3658 3754 3755 3754 3660 3755 3660 3756 
3756 3660 3661 3748 3661 3652 3748 3757 3661 
3757 3756 3661 3749 3757 3748 3657 3758 3752 
3662 3758 3657 3759 3760 3758 3759 3758 3663 
3663 3758 3662 3663 3664 3761 3759 3663 3761 
3664 3666 3761 3753 3762 3667 3659 3753 3667 
3763 3754 3764 3763 3762 3754 3762 3753 3754 
3755 3764 3754 3759 3765 3760 3761 3765 3759 
3766 3765 3761 3666 3766 3761 3666 3668 3766 
3668 3767 3766 3669 3768 3668 3668 3768 3767 
3670 3769 3669 3669 3769 3768 3671 3770 3670 
3670 3770 3769 3672 3771 3671 3671 3771 3770 
3673 3772 3672 3672 3772 3771 3674 3773 3673 
3673 3773 3772 3675 3774 3674 3674 3774 3773 
3775 3776 3774 3775 3774 3676 3676 3774 3675 
3676 3677 3775 3678 3777 3679 3678 3778 3777 
3667 3778 3678 3667 3779 3778 3667 3762 3779 
3763 3779 3762 3780 3781 3782 3776 3780 3782 
3776 3775 3780 3775 3783 3780 3677 3681 3783 
3775 3677 3783 3682 3784 3785 3683 3682 3785 
3777 3682 3679 3777 3786 3682 3786 3784 3682 
3778 3786 3777 3780 3787 3781 3787 3788 3789 
3787 3780 3788 3780 3783 3788 3681 3684 3788 
3783 3681 3788 3685 3790 3686 3685 3791 3790 
3685 3683 3791 3683 3785 3791 3792 3789 3788 
3793 3789 3792 3684 3687 3792 3788 3684 3792 
3790 3794 3795 3790 3795 3686 3686 3795 3689 
3791 3794 3790 3796 3797 3798 3796 3799 3800 
3798 3799 3796 3800 3801 3802 3799 3801 3800 
3802 3803 3804 3801 3803 3802 3793 3804 3803 
3792 3804 3793 3792 3691 3804 3792 3692 3691 
3687 3692 3792 3693 3805 3694 3693 3806 3805 
3693 3689 3806 3689 3795 3806 3807 3808 3809 
3807 3810 3811 3809 3810 3807 3811 3812 3813 
3810 3812 3811 3813 3697 3696 3813 3812 3697 
3812 3814 3697 3698 3697 3815 3697 3814 3815 
3797 3796 3700 3797 3700 3815 3815 3700 3698 
3702 3700 3796 3800 3702 3796 3704 3702 3800 
3802 3704 3800 3705 3704 3802 3804 3705 3802 
3691 3705 3804 3805 3816 3707 3694 3805 3707 
3817 3805 3806 3816 3805 3817 3818 3819 3820 
3818 3821 3822 3820 3821 3818 3822 3823 3824 
3821 3823 3822 3808 3824 3823 3807 3824 3808 
3807 3709 3824 3807 3710 3709 3711 3710 3807 
3811 3711 3807 3713 3711 3811 3813 3713 3811 
3696 3713 3813 3816 3825 3715 3707 3816 3715 
3826 3816 3817 3825 3816 3826 3827 3819 3818 
3828 3819 3827 3718 3717 3827 3718 3827 3822 
3822 3827 3818 3719 3718 3822 3824 3719 3822 
3709 3719 3824 3722 3829 3721 3722 3830 3829 
3715 3830 3722 3715 3831 3830 3715 3825 3831 
3826 3831 3825 3832 3833 3834 3832 3835 3836 
3834 3835 3832 3828 3836 3835 3827 3836 3828 
3827 3724 3836 3827 3725 3724 3717 3725 3827 
3726 3837 3727 3726 3721 3829 3726 3829 3837 
3837 3829 3838 3839 3829 3830 3839 3840 3829 
3840 3838 3829 3840 3841 3842 3839 3841 3840 
3842 3843 3844 3841 3843 3842 3844 3845 3846 
3843 3845 3844 3846 3847 3848 3845 3847 3846 
3848 3849 3850 3847 3849 3848 3850 3851 3852 
3849 3851 3850 3833 3852 3851 3832 3852 3833 
3832 3729 3852 3832 3730 3729 3731 3730 3832 
3836 3731 3832 3724 3731 3836 3727 3837 3732 
3733 3732 3837 3838 3733 3837 3734 3733 3838 
3840 3734 3838 3736 3734 3840 3842 3736 3840 
3738 3736 3842 3844 3738 3842 3740 3738 3844 
3846 3740 3844 3742 3740 3846 3848 3742 3846 
3744 3742 3848 3850 3744 3848 3746 3744 3850 
3852 3746 3850 3729 3746 3852 3750 3853 3749 
3750 3751 3854 3853 3750 3854 3751 3752 3854 
3756 3855 3755 3756 3757 3856 3855 3756 3856 
3757 3857 3856 3749 3857 3757 3749 3858 3857 
3749 3853 3858 3854 3858 3853 3859 3858 3854 
3860 3861 3859 3758 3860 3859 3758 3859 3854 
3758 3854 3752 3758 3760 3860 3764 3862 3763 
3764 3863 3862 3755 3863 3764 3755 3864 3863 
3755 3855 3864 3856 3864 3855 3865 3864 3856 
3857 3865 3856 3866 3861 3860 3867 3861 3866 
3760 3765 3868 3760 3868 3860 3860 3868 3866 
3765 3766 3869 3868 3765 3869 3766 3767 3870 
3869 3766 3870 3767 3768 3871 3870 3767 3871 
3768 3769 3872 3871 3768 3872 3873 3872 3769 
3873 3769 3874 3874 3769 3770 3771 3875 3770 
3770 3875 3874 3772 3876 3771 3771 3876 3875 
3877 3878 3876 3877 3876 3773 3773 3876 3772 
3773 3774 3879 3877 3773 3879 3774 3776 3879 
3779 3880 3778 3779 3881 3880 3763 3881 3779 
3763 3882 3881 3763 3862 3882 3863 3882 3862 
3883 3867 3866 3884 3867 3883 3868 3885 3866 
3885 3883 3866 3869 3886 3868 3886 3885 3868 
3887 3870 3888 3887 3886 3870 3886 3869 3870 
3871 3888 3870 3889 3888 3871 3872 3889 3871 
3890 3889 3872 3873 3890 3872 3891 3878 3877 
3892 3878 3891 3782 3781 3891 3782 3891 3879 
3879 3891 3877 3776 3782 3879 3784 3893 3785 
3784 3786 3894 3893 3784 3894 3786 3895 3894 
3778 3895 3786 3778 3896 3895 3778 3880 3896 
3881 3896 3880 3883 3897 3884 3885 3897 3883 
3898 3897 3885 3886 3898 3885 3899 3898 3886 
3887 3899 3886 3891 3900 3892 3901 3902 3900 
3787 3901 3900 3787 3900 3891 3787 3891 3781 
3787 3789 3901 3893 3903 3791 3785 3893 3791 
3904 3894 3905 3904 3903 3894 3903 3893 3894 
3895 3905 3894 3906 3902 3901 3907 3902 3906 
3789 3793 3906 3901 3789 3906 3794 3908 3795 
3794 3909 3908 3791 3909 3794 3791 3910 3909 
3791 3903 3910 3904 3910 3903 3911 3912 3913 
3911 3914 3915 3913 3914 3911 3915 3916 3917 
3914 3916 3915 3916 3918 3917 3919 3920 3921 
3919 3922 3923 3921 3922 3919 3923 3798 3797 
3923 3922 3798 3922 3924 3798 3799 3798 3925 
3798 3924 3925 3801 3799 3926 3799 3925 3926 
3907 3906 3803 3907 3803 3926 3926 3803 3801 
3793 3803 3906 3908 3927 3806 3795 3908 3806 
3928 3908 3909 3927 3908 3928 3929 3930 3931 
3929 3932 3933 3931 3932 3929 3912 3933 3932 
3912 3911 3933 3911 3934 3933 3915 3935 3911 
3935 3934 3911 3809 3808 3935 3809 3935 3917 
3917 3935 3915 3917 3918 3936 3917 3936 3809 
3809 3936 3810 3812 3810 3937 3810 3936 3937 
3920 3919 3814 3920 3814 3937 3937 3814 3812 
3815 3814 3919 3923 3815 3919 3797 3815 3923 
3927 3938 3817 3806 3927 3817 3939 3927 3928 
3938 3927 3939 3940 3930 3929 3941 3930 3940 
3820 3819 3940 3820 3940 3933 3933 3940 3929 
3821 3820 3933 3934 3821 3933 3823 3821 3934 
3935 3823 3934 3808 3823 3935 3938 3942 3826 
3817 3938 3826 3943 3938 3939 3942 3938 3943 
3944 3945 3946 3941 3944 3946 3941 3940 3944 
3940 3947 3944 3819 3828 3947 3940 3819 3947 
3831 3948 3830 3831 3826 3942 3831 3942 3948 
3948 3942 3949 3950 3942 3943 3950 3951 3942 
3951 3949 3942 3951 3952 3953 3950 3952 3951 
3953 3954 3955 3952 3954 3953 3955 3956 3957 
3954 3956 3955 3957 3958 3959 3956 3958 3957 
3945 3959 3958 3944 3959 3945 3944 3833 3959 
3944 3834 3833 3835 3834 3944 3947 3835 3944 
3828 3835 3947 3830 3948 3839 3841 3839 3948 
3949 3841 3948 3843 3841 3949 3951 3843 3949 
3845 3843 3951 3953 3845 3951 3847 3845 3953 
3955 3847 3953 3849 3847 3955 3957 3849 3955 
3851 3849 3957 3959 3851 3957 3833 3851 3959 
3858 3960 3857 3858 3859 3961 3960 3858 3961 
3859 3861 3961 3864 3962 3863 3864 3865 3963 
3962 3864 3963 3865 3964 3963 3857 3964 3865 
3857 3965 3964 3857 3960 3965 3965 3966 3967 
3965 3960 3966 3960 3961 3966 3861 3867 3966 
3961 3861 3966 3874 3968 3873 3969 3968 3874 
3969 3874 3970 3970 3874 3875 3971 3972 3970 
3971 3970 3876 3876 3970 3875 3876 3878 3971 
3882 3973 3881 3882 3863 3962 3882 3962 3973 
3973 3962 3974 3975 3963 3976 3975 3974 3963 
3974 3962 3963 3964 3976 3963 3977 3967 3966 
3978 3967 3977 3867 3884 3977 3966 3867 3977 
3888 3979 3887 3888 3889 3980 3979 3888 3980 
3981 3980 3889 3981 3889 3982 3982 3889 3890 
3968 3890 3873 3968 3983 3890 3983 3982 3890 
3969 3983 3968 3971 3984 3972 3984 3971 3878 
3984 3878 3985 3985 3878 3892 3896 3986 3895 
3896 3881 3973 3896 3973 3986 3986 3973 3987 
3988 3974 3989 3988 3987 3974 3987 3973 3974 
3975 3989 3974 3990 3978 3977 3991 3978 3990 
3884 3897 3992 3884 3992 3977 3977 3992 3990 
3897 3898 3993 3992 3897 3993 3898 3899 3994 
3993 3898 3994 3899 3995 3994 3887 3995 3899 
3887 3996 3995 3887 3979 3996 3980 3996 3979 
3997 3996 3980 3981 3997 3980 3998 3892 3900 
3998 3999 3892 3999 3985 3892 3900 3902 3998 
3905 4000 3904 3905 3895 3986 3905 3986 4000 
4000 3986 4001 4002 3987 4003 4002 4001 3987 
4001 3986 3987 3988 4003 3987 4004 3991 3990 
4005 3991 4004 3992 4006 3990 4006 4004 3990 
3993 4007 3992 4007 4006 3992 3994 4008 3993 
4008 4007 3993 4009 3994 3995 4009 4010 3994 
4010 4008 3994 4009 4011 4010 4012 4013 4014 
4012 4015 4016 4014 4015 4012 4016 4017 4018 
4015 4017 4016 4018 4019 4020 4017 4019 4018 
3999 4020 4019 3999 3998 4020 3998 4021 4020 
3902 3907 4021 3998 3902 4021 3910 4022 3909 
3910 3904 4000 3910 4000 4022 4022 4000 4023 
4024 4001 4025 4024 4023 4001 4023 4000 4001 
4002 4025 4001 4026 4027 4028 4005 4026 4028 
4005 4004 4026 4004 4029 4026 3913 3912 4029 
3913 4029 4006 4006 4029 4004 3914 3913 4006 
4007 3914 4006 3916 3914 4007 4008 3916 4007 
3918 3916 4008 3918 4008 4030 4030 4008 4010 
4031 4010 4011 4031 4032 4010 4032 4030 4010 
4013 4032 4031 4012 4032 4013 4012 3920 4032 
4012 3921 3920 3922 3921 4012 4016 3922 4012 
3924 3922 4016 4018 3924 4016 3925 3924 4018 
4020 3925 4018 3926 3925 4020 4021 3926 4020 
3907 3926 4021 4022 4033 3928 3909 4022 3928 
4023 4034 4022 4034 4033 4022 4035 4023 4024 
4034 4023 4035 4036 4037 4038 4027 4036 4038 
4026 4036 4027 4026 3930 4036 4026 3931 3930 
3932 3931 4026 4029 3932 4026 3912 3932 4029 
3918 4030 3936 3937 3936 4030 4032 3937 4030 
3920 3937 4032 4033 4039 3939 3928 4033 3939 
4040 4034 4041 4040 4039 4034 4039 4033 4034 
4035 4041 4034 4042 4037 4036 4043 4037 4042 
3930 3941 4042 4036 3930 4042 4039 4044 3943 
3939 4039 3943 4045 4039 4040 4045 4046 4039 
4046 4044 4039 4046 4047 4048 4045 4047 4046 
4048 4049 4050 4047 4049 4048 4050 4051 4052 
4049 4051 4050 4043 4052 4051 4042 4052 4043 
4042 3945 4052 4042 3946 3945 3941 3946 4042 
3943 4044 3950 3952 3950 4044 4046 3952 4044 
3954 3952 4046 4048 3954 4046 3956 3954 4048 
4050 3956 4048 3958 3956 4050 4052 3958 4050 
3945 3958 4052 3965 4053 3964 3965 3967 4053 
3970 4054 3969 3970 3972 4054 3976 4055 3975 
3976 3964 4053 3976 4053 4055 4055 4053 4056 
3967 3978 4056 4053 3967 4056 3982 4057 3981 
4058 4057 3982 4058 3982 4059 4059 3982 3983 
4054 3983 3969 4054 4060 3983 4060 4059 3983 
4061 4062 4060 3984 4061 4060 3984 4060 4054 
3984 4054 3972 3984 3985 4061 3989 4063 3988 
3989 3975 4055 3989 4055 4063 4063 4055 4064 
4056 4065 4055 4065 4064 4055 3978 3991 4065 
4056 3978 4065 3996 4066 3995 3996 3997 4067 
4066 3996 4067 3997 3981 4057 3997 4057 4067 
4067 4057 4068 4069 4057 4058 4069 4070 4057 
4070 4068 4057 4070 4071 4072 4069 4071 4070 
4062 4072 4071 4062 4061 4072 4061 4073 4072 
3985 3999 4073 4061 3985 4073 4003 4074 4002 
4003 3988 4063 4003 4063 4074 4074 4063 4075 
4076 4064 4077 4076 4075 4064 4075 4063 4064 
4077 4078 4079 4077 4064 4078 4064 4065 4078 
3991 4005 4078 4065 3991 4078 3995 4066 4009 
4011 4009 4066 4011 4066 4080 4080 4066 4067 
4014 4013 4080 4014 4080 4068 4068 4080 4067 
4015 4014 4068 4070 4015 4068 4017 4015 4070 
4072 4017 4070 4019 4017 4072 4073 4019 4072 
3999 4019 4073 4025 4081 4024 4025 4002 4074 
4025 4074 4081 4081 4074 4082 4083 4075 4084 
4083 4082 4075 4082 4074 4075 4084 4085 4086 
4084 4075 4085 4087 4085 4076 4076 4085 4075 
4079 4085 4087 4078 4085 4079 4078 4027 4085 
4078 4028 4027 4005 4028 4078 4011 4080 4031 
4013 4031 4080 4081 4088 4035 4024 4081 4035 
4089 4082 4090 4089 4088 4082 4088 4081 4082 
4090 4091 4092 4090 4082 4091 4093 4091 4083 
4083 4091 4082 4086 4091 4093 4085 4091 4086 
4085 4037 4091 4085 4038 4037 4027 4038 4085 
4041 4094 4040 4041 4035 4088 4041 4088 4094 
4094 4088 4095 4096 4088 4089 4096 4097 4088 
4097 4095 4088 4092 4097 4096 4092 4091 4097 
4091 4098 4097 4037 4043 4098 4091 4037 4098 
4040 4094 4045 4047 4045 4094 4095 4047 4094 
4049 4047 4095 4097 4049 4095 4051 4049 4097 
4098 4051 4097 4043 4051 4098 4059 4099 4058 
4059 4060 4100 4099 4059 4100 4060 4062 4100 
4058 4099 4069 4071 4069 4099 4100 4071 4099 
4062 4071 4100 4077 4101 4076 4077 4079 4101 
4084 4102 4083 4087 4076 4101 4086 4102 4084 
4079 4087 4101 4090 4103 4089 4093 4083 4102 
4092 4103 4090 4086 4093 4102 4089 4103 4096 
4092 4096 4103 
CELL_DATA 8200
SCALARS Scalars float
LOOKUP_TABLE default
1 1 1 1 1 1 1 1 1 
1 1 1 1 1 1 1 1 1 
1 1 1 1 1 1 1 1 1 
1 1 1 1 1 1 1 1 1 
1 1 1 1 1 1 1 1 1 
1 1 1 1 1 1 1 1 1 
1 1 1 1 1 1 1 1 1 
1 1 1 1 1 1 1 1 1 
1 1 1 1 1 1 1 1 1 
1 1 1 1 1 1 1 1 1 
1 1 1 1 1 1 1 1 1 
1 1 1 1 1 1 1 1 1 
1 1 1 1 1 1 1 1 1 
1 1 1 1 1 1 1 1 1 
1 1 1 1 1 1 1 1 1 
1 1 1 1 1 1 1 1 1 
1 1 1 1 1 1 1 1 1 
1 1 1 1 1 1 1 1 1 
1 1 1 1 1 1 1 1 1 
1 1 1 1 1 1 1 1 1 
1 1 1 1 1 1 1 1 1 
1 1 1 1 1 1 1 1 1 
1 1 1 1 1 1 1 1 1 
1 1 1 1 1 1 1 1 1 
1 1 1 1 1 1 1 1 1 
1 1 1 1 1 1 1 1 1 
1 1 1 1 1 1 1 1 1 
1 1 1 1 1 1 1 1 1 
1 1 1 1 1 1 1 1 1 
1 1 1 1 1 1 1 1 1 
1 1 1 1 1 1 1 1 1 
1 1 1 1 1 1 1 1 1 
1 1 1 1 1 1 1 1 1 
1 1 1 1 1 1 1 1 1 
1 1 1 1 1 1 1 1 1 
1 1 1 1 1 1 1 1 1 
1 1 1 1 1 1 1 1 1 
1 1 1 1 1 1 1 1 1 
1 1 1 1 1 1 1 1 1 
1 1 1 1 1 1 1 1 1 
1 1 1 1 1 1 1 1 1 
1 1 1 1 1 1 1 1 1 
1 1 1 1 1 1 1 1 1 
1 1 1 1 1 1 1 1 1 
1 1 1 1 1 1 1 1 1 
1 1 1 1 1 1 1 1 1 
1 1 1 1 1 1 1 1 1 
1 1 1 1 1 1 1 1 1 
1 1 1 1 1 1 1 1 1 
1 1 1 1 1 1 1 1 1 
1 1 1 1 1 1 1 1 1 
1 1 1 1 1 1 1 1 1 
1 1 1 1 1 1 1 1 1 
1 1 1 1 1 1 1 1 1 
1 1 1 1 1 1 1 1 1 
1 1 1 1 1 1 1 1 1 
1 1 1 1 1 1 1 1 1 
1 1 1 1 1 1 1 1 1 
1 1 1 1 1 1 1 1 1 
1 1 1 1 1 1 1 1 1 
1 1 1 1 1 1 1 1 1 
1 1 1 1 1 1 1 1 1 
1 1 1 1 1 1 1 1 1 
1 1 1 1 1 1 1 1 1 
1 1 1 1 1 1 1 1 1 
1 1 1 1 1 1 1 1 1 
1 1 1 1 1 1 1 1 1 
1 1 1 1 1 1 1 1 1 
1 1 1 1 1 1 1 1 1 
1 1 1 1 1 1 1 1 1 
1 1 1 1 1 1 1 1 1 
1 1 1 1 1 1 1 1 1 
1 1 1 1 1 1 1 1 1 
1 1 1 1 1 1 1 1 1 
1 1 1 1 1 1 1 1 1 
1 1 1 1 1 1 1 1 1 
1 1 1 1 1 1 1 1 1 
1 1 1 1 1 1 1 1 1 
1 1 1 1 1 1 1 1 1 
1 1 1 1 1 1 1 1 1 
1 1 1 1 1 1 1 1 1 
1 1 1 1 1 1 1 1 1 
1 1 1 1 1 1 1 1 1 
1 1 1 1 1 1 1 1 1 
1 1 1 1 1 1 1 1 1 
1 1 1 1 1 1 1 1 1 
1 1 1 1 1 1 1 1 1 
1 1 1 1 1 1 1 1 1 
1 1 1 1 1 1 1 1 1 
1 1 1 1 1 1 1 1 1 
1 1 1 1 1 1 1 1 1 
1 1 1 1 1 1 1 1 1 
1 1 1 1 1 1 1 1 1 
1 1 1 1 1 1 1 1 1 
1 1 1 1 1 1 1 1 1 
1 1 1 1 1 1 1 1 1 
1 1 1 1 1 1 1 1 1 
1 1 1 1 1 1 1 1 1 
1 1 1 1 1 1 1 1 1 
1 1 1 1 1 1 1 1 1 
1 1 1 1 1 1 1 1 1 
1 1 1 1 1 1 1 1 1 
1 1 1 1 1 1 1 1 1 
1 1 1 1 1 1 1 1 1 
1 1 1 1 1 1 1 1 1 
1 1 1 1 1 1 1 1 1 
1 1 1 1 1 1 1 1 1 
1 1 1 1 1 1 1 1 1 
1 1 1 1 1 1 1 1 1 
1 1 1 1 1 1 1 1 1 
1 1 1 1 1 1 1 1 1 
1 1 1 1 1 1 1 1 1 
1 1 1 1 1 1 1 1 1 
1 1 1 1 1 1 1 1 1 
1 1 1 1 1 1 1 1 1 
1 1 1 1 1 1 1 1 1 
1 1 1 1 1 1 1 1 1 
1 1 1 1 1 1 1 1 1 
1 1 1 1 1 1 1 1 1 
1 1 1 1 1 1 1 1 1 
1 1 1 1 1 1 1 1 1 
1 1 1 1 1 1 1 1 1 
1 1 1 1 1 1 1 1 1 
1 1 1 1 1 1 1 1 1 
1 1 1 1 1 1 1 1 1 
1 1 1 1 1 1 1 1 1 
1 1 1 1 1 1 1 1 1 
1 1 1 1 1 1 1 1 1 
1 1 1 1 1 1 1 1 1 
1 1 1 1 1 1 1 1 1 
1 1 1 1 1 1 1 1 1 
1 1 1 1 1 1 1 1 1 
1 1 1 1 1 1 1 1 1 
1 1 1 1 1 1 1 1 1 
1 1 1 1 1 1 1 1 1 
1 1 1 1 1 1 1 1 1 
1 1 1 1 1 1 1 1 1 
1 1 1 1 1 1 1 1 1 
1 1 1 1 1 1 1 1 1 
1 1 1 1 1 1 1 1 1 
1 1 1 1 1 1 1 1 1 
1 1 1 1 1 1 1 1 1 
1 1 1 1 1 1 1 1 1 
1 1 1 1 1 1 1 1 1 
1 1 1 1 1 1 1 1 1 
1 1 1 1 1 1 1 1 1 
1 1 1 1 1 1 1 1 1 
1 1 1 1 1 1 1 1 1 
1 1 1 1 1 1 1 1 1 
1 1 1 1 1 1 1 1 1 
1 1 1 1 1 1 1 1 1 
1 1 1 1 1 1 1 1 1 
1 1 1 1 1 1 1 1 1 
1 1 1 1 1 1 1 1 1 
1 1 1 1 1 1 1 1 1 
1 1 1 1 1 1 1 1 1 
1 1 1 1 1 1 1 1 1 
1 1 1 1 1 1 1 1 1 
1 1 1 1 1 1 1 1 1 
1 1 1 1 1 1 1 1 1 
1 1 1 1 1 1 1 1 1 
1 1 1 1 1 1 1 1 1 
1 1 1 1 1 1 1 1 1 
1 1 1 1 1 1 1 1 1 
1 1 1 1 1 1 1 1 1 
1 1 1 1 1 1 1 1 1 
1 1 1 1 1 1 1 1 1 
1 1 1 1 1 1 1 1 1 
1 1 1 1 1 1 1 1 1 
1 1 1 1 1 1 1 1 1 
1 1 1 1 1 1 1 1 1 
1 1 1 1 1 1 1 1 1 
1 1 1 1 1 1 1 1 1 
1 1 1 1 1 1 1 1 1 
1 1 1 1 1 1 1 1 1 
1 1 1 1 1 1 1 1 1 
1 1 1 1 1 1 1 1 1 
1 1 1 1 1 1 1 1 1 
1 1 1 1 1 1 1 1 1 
1 1 1 1 1 1 1 1 1 
1 1 1 1 1 1 1 1 1 
1 1 1 1 1 1 1 1 1 
1 1 1 1 1 1 1 1 1 
1 1 1 1 1 1 1 1 1 
1 1 1 1 1 1 1 1 1 
1 1 1 1 1 1 1 1 1 
1 1 1 1 1 1 1 1 1 
1 1 1 1 1 1 1 1 1 
1 1 1 1 1 1 1 1 1 
1 1 1 1 1 1 1 1 1 
1 1 1 1 1 1 1 1 1 
1 1 1 1 1 1 1 1 1 
1 1 1 1 1 1 1 1 1 
1 1 1 1 1 1 1 1 1 
1 1 1 1 1 1 1 1 1 
1 1 1 1 1 1 1 1 1 
1 1 1 1 1 1 1 1 1 
1 1 1 1 1 1 1 1 1 
1 1 1 1 1 1 1 1 1 
1 1 1 1 1 1 1 1 1 
1 1 1 1 1 1 1 1 1 
1 1 1 1 1 1 1 1 1 
1 1 1 1 1 1 1 1 1 
1 1 1 1 1 1 1 1 1 
1 1 1 1 1 1 1 1 1 
1 1 1 1 1 1 1 1 1 
1 1 1 1 1 1 1 1 1 
1 1 1 1 1 1 1 1 1 
1 1 1 1 1 1 1 1 1 
1 1 1 1 1 1 1 1 1 
1 1 1 1 1 1 1 1 1 
1 1 1 1 1 1 1 1 1 
1 1 1 1 1 1 1 1 1 
1 1 1 1 1 1 1 1 1 
1 1 1 1 1 1 1 1 1 
1 1 1 1 1 1 1 1 1 
1 1 1 1 1 1 1 1 1 
1 1 1 1 1 1 1 1 1 
1 1 1 1 1 1 1 1 1 
1 1 1 1 1 1 1 1 1 
1 1 1 1 1 1 1 1 1 
1 1 1 1 1 1 1 1 1 
1 1 1 1 1 1 1 1 1 
1 1 1 1 1 1 1 1 1 
1 1 1 1 1 1 1 1 1 
1 1 1 1 1 1 1 1 1 
1 1 1 1 1 1 1 1 1 
1 1 1 1 1 1 1 1 1 
1 1 1 1 1 1 1 1 1 
1 1 1 1 1 1 1 1 1 
1 1 1 1 1 1 1 1 1 
1 1 1 1 1 1 1 1 1 
1 1 1 1 1 1 1 1 1 
1 1 1 1 1 1 1 1 1 
1 1 1 1 1 1 1 1 1 
1 1 1 1 1 1 1 1 1 
1 1 1 1 1 1 1 1 1 
1 1 1 1 1 1 1 1 1 
1 1 1 1 1 1 1 1 1 
1 1 1 1 1 1 1 1 1 
1 1 1 1 1 1 1 1 1 
1 1 1 1 1 1 1 1 1 
1 1 1 1 1 1 1 1 1 
1 1 1 1 1 1 1 1 1 
1 1 1 1 1 1 1 1 1 
1 1 1 1 1 1 1 1 1 
1 1 1 1 1 1 1 1 1 
1 1 1 1 1 1 1 1 1 
1 1 1 1 1 1 1 1 1 
1 1 1 1 1 1 1 1 1 
1 1 1 1 1 1 1 1 1 
1 1 1 1 1 1 1 1 1 
1 1 1 1 1 1 1 1 1 
1 1 1 1 1 1 1 1 1 
1 1 1 1 1 1 1 1 1 
1 1 1 1 1 1 1 1 1 
1 1 1 1 1 1 1 1 1 
1 1 1 1 1 1 1 1 1 
1 1 1 1 1 1 1 1 1 
1 1 1 1 1 1 1 1 1 
1 1 1 1 1 1 1 1 1 
1 1 1 1 1 1 1 1 1 
1 1 1 1 1 1 1 1 1 
1 1 1 1 1 1 1 1 1 
1 1 1 1 1 1 1 1 1 
1 1 1 1 1 1 1 1 1 
1 1 1 1 1 1 1 1 1 
1 1 1 1 1 1 1 1 1 
1 1 1 1 1 1 1 1 1 
1 1 1 1 1 1 1 1 1 
1 1 1 1 1 1 1 1 1 
1 1 1 1 1 1 1 1 1 
1 1 1 1 1 1 1 1 1 
1 1 1 1 1 1 1 1 1 
1 1 1 1 1 1 1 1 1 
1 1 1 1 1 1 1 1 1 
1 1 1 1 1 1 1 1 1 
1 1 1 1 1 1 1 1 1 
1 1 1 1 1 1 1 1 1 
1 1 1 1 1 1 1 1 1 
1 1 1 1 1 1 1 1 1 
1 1 1 1 1 1 1 1 1 
1 1 1 1 1 1 1 1 1 
1 1 1 1 1 1 1 1 1 
1 1 1 1 1 1 1 1 1 
1 1 1 1 1 1 1 1 1 
1 1 1 1 1 1 1 1 1 
1 1 1 1 1 1 1 1 1 
1 1 1 1 1 1 1 1 1 
1 1 1 1 1 1 1 1 1 
1 1 1 1 1 1 1 1 1 
1 1 1 1 1 1 1 1 1 
1 1 1 1 1 1 1 1 1 
1 1 1 1 1 1 1 1 1 
1 1 1 1 1 1 1 1 1 
1 1 1 1 1 1 1 1 1 
1 1 1 1 1 1 1 1 1 
1 1 1 1 1 1 1 1 1 
1 1 1 1 1 1 1 1 1 
1 1 1 1 1 1 1 1 1 
1 1 1 1 1 1 1 1 1 
1 1 1 1 1 1 1 1 1 
1 1 1 1 1 1 1 1 1 
1 1 1 1 1 1 1 1 1 
1 1 1 1 1 1 1 1 1 
1 1 1 1 1 1 1 1 1 
1 1 1 1 1 1 1 1 1 
1 1 1 1 1 1 1 1 1 
1 1 1 1 1 1 1 1 1 
1 1 1 1 1 1 1 1 1 
1 1 1 1 1 1 1 1 1 
1 1 1 1 1 1 1 1 1 
1 1 1 1 1 1 1 1 1 
1 1 1 1 1 1 1 1 1 
1 1 1 1 1 1 1 1 1 
1 1 1 1 1 1 1 1 1 
1 1 1 1 1 1 1 1 1 
1 1 1 1 1 1 1 1 1 
1 1 1 1 1 1 1 1 1 
1 1 1 1 1 1 1 1 1 
1 1 1 1 1 1 1 1 1 
1 1 1 1 1 1 1 1 1 
1 1 1 1 1 1 1 1 1 
1 1 1 1 1 1 1 1 1 
1 1 1 1 1 1 1 1 1 
1 1 1 1 1 1 1 1 1 
1 1 1 1 1 1 1 1 1 
1 1 1 1 1 1 1 1 1 
1 1 1 1 1 1 1 1 1 
1 1 1 1 1 1 1 1 1 
1 1 1 1 1 1 1 1 1 
1 1 1 1 1 1 1 1 1 
1 1 1 1 1 1 1 1 1 
1 1 1 1 1 1 1 1 1 
1 1 1 1 1 1 1 1 1 
1 1 1 1 1 1 1 1 1 
1 1 1 1 1 1 1 1 1 
1 1 1 1 1 1 1 1 1 
1 1 1 1 1 1 1 1 1 
1 1 1 1 1 1 1 1 1 
1 1 1 1 1 1 1 1 1 
1 1 1 1 1 1 1 1 1 
1 1 1 1 1 1 1 1 1 
1 1 1 1 1 1 1 1 1 
1 1 1 1 1 1 1 1 1 
1 1 1 1 1 1 1 1 1 
1 1 1 1 1 1 1 1 1 
1 1 1 1 1 1 1 1 1 
1 1 1 1 1 1 1 1 1 
1 1 1 1 1 1 1 1 1 
1 1 1 1 1 1 1 1 1 
1 1 1 1 1 1 1 1 1 
1 1 1 1 1 1 1 1 1 
1 1 1 1 1 1 1 1 1 
1 1 1 1 1 1 1 1 1 
1 1 1 1 1 1 1 1 1 
1 1 1 1 1 1 1 1 1 
1 1 1 1 1 1 1 1 1 
1 1 1 1 1 1 1 1 1 
1 1 1 1 1 1 1 1 1 
1 1 1 1 1 1 1 1 1 
1 1 1 1 1 1 1 1 1 
1 1 1 1 1 1 1 1 1 
1 1 1 1 1 1 1 1 1 
1 1 1 1 1 1 1 1 1 
1 1 1 1 1 1 1 1 1 
1 1 1 1 1 1 1 1 1 
1 1 1 1 1 1 1 1 1 
1 1 1 1 1 1 1 1 1 
1 1 1 1 1 1 1 1 1 
1 1 1 1 1 1 1 1 1 
1 1 1 1 1 1 1 1 1 
1 1 1 1 1 1 1 1 1 
1 1 1 1 1 1 1 1 1 
1 1 1 1 1 1 1 1 1 
1 1 1 1 1 1 1 1 1 
1 1 1 1 1 1 1 1 1 
1 1 1 1 1 1 1 1 1 
1 1 1 1 1 1 1 1 1 
1 1 1 1 1 1 1 1 1 
1 1 1 1 1 1 1 1 1 
1 1 1 1 1 1 1 1 1 
1 1 1 1 1 1 1 1 1 
1 1 1 1 1 1 1 1 1 
1 1 1 1 1 1 1 1 1 
1 1 1 1 1 1 1 1 1 
1 1 1 1 1 1 1 1 1 
1 1 1 1 1 1 1 1 1 
1 1 1 1 1 1 1 1 1 
1 1 1 1 1 1 1 1 1 
1 1 1 1 1 1 1 1 1 
1 1 1 1 1 1 1 1 1 
1 1 1 1 1 1 1 1 1 
1 1 1 1 1 1 1 1 1 
1 1 1 1 1 1 1 1 1 
1 1 1 1 1 1 1 1 1 
1 1 1 1 1 1 1 1 1 
1 1 1 1 1 1 1 1 1 
1 1 1 1 1 1 1 1 1 
1 1 1 1 1 1 1 1 1 
1 1 1 1 1 1 1 1 1 
1 1 1 1 1 1 1 1 1 
1 1 1 1 1 1 1 1 1 
1 1 1 1 1 1 1 1 1 
1 1 1 1 1 1 1 1 1 
1 1 1 1 1 1 1 1 1 
1 1 1 1 1 1 1 1 1 
1 1 1 1 1 1 1 1 1 
1 1 1 1 1 1 1 1 1 
1 1 1 1 1 1 1 1 1 
1 1 1 1 1 1 1 1 1 
1 1 1 1 1 1 1 1 1 
1 1 1 1 1 1 1 1 1 
1 1 1 1 1 1 1 1 1 
1 1 1 1 1 1 1 1 1 
1 1 1 1 1 1 1 1 1 
1 1 1 1 1 1 1 1 1 
1 1 1 1 1 1 1 1 1 
1 1 1 1 1 1 1 1 1 
1 1 1 1 1 1 1 1 1 
1 1 1 1 1 1 1 1 1 
1 1 1 1 1 1 1 1 1 
1 1 1 1 1 1 1 1 1 
1 1 1 1 1 1 1 1 1 
1 1 1 1 1 1 1 1 1 
1 1 1 1 1 1 1 1 1 
1 1 1 1 1 1 1 1 1 
1 1 1 1 1 1 1 1 1 
1 1 1 1 1 1 1 1 1 
1 1 1 1 1 1 1 1 1 
1 1 1 1 1 1 1 1 1 
1 1 1 1 1 1 1 1 1 
1 1 1 1 1 1 1 1 1 
1 1 1 1 1 1 1 1 1 
1 1 1 1 1 1 1 1 1 
1 1 1 1 1 1 1 1 1 
1 1 1 1 1 1 1 1 1 
1 1 1 1 1 1 1 1 1 
1 1 1 1 1 1 1 1 1 
1 1 1 1 1 1 1 1 1 
1 1 1 1 1 1 1 1 1 
1 1 1 1 1 1 1 1 1 
1 1 1 1 1 1 1 1 1 
1 1 1 1 1 1 1 1 1 
1 1 1 1 1 1 1 1 1 
1 1 1 1 1 1 1 1 1 
1 1 1 1 1 1 1 1 1 
1 1 1 1 1 1 1 1 1 
1 1 1 1 1 1 1 1 1 
1 1 1 1 1 1 1 1 1 
1 1 1 1 1 1 1 1 1 
1 1 1 1 1 1 1 1 1 
1 1 1 1 1 1 1 1 1 
1 1 1 1 1 1 1 1 1 
1 1 1 1 1 1 1 1 1 
1 1 1 1 1 1 1 1 1 
1 1 1 1 1 1 1 1 1 
1 1 1 1 1 1 1 1 1 
1 1 1 1 1 1 1 1 1 
1 1 1 1 1 1 1 1 1 
1 1 1 1 1 1 1 1 1 
1 1 1 1 1 1 1 1 1 
1 1 1 1 1 1 1 1 1 
1 1 1 1 1 1 1 1 1 
1 1 1 1 1 1 1 1 1 
1 1 1 1 1 1 1 1 1 
1 1 1 1 1 1 1 1 1 
1 1 1 1 1 1 1 1 1 
1 1 1 1 1 1 1 1 1 
1 1 1 1 1 1 1 1 1 
1 1 1 1 1 1 1 1 1 
1 1 1 1 1 1 1 1 1 
1 1 1 1 1 1 1 1 1 
1 1 1 1 1 1 1 1 1 
1 1 1 1 1 1 1 1 1 
1 1 1 1 1 1 1 1 1 
1 1 1 1 1 1 1 1 1 
1 1 1 1 1 1 1 1 1 
1 1 1 1 1 1 1 1 1 
1 1 1 1 1 1 1 1 1 
1 1 1 1 1 1 1 1 1 
1 1 1 1 1 1 1 1 1 
1 1 1 1 1 1 1 1 1 
1 1 1 1 1 1 1 1 1 
1 1 1 1 1 1 1 1 1 
1 1 1 1 1 1 1 1 1 
1 1 1 1 1 1 1 1 1 
1 1 1 1 1 1 1 1 1 
1 1 1 1 1 1 1 1 1 
1 1 1 1 1 1 1 1 1 
1 1 1 1 1 1 1 1 1 
1 1 1 1 1 1 1 1 1 
1 1 1 1 1 1 1 1 1 
1 1 1 1 1 1 1 1 1 
1 1 1 1 1 1 1 1 1 
1 1 1 1 1 1 1 1 1 
1 1 1 1 1 1 1 1 1 
1 1 1 1 1 1 1 1 1 
1 1 1 1 1 1 1 1 1 
1 1 1 1 1 1 1 1 1 
1 1 1 1 1 1 1 1 1 
1 1 1 1 1 1 1 1 1 
1 1 1 1 1 1 1 1 1 
1 1 1 1 1 1 1 1 1 
1 1 1 1 1 1 1 1 1 
1 1 1 1 1 1 1 1 1 
1 1 1 1 1 1 1 1 1 
1 1 1 1 1 1 1 1 1 
1 1 1 1 1 1 1 1 1 
1 1 1 1 1 1 1 1 1 
1 1 1 1 1 1 1 1 1 
1 1 1 1 1 1 1 1 1 
1 1 1 1 1 1 1 1 1 
1 1 1 1 1 1 1 1 1 
1 1 1 1 1 1 1 1 1 
1 1 1 1 1 1 1 1 1 
1 1 1 1 1 1 1 1 1 
1 1 1 1 1 1 1 1 1 
1 1 1 1 1 1 1 1 1 
1 1 1 1 1 1 1 1 1 
1 1 1 1 1 1 1 1 1 
1 1 1 1 1 1 1 1 1 
1 1 1 1 1 1 1 1 1 
1 1 1 1 1 1 1 1 1 
1 1 1 1 1 1 1 1 1 
1 1 1 1 1 1 1 1 1 
1 1 1 1 1 1 1 1 1 
1 1 1 1 1 1 1 1 1 
1 1 1 1 1 1 1 1 1 
1 1 1 1 1 1 1 1 1 
1 1 1 1 1 1 1 1 1 
1 1 1 1 1 1 1 1 1 
1 1 1 1 1 1 1 1 1 
1 1 1 1 1 1 1 1 1 
1 1 1 1 1 1 1 1 1 
1 1 1 1 1 1 1 1 1 
1 1 1 1 1 1 1 1 1 
1 1 1 1 1 1 1 1 1 
1 1 1 1 1 1 1 1 1 
1 1 1 1 1 1 1 1 1 
1 1 1 1 1 1 1 1 1 
1 1 1 1 1 1 1 1 1 
1 1 1 1 1 1 1 1 1 
1 1 1 1 1 1 1 1 1 
1 1 1 1 1 1 1 1 1 
1 1 1 1 1 1 1 1 1 
1 1 1 1 1 1 1 1 1 
1 1 1 1 1 1 1 1 1 
1 1 1 1 1 1 1 1 1 
1 1 1 1 1 1 1 1 1 
1 1 1 1 1 1 1 1 1 
1 1 1 1 1 1 1 1 1 
1 1 1 1 1 1 1 1 1 
1 1 1 1 1 1 1 1 1 
1 1 1 1 1 1 1 1 1 
1 1 1 1 1 1 1 1 1 
1 1 1 1 1 1 1 1 1 
1 1 1 1 1 1 1 1 1 
1 1 1 1 1 1 1 1 1 
1 1 1 1 1 1 1 1 1 
1 1 1 1 1 1 1 1 1 
1 1 1 1 1 1 1 1 1 
1 1 1 1 1 1 1 1 1 
1 1 1 1 1 1 1 1 1 
1 1 1 1 1 1 1 1 1 
1 1 1 1 1 1 1 1 1 
1 1 1 1 1 1 1 1 1 
1 1 1 1 1 1 1 1 1 
1 1 1 1 1 1 1 1 1 
1 1 1 1 1 1 1 1 1 
1 1 1 1 1 1 1 1 1 
1 1 1 1 1 1 1 1 1 
1 1 1 1 1 1 1 1 1 
1 1 1 1 1 1 1 1 1 
1 1 1 1 1 1 1 1 1 
1 1 1 1 1 1 1 1 1 
1 1 1 1 1 1 1 1 1 
1 1 1 1 1 1 1 1 1 
1 1 1 1 1 1 1 1 1 
1 1 1 1 1 1 1 1 1 
1 1 1 1 1 1 1 1 1 
1 1 1 1 1 1 1 1 1 
1 1 1 1 1 1 1 1 1 
1 1 1 1 1 1 1 1 1 
1 1 1 1 1 1 1 1 1 
1 1 1 1 1 1 1 1 1 
1 1 1 1 1 1 1 1 1 
1 1 1 1 1 1 1 1 1 
1 1 1 1 1 1 1 1 1 
1 1 1 1 1 1 1 1 1 
1 1 1 1 1 1 1 1 1 
1 1 1 1 1 1 1 1 1 
1 1 1 1 1 1 1 1 1 
1 1 1 1 1 1 1 1 1 
1 1 1 1 1 1 1 1 1 
1 1 1 1 1 1 1 1 1 
1 1 1 1 1 1 1 1 1 
1 1 1 1 1 1 1 1 1 
1 1 1 1 1 1 1 1 1 
1 1 1 1 1 1 1 1 1 
1 1 1 1 1 1 1 1 1 
1 1 1 1 1 1 1 1 1 
1 1 1 1 1 1 1 1 1 
1 1 1 1 1 1 1 1 1 
1 1 1 1 1 1 1 1 1 
1 1 1 1 1 1 1 1 1 
1 1 1 1 1 1 1 1 1 
1 1 1 1 1 1 1 1 1 
1 1 1 1 1 1 1 1 1 
1 1 1 1 1 1 1 1 1 
1 1 1 1 1 1 1 1 1 
1 1 1 1 1 1 1 1 1 
1 1 1 1 1 1 1 1 1 
1 1 1 1 1 1 1 1 1 
1 1 1 1 1 1 1 1 1 
1 1 1 1 1 1 1 1 1 
1 1 1 1 1 1 1 1 1 
1 1 1 1 1 1 1 1 1 
1 1 1 1 1 1 1 1 1 
1 1 1 1 1 1 1 1 1 
1 1 1 1 1 1 1 1 1 
1 1 1 1 1 1 1 1 1 
1 1 1 1 1 1 1 1 1 
1 1 1 1 1 1 1 1 1 
1 1 1 1 1 1 1 1 1 
1 1 1 1 1 1 1 1 1 
1 1 1 1 1 1 1 1 1 
1 1 1 1 1 1 1 1 1 
1 1 1 1 1 1 1 1 1 
1 1 1 1 1 1 1 1 1 
1 1 1 1 1 1 1 1 1 
1 1 1 1 1 1 1 1 1 
1 1 1 1 1 1 1 1 1 
1 1 1 1 1 1 1 1 1 
1 1 1 1 1 1 1 1 1 
1 1 1 1 1 1 1 1 1 
1 1 1 1 1 1 1 1 1 
1 1 1 1 1 1 1 1 1 
1 1 1 1 1 1 1 1 1 
1 1 1 1 1 1 1 1 1 
1 1 1 1 1 1 1 1 1 
1 1 1 1 1 1 1 1 1 
1 1 1 1 1 1 1 1 1 
1 1 1 1 1 1 1 1 1 
1 1 1 1 1 1 1 1 1 
1 1 1 1 1 1 1 1 1 
1 1 1 1 1 1 1 1 1 
1 1 1 1 1 1 1 1 1 
1 1 1 1 1 1 1 1 1 
1 1 1 1 1 1 1 1 1 
1 1 1 1 1 1 1 1 1 
1 1 1 1 1 1 1 1 1 
1 1 1 1 1 1 1 1 1 
1 1 1 1 1 1 1 1 1 
1 1 1 1 1 1 1 1 1 
1 1 1 1 1 1 1 1 1 
1 1 1 1 1 1 1 1 1 
1 1 1 1 1 1 1 1 1 
1 1 1 1 1 1 1 1 1 
1 1 1 1 1 1 1 1 1 
1 1 1 1 1 1 1 1 1 
1 1 1 1 1 1 1 1 1 
1 1 1 1 1 1 1 1 1 
1 1 1 1 1 1 1 1 1 
1 1 1 1 1 1 1 1 1 
1 1 1 1 1 1 1 1 1 
1 1 1 1 1 1 1 1 1 
1 1 1 1 1 1 1 1 1 
1 1 1 1 1 1 1 1 1 
1 1 1 1 1 1 1 1 1 
1 1 1 1 1 1 1 1 1 
1 1 1 1 1 1 1 1 1 
1 1 1 1 1 1 1 1 1 
1 1 1 1 1 1 1 1 1 
1 1 1 1 1 1 1 1 1 
1 1 1 1 1 1 1 1 1 
1 1 1 1 1 1 1 1 1 
1 1 1 1 1 1 1 1 1 
1 1 1 1 1 1 1 1 1 
1 1 1 1 1 1 1 1 1 
1 1 1 1 1 1 1 1 1 
1 1 1 1 1 1 1 1 1 
1 1 1 1 1 1 1 1 1 
1 1 1 1 1 1 1 1 1 
1 1 1 1 1 1 1 1 1 
1 1 1 1 1 1 1 1 1 
1 1 1 1 1 1 1 1 1 
1 1 1 1 1 1 1 1 1 
1 1 1 1 1 1 1 1 1 
1 1 1 1 1 1 1 1 1 
1 1 1 1 1 1 1 1 1 
1 1 1 1 1 1 1 1 1 
1 1 1 1 1 1 1 1 1 
1 1 1 1 1 1 1 1 1 
1 1 1 1 1 1 1 1 1 
1 1 1 1 1 1 1 1 1 
1 1 1 1 1 1 1 1 1 
1 1 1 1 1 1 1 1 1 
1 1 1 1 1 1 1 1 1 
1 1 1 1 1 1 1 1 1 
1 1 1 1 1 1 1 1 1 
1 1 1 1 1 1 1 1 1 
1 1 1 1 1 1 1 1 1 
1 1 1 1 1 1 1 1 1 
1 1 1 1 1 1 1 1 1 
1 1 1 1 1 1 1 1 1 
1 1 1 1 1 1 1 1 1 
1 1 1 1 1 1 1 1 1 
1 1 1 1 1 1 1 1 1 
1 1 1 1 1 1 1 1 1 
1 1 1 1 1 1 1 1 1 
1 1 1 1 1 1 1 1 1 
1 1 1 1 1 1 1 1 1 
1 1 1 1 1 1 1 1 1 
1 1 1 1 1 1 1 1 1 
1 1 1 1 1 1 1 1 1 
1 1 1 1 1 1 1 1 1 
1 1 1 1 1 1 1 1 1 
1 1 1 1 1 1 1 1 1 
1 1 1 1 1 1 1 1 1 
1 1 1 1 1 1 1 1 1 
1 1 1 1 1 1 1 1 1 
1 1 1 1 1 1 1 1 1 
1 1 1 1 1 1 1 1 1 
1 1 1 1 1 1 1 1 1 
1 1 1 1 1 1 1 1 1 
1 1 1 1 1 1 1 1 1 
1 1 1 1 1 1 1 1 1 
1 1 1 1 1 1 1 1 1 
1 1 1 1 1 1 1 1 1 
1 1 1 1 1 1 1 1 1 
1 1 1 1 1 1 1 1 1 
1 1 1 1 1 1 1 1 1 
1 1 1 1 1 1 1 1 1 
1 1 1 1 1 1 1 1 1 
1 1 1 1 1 1 1 1 1 
1 1 1 1 1 1 1 1 1 
1 1 1 1 1 1 1 1 1 
1 1 1 1 1 1 1 1 1 
1 1 1 1 1 1 1 1 1 
1 1 1 1 1 1 1 1 1 
1 1 1 1 1 1 1 1 1 
1 1 1 1 1 1 1 1 1 
1 1 1 1 1 1 1 1 1 
1 1 1 1 1 1 1 1 1 
1 1 1 1 1 1 1 1 1 
1 1 1 1 1 1 1 1 1 
1 1 1 1 1 1 1 1 1 
1 1 1 1 1 1 1 1 1 
1 1 1 1 1 1 1 1 1 
1 1 1 1 1 1 1 1 1 
1 1 1 1 1 1 1 1 1 
1 1 1 1 1 1 1 1 1 
1 1 1 1 1 1 1 1 1 
1 1 1 1 1 1 1 1 1 
1 1 1 1 1 1 1 1 1 
1 1 1 1 1 1 1 1 1 
1 1 1 1 1 1 1 1 1 
1 1 1 1 1 1 1 1 1 
1 1 1 1 1 1 1 1 1 
1 1 1 1 1 1 1 1 1 
1 1 1 1 1 1 1 1 1 
1 1 1 1 1 1 1 1 1 
1 1 1 1 1 1 1 1 1 
1 1 1 1 1 1 1 1 1 
1 1 1 1 1 1 1 1 1 
1 1 1 1 1 1 1 1 1 
1 1 1 1 1 1 1 1 1 
1 1 1 1 1 1 1 1 1 
1 1 1 1 1 1 1 1 1 
1 1 1 1 1 1 1 1 1 
1 1 1 1 1 1 1 1 1 
1 1 1 1 1 1 1 1 1 
1 1 1 1 1 1 1 1 1 
1 1 1 1 1 1 1 1 1 
1 1 1 1 1 1 1 1 1 
1 1 1 1 1 1 1 1 1 
1 1 1 1 1 1 1 1 1 
1 1 1 1 1 1 1 1 1 
1 1 1 1 1 1 1 1 1 
1 1 1 1 1 1 1 1 1 
1 1 1 1 1 1 1 1 1 
1 1 1 1 1 1 1 1 1 
1 1 1 1 1 1 1 1 1 
1 1 1 1 1 1 1 1 1 
1 1 1 1 1 1 1 1 1 
1 1 1 1 1 1 1 1 1 
1 1 1 1 1 1 1 1 1 
1 1 1 1 1 1 1 1 1 
1 1 1 1 1 1 1 1 1 
1 1 1 1 1 1 1 1 1 
1 1 1 1 1 1 1 1 1 
1 1 1 1 1 1 1 1 1 
1 1 1 1 1 1 1 1 1 
1 1 1 1 1 1 1 1 1 
1 1 1 1 1 1 1 1 1 
1 1 1 1 1 1 1 1 1 
1 1 1 1 1 1 1 1 1 
1 1 1 1 1 1 1 1 1 
1 1 1 1 1 1 1 1 1 
1 1 1 1 1 1 1 1 1 
1 1 1 1 1 1 1 1 1 
1 1 1 1 1 1 1 1 1 
1 1 1 1 1 1 1 1 1 
1 1 1 1 1 1 1 1 1 
1 1 1 1 1 1 1 1 1 
1 1 1 1 1 1 1 1 1 
1 1 1 1 1 1 1 1 1 
1 1 1 1 1 1 1 1 1 
1 1 1 1 1 1 1 1 1 
1 1 1 1 1 1 1 1 1 
1 1 1 1 1 1 1 1 1 
1 1 1 1 1 1 1 1 1 
1 1 1 1 1 1 1 1 1 
1 1 1 1 1 1 1 1 1 
1 1 1 1 1 1 1 1 1 
1 1 1 1 1 1 1 1 1 
1 1 1 1 1 1 1 1 1 
1 1 1 1 1 1 1 1 1 
1 1 1 1 1 1 1 1 1 
1 1 1 1 1 1 1 1 1 
1 1 1 1 1 1 1 1 1 
1 1 1 1 1 1 1 1 1 
1 1 1 1 1 1 1 1 1 
1 1 1 1 1 1 1 1 1 
1 1 1 1 1 1 1 1 1 
1 1 1 1 1 1 1 1 1 
1 1 1 1 1 1 1 1 1 
1 1 1 1 1 1 1 1 1 
1 1 1 1 1 1 1 1 1 
1 1 1 1 1 1 1 1 1 
1 1 1 1 1 1 1 1 1 
1 1 1 1 1 1 1 1 1 
1 1 1 1 1 1 1 1 1 
1 1 1 1 1 1 1 1 1 
1 1 1 1 1 1 1 1 1 
1 1 1 1 1 1 1 1 1 
1 1 1 1 1 1 1 1 1 
1 1 1 1 1 1 1 1 1 
1 1 1 1 1 1 1 1 1 
1 1 1 1 1 1 1 1 1 
1 1 1 1 1 1 1 1 1 
1 1 1 1 1 1 1 1 1 
1 1 1 1 1 1 1 1 1 
1 1 1 1 1 1 1 1 1 
1 1 1 1 1 1 1 1 1 
1 1 1 1 1 1 1 1 1 
1 1 1 1 1 1 1 1 1 
1 1 1 1 1 1 1 1 1 
1 1 1 1 1 1 1 1 1 
1 1 1 1 1 1 1 1 1 
1 1 1 1 1 1 1 1 1 
1 1 1 1 1 1 1 1 1 
1 1 1 1 1 1 1 1 1 
1 1 1 1 1 1 1 1 1 
1 1 1 1 1 1 1 1 1 
1 1 1 1 1 1 1 1 1 
1 1 1 1 1 1 1 1 1 
1 1 1 1 1 1 1 1 1 
1 1 1 1 1 1 1 1 1 
1 1 1 1 1 1 1 1 1 
1 1 1 1 1 1 1 1 1 
1 1 1 1 1 1 1 1 1 
1 1 1 1 1 1 1 1 1 
1 1 1 1 1 1 1 1 1 
1 1 1 1 1 1 1 1 1 
1 1 1 1 1 1 1 1 1 
1 1 1 1 1 1 1 1 1 
1 1 1 1 1 1 1 1 1 
1 1 1 1 1 1 1 1 1 
1 1 1 1 1 1 1 1 1 
1 1 1 1 1 1 1 1 1 
1 1 1 1 1 1 1 1 1 
1 1 1 1 1 1 1 1 1 
1 1 1 1 1 1 1 1 1 
1 1 1 1 1 1 1 1 1 
1 1 1 1 1 1 1 1 1 
1 1 1 1 1 1 1 1 1 
1 1 1 1 1 1 1 1 1 
1 1 1 1 1 1 1 1 1 
1 1 1 1 1 1 1 1 1 
1 1 1 1 1 1 1 1 1 
1 1 1 1 1 1 1 1 1 
1 1 1 1 1 1 1 1 1 
1 1 1 1 1 1 1 1 1 
1 1 1 1 1 1 1 1 1 
1 1 1 1 1 1 1 1 1 
1 1 1 1 1 1 1 1 1 
1 1 1 1 1 1 1 1 1 
1 1 1 1 1 1 1 1 1 
1 1 1 1 1 1 1 1 1 
1 1 1 1 1 1 1 1 1 
1 1 1 1 1 1 1 1 1 
1 1 1 1 1 1 1 1 1 
1 1 1 1 1 1 1 1 1 
1 1 1 1 1 1 1 1 1 
1 1 1 1 1 1 1 1 1 
1 1 1 1 1 1 1 1 1 
1 1 1 1 1 1 1 1 1 
1 1 1 1 1 1 1 1 1 
1 1 1 1 1 1 1 1 1 
1 1 1 1 1 1 1 1 1 
1 1 1 1 1 1 1 1 1 
1 1 1 1 1 1 1 1 1 
1 1 1 1 1 1 1 1 1 
1 1 1 1 1 1 1 1 1 
1 1 1 1 1 1 1 1 1 
1 1 1 1 1 1 1 1 1 
1 1 1 1 1 1 1 1 1 
1 1 1 1 1 1 1 1 1 
1 1 1 1 1 1 1 1 1 
1 
