# vtk DataFile Version 5.1
vtk output
ASCII
DATASET POLYDATA
POINTS 3522 float
0.379457 -0.0125377 0.683859 0.38036 -0.00694263 0.663554 0.363954 -0.0180888 0.670697 
0.393561 -0.0215671 0.671054 0.287432 -0.0278731 0.697432 0.288334 -0.0222781 0.677127 
0.271928 -0.0334242 0.68427 0.301535 -0.0369026 0.684627 0.377155 -0.0327132 0.678197 
0.285129 -0.0480487 0.69177 0.354859 0.0279014 0.628249 0.355761 0.0334965 0.607944 
0.339355 0.0223503 0.615087 0.384466 0.024423 0.628606 0.385368 0.0300181 0.608301 
0.398569 0.0153936 0.615801 0.322047 0.00560917 0.642536 0.322949 0.0112042 0.622231 
0.306544 5.80978e-05 0.629374 0.351654 0.00213079 0.642892 0.381262 -0.0013476 0.643249 
0.411771 0.000769051 0.623301 0.410869 -0.00482599 0.643606 0.424973 -0.0138554 0.630801 
0.200414 -0.00624792 0.655751 0.201316 -0.000652865 0.635446 0.18491 -0.011799 0.642589 
0.230021 -0.0097263 0.656108 0.230923 -0.00413125 0.635803 0.259628 -0.0132047 0.656465 
0.260531 -0.00760964 0.63616 0.289236 -0.0166831 0.656822 0.290138 -0.011088 0.636517 
0.318843 -0.0201615 0.657179 0.34845 -0.0236398 0.657536 0.407665 -0.0305966 0.658249 
0.421768 -0.0396261 0.645445 0.108388 -0.0215834 0.669324 0.10929 -0.0159883 0.649019 
0.0928844 -0.0271344 0.656162 0.137995 -0.0250618 0.66968 0.138897 -0.0194667 0.649376 
0.167602 -0.0285401 0.670037 0.168505 -0.0229451 0.649733 0.19721 -0.0320185 0.670394 
0.226817 -0.0354969 0.670751 0.256424 -0.0389753 0.671108 0.315639 -0.0459321 0.671822 
0.345246 -0.0494104 0.672179 0.374853 -0.0528888 0.672536 0.388957 -0.0619183 0.659731 
0.405363 -0.0507722 0.652588 0.0755765 -0.0438756 0.68361 0.0764786 -0.0382806 0.663305 
0.0600729 -0.0494267 0.670448 0.105184 -0.047354 0.683967 0.134791 -0.0508324 0.684324 
0.164398 -0.0543108 0.684681 0.178502 -0.0633402 0.671876 0.194908 -0.0521941 0.664733 
0.224515 -0.0556725 0.66509 0.254122 -0.0591509 0.665447 0.283729 -0.0626293 0.665803 
0.313337 -0.0661076 0.66616 0.342944 -0.069586 0.666517 0.372551 -0.0730644 0.666874 
0.0732745 -0.0640512 0.677948 0.102882 -0.0675296 0.678305 0.132489 -0.071008 0.678662 
0.162096 -0.0744863 0.679019 0.359867 0.0648621 0.572996 0.360769 0.0704571 0.552691 
0.344363 0.059311 0.559834 0.389474 0.0613837 0.573353 0.390376 0.0669787 0.553048 
0.403578 0.0523542 0.560548 0.267841 0.0495266 0.586569 0.268743 0.0551216 0.566264 
0.252337 0.0439755 0.573407 0.297448 0.0460482 0.586925 0.29835 0.0516433 0.566621 
0.327056 0.0425698 0.587282 0.327958 0.0481649 0.566977 0.356663 0.0390915 0.587639 
0.38627 0.0356131 0.587996 0.400374 0.0265836 0.575191 0.146208 0.0376695 0.599784 
0.14711 0.0432646 0.579479 0.130704 0.0321185 0.586622 0.175815 0.0341912 0.600141 
0.176717 0.0397862 0.579836 0.205422 0.0307128 0.600498 0.206324 0.0363078 0.580193 
0.23503 0.0272344 0.600855 0.235932 0.0328294 0.58055 0.264637 0.023756 0.601212 
0.294244 0.0202776 0.601569 0.323851 0.0167992 0.601926 0.412673 0.00636408 0.602996 
0.413575 0.0119591 0.582691 0.426777 -0.00266539 0.590192 0.0837891 0.0188557 0.613714 
0.0846912 0.0244507 0.593409 0.0682855 0.0133046 0.600552 0.113396 0.0153773 0.614071 
0.114298 0.0209723 0.593766 0.143004 0.0118989 0.614427 0.172611 0.00842055 0.614784 
0.202218 0.00494217 0.615141 0.231825 0.00146378 0.615498 0.261433 -0.00201461 0.615855 
0.29104 -0.00549299 0.616212 0.423573 -0.028436 0.604835 0.0213704 4.1848e-05 0.627643 
0.0222725 0.00563688 0.607338 0.00586677 -0.00550924 0.614481 0.0509776 -0.00343654 0.628 
0.0518797 0.0021585 0.607695 0.0805849 -0.00691492 0.628357 0.110192 -0.0103933 0.628714 
0.139799 -0.0138717 0.629071 0.169407 -0.0173501 0.629428 0.420368 -0.0542066 0.619478 
-0.0410483 -0.018772 0.641572 -0.0401462 -0.013177 0.621267 -0.0565519 -0.0243231 0.628411 
-0.011441 -0.0222504 0.641929 -0.0105389 -0.0166553 0.621624 0.0181662 -0.0257288 0.642286 
0.0477735 -0.0292071 0.642643 0.0773807 -0.0326855 0.643 0.387557 -0.0764989 0.633764 
0.403963 -0.0653527 0.626621 -0.103467 -0.0375858 0.655502 -0.102565 -0.0319908 0.635197 
-0.118971 -0.0431369 0.64234 -0.0738597 -0.0410642 0.655859 -0.0729576 -0.0354692 0.635554 
-0.0442525 -0.0445426 0.656216 -0.0146452 -0.048021 0.656573 0.014962 -0.0514994 0.65693 
0.0445693 -0.0549778 0.657287 0.192606 -0.0723697 0.659071 0.222213 -0.0758481 0.659428 
0.236317 -0.0848776 0.646623 0.252722 -0.0737314 0.63948 0.28233 -0.0772098 0.639837 
0.311937 -0.0806882 0.640194 0.341544 -0.0841666 0.640551 0.371151 -0.087645 0.640908 
-0.136278 -0.0598781 0.669788 -0.135376 -0.0542831 0.649483 -0.151782 -0.0654291 0.656627 
-0.106671 -0.0633564 0.670145 -0.0770639 -0.0668348 0.670502 -0.0474566 -0.0703132 0.670859 
-0.0178494 -0.0737916 0.671216 0.0117579 -0.07727 0.671573 0.0258615 -0.0862995 0.658768 
0.0422672 -0.0751534 0.651625 0.0718745 -0.0786318 0.651982 0.101482 -0.0821101 0.652339 
0.131089 -0.0855885 0.652696 0.160696 -0.0890669 0.653053 0.190304 -0.0925453 0.653409 
0.219911 -0.0960237 0.653766 -0.13858 -0.0800536 0.664127 -0.108973 -0.083532 0.664483 
-0.079366 -0.0870104 0.664841 -0.0497587 -0.0904888 0.665197 -0.0201514 -0.0939672 0.665554 
0.00945583 -0.0974456 0.665911 0.364875 0.101823 0.517743 0.365777 0.107418 0.497438 
0.349372 0.0962717 0.504581 0.394483 0.0983444 0.5181 0.395385 0.103939 0.497795 
0.408586 0.0893149 0.505295 0.332064 0.0795305 0.532029 0.332966 0.0851256 0.511724 
0.31656 0.0739794 0.518867 0.361671 0.0760521 0.532386 0.391278 0.0725738 0.532743 
0.405382 0.0635443 0.519938 0.240038 0.0641951 0.545602 0.24094 0.0697901 0.525297 
0.224534 0.058644 0.53244 0.269645 0.0607167 0.545959 0.270547 0.0663117 0.525654 
0.299252 0.0572383 0.546316 0.300155 0.0628333 0.526011 0.32886 0.0537599 0.546673 
0.402178 0.0377737 0.534581 0.118405 0.052338 0.558817 0.119307 0.057933 0.538512 
0.102901 0.0467869 0.545656 0.148012 0.0488596 0.559174 0.148914 0.0544546 0.538869 
0.177619 0.0453812 0.559531 0.178521 0.0509762 0.539226 0.207226 0.0419028 0.559888 
0.208129 0.0474978 0.539583 0.236834 0.0384244 0.560245 0.415379 0.0231492 0.542082 
0.414477 0.0175541 0.562387 0.428581 0.00852465 0.549582 0.055986 0.0335241 0.572747 
0.0568881 0.0391192 0.552442 0.0404824 0.027973 0.559585 0.0855933 0.0300458 0.573104 
0.0864954 0.0356408 0.552799 0.115201 0.0265674 0.573461 0.425377 -0.017246 0.564225 
-0.0656472 0.0216671 0.585962 -0.0647451 0.0272621 0.565657 -0.0811508 0.016116 0.572801 
-0.0360399 0.0181887 0.586319 -0.0351378 0.0237837 0.566014 -0.00643268 0.0147103 0.586676 
-0.00553058 0.0203053 0.566371 0.0231746 0.0112319 0.587033 0.0240767 0.0168269 0.566728 
0.0527818 0.00775353 0.58739 0.422173 -0.0430166 0.578868 -0.157673 0.0063316 0.599535 
-0.156771 0.0119266 0.57923 -0.173177 0.000780509 0.586373 -0.128066 0.00285321 0.599892 
-0.127164 0.00844824 0.579587 -0.0984586 -0.000625172 0.600249 -0.0975565 0.00496986 0.579944 
-0.0688514 -0.00410356 0.600606 -0.0392441 -0.00758194 0.600963 -0.00963685 -0.0110603 0.60132 
0.418968 -0.0687872 0.593511 -0.220092 -0.0124822 0.613464 -0.21919 -0.00688721 0.593159 
-0.235595 -0.0180333 0.600303 -0.190485 -0.0159606 0.613821 -0.189582 -0.0103656 0.593516 
-0.160877 -0.019439 0.614178 -0.13127 -0.0229174 0.614535 -0.101663 -0.0263958 0.614892 
-0.0720555 -0.0298742 0.615249 0.386157 -0.0910794 0.607798 0.402563 -0.0799333 0.600655 
-0.222394 -0.0326578 0.607803 -0.192787 -0.0361362 0.60816 -0.179585 -0.0507607 0.61566 
-0.164081 -0.0452096 0.628821 -0.134474 -0.048688 0.629178 0.131991 -0.0799935 0.632391 
0.116488 -0.0855446 0.619229 0.132893 -0.0743985 0.612086 0.146095 -0.089023 0.619586 
0.191206 -0.0869503 0.633105 0.175702 -0.0925013 0.619943 0.192108 -0.0813552 0.6128 
0.221715 -0.0848336 0.613156 0.220813 -0.0904286 0.633461 0.251322 -0.088312 0.613513 
0.280027 -0.0973854 0.634175 0.264524 -0.102937 0.621014 0.309635 -0.100864 0.634532 
0.323738 -0.109893 0.621727 0.340144 -0.0987472 0.614584 0.369751 -0.102226 0.614941 
-0.166384 -0.0653852 0.62316 -0.136776 -0.0688636 0.623517 -0.137678 -0.0744586 0.643822 
-0.123575 -0.0834881 0.631017 0.0244616 -0.10088 0.632801 0.0408673 -0.0897339 0.625658 
0.0704746 -0.0932123 0.626015 0.100082 -0.0966907 0.626372 0.159296 -0.103647 0.627086 
0.277725 -0.117561 0.628514 0.307333 -0.121039 0.62887 -0.110373 -0.0981126 0.638517 
-0.0807659 -0.101591 0.638874 -0.0511587 -0.105069 0.639231 -0.0215514 -0.108548 0.639588 
0.00805586 -0.112026 0.639944 0.337072 0.116491 0.476776 0.337974 0.122086 0.456471 
0.321569 0.11094 0.463614 0.351176 0.107462 0.463971 0.304261 0.0941989 0.491062 
0.305163 0.099794 0.470758 0.288757 0.0886479 0.477901 0.333868 0.0907206 0.491419 
0.364377 0.0928372 0.471471 0.393985 0.0893589 0.471828 0.407186 0.0747343 0.479328 
0.241842 0.0753851 0.504992 0.242744 0.0809802 0.484687 0.226339 0.069834 0.49183 
0.271449 0.0719067 0.505349 0.272351 0.0775018 0.485044 0.301057 0.0684283 0.505706 
0.403982 0.0489637 0.493972 0.179423 0.0565713 0.518921 0.180326 0.0621663 0.498616 
0.16392 0.0510202 0.50576 0.209031 0.0530929 0.519278 0.209933 0.0586879 0.498973 
0.400778 0.0231931 0.508615 0.0577902 0.0447142 0.532137 0.0586923 0.0503092 0.511832 
0.0422866 0.0391631 0.518975 0.0873975 0.0412358 0.532494 0.0882996 0.0468309 0.512189 
0.117907 0.0433525 0.512546 0.147514 0.0398741 0.512903 0.413077 0.00297356 0.53642 
0.397574 -0.00257751 0.523258 -0.152665 0.0432923 0.544282 -0.151763 0.0488873 0.523977 
-0.168168 0.0377412 0.53112 -0.123058 0.0398139 0.544639 -0.122155 0.0454089 0.524334 
-0.0934503 0.0363355 0.544996 -0.0925482 0.0419306 0.524691 -0.063843 0.0328571 0.545353 
-0.0629409 0.0384522 0.525048 -0.0342357 0.0293787 0.54571 -0.0333336 0.0349738 0.525405 
-0.00462848 0.0259003 0.546066 -0.00372638 0.0314954 0.525761 0.0249788 0.022422 0.546423 
0.0258809 0.028017 0.526118 0.409873 -0.022797 0.551063 0.39437 -0.0283481 0.537901 
-0.155869 0.0175217 0.558925 -0.171373 0.0119706 0.545763 -0.126262 0.0140433 0.559282 
-0.0966544 0.0105649 0.559639 0.406669 -0.0485677 0.565706 0.391165 -0.0541187 0.552545 
-0.174577 -0.0138 0.560407 0.403465 -0.0743383 0.58035 0.387961 -0.0798894 0.567188 
-0.221492 -0.0270628 0.587498 -0.207388 -0.0360923 0.574693 -0.190982 -0.0249461 0.56755 
0.370653 -0.0966305 0.594636 0.35515 -0.102182 0.581474 0.371556 -0.0910355 0.574331 
-0.194187 -0.0507168 0.582193 -0.180985 -0.0653413 0.589693 0.100984 -0.0910957 0.606067 
0.0854803 -0.0966467 0.592905 0.101886 -0.0855006 0.585762 0.131493 -0.088979 0.586119 
0.161101 -0.0924574 0.586476 0.160198 -0.0980524 0.606781 0.190708 -0.0959358 0.586833 
0.220315 -0.0994142 0.58719 0.249922 -0.102893 0.587547 0.27953 -0.106371 0.587904 
0.278627 -0.111966 0.608209 0.292731 -0.120995 0.595404 0.322338 -0.124474 0.595761 
0.338744 -0.113328 0.588618 -0.167784 -0.0799658 0.597193 -0.138176 -0.0834442 0.59755 
-0.108569 -0.0869225 0.597907 -0.109471 -0.0925176 0.618212 -0.0953674 -0.101547 0.605407 
0.00895797 -0.106431 0.61964 -0.00654564 -0.111982 0.606478 0.00986007 -0.100836 0.599335 
0.0394673 -0.104314 0.599692 0.0690746 -0.107793 0.600049 0.305933 -0.13562 0.602904 
-0.0821659 -0.116172 0.612907 -0.0525586 -0.11965 0.613264 -0.0229514 -0.123128 0.613621 
0.306065 0.105389 0.450453 0.306967 0.110984 0.430148 0.290561 0.0998379 0.437291 
0.336574 0.107506 0.430505 0.349776 0.0928812 0.438005 0.243646 0.0865752 0.464382 
0.244548 0.0921702 0.444077 0.228143 0.0810241 0.45122 0.273254 0.0830968 0.464739 
0.274156 0.0886918 0.444434 0.362977 0.0782567 0.445505 0.391683 0.0691832 0.466167 
0.376179 0.0636322 0.453005 0.210835 0.064283 0.478668 0.211737 0.069878 0.458363 
0.195331 0.0587319 0.465507 0.389381 0.0490077 0.460505 0.402582 0.0343832 0.468005 
0.0892017 0.0524259 0.491884 0.0901038 0.0580209 0.471579 0.0736981 0.0468748 0.478722 
0.118809 0.0489475 0.492241 0.119711 0.0545425 0.471936 0.148416 0.0454691 0.492598 
0.149318 0.0510641 0.472293 0.178926 0.0475857 0.47265 0.399378 0.00861254 0.482648 
-0.150861 0.0544823 0.503672 -0.149958 0.0600774 0.483367 -0.166364 0.0489312 0.49051 
-0.121253 0.051004 0.504029 -0.120351 0.056599 0.483724 -0.0916461 0.0475256 0.504386 
-0.090744 0.0531206 0.484081 -0.0620388 0.0440472 0.504743 -0.0611367 0.0496422 0.484438 
-0.0324315 0.0405688 0.5051 -0.0315294 0.0461638 0.484795 -0.00282428 0.0370904 0.505457 
-0.00192217 0.0426854 0.485152 0.026783 0.033612 0.505813 0.0276851 0.0392071 0.485509 
0.0572924 0.0357287 0.485865 0.396174 -0.0171581 0.497292 -0.169568 0.0231606 0.505153 
0.39297 -0.0429287 0.511935 -0.172773 -0.00260998 0.519797 0.389766 -0.0686993 0.526578 
-0.19008 -0.0193511 0.547245 -0.189178 -0.0137561 0.52694 -0.205584 -0.0249022 0.534083 
0.372458 -0.0854404 0.554026 0.356954 -0.0909915 0.540864 0.37336 -0.0798454 0.533721 
-0.208788 -0.0506728 0.548726 0.35375 -0.116762 0.555508 -0.195587 -0.0652973 0.556226 
-0.165979 -0.0687757 0.556583 -0.166881 -0.0743707 0.576888 -0.152778 -0.0834002 0.564084 
0.0699767 -0.102198 0.579744 0.0544731 -0.107749 0.566582 0.0708788 -0.0966028 0.559439 
0.100486 -0.100081 0.559796 0.130093 -0.10356 0.560153 0.159701 -0.107038 0.560509 
0.189308 -0.110516 0.560866 0.218915 -0.113995 0.561223 0.248522 -0.117473 0.56158 
0.27813 -0.120951 0.561937 0.307737 -0.12443 0.562294 0.306835 -0.130025 0.582599 
0.337344 -0.127908 0.562651 -0.139576 -0.0980247 0.571584 -0.109969 -0.101503 0.57194 
-0.0803617 -0.104981 0.572297 -0.0812638 -0.110576 0.592602 -0.0507544 -0.10846 0.572654 
-0.0516565 -0.114055 0.592959 -0.0211472 -0.111938 0.573011 -0.0220493 -0.117533 0.593316 
0.00846011 -0.115417 0.573368 0.0380674 -0.118895 0.573725 0.248655 0.123536 0.409129 
0.249557 0.129131 0.388824 0.233151 0.117985 0.395967 0.262758 0.114506 0.396324 
0.245451 0.0977652 0.423772 0.229947 0.0922141 0.41061 0.27596 0.0998819 0.403824 
0.275058 0.0942868 0.424129 0.304665 0.0908085 0.424486 0.289161 0.0852574 0.411324 
0.334272 0.0873301 0.424843 0.212639 0.075473 0.438059 0.213541 0.081068 0.417754 
0.197135 0.0699219 0.424897 0.302363 0.0706329 0.418824 0.33197 0.0671545 0.419181 
0.360675 0.0580811 0.439843 0.345172 0.05253 0.426681 -0.175459 0.0949214 0.448062 
-0.174557 0.100516 0.427757 -0.190963 0.0893703 0.4349 -0.145852 0.091443 0.448419 
-0.14495 0.097038 0.428114 -0.116245 0.0879646 0.448776 -0.115343 0.0935597 0.428471 
-0.0866377 0.0844862 0.449133 -0.0857356 0.0900813 0.428828 -0.072534 0.0754568 0.436328 
0.15022 0.0566592 0.451988 0.151122 0.0622542 0.431683 0.134717 0.0511081 0.438826 
0.179828 0.0531808 0.452345 0.18073 0.0587758 0.43204 0.358373 0.0379055 0.434181 
0.387079 0.0288321 0.454843 0.371575 0.023281 0.441682 -0.177762 0.0747458 0.4424 
-0.16456 0.0601213 0.4499 -0.149056 0.0656724 0.463062 -0.119449 0.062194 0.463419 
-0.0898419 0.0587156 0.463776 -0.0593325 0.0608323 0.443828 -0.0602346 0.0552372 0.464133 
-0.0306273 0.0517588 0.46449 -0.0297252 0.0573539 0.444185 -0.00102007 0.0482805 0.464847 
-0.000117972 0.0538755 0.444542 0.0285872 0.0448021 0.465204 0.0294893 0.0503971 0.444899 
0.0581945 0.0413237 0.465561 0.0590966 0.0469187 0.445256 0.0887038 0.0434403 0.445612 
0.118311 0.039962 0.445969 0.384776 0.00865648 0.449182 0.397978 -0.00596802 0.456682 
-0.167764 0.0343507 0.464544 0.394774 -0.0317386 0.471325 -0.170968 0.00858007 0.479187 
0.377466 -0.0484798 0.498773 0.361962 -0.0540309 0.485611 0.378368 -0.0428847 0.478468 
-0.188276 -0.00816106 0.506635 -0.187374 -0.00256605 0.48633 -0.20378 -0.0137122 0.493473 
0.374262 -0.0742504 0.513416 0.358758 -0.0798015 0.500255 -0.250695 -0.0269749 0.520564 
-0.249793 -0.0213799 0.50026 -0.266198 -0.032526 0.507403 -0.221088 -0.0304533 0.520921 
-0.220185 -0.0248583 0.500616 0.355554 -0.105572 0.514898 -0.252997 -0.0471505 0.514903 
-0.22339 -0.0506289 0.51526 -0.193782 -0.0541073 0.515617 -0.194684 -0.0597023 0.535922 
-0.180581 -0.0687318 0.523117 0.338246 -0.122313 0.542346 0.322743 -0.127864 0.529184 
0.339148 -0.116718 0.522041 -0.167379 -0.0833563 0.530617 -0.137772 -0.0868347 0.530974 
-0.138674 -0.0924297 0.551279 -0.12457 -0.101459 0.538474 0.0389695 -0.1133 0.55342 
0.0234659 -0.118851 0.540258 0.0398716 -0.107705 0.533115 0.0694788 -0.111183 0.533472 
0.0990861 -0.114662 0.533829 0.128693 -0.11814 0.534186 0.158301 -0.121619 0.534543 
0.187908 -0.125097 0.5349 0.217515 -0.128575 0.535257 0.247122 -0.132054 0.535614 
0.27673 -0.135532 0.535971 0.306337 -0.13901 0.536327 -0.111369 -0.116084 0.545974 
-0.0817616 -0.119562 0.546331 -0.0521544 -0.12304 0.546688 -0.0225471 -0.126519 0.547045 
0.00706015 -0.129997 0.547402 0.191244 0.141683 0.367805 0.192146 0.147278 0.3475 
0.175741 0.136132 0.354644 0.220852 0.138204 0.368162 0.221754 0.143799 0.347857 
0.234955 0.129175 0.355357 0.18804 0.115912 0.382449 0.172537 0.110361 0.369287 
0.217647 0.112434 0.382805 0.248157 0.11455 0.362857 0.261358 0.0999258 0.370358 
0.184836 0.0901414 0.397092 0.169332 0.0845904 0.38393 0.214443 0.086663 0.397449 
0.27456 0.0853013 0.377858 0.287761 0.0706768 0.385358 -0.173655 0.106111 0.407452 
-0.172753 0.111706 0.387147 -0.189159 0.10056 0.39429 -0.144048 0.102633 0.407809 
-0.143146 0.108228 0.387504 -0.114441 0.0991547 0.408166 -0.113539 0.10475 0.387861 
-0.0848335 0.0956763 0.408523 -0.0839314 0.101271 0.388218 -0.0707298 0.0866468 0.395718 
0.152025 0.0678492 0.411378 0.152927 0.0734443 0.391073 0.136521 0.0622981 0.398216 
0.181632 0.0643708 0.411735 0.300963 0.0560523 0.392858 0.329668 0.0469789 0.41352 
0.314165 0.0414278 0.400358 -0.206467 0.0838192 0.421738 -0.205565 0.0894143 0.401434 
-0.22197 0.0782682 0.408577 -0.0584304 0.0664273 0.423523 -0.0575283 0.0720223 0.403218 
-0.0288231 0.0629489 0.42388 -0.027921 0.0685439 0.403575 0.00078413 0.0594705 0.424237 
0.00168623 0.0650656 0.403932 0.0303914 0.0559921 0.424594 0.0312935 0.0615872 0.404289 
0.0599987 0.0525137 0.424951 0.0609008 0.0581088 0.404646 0.0896059 0.0490354 0.425308 
0.090508 0.0546304 0.405003 0.119213 0.045557 0.425664 0.120115 0.051152 0.40536 
0.327366 0.0268033 0.407858 0.356071 0.0177299 0.42852 0.340568 0.0121788 0.415358 
-0.239278 0.061527 0.436025 -0.238376 0.067122 0.41572 -0.254782 0.0559759 0.422863 
-0.208769 0.0636436 0.416077 -0.225174 0.0524975 0.42322 -0.180064 0.0545702 0.436739 
-0.195567 0.0490191 0.423577 0.353769 -0.00244568 0.422858 0.382474 -0.0115191 0.44352 
0.366971 -0.0170702 0.430358 -0.24158 0.0413514 0.430363 -0.183268 0.0287996 0.451382 
-0.198771 0.0232485 0.43822 0.37927 -0.0372897 0.458163 0.363767 -0.0428408 0.445002 
-0.186472 0.00302898 0.466025 -0.201976 -0.00252209 0.452863 0.360562 -0.0686114 0.459645 
-0.219283 -0.0192632 0.480311 -0.218381 -0.0136682 0.460007 -0.234787 -0.0248143 0.46715 
0.357358 -0.094382 0.474288 -0.252095 -0.0415555 0.494598 -0.237991 -0.0505849 0.481793 
0.34005 -0.111123 0.501736 0.324547 -0.116674 0.488574 0.340953 -0.105528 0.481431 
-0.22479 -0.0652094 0.489293 -0.195182 -0.0686878 0.48965 -0.165575 -0.0721662 0.490007 
-0.166477 -0.0777612 0.510312 -0.152374 -0.0867907 0.497507 0.0999882 -0.109067 0.513524 
0.0844846 -0.114618 0.500362 0.10089 -0.103472 0.493219 0.130498 -0.10695 0.493576 
0.129595 -0.112545 0.513881 0.160105 -0.110428 0.493933 0.159203 -0.116023 0.514238 
0.189712 -0.113907 0.49429 0.18881 -0.119502 0.514595 0.202914 -0.128531 0.50179 
0.307239 -0.133415 0.516022 0.291735 -0.138966 0.502861 0.308141 -0.12782 0.495718 
-0.139172 -0.101415 0.505007 -0.109565 -0.104894 0.505364 -0.110467 -0.110489 0.525669 
-0.0963631 -0.119518 0.512864 0.00796225 -0.124402 0.527097 -0.00754136 -0.129953 0.513935 
0.00886435 -0.118807 0.506792 0.0384716 -0.122286 0.507149 0.0680789 -0.125764 0.507506 
0.216115 -0.143156 0.50929 0.245722 -0.146634 0.509647 0.27533 -0.150113 0.510004 
-0.0831616 -0.134143 0.520364 -0.0535543 -0.137621 0.520721 -0.0239471 -0.141099 0.521078 
0.13063 0.134059 0.341125 0.131532 0.139654 0.32082 0.115126 0.128508 0.327963 
0.160237 0.13058 0.341482 0.161139 0.136176 0.321177 0.190746 0.132697 0.321534 
0.219452 0.123624 0.342196 0.203948 0.118073 0.329034 0.127426 0.108288 0.355768 
0.111922 0.102737 0.342606 0.157033 0.10481 0.356125 0.21715 0.103448 0.336534 
0.246757 0.0999698 0.336891 0.259958 0.0853453 0.344391 -0.142244 0.113823 0.367199 
-0.141342 0.119418 0.346894 -0.157747 0.108272 0.354037 -0.112637 0.110345 0.367556 
-0.111734 0.11594 0.347251 -0.0830293 0.106866 0.367913 -0.0821272 0.112461 0.347608 
-0.0689256 0.0978369 0.355108 0.124222 0.0825177 0.370411 0.108718 0.0769666 0.35725 
0.153829 0.0790393 0.370768 0.272258 0.0651257 0.372196 0.256754 0.0595746 0.359034 
-0.204662 0.0950093 0.381129 -0.20376 0.100604 0.360824 -0.220166 0.0894582 0.367967 
-0.174153 0.0971259 0.361181 -0.0566262 0.0776174 0.382913 -0.0557241 0.0832124 0.362608 
-0.0270189 0.074139 0.38327 -0.0261168 0.079734 0.362965 0.00258833 0.0706606 0.383627 
0.00349044 0.0762556 0.363322 0.0321956 0.0671822 0.383984 0.0330977 0.0727772 0.363679 
0.0618029 0.0637038 0.384341 0.062705 0.0692988 0.364036 0.0914101 0.0602254 0.384698 
0.0923122 0.0658204 0.364393 0.121017 0.056747 0.385055 0.269956 0.0449501 0.366534 
0.298661 0.0358767 0.387196 0.283157 0.0303256 0.374034 -0.237474 0.0727171 0.395415 
-0.236572 0.0783121 0.37511 -0.252978 0.067166 0.382253 0.296359 0.0157011 0.381534 
0.325064 0.00662774 0.402196 0.30956 0.00107664 0.389035 -0.270285 0.0504248 0.409701 
-0.269383 0.0560199 0.389396 -0.285789 0.0448737 0.39654 -0.211071 0.043468 0.410415 
0.322762 -0.0135479 0.396535 0.351467 -0.0226213 0.417196 0.335964 -0.0281724 0.404035 
-0.303097 0.0281326 0.423988 -0.302195 0.0337276 0.403683 -0.3186 0.0225815 0.410826 
-0.272587 0.0302492 0.40404 -0.288993 0.0191031 0.411183 -0.243882 0.0211758 0.424701 
-0.259386 0.0156247 0.41154 -0.214275 0.0176974 0.425058 0.348263 -0.0483919 0.43184 
0.332759 -0.053943 0.418678 -0.305399 0.00795701 0.418326 -0.275792 0.00447862 0.418683 
-0.292197 -0.00666749 0.425826 -0.276694 -0.00111641 0.438988 -0.247086 -0.00459479 0.439345 
-0.217479 -0.00807318 0.439702 0.345059 -0.0741625 0.446483 0.329555 -0.0797136 0.433321 
-0.278996 -0.021292 0.433326 -0.265794 -0.0359165 0.440826 -0.250291 -0.0303654 0.453988 
0.341855 -0.0999331 0.461126 0.326351 -0.105484 0.447965 -0.252593 -0.050541 0.448326 
-0.222985 -0.0540194 0.448683 -0.223887 -0.0596144 0.468988 -0.209784 -0.0686439 0.456183 
0.309043 -0.122225 0.475413 0.29354 -0.127776 0.462251 0.309945 -0.11663 0.455108 
-0.196582 -0.0832684 0.463683 -0.166975 -0.0867468 0.46404 -0.153773 -0.101371 0.47154 
0.068981 -0.120169 0.487201 0.0534774 -0.12572 0.474039 0.0698831 -0.114574 0.466896 
0.0994903 -0.118052 0.467253 0.129098 -0.121531 0.46761 0.158705 -0.125009 0.467966 
0.188312 -0.128487 0.468323 0.217919 -0.131966 0.46868 0.217017 -0.137561 0.488985 
0.247527 -0.135444 0.469037 0.246625 -0.141039 0.489342 0.277134 -0.138923 0.469394 
0.276232 -0.144518 0.489699 -0.140572 -0.115996 0.479041 -0.110965 -0.119474 0.479397 
-0.0813574 -0.122953 0.479754 -0.0822595 -0.128548 0.500059 -0.0517501 -0.126431 0.480111 
-0.0526522 -0.132026 0.500416 -0.0221429 -0.129909 0.480468 -0.023045 -0.135504 0.500773 
0.00746439 -0.133388 0.480825 0.0370717 -0.136866 0.481182 0.102827 0.148727 0.300158 
0.103729 0.154322 0.279853 0.0873232 0.143176 0.286996 0.11693 0.139698 0.287353 
0.0700154 0.126435 0.314444 0.0709175 0.13203 0.29414 0.0545118 0.120884 0.301283 
0.0996226 0.122957 0.314801 0.130132 0.125073 0.294853 0.159739 0.121595 0.29521 
0.189347 0.118117 0.295567 0.202548 0.103492 0.303067 -0.110832 0.121535 0.326946 
-0.10993 0.12713 0.306641 -0.126336 0.115984 0.313784 -0.0812251 0.118056 0.327303 
-0.080323 0.123651 0.306998 -0.0671214 0.109027 0.314498 0.037204 0.104143 0.328731 
0.0381061 0.109738 0.308426 0.0217004 0.0985918 0.315569 0.0668112 0.100664 0.329088 
0.0964185 0.0971861 0.329445 0.21575 0.0888676 0.310567 0.244455 0.0797942 0.331229 
0.228951 0.0742431 0.318067 -0.173251 0.102721 0.340876 -0.172349 0.108316 0.320571 
-0.188755 0.0971699 0.327714 -0.142742 0.104838 0.320928 -0.054822 0.0888074 0.342303 
-0.0539199 0.0944024 0.321998 -0.0252147 0.085329 0.34266 -0.0243126 0.090924 0.322355 
0.00439254 0.0818506 0.343017 0.00529464 0.0874457 0.322712 0.0339998 0.0783723 0.343374 
0.0636071 0.0748939 0.343731 0.0932143 0.0714155 0.344088 0.242153 0.0596186 0.325567 
0.255354 0.0449941 0.333068 -0.20516 0.0860237 0.334857 -0.221566 0.0748776 0.342 
0.267654 0.0247746 0.360873 0.25215 0.0192235 0.347711 -0.298088 0.0650933 0.368735 
-0.297186 0.0706883 0.34843 -0.313592 0.0595422 0.355573 -0.268481 0.0616149 0.369091 
-0.267579 0.0672099 0.348787 -0.237972 0.0637315 0.349143 0.265352 0.00459897 0.355211 
0.294057 -0.00447444 0.375873 0.278553 -0.0100255 0.362711 -0.30039 0.0449177 0.363073 
-0.287189 0.0302932 0.370573 0.291755 -0.02465 0.370211 0.32046 -0.0337235 0.390873 
0.304956 -0.0392745 0.377711 -0.303595 0.0191471 0.377716 -0.32 0.00800094 0.384859 
-0.274889 0.0100736 0.398378 0.317256 -0.0594941 0.405516 0.301752 -0.0650451 0.392354 
-0.306799 -0.00662355 0.392359 -0.293597 -0.0212481 0.399859 0.314954 -0.0796696 0.399855 
0.328155 -0.0942941 0.407355 -0.280396 -0.0358726 0.40736 -0.267194 -0.0504971 0.41486 
0.310847 -0.111035 0.434803 0.295344 -0.116586 0.421641 0.31175 -0.10544 0.414498 
-0.253993 -0.0651216 0.42236 -0.224385 -0.0685999 0.422717 -0.194778 -0.0720783 0.423074 
-0.19568 -0.0776734 0.443378 -0.181577 -0.0867028 0.430574 0.189214 -0.122892 0.448018 
0.173711 -0.128443 0.434857 0.190116 -0.117297 0.427713 0.203318 -0.131922 0.435214 
0.278036 -0.133328 0.449089 0.262532 -0.138879 0.435927 0.278938 -0.127732 0.428784 
-0.168375 -0.101327 0.438074 -0.138768 -0.104806 0.438431 -0.13967 -0.110401 0.458736 
-0.125566 -0.11943 0.445931 0.00836649 -0.127793 0.46052 -0.00713712 -0.133344 0.447358 
0.0092686 -0.122198 0.440215 0.0388759 -0.125676 0.440572 0.0379738 -0.131271 0.460877 
0.0684831 -0.129154 0.440929 0.0980904 -0.132633 0.441286 0.127698 -0.136111 0.441643 
0.157305 -0.13959 0.442 0.216519 -0.146546 0.442714 0.246127 -0.150025 0.443071 
-0.112365 -0.134055 0.453431 -0.0827574 -0.137533 0.453788 -0.0531501 -0.141011 0.454145 
-0.0235428 -0.14449 0.454502 0.101427 0.134147 0.274191 0.0390082 0.115333 0.288121 
0.0399103 0.120928 0.267816 0.0235046 0.109782 0.274959 0.0695175 0.11745 0.268173 
0.0991248 0.113971 0.26853 0.128732 0.110493 0.268887 0.158339 0.107014 0.269244 
0.187044 0.097941 0.289906 0.171541 0.0923899 0.276744 -0.171447 0.113911 0.300266 
-0.170545 0.119506 0.279961 -0.18695 0.10836 0.287104 -0.14184 0.110433 0.300623 
-0.140937 0.116028 0.280318 -0.11133 0.112549 0.280675 -0.0817229 0.109071 0.281032 
-0.0530178 0.0999974 0.301693 -0.0521157 0.105592 0.281389 -0.0234105 0.0965191 0.30205 
-0.0225084 0.102114 0.281745 0.00619674 0.0930407 0.302407 0.00709884 0.0986357 0.282102 
0.184742 0.0777654 0.284244 0.213448 0.068692 0.304906 0.197944 0.0631409 0.291744 
-0.204258 0.0916188 0.314552 -0.203356 0.0972138 0.294247 -0.219762 0.0860677 0.30139 
0.211146 0.0485164 0.299244 0.239851 0.039443 0.319906 0.224347 0.0338919 0.306744 
-0.266677 0.0728049 0.328482 -0.265775 0.0784 0.308177 -0.282181 0.0672538 0.31532 
-0.23707 0.0693265 0.328838 -0.236168 0.0749216 0.308534 0.236647 0.0136724 0.334549 
0.221143 0.0081213 0.321387 -0.329096 0.0539911 0.342411 -0.328194 0.0595861 0.322106 
-0.344599 0.04844 0.329249 -0.298586 0.0561077 0.322463 0.234344 -0.0065032 0.328887 
0.26305 -0.0155766 0.349549 0.247546 -0.0211277 0.336388 -0.331398 0.0338155 0.336749 
-0.302693 0.0247421 0.357411 -0.318196 0.019191 0.344249 0.260748 -0.0357522 0.343888 
0.289453 -0.0448256 0.364549 0.273949 -0.0503767 0.351388 -0.305897 -0.00102854 0.372054 
-0.304995 0.0045665 0.35175 -0.291793 -0.010058 0.35925 0.287151 -0.0650012 0.358888 
0.300352 -0.0796257 0.366388 -0.278591 -0.0246825 0.36675 -0.279494 -0.0302775 0.387055 
-0.26539 -0.039307 0.37425 0.312652 -0.0998452 0.394193 0.297148 -0.105396 0.381031 
-0.252188 -0.0539315 0.38175 -0.253091 -0.0595265 0.402055 -0.238987 -0.068556 0.38925 
0.27984 -0.122137 0.408479 0.264337 -0.127689 0.395317 0.280742 -0.116542 0.388174 
-0.225785 -0.0831805 0.39675 -0.196178 -0.0866589 0.397107 -0.182976 -0.101283 0.404607 
0.0693852 -0.123559 0.420624 0.0538816 -0.12911 0.407462 0.0702873 -0.117964 0.400319 
0.0998946 -0.121443 0.400676 0.0989925 -0.127038 0.420981 0.129502 -0.124921 0.401033 
0.1286 -0.130516 0.421338 0.159109 -0.1284 0.40139 0.158207 -0.133995 0.421695 
0.188716 -0.131878 0.401747 0.218324 -0.135356 0.402104 0.217422 -0.140951 0.422409 
0.247931 -0.138835 0.402461 0.247029 -0.14443 0.422766 -0.169775 -0.115908 0.412107 
-0.140168 -0.119386 0.412464 -0.11056 -0.122865 0.412821 -0.111463 -0.12846 0.433126 
-0.0809532 -0.126343 0.413178 -0.0818553 -0.131938 0.433483 -0.0513459 -0.129821 0.413535 
-0.052248 -0.135416 0.43384 -0.0217386 -0.1333 0.413892 -0.0226407 -0.138895 0.434197 
0.00786864 -0.136778 0.414249 0.0374759 -0.140257 0.414606 -0.110428 0.118144 0.26037 
-0.109526 0.123739 0.240065 -0.125932 0.112593 0.247208 -0.0808208 0.114666 0.260727 
-0.0799187 0.120261 0.240422 -0.0512136 0.111188 0.261084 -0.0503115 0.116783 0.240779 
-0.0216063 0.107709 0.261441 -0.0207042 0.113304 0.241136 0.00800095 0.104231 0.261797 
0.00890305 0.109826 0.241493 0.0385103 0.106347 0.241849 0.0681176 0.102869 0.242206 
0.0977248 0.0993906 0.242563 0.127332 0.0959123 0.24292 0.156037 0.0868388 0.263582 
0.140534 0.0812877 0.25042 -0.171945 0.104925 0.253994 -0.18835 0.0937794 0.261137 
-0.142337 0.101447 0.254351 0.153735 0.0666632 0.25792 0.183342 0.0631849 0.258277 
0.196544 0.0485604 0.265777 -0.235265 0.0805166 0.288229 -0.234363 0.0861116 0.267924 
-0.250769 0.0749655 0.275067 -0.204756 0.0826332 0.268281 0.208843 0.0283408 0.293582 
0.19334 0.0227897 0.280421 -0.297684 0.0617028 0.302158 -0.296782 0.0672978 0.281853 
-0.313188 0.0561517 0.288996 -0.267175 0.0638194 0.28221 0.206541 0.00816525 0.287921 
0.219743 -0.00645926 0.295421 -0.329593 0.0450056 0.29614 -0.345999 0.0338595 0.303283 
0.232945 -0.0210838 0.302921 0.246146 -0.0357083 0.310421 -0.332798 0.0192349 0.310783 
-0.319596 0.00461044 0.318283 0.259348 -0.0503328 0.317921 0.272549 -0.0649573 0.325421 
-0.306395 -0.0100141 0.325783 -0.293193 -0.0246386 0.333283 0.284849 -0.0851768 0.353226 
0.269345 -0.0907279 0.340064 -0.279991 -0.039263 0.340783 -0.26679 -0.0538876 0.348283 
0.281644 -0.110947 0.367869 0.266141 -0.116498 0.354708 -0.253588 -0.0685121 0.355783 
-0.240387 -0.0831365 0.363283 0.248833 -0.13324 0.382156 0.233329 -0.138791 0.368994 
0.249735 -0.127645 0.361851 -0.227185 -0.0977611 0.370783 -0.197578 -0.101239 0.37114 
-0.184376 -0.115864 0.37864 -0.0208365 -0.127705 0.393587 -0.0363401 -0.133256 0.380425 
-0.0199344 -0.12211 0.373282 0.00967284 -0.125588 0.373639 0.00877074 -0.131183 0.393944 
0.0392801 -0.129067 0.373996 0.038378 -0.134662 0.394301 0.0688874 -0.132545 0.374353 
0.0984946 -0.136023 0.374709 0.128102 -0.139502 0.375066 0.157709 -0.14298 0.375423 
0.187316 -0.146458 0.37578 0.216924 -0.149937 0.376137 -0.171175 -0.130488 0.386141 
-0.141568 -0.133967 0.386497 -0.11196 -0.137445 0.386854 -0.0823531 -0.140924 0.387211 
-0.0527458 -0.144402 0.387568 -0.141435 0.107042 0.234046 -0.140533 0.112637 0.213741 
-0.156939 0.101491 0.220885 -0.110926 0.109159 0.214098 -0.0813187 0.10568 0.214455 
-0.0517114 0.102202 0.214812 -0.0221042 0.0987236 0.215169 0.00750309 0.0952452 0.215526 
0.0371104 0.0917668 0.215883 0.0667176 0.0882885 0.21624 0.0963249 0.0848101 0.216597 
0.12503 0.0757366 0.237259 0.109526 0.0701856 0.224097 -0.203854 0.0882283 0.247976 
-0.202952 0.0938233 0.227671 -0.219358 0.0826772 0.234814 -0.173345 0.0903449 0.228028 
0.122728 0.0555611 0.231597 0.152335 0.0520827 0.231954 0.18104 0.0430093 0.252616 
0.165537 0.0374582 0.239454 -0.266273 0.0694144 0.261905 -0.265371 0.0750095 0.2416 
-0.281776 0.0638634 0.248743 -0.235763 0.0715311 0.241957 0.178738 0.0228337 0.246954 
0.19194 0.00820919 0.254454 -0.358299 0.054079 0.275478 -0.357397 0.059674 0.255173 
-0.373802 0.0485279 0.262316 -0.328691 0.0506006 0.275835 -0.327789 0.0561956 0.25553 
-0.298182 0.0527172 0.255887 0.204239 -0.0120103 0.282259 0.188736 -0.0175614 0.269097 
-0.360601 0.0339034 0.269816 -0.347399 0.0192789 0.277316 0.201937 -0.0321859 0.276597 
0.230642 -0.0412593 0.297259 0.215139 -0.0468104 0.284097 -0.334198 0.00465439 0.284816 
-0.320996 -0.00997012 0.292316 0.22834 -0.0614349 0.291598 0.257046 -0.0705084 0.312259 
0.241542 -0.0760594 0.299098 -0.307794 -0.0245946 0.299816 -0.278187 -0.028073 0.300173 
-0.279089 -0.033668 0.320478 -0.264986 -0.0426975 0.307673 0.253841 -0.096279 0.326903 
0.238338 -0.10183 0.313741 -0.251784 -0.057322 0.315173 -0.252686 -0.062917 0.335478 
-0.238583 -0.0719465 0.322674 0.250637 -0.12205 0.341546 0.235134 -0.127601 0.328384 
-0.241787 -0.0977171 0.337317 0.217826 -0.144342 0.355832 0.202322 -0.149893 0.342671 
0.218728 -0.138747 0.335527 -0.228585 -0.112342 0.344817 -0.198978 -0.11582 0.345174 
-0.169371 -0.119298 0.345531 -0.170273 -0.124893 0.365836 -0.156169 -0.133923 0.353031 
-0.111058 -0.13185 0.366549 -0.126562 -0.137401 0.353388 -0.110156 -0.126255 0.346245 
-0.0805489 -0.129734 0.346601 -0.081451 -0.135329 0.366906 -0.0509416 -0.133212 0.346958 
-0.0518437 -0.138807 0.367263 -0.0213344 -0.13669 0.347315 0.00827288 -0.140169 0.347672 
0.0378801 -0.143647 0.348029 0.0674874 -0.147125 0.348386 0.0970947 -0.150604 0.348743 
0.126702 -0.154082 0.3491 0.156309 -0.157561 0.349457 0.185916 -0.161039 0.349814 
-0.142968 -0.148547 0.360531 -0.172443 0.0959399 0.207723 -0.17154 0.101535 0.187418 
-0.187946 0.0903889 0.194561 -0.141933 0.0980566 0.187775 -0.112326 0.0945782 0.188132 
-0.0827187 0.0910998 0.188489 -0.0531114 0.0876214 0.188845 -0.0235041 0.0841431 0.189202 
0.00610313 0.0806647 0.189559 0.0357104 0.0771863 0.189916 0.0653177 0.0737079 0.190273 
0.0940228 0.0646345 0.210935 0.0785192 0.0590834 0.197773 -0.234861 0.0771261 0.221652 
-0.233959 0.0827211 0.201347 -0.250365 0.071575 0.20849 -0.204352 0.0792428 0.201704 
0.0917207 0.0444589 0.205273 0.121328 0.0409805 0.20563 0.150033 0.0319071 0.226292 
0.13453 0.026356 0.21313 -0.326887 0.0617907 0.235225 -0.325985 0.0673857 0.21492 
-0.342391 0.0562396 0.222063 -0.29728 0.0583123 0.235582 -0.296378 0.0639073 0.215277 
-0.266771 0.0604289 0.215634 0.147731 0.0117315 0.22063 0.176436 0.0026581 0.241292 
0.160933 -0.00289298 0.228131 -0.358797 0.0450935 0.229206 -0.375202 0.0339473 0.236349 
0.173232 -0.0231125 0.255936 0.157729 -0.0286636 0.242774 -0.362001 0.0193228 0.243849 
-0.348799 0.00469833 0.25135 0.17093 -0.0432881 0.250274 0.199635 -0.0523615 0.270936 
0.184132 -0.0579126 0.257774 -0.335598 -0.00992617 0.25885 -0.30599 -0.0134046 0.259207 
-0.306892 -0.0189996 0.279511 -0.292789 -0.0280291 0.266707 0.197333 -0.0725371 0.265274 
0.226038 -0.0816105 0.285936 0.210535 -0.0871616 0.272774 -0.279587 -0.0426536 0.274207 
-0.266386 -0.0572781 0.281707 0.222834 -0.107381 0.300579 0.207331 -0.112932 0.287417 
-0.253184 -0.0719026 0.289207 -0.239983 -0.086527 0.296707 0.21963 -0.133152 0.315222 
0.204126 -0.138703 0.302061 -0.226781 -0.101152 0.304207 -0.227683 -0.106747 0.324512 
-0.213579 -0.115776 0.311707 -0.0204323 -0.131095 0.32701 -0.0359359 -0.136646 0.313849 
-0.0195302 -0.1255 0.306705 0.0100771 -0.128979 0.307062 0.00917498 -0.134574 0.327367 
0.0396843 -0.132457 0.307419 0.0387822 -0.138052 0.327724 0.0692916 -0.135935 0.307776 
0.0683895 -0.14153 0.328081 0.0988989 -0.139414 0.308133 0.0979968 -0.145009 0.328438 
0.128506 -0.142892 0.30849 0.127604 -0.148487 0.328795 0.158113 -0.146371 0.308847 
0.157211 -0.151966 0.329152 0.187721 -0.149849 0.309204 0.186819 -0.155444 0.329509 
-0.200378 -0.130401 0.319207 -0.170771 -0.133879 0.319564 -0.141163 -0.137357 0.319921 
-0.142065 -0.142952 0.340226 -0.111556 -0.140836 0.320278 -0.0819489 -0.144314 0.320635 
-0.0523416 -0.147792 0.320992 -0.141031 0.103652 0.16747 -0.140129 0.109247 0.147165 
-0.156535 0.0981005 0.154308 -0.111424 0.100173 0.167827 -0.110522 0.105768 0.147522 
-0.0973202 0.0911438 0.155022 -0.20345 0.0848378 0.181399 -0.202548 0.0904328 0.161094 
-0.218953 0.0792867 0.168238 -0.17294 0.0869544 0.161451 -0.0841186 0.0765193 0.162522 
-0.0545114 0.0730409 0.162879 -0.0249041 0.0695625 0.163236 0.00470317 0.0660841 0.163593 
0.0343104 0.0626057 0.16395 0.0630156 0.0535323 0.184611 0.047512 0.0479812 0.17145 
-0.295476 0.0695023 0.194972 -0.294574 0.0750974 0.174667 -0.310979 0.0639512 0.18181 
-0.265868 0.0660239 0.195329 -0.264966 0.071619 0.175024 -0.235359 0.0681406 0.175381 
0.0607135 0.0333567 0.17895 0.0903208 0.0298783 0.179307 0.119026 0.0208049 0.199969 
0.103522 0.0152538 0.186807 -0.357894 0.0506885 0.208901 -0.356992 0.0562835 0.188596 
-0.373398 0.0451374 0.195739 -0.327385 0.0528051 0.188953 0.116724 0.000629342 0.194307 
0.145429 -0.00844407 0.214969 0.129925 -0.0139952 0.201807 -0.376602 0.0193668 0.210383 
0.143127 -0.0286197 0.209307 0.156329 -0.0432442 0.216807 -0.363401 0.00474228 0.217883 
-0.333793 0.00126389 0.21824 -0.334695 -0.00433113 0.238545 -0.320592 -0.0133606 0.22574 
0.16953 -0.0578687 0.224307 0.182732 -0.0724932 0.231807 -0.30739 -0.0279851 0.23324 
-0.294189 -0.0426096 0.24074 0.195031 -0.0927127 0.259612 0.179527 -0.0982638 0.246451 
-0.280987 -0.0572341 0.24824 -0.267786 -0.0718586 0.25574 0.191827 -0.118483 0.274256 
0.176323 -0.124034 0.261094 -0.254584 -0.0864831 0.26324 -0.241383 -0.101108 0.27074 
0.188623 -0.144254 0.288899 0.173119 -0.149805 0.275737 -0.228181 -0.115732 0.27824 
-0.198574 -0.119211 0.278597 -0.199476 -0.124806 0.298902 -0.185372 -0.133835 0.286097 
-0.0810468 -0.138719 0.30033 -0.0965504 -0.14427 0.287168 -0.0801447 -0.133124 0.280025 
-0.0505374 -0.136602 0.280382 -0.0514395 -0.142197 0.300687 -0.0209301 -0.140081 0.280739 
0.00867712 -0.143559 0.281096 0.0382844 -0.147038 0.281453 0.0678916 -0.150516 0.28181 
0.0974989 -0.153994 0.282166 0.127106 -0.157473 0.282523 0.156713 -0.160951 0.28288 
-0.172171 -0.148459 0.293598 -0.142563 -0.151938 0.293954 -0.112956 -0.155416 0.294311 
-0.141529 0.0946661 0.121198 -0.157935 0.08352 0.128341 -0.111922 0.0911877 0.121555 
-0.0987201 0.0765632 0.129055 -0.234457 0.0737356 0.155076 -0.233555 0.0793307 0.134771 
-0.249961 0.0681845 0.141914 -0.203948 0.0758522 0.135128 -0.17434 0.0723739 0.135485 
-0.0855186 0.0619387 0.136555 -0.0559113 0.0584603 0.136912 -0.0263041 0.0549819 0.137269 
0.00330321 0.0515036 0.137626 0.0329105 0.0480252 0.137983 0.046112 0.0334007 0.145483 
-0.326483 0.0584001 0.168648 -0.325581 0.0639952 0.148343 -0.341987 0.0528491 0.155487 
-0.295974 0.0605168 0.1487 -0.266366 0.0570384 0.149057 0.0593136 0.0187762 0.152983 
0.0889208 0.0152978 0.15334 0.102122 0.000673289 0.16084 -0.388902 0.0395863 0.182578 
-0.388 0.0451813 0.162273 -0.404405 0.0340352 0.169416 -0.358392 0.041703 0.16263 
0.114422 -0.0195462 0.188645 0.0989182 -0.0250973 0.175484 -0.391204 0.0194107 0.176916 
-0.378002 0.00478621 0.184416 0.111218 -0.0453169 0.203288 0.0957141 -0.0508679 0.190127 
0.140825 -0.0487952 0.203645 -0.364801 -0.00983828 0.191916 -0.335193 -0.0133167 0.192273 
-0.321992 -0.0279412 0.199773 0.108916 -0.0654924 0.197627 0.137621 -0.0745659 0.218289 
0.122117 -0.0801169 0.205127 0.167228 -0.0780442 0.218646 -0.30879 -0.0425657 0.207273 
-0.295589 -0.0571902 0.214773 0.135319 -0.0947414 0.212627 0.164024 -0.103815 0.233289 
0.14852 -0.109366 0.220127 -0.282387 -0.0718147 0.222274 -0.269186 -0.0864392 0.229774 
0.16082 -0.129585 0.247932 0.145316 -0.135137 0.23477 -0.255984 -0.101064 0.237274 
-0.226377 -0.104542 0.237631 -0.227279 -0.110137 0.257936 -0.213175 -0.119167 0.245131 
0.00957922 -0.137964 0.260791 -0.00592439 -0.143515 0.247629 0.0104813 -0.132369 0.240486 
0.0400886 -0.135848 0.240843 0.0391865 -0.141443 0.261148 0.0532901 -0.150472 0.248343 
0.098401 -0.148399 0.261862 0.0828974 -0.15395 0.2487 0.0993031 -0.142804 0.241557 
0.12891 -0.146283 0.241914 0.128008 -0.151878 0.262218 0.157616 -0.155356 0.262575 
-0.199974 -0.133791 0.252631 -0.170366 -0.137269 0.252988 -0.171269 -0.142864 0.273293 
-0.140759 -0.140748 0.253345 -0.141661 -0.146343 0.27365 -0.111152 -0.144226 0.253702 
-0.112054 -0.149821 0.274006 -0.0815446 -0.147705 0.254058 -0.0519374 -0.151183 0.254415 
-0.0223301 -0.154661 0.254772 0.0664917 -0.165097 0.255843 -0.173438 0.0779689 0.11518 
-0.172536 0.0835639 0.0948748 -0.188942 0.0724178 0.102018 -0.142929 0.0800855 0.0952317 
-0.113322 0.0766072 0.0955887 -0.10012 0.0619827 0.103089 -0.295071 0.0661118 0.128395 
-0.294169 0.0717069 0.10809 -0.310575 0.0605607 0.115234 -0.265464 0.0626334 0.128752 
-0.264562 0.0682285 0.108447 -0.234955 0.0647501 0.108804 -0.205348 0.0612717 0.109161 
-0.0869185 0.0473582 0.110589 -0.0573113 0.0438798 0.110946 -0.027704 0.0404014 0.111303 
0.00190325 0.036923 0.11166 0.0306084 0.0278496 0.132321 0.0151048 0.0222985 0.11916 
-0.35749 0.047298 0.142325 -0.356588 0.052893 0.12202 -0.372994 0.0417469 0.129163 
-0.326981 0.0494146 0.122377 0.0283063 0.007674 0.12666 0.0570115 -0.00139942 0.147322 
0.0415079 -0.0069505 0.13416 0.0866188 -0.0048778 0.147678 -0.389399 0.0306008 0.136306 
-0.405805 0.0194547 0.143449 0.0538073 -0.02717 0.161965 0.0383037 -0.0327211 0.148803 
0.0834146 -0.0306484 0.162322 -0.392604 0.00483017 0.150949 -0.379402 -0.00979434 0.15845 
0.0515053 -0.0473456 0.156303 0.0802104 -0.056419 0.176965 0.0647068 -0.0619701 0.163803 
-0.366201 -0.0244188 0.16595 -0.336593 -0.0278972 0.166307 -0.306986 -0.0313756 0.166663 
-0.307888 -0.0369706 0.186968 -0.293784 -0.0460001 0.174164 0.0779084 -0.0765946 0.171303 
0.106614 -0.085668 0.191965 0.0911099 -0.0912191 0.178803 -0.280583 -0.0606246 0.181664 
-0.281485 -0.0662196 0.201969 -0.267381 -0.0752491 0.189164 0.104311 -0.105844 0.186304 
0.133017 -0.114917 0.206965 0.117513 -0.120468 0.193804 -0.25418 -0.0898736 0.196664 
-0.255082 -0.0954686 0.216969 -0.240978 -0.104498 0.204164 0.129812 -0.140688 0.221609 
0.114309 -0.146239 0.208447 -0.227777 -0.119123 0.211664 -0.214575 -0.133747 0.219164 
-0.0510353 -0.145588 0.23411 -0.0665389 -0.151139 0.220949 -0.0501332 -0.139993 0.213805 
-0.0205259 -0.143471 0.214162 -0.021428 -0.149066 0.234467 0.00908137 -0.14695 0.214519 
0.0386886 -0.150428 0.214876 0.0682959 -0.153906 0.215233 0.0673938 -0.159501 0.235538 
0.0979032 -0.157385 0.21559 -0.201374 -0.148372 0.226664 -0.171766 -0.15185 0.227021 
-0.142159 -0.155328 0.227378 -0.112552 -0.158807 0.227735 -0.0829446 -0.162285 0.228092 
-0.26366 0.0738235 0.0881424 -0.262758 0.0794185 0.0678375 -0.279164 0.0682724 0.0749807 
-0.234053 0.0703451 0.0884993 -0.233151 0.0759401 0.0681944 -0.204445 0.0668667 0.0888562 
-0.203543 0.0724617 0.0685513 -0.173936 0.0689834 0.0689082 -0.144329 0.065505 0.0692651 
-0.114722 0.0620266 0.069622 -0.0860164 0.0529532 0.0902839 -0.0851143 0.0585482 0.069979 
-0.0719128 0.0439237 0.077479 -0.355686 0.058488 0.101715 -0.354784 0.0640831 0.08141 
-0.37119 0.0529369 0.0885532 -0.326079 0.0550096 0.102072 -0.325177 0.0606047 0.0817669 
-0.295569 0.0571263 0.0821238 -0.0587112 0.0292992 0.0849791 -0.029104 0.0258208 0.0853361 
0.000503288 0.0223424 0.085693 0.0137048 0.00771794 0.0931931 -0.388497 0.0361958 0.116001 
-0.387595 0.0417908 0.0956964 -0.404001 0.0306447 0.10284 0.0260043 -0.0125016 0.120998 
0.0105007 -0.0180527 0.107836 -0.407205 0.0048741 0.117483 0.0228001 -0.0382722 0.135641 
0.00729651 -0.0438233 0.12248 -0.394004 -0.0097504 0.124983 -0.364396 -0.0132288 0.12534 
-0.365298 -0.0188238 0.145645 -0.351195 -0.0278533 0.13284 0.0204981 -0.0584478 0.12998 
0.0492032 -0.0675212 0.150642 0.0336996 -0.0730723 0.13748 -0.337993 -0.0424778 0.14034 
-0.308386 -0.0459562 0.140697 -0.295184 -0.0605807 0.148197 0.0469012 -0.0876968 0.14498 
0.0756063 -0.0967702 0.165642 0.0601027 -0.102321 0.15248 -0.281983 -0.0752052 0.155697 
-0.268781 -0.0898297 0.163197 0.0733043 -0.116946 0.15998 0.102912 -0.120424 0.160337 
0.116113 -0.135049 0.167837 -0.25558 -0.104454 0.170697 -0.242378 -0.119079 0.178197 
0.0988052 -0.15179 0.195285 0.0833016 -0.157341 0.182123 0.0997074 -0.146195 0.17498 
-0.229177 -0.133703 0.185697 -0.199569 -0.137182 0.186054 -0.200472 -0.142777 0.206359 
-0.169962 -0.14066 0.186411 -0.170864 -0.146255 0.206716 -0.140355 -0.144138 0.186768 
-0.141257 -0.149733 0.207073 -0.110748 -0.147617 0.187125 -0.11165 -0.153212 0.20743 
-0.0811404 -0.151095 0.187482 -0.0820425 -0.15669 0.207787 -0.0515331 -0.154573 0.187839 
-0.0219259 -0.158052 0.188196 0.00768141 -0.16153 0.188553 0.0372887 -0.165009 0.18891 
0.0668959 -0.168487 0.189267 -0.324274 0.0661997 0.061462 -0.323372 0.0717947 0.0411571 
-0.339778 0.0606486 0.0483002 -0.294667 0.0627213 0.0618189 -0.293765 0.0683163 0.041514 
-0.264158 0.0648379 0.0418709 -0.234551 0.0613596 0.0422278 -0.204943 0.0578812 0.0425847 
-0.175336 0.0544028 0.0429416 -0.145729 0.0509244 0.0432985 -0.116122 0.047446 0.0436555 
-0.0865143 0.0439677 0.0440124 -0.0578091 0.0348942 0.0646742 -0.056907 0.0404893 0.0443693 
-0.0437055 0.0258648 0.0518694 -0.356184 0.0495025 0.0554434 -0.372589 0.0383564 0.0625866 
-0.0305039 0.0112403 0.0593695 -0.00179877 0.00216686 0.0800313 -0.0173024 -0.00338423 0.0668695 
-0.388995 0.0272103 0.0697298 -0.405401 0.0160642 0.0768729 -0.00410084 -0.0180087 0.0743696 
0.00910071 -0.0326332 0.0818697 -0.408605 -0.00970645 0.0915162 0.00589655 -0.0584038 0.096513 
-0.395404 -0.024331 0.0990163 -0.365796 -0.0278093 0.0993732 -0.336189 -0.0312877 0.0997301 
-0.337091 -0.0368828 0.120035 -0.322987 -0.0459122 0.10723 0.0190981 -0.0730283 0.104013 
0.0322996 -0.0876528 0.111513 -0.309786 -0.0605367 0.11473 -0.296584 -0.0751612 0.12223 
0.0455012 -0.102277 0.119013 0.0742064 -0.111351 0.139675 0.0751085 -0.105756 0.11937 
0.08831 -0.12038 0.12687 -0.283383 -0.0897857 0.12973 -0.253776 -0.0932641 0.130087 
-0.254678 -0.0988591 0.150392 -0.240574 -0.107889 0.137587 0.101512 -0.135005 0.13437 
0.114713 -0.149629 0.14187 -0.227372 -0.122513 0.145088 -0.228275 -0.128108 0.165393 
-0.197765 -0.125991 0.145444 -0.198667 -0.131587 0.165749 -0.184564 -0.140616 0.152945 
-0.0802383 -0.1455 0.167177 -0.0957419 -0.151051 0.154015 -0.0793362 -0.139905 0.146872 
-0.0497289 -0.143383 0.147229 -0.050631 -0.148978 0.167534 -0.0201217 -0.146862 0.147586 
-0.0210238 -0.152457 0.167891 0.00948561 -0.15034 0.147943 0.00858351 -0.155935 0.168248 
0.0390929 -0.153819 0.1483 0.0381908 -0.159414 0.168605 0.0687001 -0.157297 0.148657 
0.067798 -0.162892 0.168962 0.0983074 -0.160775 0.149014 -0.171362 -0.15524 0.160445 
-0.141755 -0.158719 0.160802 -0.112148 -0.162197 0.161158 -0.263256 0.070433 0.021566 
-0.262354 0.076028 0.00126104 -0.278759 0.0648819 0.00840422 -0.233649 0.0669546 0.0219229 
-0.232746 0.0725496 0.00161796 -0.204041 0.0634762 0.0222798 -0.203139 0.0690713 0.00197487 
-0.174434 0.0599979 0.0226367 -0.173532 0.0655929 0.00233178 -0.144827 0.0565194 0.0229936 
-0.143925 0.0621145 0.0026887 -0.115219 0.0530411 0.0233505 -0.114317 0.0586361 0.00304561 
-0.101116 0.0440116 0.0105457 -0.355282 0.0550975 0.0351385 -0.35438 0.0606926 0.0148336 
-0.370785 0.0495464 0.0219767 -0.324772 0.0572142 0.0151905 -0.295165 0.0537358 0.0155474 
-0.0879143 0.0293871 0.0180458 -0.058307 0.0259087 0.0184027 -0.0451054 0.0112842 0.0259028 
-0.388093 0.0328053 0.0494248 -0.387191 0.0384003 0.0291199 -0.403597 0.0272542 0.0362631 
-0.0319039 -0.00334029 0.0334029 -0.0187023 -0.0179648 0.040903 -0.406801 0.00148361 0.0509064 
-0.00550079 -0.0325893 0.0484031 0.00770076 -0.0472138 0.0559031 -0.410005 -0.024287 0.0655496 
0.0209023 -0.0618383 0.0634032 0.0200002 -0.0674333 0.0837081 0.0341039 -0.0764628 0.0709033 
-0.396803 -0.0389115 0.0730497 -0.367196 -0.0423899 0.0734066 -0.337589 -0.0458683 0.0737635 
-0.324387 -0.0604928 0.0812636 0.0464033 -0.0966823 0.0987083 0.0473054 -0.0910873 0.0784034 
0.0760106 -0.100161 0.0990652 0.0769127 -0.0945657 0.0787603 0.0901142 -0.10919 0.0862604 
-0.311186 -0.0751173 0.0887637 -0.281579 -0.0785957 0.0891206 -0.282481 -0.0841907 0.109426 
-0.268377 -0.0932202 0.0966207 0.0869101 -0.134961 0.100904 -0.255176 -0.107845 0.104121 
-0.241974 -0.122469 0.111621 0.0103877 -0.144745 0.127638 -0.0051159 -0.150296 0.114476 
0.0112898 -0.13915 0.107333 0.0408971 -0.142629 0.10769 0.039995 -0.148224 0.127995 
0.0705043 -0.146107 0.108047 0.0696022 -0.151702 0.128352 0.0992095 -0.15518 0.128709 
-0.228772 -0.137094 0.119121 -0.199165 -0.140572 0.119478 -0.169558 -0.14405 0.119835 
-0.17046 -0.149645 0.14014 -0.139951 -0.147529 0.120192 -0.140853 -0.153124 0.140497 
-0.110343 -0.151007 0.120549 -0.111245 -0.156602 0.140854 -0.0807361 -0.154486 0.120906 
-0.0511289 -0.157964 0.121262 -0.0215216 -0.161442 0.121619 -0.32387 0.0628092 -0.00511445 
-0.322968 0.0684042 -0.0254194 -0.339374 0.0572581 -0.0182762 -0.294263 0.0593308 -0.00475754 
-0.293361 0.0649258 -0.0250625 -0.263754 0.0614475 -0.0247055 -0.234146 0.0579691 -0.0243486 
-0.204539 0.0544907 -0.0239917 -0.174932 0.0510123 -0.0236348 -0.145325 0.0475339 -0.0232779 
-0.115717 0.0440555 -0.022921 -0.102516 0.029431 -0.0154209 -0.35578 0.046112 -0.011133 
-0.372185 0.0349659 -0.00398985 -0.0893142 0.0148065 -0.00792081 -0.059707 0.0113282 -0.00756389 
-0.0465054 -0.00329635 -6.38107e-05 -0.389493 0.0182247 0.0234583 -0.375389 0.00919527 0.0106534 
-0.0333039 -0.0179208 0.00743628 -0.0201023 -0.0325453 0.0149364 -0.391795 -0.00195084 0.0177966 
-0.408201 -0.013097 0.0249398 -0.00690076 -0.0471698 0.0224365 0.00630079 -0.0617943 0.0299365 
0.0514117 -0.0597216 0.0434552 0.0523138 -0.0541266 0.0231503 0.0359081 -0.0652727 0.0302935 
0.0655153 -0.0687511 0.0306504 -0.394999 -0.0277215 0.0324399 -0.395901 -0.0333165 0.0527448 
-0.365392 -0.0311998 0.0327968 -0.366294 -0.0367949 0.0531017 -0.335785 -0.0346782 0.0331537 
-0.336687 -0.0402732 0.0534586 -0.322583 -0.0493027 0.0406538 0.0195023 -0.0764188 0.0374366 
0.0482075 -0.0854923 0.0580985 0.0787169 -0.0833756 0.0381505 0.0778148 -0.0889706 0.0584554 
0.0919184 -0.0980001 0.0456505 -0.309382 -0.0639272 0.0481538 -0.310284 -0.0695223 0.0684588 
-0.29618 -0.0785517 0.0556539 0.0887143 -0.123771 0.0602938 -0.282979 -0.0931762 0.063154 
-0.253371 -0.0966546 0.0635109 -0.254273 -0.10225 0.0838159 -0.24017 -0.111279 0.071011 
0.0855101 -0.149541 0.0749371 -0.226968 -0.125904 0.0785111 -0.22787 -0.131499 0.098816 
-0.197361 -0.129382 0.078868 -0.198263 -0.134977 0.0991729 -0.167754 -0.13286 0.0792249 
-0.168656 -0.138455 0.0995299 -0.138146 -0.136339 0.0795818 -0.139049 -0.141934 0.0998868 
-0.108539 -0.139817 0.0799388 -0.109441 -0.145412 0.100244 -0.0789319 -0.143296 0.0802957 
-0.079834 -0.148891 0.100601 -0.0493247 -0.146774 0.0806526 -0.0502268 -0.152369 0.100958 
-0.0197174 -0.150252 0.0810095 -0.0206195 -0.155847 0.101314 0.00988986 -0.153731 0.0813664 
0.0394971 -0.157209 0.0817233 0.0691044 -0.160687 0.0820802 -0.354878 0.051707 -0.031438 
-0.353975 0.0573021 -0.0517429 -0.370381 0.0461559 -0.0445997 -0.324368 0.0538237 -0.051386 
-0.294761 0.0503453 -0.0510291 -0.265154 0.0468669 -0.0506721 -0.235546 0.0433885 -0.0503152 
-0.205939 0.0399101 -0.0499583 -0.176332 0.0364317 -0.0496014 -0.146725 0.0329534 -0.0492445 
-0.117117 0.029475 -0.0488876 -0.0884121 0.0204016 -0.0282257 -0.08751 0.0259966 -0.0485307 
-0.0743085 0.0113721 -0.0410306 -0.387689 0.0294148 -0.0171516 -0.386787 0.0350098 -0.0374565 
-0.403193 0.0238637 -0.0303134 -0.0611069 -0.0032524 -0.0335305 -0.0324018 -0.0123258 -0.0128687 
-0.0314996 -0.00673079 -0.0331736 -0.0182981 -0.0213553 -0.0256735 -0.390893 0.00364419 -0.00250834 
-0.406397 -0.0019069 -0.0156701 -0.00599865 -0.0415748 0.00213153 -0.00509655 -0.0359798 -0.0181734 
0.008105 -0.0506043 -0.0106733 -0.423705 -0.018648 0.011778 -0.422802 -0.013053 -0.00852691 
-0.439208 -0.0241991 -0.00138374 0.0204044 -0.0708238 0.0171317 0.0213065 -0.0652288 -0.00317322 
0.0509138 -0.0687072 -0.00281631 0.0641154 -0.0833317 0.00468378 -0.426007 -0.0388236 0.00611634 
-0.396399 -0.042302 0.00647326 -0.366792 -0.0457804 0.00683017 -0.337185 -0.0492588 0.00718708 
-0.323983 -0.0638833 0.0146872 0.0773169 -0.0979562 0.0121839 0.0905185 -0.112581 0.019684 
-0.310782 -0.0785078 0.0221873 -0.281174 -0.0819862 0.0225442 -0.282077 -0.0875812 0.0428491 
-0.267973 -0.0966107 0.0300443 0.0873143 -0.138351 0.0343272 -0.254771 -0.111235 0.0375443 
-0.225164 -0.114714 0.0379013 -0.226066 -0.120309 0.0582062 -0.211963 -0.129338 0.0454013 
-0.0188153 -0.144657 0.0607046 -0.0343189 -0.150208 0.0475428 -0.0179132 -0.139062 0.0403997 
-0.00471165 -0.153687 0.0478997 0.0700065 -0.155092 0.0617753 0.0545029 -0.160644 0.0486136 
0.0709086 -0.149497 0.0414704 -0.198761 -0.143963 0.0529014 -0.169154 -0.147441 0.0532584 
-0.139546 -0.150919 0.0536153 -0.109939 -0.154398 0.0539722 -0.0803319 -0.157876 0.0543291 
-0.0507246 -0.161354 0.054686 0.00848989 -0.168311 0.0553998 0.0380972 -0.17179 0.0557567 
-0.293859 0.0559403 -0.071334 -0.292957 0.0615354 -0.0916389 -0.309362 0.0503892 -0.0844957 
-0.264251 0.0524619 -0.0709771 -0.263349 0.058057 -0.091282 -0.234644 0.0489836 -0.0706202 
-0.233742 0.0545786 -0.0909251 -0.205037 0.0455052 -0.0702632 -0.204135 0.0511002 -0.0905682 
-0.17543 0.0420268 -0.0699063 -0.174528 0.0476218 -0.0902112 -0.145822 0.0385484 -0.0695494 
-0.14492 0.0441434 -0.0898543 -0.131719 0.0295189 -0.0823543 -0.355375 0.0427215 -0.0777095 
-0.371781 0.0315754 -0.0705663 -0.325768 0.0392431 -0.0773526 -0.118517 0.0148944 -0.0748542 
-0.08891 0.011416 -0.0744972 -0.0602048 0.00234263 -0.0538354 -0.0593027 0.00793766 -0.0741403 
-0.0461012 -0.00668684 -0.0666403 -0.388187 0.0204293 -0.0634231 -0.404592 0.00928316 -0.05628 
-0.0328996 -0.0213113 -0.0591402 -0.00419445 -0.0303848 -0.0384783 -0.00329235 -0.0247897 -0.0587832 
0.0099092 -0.0394142 -0.0512832 -0.391391 -0.00534134 -0.0487799 -0.392293 -0.0109364 -0.0284749 
-0.378189 -0.0199658 -0.0412798 0.0222086 -0.0596338 -0.0234781 0.0231108 -0.0540387 -0.0437831 
0.0363123 -0.0686632 -0.036283 -0.425104 -0.0332286 -0.0141886 -0.411001 -0.0422581 -0.0269934 
-0.394595 -0.031112 -0.0341366 0.0495139 -0.0832877 -0.0287829 0.0627154 -0.0979122 -0.0212828 
-0.397799 -0.0568826 -0.0194933 -0.368192 -0.060361 -0.0191364 -0.338585 -0.0638393 -0.0187795 
-0.325383 -0.0784638 -0.0112794 0.0759169 -0.112537 -0.0137827 0.0891185 -0.127161 -0.00628264 
-0.312182 -0.0930883 -0.00377933 -0.282574 -0.0965667 -0.00342242 -0.252967 -0.100045 -0.00306551 
-0.253869 -0.10564 0.0172394 -0.239766 -0.11467 0.00443458 0.0859143 -0.152932 0.00836063 
-0.226564 -0.129294 0.0119347 -0.196957 -0.132772 0.0122916 -0.197859 -0.138368 0.0325965 
-0.167349 -0.136251 0.0126485 -0.168252 -0.141846 0.0329534 -0.137742 -0.139729 0.0130054 
-0.138644 -0.145324 0.0333103 -0.108135 -0.143208 0.0133623 -0.109037 -0.148803 0.0336672 
-0.0785277 -0.146686 0.0137192 -0.0794298 -0.152281 0.0340242 -0.0489204 -0.150164 0.0140761 
-0.0498225 -0.155759 0.0343811 -0.0193132 -0.153643 0.0144331 0.0102941 -0.157121 0.01479 
0.009392 -0.162716 0.0350949 0.0399014 -0.1606 0.0151469 0.0389993 -0.166195 0.0354518 
0.0695086 -0.164078 0.0155038 -0.324866 0.0448382 -0.0976575 -0.323964 0.0504332 -0.117962 
-0.34037 0.0392871 -0.110819 -0.294357 0.0469548 -0.117605 -0.264749 0.0434764 -0.117249 
-0.235142 0.039998 -0.116892 -0.205535 0.0365196 -0.116535 -0.175928 0.0330412 -0.116178 
-0.14632 0.0295629 -0.115821 -0.117615 0.0204895 -0.0951591 -0.116713 0.0260845 -0.115464 
-0.103511 0.01146 -0.107964 -0.356775 0.0281409 -0.103676 -0.373181 0.0169948 -0.0965329 
-0.0903099 -0.00316452 -0.100464 -0.0607027 -0.0066429 -0.100107 -0.0319975 -0.0157163 -0.0794451 
-0.0310954 -0.0101213 -0.09975 -0.0178939 -0.0247458 -0.0922499 -0.390489 0.000253688 -0.0690848 
-0.376385 -0.00877578 -0.0818896 -0.00469231 -0.0393703 -0.0847498 0.0240129 -0.0484437 -0.064088 
0.024915 -0.0428487 -0.0843929 0.0381165 -0.0574732 -0.0768928 -0.379589 -0.0345464 -0.0672464 
0.050416 -0.0776927 -0.0490878 0.0513181 -0.0720977 -0.0693927 0.0645196 -0.0867222 -0.0618927 
-0.396897 -0.0512875 -0.0397983 -0.382794 -0.060317 -0.0526031 0.076819 -0.106942 -0.0340877 
0.0777211 -0.101347 -0.0543926 0.0909227 -0.115971 -0.0468925 -0.369592 -0.0749415 -0.045103 
-0.339985 -0.0784199 -0.0447461 -0.310377 -0.0818983 -0.0443892 -0.31128 -0.0874933 -0.0240843 
-0.297176 -0.0965228 -0.0368891 0.103222 -0.136191 -0.0190875 0.104124 -0.130596 -0.0393924 
0.117326 -0.14522 -0.0318923 -0.283974 -0.111147 -0.029389 -0.254367 -0.114626 -0.0290321 
-0.22476 -0.118104 -0.0286752 -0.225662 -0.123699 -0.00837026 -0.211558 -0.132729 -0.0211751 
-0.107233 -0.137613 -0.0069426 -0.122736 -0.143164 -0.0201044 -0.106331 -0.132018 -0.0272475 
-0.0767235 -0.135496 -0.0268906 -0.0776256 -0.141091 -0.00658569 -0.0471162 -0.138974 -0.0265337 
-0.0480183 -0.144569 -0.00622878 -0.017509 -0.142453 -0.0261768 -0.0184111 -0.148048 -0.00587187 
0.0120983 -0.145931 -0.0258199 0.0111962 -0.151526 -0.00551495 0.0417056 -0.14941 -0.025463 
0.0408035 -0.155005 -0.00515804 0.0549071 -0.164034 -0.0179629 0.0845144 -0.167512 -0.017606 
0.10092 -0.156366 -0.0247491 -0.198357 -0.147353 -0.013675 -0.168749 -0.150831 -0.0133181 
-0.139142 -0.15431 -0.0129612 0.0681087 -0.178659 -0.0104628 -0.293455 0.0525498 -0.13791 
-0.292552 0.0581449 -0.158215 -0.308958 0.0469987 -0.151072 -0.263847 0.0490714 -0.137554 
-0.262945 0.0546665 -0.157858 -0.23424 0.0455931 -0.137197 -0.233338 0.0511881 -0.157502 
-0.204633 0.0421147 -0.13684 -0.203731 0.0477097 -0.157145 -0.175025 0.0386363 -0.136483 
-0.174123 0.0442313 -0.156788 -0.160922 0.0296068 -0.149288 -0.355873 0.033736 -0.123981 
-0.354971 0.039331 -0.144286 -0.371377 0.0281849 -0.137143 -0.325364 0.0358526 -0.143929 
-0.14772 0.0149823 -0.141788 -0.118113 0.0115039 -0.141431 -0.0894078 0.00243051 -0.120769 
-0.0885057 0.00802554 -0.141074 -0.0753042 -0.00659896 -0.133574 -0.374581 0.00241428 -0.122499 
-0.0621026 -0.0212235 -0.126074 -0.0324954 -0.0247018 -0.125717 -0.00379021 -0.0337753 -0.105055 
-0.0028881 -0.0281802 -0.12536 0.0258171 -0.0372536 -0.104698 0.0267192 -0.0316586 -0.125003 
0.0399207 -0.0462831 -0.117503 -0.377785 -0.0233563 -0.107856 0.0522202 -0.0665026 -0.0896977 
0.0531223 -0.0609076 -0.110003 0.0663238 -0.0755321 -0.102503 -0.395093 -0.0400975 -0.0804081 
-0.394191 -0.0345025 -0.100713 -0.410597 -0.0456486 -0.0935699 0.0786232 -0.0957516 -0.0746975 
0.0795253 -0.0901566 -0.0950024 0.0927269 -0.104781 -0.0875024 -0.397395 -0.0602731 -0.0860698 
-0.367788 -0.0637515 -0.0857129 -0.36869 -0.0693465 -0.0654079 -0.33818 -0.0672298 -0.0853559 
-0.339083 -0.0728249 -0.065051 -0.324979 -0.0818543 -0.0778558 0.105026 -0.125001 -0.0596973 
0.105928 -0.119406 -0.0800023 0.11913 -0.13403 -0.0725022 -0.311777 -0.0964788 -0.0703558 
-0.28217 -0.0999572 -0.0699989 -0.283072 -0.105552 -0.0496939 -0.268969 -0.114582 -0.0624988 
0.101822 -0.150771 -0.0450541 0.0863186 -0.156322 -0.0582158 0.102724 -0.145176 -0.065359 
-0.255767 -0.129206 -0.0549987 -0.22616 -0.132685 -0.0546418 -0.196552 -0.136163 -0.0542849 
-0.197455 -0.141758 -0.0339799 -0.166945 -0.139641 -0.0539279 -0.167847 -0.145236 -0.033623 
-0.137338 -0.14312 -0.053571 -0.13824 -0.148715 -0.0332661 -0.107731 -0.146598 -0.0532141 
-0.0781235 -0.150077 -0.0528572 -0.0485162 -0.153555 -0.0525003 -0.0189089 -0.157033 -0.0521434 
0.0106983 -0.160512 -0.0517865 0.0403056 -0.16399 -0.0514296 0.0699129 -0.167468 -0.0510726 
0.0690108 -0.173063 -0.0307677 -0.324462 0.0414477 -0.164234 -0.32356 0.0470427 -0.184539 
-0.339965 0.0358966 -0.177396 -0.293952 0.0435643 -0.184182 -0.264345 0.0400859 -0.183825 
-0.234738 0.0366075 -0.183468 -0.205131 0.0331291 -0.183111 -0.175523 0.0296508 -0.182754 
-0.146818 0.0205773 -0.162092 -0.145916 0.0261724 -0.182397 -0.132714 0.0115479 -0.174897 
-0.356371 0.0247505 -0.170253 -0.372777 0.0136043 -0.163109 -0.119513 -0.00307663 -0.167397 
-0.0899057 -0.00655502 -0.16704 -0.0612005 -0.0156284 -0.146378 -0.0602984 -0.0100334 -0.166683 
-0.0315933 -0.0191068 -0.146022 -0.0306912 -0.0135118 -0.166326 -0.0174896 -0.0281363 -0.158826 
-0.390085 -0.00313681 -0.135661 -0.389182 0.00245822 -0.155966 -0.405588 -0.00868789 -0.148823 
-0.00428806 -0.0427608 -0.151326 0.0253192 -0.0462392 -0.150969 0.0540244 -0.0553126 -0.130308 
0.0549265 -0.0497176 -0.150612 0.068128 -0.0643421 -0.143112 -0.392387 -0.0233124 -0.141323 
-0.379185 -0.0379369 -0.133823 0.0804275 -0.0845616 -0.115307 0.0813296 -0.0789666 -0.135612 
0.0945311 -0.0935911 -0.128112 -0.395591 -0.049083 -0.12668 -0.411996 -0.0602291 -0.119536 
0.106831 -0.113811 -0.100307 0.107733 -0.108216 -0.120612 0.120934 -0.12284 -0.113112 
-0.398795 -0.0748536 -0.112036 -0.369188 -0.078332 -0.111679 -0.33958 -0.0818104 -0.111323 
-0.309973 -0.0852888 -0.110966 -0.310875 -0.0908838 -0.0906607 -0.296772 -0.0999133 -0.103466 
0.11773 -0.148611 -0.0984688 -0.28357 -0.114538 -0.0959655 -0.253963 -0.118016 -0.0956085 
-0.254865 -0.123611 -0.0753036 -0.224356 -0.121495 -0.0952516 -0.225258 -0.12709 -0.0749467 
-0.194748 -0.124973 -0.0948947 -0.19565 -0.130568 -0.0745898 -0.165141 -0.128451 -0.0945378 
-0.166043 -0.134046 -0.0742329 -0.135534 -0.13193 -0.0941809 -0.136436 -0.137525 -0.073876 
-0.105927 -0.135408 -0.093824 -0.106829 -0.141003 -0.073519 -0.0763192 -0.138886 -0.0934671 
-0.0772213 -0.144482 -0.0731621 -0.046712 -0.142365 -0.0931102 -0.0476141 -0.14796 -0.0728052 
-0.0171047 -0.145843 -0.0927532 -0.0180068 -0.151438 -0.0724483 0.0125025 -0.149322 -0.0923963 
0.0116004 -0.154917 -0.0720914 0.0421098 -0.1528 -0.0920394 0.0412077 -0.158395 -0.0717345 
0.0717171 -0.156278 -0.0916825 0.070815 -0.161873 -0.0713776 0.101324 -0.159757 -0.0913256 
-0.233836 0.0422026 -0.203773 -0.232934 0.0477976 -0.224078 -0.249339 0.0366515 -0.216935 
-0.204228 0.0387242 -0.203416 -0.203326 0.0443192 -0.223721 -0.174621 0.0352458 -0.203059 
-0.173719 0.0408408 -0.223364 -0.160518 0.0262163 -0.215864 -0.32496 0.0324621 -0.210505 
-0.341365 0.021316 -0.203362 -0.295352 0.0289837 -0.210149 -0.265745 0.0255053 -0.209792 
-0.147316 0.0115918 -0.208364 -0.118611 0.0025184 -0.187702 -0.117709 0.00811343 -0.208007 
-0.104507 -0.00651107 -0.200507 -0.357771 0.0101699 -0.196219 -0.374177 -0.000976223 -0.189076 
-0.0913056 -0.0211356 -0.193007 -0.0616984 -0.024614 -0.19265 -0.0320911 -0.0280923 -0.192293 
-0.00338596 -0.0371658 -0.171631 -0.00248386 -0.0315707 -0.191936 0.0107177 -0.0461952 -0.184436 
-0.391484 -0.0177174 -0.161628 -0.377381 -0.0267468 -0.174433 0.0239192 -0.0608197 -0.176936 
0.0535265 -0.0642981 -0.176579 0.0822317 -0.0733715 -0.155917 0.0831337 -0.0677765 -0.176222 
0.111839 -0.0768499 -0.15556 0.112741 -0.0712549 -0.175865 0.125943 -0.0858794 -0.168365 
-0.380585 -0.0525175 -0.159789 0.108635 -0.102621 -0.140917 0.139144 -0.100504 -0.160865 
0.138242 -0.106099 -0.14056 0.152346 -0.115128 -0.153365 -0.397893 -0.0692586 -0.132341 
-0.383789 -0.0782881 -0.145146 0.135038 -0.13187 -0.125917 0.149142 -0.140899 -0.138722 
-0.370588 -0.0929126 -0.137646 -0.34098 -0.096391 -0.137289 -0.311373 -0.0998693 -0.136932 
-0.281766 -0.103348 -0.136575 -0.282668 -0.108943 -0.11627 -0.268564 -0.117972 -0.129075 
-0.0754171 -0.133291 -0.113772 -0.0909208 -0.138843 -0.126934 -0.074515 -0.127696 -0.134077 
-0.0449078 -0.131175 -0.13372 -0.0458099 -0.13677 -0.113415 -0.0153005 -0.134653 -0.133363 
-0.0162026 -0.140248 -0.113058 0.0143068 -0.138132 -0.133006 0.0134046 -0.143727 -0.112701 
0.043914 -0.14161 -0.132649 0.0430119 -0.147205 -0.112344 0.0571156 -0.156234 -0.125149 
0.11633 -0.163191 -0.124435 0.132736 -0.152045 -0.131579 -0.255363 -0.132597 -0.121575 
-0.225756 -0.136075 -0.121218 -0.196148 -0.139554 -0.120861 -0.166541 -0.143032 -0.120504 
-0.136934 -0.14651 -0.120147 -0.107326 -0.149989 -0.119791 0.0703171 -0.170859 -0.117649 
0.0999244 -0.174337 -0.117292 -0.29445 0.0345788 -0.230453 -0.293548 0.0401738 -0.250758 
-0.309954 0.0290277 -0.243615 -0.264843 0.0311004 -0.230097 -0.263941 0.0366954 -0.250401 
-0.234334 0.033217 -0.250045 -0.204726 0.0297386 -0.249688 -0.175119 0.0262603 -0.249331 
-0.146414 0.0171868 -0.228669 -0.145512 0.0227819 -0.248974 -0.13231 0.00815737 -0.241474 
-0.32636 0.0178816 -0.236472 -0.342765 0.00673546 -0.229329 -0.119109 -0.00646713 -0.233974 
-0.0904035 -0.0155405 -0.213312 -0.0895014 -0.00994551 -0.233617 -0.0607963 -0.0190189 -0.212955 
-0.0598942 -0.0134239 -0.23326 -0.031189 -0.0224973 -0.212598 -0.0302869 -0.0169023 -0.232903 
-0.0170854 -0.0315268 -0.225403 -0.359171 -0.00441066 -0.222186 -0.375577 -0.0155568 -0.215043 
-0.00388382 -0.0461513 -0.217903 0.0248213 -0.0552247 -0.197241 0.0257234 -0.0496297 -0.217546 
0.0544286 -0.0587031 -0.196884 0.0553307 -0.0531081 -0.217189 0.0840359 -0.0621815 -0.196527 
0.084938 -0.0565864 -0.216832 0.0981395 -0.0712109 -0.209332 -0.378781 -0.0413274 -0.200399 
0.111341 -0.0858354 -0.201832 0.140046 -0.0949088 -0.18117 0.140948 -0.0893138 -0.201475 
0.169654 -0.0983872 -0.180813 0.170556 -0.0927922 -0.201118 0.183757 -0.107417 -0.193618 
-0.396089 -0.0580685 -0.172951 -0.395187 -0.0524735 -0.193256 -0.411592 -0.0636196 -0.186113 
0.166449 -0.124158 -0.16617 0.180553 -0.133187 -0.178975 -0.398391 -0.0782441 -0.178613 
-0.368783 -0.0817225 -0.178256 -0.369686 -0.0873175 -0.157951 -0.339176 -0.0852009 -0.177899 
-0.340078 -0.0907959 -0.157594 -0.309569 -0.0886793 -0.177542 -0.310471 -0.0942743 -0.157237 
-0.296367 -0.103304 -0.170042 -0.0440057 -0.12558 -0.154025 -0.0595093 -0.131131 -0.167187 
-0.0431036 -0.119985 -0.17433 -0.0134963 -0.123463 -0.173973 -0.0143984 -0.129058 -0.153668 
-0.000294761 -0.138088 -0.166473 0.163245 -0.149928 -0.151527 0.177349 -0.158958 -0.164331 
-0.283166 -0.117928 -0.162542 -0.253559 -0.121407 -0.162185 -0.254461 -0.127002 -0.14188 
-0.223951 -0.124885 -0.161828 -0.224853 -0.13048 -0.141523 -0.194344 -0.128363 -0.161471 
-0.195246 -0.133958 -0.141166 -0.164737 -0.131842 -0.161114 -0.165639 -0.137437 -0.140809 
-0.13513 -0.13532 -0.160757 -0.136032 -0.140915 -0.140452 -0.105522 -0.138799 -0.1604 
-0.106424 -0.144394 -0.140095 -0.075915 -0.142277 -0.160044 0.0129068 -0.152712 -0.158973 
0.0425141 -0.15619 -0.158616 0.0721213 -0.159669 -0.158259 0.0712192 -0.165264 -0.137954 
0.101729 -0.163147 -0.157902 0.100826 -0.168742 -0.137597 0.131336 -0.166626 -0.157545 
0.160943 -0.170104 -0.157188 -0.233432 0.0388121 -0.27035 -0.232529 0.0444071 -0.290654 
-0.248935 0.033261 -0.283511 -0.203824 0.0353337 -0.269993 -0.202922 0.0409287 -0.290298 
-0.174217 0.0318553 -0.269636 -0.173315 0.0374503 -0.289941 -0.160113 0.0228258 -0.28244 
-0.325457 0.0234766 -0.256777 -0.324555 0.0290716 -0.277082 -0.340961 0.0179255 -0.269939 
-0.294948 0.0255932 -0.276725 -0.265341 0.0221149 -0.276368 -0.146912 0.00820132 -0.27494 
-0.118207 -0.000872105 -0.254279 -0.117304 0.00472294 -0.274584 -0.0885993 -0.00435049 -0.253922 
-0.0876972 0.00124455 -0.274227 -0.0744957 -0.01338 -0.266726 -0.358269 0.00118437 -0.242491 
-0.357367 0.0067794 -0.262796 -0.373772 -0.00436672 -0.255652 -0.0612941 -0.0280045 -0.259226 
-0.0316869 -0.0314828 -0.258869 -0.00298172 -0.0405563 -0.238208 -0.00207962 -0.0349612 -0.258513 
0.0266255 -0.0440346 -0.237851 0.0275276 -0.0384396 -0.258156 0.0562328 -0.047513 -0.237494 
0.0571349 -0.041918 -0.257799 0.0703365 -0.0565425 -0.250299 -0.361473 -0.0245862 -0.227847 
-0.360571 -0.0189912 -0.248152 -0.347369 -0.0336157 -0.240652 0.083538 -0.071167 -0.242799 
0.112243 -0.0802404 -0.222137 0.113145 -0.0746454 -0.242442 0.14185 -0.0837188 -0.22178 
0.142753 -0.0781238 -0.242085 0.171458 -0.0871972 -0.221423 0.17236 -0.0816022 -0.241728 
0.201065 -0.0906756 -0.221066 0.201967 -0.0850805 -0.241371 0.215169 -0.099705 -0.233871 
-0.363775 -0.0447618 -0.233509 -0.380181 -0.0559079 -0.226366 0.197861 -0.116446 -0.206423 
0.22837 -0.11433 -0.226371 0.227468 -0.119925 -0.206066 0.241572 -0.128954 -0.218871 
-0.397489 -0.0726491 -0.198918 -0.383385 -0.0816786 -0.211723 0.194657 -0.142217 -0.191779 
0.20876 -0.151246 -0.204584 0.225166 -0.1401 -0.211727 -0.370183 -0.0963031 -0.204223 
-0.340576 -0.0997814 -0.203866 -0.310969 -0.10326 -0.203509 -0.281362 -0.106738 -0.203152 
-0.282264 -0.112333 -0.182847 -0.26816 -0.121363 -0.195652 -0.134227 -0.129725 -0.181062 
-0.149731 -0.135276 -0.194224 -0.133325 -0.12413 -0.201367 -0.103718 -0.127609 -0.20101 
-0.10462 -0.133204 -0.180705 -0.0741108 -0.131087 -0.200653 -0.0750129 -0.136682 -0.180348 
-0.0445035 -0.134565 -0.200296 -0.0148963 -0.138044 -0.19994 0.014711 -0.141522 -0.199583 
0.0138089 -0.147117 -0.179278 0.0443183 -0.145 -0.199226 0.0434162 -0.150595 -0.178921 
0.0739255 -0.148479 -0.198869 0.0730234 -0.154074 -0.178564 0.103533 -0.151957 -0.198512 
0.102631 -0.157552 -0.178207 0.116734 -0.166582 -0.191012 0.161845 -0.164509 -0.177493 
0.146342 -0.17006 -0.190655 0.162747 -0.158914 -0.197798 0.192355 -0.162392 -0.197441 
-0.254959 -0.135987 -0.188152 -0.225351 -0.139466 -0.187795 -0.195744 -0.142944 -0.187438 
-0.166137 -0.146422 -0.187081 0.129936 -0.181206 -0.183512 -0.294046 0.0311883 -0.29703 
-0.293144 0.0367833 -0.317335 -0.30955 0.0256372 -0.310192 -0.264439 0.0277099 -0.296673 
-0.263537 0.0333049 -0.316978 -0.233929 0.0298265 -0.316621 -0.204322 0.0263481 -0.316264 
-0.174715 0.0228698 -0.315907 -0.14601 0.0137964 -0.295245 -0.145108 0.0193914 -0.31555 
-0.116402 0.010318 -0.294888 -0.1155 0.015913 -0.315193 -0.102299 0.00128849 -0.307693 
-0.325955 0.0144911 -0.303048 -0.342361 0.00334495 -0.295905 -0.0890972 -0.013336 -0.300193 
-0.060392 -0.0224094 -0.279531 -0.0594899 -0.0168144 -0.299836 -0.0307848 -0.0258878 -0.279174 
-0.0298827 -0.0202928 -0.299479 -0.00117752 -0.0293662 -0.278818 -0.000275412 -0.0237712 -0.299122 
0.0284297 -0.0328446 -0.278461 0.0293318 -0.0272496 -0.298766 0.058037 -0.036323 -0.278104 
0.0589391 -0.0307279 -0.298409 0.0721407 -0.0453524 -0.290909 -0.359669 -0.0133962 -0.268457 
-0.345565 -0.0224257 -0.281262 0.0844401 -0.065572 -0.263104 0.0853422 -0.0599769 -0.283408 
0.114047 -0.0690503 -0.262747 0.114949 -0.0634553 -0.283052 0.143655 -0.0725287 -0.26239 
0.144557 -0.0669337 -0.282695 0.173262 -0.0760071 -0.262033 0.174164 -0.0704121 -0.282338 
0.202869 -0.0794855 -0.261676 0.203771 -0.0738905 -0.281981 0.216973 -0.088515 -0.274481 
-0.348769 -0.0481963 -0.266619 0.229272 -0.108735 -0.246676 0.230174 -0.103139 -0.266981 
0.25888 -0.112213 -0.246319 0.259782 -0.106618 -0.266624 0.272983 -0.121242 -0.259124 
-0.365175 -0.0593424 -0.259476 -0.381581 -0.0704885 -0.252332 0.255675 -0.137984 -0.231675 
0.269779 -0.147013 -0.24448 -0.368379 -0.085113 -0.244832 -0.369281 -0.090708 -0.224527 
-0.338772 -0.0885914 -0.244475 -0.339674 -0.0941864 -0.224171 -0.309165 -0.0920698 -0.244119 
-0.310067 -0.0976648 -0.223814 -0.295963 -0.106694 -0.236618 -0.0732087 -0.125492 -0.220958 
-0.0887123 -0.131043 -0.23412 -0.0723066 -0.119897 -0.241263 -0.0426993 -0.123375 -0.240906 
-0.0436014 -0.12897 -0.220601 -0.0130921 -0.126854 -0.240549 -0.0139942 -0.132449 -0.220244 
0.0165152 -0.130332 -0.240192 0.0156131 -0.135927 -0.219888 0.0461225 -0.13381 -0.239836 
0.0452204 -0.139405 -0.219531 0.0757297 -0.137289 -0.239479 0.0748276 -0.142884 -0.219174 
0.105337 -0.140767 -0.239122 0.104435 -0.146362 -0.218817 0.118539 -0.155392 -0.231622 
0.222864 -0.160276 -0.217389 0.252471 -0.163754 -0.217032 0.266575 -0.172784 -0.229837 
-0.282762 -0.121319 -0.229118 -0.253154 -0.124797 -0.228761 -0.254056 -0.130392 -0.208457 
-0.223547 -0.128276 -0.228405 -0.224449 -0.133871 -0.2081 -0.19394 -0.131754 -0.228048 
-0.194842 -0.137349 -0.207743 -0.164333 -0.135232 -0.227691 -0.165235 -0.140827 -0.207386 
-0.134725 -0.138711 -0.227334 -0.105118 -0.142189 -0.226977 0.13174 -0.170016 -0.224122 
0.130838 -0.175611 -0.203817 0.161347 -0.173495 -0.223765 0.190955 -0.176973 -0.223408 
0.220562 -0.180451 -0.223051 0.250169 -0.18393 -0.222694 -0.262635 0.0388999 -0.337283 
-0.261732 0.044495 -0.357588 -0.278138 0.0333489 -0.350445 -0.233027 0.0354216 -0.336926 
-0.232125 0.0410166 -0.357231 -0.20342 0.0319432 -0.336569 -0.202518 0.0375382 -0.356874 
-0.173813 0.0284648 -0.336212 -0.172911 0.0340598 -0.356517 -0.144205 0.0249864 -0.335855 
-0.143303 0.0305814 -0.35616 -0.114598 0.021508 -0.335498 -0.113696 0.027103 -0.355803 
-0.100495 0.0124785 -0.348303 -0.325053 0.0200861 -0.323353 -0.324151 0.0256811 -0.343658 
-0.340557 0.014535 -0.336515 -0.294544 0.0222027 -0.343301 -0.0881951 -0.00774098 -0.320498 
-0.087293 -0.00214595 -0.340803 -0.0585878 -0.0112194 -0.320141 -0.0576857 -0.00562433 -0.340446 
-0.0289806 -0.0146977 -0.319784 -0.0280785 -0.00910272 -0.340089 0.000626689 -0.0181761 -0.319427 
0.00152879 -0.0125811 -0.339732 0.0147303 -0.0272056 -0.332232 -0.343761 -0.0112356 -0.321872 
0.0279319 -0.0418301 -0.324732 0.0575392 -0.0453085 -0.324375 0.0862443 -0.0543819 -0.303713 
0.0871464 -0.0487869 -0.324018 0.115852 -0.0578603 -0.303356 0.116754 -0.0522653 -0.323661 
0.145459 -0.0613387 -0.303 0.146361 -0.0557436 -0.323304 0.175066 -0.0648171 -0.302643 
0.175968 -0.059222 -0.322948 0.18917 -0.0738465 -0.315447 -0.346965 -0.0370062 -0.307229 
0.202371 -0.088471 -0.307947 0.231076 -0.0975444 -0.287286 0.231979 -0.0919494 -0.307591 
0.260684 -0.101023 -0.286929 0.261586 -0.0954278 -0.307234 0.274787 -0.110052 -0.299733 
-0.350169 -0.0627768 -0.292585 0.287087 -0.130272 -0.271928 0.287989 -0.124677 -0.292233 
0.30119 -0.139301 -0.284733 -0.367477 -0.079518 -0.265137 -0.353373 -0.0885474 -0.277942 
-0.0417972 -0.11778 -0.261211 -0.0573008 -0.123331 -0.274373 -0.0408951 -0.112185 -0.281516 
-0.0112879 -0.115664 -0.281159 -0.01219 -0.121259 -0.260854 0.0183194 -0.119142 -0.280802 
0.0174173 -0.124737 -0.260497 0.0479267 -0.12262 -0.280445 0.0470246 -0.128215 -0.260141 
0.0775339 -0.126099 -0.280089 0.0766318 -0.131694 -0.259784 0.107141 -0.129577 -0.279732 
0.106239 -0.135172 -0.259427 0.120343 -0.144202 -0.272232 0.283883 -0.156042 -0.257285 
0.297986 -0.165072 -0.27009 -0.340172 -0.103172 -0.270442 -0.310565 -0.10665 -0.270085 
-0.280957 -0.110129 -0.269728 -0.281859 -0.115724 -0.249423 -0.25135 -0.113607 -0.269371 
-0.252252 -0.119202 -0.249066 -0.221743 -0.117085 -0.269014 -0.222645 -0.122681 -0.248709 
-0.192136 -0.120564 -0.268657 -0.193038 -0.126159 -0.248353 -0.162528 -0.124042 -0.268301 
-0.16343 -0.129637 -0.247996 -0.132921 -0.127521 -0.267944 -0.133823 -0.133116 -0.247639 
-0.103314 -0.130999 -0.267587 -0.104216 -0.136594 -0.247282 -0.0737066 -0.134477 -0.26723 
0.133544 -0.158826 -0.264731 0.132642 -0.164421 -0.244426 0.163152 -0.162305 -0.264374 
0.162249 -0.1679 -0.24407 0.192759 -0.165783 -0.264018 0.191857 -0.171378 -0.243713 
0.222366 -0.169261 -0.263661 0.221464 -0.174856 -0.243356 0.251973 -0.17274 -0.263304 
0.251071 -0.178335 -0.242999 0.281581 -0.176218 -0.262947 -0.231223 0.0466116 -0.377536 
-0.230321 0.0522067 -0.397841 -0.246727 0.0410605 -0.390698 -0.201616 0.0431332 -0.377179 
-0.200714 0.0487283 -0.397484 -0.172009 0.0396548 -0.376822 -0.171106 0.0452499 -0.397127 
-0.142401 0.0361765 -0.376465 -0.141499 0.0417715 -0.39677 -0.112794 0.0326981 -0.376108 
-0.111892 0.0382931 -0.396413 -0.0986903 0.0236686 -0.388913 -0.293642 0.0277978 -0.363606 
-0.29274 0.0333928 -0.383911 -0.309145 0.0222467 -0.376768 -0.263132 0.0299144 -0.383554 
-0.0863909 0.00344907 -0.361108 -0.0854888 0.00904411 -0.381413 -0.0567836 -2.93171e-05 -0.360751 
-0.0558815 0.00556572 -0.381056 -0.0271764 -0.0035077 -0.360394 -0.0262743 0.00208734 -0.380699 
0.00243089 -0.00698609 -0.360037 0.00333299 -0.00139105 -0.380342 0.0165345 -0.0160156 -0.372842 
-0.326453 0.00550554 -0.34932 -0.312349 -0.00352393 -0.362125 0.028834 -0.0362351 -0.345037 
0.0297361 -0.03064 -0.365342 0.0584412 -0.0397135 -0.34468 0.0593434 -0.0341184 -0.364985 
0.0880485 -0.0431919 -0.344323 0.0889506 -0.0375968 -0.364628 0.117656 -0.0466702 -0.343966 
0.118558 -0.0410752 -0.364271 0.147263 -0.0501486 -0.343609 0.148165 -0.0445536 -0.363914 
0.161367 -0.0591781 -0.356414 -0.329657 -0.0202651 -0.334677 -0.315554 -0.0292945 -0.347482 
0.174568 -0.0738026 -0.348914 0.203273 -0.082876 -0.328252 0.204176 -0.077281 -0.348557 
0.232881 -0.0863544 -0.327895 0.233783 -0.0807594 -0.3482 0.262488 -0.0898328 -0.327538 
0.26339 -0.0842377 -0.347843 0.276592 -0.0988622 -0.340343 -0.331959 -0.0404407 -0.340338 
-0.348365 -0.0515868 -0.333195 0.288891 -0.119082 -0.312538 0.289793 -0.113487 -0.332843 
0.318498 -0.12256 -0.312181 0.3194 -0.116965 -0.332486 0.332602 -0.13159 -0.324986 
-0.351569 -0.0773574 -0.318552 -0.039993 -0.10659 -0.301821 -0.0554966 -0.112141 -0.314983 
-0.0390909 -0.100995 -0.322126 -0.00948366 -0.104474 -0.321769 -0.0103858 -0.110069 -0.301464 
0.0201236 -0.107952 -0.321412 0.0192215 -0.113547 -0.301107 0.0497309 -0.11143 -0.321055 
0.0488288 -0.117025 -0.30075 0.0629324 -0.126055 -0.313555 0.315294 -0.148331 -0.297538 
0.329398 -0.15736 -0.310343 -0.338368 -0.0919819 -0.311052 -0.33927 -0.0975769 -0.290747 
-0.30876 -0.0954603 -0.310695 -0.309663 -0.101055 -0.29039 -0.279153 -0.0989387 -0.310338 
-0.280055 -0.104534 -0.290033 -0.249546 -0.102417 -0.309981 -0.250448 -0.108012 -0.289676 
-0.236344 -0.117042 -0.302481 -0.132019 -0.121926 -0.288249 -0.147523 -0.127477 -0.30141 
-0.131117 -0.116331 -0.308553 -0.10151 -0.119809 -0.308197 -0.102412 -0.125404 -0.287892 
-0.0719023 -0.123287 -0.30784 -0.0728045 -0.128882 -0.287535 0.076134 -0.140679 -0.306055 
0.105741 -0.144158 -0.305698 0.135348 -0.147636 -0.305341 0.134446 -0.153231 -0.285036 
0.164956 -0.151114 -0.304984 0.164054 -0.156709 -0.284679 0.194563 -0.154593 -0.304627 
0.193661 -0.160188 -0.284323 0.207765 -0.169217 -0.297127 0.296586 -0.179652 -0.296057 
0.312992 -0.168506 -0.3032 -0.223143 -0.131666 -0.294981 -0.193536 -0.135144 -0.294624 
-0.163928 -0.138623 -0.294267 0.220966 -0.183842 -0.289627 0.250573 -0.18732 -0.28927 
0.280181 -0.190799 -0.288913 -0.170204 0.0508449 -0.417432 -0.169302 0.0564399 -0.437737 
-0.185708 0.0452938 -0.430594 -0.140597 0.0473665 -0.417075 -0.139695 0.0529615 -0.43738 
-0.11099 0.0438881 -0.416718 -0.110088 0.0494832 -0.437023 -0.0813825 0.0404098 -0.416361 
-0.0804804 0.0460048 -0.436666 -0.0672789 0.0313803 -0.429166 -0.231721 0.0376261 -0.423807 
-0.248127 0.02648 -0.416664 -0.202114 0.0341477 -0.42345 -0.0845867 0.0146391 -0.401718 
-0.0540773 0.0167558 -0.421666 -0.0549794 0.0111608 -0.401361 -0.0253722 0.00768237 -0.401004 
-0.0244701 0.0132774 -0.421309 0.0042351 0.00420398 -0.400647 0.0051372 0.009799 -0.420952 
0.0338424 0.0007256 -0.40029 0.0347445 0.00632062 -0.420595 0.047946 -0.00830388 -0.413095 
-0.295042 0.0132172 -0.389573 -0.280938 0.00418774 -0.402378 -0.264532 0.0153339 -0.409521 
0.0306382 -0.025045 -0.385647 0.0611476 -0.0229284 -0.405595 0.0602455 -0.0285234 -0.38529 
0.0898527 -0.0320018 -0.384933 0.0907548 -0.0264068 -0.405238 0.11946 -0.0354802 -0.384576 
0.120362 -0.0298852 -0.404881 0.149067 -0.0389586 -0.384219 0.149969 -0.0333635 -0.404524 
0.163171 -0.047988 -0.397024 -0.298246 -0.0125534 -0.37493 -0.284142 -0.0215829 -0.387735 
0.17547 -0.0682076 -0.369219 0.176372 -0.0626125 -0.389524 0.205078 -0.0716859 -0.368862 
0.20598 -0.0660909 -0.389167 0.234685 -0.0751643 -0.368505 0.235587 -0.0695693 -0.38881 
0.264292 -0.0786427 -0.368148 0.265194 -0.0730477 -0.388453 0.293899 -0.0821211 -0.367791 
0.294802 -0.0765261 -0.388096 0.308003 -0.0911506 -0.380596 -0.300548 -0.032729 -0.380591 
-0.316954 -0.0438751 -0.373448 0.290695 -0.107892 -0.353148 0.304799 -0.116921 -0.365953 
-0.334261 -0.0606162 -0.346 -0.320158 -0.0696457 -0.358805 0.318 -0.131546 -0.358453 
0.331202 -0.14617 -0.350953 -0.336564 -0.0807918 -0.351662 -0.352969 -0.091938 -0.344519 
-0.100608 -0.114214 -0.328502 -0.116111 -0.119765 -0.341663 -0.0997054 -0.108619 -0.348806 
-0.0700981 -0.112097 -0.348449 -0.0710002 -0.117692 -0.328145 -0.0404909 -0.115576 -0.348093 
-0.0108836 -0.119054 -0.347736 0.0187236 -0.122532 -0.347379 0.0483309 -0.126011 -0.347022 
0.0779382 -0.129489 -0.346665 0.0770361 -0.135084 -0.32636 0.107545 -0.132968 -0.346308 
0.106643 -0.138563 -0.326003 0.137153 -0.136446 -0.345951 0.136251 -0.142041 -0.325646 
0.16676 -0.139924 -0.345594 0.165858 -0.145519 -0.325289 0.196367 -0.143403 -0.345237 
0.195465 -0.148998 -0.324932 0.209569 -0.158027 -0.337737 0.327998 -0.171941 -0.33631 
-0.339768 -0.106562 -0.337018 -0.31016 -0.110041 -0.336662 -0.280553 -0.113519 -0.336305 
-0.250946 -0.116998 -0.335948 -0.221339 -0.120476 -0.335591 -0.222241 -0.126071 -0.315286 
-0.191731 -0.123954 -0.335234 -0.192633 -0.129549 -0.314929 -0.162124 -0.127433 -0.334877 
-0.163026 -0.133028 -0.314572 -0.132517 -0.130911 -0.33452 0.22277 -0.172652 -0.330237 
0.221868 -0.178247 -0.309932 0.252378 -0.17613 -0.32988 0.251475 -0.181725 -0.309575 
0.281985 -0.179609 -0.329523 0.281083 -0.185204 -0.309218 0.311592 -0.183087 -0.329166 
-0.1684 0.0620349 -0.458042 -0.167498 0.06763 -0.478347 -0.183904 0.0564839 -0.471203 
-0.138793 0.0585566 -0.457685 -0.137891 0.0641516 -0.47799 -0.109186 0.0550782 -0.457328 
-0.108283 0.0606732 -0.477633 -0.0795783 0.0515998 -0.456971 -0.0786762 0.0571949 -0.477276 
-0.0499711 0.0481214 -0.456614 -0.049069 0.0537165 -0.476919 -0.0203638 0.044643 -0.456257 
-0.0194617 0.0502381 -0.476562 0.00924346 0.0411646 -0.4559 0.0101456 0.0467597 -0.476205 
0.0388507 0.0376863 -0.455543 0.0397528 0.0432813 -0.475848 0.0529544 0.0286568 -0.468348 
-0.201212 0.0397427 -0.443755 -0.200309 0.0453378 -0.46406 -0.216715 0.0341917 -0.456917 
-0.0531752 0.0223508 -0.441971 -0.023568 0.0188724 -0.441614 0.0060393 0.015394 -0.441257 
0.0356466 0.0119156 -0.4409 0.0661559 0.0140323 -0.460848 0.0652538 0.00843726 -0.440543 
0.0948611 0.00495887 -0.440186 0.0957632 0.0105539 -0.460491 0.124468 0.00148049 -0.439829 
0.12537 0.00707554 -0.460134 0.154076 -0.00199789 -0.439472 0.154978 0.00359715 -0.459777 
0.168179 -0.0110274 -0.452277 -0.234023 0.0174505 -0.429469 -0.219919 0.00842105 -0.442274 
0.0620497 -0.0173334 -0.4259 0.0916569 -0.0208117 -0.425543 0.121264 -0.0242901 -0.425186 
0.150871 -0.0277685 -0.424829 0.181381 -0.0256519 -0.444777 0.180479 -0.0312469 -0.424472 
0.194582 -0.0402763 -0.437277 -0.266834 -0.00484174 -0.415183 -0.252731 -0.0138712 -0.427987 
-0.236325 -0.00272508 -0.435131 0.177275 -0.0570175 -0.409829 0.207784 -0.0549009 -0.429777 
0.206882 -0.0604959 -0.409472 0.236489 -0.0639743 -0.409115 0.237391 -0.0583792 -0.42942 
0.266096 -0.0674527 -0.408758 0.266998 -0.0618576 -0.429063 0.295704 -0.0709311 -0.408401 
0.296606 -0.065336 -0.428706 0.325311 -0.0744094 -0.408044 0.326213 -0.0688144 -0.428349 
0.339414 -0.0834389 -0.420849 -0.269136 -0.0250173 -0.420844 -0.285542 -0.0361634 -0.413701 
0.323009 -0.094585 -0.413706 0.306603 -0.105731 -0.406563 -0.301948 -0.0473095 -0.406558 
-0.318354 -0.0584556 -0.399415 0.303399 -0.131502 -0.39192 -0.321558 -0.0842263 -0.384771 
-0.0988033 -0.103024 -0.369111 -0.114307 -0.108575 -0.382273 -0.0979012 -0.0974289 -0.389416 
-0.0682939 -0.100907 -0.389059 -0.069196 -0.106502 -0.368754 -0.0386867 -0.104386 -0.388702 
-0.0395888 -0.109981 -0.368398 -0.00907942 -0.107864 -0.388346 -0.00998152 -0.113459 -0.368041 
0.0205279 -0.111342 -0.387989 0.0196257 -0.116937 -0.367684 0.0501351 -0.114821 -0.387632 
0.049233 -0.120416 -0.367327 0.0797424 -0.118299 -0.387275 0.0788403 -0.123894 -0.36697 
0.10935 -0.121778 -0.386918 0.108448 -0.127373 -0.366613 0.138957 -0.125256 -0.386561 
0.138055 -0.130851 -0.366256 0.168564 -0.128734 -0.386204 0.167662 -0.134329 -0.365899 
0.198171 -0.132213 -0.385847 0.197269 -0.137808 -0.365542 0.211373 -0.146837 -0.378347 
0.315698 -0.151721 -0.364115 0.300195 -0.157272 -0.377276 -0.338866 -0.100967 -0.357323 
-0.308356 -0.0988508 -0.377271 -0.309258 -0.104446 -0.356966 -0.278749 -0.102329 -0.376914 
-0.279651 -0.107924 -0.35661 -0.249142 -0.105808 -0.376558 -0.250044 -0.111403 -0.356253 
-0.219534 -0.109286 -0.376201 -0.220437 -0.114881 -0.355896 -0.189927 -0.112764 -0.375844 
-0.190829 -0.118359 -0.355539 -0.16032 -0.116243 -0.375487 -0.161222 -0.121838 -0.355182 
-0.130713 -0.119721 -0.37513 -0.131615 -0.125316 -0.354825 0.224575 -0.161462 -0.370847 
0.223672 -0.167057 -0.350542 0.237776 -0.176086 -0.363347 0.282887 -0.174014 -0.349828 
0.267383 -0.179565 -0.36299 0.283789 -0.168418 -0.370133 0.312494 -0.177492 -0.349471 
0.250978 -0.190711 -0.355847 0.0502674 0.126188 -0.540083 0.0511695 0.131783 -0.560388 
0.0347638 0.120637 -0.553245 0.0798747 0.12271 -0.539726 0.0807768 0.128305 -0.560031 
0.109482 0.119231 -0.539369 0.110384 0.124826 -0.559674 0.139089 0.115753 -0.539012 
0.139991 0.121348 -0.559317 0.168696 0.112275 -0.538655 0.169599 0.11787 -0.55896 
0.198304 0.108796 -0.538298 0.199206 0.114391 -0.558603 0.227911 0.105318 -0.537941 
0.228813 0.110913 -0.558246 0.257518 0.101839 -0.537585 0.25842 0.107435 -0.557889 
0.287126 0.0983611 -0.537228 0.288028 0.103956 -0.557533 0.301229 0.0893316 -0.550032 
-0.0121513 0.107374 -0.526153 -0.0112492 0.112969 -0.546458 -0.0276549 0.101823 -0.539315 
0.017456 0.103896 -0.525797 0.0183581 0.109491 -0.546102 0.0470633 0.100418 -0.52544 
0.0766705 0.0969392 -0.525083 0.106278 0.0934608 -0.524726 0.135885 0.0899824 -0.524369 
0.165492 0.086504 -0.524012 0.1951 0.0830256 -0.523655 0.224707 0.0795472 -0.523298 
0.254314 0.0760689 -0.522941 0.283921 0.0725905 -0.522584 0.314431 0.0747071 -0.542532 
0.313529 0.0691121 -0.522227 0.343136 0.0656337 -0.52187 0.344038 0.0712287 -0.542175 
0.372743 0.0621553 -0.521514 0.373645 0.0677503 -0.541818 0.40235 0.0586769 -0.521157 
0.403252 0.064272 -0.541462 0.431958 0.0551985 -0.5208 0.43286 0.0607936 -0.541105 
0.446061 0.0461691 -0.533605 -0.104177 0.0920389 -0.512581 -0.103275 0.0976339 -0.532886 
-0.119681 0.0864878 -0.525743 -0.07457 0.0885605 -0.512224 -0.0736678 0.0941555 -0.532529 
-0.0449627 0.0850821 -0.511867 -0.0440606 0.0906771 -0.532172 -0.0153554 0.0816037 -0.51151 
0.0142518 0.0781253 -0.511153 0.0438591 0.0746469 -0.510796 0.0734664 0.0711685 -0.510439 
0.103074 0.0676902 -0.510083 0.132681 0.0642118 -0.509726 0.162288 0.0607334 -0.509369 
0.191895 0.057255 -0.509012 0.221503 0.0537766 -0.508655 0.25111 0.0502982 -0.508298 
0.280717 0.0468199 -0.507941 0.310324 0.0433415 -0.507584 0.339932 0.0398631 -0.507227 
0.369539 0.0363847 -0.50687 0.399146 0.0329063 -0.506513 0.428754 0.0294279 -0.506157 
0.442857 0.0203985 -0.518961 -0.136989 0.0697466 -0.498295 -0.136087 0.0753417 -0.5186 
-0.152492 0.0641956 -0.511456 -0.107381 0.0662683 -0.497938 -0.0777741 0.0627899 -0.497581 
-0.0481669 0.0593115 -0.497224 -0.0185596 0.0558331 -0.496867 0.0110477 0.0523547 -0.49651 
0.0406549 0.0488763 -0.496153 0.0702622 0.045398 -0.495796 0.0998695 0.0419196 -0.495439 
0.129477 0.0384412 -0.495082 0.159084 0.0349628 -0.494725 0.188691 0.0314844 -0.494369 
0.218298 0.028006 -0.494012 0.247906 0.0245276 -0.493655 0.277513 0.0210493 -0.493298 
0.30712 0.0175709 -0.492941 0.336728 0.0140925 -0.492584 0.366335 0.0106141 -0.492227 
0.395942 0.00713571 -0.49187 0.410046 -0.00189376 -0.504675 0.426451 0.00925236 -0.511818 
-0.168898 0.0530494 -0.504313 -0.185304 0.0419033 -0.49717 0.067058 0.0196273 -0.481153 
0.0966653 0.0161489 -0.480796 0.126273 0.0126706 -0.480439 0.15588 0.00919217 -0.480082 
0.185487 0.00571378 -0.479725 0.215094 0.0022354 -0.479368 0.244702 -0.00124299 -0.479011 
0.274309 -0.00472137 -0.478655 0.303916 -0.00819976 -0.478298 0.333523 -0.0116781 -0.477941 
0.363131 -0.0151565 -0.477584 0.392738 -0.0186349 -0.477227 0.406842 -0.0276644 -0.490032 
-0.202611 0.0251622 -0.469722 -0.188508 0.0161327 -0.482527 0.182283 -0.0200568 -0.465082 
0.21189 -0.0235352 -0.464725 0.241497 -0.0270136 -0.464368 0.271105 -0.030492 -0.464011 
0.300712 -0.0339704 -0.463654 0.330319 -0.0374488 -0.463297 0.359926 -0.0409271 -0.462941 
0.389534 -0.0444055 -0.462584 0.403637 -0.053435 -0.475388 -0.204914 0.00498659 -0.475384 
-0.221319 -0.00615952 -0.46824 0.208686 -0.0493058 -0.450082 0.238293 -0.0527842 -0.449725 
0.267901 -0.0562626 -0.449368 0.297508 -0.059741 -0.449011 0.327115 -0.0632194 -0.448654 
0.356722 -0.0666977 -0.448297 0.370826 -0.0757272 -0.461102 0.387232 -0.0645811 -0.468245 
-0.237725 -0.0173056 -0.461097 -0.254131 -0.0284518 -0.453954 0.35442 -0.0868733 -0.453959 
0.338014 -0.0980195 -0.446816 -0.270536 -0.0395979 -0.446811 -0.286942 -0.050744 -0.439668 
0.320707 -0.114761 -0.419368 0.33481 -0.12379 -0.432173 -0.303348 -0.0618901 -0.432525 
-0.319754 -0.0730362 -0.425381 -0.126606 -0.0883554 -0.410078 -0.14211 -0.0939065 -0.42324 
-0.125704 -0.0827604 -0.430383 -0.096097 -0.0862388 -0.430026 -0.0969991 -0.0918338 -0.409721 
-0.0664897 -0.0897172 -0.429669 -0.0673918 -0.0953122 -0.409364 -0.0368825 -0.0931956 -0.429312 
-0.0377846 -0.0987906 -0.409007 -0.00727521 -0.096674 -0.428955 -0.00817731 -0.102269 -0.40865 
0.0223321 -0.100152 -0.428598 0.02143 -0.105747 -0.408294 0.0519393 -0.103631 -0.428242 
0.0510372 -0.109226 -0.407937 0.0815466 -0.107109 -0.427885 0.0806445 -0.112704 -0.40758 
0.111154 -0.110587 -0.427528 0.110252 -0.116183 -0.407223 0.140761 -0.114066 -0.427171 
0.139859 -0.119661 -0.406866 0.170368 -0.117544 -0.426814 0.169466 -0.123139 -0.406509 
0.199976 -0.121023 -0.426457 0.199074 -0.126618 -0.406152 0.213177 -0.135647 -0.418957 
0.301999 -0.146082 -0.417886 0.318405 -0.134936 -0.425029 -0.306552 -0.0876607 -0.417881 
-0.307454 -0.0932557 -0.397576 -0.276945 -0.0911391 -0.417524 -0.277847 -0.0967341 -0.397219 
-0.247337 -0.0946175 -0.417167 -0.24824 -0.100213 -0.396863 -0.21773 -0.0980959 -0.416811 
-0.218632 -0.103691 -0.396506 -0.188123 -0.101574 -0.416454 -0.189025 -0.107169 -0.396149 
-0.158516 -0.105053 -0.416097 -0.159418 -0.110648 -0.395792 -0.129811 -0.114126 -0.395435 
0.226379 -0.150272 -0.411457 0.225477 -0.155867 -0.391152 0.23958 -0.164896 -0.403957 
0.284691 -0.162823 -0.390438 0.269188 -0.168375 -0.4036 0.285593 -0.157228 -0.410743 
0.252782 -0.179521 -0.396457 0.25188 -0.185116 -0.376152 0.0520716 0.137378 -0.580693 
0.0529737 0.142973 -0.600998 0.036568 0.131827 -0.593855 0.0816789 0.1339 -0.580336 
0.082581 0.139495 -0.600641 0.111286 0.130421 -0.579979 0.112188 0.136016 -0.600284 
0.140893 0.126943 -0.579622 0.141796 0.132538 -0.599927 0.170501 0.123465 -0.579265 
0.171403 0.12906 -0.59957 0.184604 0.114435 -0.59207 -0.0695616 0.125521 -0.567477 
-0.0686595 0.131116 -0.587782 -0.0850652 0.11997 -0.580639 -0.0399543 0.122043 -0.56712 
-0.0390522 0.127638 -0.587425 -0.0103471 0.118564 -0.566763 -0.00944496 0.124159 -0.587068 
0.0192602 0.115086 -0.566406 0.0201623 0.120681 -0.586711 0.197806 0.0998107 -0.58457 
0.227413 0.0963323 -0.584213 0.25702 0.092854 -0.583856 0.286628 0.0893756 -0.583499 
0.315333 0.0803022 -0.562837 0.316235 0.0858972 -0.583142 0.34494 0.0768238 -0.56248 
0.345842 0.0824188 -0.582785 0.374547 0.0733454 -0.562123 0.375449 0.0789404 -0.582428 
0.404155 0.069867 -0.561767 0.405057 0.075462 -0.582071 0.433762 0.0663886 -0.56141 
0.434664 0.0719836 -0.581715 0.463369 0.0629102 -0.561053 0.464271 0.0685053 -0.581358 
0.477473 0.0538807 -0.573858 -0.102373 0.103229 -0.553191 -0.101471 0.108824 -0.573496 
-0.117877 0.0976778 -0.566353 -0.0727657 0.0997505 -0.552834 -0.0431585 0.0962721 -0.552477 
0.460165 0.0371396 -0.546409 0.474269 0.0281101 -0.559214 -0.121081 0.0719072 -0.551709 
0.441457 0.00581789 -0.544928 0.457863 0.016964 -0.552071 -0.137487 0.0607611 -0.544566 
-0.153892 0.049615 -0.537423 0.424149 -0.0109232 -0.51748 0.438253 -0.0199527 -0.530285 
-0.170298 0.0384689 -0.53028 -0.186704 0.0273228 -0.523137 0.405442 -0.042245 -0.515998 
0.421847 -0.0310988 -0.523142 -0.204011 0.0105816 -0.495689 -0.203109 0.0161766 -0.515993 
-0.219515 0.00503053 -0.50885 0.402237 -0.0680156 -0.501355 -0.222719 -0.0207401 -0.494207 
0.369426 -0.0903078 -0.487069 0.385832 -0.0791617 -0.494212 -0.239125 -0.0318862 -0.487064 
-0.255531 -0.0430323 -0.479921 0.174475 -0.0861786 -0.461762 0.158971 -0.0917297 -0.474924 
0.175377 -0.0805836 -0.482067 0.204984 -0.084062 -0.48171 0.204082 -0.089657 -0.461405 
0.218186 -0.0986865 -0.47421 0.352118 -0.107049 -0.459621 0.366222 -0.116078 -0.472425 
-0.272838 -0.0597735 -0.452473 -0.258735 -0.0688029 -0.465277 -0.124802 -0.0771654 -0.450688 
-0.140306 -0.0827165 -0.46385 -0.1239 -0.0715704 -0.470993 -0.0942928 -0.0750487 -0.470636 
-0.0951949 -0.0806438 -0.450331 -0.0646855 -0.0785271 -0.470279 -0.0655876 -0.0841222 -0.449974 
-0.0350783 -0.0820055 -0.469922 -0.0359804 -0.0876005 -0.449617 -0.00547101 -0.0854839 -0.469565 
-0.00637311 -0.0910789 -0.44926 0.0241363 -0.0889623 -0.469208 0.0232342 -0.0945573 -0.448903 
0.0537435 -0.0924407 -0.468851 0.0528414 -0.0980357 -0.448547 0.0833508 -0.095919 -0.468495 
0.0824487 -0.101514 -0.44819 0.112958 -0.0993974 -0.468138 0.112056 -0.104992 -0.447833 
0.142565 -0.102876 -0.467781 0.141663 -0.108471 -0.447476 0.17127 -0.111949 -0.447119 
0.200878 -0.115428 -0.446762 0.231387 -0.113311 -0.46671 0.230485 -0.118906 -0.446405 
0.244589 -0.127935 -0.45921 0.33341 -0.138371 -0.458139 0.349816 -0.127225 -0.465282 
-0.30565 -0.0820657 -0.438186 -0.276043 -0.0855441 -0.437829 -0.245533 -0.0834274 -0.457777 
-0.246435 -0.0890225 -0.437472 -0.215926 -0.0869058 -0.45742 -0.216828 -0.0925009 -0.437115 
-0.186319 -0.0903842 -0.457063 -0.187221 -0.0959792 -0.436759 -0.156711 -0.0938626 -0.456707 
-0.157614 -0.0994576 -0.436402 0.227281 -0.144677 -0.431762 0.241384 -0.153706 -0.444567 
0.300599 -0.160663 -0.443853 0.317005 -0.149517 -0.450996 0.254586 -0.168331 -0.437066 
0.253684 -0.173926 -0.416762 0.284193 -0.171809 -0.43671 -0.0053387 0.155525 -0.622016 
-0.0044366 0.16112 -0.642321 -0.0208423 0.149974 -0.635178 0.0242686 0.152047 -0.62166 
0.0251707 0.157642 -0.641964 0.0538758 0.148568 -0.621303 0.0547779 0.154163 -0.641608 
0.0834831 0.14509 -0.620946 0.0843852 0.150685 -0.641251 0.11309 0.141612 -0.620589 
0.113992 0.147207 -0.640894 0.127194 0.132582 -0.633394 -0.0381501 0.133233 -0.60773 
-0.037248 0.138828 -0.628035 -0.0536537 0.127682 -0.620892 -0.00854286 0.129754 -0.607373 
0.0210644 0.126276 -0.607016 0.140396 0.117958 -0.625894 0.170003 0.114479 -0.625537 
0.183204 0.0998546 -0.618037 -0.0700594 0.116536 -0.613749 -0.0864652 0.10539 -0.606605 
0.196406 0.0852302 -0.610536 0.226013 0.0817518 -0.61018 0.25562 0.0782734 -0.609823 
0.285228 0.074795 -0.609466 0.314835 0.0713166 -0.609109 0.344442 0.0678383 -0.608752 
0.37405 0.0643599 -0.608395 0.403657 0.0608815 -0.608038 0.433264 0.0574031 -0.607681 
0.461969 0.0483297 -0.587019 0.446466 0.0427786 -0.600181 -0.102871 0.0942434 -0.599462 
-0.119277 0.0830973 -0.592319 0.458765 0.022559 -0.572376 0.443261 0.017008 -0.585538 
-0.122481 0.0573267 -0.577676 0.440057 -0.00876266 -0.570894 -0.138886 0.0461806 -0.570533 
-0.155292 0.0350344 -0.56339 0.436853 -0.0345333 -0.556251 -0.171698 0.0238883 -0.556246 
-0.188104 0.0127422 -0.549103 0.404042 -0.0568255 -0.541965 0.420447 -0.0456794 -0.549108 
-0.205411 -0.00399895 -0.521655 -0.191308 -0.0130284 -0.53446 0.20909 -0.0526963 -0.516658 
0.193587 -0.0582474 -0.52982 0.209992 -0.0471013 -0.536963 0.2396 -0.0505797 -0.536606 
0.238698 -0.0561747 -0.516301 0.269207 -0.0540581 -0.536249 0.268305 -0.0596531 -0.515944 
0.298814 -0.0575364 -0.535892 0.297912 -0.0631315 -0.515588 0.312016 -0.0721609 -0.528392 
0.400838 -0.0825961 -0.527322 -0.208616 -0.0297696 -0.507012 -0.194512 -0.038799 -0.519817 
0.146672 -0.0715102 -0.502729 0.131168 -0.0770613 -0.515891 0.147574 -0.0659151 -0.523034 
0.177181 -0.0693935 -0.522677 0.176279 -0.0749886 -0.502372 0.205886 -0.078467 -0.502015 
0.235493 -0.0819453 -0.501658 0.265101 -0.0854237 -0.501301 0.294708 -0.0889021 -0.500944 
0.308812 -0.0979316 -0.513749 0.368026 -0.104888 -0.513035 0.384432 -0.0937422 -0.520178 
-0.241427 -0.0520618 -0.492726 -0.227323 -0.0610913 -0.50553 -0.210918 -0.0499451 -0.512673 
0.0842529 -0.090324 -0.488799 0.0687493 -0.0958751 -0.501961 0.085155 -0.084729 -0.509104 
0.114762 -0.0882074 -0.508747 0.11386 -0.0938024 -0.488443 0.143467 -0.0972808 -0.488086 
0.232289 -0.107716 -0.487015 0.261896 -0.111194 -0.486658 0.291504 -0.114673 -0.486301 
0.322013 -0.112556 -0.506249 0.321111 -0.118151 -0.485944 0.35162 -0.116034 -0.505892 
0.350718 -0.12163 -0.485587 -0.244631 -0.0778324 -0.478082 -0.214122 -0.0757157 -0.49803 
-0.215024 -0.0813108 -0.477725 -0.184515 -0.0791941 -0.497673 -0.185417 -0.0847892 -0.477368 
-0.154907 -0.0826725 -0.497316 -0.155809 -0.0882676 -0.477012 -0.1253 -0.0861509 -0.496959 
-0.0956928 -0.0896293 -0.496603 -0.0660855 -0.0931077 -0.496246 -0.0364782 -0.0965861 -0.495889 
-0.00687097 -0.100064 -0.495532 0.0227363 -0.103543 -0.495175 0.0523436 -0.107021 -0.494818 
0.258692 -0.136965 -0.472015 0.2883 -0.140443 -0.471658 0.317907 -0.143922 -0.471301 
0.255488 -0.162736 -0.457371 0.285095 -0.166214 -0.457015 0.05568 0.159758 -0.661913 
0.0565821 0.165353 -0.682217 0.0401764 0.154207 -0.675074 0.0697837 0.150729 -0.674717 
-0.00583655 0.14654 -0.668288 -0.0222423 0.135393 -0.661145 0.0237707 0.143061 -0.667931 
0.0829852 0.136104 -0.667217 0.11169 0.127031 -0.646555 0.0961868 0.12148 -0.659717 
-0.038648 0.124247 -0.654002 -0.0550537 0.113101 -0.646858 0.109388 0.106855 -0.652217 
0.138996 0.103377 -0.65186 0.167701 0.0943036 -0.631198 0.152197 0.0887525 -0.64436 
-0.0714594 0.101955 -0.639715 -0.0878651 0.090809 -0.632572 0.165399 0.074128 -0.63686 
0.194104 0.0650546 -0.616198 0.1786 0.0595035 -0.62936 0.223711 0.0615762 -0.615841 
0.253318 0.0580978 -0.615484 0.282926 0.0546194 -0.615127 0.312533 0.051141 -0.61477 
0.34214 0.0476627 -0.614414 0.356244 0.0386332 -0.627218 0.37265 0.0497793 -0.634362 
0.402257 0.0463009 -0.634005 0.430962 0.0372275 -0.613343 0.415458 0.0316764 -0.626505 
-0.104271 0.0796628 -0.625429 -0.120677 0.0685167 -0.618286 0.191802 0.044879 -0.62186 
0.221409 0.0414006 -0.621503 0.251016 0.0379222 -0.621146 0.280624 0.0344438 -0.620789 
0.310231 0.0309655 -0.620432 0.339838 0.0274871 -0.620075 0.427758 0.0114569 -0.5987 
0.412254 0.00590579 -0.611861 -0.137984 0.0517756 -0.590838 -0.137082 0.0573706 -0.611143 
-0.153488 0.0462245 -0.603999 0.394946 -0.0108354 -0.584413 0.379443 -0.0163865 -0.597575 
0.395848 -0.00524033 -0.604718 0.424554 -0.0143137 -0.584056 -0.156692 0.0204539 -0.589356 
0.273313 -0.0226924 -0.571198 0.25781 -0.0282435 -0.584359 0.274215 -0.0170974 -0.591503 
0.303823 -0.0205758 -0.591146 0.30292 -0.0261708 -0.570841 0.33343 -0.0240542 -0.590789 
0.332528 -0.0296492 -0.570484 0.363037 -0.0275325 -0.590432 0.362135 -0.0331276 -0.570127 
0.391742 -0.036606 -0.56977 0.421349 -0.0400843 -0.569413 -0.174 0.00371273 -0.561908 
-0.159896 -0.00531674 -0.574713 0.181287 -0.0380279 -0.557625 0.165784 -0.043579 -0.570787 
0.182189 -0.0324329 -0.57793 0.211797 -0.0359112 -0.577573 0.210894 -0.0415063 -0.557268 
0.241404 -0.0393896 -0.577216 0.240502 -0.0449847 -0.556911 0.270109 -0.048463 -0.556554 
0.299716 -0.0519414 -0.556197 0.329324 -0.0554198 -0.55584 0.358931 -0.0588982 -0.555484 
0.388538 -0.0623766 -0.555127 -0.177204 -0.0220579 -0.547265 -0.1631 -0.0310874 -0.56007 
0.148476 -0.0603201 -0.543339 0.132972 -0.0658712 -0.5565 0.149378 -0.0547251 -0.563644 
0.178083 -0.0637985 -0.542982 0.326119 -0.0811904 -0.541197 0.355727 -0.0846688 -0.54084 
0.385334 -0.0881472 -0.540483 -0.179506 -0.0422335 -0.552926 -0.195912 -0.0533796 -0.545783 
0.0860571 -0.079134 -0.529409 0.0705535 -0.084685 -0.542571 0.0869592 -0.0735389 -0.549714 
0.116566 -0.0770173 -0.549357 0.115664 -0.0826123 -0.529052 0.322915 -0.106961 -0.526554 
0.352522 -0.110439 -0.526197 -0.21322 -0.0701207 -0.518335 -0.18271 -0.0680041 -0.538283 
-0.183612 -0.0735991 -0.517978 -0.153103 -0.0714825 -0.537926 -0.154005 -0.0770775 -0.517621 
-0.123496 -0.0749609 -0.537569 -0.124398 -0.0805559 -0.517264 -0.0938885 -0.0784392 -0.537212 
-0.0947906 -0.0840343 -0.516908 -0.0642813 -0.0819176 -0.536855 -0.0651834 -0.0875127 -0.516551 
-0.034674 -0.085396 -0.536499 -0.0355761 -0.090991 -0.516194 -0.00506677 -0.0888744 -0.536142 
-0.00596887 -0.0944694 -0.515837 0.0245405 -0.0923528 -0.535785 0.0236384 -0.0979478 -0.51548 
0.0541478 -0.0958312 -0.535428 0.0532457 -0.101426 -0.515123 0.0542801 0.145178 -0.687879 
-0.00723651 0.131959 -0.694255 -0.0236422 0.120813 -0.687111 0.0223707 0.128481 -0.693898 
0.051978 0.125002 -0.693541 0.0815853 0.121524 -0.693184 0.0947868 0.106899 -0.685684 
-0.04095 0.104072 -0.659663 -0.0268464 0.0950422 -0.672468 0.107988 0.0922748 -0.678184 
0.136694 0.0832014 -0.657522 0.12119 0.0776503 -0.670684 -0.0737615 0.0817795 -0.645377 
-0.0596578 0.07275 -0.658182 -0.0432521 0.0838961 -0.665325 0.133489 0.0574308 -0.642879 
0.117986 0.0518797 -0.65604 0.163097 0.0539524 -0.642522 0.370347 0.0296037 -0.640023 
0.399955 0.0261253 -0.639666 -0.105671 0.0650823 -0.651395 -0.122076 0.0539362 -0.644252 
-0.0760635 0.0616039 -0.651039 0.100678 0.0351386 -0.628592 0.0851743 0.0295875 -0.641754 
0.10158 0.0407336 -0.648897 0.130285 0.0316602 -0.628235 0.159892 0.0281818 -0.627878 
0.1895 0.0247034 -0.627522 0.219107 0.021225 -0.627165 0.248714 0.0177466 -0.626808 
0.278322 0.0142682 -0.626451 0.307929 0.0107899 -0.626094 0.337536 0.00731147 -0.625737 
0.367143 0.00383309 -0.62538 0.396751 0.000354701 -0.625023 -0.139384 0.037195 -0.616804 
-0.125281 0.0281655 -0.629609 0.0974738 0.00936793 -0.613949 0.0819702 0.00381683 -0.627111 
0.127081 0.00588954 -0.613592 0.156688 0.00241115 -0.613235 0.186296 -0.00106723 -0.612878 
0.215903 -0.00454562 -0.612521 0.24551 -0.008024 -0.612164 0.275117 -0.0115024 -0.611808 
0.304725 -0.0149808 -0.61145 0.334332 -0.0184592 -0.611094 0.363939 -0.0219375 -0.610737 
-0.141686 0.0170194 -0.622466 -0.158092 0.00587332 -0.615323 0.0942696 -0.0164027 -0.599306 
0.078766 -0.0219538 -0.612467 0.123877 -0.0198811 -0.598949 0.153484 -0.0233594 -0.598592 
0.183091 -0.0268378 -0.598235 0.212699 -0.0303162 -0.597878 0.242306 -0.0337946 -0.597521 
-0.161296 -0.0198973 -0.600679 0.0614582 -0.0386949 -0.585019 0.0459546 -0.044246 -0.598181 
0.0623603 -0.0330999 -0.605324 0.0910654 -0.0421733 -0.584662 0.120673 -0.0456517 -0.584305 
0.15028 -0.0491301 -0.583949 -0.1645 -0.0456679 -0.586036 -0.0009605 -0.0575087 -0.57109 
-0.0164641 -0.0630598 -0.584252 -5.83982e-05 -0.0519137 -0.591395 0.0295489 -0.0553921 -0.591038 
0.0286468 -0.0609871 -0.570733 0.058254 -0.0644655 -0.570376 0.0878613 -0.0679439 -0.570019 
0.117469 -0.0714223 -0.569662 -0.181808 -0.0624091 -0.558588 -0.151299 -0.0602924 -0.578536 
-0.152201 -0.0658874 -0.558231 -0.121692 -0.0637708 -0.578179 -0.122594 -0.0693658 -0.557874 
-0.0920844 -0.0672492 -0.577822 -0.0929864 -0.0728442 -0.557517 -0.0624771 -0.0707276 -0.577465 
-0.0633792 -0.0763226 -0.55716 -0.0328698 -0.074206 -0.577109 -0.0337719 -0.079801 -0.556804 
-0.00416466 -0.0832794 -0.556447 0.0254426 -0.0867577 -0.55609 0.0550499 -0.0902361 -0.555733 
-0.00953858 0.111783 -0.699916 0.0200687 0.108305 -0.699559 0.0496759 0.104827 -0.699202 
0.0792832 0.101348 -0.698845 -0.0118406 0.0916078 -0.705578 -0.0282464 0.0804617 -0.698435 
0.0177666 0.0881294 -0.705221 0.0473739 0.084651 -0.704864 0.0769812 0.0811726 -0.704507 
0.105686 0.0720992 -0.683845 0.0901827 0.0665481 -0.697007 -0.0446521 0.0693156 -0.691292 
-0.0610578 0.0581695 -0.684148 0.102482 0.0463286 -0.669202 0.0869785 0.0407775 -0.682364 
-0.107973 0.0449067 -0.657057 -0.0938692 0.0358772 -0.669862 -0.0774635 0.0470233 -0.677005 
0.0696707 0.0240364 -0.654916 0.0541671 0.0184853 -0.668077 0.0705728 0.0296314 -0.675221 
-0.110275 0.0247311 -0.662719 -0.126681 0.013585 -0.655576 0.0368593 0.00174413 -0.640629 
0.0213557 -0.00380694 -0.653791 0.0377614 0.00733918 -0.660934 0.0664666 -0.00173425 -0.640272 
-0.143988 -0.00315615 -0.628128 -0.129885 -0.0121856 -0.640932 0.00404787 -0.0205481 -0.626343 
-0.0114557 -0.0260991 -0.639505 0.00494997 -0.014953 -0.646648 0.0336551 -0.0240265 -0.625986 
0.0632624 -0.0275048 -0.625629 -0.147193 -0.0289268 -0.613484 -0.133089 -0.0379562 -0.626289 
-0.0583708 -0.0393619 -0.612414 -0.0738744 -0.044913 -0.625575 -0.0574687 -0.0337669 -0.632718 
-0.0278615 -0.0372453 -0.632362 -0.0287636 -0.0428403 -0.612057 0.000843704 -0.0463187 -0.6117 
0.030451 -0.0497971 -0.611343 -0.150397 -0.0546974 -0.598841 -0.119887 -0.0525807 -0.618789 
-0.12079 -0.0581758 -0.598484 -0.0902801 -0.0560591 -0.618432 -0.0911822 -0.0616542 -0.598127 
-0.061575 -0.0651325 -0.59777 -0.0319677 -0.0686109 -0.597413 -0.0141427 0.0714322 -0.71124 
0.0154646 0.0679538 -0.710883 0.0450718 0.0644754 -0.710526 0.0746791 0.0609971 -0.710169 
-0.0469541 0.04914 -0.696953 -0.0173469 0.0456616 -0.696596 -0.00324321 0.0366321 -0.709401 
0.0131625 0.0477783 -0.716544 0.0427698 0.0442999 -0.716187 0.0714749 0.0352265 -0.695526 
0.0559713 0.0296754 -0.708687 -0.0797656 0.0268478 -0.682667 -0.0501583 0.0233694 -0.68231 
-0.0360546 0.0143399 -0.695115 -0.0196489 0.025486 -0.702258 0.0386635 0.0129342 -0.681239 
0.0231599 0.00738312 -0.694401 0.0395656 0.0185292 -0.701544 -0.112577 0.00455551 -0.668381 
-0.0829697 0.00107713 -0.668023 -0.0688661 -0.00795235 -0.680828 -0.0524604 0.00319377 -0.687972 
-0.0237552 -0.00587964 -0.66731 -0.0392588 -0.0114307 -0.680472 -0.0228531 -0.000284613 -0.687615 
0.00675417 -0.003763 -0.687258 0.00585207 -0.00935803 -0.666953 -0.115781 -0.0212151 -0.653737 
-0.101677 -0.0302446 -0.666542 -0.0852718 -0.0190984 -0.673685 -0.0565666 -0.0281719 -0.653023 
-0.0720702 -0.0337229 -0.666185 -0.0556645 -0.0225768 -0.673328 -0.0269594 -0.0316502 -0.652667 
-0.118985 -0.0469857 -0.639094 -0.0884759 -0.0448691 -0.659042 -0.089378 -0.0504641 -0.638737 
0.0108604 0.0276027 -0.722206 0.0404677 0.0241243 -0.721849 -0.021951 0.00531042 -0.70792 
0.00765627 0.00183203 -0.707563 -0.0547624 -0.0169818 -0.693633 -0.0875738 -0.039274 -0.679347 

POLYGONS 7041 21120
OFFSETS vtktypeint64
0 3 6 9 12 15 18 21 24 
27 30 33 36 39 42 45 48 51 
54 57 60 63 66 69 72 75 78 
81 84 87 90 93 96 99 102 105 
108 111 114 117 120 123 126 129 132 
135 138 141 144 147 150 153 156 159 
162 165 168 171 174 177 180 183 186 
189 192 195 198 201 204 207 210 213 
216 219 222 225 228 231 234 237 240 
243 246 249 252 255 258 261 264 267 
270 273 276 279 282 285 288 291 294 
297 300 303 306 309 312 315 318 321 
324 327 330 333 336 339 342 345 348 
351 354 357 360 363 366 369 372 375 
378 381 384 387 390 393 396 399 402 
405 408 411 414 417 420 423 426 429 
432 435 438 441 444 447 450 453 456 
459 462 465 468 471 474 477 480 483 
486 489 492 495 498 501 504 507 510 
513 516 519 522 525 528 531 534 537 
540 543 546 549 552 555 558 561 564 
567 570 573 576 579 582 585 588 591 
594 597 600 603 606 609 612 615 618 
621 624 627 630 633 636 639 642 645 
648 651 654 657 660 663 666 669 672 
675 678 681 684 687 690 693 696 699 
702 705 708 711 714 717 720 723 726 
729 732 735 738 741 744 747 750 753 
756 759 762 765 768 771 774 777 780 
783 786 789 792 795 798 801 804 807 
810 813 816 819 822 825 828 831 834 
837 840 843 846 849 852 855 858 861 
864 867 870 873 876 879 882 885 888 
891 894 897 900 903 906 909 912 915 
918 921 924 927 930 933 936 939 942 
945 948 951 954 957 960 963 966 969 
972 975 978 981 984 987 990 993 996 
999 1002 1005 1008 1011 1014 1017 1020 1023 
1026 1029 1032 1035 1038 1041 1044 1047 1050 
1053 1056 1059 1062 1065 1068 1071 1074 1077 
1080 1083 1086 1089 1092 1095 1098 1101 1104 
1107 1110 1113 1116 1119 1122 1125 1128 1131 
1134 1137 1140 1143 1146 1149 1152 1155 1158 
1161 1164 1167 1170 1173 1176 1179 1182 1185 
1188 1191 1194 1197 1200 1203 1206 1209 1212 
1215 1218 1221 1224 1227 1230 1233 1236 1239 
1242 1245 1248 1251 1254 1257 1260 1263 1266 
1269 1272 1275 1278 1281 1284 1287 1290 1293 
1296 1299 1302 1305 1308 1311 1314 1317 1320 
1323 1326 1329 1332 1335 1338 1341 1344 1347 
1350 1353 1356 1359 1362 1365 1368 1371 1374 
1377 1380 1383 1386 1389 1392 1395 1398 1401 
1404 1407 1410 1413 1416 1419 1422 1425 1428 
1431 1434 1437 1440 1443 1446 1449 1452 1455 
1458 1461 1464 1467 1470 1473 1476 1479 1482 
1485 1488 1491 1494 1497 1500 1503 1506 1509 
1512 1515 1518 1521 1524 1527 1530 1533 1536 
1539 1542 1545 1548 1551 1554 1557 1560 1563 
1566 1569 1572 1575 1578 1581 1584 1587 1590 
1593 1596 1599 1602 1605 1608 1611 1614 1617 
1620 1623 1626 1629 1632 1635 1638 1641 1644 
1647 1650 1653 1656 1659 1662 1665 1668 1671 
1674 1677 1680 1683 1686 1689 1692 1695 1698 
1701 1704 1707 1710 1713 1716 1719 1722 1725 
1728 1731 1734 1737 1740 1743 1746 1749 1752 
1755 1758 1761 1764 1767 1770 1773 1776 1779 
1782 1785 1788 1791 1794 1797 1800 1803 1806 
1809 1812 1815 1818 1821 1824 1827 1830 1833 
1836 1839 1842 1845 1848 1851 1854 1857 1860 
1863 1866 1869 1872 1875 1878 1881 1884 1887 
1890 1893 1896 1899 1902 1905 1908 1911 1914 
1917 1920 1923 1926 1929 1932 1935 1938 1941 
1944 1947 1950 1953 1956 1959 1962 1965 1968 
1971 1974 1977 1980 1983 1986 1989 1992 1995 
1998 2001 2004 2007 2010 2013 2016 2019 2022 
2025 2028 2031 2034 2037 2040 2043 2046 2049 
2052 2055 2058 2061 2064 2067 2070 2073 2076 
2079 2082 2085 2088 2091 2094 2097 2100 2103 
2106 2109 2112 2115 2118 2121 2124 2127 2130 
2133 2136 2139 2142 2145 2148 2151 2154 2157 
2160 2163 2166 2169 2172 2175 2178 2181 2184 
2187 2190 2193 2196 2199 2202 2205 2208 2211 
2214 2217 2220 2223 2226 2229 2232 2235 2238 
2241 2244 2247 2250 2253 2256 2259 2262 2265 
2268 2271 2274 2277 2280 2283 2286 2289 2292 
2295 2298 2301 2304 2307 2310 2313 2316 2319 
2322 2325 2328 2331 2334 2337 2340 2343 2346 
2349 2352 2355 2358 2361 2364 2367 2370 2373 
2376 2379 2382 2385 2388 2391 2394 2397 2400 
2403 2406 2409 2412 2415 2418 2421 2424 2427 
2430 2433 2436 2439 2442 2445 2448 2451 2454 
2457 2460 2463 2466 2469 2472 2475 2478 2481 
2484 2487 2490 2493 2496 2499 2502 2505 2508 
2511 2514 2517 2520 2523 2526 2529 2532 2535 
2538 2541 2544 2547 2550 2553 2556 2559 2562 
2565 2568 2571 2574 2577 2580 2583 2586 2589 
2592 2595 2598 2601 2604 2607 2610 2613 2616 
2619 2622 2625 2628 2631 2634 2637 2640 2643 
2646 2649 2652 2655 2658 2661 2664 2667 2670 
2673 2676 2679 2682 2685 2688 2691 2694 2697 
2700 2703 2706 2709 2712 2715 2718 2721 2724 
2727 2730 2733 2736 2739 2742 2745 2748 2751 
2754 2757 2760 2763 2766 2769 2772 2775 2778 
2781 2784 2787 2790 2793 2796 2799 2802 2805 
2808 2811 2814 2817 2820 2823 2826 2829 2832 
2835 2838 2841 2844 2847 2850 2853 2856 2859 
2862 2865 2868 2871 2874 2877 2880 2883 2886 
2889 2892 2895 2898 2901 2904 2907 2910 2913 
2916 2919 2922 2925 2928 2931 2934 2937 2940 
2943 2946 2949 2952 2955 2958 2961 2964 2967 
2970 2973 2976 2979 2982 2985 2988 2991 2994 
2997 3000 3003 3006 3009 3012 3015 3018 3021 
3024 3027 3030 3033 3036 3039 3042 3045 3048 
3051 3054 3057 3060 3063 3066 3069 3072 3075 
3078 3081 3084 3087 3090 3093 3096 3099 3102 
3105 3108 3111 3114 3117 3120 3123 3126 3129 
3132 3135 3138 3141 3144 3147 3150 3153 3156 
3159 3162 3165 3168 3171 3174 3177 3180 3183 
3186 3189 3192 3195 3198 3201 3204 3207 3210 
3213 3216 3219 3222 3225 3228 3231 3234 3237 
3240 3243 3246 3249 3252 3255 3258 3261 3264 
3267 3270 3273 3276 3279 3282 3285 3288 3291 
3294 3297 3300 3303 3306 3309 3312 3315 3318 
3321 3324 3327 3330 3333 3336 3339 3342 3345 
3348 3351 3354 3357 3360 3363 3366 3369 3372 
3375 3378 3381 3384 3387 3390 3393 3396 3399 
3402 3405 3408 3411 3414 3417 3420 3423 3426 
3429 3432 3435 3438 3441 3444 3447 3450 3453 
3456 3459 3462 3465 3468 3471 3474 3477 3480 
3483 3486 3489 3492 3495 3498 3501 3504 3507 
3510 3513 3516 3519 3522 3525 3528 3531 3534 
3537 3540 3543 3546 3549 3552 3555 3558 3561 
3564 3567 3570 3573 3576 3579 3582 3585 3588 
3591 3594 3597 3600 3603 3606 3609 3612 3615 
3618 3621 3624 3627 3630 3633 3636 3639 3642 
3645 3648 3651 3654 3657 3660 3663 3666 3669 
3672 3675 3678 3681 3684 3687 3690 3693 3696 
3699 3702 3705 3708 3711 3714 3717 3720 3723 
3726 3729 3732 3735 3738 3741 3744 3747 3750 
3753 3756 3759 3762 3765 3768 3771 3774 3777 
3780 3783 3786 3789 3792 3795 3798 3801 3804 
3807 3810 3813 3816 3819 3822 3825 3828 3831 
3834 3837 3840 3843 3846 3849 3852 3855 3858 
3861 3864 3867 3870 3873 3876 3879 3882 3885 
3888 3891 3894 3897 3900 3903 3906 3909 3912 
3915 3918 3921 3924 3927 3930 3933 3936 3939 
3942 3945 3948 3951 3954 3957 3960 3963 3966 
3969 3972 3975 3978 3981 3984 3987 3990 3993 
3996 3999 4002 4005 4008 4011 4014 4017 4020 
4023 4026 4029 4032 4035 4038 4041 4044 4047 
4050 4053 4056 4059 4062 4065 4068 4071 4074 
4077 4080 4083 4086 4089 4092 4095 4098 4101 
4104 4107 4110 4113 4116 4119 4122 4125 4128 
4131 4134 4137 4140 4143 4146 4149 4152 4155 
4158 4161 4164 4167 4170 4173 4176 4179 4182 
4185 4188 4191 4194 4197 4200 4203 4206 4209 
4212 4215 4218 4221 4224 4227 4230 4233 4236 
4239 4242 4245 4248 4251 4254 4257 4260 4263 
4266 4269 4272 4275 4278 4281 4284 4287 4290 
4293 4296 4299 4302 4305 4308 4311 4314 4317 
4320 4323 4326 4329 4332 4335 4338 4341 4344 
4347 4350 4353 4356 4359 4362 4365 4368 4371 
4374 4377 4380 4383 4386 4389 4392 4395 4398 
4401 4404 4407 4410 4413 4416 4419 4422 4425 
4428 4431 4434 4437 4440 4443 4446 4449 4452 
4455 4458 4461 4464 4467 4470 4473 4476 4479 
4482 4485 4488 4491 4494 4497 4500 4503 4506 
4509 4512 4515 4518 4521 4524 4527 4530 4533 
4536 4539 4542 4545 4548 4551 4554 4557 4560 
4563 4566 4569 4572 4575 4578 4581 4584 4587 
4590 4593 4596 4599 4602 4605 4608 4611 4614 
4617 4620 4623 4626 4629 4632 4635 4638 4641 
4644 4647 4650 4653 4656 4659 4662 4665 4668 
4671 4674 4677 4680 4683 4686 4689 4692 4695 
4698 4701 4704 4707 4710 4713 4716 4719 4722 
4725 4728 4731 4734 4737 4740 4743 4746 4749 
4752 4755 4758 4761 4764 4767 4770 4773 4776 
4779 4782 4785 4788 4791 4794 4797 4800 4803 
4806 4809 4812 4815 4818 4821 4824 4827 4830 
4833 4836 4839 4842 4845 4848 4851 4854 4857 
4860 4863 4866 4869 4872 4875 4878 4881 4884 
4887 4890 4893 4896 4899 4902 4905 4908 4911 
4914 4917 4920 4923 4926 4929 4932 4935 4938 
4941 4944 4947 4950 4953 4956 4959 4962 4965 
4968 4971 4974 4977 4980 4983 4986 4989 4992 
4995 4998 5001 5004 5007 5010 5013 5016 5019 
5022 5025 5028 5031 5034 5037 5040 5043 5046 
5049 5052 5055 5058 5061 5064 5067 5070 5073 
5076 5079 5082 5085 5088 5091 5094 5097 5100 
5103 5106 5109 5112 5115 5118 5121 5124 5127 
5130 5133 5136 5139 5142 5145 5148 5151 5154 
5157 5160 5163 5166 5169 5172 5175 5178 5181 
5184 5187 5190 5193 5196 5199 5202 5205 5208 
5211 5214 5217 5220 5223 5226 5229 5232 5235 
5238 5241 5244 5247 5250 5253 5256 5259 5262 
5265 5268 5271 5274 5277 5280 5283 5286 5289 
5292 5295 5298 5301 5304 5307 5310 5313 5316 
5319 5322 5325 5328 5331 5334 5337 5340 5343 
5346 5349 5352 5355 5358 5361 5364 5367 5370 
5373 5376 5379 5382 5385 5388 5391 5394 5397 
5400 5403 5406 5409 5412 5415 5418 5421 5424 
5427 5430 5433 5436 5439 5442 5445 5448 5451 
5454 5457 5460 5463 5466 5469 5472 5475 5478 
5481 5484 5487 5490 5493 5496 5499 5502 5505 
5508 5511 5514 5517 5520 5523 5526 5529 5532 
5535 5538 5541 5544 5547 5550 5553 5556 5559 
5562 5565 5568 5571 5574 5577 5580 5583 5586 
5589 5592 5595 5598 5601 5604 5607 5610 5613 
5616 5619 5622 5625 5628 5631 5634 5637 5640 
5643 5646 5649 5652 5655 5658 5661 5664 5667 
5670 5673 5676 5679 5682 5685 5688 5691 5694 
5697 5700 5703 5706 5709 5712 5715 5718 5721 
5724 5727 5730 5733 5736 5739 5742 5745 5748 
5751 5754 5757 5760 5763 5766 5769 5772 5775 
5778 5781 5784 5787 5790 5793 5796 5799 5802 
5805 5808 5811 5814 5817 5820 5823 5826 5829 
5832 5835 5838 5841 5844 5847 5850 5853 5856 
5859 5862 5865 5868 5871 5874 5877 5880 5883 
5886 5889 5892 5895 5898 5901 5904 5907 5910 
5913 5916 5919 5922 5925 5928 5931 5934 5937 
5940 5943 5946 5949 5952 5955 5958 5961 5964 
5967 5970 5973 5976 5979 5982 5985 5988 5991 
5994 5997 6000 6003 6006 6009 6012 6015 6018 
6021 6024 6027 6030 6033 6036 6039 6042 6045 
6048 6051 6054 6057 6060 6063 6066 6069 6072 
6075 6078 6081 6084 6087 6090 6093 6096 6099 
6102 6105 6108 6111 6114 6117 6120 6123 6126 
6129 6132 6135 6138 6141 6144 6147 6150 6153 
6156 6159 6162 6165 6168 6171 6174 6177 6180 
6183 6186 6189 6192 6195 6198 6201 6204 6207 
6210 6213 6216 6219 6222 6225 6228 6231 6234 
6237 6240 6243 6246 6249 6252 6255 6258 6261 
6264 6267 6270 6273 6276 6279 6282 6285 6288 
6291 6294 6297 6300 6303 6306 6309 6312 6315 
6318 6321 6324 6327 6330 6333 6336 6339 6342 
6345 6348 6351 6354 6357 6360 6363 6366 6369 
6372 6375 6378 6381 6384 6387 6390 6393 6396 
6399 6402 6405 6408 6411 6414 6417 6420 6423 
6426 6429 6432 6435 6438 6441 6444 6447 6450 
6453 6456 6459 6462 6465 6468 6471 6474 6477 
6480 6483 6486 6489 6492 6495 6498 6501 6504 
6507 6510 6513 6516 6519 6522 6525 6528 6531 
6534 6537 6540 6543 6546 6549 6552 6555 6558 
6561 6564 6567 6570 6573 6576 6579 6582 6585 
6588 6591 6594 6597 6600 6603 6606 6609 6612 
6615 6618 6621 6624 6627 6630 6633 6636 6639 
6642 6645 6648 6651 6654 6657 6660 6663 6666 
6669 6672 6675 6678 6681 6684 6687 6690 6693 
6696 6699 6702 6705 6708 6711 6714 6717 6720 
6723 6726 6729 6732 6735 6738 6741 6744 6747 
6750 6753 6756 6759 6762 6765 6768 6771 6774 
6777 6780 6783 6786 6789 6792 6795 6798 6801 
6804 6807 6810 6813 6816 6819 6822 6825 6828 
6831 6834 6837 6840 6843 6846 6849 6852 6855 
6858 6861 6864 6867 6870 6873 6876 6879 6882 
6885 6888 6891 6894 6897 6900 6903 6906 6909 
6912 6915 6918 6921 6924 6927 6930 6933 6936 
6939 6942 6945 6948 6951 6954 6957 6960 6963 
6966 6969 6972 6975 6978 6981 6984 6987 6990 
6993 6996 6999 7002 7005 7008 7011 7014 7017 
7020 7023 7026 7029 7032 7035 7038 7041 7044 
7047 7050 7053 7056 7059 7062 7065 7068 7071 
7074 7077 7080 7083 7086 7089 7092 7095 7098 
7101 7104 7107 7110 7113 7116 7119 7122 7125 
7128 7131 7134 7137 7140 7143 7146 7149 7152 
7155 7158 7161 7164 7167 7170 7173 7176 7179 
7182 7185 7188 7191 7194 7197 7200 7203 7206 
7209 7212 7215 7218 7221 7224 7227 7230 7233 
7236 7239 7242 7245 7248 7251 7254 7257 7260 
7263 7266 7269 7272 7275 7278 7281 7284 7287 
7290 7293 7296 7299 7302 7305 7308 7311 7314 
7317 7320 7323 7326 7329 7332 7335 7338 7341 
7344 7347 7350 7353 7356 7359 7362 7365 7368 
7371 7374 7377 7380 7383 7386 7389 7392 7395 
7398 7401 7404 7407 7410 7413 7416 7419 7422 
7425 7428 7431 7434 7437 7440 7443 7446 7449 
7452 7455 7458 7461 7464 7467 7470 7473 7476 
7479 7482 7485 7488 7491 7494 7497 7500 7503 
7506 7509 7512 7515 7518 7521 7524 7527 7530 
7533 7536 7539 7542 7545 7548 7551 7554 7557 
7560 7563 7566 7569 7572 7575 7578 7581 7584 
7587 7590 7593 7596 7599 7602 7605 7608 7611 
7614 7617 7620 7623 7626 7629 7632 7635 7638 
7641 7644 7647 7650 7653 7656 7659 7662 7665 
7668 7671 7674 7677 7680 7683 7686 7689 7692 
7695 7698 7701 7704 7707 7710 7713 7716 7719 
7722 7725 7728 7731 7734 7737 7740 7743 7746 
7749 7752 7755 7758 7761 7764 7767 7770 7773 
7776 7779 7782 7785 7788 7791 7794 7797 7800 
7803 7806 7809 7812 7815 7818 7821 7824 7827 
7830 7833 7836 7839 7842 7845 7848 7851 7854 
7857 7860 7863 7866 7869 7872 7875 7878 7881 
7884 7887 7890 7893 7896 7899 7902 7905 7908 
7911 7914 7917 7920 7923 7926 7929 7932 7935 
7938 7941 7944 7947 7950 7953 7956 7959 7962 
7965 7968 7971 7974 7977 7980 7983 7986 7989 
7992 7995 7998 8001 8004 8007 8010 8013 8016 
8019 8022 8025 8028 8031 8034 8037 8040 8043 
8046 8049 8052 8055 8058 8061 8064 8067 8070 
8073 8076 8079 8082 8085 8088 8091 8094 8097 
8100 8103 8106 8109 8112 8115 8118 8121 8124 
8127 8130 8133 8136 8139 8142 8145 8148 8151 
8154 8157 8160 8163 8166 8169 8172 8175 8178 
8181 8184 8187 8190 8193 8196 8199 8202 8205 
8208 8211 8214 8217 8220 8223 8226 8229 8232 
8235 8238 8241 8244 8247 8250 8253 8256 8259 
8262 8265 8268 8271 8274 8277 8280 8283 8286 
8289 8292 8295 8298 8301 8304 8307 8310 8313 
8316 8319 8322 8325 8328 8331 8334 8337 8340 
8343 8346 8349 8352 8355 8358 8361 8364 8367 
8370 8373 8376 8379 8382 8385 8388 8391 8394 
8397 8400 8403 8406 8409 8412 8415 8418 8421 
8424 8427 8430 8433 8436 8439 8442 8445 8448 
8451 8454 8457 8460 8463 8466 8469 8472 8475 
8478 8481 8484 8487 8490 8493 8496 8499 8502 
8505 8508 8511 8514 8517 8520 8523 8526 8529 
8532 8535 8538 8541 8544 8547 8550 8553 8556 
8559 8562 8565 8568 8571 8574 8577 8580 8583 
8586 8589 8592 8595 8598 8601 8604 8607 8610 
8613 8616 8619 8622 8625 8628 8631 8634 8637 
8640 8643 8646 8649 8652 8655 8658 8661 8664 
8667 8670 8673 8676 8679 8682 8685 8688 8691 
8694 8697 8700 8703 8706 8709 8712 8715 8718 
8721 8724 8727 8730 8733 8736 8739 8742 8745 
8748 8751 8754 8757 8760 8763 8766 8769 8772 
8775 8778 8781 8784 8787 8790 8793 8796 8799 
8802 8805 8808 8811 8814 8817 8820 8823 8826 
8829 8832 8835 8838 8841 8844 8847 8850 8853 
8856 8859 8862 8865 8868 8871 8874 8877 8880 
8883 8886 8889 8892 8895 8898 8901 8904 8907 
8910 8913 8916 8919 8922 8925 8928 8931 8934 
8937 8940 8943 8946 8949 8952 8955 8958 8961 
8964 8967 8970 8973 8976 8979 8982 8985 8988 
8991 8994 8997 9000 9003 9006 9009 9012 9015 
9018 9021 9024 9027 9030 9033 9036 9039 9042 
9045 9048 9051 9054 9057 9060 9063 9066 9069 
9072 9075 9078 9081 9084 9087 9090 9093 9096 
9099 9102 9105 9108 9111 9114 9117 9120 9123 
9126 9129 9132 9135 9138 9141 9144 9147 9150 
9153 9156 9159 9162 9165 9168 9171 9174 9177 
9180 9183 9186 9189 9192 9195 9198 9201 9204 
9207 9210 9213 9216 9219 9222 9225 9228 9231 
9234 9237 9240 9243 9246 9249 9252 9255 9258 
9261 9264 9267 9270 9273 9276 9279 9282 9285 
9288 9291 9294 9297 9300 9303 9306 9309 9312 
9315 9318 9321 9324 9327 9330 9333 9336 9339 
9342 9345 9348 9351 9354 9357 9360 9363 9366 
9369 9372 9375 9378 9381 9384 9387 9390 9393 
9396 9399 9402 9405 9408 9411 9414 9417 9420 
9423 9426 9429 9432 9435 9438 9441 9444 9447 
9450 9453 9456 9459 9462 9465 9468 9471 9474 
9477 9480 9483 9486 9489 9492 9495 9498 9501 
9504 9507 9510 9513 9516 9519 9522 9525 9528 
9531 9534 9537 9540 9543 9546 9549 9552 9555 
9558 9561 9564 9567 9570 9573 9576 9579 9582 
9585 9588 9591 9594 9597 9600 9603 9606 9609 
9612 9615 9618 9621 9624 9627 9630 9633 9636 
9639 9642 9645 9648 9651 9654 9657 9660 9663 
9666 9669 9672 9675 9678 9681 9684 9687 9690 
9693 9696 9699 9702 9705 9708 9711 9714 9717 
9720 9723 9726 9729 9732 9735 9738 9741 9744 
9747 9750 9753 9756 9759 9762 9765 9768 9771 
9774 9777 9780 9783 9786 9789 9792 9795 9798 
9801 9804 9807 9810 9813 9816 9819 9822 9825 
9828 9831 9834 9837 9840 9843 9846 9849 9852 
9855 9858 9861 9864 9867 9870 9873 9876 9879 
9882 9885 9888 9891 9894 9897 9900 9903 9906 
9909 9912 9915 9918 9921 9924 9927 9930 9933 
9936 9939 9942 9945 9948 9951 9954 9957 9960 
9963 9966 9969 9972 9975 9978 9981 9984 9987 
9990 9993 9996 9999 10002 10005 10008 10011 10014 
10017 10020 10023 10026 10029 10032 10035 10038 10041 
10044 10047 10050 10053 10056 10059 10062 10065 10068 
10071 10074 10077 10080 10083 10086 10089 10092 10095 
10098 10101 10104 10107 10110 10113 10116 10119 10122 
10125 10128 10131 10134 10137 10140 10143 10146 10149 
10152 10155 10158 10161 10164 10167 10170 10173 10176 
10179 10182 10185 10188 10191 10194 10197 10200 10203 
10206 10209 10212 10215 10218 10221 10224 10227 10230 
10233 10236 10239 10242 10245 10248 10251 10254 10257 
10260 10263 10266 10269 10272 10275 10278 10281 10284 
10287 10290 10293 10296 10299 10302 10305 10308 10311 
10314 10317 10320 10323 10326 10329 10332 10335 10338 
10341 10344 10347 10350 10353 10356 10359 10362 10365 
10368 10371 10374 10377 10380 10383 10386 10389 10392 
10395 10398 10401 10404 10407 10410 10413 10416 10419 
10422 10425 10428 10431 10434 10437 10440 10443 10446 
10449 10452 10455 10458 10461 10464 10467 10470 10473 
10476 10479 10482 10485 10488 10491 10494 10497 10500 
10503 10506 10509 10512 10515 10518 10521 10524 10527 
10530 10533 10536 10539 10542 10545 10548 10551 10554 
10557 10560 10563 10566 10569 10572 10575 10578 10581 
10584 10587 10590 10593 10596 10599 10602 10605 10608 
10611 10614 10617 10620 10623 10626 10629 10632 10635 
10638 10641 10644 10647 10650 10653 10656 10659 10662 
10665 10668 10671 10674 10677 10680 10683 10686 10689 
10692 10695 10698 10701 10704 10707 10710 10713 10716 
10719 10722 10725 10728 10731 10734 10737 10740 10743 
10746 10749 10752 10755 10758 10761 10764 10767 10770 
10773 10776 10779 10782 10785 10788 10791 10794 10797 
10800 10803 10806 10809 10812 10815 10818 10821 10824 
10827 10830 10833 10836 10839 10842 10845 10848 10851 
10854 10857 10860 10863 10866 10869 10872 10875 10878 
10881 10884 10887 10890 10893 10896 10899 10902 10905 
10908 10911 10914 10917 10920 10923 10926 10929 10932 
10935 10938 10941 10944 10947 10950 10953 10956 10959 
10962 10965 10968 10971 10974 10977 10980 10983 10986 
10989 10992 10995 10998 11001 11004 11007 11010 11013 
11016 11019 11022 11025 11028 11031 11034 11037 11040 
11043 11046 11049 11052 11055 11058 11061 11064 11067 
11070 11073 11076 11079 11082 11085 11088 11091 11094 
11097 11100 11103 11106 11109 11112 11115 11118 11121 
11124 11127 11130 11133 11136 11139 11142 11145 11148 
11151 11154 11157 11160 11163 11166 11169 11172 11175 
11178 11181 11184 11187 11190 11193 11196 11199 11202 
11205 11208 11211 11214 11217 11220 11223 11226 11229 
11232 11235 11238 11241 11244 11247 11250 11253 11256 
11259 11262 11265 11268 11271 11274 11277 11280 11283 
11286 11289 11292 11295 11298 11301 11304 11307 11310 
11313 11316 11319 11322 11325 11328 11331 11334 11337 
11340 11343 11346 11349 11352 11355 11358 11361 11364 
11367 11370 11373 11376 11379 11382 11385 11388 11391 
11394 11397 11400 11403 11406 11409 11412 11415 11418 
11421 11424 11427 11430 11433 11436 11439 11442 11445 
11448 11451 11454 11457 11460 11463 11466 11469 11472 
11475 11478 11481 11484 11487 11490 11493 11496 11499 
11502 11505 11508 11511 11514 11517 11520 11523 11526 
11529 11532 11535 11538 11541 11544 11547 11550 11553 
11556 11559 11562 11565 11568 11571 11574 11577 11580 
11583 11586 11589 11592 11595 11598 11601 11604 11607 
11610 11613 11616 11619 11622 11625 11628 11631 11634 
11637 11640 11643 11646 11649 11652 11655 11658 11661 
11664 11667 11670 11673 11676 11679 11682 11685 11688 
11691 11694 11697 11700 11703 11706 11709 11712 11715 
11718 11721 11724 11727 11730 11733 11736 11739 11742 
11745 11748 11751 11754 11757 11760 11763 11766 11769 
11772 11775 11778 11781 11784 11787 11790 11793 11796 
11799 11802 11805 11808 11811 11814 11817 11820 11823 
11826 11829 11832 11835 11838 11841 11844 11847 11850 
11853 11856 11859 11862 11865 11868 11871 11874 11877 
11880 11883 11886 11889 11892 11895 11898 11901 11904 
11907 11910 11913 11916 11919 11922 11925 11928 11931 
11934 11937 11940 11943 11946 11949 11952 11955 11958 
11961 11964 11967 11970 11973 11976 11979 11982 11985 
11988 11991 11994 11997 12000 12003 12006 12009 12012 
12015 12018 12021 12024 12027 12030 12033 12036 12039 
12042 12045 12048 12051 12054 12057 12060 12063 12066 
12069 12072 12075 12078 12081 12084 12087 12090 12093 
12096 12099 12102 12105 12108 12111 12114 12117 12120 
12123 12126 12129 12132 12135 12138 12141 12144 12147 
12150 12153 12156 12159 12162 12165 12168 12171 12174 
12177 12180 12183 12186 12189 12192 12195 12198 12201 
12204 12207 12210 12213 12216 12219 12222 12225 12228 
12231 12234 12237 12240 12243 12246 12249 12252 12255 
12258 12261 12264 12267 12270 12273 12276 12279 12282 
12285 12288 12291 12294 12297 12300 12303 12306 12309 
12312 12315 12318 12321 12324 12327 12330 12333 12336 
12339 12342 12345 12348 12351 12354 12357 12360 12363 
12366 12369 12372 12375 12378 12381 12384 12387 12390 
12393 12396 12399 12402 12405 12408 12411 12414 12417 
12420 12423 12426 12429 12432 12435 12438 12441 12444 
12447 12450 12453 12456 12459 12462 12465 12468 12471 
12474 12477 12480 12483 12486 12489 12492 12495 12498 
12501 12504 12507 12510 12513 12516 12519 12522 12525 
12528 12531 12534 12537 12540 12543 12546 12549 12552 
12555 12558 12561 12564 12567 12570 12573 12576 12579 
12582 12585 12588 12591 12594 12597 12600 12603 12606 
12609 12612 12615 12618 12621 12624 12627 12630 12633 
12636 12639 12642 12645 12648 12651 12654 12657 12660 
12663 12666 12669 12672 12675 12678 12681 12684 12687 
12690 12693 12696 12699 12702 12705 12708 12711 12714 
12717 12720 12723 12726 12729 12732 12735 12738 12741 
12744 12747 12750 12753 12756 12759 12762 12765 12768 
12771 12774 12777 12780 12783 12786 12789 12792 12795 
12798 12801 12804 12807 12810 12813 12816 12819 12822 
12825 12828 12831 12834 12837 12840 12843 12846 12849 
12852 12855 12858 12861 12864 12867 12870 12873 12876 
12879 12882 12885 12888 12891 12894 12897 12900 12903 
12906 12909 12912 12915 12918 12921 12924 12927 12930 
12933 12936 12939 12942 12945 12948 12951 12954 12957 
12960 12963 12966 12969 12972 12975 12978 12981 12984 
12987 12990 12993 12996 12999 13002 13005 13008 13011 
13014 13017 13020 13023 13026 13029 13032 13035 13038 
13041 13044 13047 13050 13053 13056 13059 13062 13065 
13068 13071 13074 13077 13080 13083 13086 13089 13092 
13095 13098 13101 13104 13107 13110 13113 13116 13119 
13122 13125 13128 13131 13134 13137 13140 13143 13146 
13149 13152 13155 13158 13161 13164 13167 13170 13173 
13176 13179 13182 13185 13188 13191 13194 13197 13200 
13203 13206 13209 13212 13215 13218 13221 13224 13227 
13230 13233 13236 13239 13242 13245 13248 13251 13254 
13257 13260 13263 13266 13269 13272 13275 13278 13281 
13284 13287 13290 13293 13296 13299 13302 13305 13308 
13311 13314 13317 13320 13323 13326 13329 13332 13335 
13338 13341 13344 13347 13350 13353 13356 13359 13362 
13365 13368 13371 13374 13377 13380 13383 13386 13389 
13392 13395 13398 13401 13404 13407 13410 13413 13416 
13419 13422 13425 13428 13431 13434 13437 13440 13443 
13446 13449 13452 13455 13458 13461 13464 13467 13470 
13473 13476 13479 13482 13485 13488 13491 13494 13497 
13500 13503 13506 13509 13512 13515 13518 13521 13524 
13527 13530 13533 13536 13539 13542 13545 13548 13551 
13554 13557 13560 13563 13566 13569 13572 13575 13578 
13581 13584 13587 13590 13593 13596 13599 13602 13605 
13608 13611 13614 13617 13620 13623 13626 13629 13632 
13635 13638 13641 13644 13647 13650 13653 13656 13659 
13662 13665 13668 13671 13674 13677 13680 13683 13686 
13689 13692 13695 13698 13701 13704 13707 13710 13713 
13716 13719 13722 13725 13728 13731 13734 13737 13740 
13743 13746 13749 13752 13755 13758 13761 13764 13767 
13770 13773 13776 13779 13782 13785 13788 13791 13794 
13797 13800 13803 13806 13809 13812 13815 13818 13821 
13824 13827 13830 13833 13836 13839 13842 13845 13848 
13851 13854 13857 13860 13863 13866 13869 13872 13875 
13878 13881 13884 13887 13890 13893 13896 13899 13902 
13905 13908 13911 13914 13917 13920 13923 13926 13929 
13932 13935 13938 13941 13944 13947 13950 13953 13956 
13959 13962 13965 13968 13971 13974 13977 13980 13983 
13986 13989 13992 13995 13998 14001 14004 14007 14010 
14013 14016 14019 14022 14025 14028 14031 14034 14037 
14040 14043 14046 14049 14052 14055 14058 14061 14064 
14067 14070 14073 14076 14079 14082 14085 14088 14091 
14094 14097 14100 14103 14106 14109 14112 14115 14118 
14121 14124 14127 14130 14133 14136 14139 14142 14145 
14148 14151 14154 14157 14160 14163 14166 14169 14172 
14175 14178 14181 14184 14187 14190 14193 14196 14199 
14202 14205 14208 14211 14214 14217 14220 14223 14226 
14229 14232 14235 14238 14241 14244 14247 14250 14253 
14256 14259 14262 14265 14268 14271 14274 14277 14280 
14283 14286 14289 14292 14295 14298 14301 14304 14307 
14310 14313 14316 14319 14322 14325 14328 14331 14334 
14337 14340 14343 14346 14349 14352 14355 14358 14361 
14364 14367 14370 14373 14376 14379 14382 14385 14388 
14391 14394 14397 14400 14403 14406 14409 14412 14415 
14418 14421 14424 14427 14430 14433 14436 14439 14442 
14445 14448 14451 14454 14457 14460 14463 14466 14469 
14472 14475 14478 14481 14484 14487 14490 14493 14496 
14499 14502 14505 14508 14511 14514 14517 14520 14523 
14526 14529 14532 14535 14538 14541 14544 14547 14550 
14553 14556 14559 14562 14565 14568 14571 14574 14577 
14580 14583 14586 14589 14592 14595 14598 14601 14604 
14607 14610 14613 14616 14619 14622 14625 14628 14631 
14634 14637 14640 14643 14646 14649 14652 14655 14658 
14661 14664 14667 14670 14673 14676 14679 14682 14685 
14688 14691 14694 14697 14700 14703 14706 14709 14712 
14715 14718 14721 14724 14727 14730 14733 14736 14739 
14742 14745 14748 14751 14754 14757 14760 14763 14766 
14769 14772 14775 14778 14781 14784 14787 14790 14793 
14796 14799 14802 14805 14808 14811 14814 14817 14820 
14823 14826 14829 14832 14835 14838 14841 14844 14847 
14850 14853 14856 14859 14862 14865 14868 14871 14874 
14877 14880 14883 14886 14889 14892 14895 14898 14901 
14904 14907 14910 14913 14916 14919 14922 14925 14928 
14931 14934 14937 14940 14943 14946 14949 14952 14955 
14958 14961 14964 14967 14970 14973 14976 14979 14982 
14985 14988 14991 14994 14997 15000 15003 15006 15009 
15012 15015 15018 15021 15024 15027 15030 15033 15036 
15039 15042 15045 15048 15051 15054 15057 15060 15063 
15066 15069 15072 15075 15078 15081 15084 15087 15090 
15093 15096 15099 15102 15105 15108 15111 15114 15117 
15120 15123 15126 15129 15132 15135 15138 15141 15144 
15147 15150 15153 15156 15159 15162 15165 15168 15171 
15174 15177 15180 15183 15186 15189 15192 15195 15198 
15201 15204 15207 15210 15213 15216 15219 15222 15225 
15228 15231 15234 15237 15240 15243 15246 15249 15252 
15255 15258 15261 15264 15267 15270 15273 15276 15279 
15282 15285 15288 15291 15294 15297 15300 15303 15306 
15309 15312 15315 15318 15321 15324 15327 15330 15333 
15336 15339 15342 15345 15348 15351 15354 15357 15360 
15363 15366 15369 15372 15375 15378 15381 15384 15387 
15390 15393 15396 15399 15402 15405 15408 15411 15414 
15417 15420 15423 15426 15429 15432 15435 15438 15441 
15444 15447 15450 15453 15456 15459 15462 15465 15468 
15471 15474 15477 15480 15483 15486 15489 15492 15495 
15498 15501 15504 15507 15510 15513 15516 15519 15522 
15525 15528 15531 15534 15537 15540 15543 15546 15549 
15552 15555 15558 15561 15564 15567 15570 15573 15576 
15579 15582 15585 15588 15591 15594 15597 15600 15603 
15606 15609 15612 15615 15618 15621 15624 15627 15630 
15633 15636 15639 15642 15645 15648 15651 15654 15657 
15660 15663 15666 15669 15672 15675 15678 15681 15684 
15687 15690 15693 15696 15699 15702 15705 15708 15711 
15714 15717 15720 15723 15726 15729 15732 15735 15738 
15741 15744 15747 15750 15753 15756 15759 15762 15765 
15768 15771 15774 15777 15780 15783 15786 15789 15792 
15795 15798 15801 15804 15807 15810 15813 15816 15819 
15822 15825 15828 15831 15834 15837 15840 15843 15846 
15849 15852 15855 15858 15861 15864 15867 15870 15873 
15876 15879 15882 15885 15888 15891 15894 15897 15900 
15903 15906 15909 15912 15915 15918 15921 15924 15927 
15930 15933 15936 15939 15942 15945 15948 15951 15954 
15957 15960 15963 15966 15969 15972 15975 15978 15981 
15984 15987 15990 15993 15996 15999 16002 16005 16008 
16011 16014 16017 16020 16023 16026 16029 16032 16035 
16038 16041 16044 16047 16050 16053 16056 16059 16062 
16065 16068 16071 16074 16077 16080 16083 16086 16089 
16092 16095 16098 16101 16104 16107 16110 16113 16116 
16119 16122 16125 16128 16131 16134 16137 16140 16143 
16146 16149 16152 16155 16158 16161 16164 16167 16170 
16173 16176 16179 16182 16185 16188 16191 16194 16197 
16200 16203 16206 16209 16212 16215 16218 16221 16224 
16227 16230 16233 16236 16239 16242 16245 16248 16251 
16254 16257 16260 16263 16266 16269 16272 16275 16278 
16281 16284 16287 16290 16293 16296 16299 16302 16305 
16308 16311 16314 16317 16320 16323 16326 16329 16332 
16335 16338 16341 16344 16347 16350 16353 16356 16359 
16362 16365 16368 16371 16374 16377 16380 16383 16386 
16389 16392 16395 16398 16401 16404 16407 16410 16413 
16416 16419 16422 16425 16428 16431 16434 16437 16440 
16443 16446 16449 16452 16455 16458 16461 16464 16467 
16470 16473 16476 16479 16482 16485 16488 16491 16494 
16497 16500 16503 16506 16509 16512 16515 16518 16521 
16524 16527 16530 16533 16536 16539 16542 16545 16548 
16551 16554 16557 16560 16563 16566 16569 16572 16575 
16578 16581 16584 16587 16590 16593 16596 16599 16602 
16605 16608 16611 16614 16617 16620 16623 16626 16629 
16632 16635 16638 16641 16644 16647 16650 16653 16656 
16659 16662 16665 16668 16671 16674 16677 16680 16683 
16686 16689 16692 16695 16698 16701 16704 16707 16710 
16713 16716 16719 16722 16725 16728 16731 16734 16737 
16740 16743 16746 16749 16752 16755 16758 16761 16764 
16767 16770 16773 16776 16779 16782 16785 16788 16791 
16794 16797 16800 16803 16806 16809 16812 16815 16818 
16821 16824 16827 16830 16833 16836 16839 16842 16845 
16848 16851 16854 16857 16860 16863 16866 16869 16872 
16875 16878 16881 16884 16887 16890 16893 16896 16899 
16902 16905 16908 16911 16914 16917 16920 16923 16926 
16929 16932 16935 16938 16941 16944 16947 16950 16953 
16956 16959 16962 16965 16968 16971 16974 16977 16980 
16983 16986 16989 16992 16995 16998 17001 17004 17007 
17010 17013 17016 17019 17022 17025 17028 17031 17034 
17037 17040 17043 17046 17049 17052 17055 17058 17061 
17064 17067 17070 17073 17076 17079 17082 17085 17088 
17091 17094 17097 17100 17103 17106 17109 17112 17115 
17118 17121 17124 17127 17130 17133 17136 17139 17142 
17145 17148 17151 17154 17157 17160 17163 17166 17169 
17172 17175 17178 17181 17184 17187 17190 17193 17196 
17199 17202 17205 17208 17211 17214 17217 17220 17223 
17226 17229 17232 17235 17238 17241 17244 17247 17250 
17253 17256 17259 17262 17265 17268 17271 17274 17277 
17280 17283 17286 17289 17292 17295 17298 17301 17304 
17307 17310 17313 17316 17319 17322 17325 17328 17331 
17334 17337 17340 17343 17346 17349 17352 17355 17358 
17361 17364 17367 17370 17373 17376 17379 17382 17385 
17388 17391 17394 17397 17400 17403 17406 17409 17412 
17415 17418 17421 17424 17427 17430 17433 17436 17439 
17442 17445 17448 17451 17454 17457 17460 17463 17466 
17469 17472 17475 17478 17481 17484 17487 17490 17493 
17496 17499 17502 17505 17508 17511 17514 17517 17520 
17523 17526 17529 17532 17535 17538 17541 17544 17547 
17550 17553 17556 17559 17562 17565 17568 17571 17574 
17577 17580 17583 17586 17589 17592 17595 17598 17601 
17604 17607 17610 17613 17616 17619 17622 17625 17628 
17631 17634 17637 17640 17643 17646 17649 17652 17655 
17658 17661 17664 17667 17670 17673 17676 17679 17682 
17685 17688 17691 17694 17697 17700 17703 17706 17709 
17712 17715 17718 17721 17724 17727 17730 17733 17736 
17739 17742 17745 17748 17751 17754 17757 17760 17763 
17766 17769 17772 17775 17778 17781 17784 17787 17790 
17793 17796 17799 17802 17805 17808 17811 17814 17817 
17820 17823 17826 17829 17832 17835 17838 17841 17844 
17847 17850 17853 17856 17859 17862 17865 17868 17871 
17874 17877 17880 17883 17886 17889 17892 17895 17898 
17901 17904 17907 17910 17913 17916 17919 17922 17925 
17928 17931 17934 17937 17940 17943 17946 17949 17952 
17955 17958 17961 17964 17967 17970 17973 17976 17979 
17982 17985 17988 17991 17994 17997 18000 18003 18006 
18009 18012 18015 18018 18021 18024 18027 18030 18033 
18036 18039 18042 18045 18048 18051 18054 18057 18060 
18063 18066 18069 18072 18075 18078 18081 18084 18087 
18090 18093 18096 18099 18102 18105 18108 18111 18114 
18117 18120 18123 18126 18129 18132 18135 18138 18141 
18144 18147 18150 18153 18156 18159 18162 18165 18168 
18171 18174 18177 18180 18183 18186 18189 18192 18195 
18198 18201 18204 18207 18210 18213 18216 18219 18222 
18225 18228 18231 18234 18237 18240 18243 18246 18249 
18252 18255 18258 18261 18264 18267 18270 18273 18276 
18279 18282 18285 18288 18291 18294 18297 18300 18303 
18306 18309 18312 18315 18318 18321 18324 18327 18330 
18333 18336 18339 18342 18345 18348 18351 18354 18357 
18360 18363 18366 18369 18372 18375 18378 18381 18384 
18387 18390 18393 18396 18399 18402 18405 18408 18411 
18414 18417 18420 18423 18426 18429 18432 18435 18438 
18441 18444 18447 18450 18453 18456 18459 18462 18465 
18468 18471 18474 18477 18480 18483 18486 18489 18492 
18495 18498 18501 18504 18507 18510 18513 18516 18519 
18522 18525 18528 18531 18534 18537 18540 18543 18546 
18549 18552 18555 18558 18561 18564 18567 18570 18573 
18576 18579 18582 18585 18588 18591 18594 18597 18600 
18603 18606 18609 18612 18615 18618 18621 18624 18627 
18630 18633 18636 18639 18642 18645 18648 18651 18654 
18657 18660 18663 18666 18669 18672 18675 18678 18681 
18684 18687 18690 18693 18696 18699 18702 18705 18708 
18711 18714 18717 18720 18723 18726 18729 18732 18735 
18738 18741 18744 18747 18750 18753 18756 18759 18762 
18765 18768 18771 18774 18777 18780 18783 18786 18789 
18792 18795 18798 18801 18804 18807 18810 18813 18816 
18819 18822 18825 18828 18831 18834 18837 18840 18843 
18846 18849 18852 18855 18858 18861 18864 18867 18870 
18873 18876 18879 18882 18885 18888 18891 18894 18897 
18900 18903 18906 18909 18912 18915 18918 18921 18924 
18927 18930 18933 18936 18939 18942 18945 18948 18951 
18954 18957 18960 18963 18966 18969 18972 18975 18978 
18981 18984 18987 18990 18993 18996 18999 19002 19005 
19008 19011 19014 19017 19020 19023 19026 19029 19032 
19035 19038 19041 19044 19047 19050 19053 19056 19059 
19062 19065 19068 19071 19074 19077 19080 19083 19086 
19089 19092 19095 19098 19101 19104 19107 19110 19113 
19116 19119 19122 19125 19128 19131 19134 19137 19140 
19143 19146 19149 19152 19155 19158 19161 19164 19167 
19170 19173 19176 19179 19182 19185 19188 19191 19194 
19197 19200 19203 19206 19209 19212 19215 19218 19221 
19224 19227 19230 19233 19236 19239 19242 19245 19248 
19251 19254 19257 19260 19263 19266 19269 19272 19275 
19278 19281 19284 19287 19290 19293 19296 19299 19302 
19305 19308 19311 19314 19317 19320 19323 19326 19329 
19332 19335 19338 19341 19344 19347 19350 19353 19356 
19359 19362 19365 19368 19371 19374 19377 19380 19383 
19386 19389 19392 19395 19398 19401 19404 19407 19410 
19413 19416 19419 19422 19425 19428 19431 19434 19437 
19440 19443 19446 19449 19452 19455 19458 19461 19464 
19467 19470 19473 19476 19479 19482 19485 19488 19491 
19494 19497 19500 19503 19506 19509 19512 19515 19518 
19521 19524 19527 19530 19533 19536 19539 19542 19545 
19548 19551 19554 19557 19560 19563 19566 19569 19572 
19575 19578 19581 19584 19587 19590 19593 19596 19599 
19602 19605 19608 19611 19614 19617 19620 19623 19626 
19629 19632 19635 19638 19641 19644 19647 19650 19653 
19656 19659 19662 19665 19668 19671 19674 19677 19680 
19683 19686 19689 19692 19695 19698 19701 19704 19707 
19710 19713 19716 19719 19722 19725 19728 19731 19734 
19737 19740 19743 19746 19749 19752 19755 19758 19761 
19764 19767 19770 19773 19776 19779 19782 19785 19788 
19791 19794 19797 19800 19803 19806 19809 19812 19815 
19818 19821 19824 19827 19830 19833 19836 19839 19842 
19845 19848 19851 19854 19857 19860 19863 19866 19869 
19872 19875 19878 19881 19884 19887 19890 19893 19896 
19899 19902 19905 19908 19911 19914 19917 19920 19923 
19926 19929 19932 19935 19938 19941 19944 19947 19950 
19953 19956 19959 19962 19965 19968 19971 19974 19977 
19980 19983 19986 19989 19992 19995 19998 20001 20004 
20007 20010 20013 20016 20019 20022 20025 20028 20031 
20034 20037 20040 20043 20046 20049 20052 20055 20058 
20061 20064 20067 20070 20073 20076 20079 20082 20085 
20088 20091 20094 20097 20100 20103 20106 20109 20112 
20115 20118 20121 20124 20127 20130 20133 20136 20139 
20142 20145 20148 20151 20154 20157 20160 20163 20166 
20169 20172 20175 20178 20181 20184 20187 20190 20193 
20196 20199 20202 20205 20208 20211 20214 20217 20220 
20223 20226 20229 20232 20235 20238 20241 20244 20247 
20250 20253 20256 20259 20262 20265 20268 20271 20274 
20277 20280 20283 20286 20289 20292 20295 20298 20301 
20304 20307 20310 20313 20316 20319 20322 20325 20328 
20331 20334 20337 20340 20343 20346 20349 20352 20355 
20358 20361 20364 20367 20370 20373 20376 20379 20382 
20385 20388 20391 20394 20397 20400 20403 20406 20409 
20412 20415 20418 20421 20424 20427 20430 20433 20436 
20439 20442 20445 20448 20451 20454 20457 20460 20463 
20466 20469 20472 20475 20478 20481 20484 20487 20490 
20493 20496 20499 20502 20505 20508 20511 20514 20517 
20520 20523 20526 20529 20532 20535 20538 20541 20544 
20547 20550 20553 20556 20559 20562 20565 20568 20571 
20574 20577 20580 20583 20586 20589 20592 20595 20598 
20601 20604 20607 20610 20613 20616 20619 20622 20625 
20628 20631 20634 20637 20640 20643 20646 20649 20652 
20655 20658 20661 20664 20667 20670 20673 20676 20679 
20682 20685 20688 20691 20694 20697 20700 20703 20706 
20709 20712 20715 20718 20721 20724 20727 20730 20733 
20736 20739 20742 20745 20748 20751 20754 20757 20760 
20763 20766 20769 20772 20775 20778 20781 20784 20787 
20790 20793 20796 20799 20802 20805 20808 20811 20814 
20817 20820 20823 20826 20829 20832 20835 20838 20841 
20844 20847 20850 20853 20856 20859 20862 20865 20868 
20871 20874 20877 20880 20883 20886 20889 20892 20895 
20898 20901 20904 20907 20910 20913 20916 20919 20922 
20925 20928 20931 20934 20937 20940 20943 20946 20949 
20952 20955 20958 20961 20964 20967 20970 20973 20976 
20979 20982 20985 20988 20991 20994 20997 21000 21003 
21006 21009 21012 21015 21018 21021 21024 21027 21030 
21033 21036 21039 21042 21045 21048 21051 21054 21057 
21060 21063 21066 21069 21072 21075 21078 21081 21084 
21087 21090 21093 21096 21099 21102 21105 21108 21111 
21114 21117 21120 
CONNECTIVITY vtktypeint64
0 1 2 1 0 3 4 5 6 
5 4 7 0 2 8 3 0 8 
4 6 9 7 4 9 10 11 12 
10 13 14 11 10 14 14 13 15 
16 17 18 12 17 16 12 16 10 
10 16 19 13 10 20 20 10 19 
21 15 13 21 13 22 22 13 20 
21 22 23 24 25 26 24 27 28 
25 24 28 27 29 30 28 27 30 
29 31 32 30 29 32 18 32 31 
18 31 16 16 31 33 19 16 34 
34 16 33 1 34 2 1 20 34 
20 19 34 3 20 1 3 35 20 
35 22 20 36 23 22 35 36 22 
37 38 39 37 40 41 38 37 41 
40 42 43 41 40 43 26 43 42 
26 42 24 24 42 44 27 24 45 
45 24 44 29 27 46 46 27 45 
5 46 6 5 31 46 31 29 46 
7 31 5 7 47 31 47 33 31 
34 33 48 48 33 47 2 49 8 
2 34 49 34 48 49 8 49 50 
3 8 50 3 50 51 3 51 35 
36 35 51 52 53 54 39 53 52 
39 52 37 37 52 55 40 37 56 
56 37 55 42 40 57 57 40 56 
58 59 44 58 44 57 57 44 42 
45 44 59 60 45 59 46 45 60 
61 46 60 6 46 61 6 61 9 
9 61 62 47 7 9 47 9 63 
63 9 62 48 47 63 64 48 63 
49 48 64 65 49 64 50 49 65 
52 54 66 55 52 66 67 55 66 
56 55 67 68 56 67 57 56 68 
69 57 68 58 57 69 70 71 72 
70 73 74 71 70 74 74 73 75 
76 77 78 76 79 80 77 76 80 
79 81 82 80 79 82 72 82 81 
72 81 70 70 81 83 73 70 84 
84 70 83 85 75 73 84 85 73 
86 87 88 86 89 90 87 86 90 
89 91 92 90 89 92 91 93 94 
92 91 94 78 94 93 78 93 76 
76 93 95 79 76 96 96 76 95 
81 79 97 97 79 96 11 97 12 
11 83 97 83 81 97 14 83 11 
84 83 14 15 98 99 14 15 99 
14 99 85 14 85 84 99 98 100 
101 102 103 101 104 105 102 101 105 
88 105 104 88 104 86 86 104 106 
89 86 107 107 86 106 91 89 108 
108 89 107 93 91 109 109 91 108 
95 93 110 110 93 109 96 95 111 
111 95 110 17 111 18 17 97 111 
97 96 111 12 97 17 15 21 98 
98 21 23 98 23 100 100 23 112 
113 114 115 113 116 117 114 113 117 
103 117 116 103 116 101 101 116 118 
104 101 119 119 101 118 106 104 120 
120 104 119 107 106 121 121 106 120 
25 121 26 25 108 121 108 107 121 
28 108 25 109 108 28 30 109 28 
110 109 30 32 110 30 111 110 32 
18 111 32 23 36 112 112 36 122 
123 124 125 123 126 127 124 123 127 
115 127 126 115 126 113 113 126 128 
116 113 129 129 113 128 118 116 130 
130 116 129 38 130 39 38 119 130 
119 118 130 41 119 38 120 119 41 
43 120 41 121 120 43 26 121 43 
51 131 132 50 131 51 122 36 51 
132 122 51 133 134 135 133 136 137 
134 133 137 125 137 136 125 136 123 
123 136 138 126 123 139 139 123 138 
128 126 140 140 126 139 129 128 141 
141 128 140 53 141 54 53 130 141 
130 129 141 39 130 53 59 58 142 
59 143 60 142 143 59 144 60 143 
144 145 60 145 61 60 62 61 146 
61 145 146 63 62 147 62 146 147 
64 63 148 63 147 148 65 64 149 
64 148 149 131 50 65 149 131 65 
150 151 152 135 151 150 135 150 133 
133 150 153 136 133 154 154 133 153 
138 136 155 155 136 154 139 138 156 
156 138 155 140 139 157 157 139 156 
158 159 141 158 141 157 157 141 140 
54 141 159 54 159 66 66 159 160 
67 66 161 66 160 161 68 67 162 
67 161 162 69 68 163 68 162 163 
142 58 69 142 69 164 164 69 163 
143 142 164 165 143 164 144 143 165 
150 152 166 153 150 166 167 153 166 
154 153 167 168 154 167 155 154 168 
169 155 168 156 155 169 170 156 169 
157 156 170 171 157 170 158 157 171 
172 173 174 172 175 176 173 172 176 
176 175 177 178 179 180 174 179 178 
174 178 172 172 178 181 175 172 182 
182 172 181 183 177 175 182 183 175 
184 185 186 184 187 188 185 184 188 
187 189 190 188 187 190 180 190 189 
180 189 178 178 189 191 71 191 72 
71 181 191 181 178 191 74 181 71 
182 181 74 182 74 75 182 75 183 
183 75 192 193 194 195 193 196 197 
194 193 197 196 198 199 197 196 199 
198 200 201 199 198 201 186 201 200 
186 200 184 184 200 202 77 202 78 
77 187 202 187 184 202 80 187 77 
189 187 80 82 189 80 191 189 82 
72 191 82 203 85 204 203 192 85 
192 75 85 203 204 205 206 207 208 
206 209 210 207 206 210 195 210 209 
195 209 193 193 209 211 87 211 88 
87 196 211 196 193 211 90 196 87 
198 196 90 92 198 90 200 198 92 
94 200 92 202 200 94 78 202 94 
85 99 204 204 99 100 204 100 205 
205 100 212 213 214 215 213 216 217 
214 213 217 216 218 219 217 216 219 
218 220 221 219 218 221 208 221 220 
208 220 206 206 220 222 102 222 103 
102 209 222 209 206 222 105 209 102 
211 209 105 88 211 105 100 112 212 
212 112 223 224 225 226 224 227 228 
225 224 228 227 229 230 228 227 230 
215 230 229 215 229 213 213 229 231 
216 213 232 232 213 231 218 216 233 
233 216 232 114 233 115 114 220 233 
220 218 233 117 220 114 222 220 117 
103 222 117 112 122 223 223 122 234 
235 236 237 235 238 239 236 235 239 
226 239 238 226 238 224 224 238 240 
227 224 241 241 224 240 229 227 242 
242 227 241 231 229 243 243 229 242 
124 243 125 124 232 243 232 231 243 
127 232 124 233 232 127 115 233 127 
132 244 245 131 244 132 234 122 132 
245 234 132 235 237 246 238 235 246 
247 238 246 247 248 249 247 249 238 
238 249 240 241 240 250 250 240 249 
134 250 135 134 242 250 242 241 250 
137 242 134 243 242 137 125 243 137 
251 252 253 253 254 251 255 256 257 
255 258 259 257 258 255 259 145 144 
259 258 145 258 260 145 261 260 262 
261 146 260 146 145 260 146 263 147 
261 263 146 264 147 263 264 265 147 
265 148 147 149 148 266 148 265 266 
244 131 149 266 244 149 249 248 267 
250 249 267 250 267 268 269 152 151 
268 135 250 268 270 135 151 135 269 
269 135 270 159 271 272 158 271 159 
160 159 273 159 272 273 161 160 274 
160 273 274 252 251 162 252 162 274 
274 162 161 251 254 275 251 275 162 
162 275 163 256 255 164 256 164 275 
275 164 163 165 164 255 259 165 255 
144 165 259 261 262 276 263 261 276 
277 263 276 264 263 277 152 269 166 
269 270 278 269 278 166 166 278 167 
168 167 279 167 278 279 169 168 280 
168 279 280 170 169 281 169 280 281 
171 170 282 170 281 282 271 158 171 
282 271 171 283 284 285 284 283 286 
287 288 289 285 288 287 285 287 283 
283 287 290 174 173 291 174 291 283 
174 283 290 286 283 291 176 292 173 
173 292 291 292 176 177 293 292 177 
294 295 296 294 297 298 295 294 298 
289 298 297 289 297 287 287 297 299 
179 299 180 179 290 299 290 287 299 
174 290 179 177 183 293 293 183 300 
301 302 303 301 304 305 302 301 305 
296 305 304 294 296 304 294 304 186 
294 186 185 188 294 185 297 294 188 
190 297 188 299 297 190 180 299 190 
183 192 300 300 192 306 307 308 309 
307 310 311 308 307 311 310 195 194 
310 194 311 311 194 312 197 313 194 
194 313 312 303 199 301 303 313 199 
313 197 199 201 301 199 304 301 201 
186 304 201 314 192 203 314 315 192 
315 306 192 203 205 314 316 317 318 
316 319 320 317 316 320 319 321 322 
320 319 322 321 323 324 322 321 324 
323 325 326 324 323 326 325 327 328 
326 325 328 327 329 330 328 327 330 
309 330 329 307 309 329 307 329 208 
307 208 207 210 307 207 310 307 210 
195 310 210 331 315 314 332 315 331 
205 212 331 314 205 331 333 316 318 
334 333 318 319 316 335 335 316 333 
321 319 336 336 319 335 214 336 215 
214 323 336 323 321 336 217 323 214 
325 323 217 219 325 217 327 325 219 
221 327 219 329 327 221 208 329 221 
337 332 331 338 332 337 212 223 337 
331 212 337 225 333 334 225 334 226 
226 334 339 228 333 225 335 333 228 
230 335 228 336 335 230 215 336 230 
340 338 337 341 338 340 223 234 340 
337 223 340 236 342 237 343 342 236 
343 236 344 344 236 239 339 239 226 
344 239 339 345 346 347 341 345 347 
340 345 341 340 244 345 340 245 244 
234 245 340 237 342 246 342 343 348 
342 348 246 246 348 247 348 248 247 
349 248 348 350 351 352 350 253 252 
350 352 253 352 353 253 254 354 355 
254 253 354 253 353 354 355 257 256 
355 354 257 354 356 257 258 257 357 
257 356 357 260 258 358 258 357 358 
262 359 360 262 260 359 260 358 359 
359 361 360 265 362 363 264 362 265 
346 345 266 346 266 363 363 266 265 
244 266 345 248 349 364 267 248 364 
268 267 365 267 364 365 270 366 367 
270 268 366 268 365 366 366 368 367 
369 370 371 369 272 271 369 371 272 
371 372 272 273 272 373 272 372 373 
351 350 274 351 274 373 373 274 273 
252 274 350 254 355 275 256 275 355 
262 360 276 360 361 374 360 374 276 
276 374 277 362 264 277 374 362 277 
270 367 278 367 368 375 367 375 278 
278 375 279 280 279 376 279 375 376 
281 280 377 280 376 377 370 369 282 
370 282 377 377 282 281 271 282 369 
378 379 380 378 285 284 378 284 379 
379 284 381 381 284 286 382 381 286 
383 384 385 383 386 387 384 383 387 
380 387 386 378 380 386 378 386 289 
378 289 288 285 378 288 286 388 382 
291 388 286 389 390 388 389 388 292 
292 388 291 292 293 389 391 392 393 
385 392 391 383 385 391 383 391 296 
383 296 295 298 383 295 386 383 298 
289 386 298 389 394 390 394 389 293 
394 293 395 395 293 300 396 397 398 
396 399 400 397 396 400 399 401 402 
400 399 402 401 303 302 401 302 402 
402 302 403 393 305 391 393 403 305 
403 302 305 296 391 305 300 306 395 
395 306 404 405 406 407 405 408 409 
406 405 409 408 410 411 409 408 411 
410 412 413 411 410 413 412 414 415 
413 412 415 414 416 417 415 414 417 
416 418 419 417 416 419 418 309 308 
418 308 419 419 308 420 398 311 396 
398 420 311 420 308 311 312 396 311 
399 396 312 313 399 312 401 399 313 
303 401 313 306 315 404 404 315 421 
317 405 407 317 407 318 318 407 422 
320 405 317 408 405 320 322 408 320 
410 408 322 324 410 322 412 410 324 
326 412 324 414 412 326 328 414 326 
416 414 328 330 416 328 418 416 330 
309 418 330 315 332 421 421 332 423 
318 422 334 422 424 334 332 338 423 
423 338 425 426 427 428 426 424 427 
426 339 424 339 334 424 429 430 431 
429 431 425 429 425 341 341 425 338 
344 426 428 344 428 343 343 428 432 
339 426 344 347 430 429 347 346 430 
346 433 430 341 347 429 343 432 434 
348 343 434 349 435 436 349 348 435 
348 434 435 435 437 436 438 439 440 
438 352 351 438 440 352 440 441 352 
353 352 442 352 441 442 354 353 443 
353 442 443 356 354 444 354 443 444 
357 356 445 356 444 445 358 357 446 
357 445 446 359 358 447 358 446 447 
361 448 449 361 359 448 359 447 448 
449 363 362 449 448 363 448 450 363 
433 346 363 450 433 363 349 436 364 
436 437 451 436 451 364 364 451 365 
366 365 452 365 451 452 368 453 454 
368 366 453 366 452 453 454 455 456 
453 455 454 456 457 458 455 457 456 
458 371 370 458 457 371 457 459 371 
372 371 460 371 459 460 439 438 373 
439 373 460 460 373 372 351 373 438 
361 449 374 362 374 449 368 454 375 
376 375 454 456 376 454 377 376 456 
458 377 456 370 377 458 461 462 463 
462 461 464 465 461 463 466 465 463 
467 464 461 467 461 468 468 461 465 
469 380 379 470 467 468 379 381 471 
469 379 471 381 382 471 472 473 474 
466 473 472 465 466 472 465 472 385 
465 385 384 387 465 384 468 465 387 
468 475 470 468 387 475 469 475 380 
380 475 387 471 475 469 476 475 471 
477 478 476 388 477 476 388 476 471 
388 471 382 388 390 477 479 480 481 
479 482 483 480 479 483 482 484 485 
483 482 485 484 486 487 485 484 487 
487 486 488 489 490 491 489 492 493 
490 489 493 474 493 492 472 474 492 
472 492 393 472 393 392 385 472 392 
477 494 478 495 496 494 394 495 494 
394 494 477 394 477 390 394 395 495 
479 481 497 497 498 499 497 499 479 
479 499 482 484 482 500 500 482 499 
486 484 501 501 484 500 502 488 486 
502 486 503 503 486 501 503 504 505 
502 503 505 504 506 507 505 504 507 
506 508 509 507 506 509 508 510 511 
509 508 511 510 398 397 510 397 511 
511 397 512 400 513 397 397 513 512 
491 402 489 491 513 402 513 400 402 
403 489 402 492 489 403 393 492 403 
495 514 496 514 495 395 514 395 515 
515 395 404 406 499 498 406 498 407 
407 498 516 409 499 406 500 499 409 
411 500 409 501 500 411 413 501 411 
503 501 413 415 503 413 504 503 415 
417 504 415 506 504 417 419 506 417 
508 506 419 420 508 419 510 508 420 
398 510 420 404 421 515 515 421 517 
407 516 422 516 518 422 519 520 521 
519 521 517 519 517 423 423 517 421 
522 523 524 522 518 523 522 424 518 
424 422 518 525 520 519 526 520 525 
423 425 525 519 423 525 527 528 529 
527 530 531 528 527 531 524 531 530 
522 524 530 522 530 428 522 428 427 
424 522 427 431 526 525 431 430 526 
430 532 526 425 431 525 527 529 533 
530 527 533 534 530 533 530 432 428 
530 535 432 530 534 535 536 432 535 
535 537 536 538 539 540 538 540 532 
538 532 433 433 532 430 432 536 434 
536 537 541 536 541 434 434 541 435 
437 542 543 437 435 542 435 541 542 
542 544 543 545 546 547 545 440 439 
545 547 440 547 548 440 441 440 549 
440 548 549 442 441 550 441 549 550 
443 442 551 442 550 551 444 443 552 
443 551 552 445 444 553 444 552 553 
446 445 554 445 553 554 447 446 555 
446 554 555 448 447 556 447 555 556 
539 538 450 539 450 556 556 450 448 
433 450 538 437 543 451 543 544 557 
543 557 451 451 557 452 453 452 558 
452 557 558 455 453 559 453 558 559 
457 455 560 455 559 560 459 457 561 
457 560 561 546 545 460 546 460 561 
561 460 459 439 460 545 562 563 564 
562 565 566 563 562 566 566 565 567 
568 562 564 569 568 564 565 562 570 
570 562 568 463 462 571 463 571 565 
463 565 570 567 565 571 571 462 464 
572 571 464 573 568 569 574 573 569 
570 568 575 575 568 573 463 575 466 
570 575 463 464 576 572 467 576 464 
576 467 470 577 576 470 578 579 580 
578 581 582 579 578 582 581 583 584 
582 581 584 583 585 586 584 583 586 
586 585 587 588 589 590 574 589 588 
574 588 573 573 588 591 473 591 474 
473 575 591 575 573 591 466 575 473 
470 592 577 475 592 470 593 594 592 
593 592 476 476 592 475 476 478 593 
595 596 597 580 596 595 578 580 595 
578 595 481 578 481 480 483 578 480 
581 578 483 485 581 483 583 581 485 
487 583 485 585 583 487 488 598 599 
487 488 599 487 599 587 487 587 585 
598 600 601 599 598 601 600 602 603 
601 600 603 602 604 605 603 602 605 
604 606 607 605 604 607 606 608 609 
607 606 609 608 610 611 609 608 611 
590 611 610 588 590 610 588 610 491 
588 491 490 493 588 490 591 588 493 
474 591 493 593 612 594 613 614 612 
494 613 612 494 612 593 494 593 478 
494 496 613 615 616 617 597 618 595 
616 615 619 620 618 621 497 618 620 
497 595 618 497 481 595 497 620 498 
488 502 598 505 598 502 600 598 505 
507 600 505 602 600 507 509 602 507 
604 602 509 511 604 509 606 604 511 
512 606 511 608 606 512 513 608 512 
610 608 513 491 610 513 613 622 614 
623 624 622 514 623 622 514 622 613 
514 613 496 514 515 623 615 617 625 
619 615 625 626 620 621 627 626 621 
498 626 516 620 626 498 628 624 623 
629 624 628 515 517 628 623 515 628 
630 626 627 631 630 627 516 630 518 
626 630 516 521 629 628 521 520 629 
520 632 629 517 521 628 633 634 635 
631 634 633 630 631 633 630 633 524 
630 524 523 518 630 523 520 526 632 
632 526 636 528 637 529 633 635 638 
633 638 528 633 528 531 637 528 638 
524 633 531 639 640 641 639 641 636 
639 636 532 532 636 526 529 637 533 
637 638 642 637 642 533 533 642 534 
535 534 643 534 642 643 537 644 645 
537 535 644 535 643 644 644 646 645 
647 648 649 647 650 651 649 650 647 
651 652 653 650 652 651 653 654 655 
652 654 653 654 656 655 657 658 659 
640 657 659 639 657 640 639 539 657 
639 540 539 532 540 639 537 645 541 
645 646 660 645 660 541 541 660 542 
544 661 662 544 542 661 542 660 661 
661 663 662 664 665 666 664 547 546 
664 666 547 666 667 547 548 547 668 
547 667 668 648 647 549 648 549 668 
668 549 548 550 549 647 651 550 647 
551 550 651 653 551 651 552 551 653 
655 552 653 655 656 669 655 669 552 
552 669 553 554 553 670 553 669 670 
555 554 671 554 670 671 658 657 556 
658 556 671 671 556 555 539 556 657 
544 662 557 662 663 672 662 672 557 
557 672 558 559 558 673 558 672 673 
560 559 674 559 673 674 665 664 561 
665 561 674 674 561 560 546 561 664 
675 676 677 675 678 679 676 675 679 
678 564 563 678 563 679 679 563 680 
681 682 680 681 680 566 566 680 563 
566 567 681 683 675 677 684 683 677 
678 675 685 685 675 683 564 685 569 
678 685 564 681 686 682 567 686 681 
567 571 686 571 687 686 687 571 572 
688 687 572 689 690 691 689 692 693 
690 689 693 692 694 695 693 692 695 
695 694 696 697 683 684 698 697 684 
685 683 699 699 683 697 569 699 574 
685 699 569 700 572 576 700 701 572 
701 688 572 576 577 700 702 703 704 
702 580 579 702 579 703 703 579 705 
691 582 689 691 705 582 705 579 582 
584 689 582 692 689 584 586 692 584 
694 692 586 587 706 707 586 587 707 
586 707 696 586 696 694 706 708 709 
707 706 709 708 710 711 709 708 711 
710 712 713 711 710 713 712 714 715 
713 712 715 714 716 717 715 714 717 
698 717 716 698 716 697 697 716 718 
589 718 590 589 699 718 699 697 718 
574 699 589 700 719 701 720 721 719 
592 720 719 592 719 700 592 700 577 
592 594 720 722 723 724 704 723 722 
702 704 722 702 722 597 702 597 596 
580 702 596 587 599 706 601 706 599 
708 706 601 603 708 601 710 708 603 
605 710 603 712 710 605 607 712 605 
714 712 607 609 714 607 716 714 609 
611 716 609 718 716 611 590 718 611 
720 725 721 726 727 725 612 726 725 
612 725 720 612 720 594 612 614 726 
728 729 730 724 729 728 722 724 728 
722 728 617 722 617 616 619 722 616 
619 731 722 597 722 618 618 722 731 
618 731 621 726 732 727 733 734 732 
622 733 732 622 732 726 622 726 614 
622 624 733 735 736 737 730 738 728 
736 735 739 740 738 741 625 738 740 
625 728 738 625 617 728 625 731 619 
625 740 731 740 742 731 621 742 627 
731 742 621 743 734 733 744 734 743 
624 629 743 733 624 743 735 737 745 
746 747 748 739 735 745 741 746 748 
741 748 740 740 748 749 742 740 750 
750 740 749 627 750 631 742 750 627 
751 744 743 752 744 751 629 632 751 
743 629 751 748 747 753 753 754 755 
753 755 748 748 755 749 634 755 635 
634 750 755 750 749 755 631 750 634 
756 752 751 757 752 756 632 636 756 
751 632 756 755 754 758 755 638 635 
755 759 638 755 758 759 760 638 759 
759 761 760 762 763 764 757 762 764 
756 762 757 756 640 762 756 641 640 
636 641 756 638 760 642 760 761 765 
760 765 642 642 765 643 644 643 766 
643 765 766 766 646 644 767 646 766 
768 769 770 768 649 648 768 770 649 
770 771 649 650 649 772 649 771 772 
652 650 773 650 772 773 654 652 774 
652 773 774 656 775 776 656 654 775 
654 774 775 776 777 778 775 777 776 
778 779 780 777 779 778 763 780 779 
762 780 763 762 658 780 762 659 658 
640 659 762 646 767 781 660 646 781 
661 660 782 660 781 782 663 783 784 
663 661 783 661 782 783 784 785 786 
783 785 784 786 787 788 785 787 786 
788 666 665 788 787 666 787 789 666 
667 666 790 666 789 790 769 768 668 
769 668 790 790 668 667 648 668 768 
656 776 669 670 669 776 778 670 776 
671 670 778 780 671 778 658 671 780 
663 784 672 673 672 784 786 673 784 
674 673 786 788 674 786 665 674 788 
791 792 793 792 791 794 795 796 797 
793 796 795 793 795 791 791 795 798 
677 676 799 677 799 791 677 791 798 
794 791 799 679 800 676 676 800 799 
680 801 679 679 801 800 801 680 682 
802 801 682 803 804 805 803 806 807 
804 803 807 807 806 808 809 810 811 
797 810 809 797 809 795 795 809 812 
798 795 813 813 795 812 677 813 684 
798 813 677 682 814 802 686 814 682 
815 816 814 815 814 687 687 814 686 
687 688 815 817 818 819 817 691 690 
817 690 818 818 690 820 805 693 803 
805 820 693 820 690 693 695 803 693 
806 803 695 696 821 822 695 696 822 
695 822 808 695 808 806 821 823 824 
822 821 824 823 825 826 824 823 826 
811 826 825 811 825 809 809 825 827 
812 809 828 828 809 827 813 812 829 
829 812 828 684 829 698 813 829 684 
815 830 816 830 815 688 830 688 831 
831 688 701 703 832 833 704 703 833 
819 705 817 819 832 705 832 703 705 
691 817 705 696 707 821 709 821 707 
823 821 709 711 823 709 825 823 711 
713 825 711 827 825 713 715 827 713 
828 827 715 717 828 715 829 828 717 
698 829 717 834 701 719 834 835 701 
835 831 701 719 721 834 836 837 838 
836 839 840 837 836 840 839 724 723 
839 723 840 840 723 841 833 723 704 
841 723 833 834 842 835 843 844 842 
725 843 842 725 842 834 725 834 721 
725 727 843 836 838 845 729 846 730 
729 836 846 729 839 836 836 845 846 
724 839 729 843 847 844 848 849 847 
732 848 847 732 847 843 732 843 727 
732 734 848 736 850 851 737 736 851 
736 852 850 736 739 852 850 852 846 
738 730 852 846 852 730 738 852 741 
853 849 848 854 849 853 734 744 853 
848 734 853 737 851 855 745 737 855 
747 852 856 747 746 852 856 852 855 
739 745 852 855 852 745 741 852 746 
853 857 854 857 853 744 857 744 858 
858 744 752 747 856 859 753 747 859 
859 754 753 860 754 859 861 862 863 
861 863 858 861 858 757 757 858 752 
754 860 864 758 754 864 759 758 865 
758 864 865 761 866 867 761 759 866 
759 865 866 866 868 867 869 870 871 
871 872 869 873 874 875 862 873 875 
861 873 862 861 763 873 861 764 763 
757 764 861 761 867 765 867 868 876 
867 876 765 765 876 766 767 877 878 
767 766 877 766 876 877 877 879 878 
880 881 882 880 883 884 882 883 880 
884 770 769 884 883 770 883 885 770 
771 770 886 770 885 886 772 771 887 
771 886 887 773 772 888 772 887 888 
870 869 774 870 774 888 888 774 773 
869 872 889 869 889 774 774 889 775 
777 775 890 775 889 890 874 873 779 
874 779 890 890 779 777 763 779 873 
767 878 781 878 879 891 878 891 781 
781 891 782 783 782 892 782 891 892 
785 783 893 783 892 893 787 785 894 
785 893 894 881 880 789 881 789 894 
894 789 787 790 789 880 884 790 880 
769 790 884 792 895 793 792 794 895 
896 897 898 896 797 796 896 796 897 
897 796 899 895 796 793 895 900 796 
900 899 796 794 900 895 794 799 900 
799 901 900 800 902 799 799 902 901 
903 904 902 903 902 801 801 902 800 
801 802 903 905 906 907 905 908 909 
906 905 909 908 805 804 908 804 909 
909 804 910 807 911 804 804 911 910 
808 912 913 808 913 807 807 913 911 
912 914 915 913 912 915 914 916 917 
915 914 917 898 917 916 896 898 916 
896 916 811 896 811 810 797 896 810 
903 918 904 919 920 918 814 919 918 
814 918 903 814 903 802 814 816 919 
921 922 923 907 922 921 905 907 921 
905 921 819 905 819 818 820 905 818 
908 905 820 805 908 820 808 822 912 
824 912 822 914 912 824 826 914 824 
916 914 826 811 916 826 919 924 920 
925 926 924 830 925 924 830 924 919 
830 919 816 830 831 925 927 928 929 
927 930 931 928 927 931 923 931 930 
921 923 930 921 930 833 921 833 832 
819 921 832 932 926 925 933 926 932 
831 835 932 925 831 932 934 935 936 
934 838 837 934 837 935 935 837 937 
929 840 927 929 937 840 937 837 840 
841 927 840 930 927 841 833 930 841 
932 938 933 939 940 938 842 939 938 
842 938 932 842 932 835 842 844 939 
934 936 941 942 941 943 845 941 942 
845 934 941 845 838 934 845 942 846 
939 944 940 945 946 944 847 945 944 
847 944 939 847 939 844 847 849 945 
850 947 851 942 943 948 948 846 942 
948 949 846 850 846 947 947 846 949 
945 950 946 950 945 849 950 849 951 
951 849 854 851 947 855 856 952 953 
855 952 856 855 949 952 855 947 949 
952 954 953 955 854 857 955 956 854 
956 951 854 857 858 955 856 953 859 
860 957 958 859 957 860 859 954 957 
859 953 954 957 959 958 960 961 962 
956 960 962 955 960 956 955 862 960 
955 863 862 858 863 955 860 958 864 
958 959 963 958 963 864 864 963 865 
866 865 964 865 963 964 964 868 866 
965 868 964 966 967 968 966 969 970 
968 969 966 970 971 972 969 971 970 
972 973 974 971 973 972 974 871 870 
974 973 871 973 975 871 872 976 977 
872 871 976 871 975 976 977 978 979 
976 978 977 961 979 978 960 979 961 
960 874 979 960 875 874 862 875 960 
868 965 980 876 868 980 877 876 981 
876 980 981 879 982 983 879 877 982 
877 981 982 983 984 985 982 984 983 
985 986 987 984 986 985 987 988 989 
986 988 987 989 882 881 989 988 882 
988 990 882 883 882 991 882 990 991 
967 966 885 967 885 991 991 885 883 
886 885 966 970 886 966 887 886 970 
972 887 970 888 887 972 974 888 972 
870 888 974 872 977 889 890 889 977 
979 890 977 874 890 979 879 983 891 
892 891 983 985 892 983 893 892 985 
987 893 985 894 893 987 989 894 987 
881 894 989 992 993 994 992 995 996 
993 992 996 995 997 998 996 995 998 
997 999 1000 998 997 1000 999 1001 1002 
1000 999 1002 1001 898 897 1001 897 1002 
1002 897 1003 899 1004 897 897 1004 1003 
900 1005 899 899 1005 1004 901 1006 900 
900 1006 1005 1007 1008 1006 1007 1006 902 
902 1006 901 902 904 1007 906 1009 1010 
907 906 1010 909 1011 906 906 1011 1009 
994 910 992 994 1011 910 1011 909 910 
911 992 910 995 992 911 913 995 911 
997 995 913 915 997 913 999 997 915 
917 999 915 1001 999 917 898 1001 917 
1007 1012 1008 904 1012 1007 904 918 1012 
918 1013 1012 1013 918 920 1014 1013 920 
1015 1016 1017 1015 923 922 1015 922 1016 
1016 922 1018 1010 922 907 1018 922 1010 
1019 920 924 1019 1020 920 1020 1014 920 
924 926 1019 1021 1022 1023 1021 929 928 
1021 928 1022 1022 928 1024 1017 931 1015 
1017 1024 931 1024 928 931 923 1015 931 
1019 1025 1020 1025 1019 926 1025 926 1026 
1026 926 933 935 1027 1028 936 935 1028 
1023 937 1021 1023 1027 937 1027 935 937 
929 1021 937 933 1029 1026 938 1029 933 
1029 938 940 1030 1029 940 936 1028 1031 
941 936 1031 1031 943 941 1032 943 1031 
940 1033 1030 944 1033 940 1033 944 946 
1034 1033 946 943 1032 1035 948 943 1035 
1035 949 948 1036 949 1035 1037 946 950 
1037 1038 946 1038 1034 946 950 951 1037 
949 1036 1039 952 949 1039 1039 954 952 
1040 954 1039 1041 1038 1037 1042 1038 1041 
951 956 1041 1037 951 1041 954 1040 1043 
957 954 1043 1043 959 957 1044 959 1043 
1045 1046 1047 1042 1045 1047 1041 1045 1042 
1041 961 1045 1041 962 961 956 962 1041 
959 1044 1048 963 959 1048 964 963 1049 
963 1048 1049 1049 965 964 1050 965 1049 
1051 1052 1053 1051 1054 1055 1053 1054 1051 
1055 1056 1057 1054 1056 1055 1057 968 967 
1057 1056 968 1056 1058 968 969 968 1059 
968 1058 1059 971 969 1060 969 1059 1060 
973 971 1061 971 1060 1061 975 973 1062 
973 1061 1062 976 975 1063 975 1062 1063 
1046 1045 978 1046 978 1063 1063 978 976 
961 978 1045 965 1050 1064 980 965 1064 
981 980 1065 980 1064 1065 982 981 1066 
981 1065 1066 984 982 1067 982 1066 1067 
986 984 1068 984 1067 1068 1052 1051 988 
1052 988 1068 1068 988 986 990 988 1051 
1055 990 1051 991 990 1055 1057 991 1055 
967 991 1057 1069 1070 1071 1069 994 993 
1069 993 1070 1070 993 1072 996 1073 993 
993 1073 1072 998 1074 996 996 1074 1073 
1000 1075 998 998 1075 1074 1002 1076 1000 
1000 1076 1075 1003 1077 1002 1002 1077 1076 
1004 1078 1003 1003 1078 1077 1005 1079 1004 
1004 1079 1078 1080 1081 1079 1080 1079 1006 
1006 1079 1005 1006 1008 1080 1082 1083 1084 
1082 1010 1009 1082 1009 1083 1083 1009 1085 
1071 1011 1069 1071 1085 1011 1085 1009 1011 
994 1069 1011 1080 1086 1081 1008 1086 1080 
1008 1012 1086 1012 1087 1086 1088 1089 1087 
1088 1087 1013 1013 1087 1012 1013 1014 1088 
1090 1091 1092 1090 1017 1016 1090 1016 1091 
1091 1016 1093 1084 1018 1082 1084 1093 1018 
1093 1016 1018 1010 1082 1018 1088 1094 1089 
1094 1088 1014 1094 1014 1095 1095 1014 1020 
1096 1097 1098 1096 1099 1100 1097 1096 1100 
1099 1023 1022 1099 1022 1100 1100 1022 1101 
1092 1024 1090 1092 1101 1024 1101 1022 1024 
1017 1090 1024 1102 1020 1025 1102 1103 1020 
1103 1095 1020 1025 1026 1102 1096 1098 1104 
1027 1105 1028 1027 1096 1105 1027 1099 1096 
1096 1104 1105 1023 1099 1027 1102 1106 1103 
1107 1108 1106 1029 1107 1106 1029 1106 1102 
1029 1102 1026 1029 1030 1107 1028 1105 1109 
1031 1028 1109 1109 1032 1031 1110 1032 1109 
1107 1111 1108 1112 1113 1111 1033 1112 1111 
1033 1111 1107 1033 1107 1030 1033 1034 1112 
1032 1110 1114 1035 1032 1114 1036 1115 1116 
1036 1035 1115 1035 1114 1115 1115 1117 1116 
1118 1113 1112 1119 1113 1118 1034 1038 1118 
1112 1034 1118 1036 1116 1039 1040 1120 1121 
1039 1120 1040 1039 1117 1120 1039 1116 1117 
1120 1122 1121 1123 1119 1118 1124 1119 1123 
1038 1042 1123 1118 1038 1123 1040 1121 1043 
1121 1044 1043 1121 1122 1044 1122 1125 1044 
1126 1127 1128 1124 1126 1128 1123 1126 1124 
1123 1046 1126 1123 1047 1046 1042 1047 1123 
1044 1125 1129 1048 1044 1129 1049 1048 1130 
1048 1129 1130 1050 1131 1132 1050 1049 1131 
1049 1130 1131 1131 1133 1132 1134 1135 1136 
1134 1137 1138 1136 1137 1134 1138 1139 1140 
1137 1139 1138 1140 1053 1052 1140 1139 1053 
1139 1141 1053 1054 1053 1142 1053 1141 1142 
1056 1054 1143 1054 1142 1143 1058 1056 1144 
1056 1143 1144 1059 1058 1145 1058 1144 1145 
1060 1059 1146 1059 1145 1146 1061 1060 1147 
1060 1146 1147 1062 1061 1148 1061 1147 1148 
1127 1126 1063 1127 1063 1148 1148 1063 1062 
1046 1063 1126 1050 1132 1064 1132 1133 1149 
1132 1149 1064 1064 1149 1065 1135 1134 1066 
1135 1066 1149 1149 1066 1065 1067 1066 1134 
1138 1067 1134 1068 1067 1138 1140 1068 1138 
1052 1068 1140 1150 1151 1152 1150 1071 1070 
1150 1070 1151 1151 1070 1153 1072 1154 1070 
1070 1154 1153 1073 1155 1072 1072 1155 1154 
1074 1156 1073 1073 1156 1155 1075 1157 1074 
1074 1157 1156 1076 1158 1075 1075 1158 1157 
1077 1159 1076 1076 1159 1158 1078 1160 1077 
1077 1160 1159 1161 1162 1160 1161 1160 1079 
1079 1160 1078 1079 1081 1161 1163 1164 1165 
1163 1084 1083 1163 1083 1164 1164 1083 1166 
1152 1085 1150 1152 1166 1085 1166 1083 1085 
1071 1150 1085 1161 1167 1162 1081 1167 1161 
1081 1086 1167 1086 1168 1167 1169 1170 1168 
1169 1168 1087 1087 1168 1086 1087 1089 1169 
1171 1172 1173 1171 1174 1175 1172 1171 1175 
1174 1092 1091 1174 1091 1175 1175 1091 1176 
1165 1093 1163 1165 1176 1093 1176 1091 1093 
1084 1163 1093 1169 1177 1170 1178 1179 1177 
1094 1178 1177 1094 1177 1169 1094 1169 1089 
1094 1095 1178 1097 1180 1181 1098 1097 1181 
1173 1100 1171 1173 1180 1100 1180 1097 1100 
1101 1171 1100 1174 1171 1101 1092 1174 1101 
1182 1179 1178 1183 1179 1182 1095 1103 1182 
1178 1095 1182 1098 1181 1184 1104 1098 1184 
1184 1105 1104 1185 1105 1184 1182 1186 1183 
1187 1188 1186 1106 1187 1186 1106 1186 1182 
1106 1182 1103 1106 1108 1187 1105 1185 1189 
1109 1105 1189 1110 1190 1191 1110 1109 1190 
1109 1189 1190 1190 1192 1191 1187 1193 1188 
1194 1195 1193 1111 1194 1193 1111 1193 1187 
1111 1187 1108 1111 1113 1194 1110 1191 1114 
1191 1192 1196 1191 1196 1114 1114 1196 1115 
1196 1117 1115 1197 1117 1196 1198 1195 1194 
1199 1195 1198 1113 1119 1198 1194 1113 1198 
1117 1197 1200 1120 1117 1200 1200 1122 1120 
1201 1122 1200 1202 1199 1198 1203 1199 1202 
1119 1124 1202 1198 1119 1202 1204 1205 1125 
1204 1125 1201 1201 1125 1122 1204 1206 1205 
1207 1208 1209 1207 1210 1211 1209 1210 1207 
1211 1212 1213 1210 1212 1211 1213 1214 1215 
1212 1214 1213 1215 1216 1217 1214 1216 1215 
1217 1218 1219 1216 1218 1217 1219 1220 1221 
1218 1220 1219 1221 1222 1223 1220 1222 1221 
1203 1223 1222 1202 1223 1203 1202 1127 1223 
1202 1128 1127 1124 1128 1202 1125 1205 1129 
1205 1206 1224 1205 1224 1129 1129 1224 1130 
1131 1130 1225 1130 1224 1225 1133 1226 1227 
1133 1131 1226 1131 1225 1226 1227 1136 1135 
1227 1226 1136 1226 1228 1136 1137 1136 1229 
1136 1228 1229 1139 1137 1230 1137 1229 1230 
1208 1207 1141 1208 1141 1230 1230 1141 1139 
1142 1141 1207 1211 1142 1207 1143 1142 1211 
1213 1143 1211 1144 1143 1213 1215 1144 1213 
1145 1144 1215 1217 1145 1215 1146 1145 1217 
1219 1146 1217 1147 1146 1219 1221 1147 1219 
1148 1147 1221 1223 1148 1221 1127 1148 1223 
1133 1227 1149 1135 1149 1227 1231 1232 1233 
1231 1234 1235 1232 1231 1235 1235 1234 1236 
1237 1238 1239 1237 1152 1151 1237 1151 1238 
1238 1151 1240 1233 1153 1231 1233 1240 1153 
1240 1151 1153 1154 1231 1153 1234 1231 1154 
1234 1241 1236 1234 1154 1241 1154 1155 1241 
1156 1242 1155 1155 1242 1241 1157 1243 1156 
1156 1243 1242 1158 1244 1157 1157 1244 1243 
1159 1245 1158 1158 1245 1244 1246 1247 1245 
1246 1245 1160 1160 1245 1159 1160 1162 1246 
1248 1249 1250 1248 1251 1252 1249 1248 1252 
1251 1165 1164 1251 1164 1252 1252 1164 1253 
1239 1166 1237 1239 1253 1166 1253 1164 1166 
1152 1237 1166 1246 1254 1247 1162 1254 1246 
1162 1167 1254 1167 1255 1254 1256 1257 1255 
1256 1255 1168 1168 1255 1167 1168 1170 1256 
1258 1259 1260 1258 1173 1172 1258 1172 1259 
1259 1172 1261 1250 1175 1248 1250 1261 1175 
1261 1172 1175 1176 1248 1175 1251 1248 1176 
1165 1251 1176 1256 1262 1257 1263 1264 1262 
1177 1263 1262 1177 1262 1256 1177 1256 1170 
1177 1179 1263 1180 1258 1260 1180 1260 1181 
1181 1260 1265 1173 1258 1180 1263 1266 1264 
1266 1263 1179 1266 1179 1267 1267 1179 1183 
1181 1265 1268 1184 1181 1268 1185 1269 1270 
1185 1184 1269 1184 1268 1269 1269 1271 1270 
1183 1272 1267 1186 1272 1183 1272 1186 1188 
1273 1272 1188 1185 1270 1189 1270 1271 1274 
1270 1274 1189 1189 1274 1190 1274 1192 1190 
1275 1192 1274 1276 1188 1193 1276 1277 1188 
1277 1273 1188 1193 1195 1276 1192 1275 1278 
1196 1192 1278 1278 1197 1196 1279 1197 1278 
1280 1277 1276 1281 1277 1280 1195 1199 1280 
1276 1195 1280 1197 1279 1282 1200 1197 1282 
1282 1201 1200 1283 1201 1282 1284 1281 1280 
1285 1281 1284 1199 1203 1284 1280 1199 1284 
1201 1283 1286 1204 1201 1286 1206 1287 1288 
1206 1204 1287 1204 1286 1287 1287 1289 1288 
1290 1291 1292 1290 1293 1294 1292 1293 1290 
1294 1209 1208 1294 1293 1209 1293 1295 1209 
1210 1209 1296 1209 1295 1296 1212 1210 1297 
1210 1296 1297 1214 1212 1298 1212 1297 1298 
1216 1214 1299 1214 1298 1299 1218 1216 1300 
1216 1299 1300 1220 1218 1301 1218 1300 1301 
1285 1284 1222 1285 1222 1301 1301 1222 1220 
1203 1222 1284 1206 1288 1224 1288 1289 1302 
1288 1302 1224 1224 1302 1225 1226 1225 1303 
1225 1302 1303 1228 1226 1304 1226 1303 1304 
1291 1290 1229 1291 1229 1304 1304 1229 1228 
1230 1229 1290 1294 1230 1290 1208 1230 1294 
1232 1305 1306 1233 1232 1306 1235 1307 1232 
1232 1307 1305 1307 1235 1236 1308 1307 1236 
1309 1310 1311 1309 1239 1238 1309 1238 1310 
1310 1238 1312 1240 1313 1238 1238 1313 1312 
1306 1240 1233 1313 1240 1306 1236 1314 1308 
1241 1314 1236 1242 1315 1241 1241 1315 1314 
1243 1316 1242 1242 1316 1315 1244 1317 1243 
1243 1317 1316 1245 1318 1244 1244 1318 1317 
1318 1245 1247 1319 1318 1247 1320 1321 1322 
1320 1250 1249 1320 1249 1321 1321 1249 1323 
1252 1324 1249 1249 1324 1323 1311 1253 1309 
1311 1324 1253 1324 1252 1253 1239 1309 1253 
1247 1325 1319 1254 1325 1247 1255 1326 1254 
1254 1326 1325 1326 1255 1257 1327 1326 1257 
1328 1329 1330 1328 1260 1259 1328 1259 1329 
1329 1259 1331 1322 1261 1320 1322 1331 1261 
1331 1259 1261 1250 1320 1261 1332 1257 1262 
1332 1333 1257 1333 1327 1257 1262 1264 1332 
1328 1330 1334 1334 1260 1328 1334 1335 1260 
1335 1265 1260 1336 1333 1332 1337 1333 1336 
1264 1266 1338 1264 1338 1332 1332 1338 1336 
1266 1267 1338 1265 1335 1339 1268 1265 1339 
1269 1268 1340 1268 1339 1340 1340 1271 1269 
1341 1271 1340 1336 1342 1337 1342 1343 1344 
1342 1336 1343 1336 1338 1343 1267 1272 1345 
1267 1345 1338 1338 1345 1343 1272 1273 1345 
1271 1341 1346 1274 1271 1346 1346 1275 1274 
1347 1275 1346 1343 1348 1344 1348 1349 1350 
1348 1343 1349 1343 1345 1349 1273 1277 1349 
1345 1273 1349 1275 1347 1351 1278 1275 1351 
1351 1279 1278 1352 1279 1351 1353 1350 1349 
1354 1350 1353 1277 1281 1353 1349 1277 1353 
1279 1352 1355 1282 1279 1355 1283 1356 1357 
1283 1282 1356 1282 1355 1356 1356 1358 1357 
1359 1360 1361 1359 1362 1363 1361 1362 1359 
1362 1364 1363 1365 1366 1367 1365 1368 1369 
1367 1368 1365 1354 1369 1368 1354 1353 1369 
1353 1370 1369 1281 1285 1370 1353 1281 1370 
1283 1357 1286 1357 1358 1371 1357 1371 1286 
1286 1371 1287 1289 1372 1373 1289 1287 1372 
1287 1371 1372 1373 1374 1375 1372 1374 1373 
1375 1376 1377 1374 1376 1375 1377 1292 1291 
1377 1376 1292 1376 1378 1292 1293 1292 1379 
1292 1378 1379 1295 1293 1380 1293 1379 1380 
1360 1359 1296 1360 1296 1380 1380 1296 1295 
1297 1296 1359 1363 1297 1359 1363 1364 1381 
1363 1381 1297 1297 1381 1298 1366 1365 1299 
1366 1299 1381 1381 1299 1298 1300 1299 1365 
1369 1300 1365 1301 1300 1369 1370 1301 1369 
1285 1301 1370 1289 1373 1302 1303 1302 1373 
1375 1303 1373 1304 1303 1375 1377 1304 1375 
1291 1304 1377 1382 1383 1384 1382 1306 1305 
1382 1305 1383 1383 1305 1385 1307 1386 1305 
1305 1386 1385 1386 1307 1308 1387 1386 1308 
1388 1389 1390 1388 1391 1392 1389 1388 1392 
1391 1311 1310 1391 1310 1392 1392 1310 1393 
1312 1394 1310 1310 1394 1393 1384 1313 1382 
1384 1394 1313 1394 1312 1313 1306 1382 1313 
1308 1395 1387 1314 1395 1308 1315 1396 1314 
1314 1396 1395 1316 1397 1315 1315 1397 1396 
1317 1398 1316 1316 1398 1397 1399 1400 1398 
1399 1398 1318 1318 1398 1317 1318 1319 1399 
1401 1402 1403 1401 1322 1321 1401 1321 1402 
1402 1321 1404 1390 1323 1388 1390 1404 1323 
1404 1321 1323 1324 1388 1323 1391 1388 1324 
1311 1391 1324 1399 1405 1400 1406 1407 1405 
1325 1406 1405 1325 1405 1399 1325 1399 1319 
1325 1326 1408 1406 1325 1408 1326 1327 1408 
1329 1409 1410 1330 1329 1410 1403 1331 1401 
1403 1409 1331 1409 1329 1331 1322 1401 1331 
1411 1407 1406 1412 1407 1411 1408 1413 1406 
1413 1411 1406 1327 1333 1413 1408 1327 1413 
1330 1410 1414 1334 1330 1414 1414 1335 1334 
1415 1335 1414 1411 1416 1412 1416 1417 1418 
1416 1411 1417 1411 1413 1417 1333 1337 1417 
1413 1333 1417 1335 1415 1419 1339 1335 1419 
1340 1339 1420 1339 1419 1420 1341 1421 1422 
1341 1340 1421 1340 1420 1421 1421 1423 1422 
1417 1424 1418 1425 1426 1424 1342 1425 1424 
1342 1424 1417 1342 1417 1337 1342 1344 1425 
1341 1422 1346 1347 1427 1428 1346 1427 1347 
1346 1423 1427 1346 1422 1423 1427 1429 1428 
1425 1430 1426 1431 1432 1430 1348 1431 1430 
1348 1430 1425 1348 1425 1344 1348 1350 1431 
1347 1428 1351 1352 1433 1434 1351 1433 1352 
1351 1429 1433 1351 1428 1429 1433 1435 1434 
1436 1432 1431 1437 1432 1436 1350 1354 1436 
1431 1350 1436 1352 1434 1355 1434 1435 1438 
1434 1438 1355 1355 1438 1356 1438 1358 1356 
1439 1358 1438 1440 1441 1442 1440 1443 1444 
1442 1443 1440 1444 1361 1360 1444 1443 1361 
1443 1445 1361 1362 1361 1446 1361 1445 1446 
1364 1447 1448 1364 1362 1447 1362 1446 1447 
1448 1367 1366 1448 1447 1367 1447 1449 1367 
1437 1436 1368 1437 1368 1449 1449 1368 1367 
1354 1368 1436 1358 1439 1450 1371 1358 1450 
1372 1371 1451 1371 1450 1451 1374 1372 1452 
1372 1451 1452 1376 1374 1453 1374 1452 1453 
1378 1376 1454 1376 1453 1454 1441 1440 1379 
1441 1379 1454 1454 1379 1378 1380 1379 1440 
1444 1380 1440 1360 1380 1444 1364 1448 1381 
1366 1381 1448 1455 1456 1457 1455 1458 1459 
1456 1455 1459 1458 1460 1461 1459 1458 1461 
1460 1384 1383 1460 1383 1461 1461 1383 1462 
1385 1463 1383 1383 1463 1462 1386 1464 1385 
1385 1464 1463 1387 1465 1466 1387 1466 1386 
1386 1466 1464 1466 1465 1467 1468 1469 1470 
1468 1471 1472 1469 1468 1472 1471 1390 1389 
1471 1389 1472 1472 1389 1473 1457 1392 1455 
1457 1473 1392 1473 1389 1392 1393 1455 1392 
1458 1455 1393 1394 1458 1393 1460 1458 1394 
1384 1460 1394 1387 1395 1465 1465 1474 1467 
1465 1395 1474 1395 1396 1474 1397 1475 1396 
1396 1475 1474 1398 1476 1397 1397 1476 1475 
1476 1398 1400 1477 1476 1400 1478 1479 1480 
1470 1479 1478 1468 1470 1478 1468 1478 1403 
1468 1403 1402 1404 1468 1402 1471 1468 1404 
1390 1471 1404 1481 1400 1405 1481 1482 1400 
1482 1477 1400 1405 1407 1481 1409 1478 1480 
1409 1480 1410 1410 1480 1483 1403 1478 1409 
1484 1482 1481 1485 1482 1484 1407 1412 1484 
1481 1407 1484 1410 1483 1486 1414 1410 1486 
1415 1487 1488 1415 1414 1487 1414 1486 1487 
1487 1489 1488 1484 1490 1485 1491 1492 1490 
1416 1491 1490 1416 1490 1484 1416 1484 1412 
1416 1418 1491 1415 1488 1419 1488 1489 1493 
1488 1493 1419 1419 1493 1420 1421 1420 1494 
1420 1493 1494 1494 1423 1421 1495 1423 1494 
1491 1496 1492 1497 1498 1496 1424 1497 1496 
1424 1496 1491 1424 1491 1418 1424 1426 1497 
1423 1495 1499 1427 1423 1499 1499 1429 1427 
1500 1429 1499 1497 1501 1498 1426 1501 1497 
1426 1430 1501 1430 1502 1501 1502 1430 1432 
1503 1502 1432 1429 1500 1504 1433 1429 1504 
1504 1435 1433 1505 1435 1504 1506 1507 1508 
1506 1508 1503 1506 1503 1437 1437 1503 1432 
1435 1505 1509 1438 1435 1509 1439 1510 1511 
1439 1438 1510 1438 1509 1510 1511 1512 1513 
1510 1512 1511 1513 1514 1515 1512 1514 1513 
1515 1516 1517 1514 1516 1515 1517 1518 1519 
1516 1518 1517 1519 1442 1441 1519 1518 1442 
1518 1520 1442 1443 1442 1521 1442 1520 1521 
1445 1443 1522 1443 1521 1522 1446 1445 1523 
1445 1522 1523 1447 1446 1524 1446 1523 1524 
1507 1506 1449 1507 1449 1524 1524 1449 1447 
1437 1449 1506 1439 1511 1450 1451 1450 1511 
1513 1451 1511 1452 1451 1513 1515 1452 1513 
1453 1452 1515 1517 1453 1515 1454 1453 1517 
1519 1454 1517 1441 1454 1519 1525 1526 1527 
1525 1528 1529 1526 1525 1529 1528 1457 1456 
1528 1456 1529 1529 1456 1530 1459 1531 1456 
1456 1531 1530 1461 1532 1459 1459 1532 1531 
1462 1533 1461 1461 1533 1532 1463 1534 1462 
1462 1534 1533 1464 1535 1463 1463 1535 1534 
1466 1536 1464 1464 1536 1535 1467 1537 1538 
1467 1538 1466 1466 1538 1536 1538 1537 1539 
1469 1540 1541 1470 1469 1541 1527 1472 1525 
1527 1540 1472 1540 1469 1472 1473 1525 1472 
1528 1525 1473 1457 1528 1473 1467 1474 1537 
1537 1542 1539 1537 1474 1542 1474 1475 1542 
1543 1544 1542 1543 1542 1476 1476 1542 1475 
1476 1477 1543 1479 1545 1546 1480 1479 1546 
1541 1479 1470 1545 1479 1541 1543 1547 1544 
1547 1543 1477 1547 1477 1548 1548 1477 1482 
1480 1546 1483 1546 1549 1483 1482 1485 1548 
1548 1485 1550 1483 1549 1551 1486 1483 1551 
1487 1486 1552 1486 1551 1552 1489 1553 1554 
1489 1487 1553 1487 1552 1553 1553 1555 1554 
1485 1556 1550 1490 1556 1485 1556 1490 1492 
1557 1556 1492 1489 1554 1493 1554 1555 1558 
1554 1558 1493 1493 1558 1494 1558 1495 1494 
1559 1495 1558 1492 1560 1557 1496 1560 1492 
1498 1561 1562 1498 1562 1496 1496 1562 1560 
1562 1561 1563 1495 1559 1564 1499 1495 1564 
1500 1565 1566 1500 1499 1565 1499 1564 1565 
1565 1567 1566 1498 1501 1561 1561 1568 1563 
1561 1501 1568 1501 1502 1568 1568 1502 1503 
1569 1568 1503 1500 1566 1504 1505 1570 1571 
1504 1570 1505 1504 1567 1570 1504 1566 1567 
1571 1572 1573 1570 1572 1571 1572 1574 1573 
1575 1576 1577 1575 1578 1579 1577 1578 1575 
1579 1580 1581 1578 1580 1579 1581 1582 1583 
1580 1582 1581 1583 1584 1585 1582 1584 1583 
1585 1586 1587 1584 1586 1585 1587 1508 1507 
1587 1586 1508 1586 1588 1508 1569 1503 1508 
1588 1569 1508 1505 1571 1509 1510 1509 1571 
1573 1510 1571 1573 1574 1589 1573 1589 1510 
1510 1589 1512 1514 1512 1590 1512 1589 1590 
1516 1514 1591 1514 1590 1591 1576 1575 1518 
1576 1518 1591 1591 1518 1516 1520 1518 1575 
1579 1520 1575 1521 1520 1579 1581 1521 1579 
1522 1521 1581 1583 1522 1581 1523 1522 1583 
1585 1523 1583 1524 1523 1585 1587 1524 1585 
1507 1524 1587 1592 1593 1594 1592 1595 1596 
1593 1592 1596 1595 1597 1598 1596 1595 1598 
1597 1599 1600 1598 1597 1600 1599 1601 1602 
1600 1599 1602 1601 1603 1604 1602 1601 1604 
1604 1603 1605 1606 1607 1608 1606 1527 1526 
1606 1526 1607 1607 1526 1609 1529 1610 1526 
1526 1610 1609 1594 1530 1592 1594 1610 1530 
1610 1529 1530 1531 1592 1530 1595 1592 1531 
1532 1595 1531 1597 1595 1532 1533 1597 1532 
1599 1597 1533 1534 1599 1533 1601 1599 1534 
1535 1601 1534 1603 1601 1535 1603 1611 1605 
1603 1535 1611 1535 1536 1611 1538 1612 1536 
1536 1612 1611 1612 1538 1539 1613 1612 1539 
1614 1615 1616 1608 1615 1614 1606 1608 1614 
1606 1614 1541 1606 1541 1540 1527 1606 1540 
1539 1617 1613 1542 1617 1539 1617 1542 1544 
1618 1617 1544 1545 1614 1616 1545 1616 1546 
1546 1616 1619 1541 1614 1545 1544 1620 1618 
1547 1620 1544 1620 1547 1548 1621 1620 1548 
1546 1619 1549 1619 1622 1549 1623 1550 1624 
1623 1621 1550 1621 1548 1550 1623 1624 1625 
1549 1622 1626 1551 1549 1626 1552 1551 1627 
1551 1626 1627 1553 1552 1628 1552 1627 1628 
1628 1555 1553 1629 1555 1628 1550 1556 1624 
1557 1630 1631 1556 1557 1631 1556 1631 1625 
1556 1625 1624 1630 1632 1633 1631 1630 1633 
1633 1632 1634 1555 1629 1635 1558 1555 1635 
1559 1636 1637 1559 1558 1636 1558 1635 1636 
1636 1638 1637 1557 1560 1630 1562 1630 1560 
1632 1630 1562 1632 1562 1563 1632 1563 1634 
1634 1563 1639 1559 1637 1564 1637 1638 1640 
1637 1640 1564 1564 1640 1565 1640 1567 1565 
1641 1567 1640 1642 1643 1644 1642 1645 1646 
1644 1645 1642 1646 1647 1648 1645 1647 1646 
1568 1649 1648 1568 1648 1639 1568 1639 1563 
1647 1639 1648 1568 1569 1649 1567 1641 1650 
1570 1567 1650 1572 1570 1651 1570 1650 1651 
1574 1652 1653 1574 1572 1652 1572 1651 1652 
1653 1654 1655 1652 1654 1653 1655 1656 1657 
1654 1656 1655 1657 1577 1576 1657 1656 1577 
1656 1658 1577 1578 1577 1659 1577 1658 1659 
1580 1578 1660 1578 1659 1660 1643 1642 1582 
1643 1582 1660 1660 1582 1580 1584 1582 1642 
1646 1584 1642 1586 1584 1646 1648 1586 1646 
1588 1586 1648 1649 1588 1648 1569 1588 1649 
1574 1653 1589 1590 1589 1653 1655 1590 1653 
1591 1590 1655 1657 1591 1655 1576 1591 1657 
1661 1662 1663 1661 1664 1665 1662 1661 1665 
1664 1594 1593 1664 1593 1665 1665 1593 1666 
1596 1667 1593 1593 1667 1666 1598 1668 1596 
1596 1668 1667 1600 1669 1598 1598 1669 1668 
1602 1670 1600 1600 1670 1669 1604 1671 1602 
1602 1671 1670 1671 1604 1605 1672 1671 1605 
1607 1673 1674 1608 1607 1674 1663 1609 1661 
1663 1673 1609 1673 1607 1609 1610 1661 1609 
1664 1661 1610 1594 1664 1610 1605 1675 1672 
1611 1675 1605 1612 1676 1611 1611 1676 1675 
1676 1612 1613 1677 1676 1613 1615 1678 1616 
1615 1679 1678 1615 1608 1679 1608 1674 1679 
1613 1680 1677 1617 1680 1613 1680 1617 1618 
1681 1680 1618 1678 1682 1683 1678 1683 1616 
1616 1683 1619 1679 1682 1678 1618 1684 1681 
1620 1684 1618 1684 1620 1621 1685 1684 1621 
1686 1687 1688 1687 1686 1689 1690 1691 1622 
1690 1622 1683 1683 1622 1619 1691 1692 1693 
1690 1692 1691 1693 1694 1695 1692 1694 1693 
1694 1696 1695 1621 1697 1685 1623 1697 1621 
1625 1698 1686 1625 1686 1697 1625 1697 1623 
1697 1686 1688 1699 1689 1686 1699 1686 1700 
1700 1686 1698 1699 1700 1701 1622 1691 1626 
1627 1626 1691 1693 1627 1691 1628 1627 1693 
1695 1628 1693 1629 1702 1703 1628 1702 1629 
1628 1696 1702 1628 1695 1696 1702 1704 1703 
1625 1631 1698 1633 1698 1631 1700 1698 1633 
1700 1633 1634 1700 1634 1701 1701 1634 1705 
1629 1703 1635 1703 1704 1706 1703 1706 1635 
1635 1706 1636 1638 1707 1708 1638 1636 1707 
1636 1706 1707 1707 1709 1708 1634 1639 1705 
1705 1639 1710 1638 1708 1640 1641 1711 1712 
1640 1711 1641 1640 1709 1711 1640 1708 1709 
1712 1713 1714 1711 1713 1712 1714 1715 1716 
1713 1715 1714 1716 1717 1718 1715 1717 1716 
1718 1719 1720 1717 1719 1718 1720 1721 1722 
1719 1721 1720 1722 1723 1724 1721 1723 1722 
1724 1725 1726 1723 1725 1724 1726 1644 1643 
1726 1725 1644 1725 1727 1644 1645 1644 1728 
1644 1727 1728 1647 1645 1729 1645 1728 1729 
1710 1639 1647 1729 1710 1647 1641 1712 1650 
1651 1650 1712 1714 1651 1712 1652 1651 1714 
1716 1652 1714 1654 1652 1716 1718 1654 1716 
1656 1654 1718 1720 1656 1718 1658 1656 1720 
1722 1658 1720 1659 1658 1722 1724 1659 1722 
1660 1659 1724 1726 1660 1724 1643 1660 1726 
1730 1731 1732 1730 1663 1662 1730 1662 1731 
1731 1662 1733 1665 1734 1662 1662 1734 1733 
1666 1735 1665 1665 1735 1734 1667 1736 1666 
1666 1736 1735 1668 1737 1667 1667 1737 1736 
1669 1738 1668 1668 1738 1737 1670 1739 1669 
1669 1739 1738 1671 1740 1670 1670 1740 1739 
1672 1741 1742 1672 1742 1671 1671 1742 1740 
1742 1741 1743 1744 1745 1746 1732 1745 1744 
1730 1732 1744 1730 1744 1674 1730 1674 1673 
1663 1730 1673 1672 1675 1741 1741 1747 1743 
1741 1675 1747 1675 1676 1747 1677 1748 1749 
1677 1749 1676 1676 1749 1747 1749 1748 1750 
1751 1744 1746 1752 1751 1746 1674 1751 1679 
1744 1751 1674 1677 1680 1748 1681 1753 1754 
1680 1681 1754 1680 1754 1750 1680 1750 1748 
1754 1753 1755 1756 1757 1758 1752 1757 1756 
1751 1752 1756 1751 1756 1683 1751 1683 1682 
1679 1751 1682 1681 1684 1753 1685 1759 1760 
1684 1685 1760 1684 1760 1755 1684 1755 1753 
1759 1688 1687 1759 1687 1760 1760 1687 1761 
1761 1687 1689 1762 1761 1689 1756 1758 1763 
1683 1756 1763 1683 1763 1690 1690 1763 1764 
1692 1690 1765 1690 1764 1765 1694 1692 1766 
1692 1765 1766 1766 1696 1694 1767 1696 1766 
1685 1697 1759 1688 1759 1697 1689 1768 1762 
1699 1768 1689 1768 1699 1701 1769 1768 1701 
1696 1767 1770 1702 1696 1770 1704 1771 1772 
1704 1702 1771 1702 1770 1771 1771 1773 1772 
1701 1705 1769 1769 1705 1774 1704 1772 1706 
1772 1773 1775 1772 1775 1706 1706 1775 1707 
1709 1776 1777 1709 1707 1776 1707 1775 1776 
1776 1778 1777 1779 1780 1781 1781 1782 1779 
1783 1784 1785 1783 1785 1774 1783 1774 1710 
1710 1774 1705 1709 1777 1711 1777 1778 1786 
1777 1786 1711 1711 1786 1713 1715 1713 1787 
1713 1786 1787 1717 1715 1788 1715 1787 1788 
1719 1717 1789 1717 1788 1789 1721 1719 1790 
1719 1789 1790 1723 1721 1791 1721 1790 1791 
1780 1779 1725 1780 1725 1791 1791 1725 1723 
1779 1782 1792 1779 1792 1725 1725 1792 1727 
1728 1727 1793 1727 1792 1793 1784 1783 1729 
1784 1729 1793 1793 1729 1728 1710 1729 1783 
1794 1795 1796 1794 1797 1798 1795 1794 1798 
1797 1799 1800 1798 1797 1800 1799 1801 1802 
1800 1799 1802 1801 1803 1804 1802 1801 1804 
1803 1805 1806 1804 1803 1806 1806 1805 1807 
1731 1808 1809 1732 1731 1809 1733 1810 1731 
1731 1810 1808 1796 1734 1794 1796 1810 1734 
1810 1733 1734 1735 1794 1734 1797 1794 1735 
1736 1797 1735 1799 1797 1736 1737 1799 1736 
1801 1799 1737 1738 1801 1737 1803 1801 1738 
1739 1803 1738 1805 1803 1739 1805 1811 1807 
1805 1739 1811 1739 1740 1811 1742 1812 1740 
1740 1812 1811 1743 1813 1814 1743 1814 1742 
1742 1814 1812 1814 1813 1815 1745 1816 1817 
1746 1745 1817 1809 1745 1732 1816 1745 1809 
1743 1747 1813 1813 1818 1815 1813 1747 1818 
1747 1749 1818 1750 1819 1820 1750 1820 1749 
1749 1820 1818 1820 1819 1821 1822 1823 1752 
1822 1752 1817 1817 1752 1746 1822 1824 1823 
1750 1754 1819 1755 1825 1826 1754 1755 1826 
1754 1826 1821 1754 1821 1819 1826 1825 1827 
1757 1828 1758 1757 1829 1828 1752 1829 1757 
1752 1830 1829 1752 1823 1830 1824 1830 1823 
1755 1760 1825 1825 1831 1827 1825 1760 1831 
1760 1761 1831 1831 1761 1762 1832 1831 1762 
1758 1828 1763 1828 1829 1833 1828 1833 1763 
1763 1833 1764 1765 1764 1834 1764 1833 1834 
1766 1765 1835 1765 1834 1835 1835 1767 1766 
1836 1767 1835 1762 1837 1832 1768 1837 1762 
1837 1768 1769 1838 1837 1769 1767 1836 1839 
1770 1767 1839 1771 1770 1840 1770 1839 1840 
1773 1841 1842 1773 1771 1841 1771 1840 1841 
1841 1843 1842 1769 1774 1838 1838 1774 1844 
1773 1842 1775 1842 1843 1845 1842 1845 1775 
1775 1845 1776 1778 1846 1847 1778 1776 1846 
1776 1845 1846 1847 1848 1849 1846 1848 1847 
1849 1850 1851 1848 1850 1849 1851 1852 1853 
1850 1852 1851 1853 1854 1855 1852 1854 1853 
1855 1856 1857 1854 1856 1855 1857 1781 1780 
1857 1856 1781 1856 1858 1781 1782 1859 1860 
1782 1781 1859 1781 1858 1859 1860 1861 1862 
1859 1861 1860 1862 1785 1784 1862 1861 1785 
1861 1863 1785 1844 1774 1785 1863 1844 1785 
1778 1847 1786 1787 1786 1847 1849 1787 1847 
1788 1787 1849 1851 1788 1849 1789 1788 1851 
1853 1789 1851 1790 1789 1853 1855 1790 1853 
1791 1790 1855 1857 1791 1855 1780 1791 1857 
1782 1860 1792 1793 1792 1860 1862 1793 1860 
1784 1793 1862 1864 1865 1866 1864 1796 1795 
1864 1795 1865 1865 1795 1867 1798 1868 1795 
1795 1868 1867 1800 1869 1798 1798 1869 1868 
1802 1870 1800 1800 1870 1869 1804 1871 1802 
1802 1871 1870 1806 1872 1804 1804 1872 1871 
1807 1873 1874 1807 1874 1806 1806 1874 1872 
1874 1873 1875 1808 1876 1877 1809 1808 1877 
1866 1810 1864 1866 1876 1810 1876 1808 1810 
1796 1864 1810 1807 1811 1873 1873 1878 1875 
1873 1811 1878 1811 1812 1878 1814 1879 1812 
1812 1879 1878 1815 1880 1881 1815 1881 1814 
1814 1881 1879 1881 1880 1882 1816 1883 1817 
1816 1884 1883 1816 1809 1884 1809 1877 1884 
1815 1818 1880 1880 1885 1882 1880 1818 1885 
1818 1820 1885 1821 1886 1887 1821 1887 1820 
1820 1887 1885 1887 1886 1888 1817 1883 1822 
1883 1824 1822 1883 1884 1824 1884 1889 1824 
1821 1826 1886 1827 1890 1891 1826 1827 1891 
1826 1891 1888 1826 1888 1886 1891 1890 1892 
1830 1893 1829 1830 1894 1893 1830 1824 1894 
1824 1889 1894 1827 1831 1890 1832 1895 1896 
1831 1832 1896 1831 1896 1892 1831 1892 1890 
1896 1895 1897 1829 1893 1833 1893 1894 1898 
1893 1898 1833 1833 1898 1834 1835 1834 1899 
1834 1898 1899 1836 1900 1901 1836 1835 1900 
1835 1899 1900 1900 1902 1901 1832 1837 1895 
1838 1903 1904 1837 1838 1904 1837 1904 1897 
1837 1897 1895 1904 1903 1905 1836 1901 1839 
1901 1902 1906 1901 1906 1839 1839 1906 1840 
1841 1840 1907 1840 1906 1907 1843 1908 1909 
1843 1841 1908 1841 1907 1908 1908 1910 1909 
1911 1912 1913 1911 1914 1915 1913 1914 1911 
1915 1916 1917 1914 1916 1915 1917 1918 1919 
1916 1918 1917 1919 1920 1921 1918 1920 1919 
1921 1922 1923 1920 1922 1921 1922 1924 1923 
1903 1925 1926 1903 1838 1925 1838 1844 1925 
1905 1903 1926 1843 1909 1845 1909 1910 1927 
1909 1927 1845 1845 1927 1846 1848 1846 1928 
1846 1927 1928 1850 1848 1929 1848 1928 1929 
1912 1911 1852 1912 1852 1929 1929 1852 1850 
1854 1852 1911 1915 1854 1911 1856 1854 1915 
1917 1856 1915 1858 1856 1917 1919 1858 1917 
1859 1858 1919 1921 1859 1919 1861 1859 1921 
1923 1861 1921 1923 1924 1930 1923 1930 1861 
1861 1930 1863 1925 1844 1863 1930 1925 1863 
1931 1932 1933 1931 1934 1935 1932 1931 1935 
1934 1936 1937 1935 1934 1937 1936 1938 1939 
1937 1936 1939 1938 1940 1941 1939 1938 1941 
1941 1940 1942 1943 1944 1945 1943 1866 1865 
1943 1865 1944 1944 1865 1946 1933 1867 1931 
1933 1946 1867 1946 1865 1867 1868 1931 1867 
1934 1931 1868 1869 1934 1868 1936 1934 1869 
1870 1936 1869 1938 1936 1870 1871 1938 1870 
1940 1938 1871 1940 1947 1942 1940 1871 1947 
1871 1872 1947 1874 1948 1872 1872 1948 1947 
1875 1949 1950 1875 1950 1874 1874 1950 1948 
1950 1949 1951 1876 1943 1945 1876 1945 1877 
1877 1945 1952 1866 1943 1876 1875 1878 1949 
1949 1953 1951 1949 1878 1953 1878 1879 1953 
1881 1954 1879 1879 1954 1953 1882 1955 1956 
1882 1956 1881 1881 1956 1954 1955 1957 1958 
1956 1955 1958 1958 1957 1959 1877 1952 1884 
1952 1960 1884 1882 1885 1955 1887 1955 1885 
1957 1955 1887 1888 1961 1962 1887 1888 1962 
1887 1962 1959 1887 1959 1957 1962 1961 1963 
1964 1965 1966 1964 1960 1965 1964 1889 1960 
1889 1884 1960 1888 1891 1961 1892 1967 1968 
1891 1892 1968 1891 1968 1963 1891 1963 1961 
1968 1967 1969 1964 1966 1970 1964 1894 1889 
1964 1971 1894 1964 1970 1971 1972 1894 1971 
1972 1973 1974 1971 1973 1972 1973 1975 1974 
1892 1896 1967 1897 1976 1977 1896 1897 1977 
1896 1977 1969 1896 1969 1967 1977 1976 1978 
1894 1972 1898 1899 1898 1972 1974 1899 1972 
1974 1975 1979 1974 1979 1899 1899 1979 1900 
1902 1980 1981 1902 1900 1980 1900 1979 1980 
1980 1982 1981 1983 1897 1904 1983 1984 1897 
1976 1897 1985 1985 1897 1984 1976 1985 1978 
1904 1905 1983 1902 1981 1906 1981 1982 1986 
1981 1986 1906 1906 1986 1907 1908 1907 1987 
1907 1986 1987 1910 1988 1989 1910 1908 1988 
1908 1987 1988 1989 1990 1991 1988 1990 1989 
1991 1992 1993 1990 1992 1991 1993 1913 1912 
1993 1992 1913 1992 1994 1913 1914 1913 1995 
1913 1994 1995 1916 1914 1996 1914 1995 1996 
1918 1916 1997 1916 1996 1997 1920 1918 1998 
1918 1997 1998 1922 1920 1999 1920 1998 1999 
1924 2000 2001 1924 1922 2000 1922 1999 2000 
1984 2001 2000 1983 2001 1984 1983 1925 2001 
1983 1926 1925 1905 1926 1983 1910 1989 1927 
1928 1927 1989 1991 1928 1989 1929 1928 1991 
1993 1929 1991 1912 1929 1993 1924 2001 1930 
1925 1930 2001 2002 2003 2004 2002 1933 1932 
2002 1932 2003 2003 1932 2005 1935 2006 1932 
1932 2006 2005 1937 2007 1935 1935 2007 2006 
1939 2008 1937 1937 2008 2007 1941 2009 1939 
1939 2009 2008 1942 2010 2011 1942 2011 1941 
1941 2011 2009 2011 2010 2012 1944 2013 2014 
1945 1944 2014 2004 1946 2002 2004 2013 1946 
2013 1944 1946 1933 2002 1946 1942 1947 2010 
2010 2015 2012 2010 1947 2015 1947 1948 2015 
1950 2016 1948 1948 2016 2015 1951 2017 2018 
1951 2018 1950 1950 2018 2016 2017 2019 2020 
2018 2017 2020 2020 2019 2021 2022 2023 2024 
2022 2014 2023 2022 1952 2014 1952 1945 2014 
1951 1953 2017 1954 2017 1953 2019 2017 1954 
2019 2025 2021 2019 1954 2025 1954 1956 2025 
1958 2026 1956 1956 2026 2025 1959 2027 2028 
1959 2028 1958 1958 2028 2026 2028 2027 2029 
2022 2024 2030 2030 1952 2022 2030 2031 1952 
2031 1960 1952 1959 1962 2027 1963 2032 2033 
1962 1963 2033 1962 2033 2029 1962 2029 2027 
2033 2032 2034 1965 2035 2036 1966 1965 2036 
2031 1965 1960 2035 1965 2031 1963 1968 2032 
1969 2037 2038 1968 1969 2038 1968 2038 2034 
1968 2034 2032 2038 2037 2039 1966 2036 2040 
1970 1966 2040 1971 1970 2041 1970 2040 2041 
1973 1971 2042 1971 2041 2042 1975 2043 2044 
1975 1973 2043 1973 2042 2043 2043 2045 2044 
1969 1977 2037 2037 1977 1978 2037 1978 2039 
2039 1978 2046 1975 2044 1979 2044 2045 2047 
2044 2047 1979 1979 2047 1980 1982 2048 2049 
1982 1980 2048 1980 2047 2048 2049 2050 2051 
2048 2050 2049 2051 2052 2053 2050 2052 2051 
2053 2054 2055 2052 2054 2053 2055 2056 2057 
2054 2056 2055 2057 2058 2059 2056 2058 2057 
2059 2060 2061 2058 2060 2059 2061 2062 2063 
2060 2062 2061 2063 2064 2065 2062 2064 2063 
2065 2066 2067 2064 2066 2065 2067 2068 2069 
2066 2068 2067 2069 2070 2071 2068 2070 2069 
2071 1985 1984 2071 2070 1985 2070 2072 1985 
2046 1978 1985 2072 2046 1985 1982 2049 1986 
1987 1986 2049 2051 1987 2049 1988 1987 2051 
2053 1988 2051 1990 1988 2053 2055 1990 2053 
1992 1990 2055 2057 1992 2055 1994 1992 2057 
2059 1994 2057 1995 1994 2059 2061 1995 2059 
1996 1995 2061 2063 1996 2061 1997 1996 2063 
2065 1997 2063 1998 1997 2065 2067 1998 2065 
1999 1998 2067 2069 1999 2067 2000 1999 2069 
2071 2000 2069 1984 2000 2071 2073 2074 2075 
2073 2076 2077 2074 2073 2077 2076 2078 2079 
2077 2076 2079 2079 2078 2080 2003 2081 2082 
2004 2003 2082 2005 2083 2003 2003 2083 2081 
2006 2084 2005 2005 2084 2083 2075 2007 2073 
2075 2084 2007 2084 2006 2007 2008 2073 2007 
2076 2073 2008 2009 2076 2008 2078 2076 2009 
2078 2085 2080 2078 2009 2085 2009 2011 2085 
2012 2086 2087 2012 2087 2011 2011 2087 2085 
2087 2086 2088 2013 2089 2090 2014 2013 2090 
2082 2013 2004 2089 2013 2082 2012 2015 2086 
2086 2091 2088 2086 2015 2091 2015 2016 2091 
2018 2092 2016 2016 2092 2091 2020 2093 2018 
2018 2093 2092 2021 2094 2095 2021 2095 2020 
2020 2095 2093 2095 2094 2096 2023 2097 2024 
2023 2098 2097 2023 2014 2098 2014 2090 2098 
2021 2025 2094 2094 2099 2096 2094 2025 2099 
2025 2026 2099 2028 2100 2026 2026 2100 2099 
2029 2101 2102 2029 2102 2028 2028 2102 2100 
2101 2103 2104 2102 2101 2104 2104 2103 2105 
2024 2097 2030 2097 2031 2030 2097 2098 2031 
2098 2106 2031 2029 2033 2101 2034 2101 2033 
2034 2107 2101 2107 2103 2101 2108 2105 2103 
2108 2103 2109 2109 2103 2107 2108 2109 2110 
2035 2111 2036 2035 2112 2111 2035 2031 2112 
2031 2106 2112 2034 2038 2107 2039 2107 2038 
2039 2113 2107 2113 2109 2107 2114 2110 2109 
2113 2114 2109 2036 2111 2040 2111 2112 2115 
2111 2115 2040 2040 2115 2041 2042 2041 2116 
2041 2115 2116 2043 2042 2117 2042 2116 2117 
2045 2118 2119 2045 2043 2118 2043 2117 2118 
2118 2120 2119 2121 2122 2123 2121 2124 2125 
2123 2124 2121 2125 2126 2127 2124 2126 2125 
2127 2128 2129 2126 2128 2127 2129 2130 2131 
2128 2130 2129 2130 2132 2131 2113 2133 2134 
2113 2039 2133 2039 2046 2133 2114 2113 2134 
2045 2119 2047 2119 2120 2135 2119 2135 2047 
2047 2135 2048 2050 2048 2136 2048 2135 2136 
2052 2050 2137 2050 2136 2137 2054 2052 2138 
2052 2137 2138 2056 2054 2139 2054 2138 2139 
2058 2056 2140 2056 2139 2140 2122 2121 2060 
2122 2060 2140 2140 2060 2058 2062 2060 2121 
2125 2062 2121 2064 2062 2125 2127 2064 2125 
2066 2064 2127 2129 2066 2127 2068 2066 2129 
2131 2068 2129 2131 2132 2141 2131 2141 2068 
2068 2141 2070 2072 2070 2142 2070 2141 2142 
2133 2046 2072 2142 2133 2072 2143 2144 2145 
2143 2146 2147 2144 2143 2147 2146 2075 2074 
2146 2074 2147 2147 2074 2148 2077 2149 2074 
2074 2149 2148 2079 2150 2077 2077 2150 2149 
2080 2151 2152 2080 2152 2079 2079 2152 2150 
2152 2151 2153 2081 2154 2155 2082 2081 2155 
2145 2083 2143 2145 2154 2083 2154 2081 2083 
2084 2143 2083 2146 2143 2084 2075 2146 2084 
2080 2085 2151 2151 2156 2153 2151 2085 2156 
2085 2087 2156 2088 2157 2158 2088 2158 2087 
2087 2158 2156 2157 2159 2160 2158 2157 2160 
2159 2161 2162 2160 2159 2162 2162 2161 2163 
2089 2164 2165 2090 2089 2165 2155 2089 2082 
2164 2089 2155 2088 2091 2157 2092 2157 2091 
2159 2157 2092 2093 2159 2092 2161 2159 2093 
2161 2166 2163 2161 2093 2166 2093 2095 2166 
2096 2167 2168 2096 2168 2095 2095 2168 2166 
2167 2169 2170 2168 2167 2170 2169 2171 2172 
2170 2169 2172 2172 2171 2173 2090 2165 2098 
2165 2174 2098 2096 2099 2167 2100 2167 2099 
2169 2167 2100 2102 2169 2100 2171 2169 2102 
2171 2175 2173 2171 2102 2175 2102 2104 2175 
2105 2176 2177 2105 2177 2104 2104 2177 2175 
2176 2178 2179 2177 2176 2179 2179 2178 2180 
2181 2182 2183 2181 2174 2182 2181 2106 2174 
2106 2098 2174 2105 2108 2176 2110 2176 2108 
2110 2184 2176 2184 2178 2176 2185 2180 2178 
2184 2185 2178 2181 2183 2186 2181 2112 2106 
2181 2187 2112 2181 2186 2187 2188 2112 2187 
2188 2189 2190 2187 2189 2188 2190 2191 2192 
2189 2191 2190 2191 2193 2192 2194 2195 2196 
2194 2197 2198 2196 2197 2194 2197 2199 2198 
2184 2114 2200 2110 2114 2184 2201 2185 2184 
2200 2201 2184 2112 2188 2115 2116 2115 2188 
2190 2116 2188 2117 2116 2190 2192 2117 2190 
2192 2193 2202 2192 2202 2117 2117 2202 2118 
2120 2203 2204 2120 2118 2203 2118 2202 2203 
2204 2205 2206 2203 2205 2204 2206 2207 2208 
2205 2207 2206 2208 2209 2210 2207 2209 2208 
2210 2211 2212 2209 2211 2210 2212 2213 2214 
2211 2213 2212 2214 2123 2122 2214 2213 2123 
2213 2215 2123 2195 2194 2124 2195 2124 2215 
2215 2124 2123 2126 2124 2194 2198 2126 2194 
2198 2199 2216 2198 2216 2126 2126 2216 2128 
2130 2128 2217 2128 2216 2217 2132 2218 2219 
2132 2130 2218 2130 2217 2218 2219 2220 2221 
2218 2220 2219 2221 2134 2133 2221 2220 2134 
2220 2222 2134 2200 2114 2134 2200 2134 2223 
2223 2134 2222 2201 2200 2223 2120 2204 2135 
2136 2135 2204 2206 2136 2204 2137 2136 2206 
2208 2137 2206 2138 2137 2208 2210 2138 2208 
2139 2138 2210 2212 2139 2210 2140 2139 2212 
2214 2140 2212 2122 2140 2214 2132 2219 2141 
2142 2141 2219 2221 2142 2219 2133 2142 2221 
2224 2225 2226 2224 2227 2228 2225 2224 2228 
2227 2229 2230 2228 2227 2230 2230 2229 2231 
2232 2233 2234 2232 2145 2144 2232 2144 2233 
2233 2144 2235 2147 2236 2144 2144 2236 2235 
2226 2148 2224 2226 2236 2148 2236 2147 2148 
2149 2224 2148 2227 2224 2149 2150 2227 2149 
2229 2227 2150 2229 2237 2231 2229 2150 2237 
2150 2152 2237 2153 2238 2239 2153 2239 2152 
2152 2239 2237 2238 2240 2241 2239 2238 2241 
2241 2240 2242 2243 2244 2245 2234 2244 2243 
2232 2234 2243 2232 2243 2155 2232 2155 2154 
2145 2232 2154 2153 2156 2238 2158 2238 2156 
2240 2238 2158 2240 2246 2242 2240 2158 2246 
2158 2160 2246 2162 2247 2160 2160 2247 2246 
2163 2248 2249 2163 2249 2162 2162 2249 2247 
2248 2250 2251 2249 2248 2251 2250 2252 2253 
2251 2250 2253 2253 2252 2254 2164 2255 2165 
2243 2245 2256 2256 2155 2243 2256 2257 2155 
2164 2155 2255 2255 2155 2257 2163 2166 2248 
2168 2248 2166 2250 2248 2168 2170 2250 2168 
2252 2250 2170 2252 2258 2254 2252 2170 2258 
2170 2172 2258 2173 2259 2260 2173 2260 2172 
2172 2260 2258 2259 2261 2262 2260 2259 2262 
2261 2263 2264 2262 2261 2264 2263 2265 2266 
2264 2263 2266 2266 2265 2267 2255 2268 2269 
2255 2269 2165 2165 2269 2174 2257 2268 2255 
2173 2175 2259 2177 2259 2175 2261 2259 2177 
2179 2261 2177 2263 2261 2179 2180 2263 2179 
2180 2270 2263 2270 2265 2263 2271 2267 2265 
2271 2265 2272 2272 2265 2270 2271 2272 2273 
2182 2274 2183 2182 2275 2274 2182 2174 2275 
2174 2269 2275 2270 2185 2276 2180 2185 2270 
2277 2278 2272 2277 2272 2276 2276 2272 2270 
2273 2272 2278 2183 2274 2186 2274 2275 2279 
2274 2279 2186 2186 2279 2187 2189 2187 2280 
2187 2279 2280 2191 2189 2281 2189 2280 2281 
2193 2282 2283 2193 2191 2282 2191 2281 2282 
2282 2284 2283 2285 2286 2287 2285 2288 2289 
2287 2288 2285 2289 2290 2291 2288 2290 2289 
2291 2196 2195 2291 2290 2196 2290 2292 2196 
2197 2196 2293 2196 2292 2293 2199 2294 2295 
2199 2197 2294 2197 2293 2294 2295 2296 2297 
2294 2296 2295 2297 2298 2299 2296 2298 2297 
2299 2300 2301 2298 2300 2299 2300 2302 2301 
2303 2304 2305 2276 2305 2306 2276 2201 2305 
2276 2185 2201 2201 2303 2305 2277 2276 2306 
2193 2283 2202 2283 2284 2307 2283 2307 2202 
2202 2307 2203 2205 2203 2308 2203 2307 2308 
2207 2205 2309 2205 2308 2309 2209 2207 2310 
2207 2309 2310 2286 2285 2211 2286 2211 2310 
2310 2211 2209 2213 2211 2285 2289 2213 2285 
2215 2213 2289 2291 2215 2289 2195 2215 2291 
2199 2295 2216 2217 2216 2295 2297 2217 2295 
2218 2217 2297 2299 2218 2297 2220 2218 2299 
2301 2220 2299 2301 2302 2311 2301 2311 2220 
2220 2311 2222 2304 2303 2223 2304 2223 2311 
2311 2223 2222 2201 2223 2303 2312 2313 2314 
2312 2315 2316 2313 2312 2316 2315 2226 2225 
2315 2225 2316 2316 2225 2317 2228 2318 2225 
2225 2318 2317 2230 2319 2228 2228 2319 2318 
2231 2320 2321 2231 2321 2230 2230 2321 2319 
2320 2322 2323 2321 2320 2323 2323 2322 2324 
2233 2325 2326 2234 2233 2326 2314 2235 2312 
2314 2325 2235 2325 2233 2235 2236 2312 2235 
2315 2312 2236 2226 2315 2236 2231 2237 2320 
2239 2320 2237 2322 2320 2239 2322 2327 2324 
2322 2239 2327 2239 2241 2327 2242 2328 2329 
2242 2329 2241 2241 2329 2327 2328 2330 2331 
2329 2328 2331 2330 2332 2333 2331 2330 2333 
2332 2334 2335 2333 2332 2335 2334 2336 2337 
2335 2334 2337 2337 2336 2338 2244 2339 2245 
2244 2340 2339 2244 2234 2340 2234 2326 2340 
2242 2246 2328 2247 2328 2246 2330 2328 2247 
2249 2330 2247 2332 2330 2249 2251 2332 2249 
2334 2332 2251 2253 2334 2251 2336 2334 2253 
2254 2341 2342 2253 2254 2342 2253 2342 2338 
2253 2338 2336 2341 2343 2344 2342 2341 2344 
2343 2345 2346 2344 2343 2346 2345 2347 2348 
2346 2345 2348 2347 2349 2350 2348 2347 2350 
2350 2349 2351 2245 2339 2256 2339 2257 2256 
2339 2340 2257 2340 2352 2257 2254 2258 2341 
2260 2341 2258 2343 2341 2260 2262 2343 2260 
2345 2343 2262 2264 2345 2262 2347 2345 2264 
2266 2347 2264 2349 2347 2266 2267 2353 2354 
2266 2267 2354 2266 2354 2351 2266 2351 2349 
2353 2355 2356 2354 2353 2356 2356 2355 2357 
2268 2358 2359 2269 2268 2359 2352 2268 2257 
2358 2268 2352 2267 2271 2353 2273 2353 2271 
2273 2360 2353 2360 2355 2353 2361 2357 2355 
2360 2361 2355 2362 2363 2275 2362 2275 2359 
2359 2275 2269 2363 2364 2365 2362 2364 2363 
2365 2366 2367 2364 2366 2365 2366 2368 2367 
2369 2370 2371 2369 2372 2373 2371 2372 2369 
2373 2374 2375 2372 2374 2373 2375 2376 2377 
2374 2376 2375 2377 2378 2379 2376 2378 2377 
2379 2380 2381 2378 2380 2379 2381 2382 2383 
2380 2382 2381 2382 2384 2383 2278 2277 2385 
2278 2360 2273 2278 2385 2360 2385 2386 2360 
2387 2361 2360 2386 2387 2360 2275 2363 2279 
2280 2279 2363 2365 2280 2363 2281 2280 2365 
2367 2281 2365 2367 2368 2388 2367 2388 2281 
2281 2388 2282 2284 2389 2390 2284 2282 2389 
2282 2388 2389 2390 2391 2392 2389 2391 2390 
2392 2393 2394 2391 2393 2392 2394 2395 2396 
2393 2395 2394 2396 2287 2286 2396 2395 2287 
2395 2397 2287 2288 2287 2398 2287 2397 2398 
2370 2369 2290 2370 2290 2398 2398 2290 2288 
2292 2290 2369 2373 2292 2369 2293 2292 2373 
2375 2293 2373 2294 2293 2375 2377 2294 2375 
2296 2294 2377 2379 2296 2377 2298 2296 2379 
2381 2298 2379 2300 2298 2381 2383 2300 2381 
2302 2399 2400 2300 2399 2302 2300 2384 2399 
2300 2383 2384 2400 2305 2304 2400 2399 2305 
2399 2401 2305 2306 2305 2402 2305 2401 2402 
2385 2277 2306 2385 2306 2403 2403 2306 2402 
2386 2385 2403 2404 2386 2403 2387 2386 2404 
2284 2390 2307 2308 2307 2390 2392 2308 2390 
2309 2308 2392 2394 2309 2392 2310 2309 2394 
2396 2310 2394 2286 2310 2396 2302 2400 2311 
2304 2311 2400 2405 2406 2407 2405 2408 2409 
2406 2405 2409 2408 2410 2411 2409 2408 2411 
2410 2412 2413 2411 2410 2413 2412 2414 2415 
2413 2412 2415 2414 2416 2417 2415 2414 2417 
2417 2416 2418 2419 2420 2421 2419 2314 2313 
2419 2313 2420 2420 2313 2422 2407 2316 2405 
2407 2422 2316 2422 2313 2316 2317 2405 2316 
2408 2405 2317 2318 2408 2317 2410 2408 2318 
2319 2410 2318 2412 2410 2319 2321 2412 2319 
2414 2412 2321 2323 2414 2321 2416 2414 2323 
2324 2423 2424 2323 2324 2424 2323 2424 2418 
2323 2418 2416 2423 2425 2426 2424 2423 2426 
2425 2427 2428 2426 2425 2428 2427 2429 2430 
2428 2427 2430 2430 2429 2431 2325 2419 2421 
2325 2421 2326 2326 2421 2432 2314 2419 2325 
2324 2327 2423 2329 2423 2327 2425 2423 2329 
2331 2425 2329 2427 2425 2331 2333 2427 2331 
2429 2427 2333 2429 2433 2431 2429 2333 2433 
2333 2335 2433 2337 2434 2335 2335 2434 2433 
2338 2435 2436 2338 2436 2337 2337 2436 2434 
2435 2437 2438 2436 2435 2438 2437 2439 2440 
2438 2437 2440 2439 2441 2442 2440 2439 2442 
2442 2441 2443 2326 2432 2340 2432 2444 2340 
2338 2342 2435 2344 2435 2342 2437 2435 2344 
2346 2437 2344 2439 2437 2346 2348 2439 2346 
2441 2439 2348 2441 2445 2443 2441 2348 2445 
2348 2350 2445 2351 2446 2447 2351 2447 2350 
2350 2447 2445 2446 2448 2449 2447 2446 2449 
2449 2448 2450 2340 2444 2352 2444 2451 2352 
2351 2354 2446 2356 2446 2354 2448 2446 2356 
2357 2452 2453 2356 2357 2453 2356 2453 2450 
2356 2450 2448 2453 2452 2454 2358 2455 2359 
2358 2456 2455 2358 2352 2456 2352 2451 2456 
2457 2458 2459 2457 2460 2461 2459 2460 2457 
2461 2462 2463 2460 2462 2461 2463 2464 2465 
2462 2464 2463 2465 2466 2467 2464 2466 2465 
2467 2468 2469 2466 2468 2467 2468 2470 2469 
2452 2361 2471 2357 2361 2452 2472 2454 2452 
2471 2472 2452 2359 2455 2362 2455 2456 2473 
2455 2473 2362 2362 2473 2364 2366 2364 2474 
2364 2473 2474 2368 2475 2476 2368 2366 2475 
2366 2474 2475 2476 2477 2478 2475 2477 2476 
2478 2479 2480 2477 2479 2478 2480 2481 2482 
2479 2481 2480 2482 2483 2484 2481 2483 2482 
2484 2485 2486 2483 2485 2484 2486 2487 2488 
2485 2487 2486 2488 2371 2370 2488 2487 2371 
2487 2489 2371 2458 2457 2372 2458 2372 2489 
2489 2372 2371 2374 2372 2457 2461 2374 2457 
2376 2374 2461 2463 2376 2461 2378 2376 2463 
2465 2378 2463 2380 2378 2465 2467 2380 2465 
2382 2380 2467 2469 2382 2467 2384 2490 2491 
2382 2490 2384 2382 2470 2490 2382 2469 2470 
2491 2492 2493 2490 2492 2491 2493 2494 2495 
2492 2494 2493 2495 2496 2497 2494 2496 2495 
2497 2498 2499 2496 2498 2497 2471 2498 2500 
2471 2387 2498 2471 2361 2387 2387 2499 2498 
2472 2471 2500 2368 2476 2388 2389 2388 2476 
2478 2389 2476 2391 2389 2478 2480 2391 2478 
2393 2391 2480 2482 2393 2480 2395 2393 2482 
2484 2395 2482 2397 2395 2484 2486 2397 2484 
2398 2397 2486 2488 2398 2486 2370 2398 2488 
2384 2491 2399 2401 2399 2491 2493 2401 2491 
2402 2401 2493 2495 2402 2493 2403 2402 2495 
2497 2403 2495 2404 2403 2497 2499 2404 2497 
2387 2404 2499 2501 2502 2503 2501 2504 2505 
2502 2501 2505 2504 2506 2507 2505 2504 2507 
2506 2508 2509 2507 2506 2509 2508 2510 2511 
2509 2508 2511 2511 2510 2512 2513 2514 2515 
2513 2407 2406 2513 2406 2514 2514 2406 2516 
2503 2409 2501 2503 2516 2409 2516 2406 2409 
2411 2501 2409 2504 2501 2411 2413 2504 2411 
2506 2504 2413 2415 2506 2413 2508 2506 2415 
2417 2508 2415 2510 2508 2417 2418 2517 2518 
2417 2418 2518 2417 2518 2512 2417 2512 2510 
2517 2519 2520 2518 2517 2520 2519 2521 2522 
2520 2519 2522 2521 2523 2524 2522 2521 2524 
2524 2523 2525 2420 2526 2421 2513 2515 2527 
2513 2527 2420 2513 2420 2422 2526 2420 2527 
2407 2513 2422 2418 2424 2517 2426 2517 2424 
2519 2517 2426 2428 2519 2426 2521 2519 2428 
2430 2521 2428 2523 2521 2430 2431 2528 2529 
2430 2431 2529 2430 2529 2525 2430 2525 2523 
2528 2530 2531 2529 2528 2531 2530 2532 2533 
2531 2530 2533 2532 2534 2535 2533 2532 2535 
2534 2536 2537 2535 2534 2537 2537 2536 2538 
2526 2539 2432 2421 2526 2432 2540 2526 2527 
2539 2526 2540 2431 2433 2528 2434 2528 2433 
2530 2528 2434 2436 2530 2434 2532 2530 2436 
2438 2532 2436 2534 2532 2438 2440 2534 2438 
2536 2534 2440 2536 2541 2538 2536 2440 2541 
2440 2442 2541 2443 2542 2543 2443 2543 2442 
2442 2543 2541 2542 2544 2545 2543 2542 2545 
2544 2546 2547 2545 2544 2547 2547 2546 2548 
2539 2549 2550 2539 2550 2432 2432 2550 2444 
2540 2549 2539 2443 2445 2542 2447 2542 2445 
2544 2542 2447 2449 2544 2447 2546 2544 2449 
2450 2551 2552 2449 2450 2552 2449 2552 2548 
2449 2548 2546 2551 2553 2554 2552 2551 2554 
2554 2553 2555 2444 2550 2451 2550 2556 2451 
2557 2558 2559 2557 2560 2561 2559 2560 2557 
2561 2562 2563 2560 2562 2561 2563 2564 2565 
2562 2564 2563 2564 2566 2565 2450 2453 2551 
2454 2551 2453 2454 2567 2551 2567 2553 2551 
2568 2555 2553 2567 2568 2553 2569 2570 2456 
2569 2456 2556 2556 2456 2451 2570 2571 2572 
2569 2571 2570 2572 2573 2574 2571 2573 2572 
2574 2575 2576 2573 2575 2574 2575 2577 2576 
2578 2579 2580 2578 2581 2582 2580 2581 2578 
2582 2583 2584 2581 2583 2582 2558 2584 2583 
2557 2584 2558 2557 2458 2584 2557 2459 2458 
2460 2459 2557 2561 2460 2557 2462 2460 2561 
2563 2462 2561 2464 2462 2563 2565 2464 2563 
2565 2566 2585 2565 2585 2464 2464 2585 2466 
2468 2466 2586 2466 2585 2586 2470 2587 2588 
2470 2468 2587 2468 2586 2587 2588 2589 2590 
2587 2589 2588 2590 2591 2592 2589 2591 2590 
2591 2593 2592 2567 2594 2595 2567 2454 2594 
2454 2472 2594 2568 2567 2595 2456 2570 2473 
2474 2473 2570 2572 2474 2570 2475 2474 2572 
2574 2475 2572 2477 2475 2574 2576 2477 2574 
2576 2577 2596 2576 2596 2477 2477 2596 2479 
2481 2479 2597 2479 2596 2597 2483 2481 2598 
2481 2597 2598 2579 2578 2485 2579 2485 2598 
2598 2485 2483 2487 2485 2578 2582 2487 2578 
2489 2487 2582 2584 2489 2582 2458 2489 2584 
2470 2588 2490 2492 2490 2588 2590 2492 2588 
2494 2492 2590 2592 2494 2590 2592 2593 2599 
2592 2599 2494 2494 2599 2496 2498 2496 2600 
2496 2599 2600 2500 2498 2601 2498 2600 2601 
2594 2472 2500 2601 2594 2500 2602 2603 2604 
2602 2605 2606 2603 2602 2606 2605 2607 2608 
2606 2605 2608 2607 2609 2610 2608 2607 2610 
2610 2609 2611 2502 2612 2613 2503 2502 2613 
2505 2614 2502 2502 2614 2612 2604 2507 2602 
2604 2614 2507 2614 2505 2507 2509 2602 2507 
2605 2602 2509 2511 2605 2509 2607 2605 2511 
2512 2607 2511 2512 2615 2607 2615 2609 2607 
2616 2611 2609 2616 2609 2617 2617 2609 2615 
2617 2618 2619 2616 2617 2619 2618 2620 2621 
2619 2618 2621 2620 2622 2623 2621 2620 2623 
2623 2622 2624 2514 2625 2515 2626 2625 2514 
2626 2514 2627 2627 2514 2516 2613 2516 2503 
2627 2516 2613 2512 2518 2615 2520 2615 2518 
2617 2615 2520 2522 2617 2520 2618 2617 2522 
2524 2618 2522 2620 2618 2524 2525 2620 2524 
2525 2628 2620 2628 2622 2620 2629 2624 2622 
2629 2622 2630 2630 2622 2628 2630 2631 2632 
2629 2630 2632 2631 2633 2634 2632 2631 2634 
2633 2635 2636 2634 2633 2636 2636 2635 2637 
2625 2638 2527 2515 2625 2527 2639 2625 2626 
2638 2625 2639 2525 2529 2628 2531 2628 2529 
2630 2628 2531 2533 2630 2531 2631 2630 2533 
2535 2631 2533 2633 2631 2535 2537 2633 2535 
2635 2633 2537 2538 2640 2641 2537 2538 2641 
2537 2641 2637 2537 2637 2635 2640 2642 2643 
2641 2640 2643 2642 2644 2645 2643 2642 2645 
2644 2646 2647 2645 2644 2647 2646 2648 2649 
2647 2646 2649 2649 2648 2650 2638 2651 2652 
2638 2652 2527 2527 2652 2540 2639 2651 2638 
2538 2541 2640 2543 2640 2541 2642 2640 2543 
2545 2642 2543 2644 2642 2545 2547 2644 2545 
2646 2644 2547 2548 2646 2547 2548 2653 2646 
2653 2648 2646 2654 2650 2648 2653 2654 2648 
2549 2655 2550 2549 2656 2655 2549 2540 2656 
2540 2652 2656 2548 2552 2653 2653 2657 2654 
2653 2552 2657 2552 2554 2657 2657 2554 2555 
2658 2657 2555 2655 2659 2660 2655 2660 2550 
2550 2660 2556 2656 2659 2655 2661 2662 2663 
2661 2664 2665 2663 2664 2661 2665 2559 2558 
2665 2664 2559 2664 2666 2559 2560 2559 2667 
2559 2666 2667 2562 2560 2668 2560 2667 2668 
2564 2562 2669 2562 2668 2669 2566 2670 2671 
2566 2564 2670 2564 2669 2670 2671 2672 2673 
2670 2672 2671 2673 2674 2675 2672 2674 2673 
2675 2676 2677 2674 2676 2675 2677 2678 2679 
2676 2678 2677 2678 2680 2679 2555 2568 2658 
2658 2568 2681 2556 2660 2682 2569 2556 2682 
2571 2569 2683 2569 2682 2683 2573 2571 2684 
2571 2683 2684 2575 2573 2685 2573 2684 2685 
2577 2686 2687 2577 2575 2686 2575 2685 2686 
2687 2688 2689 2686 2688 2687 2689 2690 2691 
2688 2690 2689 2691 2580 2579 2691 2690 2580 
2690 2692 2580 2662 2661 2581 2662 2581 2692 
2692 2581 2580 2583 2581 2661 2665 2583 2661 
2558 2583 2665 2566 2671 2585 2586 2585 2671 
2673 2586 2671 2587 2586 2673 2675 2587 2673 
2589 2587 2675 2677 2589 2675 2591 2589 2677 
2679 2591 2677 2593 2693 2694 2591 2693 2593 
2591 2680 2693 2591 2679 2680 2694 2695 2696 
2693 2695 2694 2696 2697 2698 2695 2697 2696 
2698 2595 2594 2698 2697 2595 2697 2699 2595 
2681 2568 2595 2699 2681 2595 2577 2687 2596 
2597 2596 2687 2689 2597 2687 2598 2597 2689 
2691 2598 2689 2579 2598 2691 2593 2694 2599 
2600 2599 2694 2696 2600 2694 2601 2600 2696 
2698 2601 2696 2594 2601 2698 2700 2701 2702 
2700 2703 2704 2701 2700 2704 2703 2705 2706 
2704 2703 2706 2705 2707 2708 2706 2705 2708 
2707 2709 2710 2708 2707 2710 2709 2711 2712 
2710 2709 2712 2711 2713 2714 2712 2711 2714 
2713 2715 2716 2714 2713 2716 2716 2715 2717 
2718 2719 2720 2702 2719 2718 2700 2702 2718 
2700 2718 2604 2700 2604 2603 2606 2700 2603 
2703 2700 2606 2608 2703 2606 2705 2703 2608 
2610 2705 2608 2707 2705 2610 2611 2707 2610 
2611 2721 2707 2721 2709 2707 2711 2709 2722 
2722 2709 2721 2713 2711 2723 2723 2711 2722 
2715 2713 2724 2724 2713 2723 2725 2717 2715 
2725 2715 2726 2726 2715 2724 2726 2727 2728 
2725 2726 2728 2727 2729 2730 2728 2727 2730 
2729 2731 2732 2730 2729 2732 2732 2731 2733 
2612 2734 2613 2718 2720 2735 2718 2735 2612 
2718 2612 2614 2734 2612 2735 2604 2718 2614 
2611 2616 2721 2619 2721 2616 2722 2721 2619 
2621 2722 2619 2723 2722 2621 2623 2723 2621 
2724 2723 2623 2624 2724 2623 2624 2736 2724 
2736 2726 2724 2727 2726 2737 2737 2726 2736 
2729 2727 2738 2738 2727 2737 2731 2729 2739 
2739 2729 2738 2740 2733 2731 2740 2731 2741 
2741 2731 2739 2740 2741 2742 2627 2743 2626 
2627 2744 2743 2613 2744 2627 2613 2745 2744 
2613 2734 2745 2735 2745 2734 2624 2629 2736 
2632 2736 2629 2737 2736 2632 2634 2737 2632 
2738 2737 2634 2636 2738 2634 2739 2738 2636 
2637 2739 2636 2637 2746 2739 2746 2741 2739 
2747 2742 2741 2747 2741 2748 2748 2741 2746 
2748 2749 2750 2747 2748 2750 2749 2751 2752 
2750 2749 2752 2751 2753 2754 2752 2751 2754 
2753 2755 2756 2754 2753 2756 2756 2755 2757 
2743 2758 2759 2743 2759 2626 2626 2759 2639 
2744 2758 2743 2637 2641 2746 2643 2746 2641 
2748 2746 2643 2645 2748 2643 2749 2748 2645 
2647 2749 2645 2751 2749 2647 2649 2751 2647 
2753 2751 2649 2760 2755 2753 2760 2753 2650 
2760 2650 2761 2649 2650 2753 2757 2755 2760 
2651 2762 2763 2652 2651 2763 2759 2651 2639 
2762 2651 2759 2650 2654 2761 2761 2654 2764 
2652 2763 2656 2763 2765 2656 2766 2767 2768 
2766 2769 2770 2768 2769 2766 2770 2771 2772 
2769 2771 2770 2772 2773 2774 2771 2773 2772 
2774 2775 2776 2773 2775 2774 2776 2777 2778 
2775 2777 2776 2778 2779 2780 2777 2779 2778 
2780 2781 2782 2779 2781 2780 2782 2783 2784 
2781 2783 2782 2784 2785 2786 2783 2785 2784 
2786 2787 2788 2785 2787 2786 2787 2789 2788 
2790 2654 2657 2790 2791 2654 2791 2764 2654 
2657 2658 2790 2659 2792 2660 2793 2656 2765 
2793 2792 2656 2793 2794 2792 2792 2659 2656 
2794 2795 2796 2793 2795 2794 2796 2797 2798 
2795 2797 2796 2798 2799 2800 2797 2799 2798 
2800 2801 2802 2799 2801 2800 2802 2803 2804 
2801 2803 2802 2804 2805 2806 2803 2805 2804 
2767 2806 2805 2766 2806 2767 2766 2662 2806 
2766 2663 2662 2664 2663 2766 2770 2664 2766 
2666 2664 2770 2772 2666 2770 2667 2666 2772 
2774 2667 2772 2668 2667 2774 2776 2668 2774 
2669 2668 2776 2778 2669 2776 2670 2669 2778 
2780 2670 2778 2672 2670 2780 2782 2672 2780 
2674 2672 2782 2784 2674 2782 2676 2674 2784 
2786 2676 2784 2678 2676 2786 2788 2678 2786 
2680 2807 2808 2678 2807 2680 2678 2789 2807 
2678 2788 2789 2807 2809 2808 2810 2811 2812 
2791 2810 2812 2791 2790 2810 2790 2813 2810 
2658 2681 2813 2790 2658 2813 2660 2792 2682 
2683 2682 2792 2794 2683 2792 2684 2683 2794 
2796 2684 2794 2685 2684 2796 2798 2685 2796 
2686 2685 2798 2800 2686 2798 2688 2686 2800 
2802 2688 2800 2690 2688 2802 2804 2690 2802 
2692 2690 2804 2806 2692 2804 2662 2692 2806 
2680 2808 2693 2808 2809 2814 2808 2814 2693 
2693 2814 2695 2811 2810 2697 2811 2697 2814 
2814 2697 2695 2699 2697 2810 2813 2699 2810 
2681 2699 2813 2815 2816 2817 2815 2818 2819 
2816 2815 2819 2818 2820 2821 2819 2818 2821 
2820 2822 2823 2821 2820 2823 2822 2824 2825 
2823 2822 2825 2824 2826 2827 2825 2824 2827 
2826 2828 2829 2827 2826 2829 2828 2830 2831 
2829 2828 2831 2830 2832 2833 2831 2830 2833 
2833 2832 2834 2835 2836 2837 2835 2838 2839 
2836 2835 2839 2817 2839 2838 2817 2838 2815 
2815 2838 2840 2818 2815 2841 2841 2815 2840 
2820 2818 2842 2842 2818 2841 2822 2820 2843 
2843 2820 2842 2824 2822 2844 2844 2822 2843 
2826 2824 2845 2845 2824 2844 2828 2826 2846 
2846 2826 2845 2830 2828 2847 2847 2828 2846 
2832 2830 2848 2848 2830 2847 2849 2834 2832 
2849 2832 2850 2850 2832 2848 2850 2851 2852 
2849 2850 2852 2851 2853 2854 2852 2851 2854 
2853 2855 2856 2854 2853 2856 2855 2857 2858 
2856 2855 2858 2858 2857 2859 2860 2861 2862 
2860 2863 2864 2861 2860 2864 2863 2865 2866 
2864 2863 2866 2837 2866 2865 2837 2865 2835 
2835 2865 2867 2838 2835 2868 2868 2835 2867 
2840 2838 2869 2869 2838 2868 2841 2840 2870 
2870 2840 2869 2842 2841 2871 2871 2841 2870 
2843 2842 2872 2872 2842 2871 2844 2843 2873 
2873 2843 2872 2845 2844 2874 2874 2844 2873 
2846 2845 2875 2875 2845 2874 2847 2846 2876 
2876 2846 2875 2848 2847 2877 2877 2847 2876 
2850 2848 2878 2878 2848 2877 2851 2850 2879 
2879 2850 2878 2853 2851 2880 2880 2851 2879 
2855 2853 2881 2881 2853 2880 2857 2855 2882 
2882 2855 2881 2883 2859 2857 2882 2883 2857 
2884 2885 2886 2862 2885 2884 2862 2884 2860 
2860 2884 2887 2863 2860 2888 2888 2860 2887 
2865 2863 2889 2889 2863 2888 2867 2865 2890 
2890 2865 2889 2868 2867 2891 2891 2867 2890 
2869 2868 2892 2892 2868 2891 2870 2869 2893 
2893 2869 2892 2871 2870 2894 2894 2870 2893 
2872 2871 2895 2895 2871 2894 2873 2872 2896 
2896 2872 2895 2874 2873 2897 2897 2873 2896 
2875 2874 2898 2898 2874 2897 2876 2875 2899 
2899 2875 2898 2877 2876 2900 2900 2876 2899 
2878 2877 2901 2901 2877 2900 2879 2878 2902 
2902 2878 2901 2880 2879 2903 2903 2879 2902 
2881 2880 2904 2904 2880 2903 2905 2906 2882 
2905 2882 2904 2904 2882 2881 2883 2882 2906 
2701 2907 2908 2702 2701 2908 2886 2704 2884 
2886 2907 2704 2907 2701 2704 2706 2884 2704 
2887 2884 2706 2708 2887 2706 2888 2887 2708 
2710 2888 2708 2889 2888 2710 2712 2889 2710 
2890 2889 2712 2714 2890 2712 2891 2890 2714 
2716 2891 2714 2892 2891 2716 2717 2892 2716 
2717 2909 2892 2909 2893 2892 2894 2893 2910 
2910 2893 2909 2895 2894 2911 2911 2894 2910 
2896 2895 2912 2912 2895 2911 2897 2896 2913 
2913 2896 2912 2898 2897 2914 2914 2897 2913 
2899 2898 2915 2915 2898 2914 2900 2899 2916 
2916 2899 2915 2901 2900 2917 2917 2900 2916 
2902 2901 2918 2918 2901 2917 2903 2902 2919 
2919 2902 2918 2904 2903 2920 2920 2903 2919 
2921 2905 2904 2920 2921 2904 2719 2922 2720 
2719 2923 2922 2719 2702 2923 2702 2908 2923 
2717 2725 2909 2728 2909 2725 2910 2909 2728 
2730 2910 2728 2911 2910 2730 2732 2911 2730 
2912 2911 2732 2733 2912 2732 2733 2924 2912 
2924 2913 2912 2914 2913 2925 2925 2913 2924 
2915 2914 2926 2926 2914 2925 2916 2915 2927 
2927 2915 2926 2917 2916 2928 2928 2916 2927 
2918 2917 2929 2929 2917 2928 2919 2918 2930 
2930 2918 2929 2920 2919 2931 2931 2919 2930 
2932 2921 2920 2931 2932 2920 2922 2933 2934 
2922 2934 2720 2720 2934 2735 2923 2933 2922 
2733 2740 2924 2742 2924 2740 2742 2935 2924 
2935 2925 2924 2926 2925 2936 2936 2925 2935 
2927 2926 2937 2937 2926 2936 2928 2927 2938 
2938 2927 2937 2929 2928 2939 2939 2928 2938 
2930 2929 2940 2940 2929 2939 2941 2942 2931 
2941 2931 2940 2940 2931 2930 2932 2931 2942 
2745 2943 2944 2744 2745 2944 2934 2745 2735 
2943 2745 2934 2742 2747 2935 2750 2935 2747 
2936 2935 2750 2752 2936 2750 2937 2936 2752 
2754 2937 2752 2938 2937 2754 2756 2938 2754 
2939 2938 2756 2945 2940 2939 2945 2939 2757 
2945 2757 2946 2756 2757 2939 2941 2940 2945 
2758 2947 2948 2759 2758 2948 2944 2758 2744 
2947 2758 2944 2760 2761 2949 2760 2949 2950 
2760 2950 2757 2757 2950 2946 2762 2951 2952 
2763 2762 2952 2948 2762 2759 2951 2762 2948 
2953 2954 2955 2953 2956 2957 2955 2956 2953 
2957 2958 2959 2956 2958 2957 2959 2960 2961 
2958 2960 2959 2961 2962 2963 2960 2962 2961 
2963 2964 2965 2962 2964 2963 2965 2966 2967 
2964 2966 2965 2967 2968 2969 2966 2968 2967 
2969 2970 2971 2968 2970 2969 2971 2972 2973 
2970 2972 2971 2973 2974 2975 2972 2974 2973 
2975 2976 2977 2974 2976 2975 2976 2978 2977 
2949 2979 2980 2949 2761 2979 2761 2764 2979 
2950 2949 2980 2981 2982 2765 2981 2765 2952 
2952 2765 2763 2982 2983 2984 2981 2983 2982 
2984 2985 2986 2983 2985 2984 2986 2987 2988 
2985 2987 2986 2988 2989 2990 2987 2989 2988 
2990 2991 2992 2989 2991 2990 2954 2992 2991 
2954 2953 2992 2953 2993 2992 2768 2767 2993 
2768 2993 2957 2957 2993 2953 2769 2768 2957 
2959 2769 2957 2771 2769 2959 2961 2771 2959 
2773 2771 2961 2963 2773 2961 2775 2773 2963 
2965 2775 2963 2777 2775 2965 2967 2777 2965 
2779 2777 2967 2969 2779 2967 2781 2779 2969 
2971 2781 2969 2783 2781 2971 2973 2783 2971 
2785 2783 2973 2975 2785 2973 2787 2785 2975 
2977 2787 2975 2789 2994 2995 2787 2994 2789 
2787 2978 2994 2787 2977 2978 2994 2996 2995 
2997 2998 2999 2997 2999 2979 2997 2979 2791 
2791 2979 2764 2765 2982 2793 2795 2793 2982 
2984 2795 2982 2797 2795 2984 2986 2797 2984 
2799 2797 2986 2988 2799 2986 2801 2799 2988 
2990 2801 2988 2803 2801 2990 2992 2803 2990 
2805 2803 2992 2993 2805 2992 2767 2805 2993 
2789 2995 2807 2809 3000 3001 2807 3000 2809 
2807 2996 3000 2807 2995 2996 2998 3001 3000 
2997 3001 2998 2997 2811 3001 2997 2812 2811 
2791 2812 2997 2809 3001 2814 2811 2814 3001 
3002 3003 3004 3002 3005 3006 3003 3002 3006 
3005 3007 3008 3006 3005 3008 3007 3009 3010 
3008 3007 3010 3009 3011 3012 3010 3009 3012 
3012 3011 3013 3014 3015 3016 3014 3017 3018 
3015 3014 3018 3017 3019 3020 3018 3017 3020 
3019 3021 3022 3020 3019 3022 3004 3022 3021 
3002 3004 3021 3002 3021 2817 3002 2817 2816 
2819 3002 2816 3005 3002 2819 2821 3005 2819 
3007 3005 2821 2823 3007 2821 3009 3007 2823 
2825 3009 2823 3011 3009 2825 3011 3023 3013 
3011 2825 3023 2825 2827 3023 2829 3024 2827 
2827 3024 3023 2831 3025 2829 2829 3025 3024 
2833 3026 2831 2831 3026 3025 2834 3027 3028 
2834 3028 2833 2833 3028 3026 3027 3029 3030 
3028 3027 3030 3029 3031 3032 3030 3029 3032 
3031 3033 3034 3032 3031 3034 3033 3035 3036 
3034 3033 3036 3035 3037 3038 3036 3035 3038 
3038 3037 3039 3040 3041 3042 3016 3041 3040 
3016 3040 3014 3014 3040 3043 3017 3014 3044 
3044 3014 3043 2836 3044 2837 2836 3019 3044 
3019 3017 3044 2839 3019 2836 3021 3019 2839 
2817 3021 2839 2834 2849 3027 2852 3027 2849 
3029 3027 2852 2854 3029 2852 3031 3029 2854 
2856 3031 2854 3033 3031 2856 2858 3033 2856 
3035 3033 2858 2859 3035 2858 2859 3045 3035 
3045 3037 3035 3046 3039 3037 3045 3046 3037 
2861 3040 3042 2861 3042 2862 2862 3042 3047 
2864 3040 2861 3043 3040 2864 2866 3043 2864 
3044 3043 2866 2837 3044 2866 3045 3048 3049 
3045 2859 3048 2859 2883 3048 3046 3045 3049 
2885 3050 3051 2886 2885 3051 3047 2885 2862 
3050 2885 3047 2906 2905 3052 2906 3052 3053 
2906 3053 2883 2883 3053 3048 2907 3054 3055 
2908 2907 3055 3051 2907 2886 3054 2907 3051 
3052 3056 3057 3052 2905 3056 2905 2921 3056 
3053 3052 3057 3058 3059 3060 3058 3055 3059 
3058 2923 3055 2923 2908 3055 2921 2932 3056 
3056 2932 3061 2933 3058 3060 2933 3060 2934 
2934 3060 3062 2923 3058 2933 2942 3063 3064 
2941 3063 2942 3061 2932 2942 3064 3061 2942 
2943 3065 3066 2944 2943 3066 3062 2943 2934 
3065 2943 3062 3067 3068 3069 3067 3070 3071 
3069 3070 3067 3070 3072 3071 2945 2946 3073 
2945 3073 3074 2945 3074 2941 2941 3074 3063 
2947 3075 2948 2947 3076 3075 2947 2944 3076 
2944 3066 3076 3077 3078 3079 3077 3080 3081 
3079 3080 3077 3081 3082 3083 3080 3082 3081 
3083 3084 3085 3082 3084 3083 3085 3086 3087 
3084 3086 3085 3087 3088 3089 3086 3088 3087 
3089 3090 3091 3088 3090 3089 3091 3092 3093 
3090 3092 3091 3093 3094 3095 3092 3094 3093 
3095 3096 3097 3094 3096 3095 3068 3097 3096 
3068 3067 3097 3067 3098 3097 3071 3099 3067 
3099 3098 3067 3100 3071 3072 3100 3101 3071 
3101 3099 3071 3100 3102 3101 3073 3103 3104 
3073 2946 3103 2946 2950 3103 3074 3073 3104 
2951 3105 2952 2951 2948 3075 2951 3075 3105 
3105 3075 3106 3107 3075 3076 3107 3108 3075 
3108 3106 3075 3108 3109 3110 3107 3109 3108 
3110 3111 3112 3109 3111 3110 3112 3113 3114 
3111 3113 3112 3078 3114 3113 3077 3114 3078 
3077 2954 3114 3077 2955 2954 2956 2955 3077 
3081 2956 3077 2958 2956 3081 3083 2958 3081 
2960 2958 3083 3085 2960 3083 2962 2960 3085 
3087 2962 3085 2964 2962 3087 3089 2964 3087 
2966 2964 3089 3091 2966 3089 2968 2966 3091 
3093 2968 3091 2970 2968 3093 3095 2970 3093 
2972 2970 3095 3097 2972 3095 2974 2972 3097 
3098 2974 3097 2976 2974 3098 3099 2976 3098 
2978 2976 3099 2978 3099 3115 3115 3099 3101 
3116 3101 3102 3115 3101 3116 2980 3117 3118 
2979 3117 2980 3103 2950 2980 3118 3103 2980 
2952 3105 2981 2983 2981 3105 3106 2983 3105 
2985 2983 3106 3108 2985 3106 2987 2985 3108 
3110 2987 3108 2989 2987 3110 3112 2989 3110 
2991 2989 3112 3114 2991 3112 2954 2991 3114 
2978 3115 2994 2996 3119 3120 2994 3119 2996 
2994 3116 3119 2994 3115 3116 3120 2999 2998 
3120 3119 2999 3119 3121 2999 3117 2979 2999 
3121 3117 2999 2996 3120 3000 2998 3000 3120 
3122 3123 3124 3122 3125 3126 3123 3122 3126 
3125 3127 3128 3126 3125 3128 3127 3129 3130 
3128 3127 3130 3129 3131 3132 3130 3129 3132 
3132 3131 3133 3134 3135 3136 3124 3135 3134 
3124 3134 3122 3122 3134 3137 3125 3122 3138 
3138 3122 3137 3003 3138 3004 3003 3127 3138 
3127 3125 3138 3006 3127 3003 3129 3127 3006 
3008 3129 3006 3131 3129 3008 3131 3139 3133 
3131 3008 3139 3008 3010 3139 3012 3140 3010 
3010 3140 3139 3140 3012 3013 3141 3140 3013 
3015 3142 3143 3016 3015 3143 3136 3018 3134 
3136 3142 3018 3142 3015 3018 3020 3134 3018 
3137 3134 3020 3022 3137 3020 3138 3137 3022 
3004 3138 3022 3013 3144 3141 3023 3144 3013 
3024 3145 3023 3023 3145 3144 3025 3146 3024 
3024 3146 3145 3026 3147 3025 3025 3147 3146 
3028 3148 3026 3026 3148 3147 3030 3149 3028 
3028 3149 3148 3032 3150 3030 3030 3150 3149 
3034 3151 3032 3032 3151 3150 3036 3152 3034 
3034 3152 3151 3153 3154 3152 3153 3152 3038 
3038 3152 3036 3038 3039 3153 3041 3155 3156 
3042 3041 3156 3143 3041 3016 3155 3041 3143 
3157 3154 3153 3158 3154 3157 3039 3046 3157 
3153 3039 3157 3042 3156 3047 3156 3159 3047 
3049 3158 3157 3049 3048 3158 3048 3160 3158 
3046 3049 3157 3050 3161 3162 3051 3050 3162 
3159 3050 3047 3161 3050 3159 3048 3053 3160 
3160 3053 3163 3054 3164 3165 3055 3054 3165 
3162 3054 3051 3164 3054 3162 3057 3166 3167 
3056 3166 3057 3163 3053 3057 3167 3163 3057 
3059 3168 3060 3059 3169 3168 3059 3055 3169 
3055 3165 3169 3170 3171 3172 3170 3173 3174 
3172 3173 3170 3174 3175 3176 3173 3175 3174 
3176 3177 3178 3175 3177 3176 3177 3179 3178 
3056 3061 3166 3166 3061 3180 3168 3181 3062 
3060 3168 3062 3182 3168 3169 3181 3168 3182 
3183 3184 3185 3183 3186 3187 3185 3186 3183 
3171 3187 3186 3171 3170 3187 3170 3188 3187 
3174 3189 3170 3189 3188 3170 3176 3190 3174 
3190 3189 3174 3178 3191 3176 3191 3190 3176 
3192 3178 3179 3191 3178 3192 3064 3193 3194 
3063 3193 3064 3180 3061 3064 3194 3180 3064 
3065 3195 3066 3065 3196 3195 3062 3196 3065 
3062 3197 3196 3062 3181 3197 3182 3197 3181 
3198 3199 3200 3198 3201 3202 3200 3201 3198 
3184 3202 3201 3184 3183 3202 3183 3203 3202 
3069 3068 3203 3069 3203 3187 3187 3203 3183 
3070 3069 3187 3188 3070 3187 3072 3070 3188 
3072 3188 3204 3204 3188 3189 3190 3205 3189 
3205 3204 3189 3191 3206 3190 3206 3205 3190 
3207 3191 3192 3207 3208 3191 3208 3206 3191 
3208 3209 3210 3207 3209 3208 3210 3209 3193 
3210 3193 3074 3074 3193 3063 3195 3211 3076 
3066 3195 3076 3212 3195 3196 3212 3213 3195 
3213 3211 3195 3213 3214 3215 3212 3214 3213 
3215 3216 3217 3214 3216 3215 3217 3079 3078 
3217 3216 3079 3216 3218 3079 3080 3079 3219 
3079 3218 3219 3082 3080 3220 3080 3219 3220 
3084 3082 3221 3082 3220 3221 3086 3084 3222 
3084 3221 3222 3088 3086 3223 3086 3222 3223 
3090 3088 3224 3088 3223 3224 3199 3198 3092 
3199 3092 3224 3224 3092 3090 3094 3092 3198 
3202 3094 3198 3096 3094 3202 3203 3096 3202 
3068 3096 3203 3072 3204 3100 3102 3100 3204 
3102 3204 3225 3225 3204 3205 3206 3226 3205 
3226 3225 3205 3208 3227 3206 3227 3226 3206 
3104 3103 3227 3104 3227 3210 3210 3227 3208 
3074 3104 3210 3076 3211 3107 3109 3107 3211 
3213 3109 3211 3111 3109 3213 3215 3111 3213 
3113 3111 3215 3217 3113 3215 3078 3113 3217 
3225 3228 3116 3102 3225 3116 3226 3229 3225 
3229 3228 3225 3118 3117 3229 3118 3229 3227 
3227 3229 3226 3103 3118 3227 3116 3228 3119 
3121 3119 3228 3229 3121 3228 3117 3121 3229 
3230 3231 3232 3231 3230 3233 3123 3234 3235 
3124 3123 3235 3126 3236 3123 3123 3236 3234 
3232 3128 3230 3232 3236 3128 3236 3126 3128 
3230 3237 3233 3230 3128 3237 3128 3130 3237 
3238 3239 3237 3238 3237 3132 3132 3237 3130 
3132 3133 3238 3135 3240 3241 3136 3135 3241 
3235 3135 3124 3240 3135 3235 3238 3242 3239 
3133 3242 3238 3133 3139 3242 3139 3243 3242 
3244 3245 3243 3244 3243 3140 3140 3243 3139 
3140 3141 3244 3142 3246 3247 3143 3142 3247 
3241 3142 3136 3246 3142 3241 3244 3248 3245 
3249 3250 3248 3144 3249 3248 3144 3248 3244 
3144 3244 3141 3144 3145 3251 3249 3144 3251 
3145 3146 3252 3251 3145 3252 3146 3147 3253 
3252 3146 3253 3147 3148 3254 3253 3147 3254 
3148 3149 3255 3254 3148 3255 3256 3255 3149 
3256 3149 3257 3257 3149 3150 3151 3258 3150 
3150 3258 3257 3259 3260 3258 3259 3258 3152 
3152 3258 3151 3152 3154 3259 3155 3261 3262 
3156 3155 3262 3247 3155 3143 3261 3155 3247 
3249 3263 3250 3251 3263 3249 3264 3263 3251 
3252 3264 3251 3265 3264 3252 3253 3265 3252 
3266 3265 3253 3254 3266 3253 3267 3266 3254 
3255 3267 3254 3268 3267 3255 3256 3268 3255 
3269 3260 3259 3270 3260 3269 3154 3158 3269 
3259 3154 3269 3271 3272 3273 3271 3262 3272 
3271 3159 3262 3159 3156 3262 3274 3275 3276 
3270 3274 3276 3270 3269 3274 3269 3277 3274 
3158 3160 3277 3269 3158 3277 3161 3271 3273 
3161 3273 3162 3162 3273 3278 3159 3271 3161 
3279 3280 3281 3279 3282 3283 3281 3282 3279 
3283 3284 3285 3282 3284 3283 3285 3286 3287 
3284 3286 3285 3275 3287 3286 3275 3274 3287 
3274 3288 3287 3277 3289 3274 3289 3288 3274 
3160 3163 3289 3277 3160 3289 3164 3290 3165 
3164 3291 3290 3164 3162 3291 3162 3278 3291 
3292 3293 3294 3292 3295 3296 3294 3295 3292 
3296 3297 3298 3295 3297 3296 3280 3298 3297 
3280 3279 3298 3279 3299 3298 3283 3300 3279 
3300 3299 3279 3285 3301 3283 3301 3300 3283 
3287 3302 3285 3302 3301 3285 3288 3303 3287 
3303 3302 3287 3167 3166 3303 3167 3303 3289 
3289 3303 3288 3163 3167 3289 3290 3304 3169 
3165 3290 3169 3305 3290 3291 3304 3290 3305 
3306 3307 3308 3293 3306 3308 3293 3292 3306 
3292 3309 3306 3172 3171 3309 3172 3309 3296 
3296 3309 3292 3173 3172 3296 3298 3173 3296 
3175 3173 3298 3299 3175 3298 3177 3175 3299 
3300 3177 3299 3179 3177 3300 3179 3300 3310 
3310 3300 3301 3302 3311 3301 3311 3310 3301 
3303 3312 3302 3312 3311 3302 3166 3180 3312 
3303 3166 3312 3304 3313 3314 3304 3314 3169 
3169 3314 3182 3305 3313 3304 3315 3316 3317 
3315 3318 3319 3317 3318 3315 3307 3319 3318 
3306 3319 3307 3306 3184 3319 3306 3185 3184 
3186 3185 3306 3309 3186 3306 3171 3186 3309 
3310 3320 3192 3179 3310 3192 3311 3321 3310 
3321 3320 3310 3194 3193 3321 3194 3321 3312 
3312 3321 3311 3180 3194 3312 3197 3322 3196 
3323 3182 3314 3323 3322 3182 3323 3324 3322 
3322 3197 3182 3324 3325 3326 3323 3325 3324 
3326 3327 3328 3325 3327 3326 3328 3329 3330 
3327 3329 3328 3330 3331 3332 3329 3331 3330 
3332 3333 3334 3331 3333 3332 3334 3335 3336 
3333 3335 3334 3336 3337 3338 3335 3337 3336 
3338 3339 3340 3337 3339 3338 3316 3340 3339 
3315 3340 3316 3315 3199 3340 3315 3200 3199 
3201 3200 3315 3319 3201 3315 3184 3201 3319 
3192 3320 3207 3209 3207 3320 3321 3209 3320 
3193 3209 3321 3196 3322 3212 3214 3212 3322 
3324 3214 3322 3216 3214 3324 3326 3216 3324 
3218 3216 3326 3328 3218 3326 3219 3218 3328 
3330 3219 3328 3220 3219 3330 3332 3220 3330 
3221 3220 3332 3334 3221 3332 3222 3221 3334 
3336 3222 3334 3223 3222 3336 3338 3223 3336 
3224 3223 3338 3340 3224 3338 3199 3224 3340 
3231 3341 3232 3231 3233 3341 3234 3342 3343 
3235 3234 3343 3236 3344 3234 3234 3344 3342 
3341 3236 3232 3341 3345 3236 3345 3344 3236 
3233 3345 3341 3233 3237 3345 3237 3346 3345 
3346 3237 3239 3347 3346 3239 3240 3348 3241 
3240 3349 3348 3240 3235 3349 3235 3343 3349 
3239 3350 3347 3242 3350 3239 3351 3352 3350 
3351 3350 3243 3243 3350 3242 3243 3245 3351 
3246 3353 3247 3246 3354 3353 3241 3354 3246 
3241 3355 3354 3241 3348 3355 3349 3355 3348 
3356 3352 3351 3357 3352 3356 3245 3248 3358 
3245 3358 3351 3351 3358 3356 3248 3250 3358 
3257 3359 3256 3257 3258 3360 3359 3257 3360 
3258 3260 3360 3261 3361 3362 3262 3261 3362 
3353 3261 3247 3353 3363 3261 3363 3361 3261 
3354 3363 3353 3364 3365 3366 3357 3364 3366 
3357 3356 3364 3356 3367 3364 3358 3368 3356 
3368 3367 3356 3250 3263 3369 3250 3369 3358 
3358 3369 3368 3263 3264 3370 3369 3263 3370 
3264 3265 3371 3370 3264 3371 3265 3266 3372 
3371 3265 3372 3266 3267 3373 3372 3266 3373 
3267 3268 3374 3373 3267 3374 3268 3256 3359 
3268 3359 3374 3374 3359 3375 3360 3376 3359 
3376 3375 3359 3260 3270 3376 3360 3260 3376 
3272 3377 3273 3272 3378 3377 3272 3262 3378 
3262 3362 3378 3379 3365 3364 3380 3365 3379 
3367 3381 3364 3381 3379 3364 3368 3382 3367 
3382 3381 3367 3369 3383 3368 3383 3382 3368 
3370 3384 3369 3384 3383 3369 3371 3385 3370 
3385 3384 3370 3372 3386 3371 3386 3385 3371 
3373 3387 3372 3387 3386 3372 3374 3388 3373 
3388 3387 3373 3375 3389 3374 3389 3388 3374 
3276 3275 3389 3276 3389 3376 3376 3389 3375 
3270 3276 3376 3377 3390 3391 3377 3391 3273 
3273 3391 3278 3378 3390 3377 3392 3380 3379 
3393 3380 3392 3381 3394 3379 3394 3392 3379 
3382 3395 3381 3395 3394 3381 3383 3396 3382 
3396 3395 3382 3384 3397 3383 3397 3396 3383 
3385 3398 3384 3398 3397 3384 3281 3280 3398 
3281 3398 3386 3386 3398 3385 3282 3281 3386 
3387 3282 3386 3284 3282 3387 3388 3284 3387 
3286 3284 3388 3389 3286 3388 3275 3286 3389 
3278 3391 3291 3391 3399 3291 3400 3401 3402 
3393 3400 3402 3393 3392 3400 3392 3403 3400 
3394 3404 3392 3404 3403 3392 3395 3405 3394 
3405 3404 3394 3294 3293 3405 3294 3405 3396 
3396 3405 3395 3295 3294 3396 3397 3295 3396 
3297 3295 3397 3398 3297 3397 3280 3297 3398 
3291 3399 3305 3399 3406 3305 3407 3408 3409 
3407 3410 3411 3409 3410 3407 3401 3411 3410 
3401 3400 3411 3400 3412 3411 3403 3413 3400 
3413 3412 3400 3404 3414 3403 3414 3413 3403 
3308 3307 3414 3308 3414 3405 3405 3414 3404 
3293 3308 3405 3313 3415 3314 3416 3305 3406 
3416 3415 3305 3416 3417 3415 3415 3313 3305 
3417 3418 3419 3416 3418 3417 3419 3420 3421 
3418 3420 3419 3421 3422 3423 3420 3422 3421 
3423 3424 3425 3422 3424 3423 3408 3425 3424 
3408 3407 3425 3407 3426 3425 3411 3427 3407 
3427 3426 3407 3412 3428 3411 3428 3427 3411 
3317 3316 3428 3317 3428 3413 3413 3428 3412 
3318 3317 3413 3414 3318 3413 3307 3318 3414 
3314 3415 3323 3325 3323 3415 3417 3325 3415 
3327 3325 3417 3419 3327 3417 3329 3327 3419 
3421 3329 3419 3331 3329 3421 3423 3331 3421 
3333 3331 3423 3425 3333 3423 3335 3333 3425 
3426 3335 3425 3337 3335 3426 3427 3337 3426 
3339 3337 3427 3428 3339 3427 3316 3339 3428 
3342 3429 3343 3342 3344 3430 3429 3342 3430 
3344 3345 3431 3430 3344 3431 3345 3346 3432 
3431 3345 3432 3346 3347 3432 3429 3433 3434 
3429 3434 3343 3343 3434 3349 3430 3433 3429 
3435 3433 3430 3431 3435 3430 3436 3435 3431 
3432 3436 3431 3437 3436 3432 3438 3439 3437 
3350 3438 3437 3350 3437 3432 3350 3432 3347 
3350 3352 3438 3355 3440 3441 3354 3355 3441 
3434 3355 3349 3440 3355 3434 3442 3439 3438 
3443 3439 3442 3352 3357 3442 3438 3352 3442 
3361 3444 3362 3445 3444 3361 3445 3361 3446 
3446 3361 3363 3441 3363 3354 3446 3363 3441 
3447 3448 3449 3443 3447 3449 3442 3447 3443 
3442 3365 3447 3442 3366 3365 3357 3366 3442 
3444 3450 3451 3444 3451 3362 3362 3451 3378 
3445 3450 3444 3452 3453 3454 3448 3452 3454 
3448 3447 3452 3447 3455 3452 3365 3380 3455 
3447 3365 3455 3390 3456 3391 3390 3457 3456 
3390 3378 3457 3378 3451 3457 3458 3459 3460 
3453 3458 3460 3453 3452 3458 3452 3461 3458 
3455 3462 3452 3462 3461 3452 3380 3393 3462 
3455 3380 3462 3456 3463 3399 3391 3456 3399 
3464 3456 3457 3463 3456 3464 3465 3466 3467 
3465 3468 3469 3467 3468 3465 3459 3469 3468 
3459 3458 3469 3458 3470 3469 3461 3471 3458 
3471 3470 3458 3402 3401 3471 3402 3471 3462 
3462 3471 3461 3393 3402 3462 3463 3472 3406 
3399 3463 3406 3473 3463 3464 3473 3474 3463 
3474 3472 3463 3474 3475 3476 3473 3475 3474 
3466 3476 3475 3466 3465 3476 3465 3477 3476 
3469 3478 3465 3478 3477 3465 3409 3408 3478 
3409 3478 3470 3470 3478 3469 3410 3409 3470 
3471 3410 3470 3401 3410 3471 3406 3472 3416 
3418 3416 3472 3474 3418 3472 3420 3418 3474 
3476 3420 3474 3422 3420 3476 3477 3422 3476 
3424 3422 3477 3478 3424 3477 3408 3424 3478 
3433 3479 3434 3433 3435 3480 3479 3433 3480 
3435 3436 3481 3480 3435 3481 3436 3437 3482 
3481 3436 3482 3437 3439 3482 3440 3483 3441 
3440 3434 3479 3440 3479 3483 3483 3479 3484 
3485 3480 3486 3485 3484 3480 3484 3479 3480 
3481 3486 3480 3487 3486 3481 3487 3488 3489 
3487 3481 3488 3481 3482 3488 3439 3443 3488 
3482 3439 3488 3446 3490 3445 3446 3441 3483 
3446 3483 3490 3490 3483 3491 3492 3484 3493 
3492 3491 3484 3491 3483 3484 3485 3493 3484 
3494 3495 3496 3489 3494 3496 3488 3494 3489 
3488 3448 3494 3488 3449 3448 3443 3449 3488 
3450 3497 3451 3450 3445 3490 3450 3490 3497 
3497 3490 3498 3499 3491 3500 3499 3498 3491 
3498 3490 3491 3500 3501 3502 3500 3491 3501 
3503 3501 3492 3492 3501 3491 3501 3504 3505 
3503 3504 3501 3495 3505 3504 3494 3505 3495 
3494 3453 3505 3494 3454 3453 3448 3454 3494 
3497 3506 3457 3451 3497 3457 3507 3498 3508 
3507 3506 3498 3506 3497 3498 3508 3509 3510 
3508 3498 3509 3511 3509 3499 3499 3509 3498 
3502 3509 3511 3502 3501 3509 3501 3512 3509 
3460 3459 3512 3460 3512 3505 3505 3512 3501 
3453 3460 3505 3506 3513 3464 3457 3506 3464 
3514 3506 3507 3514 3515 3506 3515 3513 3506 
3510 3515 3514 3509 3515 3510 3509 3466 3515 
3509 3467 3466 3468 3467 3509 3512 3468 3509 
3459 3468 3512 3464 3513 3473 3475 3473 3513 
3515 3475 3513 3466 3475 3515 3486 3516 3485 
3486 3487 3517 3516 3486 3517 3487 3489 3517 
3493 3518 3492 3493 3485 3516 3493 3516 3518 
3518 3516 3519 3496 3495 3519 3496 3519 3517 
3517 3519 3516 3489 3496 3517 3500 3520 3499 
3503 3492 3518 3502 3520 3500 3504 3503 3518 
3519 3504 3518 3495 3504 3519 3508 3521 3507 
3511 3499 3520 3510 3521 3508 3502 3511 3520 
3507 3521 3514 3510 3514 3521 
CELL_DATA 7040
SCALARS Scalars float
LOOKUP_TABLE default
1 1 1 1 1 1 1 1 1 
1 1 1 1 1 1 1 1 1 
1 1 1 1 1 1 1 1 1 
1 1 1 1 1 1 1 1 1 
1 1 1 1 1 1 1 1 1 
1 1 1 1 1 1 1 1 1 
1 1 1 1 1 1 1 1 1 
1 1 1 1 1 1 1 1 1 
1 1 1 1 1 1 1 1 1 
1 1 1 1 1 1 1 1 1 
1 1 1 1 1 1 1 1 1 
1 1 1 1 1 1 1 1 1 
1 1 1 1 1 1 1 1 1 
1 1 1 1 1 1 1 1 1 
1 1 1 1 1 1 1 1 1 
1 1 1 1 1 1 1 1 1 
1 1 1 1 1 1 1 1 1 
1 1 1 1 1 1 1 1 1 
1 1 1 1 1 1 1 1 1 
1 1 1 1 1 1 1 1 1 
1 1 1 1 1 1 1 1 1 
1 1 1 1 1 1 1 1 1 
1 1 1 1 1 1 1 1 1 
1 1 1 1 1 1 1 1 1 
1 1 1 1 1 1 1 1 1 
1 1 1 1 1 1 1 1 1 
1 1 1 1 1 1 1 1 1 
1 1 1 1 1 1 1 1 1 
1 1 1 1 1 1 1 1 1 
1 1 1 1 1 1 1 1 1 
1 1 1 1 1 1 1 1 1 
1 1 1 1 1 1 1 1 1 
1 1 1 1 1 1 1 1 1 
1 1 1 1 1 1 1 1 1 
1 1 1 1 1 1 1 1 1 
1 1 1 1 1 1 1 1 1 
1 1 1 1 1 1 1 1 1 
1 1 1 1 1 1 1 1 1 
1 1 1 1 1 1 1 1 1 
1 1 1 1 1 1 1 1 1 
1 1 1 1 1 1 1 1 1 
1 1 1 1 1 1 1 1 1 
1 1 1 1 1 1 1 1 1 
1 1 1 1 1 1 1 1 1 
1 1 1 1 1 1 1 1 1 
1 1 1 1 1 1 1 1 1 
1 1 1 1 1 1 1 1 1 
1 1 1 1 1 1 1 1 1 
1 1 1 1 1 1 1 1 1 
1 1 1 1 1 1 1 1 1 
1 1 1 1 1 1 1 1 1 
1 1 1 1 1 1 1 1 1 
1 1 1 1 1 1 1 1 1 
1 1 1 1 1 1 1 1 1 
1 1 1 1 1 1 1 1 1 
1 1 1 1 1 1 1 1 1 
1 1 1 1 1 1 1 1 1 
1 1 1 1 1 1 1 1 1 
1 1 1 1 1 1 1 1 1 
1 1 1 1 1 1 1 1 1 
1 1 1 1 1 1 1 1 1 
1 1 1 1 1 1 1 1 1 
1 1 1 1 1 1 1 1 1 
1 1 1 1 1 1 1 1 1 
1 1 1 1 1 1 1 1 1 
1 1 1 1 1 1 1 1 1 
1 1 1 1 1 1 1 1 1 
1 1 1 1 1 1 1 1 1 
1 1 1 1 1 1 1 1 1 
1 1 1 1 1 1 1 1 1 
1 1 1 1 1 1 1 1 1 
1 1 1 1 1 1 1 1 1 
1 1 1 1 1 1 1 1 1 
1 1 1 1 1 1 1 1 1 
1 1 1 1 1 1 1 1 1 
1 1 1 1 1 1 1 1 1 
1 1 1 1 1 1 1 1 1 
1 1 1 1 1 1 1 1 1 
1 1 1 1 1 1 1 1 1 
1 1 1 1 1 1 1 1 1 
1 1 1 1 1 1 1 1 1 
1 1 1 1 1 1 1 1 1 
1 1 1 1 1 1 1 1 1 
1 1 1 1 1 1 1 1 1 
1 1 1 1 1 1 1 1 1 
1 1 1 1 1 1 1 1 1 
1 1 1 1 1 1 1 1 1 
1 1 1 1 1 1 1 1 1 
1 1 1 1 1 1 1 1 1 
1 1 1 1 1 1 1 1 1 
1 1 1 1 1 1 1 1 1 
1 1 1 1 1 1 1 1 1 
1 1 1 1 1 1 1 1 1 
1 1 1 1 1 1 1 1 1 
1 1 1 1 1 1 1 1 1 
1 1 1 1 1 1 1 1 1 
1 1 1 1 1 1 1 1 1 
1 1 1 1 1 1 1 1 1 
1 1 1 1 1 1 1 1 1 
1 1 1 1 1 1 1 1 1 
1 1 1 1 1 1 1 1 1 
1 1 1 1 1 1 1 1 1 
1 1 1 1 1 1 1 1 1 
1 1 1 1 1 1 1 1 1 
1 1 1 1 1 1 1 1 1 
1 1 1 1 1 1 1 1 1 
1 1 1 1 1 1 1 1 1 
1 1 1 1 1 1 1 1 1 
1 1 1 1 1 1 1 1 1 
1 1 1 1 1 1 1 1 1 
1 1 1 1 1 1 1 1 1 
1 1 1 1 1 1 1 1 1 
1 1 1 1 1 1 1 1 1 
1 1 1 1 1 1 1 1 1 
1 1 1 1 1 1 1 1 1 
1 1 1 1 1 1 1 1 1 
1 1 1 1 1 1 1 1 1 
1 1 1 1 1 1 1 1 1 
1 1 1 1 1 1 1 1 1 
1 1 1 1 1 1 1 1 1 
1 1 1 1 1 1 1 1 1 
1 1 1 1 1 1 1 1 1 
1 1 1 1 1 1 1 1 1 
1 1 1 1 1 1 1 1 1 
1 1 1 1 1 1 1 1 1 
1 1 1 1 1 1 1 1 1 
1 1 1 1 1 1 1 1 1 
1 1 1 1 1 1 1 1 1 
1 1 1 1 1 1 1 1 1 
1 1 1 1 1 1 1 1 1 
1 1 1 1 1 1 1 1 1 
1 1 1 1 1 1 1 1 1 
1 1 1 1 1 1 1 1 1 
1 1 1 1 1 1 1 1 1 
1 1 1 1 1 1 1 1 1 
1 1 1 1 1 1 1 1 1 
1 1 1 1 1 1 1 1 1 
1 1 1 1 1 1 1 1 1 
1 1 1 1 1 1 1 1 1 
1 1 1 1 1 1 1 1 1 
1 1 1 1 1 1 1 1 1 
1 1 1 1 1 1 1 1 1 
1 1 1 1 1 1 1 1 1 
1 1 1 1 1 1 1 1 1 
1 1 1 1 1 1 1 1 1 
1 1 1 1 1 1 1 1 1 
1 1 1 1 1 1 1 1 1 
1 1 1 1 1 1 1 1 1 
1 1 1 1 1 1 1 1 1 
1 1 1 1 1 1 1 1 1 
1 1 1 1 1 1 1 1 1 
1 1 1 1 1 1 1 1 1 
1 1 1 1 1 1 1 1 1 
1 1 1 1 1 1 1 1 1 
1 1 1 1 1 1 1 1 1 
1 1 1 1 1 1 1 1 1 
1 1 1 1 1 1 1 1 1 
1 1 1 1 1 1 1 1 1 
1 1 1 1 1 1 1 1 1 
1 1 1 1 1 1 1 1 1 
1 1 1 1 1 1 1 1 1 
1 1 1 1 1 1 1 1 1 
1 1 1 1 1 1 1 1 1 
1 1 1 1 1 1 1 1 1 
1 1 1 1 1 1 1 1 1 
1 1 1 1 1 1 1 1 1 
1 1 1 1 1 1 1 1 1 
1 1 1 1 1 1 1 1 1 
1 1 1 1 1 1 1 1 1 
1 1 1 1 1 1 1 1 1 
1 1 1 1 1 1 1 1 1 
1 1 1 1 1 1 1 1 1 
1 1 1 1 1 1 1 1 1 
1 1 1 1 1 1 1 1 1 
1 1 1 1 1 1 1 1 1 
1 1 1 1 1 1 1 1 1 
1 1 1 1 1 1 1 1 1 
1 1 1 1 1 1 1 1 1 
1 1 1 1 1 1 1 1 1 
1 1 1 1 1 1 1 1 1 
1 1 1 1 1 1 1 1 1 
1 1 1 1 1 1 1 1 1 
1 1 1 1 1 1 1 1 1 
1 1 1 1 1 1 1 1 1 
1 1 1 1 1 1 1 1 1 
1 1 1 1 1 1 1 1 1 
1 1 1 1 1 1 1 1 1 
1 1 1 1 1 1 1 1 1 
1 1 1 1 1 1 1 1 1 
1 1 1 1 1 1 1 1 1 
1 1 1 1 1 1 1 1 1 
1 1 1 1 1 1 1 1 1 
1 1 1 1 1 1 1 1 1 
1 1 1 1 1 1 1 1 1 
1 1 1 1 1 1 1 1 1 
1 1 1 1 1 1 1 1 1 
1 1 1 1 1 1 1 1 1 
1 1 1 1 1 1 1 1 1 
1 1 1 1 1 1 1 1 1 
1 1 1 1 1 1 1 1 1 
1 1 1 1 1 1 1 1 1 
1 1 1 1 1 1 1 1 1 
1 1 1 1 1 1 1 1 1 
1 1 1 1 1 1 1 1 1 
1 1 1 1 1 1 1 1 1 
1 1 1 1 1 1 1 1 1 
1 1 1 1 1 1 1 1 1 
1 1 1 1 1 1 1 1 1 
1 1 1 1 1 1 1 1 1 
1 1 1 1 1 1 1 1 1 
1 1 1 1 1 1 1 1 1 
1 1 1 1 1 1 1 1 1 
1 1 1 1 1 1 1 1 1 
1 1 1 1 1 1 1 1 1 
1 1 1 1 1 1 1 1 1 
1 1 1 1 1 1 1 1 1 
1 1 1 1 1 1 1 1 1 
1 1 1 1 1 1 1 1 1 
1 1 1 1 1 1 1 1 1 
1 1 1 1 1 1 1 1 1 
1 1 1 1 1 1 1 1 1 
1 1 1 1 1 1 1 1 1 
1 1 1 1 1 1 1 1 1 
1 1 1 1 1 1 1 1 1 
1 1 1 1 1 1 1 1 1 
1 1 1 1 1 1 1 1 1 
1 1 1 1 1 1 1 1 1 
1 1 1 1 1 1 1 1 1 
1 1 1 1 1 1 1 1 1 
1 1 1 1 1 1 1 1 1 
1 1 1 1 1 1 1 1 1 
1 1 1 1 1 1 1 1 1 
1 1 1 1 1 1 1 1 1 
1 1 1 1 1 1 1 1 1 
1 1 1 1 1 1 1 1 1 
1 1 1 1 1 1 1 1 1 
1 1 1 1 1 1 1 1 1 
1 1 1 1 1 1 1 1 1 
1 1 1 1 1 1 1 1 1 
1 1 1 1 1 1 1 1 1 
1 1 1 1 1 1 1 1 1 
1 1 1 1 1 1 1 1 1 
1 1 1 1 1 1 1 1 1 
1 1 1 1 1 1 1 1 1 
1 1 1 1 1 1 1 1 1 
1 1 1 1 1 1 1 1 1 
1 1 1 1 1 1 1 1 1 
1 1 1 1 1 1 1 1 1 
1 1 1 1 1 1 1 1 1 
1 1 1 1 1 1 1 1 1 
1 1 1 1 1 1 1 1 1 
1 1 1 1 1 1 1 1 1 
1 1 1 1 1 1 1 1 1 
1 1 1 1 1 1 1 1 1 
1 1 1 1 1 1 1 1 1 
1 1 1 1 1 1 1 1 1 
1 1 1 1 1 1 1 1 1 
1 1 1 1 1 1 1 1 1 
1 1 1 1 1 1 1 1 1 
1 1 1 1 1 1 1 1 1 
1 1 1 1 1 1 1 1 1 
1 1 1 1 1 1 1 1 1 
1 1 1 1 1 1 1 1 1 
1 1 1 1 1 1 1 1 1 
1 1 1 1 1 1 1 1 1 
1 1 1 1 1 1 1 1 1 
1 1 1 1 1 1 1 1 1 
1 1 1 1 1 1 1 1 1 
1 1 1 1 1 1 1 1 1 
1 1 1 1 1 1 1 1 1 
1 1 1 1 1 1 1 1 1 
1 1 1 1 1 1 1 1 1 
1 1 1 1 1 1 1 1 1 
1 1 1 1 1 1 1 1 1 
1 1 1 1 1 1 1 1 1 
1 1 1 1 1 1 1 1 1 
1 1 1 1 1 1 1 1 1 
1 1 1 1 1 1 1 1 1 
1 1 1 1 1 1 1 1 1 
1 1 1 1 1 1 1 1 1 
1 1 1 1 1 1 1 1 1 
1 1 1 1 1 1 1 1 1 
1 1 1 1 1 1 1 1 1 
1 1 1 1 1 1 1 1 1 
1 1 1 1 1 1 1 1 1 
1 1 1 1 1 1 1 1 1 
1 1 1 1 1 1 1 1 1 
1 1 1 1 1 1 1 1 1 
1 1 1 1 1 1 1 1 1 
1 1 1 1 1 1 1 1 1 
1 1 1 1 1 1 1 1 1 
1 1 1 1 1 1 1 1 1 
1 1 1 1 1 1 1 1 1 
1 1 1 1 1 1 1 1 1 
1 1 1 1 1 1 1 1 1 
1 1 1 1 1 1 1 1 1 
1 1 1 1 1 1 1 1 1 
1 1 1 1 1 1 1 1 1 
1 1 1 1 1 1 1 1 1 
1 1 1 1 1 1 1 1 1 
1 1 1 1 1 1 1 1 1 
1 1 1 1 1 1 1 1 1 
1 1 1 1 1 1 1 1 1 
1 1 1 1 1 1 1 1 1 
1 1 1 1 1 1 1 1 1 
1 1 1 1 1 1 1 1 1 
1 1 1 1 1 1 1 1 1 
1 1 1 1 1 1 1 1 1 
1 1 1 1 1 1 1 1 1 
1 1 1 1 1 1 1 1 1 
1 1 1 1 1 1 1 1 1 
1 1 1 1 1 1 1 1 1 
1 1 1 1 1 1 1 1 1 
1 1 1 1 1 1 1 1 1 
1 1 1 1 1 1 1 1 1 
1 1 1 1 1 1 1 1 1 
1 1 1 1 1 1 1 1 1 
1 1 1 1 1 1 1 1 1 
1 1 1 1 1 1 1 1 1 
1 1 1 1 1 1 1 1 1 
1 1 1 1 1 1 1 1 1 
1 1 1 1 1 1 1 1 1 
1 1 1 1 1 1 1 1 1 
1 1 1 1 1 1 1 1 1 
1 1 1 1 1 1 1 1 1 
1 1 1 1 1 1 1 1 1 
1 1 1 1 1 1 1 1 1 
1 1 1 1 1 1 1 1 1 
1 1 1 1 1 1 1 1 1 
1 1 1 1 1 1 1 1 1 
1 1 1 1 1 1 1 1 1 
1 1 1 1 1 1 1 1 1 
1 1 1 1 1 1 1 1 1 
1 1 1 1 1 1 1 1 1 
1 1 1 1 1 1 1 1 1 
1 1 1 1 1 1 1 1 1 
1 1 1 1 1 1 1 1 1 
1 1 1 1 1 1 1 1 1 
1 1 1 1 1 1 1 1 1 
1 1 1 1 1 1 1 1 1 
1 1 1 1 1 1 1 1 1 
1 1 1 1 1 1 1 1 1 
1 1 1 1 1 1 1 1 1 
1 1 1 1 1 1 1 1 1 
1 1 1 1 1 1 1 1 1 
1 1 1 1 1 1 1 1 1 
1 1 1 1 1 1 1 1 1 
1 1 1 1 1 1 1 1 1 
1 1 1 1 1 1 1 1 1 
1 1 1 1 1 1 1 1 1 
1 1 1 1 1 1 1 1 1 
1 1 1 1 1 1 1 1 1 
1 1 1 1 1 1 1 1 1 
1 1 1 1 1 1 1 1 1 
1 1 1 1 1 1 1 1 1 
1 1 1 1 1 1 1 1 1 
1 1 1 1 1 1 1 1 1 
1 1 1 1 1 1 1 1 1 
1 1 1 1 1 1 1 1 1 
1 1 1 1 1 1 1 1 1 
1 1 1 1 1 1 1 1 1 
1 1 1 1 1 1 1 1 1 
1 1 1 1 1 1 1 1 1 
1 1 1 1 1 1 1 1 1 
1 1 1 1 1 1 1 1 1 
1 1 1 1 1 1 1 1 1 
1 1 1 1 1 1 1 1 1 
1 1 1 1 1 1 1 1 1 
1 1 1 1 1 1 1 1 1 
1 1 1 1 1 1 1 1 1 
1 1 1 1 1 1 1 1 1 
1 1 1 1 1 1 1 1 1 
1 1 1 1 1 1 1 1 1 
1 1 1 1 1 1 1 1 1 
1 1 1 1 1 1 1 1 1 
1 1 1 1 1 1 1 1 1 
1 1 1 1 1 1 1 1 1 
1 1 1 1 1 1 1 1 1 
1 1 1 1 1 1 1 1 1 
1 1 1 1 1 1 1 1 1 
1 1 1 1 1 1 1 1 1 
1 1 1 1 1 1 1 1 1 
1 1 1 1 1 1 1 1 1 
1 1 1 1 1 1 1 1 1 
1 1 1 1 1 1 1 1 1 
1 1 1 1 1 1 1 1 1 
1 1 1 1 1 1 1 1 1 
1 1 1 1 1 1 1 1 1 
1 1 1 1 1 1 1 1 1 
1 1 1 1 1 1 1 1 1 
1 1 1 1 1 1 1 1 1 
1 1 1 1 1 1 1 1 1 
1 1 1 1 1 1 1 1 1 
1 1 1 1 1 1 1 1 1 
1 1 1 1 1 1 1 1 1 
1 1 1 1 1 1 1 1 1 
1 1 1 1 1 1 1 1 1 
1 1 1 1 1 1 1 1 1 
1 1 1 1 1 1 1 1 1 
1 1 1 1 1 1 1 1 1 
1 1 1 1 1 1 1 1 1 
1 1 1 1 1 1 1 1 1 
1 1 1 1 1 1 1 1 1 
1 1 1 1 1 1 1 1 1 
1 1 1 1 1 1 1 1 1 
1 1 1 1 1 1 1 1 1 
1 1 1 1 1 1 1 1 1 
1 1 1 1 1 1 1 1 1 
1 1 1 1 1 1 1 1 1 
1 1 1 1 1 1 1 1 1 
1 1 1 1 1 1 1 1 1 
1 1 1 1 1 1 1 1 1 
1 1 1 1 1 1 1 1 1 
1 1 1 1 1 1 1 1 1 
1 1 1 1 1 1 1 1 1 
1 1 1 1 1 1 1 1 1 
1 1 1 1 1 1 1 1 1 
1 1 1 1 1 1 1 1 1 
1 1 1 1 1 1 1 1 1 
1 1 1 1 1 1 1 1 1 
1 1 1 1 1 1 1 1 1 
1 1 1 1 1 1 1 1 1 
1 1 1 1 1 1 1 1 1 
1 1 1 1 1 1 1 1 1 
1 1 1 1 1 1 1 1 1 
1 1 1 1 1 1 1 1 1 
1 1 1 1 1 1 1 1 1 
1 1 1 1 1 1 1 1 1 
1 1 1 1 1 1 1 1 1 
1 1 1 1 1 1 1 1 1 
1 1 1 1 1 1 1 1 1 
1 1 1 1 1 1 1 1 1 
1 1 1 1 1 1 1 1 1 
1 1 1 1 1 1 1 1 1 
1 1 1 1 1 1 1 1 1 
1 1 1 1 1 1 1 1 1 
1 1 1 1 1 1 1 1 1 
1 1 1 1 1 1 1 1 1 
1 1 1 1 1 1 1 1 1 
1 1 1 1 1 1 1 1 1 
1 1 1 1 1 1 1 1 1 
1 1 1 1 1 1 1 1 1 
1 1 1 1 1 1 1 1 1 
1 1 1 1 1 1 1 1 1 
1 1 1 1 1 1 1 1 1 
1 1 1 1 1 1 1 1 1 
1 1 1 1 1 1 1 1 1 
1 1 1 1 1 1 1 1 1 
1 1 1 1 1 1 1 1 1 
1 1 1 1 1 1 1 1 1 
1 1 1 1 1 1 1 1 1 
1 1 1 1 1 1 1 1 1 
1 1 1 1 1 1 1 1 1 
1 1 1 1 1 1 1 1 1 
1 1 1 1 1 1 1 1 1 
1 1 1 1 1 1 1 1 1 
1 1 1 1 1 1 1 1 1 
1 1 1 1 1 1 1 1 1 
1 1 1 1 1 1 1 1 1 
1 1 1 1 1 1 1 1 1 
1 1 1 1 1 1 1 1 1 
1 1 1 1 1 1 1 1 1 
1 1 1 1 1 1 1 1 1 
1 1 1 1 1 1 1 1 1 
1 1 1 1 1 1 1 1 1 
1 1 1 1 1 1 1 1 1 
1 1 1 1 1 1 1 1 1 
1 1 1 1 1 1 1 1 1 
1 1 1 1 1 1 1 1 1 
1 1 1 1 1 1 1 1 1 
1 1 1 1 1 1 1 1 1 
1 1 1 1 1 1 1 1 1 
1 1 1 1 1 1 1 1 1 
1 1 1 1 1 1 1 1 1 
1 1 1 1 1 1 1 1 1 
1 1 1 1 1 1 1 1 1 
1 1 1 1 1 1 1 1 1 
1 1 1 1 1 1 1 1 1 
1 1 1 1 1 1 1 1 1 
1 1 1 1 1 1 1 1 1 
1 1 1 1 1 1 1 1 1 
1 1 1 1 1 1 1 1 1 
1 1 1 1 1 1 1 1 1 
1 1 1 1 1 1 1 1 1 
1 1 1 1 1 1 1 1 1 
1 1 1 1 1 1 1 1 1 
1 1 1 1 1 1 1 1 1 
1 1 1 1 1 1 1 1 1 
1 1 1 1 1 1 1 1 1 
1 1 1 1 1 1 1 1 1 
1 1 1 1 1 1 1 1 1 
1 1 1 1 1 1 1 1 1 
1 1 1 1 1 1 1 1 1 
1 1 1 1 1 1 1 1 1 
1 1 1 1 1 1 1 1 1 
1 1 1 1 1 1 1 1 1 
1 1 1 1 1 1 1 1 1 
1 1 1 1 1 1 1 1 1 
1 1 1 1 1 1 1 1 1 
1 1 1 1 1 1 1 1 1 
1 1 1 1 1 1 1 1 1 
1 1 1 1 1 1 1 1 1 
1 1 1 1 1 1 1 1 1 
1 1 1 1 1 1 1 1 1 
1 1 1 1 1 1 1 1 1 
1 1 1 1 1 1 1 1 1 
1 1 1 1 1 1 1 1 1 
1 1 1 1 1 1 1 1 1 
1 1 1 1 1 1 1 1 1 
1 1 1 1 1 1 1 1 1 
1 1 1 1 1 1 1 1 1 
1 1 1 1 1 1 1 1 1 
1 1 1 1 1 1 1 1 1 
1 1 1 1 1 1 1 1 1 
1 1 1 1 1 1 1 1 1 
1 1 1 1 1 1 1 1 1 
1 1 1 1 1 1 1 1 1 
1 1 1 1 1 1 1 1 1 
1 1 1 1 1 1 1 1 1 
1 1 1 1 1 1 1 1 1 
1 1 1 1 1 1 1 1 1 
1 1 1 1 1 1 1 1 1 
1 1 1 1 1 1 1 1 1 
1 1 1 1 1 1 1 1 1 
1 1 1 1 1 1 1 1 1 
1 1 1 1 1 1 1 1 1 
1 1 1 1 1 1 1 1 1 
1 1 1 1 1 1 1 1 1 
1 1 1 1 1 1 1 1 1 
1 1 1 1 1 1 1 1 1 
1 1 1 1 1 1 1 1 1 
1 1 1 1 1 1 1 1 1 
1 1 1 1 1 1 1 1 1 
1 1 1 1 1 1 1 1 1 
1 1 1 1 1 1 1 1 1 
1 1 1 1 1 1 1 1 1 
1 1 1 1 1 1 1 1 1 
1 1 1 1 1 1 1 1 1 
1 1 1 1 1 1 1 1 1 
1 1 1 1 1 1 1 1 1 
1 1 1 1 1 1 1 1 1 
1 1 1 1 1 1 1 1 1 
1 1 1 1 1 1 1 1 1 
1 1 1 1 1 1 1 1 1 
1 1 1 1 1 1 1 1 1 
1 1 1 1 1 1 1 1 1 
1 1 1 1 1 1 1 1 1 
1 1 1 1 1 1 1 1 1 
1 1 1 1 1 1 1 1 1 
1 1 1 1 1 1 1 1 1 
1 1 1 1 1 1 1 1 1 
1 1 1 1 1 1 1 1 1 
1 1 1 1 1 1 1 1 1 
1 1 1 1 1 1 1 1 1 
1 1 1 1 1 1 1 1 1 
1 1 1 1 1 1 1 1 1 
1 1 1 1 1 1 1 1 1 
1 1 1 1 1 1 1 1 1 
1 1 1 1 1 1 1 1 1 
1 1 1 1 1 1 1 1 1 
1 1 1 1 1 1 1 1 1 
1 1 1 1 1 1 1 1 1 
1 1 1 1 1 1 1 1 1 
1 1 1 1 1 1 1 1 1 
1 1 1 1 1 1 1 1 1 
1 1 1 1 1 1 1 1 1 
1 1 1 1 1 1 1 1 1 
1 1 1 1 1 1 1 1 1 
1 1 1 1 1 1 1 1 1 
1 1 1 1 1 1 1 1 1 
1 1 1 1 1 1 1 1 1 
1 1 1 1 1 1 1 1 1 
1 1 1 1 1 1 1 1 1 
1 1 1 1 1 1 1 1 1 
1 1 1 1 1 1 1 1 1 
1 1 1 1 1 1 1 1 1 
1 1 1 1 1 1 1 1 1 
1 1 1 1 1 1 1 1 1 
1 1 1 1 1 1 1 1 1 
1 1 1 1 1 1 1 1 1 
1 1 1 1 1 1 1 1 1 
1 1 1 1 1 1 1 1 1 
1 1 1 1 1 1 1 1 1 
1 1 1 1 1 1 1 1 1 
1 1 1 1 1 1 1 1 1 
1 1 1 1 1 1 1 1 1 
1 1 1 1 1 1 1 1 1 
1 1 1 1 1 1 1 1 1 
1 1 1 1 1 1 1 1 1 
1 1 1 1 1 1 1 1 1 
1 1 1 1 1 1 1 1 1 
1 1 1 1 1 1 1 1 1 
1 1 1 1 1 1 1 1 1 
1 1 1 1 1 1 1 1 1 
1 1 1 1 1 1 1 1 1 
1 1 1 1 1 1 1 1 1 
1 1 1 1 1 1 1 1 1 
1 1 1 1 1 1 1 1 1 
1 1 1 1 1 1 1 1 1 
1 1 1 1 1 1 1 1 1 
1 1 1 1 1 1 1 1 1 
1 1 1 1 1 1 1 1 1 
1 1 1 1 1 1 1 1 1 
1 1 1 1 1 1 1 1 1 
1 1 1 1 1 1 1 1 1 
1 1 1 1 1 1 1 1 1 
1 1 1 1 1 1 1 1 1 
1 1 1 1 1 1 1 1 1 
1 1 1 1 1 1 1 1 1 
1 1 1 1 1 1 1 1 1 
1 1 1 1 1 1 1 1 1 
1 1 1 1 1 1 1 1 1 
1 1 1 1 1 1 1 1 1 
1 1 1 1 1 1 1 1 1 
1 1 1 1 1 1 1 1 1 
1 1 1 1 1 1 1 1 1 
1 1 1 1 1 1 1 1 1 
1 1 1 1 1 1 1 1 1 
1 1 1 1 1 1 1 1 1 
1 1 1 1 1 1 1 1 1 
1 1 1 1 1 1 1 1 1 
1 1 1 1 1 1 1 1 1 
1 1 1 1 1 1 1 1 1 
1 1 1 1 1 1 1 1 1 
1 1 1 1 1 1 1 1 1 
1 1 1 1 1 1 1 1 1 
1 1 1 1 1 1 1 1 1 
1 1 1 1 1 1 1 1 1 
1 1 1 1 1 1 1 1 1 
1 1 1 1 1 1 1 1 1 
1 1 1 1 1 1 1 1 1 
1 1 1 1 1 1 1 1 1 
1 1 1 1 1 1 1 1 1 
1 1 1 1 1 1 1 1 1 
1 1 1 1 1 1 1 1 1 
1 1 1 1 1 1 1 1 1 
1 1 1 1 1 1 1 1 1 
1 1 1 1 1 1 1 1 1 
1 1 1 1 1 1 1 1 1 
1 1 1 1 1 1 1 1 1 
1 1 1 1 1 1 1 1 1 
1 1 1 1 1 1 1 1 1 
1 1 1 1 1 1 1 1 1 
1 1 1 1 1 1 1 1 1 
1 1 1 1 1 1 1 1 1 
1 1 1 1 1 1 1 1 1 
1 1 1 1 1 1 1 1 1 
1 1 1 1 1 1 1 1 1 
1 1 1 1 1 1 1 1 1 
1 1 1 1 1 1 1 1 1 
1 1 1 1 1 1 1 1 1 
1 1 1 1 1 1 1 1 1 
1 1 1 1 1 1 1 1 1 
1 1 1 1 1 1 1 1 1 
1 1 1 1 1 1 1 1 1 
1 1 1 1 1 1 1 1 1 
1 1 1 1 1 1 1 1 1 
1 1 1 1 1 1 1 1 1 
1 1 1 1 1 1 1 1 1 
1 1 1 1 1 1 1 1 1 
1 1 1 1 1 1 1 1 1 
1 1 1 1 1 1 1 1 1 
1 1 1 1 1 1 1 1 1 
1 1 1 1 1 1 1 1 1 
1 1 1 1 1 1 1 1 1 
1 1 1 1 1 1 1 1 1 
1 1 1 1 1 1 1 1 1 
1 1 1 1 1 1 1 1 1 
1 1 1 1 1 1 1 1 1 
1 1 1 1 1 1 1 1 1 
1 1 1 1 1 1 1 1 1 
1 1 1 1 1 1 1 1 1 
1 1 1 1 1 1 1 1 1 
1 1 1 1 1 1 1 1 1 
1 1 1 1 1 1 1 1 1 
1 1 1 1 1 1 1 1 1 
1 1 1 1 1 1 1 1 1 
1 1 1 1 1 1 1 1 1 
1 1 1 1 1 1 1 1 1 
1 1 1 1 1 1 1 1 1 
1 1 1 1 1 1 1 1 1 
1 1 1 1 1 1 1 1 1 
1 1 1 1 1 1 1 1 1 
1 1 1 1 1 1 1 1 1 
1 1 1 1 1 1 1 1 1 
1 1 1 1 1 1 1 1 1 
1 1 1 1 1 1 1 1 1 
1 1 1 1 1 1 1 1 1 
1 1 1 1 1 1 1 1 1 
1 1 1 1 1 1 1 1 1 
1 1 1 1 1 1 1 1 1 
1 1 1 1 1 1 1 1 1 
1 1 1 1 1 1 1 1 1 
1 1 1 1 1 1 1 1 1 
1 1 1 1 1 1 1 1 1 
1 1 1 1 1 1 1 1 1 
1 1 1 1 1 1 1 1 1 
1 1 1 1 1 1 1 1 1 
1 1 1 1 1 1 1 1 1 
1 1 1 1 1 1 1 1 1 
1 1 1 1 1 1 1 1 1 
1 1 1 1 1 1 1 1 1 
1 1 1 1 1 1 1 1 1 
1 1 1 1 1 1 1 1 1 
1 1 1 1 1 1 1 1 1 
1 1 1 1 1 1 1 1 1 
1 1 1 1 1 1 1 1 1 
1 1 1 1 1 1 1 1 1 
1 1 1 1 1 1 1 1 1 
1 1 1 1 1 1 1 1 1 
1 1 1 1 1 1 1 1 1 
1 1 1 1 1 1 1 1 1 
1 1 1 1 1 1 1 1 1 
1 1 1 1 1 1 1 1 1 
1 1 1 1 1 1 1 1 1 
1 1 1 1 1 1 1 1 1 
1 1 1 1 1 1 1 1 1 
1 1 1 1 1 1 1 1 1 
1 1 1 1 1 1 1 1 1 
1 1 1 1 1 1 1 1 1 
1 1 1 1 1 1 1 1 1 
1 1 1 1 1 1 1 1 1 
1 1 1 1 1 1 1 1 1 
1 1 1 1 1 1 1 1 1 
1 1 1 1 1 1 1 1 1 
1 1 1 1 1 1 1 1 1 
1 1 1 1 1 1 1 1 1 
1 1 1 1 1 1 1 1 1 
1 1 1 1 1 1 1 1 1 
1 1 1 1 1 1 1 1 1 
1 1 1 1 1 1 1 1 1 
1 1 1 1 1 1 1 1 1 
1 1 1 1 1 1 1 1 1 
1 1 1 1 1 1 1 1 1 
1 1 1 1 1 1 1 1 1 
1 1 1 1 1 1 1 1 1 
1 1 1 1 1 1 1 1 1 
1 1 1 1 1 1 1 1 1 
1 1 1 1 1 1 1 1 1 
1 1 1 1 1 1 1 1 1 
1 1 1 1 1 1 1 1 1 
1 1 1 1 1 1 1 1 1 
1 1 1 1 1 1 1 1 1 
1 1 1 1 1 1 1 1 1 
1 1 1 1 1 1 1 1 1 
1 1 1 1 1 1 1 1 1 
1 1 1 1 1 1 1 1 1 
1 1 1 1 1 1 1 1 1 
1 1 1 1 1 1 1 1 1 
1 1 1 1 1 1 1 1 1 
1 1 1 1 1 1 1 1 1 
1 1 1 1 1 1 1 1 1 
1 1 1 1 1 1 1 1 1 
1 1 1 1 1 1 1 1 1 
1 1 1 1 1 1 1 1 1 
1 1 1 1 1 1 1 1 1 
1 1 1 1 1 1 1 1 1 
1 1 1 1 1 1 1 1 1 
1 1 1 1 1 1 1 1 1 
1 1 1 1 1 1 1 1 1 
1 1 1 1 1 1 1 1 1 
1 1 1 1 1 1 1 1 1 
1 1 1 1 1 1 1 1 1 
1 1 1 1 1 1 1 1 1 
1 1 1 1 1 1 1 1 1 
1 1 1 1 1 1 1 1 1 
1 1 1 1 1 1 1 1 1 
1 1 1 1 1 1 1 1 1 
1 1 1 1 1 1 1 1 1 
1 1 1 1 1 1 1 1 1 
1 1 1 1 1 1 1 1 1 
1 1 1 1 1 1 1 1 1 
1 1 1 1 1 1 1 1 1 
1 1 1 1 1 1 1 1 1 
1 1 1 1 1 1 1 1 1 
1 1 1 1 1 1 1 1 1 
1 1 1 1 1 1 1 1 1 
1 1 1 1 1 1 1 1 1 
1 1 1 1 1 1 1 1 1 
1 1 1 1 1 1 1 1 1 
1 1 1 1 1 1 1 1 1 
1 1 1 1 1 1 1 1 1 
1 1 
