# vtk DataFile Version 5.1
vtk output
ASCII
DATASET POLYDATA
POINTS 4048 float
0.428314 -0.0125413 0.617673 0.428655 -0.00640698 0.597507 0.411811 -0.0165054 0.605169 
0.441048 -0.0222048 0.603929 0.306916 -0.0156398 0.636717 0.307256 -0.00950552 0.616551 
0.290412 -0.0196039 0.624214 0.319649 -0.0253034 0.622974 0.424204 -0.0323033 0.611592 
0.214754 -0.0244378 0.654522 0.215095 -0.0183035 0.634356 0.198251 -0.0284019 0.642018 
0.243991 -0.0301372 0.653282 0.244332 -0.0240029 0.633116 0.273228 -0.0358367 0.652042 
0.273569 -0.0297024 0.631876 0.302465 -0.0415361 0.650802 0.315198 -0.0511997 0.637059 
0.151829 -0.0389352 0.671087 0.15217 -0.0328009 0.650921 0.135326 -0.0428993 0.658583 
0.181066 -0.0446346 0.669847 0.181407 -0.0385003 0.649681 0.210303 -0.0503341 0.668607 
0.23954 -0.0560335 0.667367 0.268777 -0.0617329 0.666127 0.281511 -0.0713965 0.652384 
0.298355 -0.0612981 0.644721 0.0889048 -0.0534326 0.687651 0.0892454 -0.0472983 0.667486 
0.0724015 -0.0573967 0.675148 0.118142 -0.059132 0.686411 0.118482 -0.0529978 0.666246 
0.147379 -0.0648315 0.685172 0.176615 -0.0705309 0.683932 0.189349 -0.0801945 0.670188 
0.206193 -0.0700961 0.662526 0.23543 -0.0757955 0.661286 0.264667 -0.0814949 0.660046 
0.055217 -0.0736294 0.702976 0.0555576 -0.0674952 0.68281 0.0387137 -0.0775936 0.690473 
0.0847945 -0.0731946 0.68157 0.0679506 -0.083293 0.689233 0.114031 -0.078894 0.680331 
0.143268 -0.0845935 0.679091 0.172505 -0.0902929 0.677851 0.0511067 -0.0933915 0.696895 
0.433446 0.0256236 0.563256 0.433787 0.0317579 0.54309 0.416943 0.0216594 0.550753 
0.44618 0.01596 0.549513 0.399759 0.00542674 0.578581 0.400099 0.011561 0.558415 
0.383255 0.00146259 0.566077 0.428995 -0.000272702 0.577341 0.441729 -0.00993629 0.563598 
0.27836 0.0023282 0.597625 0.278701 0.00846248 0.57746 0.261857 -0.00163594 0.585122 
0.307597 -0.00337123 0.596385 0.307938 0.00276305 0.57622 0.336834 -0.00907067 0.595146 
0.337175 -0.00293639 0.57498 0.366071 -0.0147701 0.593906 0.366411 -0.00863583 0.57374 
0.395308 -0.0204696 0.592666 0.437278 -0.0358326 0.577683 0.156962 -0.000770325 0.61667 
0.157302 0.00536396 0.596504 0.140458 -0.00473447 0.604166 0.186199 -0.00646976 0.61543 
0.186539 -0.000335483 0.595264 0.215435 -0.0121692 0.61419 0.215776 -0.00603492 0.594024 
0.244672 -0.0178686 0.61295 0.245013 -0.0117344 0.592784 0.273909 -0.0235681 0.61171 
0.332383 -0.034967 0.609231 0.36162 -0.0406664 0.607991 0.390857 -0.0463658 0.606751 
0.420094 -0.0520653 0.605511 0.432827 -0.0617289 0.591768 0.0648001 -0.00956831 0.634474 
0.0651407 -0.00343403 0.614309 0.0482968 -0.0135325 0.621971 0.094037 -0.0152677 0.633235 
0.0943776 -0.00913347 0.613069 0.123274 -0.0209672 0.631995 0.123615 -0.0148329 0.611829 
0.152511 -0.0266666 0.630755 0.181748 -0.0323661 0.629515 0.327932 -0.0608633 0.623316 
0.357169 -0.0665627 0.622076 0.386406 -0.0722621 0.620836 0.399139 -0.0819257 0.607093 
0.415983 -0.0718273 0.59943 0.0311123 -0.0297652 0.649799 0.0314529 -0.0236309 0.629633 
0.014609 -0.0337293 0.637296 0.0603492 -0.0354646 0.64856 0.089586 -0.041164 0.64732 
0.118823 -0.0468635 0.64608 0.294244 -0.0810601 0.638641 0.306978 -0.0907237 0.624897 
0.323822 -0.0806253 0.617235 0.353059 -0.0863247 0.615995 0.382296 -0.0920241 0.614755 
-0.0902862 -0.0328637 0.668844 -0.0899455 -0.0267294 0.648678 -0.106789 -0.0368278 0.65634 
-0.0610493 -0.0385631 0.667604 -0.0607086 -0.0324288 0.647438 -0.0318124 -0.0442626 0.666364 
-0.0314718 -0.0381283 0.646198 -0.00257551 -0.049962 0.665124 -0.00223488 -0.0438277 0.644958 
0.0266614 -0.0556614 0.663884 0.0558983 -0.0613609 0.662645 0.202083 -0.0898581 0.656445 
0.214816 -0.0995217 0.642702 0.23166 -0.0894232 0.635039 0.260897 -0.0951227 0.6338 
0.290134 -0.100822 0.63256 -0.0947371 -0.05876 0.682929 -0.11124 -0.0627241 0.670425 
-0.0655002 -0.0644594 0.681689 -0.0362633 -0.0701588 0.680449 -0.00702642 -0.0758583 0.679209 
0.0222105 -0.0815577 0.677969 0.0806842 -0.0929566 0.67549 0.109921 -0.098656 0.67425 
0.122655 -0.10832 0.660507 0.139499 -0.0982212 0.652844 0.168736 -0.103921 0.651604 
0.197972 -0.10962 0.650364 -0.0988474 -0.078522 0.676848 -0.0864544 -0.0943198 0.683271 
-0.0699511 -0.0903557 0.695774 -0.0407142 -0.0960551 0.694534 -0.0114773 -0.101755 0.693294 
0.0177596 -0.107454 0.692054 0.0469964 -0.113153 0.690815 0.0597301 -0.122817 0.677071 
0.076574 -0.112719 0.669409 0.105811 -0.118418 0.668169 -0.0740614 -0.110118 0.689693 
-0.0448245 -0.115817 0.688453 -0.0324315 -0.131615 0.694876 -0.0159282 -0.127651 0.707379 
-0.00319463 -0.137314 0.693636 0.0136493 -0.127216 0.685974 0.0428862 -0.132915 0.684734 
-0.0200385 -0.147413 0.701298 0.380105 0.0751873 0.511319 0.380445 0.0813216 0.491153 
0.363602 0.0712232 0.498815 0.409342 0.0694879 0.510079 0.409682 0.0756222 0.489913 
0.422075 0.0598243 0.496336 0.346417 0.0549905 0.526644 0.346758 0.0611247 0.506478 
0.329914 0.0510263 0.51414 0.375654 0.049291 0.525404 0.404891 0.0435916 0.524164 
0.434468 0.0440264 0.502758 0.434128 0.0378922 0.522924 0.446861 0.0282286 0.509181 
0.312729 0.0347936 0.541969 0.31307 0.0409279 0.521803 0.296226 0.0308295 0.529465 
0.341966 0.0290942 0.540729 0.371203 0.0233947 0.539489 0.40044 0.0176953 0.538249 
0.44241 0.00233228 0.523266 0.10362 0.0487934 0.564733 0.103961 0.0549277 0.544567 
0.0871168 0.0448293 0.552229 0.132857 0.043094 0.563493 0.133198 0.0492283 0.543327 
0.162094 0.0373945 0.562253 0.162434 0.0435288 0.542087 0.191331 0.0316951 0.561013 
0.191671 0.0378294 0.540847 0.220568 0.0259956 0.559773 0.220908 0.0321299 0.539607 
0.249804 0.0202962 0.558533 0.250145 0.0264305 0.538368 0.279041 0.0145968 0.557294 
0.279382 0.020731 0.537128 0.308278 0.00889733 0.556054 0.337515 0.00319789 0.554814 
0.366752 -0.00250155 0.553574 0.437959 -0.023564 0.537351 0.0114585 0.0399954 0.582537 
0.0117991 0.0461297 0.562371 -0.00504478 0.0360313 0.570034 0.0406954 0.034296 0.581298 
0.041036 0.0404303 0.561132 0.0699323 0.0285966 0.580058 0.0702729 0.0347308 0.559892 
0.0991691 0.0228971 0.578818 0.128406 0.0171977 0.577578 0.157643 0.0114982 0.576338 
0.18688 0.0057988 0.575098 0.216117 9.93582e-05 0.573858 0.245354 -0.00560008 0.572619 
0.433509 -0.0494603 0.551436 -0.226888 0.0596947 0.606541 -0.226547 0.0658289 0.586376 
-0.243391 0.0557305 0.594038 -0.197651 0.0539952 0.605301 -0.19731 0.0601295 0.585136 
-0.168414 0.0482958 0.604062 -0.168073 0.0544301 0.583896 -0.139177 0.0425963 0.602822 
-0.138836 0.0487306 0.582656 -0.10994 0.0368969 0.601582 -0.109599 0.0430312 0.581416 
-0.0807031 0.0311975 0.600342 -0.0803625 0.0373317 0.580176 -0.0514662 0.025498 0.599102 
-0.0511256 0.0316323 0.578936 -0.0222293 0.0197986 0.597862 -0.0218887 0.0259329 0.577696 
0.00700758 0.0140991 0.596622 0.0362445 0.00839971 0.595383 0.0654814 0.00270027 0.594143 
0.0947182 -0.00299917 0.592903 0.123955 -0.00869861 0.591663 0.429058 -0.0753566 0.565521 
-0.231338 0.0337984 0.620626 -0.247842 0.0298342 0.608123 -0.202102 0.0280989 0.619387 
-0.172865 0.0223995 0.618147 -0.143628 0.0167 0.616907 -0.114391 0.0110006 0.615667 
-0.085154 0.00530116 0.614427 -0.0559171 -0.00039828 0.613187 -0.0266802 -0.00609772 0.611947 
0.00255666 -0.0117972 0.610708 0.0317936 -0.0174966 0.609468 0.39537 -0.0955535 0.580846 
0.412214 -0.085455 0.573184 -0.235789 0.00790207 0.634711 -0.252293 0.00393792 0.622208 
-0.206552 0.00220263 0.633472 -0.177316 -0.00349681 0.632232 -0.148079 -0.00919625 0.630992 
-0.118842 -0.0148957 0.629752 -0.0896049 -0.0205951 0.628512 -0.060368 -0.0262946 0.627272 
-0.0311311 -0.031994 0.626032 -0.00189424 -0.0376934 0.624793 0.319711 -0.100387 0.611154 
0.348948 -0.106087 0.609914 0.361682 -0.11575 0.596171 0.378526 -0.105652 0.588508 
-0.2399 -0.0118599 0.628631 -0.210663 -0.0175594 0.627391 -0.19827 -0.0333572 0.633813 
-0.181766 -0.0293931 0.646317 -0.15253 -0.0350925 0.645077 -0.123293 -0.040792 0.643837 
0.22755 -0.109185 0.628959 0.240284 -0.118849 0.615215 0.257127 -0.10875 0.607553 
0.286364 -0.11445 0.606313 0.315601 -0.120149 0.605073 0.344838 -0.125849 0.603833 
-0.185877 -0.0491551 0.640236 -0.15664 -0.0548545 0.638996 -0.144247 -0.0706524 0.645419 
-0.127744 -0.0666883 0.657922 0.118885 -0.121947 0.63426 0.135729 -0.111849 0.626597 
0.164966 -0.117548 0.625357 0.194203 -0.123248 0.624118 0.22344 -0.128947 0.622878 
-0.131854 -0.0864503 0.651841 -0.102617 -0.0921497 0.650601 -0.090224 -0.107948 0.657024 
0.0559604 -0.136445 0.650825 0.0728043 -0.126346 0.643162 0.102041 -0.132046 0.641922 
-0.077831 -0.123745 0.663446 -0.0485941 -0.129445 0.662207 -0.0362012 -0.145243 0.668629 
-0.00696427 -0.150942 0.667389 0.00987963 -0.140844 0.659727 0.0391165 -0.146543 0.658487 
-0.0238082 -0.161041 0.675052 0.356 0.119052 0.458142 0.356341 0.125186 0.437976 
0.339497 0.115087 0.445639 0.368734 0.109388 0.444399 0.322312 0.0988548 0.473467 
0.322653 0.104989 0.453301 0.305809 0.0948906 0.460963 0.351549 0.0931553 0.472227 
0.381127 0.0935902 0.450821 0.380786 0.0874559 0.470987 0.39352 0.0777923 0.457244 
0.288624 0.0786579 0.488792 0.288965 0.0847922 0.468626 0.272121 0.0746938 0.476288 
0.317861 0.0729585 0.487552 0.347098 0.067259 0.486312 0.405913 0.0619944 0.463666 
0.418306 0.0461966 0.470089 0.254937 0.0584611 0.504117 0.255277 0.0645953 0.483951 
0.238433 0.0544969 0.491613 0.284174 0.0527616 0.502877 0.31341 0.0470622 0.501637 
0.430699 0.0303987 0.476512 0.443092 0.0146008 0.482934 -0.246541 0.129455 0.539279 
-0.246201 0.13559 0.519114 -0.263045 0.125491 0.526776 -0.217304 0.123756 0.53804 
-0.216964 0.12989 0.517874 -0.188068 0.118056 0.5368 -0.187727 0.124191 0.516634 
-0.158831 0.112357 0.53556 -0.15849 0.118491 0.515394 -0.146097 0.102693 0.521816 
0.104301 0.061062 0.524401 0.104642 0.0671962 0.504235 0.0877981 0.0570978 0.511898 
0.133538 0.0553625 0.523161 0.133879 0.0614968 0.502995 0.162775 0.0496631 0.521921 
0.163116 0.0557974 0.501755 0.192012 0.0439636 0.520681 0.192353 0.0500979 0.500516 
0.221249 0.0382642 0.519442 0.221589 0.0443985 0.499276 0.250486 0.0325648 0.518202 
0.279723 0.0268653 0.516962 0.438641 -0.0112954 0.497019 -0.250992 0.103559 0.553364 
-0.267495 0.0995948 0.540861 -0.221755 0.0978595 0.552125 -0.192518 0.0921601 0.550885 
-0.163282 0.0864606 0.549645 -0.133704 0.0868955 0.528239 -0.134045 0.0807612 0.548405 
-0.104808 0.0750617 0.547165 -0.104467 0.081196 0.526999 -0.0755709 0.0693623 0.545925 
-0.0752303 0.0754966 0.525759 -0.046334 0.0636629 0.544685 -0.0459934 0.0697972 0.52452 
-0.0170971 0.0579634 0.543446 -0.0167565 0.0640977 0.52328 0.0121398 0.052264 0.542206 
0.0124804 0.0583983 0.52204 0.0413766 0.0465646 0.540966 0.0417173 0.0526988 0.5208 
0.0706135 0.0408651 0.539726 0.0709542 0.0469994 0.51956 0.43419 -0.0371917 0.511104 
-0.255443 0.0776627 0.567449 -0.271946 0.0736985 0.554946 -0.226206 0.0719632 0.56621 
-0.196969 0.0662638 0.56497 -0.167732 0.0605643 0.56373 -0.138496 0.0548649 0.56249 
-0.109259 0.0491655 0.56125 -0.0800218 0.043466 0.56001 -0.0507849 0.0377666 0.55877 
-0.021548 0.0320671 0.557531 0.429739 -0.063088 0.525189 -0.259894 0.0517664 0.581534 
-0.276397 0.0478022 0.569031 0.425288 -0.0889843 0.539274 -0.264345 0.0258701 0.59562 
-0.280848 0.0219059 0.583116 0.3916 -0.109181 0.554599 0.408444 -0.0990827 0.546937 
-0.268796 -2.62199e-05 0.609705 -0.285299 -0.00399036 0.597201 0.345179 -0.119714 0.583667 
0.328675 -0.123679 0.571164 0.345519 -0.11358 0.563502 0.374756 -0.11928 0.562262 
-0.272906 -0.0197882 0.603624 -0.243669 -0.0254877 0.602384 -0.214432 -0.0311871 0.601144 
-0.202039 -0.046985 0.607567 0.236514 -0.132477 0.588969 0.253358 -0.122378 0.581306 
0.282595 -0.128078 0.580066 0.311832 -0.133777 0.578826 -0.189646 -0.0627828 0.613989 
-0.16041 -0.0684823 0.612749 -0.148017 -0.0842801 0.619172 0.115115 -0.135575 0.608013 
0.131959 -0.125477 0.600351 0.161196 -0.131176 0.599111 0.190433 -0.136876 0.597871 
0.21967 -0.142575 0.596631 -0.135624 -0.100078 0.625594 -0.106727 -0.111912 0.64452 
-0.123231 -0.115876 0.632017 0.0521908 -0.150072 0.624578 0.0690347 -0.139974 0.616915 
0.0982715 -0.145673 0.615676 -0.110838 -0.131674 0.63844 -0.0816007 -0.137373 0.6372 
-0.0523638 -0.143073 0.63596 -0.0231269 -0.148772 0.63472 -0.0234675 -0.154906 0.654886 
0.00610998 -0.154471 0.63348 0.0353469 -0.160171 0.63224 0.327444 0.13702 0.41905 
0.327785 0.143154 0.398884 0.310941 0.133055 0.406547 0.340178 0.127356 0.405307 
0.293757 0.116823 0.434375 0.294097 0.122957 0.414209 0.277253 0.112859 0.421872 
0.322994 0.111123 0.433135 0.352571 0.111558 0.411729 0.364964 0.0957603 0.418152 
0.260069 0.0966259 0.4497 0.260409 0.10276 0.429534 0.243566 0.0926618 0.437196 
0.289306 0.0909265 0.44846 0.377357 0.0799624 0.424575 0.38975 0.0641646 0.430997 
-0.212172 0.161921 0.483623 -0.211832 0.168055 0.463457 -0.228676 0.157956 0.471119 
-0.182935 0.156221 0.482383 -0.182595 0.162355 0.462217 -0.153698 0.150522 0.481143 
-0.153358 0.156656 0.460977 -0.124462 0.144822 0.479903 -0.124121 0.150957 0.459737 
-0.111728 0.135159 0.46616 0.226381 0.0764291 0.465025 0.226722 0.0825634 0.444859 
0.209878 0.0724649 0.452521 0.255618 0.0707296 0.463785 0.402143 0.0483667 0.43742 
0.414536 0.0325688 0.443842 -0.24586 0.141724 0.498948 -0.245519 0.147858 0.478782 
-0.262363 0.13776 0.486444 -0.216623 0.136024 0.497708 -0.187386 0.130325 0.496468 
-0.158149 0.124625 0.495228 -0.128913 0.118926 0.493988 -0.099335 0.119361 0.472582 
-0.0996756 0.113227 0.492748 -0.0704387 0.107527 0.491508 -0.0700981 0.113661 0.471343 
-0.0412018 0.101828 0.490269 -0.0408612 0.107962 0.470103 -0.0284682 0.0921641 0.476525 
0.192693 0.0562322 0.48035 0.193034 0.0623665 0.460184 0.17619 0.0522681 0.467846 
0.22193 0.0505328 0.47911 0.426929 0.016771 0.450265 0.439322 0.000973113 0.456687 
-0.279548 0.121527 0.514273 -0.279207 0.127661 0.494107 -0.296051 0.117563 0.501769 
-0.133363 0.0930298 0.508073 -0.104127 0.0873303 0.506833 -0.0748896 0.0816309 0.505593 
-0.0456528 0.0759314 0.504354 -0.0160752 0.0763663 0.482948 -0.0164159 0.070232 0.503114 
0.012821 0.0645326 0.501874 0.0131616 0.0706668 0.481708 0.0420579 0.0588331 0.500634 
0.0423985 0.0649674 0.480468 0.0712948 0.0531337 0.499394 0.0716354 0.0592679 0.479228 
0.100872 0.0535685 0.477988 0.130109 0.0478691 0.476749 0.159346 0.0421696 0.475509 
0.434871 -0.0249232 0.470773 -0.283658 0.101765 0.508192 -0.271265 0.0859671 0.514614 
0.43042 -0.0508195 0.484858 -0.275716 0.0600708 0.528699 0.425969 -0.0767158 0.498943 
-0.280167 0.0341745 0.542784 0.408785 -0.0929485 0.526771 0.392281 -0.0969126 0.514267 
0.409125 -0.0868142 0.506605 -0.297352 0.0179418 0.570613 -0.297011 0.0240761 0.550447 
-0.313855 0.0139776 0.558109 0.375097 -0.113145 0.542096 0.358594 -0.117109 0.529592 
0.375437 -0.107011 0.52193 -0.331039 -0.00225507 0.585938 -0.330699 0.00387921 0.565772 
-0.347543 -0.00621921 0.573434 -0.301802 -0.0079545 0.584698 0.324906 -0.137306 0.544917 
0.34175 -0.127208 0.537255 -0.33515 -0.0220171 0.579857 -0.305913 -0.0277165 0.578617 
-0.276676 -0.033416 0.577377 -0.247439 -0.0391154 0.576137 -0.218202 -0.0448148 0.574897 
-0.205809 -0.0606127 0.58132 0.220011 -0.136441 0.576465 0.203507 -0.140405 0.563962 
0.220351 -0.130306 0.556299 0.249588 -0.136006 0.555059 0.278825 -0.141705 0.55382 
0.308062 -0.147405 0.55258 -0.193416 -0.0764106 0.587742 -0.16452 -0.0882443 0.606668 
-0.181023 -0.0922084 0.594165 0.111346 -0.149203 0.581766 0.12819 -0.139104 0.574104 
0.157427 -0.144804 0.572864 0.186663 -0.150503 0.571624 -0.16863 -0.108006 0.600588 
-0.139393 -0.113706 0.599348 -0.127 -0.129504 0.60577 0.0356875 -0.154037 0.612074 
0.0191842 -0.158001 0.599571 0.0360281 -0.147902 0.591909 0.065265 -0.153602 0.590669 
0.0945019 -0.159301 0.589429 -0.114607 -0.145301 0.612193 -0.0853703 -0.151001 0.610953 
-0.0561334 -0.1567 0.609713 -0.0268966 -0.1624 0.608473 0.00234033 -0.168099 0.607233 
0.332577 0.175184 0.364633 0.332917 0.181319 0.344467 0.316073 0.17122 0.35213 
0.34531 0.165521 0.35089 0.298889 0.154988 0.379958 0.299229 0.161122 0.359792 
0.282386 0.151023 0.367455 0.328126 0.149288 0.378718 0.340859 0.139625 0.364975 
0.294438 0.129091 0.394043 0.277935 0.125127 0.38154 0.336408 0.113728 0.37906 
0.26075 0.108894 0.409368 0.261091 0.115029 0.389202 0.244247 0.10493 0.396865 
0.348801 0.0979304 0.385483 0.361194 0.0821326 0.391905 -0.211491 0.174189 0.443291 
-0.21115 0.180323 0.423125 -0.227994 0.170225 0.430788 -0.182254 0.16849 0.442051 
-0.181913 0.174624 0.421885 -0.153017 0.16279 0.440811 -0.152677 0.168925 0.420645 
-0.12378 0.157091 0.439571 -0.12344 0.163225 0.419406 -0.0945434 0.151391 0.438332 
-0.0942028 0.157526 0.418166 -0.0818098 0.141728 0.424588 0.227062 0.0886976 0.424693 
0.227403 0.0948319 0.404527 0.210559 0.0847335 0.41219 0.373587 0.0663347 0.398328 
0.38598 0.0505368 0.40475 -0.245179 0.153992 0.458616 -0.244838 0.160127 0.43845 
-0.261682 0.150028 0.446112 -0.0989944 0.125495 0.452417 -0.0694168 0.12593 0.431011 
-0.0697575 0.119796 0.451177 -0.0405206 0.114096 0.449937 -0.04018 0.120231 0.429771 
-0.027787 0.104433 0.436194 0.193374 0.0685008 0.440018 0.193715 0.0746351 0.419852 
0.176871 0.0645366 0.427515 0.398373 0.034739 0.411173 0.410766 0.0189411 0.417596 
-0.278867 0.133795 0.473941 -0.278526 0.13993 0.453775 -0.29537 0.129831 0.461437 
-0.0157346 0.0825006 0.462782 -0.015394 0.0886348 0.442616 0.0135023 0.0768011 0.461542 
0.0138429 0.0829354 0.441376 0.0427392 0.0711017 0.460302 0.0430798 0.077236 0.440136 
0.0719761 0.0654022 0.459062 0.0723167 0.0715365 0.438897 0.101213 0.0597028 0.457823 
0.101554 0.0658371 0.437657 0.13045 0.0540034 0.456583 0.13079 0.0601376 0.436417 
0.159687 0.0483039 0.455343 0.160027 0.0544382 0.435177 0.422819 -0.00299103 0.444184 
0.406315 -0.00695517 0.431681 -0.312554 0.113599 0.489266 -0.312214 0.119733 0.4691 
-0.329058 0.109635 0.476762 0.418368 -0.0288873 0.458269 0.401864 -0.0328515 0.445766 
-0.316665 0.0938366 0.483185 -0.287768 0.0820029 0.502111 -0.304272 0.0780388 0.489607 
0.413917 -0.0547836 0.472354 0.397414 -0.0587477 0.459851 -0.292219 0.0561067 0.516196 
-0.308723 0.0521425 0.503692 0.409466 -0.0806799 0.486439 0.392963 -0.084644 0.473936 
-0.29667 0.0302104 0.530281 -0.313173 0.0262462 0.517777 0.375778 -0.100877 0.501764 
0.359275 -0.104841 0.489261 0.376119 -0.0947425 0.481598 -0.359595 0.0157129 0.546846 
-0.359254 0.0218472 0.52668 -0.376098 0.0117488 0.534342 -0.330358 0.0100135 0.545606 
-0.330017 0.0161478 0.52544 0.354824 -0.130737 0.503346 -0.363705 -0.00404907 0.540765 
-0.334468 -0.00974851 0.539525 -0.334809 -0.0158828 0.559691 -0.322075 -0.0255464 0.545948 
0.308403 -0.14127 0.532414 0.291899 -0.145235 0.51991 0.308743 -0.135136 0.512248 
0.33798 -0.140836 0.511008 -0.309682 -0.0413442 0.55237 -0.280445 -0.0470437 0.55113 
-0.251209 -0.0527431 0.54989 -0.221972 -0.0584426 0.548651 -0.209579 -0.0742404 0.555073 
0.199738 -0.154033 0.537715 0.216582 -0.143934 0.530053 0.245819 -0.149634 0.528813 
0.275055 -0.155333 0.527573 -0.197186 -0.0900383 0.561496 -0.167949 -0.0957377 0.560256 
-0.168289 -0.101872 0.580422 -0.155556 -0.111536 0.566678 0.107576 -0.162831 0.55552 
0.12442 -0.152732 0.547857 0.153657 -0.158432 0.546617 0.182894 -0.164131 0.545377 
-0.143163 -0.127333 0.573101 -0.113926 -0.133033 0.571861 -0.114267 -0.139167 0.592027 
-0.101533 -0.148831 0.578284 0.0154146 -0.171629 0.573324 0.0322585 -0.16153 0.565662 
0.0614954 -0.16723 0.564422 0.0907322 -0.172929 0.563182 -0.08914 -0.164629 0.584706 
-0.0599031 -0.170328 0.583466 -0.0306662 -0.176027 0.582226 -0.00142932 -0.181727 0.580987 
0.274784 0.198852 0.326781 0.275125 0.204986 0.306615 0.258281 0.194888 0.314278 
0.287518 0.189188 0.313038 0.270333 0.172956 0.340866 0.25383 0.168991 0.328363 
0.299911 0.17339 0.319461 0.29957 0.167256 0.339626 0.329148 0.167691 0.318221 
0.341541 0.151893 0.324643 0.265882 0.147059 0.354951 0.249379 0.143095 0.342448 
0.353934 0.136095 0.331066 0.353593 0.129961 0.351232 0.366327 0.120297 0.337488 
0.261431 0.121163 0.369036 0.244928 0.117199 0.356533 0.349142 0.104065 0.365317 
0.361876 0.0944011 0.351573 -0.181573 0.180758 0.401719 -0.181232 0.186893 0.381554 
-0.198076 0.176794 0.389216 -0.152336 0.175059 0.40048 -0.151995 0.181193 0.380314 
-0.123099 0.169359 0.39924 -0.122758 0.175494 0.379074 -0.110365 0.159696 0.385496 
0.227744 0.100966 0.384361 0.228084 0.1071 0.364195 0.21124 0.097002 0.371858 
0.357425 0.0685049 0.365659 -0.244498 0.166261 0.418284 -0.244157 0.172395 0.398118 
-0.261001 0.162297 0.405781 -0.21492 0.166696 0.396878 -0.0979725 0.143898 0.391919 
-0.0690762 0.132064 0.410845 -0.0687356 0.138199 0.390679 -0.0398393 0.126365 0.409605 
-0.0394987 0.132499 0.389439 -0.0271057 0.116701 0.395862 0.194056 0.0807693 0.399686 
0.194396 0.0869036 0.37952 0.177552 0.0768052 0.387183 0.369818 0.052707 0.372081 
0.382211 0.0369091 0.378504 -0.278185 0.146064 0.433609 -0.277845 0.152198 0.413443 
-0.294689 0.1421 0.421106 -0.0150533 0.0947691 0.42245 -0.0147127 0.100903 0.402284 
-0.00231973 0.0851055 0.408707 0.0434204 0.0833703 0.419971 0.0437611 0.0895045 0.399805 
0.0269172 0.0794061 0.407467 0.0726573 0.0776708 0.418731 0.0729979 0.0838051 0.398565 
0.101894 0.0719714 0.417491 0.102235 0.0781056 0.397325 0.131131 0.0662719 0.416251 
0.131472 0.0724062 0.396085 0.160368 0.0605725 0.415011 0.160709 0.0667068 0.394845 
0.394604 0.0211113 0.384926 0.406997 0.00531339 0.391349 -0.311873 0.125867 0.448934 
-0.311532 0.132001 0.428768 -0.328376 0.121903 0.43643 0.0100733 0.0693077 0.41513 
0.402546 -0.0205829 0.405434 -0.345561 0.10567 0.464259 -0.34522 0.111805 0.444093 
-0.362064 0.101706 0.451755 0.398095 -0.0464792 0.419519 -0.349671 0.0859084 0.458178 
-0.320775 0.0740747 0.477104 -0.337278 0.0701105 0.464601 0.393644 -0.0723755 0.433604 
-0.354463 0.0538778 0.492429 -0.354122 0.0600121 0.472263 -0.370966 0.0499137 0.479925 
-0.325226 0.0481784 0.491189 0.376459 -0.0886082 0.461432 0.359956 -0.0925723 0.448929 
0.3768 -0.0824739 0.441266 -0.358914 0.0279815 0.506514 -0.375417 0.0240174 0.49401 
-0.329677 0.0222821 0.505274 0.342772 -0.108805 0.476757 0.326268 -0.112769 0.464254 
0.343112 -0.102671 0.456591 -0.379868 -0.00187893 0.508096 0.338321 -0.134701 0.490842 
0.321817 -0.138665 0.478339 -0.367475 -0.0176768 0.514518 -0.338238 -0.0233762 0.513278 
-0.309001 -0.0290757 0.512038 -0.309342 -0.03521 0.532204 -0.296608 -0.0448735 0.518461 
0.275396 -0.149199 0.507407 0.258893 -0.153163 0.494903 0.275737 -0.143064 0.487241 
0.304974 -0.148764 0.486001 -0.284215 -0.0606714 0.524884 -0.254978 -0.0663708 0.523644 
-0.225741 -0.0720703 0.522404 -0.213348 -0.0878681 0.528826 0.183234 -0.157997 0.525212 
0.166731 -0.161961 0.512708 0.183575 -0.151862 0.505046 0.212812 -0.157562 0.503806 
0.242049 -0.163261 0.502566 -0.200955 -0.103666 0.535249 -0.171718 -0.109365 0.534009 
-0.159325 -0.125163 0.540432 0.0910729 -0.166795 0.543016 0.0745696 -0.170759 0.530513 
0.0914135 -0.16066 0.52285 0.12065 -0.16636 0.52161 0.149887 -0.172059 0.520371 
-0.146932 -0.140961 0.546854 -0.117696 -0.146661 0.545614 -0.105303 -0.162458 0.552037 
-0.00108869 -0.175593 0.560821 -0.017592 -0.179557 0.548317 -0.00074806 -0.169458 0.540655 
0.0284888 -0.175158 0.539415 0.0577257 -0.180857 0.538175 -0.0929096 -0.178256 0.558459 
-0.0636727 -0.183956 0.55722 -0.0344359 -0.189655 0.55598 0.241778 0.190924 0.301774 
0.242118 0.197058 0.281609 0.225274 0.186959 0.289271 0.271014 0.185224 0.300535 
0.254511 0.18126 0.288031 0.237327 0.165027 0.315859 0.220823 0.161063 0.303356 
0.266904 0.165462 0.294454 0.296141 0.159763 0.293214 0.325037 0.147929 0.31214 
0.308534 0.143965 0.299636 0.232876 0.139131 0.329944 0.216372 0.135167 0.317441 
0.320927 0.128167 0.306059 0.349823 0.116333 0.324985 0.33332 0.112369 0.312482 
-0.151655 0.187327 0.360148 -0.151314 0.193462 0.339982 -0.168158 0.183363 0.347644 
-0.122418 0.181628 0.358908 -0.122077 0.187762 0.338742 -0.109684 0.171964 0.345165 
0.228425 0.113235 0.34403 0.211922 0.109271 0.331526 0.345713 0.0965713 0.318904 
0.358106 0.0807734 0.325327 -0.214579 0.17283 0.376713 -0.214239 0.178964 0.356547 
-0.231083 0.168866 0.364209 -0.185002 0.173265 0.355307 -0.0976318 0.150032 0.371753 
-0.0972912 0.156167 0.351587 -0.0848982 0.140369 0.35801 0.194737 0.0930379 0.359354 
0.195078 0.0991722 0.339189 0.178234 0.0890738 0.346851 0.353655 0.0548771 0.339412 
-0.247927 0.158767 0.371872 -0.26477 0.148669 0.379534 -0.0725052 0.124571 0.364432 
-0.0432683 0.118871 0.363193 -0.0308753 0.103074 0.369615 0.131812 0.0785405 0.375919 
0.132153 0.0846748 0.355753 0.115309 0.0745764 0.363416 0.161049 0.072841 0.374679 
0.16139 0.0789753 0.354513 0.366048 0.0390793 0.345834 0.378441 0.0232814 0.352257 
-0.311192 0.138136 0.408602 -0.310851 0.14427 0.388436 -0.327695 0.134172 0.396099 
-0.281614 0.138571 0.387196 -0.0184824 0.0872757 0.376038 -0.00608938 0.0714778 0.38246 
0.0396508 0.0697425 0.393724 0.0688877 0.0640431 0.392484 0.0816213 0.0543795 0.378741 
0.0984652 0.0644779 0.371078 0.390834 0.00748353 0.35868 0.403227 -0.00831433 0.365102 
-0.34488 0.117939 0.423927 -0.344539 0.124073 0.403761 -0.361383 0.113975 0.411424 
0.00630361 0.05568 0.388883 0.0355405 0.0499805 0.387643 0.0647774 0.0442811 0.386403 
0.398776 -0.0342106 0.379187 -0.365834 0.0880785 0.425509 0.381592 -0.0504433 0.407015 
0.365088 -0.0544075 0.394512 0.381932 -0.044309 0.38685 -0.353782 0.0661464 0.452097 
-0.370285 0.0621822 0.439594 0.377141 -0.0763396 0.4211 0.360637 -0.0803038 0.408597 
-0.374736 0.0362859 0.453679 0.356187 -0.1062 0.422682 -0.379187 0.0103896 0.467764 
0.322499 -0.126397 0.438007 0.339343 -0.116298 0.430345 -0.366794 -0.00540824 0.474186 
-0.367134 -0.0115425 0.494352 -0.354401 -0.0212061 0.480609 0.305314 -0.14263 0.465835 
0.288811 -0.146594 0.453332 0.305655 -0.136495 0.445669 -0.342008 -0.037004 0.487031 
-0.312771 -0.0427034 0.485792 -0.300378 -0.0585013 0.492214 0.242389 -0.157127 0.4824 
0.225886 -0.161091 0.469897 0.24273 -0.150993 0.462234 0.271967 -0.156692 0.460994 
-0.287985 -0.0742991 0.498637 -0.258748 -0.0799986 0.497397 -0.229511 -0.085698 0.496157 
-0.217118 -0.101496 0.50258 0.162962 -0.175589 0.486461 0.179805 -0.16549 0.478799 
0.209042 -0.17119 0.477559 -0.204725 -0.117294 0.509002 -0.175488 -0.122993 0.507762 
-0.163095 -0.138791 0.514185 0.0580663 -0.174723 0.518009 0.0415631 -0.178687 0.505506 
0.058407 -0.168589 0.497843 0.0876439 -0.174288 0.496604 0.116881 -0.179988 0.495364 
0.146118 -0.185687 0.494124 -0.150702 -0.154589 0.520607 -0.121465 -0.160288 0.519368 
-0.0922284 -0.165988 0.518128 -0.092569 -0.172122 0.538294 -0.0629915 -0.171687 0.516888 
-0.0633321 -0.177822 0.537054 -0.0337546 -0.177387 0.515648 -0.0340952 -0.183521 0.535814 
-0.00451771 -0.183086 0.514408 0.0247192 -0.188786 0.513168 0.208771 0.182995 0.276768 
0.209112 0.18913 0.256602 0.192268 0.179031 0.264264 0.238349 0.18343 0.255362 
0.250742 0.167632 0.261784 0.20432 0.157099 0.290853 0.187817 0.153135 0.278349 
0.263135 0.151834 0.268207 0.292371 0.146135 0.266967 0.304764 0.130337 0.27339 
0.199869 0.131203 0.304938 0.183366 0.127239 0.292434 0.317157 0.114539 0.279812 
0.32955 0.0987414 0.286235 -0.184661 0.179399 0.335141 -0.184321 0.185533 0.314975 
-0.201164 0.175435 0.322637 -0.155084 0.179834 0.313735 -0.125847 0.174135 0.312495 
-0.113454 0.158337 0.318918 0.195418 0.105306 0.319023 0.178915 0.101342 0.306519 
0.341603 0.0768093 0.312823 0.325099 0.0728451 0.30032 -0.218008 0.165337 0.3303 
-0.234852 0.155238 0.337962 -0.101061 0.142539 0.32534 -0.0721646 0.130705 0.344266 
-0.071824 0.136839 0.324101 -0.059431 0.121042 0.330523 0.132494 0.090809 0.335587 
0.132834 0.0969433 0.315422 0.11599 0.0868449 0.323084 0.16173 0.0851096 0.334348 
0.162071 0.0912439 0.314182 0.337492 0.0570473 0.306742 0.349885 0.0412494 0.313165 
-0.281274 0.144705 0.367031 -0.280933 0.150839 0.346865 -0.297777 0.140741 0.354527 
-0.251696 0.14514 0.345625 -0.047038 0.105244 0.336946 -0.034645 0.0894458 0.343368 
0.0988058 0.0706122 0.350912 0.0991464 0.0767465 0.330746 0.0823025 0.0666481 0.338409 
0.361938 0.0193172 0.339754 0.345434 0.0153531 0.32725 -0.314621 0.130642 0.36219 
-0.331465 0.120544 0.369852 -0.022252 0.073648 0.349791 0.00664424 0.0618142 0.368717 
0.00698488 0.0679485 0.348551 0.0358811 0.0561148 0.367477 0.0362218 0.0622491 0.347311 
0.065118 0.0504154 0.366237 0.0654586 0.0565496 0.346071 0.357828 -0.000444753 0.333673 
0.386724 -0.0122785 0.352599 0.370221 -0.0162426 0.340095 -0.377886 0.110011 0.39892 
-0.377546 0.116145 0.378754 -0.394389 0.106047 0.386417 -0.348309 0.110445 0.377514 
0.382273 -0.0381748 0.366684 0.36577 -0.0421389 0.35418 -0.381996 0.0902486 0.392839 
-0.369604 0.0744508 0.399262 0.361319 -0.0680352 0.368265 -0.374054 0.0485545 0.413347 
0.356868 -0.0939315 0.38235 -0.391239 0.0323218 0.441175 -0.390898 0.0384561 0.421009 
-0.407742 0.0283576 0.428672 0.339683 -0.110164 0.410179 0.32318 -0.114128 0.397675 
0.340024 -0.10403 0.390013 -0.395349 0.0125598 0.435094 -0.382956 -0.00323808 0.441517 
0.305995 -0.130361 0.425504 0.289492 -0.134325 0.413 0.306336 -0.124227 0.405338 
-0.370563 -0.019036 0.44794 -0.341326 -0.0247354 0.4467 -0.341667 -0.0308697 0.466866 
-0.328933 -0.0405333 0.453122 0.285041 -0.160221 0.427085 -0.31654 -0.0563311 0.459545 
-0.304147 -0.072129 0.465967 0.209383 -0.165055 0.457393 0.19288 -0.169019 0.44489 
0.209724 -0.158921 0.437227 0.23896 -0.16462 0.435987 0.268197 -0.17032 0.434748 
-0.291754 -0.0879268 0.47239 -0.262518 -0.0936263 0.47115 -0.233281 -0.0993257 0.46991 
-0.220888 -0.115124 0.476333 0.146458 -0.179553 0.473958 0.129955 -0.183517 0.461455 
0.146799 -0.173418 0.453792 0.176036 -0.179118 0.452552 -0.208495 -0.130921 0.482755 
-0.179258 -0.136621 0.481516 -0.150021 -0.14232 0.480276 -0.150361 -0.148455 0.500442 
-0.137628 -0.158118 0.486698 0.0250598 -0.182651 0.493002 0.00855654 -0.186615 0.480499 
0.0254004 -0.176517 0.472837 0.0546373 -0.182216 0.471597 0.0838742 -0.187916 0.470357 
0.113111 -0.193615 0.469117 -0.125235 -0.173916 0.493121 -0.095998 -0.179616 0.491881 
-0.0667611 -0.185315 0.490641 -0.0375242 -0.191014 0.489401 -0.00828736 -0.196714 0.488161 
0.175764 0.175067 0.251761 0.176105 0.181201 0.231595 0.159261 0.171103 0.239257 
0.205342 0.175502 0.230355 0.234238 0.163668 0.249281 0.217735 0.159704 0.236778 
0.171314 0.149171 0.265846 0.15481 0.145207 0.253342 0.230128 0.143906 0.2432 
0.259365 0.138207 0.24196 0.288261 0.126373 0.260886 0.271758 0.122409 0.248383 
-0.125506 0.180269 0.292329 -0.125166 0.186403 0.272164 -0.142009 0.176305 0.279826 
-0.112773 0.170605 0.278586 0.137626 0.128974 0.281171 0.137966 0.135108 0.261005 
0.121123 0.12501 0.268667 0.166863 0.123274 0.279931 0.284151 0.106611 0.254805 
0.313047 0.0947773 0.273731 0.296544 0.0908131 0.261228 -0.18809 0.171906 0.288728 
-0.204934 0.161807 0.296391 -0.158853 0.166206 0.287488 -0.10072 0.148673 0.305175 
-0.10038 0.154807 0.285009 -0.0879866 0.13901 0.291431 0.133175 0.103078 0.295256 
0.116672 0.0991135 0.282752 0.162412 0.0973782 0.294016 0.308596 0.068881 0.287816 
0.292093 0.0649168 0.275313 -0.251356 0.151274 0.325459 -0.251015 0.157408 0.305293 
-0.267859 0.14731 0.312955 -0.221778 0.151709 0.304053 -0.0755936 0.123212 0.297854 
-0.0466974 0.111378 0.31678 -0.0463567 0.117512 0.296614 -0.0339637 0.101714 0.303037 
0.112221 0.0732172 0.296837 0.304486 0.049119 0.281736 0.333382 0.0372852 0.300662 
0.316879 0.0333211 0.288158 -0.284703 0.137211 0.320618 -0.301547 0.127113 0.32828 
-0.0219114 0.0797822 0.329625 -0.0215708 0.0859165 0.309459 -0.00917776 0.0701186 0.315882 
0.0953768 0.0631188 0.3045 0.0785329 0.0530203 0.312162 0.328931 0.011389 0.314747 
0.312428 0.00742481 0.302243 -0.347968 0.11658 0.357349 -0.347627 0.122714 0.337183 
-0.364471 0.112616 0.344845 -0.318391 0.117015 0.335943 0.00321522 0.0543208 0.322304 
0.0324521 0.0486213 0.321064 0.061689 0.0429219 0.319825 0.324821 -0.00837305 0.308666 
0.353717 -0.0202068 0.327592 0.337214 -0.0241709 0.315088 -0.381315 0.102517 0.352508 
-0.398159 0.0924188 0.36017 0.349607 -0.0399688 0.321511 0.362 -0.0557666 0.327933 
-0.385766 0.0766209 0.366593 -0.373373 0.0608231 0.373015 0.344815 -0.0719994 0.355762 
0.328312 -0.0759635 0.343258 0.345156 -0.0658651 0.335596 -0.390558 0.0445903 0.400844 
-0.390217 0.0507246 0.380678 -0.407061 0.0406262 0.38834 0.340365 -0.0978956 0.369847 
0.323861 -0.10186 0.357343 -0.424245 0.0243935 0.416168 -0.423905 0.0305278 0.396002 
-0.440749 0.0204293 0.403665 0.306677 -0.118092 0.385172 0.290173 -0.122057 0.372668 
0.307017 -0.111958 0.365006 -0.428356 0.00463148 0.410088 -0.399119 -0.00106795 0.408848 
-0.369882 -0.00676739 0.407608 -0.370223 -0.0129017 0.427774 -0.357489 -0.0225653 0.41403 
0.285723 -0.147953 0.386753 -0.345096 -0.0383631 0.420453 -0.315859 -0.0440626 0.419213 
-0.3162 -0.0501969 0.439379 -0.303466 -0.0598604 0.425636 0.268538 -0.164186 0.414582 
0.252035 -0.16815 0.402078 0.268879 -0.158051 0.394416 -0.291073 -0.0756583 0.432058 
-0.291414 -0.0817926 0.452224 -0.27868 -0.0914562 0.438481 0.18911 -0.182647 0.418643 
0.205954 -0.172549 0.410981 0.235191 -0.178248 0.409741 -0.266287 -0.107254 0.444903 
-0.23705 -0.112953 0.443664 -0.207813 -0.118653 0.442424 -0.208154 -0.124787 0.46259 
-0.19542 -0.134451 0.448846 0.126185 -0.197145 0.435208 0.143029 -0.187046 0.427545 
0.172266 -0.192746 0.426305 -0.183027 -0.150249 0.455269 -0.153791 -0.155948 0.454029 
-0.124554 -0.161648 0.452789 -0.124894 -0.167782 0.472955 -0.0953168 -0.167347 0.451549 
-0.0956574 -0.173481 0.471715 -0.0660799 -0.173046 0.450309 -0.0664205 -0.179181 0.470475 
-0.036843 -0.178746 0.44907 -0.0371836 -0.18488 0.469235 -0.0076061 -0.184445 0.44783 
-0.00794673 -0.19058 0.467996 0.0216308 -0.190145 0.44659 0.0508677 -0.195844 0.44535 
0.0801046 -0.201544 0.44411 0.109341 -0.207243 0.44287 0.142758 0.167139 0.226754 
0.143099 0.173273 0.206588 0.126255 0.163175 0.21425 0.172335 0.167574 0.205348 
0.201232 0.15574 0.224274 0.184728 0.151776 0.211771 0.138307 0.141242 0.240839 
0.121804 0.137278 0.228335 0.197121 0.135978 0.218193 0.226358 0.130278 0.216953 
0.255255 0.118445 0.235879 0.238751 0.114481 0.223376 -0.158513 0.172341 0.267323 
-0.158172 0.178475 0.247157 -0.175016 0.168376 0.254819 -0.128935 0.172775 0.245917 
-0.100039 0.160942 0.264843 -0.0996983 0.167076 0.244677 -0.0873053 0.151278 0.251099 
0.117353 0.111382 0.24242 0.251144 0.0986827 0.229799 0.280041 0.086849 0.248725 
0.263537 0.0828848 0.236221 -0.221437 0.157843 0.283887 -0.221097 0.163977 0.263721 
-0.237941 0.153879 0.271384 -0.19186 0.158278 0.262482 -0.075253 0.129346 0.277688 
-0.0749123 0.13548 0.257522 -0.0625194 0.119682 0.263945 0.112902 0.0854857 0.256505 
0.27559 0.0609527 0.26281 0.259086 0.0569885 0.250306 -0.284362 0.143346 0.300452 
-0.284021 0.14948 0.280286 -0.300865 0.139382 0.287949 -0.254785 0.143781 0.279046 
-0.0501264 0.103885 0.270367 -0.0377334 0.0880866 0.27679 0.0957174 0.069253 0.284334 
0.096058 0.0753873 0.264168 0.0792142 0.0652889 0.27183 0.271479 0.0411907 0.256729 
0.300376 0.029357 0.275655 0.283872 0.0253928 0.263151 -0.31805 0.123149 0.315777 
-0.317709 0.129283 0.295611 -0.334553 0.119185 0.303274 -0.0253404 0.0722888 0.283212 
0.00355585 0.0604551 0.302138 0.00389648 0.0665893 0.281973 0.0327927 0.0547556 0.300899 
0.0331334 0.0608899 0.280733 0.0620296 0.0490562 0.299659 0.0623703 0.0551905 0.279493 
0.296265 0.00959495 0.269574 0.308658 -0.00620291 0.275996 -0.380975 0.108651 0.332342 
-0.380634 0.114786 0.312176 -0.397478 0.104687 0.319838 -0.351397 0.109086 0.310936 
0.320711 -0.0281351 0.302585 0.304207 -0.0320992 0.290081 -0.414662 0.0884546 0.347667 
-0.414322 0.0945889 0.327501 -0.431166 0.0844905 0.335163 0.3166 -0.0478971 0.296504 
0.345497 -0.0597308 0.31543 0.328993 -0.0636949 0.302927 -0.418773 0.0686926 0.341586 
-0.389876 0.0568589 0.360512 -0.40638 0.0528948 0.348008 0.311809 -0.0799276 0.330755 
0.295306 -0.0838918 0.318252 0.312149 -0.0737934 0.310589 -0.410831 0.0269985 0.362093 
0.307358 -0.105824 0.34484 0.290855 -0.109788 0.332337 -0.428015 0.0107658 0.389922 
-0.415282 0.00110218 0.376178 0.286404 -0.135684 0.346422 -0.402889 -0.0146957 0.382601 
-0.373652 -0.0203951 0.381361 -0.344415 -0.0260946 0.380121 -0.344755 -0.0322288 0.400287 
-0.332022 -0.0418924 0.386544 0.269219 -0.151917 0.37425 0.252716 -0.155881 0.361746 
0.26956 -0.145783 0.354084 -0.319629 -0.0576903 0.392966 -0.307236 -0.0734882 0.399389 
0.248265 -0.181778 0.375832 -0.294843 -0.089286 0.405812 -0.265606 -0.0949855 0.404572 
-0.265947 -0.10112 0.424738 -0.253213 -0.110783 0.410994 0.172607 -0.186611 0.40614 
0.156103 -0.190575 0.393636 0.172947 -0.180477 0.385974 0.202184 -0.186176 0.384734 
0.231421 -0.191876 0.383494 -0.24082 -0.126581 0.417417 -0.211583 -0.132281 0.416177 
-0.182346 -0.13798 0.414937 -0.182687 -0.144114 0.435103 -0.169953 -0.153778 0.42136 
0.109682 -0.201109 0.422704 0.0931788 -0.205073 0.410201 0.110023 -0.194974 0.402538 
0.13926 -0.200674 0.401299 -0.15756 -0.169576 0.427782 -0.128323 -0.175275 0.426542 
-0.0990864 -0.180975 0.425303 -0.0698495 -0.186674 0.424063 -0.0406126 -0.192374 0.422823 
-0.0113757 -0.198073 0.421583 0.0178611 -0.203772 0.420343 0.047098 -0.209472 0.419103 
0.0763349 -0.215171 0.417863 0.139329 0.159645 0.180341 0.122485 0.149547 0.188004 
0.168225 0.147812 0.199267 0.151722 0.143847 0.186764 -0.0993577 0.17321 0.224511 
-0.0990171 0.179345 0.204345 -0.115861 0.169246 0.212008 -0.0866241 0.163547 0.210768 
0.118034 0.123651 0.202089 0.164115 0.12805 0.193186 0.193352 0.12235 0.191947 
0.222248 0.110516 0.210873 0.205745 0.106552 0.198369 -0.191519 0.164412 0.242316 
-0.191179 0.170547 0.22215 -0.208023 0.160448 0.229812 -0.161942 0.164847 0.22091 
-0.132705 0.159148 0.21967 -0.091075 0.13765 0.224853 0.113583 0.0977543 0.216174 
0.218138 0.0907544 0.204792 0.247034 0.0789207 0.223718 0.230531 0.0749565 0.211214 
-0.254444 0.149915 0.25888 -0.254103 0.156049 0.238715 -0.270947 0.145951 0.246377 
-0.224866 0.15035 0.237475 -0.078682 0.121853 0.231275 -0.066289 0.106055 0.237698 
0.109132 0.071858 0.230259 0.242924 0.0591587 0.217637 0.255317 0.0433608 0.224059 
-0.287791 0.135852 0.254039 -0.304635 0.125754 0.261702 -0.053896 0.0902568 0.24412 
-0.0249998 0.0784231 0.263047 -0.0246591 0.0845573 0.242881 -0.0122662 0.0687595 0.249303 
0.0922884 0.0617596 0.237921 0.0754445 0.0516612 0.245584 0.267369 0.0214287 0.250648 
0.250866 0.0174645 0.238144 -0.351056 0.115221 0.29077 -0.350716 0.121355 0.270604 
-0.36756 0.111256 0.278267 -0.321479 0.115655 0.269364 0.000126834 0.0529616 0.255726 
0.0293637 0.0472622 0.254486 0.0586006 0.0415627 0.253246 0.263259 0.00166666 0.244567 
0.292155 -0.0101671 0.263493 0.275652 -0.0141312 0.25099 -0.384404 0.101158 0.285929 
-0.401248 0.0910596 0.293592 0.287704 -0.0360633 0.277578 0.271201 -0.0400275 0.265075 
-0.418091 0.0809612 0.301254 -0.434935 0.0708628 0.308916 0.283594 -0.0558254 0.271497 
0.31249 -0.0676591 0.290423 0.295987 -0.0716232 0.27792 -0.422542 0.0550649 0.315339 
-0.410149 0.039267 0.321762 0.278802 -0.0878559 0.305748 0.262299 -0.0918201 0.293245 
0.279143 -0.0817216 0.285582 -0.4146 0.0133707 0.335847 0.274351 -0.113752 0.319833 
0.257848 -0.117716 0.30733 -0.402207 -0.00242712 0.342269 -0.402548 -0.0085614 0.362435 
-0.37297 -0.00812656 0.341029 -0.373311 -0.0142608 0.361195 -0.360577 -0.0239244 0.347452 
0.269901 -0.139648 0.333918 0.253397 -0.143613 0.321415 -0.348184 -0.0397223 0.353874 
-0.318948 -0.0454217 0.352635 -0.319288 -0.051556 0.3728 -0.306554 -0.0612196 0.359057 
0.248946 -0.169509 0.3355 -0.294162 -0.0770175 0.36548 -0.294502 -0.0831518 0.385646 
-0.264925 -0.0827169 0.36424 -0.265265 -0.0888512 0.384406 -0.252532 -0.0985148 0.370663 
0.231762 -0.185742 0.363328 0.215259 -0.189706 0.350825 0.232102 -0.179607 0.343162 
-0.240139 -0.114313 0.377085 -0.240479 -0.120447 0.397251 -0.227746 -0.130111 0.383508 
0.152334 -0.204203 0.367389 0.169178 -0.194105 0.359727 0.198415 -0.199804 0.358487 
-0.215353 -0.145908 0.38993 -0.186116 -0.151608 0.38869 -0.156879 -0.157307 0.38745 
-0.15722 -0.163442 0.407616 -0.144486 -0.173105 0.393873 0.0894092 -0.218701 0.383954 
0.106253 -0.208602 0.376292 0.13549 -0.214302 0.375052 -0.132093 -0.188903 0.400296 
-0.102856 -0.194602 0.399056 -0.0736192 -0.200302 0.397816 -0.0443823 -0.206001 0.396576 
-0.0151454 -0.211701 0.395336 0.0140915 -0.2174 0.394096 0.0433284 -0.2231 0.392856 
0.0725653 -0.228799 0.391617 0.135219 0.139883 0.17426 -0.132364 0.165282 0.199504 
-0.132024 0.171416 0.179338 -0.148867 0.161318 0.187001 -0.102787 0.165717 0.178098 
-0.0903937 0.149919 0.184521 0.131108 0.120121 0.16818 0.114264 0.110023 0.175842 
0.160345 0.114422 0.16694 0.189582 0.108722 0.1657 0.201975 0.0929245 0.172122 
-0.194948 0.156919 0.195903 -0.211792 0.14682 0.203565 -0.165711 0.151219 0.194663 
-0.0780007 0.134121 0.190944 -0.0783414 0.127987 0.211109 -0.0656078 0.118323 0.197366 
0.0970799 0.0937902 0.20367 0.0974206 0.0999245 0.183504 0.0805767 0.089826 0.191167 
0.214368 0.0771267 0.178545 0.226761 0.0613288 0.184968 -0.287451 0.141987 0.233874 
-0.28711 0.148121 0.213708 -0.303954 0.138022 0.22137 -0.257873 0.142421 0.212468 
-0.228636 0.136722 0.211228 -0.0535554 0.0963911 0.223955 -0.0532148 0.102525 0.203789 
-0.0408218 0.0867275 0.210211 0.092629 0.0678939 0.217755 0.0761258 0.0639297 0.205252 
0.238814 0.0393967 0.211556 0.22231 0.0354325 0.199053 -0.321138 0.12179 0.249198 
-0.320798 0.127924 0.229033 -0.337642 0.117826 0.236695 -0.0284288 0.0709296 0.216634 
0.000467465 0.0590959 0.23556 0.000808098 0.0652302 0.215394 0.0297044 0.0533965 0.23432 
0.030045 0.0595307 0.214154 0.0589412 0.047697 0.23308 0.0592819 0.0538313 0.212914 
0.234703 0.0196347 0.205475 0.247096 0.0038368 0.211898 -0.354485 0.107727 0.244357 
-0.371329 0.0976287 0.25202 0.259149 -0.0180953 0.238486 0.242645 -0.0220595 0.225983 
-0.388173 0.0875303 0.259682 -0.405017 0.0774319 0.267345 0.255038 -0.0378573 0.232405 
0.267431 -0.0536552 0.238828 -0.421861 0.0673335 0.275007 -0.438705 0.057235 0.28267 
0.279484 -0.0755874 0.265416 0.26298 -0.0795515 0.252913 -0.426653 0.0353029 0.309258 
-0.443156 0.0313387 0.296755 0.258529 -0.105448 0.266998 -0.46034 0.015106 0.324583 
-0.46 0.0212403 0.304417 -0.476844 0.0111419 0.31208 -0.431103 0.0094066 0.323343 
0.254078 -0.131344 0.281083 -0.464451 -0.00465597 0.318502 -0.435214 -0.0103554 0.317262 
-0.405977 -0.0160548 0.316022 -0.37674 -0.0217543 0.314783 -0.364347 -0.0375521 0.321205 
0.249628 -0.15724 0.295168 -0.351954 -0.05335 0.327628 -0.322717 -0.0590494 0.326388 
-0.310324 -0.0748473 0.33281 0.232443 -0.173473 0.322996 0.21594 -0.177437 0.310493 
0.232784 -0.167339 0.30283 -0.297931 -0.0906452 0.339233 -0.268694 -0.0963446 0.337993 
-0.256301 -0.112142 0.344416 0.211489 -0.203334 0.324578 -0.243908 -0.12794 0.350838 
-0.214671 -0.13364 0.349598 -0.215012 -0.139774 0.369764 -0.202278 -0.149438 0.356021 
0.135831 -0.208167 0.354886 0.119327 -0.212131 0.342383 0.136171 -0.202033 0.33472 
0.165408 -0.207732 0.33348 0.194645 -0.213432 0.33224 -0.189885 -0.165236 0.362444 
-0.160649 -0.170935 0.361204 -0.131412 -0.176634 0.359964 -0.131752 -0.182769 0.38013 
-0.102175 -0.182334 0.358724 -0.102515 -0.188468 0.37889 -0.0729379 -0.188033 0.357484 
-0.0732785 -0.194168 0.37765 -0.043701 -0.193733 0.356244 -0.0440417 -0.199867 0.37641 
-0.031308 -0.209531 0.362667 0.0729059 -0.222665 0.371451 0.0564026 -0.226629 0.358947 
0.0732465 -0.21653 0.351285 0.102483 -0.22223 0.350045 -0.018915 -0.225328 0.36909 
0.0103218 -0.231028 0.36785 0.0395587 -0.236727 0.36661 -0.165371 0.157354 0.174497 
-0.16503 0.163488 0.154331 -0.181874 0.15339 0.161994 -0.135793 0.157789 0.153092 
-0.106556 0.152089 0.151852 -0.0941634 0.136291 0.158274 0.0977612 0.106059 0.163338 
0.0981018 0.112193 0.143173 0.0812579 0.102095 0.150835 0.127339 0.106494 0.141933 
0.156576 0.100794 0.140693 0.185472 0.0889604 0.159619 0.168969 0.0849963 0.147115 
-0.228295 0.142856 0.191062 -0.227955 0.148991 0.170896 -0.244799 0.138892 0.178559 
-0.198718 0.143291 0.169656 -0.0817704 0.120493 0.164697 -0.0693774 0.104695 0.171119 
0.0348365 0.0915613 0.179903 0.0351772 0.0976956 0.159737 0.0183333 0.0875972 0.1674 
0.0640734 0.0858619 0.178663 0.064414 0.0919961 0.158498 0.181362 0.0691984 0.153538 
0.210258 0.0573647 0.172464 0.193755 0.0534005 0.159961 -0.29088 0.134493 0.187461 
-0.307723 0.124395 0.195123 -0.261643 0.128794 0.186221 -0.0569844 0.0888976 0.177542 
-0.0280882 0.0770639 0.196468 -0.0277475 0.0831982 0.176302 0.00114873 0.0713645 0.195228 
0.00148936 0.0774987 0.175062 0.0303856 0.065665 0.193988 0.0596225 0.0599656 0.192748 
0.206148 0.0376027 0.166383 0.218541 0.0218048 0.172806 -0.324567 0.114296 0.202786 
-0.341411 0.104198 0.210448 0.230934 0.00600693 0.179228 0.243327 -0.00979093 0.185651 
-0.387833 0.0936646 0.239516 -0.387492 0.0997989 0.219351 -0.404336 0.0897004 0.227013 
-0.358255 0.0940994 0.218111 0.226142 -0.0260236 0.213479 0.209639 -0.0299878 0.200976 
0.226483 -0.0198894 0.193313 -0.42152 0.0734677 0.254841 -0.42118 0.079602 0.234675 
-0.438024 0.0695036 0.242338 0.222032 -0.0457856 0.207398 0.250928 -0.0576194 0.226324 
0.234425 -0.0615835 0.213821 -0.455208 0.0532709 0.270166 -0.454868 0.0594052 0.25 
-0.471711 0.0493067 0.257663 0.246477 -0.0835157 0.240409 0.229974 -0.0874798 0.227906 
-0.459319 0.0335089 0.264085 -0.446925 0.017711 0.270508 0.242026 -0.109412 0.254495 
0.225523 -0.113376 0.241991 -0.463769 0.00761258 0.27817 -0.480613 -0.00248584 0.285833 
0.237575 -0.135308 0.26858 0.221072 -0.139272 0.256076 -0.46822 -0.0182837 0.292255 
-0.438983 -0.0239831 0.291016 -0.409747 -0.0296826 0.289776 -0.38051 -0.035382 0.288536 
-0.368117 -0.0511799 0.294958 0.233124 -0.161205 0.282665 0.216621 -0.165169 0.270161 
-0.355724 -0.0669777 0.301381 -0.326487 -0.0726772 0.300141 -0.29725 -0.0783766 0.298901 
-0.297591 -0.0845109 0.319067 -0.268013 -0.0840761 0.297661 -0.268354 -0.0902103 0.317827 
-0.25562 -0.0998739 0.304084 0.21217 -0.191065 0.284246 -0.243227 -0.115672 0.310507 
-0.243568 -0.121806 0.330672 -0.21399 -0.121371 0.309267 -0.214331 -0.127506 0.329433 
-0.201597 -0.137169 0.315689 0.194986 -0.207298 0.312074 0.178482 -0.211262 0.299571 
0.195326 -0.201163 0.291909 -0.189204 -0.152967 0.322112 -0.189545 -0.159101 0.342278 
-0.159967 -0.158666 0.320872 -0.160308 -0.164801 0.341038 -0.13073 -0.164366 0.319632 
-0.131071 -0.1705 0.339798 -0.118337 -0.180164 0.326055 0.102824 -0.216096 0.329879 
0.0863208 -0.22006 0.317376 0.103165 -0.209961 0.309713 0.132402 -0.215661 0.308473 
0.161638 -0.22136 0.307233 -0.105944 -0.195962 0.332477 -0.0767076 -0.201661 0.331237 
-0.0474707 -0.20736 0.329998 -0.0182338 -0.21306 0.328758 -0.0185744 -0.219194 0.348924 
0.0110031 -0.218759 0.327518 0.0106625 -0.224894 0.347684 0.04024 -0.224459 0.326278 
0.0398993 -0.230593 0.346444 0.0694769 -0.230158 0.325038 -0.106216 0.158223 0.131686 
-0.105875 0.164358 0.11152 -0.122719 0.154259 0.119182 -0.0769788 0.152524 0.130446 
-0.0766382 0.158658 0.11028 -0.047742 0.146824 0.129206 -0.0474013 0.152959 0.10904 
-0.0350083 0.137161 0.115463 -0.198377 0.149425 0.14949 -0.198037 0.15556 0.129325 
-0.214881 0.145461 0.136987 -0.1688 0.14986 0.128085 -0.139563 0.144161 0.126845 
-0.0814298 0.126628 0.144531 -0.0686961 0.116964 0.130788 -0.0518522 0.127062 0.123125 
0.0355178 0.10383 0.139572 0.0358584 0.109964 0.119406 0.0190145 0.0998657 0.127068 
0.0647547 0.0981304 0.138332 0.0650953 0.104265 0.118166 0.0943322 0.0985653 0.116926 
0.123569 0.0928658 0.115686 0.152465 0.0810321 0.134612 0.135962 0.077068 0.122109 
-0.261302 0.134928 0.166055 -0.260961 0.141062 0.145889 -0.277805 0.130964 0.153552 
-0.231724 0.135363 0.144649 -0.0566438 0.0950319 0.157376 -0.0563032 0.101166 0.13721 
-0.0274069 0.0893325 0.156136 -0.0270663 0.0954667 0.13597 0.00182999 0.083633 0.154896 
0.00217062 0.0897673 0.134731 0.148355 0.0612701 0.128531 0.177592 0.0555707 0.127291 
0.189985 0.0397728 0.133714 -0.324227 0.120431 0.18262 -0.323886 0.126565 0.162454 
-0.34073 0.116466 0.170116 -0.294649 0.120865 0.161214 0.202378 0.0239749 0.140136 
0.214771 0.00817708 0.146559 -0.357914 0.100234 0.197945 -0.357574 0.106368 0.177779 
-0.374418 0.0962696 0.185441 0.226823 -0.0137551 0.173148 0.21032 -0.0177192 0.160644 
-0.391262 0.0861711 0.193104 -0.408106 0.0760727 0.200766 0.205869 -0.0436155 0.174729 
-0.424949 0.0659743 0.208429 -0.441793 0.0558759 0.216091 0.217921 -0.0655476 0.201318 
0.201418 -0.0695118 0.188814 -0.458637 0.0457774 0.223754 -0.475481 0.035679 0.231416 
0.213811 -0.0853097 0.195237 0.226204 -0.101108 0.201659 -0.463429 0.0137469 0.258005 
-0.479932 0.00978272 0.245501 0.221753 -0.127004 0.215744 -0.484383 -0.0161136 0.259586 
0.217302 -0.1529 0.229829 -0.47199 -0.0319114 0.266009 -0.442753 -0.0376109 0.264769 
-0.413516 -0.0433103 0.263529 -0.384279 -0.0490097 0.262289 -0.355042 -0.0547092 0.261049 
-0.355383 -0.0608435 0.281215 -0.342649 -0.070507 0.267472 0.212851 -0.178796 0.243914 
-0.330256 -0.0863049 0.273894 -0.30102 -0.0920044 0.272655 -0.271783 -0.0977038 0.271415 
-0.242546 -0.103403 0.270175 -0.242886 -0.109537 0.290341 -0.230153 -0.119201 0.276597 
0.195667 -0.195029 0.271743 0.179164 -0.198993 0.259239 0.196008 -0.188895 0.251577 
-0.21776 -0.134999 0.28302 -0.188523 -0.140698 0.28178 -0.188864 -0.146833 0.301946 
-0.17613 -0.156496 0.288203 0.161979 -0.215226 0.287068 0.145476 -0.21919 0.274564 
0.16232 -0.209092 0.266902 -0.163737 -0.172294 0.294625 -0.1345 -0.177994 0.293385 
-0.105263 -0.183693 0.292146 -0.105604 -0.189827 0.312311 -0.0760263 -0.189392 0.290906 
-0.0763669 -0.195527 0.311072 -0.0467894 -0.195092 0.289666 -0.04713 -0.201226 0.309832 
-0.0343964 -0.21089 0.296088 0.0825511 -0.233688 0.291129 0.099395 -0.223589 0.283466 
0.128632 -0.229289 0.282227 -0.0220034 -0.226688 0.302511 0.00723345 -0.232387 0.301271 
0.0364703 -0.238086 0.300031 0.0657072 -0.243786 0.298791 -0.139222 0.150295 0.106679 
-0.138882 0.156429 0.086513 -0.155726 0.146331 0.0941755 -0.109645 0.15073 0.0852732 
-0.0804079 0.14503 0.0840333 -0.051171 0.139331 0.0827935 -0.038778 0.123533 0.089216 
-0.231384 0.141497 0.124484 -0.231043 0.147631 0.104318 -0.247887 0.137533 0.11198 
-0.201806 0.141932 0.103078 -0.172569 0.136232 0.101838 -0.0559625 0.1073 0.117044 
-0.026385 0.107735 0.0956386 -0.0267256 0.101601 0.115805 0.00251125 0.0959016 0.114565 
0.00285188 0.102036 0.0943988 0.0320888 0.0963364 0.0931589 0.0613257 0.090637 0.091919 
0.0902219 0.0788033 0.110845 0.0737186 0.0748391 0.0983416 0.119459 0.0731038 0.109605 
-0.294309 0.127 0.141048 -0.293968 0.133134 0.120882 -0.310812 0.123036 0.128545 
-0.264731 0.127435 0.119643 0.0861116 0.0590413 0.104764 0.115349 0.0533418 0.103524 
0.144585 0.0476424 0.102284 0.173822 0.0419429 0.101045 0.186215 0.0261451 0.107467 
-0.327656 0.112937 0.136207 -0.3445 0.102839 0.14387 0.198268 0.00421293 0.134056 
0.181764 0.000248787 0.121552 -0.361343 0.0927403 0.151532 -0.378187 0.0826418 0.159195 
0.193817 -0.0216834 0.148141 0.177313 -0.0256475 0.135637 -0.395031 0.0725434 0.166857 
-0.411875 0.062445 0.17452 0.189706 -0.0414454 0.14206 0.202099 -0.0572432 0.148482 
-0.428719 0.0523466 0.182182 -0.445563 0.0422481 0.189844 0.197649 -0.0831395 0.162567 
-0.462407 0.0321497 0.197507 -0.479251 0.0220513 0.205169 0.209701 -0.105072 0.189156 
0.193198 -0.109036 0.176652 -0.483702 -0.00384501 0.219254 0.205591 -0.124834 0.183075 
0.217984 -0.140632 0.189498 -0.488153 -0.0297413 0.233339 0.213533 -0.166528 0.203583 
-0.47576 -0.0455392 0.239762 -0.446523 -0.0512386 0.238522 -0.417286 -0.056938 0.237282 
-0.388049 -0.0626375 0.236042 -0.358812 -0.0683369 0.234802 -0.329575 -0.0740363 0.233563 
-0.329916 -0.0801706 0.253728 -0.317182 -0.0898342 0.239985 0.196348 -0.182761 0.231411 
0.179845 -0.186725 0.218908 0.196689 -0.176626 0.211245 -0.304789 -0.105632 0.246408 
-0.275552 -0.111332 0.245168 -0.246315 -0.117031 0.243928 -0.217079 -0.12273 0.242688 
-0.217419 -0.128865 0.262854 -0.187842 -0.12843 0.241448 -0.188182 -0.134564 0.261614 
-0.175449 -0.144228 0.247871 0.16266 -0.202957 0.246736 0.146157 -0.206922 0.234232 
0.163001 -0.196823 0.22657 -0.163056 -0.160026 0.254293 -0.163396 -0.16616 0.274459 
-0.133819 -0.165725 0.253054 -0.134159 -0.171859 0.273219 -0.104582 -0.171424 0.251814 
-0.104923 -0.177559 0.27198 -0.0921889 -0.187222 0.258236 0.0997356 -0.217455 0.263301 
0.0832324 -0.221419 0.250797 0.100076 -0.211321 0.243135 0.129313 -0.21702 0.241895 
0.128973 -0.223154 0.262061 -0.0797959 -0.20302 0.264659 -0.0505591 -0.20872 0.263419 
-0.0213222 -0.214419 0.262179 -0.0216628 -0.220553 0.282345 0.00791471 -0.220118 0.260939 
0.00757408 -0.226253 0.281105 0.0371516 -0.225818 0.259699 0.036811 -0.231952 0.279865 
0.0663885 -0.231517 0.25846 0.0660479 -0.237652 0.278625 -0.142651 0.142802 0.0602663 
-0.159495 0.132703 0.0679288 -0.113414 0.137102 0.0590264 -0.0841775 0.131403 0.0577866 
-0.0552813 0.119569 0.0767126 -0.0717845 0.115605 0.0642092 -0.26439 0.133569 0.0994767 
-0.26405 0.139703 0.0793108 -0.280894 0.129605 0.0869732 -0.234813 0.134004 0.0780709 
-0.205576 0.128304 0.0768311 -0.176339 0.122605 0.0755912 -0.0593915 0.099807 0.0706317 
-0.0301547 0.0941076 0.0693919 -0.000917768 0.0884081 0.068152 0.0283191 0.0827087 0.0669121 
0.0572154 0.070875 0.0858382 0.0407121 0.0669108 0.0733347 -0.297738 0.119506 0.0946357 
-0.314581 0.109408 0.102298 0.0531051 0.051113 0.0797573 0.082342 0.0454135 0.0785174 
0.111579 0.0397141 0.0772776 0.140475 0.0278804 0.0962036 0.123972 0.0239162 0.0837002 
0.169712 0.0221809 0.0949637 -0.361003 0.0988745 0.131366 -0.360662 0.105009 0.1112 
-0.377506 0.0949104 0.118863 -0.331425 0.0993094 0.109961 0.136365 0.00811836 0.0901227 
0.165261 -0.00371536 0.109049 0.148758 -0.0076795 0.0965453 -0.394691 0.0786777 0.146691 
-0.39435 0.084812 0.126525 -0.411194 0.0747136 0.134188 0.161151 -0.0234774 0.102968 
0.173544 -0.0392752 0.10939 -0.428378 0.0584808 0.162016 -0.428038 0.0646151 0.14185 
-0.444882 0.0545167 0.149513 0.185596 -0.0612074 0.135979 0.169093 -0.0651715 0.123476 
-0.449333 0.0286204 0.163598 0.181486 -0.0809694 0.129898 0.193879 -0.0967672 0.136321 
-0.466177 0.018522 0.17126 -0.48302 0.00842356 0.178923 0.189428 -0.122664 0.150406 
-0.487471 -0.0174727 0.193008 0.20148 -0.144596 0.176994 0.184977 -0.14856 0.164491 
-0.475078 -0.0332706 0.19943 -0.475419 -0.0394049 0.219596 -0.445841 -0.03897 0.19819 
-0.446182 -0.0451043 0.218356 -0.416605 -0.0446695 0.19695 -0.416945 -0.0508037 0.217116 
-0.404212 -0.0604673 0.203373 0.197029 -0.170492 0.191079 0.180526 -0.174456 0.178576 
-0.391819 -0.0762652 0.209796 -0.362582 -0.0819646 0.208556 -0.333345 -0.0876641 0.207316 
-0.304108 -0.0933635 0.206076 -0.304449 -0.0994978 0.226242 -0.274871 -0.099063 0.204836 
-0.275212 -0.105197 0.225002 -0.262478 -0.114861 0.211259 0.163342 -0.190689 0.206404 
0.146838 -0.194653 0.193901 0.163682 -0.184555 0.186238 -0.250085 -0.130659 0.217681 
-0.220848 -0.136358 0.216441 -0.191611 -0.142058 0.215202 -0.162374 -0.147757 0.213962 
-0.162715 -0.153891 0.234128 -0.133138 -0.153456 0.212722 -0.133478 -0.159591 0.232888 
-0.120745 -0.169254 0.219144 0.129654 -0.210886 0.221729 0.113151 -0.21485 0.209226 
0.129994 -0.204751 0.201563 -0.108352 -0.185052 0.225567 -0.0791147 -0.190752 0.224327 
-0.0794553 -0.196886 0.244493 -0.0498778 -0.196451 0.223087 -0.0502184 -0.202585 0.243253 
-0.0206409 -0.20215 0.221847 -0.0209815 -0.208285 0.242013 0.00859597 -0.20785 0.220608 
0.00825534 -0.213984 0.240773 0.0378329 -0.213549 0.219368 0.0374922 -0.219684 0.239534 
0.0670697 -0.219249 0.218128 0.0667291 -0.225383 0.238294 0.0963066 -0.224948 0.216888 
-0.234472 0.140138 0.0579051 -0.234132 0.146272 0.0377392 -0.250975 0.136174 0.0454016 
-0.205235 0.134438 0.0566652 -0.204895 0.140573 0.0364993 -0.175998 0.128739 0.0554253 
-0.175658 0.134873 0.0352594 -0.146421 0.129174 0.0340196 -0.117184 0.123474 0.0327797 
-0.0879472 0.117775 0.0315399 -0.0590509 0.105941 0.0504659 -0.0587103 0.112076 0.0303 
-0.0463173 0.0962777 0.0367226 -0.297397 0.125641 0.0744698 -0.297056 0.131775 0.0543039 
-0.3139 0.121676 0.0619664 -0.267819 0.126075 0.0530641 -0.0339243 0.0804799 0.0431451 
-0.00468742 0.0747804 0.0419053 0.0245495 0.069081 0.0406654 0.0369425 0.0532831 0.047088 
-0.331085 0.105444 0.0897947 -0.330744 0.111578 0.0696288 -0.347588 0.10148 0.0772913 
0.0493354 0.0374852 0.0535106 0.0782317 0.0256515 0.0724366 0.0617284 0.0216874 0.0599332 
0.107469 0.0199521 0.0711967 -0.364432 0.0913811 0.0849537 -0.381276 0.0812827 0.0926162 
0.0741214 0.00588952 0.0663557 0.103358 0.000190077 0.0651159 0.132595 -0.00550936 0.063876 
0.144988 -0.0213072 0.0702986 -0.39812 0.0711842 0.100279 -0.414964 0.0610858 0.107941 
0.157381 -0.0371051 0.0767212 0.169774 -0.052903 0.0831437 -0.431807 0.0509874 0.115603 
-0.448651 0.040889 0.123266 0.165323 -0.0787992 0.0972288 -0.453102 0.0149927 0.137351 
0.177716 -0.0945971 0.103651 0.190109 -0.110395 0.110074 -0.469946 0.00489426 0.145013 
-0.48679 -0.00520417 0.152676 0.185658 -0.136291 0.124159 -0.491241 -0.0311005 0.166761 
0.181207 -0.162188 0.138244 -0.478848 -0.0468983 0.173183 -0.449611 -0.0525978 0.171944 
-0.420374 -0.0582972 0.170704 -0.391137 -0.0639966 0.169464 -0.391478 -0.0701309 0.18963 
-0.3619 -0.0696961 0.168224 -0.362241 -0.0758304 0.18839 -0.349508 -0.0854939 0.174647 
0.164023 -0.17842 0.166072 0.14752 -0.182384 0.153569 0.164363 -0.172286 0.145906 
-0.337114 -0.101292 0.181069 -0.307878 -0.106991 0.179829 -0.278641 -0.112691 0.178589 
-0.249404 -0.11839 0.17735 -0.249744 -0.124524 0.197515 -0.220167 -0.12409 0.17611 
-0.220508 -0.130224 0.196276 -0.19093 -0.129789 0.17487 -0.191271 -0.135923 0.195036 
-0.161693 -0.135488 0.17363 -0.162034 -0.141623 0.193796 -0.132456 -0.141188 0.17239 
-0.132797 -0.147322 0.192556 -0.120063 -0.156986 0.178813 0.130335 -0.198617 0.181397 
0.113832 -0.202581 0.168894 0.130676 -0.192483 0.161231 -0.10767 -0.172784 0.185235 
-0.108011 -0.178918 0.205401 -0.0784334 -0.178483 0.183995 -0.078774 -0.184617 0.204161 
-0.0491965 -0.184182 0.182756 -0.0495372 -0.190317 0.202921 -0.0199596 -0.189882 0.181516 
-0.0203003 -0.196016 0.201682 0.00927724 -0.195581 0.180276 0.00893661 -0.201716 0.200442 
0.0385141 -0.201281 0.179036 0.0381735 -0.207415 0.199202 0.067751 -0.20698 0.177796 
0.0674104 -0.213115 0.197962 0.0969879 -0.21268 0.176556 0.0966472 -0.218814 0.196722 
-0.237901 0.132644 0.0114924 -0.254745 0.122546 0.0191549 -0.208664 0.126945 0.0102526 
-0.179427 0.121246 0.00901271 -0.150191 0.115546 0.00777284 -0.120954 0.109847 0.00653298 
-0.0917168 0.104147 0.00529312 -0.0624799 0.0984479 0.00405325 -0.0335837 0.0866141 0.0229793 
-0.033243 0.0927484 0.00281339 -0.0208501 0.0769506 0.00923597 -0.300826 0.118147 0.0280572 
-0.31767 0.108049 0.0357196 -0.271589 0.112448 0.0268173 -0.00845707 0.0611527 0.0156585 
0.0207798 0.0554532 0.0144187 0.0331728 0.0396554 0.0208413 -0.334514 0.0979502 0.0433821 
-0.351358 0.0878518 0.0510445 0.0455658 0.0238575 0.0272638 0.0579588 0.00805965 0.0336864 
-0.368202 0.0777534 0.058707 -0.385045 0.0676549 0.0663694 0.0703518 -0.00773821 0.040109 
0.0995887 -0.0134377 0.0388691 0.128485 -0.0252714 0.0577952 0.111982 -0.0292355 0.0452917 
-0.401889 0.0575565 0.0740319 -0.418733 0.0474581 0.0816943 0.124375 -0.0450334 0.0517143 
0.153271 -0.0568671 0.0706403 0.136768 -0.0608312 0.0581369 -0.435577 0.0373597 0.0893568 
-0.452421 0.0272612 0.0970192 0.149161 -0.0766291 0.0645595 0.161554 -0.092427 0.070982 
-0.469606 0.0110285 0.124848 -0.469265 0.0171628 0.104682 -0.486109 0.0070644 0.112344 
0.173606 -0.114359 0.0975705 0.157103 -0.118323 0.0850671 -0.49056 -0.0188319 0.126429 
0.169155 -0.140255 0.111656 0.152652 -0.14422 0.0991521 -0.495011 -0.0447282 0.140514 
0.164704 -0.166152 0.125741 0.148201 -0.170116 0.113237 -0.482618 -0.060526 0.146937 
-0.453381 -0.0662255 0.145697 -0.424144 -0.0719249 0.144457 -0.394907 -0.0776244 0.143217 
-0.36567 -0.0833238 0.141977 -0.336433 -0.0890232 0.140737 -0.336774 -0.0951575 0.160903 
-0.307196 -0.0947227 0.139498 -0.307537 -0.100857 0.159663 -0.294803 -0.110521 0.14592 
0.131016 -0.186349 0.141065 0.114513 -0.190313 0.128562 0.131357 -0.180214 0.1209 
-0.28241 -0.126318 0.152343 -0.253173 -0.132018 0.151103 -0.223937 -0.137717 0.149863 
-0.1947 -0.143417 0.148623 -0.165463 -0.149116 0.147383 -0.136226 -0.154816 0.146143 
-0.106989 -0.160515 0.144904 -0.10733 -0.166649 0.165069 -0.0777522 -0.166214 0.143664 
-0.0780928 -0.172349 0.16383 -0.0485153 -0.171914 0.142424 -0.0488559 -0.178048 0.16259 
-0.0192784 -0.177613 0.141184 -0.019619 -0.183748 0.16135 0.0099585 -0.183313 0.139944 
0.00961787 -0.189447 0.16011 0.0391954 -0.189012 0.138704 0.0388548 -0.195147 0.15887 
0.0684323 -0.194712 0.137464 0.0680916 -0.200846 0.15763 0.0976692 -0.200411 0.136224 
0.0973285 -0.206545 0.15639 -0.271248 0.118582 0.00665145 -0.270908 0.124716 -0.0135144 
-0.287752 0.114618 -0.00585199 -0.241671 0.119017 -0.0147543 -0.212434 0.113317 -0.0159942 
-0.183197 0.107618 -0.017234 -0.15396 0.101918 -0.0184739 -0.124723 0.096219 -0.0197138 
-0.0954865 0.0905196 -0.0209536 -0.0662496 0.0848201 -0.0221935 -0.0370127 0.0791207 -0.0234334 
-0.0246197 0.0633228 -0.0170108 -0.304596 0.104519 0.00181046 -0.321439 0.0944209 0.00947291 
-0.0122267 0.047525 -0.0105882 0.0170102 0.0418255 -0.0118281 0.0294032 0.0260276 -0.00540547 
-0.338283 0.0843225 0.0171353 -0.355127 0.0742241 0.0247978 0.0414555 0.00409551 0.021183 
0.0249522 0.000131363 0.00867955 -0.371971 0.0641256 0.0324602 -0.388815 0.0540272 0.0401227 
0.0373452 -0.0156665 0.0151021 0.0662415 -0.0275002 0.0340281 0.0497382 -0.0314644 0.0215247 
0.0954784 -0.0331997 0.0327883 -0.405659 0.0439288 0.0477851 -0.422503 0.0338304 0.0554476 
0.0621312 -0.0472622 0.0279473 0.0913681 -0.0529617 0.0267074 0.120605 -0.0586611 0.0254676 
0.132998 -0.074459 0.0318901 -0.439347 0.0237319 0.06311 -0.456191 0.0136335 0.0707725 
0.145391 -0.0902568 0.0383127 0.157784 -0.106055 0.0447353 -0.473035 0.0035351 0.0784349 
-0.489878 -0.00656333 0.0860974 0.153333 -0.131951 0.0588203 -0.494329 -0.0324596 0.100182 
0.148882 -0.157847 0.0729054 -0.481936 -0.0482575 0.106605 -0.482277 -0.0543918 0.126771 
-0.4527 -0.0539569 0.105365 -0.45304 -0.0600912 0.125531 -0.423463 -0.0596564 0.104125 
-0.423803 -0.0657906 0.124291 -0.394226 -0.0653558 0.102885 -0.394566 -0.0714901 0.123051 
-0.381833 -0.0811537 0.109308 0.131698 -0.17408 0.100734 0.115194 -0.178044 0.0882302 
0.132038 -0.167946 0.0805678 -0.36944 -0.0969515 0.115731 -0.340203 -0.102651 0.114491 
-0.310966 -0.10835 0.113251 -0.281729 -0.11405 0.112011 -0.28207 -0.120184 0.132177 
-0.252492 -0.119749 0.110771 -0.252833 -0.125884 0.130937 -0.223255 -0.125449 0.109531 
-0.223596 -0.131583 0.129697 -0.194018 -0.131148 0.108291 -0.194359 -0.137282 0.128457 
-0.164782 -0.136848 0.107051 -0.165122 -0.142982 0.127217 -0.135545 -0.142547 0.105812 
-0.135885 -0.148681 0.125977 -0.106308 -0.148246 0.104572 -0.106648 -0.154381 0.124738 
-0.0770709 -0.153946 0.103332 -0.0774115 -0.16008 0.123498 -0.047834 -0.159645 0.102092 
-0.0481746 -0.16578 0.122258 -0.0185971 -0.165345 0.100852 -0.0189378 -0.171479 0.121018 
0.0106398 -0.171044 0.0996123 0.0102991 -0.177179 0.119778 0.0398766 -0.176744 0.0983724 
0.039536 -0.182878 0.118538 0.0522696 -0.192542 0.104795 0.0980098 -0.194277 0.116059 
0.0815065 -0.198241 0.103555 0.0983504 -0.188143 0.0958927 0.0646626 -0.208339 0.111218 
-0.182856 0.113752 -0.0373999 -0.182516 0.119886 -0.0575658 -0.19936 0.109788 -0.0499033 
-0.15362 0.108053 -0.0386398 -0.153279 0.114187 -0.0588057 -0.124383 0.102353 -0.0398796 
-0.124042 0.108488 -0.0600455 -0.0951458 0.0966538 -0.0411195 -0.0948052 0.102788 -0.0612854 
-0.0824122 0.0869903 -0.0548628 -0.274677 0.111088 -0.0397612 -0.291521 0.10099 -0.0320987 
-0.245441 0.105389 -0.041001 -0.216204 0.0996896 -0.0422409 -0.0700192 0.0711924 -0.0484402 
-0.0407823 0.065493 -0.0496801 -0.0283894 0.0496951 -0.0432575 -0.337943 0.0904568 -0.00303053 
-0.337602 0.0965911 -0.0231964 -0.354446 0.0864926 -0.015534 -0.308365 0.0908916 -0.0244363 
-0.0159964 0.0338972 -0.0368349 0.0132405 0.0281978 -0.0380748 0.0256335 0.0123999 -0.0316522 
-0.371631 0.0702599 0.0122944 -0.37129 0.0763942 -0.00787152 -0.388134 0.0662958 -0.000209077 
0.0380265 -0.00339794 -0.0252296 0.0376859 -0.00953222 -0.00506375 0.0504195 -0.0191958 -0.018807 
-0.392585 0.0403995 0.013876 0.0624718 -0.0411279 0.00778141 0.0628125 -0.0349937 -0.0123845 
0.0752054 -0.0507915 -0.00596188 -0.409429 0.0303011 0.0215384 -0.426273 0.0202026 0.0292008 
0.0875984 -0.0665894 0.000460694 0.116495 -0.0784231 0.0193867 0.0999914 -0.0823873 0.00688327 
-0.443116 0.0101042 0.0368633 -0.45996 5.79253e-06 0.0445257 0.112384 -0.0981851 0.0133059 
0.141281 -0.110019 0.0322319 0.124777 -0.113983 0.0197284 -0.477145 -0.0162269 0.072354 
-0.464411 -0.0258905 0.0586108 0.13683 -0.135915 0.0463169 0.120326 -0.139879 0.0338135 
-0.481255 -0.0359889 0.0662732 -0.498099 -0.0460874 0.0739356 0.132379 -0.161811 0.0604019 
0.115876 -0.165776 0.0478985 -0.485706 -0.0618852 0.0803582 -0.456469 -0.0675846 0.0791184 
-0.427232 -0.0732841 0.0778785 -0.397995 -0.0789835 0.0766386 -0.368758 -0.084683 0.0753988 
-0.369099 -0.0908173 0.0955646 -0.356366 -0.100481 0.0818213 -0.105967 -0.142112 0.0844059 
-0.12247 -0.146076 0.0719024 -0.105627 -0.135978 0.06424 -0.0763896 -0.141677 0.0630001 
-0.0767303 -0.147812 0.083166 -0.0471528 -0.147377 0.0617603 -0.0474934 -0.153511 0.0819261 
-0.0179159 -0.153076 0.0605204 -0.0182565 -0.159211 0.0806863 0.011321 -0.158776 0.0592805 
0.0109804 -0.16491 0.0794464 0.0405579 -0.164475 0.0580407 0.0402173 -0.170609 0.0782065 
0.0697948 -0.170175 0.0568008 0.0694542 -0.176309 0.0769667 0.0990317 -0.175874 0.0555609 
0.0986911 -0.182008 0.0757268 -0.343973 -0.116279 0.0882439 -0.314736 -0.121978 0.0870041 
-0.285499 -0.127678 0.0857642 -0.256262 -0.133377 0.0845243 -0.227025 -0.139076 0.0832845 
-0.197788 -0.144776 0.0820446 -0.168551 -0.150475 0.0808047 -0.139314 -0.156175 0.0795649 
0.0650033 -0.202205 0.0910517 -0.2451 0.111523 -0.0611669 -0.244759 0.117658 -0.0813328 
-0.261603 0.107559 -0.0736704 -0.215863 0.105824 -0.0624068 -0.215522 0.111958 -0.0825727 
-0.186285 0.106259 -0.0838125 -0.157049 0.100559 -0.0850524 -0.127812 0.0948598 -0.0862923 
-0.0985749 0.0891604 -0.0875321 -0.0696786 0.0773267 -0.0686061 -0.069338 0.083461 -0.088772 
-0.056945 0.0676631 -0.0823494 -0.308025 0.0970259 -0.0446022 -0.307684 0.10316 -0.064768 
-0.324528 0.0930618 -0.0571056 -0.278447 0.0974607 -0.0660079 -0.044552 0.0518652 -0.0759268 
-0.0156557 0.0400315 -0.0570008 -0.0153151 0.0461658 -0.0771667 -0.00292212 0.0303679 -0.0707441 
-0.341372 0.0829633 -0.0494432 -0.358216 0.0728649 -0.0417807 -0.00737303 0.00447163 -0.0566591 
0.00913024 0.00843577 -0.0441556 -0.37506 0.0627665 -0.0341183 -0.391903 0.0526681 -0.0264558 
0.00501996 -0.0113262 -0.0502365 0.0339162 -0.0231599 -0.0313105 0.0174129 -0.0271241 -0.0438139 
-0.396354 0.0267718 -0.0123708 0.0298059 -0.042922 -0.0373913 0.0590428 -0.0486214 -0.0386312 
0.0879391 -0.0604551 -0.0197052 0.0882797 -0.0543208 -0.0398711 0.100673 -0.0701187 -0.0334485 
-0.413198 0.0166733 -0.00470834 -0.430042 0.00657492 0.0029541 0.112725 -0.0920508 -0.00686003 
0.113066 -0.0859166 -0.0270259 0.125459 -0.101714 -0.0206033 -0.446886 -0.00352351 0.0106165 
-0.46373 -0.0136219 0.018279 0.137511 -0.123647 0.00598513 0.137852 -0.117512 -0.0141808 
0.150245 -0.13331 -0.00775817 -0.468181 -0.0395182 0.032364 0.116557 -0.153507 0.00756672 
0.133401 -0.143409 -9.57227e-05 -0.485365 -0.0557509 0.0601923 -0.472632 -0.0654145 0.046449 
-0.0468121 -0.141243 0.0415944 -0.0633154 -0.145207 0.0290909 -0.0464715 -0.135108 0.0214285 
-0.0172346 -0.140808 0.0201886 -0.0175752 -0.146942 0.0403545 0.0120023 -0.146507 0.0189488 
0.0116617 -0.152641 0.0391146 0.0412392 -0.152207 0.0177089 0.0408985 -0.158341 0.0378748 
0.0704761 -0.157906 0.016469 0.0701354 -0.16404 0.0366349 0.0997129 -0.163605 0.0152292 
0.0993723 -0.16974 0.035395 -0.460239 -0.0812124 0.0528716 -0.431002 -0.0869118 0.0516318 
-0.401765 -0.0926113 0.0503919 -0.372528 -0.0983107 0.049152 -0.343291 -0.10401 0.0479122 
-0.343632 -0.110144 0.068078 -0.314054 -0.10971 0.0466723 -0.314395 -0.115844 0.0668382 
-0.284817 -0.115409 0.0454324 -0.285158 -0.121543 0.0655983 -0.272425 -0.131207 0.051855 
-0.197447 -0.138642 0.0618787 -0.213951 -0.142606 0.0493753 -0.197107 -0.132507 0.0417128 
-0.16787 -0.138207 0.040473 -0.168211 -0.144341 0.0606389 -0.138633 -0.143906 0.0392331 
-0.138974 -0.15004 0.059399 -0.109396 -0.149606 0.0379932 -0.0801593 -0.155305 0.0367534 
-0.260031 -0.147005 0.0582776 -0.230795 -0.152704 0.0570377 -0.156708 0.106694 -0.105218 
-0.156367 0.112828 -0.125384 -0.173211 0.102729 -0.117722 -0.143974 0.09703 -0.118962 
-0.248529 0.10403 -0.10758 -0.265373 0.0939314 -0.0999171 -0.219292 0.0983304 -0.108819 
-0.190055 0.092631 -0.110059 -0.131581 0.0812321 -0.112539 -0.102345 0.0755327 -0.113779 
-0.0731076 0.0698332 -0.115019 -0.0442114 0.0579995 -0.0960927 -0.0438707 0.0641338 -0.116259 
-0.0314777 0.0483359 -0.109836 -0.311454 0.0895325 -0.0910148 -0.328298 0.079434 -0.0833523 
-0.282217 0.083833 -0.0922546 -0.0190848 0.0325381 -0.103413 0.0098115 0.0207043 -0.0844874 
0.0101521 0.0268386 -0.104653 0.0225451 0.0110408 -0.0982307 -0.345141 0.0693356 -0.0756899 
-0.361985 0.0592372 -0.0680274 0.00536059 -0.00519195 -0.0704024 0.0180942 -0.0148555 -0.0841457 
-0.37917 0.0430045 -0.0401991 -0.366436 0.0333409 -0.0539424 0.0301466 -0.0367877 -0.0575572 
0.0304872 -0.0306534 -0.0777231 0.0593834 -0.0424871 -0.0587971 0.0597241 -0.0363528 -0.078963 
0.0721171 -0.0521507 -0.0725404 -0.38328 0.0232425 -0.04628 -0.400124 0.013144 -0.0386175 
0.0845101 -0.0679486 -0.0661178 0.113406 -0.0797823 -0.0471918 0.113747 -0.073648 -0.0673577 
0.142643 -0.0854817 -0.0484316 0.142984 -0.0793474 -0.0685975 0.155377 -0.0951453 -0.0621749 
-0.416968 0.00304562 -0.0309551 -0.433812 -0.00705281 -0.0232926 0.138192 -0.111378 -0.0343466 
0.150926 -0.121042 -0.0480899 -0.450656 -0.0171512 -0.0156302 -0.4675 -0.0272497 -0.00796774 
0.146475 -0.146938 -0.0340049 -0.471951 -0.0531459 0.00611728 -0.016894 -0.134673 2.27455e-05 
-0.0333972 -0.138638 -0.0124807 -0.0165533 -0.128539 -0.0201431 0.0126835 -0.134239 -0.021383 
0.0123429 -0.140373 -0.00121712 0.0419204 -0.139938 -0.0226229 0.0415798 -0.146072 -0.00245698 
0.0711573 -0.145637 -0.0238627 0.0708167 -0.151772 -0.00369685 0.100394 -0.151337 -0.0251026 
0.100054 -0.157471 -0.00493671 0.129631 -0.157036 -0.0263425 -0.459558 -0.0689438 0.0125399 
-0.459898 -0.0750781 0.0327057 -0.430321 -0.0746433 0.0113 -0.430661 -0.0807775 0.0314659 
-0.401084 -0.0803427 0.0100601 -0.401424 -0.086477 0.030226 -0.388691 -0.0961405 0.0164827 
-0.109056 -0.143471 0.0178274 -0.125559 -0.147436 0.00532393 -0.108715 -0.137337 -0.00233852 
-0.079478 -0.143037 -0.00357838 -0.0798187 -0.149171 0.0165875 -0.0502411 -0.148736 -0.00481825 
-0.376298 -0.111938 0.0229053 -0.347061 -0.117638 0.0216654 -0.317824 -0.123337 0.0204256 
-0.288587 -0.129037 0.0191857 -0.25935 -0.134736 0.0179458 -0.259691 -0.14087 0.0381117 
-0.230113 -0.140436 0.016706 -0.230454 -0.14657 0.0368719 -0.200876 -0.146135 0.0154661 
-0.17164 -0.151834 0.0142262 -0.142403 -0.157534 0.0129864 -0.189715 0.0987653 -0.130225 
-0.189374 0.1049 -0.150391 -0.206218 0.0948011 -0.142729 -0.160137 0.0992001 -0.151631 
-0.131241 0.0873664 -0.132705 -0.1309 0.0935007 -0.152871 -0.102004 0.081667 -0.133945 
-0.101663 0.0878012 -0.154111 -0.0892703 0.0720034 -0.147688 -0.252299 0.0904021 -0.133826 
-0.269142 0.0803037 -0.126164 -0.223062 0.0847027 -0.135066 -0.0768773 0.0562055 -0.141265 
-0.0476404 0.0505061 -0.142505 -0.0352474 0.0347082 -0.136083 -0.315223 0.0759047 -0.117262 
-0.332067 0.0658063 -0.109599 -0.285986 0.0702053 -0.118501 -0.0228544 0.0189103 -0.12966 
0.00638248 0.0132109 -0.1309 0.0352787 0.00137718 -0.111974 0.0356194 0.00751146 -0.13214 
0.0480124 -0.00828641 -0.125717 -0.348911 0.0557079 -0.101937 -0.365755 0.0456094 -0.0942742 
0.0308278 -0.0245191 -0.097889 0.0604053 -0.0240843 -0.119295 0.0600647 -0.0302186 -0.0991289 
0.0727983 -0.0398821 -0.112872 -0.370206 0.0197132 -0.0801892 0.0848507 -0.0618143 -0.0862837 
0.0851913 -0.05568 -0.10645 0.114088 -0.0675137 -0.0875236 0.114428 -0.0613794 -0.107689 
0.143324 -0.0732132 -0.0887634 0.143665 -0.0670789 -0.108929 0.172561 -0.0789126 -0.0900033 
0.172902 -0.0727783 -0.110169 0.185295 -0.0885762 -0.103747 -0.38705 0.00961474 -0.0725267 
-0.403894 -0.000483688 -0.0648643 0.16811 -0.104809 -0.0759183 0.197688 -0.104374 -0.097324 
0.197347 -0.110508 -0.0771581 0.210081 -0.120172 -0.0909014 -0.420738 -0.0105821 -0.0572018 
-0.437581 -0.0206805 -0.0495394 0.163659 -0.130705 -0.0618332 0.176393 -0.140369 -0.0755765 
0.193237 -0.13027 -0.083239 -0.454766 -0.0369132 -0.021711 -0.442032 -0.0465768 -0.0354543 
0.0422611 -0.133804 -0.0427887 0.0257578 -0.137768 -0.0552922 0.0426017 -0.127669 -0.0629546 
0.0718386 -0.133369 -0.0641945 0.071498 -0.139503 -0.0440286 0.101075 -0.139068 -0.0654344 
0.100735 -0.145203 -0.0452685 0.130312 -0.144768 -0.0666742 0.129972 -0.150902 -0.0465083 
0.159549 -0.150467 -0.0679141 -0.458876 -0.0566753 -0.0277919 -0.47572 -0.0667737 -0.0201295 
-0.0499005 -0.142602 -0.0249841 -0.0664038 -0.146566 -0.0374876 -0.0495599 -0.136467 -0.04515 
-0.020323 -0.142167 -0.0463899 0.0089139 -0.147866 -0.0476297 -0.463327 -0.0825715 -0.0137069 
-0.43409 -0.088271 -0.0149467 -0.404853 -0.0939704 -0.0161866 -0.375617 -0.0996699 -0.0174265 
-0.375957 -0.105804 0.00273941 -0.34638 -0.105369 -0.0186663 -0.34672 -0.111504 0.00149955 
-0.333987 -0.121167 -0.0122437 -0.142062 -0.1514 -0.00717951 -0.158565 -0.155364 -0.0196829 
-0.141721 -0.145265 -0.0273454 -0.112485 -0.150965 -0.0285853 -0.0832477 -0.156664 -0.0298251 
-0.321594 -0.136965 -0.00582117 -0.292357 -0.142664 -0.00706104 -0.26312 -0.148364 -0.0083009 
-0.233883 -0.154063 -0.00954077 -0.204646 -0.159763 -0.0107806 -0.175409 -0.165462 -0.0120205 
-0.222721 0.090837 -0.155232 -0.22238 0.0969713 -0.175398 -0.239224 0.0868728 -0.167735 
-0.193144 0.0912718 -0.176638 -0.163907 0.0855724 -0.177878 -0.13467 0.0798729 -0.179118 
-0.105433 0.0741735 -0.180357 -0.0930399 0.0583756 -0.173935 -0.285646 0.0763396 -0.138667 
-0.285305 0.0824739 -0.158833 -0.302149 0.0723754 -0.151171 -0.256068 0.0767744 -0.160073 
-0.0806469 0.0425778 -0.167512 -0.05141 0.0368783 -0.168752 -0.0225138 0.0250446 -0.149826 
-0.0221731 0.0311789 -0.169992 -0.00978016 0.015381 -0.163569 -0.318993 0.062277 -0.143508 
-0.335837 0.0521786 -0.135846 0.00261283 -0.000416831 -0.157147 0.0318497 -0.00611627 -0.158387 
0.0442427 -0.0219141 -0.151964 -0.352681 0.0420802 -0.128183 -0.369525 0.0319817 -0.120521 
0.0566357 -0.037712 -0.145541 0.0855319 -0.0495457 -0.126615 0.0858726 -0.0434114 -0.146781 
0.114769 -0.0552452 -0.127855 0.115109 -0.0491109 -0.148021 0.144006 -0.0609446 -0.129095 
0.144346 -0.0548103 -0.149261 0.156739 -0.0706082 -0.142838 -0.386709 0.015749 -0.0926926 
-0.386368 0.0218833 -0.112858 -0.403212 0.0117849 -0.105196 0.169132 -0.086406 -0.136416 
0.198029 -0.0982398 -0.11749 0.198369 -0.0921055 -0.137656 0.227265 -0.103939 -0.11873 
0.227606 -0.0978049 -0.138896 0.239999 -0.113603 -0.132473 -0.407663 -0.0141114 -0.091111 
0.223155 -0.123701 -0.124811 0.206311 -0.1338 -0.117148 -0.424848 -0.0303441 -0.0632827 
-0.412114 -0.0400077 -0.077026 0.0721792 -0.127235 -0.0843604 0.0556759 -0.131199 -0.0968638 
0.0725198 -0.1211 -0.104526 0.101757 -0.1268 -0.105766 0.101416 -0.132934 -0.0856002 
0.130994 -0.132499 -0.107006 0.130653 -0.138633 -0.0868401 0.143387 -0.148297 -0.100583 
0.172623 -0.153996 -0.101823 0.189467 -0.143898 -0.109486 -0.429299 -0.0562404 -0.0491976 
-0.416565 -0.065904 -0.0629409 -0.0199824 -0.136033 -0.0665557 -0.0364856 -0.139997 -0.0790592 
-0.0196417 -0.129898 -0.0867216 0.00959516 -0.135598 -0.0879615 0.00925453 -0.141732 -0.0677956 
0.038832 -0.141297 -0.0892014 0.15578 -0.164095 -0.0941608 -0.462987 -0.0764373 -0.0338727 
-0.450253 -0.0861008 -0.0476161 -0.433409 -0.0760024 -0.0552785 -0.112144 -0.144831 -0.0487511 
-0.128647 -0.148795 -0.0612546 -0.111803 -0.138696 -0.068917 -0.0825664 -0.144396 -0.0701569 
-0.082907 -0.15053 -0.049991 -0.0533295 -0.150095 -0.0713968 -0.43786 -0.101899 -0.0411935 
-0.408623 -0.107598 -0.0424334 -0.379386 -0.113298 -0.0436732 -0.350149 -0.118997 -0.0449131 
-0.320912 -0.124696 -0.0461529 -0.321253 -0.130831 -0.025987 -0.291676 -0.130396 -0.0473928 
-0.292016 -0.13653 -0.0272269 -0.262439 -0.136095 -0.0486327 -0.262779 -0.14223 -0.0284668 
-0.233202 -0.141795 -0.0498725 -0.233542 -0.147929 -0.0297066 -0.203965 -0.147494 -0.0511124 
-0.204306 -0.153628 -0.0309465 -0.174728 -0.153194 -0.0523523 -0.175069 -0.159328 -0.0321864 
-0.145491 -0.158893 -0.0535921 -0.134329 0.0860072 -0.199283 -0.133989 0.0921415 -0.219449 
-0.150832 0.0820431 -0.211787 -0.121596 0.0763436 -0.213027 -0.22615 0.0833435 -0.201645 
-0.242994 0.0732451 -0.193982 -0.196913 0.0776441 -0.202884 -0.167676 0.0719447 -0.204124 
-0.109203 0.0605458 -0.206604 -0.0803063 0.0487121 -0.187678 -0.0799657 0.0548463 -0.207844 
-0.0675727 0.0390485 -0.201421 -0.289075 0.0688461 -0.18508 -0.305919 0.0587477 -0.177417 
-0.259838 0.0631467 -0.18632 -0.0551797 0.0232506 -0.194999 -0.0259428 0.0175512 -0.196239 
0.00295346 0.00571745 -0.177313 0.00329409 0.0118517 -0.197479 0.0321903 1.80126e-05 -0.178553 
0.032531 0.0061523 -0.198718 0.044924 -0.00964557 -0.192296 -0.322763 0.0486493 -0.169755 
-0.339606 0.0385509 -0.162093 0.0569763 -0.0315777 -0.165707 0.057317 -0.0254434 -0.185873 
0.0697099 -0.0412413 -0.179451 -0.35645 0.0284524 -0.15443 -0.373294 0.018354 -0.146768 
0.0821029 -0.0570392 -0.173028 0.11134 -0.0627386 -0.174268 0.140577 -0.068438 -0.175508 
0.169473 -0.0802718 -0.156582 0.169814 -0.0741375 -0.176748 0.19871 -0.0859712 -0.157822 
0.19905 -0.0798369 -0.177988 0.227947 -0.0916706 -0.159062 0.228287 -0.0855364 -0.179227 
0.24068 -0.101334 -0.172805 -0.390138 0.00825557 -0.139105 -0.406982 -0.00184285 -0.131443 
0.236229 -0.127231 -0.15872 -0.394589 -0.0176407 -0.12502 -0.39493 -0.023775 -0.104854 
-0.382196 -0.0334386 -0.118598 0.202542 -0.147427 -0.143395 0.219386 -0.137329 -0.151057 
-0.39904 -0.043537 -0.110935 -0.415884 -0.0536354 -0.103273 0.00993579 -0.129463 -0.108127 
-0.00656748 -0.133428 -0.120631 0.0102764 -0.123329 -0.128293 0.0395133 -0.129029 -0.129533 
0.0391727 -0.135163 -0.109367 0.0687502 -0.134728 -0.130773 0.0979871 -0.140427 -0.132013 
0.127224 -0.146127 -0.133253 0.156461 -0.151826 -0.134493 0.15612 -0.157961 -0.114327 
0.185698 -0.157526 -0.135732 -0.433068 -0.0698681 -0.0754444 -0.432728 -0.0637339 -0.0956103 
-0.449572 -0.0738323 -0.0879478 -0.0822258 -0.138261 -0.0903228 -0.0987291 -0.142226 -0.102826 
-0.0818852 -0.132127 -0.110489 -0.0526483 -0.137827 -0.111729 -0.0529889 -0.143961 -0.0915626 
-0.0234114 -0.143526 -0.112968 -0.437519 -0.0957644 -0.0613594 -0.437179 -0.0896301 -0.0815253 
-0.408282 -0.101464 -0.0625992 -0.407942 -0.0953296 -0.0827651 -0.378705 -0.101029 -0.084005 
-0.379046 -0.107163 -0.0638391 -0.349468 -0.106728 -0.0852448 -0.349809 -0.112863 -0.065079 
-0.337075 -0.122526 -0.0788223 -0.14515 -0.152759 -0.073758 -0.161654 -0.156723 -0.0862614 
-0.14481 -0.146625 -0.0939239 -0.115573 -0.152324 -0.0951637 -0.324682 -0.138324 -0.0723997 
-0.295445 -0.144024 -0.0736395 -0.266208 -0.149723 -0.0748794 -0.236971 -0.155423 -0.0761193 
-0.207735 -0.161122 -0.0773591 -0.178498 -0.166821 -0.078599 -0.167336 0.0780789 -0.22429 
-0.166995 0.0842132 -0.244456 -0.183839 0.0741148 -0.236794 -0.137758 0.0785138 -0.245696 
-0.125365 0.0627159 -0.239273 -0.259497 0.069281 -0.206486 -0.259157 0.0754153 -0.226651 
-0.276 0.0653168 -0.218989 -0.22992 0.0697158 -0.227891 -0.200683 0.0640164 -0.229131 
-0.112972 0.0469181 -0.232851 -0.0837353 0.0412186 -0.234091 -0.054839 0.0293849 -0.215165 
-0.0544984 0.0355192 -0.235331 -0.0256022 0.0236855 -0.216405 -0.0252615 0.0298197 -0.23657 
0.00363472 0.017986 -0.217644 0.00397536 0.0241203 -0.23781 0.0328716 0.0122866 -0.218884 
0.0332122 0.0184209 -0.23905 0.0621085 0.00658714 -0.220124 0.0624491 0.0127214 -0.24029 
0.0748421 -0.00307644 -0.233867 -0.292844 0.0552184 -0.211327 -0.309688 0.04512 -0.203664 
0.0576576 -0.0193092 -0.206039 0.0703912 -0.0289727 -0.219782 -0.326532 0.0350215 -0.196002 
-0.343376 0.0249231 -0.188339 0.0824436 -0.0509049 -0.193194 0.0827842 -0.0447706 -0.21336 
0.11168 -0.0566043 -0.194434 0.112021 -0.05047 -0.2146 0.140917 -0.0623038 -0.195674 
0.141258 -0.0561695 -0.21584 0.170154 -0.0680032 -0.196914 0.170495 -0.0618689 -0.217079 
0.199391 -0.0737026 -0.198153 0.199732 -0.0675684 -0.218319 0.228628 -0.0794021 -0.199393 
0.228969 -0.0732678 -0.219559 0.241362 -0.0890657 -0.213137 -0.36022 0.0148247 -0.180677 
-0.377064 0.00472627 -0.173014 0.253414 -0.110998 -0.186548 0.253755 -0.104864 -0.206714 
0.266148 -0.120661 -0.200291 -0.394248 -0.0115064 -0.145186 -0.381515 -0.02117 -0.158929 
0.23246 -0.140858 -0.184967 0.249304 -0.13076 -0.192629 -0.385966 -0.0470663 -0.144844 
0.0398539 -0.122894 -0.149699 0.0233507 -0.126858 -0.162202 0.0401946 -0.11676 -0.169865 
0.0694315 -0.122459 -0.171105 0.0690908 -0.128594 -0.150939 0.0986683 -0.128159 -0.172345 
0.0983277 -0.134293 -0.152179 0.127905 -0.133858 -0.173584 0.127565 -0.139993 -0.153419 
0.157142 -0.139558 -0.174824 0.156801 -0.145692 -0.154658 0.186379 -0.145257 -0.176064 
0.186038 -0.151392 -0.155898 0.215616 -0.150957 -0.177304 -0.40315 -0.063299 -0.117016 
-0.390417 -0.0729626 -0.130759 -0.0523076 -0.131692 -0.131894 -0.0688109 -0.135656 -0.144398 
-0.051967 -0.125558 -0.15206 -0.0227301 -0.131257 -0.1533 -0.0230707 -0.137392 -0.133134 
0.00650677 -0.136957 -0.15454 -0.436838 -0.0834959 -0.101691 -0.424104 -0.0931595 -0.115434 
-0.407261 -0.083061 -0.123097 -0.102499 -0.155853 -0.129073 -0.0856548 -0.145755 -0.136735 
-0.411711 -0.108957 -0.109012 -0.382475 -0.114657 -0.110252 -0.353238 -0.120356 -0.111492 
-0.324001 -0.126056 -0.112731 -0.324341 -0.13219 -0.0925656 -0.294764 -0.131755 -0.113971 
-0.295105 -0.137889 -0.0938054 -0.265527 -0.137455 -0.115211 -0.265868 -0.143589 -0.0950453 
-0.23629 -0.143154 -0.116451 -0.236631 -0.149288 -0.0962852 -0.207053 -0.148853 -0.117691 
-0.207394 -0.154988 -0.097525 -0.177816 -0.154553 -0.118931 -0.178157 -0.160687 -0.0987649 
-0.148579 -0.160252 -0.120171 -0.119343 -0.165952 -0.12141 -0.229579 0.0758501 -0.248057 
-0.229238 0.0819844 -0.268223 -0.246082 0.0718859 -0.260561 -0.200342 0.0701507 -0.249297 
-0.200002 0.0762849 -0.269463 -0.170765 0.0705855 -0.270703 -0.141528 0.064886 -0.271943 
-0.112632 0.0530523 -0.253017 -0.112291 0.0591866 -0.273183 -0.099898 0.0433887 -0.26676 
-0.0541578 0.0416535 -0.255496 -0.0538172 0.0477877 -0.275662 -0.0706611 0.0376893 -0.268 
-0.0249209 0.035954 -0.256736 -0.0245803 0.0420883 -0.276902 0.00431599 0.0302546 -0.257976 
0.00465662 0.0363889 -0.278142 0.0170496 0.020591 -0.271719 -0.262926 0.0617875 -0.252898 
-0.27977 0.0516891 -0.245236 -0.0875049 0.0275909 -0.260337 0.0294426 0.00479314 -0.265297 
0.0586795 -0.000906309 -0.266537 0.0875757 -0.01274 -0.247611 0.0879164 -0.00660574 -0.267777 
0.100309 -0.0224036 -0.261354 -0.296614 0.0415907 -0.237573 -0.313458 0.0314922 -0.229911 
0.0831248 -0.0386363 -0.233526 0.112702 -0.0382015 -0.254931 0.112362 -0.0443358 -0.234766 
0.141599 -0.0500352 -0.236005 0.141939 -0.0439009 -0.256171 0.170835 -0.0557346 -0.237245 
0.171176 -0.0496003 -0.257411 0.200072 -0.0614341 -0.238485 0.200413 -0.0552998 -0.258651 
0.229309 -0.0671335 -0.239725 0.22965 -0.0609992 -0.259891 0.242043 -0.0767971 -0.253468 
-0.330302 0.0213938 -0.222248 -0.347146 0.0112954 -0.214586 0.254095 -0.0987292 -0.22688 
0.254436 -0.092595 -0.247046 0.266829 -0.108393 -0.240623 -0.36433 -0.00493731 -0.186758 
-0.351597 -0.0146009 -0.200501 0.262378 -0.134289 -0.226538 -0.368781 -0.0308336 -0.172673 
-0.356048 -0.0404972 -0.186416 0.128246 -0.127724 -0.19375 0.111743 -0.131688 -0.206254 
0.128586 -0.12159 -0.213916 0.157823 -0.127289 -0.215156 0.157483 -0.133424 -0.19499 
0.18706 -0.132989 -0.216396 0.18672 -0.139123 -0.19623 0.216297 -0.138688 -0.217636 
0.215957 -0.144822 -0.19747 0.245534 -0.144388 -0.218876 -0.373232 -0.0567299 -0.158588 
-0.360498 -0.0663935 -0.172331 -0.0223895 -0.125123 -0.173466 -0.0388928 -0.129087 -0.185969 
-0.0220489 -0.118989 -0.193632 0.00718803 -0.124688 -0.194872 0.0068474 -0.130823 -0.174706 
0.0364249 -0.130388 -0.196112 0.0656618 -0.136087 -0.197351 0.0948987 -0.141787 -0.198591 
-0.377683 -0.0826262 -0.144503 -0.364949 -0.0922898 -0.158246 -0.0853142 -0.139621 -0.156901 
-0.101817 -0.143585 -0.169405 -0.0849735 -0.133486 -0.177067 -0.0557366 -0.139186 -0.178307 
-0.411371 -0.102823 -0.129178 -0.382134 -0.108522 -0.130418 -0.352556 -0.108088 -0.151823 
-0.352897 -0.114222 -0.131657 -0.340163 -0.123885 -0.145401 -0.119002 -0.159817 -0.141576 
-0.135505 -0.163782 -0.15408 -0.118661 -0.153683 -0.161742 -0.32777 -0.139683 -0.138978 
-0.298534 -0.145383 -0.140218 -0.269297 -0.151082 -0.141458 -0.24006 -0.156782 -0.142698 
-0.210823 -0.162481 -0.143938 -0.181586 -0.168181 -0.145177 -0.152349 -0.17388 -0.146417 
-0.141187 0.0710203 -0.292109 -0.140847 0.0771546 -0.312274 -0.15769 0.0670562 -0.304612 
-0.11195 0.0653209 -0.293348 -0.11161 0.0714552 -0.313514 -0.0992167 0.0556573 -0.307092 
-0.233349 0.0622224 -0.274304 -0.220615 0.0525588 -0.288047 -0.203771 0.0626572 -0.29571 
-0.174534 0.0569578 -0.29695 -0.0871643 0.0337252 -0.280503 -0.0868237 0.0398595 -0.300669 
-0.0575868 0.03416 -0.301909 -0.0283499 0.0284606 -0.303149 0.000886967 0.0227611 -0.304389 
0.0297832 0.0109274 -0.285463 0.0301239 0.0170617 -0.305629 0.0590201 0.00522797 -0.286703 
0.0593607 0.0113623 -0.306868 0.088257 -0.000471466 -0.287942 0.0885976 0.00566282 -0.308108 
0.117494 -0.0061709 -0.289182 0.117835 -3.66241e-05 -0.309348 0.130227 -0.0158345 -0.302926 
-0.267037 0.0420255 -0.258979 -0.254303 0.0323619 -0.272722 -0.237459 0.0424604 -0.280385 
0.113043 -0.0320672 -0.275097 0.14262 -0.0316323 -0.296503 0.14228 -0.0377666 -0.276337 
0.171517 -0.0434661 -0.277577 0.171857 -0.0373318 -0.297743 0.200754 -0.0491655 -0.278817 
0.201094 -0.0430312 -0.298983 0.229991 -0.054865 -0.280057 0.230331 -0.0487307 -0.300223 
0.259227 -0.0605644 -0.281297 0.259568 -0.0544301 -0.301463 0.271961 -0.070228 -0.29504 
-0.300724 0.0218287 -0.243654 -0.287991 0.0121651 -0.257397 -0.271147 0.0222635 -0.26506 
0.254777 -0.0864607 -0.267212 0.284354 -0.0860258 -0.288617 0.284013 -0.0921601 -0.268452 
0.296747 -0.101824 -0.282195 -0.334412 0.00163181 -0.228329 -0.321679 -0.00803177 -0.242073 
-0.304835 0.00206666 -0.249735 0.279562 -0.118056 -0.254366 0.292296 -0.12772 -0.26811 
-0.338863 -0.0242645 -0.214244 -0.326129 -0.0339281 -0.227988 0.245875 -0.138253 -0.239042 
0.229371 -0.142217 -0.251545 0.246215 -0.132119 -0.259207 0.275452 -0.137818 -0.260447 
-0.342973 -0.0440265 -0.220325 -0.359817 -0.0541249 -0.212663 0.00752866 -0.118554 -0.215038 
-0.0089746 -0.122518 -0.227541 0.0078693 -0.11242 -0.235204 0.0371062 -0.118119 -0.236443 
0.0367655 -0.124253 -0.216277 0.0663431 -0.123819 -0.237683 0.0660024 -0.129953 -0.217517 
0.09558 -0.129518 -0.238923 0.0952393 -0.135652 -0.218757 0.124817 -0.135218 -0.240163 
0.154054 -0.140917 -0.241403 0.183291 -0.146616 -0.242643 0.212527 -0.152316 -0.243883 
-0.364268 -0.0800212 -0.198578 -0.055396 -0.133051 -0.198473 -0.0718993 -0.137016 -0.210976 
-0.0550554 -0.126917 -0.218639 -0.0258185 -0.132617 -0.219879 -0.381453 -0.0962539 -0.170749 
-0.381112 -0.0901196 -0.190915 -0.397956 -0.100218 -0.183253 -0.105587 -0.157212 -0.195651 
-0.0887432 -0.147114 -0.203314 -0.385563 -0.116016 -0.17683 -0.356326 -0.121715 -0.17807 
-0.327089 -0.127415 -0.17931 -0.32743 -0.133549 -0.159144 -0.297852 -0.133114 -0.18055 
-0.298193 -0.139249 -0.160384 -0.285459 -0.148912 -0.174127 -0.152009 -0.167746 -0.166583 
-0.168512 -0.17171 -0.179087 -0.151668 -0.161611 -0.186749 -0.122431 -0.167311 -0.187989 
-0.273066 -0.16471 -0.167705 -0.243829 -0.170409 -0.168944 -0.214593 -0.176109 -0.170184 
-0.185356 -0.181808 -0.171424 -0.111269 0.0775895 -0.33368 -0.110928 0.0837237 -0.353846 
-0.127772 0.0736253 -0.346184 -0.0985354 0.0679259 -0.347423 -0.174194 0.0630921 -0.317115 
-0.173853 0.0692263 -0.337281 -0.190697 0.0591279 -0.329619 -0.144616 0.0635269 -0.338521 
-0.0864831 0.0459937 -0.320835 -0.0861424 0.052128 -0.341001 -0.0572462 0.0402943 -0.322075 
-0.0569055 0.0464286 -0.342241 -0.0280093 0.0345949 -0.323315 -0.0276687 0.0407291 -0.343481 
0.0012276 0.0288954 -0.324555 0.00156823 0.0350297 -0.344721 0.0304645 0.023196 -0.325795 
0.0308051 0.0293302 -0.34596 0.0597014 0.0174965 -0.327034 0.060042 0.0236308 -0.3472 
0.0889383 0.0117971 -0.328274 0.0892789 0.0179314 -0.34844 0.118175 0.00609766 -0.329514 
0.118516 0.0122319 -0.34968 0.130909 -0.00356592 -0.343257 -0.207541 0.0490295 -0.321956 
-0.224385 0.0389311 -0.314294 0.142961 -0.0254981 -0.316669 0.143302 -0.0193638 -0.336835 
0.172198 -0.0311975 -0.317909 0.172539 -0.0250632 -0.338075 0.201435 -0.0368969 -0.319149 
0.201776 -0.0307627 -0.339315 0.230672 -0.0425964 -0.320389 0.231012 -0.0364621 -0.340554 
0.259909 -0.0482958 -0.321628 0.260249 -0.0421615 -0.341794 0.272642 -0.0579594 -0.335372 
-0.241229 0.0288326 -0.306632 -0.258073 0.0187342 -0.298969 0.284695 -0.0798915 -0.308783 
0.285035 -0.0737573 -0.328949 0.297428 -0.0895551 -0.322527 -0.274916 0.00863578 -0.291307 
-0.29176 -0.00146265 -0.283644 0.292977 -0.115451 -0.308442 -0.308945 -0.0176954 -0.255816 
-0.296211 -0.0273589 -0.269559 0.275793 -0.131684 -0.280613 0.25929 -0.135648 -0.293117 
0.276133 -0.12555 -0.300779 -0.313055 -0.0374574 -0.261897 -0.329899 -0.0475558 -0.254234 
0.0666837 -0.117684 -0.257849 0.0501804 -0.121648 -0.270353 0.0670243 -0.11155 -0.278015 
0.0962612 -0.117249 -0.279255 0.0959206 -0.123384 -0.259089 0.125498 -0.122949 -0.280495 
0.125157 -0.129083 -0.260329 0.154735 -0.128648 -0.281735 0.154394 -0.134783 -0.261569 
0.183972 -0.134348 -0.282974 0.183631 -0.140482 -0.262809 0.213209 -0.140047 -0.284214 
0.212868 -0.146182 -0.264048 0.242446 -0.145747 -0.285454 -0.347084 -0.0637885 -0.226406 
-0.33435 -0.0734521 -0.240149 -0.0254779 -0.126482 -0.240045 -0.0419811 -0.130446 -0.252548 
-0.0251372 -0.120348 -0.26021 0.00409965 -0.126047 -0.26145 0.0333365 -0.131747 -0.26269 
-0.351535 -0.0896848 -0.212321 -0.338801 -0.0993484 -0.226064 -0.0884026 -0.14098 -0.22348 
-0.104906 -0.144944 -0.235983 -0.0880619 -0.134845 -0.243646 -0.058825 -0.140545 -0.244885 
-0.385222 -0.109882 -0.196996 -0.355985 -0.115581 -0.198236 -0.343252 -0.125245 -0.211979 
-0.151327 -0.155477 -0.206915 -0.167831 -0.159441 -0.219418 -0.150987 -0.149343 -0.227081 
-0.12175 -0.155042 -0.228321 -0.12209 -0.161177 -0.208155 -0.330859 -0.141043 -0.205557 
-0.301622 -0.146742 -0.206797 -0.272385 -0.152441 -0.208036 -0.272726 -0.158576 -0.187871 
-0.243148 -0.158141 -0.209276 -0.243489 -0.164275 -0.18911 -0.213911 -0.16384 -0.210516 
-0.214252 -0.169975 -0.19035 -0.184674 -0.16954 -0.211756 -0.185015 -0.175674 -0.19159 
-0.114698 0.070096 -0.380093 -0.131542 0.0599976 -0.37243 -0.0858018 0.0582623 -0.361167 
-0.0854612 0.0643966 -0.381333 -0.0565649 0.0525629 -0.362407 -0.0562243 0.0586971 -0.382573 
-0.027328 0.0468634 -0.363647 -0.0269874 0.0529977 -0.383812 0.00190886 0.041164 -0.364886 
0.00224949 0.0472983 -0.385052 0.0311457 0.0354645 -0.366126 0.0314864 0.0415988 -0.386292 
0.0603826 0.0297651 -0.367366 0.0607233 0.0358994 -0.387532 0.0896195 0.0240657 -0.368606 
0.0899602 0.0301999 -0.388772 0.118856 0.0183662 -0.369846 0.119197 0.0245005 -0.390012 
0.13159 0.00870263 -0.383589 -0.177623 0.0555986 -0.363528 -0.194467 0.0455002 -0.355866 
-0.148386 0.0498992 -0.364768 0.143642 -0.0132295 -0.357001 0.143983 -0.00709523 -0.377167 
0.172879 -0.0189289 -0.358241 0.17322 -0.0127947 -0.378406 0.202116 -0.0246284 -0.359481 
0.202457 -0.0184941 -0.379646 0.231353 -0.0303278 -0.36072 0.231694 -0.0241935 -0.380886 
0.26059 -0.0360273 -0.36196 0.260931 -0.029893 -0.382126 0.289827 -0.0417267 -0.3632 
0.290167 -0.0355924 -0.383366 0.30256 -0.0513903 -0.376943 -0.211311 0.0354018 -0.348203 
-0.228154 0.0253033 -0.340541 0.285376 -0.067623 -0.349115 0.314953 -0.0671882 -0.370521 
0.314613 -0.0733224 -0.350355 0.327346 -0.082986 -0.364098 -0.244998 0.0152049 -0.332878 
-0.261842 0.00510648 -0.325216 0.310162 -0.0992187 -0.33627 0.322895 -0.108882 -0.350013 
-0.279027 -0.0111262 -0.297388 -0.266293 -0.0207898 -0.311131 0.289208 -0.129079 -0.334688 
0.306052 -0.118981 -0.342351 -0.283137 -0.0308882 -0.303468 -0.299981 -0.0409867 -0.295806 
0.125839 -0.116815 -0.300661 0.109335 -0.120779 -0.313164 0.126179 -0.11068 -0.320827 
0.155416 -0.11638 -0.322066 0.155076 -0.122514 -0.3019 0.184653 -0.122079 -0.323306 
0.184313 -0.128214 -0.30314 0.21389 -0.127779 -0.324546 0.213549 -0.133913 -0.30438 
0.243127 -0.133478 -0.325786 0.242786 -0.139612 -0.30562 0.272364 -0.139178 -0.327026 
-0.317165 -0.0572194 -0.267978 -0.304432 -0.066883 -0.281721 0.00444028 -0.119913 -0.281616 
-0.012063 -0.123877 -0.29412 0.00478091 -0.113779 -0.301782 0.0340178 -0.119478 -0.303022 
0.0336772 -0.125613 -0.282856 0.0632547 -0.125178 -0.304262 0.0924916 -0.130877 -0.305502 
-0.321616 -0.0831157 -0.253893 -0.308883 -0.0927792 -0.267636 -0.0457508 -0.144074 -0.278795 
-0.0289069 -0.133976 -0.286457 -0.325727 -0.102878 -0.259973 -0.342571 -0.112976 -0.252311 
-0.121409 -0.148908 -0.248487 -0.137912 -0.152872 -0.26099 -0.121068 -0.142774 -0.268652 
-0.0918316 -0.148473 -0.269892 -0.0625947 -0.154173 -0.271132 -0.330178 -0.128774 -0.245888 
-0.330518 -0.134908 -0.225723 -0.300941 -0.134473 -0.247128 -0.301281 -0.140608 -0.226962 
-0.271704 -0.140173 -0.248368 -0.272044 -0.146307 -0.228202 -0.242467 -0.145872 -0.249608 
-0.242808 -0.152007 -0.229442 -0.21323 -0.151572 -0.250848 -0.213571 -0.157706 -0.230682 
-0.183993 -0.157271 -0.252088 -0.184334 -0.163405 -0.231922 -0.154756 -0.162971 -0.253328 
0.0362779 0.0736294 -0.420543 0.0366186 0.0797637 -0.440709 0.0197747 0.0696653 -0.433047 
0.0655148 0.06793 -0.421783 0.0658554 0.0740643 -0.441949 0.0947517 0.0622305 -0.423023 
0.0950923 0.0683648 -0.443189 0.107485 0.0525669 -0.436766 -0.0851205 0.0705309 -0.401499 
-0.0847799 0.0766651 -0.421664 -0.101624 0.0665667 -0.414002 -0.0723869 0.0608673 -0.415242 
-0.0266468 0.059132 -0.403978 -0.0263061 0.0652663 -0.424144 -0.04315 0.0551678 -0.416482 
0.00259012 0.0534325 -0.405218 0.00293076 0.0595668 -0.425384 0.031827 0.0477331 -0.406458 
0.0610639 0.0420337 -0.407698 0.0903008 0.0363342 -0.408938 0.119878 0.0367691 -0.430344 
0.119538 0.0306348 -0.410178 0.148775 0.0249353 -0.411417 0.149115 0.0310696 -0.431583 
0.178011 0.0192359 -0.412657 0.178352 0.0253702 -0.432823 0.207248 0.0135365 -0.413897 
0.207589 0.0196708 -0.434063 0.219982 0.00387288 -0.427641 -0.148045 0.0560335 -0.384934 
-0.147705 0.0621677 -0.4051 -0.164548 0.0520693 -0.397437 -0.118468 0.0564683 -0.40634 
-0.0599939 0.0450694 -0.408819 0.144324 -0.000960948 -0.397332 0.173561 -0.00666039 -0.398572 
0.202797 -0.0123598 -0.399812 0.232375 -0.011925 -0.421218 0.232034 -0.0180593 -0.401052 
0.261271 -0.0237587 -0.402292 0.261612 -0.0176244 -0.422458 0.290508 -0.0294581 -0.403532 
0.290849 -0.0233239 -0.423698 0.319745 -0.0351576 -0.404772 0.320086 -0.0290233 -0.424938 
0.332479 -0.0448212 -0.418515 -0.181392 0.0419709 -0.389775 -0.198236 0.0318725 -0.382112 
0.315294 -0.0610539 -0.390687 0.344872 -0.060619 -0.412092 0.344531 -0.0667533 -0.391926 
0.357265 -0.0764169 -0.40567 -0.21508 0.021774 -0.37445 -0.231924 0.0116756 -0.366787 
0.34008 -0.0926496 -0.377841 0.352814 -0.102313 -0.391585 -0.248768 0.00157718 -0.359125 
-0.265612 -0.00852124 -0.351463 0.319126 -0.12251 -0.37626 0.33597 -0.112412 -0.383922 
-0.270063 -0.0344175 -0.337377 0.184994 -0.115945 -0.343472 0.16849 -0.119909 -0.355976 
0.185334 -0.109811 -0.363638 0.214571 -0.11551 -0.364878 0.214231 -0.121644 -0.344712 
0.243808 -0.12121 -0.366118 0.243468 -0.127344 -0.345952 0.273045 -0.126909 -0.367358 
0.272704 -0.133043 -0.347192 0.302282 -0.132608 -0.368597 -0.286907 -0.044516 -0.329715 
-0.303751 -0.0546144 -0.322053 0.0343584 -0.113344 -0.323188 0.0178552 -0.117308 -0.335691 
0.0346991 -0.10721 -0.343354 0.0639359 -0.112909 -0.344593 0.0635953 -0.119044 -0.324428 
0.0931728 -0.118609 -0.345833 0.0928322 -0.124743 -0.325668 0.12241 -0.124308 -0.347073 
0.151647 -0.130008 -0.348313 -0.308201 -0.0805107 -0.307968 -0.0285663 -0.127841 -0.306623 
-0.0450695 -0.131806 -0.319126 -0.0282256 -0.121707 -0.326789 0.00101126 -0.127407 -0.328029 
-0.312652 -0.106407 -0.293883 -0.0622541 -0.148038 -0.291298 -0.0787573 -0.152002 -0.303802 
-0.0619134 -0.141904 -0.311464 -0.329837 -0.12264 -0.266054 -0.317103 -0.132303 -0.279798 
-0.212889 -0.145437 -0.271014 -0.229393 -0.149402 -0.283517 -0.212549 -0.139303 -0.29118 
-0.183312 -0.145003 -0.292419 -0.183653 -0.151137 -0.272254 -0.154075 -0.150702 -0.293659 
-0.154416 -0.156836 -0.273493 -0.124838 -0.156401 -0.294899 -0.0956012 -0.162101 -0.296139 
-0.30471 -0.148101 -0.273375 -0.275473 -0.153801 -0.274615 -0.246237 -0.1595 -0.275855 
0.133572 0.120592 -0.492764 0.133912 0.126727 -0.51293 0.117068 0.116628 -0.505268 
0.162809 0.114893 -0.494004 0.163149 0.121027 -0.51417 0.175542 0.105229 -0.507748 
0.0998839 0.100395 -0.47744 0.100225 0.10653 -0.497605 0.0833806 0.0964312 -0.489943 
0.129121 0.0946959 -0.478679 0.158358 0.0889965 -0.479919 0.187935 0.0894313 -0.501325 
0.187595 0.0832971 -0.481159 0.216831 0.0775976 -0.482399 0.217172 0.0837319 -0.502565 
0.229565 0.067934 -0.496142 0.0369592 0.0858979 -0.460875 0.0372998 0.0920322 -0.481041 
0.0204559 0.0819338 -0.473378 0.0661961 0.0801985 -0.462115 0.0665367 0.0863328 -0.482281 
0.095433 0.0744991 -0.463355 0.12467 0.0687996 -0.464594 0.153907 0.0631002 -0.465834 
0.183144 0.0574008 -0.467074 0.212381 0.0517013 -0.468314 0.241958 0.0521362 -0.48972 
0.241617 0.0460019 -0.469554 0.254351 0.0363383 -0.483297 -0.0259655 0.0714006 -0.44431 
-0.0256249 0.0775348 -0.464476 -0.0424688 0.0674364 -0.456814 0.00327139 0.0657011 -0.44555 
0.00361202 0.0718354 -0.465716 0.120219 0.0429034 -0.450509 0.149456 0.0372039 -0.451749 
0.178693 0.0315045 -0.452989 0.20793 0.025805 -0.454229 0.237166 0.0201056 -0.455469 
0.266744 0.0205404 -0.476875 0.266403 0.0144062 -0.456709 0.29564 0.00870672 -0.457949 
0.295981 0.014841 -0.478114 0.324877 0.00300728 -0.459188 0.325218 0.00914157 -0.479354 
0.337611 -0.0066563 -0.472932 -0.0885496 0.0630374 -0.447911 -0.105393 0.052939 -0.440249 
-0.0596533 0.0512037 -0.428985 -0.0593127 0.057338 -0.449151 0.232716 -0.0057907 -0.441384 
0.261952 -0.0114901 -0.442624 0.291189 -0.0171896 -0.443864 0.320426 -0.022889 -0.445103 
0.33316 -0.0325526 -0.458847 -0.151474 0.04854 -0.431346 -0.168318 0.0384416 -0.423684 
-0.122237 0.0428406 -0.432586 0.345212 -0.0544847 -0.432258 0.345553 -0.0483505 -0.452424 
0.357946 -0.0641483 -0.446002 -0.185162 0.0283432 -0.416022 -0.202006 0.0182447 -0.408359 
0.353495 -0.0900446 -0.431917 -0.21885 0.0081463 -0.400697 -0.235694 -0.00195212 -0.393034 
0.349044 -0.115941 -0.417832 -0.252878 -0.0181848 -0.365206 -0.240145 -0.0278484 -0.378949 
0.244149 -0.115075 -0.386284 0.227646 -0.119039 -0.398787 0.244489 -0.108941 -0.406449 
0.273726 -0.11464 -0.407689 0.273386 -0.120775 -0.387523 0.302963 -0.12034 -0.408929 
0.302623 -0.126474 -0.388763 0.3322 -0.126039 -0.410169 -0.256989 -0.0379468 -0.371287 
-0.273832 -0.0480453 -0.363624 0.0935135 -0.112474 -0.365999 0.0770102 -0.116439 -0.378503 
0.0938541 -0.10634 -0.386165 0.123091 -0.11204 -0.387405 0.12275 -0.118174 -0.367239 
0.152328 -0.117739 -0.388645 0.151987 -0.123873 -0.368479 0.181565 -0.123438 -0.389885 
0.210802 -0.129138 -0.391125 -0.291017 -0.064278 -0.335796 -0.278283 -0.0739415 -0.349539 
0.00135189 -0.121272 -0.348195 -0.0151514 -0.125236 -0.360698 0.00169252 -0.115138 -0.36836 
0.0309294 -0.120838 -0.3696 0.0601663 -0.126537 -0.37084 -0.295468 -0.0901743 -0.321711 
-0.282734 -0.0998378 -0.335454 -0.0488392 -0.145433 -0.345373 -0.0319953 -0.135335 -0.353036 
-0.299578 -0.109936 -0.327792 -0.316422 -0.120035 -0.320129 -0.153734 -0.144568 -0.313825 
-0.170238 -0.148532 -0.326329 -0.153394 -0.138433 -0.333991 -0.124157 -0.144133 -0.335231 
-0.124497 -0.150267 -0.315065 -0.09492 -0.149832 -0.336471 -0.0952606 -0.155967 -0.316305 
-0.0656831 -0.155532 -0.337711 -0.304029 -0.135833 -0.313707 -0.30437 -0.141967 -0.293541 
-0.274792 -0.141532 -0.314947 -0.275133 -0.147666 -0.294781 -0.245555 -0.147231 -0.316186 
-0.245896 -0.153366 -0.296021 -0.216318 -0.152931 -0.317426 -0.187082 -0.15863 -0.318666 
0.197178 0.147358 -0.549661 0.197518 0.153492 -0.569827 0.180674 0.143394 -0.562164 
0.226415 0.141659 -0.550901 0.226755 0.147793 -0.571067 0.239148 0.131995 -0.564644 
0.134253 0.132861 -0.533096 0.134594 0.138995 -0.553262 0.11775 0.128897 -0.5456 
0.16349 0.127161 -0.534336 0.16383 0.133296 -0.554502 0.192727 0.121462 -0.535576 
0.221964 0.115762 -0.536816 0.251541 0.116197 -0.558222 0.2512 0.110063 -0.538056 
0.263934 0.100399 -0.551799 0.100565 0.112664 -0.517771 0.100906 0.118798 -0.537937 
0.0840619 0.1087 -0.530275 0.188276 0.0955656 -0.521491 0.217513 0.0898662 -0.522731 
0.24675 0.0841667 -0.523971 0.276327 0.0846016 -0.545376 0.275986 0.0784673 -0.52521 
0.305223 0.0727679 -0.52645 0.305564 0.0789021 -0.546616 0.33446 0.0670684 -0.52769 
0.334801 0.0732027 -0.547856 0.347194 0.0574048 -0.541434 0.0376404 0.0981665 -0.501207 
0.0379811 0.104301 -0.521372 0.0211372 0.0942024 -0.51371 0.0668773 0.0924671 -0.502446 
0.067218 0.0986013 -0.522612 0.242299 0.0582705 -0.509886 0.271536 0.052571 -0.511125 
0.300772 0.0468716 -0.512365 0.330009 0.0411721 -0.513605 0.359587 0.041607 -0.535011 
0.359246 0.0354727 -0.514845 0.37198 0.0258091 -0.528588 -0.0252842 0.0836691 -0.484642 
-0.0249436 0.0898034 -0.504808 -0.0417875 0.079705 -0.497145 0.00395265 0.0779697 -0.485882 
0.00429328 0.0841039 -0.506048 0.267085 0.0266747 -0.49704 0.296322 0.0209753 -0.49828 
0.325558 0.0152758 -0.49952 0.354795 0.0095764 -0.50076 0.367529 -8.7195e-05 -0.514503 
-0.058972 0.0634723 -0.469317 -0.0586314 0.0696065 -0.489483 -0.0754753 0.0595081 -0.48182 
0.350344 -0.0163199 -0.486675 0.363078 -0.0259835 -0.500418 -0.121897 0.0489748 -0.452752 
-0.121556 0.0551091 -0.472918 -0.1384 0.0450107 -0.465256 -0.0923192 0.0494097 -0.474158 
0.345893 -0.0422162 -0.47259 0.375471 -0.0417813 -0.493996 0.37513 -0.0479156 -0.47383 
0.387864 -0.0575792 -0.487573 -0.155244 0.0349123 -0.457593 -0.172088 0.0248138 -0.449931 
0.370679 -0.0738119 -0.459745 0.383413 -0.0834755 -0.473488 -0.189272 0.00858115 -0.422102 
-0.176539 -0.00108245 -0.435846 0.366229 -0.0997082 -0.44566 0.378962 -0.109372 -0.459403 
-0.22296 -0.0116157 -0.406778 -0.210226 -0.0212793 -0.420521 -0.193383 -0.0111809 -0.428183 
0.24483 -0.102807 -0.426615 0.228327 -0.106771 -0.439119 0.245171 -0.0966725 -0.446781 
0.274408 -0.102372 -0.448021 0.274067 -0.108506 -0.427855 0.303644 -0.108071 -0.449261 
0.303304 -0.114206 -0.429095 0.332881 -0.113771 -0.450501 0.332541 -0.119905 -0.430335 
0.362118 -0.11947 -0.451741 -0.22707 -0.0313777 -0.412858 -0.243914 -0.0414761 -0.405196 
0.123432 -0.105905 -0.407571 0.106928 -0.109869 -0.420074 0.123772 -0.099771 -0.427737 
0.153009 -0.10547 -0.428977 0.152668 -0.111605 -0.408811 0.182246 -0.11117 -0.430217 
0.181905 -0.117304 -0.410051 0.211483 -0.116869 -0.431456 0.211142 -0.123004 -0.41129 
-0.261099 -0.0577088 -0.377368 -0.248365 -0.0673724 -0.391111 0.03127 -0.114703 -0.389766 
0.0147668 -0.118667 -0.40227 0.0316107 -0.108569 -0.409932 0.0608476 -0.114268 -0.411172 
0.0605069 -0.120403 -0.391006 0.0900844 -0.119968 -0.412412 -0.265209 -0.0774709 -0.383449 
-0.282053 -0.0875693 -0.375786 -0.0316546 -0.129201 -0.373201 -0.0481579 -0.133165 -0.385705 
-0.031314 -0.123066 -0.393367 -0.00207713 -0.128766 -0.394607 -0.26966 -0.103367 -0.369363 
-0.270001 -0.109501 -0.349198 -0.257267 -0.119165 -0.362941 -0.0653424 -0.149397 -0.357877 
-0.0818457 -0.153362 -0.37038 -0.0650018 -0.143263 -0.378043 -0.303688 -0.129698 -0.333873 
-0.290955 -0.139362 -0.347616 -0.274111 -0.129263 -0.355278 -0.215978 -0.146797 -0.337592 
-0.232481 -0.150761 -0.350096 -0.215637 -0.140662 -0.357758 -0.1864 -0.146362 -0.358998 
-0.186741 -0.152496 -0.338832 -0.157163 -0.152061 -0.360238 -0.127926 -0.157761 -0.361478 
-0.0986896 -0.16346 -0.362718 -0.278562 -0.15516 -0.341193 -0.249325 -0.160859 -0.342433 
0.164171 0.13943 -0.574668 0.164512 0.145564 -0.594834 0.147668 0.135466 -0.587171 
0.193749 0.139865 -0.596074 0.222985 0.134165 -0.597314 0.251882 0.122332 -0.578388 
0.252222 0.128466 -0.598553 0.264615 0.112668 -0.592131 0.101246 0.124932 -0.558103 
0.101587 0.131067 -0.578269 0.0847431 0.120968 -0.570607 0.130824 0.125367 -0.579509 
0.276668 0.0907358 -0.565542 0.277008 0.0968701 -0.585708 0.305905 0.0850364 -0.566782 
0.306245 0.0911707 -0.586948 0.335141 0.079337 -0.568022 0.335482 0.0854712 -0.588188 
0.364378 0.0736375 -0.569262 0.364719 0.0797718 -0.589428 0.393615 0.0679381 -0.570502 
0.393956 0.0740724 -0.590668 0.406349 0.0582745 -0.584245 0.0383217 0.110435 -0.541538 
0.0386623 0.116569 -0.561704 0.0218184 0.106471 -0.554042 0.0675586 0.104736 -0.542778 
0.0678992 0.11087 -0.562944 0.359927 0.0477412 -0.555177 0.389164 0.0420418 -0.556417 
0.418742 0.0424766 -0.577823 0.418401 0.0363424 -0.557657 0.431135 0.0266788 -0.5714 
0.00463391 0.0902382 -0.526213 0.00497454 0.0963725 -0.546379 -0.0118694 0.0862741 -0.538717 
0.384713 0.0161455 -0.542332 0.397447 0.00648193 -0.556075 0.414291 0.0165804 -0.563737 
-0.0287133 0.0761756 -0.531054 -0.0455572 0.0660772 -0.523392 0.363759 -0.0137149 -0.54075 
0.380603 -0.00361649 -0.548413 -0.0624011 0.0559788 -0.51573 -0.079245 0.0458804 -0.508067 
0.376152 -0.0295128 -0.534328 0.375812 -0.0356471 -0.514162 0.388545 -0.0453106 -0.527905 
-0.125666 0.0353471 -0.478999 -0.112933 0.0256835 -0.492742 -0.0960889 0.035782 -0.500405 
0.384094 -0.0712069 -0.51382 -0.159354 0.0151502 -0.463674 -0.146621 0.00548667 -0.477417 
-0.129777 0.0155851 -0.48508 0.379643 -0.0971032 -0.499735 -0.163464 -0.00461176 -0.469755 
-0.180308 -0.0147102 -0.462092 0.274748 -0.0962376 -0.468187 0.258245 -0.100202 -0.48069 
0.275089 -0.0901033 -0.488353 0.304326 -0.0958028 -0.489593 0.303985 -0.101937 -0.469427 
0.333563 -0.101502 -0.490833 0.333222 -0.107637 -0.470667 0.362799 -0.107202 -0.492072 
0.362459 -0.113336 -0.471907 -0.197152 -0.0248086 -0.45443 -0.213996 -0.034907 -0.446768 
0.124113 -0.0936367 -0.447903 0.10761 -0.0976009 -0.460406 0.124453 -0.0875024 -0.468069 
0.15369 -0.0932019 -0.469308 0.15335 -0.0993362 -0.449143 0.182927 -0.0989013 -0.470548 
0.182587 -0.105036 -0.450382 0.212164 -0.104601 -0.471788 0.211824 -0.110735 -0.451622 
0.241401 -0.1103 -0.473028 -0.231181 -0.0511397 -0.418939 -0.218447 -0.0608033 -0.432683 
0.0611882 -0.108134 -0.431338 0.0446849 -0.112098 -0.443841 0.0615288 -0.102 -0.451504 
0.0907657 -0.107699 -0.452744 0.0904251 -0.113834 -0.432578 -0.235291 -0.0709017 -0.42502 
-0.252135 -0.0810002 -0.417358 -0.0017365 -0.122632 -0.414773 -0.0182398 -0.126596 -0.427277 
-0.00139587 -0.116497 -0.434939 0.027841 -0.122197 -0.436179 -0.269319 -0.0972329 -0.389529 
-0.256586 -0.106896 -0.403273 -0.0519276 -0.146793 -0.411952 -0.0350837 -0.136694 -0.419614 
-0.261037 -0.132793 -0.389188 -0.127586 -0.151626 -0.381644 -0.144089 -0.155591 -0.394147 
-0.127245 -0.145492 -0.40181 -0.0980083 -0.151192 -0.403049 -0.098349 -0.157326 -0.382884 
-0.0687715 -0.156891 -0.404289 -0.278221 -0.149025 -0.361359 -0.248644 -0.148591 -0.382765 
-0.248984 -0.154725 -0.362599 -0.219407 -0.15429 -0.384005 -0.19017 -0.159989 -0.385245 
-0.160933 -0.165689 -0.386485 0.101928 0.137201 -0.598435 0.102268 0.143335 -0.618601 
0.0854244 0.133237 -0.610938 0.131165 0.131502 -0.599675 0.131505 0.137636 -0.619841 
0.160742 0.131936 -0.621081 0.189979 0.126237 -0.62232 0.218875 0.114403 -0.603394 
0.202372 0.110439 -0.615898 0.248112 0.108704 -0.604634 0.0682398 0.117004 -0.58311 
0.0685805 0.123138 -0.603276 0.0517366 0.11304 -0.595613 0.214765 0.0946413 -0.609475 
0.244002 0.0889418 -0.610715 0.273239 0.0832424 -0.611955 0.302476 0.077543 -0.613195 
0.331712 0.0718435 -0.614435 0.360949 0.0661441 -0.615675 0.390186 0.0604446 -0.616914 
0.419083 0.0486109 -0.597988 0.419423 0.0547452 -0.618154 0.431816 0.0389473 -0.611732 
0.0348927 0.102942 -0.587951 0.0180488 0.0928432 -0.580289 0.427365 0.0130511 -0.597647 
0.00120489 0.0827448 -0.572626 -0.015639 0.0726463 -0.564964 0.393677 -0.0071458 -0.582322 
0.410521 0.00295263 -0.589984 -0.0324829 0.0625479 -0.557301 -0.0493268 0.0524495 -0.549639 
0.376493 -0.0233785 -0.554493 0.389226 -0.0330421 -0.568237 -0.0661707 0.0423511 -0.541976 
-0.0830146 0.0322527 -0.534314 0.401279 -0.0549742 -0.541648 0.401619 -0.0488399 -0.561814 
0.414012 -0.0646378 -0.555392 -0.0998585 0.0221542 -0.526651 -0.116702 0.0120558 -0.518989 
0.396828 -0.0808705 -0.527563 0.409562 -0.0905341 -0.541307 -0.133546 0.00195737 -0.511327 
-0.15039 -0.00814106 -0.503664 0.275429 -0.0839691 -0.508519 0.258926 -0.0879332 -0.521022 
0.27577 -0.0778348 -0.528685 0.305007 -0.0835342 -0.529925 0.304666 -0.0896685 -0.509759 
0.334244 -0.0892337 -0.531164 0.333903 -0.0953679 -0.510998 0.363481 -0.0949331 -0.532404 
0.36314 -0.101067 -0.512238 0.392718 -0.100633 -0.533644 -0.167575 -0.0243738 -0.475836 
-0.154841 -0.0340373 -0.489579 0.124794 -0.0813682 -0.488234 0.108291 -0.0853323 -0.500738 
0.125135 -0.0752339 -0.5084 0.154372 -0.0809333 -0.50964 0.154031 -0.0870676 -0.489474 
0.183609 -0.0866328 -0.51088 0.183268 -0.092767 -0.490714 0.212845 -0.0923322 -0.51212 
0.212505 -0.0984665 -0.491954 0.242082 -0.0980316 -0.51336 0.241742 -0.104166 -0.493194 
-0.201263 -0.0445706 -0.460511 -0.188529 -0.0542342 -0.474254 -0.171685 -0.0441358 -0.481917 
0.0618694 -0.0958656 -0.47167 0.0453662 -0.0998297 -0.484173 0.0622101 -0.0897313 -0.491836 
0.091447 -0.0954307 -0.493075 0.0911063 -0.101565 -0.47291 -0.205713 -0.0704669 -0.446426 
-0.19298 -0.0801305 -0.460169 0.0281816 -0.116062 -0.456345 0.0116784 -0.120027 -0.468848 
0.0285223 -0.109928 -0.476511 -0.239401 -0.0906637 -0.431101 -0.210164 -0.0963632 -0.432341 
-0.197431 -0.106027 -0.446084 -0.0220094 -0.140223 -0.453523 -0.00516552 -0.130125 -0.461186 
-0.243852 -0.11656 -0.417016 -0.231119 -0.126224 -0.430759 -0.214275 -0.116125 -0.438422 
-0.0684308 -0.150757 -0.424455 -0.0849341 -0.154721 -0.436959 -0.0680902 -0.144622 -0.444621 
-0.0388533 -0.150322 -0.445861 -0.248303 -0.142456 -0.402931 -0.235569 -0.15212 -0.416674 
-0.189829 -0.153855 -0.405411 -0.206333 -0.157819 -0.417914 -0.189489 -0.147721 -0.425577 
-0.160252 -0.15342 -0.426816 -0.160592 -0.159555 -0.406651 -0.131015 -0.15912 -0.428056 
-0.101778 -0.164819 -0.429296 -0.223176 -0.167918 -0.410252 0.098158 0.123573 -0.624682 
0.110892 0.11391 -0.638425 0.127736 0.124008 -0.646087 0.156972 0.118309 -0.647327 
0.186209 0.112609 -0.648567 0.198602 0.0968114 -0.642145 0.0648108 0.109511 -0.629523 
0.0479669 0.0994123 -0.62186 0.0940477 0.103811 -0.630762 0.210995 0.0810136 -0.635722 
0.239892 0.0691798 -0.616796 0.223388 0.0652157 -0.629299 0.269128 0.0634804 -0.618036 
0.298365 0.057781 -0.619276 0.311099 0.0481174 -0.633019 0.327943 0.0582158 -0.640681 
0.35718 0.0525163 -0.641921 0.386417 0.0468169 -0.643161 0.415653 0.0411175 -0.644401 
0.428046 0.0253196 -0.637978 0.031123 0.0893139 -0.614198 0.0142791 0.0792155 -0.606535 
0.235781 0.0494178 -0.622877 0.265018 0.0437184 -0.624117 0.294255 0.0380189 -0.625356 
0.423595 -0.000576671 -0.623893 -0.00256476 0.0691171 -0.598873 -0.0194087 0.0590186 -0.59121 
0.406411 -0.0168094 -0.596065 0.419145 -0.026473 -0.609808 -0.0362526 0.0489202 -0.583548 
-0.0530965 0.0388218 -0.575886 0.40196 -0.0427057 -0.58198 0.414694 -0.0523692 -0.595723 
-0.0699404 0.0287233 -0.568223 -0.0867843 0.0186249 -0.560561 0.410243 -0.0782655 -0.581638 
-0.103969 0.00239221 -0.532732 -0.0912352 -0.00727138 -0.546476 0.217637 -0.0603016 -0.546371 
0.201134 -0.0642658 -0.558874 0.217978 -0.0541673 -0.566537 0.247214 -0.0598668 -0.567777 
0.246874 -0.0660011 -0.547611 0.276451 -0.0655662 -0.569016 0.276111 -0.0717005 -0.54885 
0.305688 -0.0712656 -0.570256 0.305348 -0.0773999 -0.55009 0.334925 -0.0769651 -0.571496 
0.334585 -0.0830994 -0.55133 0.364162 -0.0826645 -0.572736 0.363821 -0.0887988 -0.55257 
0.393399 -0.088364 -0.573976 0.393058 -0.0944983 -0.55381 -0.137657 -0.0178046 -0.517407 
-0.124923 -0.0274682 -0.531151 -0.108079 -0.0173698 -0.538813 0.154712 -0.074799 -0.529806 
0.138209 -0.0787632 -0.542309 0.155053 -0.0686648 -0.549972 0.18429 -0.0743642 -0.551212 
0.183949 -0.0804985 -0.531046 0.213186 -0.0861979 -0.532286 0.242423 -0.0918973 -0.533526 
-0.141767 -0.0375666 -0.523488 -0.158611 -0.0476651 -0.515826 0.0625507 -0.083597 -0.512001 
0.0460474 -0.0875611 -0.524505 0.0628913 -0.0774627 -0.532167 0.0921282 -0.0831622 -0.533407 
0.0917876 -0.0892964 -0.513241 0.121365 -0.0888616 -0.534647 -0.175795 -0.0638978 -0.487997 
-0.163062 -0.0735613 -0.501741 0.0288629 -0.103794 -0.496677 0.0123596 -0.107758 -0.50918 
0.0292035 -0.0976596 -0.516842 -0.180246 -0.0897941 -0.473912 -0.167513 -0.0994576 -0.487656 
-0.00482489 -0.123991 -0.481352 -0.0213282 -0.127955 -0.493855 -0.00448426 -0.117856 -0.501518 
-0.184697 -0.11569 -0.459827 -0.171963 -0.125354 -0.473571 -0.0385127 -0.144188 -0.466027 
-0.055016 -0.148152 -0.47853 -0.0381721 -0.138053 -0.486193 -0.218385 -0.135887 -0.444503 
-0.205651 -0.145551 -0.458246 -0.188807 -0.135452 -0.465908 -0.130674 -0.152986 -0.448222 
-0.147178 -0.15695 -0.460726 -0.130334 -0.146851 -0.468388 -0.101097 -0.152551 -0.469628 
-0.101437 -0.158685 -0.449462 -0.0718599 -0.15825 -0.470868 -0.222836 -0.161784 -0.430417 
-0.193258 -0.161349 -0.451823 -0.164021 -0.167048 -0.453063 0.123625 0.104246 -0.652168 
0.152862 0.0985467 -0.653408 0.182099 0.0928473 -0.654648 0.0607006 0.0897487 -0.635603 
0.0899374 0.0840493 -0.636843 0.102671 0.0743857 -0.650587 0.119515 0.0844841 -0.658249 
0.148752 0.0787847 -0.659489 0.177648 0.066951 -0.640563 0.161145 0.0629868 -0.653066 
0.206885 0.0612515 -0.641803 0.323833 0.0384538 -0.646762 0.353069 0.0327544 -0.648002 
0.382306 0.0270549 -0.649242 0.411543 0.0213555 -0.650482 0.0270128 0.0695519 -0.620279 
0.0397464 0.0598883 -0.634022 0.0565903 0.0699867 -0.641684 0.0858272 0.0642873 -0.642924 
0.173538 0.047189 -0.646644 0.202434 0.0353552 -0.627718 0.185931 0.0313911 -0.640221 
0.231671 0.0296558 -0.628958 0.260908 0.0239564 -0.630197 0.290145 0.0182569 -0.631437 
0.302878 0.00859335 -0.645181 0.319722 0.0186918 -0.652843 0.348959 0.0129923 -0.654083 
0.378196 0.0072929 -0.655323 0.407433 0.00159346 -0.656563 0.419826 -0.0142044 -0.65014 
-0.00667504 0.049355 -0.604954 0.00605858 0.0396915 -0.618697 0.0229025 0.0497899 -0.626359 
0.198324 0.0155932 -0.633799 0.22722 0.00375953 -0.614873 0.210717 -0.000204615 -0.627376 
0.239954 -0.00590405 -0.628616 0.256798 0.00419437 -0.636278 0.286034 -0.00150507 -0.637518 
0.402641 -0.0304371 -0.622312 0.386138 -0.0344012 -0.634815 0.402982 -0.0243028 -0.642478 
-0.0403628 0.0291582 -0.589629 -0.0276292 0.0194946 -0.603372 -0.0107853 0.029593 -0.611035 
0.193532 -0.0164373 -0.599548 0.177029 -0.0204015 -0.612051 0.193873 -0.010303 -0.619714 
0.206266 -0.0261009 -0.613291 0.22311 -0.0160025 -0.620953 0.39819 -0.0563334 -0.608227 
0.381687 -0.0602975 -0.62073 -0.0740506 0.00896135 -0.574304 -0.061317 -0.000702236 -0.588047 
-0.0444731 0.00939619 -0.59571 0.159844 -0.0366342 -0.584223 0.143341 -0.0405983 -0.596726 
0.160185 -0.0304999 -0.604389 0.189081 -0.0423336 -0.585463 0.218659 -0.0418988 -0.606868 
0.218318 -0.048033 -0.586703 0.247896 -0.0475982 -0.608108 0.247555 -0.0537325 -0.587942 
0.277133 -0.0532976 -0.609348 0.276792 -0.0594319 -0.589182 0.30637 -0.0589971 -0.610588 
0.306029 -0.0651314 -0.590422 0.335606 -0.0646965 -0.611828 0.335266 -0.0708308 -0.591662 
0.364843 -0.070396 -0.613068 0.364503 -0.0765302 -0.592902 0.39374 -0.0822297 -0.594142 
-0.0785015 -0.016935 -0.560219 -0.0657679 -0.0265985 -0.573962 0.126157 -0.056831 -0.568898 
0.109653 -0.0607952 -0.581401 0.126497 -0.0506967 -0.589064 0.155394 -0.0625305 -0.570138 
0.18463 -0.0682299 -0.571378 -0.112189 -0.0371318 -0.544894 -0.0994557 -0.0467954 -0.558637 
-0.0826118 -0.036697 -0.5663 0.063232 -0.0713284 -0.552333 0.0467287 -0.0752926 -0.564837 
0.0635726 -0.0651942 -0.572499 0.0928095 -0.0708936 -0.573739 0.0924689 -0.0770279 -0.553573 
0.121706 -0.0827273 -0.554813 -0.145877 -0.0573287 -0.529569 -0.11664 -0.0630281 -0.530809 
-0.103907 -0.0726917 -0.544552 0.0295442 -0.0915253 -0.537008 0.0130409 -0.0954894 -0.549512 
0.0298848 -0.085391 -0.557174 -0.150328 -0.0832249 -0.515484 -0.121091 -0.0889244 -0.516724 
-0.108358 -0.098588 -0.530467 -0.00414363 -0.111722 -0.521683 -0.0206469 -0.115686 -0.534187 
-0.003803 -0.105588 -0.541849 -0.154779 -0.109121 -0.501399 -0.125542 -0.114821 -0.502639 
-0.112808 -0.124484 -0.516382 -0.0378314 -0.131919 -0.506359 -0.0543347 -0.135883 -0.518862 
-0.0374908 -0.125785 -0.526524 -0.15923 -0.135018 -0.487314 -0.146496 -0.144681 -0.501057 
-0.129652 -0.134583 -0.50872 -0.0715192 -0.152116 -0.491034 -0.0880225 -0.15608 -0.503537 
-0.0711786 -0.145982 -0.511199 -0.192918 -0.155214 -0.471989 -0.163681 -0.160914 -0.473229 
-0.134103 -0.160479 -0.494635 -0.104866 -0.166178 -0.495875 0.115405 0.0647221 -0.66433 
0.144642 0.0590227 -0.66557 0.05248 0.0502247 -0.647765 0.0817169 0.0445253 -0.649005 
0.110954 0.0388259 -0.650245 0.140191 0.0331264 -0.651485 0.169428 0.027427 -0.652725 
0.315612 -0.00107023 -0.658924 0.344849 -0.00676967 -0.660164 0.374086 -0.0124691 -0.661404 
0.403323 -0.0181685 -0.662643 0.0187922 0.0300279 -0.63244 0.0480291 0.0243284 -0.63368 
0.077266 0.018629 -0.63492 0.0899996 0.00896541 -0.648663 0.106843 0.0190638 -0.656326 
0.13574 0.00723012 -0.6374 0.119236 0.00326598 -0.649903 0.164977 0.00153069 -0.63864 
0.194214 -0.00416876 -0.639879 0.252687 -0.0155676 -0.642359 0.281924 -0.0212671 -0.643599 
0.311161 -0.0269665 -0.644839 0.340398 -0.032666 -0.646079 0.369635 -0.0383654 -0.647319 
-0.0148956 0.00983103 -0.617115 0.0143413 0.00413159 -0.618355 0.0435782 -0.00156785 -0.619595 
0.0563118 -0.0112314 -0.633338 0.0731557 -0.00113301 -0.641001 0.131289 -0.0186662 -0.623315 
0.114786 -0.0226303 -0.635818 0.160526 -0.0243656 -0.624555 0.219 -0.0357645 -0.627034 
0.248236 -0.0414639 -0.628274 0.277473 -0.0471634 -0.629514 0.30671 -0.0528628 -0.630754 
0.335947 -0.0585622 -0.631994 0.365184 -0.0642617 -0.633234 -0.0485834 -0.0103658 -0.60179 
-0.0193465 -0.0160653 -0.60303 0.00989037 -0.0217647 -0.60427 0.022624 -0.0314283 -0.618014 
0.0394679 -0.0213299 -0.625676 0.097601 -0.038863 -0.60799 0.0810978 -0.0428272 -0.620493 
0.0979417 -0.0327287 -0.628156 0.126838 -0.0445625 -0.60923 -0.0530343 -0.0362621 -0.587706 
-0.0237974 -0.0419616 -0.588945 -0.0110638 -0.0516251 -0.602689 0.00578009 -0.0415267 -0.610351 
0.0639132 -0.0590599 -0.592665 0.04741 -0.063024 -0.605168 0.0642539 -0.0529256 -0.612831 
0.0931501 -0.0647593 -0.593905 -0.0867221 -0.056459 -0.572381 -0.0574852 -0.0621584 -0.57362 
-0.0447516 -0.071822 -0.587364 -0.0279077 -0.0617236 -0.595026 0.0302254 -0.0792567 -0.57734 
0.0137222 -0.0832209 -0.589844 0.0305661 -0.0731224 -0.597506 -0.091173 -0.0823553 -0.558296 
-0.0619361 -0.0880547 -0.559535 -0.0492025 -0.0977183 -0.573279 -0.00346236 -0.0994536 -0.562015 
-0.0199656 -0.103418 -0.574519 -0.00312173 -0.0933193 -0.582181 -0.0956239 -0.108252 -0.54421 
-0.066387 -0.113951 -0.54545 -0.0536534 -0.123615 -0.559194 -0.0244165 -0.129314 -0.560434 
-0.100075 -0.134148 -0.530125 -0.070838 -0.139847 -0.531365 -0.0412604 -0.139412 -0.552771 
-0.133763 -0.154345 -0.514801 -0.104526 -0.160044 -0.51604 0.102733 -0.000698167 -0.662407 
0.0690454 -0.020895 -0.647082 0.0982823 -0.0265945 -0.648322 0.0353576 -0.0410919 -0.631757 
0.0645945 -0.0467913 -0.632997 0.00166981 -0.0612887 -0.616432 0.0309067 -0.0669882 -0.617672 
-0.032018 -0.0814856 -0.601107 -0.00278111 -0.087185 -0.602347 -0.0364689 -0.107382 -0.587022 
-0.0409198 -0.133278 -0.572937 
POLYGONS 8093 24276
OFFSETS vtktypeint64
0 3 6 9 12 15 18 21 24 
27 30 33 36 39 42 45 48 51 
54 57 60 63 66 69 72 75 78 
81 84 87 90 93 96 99 102 105 
108 111 114 117 120 123 126 129 132 
135 138 141 144 147 150 153 156 159 
162 165 168 171 174 177 180 183 186 
189 192 195 198 201 204 207 210 213 
216 219 222 225 228 231 234 237 240 
243 246 249 252 255 258 261 264 267 
270 273 276 279 282 285 288 291 294 
297 300 303 306 309 312 315 318 321 
324 327 330 333 336 339 342 345 348 
351 354 357 360 363 366 369 372 375 
378 381 384 387 390 393 396 399 402 
405 408 411 414 417 420 423 426 429 
432 435 438 441 444 447 450 453 456 
459 462 465 468 471 474 477 480 483 
486 489 492 495 498 501 504 507 510 
513 516 519 522 525 528 531 534 537 
540 543 546 549 552 555 558 561 564 
567 570 573 576 579 582 585 588 591 
594 597 600 603 606 609 612 615 618 
621 624 627 630 633 636 639 642 645 
648 651 654 657 660 663 666 669 672 
675 678 681 684 687 690 693 696 699 
702 705 708 711 714 717 720 723 726 
729 732 735 738 741 744 747 750 753 
756 759 762 765 768 771 774 777 780 
783 786 789 792 795 798 801 804 807 
810 813 816 819 822 825 828 831 834 
837 840 843 846 849 852 855 858 861 
864 867 870 873 876 879 882 885 888 
891 894 897 900 903 906 909 912 915 
918 921 924 927 930 933 936 939 942 
945 948 951 954 957 960 963 966 969 
972 975 978 981 984 987 990 993 996 
999 1002 1005 1008 1011 1014 1017 1020 1023 
1026 1029 1032 1035 1038 1041 1044 1047 1050 
1053 1056 1059 1062 1065 1068 1071 1074 1077 
1080 1083 1086 1089 1092 1095 1098 1101 1104 
1107 1110 1113 1116 1119 1122 1125 1128 1131 
1134 1137 1140 1143 1146 1149 1152 1155 1158 
1161 1164 1167 1170 1173 1176 1179 1182 1185 
1188 1191 1194 1197 1200 1203 1206 1209 1212 
1215 1218 1221 1224 1227 1230 1233 1236 1239 
1242 1245 1248 1251 1254 1257 1260 1263 1266 
1269 1272 1275 1278 1281 1284 1287 1290 1293 
1296 1299 1302 1305 1308 1311 1314 1317 1320 
1323 1326 1329 1332 1335 1338 1341 1344 1347 
1350 1353 1356 1359 1362 1365 1368 1371 1374 
1377 1380 1383 1386 1389 1392 1395 1398 1401 
1404 1407 1410 1413 1416 1419 1422 1425 1428 
1431 1434 1437 1440 1443 1446 1449 1452 1455 
1458 1461 1464 1467 1470 1473 1476 1479 1482 
1485 1488 1491 1494 1497 1500 1503 1506 1509 
1512 1515 1518 1521 1524 1527 1530 1533 1536 
1539 1542 1545 1548 1551 1554 1557 1560 1563 
1566 1569 1572 1575 1578 1581 1584 1587 1590 
1593 1596 1599 1602 1605 1608 1611 1614 1617 
1620 1623 1626 1629 1632 1635 1638 1641 1644 
1647 1650 1653 1656 1659 1662 1665 1668 1671 
1674 1677 1680 1683 1686 1689 1692 1695 1698 
1701 1704 1707 1710 1713 1716 1719 1722 1725 
1728 1731 1734 1737 1740 1743 1746 1749 1752 
1755 1758 1761 1764 1767 1770 1773 1776 1779 
1782 1785 1788 1791 1794 1797 1800 1803 1806 
1809 1812 1815 1818 1821 1824 1827 1830 1833 
1836 1839 1842 1845 1848 1851 1854 1857 1860 
1863 1866 1869 1872 1875 1878 1881 1884 1887 
1890 1893 1896 1899 1902 1905 1908 1911 1914 
1917 1920 1923 1926 1929 1932 1935 1938 1941 
1944 1947 1950 1953 1956 1959 1962 1965 1968 
1971 1974 1977 1980 1983 1986 1989 1992 1995 
1998 2001 2004 2007 2010 2013 2016 2019 2022 
2025 2028 2031 2034 2037 2040 2043 2046 2049 
2052 2055 2058 2061 2064 2067 2070 2073 2076 
2079 2082 2085 2088 2091 2094 2097 2100 2103 
2106 2109 2112 2115 2118 2121 2124 2127 2130 
2133 2136 2139 2142 2145 2148 2151 2154 2157 
2160 2163 2166 2169 2172 2175 2178 2181 2184 
2187 2190 2193 2196 2199 2202 2205 2208 2211 
2214 2217 2220 2223 2226 2229 2232 2235 2238 
2241 2244 2247 2250 2253 2256 2259 2262 2265 
2268 2271 2274 2277 2280 2283 2286 2289 2292 
2295 2298 2301 2304 2307 2310 2313 2316 2319 
2322 2325 2328 2331 2334 2337 2340 2343 2346 
2349 2352 2355 2358 2361 2364 2367 2370 2373 
2376 2379 2382 2385 2388 2391 2394 2397 2400 
2403 2406 2409 2412 2415 2418 2421 2424 2427 
2430 2433 2436 2439 2442 2445 2448 2451 2454 
2457 2460 2463 2466 2469 2472 2475 2478 2481 
2484 2487 2490 2493 2496 2499 2502 2505 2508 
2511 2514 2517 2520 2523 2526 2529 2532 2535 
2538 2541 2544 2547 2550 2553 2556 2559 2562 
2565 2568 2571 2574 2577 2580 2583 2586 2589 
2592 2595 2598 2601 2604 2607 2610 2613 2616 
2619 2622 2625 2628 2631 2634 2637 2640 2643 
2646 2649 2652 2655 2658 2661 2664 2667 2670 
2673 2676 2679 2682 2685 2688 2691 2694 2697 
2700 2703 2706 2709 2712 2715 2718 2721 2724 
2727 2730 2733 2736 2739 2742 2745 2748 2751 
2754 2757 2760 2763 2766 2769 2772 2775 2778 
2781 2784 2787 2790 2793 2796 2799 2802 2805 
2808 2811 2814 2817 2820 2823 2826 2829 2832 
2835 2838 2841 2844 2847 2850 2853 2856 2859 
2862 2865 2868 2871 2874 2877 2880 2883 2886 
2889 2892 2895 2898 2901 2904 2907 2910 2913 
2916 2919 2922 2925 2928 2931 2934 2937 2940 
2943 2946 2949 2952 2955 2958 2961 2964 2967 
2970 2973 2976 2979 2982 2985 2988 2991 2994 
2997 3000 3003 3006 3009 3012 3015 3018 3021 
3024 3027 3030 3033 3036 3039 3042 3045 3048 
3051 3054 3057 3060 3063 3066 3069 3072 3075 
3078 3081 3084 3087 3090 3093 3096 3099 3102 
3105 3108 3111 3114 3117 3120 3123 3126 3129 
3132 3135 3138 3141 3144 3147 3150 3153 3156 
3159 3162 3165 3168 3171 3174 3177 3180 3183 
3186 3189 3192 3195 3198 3201 3204 3207 3210 
3213 3216 3219 3222 3225 3228 3231 3234 3237 
3240 3243 3246 3249 3252 3255 3258 3261 3264 
3267 3270 3273 3276 3279 3282 3285 3288 3291 
3294 3297 3300 3303 3306 3309 3312 3315 3318 
3321 3324 3327 3330 3333 3336 3339 3342 3345 
3348 3351 3354 3357 3360 3363 3366 3369 3372 
3375 3378 3381 3384 3387 3390 3393 3396 3399 
3402 3405 3408 3411 3414 3417 3420 3423 3426 
3429 3432 3435 3438 3441 3444 3447 3450 3453 
3456 3459 3462 3465 3468 3471 3474 3477 3480 
3483 3486 3489 3492 3495 3498 3501 3504 3507 
3510 3513 3516 3519 3522 3525 3528 3531 3534 
3537 3540 3543 3546 3549 3552 3555 3558 3561 
3564 3567 3570 3573 3576 3579 3582 3585 3588 
3591 3594 3597 3600 3603 3606 3609 3612 3615 
3618 3621 3624 3627 3630 3633 3636 3639 3642 
3645 3648 3651 3654 3657 3660 3663 3666 3669 
3672 3675 3678 3681 3684 3687 3690 3693 3696 
3699 3702 3705 3708 3711 3714 3717 3720 3723 
3726 3729 3732 3735 3738 3741 3744 3747 3750 
3753 3756 3759 3762 3765 3768 3771 3774 3777 
3780 3783 3786 3789 3792 3795 3798 3801 3804 
3807 3810 3813 3816 3819 3822 3825 3828 3831 
3834 3837 3840 3843 3846 3849 3852 3855 3858 
3861 3864 3867 3870 3873 3876 3879 3882 3885 
3888 3891 3894 3897 3900 3903 3906 3909 3912 
3915 3918 3921 3924 3927 3930 3933 3936 3939 
3942 3945 3948 3951 3954 3957 3960 3963 3966 
3969 3972 3975 3978 3981 3984 3987 3990 3993 
3996 3999 4002 4005 4008 4011 4014 4017 4020 
4023 4026 4029 4032 4035 4038 4041 4044 4047 
4050 4053 4056 4059 4062 4065 4068 4071 4074 
4077 4080 4083 4086 4089 4092 4095 4098 4101 
4104 4107 4110 4113 4116 4119 4122 4125 4128 
4131 4134 4137 4140 4143 4146 4149 4152 4155 
4158 4161 4164 4167 4170 4173 4176 4179 4182 
4185 4188 4191 4194 4197 4200 4203 4206 4209 
4212 4215 4218 4221 4224 4227 4230 4233 4236 
4239 4242 4245 4248 4251 4254 4257 4260 4263 
4266 4269 4272 4275 4278 4281 4284 4287 4290 
4293 4296 4299 4302 4305 4308 4311 4314 4317 
4320 4323 4326 4329 4332 4335 4338 4341 4344 
4347 4350 4353 4356 4359 4362 4365 4368 4371 
4374 4377 4380 4383 4386 4389 4392 4395 4398 
4401 4404 4407 4410 4413 4416 4419 4422 4425 
4428 4431 4434 4437 4440 4443 4446 4449 4452 
4455 4458 4461 4464 4467 4470 4473 4476 4479 
4482 4485 4488 4491 4494 4497 4500 4503 4506 
4509 4512 4515 4518 4521 4524 4527 4530 4533 
4536 4539 4542 4545 4548 4551 4554 4557 4560 
4563 4566 4569 4572 4575 4578 4581 4584 4587 
4590 4593 4596 4599 4602 4605 4608 4611 4614 
4617 4620 4623 4626 4629 4632 4635 4638 4641 
4644 4647 4650 4653 4656 4659 4662 4665 4668 
4671 4674 4677 4680 4683 4686 4689 4692 4695 
4698 4701 4704 4707 4710 4713 4716 4719 4722 
4725 4728 4731 4734 4737 4740 4743 4746 4749 
4752 4755 4758 4761 4764 4767 4770 4773 4776 
4779 4782 4785 4788 4791 4794 4797 4800 4803 
4806 4809 4812 4815 4818 4821 4824 4827 4830 
4833 4836 4839 4842 4845 4848 4851 4854 4857 
4860 4863 4866 4869 4872 4875 4878 4881 4884 
4887 4890 4893 4896 4899 4902 4905 4908 4911 
4914 4917 4920 4923 4926 4929 4932 4935 4938 
4941 4944 4947 4950 4953 4956 4959 4962 4965 
4968 4971 4974 4977 4980 4983 4986 4989 4992 
4995 4998 5001 5004 5007 5010 5013 5016 5019 
5022 5025 5028 5031 5034 5037 5040 5043 5046 
5049 5052 5055 5058 5061 5064 5067 5070 5073 
5076 5079 5082 5085 5088 5091 5094 5097 5100 
5103 5106 5109 5112 5115 5118 5121 5124 5127 
5130 5133 5136 5139 5142 5145 5148 5151 5154 
5157 5160 5163 5166 5169 5172 5175 5178 5181 
5184 5187 5190 5193 5196 5199 5202 5205 5208 
5211 5214 5217 5220 5223 5226 5229 5232 5235 
5238 5241 5244 5247 5250 5253 5256 5259 5262 
5265 5268 5271 5274 5277 5280 5283 5286 5289 
5292 5295 5298 5301 5304 5307 5310 5313 5316 
5319 5322 5325 5328 5331 5334 5337 5340 5343 
5346 5349 5352 5355 5358 5361 5364 5367 5370 
5373 5376 5379 5382 5385 5388 5391 5394 5397 
5400 5403 5406 5409 5412 5415 5418 5421 5424 
5427 5430 5433 5436 5439 5442 5445 5448 5451 
5454 5457 5460 5463 5466 5469 5472 5475 5478 
5481 5484 5487 5490 5493 5496 5499 5502 5505 
5508 5511 5514 5517 5520 5523 5526 5529 5532 
5535 5538 5541 5544 5547 5550 5553 5556 5559 
5562 5565 5568 5571 5574 5577 5580 5583 5586 
5589 5592 5595 5598 5601 5604 5607 5610 5613 
5616 5619 5622 5625 5628 5631 5634 5637 5640 
5643 5646 5649 5652 5655 5658 5661 5664 5667 
5670 5673 5676 5679 5682 5685 5688 5691 5694 
5697 5700 5703 5706 5709 5712 5715 5718 5721 
5724 5727 5730 5733 5736 5739 5742 5745 5748 
5751 5754 5757 5760 5763 5766 5769 5772 5775 
5778 5781 5784 5787 5790 5793 5796 5799 5802 
5805 5808 5811 5814 5817 5820 5823 5826 5829 
5832 5835 5838 5841 5844 5847 5850 5853 5856 
5859 5862 5865 5868 5871 5874 5877 5880 5883 
5886 5889 5892 5895 5898 5901 5904 5907 5910 
5913 5916 5919 5922 5925 5928 5931 5934 5937 
5940 5943 5946 5949 5952 5955 5958 5961 5964 
5967 5970 5973 5976 5979 5982 5985 5988 5991 
5994 5997 6000 6003 6006 6009 6012 6015 6018 
6021 6024 6027 6030 6033 6036 6039 6042 6045 
6048 6051 6054 6057 6060 6063 6066 6069 6072 
6075 6078 6081 6084 6087 6090 6093 6096 6099 
6102 6105 6108 6111 6114 6117 6120 6123 6126 
6129 6132 6135 6138 6141 6144 6147 6150 6153 
6156 6159 6162 6165 6168 6171 6174 6177 6180 
6183 6186 6189 6192 6195 6198 6201 6204 6207 
6210 6213 6216 6219 6222 6225 6228 6231 6234 
6237 6240 6243 6246 6249 6252 6255 6258 6261 
6264 6267 6270 6273 6276 6279 6282 6285 6288 
6291 6294 6297 6300 6303 6306 6309 6312 6315 
6318 6321 6324 6327 6330 6333 6336 6339 6342 
6345 6348 6351 6354 6357 6360 6363 6366 6369 
6372 6375 6378 6381 6384 6387 6390 6393 6396 
6399 6402 6405 6408 6411 6414 6417 6420 6423 
6426 6429 6432 6435 6438 6441 6444 6447 6450 
6453 6456 6459 6462 6465 6468 6471 6474 6477 
6480 6483 6486 6489 6492 6495 6498 6501 6504 
6507 6510 6513 6516 6519 6522 6525 6528 6531 
6534 6537 6540 6543 6546 6549 6552 6555 6558 
6561 6564 6567 6570 6573 6576 6579 6582 6585 
6588 6591 6594 6597 6600 6603 6606 6609 6612 
6615 6618 6621 6624 6627 6630 6633 6636 6639 
6642 6645 6648 6651 6654 6657 6660 6663 6666 
6669 6672 6675 6678 6681 6684 6687 6690 6693 
6696 6699 6702 6705 6708 6711 6714 6717 6720 
6723 6726 6729 6732 6735 6738 6741 6744 6747 
6750 6753 6756 6759 6762 6765 6768 6771 6774 
6777 6780 6783 6786 6789 6792 6795 6798 6801 
6804 6807 6810 6813 6816 6819 6822 6825 6828 
6831 6834 6837 6840 6843 6846 6849 6852 6855 
6858 6861 6864 6867 6870 6873 6876 6879 6882 
6885 6888 6891 6894 6897 6900 6903 6906 6909 
6912 6915 6918 6921 6924 6927 6930 6933 6936 
6939 6942 6945 6948 6951 6954 6957 6960 6963 
6966 6969 6972 6975 6978 6981 6984 6987 6990 
6993 6996 6999 7002 7005 7008 7011 7014 7017 
7020 7023 7026 7029 7032 7035 7038 7041 7044 
7047 7050 7053 7056 7059 7062 7065 7068 7071 
7074 7077 7080 7083 7086 7089 7092 7095 7098 
7101 7104 7107 7110 7113 7116 7119 7122 7125 
7128 7131 7134 7137 7140 7143 7146 7149 7152 
7155 7158 7161 7164 7167 7170 7173 7176 7179 
7182 7185 7188 7191 7194 7197 7200 7203 7206 
7209 7212 7215 7218 7221 7224 7227 7230 7233 
7236 7239 7242 7245 7248 7251 7254 7257 7260 
7263 7266 7269 7272 7275 7278 7281 7284 7287 
7290 7293 7296 7299 7302 7305 7308 7311 7314 
7317 7320 7323 7326 7329 7332 7335 7338 7341 
7344 7347 7350 7353 7356 7359 7362 7365 7368 
7371 7374 7377 7380 7383 7386 7389 7392 7395 
7398 7401 7404 7407 7410 7413 7416 7419 7422 
7425 7428 7431 7434 7437 7440 7443 7446 7449 
7452 7455 7458 7461 7464 7467 7470 7473 7476 
7479 7482 7485 7488 7491 7494 7497 7500 7503 
7506 7509 7512 7515 7518 7521 7524 7527 7530 
7533 7536 7539 7542 7545 7548 7551 7554 7557 
7560 7563 7566 7569 7572 7575 7578 7581 7584 
7587 7590 7593 7596 7599 7602 7605 7608 7611 
7614 7617 7620 7623 7626 7629 7632 7635 7638 
7641 7644 7647 7650 7653 7656 7659 7662 7665 
7668 7671 7674 7677 7680 7683 7686 7689 7692 
7695 7698 7701 7704 7707 7710 7713 7716 7719 
7722 7725 7728 7731 7734 7737 7740 7743 7746 
7749 7752 7755 7758 7761 7764 7767 7770 7773 
7776 7779 7782 7785 7788 7791 7794 7797 7800 
7803 7806 7809 7812 7815 7818 7821 7824 7827 
7830 7833 7836 7839 7842 7845 7848 7851 7854 
7857 7860 7863 7866 7869 7872 7875 7878 7881 
7884 7887 7890 7893 7896 7899 7902 7905 7908 
7911 7914 7917 7920 7923 7926 7929 7932 7935 
7938 7941 7944 7947 7950 7953 7956 7959 7962 
7965 7968 7971 7974 7977 7980 7983 7986 7989 
7992 7995 7998 8001 8004 8007 8010 8013 8016 
8019 8022 8025 8028 8031 8034 8037 8040 8043 
8046 8049 8052 8055 8058 8061 8064 8067 8070 
8073 8076 8079 8082 8085 8088 8091 8094 8097 
8100 8103 8106 8109 8112 8115 8118 8121 8124 
8127 8130 8133 8136 8139 8142 8145 8148 8151 
8154 8157 8160 8163 8166 8169 8172 8175 8178 
8181 8184 8187 8190 8193 8196 8199 8202 8205 
8208 8211 8214 8217 8220 8223 8226 8229 8232 
8235 8238 8241 8244 8247 8250 8253 8256 8259 
8262 8265 8268 8271 8274 8277 8280 8283 8286 
8289 8292 8295 8298 8301 8304 8307 8310 8313 
8316 8319 8322 8325 8328 8331 8334 8337 8340 
8343 8346 8349 8352 8355 8358 8361 8364 8367 
8370 8373 8376 8379 8382 8385 8388 8391 8394 
8397 8400 8403 8406 8409 8412 8415 8418 8421 
8424 8427 8430 8433 8436 8439 8442 8445 8448 
8451 8454 8457 8460 8463 8466 8469 8472 8475 
8478 8481 8484 8487 8490 8493 8496 8499 8502 
8505 8508 8511 8514 8517 8520 8523 8526 8529 
8532 8535 8538 8541 8544 8547 8550 8553 8556 
8559 8562 8565 8568 8571 8574 8577 8580 8583 
8586 8589 8592 8595 8598 8601 8604 8607 8610 
8613 8616 8619 8622 8625 8628 8631 8634 8637 
8640 8643 8646 8649 8652 8655 8658 8661 8664 
8667 8670 8673 8676 8679 8682 8685 8688 8691 
8694 8697 8700 8703 8706 8709 8712 8715 8718 
8721 8724 8727 8730 8733 8736 8739 8742 8745 
8748 8751 8754 8757 8760 8763 8766 8769 8772 
8775 8778 8781 8784 8787 8790 8793 8796 8799 
8802 8805 8808 8811 8814 8817 8820 8823 8826 
8829 8832 8835 8838 8841 8844 8847 8850 8853 
8856 8859 8862 8865 8868 8871 8874 8877 8880 
8883 8886 8889 8892 8895 8898 8901 8904 8907 
8910 8913 8916 8919 8922 8925 8928 8931 8934 
8937 8940 8943 8946 8949 8952 8955 8958 8961 
8964 8967 8970 8973 8976 8979 8982 8985 8988 
8991 8994 8997 9000 9003 9006 9009 9012 9015 
9018 9021 9024 9027 9030 9033 9036 9039 9042 
9045 9048 9051 9054 9057 9060 9063 9066 9069 
9072 9075 9078 9081 9084 9087 9090 9093 9096 
9099 9102 9105 9108 9111 9114 9117 9120 9123 
9126 9129 9132 9135 9138 9141 9144 9147 9150 
9153 9156 9159 9162 9165 9168 9171 9174 9177 
9180 9183 9186 9189 9192 9195 9198 9201 9204 
9207 9210 9213 9216 9219 9222 9225 9228 9231 
9234 9237 9240 9243 9246 9249 9252 9255 9258 
9261 9264 9267 9270 9273 9276 9279 9282 9285 
9288 9291 9294 9297 9300 9303 9306 9309 9312 
9315 9318 9321 9324 9327 9330 9333 9336 9339 
9342 9345 9348 9351 9354 9357 9360 9363 9366 
9369 9372 9375 9378 9381 9384 9387 9390 9393 
9396 9399 9402 9405 9408 9411 9414 9417 9420 
9423 9426 9429 9432 9435 9438 9441 9444 9447 
9450 9453 9456 9459 9462 9465 9468 9471 9474 
9477 9480 9483 9486 9489 9492 9495 9498 9501 
9504 9507 9510 9513 9516 9519 9522 9525 9528 
9531 9534 9537 9540 9543 9546 9549 9552 9555 
9558 9561 9564 9567 9570 9573 9576 9579 9582 
9585 9588 9591 9594 9597 9600 9603 9606 9609 
9612 9615 9618 9621 9624 9627 9630 9633 9636 
9639 9642 9645 9648 9651 9654 9657 9660 9663 
9666 9669 9672 9675 9678 9681 9684 9687 9690 
9693 9696 9699 9702 9705 9708 9711 9714 9717 
9720 9723 9726 9729 9732 9735 9738 9741 9744 
9747 9750 9753 9756 9759 9762 9765 9768 9771 
9774 9777 9780 9783 9786 9789 9792 9795 9798 
9801 9804 9807 9810 9813 9816 9819 9822 9825 
9828 9831 9834 9837 9840 9843 9846 9849 9852 
9855 9858 9861 9864 9867 9870 9873 9876 9879 
9882 9885 9888 9891 9894 9897 9900 9903 9906 
9909 9912 9915 9918 9921 9924 9927 9930 9933 
9936 9939 9942 9945 9948 9951 9954 9957 9960 
9963 9966 9969 9972 9975 9978 9981 9984 9987 
9990 9993 9996 9999 10002 10005 10008 10011 10014 
10017 10020 10023 10026 10029 10032 10035 10038 10041 
10044 10047 10050 10053 10056 10059 10062 10065 10068 
10071 10074 10077 10080 10083 10086 10089 10092 10095 
10098 10101 10104 10107 10110 10113 10116 10119 10122 
10125 10128 10131 10134 10137 10140 10143 10146 10149 
10152 10155 10158 10161 10164 10167 10170 10173 10176 
10179 10182 10185 10188 10191 10194 10197 10200 10203 
10206 10209 10212 10215 10218 10221 10224 10227 10230 
10233 10236 10239 10242 10245 10248 10251 10254 10257 
10260 10263 10266 10269 10272 10275 10278 10281 10284 
10287 10290 10293 10296 10299 10302 10305 10308 10311 
10314 10317 10320 10323 10326 10329 10332 10335 10338 
10341 10344 10347 10350 10353 10356 10359 10362 10365 
10368 10371 10374 10377 10380 10383 10386 10389 10392 
10395 10398 10401 10404 10407 10410 10413 10416 10419 
10422 10425 10428 10431 10434 10437 10440 10443 10446 
10449 10452 10455 10458 10461 10464 10467 10470 10473 
10476 10479 10482 10485 10488 10491 10494 10497 10500 
10503 10506 10509 10512 10515 10518 10521 10524 10527 
10530 10533 10536 10539 10542 10545 10548 10551 10554 
10557 10560 10563 10566 10569 10572 10575 10578 10581 
10584 10587 10590 10593 10596 10599 10602 10605 10608 
10611 10614 10617 10620 10623 10626 10629 10632 10635 
10638 10641 10644 10647 10650 10653 10656 10659 10662 
10665 10668 10671 10674 10677 10680 10683 10686 10689 
10692 10695 10698 10701 10704 10707 10710 10713 10716 
10719 10722 10725 10728 10731 10734 10737 10740 10743 
10746 10749 10752 10755 10758 10761 10764 10767 10770 
10773 10776 10779 10782 10785 10788 10791 10794 10797 
10800 10803 10806 10809 10812 10815 10818 10821 10824 
10827 10830 10833 10836 10839 10842 10845 10848 10851 
10854 10857 10860 10863 10866 10869 10872 10875 10878 
10881 10884 10887 10890 10893 10896 10899 10902 10905 
10908 10911 10914 10917 10920 10923 10926 10929 10932 
10935 10938 10941 10944 10947 10950 10953 10956 10959 
10962 10965 10968 10971 10974 10977 10980 10983 10986 
10989 10992 10995 10998 11001 11004 11007 11010 11013 
11016 11019 11022 11025 11028 11031 11034 11037 11040 
11043 11046 11049 11052 11055 11058 11061 11064 11067 
11070 11073 11076 11079 11082 11085 11088 11091 11094 
11097 11100 11103 11106 11109 11112 11115 11118 11121 
11124 11127 11130 11133 11136 11139 11142 11145 11148 
11151 11154 11157 11160 11163 11166 11169 11172 11175 
11178 11181 11184 11187 11190 11193 11196 11199 11202 
11205 11208 11211 11214 11217 11220 11223 11226 11229 
11232 11235 11238 11241 11244 11247 11250 11253 11256 
11259 11262 11265 11268 11271 11274 11277 11280 11283 
11286 11289 11292 11295 11298 11301 11304 11307 11310 
11313 11316 11319 11322 11325 11328 11331 11334 11337 
11340 11343 11346 11349 11352 11355 11358 11361 11364 
11367 11370 11373 11376 11379 11382 11385 11388 11391 
11394 11397 11400 11403 11406 11409 11412 11415 11418 
11421 11424 11427 11430 11433 11436 11439 11442 11445 
11448 11451 11454 11457 11460 11463 11466 11469 11472 
11475 11478 11481 11484 11487 11490 11493 11496 11499 
11502 11505 11508 11511 11514 11517 11520 11523 11526 
11529 11532 11535 11538 11541 11544 11547 11550 11553 
11556 11559 11562 11565 11568 11571 11574 11577 11580 
11583 11586 11589 11592 11595 11598 11601 11604 11607 
11610 11613 11616 11619 11622 11625 11628 11631 11634 
11637 11640 11643 11646 11649 11652 11655 11658 11661 
11664 11667 11670 11673 11676 11679 11682 11685 11688 
11691 11694 11697 11700 11703 11706 11709 11712 11715 
11718 11721 11724 11727 11730 11733 11736 11739 11742 
11745 11748 11751 11754 11757 11760 11763 11766 11769 
11772 11775 11778 11781 11784 11787 11790 11793 11796 
11799 11802 11805 11808 11811 11814 11817 11820 11823 
11826 11829 11832 11835 11838 11841 11844 11847 11850 
11853 11856 11859 11862 11865 11868 11871 11874 11877 
11880 11883 11886 11889 11892 11895 11898 11901 11904 
11907 11910 11913 11916 11919 11922 11925 11928 11931 
11934 11937 11940 11943 11946 11949 11952 11955 11958 
11961 11964 11967 11970 11973 11976 11979 11982 11985 
11988 11991 11994 11997 12000 12003 12006 12009 12012 
12015 12018 12021 12024 12027 12030 12033 12036 12039 
12042 12045 12048 12051 12054 12057 12060 12063 12066 
12069 12072 12075 12078 12081 12084 12087 12090 12093 
12096 12099 12102 12105 12108 12111 12114 12117 12120 
12123 12126 12129 12132 12135 12138 12141 12144 12147 
12150 12153 12156 12159 12162 12165 12168 12171 12174 
12177 12180 12183 12186 12189 12192 12195 12198 12201 
12204 12207 12210 12213 12216 12219 12222 12225 12228 
12231 12234 12237 12240 12243 12246 12249 12252 12255 
12258 12261 12264 12267 12270 12273 12276 12279 12282 
12285 12288 12291 12294 12297 12300 12303 12306 12309 
12312 12315 12318 12321 12324 12327 12330 12333 12336 
12339 12342 12345 12348 12351 12354 12357 12360 12363 
12366 12369 12372 12375 12378 12381 12384 12387 12390 
12393 12396 12399 12402 12405 12408 12411 12414 12417 
12420 12423 12426 12429 12432 12435 12438 12441 12444 
12447 12450 12453 12456 12459 12462 12465 12468 12471 
12474 12477 12480 12483 12486 12489 12492 12495 12498 
12501 12504 12507 12510 12513 12516 12519 12522 12525 
12528 12531 12534 12537 12540 12543 12546 12549 12552 
12555 12558 12561 12564 12567 12570 12573 12576 12579 
12582 12585 12588 12591 12594 12597 12600 12603 12606 
12609 12612 12615 12618 12621 12624 12627 12630 12633 
12636 12639 12642 12645 12648 12651 12654 12657 12660 
12663 12666 12669 12672 12675 12678 12681 12684 12687 
12690 12693 12696 12699 12702 12705 12708 12711 12714 
12717 12720 12723 12726 12729 12732 12735 12738 12741 
12744 12747 12750 12753 12756 12759 12762 12765 12768 
12771 12774 12777 12780 12783 12786 12789 12792 12795 
12798 12801 12804 12807 12810 12813 12816 12819 12822 
12825 12828 12831 12834 12837 12840 12843 12846 12849 
12852 12855 12858 12861 12864 12867 12870 12873 12876 
12879 12882 12885 12888 12891 12894 12897 12900 12903 
12906 12909 12912 12915 12918 12921 12924 12927 12930 
12933 12936 12939 12942 12945 12948 12951 12954 12957 
12960 12963 12966 12969 12972 12975 12978 12981 12984 
12987 12990 12993 12996 12999 13002 13005 13008 13011 
13014 13017 13020 13023 13026 13029 13032 13035 13038 
13041 13044 13047 13050 13053 13056 13059 13062 13065 
13068 13071 13074 13077 13080 13083 13086 13089 13092 
13095 13098 13101 13104 13107 13110 13113 13116 13119 
13122 13125 13128 13131 13134 13137 13140 13143 13146 
13149 13152 13155 13158 13161 13164 13167 13170 13173 
13176 13179 13182 13185 13188 13191 13194 13197 13200 
13203 13206 13209 13212 13215 13218 13221 13224 13227 
13230 13233 13236 13239 13242 13245 13248 13251 13254 
13257 13260 13263 13266 13269 13272 13275 13278 13281 
13284 13287 13290 13293 13296 13299 13302 13305 13308 
13311 13314 13317 13320 13323 13326 13329 13332 13335 
13338 13341 13344 13347 13350 13353 13356 13359 13362 
13365 13368 13371 13374 13377 13380 13383 13386 13389 
13392 13395 13398 13401 13404 13407 13410 13413 13416 
13419 13422 13425 13428 13431 13434 13437 13440 13443 
13446 13449 13452 13455 13458 13461 13464 13467 13470 
13473 13476 13479 13482 13485 13488 13491 13494 13497 
13500 13503 13506 13509 13512 13515 13518 13521 13524 
13527 13530 13533 13536 13539 13542 13545 13548 13551 
13554 13557 13560 13563 13566 13569 13572 13575 13578 
13581 13584 13587 13590 13593 13596 13599 13602 13605 
13608 13611 13614 13617 13620 13623 13626 13629 13632 
13635 13638 13641 13644 13647 13650 13653 13656 13659 
13662 13665 13668 13671 13674 13677 13680 13683 13686 
13689 13692 13695 13698 13701 13704 13707 13710 13713 
13716 13719 13722 13725 13728 13731 13734 13737 13740 
13743 13746 13749 13752 13755 13758 13761 13764 13767 
13770 13773 13776 13779 13782 13785 13788 13791 13794 
13797 13800 13803 13806 13809 13812 13815 13818 13821 
13824 13827 13830 13833 13836 13839 13842 13845 13848 
13851 13854 13857 13860 13863 13866 13869 13872 13875 
13878 13881 13884 13887 13890 13893 13896 13899 13902 
13905 13908 13911 13914 13917 13920 13923 13926 13929 
13932 13935 13938 13941 13944 13947 13950 13953 13956 
13959 13962 13965 13968 13971 13974 13977 13980 13983 
13986 13989 13992 13995 13998 14001 14004 14007 14010 
14013 14016 14019 14022 14025 14028 14031 14034 14037 
14040 14043 14046 14049 14052 14055 14058 14061 14064 
14067 14070 14073 14076 14079 14082 14085 14088 14091 
14094 14097 14100 14103 14106 14109 14112 14115 14118 
14121 14124 14127 14130 14133 14136 14139 14142 14145 
14148 14151 14154 14157 14160 14163 14166 14169 14172 
14175 14178 14181 14184 14187 14190 14193 14196 14199 
14202 14205 14208 14211 14214 14217 14220 14223 14226 
14229 14232 14235 14238 14241 14244 14247 14250 14253 
14256 14259 14262 14265 14268 14271 14274 14277 14280 
14283 14286 14289 14292 14295 14298 14301 14304 14307 
14310 14313 14316 14319 14322 14325 14328 14331 14334 
14337 14340 14343 14346 14349 14352 14355 14358 14361 
14364 14367 14370 14373 14376 14379 14382 14385 14388 
14391 14394 14397 14400 14403 14406 14409 14412 14415 
14418 14421 14424 14427 14430 14433 14436 14439 14442 
14445 14448 14451 14454 14457 14460 14463 14466 14469 
14472 14475 14478 14481 14484 14487 14490 14493 14496 
14499 14502 14505 14508 14511 14514 14517 14520 14523 
14526 14529 14532 14535 14538 14541 14544 14547 14550 
14553 14556 14559 14562 14565 14568 14571 14574 14577 
14580 14583 14586 14589 14592 14595 14598 14601 14604 
14607 14610 14613 14616 14619 14622 14625 14628 14631 
14634 14637 14640 14643 14646 14649 14652 14655 14658 
14661 14664 14667 14670 14673 14676 14679 14682 14685 
14688 14691 14694 14697 14700 14703 14706 14709 14712 
14715 14718 14721 14724 14727 14730 14733 14736 14739 
14742 14745 14748 14751 14754 14757 14760 14763 14766 
14769 14772 14775 14778 14781 14784 14787 14790 14793 
14796 14799 14802 14805 14808 14811 14814 14817 14820 
14823 14826 14829 14832 14835 14838 14841 14844 14847 
14850 14853 14856 14859 14862 14865 14868 14871 14874 
14877 14880 14883 14886 14889 14892 14895 14898 14901 
14904 14907 14910 14913 14916 14919 14922 14925 14928 
14931 14934 14937 14940 14943 14946 14949 14952 14955 
14958 14961 14964 14967 14970 14973 14976 14979 14982 
14985 14988 14991 14994 14997 15000 15003 15006 15009 
15012 15015 15018 15021 15024 15027 15030 15033 15036 
15039 15042 15045 15048 15051 15054 15057 15060 15063 
15066 15069 15072 15075 15078 15081 15084 15087 15090 
15093 15096 15099 15102 15105 15108 15111 15114 15117 
15120 15123 15126 15129 15132 15135 15138 15141 15144 
15147 15150 15153 15156 15159 15162 15165 15168 15171 
15174 15177 15180 15183 15186 15189 15192 15195 15198 
15201 15204 15207 15210 15213 15216 15219 15222 15225 
15228 15231 15234 15237 15240 15243 15246 15249 15252 
15255 15258 15261 15264 15267 15270 15273 15276 15279 
15282 15285 15288 15291 15294 15297 15300 15303 15306 
15309 15312 15315 15318 15321 15324 15327 15330 15333 
15336 15339 15342 15345 15348 15351 15354 15357 15360 
15363 15366 15369 15372 15375 15378 15381 15384 15387 
15390 15393 15396 15399 15402 15405 15408 15411 15414 
15417 15420 15423 15426 15429 15432 15435 15438 15441 
15444 15447 15450 15453 15456 15459 15462 15465 15468 
15471 15474 15477 15480 15483 15486 15489 15492 15495 
15498 15501 15504 15507 15510 15513 15516 15519 15522 
15525 15528 15531 15534 15537 15540 15543 15546 15549 
15552 15555 15558 15561 15564 15567 15570 15573 15576 
15579 15582 15585 15588 15591 15594 15597 15600 15603 
15606 15609 15612 15615 15618 15621 15624 15627 15630 
15633 15636 15639 15642 15645 15648 15651 15654 15657 
15660 15663 15666 15669 15672 15675 15678 15681 15684 
15687 15690 15693 15696 15699 15702 15705 15708 15711 
15714 15717 15720 15723 15726 15729 15732 15735 15738 
15741 15744 15747 15750 15753 15756 15759 15762 15765 
15768 15771 15774 15777 15780 15783 15786 15789 15792 
15795 15798 15801 15804 15807 15810 15813 15816 15819 
15822 15825 15828 15831 15834 15837 15840 15843 15846 
15849 15852 15855 15858 15861 15864 15867 15870 15873 
15876 15879 15882 15885 15888 15891 15894 15897 15900 
15903 15906 15909 15912 15915 15918 15921 15924 15927 
15930 15933 15936 15939 15942 15945 15948 15951 15954 
15957 15960 15963 15966 15969 15972 15975 15978 15981 
15984 15987 15990 15993 15996 15999 16002 16005 16008 
16011 16014 16017 16020 16023 16026 16029 16032 16035 
16038 16041 16044 16047 16050 16053 16056 16059 16062 
16065 16068 16071 16074 16077 16080 16083 16086 16089 
16092 16095 16098 16101 16104 16107 16110 16113 16116 
16119 16122 16125 16128 16131 16134 16137 16140 16143 
16146 16149 16152 16155 16158 16161 16164 16167 16170 
16173 16176 16179 16182 16185 16188 16191 16194 16197 
16200 16203 16206 16209 16212 16215 16218 16221 16224 
16227 16230 16233 16236 16239 16242 16245 16248 16251 
16254 16257 16260 16263 16266 16269 16272 16275 16278 
16281 16284 16287 16290 16293 16296 16299 16302 16305 
16308 16311 16314 16317 16320 16323 16326 16329 16332 
16335 16338 16341 16344 16347 16350 16353 16356 16359 
16362 16365 16368 16371 16374 16377 16380 16383 16386 
16389 16392 16395 16398 16401 16404 16407 16410 16413 
16416 16419 16422 16425 16428 16431 16434 16437 16440 
16443 16446 16449 16452 16455 16458 16461 16464 16467 
16470 16473 16476 16479 16482 16485 16488 16491 16494 
16497 16500 16503 16506 16509 16512 16515 16518 16521 
16524 16527 16530 16533 16536 16539 16542 16545 16548 
16551 16554 16557 16560 16563 16566 16569 16572 16575 
16578 16581 16584 16587 16590 16593 16596 16599 16602 
16605 16608 16611 16614 16617 16620 16623 16626 16629 
16632 16635 16638 16641 16644 16647 16650 16653 16656 
16659 16662 16665 16668 16671 16674 16677 16680 16683 
16686 16689 16692 16695 16698 16701 16704 16707 16710 
16713 16716 16719 16722 16725 16728 16731 16734 16737 
16740 16743 16746 16749 16752 16755 16758 16761 16764 
16767 16770 16773 16776 16779 16782 16785 16788 16791 
16794 16797 16800 16803 16806 16809 16812 16815 16818 
16821 16824 16827 16830 16833 16836 16839 16842 16845 
16848 16851 16854 16857 16860 16863 16866 16869 16872 
16875 16878 16881 16884 16887 16890 16893 16896 16899 
16902 16905 16908 16911 16914 16917 16920 16923 16926 
16929 16932 16935 16938 16941 16944 16947 16950 16953 
16956 16959 16962 16965 16968 16971 16974 16977 16980 
16983 16986 16989 16992 16995 16998 17001 17004 17007 
17010 17013 17016 17019 17022 17025 17028 17031 17034 
17037 17040 17043 17046 17049 17052 17055 17058 17061 
17064 17067 17070 17073 17076 17079 17082 17085 17088 
17091 17094 17097 17100 17103 17106 17109 17112 17115 
17118 17121 17124 17127 17130 17133 17136 17139 17142 
17145 17148 17151 17154 17157 17160 17163 17166 17169 
17172 17175 17178 17181 17184 17187 17190 17193 17196 
17199 17202 17205 17208 17211 17214 17217 17220 17223 
17226 17229 17232 17235 17238 17241 17244 17247 17250 
17253 17256 17259 17262 17265 17268 17271 17274 17277 
17280 17283 17286 17289 17292 17295 17298 17301 17304 
17307 17310 17313 17316 17319 17322 17325 17328 17331 
17334 17337 17340 17343 17346 17349 17352 17355 17358 
17361 17364 17367 17370 17373 17376 17379 17382 17385 
17388 17391 17394 17397 17400 17403 17406 17409 17412 
17415 17418 17421 17424 17427 17430 17433 17436 17439 
17442 17445 17448 17451 17454 17457 17460 17463 17466 
17469 17472 17475 17478 17481 17484 17487 17490 17493 
17496 17499 17502 17505 17508 17511 17514 17517 17520 
17523 17526 17529 17532 17535 17538 17541 17544 17547 
17550 17553 17556 17559 17562 17565 17568 17571 17574 
17577 17580 17583 17586 17589 17592 17595 17598 17601 
17604 17607 17610 17613 17616 17619 17622 17625 17628 
17631 17634 17637 17640 17643 17646 17649 17652 17655 
17658 17661 17664 17667 17670 17673 17676 17679 17682 
17685 17688 17691 17694 17697 17700 17703 17706 17709 
17712 17715 17718 17721 17724 17727 17730 17733 17736 
17739 17742 17745 17748 17751 17754 17757 17760 17763 
17766 17769 17772 17775 17778 17781 17784 17787 17790 
17793 17796 17799 17802 17805 17808 17811 17814 17817 
17820 17823 17826 17829 17832 17835 17838 17841 17844 
17847 17850 17853 17856 17859 17862 17865 17868 17871 
17874 17877 17880 17883 17886 17889 17892 17895 17898 
17901 17904 17907 17910 17913 17916 17919 17922 17925 
17928 17931 17934 17937 17940 17943 17946 17949 17952 
17955 17958 17961 17964 17967 17970 17973 17976 17979 
17982 17985 17988 17991 17994 17997 18000 18003 18006 
18009 18012 18015 18018 18021 18024 18027 18030 18033 
18036 18039 18042 18045 18048 18051 18054 18057 18060 
18063 18066 18069 18072 18075 18078 18081 18084 18087 
18090 18093 18096 18099 18102 18105 18108 18111 18114 
18117 18120 18123 18126 18129 18132 18135 18138 18141 
18144 18147 18150 18153 18156 18159 18162 18165 18168 
18171 18174 18177 18180 18183 18186 18189 18192 18195 
18198 18201 18204 18207 18210 18213 18216 18219 18222 
18225 18228 18231 18234 18237 18240 18243 18246 18249 
18252 18255 18258 18261 18264 18267 18270 18273 18276 
18279 18282 18285 18288 18291 18294 18297 18300 18303 
18306 18309 18312 18315 18318 18321 18324 18327 18330 
18333 18336 18339 18342 18345 18348 18351 18354 18357 
18360 18363 18366 18369 18372 18375 18378 18381 18384 
18387 18390 18393 18396 18399 18402 18405 18408 18411 
18414 18417 18420 18423 18426 18429 18432 18435 18438 
18441 18444 18447 18450 18453 18456 18459 18462 18465 
18468 18471 18474 18477 18480 18483 18486 18489 18492 
18495 18498 18501 18504 18507 18510 18513 18516 18519 
18522 18525 18528 18531 18534 18537 18540 18543 18546 
18549 18552 18555 18558 18561 18564 18567 18570 18573 
18576 18579 18582 18585 18588 18591 18594 18597 18600 
18603 18606 18609 18612 18615 18618 18621 18624 18627 
18630 18633 18636 18639 18642 18645 18648 18651 18654 
18657 18660 18663 18666 18669 18672 18675 18678 18681 
18684 18687 18690 18693 18696 18699 18702 18705 18708 
18711 18714 18717 18720 18723 18726 18729 18732 18735 
18738 18741 18744 18747 18750 18753 18756 18759 18762 
18765 18768 18771 18774 18777 18780 18783 18786 18789 
18792 18795 18798 18801 18804 18807 18810 18813 18816 
18819 18822 18825 18828 18831 18834 18837 18840 18843 
18846 18849 18852 18855 18858 18861 18864 18867 18870 
18873 18876 18879 18882 18885 18888 18891 18894 18897 
18900 18903 18906 18909 18912 18915 18918 18921 18924 
18927 18930 18933 18936 18939 18942 18945 18948 18951 
18954 18957 18960 18963 18966 18969 18972 18975 18978 
18981 18984 18987 18990 18993 18996 18999 19002 19005 
19008 19011 19014 19017 19020 19023 19026 19029 19032 
19035 19038 19041 19044 19047 19050 19053 19056 19059 
19062 19065 19068 19071 19074 19077 19080 19083 19086 
19089 19092 19095 19098 19101 19104 19107 19110 19113 
19116 19119 19122 19125 19128 19131 19134 19137 19140 
19143 19146 19149 19152 19155 19158 19161 19164 19167 
19170 19173 19176 19179 19182 19185 19188 19191 19194 
19197 19200 19203 19206 19209 19212 19215 19218 19221 
19224 19227 19230 19233 19236 19239 19242 19245 19248 
19251 19254 19257 19260 19263 19266 19269 19272 19275 
19278 19281 19284 19287 19290 19293 19296 19299 19302 
19305 19308 19311 19314 19317 19320 19323 19326 19329 
19332 19335 19338 19341 19344 19347 19350 19353 19356 
19359 19362 19365 19368 19371 19374 19377 19380 19383 
19386 19389 19392 19395 19398 19401 19404 19407 19410 
19413 19416 19419 19422 19425 19428 19431 19434 19437 
19440 19443 19446 19449 19452 19455 19458 19461 19464 
19467 19470 19473 19476 19479 19482 19485 19488 19491 
19494 19497 19500 19503 19506 19509 19512 19515 19518 
19521 19524 19527 19530 19533 19536 19539 19542 19545 
19548 19551 19554 19557 19560 19563 19566 19569 19572 
19575 19578 19581 19584 19587 19590 19593 19596 19599 
19602 19605 19608 19611 19614 19617 19620 19623 19626 
19629 19632 19635 19638 19641 19644 19647 19650 19653 
19656 19659 19662 19665 19668 19671 19674 19677 19680 
19683 19686 19689 19692 19695 19698 19701 19704 19707 
19710 19713 19716 19719 19722 19725 19728 19731 19734 
19737 19740 19743 19746 19749 19752 19755 19758 19761 
19764 19767 19770 19773 19776 19779 19782 19785 19788 
19791 19794 19797 19800 19803 19806 19809 19812 19815 
19818 19821 19824 19827 19830 19833 19836 19839 19842 
19845 19848 19851 19854 19857 19860 19863 19866 19869 
19872 19875 19878 19881 19884 19887 19890 19893 19896 
19899 19902 19905 19908 19911 19914 19917 19920 19923 
19926 19929 19932 19935 19938 19941 19944 19947 19950 
19953 19956 19959 19962 19965 19968 19971 19974 19977 
19980 19983 19986 19989 19992 19995 19998 20001 20004 
20007 20010 20013 20016 20019 20022 20025 20028 20031 
20034 20037 20040 20043 20046 20049 20052 20055 20058 
20061 20064 20067 20070 20073 20076 20079 20082 20085 
20088 20091 20094 20097 20100 20103 20106 20109 20112 
20115 20118 20121 20124 20127 20130 20133 20136 20139 
20142 20145 20148 20151 20154 20157 20160 20163 20166 
20169 20172 20175 20178 20181 20184 20187 20190 20193 
20196 20199 20202 20205 20208 20211 20214 20217 20220 
20223 20226 20229 20232 20235 20238 20241 20244 20247 
20250 20253 20256 20259 20262 20265 20268 20271 20274 
20277 20280 20283 20286 20289 20292 20295 20298 20301 
20304 20307 20310 20313 20316 20319 20322 20325 20328 
20331 20334 20337 20340 20343 20346 20349 20352 20355 
20358 20361 20364 20367 20370 20373 20376 20379 20382 
20385 20388 20391 20394 20397 20400 20403 20406 20409 
20412 20415 20418 20421 20424 20427 20430 20433 20436 
20439 20442 20445 20448 20451 20454 20457 20460 20463 
20466 20469 20472 20475 20478 20481 20484 20487 20490 
20493 20496 20499 20502 20505 20508 20511 20514 20517 
20520 20523 20526 20529 20532 20535 20538 20541 20544 
20547 20550 20553 20556 20559 20562 20565 20568 20571 
20574 20577 20580 20583 20586 20589 20592 20595 20598 
20601 20604 20607 20610 20613 20616 20619 20622 20625 
20628 20631 20634 20637 20640 20643 20646 20649 20652 
20655 20658 20661 20664 20667 20670 20673 20676 20679 
20682 20685 20688 20691 20694 20697 20700 20703 20706 
20709 20712 20715 20718 20721 20724 20727 20730 20733 
20736 20739 20742 20745 20748 20751 20754 20757 20760 
20763 20766 20769 20772 20775 20778 20781 20784 20787 
20790 20793 20796 20799 20802 20805 20808 20811 20814 
20817 20820 20823 20826 20829 20832 20835 20838 20841 
20844 20847 20850 20853 20856 20859 20862 20865 20868 
20871 20874 20877 20880 20883 20886 20889 20892 20895 
20898 20901 20904 20907 20910 20913 20916 20919 20922 
20925 20928 20931 20934 20937 20940 20943 20946 20949 
20952 20955 20958 20961 20964 20967 20970 20973 20976 
20979 20982 20985 20988 20991 20994 20997 21000 21003 
21006 21009 21012 21015 21018 21021 21024 21027 21030 
21033 21036 21039 21042 21045 21048 21051 21054 21057 
21060 21063 21066 21069 21072 21075 21078 21081 21084 
21087 21090 21093 21096 21099 21102 21105 21108 21111 
21114 21117 21120 21123 21126 21129 21132 21135 21138 
21141 21144 21147 21150 21153 21156 21159 21162 21165 
21168 21171 21174 21177 21180 21183 21186 21189 21192 
21195 21198 21201 21204 21207 21210 21213 21216 21219 
21222 21225 21228 21231 21234 21237 21240 21243 21246 
21249 21252 21255 21258 21261 21264 21267 21270 21273 
21276 21279 21282 21285 21288 21291 21294 21297 21300 
21303 21306 21309 21312 21315 21318 21321 21324 21327 
21330 21333 21336 21339 21342 21345 21348 21351 21354 
21357 21360 21363 21366 21369 21372 21375 21378 21381 
21384 21387 21390 21393 21396 21399 21402 21405 21408 
21411 21414 21417 21420 21423 21426 21429 21432 21435 
21438 21441 21444 21447 21450 21453 21456 21459 21462 
21465 21468 21471 21474 21477 21480 21483 21486 21489 
21492 21495 21498 21501 21504 21507 21510 21513 21516 
21519 21522 21525 21528 21531 21534 21537 21540 21543 
21546 21549 21552 21555 21558 21561 21564 21567 21570 
21573 21576 21579 21582 21585 21588 21591 21594 21597 
21600 21603 21606 21609 21612 21615 21618 21621 21624 
21627 21630 21633 21636 21639 21642 21645 21648 21651 
21654 21657 21660 21663 21666 21669 21672 21675 21678 
21681 21684 21687 21690 21693 21696 21699 21702 21705 
21708 21711 21714 21717 21720 21723 21726 21729 21732 
21735 21738 21741 21744 21747 21750 21753 21756 21759 
21762 21765 21768 21771 21774 21777 21780 21783 21786 
21789 21792 21795 21798 21801 21804 21807 21810 21813 
21816 21819 21822 21825 21828 21831 21834 21837 21840 
21843 21846 21849 21852 21855 21858 21861 21864 21867 
21870 21873 21876 21879 21882 21885 21888 21891 21894 
21897 21900 21903 21906 21909 21912 21915 21918 21921 
21924 21927 21930 21933 21936 21939 21942 21945 21948 
21951 21954 21957 21960 21963 21966 21969 21972 21975 
21978 21981 21984 21987 21990 21993 21996 21999 22002 
22005 22008 22011 22014 22017 22020 22023 22026 22029 
22032 22035 22038 22041 22044 22047 22050 22053 22056 
22059 22062 22065 22068 22071 22074 22077 22080 22083 
22086 22089 22092 22095 22098 22101 22104 22107 22110 
22113 22116 22119 22122 22125 22128 22131 22134 22137 
22140 22143 22146 22149 22152 22155 22158 22161 22164 
22167 22170 22173 22176 22179 22182 22185 22188 22191 
22194 22197 22200 22203 22206 22209 22212 22215 22218 
22221 22224 22227 22230 22233 22236 22239 22242 22245 
22248 22251 22254 22257 22260 22263 22266 22269 22272 
22275 22278 22281 22284 22287 22290 22293 22296 22299 
22302 22305 22308 22311 22314 22317 22320 22323 22326 
22329 22332 22335 22338 22341 22344 22347 22350 22353 
22356 22359 22362 22365 22368 22371 22374 22377 22380 
22383 22386 22389 22392 22395 22398 22401 22404 22407 
22410 22413 22416 22419 22422 22425 22428 22431 22434 
22437 22440 22443 22446 22449 22452 22455 22458 22461 
22464 22467 22470 22473 22476 22479 22482 22485 22488 
22491 22494 22497 22500 22503 22506 22509 22512 22515 
22518 22521 22524 22527 22530 22533 22536 22539 22542 
22545 22548 22551 22554 22557 22560 22563 22566 22569 
22572 22575 22578 22581 22584 22587 22590 22593 22596 
22599 22602 22605 22608 22611 22614 22617 22620 22623 
22626 22629 22632 22635 22638 22641 22644 22647 22650 
22653 22656 22659 22662 22665 22668 22671 22674 22677 
22680 22683 22686 22689 22692 22695 22698 22701 22704 
22707 22710 22713 22716 22719 22722 22725 22728 22731 
22734 22737 22740 22743 22746 22749 22752 22755 22758 
22761 22764 22767 22770 22773 22776 22779 22782 22785 
22788 22791 22794 22797 22800 22803 22806 22809 22812 
22815 22818 22821 22824 22827 22830 22833 22836 22839 
22842 22845 22848 22851 22854 22857 22860 22863 22866 
22869 22872 22875 22878 22881 22884 22887 22890 22893 
22896 22899 22902 22905 22908 22911 22914 22917 22920 
22923 22926 22929 22932 22935 22938 22941 22944 22947 
22950 22953 22956 22959 22962 22965 22968 22971 22974 
22977 22980 22983 22986 22989 22992 22995 22998 23001 
23004 23007 23010 23013 23016 23019 23022 23025 23028 
23031 23034 23037 23040 23043 23046 23049 23052 23055 
23058 23061 23064 23067 23070 23073 23076 23079 23082 
23085 23088 23091 23094 23097 23100 23103 23106 23109 
23112 23115 23118 23121 23124 23127 23130 23133 23136 
23139 23142 23145 23148 23151 23154 23157 23160 23163 
23166 23169 23172 23175 23178 23181 23184 23187 23190 
23193 23196 23199 23202 23205 23208 23211 23214 23217 
23220 23223 23226 23229 23232 23235 23238 23241 23244 
23247 23250 23253 23256 23259 23262 23265 23268 23271 
23274 23277 23280 23283 23286 23289 23292 23295 23298 
23301 23304 23307 23310 23313 23316 23319 23322 23325 
23328 23331 23334 23337 23340 23343 23346 23349 23352 
23355 23358 23361 23364 23367 23370 23373 23376 23379 
23382 23385 23388 23391 23394 23397 23400 23403 23406 
23409 23412 23415 23418 23421 23424 23427 23430 23433 
23436 23439 23442 23445 23448 23451 23454 23457 23460 
23463 23466 23469 23472 23475 23478 23481 23484 23487 
23490 23493 23496 23499 23502 23505 23508 23511 23514 
23517 23520 23523 23526 23529 23532 23535 23538 23541 
23544 23547 23550 23553 23556 23559 23562 23565 23568 
23571 23574 23577 23580 23583 23586 23589 23592 23595 
23598 23601 23604 23607 23610 23613 23616 23619 23622 
23625 23628 23631 23634 23637 23640 23643 23646 23649 
23652 23655 23658 23661 23664 23667 23670 23673 23676 
23679 23682 23685 23688 23691 23694 23697 23700 23703 
23706 23709 23712 23715 23718 23721 23724 23727 23730 
23733 23736 23739 23742 23745 23748 23751 23754 23757 
23760 23763 23766 23769 23772 23775 23778 23781 23784 
23787 23790 23793 23796 23799 23802 23805 23808 23811 
23814 23817 23820 23823 23826 23829 23832 23835 23838 
23841 23844 23847 23850 23853 23856 23859 23862 23865 
23868 23871 23874 23877 23880 23883 23886 23889 23892 
23895 23898 23901 23904 23907 23910 23913 23916 23919 
23922 23925 23928 23931 23934 23937 23940 23943 23946 
23949 23952 23955 23958 23961 23964 23967 23970 23973 
23976 23979 23982 23985 23988 23991 23994 23997 24000 
24003 24006 24009 24012 24015 24018 24021 24024 24027 
24030 24033 24036 24039 24042 24045 24048 24051 24054 
24057 24060 24063 24066 24069 24072 24075 24078 24081 
24084 24087 24090 24093 24096 24099 24102 24105 24108 
24111 24114 24117 24120 24123 24126 24129 24132 24135 
24138 24141 24144 24147 24150 24153 24156 24159 24162 
24165 24168 24171 24174 24177 24180 24183 24186 24189 
24192 24195 24198 24201 24204 24207 24210 24213 24216 
24219 24222 24225 24228 24231 24234 24237 24240 24243 
24246 24249 24252 24255 24258 24261 24264 24267 24270 
24273 24276 
CONNECTIVITY vtktypeint64
0 1 2 1 0 3 4 5 6 
5 4 7 0 2 8 3 0 8 
9 10 11 9 12 13 10 9 13 
12 14 15 13 12 15 6 15 14 
6 14 4 4 14 16 17 7 4 
16 17 4 18 19 20 18 21 22 
19 18 22 11 22 21 11 21 9 
9 21 23 12 9 24 24 9 23 
14 12 25 25 12 24 26 27 16 
26 16 25 25 16 14 17 16 27 
28 29 30 28 31 32 29 28 32 
20 32 31 20 31 18 18 31 33 
21 18 34 34 18 33 35 36 23 
35 23 34 34 23 21 24 23 36 
37 24 36 25 24 37 38 25 37 
26 25 38 39 40 41 30 42 28 
40 39 43 31 28 42 44 31 42 
33 31 44 45 33 44 34 33 45 
46 34 45 35 34 46 39 41 47 
43 39 47 48 49 50 49 48 51 
52 53 54 50 53 52 50 52 48 
48 52 55 56 51 48 55 56 48 
57 58 59 57 60 61 58 57 61 
60 62 63 61 60 63 62 64 65 
63 62 65 54 65 64 54 64 52 
52 64 66 1 66 2 1 55 66 
55 52 66 55 1 3 55 3 56 
56 3 67 68 69 70 68 71 72 
69 68 72 71 73 74 72 71 74 
73 75 76 74 73 76 59 76 75 
59 75 57 57 75 77 5 77 6 
5 60 77 60 57 77 7 60 5 
7 78 60 78 62 60 64 62 79 
79 62 78 66 64 80 80 64 79 
2 81 8 2 66 81 66 80 81 
8 81 82 8 82 3 3 82 67 
83 84 85 83 86 87 84 83 87 
86 88 89 87 86 89 70 89 88 
70 88 68 68 88 90 71 68 91 
91 68 90 10 91 11 10 73 91 
73 71 91 13 73 10 75 73 13 
15 75 13 77 75 15 6 77 15 
78 17 92 7 17 78 79 78 93 
93 78 92 80 79 94 94 79 93 
95 96 81 95 81 94 94 81 80 
82 81 96 97 98 99 85 98 97 
85 97 83 83 97 100 86 83 101 
101 83 100 88 86 102 102 86 101 
19 102 20 19 90 102 90 88 102 
22 90 19 91 90 22 11 91 22 
27 26 103 27 103 104 17 27 104 
17 104 105 17 105 92 93 92 105 
106 93 105 94 93 106 107 94 106 
95 94 107 108 109 110 108 111 112 
109 108 112 111 113 114 112 111 114 
113 115 116 114 113 116 99 116 115 
99 115 97 97 115 117 100 97 118 
118 97 117 29 118 30 29 101 118 
101 100 118 32 101 29 102 101 32 
20 102 32 36 35 119 120 36 119 
120 121 36 121 37 36 38 37 122 
37 121 122 103 26 38 103 38 123 
123 38 122 104 103 123 124 108 110 
125 124 110 111 108 126 126 108 124 
113 111 127 127 111 126 115 113 128 
128 113 127 117 115 129 129 115 128 
40 129 41 40 118 129 118 117 129 
43 118 40 43 130 118 30 118 42 
42 118 130 42 131 44 130 131 42 
132 44 131 132 133 44 133 45 44 
46 45 134 45 133 134 119 35 46 
119 46 135 135 46 134 120 119 135 
124 125 136 136 137 138 136 138 124 
124 138 126 127 126 139 139 126 138 
128 127 140 140 127 139 129 128 141 
141 128 140 41 142 47 41 129 142 
129 141 142 47 142 143 43 47 143 
43 143 144 43 144 130 131 130 144 
145 131 144 132 131 145 138 137 146 
139 138 146 147 139 146 147 148 149 
147 149 139 139 149 140 150 151 141 
150 141 149 149 141 140 142 141 151 
152 142 151 143 142 152 149 148 153 
150 149 153 154 155 156 154 157 158 
155 154 158 158 157 159 160 161 162 
156 161 160 156 160 154 154 160 163 
157 154 164 164 154 163 165 159 157 
165 157 166 166 157 164 165 166 167 
168 169 170 162 169 168 162 168 160 
160 168 171 163 160 172 172 160 171 
164 163 173 173 163 172 49 173 50 
49 166 173 166 164 173 166 49 51 
166 51 167 167 51 174 175 176 177 
175 178 179 176 175 179 178 180 181 
179 178 181 180 182 183 181 180 183 
182 184 185 183 182 185 184 186 187 
185 184 187 186 188 189 187 186 189 
170 189 188 170 188 168 168 188 190 
171 168 191 191 168 190 172 171 192 
192 171 191 53 192 54 53 173 192 
173 172 192 50 173 53 51 56 174 
174 56 193 194 195 196 194 197 198 
195 194 198 197 199 200 198 197 200 
177 200 199 177 199 175 175 199 201 
178 175 202 202 175 201 180 178 203 
203 178 202 182 180 204 204 180 203 
184 182 205 205 182 204 186 184 206 
206 184 205 58 206 59 58 188 206 
188 186 206 61 188 58 190 188 61 
63 190 61 191 190 63 65 191 63 
192 191 65 54 192 65 56 67 193 
193 67 207 208 209 210 208 211 212 
209 208 212 211 213 214 212 211 214 
213 215 216 214 213 216 215 217 218 
216 215 218 217 219 220 218 217 220 
219 221 222 220 219 222 221 223 224 
222 221 224 196 224 223 196 223 194 
194 223 225 197 194 226 226 194 225 
199 197 227 227 197 226 201 199 228 
228 199 227 202 201 229 229 201 228 
69 229 70 69 203 229 203 202 229 
72 203 69 204 203 72 74 204 72 
205 204 74 76 205 74 206 205 76 
59 206 76 67 82 207 207 82 230 
231 208 210 232 231 210 211 208 233 
233 208 231 213 211 234 234 211 233 
215 213 235 235 213 234 217 215 236 
236 215 235 219 217 237 237 217 236 
221 219 238 238 219 237 223 221 239 
239 221 238 225 223 240 240 223 239 
226 225 241 241 225 240 84 241 85 
84 227 241 227 226 241 87 227 84 
228 227 87 89 228 87 229 228 89 
70 229 89 96 242 243 95 242 96 
230 82 96 243 230 96 244 231 232 
245 244 232 233 231 246 246 231 244 
234 233 247 247 233 246 235 234 248 
248 234 247 236 235 249 249 235 248 
237 236 250 250 236 249 238 237 251 
251 237 250 239 238 252 252 238 251 
240 239 253 253 239 252 98 253 99 
98 241 253 241 240 253 85 241 98 
105 104 254 105 255 106 254 255 105 
256 106 255 256 257 106 257 107 106 
242 95 107 257 242 107 244 245 258 
246 244 258 259 246 258 259 260 261 
259 261 246 246 261 247 248 247 262 
262 247 261 249 248 263 263 248 262 
109 263 110 109 250 263 250 249 263 
112 250 109 251 250 112 114 251 112 
252 251 114 116 252 114 253 252 116 
99 253 116 121 120 264 265 121 264 
265 266 121 266 122 121 123 122 267 
122 266 267 254 104 123 254 123 268 
268 123 267 255 254 268 269 255 268 
256 255 269 261 260 270 262 261 270 
271 262 270 271 272 273 271 273 262 
262 273 263 110 273 125 263 273 110 
133 274 275 132 274 133 134 133 276 
133 275 276 135 134 277 134 276 277 
264 120 135 264 135 278 278 135 277 
265 264 278 273 272 279 125 273 279 
125 279 136 136 279 280 280 137 136 
281 137 280 144 282 283 143 282 144 
145 144 284 144 283 284 274 132 145 
284 274 145 137 281 285 146 137 285 
147 146 286 146 285 286 286 148 147 
287 148 286 151 288 289 150 288 151 
152 151 290 151 289 290 282 143 152 
290 282 152 148 287 291 153 148 291 
288 150 153 291 288 153 292 293 294 
293 292 295 296 297 298 294 297 296 
294 296 292 292 296 299 300 295 292 
300 292 301 301 292 299 300 301 302 
303 304 305 298 304 303 298 303 296 
296 303 306 299 296 307 307 296 306 
155 307 156 155 301 307 301 299 307 
301 308 302 301 155 308 155 158 308 
308 158 159 309 308 159 310 311 312 
305 311 310 305 310 303 303 310 313 
306 303 314 314 303 313 161 314 162 
161 307 314 307 306 314 156 307 161 
159 315 309 165 315 159 315 165 167 
316 315 167 317 318 319 317 320 321 
318 317 321 320 322 323 321 320 323 
322 324 325 323 322 325 325 324 326 
327 328 329 327 330 331 328 327 331 
330 332 333 331 330 333 332 334 335 
333 332 335 334 336 337 335 334 337 
312 337 336 312 336 310 310 336 338 
313 310 339 339 310 338 169 339 170 
169 314 339 314 313 339 162 314 169 
167 174 316 316 174 340 341 317 319 
342 341 319 320 317 343 343 317 341 
322 320 344 344 320 343 324 322 345 
345 322 344 346 326 324 346 324 347 
347 324 345 347 348 349 346 347 349 
348 350 351 349 348 351 350 352 353 
351 350 353 352 354 355 353 352 355 
354 356 357 355 354 357 356 358 359 
357 356 359 358 360 361 359 358 361 
329 361 360 327 329 360 327 360 177 
327 177 176 179 327 176 330 327 179 
181 330 179 332 330 181 183 332 181 
334 332 183 185 334 183 336 334 185 
187 336 185 338 336 187 189 338 187 
339 338 189 170 339 189 174 193 340 
340 193 362 363 341 342 364 363 342 
343 341 365 365 341 363 344 343 366 
366 343 365 345 344 367 367 344 366 
347 345 368 368 345 367 348 347 369 
369 347 368 350 348 370 370 348 369 
352 350 371 371 350 370 354 352 372 
372 352 371 195 372 196 195 356 372 
356 354 372 198 356 195 358 356 198 
200 358 198 360 358 200 177 360 200 
193 207 362 362 207 373 374 363 364 
375 374 364 209 374 210 209 365 374 
365 363 374 212 365 209 366 365 212 
214 366 212 367 366 214 216 367 214 
368 367 216 218 368 216 369 368 218 
220 369 218 370 369 220 222 370 220 
371 370 222 224 371 222 372 371 224 
196 372 224 207 230 373 373 230 376 
377 374 375 378 377 375 210 377 232 
374 377 210 243 379 380 242 379 243 
376 230 243 380 376 243 381 377 378 
382 381 378 232 381 245 377 381 232 
383 384 385 383 257 256 383 385 257 
385 386 257 379 242 257 386 379 257 
381 382 387 245 381 387 245 387 258 
258 387 388 259 258 389 258 388 389 
389 260 259 390 260 389 266 391 392 
265 391 266 267 266 393 266 392 393 
268 267 394 267 393 394 384 383 269 
384 269 394 394 269 268 256 269 383 
260 390 395 270 260 395 271 270 396 
270 395 396 396 272 271 397 272 396 
275 398 399 274 398 275 276 275 400 
275 399 400 277 276 401 276 400 401 
278 277 402 277 401 402 391 265 278 
402 391 278 272 397 403 279 272 403 
404 403 405 404 280 403 280 279 403 
280 404 281 283 406 407 282 406 283 
284 283 408 283 407 408 398 274 284 
408 398 284 404 405 409 281 404 409 
281 409 285 285 409 410 286 285 411 
285 410 411 287 412 413 287 286 412 
286 411 412 413 289 288 413 412 289 
412 414 289 290 289 415 289 414 415 
406 282 290 415 406 290 287 413 291 
288 291 413 416 417 418 417 416 419 
420 421 422 418 421 420 418 420 416 
416 420 423 294 293 424 294 424 416 
294 416 423 419 416 424 424 293 295 
425 424 295 426 427 428 422 427 426 
422 426 420 420 426 429 297 429 298 
297 423 429 423 420 429 294 423 297 
295 430 425 300 430 295 430 300 302 
431 430 302 432 433 434 432 435 436 
433 432 436 435 437 438 436 435 438 
437 439 440 438 437 440 440 439 441 
442 443 444 428 443 442 428 442 426 
426 442 445 304 445 305 304 429 445 
429 426 445 298 429 304 302 446 431 
308 446 302 446 308 309 447 446 309 
448 449 450 434 449 448 434 448 432 
432 448 451 435 432 452 452 432 451 
437 435 453 453 435 452 439 437 454 
454 437 453 455 441 439 455 439 456 
456 439 454 456 457 458 455 456 458 
457 459 460 458 457 460 460 459 461 
462 463 464 444 463 462 444 462 442 
442 462 465 311 465 312 311 445 465 
445 442 465 305 445 311 309 466 447 
315 466 309 466 315 316 467 466 316 
468 469 470 450 469 468 448 450 468 
448 468 319 448 319 318 321 448 318 
451 448 321 323 451 321 452 451 323 
325 452 323 453 452 325 326 453 325 
326 471 453 471 454 453 456 454 472 
472 454 471 457 456 473 473 456 472 
459 457 474 474 457 473 475 461 459 
475 459 476 476 459 474 476 477 478 
475 476 478 477 479 480 478 477 480 
479 481 482 480 479 482 481 329 328 
481 328 482 482 328 483 331 484 328 
328 484 483 333 485 331 331 485 484 
464 335 462 464 485 335 485 333 335 
337 462 335 465 462 337 312 465 337 
316 340 467 467 340 486 468 470 487 
487 319 468 487 488 319 488 342 319 
326 346 471 349 471 346 472 471 349 
351 472 349 473 472 351 353 473 351 
474 473 353 355 474 353 476 474 355 
357 476 355 477 476 357 359 477 357 
479 477 359 361 479 359 481 479 361 
329 481 361 340 362 486 486 362 489 
342 488 364 488 490 364 362 373 489 
489 373 491 364 490 375 490 492 375 
493 494 495 493 495 491 493 491 376 
376 491 373 496 497 498 496 492 497 
496 378 492 378 375 492 499 500 501 
494 499 501 493 499 494 493 379 499 
493 380 379 376 380 493 502 503 504 
498 503 502 498 502 496 496 502 505 
378 505 382 496 505 378 385 506 507 
384 506 385 500 499 386 500 386 507 
507 386 385 379 386 499 502 504 508 
505 502 508 509 505 508 382 505 509 
382 509 387 387 509 510 388 387 511 
387 510 511 389 388 512 388 511 512 
512 390 389 513 390 512 514 515 516 
514 392 391 514 516 392 516 517 392 
393 392 518 392 517 518 394 393 519 
393 518 519 506 384 394 519 506 394 
390 513 520 395 390 520 521 520 522 
521 396 520 396 395 520 396 521 397 
399 523 524 398 523 399 400 399 525 
399 524 525 401 400 526 400 525 526 
515 514 402 515 402 526 526 402 401 
391 402 514 521 522 527 397 521 527 
397 527 403 403 527 528 528 405 403 
529 405 528 530 531 532 530 407 406 
530 532 407 532 533 407 408 407 534 
407 533 534 523 398 408 534 523 408 
405 529 535 409 405 535 410 409 536 
409 535 536 411 410 537 410 536 537 
412 411 538 411 537 538 414 412 539 
412 538 539 531 530 415 531 415 539 
539 415 414 406 415 530 540 541 542 
541 540 543 544 545 546 542 545 544 
542 544 540 540 544 547 548 543 540 
547 548 540 549 544 546 550 549 546 
417 549 418 417 547 549 547 544 549 
547 417 419 547 419 548 548 419 551 
552 553 554 550 553 552 549 550 552 
549 552 422 549 422 421 418 549 421 
419 555 551 424 555 419 555 424 425 
556 555 425 557 558 559 557 560 561 
558 557 561 560 562 563 561 560 563 
562 564 565 563 562 565 564 566 567 
565 564 567 567 566 568 569 570 571 
554 570 569 552 554 569 552 569 428 
552 428 427 422 552 427 425 572 556 
430 572 425 572 430 431 573 572 431 
574 575 576 559 575 574 557 559 574 
557 574 434 557 434 433 436 557 433 
560 557 436 438 560 436 562 560 438 
440 562 438 564 562 440 441 564 440 
441 577 564 577 566 564 578 568 566 
578 566 579 579 566 577 579 580 581 
578 579 581 581 580 582 583 584 585 
571 584 583 569 571 583 569 583 444 
569 444 443 428 569 443 431 586 573 
446 586 431 586 446 447 587 586 447 
588 589 590 576 589 588 574 576 588 
574 588 450 574 450 449 434 574 449 
441 455 577 458 577 455 579 577 458 
460 579 458 580 579 460 461 591 592 
460 461 592 460 592 582 460 582 580 
591 593 594 592 591 594 593 595 596 
594 593 596 595 597 598 596 595 598 
597 599 600 598 597 600 599 601 602 
600 599 602 601 603 604 602 601 604 
585 604 603 583 585 603 583 603 464 
583 464 463 444 583 463 605 447 466 
605 606 447 606 587 447 466 467 605 
607 608 609 590 608 607 588 590 607 
588 607 470 588 470 469 450 588 469 
461 475 591 478 591 475 593 591 478 
480 593 478 595 593 480 482 595 480 
597 595 482 483 597 482 599 597 483 
484 599 483 601 599 484 485 601 484 
603 601 485 464 603 485 610 606 605 
611 606 610 467 486 610 605 467 610 
607 609 612 613 612 614 487 612 613 
487 607 612 487 470 607 487 613 488 
615 611 610 616 611 615 486 489 615 
610 486 615 617 613 614 618 617 614 
488 617 490 613 617 488 619 616 615 
620 616 619 489 491 619 615 489 619 
621 617 618 622 621 618 490 621 492 
617 621 490 623 624 625 620 623 625 
619 623 620 619 494 623 619 495 494 
491 495 619 626 627 628 626 629 630 
627 626 630 622 630 629 621 622 629 
621 629 498 621 498 497 492 621 497 
501 624 623 501 500 624 500 631 624 
494 501 623 626 628 632 629 626 632 
629 632 633 634 504 503 633 498 629 
633 635 498 503 498 634 634 498 635 
636 637 638 636 507 506 636 638 507 
638 639 507 631 500 507 639 631 507 
504 634 508 634 635 640 634 640 508 
508 640 509 510 509 641 509 640 641 
511 510 642 510 641 642 512 511 643 
511 642 643 643 513 512 644 513 643 
516 645 646 515 645 516 517 516 647 
516 646 647 518 517 648 517 647 648 
637 636 519 637 519 648 648 519 518 
506 519 636 513 644 649 520 513 649 
522 650 651 522 520 650 520 649 650 
650 652 651 524 653 654 523 653 524 
525 524 655 524 654 655 526 525 656 
525 655 656 645 515 526 656 645 526 
522 651 527 651 652 657 651 657 527 
527 657 528 529 658 659 529 528 658 
528 657 658 658 660 659 532 661 662 
531 661 532 533 532 663 532 662 663 
534 533 664 533 663 664 653 523 534 
664 653 534 529 659 535 659 660 665 
659 665 535 535 665 536 537 536 666 
536 665 666 538 537 667 537 666 667 
539 538 668 538 667 668 661 531 539 
668 661 539 669 670 671 670 669 672 
673 669 671 674 673 671 675 672 669 
675 669 676 676 669 673 676 542 541 
676 541 675 675 541 677 677 541 543 
678 677 543 679 673 674 680 679 674 
545 679 546 545 676 679 676 673 679 
542 676 545 681 548 682 681 678 548 
678 543 548 681 682 683 684 679 680 
685 684 680 546 684 550 679 684 546 
682 551 686 548 551 682 687 683 682 
686 687 682 688 689 690 688 691 692 
689 688 692 691 693 694 692 691 694 
694 693 695 696 697 698 685 697 696 
684 685 696 684 696 554 684 554 553 
550 684 553 551 555 686 686 555 556 
686 556 687 687 556 699 700 701 702 
700 559 558 700 558 701 701 558 703 
690 561 688 690 703 561 703 558 561 
563 688 561 691 688 563 565 691 563 
693 691 565 693 704 695 693 565 704 
565 567 704 568 705 706 568 706 567 
567 706 704 705 707 708 706 705 708 
708 707 709 710 711 712 698 711 710 
696 698 710 696 710 571 696 571 570 
554 696 570 556 713 699 572 713 556 
713 572 573 714 713 573 715 716 717 
702 716 715 700 702 715 700 715 576 
700 576 575 559 700 575 568 578 705 
581 705 578 707 705 581 582 718 719 
581 582 719 581 719 709 581 709 707 
719 718 720 721 722 723 721 724 725 
722 721 725 724 726 727 725 724 727 
726 728 729 727 726 729 728 730 731 
729 728 731 712 731 730 710 712 730 
710 730 585 710 585 584 571 710 584 
573 732 714 586 732 573 732 586 587 
733 732 587 734 735 736 717 735 734 
715 717 734 715 734 590 715 590 589 
576 715 589 582 592 718 718 737 720 
718 592 737 592 594 737 723 596 721 
723 737 596 737 594 596 598 721 596 
724 721 598 600 724 598 726 724 600 
602 726 600 728 726 602 604 728 602 
730 728 604 585 730 604 587 606 733 
733 606 738 739 740 741 736 740 739 
734 736 739 734 739 609 734 609 608 
590 734 608 606 611 738 738 611 742 
739 741 743 744 743 745 612 743 744 
612 739 743 612 609 739 612 744 614 
611 616 742 742 616 746 747 748 749 
745 748 747 745 747 744 744 747 750 
614 750 618 744 750 614 751 752 753 
751 753 746 751 746 620 620 746 616 
754 747 749 755 754 749 750 747 756 
756 747 754 618 756 622 750 756 618 
757 758 759 752 757 759 751 757 752 
751 624 757 751 625 624 620 625 751 
627 754 755 627 755 628 628 755 760 
630 754 627 756 754 630 622 756 630 
761 758 757 762 758 761 624 631 761 
757 624 761 628 760 763 632 628 763 
633 632 764 632 763 764 635 765 766 
635 633 765 633 764 765 765 767 766 
768 769 770 768 638 637 768 770 638 
770 771 638 762 761 639 762 639 771 
771 639 638 631 639 761 635 766 640 
766 767 772 766 772 640 640 772 641 
642 641 773 641 772 773 643 642 774 
642 773 774 774 644 643 775 644 774 
776 777 778 776 646 645 776 778 646 
778 779 646 647 646 780 646 779 780 
769 768 648 769 648 780 780 648 647 
637 648 768 644 775 781 649 644 781 
650 649 782 649 781 782 782 652 650 
783 652 782 784 785 786 784 654 653 
784 786 654 786 787 654 655 654 788 
654 787 788 777 776 656 777 656 788 
788 656 655 645 656 776 652 783 789 
657 652 789 658 657 790 657 789 790 
790 660 658 791 660 790 792 793 794 
792 662 661 792 794 662 794 795 662 
663 662 796 662 795 796 785 784 664 
785 664 796 796 664 663 653 664 784 
660 791 797 665 660 797 666 665 798 
665 797 798 667 666 799 666 798 799 
793 792 668 793 668 799 799 668 667 
661 668 792 800 801 802 803 671 670 
804 801 800 670 672 803 805 800 802 
806 805 802 671 807 674 671 803 807 
674 807 805 804 800 807 805 807 800 
672 807 803 672 675 807 675 808 807 
809 810 808 809 808 677 677 808 675 
677 678 809 811 805 806 812 811 806 
674 811 680 805 811 674 809 813 810 
814 815 813 681 814 813 681 813 809 
681 809 678 681 683 814 816 817 818 
816 819 820 817 816 820 820 819 821 
822 811 812 823 822 812 680 822 685 
811 822 680 814 824 815 824 814 683 
824 683 825 825 683 687 826 827 828 
826 690 689 826 689 827 827 689 829 
818 692 816 818 829 692 829 689 692 
694 816 692 819 816 694 695 830 831 
694 695 831 694 831 821 694 821 819 
831 830 832 833 834 835 823 834 833 
822 823 833 822 833 698 822 698 697 
685 822 697 687 699 825 825 699 836 
701 837 838 702 701 838 828 703 826 
828 837 703 837 701 703 690 826 703 
695 704 830 830 839 832 830 704 839 
704 706 839 708 840 706 706 840 839 
840 708 709 841 840 709 842 843 844 
842 845 846 843 842 846 835 846 845 
833 835 845 833 845 712 833 712 711 
698 833 711 699 847 836 713 847 699 
847 713 714 848 847 714 849 850 851 
849 717 716 849 716 850 850 716 852 
838 716 702 852 716 838 709 853 841 
719 853 709 853 719 720 854 853 720 
722 855 723 722 725 856 855 722 856 
857 856 725 857 725 858 858 725 727 
844 729 842 844 858 729 858 727 729 
731 842 729 845 842 731 712 845 731 
714 859 848 732 859 714 859 732 733 
860 859 733 861 862 863 851 862 861 
849 851 861 849 861 736 849 736 735 
717 849 735 720 864 854 737 864 720 
855 737 723 855 865 737 865 864 737 
856 865 855 866 865 856 857 866 856 
733 738 860 860 738 867 740 861 863 
740 863 741 741 863 868 736 861 740 
869 870 871 869 871 867 869 867 742 
742 867 738 872 743 741 872 741 873 
873 741 868 743 872 745 874 870 869 
875 870 874 742 746 874 869 742 874 
748 872 873 748 873 749 749 873 876 
745 872 748 753 875 874 753 752 875 
752 877 875 746 753 874 749 876 755 
876 878 755 759 879 880 758 879 759 
877 752 759 880 877 759 881 882 760 
881 760 878 878 760 755 881 883 882 
884 885 886 884 886 879 884 879 762 
762 879 758 760 882 763 882 883 887 
882 887 763 763 887 764 765 764 888 
764 887 888 888 767 765 889 767 888 
890 891 892 890 770 769 890 892 770 
892 893 770 885 884 771 885 771 893 
893 771 770 762 771 884 767 889 894 
772 767 894 773 772 895 772 894 895 
774 773 896 773 895 896 896 775 774 
897 775 896 778 898 899 777 898 778 
779 778 900 778 899 900 891 890 780 
891 780 900 900 780 779 769 780 890 
775 897 901 781 775 901 782 781 902 
781 901 902 902 783 782 903 783 902 
904 905 906 904 786 785 904 906 786 
906 907 786 787 786 908 786 907 908 
788 787 909 787 908 909 898 777 788 
909 898 788 783 903 910 789 783 910 
790 789 911 789 910 911 791 912 913 
791 790 912 790 911 912 913 914 915 
912 914 913 915 916 917 914 916 915 
917 794 793 917 916 794 916 918 794 
795 794 919 794 918 919 905 904 796 
905 796 919 919 796 795 785 796 904 
791 913 797 798 797 913 915 798 913 
799 798 915 917 799 915 793 799 917 
920 921 922 920 802 801 920 801 921 
921 801 923 923 801 804 924 923 804 
925 920 922 926 925 922 802 925 806 
920 925 802 804 927 924 807 927 804 
808 928 807 807 928 927 928 808 810 
929 928 810 930 925 926 931 930 926 
806 930 812 925 930 806 810 932 929 
813 932 810 932 813 815 933 932 815 
934 935 936 934 818 817 934 817 935 
935 817 937 820 938 817 817 938 937 
938 820 821 939 938 821 940 930 931 
941 940 931 812 940 823 930 940 812 
942 815 824 942 943 815 943 933 815 
824 825 942 827 944 945 828 827 945 
936 829 934 936 944 829 944 827 829 
818 934 829 821 946 939 831 946 821 
832 947 948 832 948 831 831 948 946 
948 947 949 950 951 952 950 953 954 
951 950 954 941 954 953 940 941 953 
940 953 835 940 835 834 823 940 834 
942 955 943 955 942 825 955 825 956 
956 825 836 957 958 959 957 838 837 
957 837 958 958 837 960 945 837 828 
960 837 945 832 839 947 947 961 949 
947 839 961 839 840 961 961 840 841 
962 961 841 963 964 965 952 964 963 
950 952 963 950 963 844 950 844 843 
846 950 843 953 950 846 835 953 846 
966 836 847 966 967 836 967 956 836 
847 848 966 850 968 969 851 850 969 
959 852 957 959 968 852 968 850 852 
838 957 852 841 970 962 853 970 841 
854 971 972 854 972 853 853 972 970 
971 973 974 972 971 974 973 975 976 
974 973 976 965 976 975 963 965 975 
963 975 857 963 857 858 844 963 858 
966 977 967 978 979 977 859 978 977 
859 977 966 859 966 848 859 860 978 
980 981 982 980 863 862 980 862 981 
981 862 983 969 862 851 983 862 969 
854 864 971 865 971 864 973 971 865 
866 973 865 975 973 866 857 975 866 
984 979 978 985 979 984 860 867 984 
978 860 984 980 982 986 986 863 980 
986 987 863 987 868 863 871 985 984 
871 870 985 870 988 985 867 871 984 
868 987 873 987 989 873 870 875 988 
988 875 990 991 992 993 991 989 992 
991 876 989 876 873 989 994 995 996 
994 996 990 994 990 877 877 990 875 
991 993 997 997 876 991 997 998 876 
998 878 876 999 1000 1001 995 999 1001 
994 999 995 994 879 999 994 880 879 
877 880 994 878 998 1002 881 878 1002 
883 1003 1004 883 881 1003 881 1002 1003 
1003 1005 1004 886 1000 999 886 885 1000 
885 1006 1000 879 886 999 883 1004 887 
1004 1005 1007 1004 1007 887 887 1007 888 
1007 889 888 1008 889 1007 1009 1010 1011 
1009 892 891 1009 1011 892 1011 1012 892 
893 892 1013 892 1012 1013 1006 885 893 
1013 1006 893 889 1008 1014 894 889 1014 
895 894 1015 894 1014 1015 896 895 1016 
895 1015 1016 1016 897 896 1017 897 1016 
1018 1019 1020 1018 899 898 1018 1020 899 
1020 1021 899 1010 1009 900 1010 900 1021 
1021 900 899 891 900 1009 897 1017 1022 
901 897 1022 902 901 1023 901 1022 1023 
903 1024 1025 903 902 1024 902 1023 1024 
1024 1026 1025 1027 1028 1029 1027 906 905 
1027 1029 906 1029 1030 906 907 906 1031 
906 1030 1031 908 907 1032 907 1031 1032 
1019 1018 909 1019 909 1032 1032 909 908 
898 909 1018 903 1025 910 1025 1026 1033 
1025 1033 910 910 1033 911 912 911 1034 
911 1033 1034 914 912 1035 912 1034 1035 
916 914 1036 914 1035 1036 918 916 1037 
916 1036 1037 1028 1027 919 1028 919 1037 
1037 919 918 905 919 1027 1038 1039 1040 
1038 922 921 1038 921 1039 1039 921 1041 
1042 1043 1041 1042 1041 923 923 1041 921 
923 924 1042 1044 1038 1040 1045 1044 1040 
922 1044 926 1038 1044 922 1042 1046 1043 
924 1046 1042 924 927 1046 927 1047 1046 
1048 1049 1047 1048 1047 928 928 1047 927 
928 929 1048 1050 1051 1052 1051 1050 1053 
1054 1055 1056 1045 1055 1054 1045 1054 1044 
1044 1054 1057 926 1057 931 1044 1057 926 
1048 1058 1049 1059 1060 1058 932 1059 1058 
932 1058 1048 932 1048 929 932 933 1059 
935 1061 1062 936 935 1062 937 1063 935 
935 1063 1061 1052 938 1050 1052 1063 938 
1063 937 938 939 1064 1065 938 939 1065 
938 1065 1053 938 1053 1050 1065 1064 1066 
1067 1054 1056 1068 1067 1056 1057 1054 1069 
1069 1054 1067 931 1069 941 1057 1069 931 
1070 1060 1059 1071 1060 1070 933 943 1070 
1059 933 1070 1072 1073 1074 1072 945 944 
1072 944 1073 1073 944 1075 1062 944 936 
1075 944 1062 939 946 1064 1064 1076 1066 
1064 946 1076 946 948 1076 949 1077 1078 
949 1078 948 948 1078 1076 1078 1077 1079 
951 1067 1068 951 1068 952 952 1068 1080 
954 1067 951 1069 1067 954 941 1069 954 
1070 1081 1071 1082 1083 1081 955 1082 1081 
955 1081 1070 955 1070 943 955 956 1082 
958 1084 1085 959 958 1085 1074 960 1072 
1074 1084 960 1084 958 960 945 1072 960 
949 961 1077 962 1086 1087 961 962 1087 
961 1087 1079 961 1079 1077 1087 1086 1088 
964 1089 1090 965 964 1090 1080 964 952 
1089 964 1080 1091 1083 1082 1092 1083 1091 
956 967 1091 1082 956 1091 1093 1094 1095 
1093 969 968 1093 968 1094 1094 968 1096 
1085 968 959 1096 968 1085 962 970 1086 
1086 1097 1088 1086 970 1097 970 972 1097 
974 1098 972 972 1098 1097 976 1099 974 
974 1099 1098 1090 976 965 1099 976 1090 
1091 1100 1092 1101 1102 1100 977 1101 1100 
977 1100 1091 977 1091 967 977 979 1101 
981 1103 1104 982 981 1104 1095 983 1093 
1095 1103 983 1103 981 983 969 1093 983 
1101 1105 1102 1105 1101 979 1105 979 1106 
1106 979 985 982 1104 1107 986 982 1107 
1107 987 986 1108 987 1107 1109 1110 1111 
1109 1111 1106 1109 1106 988 988 1106 985 
1112 1113 1114 1112 1108 1113 1112 989 1108 
989 987 1108 1115 1110 1109 1116 1110 1115 
988 990 1115 1109 988 1115 1117 1118 1119 
1114 1118 1117 1112 1114 1117 1112 1117 993 
1112 993 992 989 1112 992 1120 1121 1122 
1116 1120 1122 1115 1120 1116 1115 995 1120 
1115 996 995 990 996 1115 1117 1119 1123 
993 1117 1123 993 1123 997 997 1123 1124 
998 1125 1126 998 997 1125 997 1124 1125 
1125 1127 1126 1001 1121 1120 1001 1000 1121 
1000 1128 1121 995 1001 1120 998 1126 1002 
1126 1127 1129 1126 1129 1002 1002 1129 1003 
1005 1130 1131 1005 1003 1130 1003 1129 1130 
1130 1132 1131 1133 1134 1135 1133 1135 1128 
1133 1128 1006 1006 1128 1000 1005 1131 1007 
1008 1136 1137 1007 1136 1008 1007 1132 1136 
1007 1131 1132 1136 1138 1137 1011 1139 1140 
1010 1139 1011 1012 1011 1141 1011 1140 1141 
1134 1133 1013 1134 1013 1141 1141 1013 1012 
1006 1013 1133 1008 1137 1014 1137 1138 1142 
1137 1142 1014 1014 1142 1015 1016 1015 1143 
1015 1142 1143 1017 1144 1145 1017 1016 1144 
1016 1143 1144 1144 1146 1145 1020 1147 1148 
1019 1147 1020 1021 1020 1149 1020 1148 1149 
1139 1010 1021 1149 1139 1021 1017 1145 1022 
1145 1146 1150 1145 1150 1022 1022 1150 1023 
1024 1023 1151 1023 1150 1151 1026 1152 1153 
1026 1024 1152 1024 1151 1152 1153 1154 1155 
1152 1154 1153 1155 1156 1157 1154 1156 1155 
1157 1158 1159 1156 1158 1157 1159 1160 1161 
1158 1160 1159 1161 1029 1028 1161 1160 1029 
1160 1162 1029 1030 1029 1163 1029 1162 1163 
1031 1030 1164 1030 1163 1164 1032 1031 1165 
1031 1164 1165 1147 1019 1032 1165 1147 1032 
1026 1153 1033 1034 1033 1153 1155 1034 1153 
1035 1034 1155 1157 1035 1155 1036 1035 1157 
1159 1036 1157 1037 1036 1159 1161 1037 1159 
1028 1037 1161 1166 1167 1168 1166 1040 1039 
1166 1039 1167 1167 1039 1169 1170 1171 1169 
1170 1169 1041 1041 1169 1039 1041 1043 1170 
1172 1166 1168 1173 1172 1168 1040 1172 1045 
1166 1172 1040 1170 1174 1171 1043 1174 1170 
1043 1046 1174 1046 1175 1174 1176 1177 1175 
1176 1175 1047 1047 1175 1046 1047 1049 1176 
1178 1179 1180 1178 1052 1051 1178 1051 1179 
1179 1051 1181 1053 1182 1183 1053 1183 1051 
1051 1183 1181 1183 1182 1184 1055 1172 1173 
1055 1173 1056 1056 1173 1185 1045 1172 1055 
1176 1186 1177 1187 1188 1186 1058 1187 1186 
1058 1186 1176 1058 1176 1049 1058 1060 1187 
1189 1190 1191 1189 1062 1061 1189 1061 1190 
1190 1061 1192 1180 1063 1178 1180 1192 1063 
1192 1061 1063 1052 1178 1063 1053 1065 1182 
1066 1193 1194 1065 1066 1194 1065 1194 1184 
1065 1184 1182 1194 1193 1195 1056 1185 1068 
1185 1196 1068 1197 1188 1187 1198 1188 1197 
1060 1071 1197 1187 1060 1197 1199 1200 1201 
1199 1074 1073 1199 1073 1200 1200 1073 1202 
1191 1075 1189 1191 1202 1075 1202 1073 1075 
1062 1189 1075 1066 1076 1193 1193 1203 1195 
1193 1076 1203 1076 1078 1203 1203 1078 1079 
1204 1203 1079 1205 1206 1207 1205 1196 1206 
1205 1080 1196 1080 1068 1196 1197 1208 1198 
1209 1210 1208 1081 1209 1208 1081 1208 1197 
1081 1197 1071 1081 1083 1209 1211 1212 1213 
1201 1212 1211 1199 1201 1211 1199 1211 1085 
1199 1085 1084 1074 1199 1084 1079 1214 1204 
1087 1214 1079 1088 1215 1216 1088 1216 1087 
1087 1216 1214 1215 1217 1218 1216 1215 1218 
1217 1219 1220 1218 1217 1220 1207 1220 1219 
1205 1207 1219 1205 1219 1090 1205 1090 1089 
1080 1205 1089 1209 1221 1210 1221 1209 1083 
1221 1083 1222 1222 1083 1092 1223 1224 1225 
1223 1095 1094 1223 1094 1224 1224 1094 1226 
1213 1096 1211 1213 1226 1096 1226 1094 1096 
1085 1211 1096 1088 1097 1215 1098 1215 1097 
1217 1215 1098 1099 1217 1098 1219 1217 1099 
1090 1219 1099 1227 1092 1100 1227 1228 1092 
1228 1222 1092 1100 1102 1227 1229 1230 1231 
1225 1230 1229 1223 1225 1229 1223 1229 1104 
1223 1104 1103 1095 1223 1103 1227 1232 1228 
1233 1234 1232 1105 1233 1232 1105 1232 1227 
1105 1227 1102 1105 1106 1233 1229 1231 1235 
1236 1235 1237 1107 1235 1236 1107 1229 1235 
1107 1104 1229 1107 1236 1108 1238 1239 1240 
1234 1238 1240 1233 1238 1234 1233 1110 1238 
1233 1111 1110 1106 1111 1233 1113 1236 1237 
1113 1237 1114 1114 1237 1241 1108 1236 1113 
1242 1239 1238 1243 1239 1242 1110 1116 1242 
1238 1110 1242 1118 1244 1119 1118 1245 1244 
1118 1114 1245 1114 1241 1245 1122 1243 1242 
1122 1121 1243 1121 1246 1243 1116 1122 1242 
1119 1244 1123 1244 1245 1247 1244 1247 1123 
1123 1247 1124 1125 1124 1248 1124 1247 1248 
1127 1249 1250 1127 1125 1249 1125 1248 1249 
1249 1251 1250 1252 1253 1254 1252 1254 1246 
1252 1246 1128 1128 1246 1121 1127 1250 1129 
1250 1251 1255 1250 1255 1129 1129 1255 1130 
1255 1132 1130 1256 1132 1255 1135 1253 1252 
1135 1134 1253 1134 1257 1253 1128 1135 1252 
1132 1256 1258 1136 1132 1258 1138 1259 1260 
1138 1136 1259 1136 1258 1259 1259 1261 1260 
1262 1263 1264 1262 1140 1139 1262 1264 1140 
1264 1265 1140 1141 1140 1266 1140 1265 1266 
1257 1134 1141 1266 1257 1141 1138 1260 1142 
1260 1261 1267 1260 1267 1142 1142 1267 1143 
1144 1143 1268 1143 1267 1268 1146 1269 1270 
1146 1144 1269 1144 1268 1269 1269 1271 1270 
1272 1273 1274 1272 1148 1147 1272 1274 1148 
1274 1275 1148 1263 1262 1149 1263 1149 1275 
1275 1149 1148 1139 1149 1262 1146 1270 1150 
1270 1271 1276 1270 1276 1150 1150 1276 1151 
1152 1151 1277 1151 1276 1277 1154 1152 1278 
1152 1277 1278 1156 1154 1279 1154 1278 1279 
1158 1156 1280 1156 1279 1280 1160 1158 1281 
1158 1280 1281 1162 1160 1282 1160 1281 1282 
1163 1162 1283 1162 1282 1283 1164 1163 1284 
1163 1283 1284 1273 1272 1165 1273 1165 1284 
1284 1165 1164 1147 1165 1272 1167 1285 1286 
1168 1167 1286 1287 1288 1285 1287 1285 1169 
1169 1285 1167 1169 1171 1287 1289 1290 1291 
1290 1289 1292 1168 1286 1173 1286 1293 1173 
1287 1294 1288 1171 1294 1287 1171 1174 1294 
1174 1295 1294 1296 1297 1295 1296 1295 1175 
1175 1295 1174 1175 1177 1296 1298 1299 1300 
1298 1180 1179 1298 1179 1299 1299 1179 1301 
1181 1302 1179 1179 1302 1301 1291 1183 1289 
1291 1302 1183 1302 1181 1183 1289 1183 1184 
1289 1184 1292 1292 1184 1303 1173 1293 1185 
1293 1304 1185 1296 1305 1297 1306 1307 1305 
1186 1306 1305 1186 1305 1296 1186 1296 1177 
1186 1188 1306 1308 1309 1310 1308 1191 1190 
1308 1190 1309 1309 1190 1311 1300 1192 1298 
1300 1311 1192 1311 1190 1192 1180 1298 1192 
1184 1312 1303 1194 1312 1184 1312 1194 1195 
1313 1312 1195 1185 1304 1196 1304 1314 1196 
1306 1315 1307 1315 1306 1188 1315 1188 1316 
1316 1188 1198 1200 1317 1318 1201 1200 1318 
1310 1202 1308 1310 1317 1202 1317 1200 1202 
1191 1308 1202 1195 1319 1313 1203 1319 1195 
1204 1320 1321 1204 1321 1203 1203 1321 1319 
1321 1320 1322 1206 1323 1324 1207 1206 1324 
1314 1206 1196 1323 1206 1314 1325 1198 1208 
1325 1326 1198 1326 1316 1198 1208 1210 1325 
1327 1328 1329 1327 1213 1212 1327 1212 1328 
1328 1212 1330 1318 1212 1201 1330 1212 1318 
1204 1214 1320 1320 1331 1322 1320 1214 1331 
1214 1216 1331 1218 1332 1216 1216 1332 1331 
1220 1333 1218 1218 1333 1332 1324 1220 1207 
1333 1220 1324 1325 1334 1326 1335 1336 1334 
1221 1335 1334 1221 1334 1325 1221 1325 1210 
1221 1222 1335 1224 1337 1338 1225 1224 1338 
1329 1226 1327 1329 1337 1226 1337 1224 1226 
1213 1327 1226 1339 1336 1335 1340 1336 1339 
1222 1228 1339 1335 1222 1339 1230 1341 1342 
1231 1230 1342 1338 1230 1225 1341 1230 1338 
1339 1343 1340 1344 1345 1343 1232 1344 1343 
1232 1343 1339 1232 1339 1228 1232 1234 1344 
1231 1342 1346 1235 1231 1346 1346 1237 1235 
1347 1237 1346 1348 1349 1350 1345 1348 1350 
1344 1348 1345 1344 1239 1348 1344 1240 1239 
1234 1240 1344 1237 1347 1241 1347 1351 1241 
1352 1349 1348 1353 1349 1352 1239 1243 1352 
1348 1239 1352 1354 1355 1245 1354 1245 1351 
1351 1245 1241 1355 1356 1357 1354 1356 1355 
1356 1358 1357 1359 1353 1352 1360 1353 1359 
1243 1246 1359 1352 1243 1359 1245 1355 1247 
1248 1247 1355 1357 1248 1355 1357 1358 1361 
1357 1361 1248 1248 1361 1249 1251 1362 1363 
1251 1249 1362 1249 1361 1362 1362 1364 1363 
1254 1360 1359 1254 1253 1360 1253 1365 1360 
1246 1254 1359 1251 1363 1255 1256 1366 1367 
1255 1366 1256 1255 1364 1366 1255 1363 1364 
1367 1368 1369 1366 1368 1367 1368 1370 1369 
1371 1372 1373 1371 1373 1365 1371 1365 1257 
1257 1365 1253 1256 1367 1258 1259 1258 1367 
1369 1259 1367 1261 1374 1375 1259 1374 1261 
1259 1370 1374 1259 1369 1370 1374 1376 1375 
1264 1377 1378 1263 1377 1264 1265 1264 1379 
1264 1378 1379 1372 1371 1266 1372 1266 1379 
1379 1266 1265 1257 1266 1371 1261 1375 1267 
1375 1376 1380 1375 1380 1267 1267 1380 1268 
1269 1268 1381 1268 1380 1381 1271 1382 1383 
1271 1269 1382 1269 1381 1382 1382 1384 1383 
1274 1385 1386 1273 1385 1274 1275 1274 1387 
1274 1386 1387 1377 1263 1275 1387 1377 1275 
1271 1383 1276 1383 1384 1388 1383 1388 1276 
1276 1388 1277 1278 1277 1389 1277 1388 1389 
1279 1278 1390 1278 1389 1390 1280 1279 1391 
1279 1390 1391 1281 1280 1392 1280 1391 1392 
1282 1281 1393 1281 1392 1393 1283 1282 1394 
1282 1393 1394 1284 1283 1395 1283 1394 1395 
1385 1273 1284 1395 1385 1284 1285 1396 1286 
1285 1288 1396 1397 1398 1399 1397 1291 1290 
1397 1290 1398 1398 1290 1400 1400 1290 1292 
1401 1400 1292 1396 1402 1403 1396 1403 1286 
1286 1403 1293 1288 1402 1396 1288 1294 1402 
1294 1404 1402 1295 1405 1294 1294 1405 1404 
1405 1295 1297 1406 1405 1297 1299 1407 1408 
1300 1299 1408 1301 1409 1299 1299 1409 1407 
1399 1302 1397 1399 1409 1302 1409 1301 1302 
1291 1397 1302 1410 1303 1411 1410 1401 1303 
1401 1292 1303 1410 1411 1412 1413 1414 1415 
1413 1403 1414 1413 1304 1403 1304 1293 1403 
1297 1416 1406 1305 1416 1297 1416 1305 1307 
1417 1416 1307 1418 1419 1420 1418 1310 1309 
1418 1309 1419 1419 1309 1421 1311 1422 1309 
1309 1422 1421 1408 1311 1300 1422 1311 1408 
1303 1312 1411 1313 1423 1424 1312 1313 1424 
1312 1424 1412 1312 1412 1411 1424 1423 1425 
1426 1413 1415 1427 1426 1415 1304 1426 1314 
1413 1426 1304 1428 1307 1315 1428 1429 1307 
1429 1417 1307 1315 1316 1428 1430 1431 1432 
1420 1431 1430 1418 1420 1430 1418 1430 1318 
1418 1318 1317 1310 1418 1317 1313 1319 1423 
1423 1433 1425 1423 1319 1433 1319 1321 1433 
1322 1434 1435 1322 1435 1321 1321 1435 1433 
1434 1436 1437 1435 1434 1437 1436 1438 1439 
1437 1436 1439 1427 1439 1438 1426 1427 1438 
1426 1438 1324 1426 1324 1323 1314 1426 1323 
1428 1440 1429 1440 1428 1316 1440 1316 1441 
1441 1316 1326 1328 1442 1443 1329 1328 1443 
1432 1330 1430 1432 1442 1330 1442 1328 1330 
1318 1430 1330 1322 1331 1434 1332 1434 1331 
1436 1434 1332 1333 1436 1332 1438 1436 1333 
1324 1438 1333 1444 1326 1334 1444 1445 1326 
1445 1441 1326 1334 1336 1444 1337 1446 1447 
1338 1337 1447 1443 1337 1329 1446 1337 1443 
1444 1448 1445 1448 1444 1336 1448 1336 1449 
1449 1336 1340 1341 1450 1451 1342 1341 1451 
1447 1341 1338 1450 1341 1447 1452 1340 1343 
1452 1453 1340 1453 1449 1340 1343 1345 1452 
1454 1346 1342 1454 1342 1455 1455 1342 1451 
1346 1454 1347 1350 1453 1452 1350 1349 1453 
1349 1456 1453 1345 1350 1452 1457 1458 1459 
1455 1458 1457 1455 1457 1454 1454 1457 1460 
1347 1460 1351 1454 1460 1347 1349 1353 1456 
1456 1353 1461 1457 1459 1462 1460 1457 1462 
1463 1460 1462 1351 1460 1463 1351 1463 1354 
1354 1463 1464 1356 1354 1465 1354 1464 1465 
1465 1358 1356 1466 1358 1465 1353 1360 1461 
1461 1360 1467 1358 1466 1468 1361 1358 1468 
1362 1361 1469 1361 1468 1469 1469 1364 1362 
1470 1364 1469 1471 1472 1473 1471 1473 1467 
1471 1467 1365 1365 1467 1360 1364 1470 1474 
1366 1364 1474 1368 1366 1475 1366 1474 1475 
1475 1370 1368 1476 1370 1475 1373 1472 1471 
1373 1372 1472 1372 1477 1472 1365 1373 1471 
1370 1476 1478 1374 1370 1478 1376 1479 1480 
1376 1374 1479 1374 1478 1479 1479 1481 1480 
1482 1483 1484 1482 1378 1377 1482 1484 1378 
1484 1485 1378 1379 1378 1486 1378 1485 1486 
1477 1372 1379 1486 1477 1379 1376 1480 1380 
1480 1481 1487 1480 1487 1380 1380 1487 1381 
1382 1381 1488 1381 1487 1488 1384 1489 1490 
1384 1382 1489 1382 1488 1489 1490 1491 1492 
1489 1491 1490 1492 1493 1494 1491 1493 1492 
1494 1495 1496 1493 1495 1494 1495 1497 1496 
1498 1499 1500 1498 1386 1385 1498 1500 1386 
1500 1501 1386 1483 1482 1387 1483 1387 1501 
1501 1387 1386 1377 1387 1482 1384 1490 1388 
1389 1388 1490 1492 1389 1490 1390 1389 1492 
1494 1390 1492 1391 1390 1494 1496 1391 1494 
1496 1497 1502 1496 1502 1391 1391 1502 1392 
1393 1392 1503 1392 1502 1503 1394 1393 1504 
1393 1503 1504 1499 1498 1395 1499 1395 1504 
1504 1395 1394 1385 1395 1498 1505 1506 1507 
1505 1399 1398 1505 1398 1506 1506 1398 1508 
1400 1509 1398 1398 1509 1508 1509 1400 1401 
1510 1509 1401 1511 1512 1513 1511 1403 1402 
1511 1402 1512 1512 1402 1514 1404 1515 1402 
1402 1515 1514 1516 1517 1515 1516 1515 1405 
1405 1515 1404 1405 1406 1516 1518 1519 1520 
1518 1408 1407 1518 1407 1519 1519 1407 1521 
1507 1409 1505 1507 1521 1409 1521 1407 1409 
1399 1505 1409 1401 1522 1510 1410 1522 1401 
1522 1410 1412 1523 1522 1412 1524 1525 1526 
1524 1527 1528 1525 1524 1528 1513 1528 1527 
1511 1513 1527 1511 1527 1415 1511 1415 1414 
1403 1511 1414 1516 1529 1517 1530 1531 1529 
1416 1530 1529 1416 1529 1516 1416 1516 1406 
1416 1417 1530 1419 1532 1533 1420 1419 1533 
1421 1534 1419 1419 1534 1532 1520 1422 1518 
1520 1534 1422 1534 1421 1422 1408 1518 1422 
1412 1535 1523 1424 1535 1412 1425 1536 1537 
1425 1537 1424 1424 1537 1535 1536 1538 1539 
1537 1536 1539 1526 1539 1538 1526 1538 1524 
1524 1538 1540 1527 1524 1541 1541 1524 1540 
1415 1541 1427 1527 1541 1415 1530 1542 1531 
1542 1530 1417 1542 1417 1543 1543 1417 1429 
1431 1544 1545 1432 1431 1545 1533 1431 1420 
1544 1431 1533 1425 1433 1536 1435 1536 1433 
1538 1536 1435 1437 1538 1435 1540 1538 1437 
1439 1540 1437 1541 1540 1439 1427 1541 1439 
1429 1546 1543 1440 1546 1429 1546 1440 1441 
1547 1546 1441 1548 1549 1550 1548 1443 1442 
1548 1442 1549 1549 1442 1551 1545 1442 1432 
1551 1442 1545 1552 1553 1554 1552 1554 1547 
1552 1547 1445 1445 1547 1441 1555 1556 1557 
1550 1556 1555 1548 1550 1555 1548 1555 1447 
1548 1447 1446 1443 1548 1446 1552 1558 1553 
1559 1560 1558 1448 1559 1558 1448 1558 1552 
1448 1552 1445 1448 1449 1559 1561 1562 1563 
1557 1562 1561 1555 1557 1561 1555 1561 1451 
1555 1451 1450 1447 1555 1450 1564 1560 1559 
1565 1560 1564 1449 1453 1564 1559 1449 1564 
1561 1563 1566 1566 1451 1561 1566 1567 1451 
1567 1455 1451 1568 1565 1564 1569 1565 1568 
1453 1456 1568 1564 1453 1568 1458 1570 1571 
1459 1458 1571 1567 1458 1455 1570 1458 1567 
1572 1569 1568 1573 1569 1572 1456 1461 1572 
1568 1456 1572 1459 1571 1574 1462 1459 1574 
1463 1462 1575 1462 1574 1575 1464 1463 1576 
1463 1575 1576 1465 1464 1577 1464 1576 1577 
1577 1466 1465 1578 1466 1577 1579 1573 1572 
1580 1573 1579 1461 1467 1579 1572 1461 1579 
1466 1578 1581 1468 1466 1581 1469 1468 1582 
1468 1581 1582 1470 1583 1584 1470 1469 1583 
1469 1582 1583 1584 1585 1586 1583 1585 1584 
1585 1587 1586 1473 1580 1579 1473 1472 1580 
1472 1588 1580 1467 1473 1579 1470 1584 1474 
1475 1474 1584 1586 1475 1584 1476 1589 1590 
1475 1589 1476 1475 1587 1589 1475 1586 1587 
1590 1591 1592 1589 1591 1590 1591 1593 1592 
1594 1595 1596 1594 1596 1588 1594 1588 1477 
1477 1588 1472 1476 1590 1478 1479 1478 1590 
1592 1479 1590 1481 1597 1598 1479 1597 1481 
1479 1593 1597 1479 1592 1593 1598 1599 1600 
1597 1599 1598 1600 1601 1602 1599 1601 1600 
1601 1603 1602 1604 1605 1606 1604 1484 1483 
1604 1606 1484 1606 1607 1484 1485 1484 1608 
1484 1607 1608 1595 1594 1486 1595 1486 1608 
1608 1486 1485 1477 1486 1594 1481 1598 1487 
1488 1487 1598 1600 1488 1598 1489 1488 1600 
1602 1489 1600 1602 1603 1609 1602 1609 1489 
1489 1609 1491 1493 1491 1610 1491 1609 1610 
1495 1493 1611 1493 1610 1611 1497 1612 1613 
1497 1495 1612 1495 1611 1612 1613 1614 1615 
1612 1614 1613 1615 1616 1617 1614 1616 1615 
1617 1500 1499 1617 1616 1500 1616 1618 1500 
1605 1604 1501 1605 1501 1618 1618 1501 1500 
1483 1501 1604 1497 1613 1502 1503 1502 1613 
1615 1503 1613 1504 1503 1615 1617 1504 1615 
1499 1504 1617 1619 1620 1621 1619 1622 1623 
1620 1619 1623 1622 1624 1625 1623 1622 1625 
1625 1624 1626 1627 1628 1629 1627 1507 1506 
1627 1506 1628 1628 1506 1630 1508 1631 1506 
1506 1631 1630 1621 1509 1619 1621 1631 1509 
1631 1508 1509 1510 1619 1509 1510 1632 1619 
1632 1622 1619 1633 1634 1624 1633 1624 1632 
1632 1624 1622 1626 1624 1634 1635 1636 1637 
1635 1638 1639 1636 1635 1639 1638 1513 1512 
1638 1512 1639 1639 1512 1640 1514 1641 1512 
1512 1641 1640 1642 1643 1641 1642 1641 1515 
1515 1641 1514 1515 1517 1642 1644 1645 1646 
1644 1520 1519 1644 1519 1645 1645 1519 1647 
1629 1521 1627 1629 1647 1521 1647 1519 1521 
1507 1627 1521 1510 1522 1632 1523 1648 1649 
1522 1523 1649 1522 1649 1633 1522 1633 1632 
1648 1650 1651 1649 1648 1651 1650 1652 1653 
1651 1650 1653 1637 1653 1652 1635 1637 1652 
1635 1652 1526 1635 1526 1525 1528 1635 1525 
1638 1635 1528 1513 1638 1528 1642 1654 1643 
1517 1654 1642 1517 1529 1654 1529 1655 1654 
1655 1529 1531 1656 1655 1531 1657 1658 1659 
1657 1533 1532 1657 1532 1658 1658 1532 1660 
1646 1534 1644 1646 1660 1534 1660 1532 1534 
1520 1644 1534 1523 1535 1648 1537 1648 1535 
1650 1648 1537 1539 1650 1537 1652 1650 1539 
1526 1652 1539 1531 1661 1656 1542 1661 1531 
1661 1542 1543 1662 1661 1543 1663 1664 1665 
1659 1664 1663 1657 1659 1663 1657 1663 1545 
1657 1545 1544 1533 1657 1544 1666 1543 1546 
1666 1667 1543 1667 1662 1543 1546 1547 1666 
1549 1668 1669 1550 1549 1669 1665 1551 1663 
1665 1668 1551 1668 1549 1551 1545 1663 1551 
1554 1667 1666 1554 1553 1667 1553 1670 1667 
1547 1554 1666 1556 1671 1672 1557 1556 1672 
1669 1556 1550 1671 1556 1669 1673 1553 1558 
1673 1674 1553 1674 1670 1553 1558 1560 1673 
1562 1675 1676 1563 1562 1676 1672 1562 1557 
1675 1562 1672 1673 1677 1674 1677 1673 1560 
1677 1560 1678 1678 1560 1565 1679 1566 1563 
1679 1563 1680 1680 1563 1676 1566 1679 1567 
1565 1569 1678 1678 1569 1681 1570 1679 1680 
1570 1680 1571 1571 1680 1682 1567 1679 1570 
1569 1573 1681 1681 1573 1683 1571 1682 1684 
1574 1571 1684 1575 1574 1685 1574 1684 1685 
1576 1575 1686 1575 1685 1686 1577 1576 1687 
1576 1686 1687 1578 1688 1689 1578 1577 1688 
1577 1687 1688 1688 1690 1689 1573 1580 1683 
1683 1580 1691 1578 1689 1581 1689 1690 1692 
1689 1692 1581 1581 1692 1582 1583 1582 1693 
1582 1692 1693 1585 1583 1694 1583 1693 1694 
1587 1695 1696 1587 1585 1695 1585 1694 1695 
1695 1697 1696 1698 1699 1700 1698 1700 1691 
1698 1691 1588 1588 1691 1580 1587 1696 1589 
1696 1697 1701 1696 1701 1589 1589 1701 1591 
1593 1702 1703 1593 1591 1702 1591 1701 1702 
1702 1704 1703 1705 1706 1707 1699 1705 1707 
1698 1705 1699 1698 1595 1705 1698 1596 1595 
1588 1596 1698 1593 1703 1597 1703 1704 1708 
1703 1708 1597 1597 1708 1599 1601 1599 1709 
1599 1708 1709 1603 1710 1711 1603 1601 1710 
1601 1709 1710 1711 1712 1713 1710 1712 1711 
1713 1714 1715 1712 1714 1713 1714 1716 1715 
1606 1717 1718 1605 1717 1606 1607 1606 1719 
1606 1718 1719 1706 1705 1608 1706 1608 1719 
1719 1608 1607 1595 1608 1705 1603 1711 1609 
1610 1609 1711 1713 1610 1711 1611 1610 1713 
1715 1611 1713 1715 1716 1720 1715 1720 1611 
1611 1720 1612 1614 1612 1721 1612 1720 1721 
1616 1614 1722 1614 1721 1722 1618 1616 1723 
1616 1722 1723 1717 1605 1618 1723 1717 1618 
1724 1725 1726 1724 1621 1620 1724 1620 1725 
1725 1620 1727 1623 1728 1620 1620 1728 1727 
1625 1729 1623 1623 1729 1728 1729 1625 1626 
1730 1729 1626 1731 1732 1733 1731 1629 1628 
1731 1628 1732 1732 1628 1734 1630 1735 1628 
1628 1735 1734 1726 1631 1724 1726 1735 1631 
1735 1630 1631 1621 1724 1631 1634 1633 1736 
1737 1730 1626 1737 1626 1736 1737 1736 1738 
1736 1626 1634 1738 1739 1740 1737 1738 1740 
1739 1637 1636 1739 1636 1740 1740 1636 1741 
1639 1742 1636 1636 1742 1741 1743 1744 1742 
1743 1742 1640 1640 1742 1639 1640 1641 1745 
1743 1640 1745 1641 1643 1745 1746 1747 1748 
1746 1646 1645 1746 1645 1747 1747 1645 1749 
1733 1647 1731 1733 1749 1647 1749 1645 1647 
1629 1731 1647 1633 1649 1736 1651 1736 1649 
1738 1736 1651 1653 1738 1651 1739 1738 1653 
1637 1739 1653 1743 1750 1744 1745 1750 1743 
1751 1750 1745 1643 1751 1745 1643 1654 1751 
1654 1752 1751 1655 1753 1654 1654 1753 1752 
1753 1655 1656 1754 1753 1656 1658 1755 1756 
1659 1658 1756 1748 1660 1746 1748 1755 1660 
1755 1658 1660 1646 1746 1660 1757 1656 1661 
1757 1758 1656 1758 1754 1656 1661 1662 1757 
1664 1759 1760 1665 1664 1760 1756 1664 1659 
1759 1664 1756 1761 1758 1757 1762 1758 1761 
1662 1667 1761 1757 1662 1761 1668 1763 1764 
1669 1668 1764 1760 1668 1665 1763 1668 1760 
1761 1765 1762 1765 1761 1667 1765 1667 1766 
1766 1667 1670 1671 1767 1768 1672 1671 1768 
1764 1671 1669 1767 1671 1764 1670 1674 1766 
1766 1674 1769 1675 1770 1771 1676 1675 1771 
1768 1675 1672 1770 1675 1768 1772 1674 1677 
1772 1773 1674 1773 1769 1674 1677 1678 1772 
1676 1771 1680 1771 1774 1680 1772 1775 1773 
1775 1772 1678 1775 1678 1776 1776 1678 1681 
1680 1774 1682 1774 1777 1682 1681 1683 1776 
1776 1683 1778 1682 1777 1779 1684 1682 1779 
1685 1684 1780 1684 1779 1780 1686 1685 1781 
1685 1780 1781 1687 1686 1782 1686 1781 1782 
1688 1687 1783 1687 1782 1783 1690 1784 1785 
1690 1688 1784 1688 1783 1784 1784 1786 1785 
1787 1788 1789 1787 1789 1778 1787 1778 1691 
1691 1778 1683 1690 1785 1692 1785 1786 1790 
1785 1790 1692 1692 1790 1693 1694 1693 1791 
1693 1790 1791 1695 1694 1792 1694 1791 1792 
1697 1793 1794 1697 1695 1793 1695 1792 1793 
1794 1795 1796 1793 1795 1794 1795 1797 1796 
1798 1799 1800 1788 1798 1800 1787 1798 1788 
1787 1699 1798 1787 1700 1699 1691 1700 1787 
1697 1794 1701 1702 1701 1794 1796 1702 1794 
1704 1801 1802 1702 1801 1704 1702 1797 1801 
1702 1796 1797 1802 1803 1804 1801 1803 1802 
1804 1805 1806 1803 1805 1804 1805 1807 1806 
1808 1809 1810 1808 1811 1812 1810 1811 1808 
1799 1812 1811 1798 1812 1799 1798 1706 1812 
1798 1707 1706 1699 1707 1798 1704 1802 1708 
1709 1708 1802 1804 1709 1802 1710 1709 1804 
1806 1710 1804 1806 1807 1813 1806 1813 1710 
1710 1813 1712 1714 1712 1814 1712 1813 1814 
1716 1815 1816 1716 1714 1815 1714 1814 1815 
1816 1817 1818 1815 1817 1816 1818 1819 1820 
1817 1819 1818 1820 1821 1822 1819 1821 1820 
1809 1822 1821 1808 1822 1809 1808 1717 1822 
1808 1718 1717 1719 1718 1808 1812 1719 1808 
1706 1719 1812 1716 1816 1720 1721 1720 1816 
1818 1721 1816 1722 1721 1818 1820 1722 1818 
1723 1722 1820 1822 1723 1820 1717 1723 1822 
1725 1823 1824 1726 1725 1824 1727 1825 1725 
1725 1825 1823 1728 1826 1727 1727 1826 1825 
1827 1828 1826 1827 1826 1729 1729 1826 1728 
1729 1730 1827 1829 1830 1831 1829 1733 1732 
1829 1732 1830 1830 1732 1832 1734 1833 1732 
1732 1833 1832 1735 1834 1734 1734 1834 1833 
1824 1735 1726 1834 1735 1824 1827 1835 1828 
1730 1835 1827 1730 1737 1835 1737 1836 1835 
1740 1837 1737 1737 1837 1836 1741 1838 1740 
1740 1838 1837 1839 1840 1838 1839 1838 1742 
1742 1838 1741 1742 1744 1839 1747 1841 1842 
1748 1747 1842 1831 1749 1829 1831 1841 1749 
1841 1747 1749 1733 1829 1749 1839 1843 1840 
1744 1843 1839 1744 1750 1843 1750 1844 1843 
1751 1845 1750 1750 1845 1844 1846 1847 1845 
1846 1845 1752 1752 1845 1751 1752 1753 1848 
1846 1752 1848 1753 1754 1848 1849 1850 1851 
1849 1756 1755 1849 1755 1850 1850 1755 1852 
1842 1755 1748 1852 1755 1842 1846 1853 1847 
1853 1854 1855 1853 1846 1854 1846 1848 1854 
1754 1758 1854 1848 1754 1854 1856 1857 1858 
1851 1857 1856 1849 1851 1856 1849 1856 1760 
1849 1760 1759 1756 1849 1759 1854 1859 1855 
1859 1854 1758 1859 1758 1860 1860 1758 1762 
1861 1862 1863 1858 1862 1861 1856 1858 1861 
1856 1861 1764 1856 1764 1763 1760 1856 1763 
1864 1762 1765 1864 1865 1762 1865 1860 1762 
1765 1766 1864 1767 1861 1863 1767 1863 1768 
1768 1863 1866 1764 1861 1767 1864 1867 1865 
1867 1864 1766 1867 1766 1868 1868 1766 1769 
1770 1869 1870 1771 1770 1870 1866 1770 1768 
1869 1770 1866 1769 1773 1868 1868 1773 1871 
1771 1870 1774 1870 1872 1774 1873 1773 1775 
1873 1874 1773 1874 1871 1773 1775 1776 1873 
1875 1876 1777 1875 1777 1872 1872 1777 1774 
1876 1877 1878 1875 1877 1876 1878 1879 1880 
1877 1879 1878 1879 1881 1880 1882 1874 1873 
1883 1874 1882 1776 1778 1882 1873 1776 1882 
1777 1876 1779 1780 1779 1876 1878 1780 1876 
1781 1780 1878 1880 1781 1878 1880 1881 1884 
1880 1884 1781 1781 1884 1782 1783 1782 1885 
1782 1884 1885 1784 1783 1886 1783 1885 1886 
1786 1887 1888 1786 1784 1887 1784 1886 1887 
1888 1889 1890 1887 1889 1888 1889 1891 1890 
1892 1893 1894 1883 1892 1894 1882 1892 1883 
1882 1788 1892 1882 1789 1788 1778 1789 1882 
1786 1888 1790 1791 1790 1888 1890 1791 1888 
1890 1891 1895 1890 1895 1791 1791 1895 1792 
1793 1792 1896 1792 1895 1896 1795 1793 1897 
1793 1896 1897 1797 1898 1899 1797 1795 1898 
1795 1897 1898 1899 1900 1901 1898 1900 1899 
1900 1902 1901 1903 1904 1905 1893 1903 1905 
1892 1903 1893 1892 1799 1903 1892 1800 1799 
1788 1800 1892 1797 1899 1801 1803 1801 1899 
1901 1803 1899 1901 1902 1906 1901 1906 1803 
1803 1906 1805 1807 1907 1908 1807 1805 1907 
1805 1906 1907 1908 1909 1910 1907 1909 1908 
1910 1911 1912 1909 1911 1910 1912 1913 1914 
1911 1913 1912 1914 1915 1916 1913 1915 1914 
1916 1917 1918 1915 1917 1916 1918 1810 1809 
1918 1917 1810 1917 1919 1810 1904 1903 1811 
1904 1811 1919 1919 1811 1810 1799 1811 1903 
1807 1908 1813 1814 1813 1908 1910 1814 1908 
1815 1814 1910 1912 1815 1910 1817 1815 1912 
1914 1817 1912 1819 1817 1914 1916 1819 1914 
1821 1819 1916 1918 1821 1916 1809 1821 1918 
1920 1921 1922 1920 1923 1924 1921 1920 1924 
1923 1925 1926 1924 1923 1926 1925 1824 1823 
1925 1823 1926 1926 1823 1927 1825 1928 1823 
1823 1928 1927 1826 1929 1825 1825 1929 1928 
1828 1930 1931 1828 1931 1826 1826 1931 1929 
1931 1930 1932 1933 1934 1935 1933 1831 1830 
1933 1830 1934 1934 1830 1936 1922 1832 1920 
1922 1936 1832 1936 1830 1832 1833 1920 1832 
1923 1920 1833 1834 1923 1833 1925 1923 1834 
1824 1925 1834 1828 1835 1930 1930 1937 1932 
1930 1835 1937 1835 1836 1937 1837 1938 1836 
1836 1938 1937 1838 1939 1837 1837 1939 1938 
1939 1838 1840 1940 1939 1840 1941 1942 1943 
1935 1942 1941 1933 1935 1941 1933 1941 1842 
1933 1842 1841 1831 1933 1841 1840 1944 1940 
1843 1944 1840 1945 1946 1944 1945 1944 1844 
1844 1944 1843 1844 1845 1947 1945 1844 1947 
1845 1847 1947 1850 1948 1949 1851 1850 1949 
1943 1852 1941 1943 1948 1852 1948 1850 1852 
1842 1941 1852 1945 1950 1946 1947 1950 1945 
1951 1950 1947 1847 1951 1947 1847 1853 1951 
1853 1952 1951 1952 1853 1855 1953 1952 1855 
1857 1954 1955 1858 1857 1955 1949 1857 1851 
1954 1857 1949 1855 1956 1953 1859 1956 1855 
1956 1859 1860 1957 1956 1860 1862 1958 1959 
1863 1862 1959 1955 1862 1858 1958 1862 1955 
1860 1865 1957 1957 1865 1960 1863 1959 1866 
1959 1961 1866 1865 1962 1960 1867 1962 1865 
1962 1867 1868 1963 1962 1868 1869 1964 1965 
1870 1869 1965 1961 1869 1866 1964 1869 1961 
1868 1871 1963 1963 1871 1966 1870 1965 1872 
1965 1967 1872 1871 1874 1966 1966 1874 1968 
1872 1967 1969 1875 1872 1969 1877 1875 1970 
1875 1969 1970 1879 1877 1971 1877 1970 1971 
1881 1972 1973 1881 1879 1972 1879 1971 1972 
1973 1974 1975 1972 1974 1973 1974 1976 1975 
1977 1978 1979 1977 1979 1968 1977 1968 1883 
1883 1968 1874 1881 1973 1884 1885 1884 1973 
1975 1885 1973 1975 1976 1980 1975 1980 1885 
1885 1980 1886 1887 1886 1981 1886 1980 1981 
1889 1887 1982 1887 1981 1982 1891 1983 1984 
1891 1889 1983 1889 1982 1983 1984 1985 1986 
1983 1985 1984 1986 1987 1988 1985 1987 1986 
1988 1989 1990 1987 1989 1988 1990 1991 1992 
1989 1991 1990 1991 1993 1992 1994 1995 1996 
1978 1994 1996 1977 1994 1978 1977 1893 1994 
1977 1894 1893 1883 1894 1977 1891 1984 1895 
1896 1895 1984 1986 1896 1984 1897 1896 1986 
1988 1897 1986 1898 1897 1988 1990 1898 1988 
1900 1898 1990 1992 1900 1990 1902 1997 1998 
1900 1997 1902 1900 1993 1997 1900 1992 1993 
1998 1999 2000 1997 1999 1998 2000 2001 2002 
1999 2001 2000 2002 2003 2004 2001 2003 2002 
2004 2005 2006 2003 2005 2004 2006 2007 2008 
2005 2007 2006 2008 2009 2010 2007 2009 2008 
2010 2011 2012 2009 2011 2010 1995 2012 2011 
1994 2012 1995 1994 1904 2012 1994 1905 1904 
1893 1905 1994 1902 1998 1906 1907 1906 1998 
2000 1907 1998 1909 1907 2000 2002 1909 2000 
1911 1909 2002 2004 1911 2002 1913 1911 2004 
2006 1913 2004 1915 1913 2006 2008 1915 2006 
1917 1915 2008 2010 1917 2008 1919 1917 2010 
2012 1919 2010 1904 1919 2012 1921 2013 2014 
1922 1921 2014 1924 2015 1921 1921 2015 2013 
1926 2016 1924 1924 2016 2015 1927 2017 1926 
1926 2017 2016 1928 2018 1927 1927 2018 2017 
1929 2019 1928 1928 2019 2018 1931 2020 1929 
1929 2020 2019 1932 2021 2022 1932 2022 1931 
1931 2022 2020 2022 2021 2023 1934 2024 2025 
1935 1934 2025 1936 2026 1934 1934 2026 2024 
2014 1936 1922 2026 1936 2014 1932 1937 2021 
2021 2027 2023 2021 1937 2027 1937 1938 2027 
1939 2028 1938 1938 2028 2027 2028 1939 1940 
2029 2028 1940 1942 2030 2031 1943 1942 2031 
2025 1942 1935 2030 1942 2025 1940 2032 2029 
1944 2032 1940 2032 1944 1946 2033 2032 1946 
1948 2034 2035 1949 1948 2035 2031 1948 1943 
2034 1948 2031 1946 2036 2033 1950 2036 1946 
1951 2037 1950 1950 2037 2036 2038 2039 2037 
2038 2037 1952 1952 2037 1951 1952 1953 2038 
1954 2040 2041 1955 1954 2041 2035 1954 1949 
2040 1954 2035 2038 2042 2039 2043 2044 2042 
1956 2043 2042 1956 2042 2038 1956 2038 1953 
1956 1957 2043 1958 2045 2046 1959 1958 2046 
2041 1958 1955 2045 1958 2041 2043 2047 2044 
2047 2043 1957 2047 1957 2048 2048 1957 1960 
2049 2050 2051 2049 2046 2050 2049 1961 2046 
1961 1959 2046 2052 1960 1962 2052 2053 1960 
2053 2048 1960 1962 1963 2052 1964 2049 2051 
1964 2051 1965 1965 2051 2054 1961 2049 1964 
2055 2053 2052 2056 2053 2055 1963 1966 2055 
2052 1963 2055 1965 2054 1967 2054 2057 1967 
2058 2056 2055 2059 2056 2058 1966 1968 2058 
2055 1966 2058 1967 2057 2060 1969 1967 2060 
1970 1969 2061 1969 2060 2061 1971 1970 2062 
1970 2061 2062 1972 1971 2063 1971 2062 2063 
1974 1972 2064 1972 2063 2064 1976 2065 2066 
1976 1974 2065 1974 2064 2065 2066 2067 2068 
2065 2067 2066 2067 2069 2068 2070 2071 2072 
2059 2070 2072 2058 2070 2059 2058 1978 2070 
2058 1979 1978 1968 1979 2058 1976 2066 1980 
1981 1980 2066 2068 1981 2066 2068 2069 2073 
2068 2073 1981 1981 2073 1982 1983 1982 2074 
1982 2073 2074 1985 1983 2075 1983 2074 2075 
1987 1985 2076 1985 2075 2076 1989 1987 2077 
1987 2076 2077 1991 1989 2078 1989 2077 2078 
1993 2079 2080 1993 1991 2079 1991 2078 2079 
2080 2081 2082 2079 2081 2080 2082 2083 2084 
2081 2083 2082 2084 2085 2086 2083 2085 2084 
2086 2087 2088 2085 2087 2086 2088 2089 2090 
2087 2089 2088 2090 2091 2092 2089 2091 2090 
2092 2093 2094 2091 2093 2092 2071 2094 2093 
2070 2094 2071 2070 1995 2094 2070 1996 1995 
1978 1996 2070 1993 2080 1997 1999 1997 2080 
2082 1999 2080 2001 1999 2082 2084 2001 2082 
2003 2001 2084 2086 2003 2084 2005 2003 2086 
2088 2005 2086 2007 2005 2088 2090 2007 2088 
2009 2007 2090 2092 2009 2090 2011 2009 2092 
2094 2011 2092 1995 2011 2094 2095 2096 2097 
2095 2014 2013 2095 2013 2096 2096 2013 2098 
2015 2099 2013 2013 2099 2098 2016 2100 2015 
2015 2100 2099 2017 2101 2016 2016 2101 2100 
2018 2102 2017 2017 2102 2101 2019 2103 2018 
2018 2103 2102 2020 2104 2019 2019 2104 2103 
2022 2105 2020 2020 2105 2104 2105 2022 2023 
2106 2105 2023 2024 2107 2108 2025 2024 2108 
2097 2026 2095 2097 2107 2026 2107 2024 2026 
2014 2095 2026 2023 2109 2106 2027 2109 2023 
2028 2110 2027 2027 2110 2109 2110 2028 2029 
2111 2110 2029 2030 2112 2113 2031 2030 2113 
2108 2030 2025 2112 2030 2108 2114 2029 2032 
2114 2115 2029 2115 2111 2029 2032 2033 2114 
2034 2116 2117 2035 2034 2117 2113 2034 2031 
2116 2034 2113 2114 2118 2115 2119 2120 2118 
2036 2119 2118 2036 2118 2114 2036 2114 2033 
2036 2037 2121 2119 2036 2121 2037 2039 2121 
2040 2122 2123 2041 2040 2123 2117 2040 2035 
2122 2040 2117 2119 2124 2120 2121 2124 2119 
2125 2124 2121 2039 2125 2121 2039 2042 2125 
2042 2126 2125 2126 2042 2044 2127 2126 2044 
2045 2128 2129 2046 2045 2129 2123 2045 2041 
2128 2045 2123 2044 2130 2127 2047 2130 2044 
2130 2047 2048 2131 2130 2048 2050 2132 2133 
2051 2050 2133 2129 2050 2046 2132 2050 2129 
2048 2053 2131 2131 2053 2134 2051 2133 2054 
2133 2135 2054 2053 2056 2134 2134 2056 2136 
2137 2138 2057 2137 2057 2135 2135 2057 2054 
2138 2139 2140 2137 2139 2138 2140 2141 2142 
2139 2141 2140 2142 2143 2144 2141 2143 2142 
2143 2145 2144 2146 2147 2148 2146 2148 2136 
2146 2136 2059 2059 2136 2056 2057 2138 2060 
2061 2060 2138 2140 2061 2138 2062 2061 2140 
2142 2062 2140 2063 2062 2142 2144 2063 2142 
2144 2145 2149 2144 2149 2063 2063 2149 2064 
2065 2064 2150 2064 2149 2150 2067 2065 2151 
2065 2150 2151 2069 2152 2153 2069 2067 2152 
2067 2151 2152 2153 2154 2155 2152 2154 2153 
2155 2156 2157 2154 2156 2155 2157 2158 2159 
2156 2158 2157 2159 2160 2161 2158 2160 2159 
2161 2162 2163 2160 2162 2161 2163 2164 2165 
2162 2164 2163 2165 2166 2167 2164 2166 2165 
2167 2168 2169 2166 2168 2167 2169 2170 2171 
2168 2170 2169 2171 2172 2173 2170 2172 2171 
2173 2174 2175 2172 2174 2173 2174 2176 2175 
2177 2178 2179 2147 2177 2179 2146 2177 2147 
2146 2071 2177 2146 2072 2071 2059 2072 2146 
2069 2153 2073 2074 2073 2153 2155 2074 2153 
2075 2074 2155 2157 2075 2155 2076 2075 2157 
2159 2076 2157 2077 2076 2159 2161 2077 2159 
2078 2077 2161 2163 2078 2161 2079 2078 2163 
2165 2079 2163 2081 2079 2165 2167 2081 2165 
2083 2081 2167 2169 2083 2167 2085 2083 2169 
2171 2085 2169 2087 2085 2171 2173 2087 2171 
2089 2087 2173 2175 2089 2173 2175 2176 2180 
2175 2180 2089 2089 2180 2091 2178 2177 2093 
2178 2093 2180 2180 2093 2091 2071 2093 2177 
2181 2182 2183 2181 2184 2185 2182 2181 2185 
2184 2186 2187 2185 2184 2187 2186 2188 2189 
2187 2186 2189 2189 2188 2190 2096 2191 2192 
2097 2096 2192 2098 2193 2096 2096 2193 2191 
2099 2194 2098 2098 2194 2193 2183 2100 2181 
2183 2194 2100 2194 2099 2100 2101 2181 2100 
2184 2181 2101 2102 2184 2101 2186 2184 2102 
2103 2186 2102 2188 2186 2103 2188 2195 2190 
2188 2103 2195 2103 2104 2195 2105 2196 2104 
2104 2196 2195 2196 2105 2106 2197 2196 2106 
2198 2199 2200 2198 2108 2107 2198 2107 2199 
2199 2107 2201 2192 2107 2097 2201 2107 2192 
2106 2202 2197 2109 2202 2106 2110 2203 2109 
2109 2203 2202 2203 2110 2111 2204 2203 2111 
2205 2206 2207 2200 2206 2205 2198 2200 2205 
2198 2205 2113 2198 2113 2112 2108 2198 2112 
2208 2115 2209 2208 2204 2115 2204 2111 2115 
2208 2209 2210 2116 2205 2207 2116 2207 2117 
2117 2207 2211 2113 2205 2116 2115 2118 2209 
2120 2212 2213 2118 2120 2213 2118 2213 2210 
2118 2210 2209 2213 2212 2214 2122 2215 2216 
2123 2122 2216 2211 2122 2117 2215 2122 2211 
2120 2124 2212 2212 2217 2214 2212 2124 2217 
2124 2125 2217 2218 2219 2217 2218 2217 2126 
2126 2217 2125 2126 2127 2218 2128 2220 2221 
2129 2128 2221 2216 2128 2123 2220 2128 2216 
2218 2222 2219 2223 2224 2222 2130 2223 2222 
2130 2222 2218 2130 2218 2127 2130 2131 2223 
2132 2225 2133 2132 2226 2225 2132 2129 2226 
2129 2221 2226 2227 2224 2223 2228 2224 2227 
2131 2134 2227 2223 2131 2227 2225 2229 2230 
2225 2230 2133 2133 2230 2135 2226 2229 2225 
2231 2228 2227 2232 2228 2231 2134 2136 2231 
2227 2134 2231 2135 2230 2233 2137 2135 2233 
2139 2137 2234 2137 2233 2234 2141 2139 2235 
2139 2234 2235 2143 2141 2236 2141 2235 2236 
2145 2237 2238 2145 2143 2237 2143 2236 2237 
2237 2239 2238 2240 2241 2242 2240 2243 2244 
2242 2243 2240 2244 2245 2246 2243 2245 2244 
2246 2247 2248 2245 2247 2246 2248 2249 2250 
2247 2249 2248 2250 2251 2252 2249 2251 2250 
2252 2253 2254 2251 2253 2252 2254 2255 2256 
2253 2255 2254 2232 2256 2255 2231 2256 2232 
2231 2147 2256 2231 2148 2147 2136 2148 2231 
2145 2238 2149 2238 2239 2257 2238 2257 2149 
2149 2257 2150 2151 2150 2258 2150 2257 2258 
2152 2151 2259 2151 2258 2259 2154 2152 2260 
2152 2259 2260 2156 2154 2261 2154 2260 2261 
2158 2156 2262 2156 2261 2262 2160 2158 2263 
2158 2262 2263 2162 2160 2264 2160 2263 2264 
2241 2240 2164 2241 2164 2264 2264 2164 2162 
2166 2164 2240 2244 2166 2240 2168 2166 2244 
2246 2168 2244 2170 2168 2246 2248 2170 2246 
2172 2170 2248 2250 2172 2248 2174 2172 2250 
2252 2174 2250 2176 2174 2252 2176 2252 2265 
2265 2252 2254 2179 2178 2265 2179 2265 2256 
2256 2265 2254 2147 2179 2256 2176 2265 2180 
2178 2180 2265 2266 2267 2268 2266 2269 2270 
2267 2266 2270 2269 2183 2182 2269 2182 2270 
2270 2182 2271 2185 2272 2182 2182 2272 2271 
2187 2273 2185 2185 2273 2272 2189 2274 2187 
2187 2274 2273 2190 2275 2276 2190 2276 2189 
2189 2276 2274 2276 2275 2277 2278 2279 2280 
2278 2192 2191 2278 2191 2279 2279 2191 2281 
2268 2193 2266 2268 2281 2193 2281 2191 2193 
2194 2266 2193 2269 2266 2194 2183 2269 2194 
2190 2195 2275 2275 2282 2277 2275 2195 2282 
2195 2196 2282 2197 2283 2284 2197 2284 2196 
2196 2284 2282 2284 2283 2285 2199 2286 2287 
2200 2199 2287 2280 2201 2278 2280 2286 2201 
2286 2199 2201 2192 2278 2201 2197 2202 2283 
2283 2202 2203 2283 2203 2288 2283 2288 2285 
2288 2203 2289 2203 2204 2289 2206 2290 2291 
2207 2206 2291 2287 2206 2200 2290 2206 2287 
2289 2292 2288 2293 2294 2292 2208 2293 2292 
2208 2292 2289 2208 2289 2204 2208 2210 2293 
2207 2291 2211 2291 2295 2211 2293 2296 2294 
2210 2296 2293 2210 2213 2296 2213 2297 2296 
2214 2298 2299 2214 2299 2213 2213 2299 2297 
2299 2298 2300 2215 2301 2302 2216 2215 2302 
2295 2215 2211 2301 2215 2295 2214 2217 2298 
2219 2303 2304 2217 2219 2304 2217 2304 2300 
2217 2300 2298 2304 2303 2305 2220 2306 2307 
2221 2220 2307 2302 2220 2216 2306 2220 2302 
2219 2222 2303 2224 2308 2309 2222 2224 2309 
2222 2309 2305 2222 2305 2303 2309 2308 2310 
2221 2307 2226 2307 2311 2226 2308 2312 2313 
2308 2224 2312 2224 2228 2312 2310 2308 2313 
2229 2314 2230 2229 2315 2314 2229 2226 2315 
2226 2311 2315 2316 2317 2318 2316 2319 2320 
2318 2319 2316 2320 2321 2322 2319 2321 2320 
2322 2323 2324 2321 2323 2322 2324 2325 2326 
2323 2325 2324 2326 2327 2328 2325 2327 2326 
2328 2327 2312 2328 2312 2232 2232 2312 2228 
2230 2314 2233 2314 2315 2329 2314 2329 2233 
2233 2329 2234 2235 2234 2330 2234 2329 2330 
2236 2235 2331 2235 2330 2331 2237 2236 2332 
2236 2331 2332 2239 2333 2334 2239 2237 2333 
2237 2332 2333 2334 2335 2336 2333 2335 2334 
2336 2337 2338 2335 2337 2336 2337 2339 2338 
2340 2341 2342 2340 2343 2344 2342 2343 2340 
2344 2345 2346 2343 2345 2344 2346 2242 2241 
2346 2345 2242 2345 2347 2242 2243 2242 2348 
2242 2347 2348 2317 2316 2245 2317 2245 2348 
2348 2245 2243 2247 2245 2316 2320 2247 2316 
2249 2247 2320 2322 2249 2320 2251 2249 2322 
2324 2251 2322 2253 2251 2324 2326 2253 2324 
2255 2253 2326 2328 2255 2326 2232 2255 2328 
2239 2334 2257 2258 2257 2334 2336 2258 2334 
2259 2258 2336 2338 2259 2336 2338 2339 2349 
2338 2349 2259 2259 2349 2260 2261 2260 2350 
2260 2349 2350 2341 2340 2262 2341 2262 2350 
2350 2262 2261 2263 2262 2340 2344 2263 2340 
2264 2263 2344 2346 2264 2344 2241 2264 2346 
2351 2352 2353 2352 2351 2354 2267 2355 2356 
2268 2267 2356 2270 2357 2267 2267 2357 2355 
2271 2358 2270 2270 2358 2357 2353 2272 2351 
2353 2358 2272 2358 2271 2272 2351 2359 2354 
2351 2272 2359 2272 2273 2359 2274 2360 2273 
2273 2360 2359 2276 2361 2274 2274 2361 2360 
2277 2362 2363 2277 2363 2276 2276 2363 2361 
2363 2362 2364 2279 2365 2366 2280 2279 2366 
2281 2367 2279 2279 2367 2365 2356 2281 2268 
2367 2281 2356 2277 2282 2362 2362 2368 2364 
2362 2282 2368 2282 2284 2368 2285 2369 2370 
2285 2370 2284 2284 2370 2368 2370 2369 2371 
2286 2372 2373 2287 2286 2373 2366 2286 2280 
2372 2286 2366 2369 2288 2374 2285 2288 2369 
2375 2371 2369 2374 2375 2369 2290 2376 2291 
2290 2377 2376 2290 2287 2377 2287 2373 2377 
2288 2292 2374 2294 2378 2379 2292 2294 2379 
2292 2379 2375 2292 2375 2374 2378 2380 2381 
2379 2378 2381 2381 2380 2382 2376 2383 2384 
2376 2384 2291 2291 2384 2295 2377 2383 2376 
2294 2296 2378 2297 2378 2296 2380 2378 2297 
2380 2385 2382 2380 2297 2385 2297 2299 2385 
2300 2386 2387 2300 2387 2299 2299 2387 2385 
2386 2388 2389 2387 2386 2389 2389 2388 2390 
2301 2391 2392 2302 2301 2392 2384 2301 2295 
2391 2301 2384 2300 2304 2386 2305 2386 2304 
2305 2393 2386 2393 2388 2386 2394 2390 2388 
2393 2394 2388 2306 2395 2396 2307 2306 2396 
2392 2306 2302 2395 2306 2392 2305 2309 2393 
2393 2309 2310 2393 2310 2394 2394 2310 2397 
2307 2396 2311 2396 2398 2311 2399 2400 2401 
2399 2402 2403 2401 2402 2399 2403 2404 2405 
2402 2404 2403 2405 2406 2407 2404 2406 2405 
2407 2408 2409 2406 2408 2407 2409 2313 2312 
2409 2408 2313 2408 2410 2313 2397 2310 2313 
2410 2397 2313 2411 2412 2315 2411 2315 2398 
2398 2315 2311 2412 2413 2414 2411 2413 2412 
2414 2415 2416 2413 2415 2414 2415 2417 2416 
2418 2419 2420 2418 2421 2422 2420 2421 2418 
2422 2318 2317 2422 2421 2318 2421 2423 2318 
2400 2399 2319 2400 2319 2423 2423 2319 2318 
2321 2319 2399 2403 2321 2399 2323 2321 2403 
2405 2323 2403 2325 2323 2405 2407 2325 2405 
2327 2325 2407 2409 2327 2407 2312 2327 2409 
2315 2412 2329 2330 2329 2412 2414 2330 2412 
2331 2330 2414 2416 2331 2414 2416 2417 2424 
2416 2424 2331 2331 2424 2332 2333 2332 2425 
2332 2424 2425 2335 2333 2426 2333 2425 2426 
2337 2335 2427 2335 2426 2427 2339 2428 2429 
2339 2337 2428 2337 2427 2428 2429 2430 2431 
2428 2430 2429 2431 2342 2341 2431 2430 2342 
2430 2432 2342 2343 2342 2433 2342 2432 2433 
2345 2343 2434 2343 2433 2434 2419 2418 2347 
2419 2347 2434 2434 2347 2345 2348 2347 2418 
2422 2348 2418 2317 2348 2422 2339 2429 2349 
2350 2349 2429 2431 2350 2429 2341 2350 2431 
2435 2436 2437 2435 2353 2352 2435 2352 2436 
2436 2352 2438 2354 2439 2440 2354 2440 2352 
2352 2440 2438 2439 2441 2442 2440 2439 2442 
2442 2441 2443 2355 2444 2445 2356 2355 2445 
2357 2446 2355 2355 2446 2444 2437 2358 2435 
2437 2446 2358 2446 2357 2358 2353 2435 2358 
2354 2359 2439 2360 2439 2359 2441 2439 2360 
2441 2447 2443 2441 2360 2447 2360 2361 2447 
2363 2448 2361 2361 2448 2447 2448 2363 2364 
2449 2448 2364 2365 2450 2451 2366 2365 2451 
2367 2452 2365 2365 2452 2450 2445 2367 2356 
2452 2367 2445 2364 2453 2449 2368 2453 2364 
2370 2454 2368 2368 2454 2453 2371 2455 2456 
2371 2456 2370 2370 2456 2454 2456 2455 2457 
2372 2458 2459 2373 2372 2459 2451 2372 2366 
2458 2372 2451 2455 2375 2460 2371 2375 2455 
2461 2457 2455 2461 2455 2462 2462 2455 2460 
2461 2462 2463 2373 2459 2377 2459 2464 2377 
2375 2379 2460 2381 2460 2379 2462 2460 2381 
2382 2465 2466 2381 2382 2466 2381 2466 2463 
2381 2463 2462 2465 2467 2468 2466 2465 2468 
2467 2469 2470 2468 2467 2470 2469 2471 2472 
2470 2469 2472 2472 2471 2473 2383 2474 2475 
2384 2383 2475 2464 2383 2377 2474 2383 2464 
2382 2385 2465 2387 2465 2385 2467 2465 2387 
2389 2467 2387 2469 2467 2389 2390 2469 2389 
2390 2476 2469 2476 2471 2469 2477 2473 2471 
2477 2471 2478 2478 2471 2476 2477 2478 2479 
2391 2480 2481 2392 2391 2481 2475 2391 2384 
2480 2391 2475 2476 2394 2482 2390 2394 2476 
2483 2484 2478 2483 2478 2482 2482 2478 2476 
2479 2478 2484 2395 2485 2396 2395 2486 2485 
2395 2392 2486 2392 2481 2486 2487 2488 2489 
2487 2490 2491 2489 2490 2487 2491 2492 2493 
2490 2492 2491 2493 2494 2495 2492 2494 2493 
2482 2494 2496 2482 2397 2494 2482 2394 2397 
2397 2495 2494 2483 2482 2496 2485 2497 2498 
2485 2498 2396 2396 2498 2398 2486 2497 2485 
2499 2500 2501 2499 2401 2400 2499 2501 2401 
2501 2502 2401 2402 2401 2503 2401 2502 2503 
2488 2487 2404 2488 2404 2503 2503 2404 2402 
2406 2404 2487 2491 2406 2487 2408 2406 2491 
2493 2408 2491 2410 2408 2493 2495 2410 2493 
2397 2410 2495 2398 2498 2504 2411 2398 2504 
2413 2411 2505 2411 2504 2505 2415 2413 2506 
2413 2505 2506 2417 2507 2508 2417 2415 2507 
2415 2506 2507 2508 2509 2510 2507 2509 2508 
2509 2511 2510 2512 2513 2514 2512 2420 2419 
2512 2514 2420 2514 2515 2420 2421 2420 2516 
2420 2515 2516 2500 2499 2423 2500 2423 2516 
2516 2423 2421 2400 2423 2499 2417 2508 2424 
2425 2424 2508 2510 2425 2508 2510 2511 2517 
2510 2517 2425 2425 2517 2426 2427 2426 2518 
2426 2517 2518 2428 2427 2519 2427 2518 2519 
2430 2428 2520 2428 2519 2520 2432 2430 2521 
2430 2520 2521 2433 2432 2522 2432 2521 2522 
2513 2512 2434 2513 2434 2522 2522 2434 2433 
2419 2434 2512 2523 2524 2525 2523 2437 2436 
2523 2436 2524 2524 2436 2526 2438 2527 2436 
2436 2527 2526 2440 2528 2438 2438 2528 2527 
2442 2529 2440 2440 2529 2528 2529 2442 2443 
2530 2529 2443 2531 2532 2533 2531 2445 2444 
2531 2444 2532 2532 2444 2534 2525 2446 2523 
2525 2534 2446 2534 2444 2446 2437 2523 2446 
2443 2535 2530 2447 2535 2443 2448 2536 2447 
2447 2536 2535 2449 2537 2538 2449 2538 2448 
2448 2538 2536 2538 2537 2539 2450 2540 2541 
2451 2450 2541 2533 2452 2531 2533 2540 2452 
2540 2450 2452 2445 2531 2452 2449 2453 2537 
2537 2542 2539 2537 2453 2542 2453 2454 2542 
2456 2543 2454 2454 2543 2542 2543 2456 2457 
2544 2543 2457 2458 2545 2546 2459 2458 2546 
2541 2458 2451 2545 2458 2541 2457 2547 2544 
2461 2547 2457 2463 2548 2549 2463 2549 2461 
2461 2549 2547 2548 2550 2551 2549 2548 2551 
2550 2552 2553 2551 2550 2553 2553 2552 2554 
2555 2556 2557 2555 2546 2556 2555 2464 2546 
2464 2459 2546 2463 2466 2548 2468 2548 2466 
2550 2548 2468 2470 2550 2468 2552 2550 2470 
2552 2558 2554 2552 2470 2558 2470 2472 2558 
2473 2559 2560 2473 2560 2472 2472 2560 2558 
2559 2561 2562 2560 2559 2562 2562 2561 2563 
2474 2555 2557 2474 2557 2475 2475 2557 2564 
2464 2555 2474 2473 2477 2559 2565 2561 2559 
2565 2559 2479 2565 2479 2566 2477 2479 2559 
2563 2561 2565 2480 2567 2481 2480 2568 2567 
2480 2475 2568 2475 2564 2568 2569 2570 2571 
2569 2572 2573 2571 2572 2569 2573 2574 2575 
2572 2574 2573 2574 2576 2575 2484 2577 2578 
2483 2577 2484 2566 2479 2484 2578 2566 2484 
2567 2579 2486 2481 2567 2486 2580 2567 2568 
2579 2567 2580 2581 2582 2583 2581 2584 2585 
2583 2584 2581 2585 2489 2488 2585 2584 2489 
2584 2586 2489 2570 2569 2490 2570 2490 2586 
2586 2490 2489 2492 2490 2569 2573 2492 2569 
2494 2492 2573 2575 2494 2573 2575 2576 2587 
2575 2587 2494 2494 2587 2496 2577 2483 2496 
2587 2577 2496 2497 2588 2498 2497 2589 2588 
2486 2589 2497 2486 2590 2589 2486 2579 2590 
2580 2590 2579 2591 2592 2593 2591 2594 2595 
2593 2594 2591 2595 2501 2500 2595 2594 2501 
2594 2596 2501 2582 2581 2502 2582 2502 2596 
2596 2502 2501 2503 2502 2581 2585 2503 2581 
2488 2503 2585 2498 2588 2504 2588 2589 2597 
2588 2597 2504 2504 2597 2505 2506 2505 2598 
2505 2597 2598 2507 2506 2599 2506 2598 2599 
2509 2507 2600 2507 2599 2600 2511 2601 2602 
2511 2509 2601 2509 2600 2601 2602 2603 2604 
2601 2603 2602 2604 2605 2606 2603 2605 2604 
2606 2607 2608 2605 2607 2606 2608 2609 2610 
2607 2609 2608 2610 2611 2612 2609 2611 2610 
2612 2514 2513 2612 2611 2514 2611 2613 2514 
2592 2591 2515 2592 2515 2613 2613 2515 2514 
2516 2515 2591 2595 2516 2591 2500 2516 2595 
2511 2602 2517 2518 2517 2602 2604 2518 2602 
2519 2518 2604 2606 2519 2604 2520 2519 2606 
2608 2520 2606 2521 2520 2608 2610 2521 2608 
2522 2521 2610 2612 2522 2610 2513 2522 2612 
2614 2615 2616 2615 2614 2617 2524 2618 2619 
2525 2524 2619 2526 2620 2524 2524 2620 2618 
2527 2621 2526 2526 2621 2620 2616 2528 2614 
2616 2621 2528 2621 2527 2528 2614 2622 2617 
2614 2528 2622 2528 2529 2622 2530 2623 2624 
2530 2624 2529 2529 2624 2622 2624 2623 2625 
2532 2626 2627 2533 2532 2627 2534 2628 2532 
2532 2628 2626 2619 2534 2525 2628 2534 2619 
2530 2535 2623 2623 2629 2625 2623 2535 2629 
2535 2536 2629 2538 2630 2536 2536 2630 2629 
2539 2631 2632 2539 2632 2538 2538 2632 2630 
2631 2633 2634 2632 2631 2634 2634 2633 2635 
2540 2636 2637 2541 2540 2637 2627 2540 2533 
2636 2540 2627 2539 2542 2631 2543 2631 2542 
2633 2631 2543 2544 2638 2639 2543 2544 2639 
2543 2639 2635 2543 2635 2633 2639 2638 2640 
2545 2641 2642 2546 2545 2642 2637 2545 2541 
2641 2545 2637 2544 2547 2638 2638 2643 2640 
2638 2547 2643 2547 2549 2643 2551 2644 2549 
2549 2644 2643 2553 2645 2551 2551 2645 2644 
2554 2646 2647 2554 2647 2553 2553 2647 2645 
2646 2648 2649 2647 2646 2649 2648 2650 2651 
2649 2648 2651 2651 2650 2652 2556 2653 2654 
2557 2556 2654 2642 2556 2546 2653 2556 2642 
2554 2558 2646 2560 2646 2558 2648 2646 2560 
2562 2648 2560 2650 2648 2562 2650 2562 2563 
2650 2563 2652 2652 2563 2655 2656 2657 2564 
2656 2564 2654 2654 2564 2557 2656 2658 2657 
2565 2659 2660 2566 2659 2565 2655 2563 2565 
2660 2655 2565 2657 2661 2662 2657 2662 2564 
2564 2662 2568 2658 2661 2657 2663 2664 2665 
2663 2666 2667 2665 2666 2663 2667 2571 2570 
2667 2666 2571 2666 2668 2571 2572 2571 2669 
2571 2668 2669 2574 2572 2670 2572 2669 2670 
2576 2671 2672 2576 2574 2671 2574 2670 2671 
2672 2578 2577 2672 2671 2578 2671 2673 2578 
2659 2566 2578 2673 2659 2578 2674 2675 2676 
2674 2662 2675 2674 2580 2662 2580 2568 2662 
2677 2678 2679 2677 2680 2681 2679 2680 2677 
2681 2583 2582 2681 2680 2583 2680 2682 2583 
2664 2663 2584 2664 2584 2682 2682 2584 2583 
2586 2584 2663 2667 2586 2663 2570 2586 2667 
2576 2672 2587 2577 2587 2672 2590 2683 2589 
2674 2676 2684 2683 2580 2685 2683 2590 2580 
2685 2580 2686 2674 2684 2580 2686 2580 2684 
2685 2687 2688 2686 2687 2685 2688 2689 2690 
2687 2689 2688 2689 2691 2690 2692 2693 2694 
2692 2593 2592 2692 2694 2593 2694 2695 2593 
2678 2677 2594 2678 2594 2695 2695 2594 2593 
2596 2594 2677 2681 2596 2677 2582 2596 2681 
2589 2683 2597 2598 2597 2683 2685 2598 2683 
2599 2598 2685 2688 2599 2685 2600 2599 2688 
2690 2600 2688 2690 2691 2696 2690 2696 2600 
2600 2696 2601 2603 2601 2697 2601 2696 2697 
2605 2603 2698 2603 2697 2698 2607 2605 2699 
2605 2698 2699 2609 2607 2700 2607 2699 2700 
2611 2609 2701 2609 2700 2701 2693 2692 2613 
2693 2613 2701 2701 2613 2611 2592 2613 2692 
2702 2703 2704 2702 2616 2615 2702 2615 2703 
2703 2615 2705 2705 2615 2617 2706 2705 2617 
2707 2708 2709 2707 2619 2618 2707 2618 2708 
2708 2618 2710 2620 2711 2618 2618 2711 2710 
2704 2621 2702 2704 2711 2621 2711 2620 2621 
2616 2702 2621 2617 2712 2706 2622 2712 2617 
2624 2713 2622 2622 2713 2712 2625 2714 2715 
2625 2715 2624 2624 2715 2713 2714 2716 2717 
2715 2714 2717 2716 2718 2719 2717 2716 2719 
2718 2720 2721 2719 2718 2721 2720 2722 2723 
2721 2720 2723 2723 2722 2724 2626 2725 2726 
2627 2626 2726 2709 2628 2707 2709 2725 2628 
2725 2626 2628 2619 2707 2628 2625 2629 2714 
2630 2714 2629 2716 2714 2630 2632 2716 2630 
2718 2716 2632 2634 2718 2632 2720 2718 2634 
2635 2720 2634 2635 2727 2720 2727 2722 2720 
2728 2724 2722 2727 2728 2722 2636 2729 2730 
2637 2636 2730 2726 2636 2627 2729 2636 2726 
2635 2639 2727 2640 2731 2732 2639 2640 2732 
2639 2732 2728 2639 2728 2727 2731 2733 2734 
2732 2731 2734 2733 2735 2736 2734 2733 2736 
2735 2737 2738 2736 2735 2738 2737 2739 2740 
2738 2737 2740 2739 2741 2742 2740 2739 2742 
2742 2741 2743 2641 2744 2745 2642 2641 2745 
2730 2641 2637 2744 2641 2730 2640 2643 2731 
2644 2731 2643 2733 2731 2644 2645 2733 2644 
2735 2733 2645 2647 2735 2645 2737 2735 2647 
2649 2737 2647 2739 2737 2649 2651 2739 2649 
2741 2739 2651 2652 2746 2747 2651 2652 2747 
2651 2747 2743 2651 2743 2741 2747 2746 2748 
2653 2749 2654 2653 2750 2749 2653 2642 2750 
2642 2745 2750 2746 2751 2752 2746 2652 2751 
2652 2655 2751 2748 2746 2752 2654 2749 2656 
2749 2658 2656 2749 2750 2658 2750 2753 2658 
2754 2755 2756 2754 2757 2758 2756 2757 2754 
2758 2759 2760 2757 2759 2758 2760 2761 2762 
2759 2761 2760 2762 2763 2764 2761 2763 2762 
2764 2765 2766 2763 2765 2764 2766 2660 2659 
2766 2765 2660 2765 2767 2660 2751 2655 2660 
2767 2751 2660 2661 2768 2662 2661 2769 2768 
2661 2658 2769 2658 2753 2769 2770 2771 2772 
2770 2773 2774 2772 2773 2770 2774 2665 2664 
2774 2773 2665 2773 2775 2665 2755 2754 2666 
2755 2666 2775 2775 2666 2665 2668 2666 2754 
2758 2668 2754 2669 2668 2758 2760 2669 2758 
2670 2669 2760 2762 2670 2760 2671 2670 2762 
2764 2671 2762 2673 2671 2764 2766 2673 2764 
2659 2673 2766 2675 2776 2676 2675 2777 2776 
2662 2777 2675 2662 2778 2777 2662 2768 2778 
2769 2778 2768 2679 2779 2780 2678 2779 2679 
2771 2770 2680 2771 2680 2780 2780 2680 2679 
2682 2680 2770 2774 2682 2770 2664 2682 2774 
2676 2776 2684 2776 2777 2781 2776 2781 2684 
2684 2781 2686 2687 2686 2782 2686 2781 2782 
2689 2687 2783 2687 2782 2783 2691 2784 2785 
2691 2689 2784 2689 2783 2784 2785 2786 2787 
2784 2786 2785 2787 2788 2789 2786 2788 2787 
2789 2790 2791 2788 2790 2789 2791 2792 2793 
2790 2792 2791 2793 2794 2795 2792 2794 2793 
2795 2694 2693 2795 2794 2694 2794 2796 2694 
2695 2694 2797 2694 2796 2797 2779 2678 2695 
2797 2779 2695 2691 2785 2696 2697 2696 2785 
2787 2697 2785 2698 2697 2787 2789 2698 2787 
2699 2698 2789 2791 2699 2789 2700 2699 2791 
2793 2700 2791 2701 2700 2793 2795 2701 2793 
2693 2701 2795 2798 2799 2800 2798 2801 2802 
2799 2798 2802 2801 2704 2703 2801 2703 2802 
2802 2703 2803 2705 2804 2703 2703 2804 2803 
2706 2805 2806 2706 2806 2705 2705 2806 2804 
2806 2805 2807 2808 2809 2810 2808 2811 2812 
2809 2808 2812 2811 2813 2814 2812 2811 2814 
2814 2813 2815 2708 2816 2817 2709 2708 2817 
2800 2710 2798 2800 2816 2710 2816 2708 2710 
2711 2798 2710 2801 2798 2711 2704 2801 2711 
2706 2712 2805 2805 2818 2807 2805 2712 2818 
2712 2713 2818 2810 2715 2808 2810 2818 2715 
2818 2713 2715 2717 2808 2715 2811 2808 2717 
2719 2811 2717 2813 2811 2719 2813 2819 2815 
2813 2719 2819 2719 2721 2819 2723 2820 2721 
2721 2820 2819 2724 2821 2822 2724 2822 2723 
2723 2822 2820 2822 2821 2823 2725 2824 2825 
2726 2725 2825 2817 2725 2709 2824 2725 2817 
2821 2728 2826 2724 2728 2821 2827 2823 2821 
2827 2821 2828 2828 2821 2826 2828 2829 2830 
2827 2828 2830 2829 2831 2832 2830 2829 2832 
2831 2833 2834 2832 2831 2834 2833 2835 2836 
2834 2833 2836 2836 2835 2837 2729 2838 2839 
2730 2729 2839 2825 2729 2726 2838 2729 2825 
2728 2732 2826 2734 2826 2732 2828 2826 2734 
2736 2828 2734 2829 2828 2736 2738 2829 2736 
2831 2829 2738 2740 2831 2738 2833 2831 2740 
2742 2833 2740 2835 2833 2742 2743 2840 2841 
2742 2743 2841 2742 2841 2837 2742 2837 2835 
2841 2840 2842 2744 2843 2745 2744 2844 2843 
2744 2730 2844 2730 2839 2844 2743 2747 2840 
2840 2747 2748 2840 2748 2842 2842 2748 2845 
2843 2846 2750 2745 2843 2750 2847 2843 2844 
2846 2843 2847 2848 2849 2850 2848 2851 2852 
2850 2851 2848 2852 2853 2854 2851 2853 2852 
2854 2855 2856 2853 2855 2854 2856 2752 2751 
2856 2855 2752 2855 2857 2752 2845 2748 2752 
2857 2845 2752 2846 2858 2753 2750 2846 2753 
2859 2846 2847 2858 2846 2859 2860 2861 2862 
2860 2863 2864 2862 2863 2860 2864 2756 2755 
2864 2863 2756 2863 2865 2756 2757 2756 2866 
2756 2865 2866 2759 2757 2867 2757 2866 2867 
2849 2848 2761 2849 2761 2867 2867 2761 2759 
2763 2761 2848 2852 2763 2848 2765 2763 2852 
2854 2765 2852 2767 2765 2854 2856 2767 2854 
2751 2767 2856 2858 2868 2769 2753 2858 2769 
2869 2858 2859 2868 2858 2869 2870 2871 2872 
2870 2772 2771 2870 2872 2772 2872 2873 2772 
2861 2860 2773 2861 2773 2873 2873 2773 2772 
2775 2773 2860 2864 2775 2860 2755 2775 2864 
2778 2874 2777 2778 2769 2868 2778 2868 2874 
2874 2868 2875 2876 2868 2869 2876 2877 2868 
2877 2875 2868 2876 2878 2877 2879 2880 2881 
2871 2879 2881 2870 2879 2871 2870 2779 2879 
2870 2780 2779 2771 2780 2870 2777 2874 2781 
2782 2781 2874 2875 2782 2874 2783 2782 2875 
2877 2783 2875 2877 2878 2882 2877 2882 2783 
2783 2882 2784 2786 2784 2883 2784 2882 2883 
2788 2786 2884 2786 2883 2884 2790 2788 2885 
2788 2884 2885 2792 2790 2886 2790 2885 2886 
2794 2792 2887 2792 2886 2887 2796 2794 2888 
2794 2887 2888 2880 2879 2797 2880 2797 2888 
2888 2797 2796 2779 2797 2879 2889 2890 2891 
2889 2892 2893 2890 2889 2893 2893 2892 2894 
2799 2895 2800 2896 2895 2799 2896 2799 2897 
2897 2799 2802 2803 2898 2802 2802 2898 2897 
2891 2804 2889 2891 2898 2804 2898 2803 2804 
2806 2889 2804 2892 2889 2806 2807 2899 2900 
2806 2807 2900 2806 2900 2894 2806 2894 2892 
2899 2810 2809 2899 2809 2900 2900 2809 2901 
2812 2902 2809 2809 2902 2901 2814 2903 2812 
2812 2903 2902 2815 2904 2905 2815 2905 2814 
2814 2905 2903 2904 2906 2907 2905 2904 2907 
2906 2908 2909 2907 2906 2909 2908 2910 2911 
2909 2908 2911 2911 2910 2912 2816 2913 2817 
2816 2914 2913 2800 2914 2816 2800 2915 2914 
2800 2895 2915 2896 2915 2895 2807 2818 2899 
2810 2899 2818 2815 2819 2904 2820 2904 2819 
2906 2904 2820 2822 2906 2820 2908 2906 2822 
2823 2908 2822 2823 2916 2908 2916 2910 2908 
2917 2912 2910 2917 2910 2918 2918 2910 2916 
2918 2919 2920 2917 2918 2920 2919 2921 2922 
2920 2919 2922 2921 2923 2924 2922 2921 2924 
2923 2925 2926 2924 2923 2926 2926 2925 2927 
2824 2928 2825 2824 2929 2928 2817 2929 2824 
2817 2930 2929 2817 2913 2930 2914 2930 2913 
2823 2827 2916 2830 2916 2827 2918 2916 2830 
2832 2918 2830 2919 2918 2832 2834 2919 2832 
2921 2919 2834 2836 2921 2834 2923 2921 2836 
2837 2923 2836 2837 2931 2923 2931 2925 2923 
2932 2927 2925 2932 2925 2933 2933 2925 2931 
2932 2933 2934 2838 2935 2839 2838 2936 2935 
2825 2936 2838 2825 2937 2936 2825 2928 2937 
2929 2937 2928 2837 2841 2931 2842 2931 2841 
2842 2938 2931 2938 2933 2931 2939 2934 2933 
2938 2939 2933 2935 2940 2844 2839 2935 2844 
2941 2935 2936 2940 2935 2941 2942 2943 2944 
2938 2944 2945 2938 2845 2944 2938 2842 2845 
2845 2942 2944 2939 2938 2945 2940 2946 2947 
2940 2947 2844 2844 2947 2847 2941 2946 2940 
2948 2949 2950 2948 2951 2952 2950 2951 2948 
2952 2953 2954 2951 2953 2952 2954 2955 2956 
2953 2955 2954 2956 2850 2849 2956 2955 2850 
2955 2957 2850 2851 2850 2958 2850 2957 2958 
2853 2851 2959 2851 2958 2959 2855 2853 2960 
2853 2959 2960 2943 2942 2857 2943 2857 2960 
2960 2857 2855 2845 2857 2942 2847 2947 2859 
2947 2961 2859 2962 2963 2964 2962 2862 2861 
2962 2964 2862 2964 2965 2862 2949 2948 2863 
2949 2863 2965 2965 2863 2862 2865 2863 2948 
2952 2865 2948 2866 2865 2952 2954 2866 2952 
2867 2866 2954 2956 2867 2954 2849 2867 2956 
2966 2967 2968 2966 2961 2967 2966 2869 2961 
2869 2859 2961 2872 2969 2970 2871 2969 2872 
2963 2962 2873 2963 2873 2970 2970 2873 2872 
2861 2873 2962 2966 2968 2971 2869 2966 2971 
2869 2971 2876 2876 2971 2972 2878 2973 2974 
2878 2876 2973 2876 2972 2973 2974 2975 2976 
2973 2975 2974 2975 2977 2976 2978 2979 2980 
2978 2881 2880 2978 2980 2881 2980 2981 2881 
2969 2871 2881 2981 2969 2881 2878 2974 2882 
2883 2882 2974 2976 2883 2974 2976 2977 2982 
2976 2982 2883 2883 2982 2884 2885 2884 2983 
2884 2982 2983 2886 2885 2984 2885 2983 2984 
2887 2886 2985 2886 2984 2985 2979 2978 2888 
2979 2888 2985 2985 2888 2887 2880 2888 2978 
2986 2987 2988 2987 2986 2989 2990 2991 2992 
2990 2891 2890 2990 2890 2991 2991 2890 2993 
2988 2893 2986 2988 2993 2893 2993 2890 2893 
2894 2994 2995 2893 2894 2995 2893 2995 2989 
2893 2989 2986 2994 2996 2997 2995 2994 2997 
2996 2998 2999 2997 2996 2999 2998 3000 3001 
2999 2998 3001 3000 3002 3003 3001 3000 3003 
3002 3004 3005 3003 3002 3005 3004 3006 3007 
3005 3004 3007 3006 3008 3009 3007 3006 3009 
3009 3008 3010 2897 3011 3012 2896 2897 3012 
2992 2898 2990 2992 3011 2898 3011 2897 2898 
2891 2990 2898 2894 2900 2994 2901 2994 2900 
2996 2994 2901 2902 2996 2901 2998 2996 2902 
2903 2998 2902 3000 2998 2903 2905 3000 2903 
3002 3000 2905 2907 3002 2905 3004 3002 2907 
2909 3004 2907 3006 3004 2909 2911 3006 2909 
3008 3006 2911 2912 3013 3014 2911 2912 3014 
2911 3014 3010 2911 3010 3008 3013 3015 3016 
3014 3013 3016 3015 3017 3018 3016 3015 3018 
3017 3019 3020 3018 3017 3020 3019 3021 3022 
3020 3019 3022 3022 3021 3023 2915 3024 3025 
2914 2915 3025 3012 2915 2896 3024 2915 3012 
2912 2917 3013 2920 3013 2917 3015 3013 2920 
2922 3015 2920 3017 3015 2922 2924 3017 2922 
3019 3017 2924 2926 3019 2924 3021 3019 2926 
2927 3026 3027 2926 2927 3027 2926 3027 3023 
2926 3023 3021 3027 3026 3028 2930 3029 3030 
2929 2930 3030 3025 2930 2914 3029 2930 3025 
2927 2932 3026 3026 2932 2934 3026 2934 3028 
3028 2934 3031 2937 3032 2936 2937 3033 3032 
2937 2929 3033 2929 3030 3033 3034 3035 3036 
3034 3036 3031 3034 3031 2939 2939 3031 2934 
3032 3037 3038 3032 3038 2936 2936 3038 2941 
3033 3037 3032 3039 3040 3041 3039 3042 3043 
3041 3042 3039 3043 3044 3045 3042 3044 3043 
3045 3046 3047 3044 3046 3045 3047 3048 3049 
3046 3048 3047 3049 3050 3051 3048 3050 3049 
3051 2944 2943 3051 3050 2944 3050 3052 2944 
3035 3034 2945 3035 2945 3052 3052 2945 2944 
2939 2945 3034 2946 3053 2947 2946 3054 3053 
2946 2941 3054 2941 3038 3054 3055 3056 3057 
3055 2950 2949 3055 3057 2950 3057 3058 2950 
2951 2950 3059 2950 3058 3059 3040 3039 2953 
3040 2953 3059 3059 2953 2951 2955 2953 3039 
3043 2955 3039 2957 2955 3043 3045 2957 3043 
2958 2957 3045 3047 2958 3045 2959 2958 3047 
3049 2959 3047 2960 2959 3049 3051 2960 3049 
2943 2960 3051 3053 3060 2961 2947 3053 2961 
3061 3053 3054 3060 3053 3061 3062 3063 3064 
3062 2964 2963 3062 3064 2964 3064 3065 2964 
3056 3055 2965 3056 2965 3065 3065 2965 2964 
2949 2965 3055 2967 3066 2968 2967 2961 3060 
2967 3060 3066 3066 3060 3067 3068 3060 3061 
3067 3060 3068 3069 3070 3071 3069 3072 3073 
3071 3072 3069 3063 3073 3072 3062 3073 3063 
3062 2969 3073 3062 2970 2969 2963 2970 3062 
2968 3066 2971 2972 2971 3066 3067 2972 3066 
3067 3068 3074 3067 3074 2972 2972 3074 2973 
2975 2973 3075 2973 3074 3075 2977 3076 3077 
2977 2975 3076 2975 3075 3076 3077 3078 3079 
3076 3078 3077 3079 3080 3081 3078 3080 3079 
3081 3082 3083 3080 3082 3081 3070 3083 3082 
3069 3083 3070 3069 2979 3083 3069 2980 2979 
2981 2980 3069 3073 2981 3069 2969 2981 3073 
2977 3077 2982 2983 2982 3077 3079 2983 3077 
2984 2983 3079 3081 2984 3079 2985 2984 3081 
3083 2985 3081 2979 2985 3083 2987 3084 3085 
2988 2987 3085 2989 3086 3087 2989 3087 2987 
2987 3087 3084 3086 3088 3089 3087 3086 3089 
3088 3090 3091 3089 3088 3091 3090 3092 3093 
3091 3090 3093 3092 3094 3095 3093 3092 3095 
3094 3096 3097 3095 3094 3097 3096 3098 3099 
3097 3096 3099 3098 3100 3101 3099 3098 3101 
3101 3100 3102 2991 3103 3104 2992 2991 3104 
2993 3105 2991 2991 3105 3103 3085 2993 2988 
3105 2993 3085 2989 2995 3086 2997 3086 2995 
3088 3086 2997 2999 3088 2997 3090 3088 2999 
3001 3090 2999 3092 3090 3001 3003 3092 3001 
3094 3092 3003 3005 3094 3003 3096 3094 3005 
3007 3096 3005 3098 3096 3007 3009 3098 3007 
3100 3098 3009 3010 3106 3107 3009 3010 3107 
3009 3107 3102 3009 3102 3100 3106 3108 3109 
3107 3106 3109 3108 3110 3111 3109 3108 3111 
3110 3112 3113 3111 3110 3113 3112 3114 3115 
3113 3112 3115 3114 3116 3117 3115 3114 3117 
3117 3116 3118 3011 3119 3120 3012 3011 3120 
3104 3011 2992 3119 3011 3104 3010 3014 3106 
3016 3106 3014 3108 3106 3016 3018 3108 3016 
3110 3108 3018 3020 3110 3018 3112 3110 3020 
3022 3112 3020 3114 3112 3022 3023 3114 3022 
3023 3121 3114 3121 3116 3114 3122 3118 3116 
3122 3116 3123 3123 3116 3121 3122 3123 3124 
3024 3125 3126 3025 3024 3126 3120 3024 3012 
3125 3024 3120 3023 3027 3121 3028 3121 3027 
3028 3127 3121 3127 3123 3121 3128 3124 3123 
3127 3128 3123 3029 3129 3030 3029 3130 3129 
3029 3025 3130 3025 3126 3130 3127 3131 3132 
3127 3028 3131 3028 3031 3131 3128 3127 3132 
3129 3133 3134 3129 3134 3030 3030 3134 3033 
3130 3133 3129 3135 3136 3137 3135 3138 3139 
3137 3138 3135 3139 3140 3141 3138 3140 3139 
3141 3142 3143 3140 3142 3141 3143 3144 3145 
3142 3144 3143 3145 3036 3035 3145 3144 3036 
3144 3146 3036 3131 3031 3036 3146 3131 3036 
3037 3147 3038 3037 3148 3147 3037 3033 3148 
3033 3134 3148 3149 3150 3151 3149 3152 3153 
3151 3152 3149 3153 3041 3040 3153 3152 3041 
3152 3154 3041 3042 3041 3155 3041 3154 3155 
3136 3135 3044 3136 3044 3155 3155 3044 3042 
3046 3044 3135 3139 3046 3135 3048 3046 3139 
3141 3048 3139 3050 3048 3141 3143 3050 3141 
3052 3050 3143 3145 3052 3143 3035 3052 3145 
3147 3156 3054 3038 3147 3054 3157 3147 3148 
3156 3147 3157 3057 3158 3159 3056 3158 3057 
3150 3149 3058 3150 3058 3159 3159 3058 3057 
3059 3058 3149 3153 3059 3149 3040 3059 3153 
3156 3160 3161 3156 3161 3054 3054 3161 3061 
3157 3160 3156 3162 3163 3164 3162 3064 3063 
3162 3164 3064 3164 3165 3064 3065 3064 3166 
3064 3165 3166 3158 3056 3065 3166 3158 3065 
3167 3168 3068 3167 3068 3161 3161 3068 3061 
3168 3169 3170 3167 3169 3168 3170 3171 3172 
3169 3171 3170 3172 3173 3174 3171 3173 3172 
3174 3175 3176 3173 3175 3174 3176 3177 3178 
3175 3177 3176 3178 3071 3070 3178 3177 3071 
3177 3179 3071 3163 3162 3072 3163 3072 3179 
3179 3072 3071 3063 3072 3162 3068 3168 3074 
3075 3074 3168 3170 3075 3168 3076 3075 3170 
3172 3076 3170 3078 3076 3172 3174 3078 3172 
3080 3078 3174 3176 3080 3174 3082 3080 3176 
3178 3082 3176 3070 3082 3178 3180 3181 3182 
3180 3183 3184 3181 3180 3184 3183 3185 3186 
3184 3183 3186 3186 3185 3187 3188 3189 3190 
3189 3188 3191 3192 3193 3194 3192 3195 3196 
3193 3192 3196 3182 3196 3195 3182 3195 3180 
3180 3195 3197 3183 3180 3198 3198 3180 3197 
3185 3183 3199 3199 3183 3198 3200 3187 3185 
3200 3185 3201 3201 3185 3199 3201 3202 3203 
3200 3201 3203 3202 3204 3205 3203 3202 3205 
3204 3206 3207 3205 3204 3207 3207 3206 3208 
3209 3210 3211 3209 3085 3084 3209 3084 3210 
3210 3084 3212 3190 3087 3188 3190 3212 3087 
3212 3084 3087 3188 3213 3191 3188 3087 3213 
3087 3089 3213 3194 3091 3192 3194 3213 3091 
3213 3089 3091 3093 3192 3091 3195 3192 3093 
3095 3195 3093 3197 3195 3095 3097 3197 3095 
3198 3197 3097 3099 3198 3097 3199 3198 3099 
3101 3199 3099 3201 3199 3101 3102 3201 3101 
3102 3214 3201 3214 3202 3201 3204 3202 3215 
3215 3202 3214 3206 3204 3216 3216 3204 3215 
3217 3208 3206 3217 3206 3218 3218 3206 3216 
3218 3219 3220 3217 3218 3220 3219 3221 3222 
3220 3219 3222 3221 3223 3224 3222 3221 3224 
3224 3223 3225 3103 3226 3227 3104 3103 3227 
3211 3105 3209 3211 3226 3105 3226 3103 3105 
3085 3209 3105 3102 3107 3214 3109 3214 3107 
3215 3214 3109 3111 3215 3109 3216 3215 3111 
3113 3216 3111 3218 3216 3113 3115 3218 3113 
3219 3218 3115 3117 3219 3115 3221 3219 3117 
3118 3221 3117 3118 3228 3221 3228 3223 3221 
3229 3225 3223 3229 3223 3230 3230 3223 3228 
3229 3230 3231 3119 3232 3233 3120 3119 3233 
3227 3119 3104 3232 3119 3227 3118 3122 3228 
3124 3228 3122 3124 3234 3228 3234 3230 3228 
3235 3231 3230 3234 3235 3230 3125 3236 3237 
3126 3125 3237 3233 3125 3120 3236 3125 3233 
3234 3238 3239 3234 3124 3238 3124 3128 3238 
3235 3234 3239 3126 3237 3130 3237 3240 3130 
3241 3242 3243 3241 3244 3245 3243 3244 3241 
3245 3246 3247 3244 3246 3245 3247 3248 3249 
3246 3248 3247 3249 3132 3131 3249 3248 3132 
3248 3250 3132 3238 3128 3132 3250 3238 3132 
3133 3251 3252 3134 3133 3252 3240 3133 3130 
3251 3133 3240 3253 3254 3255 3253 3256 3257 
3255 3256 3253 3257 3258 3259 3256 3258 3257 
3259 3137 3136 3259 3258 3137 3258 3260 3137 
3138 3137 3261 3137 3260 3261 3242 3241 3140 
3242 3140 3261 3261 3140 3138 3142 3140 3241 
3245 3142 3241 3144 3142 3245 3247 3144 3245 
3146 3144 3247 3249 3146 3247 3131 3146 3249 
3134 3252 3148 3252 3262 3148 3263 3264 3265 
3263 3151 3150 3263 3265 3151 3265 3266 3151 
3254 3253 3152 3254 3152 3266 3266 3152 3151 
3154 3152 3253 3257 3154 3253 3155 3154 3257 
3259 3155 3257 3136 3155 3259 3148 3262 3157 
3262 3267 3157 3268 3269 3270 3264 3268 3270 
3263 3268 3264 3263 3158 3268 3263 3159 3158 
3150 3159 3263 3160 3271 3161 3160 3272 3271 
3160 3157 3272 3157 3267 3272 3273 3274 3275 
3273 3276 3277 3275 3276 3273 3277 3278 3279 
3276 3278 3277 3279 3164 3163 3279 3278 3164 
3278 3280 3164 3165 3164 3281 3164 3280 3281 
3269 3268 3166 3269 3166 3281 3281 3166 3165 
3158 3166 3268 3161 3271 3167 3271 3272 3282 
3271 3282 3167 3167 3282 3169 3171 3169 3283 
3169 3282 3283 3173 3171 3284 3171 3283 3284 
3274 3273 3175 3274 3175 3284 3284 3175 3173 
3177 3175 3273 3277 3177 3273 3179 3177 3277 
3279 3179 3277 3163 3179 3279 3285 3286 3287 
3285 3288 3289 3286 3285 3289 3289 3288 3290 
3291 3292 3293 3287 3292 3291 3287 3291 3285 
3285 3291 3294 3288 3285 3295 3295 3285 3294 
3296 3290 3288 3296 3288 3297 3297 3288 3295 
3297 3298 3299 3296 3297 3299 3299 3298 3300 
3301 3302 3303 3301 3304 3305 3302 3301 3305 
3293 3305 3304 3293 3304 3291 3291 3304 3306 
3294 3291 3307 3307 3291 3306 3295 3294 3308 
3308 3294 3307 3297 3295 3309 3309 3295 3308 
3298 3297 3310 3310 3297 3309 3311 3300 3298 
3311 3298 3312 3312 3298 3310 3311 3312 3313 
3314 3315 3316 3314 3317 3318 3315 3314 3318 
3303 3318 3317 3301 3303 3317 3301 3317 3182 
3301 3182 3181 3184 3301 3181 3304 3301 3184 
3186 3304 3184 3306 3304 3186 3187 3306 3186 
3187 3319 3306 3319 3307 3306 3308 3307 3320 
3320 3307 3319 3309 3308 3321 3321 3308 3320 
3310 3309 3322 3322 3309 3321 3312 3310 3323 
3323 3310 3322 3324 3313 3312 3324 3312 3325 
3325 3312 3323 3325 3326 3327 3324 3325 3327 
3326 3328 3329 3327 3326 3329 3329 3328 3330 
3189 3331 3332 3190 3189 3332 3191 3333 3334 
3191 3334 3189 3189 3334 3331 3316 3334 3333 
3314 3316 3333 3314 3333 3194 3314 3194 3193 
3196 3314 3193 3317 3314 3196 3182 3317 3196 
3187 3200 3319 3203 3319 3200 3320 3319 3203 
3205 3320 3203 3321 3320 3205 3207 3321 3205 
3322 3321 3207 3208 3322 3207 3208 3335 3322 
3335 3323 3322 3325 3323 3336 3336 3323 3335 
3326 3325 3337 3337 3325 3336 3328 3326 3338 
3338 3326 3337 3339 3330 3328 3338 3339 3328 
3210 3340 3341 3211 3210 3341 3212 3342 3210 
3210 3342 3340 3332 3212 3190 3342 3212 3332 
3191 3213 3333 3194 3333 3213 3208 3217 3335 
3220 3335 3217 3336 3335 3220 3222 3336 3220 
3337 3336 3222 3224 3337 3222 3338 3337 3224 
3225 3343 3344 3224 3225 3344 3224 3344 3339 
3224 3339 3338 3344 3343 3345 3226 3346 3347 
3227 3226 3347 3341 3226 3211 3346 3226 3341 
3225 3229 3343 3343 3229 3231 3343 3231 3345 
3345 3231 3348 3232 3349 3350 3233 3232 3350 
3347 3232 3227 3349 3232 3347 3231 3235 3348 
3348 3235 3351 3236 3352 3237 3236 3353 3352 
3236 3233 3353 3233 3350 3353 3354 3355 3356 
3354 3357 3358 3356 3357 3354 3358 3359 3360 
3357 3359 3358 3360 3239 3238 3360 3359 3239 
3359 3361 3239 3351 3235 3239 3361 3351 3239 
3352 3362 3363 3352 3363 3237 3237 3363 3240 
3353 3362 3352 3364 3365 3366 3364 3367 3368 
3366 3367 3364 3368 3369 3370 3367 3369 3368 
3370 3243 3242 3370 3369 3243 3369 3371 3243 
3244 3243 3372 3243 3371 3372 3355 3354 3246 
3355 3246 3372 3372 3246 3244 3248 3246 3354 
3358 3248 3354 3250 3248 3358 3360 3250 3358 
3238 3250 3360 3251 3373 3252 3251 3374 3373 
3251 3240 3374 3240 3363 3374 3375 3376 3377 
3375 3255 3254 3375 3377 3255 3377 3378 3255 
3256 3255 3379 3255 3378 3379 3365 3364 3258 
3365 3258 3379 3379 3258 3256 3260 3258 3364 
3368 3260 3364 3261 3260 3368 3370 3261 3368 
3242 3261 3370 3373 3380 3262 3252 3373 3262 
3381 3373 3374 3380 3373 3381 3265 3382 3383 
3264 3382 3265 3376 3375 3266 3376 3266 3383 
3383 3266 3265 3254 3266 3375 3380 3384 3385 
3380 3385 3262 3262 3385 3267 3381 3384 3380 
3386 3387 3388 3386 3389 3390 3388 3389 3386 
3390 3391 3392 3389 3391 3390 3392 3270 3269 
3392 3391 3270 3391 3393 3270 3382 3264 3270 
3393 3382 3270 3394 3395 3272 3394 3272 3385 
3385 3272 3267 3395 3396 3397 3394 3396 3395 
3397 3398 3399 3396 3398 3397 3399 3275 3274 
3399 3398 3275 3398 3400 3275 3276 3275 3401 
3275 3400 3401 3387 3386 3278 3387 3278 3401 
3401 3278 3276 3280 3278 3386 3390 3280 3386 
3281 3280 3390 3392 3281 3390 3269 3281 3392 
3272 3395 3282 3283 3282 3395 3397 3283 3395 
3284 3283 3397 3399 3284 3397 3274 3284 3399 
3402 3403 3404 3402 3405 3406 3403 3402 3406 
3406 3405 3407 3408 3409 3410 3408 3411 3412 
3409 3408 3412 3404 3412 3411 3404 3411 3402 
3402 3411 3413 3405 3402 3414 3414 3402 3413 
3415 3407 3405 3415 3405 3416 3416 3405 3414 
3415 3416 3417 3418 3419 3420 3410 3419 3418 
3408 3410 3418 3408 3418 3287 3408 3287 3286 
3289 3408 3286 3411 3408 3289 3290 3411 3289 
3290 3421 3411 3421 3413 3411 3414 3413 3422 
3422 3413 3421 3416 3414 3423 3423 3414 3422 
3424 3417 3416 3424 3416 3425 3425 3416 3423 
3425 3426 3427 3424 3425 3427 3426 3428 3429 
3427 3426 3429 3429 3428 3430 3431 3432 3433 
3431 3434 3435 3432 3431 3435 3420 3435 3434 
3418 3420 3434 3418 3434 3293 3418 3293 3292 
3287 3418 3292 3290 3296 3421 3299 3421 3296 
3422 3421 3299 3300 3422 3299 3300 3436 3422 
3436 3423 3422 3425 3423 3437 3437 3423 3436 
3426 3425 3438 3438 3425 3437 3428 3426 3439 
3439 3426 3438 3440 3430 3428 3440 3428 3441 
3441 3428 3439 3440 3441 3442 3443 3444 3445 
3443 3446 3447 3444 3443 3447 3433 3447 3446 
3431 3433 3446 3431 3446 3303 3431 3303 3302 
3305 3431 3302 3434 3431 3305 3293 3434 3305 
3300 3311 3436 3313 3436 3311 3313 3448 3436 
3448 3437 3436 3438 3437 3449 3449 3437 3448 
3439 3438 3450 3450 3438 3449 3441 3439 3451 
3451 3439 3450 3452 3442 3441 3451 3452 3441 
3453 3454 3455 3445 3454 3453 3443 3445 3453 
3443 3453 3316 3443 3316 3315 3318 3443 3315 
3446 3443 3318 3303 3446 3318 3313 3324 3448 
3327 3448 3324 3449 3448 3327 3329 3449 3327 
3450 3449 3329 3330 3450 3329 3330 3456 3450 
3456 3451 3450 3457 3452 3451 3456 3457 3451 
3458 3459 3460 3458 3332 3331 3458 3331 3459 
3459 3331 3461 3455 3334 3453 3455 3461 3334 
3461 3331 3334 3316 3453 3334 3456 3339 3462 
3330 3339 3456 3463 3457 3456 3463 3456 3464 
3464 3456 3462 3463 3464 3465 3340 3466 3467 
3341 3340 3467 3460 3342 3458 3460 3466 3342 
3466 3340 3342 3332 3458 3342 3339 3344 3462 
3345 3462 3344 3345 3468 3462 3468 3464 3462 
3469 3465 3464 3468 3469 3464 3346 3470 3347 
3346 3471 3470 3346 3341 3471 3341 3467 3471 
3468 3348 3472 3345 3348 3468 3473 3469 3468 
3472 3473 3468 3349 3474 3350 3349 3475 3474 
3347 3475 3349 3347 3476 3475 3347 3470 3476 
3471 3476 3470 3477 3478 3479 3477 3480 3481 
3479 3480 3477 3481 3482 3483 3480 3482 3481 
3483 3484 3485 3482 3484 3483 3472 3484 3486 
3472 3351 3484 3472 3348 3351 3351 3485 3484 
3473 3472 3486 3474 3487 3488 3474 3488 3350 
3350 3488 3353 3475 3487 3474 3489 3490 3491 
3489 3492 3493 3491 3492 3489 3493 3494 3495 
3492 3494 3493 3495 3496 3497 3494 3496 3495 
3478 3497 3496 3477 3497 3478 3477 3355 3497 
3477 3356 3355 3357 3356 3477 3481 3357 3477 
3359 3357 3481 3483 3359 3481 3361 3359 3483 
3485 3361 3483 3351 3361 3485 3362 3498 3363 
3362 3499 3498 3362 3353 3499 3353 3488 3499 
3500 3501 3502 3500 3503 3504 3502 3503 3500 
3504 3366 3365 3504 3503 3366 3503 3505 3366 
3490 3489 3367 3490 3367 3505 3505 3367 3366 
3369 3367 3489 3493 3369 3489 3371 3369 3493 
3495 3371 3493 3372 3371 3495 3497 3372 3495 
3355 3372 3497 3498 3506 3507 3498 3507 3363 
3363 3507 3374 3499 3506 3498 3508 3509 3510 
3508 3377 3376 3508 3510 3377 3510 3511 3377 
3501 3500 3378 3501 3378 3511 3511 3378 3377 
3379 3378 3500 3504 3379 3500 3365 3379 3504 
3512 3513 3381 3512 3381 3507 3507 3381 3374 
3512 3514 3513 3515 3516 3517 3509 3515 3517 
3508 3515 3509 3508 3382 3515 3508 3383 3382 
3376 3383 3508 3384 3518 3385 3384 3519 3518 
3381 3519 3384 3381 3520 3519 3381 3513 3520 
3514 3520 3513 3521 3522 3523 3521 3524 3525 
3523 3524 3521 3525 3388 3387 3525 3524 3388 
3524 3526 3388 3389 3388 3527 3388 3526 3527 
3391 3389 3528 3389 3527 3528 3516 3515 3393 
3516 3393 3528 3528 3393 3391 3382 3393 3515 
3385 3518 3394 3518 3519 3529 3518 3529 3394 
3394 3529 3396 3398 3396 3530 3396 3529 3530 
3522 3521 3400 3522 3400 3530 3530 3400 3398 
3401 3400 3521 3525 3401 3521 3387 3401 3525 
3531 3532 3533 3531 3404 3403 3531 3403 3532 
3532 3403 3534 3406 3535 3403 3403 3535 3534 
3407 3536 3537 3407 3537 3406 3406 3537 3535 
3537 3536 3538 3539 3540 3541 3539 3410 3409 
3539 3409 3540 3540 3409 3542 3533 3412 3531 
3533 3542 3412 3542 3409 3412 3404 3531 3412 
3407 3415 3536 3417 3543 3544 3415 3417 3544 
3415 3544 3538 3415 3538 3536 3543 3545 3546 
3544 3543 3546 3545 3547 3548 3546 3545 3548 
3547 3549 3550 3548 3547 3550 3549 3551 3552 
3550 3549 3552 3552 3551 3553 3554 3555 3556 
3554 3557 3558 3555 3554 3558 3541 3558 3557 
3539 3541 3557 3539 3557 3420 3539 3420 3419 
3410 3539 3419 3417 3424 3543 3427 3543 3424 
3545 3543 3427 3429 3545 3427 3547 3545 3429 
3430 3547 3429 3430 3559 3547 3559 3549 3547 
3551 3549 3560 3560 3549 3559 3561 3553 3551 
3561 3551 3562 3562 3551 3560 3561 3562 3563 
3564 3565 3566 3556 3565 3564 3554 3556 3564 
3554 3564 3433 3554 3433 3432 3435 3554 3432 
3557 3554 3435 3420 3557 3435 3430 3440 3559 
3442 3559 3440 3442 3567 3559 3567 3560 3559 
3568 3569 3562 3568 3562 3567 3567 3562 3560 
3563 3562 3569 3444 3570 3571 3445 3444 3571 
3566 3447 3564 3566 3570 3447 3570 3444 3447 
3433 3564 3447 3567 3572 3573 3567 3442 3572 
3442 3452 3572 3568 3567 3573 3454 3574 3575 
3455 3454 3575 3571 3454 3445 3574 3454 3571 
3576 3457 3577 3576 3572 3457 3572 3452 3457 
3576 3577 3578 3459 3579 3460 3580 3579 3459 
3580 3459 3581 3581 3459 3461 3575 3461 3455 
3581 3461 3575 3457 3463 3577 3577 3463 3465 
3577 3465 3578 3578 3465 3582 3466 3583 3467 
3466 3584 3583 3460 3584 3466 3460 3585 3584 
3460 3579 3585 3580 3585 3579 3465 3469 3582 
3582 3469 3586 3583 3587 3588 3583 3588 3467 
3467 3588 3471 3584 3587 3583 3589 3590 3591 
3589 3592 3593 3591 3592 3589 3593 3594 3595 
3592 3594 3593 3595 3596 3597 3594 3596 3595 
3597 3596 3586 3597 3586 3473 3473 3586 3469 
3476 3598 3599 3475 3476 3599 3588 3476 3471 
3598 3476 3588 3600 3601 3602 3600 3603 3604 
3602 3603 3600 3604 3605 3606 3603 3605 3604 
3606 3607 3608 3605 3607 3606 3608 3479 3478 
3608 3607 3479 3607 3609 3479 3590 3589 3480 
3590 3480 3609 3609 3480 3479 3482 3480 3589 
3593 3482 3589 3484 3482 3593 3595 3484 3593 
3486 3484 3595 3597 3486 3595 3473 3486 3597 
3487 3610 3488 3487 3611 3610 3487 3475 3611 
3475 3599 3611 3612 3613 3614 3612 3615 3616 
3614 3615 3612 3601 3616 3615 3600 3616 3601 
3600 3490 3616 3600 3491 3490 3492 3491 3600 
3604 3492 3600 3494 3492 3604 3606 3494 3604 
3496 3494 3606 3608 3496 3606 3478 3496 3608 
3610 3617 3618 3610 3618 3488 3488 3618 3499 
3611 3617 3610 3619 3620 3621 3619 3502 3501 
3619 3621 3502 3621 3622 3502 3613 3612 3503 
3613 3503 3622 3622 3503 3502 3505 3503 3612 
3616 3505 3612 3490 3505 3616 3506 3623 3507 
3506 3624 3623 3506 3499 3624 3499 3618 3624 
3510 3625 3626 3509 3625 3510 3620 3619 3511 
3620 3511 3626 3626 3511 3510 3501 3511 3619 
3507 3623 3512 3623 3514 3512 3623 3624 3514 
3624 3627 3514 3628 3629 3630 3628 3631 3632 
3630 3631 3628 3632 3517 3516 3632 3631 3517 
3631 3633 3517 3625 3509 3517 3633 3625 3517 
3520 3634 3519 3635 3514 3627 3635 3634 3514 
3635 3636 3634 3634 3520 3514 3636 3523 3522 
3636 3635 3523 3635 3637 3523 3524 3523 3638 
3523 3637 3638 3526 3524 3639 3524 3638 3639 
3629 3628 3527 3629 3527 3639 3639 3527 3526 
3528 3527 3628 3632 3528 3628 3516 3528 3632 
3519 3634 3529 3530 3529 3634 3636 3530 3634 
3522 3530 3636 3640 3641 3642 3640 3643 3644 
3641 3640 3644 3643 3533 3532 3643 3532 3644 
3644 3532 3645 3534 3646 3532 3532 3646 3645 
3647 3648 3646 3647 3646 3535 3535 3646 3534 
3535 3537 3649 3647 3535 3649 3537 3538 3649 
3650 3651 3652 3642 3651 3650 3640 3642 3650 
3640 3650 3541 3640 3541 3540 3542 3640 3540 
3643 3640 3542 3533 3643 3542 3647 3653 3648 
3649 3653 3647 3654 3653 3649 3538 3654 3649 
3538 3544 3654 3544 3655 3654 3546 3656 3544 
3544 3656 3655 3548 3657 3546 3546 3657 3656 
3550 3658 3548 3548 3658 3657 3552 3659 3550 
3550 3659 3658 3553 3660 3661 3553 3661 3552 
3552 3661 3659 3661 3660 3662 3555 3663 3664 
3556 3555 3664 3652 3558 3650 3652 3663 3558 
3663 3555 3558 3541 3650 3558 3553 3561 3660 
3660 3561 3563 3660 3563 3662 3662 3563 3665 
3565 3666 3667 3566 3565 3667 3664 3565 3556 
3666 3565 3664 3569 3668 3669 3568 3668 3569 
3665 3563 3569 3669 3665 3569 3570 3670 3671 
3571 3570 3671 3667 3570 3566 3670 3570 3667 
3573 3572 3672 3573 3672 3673 3573 3673 3568 
3568 3673 3668 3574 3674 3675 3575 3574 3675 
3671 3574 3571 3674 3574 3671 3572 3576 3672 
3578 3676 3677 3576 3578 3677 3576 3677 3673 
3576 3673 3672 3677 3676 3678 3581 3679 3680 
3580 3581 3680 3675 3581 3575 3679 3581 3675 
3676 3582 3681 3578 3582 3676 3682 3678 3676 
3681 3682 3676 3585 3683 3684 3584 3585 3684 
3680 3585 3580 3683 3585 3680 3685 3686 3687 
3685 3688 3689 3687 3688 3685 3689 3690 3691 
3688 3690 3689 3691 3692 3693 3690 3692 3691 
3681 3692 3694 3681 3586 3692 3681 3582 3586 
3586 3693 3692 3682 3681 3694 3587 3695 3588 
3587 3696 3695 3587 3584 3696 3584 3684 3696 
3697 3698 3699 3697 3700 3701 3699 3700 3697 
3701 3702 3703 3700 3702 3701 3703 3704 3705 
3702 3704 3703 3705 3706 3707 3704 3706 3705 
3686 3707 3706 3685 3707 3686 3685 3590 3707 
3685 3591 3590 3592 3591 3685 3689 3592 3685 
3594 3592 3689 3691 3594 3689 3596 3594 3691 
3693 3596 3691 3586 3596 3693 3598 3708 3599 
3598 3709 3708 3588 3709 3598 3588 3710 3709 
3588 3695 3710 3696 3710 3695 3711 3712 3713 
3711 3714 3715 3713 3714 3711 3698 3715 3714 
3697 3715 3698 3697 3601 3715 3697 3602 3601 
3603 3602 3697 3701 3603 3697 3605 3603 3701 
3703 3605 3701 3607 3605 3703 3705 3607 3703 
3609 3607 3705 3707 3609 3705 3590 3609 3707 
3708 3716 3611 3599 3708 3611 3717 3708 3709 
3716 3708 3717 3718 3719 3720 3712 3718 3720 
3711 3718 3712 3711 3613 3718 3711 3614 3613 
3615 3614 3711 3715 3615 3711 3601 3615 3715 
3617 3721 3618 3617 3611 3716 3617 3716 3721 
3721 3716 3722 3723 3716 3717 3722 3716 3723 
3621 3724 3725 3620 3724 3621 3719 3718 3622 
3719 3622 3725 3725 3622 3621 3613 3622 3718 
3721 3726 3624 3618 3721 3624 3727 3722 3728 
3727 3726 3722 3726 3721 3722 3723 3728 3722 
3729 3730 3731 3729 3626 3625 3729 3731 3626 
3731 3732 3626 3724 3620 3626 3732 3724 3626 
3726 3733 3627 3624 3726 3627 3734 3726 3727 
3733 3726 3734 3735 3736 3737 3735 3738 3739 
3737 3738 3735 3739 3630 3629 3739 3738 3630 
3738 3740 3630 3631 3630 3741 3630 3740 3741 
3730 3729 3633 3730 3633 3741 3741 3633 3631 
3625 3633 3729 3627 3733 3635 3733 3734 3742 
3733 3742 3635 3635 3742 3637 3736 3735 3638 
3736 3638 3742 3742 3638 3637 3639 3638 3735 
3739 3639 3735 3629 3639 3739 3641 3743 3642 
3744 3743 3641 3744 3641 3745 3745 3641 3644 
3645 3746 3644 3644 3746 3745 3646 3747 3645 
3645 3747 3746 3747 3646 3648 3748 3747 3648 
3651 3749 3750 3652 3651 3750 3743 3651 3642 
3743 3751 3651 3751 3749 3651 3744 3751 3743 
3648 3752 3748 3653 3752 3648 3753 3754 3752 
3753 3752 3654 3654 3752 3653 3654 3655 3755 
3753 3654 3755 3655 3656 3756 3755 3655 3756 
3757 3756 3656 3757 3656 3758 3758 3656 3657 
3658 3759 3657 3657 3759 3758 3659 3760 3658 
3658 3760 3759 3661 3761 3659 3659 3761 3760 
3761 3661 3662 3762 3761 3662 3663 3763 3764 
3664 3663 3764 3750 3663 3652 3763 3663 3750 
3753 3765 3754 3755 3765 3753 3766 3765 3755 
3756 3766 3755 3767 3766 3756 3757 3767 3756 
3662 3665 3762 3762 3665 3768 3666 3769 3770 
3667 3666 3770 3764 3666 3664 3769 3666 3764 
3669 3668 3771 3669 3771 3772 3669 3772 3665 
3665 3772 3768 3670 3773 3774 3671 3670 3774 
3770 3670 3667 3773 3670 3770 3771 3673 3775 
3668 3673 3771 3776 3772 3771 3775 3776 3771 
3674 3777 3778 3675 3674 3778 3774 3674 3671 
3777 3674 3774 3673 3677 3775 3775 3677 3678 
3775 3678 3776 3776 3678 3779 3679 3780 3680 
3679 3781 3780 3679 3675 3781 3675 3778 3781 
3782 3783 3784 3782 3785 3786 3784 3785 3782 
3786 3787 3788 3785 3787 3786 3788 3789 3790 
3787 3789 3788 3790 3791 3792 3789 3791 3790 
3792 3793 3794 3791 3793 3792 3794 3795 3796 
3793 3795 3794 3796 3795 3779 3796 3779 3682 
3682 3779 3678 3683 3797 3684 3683 3798 3797 
3680 3798 3683 3680 3799 3798 3680 3780 3799 
3781 3799 3780 3800 3801 3802 3800 3803 3804 
3802 3803 3800 3783 3804 3803 3783 3782 3804 
3782 3805 3804 3786 3806 3782 3806 3805 3782 
3687 3686 3806 3687 3806 3788 3788 3806 3786 
3688 3687 3788 3790 3688 3788 3690 3688 3790 
3792 3690 3790 3692 3690 3792 3794 3692 3792 
3694 3692 3794 3796 3694 3794 3682 3694 3796 
3797 3807 3808 3797 3808 3684 3684 3808 3696 
3798 3807 3797 3809 3810 3811 3809 3812 3813 
3811 3812 3809 3813 3699 3698 3813 3812 3699 
3812 3814 3699 3801 3800 3700 3801 3700 3814 
3814 3700 3699 3702 3700 3800 3804 3702 3800 
3704 3702 3804 3805 3704 3804 3706 3704 3805 
3806 3706 3805 3686 3706 3806 3710 3815 3709 
3710 3816 3815 3710 3696 3816 3696 3808 3816 
3817 3818 3819 3810 3817 3819 3809 3817 3810 
3809 3712 3817 3809 3713 3712 3714 3713 3809 
3813 3714 3809 3698 3714 3813 3815 3820 3717 
3709 3815 3717 3821 3815 3816 3820 3815 3821 
3822 3823 3824 3818 3822 3824 3817 3822 3818 
3817 3719 3822 3817 3720 3719 3712 3720 3817 
3820 3825 3723 3717 3820 3723 3826 3820 3821 
3825 3820 3826 3827 3828 3829 3823 3827 3829 
3822 3827 3823 3822 3724 3827 3822 3725 3724 
3719 3725 3822 3728 3830 3727 3728 3831 3830 
3723 3831 3728 3723 3832 3831 3723 3825 3832 
3826 3832 3825 3833 3834 3835 3833 3836 3837 
3835 3836 3833 3837 3731 3730 3837 3836 3731 
3836 3838 3731 3828 3827 3732 3828 3732 3838 
3838 3732 3731 3724 3732 3827 3830 3839 3734 
3727 3830 3734 3736 3840 3737 3736 3830 3840 
3736 3839 3830 3831 3840 3830 3738 3737 3841 
3737 3840 3841 3834 3833 3740 3834 3740 3841 
3841 3740 3738 3741 3740 3833 3837 3741 3833 
3730 3741 3837 3734 3839 3742 3736 3742 3839 
3745 3842 3744 3745 3746 3843 3842 3745 3843 
3746 3747 3844 3843 3746 3844 3747 3748 3844 
3749 3845 3750 3749 3751 3846 3845 3749 3846 
3751 3847 3846 3744 3847 3751 3744 3848 3847 
3744 3842 3848 3843 3848 3842 3849 3848 3843 
3849 3850 3851 3849 3843 3850 3843 3844 3850 
3748 3752 3852 3748 3852 3844 3844 3852 3850 
3752 3754 3852 3758 3853 3757 3758 3759 3854 
3853 3758 3854 3759 3760 3855 3854 3759 3855 
3760 3761 3856 3855 3760 3856 3761 3762 3856 
3763 3857 3764 3763 3858 3857 3750 3858 3763 
3750 3859 3858 3750 3845 3859 3846 3859 3845 
3860 3859 3846 3847 3860 3846 3850 3861 3851 
3861 3862 3863 3861 3850 3862 3850 3852 3862 
3754 3765 3864 3754 3864 3852 3852 3864 3862 
3765 3766 3865 3864 3765 3865 3766 3767 3866 
3865 3766 3866 3767 3867 3866 3757 3867 3767 
3757 3868 3867 3757 3853 3868 3854 3868 3853 
3869 3868 3854 3855 3869 3854 3870 3869 3855 
3856 3870 3855 3871 3870 3856 3871 3856 3762 
3871 3762 3872 3872 3762 3768 3769 3873 3770 
3769 3874 3873 3764 3874 3769 3764 3875 3874 
3764 3857 3875 3858 3875 3857 3862 3876 3863 
3876 3877 3878 3876 3862 3877 3862 3864 3877 
3879 3865 3880 3879 3877 3865 3877 3864 3865 
3866 3880 3865 3881 3880 3866 3867 3881 3866 
3882 3883 3884 3882 3884 3872 3882 3872 3772 
3772 3872 3768 3773 3885 3774 3773 3886 3885 
3770 3886 3773 3770 3887 3886 3770 3873 3887 
3874 3887 3873 3888 3889 3890 3891 3877 3892 
3891 3888 3877 3878 3877 3890 3890 3877 3888 
3879 3892 3877 3893 3883 3882 3894 3883 3893 
3772 3776 3893 3882 3772 3893 3777 3895 3778 
3777 3896 3895 3774 3896 3777 3774 3897 3896 
3774 3885 3897 3886 3897 3885 3898 3899 3900 
3889 3898 3900 3889 3888 3898 3888 3901 3898 
3902 3888 3891 3902 3903 3888 3903 3901 3888 
3903 3904 3905 3902 3904 3903 3905 3906 3907 
3904 3906 3905 3907 3908 3909 3906 3908 3907 
3909 3910 3911 3908 3910 3909 3911 3912 3913 
3910 3912 3911 3894 3913 3912 3894 3893 3913 
3893 3914 3913 3776 3779 3914 3893 3776 3914 
3895 3915 3781 3778 3895 3781 3916 3895 3896 
3915 3895 3916 3917 3918 3919 3899 3917 3919 
3899 3898 3917 3898 3920 3917 3901 3921 3898 
3921 3920 3898 3784 3783 3921 3784 3921 3903 
3903 3921 3901 3785 3784 3903 3905 3785 3903 
3787 3785 3905 3907 3787 3905 3789 3787 3907 
3909 3789 3907 3791 3789 3909 3911 3791 3909 
3793 3791 3911 3913 3793 3911 3795 3793 3913 
3914 3795 3913 3779 3795 3914 3799 3922 3798 
3799 3923 3922 3781 3923 3799 3781 3924 3923 
3781 3915 3924 3916 3924 3915 3925 3926 3927 
3925 3928 3929 3927 3928 3925 3918 3929 3928 
3918 3917 3929 3917 3930 3929 3802 3801 3930 
3802 3930 3920 3920 3930 3917 3803 3802 3920 
3921 3803 3920 3783 3803 3921 3807 3931 3808 
3807 3798 3922 3807 3922 3931 3931 3922 3932 
3933 3922 3923 3932 3922 3933 3934 3935 3936 
3926 3934 3936 3925 3934 3926 3925 3810 3934 
3925 3811 3810 3812 3811 3925 3929 3812 3925 
3814 3812 3929 3930 3814 3929 3801 3814 3930 
3931 3937 3816 3808 3931 3816 3932 3938 3931 
3938 3937 3931 3939 3932 3933 3938 3932 3939 
3940 3941 3942 3935 3940 3942 3934 3940 3935 
3934 3818 3940 3934 3819 3818 3810 3819 3934 
3937 3943 3821 3816 3937 3821 3938 3944 3937 
3944 3943 3937 3945 3938 3939 3944 3938 3945 
3946 3947 3948 3941 3946 3948 3940 3946 3941 
3940 3823 3946 3940 3824 3823 3818 3824 3940 
3943 3949 3826 3821 3943 3826 3950 3944 3951 
3950 3949 3944 3949 3943 3944 3945 3951 3944 
3952 3953 3954 3947 3952 3954 3946 3952 3947 
3946 3828 3952 3946 3829 3828 3823 3829 3946 
3832 3955 3831 3832 3826 3949 3832 3949 3955 
3955 3949 3956 3834 3957 3835 3834 3949 3957 
3834 3956 3949 3950 3957 3949 3836 3835 3958 
3835 3957 3958 3953 3952 3838 3953 3838 3958 
3958 3838 3836 3828 3838 3952 3831 3955 3840 
3841 3840 3955 3956 3841 3955 3834 3841 3956 
3848 3959 3847 3848 3849 3960 3959 3848 3960 
3849 3851 3960 3859 3961 3858 3859 3860 3962 
3961 3859 3962 3860 3847 3959 3860 3959 3962 
3962 3959 3963 3960 3964 3959 3964 3963 3959 
3851 3861 3965 3851 3965 3960 3960 3965 3964 
3861 3863 3965 3868 3966 3867 3868 3869 3967 
3966 3868 3967 3869 3870 3968 3967 3869 3968 
3870 3871 3969 3968 3870 3969 3871 3872 3969 
3875 3970 3874 3875 3858 3961 3875 3961 3970 
3970 3961 3971 3962 3972 3961 3972 3971 3961 
3973 3963 3974 3973 3972 3963 3972 3962 3963 
3974 3975 3976 3974 3963 3975 3963 3964 3975 
3965 3977 3964 3977 3975 3964 3863 3876 3978 
3863 3978 3965 3965 3978 3977 3876 3878 3978 
3880 3979 3879 3880 3881 3980 3979 3880 3980 
3881 3867 3966 3881 3966 3980 3980 3966 3981 
3967 3982 3966 3982 3981 3966 3968 3983 3967 
3983 3982 3967 3884 3883 3983 3884 3983 3969 
3969 3983 3968 3872 3884 3969 3887 3984 3886 
3887 3874 3970 3887 3970 3984 3984 3970 3985 
3971 3986 3970 3986 3985 3970 3987 3972 3988 
3987 3986 3972 3986 3971 3972 3973 3988 3972 
3989 3976 3975 3990 3976 3989 3977 3991 3975 
3991 3989 3975 3890 3889 3991 3890 3991 3978 
3978 3991 3977 3878 3890 3978 3892 3992 3891 
3892 3879 3979 3892 3979 3992 3992 3979 3993 
3980 3994 3979 3994 3993 3979 3981 3995 3980 
3995 3994 3980 3982 3996 3981 3996 3995 3981 
3983 3997 3982 3997 3996 3982 3883 3894 3997 
3983 3883 3997 3897 3998 3896 3897 3886 3984 
3897 3984 3998 3998 3984 3999 3985 4000 3984 
4000 3999 3984 4001 3986 4002 4001 4000 3986 
4000 3985 3986 3987 4002 3986 4003 4004 4005 
3990 4003 4005 3990 3989 4003 3989 4006 4003 
3900 3899 4006 3900 4006 3991 3991 4006 3989 
3889 3900 3991 3891 3992 3902 3904 3902 3992 
3993 3904 3992 3906 3904 3993 3994 3906 3993 
3908 3906 3994 3995 3908 3994 3910 3908 3995 
3996 3910 3995 3912 3910 3996 3997 3912 3996 
3894 3912 3997 3998 4007 3916 3896 3998 3916 
3999 4008 3998 4008 4007 3998 4009 4000 4010 
4009 4008 4000 4008 3999 4000 4001 4010 4000 
4011 4012 4013 4004 4011 4013 4004 4003 4011 
4003 4014 4011 3919 3918 4014 3919 4014 4006 
4006 4014 4003 3899 3919 4006 3924 4015 3923 
3924 3916 4007 3924 4007 4015 4015 4007 4016 
4017 4008 4018 4017 4016 4008 4016 4007 4008 
4009 4018 4008 4019 4020 4021 4012 4019 4021 
4011 4019 4012 4011 3926 4019 4011 3927 3926 
3928 3927 4011 4014 3928 4011 3918 3928 4014 
4015 4022 3933 3923 4015 3933 4016 4023 4015 
4023 4022 4015 4024 4016 4017 4023 4016 4024 
4025 4026 4027 4020 4025 4027 4019 4025 4020 
4019 3935 4025 4019 3936 3935 3926 3936 4019 
4022 4028 3939 3933 4022 3939 4023 4029 4022 
4029 4028 4022 4030 4023 4024 4029 4023 4030 
3942 4026 4025 3942 3941 4026 3941 4031 4026 
3935 3942 4025 4028 4032 3945 3939 4028 3945 
4029 4033 4028 4033 4032 4028 3947 4034 3948 
3947 4029 4034 3947 4033 4029 4030 4034 4029 
4031 3941 3948 4034 4031 3948 3951 4035 3950 
3951 3945 4032 3951 4032 4035 4035 4032 4036 
3954 3953 4036 3954 4036 4033 4033 4036 4032 
3947 3954 4033 3950 4035 3957 3958 3957 4035 
4036 3958 4035 3953 3958 4036 3974 4037 3973 
3974 3976 4037 3988 4038 3987 3988 3973 4037 
3988 4037 4038 4038 4037 4039 3976 3990 4039 
4037 3976 4039 4002 4040 4001 4002 3987 4038 
4002 4038 4040 4040 4038 4041 4005 4004 4041 
4005 4041 4039 4039 4041 4038 3990 4005 4039 
4010 4042 4009 4010 4001 4040 4010 4040 4042 
4042 4040 4043 4013 4012 4043 4013 4043 4041 
4041 4043 4040 4004 4013 4041 4018 4044 4017 
4018 4009 4042 4018 4042 4044 4044 4042 4045 
4021 4020 4045 4021 4045 4043 4043 4045 4042 
4012 4021 4043 4044 4046 4024 4017 4044 4024 
4027 4026 4046 4027 4046 4045 4045 4046 4044 
4020 4027 4045 4046 4047 4030 4024 4046 4030 
4026 4031 4047 4046 4026 4047 4030 4047 4034 
4031 4034 4047 
CELL_DATA 8092
SCALARS Scalars float
LOOKUP_TABLE default
1 1 1 1 1 1 1 1 1 
1 1 1 1 1 1 1 1 1 
1 1 1 1 1 1 1 1 1 
1 1 1 1 1 1 1 1 1 
1 1 1 1 1 1 1 1 1 
1 1 1 1 1 1 1 1 1 
1 1 1 1 1 1 1 1 1 
1 1 1 1 1 1 1 1 1 
1 1 1 1 1 1 1 1 1 
1 1 1 1 1 1 1 1 1 
1 1 1 1 1 1 1 1 1 
1 1 1 1 1 1 1 1 1 
1 1 1 1 1 1 1 1 1 
1 1 1 1 1 1 1 1 1 
1 1 1 1 1 1 1 1 1 
1 1 1 1 1 1 1 1 1 
1 1 1 1 1 1 1 1 1 
1 1 1 1 1 1 1 1 1 
1 1 1 1 1 1 1 1 1 
1 1 1 1 1 1 1 1 1 
1 1 1 1 1 1 1 1 1 
1 1 1 1 1 1 1 1 1 
1 1 1 1 1 1 1 1 1 
1 1 1 1 1 1 1 1 1 
1 1 1 1 1 1 1 1 1 
1 1 1 1 1 1 1 1 1 
1 1 1 1 1 1 1 1 1 
1 1 1 1 1 1 1 1 1 
1 1 1 1 1 1 1 1 1 
1 1 1 1 1 1 1 1 1 
1 1 1 1 1 1 1 1 1 
1 1 1 1 1 1 1 1 1 
1 1 1 1 1 1 1 1 1 
1 1 1 1 1 1 1 1 1 
1 1 1 1 1 1 1 1 1 
1 1 1 1 1 1 1 1 1 
1 1 1 1 1 1 1 1 1 
1 1 1 1 1 1 1 1 1 
1 1 1 1 1 1 1 1 1 
1 1 1 1 1 1 1 1 1 
1 1 1 1 1 1 1 1 1 
1 1 1 1 1 1 1 1 1 
1 1 1 1 1 1 1 1 1 
1 1 1 1 1 1 1 1 1 
1 1 1 1 1 1 1 1 1 
1 1 1 1 1 1 1 1 1 
1 1 1 1 1 1 1 1 1 
1 1 1 1 1 1 1 1 1 
1 1 1 1 1 1 1 1 1 
1 1 1 1 1 1 1 1 1 
1 1 1 1 1 1 1 1 1 
1 1 1 1 1 1 1 1 1 
1 1 1 1 1 1 1 1 1 
1 1 1 1 1 1 1 1 1 
1 1 1 1 1 1 1 1 1 
1 1 1 1 1 1 1 1 1 
1 1 1 1 1 1 1 1 1 
1 1 1 1 1 1 1 1 1 
1 1 1 1 1 1 1 1 1 
1 1 1 1 1 1 1 1 1 
1 1 1 1 1 1 1 1 1 
1 1 1 1 1 1 1 1 1 
1 1 1 1 1 1 1 1 1 
1 1 1 1 1 1 1 1 1 
1 1 1 1 1 1 1 1 1 
1 1 1 1 1 1 1 1 1 
1 1 1 1 1 1 1 1 1 
1 1 1 1 1 1 1 1 1 
1 1 1 1 1 1 1 1 1 
1 1 1 1 1 1 1 1 1 
1 1 1 1 1 1 1 1 1 
1 1 1 1 1 1 1 1 1 
1 1 1 1 1 1 1 1 1 
1 1 1 1 1 1 1 1 1 
1 1 1 1 1 1 1 1 1 
1 1 1 1 1 1 1 1 1 
1 1 1 1 1 1 1 1 1 
1 1 1 1 1 1 1 1 1 
1 1 1 1 1 1 1 1 1 
1 1 1 1 1 1 1 1 1 
1 1 1 1 1 1 1 1 1 
1 1 1 1 1 1 1 1 1 
1 1 1 1 1 1 1 1 1 
1 1 1 1 1 1 1 1 1 
1 1 1 1 1 1 1 1 1 
1 1 1 1 1 1 1 1 1 
1 1 1 1 1 1 1 1 1 
1 1 1 1 1 1 1 1 1 
1 1 1 1 1 1 1 1 1 
1 1 1 1 1 1 1 1 1 
1 1 1 1 1 1 1 1 1 
1 1 1 1 1 1 1 1 1 
1 1 1 1 1 1 1 1 1 
1 1 1 1 1 1 1 1 1 
1 1 1 1 1 1 1 1 1 
1 1 1 1 1 1 1 1 1 
1 1 1 1 1 1 1 1 1 
1 1 1 1 1 1 1 1 1 
1 1 1 1 1 1 1 1 1 
1 1 1 1 1 1 1 1 1 
1 1 1 1 1 1 1 1 1 
1 1 1 1 1 1 1 1 1 
1 1 1 1 1 1 1 1 1 
1 1 1 1 1 1 1 1 1 
1 1 1 1 1 1 1 1 1 
1 1 1 1 1 1 1 1 1 
1 1 1 1 1 1 1 1 1 
1 1 1 1 1 1 1 1 1 
1 1 1 1 1 1 1 1 1 
1 1 1 1 1 1 1 1 1 
1 1 1 1 1 1 1 1 1 
1 1 1 1 1 1 1 1 1 
1 1 1 1 1 1 1 1 1 
1 1 1 1 1 1 1 1 1 
1 1 1 1 1 1 1 1 1 
1 1 1 1 1 1 1 1 1 
1 1 1 1 1 1 1 1 1 
1 1 1 1 1 1 1 1 1 
1 1 1 1 1 1 1 1 1 
1 1 1 1 1 1 1 1 1 
1 1 1 1 1 1 1 1 1 
1 1 1 1 1 1 1 1 1 
1 1 1 1 1 1 1 1 1 
1 1 1 1 1 1 1 1 1 
1 1 1 1 1 1 1 1 1 
1 1 1 1 1 1 1 1 1 
1 1 1 1 1 1 1 1 1 
1 1 1 1 1 1 1 1 1 
1 1 1 1 1 1 1 1 1 
1 1 1 1 1 1 1 1 1 
1 1 1 1 1 1 1 1 1 
1 1 1 1 1 1 1 1 1 
1 1 1 1 1 1 1 1 1 
1 1 1 1 1 1 1 1 1 
1 1 1 1 1 1 1 1 1 
1 1 1 1 1 1 1 1 1 
1 1 1 1 1 1 1 1 1 
1 1 1 1 1 1 1 1 1 
1 1 1 1 1 1 1 1 1 
1 1 1 1 1 1 1 1 1 
1 1 1 1 1 1 1 1 1 
1 1 1 1 1 1 1 1 1 
1 1 1 1 1 1 1 1 1 
1 1 1 1 1 1 1 1 1 
1 1 1 1 1 1 1 1 1 
1 1 1 1 1 1 1 1 1 
1 1 1 1 1 1 1 1 1 
1 1 1 1 1 1 1 1 1 
1 1 1 1 1 1 1 1 1 
1 1 1 1 1 1 1 1 1 
1 1 1 1 1 1 1 1 1 
1 1 1 1 1 1 1 1 1 
1 1 1 1 1 1 1 1 1 
1 1 1 1 1 1 1 1 1 
1 1 1 1 1 1 1 1 1 
1 1 1 1 1 1 1 1 1 
1 1 1 1 1 1 1 1 1 
1 1 1 1 1 1 1 1 1 
1 1 1 1 1 1 1 1 1 
1 1 1 1 1 1 1 1 1 
1 1 1 1 1 1 1 1 1 
1 1 1 1 1 1 1 1 1 
1 1 1 1 1 1 1 1 1 
1 1 1 1 1 1 1 1 1 
1 1 1 1 1 1 1 1 1 
1 1 1 1 1 1 1 1 1 
1 1 1 1 1 1 1 1 1 
1 1 1 1 1 1 1 1 1 
1 1 1 1 1 1 1 1 1 
1 1 1 1 1 1 1 1 1 
1 1 1 1 1 1 1 1 1 
1 1 1 1 1 1 1 1 1 
1 1 1 1 1 1 1 1 1 
1 1 1 1 1 1 1 1 1 
1 1 1 1 1 1 1 1 1 
1 1 1 1 1 1 1 1 1 
1 1 1 1 1 1 1 1 1 
1 1 1 1 1 1 1 1 1 
1 1 1 1 1 1 1 1 1 
1 1 1 1 1 1 1 1 1 
1 1 1 1 1 1 1 1 1 
1 1 1 1 1 1 1 1 1 
1 1 1 1 1 1 1 1 1 
1 1 1 1 1 1 1 1 1 
1 1 1 1 1 1 1 1 1 
1 1 1 1 1 1 1 1 1 
1 1 1 1 1 1 1 1 1 
1 1 1 1 1 1 1 1 1 
1 1 1 1 1 1 1 1 1 
1 1 1 1 1 1 1 1 1 
1 1 1 1 1 1 1 1 1 
1 1 1 1 1 1 1 1 1 
1 1 1 1 1 1 1 1 1 
1 1 1 1 1 1 1 1 1 
1 1 1 1 1 1 1 1 1 
1 1 1 1 1 1 1 1 1 
1 1 1 1 1 1 1 1 1 
1 1 1 1 1 1 1 1 1 
1 1 1 1 1 1 1 1 1 
1 1 1 1 1 1 1 1 1 
1 1 1 1 1 1 1 1 1 
1 1 1 1 1 1 1 1 1 
1 1 1 1 1 1 1 1 1 
1 1 1 1 1 1 1 1 1 
1 1 1 1 1 1 1 1 1 
1 1 1 1 1 1 1 1 1 
1 1 1 1 1 1 1 1 1 
1 1 1 1 1 1 1 1 1 
1 1 1 1 1 1 1 1 1 
1 1 1 1 1 1 1 1 1 
1 1 1 1 1 1 1 1 1 
1 1 1 1 1 1 1 1 1 
1 1 1 1 1 1 1 1 1 
1 1 1 1 1 1 1 1 1 
1 1 1 1 1 1 1 1 1 
1 1 1 1 1 1 1 1 1 
1 1 1 1 1 1 1 1 1 
1 1 1 1 1 1 1 1 1 
1 1 1 1 1 1 1 1 1 
1 1 1 1 1 1 1 1 1 
1 1 1 1 1 1 1 1 1 
1 1 1 1 1 1 1 1 1 
1 1 1 1 1 1 1 1 1 
1 1 1 1 1 1 1 1 1 
1 1 1 1 1 1 1 1 1 
1 1 1 1 1 1 1 1 1 
1 1 1 1 1 1 1 1 1 
1 1 1 1 1 1 1 1 1 
1 1 1 1 1 1 1 1 1 
1 1 1 1 1 1 1 1 1 
1 1 1 1 1 1 1 1 1 
1 1 1 1 1 1 1 1 1 
1 1 1 1 1 1 1 1 1 
1 1 1 1 1 1 1 1 1 
1 1 1 1 1 1 1 1 1 
1 1 1 1 1 1 1 1 1 
1 1 1 1 1 1 1 1 1 
1 1 1 1 1 1 1 1 1 
1 1 1 1 1 1 1 1 1 
1 1 1 1 1 1 1 1 1 
1 1 1 1 1 1 1 1 1 
1 1 1 1 1 1 1 1 1 
1 1 1 1 1 1 1 1 1 
1 1 1 1 1 1 1 1 1 
1 1 1 1 1 1 1 1 1 
1 1 1 1 1 1 1 1 1 
1 1 1 1 1 1 1 1 1 
1 1 1 1 1 1 1 1 1 
1 1 1 1 1 1 1 1 1 
1 1 1 1 1 1 1 1 1 
1 1 1 1 1 1 1 1 1 
1 1 1 1 1 1 1 1 1 
1 1 1 1 1 1 1 1 1 
1 1 1 1 1 1 1 1 1 
1 1 1 1 1 1 1 1 1 
1 1 1 1 1 1 1 1 1 
1 1 1 1 1 1 1 1 1 
1 1 1 1 1 1 1 1 1 
1 1 1 1 1 1 1 1 1 
1 1 1 1 1 1 1 1 1 
1 1 1 1 1 1 1 1 1 
1 1 1 1 1 1 1 1 1 
1 1 1 1 1 1 1 1 1 
1 1 1 1 1 1 1 1 1 
1 1 1 1 1 1 1 1 1 
1 1 1 1 1 1 1 1 1 
1 1 1 1 1 1 1 1 1 
1 1 1 1 1 1 1 1 1 
1 1 1 1 1 1 1 1 1 
1 1 1 1 1 1 1 1 1 
1 1 1 1 1 1 1 1 1 
1 1 1 1 1 1 1 1 1 
1 1 1 1 1 1 1 1 1 
1 1 1 1 1 1 1 1 1 
1 1 1 1 1 1 1 1 1 
1 1 1 1 1 1 1 1 1 
1 1 1 1 1 1 1 1 1 
1 1 1 1 1 1 1 1 1 
1 1 1 1 1 1 1 1 1 
1 1 1 1 1 1 1 1 1 
1 1 1 1 1 1 1 1 1 
1 1 1 1 1 1 1 1 1 
1 1 1 1 1 1 1 1 1 
1 1 1 1 1 1 1 1 1 
1 1 1 1 1 1 1 1 1 
1 1 1 1 1 1 1 1 1 
1 1 1 1 1 1 1 1 1 
1 1 1 1 1 1 1 1 1 
1 1 1 1 1 1 1 1 1 
1 1 1 1 1 1 1 1 1 
1 1 1 1 1 1 1 1 1 
1 1 1 1 1 1 1 1 1 
1 1 1 1 1 1 1 1 1 
1 1 1 1 1 1 1 1 1 
1 1 1 1 1 1 1 1 1 
1 1 1 1 1 1 1 1 1 
1 1 1 1 1 1 1 1 1 
1 1 1 1 1 1 1 1 1 
1 1 1 1 1 1 1 1 1 
1 1 1 1 1 1 1 1 1 
1 1 1 1 1 1 1 1 1 
1 1 1 1 1 1 1 1 1 
1 1 1 1 1 1 1 1 1 
1 1 1 1 1 1 1 1 1 
1 1 1 1 1 1 1 1 1 
1 1 1 1 1 1 1 1 1 
1 1 1 1 1 1 1 1 1 
1 1 1 1 1 1 1 1 1 
1 1 1 1 1 1 1 1 1 
1 1 1 1 1 1 1 1 1 
1 1 1 1 1 1 1 1 1 
1 1 1 1 1 1 1 1 1 
1 1 1 1 1 1 1 1 1 
1 1 1 1 1 1 1 1 1 
1 1 1 1 1 1 1 1 1 
1 1 1 1 1 1 1 1 1 
1 1 1 1 1 1 1 1 1 
1 1 1 1 1 1 1 1 1 
1 1 1 1 1 1 1 1 1 
1 1 1 1 1 1 1 1 1 
1 1 1 1 1 1 1 1 1 
1 1 1 1 1 1 1 1 1 
1 1 1 1 1 1 1 1 1 
1 1 1 1 1 1 1 1 1 
1 1 1 1 1 1 1 1 1 
1 1 1 1 1 1 1 1 1 
1 1 1 1 1 1 1 1 1 
1 1 1 1 1 1 1 1 1 
1 1 1 1 1 1 1 1 1 
1 1 1 1 1 1 1 1 1 
1 1 1 1 1 1 1 1 1 
1 1 1 1 1 1 1 1 1 
1 1 1 1 1 1 1 1 1 
1 1 1 1 1 1 1 1 1 
1 1 1 1 1 1 1 1 1 
1 1 1 1 1 1 1 1 1 
1 1 1 1 1 1 1 1 1 
1 1 1 1 1 1 1 1 1 
1 1 1 1 1 1 1 1 1 
1 1 1 1 1 1 1 1 1 
1 1 1 1 1 1 1 1 1 
1 1 1 1 1 1 1 1 1 
1 1 1 1 1 1 1 1 1 
1 1 1 1 1 1 1 1 1 
1 1 1 1 1 1 1 1 1 
1 1 1 1 1 1 1 1 1 
1 1 1 1 1 1 1 1 1 
1 1 1 1 1 1 1 1 1 
1 1 1 1 1 1 1 1 1 
1 1 1 1 1 1 1 1 1 
1 1 1 1 1 1 1 1 1 
1 1 1 1 1 1 1 1 1 
1 1 1 1 1 1 1 1 1 
1 1 1 1 1 1 1 1 1 
1 1 1 1 1 1 1 1 1 
1 1 1 1 1 1 1 1 1 
1 1 1 1 1 1 1 1 1 
1 1 1 1 1 1 1 1 1 
1 1 1 1 1 1 1 1 1 
1 1 1 1 1 1 1 1 1 
1 1 1 1 1 1 1 1 1 
1 1 1 1 1 1 1 1 1 
1 1 1 1 1 1 1 1 1 
1 1 1 1 1 1 1 1 1 
1 1 1 1 1 1 1 1 1 
1 1 1 1 1 1 1 1 1 
1 1 1 1 1 1 1 1 1 
1 1 1 1 1 1 1 1 1 
1 1 1 1 1 1 1 1 1 
1 1 1 1 1 1 1 1 1 
1 1 1 1 1 1 1 1 1 
1 1 1 1 1 1 1 1 1 
1 1 1 1 1 1 1 1 1 
1 1 1 1 1 1 1 1 1 
1 1 1 1 1 1 1 1 1 
1 1 1 1 1 1 1 1 1 
1 1 1 1 1 1 1 1 1 
1 1 1 1 1 1 1 1 1 
1 1 1 1 1 1 1 1 1 
1 1 1 1 1 1 1 1 1 
1 1 1 1 1 1 1 1 1 
1 1 1 1 1 1 1 1 1 
1 1 1 1 1 1 1 1 1 
1 1 1 1 1 1 1 1 1 
1 1 1 1 1 1 1 1 1 
1 1 1 1 1 1 1 1 1 
1 1 1 1 1 1 1 1 1 
1 1 1 1 1 1 1 1 1 
1 1 1 1 1 1 1 1 1 
1 1 1 1 1 1 1 1 1 
1 1 1 1 1 1 1 1 1 
1 1 1 1 1 1 1 1 1 
1 1 1 1 1 1 1 1 1 
1 1 1 1 1 1 1 1 1 
1 1 1 1 1 1 1 1 1 
1 1 1 1 1 1 1 1 1 
1 1 1 1 1 1 1 1 1 
1 1 1 1 1 1 1 1 1 
1 1 1 1 1 1 1 1 1 
1 1 1 1 1 1 1 1 1 
1 1 1 1 1 1 1 1 1 
1 1 1 1 1 1 1 1 1 
1 1 1 1 1 1 1 1 1 
1 1 1 1 1 1 1 1 1 
1 1 1 1 1 1 1 1 1 
1 1 1 1 1 1 1 1 1 
1 1 1 1 1 1 1 1 1 
1 1 1 1 1 1 1 1 1 
1 1 1 1 1 1 1 1 1 
1 1 1 1 1 1 1 1 1 
1 1 1 1 1 1 1 1 1 
1 1 1 1 1 1 1 1 1 
1 1 1 1 1 1 1 1 1 
1 1 1 1 1 1 1 1 1 
1 1 1 1 1 1 1 1 1 
1 1 1 1 1 1 1 1 1 
1 1 1 1 1 1 1 1 1 
1 1 1 1 1 1 1 1 1 
1 1 1 1 1 1 1 1 1 
1 1 1 1 1 1 1 1 1 
1 1 1 1 1 1 1 1 1 
1 1 1 1 1 1 1 1 1 
1 1 1 1 1 1 1 1 1 
1 1 1 1 1 1 1 1 1 
1 1 1 1 1 1 1 1 1 
1 1 1 1 1 1 1 1 1 
1 1 1 1 1 1 1 1 1 
1 1 1 1 1 1 1 1 1 
1 1 1 1 1 1 1 1 1 
1 1 1 1 1 1 1 1 1 
1 1 1 1 1 1 1 1 1 
1 1 1 1 1 1 1 1 1 
1 1 1 1 1 1 1 1 1 
1 1 1 1 1 1 1 1 1 
1 1 1 1 1 1 1 1 1 
1 1 1 1 1 1 1 1 1 
1 1 1 1 1 1 1 1 1 
1 1 1 1 1 1 1 1 1 
1 1 1 1 1 1 1 1 1 
1 1 1 1 1 1 1 1 1 
1 1 1 1 1 1 1 1 1 
1 1 1 1 1 1 1 1 1 
1 1 1 1 1 1 1 1 1 
1 1 1 1 1 1 1 1 1 
1 1 1 1 1 1 1 1 1 
1 1 1 1 1 1 1 1 1 
1 1 1 1 1 1 1 1 1 
1 1 1 1 1 1 1 1 1 
1 1 1 1 1 1 1 1 1 
1 1 1 1 1 1 1 1 1 
1 1 1 1 1 1 1 1 1 
1 1 1 1 1 1 1 1 1 
1 1 1 1 1 1 1 1 1 
1 1 1 1 1 1 1 1 1 
1 1 1 1 1 1 1 1 1 
1 1 1 1 1 1 1 1 1 
1 1 1 1 1 1 1 1 1 
1 1 1 1 1 1 1 1 1 
1 1 1 1 1 1 1 1 1 
1 1 1 1 1 1 1 1 1 
1 1 1 1 1 1 1 1 1 
1 1 1 1 1 1 1 1 1 
1 1 1 1 1 1 1 1 1 
1 1 1 1 1 1 1 1 1 
1 1 1 1 1 1 1 1 1 
1 1 1 1 1 1 1 1 1 
1 1 1 1 1 1 1 1 1 
1 1 1 1 1 1 1 1 1 
1 1 1 1 1 1 1 1 1 
1 1 1 1 1 1 1 1 1 
1 1 1 1 1 1 1 1 1 
1 1 1 1 1 1 1 1 1 
1 1 1 1 1 1 1 1 1 
1 1 1 1 1 1 1 1 1 
1 1 1 1 1 1 1 1 1 
1 1 1 1 1 1 1 1 1 
1 1 1 1 1 1 1 1 1 
1 1 1 1 1 1 1 1 1 
1 1 1 1 1 1 1 1 1 
1 1 1 1 1 1 1 1 1 
1 1 1 1 1 1 1 1 1 
1 1 1 1 1 1 1 1 1 
1 1 1 1 1 1 1 1 1 
1 1 1 1 1 1 1 1 1 
1 1 1 1 1 1 1 1 1 
1 1 1 1 1 1 1 1 1 
1 1 1 1 1 1 1 1 1 
1 1 1 1 1 1 1 1 1 
1 1 1 1 1 1 1 1 1 
1 1 1 1 1 1 1 1 1 
1 1 1 1 1 1 1 1 1 
1 1 1 1 1 1 1 1 1 
1 1 1 1 1 1 1 1 1 
1 1 1 1 1 1 1 1 1 
1 1 1 1 1 1 1 1 1 
1 1 1 1 1 1 1 1 1 
1 1 1 1 1 1 1 1 1 
1 1 1 1 1 1 1 1 1 
1 1 1 1 1 1 1 1 1 
1 1 1 1 1 1 1 1 1 
1 1 1 1 1 1 1 1 1 
1 1 1 1 1 1 1 1 1 
1 1 1 1 1 1 1 1 1 
1 1 1 1 1 1 1 1 1 
1 1 1 1 1 1 1 1 1 
1 1 1 1 1 1 1 1 1 
1 1 1 1 1 1 1 1 1 
1 1 1 1 1 1 1 1 1 
1 1 1 1 1 1 1 1 1 
1 1 1 1 1 1 1 1 1 
1 1 1 1 1 1 1 1 1 
1 1 1 1 1 1 1 1 1 
1 1 1 1 1 1 1 1 1 
1 1 1 1 1 1 1 1 1 
1 1 1 1 1 1 1 1 1 
1 1 1 1 1 1 1 1 1 
1 1 1 1 1 1 1 1 1 
1 1 1 1 1 1 1 1 1 
1 1 1 1 1 1 1 1 1 
1 1 1 1 1 1 1 1 1 
1 1 1 1 1 1 1 1 1 
1 1 1 1 1 1 1 1 1 
1 1 1 1 1 1 1 1 1 
1 1 1 1 1 1 1 1 1 
1 1 1 1 1 1 1 1 1 
1 1 1 1 1 1 1 1 1 
1 1 1 1 1 1 1 1 1 
1 1 1 1 1 1 1 1 1 
1 1 1 1 1 1 1 1 1 
1 1 1 1 1 1 1 1 1 
1 1 1 1 1 1 1 1 1 
1 1 1 1 1 1 1 1 1 
1 1 1 1 1 1 1 1 1 
1 1 1 1 1 1 1 1 1 
1 1 1 1 1 1 1 1 1 
1 1 1 1 1 1 1 1 1 
1 1 1 1 1 1 1 1 1 
1 1 1 1 1 1 1 1 1 
1 1 1 1 1 1 1 1 1 
1 1 1 1 1 1 1 1 1 
1 1 1 1 1 1 1 1 1 
1 1 1 1 1 1 1 1 1 
1 1 1 1 1 1 1 1 1 
1 1 1 1 1 1 1 1 1 
1 1 1 1 1 1 1 1 1 
1 1 1 1 1 1 1 1 1 
1 1 1 1 1 1 1 1 1 
1 1 1 1 1 1 1 1 1 
1 1 1 1 1 1 1 1 1 
1 1 1 1 1 1 1 1 1 
1 1 1 1 1 1 1 1 1 
1 1 1 1 1 1 1 1 1 
1 1 1 1 1 1 1 1 1 
1 1 1 1 1 1 1 1 1 
1 1 1 1 1 1 1 1 1 
1 1 1 1 1 1 1 1 1 
1 1 1 1 1 1 1 1 1 
1 1 1 1 1 1 1 1 1 
1 1 1 1 1 1 1 1 1 
1 1 1 1 1 1 1 1 1 
1 1 1 1 1 1 1 1 1 
1 1 1 1 1 1 1 1 1 
1 1 1 1 1 1 1 1 1 
1 1 1 1 1 1 1 1 1 
1 1 1 1 1 1 1 1 1 
1 1 1 1 1 1 1 1 1 
1 1 1 1 1 1 1 1 1 
1 1 1 1 1 1 1 1 1 
1 1 1 1 1 1 1 1 1 
1 1 1 1 1 1 1 1 1 
1 1 1 1 1 1 1 1 1 
1 1 1 1 1 1 1 1 1 
1 1 1 1 1 1 1 1 1 
1 1 1 1 1 1 1 1 1 
1 1 1 1 1 1 1 1 1 
1 1 1 1 1 1 1 1 1 
1 1 1 1 1 1 1 1 1 
1 1 1 1 1 1 1 1 1 
1 1 1 1 1 1 1 1 1 
1 1 1 1 1 1 1 1 1 
1 1 1 1 1 1 1 1 1 
1 1 1 1 1 1 1 1 1 
1 1 1 1 1 1 1 1 1 
1 1 1 1 1 1 1 1 1 
1 1 1 1 1 1 1 1 1 
1 1 1 1 1 1 1 1 1 
1 1 1 1 1 1 1 1 1 
1 1 1 1 1 1 1 1 1 
1 1 1 1 1 1 1 1 1 
1 1 1 1 1 1 1 1 1 
1 1 1 1 1 1 1 1 1 
1 1 1 1 1 1 1 1 1 
1 1 1 1 1 1 1 1 1 
1 1 1 1 1 1 1 1 1 
1 1 1 1 1 1 1 1 1 
1 1 1 1 1 1 1 1 1 
1 1 1 1 1 1 1 1 1 
1 1 1 1 1 1 1 1 1 
1 1 1 1 1 1 1 1 1 
1 1 1 1 1 1 1 1 1 
1 1 1 1 1 1 1 1 1 
1 1 1 1 1 1 1 1 1 
1 1 1 1 1 1 1 1 1 
1 1 1 1 1 1 1 1 1 
1 1 1 1 1 1 1 1 1 
1 1 1 1 1 1 1 1 1 
1 1 1 1 1 1 1 1 1 
1 1 1 1 1 1 1 1 1 
1 1 1 1 1 1 1 1 1 
1 1 1 1 1 1 1 1 1 
1 1 1 1 1 1 1 1 1 
1 1 1 1 1 1 1 1 1 
1 1 1 1 1 1 1 1 1 
1 1 1 1 1 1 1 1 1 
1 1 1 1 1 1 1 1 1 
1 1 1 1 1 1 1 1 1 
1 1 1 1 1 1 1 1 1 
1 1 1 1 1 1 1 1 1 
1 1 1 1 1 1 1 1 1 
1 1 1 1 1 1 1 1 1 
1 1 1 1 1 1 1 1 1 
1 1 1 1 1 1 1 1 1 
1 1 1 1 1 1 1 1 1 
1 1 1 1 1 1 1 1 1 
1 1 1 1 1 1 1 1 1 
1 1 1 1 1 1 1 1 1 
1 1 1 1 1 1 1 1 1 
1 1 1 1 1 1 1 1 1 
1 1 1 1 1 1 1 1 1 
1 1 1 1 1 1 1 1 1 
1 1 1 1 1 1 1 1 1 
1 1 1 1 1 1 1 1 1 
1 1 1 1 1 1 1 1 1 
1 1 1 1 1 1 1 1 1 
1 1 1 1 1 1 1 1 1 
1 1 1 1 1 1 1 1 1 
1 1 1 1 1 1 1 1 1 
1 1 1 1 1 1 1 1 1 
1 1 1 1 1 1 1 1 1 
1 1 1 1 1 1 1 1 1 
1 1 1 1 1 1 1 1 1 
1 1 1 1 1 1 1 1 1 
1 1 1 1 1 1 1 1 1 
1 1 1 1 1 1 1 1 1 
1 1 1 1 1 1 1 1 1 
1 1 1 1 1 1 1 1 1 
1 1 1 1 1 1 1 1 1 
1 1 1 1 1 1 1 1 1 
1 1 1 1 1 1 1 1 1 
1 1 1 1 1 1 1 1 1 
1 1 1 1 1 1 1 1 1 
1 1 1 1 1 1 1 1 1 
1 1 1 1 1 1 1 1 1 
1 1 1 1 1 1 1 1 1 
1 1 1 1 1 1 1 1 1 
1 1 1 1 1 1 1 1 1 
1 1 1 1 1 1 1 1 1 
1 1 1 1 1 1 1 1 1 
1 1 1 1 1 1 1 1 1 
1 1 1 1 1 1 1 1 1 
1 1 1 1 1 1 1 1 1 
1 1 1 1 1 1 1 1 1 
1 1 1 1 1 1 1 1 1 
1 1 1 1 1 1 1 1 1 
1 1 1 1 1 1 1 1 1 
1 1 1 1 1 1 1 1 1 
1 1 1 1 1 1 1 1 1 
1 1 1 1 1 1 1 1 1 
1 1 1 1 1 1 1 1 1 
1 1 1 1 1 1 1 1 1 
1 1 1 1 1 1 1 1 1 
1 1 1 1 1 1 1 1 1 
1 1 1 1 1 1 1 1 1 
1 1 1 1 1 1 1 1 1 
1 1 1 1 1 1 1 1 1 
1 1 1 1 1 1 1 1 1 
1 1 1 1 1 1 1 1 1 
1 1 1 1 1 1 1 1 1 
1 1 1 1 1 1 1 1 1 
1 1 1 1 1 1 1 1 1 
1 1 1 1 1 1 1 1 1 
1 1 1 1 1 1 1 1 1 
1 1 1 1 1 1 1 1 1 
1 1 1 1 1 1 1 1 1 
1 1 1 1 1 1 1 1 1 
1 1 1 1 1 1 1 1 1 
1 1 1 1 1 1 1 1 1 
1 1 1 1 1 1 1 1 1 
1 1 1 1 1 1 1 1 1 
1 1 1 1 1 1 1 1 1 
1 1 1 1 1 1 1 1 1 
1 1 1 1 1 1 1 1 1 
1 1 1 1 1 1 1 1 1 
1 1 1 1 1 1 1 1 1 
1 1 1 1 1 1 1 1 1 
1 1 1 1 1 1 1 1 1 
1 1 1 1 1 1 1 1 1 
1 1 1 1 1 1 1 1 1 
1 1 1 1 1 1 1 1 1 
1 1 1 1 1 1 1 1 1 
1 1 1 1 1 1 1 1 1 
1 1 1 1 1 1 1 1 1 
1 1 1 1 1 1 1 1 1 
1 1 1 1 1 1 1 1 1 
1 1 1 1 1 1 1 1 1 
1 1 1 1 1 1 1 1 1 
1 1 1 1 1 1 1 1 1 
1 1 1 1 1 1 1 1 1 
1 1 1 1 1 1 1 1 1 
1 1 1 1 1 1 1 1 1 
1 1 1 1 1 1 1 1 1 
1 1 1 1 1 1 1 1 1 
1 1 1 1 1 1 1 1 1 
1 1 1 1 1 1 1 1 1 
1 1 1 1 1 1 1 1 1 
1 1 1 1 1 1 1 1 1 
1 1 1 1 1 1 1 1 1 
1 1 1 1 1 1 1 1 1 
1 1 1 1 1 1 1 1 1 
1 1 1 1 1 1 1 1 1 
1 1 1 1 1 1 1 1 1 
1 1 1 1 1 1 1 1 1 
1 1 1 1 1 1 1 1 1 
1 1 1 1 1 1 1 1 1 
1 1 1 1 1 1 1 1 1 
1 1 1 1 1 1 1 1 1 
1 1 1 1 1 1 1 1 1 
1 1 1 1 1 1 1 1 1 
1 1 1 1 1 1 1 1 1 
1 1 1 1 1 1 1 1 1 
1 1 1 1 1 1 1 1 1 
1 1 1 1 1 1 1 1 1 
1 1 1 1 1 1 1 1 1 
1 1 1 1 1 1 1 1 1 
1 1 1 1 1 1 1 1 1 
1 1 1 1 1 1 1 1 1 
1 1 1 1 1 1 1 1 1 
1 1 1 1 1 1 1 1 1 
1 1 1 1 1 1 1 1 1 
1 1 1 1 1 1 1 1 1 
1 1 1 1 1 1 1 1 1 
1 1 1 1 1 1 1 1 1 
1 1 1 1 1 1 1 1 1 
1 1 1 1 1 1 1 1 1 
1 1 1 1 1 1 1 1 1 
1 1 1 1 1 1 1 1 1 
1 1 1 1 1 1 1 1 1 
1 1 1 1 1 1 1 1 1 
1 1 1 1 1 1 1 1 1 
1 1 1 1 1 1 1 1 1 
1 1 1 1 1 1 1 1 1 
1 1 1 1 1 1 1 1 1 
1 1 1 1 1 1 1 1 1 
1 1 1 1 1 1 1 1 1 
1 1 1 1 1 1 1 1 1 
1 1 1 1 1 1 1 1 1 
1 1 1 1 1 1 1 1 1 
1 1 1 1 1 1 1 1 1 
1 1 1 1 1 1 1 1 1 
1 1 1 1 1 1 1 1 1 
1 1 1 1 1 1 1 1 1 
1 1 1 1 1 1 1 1 1 
1 1 1 1 1 1 1 1 1 
1 1 1 1 1 1 1 1 1 
1 1 1 1 1 1 1 1 1 
1 1 1 1 1 1 1 1 1 
1 1 1 1 1 1 1 1 1 
1 1 1 1 1 1 1 1 1 
1 1 1 1 1 1 1 1 1 
1 1 1 1 1 1 1 1 1 
1 1 1 1 1 1 1 1 1 
1 1 1 1 1 1 1 1 1 
1 1 1 1 1 1 1 1 1 
1 1 1 1 1 1 1 1 1 
1 1 1 1 1 1 1 1 1 
1 1 1 1 1 1 1 1 1 
1 1 1 1 1 1 1 1 1 
1 1 1 1 1 1 1 1 1 
1 1 1 1 1 1 1 1 1 
1 1 1 1 1 1 1 1 1 
1 1 1 1 1 1 1 1 1 
1 1 1 1 1 1 1 1 1 
1 1 1 1 1 1 1 1 1 
1 1 1 1 1 1 1 1 1 
1 1 1 1 1 1 1 1 1 
1 1 1 1 1 1 1 1 1 
1 1 1 1 1 1 1 1 1 
1 1 1 1 1 1 1 1 1 
1 1 1 1 1 1 1 1 1 
1 1 1 1 1 1 1 1 1 
1 1 1 1 1 1 1 1 1 
1 1 1 1 1 1 1 1 1 
1 1 1 1 1 1 1 1 1 
1 1 1 1 1 1 1 1 1 
1 1 1 1 1 1 1 1 1 
1 1 1 1 1 1 1 1 1 
1 1 1 1 1 1 1 1 1 
1 1 1 1 1 1 1 1 1 
1 1 1 1 1 1 1 1 1 
1 1 1 1 1 1 1 1 1 
1 1 1 1 1 1 1 1 1 
1 1 1 1 1 1 1 1 1 
1 1 1 1 1 1 1 1 1 
1 1 1 1 1 1 1 1 1 
1 1 1 1 1 1 1 1 1 
1 1 1 1 1 1 1 1 1 
1 1 1 1 1 1 1 1 1 
1 1 1 1 1 1 1 1 1 
1 1 1 1 1 1 1 1 1 
1 1 1 1 1 1 1 1 1 
1 1 1 1 1 1 1 1 1 
1 1 1 1 1 1 1 1 1 
1 1 1 1 1 1 1 1 1 
1 1 1 1 1 1 1 1 1 
1 1 1 1 1 1 1 1 1 
1 1 1 1 1 1 1 1 1 
1 1 1 1 1 1 1 1 1 
1 1 1 1 1 1 1 1 1 
1 1 1 1 1 1 1 1 1 
1 1 1 1 1 1 1 1 1 
1 1 1 1 1 1 1 1 1 
1 1 1 1 1 1 1 1 1 
1 1 1 1 1 1 1 1 1 
1 1 1 1 1 1 1 1 1 
1 1 1 1 1 1 1 1 1 
1 1 1 1 1 1 1 1 1 
1 1 1 1 1 1 1 1 1 
1 1 1 1 1 1 1 1 1 
1 1 1 1 1 1 1 1 1 
1 1 1 1 1 1 1 1 1 
1 1 1 1 1 1 1 1 1 
1 1 1 1 1 1 1 1 1 
1 1 1 1 1 1 1 1 1 
1 1 1 1 1 1 1 1 1 
1 1 1 1 1 1 1 1 1 
1 1 1 1 1 1 1 1 1 
1 1 1 1 1 1 1 1 1 
1 1 1 1 1 1 1 1 1 
1 1 1 1 1 1 1 1 1 
1 1 1 1 1 1 1 1 1 
1 1 1 1 1 1 1 1 1 
1 1 1 1 1 1 1 1 1 
1 1 1 1 1 1 1 1 1 
1 1 1 1 1 1 1 1 1 
1 1 1 1 1 1 1 1 1 
1 1 1 1 1 1 1 1 1 
1 1 1 1 1 1 1 1 1 
1 1 1 1 1 1 1 1 1 
1 1 1 1 1 1 1 1 1 
1 1 1 1 1 1 1 1 1 
1 1 1 1 1 1 1 1 1 
1 1 1 1 1 1 1 1 1 
1 1 1 1 1 1 1 1 1 
1 1 1 1 1 1 1 1 1 
1 1 1 1 1 1 1 1 1 
1 1 1 1 1 1 1 1 1 
1 1 1 1 1 1 1 1 1 
1 1 1 1 1 1 1 1 1 
1 1 1 1 1 1 1 1 1 
1 1 1 1 1 1 1 1 1 
1 1 1 1 1 1 1 1 1 
1 1 1 1 1 1 1 1 1 
1 1 1 1 1 1 1 1 1 
1 1 1 1 1 1 1 1 1 
1 1 1 1 1 1 1 1 1 
1 1 1 1 1 1 1 1 1 
1 1 1 1 1 1 1 1 1 
1 1 1 1 1 1 1 1 1 
1 1 1 1 1 1 1 1 1 
1 1 1 1 1 1 1 1 1 
1 1 1 1 1 1 1 1 1 
1 1 1 1 1 1 1 1 1 
1 1 1 1 1 1 1 1 1 
1 1 1 1 1 1 1 1 1 
1 1 1 1 1 1 1 1 1 
1 1 1 1 1 1 1 1 1 
1 1 1 1 1 1 1 1 1 
1 1 1 1 1 1 1 1 1 
1 1 1 1 1 1 1 1 1 
1 1 1 1 1 1 1 1 1 
1 1 1 1 1 1 1 1 1 
1 1 1 1 1 1 1 1 1 
1 1 1 1 1 1 1 1 1 
1 1 1 1 1 1 1 1 1 
1 1 1 1 1 1 1 1 1 
1 1 1 1 1 1 1 1 1 
1 1 1 1 1 1 1 1 1 
1 1 1 1 1 1 1 1 1 
1 1 1 1 1 1 1 1 1 
1 1 1 1 1 1 1 1 1 
1 1 1 1 1 1 1 1 1 
1 1 1 1 1 1 1 1 1 
1 1 1 1 1 1 1 1 1 
1 1 1 1 1 1 1 1 1 
1 1 1 1 1 1 1 1 1 
1 1 1 1 1 1 1 1 1 
1 1 1 1 1 1 1 1 1 
1 1 1 1 1 1 1 1 1 
1 1 1 1 1 1 1 1 1 
1 
