# vtk DataFile Version 5.1
vtk output
ASCII
DATASET POLYDATA
POINTS 2696 float
0.188444 -0.0287988 0.637603 0.18889 -0.0217409 0.616258 0.170488 -0.031776 0.6244 
0.219255 -0.0364413 0.635719 0.219701 -0.0293835 0.614374 0.250066 -0.0440838 0.633836 
0.250512 -0.037026 0.61249 0.262921 -0.0547036 0.618748 0.0900178 -0.0335839 0.657654 
0.0904634 -0.0265261 0.636309 0.0720612 -0.0365611 0.644451 0.120829 -0.0412264 0.655771 
0.121274 -0.0341686 0.634425 0.15164 -0.048869 0.653887 0.152085 -0.0418111 0.632542 
0.182451 -0.0565115 0.652003 0.195305 -0.0671312 0.636916 0.213708 -0.0570961 0.628774 
0.244519 -0.0647386 0.62689 -0.0392198 -0.0307265 0.67959 -0.0387742 -0.0236687 0.658244 
-0.0571765 -0.0337037 0.666386 -0.0084088 -0.038369 0.677706 -0.00796318 -0.0313112 0.65636 
0.0224022 -0.0460115 0.675822 0.0228478 -0.0389537 0.654477 0.0532132 -0.0536541 0.673938 
0.0536589 -0.0465962 0.652593 0.0840243 -0.0612966 0.672054 0.0968786 -0.0719163 0.656967 
0.115281 -0.0618812 0.648825 0.146092 -0.0695237 0.646942 0.176903 -0.0771663 0.645058 
-0.0452134 -0.0584392 0.69399 -0.0631701 -0.0614164 0.680786 -0.0144024 -0.0660817 0.692106 
0.0164087 -0.0737242 0.690222 0.0472197 -0.0813667 0.688338 0.060074 -0.0919864 0.673251 
0.0784763 -0.0819514 0.665109 -0.0507613 -0.079094 0.687044 -0.0199503 -0.0867365 0.685161 
0.0108607 -0.094379 0.683277 0.0416717 -0.102022 0.681393 0.195329 0.0130296 0.580512 
0.195775 0.0200875 0.559167 0.177373 0.0100524 0.567309 0.22614 0.00538706 0.578628 
0.226586 0.0124449 0.557283 0.256951 -0.00225545 0.576745 0.257397 0.00480242 0.555399 
0.269806 -0.0128752 0.561657 0.349384 -0.025183 0.571093 0.34983 -0.0181251 0.549748 
0.331428 -0.0281602 0.55789 0.362239 -0.0358027 0.556006 0.0660916 0.015887 0.602447 
0.0665372 0.0229448 0.581102 0.0481349 0.0129098 0.589244 0.0969026 0.00824446 0.600564 
0.0973482 0.0153023 0.579218 0.127714 0.000601945 0.59868 0.128159 0.00765982 0.577334 
0.158525 -0.00704056 0.596796 0.15897 1.73094e-05 0.575451 0.189336 -0.0146831 0.594912 
0.220147 -0.0223256 0.593028 0.250958 -0.0299681 0.591145 0.282214 -0.0305527 0.567916 
0.281769 -0.0376106 0.589261 0.31258 -0.0452531 0.587377 0.313025 -0.0381953 0.566032 
0.343391 -0.0528957 0.585493 0.374647 -0.0534803 0.562264 0.374202 -0.0605382 0.58361 
0.387056 -0.0711579 0.568522 -0.063146 0.0187444 0.624383 -0.0627004 0.0258023 0.603037 
-0.0811027 0.0157672 0.611179 -0.032335 0.0111019 0.622499 -0.0318894 0.0181597 0.601153 
-0.001524 0.00345935 0.620615 -0.00107838 0.0105172 0.59927 0.029287 -0.00418317 0.618731 
0.0297326 0.00287471 0.597386 0.060098 -0.0118257 0.616847 0.090909 -0.0194682 0.614964 
0.12172 -0.0271107 0.61308 0.152531 -0.0347532 0.611196 0.275775 -0.0653233 0.603661 
0.306586 -0.0729658 0.601777 0.31944 -0.0835855 0.58669 0.337843 -0.0735504 0.578548 
0.368654 -0.0811929 0.576664 -0.0999506 -0.00132577 0.640666 -0.099505 0.0057321 0.619321 
-0.117907 -0.00430297 0.627463 -0.0691396 -0.00896828 0.638783 -0.0383286 -0.0166108 0.636899 
-0.00751757 -0.0242533 0.635015 0.0232935 -0.0318958 0.633131 0.0541045 -0.0395383 0.631247 
0.177794 -0.0630505 0.602367 0.177349 -0.0701084 0.623712 0.159392 -0.0730856 0.610509 
0.208605 -0.070693 0.600483 0.239416 -0.0783356 0.598599 0.270227 -0.0859781 0.596716 
0.301038 -0.0936206 0.594832 -0.105499 -0.0219806 0.633721 -0.0930898 -0.0396581 0.639979 
-0.0751332 -0.0366809 0.653183 0.0917763 -0.0855132 0.628676 0.110179 -0.0754782 0.620535 
0.14099 -0.0831207 0.618651 -0.0806811 -0.0573357 0.646237 -0.0498701 -0.0649782 0.644354 
-0.0503157 -0.0720361 0.665699 -0.0374614 -0.0826558 0.650612 0.0421173 -0.0949636 0.660048 
0.0241607 -0.0979408 0.646844 0.042563 -0.0879058 0.638702 0.073374 -0.0955483 0.636819 
-0.0250526 -0.100333 0.65687 0.00575837 -0.107976 0.654986 0.393074 0.0367155 0.497719 
0.393519 0.0437734 0.476373 0.375117 0.0337383 0.484515 0.405928 0.0260958 0.482631 
0.325458 0.0242879 0.515886 0.325904 0.0313458 0.494541 0.307501 0.0213107 0.502683 
0.356269 0.0166454 0.514003 0.356715 0.0237033 0.492657 0.38708 0.00900287 0.512119 
0.399935 -0.00161684 0.497031 0.165409 0.0347878 0.539705 0.165855 0.0418457 0.51836 
0.147453 0.0318106 0.526502 0.19622 0.0271453 0.537821 0.196666 0.0342032 0.516476 
0.227031 0.0195028 0.535938 0.227477 0.0265607 0.514592 0.257843 0.0118603 0.534054 
0.258288 0.0189181 0.512709 0.288654 0.00421776 0.53217 0.289099 0.0112756 0.510825 
0.319465 -0.00342476 0.530286 0.350276 -0.0110673 0.528403 0.381087 -0.0187098 0.526519 
0.393941 -0.0293295 0.511432 -0.0562612 0.0605728 0.567292 -0.0558156 0.0676306 0.545946 
-0.0742179 0.0575956 0.554088 -0.0254502 0.0529303 0.565408 -0.0250046 0.0599881 0.544063 
0.0053608 0.0452877 0.563524 0.00580642 0.0523456 0.542179 0.0361718 0.0376452 0.56164 
0.0366174 0.0447031 0.540295 0.0669828 0.0300027 0.559757 0.0674285 0.0370606 0.538411 
0.0977939 0.0223602 0.557873 0.0982395 0.0294181 0.536527 0.128605 0.0147177 0.555989 
0.12905 0.0217756 0.534644 0.159416 0.00707517 0.554105 0.28266 -0.0234949 0.54657 
0.313471 -0.0311374 0.544686 0.375093 -0.0464224 0.540919 0.387947 -0.0570421 0.525832 
-0.0622548 0.0328601 0.581692 -0.0802115 0.0298829 0.568488 -0.0314438 0.0252176 0.579808 
-0.000632769 0.0175751 0.577924 0.0301783 0.00993256 0.57604 0.381954 -0.0847548 0.540232 
-0.12987 0.0204325 0.599859 -0.129425 0.0274904 0.578514 -0.147827 0.0174553 0.586656 
-0.0990594 0.01279 0.597976 -0.0986138 0.0198478 0.57663 0.332295 -0.0942052 0.571603 
0.345149 -0.104825 0.556515 0.363552 -0.0947899 0.548374 -0.135418 -0.000222305 0.592914 
-0.12301 -0.0178999 0.599172 0.15429 -0.0866825 0.582218 0.172692 -0.0766474 0.574076 
0.203503 -0.08429 0.572192 0.233868 -0.0989903 0.591654 0.215912 -0.101968 0.578451 
0.246723 -0.10961 0.576567 0.265125 -0.099575 0.568425 0.295936 -0.107217 0.566541 
0.326747 -0.11486 0.564657 -0.110601 -0.0355775 0.60543 -0.0797899 -0.04322 0.603547 
-0.0802355 -0.0502779 0.624892 -0.0673812 -0.0608976 0.609805 0.0738196 -0.0884904 0.615473 
0.0558629 -0.0914676 0.60227 0.0742652 -0.0814326 0.594128 0.105076 -0.0890751 0.592244 
0.135887 -0.0967176 0.59036 0.22832 -0.119645 0.584709 -0.0549724 -0.0785752 0.616063 
-0.0241614 -0.0862177 0.614179 -0.024607 -0.0932755 0.635524 0.0066496 -0.0938602 0.612295 
0.00620399 -0.100918 0.633641 0.0374606 -0.101503 0.610412 0.332343 0.0661163 0.458795 
0.332789 0.0731742 0.43745 0.314386 0.0631391 0.445592 0.363154 0.0584738 0.456912 
0.3636 0.0655316 0.435566 0.376008 0.0478541 0.441824 0.295538 0.0460461 0.475079 
0.295984 0.053104 0.453734 0.277582 0.043069 0.461876 0.326349 0.0384036 0.473196 
0.35716 0.0307611 0.471312 0.388417 0.0301765 0.448083 0.400826 0.0124989 0.454341 
0.227923 0.0336185 0.493247 0.228368 0.0406764 0.471901 0.209966 0.0306413 0.480043 
0.258734 0.025976 0.491363 0.259179 0.0330339 0.470018 0.289545 0.0183335 0.489479 
0.394832 -0.0152138 0.468741 -0.05537 0.0746885 0.524601 -0.0549244 0.0817464 0.503256 
-0.0733267 0.0717113 0.511397 -0.024559 0.067046 0.522717 -0.0241134 0.0741038 0.501372 
0.00625203 0.0594035 0.520833 0.00669765 0.0664613 0.499488 0.037063 0.0517609 0.51895 
0.0375087 0.0588188 0.497604 0.0678741 0.0441184 0.517066 0.0683197 0.0511763 0.49572 
0.0986851 0.0364759 0.515182 0.0991307 0.0435338 0.493837 0.129496 0.0288334 0.513298 
0.129942 0.0358913 0.491953 0.160753 0.0282488 0.490069 0.191564 0.0206063 0.488185 
0.388839 -0.0429264 0.483141 -0.0793202 0.0439986 0.525797 0.382845 -0.0706391 0.497541 
-0.0981681 0.0269057 0.555285 -0.0977225 0.0339636 0.533939 -0.116125 0.0239285 0.542081 
0.376851 -0.0983517 0.511941 -0.134527 0.0138934 0.550223 -0.152929 0.00385836 0.558365 
0.340047 -0.118422 0.528225 0.358449 -0.108387 0.520083 -0.140521 -0.0138192 0.564623 
-0.10971 -0.0214617 0.56274 -0.110155 -0.0285196 0.584085 -0.0973009 -0.0391393 0.568998 
0.167144 -0.0973022 0.567131 0.179998 -0.107922 0.552044 0.198401 -0.0978869 0.543902 
0.210809 -0.115564 0.55016 0.24162 -0.123207 0.548276 0.260023 -0.113172 0.540134 
0.290388 -0.127872 0.559596 0.272431 -0.130849 0.546392 0.303242 -0.138492 0.544509 
0.321645 -0.128457 0.536367 -0.0848922 -0.0568169 0.575256 -0.0540812 -0.0644594 0.573372 
-0.0545268 -0.0715173 0.594717 -0.0232702 -0.072102 0.571488 -0.0237158 -0.0791598 0.592834 
-0.0108615 -0.0897795 0.577746 0.0507606 -0.105065 0.573979 0.0691629 -0.0950295 0.565837 
0.0999739 -0.102672 0.563953 0.130785 -0.110315 0.562069 0.161596 -0.117957 0.560186 
0.223218 -0.133242 0.556418 0.28484 -0.148527 0.552651 0.00154727 -0.107457 0.584005 
0.0323583 -0.1151 0.582121 0.302423 0.0878746 0.417988 0.302869 0.0949324 0.396643 
0.284466 0.0848973 0.404785 0.333234 0.080232 0.416105 0.33368 0.0872899 0.394759 
0.346088 0.0696123 0.401017 0.265619 0.0678044 0.434272 0.266064 0.0748622 0.412927 
0.247662 0.0648272 0.421069 0.29643 0.0601619 0.432389 0.358497 0.0519347 0.407276 
0.370906 0.0342571 0.413534 0.228814 0.0477343 0.450556 0.22926 0.0547921 0.429211 
0.210857 0.0447571 0.437353 0.259625 0.0400918 0.448672 0.382869 0.00952169 0.441137 
0.364912 0.00654448 0.427934 0.161198 0.0353066 0.468724 0.161644 0.0423645 0.447378 
0.143242 0.0323294 0.45552 0.192009 0.0276641 0.46684 0.192455 0.034722 0.445495 
0.377321 -0.0111331 0.434192 0.38973 -0.0288107 0.44045 -0.0600267 0.0681494 0.474965 
-0.078429 0.0581144 0.483107 -0.0292157 0.0605069 0.473081 0.00159532 0.0528644 0.471197 
0.0324063 0.0452219 0.469313 0.0632174 0.0375794 0.46743 0.0940284 0.0299369 0.465546 
0.124839 0.0222944 0.463662 0.370882 -0.0459036 0.469937 0.352925 -0.0488808 0.456734 
0.371328 -0.0388458 0.448592 -0.0972769 0.0410214 0.512594 -0.0968313 0.0480793 0.491249 
-0.115234 0.0380442 0.499391 0.364888 -0.0736163 0.484337 0.346932 -0.0765935 0.471134 
-0.164893 0.0285938 0.530762 -0.164447 0.0356517 0.509416 -0.182849 0.0256166 0.517558 
-0.134082 0.0209513 0.528878 -0.133636 0.0280092 0.507532 0.358895 -0.101329 0.498737 
0.340938 -0.104306 0.485534 -0.17044 0.00793902 0.523816 -0.139629 0.000296505 0.521932 
-0.140075 -0.00676135 0.543278 -0.127221 -0.0173811 0.528191 0.334945 -0.132019 0.499934 
-0.114812 -0.0350587 0.534449 -0.084001 -0.0427012 0.532565 -0.0844466 -0.049759 0.55391 
-0.0715923 -0.0603788 0.538823 0.131231 -0.103257 0.540724 0.113274 -0.106234 0.52752 
0.131676 -0.0961988 0.519379 0.162487 -0.103841 0.517495 0.162042 -0.110899 0.53884 
0.192853 -0.118542 0.536956 0.174896 -0.121519 0.523753 0.254475 -0.133827 0.533189 
0.267329 -0.144446 0.518102 0.285731 -0.134411 0.50996 0.285286 -0.141469 0.531305 
0.316542 -0.142054 0.508076 -0.0591835 -0.0780564 0.545081 -0.0283725 -0.0856989 0.543198 
0.0024385 -0.0933414 0.541314 0.00199289 -0.100399 0.562659 0.0332495 -0.100984 0.53943 
0.0328039 -0.108042 0.560775 0.0640605 -0.108626 0.537546 0.0948716 -0.116269 0.535662 
0.187305 -0.139196 0.530011 0.218116 -0.146839 0.528127 0.248927 -0.154481 0.526244 
0.272503 0.109633 0.377181 0.272949 0.116691 0.355836 0.254547 0.106656 0.363978 
0.285358 0.0990131 0.362094 0.235699 0.0895627 0.393465 0.236144 0.0966205 0.37212 
0.217742 0.0865854 0.380262 0.26651 0.0819201 0.391582 0.297766 0.0813355 0.368352 
0.328577 0.073693 0.366469 0.340986 0.0560154 0.372727 0.229705 0.06185 0.407865 
0.211749 0.0588728 0.394662 0.353395 0.0383378 0.378985 0.365804 0.0206602 0.385243 
-0.146021 0.125848 0.444871 -0.145575 0.132905 0.423525 -0.163977 0.12287 0.431667 
-0.133166 0.115228 0.429783 0.16209 0.0494224 0.426033 0.162535 0.0564802 0.404688 
0.144133 0.0464452 0.412829 0.192901 0.0417799 0.424149 0.193346 0.0488377 0.402804 
0.35981 -0.00705244 0.399643 -0.151569 0.105193 0.437925 0.125285 0.0293522 0.442317 
0.125731 0.0364101 0.420971 0.107328 0.026375 0.429113 0.371773 -0.0317879 0.427247 
0.353816 -0.0347651 0.414043 -0.250441 0.0933497 0.479322 -0.249995 0.100408 0.457977 
-0.268397 0.0903725 0.466119 -0.237586 0.08273 0.464235 -0.127197 0.0627797 0.471787 
-0.126751 0.0698376 0.450442 -0.145153 0.0598025 0.458584 -0.0963857 0.0551372 0.469903 
-0.0959401 0.062195 0.448558 -0.0651291 0.0545525 0.446674 -0.034318 0.04691 0.44479 
-0.00350702 0.0392675 0.442907 0.027304 0.031625 0.441023 0.058115 0.0239825 0.439139 
0.088926 0.01634 0.437255 0.347823 -0.0624778 0.428443 -0.255989 0.0726949 0.472377 
-0.194812 0.0503521 0.489955 -0.194367 0.0574099 0.468609 -0.212769 0.0473749 0.476751 
-0.164001 0.0427096 0.488071 -0.163556 0.0497674 0.466725 -0.13319 0.035067 0.486187 
0.341829 -0.0901904 0.442843 -0.20036 0.0296973 0.483009 -0.169549 0.0220548 0.481126 
-0.169995 0.0149969 0.502471 -0.157141 0.00437717 0.487384 0.322981 -0.107283 0.472331 
0.305025 -0.110261 0.459127 0.323427 -0.100225 0.450985 -0.144732 -0.0133004 0.493642 
-0.113921 -0.0209429 0.491758 -0.114366 -0.0280008 0.513103 -0.101512 -0.0386205 0.498016 
0.316988 -0.134996 0.486731 0.299031 -0.137973 0.473527 -0.0891033 -0.0562981 0.504274 
-0.0766946 -0.0739757 0.510532 0.108172 -0.119831 0.49923 0.126574 -0.109796 0.491088 
0.157385 -0.117438 0.489204 0.188196 -0.125081 0.48732 0.18775 -0.132139 0.508666 
0.219007 -0.132723 0.485437 0.218561 -0.139781 0.506782 0.249818 -0.140366 0.483553 
0.249372 -0.147424 0.504898 0.280629 -0.148008 0.481669 -0.0642859 -0.0916533 0.516791 
-0.0334748 -0.0992958 0.514907 -0.00266383 -0.106938 0.513023 0.0281472 -0.114581 0.511139 
0.0589582 -0.122223 0.509255 0.0897692 -0.129866 0.507372 0.23659 0.103678 0.350775 
0.237036 0.110736 0.329429 0.218633 0.100701 0.337571 0.267847 0.103094 0.327545 
0.280255 0.0854161 0.333804 0.199785 0.0836083 0.367058 0.200231 0.0906661 0.345713 
0.181829 0.080631 0.353855 0.292664 0.0677386 0.340062 0.323029 0.0530382 0.359523 
0.305073 0.050061 0.34632 -0.114318 0.132321 0.400296 -0.113873 0.139379 0.378951 
-0.132275 0.129344 0.387093 -0.0835073 0.124678 0.398412 -0.0830617 0.131736 0.377067 
-0.070653 0.114058 0.383325 0.193792 0.0558956 0.381458 0.175835 0.0529184 0.368255 
0.317482 0.0323834 0.352578 0.347847 0.017683 0.372039 0.32989 0.0147058 0.358836 
-0.150677 0.119308 0.395235 -0.16908 0.109273 0.403377 -0.120312 0.104608 0.414696 
-0.0895009 0.0969656 0.412812 -0.0766465 0.0863458 0.397725 0.157433 0.0428833 0.376397 
0.139031 0.0328482 0.384539 0.341853 -0.0100296 0.38644 0.323897 -0.0130069 0.373236 
-0.280361 0.115108 0.438515 -0.279915 0.122166 0.41717 -0.298317 0.112131 0.425312 
-0.24955 0.107465 0.436631 -0.249104 0.114523 0.415286 -0.236695 0.0968457 0.421544 
-0.156671 0.0915958 0.409635 -0.126305 0.0768954 0.429096 -0.144262 0.0739182 0.415893 
-0.0954945 0.0692529 0.427212 -0.0642378 0.0686683 0.403983 -0.0646834 0.0616104 0.425329 
-0.0338724 0.0539679 0.423445 -0.0334268 0.0610257 0.4021 -0.0030614 0.0463254 0.421561 
-0.00261578 0.0533832 0.400216 0.0277496 0.0386828 0.419677 0.0281952 0.0457407 0.398332 
0.0585606 0.0310403 0.417794 0.0590063 0.0380982 0.396448 0.0893717 0.0233978 0.41591 
0.0898173 0.0304557 0.394564 0.120628 0.0228132 0.392681 0.336305 -0.0306844 0.379494 
0.348714 -0.048362 0.385752 -0.285909 0.0944532 0.43157 -0.2735 0.0767756 0.437828 
-0.242689 0.0691331 0.435944 -0.16311 0.0568253 0.44538 -0.162664 0.0638831 0.424035 
-0.181067 0.0538481 0.432177 0.329866 -0.065455 0.41524 0.31191 -0.0684322 0.402036 
0.330312 -0.0583971 0.393894 -0.261091 0.059098 0.444086 -0.199915 0.0367551 0.461664 
-0.18706 0.0261354 0.446577 0.293062 -0.0855251 0.431523 0.275105 -0.0885023 0.41832 
0.293507 -0.0784672 0.410178 0.323873 -0.0931676 0.42964 -0.174652 0.00845783 0.452835 
-0.162243 -0.00921976 0.459093 0.287068 -0.113238 0.445924 0.269111 -0.116215 0.43272 
-0.149834 -0.0268973 0.465351 -0.119023 -0.0345399 0.463467 -0.106614 -0.0522174 0.469725 
0.281075 -0.14095 0.460324 0.263118 -0.143928 0.44712 -0.0942057 -0.069895 0.475984 
-0.0817969 -0.0875726 0.482242 0.0285928 -0.107523 0.489794 0.0106361 -0.1105 0.47659 
0.0290384 -0.100465 0.468448 0.0598494 -0.108108 0.466565 0.0594038 -0.115165 0.48791 
0.0906605 -0.11575 0.464681 0.0902148 -0.122808 0.486026 0.121471 -0.123393 0.462797 
0.152282 -0.131035 0.460913 0.183094 -0.138678 0.45903 0.213905 -0.14632 0.457146 
0.244716 -0.153963 0.455262 -0.0693882 -0.10525 0.4885 -0.0385772 -0.112893 0.486616 
-0.00776616 -0.120535 0.484732 0.169866 0.105366 0.326251 0.170311 0.112424 0.304906 
0.151909 0.102389 0.313048 0.200677 0.097724 0.324368 0.201122 0.104782 0.303022 
0.231933 0.0971393 0.301138 0.262299 0.0824389 0.3206 0.244342 0.0794617 0.307397 
0.163872 0.0776538 0.340651 0.145915 0.0746766 0.327448 0.256751 0.0617841 0.313655 
0.287116 0.0470838 0.333116 0.269159 0.0441066 0.319913 -0.118975 0.125782 0.35066 
-0.137377 0.115747 0.358802 -0.088164 0.118139 0.348776 -0.0757553 0.100462 0.355034 
0.157879 0.0499412 0.355051 0.139922 0.046964 0.341848 0.281568 0.026429 0.326171 
0.311934 0.0117286 0.345633 0.293977 0.0087514 0.332429 -0.187036 0.106296 0.390173 
-0.186591 0.113354 0.368828 -0.204993 0.103319 0.37697 -0.15578 0.105712 0.366944 
-0.0633466 0.082784 0.361292 -0.0637922 0.0757261 0.382638 -0.0329812 0.0680836 0.380754 
-0.0325356 0.0751415 0.359409 -0.00217016 0.0604411 0.37887 -0.00172455 0.067499 0.357525 
0.0286409 0.0527986 0.376987 0.0290865 0.0598564 0.355641 0.0594519 0.0451561 0.375103 
0.0598975 0.0522139 0.353757 0.0902629 0.0375136 0.373219 0.0907085 0.0445714 0.351874 
0.121074 0.029871 0.371335 0.12152 0.0369289 0.34999 0.30594 -0.015984 0.360033 
0.287983 -0.0189613 0.346829 -0.316274 0.109154 0.412108 -0.315828 0.116211 0.390763 
-0.334231 0.106176 0.398905 -0.285017 0.108569 0.388879 -0.254206 0.100926 0.386995 
-0.223841 0.086226 0.406457 -0.223395 0.0932839 0.385111 -0.192584 0.0856414 0.383228 
-0.210987 0.0756063 0.39137 -0.162219 0.070941 0.402689 -0.180175 0.0679638 0.389486 
0.300392 -0.0366388 0.353087 0.330757 -0.0513392 0.372549 0.312801 -0.0543164 0.359345 
-0.321822 0.0884988 0.405163 -0.291011 0.0808563 0.403279 -0.2602 0.0732137 0.401395 
-0.260645 0.0661559 0.422741 -0.247791 0.0555362 0.407653 -0.229834 0.0585134 0.420857 
-0.198578 0.0579287 0.397628 -0.199023 0.0508709 0.418973 0.293953 -0.0714094 0.388833 
0.275996 -0.0743866 0.375629 0.294398 -0.0643515 0.367487 -0.235382 0.0378586 0.413912 
-0.204571 0.0302161 0.412028 -0.192163 0.0125385 0.418286 0.257148 -0.0914795 0.405117 
0.239192 -0.0944567 0.391913 0.257594 -0.0844216 0.383771 -0.179754 -0.00513909 0.424544 
-0.148943 -0.0127816 0.42266 -0.149389 -0.0198395 0.444006 -0.136534 -0.0304592 0.428918 
0.251155 -0.119192 0.419517 0.233198 -0.122169 0.406313 -0.124125 -0.0481368 0.435176 
-0.111717 -0.0658144 0.441435 0.183539 -0.13162 0.437684 0.165582 -0.134597 0.424481 
0.183985 -0.124562 0.416339 0.214796 -0.132204 0.414455 0.21435 -0.139262 0.4358 
0.245161 -0.146905 0.433917 -0.099308 -0.083492 0.447693 -0.068497 -0.0911345 0.445809 
-0.0689426 -0.0981923 0.467154 -0.0376859 -0.098777 0.443925 -0.0381316 -0.105835 0.465271 
-0.00687493 -0.106419 0.442041 -0.00732054 -0.113477 0.463387 0.0239361 -0.114062 0.440158 
0.0547471 -0.121705 0.438274 0.0855581 -0.129347 0.43639 0.116369 -0.13699 0.434506 
0.14718 -0.144632 0.432623 0.165209 0.0988274 0.276615 0.146807 0.0887923 0.284757 
0.19602 0.0911849 0.274731 0.226385 0.0764845 0.294193 0.208429 0.0735073 0.28099 
-0.0877184 0.125197 0.327431 -0.0872728 0.132255 0.306085 -0.105675 0.12222 0.314227 
-0.0748641 0.114577 0.312344 0.0971477 0.0793419 0.316128 0.0975933 0.0863998 0.294783 
0.079191 0.0763647 0.302925 0.127959 0.0716994 0.314244 0.128404 0.0787573 0.292899 
0.220837 0.0558297 0.287248 0.251203 0.0411294 0.306709 0.233246 0.0381522 0.293506 
-0.186145 0.120412 0.347482 -0.185699 0.12747 0.326137 -0.204102 0.117435 0.334279 
-0.155334 0.112769 0.345598 -0.154888 0.119827 0.324253 -0.124077 0.112185 0.322369 
-0.062901 0.0898419 0.339947 -0.0624554 0.0968997 0.318602 -0.0320899 0.0821993 0.338063 
-0.0316443 0.0892572 0.316718 -0.00127893 0.0745568 0.33618 -0.000833317 0.0816147 0.314834 
0.0295321 0.0669143 0.334296 0.0299777 0.0739722 0.31295 0.0603431 0.0592718 0.332412 
0.0607887 0.0663297 0.311067 0.0911541 0.0516293 0.330528 0.121965 0.0439868 0.328645 
0.245655 0.0204746 0.299764 0.27602 0.00577419 0.319226 0.258064 0.00279699 0.306022 
-0.253761 0.107984 0.36565 -0.253315 0.115042 0.344304 -0.271717 0.105007 0.352446 
-0.22295 0.100342 0.363766 -0.222504 0.1074 0.342421 0.270472 -0.0148806 0.31228 
0.282881 -0.0325582 0.318538 -0.320931 0.102615 0.362472 -0.339333 0.0925794 0.370614 
-0.29012 0.094972 0.360588 -0.198132 0.0649866 0.376282 0.294844 -0.0572936 0.346142 
0.276887 -0.0602708 0.332938 -0.326924 0.0749019 0.376872 -0.296113 0.0672593 0.374988 
-0.265302 0.0596168 0.373105 -0.252893 0.0419392 0.379363 0.25804 -0.0773638 0.362426 
0.240083 -0.080341 0.349222 0.258485 -0.0703059 0.34108 -0.240485 0.0242617 0.385621 
-0.209674 0.0166192 0.383737 -0.178863 0.00897665 0.381853 -0.179308 0.00191878 0.403199 
-0.166454 -0.00870094 0.388111 0.221235 -0.0974339 0.37871 0.203278 -0.100411 0.365506 
0.221681 -0.090376 0.357364 -0.154045 -0.0263785 0.39437 -0.141637 -0.0440561 0.400628 
0.215241 -0.125147 0.39311 0.197285 -0.128124 0.379906 -0.129228 -0.0617337 0.406886 
-0.116819 -0.0794113 0.413144 0.147626 -0.137574 0.411277 0.129669 -0.140551 0.398074 
0.148071 -0.130516 0.389932 0.178882 -0.138159 0.388048 -0.10441 -0.0970889 0.419402 
-0.0735993 -0.104731 0.417518 -0.0427883 -0.112374 0.415635 -0.0119773 -0.120016 0.413751 
0.0188338 -0.127659 0.411867 0.0496448 -0.135301 0.409983 0.0804558 -0.142944 0.408099 
0.111267 -0.150586 0.406216 0.159661 0.0781726 0.26967 0.190472 0.0705301 0.267786 
-0.123632 0.119243 0.301024 -0.123186 0.1263 0.279678 -0.141588 0.116265 0.28782 
-0.0923751 0.118658 0.277795 -0.0799664 0.10098 0.284053 0.0612343 0.0733875 0.289721 
0.06168 0.0804454 0.268376 0.0432777 0.0704103 0.276518 0.092491 0.0728029 0.266492 
0.123302 0.0651604 0.264608 0.154113 0.0575178 0.262725 0.184924 0.0498753 0.260841 
0.215289 0.035175 0.280302 0.197333 0.0321978 0.267099 -0.190802 0.113873 0.297846 
-0.209204 0.103838 0.305988 -0.159991 0.10623 0.295962 -0.0675577 0.0833028 0.290311 
-0.0367467 0.0756603 0.288427 -0.00593565 0.0680178 0.286543 0.0248754 0.0603753 0.28466 
0.209741 0.0145202 0.273357 0.240107 -0.000180211 0.292819 0.22215 -0.00315742 0.279615 
-0.289674 0.10203 0.339243 -0.289228 0.109088 0.317897 -0.307631 0.0990527 0.326039 
-0.258863 0.0943874 0.337359 -0.27682 0.0914102 0.324156 -0.246009 0.0837676 0.322272 
-0.227606 0.0938027 0.31413 0.234559 -0.020835 0.285873 0.264924 -0.0355354 0.305335 
0.246968 -0.0385126 0.292131 -0.326033 0.0890176 0.334181 -0.344435 0.0789825 0.342323 
-0.282813 0.0636975 0.338556 -0.264857 0.0666747 0.351759 -0.252002 0.056055 0.336672 
0.258931 -0.063248 0.319735 0.240974 -0.0662252 0.306531 -0.332027 0.0613049 0.348581 
-0.301216 0.0536624 0.346698 -0.239593 0.0383774 0.34293 -0.240039 0.0313195 0.364275 
-0.227185 0.0206998 0.349188 0.222126 -0.0833182 0.336019 0.20417 -0.0862954 0.322815 
0.222572 -0.0762603 0.314673 -0.214776 0.00302224 0.355446 -0.183965 -0.00462027 0.353563 
-0.171556 -0.0222979 0.359821 0.198176 -0.114008 0.337215 -0.159148 -0.0399754 0.366079 
-0.146739 -0.057653 0.372337 0.192182 -0.141721 0.351615 -0.13433 -0.0753306 0.378595 
-0.103519 -0.0829731 0.376711 -0.103965 -0.090031 0.398057 -0.0911103 -0.100651 0.382969 
0.0500904 -0.128244 0.388638 0.0321337 -0.131221 0.375434 0.050536 -0.121186 0.367292 
0.0629447 -0.138863 0.373551 0.111712 -0.143529 0.38487 0.0937558 -0.146506 0.371667 
0.112158 -0.136471 0.363525 0.142969 -0.144113 0.361641 0.17378 -0.151756 0.359757 
-0.0787016 -0.118328 0.389228 -0.0478906 -0.125971 0.387344 -0.0170796 -0.133613 0.38546 
0.0137314 -0.141256 0.383576 0.0753535 -0.156541 0.379809 -0.0919295 0.125716 0.256449 
-0.0914839 0.132774 0.235104 -0.109886 0.122739 0.243246 -0.0790752 0.115096 0.241362 
-0.159545 0.113288 0.274617 -0.1591 0.120346 0.253272 -0.177502 0.110311 0.261413 
-0.128288 0.112704 0.251388 -0.0671121 0.0903607 0.268966 -0.0666665 0.0974185 0.24762 
-0.0363011 0.0827182 0.267082 -0.0358554 0.089776 0.245736 -0.00549003 0.0750756 0.265198 
-0.00504441 0.0821335 0.243853 0.025321 0.0674331 0.263314 0.0257666 0.074491 0.241969 
0.0565776 0.0668485 0.240085 0.0873886 0.059206 0.238201 0.1182 0.0515634 0.236318 
0.149011 0.0439209 0.234434 0.179822 0.0362784 0.23255 0.19223 0.0186008 0.238808 
-0.227161 0.100861 0.292785 -0.226715 0.107918 0.271439 -0.245117 0.0978834 0.279581 
-0.195904 0.100276 0.269555 0.204194 -0.00613462 0.266412 0.186237 -0.00911183 0.253208 
-0.325587 0.0960755 0.312836 -0.325142 0.103133 0.291491 -0.343544 0.0930983 0.299632 
-0.294776 0.088433 0.310952 -0.312733 0.0854557 0.297749 -0.263965 0.0807904 0.309068 
-0.26352 0.0878483 0.287723 -0.281922 0.0778132 0.295865 0.198646 -0.0267894 0.259466 
0.229011 -0.0414898 0.278928 0.211054 -0.044467 0.265724 -0.362392 0.0760053 0.32912 
-0.361946 0.0830632 0.307774 -0.380349 0.0730281 0.315916 -0.300324 0.0677782 0.304007 
-0.269959 0.0530778 0.323468 0.223017 -0.0692024 0.293328 0.205061 -0.0721797 0.280125 
-0.36794 0.0553505 0.322174 -0.337129 0.047708 0.320291 -0.306318 0.0400655 0.318407 
-0.275507 0.032423 0.316523 -0.244696 0.0247805 0.314639 -0.232287 0.00710288 0.320897 
0.186213 -0.0892726 0.309612 0.168256 -0.0922498 0.296408 0.186658 -0.0822147 0.288266 
-0.219878 -0.0105747 0.327156 -0.189067 -0.0182172 0.325272 -0.176659 -0.0358948 0.33153 
0.180219 -0.116985 0.324012 0.162263 -0.119962 0.310808 -0.16425 -0.0535724 0.337788 
-0.133439 -0.0612149 0.335904 -0.133884 -0.0682727 0.35725 -0.12103 -0.0788925 0.342162 
0.174226 -0.144698 0.338412 0.156269 -0.147675 0.325208 -0.108621 -0.0965701 0.348421 
-0.0778104 -0.104213 0.346537 -0.078256 -0.11127 0.367882 -0.0469994 -0.111855 0.344653 
-0.047445 -0.118913 0.365998 -0.0161884 -0.119498 0.342769 -0.016634 -0.126555 0.364115 
0.0146227 -0.12714 0.340885 0.014177 -0.134198 0.362231 0.0454337 -0.134783 0.339002 
0.0762447 -0.142425 0.337118 0.0757991 -0.149483 0.358463 0.107056 -0.150068 0.335234 
0.137867 -0.15771 0.33335 -0.127843 0.119761 0.230042 -0.127397 0.126819 0.208697 
-0.1458 0.116784 0.216839 -0.0965862 0.119177 0.206813 -0.0662208 0.104476 0.226275 
-0.0657752 0.111534 0.204929 -0.0354098 0.0968339 0.224391 -0.0349642 0.103892 0.203046 
-0.0225555 0.0862142 0.209304 -0.195458 0.107334 0.24821 -0.195013 0.114392 0.226865 
-0.213415 0.104357 0.235007 -0.164202 0.106749 0.224981 -0.0101467 0.0685366 0.215562 
0.0206643 0.0608941 0.213678 0.0514753 0.0532515 0.211794 0.0822863 0.045609 0.209911 
0.113097 0.0379665 0.208027 0.143463 0.0232661 0.227488 0.125506 0.0202889 0.214285 
0.174274 0.0156236 0.225605 -0.263074 0.0949062 0.266378 -0.262628 0.101964 0.245032 
-0.281031 0.091929 0.253174 -0.231817 0.0943215 0.243148 0.137915 0.00261136 0.220543 
0.168726 -0.00503116 0.218659 0.181135 -0.0227087 0.224918 -0.33069 0.0824785 0.284545 
-0.299879 0.074836 0.282661 -0.299433 0.0818939 0.261316 -0.317835 0.0718588 0.269458 
0.193098 -0.0474442 0.252521 0.175141 -0.0504214 0.239318 -0.367049 0.0694663 0.279484 
-0.385451 0.0594312 0.287626 -0.336238 0.0618238 0.2776 0.187104 -0.0751569 0.266921 
0.169147 -0.0781341 0.253718 -0.373042 0.0417536 0.293884 -0.342231 0.0341111 0.292 
-0.31142 0.0264686 0.290116 -0.280609 0.0188261 0.288232 -0.249798 0.0111836 0.286349 
-0.218987 0.00354105 0.284465 -0.219433 -0.00351683 0.30581 -0.206578 -0.0141365 0.290723 
0.163154 -0.105847 0.268118 -0.19417 -0.0318141 0.296981 -0.181761 -0.0494917 0.303239 
0.15716 -0.133559 0.282518 -0.169352 -0.0671693 0.309497 -0.138541 -0.0748118 0.307614 
-0.126132 -0.0924894 0.313872 0.138312 -0.150652 0.312005 0.120356 -0.153629 0.298802 
0.138758 -0.143594 0.29066 -0.113724 -0.110167 0.32013 -0.0829127 -0.117809 0.318246 
-0.0521017 -0.125452 0.316362 -0.0212907 -0.133095 0.314479 0.00952033 -0.140737 0.312595 
0.0403313 -0.14838 0.310711 0.0711424 -0.156022 0.308827 0.101953 -0.163665 0.306943 
-0.163756 0.113807 0.203635 -0.163311 0.120865 0.18229 -0.181713 0.11083 0.190432 
-0.1325 0.113222 0.180406 -0.101689 0.10558 0.178523 -0.0708776 0.0979373 0.176639 
-0.0400665 0.0902948 0.174755 -0.00970113 0.0755944 0.194217 -0.00925551 0.0826523 0.172871 
0.0211099 0.0679519 0.192333 0.0215555 0.0750098 0.170987 0.0519209 0.0603094 0.190449 
0.0523665 0.0673673 0.169104 0.0647753 0.0496897 0.175362 -0.231372 0.101379 0.221803 
-0.230926 0.108437 0.200458 -0.249328 0.0984022 0.2086 -0.200115 0.100795 0.198574 
0.077184 0.0320121 0.18162 0.107549 0.0173117 0.201081 0.0895927 0.0143345 0.187878 
-0.268176 0.0813093 0.238087 -0.255322 0.0706895 0.223 0.102001 -0.00334305 0.194136 
0.132367 -0.0180434 0.213598 0.11441 -0.0210206 0.200394 0.163178 -0.0256859 0.211714 
-0.304981 0.0612391 0.254371 -0.292127 0.0506194 0.239283 -0.273724 0.0606545 0.231142 
0.126373 -0.0457561 0.227998 0.108417 -0.0487333 0.214794 0.157184 -0.0533986 0.226114 
-0.372151 0.0558693 0.251193 -0.390553 0.0458343 0.259335 -0.34134 0.0482268 0.249309 
-0.310529 0.0405843 0.247425 0.120825 -0.0664109 0.221052 0.151191 -0.0811113 0.240514 
0.133234 -0.0840885 0.227311 -0.378145 0.0281567 0.265593 -0.347334 0.0205142 0.263709 
-0.316523 0.0128717 0.261825 -0.285711 0.00522915 0.259942 -0.2549 -0.00241336 0.258058 
-0.224089 -0.0100559 0.256174 -0.211681 -0.0277335 0.262432 0.145197 -0.108824 0.254914 
0.12724 -0.111801 0.241711 -0.199272 -0.045411 0.26869 -0.186863 -0.0630886 0.274948 
0.139204 -0.136537 0.269314 0.121247 -0.139514 0.256111 -0.174455 -0.0807662 0.281207 
-0.143644 -0.0884087 0.279323 -0.112833 -0.0960512 0.277439 -0.113278 -0.103109 0.298784 
-0.0820215 -0.103694 0.275555 -0.0824671 -0.110752 0.296901 -0.0512105 -0.111336 0.273672 
-0.0516561 -0.118394 0.295017 -0.0203995 -0.118979 0.271788 -0.0208451 -0.126037 0.293133 
0.0104116 -0.126621 0.269904 0.00996595 -0.133679 0.291249 0.0228203 -0.144299 0.276162 
0.102399 -0.156607 0.285598 0.0844423 -0.159584 0.272395 0.102845 -0.149549 0.264253 
0.035229 -0.161976 0.28242 0.06604 -0.169619 0.280536 -0.101243 0.112638 0.157177 
-0.100797 0.119696 0.135832 -0.1192 0.109661 0.143974 -0.0704319 0.104995 0.155293 
-0.0699863 0.112053 0.133948 -0.0575776 0.0943755 0.140206 -0.19967 0.107853 0.177228 
-0.199224 0.11491 0.155883 -0.217626 0.104875 0.164025 -0.168413 0.107268 0.153999 
-0.137602 0.0996254 0.152116 -0.0451689 0.0766979 0.146464 -0.0143578 0.0690554 0.14458 
0.0164532 0.0614129 0.142697 0.0468186 0.0467125 0.162158 0.0288619 0.0437353 0.148955 
-0.267285 0.095425 0.195396 -0.26684 0.102483 0.174051 -0.285242 0.0924478 0.182193 
-0.236029 0.0948403 0.172167 0.0412706 0.0260577 0.155213 0.071636 0.0113573 0.174675 
0.0536794 0.00838012 0.161471 -0.272833 0.0747702 0.188451 -0.260424 0.0570926 0.194709 
0.0660881 -0.00929746 0.167729 0.0964535 -0.0239978 0.187191 0.0784968 -0.026975 0.173987 
-0.278827 0.0470575 0.202851 -0.297229 0.0370225 0.210993 0.0904599 -0.0517105 0.201591 
0.0725032 -0.0546877 0.188387 -0.377253 0.0422724 0.222902 -0.395656 0.0322374 0.231044 
-0.346442 0.0346299 0.221018 -0.315631 0.0269874 0.219135 0.084912 -0.0723653 0.194646 
0.115277 -0.0870657 0.214107 0.0973207 -0.0900429 0.200904 -0.383247 0.0145598 0.237302 
-0.352436 0.00691726 0.235418 -0.321625 -0.000725255 0.233535 -0.290814 -0.00836777 0.231651 
-0.260003 -0.0160103 0.229767 -0.229637 -0.0307107 0.249229 -0.247594 -0.0336879 0.236025 
0.109284 -0.114778 0.228507 0.0913271 -0.117756 0.215304 -0.235185 -0.0513655 0.242283 
-0.204374 -0.059008 0.2404 -0.191966 -0.0766855 0.246658 0.10329 -0.142491 0.242907 
0.0853336 -0.145468 0.229704 -0.179557 -0.0943631 0.252916 -0.148746 -0.102006 0.251032 
-0.117935 -0.109648 0.249148 -0.0871238 -0.117291 0.247265 -0.0563128 -0.124933 0.245381 
-0.0255018 -0.132576 0.243497 0.00530923 -0.140218 0.241613 0.0361203 -0.147861 0.239729 
0.0356746 -0.154919 0.261075 0.0669313 -0.155503 0.237846 0.0664857 -0.162561 0.259191 
-0.137156 0.106683 0.13077 -0.136711 0.113741 0.109425 -0.155113 0.103706 0.117567 
-0.1059 0.106099 0.107541 -0.0750887 0.0984562 0.105657 -0.0626799 0.0807786 0.111915 
-0.235583 0.101898 0.150822 -0.235137 0.108956 0.129476 -0.25354 0.098921 0.137618 
-0.204326 0.101314 0.127592 -0.173515 0.093671 0.125709 -0.0502712 0.063101 0.118173 
-0.0194602 0.0554585 0.11629 0.0109052 0.0407581 0.135751 -0.00705145 0.0377809 0.122548 
-0.271942 0.0888859 0.14576 -0.290344 0.0788508 0.153902 0.00535728 0.0201033 0.128806 
0.0361683 0.0124608 0.126922 0.048577 -0.0052168 0.13318 -0.277935 0.0611733 0.16016 
-0.265527 0.0434957 0.166418 0.0605401 -0.0299523 0.160784 0.0425835 -0.0329295 0.14758 
-0.284375 0.0264027 0.195905 -0.27152 0.015783 0.180818 0.0549922 -0.050607 0.153839 
0.0674009 -0.0682846 0.160097 -0.382801 0.0216176 0.215957 -0.369947 0.0109979 0.20087 
-0.351545 0.021033 0.192728 -0.321179 0.00633261 0.212189 -0.339136 0.0033554 0.198986 
-0.290368 -0.00130991 0.210305 -0.277514 -0.0119296 0.195218 0.0798096 -0.0859622 0.166355 
0.0922184 -0.10364 0.172613 -0.357538 -0.00667966 0.207128 -0.265105 -0.0296072 0.201476 
-0.234294 -0.0372497 0.199593 -0.23474 -0.0443076 0.220938 -0.221885 -0.0549273 0.205851 
0.0862248 -0.131352 0.187013 -0.209477 -0.0726049 0.212109 -0.178666 -0.0802474 0.210225 
-0.179111 -0.0873053 0.23157 -0.166257 -0.097925 0.216483 -0.0558672 -0.117875 0.224035 
-0.0738239 -0.120853 0.210832 -0.0554216 -0.110817 0.20269 -0.0246106 -0.11846 0.200806 
-0.0250562 -0.125518 0.222152 0.00620047 -0.126102 0.198922 0.00575485 -0.13316 0.220268 
0.0370115 -0.133745 0.197039 0.0365659 -0.140803 0.218384 0.0678225 -0.141388 0.195155 
0.0673769 -0.148445 0.2165 -0.153848 -0.115603 0.222741 -0.123037 -0.123245 0.220858 
-0.0922262 -0.130888 0.218974 -0.17307 0.100729 0.104363 -0.172624 0.107787 0.0830178 
-0.191026 0.0977517 0.0911597 -0.141813 0.100144 0.081134 -0.111002 0.0925017 0.0792502 
-0.080191 0.0848592 0.0773665 -0.0498256 0.0701589 0.0968281 -0.04938 0.0772167 0.0754827 
-0.0369712 0.0595391 0.0817408 -0.271496 0.0959438 0.124415 -0.271051 0.103002 0.103069 
-0.289453 0.0929666 0.111211 -0.24024 0.0953591 0.101185 -0.209429 0.0877166 0.0993016 
-0.0245625 0.0418615 0.087999 -0.0121538 0.024184 0.0942571 -0.295447 0.0652539 0.125611 
0.000254945 0.00650638 0.100515 0.0306203 -0.008194 0.119977 0.0126637 -0.0111712 0.106773 
-0.283038 0.0475763 0.131869 -0.270629 0.0298988 0.138127 0.0250724 -0.0288488 0.113032 
0.0374811 -0.0465264 0.11929 -0.289477 0.0128058 0.167615 -0.289031 0.0198637 0.146269 
-0.307434 0.00982862 0.154411 0.0498898 -0.064204 0.125548 0.0622986 -0.0818815 0.131806 
-0.357093 0.000378199 0.185782 -0.295025 -0.00784896 0.160669 -0.264214 -0.0154915 0.158786 
-0.26466 -0.0225493 0.180131 -0.251805 -0.0331691 0.165044 0.0747073 -0.0995591 0.138064 
0.087116 -0.117237 0.144322 -0.239396 -0.0508466 0.171302 -0.208585 -0.0584892 0.169418 
-0.209031 -0.065547 0.190764 -0.196177 -0.0761667 0.175676 0.0811225 -0.144949 0.158722 
-0.183768 -0.0938443 0.181934 -0.152957 -0.101487 0.180051 -0.153403 -0.108545 0.201396 
-0.122146 -0.109129 0.178167 -0.122592 -0.116187 0.199512 -0.0913349 -0.116772 0.176283 
-0.0917805 -0.12383 0.197628 -0.0605239 -0.124414 0.174399 -0.0297129 -0.132057 0.172515 
0.00109813 -0.139699 0.170632 0.0319092 -0.147342 0.168748 0.0627202 -0.154984 0.166864 
-0.208983 0.0947745 0.0779562 -0.208537 0.101832 0.0566108 -0.22694 0.0917973 0.0647528 
-0.177726 0.0941899 0.0547271 -0.146915 0.0865473 0.0528433 -0.116104 0.0789048 0.0509595 
-0.0852933 0.0712623 0.0490757 -0.0544823 0.0636198 0.047192 -0.0420736 0.0459422 0.0534501 
-0.276153 0.0894047 0.0747784 -0.294555 0.0793697 0.0829204 -0.245342 0.0817622 0.0728947 
-0.0296648 0.0282646 0.0597082 0.000700561 0.0135642 0.0791698 0.00114618 0.0206221 0.0578245 
0.0135549 0.00294452 0.0640826 -0.313403 0.0622767 0.112408 -0.312958 0.0693346 0.0910623 
-0.33136 0.0592995 0.0992042 0.025518 -0.0217909 0.0916861 0.0259636 -0.0147331 0.0703407 
0.0383724 -0.0324106 0.0765989 -0.318951 0.0416219 0.105462 -0.288586 0.0269216 0.124924 
-0.306542 0.0239443 0.11172 0.0503355 -0.0571461 0.104202 0.0507811 -0.0500882 0.082857 
0.0631898 -0.0677658 0.0891152 -0.312536 -0.0037683 0.126121 0.0751529 -0.0925013 0.116719 
0.0755985 -0.0854434 0.0953733 0.0880073 -0.103121 0.101631 -0.300127 -0.0214459 0.132379 
-0.269316 -0.0290884 0.130495 -0.256908 -0.046766 0.136753 0.0820137 -0.130834 0.116031 
-0.244499 -0.0644436 0.143011 -0.213688 -0.0720861 0.141127 -0.182877 -0.0797286 0.139244 
-0.183322 -0.0867865 0.160589 -0.170468 -0.0974062 0.145502 -0.0908893 -0.109714 0.154938 
-0.108846 -0.112691 0.141734 -0.0904437 -0.102656 0.133592 -0.0596327 -0.110299 0.131709 
-0.0600783 -0.117357 0.153054 -0.0288217 -0.117941 0.129825 -0.0292673 -0.124999 0.15117 
0.00198937 -0.125584 0.127941 0.00154375 -0.132642 0.149286 0.0328004 -0.133226 0.126057 
0.0323548 -0.140284 0.147403 0.0636114 -0.140869 0.124173 0.0631658 -0.147927 0.145519 
-0.158059 -0.115084 0.15176 -0.127248 -0.122726 0.149876 -0.21364 0.0882354 0.0283201 
-0.232042 0.0782004 0.036462 -0.182829 0.0805929 0.0264363 -0.152018 0.0729504 0.0245526 
-0.121207 0.0653079 0.0226688 -0.0903956 0.0576654 0.020785 -0.0595846 0.0500229 0.0189012 
-0.0471759 0.0323453 0.0251594 -0.281255 0.0758078 0.0464877 -0.299658 0.0657727 0.0546296 
-0.250444 0.0681653 0.0446039 -0.0347672 0.0146677 0.0314175 -0.00395615 0.00702519 0.0295337 
0.00845257 -0.0106524 0.0357919 -0.31806 0.0557377 0.0627715 -0.336462 0.0457026 0.0709135 
0.0208613 -0.02833 0.04205 0.03327 -0.0460076 0.0483081 -0.324053 0.028025 0.0771716 
-0.311645 0.0103474 0.0834297 0.0456787 -0.0636851 0.0545663 0.0580875 -0.0813627 0.0608244 
-0.317638 -0.0173652 0.0978298 0.0704962 -0.0990403 0.0670826 0.0829049 -0.116718 0.0733407 
-0.30523 -0.0350428 0.104088 -0.274419 -0.0426853 0.102204 -0.243608 -0.0503278 0.10032 
-0.244053 -0.0573857 0.121666 -0.231199 -0.0680054 0.106579 -0.028376 -0.110883 0.108479 
-0.0463327 -0.113861 0.0952758 -0.0279304 -0.103825 0.0871339 0.0028806 -0.111468 0.0852502 
0.00243498 -0.118526 0.106596 0.0336916 -0.11911 0.0833664 0.033246 -0.126168 0.104712 
0.0461003 -0.136788 0.0896245 0.0769114 -0.144431 0.0877407 -0.21879 -0.085683 0.112837 
-0.187979 -0.0933255 0.110953 -0.157168 -0.100968 0.109069 -0.157614 -0.108026 0.130414 
-0.126357 -0.108611 0.107185 -0.126803 -0.115668 0.128531 -0.095546 -0.116253 0.105302 
-0.064735 -0.123896 0.103418 0.0585091 -0.154466 0.0958827 -0.151572 0.0800083 0.00320717 
-0.151126 0.0870662 -0.0181382 -0.169529 0.0770311 -0.00999631 -0.138718 0.0693886 -0.0118801 
-0.249999 0.0752232 0.0232586 -0.249553 0.082281 0.00191316 -0.267955 0.072246 0.0100551 
-0.218742 0.0746385 2.93834e-05 -0.187931 0.066996 -0.00185439 -0.126309 0.051711 -0.00562195 
-0.095498 0.0440685 -0.00750572 -0.064687 0.0364259 -0.0093895 -0.0522782 0.0187484 -0.00313136 
-0.286358 0.0622109 0.018197 -0.30476 0.0521758 0.0263389 -0.0398695 0.00107078 0.00312678 
-0.00905849 -0.00657174 0.001243 0.0213069 -0.0212721 0.0207046 0.0217525 -0.0142142 -0.000640774 
0.0341613 -0.0318918 0.00561736 -0.323608 0.0350829 0.0558262 -0.310754 0.0244632 0.0407389 
0.0461244 -0.0566273 0.0332209 0.04657 -0.0495694 0.0118755 0.0589787 -0.067247 0.0181336 
-0.298345 0.00678558 0.0469971 -0.29879 -0.000272285 0.0683425 -0.285936 -0.010892 0.0532552 
0.0709418 -0.0919825 0.0457372 0.0713874 -0.0849246 0.0243918 0.0837962 -0.102602 0.0306499 
-0.304338 -0.0209271 0.0613971 -0.322741 -0.0309621 0.0695391 0.0778026 -0.130315 0.04505 
-0.310332 -0.0486397 0.0757972 -0.279521 -0.0562822 0.0739134 -0.24871 -0.0639248 0.0720296 
-0.217899 -0.0715673 0.0701459 -0.218344 -0.0786251 0.0914913 -0.20549 -0.0892449 0.076404 
-0.0642894 -0.116838 0.0820724 -0.0822461 -0.119815 0.0688689 -0.0638438 -0.10978 0.060727 
-0.0330328 -0.117422 0.0588432 -0.00222173 -0.125065 0.0569594 0.0285893 -0.132707 0.0550757 
0.0594003 -0.14035 0.0531919 0.0589547 -0.147408 0.0745373 -0.193081 -0.106922 0.0826621 
-0.16227 -0.114565 0.0807784 -0.131459 -0.122207 0.0788946 -0.100648 -0.12985 0.0770108 
-0.218296 0.0816964 -0.021316 -0.217851 0.0887543 -0.0426614 -0.236253 0.0787192 -0.0345195 
-0.187485 0.0740539 -0.0231998 -0.18704 0.0811117 -0.0445452 -0.156229 0.0734692 -0.0464289 
-0.125863 0.0587688 -0.0269673 -0.125418 0.0658267 -0.0483127 -0.0950524 0.0511263 -0.0288511 
-0.0946067 0.0581842 -0.0501965 -0.082198 0.0405066 -0.0439384 -0.254655 0.0686841 -0.0263776 
-0.273058 0.0586491 -0.0182357 -0.0697893 0.022829 -0.0376802 -0.0394239 0.00812865 -0.0182186 
-0.0389783 0.0151865 -0.039564 -0.0265695 -0.00249107 -0.0333059 -0.29146 0.048614 -0.0100938 
-0.309862 0.0385789 -0.00195184 -0.0141608 -0.0201687 -0.0270477 0.0166502 -0.0278112 -0.0289315 
0.0290589 -0.0454888 -0.0226734 -0.297454 0.0209013 0.0043063 -0.297899 0.0138434 0.0256517 
-0.285045 0.00322373 0.0105644 0.0414677 -0.0631663 -0.0164152 0.0718331 -0.0778667 0.00304639 
0.0722787 -0.0708089 -0.018299 0.0846874 -0.0884864 -0.0120409 -0.291038 -0.0244889 0.0249645 
0.0966505 -0.113222 0.0155627 0.0970961 -0.106164 -0.00578273 0.109505 -0.123842 0.000475408 
-0.309441 -0.034524 0.0331064 -0.327843 -0.0445591 0.0412483 -0.00177611 -0.118007 0.035614 
-0.0197328 -0.120984 0.0224106 -0.0013305 -0.110949 0.0142686 0.0294805 -0.118592 0.0123849 
0.0290349 -0.12565 0.0337303 0.0602915 -0.126234 0.0105011 0.0598459 -0.133292 0.0318465 
0.0727003 -0.143912 0.0167592 0.0906569 -0.140935 0.0299627 0.103511 -0.151554 0.0148755 
-0.315434 -0.0622366 0.0475065 -0.284623 -0.0698792 0.0456227 -0.253812 -0.0775217 0.0437389 
-0.223001 -0.0851642 0.0418551 -0.19219 -0.0928067 0.0399714 -0.192636 -0.0998646 0.0613168 
-0.161379 -0.100449 0.0380876 -0.161825 -0.107507 0.059433 -0.130568 -0.108092 0.0362038 
-0.131014 -0.11515 0.0575492 -0.0997571 -0.115734 0.03432 -0.100203 -0.122792 0.0556654 
-0.0689461 -0.123377 0.0324363 -0.0381351 -0.131019 0.0305525 0.085109 -0.161589 0.0230174 
-0.222953 0.0751573 -0.0709521 -0.241355 0.0651223 -0.0628102 -0.192142 0.0675148 -0.0728359 
-0.161331 0.0598723 -0.0747197 -0.13052 0.0522298 -0.0766035 -0.100155 0.0375294 -0.0571418 
-0.118111 0.0345522 -0.0703453 -0.259758 0.0550872 -0.0546683 -0.27816 0.0450521 -0.0465264 
-0.105703 0.0168746 -0.0640872 -0.0748916 0.0092321 -0.065971 -0.0440806 0.00158959 -0.0678547 
-0.0137152 -0.0131108 -0.0483931 -0.0132696 -0.00605292 -0.0697385 0.0170958 -0.0207533 -0.0502769 
0.0175414 -0.0136954 -0.0716223 0.0299502 -0.031373 -0.0653641 -0.297008 0.0279592 -0.0170391 
-0.284154 0.0173395 -0.0321263 0.0419133 -0.0561085 -0.0377606 0.0423589 -0.0490506 -0.059106 
0.0727243 -0.063751 -0.0396444 0.0731699 -0.0566931 -0.0609898 0.0855786 -0.0743707 -0.0547316 
-0.290147 -0.0103732 -0.0177263 0.0975417 -0.0991061 -0.0271281 0.0979874 -0.0920483 -0.0484735 
0.110396 -0.109726 -0.0422154 -0.296141 -0.0380858 -0.00332624 0.104403 -0.137439 -0.0278153 
-0.314543 -0.0481209 0.00481568 -0.332945 -0.058156 0.0129576 -0.0376895 -0.123961 0.00920709 
-0.0556461 -0.126939 -0.00399639 -0.0372438 -0.116904 -0.0121383 -0.00643283 -0.124546 -0.0140221 
0.0243782 -0.132189 -0.0159059 0.0551892 -0.139831 -0.0177896 0.0860002 -0.147474 -0.0196734 
0.0855546 -0.154531 0.00167198 -0.320537 -0.0758336 0.0192157 -0.289726 -0.0834761 0.017332 
-0.258915 -0.0911186 0.0154482 -0.228104 -0.0987611 0.0135644 -0.197293 -0.106404 0.0116806 
-0.166481 -0.114046 0.00979685 -0.13567 -0.121689 0.00791308 -0.104859 -0.129331 0.0060293 
-0.0740484 -0.136974 0.00414552 -0.259312 0.0621451 -0.0760137 -0.258867 0.0692029 -0.0973591 
-0.277269 0.0591678 -0.0892172 -0.228055 0.0615604 -0.0992429 -0.197244 0.0539179 -0.101127 
-0.166433 0.0462754 -0.10301 -0.135622 0.0386329 -0.104894 -0.123214 0.0209553 -0.0986361 
-0.296117 0.0420749 -0.0597299 -0.295671 0.0491328 -0.0810753 -0.314073 0.0390977 -0.0729334 
-0.110805 0.0032777 -0.0923779 -0.079994 -0.00436482 -0.0942617 -0.0491829 -0.0120073 -0.0961455 
-0.0183719 -0.0196498 -0.0980292 0.0124391 -0.0272924 -0.099913 0.0428045 -0.0419927 -0.0804514 
0.0432501 -0.0349349 -0.101797 0.0556588 -0.0526125 -0.0955387 -0.301665 0.0214201 -0.0666752 
-0.289256 0.00374254 -0.0604171 0.0680676 -0.07029 -0.0892805 0.098433 -0.0849904 -0.0698189 
0.0988786 -0.0779326 -0.0911643 0.111287 -0.0956101 -0.0849062 -0.295249 -0.0239701 -0.046017 
0.12325 -0.120346 -0.0573026 0.123696 -0.113288 -0.078648 0.136105 -0.130965 -0.0723899 
-0.314097 -0.0410631 -0.0165297 -0.313652 -0.0340052 -0.0378751 -0.332054 -0.0440403 -0.0297332 
0.0556348 -0.132773 -0.039135 0.0376782 -0.13575 -0.0523385 0.0560804 -0.125715 -0.0604804 
0.0868915 -0.133358 -0.0623642 0.0864458 -0.140416 -0.0410188 0.0993002 -0.151035 -0.0561061 
0.117257 -0.148058 -0.0429026 0.130111 -0.158678 -0.0579898 -0.350902 -0.0611332 -0.000245887 
-0.350456 -0.0540753 -0.0215913 -0.368859 -0.0641104 -0.0134494 -0.288834 -0.0693604 -0.0253588 
-0.28928 -0.0764182 -0.00401344 -0.307237 -0.0793954 -0.0172169 -0.258023 -0.0770029 -0.0272426 
-0.258469 -0.0840607 -0.00589722 -0.245615 -0.0946805 -0.0209845 -0.0736028 -0.129916 -0.0171999 
-0.0915595 -0.132893 -0.0304033 -0.0731572 -0.122858 -0.0385453 -0.0423462 -0.1305 -0.040429 
-0.0115352 -0.138143 -0.0423128 0.0192759 -0.145785 -0.0441966 0.111709 -0.168713 -0.0498479 
-0.35645 -0.081788 -0.00719123 -0.325639 -0.0894305 -0.009075 -0.233206 -0.112358 -0.0147263 
-0.202395 -0.120001 -0.0166101 -0.171584 -0.127643 -0.0184939 -0.140773 -0.135286 -0.0203777 
-0.109962 -0.142928 -0.0222614 -0.264414 0.0485481 -0.104304 -0.25156 0.0379284 -0.119392 
-0.233158 0.0479635 -0.127534 -0.202347 0.040321 -0.129417 -0.171536 0.0326785 -0.131301 
-0.140725 0.0250359 -0.133185 -0.128316 0.00735836 -0.126927 -0.301219 0.028478 -0.0880206 
-0.288365 0.0178583 -0.103108 -0.269962 0.0278933 -0.11125 -0.115907 -0.0103192 -0.120669 
-0.0850963 -0.0179617 -0.122552 -0.0542853 -0.0256043 -0.124436 -0.0234742 -0.0332468 -0.12632 
0.00733677 -0.0408893 -0.128204 0.0381478 -0.0485318 -0.130088 0.0685132 -0.0632322 -0.110626 
0.0689588 -0.0561743 -0.131971 0.0813675 -0.0738519 -0.125713 -0.294358 -0.00985438 -0.0887078 
0.0937763 -0.0915295 -0.119455 0.124142 -0.10623 -0.0999934 0.124587 -0.099172 -0.121339 
0.136996 -0.11685 -0.115081 -0.300352 -0.037567 -0.0743078 0.148959 -0.141585 -0.0874771 
0.149405 -0.134527 -0.108823 0.161813 -0.152205 -0.102564 -0.3192 -0.05466 -0.0448204 
-0.306345 -0.0652797 -0.0599077 -0.0419006 -0.123443 -0.0617744 -0.0598572 -0.12642 -0.0749779 
-0.0414549 -0.116385 -0.0831198 -0.0106439 -0.124027 -0.0850036 -0.0110895 -0.131085 -0.0636582 
0.0201671 -0.13167 -0.0868874 0.0197215 -0.138728 -0.065542 0.0509781 -0.139312 -0.0887711 
0.0817891 -0.146955 -0.0906549 0.1126 -0.154597 -0.0925387 0.112155 -0.161655 -0.0711933 
0.143411 -0.16224 -0.0944225 -0.356004 -0.0747301 -0.0285366 -0.325193 -0.0823726 -0.0304204 
-0.293937 -0.0829573 -0.0536496 -0.263126 -0.0905998 -0.0555333 -0.232315 -0.0982423 -0.0574171 
-0.23276 -0.1053 -0.0360717 -0.201504 -0.105885 -0.0593009 -0.201949 -0.112943 -0.0379555 
-0.170693 -0.113527 -0.0611847 -0.171138 -0.120585 -0.0398393 -0.139882 -0.12117 -0.0630684 
-0.140327 -0.128228 -0.041723 -0.109071 -0.128812 -0.0649522 -0.109516 -0.13587 -0.0436068 
-0.0782595 -0.136455 -0.066836 -0.17109 0.0397363 -0.152647 -0.170645 0.0467942 -0.173992 
-0.189047 0.0367591 -0.16585 -0.158236 0.0291166 -0.167734 -0.238706 0.0273087 -0.134479 
-0.225851 0.016689 -0.149566 -0.207449 0.0267241 -0.157708 -0.145827 0.011439 -0.161476 
-0.133418 -0.00623856 -0.155218 0.00778239 -0.0338314 -0.149549 0.008228 -0.0267735 -0.170895 
-0.0101743 -0.0368086 -0.162753 0.0385934 -0.0414739 -0.151433 0.039039 -0.0344161 -0.172778 
0.0694044 -0.0491164 -0.153317 0.06985 -0.0420586 -0.174662 0.0822588 -0.0597362 -0.168404 
-0.27551 0.00723855 -0.118195 -0.262656 -0.00338116 -0.133282 -0.244254 0.00665391 -0.141424 
-0.12101 -0.0239161 -0.148959 -0.0901986 -0.0315587 -0.150843 -0.0593876 -0.0392012 -0.152727 
-0.0285766 -0.0468437 -0.154611 0.0942219 -0.0844716 -0.1408 0.0946675 -0.0774137 -0.162146 
0.125033 -0.0921141 -0.142684 0.125479 -0.0850563 -0.16403 0.137887 -0.102734 -0.157771 
-0.281058 -0.0134162 -0.12514 -0.299461 -0.0234513 -0.116999 0.14985 -0.127469 -0.130168 
0.150296 -0.120411 -0.151513 0.162705 -0.138089 -0.145255 -0.305454 -0.051164 -0.102598 
0.0206127 -0.124612 -0.108233 0.00265603 -0.127589 -0.121436 0.0210583 -0.117554 -0.129578 
0.0518693 -0.125197 -0.131462 0.0514237 -0.132254 -0.110117 0.0826804 -0.132839 -0.133346 
0.0822347 -0.139897 -0.112 0.113491 -0.140482 -0.135229 0.113046 -0.147539 -0.113884 
0.1259 -0.158159 -0.128971 0.156711 -0.165802 -0.130855 -0.311448 -0.0788766 -0.0881984 
-0.0649596 -0.140017 -0.103269 -0.0465573 -0.129982 -0.111411 -0.0157463 -0.137624 -0.113294 
0.138309 -0.175837 -0.122713 -0.299039 -0.0965542 -0.0819403 -0.268228 -0.104197 -0.0838241 
-0.237417 -0.111839 -0.0857079 -0.206606 -0.119482 -0.0875916 -0.175795 -0.127124 -0.0894754 
-0.144984 -0.134767 -0.0913592 -0.114173 -0.142409 -0.093243 -0.0833619 -0.150052 -0.0951267 
-0.175747 0.0331973 -0.202283 -0.194149 0.0231622 -0.194141 -0.163338 0.0155197 -0.196025 
-0.212551 0.0131271 -0.185999 -0.230954 0.00309206 -0.177857 -0.150929 -0.0021579 -0.189766 
-0.120564 -0.0168583 -0.170305 -0.120118 -0.00980041 -0.19165 -0.089753 -0.0245008 -0.172189 
-0.0893074 -0.0174429 -0.193534 -0.058942 -0.0321433 -0.174072 -0.0584964 -0.0250854 -0.195418 
-0.028131 -0.0397858 -0.175956 -0.0276853 -0.032728 -0.197301 0.00312567 -0.0403705 -0.199185 
0.0339367 -0.048013 -0.201069 0.0647477 -0.0556555 -0.202953 0.0951131 -0.0703559 -0.183491 
0.0955587 -0.063298 -0.204837 0.125924 -0.0779984 -0.185375 0.12637 -0.0709405 -0.20672 
0.138778 -0.0886181 -0.200462 -0.249356 -0.00694302 -0.169715 -0.267758 -0.0169781 -0.161573 
0.150742 -0.113354 -0.172859 0.151187 -0.106296 -0.194204 0.181553 -0.120996 -0.174742 
0.181998 -0.113938 -0.196088 0.194407 -0.131616 -0.18983 -0.286161 -0.0270132 -0.153431 
-0.304563 -0.0370482 -0.145289 0.083126 -0.125781 -0.154691 0.0651693 -0.128758 -0.167895 
0.0835716 -0.118723 -0.176036 0.0959803 -0.136401 -0.169778 0.175559 -0.148709 -0.160342 
0.188413 -0.159328 -0.17543 -0.310557 -0.0647609 -0.130889 -0.0153006 -0.130566 -0.13464 
-0.0332573 -0.133544 -0.147843 -0.014855 -0.123508 -0.155985 0.015956 -0.131151 -0.157869 
0.046767 -0.138793 -0.159753 0.108389 -0.154078 -0.16352 0.1392 -0.161721 -0.165404 
0.138754 -0.168779 -0.144059 0.170011 -0.169364 -0.167288 -0.31655 -0.0924735 -0.116489 
-0.0829163 -0.142994 -0.116472 -0.100873 -0.145971 -0.129676 -0.0824706 -0.135936 -0.137818 
-0.0516596 -0.143579 -0.139701 -0.304141 -0.110151 -0.110231 -0.27333 -0.117794 -0.112115 
-0.242519 -0.125436 -0.113999 -0.211708 -0.133079 -0.115882 -0.180897 -0.140721 -0.117766 
-0.150086 -0.148364 -0.11965 -0.119275 -0.156006 -0.121534 -0.180849 0.0196003 -0.230573 
-0.199252 0.00956528 -0.222431 -0.16844 0.00192276 -0.224315 -0.0272397 -0.0256701 -0.218647 
-0.0267941 -0.0186122 -0.239992 -0.0451964 -0.0286473 -0.23185 -0.0143854 -0.0362898 -0.233734 
0.0651933 -0.0485976 -0.224298 0.065639 -0.0415398 -0.245644 0.0472367 -0.0515748 -0.237502 
0.0960044 -0.0562402 -0.226182 0.09645 -0.0491823 -0.247527 0.126815 -0.0638827 -0.228066 
0.127261 -0.0568248 -0.249411 0.13967 -0.0745024 -0.243153 -0.217654 -0.000469788 -0.21429 
-0.236056 -0.0105049 -0.206148 -0.156032 -0.0157548 -0.218057 -0.125221 -0.0233973 -0.219941 
-0.0944097 -0.0310398 -0.221825 -0.0635987 -0.0386824 -0.223708 -0.00197666 -0.0539674 -0.227476 
0.0288344 -0.0616099 -0.22936 0.151633 -0.0992378 -0.215549 0.152078 -0.09218 -0.236895 
0.182444 -0.10688 -0.217433 0.182889 -0.0998225 -0.238779 0.195298 -0.1175 -0.232521 
-0.254458 -0.0205399 -0.198006 -0.272861 -0.030575 -0.189864 0.189305 -0.145213 -0.21812 
-0.291709 -0.0476679 -0.160377 -0.278854 -0.0582877 -0.175464 0.0164016 -0.124093 -0.179214 
-0.00155507 -0.12707 -0.192418 0.0168472 -0.117035 -0.20056 0.0476582 -0.124678 -0.202443 
0.0472126 -0.131736 -0.181098 0.0784693 -0.13232 -0.204327 0.10928 -0.139963 -0.206211 
0.108835 -0.147021 -0.184866 0.140091 -0.147605 -0.208095 0.139646 -0.154663 -0.186749 
0.1525 -0.165283 -0.201837 0.183311 -0.172925 -0.20372 -0.297702 -0.0753806 -0.145976 
-0.284848 -0.0860003 -0.161064 -0.051214 -0.136521 -0.161047 -0.0691707 -0.139498 -0.17425 
-0.0507684 -0.129463 -0.182392 -0.0199574 -0.137105 -0.184276 0.164909 -0.18296 -0.195578 
-0.30325 -0.0960354 -0.152922 -0.321652 -0.10607 -0.14478 -0.272885 -0.110736 -0.13346 
-0.290841 -0.113713 -0.146664 -0.272439 -0.103678 -0.154806 -0.241628 -0.11132 -0.156689 
-0.242074 -0.118378 -0.135344 -0.229219 -0.128998 -0.150431 -0.11883 -0.148948 -0.142879 
-0.136786 -0.151926 -0.156083 -0.118384 -0.14189 -0.164224 -0.087573 -0.149533 -0.166108 
-0.309244 -0.123748 -0.138522 -0.216811 -0.146676 -0.144173 -0.186 -0.154318 -0.146057 
-0.155189 -0.161961 -0.147941 -0.185952 0.00600343 -0.258864 -0.204354 -0.00403165 -0.250722 
-0.155586 -0.00869696 -0.239402 -0.155141 -0.00163909 -0.260748 -0.124775 -0.0163395 -0.241286 
-0.12433 -0.0092816 -0.262632 -0.0939641 -0.023982 -0.24317 -0.0935185 -0.0169241 -0.264515 
-0.0631531 -0.0316245 -0.245054 -0.0627075 -0.0245666 -0.266399 -0.0318964 -0.0322091 -0.268283 
-0.00153104 -0.0469095 -0.248821 -0.00108543 -0.0398517 -0.270167 0.02928 -0.054552 -0.250705 
0.0297256 -0.0474942 -0.272051 0.0605366 -0.0551367 -0.273934 0.0913476 -0.0627792 -0.275818 
0.122159 -0.0704217 -0.277702 0.152524 -0.0851221 -0.25824 0.15297 -0.0780642 -0.279586 
0.183335 -0.0927646 -0.260124 0.183781 -0.0857067 -0.281469 0.196189 -0.103384 -0.275211 
-0.222756 -0.0140667 -0.24258 -0.241158 -0.0241018 -0.234438 0.208153 -0.12812 -0.247608 
0.208598 -0.121062 -0.268953 0.221007 -0.138739 -0.262695 -0.259561 -0.0341369 -0.226296 
-0.277963 -0.0441719 -0.218155 0.0481039 -0.11762 -0.223789 0.0301472 -0.120597 -0.236992 
0.0485495 -0.110562 -0.245134 0.0793605 -0.118205 -0.247018 0.0789149 -0.125262 -0.225673 
0.110172 -0.125847 -0.248902 0.109726 -0.132905 -0.227556 0.140983 -0.13349 -0.250786 
0.140537 -0.140547 -0.22944 0.153391 -0.151167 -0.244527 0.202159 -0.155832 -0.233208 
0.215013 -0.166452 -0.248295 -0.283957 -0.0718846 -0.203754 -0.0195117 -0.130047 -0.205621 
-0.0374684 -0.133025 -0.218825 -0.0190661 -0.12299 -0.226967 0.0117449 -0.130632 -0.22885 
0.1658 -0.168845 -0.238269 0.165354 -0.175903 -0.216924 0.196611 -0.176487 -0.240153 
-0.28995 -0.0995972 -0.189354 -0.0871273 -0.142475 -0.187454 -0.105084 -0.145452 -0.200657 
-0.0866817 -0.135417 -0.208799 -0.0558707 -0.14306 -0.210683 -0.308352 -0.109632 -0.181213 
-0.326755 -0.119667 -0.173071 -0.295944 -0.12731 -0.174954 -0.277541 -0.117275 -0.183096 
-0.24673 -0.124917 -0.18498 -0.215919 -0.13256 -0.186864 -0.216365 -0.139618 -0.165518 
-0.185108 -0.140202 -0.188748 -0.185554 -0.14726 -0.167402 -0.154297 -0.147845 -0.190631 
-0.154743 -0.154903 -0.169286 -0.123486 -0.155487 -0.192515 -0.314346 -0.137345 -0.166812 
-0.185506 0.0130613 -0.28021 -0.18506 0.0201192 -0.301555 -0.203463 0.0100841 -0.293413 
-0.154695 0.00541878 -0.282093 -0.154249 0.0124766 -0.303439 -0.141841 -0.00520094 -0.297181 
-0.0930729 -0.00986625 -0.285861 -0.0926272 -0.00280838 -0.307206 -0.11103 -0.0128435 -0.299064 
-0.0622618 -0.0175088 -0.287745 -0.0618162 -0.0104509 -0.30909 -0.0314508 -0.0251513 -0.289628 
-0.0310052 -0.0180934 -0.310974 -0.00063981 -0.0327938 -0.291512 -0.000194192 -0.0257359 -0.312858 
0.0301712 -0.0404363 -0.293396 0.0306168 -0.0333784 -0.314741 0.0609822 -0.0480788 -0.29528 
0.0614279 -0.041021 -0.316625 0.0917932 -0.0557213 -0.297163 0.0922389 -0.0486635 -0.318509 
0.122604 -0.0633639 -0.299047 0.12305 -0.056306 -0.320393 0.153415 -0.0710064 -0.300931 
0.153861 -0.0639485 -0.322276 0.184226 -0.0786489 -0.302815 0.184672 -0.071591 -0.32416 
0.215037 -0.0862914 -0.304699 0.215483 -0.0792335 -0.326044 0.227892 -0.0969111 -0.319786 
-0.209456 -0.0176286 -0.279013 -0.129432 -0.0228785 -0.290922 0.209044 -0.114004 -0.290298 
0.221898 -0.124624 -0.305386 -0.227858 -0.0276636 -0.270871 -0.246261 -0.0376987 -0.262729 
0.0798061 -0.111147 -0.268363 0.0618494 -0.114124 -0.281567 0.0802517 -0.104089 -0.289709 
0.111063 -0.111731 -0.291593 0.110617 -0.118789 -0.270247 0.141874 -0.119374 -0.293476 
0.141428 -0.126432 -0.272131 0.154283 -0.137051 -0.287218 0.215905 -0.152336 -0.290986 
-0.264663 -0.0477338 -0.254587 -0.283065 -0.0577689 -0.246445 0.0121905 -0.123574 -0.250196 
-0.00576616 -0.126551 -0.263399 0.0126361 -0.116516 -0.271541 0.0434472 -0.124159 -0.273425 
0.166691 -0.154729 -0.28096 0.166246 -0.161787 -0.259615 0.197502 -0.162371 -0.282844 
0.197057 -0.169429 -0.261498 -0.289059 -0.0854815 -0.232045 -0.0554251 -0.136002 -0.232028 
-0.0733818 -0.138979 -0.245232 -0.0549795 -0.128944 -0.253374 -0.0241685 -0.136587 -0.255257 
-0.295052 -0.113194 -0.217645 -0.110186 -0.159049 -0.228948 -0.0917841 -0.149014 -0.23709 
-0.3139 -0.130287 -0.188158 -0.282644 -0.130872 -0.211387 -0.251833 -0.138514 -0.213271 
-0.221022 -0.146157 -0.215155 -0.190211 -0.153799 -0.217038 -0.1594 -0.161442 -0.218922 
-0.128589 -0.169084 -0.220806 -0.153804 0.0195345 -0.324784 -0.153358 0.0265924 -0.346129 
-0.17176 0.0165573 -0.337988 -0.140949 0.00891479 -0.339871 -0.0921816 0.00424948 -0.328552 
-0.091736 0.0113074 -0.349897 -0.110138 0.00127228 -0.341755 -0.0613706 -0.00339304 -0.330435 
-0.060925 0.00366484 -0.351781 -0.0305596 -0.0110356 -0.332319 -0.030114 -0.00397768 -0.353665 
0.000251423 -0.0186781 -0.334203 0.000697043 -0.0116202 -0.355548 0.0310624 -0.0263206 -0.336087 
0.0315081 -0.0192627 -0.357432 0.0618735 -0.0339631 -0.33797 0.0623191 -0.0269052 -0.359316 
0.0926845 -0.0416056 -0.339854 0.0931301 -0.0345477 -0.3612 0.123496 -0.0492481 -0.341738 
0.123941 -0.0421902 -0.363083 0.154307 -0.0568906 -0.343622 0.154752 -0.0498328 -0.364967 
0.185118 -0.0645332 -0.345506 0.185563 -0.0574753 -0.366851 0.215929 -0.0721757 -0.347389 
0.216374 -0.0651178 -0.368735 0.228783 -0.0827954 -0.362477 -0.190163 0.00652224 -0.329846 
-0.208565 -0.00351283 -0.321704 -0.128986 -0.0158207 -0.312268 -0.128541 -0.00876278 -0.333613 
0.240746 -0.107531 -0.334873 0.241192 -0.100473 -0.356218 0.2536 -0.118151 -0.34996 
-0.227413 -0.0206058 -0.292216 -0.226967 -0.0135479 -0.313562 -0.24537 -0.023583 -0.30542 
0.234752 -0.135243 -0.320473 0.247607 -0.145863 -0.33556 -0.251363 -0.0512956 -0.29102 
0.0438928 -0.117101 -0.29477 0.0259361 -0.120078 -0.307974 0.0443384 -0.110043 -0.316116 
0.0751494 -0.117686 -0.317999 0.10596 -0.125328 -0.319883 0.136771 -0.132971 -0.321767 
0.167582 -0.140613 -0.323651 0.167137 -0.147671 -0.302305 0.198393 -0.148256 -0.325535 
0.197948 -0.155314 -0.304189 0.229204 -0.155898 -0.327418 -0.269765 -0.0613307 -0.282878 
-0.288168 -0.0713658 -0.274736 -0.0237228 -0.129529 -0.276603 -0.0416795 -0.132506 -0.289806 
-0.0232772 -0.122471 -0.297948 0.0075338 -0.130113 -0.299832 -0.294161 -0.0990784 -0.260336 
-0.0784841 -0.152576 -0.273522 -0.0600818 -0.142541 -0.281664 -0.300155 -0.126791 -0.245936 
-0.158954 -0.154384 -0.240268 -0.176911 -0.157361 -0.253471 -0.158508 -0.147326 -0.261613 
-0.127697 -0.154969 -0.263497 -0.128143 -0.162026 -0.242151 -0.0968864 -0.162611 -0.26538 
-0.287746 -0.144469 -0.239678 -0.256935 -0.152111 -0.241562 -0.226124 -0.159754 -0.243445 
-0.195313 -0.167396 -0.245329 -0.0236748 0.0307928 -0.38941 -0.0232292 0.0378507 -0.410755 
-0.0416315 0.0278156 -0.402613 0.00713622 0.0231503 -0.391294 0.00758184 0.0302082 -0.412639 
0.0379472 0.0155078 -0.393178 0.0383929 0.0225657 -0.414523 0.0508016 0.0048881 -0.408265 
0.161191 -0.0150622 -0.400713 0.161637 -0.00800437 -0.422058 0.143235 -0.0180394 -0.413916 
0.192002 -0.0227048 -0.402596 0.192448 -0.0156469 -0.423942 0.222813 -0.0303473 -0.40448 
0.223259 -0.0232894 -0.425826 0.253624 -0.0379898 -0.406364 0.25407 -0.0309319 -0.427709 
0.266479 -0.0486095 -0.421451 -0.0912904 0.0183652 -0.371242 -0.0908448 0.0254231 -0.392588 
-0.109247 0.015388 -0.384446 -0.0604794 0.0107227 -0.373126 -0.0600338 0.0177806 -0.394472 
-0.0296684 0.00308018 -0.37501 0.00114266 -0.00456233 -0.376894 0.0319537 -0.0122048 -0.378778 
0.0632103 -0.0127895 -0.402007 0.0627647 -0.0198474 -0.380661 0.0935757 -0.0274899 -0.382545 
0.0940213 -0.020432 -0.40389 0.124387 -0.0351324 -0.384429 0.124832 -0.0280745 -0.405774 
0.155198 -0.0427749 -0.386313 0.186009 -0.0504174 -0.388196 0.21682 -0.0580599 -0.39008 
0.247631 -0.0657024 -0.391964 0.278887 -0.0662871 -0.415193 0.278442 -0.073345 -0.393848 
0.291296 -0.0839647 -0.408935 -0.15846 0.0129955 -0.37442 -0.176863 0.00296038 -0.366278 
-0.128095 -0.00170493 -0.354959 -0.127649 0.00535294 -0.376304 0.241637 -0.0934151 -0.377564 
0.254492 -0.104035 -0.392651 0.272894 -0.0939997 -0.400793 -0.195265 -0.00707468 -0.358136 
-0.213667 -0.0171098 -0.349994 0.248498 -0.131747 -0.378251 -0.232515 -0.0342027 -0.320507 
-0.219661 -0.0448224 -0.335594 0.075595 -0.110628 -0.339345 0.0576383 -0.113605 -0.352548 
0.0760406 -0.10357 -0.36069 0.106852 -0.111212 -0.362574 0.106406 -0.11827 -0.341229 
0.137663 -0.118855 -0.364458 0.137217 -0.125913 -0.343112 0.168474 -0.126498 -0.366342 
0.168028 -0.133555 -0.344996 0.199285 -0.13414 -0.368225 0.198839 -0.141198 -0.34688 
0.230096 -0.141783 -0.370109 0.22965 -0.14884 -0.348764 -0.238063 -0.0548575 -0.327452 
-0.256465 -0.0648925 -0.319311 0.00797941 -0.123055 -0.321177 -0.00997726 -0.126033 -0.334381 
0.00842503 -0.115998 -0.342523 0.0392361 -0.12364 -0.344406 -0.275313 -0.0819855 -0.289823 
-0.262459 -0.0926052 -0.304911 -0.0596362 -0.135483 -0.30301 -0.0775929 -0.13846 -0.316213 
-0.0591906 -0.128425 -0.324355 -0.0283796 -0.136068 -0.326239 -0.280861 -0.10264 -0.296769 
-0.299264 -0.112675 -0.288627 -0.0964408 -0.155553 -0.286726 -0.114397 -0.15853 -0.299929 
-0.0959952 -0.148495 -0.308071 -0.286855 -0.130353 -0.282369 -0.2873 -0.137411 -0.261023 
-0.256044 -0.137995 -0.284252 -0.256489 -0.145053 -0.262907 -0.225233 -0.145638 -0.286136 
-0.225678 -0.152696 -0.264791 -0.194422 -0.15328 -0.28802 -0.194867 -0.160338 -0.266674 
-0.163611 -0.160923 -0.289904 -0.1328 -0.168565 -0.291787 0.167233 0.172972 -0.52792 
0.167679 0.18003 -0.549265 0.149276 0.169995 -0.541123 0.180087 0.162352 -0.543007 
0.130428 0.152902 -0.511636 0.130874 0.15996 -0.532982 0.112472 0.149925 -0.52484 
0.161239 0.145259 -0.51352 0.192496 0.144675 -0.536749 0.19205 0.137617 -0.515404 
0.204905 0.126997 -0.530491 0.0936238 0.132832 -0.495352 0.0940694 0.13989 -0.516698 
0.0756671 0.129854 -0.508556 0.124435 0.125189 -0.497236 0.155246 0.117547 -0.49912 
0.186057 0.109904 -0.501004 0.217313 0.109319 -0.524233 0.216868 0.102262 -0.502887 
0.247679 0.0946191 -0.504771 0.248124 0.101677 -0.526117 0.27849 0.0869765 -0.506655 
0.278935 0.0940344 -0.528 0.291344 0.0763568 -0.521742 0.0568192 0.112762 -0.479069 
0.0572648 0.119819 -0.500414 0.0388625 0.109784 -0.492272 0.0876302 0.105119 -0.480952 
0.118441 0.0974765 -0.482836 0.149252 0.089834 -0.48472 0.180063 0.0821915 -0.486604 
0.210874 0.0745489 -0.488487 0.241685 0.0669064 -0.490371 0.272496 0.0592639 -0.492255 
0.303753 0.0586793 -0.515484 0.303307 0.0516214 -0.494139 0.316162 0.0410017 -0.509226 
0.0508256 0.0850489 -0.464668 0.0328689 0.0820717 -0.477872 0.0816366 0.0774063 -0.466552 
0.112448 0.0697638 -0.468436 0.143259 0.0621213 -0.47032 0.17407 0.0544788 -0.472204 
0.204881 0.0468363 -0.474087 0.235692 0.0391938 -0.475971 0.266503 0.0315513 -0.477855 
0.297314 0.0239087 -0.479739 0.32857 0.0233241 -0.502968 0.328125 0.0162662 -0.481622 
0.340979 0.00564653 -0.49671 0.014021 0.0649787 -0.448385 0.0144666 0.0720366 -0.46973 
-0.00393565 0.0620015 -0.461588 0.044832 0.0573362 -0.450268 0.0756431 0.0496937 -0.452152 
0.106454 0.0420512 -0.454036 0.137265 0.0344087 -0.45592 0.168076 0.0267661 -0.457804 
0.198887 0.0191236 -0.459687 0.229698 0.0114811 -0.461571 0.260509 0.00383859 -0.463455 
0.29132 -0.00380392 -0.465339 0.322131 -0.0114464 -0.467222 0.334986 -0.0220661 -0.48231 
-0.0227836 0.0449086 -0.432101 -0.0223379 0.0519665 -0.453446 -0.0407402 0.0419314 -0.445304 
0.00802746 0.0372661 -0.433985 0.0388385 0.0296235 -0.435868 0.0696495 0.021981 -0.437752 
0.100461 0.0143385 -0.439636 0.131272 0.00669601 -0.44152 0.162083 -0.00094651 -0.443403 
0.192894 -0.00858903 -0.445287 0.223705 -0.0162315 -0.447171 0.254516 -0.0238741 -0.449055 
0.285327 -0.0315166 -0.450939 0.316138 -0.0391591 -0.452822 0.328992 -0.0497788 -0.46791 
-0.12121 0.0401235 -0.412049 -0.120765 0.0471813 -0.433395 -0.139167 0.0371463 -0.425253 
-0.0903992 0.0324809 -0.413933 -0.0899535 0.0395388 -0.435279 -0.0595881 0.0248384 -0.415817 
-0.0591425 0.0318963 -0.437162 0.0636559 -0.00573162 -0.423352 0.0944669 -0.0133741 -0.425236 
0.125278 -0.0210167 -0.42712 0.279333 -0.0592292 -0.436538 0.310144 -0.0668717 -0.438422 
0.322998 -0.0774914 -0.45351 -0.158015 0.0200533 -0.395766 -0.157569 0.0271112 -0.417111 
-0.175971 0.0170761 -0.408969 -0.127204 0.0124108 -0.397649 0.304596 -0.0875265 -0.445368 
0.286194 -0.0975616 -0.437226 -0.181965 -0.0106365 -0.394569 0.249389 -0.117632 -0.420942 
0.267792 -0.107597 -0.429084 -0.200367 -0.0206716 -0.386427 -0.21877 -0.0307067 -0.378285 
0.0764863 -0.0965121 -0.382036 0.0585296 -0.0994893 -0.395239 0.0769319 -0.0894542 -0.403381 
0.107743 -0.0970967 -0.405265 0.107297 -0.104155 -0.38392 0.138554 -0.104739 -0.407149 
0.138108 -0.111797 -0.385803 0.169365 -0.112382 -0.409032 0.168919 -0.11944 -0.387687 
0.200176 -0.120024 -0.410916 0.19973 -0.127082 -0.389571 0.230987 -0.127667 -0.4128 
0.230541 -0.134725 -0.391455 -0.224763 -0.0584193 -0.363885 0.0396817 -0.116582 -0.365752 
0.021725 -0.119559 -0.378955 0.0401273 -0.109524 -0.387097 -0.243165 -0.0684544 -0.355743 
-0.261568 -0.0784895 -0.347601 -0.0279339 -0.12901 -0.347584 -0.0458906 -0.131987 -0.360788 
-0.0274883 -0.121952 -0.36893 0.0033227 -0.129595 -0.370813 -0.267561 -0.106202 -0.333201 
-0.0955495 -0.141438 -0.329417 -0.113506 -0.144415 -0.34262 -0.0951039 -0.13438 -0.350762 
-0.0642929 -0.142022 -0.352646 -0.286409 -0.123295 -0.303714 -0.255153 -0.12388 -0.326943 
-0.255598 -0.130938 -0.305598 -0.224342 -0.131522 -0.328827 -0.224787 -0.13858 -0.307482 
-0.193531 -0.139165 -0.330711 -0.193976 -0.146223 -0.309365 -0.16272 -0.146807 -0.332594 
-0.163165 -0.153865 -0.311249 -0.131909 -0.15445 -0.334478 -0.132354 -0.161508 -0.313133 
0.168124 0.187088 -0.570611 0.16857 0.194146 -0.591956 0.150167 0.18411 -0.583814 
0.198935 0.179445 -0.572495 0.199381 0.186503 -0.59384 0.229746 0.171803 -0.574378 
0.230192 0.178861 -0.595724 0.242601 0.161183 -0.589466 0.13132 0.167018 -0.554327 
0.131765 0.174075 -0.575672 0.113363 0.16404 -0.56753 0.192942 0.151732 -0.558094 
0.223753 0.14409 -0.559978 0.255009 0.143505 -0.583207 0.254564 0.136447 -0.561862 
0.285375 0.128805 -0.563746 0.28582 0.135863 -0.585091 0.298229 0.118185 -0.578833 
0.094515 0.146947 -0.538043 0.0949606 0.154005 -0.559388 0.0765583 0.14397 -0.551247 
0.217759 0.116377 -0.545578 0.24857 0.108735 -0.547462 0.279381 0.101092 -0.549346 
0.310638 0.100508 -0.572575 0.310192 0.0934498 -0.55123 0.341003 0.0858073 -0.553113 
0.341449 0.0928651 -0.574459 0.371814 0.0781647 -0.554997 0.37226 0.0852226 -0.576342 
0.384668 0.067545 -0.570084 0.0577104 0.126877 -0.521759 0.058156 0.133935 -0.543105 
0.0397537 0.1239 -0.534963 0.304199 0.0657371 -0.536829 0.33501 0.0580946 -0.538713 
0.347864 0.0474749 -0.553801 0.366266 0.05751 -0.561942 0.0209058 0.106807 -0.505475 
0.0213514 0.113865 -0.526821 0.00294915 0.10383 -0.518679 0.329016 0.030382 -0.524313 
0.34187 0.0197623 -0.5394 0.0149123 0.0790945 -0.491075 -0.00304441 0.0761173 -0.504279 
0.335877 -0.0079504 -0.525 -0.0218923 0.0590243 -0.474792 -0.0214467 0.0660822 -0.496137 
-0.039849 0.0560471 -0.487995 0.329883 -0.0356631 -0.5106 -0.0895079 0.0465967 -0.456624 
-0.0890623 0.0536545 -0.477969 -0.107465 0.0436195 -0.469827 -0.0586969 0.0389542 -0.458508 
-0.0582513 0.046012 -0.479853 0.32389 -0.0633757 -0.4962 -0.125867 0.0335844 -0.461686 
-0.144269 0.0235493 -0.453544 0.317896 -0.0910884 -0.4818 -0.162671 0.0135143 -0.445402 
-0.181074 0.00347919 -0.43726 0.206615 -0.0852538 -0.446662 0.188658 -0.088231 -0.459865 
0.207061 -0.0781959 -0.468007 0.237872 -0.0858384 -0.469891 0.237426 -0.0928963 -0.448545 
0.25028 -0.103516 -0.463633 0.281092 -0.111159 -0.465516 0.299494 -0.101123 -0.473658 
-0.187067 -0.0242335 -0.42286 0.108189 -0.0900389 -0.42661 0.0902318 -0.0930161 -0.439814 
0.108634 -0.082981 -0.447956 0.139445 -0.0906235 -0.449839 0.139 -0.0976814 -0.428494 
0.170256 -0.0982661 -0.451723 0.169811 -0.105324 -0.430378 0.200622 -0.112966 -0.432262 
0.231433 -0.120609 -0.434145 0.262689 -0.121194 -0.457375 -0.20547 -0.0342685 -0.414718 
-0.223872 -0.0443036 -0.406576 0.0405729 -0.102467 -0.408443 0.0226162 -0.105444 -0.421646 
0.0410185 -0.0954086 -0.429788 0.0718295 -0.103051 -0.431672 -0.229865 -0.0720163 -0.392176 
0.00376831 -0.122537 -0.392159 -0.0141884 -0.125514 -0.405362 0.00421393 -0.115479 -0.413504 
-0.248713 -0.0891092 -0.362689 -0.235859 -0.0997289 -0.377776 -0.0509929 -0.145584 -0.389078 
-0.0325907 -0.135549 -0.39722 -0.254261 -0.109764 -0.369634 -0.272664 -0.119799 -0.361492 
-0.131463 -0.147392 -0.355824 -0.14942 -0.150369 -0.369027 -0.131017 -0.140334 -0.377169 
-0.100206 -0.147977 -0.379053 -0.0693952 -0.155619 -0.380937 -0.260255 -0.137477 -0.355234 
-0.229444 -0.145119 -0.357118 -0.198633 -0.152762 -0.359001 -0.167822 -0.160404 -0.360885 
0.163022 0.173491 -0.598902 0.193833 0.165848 -0.600785 0.224644 0.158206 -0.602669 
0.126663 0.160478 -0.603963 0.108261 0.150443 -0.595821 0.157474 0.152836 -0.605847 
0.188285 0.145193 -0.607731 0.219096 0.137551 -0.609614 0.249907 0.129908 -0.611498 
0.280272 0.115208 -0.592037 0.262316 0.112231 -0.60524 0.0586016 0.140993 -0.56445 
0.0590473 0.148051 -0.585795 0.040645 0.138016 -0.577654 0.0898583 0.140408 -0.587679 
0.274724 0.0945533 -0.598982 0.305535 0.0869107 -0.600866 0.336346 0.0792682 -0.602749 
0.367157 0.0716257 -0.604633 0.379566 0.0539481 -0.598375 0.0217971 0.120923 -0.548166 
0.0222427 0.127981 -0.569512 0.00384038 0.117946 -0.56137 0.360718 0.0368552 -0.568888 
0.373573 0.0262354 -0.583975 -0.0458185 0.108495 -0.529999 -0.0453729 0.115553 -0.551344 
-0.0637752 0.105518 -0.543202 -0.0150075 0.100853 -0.531882 -0.0145619 0.107911 -0.553228 
0.354725 0.00914253 -0.554488 0.367579 -0.00147718 -0.569575 -0.0518121 0.0807826 -0.515599 
-0.0697688 0.0778054 -0.528802 -0.0210011 0.07314 -0.517482 0.348731 -0.0185701 -0.540088 
0.361585 -0.0291898 -0.555175 -0.0886167 0.0607124 -0.499315 -0.0881711 0.0677703 -0.52066 
-0.106573 0.0577352 -0.512518 -0.0578057 0.0530699 -0.501199 0.342738 -0.0462828 -0.525688 
0.355592 -0.0569025 -0.540775 -0.125421 0.0406423 -0.483031 -0.124976 0.0477001 -0.504376 
-0.143378 0.0376651 -0.496234 0.318787 -0.0769726 -0.524491 0.33719 -0.0669376 -0.532633 
-0.149372 0.00995241 -0.481834 0.145884 -0.055853 -0.485585 0.127928 -0.0588302 -0.498788 
0.14633 -0.0487951 -0.50693 0.177141 -0.0564377 -0.508814 0.176695 -0.0634955 -0.487469 
0.207952 -0.0640802 -0.510698 0.207506 -0.071138 -0.489352 0.238763 -0.0717227 -0.512582 
0.238317 -0.0787806 -0.491236 0.269574 -0.0793652 -0.514465 0.269128 -0.0864231 -0.49312 
0.300385 -0.0870077 -0.516349 0.299939 -0.0940656 -0.495004 -0.167774 -8.26554e-05 -0.473692 
-0.186176 -0.0101177 -0.465551 0.0782687 -0.0682806 -0.467417 0.060312 -0.0712578 -0.480621 
0.0787143 -0.0612228 -0.488763 0.109525 -0.0688653 -0.490646 0.10908 -0.0759232 -0.469301 
0.139891 -0.0835657 -0.471185 0.170702 -0.0912082 -0.473069 0.263135 -0.114136 -0.47872 
-0.19217 -0.0378304 -0.45115 0.0414641 -0.0883508 -0.451133 0.0235075 -0.091328 -0.464337 
0.0419098 -0.0812929 -0.472479 0.0722751 -0.0959933 -0.453017 -0.211018 -0.0549233 -0.421663 
-0.198163 -0.065543 -0.43675 0.00465954 -0.108421 -0.43485 -0.0132971 -0.111398 -0.448053 
0.00510516 -0.101363 -0.456195 -0.216566 -0.0755781 -0.428609 -0.234968 -0.0856132 -0.420467 
-0.032145 -0.128491 -0.418566 -0.0501017 -0.131468 -0.431769 -0.0316994 -0.121433 -0.439911 
-0.240961 -0.113326 -0.406067 -0.0689496 -0.148561 -0.402282 -0.0869063 -0.151538 -0.415485 
-0.068504 -0.141503 -0.423627 -0.259809 -0.130419 -0.376579 -0.228553 -0.131003 -0.399808 
-0.228998 -0.138061 -0.378463 -0.197742 -0.138646 -0.401692 -0.198187 -0.145704 -0.380347 
-0.166931 -0.146288 -0.403576 -0.167376 -0.153346 -0.382231 -0.13612 -0.153931 -0.40546 
-0.105309 -0.161573 -0.407344 0.121561 0.146882 -0.632254 0.103158 0.136846 -0.624112 
0.152372 0.139239 -0.634138 0.182737 0.124539 -0.614676 0.16478 0.121561 -0.627879 
0.213548 0.116896 -0.61656 0.244359 0.109254 -0.618443 0.0226883 0.135039 -0.590857 
0.0231339 0.142096 -0.612202 0.00473161 0.132061 -0.604061 0.0539449 0.134454 -0.614086 
0.084756 0.126811 -0.61597 0.177189 0.103884 -0.621621 0.208 0.0962413 -0.623505 
0.238365 0.081541 -0.604043 0.220409 0.0785638 -0.617247 0.269176 0.0738984 -0.605927 
0.299987 0.0662559 -0.607811 0.312842 0.0556362 -0.622898 0.331244 0.0656713 -0.63104 
0.36161 0.0509709 -0.611578 0.343653 0.0479937 -0.624782 -0.0141163 0.114968 -0.574573 
-0.0136707 0.122026 -0.595919 -0.032073 0.111991 -0.587777 0.232817 0.0608862 -0.610989 
0.263628 0.0532437 -0.612873 0.29444 0.0456011 -0.614756 0.356062 0.0303161 -0.618524 
0.36847 0.0126385 -0.612266 -0.0504753 0.101956 -0.579635 -0.0688776 0.0919211 -0.571493 
0.349622 -0.00445438 -0.582779 0.331666 -0.00743159 -0.595982 0.350068 0.00260347 -0.604124 
-0.0877255 0.0748282 -0.542006 -0.0872798 0.081886 -0.563351 -0.105682 0.0718509 -0.555209 
0.189574 0.00604553 -0.55896 0.171617 0.00306832 -0.572163 0.190019 0.0131034 -0.580305 
0.202428 -0.00457419 -0.574047 0.343629 -0.032167 -0.568378 0.325672 -0.0351442 -0.581582 
-0.111676 0.0441383 -0.540809 0.121958 -0.00638211 -0.540792 0.104001 -0.00935932 -0.553995 
0.122404 0.000675753 -0.562137 0.153215 -0.00696676 -0.564021 0.152769 -0.0140246 -0.542676 
0.18358 -0.0216671 -0.544559 0.214837 -0.0222518 -0.567789 0.214391 -0.0293096 -0.546443 
0.245648 -0.0298943 -0.569672 0.245202 -0.0369522 -0.548327 0.276459 -0.0375368 -0.571556 
0.276013 -0.0445947 -0.550211 0.30727 -0.0451793 -0.57344 0.306824 -0.0522372 -0.552095 
0.337635 -0.0598797 -0.553978 -0.130078 0.0341032 -0.532667 -0.14848 0.0240681 -0.524525 
0.115965 -0.0340948 -0.526392 0.0980079 -0.037072 -0.539595 0.146776 -0.0417373 -0.528276 
0.177587 -0.0493798 -0.530159 0.208398 -0.0570223 -0.532043 0.239209 -0.0646648 -0.533927 
0.27002 -0.0723073 -0.535811 0.300831 -0.0799498 -0.537695 -0.154474 -0.00364451 -0.510125 
0.0791599 -0.0541649 -0.510108 0.0612033 -0.0571421 -0.523311 0.0796056 -0.047107 -0.531453 
0.109971 -0.0618074 -0.511992 -0.173322 -0.0207374 -0.480638 -0.160467 -0.0313572 -0.495725 
0.0423554 -0.074235 -0.493824 0.0243987 -0.0772123 -0.507028 0.042801 -0.0671772 -0.51517 
-0.17887 -0.0413922 -0.487583 -0.197272 -0.0514273 -0.479441 0.00555078 -0.0943052 -0.47754 
-0.0124059 -0.0972824 -0.490744 0.00599639 -0.0872473 -0.498886 -0.203266 -0.07914 -0.465041 
-0.0312538 -0.114375 -0.461257 -0.0492105 -0.117353 -0.47446 -0.0308082 -0.107317 -0.482602 
-0.222114 -0.0962329 -0.435554 -0.209259 -0.106853 -0.450641 -0.0680584 -0.134445 -0.444973 
-0.0860151 -0.137423 -0.458176 -0.0676128 -0.127388 -0.466318 -0.228107 -0.123946 -0.421154 
-0.215253 -0.134565 -0.436241 -0.166485 -0.139231 -0.424921 -0.184442 -0.142208 -0.438125 
-0.166039 -0.132173 -0.446267 -0.135228 -0.139815 -0.448151 -0.135674 -0.146873 -0.426805 
-0.104417 -0.147458 -0.450034 -0.104863 -0.154516 -0.428689 -0.202844 -0.152243 -0.429983 
0.0543905 0.141512 -0.635432 0.0548362 0.14857 -0.656777 0.0364339 0.138535 -0.648635 
0.0672449 0.130892 -0.650519 0.116013 0.126227 -0.639199 0.146824 0.118584 -0.641083 
0.0180316 0.1285 -0.640493 -0.000370719 0.118464 -0.632351 0.0796536 0.113214 -0.644261 
0.110465 0.105572 -0.646144 0.14083 0.0908716 -0.626683 0.122873 0.0878944 -0.639886 
0.171641 0.0832291 -0.628567 0.202452 0.0755866 -0.63045 0.325696 0.0450165 -0.637986 
-0.018773 0.108429 -0.624209 -0.0371753 0.0983943 -0.616067 0.135282 0.0702168 -0.633628 
0.165647 0.0555164 -0.614167 0.147691 0.0525392 -0.62737 0.196459 0.0478739 -0.61605 
0.22727 0.0402314 -0.617934 0.258081 0.0325889 -0.619818 0.288892 0.0249464 -0.621702 
0.319703 0.0173038 -0.623585 0.350514 0.00966132 -0.625469 -0.0555776 0.0883592 -0.607925 
-0.0739799 0.0783242 -0.599784 0.159654 0.0278038 -0.599766 0.141697 0.0248266 -0.61297 
0.190465 0.0201613 -0.60165 0.221276 0.0125188 -0.603534 0.252087 0.00487625 -0.605418 
0.282898 -0.00276627 -0.607302 0.313709 -0.0104088 -0.609185 -0.0928278 0.0612312 -0.570296 
-0.0799735 0.0506115 -0.585384 0.122849 0.00773364 -0.583483 0.104893 0.00475643 -0.596686 
0.123295 0.0147915 -0.604828 0.15366 9.11262e-05 -0.585366 0.215282 -0.0151939 -0.589134 
0.246093 -0.0228364 -0.591018 0.276904 -0.0304789 -0.592902 0.307715 -0.0381214 -0.594785 
-0.0983757 0.0405764 -0.577242 -0.116778 0.0305414 -0.5691 0.0860448 -0.0123365 -0.567199 
0.0680881 -0.0153137 -0.580402 0.0864904 -0.00527866 -0.588544 -0.135626 0.0134484 -0.539612 
-0.122772 0.00282871 -0.5547 0.0492402 -0.0324066 -0.550915 0.0312835 -0.0353839 -0.564119 
0.0496858 -0.0253488 -0.57226 0.0800512 -0.0400492 -0.552799 -0.141174 -0.00720636 -0.546558 
-0.159576 -0.0172414 -0.538416 0.0432466 -0.0601193 -0.536515 0.0252899 -0.0630965 -0.549718 
-0.16557 -0.0449541 -0.524016 0.00644202 -0.0801894 -0.520231 -0.0115147 -0.0831667 -0.533435 
0.00688763 -0.0731316 -0.541577 -0.184418 -0.062047 -0.494528 -0.171563 -0.0726667 -0.509616 
-0.0303626 -0.10026 -0.503947 -0.0483193 -0.103237 -0.517151 -0.029917 -0.0932017 -0.525293 
-0.190411 -0.0897597 -0.480128 -0.177557 -0.100379 -0.495216 -0.0671672 -0.12033 -0.487663 
-0.0851238 -0.123307 -0.500867 -0.0667215 -0.113272 -0.509009 -0.196405 -0.117472 -0.465728 
-0.18355 -0.128092 -0.480816 -0.103972 -0.1404 -0.47138 -0.121928 -0.143377 -0.484583 
-0.103526 -0.133342 -0.492725 -0.202398 -0.145185 -0.451328 -0.171142 -0.14577 -0.474557 
-0.140331 -0.153412 -0.476441 0.0492882 0.127915 -0.663722 0.0124836 0.107845 -0.647438 
0.0432946 0.100202 -0.649322 0.0741057 0.0925597 -0.651206 0.104917 0.0849172 -0.65309 
-0.0238753 0.0948324 -0.6525 -0.0422776 0.0847974 -0.644358 0.00693568 0.0871899 -0.654384 
0.0373011 0.0724895 -0.634922 0.0193444 0.0695123 -0.648126 0.0681121 0.064847 -0.636806 
0.0989231 0.0572045 -0.63869 0.129734 0.049562 -0.640574 -0.0611255 0.0677045 -0.614871 
-0.0482712 0.0570847 -0.629958 0.0313075 0.0447769 -0.620522 0.0133508 0.0417997 -0.633726 
0.0621185 0.0371344 -0.622406 0.0929296 0.0294919 -0.62429 0.123741 0.0218494 -0.626173 
-0.0666735 0.0470496 -0.621816 -0.0850758 0.0370146 -0.613674 0.025314 0.0170643 -0.606122 
0.00735727 0.014087 -0.619326 0.056125 0.00942175 -0.608006 0.086936 0.00177923 -0.60989 
-0.103924 0.0199216 -0.584187 -0.0910693 0.00930192 -0.599274 0.0193204 -0.0106484 -0.591722 
0.0013637 -0.0136256 -0.604926 0.0501314 -0.0182909 -0.593606 -0.109917 -0.007791 -0.569787 
-0.0970629 -0.0184107 -0.584874 0.0133268 -0.0383611 -0.577322 -0.00462986 -0.0413383 -0.590526 
-0.146722 -0.0278611 -0.553503 -0.133868 -0.0384809 -0.56859 -0.115465 -0.0284458 -0.576732 
-0.0234778 -0.0584312 -0.561038 -0.0414344 -0.0614084 -0.574242 -0.0230322 -0.0513733 -0.582384 
0.00733325 -0.0660737 -0.562922 -0.152715 -0.0555738 -0.539103 -0.139861 -0.0661935 -0.55419 
-0.0602824 -0.0785013 -0.544754 -0.078239 -0.0814786 -0.557958 -0.0598367 -0.0714435 -0.5661 
-0.0294713 -0.0861439 -0.546638 -0.158709 -0.0832865 -0.524703 -0.127452 -0.0838711 -0.547932 
-0.127898 -0.090929 -0.526587 -0.115044 -0.101549 -0.541674 -0.0662759 -0.106214 -0.530354 
-0.0842326 -0.109191 -0.543558 -0.164703 -0.110999 -0.510303 -0.133892 -0.118642 -0.512187 
-0.102635 -0.119226 -0.535416 -0.103081 -0.126284 -0.51407 -0.170696 -0.138712 -0.495903 
-0.139885 -0.146354 -0.497787 -0.0294233 0.0741777 -0.659445 0.00138773 0.0665351 -0.661329 
-0.0354169 0.046465 -0.645045 -0.00460583 0.0388225 -0.646929 -0.0722214 0.0263949 -0.628762 
-0.0414104 0.0187524 -0.630645 -0.0105994 0.0111099 -0.632529 -0.078215 -0.0013178 -0.614361 
-0.0653607 -0.0119375 -0.629449 -0.0469584 -0.00190245 -0.637591 -0.016593 -0.0166028 -0.618129 
-0.0345496 -0.01958 -0.631333 -0.0842086 -0.0290304 -0.599961 -0.0713542 -0.0396502 -0.615049 
-0.0225865 -0.0443155 -0.603729 -0.0405432 -0.0472927 -0.616932 -0.121013 -0.0491006 -0.583678 
-0.0902021 -0.0567431 -0.585561 -0.0589455 -0.0573278 -0.608791 -0.0593911 -0.0643856 -0.587445 
-0.127007 -0.0768132 -0.569277 -0.0961957 -0.0844558 -0.571161 -0.102189 -0.112168 -0.556761 
-0.0525063 -0.0225572 -0.644536 -0.0584999 -0.0502699 -0.630136 
POLYGONS 5393 16176
OFFSETS vtktypeint64
0 3 6 9 12 15 18 21 24 
27 30 33 36 39 42 45 48 51 
54 57 60 63 66 69 72 75 78 
81 84 87 90 93 96 99 102 105 
108 111 114 117 120 123 126 129 132 
135 138 141 144 147 150 153 156 159 
162 165 168 171 174 177 180 183 186 
189 192 195 198 201 204 207 210 213 
216 219 222 225 228 231 234 237 240 
243 246 249 252 255 258 261 264 267 
270 273 276 279 282 285 288 291 294 
297 300 303 306 309 312 315 318 321 
324 327 330 333 336 339 342 345 348 
351 354 357 360 363 366 369 372 375 
378 381 384 387 390 393 396 399 402 
405 408 411 414 417 420 423 426 429 
432 435 438 441 444 447 450 453 456 
459 462 465 468 471 474 477 480 483 
486 489 492 495 498 501 504 507 510 
513 516 519 522 525 528 531 534 537 
540 543 546 549 552 555 558 561 564 
567 570 573 576 579 582 585 588 591 
594 597 600 603 606 609 612 615 618 
621 624 627 630 633 636 639 642 645 
648 651 654 657 660 663 666 669 672 
675 678 681 684 687 690 693 696 699 
702 705 708 711 714 717 720 723 726 
729 732 735 738 741 744 747 750 753 
756 759 762 765 768 771 774 777 780 
783 786 789 792 795 798 801 804 807 
810 813 816 819 822 825 828 831 834 
837 840 843 846 849 852 855 858 861 
864 867 870 873 876 879 882 885 888 
891 894 897 900 903 906 909 912 915 
918 921 924 927 930 933 936 939 942 
945 948 951 954 957 960 963 966 969 
972 975 978 981 984 987 990 993 996 
999 1002 1005 1008 1011 1014 1017 1020 1023 
1026 1029 1032 1035 1038 1041 1044 1047 1050 
1053 1056 1059 1062 1065 1068 1071 1074 1077 
1080 1083 1086 1089 1092 1095 1098 1101 1104 
1107 1110 1113 1116 1119 1122 1125 1128 1131 
1134 1137 1140 1143 1146 1149 1152 1155 1158 
1161 1164 1167 1170 1173 1176 1179 1182 1185 
1188 1191 1194 1197 1200 1203 1206 1209 1212 
1215 1218 1221 1224 1227 1230 1233 1236 1239 
1242 1245 1248 1251 1254 1257 1260 1263 1266 
1269 1272 1275 1278 1281 1284 1287 1290 1293 
1296 1299 1302 1305 1308 1311 1314 1317 1320 
1323 1326 1329 1332 1335 1338 1341 1344 1347 
1350 1353 1356 1359 1362 1365 1368 1371 1374 
1377 1380 1383 1386 1389 1392 1395 1398 1401 
1404 1407 1410 1413 1416 1419 1422 1425 1428 
1431 1434 1437 1440 1443 1446 1449 1452 1455 
1458 1461 1464 1467 1470 1473 1476 1479 1482 
1485 1488 1491 1494 1497 1500 1503 1506 1509 
1512 1515 1518 1521 1524 1527 1530 1533 1536 
1539 1542 1545 1548 1551 1554 1557 1560 1563 
1566 1569 1572 1575 1578 1581 1584 1587 1590 
1593 1596 1599 1602 1605 1608 1611 1614 1617 
1620 1623 1626 1629 1632 1635 1638 1641 1644 
1647 1650 1653 1656 1659 1662 1665 1668 1671 
1674 1677 1680 1683 1686 1689 1692 1695 1698 
1701 1704 1707 1710 1713 1716 1719 1722 1725 
1728 1731 1734 1737 1740 1743 1746 1749 1752 
1755 1758 1761 1764 1767 1770 1773 1776 1779 
1782 1785 1788 1791 1794 1797 1800 1803 1806 
1809 1812 1815 1818 1821 1824 1827 1830 1833 
1836 1839 1842 1845 1848 1851 1854 1857 1860 
1863 1866 1869 1872 1875 1878 1881 1884 1887 
1890 1893 1896 1899 1902 1905 1908 1911 1914 
1917 1920 1923 1926 1929 1932 1935 1938 1941 
1944 1947 1950 1953 1956 1959 1962 1965 1968 
1971 1974 1977 1980 1983 1986 1989 1992 1995 
1998 2001 2004 2007 2010 2013 2016 2019 2022 
2025 2028 2031 2034 2037 2040 2043 2046 2049 
2052 2055 2058 2061 2064 2067 2070 2073 2076 
2079 2082 2085 2088 2091 2094 2097 2100 2103 
2106 2109 2112 2115 2118 2121 2124 2127 2130 
2133 2136 2139 2142 2145 2148 2151 2154 2157 
2160 2163 2166 2169 2172 2175 2178 2181 2184 
2187 2190 2193 2196 2199 2202 2205 2208 2211 
2214 2217 2220 2223 2226 2229 2232 2235 2238 
2241 2244 2247 2250 2253 2256 2259 2262 2265 
2268 2271 2274 2277 2280 2283 2286 2289 2292 
2295 2298 2301 2304 2307 2310 2313 2316 2319 
2322 2325 2328 2331 2334 2337 2340 2343 2346 
2349 2352 2355 2358 2361 2364 2367 2370 2373 
2376 2379 2382 2385 2388 2391 2394 2397 2400 
2403 2406 2409 2412 2415 2418 2421 2424 2427 
2430 2433 2436 2439 2442 2445 2448 2451 2454 
2457 2460 2463 2466 2469 2472 2475 2478 2481 
2484 2487 2490 2493 2496 2499 2502 2505 2508 
2511 2514 2517 2520 2523 2526 2529 2532 2535 
2538 2541 2544 2547 2550 2553 2556 2559 2562 
2565 2568 2571 2574 2577 2580 2583 2586 2589 
2592 2595 2598 2601 2604 2607 2610 2613 2616 
2619 2622 2625 2628 2631 2634 2637 2640 2643 
2646 2649 2652 2655 2658 2661 2664 2667 2670 
2673 2676 2679 2682 2685 2688 2691 2694 2697 
2700 2703 2706 2709 2712 2715 2718 2721 2724 
2727 2730 2733 2736 2739 2742 2745 2748 2751 
2754 2757 2760 2763 2766 2769 2772 2775 2778 
2781 2784 2787 2790 2793 2796 2799 2802 2805 
2808 2811 2814 2817 2820 2823 2826 2829 2832 
2835 2838 2841 2844 2847 2850 2853 2856 2859 
2862 2865 2868 2871 2874 2877 2880 2883 2886 
2889 2892 2895 2898 2901 2904 2907 2910 2913 
2916 2919 2922 2925 2928 2931 2934 2937 2940 
2943 2946 2949 2952 2955 2958 2961 2964 2967 
2970 2973 2976 2979 2982 2985 2988 2991 2994 
2997 3000 3003 3006 3009 3012 3015 3018 3021 
3024 3027 3030 3033 3036 3039 3042 3045 3048 
3051 3054 3057 3060 3063 3066 3069 3072 3075 
3078 3081 3084 3087 3090 3093 3096 3099 3102 
3105 3108 3111 3114 3117 3120 3123 3126 3129 
3132 3135 3138 3141 3144 3147 3150 3153 3156 
3159 3162 3165 3168 3171 3174 3177 3180 3183 
3186 3189 3192 3195 3198 3201 3204 3207 3210 
3213 3216 3219 3222 3225 3228 3231 3234 3237 
3240 3243 3246 3249 3252 3255 3258 3261 3264 
3267 3270 3273 3276 3279 3282 3285 3288 3291 
3294 3297 3300 3303 3306 3309 3312 3315 3318 
3321 3324 3327 3330 3333 3336 3339 3342 3345 
3348 3351 3354 3357 3360 3363 3366 3369 3372 
3375 3378 3381 3384 3387 3390 3393 3396 3399 
3402 3405 3408 3411 3414 3417 3420 3423 3426 
3429 3432 3435 3438 3441 3444 3447 3450 3453 
3456 3459 3462 3465 3468 3471 3474 3477 3480 
3483 3486 3489 3492 3495 3498 3501 3504 3507 
3510 3513 3516 3519 3522 3525 3528 3531 3534 
3537 3540 3543 3546 3549 3552 3555 3558 3561 
3564 3567 3570 3573 3576 3579 3582 3585 3588 
3591 3594 3597 3600 3603 3606 3609 3612 3615 
3618 3621 3624 3627 3630 3633 3636 3639 3642 
3645 3648 3651 3654 3657 3660 3663 3666 3669 
3672 3675 3678 3681 3684 3687 3690 3693 3696 
3699 3702 3705 3708 3711 3714 3717 3720 3723 
3726 3729 3732 3735 3738 3741 3744 3747 3750 
3753 3756 3759 3762 3765 3768 3771 3774 3777 
3780 3783 3786 3789 3792 3795 3798 3801 3804 
3807 3810 3813 3816 3819 3822 3825 3828 3831 
3834 3837 3840 3843 3846 3849 3852 3855 3858 
3861 3864 3867 3870 3873 3876 3879 3882 3885 
3888 3891 3894 3897 3900 3903 3906 3909 3912 
3915 3918 3921 3924 3927 3930 3933 3936 3939 
3942 3945 3948 3951 3954 3957 3960 3963 3966 
3969 3972 3975 3978 3981 3984 3987 3990 3993 
3996 3999 4002 4005 4008 4011 4014 4017 4020 
4023 4026 4029 4032 4035 4038 4041 4044 4047 
4050 4053 4056 4059 4062 4065 4068 4071 4074 
4077 4080 4083 4086 4089 4092 4095 4098 4101 
4104 4107 4110 4113 4116 4119 4122 4125 4128 
4131 4134 4137 4140 4143 4146 4149 4152 4155 
4158 4161 4164 4167 4170 4173 4176 4179 4182 
4185 4188 4191 4194 4197 4200 4203 4206 4209 
4212 4215 4218 4221 4224 4227 4230 4233 4236 
4239 4242 4245 4248 4251 4254 4257 4260 4263 
4266 4269 4272 4275 4278 4281 4284 4287 4290 
4293 4296 4299 4302 4305 4308 4311 4314 4317 
4320 4323 4326 4329 4332 4335 4338 4341 4344 
4347 4350 4353 4356 4359 4362 4365 4368 4371 
4374 4377 4380 4383 4386 4389 4392 4395 4398 
4401 4404 4407 4410 4413 4416 4419 4422 4425 
4428 4431 4434 4437 4440 4443 4446 4449 4452 
4455 4458 4461 4464 4467 4470 4473 4476 4479 
4482 4485 4488 4491 4494 4497 4500 4503 4506 
4509 4512 4515 4518 4521 4524 4527 4530 4533 
4536 4539 4542 4545 4548 4551 4554 4557 4560 
4563 4566 4569 4572 4575 4578 4581 4584 4587 
4590 4593 4596 4599 4602 4605 4608 4611 4614 
4617 4620 4623 4626 4629 4632 4635 4638 4641 
4644 4647 4650 4653 4656 4659 4662 4665 4668 
4671 4674 4677 4680 4683 4686 4689 4692 4695 
4698 4701 4704 4707 4710 4713 4716 4719 4722 
4725 4728 4731 4734 4737 4740 4743 4746 4749 
4752 4755 4758 4761 4764 4767 4770 4773 4776 
4779 4782 4785 4788 4791 4794 4797 4800 4803 
4806 4809 4812 4815 4818 4821 4824 4827 4830 
4833 4836 4839 4842 4845 4848 4851 4854 4857 
4860 4863 4866 4869 4872 4875 4878 4881 4884 
4887 4890 4893 4896 4899 4902 4905 4908 4911 
4914 4917 4920 4923 4926 4929 4932 4935 4938 
4941 4944 4947 4950 4953 4956 4959 4962 4965 
4968 4971 4974 4977 4980 4983 4986 4989 4992 
4995 4998 5001 5004 5007 5010 5013 5016 5019 
5022 5025 5028 5031 5034 5037 5040 5043 5046 
5049 5052 5055 5058 5061 5064 5067 5070 5073 
5076 5079 5082 5085 5088 5091 5094 5097 5100 
5103 5106 5109 5112 5115 5118 5121 5124 5127 
5130 5133 5136 5139 5142 5145 5148 5151 5154 
5157 5160 5163 5166 5169 5172 5175 5178 5181 
5184 5187 5190 5193 5196 5199 5202 5205 5208 
5211 5214 5217 5220 5223 5226 5229 5232 5235 
5238 5241 5244 5247 5250 5253 5256 5259 5262 
5265 5268 5271 5274 5277 5280 5283 5286 5289 
5292 5295 5298 5301 5304 5307 5310 5313 5316 
5319 5322 5325 5328 5331 5334 5337 5340 5343 
5346 5349 5352 5355 5358 5361 5364 5367 5370 
5373 5376 5379 5382 5385 5388 5391 5394 5397 
5400 5403 5406 5409 5412 5415 5418 5421 5424 
5427 5430 5433 5436 5439 5442 5445 5448 5451 
5454 5457 5460 5463 5466 5469 5472 5475 5478 
5481 5484 5487 5490 5493 5496 5499 5502 5505 
5508 5511 5514 5517 5520 5523 5526 5529 5532 
5535 5538 5541 5544 5547 5550 5553 5556 5559 
5562 5565 5568 5571 5574 5577 5580 5583 5586 
5589 5592 5595 5598 5601 5604 5607 5610 5613 
5616 5619 5622 5625 5628 5631 5634 5637 5640 
5643 5646 5649 5652 5655 5658 5661 5664 5667 
5670 5673 5676 5679 5682 5685 5688 5691 5694 
5697 5700 5703 5706 5709 5712 5715 5718 5721 
5724 5727 5730 5733 5736 5739 5742 5745 5748 
5751 5754 5757 5760 5763 5766 5769 5772 5775 
5778 5781 5784 5787 5790 5793 5796 5799 5802 
5805 5808 5811 5814 5817 5820 5823 5826 5829 
5832 5835 5838 5841 5844 5847 5850 5853 5856 
5859 5862 5865 5868 5871 5874 5877 5880 5883 
5886 5889 5892 5895 5898 5901 5904 5907 5910 
5913 5916 5919 5922 5925 5928 5931 5934 5937 
5940 5943 5946 5949 5952 5955 5958 5961 5964 
5967 5970 5973 5976 5979 5982 5985 5988 5991 
5994 5997 6000 6003 6006 6009 6012 6015 6018 
6021 6024 6027 6030 6033 6036 6039 6042 6045 
6048 6051 6054 6057 6060 6063 6066 6069 6072 
6075 6078 6081 6084 6087 6090 6093 6096 6099 
6102 6105 6108 6111 6114 6117 6120 6123 6126 
6129 6132 6135 6138 6141 6144 6147 6150 6153 
6156 6159 6162 6165 6168 6171 6174 6177 6180 
6183 6186 6189 6192 6195 6198 6201 6204 6207 
6210 6213 6216 6219 6222 6225 6228 6231 6234 
6237 6240 6243 6246 6249 6252 6255 6258 6261 
6264 6267 6270 6273 6276 6279 6282 6285 6288 
6291 6294 6297 6300 6303 6306 6309 6312 6315 
6318 6321 6324 6327 6330 6333 6336 6339 6342 
6345 6348 6351 6354 6357 6360 6363 6366 6369 
6372 6375 6378 6381 6384 6387 6390 6393 6396 
6399 6402 6405 6408 6411 6414 6417 6420 6423 
6426 6429 6432 6435 6438 6441 6444 6447 6450 
6453 6456 6459 6462 6465 6468 6471 6474 6477 
6480 6483 6486 6489 6492 6495 6498 6501 6504 
6507 6510 6513 6516 6519 6522 6525 6528 6531 
6534 6537 6540 6543 6546 6549 6552 6555 6558 
6561 6564 6567 6570 6573 6576 6579 6582 6585 
6588 6591 6594 6597 6600 6603 6606 6609 6612 
6615 6618 6621 6624 6627 6630 6633 6636 6639 
6642 6645 6648 6651 6654 6657 6660 6663 6666 
6669 6672 6675 6678 6681 6684 6687 6690 6693 
6696 6699 6702 6705 6708 6711 6714 6717 6720 
6723 6726 6729 6732 6735 6738 6741 6744 6747 
6750 6753 6756 6759 6762 6765 6768 6771 6774 
6777 6780 6783 6786 6789 6792 6795 6798 6801 
6804 6807 6810 6813 6816 6819 6822 6825 6828 
6831 6834 6837 6840 6843 6846 6849 6852 6855 
6858 6861 6864 6867 6870 6873 6876 6879 6882 
6885 6888 6891 6894 6897 6900 6903 6906 6909 
6912 6915 6918 6921 6924 6927 6930 6933 6936 
6939 6942 6945 6948 6951 6954 6957 6960 6963 
6966 6969 6972 6975 6978 6981 6984 6987 6990 
6993 6996 6999 7002 7005 7008 7011 7014 7017 
7020 7023 7026 7029 7032 7035 7038 7041 7044 
7047 7050 7053 7056 7059 7062 7065 7068 7071 
7074 7077 7080 7083 7086 7089 7092 7095 7098 
7101 7104 7107 7110 7113 7116 7119 7122 7125 
7128 7131 7134 7137 7140 7143 7146 7149 7152 
7155 7158 7161 7164 7167 7170 7173 7176 7179 
7182 7185 7188 7191 7194 7197 7200 7203 7206 
7209 7212 7215 7218 7221 7224 7227 7230 7233 
7236 7239 7242 7245 7248 7251 7254 7257 7260 
7263 7266 7269 7272 7275 7278 7281 7284 7287 
7290 7293 7296 7299 7302 7305 7308 7311 7314 
7317 7320 7323 7326 7329 7332 7335 7338 7341 
7344 7347 7350 7353 7356 7359 7362 7365 7368 
7371 7374 7377 7380 7383 7386 7389 7392 7395 
7398 7401 7404 7407 7410 7413 7416 7419 7422 
7425 7428 7431 7434 7437 7440 7443 7446 7449 
7452 7455 7458 7461 7464 7467 7470 7473 7476 
7479 7482 7485 7488 7491 7494 7497 7500 7503 
7506 7509 7512 7515 7518 7521 7524 7527 7530 
7533 7536 7539 7542 7545 7548 7551 7554 7557 
7560 7563 7566 7569 7572 7575 7578 7581 7584 
7587 7590 7593 7596 7599 7602 7605 7608 7611 
7614 7617 7620 7623 7626 7629 7632 7635 7638 
7641 7644 7647 7650 7653 7656 7659 7662 7665 
7668 7671 7674 7677 7680 7683 7686 7689 7692 
7695 7698 7701 7704 7707 7710 7713 7716 7719 
7722 7725 7728 7731 7734 7737 7740 7743 7746 
7749 7752 7755 7758 7761 7764 7767 7770 7773 
7776 7779 7782 7785 7788 7791 7794 7797 7800 
7803 7806 7809 7812 7815 7818 7821 7824 7827 
7830 7833 7836 7839 7842 7845 7848 7851 7854 
7857 7860 7863 7866 7869 7872 7875 7878 7881 
7884 7887 7890 7893 7896 7899 7902 7905 7908 
7911 7914 7917 7920 7923 7926 7929 7932 7935 
7938 7941 7944 7947 7950 7953 7956 7959 7962 
7965 7968 7971 7974 7977 7980 7983 7986 7989 
7992 7995 7998 8001 8004 8007 8010 8013 8016 
8019 8022 8025 8028 8031 8034 8037 8040 8043 
8046 8049 8052 8055 8058 8061 8064 8067 8070 
8073 8076 8079 8082 8085 8088 8091 8094 8097 
8100 8103 8106 8109 8112 8115 8118 8121 8124 
8127 8130 8133 8136 8139 8142 8145 8148 8151 
8154 8157 8160 8163 8166 8169 8172 8175 8178 
8181 8184 8187 8190 8193 8196 8199 8202 8205 
8208 8211 8214 8217 8220 8223 8226 8229 8232 
8235 8238 8241 8244 8247 8250 8253 8256 8259 
8262 8265 8268 8271 8274 8277 8280 8283 8286 
8289 8292 8295 8298 8301 8304 8307 8310 8313 
8316 8319 8322 8325 8328 8331 8334 8337 8340 
8343 8346 8349 8352 8355 8358 8361 8364 8367 
8370 8373 8376 8379 8382 8385 8388 8391 8394 
8397 8400 8403 8406 8409 8412 8415 8418 8421 
8424 8427 8430 8433 8436 8439 8442 8445 8448 
8451 8454 8457 8460 8463 8466 8469 8472 8475 
8478 8481 8484 8487 8490 8493 8496 8499 8502 
8505 8508 8511 8514 8517 8520 8523 8526 8529 
8532 8535 8538 8541 8544 8547 8550 8553 8556 
8559 8562 8565 8568 8571 8574 8577 8580 8583 
8586 8589 8592 8595 8598 8601 8604 8607 8610 
8613 8616 8619 8622 8625 8628 8631 8634 8637 
8640 8643 8646 8649 8652 8655 8658 8661 8664 
8667 8670 8673 8676 8679 8682 8685 8688 8691 
8694 8697 8700 8703 8706 8709 8712 8715 8718 
8721 8724 8727 8730 8733 8736 8739 8742 8745 
8748 8751 8754 8757 8760 8763 8766 8769 8772 
8775 8778 8781 8784 8787 8790 8793 8796 8799 
8802 8805 8808 8811 8814 8817 8820 8823 8826 
8829 8832 8835 8838 8841 8844 8847 8850 8853 
8856 8859 8862 8865 8868 8871 8874 8877 8880 
8883 8886 8889 8892 8895 8898 8901 8904 8907 
8910 8913 8916 8919 8922 8925 8928 8931 8934 
8937 8940 8943 8946 8949 8952 8955 8958 8961 
8964 8967 8970 8973 8976 8979 8982 8985 8988 
8991 8994 8997 9000 9003 9006 9009 9012 9015 
9018 9021 9024 9027 9030 9033 9036 9039 9042 
9045 9048 9051 9054 9057 9060 9063 9066 9069 
9072 9075 9078 9081 9084 9087 9090 9093 9096 
9099 9102 9105 9108 9111 9114 9117 9120 9123 
9126 9129 9132 9135 9138 9141 9144 9147 9150 
9153 9156 9159 9162 9165 9168 9171 9174 9177 
9180 9183 9186 9189 9192 9195 9198 9201 9204 
9207 9210 9213 9216 9219 9222 9225 9228 9231 
9234 9237 9240 9243 9246 9249 9252 9255 9258 
9261 9264 9267 9270 9273 9276 9279 9282 9285 
9288 9291 9294 9297 9300 9303 9306 9309 9312 
9315 9318 9321 9324 9327 9330 9333 9336 9339 
9342 9345 9348 9351 9354 9357 9360 9363 9366 
9369 9372 9375 9378 9381 9384 9387 9390 9393 
9396 9399 9402 9405 9408 9411 9414 9417 9420 
9423 9426 9429 9432 9435 9438 9441 9444 9447 
9450 9453 9456 9459 9462 9465 9468 9471 9474 
9477 9480 9483 9486 9489 9492 9495 9498 9501 
9504 9507 9510 9513 9516 9519 9522 9525 9528 
9531 9534 9537 9540 9543 9546 9549 9552 9555 
9558 9561 9564 9567 9570 9573 9576 9579 9582 
9585 9588 9591 9594 9597 9600 9603 9606 9609 
9612 9615 9618 9621 9624 9627 9630 9633 9636 
9639 9642 9645 9648 9651 9654 9657 9660 9663 
9666 9669 9672 9675 9678 9681 9684 9687 9690 
9693 9696 9699 9702 9705 9708 9711 9714 9717 
9720 9723 9726 9729 9732 9735 9738 9741 9744 
9747 9750 9753 9756 9759 9762 9765 9768 9771 
9774 9777 9780 9783 9786 9789 9792 9795 9798 
9801 9804 9807 9810 9813 9816 9819 9822 9825 
9828 9831 9834 9837 9840 9843 9846 9849 9852 
9855 9858 9861 9864 9867 9870 9873 9876 9879 
9882 9885 9888 9891 9894 9897 9900 9903 9906 
9909 9912 9915 9918 9921 9924 9927 9930 9933 
9936 9939 9942 9945 9948 9951 9954 9957 9960 
9963 9966 9969 9972 9975 9978 9981 9984 9987 
9990 9993 9996 9999 10002 10005 10008 10011 10014 
10017 10020 10023 10026 10029 10032 10035 10038 10041 
10044 10047 10050 10053 10056 10059 10062 10065 10068 
10071 10074 10077 10080 10083 10086 10089 10092 10095 
10098 10101 10104 10107 10110 10113 10116 10119 10122 
10125 10128 10131 10134 10137 10140 10143 10146 10149 
10152 10155 10158 10161 10164 10167 10170 10173 10176 
10179 10182 10185 10188 10191 10194 10197 10200 10203 
10206 10209 10212 10215 10218 10221 10224 10227 10230 
10233 10236 10239 10242 10245 10248 10251 10254 10257 
10260 10263 10266 10269 10272 10275 10278 10281 10284 
10287 10290 10293 10296 10299 10302 10305 10308 10311 
10314 10317 10320 10323 10326 10329 10332 10335 10338 
10341 10344 10347 10350 10353 10356 10359 10362 10365 
10368 10371 10374 10377 10380 10383 10386 10389 10392 
10395 10398 10401 10404 10407 10410 10413 10416 10419 
10422 10425 10428 10431 10434 10437 10440 10443 10446 
10449 10452 10455 10458 10461 10464 10467 10470 10473 
10476 10479 10482 10485 10488 10491 10494 10497 10500 
10503 10506 10509 10512 10515 10518 10521 10524 10527 
10530 10533 10536 10539 10542 10545 10548 10551 10554 
10557 10560 10563 10566 10569 10572 10575 10578 10581 
10584 10587 10590 10593 10596 10599 10602 10605 10608 
10611 10614 10617 10620 10623 10626 10629 10632 10635 
10638 10641 10644 10647 10650 10653 10656 10659 10662 
10665 10668 10671 10674 10677 10680 10683 10686 10689 
10692 10695 10698 10701 10704 10707 10710 10713 10716 
10719 10722 10725 10728 10731 10734 10737 10740 10743 
10746 10749 10752 10755 10758 10761 10764 10767 10770 
10773 10776 10779 10782 10785 10788 10791 10794 10797 
10800 10803 10806 10809 10812 10815 10818 10821 10824 
10827 10830 10833 10836 10839 10842 10845 10848 10851 
10854 10857 10860 10863 10866 10869 10872 10875 10878 
10881 10884 10887 10890 10893 10896 10899 10902 10905 
10908 10911 10914 10917 10920 10923 10926 10929 10932 
10935 10938 10941 10944 10947 10950 10953 10956 10959 
10962 10965 10968 10971 10974 10977 10980 10983 10986 
10989 10992 10995 10998 11001 11004 11007 11010 11013 
11016 11019 11022 11025 11028 11031 11034 11037 11040 
11043 11046 11049 11052 11055 11058 11061 11064 11067 
11070 11073 11076 11079 11082 11085 11088 11091 11094 
11097 11100 11103 11106 11109 11112 11115 11118 11121 
11124 11127 11130 11133 11136 11139 11142 11145 11148 
11151 11154 11157 11160 11163 11166 11169 11172 11175 
11178 11181 11184 11187 11190 11193 11196 11199 11202 
11205 11208 11211 11214 11217 11220 11223 11226 11229 
11232 11235 11238 11241 11244 11247 11250 11253 11256 
11259 11262 11265 11268 11271 11274 11277 11280 11283 
11286 11289 11292 11295 11298 11301 11304 11307 11310 
11313 11316 11319 11322 11325 11328 11331 11334 11337 
11340 11343 11346 11349 11352 11355 11358 11361 11364 
11367 11370 11373 11376 11379 11382 11385 11388 11391 
11394 11397 11400 11403 11406 11409 11412 11415 11418 
11421 11424 11427 11430 11433 11436 11439 11442 11445 
11448 11451 11454 11457 11460 11463 11466 11469 11472 
11475 11478 11481 11484 11487 11490 11493 11496 11499 
11502 11505 11508 11511 11514 11517 11520 11523 11526 
11529 11532 11535 11538 11541 11544 11547 11550 11553 
11556 11559 11562 11565 11568 11571 11574 11577 11580 
11583 11586 11589 11592 11595 11598 11601 11604 11607 
11610 11613 11616 11619 11622 11625 11628 11631 11634 
11637 11640 11643 11646 11649 11652 11655 11658 11661 
11664 11667 11670 11673 11676 11679 11682 11685 11688 
11691 11694 11697 11700 11703 11706 11709 11712 11715 
11718 11721 11724 11727 11730 11733 11736 11739 11742 
11745 11748 11751 11754 11757 11760 11763 11766 11769 
11772 11775 11778 11781 11784 11787 11790 11793 11796 
11799 11802 11805 11808 11811 11814 11817 11820 11823 
11826 11829 11832 11835 11838 11841 11844 11847 11850 
11853 11856 11859 11862 11865 11868 11871 11874 11877 
11880 11883 11886 11889 11892 11895 11898 11901 11904 
11907 11910 11913 11916 11919 11922 11925 11928 11931 
11934 11937 11940 11943 11946 11949 11952 11955 11958 
11961 11964 11967 11970 11973 11976 11979 11982 11985 
11988 11991 11994 11997 12000 12003 12006 12009 12012 
12015 12018 12021 12024 12027 12030 12033 12036 12039 
12042 12045 12048 12051 12054 12057 12060 12063 12066 
12069 12072 12075 12078 12081 12084 12087 12090 12093 
12096 12099 12102 12105 12108 12111 12114 12117 12120 
12123 12126 12129 12132 12135 12138 12141 12144 12147 
12150 12153 12156 12159 12162 12165 12168 12171 12174 
12177 12180 12183 12186 12189 12192 12195 12198 12201 
12204 12207 12210 12213 12216 12219 12222 12225 12228 
12231 12234 12237 12240 12243 12246 12249 12252 12255 
12258 12261 12264 12267 12270 12273 12276 12279 12282 
12285 12288 12291 12294 12297 12300 12303 12306 12309 
12312 12315 12318 12321 12324 12327 12330 12333 12336 
12339 12342 12345 12348 12351 12354 12357 12360 12363 
12366 12369 12372 12375 12378 12381 12384 12387 12390 
12393 12396 12399 12402 12405 12408 12411 12414 12417 
12420 12423 12426 12429 12432 12435 12438 12441 12444 
12447 12450 12453 12456 12459 12462 12465 12468 12471 
12474 12477 12480 12483 12486 12489 12492 12495 12498 
12501 12504 12507 12510 12513 12516 12519 12522 12525 
12528 12531 12534 12537 12540 12543 12546 12549 12552 
12555 12558 12561 12564 12567 12570 12573 12576 12579 
12582 12585 12588 12591 12594 12597 12600 12603 12606 
12609 12612 12615 12618 12621 12624 12627 12630 12633 
12636 12639 12642 12645 12648 12651 12654 12657 12660 
12663 12666 12669 12672 12675 12678 12681 12684 12687 
12690 12693 12696 12699 12702 12705 12708 12711 12714 
12717 12720 12723 12726 12729 12732 12735 12738 12741 
12744 12747 12750 12753 12756 12759 12762 12765 12768 
12771 12774 12777 12780 12783 12786 12789 12792 12795 
12798 12801 12804 12807 12810 12813 12816 12819 12822 
12825 12828 12831 12834 12837 12840 12843 12846 12849 
12852 12855 12858 12861 12864 12867 12870 12873 12876 
12879 12882 12885 12888 12891 12894 12897 12900 12903 
12906 12909 12912 12915 12918 12921 12924 12927 12930 
12933 12936 12939 12942 12945 12948 12951 12954 12957 
12960 12963 12966 12969 12972 12975 12978 12981 12984 
12987 12990 12993 12996 12999 13002 13005 13008 13011 
13014 13017 13020 13023 13026 13029 13032 13035 13038 
13041 13044 13047 13050 13053 13056 13059 13062 13065 
13068 13071 13074 13077 13080 13083 13086 13089 13092 
13095 13098 13101 13104 13107 13110 13113 13116 13119 
13122 13125 13128 13131 13134 13137 13140 13143 13146 
13149 13152 13155 13158 13161 13164 13167 13170 13173 
13176 13179 13182 13185 13188 13191 13194 13197 13200 
13203 13206 13209 13212 13215 13218 13221 13224 13227 
13230 13233 13236 13239 13242 13245 13248 13251 13254 
13257 13260 13263 13266 13269 13272 13275 13278 13281 
13284 13287 13290 13293 13296 13299 13302 13305 13308 
13311 13314 13317 13320 13323 13326 13329 13332 13335 
13338 13341 13344 13347 13350 13353 13356 13359 13362 
13365 13368 13371 13374 13377 13380 13383 13386 13389 
13392 13395 13398 13401 13404 13407 13410 13413 13416 
13419 13422 13425 13428 13431 13434 13437 13440 13443 
13446 13449 13452 13455 13458 13461 13464 13467 13470 
13473 13476 13479 13482 13485 13488 13491 13494 13497 
13500 13503 13506 13509 13512 13515 13518 13521 13524 
13527 13530 13533 13536 13539 13542 13545 13548 13551 
13554 13557 13560 13563 13566 13569 13572 13575 13578 
13581 13584 13587 13590 13593 13596 13599 13602 13605 
13608 13611 13614 13617 13620 13623 13626 13629 13632 
13635 13638 13641 13644 13647 13650 13653 13656 13659 
13662 13665 13668 13671 13674 13677 13680 13683 13686 
13689 13692 13695 13698 13701 13704 13707 13710 13713 
13716 13719 13722 13725 13728 13731 13734 13737 13740 
13743 13746 13749 13752 13755 13758 13761 13764 13767 
13770 13773 13776 13779 13782 13785 13788 13791 13794 
13797 13800 13803 13806 13809 13812 13815 13818 13821 
13824 13827 13830 13833 13836 13839 13842 13845 13848 
13851 13854 13857 13860 13863 13866 13869 13872 13875 
13878 13881 13884 13887 13890 13893 13896 13899 13902 
13905 13908 13911 13914 13917 13920 13923 13926 13929 
13932 13935 13938 13941 13944 13947 13950 13953 13956 
13959 13962 13965 13968 13971 13974 13977 13980 13983 
13986 13989 13992 13995 13998 14001 14004 14007 14010 
14013 14016 14019 14022 14025 14028 14031 14034 14037 
14040 14043 14046 14049 14052 14055 14058 14061 14064 
14067 14070 14073 14076 14079 14082 14085 14088 14091 
14094 14097 14100 14103 14106 14109 14112 14115 14118 
14121 14124 14127 14130 14133 14136 14139 14142 14145 
14148 14151 14154 14157 14160 14163 14166 14169 14172 
14175 14178 14181 14184 14187 14190 14193 14196 14199 
14202 14205 14208 14211 14214 14217 14220 14223 14226 
14229 14232 14235 14238 14241 14244 14247 14250 14253 
14256 14259 14262 14265 14268 14271 14274 14277 14280 
14283 14286 14289 14292 14295 14298 14301 14304 14307 
14310 14313 14316 14319 14322 14325 14328 14331 14334 
14337 14340 14343 14346 14349 14352 14355 14358 14361 
14364 14367 14370 14373 14376 14379 14382 14385 14388 
14391 14394 14397 14400 14403 14406 14409 14412 14415 
14418 14421 14424 14427 14430 14433 14436 14439 14442 
14445 14448 14451 14454 14457 14460 14463 14466 14469 
14472 14475 14478 14481 14484 14487 14490 14493 14496 
14499 14502 14505 14508 14511 14514 14517 14520 14523 
14526 14529 14532 14535 14538 14541 14544 14547 14550 
14553 14556 14559 14562 14565 14568 14571 14574 14577 
14580 14583 14586 14589 14592 14595 14598 14601 14604 
14607 14610 14613 14616 14619 14622 14625 14628 14631 
14634 14637 14640 14643 14646 14649 14652 14655 14658 
14661 14664 14667 14670 14673 14676 14679 14682 14685 
14688 14691 14694 14697 14700 14703 14706 14709 14712 
14715 14718 14721 14724 14727 14730 14733 14736 14739 
14742 14745 14748 14751 14754 14757 14760 14763 14766 
14769 14772 14775 14778 14781 14784 14787 14790 14793 
14796 14799 14802 14805 14808 14811 14814 14817 14820 
14823 14826 14829 14832 14835 14838 14841 14844 14847 
14850 14853 14856 14859 14862 14865 14868 14871 14874 
14877 14880 14883 14886 14889 14892 14895 14898 14901 
14904 14907 14910 14913 14916 14919 14922 14925 14928 
14931 14934 14937 14940 14943 14946 14949 14952 14955 
14958 14961 14964 14967 14970 14973 14976 14979 14982 
14985 14988 14991 14994 14997 15000 15003 15006 15009 
15012 15015 15018 15021 15024 15027 15030 15033 15036 
15039 15042 15045 15048 15051 15054 15057 15060 15063 
15066 15069 15072 15075 15078 15081 15084 15087 15090 
15093 15096 15099 15102 15105 15108 15111 15114 15117 
15120 15123 15126 15129 15132 15135 15138 15141 15144 
15147 15150 15153 15156 15159 15162 15165 15168 15171 
15174 15177 15180 15183 15186 15189 15192 15195 15198 
15201 15204 15207 15210 15213 15216 15219 15222 15225 
15228 15231 15234 15237 15240 15243 15246 15249 15252 
15255 15258 15261 15264 15267 15270 15273 15276 15279 
15282 15285 15288 15291 15294 15297 15300 15303 15306 
15309 15312 15315 15318 15321 15324 15327 15330 15333 
15336 15339 15342 15345 15348 15351 15354 15357 15360 
15363 15366 15369 15372 15375 15378 15381 15384 15387 
15390 15393 15396 15399 15402 15405 15408 15411 15414 
15417 15420 15423 15426 15429 15432 15435 15438 15441 
15444 15447 15450 15453 15456 15459 15462 15465 15468 
15471 15474 15477 15480 15483 15486 15489 15492 15495 
15498 15501 15504 15507 15510 15513 15516 15519 15522 
15525 15528 15531 15534 15537 15540 15543 15546 15549 
15552 15555 15558 15561 15564 15567 15570 15573 15576 
15579 15582 15585 15588 15591 15594 15597 15600 15603 
15606 15609 15612 15615 15618 15621 15624 15627 15630 
15633 15636 15639 15642 15645 15648 15651 15654 15657 
15660 15663 15666 15669 15672 15675 15678 15681 15684 
15687 15690 15693 15696 15699 15702 15705 15708 15711 
15714 15717 15720 15723 15726 15729 15732 15735 15738 
15741 15744 15747 15750 15753 15756 15759 15762 15765 
15768 15771 15774 15777 15780 15783 15786 15789 15792 
15795 15798 15801 15804 15807 15810 15813 15816 15819 
15822 15825 15828 15831 15834 15837 15840 15843 15846 
15849 15852 15855 15858 15861 15864 15867 15870 15873 
15876 15879 15882 15885 15888 15891 15894 15897 15900 
15903 15906 15909 15912 15915 15918 15921 15924 15927 
15930 15933 15936 15939 15942 15945 15948 15951 15954 
15957 15960 15963 15966 15969 15972 15975 15978 15981 
15984 15987 15990 15993 15996 15999 16002 16005 16008 
16011 16014 16017 16020 16023 16026 16029 16032 16035 
16038 16041 16044 16047 16050 16053 16056 16059 16062 
16065 16068 16071 16074 16077 16080 16083 16086 16089 
16092 16095 16098 16101 16104 16107 16110 16113 16116 
16119 16122 16125 16128 16131 16134 16137 16140 16143 
16146 16149 16152 16155 16158 16161 16164 16167 16170 
16173 16176 
CONNECTIVITY vtktypeint64
0 1 2 0 3 4 1 0 4 
3 5 6 4 3 6 6 5 7 
8 9 10 8 11 12 9 8 12 
11 13 14 12 11 14 2 14 13 
2 13 0 0 13 15 16 17 3 
16 3 15 15 3 0 5 3 17 
18 5 17 7 5 18 19 20 21 
19 22 23 20 19 23 22 24 25 
23 22 25 24 26 27 25 24 27 
10 27 26 10 26 8 8 26 28 
29 30 11 29 11 28 28 11 8 
13 11 30 31 13 30 15 13 31 
32 15 31 16 15 32 33 19 21 
34 33 21 22 19 35 35 19 33 
24 22 36 36 22 35 26 24 37 
37 24 36 38 39 28 38 28 37 
37 28 26 29 28 39 33 34 40 
35 33 40 41 35 40 36 35 41 
42 36 41 37 36 42 43 37 42 
38 37 43 44 45 46 44 47 48 
45 44 48 47 49 50 48 47 50 
50 49 51 52 53 54 53 52 55 
56 57 58 56 59 60 57 56 60 
59 61 62 60 59 62 61 63 64 
62 61 64 46 64 63 46 63 44 
44 63 65 47 44 66 66 44 65 
49 47 67 67 47 66 68 51 49 
68 49 69 69 49 67 69 70 71 
68 69 71 54 71 70 54 70 52 
52 70 72 73 55 52 73 52 74 
74 52 72 73 74 75 76 77 78 
76 79 80 77 76 80 79 81 82 
80 79 82 81 83 84 82 81 84 
58 84 83 58 83 56 56 83 85 
59 56 86 86 56 85 61 59 87 
87 59 86 63 61 88 88 61 87 
1 88 2 1 65 88 65 63 88 
4 65 1 66 65 4 6 66 4 
67 66 6 7 67 6 7 89 67 
89 69 67 70 69 90 90 69 89 
91 92 72 91 72 90 90 72 70 
74 72 92 93 74 92 75 74 93 
94 95 96 78 95 94 78 94 76 
76 94 97 79 76 98 98 76 97 
81 79 99 99 79 98 83 81 100 
100 81 99 85 83 101 101 83 100 
9 101 10 9 86 101 86 85 101 
12 86 9 87 86 12 14 87 12 
88 87 14 2 88 14 102 103 104 
103 17 16 103 102 17 102 105 17 
18 17 106 17 105 106 89 7 18 
89 18 107 107 18 106 90 89 107 
108 90 107 91 90 108 94 96 109 
109 110 111 109 111 94 94 111 97 
20 111 21 20 98 111 98 97 111 
23 98 20 99 98 23 25 99 23 
100 99 25 27 100 25 101 100 27 
10 101 27 30 112 113 29 112 30 
31 30 114 30 113 114 104 103 32 
104 32 114 114 32 31 16 32 103 
111 110 115 111 34 21 111 116 34 
111 115 116 117 34 116 116 118 117 
119 120 121 119 39 38 119 121 39 
121 122 39 112 29 39 122 112 39 
34 117 40 117 118 123 117 123 40 
40 123 41 42 41 124 41 123 124 
120 119 43 120 43 124 124 43 42 
38 43 119 125 126 127 126 125 128 
129 130 131 129 132 133 130 129 133 
127 133 132 127 132 125 125 132 134 
135 128 125 134 135 125 136 137 138 
136 139 140 137 136 140 139 141 142 
140 139 142 141 143 144 142 141 144 
143 145 146 144 143 146 131 146 145 
131 145 129 129 145 147 132 129 148 
148 129 147 134 132 149 149 132 148 
150 135 134 149 150 134 151 152 153 
151 154 155 152 151 155 154 156 157 
155 154 157 156 158 159 157 156 159 
158 160 161 159 158 161 160 162 163 
161 160 163 162 164 165 163 162 165 
138 165 164 138 164 136 136 164 166 
45 166 46 45 139 166 139 136 166 
48 139 45 141 139 48 50 141 48 
143 141 50 51 143 50 51 167 143 
167 145 143 147 145 168 168 145 167 
53 168 54 53 148 168 148 147 168 
55 148 53 55 169 148 169 149 148 
170 150 149 169 170 149 171 151 153 
172 171 153 154 151 173 173 151 171 
156 154 174 174 154 173 158 156 175 
175 156 174 57 175 58 57 160 175 
160 158 175 60 160 57 162 160 60 
62 162 60 164 162 62 64 164 62 
166 164 64 46 166 64 51 68 167 
71 167 68 168 167 71 54 168 71 
55 73 169 169 73 75 169 75 170 
170 75 176 177 178 179 177 180 181 
178 177 181 172 181 180 171 172 180 
171 180 78 171 78 77 80 171 77 
173 171 80 82 173 80 174 173 82 
84 174 82 175 174 84 58 175 84 
92 91 182 183 92 182 183 184 92 
184 93 92 176 75 93 184 176 93 
177 179 185 95 186 96 95 177 186 
95 180 177 177 185 186 78 180 95 
102 187 188 104 187 102 105 102 189 
102 188 189 190 189 191 190 106 189 
106 105 189 192 106 190 192 193 106 
193 107 106 108 107 194 107 193 194 
182 91 108 182 108 195 195 108 194 
183 182 195 96 186 196 109 96 196 
110 197 198 110 109 197 109 196 197 
197 199 198 200 201 202 200 113 112 
200 202 113 202 203 113 114 113 204 
113 203 204 187 104 114 204 187 114 
190 191 205 192 190 205 110 198 115 
198 199 206 198 206 115 115 206 116 
118 207 208 118 116 207 116 206 207 
208 209 210 207 209 208 210 121 120 
210 209 121 209 211 121 201 200 122 
201 122 211 211 122 121 112 122 200 
118 208 123 124 123 208 210 124 208 
120 124 210 212 213 214 212 215 216 
213 212 216 216 215 217 218 219 220 
214 219 218 214 218 212 212 218 221 
215 212 222 222 212 221 127 126 223 
127 223 215 127 215 222 217 215 223 
223 126 128 224 223 128 225 226 227 
225 228 229 226 225 229 220 229 228 
220 228 218 218 228 230 130 230 131 
130 221 230 221 218 230 133 221 130 
222 221 133 127 222 133 128 135 224 
224 135 231 232 233 234 232 235 236 
233 232 236 235 237 238 236 235 238 
237 239 240 238 237 240 239 241 242 
240 239 242 241 243 244 242 241 244 
243 245 246 244 243 246 245 138 137 
245 137 246 246 137 247 140 248 137 
137 248 247 227 142 225 227 248 142 
248 140 142 144 225 142 228 225 144 
146 228 144 230 228 146 131 230 146 
135 150 231 231 150 249 152 232 234 
152 234 153 153 234 250 155 232 152 
235 232 155 157 235 155 237 235 157 
159 237 157 239 237 159 161 239 159 
241 239 161 163 241 161 243 241 163 
165 243 163 245 243 165 138 245 165 
150 170 249 249 170 251 252 253 254 
252 250 253 252 172 250 172 153 250 
170 176 251 251 176 255 178 256 257 
179 178 257 254 181 252 254 256 181 
256 178 181 172 252 181 184 258 259 
183 258 184 255 176 184 259 255 184 
179 257 260 185 179 260 186 261 262 
186 185 261 185 260 261 261 263 262 
188 187 264 265 188 264 265 266 188 
266 189 188 266 191 189 267 191 266 
193 268 269 192 268 193 270 269 271 
270 194 269 194 193 269 272 194 270 
272 273 194 273 195 194 258 183 195 
273 258 195 186 262 196 262 263 274 
262 274 196 196 274 197 199 275 276 
199 197 275 197 274 275 276 277 278 
275 277 276 277 279 278 202 280 281 
201 280 202 203 202 282 202 281 282 
204 203 283 203 282 283 264 187 204 
264 204 284 284 204 283 265 264 284 
191 267 285 205 191 285 268 192 205 
285 268 205 270 271 286 272 270 286 
199 276 206 207 206 276 278 207 276 
278 279 287 278 287 207 207 287 209 
211 209 288 209 287 288 280 201 211 
288 280 211 289 290 291 289 292 293 
290 289 293 293 292 294 295 296 297 
291 296 295 291 295 289 289 295 298 
213 298 214 213 292 298 292 289 298 
292 299 294 292 213 299 213 216 299 
299 216 217 300 299 217 301 302 303 
297 302 301 297 301 295 295 301 304 
219 304 220 219 298 304 298 295 304 
214 298 219 305 217 223 305 306 217 
306 300 217 223 224 305 307 308 309 
307 310 311 308 307 311 303 311 310 
301 303 310 301 310 227 301 227 226 
229 301 226 304 301 229 220 304 229 
305 312 306 312 305 224 312 224 313 
313 224 231 233 314 315 234 233 315 
236 316 233 233 316 314 238 317 236 
236 317 316 240 318 238 238 318 317 
242 319 240 240 319 318 244 320 242 
242 320 319 246 321 244 244 321 320 
309 247 307 309 321 247 321 246 247 
248 307 247 310 307 248 227 310 248 
322 323 324 322 324 313 322 313 249 
249 313 231 325 326 327 325 315 326 
325 250 315 250 234 315 328 323 322 
329 323 328 249 251 328 322 249 328 
330 331 332 330 333 334 331 330 334 
327 334 333 325 327 333 325 333 254 
325 254 253 250 325 253 335 329 328 
336 329 335 251 255 335 328 251 335 
330 332 337 333 330 337 333 337 338 
339 257 256 338 254 333 338 340 254 
256 254 339 339 254 340 259 336 335 
259 258 336 258 341 336 255 259 335 
257 339 260 339 340 342 339 342 260 
260 342 261 263 343 344 263 261 343 
261 342 343 343 345 344 346 347 348 
346 349 350 348 349 346 350 266 265 
350 349 266 351 266 352 352 266 349 
266 351 267 269 268 353 354 269 353 
354 355 269 271 269 356 356 269 355 
356 273 272 356 355 273 355 357 273 
341 258 273 357 341 273 263 344 274 
344 345 358 344 358 274 274 358 275 
277 275 359 275 358 359 279 360 361 
279 277 360 277 359 360 361 362 363 
360 362 361 363 281 280 363 362 281 
362 364 281 282 281 365 281 364 365 
347 346 283 347 283 365 365 283 282 
284 283 346 350 284 346 351 352 366 
265 284 350 267 351 366 267 366 285 
285 366 367 353 268 285 353 285 368 
368 285 367 271 356 286 353 368 354 
272 286 356 279 361 287 288 287 361 
363 288 361 280 288 363 369 370 371 
370 369 372 373 374 375 371 374 373 
371 373 369 369 373 376 291 290 377 
291 377 369 291 369 376 372 369 377 
293 378 290 290 378 377 378 293 294 
379 378 294 380 373 375 381 380 375 
296 380 297 296 376 380 376 373 380 
291 376 296 294 382 379 299 382 294 
382 299 300 383 382 300 384 385 386 
385 384 387 388 389 390 388 391 392 
389 388 392 381 392 391 380 381 391 
380 391 303 380 303 302 297 380 302 
300 306 383 383 306 393 384 386 394 
387 384 394 395 396 397 390 396 395 
388 390 395 388 395 309 388 309 308 
311 388 308 391 388 311 303 391 311 
398 306 312 398 399 306 399 393 306 
312 313 398 400 401 402 401 400 403 
404 405 406 404 407 408 405 404 408 
407 315 314 407 314 408 408 314 409 
316 410 314 314 410 409 317 411 316 
316 411 410 318 412 317 317 412 411 
319 413 318 318 413 412 320 414 319 
319 414 413 397 321 395 397 414 321 
414 320 321 309 395 321 324 399 398 
324 323 399 323 415 399 313 324 398 
400 402 416 403 400 416 417 418 419 
417 420 421 418 417 421 406 421 420 
406 420 404 404 420 422 326 422 327 
326 407 422 407 404 422 315 407 326 
323 329 415 415 329 423 417 419 424 
420 417 424 420 424 425 426 332 331 
420 427 422 420 425 427 422 427 334 
426 331 427 334 427 331 327 422 334 
428 429 430 428 430 423 428 423 336 
336 423 329 332 426 337 426 427 431 
426 431 337 337 431 338 340 432 433 
340 338 432 338 431 432 432 434 433 
435 429 428 436 429 435 336 341 435 
428 336 435 340 433 342 433 434 437 
433 437 342 342 437 343 437 345 343 
438 345 437 348 439 440 347 439 348 
349 348 441 348 440 441 352 442 443 
352 349 442 349 441 442 443 444 445 
442 444 443 445 446 447 444 446 445 
447 355 354 447 446 355 446 448 355 
436 435 357 436 357 448 448 357 355 
341 357 435 345 438 449 358 345 449 
359 358 450 358 449 450 360 359 451 
359 450 451 362 360 452 360 451 452 
364 362 453 362 452 453 365 364 454 
364 453 454 439 347 365 454 439 365 
352 443 366 367 366 443 445 367 443 
368 367 445 447 368 445 354 368 447 
455 456 457 455 371 370 455 370 456 
456 370 458 458 370 372 459 458 372 
460 461 462 457 461 460 455 457 460 
455 460 375 455 375 374 371 455 374 
372 463 459 377 463 372 464 465 463 
464 463 378 378 463 377 378 379 464 
466 467 468 466 469 470 467 466 470 
470 469 471 472 460 462 473 472 462 
375 472 381 460 472 375 464 474 465 
475 476 474 382 475 474 382 474 464 
382 464 379 382 383 475 385 477 478 
386 385 478 387 479 466 387 466 477 
387 477 385 477 466 468 469 466 480 
480 466 479 481 471 469 480 481 469 
389 482 483 390 389 483 473 392 472 
473 482 392 482 389 392 381 472 392 
484 476 475 485 476 484 383 393 484 
475 383 484 486 487 488 486 489 490 
487 486 490 490 489 491 386 478 492 
394 386 492 387 394 492 387 492 493 
387 493 479 494 493 492 480 479 495 
495 479 493 496 481 480 496 480 497 
497 480 495 497 498 499 496 497 499 
498 500 501 499 498 501 500 502 503 
501 500 503 502 504 505 503 502 505 
504 506 507 505 504 507 506 397 396 
506 396 507 507 396 508 483 396 390 
508 396 483 484 509 485 509 484 393 
509 393 510 510 393 399 486 488 511 
401 512 402 401 486 512 401 489 486 
486 511 512 489 401 403 489 403 491 
491 403 513 514 515 516 494 515 514 
493 494 514 493 514 406 493 406 405 
408 493 405 495 493 408 409 495 408 
497 495 409 410 497 409 498 497 410 
411 498 410 500 498 411 412 500 411 
502 500 412 413 502 412 504 502 413 
414 504 413 506 504 414 397 506 414 
517 518 519 517 519 510 517 510 415 
415 510 399 402 512 520 416 402 520 
513 403 416 520 513 416 418 521 419 
514 516 522 514 522 418 514 418 421 
521 418 522 406 514 421 523 524 525 
518 523 525 518 517 523 517 526 523 
415 423 526 517 415 526 419 521 424 
521 522 527 521 527 424 424 527 425 
527 427 425 528 427 527 529 524 523 
530 524 529 430 429 529 430 529 526 
526 529 523 423 430 526 427 528 531 
431 427 531 432 431 532 431 531 532 
532 434 432 533 434 532 534 530 529 
535 530 534 429 436 534 529 429 534 
434 533 536 437 434 536 536 438 437 
537 438 536 538 539 540 538 541 542 
540 541 538 542 543 544 541 543 542 
544 440 439 544 543 440 543 545 440 
441 440 546 440 545 546 442 441 547 
441 546 547 444 442 548 442 547 548 
446 444 549 444 548 549 535 534 448 
535 448 549 549 448 446 436 448 534 
438 537 550 449 438 550 450 449 551 
449 550 551 451 450 552 450 551 552 
539 538 452 539 452 552 552 452 451 
453 452 538 542 453 538 454 453 542 
544 454 542 439 454 544 553 554 555 
553 556 557 554 553 557 556 457 456 
556 456 557 557 456 558 559 560 558 
559 558 458 458 558 456 458 459 559 
561 553 555 562 561 555 461 561 462 
461 556 561 556 553 561 457 556 461 
559 563 560 564 565 563 463 564 563 
463 563 559 463 559 459 463 465 564 
467 566 567 468 467 567 470 568 467 
467 568 566 568 470 471 569 568 471 
570 561 562 571 570 562 462 570 473 
561 570 462 564 572 565 573 574 572 
474 573 572 474 572 564 474 564 465 
474 476 573 575 576 577 575 478 477 
575 477 576 576 477 578 567 477 468 
578 477 567 579 481 580 579 569 481 
569 471 481 580 581 582 579 580 582 
581 583 584 582 581 584 583 585 586 
584 583 586 585 587 588 586 585 588 
587 589 590 588 587 590 589 591 592 
590 589 592 571 592 591 570 571 591 
570 591 483 570 483 482 473 570 482 
593 574 573 594 574 593 476 485 593 
573 476 593 595 596 597 595 488 487 
595 487 596 596 487 598 490 599 487 
487 599 598 491 600 601 491 601 490 
490 601 599 577 602 575 601 600 603 
604 602 605 492 602 604 492 575 602 
492 478 575 492 604 494 481 496 580 
499 580 496 581 580 499 501 581 499 
583 581 501 503 583 501 585 583 503 
505 585 503 587 585 505 507 587 505 
589 587 507 508 589 507 591 589 508 
483 591 508 593 606 594 607 608 606 
509 607 606 509 606 593 509 593 485 
509 510 607 595 597 609 488 595 609 
488 609 511 511 609 610 512 611 612 
512 511 611 511 610 611 513 611 491 
513 612 611 491 611 600 613 614 611 
600 611 614 615 603 600 615 600 616 
616 600 614 605 615 616 604 605 616 
604 616 516 604 516 515 494 604 515 
617 618 619 608 617 619 607 617 608 
607 518 617 607 519 518 510 519 607 
512 612 520 614 613 620 513 520 612 
616 614 620 621 616 620 621 516 616 
621 622 516 622 522 516 623 624 625 
618 623 625 617 623 618 617 524 623 
617 525 524 518 525 617 522 622 626 
527 522 626 528 627 628 528 527 627 
527 626 627 627 629 628 630 624 623 
631 624 630 524 530 630 623 524 630 
528 628 531 628 629 632 628 632 531 
531 632 532 632 533 532 633 533 632 
634 635 636 634 637 638 636 637 634 
631 638 637 631 630 638 630 639 638 
530 535 639 630 530 639 533 633 640 
536 533 640 537 641 642 537 536 641 
536 640 641 642 643 644 641 643 642 
644 645 646 643 645 644 646 540 539 
646 645 540 645 647 540 541 540 648 
540 647 648 543 541 649 541 648 649 
545 543 650 543 649 650 546 545 651 
545 650 651 635 634 547 635 547 651 
651 547 546 548 547 634 638 548 634 
549 548 638 639 549 638 535 549 639 
537 642 550 551 550 642 644 551 642 
552 551 644 646 552 644 539 552 646 
554 652 653 555 554 653 557 654 554 
554 654 652 655 656 654 655 654 558 
558 654 557 558 560 655 657 658 659 
658 657 660 661 662 663 661 664 665 
662 661 665 664 653 665 664 562 653 
562 555 653 655 666 656 667 668 666 
563 667 666 563 666 655 563 655 560 
563 565 667 669 670 671 669 672 673 
670 669 673 672 567 566 672 566 673 
673 566 674 659 568 657 659 674 568 
674 566 568 569 675 676 568 569 676 
568 676 660 568 660 657 675 677 678 
676 675 678 677 679 680 678 677 680 
679 681 682 680 679 682 681 683 684 
682 681 684 663 684 683 663 683 661 
661 683 685 664 661 686 686 661 685 
562 686 571 664 686 562 667 687 668 
688 689 687 572 688 687 572 687 667 
572 667 565 572 574 688 690 691 692 
690 693 694 691 690 694 671 694 693 
669 671 693 669 693 577 669 577 576 
578 669 576 672 669 578 567 672 578 
569 579 675 582 675 579 677 675 582 
584 677 582 679 677 584 586 679 584 
681 679 586 588 681 586 683 681 588 
590 683 588 685 683 590 592 685 590 
686 685 592 571 686 592 688 695 689 
695 688 574 695 574 696 696 574 594 
596 697 698 597 596 698 598 699 596 
596 699 697 692 599 690 692 699 599 
699 598 599 601 690 599 693 690 601 
603 693 601 603 700 693 577 693 602 
602 693 700 602 700 605 701 594 606 
701 702 594 702 696 594 606 608 701 
597 698 703 609 597 703 610 609 704 
609 703 704 611 610 705 610 704 705 
705 613 611 706 613 705 603 615 700 
605 700 615 707 708 709 702 707 709 
701 707 702 701 618 707 701 619 618 
608 619 701 613 706 710 620 613 710 
621 620 711 620 710 711 622 712 713 
622 621 712 621 711 712 712 714 713 
715 716 717 708 715 717 707 715 708 
707 624 715 707 625 624 618 625 707 
622 713 626 713 714 718 713 718 626 
626 718 627 718 629 627 719 629 718 
720 716 715 721 716 720 624 631 720 
715 624 720 629 719 722 632 629 722 
722 633 632 723 633 722 724 725 726 
724 636 635 724 726 636 726 727 636 
721 720 637 721 637 727 727 637 636 
631 637 720 633 723 728 640 633 728 
641 640 729 640 728 729 643 641 730 
641 729 730 645 643 731 643 730 731 
647 645 732 645 731 732 648 647 733 
647 732 733 649 648 734 648 733 734 
650 649 735 649 734 735 725 724 651 
725 651 735 735 651 650 635 651 724 
652 736 653 652 654 737 736 652 737 
654 656 737 738 739 740 738 659 658 
738 658 739 739 658 741 741 658 660 
742 741 660 743 744 745 743 663 662 
743 662 744 744 662 746 665 747 662 
662 747 746 736 665 653 736 748 665 
748 747 665 737 748 736 749 748 737 
750 751 749 666 750 749 666 749 737 
666 737 656 666 668 750 670 752 753 
671 670 753 673 754 670 670 754 752 
740 674 738 740 754 674 754 673 674 
659 738 674 660 755 742 676 755 660 
678 756 676 676 756 755 680 757 678 
678 757 756 682 758 680 680 758 757 
745 684 743 745 758 684 758 682 684 
663 743 684 750 759 751 760 761 759 
687 760 759 687 759 750 687 750 668 
687 689 760 762 763 764 765 692 691 
766 763 762 767 765 691 767 691 768 
768 691 694 753 694 671 768 694 753 
760 769 761 770 771 769 695 770 769 
695 769 760 695 760 689 695 696 770 
697 772 773 698 697 773 764 699 762 
764 772 699 772 697 699 766 699 774 
766 762 699 774 699 775 692 765 699 
775 699 765 776 765 767 775 765 776 
777 771 770 778 771 777 696 702 777 
770 696 777 698 773 779 703 698 779 
704 703 780 703 779 780 774 775 705 
774 705 780 780 705 704 706 781 782 
705 781 706 705 776 781 705 775 776 
781 783 782 784 785 786 778 784 786 
777 784 778 777 708 784 777 709 708 
702 709 777 706 782 710 782 783 787 
782 787 710 710 787 711 712 711 788 
711 787 788 788 714 712 789 714 788 
717 785 784 717 716 785 716 790 785 
708 717 784 714 789 791 718 714 791 
791 719 718 792 719 791 716 721 790 
790 721 793 719 792 794 722 719 794 
723 795 796 723 722 795 722 794 795 
795 797 796 798 799 800 800 801 798 
802 803 804 802 726 725 802 804 726 
804 805 726 727 726 806 726 805 806 
793 721 727 806 793 727 723 796 728 
796 797 807 796 807 728 728 807 729 
730 729 808 729 807 808 731 730 809 
730 808 809 732 731 810 731 809 810 
799 798 733 799 733 810 810 733 732 
798 801 811 798 811 733 733 811 734 
803 802 735 803 735 811 811 735 734 
725 735 802 812 813 814 813 812 815 
816 817 818 816 740 739 816 739 817 
817 739 819 814 741 812 814 819 741 
819 739 741 742 820 821 741 742 821 
741 821 815 741 815 812 820 822 823 
821 820 823 822 824 825 823 822 825 
824 826 827 825 824 827 826 745 744 
826 744 827 827 744 828 746 829 744 
744 829 828 747 830 746 746 830 829 
748 831 747 747 831 830 749 832 748 
748 832 831 832 749 751 833 832 751 
834 835 836 834 753 752 834 752 835 
835 752 837 818 754 816 818 837 754 
837 752 754 740 816 754 742 755 820 
756 820 755 822 820 756 757 822 756 
824 822 757 758 824 757 826 824 758 
745 826 758 838 751 759 838 839 751 
839 833 751 759 761 838 840 841 842 
843 764 763 844 841 840 766 843 763 
845 846 847 836 846 845 834 836 845 
834 845 767 834 767 768 753 834 768 
838 848 839 849 850 848 769 849 848 
769 848 838 769 838 761 769 771 849 
851 852 853 842 852 851 840 842 851 
840 851 773 840 773 772 840 854 844 
840 772 854 843 854 764 764 854 772 
845 854 855 845 847 854 855 854 774 
843 766 854 774 854 766 767 855 776 
845 855 767 856 850 849 857 850 856 
771 778 856 849 771 856 851 853 858 
773 851 858 773 858 779 779 858 859 
780 779 860 779 859 860 855 774 780 
855 780 861 861 780 860 776 855 861 
776 861 781 781 861 862 862 783 781 
863 783 862 864 865 866 857 864 866 
856 864 857 856 785 864 856 786 785 
778 786 856 783 863 867 787 783 867 
788 787 868 787 867 868 868 789 788 
869 789 868 870 865 864 871 865 870 
785 790 870 864 785 870 789 869 872 
791 789 872 792 873 874 792 791 873 
791 872 873 873 875 874 876 871 870 
877 871 876 790 793 876 870 790 876 
792 874 794 874 875 878 874 878 794 
794 878 795 797 879 880 797 795 879 
795 878 879 880 881 882 879 881 880 
882 883 884 881 883 882 884 885 886 
883 885 884 886 800 799 886 885 800 
885 887 800 801 888 889 801 800 888 
800 887 888 889 804 803 889 888 804 
888 890 804 805 804 891 804 890 891 
877 876 806 877 806 891 891 806 805 
793 806 876 797 880 807 808 807 880 
882 808 880 809 808 882 884 809 882 
810 809 884 886 810 884 799 810 886 
801 889 811 803 811 889 892 893 894 
892 814 813 892 813 893 893 813 895 
815 896 897 815 897 813 813 897 895 
896 898 899 897 896 899 899 898 900 
901 902 903 901 818 817 901 817 902 
902 817 904 894 819 892 894 904 819 
904 817 819 814 892 819 815 821 896 
823 896 821 898 896 823 898 905 900 
898 823 905 823 825 905 827 906 825 
825 906 905 828 907 827 827 907 906 
829 908 828 828 908 907 830 909 829 
829 909 908 910 911 909 910 909 831 
831 909 830 831 832 912 910 831 912 
832 833 912 913 914 915 913 836 835 
913 835 914 914 835 916 903 837 901 
903 916 837 916 835 837 818 901 837 
910 917 911 912 917 910 918 917 912 
918 912 833 918 833 919 919 833 839 
841 920 842 844 920 841 921 922 923 
915 922 921 913 915 921 913 921 847 
913 847 846 836 913 846 924 839 848 
924 925 839 925 919 839 848 850 924 
852 926 927 853 852 927 920 852 842 
920 928 852 928 926 852 923 854 921 
923 928 854 844 854 920 920 854 928 
847 921 854 929 925 924 930 925 929 
850 857 929 924 850 929 853 927 931 
858 853 931 859 858 932 858 931 932 
860 859 933 859 932 933 861 860 934 
860 933 934 862 861 935 861 934 935 
863 936 937 863 862 936 862 935 936 
936 938 937 866 930 929 866 865 930 
865 939 930 857 866 929 863 937 867 
937 938 940 937 940 867 867 940 868 
940 869 868 941 869 940 865 871 939 
939 871 942 869 941 943 872 869 943 
873 872 944 872 943 944 944 875 873 
945 875 944 946 947 948 946 948 942 
946 942 877 877 942 871 875 945 949 
878 875 949 879 878 950 878 949 950 
881 879 951 879 950 951 883 881 952 
881 951 952 885 883 953 883 952 953 
887 885 954 885 953 954 888 887 955 
887 954 955 890 888 956 888 955 956 
947 946 891 947 891 956 956 891 890 
877 891 946 957 958 959 957 894 893 
957 893 958 958 893 960 895 961 893 
893 961 960 897 962 895 895 962 961 
899 963 897 897 963 962 900 964 965 
900 965 899 899 965 963 964 966 967 
965 964 967 966 968 969 967 966 969 
969 968 970 971 972 973 971 903 902 
971 902 972 972 902 974 959 904 957 
959 974 904 974 902 904 894 957 904 
900 905 964 906 964 905 966 964 906 
907 966 906 968 966 907 968 975 970 
968 907 975 907 908 975 976 977 975 
976 975 909 909 975 908 909 911 976 
914 978 915 971 973 979 971 979 914 
971 914 916 978 914 979 903 971 916 
976 980 977 981 982 980 917 981 980 
917 980 976 917 976 911 917 918 983 
981 917 983 918 919 983 922 984 923 
922 985 984 915 985 922 915 986 985 
915 978 986 979 986 978 987 982 981 
988 982 987 983 989 981 989 987 981 
919 925 989 983 919 989 926 990 991 
927 926 991 928 992 926 926 992 990 
984 928 923 984 993 928 993 992 928 
985 993 984 987 994 988 994 995 996 
994 987 995 987 989 995 925 930 995 
989 925 995 927 991 997 931 927 997 
932 931 998 931 997 998 933 932 999 
932 998 999 934 933 1000 933 999 1000 
935 934 1001 934 1000 1001 936 935 1002 
935 1001 1002 1002 938 936 1003 938 1002 
1004 996 995 1005 996 1004 930 939 1004 
995 930 1004 938 1003 1006 940 938 1006 
1006 941 940 1007 941 1006 1008 1005 1004 
1009 1005 1008 939 942 1008 1004 939 1008 
941 1007 1010 943 941 1010 944 943 1011 
943 1010 1011 945 1012 1013 945 944 1012 
944 1011 1012 1013 1014 1015 1012 1014 1013 
1015 1016 1017 1014 1016 1015 1017 1018 1019 
1016 1018 1017 1019 1020 1021 1018 1020 1019 
1020 1022 1021 1023 1024 1025 1009 1023 1025 
1008 1023 1009 1008 947 1023 1008 948 947 
942 948 1008 945 1013 949 950 949 1013 
1015 950 1013 951 950 1015 1017 951 1015 
952 951 1017 1019 952 1017 953 952 1019 
1021 953 1019 1021 1022 1026 1021 1026 953 
953 1026 954 955 954 1027 954 1026 1027 
1024 1023 956 1024 956 1027 1027 956 955 
947 956 1023 1028 1029 1030 1028 1031 1032 
1029 1028 1032 1032 1031 1033 1034 1035 1036 
1034 959 958 1034 958 1035 1035 958 1037 
960 1038 958 958 1038 1037 1030 961 1028 
1030 1038 961 1038 960 961 962 1028 961 
1031 1028 962 1031 1039 1033 1031 962 1039 
962 963 1039 965 1040 963 963 1040 1039 
967 1041 965 965 1041 1040 1042 1043 1041 
1042 1041 969 969 1041 967 969 970 1042 
1044 1045 1046 1044 973 972 1044 972 1045 
1045 972 1047 1036 974 1034 1036 1047 974 
1047 972 974 959 1034 974 1042 1048 1043 
1049 1050 1048 975 1049 1048 975 1048 1042 
975 1042 970 975 977 1049 1044 1046 1051 
1051 973 1044 1051 1052 973 1052 979 973 
1049 1053 1050 1054 1055 1053 980 1054 1053 
980 1053 1049 980 1049 977 980 982 1054 
986 1056 1057 985 986 1057 1052 986 979 
1056 986 1052 1058 1055 1054 1059 1055 1058 
982 988 1058 1054 982 1058 990 1060 1061 
991 990 1061 992 1062 990 990 1062 1060 
993 1063 992 992 1063 1062 1057 993 985 
1063 993 1057 1058 1064 1059 1065 1066 1064 
994 1065 1064 994 1064 1058 994 1058 988 
994 996 1065 991 1061 1067 997 991 1067 
998 997 1068 997 1067 1068 999 998 1069 
998 1068 1069 1000 999 1070 999 1069 1070 
1001 1000 1071 1000 1070 1071 1072 1071 1073 
1072 1002 1071 1002 1001 1071 1002 1072 1003 
1074 1066 1065 1075 1066 1074 996 1005 1074 
1065 996 1074 1072 1073 1076 1003 1072 1076 
1003 1076 1006 1006 1076 1077 1077 1007 1006 
1078 1007 1077 1079 1075 1074 1080 1075 1079 
1005 1009 1079 1074 1005 1079 1007 1078 1081 
1010 1007 1081 1011 1010 1082 1010 1081 1082 
1012 1011 1083 1011 1082 1083 1014 1012 1084 
1012 1083 1084 1016 1014 1085 1014 1084 1085 
1018 1016 1086 1016 1085 1086 1020 1018 1087 
1018 1086 1087 1022 1088 1089 1022 1020 1088 
1020 1087 1088 1089 1090 1091 1088 1090 1089 
1080 1091 1090 1079 1091 1080 1079 1024 1091 
1079 1025 1024 1009 1025 1079 1022 1089 1026 
1027 1026 1089 1091 1027 1089 1024 1027 1091 
1092 1093 1094 1092 1030 1029 1092 1029 1093 
1093 1029 1095 1032 1096 1029 1029 1096 1095 
1096 1032 1033 1097 1096 1033 1098 1099 1100 
1098 1036 1035 1098 1035 1099 1099 1035 1101 
1037 1102 1035 1035 1102 1101 1094 1038 1092 
1094 1102 1038 1102 1037 1038 1030 1092 1038 
1033 1103 1097 1039 1103 1033 1040 1104 1039 
1039 1104 1103 1105 1106 1104 1105 1104 1041 
1041 1104 1040 1041 1043 1105 1045 1107 1108 
1046 1045 1108 1100 1047 1098 1100 1107 1047 
1107 1045 1047 1036 1098 1047 1105 1109 1106 
1043 1109 1105 1043 1048 1109 1048 1110 1109 
1110 1048 1050 1111 1110 1050 1046 1108 1112 
1051 1046 1112 1112 1052 1051 1113 1052 1112 
1114 1050 1053 1114 1115 1050 1115 1111 1050 
1053 1055 1114 1056 1116 1057 1056 1117 1116 
1056 1052 1117 1052 1113 1117 1114 1118 1115 
1118 1114 1055 1118 1055 1119 1119 1055 1059 
1060 1120 1061 1121 1120 1060 1121 1060 1122 
1122 1060 1062 1123 1124 1122 1123 1122 1063 
1063 1122 1062 1063 1057 1116 1063 1116 1123 
1123 1116 1125 1126 1116 1117 1125 1116 1126 
1059 1127 1119 1064 1127 1059 1127 1064 1066 
1128 1127 1066 1061 1120 1067 1120 1121 1129 
1120 1129 1067 1067 1129 1068 1124 1123 1069 
1124 1069 1129 1129 1069 1068 1070 1069 1123 
1125 1070 1123 1125 1126 1130 1125 1130 1070 
1070 1130 1071 1073 1131 1132 1073 1071 1131 
1071 1130 1131 1131 1133 1132 1066 1075 1128 
1128 1075 1134 1073 1132 1076 1132 1133 1135 
1132 1135 1076 1076 1135 1077 1078 1136 1137 
1078 1077 1136 1077 1135 1136 1136 1138 1137 
1139 1140 1141 1139 1142 1143 1141 1142 1139 
1143 1144 1145 1142 1144 1143 1145 1146 1147 
1144 1146 1145 1147 1148 1149 1146 1148 1147 
1149 1148 1134 1149 1134 1080 1080 1134 1075 
1078 1137 1081 1137 1138 1150 1137 1150 1081 
1081 1150 1082 1083 1082 1151 1082 1150 1151 
1084 1083 1152 1083 1151 1152 1140 1139 1085 
1140 1085 1152 1152 1085 1084 1086 1085 1139 
1143 1086 1139 1087 1086 1143 1145 1087 1143 
1088 1087 1145 1147 1088 1145 1090 1088 1147 
1149 1090 1147 1080 1090 1149 1153 1154 1155 
1153 1094 1093 1153 1093 1154 1154 1093 1156 
1095 1157 1093 1093 1157 1156 1096 1158 1095 
1095 1158 1157 1097 1159 1160 1097 1160 1096 
1096 1160 1158 1160 1159 1161 1162 1163 1164 
1162 1100 1099 1162 1099 1163 1163 1099 1165 
1101 1166 1099 1099 1166 1165 1155 1102 1153 
1155 1166 1102 1166 1101 1102 1094 1153 1102 
1097 1103 1159 1159 1167 1161 1159 1103 1167 
1103 1104 1167 1167 1104 1106 1168 1167 1106 
1107 1162 1164 1107 1164 1108 1108 1164 1169 
1100 1162 1107 1106 1170 1168 1109 1170 1106 
1171 1172 1170 1171 1170 1110 1110 1170 1109 
1110 1111 1171 1108 1169 1173 1112 1108 1173 
1173 1113 1112 1174 1113 1173 1171 1175 1172 
1175 1171 1111 1175 1111 1176 1176 1111 1115 
1177 1178 1179 1177 1174 1178 1177 1117 1174 
1117 1113 1174 1115 1180 1176 1118 1180 1115 
1180 1118 1119 1181 1180 1119 1122 1182 1121 
1122 1124 1182 1177 1179 1183 1177 1126 1117 
1177 1184 1126 1177 1183 1184 1185 1126 1184 
1184 1186 1185 1119 1187 1181 1127 1187 1119 
1187 1127 1128 1188 1187 1128 1121 1182 1129 
1124 1129 1182 1126 1185 1130 1185 1186 1189 
1185 1189 1130 1130 1189 1131 1133 1190 1191 
1133 1131 1190 1131 1189 1190 1190 1192 1191 
1128 1134 1188 1188 1134 1193 1133 1191 1135 
1191 1192 1194 1191 1194 1135 1135 1194 1136 
1138 1195 1196 1138 1136 1195 1136 1194 1195 
1196 1197 1198 1195 1197 1196 1198 1199 1200 
1197 1199 1198 1200 1141 1140 1200 1199 1141 
1199 1201 1141 1142 1141 1202 1141 1201 1202 
1144 1142 1203 1142 1202 1203 1146 1144 1204 
1144 1203 1204 1148 1146 1205 1146 1204 1205 
1193 1134 1148 1205 1193 1148 1138 1196 1150 
1151 1150 1196 1198 1151 1196 1152 1151 1198 
1200 1152 1198 1140 1152 1200 1206 1207 1208 
1206 1155 1154 1206 1154 1207 1207 1154 1209 
1156 1210 1154 1154 1210 1209 1157 1211 1156 
1156 1211 1210 1158 1212 1157 1157 1212 1211 
1160 1213 1158 1158 1213 1212 1213 1160 1161 
1214 1213 1161 1163 1215 1216 1164 1163 1216 
1165 1217 1163 1163 1217 1215 1208 1166 1206 
1208 1217 1166 1217 1165 1166 1155 1206 1166 
1161 1218 1214 1167 1218 1161 1168 1219 1220 
1168 1220 1167 1167 1220 1218 1220 1219 1221 
1222 1223 1224 1222 1216 1223 1222 1169 1216 
1169 1164 1216 1168 1170 1219 1172 1225 1226 
1170 1172 1226 1170 1226 1221 1170 1221 1219 
1226 1225 1227 1222 1224 1228 1229 1228 1230 
1173 1228 1229 1173 1222 1228 1173 1169 1222 
1173 1229 1174 1172 1175 1225 1176 1231 1232 
1175 1176 1232 1175 1232 1227 1175 1227 1225 
1232 1231 1233 1178 1229 1230 1178 1230 1179 
1179 1230 1234 1174 1229 1178 1176 1180 1231 
1181 1235 1236 1180 1181 1236 1180 1236 1233 
1180 1233 1231 1236 1235 1237 1179 1234 1238 
1183 1179 1238 1184 1183 1239 1183 1238 1239 
1239 1186 1184 1240 1186 1239 1181 1187 1235 
1235 1187 1188 1235 1188 1237 1237 1188 1241 
1186 1240 1242 1189 1186 1242 1190 1189 1243 
1189 1242 1243 1192 1244 1245 1192 1190 1244 
1190 1243 1244 1244 1246 1245 1247 1248 1249 
1247 1250 1251 1249 1250 1247 1251 1252 1253 
1250 1252 1251 1253 1254 1255 1252 1254 1253 
1255 1256 1257 1254 1256 1255 1257 1258 1259 
1256 1258 1257 1259 1258 1241 1259 1241 1193 
1193 1241 1188 1192 1245 1194 1245 1246 1260 
1245 1260 1194 1194 1260 1195 1197 1195 1261 
1195 1260 1261 1248 1247 1199 1248 1199 1261 
1261 1199 1197 1201 1199 1247 1251 1201 1247 
1202 1201 1251 1253 1202 1251 1203 1202 1253 
1255 1203 1253 1204 1203 1255 1257 1204 1255 
1205 1204 1257 1259 1205 1257 1193 1205 1259 
1207 1262 1263 1208 1207 1263 1209 1264 1207 
1207 1264 1262 1210 1265 1209 1209 1265 1264 
1211 1266 1210 1210 1266 1265 1212 1267 1211 
1211 1267 1266 1213 1268 1212 1212 1268 1267 
1268 1213 1214 1269 1268 1214 1215 1270 1271 
1216 1215 1271 1217 1272 1215 1215 1272 1270 
1263 1217 1208 1272 1217 1263 1214 1273 1269 
1218 1273 1214 1220 1274 1218 1218 1274 1273 
1274 1220 1221 1275 1274 1221 1223 1276 1277 
1224 1223 1277 1271 1223 1216 1276 1223 1271 
1221 1278 1275 1226 1278 1221 1278 1226 1227 
1279 1278 1227 1224 1277 1280 1228 1224 1280 
1280 1230 1228 1281 1230 1280 1227 1282 1279 
1232 1282 1227 1282 1232 1233 1283 1282 1233 
1230 1281 1234 1281 1284 1234 1233 1285 1283 
1236 1285 1233 1285 1236 1237 1286 1285 1237 
1234 1284 1287 1238 1234 1287 1239 1238 1288 
1238 1287 1288 1240 1289 1290 1240 1239 1289 
1239 1288 1289 1289 1291 1290 1292 1293 1294 
1292 1295 1296 1294 1295 1292 1296 1297 1298 
1295 1297 1296 1297 1299 1298 1237 1241 1286 
1286 1241 1300 1240 1290 1242 1290 1291 1301 
1290 1301 1242 1242 1301 1243 1244 1243 1302 
1243 1301 1302 1246 1303 1304 1246 1244 1303 
1244 1302 1303 1304 1305 1306 1303 1305 1304 
1306 1249 1248 1306 1305 1249 1305 1307 1249 
1250 1249 1308 1249 1307 1308 1293 1292 1252 
1293 1252 1308 1308 1252 1250 1254 1252 1292 
1296 1254 1292 1256 1254 1296 1298 1256 1296 
1298 1299 1309 1298 1309 1256 1256 1309 1258 
1300 1241 1258 1309 1300 1258 1246 1304 1260 
1261 1260 1304 1306 1261 1304 1248 1261 1306 
1310 1311 1312 1311 1310 1313 1314 1315 1316 
1314 1263 1262 1314 1262 1315 1315 1262 1317 
1264 1318 1262 1262 1318 1317 1312 1265 1310 
1312 1318 1265 1318 1264 1265 1310 1319 1313 
1310 1265 1319 1265 1266 1319 1267 1320 1266 
1266 1320 1319 1268 1321 1267 1267 1321 1320 
1321 1268 1269 1322 1321 1269 1270 1323 1324 
1271 1270 1324 1316 1272 1314 1316 1323 1272 
1323 1270 1272 1263 1314 1272 1269 1325 1322 
1273 1325 1269 1274 1326 1273 1273 1326 1325 
1275 1327 1328 1275 1328 1274 1274 1328 1326 
1328 1327 1329 1276 1330 1277 1276 1331 1330 
1276 1271 1331 1271 1324 1331 1275 1278 1327 
1279 1332 1333 1278 1279 1333 1278 1333 1329 
1278 1329 1327 1333 1332 1334 1277 1330 1280 
1281 1335 1336 1280 1335 1281 1280 1331 1335 
1280 1330 1331 1335 1337 1336 1279 1282 1332 
1283 1338 1339 1282 1283 1339 1282 1339 1334 
1282 1334 1332 1339 1338 1340 1336 1341 1342 
1336 1342 1281 1281 1342 1284 1337 1341 1336 
1283 1285 1338 1338 1285 1286 1338 1286 1340 
1340 1286 1343 1284 1342 1344 1287 1284 1344 
1288 1287 1345 1287 1344 1345 1289 1288 1346 
1288 1345 1346 1291 1347 1348 1291 1289 1347 
1289 1346 1347 1347 1349 1348 1350 1351 1352 
1350 1294 1293 1350 1352 1294 1352 1353 1294 
1295 1294 1354 1294 1353 1354 1297 1295 1355 
1295 1354 1355 1299 1356 1357 1299 1297 1356 
1297 1355 1356 1357 1356 1343 1357 1343 1300 
1300 1343 1286 1291 1348 1301 1348 1349 1358 
1348 1358 1301 1301 1358 1302 1303 1302 1359 
1302 1358 1359 1305 1303 1360 1303 1359 1360 
1307 1305 1361 1305 1360 1361 1351 1350 1308 
1351 1308 1361 1361 1308 1307 1293 1308 1350 
1299 1357 1309 1300 1309 1357 1362 1363 1364 
1362 1365 1366 1363 1362 1366 1365 1312 1311 
1365 1311 1366 1366 1311 1367 1313 1368 1369 
1313 1369 1311 1311 1369 1367 1368 1370 1371 
1369 1368 1371 1371 1370 1372 1315 1373 1374 
1316 1315 1374 1364 1317 1362 1364 1373 1317 
1373 1315 1317 1318 1362 1317 1365 1362 1318 
1312 1365 1318 1313 1319 1368 1320 1368 1319 
1370 1368 1320 1370 1375 1372 1370 1320 1375 
1320 1321 1375 1322 1376 1377 1322 1377 1321 
1321 1377 1375 1377 1376 1378 1323 1379 1380 
1324 1323 1380 1374 1323 1316 1379 1323 1374 
1322 1325 1376 1376 1381 1378 1376 1325 1381 
1325 1326 1381 1328 1382 1326 1326 1382 1381 
1382 1328 1329 1383 1382 1329 1384 1385 1331 
1384 1331 1380 1380 1331 1324 1384 1386 1385 
1329 1387 1383 1333 1387 1329 1334 1388 1389 
1334 1389 1333 1333 1389 1387 1389 1388 1390 
1331 1385 1335 1385 1337 1335 1385 1386 1337 
1386 1391 1337 1334 1339 1388 1340 1392 1393 
1339 1340 1393 1339 1393 1390 1339 1390 1388 
1393 1392 1394 1341 1395 1396 1342 1341 1396 
1391 1341 1337 1395 1341 1391 1397 1398 1399 
1397 1400 1401 1399 1400 1397 1401 1402 1403 
1400 1402 1401 1343 1402 1340 1343 1403 1402 
1340 1402 1392 1404 1405 1402 1392 1402 1405 
1406 1394 1392 1405 1406 1392 1342 1396 1407 
1344 1342 1407 1345 1344 1408 1344 1407 1408 
1346 1345 1409 1345 1408 1409 1347 1346 1410 
1346 1409 1410 1349 1411 1412 1349 1347 1411 
1347 1410 1411 1412 1413 1414 1411 1413 1412 
1414 1415 1416 1413 1415 1414 1416 1417 1418 
1415 1417 1416 1418 1352 1351 1418 1417 1352 
1417 1419 1352 1353 1352 1420 1352 1419 1420 
1398 1397 1354 1398 1354 1420 1420 1354 1353 
1355 1354 1397 1401 1355 1397 1356 1355 1401 
1403 1356 1401 1405 1404 1421 1343 1356 1403 
1406 1405 1421 1349 1412 1358 1359 1358 1412 
1414 1359 1412 1360 1359 1414 1416 1360 1414 
1361 1360 1416 1418 1361 1416 1351 1361 1418 
1363 1422 1423 1364 1363 1423 1366 1424 1363 
1363 1424 1422 1367 1425 1366 1366 1425 1424 
1369 1426 1367 1367 1426 1425 1427 1428 1426 
1427 1426 1371 1371 1426 1369 1371 1372 1427 
1373 1429 1430 1374 1373 1430 1423 1373 1364 
1429 1373 1423 1427 1431 1428 1372 1431 1427 
1372 1375 1431 1375 1432 1431 1377 1433 1375 
1375 1433 1432 1378 1434 1435 1378 1435 1377 
1377 1435 1433 1434 1436 1437 1435 1434 1437 
1437 1436 1438 1379 1439 1380 1379 1440 1439 
1379 1374 1440 1374 1430 1440 1378 1381 1434 
1382 1434 1381 1436 1434 1382 1383 1441 1442 
1382 1383 1442 1382 1442 1438 1382 1438 1436 
1441 1443 1444 1442 1441 1444 1444 1443 1445 
1380 1439 1384 1439 1386 1384 1439 1440 1386 
1440 1446 1386 1383 1387 1441 1389 1441 1387 
1443 1441 1389 1390 1447 1448 1389 1390 1448 
1389 1448 1445 1389 1445 1443 1448 1447 1449 
1386 1446 1391 1446 1450 1391 1390 1393 1447 
1447 1393 1394 1447 1394 1449 1449 1394 1451 
1395 1452 1453 1396 1395 1453 1450 1395 1391 
1452 1395 1450 1454 1455 1456 1454 1399 1398 
1454 1456 1399 1456 1457 1399 1400 1399 1458 
1399 1457 1458 1402 1400 1459 1400 1458 1459 
1404 1460 1461 1404 1402 1460 1402 1459 1460 
1461 1460 1451 1461 1451 1406 1406 1451 1394 
1396 1453 1462 1407 1396 1462 1408 1407 1463 
1407 1462 1463 1409 1408 1464 1408 1463 1464 
1410 1409 1465 1409 1464 1465 1411 1410 1466 
1410 1465 1466 1413 1411 1467 1411 1466 1467 
1415 1413 1468 1413 1467 1468 1417 1415 1469 
1415 1468 1469 1419 1417 1470 1417 1469 1470 
1455 1454 1420 1455 1420 1470 1470 1420 1419 
1398 1420 1454 1404 1461 1421 1406 1421 1461 
1471 1472 1473 1471 1423 1422 1471 1422 1472 
1472 1422 1474 1424 1475 1422 1422 1475 1474 
1425 1476 1424 1424 1476 1475 1426 1477 1425 
1425 1477 1476 1477 1426 1428 1478 1477 1428 
1479 1480 1481 1473 1480 1479 1471 1473 1479 
1471 1479 1430 1471 1430 1429 1423 1471 1429 
1428 1482 1478 1431 1482 1428 1432 1483 1431 
1431 1483 1482 1433 1484 1432 1432 1484 1483 
1435 1485 1433 1433 1485 1484 1437 1486 1435 
1435 1486 1485 1438 1487 1488 1438 1488 1437 
1437 1488 1486 1488 1487 1489 1479 1481 1490 
1490 1430 1479 1490 1491 1430 1491 1440 1430 
1438 1442 1487 1487 1492 1489 1487 1442 1492 
1442 1444 1492 1445 1493 1494 1445 1494 1444 
1444 1494 1492 1494 1493 1495 1440 1491 1446 
1491 1496 1446 1445 1448 1493 1449 1497 1498 
1448 1449 1498 1448 1498 1495 1448 1495 1493 
1498 1497 1499 1500 1501 1502 1500 1496 1501 
1500 1450 1496 1450 1446 1496 1503 1504 1505 
1503 1506 1507 1505 1506 1503 1451 1506 1449 
1451 1507 1506 1449 1506 1497 1508 1509 1506 
1497 1506 1509 1510 1499 1497 1509 1510 1497 
1511 1512 1513 1502 1512 1511 1500 1502 1511 
1500 1511 1453 1500 1453 1452 1450 1500 1452 
1514 1515 1516 1515 1517 1518 1514 1517 1515 
1517 1519 1518 1520 1521 1522 1520 1456 1455 
1520 1522 1456 1522 1523 1456 1457 1456 1524 
1456 1523 1524 1458 1457 1525 1457 1524 1525 
1504 1503 1459 1504 1459 1525 1525 1459 1458 
1460 1459 1503 1507 1460 1503 1509 1508 1526 
1451 1460 1507 1510 1509 1526 1511 1513 1527 
1453 1511 1527 1453 1527 1462 1462 1527 1528 
1516 1515 1463 1516 1463 1528 1528 1463 1462 
1464 1463 1515 1518 1464 1515 1518 1519 1529 
1518 1529 1464 1464 1529 1465 1466 1465 1530 
1465 1529 1530 1467 1466 1531 1466 1530 1531 
1468 1467 1532 1467 1531 1532 1469 1468 1533 
1468 1532 1533 1521 1520 1470 1521 1470 1533 
1533 1470 1469 1455 1470 1520 1472 1534 1473 
1535 1534 1472 1535 1472 1536 1536 1472 1474 
1475 1537 1474 1474 1537 1536 1476 1538 1475 
1475 1538 1537 1477 1539 1476 1476 1539 1538 
1539 1477 1478 1540 1539 1478 1480 1541 1481 
1480 1542 1541 1473 1542 1480 1473 1543 1542 
1473 1534 1543 1535 1543 1534 1478 1544 1540 
1482 1544 1478 1483 1545 1482 1482 1545 1544 
1484 1546 1483 1483 1546 1545 1485 1547 1484 
1484 1547 1546 1486 1548 1485 1485 1548 1547 
1488 1549 1486 1486 1549 1548 1489 1550 1551 
1489 1551 1488 1488 1551 1549 1551 1550 1552 
1481 1541 1490 1541 1491 1490 1541 1542 1491 
1542 1553 1491 1489 1492 1550 1550 1554 1552 
1550 1492 1554 1492 1494 1554 1495 1555 1556 
1495 1556 1494 1494 1556 1554 1556 1555 1557 
1491 1553 1496 1553 1558 1496 1495 1498 1555 
1499 1559 1560 1498 1499 1560 1498 1560 1557 
1498 1557 1555 1560 1559 1561 1501 1562 1502 
1501 1563 1562 1501 1496 1563 1496 1558 1563 
1564 1565 1566 1564 1567 1568 1566 1567 1564 
1568 1569 1570 1567 1569 1568 1570 1505 1504 
1570 1569 1505 1569 1571 1505 1506 1505 1572 
1505 1571 1572 1508 1573 1574 1508 1506 1573 
1506 1572 1573 1559 1573 1575 1559 1510 1573 
1559 1499 1510 1510 1574 1573 1561 1559 1575 
1512 1576 1513 1512 1502 1562 1512 1562 1576 
1576 1562 1577 1516 1578 1514 1516 1562 1578 
1516 1577 1562 1563 1578 1562 1517 1514 1579 
1514 1578 1579 1519 1580 1581 1519 1517 1580 
1517 1579 1580 1581 1582 1583 1580 1582 1581 
1583 1584 1585 1582 1584 1583 1585 1586 1587 
1584 1586 1585 1587 1588 1589 1586 1588 1587 
1589 1522 1521 1589 1588 1522 1588 1590 1522 
1565 1564 1523 1565 1523 1590 1590 1523 1522 
1524 1523 1564 1568 1524 1564 1525 1524 1568 
1570 1525 1568 1504 1525 1570 1508 1574 1526 
1510 1526 1574 1513 1576 1527 1528 1527 1576 
1577 1528 1576 1516 1528 1577 1519 1581 1529 
1530 1529 1581 1583 1530 1581 1531 1530 1583 
1585 1531 1583 1532 1531 1585 1587 1532 1585 
1533 1532 1587 1589 1533 1587 1521 1533 1589 
1591 1592 1593 1592 1591 1594 1536 1595 1535 
1596 1595 1536 1596 1536 1597 1597 1536 1537 
1593 1538 1591 1593 1597 1538 1597 1537 1538 
1591 1598 1594 1591 1538 1598 1538 1539 1598 
1598 1539 1540 1599 1598 1540 1600 1601 1602 
1600 1603 1604 1601 1600 1604 1603 1605 1606 
1604 1603 1606 1606 1605 1607 1543 1608 1542 
1543 1609 1608 1535 1609 1543 1535 1610 1609 
1535 1595 1610 1596 1610 1595 1540 1611 1599 
1544 1611 1540 1545 1612 1544 1544 1612 1611 
1546 1613 1545 1545 1613 1612 1547 1614 1546 
1546 1614 1613 1602 1548 1600 1602 1614 1548 
1614 1547 1548 1549 1600 1548 1603 1600 1549 
1551 1603 1549 1605 1603 1551 1552 1615 1616 
1551 1552 1616 1551 1616 1607 1551 1607 1605 
1615 1617 1618 1616 1615 1618 1618 1617 1619 
1608 1620 1621 1608 1621 1542 1542 1621 1553 
1609 1620 1608 1552 1554 1615 1556 1615 1554 
1617 1615 1556 1557 1622 1623 1556 1557 1623 
1556 1623 1619 1556 1619 1617 1623 1622 1624 
1553 1621 1558 1621 1625 1558 1626 1627 1628 
1626 1629 1630 1628 1629 1626 1630 1631 1632 
1629 1631 1630 1632 1633 1634 1631 1633 1632 
1557 1560 1622 1634 1633 1635 1622 1560 1561 
1622 1561 1624 1624 1561 1636 1558 1625 1563 
1625 1637 1563 1566 1638 1639 1565 1638 1566 
1567 1566 1640 1566 1639 1640 1627 1626 1569 
1627 1569 1640 1640 1569 1567 1571 1569 1626 
1630 1571 1626 1572 1571 1630 1632 1572 1630 
1573 1572 1632 1634 1573 1632 1634 1635 1641 
1634 1641 1573 1573 1641 1575 1636 1561 1575 
1641 1636 1575 1563 1637 1642 1578 1563 1642 
1579 1578 1643 1578 1642 1643 1580 1579 1644 
1579 1643 1644 1582 1580 1645 1580 1644 1645 
1584 1582 1646 1582 1645 1646 1586 1584 1647 
1584 1646 1647 1588 1586 1648 1586 1647 1648 
1590 1588 1649 1588 1648 1649 1638 1565 1590 
1649 1638 1590 1592 1650 1651 1593 1592 1651 
1650 1592 1594 1652 1650 1594 1597 1653 1654 
1596 1597 1654 1651 1597 1593 1653 1597 1651 
1594 1655 1652 1598 1655 1594 1599 1656 1657 
1599 1657 1598 1598 1657 1655 1656 1658 1659 
1657 1656 1659 1658 1660 1661 1659 1658 1661 
1660 1662 1663 1661 1660 1663 1662 1602 1601 
1662 1601 1663 1663 1601 1664 1604 1665 1601 
1601 1665 1664 1606 1666 1604 1604 1666 1665 
1607 1667 1668 1607 1668 1606 1606 1668 1666 
1667 1669 1670 1668 1667 1670 1670 1669 1671 
1610 1672 1673 1609 1610 1673 1654 1610 1596 
1672 1610 1654 1599 1611 1656 1612 1656 1611 
1658 1656 1612 1613 1658 1612 1660 1658 1613 
1614 1660 1613 1662 1660 1614 1602 1662 1614 
1607 1616 1667 1618 1667 1616 1669 1667 1618 
1619 1674 1675 1618 1619 1675 1618 1675 1671 
1618 1671 1669 1674 1676 1677 1675 1674 1677 
1677 1676 1678 1620 1679 1680 1621 1620 1680 
1673 1620 1609 1679 1620 1673 1681 1682 1683 
1683 1684 1681 1619 1623 1674 1624 1674 1623 
1624 1685 1674 1685 1676 1674 1686 1678 1676 
1685 1686 1676 1621 1680 1625 1680 1687 1625 
1688 1689 1690 1688 1628 1627 1688 1690 1628 
1690 1691 1628 1629 1628 1692 1628 1691 1692 
1682 1681 1631 1682 1631 1692 1692 1631 1629 
1681 1684 1693 1681 1693 1631 1631 1693 1633 
1635 1694 1695 1635 1633 1694 1633 1693 1694 
1685 1694 1696 1685 1636 1694 1685 1624 1636 
1636 1695 1694 1686 1685 1696 1625 1687 1637 
1687 1697 1637 1698 1699 1700 1698 1639 1638 
1698 1700 1639 1700 1701 1639 1689 1688 1640 
1689 1640 1701 1701 1640 1639 1627 1640 1688 
1635 1695 1641 1636 1641 1695 1637 1697 1702 
1642 1637 1702 1643 1642 1703 1642 1702 1703 
1644 1643 1704 1643 1703 1704 1645 1644 1705 
1644 1704 1705 1646 1645 1706 1645 1705 1706 
1647 1646 1707 1646 1706 1707 1648 1647 1708 
1647 1707 1708 1699 1698 1649 1699 1649 1708 
1708 1649 1648 1638 1649 1698 1650 1709 1710 
1651 1650 1710 1709 1650 1652 1711 1709 1652 
1712 1713 1714 1713 1712 1715 1716 1717 1718 
1716 1719 1720 1717 1716 1720 1719 1721 1722 
1720 1719 1722 1722 1721 1723 1653 1724 1725 
1654 1653 1725 1710 1653 1651 1724 1653 1710 
1652 1726 1711 1655 1726 1652 1657 1727 1655 
1655 1727 1726 1659 1728 1657 1657 1728 1727 
1661 1729 1659 1659 1729 1728 1714 1663 1712 
1714 1729 1663 1729 1661 1663 1712 1730 1715 
1712 1663 1730 1663 1664 1730 1665 1731 1664 
1664 1731 1730 1718 1666 1716 1718 1731 1666 
1731 1665 1666 1668 1716 1666 1719 1716 1668 
1670 1719 1668 1721 1719 1670 1671 1732 1733 
1670 1671 1733 1670 1733 1723 1670 1723 1721 
1732 1734 1735 1733 1732 1735 1735 1734 1736 
1672 1737 1738 1673 1672 1738 1725 1672 1654 
1737 1672 1725 1671 1675 1732 1677 1732 1675 
1734 1732 1677 1734 1677 1678 1734 1678 1736 
1736 1678 1739 1679 1740 1680 1679 1741 1740 
1679 1673 1741 1673 1738 1741 1742 1743 1744 
1742 1745 1746 1744 1745 1742 1746 1683 1682 
1746 1745 1683 1745 1747 1683 1684 1748 1749 
1684 1683 1748 1683 1747 1748 1749 1750 1751 
1748 1750 1749 1750 1752 1751 1678 1686 1739 
1739 1686 1753 1740 1754 1687 1680 1740 1687 
1755 1740 1741 1754 1740 1755 1756 1757 1758 
1756 1690 1689 1756 1758 1690 1758 1759 1690 
1743 1742 1691 1743 1691 1759 1759 1691 1690 
1692 1691 1742 1746 1692 1742 1682 1692 1746 
1684 1749 1693 1694 1693 1749 1751 1694 1749 
1751 1752 1760 1751 1760 1694 1694 1760 1696 
1753 1686 1696 1760 1753 1696 1754 1761 1762 
1754 1762 1687 1687 1762 1697 1761 1763 1764 
1761 1754 1763 1765 1763 1755 1755 1763 1754 
1763 1766 1767 1765 1766 1763 1766 1768 1767 
1769 1770 1771 1769 1700 1699 1769 1771 1700 
1771 1772 1700 1757 1756 1701 1757 1701 1772 
1772 1701 1700 1689 1701 1756 1697 1762 1773 
1702 1697 1773 1764 1763 1703 1764 1703 1773 
1773 1703 1702 1704 1703 1763 1767 1704 1763 
1767 1768 1774 1767 1774 1704 1704 1774 1705 
1706 1705 1775 1705 1774 1775 1707 1706 1776 
1706 1775 1776 1770 1769 1708 1770 1708 1776 
1776 1708 1707 1699 1708 1769 1709 1777 1778 
1710 1709 1778 1711 1779 1780 1711 1780 1709 
1709 1780 1777 1779 1781 1782 1780 1779 1782 
1781 1783 1784 1782 1781 1784 1783 1785 1786 
1784 1783 1786 1785 1714 1713 1785 1713 1786 
1786 1713 1787 1715 1788 1789 1715 1789 1713 
1713 1789 1787 1788 1790 1791 1789 1788 1791 
1790 1718 1717 1790 1717 1791 1791 1717 1792 
1720 1793 1717 1717 1793 1792 1722 1794 1720 
1720 1794 1793 1723 1795 1796 1723 1796 1722 
1722 1796 1794 1795 1797 1798 1796 1795 1798 
1798 1797 1799 1724 1800 1801 1725 1724 1801 
1778 1724 1710 1800 1724 1778 1711 1726 1779 
1727 1779 1726 1781 1779 1727 1728 1781 1727 
1783 1781 1728 1729 1783 1728 1785 1783 1729 
1714 1785 1729 1715 1730 1788 1731 1788 1730 
1790 1788 1731 1718 1790 1731 1723 1733 1795 
1735 1795 1733 1797 1795 1735 1736 1802 1803 
1735 1736 1803 1735 1803 1799 1735 1799 1797 
1803 1802 1804 1737 1805 1806 1738 1737 1806 
1801 1737 1725 1805 1737 1801 1807 1808 1809 
1807 1810 1811 1809 1810 1807 1811 1812 1813 
1810 1812 1811 1813 1814 1815 1812 1814 1813 
1814 1816 1815 1802 1739 1817 1736 1739 1802 
1818 1804 1802 1817 1818 1802 1738 1806 1741 
1806 1819 1741 1820 1821 1822 1820 1744 1743 
1820 1822 1744 1822 1823 1744 1808 1807 1745 
1808 1745 1823 1823 1745 1744 1747 1745 1807 
1811 1747 1807 1748 1747 1811 1813 1748 1811 
1750 1748 1813 1815 1750 1813 1752 1824 1825 
1750 1824 1752 1750 1816 1824 1750 1815 1816 
1817 1824 1826 1817 1753 1824 1817 1739 1753 
1753 1825 1824 1818 1817 1826 1741 1819 1755 
1819 1827 1755 1828 1829 1830 1828 1758 1757 
1828 1830 1758 1830 1831 1758 1821 1820 1759 
1821 1759 1831 1831 1759 1758 1743 1759 1820 
1752 1825 1760 1753 1760 1825 1761 1832 1833 
1762 1761 1833 1761 1764 1834 1761 1834 1832 
1765 1755 1835 1835 1755 1827 1766 1765 1836 
1765 1835 1836 1768 1837 1838 1768 1766 1837 
1766 1836 1837 1838 1839 1840 1837 1839 1838 
1840 1841 1842 1839 1841 1840 1842 1771 1770 
1842 1841 1771 1841 1843 1771 1829 1828 1772 
1829 1772 1843 1843 1772 1771 1757 1772 1828 
1762 1833 1844 1773 1762 1844 1834 1764 1773 
1844 1834 1773 1768 1838 1774 1775 1774 1838 
1840 1775 1838 1776 1775 1840 1842 1776 1840 
1770 1776 1842 1845 1846 1847 1845 1848 1849 
1846 1845 1849 1849 1848 1850 1851 1852 1853 
1851 1854 1855 1852 1851 1855 1854 1856 1857 
1855 1854 1857 1856 1858 1859 1857 1856 1859 
1858 1860 1861 1859 1858 1861 1860 1862 1863 
1861 1860 1863 1862 1864 1865 1863 1862 1865 
1864 1866 1867 1865 1864 1867 1866 1868 1869 
1867 1866 1869 1868 1870 1871 1869 1868 1871 
1870 1872 1873 1871 1870 1873 1873 1872 1874 
1777 1845 1847 1777 1847 1778 1778 1847 1875 
1780 1845 1777 1848 1845 1780 1848 1876 1850 
1848 1780 1876 1780 1782 1876 1853 1784 1851 
1853 1876 1784 1876 1782 1784 1786 1851 1784 
1854 1851 1786 1787 1854 1786 1856 1854 1787 
1789 1856 1787 1858 1856 1789 1791 1858 1789 
1860 1858 1791 1792 1860 1791 1862 1860 1792 
1793 1862 1792 1864 1862 1793 1794 1864 1793 
1866 1864 1794 1796 1866 1794 1868 1866 1796 
1798 1868 1796 1870 1868 1798 1799 1870 1798 
1799 1877 1870 1877 1872 1870 1878 1874 1872 
1877 1878 1872 1800 1879 1880 1801 1800 1880 
1875 1800 1778 1879 1800 1875 1881 1882 1883 
1881 1884 1885 1883 1884 1881 1885 1886 1887 
1884 1886 1885 1886 1888 1887 1799 1803 1877 
1877 1803 1804 1877 1804 1878 1878 1804 1889 
1805 1890 1891 1806 1805 1891 1880 1805 1801 
1890 1805 1880 1892 1893 1894 1892 1809 1808 
1892 1894 1809 1894 1895 1809 1882 1881 1810 
1882 1810 1895 1895 1810 1809 1812 1810 1881 
1885 1812 1881 1814 1812 1885 1887 1814 1885 
1816 1896 1897 1814 1896 1816 1814 1888 1896 
1814 1887 1888 1897 1898 1899 1896 1898 1897 
1899 1898 1889 1899 1889 1818 1818 1889 1804 
1806 1891 1819 1891 1900 1819 1901 1902 1903 
1901 1822 1821 1901 1903 1822 1903 1904 1822 
1893 1892 1823 1893 1823 1904 1904 1823 1822 
1808 1823 1892 1816 1897 1824 1826 1824 1897 
1899 1826 1897 1818 1826 1899 1819 1900 1827 
1900 1905 1827 1830 1906 1907 1829 1906 1830 
1902 1901 1831 1902 1831 1907 1907 1831 1830 
1821 1831 1901 1832 1908 1833 1827 1905 1909 
1827 1909 1835 1834 1908 1832 1836 1835 1910 
1835 1909 1910 1837 1836 1911 1836 1910 1911 
1839 1837 1912 1837 1911 1912 1841 1839 1913 
1839 1912 1913 1843 1841 1914 1841 1913 1914 
1906 1829 1843 1914 1906 1843 1833 1908 1844 
1834 1844 1908 1915 1916 1917 1916 1915 1918 
1919 1920 1921 1919 1922 1923 1920 1919 1923 
1922 1924 1925 1923 1922 1925 1924 1926 1927 
1925 1924 1927 1926 1928 1929 1927 1926 1929 
1928 1930 1931 1929 1928 1931 1930 1932 1933 
1931 1930 1933 1932 1934 1935 1933 1932 1935 
1934 1936 1937 1935 1934 1937 1936 1938 1939 
1937 1936 1939 1938 1940 1941 1939 1938 1941 
1941 1940 1942 1846 1943 1944 1847 1846 1944 
1917 1849 1915 1917 1943 1849 1943 1846 1849 
1850 1945 1946 1849 1850 1946 1849 1946 1918 
1849 1918 1915 1921 1946 1945 1919 1921 1945 
1919 1945 1853 1919 1853 1852 1855 1919 1852 
1922 1919 1855 1857 1922 1855 1924 1922 1857 
1859 1924 1857 1926 1924 1859 1861 1926 1859 
1928 1926 1861 1863 1928 1861 1930 1928 1863 
1865 1930 1863 1932 1930 1865 1867 1932 1865 
1934 1932 1867 1869 1934 1867 1936 1934 1869 
1871 1936 1869 1938 1936 1871 1873 1938 1871 
1940 1938 1873 1874 1947 1948 1873 1874 1948 
1873 1948 1942 1873 1942 1940 1948 1947 1949 
1950 1951 1952 1950 1944 1951 1950 1875 1944 
1875 1847 1944 1850 1876 1945 1853 1945 1876 
1947 1878 1953 1874 1878 1947 1954 1949 1947 
1953 1954 1947 1879 1950 1952 1879 1952 1880 
1880 1952 1955 1875 1950 1879 1956 1957 1958 
1956 1883 1882 1956 1958 1883 1958 1959 1883 
1884 1883 1960 1883 1959 1960 1886 1884 1961 
1884 1960 1961 1888 1962 1963 1888 1886 1962 
1886 1961 1962 1963 1964 1965 1962 1964 1963 
1953 1964 1966 1953 1889 1964 1953 1878 1889 
1889 1965 1964 1954 1953 1966 1890 1967 1968 
1891 1890 1968 1955 1890 1880 1967 1890 1955 
1969 1970 1971 1969 1894 1893 1969 1971 1894 
1971 1972 1894 1957 1956 1895 1957 1895 1972 
1972 1895 1894 1882 1895 1956 1888 1963 1896 
1898 1896 1963 1965 1898 1963 1889 1898 1965 
1891 1968 1900 1968 1973 1900 1903 1974 1975 
1902 1974 1903 1970 1969 1904 1970 1904 1975 
1975 1904 1903 1893 1904 1969 1900 1973 1905 
1973 1976 1905 1977 1978 1979 1977 1980 1981 
1979 1980 1977 1981 1907 1906 1981 1980 1907 
1980 1982 1907 1974 1902 1907 1982 1974 1907 
1905 1976 1983 1909 1905 1983 1910 1909 1984 
1909 1983 1984 1911 1910 1985 1910 1984 1985 
1912 1911 1986 1911 1985 1986 1978 1977 1913 
1978 1913 1986 1986 1913 1912 1914 1913 1977 
1981 1914 1977 1906 1914 1981 1987 1988 1989 
1987 1990 1991 1988 1987 1991 1990 1992 1993 
1991 1990 1993 1993 1992 1994 1995 1996 1997 
1995 1998 1999 1996 1995 1999 1998 2000 2001 
1999 1998 2001 2000 2002 2003 2001 2000 2003 
2003 2002 2004 2005 2006 2007 2005 2008 2009 
2006 2005 2009 1989 2009 2008 1989 2008 1987 
1987 2008 2010 1990 1987 2011 2011 1987 2010 
1992 1990 2012 2012 1990 2011 2013 1994 1992 
2013 1992 2014 2014 1992 2012 2014 2015 2016 
2013 2014 2016 2015 2017 2018 2016 2015 2018 
1997 2018 2017 1997 2017 1995 1995 2017 2019 
1998 1995 2020 2020 1995 2019 2000 1998 2021 
2021 1998 2020 2002 2000 2022 2022 2000 2021 
2023 2004 2002 2023 2002 2024 2024 2002 2022 
2023 2024 2025 1916 2026 2027 1917 1916 2027 
1918 2028 2029 1918 2029 1916 1916 2029 2026 
2007 2029 2028 2005 2007 2028 2005 2028 1921 
2005 1921 1920 1923 2005 1920 2008 2005 1923 
1925 2008 1923 2010 2008 1925 1927 2010 1925 
2011 2010 1927 1929 2011 1927 2012 2011 1929 
1931 2012 1929 2014 2012 1931 1933 2014 1931 
2015 2014 1933 1935 2015 1933 2017 2015 1935 
1937 2017 1935 2019 2017 1937 1939 2019 1937 
2020 2019 1939 1941 2020 1939 2021 2020 1941 
1942 2021 1941 1942 2030 2021 2030 2022 2021 
2031 2032 2024 2031 2024 2030 2030 2024 2022 
2025 2024 2032 1943 2033 2034 1944 1943 2034 
2027 1943 1917 2033 1943 2027 1918 1946 2028 
1921 2028 1946 1942 1948 2030 2030 1948 1949 
2030 1949 2031 2031 1949 2035 1951 2036 1952 
1951 2037 2036 1951 1944 2037 1944 2034 2037 
2038 2039 2040 2038 2041 2042 2040 2041 2038 
2042 2043 2044 2041 2043 2042 2044 2045 2046 
2043 2045 2044 2046 2047 2048 2045 2047 2046 
2048 2049 2050 2047 2049 2048 2050 2049 2035 
2050 2035 1954 1954 2035 1949 2036 2051 2052 
2036 2052 1952 1952 2052 1955 2037 2051 2036 
2053 2054 2055 2053 1958 1957 2053 2055 1958 
2055 2056 1958 2039 2038 1959 2039 1959 2056 
2056 1959 1958 1960 1959 2038 2042 1960 2038 
1961 1960 2042 2044 1961 2042 1962 1961 2044 
2046 1962 2044 1964 1962 2046 2048 1964 2046 
1966 1964 2048 2050 1966 2048 1954 1966 2050 
1967 2057 1968 1967 2058 2057 1967 1955 2058 
1955 2052 2058 2059 2060 2061 2059 1971 1970 
2059 2061 1971 2061 2062 1971 2054 2053 1972 
2054 1972 2062 2062 1972 1971 1957 1972 2053 
2057 2063 2064 2057 2064 1968 1968 2064 1973 
2058 2063 2057 2065 2066 2067 2060 2065 2067 
2059 2065 2060 2059 1974 2065 2059 1975 1974 
1970 1975 2059 2068 2069 1976 2068 1976 2064 
2064 1976 1973 2069 2070 2071 2068 2070 2069 
2071 2072 2073 2070 2072 2071 2073 2074 2075 
2072 2074 2073 2075 1979 1978 2075 2074 1979 
2074 2076 1979 1980 1979 2077 1979 2076 2077 
2066 2065 1982 2066 1982 2077 2077 1982 1980 
1974 1982 2065 1976 2069 1983 1984 1983 2069 
2071 1984 2069 1985 1984 2071 2073 1985 2071 
1986 1985 2073 2075 1986 2073 1978 1986 2075 
2078 2079 2080 2079 2078 2081 2082 2083 2084 
2080 2083 2082 2080 2082 2078 2078 2082 2085 
2086 2081 2078 2086 2078 2087 2087 2078 2085 
2086 2087 2088 2089 2090 2091 2084 2090 2089 
2084 2089 2082 2082 2089 2092 2085 2082 2093 
2093 2082 2092 2087 2085 2094 2094 2085 2093 
2095 2088 2087 2095 2087 2096 2096 2087 2094 
2096 2097 2098 2095 2096 2098 2097 2099 2100 
2098 2097 2100 2100 2099 2101 2102 2103 2104 
2091 2103 2102 2091 2102 2089 2089 2102 2105 
2092 2089 2106 2106 2089 2105 2093 2092 2107 
2107 2092 2106 2094 2093 2108 2108 2093 2107 
2096 2094 2109 2109 2094 2108 2097 2096 2110 
2110 2096 2109 2099 2097 2111 2111 2097 2110 
2112 2101 2099 2112 2099 2113 2113 2099 2111 
2112 2113 2114 2115 2102 2104 2116 2115 2104 
2105 2102 2117 2117 2102 2115 2106 2105 2118 
2118 2105 2117 2107 2106 2119 2119 2106 2118 
2108 2107 2120 2120 2107 2119 2109 2108 2121 
2121 2108 2120 2110 2109 2122 2122 2109 2121 
2111 2110 2123 2123 2110 2122 2113 2111 2124 
2124 2111 2123 2125 2114 2113 2125 2113 2126 
2126 2113 2124 2125 2126 2127 2128 2129 2130 
2116 2129 2128 2116 2128 2115 2115 2128 2131 
2117 2115 2132 2132 2115 2131 2118 2117 2133 
2133 2117 2132 2119 2118 2134 2134 2118 2133 
2120 2119 2135 2135 2119 2134 2121 2120 2136 
2136 2120 2135 2122 2121 2137 2137 2121 2136 
2123 2122 2138 2138 2122 2137 2124 2123 2139 
2139 2123 2138 2126 2124 2140 2140 2124 2139 
2141 2127 2126 2140 2141 2126 2142 2143 2144 
2130 2143 2142 2130 2142 2128 2128 2142 2145 
2131 2128 2146 2146 2128 2145 2132 2131 2147 
2147 2131 2146 2133 2132 2148 2148 2132 2147 
2134 2133 2149 2149 2133 2148 2135 2134 2150 
2150 2134 2149 2136 2135 2151 2151 2135 2150 
2137 2136 2152 2152 2136 2151 2138 2137 2153 
2153 2137 2152 2139 2138 2154 2154 2138 2153 
2140 2139 2155 2155 2139 2154 2156 2141 2140 
2155 2156 2140 2157 2158 2159 2157 2160 2161 
2158 2157 2161 2160 2162 2163 2161 2160 2163 
2144 2163 2162 2142 2144 2162 2142 2162 1989 
2142 1989 1988 1991 2142 1988 2145 2142 1991 
1993 2145 1991 2146 2145 1993 1994 2146 1993 
1994 2164 2146 2164 2147 2146 2148 2147 2165 
2165 2147 2164 2149 2148 2166 2166 2148 2165 
1996 2166 1997 1996 2150 2166 2150 2149 2166 
1999 2150 1996 2151 2150 1999 2001 2151 1999 
2152 2151 2001 2003 2152 2001 2153 2152 2003 
2004 2153 2003 2004 2167 2153 2167 2154 2153 
2155 2154 2168 2168 2154 2167 2169 2156 2155 
2168 2169 2155 2170 2171 2172 2159 2171 2170 
2159 2170 2157 2157 2170 2173 2006 2173 2007 
2006 2160 2173 2160 2157 2173 2009 2160 2006 
2162 2160 2009 1989 2162 2009 1994 2013 2164 
2016 2164 2013 2165 2164 2016 2018 2165 2016 
2166 2165 2018 1997 2166 2018 2004 2023 2167 
2174 2168 2167 2174 2167 2025 2174 2025 2175 
2023 2025 2167 2169 2168 2174 2026 2170 2172 
2026 2172 2027 2027 2172 2176 2029 2170 2026 
2173 2170 2029 2007 2173 2029 2032 2177 2178 
2031 2177 2032 2175 2025 2032 2178 2175 2032 
2033 2179 2180 2034 2033 2180 2176 2033 2027 
2179 2033 2176 2181 2182 2183 2181 2184 2185 
2183 2184 2181 2185 2186 2187 2184 2186 2185 
2187 2188 2189 2186 2188 2187 2189 2190 2191 
2188 2190 2189 2191 2192 2193 2190 2192 2191 
2193 2192 2177 2193 2177 2035 2035 2177 2031 
2034 2180 2037 2180 2194 2037 2195 2196 2197 
2182 2195 2197 2181 2195 2182 2181 2039 2195 
2181 2040 2039 2041 2040 2181 2185 2041 2181 
2043 2041 2185 2187 2043 2185 2045 2043 2187 
2189 2045 2187 2047 2045 2189 2191 2047 2189 
2049 2047 2191 2193 2049 2191 2035 2049 2193 
2051 2198 2199 2052 2051 2199 2194 2051 2037 
2198 2051 2194 2200 2201 2202 2200 2055 2054 
2200 2202 2055 2202 2203 2055 2196 2195 2056 
2196 2056 2203 2203 2056 2055 2039 2056 2195 
2052 2199 2058 2199 2204 2058 2205 2206 2207 
2205 2061 2060 2205 2207 2061 2207 2208 2061 
2201 2200 2062 2201 2062 2208 2208 2062 2061 
2054 2062 2200 2063 2209 2064 2210 2058 2204 
2210 2209 2058 2210 2211 2209 2209 2063 2058 
2211 2212 2213 2210 2212 2211 2213 2214 2215 
2212 2214 2213 2215 2216 2217 2214 2216 2215 
2217 2218 2219 2216 2218 2217 2206 2219 2218 
2205 2219 2206 2205 2066 2219 2205 2067 2066 
2060 2067 2205 2064 2209 2068 2070 2068 2209 
2211 2070 2209 2072 2070 2211 2213 2072 2211 
2074 2072 2213 2215 2074 2213 2076 2074 2215 
2217 2076 2215 2077 2076 2217 2219 2077 2217 
2066 2077 2219 2220 2221 2222 2220 2223 2224 
2221 2220 2224 2223 2225 2226 2224 2223 2226 
2226 2225 2227 2228 2229 2230 2222 2229 2228 
2220 2222 2228 2220 2228 2080 2220 2080 2079 
2081 2220 2079 2081 2231 2220 2231 2223 2220 
2225 2223 2232 2232 2223 2231 2233 2227 2225 
2233 2225 2234 2234 2225 2232 2234 2235 2236 
2233 2234 2236 2236 2235 2237 2238 2239 2240 
2230 2239 2238 2228 2230 2238 2228 2238 2084 
2228 2084 2083 2080 2228 2083 2081 2086 2231 
2088 2231 2086 2088 2241 2231 2241 2232 2231 
2234 2232 2242 2242 2232 2241 2235 2234 2243 
2243 2234 2242 2244 2237 2235 2244 2235 2245 
2245 2235 2243 2245 2246 2247 2244 2245 2247 
2246 2248 2249 2247 2246 2249 2249 2248 2250 
2251 2252 2253 2240 2252 2251 2238 2240 2251 
2238 2251 2091 2238 2091 2090 2084 2238 2090 
2088 2095 2241 2098 2241 2095 2242 2241 2098 
2100 2242 2098 2243 2242 2100 2101 2243 2100 
2101 2254 2243 2254 2245 2243 2246 2245 2255 
2255 2245 2254 2256 2257 2248 2256 2248 2255 
2255 2248 2246 2250 2248 2257 2258 2259 2260 
2253 2259 2258 2251 2253 2258 2251 2258 2104 
2251 2104 2103 2091 2251 2103 2101 2112 2254 
2114 2254 2112 2114 2261 2254 2261 2255 2254 
2262 2256 2255 2261 2262 2255 2263 2258 2260 
2264 2263 2260 2104 2263 2116 2258 2263 2104 
2114 2125 2261 2261 2125 2127 2261 2127 2262 
2262 2127 2265 2266 2267 2268 2264 2267 2266 
2263 2264 2266 2263 2266 2130 2263 2130 2129 
2116 2263 2129 2127 2141 2265 2265 2141 2269 
2270 2271 2272 2270 2273 2274 2271 2270 2274 
2268 2274 2273 2266 2268 2273 2266 2273 2144 
2266 2144 2143 2130 2266 2143 2141 2156 2269 
2269 2156 2275 2158 2276 2277 2159 2158 2277 
2272 2161 2270 2272 2276 2161 2276 2158 2161 
2163 2270 2161 2273 2270 2163 2144 2273 2163 
2156 2169 2275 2275 2169 2278 2171 2279 2280 
2172 2171 2280 2277 2171 2159 2279 2171 2277 
2281 2282 2283 2281 2284 2285 2283 2284 2281 
2284 2286 2285 2174 2287 2288 2175 2287 2174 
2278 2169 2174 2288 2278 2174 2172 2280 2176 
2280 2289 2176 2290 2291 2292 2290 2293 2294 
2292 2293 2290 2294 2295 2296 2293 2295 2294 
2282 2296 2295 2282 2281 2296 2281 2297 2296 
2285 2298 2281 2298 2297 2281 2177 2299 2178 
2177 2285 2299 2177 2298 2285 2286 2299 2285 
2287 2175 2178 2299 2287 2178 2179 2300 2301 
2180 2179 2301 2289 2179 2176 2300 2179 2289 
2302 2303 2304 2302 2183 2182 2302 2304 2183 
2304 2305 2183 2291 2290 2184 2291 2184 2305 
2305 2184 2183 2186 2184 2290 2294 2186 2290 
2188 2186 2294 2296 2188 2294 2190 2188 2296 
2297 2190 2296 2192 2190 2297 2298 2192 2297 
2177 2192 2298 2180 2301 2194 2301 2306 2194 
2307 2308 2309 2303 2307 2309 2302 2307 2303 
2302 2196 2307 2302 2197 2196 2182 2197 2302 
2198 2310 2199 2198 2311 2310 2198 2194 2311 
2194 2306 2311 2202 2312 2313 2201 2312 2202 
2308 2307 2203 2308 2203 2313 2313 2203 2202 
2196 2203 2307 2310 2314 2315 2310 2315 2199 
2199 2315 2204 2311 2314 2310 2316 2317 2318 
2316 2207 2206 2316 2318 2207 2318 2319 2207 
2208 2207 2320 2207 2319 2320 2312 2201 2208 
2320 2312 2208 2204 2315 2321 2210 2204 2321 
2212 2210 2322 2210 2321 2322 2214 2212 2323 
2212 2322 2323 2216 2214 2324 2214 2323 2324 
2317 2316 2218 2317 2218 2324 2324 2218 2216 
2206 2218 2316 2221 2325 2222 2221 2224 2326 
2325 2221 2326 2224 2226 2327 2326 2224 2327 
2226 2227 2327 2229 2328 2329 2230 2229 2329 
2325 2229 2222 2325 2330 2229 2330 2328 2229 
2326 2330 2325 2331 2330 2326 2327 2331 2326 
2332 2331 2327 2227 2332 2327 2227 2233 2332 
2233 2333 2332 2334 2335 2333 2334 2333 2236 
2236 2333 2233 2236 2237 2334 2336 2337 2338 
2336 2240 2239 2336 2239 2337 2337 2239 2339 
2329 2239 2230 2339 2239 2329 2334 2340 2335 
2237 2340 2334 2237 2244 2340 2244 2341 2340 
2247 2342 2244 2244 2342 2341 2249 2343 2247 
2247 2343 2342 2343 2249 2250 2344 2343 2250 
2345 2346 2347 2338 2346 2345 2336 2338 2345 
2336 2345 2253 2336 2253 2252 2240 2336 2252 
2257 2256 2348 2257 2348 2349 2257 2349 2250 
2250 2349 2344 2350 2351 2352 2350 2353 2354 
2351 2350 2354 2347 2354 2353 2345 2347 2353 
2345 2353 2260 2345 2260 2259 2253 2345 2259 
2348 2262 2355 2256 2262 2348 2356 2349 2348 
2355 2356 2348 2357 2350 2352 2358 2357 2352 
2353 2350 2359 2359 2350 2357 2260 2359 2264 
2353 2359 2260 2355 2265 2360 2262 2265 2355 
2361 2356 2355 2360 2361 2355 2362 2363 2364 
2358 2363 2362 2358 2362 2357 2357 2362 2365 
2267 2365 2268 2267 2359 2365 2359 2357 2365 
2264 2359 2267 2360 2269 2366 2265 2269 2360 
2367 2361 2360 2366 2367 2360 2368 2369 2370 
2364 2369 2368 2362 2364 2368 2362 2368 2272 
2362 2272 2271 2274 2362 2271 2365 2362 2274 
2268 2365 2274 2366 2371 2372 2366 2269 2371 
2269 2275 2371 2367 2366 2372 2276 2368 2370 
2276 2370 2277 2277 2370 2373 2272 2368 2276 
2374 2375 2376 2374 2377 2378 2376 2377 2374 
2378 2379 2380 2377 2379 2378 2380 2381 2382 
2379 2381 2380 2382 2383 2384 2381 2383 2382 
2384 2385 2386 2383 2385 2384 2386 2385 2371 
2386 2371 2278 2278 2371 2275 2279 2387 2388 
2280 2279 2388 2373 2279 2277 2387 2279 2373 
2389 2390 2391 2389 2392 2393 2391 2392 2389 
2375 2393 2392 2375 2374 2393 2374 2394 2393 
2378 2395 2374 2395 2394 2374 2283 2282 2395 
2283 2395 2380 2380 2395 2378 2284 2283 2380 
2382 2284 2380 2286 2284 2382 2286 2382 2396 
2396 2382 2384 2288 2287 2396 2288 2396 2386 
2386 2396 2384 2278 2288 2386 2280 2388 2289 
2388 2397 2289 2398 2399 2400 2390 2398 2400 
2390 2389 2398 2389 2401 2398 2292 2291 2401 
2292 2401 2393 2393 2401 2389 2293 2292 2393 
2394 2293 2393 2295 2293 2394 2395 2295 2394 
2282 2295 2395 2286 2396 2299 2287 2299 2396 
2300 2402 2301 2300 2403 2402 2300 2289 2403 
2289 2397 2403 2404 2405 2406 2399 2404 2406 
2398 2404 2399 2398 2303 2404 2398 2304 2303 
2305 2304 2398 2401 2305 2398 2291 2305 2401 
2402 2407 2408 2402 2408 2301 2301 2408 2306 
2403 2407 2402 2409 2410 2411 2405 2409 2411 
2404 2409 2405 2404 2308 2409 2404 2309 2308 
2303 2309 2404 2306 2408 2311 2408 2412 2311 
2413 2414 2415 2410 2413 2415 2409 2413 2410 
2409 2312 2413 2409 2313 2312 2308 2313 2409 
2314 2416 2315 2417 2311 2412 2417 2416 2311 
2417 2418 2416 2416 2314 2311 2418 2419 2420 
2417 2419 2418 2420 2421 2422 2419 2421 2420 
2422 2318 2317 2422 2421 2318 2421 2423 2318 
2319 2318 2424 2318 2423 2424 2414 2413 2320 
2414 2320 2424 2424 2320 2319 2312 2320 2413 
2315 2416 2321 2322 2321 2416 2418 2322 2416 
2323 2322 2418 2420 2323 2418 2324 2323 2420 
2422 2324 2420 2317 2324 2422 2328 2425 2426 
2329 2328 2426 2330 2427 2328 2328 2427 2425 
2428 2429 2427 2428 2427 2331 2331 2427 2330 
2331 2332 2430 2428 2331 2430 2332 2333 2431 
2430 2332 2431 2333 2335 2431 2432 2433 2434 
2432 2338 2337 2432 2337 2433 2433 2337 2435 
2339 2436 2337 2337 2436 2435 2426 2339 2329 
2436 2339 2426 2428 2437 2429 2430 2437 2428 
2438 2437 2430 2438 2439 2440 2438 2430 2439 
2430 2431 2439 2335 2340 2441 2335 2441 2431 
2431 2441 2439 2340 2341 2442 2441 2340 2442 
2443 2442 2341 2443 2341 2444 2444 2341 2342 
2445 2446 2444 2445 2444 2343 2343 2444 2342 
2343 2344 2445 2447 2448 2449 2434 2448 2447 
2432 2434 2447 2432 2447 2347 2432 2347 2346 
2338 2432 2346 2439 2450 2440 2441 2450 2439 
2451 2450 2441 2442 2451 2441 2452 2451 2442 
2443 2452 2442 2445 2453 2446 2453 2445 2344 
2453 2344 2454 2454 2344 2349 2351 2455 2456 
2352 2351 2456 2449 2354 2447 2449 2455 2354 
2455 2351 2354 2347 2447 2354 2457 2458 2459 
2457 2459 2454 2457 2454 2356 2356 2454 2349 
2460 2461 2462 2460 2456 2461 2460 2358 2456 
2358 2352 2456 2463 2464 2465 2465 2466 2463 
2467 2458 2457 2468 2458 2467 2356 2361 2467 
2457 2356 2467 2363 2460 2462 2363 2462 2364 
2364 2462 2469 2358 2460 2363 2470 2471 2472 
2470 2473 2474 2472 2473 2470 2464 2474 2473 
2464 2463 2474 2463 2475 2474 2476 2463 2466 
2476 2477 2463 2477 2475 2463 2477 2478 2479 
2476 2478 2477 2479 2480 2481 2478 2480 2479 
2481 2482 2483 2480 2482 2481 2468 2483 2482 
2468 2467 2483 2467 2484 2483 2361 2367 2484 
2467 2361 2484 2369 2485 2486 2370 2369 2486 
2469 2369 2364 2485 2369 2469 2487 2471 2470 
2488 2471 2487 2474 2489 2470 2489 2487 2470 
2475 2490 2474 2490 2489 2474 2477 2491 2475 
2491 2490 2475 2479 2492 2477 2492 2491 2477 
2481 2493 2479 2493 2492 2479 2483 2494 2481 
2494 2493 2481 2372 2371 2494 2372 2494 2484 
2484 2494 2483 2367 2372 2484 2370 2486 2373 
2486 2495 2373 2496 2497 2498 2488 2496 2498 
2488 2487 2496 2487 2499 2496 2376 2375 2499 
2376 2499 2489 2489 2499 2487 2377 2376 2489 
2490 2377 2489 2379 2377 2490 2491 2379 2490 
2381 2379 2491 2492 2381 2491 2383 2381 2492 
2493 2383 2492 2385 2383 2493 2494 2385 2493 
2371 2385 2494 2387 2500 2388 2387 2501 2500 
2387 2373 2501 2373 2495 2501 2502 2503 2504 
2497 2502 2504 2496 2502 2497 2496 2390 2502 
2496 2391 2390 2392 2391 2496 2499 2392 2496 
2375 2392 2499 2500 2505 2506 2500 2506 2388 
2388 2506 2397 2501 2505 2500 2507 2508 2509 
2503 2507 2509 2502 2507 2503 2502 2399 2507 
2502 2400 2399 2390 2400 2502 2397 2506 2403 
2506 2510 2403 2511 2512 2513 2508 2511 2513 
2507 2511 2508 2507 2405 2511 2507 2406 2405 
2399 2406 2507 2407 2514 2408 2407 2515 2514 
2407 2403 2515 2403 2510 2515 2516 2517 2518 
2512 2516 2518 2511 2516 2512 2511 2410 2516 
2511 2411 2410 2405 2411 2511 2514 2519 2412 
2408 2514 2412 2520 2514 2515 2519 2514 2520 
2521 2522 2523 2521 2524 2525 2523 2524 2521 
2525 2526 2527 2524 2526 2525 2517 2527 2526 
2516 2527 2517 2516 2414 2527 2516 2415 2414 
2410 2415 2516 2412 2519 2417 2519 2520 2528 
2519 2528 2417 2417 2528 2419 2522 2521 2421 
2522 2421 2528 2528 2421 2419 2423 2421 2521 
2525 2423 2521 2424 2423 2525 2527 2424 2525 
2414 2424 2527 2529 2530 2531 2530 2529 2532 
2425 2533 2426 2425 2427 2534 2533 2425 2534 
2427 2429 2534 2433 2535 2536 2434 2433 2536 
2531 2435 2529 2531 2535 2435 2535 2433 2435 
2529 2537 2532 2529 2435 2537 2435 2436 2537 
2533 2436 2426 2533 2538 2436 2538 2537 2436 
2538 2539 2540 2538 2533 2539 2533 2534 2539 
2429 2437 2541 2429 2541 2534 2534 2541 2539 
2437 2438 2542 2541 2437 2542 2438 2440 2542 
2444 2543 2443 2444 2446 2543 2448 2544 2545 
2449 2448 2545 2536 2448 2434 2544 2448 2536 
2539 2546 2540 2546 2547 2548 2546 2539 2547 
2539 2541 2547 2542 2549 2541 2549 2547 2541 
2440 2450 2550 2440 2550 2542 2542 2550 2549 
2450 2451 2551 2550 2450 2551 2451 2452 2552 
2551 2451 2552 2452 2443 2543 2452 2543 2552 
2552 2543 2553 2446 2453 2554 2446 2554 2543 
2543 2554 2553 2453 2454 2554 2455 2555 2556 
2456 2455 2556 2545 2455 2449 2555 2455 2545 
2557 2548 2547 2558 2548 2557 2549 2559 2547 
2559 2557 2547 2550 2560 2549 2560 2559 2549 
2551 2561 2550 2561 2560 2550 2552 2562 2551 
2562 2561 2551 2553 2563 2552 2563 2562 2552 
2459 2458 2563 2459 2563 2554 2554 2563 2553 
2454 2459 2554 2461 2564 2462 2461 2565 2564 
2461 2456 2565 2456 2556 2565 2566 2567 2568 
2558 2566 2568 2558 2557 2566 2557 2569 2566 
2465 2464 2569 2465 2569 2559 2559 2569 2557 
2466 2465 2559 2466 2559 2570 2570 2559 2560 
2561 2571 2560 2571 2570 2560 2562 2572 2561 
2572 2571 2561 2563 2573 2562 2573 2572 2562 
2458 2468 2573 2563 2458 2573 2564 2574 2575 
2564 2575 2462 2462 2575 2469 2565 2574 2564 
2576 2577 2578 2567 2576 2578 2566 2576 2567 
2566 2471 2576 2566 2472 2471 2473 2472 2566 
2569 2473 2566 2464 2473 2569 2466 2570 2476 
2478 2476 2570 2571 2478 2570 2480 2478 2571 
2572 2480 2571 2482 2480 2572 2573 2482 2572 
2468 2482 2573 2485 2579 2486 2485 2580 2579 
2485 2469 2580 2469 2575 2580 2581 2582 2583 
2577 2581 2583 2577 2576 2581 2576 2584 2581 
2471 2488 2584 2576 2471 2584 2579 2585 2586 
2579 2586 2486 2486 2586 2495 2580 2585 2579 
2587 2582 2581 2588 2582 2587 2498 2497 2587 
2498 2587 2584 2584 2587 2581 2488 2498 2584 
2495 2586 2501 2586 2589 2501 2590 2591 2592 
2588 2590 2592 2587 2590 2588 2587 2503 2590 
2587 2504 2503 2497 2504 2587 2505 2593 2506 
2505 2594 2593 2505 2501 2594 2501 2589 2594 
2595 2596 2597 2591 2595 2597 2590 2595 2591 
2590 2508 2595 2590 2509 2508 2503 2509 2590 
2593 2598 2510 2506 2593 2510 2599 2593 2594 
2598 2593 2599 2600 2601 2602 2596 2600 2602 
2595 2600 2596 2595 2512 2600 2595 2513 2512 
2508 2513 2595 2598 2603 2515 2510 2598 2515 
2604 2598 2599 2603 2598 2604 2605 2606 2607 
2601 2605 2607 2600 2605 2601 2600 2517 2605 
2600 2518 2517 2512 2518 2600 2603 2608 2520 
2515 2603 2520 2522 2609 2523 2522 2603 2609 
2522 2608 2603 2604 2609 2603 2524 2523 2610 
2523 2609 2610 2606 2605 2526 2606 2526 2610 
2610 2526 2524 2517 2526 2605 2520 2608 2528 
2522 2528 2608 2530 2611 2531 2530 2532 2611 
2535 2612 2536 2535 2531 2611 2535 2611 2612 
2612 2611 2613 2532 2537 2614 2532 2614 2611 
2611 2614 2613 2537 2538 2615 2614 2537 2615 
2538 2540 2615 2544 2616 2617 2545 2544 2617 
2612 2544 2536 2612 2618 2544 2618 2616 2544 
2618 2619 2620 2618 2612 2619 2612 2613 2619 
2614 2621 2613 2621 2619 2613 2615 2622 2614 
2622 2621 2614 2540 2546 2623 2540 2623 2615 
2615 2623 2622 2546 2548 2623 2555 2624 2556 
2555 2625 2624 2555 2545 2625 2545 2617 2625 
2626 2620 2619 2627 2620 2626 2621 2628 2619 
2628 2626 2619 2622 2629 2621 2629 2628 2621 
2623 2630 2622 2630 2629 2622 2548 2558 2630 
2623 2548 2630 2624 2631 2632 2624 2632 2556 
2556 2632 2565 2625 2631 2624 2633 2627 2626 
2634 2627 2633 2628 2635 2626 2635 2633 2626 
2629 2636 2628 2636 2635 2628 2568 2567 2636 
2568 2636 2630 2630 2636 2629 2558 2568 2630 
2574 2637 2575 2574 2638 2637 2574 2565 2638 
2565 2632 2638 2639 2634 2633 2640 2634 2639 
2635 2641 2633 2641 2639 2633 2578 2577 2641 
2578 2641 2636 2636 2641 2635 2567 2578 2636 
2637 2642 2580 2575 2637 2580 2643 2637 2638 
2642 2637 2643 2644 2640 2639 2645 2640 2644 
2583 2582 2644 2583 2644 2641 2641 2644 2639 
2577 2583 2641 2585 2646 2586 2585 2647 2646 
2580 2647 2585 2580 2648 2647 2580 2642 2648 
2643 2648 2642 2649 2650 2651 2645 2649 2651 
2645 2644 2649 2644 2652 2649 2582 2588 2652 
2644 2582 2652 2646 2653 2589 2586 2646 2589 
2654 2646 2647 2653 2646 2654 2655 2656 2657 
2650 2655 2657 2650 2649 2655 2649 2658 2655 
2592 2591 2658 2592 2658 2652 2652 2658 2649 
2588 2592 2652 2653 2659 2594 2589 2653 2594 
2660 2653 2654 2660 2661 2653 2661 2659 2653 
2660 2662 2661 2663 2656 2655 2664 2656 2663 
2597 2596 2663 2597 2663 2658 2658 2663 2655 
2591 2597 2658 2659 2665 2599 2594 2659 2599 
2661 2666 2659 2666 2665 2659 2667 2661 2662 
2667 2668 2661 2668 2666 2661 2664 2668 2667 
2663 2668 2664 2663 2601 2668 2663 2602 2601 
2596 2602 2663 2665 2669 2604 2599 2665 2604 
2666 2670 2665 2670 2669 2665 2607 2606 2670 
2607 2670 2668 2668 2670 2666 2601 2607 2668 
2604 2669 2609 2610 2609 2669 2670 2610 2669 
2606 2610 2670 2616 2671 2617 2616 2618 2672 
2671 2616 2672 2618 2620 2672 2671 2673 2625 
2617 2671 2625 2672 2674 2671 2674 2673 2671 
2620 2627 2674 2672 2620 2674 2631 2675 2632 
2631 2625 2673 2631 2673 2675 2675 2673 2676 
2674 2677 2673 2677 2676 2673 2627 2634 2677 
2674 2627 2677 2675 2678 2638 2632 2675 2638 
2679 2676 2680 2679 2678 2676 2678 2675 2676 
2680 2681 2682 2680 2676 2681 2676 2677 2681 
2634 2640 2681 2677 2634 2681 2678 2683 2643 
2638 2678 2643 2684 2678 2679 2683 2678 2684 
2685 2682 2681 2686 2682 2685 2640 2645 2685 
2681 2640 2685 2648 2687 2647 2648 2643 2683 
2648 2683 2687 2687 2683 2688 2689 2683 2684 
2689 2690 2683 2690 2688 2683 2686 2690 2689 
2685 2690 2686 2685 2650 2690 2685 2651 2650 
2645 2651 2685 2687 2691 2654 2647 2687 2654 
2688 2692 2687 2692 2691 2687 2657 2656 2692 
2657 2692 2690 2690 2692 2688 2650 2657 2690 
2654 2691 2660 2662 2660 2691 2662 2691 2693 
2693 2691 2692 2656 2664 2693 2692 2656 2693 
2662 2693 2667 2664 2667 2693 2680 2694 2679 
2680 2682 2694 2694 2695 2684 2679 2694 2684 
2682 2686 2695 2694 2682 2695 2684 2695 2689 
2686 2689 2695 
CELL_DATA 5392
SCALARS Scalars float
LOOKUP_TABLE default
1 1 1 1 1 1 1 1 1 
1 1 1 1 1 1 1 1 1 
1 1 1 1 1 1 1 1 1 
1 1 1 1 1 1 1 1 1 
1 1 1 1 1 1 1 1 1 
1 1 1 1 1 1 1 1 1 
1 1 1 1 1 1 1 1 1 
1 1 1 1 1 1 1 1 1 
1 1 1 1 1 1 1 1 1 
1 1 1 1 1 1 1 1 1 
1 1 1 1 1 1 1 1 1 
1 1 1 1 1 1 1 1 1 
1 1 1 1 1 1 1 1 1 
1 1 1 1 1 1 1 1 1 
1 1 1 1 1 1 1 1 1 
1 1 1 1 1 1 1 1 1 
1 1 1 1 1 1 1 1 1 
1 1 1 1 1 1 1 1 1 
1 1 1 1 1 1 1 1 1 
1 1 1 1 1 1 1 1 1 
1 1 1 1 1 1 1 1 1 
1 1 1 1 1 1 1 1 1 
1 1 1 1 1 1 1 1 1 
1 1 1 1 1 1 1 1 1 
1 1 1 1 1 1 1 1 1 
1 1 1 1 1 1 1 1 1 
1 1 1 1 1 1 1 1 1 
1 1 1 1 1 1 1 1 1 
1 1 1 1 1 1 1 1 1 
1 1 1 1 1 1 1 1 1 
1 1 1 1 1 1 1 1 1 
1 1 1 1 1 1 1 1 1 
1 1 1 1 1 1 1 1 1 
1 1 1 1 1 1 1 1 1 
1 1 1 1 1 1 1 1 1 
1 1 1 1 1 1 1 1 1 
1 1 1 1 1 1 1 1 1 
1 1 1 1 1 1 1 1 1 
1 1 1 1 1 1 1 1 1 
1 1 1 1 1 1 1 1 1 
1 1 1 1 1 1 1 1 1 
1 1 1 1 1 1 1 1 1 
1 1 1 1 1 1 1 1 1 
1 1 1 1 1 1 1 1 1 
1 1 1 1 1 1 1 1 1 
1 1 1 1 1 1 1 1 1 
1 1 1 1 1 1 1 1 1 
1 1 1 1 1 1 1 1 1 
1 1 1 1 1 1 1 1 1 
1 1 1 1 1 1 1 1 1 
1 1 1 1 1 1 1 1 1 
1 1 1 1 1 1 1 1 1 
1 1 1 1 1 1 1 1 1 
1 1 1 1 1 1 1 1 1 
1 1 1 1 1 1 1 1 1 
1 1 1 1 1 1 1 1 1 
1 1 1 1 1 1 1 1 1 
1 1 1 1 1 1 1 1 1 
1 1 1 1 1 1 1 1 1 
1 1 1 1 1 1 1 1 1 
1 1 1 1 1 1 1 1 1 
1 1 1 1 1 1 1 1 1 
1 1 1 1 1 1 1 1 1 
1 1 1 1 1 1 1 1 1 
1 1 1 1 1 1 1 1 1 
1 1 1 1 1 1 1 1 1 
1 1 1 1 1 1 1 1 1 
1 1 1 1 1 1 1 1 1 
1 1 1 1 1 1 1 1 1 
1 1 1 1 1 1 1 1 1 
1 1 1 1 1 1 1 1 1 
1 1 1 1 1 1 1 1 1 
1 1 1 1 1 1 1 1 1 
1 1 1 1 1 1 1 1 1 
1 1 1 1 1 1 1 1 1 
1 1 1 1 1 1 1 1 1 
1 1 1 1 1 1 1 1 1 
1 1 1 1 1 1 1 1 1 
1 1 1 1 1 1 1 1 1 
1 1 1 1 1 1 1 1 1 
1 1 1 1 1 1 1 1 1 
1 1 1 1 1 1 1 1 1 
1 1 1 1 1 1 1 1 1 
1 1 1 1 1 1 1 1 1 
1 1 1 1 1 1 1 1 1 
1 1 1 1 1 1 1 1 1 
1 1 1 1 1 1 1 1 1 
1 1 1 1 1 1 1 1 1 
1 1 1 1 1 1 1 1 1 
1 1 1 1 1 1 1 1 1 
1 1 1 1 1 1 1 1 1 
1 1 1 1 1 1 1 1 1 
1 1 1 1 1 1 1 1 1 
1 1 1 1 1 1 1 1 1 
1 1 1 1 1 1 1 1 1 
1 1 1 1 1 1 1 1 1 
1 1 1 1 1 1 1 1 1 
1 1 1 1 1 1 1 1 1 
1 1 1 1 1 1 1 1 1 
1 1 1 1 1 1 1 1 1 
1 1 1 1 1 1 1 1 1 
1 1 1 1 1 1 1 1 1 
1 1 1 1 1 1 1 1 1 
1 1 1 1 1 1 1 1 1 
1 1 1 1 1 1 1 1 1 
1 1 1 1 1 1 1 1 1 
1 1 1 1 1 1 1 1 1 
1 1 1 1 1 1 1 1 1 
1 1 1 1 1 1 1 1 1 
1 1 1 1 1 1 1 1 1 
1 1 1 1 1 1 1 1 1 
1 1 1 1 1 1 1 1 1 
1 1 1 1 1 1 1 1 1 
1 1 1 1 1 1 1 1 1 
1 1 1 1 1 1 1 1 1 
1 1 1 1 1 1 1 1 1 
1 1 1 1 1 1 1 1 1 
1 1 1 1 1 1 1 1 1 
1 1 1 1 1 1 1 1 1 
1 1 1 1 1 1 1 1 1 
1 1 1 1 1 1 1 1 1 
1 1 1 1 1 1 1 1 1 
1 1 1 1 1 1 1 1 1 
1 1 1 1 1 1 1 1 1 
1 1 1 1 1 1 1 1 1 
1 1 1 1 1 1 1 1 1 
1 1 1 1 1 1 1 1 1 
1 1 1 1 1 1 1 1 1 
1 1 1 1 1 1 1 1 1 
1 1 1 1 1 1 1 1 1 
1 1 1 1 1 1 1 1 1 
1 1 1 1 1 1 1 1 1 
1 1 1 1 1 1 1 1 1 
1 1 1 1 1 1 1 1 1 
1 1 1 1 1 1 1 1 1 
1 1 1 1 1 1 1 1 1 
1 1 1 1 1 1 1 1 1 
1 1 1 1 1 1 1 1 1 
1 1 1 1 1 1 1 1 1 
1 1 1 1 1 1 1 1 1 
1 1 1 1 1 1 1 1 1 
1 1 1 1 1 1 1 1 1 
1 1 1 1 1 1 1 1 1 
1 1 1 1 1 1 1 1 1 
1 1 1 1 1 1 1 1 1 
1 1 1 1 1 1 1 1 1 
1 1 1 1 1 1 1 1 1 
1 1 1 1 1 1 1 1 1 
1 1 1 1 1 1 1 1 1 
1 1 1 1 1 1 1 1 1 
1 1 1 1 1 1 1 1 1 
1 1 1 1 1 1 1 1 1 
1 1 1 1 1 1 1 1 1 
1 1 1 1 1 1 1 1 1 
1 1 1 1 1 1 1 1 1 
1 1 1 1 1 1 1 1 1 
1 1 1 1 1 1 1 1 1 
1 1 1 1 1 1 1 1 1 
1 1 1 1 1 1 1 1 1 
1 1 1 1 1 1 1 1 1 
1 1 1 1 1 1 1 1 1 
1 1 1 1 1 1 1 1 1 
1 1 1 1 1 1 1 1 1 
1 1 1 1 1 1 1 1 1 
1 1 1 1 1 1 1 1 1 
1 1 1 1 1 1 1 1 1 
1 1 1 1 1 1 1 1 1 
1 1 1 1 1 1 1 1 1 
1 1 1 1 1 1 1 1 1 
1 1 1 1 1 1 1 1 1 
1 1 1 1 1 1 1 1 1 
1 1 1 1 1 1 1 1 1 
1 1 1 1 1 1 1 1 1 
1 1 1 1 1 1 1 1 1 
1 1 1 1 1 1 1 1 1 
1 1 1 1 1 1 1 1 1 
1 1 1 1 1 1 1 1 1 
1 1 1 1 1 1 1 1 1 
1 1 1 1 1 1 1 1 1 
1 1 1 1 1 1 1 1 1 
1 1 1 1 1 1 1 1 1 
1 1 1 1 1 1 1 1 1 
1 1 1 1 1 1 1 1 1 
1 1 1 1 1 1 1 1 1 
1 1 1 1 1 1 1 1 1 
1 1 1 1 1 1 1 1 1 
1 1 1 1 1 1 1 1 1 
1 1 1 1 1 1 1 1 1 
1 1 1 1 1 1 1 1 1 
1 1 1 1 1 1 1 1 1 
1 1 1 1 1 1 1 1 1 
1 1 1 1 1 1 1 1 1 
1 1 1 1 1 1 1 1 1 
1 1 1 1 1 1 1 1 1 
1 1 1 1 1 1 1 1 1 
1 1 1 1 1 1 1 1 1 
1 1 1 1 1 1 1 1 1 
1 1 1 1 1 1 1 1 1 
1 1 1 1 1 1 1 1 1 
1 1 1 1 1 1 1 1 1 
1 1 1 1 1 1 1 1 1 
1 1 1 1 1 1 1 1 1 
1 1 1 1 1 1 1 1 1 
1 1 1 1 1 1 1 1 1 
1 1 1 1 1 1 1 1 1 
1 1 1 1 1 1 1 1 1 
1 1 1 1 1 1 1 1 1 
1 1 1 1 1 1 1 1 1 
1 1 1 1 1 1 1 1 1 
1 1 1 1 1 1 1 1 1 
1 1 1 1 1 1 1 1 1 
1 1 1 1 1 1 1 1 1 
1 1 1 1 1 1 1 1 1 
1 1 1 1 1 1 1 1 1 
1 1 1 1 1 1 1 1 1 
1 1 1 1 1 1 1 1 1 
1 1 1 1 1 1 1 1 1 
1 1 1 1 1 1 1 1 1 
1 1 1 1 1 1 1 1 1 
1 1 1 1 1 1 1 1 1 
1 1 1 1 1 1 1 1 1 
1 1 1 1 1 1 1 1 1 
1 1 1 1 1 1 1 1 1 
1 1 1 1 1 1 1 1 1 
1 1 1 1 1 1 1 1 1 
1 1 1 1 1 1 1 1 1 
1 1 1 1 1 1 1 1 1 
1 1 1 1 1 1 1 1 1 
1 1 1 1 1 1 1 1 1 
1 1 1 1 1 1 1 1 1 
1 1 1 1 1 1 1 1 1 
1 1 1 1 1 1 1 1 1 
1 1 1 1 1 1 1 1 1 
1 1 1 1 1 1 1 1 1 
1 1 1 1 1 1 1 1 1 
1 1 1 1 1 1 1 1 1 
1 1 1 1 1 1 1 1 1 
1 1 1 1 1 1 1 1 1 
1 1 1 1 1 1 1 1 1 
1 1 1 1 1 1 1 1 1 
1 1 1 1 1 1 1 1 1 
1 1 1 1 1 1 1 1 1 
1 1 1 1 1 1 1 1 1 
1 1 1 1 1 1 1 1 1 
1 1 1 1 1 1 1 1 1 
1 1 1 1 1 1 1 1 1 
1 1 1 1 1 1 1 1 1 
1 1 1 1 1 1 1 1 1 
1 1 1 1 1 1 1 1 1 
1 1 1 1 1 1 1 1 1 
1 1 1 1 1 1 1 1 1 
1 1 1 1 1 1 1 1 1 
1 1 1 1 1 1 1 1 1 
1 1 1 1 1 1 1 1 1 
1 1 1 1 1 1 1 1 1 
1 1 1 1 1 1 1 1 1 
1 1 1 1 1 1 1 1 1 
1 1 1 1 1 1 1 1 1 
1 1 1 1 1 1 1 1 1 
1 1 1 1 1 1 1 1 1 
1 1 1 1 1 1 1 1 1 
1 1 1 1 1 1 1 1 1 
1 1 1 1 1 1 1 1 1 
1 1 1 1 1 1 1 1 1 
1 1 1 1 1 1 1 1 1 
1 1 1 1 1 1 1 1 1 
1 1 1 1 1 1 1 1 1 
1 1 1 1 1 1 1 1 1 
1 1 1 1 1 1 1 1 1 
1 1 1 1 1 1 1 1 1 
1 1 1 1 1 1 1 1 1 
1 1 1 1 1 1 1 1 1 
1 1 1 1 1 1 1 1 1 
1 1 1 1 1 1 1 1 1 
1 1 1 1 1 1 1 1 1 
1 1 1 1 1 1 1 1 1 
1 1 1 1 1 1 1 1 1 
1 1 1 1 1 1 1 1 1 
1 1 1 1 1 1 1 1 1 
1 1 1 1 1 1 1 1 1 
1 1 1 1 1 1 1 1 1 
1 1 1 1 1 1 1 1 1 
1 1 1 1 1 1 1 1 1 
1 1 1 1 1 1 1 1 1 
1 1 1 1 1 1 1 1 1 
1 1 1 1 1 1 1 1 1 
1 1 1 1 1 1 1 1 1 
1 1 1 1 1 1 1 1 1 
1 1 1 1 1 1 1 1 1 
1 1 1 1 1 1 1 1 1 
1 1 1 1 1 1 1 1 1 
1 1 1 1 1 1 1 1 1 
1 1 1 1 1 1 1 1 1 
1 1 1 1 1 1 1 1 1 
1 1 1 1 1 1 1 1 1 
1 1 1 1 1 1 1 1 1 
1 1 1 1 1 1 1 1 1 
1 1 1 1 1 1 1 1 1 
1 1 1 1 1 1 1 1 1 
1 1 1 1 1 1 1 1 1 
1 1 1 1 1 1 1 1 1 
1 1 1 1 1 1 1 1 1 
1 1 1 1 1 1 1 1 1 
1 1 1 1 1 1 1 1 1 
1 1 1 1 1 1 1 1 1 
1 1 1 1 1 1 1 1 1 
1 1 1 1 1 1 1 1 1 
1 1 1 1 1 1 1 1 1 
1 1 1 1 1 1 1 1 1 
1 1 1 1 1 1 1 1 1 
1 1 1 1 1 1 1 1 1 
1 1 1 1 1 1 1 1 1 
1 1 1 1 1 1 1 1 1 
1 1 1 1 1 1 1 1 1 
1 1 1 1 1 1 1 1 1 
1 1 1 1 1 1 1 1 1 
1 1 1 1 1 1 1 1 1 
1 1 1 1 1 1 1 1 1 
1 1 1 1 1 1 1 1 1 
1 1 1 1 1 1 1 1 1 
1 1 1 1 1 1 1 1 1 
1 1 1 1 1 1 1 1 1 
1 1 1 1 1 1 1 1 1 
1 1 1 1 1 1 1 1 1 
1 1 1 1 1 1 1 1 1 
1 1 1 1 1 1 1 1 1 
1 1 1 1 1 1 1 1 1 
1 1 1 1 1 1 1 1 1 
1 1 1 1 1 1 1 1 1 
1 1 1 1 1 1 1 1 1 
1 1 1 1 1 1 1 1 1 
1 1 1 1 1 1 1 1 1 
1 1 1 1 1 1 1 1 1 
1 1 1 1 1 1 1 1 1 
1 1 1 1 1 1 1 1 1 
1 1 1 1 1 1 1 1 1 
1 1 1 1 1 1 1 1 1 
1 1 1 1 1 1 1 1 1 
1 1 1 1 1 1 1 1 1 
1 1 1 1 1 1 1 1 1 
1 1 1 1 1 1 1 1 1 
1 1 1 1 1 1 1 1 1 
1 1 1 1 1 1 1 1 1 
1 1 1 1 1 1 1 1 1 
1 1 1 1 1 1 1 1 1 
1 1 1 1 1 1 1 1 1 
1 1 1 1 1 1 1 1 1 
1 1 1 1 1 1 1 1 1 
1 1 1 1 1 1 1 1 1 
1 1 1 1 1 1 1 1 1 
1 1 1 1 1 1 1 1 1 
1 1 1 1 1 1 1 1 1 
1 1 1 1 1 1 1 1 1 
1 1 1 1 1 1 1 1 1 
1 1 1 1 1 1 1 1 1 
1 1 1 1 1 1 1 1 1 
1 1 1 1 1 1 1 1 1 
1 1 1 1 1 1 1 1 1 
1 1 1 1 1 1 1 1 1 
1 1 1 1 1 1 1 1 1 
1 1 1 1 1 1 1 1 1 
1 1 1 1 1 1 1 1 1 
1 1 1 1 1 1 1 1 1 
1 1 1 1 1 1 1 1 1 
1 1 1 1 1 1 1 1 1 
1 1 1 1 1 1 1 1 1 
1 1 1 1 1 1 1 1 1 
1 1 1 1 1 1 1 1 1 
1 1 1 1 1 1 1 1 1 
1 1 1 1 1 1 1 1 1 
1 1 1 1 1 1 1 1 1 
1 1 1 1 1 1 1 1 1 
1 1 1 1 1 1 1 1 1 
1 1 1 1 1 1 1 1 1 
1 1 1 1 1 1 1 1 1 
1 1 1 1 1 1 1 1 1 
1 1 1 1 1 1 1 1 1 
1 1 1 1 1 1 1 1 1 
1 1 1 1 1 1 1 1 1 
1 1 1 1 1 1 1 1 1 
1 1 1 1 1 1 1 1 1 
1 1 1 1 1 1 1 1 1 
1 1 1 1 1 1 1 1 1 
1 1 1 1 1 1 1 1 1 
1 1 1 1 1 1 1 1 1 
1 1 1 1 1 1 1 1 1 
1 1 1 1 1 1 1 1 1 
1 1 1 1 1 1 1 1 1 
1 1 1 1 1 1 1 1 1 
1 1 1 1 1 1 1 1 1 
1 1 1 1 1 1 1 1 1 
1 1 1 1 1 1 1 1 1 
1 1 1 1 1 1 1 1 1 
1 1 1 1 1 1 1 1 1 
1 1 1 1 1 1 1 1 1 
1 1 1 1 1 1 1 1 1 
1 1 1 1 1 1 1 1 1 
1 1 1 1 1 1 1 1 1 
1 1 1 1 1 1 1 1 1 
1 1 1 1 1 1 1 1 1 
1 1 1 1 1 1 1 1 1 
1 1 1 1 1 1 1 1 1 
1 1 1 1 1 1 1 1 1 
1 1 1 1 1 1 1 1 1 
1 1 1 1 1 1 1 1 1 
1 1 1 1 1 1 1 1 1 
1 1 1 1 1 1 1 1 1 
1 1 1 1 1 1 1 1 1 
1 1 1 1 1 1 1 1 1 
1 1 1 1 1 1 1 1 1 
1 1 1 1 1 1 1 1 1 
1 1 1 1 1 1 1 1 1 
1 1 1 1 1 1 1 1 1 
1 1 1 1 1 1 1 1 1 
1 1 1 1 1 1 1 1 1 
1 1 1 1 1 1 1 1 1 
1 1 1 1 1 1 1 1 1 
1 1 1 1 1 1 1 1 1 
1 1 1 1 1 1 1 1 1 
1 1 1 1 1 1 1 1 1 
1 1 1 1 1 1 1 1 1 
1 1 1 1 1 1 1 1 1 
1 1 1 1 1 1 1 1 1 
1 1 1 1 1 1 1 1 1 
1 1 1 1 1 1 1 1 1 
1 1 1 1 1 1 1 1 1 
1 1 1 1 1 1 1 1 1 
1 1 1 1 1 1 1 1 1 
1 1 1 1 1 1 1 1 1 
1 1 1 1 1 1 1 1 1 
1 1 1 1 1 1 1 1 1 
1 1 1 1 1 1 1 1 1 
1 1 1 1 1 1 1 1 1 
1 1 1 1 1 1 1 1 1 
1 1 1 1 1 1 1 1 1 
1 1 1 1 1 1 1 1 1 
1 1 1 1 1 1 1 1 1 
1 1 1 1 1 1 1 1 1 
1 1 1 1 1 1 1 1 1 
1 1 1 1 1 1 1 1 1 
1 1 1 1 1 1 1 1 1 
1 1 1 1 1 1 1 1 1 
1 1 1 1 1 1 1 1 1 
1 1 1 1 1 1 1 1 1 
1 1 1 1 1 1 1 1 1 
1 1 1 1 1 1 1 1 1 
1 1 1 1 1 1 1 1 1 
1 1 1 1 1 1 1 1 1 
1 1 1 1 1 1 1 1 1 
1 1 1 1 1 1 1 1 1 
1 1 1 1 1 1 1 1 1 
1 1 1 1 1 1 1 1 1 
1 1 1 1 1 1 1 1 1 
1 1 1 1 1 1 1 1 1 
1 1 1 1 1 1 1 1 1 
1 1 1 1 1 1 1 1 1 
1 1 1 1 1 1 1 1 1 
1 1 1 1 1 1 1 1 1 
1 1 1 1 1 1 1 1 1 
1 1 1 1 1 1 1 1 1 
1 1 1 1 1 1 1 1 1 
1 1 1 1 1 1 1 1 1 
1 1 1 1 1 1 1 1 1 
1 1 1 1 1 1 1 1 1 
1 1 1 1 1 1 1 1 1 
1 1 1 1 1 1 1 1 1 
1 1 1 1 1 1 1 1 1 
1 1 1 1 1 1 1 1 1 
1 1 1 1 1 1 1 1 1 
1 1 1 1 1 1 1 1 1 
1 1 1 1 1 1 1 1 1 
1 1 1 1 1 1 1 1 1 
1 1 1 1 1 1 1 1 1 
1 1 1 1 1 1 1 1 1 
1 1 1 1 1 1 1 1 1 
1 1 1 1 1 1 1 1 1 
1 1 1 1 1 1 1 1 1 
1 1 1 1 1 1 1 1 1 
1 1 1 1 1 1 1 1 1 
1 1 1 1 1 1 1 1 1 
1 1 1 1 1 1 1 1 1 
1 1 1 1 1 1 1 1 1 
1 1 1 1 1 1 1 1 1 
1 1 1 1 1 1 1 1 1 
1 1 1 1 1 1 1 1 1 
1 1 1 1 1 1 1 1 1 
1 1 1 1 1 1 1 1 1 
1 1 1 1 1 1 1 1 1 
1 1 1 1 1 1 1 1 1 
1 1 1 1 1 1 1 1 1 
1 1 1 1 1 1 1 1 1 
1 1 1 1 1 1 1 1 1 
1 1 1 1 1 1 1 1 1 
1 1 1 1 1 1 1 1 1 
1 1 1 1 1 1 1 1 1 
1 1 1 1 1 1 1 1 1 
1 1 1 1 1 1 1 1 1 
1 1 1 1 1 1 1 1 1 
1 1 1 1 1 1 1 1 1 
1 1 1 1 1 1 1 1 1 
1 1 1 1 1 1 1 1 1 
1 1 1 1 1 1 1 1 1 
1 1 1 1 1 1 1 1 1 
1 1 1 1 1 1 1 1 1 
1 1 1 1 1 1 1 1 1 
1 1 1 1 1 1 1 1 1 
1 1 1 1 1 1 1 1 1 
1 1 1 1 1 1 1 1 1 
1 1 1 1 1 1 1 1 1 
1 1 1 1 1 1 1 1 1 
1 1 1 1 1 1 1 1 1 
1 1 1 1 1 1 1 1 1 
1 1 1 1 1 1 1 1 1 
1 1 1 1 1 1 1 1 1 
1 1 1 1 1 1 1 1 1 
1 1 1 1 1 1 1 1 1 
1 1 1 1 1 1 1 1 1 
1 1 1 1 1 1 1 1 1 
1 1 1 1 1 1 1 1 1 
1 1 1 1 1 1 1 1 1 
1 1 1 1 1 1 1 1 1 
1 1 1 1 1 1 1 1 1 
1 1 1 1 1 1 1 1 1 
1 1 1 1 1 1 1 1 1 
1 1 1 1 1 1 1 1 1 
1 1 1 1 1 1 1 1 1 
1 1 1 1 1 1 1 1 1 
1 1 1 1 1 1 1 1 1 
1 1 1 1 1 1 1 1 1 
1 1 1 1 1 1 1 1 1 
1 1 1 1 1 1 1 1 1 
1 1 1 1 1 1 1 1 1 
1 1 1 1 1 1 1 1 1 
1 1 1 1 1 1 1 1 1 
1 1 1 1 1 1 1 1 1 
1 1 1 1 1 1 1 1 1 
1 1 1 1 1 1 1 1 1 
1 1 1 1 1 1 1 1 1 
1 1 1 1 1 1 1 1 1 
1 1 1 1 1 1 1 1 1 
1 1 1 1 1 1 1 1 1 
1 1 1 1 1 1 1 1 1 
1 1 1 1 1 1 1 1 1 
1 1 1 1 1 1 1 1 1 
1 1 1 1 1 1 1 1 1 
1 1 1 1 1 1 1 1 1 
1 1 1 1 1 1 1 1 1 
1 1 1 1 1 1 1 1 1 
1 1 1 1 1 1 1 1 1 
1 1 1 1 1 1 1 1 1 
1 1 1 1 1 1 1 1 1 
1 1 1 1 1 1 1 1 1 
1 1 1 1 1 1 1 1 1 
1 1 1 1 1 1 1 1 1 
1 1 1 1 1 1 1 1 1 
1 1 1 1 1 1 1 1 1 
1 1 1 1 1 1 1 1 1 
1 1 1 1 1 1 1 1 1 
1 1 1 1 1 1 1 1 1 
1 1 1 1 1 1 1 1 1 
1 1 1 1 1 1 1 1 1 
1 1 1 1 1 1 1 1 1 
1 1 1 1 1 1 1 1 1 
1 1 1 1 1 1 1 1 1 
1 1 1 1 1 1 1 1 1 
1 1 1 1 1 1 1 1 1 
1 1 1 1 1 1 1 1 1 
1 1 1 1 1 1 1 1 1 
1 1 1 1 1 1 1 1 1 
1 1 1 1 1 1 1 1 1 
1 1 1 1 1 1 1 1 1 
1 1 1 1 1 1 1 1 1 
1 1 1 1 1 1 1 1 1 
1 1 1 1 1 1 1 1 1 
1 1 1 1 1 1 1 1 1 
1 1 1 1 1 1 1 1 1 
1 1 1 1 1 1 1 1 1 
1 1 1 1 1 1 1 1 1 
1 1 1 1 1 1 1 1 1 
1 1 1 1 1 1 1 1 1 
1 1 1 1 1 1 1 1 1 
1 1 1 1 1 1 1 1 1 
1 1 1 1 1 1 1 1 1 
1 1 1 1 1 1 1 1 1 
1 1 1 1 1 1 1 1 1 
1 1 1 1 1 1 1 1 1 
1 1 1 1 1 1 1 1 1 
1 1 1 1 1 1 1 1 1 
1 1 1 1 1 1 1 1 1 
1 1 1 1 1 1 1 1 1 
1 1 1 1 1 1 1 1 1 
1 1 1 1 1 1 1 1 1 
1 1 1 1 1 1 1 1 1 
1 1 1 1 1 1 1 1 1 
1 1 1 1 1 1 1 1 1 
1 1 1 1 1 1 1 1 1 
1 1 1 1 1 1 1 1 1 
1 1 1 1 1 1 1 1 1 
1 1 1 1 1 1 1 1 1 
1 
