# vtk DataFile Version 5.1
vtk output
ASCII
DATASET POLYDATA
POINTS 3834 float
0.219547 -0.0287477 0.67356 0.221328 -0.0195803 0.65466 0.20369 -0.0299576 0.659722 
0.232717 -0.0367382 0.659168 0.097192 -0.0291607 0.685345 0.0989728 -0.0199934 0.666445 
0.0813348 -0.0303707 0.671506 0.126218 -0.0359413 0.684791 0.127999 -0.0267739 0.665891 
0.155245 -0.0427218 0.684237 0.157026 -0.0335545 0.665337 0.184271 -0.0495024 0.683683 
0.186052 -0.040335 0.664783 0.215079 -0.0471155 0.664229 0.197441 -0.0574929 0.669291 
0.0328896 -0.0431349 0.696022 0.0346704 -0.0339676 0.677122 0.0170324 -0.0443449 0.682184 
0.061916 -0.0499155 0.695468 0.0636968 -0.0407481 0.676568 0.0909424 -0.056696 0.694914 
0.119969 -0.0634766 0.69436 0.133138 -0.0714671 0.679968 0.150776 -0.0610897 0.674906 
0.179803 -0.0678703 0.674352 -0.205571 -0.0164259 0.710022 -0.203791 -0.00725849 0.691123 
-0.221429 -0.0176359 0.696184 -0.176545 -0.0232064 0.709468 -0.174764 -0.014039 0.690569 
-0.147519 -0.029987 0.708914 -0.145738 -0.0208196 0.690015 -0.118492 -0.0367675 0.70836 
-0.116711 -0.0276001 0.689461 -0.0894657 -0.043548 0.707806 -0.0876849 -0.0343807 0.688907 
-0.0604393 -0.0503286 0.707253 -0.0586585 -0.0411612 0.688353 -0.0314129 -0.0571091 0.706699 
-0.0296321 -0.0479417 0.687799 -0.00238645 -0.0638897 0.706145 -0.000605636 -0.0547223 0.687245 
0.02664 -0.0706702 0.705591 0.0556664 -0.0774508 0.705037 0.0688356 -0.0854413 0.690645 
0.0864737 -0.0750639 0.685583 0.1155 -0.0818445 0.685029 -0.21004 -0.0347938 0.700692 
-0.181014 -0.0415743 0.700138 -0.151987 -0.0483548 0.699584 -0.122961 -0.0551354 0.69903 
-0.111573 -0.0722933 0.703537 -0.0957153 -0.0710833 0.717376 -0.0666889 -0.0778639 0.716822 
-0.0376625 -0.0846444 0.716268 -0.00863604 -0.0914249 0.715714 0.00453319 -0.0994155 0.701322 
0.0221712 -0.0890381 0.69626 0.0511976 -0.0958187 0.695706 -0.100184 -0.0894512 0.708045 
-0.0711577 -0.0962318 0.707491 -0.0421313 -0.103012 0.706937 -0.0131048 -0.109793 0.706383 
0.223109 -0.0104129 0.63576 0.22489 -0.00124551 0.616861 0.207252 -0.0116229 0.621922 
0.252135 -0.0171934 0.635207 0.253916 -0.00802605 0.616307 0.281162 -0.023974 0.634653 
0.282943 -0.0148066 0.615753 0.294331 -0.0319645 0.620261 -0.160484 0.0501989 0.652531 
-0.158703 0.0593663 0.633631 -0.176341 0.0489889 0.638693 -0.131458 0.0434184 0.651977 
-0.129677 0.0525857 0.633077 -0.102431 0.0366378 0.651423 -0.100651 0.0458052 0.632523 
-0.0734049 0.0298573 0.650869 -0.0716241 0.0390247 0.631969 -0.0443785 0.0230767 0.650315 
-0.0425977 0.0322441 0.631415 -0.0312093 0.0150862 0.635923 0.100754 -0.010826 0.647545 
0.102534 -0.0016586 0.628646 0.0848965 -0.012036 0.633707 0.12978 -0.0176065 0.646991 
0.131561 -0.00843915 0.628092 0.158807 -0.0243871 0.646437 0.160587 -0.0152197 0.627538 
0.187833 -0.0311676 0.645884 0.189614 -0.0220002 0.626984 0.245886 -0.0447287 0.644776 
0.259055 -0.0527192 0.630383 0.276693 -0.0423419 0.625322 -0.19576 0.0294442 0.662654 
-0.193979 0.0386116 0.643754 -0.211617 0.0282342 0.648816 -0.166734 0.0226636 0.6621 
-0.137707 0.0158831 0.661546 -0.108681 0.00910255 0.660992 -0.0796545 0.002322 0.660438 
-0.0506281 -0.00445854 0.659884 -0.0198209 -0.0020717 0.640431 -0.0216017 -0.0112391 0.65933 
0.00742477 -0.0180196 0.658776 0.00920558 -0.00885224 0.639877 0.0364512 -0.0248002 0.658222 
0.038232 -0.0156328 0.639323 0.0654776 -0.0315807 0.657668 0.0672584 -0.0224133 0.638769 
0.21061 -0.0654834 0.654899 0.223779 -0.073474 0.640507 0.241417 -0.0630966 0.635445 
-0.20201 0.0019089 0.672223 -0.217867 0.000698917 0.658385 -0.172983 -0.00487164 0.671669 
-0.143957 -0.0116522 0.671115 -0.114931 -0.0184327 0.670561 -0.0859041 -0.0252133 0.670007 
-0.0568777 -0.0319938 0.669453 -0.0278513 -0.0387744 0.668899 0.00117517 -0.0455549 0.668345 
0.13045 -0.0806676 0.651738 0.148088 -0.0702902 0.646676 0.177115 -0.0770708 0.646122 
0.206141 -0.0838513 0.645568 -0.237286 -0.0188458 0.682346 -0.235505 -0.00967845 0.663446 
-0.253143 -0.0200558 0.668508 0.0820049 -0.0934318 0.676253 0.0951741 -0.101422 0.661861 
0.112812 -0.091045 0.656799 -0.241755 -0.0372137 0.673015 -0.212728 -0.0439943 0.672462 
-0.183702 -0.0507748 0.671908 -0.154675 -0.0575553 0.671354 -0.12743 -0.0735033 0.689699 
-0.143287 -0.0747133 0.675861 0.0177024 -0.107406 0.68693 0.0308717 -0.115397 0.672538 
0.0485097 -0.105019 0.667476 0.0775361 -0.1118 0.666922 -0.131899 -0.0918712 0.680369 
-0.102872 -0.0986517 0.679815 -0.0738457 -0.105432 0.679261 -0.0448192 -0.112213 0.678707 
-0.0157928 -0.118993 0.678153 0.0132336 -0.125774 0.677599 0.226671 0.00792188 0.597961 
0.228451 0.0170893 0.579062 0.210813 0.0067119 0.584123 0.255697 0.00114134 0.597407 
0.257478 0.0103087 0.578508 0.284723 -0.00563921 0.596853 0.286504 0.00352818 0.577954 
0.31375 -0.0124197 0.596299 0.315531 -0.00325237 0.5774 0.342776 -0.0192003 0.595745 
0.344557 -0.0100329 0.576846 0.371803 -0.0259808 0.595192 0.373584 -0.0168135 0.576292 
0.400829 -0.0327614 0.594638 0.40261 -0.023594 0.575738 0.413998 -0.0407519 0.580245 
-0.185949 0.0753142 0.615286 -0.184168 0.0844816 0.596386 -0.201806 0.0741042 0.601447 
-0.156923 0.0685337 0.614732 -0.155142 0.077701 0.595832 -0.127896 0.0617531 0.614178 
-0.126115 0.0709205 0.595278 -0.0988697 0.0549726 0.613624 -0.0970889 0.06414 0.594724 
-0.0698433 0.048192 0.61307 -0.0680625 0.0573594 0.59417 -0.0408169 0.0414115 0.612516 
-0.0390361 0.0505789 0.593616 -0.0117905 0.034631 0.611962 -0.0100096 0.0437983 0.593062 
0.017236 0.0278504 0.611408 0.0190168 0.0370178 0.592508 0.0462624 0.0210699 0.610854 
0.0480432 0.0302372 0.591954 0.0752888 0.0142893 0.6103 0.0770697 0.0234567 0.5914 
0.104315 0.00750878 0.609746 0.106096 0.0166762 0.590846 0.133342 0.000728236 0.609192 
0.135123 0.00989562 0.590292 0.162368 -0.00605231 0.608638 0.164149 0.00311507 0.589739 
0.191395 -0.0128329 0.608084 0.193175 -0.00366547 0.589185 0.3075 -0.039955 0.605869 
0.336527 -0.0467356 0.605315 0.349696 -0.0547261 0.590922 0.367334 -0.0443487 0.585861 
0.39636 -0.0511293 0.585307 -0.192199 0.0477789 0.624855 -0.208056 0.046569 0.611016 
-0.01804 0.00709567 0.621531 0.0109864 0.000315134 0.620977 0.0400128 -0.00646541 0.620423 
0.0690393 -0.013246 0.619869 0.272224 -0.0607098 0.615992 0.285394 -0.0687003 0.601599 
0.303032 -0.0583229 0.596538 0.332058 -0.0651035 0.595984 -0.214305 0.0190337 0.620586 
0.221091 -0.0826745 0.612276 0.238729 -0.0722971 0.607215 0.267755 -0.0790776 0.606661 
-0.220555 -0.00850159 0.630155 0.143619 -0.0886581 0.637345 0.156789 -0.0966487 0.622953 
0.174427 -0.0862713 0.617892 0.203453 -0.0930518 0.617338 -0.238193 -0.018879 0.635216 
-0.255831 -0.0292563 0.640278 0.0924861 -0.110623 0.63363 0.110124 -0.100245 0.628569 
0.139151 -0.107026 0.628015 -0.244443 -0.0464142 0.644785 -0.215416 -0.0531948 0.644231 
-0.18639 -0.0599753 0.643677 -0.159144 -0.0759232 0.662023 -0.175001 -0.0771332 0.648185 
0.0281837 -0.124597 0.644307 0.0458217 -0.11422 0.639246 0.0748481 -0.121 0.638692 
-0.163613 -0.0942911 0.652693 -0.134586 -0.101072 0.652139 -0.10556 -0.107852 0.651585 
-0.0765336 -0.114633 0.651031 -0.0475072 -0.121413 0.650477 -0.0184808 -0.128194 0.649923 
0.0105457 -0.134974 0.649369 0.294535 0.0402308 0.549485 0.296315 0.0493982 0.530585 
0.278677 0.0390209 0.535647 0.307704 0.0322403 0.535093 0.0851 0.0601594 0.562932 
0.0868809 0.0693268 0.544032 0.0692428 0.0589494 0.549094 0.114126 0.0533788 0.562378 
0.115907 0.0625462 0.543478 0.143153 0.0465983 0.561824 0.144934 0.0557657 0.542924 
0.172179 0.0398177 0.56127 0.17396 0.0489851 0.54237 0.201206 0.0330372 0.560716 
0.202987 0.0422046 0.541816 0.230232 0.0262566 0.560162 0.232013 0.035424 0.541262 
0.259259 0.0194761 0.559608 0.261039 0.0286435 0.540708 0.288285 0.0126956 0.559054 
0.319092 0.0150824 0.539601 0.317312 0.00591501 0.5585 0.346338 -0.000865526 0.557946 
0.348119 0.00830187 0.539047 0.375364 -0.00764607 0.557392 0.377145 0.00152132 0.538493 
0.404391 -0.0144266 0.556838 0.406172 -0.00525923 0.537939 0.433417 -0.0212072 0.556284 
0.435198 -0.0120398 0.537385 0.446586 -0.0291977 0.541892 -0.211414 0.10043 0.57804 
-0.209633 0.109597 0.559141 -0.227271 0.0992195 0.564202 -0.182387 0.093649 0.577486 
-0.180607 0.102816 0.558587 -0.153361 0.0868684 0.576932 -0.15158 0.0960358 0.558033 
-0.124335 0.0800879 0.576378 -0.122554 0.0892553 0.557479 -0.0953081 0.0733074 0.575824 
-0.0935273 0.0824747 0.556925 -0.0662817 0.0665268 0.57527 -0.0645009 0.0756942 0.556371 
-0.0372553 0.0597463 0.574717 -0.0354745 0.0689136 0.555817 -0.00822883 0.0529657 0.574163 
-0.00644803 0.0621331 0.555263 0.0207976 0.0461852 0.573609 0.0225784 0.0553526 0.554709 
0.049824 0.0394046 0.573055 0.0516048 0.048572 0.554155 0.0788505 0.0326241 0.572501 
0.107877 0.0258435 0.571947 0.136903 0.019063 0.571393 0.16593 0.0122825 0.570839 
0.194956 0.00550192 0.570285 0.427168 -0.0487424 0.565853 0.440337 -0.0567329 0.551461 
-0.217663 0.0728943 0.587609 -0.233521 0.0716843 0.573771 0.362865 -0.0627166 0.57653 
0.391892 -0.0694972 0.575976 0.420918 -0.0762777 0.575423 0.434087 -0.0842682 0.561031 
-0.223913 0.045359 0.597178 -0.23977 0.044149 0.58334 0.298563 -0.0766908 0.587207 
0.327589 -0.0834714 0.586653 0.356616 -0.0902519 0.5861 0.369785 -0.0982424 0.571707 
0.387423 -0.0878651 0.566646 0.416449 -0.0946456 0.566092 -0.230163 0.0178237 0.606747 
-0.24602 0.0166137 0.592909 0.218403 -0.091875 0.584046 0.236041 -0.0814976 0.578985 
0.265068 -0.0882781 0.578431 0.294094 -0.0950587 0.577877 0.32312 -0.101839 0.577323 
0.352147 -0.10862 0.576769 -0.236412 -0.00971157 0.616317 -0.252269 -0.0109215 0.602478 
0.140931 -0.0978586 0.609115 0.125074 -0.0990686 0.595277 0.142712 -0.0886912 0.590216 
0.171739 -0.0954718 0.589662 0.200765 -0.102252 0.589108 -0.258519 -0.0384568 0.612048 
0.0766289 -0.111833 0.619792 0.0607717 -0.113043 0.605954 0.0784097 -0.102665 0.600893 
0.107436 -0.109446 0.600339 -0.247131 -0.0556147 0.616555 -0.218104 -0.0623953 0.616001 
-0.190859 -0.0783432 0.634347 -0.206716 -0.0795532 0.620509 0.0123265 -0.125807 0.630469 
-0.00353073 -0.127017 0.616631 0.0141073 -0.11664 0.61157 0.0431337 -0.12342 0.611016 
-0.195327 -0.0967111 0.625016 -0.166301 -0.103492 0.624462 -0.137274 -0.110272 0.623908 
-0.108248 -0.117053 0.623355 -0.0792216 -0.123833 0.622801 -0.0501952 -0.130614 0.622247 
-0.0211687 -0.137394 0.621693 0.391425 0.0657592 0.500455 0.393206 0.0749266 0.481555 
0.375568 0.0645493 0.486617 0.404594 0.0577687 0.486063 0.26907 0.0653461 0.51224 
0.270851 0.0745135 0.49334 0.253213 0.0641362 0.498402 0.298096 0.0585656 0.511686 
0.299877 0.067733 0.492786 0.327123 0.0517851 0.511132 0.328904 0.0609524 0.492232 
0.356149 0.0450045 0.510578 0.35793 0.0541719 0.491678 0.385176 0.038224 0.510024 
0.415983 0.0406108 0.49057 0.414202 0.0314434 0.50947 0.443228 0.0246629 0.508916 
0.445009 0.0338303 0.490016 0.456398 0.0166724 0.494524 0.146715 0.064933 0.524024 
0.148495 0.0741004 0.505125 0.130857 0.0637231 0.510186 0.175741 0.0581525 0.523471 
0.177522 0.0673199 0.504571 0.204767 0.051372 0.522917 0.206548 0.0605393 0.504017 
0.233794 0.0445914 0.522363 0.235575 0.0537588 0.503463 0.26282 0.0378109 0.521809 
0.320873 0.0242498 0.520701 0.3499 0.0174692 0.520147 0.378926 0.0106887 0.519593 
0.407952 0.00390816 0.519039 0.436979 -0.00287239 0.518485 0.450148 -0.0108629 0.504093 
-0.207852 0.118764 0.540241 -0.206071 0.127932 0.521341 -0.223709 0.117554 0.526403 
-0.178826 0.111984 0.539687 -0.177045 0.121151 0.520787 -0.149799 0.105203 0.539133 
-0.148019 0.114371 0.520233 -0.120773 0.0984227 0.538579 -0.118992 0.10759 0.519679 
-0.0917465 0.0916421 0.538025 -0.0899657 0.10081 0.519125 -0.0785773 0.0836516 0.523633 
-0.00466722 0.0713005 0.536363 -0.00288641 0.0804679 0.517464 -0.0205244 0.0700905 0.522525 
0.0243592 0.06452 0.535809 0.02614 0.0736873 0.51691 0.0533856 0.0577394 0.535255 
0.0551665 0.0669068 0.516356 0.0841929 0.0601262 0.515802 0.113219 0.0533457 0.515248 
0.443898 -0.0383982 0.513662 -0.229959 0.090019 0.535972 -0.0671889 0.0664937 0.528141 
-0.0381624 0.0597131 0.527587 0.437649 -0.0659335 0.523231 -0.236209 0.0624838 0.545541 
0.41823 -0.0854782 0.547192 0.402373 -0.0866882 0.533354 0.420011 -0.0763108 0.528293 
-0.242458 0.0349485 0.55511 0.367097 -0.107443 0.543477 0.384735 -0.0970656 0.538416 
-0.248708 0.00741322 0.564679 0.215715 -0.101075 0.555816 0.233353 -0.0906981 0.550755 
0.26238 -0.0974787 0.550201 0.291406 -0.104259 0.549647 0.320432 -0.11104 0.549093 
0.349459 -0.11782 0.548539 -0.268127 -0.0121315 0.58864 -0.266346 -0.00296415 0.569741 
-0.283984 -0.0133415 0.574802 0.122386 -0.108269 0.567047 0.140024 -0.0978917 0.561986 
0.169051 -0.104672 0.561432 0.198077 -0.111453 0.560878 -0.274376 -0.0396668 0.59821 
-0.290233 -0.0408768 0.584371 0.0580838 -0.122243 0.577724 0.0757218 -0.111866 0.572662 
0.104748 -0.118646 0.572109 -0.278845 -0.0580347 0.588879 -0.249819 -0.0648152 0.588325 
-0.222573 -0.0807632 0.606671 -0.23843 -0.0819732 0.592833 -0.00621871 -0.136218 0.588401 
0.0114193 -0.12584 0.58334 0.0404457 -0.132621 0.582786 -0.227042 -0.0991311 0.59734 
-0.198015 -0.105912 0.596786 -0.168989 -0.112692 0.596232 -0.139962 -0.119473 0.595678 
-0.110936 -0.126253 0.595124 -0.0819096 -0.133034 0.59457 -0.0528832 -0.139814 0.594017 
-0.0238567 -0.146595 0.593463 0.394987 0.084094 0.462656 0.396768 0.0932614 0.443756 
0.37913 0.082884 0.448817 0.424013 0.0773135 0.462102 0.425794 0.0864809 0.443202 
0.437182 0.0693229 0.44771 0.330684 0.0701198 0.473333 0.332465 0.0792872 0.454433 
0.314827 0.0689098 0.459494 0.359711 0.0633393 0.472779 0.361492 0.0725067 0.453879 
0.417764 0.0497782 0.471671 0.430933 0.0417877 0.457279 0.237355 0.0629262 0.484563 
0.239136 0.0720936 0.465664 0.221498 0.0617162 0.470725 0.268163 0.065313 0.46511 
0.297189 0.0585325 0.464556 0.424683 0.0142524 0.466848 0.440541 0.0154624 0.480686 
-0.175264 0.130319 0.501888 -0.173483 0.139486 0.482988 -0.191121 0.129109 0.48805 
-0.146238 0.123538 0.501334 -0.144457 0.132705 0.482434 -0.117211 0.116757 0.50078 
-0.115431 0.125925 0.48188 -0.104042 0.108767 0.486388 0.0859737 0.0692936 0.496902 
0.0877545 0.078461 0.478003 0.0701165 0.0680836 0.483064 0.115 0.0625131 0.496348 
0.116781 0.0716805 0.477449 0.145807 0.0648999 0.476895 0.174834 0.0581194 0.476341 
0.20386 0.0513388 0.475787 0.436072 -0.00290551 0.471355 0.44746 -0.0200634 0.475863 
-0.239567 0.116344 0.512565 -0.237786 0.125512 0.493665 -0.255424 0.115134 0.498727 
-0.208759 0.118731 0.493111 -0.0926537 0.091609 0.490895 -0.0654081 0.0756611 0.509241 
-0.0636272 0.0848284 0.490341 -0.0363816 0.0688805 0.508687 -0.0346008 0.0780479 0.489787 
-0.00557438 0.0712674 0.489234 0.0234521 0.0644868 0.48868 0.0524785 0.0577063 0.488126 
0.428041 -0.0396082 0.499824 0.412184 -0.0408181 0.485986 0.429822 -0.0304408 0.480924 
-0.244035 0.0979764 0.503234 -0.232647 0.0808185 0.507742 0.421792 -0.0671434 0.509393 
0.405935 -0.0683534 0.495555 -0.238897 0.0532833 0.517311 0.399685 -0.0958887 0.505124 
-0.258315 0.0337385 0.541272 -0.256535 0.0429059 0.522372 -0.274173 0.0325285 0.527434 
0.364409 -0.116643 0.515247 0.382047 -0.106266 0.510186 -0.264565 0.00620324 0.550841 
-0.280422 0.00499325 0.537003 0.213027 -0.110276 0.527586 0.230665 -0.0998986 0.522524 
0.259692 -0.106679 0.521971 0.288718 -0.11346 0.521417 0.317744 -0.12024 0.520863 
0.346771 -0.127021 0.520309 -0.299841 -0.0145515 0.560964 -0.29806 -0.00538411 0.542064 
-0.315698 -0.0157615 0.547126 0.106529 -0.109479 0.553209 0.0906718 -0.110689 0.539371 
0.10831 -0.100312 0.534309 0.137336 -0.107092 0.533755 0.166363 -0.113873 0.533201 
0.195389 -0.120653 0.532647 -0.306091 -0.0420868 0.570533 -0.321948 -0.0432968 0.556695 
0.0422265 -0.123453 0.563886 0.0263693 -0.124663 0.550048 0.0440074 -0.114286 0.544986 
0.0730338 -0.121066 0.544432 -0.31234 -0.069622 0.580102 -0.328197 -0.070832 0.566264 
-0.283314 -0.0764026 0.579548 -0.254287 -0.0831831 0.578995 -0.0220759 -0.137427 0.574563 
-0.0379331 -0.138637 0.560725 -0.0202951 -0.12826 0.555663 0.00873133 -0.135041 0.555109 
-0.316809 -0.0879899 0.570772 -0.287783 -0.0947705 0.570218 -0.258756 -0.101551 0.569664 
-0.22973 -0.108332 0.56911 -0.200703 -0.115112 0.568556 -0.171677 -0.121893 0.568002 
-0.14265 -0.128673 0.567448 -0.113624 -0.135454 0.566894 -0.0845976 -0.142234 0.56634 
-0.0555711 -0.149015 0.565786 0.398548 0.102429 0.424856 0.400329 0.111596 0.405957 
0.382691 0.101219 0.411018 0.411718 0.0944383 0.410464 0.334246 0.0884546 0.435533 
0.336027 0.097622 0.416634 0.318389 0.0872446 0.421695 0.363272 0.0816741 0.434979 
0.365053 0.0908414 0.41608 0.423106 0.0772804 0.414972 0.434494 0.0601224 0.419479 
0.29897 0.0676999 0.445656 0.300751 0.0768672 0.426757 0.283113 0.0664899 0.431818 
0.428245 0.0325872 0.429048 -0.11365 0.135092 0.462981 -0.111869 0.14426 0.444081 
-0.129507 0.133882 0.449142 -0.10048 0.127102 0.448589 0.205641 0.0605062 0.456887 
0.207422 0.0696736 0.437988 0.189784 0.0592962 0.443049 0.236448 0.0628931 0.437434 
0.265475 0.0561125 0.43688 0.421995 0.0050519 0.438618 -0.176171 0.130285 0.454758 
-0.193809 0.119908 0.459819 -0.147145 0.123505 0.454204 -0.0908729 0.100776 0.471996 
-0.0890921 0.109944 0.453096 -0.0618464 0.0939958 0.471442 -0.0600656 0.103163 0.452542 
-0.03282 0.0872153 0.470888 -0.0310392 0.0963827 0.451988 -0.00379357 0.0804348 0.470334 
-0.00201276 0.0896021 0.451434 0.0252329 0.0736542 0.46978 0.0270137 0.0828216 0.45088 
0.0542593 0.0668737 0.469226 0.0560401 0.076041 0.450326 0.0850665 0.0692605 0.449772 
0.114093 0.06248 0.449218 0.143119 0.0556994 0.448665 0.172146 0.0489189 0.448111 
0.431603 -0.0212734 0.462025 0.415746 -0.0224834 0.448187 -0.271281 0.113924 0.484889 
-0.2695 0.123092 0.465989 -0.287138 0.112714 0.47105 -0.240474 0.116311 0.465435 
-0.211447 0.109531 0.464881 0.409496 -0.0500187 0.457756 -0.27575 0.0955565 0.475558 
-0.248504 0.0796086 0.493904 -0.264361 0.0783986 0.480065 0.403247 -0.0775539 0.467325 
-0.254754 0.0520733 0.503473 -0.270611 0.0508633 0.489635 0.383828 -0.0970987 0.491286 
0.36797 -0.0983087 0.477448 0.385609 -0.0879313 0.472386 -0.29003 0.0313185 0.513596 
-0.288249 0.0404859 0.494696 -0.305887 0.0301086 0.499758 0.348552 -0.117853 0.501409 
0.332694 -0.119063 0.487571 0.350332 -0.108686 0.482509 -0.296279 0.00378327 0.523165 
-0.312137 0.00257329 0.509327 0.210339 -0.119476 0.499356 0.227977 -0.109099 0.494294 
0.257004 -0.11588 0.49374 0.28603 -0.12266 0.493186 0.315056 -0.129441 0.492632 
-0.360582 -0.0101909 0.533842 -0.358801 -0.00102353 0.514942 -0.376439 -0.0114009 0.520004 
-0.331555 -0.0169715 0.533288 -0.329775 -0.00780407 0.514388 0.0879838 -0.11989 0.511141 
0.105622 -0.109512 0.506079 0.134648 -0.116293 0.505525 0.163675 -0.123073 0.504971 
0.192701 -0.129854 0.504417 -0.365051 -0.0285588 0.524511 -0.353662 -0.0457167 0.529019 
-0.337805 -0.0445067 0.542857 0.0105121 -0.125873 0.53621 -0.00534506 -0.127083 0.522372 
0.012293 -0.116706 0.51731 0.0413194 -0.123486 0.516756 0.0703458 -0.130267 0.516202 
-0.342274 -0.0628746 0.533526 -0.330885 -0.0800325 0.538034 -0.0537903 -0.139847 0.546887 
-0.0696475 -0.141057 0.533049 -0.0520095 -0.13068 0.527987 -0.0229831 -0.137461 0.527433 
-0.319497 -0.0971904 0.542542 -0.290471 -0.103971 0.541988 -0.261444 -0.110752 0.541434 
-0.232418 -0.117532 0.54088 -0.203391 -0.124313 0.540326 -0.174365 -0.131093 0.539772 
-0.145338 -0.137874 0.539218 -0.116312 -0.144654 0.538664 -0.0872855 -0.151435 0.53811 
0.337808 0.106789 0.397734 0.339588 0.115957 0.378834 0.32195 0.105579 0.383896 
0.366834 0.100009 0.39718 0.368615 0.109176 0.37828 0.397641 0.102396 0.377726 
0.40903 0.0852378 0.382234 0.302532 0.0860346 0.407857 0.304312 0.095202 0.388957 
0.286674 0.0848246 0.394019 0.420418 0.0680798 0.386742 0.431807 0.0509219 0.391249 
0.267256 0.0652799 0.41798 0.269036 0.0744473 0.39908 0.251398 0.0640699 0.404142 
0.425557 0.0233867 0.400818 -0.145364 0.132672 0.435304 -0.143583 0.14184 0.416405 
-0.161221 0.131462 0.421466 -0.114557 0.135059 0.415851 -0.0873112 0.119111 0.434196 
-0.0855304 0.128279 0.415297 -0.0582848 0.112331 0.433643 -0.056504 0.121498 0.414743 
-0.0451156 0.10434 0.41925 0.173927 0.0580863 0.429211 0.175707 0.0672536 0.410311 
0.158069 0.0568763 0.415373 0.204734 0.0604731 0.409757 0.23376 0.0536926 0.409203 
0.419307 -0.00414861 0.410387 -0.209667 0.118698 0.445981 -0.207886 0.127865 0.427082 
-0.225524 0.117488 0.432143 -0.178859 0.121085 0.426528 -0.0337272 0.0871822 0.423758 
-0.00470073 0.0804016 0.423204 0.0243257 0.0736211 0.42265 0.0533521 0.0668405 0.422096 
0.0823786 0.06006 0.421542 0.111405 0.0532795 0.420988 0.140431 0.0464989 0.420434 
0.413058 -0.0316839 0.419957 -0.302995 0.111504 0.457212 -0.301215 0.120672 0.438313 
-0.318853 0.110294 0.443374 -0.272188 0.113891 0.437759 -0.243162 0.107111 0.437205 
0.393639 -0.0512286 0.443918 0.377782 -0.0524386 0.43008 0.39542 -0.0420613 0.425018 
-0.307464 0.0931365 0.447882 -0.280219 0.0771886 0.466227 -0.296076 0.0759786 0.452389 
0.387389 -0.0787639 0.453487 0.371532 -0.0799739 0.439649 -0.315495 0.0564339 0.47635 
-0.313714 0.0656012 0.457451 -0.331352 0.0552239 0.462512 -0.286468 0.0496533 0.475796 
0.352113 -0.0995186 0.46361 0.336256 -0.100729 0.449772 0.353894 -0.0903513 0.44471 
-0.379797 0.0424597 0.487027 -0.378016 0.0516271 0.468128 -0.395654 0.0412497 0.473189 
-0.350771 0.0356791 0.486474 -0.34899 0.0448465 0.467574 -0.321744 0.0288986 0.48592 
0.330006 -0.128264 0.459341 -0.384266 0.0240918 0.477697 -0.372877 0.00693387 0.482204 
-0.35702 0.00814386 0.496043 -0.327994 0.00136331 0.495489 0.207651 -0.128677 0.471126 
0.225289 -0.1183 0.466064 0.254316 -0.12508 0.46551 0.283342 -0.131861 0.464956 
0.312368 -0.138641 0.464402 -0.379127 -0.0206014 0.491774 0.0721266 -0.1211 0.497303 
0.0562694 -0.12231 0.483465 0.0739074 -0.111932 0.478403 0.102934 -0.118713 0.477849 
0.13196 -0.125493 0.477295 0.160987 -0.132274 0.476741 0.190013 -0.139054 0.476187 
-0.367739 -0.0377593 0.496281 -0.35635 -0.0549172 0.500789 -0.00803303 -0.136284 0.494141 
0.00960498 -0.125906 0.48908 0.0386314 -0.132687 0.488526 -0.344962 -0.0720751 0.505296 
-0.333573 -0.089233 0.509804 -0.0855047 -0.142267 0.51921 -0.101362 -0.143477 0.505372 
-0.0837239 -0.1331 0.500311 -0.0546975 -0.139881 0.499757 -0.025671 -0.146661 0.499203 
-0.322185 -0.106391 0.514311 -0.293159 -0.113171 0.513758 -0.264132 -0.119952 0.513204 
-0.235106 -0.126733 0.51265 -0.206079 -0.133513 0.512096 -0.177053 -0.140294 0.511542 
-0.148026 -0.147074 0.510988 -0.119 -0.153855 0.510434 0.312343 0.131905 0.360489 
0.314124 0.141072 0.341589 0.296486 0.130695 0.346651 0.341369 0.125124 0.359935 
0.34315 0.134292 0.341035 0.354538 0.117134 0.345543 0.306093 0.104369 0.370058 
0.290236 0.103159 0.35622 0.365927 0.0999757 0.35005 0.393172 0.0840278 0.368396 
0.377315 0.0828178 0.354558 0.270817 0.0836147 0.380181 0.272598 0.0927821 0.361281 
0.25496 0.0824047 0.366343 0.388704 0.0656599 0.359065 0.415949 0.049712 0.377411 
0.400092 0.048502 0.363573 0.235541 0.0628599 0.390304 0.237322 0.0720273 0.371404 
0.219684 0.06165 0.376466 0.411481 0.0313441 0.368081 0.422869 0.0141862 0.372588 
-0.146271 0.132639 0.388175 -0.163909 0.122262 0.393236 -0.117245 0.125859 0.387621 
-0.0882184 0.119078 0.387067 -0.059192 0.112297 0.386513 -0.0319464 0.0963496 0.404858 
-0.0301655 0.105517 0.385959 -0.00291992 0.089569 0.404304 -0.00113911 0.0987364 0.385405 
0.0261065 0.0827885 0.403751 0.0278873 0.0919558 0.384851 0.0551329 0.0760079 0.403197 
0.0569137 0.0851753 0.384297 0.0683022 0.0680174 0.388805 0.113186 0.0624468 0.402089 
0.114967 0.0716142 0.383189 0.0973286 0.0612369 0.388251 0.142212 0.0556663 0.401535 
0.143993 0.0648337 0.382635 0.173019 0.0580531 0.382081 0.202046 0.0512726 0.381527 
0.416619 -0.0133491 0.382157 -0.241381 0.116278 0.418305 -0.2396 0.125445 0.399406 
-0.257238 0.115068 0.404467 -0.210574 0.118665 0.398852 -0.181547 0.111884 0.398298 
0.0796906 0.0508595 0.393312 0.41037 -0.0408844 0.391726 -0.33471 0.109084 0.429536 
-0.332929 0.118252 0.410636 -0.350567 0.107874 0.415698 -0.303903 0.111471 0.410082 
-0.274876 0.104691 0.409528 0.375094 -0.0616391 0.401849 0.392732 -0.0512618 0.396788 
-0.369986 0.0883297 0.439659 -0.368205 0.0974971 0.420759 -0.385843 0.0871197 0.425821 
-0.340959 0.0815492 0.439105 -0.311933 0.0747686 0.438551 0.355675 -0.0811839 0.425811 
0.339818 -0.0823938 0.411972 0.357456 -0.0720165 0.406911 -0.376235 0.0607944 0.449228 
-0.392093 0.0595845 0.43539 -0.347209 0.0540139 0.448674 0.333568 -0.109929 0.421542 
-0.398342 0.0320492 0.444959 0.314149 -0.129474 0.445503 0.298292 -0.130684 0.431665 
0.31593 -0.120306 0.426603 -0.386954 0.0148913 0.449467 -0.375565 -0.00226663 0.453974 
0.204963 -0.137878 0.442895 0.222601 -0.1275 0.437834 0.251628 -0.134281 0.43728 
0.280654 -0.141061 0.436726 -0.381815 -0.0298019 0.463543 0.0404122 -0.12352 0.469626 
0.024555 -0.12473 0.455788 0.042193 -0.114352 0.450727 0.0712195 -0.121133 0.450173 
0.100246 -0.127913 0.449619 0.129272 -0.134694 0.449065 0.158299 -0.141474 0.448511 
0.187325 -0.148255 0.447957 -0.370427 -0.0469598 0.468051 -0.359038 -0.0641177 0.472559 
-0.0238902 -0.137494 0.480303 -0.0397474 -0.138704 0.466465 -0.0221094 -0.128326 0.461404 
0.006917 -0.135107 0.46085 -0.34765 -0.0812756 0.477066 -0.336261 -0.0984335 0.481574 
-0.10405 -0.152678 0.477142 -0.0864119 -0.142301 0.472081 -0.0573855 -0.149081 0.471527 
-0.324873 -0.115591 0.486081 -0.295847 -0.122372 0.485527 -0.26682 -0.129153 0.484973 
-0.237794 -0.135933 0.484419 -0.208767 -0.142714 0.483866 -0.179741 -0.149494 0.483312 
-0.150714 -0.156275 0.482758 -0.121688 -0.163055 0.482204 0.280628 0.129485 0.332812 
0.282409 0.138652 0.313913 0.264771 0.128275 0.318974 0.311436 0.131872 0.313359 
0.340462 0.125091 0.312805 0.35185 0.107933 0.317313 0.274379 0.101949 0.342382 
0.258522 0.100739 0.328543 0.363239 0.0907752 0.32182 0.374627 0.0736173 0.326328 
0.239103 0.0811947 0.352505 0.240884 0.0903621 0.333605 0.223246 0.0799847 0.338666 
0.384235 0.047292 0.349735 0.368378 0.046082 0.335897 -0.0864376 0.128245 0.368167 
-0.0846568 0.137413 0.349267 -0.102295 0.127035 0.354329 -0.0574112 0.121465 0.367613 
-0.0556304 0.130632 0.348713 -0.0283847 0.114684 0.367059 -0.0266039 0.123852 0.34816 
-0.0152155 0.106694 0.352667 0.203827 0.06044 0.362628 0.205608 0.0696074 0.343728 
0.18797 0.05923 0.34879 0.379766 0.0289241 0.340404 0.407012 0.0129762 0.35875 
0.391155 0.0117662 0.344912 -0.179766 0.121052 0.379398 -0.177986 0.130219 0.360498 
-0.195624 0.119842 0.36556 -0.148959 0.123439 0.359944 -0.119933 0.116658 0.35939 
-0.00382709 0.0895359 0.357175 0.0251993 0.0827553 0.356621 0.0542258 0.0759748 0.356067 
0.0814714 0.0600269 0.374413 0.0832522 0.0691943 0.355513 0.112279 0.0624137 0.354959 
0.141305 0.0556332 0.354405 0.170332 0.0488526 0.353851 0.400762 -0.0145591 0.368319 
0.384905 -0.0157691 0.354481 -0.273095 0.113858 0.390629 -0.271315 0.123025 0.371729 
-0.288953 0.112648 0.376791 -0.242288 0.116245 0.371175 -0.213262 0.109464 0.370621 
0.394513 -0.0420944 0.377888 0.378655 -0.0433044 0.36405 -0.335617 0.109051 0.382406 
-0.353255 0.0986739 0.387468 -0.306591 0.102271 0.381852 0.372406 -0.0708396 0.373619 
-0.370893 0.0882966 0.392529 -0.388531 0.0779192 0.397591 0.33713 -0.0915944 0.383742 
0.354768 -0.081217 0.378681 -0.394781 0.0503839 0.40716 0.317711 -0.111139 0.407703 
0.301854 -0.112349 0.393865 0.319492 -0.101972 0.388804 -0.40103 0.0228487 0.416729 
0.282435 -0.131894 0.417826 0.266578 -0.133104 0.403988 0.284216 -0.122726 0.398927 
-0.389642 0.00569077 0.421237 -0.378253 -0.0114671 0.425744 0.189106 -0.139087 0.429057 
0.173249 -0.140297 0.415219 0.190887 -0.12992 0.410158 0.219913 -0.136701 0.409604 
0.24894 -0.143481 0.40905 -0.366865 -0.028625 0.430252 -0.368646 -0.0377924 0.449151 
-0.355477 -0.045783 0.434759 0.021867 -0.13393 0.427558 0.0395051 -0.123553 0.422497 
0.0685315 -0.130333 0.421943 0.0975579 -0.137114 0.421389 0.126584 -0.143894 0.420835 
0.155611 -0.150675 0.420281 -0.361726 -0.0733182 0.444328 -0.0556046 -0.139914 0.452627 
-0.0714618 -0.141124 0.438789 -0.0538238 -0.130746 0.433727 -0.0247974 -0.137527 0.433174 
0.00422903 -0.144307 0.43262 -0.350338 -0.0904761 0.448836 -0.338949 -0.107634 0.453344 
-0.106738 -0.161878 0.448912 -0.0890999 -0.151501 0.443851 -0.327561 -0.124792 0.457851 
-0.298535 -0.131572 0.457297 -0.269508 -0.138353 0.456743 -0.240482 -0.145134 0.456189 
-0.211455 -0.151914 0.455635 -0.182429 -0.158695 0.455081 -0.153402 -0.165475 0.454527 
-0.124376 -0.172256 0.453974 0.248914 0.127065 0.305136 0.250695 0.136232 0.286237 
0.233057 0.125855 0.291298 0.279721 0.129452 0.285683 0.306967 0.113504 0.304028 
0.29111 0.112294 0.29019 0.335993 0.106723 0.303474 0.242664 0.0995295 0.314705 
0.226807 0.0983195 0.300867 0.302498 0.0951358 0.294698 0.329744 0.0791878 0.313044 
0.313886 0.0779779 0.299205 0.35877 0.0724073 0.31249 0.207388 0.0787747 0.324828 
0.209169 0.0879421 0.305929 0.191531 0.0775648 0.31099 0.325275 0.06082 0.303713 
0.35252 0.044872 0.322059 0.336663 0.043662 0.308221 -0.118152 0.125825 0.340491 
-0.116371 0.134993 0.321591 -0.134009 0.124615 0.326653 -0.0873448 0.128212 0.321037 
-0.0583183 0.121432 0.320483 -0.0292919 0.114651 0.319929 -0.00204628 0.0987033 0.338275 
-0.000265468 0.107871 0.319375 0.0269802 0.0919227 0.337721 0.028761 0.10109 0.318822 
0.0560066 0.0851422 0.337167 0.0577874 0.0943096 0.318268 0.085033 0.0783616 0.336613 
0.0868138 0.087529 0.317714 0.114059 0.0715811 0.336059 0.11584 0.0807485 0.31716 
0.143086 0.0648006 0.335505 0.144867 0.0739679 0.316606 0.172112 0.05802 0.334951 
0.173893 0.0671874 0.316052 0.346271 0.0173368 0.331628 0.330414 0.0161268 0.31779 
0.375297 0.0105562 0.331074 -0.180674 0.121019 0.332268 -0.198312 0.110641 0.33733 
-0.151647 0.114238 0.331714 0.341802 -0.00103113 0.322297 0.369048 -0.0169791 0.340643 
0.353191 -0.018189 0.326805 -0.274003 0.113825 0.343499 -0.291641 0.103448 0.348561 
-0.244976 0.107044 0.342945 -0.21595 0.100264 0.342391 0.362798 -0.0445143 0.350212 
0.346941 -0.0457243 0.336374 -0.369112 0.097464 0.37363 -0.367331 0.106631 0.35473 
-0.384969 0.096254 0.359792 -0.338305 0.0998508 0.354176 -0.309279 0.0930703 0.353622 
0.356549 -0.0720496 0.359781 0.340691 -0.0732596 0.345943 -0.391219 0.0687187 0.369361 
0.334442 -0.100795 0.355512 -0.397469 0.0411834 0.37893 0.285997 -0.113559 0.380027 
0.270139 -0.114769 0.366189 0.287777 -0.104392 0.361128 0.316804 -0.111172 0.360574 
-0.403718 0.0136482 0.388499 0.250721 -0.134314 0.39015 0.234863 -0.135524 0.376312 
0.252501 -0.125146 0.371251 -0.39233 -0.00350974 0.393006 -0.380941 -0.0206676 0.397514 
0.170561 -0.149498 0.386989 0.188199 -0.139121 0.381928 0.217225 -0.145901 0.381374 
-0.369553 -0.0378256 0.402022 -0.358165 -0.0549835 0.406529 0.00600984 -0.13514 0.41372 
-0.00984736 -0.13635 0.399882 0.00779065 -0.125973 0.39482 0.0368171 -0.132753 0.394266 
0.0658435 -0.139534 0.393712 0.09487 -0.146314 0.393159 0.123896 -0.153095 0.392605 
0.152923 -0.159875 0.392051 -0.364414 -0.0825187 0.416098 -0.0741498 -0.150324 0.410559 
-0.0565118 -0.139947 0.405497 -0.0274854 -0.146727 0.404943 -0.353026 -0.0996767 0.420606 
-0.341637 -0.116835 0.425113 -0.122595 -0.163088 0.435074 -0.138452 -0.164298 0.421236 
-0.120814 -0.153921 0.416174 -0.0917878 -0.160702 0.41562 -0.330249 -0.133992 0.429621 
-0.301222 -0.140773 0.429067 -0.272196 -0.147554 0.428513 -0.24317 -0.154334 0.427959 
-0.214143 -0.161115 0.427405 -0.185117 -0.167895 0.426851 -0.15609 -0.174676 0.426297 
0.2172 0.124645 0.27746 0.21898 0.133812 0.25856 0.201342 0.123435 0.263622 
0.248007 0.127032 0.258006 0.275252 0.111084 0.276352 0.259395 0.109874 0.262514 
0.181924 0.10389 0.287583 0.183704 0.113057 0.268683 0.166066 0.10268 0.273745 
0.21095 0.0971095 0.287029 0.270784 0.0927158 0.267022 0.298029 0.0767679 0.285367 
0.282172 0.0755579 0.271529 -0.0565375 0.130599 0.301584 -0.0547567 0.139766 0.282684 
-0.0723947 0.129389 0.287746 -0.0275111 0.123819 0.30103 -0.0257303 0.132986 0.28213 
-0.0143419 0.115828 0.286638 0.117621 0.0899159 0.29826 0.119402 0.0990833 0.27936 
0.101764 0.0887059 0.284422 0.146647 0.0831353 0.297706 0.148428 0.0923027 0.278806 
0.175674 0.0763548 0.297152 0.29356 0.0584 0.276037 0.320806 0.0424521 0.294382 
0.304949 0.0412421 0.280544 -0.119059 0.125792 0.293361 -0.136697 0.115415 0.298423 
-0.0900327 0.119012 0.292807 -0.00295344 0.0986702 0.291145 0.026073 0.0918896 0.290591 
0.0550994 0.0851091 0.290037 0.0841259 0.0783285 0.289483 0.314557 0.0149168 0.303952 
0.298699 0.0137068 0.290113 -0.214169 0.109431 0.323492 -0.212388 0.118599 0.304592 
-0.230026 0.108221 0.309653 -0.183362 0.111818 0.304038 -0.154335 0.105038 0.303484 
0.310088 -0.0034511 0.294621 0.337333 -0.019399 0.312967 0.321476 -0.020609 0.299129 
-0.307498 0.102238 0.334723 -0.305717 0.111405 0.315823 -0.323355 0.101028 0.320884 
-0.27669 0.104624 0.315269 -0.247664 0.097844 0.314715 0.331084 -0.0469343 0.322536 
0.315227 -0.0481443 0.308698 -0.370019 0.0974309 0.3265 -0.387657 0.0870535 0.331561 
-0.340993 0.0906503 0.325946 0.324834 -0.0744696 0.332105 0.308977 -0.0756796 0.318267 
-0.393907 0.0595182 0.34113 0.318585 -0.102005 0.341674 0.302727 -0.103215 0.327836 
-0.400157 0.0319829 0.3507 0.267451 -0.12397 0.337959 0.285089 -0.113592 0.332897 
-0.388768 0.014825 0.355207 -0.390549 0.00565764 0.374107 -0.37738 -0.00233288 0.359715 
0.219006 -0.136734 0.362474 0.203149 -0.137944 0.348636 0.220787 -0.127566 0.343574 
0.249813 -0.134347 0.34302 -0.383629 -0.0298682 0.369284 0.167873 -0.158698 0.358759 
0.185511 -0.148321 0.353697 -0.372241 -0.0470261 0.373791 -0.360853 -0.064184 0.378299 
-0.0257046 -0.13756 0.386044 -0.0415618 -0.13877 0.372206 -0.0239238 -0.128393 0.367144 
0.00510268 -0.135173 0.36659 0.0341291 -0.141954 0.366036 0.0631555 -0.148734 0.365482 
0.092182 -0.155515 0.364928 0.121208 -0.162295 0.364374 0.150235 -0.169076 0.36382 
-0.349464 -0.0813419 0.382807 -0.351245 -0.0905093 0.401706 -0.338076 -0.0984998 0.387314 
-0.090007 -0.151534 0.396721 -0.105864 -0.152744 0.382883 -0.0882262 -0.142367 0.377821 
-0.0591998 -0.149147 0.377267 -0.326687 -0.115658 0.391822 -0.328468 -0.124825 0.410721 
-0.297661 -0.122438 0.391268 -0.299442 -0.131606 0.410167 -0.286272 -0.139596 0.395775 
-0.154309 -0.165508 0.407398 -0.170167 -0.166718 0.39356 -0.152529 -0.156341 0.388498 
-0.123502 -0.163122 0.387944 -0.274884 -0.156754 0.400283 -0.245858 -0.163535 0.399729 
-0.216831 -0.170315 0.399175 -0.187805 -0.177096 0.398621 0.156459 0.129005 0.250338 
0.15824 0.138173 0.231438 0.140602 0.127795 0.2365 0.185485 0.122225 0.249784 
0.187266 0.131392 0.230884 0.216292 0.124612 0.23033 0.243538 0.108664 0.248676 
0.227681 0.107454 0.234838 0.121183 0.108251 0.260461 0.122964 0.117418 0.241561 
0.105325 0.107041 0.246623 0.150209 0.10147 0.259907 0.239069 0.0902959 0.239345 
0.266315 0.0743479 0.257691 0.250458 0.0731379 0.243853 -0.0882519 0.128179 0.273907 
-0.0864711 0.137347 0.255008 -0.104109 0.126969 0.260069 -0.0574447 0.130566 0.254454 
-0.0284183 0.123785 0.2539 -0.00117263 0.107838 0.272246 0.000608176 0.117005 0.253346 
0.0278538 0.101057 0.271692 0.0296346 0.110224 0.252792 0.0568802 0.0942764 0.271138 
0.058661 0.103444 0.252238 0.0859067 0.0874959 0.270584 0.0876875 0.0966633 0.251684 
0.261846 0.05598 0.248361 0.289092 0.0400321 0.266706 0.273234 0.0388221 0.252868 
-0.152554 0.114205 0.284584 -0.150774 0.123372 0.265685 -0.168412 0.112995 0.270746 
-0.121747 0.116592 0.265131 0.282842 0.0124968 0.276275 0.266985 0.0112869 0.262437 
-0.245883 0.107011 0.295815 -0.244102 0.116179 0.276916 -0.26174 0.105801 0.281977 
-0.215076 0.109398 0.276362 -0.18605 0.102618 0.275808 0.278373 -0.00587107 0.266945 
0.305619 -0.021819 0.28529 0.289762 -0.023029 0.271452 -0.339212 0.0998177 0.307046 
-0.337431 0.108985 0.288147 -0.355069 0.0986077 0.293208 -0.308405 0.102205 0.287593 
-0.279378 0.095424 0.287039 0.299369 -0.0493543 0.29486 0.283512 -0.0505642 0.281021 
-0.372707 0.0882303 0.29827 -0.390345 0.077853 0.303331 0.29312 -0.0768895 0.304429 
0.277263 -0.0780995 0.290591 -0.396595 0.0503177 0.3129 0.28687 -0.104425 0.313998 
0.271013 -0.105635 0.30016 -0.402845 0.0227824 0.322469 0.251594 -0.12518 0.324121 
0.235737 -0.12639 0.310283 0.253375 -0.116012 0.305221 -0.391456 0.00562452 0.326977 
-0.380068 -0.0115334 0.331485 0.200461 -0.147144 0.320406 0.218099 -0.136767 0.315344 
-0.386317 -0.0390687 0.341054 0.122989 -0.153128 0.345475 0.107132 -0.154338 0.331637 
0.12477 -0.143961 0.326575 0.153796 -0.150741 0.326021 0.152016 -0.159908 0.344921 
0.182823 -0.157522 0.325467 -0.374929 -0.0562266 0.345561 -0.36354 -0.0733845 0.350069 
-0.057419 -0.13998 0.358368 -0.0732762 -0.14119 0.344529 -0.0556382 -0.130813 0.339468 
-0.0266117 -0.137593 0.338914 0.0024147 -0.144374 0.33836 0.0314411 -0.151154 0.337806 
0.0604676 -0.157935 0.337252 0.089494 -0.164715 0.336698 -0.352152 -0.0905424 0.354576 
-0.340764 -0.1077 0.359084 -0.108552 -0.161945 0.354652 -0.0909142 -0.151567 0.349591 
-0.329375 -0.124858 0.363592 -0.300349 -0.131639 0.363038 -0.271322 -0.138419 0.362484 
-0.273103 -0.147587 0.381383 -0.242296 -0.1452 0.36193 -0.244077 -0.154367 0.380829 
-0.21327 -0.15198 0.361376 -0.21505 -0.161148 0.380275 -0.184243 -0.158761 0.360822 
-0.186024 -0.167928 0.379722 -0.155217 -0.165541 0.360268 -0.12619 -0.172322 0.359714 
0.124744 0.126585 0.222662 0.126525 0.135753 0.203762 0.108887 0.125375 0.208823 
0.155552 0.128972 0.203208 0.182797 0.113024 0.221554 0.16694 0.111814 0.207715 
0.211824 0.106244 0.221 0.0604419 0.112611 0.233338 0.0622227 0.121779 0.214439 
0.0445846 0.111401 0.2195 0.0894683 0.105831 0.232785 0.0912491 0.114998 0.213885 
0.178328 0.0946564 0.212223 0.207355 0.0878759 0.211669 0.2346 0.0719279 0.230015 
0.218743 0.070718 0.216177 -0.119966 0.125759 0.246231 -0.118186 0.134927 0.227332 
-0.135824 0.124549 0.232393 -0.0891591 0.128146 0.226778 -0.0601327 0.121366 0.226224 
-0.0311062 0.114585 0.22567 -0.0020798 0.107804 0.225116 0.0269466 0.101024 0.224562 
0.230132 0.0535601 0.220684 0.257377 0.0376121 0.23903 0.24152 0.0364022 0.225192 
-0.184269 0.111785 0.256908 -0.182488 0.120952 0.238009 -0.200126 0.110575 0.24307 
-0.153462 0.114172 0.237455 0.251128 0.0100769 0.248599 0.23527 0.00886688 0.234761 
-0.277598 0.104591 0.268139 -0.275817 0.113759 0.24924 -0.293455 0.103381 0.254301 
-0.24679 0.106978 0.248686 -0.217764 0.100198 0.248132 0.246659 -0.00829102 0.239269 
0.273905 -0.024239 0.257614 0.258047 -0.0254489 0.243776 -0.340119 0.0997846 0.259917 
-0.357757 0.0894072 0.264978 -0.311093 0.093004 0.259363 0.267655 -0.0517742 0.267183 
0.251798 -0.0529842 0.253345 -0.375395 0.0790298 0.27004 -0.393033 0.0686525 0.275101 
0.261405 -0.0793095 0.276752 0.245548 -0.0805195 0.262914 -0.399283 0.0411172 0.28467 
0.256937 -0.0976774 0.267422 0.268325 -0.114835 0.27193 -0.405533 0.0135819 0.294239 
0.21988 -0.127599 0.296445 0.204023 -0.128809 0.282607 0.221661 -0.118432 0.277545 
0.250687 -0.125213 0.276991 -0.394144 -0.00357598 0.298747 -0.382756 -0.0207339 0.303254 
0.184604 -0.148354 0.306568 0.168746 -0.149564 0.29273 0.186385 -0.139187 0.287668 
-0.389005 -0.0482692 0.312824 0.00419551 -0.135206 0.31946 -0.0116617 -0.136416 0.305622 
0.00597632 -0.126039 0.300561 0.0350028 -0.132819 0.300007 0.0332219 -0.141987 0.318906 
0.0463912 -0.149977 0.304514 0.0912748 -0.155548 0.317799 0.0754176 -0.156758 0.30396 
0.0930556 -0.14638 0.298899 0.122082 -0.153161 0.298345 0.151108 -0.159942 0.297791 
-0.377617 -0.0654271 0.317331 -0.366229 -0.082585 0.321839 -0.0759641 -0.15039 0.316299 
-0.0583261 -0.140013 0.311238 -0.0292997 -0.146794 0.310684 0.0577796 -0.167135 0.309022 
-0.35484 -0.0997429 0.326346 -0.325814 -0.106523 0.325792 -0.327594 -0.115691 0.344692 
-0.296787 -0.113304 0.325238 -0.298568 -0.122471 0.344138 -0.267761 -0.120085 0.324684 
-0.269542 -0.129252 0.343584 -0.256372 -0.137242 0.329192 -0.124409 -0.163155 0.340814 
-0.140267 -0.164365 0.326976 -0.122629 -0.153987 0.321915 -0.0936022 -0.160768 0.321361 
-0.244984 -0.1544 0.3337 -0.215957 -0.161181 0.333146 -0.186931 -0.167961 0.332592 
-0.157905 -0.174742 0.332038 0.122056 0.117385 0.194431 0.151083 0.110604 0.193877 
-0.0293254 0.123752 0.20677 -0.0275446 0.13292 0.187871 -0.0451826 0.122542 0.192932 
-0.000298986 0.116972 0.206216 0.00148182 0.126139 0.187317 0.0287274 0.110191 0.205662 
0.0305083 0.119359 0.186763 0.0595347 0.112578 0.186209 0.0885611 0.105798 0.185655 
0.117588 0.099017 0.185101 0.146614 0.0922365 0.184547 0.17564 0.0854559 0.183993 
0.202886 0.069508 0.202339 0.187029 0.068298 0.188501 -0.120874 0.125726 0.199101 
-0.138512 0.115349 0.204163 -0.0918471 0.118946 0.198548 -0.0628206 0.112165 0.197994 
0.198417 0.0511401 0.193008 0.225663 0.0351922 0.211354 0.209806 0.0339822 0.197516 
-0.215983 0.109365 0.229232 -0.214202 0.118532 0.210332 -0.23184 0.108155 0.215394 
-0.185176 0.111752 0.209778 -0.15615 0.104971 0.209225 0.219413 0.0076569 0.220923 
0.203556 0.00644692 0.207085 -0.278505 0.104558 0.221009 -0.296143 0.0941809 0.226071 
-0.249478 0.0977777 0.220455 0.214944 -0.010711 0.211592 0.24219 -0.0266589 0.229938 
0.226333 -0.0278689 0.2161 -0.342807 0.0905841 0.231686 -0.360445 0.0802067 0.236748 
-0.313781 0.0838035 0.231132 0.235941 -0.0541942 0.239507 0.220083 -0.0554042 0.225669 
-0.378083 0.0698293 0.241809 -0.395721 0.059452 0.246871 0.231472 -0.0725621 0.230177 
0.24286 -0.08972 0.234684 -0.401971 0.0319167 0.25644 0.223441 -0.109265 0.258645 
0.207584 -0.110475 0.244807 0.225222 -0.100097 0.239746 0.252468 -0.116045 0.258091 
-0.408221 0.00438141 0.266009 0.188165 -0.130019 0.268768 0.172308 -0.131229 0.25493 
0.189946 -0.120852 0.249869 -0.396832 -0.0127765 0.270517 -0.385444 -0.0299344 0.275024 
0.166059 -0.158765 0.264499 -0.391693 -0.0574697 0.284593 -0.0275189 -0.137626 0.291784 
-0.0433761 -0.138836 0.277946 -0.0257381 -0.128459 0.272885 0.00328835 -0.135239 0.272331 
0.0323148 -0.14202 0.271777 0.0613412 -0.1488 0.271223 0.0595604 -0.157968 0.290122 
0.0903676 -0.155581 0.270669 0.119394 -0.162362 0.270115 0.148421 -0.169142 0.269561 
-0.380305 -0.0746276 0.289101 -0.368916 -0.0917855 0.293609 -0.0918214 -0.1516 0.302461 
-0.107679 -0.15281 0.288623 -0.0900405 -0.142433 0.283562 -0.0610141 -0.149214 0.283008 
-0.357528 -0.108943 0.298116 -0.328502 -0.115724 0.297562 -0.299475 -0.122504 0.297008 
-0.270449 -0.129285 0.296454 -0.241422 -0.136066 0.2959 -0.243203 -0.145233 0.3148 
-0.212396 -0.142846 0.295346 -0.214177 -0.152013 0.314246 -0.183369 -0.149627 0.294792 
-0.18515 -0.158794 0.313692 -0.154343 -0.156407 0.294239 -0.156124 -0.165575 0.313138 
-0.125317 -0.163188 0.293685 -0.0302326 0.123719 0.15964 -0.0478706 0.113342 0.164702 
-0.00120615 0.116939 0.159086 0.0278203 0.110158 0.158533 0.0550659 0.0942102 0.176878 
0.0392087 0.0930002 0.16304 0.0682351 0.0862197 0.162486 0.0858731 0.096597 0.157425 
0.1149 0.0898165 0.156871 0.143926 0.083036 0.156317 0.171172 0.067088 0.174662 
0.155314 0.0658781 0.160824 -0.154369 0.114139 0.190325 -0.152588 0.123306 0.171425 
-0.170226 0.112929 0.176487 -0.123561 0.116526 0.170871 -0.094535 0.109745 0.170317 
-0.0655086 0.102964 0.169763 0.0505971 0.0758423 0.167548 0.166703 0.0487201 0.165332 
0.193948 0.0327722 0.183678 0.178091 0.0315622 0.169839 -0.247698 0.106945 0.201556 
-0.245917 0.116112 0.182656 -0.263555 0.105735 0.187718 -0.21689 0.109332 0.182102 
-0.187864 0.102551 0.181548 0.18948 0.0144043 0.174347 0.200868 -0.00275358 0.178855 
-0.312 0.0929709 0.212233 -0.310219 0.102138 0.193333 -0.327857 0.0917609 0.198395 
-0.281193 0.0953577 0.192779 0.210476 -0.0290789 0.202262 0.194619 -0.0302889 0.188424 
-0.345495 0.0813836 0.203456 -0.363133 0.0710062 0.208518 0.206007 -0.0474468 0.192931 
0.217395 -0.0646047 0.197439 -0.380771 0.0606288 0.213579 -0.398409 0.0502515 0.218641 
0.227003 -0.09093 0.220846 0.211146 -0.0921399 0.207008 -0.404659 0.0227162 0.22821 
0.191727 -0.111685 0.230969 0.17587 -0.112895 0.217131 0.193508 -0.102517 0.212069 
-0.410909 -0.00481908 0.237779 0.156451 -0.132439 0.241092 0.140594 -0.133649 0.227254 
0.158232 -0.123272 0.222193 -0.39952 -0.021977 0.242287 -0.388132 -0.0391349 0.246794 
0.150201 -0.159975 0.250661 0.134344 -0.161185 0.236823 -0.394381 -0.0666702 0.256363 
-0.0592333 -0.140046 0.264108 -0.0750905 -0.141256 0.25027 -0.0574525 -0.130879 0.245208 
-0.0284261 -0.137659 0.244654 0.000600375 -0.14444 0.2441 0.0296268 -0.15122 0.243547 
0.0586532 -0.158001 0.242993 0.0876797 -0.164781 0.242439 0.116706 -0.171562 0.241885 
-0.382993 -0.0838281 0.260871 -0.353966 -0.0906086 0.260317 -0.355747 -0.099776 0.279216 
-0.342578 -0.107767 0.264824 -0.123536 -0.15402 0.274785 -0.139393 -0.15523 0.260947 
-0.121755 -0.144853 0.255885 -0.0927285 -0.151634 0.255331 -0.33119 -0.124924 0.269332 
-0.302163 -0.131705 0.268778 -0.273137 -0.138486 0.268224 -0.24411 -0.145266 0.26767 
-0.215084 -0.152047 0.267116 -0.186057 -0.158827 0.266562 -0.157031 -0.165608 0.266008 
-0.0347014 0.105351 0.15031 -0.00567493 0.0985708 0.149756 0.0233515 0.0917903 0.149202 
0.0814044 0.0782292 0.148094 0.110431 0.0714486 0.14754 0.139457 0.0646681 0.146986 
-0.186083 0.111719 0.162649 -0.184302 0.120886 0.143749 -0.20194 0.110509 0.148811 
-0.155276 0.114106 0.143195 -0.126249 0.107325 0.142641 -0.097223 0.100545 0.142087 
-0.0681966 0.093764 0.141533 -0.0391701 0.0869834 0.140979 -0.0101437 0.0802029 0.140425 
0.0188827 0.0734224 0.139871 0.0479091 0.0666418 0.139317 0.0769356 0.0598613 0.138764 
0.105962 0.0530807 0.13821 0.134988 0.0463002 0.137656 0.162234 0.0303523 0.156001 
0.146377 0.0291423 0.142163 -0.279412 0.104525 0.17388 -0.277631 0.113693 0.15498 
-0.295269 0.103315 0.160041 -0.248605 0.106912 0.154426 -0.219578 0.100131 0.153872 
0.157765 0.0119844 0.146671 0.185011 -0.00396356 0.165017 0.169154 -0.00517354 0.151178 
-0.312907 0.0929378 0.165103 -0.330545 0.0825604 0.170165 0.180542 -0.0223315 0.155686 
0.191931 -0.0394894 0.160194 -0.37899 0.0697962 0.19468 -0.37721 0.0789636 0.17578 
-0.394848 0.0685862 0.180841 -0.348183 0.0721831 0.175226 0.201538 -0.0658147 0.183601 
0.185681 -0.0670246 0.169763 -0.401097 0.041051 0.190411 0.197069 -0.0841825 0.17427 
0.208458 -0.10134 0.178778 -0.407347 0.0135157 0.19998 0.160013 -0.114105 0.203293 
0.144155 -0.115315 0.189455 0.161793 -0.104937 0.184393 0.19082 -0.111718 0.183839 
-0.413596 -0.0140196 0.209549 0.124737 -0.134859 0.213416 0.108879 -0.136069 0.199578 
0.126517 -0.125692 0.194516 -0.402208 -0.0311775 0.214056 -0.39082 -0.0483354 0.218564 
0.00238118 -0.135272 0.225201 -0.013476 -0.136482 0.211363 0.00416199 -0.126105 0.206301 
0.0155504 -0.143263 0.210809 0.118487 -0.162395 0.222985 0.10263 -0.163605 0.209147 
-0.379431 -0.0654933 0.223072 -0.381212 -0.0746607 0.241971 -0.368043 -0.0826512 0.227579 
-0.0909477 -0.142466 0.236432 -0.106805 -0.143676 0.222594 -0.0891669 -0.133299 0.217532 
-0.0601405 -0.140079 0.216978 -0.031114 -0.14686 0.216424 0.0269388 -0.160421 0.215316 
0.0559653 -0.167201 0.214762 0.0849917 -0.173982 0.214208 -0.356654 -0.0998091 0.232087 
-0.327628 -0.10659 0.231533 -0.329409 -0.115757 0.250432 -0.298602 -0.11337 0.230979 
-0.300382 -0.122538 0.249878 -0.269575 -0.120151 0.230425 -0.271356 -0.129318 0.249325 
-0.240549 -0.126931 0.229871 -0.242329 -0.136099 0.248771 -0.211522 -0.133712 0.229317 
-0.213303 -0.142879 0.248217 -0.182496 -0.140492 0.228763 -0.184277 -0.14966 0.247663 
-0.153469 -0.147273 0.228209 -0.15525 -0.15644 0.247109 -0.124443 -0.154053 0.227655 
-0.217798 0.109299 0.134972 -0.216017 0.118466 0.116073 -0.233655 0.108089 0.121134 
-0.18699 0.111686 0.115519 -0.157964 0.104905 0.114965 -0.128937 0.0981246 0.114411 
-0.099911 0.091344 0.113857 -0.0708846 0.0845635 0.113303 -0.0418581 0.0777829 0.112749 
-0.0128317 0.0710024 0.112195 0.0161947 0.0642219 0.111641 0.0434404 0.0482739 0.129987 
0.0275832 0.0470639 0.116149 0.0724668 0.0414934 0.129433 0.085636 0.0335029 0.115041 
0.103274 0.0438802 0.109979 0.13052 0.0279323 0.128325 0.114662 0.0267223 0.114487 
-0.280319 0.104492 0.12675 -0.297957 0.0941146 0.131811 -0.251293 0.0977115 0.126196 
0.0389716 0.029906 0.120656 0.067998 0.0231255 0.120103 0.126051 0.00956441 0.118995 
0.155077 0.00278386 0.118441 0.166466 -0.0143741 0.122948 -0.346402 0.0813504 0.156326 
-0.344622 0.0905178 0.137427 -0.36226 0.0801405 0.142488 -0.315595 0.0837373 0.136873 
0.177854 -0.031532 0.127456 0.189243 -0.0486899 0.131963 -0.379898 0.0697631 0.14755 
-0.397536 0.0593857 0.152611 0.182993 -0.0762251 0.141533 -0.416954 0.039841 0.176572 
-0.415174 0.0490084 0.157673 -0.432812 0.038631 0.162734 0.163574 -0.0957699 0.165494 
0.147717 -0.0969799 0.151656 0.165355 -0.0866025 0.146594 0.192601 -0.10255 0.16494 
-0.421423 0.0214731 0.167242 -0.410035 0.00431518 0.17175 0.128298 -0.116525 0.175617 
0.112441 -0.117735 0.161779 0.130079 -0.107357 0.156717 -0.416284 -0.0232201 0.181319 
0.106191 -0.14527 0.171348 -0.404896 -0.040378 0.185826 -0.393508 -0.0575359 0.190334 
-0.0293332 -0.137692 0.197525 -0.0451904 -0.138902 0.183686 -0.0275524 -0.128525 0.178625 
0.00147402 -0.135306 0.178071 0.0305005 -0.142086 0.177517 0.0287196 -0.151254 0.196417 
0.0418889 -0.159244 0.182025 0.0867725 -0.164815 0.195309 0.0709153 -0.166025 0.181471 
0.0885533 -0.155647 0.176409 -0.382119 -0.0746938 0.194841 -0.370731 -0.0918517 0.199349 
-0.122662 -0.144886 0.208756 -0.138519 -0.146096 0.194917 -0.120881 -0.135719 0.189856 
-0.0918549 -0.142499 0.189302 -0.0628284 -0.14928 0.188748 0.0532773 -0.176402 0.186532 
-0.359342 -0.10901 0.203857 -0.330316 -0.11579 0.203303 -0.301289 -0.122571 0.202749 
-0.272263 -0.129351 0.202195 -0.243237 -0.136132 0.201641 -0.21421 -0.142912 0.201087 
-0.185184 -0.149693 0.200533 -0.156157 -0.156473 0.199979 -0.249512 0.106879 0.107296 
-0.247731 0.116046 0.0883966 -0.265369 0.105669 0.0934581 -0.218705 0.109266 0.0878427 
-0.189678 0.102485 0.0872887 -0.160652 0.0957046 0.0867348 -0.131625 0.0889241 0.0861808 
-0.102599 0.0821435 0.0856269 -0.0735725 0.075363 0.0850729 -0.0445461 0.0685824 0.084519 
-0.0155197 0.0618019 0.0839651 0.011726 0.045854 0.102311 -0.00413124 0.044644 0.0884726 
0.0988053 0.0255123 0.100649 -0.283007 0.0952915 0.0985196 -0.300645 0.0849141 0.103581 
0.00725718 0.0274861 0.0929802 0.0362836 0.0207055 0.0924263 0.0635292 0.0047576 0.110772 
0.047672 0.00354762 0.0969338 0.0925557 -0.00202294 0.110218 0.121582 -0.00880349 0.109664 
0.150609 -0.015584 0.10911 -0.34731 0.0813173 0.109197 -0.364948 0.07094 0.114258 
-0.318283 0.0745368 0.108643 0.0572796 -0.0227777 0.120341 0.0414224 -0.0239877 0.106503 
0.0704489 -0.0307682 0.105949 0.0880869 -0.0203908 0.100887 0.117113 -0.0271714 0.100334 
0.144359 -0.0431193 0.118679 0.128502 -0.0443293 0.104841 0.173385 -0.0498999 0.118125 
-0.382586 0.0605626 0.11932 -0.400224 0.0501852 0.124381 0.0528109 -0.0411456 0.111011 
0.138109 -0.0706546 0.128248 0.122252 -0.0718646 0.11441 0.167136 -0.0774351 0.127694 
-0.417862 0.0398078 0.129443 -0.4355 0.0294305 0.134504 0.13186 -0.0981899 0.137817 
0.116003 -0.0993998 0.123979 -0.424111 0.0122726 0.139012 -0.412723 -0.00488533 0.143519 
0.0965837 -0.118945 0.14794 0.0807265 -0.120155 0.134102 0.0983645 -0.109777 0.129041 
-0.418972 -0.0324206 0.153088 0.0921149 -0.137312 0.13861 0.103503 -0.15447 0.143118 
-0.407584 -0.0495785 0.157596 -0.396196 -0.0667364 0.162104 -0.0900741 -0.133332 0.170402 
-0.105931 -0.134542 0.156564 -0.0882932 -0.124164 0.151503 -0.0592668 -0.130945 0.150949 
-0.0610476 -0.140112 0.169848 -0.0302404 -0.137726 0.150395 -0.00121395 -0.144506 0.149841 
0.0278125 -0.151287 0.149287 0.0568389 -0.158067 0.148733 0.0550581 -0.167235 0.167633 
0.0858653 -0.164848 0.148179 -0.384807 -0.0838943 0.166611 -0.355781 -0.0906749 0.166057 
-0.357562 -0.0998423 0.184957 -0.326754 -0.0974554 0.165503 -0.328535 -0.106623 0.184403 
-0.297728 -0.104236 0.164949 -0.299509 -0.113403 0.183849 -0.268701 -0.111016 0.164395 
-0.270482 -0.120184 0.183295 -0.239675 -0.117797 0.163842 -0.241456 -0.126964 0.182741 
-0.210649 -0.124578 0.163288 -0.212429 -0.133745 0.182187 -0.181622 -0.131358 0.162734 
-0.183403 -0.140526 0.181633 -0.152596 -0.138139 0.16218 -0.154377 -0.147306 0.181079 
-0.123569 -0.144919 0.161626 -0.129845 0.0980915 0.0672812 -0.128064 0.107259 0.0483816 
-0.145702 0.0968815 0.0534431 -0.100818 0.0913109 0.0667273 -0.0990373 0.100478 0.0478276 
-0.0876489 0.0833204 0.0523352 -0.250419 0.106846 0.0601664 -0.268057 0.0964684 0.065228 
-0.221393 0.100065 0.0596125 -0.192366 0.0932846 0.0590586 -0.16334 0.0865041 0.0585046 
-0.0762605 0.0661625 0.0568428 -0.0472341 0.0593819 0.0562888 -0.0182076 0.0526014 0.0557349 
-0.00681922 0.0354435 0.0602425 -0.316502 0.0837042 0.0897431 -0.314722 0.0928715 0.0708434 
-0.33236 0.0824942 0.0759049 -0.285695 0.086091 0.0702895 0.0045692 0.0182856 0.0647501 
0.0318148 0.00233764 0.0830958 0.0159576 0.00112766 0.0692576 -0.380805 0.06973 0.10042 
-0.379024 0.0788974 0.0815204 -0.396662 0.06852 0.0865819 -0.349998 0.0721168 0.0809665 
0.0255652 -0.0251976 0.0926649 0.00970803 -0.0264076 0.0788267 0.0836181 -0.0387587 0.091557 
0.112645 -0.0455393 0.091003 -0.416081 0.0489752 0.110543 -0.4143 0.0581426 0.0916434 
-0.431938 0.0477653 0.096705 0.0210964 -0.0435655 0.0833343 0.0483421 -0.0595135 0.10168 
0.0324849 -0.0607234 0.0878419 0.0615113 -0.067504 0.087288 0.0791493 -0.0571266 0.0822264 
0.106395 -0.0730745 0.100572 0.0905377 -0.0742845 0.086734 -0.438188 0.02023 0.106274 
0.0438733 -0.0778814 0.0923495 0.100145 -0.10061 0.110141 0.0842881 -0.10182 0.0963031 
-0.426799 0.00307207 0.110782 -0.415411 -0.0140858 0.115289 0.0780386 -0.129355 0.105872 
-0.42166 -0.0416211 0.124858 -0.0284596 -0.128558 0.131495 -0.0443168 -0.129768 0.117657 
-0.0266788 -0.119391 0.112596 0.00234767 -0.126171 0.112042 0.000566858 -0.135339 0.130941 
0.0313741 -0.132952 0.111488 0.0295933 -0.142119 0.130387 0.0427625 -0.15011 0.115995 
0.0876462 -0.15568 0.129279 0.071789 -0.15689 0.115441 -0.410272 -0.058779 0.129366 
-0.381246 -0.0655596 0.128812 -0.383026 -0.0747269 0.147712 -0.369857 -0.0827175 0.13332 
-0.121788 -0.135752 0.142726 -0.137646 -0.136962 0.128888 -0.120008 -0.126584 0.123826 
-0.0909812 -0.133365 0.123273 -0.0619548 -0.140146 0.122719 0.0541509 -0.167268 0.120503 
-0.358469 -0.0998754 0.137827 -0.329442 -0.106656 0.137273 -0.300416 -0.113436 0.136719 
-0.271389 -0.120217 0.136165 -0.242363 -0.126998 0.135611 -0.213337 -0.133778 0.135057 
-0.18431 -0.140559 0.134503 -0.155284 -0.147339 0.13395 -0.190585 0.102452 0.0401589 
-0.188805 0.111619 0.0212593 -0.206443 0.101242 0.0263208 -0.161559 0.0956715 0.039605 
-0.159778 0.104839 0.0207054 -0.130752 0.0980583 0.0201514 -0.101725 0.0912778 0.0195975 
-0.0744797 0.0753299 0.0379432 -0.0726989 0.0844972 0.0190435 -0.0613105 0.0673393 0.0235511 
-0.283914 0.0952584 0.0513898 -0.282133 0.104426 0.0324902 -0.299772 0.0940484 0.0375517 
-0.253107 0.0976452 0.0319363 -0.224081 0.0908647 0.0313823 -0.049922 0.0501814 0.0280587 
-0.0208956 0.0434009 0.0275047 -0.00950719 0.026243 0.0320123 -0.348217 0.0812842 0.0620668 
-0.346436 0.0904516 0.0431672 -0.364074 0.0800742 0.0482287 -0.31741 0.083671 0.0426133 
0.000100418 -8.23237e-05 0.0554195 -0.0157568 -0.00129231 0.0415814 -0.381712 0.0696969 0.0532902 
-0.39935 0.0593195 0.0583518 -0.00436836 -0.0184502 0.046089 0.00702006 -0.0356081 0.0505966 
-0.416988 0.0489421 0.0634133 -0.434626 0.0385647 0.0684748 0.0184085 -0.052766 0.0551042 
0.0456541 -0.068714 0.0734499 0.0474349 -0.0595466 0.0545502 0.0746805 -0.0754945 0.0728959 
0.0588233 -0.0767045 0.0590578 -0.440876 0.0110295 0.0780439 0.0702117 -0.0938624 0.0635654 
0.0816002 -0.11102 0.068073 -0.429487 -0.00612844 0.0825515 -0.418099 -0.0232863 0.0870591 
0.0929886 -0.128178 0.0725805 0.0912078 -0.137346 0.0914802 0.104377 -0.145336 0.0770881 
-0.40671 -0.0404442 0.0915666 -0.408491 -0.0496116 0.110466 -0.395322 -0.0576022 0.0960742 
-0.060174 -0.130978 0.103819 -0.0760312 -0.132188 0.0899809 -0.0583932 -0.121811 0.0849193 
-0.0293667 -0.128591 0.0843654 -0.000340307 -0.135372 0.0838115 0.0286861 -0.142152 0.0832575 
0.0577126 -0.148933 0.0827036 0.0559317 -0.1581 0.101603 0.086739 -0.155713 0.0821496 
-0.383934 -0.0747601 0.100582 -0.354907 -0.0815406 0.100028 -0.356688 -0.090708 0.118927 
-0.343519 -0.0986985 0.104535 -0.182529 -0.131391 0.115604 -0.198387 -0.132601 0.101766 
-0.180748 -0.122224 0.0967042 -0.151722 -0.129004 0.0961503 -0.153503 -0.138172 0.11505 
-0.122696 -0.135785 0.0955963 -0.0936692 -0.142566 0.0950424 -0.33213 -0.115856 0.109043 
-0.303104 -0.122637 0.108489 -0.274077 -0.129418 0.107935 -0.245051 -0.136198 0.107381 
-0.216025 -0.142979 0.106827 -0.2223 0.100032 0.0124827 -0.220519 0.109199 -0.00641692 
-0.238157 0.0988221 -0.0013554 -0.191493 0.102419 -0.00697086 -0.162466 0.0956384 -0.0075248 
-0.13344 0.0888578 -0.00807875 -0.104413 0.0820773 -0.00863269 -0.0753869 0.0752967 -0.00918663 
-0.0639984 0.0581388 -0.00467905 -0.315629 0.0928384 0.0237136 -0.313848 0.102006 0.004814 
-0.331486 0.0916284 0.00987552 -0.284821 0.0952253 0.00426006 -0.255795 0.0884447 0.00370612 
-0.05261 0.0409809 -0.000171471 -0.0235836 0.0342004 -0.000725414 -0.0121952 0.0170425 0.00378217 
-0.349124 0.0812511 0.014937 -0.366762 0.0708737 0.0199986 -0.000806745 -0.000115445 0.00828974 
-0.00258756 -0.00928283 0.0271894 0.0105817 -0.0172734 0.0127973 -0.3844 0.0604963 0.0250601 
-0.402038 0.050119 0.0301216 0.0201893 -0.0435986 0.0362045 0.0219701 -0.0344313 0.0173049 
0.0333585 -0.0515892 0.0218125 -0.419676 0.0397416 0.0351831 -0.437314 0.0293642 0.0402446 
0.0447469 -0.0687471 0.0263201 0.0561354 -0.085905 0.0308276 -0.443564 0.00182897 0.0498137 
0.0675238 -0.103063 0.0353352 0.0789122 -0.120221 0.0398428 -0.432175 -0.0153289 0.0543213 
-0.420787 -0.0324868 0.0588289 0.0014405 -0.126204 0.0649118 -0.0144167 -0.127414 0.0510737 
0.00322131 -0.117037 0.0460122 0.0146097 -0.134195 0.0505198 0.0885198 -0.146546 0.06325 
0.0726626 -0.147756 0.0494119 -0.409398 -0.0496448 0.0633365 -0.39801 -0.0668027 0.0678441 
-0.0918884 -0.133398 0.0761428 -0.107746 -0.134608 0.0623046 -0.0901076 -0.124231 0.0572431 
-0.0610811 -0.131011 0.0566892 -0.0320547 -0.137792 0.0561352 0.0259982 -0.151353 0.0550274 
0.0550246 -0.158133 0.0544734 -0.386621 -0.0839606 0.0723516 -0.357595 -0.0907411 0.0717977 
-0.328569 -0.0975217 0.0712438 -0.330349 -0.106689 0.0901434 -0.299542 -0.104302 0.0706898 
-0.301323 -0.11347 0.0895894 -0.270516 -0.111083 0.0701359 -0.272297 -0.12025 0.0890355 
-0.241489 -0.117863 0.0695819 -0.24327 -0.127031 0.0884816 -0.212463 -0.124644 0.069028 
-0.214244 -0.133811 0.0879276 -0.183436 -0.131424 0.0684741 -0.15441 -0.138205 0.0679201 
-0.125384 -0.144985 0.0673662 -0.254014 0.0976121 -0.0151935 -0.252233 0.106779 -0.0340931 
-0.269871 0.0964021 -0.0290316 -0.223207 0.0999989 -0.0346471 -0.194181 0.0932184 -0.035201 
-0.165154 0.0864379 -0.035755 -0.136128 0.0796573 -0.0363089 -0.107101 0.0728768 -0.0368629 
-0.0780748 0.0660962 -0.0374168 -0.0666864 0.0489383 -0.0329092 -0.316536 0.0928053 -0.0234162 
-0.334174 0.0824279 -0.0183546 -0.287509 0.0860248 -0.0239701 -0.055298 0.0317804 -0.0284016 
-0.0262716 0.0249999 -0.0289556 0.000974065 0.00905194 -0.0106099 0.00275487 0.0182193 -0.0295095 
0.0141433 0.00106141 -0.0250019 -0.351812 0.0720506 -0.0132931 -0.36945 0.0616732 -0.0082316 
0.0078937 -0.0264739 -0.0154328 -0.387088 0.0512958 -0.00317008 -0.404726 0.0409185 0.00189144 
0.0192821 -0.0436318 -0.0109253 0.0306705 -0.0607897 -0.00641768 -0.422364 0.0305411 0.00695296 
-0.440002 0.0201637 0.0120145 0.042059 -0.0779476 -0.0019101 0.0534474 -0.0951055 0.00259748 
-0.446252 -0.00737154 0.0215836 0.0648358 -0.112263 0.00710506 0.0920814 -0.128211 0.0254507 
0.0938622 -0.119044 0.00655111 0.105251 -0.136202 0.0110587 -0.434863 -0.0245294 0.0260912 
-0.423475 -0.0416874 0.0305987 -0.0593003 -0.121844 0.0377896 -0.0751575 -0.123054 0.0239514 
-0.0575195 -0.112677 0.0188899 -0.0284931 -0.119457 0.018336 -0.0302739 -0.128624 0.0372356 
0.000533337 -0.126238 0.017782 0.0295598 -0.133018 0.0172281 0.027779 -0.142186 0.0361277 
0.0585862 -0.139799 0.0166742 0.0568054 -0.148966 0.0355738 0.0876126 -0.146579 0.0161202 
-0.412086 -0.0588453 0.0351063 -0.400698 -0.0760032 0.0396139 -0.152629 -0.129038 0.0490205 
-0.168486 -0.130248 0.0351824 -0.150848 -0.11987 0.0301208 -0.121822 -0.126651 0.0295669 
-0.123603 -0.135818 0.0484665 -0.0927956 -0.133431 0.029013 -0.389309 -0.0931611 0.0441215 
-0.360283 -0.0999416 0.0435675 -0.331257 -0.106722 0.0430136 -0.30223 -0.113503 0.0424597 
-0.273204 -0.120283 0.0419057 -0.244177 -0.127064 0.0413518 -0.215151 -0.133844 0.0407978 
-0.186124 -0.140625 0.0402439 -0.285729 0.0951921 -0.0428697 -0.283948 0.10436 -0.0617694 
-0.301586 0.0939822 -0.0567078 -0.254921 0.097579 -0.0623233 -0.225895 0.0907984 -0.0628772 
-0.196869 0.0840179 -0.0634312 -0.167842 0.0772373 -0.0639851 -0.138816 0.0704568 -0.0645391 
-0.109789 0.0636763 -0.065093 -0.0807628 0.0568957 -0.065647 -0.0693744 0.0397378 -0.0611394 
-0.350031 0.081218 -0.0321927 -0.34825 0.0903853 -0.0510924 -0.365888 0.080008 -0.0460309 
-0.319224 0.0836048 -0.0516463 -0.057986 0.0225799 -0.0566318 -0.0289595 0.0157994 -0.0571857 
6.69003e-05 0.00901882 -0.0577397 0.0273125 -0.00692911 -0.039394 0.0290933 0.00223827 -0.0582936 
0.0404817 -0.0149196 -0.053786 -0.385307 0.0604632 -0.0220697 -0.383526 0.0696306 -0.0409693 
-0.401164 0.0592532 -0.0359078 0.0210629 -0.0344644 -0.0298249 0.0342322 -0.0424549 -0.0442169 
-0.407414 0.031718 -0.0263387 0.0438398 -0.0687802 -0.0208097 0.0456206 -0.0596128 -0.0397094 
0.057009 -0.0767707 -0.0352018 -0.425052 0.0213406 -0.0212772 -0.44269 0.0109632 -0.0162157 
0.0666166 -0.103096 -0.0117946 0.0683974 -0.0939286 -0.0306942 0.095643 -0.109877 -0.0123485 
0.0974239 -0.100709 -0.0312481 0.108812 -0.117867 -0.0267406 -0.44894 -0.016572 -0.00664657 
0.102563 -0.145402 -0.0171715 -0.437551 -0.03373 -0.00213899 -0.426163 -0.0508879 0.00236858 
-0.0910147 -0.124264 0.0101133 -0.106872 -0.125474 -0.00372477 -0.0892339 -0.115096 -0.00878629 
-0.0602075 -0.121877 -0.00934023 -0.0311811 -0.128658 -0.00989418 -0.00215463 -0.135438 -0.0104481 
0.0268718 -0.142219 -0.0110021 0.0558982 -0.148999 -0.011556 0.0849247 -0.15578 -0.0121099 
-0.414774 -0.0680458 0.00687616 -0.385748 -0.0748263 0.00632222 -0.387529 -0.0839937 0.0252219 
-0.374359 -0.0919842 0.0108298 -0.21337 -0.124677 0.0218982 -0.229227 -0.125887 0.00806009 
-0.211589 -0.11551 0.00299857 -0.182563 -0.12229 0.00244463 -0.184344 -0.131457 0.0213443 
-0.153536 -0.129071 0.00189069 -0.12451 -0.135851 0.00133675 -0.362971 -0.109142 0.0153374 
-0.333945 -0.115923 0.0147834 -0.304918 -0.122703 0.0142295 -0.275892 -0.129484 0.0136756 
-0.246865 -0.136264 0.0131216 -0.286636 0.095159 -0.0899995 -0.304274 0.0847816 -0.084938 
-0.257609 0.0883785 -0.0905535 -0.228583 0.0815979 -0.0911074 -0.199556 0.0748174 -0.0916613 
-0.17053 0.0680369 -0.0922153 -0.141504 0.0612563 -0.0927692 -0.112477 0.0544758 -0.0933232 
-0.0834508 0.0476952 -0.0938771 -0.0720624 0.0305373 -0.0893695 -0.350938 0.0811848 -0.0793225 
-0.368576 0.0708075 -0.074261 -0.321912 0.0744043 -0.0798765 -0.0606739 0.0133794 -0.084862 
-0.0316475 0.00659885 -0.0854159 -0.00262107 -0.000181693 -0.0859698 0.0264054 -0.00696223 -0.0865238 
0.053651 -0.0229102 -0.0681781 0.0554318 -0.0137428 -0.0870777 0.0668202 -0.0309007 -0.0825701 
-0.386214 0.0604301 -0.0691995 -0.403852 0.0500527 -0.064138 0.0474014 -0.0504454 -0.058609 
0.0605706 -0.058436 -0.073001 -0.423271 0.030508 -0.0401768 -0.42149 0.0396754 -0.0590765 
-0.439128 0.029298 -0.0540149 0.0701782 -0.0847613 -0.0495938 0.071959 -0.0755939 -0.0684935 
0.0992047 -0.0915418 -0.0501478 0.100985 -0.0823744 -0.0690474 0.112374 -0.0995323 -0.0645398 
-0.445378 0.00176273 -0.0444458 0.121981 -0.125858 -0.0411326 0.123762 -0.11669 -0.0600323 
0.135151 -0.133848 -0.0555247 -0.451628 -0.0257725 -0.0348767 -0.0294003 -0.11949 -0.0287938 
-0.0452575 -0.1207 -0.0426319 -0.0276194 -0.110323 -0.0476934 0.00140699 -0.117103 -0.0482474 
-0.000373826 -0.126271 -0.0293477 0.0304334 -0.123884 -0.0488013 0.0286526 -0.133051 -0.0299017 
0.0418218 -0.141042 -0.0442937 0.0998747 -0.154603 -0.0454016 0.117513 -0.144225 -0.0504631 
-0.440239 -0.0429305 -0.0303692 -0.428851 -0.0600884 -0.0258616 -0.122729 -0.126684 -0.0175629 
-0.138586 -0.127894 -0.031401 -0.120948 -0.117516 -0.0364625 -0.0919219 -0.124297 -0.0370165 
-0.0628955 -0.131078 -0.0375704 0.0532103 -0.1582 -0.0397862 0.0822367 -0.16498 -0.0403401 
-0.417462 -0.0772463 -0.021354 -0.388436 -0.0840268 -0.0219079 -0.359409 -0.0908074 -0.0224619 
-0.36119 -0.0999747 -0.00356225 -0.330383 -0.0975879 -0.0230158 -0.332164 -0.106755 -0.00411619 
-0.301357 -0.104368 -0.0235698 -0.303137 -0.113536 -0.00467014 -0.27233 -0.111149 -0.0241237 
-0.274111 -0.120316 -0.00522408 -0.243304 -0.11793 -0.0246776 -0.245084 -0.127097 -0.00577802 
-0.214277 -0.12471 -0.0252316 -0.185251 -0.131491 -0.0257855 -0.156224 -0.138271 -0.0263395 
-0.197776 0.0839848 -0.110561 -0.195995 0.0931522 -0.129461 -0.213633 0.0827748 -0.124399 
-0.168749 0.0772042 -0.111115 -0.166968 0.0863716 -0.130015 -0.139723 0.0704237 -0.111669 
-0.137942 0.0795911 -0.130569 -0.126554 0.0624332 -0.126061 -0.320131 0.0835717 -0.0987761 
-0.31835 0.0927391 -0.117676 -0.335988 0.0823617 -0.112614 -0.289324 0.0859585 -0.11823 
-0.260297 0.079178 -0.118784 -0.231271 0.0723974 -0.119338 -0.115165 0.0452752 -0.121553 
-0.0861387 0.0384947 -0.122107 -0.0588931 0.0225468 -0.103762 -0.0571123 0.0317142 -0.122661 
-0.0457239 0.0145563 -0.118154 -0.353626 0.0719843 -0.107553 -0.371264 0.061607 -0.102491 
-0.0343355 -0.00260165 -0.113646 -0.00530905 -0.0093822 -0.1142 0.0237174 -0.0161627 -0.114754 
0.0527438 -0.0229433 -0.115308 0.0641322 -0.0401012 -0.1108 -0.388902 0.0512296 -0.0974297 
-0.40654 0.0408522 -0.0923681 0.0755207 -0.0572591 -0.106293 0.0737398 -0.0664265 -0.0873931 
0.0869091 -0.074417 -0.101785 -0.424178 0.0304749 -0.0873066 -0.441816 0.0200975 -0.0822451 
0.0982975 -0.0915749 -0.0972776 0.125543 -0.107523 -0.0789319 0.127324 -0.0983555 -0.0978315 
0.138712 -0.115513 -0.0933239 -0.448066 -0.00743778 -0.072676 0.14832 -0.141839 -0.0699167 
0.150101 -0.132671 -0.0888164 0.161489 -0.149829 -0.0843088 -0.454315 -0.0349731 -0.0631069 
-0.0611147 -0.12191 -0.05647 -0.0769719 -0.12312 -0.0703081 -0.0593338 -0.112743 -0.0753696 
-0.0303074 -0.119523 -0.0759236 -0.00128099 -0.126304 -0.0764775 0.0277454 -0.133084 -0.0770315 
0.0567719 -0.139865 -0.0775854 0.0549911 -0.149032 -0.0586858 0.0857983 -0.146645 -0.0781394 
0.0840175 -0.155813 -0.0592397 0.114825 -0.153426 -0.0786933 0.143851 -0.160207 -0.0792472 
-0.442927 -0.052131 -0.0585993 -0.413901 -0.0589115 -0.0591533 -0.415681 -0.0680789 -0.0402536 
-0.402512 -0.0760694 -0.0546457 -0.154444 -0.129104 -0.0452391 -0.170301 -0.130314 -0.0590772 
-0.152663 -0.119936 -0.0641387 -0.123636 -0.126717 -0.0646927 -0.0946099 -0.133497 -0.0652466 
-0.391124 -0.0932273 -0.0501381 -0.362097 -0.100008 -0.050692 -0.333071 -0.106788 -0.051246 
-0.304044 -0.113569 -0.0517999 -0.275018 -0.120349 -0.0523539 -0.245992 -0.12713 -0.0529078 
-0.216965 -0.133911 -0.0534617 -0.187939 -0.140691 -0.0540157 -0.22949 0.0815648 -0.138237 
-0.227709 0.0907322 -0.157137 -0.245347 0.0803548 -0.152075 -0.198683 0.0839517 -0.157691 
-0.169656 0.0771711 -0.158245 -0.14063 0.0703906 -0.158799 -0.129242 0.0532327 -0.154291 
-0.321038 0.0835385 -0.145906 -0.338676 0.0731612 -0.140844 -0.292012 0.076758 -0.14646 
-0.262985 0.0699775 -0.147014 -0.117853 0.0360748 -0.149783 -0.0888267 0.0292942 -0.150337 
-0.0598003 0.0225137 -0.150891 -0.0325547 0.00656573 -0.132546 -0.0307739 0.0157331 -0.151445 
-0.0193854 -0.0014248 -0.146938 -0.356314 0.0627838 -0.135783 -0.373952 0.0524065 -0.130721 
-0.00799702 -0.0185827 -0.14243 0.0210294 -0.0253632 -0.142984 0.0500559 -0.0321438 -0.143538 
0.0773015 -0.0480917 -0.125192 0.0790823 -0.0389243 -0.144092 0.0904707 -0.0560822 -0.139584 
-0.39159 0.0420291 -0.12566 -0.409228 0.0316517 -0.120598 0.100078 -0.0824075 -0.116177 
0.101859 -0.0732402 -0.135077 0.129105 -0.0891881 -0.116731 0.130886 -0.0800207 -0.135631 
0.142274 -0.0971786 -0.131123 -0.426866 0.0212744 -0.115537 -0.444504 0.010897 -0.110475 
0.151882 -0.123504 -0.107716 0.153662 -0.114337 -0.126616 0.165051 -0.131494 -0.122108 
-0.450754 -0.0166383 -0.100906 0.0585527 -0.130698 -0.0964851 0.0426955 -0.131908 -0.110323 
0.0603335 -0.12153 -0.115385 0.0893599 -0.128311 -0.115939 0.0875791 -0.137478 -0.097039 
0.118386 -0.135091 -0.116493 0.116606 -0.144259 -0.0975929 0.147413 -0.141872 -0.117047 
0.145632 -0.151039 -0.0981469 -0.457004 -0.0441736 -0.0913371 -0.0928291 -0.12433 -0.0841462 
-0.108686 -0.12554 -0.0979843 -0.0910483 -0.115163 -0.103046 -0.0620218 -0.121943 -0.1036 
-0.0329954 -0.128724 -0.104154 -0.00396896 -0.135504 -0.104708 0.0250575 -0.142285 -0.105262 
-0.445615 -0.0613315 -0.0868295 -0.416589 -0.068112 -0.0873834 -0.387562 -0.0748926 -0.0879374 
-0.389343 -0.0840599 -0.0690377 -0.376174 -0.0920505 -0.0834298 -0.215184 -0.124743 -0.0723614 
-0.231042 -0.125953 -0.0861995 -0.213404 -0.115576 -0.091261 -0.184377 -0.122356 -0.091815 
-0.186158 -0.131524 -0.0729153 -0.155351 -0.129137 -0.0923689 -0.126324 -0.135917 -0.0929228 
-0.364785 -0.109208 -0.0789222 -0.335759 -0.115989 -0.0794761 -0.306732 -0.122769 -0.0800301 
-0.277706 -0.12955 -0.080584 -0.24868 -0.136331 -0.081138 -0.232178 0.0723643 -0.166467 
-0.203152 0.0655838 -0.167021 -0.189982 0.0575932 -0.181413 -0.172344 0.0679706 -0.186475 
-0.143318 0.0611901 -0.187029 -0.13193 0.0440321 -0.182521 -0.323726 0.074338 -0.174136 
-0.341364 0.0639607 -0.169075 -0.2947 0.0675575 -0.17469 -0.265673 0.0607769 -0.175244 
-0.236647 0.0539964 -0.175798 -0.20762 0.0472159 -0.176352 -0.120541 0.0268742 -0.178014 
-0.0915147 0.0200937 -0.178568 -0.0624883 0.0133132 -0.179122 -0.0334618 0.00653261 -0.179675 
-0.00621621 -0.00941532 -0.16133 -0.0044354 -0.000247932 -0.180229 0.0228102 -0.0161959 -0.161884 
0.024591 -0.00702848 -0.180783 0.0359794 -0.0241864 -0.176276 -0.359002 0.0535833 -0.164013 
-0.37664 0.043206 -0.158951 0.0473679 -0.0413443 -0.171768 0.0763943 -0.0481248 -0.172322 
0.10364 -0.0640728 -0.153976 0.105421 -0.0549054 -0.172876 0.116809 -0.0720633 -0.168368 
-0.394278 0.0328286 -0.15389 -0.411916 0.0224512 -0.148828 0.128198 -0.0892212 -0.163861 
0.155443 -0.105169 -0.145515 0.157224 -0.0960018 -0.164415 0.18447 -0.11195 -0.146069 
0.18625 -0.102782 -0.164969 0.197639 -0.11994 -0.160461 -0.429554 0.0120738 -0.143767 
-0.447192 0.00169648 -0.138705 0.17822 -0.139485 -0.1365 0.191389 -0.147475 -0.150892 
-0.453442 -0.0258388 -0.129136 -0.00218815 -0.126337 -0.123607 -0.0180454 -0.127547 -0.137445 
-0.000407343 -0.11717 -0.142507 0.0286191 -0.12395 -0.143061 0.0268383 -0.133118 -0.124161 
0.0576455 -0.130731 -0.143615 0.086672 -0.137511 -0.144169 0.115698 -0.144292 -0.144723 
0.144725 -0.151072 -0.145277 0.173751 -0.157853 -0.145831 -0.459691 -0.0533741 -0.119567 
-0.111374 -0.134741 -0.126215 -0.0937362 -0.124363 -0.131276 -0.0647098 -0.131144 -0.13183 
-0.0356834 -0.137924 -0.132384 -0.448303 -0.070532 -0.11506 -0.419277 -0.0773125 -0.115614 
-0.39025 -0.0840931 -0.116168 -0.361224 -0.0908736 -0.116721 -0.363005 -0.100041 -0.0978218 
-0.332197 -0.0976541 -0.117275 -0.333978 -0.106822 -0.0983758 -0.303171 -0.104435 -0.117829 
-0.304952 -0.113602 -0.0989297 -0.274144 -0.111215 -0.118383 -0.275925 -0.120383 -0.0994837 
-0.245118 -0.117996 -0.118937 -0.246899 -0.127163 -0.100038 -0.216092 -0.124776 -0.119491 
-0.187065 -0.131557 -0.120045 -0.158039 -0.138337 -0.120599 -0.129012 -0.145118 -0.121153 
-0.20584 0.0563833 -0.195251 -0.204059 0.0655506 -0.214151 -0.221697 0.0551733 -0.20909 
-0.175032 0.0587701 -0.214705 -0.146006 0.0519896 -0.215259 -0.134618 0.0348316 -0.210751 
-0.326414 0.0651375 -0.202366 -0.344052 0.0547602 -0.197305 -0.297388 0.058357 -0.20292 
-0.268361 0.0515765 -0.203474 -0.239335 0.0447959 -0.204028 -0.123229 0.0176737 -0.206244 
-0.0942027 0.0108932 -0.206798 -0.0651762 0.00411265 -0.207352 -0.0361498 -0.0026679 -0.207906 
-0.00712337 -0.00944844 -0.20846 0.0219031 -0.016229 -0.209014 0.0491487 -0.0321769 -0.190668 
0.0509295 -0.0230095 -0.209567 0.0781751 -0.0389575 -0.191222 0.0799559 -0.0297901 -0.210121 
0.107202 -0.045738 -0.191776 0.108982 -0.0365706 -0.210675 0.120371 -0.0537285 -0.206168 
-0.36169 0.0443828 -0.192243 -0.379328 0.0340054 -0.187182 0.129978 -0.0800538 -0.182761 
0.131759 -0.0708864 -0.20166 0.159005 -0.0868344 -0.183314 0.160786 -0.077667 -0.202214 
0.172174 -0.0948249 -0.197707 -0.396966 0.0236281 -0.18212 -0.414604 0.0132507 -0.177059 
0.183562 -0.111983 -0.193199 0.210808 -0.127931 -0.174853 0.212589 -0.118763 -0.193753 
0.223977 -0.135921 -0.189245 -0.432242 0.00287334 -0.171997 -0.44988 -0.00750402 -0.166936 
0.0594263 -0.121563 -0.162514 0.0435691 -0.122773 -0.176353 0.0612071 -0.112396 -0.181414 
0.0902336 -0.119176 -0.181968 0.0884528 -0.128344 -0.163068 0.11926 -0.125957 -0.182522 
0.117479 -0.135124 -0.163622 0.130648 -0.143115 -0.178014 0.188701 -0.156676 -0.179122 
0.206339 -0.146299 -0.184184 -0.45613 -0.0350393 -0.157366 -0.0339026 -0.128757 -0.151284 
-0.0497598 -0.129967 -0.165122 -0.0321218 -0.11959 -0.170183 -0.00309532 -0.12637 -0.170737 
0.0259311 -0.133151 -0.171291 0.142037 -0.160273 -0.173507 0.171063 -0.167053 -0.174061 
-0.462379 -0.0625746 -0.147797 -0.127231 -0.135951 -0.140053 -0.143089 -0.137161 -0.153891 
-0.125451 -0.126783 -0.158952 -0.0964242 -0.133564 -0.159506 -0.0673978 -0.140344 -0.16006 
-0.450991 -0.0797325 -0.14329 -0.421965 -0.086513 -0.143844 -0.392938 -0.0932936 -0.144398 
-0.363912 -0.100074 -0.144952 -0.334885 -0.106855 -0.145506 -0.305859 -0.113635 -0.14606 
-0.276832 -0.120416 -0.146613 -0.247806 -0.127196 -0.147167 -0.21878 -0.133977 -0.147721 
-0.189753 -0.140757 -0.148275 -0.160727 -0.147538 -0.148829 -0.206747 0.0563501 -0.242381 
-0.224385 0.0459728 -0.23732 -0.17772 0.0495696 -0.242935 -0.148694 0.042789 -0.243489 
-0.137305 0.0256311 -0.238982 -0.329102 0.055937 -0.230596 -0.34674 0.0455597 -0.225535 
-0.300076 0.0491565 -0.23115 -0.271049 0.0423759 -0.231704 -0.242023 0.0355954 -0.232258 
-0.125917 0.00847323 -0.234474 -0.0968906 0.00169268 -0.235028 -0.0678642 -0.00508786 -0.235582 
-0.0388378 -0.0118684 -0.236136 -0.00981135 -0.0186489 -0.23669 0.0192151 -0.0254295 -0.237244 
0.0482415 -0.03221 -0.237798 0.0772679 -0.0389906 -0.238352 0.106294 -0.0457711 -0.238906 
0.13354 -0.061719 -0.22056 0.135321 -0.0525517 -0.239459 0.146709 -0.0697096 -0.234952 
-0.364378 0.0351823 -0.220473 -0.382016 0.0248049 -0.215412 0.158098 -0.0868675 -0.230444 
0.185343 -0.102815 -0.212099 0.187124 -0.093648 -0.230998 0.21437 -0.109596 -0.212653 
0.216151 -0.100429 -0.231552 0.227539 -0.117586 -0.227045 -0.399654 0.0144276 -0.21035 
-0.417292 0.0040502 -0.205289 0.221289 -0.145122 -0.217475 -0.436711 -0.0154945 -0.181328 
-0.423542 -0.0234851 -0.19572 0.0277119 -0.123983 -0.190191 0.0118547 -0.125193 -0.204029 
0.0294927 -0.114816 -0.20909 0.0585192 -0.121596 -0.209644 0.0875456 -0.128377 -0.210198 
0.116572 -0.135157 -0.210752 0.145598 -0.141938 -0.211306 0.143818 -0.151105 -0.192406 
0.174625 -0.148719 -0.21186 0.172844 -0.157886 -0.19296 0.203651 -0.155499 -0.212414 
-0.44118 -0.0338624 -0.190658 -0.458818 -0.0442398 -0.185597 -0.065617 -0.131177 -0.17896 
-0.0814742 -0.132387 -0.192798 -0.0638361 -0.122009 -0.197859 -0.0348097 -0.12879 -0.198413 
-0.00578329 -0.135571 -0.198967 -0.447429 -0.0613977 -0.181089 -0.44921 -0.0705651 -0.162189 
-0.436041 -0.0785556 -0.176581 -0.391157 -0.0841262 -0.163297 -0.407014 -0.0853362 -0.177135 
-0.389377 -0.0749588 -0.182197 -0.36035 -0.0817393 -0.182751 -0.362131 -0.0909067 -0.163851 
-0.331324 -0.0885199 -0.183305 -0.333104 -0.0976873 -0.164405 -0.302297 -0.0953004 -0.183859 
-0.304078 -0.104468 -0.164959 -0.290909 -0.112458 -0.179351 -0.158946 -0.138371 -0.167729 
-0.174803 -0.139581 -0.181567 -0.157165 -0.129203 -0.186628 -0.128139 -0.135984 -0.187182 
-0.0991122 -0.142764 -0.187736 -0.424653 -0.0957135 -0.172074 -0.27952 -0.129616 -0.174844 
-0.250494 -0.136397 -0.175398 -0.221467 -0.143177 -0.175951 -0.192441 -0.149958 -0.176505 
-0.240242 0.0447628 -0.251158 -0.238461 0.0539302 -0.270057 -0.256099 0.0435528 -0.264996 
-0.209435 0.0471496 -0.270611 -0.180408 0.0403691 -0.271165 -0.151382 0.0335885 -0.271719 
-0.139993 0.0164306 -0.267212 -0.0951098 0.0108601 -0.253927 -0.093329 0.0200275 -0.272827 
-0.110967 0.00965008 -0.267766 -0.0660834 0.00407953 -0.254481 -0.0643026 0.0132469 -0.273381 
-0.037057 -0.00270102 -0.255035 -0.0352762 0.00646637 -0.273935 -0.00803054 -0.00948156 -0.255589 
-0.00624973 -0.000314176 -0.274489 0.0209959 -0.0162621 -0.256143 0.0227767 -0.00709472 -0.275043 
0.0500223 -0.0230426 -0.256697 0.0518031 -0.0138753 -0.275597 0.0631916 -0.0310332 -0.271089 
-0.33179 0.0467365 -0.258827 -0.349428 0.0363592 -0.253765 -0.302764 0.039956 -0.25938 
-0.273737 0.0331754 -0.259934 -0.128605 -0.000727279 -0.262704 0.07458 -0.0481911 -0.266582 
0.103606 -0.0549716 -0.267136 0.132633 -0.0617522 -0.26769 0.159878 -0.0777001 -0.249344 
0.161659 -0.0685327 -0.268244 0.188905 -0.0844806 -0.249898 0.190686 -0.0753133 -0.268797 
0.217931 -0.0912612 -0.250452 0.219712 -0.0820938 -0.269351 0.231101 -0.0992517 -0.264844 
-0.367066 0.0259818 -0.248703 -0.384704 0.0156044 -0.243642 0.224851 -0.126787 -0.255275 
-0.402342 0.00522706 -0.23858 -0.41998 -0.00515031 -0.233519 0.218601 -0.154322 -0.245706 
-0.42623 -0.0326856 -0.22395 -0.00400248 -0.126403 -0.217867 -0.0198597 -0.127613 -0.231705 
-0.00222167 -0.117236 -0.236767 0.0268048 -0.124016 -0.23732 0.0558312 -0.130797 -0.237874 
0.0848576 -0.137577 -0.238428 0.113884 -0.144358 -0.238982 0.14291 -0.151139 -0.239536 
0.171937 -0.157919 -0.24009 0.200963 -0.1647 -0.240644 -0.445649 -0.0522303 -0.199989 
-0.432479 -0.0602209 -0.214381 -0.0841621 -0.141587 -0.221028 -0.0665241 -0.13121 -0.22609 
-0.0374977 -0.137991 -0.226644 -0.421091 -0.0773788 -0.209873 -0.422872 -0.0865461 -0.190974 
-0.392064 -0.0841593 -0.210427 -0.363038 -0.0909398 -0.210981 -0.334012 -0.0977204 -0.211535 
-0.304985 -0.104501 -0.212089 -0.275959 -0.111281 -0.212643 -0.27774 -0.120449 -0.193743 
-0.26457 -0.128439 -0.208135 -0.19066 -0.14079 -0.195405 -0.206517 -0.142 -0.209243 
-0.188879 -0.131623 -0.214305 -0.159853 -0.138404 -0.214859 -0.130827 -0.145184 -0.215413 
-0.1018 -0.151965 -0.215967 -0.253182 -0.145597 -0.203628 -0.224155 -0.152378 -0.204182 
-0.241149 0.0447297 -0.298288 -0.258787 0.0343523 -0.293226 -0.212123 0.0379491 -0.298842 
-0.183096 0.0311686 -0.299396 -0.15407 0.024388 -0.299949 -0.126824 0.00844011 -0.281604 
-0.125043 0.0176075 -0.300503 -0.096017 0.0108269 -0.301057 -0.0669906 0.0040464 -0.301611 
-0.0379641 -0.00273414 -0.302165 -0.0089377 -0.00951468 -0.302719 0.0200887 -0.0162952 -0.303273 
0.0491152 -0.0230758 -0.303827 0.0763608 -0.0390237 -0.285481 0.0781416 -0.0298563 -0.304381 
0.105387 -0.0458042 -0.286035 0.107168 -0.0366369 -0.304935 0.134414 -0.0525848 -0.286589 
0.136194 -0.0434174 -0.305489 0.16344 -0.0593653 -0.287143 0.165221 -0.0501979 -0.306043 
0.192466 -0.0661459 -0.287697 0.194247 -0.0569785 -0.306597 0.221493 -0.0729264 -0.288251 
0.223274 -0.063759 -0.307151 0.234662 -0.0809169 -0.302643 -0.334478 0.037536 -0.287057 
-0.352116 0.0271586 -0.281995 -0.305452 0.0307555 -0.287611 -0.276425 0.0239749 -0.288165 
0.24427 -0.107242 -0.279236 0.246051 -0.0980749 -0.298136 0.257439 -0.115233 -0.293628 
-0.369754 0.0167813 -0.276934 -0.387392 0.00640392 -0.271872 0.23802 -0.134778 -0.269667 
0.251189 -0.142768 -0.284059 -0.40503 -0.00397345 -0.266811 -0.422668 -0.0143508 -0.261749 
0.057612 -0.12163 -0.256774 0.0417548 -0.12284 -0.270612 0.0593928 -0.112462 -0.275674 
0.0884192 -0.119243 -0.276228 0.0866384 -0.12841 -0.257328 0.117446 -0.126023 -0.276782 
0.115665 -0.135191 -0.257882 0.146472 -0.132804 -0.277336 0.144691 -0.141971 -0.258436 
0.175499 -0.139584 -0.277889 0.173718 -0.148752 -0.25899 0.204525 -0.146365 -0.278443 
0.202744 -0.155532 -0.259544 0.233551 -0.153145 -0.278997 -0.428918 -0.0418861 -0.25218 
-0.0357169 -0.128823 -0.245543 -0.0515741 -0.130033 -0.259381 -0.0339361 -0.119656 -0.264443 
-0.00490964 -0.126436 -0.264997 0.0241168 -0.133217 -0.265551 -0.435167 -0.0694214 -0.242611 
-0.100019 -0.142797 -0.234866 -0.115877 -0.144007 -0.248704 -0.0982385 -0.13363 -0.253766 
-0.0692121 -0.140411 -0.25432 -0.423779 -0.0865793 -0.238103 -0.394752 -0.0933598 -0.238657 
-0.365726 -0.10014 -0.239211 -0.3367 -0.106921 -0.239765 -0.307673 -0.113701 -0.240319 
-0.278647 -0.120482 -0.240873 -0.24962 -0.127263 -0.241427 -0.251401 -0.13643 -0.222527 
-0.220594 -0.134043 -0.241981 -0.222375 -0.14321 -0.223081 -0.191567 -0.140824 -0.242535 
-0.162541 -0.147604 -0.243089 -0.133515 -0.154385 -0.243643 -0.0652098 0.0132138 -0.320511 
-0.0634289 0.0223812 -0.339411 -0.081067 0.0120038 -0.334349 -0.0361833 0.00643324 -0.321065 
-0.0344025 0.0156006 -0.339964 -0.00715689 -0.000347298 -0.321619 -0.00537608 0.00882009 -0.340518 
0.00601234 -0.00833782 -0.336011 -0.303671 0.0399229 -0.30651 -0.30189 0.0490902 -0.32541 
-0.319528 0.0387129 -0.320348 -0.274644 0.0331423 -0.307064 -0.272864 0.0423097 -0.325964 
-0.243837 0.0355292 -0.326518 -0.214811 0.0287486 -0.327072 -0.185784 0.0219681 -0.327626 
-0.156758 0.0151875 -0.32818 -0.127731 0.00840698 -0.328734 -0.098705 0.00162644 -0.329287 
0.0174008 -0.0254957 -0.331503 0.0464272 -0.0322763 -0.332057 0.0754536 -0.0390568 -0.332611 
0.10448 -0.0458374 -0.333165 0.133506 -0.0526179 -0.333719 0.162533 -0.0593984 -0.334273 
0.191559 -0.066179 -0.334827 0.220586 -0.0729595 -0.335381 0.247831 -0.0889075 -0.317035 
0.249612 -0.0797401 -0.335935 0.261001 -0.096898 -0.331427 -0.337166 0.0283355 -0.315287 
-0.354804 0.0179581 -0.310225 0.254751 -0.124433 -0.321858 -0.372442 0.00758078 -0.305164 
-0.39008 -0.00279659 -0.300102 0.248501 -0.151969 -0.312289 -0.407718 -0.013174 -0.295041 
-0.425356 -0.0235513 -0.289979 -0.00312883 -0.117269 -0.283896 -0.018986 -0.118479 -0.297734 
-0.00134802 -0.108102 -0.302796 0.0276784 -0.114882 -0.30335 0.0258976 -0.124049 -0.28445 
0.0567048 -0.121663 -0.303904 0.0857313 -0.128443 -0.304458 0.114758 -0.135224 -0.305012 
0.143784 -0.142004 -0.305566 0.172811 -0.148785 -0.30612 0.201837 -0.155565 -0.306674 
0.230863 -0.162346 -0.307227 -0.431606 -0.0510866 -0.28041 -0.0674313 -0.131243 -0.273219 
-0.0832885 -0.132453 -0.287057 -0.0656505 -0.122076 -0.292119 -0.0366241 -0.128856 -0.292673 
-0.420217 -0.0682445 -0.275903 -0.421998 -0.0774119 -0.257003 -0.391191 -0.075025 -0.276457 
-0.392972 -0.0841924 -0.257557 -0.362164 -0.0818056 -0.27701 -0.363945 -0.090973 -0.258111 
-0.350776 -0.0989635 -0.272503 -0.131734 -0.145217 -0.262542 -0.147591 -0.146427 -0.27638 
-0.129953 -0.13605 -0.281442 -0.100927 -0.14283 -0.281996 -0.339388 -0.116121 -0.267995 
-0.310361 -0.122902 -0.268549 -0.281335 -0.129682 -0.269103 -0.252308 -0.136463 -0.269657 
-0.223282 -0.143244 -0.270211 -0.194255 -0.150024 -0.270765 -0.165229 -0.156805 -0.271319 
-0.242056 0.0446965 -0.345417 -0.240276 0.0538639 -0.364317 -0.257914 0.0434866 -0.359255 
-0.21303 0.037916 -0.345971 -0.211249 0.0470834 -0.364871 -0.184003 0.0311355 -0.346525 
-0.182223 0.0403028 -0.365425 -0.154977 0.0243549 -0.347079 -0.153196 0.0335223 -0.365979 
-0.125951 0.0175744 -0.347633 -0.12417 0.0267418 -0.366533 -0.0969242 0.0107938 -0.348187 
-0.0951434 0.0199612 -0.367087 -0.0661169 0.0131807 -0.367641 -0.0370905 0.00640013 -0.368195 
-0.00806405 -0.000380415 -0.368749 0.0191816 -0.0163283 -0.350403 0.0209624 -0.00716096 -0.369302 
0.048208 -0.0231089 -0.350957 0.0499888 -0.0139415 -0.369856 0.0772344 -0.0298894 -0.351511 
0.0790152 -0.020722 -0.37041 0.0904037 -0.03788 -0.365903 -0.304578 0.0398897 -0.35364 
-0.322216 0.0295124 -0.348578 -0.275552 0.0331092 -0.354194 0.101792 -0.0550379 -0.361395 
0.130819 -0.0618184 -0.361949 0.159845 -0.0685989 -0.362503 0.188871 -0.0753795 -0.363057 
0.217898 -0.08216 -0.363611 0.246924 -0.0889406 -0.364165 0.27417 -0.104889 -0.345819 
0.275951 -0.0957211 -0.364719 0.287339 -0.112879 -0.360211 -0.341635 0.00996763 -0.324617 
-0.328466 0.0019771 -0.339009 0.26792 -0.132424 -0.33625 0.281089 -0.140414 -0.350642 
-0.376911 -0.0107871 -0.314494 -0.363742 -0.0187776 -0.328886 -0.346104 -0.00840027 -0.333948 
0.0875121 -0.119276 -0.323357 0.0716549 -0.120486 -0.337195 0.0892929 -0.110108 -0.342257 
0.118319 -0.116889 -0.342811 0.116539 -0.126056 -0.323911 0.147346 -0.123669 -0.343365 
0.145565 -0.132837 -0.324465 0.176372 -0.13045 -0.343919 0.174591 -0.139617 -0.325019 
0.205399 -0.137231 -0.344473 0.203618 -0.146398 -0.325573 0.234425 -0.144011 -0.345027 
0.232644 -0.153179 -0.326127 0.263451 -0.150792 -0.345581 -0.412187 -0.0315418 -0.304371 
-0.399018 -0.0395324 -0.318763 -0.38138 -0.029155 -0.323825 -0.021674 -0.127679 -0.325965 
-0.004036 -0.117302 -0.331026 0.0249904 -0.124083 -0.33158 0.0540169 -0.130863 -0.332134 
-0.418436 -0.0590771 -0.294802 -0.405267 -0.0670676 -0.309194 -0.0859765 -0.141654 -0.315288 
-0.0683385 -0.131276 -0.320349 -0.039312 -0.138057 -0.320903 -0.393879 -0.0842255 -0.304687 
-0.364852 -0.0910061 -0.305241 -0.335826 -0.0977866 -0.305795 -0.337607 -0.106954 -0.286895 
-0.306799 -0.104567 -0.306348 -0.30858 -0.113735 -0.287449 -0.295411 -0.121725 -0.301841 
-0.163448 -0.147637 -0.290219 -0.179305 -0.148847 -0.304057 -0.161667 -0.13847 -0.309118 
-0.132641 -0.14525 -0.309672 -0.103614 -0.152031 -0.310226 -0.284023 -0.138883 -0.297333 
-0.254996 -0.145664 -0.297887 -0.22597 -0.152444 -0.298441 -0.196943 -0.159225 -0.298995 
-0.180442 0.0494702 -0.384325 -0.178661 0.0586376 -0.403224 -0.196299 0.0482602 -0.398163 
-0.151415 0.0426897 -0.384878 -0.149635 0.0518571 -0.403778 -0.122389 0.0359091 -0.385432 
-0.120608 0.0450765 -0.404332 -0.0933625 0.0291286 -0.385986 -0.0915817 0.038296 -0.404886 
-0.0643361 0.0223481 -0.38654 -0.0625553 0.0315154 -0.40544 -0.0353097 0.0155675 -0.387094 
-0.0335289 0.0247349 -0.405994 -0.00628324 0.00878697 -0.387648 -0.00450243 0.0179544 -0.406548 
0.0227432 0.00200643 -0.388202 0.024524 0.0111738 -0.407102 0.0517696 -0.00477411 -0.388756 
0.0535504 0.00439327 -0.407656 0.0649388 -0.0127646 -0.403148 -0.244744 0.035496 -0.373648 
-0.231575 0.0275055 -0.38804 -0.213937 0.0378829 -0.393101 0.0763273 -0.0299226 -0.398641 
0.103573 -0.0458705 -0.380295 0.105354 -0.0367031 -0.399194 0.132599 -0.052651 -0.380849 
0.13438 -0.0434836 -0.399748 0.161626 -0.0594316 -0.381403 0.163407 -0.0502642 -0.400302 
0.190652 -0.0662121 -0.381957 0.192433 -0.0570447 -0.400856 0.219679 -0.0729927 -0.382511 
0.221459 -0.0638253 -0.40141 0.248705 -0.0797732 -0.383065 0.250486 -0.0706058 -0.401964 
0.277731 -0.0865537 -0.383619 0.279512 -0.0773864 -0.402518 0.306758 -0.0933343 -0.384172 
0.308539 -0.0841669 -0.403072 0.319927 -0.101325 -0.398564 -0.309047 0.0215219 -0.362971 
-0.28002 0.0147413 -0.363525 -0.266851 0.00675079 -0.377917 -0.249213 0.0171282 -0.382978 
0.300508 -0.12087 -0.374603 0.313678 -0.12886 -0.388995 -0.315296 -0.00601342 -0.353401 
-0.302127 -0.0140039 -0.367794 -0.284489 -0.00362658 -0.372855 0.278402 -0.149615 -0.378872 
0.29604 -0.139237 -0.383934 -0.350572 -0.0267682 -0.343278 -0.337403 -0.0347587 -0.35767 
-0.319765 -0.0243813 -0.362732 0.0267713 -0.114915 -0.35048 0.010914 -0.116125 -0.364318 
0.0285521 -0.105748 -0.369379 0.0575785 -0.112528 -0.369933 0.0557977 -0.121696 -0.351034 
0.0866049 -0.119309 -0.370487 0.115631 -0.126089 -0.371041 0.144658 -0.13287 -0.371595 
0.173684 -0.139651 -0.372149 0.202711 -0.146431 -0.372703 0.231737 -0.153212 -0.373257 
0.260764 -0.159992 -0.373811 -0.385848 -0.0475229 -0.333155 -0.372679 -0.0555134 -0.347547 
-0.355041 -0.045136 -0.352609 -0.0375312 -0.128889 -0.339803 -0.0533884 -0.130099 -0.353641 
-0.0357504 -0.119722 -0.358702 -0.00672397 -0.126503 -0.359256 -0.392098 -0.0750582 -0.323586 
-0.378929 -0.0830487 -0.337978 -0.101834 -0.142864 -0.329126 -0.117691 -0.144074 -0.342964 
-0.100053 -0.133696 -0.348025 -0.0710264 -0.140477 -0.348579 -0.36754 -0.100207 -0.333471 
-0.338514 -0.106987 -0.334025 -0.309487 -0.113768 -0.334579 -0.280461 -0.120548 -0.335133 
-0.282242 -0.129716 -0.316233 -0.251435 -0.127329 -0.335686 -0.253215 -0.136496 -0.316787 
-0.222408 -0.134109 -0.33624 -0.224189 -0.143277 -0.317341 -0.193382 -0.14089 -0.336794 
-0.195163 -0.150057 -0.317895 -0.164355 -0.14767 -0.337348 -0.135329 -0.154451 -0.337902 
-0.0607745 0.0406828 -0.42434 -0.0589937 0.0498502 -0.443239 -0.0766317 0.0394728 -0.438178 
-0.0317481 0.0339023 -0.424894 -0.0299672 0.0430697 -0.443793 -0.00272162 0.0271217 -0.425447 
-0.000940815 0.0362891 -0.444347 0.0263048 0.0203412 -0.426001 0.0280856 0.0295086 -0.444901 
0.0553312 0.0135607 -0.426555 0.0571121 0.022728 -0.445455 0.0685005 0.00557013 -0.440947 
-0.181349 0.0494371 -0.431454 -0.198987 0.0390597 -0.426393 -0.152323 0.0426566 -0.432008 
-0.123296 0.035876 -0.432562 -0.0942697 0.0290955 -0.433116 0.0781081 -0.0207552 -0.41754 
0.0798889 -0.0115878 -0.43644 0.107135 -0.0275357 -0.418094 0.108915 -0.0183683 -0.436994 
0.136161 -0.0343163 -0.418648 0.137942 -0.0251489 -0.437548 0.165187 -0.0410968 -0.419202 
0.166968 -0.0319294 -0.438102 0.194214 -0.0478773 -0.419756 0.195995 -0.03871 -0.438656 
0.22324 -0.0546579 -0.42031 0.225021 -0.0454905 -0.43921 0.252267 -0.0614384 -0.420864 
0.254048 -0.052271 -0.439763 0.281293 -0.068219 -0.421418 0.283074 -0.0590516 -0.440317 
0.31032 -0.0749995 -0.421972 0.3121 -0.0658321 -0.440871 0.339346 -0.0817801 -0.422526 
0.341127 -0.0726127 -0.441425 0.352515 -0.0897706 -0.436918 -0.216625 0.0286824 -0.421331 
-0.234263 0.018305 -0.41627 0.334877 -0.100148 -0.431856 0.317239 -0.110525 -0.426795 
-0.251901 0.00792764 -0.411208 -0.269539 -0.00244972 -0.406147 0.31099 -0.138061 -0.417226 
-0.288958 -0.0219945 -0.382186 -0.275789 -0.029985 -0.396578 0.117412 -0.116922 -0.389941 
0.101555 -0.118132 -0.403779 0.119193 -0.107755 -0.40884 0.148219 -0.114535 -0.409394 
0.146439 -0.123703 -0.390495 0.177246 -0.121316 -0.409948 0.175465 -0.130483 -0.391049 
0.206272 -0.128096 -0.410502 0.204491 -0.137264 -0.391603 0.235299 -0.134877 -0.411056 
0.233518 -0.144044 -0.392157 0.264325 -0.141657 -0.41161 0.262544 -0.150825 -0.39271 
0.293352 -0.148438 -0.412164 -0.324234 -0.0427492 -0.372063 -0.311065 -0.0507397 -0.386455 
-0.293427 -0.0403624 -0.391516 -0.00494316 -0.117335 -0.378156 -0.0208004 -0.118545 -0.391994 
-0.00316235 -0.108168 -0.397056 0.0258641 -0.114948 -0.397609 0.0548905 -0.121729 -0.398163 
0.0839169 -0.128509 -0.398717 -0.35951 -0.0635039 -0.361939 -0.346341 -0.0714945 -0.376332 
-0.328703 -0.0611171 -0.381393 -0.0692456 -0.131309 -0.367479 -0.0851028 -0.132519 -0.381317 
-0.0674648 -0.122142 -0.386379 -0.0384384 -0.128923 -0.386932 -0.363979 -0.0818718 -0.37127 
-0.381617 -0.0922492 -0.366209 -0.133548 -0.145284 -0.356802 -0.149405 -0.146494 -0.37064 
-0.131767 -0.136116 -0.375702 -0.102741 -0.142897 -0.376256 -0.370228 -0.109407 -0.361701 
-0.341202 -0.116188 -0.362255 -0.312175 -0.122968 -0.362809 -0.283149 -0.129749 -0.363363 
-0.254123 -0.136529 -0.363917 -0.225096 -0.14331 -0.364471 -0.19607 -0.15009 -0.365025 
-0.167043 -0.156871 -0.365579 0.036116 0.0662112 -0.47337 0.0378968 0.0753786 -0.492269 
0.0202588 0.0650013 -0.487208 0.0492853 0.0582207 -0.487762 -0.0281864 0.0522371 -0.462693 
-0.0264056 0.0614044 -0.481592 -0.0440436 0.0510271 -0.476531 0.000839996 0.0454565 -0.463247 
0.00262081 0.0546239 -0.482146 0.0298664 0.038676 -0.463801 0.0606737 0.0410628 -0.483254 
0.0588929 0.0318954 -0.464355 0.0879193 0.0251149 -0.464909 0.0897001 0.0342823 -0.483808 
0.116946 0.0183343 -0.465462 0.118727 0.0275017 -0.484362 0.145972 0.0115538 -0.466016 
0.147753 0.0207212 -0.484916 0.174999 0.00477325 -0.46657 0.176779 0.0139406 -0.48547 
0.204025 -0.00200729 -0.467124 0.205806 0.00716009 -0.486024 0.233051 -0.00878784 -0.467678 
0.234832 0.000379549 -0.486578 0.246221 -0.0167784 -0.48207 0.349157 -0.03591 -0.469894 
0.350938 -0.0267426 -0.488794 0.3333 -0.03712 -0.483732 0.362326 -0.0439005 -0.484286 
-0.150542 0.051824 -0.450908 -0.148761 0.0609913 -0.469807 -0.166399 0.050614 -0.464746 
-0.121515 0.0450434 -0.451462 -0.119735 0.0542108 -0.470361 -0.0924889 0.0382629 -0.452016 
-0.0907081 0.0474303 -0.470915 -0.0616816 0.0406497 -0.471469 0.0816697 -0.0024204 -0.455339 
0.110696 -0.00920094 -0.455893 0.139723 -0.0159815 -0.456447 0.168749 -0.022762 -0.457001 
0.197775 -0.0295426 -0.457555 0.226802 -0.0363231 -0.458109 0.257609 -0.0339363 -0.477563 
0.255828 -0.0431037 -0.458663 0.284855 -0.0498842 -0.459217 0.286636 -0.0407168 -0.478117 
0.313881 -0.0566647 -0.459771 0.315662 -0.0474974 -0.478671 0.342908 -0.0634453 -0.460325 
0.356077 -0.0714358 -0.474717 -0.184037 0.0402366 -0.459684 -0.201675 0.0298592 -0.454623 
0.349827 -0.0989711 -0.465148 -0.219313 0.0194819 -0.449561 -0.236951 0.00910451 -0.4445 
0.330408 -0.118516 -0.441187 0.343578 -0.126506 -0.455579 -0.25637 -0.0104402 -0.420539 
-0.243201 -0.0184308 -0.434931 0.179027 -0.112148 -0.428848 0.163169 -0.113358 -0.442686 
0.180807 -0.102981 -0.447748 0.209834 -0.109762 -0.448301 0.208053 -0.118929 -0.429402 
0.23886 -0.116542 -0.448855 0.23708 -0.125709 -0.429956 0.267887 -0.123323 -0.449409 
0.266106 -0.13249 -0.43051 0.279275 -0.140481 -0.444902 0.308302 -0.147261 -0.445456 
0.32594 -0.136884 -0.450517 -0.260839 -0.0288081 -0.429869 -0.278477 -0.0391855 -0.424808 
0.0566713 -0.112562 -0.417063 0.0408141 -0.113771 -0.430901 0.0584521 -0.103394 -0.435963 
0.0874786 -0.110175 -0.436517 0.0856978 -0.119342 -0.417617 0.116505 -0.116955 -0.437071 
0.145531 -0.123736 -0.437624 0.290664 -0.157638 -0.440394 -0.296115 -0.0495629 -0.419746 
-0.313753 -0.0599402 -0.414685 -0.0366576 -0.119755 -0.405832 -0.0525148 -0.120965 -0.41967 
-0.0348768 -0.110588 -0.424732 -0.00585032 -0.117368 -0.425286 0.0231761 -0.124149 -0.42584 
-0.333171 -0.079485 -0.390724 -0.320002 -0.0874755 -0.405116 -0.0877908 -0.14172 -0.409547 
-0.0701528 -0.131342 -0.414609 -0.368448 -0.10024 -0.380601 -0.339421 -0.10702 -0.381154 
-0.308614 -0.104633 -0.400608 -0.310395 -0.113801 -0.381708 -0.279587 -0.111414 -0.401162 
-0.281368 -0.120581 -0.382262 -0.250561 -0.118195 -0.401716 -0.252342 -0.127362 -0.382816 
-0.221535 -0.124975 -0.40227 -0.223315 -0.134142 -0.38337 -0.192508 -0.131756 -0.402824 
-0.194289 -0.140923 -0.383924 -0.163482 -0.138536 -0.403378 -0.165262 -0.147704 -0.384478 
-0.134455 -0.145317 -0.403932 -0.105429 -0.152097 -0.404486 0.10398 0.0985202 -0.521846 
0.105761 0.107688 -0.540746 0.0881229 0.0973102 -0.535684 0.133007 0.0917397 -0.5224 
0.134787 0.100907 -0.5413 0.162033 0.0849591 -0.522954 0.163814 0.0941265 -0.541853 
0.191059 0.0781786 -0.523508 0.19284 0.087346 -0.542407 0.220086 0.071398 -0.524062 
0.221867 0.0805654 -0.542961 0.249112 0.0646175 -0.524616 0.250893 0.0737849 -0.543515 
0.262281 0.056627 -0.539008 0.0396776 0.084546 -0.511169 0.0414584 0.0937134 -0.530069 
0.0238204 0.083336 -0.525007 0.0687041 0.0777655 -0.511723 0.0704849 0.0869329 -0.530623 
0.0977305 0.0709849 -0.512277 0.126757 0.0642044 -0.512831 0.155783 0.0574238 -0.513385 
0.18481 0.0506433 -0.513939 0.213836 0.0438628 -0.514493 0.242863 0.0370822 -0.515047 
0.27367 0.039469 -0.5345 0.271889 0.0303017 -0.515601 0.300916 0.0235211 -0.516154 
0.302696 0.0326885 -0.535054 0.314085 0.0155306 -0.530546 -0.0246248 0.0705718 -0.500492 
-0.022844 0.0797392 -0.519392 -0.040482 0.0693618 -0.51433 0.00440162 0.0637913 -0.501046 
0.00618243 0.0729587 -0.519946 0.0624545 0.0502302 -0.502154 0.0914809 0.0434496 -0.502708 
0.120507 0.0366691 -0.503262 0.149534 0.0298886 -0.503816 0.17856 0.023108 -0.50437 
0.207587 0.0163275 -0.504924 0.236613 0.00954693 -0.505477 0.26564 0.00276639 -0.506031 
0.294666 -0.00401415 -0.506585 0.325473 -0.00162731 -0.526039 0.323692 -0.0107947 -0.507139 
0.352719 -0.0175752 -0.507693 0.3545 -0.00840786 -0.526593 0.381745 -0.0243558 -0.508247 
0.383526 -0.0151884 -0.527147 0.394914 -0.0323463 -0.522639 -0.117954 0.0633782 -0.489261 
-0.116173 0.0725456 -0.508161 -0.133811 0.0621682 -0.503099 -0.0889273 0.0565976 -0.489815 
-0.0871465 0.065765 -0.508715 -0.0599008 0.0498171 -0.490369 -0.05812 0.0589845 -0.509269 
0.25939 -0.0247689 -0.496462 0.288416 -0.0315494 -0.497016 0.317443 -0.03833 -0.49757 
0.375496 -0.0518911 -0.498678 0.388665 -0.0598816 -0.51307 -0.151449 0.0517908 -0.498038 
-0.169087 0.0414135 -0.492976 0.369246 -0.0794263 -0.489109 0.382415 -0.0874169 -0.503501 
-0.186725 0.0310361 -0.487915 -0.204363 0.0206587 -0.482853 0.362996 -0.106962 -0.47954 
0.376166 -0.114952 -0.493932 -0.222001 0.0102814 -0.477792 -0.239639 -9.60013e-05 -0.47273 
0.34089 -0.135707 -0.483809 0.358528 -0.125329 -0.48887 -0.245889 -0.0276313 -0.463161 
0.0892594 -0.101007 -0.455416 0.0734022 -0.102217 -0.469254 0.0910402 -0.0918399 -0.474316 
0.120067 -0.0986204 -0.47487 0.118286 -0.107788 -0.45597 0.149093 -0.105401 -0.475424 
0.147312 -0.114568 -0.456524 0.178119 -0.112182 -0.475978 0.207146 -0.118962 -0.476532 
0.236172 -0.125743 -0.477086 0.265199 -0.132523 -0.47764 0.294225 -0.139304 -0.478193 
0.292444 -0.148471 -0.459294 0.323252 -0.146084 -0.478747 -0.265307 -0.047176 -0.4392 
-0.252138 -0.0551666 -0.453592 0.0249569 -0.114981 -0.444739 0.00909972 -0.116191 -0.458577 
0.0267377 -0.105814 -0.463639 0.0557642 -0.112595 -0.464193 -0.300583 -0.0679308 -0.429077 
-0.287414 -0.0759213 -0.443469 -0.269776 -0.0655439 -0.44853 -0.0552027 -0.130166 -0.4479 
-0.0375647 -0.119788 -0.452962 -0.0085383 -0.126569 -0.453516 -0.305052 -0.0862987 -0.438407 
-0.32269 -0.096676 -0.433346 -0.103648 -0.14293 -0.423385 -0.119505 -0.14414 -0.437223 
-0.101867 -0.133762 -0.442285 -0.0728408 -0.140543 -0.442839 -0.311302 -0.113834 -0.428838 
-0.282275 -0.120614 -0.429392 -0.253249 -0.127395 -0.429946 -0.224223 -0.134176 -0.4305 
-0.195196 -0.140956 -0.431054 -0.16617 -0.147737 -0.431608 -0.137143 -0.154517 -0.432162 
0.107542 0.116855 -0.559645 0.109323 0.126022 -0.578545 0.0916845 0.115645 -0.573483 
0.136568 0.110074 -0.560199 0.138349 0.119242 -0.579099 0.165595 0.103294 -0.560753 
0.167375 0.112461 -0.579653 0.194621 0.0965133 -0.561307 0.196402 0.105681 -0.580207 
0.223647 0.0897328 -0.561861 0.225428 0.0989002 -0.580761 0.252674 0.0829522 -0.562415 
0.254455 0.0921196 -0.581315 0.2817 0.0761717 -0.562969 0.283481 0.0853391 -0.581868 
0.310727 0.0693912 -0.563523 0.312508 0.0785585 -0.582422 0.339753 0.0626106 -0.564077 
0.341534 0.071778 -0.582976 0.36878 0.0558301 -0.564631 0.37056 0.0649974 -0.58353 
0.397806 0.0490495 -0.565185 0.399587 0.0582169 -0.584084 0.426832 0.042269 -0.565739 
0.428613 0.0514364 -0.584638 0.440002 0.0342784 -0.580131 0.0722657 0.0961002 -0.549522 
0.0740465 0.105268 -0.568422 0.0564085 0.0948902 -0.56336 0.275451 0.0486364 -0.5534 
0.304477 0.0418559 -0.553954 0.333504 0.0350753 -0.554508 0.36253 0.0282948 -0.555062 
0.391556 0.0215143 -0.555616 0.420583 0.0147337 -0.55617 0.433752 0.00674319 -0.570562 
0.00796324 0.082126 -0.538845 0.00974405 0.0912934 -0.557745 -0.00789397 0.0809161 -0.552683 
0.0387705 0.0845129 -0.558299 0.327254 0.00754008 -0.544939 0.35628 0.00075953 -0.545493 
0.385307 -0.00602101 -0.546046 0.414333 -0.0128016 -0.5466 0.427503 -0.0207921 -0.560992 
-0.0853657 0.0749324 -0.527614 -0.0835848 0.0840998 -0.546514 -0.101223 0.0737224 -0.541452 
-0.0563392 0.0681519 -0.528168 -0.0545584 0.0773192 -0.547068 -0.025532 0.0705387 -0.547622 
0.408084 -0.0403368 -0.537031 0.421253 -0.0483274 -0.551423 -0.118861 0.0633451 -0.536391 
-0.136499 0.0529677 -0.531329 0.401834 -0.0678721 -0.527462 0.415003 -0.0758626 -0.541854 
-0.154137 0.0425903 -0.526268 -0.171775 0.032213 -0.521206 0.379727 -0.0966174 -0.531731 
0.397365 -0.08624 -0.536793 -0.189413 0.0218356 -0.516145 -0.207051 0.0114582 -0.511083 
0.273229 -0.0958205 -0.506108 0.257372 -0.0970305 -0.519946 0.27501 -0.0866531 -0.525008 
0.304036 -0.0934336 -0.525562 0.302256 -0.102601 -0.506662 0.315425 -0.110592 -0.521054 
0.373478 -0.124153 -0.522162 -0.22647 -0.00808653 -0.487122 -0.213301 -0.0160771 -0.501514 
0.150874 -0.0962336 -0.494323 0.135017 -0.0974436 -0.508161 0.152655 -0.0870662 -0.513223 
0.181681 -0.0938468 -0.513777 0.1799 -0.103014 -0.494877 0.210708 -0.100627 -0.514331 
0.208927 -0.109795 -0.495431 0.239734 -0.107408 -0.514885 0.237953 -0.116575 -0.495985 
0.26698 -0.123356 -0.496539 0.296006 -0.130136 -0.497093 0.326813 -0.127749 -0.516547 
0.325032 -0.136917 -0.497647 0.35584 -0.13453 -0.517101 -0.232719 -0.0356218 -0.477553 
-0.21955 -0.0436123 -0.491945 0.057545 -0.103427 -0.483092 0.0416878 -0.104637 -0.496931 
0.0593258 -0.0942599 -0.501992 0.0883522 -0.10104 -0.502546 0.117379 -0.107821 -0.5031 
-0.237188 -0.0539897 -0.486884 -0.254826 -0.0643671 -0.481822 -0.00675749 -0.117401 -0.472415 
-0.0226147 -0.118611 -0.486254 -0.00497668 -0.108234 -0.491315 0.0240498 -0.115015 -0.491869 
-0.272464 -0.0747444 -0.476761 -0.290102 -0.0851218 -0.471699 -0.0710599 -0.131376 -0.461739 
-0.0869171 -0.132586 -0.475577 -0.0692791 -0.122208 -0.480638 -0.0402527 -0.128989 -0.481192 
-0.309521 -0.104667 -0.447738 -0.278714 -0.10228 -0.467191 -0.280495 -0.111447 -0.448292 
-0.249687 -0.10906 -0.467745 -0.251468 -0.118228 -0.448846 -0.220661 -0.115841 -0.468299 
-0.222442 -0.125008 -0.4494 -0.191634 -0.122621 -0.468853 -0.193415 -0.131789 -0.449954 
-0.162608 -0.129402 -0.469407 -0.164389 -0.138569 -0.450508 -0.133582 -0.136182 -0.469961 
-0.135362 -0.14535 -0.451061 -0.104555 -0.142963 -0.470515 0.0758273 0.114435 -0.587321 
0.0776081 0.123602 -0.606221 0.0599701 0.113225 -0.60116 0.106635 0.116822 -0.606775 
0.135661 0.110041 -0.607329 0.164687 0.103261 -0.607883 0.193714 0.0964802 -0.608437 
0.22274 0.0896996 -0.608991 0.251767 0.0829191 -0.609545 0.280793 0.0761386 -0.610099 
0.30982 0.069358 -0.610653 0.338846 0.0625775 -0.611207 0.367872 0.0557969 -0.61176 
0.396899 0.0490164 -0.612314 0.425925 0.0422359 -0.612868 0.453171 0.0262879 -0.594523 
0.454952 0.0354553 -0.613422 0.46634 0.0182974 -0.608915 0.0115249 0.100461 -0.576644 
0.0133057 0.109628 -0.595544 -0.00433235 0.0992508 -0.590483 0.0405513 0.0936803 -0.577198 
0.0423321 0.102848 -0.596098 0.431064 -0.00245731 -0.598792 0.448702 0.00792005 -0.603853 
-0.0527776 0.0864866 -0.565968 -0.0509968 0.095654 -0.584867 -0.0686348 0.0852766 -0.579806 
-0.0237512 0.0797061 -0.566521 -0.0219704 0.0888735 -0.585421 0.424815 -0.0299926 -0.589223 
-0.0862728 0.0748993 -0.574744 -0.103911 0.0645219 -0.569683 0.418565 -0.0575279 -0.579654 
-0.121549 0.0541446 -0.564621 -0.139187 0.0437672 -0.55956 0.412315 -0.0850631 -0.570084 
-0.156825 0.0333898 -0.554498 -0.174463 0.0230125 -0.549436 0.247764 -0.0707052 -0.543354 
0.231907 -0.0719152 -0.557192 0.249545 -0.0615378 -0.562253 0.278572 -0.0683183 -0.562807 
0.276791 -0.0774857 -0.543907 0.307598 -0.0750989 -0.563361 0.305817 -0.0842663 -0.544461 
0.336624 -0.0818794 -0.563915 0.334844 -0.0910468 -0.545015 0.365651 -0.08866 -0.564469 
0.36387 -0.0978273 -0.545569 0.394677 -0.0954405 -0.565023 -0.193882 0.0034677 -0.525475 
-0.180712 -0.00452282 -0.539867 0.183462 -0.0846794 -0.532677 0.167605 -0.0858893 -0.546515 
0.185243 -0.075512 -0.551576 0.214269 -0.0822925 -0.55213 0.212488 -0.0914599 -0.533231 
0.241515 -0.0982405 -0.533784 0.328594 -0.118582 -0.535446 0.35762 -0.125363 -0.536 
-0.198351 -0.0149002 -0.534806 -0.215988 -0.0252776 -0.529744 0.090133 -0.091873 -0.521446 
0.0742758 -0.093083 -0.535284 0.0919138 -0.0827056 -0.540345 0.12094 -0.0894862 -0.540899 
0.119159 -0.0986536 -0.522 0.149967 -0.0962667 -0.541453 -0.222238 -0.0528128 -0.520175 
0.0258306 -0.105847 -0.510769 0.00997336 -0.107057 -0.524607 0.0276114 -0.0966798 -0.529668 
0.0566378 -0.10346 -0.530222 -0.241657 -0.0723576 -0.496214 -0.228488 -0.0803481 -0.510606 
-0.0384719 -0.119821 -0.500092 -0.0543291 -0.121031 -0.51393 -0.0366911 -0.110654 -0.518991 
-0.00766465 -0.117435 -0.519545 -0.276933 -0.0931123 -0.486091 -0.263764 -0.101103 -0.500483 
-0.246126 -0.0907255 -0.505545 -0.102774 -0.133796 -0.489415 -0.118632 -0.135006 -0.503253 
-0.100994 -0.124628 -0.508314 -0.0719671 -0.131409 -0.508868 -0.252375 -0.118261 -0.495976 
-0.223349 -0.125041 -0.496529 -0.194322 -0.131822 -0.497083 -0.165296 -0.138602 -0.497637 
-0.13627 -0.145383 -0.498191 0.0503625 0.13955 -0.624567 0.0521433 0.148718 -0.643466 
0.0345053 0.13834 -0.638405 0.0793889 0.13277 -0.625121 0.0811697 0.141937 -0.64402 
0.108415 0.125989 -0.625675 0.110196 0.135157 -0.644574 0.121585 0.117999 -0.640067 
0.0150865 0.118796 -0.614444 0.0168673 0.127963 -0.633343 -0.000770731 0.117586 -0.628282 
0.0441129 0.112015 -0.614998 0.132973 0.100841 -0.635559 0.161999 0.0940602 -0.636113 
0.191026 0.0872797 -0.636667 0.218272 0.0713318 -0.618321 0.202414 0.0701218 -0.632159 
0.247298 0.0645512 -0.618875 0.276324 0.0577707 -0.619429 0.289494 0.0497802 -0.633821 
0.307132 0.0601575 -0.638883 0.336158 0.053377 -0.639437 0.365184 0.0465964 -0.639991 
0.394211 0.0398159 -0.640545 0.423237 0.0330353 -0.641099 0.450483 0.0170874 -0.622753 
0.434626 0.0158774 -0.636591 -0.0201896 0.0980408 -0.604321 -0.0184087 0.107208 -0.62322 
-0.0360468 0.0968309 -0.618159 0.213803 0.0529639 -0.627652 0.242829 0.0461833 -0.628206 
0.271856 0.0394028 -0.62876 0.428376 -0.0116578 -0.627022 -0.0536848 0.0864535 -0.613097 
-0.0713228 0.0760761 -0.608036 0.422127 -0.0391931 -0.617453 -0.0889608 0.0656988 -0.602974 
-0.106599 0.0553214 -0.597913 0.402708 -0.0587378 -0.593492 0.386851 -0.0599478 -0.60733 
0.404489 -0.0495705 -0.612391 -0.126018 0.0357767 -0.573952 -0.112848 0.0277861 -0.588344 
0.251326 -0.0523704 -0.581153 0.235469 -0.0535804 -0.594991 0.253107 -0.043203 -0.600052 
0.282133 -0.0499836 -0.600606 0.280352 -0.0591509 -0.581707 0.31116 -0.0567641 -0.60116 
0.309379 -0.0659315 -0.582261 0.340186 -0.0635446 -0.601714 0.338405 -0.072712 -0.582815 
0.369213 -0.0703252 -0.602268 0.367432 -0.0794926 -0.583369 0.396458 -0.0862731 -0.583923 
-0.161294 0.0150219 -0.563829 -0.148124 0.0070314 -0.578221 -0.130486 0.0174088 -0.583282 
0.187024 -0.0663446 -0.570476 0.171166 -0.0675546 -0.584314 0.188804 -0.0571772 -0.589375 
0.217831 -0.0639578 -0.589929 0.21605 -0.0731251 -0.57103 -0.167543 -0.0125133 -0.554259 
-0.154374 -0.0205039 -0.568651 0.122721 -0.0803188 -0.559799 0.106864 -0.0815288 -0.573637 
0.124502 -0.0711514 -0.578699 0.153528 -0.0779319 -0.579252 0.151747 -0.0870993 -0.560353 
-0.202819 -0.0332681 -0.544136 -0.18965 -0.0412586 -0.558528 -0.172012 -0.0308812 -0.56359 
0.0584186 -0.094293 -0.549122 0.0425614 -0.095503 -0.56296 0.0601994 -0.0851256 -0.568021 
0.0892259 -0.0919061 -0.568575 -0.207288 -0.051636 -0.553467 -0.224926 -0.0620133 -0.548405 
-0.00588384 -0.108267 -0.538445 -0.021741 -0.109477 -0.552283 -0.00410303 -0.0990998 -0.557344 
0.0249234 -0.10588 -0.557898 -0.231176 -0.0895486 -0.538836 -0.0570171 -0.130232 -0.54216 
-0.0393791 -0.119855 -0.547221 -0.250594 -0.109093 -0.514875 -0.237425 -0.117084 -0.529267 
-0.192542 -0.122654 -0.515983 -0.208399 -0.123864 -0.529821 -0.190761 -0.113487 -0.534883 
-0.161734 -0.120268 -0.535437 -0.163515 -0.129435 -0.516537 -0.132708 -0.127048 -0.535991 
-0.134489 -0.136216 -0.517091 -0.103682 -0.133829 -0.536545 -0.0746551 -0.140609 -0.537098 
-0.226037 -0.134242 -0.52476 0.0476745 0.13035 -0.652797 0.076701 0.123569 -0.653351 
0.0898702 0.115579 -0.667743 0.107508 0.125956 -0.672804 0.118897 0.108798 -0.668297 
0.0141793 0.118762 -0.661573 -0.00345871 0.108385 -0.656512 0.0432057 0.111982 -0.662127 
0.0722322 0.105201 -0.662681 0.130285 0.0916403 -0.663789 0.157531 0.0756923 -0.645444 
0.141673 0.0744824 -0.659282 0.186557 0.0689118 -0.645998 0.302663 0.0417896 -0.648213 
0.331689 0.0350091 -0.648767 0.360716 0.0282285 -0.649321 0.373885 0.020238 -0.663713 
0.391523 0.0306154 -0.668775 0.418769 0.0146675 -0.650429 0.402911 0.0134575 -0.664267 
-0.0210967 0.0980077 -0.651451 -0.0387347 0.0876304 -0.646389 0.153062 0.0573245 -0.654774 
0.182088 0.0505439 -0.655328 0.211115 0.0437634 -0.655882 0.240141 0.0369828 -0.656436 
0.269168 0.0302023 -0.65699 0.298194 0.0234218 -0.657544 0.32722 0.0166412 -0.658098 
0.356247 0.00986067 -0.658652 0.412519 -0.0128678 -0.64086 0.396662 -0.0140778 -0.654698 
-0.0581536 0.0680856 -0.622428 -0.0449843 0.0600951 -0.63682 0.377243 -0.0336225 -0.630737 
0.361386 -0.0348325 -0.644575 0.379024 -0.0244551 -0.649637 0.406269 -0.0404031 -0.631291 
-0.0934296 0.0473309 -0.612305 -0.0802604 0.0393404 -0.626697 -0.0626223 0.0497177 -0.631758 
0.254888 -0.0340356 -0.618952 0.23903 -0.0352456 -0.63279 0.256668 -0.0248683 -0.637852 
0.285695 -0.0316488 -0.638406 0.283914 -0.0408162 -0.619506 0.314721 -0.0384293 -0.63896 
0.31294 -0.0475967 -0.62006 0.343748 -0.0452099 -0.639513 0.341967 -0.0543773 -0.620614 
0.370993 -0.0611578 -0.621168 -0.0978984 0.028963 -0.621635 -0.115536 0.0185856 -0.616574 
0.190585 -0.0480098 -0.608275 0.174728 -0.0492198 -0.622113 0.192366 -0.0388424 -0.627175 
0.221392 -0.045623 -0.627729 0.219612 -0.0547904 -0.608829 -0.134955 -0.000959124 -0.592613 
-0.121786 -0.00894965 -0.607005 0.155309 -0.0687646 -0.598152 0.139452 -0.0699745 -0.61199 
0.15709 -0.0595972 -0.617052 -0.139424 -0.019327 -0.601943 -0.157062 -0.0297044 -0.596882 
0.0910067 -0.0827387 -0.587475 0.0751495 -0.0839487 -0.601313 0.0927875 -0.0735714 -0.606375 
0.121814 -0.0803519 -0.606929 -0.176481 -0.0492491 -0.572921 -0.163312 -0.0572397 -0.587313 
0.0267042 -0.0967129 -0.576798 0.010847 -0.0979229 -0.590636 0.028485 -0.0875456 -0.595698 
0.0575115 -0.0943261 -0.596252 -0.211757 -0.0700039 -0.562797 -0.18273 -0.0767844 -0.563351 
-0.169561 -0.0847749 -0.577743 -0.0375982 -0.110687 -0.566121 -0.0534555 -0.111897 -0.579959 
-0.0358174 -0.10152 -0.585021 -0.00679101 -0.1083 -0.585575 -0.218006 -0.0975391 -0.553228 
-0.204837 -0.10553 -0.56762 -0.187199 -0.0951523 -0.572682 -0.0728743 -0.131442 -0.555998 
-0.0887315 -0.132652 -0.569836 -0.0710935 -0.122274 -0.574898 -0.224256 -0.125074 -0.543659 
-0.193449 -0.122688 -0.563113 -0.164422 -0.129468 -0.563667 -0.135396 -0.136249 -0.564221 
-0.106369 -0.143029 -0.564775 0.103039 0.107588 -0.682135 0.00971052 0.100395 -0.670904 
0.038737 0.093614 -0.671458 0.0677634 0.0868335 -0.672012 0.0809326 0.0788429 -0.686404 
0.0985706 0.0892203 -0.691465 0.125816 0.0732724 -0.67312 0.109959 0.0720624 -0.686958 
0.387054 0.0122475 -0.678105 -0.0255655 0.0796398 -0.660781 0.00346094 0.0728593 -0.661335 
0.0166302 0.0648688 -0.675727 0.0342682 0.0752461 -0.680789 0.0632946 0.0684656 -0.681342 
0.119567 0.0457371 -0.663551 0.103709 0.0445271 -0.677389 0.148593 0.0389566 -0.664105 
0.17762 0.032176 -0.664659 0.206646 0.0253955 -0.665213 0.235672 0.018615 -0.665767 
0.264699 0.0118344 -0.66632 0.293725 0.00505387 -0.666874 0.322752 -0.00172667 -0.667428 
0.351778 -0.00850722 -0.667982 0.380805 -0.0152878 -0.668536 -0.0318151 0.0521046 -0.651212 
-0.0186459 0.044114 -0.665604 -0.00100785 0.0544914 -0.670666 0.115098 0.0273692 -0.672881 
0.142343 0.0114213 -0.654536 0.126486 0.0102113 -0.668374 0.17137 0.00464076 -0.655089 
0.200396 -0.00213978 -0.655643 0.229423 -0.00892032 -0.656197 0.258449 -0.0157009 -0.656751 
0.287476 -0.0224814 -0.657305 0.316502 -0.029262 -0.657859 0.345528 -0.0360425 -0.658413 
-0.0670911 0.0313498 -0.641089 -0.0539219 0.0233593 -0.655481 -0.0362839 0.0337367 -0.660542 
0.136094 -0.016114 -0.644967 0.120237 -0.017324 -0.658805 0.16512 -0.0228945 -0.64552 
0.194147 -0.0296751 -0.646074 0.223173 -0.0364556 -0.646628 -0.102367 0.0105951 -0.630966 
-0.0891979 0.00260458 -0.645358 -0.0715599 0.0129819 -0.650419 0.129844 -0.0436492 -0.635397 
0.113987 -0.0448592 -0.649235 0.158871 -0.0504298 -0.635951 -0.108617 -0.0169402 -0.621397 
-0.0954475 -0.0249307 -0.635789 0.0945683 -0.064404 -0.625274 0.0787111 -0.065614 -0.639112 
0.0963491 -0.0552366 -0.644174 0.123595 -0.0711845 -0.625828 -0.143893 -0.0376949 -0.611274 
-0.114866 -0.0444755 -0.611828 -0.101697 -0.052466 -0.62622 0.0302658 -0.0783782 -0.614597 
0.0144086 -0.0795881 -0.628435 0.0320466 -0.0692108 -0.633497 0.0610731 -0.0759913 -0.634051 
0.0592923 -0.0851587 -0.615151 -0.150142 -0.0652302 -0.601705 -0.121116 -0.0720107 -0.602259 
-0.107947 -0.0800012 -0.616651 -0.0050102 -0.0991329 -0.604474 -0.0208674 -0.100343 -0.618312 
-0.00322939 -0.0899655 -0.623374 -0.156392 -0.0927655 -0.592135 -0.127366 -0.099546 -0.592689 
-0.114196 -0.107537 -0.607081 -0.0561434 -0.121098 -0.608189 -0.0385054 -0.11072 -0.613251 
-0.191668 -0.11352 -0.582012 -0.162642 -0.120301 -0.582566 -0.149472 -0.128291 -0.596958 
-0.131834 -0.117914 -0.60202 -0.104589 -0.133862 -0.583674 -0.120446 -0.135072 -0.597512 
-0.102808 -0.124694 -0.602574 -0.0737814 -0.131475 -0.603128 -0.138084 -0.145449 -0.592451 
0.0941018 0.0708524 -0.700796 0.0297994 0.0568783 -0.690119 0.0588258 0.0500977 -0.690673 
0.0878523 0.0433172 -0.691227 -0.00547663 0.0361235 -0.679996 0.0235498 0.029343 -0.68055 
0.036719 0.0213525 -0.694942 0.054357 0.0317298 -0.700004 0.0816027 0.0157819 -0.681658 
0.0657455 0.0145719 -0.695496 0.110629 0.00900134 -0.682212 -0.0407527 0.0153688 -0.669873 
-0.0117262 0.00858824 -0.670427 0.001443 0.000597718 -0.684819 0.019081 0.0109751 -0.68988 
0.0753531 -0.0117534 -0.672089 0.0594959 -0.0129634 -0.685927 0.10438 -0.0185339 -0.672643 
-0.0760287 -0.00538594 -0.65975 -0.0470023 -0.0121665 -0.660304 -0.033833 -0.020157 -0.674696 
-0.016195 -0.00977965 -0.679757 0.0691035 -0.0392887 -0.66252 0.0532463 -0.0404986 -0.676358 
0.0981299 -0.0460692 -0.663074 -0.0822783 -0.0329212 -0.650181 -0.0532518 -0.0397018 -0.650735 
-0.0400826 -0.0476923 -0.665127 0.0338275 -0.0600434 -0.652397 0.0179702 -0.0612534 -0.666235 
0.0356083 -0.050876 -0.671296 0.0628539 -0.0668239 -0.652951 -0.0885279 -0.0604565 -0.640612 
-0.0595014 -0.067237 -0.641166 -0.0463322 -0.0752276 -0.655558 -0.00144858 -0.0807981 -0.642274 
-0.0173058 -0.0820081 -0.656112 0.000332235 -0.0716307 -0.661173 -0.0947775 -0.0879918 -0.631043 
-0.065751 -0.0947723 -0.631597 -0.0349438 -0.0923855 -0.65105 -0.0367246 -0.101553 -0.632151 
-0.101027 -0.115527 -0.621474 -0.0720006 -0.122308 -0.622028 -0.136303 -0.136282 -0.611351 
0.0498883 0.0133619 -0.709334 0.0146122 -0.00739281 -0.699211 0.0436387 -0.0141734 -0.699765 
-0.0206638 -0.0281475 -0.689088 0.00836264 -0.0349281 -0.689642 0.0373891 -0.0417086 -0.690196 
-0.0269134 -0.0556828 -0.679519 0.00211304 -0.0624634 -0.680073 -0.033163 -0.0832181 -0.66995 

POLYGONS 7665 22992
OFFSETS vtktypeint64
0 3 6 9 12 15 18 21 24 
27 30 33 36 39 42 45 48 51 
54 57 60 63 66 69 72 75 78 
81 84 87 90 93 96 99 102 105 
108 111 114 117 120 123 126 129 132 
135 138 141 144 147 150 153 156 159 
162 165 168 171 174 177 180 183 186 
189 192 195 198 201 204 207 210 213 
216 219 222 225 228 231 234 237 240 
243 246 249 252 255 258 261 264 267 
270 273 276 279 282 285 288 291 294 
297 300 303 306 309 312 315 318 321 
324 327 330 333 336 339 342 345 348 
351 354 357 360 363 366 369 372 375 
378 381 384 387 390 393 396 399 402 
405 408 411 414 417 420 423 426 429 
432 435 438 441 444 447 450 453 456 
459 462 465 468 471 474 477 480 483 
486 489 492 495 498 501 504 507 510 
513 516 519 522 525 528 531 534 537 
540 543 546 549 552 555 558 561 564 
567 570 573 576 579 582 585 588 591 
594 597 600 603 606 609 612 615 618 
621 624 627 630 633 636 639 642 645 
648 651 654 657 660 663 666 669 672 
675 678 681 684 687 690 693 696 699 
702 705 708 711 714 717 720 723 726 
729 732 735 738 741 744 747 750 753 
756 759 762 765 768 771 774 777 780 
783 786 789 792 795 798 801 804 807 
810 813 816 819 822 825 828 831 834 
837 840 843 846 849 852 855 858 861 
864 867 870 873 876 879 882 885 888 
891 894 897 900 903 906 909 912 915 
918 921 924 927 930 933 936 939 942 
945 948 951 954 957 960 963 966 969 
972 975 978 981 984 987 990 993 996 
999 1002 1005 1008 1011 1014 1017 1020 1023 
1026 1029 1032 1035 1038 1041 1044 1047 1050 
1053 1056 1059 1062 1065 1068 1071 1074 1077 
1080 1083 1086 1089 1092 1095 1098 1101 1104 
1107 1110 1113 1116 1119 1122 1125 1128 1131 
1134 1137 1140 1143 1146 1149 1152 1155 1158 
1161 1164 1167 1170 1173 1176 1179 1182 1185 
1188 1191 1194 1197 1200 1203 1206 1209 1212 
1215 1218 1221 1224 1227 1230 1233 1236 1239 
1242 1245 1248 1251 1254 1257 1260 1263 1266 
1269 1272 1275 1278 1281 1284 1287 1290 1293 
1296 1299 1302 1305 1308 1311 1314 1317 1320 
1323 1326 1329 1332 1335 1338 1341 1344 1347 
1350 1353 1356 1359 1362 1365 1368 1371 1374 
1377 1380 1383 1386 1389 1392 1395 1398 1401 
1404 1407 1410 1413 1416 1419 1422 1425 1428 
1431 1434 1437 1440 1443 1446 1449 1452 1455 
1458 1461 1464 1467 1470 1473 1476 1479 1482 
1485 1488 1491 1494 1497 1500 1503 1506 1509 
1512 1515 1518 1521 1524 1527 1530 1533 1536 
1539 1542 1545 1548 1551 1554 1557 1560 1563 
1566 1569 1572 1575 1578 1581 1584 1587 1590 
1593 1596 1599 1602 1605 1608 1611 1614 1617 
1620 1623 1626 1629 1632 1635 1638 1641 1644 
1647 1650 1653 1656 1659 1662 1665 1668 1671 
1674 1677 1680 1683 1686 1689 1692 1695 1698 
1701 1704 1707 1710 1713 1716 1719 1722 1725 
1728 1731 1734 1737 1740 1743 1746 1749 1752 
1755 1758 1761 1764 1767 1770 1773 1776 1779 
1782 1785 1788 1791 1794 1797 1800 1803 1806 
1809 1812 1815 1818 1821 1824 1827 1830 1833 
1836 1839 1842 1845 1848 1851 1854 1857 1860 
1863 1866 1869 1872 1875 1878 1881 1884 1887 
1890 1893 1896 1899 1902 1905 1908 1911 1914 
1917 1920 1923 1926 1929 1932 1935 1938 1941 
1944 1947 1950 1953 1956 1959 1962 1965 1968 
1971 1974 1977 1980 1983 1986 1989 1992 1995 
1998 2001 2004 2007 2010 2013 2016 2019 2022 
2025 2028 2031 2034 2037 2040 2043 2046 2049 
2052 2055 2058 2061 2064 2067 2070 2073 2076 
2079 2082 2085 2088 2091 2094 2097 2100 2103 
2106 2109 2112 2115 2118 2121 2124 2127 2130 
2133 2136 2139 2142 2145 2148 2151 2154 2157 
2160 2163 2166 2169 2172 2175 2178 2181 2184 
2187 2190 2193 2196 2199 2202 2205 2208 2211 
2214 2217 2220 2223 2226 2229 2232 2235 2238 
2241 2244 2247 2250 2253 2256 2259 2262 2265 
2268 2271 2274 2277 2280 2283 2286 2289 2292 
2295 2298 2301 2304 2307 2310 2313 2316 2319 
2322 2325 2328 2331 2334 2337 2340 2343 2346 
2349 2352 2355 2358 2361 2364 2367 2370 2373 
2376 2379 2382 2385 2388 2391 2394 2397 2400 
2403 2406 2409 2412 2415 2418 2421 2424 2427 
2430 2433 2436 2439 2442 2445 2448 2451 2454 
2457 2460 2463 2466 2469 2472 2475 2478 2481 
2484 2487 2490 2493 2496 2499 2502 2505 2508 
2511 2514 2517 2520 2523 2526 2529 2532 2535 
2538 2541 2544 2547 2550 2553 2556 2559 2562 
2565 2568 2571 2574 2577 2580 2583 2586 2589 
2592 2595 2598 2601 2604 2607 2610 2613 2616 
2619 2622 2625 2628 2631 2634 2637 2640 2643 
2646 2649 2652 2655 2658 2661 2664 2667 2670 
2673 2676 2679 2682 2685 2688 2691 2694 2697 
2700 2703 2706 2709 2712 2715 2718 2721 2724 
2727 2730 2733 2736 2739 2742 2745 2748 2751 
2754 2757 2760 2763 2766 2769 2772 2775 2778 
2781 2784 2787 2790 2793 2796 2799 2802 2805 
2808 2811 2814 2817 2820 2823 2826 2829 2832 
2835 2838 2841 2844 2847 2850 2853 2856 2859 
2862 2865 2868 2871 2874 2877 2880 2883 2886 
2889 2892 2895 2898 2901 2904 2907 2910 2913 
2916 2919 2922 2925 2928 2931 2934 2937 2940 
2943 2946 2949 2952 2955 2958 2961 2964 2967 
2970 2973 2976 2979 2982 2985 2988 2991 2994 
2997 3000 3003 3006 3009 3012 3015 3018 3021 
3024 3027 3030 3033 3036 3039 3042 3045 3048 
3051 3054 3057 3060 3063 3066 3069 3072 3075 
3078 3081 3084 3087 3090 3093 3096 3099 3102 
3105 3108 3111 3114 3117 3120 3123 3126 3129 
3132 3135 3138 3141 3144 3147 3150 3153 3156 
3159 3162 3165 3168 3171 3174 3177 3180 3183 
3186 3189 3192 3195 3198 3201 3204 3207 3210 
3213 3216 3219 3222 3225 3228 3231 3234 3237 
3240 3243 3246 3249 3252 3255 3258 3261 3264 
3267 3270 3273 3276 3279 3282 3285 3288 3291 
3294 3297 3300 3303 3306 3309 3312 3315 3318 
3321 3324 3327 3330 3333 3336 3339 3342 3345 
3348 3351 3354 3357 3360 3363 3366 3369 3372 
3375 3378 3381 3384 3387 3390 3393 3396 3399 
3402 3405 3408 3411 3414 3417 3420 3423 3426 
3429 3432 3435 3438 3441 3444 3447 3450 3453 
3456 3459 3462 3465 3468 3471 3474 3477 3480 
3483 3486 3489 3492 3495 3498 3501 3504 3507 
3510 3513 3516 3519 3522 3525 3528 3531 3534 
3537 3540 3543 3546 3549 3552 3555 3558 3561 
3564 3567 3570 3573 3576 3579 3582 3585 3588 
3591 3594 3597 3600 3603 3606 3609 3612 3615 
3618 3621 3624 3627 3630 3633 3636 3639 3642 
3645 3648 3651 3654 3657 3660 3663 3666 3669 
3672 3675 3678 3681 3684 3687 3690 3693 3696 
3699 3702 3705 3708 3711 3714 3717 3720 3723 
3726 3729 3732 3735 3738 3741 3744 3747 3750 
3753 3756 3759 3762 3765 3768 3771 3774 3777 
3780 3783 3786 3789 3792 3795 3798 3801 3804 
3807 3810 3813 3816 3819 3822 3825 3828 3831 
3834 3837 3840 3843 3846 3849 3852 3855 3858 
3861 3864 3867 3870 3873 3876 3879 3882 3885 
3888 3891 3894 3897 3900 3903 3906 3909 3912 
3915 3918 3921 3924 3927 3930 3933 3936 3939 
3942 3945 3948 3951 3954 3957 3960 3963 3966 
3969 3972 3975 3978 3981 3984 3987 3990 3993 
3996 3999 4002 4005 4008 4011 4014 4017 4020 
4023 4026 4029 4032 4035 4038 4041 4044 4047 
4050 4053 4056 4059 4062 4065 4068 4071 4074 
4077 4080 4083 4086 4089 4092 4095 4098 4101 
4104 4107 4110 4113 4116 4119 4122 4125 4128 
4131 4134 4137 4140 4143 4146 4149 4152 4155 
4158 4161 4164 4167 4170 4173 4176 4179 4182 
4185 4188 4191 4194 4197 4200 4203 4206 4209 
4212 4215 4218 4221 4224 4227 4230 4233 4236 
4239 4242 4245 4248 4251 4254 4257 4260 4263 
4266 4269 4272 4275 4278 4281 4284 4287 4290 
4293 4296 4299 4302 4305 4308 4311 4314 4317 
4320 4323 4326 4329 4332 4335 4338 4341 4344 
4347 4350 4353 4356 4359 4362 4365 4368 4371 
4374 4377 4380 4383 4386 4389 4392 4395 4398 
4401 4404 4407 4410 4413 4416 4419 4422 4425 
4428 4431 4434 4437 4440 4443 4446 4449 4452 
4455 4458 4461 4464 4467 4470 4473 4476 4479 
4482 4485 4488 4491 4494 4497 4500 4503 4506 
4509 4512 4515 4518 4521 4524 4527 4530 4533 
4536 4539 4542 4545 4548 4551 4554 4557 4560 
4563 4566 4569 4572 4575 4578 4581 4584 4587 
4590 4593 4596 4599 4602 4605 4608 4611 4614 
4617 4620 4623 4626 4629 4632 4635 4638 4641 
4644 4647 4650 4653 4656 4659 4662 4665 4668 
4671 4674 4677 4680 4683 4686 4689 4692 4695 
4698 4701 4704 4707 4710 4713 4716 4719 4722 
4725 4728 4731 4734 4737 4740 4743 4746 4749 
4752 4755 4758 4761 4764 4767 4770 4773 4776 
4779 4782 4785 4788 4791 4794 4797 4800 4803 
4806 4809 4812 4815 4818 4821 4824 4827 4830 
4833 4836 4839 4842 4845 4848 4851 4854 4857 
4860 4863 4866 4869 4872 4875 4878 4881 4884 
4887 4890 4893 4896 4899 4902 4905 4908 4911 
4914 4917 4920 4923 4926 4929 4932 4935 4938 
4941 4944 4947 4950 4953 4956 4959 4962 4965 
4968 4971 4974 4977 4980 4983 4986 4989 4992 
4995 4998 5001 5004 5007 5010 5013 5016 5019 
5022 5025 5028 5031 5034 5037 5040 5043 5046 
5049 5052 5055 5058 5061 5064 5067 5070 5073 
5076 5079 5082 5085 5088 5091 5094 5097 5100 
5103 5106 5109 5112 5115 5118 5121 5124 5127 
5130 5133 5136 5139 5142 5145 5148 5151 5154 
5157 5160 5163 5166 5169 5172 5175 5178 5181 
5184 5187 5190 5193 5196 5199 5202 5205 5208 
5211 5214 5217 5220 5223 5226 5229 5232 5235 
5238 5241 5244 5247 5250 5253 5256 5259 5262 
5265 5268 5271 5274 5277 5280 5283 5286 5289 
5292 5295 5298 5301 5304 5307 5310 5313 5316 
5319 5322 5325 5328 5331 5334 5337 5340 5343 
5346 5349 5352 5355 5358 5361 5364 5367 5370 
5373 5376 5379 5382 5385 5388 5391 5394 5397 
5400 5403 5406 5409 5412 5415 5418 5421 5424 
5427 5430 5433 5436 5439 5442 5445 5448 5451 
5454 5457 5460 5463 5466 5469 5472 5475 5478 
5481 5484 5487 5490 5493 5496 5499 5502 5505 
5508 5511 5514 5517 5520 5523 5526 5529 5532 
5535 5538 5541 5544 5547 5550 5553 5556 5559 
5562 5565 5568 5571 5574 5577 5580 5583 5586 
5589 5592 5595 5598 5601 5604 5607 5610 5613 
5616 5619 5622 5625 5628 5631 5634 5637 5640 
5643 5646 5649 5652 5655 5658 5661 5664 5667 
5670 5673 5676 5679 5682 5685 5688 5691 5694 
5697 5700 5703 5706 5709 5712 5715 5718 5721 
5724 5727 5730 5733 5736 5739 5742 5745 5748 
5751 5754 5757 5760 5763 5766 5769 5772 5775 
5778 5781 5784 5787 5790 5793 5796 5799 5802 
5805 5808 5811 5814 5817 5820 5823 5826 5829 
5832 5835 5838 5841 5844 5847 5850 5853 5856 
5859 5862 5865 5868 5871 5874 5877 5880 5883 
5886 5889 5892 5895 5898 5901 5904 5907 5910 
5913 5916 5919 5922 5925 5928 5931 5934 5937 
5940 5943 5946 5949 5952 5955 5958 5961 5964 
5967 5970 5973 5976 5979 5982 5985 5988 5991 
5994 5997 6000 6003 6006 6009 6012 6015 6018 
6021 6024 6027 6030 6033 6036 6039 6042 6045 
6048 6051 6054 6057 6060 6063 6066 6069 6072 
6075 6078 6081 6084 6087 6090 6093 6096 6099 
6102 6105 6108 6111 6114 6117 6120 6123 6126 
6129 6132 6135 6138 6141 6144 6147 6150 6153 
6156 6159 6162 6165 6168 6171 6174 6177 6180 
6183 6186 6189 6192 6195 6198 6201 6204 6207 
6210 6213 6216 6219 6222 6225 6228 6231 6234 
6237 6240 6243 6246 6249 6252 6255 6258 6261 
6264 6267 6270 6273 6276 6279 6282 6285 6288 
6291 6294 6297 6300 6303 6306 6309 6312 6315 
6318 6321 6324 6327 6330 6333 6336 6339 6342 
6345 6348 6351 6354 6357 6360 6363 6366 6369 
6372 6375 6378 6381 6384 6387 6390 6393 6396 
6399 6402 6405 6408 6411 6414 6417 6420 6423 
6426 6429 6432 6435 6438 6441 6444 6447 6450 
6453 6456 6459 6462 6465 6468 6471 6474 6477 
6480 6483 6486 6489 6492 6495 6498 6501 6504 
6507 6510 6513 6516 6519 6522 6525 6528 6531 
6534 6537 6540 6543 6546 6549 6552 6555 6558 
6561 6564 6567 6570 6573 6576 6579 6582 6585 
6588 6591 6594 6597 6600 6603 6606 6609 6612 
6615 6618 6621 6624 6627 6630 6633 6636 6639 
6642 6645 6648 6651 6654 6657 6660 6663 6666 
6669 6672 6675 6678 6681 6684 6687 6690 6693 
6696 6699 6702 6705 6708 6711 6714 6717 6720 
6723 6726 6729 6732 6735 6738 6741 6744 6747 
6750 6753 6756 6759 6762 6765 6768 6771 6774 
6777 6780 6783 6786 6789 6792 6795 6798 6801 
6804 6807 6810 6813 6816 6819 6822 6825 6828 
6831 6834 6837 6840 6843 6846 6849 6852 6855 
6858 6861 6864 6867 6870 6873 6876 6879 6882 
6885 6888 6891 6894 6897 6900 6903 6906 6909 
6912 6915 6918 6921 6924 6927 6930 6933 6936 
6939 6942 6945 6948 6951 6954 6957 6960 6963 
6966 6969 6972 6975 6978 6981 6984 6987 6990 
6993 6996 6999 7002 7005 7008 7011 7014 7017 
7020 7023 7026 7029 7032 7035 7038 7041 7044 
7047 7050 7053 7056 7059 7062 7065 7068 7071 
7074 7077 7080 7083 7086 7089 7092 7095 7098 
7101 7104 7107 7110 7113 7116 7119 7122 7125 
7128 7131 7134 7137 7140 7143 7146 7149 7152 
7155 7158 7161 7164 7167 7170 7173 7176 7179 
7182 7185 7188 7191 7194 7197 7200 7203 7206 
7209 7212 7215 7218 7221 7224 7227 7230 7233 
7236 7239 7242 7245 7248 7251 7254 7257 7260 
7263 7266 7269 7272 7275 7278 7281 7284 7287 
7290 7293 7296 7299 7302 7305 7308 7311 7314 
7317 7320 7323 7326 7329 7332 7335 7338 7341 
7344 7347 7350 7353 7356 7359 7362 7365 7368 
7371 7374 7377 7380 7383 7386 7389 7392 7395 
7398 7401 7404 7407 7410 7413 7416 7419 7422 
7425 7428 7431 7434 7437 7440 7443 7446 7449 
7452 7455 7458 7461 7464 7467 7470 7473 7476 
7479 7482 7485 7488 7491 7494 7497 7500 7503 
7506 7509 7512 7515 7518 7521 7524 7527 7530 
7533 7536 7539 7542 7545 7548 7551 7554 7557 
7560 7563 7566 7569 7572 7575 7578 7581 7584 
7587 7590 7593 7596 7599 7602 7605 7608 7611 
7614 7617 7620 7623 7626 7629 7632 7635 7638 
7641 7644 7647 7650 7653 7656 7659 7662 7665 
7668 7671 7674 7677 7680 7683 7686 7689 7692 
7695 7698 7701 7704 7707 7710 7713 7716 7719 
7722 7725 7728 7731 7734 7737 7740 7743 7746 
7749 7752 7755 7758 7761 7764 7767 7770 7773 
7776 7779 7782 7785 7788 7791 7794 7797 7800 
7803 7806 7809 7812 7815 7818 7821 7824 7827 
7830 7833 7836 7839 7842 7845 7848 7851 7854 
7857 7860 7863 7866 7869 7872 7875 7878 7881 
7884 7887 7890 7893 7896 7899 7902 7905 7908 
7911 7914 7917 7920 7923 7926 7929 7932 7935 
7938 7941 7944 7947 7950 7953 7956 7959 7962 
7965 7968 7971 7974 7977 7980 7983 7986 7989 
7992 7995 7998 8001 8004 8007 8010 8013 8016 
8019 8022 8025 8028 8031 8034 8037 8040 8043 
8046 8049 8052 8055 8058 8061 8064 8067 8070 
8073 8076 8079 8082 8085 8088 8091 8094 8097 
8100 8103 8106 8109 8112 8115 8118 8121 8124 
8127 8130 8133 8136 8139 8142 8145 8148 8151 
8154 8157 8160 8163 8166 8169 8172 8175 8178 
8181 8184 8187 8190 8193 8196 8199 8202 8205 
8208 8211 8214 8217 8220 8223 8226 8229 8232 
8235 8238 8241 8244 8247 8250 8253 8256 8259 
8262 8265 8268 8271 8274 8277 8280 8283 8286 
8289 8292 8295 8298 8301 8304 8307 8310 8313 
8316 8319 8322 8325 8328 8331 8334 8337 8340 
8343 8346 8349 8352 8355 8358 8361 8364 8367 
8370 8373 8376 8379 8382 8385 8388 8391 8394 
8397 8400 8403 8406 8409 8412 8415 8418 8421 
8424 8427 8430 8433 8436 8439 8442 8445 8448 
8451 8454 8457 8460 8463 8466 8469 8472 8475 
8478 8481 8484 8487 8490 8493 8496 8499 8502 
8505 8508 8511 8514 8517 8520 8523 8526 8529 
8532 8535 8538 8541 8544 8547 8550 8553 8556 
8559 8562 8565 8568 8571 8574 8577 8580 8583 
8586 8589 8592 8595 8598 8601 8604 8607 8610 
8613 8616 8619 8622 8625 8628 8631 8634 8637 
8640 8643 8646 8649 8652 8655 8658 8661 8664 
8667 8670 8673 8676 8679 8682 8685 8688 8691 
8694 8697 8700 8703 8706 8709 8712 8715 8718 
8721 8724 8727 8730 8733 8736 8739 8742 8745 
8748 8751 8754 8757 8760 8763 8766 8769 8772 
8775 8778 8781 8784 8787 8790 8793 8796 8799 
8802 8805 8808 8811 8814 8817 8820 8823 8826 
8829 8832 8835 8838 8841 8844 8847 8850 8853 
8856 8859 8862 8865 8868 8871 8874 8877 8880 
8883 8886 8889 8892 8895 8898 8901 8904 8907 
8910 8913 8916 8919 8922 8925 8928 8931 8934 
8937 8940 8943 8946 8949 8952 8955 8958 8961 
8964 8967 8970 8973 8976 8979 8982 8985 8988 
8991 8994 8997 9000 9003 9006 9009 9012 9015 
9018 9021 9024 9027 9030 9033 9036 9039 9042 
9045 9048 9051 9054 9057 9060 9063 9066 9069 
9072 9075 9078 9081 9084 9087 9090 9093 9096 
9099 9102 9105 9108 9111 9114 9117 9120 9123 
9126 9129 9132 9135 9138 9141 9144 9147 9150 
9153 9156 9159 9162 9165 9168 9171 9174 9177 
9180 9183 9186 9189 9192 9195 9198 9201 9204 
9207 9210 9213 9216 9219 9222 9225 9228 9231 
9234 9237 9240 9243 9246 9249 9252 9255 9258 
9261 9264 9267 9270 9273 9276 9279 9282 9285 
9288 9291 9294 9297 9300 9303 9306 9309 9312 
9315 9318 9321 9324 9327 9330 9333 9336 9339 
9342 9345 9348 9351 9354 9357 9360 9363 9366 
9369 9372 9375 9378 9381 9384 9387 9390 9393 
9396 9399 9402 9405 9408 9411 9414 9417 9420 
9423 9426 9429 9432 9435 9438 9441 9444 9447 
9450 9453 9456 9459 9462 9465 9468 9471 9474 
9477 9480 9483 9486 9489 9492 9495 9498 9501 
9504 9507 9510 9513 9516 9519 9522 9525 9528 
9531 9534 9537 9540 9543 9546 9549 9552 9555 
9558 9561 9564 9567 9570 9573 9576 9579 9582 
9585 9588 9591 9594 9597 9600 9603 9606 9609 
9612 9615 9618 9621 9624 9627 9630 9633 9636 
9639 9642 9645 9648 9651 9654 9657 9660 9663 
9666 9669 9672 9675 9678 9681 9684 9687 9690 
9693 9696 9699 9702 9705 9708 9711 9714 9717 
9720 9723 9726 9729 9732 9735 9738 9741 9744 
9747 9750 9753 9756 9759 9762 9765 9768 9771 
9774 9777 9780 9783 9786 9789 9792 9795 9798 
9801 9804 9807 9810 9813 9816 9819 9822 9825 
9828 9831 9834 9837 9840 9843 9846 9849 9852 
9855 9858 9861 9864 9867 9870 9873 9876 9879 
9882 9885 9888 9891 9894 9897 9900 9903 9906 
9909 9912 9915 9918 9921 9924 9927 9930 9933 
9936 9939 9942 9945 9948 9951 9954 9957 9960 
9963 9966 9969 9972 9975 9978 9981 9984 9987 
9990 9993 9996 9999 10002 10005 10008 10011 10014 
10017 10020 10023 10026 10029 10032 10035 10038 10041 
10044 10047 10050 10053 10056 10059 10062 10065 10068 
10071 10074 10077 10080 10083 10086 10089 10092 10095 
10098 10101 10104 10107 10110 10113 10116 10119 10122 
10125 10128 10131 10134 10137 10140 10143 10146 10149 
10152 10155 10158 10161 10164 10167 10170 10173 10176 
10179 10182 10185 10188 10191 10194 10197 10200 10203 
10206 10209 10212 10215 10218 10221 10224 10227 10230 
10233 10236 10239 10242 10245 10248 10251 10254 10257 
10260 10263 10266 10269 10272 10275 10278 10281 10284 
10287 10290 10293 10296 10299 10302 10305 10308 10311 
10314 10317 10320 10323 10326 10329 10332 10335 10338 
10341 10344 10347 10350 10353 10356 10359 10362 10365 
10368 10371 10374 10377 10380 10383 10386 10389 10392 
10395 10398 10401 10404 10407 10410 10413 10416 10419 
10422 10425 10428 10431 10434 10437 10440 10443 10446 
10449 10452 10455 10458 10461 10464 10467 10470 10473 
10476 10479 10482 10485 10488 10491 10494 10497 10500 
10503 10506 10509 10512 10515 10518 10521 10524 10527 
10530 10533 10536 10539 10542 10545 10548 10551 10554 
10557 10560 10563 10566 10569 10572 10575 10578 10581 
10584 10587 10590 10593 10596 10599 10602 10605 10608 
10611 10614 10617 10620 10623 10626 10629 10632 10635 
10638 10641 10644 10647 10650 10653 10656 10659 10662 
10665 10668 10671 10674 10677 10680 10683 10686 10689 
10692 10695 10698 10701 10704 10707 10710 10713 10716 
10719 10722 10725 10728 10731 10734 10737 10740 10743 
10746 10749 10752 10755 10758 10761 10764 10767 10770 
10773 10776 10779 10782 10785 10788 10791 10794 10797 
10800 10803 10806 10809 10812 10815 10818 10821 10824 
10827 10830 10833 10836 10839 10842 10845 10848 10851 
10854 10857 10860 10863 10866 10869 10872 10875 10878 
10881 10884 10887 10890 10893 10896 10899 10902 10905 
10908 10911 10914 10917 10920 10923 10926 10929 10932 
10935 10938 10941 10944 10947 10950 10953 10956 10959 
10962 10965 10968 10971 10974 10977 10980 10983 10986 
10989 10992 10995 10998 11001 11004 11007 11010 11013 
11016 11019 11022 11025 11028 11031 11034 11037 11040 
11043 11046 11049 11052 11055 11058 11061 11064 11067 
11070 11073 11076 11079 11082 11085 11088 11091 11094 
11097 11100 11103 11106 11109 11112 11115 11118 11121 
11124 11127 11130 11133 11136 11139 11142 11145 11148 
11151 11154 11157 11160 11163 11166 11169 11172 11175 
11178 11181 11184 11187 11190 11193 11196 11199 11202 
11205 11208 11211 11214 11217 11220 11223 11226 11229 
11232 11235 11238 11241 11244 11247 11250 11253 11256 
11259 11262 11265 11268 11271 11274 11277 11280 11283 
11286 11289 11292 11295 11298 11301 11304 11307 11310 
11313 11316 11319 11322 11325 11328 11331 11334 11337 
11340 11343 11346 11349 11352 11355 11358 11361 11364 
11367 11370 11373 11376 11379 11382 11385 11388 11391 
11394 11397 11400 11403 11406 11409 11412 11415 11418 
11421 11424 11427 11430 11433 11436 11439 11442 11445 
11448 11451 11454 11457 11460 11463 11466 11469 11472 
11475 11478 11481 11484 11487 11490 11493 11496 11499 
11502 11505 11508 11511 11514 11517 11520 11523 11526 
11529 11532 11535 11538 11541 11544 11547 11550 11553 
11556 11559 11562 11565 11568 11571 11574 11577 11580 
11583 11586 11589 11592 11595 11598 11601 11604 11607 
11610 11613 11616 11619 11622 11625 11628 11631 11634 
11637 11640 11643 11646 11649 11652 11655 11658 11661 
11664 11667 11670 11673 11676 11679 11682 11685 11688 
11691 11694 11697 11700 11703 11706 11709 11712 11715 
11718 11721 11724 11727 11730 11733 11736 11739 11742 
11745 11748 11751 11754 11757 11760 11763 11766 11769 
11772 11775 11778 11781 11784 11787 11790 11793 11796 
11799 11802 11805 11808 11811 11814 11817 11820 11823 
11826 11829 11832 11835 11838 11841 11844 11847 11850 
11853 11856 11859 11862 11865 11868 11871 11874 11877 
11880 11883 11886 11889 11892 11895 11898 11901 11904 
11907 11910 11913 11916 11919 11922 11925 11928 11931 
11934 11937 11940 11943 11946 11949 11952 11955 11958 
11961 11964 11967 11970 11973 11976 11979 11982 11985 
11988 11991 11994 11997 12000 12003 12006 12009 12012 
12015 12018 12021 12024 12027 12030 12033 12036 12039 
12042 12045 12048 12051 12054 12057 12060 12063 12066 
12069 12072 12075 12078 12081 12084 12087 12090 12093 
12096 12099 12102 12105 12108 12111 12114 12117 12120 
12123 12126 12129 12132 12135 12138 12141 12144 12147 
12150 12153 12156 12159 12162 12165 12168 12171 12174 
12177 12180 12183 12186 12189 12192 12195 12198 12201 
12204 12207 12210 12213 12216 12219 12222 12225 12228 
12231 12234 12237 12240 12243 12246 12249 12252 12255 
12258 12261 12264 12267 12270 12273 12276 12279 12282 
12285 12288 12291 12294 12297 12300 12303 12306 12309 
12312 12315 12318 12321 12324 12327 12330 12333 12336 
12339 12342 12345 12348 12351 12354 12357 12360 12363 
12366 12369 12372 12375 12378 12381 12384 12387 12390 
12393 12396 12399 12402 12405 12408 12411 12414 12417 
12420 12423 12426 12429 12432 12435 12438 12441 12444 
12447 12450 12453 12456 12459 12462 12465 12468 12471 
12474 12477 12480 12483 12486 12489 12492 12495 12498 
12501 12504 12507 12510 12513 12516 12519 12522 12525 
12528 12531 12534 12537 12540 12543 12546 12549 12552 
12555 12558 12561 12564 12567 12570 12573 12576 12579 
12582 12585 12588 12591 12594 12597 12600 12603 12606 
12609 12612 12615 12618 12621 12624 12627 12630 12633 
12636 12639 12642 12645 12648 12651 12654 12657 12660 
12663 12666 12669 12672 12675 12678 12681 12684 12687 
12690 12693 12696 12699 12702 12705 12708 12711 12714 
12717 12720 12723 12726 12729 12732 12735 12738 12741 
12744 12747 12750 12753 12756 12759 12762 12765 12768 
12771 12774 12777 12780 12783 12786 12789 12792 12795 
12798 12801 12804 12807 12810 12813 12816 12819 12822 
12825 12828 12831 12834 12837 12840 12843 12846 12849 
12852 12855 12858 12861 12864 12867 12870 12873 12876 
12879 12882 12885 12888 12891 12894 12897 12900 12903 
12906 12909 12912 12915 12918 12921 12924 12927 12930 
12933 12936 12939 12942 12945 12948 12951 12954 12957 
12960 12963 12966 12969 12972 12975 12978 12981 12984 
12987 12990 12993 12996 12999 13002 13005 13008 13011 
13014 13017 13020 13023 13026 13029 13032 13035 13038 
13041 13044 13047 13050 13053 13056 13059 13062 13065 
13068 13071 13074 13077 13080 13083 13086 13089 13092 
13095 13098 13101 13104 13107 13110 13113 13116 13119 
13122 13125 13128 13131 13134 13137 13140 13143 13146 
13149 13152 13155 13158 13161 13164 13167 13170 13173 
13176 13179 13182 13185 13188 13191 13194 13197 13200 
13203 13206 13209 13212 13215 13218 13221 13224 13227 
13230 13233 13236 13239 13242 13245 13248 13251 13254 
13257 13260 13263 13266 13269 13272 13275 13278 13281 
13284 13287 13290 13293 13296 13299 13302 13305 13308 
13311 13314 13317 13320 13323 13326 13329 13332 13335 
13338 13341 13344 13347 13350 13353 13356 13359 13362 
13365 13368 13371 13374 13377 13380 13383 13386 13389 
13392 13395 13398 13401 13404 13407 13410 13413 13416 
13419 13422 13425 13428 13431 13434 13437 13440 13443 
13446 13449 13452 13455 13458 13461 13464 13467 13470 
13473 13476 13479 13482 13485 13488 13491 13494 13497 
13500 13503 13506 13509 13512 13515 13518 13521 13524 
13527 13530 13533 13536 13539 13542 13545 13548 13551 
13554 13557 13560 13563 13566 13569 13572 13575 13578 
13581 13584 13587 13590 13593 13596 13599 13602 13605 
13608 13611 13614 13617 13620 13623 13626 13629 13632 
13635 13638 13641 13644 13647 13650 13653 13656 13659 
13662 13665 13668 13671 13674 13677 13680 13683 13686 
13689 13692 13695 13698 13701 13704 13707 13710 13713 
13716 13719 13722 13725 13728 13731 13734 13737 13740 
13743 13746 13749 13752 13755 13758 13761 13764 13767 
13770 13773 13776 13779 13782 13785 13788 13791 13794 
13797 13800 13803 13806 13809 13812 13815 13818 13821 
13824 13827 13830 13833 13836 13839 13842 13845 13848 
13851 13854 13857 13860 13863 13866 13869 13872 13875 
13878 13881 13884 13887 13890 13893 13896 13899 13902 
13905 13908 13911 13914 13917 13920 13923 13926 13929 
13932 13935 13938 13941 13944 13947 13950 13953 13956 
13959 13962 13965 13968 13971 13974 13977 13980 13983 
13986 13989 13992 13995 13998 14001 14004 14007 14010 
14013 14016 14019 14022 14025 14028 14031 14034 14037 
14040 14043 14046 14049 14052 14055 14058 14061 14064 
14067 14070 14073 14076 14079 14082 14085 14088 14091 
14094 14097 14100 14103 14106 14109 14112 14115 14118 
14121 14124 14127 14130 14133 14136 14139 14142 14145 
14148 14151 14154 14157 14160 14163 14166 14169 14172 
14175 14178 14181 14184 14187 14190 14193 14196 14199 
14202 14205 14208 14211 14214 14217 14220 14223 14226 
14229 14232 14235 14238 14241 14244 14247 14250 14253 
14256 14259 14262 14265 14268 14271 14274 14277 14280 
14283 14286 14289 14292 14295 14298 14301 14304 14307 
14310 14313 14316 14319 14322 14325 14328 14331 14334 
14337 14340 14343 14346 14349 14352 14355 14358 14361 
14364 14367 14370 14373 14376 14379 14382 14385 14388 
14391 14394 14397 14400 14403 14406 14409 14412 14415 
14418 14421 14424 14427 14430 14433 14436 14439 14442 
14445 14448 14451 14454 14457 14460 14463 14466 14469 
14472 14475 14478 14481 14484 14487 14490 14493 14496 
14499 14502 14505 14508 14511 14514 14517 14520 14523 
14526 14529 14532 14535 14538 14541 14544 14547 14550 
14553 14556 14559 14562 14565 14568 14571 14574 14577 
14580 14583 14586 14589 14592 14595 14598 14601 14604 
14607 14610 14613 14616 14619 14622 14625 14628 14631 
14634 14637 14640 14643 14646 14649 14652 14655 14658 
14661 14664 14667 14670 14673 14676 14679 14682 14685 
14688 14691 14694 14697 14700 14703 14706 14709 14712 
14715 14718 14721 14724 14727 14730 14733 14736 14739 
14742 14745 14748 14751 14754 14757 14760 14763 14766 
14769 14772 14775 14778 14781 14784 14787 14790 14793 
14796 14799 14802 14805 14808 14811 14814 14817 14820 
14823 14826 14829 14832 14835 14838 14841 14844 14847 
14850 14853 14856 14859 14862 14865 14868 14871 14874 
14877 14880 14883 14886 14889 14892 14895 14898 14901 
14904 14907 14910 14913 14916 14919 14922 14925 14928 
14931 14934 14937 14940 14943 14946 14949 14952 14955 
14958 14961 14964 14967 14970 14973 14976 14979 14982 
14985 14988 14991 14994 14997 15000 15003 15006 15009 
15012 15015 15018 15021 15024 15027 15030 15033 15036 
15039 15042 15045 15048 15051 15054 15057 15060 15063 
15066 15069 15072 15075 15078 15081 15084 15087 15090 
15093 15096 15099 15102 15105 15108 15111 15114 15117 
15120 15123 15126 15129 15132 15135 15138 15141 15144 
15147 15150 15153 15156 15159 15162 15165 15168 15171 
15174 15177 15180 15183 15186 15189 15192 15195 15198 
15201 15204 15207 15210 15213 15216 15219 15222 15225 
15228 15231 15234 15237 15240 15243 15246 15249 15252 
15255 15258 15261 15264 15267 15270 15273 15276 15279 
15282 15285 15288 15291 15294 15297 15300 15303 15306 
15309 15312 15315 15318 15321 15324 15327 15330 15333 
15336 15339 15342 15345 15348 15351 15354 15357 15360 
15363 15366 15369 15372 15375 15378 15381 15384 15387 
15390 15393 15396 15399 15402 15405 15408 15411 15414 
15417 15420 15423 15426 15429 15432 15435 15438 15441 
15444 15447 15450 15453 15456 15459 15462 15465 15468 
15471 15474 15477 15480 15483 15486 15489 15492 15495 
15498 15501 15504 15507 15510 15513 15516 15519 15522 
15525 15528 15531 15534 15537 15540 15543 15546 15549 
15552 15555 15558 15561 15564 15567 15570 15573 15576 
15579 15582 15585 15588 15591 15594 15597 15600 15603 
15606 15609 15612 15615 15618 15621 15624 15627 15630 
15633 15636 15639 15642 15645 15648 15651 15654 15657 
15660 15663 15666 15669 15672 15675 15678 15681 15684 
15687 15690 15693 15696 15699 15702 15705 15708 15711 
15714 15717 15720 15723 15726 15729 15732 15735 15738 
15741 15744 15747 15750 15753 15756 15759 15762 15765 
15768 15771 15774 15777 15780 15783 15786 15789 15792 
15795 15798 15801 15804 15807 15810 15813 15816 15819 
15822 15825 15828 15831 15834 15837 15840 15843 15846 
15849 15852 15855 15858 15861 15864 15867 15870 15873 
15876 15879 15882 15885 15888 15891 15894 15897 15900 
15903 15906 15909 15912 15915 15918 15921 15924 15927 
15930 15933 15936 15939 15942 15945 15948 15951 15954 
15957 15960 15963 15966 15969 15972 15975 15978 15981 
15984 15987 15990 15993 15996 15999 16002 16005 16008 
16011 16014 16017 16020 16023 16026 16029 16032 16035 
16038 16041 16044 16047 16050 16053 16056 16059 16062 
16065 16068 16071 16074 16077 16080 16083 16086 16089 
16092 16095 16098 16101 16104 16107 16110 16113 16116 
16119 16122 16125 16128 16131 16134 16137 16140 16143 
16146 16149 16152 16155 16158 16161 16164 16167 16170 
16173 16176 16179 16182 16185 16188 16191 16194 16197 
16200 16203 16206 16209 16212 16215 16218 16221 16224 
16227 16230 16233 16236 16239 16242 16245 16248 16251 
16254 16257 16260 16263 16266 16269 16272 16275 16278 
16281 16284 16287 16290 16293 16296 16299 16302 16305 
16308 16311 16314 16317 16320 16323 16326 16329 16332 
16335 16338 16341 16344 16347 16350 16353 16356 16359 
16362 16365 16368 16371 16374 16377 16380 16383 16386 
16389 16392 16395 16398 16401 16404 16407 16410 16413 
16416 16419 16422 16425 16428 16431 16434 16437 16440 
16443 16446 16449 16452 16455 16458 16461 16464 16467 
16470 16473 16476 16479 16482 16485 16488 16491 16494 
16497 16500 16503 16506 16509 16512 16515 16518 16521 
16524 16527 16530 16533 16536 16539 16542 16545 16548 
16551 16554 16557 16560 16563 16566 16569 16572 16575 
16578 16581 16584 16587 16590 16593 16596 16599 16602 
16605 16608 16611 16614 16617 16620 16623 16626 16629 
16632 16635 16638 16641 16644 16647 16650 16653 16656 
16659 16662 16665 16668 16671 16674 16677 16680 16683 
16686 16689 16692 16695 16698 16701 16704 16707 16710 
16713 16716 16719 16722 16725 16728 16731 16734 16737 
16740 16743 16746 16749 16752 16755 16758 16761 16764 
16767 16770 16773 16776 16779 16782 16785 16788 16791 
16794 16797 16800 16803 16806 16809 16812 16815 16818 
16821 16824 16827 16830 16833 16836 16839 16842 16845 
16848 16851 16854 16857 16860 16863 16866 16869 16872 
16875 16878 16881 16884 16887 16890 16893 16896 16899 
16902 16905 16908 16911 16914 16917 16920 16923 16926 
16929 16932 16935 16938 16941 16944 16947 16950 16953 
16956 16959 16962 16965 16968 16971 16974 16977 16980 
16983 16986 16989 16992 16995 16998 17001 17004 17007 
17010 17013 17016 17019 17022 17025 17028 17031 17034 
17037 17040 17043 17046 17049 17052 17055 17058 17061 
17064 17067 17070 17073 17076 17079 17082 17085 17088 
17091 17094 17097 17100 17103 17106 17109 17112 17115 
17118 17121 17124 17127 17130 17133 17136 17139 17142 
17145 17148 17151 17154 17157 17160 17163 17166 17169 
17172 17175 17178 17181 17184 17187 17190 17193 17196 
17199 17202 17205 17208 17211 17214 17217 17220 17223 
17226 17229 17232 17235 17238 17241 17244 17247 17250 
17253 17256 17259 17262 17265 17268 17271 17274 17277 
17280 17283 17286 17289 17292 17295 17298 17301 17304 
17307 17310 17313 17316 17319 17322 17325 17328 17331 
17334 17337 17340 17343 17346 17349 17352 17355 17358 
17361 17364 17367 17370 17373 17376 17379 17382 17385 
17388 17391 17394 17397 17400 17403 17406 17409 17412 
17415 17418 17421 17424 17427 17430 17433 17436 17439 
17442 17445 17448 17451 17454 17457 17460 17463 17466 
17469 17472 17475 17478 17481 17484 17487 17490 17493 
17496 17499 17502 17505 17508 17511 17514 17517 17520 
17523 17526 17529 17532 17535 17538 17541 17544 17547 
17550 17553 17556 17559 17562 17565 17568 17571 17574 
17577 17580 17583 17586 17589 17592 17595 17598 17601 
17604 17607 17610 17613 17616 17619 17622 17625 17628 
17631 17634 17637 17640 17643 17646 17649 17652 17655 
17658 17661 17664 17667 17670 17673 17676 17679 17682 
17685 17688 17691 17694 17697 17700 17703 17706 17709 
17712 17715 17718 17721 17724 17727 17730 17733 17736 
17739 17742 17745 17748 17751 17754 17757 17760 17763 
17766 17769 17772 17775 17778 17781 17784 17787 17790 
17793 17796 17799 17802 17805 17808 17811 17814 17817 
17820 17823 17826 17829 17832 17835 17838 17841 17844 
17847 17850 17853 17856 17859 17862 17865 17868 17871 
17874 17877 17880 17883 17886 17889 17892 17895 17898 
17901 17904 17907 17910 17913 17916 17919 17922 17925 
17928 17931 17934 17937 17940 17943 17946 17949 17952 
17955 17958 17961 17964 17967 17970 17973 17976 17979 
17982 17985 17988 17991 17994 17997 18000 18003 18006 
18009 18012 18015 18018 18021 18024 18027 18030 18033 
18036 18039 18042 18045 18048 18051 18054 18057 18060 
18063 18066 18069 18072 18075 18078 18081 18084 18087 
18090 18093 18096 18099 18102 18105 18108 18111 18114 
18117 18120 18123 18126 18129 18132 18135 18138 18141 
18144 18147 18150 18153 18156 18159 18162 18165 18168 
18171 18174 18177 18180 18183 18186 18189 18192 18195 
18198 18201 18204 18207 18210 18213 18216 18219 18222 
18225 18228 18231 18234 18237 18240 18243 18246 18249 
18252 18255 18258 18261 18264 18267 18270 18273 18276 
18279 18282 18285 18288 18291 18294 18297 18300 18303 
18306 18309 18312 18315 18318 18321 18324 18327 18330 
18333 18336 18339 18342 18345 18348 18351 18354 18357 
18360 18363 18366 18369 18372 18375 18378 18381 18384 
18387 18390 18393 18396 18399 18402 18405 18408 18411 
18414 18417 18420 18423 18426 18429 18432 18435 18438 
18441 18444 18447 18450 18453 18456 18459 18462 18465 
18468 18471 18474 18477 18480 18483 18486 18489 18492 
18495 18498 18501 18504 18507 18510 18513 18516 18519 
18522 18525 18528 18531 18534 18537 18540 18543 18546 
18549 18552 18555 18558 18561 18564 18567 18570 18573 
18576 18579 18582 18585 18588 18591 18594 18597 18600 
18603 18606 18609 18612 18615 18618 18621 18624 18627 
18630 18633 18636 18639 18642 18645 18648 18651 18654 
18657 18660 18663 18666 18669 18672 18675 18678 18681 
18684 18687 18690 18693 18696 18699 18702 18705 18708 
18711 18714 18717 18720 18723 18726 18729 18732 18735 
18738 18741 18744 18747 18750 18753 18756 18759 18762 
18765 18768 18771 18774 18777 18780 18783 18786 18789 
18792 18795 18798 18801 18804 18807 18810 18813 18816 
18819 18822 18825 18828 18831 18834 18837 18840 18843 
18846 18849 18852 18855 18858 18861 18864 18867 18870 
18873 18876 18879 18882 18885 18888 18891 18894 18897 
18900 18903 18906 18909 18912 18915 18918 18921 18924 
18927 18930 18933 18936 18939 18942 18945 18948 18951 
18954 18957 18960 18963 18966 18969 18972 18975 18978 
18981 18984 18987 18990 18993 18996 18999 19002 19005 
19008 19011 19014 19017 19020 19023 19026 19029 19032 
19035 19038 19041 19044 19047 19050 19053 19056 19059 
19062 19065 19068 19071 19074 19077 19080 19083 19086 
19089 19092 19095 19098 19101 19104 19107 19110 19113 
19116 19119 19122 19125 19128 19131 19134 19137 19140 
19143 19146 19149 19152 19155 19158 19161 19164 19167 
19170 19173 19176 19179 19182 19185 19188 19191 19194 
19197 19200 19203 19206 19209 19212 19215 19218 19221 
19224 19227 19230 19233 19236 19239 19242 19245 19248 
19251 19254 19257 19260 19263 19266 19269 19272 19275 
19278 19281 19284 19287 19290 19293 19296 19299 19302 
19305 19308 19311 19314 19317 19320 19323 19326 19329 
19332 19335 19338 19341 19344 19347 19350 19353 19356 
19359 19362 19365 19368 19371 19374 19377 19380 19383 
19386 19389 19392 19395 19398 19401 19404 19407 19410 
19413 19416 19419 19422 19425 19428 19431 19434 19437 
19440 19443 19446 19449 19452 19455 19458 19461 19464 
19467 19470 19473 19476 19479 19482 19485 19488 19491 
19494 19497 19500 19503 19506 19509 19512 19515 19518 
19521 19524 19527 19530 19533 19536 19539 19542 19545 
19548 19551 19554 19557 19560 19563 19566 19569 19572 
19575 19578 19581 19584 19587 19590 19593 19596 19599 
19602 19605 19608 19611 19614 19617 19620 19623 19626 
19629 19632 19635 19638 19641 19644 19647 19650 19653 
19656 19659 19662 19665 19668 19671 19674 19677 19680 
19683 19686 19689 19692 19695 19698 19701 19704 19707 
19710 19713 19716 19719 19722 19725 19728 19731 19734 
19737 19740 19743 19746 19749 19752 19755 19758 19761 
19764 19767 19770 19773 19776 19779 19782 19785 19788 
19791 19794 19797 19800 19803 19806 19809 19812 19815 
19818 19821 19824 19827 19830 19833 19836 19839 19842 
19845 19848 19851 19854 19857 19860 19863 19866 19869 
19872 19875 19878 19881 19884 19887 19890 19893 19896 
19899 19902 19905 19908 19911 19914 19917 19920 19923 
19926 19929 19932 19935 19938 19941 19944 19947 19950 
19953 19956 19959 19962 19965 19968 19971 19974 19977 
19980 19983 19986 19989 19992 19995 19998 20001 20004 
20007 20010 20013 20016 20019 20022 20025 20028 20031 
20034 20037 20040 20043 20046 20049 20052 20055 20058 
20061 20064 20067 20070 20073 20076 20079 20082 20085 
20088 20091 20094 20097 20100 20103 20106 20109 20112 
20115 20118 20121 20124 20127 20130 20133 20136 20139 
20142 20145 20148 20151 20154 20157 20160 20163 20166 
20169 20172 20175 20178 20181 20184 20187 20190 20193 
20196 20199 20202 20205 20208 20211 20214 20217 20220 
20223 20226 20229 20232 20235 20238 20241 20244 20247 
20250 20253 20256 20259 20262 20265 20268 20271 20274 
20277 20280 20283 20286 20289 20292 20295 20298 20301 
20304 20307 20310 20313 20316 20319 20322 20325 20328 
20331 20334 20337 20340 20343 20346 20349 20352 20355 
20358 20361 20364 20367 20370 20373 20376 20379 20382 
20385 20388 20391 20394 20397 20400 20403 20406 20409 
20412 20415 20418 20421 20424 20427 20430 20433 20436 
20439 20442 20445 20448 20451 20454 20457 20460 20463 
20466 20469 20472 20475 20478 20481 20484 20487 20490 
20493 20496 20499 20502 20505 20508 20511 20514 20517 
20520 20523 20526 20529 20532 20535 20538 20541 20544 
20547 20550 20553 20556 20559 20562 20565 20568 20571 
20574 20577 20580 20583 20586 20589 20592 20595 20598 
20601 20604 20607 20610 20613 20616 20619 20622 20625 
20628 20631 20634 20637 20640 20643 20646 20649 20652 
20655 20658 20661 20664 20667 20670 20673 20676 20679 
20682 20685 20688 20691 20694 20697 20700 20703 20706 
20709 20712 20715 20718 20721 20724 20727 20730 20733 
20736 20739 20742 20745 20748 20751 20754 20757 20760 
20763 20766 20769 20772 20775 20778 20781 20784 20787 
20790 20793 20796 20799 20802 20805 20808 20811 20814 
20817 20820 20823 20826 20829 20832 20835 20838 20841 
20844 20847 20850 20853 20856 20859 20862 20865 20868 
20871 20874 20877 20880 20883 20886 20889 20892 20895 
20898 20901 20904 20907 20910 20913 20916 20919 20922 
20925 20928 20931 20934 20937 20940 20943 20946 20949 
20952 20955 20958 20961 20964 20967 20970 20973 20976 
20979 20982 20985 20988 20991 20994 20997 21000 21003 
21006 21009 21012 21015 21018 21021 21024 21027 21030 
21033 21036 21039 21042 21045 21048 21051 21054 21057 
21060 21063 21066 21069 21072 21075 21078 21081 21084 
21087 21090 21093 21096 21099 21102 21105 21108 21111 
21114 21117 21120 21123 21126 21129 21132 21135 21138 
21141 21144 21147 21150 21153 21156 21159 21162 21165 
21168 21171 21174 21177 21180 21183 21186 21189 21192 
21195 21198 21201 21204 21207 21210 21213 21216 21219 
21222 21225 21228 21231 21234 21237 21240 21243 21246 
21249 21252 21255 21258 21261 21264 21267 21270 21273 
21276 21279 21282 21285 21288 21291 21294 21297 21300 
21303 21306 21309 21312 21315 21318 21321 21324 21327 
21330 21333 21336 21339 21342 21345 21348 21351 21354 
21357 21360 21363 21366 21369 21372 21375 21378 21381 
21384 21387 21390 21393 21396 21399 21402 21405 21408 
21411 21414 21417 21420 21423 21426 21429 21432 21435 
21438 21441 21444 21447 21450 21453 21456 21459 21462 
21465 21468 21471 21474 21477 21480 21483 21486 21489 
21492 21495 21498 21501 21504 21507 21510 21513 21516 
21519 21522 21525 21528 21531 21534 21537 21540 21543 
21546 21549 21552 21555 21558 21561 21564 21567 21570 
21573 21576 21579 21582 21585 21588 21591 21594 21597 
21600 21603 21606 21609 21612 21615 21618 21621 21624 
21627 21630 21633 21636 21639 21642 21645 21648 21651 
21654 21657 21660 21663 21666 21669 21672 21675 21678 
21681 21684 21687 21690 21693 21696 21699 21702 21705 
21708 21711 21714 21717 21720 21723 21726 21729 21732 
21735 21738 21741 21744 21747 21750 21753 21756 21759 
21762 21765 21768 21771 21774 21777 21780 21783 21786 
21789 21792 21795 21798 21801 21804 21807 21810 21813 
21816 21819 21822 21825 21828 21831 21834 21837 21840 
21843 21846 21849 21852 21855 21858 21861 21864 21867 
21870 21873 21876 21879 21882 21885 21888 21891 21894 
21897 21900 21903 21906 21909 21912 21915 21918 21921 
21924 21927 21930 21933 21936 21939 21942 21945 21948 
21951 21954 21957 21960 21963 21966 21969 21972 21975 
21978 21981 21984 21987 21990 21993 21996 21999 22002 
22005 22008 22011 22014 22017 22020 22023 22026 22029 
22032 22035 22038 22041 22044 22047 22050 22053 22056 
22059 22062 22065 22068 22071 22074 22077 22080 22083 
22086 22089 22092 22095 22098 22101 22104 22107 22110 
22113 22116 22119 22122 22125 22128 22131 22134 22137 
22140 22143 22146 22149 22152 22155 22158 22161 22164 
22167 22170 22173 22176 22179 22182 22185 22188 22191 
22194 22197 22200 22203 22206 22209 22212 22215 22218 
22221 22224 22227 22230 22233 22236 22239 22242 22245 
22248 22251 22254 22257 22260 22263 22266 22269 22272 
22275 22278 22281 22284 22287 22290 22293 22296 22299 
22302 22305 22308 22311 22314 22317 22320 22323 22326 
22329 22332 22335 22338 22341 22344 22347 22350 22353 
22356 22359 22362 22365 22368 22371 22374 22377 22380 
22383 22386 22389 22392 22395 22398 22401 22404 22407 
22410 22413 22416 22419 22422 22425 22428 22431 22434 
22437 22440 22443 22446 22449 22452 22455 22458 22461 
22464 22467 22470 22473 22476 22479 22482 22485 22488 
22491 22494 22497 22500 22503 22506 22509 22512 22515 
22518 22521 22524 22527 22530 22533 22536 22539 22542 
22545 22548 22551 22554 22557 22560 22563 22566 22569 
22572 22575 22578 22581 22584 22587 22590 22593 22596 
22599 22602 22605 22608 22611 22614 22617 22620 22623 
22626 22629 22632 22635 22638 22641 22644 22647 22650 
22653 22656 22659 22662 22665 22668 22671 22674 22677 
22680 22683 22686 22689 22692 22695 22698 22701 22704 
22707 22710 22713 22716 22719 22722 22725 22728 22731 
22734 22737 22740 22743 22746 22749 22752 22755 22758 
22761 22764 22767 22770 22773 22776 22779 22782 22785 
22788 22791 22794 22797 22800 22803 22806 22809 22812 
22815 22818 22821 22824 22827 22830 22833 22836 22839 
22842 22845 22848 22851 22854 22857 22860 22863 22866 
22869 22872 22875 22878 22881 22884 22887 22890 22893 
22896 22899 22902 22905 22908 22911 22914 22917 22920 
22923 22926 22929 22932 22935 22938 22941 22944 22947 
22950 22953 22956 22959 22962 22965 22968 22971 22974 
22977 22980 22983 22986 22989 22992 
CONNECTIVITY vtktypeint64
0 1 2 1 0 3 4 5 6 
4 7 8 5 4 8 7 9 10 
8 7 10 9 11 12 10 9 12 
2 13 0 12 11 14 3 0 13 
15 16 17 15 18 19 16 15 19 
6 19 18 6 18 4 4 18 20 
7 4 21 21 4 20 22 23 9 
22 9 21 21 9 7 11 9 23 
24 11 23 14 11 24 25 26 27 
25 28 29 26 25 29 28 30 31 
29 28 31 30 32 33 31 30 33 
32 34 35 33 32 35 34 36 37 
35 34 37 36 38 39 37 36 39 
38 40 41 39 38 41 17 41 40 
17 40 15 15 40 42 18 15 43 
43 15 42 44 45 20 44 20 43 
43 20 18 21 20 45 46 21 45 
22 21 46 25 27 47 28 25 47 
48 28 47 30 28 48 49 30 48 
32 30 49 50 32 49 50 51 52 
50 52 32 32 52 34 36 34 53 
53 34 52 38 36 54 54 36 53 
40 38 55 55 38 54 56 57 42 
56 42 55 55 42 40 43 42 57 
58 43 57 44 43 58 52 51 59 
53 52 59 60 53 59 54 53 60 
61 54 60 55 54 61 62 55 61 
56 55 62 63 64 65 63 66 67 
64 63 67 66 68 69 67 66 69 
69 68 70 71 72 73 71 74 75 
72 71 75 74 76 77 75 74 77 
76 78 79 77 76 79 78 80 81 
79 78 81 81 80 82 83 84 85 
83 86 87 84 83 87 86 88 89 
87 86 89 88 90 91 89 88 91 
65 91 90 63 65 90 63 90 2 
63 2 1 3 63 1 3 92 63 
92 66 63 93 94 68 93 68 92 
92 68 66 70 68 94 95 96 97 
73 96 95 73 95 71 71 95 98 
74 71 99 99 71 98 76 74 100 
100 74 99 78 76 101 101 76 100 
80 78 102 102 78 101 103 82 80 
103 80 104 104 80 102 104 105 106 
103 104 106 105 107 108 106 105 108 
107 109 110 108 107 110 85 110 109 
83 85 109 83 109 6 83 6 5 
8 83 5 86 83 8 10 86 8 
88 86 10 12 88 10 90 88 12 
14 90 12 14 111 90 2 90 13 
13 90 111 13 111 112 3 13 112 
3 112 113 3 113 92 93 92 113 
114 95 97 115 114 97 98 95 116 
116 95 114 99 98 117 117 98 116 
100 99 118 118 99 117 101 100 119 
119 100 118 102 101 120 120 101 119 
104 102 121 121 102 120 105 104 122 
122 104 121 16 122 17 16 107 122 
107 105 122 19 107 16 109 107 19 
6 109 19 23 123 124 22 123 23 
24 23 125 23 124 125 111 14 24 
111 24 126 126 24 125 112 111 126 
127 128 129 115 128 127 114 115 127 
114 127 27 114 27 26 29 114 26 
116 114 29 31 116 29 117 116 31 
33 117 31 118 117 33 35 118 33 
119 118 35 37 119 35 120 119 37 
39 120 37 121 120 39 41 121 39 
122 121 41 17 122 41 45 44 130 
131 45 130 131 132 45 132 46 45 
123 22 46 132 123 46 127 129 133 
27 127 133 27 133 47 47 133 134 
48 47 135 47 134 135 49 48 136 
48 135 136 137 136 138 137 50 136 
50 49 136 50 137 51 57 56 139 
140 57 139 140 141 57 141 58 57 
130 44 58 130 58 142 142 58 141 
131 130 142 137 138 143 51 137 143 
51 143 59 59 143 144 60 59 145 
59 144 145 61 60 146 60 145 146 
62 61 147 61 146 147 139 56 62 
139 62 148 148 62 147 140 139 148 
149 150 151 149 152 153 150 149 153 
152 154 155 153 152 155 154 156 157 
155 154 157 156 158 159 157 156 159 
158 160 161 159 158 161 160 162 163 
161 160 163 163 162 164 165 166 167 
165 168 169 166 165 169 168 170 171 
169 168 171 170 172 173 171 170 173 
172 174 175 173 172 175 174 176 177 
175 174 177 176 178 179 177 176 179 
178 180 181 179 178 181 180 182 183 
181 180 183 182 184 185 183 182 185 
184 186 187 185 184 187 186 188 189 
187 186 189 188 190 191 189 188 191 
190 192 193 191 190 193 151 193 192 
149 151 192 149 192 65 149 65 64 
67 149 64 152 149 67 69 152 67 
154 152 69 70 154 69 70 194 154 
194 156 154 158 156 195 195 156 194 
196 197 160 196 160 195 195 160 158 
162 160 197 198 162 197 164 162 198 
199 165 167 200 199 167 72 199 73 
72 168 199 168 165 199 75 168 72 
170 168 75 77 170 75 172 170 77 
79 172 77 174 172 79 81 174 79 
176 174 81 82 176 81 82 201 176 
201 178 176 180 178 202 202 178 201 
182 180 203 203 180 202 184 182 204 
204 182 203 84 204 85 84 186 204 
186 184 204 87 186 84 188 186 87 
89 188 87 190 188 89 91 190 89 
192 190 91 65 192 91 94 93 205 
94 205 206 70 94 206 70 206 207 
70 207 194 195 194 207 208 195 207 
196 195 208 96 199 200 96 200 97 
97 200 209 73 199 96 82 103 201 
106 201 103 202 201 106 108 202 106 
203 202 108 110 203 108 204 203 110 
85 204 110 113 210 211 112 210 113 
205 93 113 205 113 212 212 113 211 
206 205 212 97 209 115 209 213 115 
124 123 214 215 124 214 215 216 124 
216 125 124 126 125 217 125 216 217 
210 112 126 217 210 126 128 218 219 
129 128 219 213 128 115 218 128 213 
132 220 221 131 220 132 214 123 132 
214 132 222 222 132 221 215 214 222 
129 219 223 133 129 223 134 133 224 
133 223 224 135 134 225 134 224 225 
226 225 227 226 136 225 136 135 225 
136 226 138 141 228 229 140 228 141 
142 141 230 141 229 230 220 131 142 
230 220 142 226 227 231 138 226 231 
138 231 143 143 231 232 144 143 233 
143 232 233 145 144 234 144 233 234 
146 145 235 145 234 235 147 146 236 
146 235 236 148 147 237 147 236 237 
228 140 148 237 228 148 238 239 240 
239 238 241 242 243 244 242 245 246 
243 242 246 245 247 248 246 245 248 
247 249 250 248 247 250 249 251 252 
250 249 252 251 253 254 252 251 254 
253 255 256 254 253 256 240 256 255 
240 255 238 238 255 257 258 241 238 
258 238 259 259 238 257 259 260 261 
258 259 261 260 262 263 261 260 263 
262 264 265 263 262 265 264 266 267 
265 264 267 267 266 268 269 270 271 
269 272 273 270 269 273 272 274 275 
273 272 275 274 276 277 275 274 277 
276 278 279 277 276 279 278 280 281 
279 278 281 280 282 283 281 280 283 
282 284 285 283 282 285 284 286 287 
285 284 287 286 288 289 287 286 289 
244 289 288 244 288 242 242 288 290 
245 242 291 291 242 290 247 245 292 
292 245 291 249 247 293 293 247 292 
251 249 294 294 249 293 150 294 151 
150 253 294 253 251 294 153 253 150 
255 253 153 155 255 153 257 255 155 
157 257 155 259 257 157 159 259 157 
260 259 159 161 260 159 262 260 161 
163 262 161 264 262 163 164 264 163 
164 295 264 295 266 264 296 268 266 
295 296 266 297 269 271 298 297 271 
166 297 167 166 272 297 272 269 297 
169 272 166 274 272 169 171 274 169 
276 274 171 173 276 171 278 276 173 
175 278 173 280 278 175 177 280 175 
282 280 177 179 282 177 284 282 179 
181 284 179 286 284 181 183 286 181 
288 286 183 185 288 183 290 288 185 
187 290 185 291 290 187 189 291 187 
292 291 189 191 292 189 293 292 191 
193 293 191 294 293 193 151 294 193 
197 196 299 197 300 198 299 300 197 
198 295 164 198 300 295 300 301 295 
302 296 295 301 302 295 303 297 298 
304 303 298 167 303 200 297 303 167 
207 206 305 207 306 208 305 306 207 
208 299 196 208 306 299 306 307 299 
308 309 300 308 300 307 307 300 299 
301 300 309 310 301 309 302 301 310 
311 303 304 312 311 304 200 311 209 
303 311 200 211 313 314 210 313 211 
212 211 315 211 314 315 305 206 212 
305 212 316 316 212 315 306 305 316 
317 306 316 307 306 317 318 307 317 
308 307 318 319 311 312 320 319 312 
209 319 213 311 319 209 321 322 323 
321 216 215 321 323 216 323 324 216 
217 216 325 216 324 325 313 210 217 
325 313 217 218 319 320 218 320 219 
219 320 326 213 319 218 327 328 329 
327 221 220 327 329 221 329 330 221 
322 321 222 322 222 330 330 222 221 
215 222 321 219 326 331 223 219 331 
224 223 332 223 331 332 333 332 334 
333 225 332 225 224 332 225 333 227 
335 336 337 335 229 228 335 337 229 
337 338 229 328 327 230 328 230 338 
338 230 229 220 230 327 333 334 339 
227 333 339 227 339 231 231 339 340 
232 231 341 231 340 341 233 232 342 
232 341 342 234 233 343 233 342 343 
235 234 344 234 343 344 236 235 345 
235 344 345 336 335 237 336 237 345 
345 237 236 228 237 335 346 347 348 
347 346 349 350 351 352 350 353 354 
351 350 354 353 355 356 354 353 356 
355 357 358 356 355 358 348 358 357 
348 357 346 346 357 359 360 349 346 
360 346 361 361 346 359 361 362 363 
360 361 363 363 362 364 365 366 367 
365 368 369 366 365 369 368 370 371 
369 368 371 370 372 373 371 370 373 
352 373 372 352 372 350 350 372 374 
239 374 240 239 353 374 353 350 374 
241 353 239 241 375 353 375 355 353 
357 355 376 376 355 375 359 357 377 
377 357 376 361 359 378 378 359 377 
362 361 379 379 361 378 380 364 362 
379 380 362 381 382 383 381 384 385 
382 381 385 384 386 387 385 384 387 
386 388 389 387 386 389 388 390 391 
389 388 391 391 390 392 393 394 395 
393 396 397 394 393 397 396 398 399 
397 396 399 398 244 243 398 243 399 
399 243 400 246 401 243 243 401 400 
367 248 365 367 401 248 401 246 248 
250 365 248 368 365 250 252 368 250 
370 368 252 254 370 252 372 370 254 
256 372 254 374 372 256 240 374 256 
241 258 375 261 375 258 376 375 261 
263 376 261 377 376 263 265 377 263 
378 377 265 267 378 265 379 378 267 
379 267 268 379 268 380 380 268 402 
270 381 383 270 383 271 271 383 403 
273 381 270 384 381 273 275 384 273 
386 384 275 277 386 275 388 386 277 
279 388 277 390 388 279 390 404 392 
390 279 404 279 281 404 283 405 281 
281 405 404 395 285 393 395 405 285 
405 283 285 287 393 285 396 393 287 
289 396 287 398 396 289 244 398 289 
268 296 402 402 296 406 271 403 298 
403 407 298 408 409 410 408 410 406 
408 406 302 302 406 296 298 407 304 
407 411 304 309 412 413 308 412 309 
409 408 310 409 310 413 413 310 309 
302 310 408 304 411 312 411 414 312 
314 415 416 313 415 314 315 314 417 
314 416 417 316 315 418 315 417 418 
317 316 419 316 418 419 318 317 420 
317 419 420 412 308 318 420 412 318 
421 422 423 421 414 422 421 320 414 
320 312 414 323 424 425 322 424 323 
324 323 426 323 425 426 325 324 427 
324 426 427 415 313 325 427 415 325 
428 421 423 429 428 423 320 428 326 
421 428 320 329 430 431 328 430 329 
330 329 432 329 431 432 424 322 330 
432 424 330 428 429 433 326 428 433 
326 433 331 331 433 434 435 434 436 
435 332 434 332 331 434 332 435 334 
337 437 438 336 437 337 338 337 439 
337 438 439 430 328 338 439 430 338 
435 436 440 334 435 440 334 440 339 
339 440 441 340 339 442 339 441 442 
341 340 443 340 442 443 342 341 444 
341 443 444 343 342 445 342 444 445 
344 343 446 343 445 446 345 344 447 
344 446 447 437 336 345 447 437 345 
448 449 450 448 451 452 449 448 452 
452 451 453 454 455 456 454 457 458 
455 454 458 450 458 457 448 450 457 
448 457 348 448 348 347 349 448 347 
349 459 448 459 451 448 460 453 451 
459 460 451 461 462 463 461 352 351 
461 351 462 462 351 464 354 465 351 
351 465 464 456 356 454 456 465 356 
465 354 356 358 454 356 457 454 358 
348 457 358 349 360 459 459 360 363 
459 363 466 459 466 460 466 363 467 
363 364 467 468 469 470 468 471 472 
469 468 472 471 473 474 472 471 474 
474 473 475 476 477 478 476 479 480 
477 476 480 479 367 366 479 366 480 
480 366 481 369 482 366 366 482 481 
371 483 369 369 483 482 463 373 461 
463 483 373 483 371 373 352 461 373 
467 484 466 484 467 364 484 364 485 
485 364 380 486 487 488 486 383 382 
486 382 487 487 382 489 470 385 468 
470 489 385 489 382 385 387 468 385 
471 468 387 389 471 387 473 471 389 
473 490 475 473 389 490 389 391 490 
392 491 492 392 492 391 391 492 490 
491 493 494 492 491 494 493 395 394 
493 394 494 494 394 495 397 496 394 
394 496 495 399 497 397 397 497 496 
478 400 476 478 497 400 497 399 400 
401 476 400 479 476 401 367 479 401 
498 499 500 498 500 485 498 485 402 
402 485 380 486 488 501 501 383 486 
501 502 383 502 403 383 392 404 491 
405 491 404 493 491 405 395 493 405 
503 499 498 504 499 503 402 406 503 
498 402 503 403 502 407 502 505 407 
410 504 503 410 409 504 409 506 504 
406 410 503 507 508 509 507 505 508 
507 411 505 411 407 505 413 510 511 
412 510 413 506 409 413 511 506 413 
512 507 509 513 512 509 411 512 414 
507 512 411 416 514 515 415 514 416 
417 416 516 416 515 516 418 417 517 
417 516 517 419 418 518 418 517 518 
420 419 519 419 518 519 510 412 420 
519 510 420 520 521 522 513 521 520 
512 513 520 512 520 423 512 423 422 
414 512 422 523 524 525 523 425 424 
523 525 425 525 526 425 426 425 527 
425 526 527 427 426 528 426 527 528 
514 415 427 528 514 427 529 520 522 
530 529 522 423 529 429 520 529 423 
531 532 533 531 431 430 531 533 431 
533 534 431 524 523 432 524 432 534 
534 432 431 424 432 523 535 529 530 
536 535 530 429 537 433 429 529 537 
529 535 537 433 538 434 537 538 433 
434 538 436 539 540 541 539 438 437 
539 541 438 541 542 438 532 531 439 
532 439 542 542 439 438 430 439 531 
535 536 543 537 535 543 544 537 543 
538 537 544 545 538 544 436 538 545 
436 545 440 440 545 546 441 440 547 
440 546 547 442 441 548 441 547 548 
443 442 549 442 548 549 444 443 550 
443 549 550 445 444 551 444 550 551 
446 445 552 445 551 552 540 539 447 
540 447 552 552 447 446 437 447 539 
553 554 555 554 553 556 557 558 559 
557 560 561 558 557 561 555 561 560 
553 555 560 553 560 450 553 450 449 
553 562 556 553 449 562 449 452 562 
562 452 453 563 562 453 564 565 566 
559 565 564 557 559 564 557 564 456 
557 456 455 458 557 455 560 557 458 
450 560 458 453 460 563 563 460 567 
568 569 570 569 568 571 572 573 574 
572 463 462 572 462 573 573 462 575 
464 576 462 462 576 575 566 465 564 
566 576 465 576 464 465 456 564 465 
460 466 567 567 466 577 469 578 579 
470 469 579 472 580 469 469 580 578 
570 474 568 570 580 474 580 472 474 
475 581 582 474 475 582 474 582 571 
474 571 568 581 583 584 582 581 584 
583 585 586 584 583 586 585 587 588 
586 585 588 587 589 590 588 587 590 
589 591 592 590 589 592 591 478 477 
591 477 592 592 477 593 480 594 477 
477 594 593 481 595 480 480 595 594 
482 596 481 481 596 595 574 483 572 
574 596 483 596 482 483 463 572 483 
597 466 484 597 598 466 598 577 466 
484 485 597 599 600 601 599 488 487 
599 487 600 600 487 602 489 603 487 
487 603 602 579 489 470 603 489 579 
475 490 581 492 581 490 583 581 492 
494 583 492 585 583 494 495 585 494 
587 585 495 496 587 495 589 587 496 
497 589 496 591 589 497 478 591 497 
500 598 597 500 499 598 499 604 598 
485 500 597 599 601 605 606 605 607 
501 605 606 501 599 605 501 488 599 
501 606 502 499 504 604 604 504 608 
609 606 607 610 609 607 502 609 505 
606 609 502 611 612 613 611 613 608 
611 608 506 506 608 504 614 615 616 
610 615 614 609 610 614 609 614 509 
609 509 508 505 609 508 617 618 619 
612 617 619 611 617 612 611 510 617 
611 511 510 506 511 611 620 614 616 
621 620 616 509 620 513 614 620 509 
515 622 623 514 622 515 516 515 624 
515 623 624 517 516 625 516 624 625 
518 517 626 517 625 626 618 617 519 
618 519 626 626 519 518 510 519 617 
627 628 629 627 630 631 628 627 631 
621 631 630 620 621 630 620 630 522 
620 522 521 513 620 521 525 632 633 
524 632 525 526 525 634 525 633 634 
527 526 635 526 634 635 528 527 636 
527 635 636 622 514 528 636 622 528 
627 629 637 637 638 639 637 639 627 
627 639 630 522 639 530 630 639 522 
640 641 642 640 533 532 640 642 533 
642 643 533 534 533 644 533 643 644 
632 524 534 644 632 534 639 638 645 
645 530 639 645 646 530 646 536 530 
647 648 649 647 541 540 647 649 541 
649 650 541 641 640 542 641 542 650 
650 542 541 532 542 640 536 646 651 
543 536 651 544 543 652 543 651 652 
545 544 653 544 652 653 546 545 654 
545 653 654 547 546 655 546 654 655 
548 547 656 547 655 656 549 548 657 
548 656 657 550 549 658 549 657 658 
551 550 659 550 658 659 648 647 552 
648 552 659 659 552 551 540 552 647 
660 661 662 660 663 664 661 660 664 
663 555 554 663 554 664 664 554 665 
665 554 556 666 665 556 667 668 669 
662 668 667 660 662 667 660 667 559 
660 559 558 561 660 558 663 660 561 
555 663 561 556 670 666 562 670 556 
670 562 563 671 670 563 672 673 674 
669 673 672 667 669 672 667 672 566 
667 566 565 559 667 565 563 567 671 
671 567 675 676 677 678 676 570 569 
676 569 677 677 569 679 571 680 681 
571 681 569 569 681 679 680 682 683 
681 680 683 683 682 684 685 686 687 
685 574 573 685 573 686 686 573 688 
575 689 573 573 689 688 674 576 672 
674 689 576 689 575 576 566 672 576 
567 577 675 675 577 690 691 692 693 
691 579 578 691 578 692 692 578 694 
678 580 676 678 694 580 694 578 580 
570 676 580 571 582 680 584 680 582 
682 680 584 682 695 684 682 584 695 
584 586 695 588 696 586 586 696 695 
590 697 588 588 697 696 592 698 590 
590 698 697 593 699 592 592 699 698 
594 700 593 593 700 699 595 701 594 
594 701 700 687 596 685 687 701 596 
701 595 596 574 685 596 577 598 690 
690 598 702 703 704 705 703 601 600 
703 600 704 704 600 706 602 707 600 
600 707 706 693 603 691 693 707 603 
707 602 603 579 691 603 708 709 710 
708 710 702 708 702 604 604 702 598 
703 705 711 712 711 713 605 711 712 
605 703 711 605 601 703 605 712 607 
714 709 708 715 709 714 604 608 714 
708 604 714 716 717 718 713 717 716 
713 716 712 712 716 719 607 719 610 
712 719 607 720 721 722 715 720 722 
714 720 715 714 612 720 714 613 612 
608 613 714 723 724 725 723 726 727 
724 723 727 718 727 726 718 726 716 
716 726 728 615 728 616 615 719 728 
719 716 728 610 719 615 619 721 720 
619 618 721 618 729 721 612 619 720 
723 725 730 730 731 732 730 732 723 
723 732 726 728 726 733 733 726 732 
616 733 621 728 733 616 623 734 735 
622 734 623 624 623 736 623 735 736 
625 624 737 624 736 737 626 625 738 
625 737 738 729 618 626 738 729 626 
628 732 731 628 731 629 629 731 739 
631 732 628 733 732 631 621 733 631 
740 741 742 740 633 632 740 742 633 
742 743 633 634 633 744 633 743 744 
635 634 745 634 744 745 636 635 746 
635 745 746 734 622 636 746 734 636 
629 739 747 637 629 747 747 638 637 
748 638 747 642 749 750 641 749 642 
643 642 751 642 750 751 741 740 644 
741 644 751 751 644 643 632 644 740 
638 748 752 645 638 752 752 646 645 
753 646 752 754 755 756 754 649 648 
754 756 649 756 757 649 650 649 758 
649 757 758 749 641 650 758 749 650 
646 753 759 651 646 759 652 651 760 
651 759 760 653 652 761 652 760 761 
654 653 762 653 761 762 655 654 763 
654 762 763 656 655 764 655 763 764 
657 656 765 656 764 765 658 657 766 
657 765 766 755 754 659 755 659 766 
766 659 658 648 659 754 767 768 769 
767 770 771 768 767 771 771 770 772 
773 767 769 774 773 769 661 773 662 
661 770 773 770 767 773 770 775 772 
770 661 775 661 664 775 776 777 775 
776 775 665 665 775 664 665 666 776 
778 779 780 774 779 778 773 774 778 
773 778 669 773 669 668 662 773 668 
776 781 777 782 783 781 670 782 781 
670 781 776 670 776 666 670 671 782 
784 785 786 780 785 784 778 780 784 
778 784 674 778 674 673 669 778 673 
782 787 783 787 782 671 787 671 788 
788 671 675 677 789 790 678 677 790 
679 791 677 677 791 789 681 792 679 
679 792 791 683 793 681 681 793 792 
684 794 795 684 795 683 683 795 793 
794 796 797 795 794 797 796 798 799 
797 796 799 798 800 801 799 798 801 
801 800 802 803 804 805 803 806 807 
804 803 807 806 687 686 806 686 807 
807 686 808 688 809 686 686 809 808 
786 689 784 786 809 689 809 688 689 
674 784 689 675 690 788 788 690 810 
811 812 813 811 693 692 811 692 812 
812 692 814 694 815 692 692 815 814 
790 694 678 815 694 790 684 695 794 
696 794 695 796 794 696 697 796 696 
798 796 697 698 798 697 800 798 698 
800 816 802 800 698 816 698 699 816 
805 700 803 805 816 700 816 699 700 
701 803 700 806 803 701 687 806 701 
690 702 810 810 702 817 818 819 820 
818 705 704 818 704 819 819 704 821 
706 822 704 704 822 821 813 707 811 
813 822 707 822 706 707 693 811 707 
710 823 824 709 823 710 817 702 710 
824 817 710 825 826 827 820 826 825 
820 825 818 818 825 828 705 829 711 
705 818 829 818 828 829 711 829 713 
830 831 832 830 832 823 830 823 715 
715 823 709 833 825 827 834 833 827 
828 825 835 835 825 833 717 835 718 
717 829 835 829 828 835 713 829 717 
722 831 830 722 721 831 721 836 831 
715 722 830 724 833 834 724 834 725 
725 834 837 727 833 724 835 833 727 
718 835 727 838 839 840 838 840 836 
838 836 729 729 836 721 725 837 841 
730 725 841 841 731 730 842 731 841 
735 843 844 734 843 735 736 735 845 
735 844 845 737 736 846 736 845 846 
839 838 738 839 738 846 846 738 737 
729 738 838 731 842 739 842 847 739 
848 849 850 848 742 741 848 850 742 
850 851 742 743 742 852 742 851 852 
744 743 853 743 852 853 745 744 854 
744 853 854 746 745 855 745 854 855 
843 734 746 855 843 746 739 847 856 
747 739 856 856 748 747 857 748 856 
858 859 860 858 750 749 858 860 750 
860 861 750 849 848 751 849 751 861 
861 751 750 741 751 848 748 857 862 
752 748 862 862 753 752 863 753 862 
756 864 865 755 864 756 757 756 866 
756 865 866 859 858 758 859 758 866 
866 758 757 749 758 858 753 863 867 
759 753 867 760 759 868 759 867 868 
761 760 869 760 868 869 762 761 870 
761 869 870 763 762 871 762 870 871 
764 763 872 763 871 872 765 764 873 
764 872 873 766 765 874 765 873 874 
864 755 766 874 864 766 875 876 877 
875 769 768 875 768 876 876 768 878 
771 879 768 768 879 878 879 771 772 
880 879 772 881 875 877 882 881 877 
769 881 774 875 881 769 772 883 880 
775 883 772 883 775 777 884 883 777 
885 886 887 882 886 885 881 882 885 
881 885 780 881 780 779 774 881 779 
888 777 781 888 889 777 889 884 777 
781 783 888 890 891 892 890 893 894 
891 890 894 893 895 896 894 893 896 
896 895 897 898 899 900 887 899 898 
885 887 898 885 898 786 885 786 785 
780 885 785 888 901 889 902 903 901 
787 902 901 787 901 888 787 888 783 
787 788 902 904 905 906 904 790 789 
904 789 905 905 789 907 791 908 789 
789 908 907 892 792 890 892 908 792 
908 791 792 793 890 792 893 890 793 
795 893 793 895 893 795 895 909 897 
895 795 909 795 797 909 799 910 797 
797 910 909 801 911 799 799 911 910 
802 912 913 802 913 801 801 913 911 
912 805 804 912 804 913 913 804 914 
807 915 804 804 915 914 808 916 807 
807 916 915 900 809 898 900 916 809 
916 808 809 786 898 809 917 903 902 
918 903 917 788 810 917 902 788 917 
919 920 921 919 813 812 919 812 920 
920 812 922 814 923 812 812 923 922 
906 815 904 906 923 815 923 814 815 
790 904 815 802 816 912 805 912 816 
924 918 917 925 918 924 810 817 924 
917 810 924 819 926 927 820 819 927 
821 928 819 819 928 926 921 822 919 
921 928 822 928 821 822 813 919 822 
824 925 924 824 823 925 823 929 925 
817 824 924 826 930 931 827 826 931 
927 826 820 930 826 927 832 932 933 
831 932 832 929 823 832 933 929 832 
827 931 834 931 934 834 935 936 937 
935 937 932 935 932 836 836 932 831 
834 934 837 934 938 837 939 940 941 
936 939 941 935 939 936 935 839 939 
935 840 839 836 840 935 837 938 942 
841 837 942 942 842 841 943 842 942 
944 945 946 944 844 843 944 946 844 
946 947 844 845 844 948 844 947 948 
940 939 846 940 846 948 948 846 845 
839 846 939 949 950 847 949 847 943 
943 847 842 949 951 950 850 952 953 
849 952 850 851 850 954 850 953 954 
852 851 955 851 954 955 853 852 956 
852 955 956 854 853 957 853 956 957 
945 944 855 945 855 957 957 855 854 
843 855 944 847 950 856 950 857 856 
950 951 857 951 958 857 959 960 961 
959 860 859 959 961 860 961 962 860 
861 860 963 860 962 963 952 849 861 
963 952 861 857 958 964 862 857 964 
964 863 862 965 863 964 865 966 967 
864 966 865 960 959 866 960 866 967 
967 866 865 859 866 959 863 965 968 
867 863 968 868 867 969 867 968 969 
869 868 970 868 969 970 870 869 971 
869 970 971 871 870 972 870 971 972 
872 871 973 871 972 973 873 872 974 
872 973 974 874 873 975 873 974 975 
966 864 874 975 966 874 976 977 978 
976 877 876 976 876 977 977 876 979 
980 981 979 980 979 878 878 979 876 
878 879 982 980 878 982 879 880 982 
983 976 978 984 983 978 877 983 882 
976 983 877 980 985 981 985 986 987 
985 980 986 980 982 986 880 883 988 
880 988 982 982 988 986 883 884 988 
989 990 991 984 990 989 983 984 989 
983 989 887 983 887 886 882 983 886 
986 992 987 992 993 994 992 986 993 
986 988 993 884 889 993 988 884 993 
995 996 997 995 892 891 995 891 996 
996 891 998 894 999 891 891 999 998 
896 1000 894 894 1000 999 897 1001 1002 
897 1002 896 896 1002 1000 1001 1003 1004 
1002 1001 1004 1003 1005 1006 1004 1003 1006 
1005 1007 1008 1006 1005 1008 1007 1009 1010 
1008 1007 1010 1009 1011 1012 1010 1009 1012 
1011 1013 1014 1012 1011 1014 991 1014 1013 
989 991 1013 989 1013 900 989 900 899 
887 989 899 1015 994 993 1016 994 1015 
889 901 1017 889 1017 993 993 1017 1015 
901 903 1017 905 1018 1019 906 905 1019 
907 1020 905 905 1020 1018 997 908 995 
997 1020 908 1020 907 908 892 995 908 
897 909 1001 910 1001 909 1003 1001 910 
911 1003 910 1005 1003 911 913 1005 911 
1007 1005 913 914 1007 913 1009 1007 914 
915 1009 914 1011 1009 915 916 1011 915 
1013 1011 916 900 1013 916 1015 1021 1016 
1021 1022 1023 1021 1015 1022 1015 1017 1022 
903 918 1022 1017 903 1022 920 1024 1025 
921 920 1025 922 1026 920 920 1026 1024 
923 1027 922 922 1027 1026 1019 923 906 
1027 923 1019 1028 1023 1022 1029 1023 1028 
918 925 1028 1022 918 1028 1030 1031 1032 
1030 927 926 1030 926 1031 1031 926 1033 
928 1034 926 926 1034 1033 1025 928 921 
1034 928 1025 1035 1029 1028 1036 1029 1035 
925 929 1035 1028 925 1035 930 1030 1032 
930 1032 931 931 1032 1037 927 1030 930 
933 1036 1035 933 932 1036 932 1038 1036 
929 933 1035 931 1037 934 1037 1039 934 
1040 1041 1042 1040 937 936 1040 1042 937 
1042 1043 937 1038 932 937 1043 1038 937 
934 1039 938 1039 1044 938 1045 1046 1047 
1041 1045 1047 1040 1045 1041 1040 940 1045 
1040 941 940 936 941 1040 938 1044 1048 
942 938 1048 1048 943 942 1049 943 1048 
946 1050 1051 945 1050 946 947 946 1052 
946 1051 1052 1046 1045 948 1046 948 1052 
1052 948 947 940 948 1045 943 1049 1053 
949 943 1053 1053 951 949 1054 951 1053 
1055 1056 1057 1055 953 952 1055 1057 953 
1057 1058 953 954 953 1059 953 1058 1059 
955 954 1060 954 1059 1060 956 955 1061 
955 1060 1061 957 956 1062 956 1061 1062 
1050 945 957 1062 1050 957 951 1054 958 
1054 1063 958 961 1064 1065 960 1064 961 
962 961 1066 961 1065 1066 1056 1055 963 
1056 963 1066 1066 963 962 952 963 1055 
958 1063 1067 964 958 1067 1067 965 964 
1068 965 1067 1069 1070 1071 1069 967 966 
1069 1071 967 1071 1072 967 1064 960 967 
1072 1064 967 965 1068 1073 968 965 1073 
969 968 1074 968 1073 1074 970 969 1075 
969 1074 1075 971 970 1076 970 1075 1076 
972 971 1077 971 1076 1077 973 972 1078 
972 1077 1078 974 973 1079 973 1078 1079 
1070 1069 975 1070 975 1079 1079 975 974 
966 975 1069 1080 1081 1082 1080 978 977 
1080 977 1081 1081 977 1083 1084 1085 1083 
1084 1083 979 979 1083 977 979 981 1084 
1086 1087 1088 1082 1087 1086 1082 1086 1080 
1080 1086 1089 978 1089 984 1080 1089 978 
1084 1090 1085 1091 1092 1090 985 1091 1090 
985 1090 1084 985 1084 981 985 987 1091 
1093 1094 1095 1093 1096 1097 1094 1093 1097 
1097 1096 1098 1099 1100 1101 1099 1102 1103 
1100 1099 1103 1088 1103 1102 1088 1102 1086 
1086 1102 1104 990 1104 991 990 1089 1104 
1089 1086 1104 984 1089 990 1091 1105 1092 
1106 1107 1105 992 1106 1105 992 1105 1091 
992 1091 987 992 994 1106 996 1108 1109 
997 996 1109 998 1110 996 996 1110 1108 
1095 999 1093 1095 1110 999 1110 998 999 
1000 1093 999 1096 1093 1000 1096 1111 1098 
1096 1000 1111 1000 1002 1111 1004 1112 1002 
1002 1112 1111 1006 1113 1004 1004 1113 1112 
1008 1114 1006 1006 1114 1113 1101 1010 1099 
1101 1114 1010 1114 1008 1010 1012 1099 1010 
1102 1099 1012 1014 1102 1012 1104 1102 1014 
991 1104 1014 1115 1107 1106 1116 1107 1115 
994 1016 1115 1106 994 1115 1117 1118 1119 
1117 1019 1018 1117 1018 1118 1118 1018 1120 
1020 1121 1018 1018 1121 1120 1109 1020 997 
1121 1020 1109 1115 1122 1116 1123 1124 1122 
1021 1123 1122 1021 1122 1115 1021 1115 1016 
1021 1023 1123 1125 1126 1127 1125 1025 1024 
1125 1024 1126 1126 1024 1128 1026 1129 1024 
1024 1129 1128 1119 1027 1117 1119 1129 1027 
1129 1026 1027 1019 1117 1027 1130 1124 1123 
1131 1124 1130 1023 1029 1130 1123 1023 1130 
1031 1132 1133 1032 1031 1133 1033 1134 1031 
1031 1134 1132 1127 1034 1125 1127 1134 1034 
1134 1033 1034 1025 1125 1034 1135 1131 1130 
1136 1131 1135 1029 1036 1135 1130 1029 1135 
1032 1133 1037 1133 1137 1037 1138 1136 1135 
1139 1136 1138 1036 1038 1138 1135 1036 1138 
1037 1137 1039 1137 1140 1039 1042 1141 1142 
1041 1141 1042 1139 1138 1043 1139 1043 1142 
1142 1043 1042 1038 1043 1138 1143 1144 1044 
1143 1044 1140 1140 1044 1039 1143 1145 1144 
1146 1147 1148 1146 1047 1046 1146 1148 1047 
1148 1149 1047 1141 1041 1047 1149 1141 1047 
1044 1144 1048 1144 1049 1048 1144 1145 1049 
1145 1150 1049 1051 1151 1152 1050 1151 1051 
1147 1146 1052 1147 1052 1152 1152 1052 1051 
1046 1052 1146 1049 1150 1153 1053 1049 1153 
1153 1054 1053 1154 1054 1153 1155 1156 1157 
1155 1057 1056 1155 1157 1057 1157 1158 1057 
1058 1057 1159 1057 1158 1159 1059 1058 1160 
1058 1159 1160 1060 1059 1161 1059 1160 1161 
1061 1060 1162 1060 1161 1162 1062 1061 1163 
1061 1162 1163 1151 1050 1062 1163 1151 1062 
1164 1165 1063 1164 1063 1154 1154 1063 1054 
1164 1166 1165 1167 1168 1169 1167 1065 1064 
1167 1169 1065 1169 1170 1065 1156 1155 1066 
1156 1066 1170 1170 1066 1065 1056 1066 1155 
1063 1165 1067 1068 1171 1172 1067 1171 1068 
1067 1166 1171 1067 1165 1166 1172 1173 1174 
1171 1173 1172 1173 1175 1174 1176 1177 1178 
1176 1071 1070 1176 1178 1071 1178 1179 1071 
1168 1167 1072 1168 1072 1179 1179 1072 1071 
1064 1072 1167 1068 1172 1073 1074 1073 1172 
1174 1074 1172 1174 1175 1180 1174 1180 1074 
1074 1180 1075 1076 1075 1181 1075 1180 1181 
1077 1076 1182 1076 1181 1182 1078 1077 1183 
1077 1182 1183 1177 1176 1079 1177 1079 1183 
1183 1079 1078 1070 1079 1176 1184 1185 1186 
1184 1187 1188 1185 1184 1188 1187 1082 1081 
1187 1081 1188 1188 1081 1189 1190 1191 1189 
1190 1189 1083 1083 1189 1081 1083 1085 1190 
1192 1193 1194 1186 1193 1192 1186 1192 1184 
1184 1192 1195 1087 1195 1088 1087 1187 1195 
1187 1184 1195 1082 1187 1087 1190 1196 1191 
1197 1198 1196 1090 1197 1196 1090 1196 1190 
1090 1190 1085 1090 1092 1197 1199 1200 1201 
1199 1095 1094 1199 1094 1200 1200 1094 1202 
1097 1203 1094 1094 1203 1202 1098 1204 1205 
1098 1205 1097 1097 1205 1203 1204 1206 1207 
1205 1204 1207 1206 1208 1209 1207 1206 1209 
1208 1210 1211 1209 1208 1211 1194 1211 1210 
1192 1194 1210 1192 1210 1101 1192 1101 1100 
1103 1192 1100 1195 1192 1103 1088 1195 1103 
1197 1212 1198 1213 1214 1212 1105 1213 1212 
1105 1212 1197 1105 1197 1092 1105 1107 1213 
1215 1216 1217 1215 1109 1108 1215 1108 1216 
1216 1108 1218 1201 1110 1199 1201 1218 1110 
1218 1108 1110 1095 1199 1110 1098 1111 1204 
1112 1204 1111 1206 1204 1112 1113 1206 1112 
1208 1206 1113 1114 1208 1113 1210 1208 1114 
1101 1210 1114 1219 1214 1213 1220 1214 1219 
1107 1116 1219 1213 1107 1219 1221 1222 1223 
1221 1119 1118 1221 1118 1222 1222 1118 1224 
1120 1225 1118 1118 1225 1224 1217 1121 1215 
1217 1225 1121 1225 1120 1121 1109 1215 1121 
1219 1226 1220 1227 1228 1226 1122 1227 1226 
1122 1226 1219 1122 1219 1116 1122 1124 1227 
1229 1230 1231 1229 1127 1126 1229 1126 1230 
1230 1126 1232 1128 1233 1126 1126 1233 1232 
1223 1129 1221 1223 1233 1129 1233 1128 1129 
1119 1221 1129 1234 1228 1227 1235 1228 1234 
1124 1131 1234 1227 1124 1234 1132 1236 1237 
1133 1132 1237 1231 1134 1229 1231 1236 1134 
1236 1132 1134 1127 1229 1134 1238 1235 1234 
1239 1235 1238 1131 1136 1238 1234 1131 1238 
1133 1237 1137 1237 1240 1137 1241 1239 1238 
1242 1239 1241 1136 1139 1241 1238 1136 1241 
1137 1240 1140 1240 1243 1140 1244 1245 1246 
1242 1244 1246 1241 1244 1242 1241 1141 1244 
1241 1142 1141 1139 1142 1241 1140 1243 1247 
1143 1140 1247 1247 1145 1143 1248 1145 1247 
1148 1249 1250 1147 1249 1148 1245 1244 1149 
1245 1149 1250 1250 1149 1148 1141 1149 1244 
1145 1248 1150 1248 1251 1150 1252 1253 1254 
1252 1255 1256 1254 1255 1252 1256 1152 1151 
1256 1255 1152 1255 1257 1152 1249 1147 1152 
1257 1249 1152 1150 1251 1258 1153 1150 1258 
1258 1154 1153 1259 1154 1258 1260 1261 1262 
1260 1157 1156 1260 1262 1157 1262 1263 1157 
1158 1157 1264 1157 1263 1264 1159 1158 1265 
1158 1264 1265 1160 1159 1266 1159 1265 1266 
1161 1160 1267 1160 1266 1267 1253 1252 1162 
1253 1162 1267 1267 1162 1161 1163 1162 1252 
1256 1163 1252 1151 1163 1256 1154 1259 1268 
1164 1154 1268 1268 1166 1164 1269 1166 1268 
1169 1270 1271 1168 1270 1169 1261 1260 1170 
1261 1170 1271 1271 1170 1169 1156 1170 1260 
1166 1269 1272 1171 1166 1272 1173 1171 1273 
1171 1272 1273 1175 1274 1275 1175 1173 1274 
1173 1273 1274 1275 1276 1277 1274 1276 1275 
1277 1278 1279 1276 1278 1277 1279 1280 1281 
1278 1280 1279 1281 1178 1177 1281 1280 1178 
1280 1282 1178 1179 1178 1283 1178 1282 1283 
1270 1168 1179 1283 1270 1179 1175 1275 1180 
1181 1180 1275 1277 1181 1275 1182 1181 1277 
1279 1182 1277 1183 1182 1279 1281 1183 1279 
1177 1183 1281 1284 1285 1286 1284 1186 1185 
1284 1185 1285 1285 1185 1287 1288 1289 1287 
1288 1287 1188 1188 1287 1185 1188 1189 1290 
1288 1188 1290 1189 1191 1290 1291 1292 1293 
1291 1294 1295 1292 1291 1295 1286 1295 1294 
1284 1286 1294 1284 1294 1194 1284 1194 1193 
1186 1284 1193 1288 1296 1289 1290 1296 1288 
1297 1296 1290 1298 1299 1297 1196 1298 1297 
1196 1297 1290 1196 1290 1191 1196 1198 1298 
1300 1301 1302 1300 1201 1200 1300 1200 1301 
1301 1200 1303 1202 1304 1200 1200 1304 1303 
1203 1305 1202 1202 1305 1304 1205 1306 1203 
1203 1306 1305 1207 1307 1205 1205 1307 1306 
1293 1209 1291 1293 1307 1209 1307 1207 1209 
1211 1291 1209 1294 1291 1211 1194 1294 1211 
1298 1308 1299 1309 1310 1308 1212 1309 1308 
1212 1308 1298 1212 1298 1198 1212 1214 1309 
1311 1312 1313 1311 1217 1216 1311 1216 1312 
1312 1216 1314 1302 1218 1300 1302 1314 1218 
1314 1216 1218 1201 1300 1218 1315 1310 1309 
1316 1310 1315 1214 1220 1315 1309 1214 1315 
1317 1318 1319 1317 1223 1222 1317 1222 1318 
1318 1222 1320 1224 1321 1222 1222 1321 1320 
1313 1225 1311 1313 1321 1225 1321 1224 1225 
1217 1311 1225 1315 1322 1316 1323 1324 1322 
1226 1323 1322 1226 1322 1315 1226 1315 1220 
1226 1228 1323 1230 1325 1326 1231 1230 1326 
1232 1327 1230 1230 1327 1325 1319 1233 1317 
1319 1327 1233 1327 1232 1233 1223 1317 1233 
1328 1324 1323 1329 1324 1328 1228 1235 1328 
1323 1228 1328 1236 1330 1331 1237 1236 1331 
1326 1236 1231 1330 1236 1326 1332 1329 1328 
1333 1329 1332 1235 1239 1332 1328 1235 1332 
1237 1331 1240 1331 1334 1240 1332 1335 1333 
1335 1332 1239 1335 1239 1336 1336 1239 1242 
1240 1334 1243 1334 1337 1243 1338 1339 1340 
1338 1246 1245 1338 1340 1246 1340 1341 1246 
1336 1242 1246 1341 1336 1246 1243 1337 1342 
1247 1243 1342 1342 1248 1247 1343 1248 1342 
1344 1345 1346 1339 1344 1346 1338 1344 1339 
1338 1249 1344 1338 1250 1249 1245 1250 1338 
1248 1343 1251 1343 1347 1251 1348 1349 1350 
1348 1351 1352 1350 1351 1348 1351 1353 1352 
1354 1355 1356 1354 1254 1253 1354 1356 1254 
1356 1357 1254 1255 1254 1358 1254 1357 1358 
1345 1344 1257 1345 1257 1358 1358 1257 1255 
1249 1257 1344 1251 1347 1359 1258 1251 1359 
1359 1259 1258 1360 1259 1359 1262 1361 1362 
1261 1361 1262 1263 1262 1363 1262 1362 1363 
1349 1348 1264 1349 1264 1363 1363 1264 1263 
1265 1264 1348 1352 1265 1348 1352 1353 1364 
1352 1364 1265 1265 1364 1266 1355 1354 1267 
1355 1267 1364 1364 1267 1266 1253 1267 1354 
1259 1360 1365 1268 1259 1365 1269 1366 1367 
1269 1268 1366 1268 1365 1366 1367 1368 1369 
1366 1368 1367 1369 1370 1371 1368 1370 1369 
1370 1372 1371 1373 1374 1375 1373 1271 1270 
1373 1375 1271 1375 1376 1271 1361 1261 1271 
1376 1361 1271 1269 1367 1272 1273 1272 1367 
1369 1273 1367 1274 1273 1369 1371 1274 1369 
1371 1372 1377 1371 1377 1274 1274 1377 1276 
1278 1276 1378 1276 1377 1378 1280 1278 1379 
1278 1378 1379 1282 1280 1380 1280 1379 1380 
1374 1373 1283 1374 1283 1380 1380 1283 1282 
1270 1283 1373 1285 1381 1286 1285 1287 1382 
1381 1285 1382 1287 1289 1382 1383 1384 1385 
1383 1386 1387 1384 1383 1387 1386 1388 1389 
1387 1386 1389 1388 1293 1292 1388 1292 1389 
1389 1292 1390 1295 1391 1292 1292 1391 1390 
1381 1295 1286 1381 1392 1295 1392 1391 1295 
1382 1392 1381 1393 1392 1382 1289 1393 1382 
1289 1296 1393 1296 1394 1393 1395 1396 1394 
1395 1394 1297 1297 1394 1296 1297 1299 1395 
1301 1397 1398 1302 1301 1398 1303 1399 1301 
1301 1399 1397 1304 1400 1303 1303 1400 1399 
1385 1305 1383 1385 1400 1305 1400 1304 1305 
1306 1383 1305 1386 1383 1306 1307 1386 1306 
1388 1386 1307 1293 1388 1307 1395 1401 1396 
1402 1403 1401 1308 1402 1401 1308 1401 1395 
1308 1395 1299 1308 1310 1402 1404 1405 1406 
1404 1313 1312 1404 1312 1405 1405 1312 1407 
1314 1408 1312 1312 1408 1407 1398 1314 1302 
1408 1314 1398 1409 1403 1402 1410 1403 1409 
1310 1316 1409 1402 1310 1409 1318 1411 1412 
1319 1318 1412 1320 1413 1318 1318 1413 1411 
1406 1321 1404 1406 1413 1321 1413 1320 1321 
1313 1404 1321 1409 1414 1410 1415 1416 1414 
1322 1415 1414 1322 1414 1409 1322 1409 1316 
1322 1324 1415 1325 1417 1418 1326 1325 1418 
1327 1419 1325 1325 1419 1417 1412 1327 1319 
1419 1327 1412 1420 1416 1415 1421 1416 1420 
1324 1329 1420 1415 1324 1420 1330 1422 1423 
1331 1330 1423 1418 1330 1326 1422 1330 1418 
1420 1424 1421 1424 1420 1329 1424 1329 1425 
1425 1329 1333 1331 1423 1334 1423 1426 1334 
1427 1428 1429 1335 1430 1427 1335 1427 1425 
1335 1425 1333 1429 1425 1427 1335 1336 1430 
1334 1426 1337 1426 1431 1337 1432 1433 1434 
1428 1432 1434 1427 1432 1428 1427 1339 1432 
1427 1340 1339 1341 1340 1427 1430 1341 1427 
1336 1341 1430 1337 1431 1435 1342 1337 1435 
1435 1343 1342 1436 1343 1435 1346 1433 1432 
1346 1345 1433 1345 1437 1433 1339 1346 1432 
1343 1436 1347 1436 1438 1347 1439 1440 1441 
1439 1350 1349 1439 1441 1350 1441 1442 1350 
1351 1350 1443 1350 1442 1443 1353 1444 1445 
1353 1351 1444 1351 1443 1444 1445 1356 1355 
1445 1444 1356 1444 1446 1356 1357 1356 1447 
1356 1446 1447 1358 1357 1448 1357 1447 1448 
1437 1345 1358 1448 1437 1358 1347 1438 1449 
1359 1347 1449 1449 1360 1359 1450 1360 1449 
1451 1452 1453 1451 1362 1361 1451 1453 1362 
1453 1454 1362 1440 1439 1363 1440 1363 1454 
1454 1363 1362 1349 1363 1439 1353 1445 1364 
1355 1364 1445 1360 1450 1455 1365 1360 1455 
1366 1365 1456 1365 1455 1456 1368 1366 1457 
1366 1456 1457 1370 1368 1458 1368 1457 1458 
1372 1459 1460 1372 1370 1459 1370 1458 1459 
1460 1461 1462 1459 1461 1460 1462 1463 1464 
1461 1463 1462 1464 1465 1466 1463 1465 1464 
1466 1375 1374 1466 1465 1375 1465 1467 1375 
1452 1451 1376 1452 1376 1467 1467 1376 1375 
1361 1376 1451 1372 1460 1377 1378 1377 1460 
1462 1378 1460 1379 1378 1462 1464 1379 1462 
1380 1379 1464 1466 1380 1464 1374 1380 1466 
1384 1468 1469 1385 1384 1469 1387 1470 1384 
1384 1470 1468 1389 1471 1387 1387 1471 1470 
1472 1473 1471 1472 1471 1390 1390 1471 1389 
1474 1472 1390 1474 1390 1475 1475 1390 1391 
1392 1476 1391 1391 1476 1475 1393 1477 1392 
1392 1477 1476 1478 1479 1477 1478 1477 1394 
1394 1477 1393 1394 1396 1478 1480 1481 1482 
1480 1398 1397 1480 1397 1481 1481 1397 1483 
1399 1484 1397 1397 1484 1483 1400 1485 1399 
1399 1485 1484 1469 1400 1385 1485 1400 1469 
1472 1486 1473 1474 1486 1472 1478 1487 1479 
1488 1489 1487 1401 1488 1487 1401 1487 1478 
1401 1478 1396 1401 1403 1488 1490 1491 1492 
1490 1406 1405 1490 1405 1491 1491 1405 1493 
1407 1494 1405 1405 1494 1493 1482 1408 1480 
1482 1494 1408 1494 1407 1408 1398 1480 1408 
1488 1495 1489 1495 1488 1403 1495 1403 1496 
1496 1403 1410 1497 1498 1499 1497 1412 1411 
1497 1411 1498 1498 1411 1500 1492 1413 1490 
1492 1500 1413 1500 1411 1413 1406 1490 1413 
1501 1410 1414 1501 1502 1410 1502 1496 1410 
1414 1416 1501 1417 1503 1504 1418 1417 1504 
1499 1419 1497 1499 1503 1419 1503 1417 1419 
1412 1497 1419 1501 1505 1502 1505 1501 1416 
1505 1416 1506 1506 1416 1421 1422 1507 1508 
1423 1422 1508 1504 1422 1418 1507 1422 1504 
1509 1421 1424 1509 1510 1421 1510 1506 1421 
1424 1425 1509 1423 1508 1426 1508 1511 1426 
1512 1513 1514 1510 1512 1514 1509 1512 1510 
1509 1428 1512 1509 1429 1428 1425 1429 1509 
1426 1511 1431 1511 1515 1431 1516 1517 1518 
1513 1516 1518 1512 1516 1513 1512 1433 1516 
1512 1434 1433 1428 1434 1512 1431 1515 1519 
1435 1431 1519 1519 1436 1435 1520 1436 1519 
1521 1517 1516 1522 1517 1521 1433 1437 1521 
1516 1433 1521 1436 1520 1438 1520 1523 1438 
1524 1525 1526 1524 1441 1440 1524 1526 1441 
1526 1527 1441 1442 1441 1528 1441 1527 1528 
1443 1442 1529 1442 1528 1529 1444 1443 1530 
1443 1529 1530 1446 1444 1531 1444 1530 1531 
1447 1446 1532 1446 1531 1532 1522 1521 1448 
1522 1448 1532 1532 1448 1447 1437 1448 1521 
1438 1523 1533 1449 1438 1533 1450 1534 1535 
1450 1449 1534 1449 1533 1534 1534 1536 1535 
1537 1538 1539 1537 1453 1452 1537 1539 1453 
1539 1540 1453 1525 1524 1454 1525 1454 1540 
1540 1454 1453 1440 1454 1524 1450 1535 1455 
1535 1536 1541 1535 1541 1455 1455 1541 1456 
1457 1456 1542 1456 1541 1542 1458 1457 1543 
1457 1542 1543 1459 1458 1544 1458 1543 1544 
1461 1459 1545 1459 1544 1545 1463 1461 1546 
1461 1545 1546 1465 1463 1547 1463 1546 1547 
1538 1537 1467 1538 1467 1547 1547 1467 1465 
1452 1467 1537 1468 1548 1469 1468 1470 1549 
1548 1468 1549 1470 1471 1550 1549 1470 1550 
1471 1473 1550 1475 1551 1474 1475 1476 1552 
1551 1475 1552 1476 1477 1553 1552 1476 1553 
1477 1479 1553 1554 1555 1556 1554 1482 1481 
1554 1481 1555 1555 1481 1557 1483 1558 1481 
1481 1558 1557 1484 1559 1483 1483 1559 1558 
1485 1560 1484 1484 1560 1559 1548 1485 1469 
1548 1561 1485 1561 1560 1485 1549 1561 1548 
1562 1561 1549 1550 1562 1549 1563 1562 1550 
1473 1563 1550 1473 1486 1563 1486 1564 1563 
1551 1486 1474 1551 1565 1486 1565 1564 1486 
1552 1565 1551 1566 1565 1552 1553 1566 1552 
1567 1566 1553 1568 1569 1567 1487 1568 1567 
1487 1567 1553 1487 1553 1479 1487 1489 1568 
1570 1571 1572 1570 1492 1491 1570 1491 1571 
1571 1491 1573 1493 1574 1491 1491 1574 1573 
1556 1494 1554 1556 1574 1494 1574 1493 1494 
1482 1554 1494 1568 1575 1569 1576 1577 1575 
1495 1576 1575 1495 1575 1568 1495 1568 1489 
1495 1496 1576 1498 1578 1579 1499 1498 1579 
1572 1500 1570 1572 1578 1500 1578 1498 1500 
1492 1570 1500 1576 1580 1577 1580 1576 1496 
1580 1496 1581 1581 1496 1502 1582 1583 1584 
1582 1504 1503 1582 1503 1583 1583 1503 1585 
1579 1503 1499 1585 1503 1579 1586 1502 1505 
1586 1587 1502 1587 1581 1502 1505 1506 1586 
1507 1582 1584 1507 1584 1508 1508 1584 1588 
1504 1582 1507 1586 1589 1587 1589 1586 1506 
1589 1506 1590 1590 1506 1510 1508 1588 1511 
1588 1591 1511 1592 1593 1594 1592 1514 1513 
1592 1594 1514 1594 1595 1514 1590 1510 1514 
1595 1590 1514 1511 1591 1515 1591 1596 1515 
1597 1598 1599 1593 1597 1599 1592 1597 1593 
1592 1517 1597 1592 1518 1517 1513 1518 1592 
1515 1596 1600 1519 1515 1600 1600 1520 1519 
1601 1520 1600 1602 1603 1604 1604 1605 1602 
1606 1598 1597 1607 1598 1606 1517 1522 1606 
1597 1517 1606 1608 1609 1523 1608 1523 1601 
1601 1523 1520 1608 1610 1609 1611 1612 1613 
1611 1526 1525 1611 1613 1526 1613 1614 1526 
1527 1526 1615 1526 1614 1615 1603 1602 1528 
1603 1528 1615 1615 1528 1527 1602 1605 1616 
1602 1616 1528 1528 1616 1529 1530 1529 1617 
1529 1616 1617 1531 1530 1618 1530 1617 1618 
1607 1606 1532 1607 1532 1618 1618 1532 1531 
1522 1532 1606 1523 1609 1533 1609 1610 1619 
1609 1619 1533 1533 1619 1534 1536 1620 1621 
1536 1534 1620 1534 1619 1620 1621 1622 1623 
1620 1622 1621 1623 1624 1625 1622 1624 1623 
1625 1626 1627 1624 1626 1625 1627 1628 1629 
1626 1628 1627 1629 1630 1631 1628 1630 1629 
1631 1632 1633 1630 1632 1631 1633 1539 1538 
1633 1632 1539 1632 1634 1539 1612 1611 1540 
1612 1540 1634 1634 1540 1539 1525 1540 1611 
1536 1621 1541 1542 1541 1621 1623 1542 1621 
1543 1542 1623 1625 1543 1623 1544 1543 1625 
1627 1544 1625 1545 1544 1627 1629 1545 1627 
1546 1545 1629 1631 1546 1629 1547 1546 1631 
1633 1547 1631 1538 1547 1633 1635 1636 1637 
1635 1556 1555 1635 1555 1636 1636 1555 1638 
1557 1639 1555 1555 1639 1638 1558 1640 1557 
1557 1640 1639 1559 1641 1558 1558 1641 1640 
1560 1642 1559 1559 1642 1641 1561 1643 1560 
1560 1643 1642 1562 1644 1561 1561 1644 1643 
1563 1645 1562 1562 1645 1644 1646 1647 1645 
1646 1645 1564 1564 1645 1563 1564 1565 1648 
1646 1564 1648 1649 1648 1565 1649 1565 1650 
1650 1565 1566 1651 1652 1650 1651 1650 1567 
1567 1650 1566 1567 1569 1651 1571 1653 1654 
1572 1571 1654 1573 1655 1571 1571 1655 1653 
1637 1574 1635 1637 1655 1574 1655 1573 1574 
1556 1635 1574 1646 1656 1647 1648 1656 1646 
1657 1656 1648 1649 1657 1648 1651 1658 1652 
1569 1658 1651 1569 1575 1658 1575 1659 1658 
1659 1575 1577 1660 1659 1577 1661 1662 1663 
1661 1579 1578 1661 1578 1662 1662 1578 1664 
1654 1578 1572 1664 1578 1654 1577 1665 1660 
1580 1665 1577 1665 1580 1581 1666 1665 1581 
1583 1667 1668 1584 1583 1668 1663 1585 1661 
1663 1667 1585 1667 1583 1585 1579 1661 1585 
1581 1587 1666 1666 1587 1669 1670 1671 1672 
1670 1668 1671 1670 1588 1668 1588 1584 1668 
1673 1674 1675 1589 1676 1673 1589 1673 1669 
1589 1669 1587 1675 1669 1673 1589 1590 1676 
1670 1672 1677 1677 1588 1670 1677 1678 1588 
1678 1591 1588 1679 1680 1681 1674 1679 1681 
1673 1679 1674 1673 1593 1679 1673 1594 1593 
1595 1594 1673 1676 1595 1673 1590 1595 1676 
1591 1678 1596 1678 1682 1596 1599 1680 1679 
1599 1598 1680 1598 1683 1680 1593 1599 1679 
1596 1682 1684 1600 1596 1684 1684 1601 1600 
1685 1601 1684 1686 1687 1688 1686 1604 1603 
1686 1688 1604 1688 1689 1604 1605 1690 1691 
1605 1604 1690 1604 1689 1690 1690 1692 1691 
1693 1694 1695 1693 1695 1683 1693 1683 1607 
1607 1683 1598 1601 1685 1696 1608 1601 1696 
1696 1610 1608 1697 1610 1696 1698 1699 1700 
1698 1613 1612 1698 1700 1613 1700 1701 1613 
1614 1613 1702 1613 1701 1702 1687 1686 1615 
1687 1615 1702 1702 1615 1614 1603 1615 1686 
1605 1691 1616 1691 1692 1703 1691 1703 1616 
1616 1703 1617 1694 1693 1618 1694 1618 1703 
1703 1618 1617 1607 1618 1693 1610 1697 1704 
1619 1610 1704 1620 1619 1705 1619 1704 1705 
1622 1620 1706 1620 1705 1706 1624 1622 1707 
1622 1706 1707 1626 1624 1708 1624 1707 1708 
1628 1626 1709 1626 1708 1709 1630 1628 1710 
1628 1709 1710 1632 1630 1711 1630 1710 1711 
1699 1698 1634 1699 1634 1711 1711 1634 1632 
1612 1634 1698 1712 1713 1714 1712 1637 1636 
1712 1636 1713 1713 1636 1715 1638 1716 1636 
1636 1716 1715 1639 1717 1638 1638 1717 1716 
1640 1718 1639 1639 1718 1717 1641 1719 1640 
1640 1719 1718 1642 1720 1641 1641 1720 1719 
1643 1721 1642 1642 1721 1720 1644 1722 1643 
1643 1722 1721 1723 1724 1722 1723 1722 1645 
1645 1722 1644 1645 1647 1723 1650 1725 1649 
1650 1652 1725 1653 1726 1727 1654 1653 1727 
1714 1655 1712 1714 1726 1655 1726 1653 1655 
1637 1712 1655 1723 1728 1724 1647 1728 1723 
1647 1656 1728 1656 1729 1728 1730 1731 1729 
1730 1729 1657 1657 1729 1656 1657 1649 1725 
1657 1725 1730 1730 1725 1732 1652 1658 1733 
1652 1733 1725 1725 1733 1732 1658 1659 1734 
1733 1658 1734 1659 1660 1734 1662 1735 1736 
1663 1662 1736 1664 1737 1662 1662 1737 1735 
1727 1664 1654 1737 1664 1727 1738 1731 1730 
1739 1731 1738 1740 1732 1741 1740 1738 1732 
1738 1730 1732 1733 1741 1732 1742 1741 1733 
1742 1743 1744 1742 1733 1743 1733 1734 1743 
1660 1665 1745 1660 1745 1734 1734 1745 1743 
1665 1666 1745 1667 1746 1747 1668 1667 1747 
1736 1667 1663 1746 1667 1736 1738 1748 1739 
1740 1748 1738 1749 1744 1743 1750 1744 1749 
1745 1751 1743 1751 1749 1743 1666 1669 1751 
1745 1666 1751 1671 1752 1753 1672 1671 1753 
1747 1671 1668 1752 1671 1747 1754 1750 1749 
1755 1750 1754 1675 1674 1754 1675 1754 1751 
1751 1754 1749 1669 1675 1751 1672 1753 1756 
1677 1672 1756 1756 1678 1677 1757 1678 1756 
1758 1759 1760 1755 1758 1760 1754 1758 1755 
1754 1680 1758 1754 1681 1680 1674 1681 1754 
1678 1757 1682 1757 1761 1682 1758 1762 1759 
1762 1758 1680 1762 1680 1763 1763 1680 1683 
1682 1761 1764 1684 1682 1764 1764 1685 1684 
1765 1685 1764 1766 1767 1768 1766 1769 1770 
1768 1769 1766 1770 1688 1687 1770 1769 1688 
1769 1771 1688 1689 1688 1772 1688 1771 1772 
1690 1689 1773 1689 1772 1773 1692 1774 1775 
1692 1690 1774 1690 1773 1774 1775 1695 1694 
1775 1774 1695 1774 1776 1695 1763 1683 1695 
1776 1763 1695 1685 1765 1777 1696 1685 1777 
1697 1778 1779 1697 1696 1778 1696 1777 1778 
1779 1780 1781 1778 1780 1779 1781 1782 1783 
1780 1782 1781 1783 1784 1785 1782 1784 1783 
1785 1786 1787 1784 1786 1785 1787 1788 1789 
1786 1788 1787 1789 1790 1791 1788 1790 1789 
1791 1792 1793 1790 1792 1791 1793 1700 1699 
1793 1792 1700 1792 1794 1700 1767 1766 1701 
1767 1701 1794 1794 1701 1700 1702 1701 1766 
1770 1702 1766 1687 1702 1770 1692 1775 1703 
1694 1703 1775 1697 1779 1704 1705 1704 1779 
1781 1705 1779 1706 1705 1781 1783 1706 1781 
1707 1706 1783 1785 1707 1783 1708 1707 1785 
1787 1708 1785 1709 1708 1787 1789 1709 1787 
1710 1709 1789 1791 1710 1789 1711 1710 1791 
1793 1711 1791 1699 1711 1793 1795 1796 1797 
1795 1798 1799 1796 1795 1799 1799 1798 1800 
1713 1801 1802 1714 1713 1802 1715 1803 1713 
1713 1803 1801 1716 1804 1715 1715 1804 1803 
1717 1805 1716 1716 1805 1804 1797 1718 1795 
1797 1805 1718 1805 1717 1718 1719 1795 1718 
1798 1795 1719 1798 1806 1800 1798 1719 1806 
1719 1720 1806 1721 1807 1720 1720 1807 1806 
1722 1808 1721 1721 1808 1807 1808 1722 1724 
1809 1808 1724 1810 1811 1812 1810 1727 1726 
1810 1726 1811 1811 1726 1813 1802 1726 1714 
1813 1726 1802 1724 1814 1809 1728 1814 1724 
1815 1816 1814 1815 1814 1729 1729 1814 1728 
1729 1731 1815 1817 1818 1819 1817 1736 1735 
1817 1735 1818 1818 1735 1820 1812 1737 1810 
1812 1820 1737 1820 1735 1737 1727 1810 1737 
1821 1816 1815 1822 1816 1821 1731 1739 1821 
1815 1731 1821 1741 1823 1740 1741 1742 1824 
1823 1741 1824 1742 1744 1824 1825 1826 1827 
1819 1826 1825 1817 1819 1825 1817 1825 1747 
1817 1747 1746 1736 1817 1746 1821 1828 1822 
1829 1830 1828 1748 1829 1828 1748 1828 1821 
1748 1821 1739 1748 1831 1829 1740 1831 1748 
1740 1832 1831 1740 1823 1832 1832 1833 1834 
1832 1823 1833 1823 1824 1833 1744 1750 1833 
1824 1744 1833 1752 1825 1827 1752 1827 1753 
1753 1827 1835 1747 1825 1752 1829 1836 1830 
1831 1836 1829 1837 1834 1833 1838 1834 1837 
1750 1755 1837 1833 1750 1837 1753 1835 1839 
1756 1753 1839 1839 1757 1756 1840 1757 1839 
1760 1838 1837 1760 1759 1838 1759 1841 1838 
1755 1760 1837 1757 1840 1761 1840 1842 1761 
1843 1844 1845 1843 1846 1847 1845 1846 1843 
1847 1848 1849 1846 1848 1847 1848 1850 1849 
1851 1759 1762 1851 1852 1759 1852 1841 1759 
1762 1763 1851 1761 1842 1853 1764 1761 1853 
1765 1854 1855 1765 1764 1854 1764 1853 1854 
1854 1856 1855 1857 1858 1859 1857 1768 1767 
1857 1859 1768 1859 1860 1768 1769 1768 1861 
1768 1860 1861 1844 1843 1771 1844 1771 1861 
1861 1771 1769 1772 1771 1843 1847 1772 1843 
1773 1772 1847 1849 1773 1847 1849 1850 1862 
1849 1862 1773 1773 1862 1774 1852 1851 1776 
1852 1776 1862 1862 1776 1774 1763 1776 1851 
1765 1855 1777 1855 1856 1863 1855 1863 1777 
1777 1863 1778 1780 1778 1864 1778 1863 1864 
1782 1780 1865 1780 1864 1865 1784 1782 1866 
1782 1865 1866 1786 1784 1867 1784 1866 1867 
1788 1786 1868 1786 1867 1868 1790 1788 1869 
1788 1868 1869 1792 1790 1870 1790 1869 1870 
1858 1857 1794 1858 1794 1870 1870 1794 1792 
1767 1794 1857 1871 1872 1873 1871 1874 1875 
1872 1871 1875 1874 1797 1796 1874 1796 1875 
1875 1796 1876 1799 1877 1796 1796 1877 1876 
1800 1878 1879 1800 1879 1799 1799 1879 1877 
1879 1878 1880 1881 1882 1883 1881 1802 1801 
1881 1801 1882 1882 1801 1884 1803 1885 1801 
1801 1885 1884 1873 1804 1871 1873 1885 1804 
1885 1803 1804 1805 1871 1804 1874 1871 1805 
1797 1874 1805 1800 1806 1878 1878 1886 1880 
1878 1806 1886 1806 1807 1886 1808 1887 1807 
1807 1887 1886 1887 1808 1809 1888 1887 1809 
1889 1890 1891 1889 1812 1811 1889 1811 1890 
1890 1811 1892 1883 1813 1881 1883 1892 1813 
1892 1811 1813 1802 1881 1813 1893 1809 1814 
1893 1894 1809 1894 1888 1809 1814 1816 1893 
1818 1895 1896 1819 1818 1896 1891 1820 1889 
1891 1895 1820 1895 1818 1820 1812 1889 1820 
1893 1897 1894 1897 1893 1816 1897 1816 1898 
1898 1816 1822 1826 1899 1900 1827 1826 1900 
1896 1826 1819 1899 1826 1896 1822 1901 1898 
1828 1901 1822 1830 1902 1903 1830 1903 1828 
1828 1903 1901 1904 1831 1832 1905 1903 1902 
1832 1834 1904 1827 1900 1835 1900 1906 1835 
1830 1836 1902 1902 1907 1905 1902 1836 1907 
1904 1907 1831 1831 1907 1836 1907 1904 1834 
1907 1834 1908 1908 1834 1838 1835 1906 1909 
1839 1835 1909 1909 1840 1839 1910 1840 1909 
1911 1841 1912 1911 1908 1841 1908 1838 1841 
1911 1912 1913 1914 1915 1842 1914 1842 1910 
1910 1842 1840 1914 1916 1915 1917 1918 1919 
1917 1845 1844 1917 1919 1845 1919 1920 1845 
1846 1845 1921 1845 1920 1921 1848 1846 1922 
1846 1921 1922 1850 1923 1924 1850 1848 1923 
1848 1922 1923 1912 1923 1925 1912 1852 1923 
1912 1841 1852 1852 1924 1923 1913 1912 1925 
1842 1915 1853 1915 1916 1926 1915 1926 1853 
1853 1926 1854 1856 1927 1928 1856 1854 1927 
1854 1926 1927 1927 1929 1928 1930 1931 1932 
1930 1933 1934 1932 1933 1930 1934 1859 1858 
1934 1933 1859 1933 1935 1859 1860 1859 1936 
1859 1935 1936 1918 1917 1861 1918 1861 1936 
1936 1861 1860 1844 1861 1917 1850 1924 1862 
1852 1862 1924 1856 1928 1863 1928 1929 1937 
1928 1937 1863 1863 1937 1864 1865 1864 1938 
1864 1937 1938 1866 1865 1939 1865 1938 1939 
1867 1866 1940 1866 1939 1940 1868 1867 1941 
1867 1940 1941 1931 1930 1869 1931 1869 1941 
1941 1869 1868 1870 1869 1930 1934 1870 1930 
1858 1870 1934 1942 1943 1944 1942 1873 1872 
1942 1872 1943 1943 1872 1945 1875 1946 1872 
1872 1946 1945 1876 1947 1875 1875 1947 1946 
1877 1948 1876 1876 1948 1947 1879 1949 1877 
1877 1949 1948 1949 1879 1880 1950 1949 1880 
1951 1952 1953 1951 1883 1882 1951 1882 1952 
1952 1882 1954 1884 1955 1882 1882 1955 1954 
1944 1885 1942 1944 1955 1885 1955 1884 1885 
1873 1942 1885 1880 1956 1950 1886 1956 1880 
1887 1957 1886 1886 1957 1956 1957 1887 1888 
1958 1957 1888 1890 1959 1960 1891 1890 1960 
1953 1892 1951 1953 1959 1892 1959 1890 1892 
1883 1951 1892 1961 1894 1962 1961 1958 1894 
1958 1888 1894 1961 1962 1963 1895 1964 1965 
1896 1895 1965 1960 1895 1891 1964 1895 1960 
1894 1897 1962 1898 1966 1967 1897 1898 1967 
1897 1967 1963 1897 1963 1962 1967 1966 1968 
1899 1969 1970 1900 1899 1970 1965 1899 1896 
1969 1899 1965 1898 1901 1966 1966 1971 1968 
1966 1901 1971 1901 1903 1971 1971 1903 1905 
1972 1971 1905 1900 1970 1906 1970 1973 1906 
1905 1974 1972 1907 1974 1905 1974 1907 1908 
1975 1974 1908 1906 1973 1976 1909 1906 1976 
1976 1910 1909 1977 1910 1976 1978 1979 1980 
1980 1981 1978 1982 1908 1911 1982 1983 1908 
1983 1975 1908 1911 1913 1982 1910 1977 1984 
1914 1910 1984 1984 1916 1914 1985 1916 1984 
1986 1987 1988 1986 1919 1918 1986 1988 1919 
1988 1989 1919 1920 1919 1990 1919 1989 1990 
1979 1978 1921 1979 1921 1990 1990 1921 1920 
1978 1981 1991 1978 1991 1921 1921 1991 1922 
1923 1922 1992 1922 1991 1992 1983 1982 1925 
1983 1925 1992 1992 1925 1923 1913 1925 1982 
1916 1985 1993 1926 1916 1993 1927 1926 1994 
1926 1993 1994 1929 1995 1996 1929 1927 1995 
1927 1994 1995 1996 1997 1998 1995 1997 1996 
1998 1999 2000 1997 1999 1998 2000 2001 2002 
1999 2001 2000 2002 2003 2004 2001 2003 2002 
2004 1932 1931 2004 2003 1932 2003 2005 1932 
1933 1932 2006 1932 2005 2006 1935 1933 2007 
1933 2006 2007 1987 1986 1936 1987 1936 2007 
2007 1936 1935 1918 1936 1986 1929 1996 1937 
1938 1937 1996 1998 1938 1996 1939 1938 1998 
2000 1939 1998 1940 1939 2000 2002 1940 2000 
1941 1940 2002 2004 1941 2002 1931 1941 2004 
2008 2009 2010 2008 1944 1943 2008 1943 2009 
2009 1943 2011 1945 2012 1943 1943 2012 2011 
1946 2013 1945 1945 2013 2012 1947 2014 1946 
1946 2014 2013 1948 2015 1947 1947 2015 2014 
1949 2016 1948 1948 2016 2015 2016 1949 1950 
2017 2016 1950 1952 2018 2019 1953 1952 2019 
1954 2020 1952 1952 2020 2018 2010 1955 2008 
2010 2020 1955 2020 1954 1955 1944 2008 1955 
1950 2021 2017 1956 2021 1950 1957 2022 1956 
1956 2022 2021 1958 2023 2024 1958 2024 1957 
1957 2024 2022 2024 2023 2025 1959 2026 2027 
1960 1959 2027 2019 1959 1953 2026 1959 2019 
1958 1961 2023 2023 1961 1963 2023 1963 2025 
2025 1963 2028 1964 2029 2030 1965 1964 2030 
2027 1964 1960 2029 1964 2027 1963 2031 2028 
1967 2031 1963 2031 1967 1968 2032 2031 1968 
1969 2033 2034 1970 1969 2034 2030 1969 1965 
2033 1969 2030 1968 2035 2032 1971 2035 1968 
2035 1971 1972 2036 2035 1972 1970 2034 1973 
2034 2037 1973 1972 2038 2036 1974 2038 1972 
1975 2039 2040 1975 2040 1974 1974 2040 2038 
2040 2039 2041 1973 2037 2042 1976 1973 2042 
2042 1977 1976 2043 1977 2042 2044 2045 2046 
2044 2047 2048 2046 2047 2044 2048 1980 1979 
2048 2047 1980 2047 2049 1980 1981 2050 2051 
1981 1980 2050 1980 2049 2050 2051 2052 2053 
2050 2052 2051 2039 2052 2054 2039 1983 2052 
2039 1975 1983 1983 2053 2052 2041 2039 2054 
1977 2043 2055 1984 1977 2055 2055 1985 1984 
2056 1985 2055 2057 2058 2059 2057 2060 2061 
2059 2060 2057 2061 1988 1987 2061 2060 1988 
2060 2062 1988 2045 2044 1989 2045 1989 2062 
2062 1989 1988 1990 1989 2044 2048 1990 2044 
1979 1990 2048 1981 2051 1991 1992 1991 2051 
2053 1992 2051 1983 1992 2053 1985 2056 2063 
1993 1985 2063 1994 1993 2064 1993 2063 2064 
1995 1994 2065 1994 2064 2065 1997 1995 2066 
1995 2065 2066 1999 1997 2067 1997 2066 2067 
2001 1999 2068 1999 2067 2068 2003 2001 2069 
2001 2068 2069 2005 2003 2070 2003 2069 2070 
2058 2057 2006 2058 2006 2070 2070 2006 2005 
2007 2006 2057 2061 2007 2057 1987 2007 2061 
2071 2072 2073 2071 2010 2009 2071 2009 2072 
2072 2009 2074 2011 2075 2009 2009 2075 2074 
2012 2076 2011 2011 2076 2075 2013 2077 2012 
2012 2077 2076 2014 2078 2013 2013 2078 2077 
2015 2079 2014 2014 2079 2078 2016 2080 2015 
2015 2080 2079 2080 2016 2017 2081 2080 2017 
2082 2083 2084 2082 2019 2018 2082 2018 2083 
2083 2018 2085 2073 2020 2071 2073 2085 2020 
2085 2018 2020 2010 2071 2020 2017 2086 2081 
2021 2086 2017 2022 2087 2021 2021 2087 2086 
2024 2088 2022 2022 2088 2087 2025 2089 2090 
2025 2090 2024 2024 2090 2088 2090 2089 2091 
2092 2093 2094 2084 2093 2092 2082 2084 2092 
2082 2092 2027 2082 2027 2026 2019 2082 2026 
2089 2028 2095 2025 2028 2089 2096 2091 2089 
2095 2096 2089 2029 2092 2094 2029 2094 2030 
2030 2094 2097 2027 2092 2029 2028 2031 2095 
2032 2098 2099 2031 2032 2099 2031 2099 2096 
2031 2096 2095 2099 2098 2100 2033 2101 2102 
2034 2033 2102 2097 2033 2030 2101 2033 2097 
2032 2035 2098 2036 2103 2104 2035 2036 2104 
2035 2104 2100 2035 2100 2098 2103 2105 2106 
2104 2103 2106 2106 2105 2107 2034 2102 2037 
2102 2108 2037 2036 2038 2103 2040 2103 2038 
2105 2103 2040 2105 2040 2041 2105 2041 2107 
2107 2041 2109 2037 2108 2110 2042 2037 2110 
2110 2043 2042 2111 2043 2110 2112 2113 2114 
2112 2046 2045 2112 2114 2046 2114 2115 2046 
2047 2046 2116 2046 2115 2116 2049 2047 2117 
2047 2116 2117 2050 2049 2118 2049 2117 2118 
2052 2050 2119 2050 2118 2119 2054 2052 2120 
2052 2119 2120 2109 2041 2054 2120 2109 2054 
2043 2111 2121 2055 2043 2121 2056 2122 2123 
2056 2055 2122 2055 2121 2122 2122 2124 2123 
2125 2126 2127 2125 2128 2129 2127 2128 2125 
2129 2059 2058 2129 2128 2059 2128 2130 2059 
2060 2059 2131 2059 2130 2131 2113 2112 2062 
2113 2062 2131 2131 2062 2060 2045 2062 2112 
2056 2123 2063 2123 2124 2132 2123 2132 2063 
2063 2132 2064 2065 2064 2133 2064 2132 2133 
2066 2065 2134 2065 2133 2134 2067 2066 2135 
2066 2134 2135 2068 2067 2136 2067 2135 2136 
2126 2125 2069 2126 2069 2136 2136 2069 2068 
2070 2069 2125 2129 2070 2125 2058 2070 2129 
2072 2137 2138 2073 2072 2138 2074 2139 2072 
2072 2139 2137 2075 2140 2074 2074 2140 2139 
2076 2141 2075 2075 2141 2140 2077 2142 2076 
2076 2142 2141 2078 2143 2077 2077 2143 2142 
2079 2144 2078 2078 2144 2143 2080 2145 2079 
2079 2145 2144 2145 2080 2081 2146 2145 2081 
2083 2147 2148 2084 2083 2148 2085 2149 2083 
2083 2149 2147 2138 2085 2073 2149 2085 2138 
2081 2150 2146 2086 2150 2081 2087 2151 2086 
2086 2151 2150 2088 2152 2087 2087 2152 2151 
2090 2153 2088 2088 2153 2152 2091 2154 2155 
2091 2155 2090 2090 2155 2153 2155 2154 2156 
2093 2157 2158 2094 2093 2158 2148 2093 2084 
2157 2093 2148 2154 2096 2159 2091 2096 2154 
2160 2156 2154 2159 2160 2154 2161 2162 2163 
2161 2158 2162 2161 2097 2158 2097 2094 2158 
2096 2099 2159 2100 2164 2165 2099 2100 2165 
2099 2165 2160 2099 2160 2159 2164 2166 2167 
2165 2164 2167 2167 2166 2168 2101 2161 2163 
2101 2163 2102 2102 2163 2169 2097 2161 2101 
2100 2104 2164 2106 2164 2104 2166 2164 2106 
2107 2170 2171 2106 2107 2171 2106 2171 2168 
2106 2168 2166 2171 2170 2172 2102 2169 2108 
2169 2173 2108 2174 2175 2176 2174 2177 2178 
2176 2177 2174 2178 2179 2180 2177 2179 2178 
2179 2181 2180 2170 2182 2183 2170 2107 2182 
2107 2109 2182 2172 2170 2183 2108 2173 2184 
2110 2108 2184 2184 2111 2110 2185 2111 2184 
2186 2187 2188 2186 2114 2113 2186 2188 2114 
2188 2189 2114 2115 2114 2190 2114 2189 2190 
2175 2174 2116 2175 2116 2190 2190 2116 2115 
2117 2116 2174 2178 2117 2174 2118 2117 2178 
2180 2118 2178 2180 2181 2191 2180 2191 2118 
2118 2191 2119 2120 2119 2192 2119 2191 2192 
2182 2109 2120 2192 2182 2120 2111 2185 2193 
2121 2111 2193 2122 2121 2194 2121 2193 2194 
2124 2195 2196 2124 2122 2195 2122 2194 2195 
2196 2197 2198 2195 2197 2196 2198 2199 2200 
2197 2199 2198 2200 2201 2202 2199 2201 2200 
2202 2203 2204 2201 2203 2202 2204 2127 2126 
2204 2203 2127 2203 2205 2127 2128 2127 2206 
2127 2205 2206 2130 2128 2207 2128 2206 2207 
2187 2186 2131 2187 2131 2207 2207 2131 2130 
2113 2131 2186 2124 2196 2132 2133 2132 2196 
2198 2133 2196 2134 2133 2198 2200 2134 2198 
2135 2134 2200 2202 2135 2200 2136 2135 2202 
2204 2136 2202 2126 2136 2204 2208 2209 2210 
2208 2211 2212 2209 2208 2212 2211 2213 2214 
2212 2211 2214 2214 2213 2215 2216 2217 2218 
2216 2138 2137 2216 2137 2217 2217 2137 2219 
2139 2220 2137 2137 2220 2219 2140 2221 2139 
2139 2221 2220 2210 2141 2208 2210 2221 2141 
2221 2140 2141 2142 2208 2141 2211 2208 2142 
2143 2211 2142 2213 2211 2143 2213 2222 2215 
2213 2143 2222 2143 2144 2222 2145 2223 2144 
2144 2223 2222 2146 2224 2225 2146 2225 2145 
2145 2225 2223 2225 2224 2226 2147 2227 2228 
2148 2147 2228 2218 2149 2216 2218 2227 2149 
2227 2147 2149 2138 2216 2149 2146 2150 2224 
2224 2229 2226 2224 2150 2229 2150 2151 2229 
2152 2230 2151 2151 2230 2229 2153 2231 2152 
2152 2231 2230 2155 2232 2153 2153 2232 2231 
2232 2155 2156 2233 2232 2156 2157 2234 2235 
2158 2157 2235 2228 2157 2148 2234 2157 2228 
2236 2160 2237 2236 2233 2160 2233 2156 2160 
2236 2237 2238 2162 2239 2240 2163 2162 2240 
2235 2162 2158 2239 2162 2235 2160 2165 2237 
2237 2241 2238 2237 2165 2241 2165 2167 2241 
2168 2242 2243 2168 2243 2167 2167 2243 2241 
2243 2242 2244 2163 2240 2169 2240 2245 2169 
2168 2171 2242 2172 2246 2247 2171 2172 2247 
2171 2247 2244 2171 2244 2242 2247 2246 2248 
2169 2245 2173 2245 2249 2173 2250 2251 2252 
2250 2176 2175 2250 2252 2176 2252 2253 2176 
2177 2176 2254 2176 2253 2254 2179 2177 2255 
2177 2254 2255 2181 2256 2257 2181 2179 2256 
2179 2255 2256 2257 2258 2259 2256 2258 2257 
2259 2183 2182 2259 2258 2183 2258 2260 2183 
2246 2172 2183 2246 2183 2261 2261 2183 2260 
2248 2246 2261 2173 2249 2262 2184 2173 2262 
2185 2263 2264 2185 2184 2263 2184 2262 2263 
2263 2265 2264 2266 2267 2268 2266 2188 2187 
2266 2268 2188 2268 2269 2188 2189 2188 2270 
2188 2269 2270 2251 2250 2190 2251 2190 2270 
2270 2190 2189 2175 2190 2250 2181 2257 2191 
2192 2191 2257 2259 2192 2257 2182 2192 2259 
2185 2264 2193 2264 2265 2271 2264 2271 2193 
2193 2271 2194 2195 2194 2272 2194 2271 2272 
2197 2195 2273 2195 2272 2273 2199 2197 2274 
2197 2273 2274 2201 2199 2275 2199 2274 2275 
2203 2201 2276 2201 2275 2276 2205 2203 2277 
2203 2276 2277 2206 2205 2278 2205 2277 2278 
2267 2266 2207 2267 2207 2278 2278 2207 2206 
2187 2207 2266 2279 2280 2281 2279 2210 2209 
2279 2209 2280 2280 2209 2282 2212 2283 2209 
2209 2283 2282 2214 2284 2212 2212 2284 2283 
2284 2214 2215 2285 2284 2215 2217 2286 2287 
2218 2217 2287 2219 2288 2217 2217 2288 2286 
2220 2289 2219 2219 2289 2288 2281 2221 2279 
2281 2289 2221 2289 2220 2221 2210 2279 2221 
2215 2290 2285 2222 2290 2215 2223 2291 2222 
2222 2291 2290 2225 2292 2223 2223 2292 2291 
2226 2293 2294 2226 2294 2225 2225 2294 2292 
2294 2293 2295 2227 2296 2297 2228 2227 2297 
2287 2227 2218 2296 2227 2287 2226 2229 2293 
2293 2298 2295 2293 2229 2298 2229 2230 2298 
2231 2299 2230 2230 2299 2298 2232 2300 2231 
2231 2300 2299 2233 2301 2302 2233 2302 2232 
2232 2302 2300 2302 2301 2303 2234 2304 2305 
2235 2234 2305 2297 2234 2228 2304 2234 2297 
2233 2236 2301 2238 2306 2307 2236 2238 2307 
2236 2307 2303 2236 2303 2301 2306 2308 2309 
2307 2306 2309 2309 2308 2310 2239 2311 2312 
2240 2239 2312 2305 2239 2235 2311 2239 2305 
2238 2241 2306 2243 2306 2241 2308 2306 2243 
2244 2313 2314 2243 2244 2314 2243 2314 2310 
2243 2310 2308 2314 2313 2315 2240 2312 2245 
2312 2316 2245 2317 2318 2319 2317 2320 2321 
2319 2320 2317 2321 2322 2323 2320 2322 2321 
2324 2244 2322 2324 2313 2244 2322 2244 2323 
2247 2325 2244 2323 2244 2325 2313 2324 2315 
2247 2248 2325 2245 2316 2249 2316 2326 2249 
2327 2328 2329 2327 2252 2251 2327 2329 2252 
2329 2330 2252 2253 2252 2331 2252 2330 2331 
2254 2253 2332 2253 2331 2332 2255 2254 2333 
2254 2332 2333 2318 2317 2256 2318 2256 2333 
2333 2256 2255 2258 2256 2317 2321 2258 2317 
2260 2258 2321 2323 2260 2321 2261 2260 2323 
2325 2261 2323 2248 2261 2325 2249 2326 2334 
2262 2249 2334 2263 2262 2335 2262 2334 2335 
2265 2336 2337 2265 2263 2336 2263 2335 2336 
2336 2338 2337 2339 2340 2341 2339 2342 2343 
2341 2342 2339 2343 2268 2267 2343 2342 2268 
2342 2344 2268 2269 2268 2345 2268 2344 2345 
2328 2327 2270 2328 2270 2345 2345 2270 2269 
2251 2270 2327 2265 2337 2271 2337 2338 2346 
2337 2346 2271 2271 2346 2272 2273 2272 2347 
2272 2346 2347 2274 2273 2348 2273 2347 2348 
2275 2274 2349 2274 2348 2349 2276 2275 2350 
2275 2349 2350 2340 2339 2277 2340 2277 2350 
2350 2277 2276 2278 2277 2339 2343 2278 2339 
2267 2278 2343 2280 2351 2281 2280 2282 2352 
2351 2280 2352 2353 2352 2282 2353 2282 2354 
2354 2282 2283 2284 2355 2283 2283 2355 2354 
2355 2284 2285 2356 2355 2285 2286 2357 2358 
2287 2286 2358 2288 2359 2286 2286 2359 2357 
2289 2360 2288 2288 2360 2359 2351 2289 2281 
2351 2361 2289 2361 2360 2289 2352 2361 2351 
2362 2361 2352 2353 2362 2352 2285 2363 2356 
2290 2363 2285 2291 2364 2290 2290 2364 2363 
2292 2365 2291 2291 2365 2364 2294 2366 2292 
2292 2366 2365 2295 2367 2368 2295 2368 2294 
2294 2368 2366 2367 2369 2370 2368 2367 2370 
2370 2369 2371 2296 2372 2373 2297 2296 2373 
2358 2296 2287 2372 2296 2358 2295 2298 2367 
2299 2367 2298 2369 2367 2299 2369 2374 2371 
2369 2299 2374 2299 2300 2374 2302 2375 2300 
2300 2375 2374 2303 2376 2377 2303 2377 2302 
2302 2377 2375 2377 2376 2378 2304 2379 2380 
2305 2304 2380 2373 2304 2297 2379 2304 2373 
2303 2307 2376 2376 2381 2378 2376 2307 2381 
2307 2309 2381 2310 2382 2383 2310 2383 2309 
2309 2383 2381 2382 2384 2385 2383 2382 2385 
2385 2384 2386 2311 2387 2388 2312 2311 2388 
2380 2311 2305 2387 2311 2380 2310 2314 2382 
2315 2382 2314 2315 2389 2382 2389 2384 2382 
2390 2386 2384 2389 2390 2384 2312 2388 2316 
2388 2391 2316 2392 2393 2394 2392 2395 2396 
2394 2395 2392 2396 2319 2318 2396 2395 2319 
2395 2397 2319 2320 2319 2398 2319 2397 2398 
2322 2320 2399 2320 2398 2399 2324 2322 2400 
2322 2399 2400 2389 2315 2324 2389 2324 2401 
2401 2324 2400 2390 2389 2401 2316 2391 2326 
2391 2402 2326 2329 2403 2404 2328 2403 2329 
2330 2329 2405 2329 2404 2405 2331 2330 2406 
2330 2405 2406 2393 2392 2332 2393 2332 2406 
2406 2332 2331 2333 2332 2392 2396 2333 2392 
2318 2333 2396 2326 2402 2407 2334 2326 2407 
2335 2334 2408 2334 2407 2408 2336 2335 2409 
2335 2408 2409 2338 2410 2411 2338 2336 2410 
2336 2409 2410 2411 2412 2413 2410 2412 2411 
2413 2414 2415 2412 2414 2413 2415 2416 2417 
2414 2416 2415 2417 2418 2419 2416 2418 2417 
2419 2341 2340 2419 2418 2341 2418 2420 2341 
2342 2341 2421 2341 2420 2421 2344 2342 2422 
2342 2421 2422 2345 2344 2423 2344 2422 2423 
2403 2328 2345 2423 2403 2345 2338 2411 2346 
2347 2346 2411 2413 2347 2411 2348 2347 2413 
2415 2348 2413 2349 2348 2415 2417 2349 2415 
2350 2349 2417 2419 2350 2417 2340 2350 2419 
2424 2425 2426 2424 2353 2354 2424 2354 2425 
2425 2354 2427 2355 2428 2354 2354 2428 2427 
2428 2355 2356 2429 2428 2356 2357 2430 2431 
2358 2357 2431 2359 2432 2357 2357 2432 2430 
2360 2433 2359 2359 2433 2432 2361 2434 2360 
2360 2434 2433 2426 2362 2424 2426 2434 2362 
2434 2361 2362 2353 2424 2362 2356 2435 2429 
2363 2435 2356 2364 2436 2363 2363 2436 2435 
2365 2437 2364 2364 2437 2436 2366 2438 2365 
2365 2438 2437 2368 2439 2366 2366 2439 2438 
2370 2440 2368 2368 2440 2439 2371 2441 2442 
2371 2442 2370 2370 2442 2440 2441 2443 2444 
2442 2441 2444 2443 2445 2446 2444 2443 2446 
2446 2445 2447 2372 2448 2449 2373 2372 2449 
2431 2372 2358 2448 2372 2431 2371 2374 2441 
2375 2441 2374 2443 2441 2375 2377 2443 2375 
2445 2443 2377 2378 2450 2451 2377 2378 2451 
2377 2451 2447 2377 2447 2445 2450 2452 2453 
2451 2450 2453 2453 2452 2454 2379 2455 2456 
2380 2379 2456 2449 2379 2373 2455 2379 2449 
2378 2381 2450 2383 2450 2381 2452 2450 2383 
2452 2457 2454 2452 2383 2457 2383 2385 2457 
2386 2458 2459 2386 2459 2385 2385 2459 2457 
2459 2458 2460 2387 2461 2462 2388 2387 2462 
2456 2387 2380 2461 2387 2456 2463 2464 2465 
2463 2466 2467 2465 2466 2463 2467 2468 2469 
2466 2468 2467 2468 2470 2469 2458 2471 2472 
2458 2386 2471 2386 2390 2471 2460 2458 2472 
2388 2462 2391 2462 2473 2391 2474 2475 2476 
2474 2394 2393 2474 2476 2394 2476 2477 2394 
2395 2394 2478 2394 2477 2478 2464 2463 2397 
2464 2397 2478 2478 2397 2395 2398 2397 2463 
2467 2398 2463 2399 2398 2467 2469 2399 2467 
2469 2470 2479 2469 2479 2399 2399 2479 2400 
2401 2400 2480 2400 2479 2480 2471 2390 2401 
2480 2471 2401 2391 2473 2402 2473 2481 2402 
2482 2483 2484 2482 2404 2403 2482 2484 2404 
2484 2485 2404 2405 2404 2486 2404 2485 2486 
2475 2474 2406 2475 2406 2486 2486 2406 2405 
2393 2406 2474 2402 2481 2487 2407 2402 2487 
2408 2407 2488 2407 2487 2488 2409 2408 2489 
2408 2488 2489 2410 2409 2490 2409 2489 2490 
2412 2410 2491 2410 2490 2491 2414 2412 2492 
2412 2491 2492 2416 2414 2493 2414 2492 2493 
2418 2416 2494 2416 2493 2494 2420 2418 2495 
2418 2494 2495 2421 2420 2496 2420 2495 2496 
2422 2421 2497 2421 2496 2497 2483 2482 2423 
2483 2423 2497 2497 2423 2422 2403 2423 2482 
2425 2498 2499 2426 2425 2499 2427 2500 2425 
2425 2500 2498 2428 2501 2427 2427 2501 2500 
2501 2428 2429 2502 2501 2429 2430 2503 2504 
2431 2430 2504 2432 2505 2430 2430 2505 2503 
2433 2506 2432 2432 2506 2505 2434 2507 2433 
2433 2507 2506 2499 2434 2426 2507 2434 2499 
2429 2508 2502 2435 2508 2429 2436 2509 2435 
2435 2509 2508 2437 2510 2436 2436 2510 2509 
2438 2511 2437 2437 2511 2510 2439 2512 2438 
2438 2512 2511 2440 2513 2439 2439 2513 2512 
2442 2514 2440 2440 2514 2513 2444 2515 2442 
2442 2515 2514 2446 2516 2444 2444 2516 2515 
2447 2517 2518 2447 2518 2446 2446 2518 2516 
2518 2517 2519 2448 2520 2521 2449 2448 2521 
2504 2448 2431 2520 2448 2504 2447 2451 2517 
2517 2522 2519 2517 2451 2522 2451 2453 2522 
2454 2523 2524 2454 2524 2453 2453 2524 2522 
2523 2525 2526 2524 2523 2526 2526 2525 2527 
2455 2528 2529 2456 2455 2529 2521 2455 2449 
2528 2455 2521 2454 2457 2523 2459 2523 2457 
2525 2523 2459 2525 2459 2460 2525 2460 2527 
2527 2460 2530 2461 2531 2462 2461 2532 2531 
2461 2456 2532 2456 2529 2532 2533 2534 2535 
2533 2465 2464 2533 2535 2465 2535 2536 2465 
2466 2465 2537 2465 2536 2537 2468 2466 2538 
2466 2537 2538 2470 2539 2540 2470 2468 2539 
2468 2538 2539 2540 2541 2542 2539 2541 2540 
2542 2472 2471 2542 2541 2472 2541 2543 2472 
2530 2460 2472 2543 2530 2472 2531 2544 2545 
2531 2545 2462 2462 2545 2473 2532 2544 2531 
2546 2547 2548 2546 2476 2475 2546 2548 2476 
2548 2549 2476 2477 2476 2550 2476 2549 2550 
2534 2533 2478 2534 2478 2550 2550 2478 2477 
2464 2478 2533 2470 2540 2479 2480 2479 2540 
2542 2480 2540 2471 2480 2542 2551 2552 2481 
2551 2481 2545 2545 2481 2473 2551 2553 2552 
2554 2555 2556 2554 2557 2558 2556 2557 2554 
2558 2559 2560 2557 2559 2558 2560 2561 2562 
2559 2561 2560 2561 2563 2562 2564 2565 2566 
2564 2484 2483 2564 2566 2484 2566 2567 2484 
2485 2484 2568 2484 2567 2568 2547 2546 2486 
2547 2486 2568 2568 2486 2485 2475 2486 2546 
2481 2552 2487 2552 2553 2569 2552 2569 2487 
2487 2569 2488 2555 2554 2489 2555 2489 2569 
2569 2489 2488 2490 2489 2554 2558 2490 2554 
2491 2490 2558 2560 2491 2558 2492 2491 2560 
2562 2492 2560 2562 2563 2570 2562 2570 2492 
2492 2570 2493 2494 2493 2571 2493 2570 2571 
2495 2494 2572 2494 2571 2572 2496 2495 2573 
2495 2572 2573 2565 2564 2497 2565 2497 2573 
2573 2497 2496 2483 2497 2564 2574 2575 2576 
2574 2499 2498 2574 2498 2575 2575 2498 2577 
2500 2578 2498 2498 2578 2577 2501 2579 2500 
2500 2579 2578 2579 2501 2502 2580 2579 2502 
2581 2582 2583 2581 2584 2585 2582 2581 2585 
2584 2586 2587 2585 2584 2587 2586 2588 2589 
2587 2586 2589 2588 2590 2591 2589 2588 2591 
2590 2592 2593 2591 2590 2593 2593 2592 2594 
2503 2595 2596 2504 2503 2596 2505 2597 2503 
2503 2597 2595 2506 2598 2505 2505 2598 2597 
2576 2507 2574 2576 2598 2507 2598 2506 2507 
2499 2574 2507 2502 2599 2580 2508 2599 2502 
2583 2509 2581 2583 2599 2509 2599 2508 2509 
2510 2581 2509 2584 2581 2510 2511 2584 2510 
2586 2584 2511 2512 2586 2511 2588 2586 2512 
2513 2588 2512 2590 2588 2513 2514 2590 2513 
2592 2590 2514 2592 2600 2594 2592 2514 2600 
2514 2515 2600 2516 2601 2515 2515 2601 2600 
2518 2602 2516 2516 2602 2601 2519 2603 2604 
2519 2604 2518 2518 2604 2602 2603 2605 2606 
2604 2603 2606 2605 2607 2608 2606 2605 2608 
2608 2607 2609 2520 2610 2611 2521 2520 2611 
2596 2520 2504 2610 2520 2596 2519 2522 2603 
2524 2603 2522 2605 2603 2524 2526 2605 2524 
2607 2605 2526 2607 2526 2527 2607 2527 2609 
2609 2527 2612 2528 2613 2614 2529 2528 2614 
2611 2528 2521 2613 2528 2611 2527 2530 2612 
2612 2530 2615 2529 2614 2532 2614 2616 2532 
2617 2618 2619 2617 2535 2534 2617 2619 2535 
2619 2620 2535 2536 2535 2621 2535 2620 2621 
2537 2536 2622 2536 2621 2622 2538 2537 2623 
2537 2622 2623 2539 2538 2624 2538 2623 2624 
2541 2539 2625 2539 2624 2625 2543 2541 2626 
2541 2625 2626 2615 2530 2543 2626 2615 2543 
2544 2627 2545 2544 2628 2627 2544 2532 2628 
2532 2616 2628 2548 2629 2630 2547 2629 2548 
2549 2548 2631 2548 2630 2631 2618 2617 2550 
2618 2550 2631 2631 2550 2549 2534 2550 2617 
2545 2627 2551 2553 2632 2633 2551 2632 2553 
2551 2628 2632 2551 2627 2628 2633 2556 2555 
2633 2632 2556 2632 2634 2556 2557 2556 2635 
2556 2634 2635 2559 2557 2636 2557 2635 2636 
2561 2559 2637 2559 2636 2637 2563 2638 2639 
2563 2561 2638 2561 2637 2638 2638 2640 2639 
2641 2642 2643 2641 2566 2565 2641 2643 2566 
2643 2644 2566 2567 2566 2645 2566 2644 2645 
2568 2567 2646 2567 2645 2646 2629 2547 2568 
2646 2629 2568 2553 2633 2569 2555 2569 2633 
2563 2639 2570 2639 2640 2647 2639 2647 2570 
2570 2647 2571 2572 2571 2648 2571 2647 2648 
2642 2641 2573 2642 2573 2648 2648 2573 2572 
2565 2573 2641 2575 2649 2650 2576 2575 2650 
2577 2651 2575 2575 2651 2649 2578 2652 2577 
2577 2652 2651 2579 2653 2578 2578 2653 2652 
2580 2654 2655 2580 2655 2579 2579 2655 2653 
2654 2583 2582 2654 2582 2655 2655 2582 2656 
2585 2657 2582 2582 2657 2656 2587 2658 2585 
2585 2658 2657 2589 2659 2587 2587 2659 2658 
2591 2660 2589 2589 2660 2659 2593 2661 2591 
2591 2661 2660 2594 2662 2663 2594 2663 2593 
2593 2663 2661 2662 2664 2665 2663 2662 2665 
2664 2666 2667 2665 2664 2667 2666 2668 2669 
2667 2666 2669 2668 2670 2671 2669 2668 2671 
2670 2672 2673 2671 2670 2673 2673 2672 2674 
2595 2675 2676 2596 2595 2676 2597 2677 2595 
2595 2677 2675 2598 2678 2597 2597 2678 2677 
2650 2598 2576 2678 2598 2650 2580 2599 2654 
2583 2654 2599 2594 2600 2662 2601 2662 2600 
2664 2662 2601 2602 2664 2601 2666 2664 2602 
2604 2666 2602 2668 2666 2604 2606 2668 2604 
2670 2668 2606 2608 2670 2606 2672 2670 2608 
2609 2679 2680 2608 2609 2680 2608 2680 2674 
2608 2674 2672 2680 2679 2681 2610 2682 2683 
2611 2610 2683 2676 2610 2596 2682 2610 2676 
2679 2612 2684 2609 2612 2679 2685 2681 2679 
2684 2685 2679 2613 2686 2687 2614 2613 2687 
2683 2613 2611 2686 2613 2683 2688 2689 2690 
2688 2691 2692 2690 2691 2688 2692 2693 2694 
2691 2693 2692 2694 2695 2696 2693 2695 2694 
2696 2697 2698 2695 2697 2696 2698 2699 2700 
2697 2699 2698 2684 2699 2701 2684 2615 2699 
2684 2612 2615 2615 2700 2699 2685 2684 2701 
2614 2687 2616 2687 2702 2616 2703 2704 2705 
2703 2619 2618 2703 2705 2619 2705 2706 2619 
2620 2619 2707 2619 2706 2707 2689 2688 2621 
2689 2621 2707 2707 2621 2620 2622 2621 2688 
2692 2622 2688 2623 2622 2692 2694 2623 2692 
2624 2623 2694 2696 2624 2694 2625 2624 2696 
2698 2625 2696 2626 2625 2698 2700 2626 2698 
2615 2626 2700 2616 2702 2628 2702 2708 2628 
2709 2710 2711 2709 2630 2629 2709 2711 2630 
2711 2712 2630 2704 2703 2631 2704 2631 2712 
2712 2631 2630 2618 2631 2703 2628 2708 2713 
2632 2628 2713 2634 2632 2714 2632 2713 2714 
2635 2634 2715 2634 2714 2715 2636 2635 2716 
2635 2715 2716 2637 2636 2717 2636 2716 2717 
2638 2637 2718 2637 2717 2718 2640 2719 2720 
2640 2638 2719 2638 2718 2719 2720 2721 2722 
2719 2721 2720 2722 2643 2642 2722 2721 2643 
2721 2723 2643 2644 2643 2724 2643 2723 2724 
2645 2644 2725 2644 2724 2725 2710 2709 2646 
2710 2646 2725 2725 2646 2645 2629 2646 2709 
2640 2720 2647 2648 2647 2720 2722 2648 2720 
2642 2648 2722 2726 2727 2728 2726 2729 2730 
2727 2726 2730 2729 2731 2732 2730 2729 2732 
2732 2731 2733 2734 2735 2736 2734 2737 2738 
2735 2734 2738 2737 2650 2649 2737 2649 2738 
2738 2649 2739 2651 2740 2649 2649 2740 2739 
2652 2741 2651 2651 2741 2740 2653 2742 2652 
2652 2742 2741 2655 2743 2653 2653 2743 2742 
2656 2744 2655 2655 2744 2743 2728 2657 2726 
2728 2744 2657 2744 2656 2657 2658 2726 2657 
2729 2726 2658 2659 2729 2658 2731 2729 2659 
2731 2745 2733 2731 2659 2745 2659 2660 2745 
2661 2746 2660 2660 2746 2745 2663 2747 2661 
2661 2747 2746 2665 2748 2663 2663 2748 2747 
2667 2749 2665 2665 2749 2748 2669 2750 2667 
2667 2750 2749 2671 2751 2669 2669 2751 2750 
2673 2752 2671 2671 2752 2751 2674 2753 2754 
2674 2754 2673 2673 2754 2752 2754 2753 2755 
2675 2756 2757 2676 2675 2757 2736 2677 2734 
2736 2756 2677 2756 2675 2677 2678 2734 2677 
2737 2734 2678 2650 2737 2678 2674 2680 2753 
2753 2680 2681 2753 2681 2755 2755 2681 2758 
2682 2759 2760 2683 2682 2760 2757 2682 2676 
2759 2682 2757 2681 2685 2758 2758 2685 2761 
2686 2762 2763 2687 2686 2763 2760 2686 2683 
2762 2686 2760 2764 2765 2766 2764 2767 2768 
2766 2767 2764 2768 2690 2689 2768 2767 2690 
2767 2769 2690 2691 2690 2770 2690 2769 2770 
2693 2691 2771 2691 2770 2771 2695 2693 2772 
2693 2771 2772 2697 2695 2773 2695 2772 2773 
2699 2697 2774 2697 2773 2774 2701 2699 2775 
2699 2774 2775 2761 2685 2701 2775 2761 2701 
2687 2763 2702 2763 2776 2702 2777 2778 2779 
2777 2705 2704 2777 2779 2705 2779 2780 2705 
2765 2764 2706 2765 2706 2780 2780 2706 2705 
2707 2706 2764 2768 2707 2764 2689 2707 2768 
2781 2782 2708 2781 2708 2776 2776 2708 2702 
2782 2783 2784 2781 2783 2782 2784 2785 2786 
2783 2785 2784 2785 2787 2786 2788 2789 2790 
2788 2711 2710 2788 2790 2711 2790 2791 2711 
2778 2777 2712 2778 2712 2791 2791 2712 2711 
2704 2712 2777 2708 2782 2713 2714 2713 2782 
2784 2714 2782 2715 2714 2784 2786 2715 2784 
2786 2787 2792 2786 2792 2715 2715 2792 2716 
2717 2716 2793 2716 2792 2793 2718 2717 2794 
2717 2793 2794 2719 2718 2795 2718 2794 2795 
2721 2719 2796 2719 2795 2796 2723 2721 2797 
2721 2796 2797 2724 2723 2798 2723 2797 2798 
2789 2788 2725 2789 2725 2798 2798 2725 2724 
2710 2725 2788 2799 2800 2801 2799 2802 2803 
2800 2799 2803 2802 2804 2805 2803 2802 2805 
2804 2806 2807 2805 2804 2807 2806 2808 2809 
2807 2806 2809 2808 2810 2811 2809 2808 2811 
2810 2728 2727 2810 2727 2811 2811 2727 2812 
2730 2813 2727 2727 2813 2812 2732 2814 2730 
2730 2814 2813 2733 2815 2816 2733 2816 2732 
2732 2816 2814 2815 2817 2818 2816 2815 2818 
2817 2819 2820 2818 2817 2820 2820 2819 2821 
2735 2822 2823 2736 2735 2823 2738 2824 2735 
2735 2824 2822 2801 2739 2799 2801 2824 2739 
2824 2738 2739 2740 2799 2739 2802 2799 2740 
2741 2802 2740 2804 2802 2741 2742 2804 2741 
2806 2804 2742 2743 2806 2742 2808 2806 2743 
2744 2808 2743 2810 2808 2744 2728 2810 2744 
2733 2745 2815 2746 2815 2745 2817 2815 2746 
2747 2817 2746 2819 2817 2747 2819 2825 2821 
2819 2747 2825 2747 2748 2825 2749 2826 2748 
2748 2826 2825 2750 2827 2749 2749 2827 2826 
2751 2828 2750 2750 2828 2827 2752 2829 2751 
2751 2829 2828 2754 2830 2752 2752 2830 2829 
2755 2831 2832 2755 2832 2754 2754 2832 2830 
2832 2831 2833 2756 2834 2757 2756 2835 2834 
2756 2736 2835 2736 2823 2835 2831 2758 2836 
2755 2758 2831 2837 2833 2831 2836 2837 2831 
2759 2838 2760 2759 2839 2838 2757 2839 2759 
2757 2840 2839 2757 2834 2840 2835 2840 2834 
2841 2842 2843 2841 2844 2845 2843 2844 2841 
2845 2846 2847 2844 2846 2845 2847 2848 2849 
2846 2848 2847 2849 2850 2851 2848 2850 2849 
2851 2852 2853 2850 2852 2851 2836 2852 2854 
2836 2761 2852 2836 2758 2761 2761 2853 2852 
2837 2836 2854 2762 2855 2763 2762 2856 2855 
2760 2856 2762 2760 2857 2856 2760 2838 2857 
2839 2857 2838 2766 2858 2859 2765 2858 2766 
2767 2766 2860 2766 2859 2860 2769 2767 2861 
2767 2860 2861 2842 2841 2770 2842 2770 2861 
2861 2770 2769 2771 2770 2841 2845 2771 2841 
2772 2771 2845 2847 2772 2845 2773 2772 2847 
2849 2773 2847 2774 2773 2849 2851 2774 2849 
2775 2774 2851 2853 2775 2851 2761 2775 2853 
2855 2862 2776 2763 2855 2776 2863 2855 2856 
2862 2855 2863 2779 2864 2865 2778 2864 2779 
2780 2779 2866 2779 2865 2866 2858 2765 2780 
2866 2858 2780 2776 2862 2781 2862 2863 2867 
2862 2867 2781 2781 2867 2783 2785 2783 2868 
2783 2867 2868 2787 2869 2870 2787 2785 2869 
2785 2868 2869 2870 2871 2872 2869 2871 2870 
2871 2873 2872 2874 2875 2876 2874 2790 2789 
2874 2876 2790 2876 2877 2790 2791 2790 2878 
2790 2877 2878 2864 2778 2791 2878 2864 2791 
2787 2870 2792 2793 2792 2870 2872 2793 2870 
2872 2873 2879 2872 2879 2793 2793 2879 2794 
2795 2794 2880 2794 2879 2880 2796 2795 2881 
2795 2880 2881 2797 2796 2882 2796 2881 2882 
2875 2874 2798 2875 2798 2882 2882 2798 2797 
2789 2798 2874 2883 2884 2885 2883 2886 2887 
2884 2883 2887 2886 2888 2889 2887 2886 2889 
2888 2890 2891 2889 2888 2891 2890 2892 2893 
2891 2890 2893 2892 2894 2895 2893 2892 2895 
2894 2896 2897 2895 2894 2897 2896 2898 2899 
2897 2896 2899 2898 2900 2901 2899 2898 2901 
2901 2900 2902 2800 2903 2801 2904 2903 2800 
2904 2800 2905 2905 2800 2803 2885 2805 2883 
2885 2905 2805 2905 2803 2805 2807 2883 2805 
2886 2883 2807 2809 2886 2807 2888 2886 2809 
2811 2888 2809 2890 2888 2811 2812 2890 2811 
2892 2890 2812 2813 2892 2812 2894 2892 2813 
2814 2894 2813 2896 2894 2814 2816 2896 2814 
2898 2896 2816 2818 2898 2816 2900 2898 2818 
2900 2906 2902 2900 2818 2906 2818 2820 2906 
2821 2907 2908 2821 2908 2820 2820 2908 2906 
2907 2909 2910 2908 2907 2910 2909 2911 2912 
2910 2909 2912 2911 2913 2914 2912 2911 2914 
2913 2915 2916 2914 2913 2916 2915 2917 2918 
2916 2915 2918 2917 2919 2920 2918 2917 2920 
2919 2921 2922 2920 2919 2922 2922 2921 2923 
2822 2924 2823 2822 2824 2925 2924 2822 2925 
2824 2926 2925 2801 2926 2824 2801 2927 2926 
2801 2903 2927 2904 2927 2903 2821 2825 2907 
2826 2907 2825 2909 2907 2826 2827 2909 2826 
2911 2909 2827 2828 2911 2827 2913 2911 2828 
2829 2913 2828 2915 2913 2829 2830 2915 2829 
2917 2915 2830 2832 2917 2830 2919 2917 2832 
2833 2919 2832 2833 2928 2919 2928 2921 2919 
2929 2923 2921 2928 2929 2921 2924 2930 2835 
2823 2924 2835 2931 2925 2932 2931 2930 2925 
2930 2924 2925 2926 2932 2925 2928 2933 2934 
2928 2833 2933 2833 2837 2933 2929 2928 2934 
2840 2935 2839 2840 2936 2935 2835 2936 2840 
2835 2937 2936 2835 2930 2937 2931 2937 2930 
2938 2939 2940 2938 2941 2942 2940 2941 2938 
2942 2843 2842 2942 2941 2843 2941 2943 2843 
2844 2843 2944 2843 2943 2944 2846 2844 2945 
2844 2944 2945 2848 2846 2946 2846 2945 2946 
2850 2848 2947 2848 2946 2947 2852 2850 2948 
2850 2947 2948 2854 2852 2949 2852 2948 2949 
2933 2837 2854 2949 2933 2854 2857 2950 2856 
2857 2951 2950 2839 2951 2857 2839 2952 2951 
2839 2935 2952 2936 2952 2935 2953 2954 2955 
2953 2859 2858 2953 2955 2859 2955 2956 2859 
2939 2938 2860 2939 2860 2956 2956 2860 2859 
2861 2860 2938 2942 2861 2938 2842 2861 2942 
2950 2957 2863 2856 2950 2863 2958 2950 2951 
2957 2950 2958 2959 2960 2961 2959 2865 2864 
2959 2961 2865 2961 2962 2865 2954 2953 2866 
2954 2866 2962 2962 2866 2865 2858 2866 2953 
2863 2957 2867 2957 2958 2963 2957 2963 2867 
2867 2963 2868 2869 2868 2964 2868 2963 2964 
2871 2869 2965 2869 2964 2965 2873 2966 2967 
2873 2871 2966 2871 2965 2966 2967 2968 2969 
2966 2968 2967 2969 2970 2971 2968 2970 2969 
2971 2972 2973 2970 2972 2971 2973 2876 2875 
2973 2972 2876 2972 2974 2876 2877 2876 2975 
2876 2974 2975 2960 2959 2878 2960 2878 2975 
2975 2878 2877 2864 2878 2959 2873 2967 2879 
2880 2879 2967 2969 2880 2967 2881 2880 2969 
2971 2881 2969 2882 2881 2971 2973 2882 2971 
2875 2882 2973 2976 2977 2978 2976 2979 2980 
2977 2976 2980 2979 2981 2982 2980 2979 2982 
2981 2983 2984 2982 2981 2984 2983 2985 2986 
2984 2983 2986 2986 2985 2987 2884 2988 2989 
2885 2884 2989 2887 2990 2884 2884 2990 2988 
2889 2991 2887 2887 2991 2990 2891 2992 2889 
2889 2992 2991 2978 2893 2976 2978 2992 2893 
2992 2891 2893 2895 2976 2893 2979 2976 2895 
2897 2979 2895 2981 2979 2897 2899 2981 2897 
2983 2981 2899 2901 2983 2899 2985 2983 2901 
2902 2993 2994 2901 2902 2994 2901 2994 2987 
2901 2987 2985 2993 2995 2996 2994 2993 2996 
2995 2997 2998 2996 2995 2998 2997 2999 3000 
2998 2997 3000 2999 3001 3002 3000 2999 3002 
3001 3003 3004 3002 3001 3004 3003 3005 3006 
3004 3003 3006 3005 3007 3008 3006 3005 3008 
3007 3009 3010 3008 3007 3010 3009 3011 3012 
3010 3009 3012 3012 3011 3013 2905 3014 3015 
2904 2905 3015 2989 2905 2885 3014 2905 2989 
2902 2906 2993 2908 2993 2906 2995 2993 2908 
2910 2995 2908 2997 2995 2910 2912 2997 2910 
2999 2997 2912 2914 2999 2912 3001 2999 2914 
2916 3001 2914 3003 3001 2916 2918 3003 2916 
3005 3003 2918 2920 3005 2918 3007 3005 2920 
2922 3007 2920 3009 3007 2922 3016 3011 3009 
3016 3009 2923 3016 2923 3017 2922 2923 3009 
3013 3011 3016 2927 3018 3019 2926 2927 3019 
3015 2927 2904 3018 2927 3015 2923 2929 3017 
3017 2929 3020 2932 3021 2931 2932 3022 3021 
2932 2926 3022 2926 3019 3022 3023 3024 3025 
3023 3026 3027 3025 3026 3023 3027 3028 3029 
3026 3028 3027 3029 3030 3031 3028 3030 3029 
3031 3032 3033 3030 3032 3031 3033 3034 3035 
3032 3034 3033 3035 2934 2933 3035 3034 2934 
3034 3036 2934 3020 2929 2934 3036 3020 2934 
2937 3037 2936 2937 3038 3037 2931 3038 2937 
2931 3039 3038 2931 3021 3039 3022 3039 3021 
3040 3041 3042 3040 2940 2939 3040 3042 2940 
3042 3043 2940 2941 2940 3044 2940 3043 3044 
2943 2941 3045 2941 3044 3045 3024 3023 2944 
3024 2944 3045 3045 2944 2943 2945 2944 3023 
3027 2945 3023 2946 2945 3027 3029 2946 3027 
2947 2946 3029 3031 2947 3029 2948 2947 3031 
3033 2948 3031 2949 2948 3033 3035 2949 3033 
2933 2949 3035 2952 3046 2951 2952 3047 3046 
2936 3047 2952 2936 3048 3047 2936 3037 3048 
3038 3048 3037 3049 3050 3051 3049 2955 2954 
3049 3051 2955 3051 3052 2955 3041 3040 2956 
3041 2956 3052 3052 2956 2955 2939 2956 3040 
3046 3053 3054 3046 3054 2951 2951 3054 2958 
3047 3053 3046 3055 3056 3057 3055 2961 2960 
3055 3057 2961 3057 3058 2961 3050 3049 2962 
3050 2962 3058 3058 2962 2961 2954 2962 3049 
2958 3054 3059 2963 2958 3059 2964 2963 3060 
2963 3059 3060 2965 2964 3061 2964 3060 3061 
2966 2965 3062 2965 3061 3062 2968 2966 3063 
2966 3062 3063 2970 2968 3064 2968 3063 3064 
2972 2970 3065 2970 3064 3065 2974 2972 3066 
2972 3065 3066 3056 3055 2975 3056 2975 3066 
3066 2975 2974 2960 2975 3055 3067 3068 3069 
3068 3067 3070 3071 3072 3073 3071 3074 3075 
3072 3071 3075 3069 3075 3074 3069 3074 3067 
3067 3074 3076 3077 3070 3067 3077 3067 3078 
3078 3067 3076 3078 3079 3080 3077 3078 3080 
3079 3081 3082 3080 3079 3082 3081 3083 3084 
3082 3081 3084 3083 3085 3086 3084 3083 3086 
3085 3087 3088 3086 3085 3088 3087 3089 3090 
3088 3087 3090 3090 3089 3091 3092 3093 3094 
3093 3092 3095 3096 3097 3098 3096 3099 3100 
3097 3096 3100 3099 3101 3102 3100 3099 3102 
3101 2978 2977 3101 2977 3102 3102 2977 3103 
3073 2980 3071 3073 3103 2980 3103 2977 2980 
2982 3071 2980 3074 3071 2982 2984 3074 2982 
3076 3074 2984 2986 3076 2984 3078 3076 2986 
2987 3078 2986 2987 3104 3078 3104 3079 3078 
3081 3079 3105 3105 3079 3104 3083 3081 3106 
3106 3081 3105 3085 3083 3107 3107 3083 3106 
3087 3085 3108 3108 3085 3107 3089 3087 3109 
3109 3087 3108 3110 3091 3089 3110 3089 3111 
3111 3089 3109 3111 3112 3113 3110 3111 3113 
3112 3114 3115 3113 3112 3115 3094 3115 3114 
3094 3114 3092 3092 3114 3116 3117 3095 3092 
3116 3117 3092 2988 3118 3119 2989 2988 3119 
3098 2990 3096 3098 3118 2990 3118 2988 2990 
2991 3096 2990 3099 3096 2991 2992 3099 2991 
3101 3099 2992 2978 3101 2992 2987 2994 3104 
2996 3104 2994 3105 3104 2996 2998 3105 2996 
3106 3105 2998 3000 3106 2998 3107 3106 3000 
3002 3107 3000 3108 3107 3002 3004 3108 3002 
3109 3108 3004 3006 3109 3004 3111 3109 3006 
3008 3111 3006 3112 3111 3008 3010 3112 3008 
3114 3112 3010 3012 3114 3010 3116 3114 3012 
3116 3012 3013 3116 3013 3117 3117 3013 3120 
3014 3121 3122 3015 3014 3122 3119 3014 2989 
3121 3014 3119 3016 3017 3123 3016 3123 3124 
3016 3124 3013 3013 3124 3120 3018 3125 3019 
3018 3126 3125 3018 3015 3126 3015 3122 3126 
3127 3128 3129 3127 3130 3131 3129 3130 3127 
3131 3132 3133 3130 3132 3131 3133 3134 3135 
3132 3134 3133 3134 3136 3135 3123 3137 3138 
3123 3017 3137 3017 3020 3137 3124 3123 3138 
3125 3139 3140 3125 3140 3019 3019 3140 3022 
3126 3139 3125 3141 3142 3143 3141 3144 3145 
3143 3144 3141 3145 3025 3024 3145 3144 3025 
3144 3146 3025 3026 3025 3147 3025 3146 3147 
3128 3127 3028 3128 3028 3147 3147 3028 3026 
3030 3028 3127 3131 3030 3127 3032 3030 3131 
3133 3032 3131 3034 3032 3133 3135 3034 3133 
3135 3136 3148 3135 3148 3034 3034 3148 3036 
3137 3020 3036 3148 3137 3036 3039 3149 3150 
3038 3039 3150 3140 3039 3022 3149 3039 3140 
3151 3152 3153 3151 3042 3041 3151 3153 3042 
3153 3154 3042 3043 3042 3155 3042 3154 3155 
3142 3141 3044 3142 3044 3155 3155 3044 3043 
3045 3044 3141 3145 3045 3141 3024 3045 3145 
3048 3156 3047 3048 3157 3156 3048 3038 3157 
3038 3150 3157 3051 3158 3159 3050 3158 3051 
3152 3151 3052 3152 3052 3159 3159 3052 3051 
3041 3052 3151 3053 3160 3054 3053 3047 3156 
3053 3156 3160 3160 3156 3161 3162 3156 3157 
3162 3163 3156 3163 3161 3156 3163 3164 3165 
3162 3164 3163 3165 3166 3167 3164 3166 3165 
3167 3168 3169 3166 3168 3167 3169 3170 3171 
3168 3170 3169 3171 3172 3173 3170 3172 3171 
3173 3057 3056 3173 3172 3057 3172 3174 3057 
3058 3057 3175 3057 3174 3175 3158 3050 3058 
3175 3158 3058 3054 3160 3059 3060 3059 3160 
3161 3060 3160 3061 3060 3161 3163 3061 3161 
3062 3061 3163 3165 3062 3163 3063 3062 3165 
3167 3063 3165 3064 3063 3167 3169 3064 3167 
3065 3064 3169 3171 3065 3169 3066 3065 3171 
3173 3066 3171 3056 3066 3173 3176 3177 3178 
3176 3179 3180 3177 3176 3180 3179 3181 3182 
3180 3179 3182 3181 3183 3184 3182 3181 3184 
3183 3185 3186 3184 3183 3186 3185 3187 3188 
3186 3185 3188 3188 3187 3189 3190 3191 3192 
3190 3193 3194 3191 3190 3194 3178 3194 3193 
3178 3193 3176 3176 3193 3195 3179 3176 3196 
3196 3176 3195 3181 3179 3197 3197 3179 3196 
3183 3181 3198 3198 3181 3197 3185 3183 3199 
3199 3183 3198 3187 3185 3200 3200 3185 3199 
3201 3189 3187 3201 3187 3202 3202 3187 3200 
3202 3203 3204 3201 3202 3204 3204 3203 3205 
3206 3207 3208 3206 3209 3210 3207 3206 3210 
3192 3210 3209 3190 3192 3209 3190 3209 3069 
3190 3069 3068 3070 3190 3068 3070 3211 3190 
3211 3193 3190 3195 3193 3212 3212 3193 3211 
3196 3195 3213 3213 3195 3212 3197 3196 3214 
3214 3196 3213 3198 3197 3215 3215 3197 3214 
3199 3198 3216 3216 3198 3215 3200 3199 3217 
3217 3199 3216 3202 3200 3218 3218 3200 3217 
3203 3202 3219 3219 3202 3218 3220 3205 3203 
3220 3203 3221 3221 3203 3219 3221 3222 3223 
3220 3221 3223 3222 3224 3225 3223 3222 3225 
3225 3224 3226 3227 3228 3229 3227 3230 3231 
3228 3227 3231 3230 3232 3233 3231 3230 3233 
3208 3233 3232 3206 3208 3232 3206 3232 3073 
3206 3073 3072 3075 3206 3072 3209 3206 3075 
3069 3209 3075 3070 3077 3211 3080 3211 3077 
3212 3211 3080 3082 3212 3080 3213 3212 3082 
3084 3213 3082 3214 3213 3084 3086 3214 3084 
3215 3214 3086 3088 3215 3086 3216 3215 3088 
3090 3216 3088 3217 3216 3090 3091 3217 3090 
3091 3234 3217 3234 3218 3217 3219 3218 3235 
3235 3218 3234 3221 3219 3236 3236 3219 3235 
3093 3236 3094 3093 3222 3236 3222 3221 3236 
3095 3222 3093 3095 3237 3222 3237 3224 3222 
3238 3226 3224 3237 3238 3224 3097 3239 3240 
3098 3097 3240 3229 3100 3227 3229 3239 3100 
3239 3097 3100 3102 3227 3100 3230 3227 3102 
3103 3230 3102 3232 3230 3103 3073 3232 3103 
3091 3110 3234 3113 3234 3110 3235 3234 3113 
3115 3235 3113 3236 3235 3115 3094 3236 3115 
3237 3117 3241 3095 3117 3237 3242 3238 3237 
3241 3242 3237 3118 3243 3244 3119 3118 3244 
3240 3118 3098 3243 3118 3240 3241 3120 3245 
3117 3120 3241 3246 3242 3241 3245 3246 3241 
3121 3247 3248 3122 3121 3248 3244 3121 3119 
3247 3121 3244 3245 3249 3250 3245 3120 3249 
3120 3124 3249 3246 3245 3250 3122 3248 3126 
3248 3251 3126 3252 3253 3254 3252 3255 3256 
3254 3255 3252 3256 3257 3258 3255 3257 3256 
3258 3129 3128 3258 3257 3129 3257 3259 3129 
3130 3129 3260 3129 3259 3260 3132 3130 3261 
3130 3260 3261 3134 3132 3262 3132 3261 3262 
3136 3263 3264 3136 3134 3263 3134 3262 3263 
3264 3138 3137 3264 3263 3138 3263 3265 3138 
3249 3124 3138 3265 3249 3138 3139 3266 3140 
3139 3267 3266 3139 3126 3267 3126 3251 3267 
3268 3269 3270 3268 3143 3142 3268 3270 3143 
3270 3271 3143 3253 3252 3144 3253 3144 3271 
3271 3144 3143 3146 3144 3252 3256 3146 3252 
3147 3146 3256 3258 3147 3256 3128 3147 3258 
3136 3264 3148 3137 3148 3264 3149 3272 3150 
3149 3273 3272 3140 3273 3149 3140 3274 3273 
3140 3266 3274 3267 3274 3266 3153 3275 3276 
3152 3275 3153 3154 3153 3277 3153 3276 3277 
3269 3268 3155 3269 3155 3277 3277 3155 3154 
3142 3155 3268 3272 3278 3279 3272 3279 3150 
3150 3279 3157 3273 3278 3272 3280 3281 3282 
3280 3159 3158 3280 3282 3159 3282 3283 3159 
3275 3152 3159 3283 3275 3159 3157 3279 3284 
3162 3157 3284 3164 3162 3285 3162 3284 3285 
3166 3164 3286 3164 3285 3286 3168 3166 3287 
3166 3286 3287 3170 3168 3288 3168 3287 3288 
3172 3170 3289 3170 3288 3289 3174 3172 3290 
3172 3289 3290 3281 3280 3175 3281 3175 3290 
3290 3175 3174 3158 3175 3280 3291 3292 3293 
3291 3294 3295 3292 3291 3295 3294 3296 3297 
3295 3294 3297 3296 3298 3299 3297 3296 3299 
3298 3300 3301 3299 3298 3301 3300 3302 3303 
3301 3300 3303 3302 3304 3305 3303 3302 3305 
3304 3306 3307 3305 3304 3307 3306 3308 3309 
3307 3306 3309 3308 3310 3311 3309 3308 3311 
3310 3312 3313 3311 3310 3313 3312 3314 3315 
3313 3312 3315 3315 3314 3316 3317 3318 3319 
3293 3318 3317 3291 3293 3317 3291 3317 3178 
3291 3178 3177 3180 3291 3177 3294 3291 3180 
3182 3294 3180 3296 3294 3182 3184 3296 3182 
3298 3296 3184 3186 3298 3184 3300 3298 3186 
3188 3300 3186 3302 3300 3188 3189 3302 3188 
3189 3320 3302 3320 3304 3302 3306 3304 3321 
3321 3304 3320 3308 3306 3322 3322 3306 3321 
3310 3308 3323 3323 3308 3322 3312 3310 3324 
3324 3310 3323 3314 3312 3325 3325 3312 3324 
3326 3316 3314 3325 3326 3314 3327 3328 3329 
3327 3192 3191 3327 3191 3328 3328 3191 3330 
3319 3194 3317 3319 3330 3194 3330 3191 3194 
3178 3317 3194 3189 3201 3320 3204 3320 3201 
3321 3320 3204 3205 3321 3204 3205 3331 3321 
3331 3322 3321 3323 3322 3332 3332 3322 3331 
3324 3323 3333 3333 3323 3332 3325 3324 3334 
3334 3324 3333 3335 3326 3325 3334 3335 3325 
3336 3337 3338 3336 3339 3340 3337 3336 3340 
3339 3208 3207 3339 3207 3340 3340 3207 3341 
3329 3210 3327 3329 3341 3210 3341 3207 3210 
3192 3327 3210 3205 3220 3331 3223 3331 3220 
3332 3331 3223 3225 3332 3223 3333 3332 3225 
3226 3333 3225 3226 3342 3333 3342 3334 3333 
3343 3335 3334 3342 3343 3334 3228 3344 3345 
3229 3228 3345 3338 3231 3336 3338 3344 3231 
3344 3228 3231 3233 3336 3231 3339 3336 3233 
3208 3339 3233 3342 3238 3346 3226 3238 3342 
3347 3343 3342 3346 3347 3342 3239 3348 3349 
3240 3239 3349 3345 3239 3229 3348 3239 3345 
3346 3350 3351 3346 3238 3350 3238 3242 3350 
3347 3346 3351 3243 3352 3353 3244 3243 3353 
3349 3243 3240 3352 3243 3349 3354 3355 3356 
3354 3357 3358 3356 3357 3354 3357 3359 3358 
3242 3246 3350 3350 3246 3360 3247 3361 3248 
3247 3362 3361 3247 3244 3362 3244 3353 3362 
3363 3364 3365 3363 3366 3367 3365 3366 3363 
3367 3368 3369 3366 3368 3367 3369 3370 3371 
3368 3370 3369 3355 3371 3370 3355 3354 3371 
3354 3372 3371 3358 3373 3354 3373 3372 3354 
3374 3358 3359 3374 3375 3358 3375 3373 3358 
3375 3250 3249 3375 3374 3250 3374 3376 3250 
3360 3246 3250 3376 3360 3250 3361 3377 3251 
3248 3361 3251 3378 3361 3362 3377 3361 3378 
3379 3380 3381 3379 3254 3253 3379 3381 3254 
3381 3382 3254 3255 3254 3383 3254 3382 3383 
3364 3363 3257 3364 3257 3383 3383 3257 3255 
3259 3257 3363 3367 3259 3363 3260 3259 3367 
3369 3260 3367 3261 3260 3369 3371 3261 3369 
3262 3261 3371 3372 3262 3371 3263 3262 3372 
3373 3263 3372 3265 3263 3373 3375 3265 3373 
3249 3265 3375 3377 3384 3385 3377 3385 3251 
3251 3385 3267 3378 3384 3377 3386 3387 3388 
3386 3270 3269 3386 3388 3270 3388 3389 3270 
3380 3379 3271 3380 3271 3389 3389 3271 3270 
3253 3271 3379 3274 3390 3391 3273 3274 3391 
3385 3274 3267 3390 3274 3385 3392 3393 3394 
3392 3276 3275 3392 3394 3276 3394 3395 3276 
3387 3386 3277 3387 3277 3395 3395 3277 3276 
3269 3277 3386 3278 3396 3279 3397 3273 3391 
3397 3396 3273 3397 3398 3396 3396 3278 3273 
3398 3399 3400 3397 3399 3398 3400 3401 3402 
3399 3401 3400 3402 3403 3404 3401 3403 3402 
3404 3405 3406 3403 3405 3404 3406 3407 3408 
3405 3407 3406 3408 3282 3281 3408 3407 3282 
3407 3409 3282 3393 3392 3283 3393 3283 3409 
3409 3283 3282 3275 3283 3392 3279 3396 3284 
3285 3284 3396 3398 3285 3396 3286 3285 3398 
3400 3286 3398 3287 3286 3400 3402 3287 3400 
3288 3287 3402 3404 3288 3402 3289 3288 3404 
3406 3289 3404 3290 3289 3406 3408 3290 3406 
3281 3290 3408 3410 3411 3412 3410 3293 3292 
3410 3292 3411 3411 3292 3413 3295 3414 3292 
3292 3414 3413 3297 3415 3295 3295 3415 3414 
3299 3416 3297 3297 3416 3415 3301 3417 3299 
3299 3417 3416 3303 3418 3301 3301 3418 3417 
3305 3419 3303 3303 3419 3418 3307 3420 3305 
3305 3420 3419 3309 3421 3307 3307 3421 3420 
3311 3422 3309 3309 3422 3421 3313 3423 3311 
3311 3423 3422 3315 3424 3313 3313 3424 3423 
3316 3425 3426 3316 3426 3315 3315 3426 3424 
3426 3425 3427 3428 3429 3430 3428 3431 3432 
3429 3428 3432 3412 3432 3431 3410 3412 3431 
3410 3431 3319 3410 3319 3318 3293 3410 3318 
3425 3433 3434 3425 3316 3433 3316 3326 3433 
3427 3425 3434 3435 3436 3437 3435 3438 3439 
3436 3435 3439 3430 3439 3438 3428 3430 3438 
3428 3438 3329 3428 3329 3328 3330 3428 3328 
3431 3428 3330 3319 3431 3330 3326 3335 3433 
3433 3335 3440 3337 3441 3442 3338 3337 3442 
3437 3340 3435 3437 3441 3340 3441 3337 3340 
3341 3435 3340 3438 3435 3341 3329 3438 3341 
3335 3343 3440 3440 3343 3443 3344 3444 3445 
3345 3344 3445 3442 3344 3338 3444 3344 3442 
3343 3347 3443 3443 3347 3446 3348 3447 3448 
3349 3348 3448 3445 3348 3345 3447 3348 3445 
3449 3450 3451 3449 3452 3453 3451 3452 3449 
3453 3454 3455 3452 3454 3453 3455 3456 3457 
3454 3456 3455 3457 3458 3459 3456 3458 3457 
3459 3351 3350 3459 3458 3351 3458 3460 3351 
3446 3347 3351 3460 3446 3351 3352 3461 3353 
3352 3462 3461 3352 3349 3462 3349 3448 3462 
3463 3464 3465 3463 3466 3467 3465 3466 3463 
3450 3467 3466 3450 3449 3467 3449 3468 3467 
3356 3355 3468 3356 3468 3453 3453 3468 3449 
3357 3356 3453 3455 3357 3453 3359 3357 3455 
3359 3455 3469 3469 3455 3457 3459 3470 3457 
3470 3469 3457 3350 3360 3470 3459 3350 3470 
3461 3471 3472 3461 3472 3353 3353 3472 3362 
3462 3471 3461 3473 3474 3475 3473 3476 3477 
3475 3476 3473 3477 3365 3364 3477 3476 3365 
3476 3478 3365 3464 3463 3366 3464 3366 3478 
3478 3366 3365 3368 3366 3463 3467 3368 3463 
3370 3368 3467 3468 3370 3467 3355 3370 3468 
3359 3469 3374 3376 3374 3469 3470 3376 3469 
3360 3376 3470 3362 3472 3378 3472 3479 3378 
3480 3481 3482 3480 3381 3380 3480 3482 3381 
3482 3483 3381 3474 3473 3382 3474 3382 3483 
3483 3382 3381 3383 3382 3473 3477 3383 3473 
3364 3383 3477 3384 3484 3385 3384 3485 3484 
3384 3378 3485 3378 3479 3485 3486 3487 3488 
3486 3388 3387 3486 3488 3388 3488 3489 3388 
3481 3480 3389 3481 3389 3489 3489 3389 3388 
3380 3389 3480 3390 3490 3391 3390 3491 3490 
3385 3491 3390 3385 3492 3491 3385 3484 3492 
3485 3492 3484 3493 3494 3495 3493 3394 3393 
3493 3495 3394 3495 3496 3394 3487 3486 3395 
3487 3395 3496 3496 3395 3394 3387 3395 3486 
3391 3490 3397 3490 3491 3497 3490 3497 3397 
3397 3497 3399 3401 3399 3498 3399 3497 3498 
3403 3401 3499 3401 3498 3499 3405 3403 3500 
3403 3499 3500 3407 3405 3501 3405 3500 3501 
3494 3493 3409 3494 3409 3501 3501 3409 3407 
3393 3409 3493 3502 3503 3504 3502 3505 3506 
3503 3502 3506 3505 3507 3508 3506 3505 3508 
3508 3507 3509 3510 3511 3512 3504 3511 3510 
3504 3510 3502 3502 3510 3513 3411 3513 3412 
3411 3505 3513 3505 3502 3513 3413 3505 3411 
3507 3505 3413 3507 3514 3509 3507 3413 3514 
3413 3414 3514 3415 3515 3414 3414 3515 3514 
3416 3516 3415 3415 3516 3515 3517 3518 3516 
3517 3516 3417 3417 3516 3416 3417 3418 3519 
3517 3417 3519 3418 3419 3520 3519 3418 3520 
3521 3520 3419 3521 3419 3522 3522 3419 3420 
3421 3523 3420 3420 3523 3522 3422 3524 3421 
3421 3524 3523 3423 3525 3422 3422 3525 3524 
3424 3526 3423 3423 3526 3525 3527 3528 3526 
3527 3526 3426 3426 3526 3424 3426 3427 3527 
3529 3530 3531 3512 3530 3529 3510 3512 3529 
3510 3529 3430 3510 3430 3429 3432 3510 3429 
3513 3510 3432 3412 3513 3432 3517 3532 3518 
3519 3532 3517 3533 3532 3519 3520 3533 3519 
3534 3533 3520 3521 3534 3520 3434 3528 3527 
3434 3433 3528 3433 3535 3528 3427 3434 3527 
3436 3536 3537 3437 3436 3537 3531 3439 3529 
3531 3536 3439 3536 3436 3439 3430 3529 3439 
3433 3440 3535 3535 3440 3538 3441 3539 3540 
3442 3441 3540 3537 3441 3437 3539 3441 3537 
3541 3542 3543 3541 3543 3538 3541 3538 3443 
3443 3538 3440 3444 3544 3445 3444 3545 3544 
3444 3442 3545 3442 3540 3545 3546 3547 3548 
3546 3549 3550 3548 3549 3546 3550 3551 3552 
3549 3551 3550 3552 3553 3554 3551 3553 3552 
3554 3555 3556 3553 3555 3554 3542 3556 3555 
3542 3541 3556 3541 3557 3556 3443 3446 3557 
3541 3443 3557 3447 3558 3448 3447 3559 3558 
3445 3559 3447 3445 3560 3559 3445 3544 3560 
3545 3560 3544 3561 3562 3563 3561 3564 3565 
3563 3564 3561 3547 3565 3564 3546 3565 3547 
3546 3450 3565 3546 3451 3450 3452 3451 3546 
3550 3452 3546 3454 3452 3550 3552 3454 3550 
3456 3454 3552 3554 3456 3552 3458 3456 3554 
3556 3458 3554 3460 3458 3556 3557 3460 3556 
3446 3460 3557 3558 3566 3462 3448 3558 3462 
3567 3558 3559 3566 3558 3567 3568 3569 3570 
3568 3571 3572 3570 3571 3568 3562 3572 3571 
3561 3572 3562 3561 3464 3572 3561 3465 3464 
3466 3465 3561 3565 3466 3561 3450 3466 3565 
3471 3573 3472 3471 3574 3573 3462 3574 3471 
3462 3575 3574 3462 3566 3575 3567 3575 3566 
3576 3577 3578 3576 3475 3474 3576 3578 3475 
3578 3579 3475 3569 3568 3476 3569 3476 3579 
3579 3476 3475 3478 3476 3568 3572 3478 3568 
3464 3478 3572 3573 3580 3581 3573 3581 3472 
3472 3581 3479 3574 3580 3573 3582 3583 3584 
3582 3482 3481 3582 3584 3482 3584 3585 3482 
3577 3576 3483 3577 3483 3585 3585 3483 3482 
3474 3483 3576 3479 3581 3485 3581 3586 3485 
3488 3587 3588 3487 3587 3488 3583 3582 3489 
3583 3489 3588 3588 3489 3488 3481 3489 3582 
3492 3589 3491 3492 3590 3589 3492 3485 3590 
3485 3586 3590 3591 3592 3593 3591 3594 3595 
3593 3594 3591 3595 3596 3597 3594 3596 3595 
3597 3495 3494 3597 3596 3495 3596 3598 3495 
3496 3495 3599 3495 3598 3599 3587 3487 3496 
3599 3587 3496 3491 3589 3497 3589 3590 3600 
3589 3600 3497 3497 3600 3498 3592 3591 3499 
3592 3499 3600 3600 3499 3498 3500 3499 3591 
3595 3500 3591 3501 3500 3595 3597 3501 3595 
3494 3501 3597 3503 3601 3504 3503 3506 3602 
3601 3503 3602 3603 3602 3506 3603 3506 3604 
3604 3506 3508 3604 3508 3509 3605 3604 3509 
3511 3606 3607 3512 3511 3607 3601 3511 3504 
3601 3608 3511 3608 3606 3511 3602 3608 3601 
3609 3608 3602 3603 3609 3602 3509 3610 3605 
3514 3610 3509 3611 3612 3610 3611 3610 3515 
3515 3610 3514 3515 3516 3613 3611 3515 3613 
3516 3518 3613 3522 3614 3521 3522 3523 3615 
3614 3522 3615 3523 3524 3616 3615 3523 3616 
3617 3616 3524 3617 3524 3618 3618 3524 3525 
3619 3620 3618 3619 3618 3526 3526 3618 3525 
3526 3528 3619 3530 3621 3622 3531 3530 3622 
3607 3530 3512 3621 3530 3607 3611 3623 3612 
3613 3623 3611 3624 3623 3613 3518 3624 3613 
3518 3532 3624 3532 3625 3624 3533 3626 3532 
3532 3626 3625 3534 3627 3533 3533 3627 3626 
3614 3534 3521 3614 3628 3534 3628 3627 3534 
3615 3628 3614 3629 3628 3615 3616 3629 3615 
3630 3629 3616 3617 3630 3616 3631 3620 3619 
3632 3620 3631 3528 3535 3631 3619 3528 3631 
3536 3633 3537 3536 3634 3633 3536 3531 3634 
3531 3622 3634 3635 3636 3637 3632 3635 3637 
3632 3631 3635 3631 3638 3635 3535 3538 3638 
3631 3535 3638 3539 3639 3540 3539 3640 3639 
3537 3640 3539 3537 3641 3640 3537 3633 3641 
3634 3641 3633 3642 3643 3644 3642 3645 3646 
3644 3645 3642 3646 3647 3648 3645 3647 3646 
3648 3649 3650 3647 3649 3648 3636 3650 3649 
3636 3635 3650 3635 3651 3650 3543 3542 3651 
3543 3651 3638 3638 3651 3635 3538 3543 3638 
3639 3652 3653 3639 3653 3540 3540 3653 3545 
3640 3652 3639 3654 3655 3656 3654 3657 3658 
3656 3657 3654 3643 3658 3657 3642 3658 3643 
3642 3547 3658 3642 3548 3547 3549 3548 3642 
3646 3549 3642 3551 3549 3646 3648 3551 3646 
3553 3551 3648 3650 3553 3648 3555 3553 3650 
3651 3555 3650 3542 3555 3651 3560 3659 3559 
3560 3660 3659 3560 3545 3660 3545 3653 3660 
3661 3662 3663 3655 3661 3663 3654 3661 3655 
3654 3562 3661 3654 3563 3562 3564 3563 3654 
3658 3564 3654 3547 3564 3658 3659 3664 3665 
3659 3665 3559 3559 3665 3567 3660 3664 3659 
3666 3667 3668 3666 3570 3569 3666 3668 3570 
3668 3669 3570 3662 3661 3571 3662 3571 3669 
3669 3571 3570 3562 3571 3661 3575 3670 3574 
3575 3671 3670 3575 3567 3671 3567 3665 3671 
3672 3673 3674 3672 3578 3577 3672 3674 3578 
3674 3675 3578 3667 3666 3579 3667 3579 3675 
3675 3579 3578 3569 3579 3666 3580 3676 3581 
3580 3574 3670 3580 3670 3676 3676 3670 3677 
3678 3670 3671 3677 3670 3678 3679 3680 3681 
3679 3584 3583 3679 3681 3584 3681 3682 3584 
3673 3672 3585 3673 3585 3682 3682 3585 3584 
3577 3585 3672 3676 3683 3586 3581 3676 3586 
3684 3677 3685 3684 3683 3677 3683 3676 3677 
3678 3685 3677 3686 3687 3688 3680 3686 3688 
3679 3686 3680 3679 3587 3686 3679 3588 3587 
3583 3588 3679 3683 3689 3590 3586 3683 3590 
3592 3690 3593 3592 3683 3690 3592 3689 3683 
3684 3690 3683 3594 3593 3691 3593 3690 3691 
3596 3594 3692 3594 3691 3692 3598 3596 3693 
3596 3692 3693 3687 3686 3599 3687 3599 3693 
3693 3599 3598 3587 3599 3686 3590 3689 3600 
3592 3600 3689 3604 3694 3603 3604 3605 3694 
3606 3695 3607 3606 3608 3696 3695 3606 3696 
3608 3609 3697 3696 3608 3697 3609 3698 3697 
3603 3698 3609 3603 3699 3698 3603 3694 3699 
3700 3701 3699 3610 3700 3699 3610 3699 3694 
3610 3694 3605 3610 3612 3700 3618 3702 3617 
3618 3620 3702 3621 3703 3622 3621 3607 3695 
3621 3695 3703 3703 3695 3704 3705 3696 3706 
3705 3704 3696 3704 3695 3696 3697 3706 3696 
3707 3706 3697 3698 3707 3697 3708 3701 3700 
3709 3701 3708 3612 3623 3710 3612 3710 3700 
3700 3710 3708 3623 3624 3711 3710 3623 3711 
3624 3625 3712 3711 3624 3712 3625 3626 3713 
3712 3625 3713 3626 3627 3714 3713 3626 3714 
3627 3628 3715 3714 3627 3715 3628 3629 3716 
3715 3628 3716 3629 3630 3717 3716 3629 3717 
3630 3617 3702 3630 3702 3717 3717 3702 3718 
3620 3632 3718 3702 3620 3718 3703 3719 3634 
3622 3703 3634 3720 3704 3721 3720 3719 3704 
3719 3703 3704 3705 3721 3704 3708 3722 3709 
3722 3723 3724 3722 3708 3723 3708 3710 3723 
3711 3725 3710 3725 3723 3710 3712 3726 3711 
3726 3725 3711 3713 3727 3712 3727 3726 3712 
3714 3728 3713 3728 3727 3713 3715 3729 3714 
3729 3728 3714 3716 3730 3715 3730 3729 3715 
3717 3731 3716 3731 3730 3716 3637 3636 3731 
3637 3731 3718 3718 3731 3717 3632 3637 3718 
3641 3732 3640 3641 3733 3732 3634 3733 3641 
3634 3734 3733 3634 3719 3734 3720 3734 3719 
3735 3724 3723 3736 3724 3735 3725 3737 3723 
3737 3735 3723 3726 3738 3725 3738 3737 3725 
3727 3739 3726 3739 3738 3726 3644 3643 3739 
3644 3739 3728 3728 3739 3727 3645 3644 3728 
3729 3645 3728 3647 3645 3729 3730 3647 3729 
3649 3647 3730 3731 3649 3730 3636 3649 3731 
3652 3740 3653 3652 3741 3740 3640 3741 3652 
3640 3742 3741 3640 3732 3742 3733 3742 3732 
3743 3736 3735 3744 3736 3743 3737 3745 3735 
3745 3743 3735 3656 3655 3745 3656 3745 3738 
3738 3745 3737 3657 3656 3738 3739 3657 3738 
3643 3657 3739 3740 3746 3660 3653 3740 3660 
3747 3740 3741 3746 3740 3747 3748 3749 3750 
3744 3748 3750 3744 3743 3748 3743 3751 3748 
3663 3662 3751 3663 3751 3745 3745 3751 3743 
3655 3663 3745 3664 3752 3665 3664 3660 3746 
3664 3746 3752 3752 3746 3753 3754 3746 3747 
3753 3746 3754 3755 3756 3757 3755 3758 3759 
3757 3758 3755 3749 3759 3758 3748 3759 3749 
3748 3667 3759 3748 3668 3667 3669 3668 3748 
3751 3669 3748 3662 3669 3751 3752 3760 3671 
3665 3752 3671 3753 3761 3752 3761 3760 3752 
3762 3753 3754 3761 3753 3762 3763 3764 3765 
3756 3763 3765 3755 3763 3756 3755 3673 3763 
3755 3674 3673 3675 3674 3755 3759 3675 3755 
3667 3675 3759 3760 3766 3678 3671 3760 3678 
3761 3767 3760 3767 3766 3760 3768 3761 3762 
3767 3761 3768 3681 3769 3770 3680 3769 3681 
3764 3763 3682 3764 3682 3770 3770 3682 3681 
3673 3682 3763 3685 3771 3684 3685 3678 3766 
3685 3766 3771 3771 3766 3772 3773 3767 3774 
3773 3772 3767 3772 3766 3767 3774 3775 3776 
3774 3767 3775 3777 3775 3768 3768 3775 3767 
3775 3688 3687 3775 3777 3688 3777 3778 3688 
3769 3680 3688 3778 3769 3688 3684 3771 3690 
3691 3690 3771 3772 3691 3771 3772 3773 3779 
3772 3779 3691 3691 3779 3692 3776 3775 3693 
3776 3693 3779 3779 3693 3692 3687 3693 3775 
3699 3780 3698 3699 3701 3780 3706 3781 3705 
3706 3707 3782 3781 3706 3782 3707 3698 3780 
3707 3780 3782 3782 3780 3783 3701 3709 3783 
3780 3701 3783 3721 3784 3720 3721 3705 3781 
3721 3781 3784 3784 3781 3785 3786 3782 3787 
3786 3785 3782 3785 3781 3782 3787 3788 3789 
3787 3782 3788 3782 3783 3788 3709 3722 3790 
3709 3790 3783 3783 3790 3788 3722 3724 3790 
3734 3791 3733 3734 3720 3784 3734 3784 3791 
3791 3784 3792 3793 3785 3794 3793 3792 3785 
3792 3784 3785 3786 3794 3785 3795 3789 3788 
3796 3789 3795 3790 3797 3788 3797 3795 3788 
3724 3736 3797 3790 3724 3797 3742 3798 3741 
3742 3733 3791 3742 3791 3798 3798 3791 3799 
3800 3792 3801 3800 3799 3792 3799 3791 3792 
3793 3801 3792 3802 3796 3795 3803 3796 3802 
3797 3804 3795 3804 3802 3795 3736 3744 3804 
3797 3736 3804 3798 3805 3747 3741 3798 3747 
3799 3806 3798 3806 3805 3798 3807 3799 3800 
3806 3799 3807 3808 3809 3810 3803 3808 3810 
3803 3802 3808 3802 3811 3808 3750 3749 3811 
3750 3811 3804 3804 3811 3802 3744 3750 3804 
3805 3812 3754 3747 3805 3754 3806 3813 3805 
3813 3812 3805 3814 3806 3807 3813 3806 3814 
3815 3816 3817 3809 3815 3817 3808 3815 3809 
3808 3756 3815 3808 3757 3756 3758 3757 3808 
3811 3758 3808 3749 3758 3811 3812 3818 3762 
3754 3812 3762 3813 3819 3812 3819 3818 3812 
3820 3813 3814 3820 3821 3813 3821 3819 3813 
3816 3821 3820 3815 3821 3816 3815 3764 3821 
3815 3765 3764 3756 3765 3815 3818 3822 3768 
3762 3818 3768 3819 3823 3818 3823 3822 3818 
3770 3769 3823 3770 3823 3821 3821 3823 3819 
3764 3770 3821 3774 3824 3773 3777 3768 3822 
3776 3824 3774 3778 3777 3822 3823 3778 3822 
3769 3778 3823 3773 3824 3779 3776 3779 3824 
3787 3825 3786 3787 3789 3825 3794 3826 3793 
3794 3786 3825 3794 3825 3826 3826 3825 3827 
3789 3796 3827 3825 3789 3827 3801 3828 3800 
3801 3793 3826 3801 3826 3828 3828 3826 3829 
3827 3830 3826 3830 3829 3826 3796 3803 3830 
3827 3796 3830 3828 3831 3807 3800 3828 3807 
3829 3832 3828 3832 3831 3828 3810 3809 3832 
3810 3832 3830 3830 3832 3829 3803 3810 3830 
3831 3833 3814 3807 3831 3814 3817 3816 3833 
3817 3833 3832 3832 3833 3831 3809 3817 3832 
3814 3833 3820 3816 3820 3833 
CELL_DATA 7664
SCALARS Scalars float
LOOKUP_TABLE default
1 1 1 1 1 1 1 1 1 
1 1 1 1 1 1 1 1 1 
1 1 1 1 1 1 1 1 1 
1 1 1 1 1 1 1 1 1 
1 1 1 1 1 1 1 1 1 
1 1 1 1 1 1 1 1 1 
1 1 1 1 1 1 1 1 1 
1 1 1 1 1 1 1 1 1 
1 1 1 1 1 1 1 1 1 
1 1 1 1 1 1 1 1 1 
1 1 1 1 1 1 1 1 1 
1 1 1 1 1 1 1 1 1 
1 1 1 1 1 1 1 1 1 
1 1 1 1 1 1 1 1 1 
1 1 1 1 1 1 1 1 1 
1 1 1 1 1 1 1 1 1 
1 1 1 1 1 1 1 1 1 
1 1 1 1 1 1 1 1 1 
1 1 1 1 1 1 1 1 1 
1 1 1 1 1 1 1 1 1 
1 1 1 1 1 1 1 1 1 
1 1 1 1 1 1 1 1 1 
1 1 1 1 1 1 1 1 1 
1 1 1 1 1 1 1 1 1 
1 1 1 1 1 1 1 1 1 
1 1 1 1 1 1 1 1 1 
1 1 1 1 1 1 1 1 1 
1 1 1 1 1 1 1 1 1 
1 1 1 1 1 1 1 1 1 
1 1 1 1 1 1 1 1 1 
1 1 1 1 1 1 1 1 1 
1 1 1 1 1 1 1 1 1 
1 1 1 1 1 1 1 1 1 
1 1 1 1 1 1 1 1 1 
1 1 1 1 1 1 1 1 1 
1 1 1 1 1 1 1 1 1 
1 1 1 1 1 1 1 1 1 
1 1 1 1 1 1 1 1 1 
1 1 1 1 1 1 1 1 1 
1 1 1 1 1 1 1 1 1 
1 1 1 1 1 1 1 1 1 
1 1 1 1 1 1 1 1 1 
1 1 1 1 1 1 1 1 1 
1 1 1 1 1 1 1 1 1 
1 1 1 1 1 1 1 1 1 
1 1 1 1 1 1 1 1 1 
1 1 1 1 1 1 1 1 1 
1 1 1 1 1 1 1 1 1 
1 1 1 1 1 1 1 1 1 
1 1 1 1 1 1 1 1 1 
1 1 1 1 1 1 1 1 1 
1 1 1 1 1 1 1 1 1 
1 1 1 1 1 1 1 1 1 
1 1 1 1 1 1 1 1 1 
1 1 1 1 1 1 1 1 1 
1 1 1 1 1 1 1 1 1 
1 1 1 1 1 1 1 1 1 
1 1 1 1 1 1 1 1 1 
1 1 1 1 1 1 1 1 1 
1 1 1 1 1 1 1 1 1 
1 1 1 1 1 1 1 1 1 
1 1 1 1 1 1 1 1 1 
1 1 1 1 1 1 1 1 1 
1 1 1 1 1 1 1 1 1 
1 1 1 1 1 1 1 1 1 
1 1 1 1 1 1 1 1 1 
1 1 1 1 1 1 1 1 1 
1 1 1 1 1 1 1 1 1 
1 1 1 1 1 1 1 1 1 
1 1 1 1 1 1 1 1 1 
1 1 1 1 1 1 1 1 1 
1 1 1 1 1 1 1 1 1 
1 1 1 1 1 1 1 1 1 
1 1 1 1 1 1 1 1 1 
1 1 1 1 1 1 1 1 1 
1 1 1 1 1 1 1 1 1 
1 1 1 1 1 1 1 1 1 
1 1 1 1 1 1 1 1 1 
1 1 1 1 1 1 1 1 1 
1 1 1 1 1 1 1 1 1 
1 1 1 1 1 1 1 1 1 
1 1 1 1 1 1 1 1 1 
1 1 1 1 1 1 1 1 1 
1 1 1 1 1 1 1 1 1 
1 1 1 1 1 1 1 1 1 
1 1 1 1 1 1 1 1 1 
1 1 1 1 1 1 1 1 1 
1 1 1 1 1 1 1 1 1 
1 1 1 1 1 1 1 1 1 
1 1 1 1 1 1 1 1 1 
1 1 1 1 1 1 1 1 1 
1 1 1 1 1 1 1 1 1 
1 1 1 1 1 1 1 1 1 
1 1 1 1 1 1 1 1 1 
1 1 1 1 1 1 1 1 1 
1 1 1 1 1 1 1 1 1 
1 1 1 1 1 1 1 1 1 
1 1 1 1 1 1 1 1 1 
1 1 1 1 1 1 1 1 1 
1 1 1 1 1 1 1 1 1 
1 1 1 1 1 1 1 1 1 
1 1 1 1 1 1 1 1 1 
1 1 1 1 1 1 1 1 1 
1 1 1 1 1 1 1 1 1 
1 1 1 1 1 1 1 1 1 
1 1 1 1 1 1 1 1 1 
1 1 1 1 1 1 1 1 1 
1 1 1 1 1 1 1 1 1 
1 1 1 1 1 1 1 1 1 
1 1 1 1 1 1 1 1 1 
1 1 1 1 1 1 1 1 1 
1 1 1 1 1 1 1 1 1 
1 1 1 1 1 1 1 1 1 
1 1 1 1 1 1 1 1 1 
1 1 1 1 1 1 1 1 1 
1 1 1 1 1 1 1 1 1 
1 1 1 1 1 1 1 1 1 
1 1 1 1 1 1 1 1 1 
1 1 1 1 1 1 1 1 1 
1 1 1 1 1 1 1 1 1 
1 1 1 1 1 1 1 1 1 
1 1 1 1 1 1 1 1 1 
1 1 1 1 1 1 1 1 1 
1 1 1 1 1 1 1 1 1 
1 1 1 1 1 1 1 1 1 
1 1 1 1 1 1 1 1 1 
1 1 1 1 1 1 1 1 1 
1 1 1 1 1 1 1 1 1 
1 1 1 1 1 1 1 1 1 
1 1 1 1 1 1 1 1 1 
1 1 1 1 1 1 1 1 1 
1 1 1 1 1 1 1 1 1 
1 1 1 1 1 1 1 1 1 
1 1 1 1 1 1 1 1 1 
1 1 1 1 1 1 1 1 1 
1 1 1 1 1 1 1 1 1 
1 1 1 1 1 1 1 1 1 
1 1 1 1 1 1 1 1 1 
1 1 1 1 1 1 1 1 1 
1 1 1 1 1 1 1 1 1 
1 1 1 1 1 1 1 1 1 
1 1 1 1 1 1 1 1 1 
1 1 1 1 1 1 1 1 1 
1 1 1 1 1 1 1 1 1 
1 1 1 1 1 1 1 1 1 
1 1 1 1 1 1 1 1 1 
1 1 1 1 1 1 1 1 1 
1 1 1 1 1 1 1 1 1 
1 1 1 1 1 1 1 1 1 
1 1 1 1 1 1 1 1 1 
1 1 1 1 1 1 1 1 1 
1 1 1 1 1 1 1 1 1 
1 1 1 1 1 1 1 1 1 
1 1 1 1 1 1 1 1 1 
1 1 1 1 1 1 1 1 1 
1 1 1 1 1 1 1 1 1 
1 1 1 1 1 1 1 1 1 
1 1 1 1 1 1 1 1 1 
1 1 1 1 1 1 1 1 1 
1 1 1 1 1 1 1 1 1 
1 1 1 1 1 1 1 1 1 
1 1 1 1 1 1 1 1 1 
1 1 1 1 1 1 1 1 1 
1 1 1 1 1 1 1 1 1 
1 1 1 1 1 1 1 1 1 
1 1 1 1 1 1 1 1 1 
1 1 1 1 1 1 1 1 1 
1 1 1 1 1 1 1 1 1 
1 1 1 1 1 1 1 1 1 
1 1 1 1 1 1 1 1 1 
1 1 1 1 1 1 1 1 1 
1 1 1 1 1 1 1 1 1 
1 1 1 1 1 1 1 1 1 
1 1 1 1 1 1 1 1 1 
1 1 1 1 1 1 1 1 1 
1 1 1 1 1 1 1 1 1 
1 1 1 1 1 1 1 1 1 
1 1 1 1 1 1 1 1 1 
1 1 1 1 1 1 1 1 1 
1 1 1 1 1 1 1 1 1 
1 1 1 1 1 1 1 1 1 
1 1 1 1 1 1 1 1 1 
1 1 1 1 1 1 1 1 1 
1 1 1 1 1 1 1 1 1 
1 1 1 1 1 1 1 1 1 
1 1 1 1 1 1 1 1 1 
1 1 1 1 1 1 1 1 1 
1 1 1 1 1 1 1 1 1 
1 1 1 1 1 1 1 1 1 
1 1 1 1 1 1 1 1 1 
1 1 1 1 1 1 1 1 1 
1 1 1 1 1 1 1 1 1 
1 1 1 1 1 1 1 1 1 
1 1 1 1 1 1 1 1 1 
1 1 1 1 1 1 1 1 1 
1 1 1 1 1 1 1 1 1 
1 1 1 1 1 1 1 1 1 
1 1 1 1 1 1 1 1 1 
1 1 1 1 1 1 1 1 1 
1 1 1 1 1 1 1 1 1 
1 1 1 1 1 1 1 1 1 
1 1 1 1 1 1 1 1 1 
1 1 1 1 1 1 1 1 1 
1 1 1 1 1 1 1 1 1 
1 1 1 1 1 1 1 1 1 
1 1 1 1 1 1 1 1 1 
1 1 1 1 1 1 1 1 1 
1 1 1 1 1 1 1 1 1 
1 1 1 1 1 1 1 1 1 
1 1 1 1 1 1 1 1 1 
1 1 1 1 1 1 1 1 1 
1 1 1 1 1 1 1 1 1 
1 1 1 1 1 1 1 1 1 
1 1 1 1 1 1 1 1 1 
1 1 1 1 1 1 1 1 1 
1 1 1 1 1 1 1 1 1 
1 1 1 1 1 1 1 1 1 
1 1 1 1 1 1 1 1 1 
1 1 1 1 1 1 1 1 1 
1 1 1 1 1 1 1 1 1 
1 1 1 1 1 1 1 1 1 
1 1 1 1 1 1 1 1 1 
1 1 1 1 1 1 1 1 1 
1 1 1 1 1 1 1 1 1 
1 1 1 1 1 1 1 1 1 
1 1 1 1 1 1 1 1 1 
1 1 1 1 1 1 1 1 1 
1 1 1 1 1 1 1 1 1 
1 1 1 1 1 1 1 1 1 
1 1 1 1 1 1 1 1 1 
1 1 1 1 1 1 1 1 1 
1 1 1 1 1 1 1 1 1 
1 1 1 1 1 1 1 1 1 
1 1 1 1 1 1 1 1 1 
1 1 1 1 1 1 1 1 1 
1 1 1 1 1 1 1 1 1 
1 1 1 1 1 1 1 1 1 
1 1 1 1 1 1 1 1 1 
1 1 1 1 1 1 1 1 1 
1 1 1 1 1 1 1 1 1 
1 1 1 1 1 1 1 1 1 
1 1 1 1 1 1 1 1 1 
1 1 1 1 1 1 1 1 1 
1 1 1 1 1 1 1 1 1 
1 1 1 1 1 1 1 1 1 
1 1 1 1 1 1 1 1 1 
1 1 1 1 1 1 1 1 1 
1 1 1 1 1 1 1 1 1 
1 1 1 1 1 1 1 1 1 
1 1 1 1 1 1 1 1 1 
1 1 1 1 1 1 1 1 1 
1 1 1 1 1 1 1 1 1 
1 1 1 1 1 1 1 1 1 
1 1 1 1 1 1 1 1 1 
1 1 1 1 1 1 1 1 1 
1 1 1 1 1 1 1 1 1 
1 1 1 1 1 1 1 1 1 
1 1 1 1 1 1 1 1 1 
1 1 1 1 1 1 1 1 1 
1 1 1 1 1 1 1 1 1 
1 1 1 1 1 1 1 1 1 
1 1 1 1 1 1 1 1 1 
1 1 1 1 1 1 1 1 1 
1 1 1 1 1 1 1 1 1 
1 1 1 1 1 1 1 1 1 
1 1 1 1 1 1 1 1 1 
1 1 1 1 1 1 1 1 1 
1 1 1 1 1 1 1 1 1 
1 1 1 1 1 1 1 1 1 
1 1 1 1 1 1 1 1 1 
1 1 1 1 1 1 1 1 1 
1 1 1 1 1 1 1 1 1 
1 1 1 1 1 1 1 1 1 
1 1 1 1 1 1 1 1 1 
1 1 1 1 1 1 1 1 1 
1 1 1 1 1 1 1 1 1 
1 1 1 1 1 1 1 1 1 
1 1 1 1 1 1 1 1 1 
1 1 1 1 1 1 1 1 1 
1 1 1 1 1 1 1 1 1 
1 1 1 1 1 1 1 1 1 
1 1 1 1 1 1 1 1 1 
1 1 1 1 1 1 1 1 1 
1 1 1 1 1 1 1 1 1 
1 1 1 1 1 1 1 1 1 
1 1 1 1 1 1 1 1 1 
1 1 1 1 1 1 1 1 1 
1 1 1 1 1 1 1 1 1 
1 1 1 1 1 1 1 1 1 
1 1 1 1 1 1 1 1 1 
1 1 1 1 1 1 1 1 1 
1 1 1 1 1 1 1 1 1 
1 1 1 1 1 1 1 1 1 
1 1 1 1 1 1 1 1 1 
1 1 1 1 1 1 1 1 1 
1 1 1 1 1 1 1 1 1 
1 1 1 1 1 1 1 1 1 
1 1 1 1 1 1 1 1 1 
1 1 1 1 1 1 1 1 1 
1 1 1 1 1 1 1 1 1 
1 1 1 1 1 1 1 1 1 
1 1 1 1 1 1 1 1 1 
1 1 1 1 1 1 1 1 1 
1 1 1 1 1 1 1 1 1 
1 1 1 1 1 1 1 1 1 
1 1 1 1 1 1 1 1 1 
1 1 1 1 1 1 1 1 1 
1 1 1 1 1 1 1 1 1 
1 1 1 1 1 1 1 1 1 
1 1 1 1 1 1 1 1 1 
1 1 1 1 1 1 1 1 1 
1 1 1 1 1 1 1 1 1 
1 1 1 1 1 1 1 1 1 
1 1 1 1 1 1 1 1 1 
1 1 1 1 1 1 1 1 1 
1 1 1 1 1 1 1 1 1 
1 1 1 1 1 1 1 1 1 
1 1 1 1 1 1 1 1 1 
1 1 1 1 1 1 1 1 1 
1 1 1 1 1 1 1 1 1 
1 1 1 1 1 1 1 1 1 
1 1 1 1 1 1 1 1 1 
1 1 1 1 1 1 1 1 1 
1 1 1 1 1 1 1 1 1 
1 1 1 1 1 1 1 1 1 
1 1 1 1 1 1 1 1 1 
1 1 1 1 1 1 1 1 1 
1 1 1 1 1 1 1 1 1 
1 1 1 1 1 1 1 1 1 
1 1 1 1 1 1 1 1 1 
1 1 1 1 1 1 1 1 1 
1 1 1 1 1 1 1 1 1 
1 1 1 1 1 1 1 1 1 
1 1 1 1 1 1 1 1 1 
1 1 1 1 1 1 1 1 1 
1 1 1 1 1 1 1 1 1 
1 1 1 1 1 1 1 1 1 
1 1 1 1 1 1 1 1 1 
1 1 1 1 1 1 1 1 1 
1 1 1 1 1 1 1 1 1 
1 1 1 1 1 1 1 1 1 
1 1 1 1 1 1 1 1 1 
1 1 1 1 1 1 1 1 1 
1 1 1 1 1 1 1 1 1 
1 1 1 1 1 1 1 1 1 
1 1 1 1 1 1 1 1 1 
1 1 1 1 1 1 1 1 1 
1 1 1 1 1 1 1 1 1 
1 1 1 1 1 1 1 1 1 
1 1 1 1 1 1 1 1 1 
1 1 1 1 1 1 1 1 1 
1 1 1 1 1 1 1 1 1 
1 1 1 1 1 1 1 1 1 
1 1 1 1 1 1 1 1 1 
1 1 1 1 1 1 1 1 1 
1 1 1 1 1 1 1 1 1 
1 1 1 1 1 1 1 1 1 
1 1 1 1 1 1 1 1 1 
1 1 1 1 1 1 1 1 1 
1 1 1 1 1 1 1 1 1 
1 1 1 1 1 1 1 1 1 
1 1 1 1 1 1 1 1 1 
1 1 1 1 1 1 1 1 1 
1 1 1 1 1 1 1 1 1 
1 1 1 1 1 1 1 1 1 
1 1 1 1 1 1 1 1 1 
1 1 1 1 1 1 1 1 1 
1 1 1 1 1 1 1 1 1 
1 1 1 1 1 1 1 1 1 
1 1 1 1 1 1 1 1 1 
1 1 1 1 1 1 1 1 1 
1 1 1 1 1 1 1 1 1 
1 1 1 1 1 1 1 1 1 
1 1 1 1 1 1 1 1 1 
1 1 1 1 1 1 1 1 1 
1 1 1 1 1 1 1 1 1 
1 1 1 1 1 1 1 1 1 
1 1 1 1 1 1 1 1 1 
1 1 1 1 1 1 1 1 1 
1 1 1 1 1 1 1 1 1 
1 1 1 1 1 1 1 1 1 
1 1 1 1 1 1 1 1 1 
1 1 1 1 1 1 1 1 1 
1 1 1 1 1 1 1 1 1 
1 1 1 1 1 1 1 1 1 
1 1 1 1 1 1 1 1 1 
1 1 1 1 1 1 1 1 1 
1 1 1 1 1 1 1 1 1 
1 1 1 1 1 1 1 1 1 
1 1 1 1 1 1 1 1 1 
1 1 1 1 1 1 1 1 1 
1 1 1 1 1 1 1 1 1 
1 1 1 1 1 1 1 1 1 
1 1 1 1 1 1 1 1 1 
1 1 1 1 1 1 1 1 1 
1 1 1 1 1 1 1 1 1 
1 1 1 1 1 1 1 1 1 
1 1 1 1 1 1 1 1 1 
1 1 1 1 1 1 1 1 1 
1 1 1 1 1 1 1 1 1 
1 1 1 1 1 1 1 1 1 
1 1 1 1 1 1 1 1 1 
1 1 1 1 1 1 1 1 1 
1 1 1 1 1 1 1 1 1 
1 1 1 1 1 1 1 1 1 
1 1 1 1 1 1 1 1 1 
1 1 1 1 1 1 1 1 1 
1 1 1 1 1 1 1 1 1 
1 1 1 1 1 1 1 1 1 
1 1 1 1 1 1 1 1 1 
1 1 1 1 1 1 1 1 1 
1 1 1 1 1 1 1 1 1 
1 1 1 1 1 1 1 1 1 
1 1 1 1 1 1 1 1 1 
1 1 1 1 1 1 1 1 1 
1 1 1 1 1 1 1 1 1 
1 1 1 1 1 1 1 1 1 
1 1 1 1 1 1 1 1 1 
1 1 1 1 1 1 1 1 1 
1 1 1 1 1 1 1 1 1 
1 1 1 1 1 1 1 1 1 
1 1 1 1 1 1 1 1 1 
1 1 1 1 1 1 1 1 1 
1 1 1 1 1 1 1 1 1 
1 1 1 1 1 1 1 1 1 
1 1 1 1 1 1 1 1 1 
1 1 1 1 1 1 1 1 1 
1 1 1 1 1 1 1 1 1 
1 1 1 1 1 1 1 1 1 
1 1 1 1 1 1 1 1 1 
1 1 1 1 1 1 1 1 1 
1 1 1 1 1 1 1 1 1 
1 1 1 1 1 1 1 1 1 
1 1 1 1 1 1 1 1 1 
1 1 1 1 1 1 1 1 1 
1 1 1 1 1 1 1 1 1 
1 1 1 1 1 1 1 1 1 
1 1 1 1 1 1 1 1 1 
1 1 1 1 1 1 1 1 1 
1 1 1 1 1 1 1 1 1 
1 1 1 1 1 1 1 1 1 
1 1 1 1 1 1 1 1 1 
1 1 1 1 1 1 1 1 1 
1 1 1 1 1 1 1 1 1 
1 1 1 1 1 1 1 1 1 
1 1 1 1 1 1 1 1 1 
1 1 1 1 1 1 1 1 1 
1 1 1 1 1 1 1 1 1 
1 1 1 1 1 1 1 1 1 
1 1 1 1 1 1 1 1 1 
1 1 1 1 1 1 1 1 1 
1 1 1 1 1 1 1 1 1 
1 1 1 1 1 1 1 1 1 
1 1 1 1 1 1 1 1 1 
1 1 1 1 1 1 1 1 1 
1 1 1 1 1 1 1 1 1 
1 1 1 1 1 1 1 1 1 
1 1 1 1 1 1 1 1 1 
1 1 1 1 1 1 1 1 1 
1 1 1 1 1 1 1 1 1 
1 1 1 1 1 1 1 1 1 
1 1 1 1 1 1 1 1 1 
1 1 1 1 1 1 1 1 1 
1 1 1 1 1 1 1 1 1 
1 1 1 1 1 1 1 1 1 
1 1 1 1 1 1 1 1 1 
1 1 1 1 1 1 1 1 1 
1 1 1 1 1 1 1 1 1 
1 1 1 1 1 1 1 1 1 
1 1 1 1 1 1 1 1 1 
1 1 1 1 1 1 1 1 1 
1 1 1 1 1 1 1 1 1 
1 1 1 1 1 1 1 1 1 
1 1 1 1 1 1 1 1 1 
1 1 1 1 1 1 1 1 1 
1 1 1 1 1 1 1 1 1 
1 1 1 1 1 1 1 1 1 
1 1 1 1 1 1 1 1 1 
1 1 1 1 1 1 1 1 1 
1 1 1 1 1 1 1 1 1 
1 1 1 1 1 1 1 1 1 
1 1 1 1 1 1 1 1 1 
1 1 1 1 1 1 1 1 1 
1 1 1 1 1 1 1 1 1 
1 1 1 1 1 1 1 1 1 
1 1 1 1 1 1 1 1 1 
1 1 1 1 1 1 1 1 1 
1 1 1 1 1 1 1 1 1 
1 1 1 1 1 1 1 1 1 
1 1 1 1 1 1 1 1 1 
1 1 1 1 1 1 1 1 1 
1 1 1 1 1 1 1 1 1 
1 1 1 1 1 1 1 1 1 
1 1 1 1 1 1 1 1 1 
1 1 1 1 1 1 1 1 1 
1 1 1 1 1 1 1 1 1 
1 1 1 1 1 1 1 1 1 
1 1 1 1 1 1 1 1 1 
1 1 1 1 1 1 1 1 1 
1 1 1 1 1 1 1 1 1 
1 1 1 1 1 1 1 1 1 
1 1 1 1 1 1 1 1 1 
1 1 1 1 1 1 1 1 1 
1 1 1 1 1 1 1 1 1 
1 1 1 1 1 1 1 1 1 
1 1 1 1 1 1 1 1 1 
1 1 1 1 1 1 1 1 1 
1 1 1 1 1 1 1 1 1 
1 1 1 1 1 1 1 1 1 
1 1 1 1 1 1 1 1 1 
1 1 1 1 1 1 1 1 1 
1 1 1 1 1 1 1 1 1 
1 1 1 1 1 1 1 1 1 
1 1 1 1 1 1 1 1 1 
1 1 1 1 1 1 1 1 1 
1 1 1 1 1 1 1 1 1 
1 1 1 1 1 1 1 1 1 
1 1 1 1 1 1 1 1 1 
1 1 1 1 1 1 1 1 1 
1 1 1 1 1 1 1 1 1 
1 1 1 1 1 1 1 1 1 
1 1 1 1 1 1 1 1 1 
1 1 1 1 1 1 1 1 1 
1 1 1 1 1 1 1 1 1 
1 1 1 1 1 1 1 1 1 
1 1 1 1 1 1 1 1 1 
1 1 1 1 1 1 1 1 1 
1 1 1 1 1 1 1 1 1 
1 1 1 1 1 1 1 1 1 
1 1 1 1 1 1 1 1 1 
1 1 1 1 1 1 1 1 1 
1 1 1 1 1 1 1 1 1 
1 1 1 1 1 1 1 1 1 
1 1 1 1 1 1 1 1 1 
1 1 1 1 1 1 1 1 1 
1 1 1 1 1 1 1 1 1 
1 1 1 1 1 1 1 1 1 
1 1 1 1 1 1 1 1 1 
1 1 1 1 1 1 1 1 1 
1 1 1 1 1 1 1 1 1 
1 1 1 1 1 1 1 1 1 
1 1 1 1 1 1 1 1 1 
1 1 1 1 1 1 1 1 1 
1 1 1 1 1 1 1 1 1 
1 1 1 1 1 1 1 1 1 
1 1 1 1 1 1 1 1 1 
1 1 1 1 1 1 1 1 1 
1 1 1 1 1 1 1 1 1 
1 1 1 1 1 1 1 1 1 
1 1 1 1 1 1 1 1 1 
1 1 1 1 1 1 1 1 1 
1 1 1 1 1 1 1 1 1 
1 1 1 1 1 1 1 1 1 
1 1 1 1 1 1 1 1 1 
1 1 1 1 1 1 1 1 1 
1 1 1 1 1 1 1 1 1 
1 1 1 1 1 1 1 1 1 
1 1 1 1 1 1 1 1 1 
1 1 1 1 1 1 1 1 1 
1 1 1 1 1 1 1 1 1 
1 1 1 1 1 1 1 1 1 
1 1 1 1 1 1 1 1 1 
1 1 1 1 1 1 1 1 1 
1 1 1 1 1 1 1 1 1 
1 1 1 1 1 1 1 1 1 
1 1 1 1 1 1 1 1 1 
1 1 1 1 1 1 1 1 1 
1 1 1 1 1 1 1 1 1 
1 1 1 1 1 1 1 1 1 
1 1 1 1 1 1 1 1 1 
1 1 1 1 1 1 1 1 1 
1 1 1 1 1 1 1 1 1 
1 1 1 1 1 1 1 1 1 
1 1 1 1 1 1 1 1 1 
1 1 1 1 1 1 1 1 1 
1 1 1 1 1 1 1 1 1 
1 1 1 1 1 1 1 1 1 
1 1 1 1 1 1 1 1 1 
1 1 1 1 1 1 1 1 1 
1 1 1 1 1 1 1 1 1 
1 1 1 1 1 1 1 1 1 
1 1 1 1 1 1 1 1 1 
1 1 1 1 1 1 1 1 1 
1 1 1 1 1 1 1 1 1 
1 1 1 1 1 1 1 1 1 
1 1 1 1 1 1 1 1 1 
1 1 1 1 1 1 1 1 1 
1 1 1 1 1 1 1 1 1 
1 1 1 1 1 1 1 1 1 
1 1 1 1 1 1 1 1 1 
1 1 1 1 1 1 1 1 1 
1 1 1 1 1 1 1 1 1 
1 1 1 1 1 1 1 1 1 
1 1 1 1 1 1 1 1 1 
1 1 1 1 1 1 1 1 1 
1 1 1 1 1 1 1 1 1 
1 1 1 1 1 1 1 1 1 
1 1 1 1 1 1 1 1 1 
1 1 1 1 1 1 1 1 1 
1 1 1 1 1 1 1 1 1 
1 1 1 1 1 1 1 1 1 
1 1 1 1 1 1 1 1 1 
1 1 1 1 1 1 1 1 1 
1 1 1 1 1 1 1 1 1 
1 1 1 1 1 1 1 1 1 
1 1 1 1 1 1 1 1 1 
1 1 1 1 1 1 1 1 1 
1 1 1 1 1 1 1 1 1 
1 1 1 1 1 1 1 1 1 
1 1 1 1 1 1 1 1 1 
1 1 1 1 1 1 1 1 1 
1 1 1 1 1 1 1 1 1 
1 1 1 1 1 1 1 1 1 
1 1 1 1 1 1 1 1 1 
1 1 1 1 1 1 1 1 1 
1 1 1 1 1 1 1 1 1 
1 1 1 1 1 1 1 1 1 
1 1 1 1 1 1 1 1 1 
1 1 1 1 1 1 1 1 1 
1 1 1 1 1 1 1 1 1 
1 1 1 1 1 1 1 1 1 
1 1 1 1 1 1 1 1 1 
1 1 1 1 1 1 1 1 1 
1 1 1 1 1 1 1 1 1 
1 1 1 1 1 1 1 1 1 
1 1 1 1 1 1 1 1 1 
1 1 1 1 1 1 1 1 1 
1 1 1 1 1 1 1 1 1 
1 1 1 1 1 1 1 1 1 
1 1 1 1 1 1 1 1 1 
1 1 1 1 1 1 1 1 1 
1 1 1 1 1 1 1 1 1 
1 1 1 1 1 1 1 1 1 
1 1 1 1 1 1 1 1 1 
1 1 1 1 1 1 1 1 1 
1 1 1 1 1 1 1 1 1 
1 1 1 1 1 1 1 1 1 
1 1 1 1 1 1 1 1 1 
1 1 1 1 1 1 1 1 1 
1 1 1 1 1 1 1 1 1 
1 1 1 1 1 1 1 1 1 
1 1 1 1 1 1 1 1 1 
1 1 1 1 1 1 1 1 1 
1 1 1 1 1 1 1 1 1 
1 1 1 1 1 1 1 1 1 
1 1 1 1 1 1 1 1 1 
1 1 1 1 1 1 1 1 1 
1 1 1 1 1 1 1 1 1 
1 1 1 1 1 1 1 1 1 
1 1 1 1 1 1 1 1 1 
1 1 1 1 1 1 1 1 1 
1 1 1 1 1 1 1 1 1 
1 1 1 1 1 1 1 1 1 
1 1 1 1 1 1 1 1 1 
1 1 1 1 1 1 1 1 1 
1 1 1 1 1 1 1 1 1 
1 1 1 1 1 1 1 1 1 
1 1 1 1 1 1 1 1 1 
1 1 1 1 1 1 1 1 1 
1 1 1 1 1 1 1 1 1 
1 1 1 1 1 1 1 1 1 
1 1 1 1 1 1 1 1 1 
1 1 1 1 1 1 1 1 1 
1 1 1 1 1 1 1 1 1 
1 1 1 1 1 1 1 1 1 
1 1 1 1 1 1 1 1 1 
1 1 1 1 1 1 1 1 1 
1 1 1 1 1 1 1 1 1 
1 1 1 1 1 1 1 1 1 
1 1 1 1 1 1 1 1 1 
1 1 1 1 1 1 1 1 1 
1 1 1 1 1 1 1 1 1 
1 1 1 1 1 1 1 1 1 
1 1 1 1 1 1 1 1 1 
1 1 1 1 1 1 1 1 1 
1 1 1 1 1 1 1 1 1 
1 1 1 1 1 1 1 1 1 
1 1 1 1 1 1 1 1 1 
1 1 1 1 1 1 1 1 1 
1 1 1 1 1 1 1 1 1 
1 1 1 1 1 1 1 1 1 
1 1 1 1 1 1 1 1 1 
1 1 1 1 1 1 1 1 1 
1 1 1 1 1 1 1 1 1 
1 1 1 1 1 1 1 1 1 
1 1 1 1 1 1 1 1 1 
1 1 1 1 1 1 1 1 1 
1 1 1 1 1 1 1 1 1 
1 1 1 1 1 1 1 1 1 
1 1 1 1 1 1 1 1 1 
1 1 1 1 1 1 1 1 1 
1 1 1 1 1 1 1 1 1 
1 1 1 1 1 1 1 1 1 
1 1 1 1 1 1 1 1 1 
1 1 1 1 1 1 1 1 1 
1 1 1 1 1 1 1 1 1 
1 1 1 1 1 1 1 1 1 
1 1 1 1 1 1 1 1 1 
1 1 1 1 1 1 1 1 1 
1 1 1 1 1 1 1 1 1 
1 1 1 1 1 1 1 1 1 
1 1 1 1 1 1 1 1 1 
1 1 1 1 1 1 1 1 1 
1 1 1 1 1 1 1 1 1 
1 1 1 1 1 1 1 1 1 
1 1 1 1 1 1 1 1 1 
1 1 1 1 1 1 1 1 1 
1 1 1 1 1 1 1 1 1 
1 1 1 1 1 1 1 1 1 
1 1 1 1 1 1 1 1 1 
1 1 1 1 1 1 1 1 1 
1 1 1 1 1 1 1 1 1 
1 1 1 1 1 1 1 1 1 
1 1 1 1 1 1 1 1 1 
1 1 1 1 1 1 1 1 1 
1 1 1 1 1 1 1 1 1 
1 1 1 1 1 1 1 1 1 
1 1 1 1 1 1 1 1 1 
1 1 1 1 1 1 1 1 1 
1 1 1 1 1 1 1 1 1 
1 1 1 1 1 1 1 1 1 
1 1 1 1 1 1 1 1 1 
1 1 1 1 1 1 1 1 1 
1 1 1 1 1 1 1 1 1 
1 1 1 1 1 1 1 1 1 
1 1 1 1 1 1 1 1 1 
1 1 1 1 1 1 1 1 1 
1 1 1 1 1 1 1 1 1 
1 1 1 1 1 1 1 1 1 
1 1 1 1 1 1 1 1 1 
1 1 1 1 1 1 1 1 1 
1 1 1 1 1 1 1 1 1 
1 1 1 1 1 1 1 1 1 
1 1 1 1 1 1 1 1 1 
1 1 1 1 1 1 1 1 1 
1 1 1 1 1 1 1 1 1 
1 1 1 1 1 1 1 1 1 
1 1 1 1 1 1 1 1 1 
1 1 1 1 1 1 1 1 1 
1 1 1 1 1 1 1 1 1 
1 1 1 1 1 1 1 1 1 
1 1 1 1 1 1 1 1 1 
1 1 1 1 1 1 1 1 1 
1 1 1 1 1 1 1 1 1 
1 1 1 1 1 1 1 1 1 
1 1 1 1 1 1 1 1 1 
1 1 1 1 1 1 1 1 1 
1 1 1 1 1 1 1 1 1 
1 1 1 1 1 1 1 1 1 
1 1 1 1 1 1 1 1 1 
1 1 1 1 1 1 1 1 1 
1 1 1 1 1 1 1 1 1 
1 1 1 1 1 1 1 1 1 
1 1 1 1 1 1 1 1 1 
1 1 1 1 1 1 1 1 1 
1 1 1 1 1 1 1 1 1 
1 1 1 1 1 1 1 1 1 
1 1 1 1 1 1 1 1 1 
1 1 1 1 1 1 1 1 1 
1 1 1 1 1 1 1 1 1 
1 1 1 1 1 1 1 1 1 
1 1 1 1 1 1 1 1 1 
1 1 1 1 1 1 1 1 1 
1 1 1 1 1 1 1 1 1 
1 1 1 1 1 1 1 1 1 
1 1 1 1 1 1 1 1 1 
1 1 1 1 1 1 1 1 1 
1 1 1 1 1 1 1 1 1 
1 1 1 1 1 1 1 1 1 
1 1 1 1 1 1 1 1 1 
1 1 1 1 1 1 1 1 1 
1 1 1 1 1 1 1 1 1 
1 1 1 1 1 1 1 1 1 
1 1 1 1 1 1 1 1 1 
1 1 1 1 1 1 1 1 1 
1 1 1 1 1 1 1 1 1 
1 1 1 1 1 1 1 1 1 
1 1 1 1 1 1 1 1 1 
1 1 1 1 1 1 1 1 1 
1 1 1 1 1 1 1 1 1 
1 1 1 1 1 1 1 1 1 
1 1 1 1 1 1 1 1 1 
1 1 1 1 1 1 1 1 1 
1 1 1 1 1 1 1 1 1 
1 1 1 1 1 1 1 1 1 
1 1 1 1 1 1 1 1 1 
1 1 1 1 1 1 1 1 1 
1 1 1 1 1 1 1 1 1 
1 1 1 1 1 1 1 1 1 
1 1 1 1 1 1 1 1 1 
1 1 1 1 1 1 1 1 1 
1 1 1 1 1 1 1 1 1 
1 1 1 1 1 1 1 1 1 
1 1 1 1 1 1 1 1 1 
1 1 1 1 1 1 1 1 1 
1 1 1 1 1 1 1 1 1 
1 1 1 1 1 1 1 1 1 
1 1 1 1 1 1 1 1 1 
1 1 1 1 1 1 1 1 1 
1 1 1 1 1 1 1 1 1 
1 1 1 1 1 1 1 1 1 
1 1 1 1 1 1 1 1 1 
1 1 1 1 1 1 1 1 1 
1 1 1 1 1 1 1 1 1 
1 1 1 1 1 1 1 1 1 
1 1 1 1 1 1 1 1 1 
1 1 1 1 1 1 1 1 1 
1 1 1 1 1 1 1 1 1 
1 1 1 1 1 1 1 1 1 
1 1 1 1 1 1 1 1 1 
1 1 1 1 1 1 1 1 1 
1 1 1 1 1 1 1 1 1 
1 1 1 1 1 1 1 1 1 
1 1 1 1 1 1 1 1 1 
1 1 1 1 1 1 1 1 1 
1 1 1 1 1 1 1 1 1 
1 1 1 1 1 1 1 1 1 
1 1 1 1 1 1 1 1 1 
1 1 1 1 1 1 1 1 1 
1 1 1 1 1 1 1 1 1 
1 1 1 1 1 1 1 1 1 
1 1 1 1 1 1 1 1 1 
1 1 1 1 1 1 1 1 1 
1 1 1 1 1 1 1 1 1 
1 1 1 1 1 1 1 1 1 
1 1 1 1 1 1 1 1 1 
1 1 1 1 1 1 1 1 1 
1 1 1 1 1 1 1 1 1 
1 1 1 1 1 1 1 1 1 
1 1 1 1 1 1 1 1 1 
1 1 1 1 1 1 1 1 1 
1 1 1 1 1 1 1 1 1 
1 1 1 1 1 1 1 1 1 
1 1 1 1 1 1 1 1 1 
1 1 1 1 1 1 1 1 1 
1 1 1 1 1 1 1 1 1 
1 1 1 1 1 1 1 1 1 
1 1 1 1 1 1 1 1 1 
1 1 1 1 1 1 1 1 1 
1 1 1 1 1 1 1 1 1 
1 1 1 1 1 1 1 1 1 
1 1 1 1 1 1 1 1 1 
1 1 1 1 1 1 1 1 1 
1 1 1 1 1 1 1 1 1 
1 1 1 1 1 1 1 1 1 
1 1 1 1 1 1 1 1 1 
1 1 1 1 1 1 1 1 1 
1 1 1 1 1 1 1 1 1 
1 1 1 1 1 1 1 1 1 
1 1 1 1 1 1 1 1 1 
1 1 1 1 1 1 1 1 1 
1 1 1 1 1 
