# vtk DataFile Version 5.1
vtk output
ASCII
DATASET POLYDATA
POINTS 2906 float
0.319492 0.0194052 0.570443 0.31796 0.0224631 0.548218 0.300404 0.0143467 0.559688 
0.350015 0.0110922 0.567195 0.348483 0.0141501 0.54497 0.380537 0.00277918 0.563947 
0.379005 0.00583709 0.541722 0.41106 -0.00553385 0.560699 0.409528 -0.00247594 0.538474 
0.422494 -0.0189054 0.546695 0.28438 0.00317234 0.593381 0.282848 0.00623024 0.571157 
0.265292 -0.0018862 0.582626 0.314903 -0.00514068 0.590133 0.345425 -0.0134537 0.586885 
0.375947 -0.0217667 0.583637 0.40647 -0.0300798 0.580389 0.417904 -0.0434513 0.566385 
0.218745 -0.00474756 0.619568 0.217213 -0.00168965 0.597343 0.199657 -0.00980609 0.608812 
0.249268 -0.0130606 0.61632 0.247736 -0.0100027 0.594095 0.27979 -0.0213736 0.613072 
0.310313 -0.0296866 0.609824 0.340835 -0.0379996 0.606576 0.371357 -0.0463127 0.603328 
0.382792 -0.0596842 0.589324 0.400348 -0.0515678 0.577855 0.214155 -0.0292935 0.639258 
0.195067 -0.034352 0.628503 0.244678 -0.0376065 0.63601 0.2752 -0.0459195 0.632762 
0.286634 -0.0592911 0.618758 0.30419 -0.0511746 0.607289 0.334713 -0.0594876 0.604041 
0.365235 -0.0678007 0.600793 0.179043 -0.0455264 0.662196 0.177511 -0.0424685 0.639972 
0.159955 -0.0505849 0.651441 0.209565 -0.0538394 0.658948 0.221 -0.0672109 0.644945 
0.238556 -0.0590945 0.633476 0.269078 -0.0674075 0.630228 0.172921 -0.0670144 0.659662 
0.203443 -0.0753274 0.656414 0.36072 0.0908458 0.463675 0.359188 0.0939037 0.44145 
0.341632 0.0857873 0.452919 0.372154 0.0774742 0.449671 0.295085 0.0829259 0.489861 
0.293553 0.0859838 0.467636 0.275997 0.0778674 0.479106 0.325608 0.0746129 0.486613 
0.324076 0.0776708 0.464388 0.35613 0.0662999 0.483365 0.38512 0.0610448 0.457892 
0.386653 0.0579868 0.480117 0.398087 0.0446153 0.466113 0.290496 0.05838 0.509551 
0.271407 0.0533215 0.498796 0.321018 0.050067 0.506303 0.35154 0.041754 0.503055 
0.382063 0.0334409 0.499807 0.393497 0.0200694 0.485804 0.224861 0.0504601 0.535738 
0.223328 0.0535181 0.513513 0.205772 0.0454016 0.524982 0.255383 0.0421471 0.53249 
0.253851 0.045205 0.510265 0.285906 0.0338341 0.529242 0.316428 0.0255211 0.525994 
0.34695 0.017208 0.522746 0.377473 0.00889502 0.519498 0.406463 0.00363991 0.494025 
0.407995 0.000581988 0.516249 0.419429 -0.0127896 0.502246 0.159226 0.0425402 0.561924 
0.157694 0.0455982 0.5397 0.140137 0.0374817 0.551169 0.189748 0.0342272 0.558676 
0.188216 0.0372851 0.536451 0.220271 0.0259142 0.555428 0.250793 0.0176012 0.55218 
0.281316 0.00928816 0.548932 0.414839 -0.0373355 0.521936 0.154636 0.0179943 0.581614 
0.135548 0.0129358 0.570859 0.185158 0.00968133 0.578366 0.215681 0.0013683 0.575118 
0.246203 -0.00694472 0.57187 0.41025 -0.0618814 0.541626 0.119524 0.00176143 0.604553 
0.117991 0.00481936 0.582328 0.100435 -0.00329709 0.593797 0.150046 -0.00655159 0.601305 
0.180568 -0.0148646 0.598057 0.375137 -0.0781143 0.564565 0.392693 -0.0699978 0.553096 
0.0844113 -0.0144715 0.627491 0.082879 -0.0114135 0.605267 0.0653229 -0.01953 0.616736 
0.114934 -0.0227845 0.624243 0.145456 -0.0310975 0.620995 0.175979 -0.0394105 0.617747 
0.27898 -0.0777211 0.593999 0.296536 -0.0696047 0.58253 0.327059 -0.0779177 0.579282 
0.357581 -0.0862307 0.576034 0.0798213 -0.0390174 0.647181 0.0607329 -0.0440759 0.636426 
0.110344 -0.0473304 0.643933 0.140866 -0.0556434 0.640685 0.213345 -0.085641 0.620186 
0.230901 -0.0775246 0.608716 0.261424 -0.0858376 0.605468 0.0752314 -0.0635633 0.666872 
0.056143 -0.0686218 0.656116 0.105754 -0.0718763 0.663624 0.136276 -0.0801893 0.660376 
0.166799 -0.0885024 0.657127 0.178233 -0.101874 0.643124 0.195789 -0.0937575 0.631655 
0.0401191 -0.0797962 0.68981 0.0385869 -0.0767383 0.667585 0.0210307 -0.0848547 0.679054 
0.0706415 -0.0881092 0.686562 0.101164 -0.0964222 0.683314 0.112598 -0.109794 0.66931 
0.130154 -0.101677 0.657841 0.160677 -0.10999 0.654593 0.0339969 -0.101284 0.687276 
0.0645194 -0.109597 0.684027 0.0950418 -0.11791 0.680779 0.331723 0.129821 0.402783 
0.330191 0.132878 0.380558 0.312635 0.124762 0.392028 0.343157 0.116449 0.388779 
0.296611 0.113588 0.425721 0.295079 0.116646 0.403497 0.277522 0.108529 0.414966 
0.327133 0.105275 0.422473 0.356124 0.10002 0.397001 0.357656 0.0969616 0.419225 
0.36909 0.0835901 0.405222 0.261499 0.0973548 0.44866 0.259966 0.100413 0.426435 
0.24241 0.0922963 0.437904 0.292021 0.0890418 0.445412 0.322543 0.0807287 0.442164 
0.383588 0.0641027 0.435668 0.382056 0.0671606 0.413443 0.395022 0.0507312 0.421664 
0.226386 0.0811219 0.471598 0.224854 0.0841798 0.449373 0.207298 0.0760634 0.460843 
0.256909 0.0728089 0.46835 0.390432 0.0261852 0.441354 0.191274 0.064889 0.494536 
0.189742 0.0679469 0.472312 0.172185 0.0598305 0.483781 0.221796 0.056576 0.491288 
0.252319 0.048263 0.48804 0.385842 0.00163933 0.461044 0.0951166 0.0652822 0.523971 
0.0935844 0.0683401 0.501746 0.0760282 0.0602236 0.513215 0.125639 0.0569691 0.520723 
0.124107 0.0600271 0.498498 0.156161 0.0486561 0.517475 0.154629 0.051714 0.49525 
0.186684 0.0403431 0.514227 0.400341 -0.0178481 0.49149 0.381253 -0.0229066 0.480735 
0.0294818 0.0573623 0.550157 0.0279496 0.0604202 0.527933 0.0103934 0.0523038 0.539402 
0.0600042 0.0490493 0.546909 0.058472 0.0521072 0.524685 0.0905267 0.0407362 0.543661 
0.121049 0.0324232 0.540413 0.395751 -0.042394 0.51118 0.376663 -0.0474525 0.500425 
-0.00563058 0.0411294 0.573096 -0.00716279 0.0441873 0.550871 -0.024719 0.0360709 0.56234 
0.0248919 0.0328164 0.569848 0.0554143 0.0245034 0.566599 0.0859368 0.0161903 0.563352 
0.116459 0.00787731 0.560103 0.391161 -0.0669399 0.530871 0.372073 -0.0719984 0.520115 
-0.0407429 0.0248965 0.596034 -0.0422752 0.0279544 0.573809 -0.0598313 0.019838 0.585279 
-0.0102205 0.0165835 0.592786 0.0203019 0.00827044 0.589538 0.0508244 -4.25872e-05 0.58629 
0.0813468 -0.00835561 0.583042 0.367483 -0.0965443 0.539805 -0.0453328 0.000350566 0.615724 
-0.0644212 -0.00470796 0.604969 -0.0148104 -0.00796246 0.612476 0.015712 -0.0162755 0.609228 
0.0462345 -0.0245885 0.60598 0.271326 -0.0961512 0.56924 0.288882 -0.0880348 0.557771 
0.319404 -0.0963478 0.554523 0.349927 -0.104661 0.551275 -0.0499228 -0.0241954 0.635414 
-0.0690112 -0.0292539 0.624659 -0.0194003 -0.0325084 0.632166 0.0111221 -0.0408214 0.628918 
0.0416446 -0.0491344 0.62567 0.205691 -0.104071 0.595426 0.223247 -0.0959546 0.583957 
0.253769 -0.104268 0.580709 -0.0545127 -0.0487413 0.655105 -0.0736011 -0.0537998 0.644349 
-0.0239902 -0.0570543 0.651857 0.0065322 -0.0653673 0.648609 0.0370546 -0.0736803 0.645361 
0.159144 -0.106932 0.632368 0.140056 -0.111991 0.621613 0.157612 -0.103874 0.610144 
0.188135 -0.112188 0.606896 -0.0606348 -0.0702293 0.65257 -0.0476685 -0.0866587 0.660792 
-0.0285802 -0.0816002 0.671547 0.00194229 -0.0899132 0.668299 0.104944 -0.128224 0.644551 
0.1225 -0.120107 0.633082 -0.0347023 -0.103088 0.669012 -0.00417984 -0.111401 0.665764 
0.0263426 -0.119714 0.662516 0.056865 -0.128027 0.659268 0.0873875 -0.13634 0.65602 
0.267614 0.152562 0.36483 0.266082 0.15562 0.342605 0.248526 0.147504 0.354074 
0.279048 0.139191 0.350826 0.263024 0.128017 0.38452 0.243936 0.122958 0.373764 
0.292014 0.122761 0.359047 0.293546 0.119704 0.381272 0.322537 0.114448 0.355799 
0.335503 0.098019 0.36402 0.258434 0.103471 0.40421 0.239346 0.0984121 0.393455 
0.348469 0.0815895 0.372241 0.361435 0.06516 0.380462 0.223322 0.0872378 0.427149 
0.22179 0.0902957 0.404924 0.204233 0.0821792 0.416393 0.374402 0.0487306 0.388684 
0.387368 0.0323011 0.396905 0.157687 0.0793179 0.453335 0.156155 0.0823758 0.43111 
0.138599 0.0742593 0.442579 0.188209 0.0710048 0.450087 0.186677 0.0740628 0.427862 
0.382778 0.00775518 0.416595 0.0615297 0.079711 0.48277 0.0599975 0.082769 0.460545 
0.0424413 0.0746525 0.472014 0.0920522 0.071398 0.479521 0.0905199 0.0744559 0.457297 
0.122575 0.063085 0.476273 0.121042 0.0661429 0.454049 0.153097 0.054772 0.473025 
0.378188 -0.0167907 0.436285 -0.0956724 0.0967302 0.5187 -0.0972046 0.0997881 0.496475 
-0.114761 0.0916717 0.507945 -0.06515 0.0884172 0.515452 -0.0666822 0.0914751 0.493227 
-0.0346275 0.0801042 0.512204 -0.0361597 0.0831621 0.489979 -0.00410509 0.0717912 0.508956 
-0.00563731 0.0748491 0.486731 0.0264173 0.0634781 0.505708 0.0248851 0.0665361 0.483483 
0.0569398 0.0551651 0.50246 0.373598 -0.0413367 0.455975 -0.100262 0.0721843 0.53839 
-0.119351 0.0671258 0.527635 -0.0697399 0.0638713 0.535142 -0.0392175 0.0555583 0.531894 
-0.00869501 0.0472452 0.528646 0.369008 -0.0658826 0.475666 -0.104852 0.0476384 0.558081 
-0.123941 0.0425799 0.547325 -0.0743298 0.0393254 0.554833 -0.0438074 0.0310124 0.551585 
0.364418 -0.0904285 0.495356 -0.109442 0.0230925 0.577771 -0.128531 0.0180339 0.567015 
-0.0789197 0.0147794 0.574523 0.348394 -0.101603 0.52905 0.329306 -0.106661 0.518294 
0.346862 -0.0985449 0.506825 -0.115564 0.00160447 0.575236 -0.102598 -0.014825 0.583458 
-0.0835096 -0.00976648 0.594213 0.252237 -0.10121 0.558484 0.233149 -0.106268 0.547729 
0.250705 -0.0981518 0.53626 0.281227 -0.106465 0.533011 0.31175 -0.114778 0.529763 
-0.0880995 -0.0343124 0.613903 -0.107188 -0.0393709 0.603148 0.198036 -0.122501 0.570667 
0.215593 -0.114385 0.559198 -0.123212 -0.0505453 0.636842 -0.124744 -0.0474874 0.614617 
-0.1423 -0.0556038 0.626086 -0.0926895 -0.0588583 0.633594 0.132402 -0.130421 0.596853 
0.149958 -0.122305 0.585384 0.18048 -0.130618 0.582136 -0.129334 -0.0720333 0.634307 
-0.0988116 -0.0803463 0.631059 -0.0682892 -0.0886593 0.627811 -0.0377667 -0.0969723 0.624563 
-0.0362345 -0.10003 0.646788 -0.00724427 -0.105285 0.621315 -0.00571206 -0.108343 0.64354 
0.00572199 -0.121715 0.629536 0.0858553 -0.133282 0.633795 0.0667669 -0.138341 0.62304 
0.084323 -0.130224 0.611571 0.114845 -0.138537 0.608323 0.0186883 -0.138144 0.637757 
0.0492107 -0.146457 0.634509 0.229437 0.142445 0.343319 0.227905 0.145503 0.321094 
0.210349 0.137387 0.332563 0.258427 0.13719 0.317846 0.271394 0.120761 0.326067 
0.224847 0.1179 0.363009 0.205759 0.112841 0.352253 0.28436 0.104331 0.334288 
0.316415 0.0929604 0.353265 0.297326 0.0879019 0.342509 0.189735 0.101667 0.385947 
0.188203 0.104725 0.363723 0.170646 0.0966081 0.375192 0.220257 0.0933536 0.382699 
0.310292 0.0714725 0.35073 0.342347 0.0601015 0.369707 0.323259 0.055043 0.358951 
0.154623 0.0854337 0.408886 0.15309 0.0884916 0.386661 0.135534 0.0803752 0.39813 
0.185145 0.0771207 0.405637 0.336225 0.0386135 0.367172 0.36828 0.0272426 0.386149 
0.349191 0.0221841 0.375393 -0.0941469 0.127392 0.45456 -0.0956791 0.13045 0.432336 
-0.113235 0.122333 0.443805 -0.0636245 0.119079 0.451312 -0.0651567 0.122137 0.429088 
-0.033102 0.110766 0.448064 -0.0346343 0.113824 0.42584 -0.00257961 0.102453 0.444816 
-0.00411182 0.105511 0.422591 0.0279428 0.0941399 0.441568 0.0264106 0.0971978 0.419343 
0.0584653 0.0858269 0.43832 0.0569331 0.0888848 0.416095 0.0889877 0.0775139 0.435072 
0.0874555 0.0805718 0.412847 0.11951 0.0692008 0.431824 0.117978 0.0722588 0.409599 
0.36369 0.00269666 0.405839 0.344601 -0.00236186 0.395084 -0.129259 0.111159 0.477499 
-0.130792 0.114217 0.455274 -0.148348 0.106101 0.466743 -0.0987368 0.102846 0.474251 
-0.0682144 0.094533 0.471003 -0.037692 0.08622 0.467755 -0.00716952 0.077907 0.464507 
0.0233529 0.069594 0.461258 0.3591 -0.0218493 0.42553 0.340011 -0.0269078 0.414774 
-0.133849 0.0866132 0.497189 -0.152938 0.0815547 0.486433 0.35451 -0.0463952 0.44522 
0.335421 -0.0514537 0.434464 -0.138439 0.0620673 0.516879 -0.157528 0.0570087 0.506124 
0.34992 -0.0709411 0.46491 0.330832 -0.0759996 0.454155 -0.143029 0.0375214 0.536569 
-0.162117 0.0324628 0.525814 0.34533 -0.095487 0.4846 0.326242 -0.100546 0.473845 
-0.147619 0.0129754 0.55626 -0.166707 0.0079169 0.545504 0.310218 -0.11172 0.507539 
0.291129 -0.116778 0.496783 0.308685 -0.108662 0.485314 -0.153741 -0.00851257 0.553725 
-0.121686 -0.0198835 0.572702 -0.140775 -0.024942 0.561946 0.225494 -0.124698 0.522969 
0.243051 -0.116582 0.5115 0.273573 -0.124895 0.508252 -0.126276 -0.0444294 0.592392 
-0.145365 -0.049488 0.581637 0.178948 -0.12756 0.559912 0.15986 -0.132618 0.549156 
0.177416 -0.124502 0.537687 0.207938 -0.132815 0.534439 -0.130866 -0.0689753 0.612082 
-0.132398 -0.0659174 0.589858 -0.100344 -0.0772884 0.608834 -0.101876 -0.0742304 0.58661 
-0.0889098 -0.0906599 0.594831 0.113313 -0.13548 0.586098 0.0942249 -0.140538 0.575342 
0.111781 -0.132422 0.563873 0.142303 -0.140735 0.560625 -0.0759435 -0.107089 0.603052 
-0.0454211 -0.115402 0.599804 -0.0148986 -0.123715 0.596556 0.0156238 -0.132028 0.593308 
0.017156 -0.135086 0.615532 0.0461463 -0.140341 0.59006 0.0476785 -0.143399 0.612284 
0.0766687 -0.148654 0.586811 0.19126 0.132328 0.321808 0.189728 0.135386 0.299583 
0.172172 0.12727 0.311052 0.220251 0.127073 0.296335 0.250773 0.11876 0.293087 
0.263739 0.102331 0.301308 0.156148 0.116095 0.344746 0.154616 0.119153 0.322521 
0.13706 0.111037 0.33399 0.18667 0.107782 0.341498 0.276706 0.0859013 0.309529 
0.289672 0.0694719 0.31775 -0.123144 0.166367 0.393669 -0.124676 0.169425 0.371444 
-0.142232 0.161308 0.382913 -0.0926214 0.158054 0.390421 -0.0941537 0.161112 0.368196 
-0.062099 0.149741 0.387173 -0.0636312 0.152799 0.364948 -0.050665 0.136369 0.373169 
0.0905132 0.108176 0.370932 0.088981 0.111234 0.348707 0.0714248 0.103117 0.360177 
0.121036 0.0998626 0.367684 0.119503 0.102921 0.345459 0.151558 0.0915496 0.364436 
0.30417 0.0499845 0.348196 0.285082 0.044926 0.33744 -0.127734 0.141821 0.413359 
-0.146822 0.136762 0.402603 -0.0972114 0.133508 0.410111 -0.0666889 0.125195 0.406863 
-0.0376987 0.11994 0.38139 -0.0361665 0.116882 0.403615 -0.00564404 0.108569 0.400367 
-0.00717625 0.111627 0.378142 0.0248784 0.100256 0.397119 0.0233462 0.103314 0.374894 
0.0554008 0.0919427 0.393871 0.0538686 0.0950007 0.371646 0.0859233 0.0836297 0.390622 
0.116446 0.0753167 0.387374 0.298048 0.0284965 0.345661 0.330103 0.0171255 0.364638 
0.311014 0.012067 0.353882 -0.132324 0.117275 0.433049 -0.151412 0.112216 0.422294 
0.323981 -0.00436246 0.362103 0.336947 -0.0207919 0.370325 -0.156002 0.0876705 0.441984 
0.320923 -0.0319663 0.404018 0.301835 -0.0370248 0.393263 0.319391 -0.0289084 0.381794 
-0.160592 0.0631246 0.461674 0.316333 -0.0565122 0.423709 0.297245 -0.0615707 0.412953 
-0.165182 0.0385787 0.481364 0.311743 -0.0810581 0.443399 0.292655 -0.0861166 0.432643 
-0.169772 0.0140328 0.501055 0.307153 -0.105604 0.463089 0.288065 -0.110663 0.452334 
-0.174362 -0.0105132 0.520745 0.272041 -0.121837 0.486028 0.252952 -0.126895 0.475272 
0.270509 -0.118779 0.463803 -0.159863 -0.0300006 0.551191 -0.178952 -0.0350591 0.540435 
0.206406 -0.129757 0.512214 0.187318 -0.134815 0.501458 0.204874 -0.126699 0.489989 
0.235396 -0.135012 0.486741 -0.194976 -0.0462335 0.574129 -0.196508 -0.0431755 0.551904 
-0.214064 -0.051292 0.563374 -0.164453 -0.0545465 0.570881 0.140771 -0.137677 0.5384 
0.121683 -0.142735 0.527645 0.139239 -0.134619 0.516176 0.169762 -0.142932 0.512928 
-0.201098 -0.0677214 0.571595 -0.170575 -0.0760345 0.568347 -0.140053 -0.0843475 0.565098 
-0.10953 -0.0926605 0.56185 -0.0790079 -0.100974 0.558602 -0.0774757 -0.104031 0.580827 
-0.0660417 -0.117403 0.566823 0.0865705 -0.158968 0.550583 0.104127 -0.150852 0.539114 
-0.0530754 -0.133832 0.575045 -0.022553 -0.142145 0.571796 0.00796948 -0.150459 0.568548 
0.0384919 -0.158772 0.5653 0.0690144 -0.167085 0.562052 0.122561 0.130524 0.303544 
0.121029 0.133582 0.28132 0.103473 0.125466 0.292789 0.153084 0.122211 0.300296 
0.151551 0.125269 0.278072 0.182074 0.116956 0.274824 0.212596 0.108643 0.271575 
0.244651 0.0972723 0.290552 0.225562 0.0922138 0.279797 -0.0956859 0.16417 0.345971 
-0.0972181 0.167228 0.323746 -0.114774 0.159111 0.335216 -0.0651634 0.155857 0.342723 
-0.0666956 0.158915 0.320498 -0.034641 0.147544 0.339475 -0.0361732 0.150602 0.31725 
-0.0232069 0.134172 0.325471 0.0874488 0.114291 0.326483 0.0859165 0.117349 0.304258 
0.0683604 0.109233 0.315727 0.117971 0.105978 0.323235 0.238529 0.0757843 0.288018 
0.270583 0.0644134 0.306994 0.251495 0.0593548 0.296239 -0.161321 0.15625 0.372158 
-0.162853 0.159308 0.349933 -0.180409 0.151191 0.361402 -0.13233 0.150995 0.346685 
-0.0392309 0.122998 0.359165 -0.0102407 0.117743 0.333693 -0.00870846 0.114685 0.355917 
0.021814 0.106372 0.352669 0.0202818 0.10943 0.330444 0.0523364 0.0980586 0.349421 
0.0508042 0.101117 0.327196 0.265994 0.0398674 0.326685 0.246905 0.0348089 0.315929 
-0.167443 0.134762 0.369623 -0.154477 0.118332 0.377844 0.259871 0.0183794 0.32415 
0.291926 0.00700849 0.343127 0.272838 0.00194997 0.332371 -0.159066 0.0937864 0.397534 
0.285804 -0.0144795 0.340592 0.317859 -0.0258504 0.359569 0.29877 -0.030909 0.348813 
-0.17509 0.082612 0.431228 -0.176623 0.0856699 0.409004 -0.194179 0.0775535 0.420473 
0.282746 -0.0420833 0.382507 0.263658 -0.0471419 0.371752 0.281214 -0.0390254 0.360283 
-0.17968 0.0580661 0.450919 -0.198769 0.0530076 0.440163 0.278156 -0.0666293 0.402198 
0.259068 -0.0716878 0.391442 -0.18427 0.0335202 0.470609 -0.203359 0.0284616 0.459853 
0.273566 -0.0911752 0.421888 0.254478 -0.0962337 0.411132 -0.190392 0.0120322 0.468074 
-0.177426 -0.00439729 0.476295 0.268976 -0.115721 0.441578 0.249888 -0.12078 0.430822 
-0.19345 -0.0155717 0.509989 -0.194982 -0.0125138 0.487765 -0.212538 -0.0206302 0.499234 
0.233864 -0.131954 0.464516 0.214776 -0.137013 0.453761 0.232332 -0.128896 0.442292 
-0.199572 -0.0370597 0.507455 -0.186606 -0.0534891 0.515676 0.168229 -0.139874 0.490703 
0.149141 -0.144932 0.479947 0.166697 -0.136816 0.468478 0.19722 -0.145129 0.46523 
-0.20263 -0.0646635 0.54937 -0.191196 -0.0780351 0.535366 0.102595 -0.147794 0.516889 
0.0835061 -0.152852 0.506134 0.101062 -0.144736 0.494664 0.131585 -0.153049 0.491416 
-0.17823 -0.0944645 0.543587 -0.147707 -0.102778 0.540339 -0.117185 -0.111091 0.537091 
-0.0866623 -0.119404 0.533843 -0.0561398 -0.127717 0.530595 -0.0546076 -0.130775 0.55282 
-0.0431736 -0.144146 0.538816 0.0674821 -0.164027 0.539828 0.0483937 -0.169085 0.529072 
0.0659499 -0.160969 0.517603 -0.0302073 -0.160576 0.547037 0.000315136 -0.168889 0.543789 
0.0308376 -0.177202 0.540541 -0.0987503 0.170285 0.301522 -0.100283 0.173343 0.279297 
-0.117839 0.165227 0.290766 -0.0682279 0.161972 0.298274 -0.0697601 0.16503 0.276049 
-0.0377054 0.153659 0.295026 -0.0392376 0.156717 0.272801 -0.00718298 0.145346 0.291777 
-0.00871519 0.148404 0.269553 0.00425107 0.131975 0.277774 0.0538619 0.12872 0.285281 
0.0523297 0.131778 0.263057 0.0347735 0.123662 0.274526 0.0652959 0.115349 0.271278 
0.114907 0.112094 0.278785 0.126341 0.0987228 0.264782 0.143897 0.106839 0.253312 
0.174419 0.0985262 0.250064 0.206474 0.0871552 0.269041 0.187386 0.0820967 0.258285 
-0.133863 0.154053 0.32446 -0.135395 0.15711 0.302235 -0.152951 0.148994 0.313704 
-0.0117729 0.1208 0.311468 0.0172173 0.115545 0.285995 0.0187495 0.112487 0.30822 
0.049272 0.104174 0.304972 0.0782622 0.0989194 0.279499 0.108785 0.0906063 0.276251 
0.200352 0.0656673 0.266506 0.232407 0.0542963 0.285483 0.213318 0.0492378 0.274728 
-0.199497 0.146133 0.350646 -0.20103 0.149191 0.328422 -0.218586 0.141074 0.339891 
-0.170507 0.140878 0.325174 0.226285 0.0328083 0.282949 0.239251 0.0163788 0.29117 
-0.20562 0.124645 0.348112 -0.173565 0.113274 0.367089 -0.192653 0.108215 0.356333 
0.252217 -5.06202e-05 0.299391 0.265183 -0.0164801 0.307612 -0.178155 0.0887278 0.386779 
-0.197243 0.0836693 0.376023 0.279682 -0.0359675 0.338058 0.260593 -0.041026 0.327302 
-0.213267 0.072495 0.409717 -0.214799 0.0755529 0.387492 -0.232356 0.0674364 0.398962 
0.244569 -0.0522004 0.360996 0.225481 -0.0572589 0.350241 0.243037 -0.0491425 0.338771 
-0.219389 0.051007 0.407183 -0.206423 0.0345775 0.415404 0.239979 -0.0767463 0.380686 
0.220891 -0.0818048 0.369931 -0.211013 0.0100316 0.435094 0.23539 -0.101292 0.400377 
0.216301 -0.106351 0.389621 -0.196514 -0.00945581 0.46554 -0.215603 -0.0145143 0.454784 
0.229267 -0.12278 0.397842 0.242234 -0.13921 0.406063 -0.231627 -0.0256887 0.488478 
-0.233159 -0.0226308 0.466253 -0.250715 -0.0307472 0.477723 0.195687 -0.142071 0.443005 
0.176599 -0.14713 0.43225 0.194155 -0.139013 0.420781 0.224678 -0.147326 0.417532 
-0.237749 -0.0471767 0.485944 -0.205694 -0.0585477 0.50492 -0.224783 -0.0636062 0.494165 
0.0995301 -0.141678 0.47244 0.0804417 -0.146736 0.461684 0.0979979 -0.13862 0.450215 
0.12852 -0.146933 0.446967 0.130053 -0.149991 0.469192 0.159043 -0.155246 0.443719 
-0.211816 -0.0800356 0.502386 -0.181294 -0.0883487 0.499138 -0.179762 -0.0914066 0.521363 
-0.150772 -0.0966617 0.49589 -0.149239 -0.0997196 0.518115 -0.120249 -0.104975 0.492642 
-0.118717 -0.108033 0.514866 -0.107283 -0.121404 0.500863 0.0644177 -0.157911 0.495378 
0.0453293 -0.162969 0.484622 0.0628855 -0.154853 0.473153 -0.0943166 -0.137834 0.509084 
-0.0637942 -0.146147 0.505836 -0.0332717 -0.15446 0.502588 -0.0317395 -0.157518 0.524813 
-0.00274929 -0.162773 0.49934 -0.00121708 -0.165831 0.521564 0.0277731 -0.171086 0.496092 
0.0293054 -0.174144 0.518316 -0.0712923 0.168088 0.253824 -0.0728245 0.171146 0.231599 
-0.0903807 0.16303 0.243069 -0.0407698 0.159775 0.250576 -0.0423021 0.162833 0.228351 
-0.0102474 0.151462 0.247328 -0.0117796 0.15452 0.225103 0.020275 0.143149 0.24408 
0.0187428 0.146207 0.221855 0.0507975 0.134836 0.240832 0.0492653 0.137894 0.218607 
0.0622315 0.121465 0.226828 -0.136927 0.160168 0.280011 -0.138459 0.163226 0.257786 
-0.156015 0.15511 0.269255 -0.107937 0.154913 0.254538 0.0156851 0.118603 0.26377 
0.07673 0.101977 0.257274 0.0751978 0.105035 0.235049 0.107252 0.0936643 0.254026 
0.10572 0.0967222 0.231801 0.136243 0.0884092 0.228553 0.166765 0.0800961 0.225305 
0.179731 0.0636667 0.233526 -0.172039 0.143936 0.302949 -0.173572 0.146993 0.280724 
-0.191128 0.138877 0.292193 0.192698 0.0472372 0.241747 0.205664 0.0308077 0.249968 
-0.208684 0.130761 0.303662 -0.22624 0.122644 0.315132 0.220162 0.0113203 0.280414 
0.201074 0.00626181 0.269659 -0.211742 0.103157 0.345577 -0.23083 0.0980982 0.334822 
0.21404 -0.0101677 0.27788 0.246095 -0.0215386 0.296856 0.227007 -0.0265971 0.286101 
-0.216332 0.0786108 0.365268 -0.23542 0.0735523 0.354512 0.239973 -0.0430266 0.294322 
0.252939 -0.0594561 0.302543 -0.251444 0.0623779 0.388206 -0.252976 0.0654358 0.365981 
-0.270532 0.0573194 0.37745 0.217827 -0.075689 0.325481 0.235383 -0.0675725 0.314012 
-0.257566 0.0408899 0.385672 -0.225511 0.029519 0.404648 -0.2446 0.0244604 0.393893 
0.213237 -0.100235 0.345172 -0.230101 0.00497306 0.424338 -0.24919 -8.54663e-05 0.413583 
0.208647 -0.124781 0.364862 -0.234691 -0.0195728 0.444029 -0.25378 -0.0246314 0.433273 
0.223145 -0.144268 0.395308 0.204057 -0.149327 0.384552 -0.25837 -0.0491773 0.452963 
0.168945 -0.16556 0.40749 0.186501 -0.157443 0.396021 -0.245403 -0.0656068 0.461185 
-0.232437 -0.0820362 0.469406 0.0613533 -0.151795 0.450929 0.0422649 -0.156853 0.440173 
0.0598211 -0.148737 0.428704 0.0903435 -0.15705 0.425456 0.120866 -0.165363 0.422208 
0.151388 -0.173676 0.41896 -0.219471 -0.0984657 0.477627 -0.188948 -0.106779 0.474379 
-0.158426 -0.115092 0.471131 -0.127903 -0.123405 0.467882 -0.097381 -0.131718 0.464634 
-0.0958488 -0.134776 0.486859 -0.0668586 -0.140031 0.461386 -0.0653264 -0.143089 0.483611 
-0.0363362 -0.148344 0.458138 -0.0348039 -0.151402 0.480363 -0.00581372 -0.156657 0.45489 
-0.00428151 -0.159715 0.477115 0.0247087 -0.16497 0.451642 0.0262409 -0.168028 0.473867 
-0.109469 0.157971 0.232313 -0.111001 0.161029 0.210088 -0.128557 0.152913 0.221557 
-0.0804788 0.152716 0.20684 -0.0499564 0.144403 0.203592 -0.019434 0.13609 0.200344 
0.0110885 0.127777 0.197096 0.0431431 0.116406 0.216073 0.0240547 0.111348 0.205317 
-0.146114 0.144796 0.233027 -0.16367 0.13668 0.244496 0.037021 0.0949182 0.213538 
0.0675434 0.0866051 0.21029 0.0980659 0.0782921 0.207042 0.128588 0.0699791 0.203794 
0.160643 0.0586081 0.222771 0.141555 0.0535496 0.212015 -0.240739 0.142132 0.284686 
-0.242271 0.145189 0.262461 -0.259827 0.137073 0.27393 -0.210216 0.133818 0.281438 
-0.211748 0.136876 0.259213 -0.181226 0.128563 0.255965 0.154521 0.0371202 0.220236 
0.185043 0.0288071 0.216988 0.19801 0.0123777 0.225209 -0.245329 0.117586 0.304376 
-0.264417 0.112527 0.29362 0.19342 -0.0121683 0.244899 -0.280441 0.101353 0.327314 
-0.281973 0.104411 0.30509 -0.299529 0.0962942 0.316559 -0.249918 0.0930397 0.324066 
0.206386 -0.0285977 0.25312 0.219352 -0.0450272 0.261342 -0.286563 0.0798647 0.32478 
-0.273597 0.0634352 0.333001 -0.254508 0.0684937 0.343757 0.233851 -0.0645146 0.291787 
0.214762 -0.0695731 0.281032 -0.259098 0.0439478 0.363447 -0.260631 0.0470058 0.341222 
-0.247664 0.0305763 0.349443 0.210172 -0.094119 0.300722 -0.252254 0.00603038 0.369133 
0.205582 -0.118665 0.320412 -0.256844 -0.0185155 0.388824 0.200993 -0.143211 0.340103 
-0.261434 -0.0430614 0.408514 0.184969 -0.154385 0.373796 0.16588 -0.159444 0.363041 
0.183436 -0.151327 0.351572 -0.248468 -0.0594909 0.416735 -0.246936 -0.0625488 0.43896 
-0.235501 -0.0759204 0.424956 0.0888113 -0.153992 0.403231 0.0697229 -0.159051 0.392475 
0.0872791 -0.150934 0.381006 0.117802 -0.159247 0.377758 0.119334 -0.162305 0.399983 
0.148324 -0.16756 0.37451 0.149856 -0.170618 0.396735 -0.222535 -0.0923499 0.433177 
-0.221003 -0.0954078 0.455402 -0.192013 -0.100663 0.429929 -0.190481 -0.103721 0.452154 
-0.179047 -0.117092 0.43815 -0.00734594 -0.153599 0.432665 -0.0264343 -0.158657 0.42191 
-0.00887815 -0.150541 0.410441 0.0216443 -0.158854 0.407193 0.0231765 -0.161912 0.429417 
0.0521667 -0.167167 0.403945 -0.16608 -0.133522 0.446371 -0.135558 -0.141835 0.443123 
-0.105035 -0.150148 0.439875 -0.074513 -0.158461 0.436627 -0.0439905 -0.166774 0.433379 
-0.0820111 0.155774 0.184615 -0.0835433 0.158832 0.162391 -0.101099 0.150716 0.17386 
-0.070577 0.142403 0.170612 -0.147646 0.147854 0.210802 -0.149178 0.150912 0.188577 
-0.166734 0.142796 0.200046 -0.118656 0.142599 0.185329 -0.0576107 0.125973 0.178833 
-0.0270883 0.11766 0.175585 0.00343413 0.109347 0.172337 0.0354888 0.0979761 0.191313 
0.0339566 0.101034 0.169089 0.0469228 0.0846045 0.17731 -0.243803 0.148247 0.240236 
-0.245335 0.151305 0.218012 -0.262891 0.143189 0.229481 -0.213281 0.139934 0.236988 
-0.214813 0.142992 0.214763 -0.182758 0.131621 0.23374 -0.18429 0.134679 0.211515 
0.0598891 0.0681751 0.185531 0.0904115 0.059862 0.182283 0.120934 0.051549 0.179035 
0.1339 0.0351196 0.187256 -0.278915 0.132014 0.263175 -0.280448 0.135072 0.24095 
-0.298004 0.126956 0.252419 0.146867 0.0186901 0.195477 0.178921 0.00731914 0.214454 
0.159833 0.00226062 0.203698 -0.285038 0.110526 0.26064 -0.272071 0.094097 0.268861 
0.172799 -0.0141688 0.211919 0.185765 -0.0305983 0.22014 -0.289627 0.0859806 0.28033 
-0.307184 0.0778641 0.2918 0.198732 -0.0470278 0.228361 0.211698 -0.0634573 0.236582 
-0.294217 0.0614346 0.300021 -0.281251 0.0450052 0.308242 0.195674 -0.0746316 0.270276 
0.176585 -0.0796902 0.259521 0.194142 -0.0715737 0.248052 -0.268285 0.0285757 0.316463 
-0.255319 0.0121462 0.324684 0.191084 -0.0991775 0.289967 0.171996 -0.104236 0.279211 
-0.259909 -0.0123997 0.344374 0.184962 -0.120666 0.287432 0.197928 -0.137095 0.295653 
-0.264498 -0.0369456 0.364064 0.193338 -0.161641 0.315343 -0.251532 -0.053375 0.372286 
-0.25 -0.056433 0.39451 -0.238566 -0.0698045 0.380507 0.146792 -0.164502 0.352285 
0.127703 -0.169561 0.34153 0.14526 -0.161444 0.330061 0.175782 -0.169757 0.326813 
-0.243156 -0.0943504 0.400197 0.0506345 -0.164109 0.38172 0.0315461 -0.169168 0.370964 
0.0491023 -0.161051 0.359495 0.0796247 -0.169364 0.356247 0.110147 -0.177677 0.352999 
-0.23019 -0.11078 0.408418 -0.199667 -0.119093 0.40517 -0.169145 -0.127406 0.401922 
-0.167612 -0.130464 0.424147 -0.156178 -0.143835 0.410143 -0.0760452 -0.155403 0.414402 
-0.0951336 -0.160461 0.403647 -0.0775774 -0.152345 0.392178 -0.0470549 -0.160658 0.38893 
-0.0455227 -0.163716 0.411154 -0.0165325 -0.168971 0.385681 0.0139899 -0.177284 0.382433 
-0.143212 -0.160265 0.418364 -0.11269 -0.168578 0.415116 -0.120188 0.145657 0.163104 
-0.12172 0.148715 0.14088 -0.139276 0.140599 0.152349 -0.0911976 0.140402 0.137631 
-0.059143 0.129031 0.156608 -0.0606752 0.132089 0.134383 -0.0477089 0.115659 0.142604 
-0.185823 0.137737 0.189291 -0.187355 0.140795 0.167066 -0.204911 0.132679 0.178535 
-0.156832 0.132482 0.163818 -0.0347427 0.09923 0.150826 -0.00422022 0.090917 0.147578 
0.0263022 0.0826039 0.144329 0.0392685 0.0661745 0.152551 -0.28198 0.13813 0.218725 
-0.283512 0.141188 0.1965 -0.301068 0.133072 0.20797 -0.25299 0.132875 0.193252 
-0.222467 0.124562 0.190004 0.0522348 0.049745 0.160772 0.0827572 0.041432 0.157524 
0.11328 0.033119 0.154275 0.126246 0.0166895 0.162497 -0.305658 0.108526 0.22766 
0.139212 0.000260027 0.170718 0.152178 -0.0161694 0.178939 -0.292692 0.0920964 0.235881 
-0.279726 0.075667 0.244102 0.165145 -0.0325989 0.18716 0.178111 -0.0490284 0.195381 
-0.29575 0.0644926 0.277796 -0.284316 0.051121 0.263792 0.191077 -0.0654579 0.203602 
0.204043 -0.0818873 0.211823 -0.271349 0.0346916 0.272013 -0.269817 0.0316336 0.294238 
-0.258383 0.0182621 0.280234 0.168931 -0.0981202 0.234761 0.186487 -0.0900038 0.223292 
-0.262973 -0.00628382 0.299925 0.164341 -0.122666 0.254452 -0.250007 -0.0227133 0.308146 
-0.248474 -0.0257712 0.330371 -0.23704 -0.0391428 0.316367 0.177307 -0.139096 0.262673 
0.190274 -0.155525 0.270894 -0.253064 -0.0503171 0.350061 -0.24163 -0.0636887 0.336057 
0.17425 -0.166699 0.304588 0.155161 -0.171758 0.293832 0.172718 -0.163642 0.282363 
-0.24622 -0.0882346 0.355747 0.0475701 -0.157993 0.33727 0.0284817 -0.163052 0.326515 
0.0460379 -0.154935 0.315046 0.0765603 -0.163248 0.311797 0.0780925 -0.166306 0.334022 
0.107083 -0.171561 0.308549 0.108615 -0.174619 0.330774 0.137605 -0.179874 0.305301 
-0.233254 -0.104664 0.363969 -0.231722 -0.107722 0.386193 -0.220288 -0.121094 0.37219 
-0.0180647 -0.165913 0.363457 -0.0371531 -0.170972 0.352701 -0.0195969 -0.162855 0.341232 
0.0109255 -0.171168 0.337984 0.0124577 -0.174226 0.360209 -0.207321 -0.137523 0.380411 
-0.176799 -0.145836 0.377163 -0.146277 -0.154149 0.373915 -0.144744 -0.157207 0.396139 
-0.115754 -0.162462 0.370667 -0.114222 -0.16552 0.392891 -0.0852317 -0.170775 0.367418 
-0.0547093 -0.179088 0.36417 -0.188887 0.143853 0.144841 -0.190419 0.146911 0.122616 
-0.207975 0.138795 0.134086 -0.158365 0.13554 0.141593 -0.159897 0.138598 0.119368 
-0.129374 0.130285 0.11612 -0.098852 0.121972 0.112872 -0.0683295 0.113659 0.109624 
-0.0362749 0.102288 0.128601 -0.0378071 0.105346 0.106376 -0.0248408 0.0889164 0.114597 
-0.254522 0.135933 0.171028 -0.256054 0.138991 0.148803 -0.27361 0.130875 0.160272 
-0.223999 0.12762 0.16778 -0.225532 0.130678 0.145555 -0.0118746 0.0724869 0.122818 
0.0201801 0.061116 0.141795 0.0010917 0.0560574 0.131039 -0.291166 0.122758 0.171741 
-0.308723 0.114642 0.18321 0.014058 0.039628 0.13926 0.0445804 0.031315 0.136012 
0.0766351 0.019944 0.154989 0.0575467 0.0148855 0.144233 0.107157 0.011631 0.151741 
-0.324747 0.103467 0.216904 -0.326279 0.106525 0.19468 -0.343835 0.0984088 0.206149 
0.0705129 -0.00154399 0.152455 0.101035 -0.00985701 0.149207 0.131558 -0.01817 0.145958 
0.144524 -0.0345995 0.15418 -0.330869 0.0819794 0.21437 -0.298814 0.0706084 0.233346 
-0.317902 0.0655499 0.222591 0.15749 -0.051029 0.162401 0.170457 -0.0674585 0.170622 
-0.304936 0.0491204 0.230812 -0.29197 0.032691 0.239033 0.184955 -0.0869458 0.201068 
0.165867 -0.0920044 0.190312 -0.279004 0.0162615 0.247254 -0.266037 -0.000167972 0.255475 
0.161277 -0.11655 0.210002 -0.253071 -0.0165974 0.263696 -0.251539 -0.0196554 0.285921 
-0.240105 -0.0330269 0.271917 0.156687 -0.141096 0.229692 -0.244695 -0.0575728 0.291608 
0.171185 -0.160584 0.260138 0.152097 -0.165642 0.249383 -0.231729 -0.0740023 0.299829 
-0.230196 -0.0770602 0.322053 -0.218762 -0.0904318 0.30805 0.136073 -0.176816 0.283077 
0.116985 -0.181875 0.272321 0.134541 -0.173759 0.260852 -0.234786 -0.101606 0.341744 
-0.223352 -0.114978 0.32774 0.0093933 -0.16811 0.315759 -0.00969509 -0.173169 0.305004 
0.00786109 -0.165052 0.293534 0.0383835 -0.173365 0.290286 0.068906 -0.181678 0.287038 
0.0994284 -0.189991 0.28379 -0.210386 -0.131407 0.335961 -0.208854 -0.134465 0.358186 
-0.19742 -0.147837 0.344182 -0.0562415 -0.17603 0.341946 -0.0753299 -0.181089 0.33119 
-0.0577737 -0.172972 0.319721 -0.0272513 -0.181285 0.316473 -0.184453 -0.164266 0.352403 
-0.153931 -0.172579 0.349155 -0.123408 -0.180892 0.345907 -0.0928861 -0.189205 0.342659 
-0.161429 0.141656 0.0971436 -0.162961 0.144714 0.0749189 -0.180517 0.136597 0.0863881 
-0.130907 0.133343 0.0938956 -0.132439 0.136401 0.0716708 -0.100384 0.12503 0.0906475 
-0.101916 0.128088 0.0684228 -0.0698617 0.116717 0.0873994 -0.071394 0.119775 0.0651747 
-0.0584277 0.103345 0.0733958 -0.257586 0.142049 0.126578 -0.259118 0.145107 0.104353 
-0.276675 0.136991 0.115823 -0.227064 0.133736 0.12333 -0.228596 0.136794 0.101105 
-0.198074 0.128481 0.0978572 -0.0454614 0.0869158 0.0816169 -0.0134068 0.0755448 0.100594 
-0.014939 0.0786028 0.0783688 -0.00197272 0.0621733 0.0865899 -0.292699 0.125816 0.149516 
-0.294231 0.128874 0.127292 -0.311787 0.120758 0.138761 0.0125258 0.0426859 0.117036 
0.0109935 0.0457438 0.094811 0.0239598 0.0293144 0.103032 -0.297289 0.10127 0.169207 
-0.298821 0.104328 0.146982 -0.285854 0.0878987 0.155203 0.0193699 0.00476844 0.122722 
0.0384583 0.00982696 0.133478 -0.332401 0.0850373 0.192145 -0.320967 0.0716658 0.178141 
-0.303411 0.0797822 0.166672 0.0323362 -0.011661 0.130943 0.0643908 -0.023032 0.14992 
0.0453024 -0.0280905 0.139165 0.0949132 -0.031345 0.146672 0.125436 -0.039658 0.143424 
-0.325557 0.0471198 0.197832 0.0582687 -0.04452 0.147386 0.0887911 -0.052833 0.144138 
0.119314 -0.061146 0.140889 0.151368 -0.072517 0.159866 0.13228 -0.0775755 0.149111 
-0.312591 0.0306904 0.206053 -0.299624 0.0142609 0.214274 0.146778 -0.0970629 0.179556 
0.12769 -0.102121 0.168801 -0.286658 -0.00216856 0.222495 -0.273692 -0.018598 0.230716 
0.142188 -0.121609 0.199247 0.1231 -0.126667 0.188491 -0.260725 -0.0350275 0.238937 
-0.247759 -0.051457 0.247158 0.136066 -0.143097 0.196712 0.149033 -0.159526 0.204933 
-0.234793 -0.0678864 0.255379 -0.233261 -0.0709444 0.277604 -0.221827 -0.0843159 0.2636 
0.133009 -0.170701 0.238627 0.11392 -0.175759 0.227872 0.131476 -0.167643 0.216402 
-0.226417 -0.108862 0.283291 0.00632887 -0.161994 0.27131 -0.0127595 -0.167053 0.260554 
0.00479666 -0.158937 0.249085 0.0353191 -0.16725 0.245837 0.0368513 -0.170307 0.268062 
0.0658415 -0.175563 0.242589 0.0673738 -0.178621 0.264814 0.096364 -0.183876 0.239341 
0.0978962 -0.186934 0.261566 -0.21345 -0.125291 0.291512 -0.211918 -0.128349 0.313736 
-0.200484 -0.141721 0.299733 -0.0593059 -0.169914 0.297496 -0.0783943 -0.174973 0.286741 
-0.0608381 -0.166856 0.275271 -0.0303157 -0.175169 0.272023 -0.0287835 -0.178227 0.294248 
-0.187518 -0.15815 0.307954 -0.185986 -0.161208 0.330179 -0.156995 -0.166463 0.304706 
-0.155463 -0.169521 0.326931 -0.126473 -0.174776 0.301458 -0.124941 -0.177834 0.323683 
-0.0959505 -0.183089 0.29821 -0.0944183 -0.186147 0.320434 -0.230128 0.139852 0.0788806 
-0.231661 0.14291 0.0566558 -0.249217 0.134793 0.068125 -0.199606 0.131539 0.0756325 
-0.201138 0.134597 0.0534077 -0.170616 0.126284 0.0501597 -0.140093 0.117971 0.0469116 
-0.109571 0.109658 0.0436635 -0.0790483 0.101345 0.0404155 -0.066082 0.0849152 0.0486366 
-0.295763 0.131932 0.105067 -0.297295 0.13499 0.0828422 -0.314851 0.126873 0.0943114 
-0.266773 0.126677 0.0795941 -0.0531158 0.0684857 0.0568576 -0.0225933 0.0601727 0.0536096 
-0.00962707 0.0437432 0.0618307 -0.330875 0.115699 0.128005 -0.332408 0.118757 0.105781 
-0.349964 0.110641 0.11725 0.00333919 0.0273138 0.0700518 0.0163055 0.0108843 0.0782729 
-0.336998 0.0942111 0.125471 -0.304943 0.0828401 0.144447 -0.324031 0.0777816 0.133692 
0.0117155 -0.0136616 0.0979631 -0.340055 0.0666072 0.167386 -0.341587 0.0696652 0.145161 
-0.359144 0.0615487 0.15663 0.0246818 -0.0300911 0.106184 0.0376481 -0.0465206 0.114405 
-0.346177 0.0451192 0.164851 -0.315655 0.0368062 0.161603 -0.314123 0.0337483 0.183828 
-0.302689 0.0203768 0.169824 0.0506143 -0.06295 0.122626 0.082669 -0.074321 0.141603 
0.0635806 -0.0793795 0.130847 0.113191 -0.082634 0.138355 -0.289722 0.00394729 0.178045 
-0.28819 0.000889369 0.20027 -0.276756 -0.0124822 0.186267 0.0765469 -0.095809 0.139069 
0.107069 -0.104122 0.135821 0.120036 -0.120551 0.144042 -0.26379 -0.0289117 0.194488 
-0.262258 -0.0319696 0.216712 -0.250824 -0.0453411 0.202709 0.115446 -0.145097 0.163732 
-0.255414 -0.069887 0.222399 0.129944 -0.164585 0.194178 0.110856 -0.169643 0.183422 
-0.242447 -0.0863165 0.23062 -0.229481 -0.102746 0.238841 0.00326444 -0.155879 0.22686 
-0.0158239 -0.160937 0.216105 0.00173223 -0.152821 0.204635 0.0322547 -0.161134 0.201387 
0.0337869 -0.164192 0.223612 0.0627771 -0.169447 0.198139 0.0643093 -0.172505 0.220364 
0.0932995 -0.17776 0.194891 0.0948318 -0.180818 0.217116 -0.234071 -0.127292 0.258531 
-0.0318479 -0.172111 0.249799 -0.0509363 -0.17717 0.239043 -0.0333801 -0.169054 0.227574 
-0.221105 -0.143721 0.266752 -0.208138 -0.160151 0.274974 -0.0974827 -0.180031 0.275985 
-0.116571 -0.18509 0.265229 -0.0990149 -0.176973 0.25376 -0.0684925 -0.185286 0.250512 
-0.195172 -0.17658 0.283195 -0.16465 -0.184893 0.279947 -0.134127 -0.193206 0.276699 
-0.141625 0.121029 0.0246869 -0.143158 0.124087 0.00246212 -0.160714 0.11597 0.0139313 
-0.130191 0.107657 0.0106832 -0.268305 0.129735 0.0573694 -0.269837 0.132793 0.0351447 
-0.287393 0.124676 0.0466138 -0.239315 0.12448 0.0318966 -0.208792 0.116167 0.0286485 
-0.17827 0.107854 0.0254004 -0.117225 0.0912276 0.0189043 -0.0867026 0.0829146 0.0156562 
-0.0737364 0.0664851 0.0238773 -0.30495 0.11656 0.058083 -0.322506 0.108443 0.0695521 
-0.0607701 0.0500557 0.0320984 -0.0302477 0.0417426 0.0288503 0.00180698 0.0303717 0.047827 
0.000274763 0.0334296 0.0256023 0.013241 0.0170001 0.0338234 -0.33853 0.097269 0.103246 
-0.327096 0.0838975 0.0892424 0.00865111 -0.00754577 0.0535136 -0.314129 0.067468 0.0974635 
-0.312597 0.0644101 0.119688 -0.301163 0.0510385 0.105685 0.0216174 -0.0239752 0.0617347 
0.0231496 -0.0270332 0.0839595 0.0345836 -0.0404047 0.0699558 -0.34771 0.0481772 0.142627 
-0.336276 0.0348056 0.128623 -0.318719 0.0429221 0.117154 0.0490821 -0.0598921 0.100402 
0.0475499 -0.0568342 0.0781769 0.0605162 -0.0732637 0.086398 -0.323309 0.0183762 0.136844 
-0.310343 0.0019467 0.145065 0.0750146 -0.092751 0.116844 0.0734824 -0.0896931 0.0946191 
0.0864487 -0.106123 0.10284 -0.297377 -0.0144828 0.153286 -0.284411 -0.0309122 0.161507 
0.099415 -0.122552 0.111061 0.112381 -0.138982 0.119282 -0.271444 -0.0473417 0.169728 
-0.258478 -0.0637712 0.177949 0.107791 -0.163527 0.138973 -0.263068 -0.0883171 0.19764 
0.0307225 -0.158076 0.179163 0.0116341 -0.163134 0.168407 0.0291902 -0.155018 0.156938 
0.0597127 -0.163331 0.15369 0.0612449 -0.166389 0.175915 0.0902351 -0.171644 0.150442 
0.0917673 -0.174702 0.172667 -0.250102 -0.104747 0.205861 -0.237135 -0.121176 0.214082 
-0.0349123 -0.165996 0.205349 -0.0540007 -0.171054 0.194594 -0.0364446 -0.162938 0.183124 
-0.00592211 -0.171251 0.179876 -0.224169 -0.137606 0.222303 -0.222637 -0.140663 0.244528 
-0.211203 -0.154035 0.230524 -0.0700247 -0.182229 0.228287 -0.0891131 -0.187287 0.217532 
-0.0715569 -0.179171 0.206063 -0.198237 -0.170464 0.238745 -0.196704 -0.173522 0.26097 
-0.167714 -0.178777 0.235497 -0.166182 -0.181835 0.257722 -0.137192 -0.18709 0.232249 
-0.135659 -0.190148 0.254474 -0.106669 -0.195403 0.229001 -0.240847 0.127538 0.00967185 
-0.242379 0.130596 -0.0125529 -0.259935 0.122479 -0.00108373 -0.210325 0.119225 0.00642377 
-0.211857 0.122283 -0.015801 -0.179802 0.110912 0.0031757 -0.181334 0.11397 -0.019049 
-0.150812 0.105656 -0.0222971 -0.118757 0.0942855 -0.00332044 -0.12029 0.0973435 -0.0255452 
-0.107323 0.080914 -0.0173241 -0.277492 0.114363 0.0103854 -0.295048 0.106246 0.0218546 
-0.094357 0.0644845 -0.009103 -0.0813907 0.0480551 -0.000881903 -0.312604 0.0981298 0.0333238 
-0.33016 0.0900133 0.0447929 -0.0684245 0.0316256 0.00733919 -0.037902 0.0233126 0.00409112 
-0.00737958 0.0149995 0.00084305 0.00558668 -0.00142992 0.00906414 -0.317194 0.0735839 0.053014 
-0.315662 0.0705259 0.0752388 -0.304228 0.0571544 0.0612351 0.0185529 -0.0178594 0.0172852 
0.0200852 -0.0209173 0.03951 0.0315192 -0.0342889 0.0255063 -0.308818 0.0326085 0.0809254 
0.0460177 -0.0537763 0.0559522 0.0444855 -0.0507183 0.0337274 0.0574517 -0.0671478 0.0419485 
-0.326374 0.024492 0.0923945 -0.34393 0.0163756 0.103864 0.0719502 -0.0866352 0.0723944 
0.070418 -0.0835773 0.0501696 0.0833843 -0.100007 0.0583907 -0.330964 -5.38974e-05 0.112085 
-0.300441 -0.00836692 0.108837 -0.298909 -0.0114248 0.131061 -0.287475 -0.0247964 0.117058 
0.0978827 -0.119494 0.0888365 0.0963505 -0.116436 0.0666118 0.109317 -0.132866 0.0748329 
-0.274509 -0.0412259 0.125279 -0.272976 -0.0442838 0.147504 -0.261542 -0.0576553 0.1335 
0.104727 -0.157412 0.0945231 -0.248576 -0.0740848 0.141721 -0.247044 -0.0771427 0.163946 
-0.23561 -0.0905143 0.149942 0.027658 -0.15196 0.134713 0.00856963 -0.157018 0.123958 
0.0261258 -0.148902 0.112488 0.0566483 -0.157215 0.10924 0.0581805 -0.160273 0.131465 
0.0871707 -0.165528 0.105992 0.0887029 -0.168586 0.128217 -0.251634 -0.101689 0.183636 
-0.2402 -0.11506 0.169632 -0.0379768 -0.15988 0.1609 -0.0570652 -0.164938 0.150144 
-0.039509 -0.156822 0.138675 -0.00898654 -0.165135 0.135427 -0.00745433 -0.168193 0.157652 
-0.227234 -0.13149 0.177854 -0.225701 -0.134548 0.200078 -0.214267 -0.147919 0.186075 
-0.0730891 -0.176113 0.183838 -0.0921775 -0.181171 0.173082 -0.0746213 -0.173055 0.161613 
-0.201301 -0.164349 0.194296 -0.199769 -0.167407 0.21652 -0.188335 -0.180778 0.202517 
-0.138724 -0.184033 0.210024 -0.157812 -0.189091 0.199269 -0.140256 -0.180975 0.1878 
-0.109734 -0.189288 0.184551 -0.108201 -0.192346 0.206776 -0.175368 -0.197208 0.210738 
-0.279024 0.117421 -0.0118393 -0.280556 0.120479 -0.034064 -0.298112 0.112362 -0.0225949 
-0.250034 0.112165 -0.0373121 -0.219511 0.103852 -0.0405602 -0.188989 0.0955394 -0.0438083 
-0.158466 0.0872264 -0.0470563 -0.127944 0.0789134 -0.0503044 -0.0958892 0.0675425 -0.0313277 
-0.0974214 0.0706004 -0.0535525 -0.0844551 0.0541709 -0.0453314 -0.314136 0.101188 0.011099 
-0.315668 0.104246 -0.0111257 -0.333225 0.0961292 0.000343442 -0.0699567 0.0346835 -0.0148856 
-0.0714889 0.0377414 -0.0371103 -0.0394342 0.0263705 -0.0181336 -0.0409664 0.0294284 -0.0403584 
-0.0280002 0.012999 -0.0321373 -0.318726 0.0766418 0.0307893 -0.320258 0.0796997 0.00856453 
-0.307292 0.0632702 0.0167856 -0.0150339 -0.00343051 -0.0239162 -0.00206766 -0.01986 -0.0156951 
-0.311882 0.0387243 0.0364759 0.0108986 -0.0362895 -0.007474 0.0238649 -0.0527189 0.000747102 
-0.316472 0.0141784 0.0561661 0.0368311 -0.0691484 0.00896819 0.0688858 -0.0805193 0.0279449 
0.0673536 -0.0774614 0.00572012 0.0994082 -0.0888324 0.0246968 0.097876 -0.0857744 0.00247205 
0.110842 -0.102204 0.0106931 -0.332496 0.00300403 0.08986 -0.321062 -0.0103675 0.0758564 
0.0948183 -0.113378 0.0443871 0.106252 -0.12675 0.0303834 -0.308096 -0.026797 0.0840775 
-0.295129 -0.0432265 0.0922986 0.101662 -0.151296 0.0500737 -0.282163 -0.0596559 0.10052 
-0.269197 -0.0760854 0.108741 0.0245936 -0.145844 0.0902637 0.0055052 -0.150903 0.0795081 
0.0230614 -0.142786 0.068039 0.0535838 -0.151099 0.0647909 0.055116 -0.154157 0.0870156 
0.0841063 -0.159412 0.0615428 0.0856385 -0.16247 0.0837676 -0.25623 -0.0925149 0.116962 
-0.243264 -0.108944 0.125183 -0.0105188 -0.162077 0.113202 -0.0296072 -0.167135 0.102446 
-0.012051 -0.159019 0.0909773 -0.230298 -0.125374 0.133404 -0.228766 -0.128432 0.155629 
-0.217332 -0.141803 0.141625 -0.0647195 -0.183368 0.125385 -0.0471633 -0.175252 0.113916 
-0.204365 -0.158233 0.149846 -0.202833 -0.161291 0.172071 -0.191399 -0.174662 0.158067 
-0.111266 -0.18623 0.162327 -0.130354 -0.191288 0.151571 -0.112798 -0.183172 0.140102 
-0.0822757 -0.191485 0.136854 -0.178433 -0.191092 0.166288 -0.176901 -0.19415 0.188513 
-0.14791 -0.199405 0.16304 -0.251566 0.115223 -0.0595369 -0.253098 0.118281 -0.0817616 
-0.270654 0.110165 -0.0702924 -0.221043 0.10691 -0.0627849 -0.222576 0.109968 -0.0850097 
-0.190521 0.0985974 -0.066033 -0.192053 0.101655 -0.0882577 -0.179087 0.0852258 -0.0800367 
-0.28821 0.102048 -0.0588233 -0.305767 0.093932 -0.0473541 -0.166121 0.0687964 -0.0718156 
-0.135598 0.0604833 -0.0750636 -0.105076 0.0521703 -0.0783117 -0.0921095 0.0357409 -0.0700906 
-0.323323 0.0858156 -0.035885 -0.340879 0.0776991 -0.0244158 -0.0791432 0.0193114 -0.0618695 
-0.0486208 0.0109984 -0.0651176 -0.0165661 -0.000372587 -0.0461409 -0.0180984 0.00268534 -0.0683657 
-0.00513209 -0.0137441 -0.0601446 -0.327913 0.0612696 -0.0161947 -0.314946 0.0448402 -0.0079736 
0.00936639 -0.0332315 -0.0296987 0.00783417 -0.0301736 -0.0519235 0.0208004 -0.0466031 -0.0437024 
-0.319536 0.0202943 0.0117167 0.0352989 -0.0660905 -0.0132566 0.0337667 -0.0630325 -0.0354813 
0.0658214 -0.0744035 -0.0165046 0.0642891 -0.0713456 -0.0387294 0.0963438 -0.0827165 -0.0197527 
0.0948116 -0.0796586 -0.0419774 0.107778 -0.0960881 -0.0337563 -0.33556 0.00911988 0.0454106 
-0.337092 0.0121778 0.0231858 -0.354649 0.00406136 0.034655 0.122276 -0.115575 -0.00331051 
0.120744 -0.112518 -0.0255352 0.13371 -0.128947 -0.0173142 -0.341682 -0.0123681 0.0428761 
-0.31116 -0.0206811 0.039628 -0.309628 -0.0237391 0.0618527 -0.298194 -0.0371106 0.0478491 
0.117686 -0.140121 0.0163798 0.12912 -0.153493 0.0023761 -0.285227 -0.0535401 0.0560702 
-0.283695 -0.056598 0.0782949 -0.272261 -0.0699695 0.0642913 0.0215292 -0.139728 0.0458142 
0.00244077 -0.144787 0.0350586 0.019997 -0.13667 0.0235895 0.0505194 -0.144983 0.0203414 
0.0520516 -0.148041 0.0425662 0.0810418 -0.153296 0.0170933 0.0825741 -0.156354 0.0393181 
0.111564 -0.161609 0.0138453 -0.259295 -0.086399 0.0725124 -0.257763 -0.0894569 0.0947371 
-0.246329 -0.102828 0.0807335 -0.0135832 -0.155961 0.0687525 -0.0326716 -0.16102 0.057997 
-0.0151154 -0.152903 0.0465278 -0.233362 -0.119258 0.0889546 -0.23183 -0.122316 0.111179 
-0.220396 -0.135687 0.0971757 -0.0486955 -0.172194 0.0916909 -0.0677839 -0.177253 0.0809353 
-0.0502278 -0.169136 0.0694661 -0.20743 -0.152117 0.105397 -0.205898 -0.155175 0.127622 
-0.194464 -0.168546 0.113618 -0.0838079 -0.188427 0.114629 -0.102896 -0.193485 0.103874 
-0.0853401 -0.185369 0.0924045 -0.181497 -0.184976 0.121839 -0.179965 -0.188034 0.144064 
-0.150975 -0.193289 0.118591 -0.149443 -0.196347 0.140816 -0.120452 -0.201602 0.115343 
-0.260752 0.0998513 -0.106521 -0.278309 0.0917348 -0.0950517 -0.23023 0.0915383 -0.109769 
-0.199707 0.0832252 -0.113017 -0.167653 0.0718543 -0.0940403 -0.169185 0.0749122 -0.116265 
-0.156219 0.0584828 -0.108044 -0.295865 0.0836184 -0.0835825 -0.313421 0.0755019 -0.0721133 
-0.143253 0.0420533 -0.0998229 -0.11273 0.0337403 -0.103071 -0.0806754 0.0223693 -0.0840943 
-0.0822077 0.0254272 -0.106319 -0.050153 0.0140563 -0.0873423 -0.0516852 0.0171142 -0.109567 
-0.0196306 0.00574326 -0.0905904 -0.0211628 0.00880119 -0.112815 0.0108919 -0.00256976 -0.0938385 
0.00935966 0.000488168 -0.116063 0.0223259 -0.0159413 -0.107842 -0.329445 0.0643276 -0.0384194 
-0.318011 0.050956 -0.0524231 0.00630196 -0.0271157 -0.0741482 0.017736 -0.0404872 -0.0881519 
-0.322601 0.0264101 -0.0327328 0.0322345 -0.0599746 -0.057706 0.0307023 -0.0569167 -0.0799308 
0.0627569 -0.0682876 -0.0609541 0.0612247 -0.0652297 -0.0831788 0.0932794 -0.0766007 -0.0642022 
0.0917471 -0.0735427 -0.0864269 0.123802 -0.0849137 -0.0674502 0.12227 -0.0818558 -0.089675 
0.135236 -0.0982852 -0.0814539 -0.338625 0.0152357 0.00096108 -0.340157 0.0182937 -0.0212637 
-0.357713 0.0101772 -0.0097945 0.119212 -0.10946 -0.04776 0.130646 -0.122831 -0.0617636 
-0.343215 -0.00931018 0.0206513 -0.344747 -0.00625225 -0.00157341 -0.331781 -0.0226817 0.00664769 
0.126056 -0.147377 -0.0420734 -0.318814 -0.0391112 0.0148688 -0.305848 -0.0555407 0.0230899 
0.0489872 -0.141925 -0.00188333 0.0298988 -0.146984 -0.0126389 0.047455 -0.138867 -0.0241081 
0.0604212 -0.155297 -0.015887 0.110032 -0.158551 -0.00837947 0.0909437 -0.16361 -0.0191351 
0.1085 -0.155494 -0.0306042 -0.292882 -0.0719701 0.031311 -0.279916 -0.0883996 0.0395321 
-0.00521357 -0.163217 0.0102994 0.0123426 -0.1551 -0.00116975 0.0733875 -0.171726 -0.00766589 
-0.266949 -0.104829 0.0477532 -0.253983 -0.121259 0.0559742 -0.0403259 -0.17945 0.0332377 
-0.0227697 -0.171333 0.0217686 -0.241017 -0.137688 0.0641953 -0.22805 -0.154117 0.0724164 
-0.0754383 -0.195683 0.0561761 -0.0578821 -0.187566 0.0447069 -0.215084 -0.170547 0.0806375 
-0.184562 -0.17886 0.0773895 -0.18303 -0.181918 0.0996142 -0.154039 -0.187173 0.0741414 
-0.152507 -0.190231 0.0963661 -0.123517 -0.195486 0.0708933 -0.121985 -0.198544 0.0931181 
-0.0929945 -0.203799 0.0676452 -0.20124 0.0862832 -0.135242 -0.202772 0.0893411 -0.157466 
-0.220328 0.0812246 -0.145997 -0.189806 0.0729116 -0.149245 -0.268407 0.0814212 -0.13128 
-0.285963 0.0733048 -0.119811 -0.237884 0.0731082 -0.134528 -0.176839 0.0564822 -0.141024 
-0.163873 0.0400527 -0.132803 -0.303519 0.0651883 -0.108342 -0.321075 0.0570719 -0.0968726 
-0.150907 0.0236232 -0.124582 -0.120384 0.0153102 -0.12783 -0.089862 0.00699717 -0.131078 
-0.0593396 -0.00131585 -0.134326 -0.0288171 -0.00962887 -0.137574 0.00170531 -0.0179419 -0.140822 
0.03376 -0.0293128 -0.121846 0.0322278 -0.0262549 -0.144071 0.0642824 -0.0376259 -0.125094 
0.0627502 -0.0345679 -0.147319 0.0757165 -0.0509974 -0.139097 -0.325665 0.032526 -0.0771823 
0.0291701 -0.0538588 -0.102156 0.0596925 -0.0621718 -0.105404 0.0886827 -0.0674269 -0.130876 
0.0902149 -0.0704848 -0.108652 0.120737 -0.0787978 -0.1119 0.119205 -0.0757399 -0.134124 
0.15126 -0.0871108 -0.115148 0.149728 -0.0840529 -0.137373 0.162694 -0.100482 -0.129151 
-0.341689 0.0213516 -0.0434884 -0.343221 0.0244095 -0.0657131 -0.360778 0.0162931 -0.054244 
0.14667 -0.111657 -0.0954576 0.158104 -0.125028 -0.109461 -0.376801 0.0051187 -0.0205501 
-0.378334 0.00817662 -0.0427748 -0.39589 6.01733e-05 -0.0313057 0.14208 -0.136203 -0.0757673 
0.153514 -0.149574 -0.0897709 -0.382924 -0.0163693 -0.0230846 -0.352401 -0.0246823 -0.0263326 
-0.321879 -0.0329953 -0.0295807 -0.320347 -0.0360533 -0.00735597 -0.308912 -0.0494248 -0.0213596 
0.0459228 -0.13581 -0.0463328 0.0268344 -0.140868 -0.0570884 0.0443905 -0.132752 -0.0685576 
0.074913 -0.141065 -0.0718056 0.0764452 -0.144123 -0.0495809 0.0878792 -0.157494 -0.0635845 
0.118402 -0.165807 -0.0668326 0.135958 -0.157691 -0.0783018 -0.295946 -0.0658543 -0.0131385 
-0.294414 -0.0689122 0.00908623 -0.28298 -0.0822837 -0.00491742 0.0108104 -0.152042 -0.0233945 
-0.008278 -0.157101 -0.0341501 0.00927818 -0.148985 -0.0456192 0.0718553 -0.168668 -0.0298906 
0.100846 -0.173924 -0.0553635 -0.270014 -0.0987132 0.00330367 -0.268481 -0.101771 0.0255284 
-0.257047 -0.115143 0.0115248 -0.024302 -0.168275 -0.000456158 -0.0433904 -0.173334 -0.0112117 
-0.0258342 -0.165217 -0.0226809 -0.244081 -0.131572 0.0197459 -0.242549 -0.13463 0.0419706 
-0.231115 -0.148002 0.0279669 -0.0594143 -0.184508 0.0224822 -0.0785027 -0.189567 0.0117266 
-0.0609465 -0.18145 0.000257428 -0.218149 -0.164431 0.036188 -0.216616 -0.167489 0.0584128 
-0.205182 -0.180861 0.0444091 -0.0945267 -0.200741 0.0454205 -0.113615 -0.2058 0.0346649 
-0.0960589 -0.197683 0.0231958 -0.192216 -0.19729 0.0526302 -0.161694 -0.205603 0.0493822 
-0.131171 -0.213916 0.0461341 -0.239417 0.0761661 -0.156753 -0.240949 0.079224 -0.178978 
-0.258505 0.0711076 -0.167508 -0.210426 0.070911 -0.182226 -0.178372 0.0595401 -0.163249 
-0.179904 0.062598 -0.185474 -0.166938 0.0461685 -0.177253 -0.276061 0.0629911 -0.156039 
-0.293617 0.0548747 -0.14457 -0.152439 0.0266811 -0.146807 -0.153971 0.0297391 -0.169032 
-0.121917 0.0183681 -0.150055 -0.123449 0.021426 -0.17228 -0.0913942 0.0100551 -0.153303 
-0.0929264 0.013113 -0.175528 -0.0608718 0.00174207 -0.156551 -0.062404 0.0048 -0.178776 
-0.0303493 -0.00657095 -0.159799 -0.0318816 -0.00351302 -0.182024 0.000173097 -0.014884 -0.163047 
-0.00135912 -0.011826 -0.185272 0.0306955 -0.023197 -0.166295 0.0291633 -0.0201391 -0.18852 
0.061218 -0.03151 -0.169543 0.0596858 -0.0284521 -0.191768 0.0917404 -0.039823 -0.172791 
0.0902082 -0.0367651 -0.195016 0.122263 -0.0481361 -0.176039 0.120731 -0.0450781 -0.198264 
0.133697 -0.0615076 -0.190043 -0.311173 0.0467583 -0.133101 -0.32873 0.0386418 -0.121632 
0.0871505 -0.064369 -0.153101 0.117673 -0.072682 -0.156349 0.146663 -0.0779371 -0.181822 
0.148195 -0.080995 -0.159597 0.178718 -0.089308 -0.162845 0.177186 -0.0862501 -0.18507 
0.190152 -0.10268 -0.176849 -0.33332 0.0140959 -0.101942 0.174128 -0.113854 -0.143155 
0.185562 -0.127225 -0.157159 -0.349343 0.00292152 -0.0682476 -0.337909 -0.01045 -0.0822513 
0.169538 -0.1384 -0.123465 0.180972 -0.151771 -0.137469 -0.384456 -0.0133114 -0.0453093 
-0.373022 -0.0266829 -0.059313 -0.355466 -0.0185665 -0.0707821 0.0428583 -0.129694 -0.0907823 
0.0237699 -0.134752 -0.101538 0.0413261 -0.126636 -0.113007 0.0718485 -0.134949 -0.116255 
0.0733808 -0.138007 -0.0940304 0.102371 -0.143262 -0.119503 0.103903 -0.14632 -0.0972784 
0.132893 -0.151575 -0.122751 0.134426 -0.154633 -0.100527 0.163416 -0.159888 -0.125999 
-0.360056 -0.0431124 -0.0510919 -0.329533 -0.0514254 -0.0543399 -0.299011 -0.0597384 -0.057588 
-0.297478 -0.0627964 -0.0353633 -0.286044 -0.0761679 -0.0493669 0.00774596 -0.145927 -0.067844 
-0.0113424 -0.150985 -0.0785995 0.00621375 -0.142869 -0.0900687 0.0993133 -0.170866 -0.0775882 
-0.273078 -0.0925974 -0.0411458 -0.271546 -0.0956553 -0.0189211 -0.260112 -0.109027 -0.0329247 
-0.0273664 -0.162159 -0.0449056 -0.0464548 -0.167218 -0.0556612 -0.0288986 -0.159102 -0.0671304 
-0.247146 -0.125456 -0.0247036 -0.245613 -0.128514 -0.00247889 -0.216623 -0.133769 -0.0279517 
-0.215091 -0.136827 -0.00572696 -0.203657 -0.150199 -0.0197306 -0.0624787 -0.178392 -0.0219673 
-0.0815671 -0.183451 -0.0327229 -0.064011 -0.175334 -0.0441921 -0.219681 -0.161373 0.0139633 
-0.190691 -0.166628 -0.0115095 -0.189158 -0.169686 0.0107152 -0.160168 -0.174941 -0.0147576 
-0.158636 -0.177999 0.00746715 -0.129646 -0.183254 -0.0180057 -0.128114 -0.186312 0.00421908 
-0.0991233 -0.191567 -0.0212537 -0.0975911 -0.194625 0.000971009 -0.193748 -0.194232 0.0304055 
-0.163226 -0.202545 0.0271574 -0.132703 -0.210858 0.0239093 -0.211959 0.073969 -0.20445 
-0.213491 0.0770269 -0.226675 -0.231047 0.0689104 -0.215206 -0.200524 0.0605974 -0.218454 
-0.248603 0.060794 -0.203737 -0.266159 0.0526775 -0.192268 -0.187558 0.0441679 -0.210233 
-0.155504 0.032797 -0.191256 -0.157036 0.0358549 -0.213481 -0.124981 0.024484 -0.194504 
-0.126513 0.0275419 -0.216729 -0.113547 0.0111124 -0.208508 -0.0334138 -0.0004551 -0.204249 
-0.034946 0.00260283 -0.226473 -0.0525022 -0.00551362 -0.215004 -0.00289133 -0.00876812 -0.207497 
-0.00442355 -0.00571019 -0.229721 0.0276311 -0.0170811 -0.210745 0.0260989 -0.0140232 -0.232969 
0.0581536 -0.0253942 -0.213993 0.0566213 -0.0223362 -0.236218 0.088676 -0.0337072 -0.217241 
0.0871438 -0.0306493 -0.239466 0.119198 -0.0420202 -0.220489 0.117666 -0.0389623 -0.242714 
0.149721 -0.0503332 -0.223737 0.148189 -0.0472753 -0.245962 0.180243 -0.0586463 -0.226985 
0.178711 -0.0555883 -0.24921 0.191677 -0.0720178 -0.240989 -0.283715 0.0445611 -0.180799 
-0.301272 0.0364446 -0.169329 -0.100581 -0.00531704 -0.200287 -0.0700583 -0.0136301 -0.203535 
0.145131 -0.0748792 -0.204047 0.175653 -0.0831922 -0.207295 0.187087 -0.0965637 -0.221298 
-0.318828 0.0283282 -0.15786 -0.336384 0.0202117 -0.146391 0.201586 -0.116051 -0.190853 
0.200054 -0.112993 -0.213077 0.21302 -0.129423 -0.204856 -0.340974 -0.00433417 -0.126701 
0.177908 -0.145656 -0.181918 0.195464 -0.137539 -0.193387 -0.345564 -0.0288801 -0.107011 
0.0397939 -0.123578 -0.135232 0.0207055 -0.128636 -0.145987 0.0382617 -0.12052 -0.157457 
0.0687841 -0.128833 -0.160705 0.0703163 -0.131891 -0.13848 0.0993066 -0.137146 -0.163953 
0.100839 -0.140204 -0.141728 0.129829 -0.145459 -0.167201 0.131361 -0.148517 -0.144976 
0.160351 -0.153772 -0.170449 0.161884 -0.15683 -0.148224 -0.361588 -0.0400545 -0.0733166 
-0.332597 -0.0453096 -0.0987894 -0.331065 -0.0483675 -0.0765647 -0.319631 -0.061739 -0.0905683 
0.00468153 -0.139811 -0.112293 -0.0144069 -0.144869 -0.123049 0.00314932 -0.136753 -0.134518 
-0.306665 -0.0781685 -0.0823472 -0.276143 -0.0864815 -0.0855953 -0.27461 -0.0895394 -0.0633706 
-0.263176 -0.102911 -0.0773742 -0.0304308 -0.156044 -0.0893551 -0.0495192 -0.161102 -0.100111 
-0.031963 -0.152986 -0.11158 -0.25021 -0.11934 -0.0691531 -0.248678 -0.122398 -0.0469284 
-0.219688 -0.127653 -0.0724012 -0.218155 -0.130711 -0.0501764 -0.206721 -0.144083 -0.0641801 
-0.0655432 -0.172277 -0.0664168 -0.0846316 -0.177335 -0.0771724 -0.0670754 -0.169219 -0.0886415 
-0.193755 -0.160512 -0.055959 -0.192223 -0.16357 -0.0337343 -0.163233 -0.168825 -0.0592071 
-0.1617 -0.171883 -0.0369823 -0.13271 -0.177138 -0.0624551 -0.131178 -0.180196 -0.0402304 
-0.102188 -0.185451 -0.0657032 -0.100656 -0.188509 -0.0434785 -0.221145 0.0585968 -0.251434 
-0.238701 0.0504804 -0.239965 -0.18909 0.0472259 -0.232458 -0.190623 0.0502838 -0.254682 
-0.158568 0.0389128 -0.235706 -0.1601 0.0419708 -0.257931 -0.128046 0.0305998 -0.238954 
-0.129578 0.0336577 -0.261179 -0.116611 0.0172283 -0.252957 -0.0364782 0.00566076 -0.248698 
-0.0380104 0.00871868 -0.270923 -0.0555666 0.000602237 -0.259454 -0.00595576 -0.00265227 -0.251946 
-0.00748798 0.000405659 -0.274171 0.0245667 -0.0109653 -0.255194 0.0230345 -0.00790736 -0.277419 
0.0550891 -0.0192783 -0.258442 0.0535569 -0.0162204 -0.280667 0.0856116 -0.0275913 -0.26169 
0.0840793 -0.0245334 -0.283915 0.116134 -0.0359044 -0.264938 0.114602 -0.0328464 -0.287163 
0.146656 -0.0442174 -0.268187 0.145124 -0.0411595 -0.290411 0.177179 -0.0525304 -0.271435 
0.175647 -0.0494725 -0.293659 0.207701 -0.0608434 -0.274683 0.206169 -0.0577855 -0.296907 
0.219135 -0.074215 -0.288686 -0.256257 0.0423639 -0.228496 -0.273814 0.0342475 -0.217027 
-0.102113 -0.00225912 -0.222512 -0.103645 0.00079881 -0.244736 -0.0715906 -0.0105721 -0.22576 
-0.0731228 -0.00751421 -0.247984 0.203111 -0.0853893 -0.254992 0.232102 -0.0906444 -0.280465 
0.233634 -0.0937024 -0.25824 0.245068 -0.107074 -0.272244 -0.29137 0.026131 -0.205558 
-0.308926 0.0180146 -0.194089 0.198522 -0.109935 -0.235302 0.229044 -0.118248 -0.23855 
0.240478 -0.13162 -0.252554 -0.32495 0.00684021 -0.160395 -0.313516 -0.00653134 -0.174398 
0.222922 -0.139736 -0.241085 0.205366 -0.147853 -0.229616 -0.331072 -0.0146478 -0.162929 
-0.348628 -0.0227642 -0.15146 0.0977744 -0.134088 -0.186177 0.0786859 -0.139147 -0.196933 
0.0962421 -0.13103 -0.208402 0.126765 -0.139343 -0.21165 0.128297 -0.142401 -0.189425 
0.157287 -0.147656 -0.214898 0.158819 -0.150714 -0.192674 0.187809 -0.155969 -0.218146 
-0.353218 -0.0473101 -0.13177 0.0016171 -0.133695 -0.156743 -0.0174713 -0.138753 -0.167499 
8.48896e-05 -0.130637 -0.178968 0.0306073 -0.13895 -0.182216 0.0611298 -0.147263 -0.185464 
-0.340252 -0.0637396 -0.123549 -0.309729 -0.0720526 -0.126797 -0.308197 -0.0751106 -0.104572 
-0.296763 -0.0884821 -0.118576 -0.0334953 -0.149928 -0.133805 -0.0525836 -0.154986 -0.14456 
-0.0350275 -0.14687 -0.156029 -0.283797 -0.104912 -0.110355 -0.253274 -0.113225 -0.113603 
-0.251742 -0.116283 -0.0913779 -0.240308 -0.129654 -0.105381 -0.0686076 -0.166161 -0.110866 
-0.087696 -0.171219 -0.121622 -0.0701398 -0.163103 -0.133091 -0.227342 -0.146084 -0.0971604 
-0.196819 -0.154397 -0.100408 -0.195287 -0.157454 -0.0781837 -0.166297 -0.16271 -0.103657 
-0.164765 -0.165767 -0.0814318 -0.135775 -0.171023 -0.106905 -0.134242 -0.174081 -0.0846799 
-0.105252 -0.179336 -0.110153 -0.10372 -0.182394 -0.087928 0.270272 -0.0468077 -0.345319 
0.268739 -0.0437498 -0.367543 0.251183 -0.0518662 -0.356074 0.281706 -0.0601792 -0.359322 
-0.222677 0.0616547 -0.273659 -0.224209 0.0647127 -0.295884 -0.241766 0.0565962 -0.284415 
-0.192155 0.0533417 -0.276907 -0.193687 0.0563996 -0.299132 -0.161632 0.0450287 -0.280155 
-0.163165 0.0480866 -0.30238 -0.13111 0.0367157 -0.283403 -0.132642 0.0397736 -0.305628 
-0.100588 0.0284026 -0.286651 -0.10212 0.0314606 -0.308876 -0.0700651 0.0200896 -0.289899 
-0.0715973 0.0231476 -0.312124 -0.0395426 0.0117766 -0.293148 -0.0410748 0.0148345 -0.315372 
-0.00902019 0.00346359 -0.296396 -0.0105524 0.00652151 -0.31862 0.0215022 -0.00484944 -0.299644 
0.01997 -0.00179151 -0.321868 0.0520247 -0.0131625 -0.302892 0.0504925 -0.0101045 -0.325117 
0.0825471 -0.0214755 -0.30614 0.0810149 -0.0184176 -0.328365 0.11307 -0.0297885 -0.309388 
0.111537 -0.0267306 -0.331613 0.143592 -0.0381015 -0.312636 0.14206 -0.0350436 -0.334861 
0.174114 -0.0464146 -0.315884 0.172582 -0.0433566 -0.338109 0.204637 -0.0547276 -0.319132 
0.203105 -0.0516696 -0.341357 0.235159 -0.0630406 -0.32238 0.233627 -0.0599827 -0.344605 
0.265682 -0.0713536 -0.325628 0.277116 -0.0847251 -0.339632 -0.246356 0.0320503 -0.264724 
-0.105177 0.00385674 -0.266961 -0.074655 -0.00445629 -0.270209 0.230569 -0.0875865 -0.30269 
0.261092 -0.0958995 -0.305938 0.272526 -0.109271 -0.319942 -0.263912 0.0239339 -0.253255 
-0.281468 0.0158174 -0.241786 0.256502 -0.120445 -0.286248 0.267936 -0.133817 -0.300251 
-0.299024 0.00770096 -0.230317 -0.31658 -0.000415485 -0.218848 0.251912 -0.144991 -0.266558 
0.263346 -0.158363 -0.280561 -0.32117 -0.0249614 -0.199158 0.0641875 -0.119659 -0.227379 
0.0450991 -0.124718 -0.238134 0.0626553 -0.116601 -0.249604 0.0931777 -0.124914 -0.252852 
0.0947099 -0.127972 -0.230627 0.1237 -0.133227 -0.2561 0.125232 -0.136285 -0.233875 
0.154223 -0.14154 -0.259348 0.155755 -0.144598 -0.237123 0.184745 -0.149853 -0.262596 
0.186277 -0.152911 -0.240371 0.215267 -0.158166 -0.265844 0.24579 -0.166479 -0.269092 
-0.338726 -0.0330778 -0.187688 -0.356283 -0.0411943 -0.176219 0.0290751 -0.135892 -0.20444 
0.00998672 -0.140951 -0.215196 0.0275429 -0.132834 -0.226665 0.0595976 -0.144205 -0.207689 
-0.343316 -0.0576238 -0.167998 -0.341784 -0.0606817 -0.145773 -0.312794 -0.0659368 -0.171246 
-0.311262 -0.0689947 -0.149021 -0.299828 -0.0823663 -0.163025 -0.0365597 -0.143812 -0.178254 
-0.0556481 -0.14887 -0.18901 -0.0380919 -0.140754 -0.200479 -0.00756945 -0.149067 -0.203727 
-0.286861 -0.0987957 -0.154804 -0.285329 -0.101854 -0.132579 -0.256339 -0.107109 -0.158052 
-0.254807 -0.110167 -0.135827 -0.243373 -0.123538 -0.149831 -0.071672 -0.160045 -0.155316 
-0.0907604 -0.165103 -0.166071 -0.0732042 -0.156987 -0.177541 -0.230406 -0.139968 -0.14161 
-0.228874 -0.143026 -0.119385 -0.199884 -0.148281 -0.144858 -0.198352 -0.151339 -0.122633 
-0.169361 -0.156594 -0.148106 -0.167829 -0.159652 -0.125881 -0.138839 -0.164907 -0.151354 
-0.137307 -0.167965 -0.129129 -0.108317 -0.17322 -0.154602 -0.106784 -0.176278 -0.132377 
0.177247 0.164382 -0.514608 0.175715 0.16744 -0.536832 0.158159 0.159323 -0.525363 
0.207769 0.156069 -0.517856 0.206237 0.159127 -0.54008 0.238292 0.147756 -0.521104 
0.23676 0.150814 -0.543328 0.268814 0.139443 -0.524352 0.267282 0.142501 -0.546576 
0.280248 0.126071 -0.538355 0.142135 0.148149 -0.491669 0.140602 0.151207 -0.513894 
0.123046 0.14309 -0.502425 0.172657 0.139836 -0.494917 0.203179 0.131523 -0.498165 
0.233702 0.12321 -0.501413 0.264224 0.114897 -0.504662 0.293214 0.109642 -0.530134 
0.294747 0.106584 -0.50791 0.325269 0.0982706 -0.511158 0.323737 0.101329 -0.533382 
0.336703 0.0848991 -0.525161 0.136012 0.126661 -0.494204 0.148979 0.110231 -0.485983 
0.168067 0.11529 -0.475227 0.19859 0.106977 -0.478475 0.229112 0.0986638 -0.481723 
0.259634 0.0903507 -0.484971 0.290157 0.0820377 -0.488219 0.320679 0.0737247 -0.491467 
0.34967 0.0684696 -0.51694 0.351202 0.0654117 -0.494715 0.381724 0.0570986 -0.497964 
0.380192 0.0601566 -0.520188 0.412247 0.0487856 -0.501212 0.410714 0.0518436 -0.523436 
0.423681 0.0354141 -0.515215 0.161945 0.0938018 -0.477762 0.174911 0.0773724 -0.46954 
0.194 0.0824309 -0.458785 0.224522 0.0741178 -0.462033 0.255044 0.0658048 -0.465281 
0.285567 0.0574918 -0.468529 0.316089 0.0491788 -0.471777 0.346612 0.0408658 -0.475025 
0.377134 0.0325527 -0.478273 0.388568 0.0191812 -0.492277 0.406124 0.0272976 -0.503746 
0.187877 0.0609429 -0.461319 0.200844 0.0445134 -0.453098 0.219932 0.0495719 -0.442343 
0.250455 0.0412589 -0.445591 0.280977 0.0329459 -0.448839 0.311499 0.0246329 -0.452087 
0.342022 0.0163198 -0.455335 0.353456 0.0029483 -0.469339 0.371012 0.0110648 -0.480808 
0.215342 0.025026 -0.422652 0.196254 0.0199675 -0.433408 0.245865 0.016713 -0.4259 
0.276387 0.00839998 -0.429149 0.30691 8.69524e-05 -0.432397 0.337432 -0.00822608 -0.435645 
0.348866 -0.0215976 -0.449648 0.0276176 0.0503582 -0.383474 0.0260854 0.0534162 -0.405698 
0.00852925 0.0452997 -0.394229 0.0581401 0.0420452 -0.386722 0.0566079 0.0451031 -0.408947 
0.0695741 0.0286737 -0.400725 0.210752 0.000480103 -0.402962 0.191664 -0.00457842 -0.413718 
0.241275 -0.00783292 -0.40621 0.271797 -0.0161459 -0.409458 0.30232 -0.024459 -0.412706 
0.332842 -0.032772 -0.415954 0.344276 -0.0461435 -0.429958 -0.00749471 0.0341253 -0.360535 
-0.00902692 0.0371833 -0.38276 -0.0265831 0.0290668 -0.371291 0.0230277 0.0258123 -0.363783 
0.0535502 0.0174993 -0.367032 0.0825404 0.0122442 -0.392504 0.0840726 0.00918628 -0.37028 
0.114595 0.000873252 -0.373528 0.113063 0.00393118 -0.395752 0.145117 -0.00743977 -0.376776 
0.143585 -0.00438184 -0.399 0.17564 -0.0157528 -0.380024 0.174108 -0.0126949 -0.402249 
0.206162 -0.0240658 -0.383272 0.236685 -0.0323788 -0.38652 0.267207 -0.0406919 -0.389768 
0.29773 -0.0490049 -0.393016 0.328252 -0.0573179 -0.396264 0.339686 -0.0706894 -0.410268 
-0.195219 0.0594576 -0.321357 -0.196751 0.0625155 -0.343581 -0.214308 0.054399 -0.332112 
-0.164697 0.0511445 -0.324605 -0.166229 0.0542025 -0.34683 -0.134174 0.0428315 -0.327853 
-0.135707 0.0458894 -0.350078 -0.103652 0.0345185 -0.331101 -0.105184 0.0375764 -0.353326 
-0.0731295 0.0262055 -0.334349 -0.0746617 0.0292634 -0.356574 -0.0426071 0.0178925 -0.337597 
-0.0441393 0.0209504 -0.359822 -0.0120846 0.00957942 -0.340845 0.0184378 0.00126641 -0.344093 
0.0489603 -0.00704662 -0.347341 0.0794827 -0.0153596 -0.350589 0.110005 -0.0236727 -0.353837 
0.140528 -0.0319857 -0.357085 0.17105 -0.0402987 -0.360334 0.201572 -0.0486117 -0.363582 
0.232095 -0.0569247 -0.36683 0.29314 -0.0735508 -0.373326 0.323662 -0.0818638 -0.376574 
0.335096 -0.0952354 -0.390578 -0.231864 0.0462826 -0.320643 -0.24942 0.0381661 -0.309174 
0.28855 -0.0980967 -0.353636 0.299984 -0.111468 -0.367639 0.31754 -0.103352 -0.379108 
-0.25401 0.0136202 -0.289484 0.28396 -0.122643 -0.333945 0.295394 -0.136014 -0.347949 
-0.271566 0.00550379 -0.278015 -0.289122 -0.00261266 -0.266545 0.260282 -0.152247 -0.325011 
0.277838 -0.144131 -0.33648 -0.306678 -0.0107291 -0.255076 -0.324235 -0.0188456 -0.243607 
0.061123 -0.113543 -0.271828 0.0420346 -0.118602 -0.282584 0.0595908 -0.110485 -0.294053 
0.0901133 -0.118798 -0.297301 0.0916455 -0.121856 -0.275076 0.120636 -0.127111 -0.300549 
0.122168 -0.130169 -0.278324 0.151158 -0.135424 -0.303797 0.15269 -0.138482 -0.281573 
0.181681 -0.143737 -0.307045 0.183213 -0.146795 -0.284821 0.212203 -0.15205 -0.310293 
0.213735 -0.155108 -0.288069 0.242725 -0.160364 -0.313541 0.244258 -0.163421 -0.291317 
-0.328825 -0.0433915 -0.223917 0.0260107 -0.129776 -0.24889 0.00692229 -0.134835 -0.259646 
0.0244785 -0.126718 -0.271115 -0.344848 -0.0545658 -0.190223 -0.315858 -0.0598209 -0.215696 
-0.314326 -0.0628789 -0.193471 -0.302892 -0.0762504 -0.207475 -0.00910167 -0.146009 -0.225952 
-0.0281901 -0.151068 -0.236707 -0.0106339 -0.142951 -0.248176 -0.289926 -0.0926799 -0.199254 
-0.288394 -0.0957378 -0.177029 -0.259403 -0.100993 -0.202502 -0.257871 -0.104051 -0.180277 
-0.246437 -0.117422 -0.19428 -0.0747365 -0.153929 -0.199765 -0.0938249 -0.158987 -0.210521 
-0.0762687 -0.150871 -0.22199 -0.0457462 -0.159184 -0.225238 -0.233471 -0.133852 -0.186059 
-0.231939 -0.13691 -0.163835 -0.202948 -0.142165 -0.189307 -0.201416 -0.145223 -0.167083 
-0.172426 -0.150478 -0.192556 -0.170894 -0.153536 -0.170331 -0.141903 -0.158791 -0.195804 
-0.140371 -0.161849 -0.173579 -0.111381 -0.167104 -0.199052 -0.109849 -0.170162 -0.176827 
0.13907 0.154265 -0.536119 0.137538 0.157323 -0.558343 0.119982 0.149206 -0.546874 
0.16806 0.14901 -0.561592 0.198583 0.140697 -0.56484 0.229105 0.132383 -0.568088 
0.259628 0.12407 -0.571336 0.272594 0.107641 -0.563115 0.103958 0.138032 -0.51318 
0.102426 0.14109 -0.535405 0.0848694 0.132973 -0.523936 0.28556 0.0912115 -0.554894 
0.316083 0.0828985 -0.558142 0.329049 0.066469 -0.549921 0.0688454 0.121799 -0.490242 
0.0673132 0.124857 -0.512467 0.049757 0.11674 -0.500998 0.0993678 0.113486 -0.49349 
0.12989 0.105173 -0.496738 0.342015 0.0500395 -0.541699 0.372538 0.0417265 -0.544948 
0.40306 0.0334135 -0.548196 0.416026 0.016984 -0.539975 0.0642555 0.0972529 -0.470552 
0.0451671 0.0921944 -0.481307 0.0947779 0.0889399 -0.4738 0.1253 0.0806268 -0.477048 
0.155823 0.0723138 -0.480296 0.400002 0.00580965 -0.506281 0.411436 -0.00756189 -0.520284 
0.0291431 0.08102 -0.447613 0.0276109 0.0840779 -0.469838 0.0100547 0.0759615 -0.458369 
0.0596656 0.072707 -0.450862 0.090188 0.064394 -0.45411 0.12071 0.0560809 -0.457358 
0.151233 0.0477679 -0.460606 0.181755 0.0394549 -0.463854 0.36489 -0.0104232 -0.483342 
0.395412 -0.0187363 -0.48659 0.406846 -0.0321078 -0.500594 -0.00596922 0.0647871 -0.424675 
-0.00750144 0.067845 -0.4469 -0.0250576 0.0597286 -0.435431 0.0245532 0.0564741 -0.427923 
0.0550757 0.0481611 -0.431171 0.0855981 0.039848 -0.434419 0.116121 0.031535 -0.437667 
0.146643 0.023222 -0.440915 0.177165 0.014909 -0.444164 0.3603 -0.0349692 -0.463652 
0.371734 -0.0483407 -0.477656 0.38929 -0.0402243 -0.489125 -0.163171 0.0818063 -0.388745 
-0.164704 0.0848642 -0.410969 -0.18226 0.0767478 -0.3995 -0.151737 0.0684348 -0.402748 
-0.071604 0.0568672 -0.398489 -0.0731362 0.0599252 -0.420713 -0.0906924 0.0518087 -0.409244 
-0.0410816 0.0485542 -0.401737 -0.0426138 0.0516121 -0.423962 -0.0105591 0.0402412 -0.404985 
0.0810082 0.0153021 -0.414729 0.111531 0.0069891 -0.417977 0.142053 -0.00132392 -0.421225 
0.172575 -0.00963694 -0.424473 0.35571 -0.0595151 -0.443962 0.367144 -0.0728866 -0.457965 
-0.198284 0.0655734 -0.365806 -0.199816 0.0686313 -0.388031 -0.217372 0.0605149 -0.376562 
-0.167761 0.0572604 -0.369054 -0.138771 0.0520053 -0.394527 -0.137239 0.0489474 -0.372302 
-0.106716 0.0406343 -0.37555 -0.108249 0.0436923 -0.397775 -0.0761939 0.0323213 -0.378798 
-0.0456715 0.0240083 -0.382047 0.332032 -0.0891195 -0.435027 0.349588 -0.0810031 -0.446496 
-0.221962 0.035969 -0.356872 0.327442 -0.113665 -0.415337 -0.239518 0.0278525 -0.345402 
-0.257074 0.0197361 -0.333933 0.250373 -0.108214 -0.375147 0.231285 -0.113272 -0.385902 
0.248841 -0.105156 -0.397371 0.261807 -0.121585 -0.38915 0.29233 -0.129898 -0.392398 
0.309886 -0.121782 -0.403868 -0.261664 -0.00480983 -0.314243 0.123693 -0.0995076 -0.342464 
0.104605 -0.104566 -0.35322 0.122161 -0.0964497 -0.364689 0.152684 -0.104763 -0.367937 
0.154216 -0.107821 -0.345712 0.183206 -0.113076 -0.371185 0.184738 -0.116134 -0.34896 
0.213729 -0.121389 -0.374433 0.215261 -0.124447 -0.352208 0.245783 -0.13276 -0.355456 
0.274773 -0.138015 -0.380929 0.276306 -0.141073 -0.358705 -0.27922 -0.0129263 -0.302774 
-0.296777 -0.0210427 -0.291305 0.0580586 -0.107427 -0.316278 0.0389702 -0.112486 -0.327033 
0.0565264 -0.10437 -0.338503 0.0870488 -0.112683 -0.341751 0.0885811 -0.11574 -0.319526 
0.119103 -0.124053 -0.322774 0.149626 -0.132367 -0.326022 0.180148 -0.14068 -0.32927 
0.210671 -0.148993 -0.332518 0.241193 -0.157306 -0.335766 -0.312801 -0.0322171 -0.257611 
-0.301367 -0.0455886 -0.271614 0.0229463 -0.12366 -0.293339 0.00385786 -0.128719 -0.304095 
0.021414 -0.120602 -0.315564 -0.31739 -0.056763 -0.23792 -0.2884 -0.0620181 -0.263393 
-0.286868 -0.065076 -0.241169 -0.275434 -0.0784476 -0.255172 -0.0121661 -0.139893 -0.270401 
-0.0312545 -0.144952 -0.281157 -0.0136983 -0.136835 -0.292626 -0.291458 -0.089622 -0.221478 
-0.262468 -0.094877 -0.246951 -0.260936 -0.097935 -0.224726 -0.231945 -0.10319 -0.250199 
-0.230413 -0.106248 -0.227974 -0.218979 -0.11962 -0.241978 -0.0778009 -0.147813 -0.244215 
-0.0968893 -0.152872 -0.25497 -0.0793331 -0.144755 -0.266439 -0.0488107 -0.153068 -0.269688 
-0.0472785 -0.156126 -0.247463 -0.235003 -0.130794 -0.208284 -0.206013 -0.136049 -0.233757 
-0.204481 -0.139107 -0.211532 -0.17549 -0.144362 -0.237005 -0.173958 -0.14742 -0.21478 
-0.144968 -0.152675 -0.240253 -0.143436 -0.155733 -0.218028 -0.114445 -0.160988 -0.243501 
-0.112913 -0.164046 -0.221276 0.100893 0.144148 -0.55763 0.0993611 0.147206 -0.579855 
0.0818049 0.139089 -0.568385 0.129884 0.138893 -0.583103 0.160406 0.130579 -0.586351 
0.190928 0.122266 -0.589599 0.221451 0.113953 -0.592847 0.253505 0.102582 -0.57387 
0.234417 0.097524 -0.584626 0.065781 0.127915 -0.534692 0.0642487 0.130973 -0.556916 
0.0466926 0.122856 -0.545447 0.247383 0.0810945 -0.576405 0.277906 0.0727815 -0.579653 
0.309961 0.0614105 -0.560676 0.290872 0.056352 -0.571432 0.0306686 0.111682 -0.511753 
0.0291364 0.11474 -0.533978 0.0115802 0.106623 -0.522509 0.303838 0.0399225 -0.563211 
0.334361 0.0316095 -0.566459 0.364883 0.0232965 -0.569707 0.396938 0.0119255 -0.55073 
0.37785 0.00686698 -0.561486 -0.00444374 0.0954489 -0.488815 -0.00597595 0.0985068 -0.51104 
-0.0235321 0.0903904 -0.49957 0.0260787 0.0871359 -0.492063 0.392348 -0.0126204 -0.53104 
0.37326 -0.0176789 -0.541795 -0.0395561 0.079216 -0.465876 -0.0410883 0.0822739 -0.488101 
-0.0586445 0.0741575 -0.476632 -0.00903365 0.070903 -0.469125 0.387758 -0.0371663 -0.511349 
0.36867 -0.0422248 -0.522105 -0.135713 0.0796091 -0.436442 -0.137246 0.0826671 -0.458667 
-0.154802 0.0745506 -0.447198 -0.105191 0.0712961 -0.43969 -0.106723 0.074354 -0.461915 
-0.0746685 0.0629831 -0.442938 -0.0762007 0.066041 -0.465163 -0.044146 0.0546701 -0.446186 
0.36408 -0.0667708 -0.502415 -0.172358 0.0664342 -0.435728 -0.189914 0.0583177 -0.424259 
-0.140303 0.0550632 -0.416752 -0.109781 0.0467502 -0.42 0.348056 -0.0779451 -0.468721 
0.328967 -0.0830037 -0.479477 0.346524 -0.0748872 -0.490946 -0.20747 0.0502013 -0.41279 
-0.225026 0.0420848 -0.401321 0.324378 -0.10755 -0.459786 -0.229616 0.0175389 -0.381631 
0.216786 -0.0937849 -0.416348 0.197698 -0.0988434 -0.427104 0.215254 -0.0907269 -0.438573 
0.245776 -0.0990399 -0.441821 0.247309 -0.102098 -0.419596 0.276299 -0.107353 -0.445069 
0.277831 -0.110411 -0.422844 0.306821 -0.115666 -0.448317 0.308354 -0.118724 -0.426092 
-0.247173 0.00942247 -0.370162 -0.264729 0.00130602 -0.358692 0.120629 -0.0933917 -0.386914 
0.101541 -0.0984503 -0.397669 0.119097 -0.0903338 -0.409138 0.149619 -0.0986468 -0.412386 
0.151151 -0.101705 -0.390162 0.180142 -0.10696 -0.415635 0.181674 -0.110018 -0.39341 
0.212196 -0.118331 -0.396658 0.273241 -0.134957 -0.403154 -0.269319 -0.0232399 -0.339002 
0.0549942 -0.101312 -0.360727 0.0359058 -0.10637 -0.371483 0.053462 -0.0982537 -0.382952 
0.0839844 -0.106567 -0.3862 0.0855166 -0.109625 -0.363975 -0.285343 -0.0344143 -0.305308 
-0.273909 -0.0477858 -0.319312 0.0198818 -0.117544 -0.337789 0.00079343 -0.122603 -0.348545 
0.0183496 -0.114487 -0.360014 -0.289932 -0.0589602 -0.285618 -0.278498 -0.0723317 -0.299622 
-0.0152305 -0.133777 -0.314851 -0.0343189 -0.138836 -0.325606 -0.0167627 -0.130719 -0.337075 
-0.265532 -0.0887612 -0.291401 -0.264 -0.0918191 -0.269176 -0.23501 -0.0970742 -0.294649 
-0.233478 -0.100132 -0.272424 -0.204487 -0.105387 -0.297897 -0.202955 -0.108445 -0.275672 
-0.191521 -0.121817 -0.289676 -0.0503429 -0.15001 -0.291912 -0.0694313 -0.155069 -0.302668 
-0.0518751 -0.146952 -0.314137 -0.207545 -0.132991 -0.255982 -0.178555 -0.138246 -0.281454 
-0.177023 -0.141304 -0.25923 -0.148032 -0.146559 -0.284703 -0.1465 -0.149617 -0.262478 
-0.11751 -0.154872 -0.287951 -0.115978 -0.15793 -0.265726 -0.0869875 -0.163185 -0.291199 
0.0917068 0.128775 -0.604614 0.0741506 0.120659 -0.593145 0.122229 0.120462 -0.607862 
0.152752 0.112149 -0.61111 0.184806 0.100778 -0.592133 0.165718 0.0957199 -0.602889 
0.215329 0.0924654 -0.595381 -0.00291825 0.126111 -0.552955 -0.00445046 0.129169 -0.575179 
-0.0220066 0.121052 -0.56371 0.0276042 0.117798 -0.556203 0.026072 0.120856 -0.578427 
0.0565944 0.112543 -0.581676 0.178684 0.0792905 -0.594668 0.209207 0.0709774 -0.597916 
0.241261 0.0596065 -0.578939 0.222173 0.0545479 -0.589695 0.271784 0.0512934 -0.582187 
-0.0380306 0.109878 -0.530016 -0.0395628 0.112936 -0.552241 -0.057119 0.104819 -0.540772 
-0.00750817 0.101565 -0.533264 0.235139 0.0381185 -0.581474 0.267194 0.0267475 -0.562497 
0.248105 0.021689 -0.573253 0.297716 0.0184345 -0.565745 0.328239 0.0101215 -0.568993 
0.358761 0.00180846 -0.572241 -0.073143 0.0936449 -0.507078 -0.0746752 0.0967028 -0.529303 
-0.0922313 0.0885863 -0.517834 -0.0426205 0.0853318 -0.510326 0.261072 0.00525955 -0.565032 
0.293126 -0.00611141 -0.546055 0.274038 -0.0111699 -0.55681 0.323649 -0.0144244 -0.549303 
0.354171 -0.0227375 -0.552551 -0.108255 0.077412 -0.48414 -0.109788 0.0804699 -0.506364 
-0.127344 0.0723534 -0.494895 -0.0777329 0.0690989 -0.487388 0.288536 -0.0306573 -0.526365 
0.269448 -0.0357158 -0.53712 0.319059 -0.0389703 -0.529613 0.349581 -0.0472834 -0.532861 
-0.1449 0.064237 -0.483426 -0.162456 0.0561206 -0.471957 0.283947 -0.0552032 -0.506674 
0.264858 -0.0602618 -0.51743 0.314469 -0.0635163 -0.509922 0.344991 -0.0718293 -0.51317 
-0.180012 0.0480041 -0.460488 -0.197568 0.0398877 -0.449019 0.248834 -0.0714361 -0.483736 
0.229746 -0.0764946 -0.494492 0.247302 -0.0683782 -0.505961 0.279357 -0.0797492 -0.486984 
0.309879 -0.0880622 -0.490232 -0.213592 0.0287133 -0.415325 -0.202158 0.0153417 -0.429328 
0.183199 -0.079356 -0.45755 0.164111 -0.0844145 -0.468305 0.181667 -0.0762981 -0.479774 
0.21219 -0.0846111 -0.483022 0.213722 -0.087669 -0.460798 0.244244 -0.095982 -0.464046 
0.274767 -0.104295 -0.467294 0.305289 -0.112608 -0.470542 -0.219715 0.0072253 -0.417859 
-0.237271 -0.000891149 -0.40639 0.117565 -0.0872759 -0.431363 0.0984762 -0.0923344 -0.442119 
0.116032 -0.0842179 -0.453588 0.146555 -0.092531 -0.456836 0.148087 -0.0955889 -0.434611 
0.178609 -0.103902 -0.437859 -0.253295 -0.0120655 -0.372696 -0.241861 -0.0254371 -0.3867 
0.0519297 -0.0951957 -0.405177 0.0328414 -0.100254 -0.415932 0.0503975 -0.0921378 -0.427401 
0.08092 -0.100451 -0.43065 0.0824522 -0.103509 -0.408425 -0.259417 -0.0335535 -0.375231 
-0.276973 -0.04167 -0.363761 0.0168174 -0.111429 -0.382238 -0.002271 -0.116487 -0.392994 
0.0152852 -0.108371 -0.404463 -0.281563 -0.0662159 -0.344071 -0.0488174 -0.119348 -0.356052 
-0.0679058 -0.124407 -0.366808 -0.0503496 -0.116291 -0.378277 -0.0198272 -0.124604 -0.381525 
-0.018295 -0.127662 -0.3593 -0.268597 -0.0826453 -0.33585 -0.267064 -0.0857033 -0.313625 
-0.238074 -0.0909584 -0.339098 -0.236542 -0.0940163 -0.316873 -0.207552 -0.0992714 -0.342346 
-0.20602 -0.102329 -0.320121 -0.194585 -0.115701 -0.334125 -0.0534073 -0.143894 -0.336362 
-0.0724957 -0.148953 -0.347117 -0.181619 -0.13213 -0.325904 -0.180087 -0.135188 -0.303679 
-0.151097 -0.140443 -0.329152 -0.149565 -0.143501 -0.306927 -0.120574 -0.148756 -0.3324 
-0.119042 -0.151814 -0.310175 -0.0900519 -0.157069 -0.335648 -0.0885197 -0.160127 -0.313423 
0.0245398 0.123914 -0.600652 0.0230075 0.126971 -0.622877 0.00545137 0.118855 -0.611408 
0.0550622 0.1156 -0.6039 0.05353 0.118658 -0.626125 0.0855846 0.107287 -0.607148 
0.0664962 0.102229 -0.617904 0.116107 0.0989744 -0.610396 0.14663 0.0906614 -0.613644 
-0.0121048 0.110739 -0.599939 -0.029661 0.102622 -0.588469 0.0794625 0.0857995 -0.609683 
0.109985 0.0774865 -0.612931 0.14204 0.0661155 -0.593954 0.122951 0.0610569 -0.60471 
0.172562 0.0578024 -0.597202 0.203084 0.0494894 -0.60045 -0.0472172 0.0945056 -0.577 
-0.0647733 0.0863892 -0.565531 0.135917 0.0446275 -0.596489 0.167972 0.0332565 -0.577512 
0.148884 0.028198 -0.588268 0.198495 0.0249435 -0.58076 0.229017 0.0166305 -0.584008 
-0.0823295 0.0782727 -0.554062 -0.0998857 0.0701563 -0.542593 0.16185 0.0117685 -0.580046 
0.193905 0.000397598 -0.56107 0.174816 -0.00466092 -0.571825 0.224427 -0.00791542 -0.564318 
0.25495 -0.0162284 -0.567566 -0.117442 0.0620398 -0.531124 -0.134998 0.0539234 -0.519654 
0.189315 -0.0241483 -0.54138 0.170226 -0.0292068 -0.552135 0.219837 -0.0324613 -0.544628 
0.25036 -0.0407744 -0.547876 -0.152554 0.0458069 -0.508185 -0.17011 0.0376905 -0.496716 
0.184725 -0.0486942 -0.521689 0.165636 -0.0537528 -0.532445 0.215247 -0.0570072 -0.524937 
0.24577 -0.0653203 -0.528185 -0.187667 0.029574 -0.485247 -0.205223 0.0214576 -0.473778 
0.149612 -0.0649271 -0.498751 0.130524 -0.0699857 -0.509507 0.14808 -0.0618692 -0.520976 
0.180135 -0.0732401 -0.501999 0.210657 -0.0815532 -0.505247 -0.209813 -0.00308832 -0.454087 
0.0839777 -0.072847 -0.472565 0.0648893 -0.0779055 -0.48332 0.0824455 -0.0697891 -0.494789 
0.112968 -0.0781021 -0.498037 0.1145 -0.08116 -0.475813 0.145023 -0.089473 -0.479061 
-0.227369 -0.0112048 -0.442618 -0.244925 -0.0193212 -0.431149 0.0488653 -0.0890799 -0.449626 
0.0297769 -0.0941384 -0.460382 0.0473331 -0.086022 -0.471851 0.0793878 -0.0973929 -0.452874 
-0.249515 -0.0438671 -0.411459 0.013753 -0.105313 -0.426688 -0.00533543 -0.110371 -0.437443 
0.0122208 -0.102255 -0.448913 -0.265539 -0.0550415 -0.377765 -0.236549 -0.0602966 -0.403238 
-0.235016 -0.0633545 -0.381013 -0.206026 -0.0686096 -0.406486 -0.204494 -0.0716675 -0.384261 
-0.19306 -0.0850391 -0.398265 -0.112927 -0.0966066 -0.394005 -0.132015 -0.101665 -0.404761 
-0.114459 -0.0935487 -0.41623 -0.0839365 -0.101862 -0.419478 -0.0824043 -0.10492 -0.397253 
-0.053414 -0.110175 -0.422726 -0.0518818 -0.113233 -0.400501 -0.0228916 -0.118488 -0.425974 
-0.0213594 -0.121546 -0.40375 -0.270129 -0.0795874 -0.358075 -0.239606 -0.0879004 -0.361323 
-0.209084 -0.0962135 -0.364571 -0.180094 -0.101469 -0.390044 -0.178561 -0.104526 -0.367819 
-0.149571 -0.109782 -0.393292 -0.148039 -0.112839 -0.371067 -0.117517 -0.121153 -0.374315 
-0.0869942 -0.129466 -0.377563 -0.183151 -0.129072 -0.348129 -0.152629 -0.137385 -0.351377 
-0.122107 -0.145698 -0.354625 -0.0915841 -0.154011 -0.357873 0.0168854 0.105483 -0.625411 
0.0474079 0.0971704 -0.628659 -0.0197592 0.0923085 -0.624698 -0.0373153 0.084192 -0.613229 
0.0107633 0.0839955 -0.627946 0.0412857 0.0756824 -0.631194 0.0718082 0.0673694 -0.634442 
0.103863 0.0559984 -0.615465 0.0847744 0.0509399 -0.626221 -0.0548715 0.0760756 -0.601759 
-0.0724277 0.0679591 -0.59029 0.0977407 0.0345104 -0.618 0.129795 0.0231395 -0.599023 
0.110707 0.018081 -0.609779 -0.0899839 0.0598427 -0.578821 -0.10754 0.0517262 -0.567352 
0.125205 -0.00140642 -0.579333 0.106117 -0.00646494 -0.590088 0.155728 -0.00971944 -0.582581 
-0.125096 0.0436098 -0.555883 -0.142652 0.0354933 -0.544414 0.120616 -0.0259523 -0.559643 
0.101527 -0.0310109 -0.570398 0.151138 -0.0342654 -0.562891 -0.158676 0.024319 -0.51072 
-0.147242 0.0109474 -0.524723 0.0855032 -0.0421852 -0.536704 0.0664148 -0.0472437 -0.54746 
0.083971 -0.0391273 -0.558929 0.116026 -0.0504983 -0.539952 0.146548 -0.0588113 -0.5432 
-0.193789 0.00808606 -0.487781 -0.182355 -0.00528549 -0.501785 -0.164798 0.00283096 -0.513254 
0.0809132 -0.0667311 -0.517014 0.0618249 -0.0717897 -0.52777 0.111436 -0.0750442 -0.520262 
-0.199911 -0.0134019 -0.490316 -0.217467 -0.0215184 -0.478847 0.0152785 -0.074651 -0.490828 
-0.00380994 -0.0797095 -0.501583 0.0137462 -0.0715931 -0.513052 0.0442687 -0.0799061 -0.5163 
0.0458009 -0.082964 -0.494076 -0.233491 -0.0326928 -0.445153 -0.204501 -0.0379478 -0.470626 
-0.202969 -0.0410058 -0.448401 -0.173978 -0.0462609 -0.473874 -0.172446 -0.0493188 -0.451649 
-0.143456 -0.0545739 -0.477122 -0.141924 -0.0576318 -0.454897 -0.112933 -0.0628869 -0.48037 
-0.111401 -0.0659448 -0.458145 -0.0999672 -0.0793164 -0.472149 -0.0198339 -0.0908839 -0.467889 
-0.0389223 -0.0959424 -0.478645 -0.0213661 -0.087826 -0.490114 0.0106885 -0.0991969 -0.471137 
-0.238081 -0.0572387 -0.425463 -0.207558 -0.0655517 -0.428711 -0.177036 -0.0738647 -0.431959 
-0.146514 -0.0821777 -0.435207 -0.115991 -0.0904908 -0.438455 -0.0870009 -0.0957459 -0.463928 
-0.0854687 -0.0988038 -0.441703 -0.0564785 -0.104059 -0.467176 -0.0549463 -0.107117 -0.444951 
-0.0244238 -0.11543 -0.448199 -0.181626 -0.0984106 -0.412268 -0.151104 -0.106724 -0.415516 
-0.0258813 0.0708205 -0.627232 0.00464115 0.0625074 -0.63048 0.0351636 0.0541944 -0.633728 
0.065686 0.0458814 -0.636976 -0.0609936 0.0545876 -0.604294 -0.0495596 0.041216 -0.618298 
-0.0320034 0.0493325 -0.629767 -0.00148097 0.0410194 -0.633015 0.0290415 0.0327064 -0.636263 
0.0610961 0.0213355 -0.617286 0.0420077 0.016277 -0.628042 0.0916186 0.0130225 -0.620534 
-0.096106 0.0383547 -0.581356 -0.0846719 0.0249831 -0.595359 -0.0671158 0.0330996 -0.606828 
0.0565062 -0.00321044 -0.597596 0.0374178 -0.00826896 -0.608352 0.0870287 -0.0115235 -0.600844 
-0.131218 0.0221218 -0.558417 -0.119784 0.00875024 -0.572421 -0.102228 0.0168667 -0.58389 
0.0519163 -0.0277564 -0.577906 0.0328279 -0.0328149 -0.588661 0.0824387 -0.0360694 -0.581154 
-0.13734 0.000633793 -0.560952 -0.154897 -0.00748266 -0.549483 0.0473264 -0.0523023 -0.558215 
0.028238 -0.0573608 -0.568971 -0.172453 -0.0155991 -0.538013 -0.190009 -0.0237156 -0.526544 
0.012214 -0.0685352 -0.535277 -0.00687437 -0.0735937 -0.546033 0.0106818 -0.0654772 -0.557502 
0.0427365 -0.0768482 -0.538525 -0.206033 -0.0348899 -0.49285 -0.177043 -0.040145 -0.518323 
-0.175511 -0.0432029 -0.496099 -0.14652 -0.048458 -0.521571 -0.144988 -0.051516 -0.499346 
-0.115998 -0.0567711 -0.524819 -0.114466 -0.059829 -0.502595 -0.0854754 -0.0650841 -0.528067 
-0.0839432 -0.068142 -0.505843 -0.054953 -0.0733971 -0.531316 -0.0534208 -0.076455 -0.509091 
-0.0244305 -0.0817101 -0.534564 -0.0228983 -0.084768 -0.512339 -0.0885331 -0.0926879 -0.486152 
-0.0580107 -0.101001 -0.489401 -0.0381255 0.0278445 -0.632301 -0.0076031 0.0195315 -0.635549 
0.0229193 0.0112184 -0.638797 -0.0732379 0.0116116 -0.609363 -0.0427155 0.00329856 -0.612611 
-0.012193 -0.00501446 -0.615859 0.0183294 -0.0133275 -0.619107 -0.10835 -0.0046213 -0.586425 
-0.0778278 -0.0129343 -0.589673 -0.0473054 -0.0212473 -0.592921 -0.0358713 -0.0346189 -0.606924 
-0.0183151 -0.0265024 -0.618394 0.0137395 -0.0378734 -0.599417 -0.00534889 -0.0429319 -0.610173 
-0.143463 -0.0208542 -0.563486 -0.11294 -0.0291672 -0.566734 -0.101506 -0.0425388 -0.580738 
-0.0839499 -0.0344223 -0.592207 -0.0534275 -0.0427353 -0.595455 -0.0213728 -0.0541063 -0.576479 
-0.0404612 -0.0591648 -0.587234 -0.0229051 -0.0510484 -0.598703 0.0091496 -0.0624193 -0.579727 
-0.178575 -0.0370871 -0.540548 -0.148053 -0.0454001 -0.543796 -0.11753 -0.0537131 -0.547044 
-0.0885399 -0.0589682 -0.572517 -0.0870076 -0.0620262 -0.550292 -0.0580174 -0.0672813 -0.575765 
-0.0564852 -0.0703392 -0.55354 -0.0259628 -0.0786522 -0.556788 -0.0244373 -0.0479904 -0.620928 
-0.0900721 -0.0559103 -0.594742 -0.0595496 -0.0642233 -0.59799 
POLYGONS 5809 17424
OFFSETS vtktypeint64
0 3 6 9 12 15 18 21 24 
27 30 33 36 39 42 45 48 51 
54 57 60 63 66 69 72 75 78 
81 84 87 90 93 96 99 102 105 
108 111 114 117 120 123 126 129 132 
135 138 141 144 147 150 153 156 159 
162 165 168 171 174 177 180 183 186 
189 192 195 198 201 204 207 210 213 
216 219 222 225 228 231 234 237 240 
243 246 249 252 255 258 261 264 267 
270 273 276 279 282 285 288 291 294 
297 300 303 306 309 312 315 318 321 
324 327 330 333 336 339 342 345 348 
351 354 357 360 363 366 369 372 375 
378 381 384 387 390 393 396 399 402 
405 408 411 414 417 420 423 426 429 
432 435 438 441 444 447 450 453 456 
459 462 465 468 471 474 477 480 483 
486 489 492 495 498 501 504 507 510 
513 516 519 522 525 528 531 534 537 
540 543 546 549 552 555 558 561 564 
567 570 573 576 579 582 585 588 591 
594 597 600 603 606 609 612 615 618 
621 624 627 630 633 636 639 642 645 
648 651 654 657 660 663 666 669 672 
675 678 681 684 687 690 693 696 699 
702 705 708 711 714 717 720 723 726 
729 732 735 738 741 744 747 750 753 
756 759 762 765 768 771 774 777 780 
783 786 789 792 795 798 801 804 807 
810 813 816 819 822 825 828 831 834 
837 840 843 846 849 852 855 858 861 
864 867 870 873 876 879 882 885 888 
891 894 897 900 903 906 909 912 915 
918 921 924 927 930 933 936 939 942 
945 948 951 954 957 960 963 966 969 
972 975 978 981 984 987 990 993 996 
999 1002 1005 1008 1011 1014 1017 1020 1023 
1026 1029 1032 1035 1038 1041 1044 1047 1050 
1053 1056 1059 1062 1065 1068 1071 1074 1077 
1080 1083 1086 1089 1092 1095 1098 1101 1104 
1107 1110 1113 1116 1119 1122 1125 1128 1131 
1134 1137 1140 1143 1146 1149 1152 1155 1158 
1161 1164 1167 1170 1173 1176 1179 1182 1185 
1188 1191 1194 1197 1200 1203 1206 1209 1212 
1215 1218 1221 1224 1227 1230 1233 1236 1239 
1242 1245 1248 1251 1254 1257 1260 1263 1266 
1269 1272 1275 1278 1281 1284 1287 1290 1293 
1296 1299 1302 1305 1308 1311 1314 1317 1320 
1323 1326 1329 1332 1335 1338 1341 1344 1347 
1350 1353 1356 1359 1362 1365 1368 1371 1374 
1377 1380 1383 1386 1389 1392 1395 1398 1401 
1404 1407 1410 1413 1416 1419 1422 1425 1428 
1431 1434 1437 1440 1443 1446 1449 1452 1455 
1458 1461 1464 1467 1470 1473 1476 1479 1482 
1485 1488 1491 1494 1497 1500 1503 1506 1509 
1512 1515 1518 1521 1524 1527 1530 1533 1536 
1539 1542 1545 1548 1551 1554 1557 1560 1563 
1566 1569 1572 1575 1578 1581 1584 1587 1590 
1593 1596 1599 1602 1605 1608 1611 1614 1617 
1620 1623 1626 1629 1632 1635 1638 1641 1644 
1647 1650 1653 1656 1659 1662 1665 1668 1671 
1674 1677 1680 1683 1686 1689 1692 1695 1698 
1701 1704 1707 1710 1713 1716 1719 1722 1725 
1728 1731 1734 1737 1740 1743 1746 1749 1752 
1755 1758 1761 1764 1767 1770 1773 1776 1779 
1782 1785 1788 1791 1794 1797 1800 1803 1806 
1809 1812 1815 1818 1821 1824 1827 1830 1833 
1836 1839 1842 1845 1848 1851 1854 1857 1860 
1863 1866 1869 1872 1875 1878 1881 1884 1887 
1890 1893 1896 1899 1902 1905 1908 1911 1914 
1917 1920 1923 1926 1929 1932 1935 1938 1941 
1944 1947 1950 1953 1956 1959 1962 1965 1968 
1971 1974 1977 1980 1983 1986 1989 1992 1995 
1998 2001 2004 2007 2010 2013 2016 2019 2022 
2025 2028 2031 2034 2037 2040 2043 2046 2049 
2052 2055 2058 2061 2064 2067 2070 2073 2076 
2079 2082 2085 2088 2091 2094 2097 2100 2103 
2106 2109 2112 2115 2118 2121 2124 2127 2130 
2133 2136 2139 2142 2145 2148 2151 2154 2157 
2160 2163 2166 2169 2172 2175 2178 2181 2184 
2187 2190 2193 2196 2199 2202 2205 2208 2211 
2214 2217 2220 2223 2226 2229 2232 2235 2238 
2241 2244 2247 2250 2253 2256 2259 2262 2265 
2268 2271 2274 2277 2280 2283 2286 2289 2292 
2295 2298 2301 2304 2307 2310 2313 2316 2319 
2322 2325 2328 2331 2334 2337 2340 2343 2346 
2349 2352 2355 2358 2361 2364 2367 2370 2373 
2376 2379 2382 2385 2388 2391 2394 2397 2400 
2403 2406 2409 2412 2415 2418 2421 2424 2427 
2430 2433 2436 2439 2442 2445 2448 2451 2454 
2457 2460 2463 2466 2469 2472 2475 2478 2481 
2484 2487 2490 2493 2496 2499 2502 2505 2508 
2511 2514 2517 2520 2523 2526 2529 2532 2535 
2538 2541 2544 2547 2550 2553 2556 2559 2562 
2565 2568 2571 2574 2577 2580 2583 2586 2589 
2592 2595 2598 2601 2604 2607 2610 2613 2616 
2619 2622 2625 2628 2631 2634 2637 2640 2643 
2646 2649 2652 2655 2658 2661 2664 2667 2670 
2673 2676 2679 2682 2685 2688 2691 2694 2697 
2700 2703 2706 2709 2712 2715 2718 2721 2724 
2727 2730 2733 2736 2739 2742 2745 2748 2751 
2754 2757 2760 2763 2766 2769 2772 2775 2778 
2781 2784 2787 2790 2793 2796 2799 2802 2805 
2808 2811 2814 2817 2820 2823 2826 2829 2832 
2835 2838 2841 2844 2847 2850 2853 2856 2859 
2862 2865 2868 2871 2874 2877 2880 2883 2886 
2889 2892 2895 2898 2901 2904 2907 2910 2913 
2916 2919 2922 2925 2928 2931 2934 2937 2940 
2943 2946 2949 2952 2955 2958 2961 2964 2967 
2970 2973 2976 2979 2982 2985 2988 2991 2994 
2997 3000 3003 3006 3009 3012 3015 3018 3021 
3024 3027 3030 3033 3036 3039 3042 3045 3048 
3051 3054 3057 3060 3063 3066 3069 3072 3075 
3078 3081 3084 3087 3090 3093 3096 3099 3102 
3105 3108 3111 3114 3117 3120 3123 3126 3129 
3132 3135 3138 3141 3144 3147 3150 3153 3156 
3159 3162 3165 3168 3171 3174 3177 3180 3183 
3186 3189 3192 3195 3198 3201 3204 3207 3210 
3213 3216 3219 3222 3225 3228 3231 3234 3237 
3240 3243 3246 3249 3252 3255 3258 3261 3264 
3267 3270 3273 3276 3279 3282 3285 3288 3291 
3294 3297 3300 3303 3306 3309 3312 3315 3318 
3321 3324 3327 3330 3333 3336 3339 3342 3345 
3348 3351 3354 3357 3360 3363 3366 3369 3372 
3375 3378 3381 3384 3387 3390 3393 3396 3399 
3402 3405 3408 3411 3414 3417 3420 3423 3426 
3429 3432 3435 3438 3441 3444 3447 3450 3453 
3456 3459 3462 3465 3468 3471 3474 3477 3480 
3483 3486 3489 3492 3495 3498 3501 3504 3507 
3510 3513 3516 3519 3522 3525 3528 3531 3534 
3537 3540 3543 3546 3549 3552 3555 3558 3561 
3564 3567 3570 3573 3576 3579 3582 3585 3588 
3591 3594 3597 3600 3603 3606 3609 3612 3615 
3618 3621 3624 3627 3630 3633 3636 3639 3642 
3645 3648 3651 3654 3657 3660 3663 3666 3669 
3672 3675 3678 3681 3684 3687 3690 3693 3696 
3699 3702 3705 3708 3711 3714 3717 3720 3723 
3726 3729 3732 3735 3738 3741 3744 3747 3750 
3753 3756 3759 3762 3765 3768 3771 3774 3777 
3780 3783 3786 3789 3792 3795 3798 3801 3804 
3807 3810 3813 3816 3819 3822 3825 3828 3831 
3834 3837 3840 3843 3846 3849 3852 3855 3858 
3861 3864 3867 3870 3873 3876 3879 3882 3885 
3888 3891 3894 3897 3900 3903 3906 3909 3912 
3915 3918 3921 3924 3927 3930 3933 3936 3939 
3942 3945 3948 3951 3954 3957 3960 3963 3966 
3969 3972 3975 3978 3981 3984 3987 3990 3993 
3996 3999 4002 4005 4008 4011 4014 4017 4020 
4023 4026 4029 4032 4035 4038 4041 4044 4047 
4050 4053 4056 4059 4062 4065 4068 4071 4074 
4077 4080 4083 4086 4089 4092 4095 4098 4101 
4104 4107 4110 4113 4116 4119 4122 4125 4128 
4131 4134 4137 4140 4143 4146 4149 4152 4155 
4158 4161 4164 4167 4170 4173 4176 4179 4182 
4185 4188 4191 4194 4197 4200 4203 4206 4209 
4212 4215 4218 4221 4224 4227 4230 4233 4236 
4239 4242 4245 4248 4251 4254 4257 4260 4263 
4266 4269 4272 4275 4278 4281 4284 4287 4290 
4293 4296 4299 4302 4305 4308 4311 4314 4317 
4320 4323 4326 4329 4332 4335 4338 4341 4344 
4347 4350 4353 4356 4359 4362 4365 4368 4371 
4374 4377 4380 4383 4386 4389 4392 4395 4398 
4401 4404 4407 4410 4413 4416 4419 4422 4425 
4428 4431 4434 4437 4440 4443 4446 4449 4452 
4455 4458 4461 4464 4467 4470 4473 4476 4479 
4482 4485 4488 4491 4494 4497 4500 4503 4506 
4509 4512 4515 4518 4521 4524 4527 4530 4533 
4536 4539 4542 4545 4548 4551 4554 4557 4560 
4563 4566 4569 4572 4575 4578 4581 4584 4587 
4590 4593 4596 4599 4602 4605 4608 4611 4614 
4617 4620 4623 4626 4629 4632 4635 4638 4641 
4644 4647 4650 4653 4656 4659 4662 4665 4668 
4671 4674 4677 4680 4683 4686 4689 4692 4695 
4698 4701 4704 4707 4710 4713 4716 4719 4722 
4725 4728 4731 4734 4737 4740 4743 4746 4749 
4752 4755 4758 4761 4764 4767 4770 4773 4776 
4779 4782 4785 4788 4791 4794 4797 4800 4803 
4806 4809 4812 4815 4818 4821 4824 4827 4830 
4833 4836 4839 4842 4845 4848 4851 4854 4857 
4860 4863 4866 4869 4872 4875 4878 4881 4884 
4887 4890 4893 4896 4899 4902 4905 4908 4911 
4914 4917 4920 4923 4926 4929 4932 4935 4938 
4941 4944 4947 4950 4953 4956 4959 4962 4965 
4968 4971 4974 4977 4980 4983 4986 4989 4992 
4995 4998 5001 5004 5007 5010 5013 5016 5019 
5022 5025 5028 5031 5034 5037 5040 5043 5046 
5049 5052 5055 5058 5061 5064 5067 5070 5073 
5076 5079 5082 5085 5088 5091 5094 5097 5100 
5103 5106 5109 5112 5115 5118 5121 5124 5127 
5130 5133 5136 5139 5142 5145 5148 5151 5154 
5157 5160 5163 5166 5169 5172 5175 5178 5181 
5184 5187 5190 5193 5196 5199 5202 5205 5208 
5211 5214 5217 5220 5223 5226 5229 5232 5235 
5238 5241 5244 5247 5250 5253 5256 5259 5262 
5265 5268 5271 5274 5277 5280 5283 5286 5289 
5292 5295 5298 5301 5304 5307 5310 5313 5316 
5319 5322 5325 5328 5331 5334 5337 5340 5343 
5346 5349 5352 5355 5358 5361 5364 5367 5370 
5373 5376 5379 5382 5385 5388 5391 5394 5397 
5400 5403 5406 5409 5412 5415 5418 5421 5424 
5427 5430 5433 5436 5439 5442 5445 5448 5451 
5454 5457 5460 5463 5466 5469 5472 5475 5478 
5481 5484 5487 5490 5493 5496 5499 5502 5505 
5508 5511 5514 5517 5520 5523 5526 5529 5532 
5535 5538 5541 5544 5547 5550 5553 5556 5559 
5562 5565 5568 5571 5574 5577 5580 5583 5586 
5589 5592 5595 5598 5601 5604 5607 5610 5613 
5616 5619 5622 5625 5628 5631 5634 5637 5640 
5643 5646 5649 5652 5655 5658 5661 5664 5667 
5670 5673 5676 5679 5682 5685 5688 5691 5694 
5697 5700 5703 5706 5709 5712 5715 5718 5721 
5724 5727 5730 5733 5736 5739 5742 5745 5748 
5751 5754 5757 5760 5763 5766 5769 5772 5775 
5778 5781 5784 5787 5790 5793 5796 5799 5802 
5805 5808 5811 5814 5817 5820 5823 5826 5829 
5832 5835 5838 5841 5844 5847 5850 5853 5856 
5859 5862 5865 5868 5871 5874 5877 5880 5883 
5886 5889 5892 5895 5898 5901 5904 5907 5910 
5913 5916 5919 5922 5925 5928 5931 5934 5937 
5940 5943 5946 5949 5952 5955 5958 5961 5964 
5967 5970 5973 5976 5979 5982 5985 5988 5991 
5994 5997 6000 6003 6006 6009 6012 6015 6018 
6021 6024 6027 6030 6033 6036 6039 6042 6045 
6048 6051 6054 6057 6060 6063 6066 6069 6072 
6075 6078 6081 6084 6087 6090 6093 6096 6099 
6102 6105 6108 6111 6114 6117 6120 6123 6126 
6129 6132 6135 6138 6141 6144 6147 6150 6153 
6156 6159 6162 6165 6168 6171 6174 6177 6180 
6183 6186 6189 6192 6195 6198 6201 6204 6207 
6210 6213 6216 6219 6222 6225 6228 6231 6234 
6237 6240 6243 6246 6249 6252 6255 6258 6261 
6264 6267 6270 6273 6276 6279 6282 6285 6288 
6291 6294 6297 6300 6303 6306 6309 6312 6315 
6318 6321 6324 6327 6330 6333 6336 6339 6342 
6345 6348 6351 6354 6357 6360 6363 6366 6369 
6372 6375 6378 6381 6384 6387 6390 6393 6396 
6399 6402 6405 6408 6411 6414 6417 6420 6423 
6426 6429 6432 6435 6438 6441 6444 6447 6450 
6453 6456 6459 6462 6465 6468 6471 6474 6477 
6480 6483 6486 6489 6492 6495 6498 6501 6504 
6507 6510 6513 6516 6519 6522 6525 6528 6531 
6534 6537 6540 6543 6546 6549 6552 6555 6558 
6561 6564 6567 6570 6573 6576 6579 6582 6585 
6588 6591 6594 6597 6600 6603 6606 6609 6612 
6615 6618 6621 6624 6627 6630 6633 6636 6639 
6642 6645 6648 6651 6654 6657 6660 6663 6666 
6669 6672 6675 6678 6681 6684 6687 6690 6693 
6696 6699 6702 6705 6708 6711 6714 6717 6720 
6723 6726 6729 6732 6735 6738 6741 6744 6747 
6750 6753 6756 6759 6762 6765 6768 6771 6774 
6777 6780 6783 6786 6789 6792 6795 6798 6801 
6804 6807 6810 6813 6816 6819 6822 6825 6828 
6831 6834 6837 6840 6843 6846 6849 6852 6855 
6858 6861 6864 6867 6870 6873 6876 6879 6882 
6885 6888 6891 6894 6897 6900 6903 6906 6909 
6912 6915 6918 6921 6924 6927 6930 6933 6936 
6939 6942 6945 6948 6951 6954 6957 6960 6963 
6966 6969 6972 6975 6978 6981 6984 6987 6990 
6993 6996 6999 7002 7005 7008 7011 7014 7017 
7020 7023 7026 7029 7032 7035 7038 7041 7044 
7047 7050 7053 7056 7059 7062 7065 7068 7071 
7074 7077 7080 7083 7086 7089 7092 7095 7098 
7101 7104 7107 7110 7113 7116 7119 7122 7125 
7128 7131 7134 7137 7140 7143 7146 7149 7152 
7155 7158 7161 7164 7167 7170 7173 7176 7179 
7182 7185 7188 7191 7194 7197 7200 7203 7206 
7209 7212 7215 7218 7221 7224 7227 7230 7233 
7236 7239 7242 7245 7248 7251 7254 7257 7260 
7263 7266 7269 7272 7275 7278 7281 7284 7287 
7290 7293 7296 7299 7302 7305 7308 7311 7314 
7317 7320 7323 7326 7329 7332 7335 7338 7341 
7344 7347 7350 7353 7356 7359 7362 7365 7368 
7371 7374 7377 7380 7383 7386 7389 7392 7395 
7398 7401 7404 7407 7410 7413 7416 7419 7422 
7425 7428 7431 7434 7437 7440 7443 7446 7449 
7452 7455 7458 7461 7464 7467 7470 7473 7476 
7479 7482 7485 7488 7491 7494 7497 7500 7503 
7506 7509 7512 7515 7518 7521 7524 7527 7530 
7533 7536 7539 7542 7545 7548 7551 7554 7557 
7560 7563 7566 7569 7572 7575 7578 7581 7584 
7587 7590 7593 7596 7599 7602 7605 7608 7611 
7614 7617 7620 7623 7626 7629 7632 7635 7638 
7641 7644 7647 7650 7653 7656 7659 7662 7665 
7668 7671 7674 7677 7680 7683 7686 7689 7692 
7695 7698 7701 7704 7707 7710 7713 7716 7719 
7722 7725 7728 7731 7734 7737 7740 7743 7746 
7749 7752 7755 7758 7761 7764 7767 7770 7773 
7776 7779 7782 7785 7788 7791 7794 7797 7800 
7803 7806 7809 7812 7815 7818 7821 7824 7827 
7830 7833 7836 7839 7842 7845 7848 7851 7854 
7857 7860 7863 7866 7869 7872 7875 7878 7881 
7884 7887 7890 7893 7896 7899 7902 7905 7908 
7911 7914 7917 7920 7923 7926 7929 7932 7935 
7938 7941 7944 7947 7950 7953 7956 7959 7962 
7965 7968 7971 7974 7977 7980 7983 7986 7989 
7992 7995 7998 8001 8004 8007 8010 8013 8016 
8019 8022 8025 8028 8031 8034 8037 8040 8043 
8046 8049 8052 8055 8058 8061 8064 8067 8070 
8073 8076 8079 8082 8085 8088 8091 8094 8097 
8100 8103 8106 8109 8112 8115 8118 8121 8124 
8127 8130 8133 8136 8139 8142 8145 8148 8151 
8154 8157 8160 8163 8166 8169 8172 8175 8178 
8181 8184 8187 8190 8193 8196 8199 8202 8205 
8208 8211 8214 8217 8220 8223 8226 8229 8232 
8235 8238 8241 8244 8247 8250 8253 8256 8259 
8262 8265 8268 8271 8274 8277 8280 8283 8286 
8289 8292 8295 8298 8301 8304 8307 8310 8313 
8316 8319 8322 8325 8328 8331 8334 8337 8340 
8343 8346 8349 8352 8355 8358 8361 8364 8367 
8370 8373 8376 8379 8382 8385 8388 8391 8394 
8397 8400 8403 8406 8409 8412 8415 8418 8421 
8424 8427 8430 8433 8436 8439 8442 8445 8448 
8451 8454 8457 8460 8463 8466 8469 8472 8475 
8478 8481 8484 8487 8490 8493 8496 8499 8502 
8505 8508 8511 8514 8517 8520 8523 8526 8529 
8532 8535 8538 8541 8544 8547 8550 8553 8556 
8559 8562 8565 8568 8571 8574 8577 8580 8583 
8586 8589 8592 8595 8598 8601 8604 8607 8610 
8613 8616 8619 8622 8625 8628 8631 8634 8637 
8640 8643 8646 8649 8652 8655 8658 8661 8664 
8667 8670 8673 8676 8679 8682 8685 8688 8691 
8694 8697 8700 8703 8706 8709 8712 8715 8718 
8721 8724 8727 8730 8733 8736 8739 8742 8745 
8748 8751 8754 8757 8760 8763 8766 8769 8772 
8775 8778 8781 8784 8787 8790 8793 8796 8799 
8802 8805 8808 8811 8814 8817 8820 8823 8826 
8829 8832 8835 8838 8841 8844 8847 8850 8853 
8856 8859 8862 8865 8868 8871 8874 8877 8880 
8883 8886 8889 8892 8895 8898 8901 8904 8907 
8910 8913 8916 8919 8922 8925 8928 8931 8934 
8937 8940 8943 8946 8949 8952 8955 8958 8961 
8964 8967 8970 8973 8976 8979 8982 8985 8988 
8991 8994 8997 9000 9003 9006 9009 9012 9015 
9018 9021 9024 9027 9030 9033 9036 9039 9042 
9045 9048 9051 9054 9057 9060 9063 9066 9069 
9072 9075 9078 9081 9084 9087 9090 9093 9096 
9099 9102 9105 9108 9111 9114 9117 9120 9123 
9126 9129 9132 9135 9138 9141 9144 9147 9150 
9153 9156 9159 9162 9165 9168 9171 9174 9177 
9180 9183 9186 9189 9192 9195 9198 9201 9204 
9207 9210 9213 9216 9219 9222 9225 9228 9231 
9234 9237 9240 9243 9246 9249 9252 9255 9258 
9261 9264 9267 9270 9273 9276 9279 9282 9285 
9288 9291 9294 9297 9300 9303 9306 9309 9312 
9315 9318 9321 9324 9327 9330 9333 9336 9339 
9342 9345 9348 9351 9354 9357 9360 9363 9366 
9369 9372 9375 9378 9381 9384 9387 9390 9393 
9396 9399 9402 9405 9408 9411 9414 9417 9420 
9423 9426 9429 9432 9435 9438 9441 9444 9447 
9450 9453 9456 9459 9462 9465 9468 9471 9474 
9477 9480 9483 9486 9489 9492 9495 9498 9501 
9504 9507 9510 9513 9516 9519 9522 9525 9528 
9531 9534 9537 9540 9543 9546 9549 9552 9555 
9558 9561 9564 9567 9570 9573 9576 9579 9582 
9585 9588 9591 9594 9597 9600 9603 9606 9609 
9612 9615 9618 9621 9624 9627 9630 9633 9636 
9639 9642 9645 9648 9651 9654 9657 9660 9663 
9666 9669 9672 9675 9678 9681 9684 9687 9690 
9693 9696 9699 9702 9705 9708 9711 9714 9717 
9720 9723 9726 9729 9732 9735 9738 9741 9744 
9747 9750 9753 9756 9759 9762 9765 9768 9771 
9774 9777 9780 9783 9786 9789 9792 9795 9798 
9801 9804 9807 9810 9813 9816 9819 9822 9825 
9828 9831 9834 9837 9840 9843 9846 9849 9852 
9855 9858 9861 9864 9867 9870 9873 9876 9879 
9882 9885 9888 9891 9894 9897 9900 9903 9906 
9909 9912 9915 9918 9921 9924 9927 9930 9933 
9936 9939 9942 9945 9948 9951 9954 9957 9960 
9963 9966 9969 9972 9975 9978 9981 9984 9987 
9990 9993 9996 9999 10002 10005 10008 10011 10014 
10017 10020 10023 10026 10029 10032 10035 10038 10041 
10044 10047 10050 10053 10056 10059 10062 10065 10068 
10071 10074 10077 10080 10083 10086 10089 10092 10095 
10098 10101 10104 10107 10110 10113 10116 10119 10122 
10125 10128 10131 10134 10137 10140 10143 10146 10149 
10152 10155 10158 10161 10164 10167 10170 10173 10176 
10179 10182 10185 10188 10191 10194 10197 10200 10203 
10206 10209 10212 10215 10218 10221 10224 10227 10230 
10233 10236 10239 10242 10245 10248 10251 10254 10257 
10260 10263 10266 10269 10272 10275 10278 10281 10284 
10287 10290 10293 10296 10299 10302 10305 10308 10311 
10314 10317 10320 10323 10326 10329 10332 10335 10338 
10341 10344 10347 10350 10353 10356 10359 10362 10365 
10368 10371 10374 10377 10380 10383 10386 10389 10392 
10395 10398 10401 10404 10407 10410 10413 10416 10419 
10422 10425 10428 10431 10434 10437 10440 10443 10446 
10449 10452 10455 10458 10461 10464 10467 10470 10473 
10476 10479 10482 10485 10488 10491 10494 10497 10500 
10503 10506 10509 10512 10515 10518 10521 10524 10527 
10530 10533 10536 10539 10542 10545 10548 10551 10554 
10557 10560 10563 10566 10569 10572 10575 10578 10581 
10584 10587 10590 10593 10596 10599 10602 10605 10608 
10611 10614 10617 10620 10623 10626 10629 10632 10635 
10638 10641 10644 10647 10650 10653 10656 10659 10662 
10665 10668 10671 10674 10677 10680 10683 10686 10689 
10692 10695 10698 10701 10704 10707 10710 10713 10716 
10719 10722 10725 10728 10731 10734 10737 10740 10743 
10746 10749 10752 10755 10758 10761 10764 10767 10770 
10773 10776 10779 10782 10785 10788 10791 10794 10797 
10800 10803 10806 10809 10812 10815 10818 10821 10824 
10827 10830 10833 10836 10839 10842 10845 10848 10851 
10854 10857 10860 10863 10866 10869 10872 10875 10878 
10881 10884 10887 10890 10893 10896 10899 10902 10905 
10908 10911 10914 10917 10920 10923 10926 10929 10932 
10935 10938 10941 10944 10947 10950 10953 10956 10959 
10962 10965 10968 10971 10974 10977 10980 10983 10986 
10989 10992 10995 10998 11001 11004 11007 11010 11013 
11016 11019 11022 11025 11028 11031 11034 11037 11040 
11043 11046 11049 11052 11055 11058 11061 11064 11067 
11070 11073 11076 11079 11082 11085 11088 11091 11094 
11097 11100 11103 11106 11109 11112 11115 11118 11121 
11124 11127 11130 11133 11136 11139 11142 11145 11148 
11151 11154 11157 11160 11163 11166 11169 11172 11175 
11178 11181 11184 11187 11190 11193 11196 11199 11202 
11205 11208 11211 11214 11217 11220 11223 11226 11229 
11232 11235 11238 11241 11244 11247 11250 11253 11256 
11259 11262 11265 11268 11271 11274 11277 11280 11283 
11286 11289 11292 11295 11298 11301 11304 11307 11310 
11313 11316 11319 11322 11325 11328 11331 11334 11337 
11340 11343 11346 11349 11352 11355 11358 11361 11364 
11367 11370 11373 11376 11379 11382 11385 11388 11391 
11394 11397 11400 11403 11406 11409 11412 11415 11418 
11421 11424 11427 11430 11433 11436 11439 11442 11445 
11448 11451 11454 11457 11460 11463 11466 11469 11472 
11475 11478 11481 11484 11487 11490 11493 11496 11499 
11502 11505 11508 11511 11514 11517 11520 11523 11526 
11529 11532 11535 11538 11541 11544 11547 11550 11553 
11556 11559 11562 11565 11568 11571 11574 11577 11580 
11583 11586 11589 11592 11595 11598 11601 11604 11607 
11610 11613 11616 11619 11622 11625 11628 11631 11634 
11637 11640 11643 11646 11649 11652 11655 11658 11661 
11664 11667 11670 11673 11676 11679 11682 11685 11688 
11691 11694 11697 11700 11703 11706 11709 11712 11715 
11718 11721 11724 11727 11730 11733 11736 11739 11742 
11745 11748 11751 11754 11757 11760 11763 11766 11769 
11772 11775 11778 11781 11784 11787 11790 11793 11796 
11799 11802 11805 11808 11811 11814 11817 11820 11823 
11826 11829 11832 11835 11838 11841 11844 11847 11850 
11853 11856 11859 11862 11865 11868 11871 11874 11877 
11880 11883 11886 11889 11892 11895 11898 11901 11904 
11907 11910 11913 11916 11919 11922 11925 11928 11931 
11934 11937 11940 11943 11946 11949 11952 11955 11958 
11961 11964 11967 11970 11973 11976 11979 11982 11985 
11988 11991 11994 11997 12000 12003 12006 12009 12012 
12015 12018 12021 12024 12027 12030 12033 12036 12039 
12042 12045 12048 12051 12054 12057 12060 12063 12066 
12069 12072 12075 12078 12081 12084 12087 12090 12093 
12096 12099 12102 12105 12108 12111 12114 12117 12120 
12123 12126 12129 12132 12135 12138 12141 12144 12147 
12150 12153 12156 12159 12162 12165 12168 12171 12174 
12177 12180 12183 12186 12189 12192 12195 12198 12201 
12204 12207 12210 12213 12216 12219 12222 12225 12228 
12231 12234 12237 12240 12243 12246 12249 12252 12255 
12258 12261 12264 12267 12270 12273 12276 12279 12282 
12285 12288 12291 12294 12297 12300 12303 12306 12309 
12312 12315 12318 12321 12324 12327 12330 12333 12336 
12339 12342 12345 12348 12351 12354 12357 12360 12363 
12366 12369 12372 12375 12378 12381 12384 12387 12390 
12393 12396 12399 12402 12405 12408 12411 12414 12417 
12420 12423 12426 12429 12432 12435 12438 12441 12444 
12447 12450 12453 12456 12459 12462 12465 12468 12471 
12474 12477 12480 12483 12486 12489 12492 12495 12498 
12501 12504 12507 12510 12513 12516 12519 12522 12525 
12528 12531 12534 12537 12540 12543 12546 12549 12552 
12555 12558 12561 12564 12567 12570 12573 12576 12579 
12582 12585 12588 12591 12594 12597 12600 12603 12606 
12609 12612 12615 12618 12621 12624 12627 12630 12633 
12636 12639 12642 12645 12648 12651 12654 12657 12660 
12663 12666 12669 12672 12675 12678 12681 12684 12687 
12690 12693 12696 12699 12702 12705 12708 12711 12714 
12717 12720 12723 12726 12729 12732 12735 12738 12741 
12744 12747 12750 12753 12756 12759 12762 12765 12768 
12771 12774 12777 12780 12783 12786 12789 12792 12795 
12798 12801 12804 12807 12810 12813 12816 12819 12822 
12825 12828 12831 12834 12837 12840 12843 12846 12849 
12852 12855 12858 12861 12864 12867 12870 12873 12876 
12879 12882 12885 12888 12891 12894 12897 12900 12903 
12906 12909 12912 12915 12918 12921 12924 12927 12930 
12933 12936 12939 12942 12945 12948 12951 12954 12957 
12960 12963 12966 12969 12972 12975 12978 12981 12984 
12987 12990 12993 12996 12999 13002 13005 13008 13011 
13014 13017 13020 13023 13026 13029 13032 13035 13038 
13041 13044 13047 13050 13053 13056 13059 13062 13065 
13068 13071 13074 13077 13080 13083 13086 13089 13092 
13095 13098 13101 13104 13107 13110 13113 13116 13119 
13122 13125 13128 13131 13134 13137 13140 13143 13146 
13149 13152 13155 13158 13161 13164 13167 13170 13173 
13176 13179 13182 13185 13188 13191 13194 13197 13200 
13203 13206 13209 13212 13215 13218 13221 13224 13227 
13230 13233 13236 13239 13242 13245 13248 13251 13254 
13257 13260 13263 13266 13269 13272 13275 13278 13281 
13284 13287 13290 13293 13296 13299 13302 13305 13308 
13311 13314 13317 13320 13323 13326 13329 13332 13335 
13338 13341 13344 13347 13350 13353 13356 13359 13362 
13365 13368 13371 13374 13377 13380 13383 13386 13389 
13392 13395 13398 13401 13404 13407 13410 13413 13416 
13419 13422 13425 13428 13431 13434 13437 13440 13443 
13446 13449 13452 13455 13458 13461 13464 13467 13470 
13473 13476 13479 13482 13485 13488 13491 13494 13497 
13500 13503 13506 13509 13512 13515 13518 13521 13524 
13527 13530 13533 13536 13539 13542 13545 13548 13551 
13554 13557 13560 13563 13566 13569 13572 13575 13578 
13581 13584 13587 13590 13593 13596 13599 13602 13605 
13608 13611 13614 13617 13620 13623 13626 13629 13632 
13635 13638 13641 13644 13647 13650 13653 13656 13659 
13662 13665 13668 13671 13674 13677 13680 13683 13686 
13689 13692 13695 13698 13701 13704 13707 13710 13713 
13716 13719 13722 13725 13728 13731 13734 13737 13740 
13743 13746 13749 13752 13755 13758 13761 13764 13767 
13770 13773 13776 13779 13782 13785 13788 13791 13794 
13797 13800 13803 13806 13809 13812 13815 13818 13821 
13824 13827 13830 13833 13836 13839 13842 13845 13848 
13851 13854 13857 13860 13863 13866 13869 13872 13875 
13878 13881 13884 13887 13890 13893 13896 13899 13902 
13905 13908 13911 13914 13917 13920 13923 13926 13929 
13932 13935 13938 13941 13944 13947 13950 13953 13956 
13959 13962 13965 13968 13971 13974 13977 13980 13983 
13986 13989 13992 13995 13998 14001 14004 14007 14010 
14013 14016 14019 14022 14025 14028 14031 14034 14037 
14040 14043 14046 14049 14052 14055 14058 14061 14064 
14067 14070 14073 14076 14079 14082 14085 14088 14091 
14094 14097 14100 14103 14106 14109 14112 14115 14118 
14121 14124 14127 14130 14133 14136 14139 14142 14145 
14148 14151 14154 14157 14160 14163 14166 14169 14172 
14175 14178 14181 14184 14187 14190 14193 14196 14199 
14202 14205 14208 14211 14214 14217 14220 14223 14226 
14229 14232 14235 14238 14241 14244 14247 14250 14253 
14256 14259 14262 14265 14268 14271 14274 14277 14280 
14283 14286 14289 14292 14295 14298 14301 14304 14307 
14310 14313 14316 14319 14322 14325 14328 14331 14334 
14337 14340 14343 14346 14349 14352 14355 14358 14361 
14364 14367 14370 14373 14376 14379 14382 14385 14388 
14391 14394 14397 14400 14403 14406 14409 14412 14415 
14418 14421 14424 14427 14430 14433 14436 14439 14442 
14445 14448 14451 14454 14457 14460 14463 14466 14469 
14472 14475 14478 14481 14484 14487 14490 14493 14496 
14499 14502 14505 14508 14511 14514 14517 14520 14523 
14526 14529 14532 14535 14538 14541 14544 14547 14550 
14553 14556 14559 14562 14565 14568 14571 14574 14577 
14580 14583 14586 14589 14592 14595 14598 14601 14604 
14607 14610 14613 14616 14619 14622 14625 14628 14631 
14634 14637 14640 14643 14646 14649 14652 14655 14658 
14661 14664 14667 14670 14673 14676 14679 14682 14685 
14688 14691 14694 14697 14700 14703 14706 14709 14712 
14715 14718 14721 14724 14727 14730 14733 14736 14739 
14742 14745 14748 14751 14754 14757 14760 14763 14766 
14769 14772 14775 14778 14781 14784 14787 14790 14793 
14796 14799 14802 14805 14808 14811 14814 14817 14820 
14823 14826 14829 14832 14835 14838 14841 14844 14847 
14850 14853 14856 14859 14862 14865 14868 14871 14874 
14877 14880 14883 14886 14889 14892 14895 14898 14901 
14904 14907 14910 14913 14916 14919 14922 14925 14928 
14931 14934 14937 14940 14943 14946 14949 14952 14955 
14958 14961 14964 14967 14970 14973 14976 14979 14982 
14985 14988 14991 14994 14997 15000 15003 15006 15009 
15012 15015 15018 15021 15024 15027 15030 15033 15036 
15039 15042 15045 15048 15051 15054 15057 15060 15063 
15066 15069 15072 15075 15078 15081 15084 15087 15090 
15093 15096 15099 15102 15105 15108 15111 15114 15117 
15120 15123 15126 15129 15132 15135 15138 15141 15144 
15147 15150 15153 15156 15159 15162 15165 15168 15171 
15174 15177 15180 15183 15186 15189 15192 15195 15198 
15201 15204 15207 15210 15213 15216 15219 15222 15225 
15228 15231 15234 15237 15240 15243 15246 15249 15252 
15255 15258 15261 15264 15267 15270 15273 15276 15279 
15282 15285 15288 15291 15294 15297 15300 15303 15306 
15309 15312 15315 15318 15321 15324 15327 15330 15333 
15336 15339 15342 15345 15348 15351 15354 15357 15360 
15363 15366 15369 15372 15375 15378 15381 15384 15387 
15390 15393 15396 15399 15402 15405 15408 15411 15414 
15417 15420 15423 15426 15429 15432 15435 15438 15441 
15444 15447 15450 15453 15456 15459 15462 15465 15468 
15471 15474 15477 15480 15483 15486 15489 15492 15495 
15498 15501 15504 15507 15510 15513 15516 15519 15522 
15525 15528 15531 15534 15537 15540 15543 15546 15549 
15552 15555 15558 15561 15564 15567 15570 15573 15576 
15579 15582 15585 15588 15591 15594 15597 15600 15603 
15606 15609 15612 15615 15618 15621 15624 15627 15630 
15633 15636 15639 15642 15645 15648 15651 15654 15657 
15660 15663 15666 15669 15672 15675 15678 15681 15684 
15687 15690 15693 15696 15699 15702 15705 15708 15711 
15714 15717 15720 15723 15726 15729 15732 15735 15738 
15741 15744 15747 15750 15753 15756 15759 15762 15765 
15768 15771 15774 15777 15780 15783 15786 15789 15792 
15795 15798 15801 15804 15807 15810 15813 15816 15819 
15822 15825 15828 15831 15834 15837 15840 15843 15846 
15849 15852 15855 15858 15861 15864 15867 15870 15873 
15876 15879 15882 15885 15888 15891 15894 15897 15900 
15903 15906 15909 15912 15915 15918 15921 15924 15927 
15930 15933 15936 15939 15942 15945 15948 15951 15954 
15957 15960 15963 15966 15969 15972 15975 15978 15981 
15984 15987 15990 15993 15996 15999 16002 16005 16008 
16011 16014 16017 16020 16023 16026 16029 16032 16035 
16038 16041 16044 16047 16050 16053 16056 16059 16062 
16065 16068 16071 16074 16077 16080 16083 16086 16089 
16092 16095 16098 16101 16104 16107 16110 16113 16116 
16119 16122 16125 16128 16131 16134 16137 16140 16143 
16146 16149 16152 16155 16158 16161 16164 16167 16170 
16173 16176 16179 16182 16185 16188 16191 16194 16197 
16200 16203 16206 16209 16212 16215 16218 16221 16224 
16227 16230 16233 16236 16239 16242 16245 16248 16251 
16254 16257 16260 16263 16266 16269 16272 16275 16278 
16281 16284 16287 16290 16293 16296 16299 16302 16305 
16308 16311 16314 16317 16320 16323 16326 16329 16332 
16335 16338 16341 16344 16347 16350 16353 16356 16359 
16362 16365 16368 16371 16374 16377 16380 16383 16386 
16389 16392 16395 16398 16401 16404 16407 16410 16413 
16416 16419 16422 16425 16428 16431 16434 16437 16440 
16443 16446 16449 16452 16455 16458 16461 16464 16467 
16470 16473 16476 16479 16482 16485 16488 16491 16494 
16497 16500 16503 16506 16509 16512 16515 16518 16521 
16524 16527 16530 16533 16536 16539 16542 16545 16548 
16551 16554 16557 16560 16563 16566 16569 16572 16575 
16578 16581 16584 16587 16590 16593 16596 16599 16602 
16605 16608 16611 16614 16617 16620 16623 16626 16629 
16632 16635 16638 16641 16644 16647 16650 16653 16656 
16659 16662 16665 16668 16671 16674 16677 16680 16683 
16686 16689 16692 16695 16698 16701 16704 16707 16710 
16713 16716 16719 16722 16725 16728 16731 16734 16737 
16740 16743 16746 16749 16752 16755 16758 16761 16764 
16767 16770 16773 16776 16779 16782 16785 16788 16791 
16794 16797 16800 16803 16806 16809 16812 16815 16818 
16821 16824 16827 16830 16833 16836 16839 16842 16845 
16848 16851 16854 16857 16860 16863 16866 16869 16872 
16875 16878 16881 16884 16887 16890 16893 16896 16899 
16902 16905 16908 16911 16914 16917 16920 16923 16926 
16929 16932 16935 16938 16941 16944 16947 16950 16953 
16956 16959 16962 16965 16968 16971 16974 16977 16980 
16983 16986 16989 16992 16995 16998 17001 17004 17007 
17010 17013 17016 17019 17022 17025 17028 17031 17034 
17037 17040 17043 17046 17049 17052 17055 17058 17061 
17064 17067 17070 17073 17076 17079 17082 17085 17088 
17091 17094 17097 17100 17103 17106 17109 17112 17115 
17118 17121 17124 17127 17130 17133 17136 17139 17142 
17145 17148 17151 17154 17157 17160 17163 17166 17169 
17172 17175 17178 17181 17184 17187 17190 17193 17196 
17199 17202 17205 17208 17211 17214 17217 17220 17223 
17226 17229 17232 17235 17238 17241 17244 17247 17250 
17253 17256 17259 17262 17265 17268 17271 17274 17277 
17280 17283 17286 17289 17292 17295 17298 17301 17304 
17307 17310 17313 17316 17319 17322 17325 17328 17331 
17334 17337 17340 17343 17346 17349 17352 17355 17358 
17361 17364 17367 17370 17373 17376 17379 17382 17385 
17388 17391 17394 17397 17400 17403 17406 17409 17412 
17415 17418 17421 17424 
CONNECTIVITY vtktypeint64
0 1 2 0 3 4 1 0 4 
3 5 6 4 3 6 5 7 8 
6 5 8 8 7 9 10 11 12 
2 11 10 2 10 0 0 10 13 
3 0 14 14 0 13 5 3 15 
15 3 14 7 5 16 16 5 15 
17 9 7 16 17 7 18 19 20 
18 21 22 19 18 22 12 22 21 
12 21 10 10 21 23 13 10 24 
24 10 23 14 13 25 25 13 24 
15 14 26 26 14 25 27 28 16 
27 16 26 26 16 15 17 16 28 
29 18 20 30 29 20 21 18 31 
31 18 29 23 21 32 32 21 31 
33 34 24 33 24 32 32 24 23 
25 24 34 35 25 34 26 25 35 
36 26 35 27 26 36 37 38 39 
30 38 37 30 37 29 29 37 40 
41 42 31 41 31 40 40 31 29 
32 31 42 43 32 42 33 32 43 
37 39 44 40 37 44 45 40 44 
41 40 45 46 47 48 47 46 49 
50 51 52 50 53 54 51 50 54 
48 54 53 48 53 46 46 53 55 
56 49 46 56 46 57 57 46 55 
56 57 58 59 50 52 60 59 52 
53 50 61 61 50 59 55 53 62 
62 53 61 57 55 63 63 55 62 
64 58 57 63 64 57 65 66 67 
65 68 69 66 65 69 60 69 68 
60 68 59 59 68 70 61 59 71 
71 59 70 62 61 72 72 61 71 
63 62 73 73 62 72 74 64 63 
74 63 75 75 63 73 74 75 76 
77 78 79 77 80 81 78 77 81 
67 81 80 67 80 65 65 80 82 
68 65 83 83 65 82 70 68 84 
84 68 83 1 84 2 1 71 84 
71 70 84 4 71 1 72 71 4 
6 72 4 73 72 6 8 73 6 
75 73 8 75 8 9 75 9 76 
76 9 85 86 77 79 87 86 79 
80 77 88 88 77 86 82 80 89 
89 80 88 83 82 90 90 82 89 
11 90 12 11 84 90 84 83 90 
2 84 11 9 17 85 85 17 91 
92 93 94 87 93 92 87 92 86 
86 92 95 88 86 96 96 86 95 
19 96 20 19 89 96 89 88 96 
22 89 19 90 89 22 12 90 22 
28 97 98 27 97 28 91 17 28 
98 91 28 99 100 101 94 100 99 
94 99 92 92 99 102 95 92 103 
103 92 102 96 95 104 104 95 103 
20 104 30 96 104 20 34 105 106 
33 105 34 35 34 107 34 106 107 
36 35 108 35 107 108 97 27 36 
108 97 36 109 99 101 110 109 101 
102 99 111 111 99 109 103 102 112 
112 102 111 38 112 39 38 104 112 
104 103 112 30 104 38 42 113 114 
41 113 42 43 42 115 42 114 115 
105 33 43 115 105 43 116 109 110 
117 116 110 111 109 118 118 109 116 
112 111 119 119 111 118 39 120 44 
39 112 120 112 119 120 121 44 120 
121 122 44 122 45 44 113 41 45 
122 113 45 123 124 125 117 124 123 
117 123 116 116 123 126 118 116 127 
127 116 126 128 129 119 128 119 127 
127 119 118 120 119 129 130 120 129 
121 120 130 123 125 131 126 123 131 
132 126 131 127 126 132 133 127 132 
128 127 133 134 135 136 135 134 137 
138 139 140 136 139 138 136 138 134 
134 138 141 142 137 134 142 134 143 
143 134 141 142 143 144 145 146 147 
140 146 145 140 145 138 138 145 148 
141 138 149 149 138 148 47 149 48 
47 143 149 143 141 149 49 150 151 
47 49 151 47 151 144 47 144 143 
151 150 152 153 154 155 147 154 153 
147 153 145 145 153 156 51 156 52 
51 148 156 148 145 156 54 148 51 
149 148 54 48 149 54 49 56 150 
150 56 58 150 58 152 152 58 157 
158 159 160 155 159 158 155 158 153 
153 158 161 156 153 162 162 153 161 
52 162 60 156 162 52 58 64 157 
157 64 163 164 165 166 164 167 168 
165 164 168 167 169 170 168 167 170 
160 170 169 160 169 158 158 169 171 
66 171 67 66 161 171 161 158 171 
69 161 66 162 161 69 60 162 69 
172 64 74 172 173 64 173 163 64 
74 76 172 174 175 176 174 177 178 
175 174 178 166 178 177 166 177 164 
164 177 179 167 164 180 180 164 179 
78 180 79 78 169 180 169 167 180 
81 169 78 171 169 81 67 171 81 
181 173 172 182 173 181 76 85 181 
172 76 181 183 184 185 176 184 183 
176 183 174 174 183 186 177 174 187 
187 174 186 179 177 188 188 177 187 
180 179 189 189 179 188 79 189 87 
180 189 79 190 182 181 191 182 190 
85 91 190 181 85 190 192 193 194 
185 193 192 185 192 183 183 192 195 
186 183 196 196 183 195 187 186 197 
197 186 196 188 187 198 198 187 197 
93 198 94 93 189 198 189 188 198 
87 189 93 98 191 190 98 97 191 
97 199 191 91 98 190 200 192 194 
201 200 194 195 192 202 202 192 200 
196 195 203 203 195 202 197 196 204 
204 196 203 100 204 101 100 198 204 
198 197 204 94 198 100 106 205 206 
105 205 106 107 106 207 106 206 207 
108 107 208 107 207 208 199 97 108 
208 199 108 209 200 201 210 209 201 
202 200 211 211 200 209 203 202 212 
212 202 211 204 203 213 213 203 212 
101 213 110 204 213 101 114 214 215 
113 214 114 115 114 216 114 215 216 
205 105 115 216 205 115 217 209 210 
218 217 210 211 209 219 219 209 217 
212 211 220 220 211 219 213 212 221 
221 212 220 110 221 117 213 221 110 
222 223 224 222 122 121 222 224 122 
224 225 122 214 113 122 225 214 122 
217 218 226 226 227 228 226 228 217 
217 228 219 220 219 229 229 219 228 
124 229 125 124 221 229 221 220 229 
117 221 124 129 230 231 128 230 129 
223 222 130 223 130 231 231 130 129 
121 130 222 228 227 232 229 228 232 
233 229 232 125 229 233 125 233 131 
131 233 234 132 131 235 131 234 235 
133 132 236 132 235 236 230 128 133 
236 230 133 237 238 239 238 237 240 
241 237 239 242 241 239 243 240 237 
243 237 244 244 237 241 244 136 135 
244 135 243 243 135 245 245 135 137 
246 245 137 247 241 242 248 247 242 
139 247 140 139 244 247 244 241 247 
136 244 139 137 249 246 142 249 137 
249 142 144 250 249 144 251 252 253 
248 252 251 247 248 251 247 251 147 
247 147 146 140 247 146 144 254 250 
151 254 144 254 151 152 255 254 152 
256 257 258 256 259 260 257 256 260 
253 260 259 251 253 259 251 259 155 
251 155 154 147 251 154 152 157 255 
255 157 261 262 263 264 262 265 266 
263 262 266 265 267 268 266 265 268 
258 268 267 258 267 256 256 267 269 
159 269 160 159 259 269 259 256 269 
155 259 159 157 163 261 261 163 270 
271 272 273 271 274 275 272 271 275 
274 276 277 275 274 277 276 278 279 
277 276 279 278 280 281 279 278 281 
264 281 280 264 280 262 262 280 282 
165 282 166 165 265 282 265 262 282 
168 265 165 267 265 168 170 267 168 
269 267 170 160 269 170 163 173 270 
270 173 283 284 271 273 285 284 273 
274 271 286 286 271 284 276 274 287 
287 274 286 278 276 288 288 276 287 
175 288 176 175 280 288 280 278 288 
178 280 175 282 280 178 166 282 178 
173 182 283 283 182 289 290 284 285 
291 290 285 286 284 292 292 284 290 
287 286 293 293 286 292 184 293 185 
184 288 293 288 287 293 176 288 184 
182 191 289 289 191 294 295 290 291 
296 295 291 292 290 297 297 290 295 
193 297 194 193 293 297 293 292 297 
185 293 193 298 299 300 298 300 294 
298 294 199 199 294 191 295 296 301 
301 302 303 301 303 295 295 303 297 
194 303 201 297 303 194 304 305 306 
304 206 205 304 306 206 306 307 206 
207 206 308 206 307 308 299 298 208 
299 208 308 308 208 207 199 208 298 
309 303 302 310 309 302 201 309 210 
303 309 201 215 311 312 214 311 215 
305 304 216 305 216 312 312 216 215 
205 216 304 313 314 315 310 314 313 
310 313 309 309 313 316 210 316 218 
309 316 210 224 317 318 223 317 224 
225 224 319 224 318 319 311 214 225 
319 311 225 313 315 320 316 313 320 
321 316 320 218 316 321 218 321 226 
226 321 322 227 323 324 227 226 323 
226 322 323 324 325 326 323 325 324 
325 327 326 328 329 330 328 231 230 
328 330 231 330 331 231 317 223 231 
331 317 231 227 324 232 233 232 324 
326 233 324 326 327 332 326 332 233 
233 332 234 235 234 333 234 332 333 
329 328 236 329 236 333 333 236 235 
230 236 328 334 335 336 334 239 238 
334 238 335 335 238 337 337 238 240 
338 337 240 339 334 336 340 339 336 
239 339 242 334 339 239 240 341 338 
243 341 240 342 343 341 342 341 245 
245 341 243 245 246 342 344 345 346 
340 345 344 340 344 339 339 344 347 
242 347 248 339 347 242 342 348 343 
349 350 348 249 349 348 249 348 342 
249 342 246 249 250 349 351 352 353 
346 352 351 346 351 344 344 351 354 
252 354 253 252 347 354 347 344 354 
248 347 252 349 355 350 356 357 355 
254 356 355 254 355 349 254 349 250 
254 255 356 358 359 360 358 361 362 
359 358 362 361 363 364 362 361 364 
363 365 366 364 363 366 365 367 368 
366 365 368 367 369 370 368 367 370 
369 371 372 370 369 372 371 373 374 
372 371 374 353 374 373 351 353 373 
351 373 258 351 258 257 260 351 257 
354 351 260 253 354 260 375 357 356 
376 357 375 255 261 375 356 255 375 
377 378 379 360 378 377 360 377 358 
358 377 380 361 358 381 381 358 380 
363 361 382 382 361 381 365 363 383 
383 363 382 367 365 384 384 365 383 
263 384 264 263 369 384 369 367 384 
266 369 263 371 369 266 268 371 266 
373 371 268 258 373 268 385 376 375 
386 376 385 261 270 385 375 261 385 
387 377 379 388 387 379 272 387 273 
272 380 387 380 377 387 275 380 272 
381 380 275 277 381 275 382 381 277 
279 382 277 383 382 279 281 383 279 
384 383 281 264 384 281 389 386 385 
390 386 389 270 283 389 385 270 389 
391 387 388 392 391 388 273 391 285 
387 391 273 393 390 389 394 390 393 
283 289 393 389 283 393 395 391 392 
396 395 392 285 395 291 391 395 285 
397 394 393 398 394 397 289 294 397 
393 289 397 399 395 396 400 399 396 
291 399 296 395 399 291 401 402 403 
398 401 403 397 401 398 397 299 401 
397 300 299 294 300 397 399 400 404 
405 404 406 301 404 405 301 399 404 
301 296 399 301 405 302 306 407 408 
305 407 306 307 306 409 306 408 409 
402 401 308 402 308 409 409 308 307 
299 308 401 410 405 406 411 410 406 
302 410 310 405 410 302 412 413 414 
412 312 311 412 414 312 414 415 312 
407 305 312 415 407 312 314 416 315 
410 411 417 416 310 418 416 314 310 
418 310 419 410 417 310 419 310 417 
419 420 418 421 422 423 421 318 317 
421 423 318 423 424 318 413 412 319 
413 319 424 424 319 318 311 319 412 
315 416 320 321 320 416 418 321 416 
418 420 425 418 425 321 321 425 322 
323 322 426 322 425 426 325 323 427 
323 426 427 327 428 429 327 325 428 
325 427 428 429 430 431 428 430 429 
431 330 329 431 430 330 430 432 330 
422 421 331 422 331 432 432 331 330 
317 331 421 327 429 332 333 332 429 
431 333 429 329 333 431 433 434 435 
433 336 335 433 335 434 434 335 436 
337 437 335 335 437 436 437 337 338 
438 437 338 439 440 441 435 440 439 
435 439 433 433 439 442 336 442 340 
433 442 336 338 443 438 341 443 338 
443 341 343 444 443 343 445 446 447 
445 448 449 446 445 449 448 450 451 
449 448 451 451 450 452 453 454 455 
453 456 457 454 453 457 441 457 456 
441 456 439 439 456 458 345 458 346 
345 442 458 442 439 458 340 442 345 
459 343 348 459 460 343 460 444 343 
348 350 459 461 445 447 462 461 447 
448 445 463 463 445 461 450 448 464 
464 448 463 465 452 450 465 450 466 
466 450 464 466 467 468 465 466 468 
467 469 470 468 467 470 469 471 472 
470 469 472 455 472 471 455 471 453 
453 471 473 456 453 474 474 453 473 
352 474 353 352 458 474 458 456 474 
346 458 352 459 475 460 476 477 475 
355 476 475 355 475 459 355 459 350 
355 357 476 478 461 462 479 478 462 
359 478 360 359 463 478 463 461 478 
362 463 359 464 463 362 364 464 362 
466 464 364 366 466 364 467 466 366 
368 467 366 469 467 368 370 469 368 
471 469 370 372 471 370 473 471 372 
374 473 372 474 473 374 353 474 374 
476 480 477 480 476 357 480 357 481 
481 357 376 378 478 479 378 479 379 
379 479 482 360 478 378 483 484 485 
483 485 481 483 481 386 386 481 376 
379 482 388 482 486 388 487 484 483 
488 484 487 386 390 487 483 386 487 
388 486 392 486 489 392 490 488 487 
491 488 490 390 394 490 487 390 490 
392 489 396 489 492 396 493 491 490 
494 491 493 394 398 493 490 394 493 
396 492 400 492 495 400 496 497 498 
494 496 498 493 496 494 493 402 496 
493 403 402 398 403 493 499 404 400 
499 400 500 500 400 495 404 499 406 
501 502 503 501 408 407 501 503 408 
503 504 408 497 496 409 497 409 504 
504 409 408 402 409 496 505 506 507 
500 506 505 500 505 499 499 505 508 
406 508 411 499 508 406 509 510 511 
509 414 413 509 511 414 511 512 414 
502 501 415 502 415 512 512 415 414 
407 415 501 505 507 513 508 505 513 
514 508 513 411 508 514 411 514 417 
417 514 515 419 417 516 417 515 516 
420 517 518 420 419 517 419 516 517 
517 519 518 423 520 521 422 520 423 
510 509 424 510 424 521 521 424 423 
413 424 509 420 518 425 518 519 522 
518 522 425 425 522 426 427 426 523 
426 522 523 428 427 524 427 523 524 
430 428 525 428 524 525 432 430 526 
430 525 526 520 422 432 526 520 432 
527 528 529 527 530 531 528 527 531 
530 435 434 530 434 531 531 434 532 
436 533 434 434 533 532 534 535 533 
534 533 437 437 533 436 437 438 534 
536 537 538 536 539 540 537 536 540 
539 541 542 540 539 542 542 541 543 
544 545 546 529 545 544 529 544 527 
527 544 547 440 547 441 440 530 547 
530 527 547 435 530 440 534 548 535 
549 550 548 443 549 548 443 548 534 
443 534 438 443 444 549 551 552 553 
551 447 446 551 446 552 552 446 554 
538 449 536 538 554 449 554 446 449 
451 536 449 539 536 451 452 539 451 
452 555 539 555 541 539 556 543 541 
556 541 557 557 541 555 557 558 559 
556 557 559 558 560 561 559 558 561 
546 561 560 544 546 560 544 560 455 
544 455 454 457 544 454 547 544 457 
441 547 457 562 550 549 563 550 562 
444 460 562 549 444 562 551 553 564 
564 447 551 564 565 447 565 462 447 
452 465 555 468 555 465 557 555 468 
470 557 468 558 557 470 472 558 470 
560 558 472 455 560 472 562 566 563 
567 568 566 475 567 566 475 566 562 
475 562 460 475 477 567 462 565 479 
565 569 479 567 570 568 571 572 570 
480 571 570 480 570 567 480 567 477 
480 481 571 573 574 575 573 569 574 
573 482 569 482 479 569 576 577 578 
572 576 578 571 576 572 571 484 576 
571 485 484 481 485 571 579 573 575 
580 579 575 482 579 486 573 579 482 
581 577 576 582 577 581 484 488 581 
576 484 581 583 579 580 584 583 580 
486 583 489 579 583 486 585 582 581 
586 582 585 488 491 585 581 488 585 
583 584 587 587 489 583 587 588 489 
588 492 489 589 586 585 590 586 589 
491 494 589 585 491 589 591 592 593 
591 588 592 591 495 588 495 492 588 
594 595 596 590 594 596 589 594 590 
589 497 594 589 498 497 494 498 589 
591 593 597 597 495 591 597 598 495 
598 500 495 599 600 601 599 503 502 
599 601 503 601 602 503 595 594 504 
595 504 602 602 504 503 497 504 594 
506 603 507 506 604 603 506 500 604 
500 598 604 605 606 607 605 511 510 
605 607 511 607 608 511 600 599 512 
600 512 608 608 512 511 502 512 599 
507 603 513 603 604 609 603 609 513 
513 609 514 515 514 610 514 609 610 
516 515 611 515 610 611 517 516 612 
516 611 612 519 613 614 519 517 613 
517 612 613 613 615 614 616 617 618 
606 616 618 605 616 606 605 520 616 
605 521 520 510 521 605 519 614 522 
614 615 619 614 619 522 522 619 523 
524 523 620 523 619 620 525 524 621 
524 620 621 617 616 526 617 526 621 
621 526 525 520 526 616 622 623 624 
622 625 626 623 622 626 625 627 628 
626 625 628 627 629 630 628 627 630 
630 629 631 632 633 634 633 632 635 
528 636 529 637 636 528 637 528 638 
638 528 531 532 639 531 531 639 638 
640 641 639 640 639 533 533 639 532 
533 535 640 642 643 644 624 643 642 
622 624 642 622 642 538 622 538 537 
540 622 537 625 622 540 542 625 540 
627 625 542 543 627 542 543 645 627 
645 629 627 646 631 629 646 629 647 
647 629 645 634 646 647 634 647 632 
632 647 648 546 545 649 546 649 632 
546 632 648 635 632 649 636 545 529 
636 650 545 650 649 545 637 650 636 
640 651 641 652 653 651 548 652 651 
548 651 640 548 640 535 548 550 652 
654 655 656 654 553 552 654 552 655 
655 552 657 644 554 642 644 657 554 
657 552 554 538 642 554 543 556 645 
559 645 556 647 645 559 561 647 559 
648 647 561 546 648 561 652 658 653 
658 652 550 658 550 659 659 550 563 
654 656 660 661 660 662 564 660 661 
564 654 660 564 553 654 564 661 565 
563 663 659 566 663 563 663 566 568 
664 663 568 665 661 662 666 665 662 
565 665 569 661 665 565 667 568 570 
667 668 568 668 664 568 570 572 667 
669 670 671 666 670 669 665 666 669 
665 669 575 665 575 574 569 665 574 
672 673 674 668 672 674 667 672 668 
667 577 672 667 578 577 572 578 667 
669 671 675 675 575 669 675 676 575 
676 580 575 677 673 672 678 673 677 
577 582 677 672 577 677 580 676 584 
676 679 584 680 678 677 681 678 680 
582 586 680 677 582 680 682 587 584 
682 584 683 683 584 679 587 682 588 
680 684 681 684 680 586 684 586 685 
685 586 590 686 687 688 683 687 686 
682 683 686 682 686 593 682 593 592 
588 682 592 689 690 691 689 596 595 
689 691 596 691 692 596 685 590 596 
692 685 596 686 688 693 694 693 695 
597 693 694 597 686 693 597 593 686 
597 694 598 696 697 698 696 699 700 
698 699 696 700 601 600 700 699 601 
699 701 601 690 689 602 690 602 701 
701 602 601 595 602 689 694 695 702 
694 604 598 694 703 604 694 702 703 
704 604 703 704 705 706 703 705 704 
706 707 708 705 707 706 707 709 708 
710 711 712 697 710 712 696 710 697 
696 606 710 696 607 606 608 607 696 
700 608 696 600 608 700 604 704 609 
610 609 704 706 610 704 611 610 706 
708 611 706 708 709 713 708 713 611 
611 713 612 613 612 714 612 713 714 
615 715 716 615 613 715 613 714 715 
716 717 718 715 717 716 718 719 720 
717 719 718 711 720 719 710 720 711 
710 617 720 710 618 617 606 618 710 
615 716 619 620 619 716 718 620 716 
621 620 718 720 621 718 617 621 720 
721 722 723 721 724 725 722 721 725 
724 726 727 725 724 727 726 728 729 
727 726 729 728 730 731 729 728 731 
731 730 732 733 734 735 733 624 623 
733 623 734 734 623 736 723 626 721 
723 736 626 736 623 626 628 721 626 
724 721 628 630 724 628 726 724 630 
631 726 630 631 737 726 737 728 726 
633 737 634 633 730 737 730 728 737 
635 738 739 633 635 739 633 739 732 
633 732 730 738 740 741 739 738 741 
740 637 638 740 638 741 741 638 742 
639 743 638 638 743 742 743 639 641 
744 743 641 745 746 747 735 746 745 
733 735 745 733 745 644 733 644 643 
624 733 643 631 646 737 634 737 646 
635 649 738 650 738 649 740 738 650 
637 740 650 641 748 744 651 748 641 
748 651 653 749 748 653 655 750 751 
656 655 751 747 657 745 747 750 657 
750 655 657 644 745 657 752 653 658 
752 753 653 753 749 653 658 659 752 
754 660 656 754 656 755 755 656 751 
660 754 662 752 756 753 757 758 756 
663 757 756 663 756 752 663 752 659 
663 664 757 759 754 755 760 759 755 
662 759 666 754 759 662 757 761 758 
761 757 664 761 664 762 762 664 668 
763 764 765 760 764 763 759 760 763 
759 763 671 759 671 670 666 759 670 
674 766 767 673 766 674 762 668 674 
767 762 674 763 765 768 769 768 770 
675 768 769 675 763 768 675 671 763 
675 769 676 673 678 766 766 678 771 
772 769 770 773 772 770 676 772 679 
769 772 676 678 681 771 771 681 774 
775 772 773 776 775 773 679 775 683 
772 775 679 777 681 684 777 778 681 
778 774 681 684 685 777 687 775 776 
687 776 688 688 776 779 683 775 687 
691 780 781 690 780 691 778 777 692 
778 692 781 781 692 691 685 692 777 
688 779 782 693 688 782 782 695 693 
783 695 782 784 785 786 784 698 697 
784 786 698 786 787 698 699 698 788 
698 787 788 701 699 789 699 788 789 
780 690 701 789 780 701 695 783 790 
702 695 790 703 702 791 702 790 791 
705 703 792 703 791 792 707 705 793 
705 792 793 709 794 795 709 707 794 
707 793 794 795 796 797 794 796 795 
797 798 799 796 798 797 799 800 801 
798 800 799 801 802 803 800 802 801 
785 803 802 784 803 785 784 711 803 
784 712 711 697 712 784 709 795 713 
714 713 795 797 714 795 715 714 797 
799 715 797 717 715 799 801 717 799 
719 717 801 803 719 801 711 719 803 
804 805 806 804 723 722 804 722 805 
805 722 807 725 808 722 722 808 807 
727 809 725 725 809 808 729 810 727 
727 810 809 811 812 810 811 810 731 
731 810 729 731 732 811 734 813 814 
735 734 814 806 736 804 806 813 736 
813 734 736 723 804 736 811 815 812 
732 815 811 732 739 815 739 816 815 
741 817 739 739 817 816 742 818 741 
741 818 817 819 820 818 819 818 743 
743 818 742 743 744 819 821 822 823 
821 824 825 822 821 825 824 747 746 
824 746 825 825 746 826 814 746 735 
826 746 814 819 827 820 744 827 819 
744 748 827 748 828 827 828 748 749 
829 828 749 830 821 823 831 830 823 
750 830 751 750 824 830 824 821 830 
747 824 750 749 753 829 829 753 832 
833 834 835 831 834 833 831 833 830 
830 833 836 751 836 755 830 836 751 
753 837 832 756 837 753 837 756 758 
838 837 758 833 835 839 839 840 841 
839 841 833 833 841 836 755 841 760 
836 841 755 842 758 761 842 843 758 
843 838 758 761 762 842 764 844 765 
841 840 845 845 760 841 845 846 760 
764 760 844 844 760 846 767 843 842 
767 766 843 766 847 843 762 767 842 
765 844 768 844 770 768 844 846 770 
846 848 770 766 771 847 847 771 849 
770 848 773 848 850 773 771 774 849 
849 774 851 773 850 776 850 852 776 
853 854 855 853 855 851 853 851 778 
778 851 774 856 857 779 856 779 852 
852 779 776 856 858 857 859 860 861 
859 862 863 861 862 859 863 864 865 
862 864 863 854 865 864 853 865 854 
853 780 865 853 781 780 778 781 853 
779 857 782 783 866 867 782 866 783 
782 858 866 782 857 858 867 868 869 
866 868 867 868 870 869 871 872 873 
871 874 875 873 874 871 875 786 785 
875 874 786 874 876 786 860 859 787 
860 787 876 876 787 786 788 787 859 
863 788 859 789 788 863 865 789 863 
780 789 865 783 867 790 791 790 867 
869 791 867 869 870 877 869 877 791 
791 877 792 793 792 878 792 877 878 
794 793 879 793 878 879 796 794 880 
794 879 880 798 796 881 796 880 881 
872 871 800 872 800 881 881 800 798 
802 800 871 875 802 871 785 802 875 
882 883 884 883 882 885 886 887 888 
886 806 805 886 805 887 887 805 889 
884 807 882 884 889 807 889 805 807 
882 890 885 882 807 890 807 808 890 
809 891 808 808 891 890 810 892 809 
809 892 891 812 893 894 812 894 810 
810 894 892 894 893 895 896 897 898 
896 899 900 897 896 900 899 901 902 
900 899 902 888 902 901 886 888 901 
886 901 814 886 814 813 806 886 813 
812 815 893 893 903 895 893 815 903 
815 816 903 817 904 816 816 904 903 
818 905 817 817 905 904 905 818 820 
906 905 820 907 908 909 898 908 907 
896 898 907 896 907 823 896 823 822 
825 896 822 899 896 825 826 899 825 
901 899 826 814 901 826 820 910 906 
827 910 820 911 912 910 911 910 828 
828 910 827 828 829 911 907 909 913 
913 823 907 913 914 823 914 831 823 
911 915 912 915 911 829 915 829 916 
916 829 832 834 917 918 835 834 918 
914 834 831 917 834 914 832 919 916 
837 919 832 919 837 838 920 919 838 
835 918 921 839 835 921 921 840 839 
922 840 921 923 924 925 923 925 920 
923 920 843 843 920 838 840 922 926 
845 840 926 926 846 845 927 846 926 
928 924 923 929 924 928 843 847 928 
923 843 928 846 927 848 927 930 848 
928 931 929 931 928 847 931 847 932 
932 847 849 848 930 850 930 933 850 
849 851 932 932 851 934 935 936 852 
935 852 933 933 852 850 935 937 936 
938 939 940 938 855 854 938 940 855 
940 941 855 934 851 855 941 934 855 
852 936 856 936 858 856 936 937 858 
937 942 858 943 944 945 943 861 860 
943 945 861 945 946 861 862 861 947 
861 946 947 939 938 864 939 864 947 
947 864 862 854 864 938 858 942 948 
866 858 948 868 866 949 866 948 949 
870 950 951 870 868 950 868 949 950 
950 952 951 953 954 955 953 956 957 
955 956 953 957 873 872 957 956 873 
956 958 873 874 873 959 873 958 959 
944 943 876 944 876 959 959 876 874 
860 876 943 870 951 877 951 952 960 
951 960 877 877 960 878 879 878 961 
878 960 961 954 953 880 954 880 961 
961 880 879 881 880 953 957 881 953 
872 881 957 962 963 964 962 884 883 
962 883 963 963 883 965 885 966 967 
885 967 883 883 967 965 967 966 968 
969 970 971 969 888 887 969 887 970 
970 887 972 964 889 962 964 972 889 
972 887 889 884 962 889 885 890 966 
966 973 968 966 890 973 890 891 973 
892 974 891 891 974 973 894 975 892 
892 975 974 975 894 895 976 975 895 
977 978 979 977 898 897 977 897 978 
978 897 980 900 981 897 897 981 980 
971 902 969 971 981 902 981 900 902 
888 969 902 895 982 976 903 982 895 
904 983 903 903 983 982 905 984 904 
904 984 983 984 905 906 985 984 906 
908 977 979 908 979 909 909 979 986 
898 977 908 906 987 985 910 987 906 
987 910 912 988 987 912 909 986 989 
913 909 989 989 914 913 990 914 989 
912 991 988 915 991 912 991 915 916 
992 991 916 917 993 918 917 994 993 
917 914 994 914 990 994 916 995 992 
919 995 916 995 919 920 996 995 920 
918 993 921 922 997 998 921 997 922 
921 994 997 921 993 994 997 999 998 
925 1000 1001 924 1000 925 996 920 925 
1001 996 925 922 998 926 998 927 926 
998 999 927 999 1002 927 924 929 1000 
1000 929 1003 1004 1005 930 1004 930 1002 
1002 930 927 1004 1006 1005 929 1007 1003 
931 1007 929 1007 931 932 1008 1007 932 
1005 1009 933 930 1005 933 1010 1005 1006 
1009 1005 1010 1011 1012 1013 1011 1013 1008 
1011 1008 934 934 1008 932 933 1009 935 
1009 937 935 1009 1010 937 1010 1014 937 
1015 1016 1017 1015 1018 1019 1017 1018 1015 
1019 1020 1021 1018 1020 1019 1021 940 939 
1021 1020 940 1020 1022 940 1012 1011 941 
1012 941 1022 1022 941 940 934 941 1011 
1023 1024 942 1023 942 1014 1014 942 937 
1023 1025 1024 1026 1027 1028 1026 1029 1030 
1028 1029 1026 1016 1030 1029 1015 1030 1016 
1015 944 1030 1015 945 944 946 945 1015 
1019 946 1015 947 946 1019 1021 947 1019 
939 947 1021 942 1024 948 1024 1025 1031 
1024 1031 948 948 1031 949 950 949 1032 
949 1031 1032 952 1033 1034 952 950 1033 
950 1032 1033 1034 1035 1036 1033 1035 1034 
1036 955 954 1036 1035 955 1035 1037 955 
956 955 1038 955 1037 1038 1027 1026 958 
1027 958 1038 1038 958 956 959 958 1026 
1030 959 1026 944 959 1030 952 1034 960 
961 960 1034 1036 961 1034 954 961 1036 
1039 1040 1041 1039 1042 1043 1040 1039 1043 
1042 964 963 1042 963 1043 1043 963 1044 
965 1045 963 963 1045 1044 967 1046 965 
965 1046 1045 968 1047 1048 968 1048 967 
967 1048 1046 1048 1047 1049 1050 1051 1052 
1050 1053 1054 1051 1050 1054 1041 1054 1053 
1039 1041 1053 1039 1053 971 1039 971 970 
972 1039 970 1042 1039 972 964 1042 972 
968 973 1047 1047 1055 1049 1047 973 1055 
973 974 1055 1056 1057 1055 1056 1055 975 
975 1055 974 975 976 1056 978 1058 1059 
979 978 1059 1052 980 1050 1052 1058 980 
1058 978 980 981 1050 980 1053 1050 981 
971 1053 981 1056 1060 1057 976 1060 1056 
976 982 1060 982 1061 1060 1062 1063 1061 
1062 1061 983 983 1061 982 983 984 1064 
1062 983 1064 984 985 1064 1065 1066 1067 
1065 1059 1066 1065 986 1059 986 979 1059 
1062 1068 1063 1064 1068 1062 1069 1068 1064 
985 1069 1064 985 987 1069 987 1070 1069 
1070 987 988 1071 1070 988 1065 1067 1072 
1073 1072 1074 989 1072 1073 989 1065 1072 
989 986 1065 989 1073 990 988 1075 1071 
991 1075 988 1075 991 992 1076 1075 992 
1073 1074 1077 1077 990 1073 1077 1078 990 
1078 994 990 1079 992 995 1079 1080 992 
1080 1076 992 995 996 1079 994 1078 1081 
997 994 1081 1081 999 997 1082 999 1081 
1001 1080 1079 1001 1000 1080 1000 1083 1080 
996 1001 1079 1084 1085 1002 1084 1002 1082 
1082 1002 999 1084 1086 1085 1000 1003 1083 
1083 1003 1087 1002 1085 1004 1085 1006 1004 
1085 1086 1006 1086 1088 1006 1089 1003 1007 
1089 1090 1003 1090 1087 1003 1007 1008 1089 
1091 1092 1010 1091 1010 1088 1088 1010 1006 
1091 1093 1092 1094 1095 1096 1090 1094 1096 
1089 1094 1090 1089 1012 1094 1089 1013 1012 
1008 1013 1089 1092 1097 1014 1010 1092 1014 
1098 1092 1093 1097 1092 1098 1099 1100 1101 
1099 1017 1016 1099 1101 1017 1101 1102 1017 
1018 1017 1103 1017 1102 1103 1020 1018 1104 
1018 1103 1104 1095 1094 1022 1095 1022 1104 
1104 1022 1020 1012 1022 1094 1014 1097 1023 
1025 1105 1106 1023 1105 1025 1023 1098 1105 
1023 1097 1098 1105 1107 1106 1108 1109 1110 
1108 1028 1027 1108 1110 1028 1110 1111 1028 
1100 1099 1029 1100 1029 1111 1111 1029 1028 
1016 1029 1099 1025 1106 1031 1106 1107 1112 
1106 1112 1031 1031 1112 1032 1033 1032 1113 
1032 1112 1113 1035 1033 1114 1033 1113 1114 
1037 1035 1115 1035 1114 1115 1109 1108 1038 
1109 1038 1115 1115 1038 1037 1027 1038 1108 
1116 1117 1118 1116 1119 1120 1117 1116 1120 
1119 1121 1122 1120 1119 1122 1121 1123 1124 
1122 1121 1124 1124 1123 1125 1126 1127 1128 
1126 1129 1130 1127 1126 1130 1129 1041 1040 
1129 1040 1130 1130 1040 1131 1118 1043 1116 
1118 1131 1043 1131 1040 1043 1044 1116 1043 
1119 1116 1044 1045 1119 1044 1121 1119 1045 
1046 1121 1045 1123 1121 1046 1123 1132 1125 
1123 1046 1132 1046 1048 1132 1049 1133 1134 
1049 1134 1048 1048 1134 1132 1134 1133 1135 
1136 1137 1138 1128 1137 1136 1126 1128 1136 
1126 1136 1052 1126 1052 1051 1054 1126 1051 
1129 1126 1054 1041 1129 1054 1049 1055 1133 
1057 1139 1140 1055 1057 1140 1055 1140 1135 
1055 1135 1133 1140 1139 1141 1058 1142 1059 
1136 1138 1143 1143 1052 1136 1143 1144 1052 
1058 1052 1142 1142 1052 1144 1057 1060 1139 
1139 1060 1061 1139 1061 1145 1139 1145 1141 
1145 1061 1146 1061 1063 1146 1066 1147 1067 
1066 1148 1147 1059 1148 1066 1059 1149 1148 
1059 1142 1149 1144 1149 1142 1146 1150 1145 
1151 1152 1150 1068 1151 1150 1068 1150 1146 
1068 1146 1063 1068 1069 1153 1151 1068 1153 
1069 1070 1154 1153 1069 1154 1070 1071 1154 
1067 1147 1072 1147 1074 1072 1147 1148 1074 
1148 1155 1074 1151 1156 1152 1153 1156 1151 
1157 1156 1153 1154 1157 1153 1158 1157 1154 
1159 1160 1158 1075 1159 1158 1075 1158 1154 
1075 1154 1071 1075 1076 1159 1074 1155 1161 
1077 1074 1161 1161 1078 1077 1162 1078 1161 
1163 1160 1159 1164 1160 1163 1076 1080 1163 
1159 1076 1163 1078 1162 1165 1081 1078 1165 
1165 1082 1081 1166 1082 1165 1167 1164 1163 
1168 1164 1167 1080 1083 1167 1163 1080 1167 
1082 1166 1169 1084 1082 1169 1169 1086 1084 
1170 1086 1169 1167 1171 1168 1171 1167 1083 
1171 1083 1172 1172 1083 1087 1173 1174 1088 
1173 1088 1170 1170 1088 1086 1173 1175 1174 
1176 1177 1178 1176 1178 1172 1176 1172 1090 
1090 1172 1087 1088 1174 1091 1174 1093 1091 
1174 1175 1093 1175 1179 1093 1180 1181 1182 
1180 1183 1184 1182 1183 1180 1184 1185 1186 
1183 1185 1184 1186 1187 1188 1185 1187 1186 
1177 1188 1187 1176 1188 1177 1176 1095 1188 
1176 1096 1095 1090 1096 1176 1189 1190 1098 
1189 1098 1179 1179 1098 1093 1189 1191 1190 
1192 1193 1194 1192 1195 1196 1194 1195 1192 
1181 1196 1195 1180 1196 1181 1180 1100 1196 
1180 1101 1100 1102 1101 1180 1184 1102 1180 
1103 1102 1184 1186 1103 1184 1104 1103 1186 
1188 1104 1186 1095 1104 1188 1098 1190 1105 
1107 1197 1198 1105 1197 1107 1105 1191 1197 
1105 1190 1191 1198 1199 1200 1197 1199 1198 
1200 1201 1202 1199 1201 1200 1202 1203 1204 
1201 1203 1202 1193 1204 1203 1192 1204 1193 
1192 1109 1204 1192 1110 1109 1111 1110 1192 
1196 1111 1192 1100 1111 1196 1107 1198 1112 
1113 1112 1198 1200 1113 1198 1114 1113 1200 
1202 1114 1200 1115 1114 1202 1204 1115 1202 
1109 1115 1204 1205 1206 1207 1205 1208 1209 
1206 1205 1209 1208 1118 1117 1208 1117 1209 
1209 1117 1210 1120 1211 1117 1117 1211 1210 
1122 1212 1120 1120 1212 1211 1124 1213 1122 
1122 1213 1212 1213 1124 1125 1214 1213 1125 
1215 1216 1217 1215 1128 1127 1215 1127 1216 
1216 1127 1218 1207 1130 1205 1207 1218 1130 
1218 1127 1130 1131 1205 1130 1208 1205 1131 
1118 1208 1131 1125 1219 1214 1132 1219 1125 
1134 1220 1132 1132 1220 1219 1220 1134 1135 
1221 1220 1135 1222 1223 1224 1217 1223 1222 
1215 1217 1222 1215 1222 1138 1215 1138 1137 
1128 1215 1137 1135 1225 1221 1140 1225 1135 
1225 1140 1141 1226 1225 1141 1222 1224 1227 
1228 1227 1229 1143 1227 1228 1143 1222 1227 
1143 1138 1222 1143 1228 1144 1141 1145 1226 
1226 1145 1230 1231 1232 1233 1229 1232 1231 
1228 1229 1231 1228 1231 1148 1228 1148 1149 
1144 1228 1149 1145 1234 1230 1150 1234 1145 
1234 1150 1152 1235 1234 1152 1231 1233 1236 
1231 1155 1148 1231 1237 1155 1231 1236 1237 
1238 1155 1237 1237 1239 1238 1152 1240 1235 
1156 1240 1152 1241 1242 1240 1241 1240 1157 
1157 1240 1156 1157 1158 1243 1241 1157 1243 
1158 1160 1243 1155 1238 1161 1162 1244 1245 
1161 1244 1162 1161 1239 1244 1161 1238 1239 
1244 1246 1245 1241 1247 1242 1243 1247 1241 
1248 1247 1243 1248 1243 1160 1248 1160 1249 
1249 1160 1164 1162 1245 1165 1166 1250 1251 
1165 1250 1166 1165 1246 1250 1165 1245 1246 
1250 1252 1251 1164 1168 1249 1249 1168 1253 
1166 1251 1169 1251 1170 1169 1251 1252 1170 
1252 1254 1170 1255 1168 1171 1255 1256 1168 
1256 1253 1168 1171 1172 1255 1170 1254 1257 
1173 1170 1257 1257 1175 1173 1258 1175 1257 
1259 1260 1261 1259 1262 1263 1261 1262 1259 
1263 1264 1265 1262 1264 1263 1265 1266 1267 
1264 1266 1265 1256 1267 1266 1255 1267 1256 
1255 1177 1267 1255 1178 1177 1172 1178 1255 
1175 1258 1179 1258 1268 1179 1269 1270 1271 
1260 1269 1271 1259 1269 1260 1259 1181 1269 
1259 1182 1181 1183 1182 1259 1263 1183 1259 
1185 1183 1263 1265 1185 1263 1187 1185 1265 
1267 1187 1265 1177 1187 1267 1179 1268 1272 
1189 1179 1272 1272 1191 1189 1273 1191 1272 
1274 1275 1276 1274 1194 1193 1274 1276 1194 
1276 1277 1194 1270 1269 1195 1270 1195 1277 
1277 1195 1194 1181 1195 1269 1191 1273 1278 
1197 1191 1278 1199 1197 1279 1197 1278 1279 
1201 1199 1280 1199 1279 1280 1275 1274 1203 
1275 1203 1280 1280 1203 1201 1193 1203 1274 
1281 1282 1283 1282 1281 1284 1285 1286 1287 
1285 1207 1206 1285 1206 1286 1286 1206 1288 
1209 1289 1206 1206 1289 1288 1210 1290 1209 
1209 1290 1289 1283 1211 1281 1283 1290 1211 
1290 1210 1211 1281 1291 1284 1281 1211 1291 
1211 1212 1291 1213 1292 1212 1212 1292 1291 
1292 1213 1214 1293 1292 1214 1216 1294 1295 
1217 1216 1295 1287 1218 1285 1287 1294 1218 
1294 1216 1218 1207 1285 1218 1214 1296 1293 
1219 1296 1214 1220 1297 1219 1219 1297 1296 
1221 1298 1299 1221 1299 1220 1220 1299 1297 
1299 1298 1300 1223 1301 1224 1223 1302 1301 
1223 1217 1302 1217 1295 1302 1221 1225 1298 
1298 1225 1226 1298 1226 1300 1300 1226 1303 
1224 1301 1227 1229 1304 1305 1227 1304 1229 
1227 1302 1304 1227 1301 1302 1304 1306 1305 
1307 1230 1308 1307 1303 1230 1303 1226 1230 
1307 1308 1309 1232 1310 1233 1232 1311 1310 
1229 1311 1232 1229 1312 1311 1229 1305 1312 
1306 1312 1305 1230 1234 1308 1235 1313 1314 
1234 1235 1314 1234 1314 1309 1234 1309 1308 
1314 1313 1315 1233 1310 1236 1310 1311 1316 
1310 1316 1236 1236 1316 1237 1316 1239 1237 
1317 1239 1316 1235 1240 1313 1242 1318 1319 
1240 1242 1319 1240 1319 1315 1240 1315 1313 
1319 1318 1320 1239 1317 1321 1244 1239 1321 
1321 1246 1244 1322 1246 1321 1242 1247 1318 
1318 1323 1320 1318 1247 1323 1247 1248 1323 
1323 1248 1249 1324 1323 1249 1246 1322 1325 
1250 1246 1325 1325 1252 1250 1326 1252 1325 
1249 1253 1324 1324 1253 1327 1252 1326 1254 
1326 1328 1254 1329 1330 1331 1329 1332 1333 
1331 1332 1329 1333 1334 1335 1332 1334 1333 
1335 1334 1327 1335 1327 1256 1256 1327 1253 
1254 1328 1336 1257 1254 1336 1336 1258 1257 
1337 1258 1336 1338 1339 1340 1338 1261 1260 
1338 1340 1261 1340 1341 1261 1330 1329 1262 
1330 1262 1341 1341 1262 1261 1264 1262 1329 
1333 1264 1329 1266 1264 1333 1335 1266 1333 
1256 1266 1335 1342 1343 1268 1342 1268 1337 
1337 1268 1258 1342 1344 1343 1345 1346 1347 
1339 1345 1347 1338 1345 1339 1338 1270 1345 
1338 1271 1270 1260 1271 1338 1268 1343 1272 
1273 1348 1349 1272 1348 1273 1272 1344 1348 
1272 1343 1344 1349 1350 1351 1348 1350 1349 
1351 1352 1353 1350 1352 1351 1353 1276 1275 
1353 1352 1276 1352 1354 1276 1346 1345 1277 
1346 1277 1354 1354 1277 1276 1270 1277 1345 
1273 1349 1278 1279 1278 1349 1351 1279 1349 
1280 1279 1351 1353 1280 1351 1275 1280 1353 
1355 1356 1357 1355 1358 1359 1356 1355 1359 
1358 1360 1361 1359 1358 1361 1360 1283 1282 
1360 1282 1361 1361 1282 1362 1284 1363 1364 
1284 1364 1282 1282 1364 1362 1364 1363 1365 
1286 1366 1367 1287 1286 1367 1357 1288 1355 
1357 1366 1288 1366 1286 1288 1289 1355 1288 
1358 1355 1289 1290 1358 1289 1360 1358 1290 
1283 1360 1290 1284 1291 1363 1363 1368 1365 
1363 1291 1368 1291 1292 1368 1368 1292 1293 
1369 1368 1293 1294 1370 1371 1295 1294 1371 
1367 1294 1287 1370 1294 1367 1293 1372 1369 
1296 1372 1293 1297 1373 1296 1296 1373 1372 
1299 1374 1297 1297 1374 1373 1374 1299 1300 
1375 1374 1300 1376 1377 1302 1376 1302 1371 
1371 1302 1295 1376 1378 1377 1379 1303 1380 
1379 1375 1303 1375 1300 1303 1379 1380 1381 
1302 1377 1304 1377 1306 1304 1377 1378 1306 
1378 1382 1306 1303 1307 1380 1309 1383 1384 
1307 1309 1384 1307 1384 1381 1307 1381 1380 
1384 1383 1385 1312 1386 1387 1311 1312 1387 
1382 1312 1306 1386 1312 1382 1309 1314 1383 
1315 1388 1389 1314 1315 1389 1314 1389 1385 
1314 1385 1383 1389 1388 1390 1311 1387 1391 
1316 1311 1391 1317 1392 1393 1317 1316 1392 
1316 1391 1392 1392 1394 1393 1315 1319 1388 
1320 1395 1396 1319 1320 1396 1319 1396 1390 
1319 1390 1388 1396 1395 1397 1317 1393 1321 
1322 1398 1399 1321 1398 1322 1321 1394 1398 
1321 1393 1394 1398 1400 1399 1320 1323 1395 
1395 1323 1324 1395 1324 1397 1397 1324 1401 
1322 1399 1325 1326 1402 1403 1325 1402 1326 
1325 1400 1402 1325 1399 1400 1402 1404 1403 
1405 1406 1407 1405 1408 1409 1407 1408 1405 
1409 1410 1411 1408 1410 1409 1411 1410 1401 
1411 1401 1327 1327 1401 1324 1403 1412 1328 
1326 1403 1328 1413 1403 1404 1412 1403 1413 
1414 1415 1416 1414 1417 1418 1416 1417 1414 
1406 1418 1417 1405 1418 1406 1405 1330 1418 
1405 1331 1330 1332 1331 1405 1409 1332 1405 
1334 1332 1409 1411 1334 1409 1327 1334 1411 
1328 1412 1336 1337 1419 1420 1336 1419 1337 
1336 1413 1419 1336 1412 1413 1419 1421 1420 
1422 1423 1424 1415 1422 1424 1414 1422 1415 
1414 1339 1422 1414 1340 1339 1341 1340 1414 
1418 1341 1414 1330 1341 1418 1337 1420 1342 
1344 1425 1426 1342 1425 1344 1342 1421 1425 
1342 1420 1421 1425 1427 1426 1428 1429 1430 
1428 1431 1432 1430 1431 1428 1423 1432 1431 
1422 1432 1423 1422 1346 1432 1422 1347 1346 
1339 1347 1422 1344 1426 1348 1426 1427 1433 
1426 1433 1348 1348 1433 1350 1429 1428 1352 
1429 1352 1433 1433 1352 1350 1354 1352 1428 
1432 1354 1428 1346 1354 1432 1434 1435 1436 
1434 1357 1356 1434 1356 1435 1435 1356 1437 
1359 1438 1356 1356 1438 1437 1361 1439 1359 
1359 1439 1438 1362 1440 1361 1361 1440 1439 
1364 1441 1362 1362 1441 1440 1365 1442 1443 
1365 1443 1364 1364 1443 1441 1443 1442 1444 
1445 1446 1447 1436 1446 1445 1434 1436 1445 
1434 1445 1367 1434 1367 1366 1357 1434 1366 
1365 1368 1442 1369 1448 1449 1368 1369 1449 
1368 1449 1444 1368 1444 1442 1448 1450 1451 
1449 1448 1451 1451 1450 1452 1370 1453 1371 
1445 1447 1454 1454 1367 1445 1454 1455 1367 
1370 1367 1453 1453 1367 1455 1369 1372 1448 
1373 1448 1372 1450 1448 1373 1450 1456 1452 
1450 1373 1456 1373 1374 1456 1456 1374 1375 
1457 1456 1375 1371 1453 1376 1453 1378 1376 
1453 1455 1378 1455 1458 1378 1375 1459 1457 
1379 1459 1375 1459 1379 1381 1460 1459 1381 
1378 1458 1382 1458 1461 1382 1381 1462 1460 
1384 1462 1381 1385 1463 1464 1385 1464 1384 
1384 1464 1462 1463 1465 1466 1464 1463 1466 
1466 1465 1467 1386 1468 1387 1386 1469 1468 
1386 1382 1469 1382 1461 1469 1385 1389 1463 
1390 1463 1389 1390 1470 1463 1470 1465 1463 
1471 1467 1465 1470 1471 1465 1387 1468 1391 
1468 1469 1472 1468 1472 1391 1391 1472 1392 
1472 1394 1392 1473 1394 1472 1390 1396 1470 
1470 1396 1397 1470 1397 1471 1471 1397 1474 
1394 1473 1475 1398 1394 1475 1475 1400 1398 
1476 1400 1475 1477 1478 1479 1477 1480 1481 
1479 1480 1477 1481 1482 1483 1480 1482 1481 
1483 1482 1474 1483 1474 1401 1401 1474 1397 
1400 1476 1484 1402 1400 1484 1484 1404 1402 
1485 1404 1484 1486 1487 1488 1478 1486 1488 
1477 1486 1478 1477 1406 1486 1477 1407 1406 
1408 1407 1477 1481 1408 1477 1410 1408 1481 
1483 1410 1481 1401 1410 1483 1489 1490 1413 
1489 1413 1485 1485 1413 1404 1489 1491 1490 
1416 1492 1493 1415 1492 1416 1487 1486 1417 
1487 1417 1493 1493 1417 1416 1406 1417 1486 
1413 1490 1419 1421 1494 1495 1419 1494 1421 
1419 1491 1494 1419 1490 1491 1494 1496 1495 
1497 1498 1499 1497 1424 1423 1497 1499 1424 
1499 1500 1424 1492 1415 1424 1500 1492 1424 
1421 1495 1425 1427 1501 1502 1425 1501 1427 
1425 1496 1501 1425 1495 1496 1502 1430 1429 
1502 1501 1430 1501 1503 1430 1498 1497 1431 
1498 1431 1503 1503 1431 1430 1423 1431 1497 
1427 1502 1433 1429 1433 1502 1504 1505 1506 
1504 1507 1508 1505 1504 1508 1507 1509 1510 
1508 1507 1510 1510 1509 1511 1435 1512 1513 
1436 1435 1513 1506 1437 1504 1506 1512 1437 
1512 1435 1437 1438 1504 1437 1507 1504 1438 
1439 1507 1438 1509 1507 1439 1509 1514 1511 
1509 1439 1514 1439 1440 1514 1441 1515 1440 
1440 1515 1514 1443 1516 1441 1441 1516 1515 
1516 1443 1444 1517 1516 1444 1446 1518 1519 
1447 1446 1519 1513 1446 1436 1518 1446 1513 
1444 1520 1517 1449 1520 1444 1451 1521 1449 
1449 1521 1520 1452 1522 1523 1452 1523 1451 
1451 1523 1521 1523 1522 1524 1447 1519 1525 
1454 1447 1525 1525 1455 1454 1526 1455 1525 
1452 1456 1522 1457 1527 1528 1456 1457 1528 
1456 1528 1524 1456 1524 1522 1528 1527 1529 
1455 1526 1458 1526 1530 1458 1457 1459 1527 
1460 1531 1532 1459 1460 1532 1459 1532 1529 
1459 1529 1527 1531 1533 1534 1532 1531 1534 
1533 1535 1536 1534 1533 1536 1536 1535 1537 
1538 1539 1540 1538 1530 1539 1538 1461 1530 
1461 1458 1530 1460 1462 1531 1464 1531 1462 
1533 1531 1464 1466 1533 1464 1535 1533 1466 
1467 1541 1542 1466 1467 1542 1466 1542 1537 
1466 1537 1535 1542 1541 1543 1538 1540 1544 
1538 1469 1461 1538 1545 1469 1538 1544 1545 
1546 1469 1545 1545 1547 1546 1541 1471 1548 
1467 1471 1541 1549 1543 1541 1548 1549 1541 
1469 1546 1472 1473 1550 1551 1472 1550 1473 
1472 1547 1550 1472 1546 1547 1550 1552 1551 
1553 1554 1555 1553 1556 1557 1555 1556 1553 
1557 1558 1559 1556 1558 1557 1548 1558 1560 
1548 1474 1558 1548 1471 1474 1474 1559 1558 
1549 1548 1560 1473 1551 1475 1476 1561 1562 
1475 1561 1476 1475 1552 1561 1475 1551 1552 
1561 1563 1562 1564 1565 1566 1554 1564 1566 
1553 1564 1554 1553 1478 1564 1553 1479 1478 
1480 1479 1553 1557 1480 1553 1482 1480 1557 
1559 1482 1557 1474 1482 1559 1476 1562 1484 
1485 1567 1568 1484 1567 1485 1484 1563 1567 
1484 1562 1563 1567 1569 1568 1570 1571 1572 
1565 1570 1572 1564 1570 1565 1564 1487 1570 
1564 1488 1487 1478 1488 1564 1485 1568 1489 
1491 1573 1574 1489 1573 1491 1489 1569 1573 
1489 1568 1569 1573 1575 1574 1576 1577 1578 
1571 1576 1578 1570 1576 1571 1570 1492 1576 
1570 1493 1492 1487 1493 1570 1491 1574 1494 
1496 1579 1580 1494 1579 1496 1494 1575 1579 
1494 1574 1575 1580 1581 1582 1579 1581 1580 
1582 1499 1498 1582 1581 1499 1581 1583 1499 
1577 1576 1500 1577 1500 1583 1583 1500 1499 
1492 1500 1576 1496 1580 1501 1503 1501 1580 
1582 1503 1580 1498 1503 1582 1505 1584 1585 
1506 1505 1585 1508 1586 1505 1505 1586 1584 
1510 1587 1508 1508 1587 1586 1511 1588 1589 
1511 1589 1510 1510 1589 1587 1589 1588 1590 
1512 1591 1592 1513 1512 1592 1585 1512 1506 
1591 1512 1585 1511 1514 1588 1588 1593 1590 
1588 1514 1593 1514 1515 1593 1516 1594 1515 
1515 1594 1593 1517 1595 1596 1517 1596 1516 
1516 1596 1594 1595 1597 1598 1596 1595 1598 
1597 1599 1600 1598 1597 1600 1599 1601 1602 
1600 1599 1602 1602 1601 1603 1518 1604 1519 
1518 1605 1604 1518 1513 1605 1513 1592 1605 
1517 1520 1595 1521 1595 1520 1597 1595 1521 
1523 1597 1521 1599 1597 1523 1524 1599 1523 
1524 1606 1599 1606 1601 1599 1607 1603 1601 
1606 1607 1601 1519 1604 1525 1604 1526 1525 
1604 1605 1526 1605 1608 1526 1524 1528 1606 
1529 1609 1610 1528 1529 1610 1528 1610 1607 
1528 1607 1606 1609 1611 1612 1610 1609 1612 
1611 1613 1614 1612 1611 1614 1613 1615 1616 
1614 1613 1616 1616 1615 1617 1618 1619 1620 
1618 1608 1619 1618 1530 1608 1530 1526 1608 
1529 1532 1609 1534 1609 1532 1611 1609 1534 
1536 1611 1534 1613 1611 1536 1537 1613 1536 
1537 1621 1613 1621 1615 1613 1622 1617 1615 
1621 1622 1615 1539 1623 1540 1618 1620 1624 
1624 1530 1618 1624 1625 1530 1539 1530 1623 
1623 1530 1625 1537 1542 1621 1621 1542 1543 
1621 1543 1622 1622 1543 1626 1540 1623 1544 
1623 1625 1627 1623 1627 1544 1544 1627 1545 
1627 1547 1545 1628 1547 1627 1629 1630 1631 
1631 1632 1629 1633 1634 1635 1633 1635 1626 
1633 1626 1549 1549 1626 1543 1547 1628 1636 
1550 1547 1636 1636 1552 1550 1637 1552 1636 
1555 1638 1639 1554 1638 1555 1630 1629 1556 
1630 1556 1639 1639 1556 1555 1629 1632 1640 
1629 1640 1556 1556 1640 1558 1634 1633 1560 
1634 1560 1640 1640 1560 1558 1549 1560 1633 
1552 1637 1641 1561 1552 1641 1641 1563 1561 
1642 1563 1641 1566 1643 1644 1565 1643 1566 
1638 1554 1566 1644 1638 1566 1563 1642 1645 
1567 1563 1645 1645 1569 1567 1646 1569 1645 
1572 1647 1648 1571 1647 1572 1643 1565 1572 
1648 1643 1572 1569 1646 1649 1573 1569 1649 
1575 1650 1651 1575 1573 1650 1573 1649 1650 
1651 1652 1653 1650 1652 1651 1653 1654 1655 
1652 1654 1653 1655 1578 1577 1655 1654 1578 
1654 1656 1578 1647 1571 1578 1656 1647 1578 
1575 1651 1579 1581 1579 1651 1653 1581 1651 
1583 1581 1653 1655 1583 1653 1577 1583 1655 
1657 1658 1659 1658 1657 1660 1584 1661 1662 
1585 1584 1662 1586 1663 1584 1584 1663 1661 
1659 1587 1657 1659 1663 1587 1663 1586 1587 
1657 1664 1660 1657 1587 1664 1587 1589 1664 
1664 1589 1590 1665 1664 1590 1591 1666 1667 
1592 1591 1667 1662 1591 1585 1666 1591 1662 
1590 1668 1665 1593 1668 1590 1594 1669 1593 
1593 1669 1668 1596 1670 1594 1594 1670 1669 
1598 1671 1596 1596 1671 1670 1600 1672 1598 
1598 1672 1671 1602 1673 1600 1600 1673 1672 
1603 1674 1675 1603 1675 1602 1602 1675 1673 
1674 1676 1677 1675 1674 1677 1677 1676 1678 
1592 1667 1605 1667 1679 1605 1674 1607 1680 
1603 1607 1674 1676 1674 1681 1681 1674 1680 
1682 1678 1676 1682 1676 1683 1683 1676 1681 
1683 1684 1685 1682 1683 1685 1684 1686 1687 
1685 1684 1687 1687 1686 1688 1689 1690 1691 
1689 1679 1690 1689 1608 1679 1608 1605 1679 
1607 1610 1680 1612 1680 1610 1681 1680 1612 
1614 1681 1612 1683 1681 1614 1616 1683 1614 
1684 1683 1616 1617 1684 1616 1617 1692 1684 
1692 1686 1684 1693 1688 1686 1692 1693 1686 
1694 1695 1696 1691 1695 1694 1689 1691 1694 
1689 1694 1620 1689 1620 1619 1608 1689 1619 
1692 1622 1697 1617 1622 1692 1698 1693 1692 
1697 1698 1692 1694 1696 1699 1620 1694 1699 
1620 1699 1624 1624 1699 1700 1625 1701 1702 
1625 1624 1701 1624 1700 1701 1701 1703 1702 
1704 1705 1706 1704 1707 1708 1706 1707 1704 
1707 1709 1708 1697 1710 1711 1697 1622 1710 
1622 1626 1710 1698 1697 1711 1625 1702 1627 
1628 1712 1713 1627 1712 1628 1627 1703 1712 
1627 1702 1703 1712 1714 1713 1715 1716 1717 
1705 1715 1717 1704 1715 1705 1704 1630 1715 
1704 1631 1630 1632 1631 1704 1632 1704 1718 
1718 1704 1708 1634 1719 1635 1634 1708 1719 
1634 1718 1708 1709 1719 1708 1710 1626 1635 
1719 1710 1635 1628 1713 1636 1637 1720 1721 
1636 1720 1637 1636 1714 1720 1636 1713 1714 
1720 1722 1721 1723 1724 1725 1716 1723 1725 
1715 1723 1716 1715 1638 1723 1715 1639 1638 
1630 1639 1715 1632 1718 1640 1634 1640 1718 
1637 1721 1641 1642 1726 1727 1641 1726 1642 
1641 1722 1726 1641 1721 1722 1726 1728 1727 
1729 1730 1731 1724 1729 1731 1723 1729 1724 
1723 1643 1729 1723 1644 1643 1638 1644 1723 
1642 1727 1645 1646 1732 1733 1645 1732 1646 
1645 1728 1732 1645 1727 1728 1732 1734 1733 
1735 1736 1737 1730 1735 1737 1729 1735 1730 
1729 1647 1735 1729 1648 1647 1643 1648 1729 
1646 1733 1649 1733 1734 1738 1733 1738 1649 
1649 1738 1650 1652 1650 1739 1650 1738 1739 
1654 1652 1740 1652 1739 1740 1736 1735 1656 
1736 1656 1740 1740 1656 1654 1647 1656 1735 
1741 1742 1743 1741 1659 1658 1741 1658 1742 
1742 1658 1744 1660 1745 1746 1660 1746 1658 
1658 1746 1744 1746 1745 1747 1661 1748 1749 
1662 1661 1749 1743 1663 1741 1743 1748 1663 
1748 1661 1663 1659 1741 1663 1660 1664 1745 
1665 1750 1751 1664 1665 1751 1664 1751 1747 
1664 1747 1745 1750 1752 1753 1751 1750 1753 
1752 1754 1755 1753 1752 1755 1754 1756 1757 
1755 1754 1757 1756 1758 1759 1757 1756 1759 
1758 1760 1761 1759 1758 1761 1760 1762 1763 
1761 1760 1763 1762 1764 1765 1763 1762 1765 
1764 1766 1767 1765 1764 1767 1766 1768 1769 
1767 1766 1769 1769 1768 1770 1666 1771 1772 
1667 1666 1772 1749 1666 1662 1771 1666 1749 
1665 1668 1750 1669 1750 1668 1752 1750 1669 
1670 1752 1669 1754 1752 1670 1671 1754 1670 
1756 1754 1671 1672 1756 1671 1758 1756 1672 
1673 1758 1672 1760 1758 1673 1675 1760 1673 
1762 1760 1675 1677 1762 1675 1764 1762 1677 
1678 1764 1677 1678 1773 1764 1773 1766 1764 
1768 1766 1774 1774 1766 1773 1775 1770 1768 
1775 1768 1776 1776 1768 1774 1776 1777 1778 
1775 1776 1778 1778 1777 1779 1667 1772 1679 
1772 1780 1679 1678 1682 1773 1685 1773 1682 
1774 1773 1685 1687 1774 1685 1776 1774 1687 
1688 1776 1687 1688 1781 1776 1781 1777 1776 
1782 1779 1777 1781 1782 1777 1690 1783 1691 
1690 1784 1783 1690 1679 1784 1679 1780 1784 
1781 1693 1785 1688 1693 1781 1786 1782 1781 
1785 1786 1781 1695 1787 1696 1695 1788 1787 
1691 1788 1695 1691 1789 1788 1691 1783 1789 
1784 1789 1783 1790 1791 1792 1790 1793 1794 
1792 1793 1790 1794 1795 1796 1793 1795 1794 
1796 1797 1798 1795 1797 1796 1785 1797 1799 
1785 1698 1797 1785 1693 1698 1698 1798 1797 
1786 1785 1799 1696 1787 1699 1787 1788 1800 
1787 1800 1699 1699 1800 1700 1701 1700 1801 
1700 1800 1801 1703 1802 1803 1703 1701 1802 
1701 1801 1802 1802 1804 1803 1805 1806 1807 
1791 1805 1807 1790 1805 1791 1790 1705 1805 
1790 1706 1705 1707 1706 1790 1794 1707 1790 
1709 1707 1794 1709 1794 1808 1808 1794 1796 
1711 1710 1808 1711 1808 1798 1798 1808 1796 
1698 1711 1798 1703 1803 1712 1714 1809 1810 
1712 1809 1714 1712 1804 1809 1712 1803 1804 
1809 1811 1810 1812 1813 1814 1806 1812 1814 
1805 1812 1806 1805 1716 1812 1805 1717 1716 
1705 1717 1805 1709 1808 1719 1710 1719 1808 
1714 1810 1720 1722 1815 1816 1720 1815 1722 
1720 1811 1815 1720 1810 1811 1816 1817 1818 
1815 1817 1816 1817 1819 1818 1820 1821 1822 
1813 1820 1822 1812 1820 1813 1812 1724 1820 
1812 1725 1724 1716 1725 1812 1722 1816 1726 
1728 1726 1816 1728 1816 1823 1823 1816 1818 
1824 1818 1819 1824 1825 1818 1825 1823 1818 
1825 1826 1827 1824 1826 1825 1827 1828 1829 
1826 1828 1827 1829 1830 1831 1828 1830 1829 
1821 1831 1830 1820 1831 1821 1820 1730 1831 
1820 1731 1730 1724 1731 1820 1728 1823 1732 
1734 1732 1823 1734 1823 1832 1832 1823 1825 
1827 1833 1825 1833 1832 1825 1829 1834 1827 
1834 1833 1827 1737 1736 1834 1737 1834 1831 
1831 1834 1829 1730 1737 1831 1734 1832 1738 
1739 1738 1832 1833 1739 1832 1740 1739 1833 
1834 1740 1833 1736 1740 1834 1835 1836 1837 
1836 1835 1838 1742 1839 1840 1743 1742 1840 
1837 1744 1835 1837 1839 1744 1839 1742 1744 
1835 1841 1838 1835 1744 1841 1744 1746 1841 
1747 1842 1843 1747 1843 1746 1746 1843 1841 
1842 1844 1845 1843 1842 1845 1845 1844 1846 
1847 1848 1849 1847 1850 1851 1848 1847 1851 
1850 1852 1853 1851 1850 1853 1852 1854 1855 
1853 1852 1855 1854 1856 1857 1855 1854 1857 
1856 1858 1859 1857 1856 1859 1858 1860 1861 
1859 1858 1861 1860 1862 1863 1861 1860 1863 
1863 1862 1864 1748 1865 1866 1749 1748 1866 
1840 1748 1743 1865 1748 1840 1747 1751 1842 
1753 1842 1751 1844 1842 1753 1844 1867 1846 
1844 1753 1867 1753 1755 1867 1757 1868 1755 
1755 1868 1867 1849 1759 1847 1849 1868 1759 
1868 1757 1759 1761 1847 1759 1850 1847 1761 
1763 1850 1761 1852 1850 1763 1765 1852 1763 
1854 1852 1765 1767 1854 1765 1856 1854 1767 
1769 1856 1767 1858 1856 1769 1770 1858 1769 
1770 1869 1858 1869 1860 1858 1862 1860 1870 
1870 1860 1869 1871 1864 1862 1870 1871 1862 
1771 1872 1873 1772 1771 1873 1866 1771 1749 
1872 1771 1866 1770 1775 1869 1778 1869 1775 
1870 1869 1778 1779 1874 1875 1778 1779 1875 
1778 1875 1871 1778 1871 1870 1875 1874 1876 
1772 1873 1780 1873 1877 1780 1874 1878 1879 
1874 1779 1878 1779 1782 1878 1876 1874 1879 
1780 1877 1784 1877 1880 1784 1881 1882 1883 
1881 1884 1885 1883 1884 1881 1885 1886 1887 
1884 1886 1885 1887 1888 1889 1886 1888 1887 
1889 1890 1891 1888 1890 1889 1891 1890 1878 
1891 1878 1786 1786 1878 1782 1789 1892 1788 
1893 1784 1880 1893 1892 1784 1893 1894 1892 
1892 1789 1784 1893 1895 1894 1896 1897 1898 
1882 1896 1898 1881 1896 1882 1881 1791 1896 
1881 1792 1791 1793 1792 1881 1885 1793 1881 
1795 1793 1885 1887 1795 1885 1797 1795 1887 
1889 1797 1887 1799 1797 1889 1891 1799 1889 
1786 1799 1891 1788 1892 1800 1801 1800 1892 
1894 1801 1892 1894 1895 1899 1894 1899 1801 
1801 1899 1802 1804 1900 1901 1804 1802 1900 
1802 1899 1900 1900 1902 1901 1903 1904 1905 
1897 1903 1905 1896 1903 1897 1896 1806 1903 
1896 1807 1806 1791 1807 1896 1804 1901 1809 
1811 1906 1907 1809 1906 1811 1809 1902 1906 
1809 1901 1902 1907 1908 1909 1906 1908 1907 
1908 1910 1909 1911 1912 1913 1904 1911 1913 
1903 1911 1904 1903 1813 1911 1903 1814 1813 
1806 1814 1903 1811 1907 1815 1817 1815 1907 
1909 1817 1907 1819 1914 1915 1817 1914 1819 
1817 1910 1914 1817 1909 1910 1915 1916 1917 
1914 1916 1915 1917 1918 1919 1916 1918 1917 
1919 1920 1921 1918 1920 1919 1912 1921 1920 
1911 1921 1912 1911 1821 1921 1911 1822 1821 
1813 1822 1911 1819 1915 1824 1826 1824 1915 
1917 1826 1915 1828 1826 1917 1919 1828 1917 
1830 1828 1919 1921 1830 1919 1821 1830 1921 
1836 1922 1923 1837 1836 1923 1838 1924 1925 
1838 1925 1836 1836 1925 1922 1924 1926 1927 
1925 1924 1927 1926 1928 1929 1927 1926 1929 
1929 1928 1930 1931 1932 1933 1931 1934 1935 
1932 1931 1935 1934 1936 1937 1935 1934 1937 
1936 1938 1939 1937 1936 1939 1938 1940 1941 
1939 1938 1941 1940 1942 1943 1941 1940 1943 
1942 1944 1945 1943 1942 1945 1944 1946 1947 
1945 1944 1947 1946 1948 1949 1947 1946 1949 
1949 1948 1950 1839 1951 1952 1840 1839 1952 
1923 1839 1837 1951 1839 1923 1838 1841 1924 
1843 1924 1841 1926 1924 1843 1845 1926 1843 
1928 1926 1845 1846 1953 1954 1845 1846 1954 
1845 1954 1930 1845 1930 1928 1953 1955 1956 
1954 1953 1956 1933 1956 1955 1931 1933 1955 
1931 1955 1849 1931 1849 1848 1851 1931 1848 
1934 1931 1851 1853 1934 1851 1936 1934 1853 
1855 1936 1853 1938 1936 1855 1857 1938 1855 
1940 1938 1857 1859 1940 1857 1942 1940 1859 
1861 1942 1859 1944 1942 1861 1863 1944 1861 
1946 1944 1863 1864 1946 1863 1864 1957 1946 
1957 1948 1946 1958 1950 1948 1958 1948 1959 
1959 1948 1957 1958 1959 1960 1865 1961 1962 
1866 1865 1962 1952 1865 1840 1961 1865 1952 
1846 1867 1953 1868 1953 1867 1955 1953 1868 
1849 1955 1868 1957 1871 1963 1864 1871 1957 
1959 1957 1964 1964 1957 1963 1965 1960 1959 
1964 1965 1959 1872 1966 1873 1872 1967 1966 
1872 1866 1967 1866 1962 1967 1871 1875 1963 
1968 1964 1963 1968 1963 1876 1968 1876 1969 
1875 1876 1963 1965 1964 1968 1966 1970 1971 
1966 1971 1873 1873 1971 1877 1967 1970 1966 
1972 1973 1974 1972 1975 1976 1974 1975 1972 
1976 1977 1978 1975 1977 1976 1978 1879 1878 
1978 1977 1879 1977 1979 1879 1969 1876 1879 
1979 1969 1879 1877 1971 1880 1971 1980 1880 
1981 1982 1983 1981 1883 1882 1981 1983 1883 
1983 1984 1883 1884 1883 1985 1883 1984 1985 
1973 1972 1886 1973 1886 1985 1985 1886 1884 
1888 1886 1972 1976 1888 1972 1890 1888 1976 
1978 1890 1976 1878 1890 1978 1880 1980 1986 
1893 1880 1986 1895 1987 1988 1895 1893 1987 
1893 1986 1987 1987 1989 1988 1990 1991 1992 
1982 1990 1992 1981 1990 1982 1981 1897 1990 
1981 1898 1897 1882 1898 1981 1895 1988 1899 
1988 1989 1993 1988 1993 1899 1899 1993 1900 
1902 1994 1995 1902 1900 1994 1900 1993 1994 
1994 1996 1995 1997 1998 1999 1991 1997 1999 
1990 1997 1991 1990 1904 1997 1990 1905 1904 
1897 1905 1990 1902 1995 1906 1995 1996 2000 
1995 2000 1906 1906 2000 1908 1910 2001 2002 
1910 1908 2001 1908 2000 2001 2002 2003 2004 
2001 2003 2002 2004 2005 2006 2003 2005 2004 
2006 2007 2008 2005 2007 2006 1998 2008 2007 
1997 2008 1998 1997 1912 2008 1997 1913 1912 
1904 1913 1997 1910 2002 1914 1916 1914 2002 
2004 1916 2002 1918 1916 2004 2006 1918 2004 
1920 1918 2006 2008 1920 2006 1912 1920 2008 
2009 2010 2011 2010 2009 2012 2013 2014 2015 
2013 2016 2017 2014 2013 2017 2016 2018 2019 
2017 2016 2019 2018 2020 2021 2019 2018 2021 
2020 2022 2023 2021 2020 2023 2022 2024 2025 
2023 2022 2025 2024 2026 2027 2025 2024 2027 
2026 2028 2029 2027 2026 2029 2028 2030 2031 
2029 2028 2031 2030 2032 2033 2031 2030 2033 
2032 2034 2035 2033 2032 2035 2034 2036 2037 
2035 2034 2037 2036 2038 2039 2037 2036 2039 
2038 2040 2041 2039 2038 2041 2040 2042 2043 
2041 2040 2043 2042 2044 2045 2043 2042 2045 
2011 2045 2044 2011 2044 2009 2009 2044 2046 
2047 2012 2009 2046 2047 2009 1922 2013 2015 
1922 2015 1923 1923 2015 2048 1925 2013 1922 
2016 2013 1925 1927 2016 1925 2018 2016 1927 
1929 2018 1927 2020 2018 1929 1930 2020 1929 
1930 2049 2020 2049 2022 2020 2024 2022 2050 
2050 2022 2049 1932 2050 1933 1932 2026 2050 
2026 2024 2050 1935 2026 1932 2028 2026 1935 
1937 2028 1935 2030 2028 1937 1939 2030 1937 
2032 2030 1939 1941 2032 1939 2034 2032 1941 
1943 2034 1941 2036 2034 1943 1945 2036 1943 
2038 2036 1945 1947 2038 1945 2040 2038 1947 
1949 2040 1947 2042 2040 1949 1950 2042 1949 
1950 2051 2042 2051 2044 2042 2046 2044 2052 
2052 2044 2051 2053 2047 2046 2052 2053 2046 
1951 2054 2055 1952 1951 2055 2048 1951 1923 
2054 1951 2048 1930 1954 2049 1956 2049 1954 
2050 2049 1956 1933 2050 1956 1950 1958 2051 
1960 2051 1958 1960 2056 2051 2056 2052 2051 
2057 2053 2052 2056 2057 2052 1961 2058 2059 
1962 1961 2059 2055 1961 1952 2058 1961 2055 
2056 1965 2060 1960 1965 2056 2061 2057 2056 
2060 2061 2056 1962 2059 1967 2059 2062 1967 
2063 2064 2065 2063 2066 2067 2065 2066 2063 
2067 2068 2069 2066 2068 2067 2069 2070 2071 
2068 2070 2069 2071 2072 2073 2070 2072 2071 
2073 1968 1969 2073 2072 1968 2072 2074 1968 
2060 1965 1968 2060 1968 2075 2075 1968 2074 
2061 2060 2075 1970 2076 2077 1971 1970 2077 
2062 1970 1967 2076 1970 2062 2078 2079 2080 
2064 2078 2080 2064 2063 2078 2063 2081 2078 
1974 1973 2081 1974 2081 2067 2067 2081 2063 
1975 1974 2067 2069 1975 2067 1977 1975 2069 
2071 1977 2069 1979 1977 2071 2073 1979 2071 
1969 1979 2073 2082 2083 1980 2082 1980 2077 
2077 1980 1971 2083 2084 2085 2082 2084 2083 
2084 2086 2085 2087 2088 2089 2087 1983 1982 
2087 2089 1983 2089 2090 1983 2079 2078 1984 
2079 1984 2090 2090 1984 1983 1985 1984 2078 
2081 1985 2078 1973 1985 2081 1980 2083 1986 
1987 1986 2083 2085 1987 2083 1989 2091 2092 
1987 2091 1989 1987 2086 2091 1987 2085 2086 
2092 2093 2094 2091 2093 2092 2093 2095 2094 
2096 2097 2098 2088 2096 2098 2087 2096 2088 
2087 1991 2096 2087 1992 1991 1982 1992 2087 
1989 2092 1993 1994 1993 2092 2094 1994 2092 
1996 2099 2100 1994 2099 1996 1994 2095 2099 
1994 2094 2095 2100 2101 2102 2099 2101 2100 
2102 2103 2104 2101 2103 2102 2104 2105 2106 
2103 2105 2104 2106 2107 2108 2105 2107 2106 
2097 2108 2107 2096 2108 2097 2096 1998 2108 
2096 1999 1998 1991 1999 2096 1996 2100 2000 
2001 2000 2100 2102 2001 2100 2003 2001 2102 
2104 2003 2102 2005 2003 2104 2106 2005 2104 
2007 2005 2106 2108 2007 2106 1998 2007 2108 
2109 2110 2111 2109 2112 2113 2110 2109 2113 
2112 2114 2115 2113 2112 2115 2114 2116 2117 
2115 2114 2117 2117 2116 2118 2119 2120 2121 
2111 2120 2119 2111 2119 2109 2109 2119 2122 
2112 2109 2123 2123 2109 2122 2114 2112 2124 
2124 2112 2123 2116 2114 2125 2125 2114 2124 
2126 2118 2116 2126 2116 2127 2127 2116 2125 
2127 2128 2129 2126 2127 2129 2129 2128 2130 
2119 2121 2131 2131 2132 2133 2131 2133 2119 
2119 2133 2122 2123 2122 2134 2134 2122 2133 
2124 2123 2135 2135 2123 2134 2125 2124 2136 
2136 2124 2135 2127 2125 2137 2137 2125 2136 
2128 2127 2138 2138 2127 2137 2139 2130 2128 
2139 2128 2140 2140 2128 2138 2140 2141 2142 
2139 2140 2142 2141 2143 2144 2142 2141 2144 
2144 2143 2145 2133 2132 2146 2146 2147 2148 
2146 2148 2133 2133 2148 2134 2135 2134 2149 
2149 2134 2148 2136 2135 2150 2150 2135 2149 
2137 2136 2151 2151 2136 2150 2138 2137 2152 
2152 2137 2151 2140 2138 2153 2153 2138 2152 
2141 2140 2154 2154 2140 2153 2155 2156 2143 
2155 2143 2154 2154 2143 2141 2145 2143 2156 
2148 2147 2157 2157 2158 2159 2157 2159 2148 
2148 2159 2149 2150 2149 2160 2160 2149 2159 
2151 2150 2161 2161 2150 2160 2152 2151 2162 
2162 2151 2161 2153 2152 2163 2163 2152 2162 
2164 2165 2154 2164 2154 2163 2163 2154 2153 
2155 2154 2165 2166 2159 2158 2167 2166 2158 
2160 2159 2168 2168 2159 2166 2161 2160 2169 
2169 2160 2168 2162 2161 2170 2170 2161 2169 
2163 2162 2171 2171 2162 2170 2172 2164 2163 
2171 2172 2163 2173 2174 2175 2173 2176 2177 
2174 2173 2177 2177 2176 2178 2179 2166 2167 
2180 2179 2167 2168 2166 2181 2181 2166 2179 
2169 2168 2182 2182 2168 2181 2170 2169 2183 
2183 2169 2182 2171 2170 2184 2184 2170 2183 
2185 2172 2171 2184 2185 2171 2186 2187 2188 
2175 2187 2186 2175 2186 2173 2173 2186 2189 
2176 2173 2190 2190 2173 2189 2191 2178 2176 
2191 2176 2192 2192 2176 2190 2192 2193 2194 
2191 2192 2194 2193 2195 2196 2194 2193 2196 
2195 2197 2198 2196 2195 2198 2180 2198 2197 
2180 2197 2179 2179 2197 2199 2181 2179 2200 
2200 2179 2199 2182 2181 2201 2201 2181 2200 
2183 2182 2202 2202 2182 2201 2184 2183 2203 
2203 2183 2202 2204 2185 2184 2203 2204 2184 
2205 2206 2207 2205 2208 2209 2206 2205 2209 
2208 2210 2211 2209 2208 2211 2210 2212 2213 
2211 2210 2213 2212 2214 2215 2213 2212 2215 
2214 2216 2217 2215 2214 2217 2188 2217 2216 
2188 2216 2186 2186 2216 2218 2189 2186 2219 
2219 2186 2218 2190 2189 2220 2220 2189 2219 
2192 2190 2221 2221 2190 2220 2193 2192 2222 
2222 2192 2221 2195 2193 2223 2223 2193 2222 
2197 2195 2224 2224 2195 2223 2199 2197 2225 
2225 2197 2224 2200 2199 2226 2226 2199 2225 
2010 2226 2011 2010 2201 2226 2201 2200 2226 
2012 2201 2010 2012 2227 2201 2227 2202 2201 
2203 2202 2228 2228 2202 2227 2229 2204 2203 
2228 2229 2203 2014 2230 2231 2015 2014 2231 
2207 2017 2205 2207 2230 2017 2230 2014 2017 
2019 2205 2017 2208 2205 2019 2021 2208 2019 
2210 2208 2021 2023 2210 2021 2212 2210 2023 
2025 2212 2023 2214 2212 2025 2027 2214 2025 
2216 2214 2027 2029 2216 2027 2218 2216 2029 
2031 2218 2029 2219 2218 2031 2033 2219 2031 
2220 2219 2033 2035 2220 2033 2221 2220 2035 
2037 2221 2035 2222 2221 2037 2039 2222 2037 
2223 2222 2039 2041 2223 2039 2224 2223 2041 
2043 2224 2041 2225 2224 2043 2045 2225 2043 
2226 2225 2045 2011 2226 2045 2227 2047 2232 
2012 2047 2227 2233 2234 2228 2233 2228 2232 
2232 2228 2227 2229 2228 2234 2015 2231 2048 
2231 2235 2048 2232 2053 2236 2047 2053 2232 
2237 2233 2232 2236 2237 2232 2054 2238 2239 
2055 2054 2239 2235 2054 2048 2238 2054 2235 
2236 2240 2241 2236 2053 2240 2053 2057 2240 
2237 2236 2241 2058 2242 2243 2059 2058 2243 
2239 2058 2055 2242 2058 2239 2244 2245 2246 
2244 2247 2248 2246 2247 2244 2248 2249 2250 
2247 2249 2248 2250 2251 2252 2249 2251 2250 
2252 2253 2254 2251 2253 2252 2254 2255 2256 
2253 2255 2254 2256 2257 2258 2255 2257 2256 
2258 2257 2240 2258 2240 2061 2061 2240 2057 
2059 2243 2062 2243 2259 2062 2260 2261 2262 
2245 2260 2262 2244 2260 2245 2244 2064 2260 
2244 2065 2064 2066 2065 2244 2248 2066 2244 
2068 2066 2248 2250 2068 2248 2070 2068 2250 
2252 2070 2250 2072 2070 2252 2254 2072 2252 
2074 2072 2254 2256 2074 2254 2075 2074 2256 
2258 2075 2256 2061 2075 2258 2076 2263 2077 
2264 2062 2259 2264 2263 2062 2264 2265 2263 
2263 2076 2062 2264 2266 2265 2267 2268 2269 
2261 2267 2269 2260 2267 2261 2260 2079 2267 
2260 2080 2079 2064 2080 2260 2077 2263 2082 
2084 2082 2263 2265 2084 2263 2086 2270 2271 
2084 2270 2086 2084 2266 2270 2084 2265 2266 
2271 2272 2273 2270 2272 2271 2272 2274 2273 
2275 2276 2277 2275 2089 2088 2275 2277 2089 
2277 2278 2089 2268 2267 2090 2268 2090 2278 
2278 2090 2089 2079 2090 2267 2086 2271 2091 
2093 2091 2271 2273 2093 2271 2095 2279 2280 
2093 2279 2095 2093 2274 2279 2093 2273 2274 
2280 2281 2282 2279 2281 2280 2282 2283 2284 
2281 2283 2282 2284 2285 2286 2283 2285 2284 
2286 2287 2288 2285 2287 2286 2276 2288 2287 
2275 2288 2276 2275 2097 2288 2275 2098 2097 
2088 2098 2275 2095 2280 2099 2101 2099 2280 
2282 2101 2280 2103 2101 2282 2284 2103 2282 
2105 2103 2284 2286 2105 2284 2107 2105 2286 
2288 2107 2286 2097 2107 2288 2289 2290 2291 
2289 2111 2110 2289 2110 2290 2290 2110 2292 
2113 2293 2110 2110 2293 2292 2115 2294 2113 
2113 2294 2293 2117 2295 2115 2115 2295 2294 
2295 2117 2118 2296 2295 2118 2297 2298 2299 
2291 2298 2297 2289 2291 2297 2289 2297 2121 
2289 2121 2120 2111 2289 2120 2118 2300 2296 
2126 2300 2118 2129 2301 2126 2126 2301 2300 
2301 2129 2130 2302 2301 2130 2303 2304 2305 
2299 2304 2303 2299 2303 2297 2297 2303 2306 
2121 2307 2131 2121 2297 2307 2297 2306 2307 
2131 2307 2132 2130 2308 2302 2139 2308 2130 
2142 2309 2139 2139 2309 2308 2144 2310 2142 
2142 2310 2309 2310 2144 2145 2311 2310 2145 
2312 2303 2305 2313 2312 2305 2306 2303 2314 
2314 2303 2312 2307 2306 2315 2315 2306 2314 
2132 2316 2146 2132 2307 2316 2307 2315 2316 
2146 2316 2147 2156 2155 2317 2156 2317 2318 
2156 2318 2145 2145 2318 2311 2319 2320 2321 
2313 2320 2319 2313 2319 2312 2312 2319 2322 
2314 2312 2323 2323 2312 2322 2315 2314 2324 
2324 2314 2323 2316 2315 2325 2325 2315 2324 
2147 2326 2157 2147 2316 2326 2316 2325 2326 
2157 2326 2158 2165 2164 2327 2165 2317 2155 
2165 2327 2317 2327 2328 2317 2329 2318 2317 
2328 2329 2317 2330 2331 2332 2321 2331 2330 
2321 2330 2319 2319 2330 2333 2322 2319 2334 
2334 2319 2333 2323 2322 2335 2335 2322 2334 
2324 2323 2336 2336 2323 2335 2325 2324 2337 
2337 2324 2336 2326 2325 2338 2338 2325 2337 
2158 2338 2167 2326 2338 2158 2327 2172 2339 
2164 2172 2327 2340 2341 2328 2340 2328 2339 
2339 2328 2327 2329 2328 2341 2342 2343 2344 
2343 2342 2345 2346 2347 2348 2346 2349 2350 
2347 2346 2350 2332 2350 2349 2332 2349 2330 
2330 2349 2351 2174 2351 2175 2174 2333 2351 
2333 2330 2351 2177 2333 2174 2334 2333 2177 
2178 2334 2177 2178 2352 2334 2352 2335 2334 
2336 2335 2353 2353 2335 2352 2337 2336 2354 
2354 2336 2353 2338 2337 2355 2355 2337 2354 
2167 2355 2180 2338 2355 2167 2339 2185 2356 
2172 2185 2339 2357 2340 2339 2356 2357 2339 
2358 2359 2360 2344 2359 2358 2344 2358 2342 
2342 2358 2361 2362 2345 2342 2362 2342 2363 
2363 2342 2361 2363 2364 2365 2362 2363 2365 
2348 2365 2364 2348 2364 2346 2346 2364 2366 
2349 2346 2367 2367 2346 2366 2187 2367 2188 
2187 2351 2367 2351 2349 2367 2175 2351 2187 
2178 2191 2352 2194 2352 2191 2353 2352 2194 
2196 2353 2194 2354 2353 2196 2198 2354 2196 
2355 2354 2198 2180 2355 2198 2356 2368 2369 
2356 2185 2368 2185 2204 2368 2357 2356 2369 
2206 2358 2360 2206 2360 2207 2207 2360 2370 
2209 2358 2206 2361 2358 2209 2211 2361 2209 
2363 2361 2211 2213 2363 2211 2364 2363 2213 
2215 2364 2213 2366 2364 2215 2217 2366 2215 
2367 2366 2217 2188 2367 2217 2204 2229 2368 
2368 2229 2371 2230 2372 2373 2231 2230 2373 
2370 2230 2207 2372 2230 2370 2374 2375 2376 
2376 2377 2374 2234 2378 2379 2233 2378 2234 
2371 2229 2234 2379 2371 2234 2231 2373 2235 
2373 2380 2235 2381 2382 2383 2381 2384 2385 
2383 2384 2381 2385 2386 2387 2384 2386 2385 
2387 2388 2389 2386 2388 2387 2375 2389 2388 
2375 2374 2389 2374 2390 2389 2391 2374 2377 
2391 2392 2374 2392 2390 2374 2392 2391 2378 
2392 2378 2237 2237 2378 2233 2238 2393 2394 
2239 2238 2394 2380 2238 2235 2393 2238 2380 
2395 2396 2397 2395 2398 2399 2397 2398 2395 
2382 2399 2398 2382 2381 2399 2381 2400 2399 
2385 2401 2381 2401 2400 2381 2387 2402 2385 
2402 2401 2385 2389 2403 2387 2403 2402 2387 
2390 2404 2389 2404 2403 2389 2241 2240 2404 
2241 2404 2392 2392 2404 2390 2237 2241 2392 
2242 2405 2243 2242 2406 2405 2242 2239 2406 
2239 2394 2406 2407 2408 2409 2396 2407 2409 
2395 2407 2396 2395 2245 2407 2395 2246 2245 
2247 2246 2395 2399 2247 2395 2249 2247 2399 
2400 2249 2399 2251 2249 2400 2401 2251 2400 
2253 2251 2401 2402 2253 2401 2255 2253 2402 
2403 2255 2402 2257 2255 2403 2404 2257 2403 
2240 2257 2404 2405 2410 2259 2243 2405 2259 
2411 2405 2406 2411 2412 2405 2412 2410 2405 
2411 2413 2412 2414 2415 2416 2408 2414 2416 
2407 2414 2408 2407 2261 2414 2407 2262 2261 
2245 2262 2407 2259 2410 2264 2266 2264 2410 
2266 2410 2417 2417 2410 2412 2418 2412 2413 
2418 2419 2412 2419 2417 2412 2419 2420 2421 
2418 2420 2419 2420 2422 2421 2423 2424 2425 
2423 2426 2427 2425 2426 2423 2415 2427 2426 
2414 2427 2415 2414 2268 2427 2414 2269 2268 
2261 2269 2414 2266 2417 2270 2272 2270 2417 
2419 2272 2417 2274 2272 2419 2274 2419 2428 
2428 2419 2421 2429 2421 2422 2429 2430 2421 
2430 2428 2421 2430 2431 2432 2429 2431 2430 
2432 2433 2434 2431 2433 2432 2434 2435 2436 
2433 2435 2434 2424 2436 2435 2423 2436 2424 
2423 2276 2436 2423 2277 2276 2278 2277 2423 
2427 2278 2423 2268 2278 2427 2274 2428 2279 
2281 2279 2428 2430 2281 2428 2283 2281 2430 
2432 2283 2430 2285 2283 2432 2434 2285 2432 
2287 2285 2434 2436 2287 2434 2276 2287 2436 
2437 2438 2439 2437 2291 2290 2437 2290 2438 
2438 2290 2440 2292 2441 2290 2290 2441 2440 
2293 2442 2292 2292 2442 2441 2294 2443 2293 
2293 2443 2442 2444 2445 2443 2444 2443 2295 
2295 2443 2294 2295 2296 2444 2446 2447 2448 
2439 2447 2446 2437 2439 2446 2437 2446 2299 
2437 2299 2298 2291 2437 2298 2444 2449 2445 
2296 2449 2444 2296 2300 2449 2300 2450 2449 
2451 2452 2450 2451 2450 2301 2301 2450 2300 
2301 2302 2451 2453 2454 2455 2448 2454 2453 
2446 2448 2453 2446 2453 2305 2446 2305 2304 
2299 2446 2304 2451 2456 2452 2302 2456 2451 
2302 2308 2456 2308 2457 2456 2309 2458 2308 
2308 2458 2457 2459 2460 2458 2459 2458 2310 
2310 2458 2309 2310 2311 2459 2461 2462 2463 
2455 2462 2461 2455 2461 2453 2453 2461 2464 
2305 2464 2313 2453 2464 2305 2465 2460 2459 
2466 2460 2465 2311 2318 2465 2459 2311 2465 
2467 2468 2469 2463 2468 2467 2463 2467 2461 
2461 2467 2470 2320 2470 2321 2320 2464 2470 
2464 2461 2470 2313 2464 2320 2471 2466 2465 
2472 2466 2471 2318 2329 2471 2465 2318 2471 
2473 2474 2475 2473 2476 2477 2474 2473 2477 
2476 2478 2479 2477 2476 2479 2469 2479 2478 
2469 2478 2467 2467 2478 2480 2331 2480 2332 
2331 2470 2480 2470 2467 2480 2321 2470 2331 
2341 2472 2471 2341 2340 2472 2340 2481 2472 
2329 2341 2471 2343 2482 2483 2344 2343 2483 
2345 2484 2473 2345 2473 2482 2345 2482 2343 
2482 2473 2475 2476 2473 2485 2485 2473 2484 
2347 2485 2348 2347 2478 2485 2478 2476 2485 
2350 2478 2347 2480 2478 2350 2332 2480 2350 
2486 2487 2488 2486 2488 2481 2486 2481 2357 
2357 2481 2340 2359 2489 2490 2360 2359 2490 
2483 2359 2344 2489 2359 2483 2345 2362 2484 
2365 2484 2362 2485 2484 2365 2348 2485 2365 
2369 2487 2486 2369 2368 2487 2368 2491 2487 
2357 2369 2486 2360 2490 2370 2490 2492 2370 
2493 2494 2495 2493 2496 2497 2495 2496 2493 
2497 2498 2499 2496 2498 2497 2499 2500 2501 
2498 2500 2499 2501 2500 2491 2501 2491 2371 
2371 2491 2368 2372 2502 2503 2373 2372 2503 
2492 2372 2370 2502 2372 2492 2504 2505 2506 
2504 2507 2508 2506 2507 2504 2508 2509 2510 
2507 2509 2508 2494 2510 2509 2494 2493 2510 
2493 2511 2510 2376 2375 2511 2376 2511 2497 
2497 2511 2493 2377 2376 2497 2377 2497 2512 
2512 2497 2499 2379 2378 2512 2379 2512 2501 
2501 2512 2499 2371 2379 2501 2373 2503 2380 
2503 2513 2380 2514 2515 2516 2514 2517 2518 
2516 2517 2514 2505 2518 2517 2504 2518 2505 
2504 2382 2518 2504 2383 2382 2384 2383 2504 
2508 2384 2504 2386 2384 2508 2510 2386 2508 
2388 2386 2510 2511 2388 2510 2375 2388 2511 
2377 2512 2391 2378 2391 2512 2393 2519 2394 
2393 2520 2519 2393 2380 2520 2380 2513 2520 
2521 2522 2523 2515 2521 2523 2514 2521 2515 
2514 2396 2521 2514 2397 2396 2398 2397 2514 
2518 2398 2514 2382 2398 2518 2519 2524 2406 
2394 2519 2406 2525 2519 2520 2524 2519 2525 
2526 2527 2528 2522 2526 2528 2521 2526 2522 
2521 2408 2526 2521 2409 2408 2396 2409 2521 
2406 2524 2411 2413 2529 2530 2411 2529 2413 
2411 2525 2529 2411 2524 2525 2530 2531 2532 
2529 2531 2530 2532 2533 2534 2531 2533 2532 
2533 2535 2534 2536 2537 2538 2527 2536 2538 
2526 2536 2527 2526 2415 2536 2526 2416 2415 
2408 2416 2526 2413 2530 2418 2420 2418 2530 
2532 2420 2530 2422 2420 2532 2422 2532 2539 
2539 2532 2534 2540 2534 2535 2540 2541 2534 
2541 2539 2534 2541 2542 2543 2540 2542 2541 
2543 2544 2545 2542 2544 2543 2545 2425 2424 
2545 2544 2425 2544 2546 2425 2537 2536 2426 
2537 2426 2546 2546 2426 2425 2415 2426 2536 
2422 2539 2429 2431 2429 2539 2541 2431 2539 
2433 2431 2541 2543 2433 2541 2435 2433 2543 
2545 2435 2543 2424 2435 2545 2438 2547 2548 
2439 2438 2548 2440 2549 2438 2438 2549 2547 
2441 2550 2440 2440 2550 2549 2551 2552 2550 
2551 2550 2442 2442 2550 2441 2442 2443 2553 
2551 2442 2553 2443 2445 2553 2554 2555 2556 
2554 2557 2558 2555 2554 2558 2557 2448 2447 
2557 2447 2558 2558 2447 2559 2548 2447 2439 
2559 2447 2548 2551 2560 2552 2553 2560 2551 
2561 2560 2553 2562 2563 2561 2449 2562 2561 
2449 2561 2553 2449 2553 2445 2449 2450 2564 
2562 2449 2564 2450 2452 2564 2565 2566 2567 
2556 2566 2565 2556 2565 2554 2554 2565 2568 
2454 2568 2455 2454 2557 2568 2557 2554 2568 
2448 2557 2454 2562 2569 2563 2569 2570 2571 
2569 2562 2570 2562 2564 2570 2452 2456 2572 
2452 2572 2564 2564 2572 2570 2456 2457 2573 
2572 2456 2573 2457 2458 2574 2573 2457 2574 
2458 2460 2574 2575 2576 2577 2567 2576 2575 
2567 2575 2565 2565 2575 2578 2462 2578 2463 
2462 2568 2578 2568 2565 2578 2455 2568 2462 
2570 2579 2571 2579 2580 2581 2579 2570 2580 
2570 2572 2580 2573 2582 2572 2582 2580 2572 
2574 2583 2573 2583 2582 2573 2460 2466 2583 
2574 2460 2583 2584 2585 2586 2577 2585 2584 
2577 2584 2575 2575 2584 2587 2468 2587 2469 
2468 2578 2587 2578 2575 2587 2463 2578 2468 
2588 2581 2580 2589 2581 2588 2582 2590 2580 
2590 2588 2580 2583 2591 2582 2591 2590 2582 
2466 2472 2591 2583 2466 2591 2474 2592 2593 
2475 2474 2593 2586 2477 2584 2586 2592 2477 
2592 2474 2477 2479 2584 2477 2587 2584 2479 
2469 2587 2479 2594 2589 2588 2595 2589 2594 
2590 2596 2588 2596 2594 2588 2591 2597 2590 
2597 2596 2590 2472 2481 2597 2591 2472 2597 
2482 2598 2599 2483 2482 2599 2593 2482 2475 
2598 2482 2593 2600 2601 2602 2595 2600 2602 
2595 2594 2600 2594 2603 2600 2596 2604 2594 
2604 2603 2594 2488 2487 2604 2488 2604 2597 
2597 2604 2596 2481 2488 2597 2489 2605 2490 
2489 2606 2605 2489 2483 2606 2483 2599 2606 
2607 2608 2609 2607 2610 2611 2609 2610 2607 
2601 2611 2610 2601 2600 2611 2600 2612 2611 
2603 2613 2600 2613 2612 2600 2604 2614 2603 
2614 2613 2603 2487 2491 2614 2604 2487 2614 
2605 2615 2616 2605 2616 2490 2490 2616 2492 
2606 2615 2605 2617 2618 2619 2617 2620 2621 
2619 2620 2617 2608 2621 2620 2608 2607 2621 
2607 2622 2621 2495 2494 2622 2495 2622 2611 
2611 2622 2607 2496 2495 2611 2612 2496 2611 
2498 2496 2612 2613 2498 2612 2500 2498 2613 
2614 2500 2613 2491 2500 2614 2502 2623 2503 
2502 2624 2623 2502 2492 2624 2492 2616 2624 
2625 2626 2627 2625 2628 2629 2627 2628 2625 
2618 2629 2628 2617 2629 2618 2617 2505 2629 
2617 2506 2505 2507 2506 2617 2621 2507 2617 
2509 2507 2621 2622 2509 2621 2494 2509 2622 
2623 2630 2631 2623 2631 2503 2503 2631 2513 
2624 2630 2623 2632 2633 2634 2626 2632 2634 
2625 2632 2626 2625 2515 2632 2625 2516 2515 
2517 2516 2625 2629 2517 2625 2505 2517 2629 
2513 2631 2520 2631 2635 2520 2636 2637 2638 
2636 2639 2640 2638 2639 2636 2633 2640 2639 
2632 2640 2633 2632 2522 2640 2632 2523 2522 
2515 2523 2632 2641 2642 2525 2641 2525 2635 
2635 2525 2520 2642 2643 2644 2641 2643 2642 
2644 2645 2646 2643 2645 2644 2645 2647 2646 
2648 2637 2636 2649 2637 2648 2528 2527 2648 
2528 2648 2640 2640 2648 2636 2522 2528 2640 
2525 2642 2529 2531 2529 2642 2644 2531 2642 
2533 2531 2644 2646 2533 2644 2535 2650 2651 
2533 2650 2535 2533 2647 2650 2533 2646 2647 
2651 2652 2653 2650 2652 2651 2653 2654 2655 
2652 2654 2653 2655 2656 2657 2654 2656 2655 
2649 2657 2656 2648 2657 2649 2648 2537 2657 
2648 2538 2537 2527 2538 2648 2535 2651 2540 
2542 2540 2651 2653 2542 2651 2544 2542 2653 
2655 2544 2653 2546 2544 2655 2657 2546 2655 
2537 2546 2657 2658 2659 2660 2658 2661 2662 
2659 2658 2662 2663 2548 2547 2664 2662 2661 
2547 2549 2665 2663 2547 2665 2549 2550 2666 
2665 2549 2666 2550 2552 2666 2555 2667 2668 
2556 2555 2668 2660 2558 2658 2660 2667 2558 
2667 2555 2558 2559 2658 2558 2661 2658 2559 
2661 2669 2664 2661 2559 2669 2663 2669 2548 
2548 2669 2559 2665 2669 2663 2670 2669 2665 
2670 2671 2672 2670 2665 2671 2665 2666 2671 
2552 2560 2673 2552 2673 2666 2666 2673 2671 
2560 2561 2674 2673 2560 2674 2561 2563 2674 
2566 2675 2676 2567 2566 2676 2668 2566 2556 
2675 2566 2668 2671 2677 2672 2677 2678 2679 
2677 2671 2678 2671 2673 2678 2674 2680 2673 
2680 2678 2673 2563 2569 2681 2563 2681 2674 
2674 2681 2680 2569 2571 2681 2576 2682 2683 
2577 2576 2683 2676 2576 2567 2682 2576 2676 
2678 2684 2679 2684 2685 2686 2684 2678 2685 
2678 2680 2685 2681 2687 2680 2687 2685 2680 
2571 2579 2688 2571 2688 2681 2681 2688 2687 
2579 2581 2688 2585 2689 2690 2586 2585 2690 
2683 2585 2577 2689 2585 2683 2691 2686 2685 
2692 2686 2691 2687 2693 2685 2693 2691 2685 
2688 2694 2687 2694 2693 2687 2581 2589 2694 
2688 2581 2694 2592 2695 2696 2593 2592 2696 
2690 2592 2586 2695 2592 2690 2697 2692 2691 
2698 2692 2697 2693 2699 2691 2699 2697 2691 
2694 2700 2693 2700 2699 2693 2589 2595 2700 
2694 2589 2700 2598 2701 2702 2599 2598 2702 
2696 2598 2593 2701 2598 2696 2703 2704 2705 
2698 2703 2705 2698 2697 2703 2697 2706 2703 
2699 2707 2697 2707 2706 2697 2602 2601 2707 
2602 2707 2700 2700 2707 2699 2595 2602 2700 
2599 2702 2606 2702 2708 2606 2709 2710 2711 
2709 2712 2713 2711 2712 2709 2704 2713 2712 
2704 2703 2713 2703 2714 2713 2609 2608 2714 
2609 2714 2706 2706 2714 2703 2610 2609 2706 
2707 2610 2706 2601 2610 2707 2615 2715 2716 
2616 2615 2716 2708 2615 2606 2715 2615 2708 
2717 2718 2719 2710 2717 2719 2710 2709 2717 
2709 2720 2717 2619 2618 2720 2619 2720 2713 
2713 2720 2709 2620 2619 2713 2714 2620 2713 
2608 2620 2714 2616 2716 2624 2716 2721 2624 
2722 2723 2724 2718 2722 2724 2717 2722 2718 
2717 2626 2722 2717 2627 2626 2628 2627 2717 
2720 2628 2717 2618 2628 2720 2630 2725 2631 
2726 2624 2721 2726 2725 2624 2726 2727 2725 
2725 2630 2624 2727 2728 2729 2726 2728 2727 
2728 2730 2729 2731 2732 2733 2731 2734 2735 
2733 2734 2731 2735 2736 2737 2734 2736 2735 
2737 2738 2739 2736 2738 2737 2723 2739 2738 
2722 2739 2723 2722 2633 2739 2722 2634 2633 
2626 2634 2722 2725 2740 2635 2631 2725 2635 
2727 2741 2725 2741 2740 2725 2729 2742 2727 
2742 2741 2727 2743 2729 2730 2743 2744 2729 
2744 2742 2729 2744 2745 2746 2743 2745 2744 
2732 2746 2745 2732 2731 2746 2731 2747 2746 
2735 2748 2731 2748 2747 2731 2638 2637 2748 
2638 2748 2737 2737 2748 2735 2639 2638 2737 
2739 2639 2737 2633 2639 2739 2635 2740 2641 
2643 2641 2740 2741 2643 2740 2645 2643 2741 
2742 2645 2741 2647 2645 2742 2647 2742 2749 
2749 2742 2744 2746 2750 2744 2750 2749 2744 
2747 2751 2746 2751 2750 2746 2748 2752 2747 
2752 2751 2747 2637 2649 2752 2748 2637 2752 
2647 2749 2650 2652 2650 2749 2750 2652 2749 
2654 2652 2750 2751 2654 2750 2656 2654 2751 
2752 2656 2751 2649 2656 2752 2659 2753 2660 
2659 2662 2754 2753 2659 2754 2662 2664 2754 
2667 2755 2756 2668 2667 2756 2753 2667 2660 
2753 2757 2667 2757 2755 2667 2754 2757 2753 
2758 2757 2754 2664 2758 2754 2664 2669 2758 
2669 2759 2758 2760 2761 2759 2760 2759 2670 
2670 2759 2669 2670 2672 2760 2675 2762 2763 
2676 2675 2763 2756 2675 2668 2762 2675 2756 
2760 2764 2761 2765 2766 2764 2677 2765 2764 
2677 2764 2760 2677 2760 2672 2677 2679 2765 
2682 2767 2768 2683 2682 2768 2763 2682 2676 
2767 2682 2763 2769 2766 2765 2770 2766 2769 
2679 2684 2771 2679 2771 2765 2765 2771 2769 
2684 2686 2771 2689 2772 2773 2690 2689 2773 
2768 2689 2683 2772 2689 2768 2774 2770 2769 
2775 2770 2774 2771 2776 2769 2776 2774 2769 
2686 2692 2776 2771 2686 2776 2695 2777 2696 
2695 2778 2777 2695 2690 2778 2690 2773 2778 
2779 2780 2781 2775 2779 2781 2775 2774 2779 
2774 2782 2779 2776 2783 2774 2783 2782 2774 
2692 2698 2783 2776 2692 2783 2701 2784 2702 
2701 2785 2784 2696 2785 2701 2696 2786 2785 
2696 2777 2786 2778 2786 2777 2787 2780 2779 
2788 2780 2787 2782 2789 2779 2789 2787 2779 
2705 2704 2789 2705 2789 2783 2783 2789 2782 
2698 2705 2783 2784 2790 2791 2784 2791 2702 
2702 2791 2708 2785 2790 2784 2792 2793 2794 
2792 2795 2796 2794 2795 2792 2788 2796 2795 
2787 2796 2788 2787 2710 2796 2787 2711 2710 
2712 2711 2787 2789 2712 2787 2704 2712 2789 
2715 2797 2716 2798 2708 2791 2798 2797 2708 
2798 2799 2797 2797 2715 2708 2799 2800 2801 
2798 2800 2799 2801 2802 2803 2800 2802 2801 
2803 2804 2805 2802 2804 2803 2804 2806 2805 
2807 2808 2809 2793 2807 2809 2793 2792 2807 
2792 2810 2807 2719 2718 2810 2719 2810 2796 
2796 2810 2792 2710 2719 2796 2797 2811 2721 
2716 2797 2721 2799 2812 2797 2812 2811 2797 
2801 2813 2799 2813 2812 2799 2803 2814 2801 
2814 2813 2801 2805 2815 2803 2815 2814 2803 
2816 2805 2806 2816 2817 2805 2817 2815 2805 
2817 2818 2819 2816 2818 2817 2808 2819 2818 
2808 2807 2819 2807 2820 2819 2724 2723 2820 
2724 2820 2810 2810 2820 2807 2718 2724 2810 
2721 2811 2726 2728 2726 2811 2812 2728 2811 
2730 2728 2812 2730 2812 2821 2821 2812 2813 
2814 2822 2813 2822 2821 2813 2733 2732 2822 
2733 2822 2815 2815 2822 2814 2734 2733 2815 
2817 2734 2815 2736 2734 2817 2819 2736 2817 
2738 2736 2819 2820 2738 2819 2723 2738 2820 
2730 2821 2743 2745 2743 2821 2822 2745 2821 
2732 2745 2822 2755 2823 2756 2755 2757 2824 
2823 2755 2824 2757 2758 2825 2824 2757 2825 
2758 2759 2826 2825 2758 2826 2759 2761 2826 
2762 2827 2763 2762 2828 2827 2756 2828 2762 
2756 2829 2828 2756 2823 2829 2824 2829 2823 
2830 2829 2824 2825 2830 2824 2831 2830 2825 
2831 2832 2833 2831 2825 2832 2825 2826 2832 
2761 2764 2834 2761 2834 2826 2826 2834 2832 
2764 2766 2834 2767 2835 2768 2767 2836 2835 
2763 2836 2767 2763 2837 2836 2763 2827 2837 
2828 2837 2827 2838 2833 2832 2839 2833 2838 
2834 2840 2832 2840 2838 2832 2766 2770 2840 
2834 2766 2840 2772 2841 2773 2772 2842 2841 
2768 2842 2772 2768 2843 2842 2768 2835 2843 
2836 2843 2835 2844 2839 2838 2845 2839 2844 
2840 2846 2838 2846 2844 2838 2770 2775 2846 
2840 2770 2846 2841 2847 2848 2841 2848 2773 
2773 2848 2778 2842 2847 2841 2849 2845 2844 
2850 2845 2849 2781 2780 2849 2781 2849 2846 
2846 2849 2844 2775 2781 2846 2786 2851 2852 
2785 2786 2852 2848 2786 2778 2851 2786 2848 
2853 2854 2855 2850 2853 2855 2850 2849 2853 
2849 2856 2853 2780 2788 2856 2849 2780 2856 
2790 2857 2791 2858 2785 2852 2858 2857 2785 
2858 2859 2857 2857 2790 2785 2859 2860 2861 
2858 2860 2859 2861 2862 2863 2860 2862 2861 
2863 2864 2865 2862 2864 2863 2865 2866 2867 
2864 2866 2865 2867 2868 2869 2866 2868 2867 
2854 2869 2868 2853 2869 2854 2853 2793 2869 
2853 2794 2793 2795 2794 2853 2856 2795 2853 
2788 2795 2856 2791 2857 2798 2800 2798 2857 
2859 2800 2857 2802 2800 2859 2861 2802 2859 
2804 2802 2861 2863 2804 2861 2806 2804 2863 
2806 2863 2870 2870 2863 2865 2867 2871 2865 
2871 2870 2865 2809 2808 2871 2809 2871 2869 
2869 2871 2867 2793 2809 2869 2806 2870 2816 
2818 2816 2870 2871 2818 2870 2808 2818 2871 
2829 2872 2828 2829 2830 2873 2872 2829 2873 
2830 2831 2874 2873 2830 2874 2831 2833 2874 
2837 2875 2836 2837 2828 2872 2837 2872 2875 
2875 2872 2876 2873 2877 2872 2877 2876 2872 
2874 2878 2873 2878 2877 2873 2833 2839 2878 
2874 2833 2878 2843 2879 2842 2843 2836 2875 
2843 2875 2879 2879 2875 2880 2876 2881 2875 
2881 2880 2875 2882 2877 2883 2882 2881 2877 
2881 2876 2877 2883 2884 2885 2883 2877 2884 
2877 2878 2884 2839 2845 2884 2878 2839 2884 
2847 2886 2848 2847 2842 2879 2847 2879 2886 
2886 2879 2887 2888 2880 2889 2888 2887 2880 
2887 2879 2880 2881 2889 2880 2890 2889 2881 
2890 2891 2892 2890 2881 2891 2893 2891 2882 
2882 2891 2881 2885 2891 2893 2885 2884 2891 
2884 2894 2891 2845 2850 2894 2884 2845 2894 
2851 2895 2852 2851 2848 2886 2851 2886 2895 
2895 2886 2896 2887 2897 2886 2897 2896 2886 
2898 2887 2888 2898 2899 2887 2899 2897 2887 
2899 2900 2901 2898 2900 2899 2892 2901 2900 
2892 2891 2901 2891 2902 2901 2855 2854 2902 
2855 2902 2894 2894 2902 2891 2850 2855 2894 
2852 2895 2858 2860 2858 2895 2896 2860 2895 
2862 2860 2896 2897 2862 2896 2864 2862 2897 
2899 2864 2897 2866 2864 2899 2901 2866 2899 
2868 2866 2901 2902 2868 2901 2854 2868 2902 
2883 2903 2882 2883 2885 2903 2889 2904 2888 
2889 2890 2905 2904 2889 2905 2893 2882 2903 
2892 2905 2890 2885 2893 2903 2888 2904 2898 
2900 2898 2904 2905 2900 2904 2892 2900 2905 

CELL_DATA 5808
SCALARS Scalars float
LOOKUP_TABLE default
1 1 1 1 1 1 1 1 1 
1 1 1 1 1 1 1 1 1 
1 1 1 1 1 1 1 1 1 
1 1 1 1 1 1 1 1 1 
1 1 1 1 1 1 1 1 1 
1 1 1 1 1 1 1 1 1 
1 1 1 1 1 1 1 1 1 
1 1 1 1 1 1 1 1 1 
1 1 1 1 1 1 1 1 1 
1 1 1 1 1 1 1 1 1 
1 1 1 1 1 1 1 1 1 
1 1 1 1 1 1 1 1 1 
1 1 1 1 1 1 1 1 1 
1 1 1 1 1 1 1 1 1 
1 1 1 1 1 1 1 1 1 
1 1 1 1 1 1 1 1 1 
1 1 1 1 1 1 1 1 1 
1 1 1 1 1 1 1 1 1 
1 1 1 1 1 1 1 1 1 
1 1 1 1 1 1 1 1 1 
1 1 1 1 1 1 1 1 1 
1 1 1 1 1 1 1 1 1 
1 1 1 1 1 1 1 1 1 
1 1 1 1 1 1 1 1 1 
1 1 1 1 1 1 1 1 1 
1 1 1 1 1 1 1 1 1 
1 1 1 1 1 1 1 1 1 
1 1 1 1 1 1 1 1 1 
1 1 1 1 1 1 1 1 1 
1 1 1 1 1 1 1 1 1 
1 1 1 1 1 1 1 1 1 
1 1 1 1 1 1 1 1 1 
1 1 1 1 1 1 1 1 1 
1 1 1 1 1 1 1 1 1 
1 1 1 1 1 1 1 1 1 
1 1 1 1 1 1 1 1 1 
1 1 1 1 1 1 1 1 1 
1 1 1 1 1 1 1 1 1 
1 1 1 1 1 1 1 1 1 
1 1 1 1 1 1 1 1 1 
1 1 1 1 1 1 1 1 1 
1 1 1 1 1 1 1 1 1 
1 1 1 1 1 1 1 1 1 
1 1 1 1 1 1 1 1 1 
1 1 1 1 1 1 1 1 1 
1 1 1 1 1 1 1 1 1 
1 1 1 1 1 1 1 1 1 
1 1 1 1 1 1 1 1 1 
1 1 1 1 1 1 1 1 1 
1 1 1 1 1 1 1 1 1 
1 1 1 1 1 1 1 1 1 
1 1 1 1 1 1 1 1 1 
1 1 1 1 1 1 1 1 1 
1 1 1 1 1 1 1 1 1 
1 1 1 1 1 1 1 1 1 
1 1 1 1 1 1 1 1 1 
1 1 1 1 1 1 1 1 1 
1 1 1 1 1 1 1 1 1 
1 1 1 1 1 1 1 1 1 
1 1 1 1 1 1 1 1 1 
1 1 1 1 1 1 1 1 1 
1 1 1 1 1 1 1 1 1 
1 1 1 1 1 1 1 1 1 
1 1 1 1 1 1 1 1 1 
1 1 1 1 1 1 1 1 1 
1 1 1 1 1 1 1 1 1 
1 1 1 1 1 1 1 1 1 
1 1 1 1 1 1 1 1 1 
1 1 1 1 1 1 1 1 1 
1 1 1 1 1 1 1 1 1 
1 1 1 1 1 1 1 1 1 
1 1 1 1 1 1 1 1 1 
1 1 1 1 1 1 1 1 1 
1 1 1 1 1 1 1 1 1 
1 1 1 1 1 1 1 1 1 
1 1 1 1 1 1 1 1 1 
1 1 1 1 1 1 1 1 1 
1 1 1 1 1 1 1 1 1 
1 1 1 1 1 1 1 1 1 
1 1 1 1 1 1 1 1 1 
1 1 1 1 1 1 1 1 1 
1 1 1 1 1 1 1 1 1 
1 1 1 1 1 1 1 1 1 
1 1 1 1 1 1 1 1 1 
1 1 1 1 1 1 1 1 1 
1 1 1 1 1 1 1 1 1 
1 1 1 1 1 1 1 1 1 
1 1 1 1 1 1 1 1 1 
1 1 1 1 1 1 1 1 1 
1 1 1 1 1 1 1 1 1 
1 1 1 1 1 1 1 1 1 
1 1 1 1 1 1 1 1 1 
1 1 1 1 1 1 1 1 1 
1 1 1 1 1 1 1 1 1 
1 1 1 1 1 1 1 1 1 
1 1 1 1 1 1 1 1 1 
1 1 1 1 1 1 1 1 1 
1 1 1 1 1 1 1 1 1 
1 1 1 1 1 1 1 1 1 
1 1 1 1 1 1 1 1 1 
1 1 1 1 1 1 1 1 1 
1 1 1 1 1 1 1 1 1 
1 1 1 1 1 1 1 1 1 
1 1 1 1 1 1 1 1 1 
1 1 1 1 1 1 1 1 1 
1 1 1 1 1 1 1 1 1 
1 1 1 1 1 1 1 1 1 
1 1 1 1 1 1 1 1 1 
1 1 1 1 1 1 1 1 1 
1 1 1 1 1 1 1 1 1 
1 1 1 1 1 1 1 1 1 
1 1 1 1 1 1 1 1 1 
1 1 1 1 1 1 1 1 1 
1 1 1 1 1 1 1 1 1 
1 1 1 1 1 1 1 1 1 
1 1 1 1 1 1 1 1 1 
1 1 1 1 1 1 1 1 1 
1 1 1 1 1 1 1 1 1 
1 1 1 1 1 1 1 1 1 
1 1 1 1 1 1 1 1 1 
1 1 1 1 1 1 1 1 1 
1 1 1 1 1 1 1 1 1 
1 1 1 1 1 1 1 1 1 
1 1 1 1 1 1 1 1 1 
1 1 1 1 1 1 1 1 1 
1 1 1 1 1 1 1 1 1 
1 1 1 1 1 1 1 1 1 
1 1 1 1 1 1 1 1 1 
1 1 1 1 1 1 1 1 1 
1 1 1 1 1 1 1 1 1 
1 1 1 1 1 1 1 1 1 
1 1 1 1 1 1 1 1 1 
1 1 1 1 1 1 1 1 1 
1 1 1 1 1 1 1 1 1 
1 1 1 1 1 1 1 1 1 
1 1 1 1 1 1 1 1 1 
1 1 1 1 1 1 1 1 1 
1 1 1 1 1 1 1 1 1 
1 1 1 1 1 1 1 1 1 
1 1 1 1 1 1 1 1 1 
1 1 1 1 1 1 1 1 1 
1 1 1 1 1 1 1 1 1 
1 1 1 1 1 1 1 1 1 
1 1 1 1 1 1 1 1 1 
1 1 1 1 1 1 1 1 1 
1 1 1 1 1 1 1 1 1 
1 1 1 1 1 1 1 1 1 
1 1 1 1 1 1 1 1 1 
1 1 1 1 1 1 1 1 1 
1 1 1 1 1 1 1 1 1 
1 1 1 1 1 1 1 1 1 
1 1 1 1 1 1 1 1 1 
1 1 1 1 1 1 1 1 1 
1 1 1 1 1 1 1 1 1 
1 1 1 1 1 1 1 1 1 
1 1 1 1 1 1 1 1 1 
1 1 1 1 1 1 1 1 1 
1 1 1 1 1 1 1 1 1 
1 1 1 1 1 1 1 1 1 
1 1 1 1 1 1 1 1 1 
1 1 1 1 1 1 1 1 1 
1 1 1 1 1 1 1 1 1 
1 1 1 1 1 1 1 1 1 
1 1 1 1 1 1 1 1 1 
1 1 1 1 1 1 1 1 1 
1 1 1 1 1 1 1 1 1 
1 1 1 1 1 1 1 1 1 
1 1 1 1 1 1 1 1 1 
1 1 1 1 1 1 1 1 1 
1 1 1 1 1 1 1 1 1 
1 1 1 1 1 1 1 1 1 
1 1 1 1 1 1 1 1 1 
1 1 1 1 1 1 1 1 1 
1 1 1 1 1 1 1 1 1 
1 1 1 1 1 1 1 1 1 
1 1 1 1 1 1 1 1 1 
1 1 1 1 1 1 1 1 1 
1 1 1 1 1 1 1 1 1 
1 1 1 1 1 1 1 1 1 
1 1 1 1 1 1 1 1 1 
1 1 1 1 1 1 1 1 1 
1 1 1 1 1 1 1 1 1 
1 1 1 1 1 1 1 1 1 
1 1 1 1 1 1 1 1 1 
1 1 1 1 1 1 1 1 1 
1 1 1 1 1 1 1 1 1 
1 1 1 1 1 1 1 1 1 
1 1 1 1 1 1 1 1 1 
1 1 1 1 1 1 1 1 1 
1 1 1 1 1 1 1 1 1 
1 1 1 1 1 1 1 1 1 
1 1 1 1 1 1 1 1 1 
1 1 1 1 1 1 1 1 1 
1 1 1 1 1 1 1 1 1 
1 1 1 1 1 1 1 1 1 
1 1 1 1 1 1 1 1 1 
1 1 1 1 1 1 1 1 1 
1 1 1 1 1 1 1 1 1 
1 1 1 1 1 1 1 1 1 
1 1 1 1 1 1 1 1 1 
1 1 1 1 1 1 1 1 1 
1 1 1 1 1 1 1 1 1 
1 1 1 1 1 1 1 1 1 
1 1 1 1 1 1 1 1 1 
1 1 1 1 1 1 1 1 1 
1 1 1 1 1 1 1 1 1 
1 1 1 1 1 1 1 1 1 
1 1 1 1 1 1 1 1 1 
1 1 1 1 1 1 1 1 1 
1 1 1 1 1 1 1 1 1 
1 1 1 1 1 1 1 1 1 
1 1 1 1 1 1 1 1 1 
1 1 1 1 1 1 1 1 1 
1 1 1 1 1 1 1 1 1 
1 1 1 1 1 1 1 1 1 
1 1 1 1 1 1 1 1 1 
1 1 1 1 1 1 1 1 1 
1 1 1 1 1 1 1 1 1 
1 1 1 1 1 1 1 1 1 
1 1 1 1 1 1 1 1 1 
1 1 1 1 1 1 1 1 1 
1 1 1 1 1 1 1 1 1 
1 1 1 1 1 1 1 1 1 
1 1 1 1 1 1 1 1 1 
1 1 1 1 1 1 1 1 1 
1 1 1 1 1 1 1 1 1 
1 1 1 1 1 1 1 1 1 
1 1 1 1 1 1 1 1 1 
1 1 1 1 1 1 1 1 1 
1 1 1 1 1 1 1 1 1 
1 1 1 1 1 1 1 1 1 
1 1 1 1 1 1 1 1 1 
1 1 1 1 1 1 1 1 1 
1 1 1 1 1 1 1 1 1 
1 1 1 1 1 1 1 1 1 
1 1 1 1 1 1 1 1 1 
1 1 1 1 1 1 1 1 1 
1 1 1 1 1 1 1 1 1 
1 1 1 1 1 1 1 1 1 
1 1 1 1 1 1 1 1 1 
1 1 1 1 1 1 1 1 1 
1 1 1 1 1 1 1 1 1 
1 1 1 1 1 1 1 1 1 
1 1 1 1 1 1 1 1 1 
1 1 1 1 1 1 1 1 1 
1 1 1 1 1 1 1 1 1 
1 1 1 1 1 1 1 1 1 
1 1 1 1 1 1 1 1 1 
1 1 1 1 1 1 1 1 1 
1 1 1 1 1 1 1 1 1 
1 1 1 1 1 1 1 1 1 
1 1 1 1 1 1 1 1 1 
1 1 1 1 1 1 1 1 1 
1 1 1 1 1 1 1 1 1 
1 1 1 1 1 1 1 1 1 
1 1 1 1 1 1 1 1 1 
1 1 1 1 1 1 1 1 1 
1 1 1 1 1 1 1 1 1 
1 1 1 1 1 1 1 1 1 
1 1 1 1 1 1 1 1 1 
1 1 1 1 1 1 1 1 1 
1 1 1 1 1 1 1 1 1 
1 1 1 1 1 1 1 1 1 
1 1 1 1 1 1 1 1 1 
1 1 1 1 1 1 1 1 1 
1 1 1 1 1 1 1 1 1 
1 1 1 1 1 1 1 1 1 
1 1 1 1 1 1 1 1 1 
1 1 1 1 1 1 1 1 1 
1 1 1 1 1 1 1 1 1 
1 1 1 1 1 1 1 1 1 
1 1 1 1 1 1 1 1 1 
1 1 1 1 1 1 1 1 1 
1 1 1 1 1 1 1 1 1 
1 1 1 1 1 1 1 1 1 
1 1 1 1 1 1 1 1 1 
1 1 1 1 1 1 1 1 1 
1 1 1 1 1 1 1 1 1 
1 1 1 1 1 1 1 1 1 
1 1 1 1 1 1 1 1 1 
1 1 1 1 1 1 1 1 1 
1 1 1 1 1 1 1 1 1 
1 1 1 1 1 1 1 1 1 
1 1 1 1 1 1 1 1 1 
1 1 1 1 1 1 1 1 1 
1 1 1 1 1 1 1 1 1 
1 1 1 1 1 1 1 1 1 
1 1 1 1 1 1 1 1 1 
1 1 1 1 1 1 1 1 1 
1 1 1 1 1 1 1 1 1 
1 1 1 1 1 1 1 1 1 
1 1 1 1 1 1 1 1 1 
1 1 1 1 1 1 1 1 1 
1 1 1 1 1 1 1 1 1 
1 1 1 1 1 1 1 1 1 
1 1 1 1 1 1 1 1 1 
1 1 1 1 1 1 1 1 1 
1 1 1 1 1 1 1 1 1 
1 1 1 1 1 1 1 1 1 
1 1 1 1 1 1 1 1 1 
1 1 1 1 1 1 1 1 1 
1 1 1 1 1 1 1 1 1 
1 1 1 1 1 1 1 1 1 
1 1 1 1 1 1 1 1 1 
1 1 1 1 1 1 1 1 1 
1 1 1 1 1 1 1 1 1 
1 1 1 1 1 1 1 1 1 
1 1 1 1 1 1 1 1 1 
1 1 1 1 1 1 1 1 1 
1 1 1 1 1 1 1 1 1 
1 1 1 1 1 1 1 1 1 
1 1 1 1 1 1 1 1 1 
1 1 1 1 1 1 1 1 1 
1 1 1 1 1 1 1 1 1 
1 1 1 1 1 1 1 1 1 
1 1 1 1 1 1 1 1 1 
1 1 1 1 1 1 1 1 1 
1 1 1 1 1 1 1 1 1 
1 1 1 1 1 1 1 1 1 
1 1 1 1 1 1 1 1 1 
1 1 1 1 1 1 1 1 1 
1 1 1 1 1 1 1 1 1 
1 1 1 1 1 1 1 1 1 
1 1 1 1 1 1 1 1 1 
1 1 1 1 1 1 1 1 1 
1 1 1 1 1 1 1 1 1 
1 1 1 1 1 1 1 1 1 
1 1 1 1 1 1 1 1 1 
1 1 1 1 1 1 1 1 1 
1 1 1 1 1 1 1 1 1 
1 1 1 1 1 1 1 1 1 
1 1 1 1 1 1 1 1 1 
1 1 1 1 1 1 1 1 1 
1 1 1 1 1 1 1 1 1 
1 1 1 1 1 1 1 1 1 
1 1 1 1 1 1 1 1 1 
1 1 1 1 1 1 1 1 1 
1 1 1 1 1 1 1 1 1 
1 1 1 1 1 1 1 1 1 
1 1 1 1 1 1 1 1 1 
1 1 1 1 1 1 1 1 1 
1 1 1 1 1 1 1 1 1 
1 1 1 1 1 1 1 1 1 
1 1 1 1 1 1 1 1 1 
1 1 1 1 1 1 1 1 1 
1 1 1 1 1 1 1 1 1 
1 1 1 1 1 1 1 1 1 
1 1 1 1 1 1 1 1 1 
1 1 1 1 1 1 1 1 1 
1 1 1 1 1 1 1 1 1 
1 1 1 1 1 1 1 1 1 
1 1 1 1 1 1 1 1 1 
1 1 1 1 1 1 1 1 1 
1 1 1 1 1 1 1 1 1 
1 1 1 1 1 1 1 1 1 
1 1 1 1 1 1 1 1 1 
1 1 1 1 1 1 1 1 1 
1 1 1 1 1 1 1 1 1 
1 1 1 1 1 1 1 1 1 
1 1 1 1 1 1 1 1 1 
1 1 1 1 1 1 1 1 1 
1 1 1 1 1 1 1 1 1 
1 1 1 1 1 1 1 1 1 
1 1 1 1 1 1 1 1 1 
1 1 1 1 1 1 1 1 1 
1 1 1 1 1 1 1 1 1 
1 1 1 1 1 1 1 1 1 
1 1 1 1 1 1 1 1 1 
1 1 1 1 1 1 1 1 1 
1 1 1 1 1 1 1 1 1 
1 1 1 1 1 1 1 1 1 
1 1 1 1 1 1 1 1 1 
1 1 1 1 1 1 1 1 1 
1 1 1 1 1 1 1 1 1 
1 1 1 1 1 1 1 1 1 
1 1 1 1 1 1 1 1 1 
1 1 1 1 1 1 1 1 1 
1 1 1 1 1 1 1 1 1 
1 1 1 1 1 1 1 1 1 
1 1 1 1 1 1 1 1 1 
1 1 1 1 1 1 1 1 1 
1 1 1 1 1 1 1 1 1 
1 1 1 1 1 1 1 1 1 
1 1 1 1 1 1 1 1 1 
1 1 1 1 1 1 1 1 1 
1 1 1 1 1 1 1 1 1 
1 1 1 1 1 1 1 1 1 
1 1 1 1 1 1 1 1 1 
1 1 1 1 1 1 1 1 1 
1 1 1 1 1 1 1 1 1 
1 1 1 1 1 1 1 1 1 
1 1 1 1 1 1 1 1 1 
1 1 1 1 1 1 1 1 1 
1 1 1 1 1 1 1 1 1 
1 1 1 1 1 1 1 1 1 
1 1 1 1 1 1 1 1 1 
1 1 1 1 1 1 1 1 1 
1 1 1 1 1 1 1 1 1 
1 1 1 1 1 1 1 1 1 
1 1 1 1 1 1 1 1 1 
1 1 1 1 1 1 1 1 1 
1 1 1 1 1 1 1 1 1 
1 1 1 1 1 1 1 1 1 
1 1 1 1 1 1 1 1 1 
1 1 1 1 1 1 1 1 1 
1 1 1 1 1 1 1 1 1 
1 1 1 1 1 1 1 1 1 
1 1 1 1 1 1 1 1 1 
1 1 1 1 1 1 1 1 1 
1 1 1 1 1 1 1 1 1 
1 1 1 1 1 1 1 1 1 
1 1 1 1 1 1 1 1 1 
1 1 1 1 1 1 1 1 1 
1 1 1 1 1 1 1 1 1 
1 1 1 1 1 1 1 1 1 
1 1 1 1 1 1 1 1 1 
1 1 1 1 1 1 1 1 1 
1 1 1 1 1 1 1 1 1 
1 1 1 1 1 1 1 1 1 
1 1 1 1 1 1 1 1 1 
1 1 1 1 1 1 1 1 1 
1 1 1 1 1 1 1 1 1 
1 1 1 1 1 1 1 1 1 
1 1 1 1 1 1 1 1 1 
1 1 1 1 1 1 1 1 1 
1 1 1 1 1 1 1 1 1 
1 1 1 1 1 1 1 1 1 
1 1 1 1 1 1 1 1 1 
1 1 1 1 1 1 1 1 1 
1 1 1 1 1 1 1 1 1 
1 1 1 1 1 1 1 1 1 
1 1 1 1 1 1 1 1 1 
1 1 1 1 1 1 1 1 1 
1 1 1 1 1 1 1 1 1 
1 1 1 1 1 1 1 1 1 
1 1 1 1 1 1 1 1 1 
1 1 1 1 1 1 1 1 1 
1 1 1 1 1 1 1 1 1 
1 1 1 1 1 1 1 1 1 
1 1 1 1 1 1 1 1 1 
1 1 1 1 1 1 1 1 1 
1 1 1 1 1 1 1 1 1 
1 1 1 1 1 1 1 1 1 
1 1 1 1 1 1 1 1 1 
1 1 1 1 1 1 1 1 1 
1 1 1 1 1 1 1 1 1 
1 1 1 1 1 1 1 1 1 
1 1 1 1 1 1 1 1 1 
1 1 1 1 1 1 1 1 1 
1 1 1 1 1 1 1 1 1 
1 1 1 1 1 1 1 1 1 
1 1 1 1 1 1 1 1 1 
1 1 1 1 1 1 1 1 1 
1 1 1 1 1 1 1 1 1 
1 1 1 1 1 1 1 1 1 
1 1 1 1 1 1 1 1 1 
1 1 1 1 1 1 1 1 1 
1 1 1 1 1 1 1 1 1 
1 1 1 1 1 1 1 1 1 
1 1 1 1 1 1 1 1 1 
1 1 1 1 1 1 1 1 1 
1 1 1 1 1 1 1 1 1 
1 1 1 1 1 1 1 1 1 
1 1 1 1 1 1 1 1 1 
1 1 1 1 1 1 1 1 1 
1 1 1 1 1 1 1 1 1 
1 1 1 1 1 1 1 1 1 
1 1 1 1 1 1 1 1 1 
1 1 1 1 1 1 1 1 1 
1 1 1 1 1 1 1 1 1 
1 1 1 1 1 1 1 1 1 
1 1 1 1 1 1 1 1 1 
1 1 1 1 1 1 1 1 1 
1 1 1 1 1 1 1 1 1 
1 1 1 1 1 1 1 1 1 
1 1 1 1 1 1 1 1 1 
1 1 1 1 1 1 1 1 1 
1 1 1 1 1 1 1 1 1 
1 1 1 1 1 1 1 1 1 
1 1 1 1 1 1 1 1 1 
1 1 1 1 1 1 1 1 1 
1 1 1 1 1 1 1 1 1 
1 1 1 1 1 1 1 1 1 
1 1 1 1 1 1 1 1 1 
1 1 1 1 1 1 1 1 1 
1 1 1 1 1 1 1 1 1 
1 1 1 1 1 1 1 1 1 
1 1 1 1 1 1 1 1 1 
1 1 1 1 1 1 1 1 1 
1 1 1 1 1 1 1 1 1 
1 1 1 1 1 1 1 1 1 
1 1 1 1 1 1 1 1 1 
1 1 1 1 1 1 1 1 1 
1 1 1 1 1 1 1 1 1 
1 1 1 1 1 1 1 1 1 
1 1 1 1 1 1 1 1 1 
1 1 1 1 1 1 1 1 1 
1 1 1 1 1 1 1 1 1 
1 1 1 1 1 1 1 1 1 
1 1 1 1 1 1 1 1 1 
1 1 1 1 1 1 1 1 1 
1 1 1 1 1 1 1 1 1 
1 1 1 1 1 1 1 1 1 
1 1 1 1 1 1 1 1 1 
1 1 1 1 1 1 1 1 1 
1 1 1 1 1 1 1 1 1 
1 1 1 1 1 1 1 1 1 
1 1 1 1 1 1 1 1 1 
1 1 1 1 1 1 1 1 1 
1 1 1 1 1 1 1 1 1 
1 1 1 1 1 1 1 1 1 
1 1 1 1 1 1 1 1 1 
1 1 1 1 1 1 1 1 1 
1 1 1 1 1 1 1 1 1 
1 1 1 1 1 1 1 1 1 
1 1 1 1 1 1 1 1 1 
1 1 1 1 1 1 1 1 1 
1 1 1 1 1 1 1 1 1 
1 1 1 1 1 1 1 1 1 
1 1 1 1 1 1 1 1 1 
1 1 1 1 1 1 1 1 1 
1 1 1 1 1 1 1 1 1 
1 1 1 1 1 1 1 1 1 
1 1 1 1 1 1 1 1 1 
1 1 1 1 1 1 1 1 1 
1 1 1 1 1 1 1 1 1 
1 1 1 1 1 1 1 1 1 
1 1 1 1 1 1 1 1 1 
1 1 1 1 1 1 1 1 1 
1 1 1 1 1 1 1 1 1 
1 1 1 1 1 1 1 1 1 
1 1 1 1 1 1 1 1 1 
1 1 1 1 1 1 1 1 1 
1 1 1 1 1 1 1 1 1 
1 1 1 1 1 1 1 1 1 
1 1 1 1 1 1 1 1 1 
1 1 1 1 1 1 1 1 1 
1 1 1 1 1 1 1 1 1 
1 1 1 1 1 1 1 1 1 
1 1 1 1 1 1 1 1 1 
1 1 1 1 1 1 1 1 1 
1 1 1 1 1 1 1 1 1 
1 1 1 1 1 1 1 1 1 
1 1 1 1 1 1 1 1 1 
1 1 1 1 1 1 1 1 1 
1 1 1 1 1 1 1 1 1 
1 1 1 1 1 1 1 1 1 
1 1 1 1 1 1 1 1 1 
1 1 1 1 1 1 1 1 1 
1 1 1 1 1 1 1 1 1 
1 1 1 1 1 1 1 1 1 
1 1 1 1 1 1 1 1 1 
1 1 1 1 1 1 1 1 1 
1 1 1 1 1 1 1 1 1 
1 1 1 1 1 1 1 1 1 
1 1 1 1 1 1 1 1 1 
1 1 1 1 1 1 1 1 1 
1 1 1 1 1 1 1 1 1 
1 1 1 1 1 1 1 1 1 
1 1 1 1 1 1 1 1 1 
1 1 1 1 1 1 1 1 1 
1 1 1 1 1 1 1 1 1 
1 1 1 1 1 1 1 1 1 
1 1 1 1 1 1 1 1 1 
1 1 1 1 1 1 1 1 1 
1 1 1 1 1 1 1 1 1 
1 1 1 1 1 1 1 1 1 
1 1 1 1 1 1 1 1 1 
1 1 1 1 1 1 1 1 1 
1 1 1 1 1 1 1 1 1 
1 1 1 1 1 1 1 1 1 
1 1 1 1 1 1 1 1 1 
1 1 1 1 1 1 1 1 1 
1 1 1 1 1 1 1 1 1 
1 1 1 1 1 1 1 1 1 
1 1 1 1 1 1 1 1 1 
1 1 1 1 1 1 1 1 1 
1 1 1 1 1 1 1 1 1 
1 1 1 1 1 1 1 1 1 
1 1 1 1 1 1 1 1 1 
1 1 1 1 1 1 1 1 1 
1 1 1 1 1 1 1 1 1 
1 1 1 1 1 1 1 1 1 
1 1 1 1 1 1 1 1 1 
1 1 1 1 1 1 1 1 1 
1 1 1 1 1 1 1 1 1 
1 1 1 1 1 1 1 1 1 
1 1 1 1 1 1 1 1 1 
1 1 1 1 1 1 1 1 1 
1 1 1 1 1 1 1 1 1 
1 1 1 1 1 1 1 1 1 
1 1 1 1 1 1 1 1 1 
1 1 1 1 1 1 1 1 1 
1 1 1 1 1 1 1 1 1 
1 1 1 1 1 1 1 1 1 
1 1 1 1 1 1 1 1 1 
1 1 1 1 1 1 1 1 1 
1 1 1 1 1 1 1 1 1 
1 1 1 1 1 1 1 1 1 
1 1 1 1 1 1 1 1 1 
1 1 1 1 1 1 1 1 1 
1 1 1 1 1 1 1 1 1 
1 1 1 1 1 1 1 1 1 
1 1 1 1 1 1 1 1 1 
1 1 1 1 1 1 1 1 1 
1 1 1 1 1 1 1 1 1 
1 1 1 1 1 1 1 1 1 
1 1 1 1 1 1 1 1 1 
1 1 1 1 1 1 1 1 1 
1 1 1 1 1 1 1 1 1 
1 1 1 1 1 1 1 1 1 
1 1 1 1 1 1 1 1 1 
1 1 1 1 1 1 1 1 1 
1 1 1 1 1 1 1 1 1 
1 1 1 1 1 1 1 1 1 
1 1 1 1 1 1 1 1 1 
1 1 1 1 1 1 1 1 1 
1 1 1 1 1 1 1 1 1 
1 1 1 1 1 1 1 1 1 
1 1 1 1 1 1 1 1 1 
1 1 1 1 1 1 1 1 1 
1 1 1 1 1 1 1 1 1 
1 1 1 1 1 1 1 1 1 
1 1 1 1 1 1 1 1 1 
1 1 1 1 1 1 1 1 1 
1 1 1 1 1 1 1 1 1 
1 1 1 1 1 1 1 1 1 
1 1 1 1 1 1 1 1 1 
1 1 1 1 1 1 1 1 1 
1 1 1 1 1 1 1 1 1 
1 1 1 1 1 1 1 1 1 
1 1 1 1 1 1 1 1 1 
1 1 1 1 1 1 1 1 1 
1 1 1 1 1 1 1 1 1 
1 1 1 1 1 1 1 1 1 
1 1 1 1 1 1 1 1 1 
1 1 1 1 1 1 1 1 1 
1 1 1 1 1 1 1 1 1 
1 1 1 1 1 1 1 1 1 
1 1 1 1 1 1 1 1 1 
1 1 1 1 1 1 1 1 1 
1 1 1 1 1 1 1 1 1 
1 1 1 1 1 1 1 1 1 
1 1 1 1 1 1 1 1 1 
1 1 1 1 1 1 1 1 1 
1 1 1 
