# vtk DataFile Version 5.1
vtk output
ASCII
DATASET POLYDATA
POINTS 3310 float
0.348876 -0.014552 0.636174 0.349545 -0.0104021 0.614084 0.33105 -0.019266 0.623304 
0.379695 -0.0223714 0.63564 0.380365 -0.0182215 0.61355 0.392689 -0.0349048 0.622234 
0.281065 -0.0244603 0.655148 0.281735 -0.0203104 0.633058 0.26324 -0.0291743 0.642277 
0.294059 -0.0369937 0.641742 0.343374 -0.0359493 0.631988 0.374194 -0.0437687 0.631453 
0.151616 -0.0187297 0.675191 0.152286 -0.0145799 0.653101 0.13379 -0.0234437 0.66232 
0.182436 -0.0265492 0.674656 0.183105 -0.0223993 0.652566 0.213255 -0.0343686 0.674121 
0.213925 -0.0302187 0.652031 0.244075 -0.042188 0.673586 0.244744 -0.0380382 0.651496 
0.274894 -0.0500074 0.673051 0.287888 -0.0625409 0.659646 0.114626 -0.0364575 0.693629 
0.115295 -0.0323076 0.671539 0.0967998 -0.0411715 0.680758 0.145445 -0.0442769 0.693094 
0.176265 -0.0520963 0.692559 0.207084 -0.0599158 0.692025 0.237904 -0.0677352 0.69149 
0.250898 -0.0802686 0.678084 0.269393 -0.0714048 0.668865 0.108455 -0.0620047 0.711533 
0.0906288 -0.0667187 0.698662 0.139274 -0.0698241 0.710998 0.170094 -0.0776435 0.710463 
0.200913 -0.085463 0.709928 0.213907 -0.0979964 0.696522 0.232402 -0.0891325 0.687303 
0.071464 -0.0797324 0.729971 0.0721335 -0.0755825 0.707881 0.0536382 -0.0844464 0.7171 
0.102284 -0.0875518 0.729436 0.115277 -0.100085 0.716031 0.133773 -0.0912214 0.706811 
0.164592 -0.0990408 0.706276 0.195412 -0.10686 0.705742 0.065293 -0.10528 0.747875 
0.0474672 -0.109994 0.735004 0.0961125 -0.113099 0.74734 0.109106 -0.125632 0.733934 
0.0283024 -0.123007 0.766313 0.0289719 -0.118857 0.744223 0.0104766 -0.127721 0.753442 
0.0591219 -0.130827 0.765778 0.0721157 -0.14336 0.752372 0.090611 -0.134496 0.743153 
0.0228009 -0.144405 0.762126 0.0536204 -0.152224 0.761592 0.399547 0.0625699 0.537749 
0.400217 0.0667197 0.515659 0.381722 0.0578559 0.524878 0.430367 0.0547504 0.537214 
0.431036 0.0589003 0.515124 0.443361 0.042217 0.523809 0.331737 0.0526615 0.556722 
0.332407 0.0568114 0.534632 0.313911 0.0479475 0.543852 0.362557 0.0448421 0.556187 
0.363226 0.048992 0.534097 0.393376 0.0370227 0.555653 0.424196 0.0292033 0.555118 
0.43719 0.0166698 0.541712 0.294747 0.0349338 0.575161 0.295416 0.0390837 0.553071 
0.276921 0.0302198 0.56229 0.325566 0.0271144 0.574626 0.356386 0.019295 0.574091 
0.387205 0.0114755 0.573556 0.418025 0.00365609 0.573021 0.449514 -1.34767e-05 0.550396 
0.448844 -0.00416334 0.572486 0.461838 -0.0166968 0.559081 0.165297 0.0406643 0.595204 
0.165967 0.0448142 0.573114 0.147471 0.0359503 0.582333 0.196117 0.0328449 0.594669 
0.196786 0.0369948 0.572579 0.226936 0.0250255 0.594134 0.227606 0.0291754 0.572044 
0.257756 0.017206 0.593599 0.258425 0.0213559 0.571509 0.288576 0.00938662 0.593064 
0.319395 0.00156719 0.592529 0.350215 -0.00625223 0.591995 0.381034 -0.0140717 0.59146 
0.411854 -0.0218911 0.590925 0.442673 -0.0297105 0.59039 0.455667 -0.042244 0.576984 
0.0666675 0.0385755 0.614712 0.067337 0.0427253 0.592622 0.0488417 0.0338614 0.601841 
0.0974871 0.030756 0.614177 0.0981566 0.0349059 0.592087 0.128307 0.0229366 0.613642 
0.128976 0.0270865 0.591552 0.159126 0.0151172 0.613107 0.189946 0.00729773 0.612572 
0.220765 -0.000521692 0.612037 0.251585 -0.00834112 0.611503 0.282405 -0.0161605 0.610968 
0.313224 -0.02398 0.610433 0.405683 -0.0474383 0.608828 0.418677 -0.0599717 0.595423 
0.437172 -0.0511078 0.586203 -0.00114265 0.0286671 0.633685 -0.000473139 0.032817 0.611595 
-0.0189684 0.0239531 0.620814 0.0296769 0.0208477 0.63315 0.0303464 0.0249976 0.61106 
0.0604965 0.0130283 0.632615 0.0913161 0.00520886 0.63208 0.122136 -0.00261057 0.631546 
0.152955 -0.01043 0.631011 0.183775 -0.0182494 0.630476 0.214594 -0.0260689 0.629941 
0.245414 -0.0338883 0.629406 0.307053 -0.0495271 0.628336 0.337873 -0.0573466 0.627801 
0.368692 -0.065166 0.627267 0.381686 -0.0776994 0.613861 0.400181 -0.0688356 0.604642 
-0.0689528 0.0187588 0.652658 -0.0682833 0.0229087 0.630568 -0.0867786 0.0140448 0.639788 
-0.0381332 0.0109394 0.652124 -0.0374637 0.0150893 0.630034 -0.00731367 0.00311997 0.651589 
0.0235059 -0.00469945 0.651054 0.0543255 -0.0125189 0.650519 0.085145 -0.0203383 0.649984 
0.115965 -0.0281577 0.649449 0.283056 -0.0797883 0.633369 0.301552 -0.0709245 0.62415 
0.332371 -0.0787439 0.623615 0.363191 -0.0865633 0.62308 -0.0751238 -0.00678835 0.670562 
-0.0929496 -0.0115024 0.657691 -0.0443043 -0.0146078 0.670027 -0.0134847 -0.0224272 0.669492 
0.0173349 -0.0302466 0.668957 0.0481545 -0.0380661 0.668422 0.078974 -0.0458855 0.667888 
0.246066 -0.0975161 0.651807 0.264561 -0.0886522 0.642588 -0.0806253 -0.0281857 0.666375 
-0.0683011 -0.044869 0.67506 -0.0504753 -0.040155 0.68793 -0.0196557 -0.0479744 0.687396 
0.0111639 -0.0557938 0.686861 0.0419834 -0.0636132 0.686326 0.072803 -0.0714327 0.685791 
0.209075 -0.115244 0.670246 0.22757 -0.10638 0.661027 -0.0559768 -0.0615523 0.683744 
-0.0436525 -0.0782356 0.692428 -0.0258267 -0.0735216 0.705299 0.00499284 -0.081341 0.704764 
0.0358124 -0.0891604 0.704229 0.110445 -0.117333 0.689754 0.128941 -0.108469 0.680535 
0.15976 -0.116288 0.68 0.19058 -0.124108 0.679465 -0.0936369 -0.0834299 0.724272 
-0.0929674 -0.07928 0.702182 -0.111463 -0.0881439 0.711402 -0.0628173 -0.0912493 0.723738 
-0.0621478 -0.0870994 0.701648 -0.0319978 -0.0990687 0.723203 -0.00117818 -0.106888 0.722668 
0.0296414 -0.114708 0.722133 0.0912805 -0.130346 0.721063 0.0734548 -0.13506 0.708193 
0.0919501 -0.126197 0.698973 -0.0991384 -0.104827 0.720086 -0.0683188 -0.112647 0.719551 
-0.0559946 -0.12933 0.728235 -0.0381688 -0.124616 0.741106 -0.0073492 -0.132435 0.740571 
0.0549595 -0.143924 0.717412 0.0542899 -0.148074 0.739502 0.0364642 -0.152788 0.726631 
-0.0436703 -0.146013 0.73692 -0.0128507 -0.153833 0.736385 0.0179689 -0.161652 0.73585 
0.339247 0.0865085 0.494639 0.339917 0.0906583 0.472549 0.321421 0.0817945 0.481768 
0.370067 0.0786891 0.494104 0.370736 0.0828389 0.472014 0.400886 0.0708696 0.493569 
0.401556 0.0750195 0.471479 0.41388 0.0583362 0.480163 0.271437 0.0766002 0.513612 
0.272107 0.08075 0.491522 0.253611 0.0718861 0.500741 0.302257 0.0687807 0.513077 
0.302926 0.0729306 0.490987 0.333076 0.0609613 0.512542 0.363896 0.0531419 0.512007 
0.426204 0.0416529 0.488848 0.438529 0.0249696 0.497532 0.203627 0.0666918 0.532585 
0.204296 0.0708417 0.510495 0.185801 0.0619778 0.519715 0.234446 0.0588724 0.53205 
0.235116 0.0630223 0.50996 0.265266 0.051053 0.531516 0.296086 0.0432335 0.530981 
0.432358 -0.000577602 0.515436 0.104997 0.0646029 0.552093 0.105667 0.0687528 0.530003 
0.0871714 0.059889 0.539223 0.135817 0.0567835 0.551559 0.136486 0.0609334 0.529469 
0.166636 0.0489641 0.551024 0.167306 0.053114 0.528934 0.197456 0.0411447 0.550489 
0.228275 0.0333252 0.549954 0.259095 0.0255058 0.549419 0.444012 -0.0214108 0.54621 
0.426187 -0.0261248 0.533339 -0.0552717 0.0781529 0.572671 -0.0546022 0.0823028 0.550581 
-0.0730975 0.0734389 0.559801 -0.0244522 0.0703335 0.572137 -0.0237827 0.0744834 0.550047 
0.0063674 0.0625141 0.571602 0.00703692 0.0666639 0.549512 0.037187 0.0546946 0.571067 
0.0378565 0.0588445 0.548977 0.0680065 0.0468752 0.570532 0.0686761 0.0510251 0.548442 
0.0988261 0.0390558 0.569997 0.129646 0.0312363 0.569462 0.437841 -0.0469579 0.564113 
0.420016 -0.051672 0.551243 -0.0614428 0.0526057 0.590575 -0.0792685 0.0478917 0.577704 
-0.0306232 0.0447863 0.59004 0.000196384 0.0369669 0.589505 0.031016 0.0291475 0.58897 
0.413845 -0.0772191 0.569146 -0.0676138 0.0270586 0.608478 -0.0854396 0.0223446 0.595608 
-0.0367942 0.0192391 0.607943 0.376854 -0.0949469 0.587584 0.395349 -0.086083 0.578365 
-0.104604 0.00933084 0.626917 -0.103935 0.0134807 0.604827 -0.12243 0.00461684 0.614046 
0.29605 -0.0923217 0.619963 0.32687 -0.100141 0.619429 0.339863 -0.112675 0.606023 
0.358359 -0.103811 0.596804 -0.110775 -0.0162163 0.64482 -0.128601 -0.0209303 0.631949 
0.241234 -0.114763 0.625531 0.259729 -0.1059 0.616312 0.290549 -0.113719 0.615777 
0.321368 -0.121538 0.615242 -0.116277 -0.0376137 0.640634 -0.0861268 -0.049583 0.662189 
-0.103953 -0.054297 0.649318 0.191249 -0.119958 0.657375 0.173424 -0.124672 0.644504 
0.191919 -0.115808 0.635285 0.222738 -0.123627 0.63475 -0.0922979 -0.0751301 0.680092 
-0.110124 -0.0798441 0.667222 -0.0614783 -0.0829496 0.679558 0.105613 -0.13458 0.663478 
0.124109 -0.125716 0.654258 0.154928 -0.133536 0.653723 -0.116295 -0.105391 0.685125 
0.0686228 -0.152308 0.681916 0.0871181 -0.143444 0.672697 -0.10397 -0.122075 0.69381 
-0.0731508 -0.129894 0.693275 -0.0423312 -0.137713 0.69274 -0.0430008 -0.141863 0.71483 
-0.0115117 -0.145533 0.692205 -0.0121812 -0.149683 0.714295 0.0193079 -0.153352 0.69167 
0.0186384 -0.157502 0.71376 0.0501275 -0.161172 0.691135 0.346757 0.120355 0.432555 
0.347427 0.124505 0.410465 0.328931 0.115641 0.419684 0.359751 0.107822 0.41915 
0.309767 0.102628 0.450994 0.310436 0.106777 0.428904 0.291941 0.0979136 0.438123 
0.340586 0.0948082 0.450459 0.372075 0.0911386 0.427834 0.371406 0.0869888 0.449924 
0.402225 0.0791693 0.449389 0.402895 0.0833192 0.427299 0.415219 0.0666359 0.435983 
0.272776 0.0848999 0.469432 0.273446 0.0890498 0.447342 0.25495 0.0801859 0.456561 
0.303596 0.0770805 0.468897 0.409048 0.0410887 0.453887 0.204966 0.0749916 0.488405 
0.205635 0.0791414 0.466315 0.18714 0.0702776 0.475535 0.235785 0.0671721 0.48787 
0.236455 0.071322 0.46578 0.421372 0.0244054 0.462571 0.433697 0.00772213 0.471256 
0.106336 0.0729027 0.507913 0.107006 0.0770525 0.485823 0.0885104 0.0681887 0.495043 
0.137156 0.0650832 0.507379 0.137825 0.0692331 0.485289 0.167975 0.0572638 0.506844 
0.168645 0.0614137 0.484754 0.427526 -0.017825 0.489159 -0.0231131 0.0786332 0.527956 
-0.0224436 0.0827831 0.505866 -0.0409389 0.0739192 0.515086 0.00770644 0.0708138 0.527422 
0.00837595 0.0749637 0.505332 0.038526 0.0629944 0.526887 0.0391955 0.0671442 0.504797 
0.0693456 0.0551749 0.526352 0.0700151 0.0593248 0.504262 0.421355 -0.0433722 0.507063 
-0.0909233 0.0687249 0.54693 -0.0902538 0.0728748 0.52484 -0.108749 0.0640109 0.534059 
-0.0594342 0.0650553 0.524305 0.415184 -0.0689194 0.524966 -0.158733 0.0588166 0.565903 
-0.158064 0.0629665 0.543813 -0.176559 0.0541026 0.553032 -0.127914 0.0509972 0.565368 
-0.127244 0.055147 0.543278 -0.0970943 0.0431777 0.564833 0.409013 -0.0944666 0.54287 
-0.164904 0.0332694 0.583807 -0.18273 0.0285554 0.570936 -0.134085 0.02545 0.583272 
-0.103265 0.0176306 0.582737 0.372022 -0.112194 0.561308 0.390517 -0.10333 0.552089 
-0.171075 0.00772226 0.60171 -0.188901 0.00300825 0.588839 -0.140256 -9.71727e-05 0.601175 
0.322038 -0.117389 0.593152 0.304212 -0.122103 0.580281 0.322707 -0.113239 0.571062 
0.353527 -0.121058 0.570527 -0.177247 -0.0178249 0.619614 -0.195072 -0.0225389 0.606743 
-0.146427 -0.0256444 0.619079 0.223408 -0.119477 0.61266 0.205582 -0.124192 0.599789 
0.224077 -0.115328 0.59057 0.254897 -0.123147 0.590035 0.285717 -0.130966 0.5895 
-0.183418 -0.0433721 0.637517 -0.201243 -0.0480861 0.624646 -0.152598 -0.0511915 0.636982 
-0.121778 -0.059011 0.636447 0.155598 -0.129386 0.631633 0.137772 -0.1341 0.618763 
0.156267 -0.125236 0.609544 0.187087 -0.133055 0.609009 -0.188919 -0.0647694 0.633331 
-0.176595 -0.0814527 0.642015 -0.158769 -0.0767387 0.654886 -0.127949 -0.0845581 0.654351 
0.0877876 -0.139294 0.650607 0.0699618 -0.144008 0.637736 0.0884571 -0.135144 0.628517 
0.119277 -0.142964 0.627982 -0.16427 -0.098136 0.650699 -0.133451 -0.105955 0.650164 
-0.102631 -0.113775 0.649629 -0.103301 -0.117925 0.67172 -0.0903071 -0.130458 0.658314 
0.050797 -0.157022 0.669045 0.0329712 -0.161736 0.656174 0.0514665 -0.152872 0.646955 
-0.0779828 -0.147141 0.666998 -0.0471632 -0.154961 0.666463 -0.0163436 -0.16278 0.665928 
0.0144759 -0.1706 0.665394 0.286457 0.144294 0.389445 0.287127 0.148444 0.367355 
0.268631 0.13958 0.376574 0.299451 0.131761 0.376039 0.280286 0.118747 0.407349 
0.26246 0.114033 0.394478 0.311775 0.115077 0.384724 0.311106 0.110927 0.406814 
0.342595 0.107258 0.384189 0.354919 0.0905745 0.392873 0.243296 0.101019 0.425787 
0.243965 0.105169 0.403697 0.22547 0.096305 0.412916 0.274115 0.0931996 0.425252 
0.367243 0.0738912 0.401557 0.397393 0.0619219 0.423113 0.379568 0.0572079 0.410242 
0.206305 0.0832913 0.444225 0.206974 0.0874412 0.422135 0.188479 0.0785773 0.431355 
0.237125 0.0754719 0.44369 0.391892 0.0405246 0.418926 0.404216 0.0238413 0.42761 
-0.138881 0.143758 0.468012 -0.138212 0.147908 0.445922 -0.156707 0.139044 0.455142 
-0.125888 0.131224 0.454607 0.107675 0.0812024 0.463733 0.108345 0.0853523 0.441643 
0.0898494 0.0764884 0.450863 0.138495 0.073383 0.463199 0.139164 0.0775329 0.441109 
0.169314 0.0655636 0.462664 0.169984 0.0697134 0.440574 0.415871 0.00300813 0.458385 
0.398045 -0.00170588 0.445514 -0.206692 0.13385 0.486986 -0.206022 0.137999 0.464896 
-0.224517 0.129136 0.474115 -0.175872 0.12603 0.486451 -0.175202 0.13018 0.464361 
-0.145052 0.118211 0.485916 -0.132059 0.105677 0.47251 0.00904547 0.0791135 0.483242 
0.00971499 0.0832634 0.461152 -0.00878031 0.0743995 0.470371 0.039865 0.0712941 0.482707 
0.0405346 0.075444 0.460617 0.0706846 0.0634747 0.482172 0.0713541 0.0676245 0.460082 
0.4097 -0.022539 0.476288 0.391874 -0.0272531 0.463417 -0.212193 0.112452 0.482799 
-0.199869 0.0957689 0.491484 -0.182043 0.100483 0.504354 -0.151223 0.0926635 0.50382 
-0.119734 0.0889939 0.481195 -0.120404 0.0848441 0.503285 -0.0895843 0.0770247 0.50275 
-0.0889148 0.0811745 0.48066 -0.0587647 0.0692052 0.502215 -0.0580952 0.0733551 0.480125 
-0.0272756 0.0655357 0.47959 0.403529 -0.0480862 0.494192 0.385703 -0.0528002 0.481321 
-0.188214 0.0749357 0.522258 -0.20604 0.0702217 0.509387 -0.157394 0.0671163 0.521723 
-0.126575 0.0592969 0.521188 0.397358 -0.0736334 0.512095 0.379532 -0.0783474 0.499224 
-0.194385 0.0493886 0.540161 -0.212211 0.0446746 0.527291 0.391187 -0.0991806 0.529999 
0.373361 -0.103895 0.517128 -0.200556 0.0238414 0.558065 -0.218382 0.0191274 0.545194 
0.354196 -0.116908 0.548437 0.33637 -0.121622 0.535566 0.354866 -0.112758 0.526347 
-0.206727 -0.00170576 0.575968 -0.224553 -0.00641976 0.563098 0.286386 -0.126817 0.56741 
0.26856 -0.131531 0.55454 0.287056 -0.122667 0.54532 0.317875 -0.130486 0.544786 
-0.243718 -0.0194335 0.594407 -0.243048 -0.0152836 0.572317 -0.261543 -0.0241475 0.581536 
-0.212898 -0.0272529 0.593872 0.20075 -0.141439 0.573513 0.219245 -0.132575 0.564294 
0.250065 -0.140394 0.563759 -0.249219 -0.0408308 0.59022 -0.236895 -0.0575141 0.598905 
-0.219069 -0.0528001 0.611775 0.119946 -0.138814 0.605892 0.10212 -0.143528 0.593021 
0.120616 -0.134664 0.583802 0.151435 -0.142483 0.583267 0.182255 -0.150303 0.582732 
-0.224571 -0.0741974 0.607589 -0.193751 -0.0820169 0.607054 -0.181427 -0.0987002 0.615738 
0.052136 -0.148722 0.624865 0.0343102 -0.153436 0.611994 0.0528055 -0.144572 0.602775 
0.0836251 -0.152392 0.60224 -0.169102 -0.115383 0.624423 -0.138283 -0.123203 0.623888 
-0.107463 -0.131022 0.623353 -0.0766438 -0.138842 0.622818 -0.0773133 -0.142992 0.644908 
-0.0458242 -0.146661 0.622283 -0.0464937 -0.150811 0.644373 -0.0150046 -0.154481 0.621748 
-0.0156741 -0.15863 0.643838 0.015815 -0.1623 0.621214 0.0151454 -0.16645 0.643304 
0.250806 0.134866 0.363703 0.251475 0.139016 0.341613 0.23298 0.130152 0.350833 
0.281625 0.127047 0.363169 0.263799 0.122333 0.350298 0.213815 0.117138 0.382142 
0.214485 0.121288 0.360052 0.195989 0.112424 0.369271 0.244635 0.109319 0.381607 
0.276124 0.105649 0.358982 0.306274 0.0936799 0.380537 0.288448 0.0889659 0.367666 
0.337093 0.0858605 0.380002 0.176824 0.0994105 0.40058 0.177494 0.10356 0.37849 
0.158999 0.0946965 0.387709 0.207644 0.091591 0.400045 0.300772 0.0722826 0.376351 
0.331592 0.0644632 0.375816 0.361742 0.0524939 0.397371 0.343916 0.0477799 0.3845 
-0.137542 0.152058 0.423832 -0.136873 0.156207 0.401743 -0.155368 0.147344 0.410962 
-0.124549 0.139524 0.410427 0.0781947 0.0973216 0.420088 0.0788642 0.101471 0.397998 
0.0603689 0.0926076 0.407218 0.109014 0.0895021 0.419553 0.109684 0.093652 0.397464 
0.139834 0.0816827 0.419019 0.140503 0.0858326 0.396929 0.170653 0.0738633 0.418484 
0.35624 0.0310966 0.393185 0.38639 0.0191273 0.41474 0.368565 0.0144133 0.401869 
-0.205353 0.142149 0.442806 -0.204683 0.146299 0.420716 -0.223178 0.137435 0.429935 
-0.174533 0.13433 0.442271 -0.173863 0.13848 0.420181 -0.112894 0.118691 0.441201 
-0.112224 0.122841 0.419111 -0.0999 0.106158 0.427795 0.0103845 0.0874133 0.439062 
0.011054 0.0915632 0.416972 -0.00744127 0.0826993 0.426191 0.0412041 0.0795938 0.438527 
0.0418736 0.0837437 0.416437 0.0720237 0.0717744 0.437992 0.380219 -0.00641988 0.432643 
0.362394 -0.0111339 0.419772 -0.229349 0.111888 0.447838 -0.119065 0.0931438 0.459105 
-0.0875757 0.0894743 0.43648 -0.0882452 0.0853244 0.45857 -0.0574257 0.0775049 0.458035 
-0.0567561 0.0816548 0.435945 -0.0266061 0.0696855 0.4575 -0.0259366 0.0738354 0.43541 
0.374048 -0.0319671 0.450547 0.356223 -0.036681 0.437676 -0.217695 0.0910549 0.478613 
-0.23552 0.0863409 0.465742 0.367877 -0.0575142 0.46845 0.350052 -0.0622282 0.455579 
-0.223196 0.0696576 0.474426 -0.210872 0.0529743 0.483111 0.330887 -0.075242 0.486888 
0.313061 -0.079956 0.474018 0.331556 -0.0710921 0.464799 0.361706 -0.0830614 0.486354 
-0.217043 0.0274271 0.501014 0.324716 -0.100789 0.504792 0.30689 -0.105503 0.491921 
0.355535 -0.108609 0.504257 -0.236208 0.0144134 0.532323 -0.235538 0.0185633 0.510233 
-0.254033 0.00969941 0.519453 0.318545 -0.126336 0.522696 0.300719 -0.13105 0.509825 
-0.273198 -0.00331434 0.550762 -0.272529 0.000835534 0.528672 -0.291024 -0.00802833 0.537891 
-0.242379 -0.0111338 0.550227 0.250735 -0.136245 0.541669 0.232909 -0.140959 0.528798 
0.251404 -0.132095 0.519579 0.282224 -0.139914 0.519044 -0.2787 -0.0247116 0.546575 
-0.266375 -0.0413949 0.55526 0.182924 -0.146153 0.560642 0.165099 -0.150867 0.547771 
0.183594 -0.142003 0.538552 0.214413 -0.149822 0.538017 -0.254051 -0.0580782 0.563944 
-0.223232 -0.0658977 0.563409 -0.223901 -0.0700476 0.585499 -0.210907 -0.082581 0.572093 
0.0534751 -0.140422 0.580685 0.0356493 -0.145136 0.567814 0.0541446 -0.136273 0.558595 
0.0849642 -0.144092 0.55806 0.0842946 -0.148242 0.58015 0.115784 -0.151911 0.557525 
0.146603 -0.159731 0.556991 -0.198583 -0.0992643 0.580778 -0.186259 -0.115948 0.589462 
0.0164845 -0.15815 0.599123 -0.0013413 -0.162864 0.586253 0.017154 -0.154 0.577034 
-0.173934 -0.132631 0.598146 -0.143115 -0.14045 0.597611 -0.112295 -0.14827 0.597077 
-0.0814757 -0.156089 0.596542 -0.0506562 -0.163909 0.596007 -0.0198366 -0.171728 0.595472 
0.184334 0.133257 0.338497 0.185004 0.137407 0.316407 0.166509 0.128543 0.325626 
0.215154 0.125438 0.337962 0.215824 0.129588 0.315872 0.246643 0.121768 0.315337 
0.258967 0.105085 0.324021 0.147344 0.11553 0.356935 0.148013 0.11968 0.334845 
0.129518 0.110816 0.344064 0.178163 0.10771 0.3564 0.271292 0.0884018 0.332706 
0.283616 0.0717185 0.34139 -0.105384 0.152538 0.379118 -0.104714 0.156688 0.357028 
-0.123209 0.147824 0.366247 -0.0923899 0.140004 0.365712 0.110353 0.0978019 0.375373 
0.111023 0.101952 0.353284 0.0925275 0.0930879 0.362503 0.141173 0.0899825 0.374839 
0.29594 0.0550352 0.350074 0.32609 0.0430659 0.371629 0.308264 0.0383519 0.358759 
-0.173194 0.14263 0.398091 -0.172524 0.146779 0.376001 -0.19102 0.137916 0.38522 
-0.141705 0.13896 0.375466 -0.111555 0.126991 0.397021 -0.098561 0.114457 0.383615 
0.0425431 0.0878936 0.394347 0.0432126 0.0920435 0.372257 0.0247173 0.0831796 0.381476 
0.0740322 0.084224 0.371722 0.320589 0.0216686 0.367443 0.350739 0.00969931 0.388998 
0.332913 0.00498529 0.376127 -0.241004 0.132721 0.417064 -0.240335 0.136871 0.394974 
-0.25883 0.128007 0.404193 -0.209515 0.129052 0.394439 -0.0869062 0.0936241 0.41439 
-0.0862367 0.097774 0.3923 -0.0560866 0.0858047 0.413855 -0.0554171 0.0899546 0.391765 
-0.025267 0.0779853 0.41332 -0.0245975 0.0821351 0.39123 0.00622204 0.0743157 0.390695 
0.345237 -0.011698 0.384811 0.357562 -0.0283813 0.393496 -0.246506 0.111324 0.412878 
-0.234181 0.0946407 0.421562 0.351391 -0.0539285 0.411399 -0.240352 0.0690935 0.439465 
0.332226 -0.0669422 0.442709 0.3144 -0.0716562 0.429838 0.332895 -0.0627923 0.420619 
-0.228698 0.0482603 0.47024 -0.246523 0.0435463 0.457369 0.295235 -0.08467 0.461147 
0.277409 -0.089384 0.448276 0.295905 -0.0805201 0.439057 -0.234869 0.0227131 0.488143 
-0.252694 0.0179991 0.475273 0.289064 -0.110217 0.47905 0.271238 -0.114931 0.46618 
-0.258865 -0.00754803 0.493176 0.282893 -0.135764 0.496954 0.265067 -0.140478 0.484083 
-0.277361 -0.0164119 0.502395 -0.295856 -0.0252758 0.511614 0.215083 -0.145673 0.515927 
0.197257 -0.150387 0.503056 0.215753 -0.141523 0.493837 0.246572 -0.149342 0.493302 
-0.283532 -0.0419591 0.520299 -0.252712 -0.0497785 0.519764 -0.253382 -0.0539284 0.541854 
-0.221893 -0.0575979 0.519229 -0.222562 -0.0617478 0.541319 -0.209568 -0.0742812 0.527913 
0.0856337 -0.139942 0.53597 0.0678079 -0.144656 0.523099 0.0863032 -0.135792 0.51388 
0.117123 -0.143612 0.513345 0.116453 -0.147762 0.535435 0.147942 -0.151431 0.51281 
0.147273 -0.155581 0.534901 0.178762 -0.15925 0.512276 -0.197244 -0.0909645 0.536598 
-0.197913 -0.0951144 0.558688 -0.18492 -0.107648 0.545282 0.0308173 -0.162384 0.541538 
0.0493126 -0.15352 0.532319 -0.172595 -0.124331 0.553966 -0.173265 -0.128481 0.576056 
-0.160271 -0.141014 0.562651 -0.0191671 -0.167578 0.573382 -0.0369929 -0.172292 0.560511 
-0.0184976 -0.163428 0.551292 0.012322 -0.171248 0.550757 -0.147947 -0.157698 0.571335 
-0.117127 -0.165517 0.5708 -0.0863077 -0.173337 0.570265 -0.0554882 -0.181156 0.56973 
0.117863 0.131649 0.31329 0.118533 0.135799 0.2912 0.100038 0.126935 0.300419 
0.148683 0.123829 0.312755 0.149352 0.127979 0.290665 0.180172 0.12016 0.29013 
0.210992 0.11234 0.289595 0.241142 0.100371 0.31115 0.223316 0.0956571 0.29828 
-0.104045 0.160838 0.334938 -0.103375 0.164988 0.312848 -0.12187 0.156124 0.322067 
-0.0910509 0.148304 0.321532 0.111692 0.106102 0.331193 0.0938665 0.101388 0.318323 
0.23564 0.0789738 0.306964 0.26579 0.0670045 0.328519 0.247964 0.0622905 0.315648 
-0.141035 0.14311 0.353376 -0.140366 0.14726 0.331286 -0.158861 0.138396 0.340505 
-0.0793961 0.127471 0.352306 -0.0787266 0.131621 0.330216 -0.0664024 0.114938 0.338901 
0.0747017 0.0883739 0.349632 0.0753712 0.0925238 0.327542 0.0568759 0.0836599 0.336761 
0.260289 0.0456072 0.324333 0.290439 0.0336379 0.345888 0.272613 0.0289239 0.333017 
-0.208845 0.133202 0.372349 -0.208176 0.137351 0.350259 -0.226671 0.128488 0.359478 
-0.177356 0.129532 0.349724 -0.0855672 0.101924 0.37021 -0.0540781 0.0982543 0.347585 
-0.0547476 0.0941044 0.369675 -0.023928 0.086285 0.36914 -0.0232585 0.0904349 0.34705 
0.00689156 0.0784656 0.368605 0.00756107 0.0826154 0.346515 0.0383806 0.074796 0.34598 
0.284937 0.0122406 0.341701 0.315087 0.000271288 0.363256 0.297262 -0.00444271 0.350386 
-0.276656 0.123293 0.391322 -0.275986 0.127443 0.369233 -0.294481 0.118579 0.378452 
-0.245167 0.119624 0.368698 0.309586 -0.021126 0.35907 0.339736 -0.0330953 0.380625 
0.32191 -0.0378093 0.367754 -0.282157 0.101896 0.387136 -0.252007 0.0899266 0.408691 
-0.269833 0.0852126 0.39582 0.333565 -0.0586425 0.398529 0.315739 -0.0633565 0.385658 
-0.257509 0.0685294 0.404505 -0.245184 0.0518461 0.413189 0.296574 -0.0763702 0.416967 
0.278748 -0.0810842 0.404096 0.297244 -0.0722204 0.394877 -0.251355 0.0262989 0.431093 
0.259584 -0.094098 0.435405 0.241758 -0.098812 0.422535 0.260253 -0.0899481 0.413315 
-0.27052 0.0132851 0.462402 -0.269851 0.017435 0.440312 -0.288346 0.00857113 0.449531 
0.253413 -0.119645 0.453309 0.235587 -0.124359 0.440438 -0.276691 -0.012262 0.480305 
-0.294517 -0.016976 0.467434 0.216422 -0.137373 0.471747 0.198596 -0.142087 0.458876 
0.217092 -0.133223 0.449657 0.247242 -0.145192 0.471212 -0.282862 -0.0378092 0.498209 
-0.282193 -0.0336593 0.476119 -0.252043 -0.0456286 0.497674 -0.251373 -0.0414788 0.475584 
-0.239049 -0.0581621 0.484268 0.179431 -0.155101 0.490186 0.161606 -0.159815 0.477315 
0.180101 -0.150951 0.468096 -0.226725 -0.0748454 0.492952 -0.2144 -0.0915287 0.501637 
0.0499821 -0.14937 0.510229 0.0321563 -0.154084 0.497358 0.0506516 -0.14522 0.488139 
0.0814712 -0.15304 0.487604 0.112291 -0.160859 0.487069 0.14311 -0.168679 0.486534 
-0.202076 -0.108212 0.510321 -0.189752 -0.124895 0.519005 0.0129915 -0.167098 0.528667 
-0.00483426 -0.171812 0.515796 0.013661 -0.162948 0.506577 -0.177427 -0.141579 0.52769 
-0.146608 -0.149398 0.527155 -0.147277 -0.153548 0.549245 -0.115788 -0.157217 0.52662 
-0.116458 -0.161367 0.54871 -0.0849687 -0.165037 0.526085 -0.0856382 -0.169187 0.548175 
-0.0541491 -0.172856 0.52555 -0.0548186 -0.177006 0.54764 -0.0233296 -0.180676 0.525015 
0.119202 0.139949 0.26911 0.119872 0.144098 0.24702 0.101377 0.135235 0.256239 
0.150022 0.132129 0.268575 0.150691 0.136279 0.246485 0.163016 0.119596 0.255169 
0.0952056 0.109687 0.274143 0.17534 0.102912 0.263854 0.20616 0.095093 0.263319 
0.218484 0.0784097 0.272003 -0.139696 0.15141 0.309196 -0.139027 0.155559 0.287106 
-0.157522 0.146696 0.296325 -0.108207 0.14774 0.286571 -0.0780571 0.135771 0.308126 
-0.0773876 0.139921 0.286036 -0.0650633 0.123237 0.294721 0.0760407 0.0966736 0.305452 
0.0767103 0.100823 0.283362 0.058215 0.0919596 0.292581 0.230808 0.0617264 0.280688 
0.243132 0.0450431 0.289372 -0.176687 0.133682 0.327634 -0.176017 0.137832 0.305544 
-0.194513 0.128968 0.314764 -0.0534086 0.102404 0.325495 -0.052739 0.106554 0.303405 
-0.022589 0.0945847 0.32496 -0.0219195 0.0987346 0.30287 0.00823059 0.0867653 0.324425 
0.00890011 0.0909152 0.302335 0.0390502 0.0789459 0.32389 0.0397197 0.0830958 0.3018 
0.255457 0.0283598 0.298056 0.267781 0.0116765 0.30674 -0.275317 0.131593 0.347143 
-0.274647 0.135743 0.325053 -0.293142 0.126879 0.334272 -0.244497 0.123774 0.346608 
-0.243827 0.127923 0.324518 -0.213008 0.120104 0.323983 0.280105 -0.00500684 0.315425 
0.29243 -0.0216901 0.324109 -0.299313 0.101332 0.352175 0.304084 -0.0425233 0.354883 
0.286258 -0.0472373 0.342013 -0.286989 0.0846485 0.36086 -0.274665 0.0679652 0.369544 
0.297913 -0.0680705 0.372787 0.280087 -0.0727845 0.359916 -0.26301 0.047132 0.400318 
-0.280836 0.0424181 0.387447 0.260923 -0.0857982 0.391225 0.243097 -0.0905122 0.378354 
0.261592 -0.0816484 0.369135 -0.269181 0.0215849 0.418222 -0.287007 0.0168709 0.405351 
0.223932 -0.103526 0.409664 0.206106 -0.10824 0.396793 0.224602 -0.0993761 0.387574 
-0.336991 0.0116766 0.437195 -0.336322 0.0158264 0.415105 -0.354817 0.00696255 0.424324 
-0.306172 0.00385713 0.43666 -0.305502 0.00800701 0.41457 0.217761 -0.129073 0.427567 
0.199935 -0.133787 0.414696 -0.342493 -0.00972075 0.433008 -0.311673 -0.0175402 0.432474 
-0.280854 -0.0253596 0.431939 -0.281523 -0.0295095 0.454029 -0.268529 -0.0420429 0.440623 
0.18077 -0.146801 0.446006 0.162945 -0.151515 0.433135 0.18144 -0.142651 0.423916 
-0.256205 -0.0587262 0.449307 -0.243881 -0.0754095 0.457992 0.0821407 -0.14889 0.465514 
0.0643149 -0.153604 0.452643 0.0828103 -0.14474 0.443424 0.11363 -0.152559 0.442889 
0.11296 -0.156709 0.464979 0.144449 -0.160379 0.442354 0.14378 -0.164529 0.464444 
-0.231556 -0.0920928 0.466676 -0.219232 -0.108776 0.47536 0.0143306 -0.158798 0.484487 
-0.00349522 -0.163512 0.471616 0.0150001 -0.154648 0.462397 0.0458197 -0.162468 0.461862 
-0.206908 -0.125459 0.484045 -0.176088 -0.133279 0.48351 -0.176758 -0.137429 0.5056 
-0.163764 -0.149962 0.492194 -0.0534796 -0.168706 0.50346 -0.0713054 -0.17342 0.49059 
-0.0528101 -0.164557 0.48137 -0.0219905 -0.172376 0.480835 -0.02266 -0.176526 0.502926 
-0.15144 -0.166645 0.500878 -0.12062 -0.174465 0.500344 -0.0898007 -0.182284 0.499809 
0.11504 0.126851 0.220743 0.0965446 0.117987 0.229963 0.145859 0.119032 0.220209 
0.158184 0.102348 0.228893 -0.107538 0.15189 0.264481 -0.106868 0.15604 0.242391 
-0.125363 0.147176 0.25161 -0.0767181 0.144071 0.263946 -0.0760485 0.14822 0.241856 
-0.0637243 0.131537 0.250541 0.0903736 0.0924399 0.247866 0.170508 0.085665 0.237577 
0.200658 0.0736956 0.259132 0.182832 0.0689817 0.246262 -0.143859 0.138312 0.26083 
-0.162354 0.129448 0.270049 -0.0520695 0.110704 0.281315 -0.0514 0.114854 0.259225 
-0.0390757 0.0981705 0.267909 0.00956963 0.0950651 0.280245 0.0102391 0.0992149 0.258155 
-0.00825616 0.090351 0.267374 0.0225634 0.0825316 0.266839 0.0718783 0.0835761 0.257085 
0.053383 0.0747122 0.266305 0.195157 0.0522983 0.254946 0.225307 0.0403291 0.276501 
0.207481 0.0356151 0.26363 -0.243158 0.132073 0.302428 -0.242488 0.136223 0.280338 
-0.260984 0.127359 0.289557 -0.212338 0.124254 0.301893 -0.211669 0.128404 0.279803 
-0.180849 0.120584 0.279268 -0.0267515 0.0814872 0.276594 0.0348877 0.0658483 0.275524 
0.219805 0.0189318 0.272315 0.249955 0.00696245 0.29387 0.232129 0.00224844 0.280999 
-0.310968 0.122165 0.321401 -0.310299 0.126315 0.299311 -0.328794 0.117451 0.30853 
-0.279479 0.118495 0.298776 0.244454 -0.0144349 0.289683 0.274604 -0.0264042 0.311238 
0.256778 -0.0311182 0.298368 -0.31647 0.100768 0.317214 -0.304145 0.0840844 0.325899 
0.268433 -0.0519513 0.329142 0.250607 -0.0566653 0.316271 -0.292491 0.0632512 0.356673 
-0.310316 0.0585372 0.343802 0.262262 -0.0774985 0.347045 0.244436 -0.0822125 0.334175 
-0.298662 0.037704 0.374577 -0.316487 0.03299 0.361706 0.225271 -0.0952263 0.365484 
0.207445 -0.0999402 0.352613 0.225941 -0.0910764 0.343394 -0.335652 0.0199763 0.393015 
-0.334983 0.0241262 0.370925 -0.353478 0.0152623 0.380144 -0.304833 0.0121569 0.39248 
0.201274 -0.125487 0.370516 -0.341823 -0.00557088 0.410918 -0.341154 -0.001421 0.388829 
-0.310334 -0.00924043 0.388294 -0.311004 -0.0133903 0.410384 -0.29801 -0.0259237 0.396978 
0.182109 -0.138501 0.401826 0.164284 -0.143215 0.388955 0.182779 -0.134351 0.379736 
-0.285686 -0.042607 0.405662 -0.273361 -0.0592903 0.414347 0.145119 -0.156229 0.420264 
0.127293 -0.160943 0.407393 0.145788 -0.152079 0.398174 -0.261037 -0.0759736 0.423031 
-0.248713 -0.0926569 0.431715 0.0156696 -0.150498 0.440307 -0.00215618 -0.155212 0.427436 
0.0163391 -0.146348 0.418217 0.0471587 -0.154168 0.417682 0.0464892 -0.158318 0.439772 
0.0779782 -0.161987 0.417147 0.108798 -0.169807 0.416612 -0.236388 -0.10934 0.440399 
-0.205569 -0.11716 0.439865 -0.206238 -0.12131 0.461955 -0.193245 -0.133843 0.448549 
-0.021321 -0.168226 0.458745 -0.0391468 -0.17294 0.445875 -0.0206515 -0.164076 0.436655 
-0.18092 -0.150526 0.457233 -0.150101 -0.158346 0.456698 -0.15077 -0.162496 0.478788 
-0.119281 -0.166165 0.456164 -0.119951 -0.170315 0.478254 -0.0884617 -0.173985 0.455629 
-0.0891312 -0.178134 0.477719 -0.0576421 -0.181804 0.455094 -0.075379 0.15237 0.219766 
-0.0747095 0.15652 0.197676 -0.0932048 0.147656 0.206895 -0.0445595 0.144551 0.219231 
-0.0438899 0.148701 0.197141 -0.0315657 0.132017 0.205826 0.110208 0.109604 0.194467 
0.0917126 0.10074 0.203686 0.140358 0.0976343 0.216022 0.122532 0.0929202 0.203151 
-0.143189 0.142462 0.23874 -0.14252 0.146612 0.21665 -0.161015 0.137748 0.225869 
-0.1117 0.138792 0.216115 -0.0507305 0.119004 0.237135 -0.0377367 0.10647 0.223729 
0.0725478 0.0877259 0.234995 0.0732173 0.0918758 0.212905 0.054722 0.0830119 0.222125 
0.134856 0.0762369 0.211836 0.165676 0.0684175 0.211301 0.178 0.0517342 0.219985 
-0.210999 0.132554 0.257713 -0.21033 0.136704 0.235623 -0.228825 0.12784 0.244842 
-0.18018 0.124734 0.257178 -0.17951 0.128884 0.235088 -0.0260819 0.0856371 0.254504 
-0.0254124 0.0897869 0.232414 0.00540716 0.0819675 0.231879 0.0355572 0.0699982 0.253434 
0.0362267 0.0741481 0.231344 0.190325 0.0350509 0.228669 0.202649 0.0183676 0.237354 
-0.309629 0.130465 0.277221 -0.30896 0.134615 0.255131 -0.327455 0.125751 0.26435 
-0.27881 0.122645 0.276686 -0.27814 0.126795 0.254596 -0.24732 0.118976 0.254061 
0.214973 0.00168432 0.246038 0.227297 -0.014999 0.254722 -0.34662 0.112737 0.295659 
-0.34595 0.116887 0.273569 -0.364445 0.108023 0.282788 0.238952 -0.0358322 0.285497 
0.221126 -0.0405462 0.272626 -0.352121 0.0913397 0.291473 -0.321971 0.0793704 0.313028 
-0.339797 0.0746564 0.300157 0.233451 -0.0572295 0.28131 0.245775 -0.0739128 0.289995 
-0.327473 0.0579731 0.308841 -0.315148 0.0412898 0.317526 0.22661 -0.0869265 0.321304 
0.208784 -0.0916405 0.308433 0.22728 -0.0827766 0.299214 -0.334313 0.028276 0.348835 
-0.333644 0.0324259 0.326745 -0.352139 0.023562 0.335964 0.18962 -0.104654 0.339742 
0.171794 -0.109368 0.326871 0.190289 -0.100504 0.317652 -0.371304 0.0105483 0.367273 
-0.370634 0.0146982 0.345183 -0.38913 0.00583428 0.354403 0.183449 -0.130201 0.357646 
0.165623 -0.134915 0.344775 -0.376805 -0.010849 0.363087 -0.345986 -0.0186684 0.362552 
-0.315166 -0.0264879 0.362017 -0.302842 -0.0431712 0.370701 0.159452 -0.160463 0.362678 
-0.290518 -0.0598545 0.379386 -0.259698 -0.0676739 0.378851 -0.260367 -0.0718238 0.400941 
-0.247374 -0.0843572 0.387535 0.109467 -0.165657 0.394522 0.0916416 -0.170371 0.381652 
0.110137 -0.161507 0.372432 0.140956 -0.169326 0.371898 -0.235049 -0.10104 0.39622 
-0.235719 -0.10519 0.41831 -0.222725 -0.117724 0.404904 -0.019982 -0.159926 0.414565 
-0.0378077 -0.16464 0.401695 -0.0193124 -0.155777 0.392475 0.0115071 -0.163596 0.391941 
0.0423267 -0.171415 0.391406 0.0731463 -0.179235 0.390871 -0.210401 -0.134407 0.413588 
-0.179581 -0.142227 0.413053 -0.180251 -0.146376 0.435143 -0.148762 -0.150046 0.412518 
-0.149431 -0.154196 0.434608 -0.136437 -0.166729 0.421203 -0.0877921 -0.169835 0.433539 
-0.105618 -0.174549 0.420668 -0.0871226 -0.165685 0.411449 -0.056303 -0.173504 0.410914 
-0.0569726 -0.177654 0.433004 -0.124113 -0.183413 0.429887 -0.111031 0.142942 0.194025 
-0.110361 0.147092 0.171935 -0.128856 0.138228 0.181154 -0.0795415 0.139273 0.1714 
-0.0487219 0.131453 0.170865 -0.0363977 0.11477 0.179549 0.104706 0.0882063 0.190281 
-0.178841 0.133034 0.212998 -0.178171 0.137184 0.190908 -0.196667 0.12832 0.200127 
-0.147352 0.129364 0.190373 -0.0240734 0.0980867 0.188234 -0.0247429 0.0939368 0.210324 
-0.0117491 0.0814034 0.196918 0.0683853 0.0746284 0.186629 0.04989 0.0657645 0.195848 
0.0992049 0.0668089 0.186094 0.130024 0.0589895 0.185559 0.160844 0.0511701 0.185024 
0.173168 0.0344868 0.193709 -0.27747 0.130945 0.232506 -0.276801 0.135095 0.210416 
-0.295296 0.126231 0.219635 -0.246651 0.123126 0.231971 -0.245981 0.127275 0.209881 
-0.215162 0.119456 0.209346 0.000575175 0.0647201 0.205602 0.0313947 0.0569006 0.205067 
0.185493 0.0178035 0.202393 0.197817 0.00112019 0.211077 -0.345281 0.121037 0.251479 
-0.344611 0.125187 0.229389 -0.363106 0.116323 0.238609 -0.313792 0.117367 0.228854 
0.209472 -0.019713 0.241852 0.191646 -0.024427 0.228981 -0.351452 0.0954895 0.269383 
-0.350782 0.0996394 0.247293 -0.338458 0.0829561 0.255977 0.20397 -0.0411103 0.237665 
0.216294 -0.0577936 0.246349 -0.344629 0.0574089 0.273881 0.227949 -0.0786268 0.277124 
0.210123 -0.0833408 0.264253 -0.332974 0.0365758 0.304655 -0.3508 0.0318618 0.291784 
0.190959 -0.0963545 0.295562 0.173133 -0.101069 0.282691 0.191628 -0.0922046 0.273472 
-0.369965 0.018848 0.323093 -0.369295 0.0229979 0.301003 -0.387791 0.014134 0.310223 
0.166962 -0.126616 0.300595 -0.376136 -0.00669916 0.340997 -0.375466 -0.00254927 0.318907 
-0.345316 -0.0145186 0.340462 -0.344647 -0.0103687 0.318372 -0.332322 -0.027052 0.327056 
0.160791 -0.152163 0.318498 -0.319998 -0.0437353 0.335741 -0.289179 -0.0515547 0.335206 
-0.289848 -0.0557046 0.357296 -0.276854 -0.068238 0.34389 0.141626 -0.165177 0.349808 
0.1238 -0.169891 0.336937 0.142295 -0.161027 0.327718 -0.26453 -0.0849213 0.352574 
-0.252206 -0.101605 0.361259 0.0121766 -0.159446 0.369851 -0.00564913 -0.16416 0.35698 
0.0128462 -0.155296 0.347761 0.0436657 -0.163116 0.347226 0.0429962 -0.167265 0.369316 
0.0744853 -0.170935 0.346691 0.0738158 -0.175085 0.368781 0.105305 -0.178754 0.346156 
-0.239881 -0.118288 0.369943 -0.209062 -0.126107 0.369408 -0.209731 -0.130257 0.391498 
-0.196738 -0.142791 0.378092 -0.0556335 -0.169354 0.388824 -0.0734593 -0.174068 0.375953 
-0.054964 -0.165204 0.366734 -0.0241444 -0.173024 0.366199 -0.184413 -0.159474 0.386777 
-0.153594 -0.167293 0.386242 -0.122774 -0.175113 0.385707 -0.123444 -0.179263 0.407797 
-0.0919546 -0.182932 0.385172 -0.146682 0.133514 0.168283 -0.146013 0.137664 0.146193 
-0.164508 0.1288 0.155412 -0.115193 0.129845 0.145658 -0.0843735 0.122025 0.145123 
-0.0535539 0.114206 0.144588 -0.0234039 0.102237 0.166144 -0.0227343 0.106386 0.144054 
-0.0104101 0.0897031 0.152738 -0.276131 0.139245 0.188326 -0.275462 0.143395 0.166236 
-0.293957 0.134531 0.175455 -0.245312 0.131425 0.187791 -0.244642 0.135575 0.165701 
-0.214492 0.123606 0.187256 -0.213823 0.127756 0.165166 -0.183003 0.119936 0.164631 
0.00124469 0.0688699 0.183512 0.00191421 0.0730198 0.161422 0.0320643 0.0610505 0.182977 
0.0327338 0.0652004 0.160887 0.0635533 0.0573809 0.160352 0.0943729 0.0495615 0.159818 
0.125192 0.0417421 0.159283 0.155343 0.0297728 0.180838 0.137517 0.0250588 0.167967 
-0.313122 0.121517 0.206764 -0.312453 0.125667 0.184674 -0.330948 0.116803 0.193894 
0.149841 0.00837547 0.176651 0.179991 -0.00359381 0.198206 0.162165 -0.00830782 0.185336 
-0.349443 0.107939 0.203113 -0.367938 0.0990753 0.212332 0.17449 -0.0249911 0.19402 
0.186814 -0.0416744 0.202704 -0.355614 0.082392 0.221016 -0.34329 0.0657087 0.229701 
0.198469 -0.0625076 0.233479 0.180643 -0.0672216 0.220608 -0.349461 0.0401615 0.247604 
0.192298 -0.0880548 0.251382 0.174472 -0.0927688 0.238511 -0.368626 0.0271478 0.278913 
-0.367956 0.0312976 0.256823 -0.386451 0.0224338 0.266043 0.168301 -0.118316 0.256415 
-0.405616 0.00942003 0.297352 -0.404947 0.0135699 0.275262 -0.423442 0.00470602 0.284481 
0.149136 -0.13133 0.287724 0.13131 -0.136044 0.274853 0.149806 -0.12718 0.265634 
-0.411118 -0.0119773 0.293165 -0.380298 -0.0197967 0.29263 -0.349479 -0.0276161 0.292096 
-0.318659 -0.0354356 0.291561 -0.319329 -0.0395854 0.313651 -0.306335 -0.0521189 0.300245 
0.142965 -0.156877 0.305628 0.125139 -0.161591 0.292757 -0.29401 -0.0688022 0.308929 
-0.263191 -0.0766216 0.308394 -0.26386 -0.0807715 0.330484 -0.250867 -0.0933049 0.317079 
0.0135157 -0.151146 0.325671 -0.0043101 -0.15586 0.3128 0.0141852 -0.146996 0.303581 
0.0450048 -0.154816 0.303046 0.0443352 -0.158966 0.325136 0.057329 -0.171499 0.31173 
0.105974 -0.174605 0.324066 0.0881486 -0.179319 0.311195 0.106644 -0.170455 0.301976 
-0.238542 -0.109988 0.325763 -0.239212 -0.114138 0.347853 -0.226218 -0.126671 0.334447 
-0.0542945 -0.161055 0.344644 -0.0721203 -0.165769 0.331773 -0.053625 -0.156905 0.322554 
-0.0228054 -0.164724 0.322019 -0.0234749 -0.168874 0.344109 0.0696533 -0.188182 0.320414 
-0.213894 -0.143355 0.343132 -0.183074 -0.151174 0.342597 -0.183744 -0.155324 0.364687 
-0.152255 -0.158994 0.342062 -0.152924 -0.163144 0.364152 -0.121435 -0.166813 0.341527 
-0.122105 -0.170963 0.363617 -0.0906156 -0.174633 0.340992 -0.0912851 -0.178782 0.363082 
-0.243973 0.139725 0.143611 -0.243303 0.143875 0.121521 -0.261799 0.135011 0.13074 
-0.213153 0.131906 0.143076 -0.212484 0.136056 0.120986 -0.182334 0.124086 0.142541 
-0.181664 0.128236 0.120451 -0.150845 0.120417 0.119917 -0.120025 0.112597 0.119382 
-0.0892055 0.104778 0.118847 -0.0583859 0.0969584 0.118312 -0.0275663 0.089139 0.117777 
-0.0152421 0.0724557 0.126461 -0.311783 0.129817 0.162584 -0.311114 0.133967 0.140494 
-0.329609 0.125103 0.149714 -0.280294 0.126147 0.13996 -0.00291778 0.0557724 0.135146 
0.0279018 0.0479529 0.134611 0.0587214 0.0401335 0.134076 0.0895409 0.0323141 0.133541 
0.120361 0.0244946 0.133006 0.132685 0.00781135 0.141691 -0.348774 0.112089 0.181023 
-0.348104 0.116239 0.158933 -0.366599 0.107375 0.168152 0.145009 -0.00887195 0.150375 
0.157333 -0.0255553 0.159059 -0.385764 0.0943613 0.199461 -0.385095 0.0985112 0.177371 
-0.40359 0.0896473 0.18659 0.168988 -0.0463884 0.189833 0.151162 -0.0511024 0.176963 
-0.391266 0.072964 0.195275 -0.361116 0.0609947 0.21683 -0.378941 0.0562807 0.203959 
0.163487 -0.0677857 0.185647 0.175811 -0.084469 0.194331 -0.366617 0.0395974 0.212643 
-0.354293 0.0229141 0.221328 0.156646 -0.0974828 0.225641 0.13882 -0.102197 0.21277 
0.157316 -0.0933329 0.203551 -0.372788 0.0140502 0.230547 -0.391283 0.00518633 0.239766 
0.150475 -0.12303 0.243544 0.132649 -0.127744 0.230673 -0.410448 -0.00782741 0.271075 
-0.378959 -0.011497 0.24845 -0.379629 -0.0156468 0.27054 -0.34814 -0.0193164 0.247916 
-0.348809 -0.0234663 0.270006 -0.335815 -0.0359997 0.2566 0.126478 -0.153291 0.248577 
-0.323491 -0.052683 0.265284 -0.292672 -0.0605024 0.264749 -0.293341 -0.0646523 0.286839 
-0.280347 -0.0771857 0.273434 0.107313 -0.166305 0.279886 0.0894876 -0.171019 0.267015 
0.107983 -0.162155 0.257796 -0.268023 -0.093869 0.282118 -0.255699 -0.110552 0.290802 
-0.0529554 -0.152755 0.300464 -0.0707812 -0.157469 0.287593 -0.0522859 -0.148605 0.278374 
-0.0214664 -0.156424 0.277839 -0.0221359 -0.160574 0.299929 0.00935322 -0.164244 0.277304 
0.0401728 -0.172063 0.276769 0.0709924 -0.179883 0.276234 0.0703228 -0.184033 0.298324 
-0.243374 -0.127236 0.299487 -0.212555 -0.135055 0.298952 -0.213224 -0.139205 0.321042 
-0.200231 -0.151738 0.307636 -0.089946 -0.170483 0.318902 -0.107772 -0.175197 0.306031 
-0.0892765 -0.166333 0.296812 -0.187906 -0.168422 0.31632 -0.157087 -0.176241 0.315785 
-0.126267 -0.18406 0.315251 -0.119356 0.116747 0.0972917 -0.118686 0.120897 0.0752017 
-0.137181 0.112033 0.0844209 -0.0885359 0.108928 0.0967568 -0.0878664 0.113078 0.0746668 
-0.0755422 0.0963943 0.0833511 -0.279624 0.130297 0.11787 -0.278955 0.134447 0.0957796 
-0.29745 0.125583 0.104999 -0.248135 0.126628 0.0952447 -0.217316 0.118808 0.0947098 
-0.186496 0.110989 0.094175 -0.155677 0.103169 0.0936401 -0.0632179 0.079711 0.0920355 
-0.0323983 0.0718915 0.0915006 -0.020074 0.0552082 0.100185 -0.315946 0.116719 0.114218 
-0.334441 0.107855 0.123437 -0.00774976 0.0385249 0.108869 0.0230698 0.0307055 0.108334 
0.0538894 0.0228861 0.107799 0.0840394 0.0109168 0.129355 0.0662137 0.00620277 0.116484 
0.114859 0.00309734 0.12882 -0.384425 0.102661 0.155281 -0.383756 0.106811 0.133191 
-0.402251 0.097947 0.14241 -0.352936 0.0989915 0.132656 0.0785379 -0.0104805 0.125168 
0.109357 -0.0183 0.124633 0.139508 -0.0302693 0.146188 0.121682 -0.0349833 0.133318 
-0.390596 0.0771138 0.173185 -0.389927 0.0812637 0.151095 -0.377602 0.0645804 0.159779 
0.134006 -0.0516666 0.142002 0.14633 -0.0683499 0.150686 -0.383773 0.0390332 0.177683 
0.157985 -0.089183 0.181461 0.140159 -0.093897 0.16859 -0.372119 0.0182001 0.208457 
-0.389944 0.0134861 0.195586 0.120995 -0.106911 0.199899 0.103169 -0.111625 0.187028 
0.121664 -0.102761 0.177809 -0.439929 0.00829175 0.22743 -0.439259 0.0124416 0.20534 
-0.457755 0.00357775 0.214559 -0.409109 0.000472324 0.226895 -0.40844 0.0046222 0.204805 
0.114823 -0.132458 0.217802 0.0969977 -0.137172 0.204932 -0.44543 -0.0131055 0.223244 
-0.414611 -0.020925 0.222709 -0.383791 -0.0287444 0.222174 -0.352972 -0.0365638 0.221639 
-0.340647 -0.0532471 0.230323 0.108652 -0.158005 0.235706 0.0908267 -0.162719 0.222835 
-0.328323 -0.0699304 0.239008 -0.297503 -0.0777499 0.238473 -0.285179 -0.0944332 0.247157 
-0.0516164 -0.144455 0.256284 -0.0694422 -0.149169 0.243413 -0.0509469 -0.140305 0.234194 
-0.0201273 -0.148125 0.233659 -0.0207968 -0.152275 0.255749 0.0106922 -0.155944 0.233124 
0.0100227 -0.160094 0.255214 0.0415118 -0.163764 0.232589 0.0408423 -0.167913 0.254679 
0.0723314 -0.171583 0.232054 0.0716619 -0.175733 0.254144 -0.272855 -0.111116 0.255841 
-0.242035 -0.118936 0.255307 -0.242705 -0.123086 0.277397 -0.229711 -0.135619 0.263991 
-0.088607 -0.162183 0.274722 -0.106433 -0.166897 0.261851 -0.0879375 -0.158033 0.252632 
-0.217387 -0.152303 0.272675 -0.186567 -0.160122 0.27214 -0.187237 -0.164272 0.29423 
-0.155748 -0.167941 0.271605 -0.156417 -0.172091 0.293696 -0.124928 -0.175761 0.271071 
-0.125598 -0.179911 0.293161 -0.278285 0.138597 0.0736896 -0.277616 0.142747 0.0515996 
-0.296111 0.133883 0.0608188 -0.247466 0.130777 0.0731547 -0.246796 0.134927 0.0510647 
-0.216646 0.122958 0.0726198 -0.215977 0.127108 0.0505298 -0.185827 0.115139 0.0720849 
-0.185157 0.119288 0.0499949 -0.155007 0.107319 0.0715501 -0.154338 0.111469 0.0494601 
-0.123518 0.10365 0.0489252 -0.0926984 0.0958301 0.0483903 -0.0625484 0.0838608 0.0699454 
-0.0618788 0.0880107 0.0478555 -0.0495546 0.0713274 0.0565398 -0.315276 0.120869 0.092128 
-0.314606 0.125019 0.070038 -0.333102 0.116155 0.0792572 -0.0372303 0.0546441 0.0652241 
-0.00708024 0.0426748 0.0867792 -0.00641073 0.0468247 0.0646892 0.00591355 0.0301414 0.0733735 
-0.352267 0.103141 0.110566 -0.351597 0.107291 0.0884764 -0.370092 0.0984273 0.0976955 
0.0182378 0.0134581 0.0820579 0.0483879 0.00148877 0.103613 0.0305621 -0.00322524 0.0907422 
-0.389257 0.0854136 0.129005 -0.376263 0.0728802 0.115599 0.0428864 -0.0199085 0.0994265 
0.0730364 -0.0318778 0.120982 0.0552107 -0.0365918 0.108111 0.103856 -0.0396973 0.120447 
-0.363939 0.0561969 0.124283 -0.364609 0.052047 0.146373 -0.351615 0.0395136 0.132968 
0.0675349 -0.0532751 0.116795 0.0983545 -0.0610946 0.11626 0.128505 -0.0730639 0.137815 
0.110679 -0.0777779 0.124945 -0.37078 0.0264998 0.164277 -0.357786 0.0139664 0.150871 
0.122334 -0.098611 0.155719 0.104508 -0.103325 0.142848 -0.376281 0.00510251 0.16009 
-0.394776 -0.00376137 0.16931 0.0983367 -0.128872 0.160752 -0.444761 -0.00895568 0.201154 
-0.413941 -0.0167751 0.200619 -0.382452 -0.0204447 0.177994 -0.383122 -0.0245945 0.200084 
-0.370128 -0.037128 0.186678 0.0921657 -0.154419 0.178655 -0.357804 -0.0538113 0.195363 
-0.326984 -0.0616307 0.194828 -0.327654 -0.0657806 0.216918 -0.296164 -0.0694501 0.194293 
-0.296834 -0.0736 0.216383 -0.28384 -0.0861334 0.202977 -0.0502774 -0.136155 0.212104 
-0.0681032 -0.140869 0.199233 -0.0496079 -0.132006 0.190014 -0.0187883 -0.139825 0.189479 
-0.0194578 -0.143975 0.211569 0.0120313 -0.147644 0.188944 0.0113618 -0.151794 0.211034 
0.0428509 -0.155464 0.188409 0.0421813 -0.159614 0.210499 0.0736704 -0.163283 0.187874 
0.0730009 -0.167433 0.209964 -0.271516 -0.102817 0.211661 -0.272185 -0.106967 0.233751 
-0.259192 -0.1195 0.220346 -0.087268 -0.153883 0.230542 -0.105094 -0.158597 0.217671 
-0.0865985 -0.149733 0.208452 -0.246867 -0.136183 0.22903 -0.216048 -0.144003 0.228495 
-0.216717 -0.148153 0.250585 -0.185228 -0.151822 0.22796 -0.185898 -0.155972 0.25005 
-0.154409 -0.159642 0.227425 -0.155078 -0.163791 0.249515 -0.123589 -0.167461 0.226891 
-0.124259 -0.171611 0.248981 -0.122848 0.107799 0.0268352 -0.122179 0.111949 0.0047452 
-0.140674 0.103085 0.0139644 -0.109855 0.095266 0.0134295 -0.282448 0.125499 0.0253231 
-0.300943 0.116635 0.0345423 -0.251628 0.11768 0.0247882 -0.220809 0.10986 0.0242533 
-0.189989 0.102041 0.0237185 -0.15917 0.0942216 0.0231836 -0.0975304 0.0785827 0.0221138 
-0.0667108 0.0707633 0.021579 -0.0365608 0.058794 0.0431341 -0.0358913 0.0629438 0.0210441 
-0.023567 0.0462605 0.0297284 -0.350928 0.111441 0.0663863 -0.350258 0.115591 0.0442964 
-0.368753 0.106727 0.0535155 -0.319438 0.107772 0.0437615 -0.0112427 0.0295772 0.0384127 
0.00108157 0.0128939 0.0470971 -0.374924 0.0811799 0.0714191 0.0134058 -0.00378937 0.0557814 
0.0257301 -0.0204727 0.0644657 -0.3626 0.0644966 0.0801034 -0.36327 0.0603467 0.102193 
-0.350276 0.0478133 0.0887877 0.0380544 -0.037156 0.07315 0.0503787 -0.0538393 0.0818343 
-0.356447 0.0222661 0.106691 0.0627029 -0.0705226 0.0905187 0.092853 -0.0824919 0.112074 
0.0750272 -0.0872059 0.099203 -0.375612 0.00925238 0.138 -0.374942 0.0134023 0.11591 
-0.393437 0.00453837 0.12513 0.0873515 -0.103889 0.107887 0.0996758 -0.120572 0.116572 
-0.443422 -0.000655938 0.156974 -0.442752 0.00349394 0.134884 -0.461248 -0.00536994 0.144103 
-0.412602 -0.00847537 0.156439 -0.411933 -0.0043255 0.134349 0.0935048 -0.14612 0.134475 
-0.448923 -0.0220532 0.152787 -0.418104 -0.0298727 0.152252 -0.387284 -0.0376921 0.151717 
-0.356465 -0.0455115 0.151183 -0.357134 -0.0496614 0.173273 -0.325645 -0.053331 0.150648 
-0.326315 -0.0574808 0.172738 -0.313321 -0.0700143 0.159332 -0.0489383 -0.127856 0.167924 
-0.0667641 -0.13257 0.155053 -0.0482688 -0.123706 0.145834 -0.0174493 -0.131525 0.145299 
-0.0181188 -0.135675 0.167389 0.0133703 -0.139345 0.144764 0.0127008 -0.143495 0.166854 
0.0441899 -0.147164 0.144229 0.0435204 -0.151314 0.166319 0.0750095 -0.154984 0.143694 
0.0743399 -0.159133 0.165784 -0.300996 -0.0866975 0.168016 -0.270177 -0.094517 0.167481 
-0.270846 -0.0986669 0.189571 -0.257853 -0.1112 0.176166 -0.0859289 -0.145583 0.186362 
-0.103755 -0.150297 0.173491 -0.0852594 -0.141434 0.164272 -0.245528 -0.127884 0.18485 
-0.246198 -0.132033 0.20694 -0.214709 -0.135703 0.184315 -0.215378 -0.139853 0.206405 
-0.183889 -0.143522 0.18378 -0.184559 -0.147672 0.20587 -0.15307 -0.151342 0.183246 
-0.153739 -0.155492 0.205336 -0.12225 -0.159161 0.182711 -0.12292 -0.163311 0.204801 
-0.250959 0.12183 0.00269822 -0.250289 0.12598 -0.0193918 -0.268785 0.117116 -0.0101726 
-0.220139 0.11401 0.00216334 -0.21947 0.11816 -0.0199267 -0.18932 0.106191 0.00162847 
-0.18865 0.110341 -0.0204615 -0.1585 0.0983714 0.00109359 -0.157831 0.102521 -0.0209964 
-0.127011 0.0947018 -0.0215313 -0.0968609 0.0827326 2.38468e-05 -0.0961914 0.0868824 -0.0220662 
-0.0838671 0.0701991 -0.0133818 -0.318769 0.111921 0.0216715 -0.318099 0.116071 -0.000418518 
-0.336595 0.107207 0.00880068 -0.28728 0.108252 -0.00095339 -0.0715428 0.0535158 -0.00469751 
-0.0407233 0.0456964 -0.00523239 -0.028399 0.0290131 0.00345193 -0.35509 0.0983435 0.0180199 
-0.373585 0.0894796 0.0272391 -0.0160747 0.0123298 0.0121363 0.0140754 0.0003605 0.0336914 
0.0147449 0.00451037 0.0116014 0.0270692 -0.0121729 0.0202857 -0.361261 0.0727963 0.0359234 
-0.361931 0.0686465 0.0580134 -0.348937 0.056113 0.0446077 0.0387239 -0.0330061 0.05106 
0.0393934 -0.0288562 0.02897 0.0517177 -0.0455395 0.0376543 -0.355108 0.0305659 0.0625112 
0.0633725 -0.0663727 0.0684287 0.064042 -0.0622228 0.0463387 0.0763663 -0.0789061 0.055023 
-0.361279 0.00501868 0.0804147 0.088021 -0.0997393 0.0857973 0.0886905 -0.0955894 0.0637073 
0.101015 -0.112273 0.0723916 -0.379774 -0.00384519 0.0896339 -0.398269 -0.0127091 0.0988531 
0.08185 -0.125286 0.103701 0.0640242 -0.13 0.09083 0.0825195 -0.121137 0.0816108 
-0.448254 -0.0179034 0.130697 -0.43526 -0.0304368 0.117292 -0.416765 -0.0215729 0.108072 
-0.0475993 -0.119556 0.123744 -0.0654251 -0.12427 0.110873 -0.0469298 -0.115406 0.101654 
-0.0161102 -0.123225 0.101119 -0.0167797 -0.127375 0.123209 0.0147094 -0.131045 0.100584 
0.0140398 -0.135195 0.122674 0.0455289 -0.138864 0.100049 0.0448594 -0.143014 0.122139 
0.075679 -0.150834 0.121604 -0.422936 -0.0471201 0.125976 -0.392116 -0.0549395 0.125441 
-0.361297 -0.062759 0.124906 -0.330477 -0.0705784 0.124371 -0.299657 -0.0783978 0.123836 
-0.300327 -0.0825477 0.145926 -0.287333 -0.0950811 0.132521 -0.0845899 -0.137284 0.142182 
-0.102416 -0.141998 0.129311 -0.0839204 -0.133134 0.120092 -0.275009 -0.111764 0.141205 
-0.244189 -0.119584 0.14067 -0.244859 -0.123734 0.16276 -0.231865 -0.136267 0.149354 
-0.121581 -0.155011 0.160621 -0.139406 -0.159725 0.14775 -0.120911 -0.150862 0.138531 
-0.219541 -0.15295 0.158039 -0.188721 -0.16077 0.157504 -0.157902 -0.168589 0.156969 
-0.28661 0.112402 -0.0230434 -0.285941 0.116552 -0.0451334 -0.304436 0.107688 -0.0359142 
-0.255121 0.108732 -0.0456683 -0.224302 0.100913 -0.0462031 -0.193482 0.0930933 -0.046738 
-0.162663 0.0852739 -0.0472729 -0.131843 0.0774544 -0.0478078 -0.101023 0.069635 -0.0483426 
-0.0708733 0.0576657 -0.0267875 -0.0702038 0.0618156 -0.0488775 -0.0578795 0.0451323 -0.0401932 
-0.322931 0.0988238 -0.026695 -0.341427 0.0899599 -0.0174758 -0.0455552 0.028449 -0.0315089 
-0.0154052 0.0164797 -0.00995374 -0.0147357 0.0206295 -0.0320437 0.0154144 0.00866024 -0.0104886 
0.0160839 0.0128101 -0.0325786 0.0284082 -0.00387319 -0.0238943 -0.359922 0.0810961 -0.00825661 
-0.378417 0.0722322 0.000962587 0.0400629 -0.0247064 0.00688002 0.0407325 -0.0205565 -0.01521 
0.0530567 -0.0372398 -0.00652566 -0.366093 0.0555489 0.00964691 -0.353769 0.0388656 0.0183312 
0.0647115 -0.058073 0.0242487 0.065381 -0.0539231 0.00215867 0.0777053 -0.0706064 0.010843 
-0.35994 0.0133184 0.0362348 0.0893601 -0.0914396 0.0416173 0.0900296 -0.0872897 0.0195273 
0.102354 -0.103973 0.0282116 -0.366111 -0.0122288 0.0541383 0.0961828 -0.12952 0.0461152 
-0.446915 -0.00960363 0.0865172 -0.446245 -0.00545376 0.0644272 -0.46474 -0.0143176 0.0736464 
-0.433921 -0.0221371 0.0731115 -0.384606 -0.0210926 0.0633575 -0.403101 -0.0299565 0.0725767 
-0.0462603 -0.111256 0.0795638 -0.0640861 -0.11597 0.066693 -0.0455908 -0.107106 0.0574738 
-0.0147712 -0.114926 0.056939 -0.0154407 -0.119076 0.079029 0.0160484 -0.122745 0.0564041 
0.0153789 -0.126895 0.0784941 0.046868 -0.130565 0.0558692 0.0461985 -0.134714 0.0779592 
0.0776875 -0.138384 0.0553343 -0.452416 -0.0310009 0.0823307 -0.422266 -0.0429702 0.103886 
-0.390777 -0.0466398 0.081261 -0.391447 -0.0507897 0.103351 -0.359958 -0.0544592 0.0807261 
-0.360627 -0.0586091 0.102816 -0.347633 -0.0711425 0.0894104 -0.0832509 -0.128984 0.0980022 
-0.101077 -0.133698 0.0851314 -0.0825814 -0.124834 0.0759122 -0.335309 -0.0878258 0.0980948 
-0.304489 -0.0956452 0.0975599 -0.27367 -0.103465 0.097025 -0.274339 -0.107615 0.119115 
-0.261346 -0.120148 0.105709 -0.107248 -0.159245 0.103035 -0.249021 -0.136831 0.114394 
-0.218202 -0.144651 0.113859 -0.218871 -0.148801 0.135949 -0.187382 -0.15247 0.113324 
-0.188052 -0.15662 0.135414 -0.156563 -0.16029 0.112789 -0.157232 -0.164439 0.134879 
-0.125743 -0.168109 0.112254 -0.223632 0.105063 -0.0682931 -0.222963 0.109212 -0.0903831 
-0.241458 0.100349 -0.0811639 -0.192813 0.0972432 -0.068828 -0.192143 0.101393 -0.090918 
-0.161993 0.0894237 -0.0693629 -0.161323 0.0935736 -0.0914529 -0.131173 0.0816043 -0.0698978 
-0.130504 0.0857542 -0.0919878 -0.11818 0.0690709 -0.0833034 -0.322262 0.102974 -0.048785 
-0.321592 0.107124 -0.070875 -0.340088 0.0982597 -0.0616558 -0.290773 0.0993041 -0.0714099 
-0.259953 0.0914847 -0.0719447 -0.105855 0.0523876 -0.0746191 -0.0750358 0.0445681 -0.075154 
-0.0627115 0.0278848 -0.0664697 -0.359252 0.0852459 -0.0303466 -0.358583 0.0893958 -0.0524366 
-0.377078 0.0805319 -0.0432174 -0.0503872 0.0112015 -0.0577854 -0.0195676 0.0033821 -0.0583202 
0.0112519 -0.00443733 -0.0588551 0.041402 -0.0164066 -0.0373 0.0420715 -0.0122568 -0.05939 
0.0722216 -0.0242261 -0.0378349 0.0728911 -0.0200762 -0.0599249 0.0852153 -0.0367595 -0.0512405 
-0.365424 0.0596988 -0.0124431 -0.364754 0.0638486 -0.0345331 -0.35243 0.0471653 -0.0258488 
0.0660505 -0.0497732 -0.0199313 0.0790443 -0.0623067 -0.033337 -0.358601 0.0216182 -0.00794525 
0.0906991 -0.0831398 -0.00256269 0.0913686 -0.07899 -0.0246527 0.103693 -0.0956733 -0.0159684 
-0.364772 -0.00392901 0.00995827 0.0975219 -0.12122 0.00193515 -0.383937 -0.0169428 0.0412675 
-0.383267 -0.0127929 0.0191775 -0.401762 -0.0216568 0.0283967 -0.0141017 -0.110776 0.034849 
-0.0319274 -0.11549 0.0219782 -0.0134322 -0.106626 0.012759 0.0173874 -0.114445 0.0122241 
0.0167179 -0.118595 0.0343141 0.048207 -0.122265 0.0116892 0.0475375 -0.126415 0.0337792 
0.0790266 -0.130084 0.0111544 0.0783571 -0.134234 0.0332444 -0.451747 -0.0268511 0.0602407 
-0.420927 -0.0346705 0.0597059 -0.420258 -0.0305206 0.0376159 -0.438753 -0.0393845 0.0468351 
-0.068918 -0.133218 0.0404166 -0.0504228 -0.124354 0.0311974 -0.426429 -0.0560678 0.0555194 
-0.395609 -0.0638872 0.0549845 -0.36479 -0.0717067 0.0544496 -0.33397 -0.0795261 0.0539148 
-0.334639 -0.083676 0.0760048 -0.30315 -0.0873455 0.0533799 -0.30382 -0.0914954 0.0754699 
-0.290826 -0.104029 0.0620642 -0.105909 -0.150945 0.058855 -0.0874133 -0.142081 0.0496358 
-0.278502 -0.120712 0.0707485 -0.247682 -0.128532 0.0702136 -0.248352 -0.132681 0.0923036 
-0.216863 -0.136351 0.0696788 -0.217532 -0.140501 0.0917688 -0.186043 -0.14417 0.0691439 
-0.186713 -0.14832 0.0912339 -0.155224 -0.15199 0.068609 -0.155893 -0.15614 0.090699 
-0.124404 -0.159809 0.0680742 -0.125073 -0.163959 0.0901642 -0.290103 0.103454 -0.0934999 
-0.289434 0.107604 -0.11559 -0.307929 0.09874 -0.106371 -0.259284 0.0956346 -0.0940347 
-0.258614 0.0997844 -0.116125 -0.227795 0.091965 -0.11666 -0.196975 0.0841456 -0.117194 
-0.166155 0.0763262 -0.117729 -0.135336 0.0685067 -0.118264 -0.123012 0.0518234 -0.10958 
-0.326424 0.0898761 -0.0971515 -0.34492 0.0810122 -0.0879323 -0.110687 0.0351401 -0.100896 
-0.0798678 0.0273207 -0.10143 -0.0497177 0.0153514 -0.0798753 -0.0490482 0.0195013 -0.101965 
-0.0188981 0.00753197 -0.0804102 -0.0182286 0.0116818 -0.1025 0.0119214 -0.000287462 -0.0809451 
0.012591 0.00386242 -0.103035 0.0249152 -0.0128209 -0.0943508 -0.364084 0.0679985 -0.0566231 
-0.351091 0.0554651 -0.0700288 0.0372395 -0.0295042 -0.0856664 0.0680591 -0.0373236 -0.0862013 
0.0982091 -0.0492929 -0.0646462 0.0988787 -0.045143 -0.0867362 0.111203 -0.0618263 -0.0780519 
-0.357262 0.0299179 -0.0521252 0.0920381 -0.0748401 -0.0467427 0.105032 -0.0873735 -0.0601484 
-0.363433 0.00437073 -0.0342217 0.0988609 -0.112921 -0.0422448 -0.369604 -0.0211764 -0.0163182 
0.0180569 -0.110296 -0.0098659 0.000231158 -0.11501 -0.0227367 0.0187265 -0.106146 -0.0319559 
0.049546 -0.113965 -0.0324908 0.0488765 -0.118115 -0.0104008 0.0803656 -0.121785 -0.0330256 
0.0796961 -0.125934 -0.0109357 -0.388769 -0.0341902 0.014991 -0.375775 -0.0467236 0.00158531 
-0.0367594 -0.132737 -0.00429831 -0.0182641 -0.123873 -0.0135175 -0.425759 -0.0519179 0.0334294 
-0.39494 -0.0597374 0.0328945 -0.36345 -0.0634069 0.0102696 -0.36412 -0.0675568 0.0323596 
-0.351126 -0.0800902 0.018954 -0.07375 -0.150465 0.0141401 -0.0552547 -0.141601 0.00492089 
-0.338802 -0.0967735 0.0276383 -0.307982 -0.104593 0.0271034 -0.277163 -0.112412 0.0265685 
-0.277832 -0.116562 0.0486585 -0.264838 -0.129096 0.0352529 -0.110741 -0.168193 0.0325785 
-0.0922453 -0.159329 0.0233593 -0.252514 -0.145779 0.0439372 -0.221695 -0.153598 0.0434023 
-0.190875 -0.161418 0.0428674 -0.160055 -0.169237 0.0423325 -0.129236 -0.177057 0.0417977 
-0.196306 0.0882955 -0.139285 -0.195636 0.0924453 -0.161374 -0.214131 0.0835815 -0.152155 
-0.183312 0.075762 -0.15269 -0.294935 0.0862066 -0.119776 -0.281941 0.0736731 -0.133182 
-0.263446 0.082537 -0.142401 -0.232627 0.0747176 -0.142936 -0.170987 0.0590787 -0.144006 
-0.140168 0.0512593 -0.144541 -0.127844 0.034576 -0.135856 -0.331926 0.0684788 -0.101338 
-0.318932 0.0559454 -0.114744 -0.300437 0.0648093 -0.123963 -0.115519 0.0178927 -0.127172 
-0.0846997 0.0100733 -0.127707 -0.0538802 0.00225384 -0.128242 -0.0230606 -0.00556559 -0.128777 
0.00775898 -0.013385 -0.129312 0.037909 -0.0253543 -0.107756 0.0385785 -0.0212044 -0.129846 
0.0687286 -0.0331738 -0.108291 0.0693981 -0.0290239 -0.130381 0.0995482 -0.0409932 -0.108826 
0.100218 -0.0368433 -0.130916 0.112542 -0.0535266 -0.122232 -0.337427 0.0470815 -0.105524 
-0.355923 0.0382176 -0.0963052 0.106371 -0.0790738 -0.104328 -0.362094 0.0126705 -0.0784017 
0.1002 -0.104621 -0.0864248 -0.368265 -0.0128767 -0.0604982 0.0502155 -0.109815 -0.0545808 
0.0323898 -0.114529 -0.0674516 0.0508851 -0.105665 -0.0766708 0.0632093 -0.122349 -0.0679865 
0.0940289 -0.130168 -0.0685213 -0.374436 -0.0384239 -0.0425947 -0.0175946 -0.119724 -0.0356075 
-0.0354204 -0.124438 -0.0484783 -0.0169251 -0.115574 -0.0576975 0.0138945 -0.123393 -0.0582324 
0.0755336 -0.139032 -0.0593021 -0.393601 -0.0514376 -0.0112855 -0.392931 -0.0472878 -0.0333755 
-0.411426 -0.0561516 -0.0241563 -0.0545852 -0.137451 -0.0171691 -0.072411 -0.142165 -0.0300399 
-0.0539157 -0.133301 -0.0392591 -0.399102 -0.0728349 -0.015472 -0.368282 -0.0806543 -0.0160069 
-0.337463 -0.0884738 -0.0165417 -0.338132 -0.0926237 0.00554827 -0.306643 -0.0962932 -0.0170766 
-0.307313 -0.100443 0.0050134 -0.294319 -0.112977 -0.00839228 -0.0915758 -0.155179 0.00126928 
-0.109402 -0.159893 -0.0116015 -0.0909063 -0.151029 -0.0208207 -0.281995 -0.12966 0.000292041 
-0.251175 -0.137479 -0.000242831 -0.251845 -0.141629 0.0218472 -0.220356 -0.145299 -0.000777704 
-0.221025 -0.149449 0.0213123 -0.189536 -0.153118 -0.00131258 -0.190206 -0.157268 0.0207774 
-0.158716 -0.160938 -0.00184745 -0.159386 -0.165087 0.0202425 -0.127897 -0.168757 -0.00238233 
-0.128566 -0.172907 0.0197077 -0.231957 0.0788675 -0.165026 -0.231288 0.0830173 -0.187116 
-0.249783 0.0741534 -0.177897 -0.200468 0.0751979 -0.187651 -0.170318 0.0632286 -0.166096 
-0.169648 0.0673785 -0.188186 -0.157324 0.0506952 -0.179502 -0.268278 0.0652896 -0.168678 
-0.286773 0.0564257 -0.159458 -0.145 0.0340119 -0.170817 -0.11485 0.0220426 -0.149262 
-0.11418 0.0261924 -0.171352 -0.101856 0.00950913 -0.162668 -0.0223911 -0.00141573 -0.150867 
-0.0217216 0.00273415 -0.172957 -0.0402169 -0.00612973 -0.163738 -0.00939729 -0.0139492 -0.164272 
0.0392481 -0.0170546 -0.151936 0.0399176 -0.0129047 -0.174026 0.0214223 -0.0217686 -0.164807 
0.0700676 -0.024874 -0.152471 0.0707372 -0.0207241 -0.174561 0.100887 -0.0326934 -0.153006 
0.101557 -0.0285436 -0.175096 0.113881 -0.0452269 -0.166412 -0.305269 0.0475618 -0.150239 
-0.323764 0.038698 -0.14102 -0.0895317 -0.00717417 -0.153983 -0.0587122 -0.0149936 -0.154518 
0.00292699 -0.0306325 -0.155588 0.125536 -0.06606 -0.135638 0.126205 -0.0619102 -0.157728 
0.13853 -0.0785935 -0.149043 -0.342929 0.0256842 -0.109711 -0.329935 0.0131508 -0.123117 
0.119365 -0.0916072 -0.117734 0.132359 -0.104141 -0.13114 -0.3491 0.00013704 -0.0918074 
-0.336106 -0.0123964 -0.105213 0.095368 -0.121868 -0.112701 0.113863 -0.113005 -0.121921 
-0.354601 -0.0212603 -0.0959939 -0.373097 -0.0301241 -0.0867747 -0.0162556 -0.111424 -0.0797875 
-0.0340814 -0.116138 -0.0926583 -0.0155861 -0.107274 -0.101878 0.0152335 -0.115093 -0.102412 
0.014564 -0.119243 -0.0803224 0.0460531 -0.122913 -0.102947 0.0768727 -0.130732 -0.103482 
0.0762031 -0.134882 -0.0813921 -0.392261 -0.0431379 -0.0554655 -0.391592 -0.038988 -0.0775555 
-0.410087 -0.0478519 -0.0683363 -0.0532462 -0.129152 -0.0613491 -0.071072 -0.133866 -0.0742199 
-0.0525767 -0.125002 -0.0834391 -0.398432 -0.0686851 -0.037562 -0.397763 -0.0645352 -0.059652 
-0.367613 -0.0765045 -0.0380969 -0.366943 -0.0723546 -0.0601869 -0.336124 -0.080174 -0.0607217 
-0.336793 -0.0843239 -0.0386317 -0.3238 -0.0968573 -0.0520374 -0.077243 -0.159413 -0.0563164 
-0.311475 -0.113541 -0.0433531 -0.280656 -0.12136 -0.043888 -0.281325 -0.12551 -0.021798 
-0.249836 -0.12918 -0.0444228 -0.250506 -0.133329 -0.0223328 -0.237512 -0.145863 -0.0357385 
-0.127227 -0.164607 -0.0244723 -0.145053 -0.169321 -0.0373431 -0.126558 -0.160457 -0.0465623 
-0.0957383 -0.168277 -0.0470972 -0.225188 -0.162546 -0.0270542 -0.194368 -0.170366 -0.0275891 
-0.163548 -0.178185 -0.0281239 -0.23612 0.0657699 -0.213393 -0.254615 0.056906 -0.204173 
-0.2053 0.0579504 -0.213927 -0.17448 0.050131 -0.214462 -0.162156 0.0334477 -0.205778 
0.0714067 -0.0165743 -0.196651 0.0720762 -0.0124244 -0.218741 0.0535809 -0.0212883 -0.209522 
0.102226 -0.0243937 -0.197186 0.102896 -0.0202438 -0.219276 0.133046 -0.0322131 -0.197721 
0.133715 -0.0280633 -0.219811 0.14604 -0.0447466 -0.211127 -0.27311 0.0480421 -0.194954 
-0.291605 0.0391783 -0.185735 -0.149832 0.0167644 -0.197094 -0.119012 0.00894499 -0.197629 
-0.0888622 -0.00302431 -0.176073 -0.0881927 0.00112556 -0.198163 -0.0580426 -0.0108437 -0.176608 
-0.0573731 -0.00669386 -0.198698 -0.0265535 -0.0145133 -0.199233 0.00359651 -0.0264826 -0.177678 
0.00426602 -0.0223327 -0.199768 0.0350856 -0.0301521 -0.200303 0.126875 -0.0577603 -0.179818 
0.158364 -0.0614299 -0.202442 0.157694 -0.0655797 -0.180352 0.170688 -0.0781132 -0.193758 
-0.310101 0.0303144 -0.176516 -0.328596 0.0214505 -0.167297 0.152193 -0.086977 -0.184539 
0.133698 -0.0958409 -0.17532 -0.334767 -0.00409666 -0.149393 0.127527 -0.121388 -0.157416 
-0.340938 -0.0296438 -0.13149 0.015903 -0.110944 -0.124502 -0.00192276 -0.115658 -0.137373 
0.0165725 -0.106794 -0.146592 0.0473921 -0.114613 -0.147127 0.0467226 -0.118763 -0.125037 
0.0782117 -0.122433 -0.147662 0.0775422 -0.126582 -0.125572 0.109031 -0.130252 -0.148197 
-0.360103 -0.0426576 -0.10018 -0.347109 -0.055191 -0.113586 -0.0389134 -0.133385 -0.118935 
-0.0204181 -0.124521 -0.128154 -0.397093 -0.0603853 -0.081742 -0.366274 -0.0682047 -0.0822769 
-0.35328 -0.0807382 -0.0956826 -0.0759039 -0.151113 -0.100496 -0.0574086 -0.142249 -0.109716 
-0.340956 -0.0974215 -0.0869982 -0.310136 -0.105241 -0.0875331 -0.310806 -0.109391 -0.0654431 
-0.279317 -0.11306 -0.088068 -0.279986 -0.11721 -0.065978 -0.266992 -0.129744 -0.0793836 
-0.125888 -0.156307 -0.0686523 -0.143714 -0.161021 -0.0815231 -0.125219 -0.152157 -0.0907423 
-0.0943992 -0.159977 -0.0912772 -0.0950688 -0.164127 -0.0691872 -0.254668 -0.146427 -0.0706993 
-0.223849 -0.154246 -0.0712342 -0.224518 -0.158396 -0.0491442 -0.193029 -0.162066 -0.0717691 
-0.193698 -0.166216 -0.0496791 -0.162209 -0.169885 -0.0723039 -0.162879 -0.174035 -0.0502139 
-0.20463 0.0621003 -0.236017 -0.203961 0.0662502 -0.258107 -0.222456 0.0573863 -0.248888 
-0.191637 0.0495669 -0.249423 0.103565 -0.016094 -0.241366 0.104235 -0.0119441 -0.263456 
0.0857395 -0.020808 -0.254237 0.134385 -0.0239134 -0.241901 0.135054 -0.0197635 -0.263991 
0.147379 -0.0364468 -0.255307 -0.240952 0.0485224 -0.239669 -0.259447 0.0396586 -0.23045 
-0.179312 0.0328836 -0.240739 -0.149162 0.0209143 -0.219184 -0.148493 0.0250642 -0.241274 
-0.136169 0.00838087 -0.232589 -0.025884 -0.0103634 -0.221323 -0.0252145 -0.00621355 -0.243413 
-0.0437098 -0.0150774 -0.234194 0.00493554 -0.0181828 -0.221858 0.00560506 -0.014033 -0.243948 
0.0357551 -0.0260023 -0.222393 0.0364246 -0.0218524 -0.244483 0.0672442 -0.0296718 -0.245018 
0.159033 -0.05728 -0.224532 0.159703 -0.0531301 -0.246622 0.172027 -0.0698134 -0.237938 
-0.277942 0.0307947 -0.221231 -0.296437 0.0219308 -0.212011 -0.123844 -0.00830244 -0.223905 
-0.0930247 -0.0161219 -0.22444 -0.0622051 -0.0239413 -0.224975 0.165856 -0.0953606 -0.220035 
-0.314933 0.013067 -0.202792 -0.333428 0.00420308 -0.193573 0.146691 -0.108374 -0.188725 
0.159685 -0.120908 -0.202131 -0.339599 -0.0213441 -0.17567 0.0172421 -0.102644 -0.168682 
-0.000583724 -0.107358 -0.181553 0.0179116 -0.0984939 -0.190772 0.0487311 -0.106313 -0.191307 
0.0480616 -0.110463 -0.169217 0.0795507 -0.114133 -0.191842 0.0788812 -0.118283 -0.169752 
0.11037 -0.121952 -0.192377 0.109701 -0.126102 -0.170287 0.14119 -0.129772 -0.192912 
-0.34577 -0.0468913 -0.157766 -0.0197485 -0.120372 -0.150244 -0.0375743 -0.125086 -0.163115 
-0.019079 -0.116222 -0.172334 -0.351941 -0.0724384 -0.139863 -0.0567391 -0.138099 -0.131806 
-0.0745649 -0.142813 -0.144676 -0.0560696 -0.133949 -0.153896 -0.339617 -0.0891217 -0.131178 
-0.340286 -0.0932716 -0.109088 -0.308797 -0.0969412 -0.131713 -0.309467 -0.101091 -0.109623 
-0.277978 -0.104761 -0.132248 -0.278647 -0.10891 -0.110158 -0.265653 -0.121444 -0.123564 
-0.0807359 -0.16836 -0.126773 -0.253329 -0.138127 -0.114879 -0.253999 -0.142277 -0.0927893 
-0.22251 -0.145947 -0.115414 -0.223179 -0.150097 -0.0933242 -0.19169 -0.153766 -0.115949 
-0.192359 -0.157916 -0.0938591 -0.16087 -0.161585 -0.116484 -0.16154 -0.165735 -0.0943939 
-0.130051 -0.169405 -0.117019 -0.0992312 -0.177224 -0.117554 -0.208793 0.0490028 -0.284384 
-0.227288 0.0401389 -0.275165 -0.178643 0.0370335 -0.262829 -0.177973 0.0411833 -0.284919 
-0.147823 0.029214 -0.263364 -0.147154 0.0333639 -0.285454 -0.134829 0.0166806 -0.276769 
0.0370941 -0.0177025 -0.266573 0.0377637 -0.0135527 -0.288663 0.0192684 -0.0224165 -0.279444 
0.0679137 -0.025522 -0.267108 0.0685832 -0.0213721 -0.289198 0.0994028 -0.0291915 -0.289733 
0.130222 -0.0370109 -0.290267 0.160372 -0.0489803 -0.268712 0.161042 -0.0448304 -0.290802 
0.191192 -0.0567997 -0.269247 0.191862 -0.0526498 -0.291337 0.204186 -0.0693331 -0.282653 
-0.245784 0.031275 -0.265946 -0.264279 0.0224112 -0.256726 -0.123175 -0.00415257 -0.245995 
-0.122505 -2.70103e-06 -0.268085 -0.0923552 -0.011972 -0.24653 -0.0916856 -0.00782213 -0.26862 
-0.0615356 -0.0197914 -0.247065 -0.0608661 -0.0156416 -0.269155 -0.0300465 -0.023461 -0.26969 
0.000773074 -0.0312804 -0.270225 0.185021 -0.0823468 -0.251344 0.198015 -0.0948803 -0.264749 
-0.282774 0.0135473 -0.247507 -0.301269 0.0046834 -0.238288 0.17885 -0.107894 -0.23344 
0.191844 -0.120427 -0.246846 -0.320434 -0.00833035 -0.206979 -0.30744 -0.0208638 -0.220384 
0.0494007 -0.102164 -0.213397 0.0315749 -0.106877 -0.226268 0.0500702 -0.0980136 -0.235487 
0.0808898 -0.105833 -0.236022 0.0802202 -0.109983 -0.213932 0.111709 -0.113652 -0.236557 
0.11104 -0.117802 -0.214467 0.142529 -0.121472 -0.237092 0.141859 -0.125622 -0.215002 
0.173348 -0.129291 -0.237627 -0.325936 -0.0297276 -0.211165 -0.344431 -0.0385915 -0.201946 
-0.00541571 -0.124605 -0.20783 0.0130796 -0.115741 -0.217049 -0.350602 -0.0641387 -0.184043 
-0.0424063 -0.142333 -0.189391 -0.023911 -0.133469 -0.19861 -0.338278 -0.080822 -0.175358 
-0.338947 -0.0849719 -0.153268 -0.307458 -0.0886414 -0.175893 -0.308128 -0.0927913 -0.153803 
-0.295134 -0.105325 -0.167209 -0.0793969 -0.160061 -0.170953 -0.0609016 -0.151197 -0.180172 
-0.28281 -0.122008 -0.158524 -0.25199 -0.129827 -0.159059 -0.25266 -0.133977 -0.136969 
-0.22117 -0.137647 -0.159594 -0.22184 -0.141797 -0.137504 -0.208846 -0.15433 -0.15091 
-0.0985617 -0.173074 -0.139644 -0.116387 -0.177788 -0.152514 -0.0978922 -0.168925 -0.161734 
-0.196522 -0.171013 -0.142226 -0.165702 -0.178833 -0.14276 -0.134883 -0.186652 -0.143295 
-0.177304 0.0453332 -0.307009 -0.176634 0.0494831 -0.329099 -0.19513 0.0406192 -0.31988 
-0.146484 0.0375138 -0.307544 -0.145815 0.0416636 -0.329634 -0.13349 0.0249803 -0.320949 
0.130892 -0.0328611 -0.312358 0.131561 -0.0287112 -0.334448 0.113066 -0.0375751 -0.325228 
0.161711 -0.0406805 -0.312892 0.162381 -0.0365306 -0.334982 0.192531 -0.0484999 -0.313427 
0.193201 -0.0443501 -0.335517 0.205525 -0.0610334 -0.326833 -0.213625 0.0317553 -0.31066 
-0.23212 0.0228915 -0.301441 -0.121836 0.00414717 -0.290175 -0.121166 0.00829704 -0.312265 
-0.0910161 -0.00367226 -0.29071 -0.0903466 0.000477614 -0.3128 -0.0601966 -0.0114917 -0.291245 
-0.059527 -0.00734181 -0.313335 -0.029377 -0.0193111 -0.29178 -0.0287075 -0.0151612 -0.31387 
0.00144259 -0.0271305 -0.292314 0.00211211 -0.0229807 -0.314405 0.0329317 -0.0308001 -0.314939 
0.0637513 -0.0386195 -0.315474 0.0945708 -0.046439 -0.316009 0.21718 -0.0818665 -0.296059 
0.217849 -0.0777167 -0.318149 0.230173 -0.0944 -0.309464 -0.250616 0.0140276 -0.292222 
-0.269111 0.00516371 -0.283003 0.211009 -0.107414 -0.278155 0.224002 -0.119947 -0.291561 
-0.287606 -0.00370017 -0.273784 -0.306101 -0.012564 -0.264564 0.0815593 -0.101683 -0.258112 
0.0637335 -0.106397 -0.270983 0.0822288 -0.0975333 -0.280202 0.113048 -0.105353 -0.280737 
0.112379 -0.109503 -0.258647 0.143868 -0.113172 -0.281272 0.143198 -0.117322 -0.259182 
0.174688 -0.120992 -0.281807 0.174018 -0.125141 -0.259717 0.205507 -0.128811 -0.282342 
-0.312272 -0.0381112 -0.246661 0.0137491 -0.111591 -0.239139 -0.00407668 -0.116306 -0.25201 
0.0144186 -0.107442 -0.261229 0.0452382 -0.115261 -0.261764 -0.330768 -0.0469751 -0.237442 
-0.349263 -0.055839 -0.228223 -0.0232415 -0.129319 -0.2207 -0.0410673 -0.134033 -0.233571 
-0.022572 -0.125169 -0.24279 -0.336939 -0.0725223 -0.219538 -0.337608 -0.0766721 -0.197448 
-0.306119 -0.0803417 -0.220073 -0.306789 -0.0844916 -0.197983 -0.2753 -0.0881611 -0.220608 
-0.275969 -0.092311 -0.198518 -0.262975 -0.104844 -0.211924 -0.0602321 -0.147047 -0.202262 
-0.0780579 -0.151761 -0.215133 -0.0595626 -0.142897 -0.224352 -0.28214 -0.117858 -0.180614 
-0.250651 -0.121528 -0.203239 -0.251321 -0.125678 -0.181149 -0.238327 -0.138211 -0.194555 
-0.0972227 -0.164775 -0.183824 -0.115048 -0.169489 -0.196694 -0.0965531 -0.160625 -0.205914 
-0.226002 -0.154894 -0.185871 -0.195183 -0.162714 -0.186406 -0.195852 -0.166864 -0.164316 
-0.164363 -0.170533 -0.18694 -0.165033 -0.174683 -0.16485 -0.133544 -0.178353 -0.187475 
-0.134213 -0.182502 -0.165385 -0.175965 0.0536329 -0.351189 -0.175295 0.0577828 -0.373279 
-0.193791 0.0489189 -0.36406 -0.145145 0.0458135 -0.351724 -0.144476 0.0499634 -0.373814 
-0.132151 0.0332801 -0.365129 0.132231 -0.0245613 -0.356538 0.1329 -0.0204115 -0.378628 
0.114405 -0.0292753 -0.369408 0.163051 -0.0323808 -0.357072 0.16372 -0.0282309 -0.379162 
0.19387 -0.0402002 -0.357607 0.19454 -0.0360503 -0.379697 0.22469 -0.0480196 -0.358142 
0.225359 -0.0438698 -0.380232 0.237683 -0.0605531 -0.371548 -0.212955 0.0359052 -0.33275 
-0.212286 0.0400551 -0.35484 -0.230781 0.0311912 -0.345621 -0.120497 0.0124469 -0.334355 
-0.119827 0.0165968 -0.356445 -0.0896771 0.00462747 -0.33489 -0.0890076 0.00877735 -0.35698 
-0.0588575 -0.00319196 -0.335425 -0.058188 0.000957924 -0.357515 -0.0280379 -0.0110114 -0.33596 
-0.0273684 -0.00686151 -0.35805 0.00278162 -0.0188308 -0.336495 0.00345114 -0.0146809 -0.358585 
0.0336012 -0.0266502 -0.337029 0.0342707 -0.0225004 -0.359119 0.0644208 -0.0344697 -0.337564 
0.0650903 -0.0303198 -0.359654 0.0952403 -0.0422891 -0.338099 0.0959099 -0.0381392 -0.360189 
0.218519 -0.0735668 -0.340239 0.231512 -0.0861002 -0.353644 -0.236952 0.00564402 -0.327718 
0.225341 -0.111647 -0.335741 -0.255447 -0.00321986 -0.318499 -0.273943 -0.0120837 -0.309279 
0.0828983 -0.0933834 -0.302292 0.0650725 -0.0980974 -0.315163 0.0835678 -0.0892336 -0.324382 
0.114387 -0.097053 -0.324917 0.113718 -0.101203 -0.302827 0.145207 -0.104872 -0.325452 
0.144537 -0.109022 -0.303362 0.157531 -0.121556 -0.316768 0.206177 -0.124661 -0.304432 
0.188351 -0.129375 -0.317302 0.206846 -0.120511 -0.326522 -0.292438 -0.0209476 -0.30006 
-0.310933 -0.0298115 -0.290841 0.0150881 -0.103292 -0.283319 -0.00273764 -0.108006 -0.29619 
0.0157577 -0.0991419 -0.305409 0.0465772 -0.106961 -0.305944 0.0459077 -0.111111 -0.283854 
0.169856 -0.138239 -0.308083 -0.317104 -0.0553586 -0.272937 -0.0219025 -0.12102 -0.26488 
-0.0397282 -0.125733 -0.277751 -0.0212329 -0.11687 -0.28697 -0.336269 -0.0683724 -0.241628 
-0.30478 -0.072042 -0.264253 -0.30545 -0.0761918 -0.242163 -0.273961 -0.0798614 -0.264788 
-0.27463 -0.0840112 -0.242698 -0.261636 -0.0965447 -0.256104 -0.058893 -0.138747 -0.246442 
-0.0767188 -0.143461 -0.259313 -0.0582235 -0.134597 -0.268532 -0.249312 -0.113228 -0.247419 
-0.249982 -0.117378 -0.225329 -0.218492 -0.121047 -0.247954 -0.219162 -0.125197 -0.225864 
-0.206168 -0.137731 -0.23927 -0.0958836 -0.156475 -0.228004 -0.113709 -0.161189 -0.240874 
-0.0952141 -0.152325 -0.250094 -0.225333 -0.150744 -0.207961 -0.193844 -0.154414 -0.230586 
-0.194513 -0.158564 -0.208496 -0.163024 -0.162233 -0.23112 -0.163694 -0.166383 -0.20903 
-0.132205 -0.170053 -0.231655 -0.132874 -0.174203 -0.209565 -0.143806 0.0541133 -0.395904 
-0.143137 0.0582631 -0.417994 -0.161632 0.0493992 -0.408774 -0.112987 0.0462938 -0.396439 
-0.112317 0.0504437 -0.418528 -0.0999928 0.0337604 -0.409844 -0.0205279 0.0228355 -0.398043 
-0.0198584 0.0269854 -0.420133 -0.0383537 0.0181215 -0.410914 0.0102917 0.0150161 -0.398578 
0.0109612 0.019166 -0.420668 0.0411113 0.00719668 -0.399113 0.0417808 0.0113465 -0.421203 
0.054105 -0.00533676 -0.412519 0.13357 -0.0162616 -0.400717 0.134239 -0.0121117 -0.422808 
0.115744 -0.0209756 -0.413588 0.16439 -0.024081 -0.401252 0.165059 -0.0199312 -0.423342 
0.195209 -0.0319005 -0.401787 0.195879 -0.0277506 -0.423877 0.226029 -0.0397199 -0.402322 
0.226698 -0.03557 -0.424412 0.256848 -0.0475393 -0.402857 0.257518 -0.0433895 -0.424947 
0.269842 -0.0600728 -0.416263 -0.180127 0.0405354 -0.399555 -0.198623 0.0316715 -0.390336 
-0.119158 0.0207467 -0.378535 -0.0876685 0.0170771 -0.40116 -0.0883381 0.0129272 -0.37907 
-0.0575185 0.0051078 -0.379605 -0.056849 0.00925767 -0.401695 -0.0266989 -0.00271163 -0.38014 
0.00412066 -0.0105311 -0.380675 0.0349402 -0.0183505 -0.381209 0.0664293 -0.02202 -0.403834 
0.0657598 -0.0261699 -0.381744 0.0965794 -0.0339893 -0.382279 0.0972489 -0.0298395 -0.404369 
0.250677 -0.0730865 -0.384953 0.263671 -0.0856199 -0.398359 -0.217787 0.0186577 -0.359027 
-0.204794 0.00612432 -0.372433 0.244506 -0.0986337 -0.36705 0.2575 -0.111167 -0.380456 
-0.223289 -0.00273954 -0.363213 -0.241784 -0.0116034 -0.353994 0.0842374 -0.0850837 -0.346472 
0.0664116 -0.0897977 -0.359343 0.0849069 -0.0809338 -0.368562 0.115726 -0.0887533 -0.369097 
0.115057 -0.0929031 -0.347007 0.146546 -0.0965727 -0.369632 0.145876 -0.100723 -0.347542 
0.177366 -0.104392 -0.370167 0.176696 -0.108542 -0.348077 0.208185 -0.112212 -0.370702 
0.207516 -0.116361 -0.348612 0.239005 -0.120031 -0.371236 -0.260279 -0.0204673 -0.344775 
-0.278775 -0.0293312 -0.335556 0.0472467 -0.102811 -0.328034 0.029421 -0.107525 -0.340905 
0.0479163 -0.0986616 -0.350124 0.170525 -0.134089 -0.330173 -0.29727 -0.038195 -0.326337 
-0.315765 -0.0470589 -0.317117 -0.0205634 -0.11272 -0.30906 -0.0383892 -0.117434 -0.321931 
-0.0198939 -0.10857 -0.33115 0.0109257 -0.116389 -0.331685 -0.303441 -0.0637422 -0.308433 
-0.304111 -0.0678921 -0.286343 -0.272622 -0.0715616 -0.308968 -0.273291 -0.0757115 -0.286878 
-0.260297 -0.0882449 -0.300284 -0.057554 -0.130448 -0.290622 -0.0753798 -0.135162 -0.303493 
-0.0568845 -0.126298 -0.312712 -0.247973 -0.104928 -0.291599 -0.248642 -0.109078 -0.269509 
-0.217153 -0.112748 -0.292134 -0.217823 -0.116898 -0.270044 -0.186334 -0.120567 -0.292669 
-0.187003 -0.124717 -0.270579 -0.155514 -0.128387 -0.293204 -0.156184 -0.132536 -0.271114 
-0.124695 -0.136206 -0.293739 -0.125364 -0.140356 -0.271649 -0.0938751 -0.144025 -0.294274 
-0.0945446 -0.148175 -0.272184 -0.193174 -0.150264 -0.252676 -0.162355 -0.158084 -0.25321 
-0.131535 -0.165903 -0.253745 0.0178017 0.048863 -0.460662 0.0184712 0.0530129 -0.482752 
-2.40411e-05 0.044149 -0.473532 0.0486213 0.0410436 -0.461196 0.0492908 0.0451934 -0.483286 
0.0794409 0.0332242 -0.461731 0.0801104 0.037374 -0.483821 0.0924347 0.0206907 -0.475137 
-0.111648 0.0545936 -0.440619 -0.110978 0.0587434 -0.462709 -0.129473 0.0498795 -0.453489 
-0.080828 0.0467741 -0.441153 -0.0801585 0.050924 -0.463243 -0.0500084 0.0389547 -0.441688 
-0.0493389 0.0431046 -0.463778 -0.0191889 0.0311353 -0.442223 -0.0185193 0.0352851 -0.464313 
0.0116307 0.0233158 -0.442758 0.0424503 0.0154964 -0.443293 0.0732699 0.00767699 -0.443828 
0.104759 0.00400743 -0.466453 0.104089 -0.000142436 -0.444363 0.134909 -0.00796187 -0.444898 
0.135579 -0.003812 -0.466988 0.165729 -0.0157813 -0.445432 0.166398 -0.0116314 -0.467522 
0.196548 -0.0236007 -0.445967 0.197218 -0.0194509 -0.468057 0.227368 -0.0314202 -0.446502 
0.228037 -0.0272703 -0.468592 0.258187 -0.0392396 -0.447037 0.258857 -0.0350897 -0.469127 
0.289007 -0.047059 -0.447572 0.289676 -0.0429091 -0.469662 0.302001 -0.0595924 -0.460978 
-0.147969 0.0410157 -0.44427 -0.166464 0.0321518 -0.435051 -0.086999 0.0212269 -0.42325 
-0.0561795 0.0134075 -0.423785 0.0670988 -0.0178702 -0.425924 0.0979184 -0.0256896 -0.426459 
0.282836 -0.0726062 -0.429668 0.29583 -0.0851396 -0.443074 -0.184959 0.0232879 -0.425832 
-0.203455 0.0144241 -0.416613 0.276665 -0.0981534 -0.411765 0.289659 -0.110687 -0.425171 
-0.209626 -0.0111231 -0.398709 0.116396 -0.0846034 -0.391187 0.0985702 -0.0893174 -0.404058 
0.117065 -0.0804535 -0.413277 0.147885 -0.088273 -0.413812 0.147216 -0.0924228 -0.391722 
0.178705 -0.0960924 -0.414347 0.178035 -0.100242 -0.392257 0.209524 -0.103912 -0.414882 
0.208855 -0.108062 -0.392792 0.240344 -0.111731 -0.415417 0.239674 -0.115881 -0.393326 
0.271163 -0.119551 -0.415951 -0.228121 -0.019987 -0.38949 -0.246616 -0.0288509 -0.380271 
0.0485858 -0.0945117 -0.372214 0.03076 -0.0992257 -0.385085 0.0492553 -0.0903618 -0.394304 
0.0800749 -0.0981813 -0.394839 -0.265111 -0.0377147 -0.371051 -0.283607 -0.0465786 -0.361832 
0.0115952 -0.112239 -0.353775 -0.00623059 -0.116953 -0.366646 0.0122647 -0.10809 -0.375865 
-0.302772 -0.0595924 -0.330523 -0.271282 -0.0632619 -0.353148 -0.271952 -0.0674118 -0.331058 
-0.240463 -0.0710813 -0.353683 -0.241132 -0.0752312 -0.331593 -0.228139 -0.0877646 -0.344999 
-0.056215 -0.122148 -0.334802 -0.0740408 -0.126862 -0.347673 -0.0555455 -0.117998 -0.356892 
-0.0247259 -0.125817 -0.357427 -0.247303 -0.100778 -0.313689 -0.215814 -0.104448 -0.336314 
-0.216484 -0.108598 -0.314224 -0.184995 -0.112267 -0.336849 -0.185664 -0.116417 -0.314759 
-0.154175 -0.120087 -0.337384 -0.154845 -0.124237 -0.315294 -0.123356 -0.127906 -0.337919 
-0.124025 -0.132056 -0.315829 -0.092536 -0.135726 -0.338454 -0.0932056 -0.139876 -0.316364 
0.179445 0.179168 -0.614402 0.180115 0.183318 -0.636492 0.161619 0.174454 -0.627273 
0.192439 0.166635 -0.627808 0.142455 0.16144 -0.595964 0.143124 0.16559 -0.618054 
0.124629 0.156726 -0.608835 0.173274 0.153621 -0.596499 0.204763 0.149951 -0.619124 
0.204094 0.145801 -0.597034 0.234913 0.137982 -0.597568 0.235583 0.142132 -0.619658 
0.247907 0.125449 -0.610974 0.105464 0.143713 -0.577525 0.106134 0.147862 -0.599615 
0.0876382 0.138999 -0.590396 0.136284 0.135893 -0.57806 0.167103 0.128074 -0.578595 
0.197923 0.120254 -0.57913 0.228742 0.112435 -0.579665 0.260231 0.108765 -0.60229 
0.259562 0.104615 -0.5802 0.290381 0.096796 -0.580735 0.291051 0.100946 -0.602825 
0.303375 0.0842626 -0.59414 0.0684734 0.125985 -0.559087 0.0691429 0.130135 -0.581177 
0.0506476 0.121271 -0.571958 0.099293 0.118165 -0.559622 0.130113 0.110346 -0.560157 
0.160932 0.102527 -0.560692 0.191752 0.0947071 -0.561226 0.222571 0.0868877 -0.561761 
0.253391 0.0790683 -0.562296 0.28421 0.0712488 -0.562831 0.3157 0.0675793 -0.585456 
0.31503 0.0634294 -0.563366 0.328024 0.050896 -0.576772 0.0314828 0.108257 -0.540649 
0.0321523 0.112407 -0.562739 0.013657 0.103543 -0.553519 0.0623024 0.100438 -0.541183 
0.093122 0.0926183 -0.541718 0.123942 0.0847988 -0.542253 0.154761 0.0769794 -0.542788 
0.185581 0.06916 -0.543323 0.2164 0.0613406 -0.543858 0.24722 0.0535211 -0.544393 
0.278039 0.0457017 -0.544928 0.308859 0.0378823 -0.545462 0.321853 0.0253488 -0.558868 
-0.00550778 0.0905294 -0.52221 -0.00483826 0.0946792 -0.5443 -0.0233336 0.0858154 -0.535081 
0.0253118 0.0827099 -0.522745 0.0561314 0.0748905 -0.52328 0.086951 0.0670711 -0.523815 
0.117771 0.0592517 -0.52435 0.14859 0.0514322 -0.524885 0.17941 0.0436128 -0.525419 
0.210229 0.0357934 -0.525954 0.241049 0.0279739 -0.526489 0.271868 0.0201545 -0.527024 
0.302688 0.0123351 -0.527559 0.334177 0.00866554 -0.550184 0.333508 0.00451566 -0.528094 
0.346501 -0.00801777 -0.5415 -0.0733179 0.080621 -0.503237 -0.0726484 0.0847709 -0.525327 
-0.0911437 0.075907 -0.516108 -0.0424984 0.0728016 -0.503772 -0.0418289 0.0769515 -0.525862 
-0.0116788 0.0649822 -0.504307 0.0191408 0.0571628 -0.504842 0.0499603 0.0493433 -0.505376 
0.0807799 0.0415239 -0.505911 0.111599 0.0337045 -0.506446 0.142419 0.025885 -0.506981 
0.173239 0.0180656 -0.507516 0.204058 0.0102462 -0.508051 0.234878 0.00242676 -0.508586 
0.265697 -0.00539266 -0.509121 0.296517 -0.0132121 -0.509655 0.327336 -0.0210315 -0.51019 
0.34033 -0.033565 -0.523596 -0.110309 0.0628933 -0.484799 -0.109639 0.0670432 -0.506889 
-0.128134 0.0581793 -0.497669 -0.079489 0.0550739 -0.485333 -0.0486694 0.0472545 -0.485868 
-0.0178498 0.039435 -0.486403 0.105428 0.00815732 -0.488543 0.136248 0.000337894 -0.489078 
0.167068 -0.00748153 -0.489612 0.197887 -0.015301 -0.490147 0.228707 -0.0231204 -0.490682 
0.259526 -0.0309398 -0.491217 0.290346 -0.0387593 -0.491752 0.321165 -0.0465787 -0.492287 
0.334159 -0.0591121 -0.505692 -0.134305 0.0326321 -0.479766 0.315664 -0.067976 -0.496473 
0.297169 -0.0768399 -0.487254 -0.152801 0.0237683 -0.470547 -0.171296 0.0149044 -0.461327 
0.290998 -0.102387 -0.469351 -0.189791 0.00604052 -0.452108 -0.208287 -0.00282336 -0.442889 
0.148555 -0.0841231 -0.435902 0.130729 -0.0888371 -0.448773 0.149224 -0.0799732 -0.457992 
0.180044 -0.0877926 -0.458527 0.179374 -0.0919425 -0.436437 0.210863 -0.0956121 -0.459062 
0.210194 -0.0997619 -0.436972 0.241683 -0.103431 -0.459596 0.241013 -0.107581 -0.437506 
0.272502 -0.111251 -0.460131 0.271833 -0.115401 -0.438041 -0.227451 -0.0158371 -0.41158 
-0.226782 -0.0116872 -0.43367 -0.245277 -0.0205511 -0.424451 0.0499248 -0.086212 -0.416394 
0.032099 -0.090926 -0.429265 0.0505943 -0.0820621 -0.438484 0.0814139 -0.0898815 -0.439019 
0.0807444 -0.0940314 -0.416929 0.112233 -0.0977009 -0.439553 -0.264442 -0.0335648 -0.393141 
-0.263772 -0.029415 -0.415231 -0.282268 -0.0382789 -0.406012 0.0129342 -0.10394 -0.397955 
-0.00489155 -0.108654 -0.410826 0.0136037 -0.0997898 -0.420045 -0.270613 -0.059112 -0.375238 
-0.269943 -0.0549622 -0.397328 -0.239793 -0.0669314 -0.375773 -0.239124 -0.0627816 -0.397863 
-0.2268 -0.0794649 -0.389178 -0.0240564 -0.121667 -0.379517 -0.0418821 -0.126381 -0.392388 
-0.0233868 -0.117518 -0.401607 -0.214475 -0.0961482 -0.380494 -0.215145 -0.100298 -0.358404 
-0.183656 -0.103968 -0.381029 -0.184325 -0.108117 -0.358939 -0.152836 -0.111787 -0.381564 
-0.153506 -0.115937 -0.359474 -0.122017 -0.119606 -0.382099 -0.122686 -0.123756 -0.360009 
-0.091197 -0.127426 -0.382634 -0.0918665 -0.131576 -0.360544 -0.0603774 -0.135245 -0.383169 
0.174613 0.161921 -0.640679 0.106803 0.152012 -0.621705 0.107473 0.156162 -0.643795 
0.0889772 0.147298 -0.634576 0.138292 0.148343 -0.64433 0.169112 0.140523 -0.644865 
0.199931 0.132704 -0.6454 0.230751 0.124884 -0.645935 0.243075 0.108201 -0.637251 
0.0389929 0.142104 -0.602732 0.0396624 0.146254 -0.624822 0.0211671 0.13739 -0.615603 
0.0698124 0.134285 -0.603267 0.0704819 0.138434 -0.625357 0.255399 0.0915179 -0.628566 
0.286219 0.0836985 -0.629101 0.316369 0.0717292 -0.607546 0.317039 0.075879 -0.629636 
0.347189 0.0639098 -0.608081 0.347858 0.0680596 -0.630171 0.360182 0.0513763 -0.621487 
0.00200227 0.124376 -0.584294 0.00267179 0.128526 -0.606384 -0.0158235 0.119662 -0.597165 
0.0328218 0.116557 -0.584829 0.341018 0.0383626 -0.590177 0.372507 0.034693 -0.612802 
0.371837 0.0305431 -0.590712 0.384831 0.0180097 -0.604118 -0.0349883 0.106649 -0.565855 
-0.0343188 0.110798 -0.587945 -0.0528141 0.101935 -0.578726 -0.00416874 0.0988291 -0.56639 
0.334847 0.0128154 -0.572274 0.34784 0.000281971 -0.585679 0.366336 0.00914585 -0.594899 
-0.0719789 0.0889208 -0.547417 -0.0713094 0.0930707 -0.569507 -0.0898047 0.0842068 -0.560288 
-0.0411593 0.0811014 -0.547952 0.341669 -0.0252652 -0.567776 -0.0959757 0.0586596 -0.542384 
0.335498 -0.0508124 -0.549872 -0.114471 0.0497957 -0.533165 -0.132966 0.0409319 -0.523946 
0.329327 -0.0763595 -0.531969 -0.139137 0.0153847 -0.506042 0.310162 -0.0893733 -0.50066 
0.323156 -0.101907 -0.514065 -0.157633 0.00652082 -0.496823 -0.176128 -0.00234306 -0.487604 
0.119074 -0.0680039 -0.479547 0.101248 -0.0727179 -0.492418 0.119744 -0.063854 -0.501637 
0.150563 -0.0716735 -0.502172 0.149894 -0.0758233 -0.480082 0.181383 -0.0794929 -0.502707 
0.180713 -0.0836428 -0.480617 0.212202 -0.0873123 -0.503242 0.211533 -0.0914622 -0.481152 
0.243022 -0.0951317 -0.503777 0.242352 -0.0992816 -0.481687 0.273841 -0.102951 -0.504311 
0.273172 -0.107101 -0.482221 0.304661 -0.110771 -0.504846 -0.194623 -0.0112069 -0.478385 
-0.213118 -0.0200708 -0.469166 0.0820834 -0.0857316 -0.461109 0.0642576 -0.0904456 -0.473979 
0.0827529 -0.0815818 -0.483199 0.112903 -0.0935511 -0.461643 -0.231614 -0.0289347 -0.459946 
-0.250109 -0.0377986 -0.450727 0.0142733 -0.09564 -0.442135 -0.00355252 -0.100354 -0.455006 
0.0149428 -0.0914901 -0.464225 0.0457623 -0.0993095 -0.46476 -0.269274 -0.0508123 -0.419418 
-0.237785 -0.0544818 -0.442043 -0.238454 -0.0586317 -0.419953 -0.225461 -0.0711651 -0.433359 
-0.0227173 -0.113368 -0.423697 -0.0405431 -0.118082 -0.436568 -0.0220478 -0.109218 -0.445787 
-0.213136 -0.0878484 -0.424674 -0.213806 -0.0919983 -0.402584 -0.182317 -0.0956679 -0.425209 
-0.182986 -0.0998177 -0.403119 -0.151497 -0.103487 -0.425744 -0.152167 -0.107637 -0.403654 
-0.139173 -0.120171 -0.41706 -0.0905275 -0.123276 -0.404724 -0.108353 -0.12799 -0.417594 
-0.089858 -0.119126 -0.426814 -0.0590384 -0.126946 -0.427349 -0.0597079 -0.131095 -0.405259 
-0.126849 -0.136854 -0.408375 0.0711515 0.142584 -0.647447 0.071821 0.146734 -0.669537 
0.0533257 0.13787 -0.660318 0.102641 0.138915 -0.670072 0.13346 0.131095 -0.670607 
0.16428 0.123276 -0.671142 0.19443 0.111307 -0.649586 0.176604 0.106593 -0.662457 
0.225249 0.103487 -0.650121 0.00334131 0.132676 -0.628474 0.00401082 0.136826 -0.650564 
-0.0144845 0.127962 -0.641345 0.0348304 0.129006 -0.651099 0.188928 0.0899093 -0.653773 
0.219748 0.0820899 -0.654308 0.250567 0.0742705 -0.654843 0.281387 0.066451 -0.655378 
0.312207 0.0586316 -0.655912 0.343026 0.0508122 -0.656447 0.35535 0.0341289 -0.647763 
-0.0336493 0.114948 -0.610035 -0.0329798 0.119098 -0.632125 -0.0514751 0.110234 -0.622906 
0.367675 0.0174456 -0.639079 0.379999 0.00076225 -0.630394 -0.0576461 0.0846871 -0.605003 
0.343008 -0.0169655 -0.611956 0.361504 -0.00810159 -0.621175 -0.0761414 0.0758232 -0.595783 
-0.0946367 0.0669593 -0.586564 0.336837 -0.0425127 -0.594052 -0.113801 0.0539456 -0.555255 
-0.113132 0.0580955 -0.577345 -0.131627 0.0492316 -0.568126 0.330666 -0.0680598 -0.576149 
-0.137798 0.0236844 -0.550222 0.219043 -0.0576153 -0.543235 0.201217 -0.0623293 -0.556106 
0.219712 -0.0534654 -0.565325 0.250532 -0.0612849 -0.56586 0.249862 -0.0654347 -0.54377 
0.262856 -0.0779681 -0.557176 0.311502 -0.0810736 -0.54484 0.293676 -0.0857876 -0.557711 
0.312171 -0.0769237 -0.56693 -0.156963 0.0106707 -0.518913 -0.156294 0.0148206 -0.541003 
-0.174789 0.00595669 -0.531784 0.120413 -0.0597042 -0.523727 0.102587 -0.0644182 -0.536598 
0.121083 -0.0555543 -0.545817 0.151902 -0.0633737 -0.546352 0.151233 -0.0675236 -0.524262 
0.182722 -0.0711932 -0.546887 0.182052 -0.075343 -0.524797 0.212872 -0.0831625 -0.525332 
0.243691 -0.0909819 -0.525867 0.27518 -0.0946514 -0.548491 0.274511 -0.0988013 -0.526401 
0.305331 -0.106621 -0.526936 -0.18096 -0.0195905 -0.51388 0.0834225 -0.0774319 -0.505289 
0.0655967 -0.0821459 -0.518159 0.084092 -0.073282 -0.527379 -0.199455 -0.0284544 -0.504661 
-0.21795 -0.0373182 -0.495442 0.0464319 -0.0951597 -0.48685 0.0286061 -0.0998737 -0.499721 
0.0471014 -0.0910098 -0.50894 -0.237115 -0.050332 -0.464133 -0.224122 -0.0628654 -0.477539 
-0.0213783 -0.105068 -0.467877 -0.0392041 -0.109782 -0.480748 -0.0207088 -0.100918 -0.489967 
0.0101108 -0.108738 -0.490502 -0.211797 -0.0795487 -0.468854 -0.212467 -0.0836986 -0.446764 
-0.180978 -0.0873681 -0.469389 -0.181647 -0.091518 -0.447299 -0.168653 -0.104051 -0.460705 
-0.0583689 -0.122796 -0.449439 -0.0761947 -0.12751 -0.462309 -0.0576994 -0.118646 -0.471529 
-0.156329 -0.120735 -0.45202 -0.12551 -0.128554 -0.452555 -0.126179 -0.132704 -0.430465 
-0.09469 -0.136374 -0.45309 0.0724905 0.150884 -0.691627 0.07316 0.155034 -0.713717 
0.0546647 0.14617 -0.704498 0.0854843 0.138351 -0.705033 0.0354999 0.133156 -0.673189 
0.0361694 0.137306 -0.695279 0.0176741 0.128442 -0.686059 0.0978086 0.121667 -0.696348 
0.127959 0.109698 -0.674793 0.110133 0.104984 -0.687664 0.158778 0.101879 -0.675328 
-0.000821156 0.119578 -0.67684 -0.0193165 0.110715 -0.667621 0.122457 0.0883008 -0.67898 
0.153277 0.0804813 -0.679515 0.184096 0.0726619 -0.680049 0.214916 0.0648425 -0.680584 
0.245735 0.057023 -0.681119 0.276555 0.0492036 -0.681654 0.307375 0.0413842 -0.682189 
0.338194 0.0335647 -0.682724 0.350518 0.0168814 -0.67404 -0.0378118 0.101851 -0.658402 
-0.0563071 0.0929868 -0.649183 0.362173 -0.00395175 -0.643265 0.344347 -0.00866574 -0.656136 
-0.0754719 0.0799731 -0.617873 -0.0748023 0.084123 -0.639963 -0.0932976 0.0752591 -0.630744 
0.325183 -0.0216795 -0.624827 0.307357 -0.0263935 -0.637698 0.325852 -0.0175296 -0.646917 
-0.0994687 0.0497119 -0.612841 0.319012 -0.0472267 -0.606923 0.301186 -0.0519406 -0.619794 
-0.117964 0.0408481 -0.603621 -0.136459 0.0319842 -0.594402 0.189562 -0.0414961 -0.58688 
0.171736 -0.0462101 -0.599751 0.190232 -0.0373462 -0.60897 0.221051 -0.0451657 -0.609505 
0.220382 -0.0493156 -0.587415 0.251871 -0.0529851 -0.61004 0.251201 -0.057135 -0.58795 
0.28269 -0.0608045 -0.610575 0.282021 -0.0649544 -0.588485 0.312841 -0.0727738 -0.58902 
-0.14263 0.00643702 -0.576499 0.121752 -0.0514044 -0.567907 0.103926 -0.0561184 -0.580778 
0.122422 -0.0472546 -0.589997 0.153241 -0.055074 -0.590532 0.152572 -0.0592239 -0.568442 
0.183391 -0.0670433 -0.568977 0.27585 -0.0905016 -0.570581 -0.161126 -0.00242686 -0.56728 
-0.179621 -0.0112907 -0.55806 0.0539419 -0.0613128 -0.548934 0.0361161 -0.0660267 -0.561805 
0.0546114 -0.0571629 -0.571024 0.085431 -0.0649823 -0.571559 0.0847615 -0.0691322 -0.549469 
-0.185792 -0.0368379 -0.540157 0.0477709 -0.0868599 -0.53103 0.0299451 -0.0915739 -0.543901 
-0.204287 -0.0457018 -0.530938 -0.222782 -0.0545657 -0.521718 0.0107803 -0.104588 -0.512592 
-0.00704547 -0.109302 -0.525463 0.0114498 -0.100438 -0.534682 -0.210458 -0.071249 -0.513034 
-0.211128 -0.0753989 -0.490944 -0.179639 -0.0790684 -0.513569 -0.180308 -0.0832183 -0.491479 
-0.167314 -0.0957517 -0.504885 -0.0570299 -0.114496 -0.493619 -0.0748556 -0.11921 -0.506489 
-0.0563603 -0.110346 -0.515709 -0.0255408 -0.118166 -0.516243 -0.15499 -0.112435 -0.4962 
-0.15566 -0.116585 -0.47411 -0.12417 -0.120254 -0.496735 -0.12484 -0.124404 -0.474645 
-0.0933509 -0.128074 -0.49727 -0.0940205 -0.132224 -0.47518 0.0676585 0.133637 -0.717903 
0.0313375 0.120059 -0.721555 0.0128422 0.111195 -0.712336 0.062157 0.112239 -0.72209 
0.0923071 0.10027 -0.700535 0.0744813 0.0955561 -0.713406 -0.00565314 0.102331 -0.703117 
-0.0241484 0.0934671 -0.693897 0.0861361 0.0747229 -0.682631 0.0683103 0.0700089 -0.695502 
0.116956 0.0669034 -0.683166 0.147775 0.059084 -0.683701 0.178595 0.0512646 -0.684236 
0.209414 0.0434451 -0.684771 0.240234 0.0356257 -0.685306 0.271053 0.0278063 -0.685841 
0.301873 0.0199869 -0.686375 0.332693 0.0121674 -0.68691 -0.0426437 0.0846033 -0.684678 
-0.061139 0.0757394 -0.675459 0.0806346 0.0533256 -0.686818 0.110785 0.0413563 -0.665263 
0.0929588 0.0366422 -0.678133 0.141604 0.0335368 -0.665798 0.172424 0.0257174 -0.666332 
0.203243 0.017898 -0.666867 0.216237 0.00536453 -0.680273 0.234732 0.0142284 -0.689492 
0.265552 0.00640898 -0.690027 0.296372 -0.00141045 -0.690562 0.326522 -0.0133797 -0.669007 
0.308696 -0.0180938 -0.681878 -0.0803038 0.0627257 -0.64415 -0.0673101 0.0501922 -0.657556 
0.105283 0.019959 -0.669449 0.136103 0.0121395 -0.669984 0.166253 0.000170243 -0.648429 
0.148427 -0.00454376 -0.6613 0.197072 -0.00764918 -0.648964 0.210066 -0.0201826 -0.662369 
0.289531 -0.0311075 -0.650568 0.271705 -0.0358215 -0.663439 0.290201 -0.0269576 -0.672658 
-0.0858053 0.0413284 -0.648336 -0.104301 0.0324645 -0.639117 0.160082 -0.0253769 -0.630525 
0.142256 -0.0300909 -0.643396 0.190901 -0.0331964 -0.63106 0.22239 -0.0368659 -0.653685 
0.221721 -0.0410158 -0.631595 0.25321 -0.0446854 -0.65422 0.25254 -0.0488352 -0.63213 
0.28336 -0.0566547 -0.632665 -0.122796 0.0236006 -0.629898 -0.141291 0.0147367 -0.620679 
0.061452 -0.0274658 -0.611017 0.0436262 -0.0321798 -0.623888 0.0621215 -0.023316 -0.633107 
0.0929411 -0.0311354 -0.633642 0.0922715 -0.0352853 -0.611552 0.123761 -0.0389548 -0.634177 
0.123091 -0.0431047 -0.612087 0.153911 -0.0509241 -0.612622 -0.147462 -0.0108104 -0.602775 
0.055281 -0.053013 -0.593114 0.0374552 -0.057727 -0.605985 0.0861005 -0.0608324 -0.593649 
-0.166627 -0.0238242 -0.571466 -0.153633 -0.0363576 -0.584872 0.0182904 -0.0707407 -0.574675 
0.000464586 -0.0754547 -0.587546 0.0189599 -0.0665909 -0.596765 -0.172798 -0.0493714 -0.553563 
-0.159804 -0.0619048 -0.566968 0.0121193 -0.0962879 -0.556772 -0.00570644 -0.101002 -0.569643 
-0.209789 -0.0670991 -0.535124 -0.196795 -0.0796325 -0.54853 -0.1783 -0.0707687 -0.557749 
-0.0556908 -0.106196 -0.537799 -0.0735166 -0.11091 -0.550669 -0.0550213 -0.102046 -0.559889 
-0.0242017 -0.109866 -0.560423 -0.0248712 -0.114016 -0.538333 -0.184471 -0.0963158 -0.539846 
-0.153651 -0.104135 -0.54038 -0.154321 -0.108285 -0.51829 -0.122831 -0.111955 -0.540915 
-0.123501 -0.116105 -0.518825 -0.0920119 -0.119774 -0.54145 -0.0926814 -0.123924 -0.51936 
0.0258359 0.0986615 -0.725742 0.0566555 0.090842 -0.726276 -0.0111546 0.0809337 -0.707303 
0.00183914 0.0684003 -0.720709 0.0203344 0.0772641 -0.729928 0.0504845 0.0652949 -0.708373 
0.0326587 0.0605808 -0.721244 -0.0481452 0.0632059 -0.688865 -0.0351514 0.0506725 -0.702271 
-0.0166562 0.0595364 -0.71149 0.044983 0.0438975 -0.712559 0.075133 0.0319282 -0.691004 
0.0573073 0.0272142 -0.703875 0.229231 -0.0071689 -0.693679 0.26005 -0.0149883 -0.694214 
0.29087 -0.0228078 -0.694748 -0.0536467 0.0418087 -0.693051 -0.072142 0.0329448 -0.683832 
0.068962 0.00638109 -0.673101 0.0511363 0.00166708 -0.685972 0.0997816 -0.00143834 -0.673636 
0.130601 -0.00925777 -0.674171 0.22306 -0.0327161 -0.675775 0.253879 -0.0405355 -0.67631 
-0.0906373 0.0240809 -0.674613 -0.109133 0.015217 -0.665394 0.0319714 -0.0113467 -0.654662 
0.0141457 -0.0160607 -0.667533 0.032641 -0.00719679 -0.676752 0.062791 -0.0191661 -0.655197 
0.0936106 -0.0269855 -0.655732 0.12443 -0.034805 -0.656267 -0.128297 0.0022033 -0.634085 
-0.115304 -0.0103301 -0.64749 0.0258004 -0.0368938 -0.636759 0.00797464 -0.0416079 -0.64963 
-0.134468 -0.0233439 -0.616181 -0.121475 -0.0358773 -0.629587 0.0196294 -0.062441 -0.618855 
0.00180362 -0.067155 -0.631726 -0.13997 -0.0447412 -0.620367 -0.158465 -0.053605 -0.611148 
-0.0173612 -0.0801688 -0.600417 -0.035187 -0.0848828 -0.613288 -0.0166917 -0.0760189 -0.622507 
-0.146141 -0.0702884 -0.602464 -0.146811 -0.0744382 -0.580374 -0.133817 -0.0869717 -0.59378 
-0.0543518 -0.0978965 -0.581978 -0.0721776 -0.102611 -0.594849 -0.0536823 -0.0937466 -0.604069 
-0.0235322 -0.105716 -0.582513 -0.183801 -0.092166 -0.561936 -0.170807 -0.104699 -0.575341 
-0.152312 -0.0958355 -0.58456 -0.122162 -0.107805 -0.563005 -0.139988 -0.112519 -0.575876 
-0.121492 -0.103655 -0.585095 -0.0906729 -0.111474 -0.58563 -0.0913424 -0.115624 -0.56354 
-0.158483 -0.121383 -0.566657 0.0148329 0.0558668 -0.734114 -0.0221577 0.0381391 -0.715676 
-0.00916386 0.0256057 -0.729082 0.00933143 0.0344695 -0.738301 0.0394815 0.0225002 -0.716746 
0.0216557 0.0177862 -0.729617 -0.0591482 0.0204114 -0.697238 -0.0461545 0.00787793 -0.710643 
-0.0276592 0.0167418 -0.719863 0.0333105 -0.00304692 -0.698842 0.0154847 -0.00776093 -0.711713 
-0.0961388 0.00268361 -0.678799 -0.083145 -0.00984983 -0.692205 -0.0646498 -0.000985947 -0.701424 
-0.00368012 -0.0207747 -0.680404 -0.0215059 -0.0254887 -0.693275 -0.0030106 -0.0166248 -0.702494 
-0.10231 -0.0228636 -0.660896 -0.0893161 -0.035397 -0.674301 -0.00985114 -0.0463219 -0.6625 
-0.0276769 -0.0510359 -0.675371 -0.108481 -0.0484107 -0.642992 -0.0954871 -0.0609442 -0.656398 
-0.0160222 -0.071869 -0.644597 -0.0338479 -0.076583 -0.657468 -0.145471 -0.0661385 -0.624554 
-0.114652 -0.0739579 -0.625089 -0.101658 -0.0864913 -0.638494 -0.0530128 -0.0895968 -0.626159 
-0.0708385 -0.0943108 -0.639029 -0.0523432 -0.0854469 -0.648249 -0.120823 -0.0995051 -0.607185 
-0.0893338 -0.103175 -0.62981 -0.0900033 -0.107325 -0.60772 -0.157813 -0.117233 -0.588747 
0.00382994 0.0130722 -0.742487 -0.0331606 -0.00465549 -0.724049 -0.00234108 -0.0124749 -0.724584 
-0.0701512 -0.0223832 -0.705611 -0.0393317 -0.0302027 -0.706146 -0.0763223 -0.0479304 -0.687707 
-0.0455027 -0.0557499 -0.688242 -0.0824933 -0.0734776 -0.669804 -0.0516737 -0.081297 -0.670339 
-0.0886643 -0.0990248 -0.6519 
POLYGONS 6613 19836
OFFSETS vtktypeint64
0 3 6 9 12 15 18 21 24 
27 30 33 36 39 42 45 48 51 
54 57 60 63 66 69 72 75 78 
81 84 87 90 93 96 99 102 105 
108 111 114 117 120 123 126 129 132 
135 138 141 144 147 150 153 156 159 
162 165 168 171 174 177 180 183 186 
189 192 195 198 201 204 207 210 213 
216 219 222 225 228 231 234 237 240 
243 246 249 252 255 258 261 264 267 
270 273 276 279 282 285 288 291 294 
297 300 303 306 309 312 315 318 321 
324 327 330 333 336 339 342 345 348 
351 354 357 360 363 366 369 372 375 
378 381 384 387 390 393 396 399 402 
405 408 411 414 417 420 423 426 429 
432 435 438 441 444 447 450 453 456 
459 462 465 468 471 474 477 480 483 
486 489 492 495 498 501 504 507 510 
513 516 519 522 525 528 531 534 537 
540 543 546 549 552 555 558 561 564 
567 570 573 576 579 582 585 588 591 
594 597 600 603 606 609 612 615 618 
621 624 627 630 633 636 639 642 645 
648 651 654 657 660 663 666 669 672 
675 678 681 684 687 690 693 696 699 
702 705 708 711 714 717 720 723 726 
729 732 735 738 741 744 747 750 753 
756 759 762 765 768 771 774 777 780 
783 786 789 792 795 798 801 804 807 
810 813 816 819 822 825 828 831 834 
837 840 843 846 849 852 855 858 861 
864 867 870 873 876 879 882 885 888 
891 894 897 900 903 906 909 912 915 
918 921 924 927 930 933 936 939 942 
945 948 951 954 957 960 963 966 969 
972 975 978 981 984 987 990 993 996 
999 1002 1005 1008 1011 1014 1017 1020 1023 
1026 1029 1032 1035 1038 1041 1044 1047 1050 
1053 1056 1059 1062 1065 1068 1071 1074 1077 
1080 1083 1086 1089 1092 1095 1098 1101 1104 
1107 1110 1113 1116 1119 1122 1125 1128 1131 
1134 1137 1140 1143 1146 1149 1152 1155 1158 
1161 1164 1167 1170 1173 1176 1179 1182 1185 
1188 1191 1194 1197 1200 1203 1206 1209 1212 
1215 1218 1221 1224 1227 1230 1233 1236 1239 
1242 1245 1248 1251 1254 1257 1260 1263 1266 
1269 1272 1275 1278 1281 1284 1287 1290 1293 
1296 1299 1302 1305 1308 1311 1314 1317 1320 
1323 1326 1329 1332 1335 1338 1341 1344 1347 
1350 1353 1356 1359 1362 1365 1368 1371 1374 
1377 1380 1383 1386 1389 1392 1395 1398 1401 
1404 1407 1410 1413 1416 1419 1422 1425 1428 
1431 1434 1437 1440 1443 1446 1449 1452 1455 
1458 1461 1464 1467 1470 1473 1476 1479 1482 
1485 1488 1491 1494 1497 1500 1503 1506 1509 
1512 1515 1518 1521 1524 1527 1530 1533 1536 
1539 1542 1545 1548 1551 1554 1557 1560 1563 
1566 1569 1572 1575 1578 1581 1584 1587 1590 
1593 1596 1599 1602 1605 1608 1611 1614 1617 
1620 1623 1626 1629 1632 1635 1638 1641 1644 
1647 1650 1653 1656 1659 1662 1665 1668 1671 
1674 1677 1680 1683 1686 1689 1692 1695 1698 
1701 1704 1707 1710 1713 1716 1719 1722 1725 
1728 1731 1734 1737 1740 1743 1746 1749 1752 
1755 1758 1761 1764 1767 1770 1773 1776 1779 
1782 1785 1788 1791 1794 1797 1800 1803 1806 
1809 1812 1815 1818 1821 1824 1827 1830 1833 
1836 1839 1842 1845 1848 1851 1854 1857 1860 
1863 1866 1869 1872 1875 1878 1881 1884 1887 
1890 1893 1896 1899 1902 1905 1908 1911 1914 
1917 1920 1923 1926 1929 1932 1935 1938 1941 
1944 1947 1950 1953 1956 1959 1962 1965 1968 
1971 1974 1977 1980 1983 1986 1989 1992 1995 
1998 2001 2004 2007 2010 2013 2016 2019 2022 
2025 2028 2031 2034 2037 2040 2043 2046 2049 
2052 2055 2058 2061 2064 2067 2070 2073 2076 
2079 2082 2085 2088 2091 2094 2097 2100 2103 
2106 2109 2112 2115 2118 2121 2124 2127 2130 
2133 2136 2139 2142 2145 2148 2151 2154 2157 
2160 2163 2166 2169 2172 2175 2178 2181 2184 
2187 2190 2193 2196 2199 2202 2205 2208 2211 
2214 2217 2220 2223 2226 2229 2232 2235 2238 
2241 2244 2247 2250 2253 2256 2259 2262 2265 
2268 2271 2274 2277 2280 2283 2286 2289 2292 
2295 2298 2301 2304 2307 2310 2313 2316 2319 
2322 2325 2328 2331 2334 2337 2340 2343 2346 
2349 2352 2355 2358 2361 2364 2367 2370 2373 
2376 2379 2382 2385 2388 2391 2394 2397 2400 
2403 2406 2409 2412 2415 2418 2421 2424 2427 
2430 2433 2436 2439 2442 2445 2448 2451 2454 
2457 2460 2463 2466 2469 2472 2475 2478 2481 
2484 2487 2490 2493 2496 2499 2502 2505 2508 
2511 2514 2517 2520 2523 2526 2529 2532 2535 
2538 2541 2544 2547 2550 2553 2556 2559 2562 
2565 2568 2571 2574 2577 2580 2583 2586 2589 
2592 2595 2598 2601 2604 2607 2610 2613 2616 
2619 2622 2625 2628 2631 2634 2637 2640 2643 
2646 2649 2652 2655 2658 2661 2664 2667 2670 
2673 2676 2679 2682 2685 2688 2691 2694 2697 
2700 2703 2706 2709 2712 2715 2718 2721 2724 
2727 2730 2733 2736 2739 2742 2745 2748 2751 
2754 2757 2760 2763 2766 2769 2772 2775 2778 
2781 2784 2787 2790 2793 2796 2799 2802 2805 
2808 2811 2814 2817 2820 2823 2826 2829 2832 
2835 2838 2841 2844 2847 2850 2853 2856 2859 
2862 2865 2868 2871 2874 2877 2880 2883 2886 
2889 2892 2895 2898 2901 2904 2907 2910 2913 
2916 2919 2922 2925 2928 2931 2934 2937 2940 
2943 2946 2949 2952 2955 2958 2961 2964 2967 
2970 2973 2976 2979 2982 2985 2988 2991 2994 
2997 3000 3003 3006 3009 3012 3015 3018 3021 
3024 3027 3030 3033 3036 3039 3042 3045 3048 
3051 3054 3057 3060 3063 3066 3069 3072 3075 
3078 3081 3084 3087 3090 3093 3096 3099 3102 
3105 3108 3111 3114 3117 3120 3123 3126 3129 
3132 3135 3138 3141 3144 3147 3150 3153 3156 
3159 3162 3165 3168 3171 3174 3177 3180 3183 
3186 3189 3192 3195 3198 3201 3204 3207 3210 
3213 3216 3219 3222 3225 3228 3231 3234 3237 
3240 3243 3246 3249 3252 3255 3258 3261 3264 
3267 3270 3273 3276 3279 3282 3285 3288 3291 
3294 3297 3300 3303 3306 3309 3312 3315 3318 
3321 3324 3327 3330 3333 3336 3339 3342 3345 
3348 3351 3354 3357 3360 3363 3366 3369 3372 
3375 3378 3381 3384 3387 3390 3393 3396 3399 
3402 3405 3408 3411 3414 3417 3420 3423 3426 
3429 3432 3435 3438 3441 3444 3447 3450 3453 
3456 3459 3462 3465 3468 3471 3474 3477 3480 
3483 3486 3489 3492 3495 3498 3501 3504 3507 
3510 3513 3516 3519 3522 3525 3528 3531 3534 
3537 3540 3543 3546 3549 3552 3555 3558 3561 
3564 3567 3570 3573 3576 3579 3582 3585 3588 
3591 3594 3597 3600 3603 3606 3609 3612 3615 
3618 3621 3624 3627 3630 3633 3636 3639 3642 
3645 3648 3651 3654 3657 3660 3663 3666 3669 
3672 3675 3678 3681 3684 3687 3690 3693 3696 
3699 3702 3705 3708 3711 3714 3717 3720 3723 
3726 3729 3732 3735 3738 3741 3744 3747 3750 
3753 3756 3759 3762 3765 3768 3771 3774 3777 
3780 3783 3786 3789 3792 3795 3798 3801 3804 
3807 3810 3813 3816 3819 3822 3825 3828 3831 
3834 3837 3840 3843 3846 3849 3852 3855 3858 
3861 3864 3867 3870 3873 3876 3879 3882 3885 
3888 3891 3894 3897 3900 3903 3906 3909 3912 
3915 3918 3921 3924 3927 3930 3933 3936 3939 
3942 3945 3948 3951 3954 3957 3960 3963 3966 
3969 3972 3975 3978 3981 3984 3987 3990 3993 
3996 3999 4002 4005 4008 4011 4014 4017 4020 
4023 4026 4029 4032 4035 4038 4041 4044 4047 
4050 4053 4056 4059 4062 4065 4068 4071 4074 
4077 4080 4083 4086 4089 4092 4095 4098 4101 
4104 4107 4110 4113 4116 4119 4122 4125 4128 
4131 4134 4137 4140 4143 4146 4149 4152 4155 
4158 4161 4164 4167 4170 4173 4176 4179 4182 
4185 4188 4191 4194 4197 4200 4203 4206 4209 
4212 4215 4218 4221 4224 4227 4230 4233 4236 
4239 4242 4245 4248 4251 4254 4257 4260 4263 
4266 4269 4272 4275 4278 4281 4284 4287 4290 
4293 4296 4299 4302 4305 4308 4311 4314 4317 
4320 4323 4326 4329 4332 4335 4338 4341 4344 
4347 4350 4353 4356 4359 4362 4365 4368 4371 
4374 4377 4380 4383 4386 4389 4392 4395 4398 
4401 4404 4407 4410 4413 4416 4419 4422 4425 
4428 4431 4434 4437 4440 4443 4446 4449 4452 
4455 4458 4461 4464 4467 4470 4473 4476 4479 
4482 4485 4488 4491 4494 4497 4500 4503 4506 
4509 4512 4515 4518 4521 4524 4527 4530 4533 
4536 4539 4542 4545 4548 4551 4554 4557 4560 
4563 4566 4569 4572 4575 4578 4581 4584 4587 
4590 4593 4596 4599 4602 4605 4608 4611 4614 
4617 4620 4623 4626 4629 4632 4635 4638 4641 
4644 4647 4650 4653 4656 4659 4662 4665 4668 
4671 4674 4677 4680 4683 4686 4689 4692 4695 
4698 4701 4704 4707 4710 4713 4716 4719 4722 
4725 4728 4731 4734 4737 4740 4743 4746 4749 
4752 4755 4758 4761 4764 4767 4770 4773 4776 
4779 4782 4785 4788 4791 4794 4797 4800 4803 
4806 4809 4812 4815 4818 4821 4824 4827 4830 
4833 4836 4839 4842 4845 4848 4851 4854 4857 
4860 4863 4866 4869 4872 4875 4878 4881 4884 
4887 4890 4893 4896 4899 4902 4905 4908 4911 
4914 4917 4920 4923 4926 4929 4932 4935 4938 
4941 4944 4947 4950 4953 4956 4959 4962 4965 
4968 4971 4974 4977 4980 4983 4986 4989 4992 
4995 4998 5001 5004 5007 5010 5013 5016 5019 
5022 5025 5028 5031 5034 5037 5040 5043 5046 
5049 5052 5055 5058 5061 5064 5067 5070 5073 
5076 5079 5082 5085 5088 5091 5094 5097 5100 
5103 5106 5109 5112 5115 5118 5121 5124 5127 
5130 5133 5136 5139 5142 5145 5148 5151 5154 
5157 5160 5163 5166 5169 5172 5175 5178 5181 
5184 5187 5190 5193 5196 5199 5202 5205 5208 
5211 5214 5217 5220 5223 5226 5229 5232 5235 
5238 5241 5244 5247 5250 5253 5256 5259 5262 
5265 5268 5271 5274 5277 5280 5283 5286 5289 
5292 5295 5298 5301 5304 5307 5310 5313 5316 
5319 5322 5325 5328 5331 5334 5337 5340 5343 
5346 5349 5352 5355 5358 5361 5364 5367 5370 
5373 5376 5379 5382 5385 5388 5391 5394 5397 
5400 5403 5406 5409 5412 5415 5418 5421 5424 
5427 5430 5433 5436 5439 5442 5445 5448 5451 
5454 5457 5460 5463 5466 5469 5472 5475 5478 
5481 5484 5487 5490 5493 5496 5499 5502 5505 
5508 5511 5514 5517 5520 5523 5526 5529 5532 
5535 5538 5541 5544 5547 5550 5553 5556 5559 
5562 5565 5568 5571 5574 5577 5580 5583 5586 
5589 5592 5595 5598 5601 5604 5607 5610 5613 
5616 5619 5622 5625 5628 5631 5634 5637 5640 
5643 5646 5649 5652 5655 5658 5661 5664 5667 
5670 5673 5676 5679 5682 5685 5688 5691 5694 
5697 5700 5703 5706 5709 5712 5715 5718 5721 
5724 5727 5730 5733 5736 5739 5742 5745 5748 
5751 5754 5757 5760 5763 5766 5769 5772 5775 
5778 5781 5784 5787 5790 5793 5796 5799 5802 
5805 5808 5811 5814 5817 5820 5823 5826 5829 
5832 5835 5838 5841 5844 5847 5850 5853 5856 
5859 5862 5865 5868 5871 5874 5877 5880 5883 
5886 5889 5892 5895 5898 5901 5904 5907 5910 
5913 5916 5919 5922 5925 5928 5931 5934 5937 
5940 5943 5946 5949 5952 5955 5958 5961 5964 
5967 5970 5973 5976 5979 5982 5985 5988 5991 
5994 5997 6000 6003 6006 6009 6012 6015 6018 
6021 6024 6027 6030 6033 6036 6039 6042 6045 
6048 6051 6054 6057 6060 6063 6066 6069 6072 
6075 6078 6081 6084 6087 6090 6093 6096 6099 
6102 6105 6108 6111 6114 6117 6120 6123 6126 
6129 6132 6135 6138 6141 6144 6147 6150 6153 
6156 6159 6162 6165 6168 6171 6174 6177 6180 
6183 6186 6189 6192 6195 6198 6201 6204 6207 
6210 6213 6216 6219 6222 6225 6228 6231 6234 
6237 6240 6243 6246 6249 6252 6255 6258 6261 
6264 6267 6270 6273 6276 6279 6282 6285 6288 
6291 6294 6297 6300 6303 6306 6309 6312 6315 
6318 6321 6324 6327 6330 6333 6336 6339 6342 
6345 6348 6351 6354 6357 6360 6363 6366 6369 
6372 6375 6378 6381 6384 6387 6390 6393 6396 
6399 6402 6405 6408 6411 6414 6417 6420 6423 
6426 6429 6432 6435 6438 6441 6444 6447 6450 
6453 6456 6459 6462 6465 6468 6471 6474 6477 
6480 6483 6486 6489 6492 6495 6498 6501 6504 
6507 6510 6513 6516 6519 6522 6525 6528 6531 
6534 6537 6540 6543 6546 6549 6552 6555 6558 
6561 6564 6567 6570 6573 6576 6579 6582 6585 
6588 6591 6594 6597 6600 6603 6606 6609 6612 
6615 6618 6621 6624 6627 6630 6633 6636 6639 
6642 6645 6648 6651 6654 6657 6660 6663 6666 
6669 6672 6675 6678 6681 6684 6687 6690 6693 
6696 6699 6702 6705 6708 6711 6714 6717 6720 
6723 6726 6729 6732 6735 6738 6741 6744 6747 
6750 6753 6756 6759 6762 6765 6768 6771 6774 
6777 6780 6783 6786 6789 6792 6795 6798 6801 
6804 6807 6810 6813 6816 6819 6822 6825 6828 
6831 6834 6837 6840 6843 6846 6849 6852 6855 
6858 6861 6864 6867 6870 6873 6876 6879 6882 
6885 6888 6891 6894 6897 6900 6903 6906 6909 
6912 6915 6918 6921 6924 6927 6930 6933 6936 
6939 6942 6945 6948 6951 6954 6957 6960 6963 
6966 6969 6972 6975 6978 6981 6984 6987 6990 
6993 6996 6999 7002 7005 7008 7011 7014 7017 
7020 7023 7026 7029 7032 7035 7038 7041 7044 
7047 7050 7053 7056 7059 7062 7065 7068 7071 
7074 7077 7080 7083 7086 7089 7092 7095 7098 
7101 7104 7107 7110 7113 7116 7119 7122 7125 
7128 7131 7134 7137 7140 7143 7146 7149 7152 
7155 7158 7161 7164 7167 7170 7173 7176 7179 
7182 7185 7188 7191 7194 7197 7200 7203 7206 
7209 7212 7215 7218 7221 7224 7227 7230 7233 
7236 7239 7242 7245 7248 7251 7254 7257 7260 
7263 7266 7269 7272 7275 7278 7281 7284 7287 
7290 7293 7296 7299 7302 7305 7308 7311 7314 
7317 7320 7323 7326 7329 7332 7335 7338 7341 
7344 7347 7350 7353 7356 7359 7362 7365 7368 
7371 7374 7377 7380 7383 7386 7389 7392 7395 
7398 7401 7404 7407 7410 7413 7416 7419 7422 
7425 7428 7431 7434 7437 7440 7443 7446 7449 
7452 7455 7458 7461 7464 7467 7470 7473 7476 
7479 7482 7485 7488 7491 7494 7497 7500 7503 
7506 7509 7512 7515 7518 7521 7524 7527 7530 
7533 7536 7539 7542 7545 7548 7551 7554 7557 
7560 7563 7566 7569 7572 7575 7578 7581 7584 
7587 7590 7593 7596 7599 7602 7605 7608 7611 
7614 7617 7620 7623 7626 7629 7632 7635 7638 
7641 7644 7647 7650 7653 7656 7659 7662 7665 
7668 7671 7674 7677 7680 7683 7686 7689 7692 
7695 7698 7701 7704 7707 7710 7713 7716 7719 
7722 7725 7728 7731 7734 7737 7740 7743 7746 
7749 7752 7755 7758 7761 7764 7767 7770 7773 
7776 7779 7782 7785 7788 7791 7794 7797 7800 
7803 7806 7809 7812 7815 7818 7821 7824 7827 
7830 7833 7836 7839 7842 7845 7848 7851 7854 
7857 7860 7863 7866 7869 7872 7875 7878 7881 
7884 7887 7890 7893 7896 7899 7902 7905 7908 
7911 7914 7917 7920 7923 7926 7929 7932 7935 
7938 7941 7944 7947 7950 7953 7956 7959 7962 
7965 7968 7971 7974 7977 7980 7983 7986 7989 
7992 7995 7998 8001 8004 8007 8010 8013 8016 
8019 8022 8025 8028 8031 8034 8037 8040 8043 
8046 8049 8052 8055 8058 8061 8064 8067 8070 
8073 8076 8079 8082 8085 8088 8091 8094 8097 
8100 8103 8106 8109 8112 8115 8118 8121 8124 
8127 8130 8133 8136 8139 8142 8145 8148 8151 
8154 8157 8160 8163 8166 8169 8172 8175 8178 
8181 8184 8187 8190 8193 8196 8199 8202 8205 
8208 8211 8214 8217 8220 8223 8226 8229 8232 
8235 8238 8241 8244 8247 8250 8253 8256 8259 
8262 8265 8268 8271 8274 8277 8280 8283 8286 
8289 8292 8295 8298 8301 8304 8307 8310 8313 
8316 8319 8322 8325 8328 8331 8334 8337 8340 
8343 8346 8349 8352 8355 8358 8361 8364 8367 
8370 8373 8376 8379 8382 8385 8388 8391 8394 
8397 8400 8403 8406 8409 8412 8415 8418 8421 
8424 8427 8430 8433 8436 8439 8442 8445 8448 
8451 8454 8457 8460 8463 8466 8469 8472 8475 
8478 8481 8484 8487 8490 8493 8496 8499 8502 
8505 8508 8511 8514 8517 8520 8523 8526 8529 
8532 8535 8538 8541 8544 8547 8550 8553 8556 
8559 8562 8565 8568 8571 8574 8577 8580 8583 
8586 8589 8592 8595 8598 8601 8604 8607 8610 
8613 8616 8619 8622 8625 8628 8631 8634 8637 
8640 8643 8646 8649 8652 8655 8658 8661 8664 
8667 8670 8673 8676 8679 8682 8685 8688 8691 
8694 8697 8700 8703 8706 8709 8712 8715 8718 
8721 8724 8727 8730 8733 8736 8739 8742 8745 
8748 8751 8754 8757 8760 8763 8766 8769 8772 
8775 8778 8781 8784 8787 8790 8793 8796 8799 
8802 8805 8808 8811 8814 8817 8820 8823 8826 
8829 8832 8835 8838 8841 8844 8847 8850 8853 
8856 8859 8862 8865 8868 8871 8874 8877 8880 
8883 8886 8889 8892 8895 8898 8901 8904 8907 
8910 8913 8916 8919 8922 8925 8928 8931 8934 
8937 8940 8943 8946 8949 8952 8955 8958 8961 
8964 8967 8970 8973 8976 8979 8982 8985 8988 
8991 8994 8997 9000 9003 9006 9009 9012 9015 
9018 9021 9024 9027 9030 9033 9036 9039 9042 
9045 9048 9051 9054 9057 9060 9063 9066 9069 
9072 9075 9078 9081 9084 9087 9090 9093 9096 
9099 9102 9105 9108 9111 9114 9117 9120 9123 
9126 9129 9132 9135 9138 9141 9144 9147 9150 
9153 9156 9159 9162 9165 9168 9171 9174 9177 
9180 9183 9186 9189 9192 9195 9198 9201 9204 
9207 9210 9213 9216 9219 9222 9225 9228 9231 
9234 9237 9240 9243 9246 9249 9252 9255 9258 
9261 9264 9267 9270 9273 9276 9279 9282 9285 
9288 9291 9294 9297 9300 9303 9306 9309 9312 
9315 9318 9321 9324 9327 9330 9333 9336 9339 
9342 9345 9348 9351 9354 9357 9360 9363 9366 
9369 9372 9375 9378 9381 9384 9387 9390 9393 
9396 9399 9402 9405 9408 9411 9414 9417 9420 
9423 9426 9429 9432 9435 9438 9441 9444 9447 
9450 9453 9456 9459 9462 9465 9468 9471 9474 
9477 9480 9483 9486 9489 9492 9495 9498 9501 
9504 9507 9510 9513 9516 9519 9522 9525 9528 
9531 9534 9537 9540 9543 9546 9549 9552 9555 
9558 9561 9564 9567 9570 9573 9576 9579 9582 
9585 9588 9591 9594 9597 9600 9603 9606 9609 
9612 9615 9618 9621 9624 9627 9630 9633 9636 
9639 9642 9645 9648 9651 9654 9657 9660 9663 
9666 9669 9672 9675 9678 9681 9684 9687 9690 
9693 9696 9699 9702 9705 9708 9711 9714 9717 
9720 9723 9726 9729 9732 9735 9738 9741 9744 
9747 9750 9753 9756 9759 9762 9765 9768 9771 
9774 9777 9780 9783 9786 9789 9792 9795 9798 
9801 9804 9807 9810 9813 9816 9819 9822 9825 
9828 9831 9834 9837 9840 9843 9846 9849 9852 
9855 9858 9861 9864 9867 9870 9873 9876 9879 
9882 9885 9888 9891 9894 9897 9900 9903 9906 
9909 9912 9915 9918 9921 9924 9927 9930 9933 
9936 9939 9942 9945 9948 9951 9954 9957 9960 
9963 9966 9969 9972 9975 9978 9981 9984 9987 
9990 9993 9996 9999 10002 10005 10008 10011 10014 
10017 10020 10023 10026 10029 10032 10035 10038 10041 
10044 10047 10050 10053 10056 10059 10062 10065 10068 
10071 10074 10077 10080 10083 10086 10089 10092 10095 
10098 10101 10104 10107 10110 10113 10116 10119 10122 
10125 10128 10131 10134 10137 10140 10143 10146 10149 
10152 10155 10158 10161 10164 10167 10170 10173 10176 
10179 10182 10185 10188 10191 10194 10197 10200 10203 
10206 10209 10212 10215 10218 10221 10224 10227 10230 
10233 10236 10239 10242 10245 10248 10251 10254 10257 
10260 10263 10266 10269 10272 10275 10278 10281 10284 
10287 10290 10293 10296 10299 10302 10305 10308 10311 
10314 10317 10320 10323 10326 10329 10332 10335 10338 
10341 10344 10347 10350 10353 10356 10359 10362 10365 
10368 10371 10374 10377 10380 10383 10386 10389 10392 
10395 10398 10401 10404 10407 10410 10413 10416 10419 
10422 10425 10428 10431 10434 10437 10440 10443 10446 
10449 10452 10455 10458 10461 10464 10467 10470 10473 
10476 10479 10482 10485 10488 10491 10494 10497 10500 
10503 10506 10509 10512 10515 10518 10521 10524 10527 
10530 10533 10536 10539 10542 10545 10548 10551 10554 
10557 10560 10563 10566 10569 10572 10575 10578 10581 
10584 10587 10590 10593 10596 10599 10602 10605 10608 
10611 10614 10617 10620 10623 10626 10629 10632 10635 
10638 10641 10644 10647 10650 10653 10656 10659 10662 
10665 10668 10671 10674 10677 10680 10683 10686 10689 
10692 10695 10698 10701 10704 10707 10710 10713 10716 
10719 10722 10725 10728 10731 10734 10737 10740 10743 
10746 10749 10752 10755 10758 10761 10764 10767 10770 
10773 10776 10779 10782 10785 10788 10791 10794 10797 
10800 10803 10806 10809 10812 10815 10818 10821 10824 
10827 10830 10833 10836 10839 10842 10845 10848 10851 
10854 10857 10860 10863 10866 10869 10872 10875 10878 
10881 10884 10887 10890 10893 10896 10899 10902 10905 
10908 10911 10914 10917 10920 10923 10926 10929 10932 
10935 10938 10941 10944 10947 10950 10953 10956 10959 
10962 10965 10968 10971 10974 10977 10980 10983 10986 
10989 10992 10995 10998 11001 11004 11007 11010 11013 
11016 11019 11022 11025 11028 11031 11034 11037 11040 
11043 11046 11049 11052 11055 11058 11061 11064 11067 
11070 11073 11076 11079 11082 11085 11088 11091 11094 
11097 11100 11103 11106 11109 11112 11115 11118 11121 
11124 11127 11130 11133 11136 11139 11142 11145 11148 
11151 11154 11157 11160 11163 11166 11169 11172 11175 
11178 11181 11184 11187 11190 11193 11196 11199 11202 
11205 11208 11211 11214 11217 11220 11223 11226 11229 
11232 11235 11238 11241 11244 11247 11250 11253 11256 
11259 11262 11265 11268 11271 11274 11277 11280 11283 
11286 11289 11292 11295 11298 11301 11304 11307 11310 
11313 11316 11319 11322 11325 11328 11331 11334 11337 
11340 11343 11346 11349 11352 11355 11358 11361 11364 
11367 11370 11373 11376 11379 11382 11385 11388 11391 
11394 11397 11400 11403 11406 11409 11412 11415 11418 
11421 11424 11427 11430 11433 11436 11439 11442 11445 
11448 11451 11454 11457 11460 11463 11466 11469 11472 
11475 11478 11481 11484 11487 11490 11493 11496 11499 
11502 11505 11508 11511 11514 11517 11520 11523 11526 
11529 11532 11535 11538 11541 11544 11547 11550 11553 
11556 11559 11562 11565 11568 11571 11574 11577 11580 
11583 11586 11589 11592 11595 11598 11601 11604 11607 
11610 11613 11616 11619 11622 11625 11628 11631 11634 
11637 11640 11643 11646 11649 11652 11655 11658 11661 
11664 11667 11670 11673 11676 11679 11682 11685 11688 
11691 11694 11697 11700 11703 11706 11709 11712 11715 
11718 11721 11724 11727 11730 11733 11736 11739 11742 
11745 11748 11751 11754 11757 11760 11763 11766 11769 
11772 11775 11778 11781 11784 11787 11790 11793 11796 
11799 11802 11805 11808 11811 11814 11817 11820 11823 
11826 11829 11832 11835 11838 11841 11844 11847 11850 
11853 11856 11859 11862 11865 11868 11871 11874 11877 
11880 11883 11886 11889 11892 11895 11898 11901 11904 
11907 11910 11913 11916 11919 11922 11925 11928 11931 
11934 11937 11940 11943 11946 11949 11952 11955 11958 
11961 11964 11967 11970 11973 11976 11979 11982 11985 
11988 11991 11994 11997 12000 12003 12006 12009 12012 
12015 12018 12021 12024 12027 12030 12033 12036 12039 
12042 12045 12048 12051 12054 12057 12060 12063 12066 
12069 12072 12075 12078 12081 12084 12087 12090 12093 
12096 12099 12102 12105 12108 12111 12114 12117 12120 
12123 12126 12129 12132 12135 12138 12141 12144 12147 
12150 12153 12156 12159 12162 12165 12168 12171 12174 
12177 12180 12183 12186 12189 12192 12195 12198 12201 
12204 12207 12210 12213 12216 12219 12222 12225 12228 
12231 12234 12237 12240 12243 12246 12249 12252 12255 
12258 12261 12264 12267 12270 12273 12276 12279 12282 
12285 12288 12291 12294 12297 12300 12303 12306 12309 
12312 12315 12318 12321 12324 12327 12330 12333 12336 
12339 12342 12345 12348 12351 12354 12357 12360 12363 
12366 12369 12372 12375 12378 12381 12384 12387 12390 
12393 12396 12399 12402 12405 12408 12411 12414 12417 
12420 12423 12426 12429 12432 12435 12438 12441 12444 
12447 12450 12453 12456 12459 12462 12465 12468 12471 
12474 12477 12480 12483 12486 12489 12492 12495 12498 
12501 12504 12507 12510 12513 12516 12519 12522 12525 
12528 12531 12534 12537 12540 12543 12546 12549 12552 
12555 12558 12561 12564 12567 12570 12573 12576 12579 
12582 12585 12588 12591 12594 12597 12600 12603 12606 
12609 12612 12615 12618 12621 12624 12627 12630 12633 
12636 12639 12642 12645 12648 12651 12654 12657 12660 
12663 12666 12669 12672 12675 12678 12681 12684 12687 
12690 12693 12696 12699 12702 12705 12708 12711 12714 
12717 12720 12723 12726 12729 12732 12735 12738 12741 
12744 12747 12750 12753 12756 12759 12762 12765 12768 
12771 12774 12777 12780 12783 12786 12789 12792 12795 
12798 12801 12804 12807 12810 12813 12816 12819 12822 
12825 12828 12831 12834 12837 12840 12843 12846 12849 
12852 12855 12858 12861 12864 12867 12870 12873 12876 
12879 12882 12885 12888 12891 12894 12897 12900 12903 
12906 12909 12912 12915 12918 12921 12924 12927 12930 
12933 12936 12939 12942 12945 12948 12951 12954 12957 
12960 12963 12966 12969 12972 12975 12978 12981 12984 
12987 12990 12993 12996 12999 13002 13005 13008 13011 
13014 13017 13020 13023 13026 13029 13032 13035 13038 
13041 13044 13047 13050 13053 13056 13059 13062 13065 
13068 13071 13074 13077 13080 13083 13086 13089 13092 
13095 13098 13101 13104 13107 13110 13113 13116 13119 
13122 13125 13128 13131 13134 13137 13140 13143 13146 
13149 13152 13155 13158 13161 13164 13167 13170 13173 
13176 13179 13182 13185 13188 13191 13194 13197 13200 
13203 13206 13209 13212 13215 13218 13221 13224 13227 
13230 13233 13236 13239 13242 13245 13248 13251 13254 
13257 13260 13263 13266 13269 13272 13275 13278 13281 
13284 13287 13290 13293 13296 13299 13302 13305 13308 
13311 13314 13317 13320 13323 13326 13329 13332 13335 
13338 13341 13344 13347 13350 13353 13356 13359 13362 
13365 13368 13371 13374 13377 13380 13383 13386 13389 
13392 13395 13398 13401 13404 13407 13410 13413 13416 
13419 13422 13425 13428 13431 13434 13437 13440 13443 
13446 13449 13452 13455 13458 13461 13464 13467 13470 
13473 13476 13479 13482 13485 13488 13491 13494 13497 
13500 13503 13506 13509 13512 13515 13518 13521 13524 
13527 13530 13533 13536 13539 13542 13545 13548 13551 
13554 13557 13560 13563 13566 13569 13572 13575 13578 
13581 13584 13587 13590 13593 13596 13599 13602 13605 
13608 13611 13614 13617 13620 13623 13626 13629 13632 
13635 13638 13641 13644 13647 13650 13653 13656 13659 
13662 13665 13668 13671 13674 13677 13680 13683 13686 
13689 13692 13695 13698 13701 13704 13707 13710 13713 
13716 13719 13722 13725 13728 13731 13734 13737 13740 
13743 13746 13749 13752 13755 13758 13761 13764 13767 
13770 13773 13776 13779 13782 13785 13788 13791 13794 
13797 13800 13803 13806 13809 13812 13815 13818 13821 
13824 13827 13830 13833 13836 13839 13842 13845 13848 
13851 13854 13857 13860 13863 13866 13869 13872 13875 
13878 13881 13884 13887 13890 13893 13896 13899 13902 
13905 13908 13911 13914 13917 13920 13923 13926 13929 
13932 13935 13938 13941 13944 13947 13950 13953 13956 
13959 13962 13965 13968 13971 13974 13977 13980 13983 
13986 13989 13992 13995 13998 14001 14004 14007 14010 
14013 14016 14019 14022 14025 14028 14031 14034 14037 
14040 14043 14046 14049 14052 14055 14058 14061 14064 
14067 14070 14073 14076 14079 14082 14085 14088 14091 
14094 14097 14100 14103 14106 14109 14112 14115 14118 
14121 14124 14127 14130 14133 14136 14139 14142 14145 
14148 14151 14154 14157 14160 14163 14166 14169 14172 
14175 14178 14181 14184 14187 14190 14193 14196 14199 
14202 14205 14208 14211 14214 14217 14220 14223 14226 
14229 14232 14235 14238 14241 14244 14247 14250 14253 
14256 14259 14262 14265 14268 14271 14274 14277 14280 
14283 14286 14289 14292 14295 14298 14301 14304 14307 
14310 14313 14316 14319 14322 14325 14328 14331 14334 
14337 14340 14343 14346 14349 14352 14355 14358 14361 
14364 14367 14370 14373 14376 14379 14382 14385 14388 
14391 14394 14397 14400 14403 14406 14409 14412 14415 
14418 14421 14424 14427 14430 14433 14436 14439 14442 
14445 14448 14451 14454 14457 14460 14463 14466 14469 
14472 14475 14478 14481 14484 14487 14490 14493 14496 
14499 14502 14505 14508 14511 14514 14517 14520 14523 
14526 14529 14532 14535 14538 14541 14544 14547 14550 
14553 14556 14559 14562 14565 14568 14571 14574 14577 
14580 14583 14586 14589 14592 14595 14598 14601 14604 
14607 14610 14613 14616 14619 14622 14625 14628 14631 
14634 14637 14640 14643 14646 14649 14652 14655 14658 
14661 14664 14667 14670 14673 14676 14679 14682 14685 
14688 14691 14694 14697 14700 14703 14706 14709 14712 
14715 14718 14721 14724 14727 14730 14733 14736 14739 
14742 14745 14748 14751 14754 14757 14760 14763 14766 
14769 14772 14775 14778 14781 14784 14787 14790 14793 
14796 14799 14802 14805 14808 14811 14814 14817 14820 
14823 14826 14829 14832 14835 14838 14841 14844 14847 
14850 14853 14856 14859 14862 14865 14868 14871 14874 
14877 14880 14883 14886 14889 14892 14895 14898 14901 
14904 14907 14910 14913 14916 14919 14922 14925 14928 
14931 14934 14937 14940 14943 14946 14949 14952 14955 
14958 14961 14964 14967 14970 14973 14976 14979 14982 
14985 14988 14991 14994 14997 15000 15003 15006 15009 
15012 15015 15018 15021 15024 15027 15030 15033 15036 
15039 15042 15045 15048 15051 15054 15057 15060 15063 
15066 15069 15072 15075 15078 15081 15084 15087 15090 
15093 15096 15099 15102 15105 15108 15111 15114 15117 
15120 15123 15126 15129 15132 15135 15138 15141 15144 
15147 15150 15153 15156 15159 15162 15165 15168 15171 
15174 15177 15180 15183 15186 15189 15192 15195 15198 
15201 15204 15207 15210 15213 15216 15219 15222 15225 
15228 15231 15234 15237 15240 15243 15246 15249 15252 
15255 15258 15261 15264 15267 15270 15273 15276 15279 
15282 15285 15288 15291 15294 15297 15300 15303 15306 
15309 15312 15315 15318 15321 15324 15327 15330 15333 
15336 15339 15342 15345 15348 15351 15354 15357 15360 
15363 15366 15369 15372 15375 15378 15381 15384 15387 
15390 15393 15396 15399 15402 15405 15408 15411 15414 
15417 15420 15423 15426 15429 15432 15435 15438 15441 
15444 15447 15450 15453 15456 15459 15462 15465 15468 
15471 15474 15477 15480 15483 15486 15489 15492 15495 
15498 15501 15504 15507 15510 15513 15516 15519 15522 
15525 15528 15531 15534 15537 15540 15543 15546 15549 
15552 15555 15558 15561 15564 15567 15570 15573 15576 
15579 15582 15585 15588 15591 15594 15597 15600 15603 
15606 15609 15612 15615 15618 15621 15624 15627 15630 
15633 15636 15639 15642 15645 15648 15651 15654 15657 
15660 15663 15666 15669 15672 15675 15678 15681 15684 
15687 15690 15693 15696 15699 15702 15705 15708 15711 
15714 15717 15720 15723 15726 15729 15732 15735 15738 
15741 15744 15747 15750 15753 15756 15759 15762 15765 
15768 15771 15774 15777 15780 15783 15786 15789 15792 
15795 15798 15801 15804 15807 15810 15813 15816 15819 
15822 15825 15828 15831 15834 15837 15840 15843 15846 
15849 15852 15855 15858 15861 15864 15867 15870 15873 
15876 15879 15882 15885 15888 15891 15894 15897 15900 
15903 15906 15909 15912 15915 15918 15921 15924 15927 
15930 15933 15936 15939 15942 15945 15948 15951 15954 
15957 15960 15963 15966 15969 15972 15975 15978 15981 
15984 15987 15990 15993 15996 15999 16002 16005 16008 
16011 16014 16017 16020 16023 16026 16029 16032 16035 
16038 16041 16044 16047 16050 16053 16056 16059 16062 
16065 16068 16071 16074 16077 16080 16083 16086 16089 
16092 16095 16098 16101 16104 16107 16110 16113 16116 
16119 16122 16125 16128 16131 16134 16137 16140 16143 
16146 16149 16152 16155 16158 16161 16164 16167 16170 
16173 16176 16179 16182 16185 16188 16191 16194 16197 
16200 16203 16206 16209 16212 16215 16218 16221 16224 
16227 16230 16233 16236 16239 16242 16245 16248 16251 
16254 16257 16260 16263 16266 16269 16272 16275 16278 
16281 16284 16287 16290 16293 16296 16299 16302 16305 
16308 16311 16314 16317 16320 16323 16326 16329 16332 
16335 16338 16341 16344 16347 16350 16353 16356 16359 
16362 16365 16368 16371 16374 16377 16380 16383 16386 
16389 16392 16395 16398 16401 16404 16407 16410 16413 
16416 16419 16422 16425 16428 16431 16434 16437 16440 
16443 16446 16449 16452 16455 16458 16461 16464 16467 
16470 16473 16476 16479 16482 16485 16488 16491 16494 
16497 16500 16503 16506 16509 16512 16515 16518 16521 
16524 16527 16530 16533 16536 16539 16542 16545 16548 
16551 16554 16557 16560 16563 16566 16569 16572 16575 
16578 16581 16584 16587 16590 16593 16596 16599 16602 
16605 16608 16611 16614 16617 16620 16623 16626 16629 
16632 16635 16638 16641 16644 16647 16650 16653 16656 
16659 16662 16665 16668 16671 16674 16677 16680 16683 
16686 16689 16692 16695 16698 16701 16704 16707 16710 
16713 16716 16719 16722 16725 16728 16731 16734 16737 
16740 16743 16746 16749 16752 16755 16758 16761 16764 
16767 16770 16773 16776 16779 16782 16785 16788 16791 
16794 16797 16800 16803 16806 16809 16812 16815 16818 
16821 16824 16827 16830 16833 16836 16839 16842 16845 
16848 16851 16854 16857 16860 16863 16866 16869 16872 
16875 16878 16881 16884 16887 16890 16893 16896 16899 
16902 16905 16908 16911 16914 16917 16920 16923 16926 
16929 16932 16935 16938 16941 16944 16947 16950 16953 
16956 16959 16962 16965 16968 16971 16974 16977 16980 
16983 16986 16989 16992 16995 16998 17001 17004 17007 
17010 17013 17016 17019 17022 17025 17028 17031 17034 
17037 17040 17043 17046 17049 17052 17055 17058 17061 
17064 17067 17070 17073 17076 17079 17082 17085 17088 
17091 17094 17097 17100 17103 17106 17109 17112 17115 
17118 17121 17124 17127 17130 17133 17136 17139 17142 
17145 17148 17151 17154 17157 17160 17163 17166 17169 
17172 17175 17178 17181 17184 17187 17190 17193 17196 
17199 17202 17205 17208 17211 17214 17217 17220 17223 
17226 17229 17232 17235 17238 17241 17244 17247 17250 
17253 17256 17259 17262 17265 17268 17271 17274 17277 
17280 17283 17286 17289 17292 17295 17298 17301 17304 
17307 17310 17313 17316 17319 17322 17325 17328 17331 
17334 17337 17340 17343 17346 17349 17352 17355 17358 
17361 17364 17367 17370 17373 17376 17379 17382 17385 
17388 17391 17394 17397 17400 17403 17406 17409 17412 
17415 17418 17421 17424 17427 17430 17433 17436 17439 
17442 17445 17448 17451 17454 17457 17460 17463 17466 
17469 17472 17475 17478 17481 17484 17487 17490 17493 
17496 17499 17502 17505 17508 17511 17514 17517 17520 
17523 17526 17529 17532 17535 17538 17541 17544 17547 
17550 17553 17556 17559 17562 17565 17568 17571 17574 
17577 17580 17583 17586 17589 17592 17595 17598 17601 
17604 17607 17610 17613 17616 17619 17622 17625 17628 
17631 17634 17637 17640 17643 17646 17649 17652 17655 
17658 17661 17664 17667 17670 17673 17676 17679 17682 
17685 17688 17691 17694 17697 17700 17703 17706 17709 
17712 17715 17718 17721 17724 17727 17730 17733 17736 
17739 17742 17745 17748 17751 17754 17757 17760 17763 
17766 17769 17772 17775 17778 17781 17784 17787 17790 
17793 17796 17799 17802 17805 17808 17811 17814 17817 
17820 17823 17826 17829 17832 17835 17838 17841 17844 
17847 17850 17853 17856 17859 17862 17865 17868 17871 
17874 17877 17880 17883 17886 17889 17892 17895 17898 
17901 17904 17907 17910 17913 17916 17919 17922 17925 
17928 17931 17934 17937 17940 17943 17946 17949 17952 
17955 17958 17961 17964 17967 17970 17973 17976 17979 
17982 17985 17988 17991 17994 17997 18000 18003 18006 
18009 18012 18015 18018 18021 18024 18027 18030 18033 
18036 18039 18042 18045 18048 18051 18054 18057 18060 
18063 18066 18069 18072 18075 18078 18081 18084 18087 
18090 18093 18096 18099 18102 18105 18108 18111 18114 
18117 18120 18123 18126 18129 18132 18135 18138 18141 
18144 18147 18150 18153 18156 18159 18162 18165 18168 
18171 18174 18177 18180 18183 18186 18189 18192 18195 
18198 18201 18204 18207 18210 18213 18216 18219 18222 
18225 18228 18231 18234 18237 18240 18243 18246 18249 
18252 18255 18258 18261 18264 18267 18270 18273 18276 
18279 18282 18285 18288 18291 18294 18297 18300 18303 
18306 18309 18312 18315 18318 18321 18324 18327 18330 
18333 18336 18339 18342 18345 18348 18351 18354 18357 
18360 18363 18366 18369 18372 18375 18378 18381 18384 
18387 18390 18393 18396 18399 18402 18405 18408 18411 
18414 18417 18420 18423 18426 18429 18432 18435 18438 
18441 18444 18447 18450 18453 18456 18459 18462 18465 
18468 18471 18474 18477 18480 18483 18486 18489 18492 
18495 18498 18501 18504 18507 18510 18513 18516 18519 
18522 18525 18528 18531 18534 18537 18540 18543 18546 
18549 18552 18555 18558 18561 18564 18567 18570 18573 
18576 18579 18582 18585 18588 18591 18594 18597 18600 
18603 18606 18609 18612 18615 18618 18621 18624 18627 
18630 18633 18636 18639 18642 18645 18648 18651 18654 
18657 18660 18663 18666 18669 18672 18675 18678 18681 
18684 18687 18690 18693 18696 18699 18702 18705 18708 
18711 18714 18717 18720 18723 18726 18729 18732 18735 
18738 18741 18744 18747 18750 18753 18756 18759 18762 
18765 18768 18771 18774 18777 18780 18783 18786 18789 
18792 18795 18798 18801 18804 18807 18810 18813 18816 
18819 18822 18825 18828 18831 18834 18837 18840 18843 
18846 18849 18852 18855 18858 18861 18864 18867 18870 
18873 18876 18879 18882 18885 18888 18891 18894 18897 
18900 18903 18906 18909 18912 18915 18918 18921 18924 
18927 18930 18933 18936 18939 18942 18945 18948 18951 
18954 18957 18960 18963 18966 18969 18972 18975 18978 
18981 18984 18987 18990 18993 18996 18999 19002 19005 
19008 19011 19014 19017 19020 19023 19026 19029 19032 
19035 19038 19041 19044 19047 19050 19053 19056 19059 
19062 19065 19068 19071 19074 19077 19080 19083 19086 
19089 19092 19095 19098 19101 19104 19107 19110 19113 
19116 19119 19122 19125 19128 19131 19134 19137 19140 
19143 19146 19149 19152 19155 19158 19161 19164 19167 
19170 19173 19176 19179 19182 19185 19188 19191 19194 
19197 19200 19203 19206 19209 19212 19215 19218 19221 
19224 19227 19230 19233 19236 19239 19242 19245 19248 
19251 19254 19257 19260 19263 19266 19269 19272 19275 
19278 19281 19284 19287 19290 19293 19296 19299 19302 
19305 19308 19311 19314 19317 19320 19323 19326 19329 
19332 19335 19338 19341 19344 19347 19350 19353 19356 
19359 19362 19365 19368 19371 19374 19377 19380 19383 
19386 19389 19392 19395 19398 19401 19404 19407 19410 
19413 19416 19419 19422 19425 19428 19431 19434 19437 
19440 19443 19446 19449 19452 19455 19458 19461 19464 
19467 19470 19473 19476 19479 19482 19485 19488 19491 
19494 19497 19500 19503 19506 19509 19512 19515 19518 
19521 19524 19527 19530 19533 19536 19539 19542 19545 
19548 19551 19554 19557 19560 19563 19566 19569 19572 
19575 19578 19581 19584 19587 19590 19593 19596 19599 
19602 19605 19608 19611 19614 19617 19620 19623 19626 
19629 19632 19635 19638 19641 19644 19647 19650 19653 
19656 19659 19662 19665 19668 19671 19674 19677 19680 
19683 19686 19689 19692 19695 19698 19701 19704 19707 
19710 19713 19716 19719 19722 19725 19728 19731 19734 
19737 19740 19743 19746 19749 19752 19755 19758 19761 
19764 19767 19770 19773 19776 19779 19782 19785 19788 
19791 19794 19797 19800 19803 19806 19809 19812 19815 
19818 19821 19824 19827 19830 19833 19836 
CONNECTIVITY vtktypeint64
0 1 2 0 3 4 1 0 4 
4 3 5 6 7 8 7 6 9 
0 2 10 3 0 10 11 3 10 
5 3 11 12 13 14 12 15 16 
13 12 16 15 17 18 16 15 18 
17 19 20 18 17 20 8 20 19 
8 19 6 6 19 21 22 9 6 
21 22 6 23 24 25 14 24 23 
14 23 12 12 23 26 15 12 27 
27 12 26 17 15 28 28 15 27 
19 17 29 29 17 28 30 31 21 
30 21 29 29 21 19 22 21 31 
32 23 25 33 32 25 26 23 34 
34 23 32 27 26 35 35 26 34 
28 27 36 36 27 35 37 38 29 
37 29 36 36 29 28 30 29 38 
39 40 41 33 40 39 33 39 32 
32 39 42 43 44 34 43 34 42 
42 34 32 35 34 44 45 35 44 
36 35 45 46 36 45 37 36 46 
47 39 41 48 47 41 42 39 49 
49 39 47 50 43 42 49 50 42 
51 52 53 48 52 51 48 51 47 
47 51 54 55 56 49 55 49 54 
54 49 47 50 49 56 51 53 57 
54 51 57 58 54 57 55 54 58 
59 60 61 59 62 63 60 59 63 
63 62 64 65 66 67 65 68 69 
66 65 69 61 69 68 61 68 59 
59 68 70 62 59 71 71 59 70 
72 64 62 71 72 62 73 74 75 
67 74 73 67 73 65 65 73 76 
68 65 77 77 65 76 70 68 78 
78 68 77 71 70 79 79 70 78 
80 72 71 80 71 81 81 71 79 
80 81 82 83 84 85 83 86 87 
84 83 87 86 88 89 87 86 89 
88 90 91 89 88 91 75 91 90 
75 90 73 73 90 92 76 73 93 
93 73 92 77 76 94 94 76 93 
78 77 95 95 77 94 79 78 96 
96 78 95 81 79 97 97 79 96 
98 82 81 97 98 81 99 100 101 
99 102 103 100 99 103 102 104 105 
103 102 105 85 105 104 85 104 83 
83 104 106 86 83 107 107 83 106 
88 86 108 108 86 107 90 88 109 
109 88 108 92 90 110 110 90 109 
93 92 111 111 92 110 1 111 2 
1 94 111 94 93 111 4 94 1 
95 94 4 5 95 4 5 112 95 
112 96 95 113 114 97 113 97 112 
112 97 96 98 97 114 115 116 117 
115 118 119 116 115 119 101 119 118 
101 118 99 99 118 120 102 99 121 
121 99 120 104 102 122 122 102 121 
106 104 123 123 104 122 107 106 124 
124 106 123 108 107 125 125 107 124 
109 108 126 126 108 125 7 126 8 
7 110 126 110 109 126 9 110 7 
9 127 110 127 111 110 2 128 10 
2 111 128 111 127 128 10 129 11 
128 129 10 11 129 130 5 11 130 
5 130 131 5 131 112 113 112 131 
132 133 134 132 135 136 133 132 136 
117 136 135 117 135 115 115 135 137 
118 115 138 138 115 137 120 118 139 
139 118 138 121 120 140 140 120 139 
122 121 141 141 121 140 13 141 14 
13 123 141 123 122 141 16 123 13 
124 123 16 18 124 16 125 124 18 
20 125 18 126 125 20 8 126 20 
127 142 143 127 9 142 9 22 142 
128 127 143 144 128 143 129 128 144 
145 129 144 130 129 145 146 132 134 
147 146 134 135 132 148 148 132 146 
137 135 149 149 135 148 138 137 150 
150 137 149 139 138 151 151 138 150 
140 139 152 152 139 151 24 152 25 
24 141 152 141 140 152 14 141 24 
31 153 154 30 153 31 142 22 31 
154 142 31 146 147 155 155 156 157 
155 157 146 146 157 148 149 148 158 
158 148 157 150 149 159 159 149 158 
151 150 160 160 150 159 152 151 161 
161 151 160 25 161 33 152 161 25 
38 162 163 37 162 38 153 30 38 
163 153 38 157 156 164 164 165 166 
164 166 157 157 166 158 159 158 167 
167 158 166 160 159 168 168 159 167 
40 168 41 40 161 168 161 160 168 
33 161 40 44 169 170 43 169 44 
45 44 171 44 170 171 46 45 172 
45 171 172 162 37 46 172 162 46 
173 174 175 173 176 177 174 173 177 
165 177 176 165 176 166 166 176 178 
167 166 179 179 166 178 168 167 180 
180 167 179 41 180 48 168 180 41 
181 182 183 181 183 169 181 169 50 
50 169 43 173 175 184 176 173 184 
185 176 184 185 186 187 185 187 176 
176 187 178 179 178 188 188 178 187 
52 188 53 52 180 188 180 179 188 
48 180 52 189 190 191 182 190 189 
181 190 182 181 55 190 181 56 55 
50 56 181 187 186 192 188 187 192 
193 188 192 53 188 193 53 193 57 
57 193 194 191 190 58 191 58 194 
194 58 57 55 58 190 195 196 197 
195 198 199 196 195 199 198 200 201 
199 198 201 201 200 202 203 204 205 
203 206 207 204 203 207 197 207 206 
197 206 195 195 206 208 198 195 209 
209 195 208 60 209 61 60 200 209 
200 198 209 200 210 202 200 60 210 
60 63 210 210 63 64 211 210 64 
212 213 214 212 215 216 213 212 216 
205 216 215 205 215 203 203 215 217 
206 203 218 218 203 217 66 218 67 
66 208 218 208 206 218 69 208 66 
209 208 69 61 209 69 64 72 211 
211 72 219 220 221 222 220 223 224 
221 220 224 223 225 226 224 223 226 
214 226 225 214 225 212 212 225 227 
215 212 228 228 212 227 217 215 229 
229 215 228 74 229 75 74 218 229 
218 217 229 67 218 74 230 72 80 
230 231 72 231 219 72 80 82 230 
232 233 234 232 235 236 233 232 236 
235 237 238 236 235 238 237 239 240 
238 237 240 239 241 242 240 239 242 
222 242 241 222 241 220 220 241 243 
223 220 244 244 220 243 84 244 85 
84 225 244 225 223 244 87 225 84 
227 225 87 89 227 87 228 227 89 
91 228 89 229 228 91 75 229 91 
245 231 230 246 231 245 82 98 245 
230 82 245 247 232 234 248 247 234 
235 232 249 249 232 247 237 235 250 
250 235 249 239 237 251 251 237 250 
100 251 101 100 241 251 241 239 251 
103 241 100 243 241 103 105 243 103 
244 243 105 85 244 105 114 246 245 
114 113 246 113 252 246 98 114 245 
253 247 248 254 253 248 249 247 255 
255 247 253 116 255 117 116 250 255 
250 249 255 119 250 116 251 250 119 
101 251 119 131 256 257 130 256 131 
252 113 131 257 252 131 258 259 260 
254 259 258 253 254 258 253 258 134 
253 134 133 136 253 133 255 253 136 
117 255 136 143 142 261 143 262 144 
261 262 143 263 144 262 263 264 144 
264 145 144 256 130 145 264 256 145 
265 258 260 266 265 260 134 265 147 
258 265 134 154 267 268 153 267 154 
261 142 154 261 154 269 269 154 268 
262 261 269 270 262 269 263 262 270 
265 266 271 272 271 273 155 271 272 
155 265 271 155 147 265 155 272 156 
274 275 276 274 163 162 274 276 163 
276 277 163 267 153 163 277 267 163 
278 272 273 279 278 273 156 280 164 
156 272 280 272 278 280 164 280 165 
170 281 282 169 281 170 171 170 283 
170 282 283 275 274 172 275 172 283 
283 172 171 162 172 274 174 278 279 
174 279 175 175 279 284 177 278 174 
280 278 177 165 280 177 183 285 286 
182 285 183 281 169 183 286 281 183 
175 284 287 184 175 287 185 184 288 
184 287 288 186 289 290 186 185 289 
185 288 289 290 291 292 289 291 290 
292 293 294 291 293 292 294 189 191 
294 293 189 293 295 189 285 182 189 
295 285 189 186 290 192 193 192 290 
292 193 290 194 193 292 294 194 292 
191 194 294 296 297 298 297 296 299 
300 301 302 298 301 300 298 300 296 
296 300 303 304 299 296 304 296 305 
305 296 303 305 306 307 304 305 307 
307 306 308 309 310 311 302 310 309 
302 309 300 300 309 312 196 312 197 
196 303 312 303 300 312 199 303 196 
305 303 199 201 305 199 306 305 201 
306 201 202 306 202 308 308 202 313 
314 315 316 314 317 318 315 314 318 
311 318 317 309 311 317 309 317 205 
309 205 204 207 309 204 312 309 207 
197 312 207 202 319 313 210 319 202 
319 210 211 320 319 211 321 322 323 
321 324 325 322 321 325 324 326 327 
325 324 327 316 327 326 314 316 326 
314 326 214 314 214 213 216 314 213 
317 314 216 205 317 216 211 219 320 
320 219 328 329 330 331 329 332 333 
330 329 333 332 334 335 333 332 335 
334 336 337 335 334 337 323 337 336 
321 323 336 321 336 222 321 222 221 
224 321 221 324 321 224 226 324 224 
326 324 226 214 326 226 219 231 328 
328 231 338 339 340 341 339 234 233 
339 233 340 340 233 342 331 236 329 
331 342 236 342 233 236 238 329 236 
332 329 238 240 332 238 334 332 240 
242 334 240 336 334 242 222 336 242 
231 246 338 338 246 343 344 345 346 
344 347 348 345 344 348 341 348 347 
341 347 339 339 347 349 234 349 248 
339 349 234 246 252 343 343 252 350 
351 344 346 352 351 346 347 344 353 
353 344 351 349 347 354 354 347 353 
248 354 254 349 354 248 257 355 356 
256 355 257 350 252 257 356 350 257 
357 351 352 358 357 352 353 351 359 
359 351 357 259 359 260 259 354 359 
354 353 359 254 354 259 360 361 362 
360 264 263 360 362 264 362 363 264 
355 256 264 363 355 264 364 357 358 
365 364 358 359 357 366 366 357 364 
260 366 266 359 366 260 367 368 369 
367 268 267 367 369 268 369 370 268 
269 268 371 268 370 371 361 360 270 
361 270 371 371 270 269 263 270 360 
372 364 365 373 372 365 366 364 374 
374 364 372 266 375 271 266 366 375 
366 374 375 271 375 273 376 377 378 
376 276 275 376 378 276 378 379 276 
368 367 277 368 277 379 379 277 276 
267 277 367 372 373 380 380 381 382 
380 382 372 372 382 374 375 374 383 
383 374 382 273 383 279 375 383 273 
384 385 386 384 282 281 384 386 282 
386 387 282 377 376 283 377 283 387 
387 283 282 275 283 376 382 381 388 
383 382 388 389 383 388 383 284 279 
383 390 284 383 389 390 391 284 390 
390 392 391 393 394 395 385 393 395 
384 393 385 384 285 393 384 286 285 
281 286 384 284 391 287 391 392 396 
391 396 287 287 396 288 289 288 397 
288 396 397 291 289 398 289 397 398 
293 291 399 291 398 399 394 393 295 
394 295 399 399 295 293 285 295 393 
400 401 402 401 400 403 404 400 402 
405 404 402 406 403 400 406 400 407 
407 400 404 407 298 297 407 297 406 
406 297 408 408 297 299 409 408 299 
410 411 412 405 411 410 405 410 404 
404 410 413 301 413 302 301 407 413 
407 404 413 298 407 301 299 414 409 
304 414 299 415 416 414 415 414 307 
307 414 304 307 308 415 417 418 419 
412 418 417 412 417 410 410 417 420 
310 420 311 310 413 420 413 410 420 
302 413 310 415 421 416 421 415 308 
421 308 422 422 308 313 423 424 425 
424 423 426 427 428 429 427 430 431 
428 427 431 430 432 433 431 430 433 
419 433 432 417 419 432 417 432 316 
417 316 315 318 417 315 420 417 318 
311 420 318 434 313 319 434 435 313 
435 422 313 319 320 434 436 437 438 
436 439 440 437 436 440 425 440 439 
425 439 423 423 439 441 442 426 423 
441 442 423 443 444 445 443 446 447 
444 443 447 446 448 449 447 446 449 
429 449 448 427 429 448 427 448 323 
427 323 322 325 427 322 430 427 325 
327 430 325 432 430 327 316 432 327 
450 435 434 451 435 450 320 328 450 
434 320 450 436 438 452 452 453 454 
452 454 436 436 454 439 441 439 455 
455 439 454 456 442 441 456 441 457 
457 441 455 457 458 459 456 457 459 
458 460 461 459 458 461 460 331 330 
460 330 461 461 330 462 445 333 443 
445 462 333 462 330 333 335 443 333 
446 443 335 337 446 335 448 446 337 
323 448 337 463 451 450 464 451 463 
328 338 463 450 328 463 465 454 453 
466 465 453 455 454 467 467 454 465 
457 455 468 468 455 467 340 468 341 
340 458 468 458 457 468 342 458 340 
460 458 342 331 460 342 469 464 463 
470 464 469 338 343 469 463 338 469 
471 465 466 472 471 466 345 471 346 
345 467 471 467 465 471 348 467 345 
468 467 348 341 468 348 473 470 469 
474 470 473 343 350 473 469 343 473 
475 471 472 476 475 472 346 475 352 
471 475 346 477 478 479 474 477 479 
473 477 474 473 355 477 473 356 355 
350 356 473 480 475 476 481 480 476 
352 480 358 475 480 352 482 483 484 
482 362 361 482 484 362 484 485 362 
478 477 363 478 363 485 485 363 362 
355 363 477 486 487 488 481 487 486 
481 486 480 480 486 489 358 489 365 
480 489 358 369 490 491 368 490 369 
370 369 492 369 491 492 483 482 371 
483 371 492 492 371 370 361 371 482 
486 488 493 493 494 495 493 495 486 
486 495 489 365 495 373 489 495 365 
496 497 498 496 378 377 496 498 378 
498 499 378 379 378 500 378 499 500 
490 368 379 500 490 379 495 494 501 
373 495 501 373 501 380 380 501 502 
502 381 380 503 381 502 504 505 506 
504 386 385 504 506 386 506 507 386 
497 496 387 497 387 507 507 387 386 
377 387 496 381 503 508 388 381 508 
389 388 509 388 508 509 390 389 510 
389 509 510 392 511 512 392 390 511 
390 510 511 512 513 514 511 513 512 
514 515 516 513 515 514 516 517 518 
515 517 516 505 518 517 504 518 505 
504 394 518 504 395 394 385 395 504 
392 512 396 397 396 512 514 397 512 
398 397 514 516 398 514 399 398 516 
518 399 516 394 399 518 519 520 521 
522 402 401 523 520 519 401 403 522 
524 525 526 521 525 524 521 524 519 
519 524 527 402 528 405 402 522 528 
405 528 527 523 519 528 527 528 519 
529 530 528 406 529 528 406 528 522 
406 522 403 406 408 531 529 406 531 
408 409 531 532 533 534 526 533 532 
526 532 524 524 532 535 411 535 412 
411 527 535 527 524 535 405 527 411 
529 536 530 531 536 529 537 536 531 
538 539 537 414 538 537 414 537 531 
414 531 409 414 416 538 540 541 542 
541 540 543 544 545 546 544 547 548 
545 544 548 547 549 550 548 547 550 
534 550 549 534 549 532 532 549 551 
418 551 419 418 535 551 535 532 551 
412 535 418 538 552 539 553 554 552 
421 553 552 421 552 538 421 538 416 
421 422 553 555 556 557 555 558 559 
556 555 559 542 559 558 540 542 558 
540 558 425 540 425 424 426 560 561 
424 426 561 424 561 543 424 543 540 
561 560 562 563 564 565 563 566 567 
564 563 567 546 567 566 546 566 544 
544 566 568 428 568 429 428 547 568 
547 544 568 431 547 428 549 547 431 
433 549 431 551 549 433 419 551 433 
569 554 553 570 554 569 422 435 569 
553 422 569 437 555 557 437 557 438 
438 557 571 440 555 437 558 555 440 
425 558 440 560 442 572 426 442 560 
573 562 560 573 560 574 574 560 572 
574 575 576 573 574 576 575 577 578 
576 575 578 565 578 577 563 565 577 
563 577 445 563 445 444 447 563 444 
566 563 447 449 566 447 568 566 449 
429 568 449 579 570 569 580 570 579 
435 451 579 569 435 579 581 452 438 
581 438 582 582 438 571 452 581 453 
442 456 572 459 572 456 574 572 459 
461 574 459 575 574 461 462 575 461 
577 575 462 445 577 462 583 580 579 
584 580 583 451 464 583 579 451 583 
581 582 585 585 453 581 585 586 453 
586 466 453 587 588 589 584 587 589 
584 583 587 583 590 587 464 470 590 
583 464 590 466 586 472 586 591 472 
592 588 587 593 588 592 590 594 587 
594 592 587 470 474 594 590 470 594 
595 596 597 595 591 596 595 476 591 
476 472 591 598 593 592 599 593 598 
479 478 598 479 598 594 594 598 592 
474 479 594 600 601 602 597 601 600 
597 600 595 595 600 603 476 603 481 
595 603 476 604 605 606 604 484 483 
604 606 484 606 607 484 599 598 485 
599 485 607 607 485 484 478 485 598 
600 602 608 487 609 488 487 600 609 
487 603 600 600 608 609 481 603 487 
610 611 612 610 491 490 610 612 491 
612 613 491 605 604 492 605 492 613 
613 492 491 483 492 604 488 609 614 
493 488 614 494 615 616 494 493 615 
493 614 615 615 617 616 618 619 620 
618 621 622 620 621 618 622 498 497 
622 621 498 621 623 498 499 498 624 
498 623 624 611 610 500 611 500 624 
624 500 499 490 500 610 494 616 501 
616 617 625 616 625 501 501 625 502 
625 503 502 626 503 625 627 628 629 
619 627 629 618 627 619 618 505 627 
618 506 505 507 506 618 622 507 618 
497 507 622 503 626 630 508 503 630 
509 508 631 508 630 631 510 509 632 
509 631 632 511 510 633 510 632 633 
513 511 634 511 633 634 515 513 635 
513 634 635 628 627 517 628 517 635 
635 517 515 505 517 627 636 637 638 
636 639 640 637 636 640 639 521 520 
639 520 640 640 520 641 641 520 523 
642 641 523 643 644 645 638 644 643 
638 643 636 636 643 646 525 646 526 
525 639 646 639 636 646 521 639 525 
523 647 642 528 647 523 647 528 530 
648 647 530 649 650 651 650 649 652 
653 654 655 645 654 653 645 653 643 
643 653 656 533 656 534 533 646 656 
646 643 656 526 646 533 530 657 648 
536 657 530 658 659 657 658 657 537 
537 657 536 537 539 658 660 661 662 
660 542 541 660 541 661 661 541 663 
543 664 649 543 649 663 543 663 541 
663 649 651 665 652 649 664 665 649 
666 667 668 666 546 545 666 545 667 
667 545 669 655 548 653 655 669 548 
669 545 548 550 653 548 656 653 550 
534 656 550 658 670 659 671 672 670 
552 671 670 552 670 658 552 658 539 
552 554 671 673 674 675 673 557 556 
673 556 674 674 556 676 662 559 660 
662 676 559 676 556 559 542 660 559 
543 561 664 562 677 678 561 562 678 
561 678 665 561 665 664 677 679 680 
678 677 680 679 681 682 680 679 682 
681 565 564 681 564 682 682 564 683 
668 567 666 668 683 567 683 564 567 
546 666 567 671 684 672 684 671 554 
684 554 685 685 554 570 673 675 686 
686 557 673 686 687 557 687 571 557 
562 573 677 576 677 573 679 677 576 
578 679 576 681 679 578 565 681 578 
570 580 685 685 580 688 571 687 582 
687 689 582 690 691 692 690 692 688 
690 688 584 584 688 580 693 585 582 
693 582 694 694 582 689 585 693 586 
695 696 697 691 695 697 690 695 691 
690 588 695 690 589 588 584 589 690 
698 693 694 699 698 694 586 698 591 
693 698 586 700 696 695 701 696 700 
588 593 700 695 588 700 596 698 699 
596 699 597 597 699 702 591 698 596 
703 701 700 704 701 703 593 599 703 
700 593 703 601 705 706 602 601 706 
702 601 597 705 601 702 707 708 709 
707 606 605 707 709 606 709 710 606 
704 703 607 704 607 710 710 607 606 
599 607 703 602 706 711 608 602 711 
609 712 713 609 608 712 608 711 712 
713 714 715 712 714 713 714 716 715 
717 718 719 717 720 721 719 720 717 
721 722 723 720 722 721 723 612 611 
723 722 612 722 724 612 708 707 613 
708 613 724 724 613 612 605 613 707 
609 713 614 615 614 713 715 615 713 
617 725 726 615 725 617 615 716 725 
615 715 716 725 727 726 620 728 729 
619 728 620 718 717 621 718 621 729 
729 621 620 623 621 717 721 623 717 
624 623 721 723 624 721 611 624 723 
617 726 625 626 730 731 625 730 626 
625 727 730 625 726 727 730 732 731 
733 734 735 733 629 628 733 735 629 
735 736 629 728 619 629 736 728 629 
626 731 630 731 732 737 731 737 630 
630 737 631 632 631 738 631 737 738 
633 632 739 632 738 739 634 633 740 
633 739 740 734 733 635 734 635 740 
740 635 634 628 635 733 741 742 743 
741 744 745 742 741 745 744 638 637 
744 637 745 745 637 746 640 747 637 
637 747 746 748 749 747 748 747 641 
641 747 640 641 642 748 750 751 752 
751 750 753 754 741 743 755 754 743 
644 754 645 644 744 754 744 741 754 
638 744 644 748 756 749 757 758 756 
647 757 756 647 756 748 647 748 642 
647 648 757 759 760 761 752 760 759 
750 752 759 750 759 651 750 651 650 
652 762 763 650 652 763 650 763 753 
650 753 750 763 762 764 765 766 767 
755 766 765 754 755 765 754 765 655 
754 655 654 645 754 654 757 768 758 
769 770 768 657 769 768 657 768 757 
657 757 648 657 659 769 771 772 773 
771 662 661 771 661 772 772 661 774 
761 663 759 761 774 663 774 661 663 
651 759 663 762 665 775 652 665 762 
776 764 762 776 762 777 777 762 775 
777 778 779 776 777 779 778 780 781 
779 778 781 780 668 667 780 667 781 
781 667 782 767 669 765 767 782 669 
782 667 669 655 765 669 769 783 770 
784 785 783 670 784 783 670 783 769 
670 769 659 670 672 784 786 787 788 
786 675 674 786 674 787 787 674 789 
773 676 771 773 789 676 789 674 676 
662 771 676 665 678 775 680 775 678 
777 775 680 682 777 680 778 777 682 
683 778 682 780 778 683 668 780 683 
784 790 785 791 792 790 684 791 790 
684 790 784 684 784 672 684 685 791 
786 788 793 794 793 795 686 793 794 
686 786 793 686 675 786 686 794 687 
796 792 791 797 792 796 685 688 796 
791 685 796 794 795 798 798 687 794 
798 799 687 799 689 687 800 801 802 
797 800 802 796 800 797 796 691 800 
796 692 691 688 692 796 689 799 694 
799 803 694 804 805 806 801 804 806 
800 804 801 800 696 804 800 697 696 
691 697 800 807 808 809 807 803 808 
807 699 803 699 694 803 810 805 804 
811 805 810 696 701 810 804 696 810 
812 807 809 813 812 809 699 812 702 
807 812 699 814 815 816 811 814 816 
811 810 814 810 817 814 701 704 817 
810 701 817 705 818 706 812 813 819 
818 702 820 818 705 702 820 702 821 
812 819 702 821 702 819 821 822 820 
823 824 825 815 823 825 814 823 815 
814 708 823 814 709 708 710 709 814 
817 710 814 704 710 817 706 818 711 
712 711 818 820 712 818 820 822 826 
820 826 712 712 826 714 826 716 714 
827 716 826 828 829 830 828 719 718 
828 830 719 830 831 719 720 719 832 
719 831 832 722 720 833 720 832 833 
824 823 724 824 724 833 833 724 722 
708 724 823 716 827 834 725 716 834 
834 727 725 835 727 834 836 837 838 
829 836 838 828 836 829 828 728 836 
828 729 728 718 729 828 727 835 839 
730 727 839 732 840 841 732 730 840 
730 839 840 841 842 843 840 842 841 
843 844 845 842 844 843 845 846 847 
844 846 845 847 735 734 847 846 735 
846 848 735 837 836 736 837 736 848 
848 736 735 728 736 836 732 841 737 
738 737 841 843 738 841 739 738 843 
845 739 843 740 739 845 847 740 845 
734 740 847 849 850 851 849 852 853 
850 849 853 853 852 854 742 849 851 
742 851 743 743 851 855 745 849 742 
852 849 745 852 856 854 852 745 856 
745 746 856 747 857 746 746 857 856 
857 747 749 858 857 749 859 860 861 
859 752 751 859 751 860 860 751 862 
753 863 864 753 864 751 751 864 862 
864 863 865 866 867 868 866 855 867 
866 755 855 755 743 855 749 869 858 
756 869 749 869 756 758 870 869 758 
871 872 873 861 872 871 859 861 871 
859 871 761 859 761 760 752 859 760 
753 763 863 764 874 875 763 764 875 
763 875 865 763 865 863 874 876 877 
875 874 877 876 878 879 877 876 879 
878 880 881 879 878 881 868 881 880 
866 868 880 866 880 767 866 767 766 
755 866 766 758 882 870 768 882 758 
882 768 770 883 882 770 884 885 886 
884 887 888 885 884 888 887 773 772 
887 772 888 888 772 889 873 774 871 
873 889 774 889 772 774 761 871 774 
764 776 874 779 874 776 876 874 779 
781 876 779 878 876 781 782 878 781 
880 878 782 767 880 782 770 890 883 
783 890 770 890 783 785 891 890 785 
787 884 886 787 886 788 788 886 892 
789 884 787 887 884 789 773 887 789 
893 785 790 893 894 785 894 891 785 
790 792 893 788 892 895 793 788 895 
895 795 793 896 795 895 897 894 893 
898 894 897 792 797 897 893 792 897 
899 798 795 899 795 900 900 795 896 
798 899 799 901 902 903 898 901 903 
897 901 898 897 801 901 897 802 801 
797 802 897 904 899 900 905 904 900 
799 904 803 899 904 799 906 907 908 
902 906 908 901 906 902 901 805 906 
901 806 805 801 806 901 909 910 911 
909 912 913 910 909 913 905 913 912 
904 905 912 904 912 809 904 809 808 
803 904 808 914 907 906 915 907 914 
805 811 914 906 805 914 909 911 916 
912 909 916 917 912 916 912 813 809 
912 918 813 912 917 918 919 813 918 
918 920 919 921 922 923 915 921 923 
914 921 915 914 815 921 914 816 815 
811 816 914 813 919 819 919 920 924 
919 924 819 819 924 821 924 822 821 
925 822 924 926 927 928 926 929 930 
928 929 926 930 931 932 929 931 930 
922 932 931 921 932 922 921 824 932 
921 825 824 815 825 921 822 925 933 
826 822 933 933 827 826 934 827 933 
935 936 937 935 830 829 935 937 830 
937 938 830 927 926 831 927 831 938 
938 831 830 832 831 926 930 832 926 
833 832 930 932 833 930 824 833 932 
827 934 939 834 827 939 835 940 941 
835 834 940 834 939 940 940 942 941 
943 944 945 943 946 947 945 946 943 
936 947 946 935 947 936 935 837 947 
935 838 837 829 838 935 835 941 839 
941 942 948 941 948 839 839 948 840 
842 840 949 840 948 949 844 842 950 
842 949 950 944 943 846 944 846 950 
950 846 844 848 846 943 947 848 943 
837 848 947 850 951 952 851 850 952 
853 953 850 850 953 951 953 853 854 
954 953 854 955 956 957 955 958 959 
956 955 959 959 958 960 851 952 855 
952 961 855 854 962 954 856 962 854 
963 964 962 963 962 857 857 962 856 
857 858 963 860 965 966 861 860 966 
957 862 955 957 965 862 965 860 862 
864 955 862 958 955 864 865 967 968 
864 865 968 864 968 960 864 960 958 
968 967 969 970 971 972 971 970 973 
867 974 975 868 867 975 961 867 855 
974 867 961 963 976 964 977 978 976 
869 977 976 869 976 963 869 963 858 
869 870 977 979 980 981 979 982 983 
980 979 983 982 873 872 982 872 983 
983 872 984 966 872 861 984 872 966 
865 875 967 967 985 969 967 875 985 
875 877 985 972 879 970 972 985 879 
985 877 879 970 986 973 970 879 986 
879 881 986 975 881 868 986 881 975 
977 987 978 988 989 987 882 988 987 
882 987 977 882 977 870 882 883 988 
990 991 992 990 886 885 990 885 991 
991 885 993 981 888 979 981 993 888 
993 885 888 889 979 888 982 979 889 
873 982 889 988 994 989 995 996 994 
890 995 994 890 994 988 890 988 883 
890 891 995 990 992 997 997 886 990 
997 998 886 998 892 886 999 996 995 
1000 996 999 891 894 999 995 891 999 
1001 895 892 1001 892 1002 1002 892 998 
895 1001 896 1003 1000 999 1004 1000 1003 
894 898 1003 999 894 1003 1005 1001 1002 
1006 1005 1002 896 1005 900 1001 1005 896 
1007 1008 1009 1004 1007 1009 1003 1007 1004 
1003 902 1007 1003 903 902 898 903 1003 
1010 1011 1012 1006 1011 1010 1006 1010 1005 
1005 1010 1013 900 1013 905 1005 1013 900 
908 1008 1007 908 907 1008 907 1014 1008 
902 908 1007 910 1015 911 1010 1012 1016 
1013 1010 1017 1010 1016 1017 1018 910 913 
1018 1015 910 1017 905 1013 1017 1019 905 
913 905 1018 1018 905 1019 1020 1021 1022 
1020 1022 1014 1020 1014 915 915 1014 907 
911 1015 916 917 916 1015 1018 917 1015 
1018 1019 1023 1018 1023 917 917 1023 918 
1023 920 918 1024 920 1023 1025 1026 1027 
1021 1025 1027 1020 1025 1021 1020 922 1025 
1020 923 922 915 923 1020 920 1024 1028 
924 920 1028 1028 925 924 1029 925 1028 
1030 1031 1032 1030 1033 1034 1032 1033 1030 
1034 928 927 1034 1033 928 1033 1035 928 
929 928 1036 928 1035 1036 1026 1025 931 
1026 931 1036 1036 931 929 922 931 1025 
925 1029 1037 933 925 1037 934 1038 1039 
934 933 1038 933 1037 1038 1038 1040 1039 
1041 1042 1043 1031 1041 1043 1030 1041 1031 
1030 936 1041 1030 937 936 938 937 1030 
1034 938 1030 927 938 1034 934 1039 939 
1039 1040 1044 1039 1044 939 939 1044 940 
942 1045 1046 942 940 1045 940 1044 1045 
1046 1047 1048 1045 1047 1046 1048 1049 1050 
1047 1049 1048 1050 945 944 1050 1049 945 
1049 1051 945 1042 1041 946 1042 946 1051 
1051 946 945 936 946 1041 942 1046 948 
949 948 1046 1048 949 1046 950 949 1048 
1050 950 1048 944 950 1050 1052 1053 1054 
1052 1055 1056 1053 1052 1056 1056 1055 1057 
951 1058 1059 952 951 1059 1060 1061 1058 
1060 1058 953 953 1058 951 953 954 1060 
1062 1063 1064 1062 957 956 1062 956 1063 
1063 956 1065 1054 959 1052 1054 1065 959 
1065 956 959 960 1052 959 960 1066 1052 
1066 1055 1052 1067 1057 1055 1066 1067 1055 
1068 1069 1070 1068 1059 1069 1068 961 1059 
961 952 1059 1060 1071 1061 954 1071 1060 
954 962 1071 962 1072 1071 1072 962 964 
1073 1072 964 1074 1075 1076 1074 1077 1078 
1075 1074 1078 1064 1078 1077 1062 1064 1077 
1062 1077 966 1062 966 965 957 1062 965 
960 968 1066 969 1079 1080 968 969 1080 
968 1080 1067 968 1067 1066 1079 972 971 
1079 971 1080 1080 971 1081 973 1082 1083 
973 1083 971 971 1083 1081 1070 1083 1082 
1068 1070 1082 1068 1082 975 1068 975 974 
961 1068 974 964 1084 1073 976 1084 964 
1084 976 978 1085 1084 978 1086 1087 1088 
1086 1089 1090 1087 1086 1090 1089 981 980 
1089 980 1090 1090 980 1091 1076 983 1074 
1076 1091 983 1091 980 983 984 1074 983 
1077 1074 984 966 1077 984 969 985 1079 
972 1079 985 973 986 1082 975 1082 986 
978 1092 1085 987 1092 978 1092 987 989 
1093 1092 989 1094 1095 1096 1088 1095 1094 
1086 1088 1094 1086 1094 992 1086 992 991 
993 1086 991 1089 1086 993 981 1089 993 
1097 989 994 1097 1098 989 1098 1093 989 
994 996 1097 1094 1096 1099 1100 1099 1101 
997 1099 1100 997 1094 1099 997 992 1094 
997 1100 998 1097 1102 1098 1102 1097 996 
1102 996 1103 1103 996 1000 1100 1101 1104 
1104 998 1100 1104 1105 998 1105 1002 998 
1106 1107 1108 1106 1108 1103 1106 1103 1004 
1004 1103 1000 1109 1110 1111 1109 1105 1110 
1109 1006 1105 1006 1002 1105 1112 1113 1114 
1107 1112 1114 1106 1112 1107 1106 1008 1112 
1106 1009 1008 1004 1009 1106 1115 1116 1117 
1111 1116 1115 1109 1111 1115 1109 1115 1012 
1109 1012 1011 1006 1109 1011 1118 1113 1112 
1119 1113 1118 1008 1014 1118 1112 1008 1118 
1115 1117 1120 1012 1115 1120 1012 1120 1016 
1016 1120 1121 1017 1016 1122 1016 1121 1122 
1122 1019 1017 1123 1019 1122 1022 1119 1118 
1022 1021 1119 1021 1124 1119 1014 1022 1118 
1019 1123 1125 1023 1019 1125 1024 1126 1127 
1024 1023 1126 1023 1125 1126 1126 1128 1127 
1129 1130 1131 1129 1027 1026 1129 1131 1027 
1131 1132 1027 1124 1021 1027 1132 1124 1027 
1024 1127 1028 1029 1133 1134 1028 1133 1029 
1028 1128 1133 1028 1127 1128 1133 1135 1134 
1136 1137 1138 1136 1032 1031 1136 1138 1032 
1138 1139 1032 1033 1032 1140 1032 1139 1140 
1035 1033 1141 1033 1140 1141 1130 1129 1036 
1130 1036 1141 1141 1036 1035 1026 1036 1129 
1029 1134 1037 1134 1135 1142 1134 1142 1037 
1037 1142 1038 1040 1143 1144 1040 1038 1143 
1038 1142 1143 1144 1145 1146 1143 1145 1144 
1145 1147 1146 1148 1149 1150 1148 1151 1152 
1150 1151 1148 1137 1152 1151 1136 1152 1137 
1136 1042 1152 1136 1043 1042 1031 1043 1136 
1040 1144 1044 1045 1044 1144 1146 1045 1144 
1146 1147 1153 1146 1153 1045 1045 1153 1047 
1149 1148 1049 1149 1049 1153 1153 1049 1047 
1051 1049 1148 1152 1051 1148 1042 1051 1152 
1154 1155 1156 1154 1054 1053 1154 1053 1155 
1155 1053 1157 1056 1158 1053 1053 1158 1157 
1158 1056 1057 1159 1158 1057 1058 1160 1059 
1058 1061 1160 1161 1162 1163 1161 1064 1063 
1161 1063 1162 1162 1063 1164 1156 1065 1154 
1156 1164 1065 1164 1063 1065 1054 1154 1065 
1165 1067 1166 1165 1159 1067 1159 1057 1067 
1165 1166 1167 1069 1168 1169 1070 1069 1169 
1160 1069 1059 1160 1170 1069 1170 1168 1069 
1061 1170 1160 1061 1071 1170 1071 1171 1170 
1072 1172 1071 1071 1172 1171 1172 1072 1073 
1173 1172 1073 1174 1175 1176 1174 1177 1178 
1175 1174 1178 1177 1076 1075 1177 1075 1178 
1178 1075 1179 1163 1078 1161 1163 1179 1078 
1179 1075 1078 1064 1161 1078 1067 1080 1166 
1166 1180 1167 1166 1080 1180 1080 1081 1180 
1083 1181 1081 1081 1181 1180 1169 1083 1070 
1181 1083 1169 1073 1182 1173 1084 1182 1073 
1182 1084 1085 1183 1182 1085 1184 1185 1186 
1184 1088 1087 1184 1087 1185 1185 1087 1187 
1176 1090 1174 1176 1187 1090 1187 1087 1090 
1091 1174 1090 1177 1174 1091 1076 1177 1091 
1188 1085 1092 1188 1189 1085 1189 1183 1085 
1092 1093 1188 1095 1190 1096 1184 1186 1191 
1191 1088 1184 1191 1192 1088 1095 1088 1190 
1190 1088 1192 1188 1193 1189 1193 1188 1093 
1193 1093 1194 1194 1093 1098 1096 1190 1099 
1190 1101 1099 1190 1192 1101 1192 1195 1101 
1196 1098 1102 1196 1197 1098 1197 1194 1098 
1102 1103 1196 1198 1104 1101 1198 1101 1199 
1199 1101 1195 1104 1198 1105 1200 1201 1202 
1197 1200 1202 1196 1200 1197 1196 1107 1200 
1196 1108 1107 1103 1108 1196 1203 1204 1205 
1199 1204 1203 1198 1199 1203 1198 1203 1111 
1198 1111 1110 1105 1198 1110 1114 1201 1200 
1114 1113 1201 1113 1206 1201 1107 1114 1200 
1116 1207 1117 1203 1205 1208 1207 1111 1209 
1207 1116 1111 1209 1111 1210 1203 1208 1111 
1210 1111 1208 1210 1211 1209 1113 1119 1206 
1206 1119 1212 1117 1207 1120 1121 1120 1207 
1209 1121 1207 1209 1211 1213 1209 1213 1121 
1121 1213 1122 1123 1214 1215 1123 1122 1214 
1122 1213 1214 1214 1216 1215 1217 1218 1219 
1217 1219 1212 1217 1212 1124 1124 1212 1119 
1123 1215 1125 1215 1216 1220 1215 1220 1125 
1125 1220 1126 1220 1128 1126 1221 1128 1220 
1222 1223 1224 1222 1225 1226 1224 1225 1222 
1226 1227 1228 1225 1227 1226 1228 1131 1130 
1228 1227 1131 1227 1229 1131 1218 1217 1132 
1218 1132 1229 1229 1132 1131 1124 1132 1217 
1128 1221 1230 1133 1128 1230 1135 1231 1232 
1135 1133 1231 1133 1230 1231 1231 1233 1232 
1234 1235 1236 1234 1138 1137 1234 1236 1138 
1236 1237 1138 1223 1222 1139 1223 1139 1237 
1237 1139 1138 1140 1139 1222 1226 1140 1222 
1141 1140 1226 1228 1141 1226 1130 1141 1228 
1135 1232 1142 1232 1233 1238 1232 1238 1142 
1142 1238 1143 1145 1143 1239 1143 1238 1239 
1147 1240 1241 1147 1145 1240 1145 1239 1240 
1241 1150 1149 1241 1240 1150 1240 1242 1150 
1235 1234 1151 1235 1151 1242 1242 1151 1150 
1137 1151 1234 1147 1241 1153 1149 1153 1241 
1243 1244 1245 1243 1156 1155 1243 1155 1244 
1244 1155 1246 1157 1247 1155 1155 1247 1246 
1158 1248 1157 1157 1248 1247 1159 1249 1250 
1159 1250 1158 1158 1250 1248 1250 1249 1251 
1252 1253 1254 1252 1255 1256 1253 1252 1256 
1255 1257 1258 1256 1255 1258 1257 1163 1162 
1257 1162 1258 1258 1162 1259 1245 1164 1243 
1245 1259 1164 1259 1162 1164 1156 1243 1164 
1159 1165 1249 1167 1260 1261 1165 1167 1261 
1165 1261 1251 1165 1251 1249 1260 1262 1263 
1261 1260 1263 1262 1169 1168 1262 1168 1263 
1263 1168 1264 1170 1265 1168 1168 1265 1264 
1171 1266 1170 1170 1266 1265 1267 1268 1266 
1267 1266 1172 1172 1266 1171 1172 1173 1267 
1269 1270 1271 1254 1270 1269 1252 1254 1269 
1252 1269 1176 1252 1176 1175 1178 1252 1175 
1255 1252 1178 1179 1255 1178 1257 1255 1179 
1163 1257 1179 1167 1180 1260 1181 1260 1180 
1262 1260 1181 1169 1262 1181 1267 1272 1268 
1273 1274 1272 1182 1273 1272 1182 1272 1267 
1182 1267 1173 1182 1183 1273 1185 1275 1276 
1186 1185 1276 1271 1187 1269 1271 1275 1187 
1275 1185 1187 1176 1269 1187 1273 1277 1274 
1277 1273 1183 1277 1183 1278 1278 1183 1189 
1186 1276 1279 1191 1186 1279 1279 1192 1191 
1280 1192 1279 1281 1189 1193 1281 1282 1189 
1282 1278 1189 1193 1194 1281 1192 1280 1195 
1280 1283 1195 1284 1282 1281 1285 1282 1284 
1194 1197 1284 1281 1194 1284 1286 1287 1288 
1286 1283 1287 1286 1199 1283 1199 1195 1283 
1202 1285 1284 1202 1201 1285 1201 1289 1285 
1197 1202 1284 1290 1291 1292 1288 1291 1290 
1286 1288 1290 1286 1290 1205 1286 1205 1204 
1199 1286 1204 1293 1294 1295 1293 1295 1289 
1293 1289 1206 1206 1289 1201 1290 1292 1296 
1205 1290 1296 1205 1296 1208 1208 1296 1297 
1210 1208 1298 1208 1297 1298 1211 1299 1300 
1211 1210 1299 1210 1298 1299 1299 1301 1300 
1302 1294 1293 1303 1294 1302 1206 1212 1302 
1293 1206 1302 1211 1300 1213 1300 1301 1304 
1300 1304 1213 1213 1304 1214 1216 1305 1306 
1216 1214 1305 1214 1304 1305 1305 1307 1306 
1308 1309 1310 1308 1311 1312 1310 1311 1308 
1311 1313 1312 1314 1315 1316 1303 1314 1316 
1302 1314 1303 1302 1218 1314 1302 1219 1218 
1212 1219 1302 1216 1306 1220 1221 1317 1318 
1220 1317 1221 1220 1307 1317 1220 1306 1307 
1317 1319 1318 1320 1321 1322 1320 1323 1324 
1322 1323 1320 1309 1324 1323 1308 1324 1309 
1308 1223 1324 1308 1224 1223 1225 1224 1308 
1312 1225 1308 1312 1313 1325 1312 1325 1225 
1225 1325 1227 1315 1314 1229 1315 1229 1325 
1325 1229 1227 1218 1229 1314 1221 1318 1230 
1318 1319 1326 1318 1326 1230 1230 1326 1231 
1233 1327 1328 1233 1231 1327 1231 1326 1327 
1328 1329 1330 1327 1329 1328 1330 1331 1332 
1329 1331 1330 1332 1333 1334 1331 1333 1332 
1321 1334 1333 1320 1334 1321 1320 1235 1334 
1320 1236 1235 1237 1236 1320 1324 1237 1320 
1223 1237 1324 1233 1328 1238 1239 1238 1328 
1330 1239 1328 1240 1239 1330 1332 1240 1330 
1242 1240 1332 1334 1242 1332 1235 1242 1334 
1335 1336 1337 1335 1338 1339 1336 1335 1339 
1338 1340 1341 1339 1338 1341 1340 1245 1244 
1340 1244 1341 1341 1244 1342 1246 1343 1244 
1244 1343 1342 1247 1344 1246 1246 1344 1343 
1248 1345 1247 1247 1345 1344 1250 1346 1248 
1248 1346 1345 1346 1250 1251 1347 1346 1251 
1348 1349 1350 1348 1254 1253 1348 1253 1349 
1349 1253 1351 1337 1256 1335 1337 1351 1256 
1351 1253 1256 1258 1335 1256 1338 1335 1258 
1259 1338 1258 1340 1338 1259 1245 1340 1259 
1251 1352 1347 1261 1352 1251 1263 1353 1261 
1261 1353 1352 1264 1354 1263 1263 1354 1353 
1265 1355 1264 1264 1355 1354 1266 1356 1265 
1265 1356 1355 1356 1266 1268 1357 1356 1268 
1358 1359 1360 1350 1359 1358 1348 1350 1358 
1348 1358 1271 1348 1271 1270 1254 1348 1270 
1268 1361 1357 1272 1361 1268 1361 1272 1274 
1362 1361 1274 1363 1364 1365 1360 1364 1363 
1358 1360 1363 1358 1363 1276 1358 1276 1275 
1271 1358 1275 1366 1274 1277 1366 1367 1274 
1367 1362 1274 1277 1278 1366 1363 1365 1368 
1369 1368 1370 1279 1368 1369 1279 1363 1368 
1279 1276 1363 1279 1369 1280 1366 1371 1367 
1371 1366 1278 1371 1278 1372 1372 1278 1282 
1369 1370 1373 1373 1280 1369 1373 1374 1280 
1374 1283 1280 1375 1376 1377 1375 1377 1372 
1375 1372 1285 1285 1372 1282 1287 1378 1379 
1288 1287 1379 1374 1287 1283 1378 1287 1374 
1380 1376 1375 1381 1376 1380 1285 1289 1380 
1375 1285 1380 1291 1382 1292 1383 1288 1379 
1383 1382 1288 1383 1384 1382 1382 1291 1288 
1384 1385 1386 1383 1385 1384 1385 1387 1386 
1295 1381 1380 1295 1294 1381 1294 1388 1381 
1289 1295 1380 1292 1382 1296 1297 1296 1382 
1384 1297 1382 1298 1297 1384 1386 1298 1384 
1386 1387 1389 1386 1389 1298 1298 1389 1299 
1301 1390 1391 1301 1299 1390 1299 1389 1390 
1390 1392 1391 1393 1394 1395 1393 1395 1388 
1393 1388 1303 1303 1388 1294 1301 1391 1304 
1391 1392 1396 1391 1396 1304 1304 1396 1305 
1396 1307 1305 1397 1307 1396 1398 1399 1400 
1398 1401 1402 1400 1401 1398 1402 1310 1309 
1402 1401 1310 1401 1403 1310 1311 1310 1404 
1310 1403 1404 1313 1405 1406 1313 1311 1405 
1311 1404 1405 1394 1406 1405 1393 1406 1394 
1393 1315 1406 1393 1316 1315 1303 1316 1393 
1307 1397 1407 1317 1307 1407 1319 1408 1409 
1319 1317 1408 1317 1407 1408 1408 1410 1409 
1411 1412 1413 1399 1411 1413 1398 1411 1399 
1398 1321 1411 1398 1322 1321 1323 1322 1398 
1402 1323 1398 1309 1323 1402 1313 1406 1325 
1315 1325 1406 1319 1409 1326 1409 1410 1414 
1409 1414 1326 1326 1414 1327 1329 1327 1415 
1327 1414 1415 1331 1329 1416 1329 1415 1416 
1412 1411 1333 1412 1333 1416 1416 1333 1331 
1321 1333 1411 1417 1418 1419 1417 1420 1421 
1418 1417 1421 1421 1420 1422 1423 1424 1425 
1423 1337 1336 1423 1336 1424 1424 1336 1426 
1339 1427 1336 1336 1427 1426 1341 1428 1339 
1339 1428 1427 1342 1429 1341 1341 1429 1428 
1419 1343 1417 1419 1429 1343 1429 1342 1343 
1344 1417 1343 1420 1417 1344 1420 1430 1422 
1420 1344 1430 1344 1345 1430 1346 1431 1345 
1345 1431 1430 1431 1346 1347 1432 1431 1347 
1349 1433 1434 1350 1349 1434 1425 1351 1423 
1425 1433 1351 1433 1349 1351 1337 1423 1351 
1347 1435 1432 1352 1435 1347 1353 1436 1352 
1352 1436 1435 1354 1437 1353 1353 1437 1436 
1438 1439 1437 1438 1437 1355 1355 1437 1354 
1355 1356 1440 1438 1355 1440 1356 1357 1440 
1441 1442 1443 1441 1360 1359 1441 1359 1442 
1442 1359 1444 1434 1359 1350 1444 1359 1434 
1438 1445 1439 1440 1445 1438 1446 1445 1440 
1447 1448 1446 1361 1447 1446 1361 1446 1440 
1361 1440 1357 1361 1362 1447 1364 1449 1365 
1441 1443 1450 1450 1360 1441 1450 1451 1360 
1364 1360 1449 1449 1360 1451 1447 1452 1448 
1452 1447 1362 1452 1362 1453 1453 1362 1367 
1365 1449 1368 1449 1370 1368 1449 1451 1370 
1451 1454 1370 1455 1367 1371 1455 1456 1367 
1456 1453 1367 1371 1372 1455 1457 1373 1370 
1457 1370 1458 1458 1370 1454 1373 1457 1374 
1459 1460 1461 1456 1459 1461 1455 1459 1456 
1455 1376 1459 1455 1377 1376 1372 1377 1455 
1462 1463 1464 1462 1465 1466 1463 1462 1466 
1458 1466 1465 1457 1458 1465 1457 1465 1379 
1457 1379 1378 1374 1457 1378 1467 1460 1459 
1468 1460 1467 1376 1381 1467 1459 1376 1467 
1462 1464 1469 1465 1462 1469 1470 1465 1469 
1379 1465 1470 1379 1470 1383 1383 1470 1471 
1385 1383 1472 1383 1471 1472 1472 1387 1385 
1473 1387 1472 1474 1468 1467 1475 1468 1474 
1381 1388 1474 1467 1381 1474 1387 1473 1476 
1389 1387 1476 1390 1389 1477 1389 1476 1477 
1477 1392 1390 1478 1392 1477 1479 1480 1481 
1479 1482 1483 1481 1482 1479 1483 1484 1485 
1482 1484 1483 1485 1486 1487 1484 1486 1485 
1487 1488 1489 1486 1488 1487 1475 1489 1488 
1474 1489 1475 1474 1394 1489 1474 1395 1394 
1388 1395 1474 1392 1478 1490 1396 1392 1490 
1397 1491 1492 1397 1396 1491 1396 1490 1491 
1491 1493 1492 1494 1495 1496 1480 1494 1496 
1479 1494 1480 1479 1399 1494 1479 1400 1399 
1401 1400 1479 1483 1401 1479 1403 1401 1483 
1485 1403 1483 1404 1403 1485 1487 1404 1485 
1405 1404 1487 1489 1405 1487 1394 1405 1489 
1397 1492 1407 1492 1493 1497 1492 1497 1407 
1407 1497 1408 1410 1498 1499 1410 1408 1498 
1408 1497 1498 1499 1500 1501 1498 1500 1499 
1501 1502 1503 1500 1502 1501 1495 1503 1502 
1494 1503 1495 1494 1412 1503 1494 1413 1412 
1399 1413 1494 1410 1499 1414 1415 1414 1499 
1501 1415 1499 1416 1415 1501 1503 1416 1501 
1412 1416 1503 1504 1505 1506 1504 1507 1508 
1505 1504 1508 1507 1509 1510 1508 1507 1510 
1509 1511 1512 1510 1509 1512 1511 1513 1514 
1512 1511 1514 1513 1419 1418 1513 1418 1514 
1514 1418 1515 1421 1516 1418 1418 1516 1515 
1422 1517 1518 1422 1518 1421 1421 1518 1516 
1518 1517 1519 1520 1521 1522 1506 1521 1520 
1504 1506 1520 1504 1520 1425 1504 1425 1424 
1426 1504 1424 1507 1504 1426 1427 1507 1426 
1509 1507 1427 1428 1509 1427 1511 1509 1428 
1429 1511 1428 1513 1511 1429 1419 1513 1429 
1422 1430 1517 1517 1523 1519 1517 1430 1523 
1430 1431 1523 1432 1524 1525 1432 1525 1431 
1431 1525 1523 1525 1524 1526 1527 1528 1529 
1522 1528 1527 1520 1522 1527 1520 1527 1434 
1520 1434 1433 1425 1520 1433 1432 1435 1524 
1524 1530 1526 1524 1435 1530 1435 1436 1530 
1531 1532 1530 1531 1530 1437 1437 1530 1436 
1437 1439 1531 1442 1533 1443 1527 1529 1534 
1527 1534 1442 1527 1442 1444 1533 1442 1534 
1434 1527 1444 1531 1535 1532 1536 1537 1535 
1445 1536 1535 1445 1535 1531 1445 1531 1439 
1445 1446 1538 1536 1445 1538 1446 1448 1538 
1443 1533 1450 1451 1539 1540 1450 1539 1451 
1450 1534 1539 1450 1533 1534 1539 1541 1540 
1536 1542 1537 1538 1542 1536 1543 1542 1538 
1544 1545 1543 1452 1544 1543 1452 1543 1538 
1452 1538 1448 1452 1453 1544 1540 1546 1454 
1451 1540 1454 1547 1540 1541 1546 1540 1547 
1548 1545 1544 1549 1545 1548 1453 1456 1548 
1544 1453 1548 1546 1550 1551 1546 1551 1454 
1454 1551 1458 1547 1550 1546 1461 1549 1548 
1461 1460 1549 1460 1552 1549 1456 1461 1548 
1463 1553 1464 1463 1466 1554 1553 1463 1554 
1555 1458 1551 1555 1554 1458 1555 1556 1554 
1554 1466 1458 1555 1557 1556 1460 1468 1552 
1552 1468 1558 1464 1553 1469 1470 1469 1553 
1554 1470 1553 1471 1470 1554 1556 1471 1554 
1556 1557 1559 1556 1559 1471 1471 1559 1472 
1473 1560 1561 1473 1472 1560 1472 1559 1560 
1561 1562 1563 1560 1562 1561 1562 1564 1563 
1565 1566 1567 1565 1568 1569 1567 1568 1565 
1569 1570 1571 1568 1570 1569 1571 1572 1573 
1570 1572 1571 1573 1574 1575 1572 1574 1573 
1575 1574 1558 1575 1558 1475 1475 1558 1468 
1473 1561 1476 1477 1476 1561 1563 1477 1561 
1478 1576 1577 1477 1576 1478 1477 1564 1576 
1477 1563 1564 1576 1578 1577 1579 1580 1581 
1566 1579 1581 1565 1579 1566 1565 1480 1579 
1565 1481 1480 1482 1481 1565 1569 1482 1565 
1484 1482 1569 1571 1484 1569 1486 1484 1571 
1573 1486 1571 1488 1486 1573 1575 1488 1573 
1475 1488 1575 1478 1577 1490 1577 1578 1582 
1577 1582 1490 1490 1582 1491 1493 1583 1584 
1493 1491 1583 1491 1582 1583 1584 1585 1586 
1583 1585 1584 1586 1587 1588 1585 1587 1586 
1588 1589 1590 1587 1589 1588 1580 1590 1589 
1579 1590 1580 1579 1495 1590 1579 1496 1495 
1480 1496 1579 1493 1584 1497 1498 1497 1584 
1586 1498 1584 1500 1498 1586 1588 1500 1586 
1502 1500 1588 1590 1502 1588 1495 1502 1590 
1591 1592 1593 1592 1591 1594 1505 1595 1596 
1506 1505 1596 1508 1597 1505 1505 1597 1595 
1510 1598 1508 1508 1598 1597 1512 1599 1510 
1510 1599 1598 1514 1600 1512 1512 1600 1599 
1593 1515 1591 1593 1600 1515 1600 1514 1515 
1591 1601 1594 1591 1515 1601 1515 1516 1601 
1518 1602 1516 1516 1602 1601 1519 1603 1604 
1519 1604 1518 1518 1604 1602 1604 1603 1605 
1606 1607 1608 1606 1522 1521 1606 1521 1607 
1607 1521 1609 1596 1521 1506 1609 1521 1596 
1519 1523 1603 1603 1610 1605 1603 1523 1610 
1523 1525 1610 1610 1525 1526 1611 1610 1526 
1528 1606 1608 1528 1608 1529 1529 1608 1612 
1522 1606 1528 1526 1613 1611 1530 1613 1526 
1613 1530 1532 1614 1613 1532 1615 1616 1534 
1615 1534 1612 1612 1534 1529 1615 1617 1616 
1532 1618 1614 1535 1618 1532 1618 1535 1537 
1619 1618 1537 1534 1616 1539 1616 1541 1539 
1616 1617 1541 1617 1620 1541 1537 1621 1619 
1542 1621 1537 1622 1623 1621 1622 1621 1543 
1543 1621 1542 1543 1545 1622 1624 1625 1626 
1624 1620 1625 1624 1547 1620 1547 1541 1620 
1622 1627 1623 1627 1622 1545 1627 1545 1628 
1628 1545 1549 1629 1630 1631 1629 1632 1633 
1630 1629 1633 1626 1633 1632 1624 1626 1632 
1624 1632 1551 1624 1551 1550 1547 1624 1550 
1549 1552 1628 1628 1552 1634 1629 1631 1635 
1632 1629 1635 1636 1632 1635 1551 1632 1636 
1551 1636 1555 1555 1636 1637 1557 1638 1639 
1557 1555 1638 1555 1637 1638 1639 1640 1641 
1638 1640 1639 1640 1642 1641 1643 1644 1645 
1643 1646 1647 1645 1646 1643 1647 1648 1649 
1646 1648 1647 1649 1650 1651 1648 1650 1649 
1651 1652 1653 1650 1652 1651 1653 1652 1634 
1653 1634 1558 1558 1634 1552 1557 1639 1559 
1560 1559 1639 1641 1560 1639 1641 1642 1654 
1641 1654 1560 1560 1654 1562 1564 1655 1656 
1564 1562 1655 1562 1654 1655 1655 1657 1656 
1658 1659 1660 1644 1658 1660 1643 1658 1644 
1643 1566 1658 1643 1567 1566 1568 1567 1643 
1647 1568 1643 1570 1568 1647 1649 1570 1647 
1572 1570 1649 1651 1572 1649 1574 1572 1651 
1653 1574 1651 1558 1574 1653 1564 1656 1576 
1578 1661 1662 1576 1661 1578 1576 1657 1661 
1576 1656 1657 1662 1663 1664 1661 1663 1662 
1664 1665 1666 1663 1665 1664 1666 1667 1668 
1665 1667 1666 1668 1669 1670 1667 1669 1668 
1659 1670 1669 1658 1670 1659 1658 1580 1670 
1658 1581 1580 1566 1581 1658 1578 1662 1582 
1583 1582 1662 1664 1583 1662 1585 1583 1664 
1666 1585 1664 1587 1585 1666 1668 1587 1666 
1589 1587 1668 1670 1589 1668 1580 1589 1670 
1671 1672 1673 1671 1674 1675 1672 1671 1675 
1674 1676 1677 1675 1674 1677 1676 1678 1679 
1677 1676 1679 1678 1593 1592 1678 1592 1679 
1679 1592 1680 1594 1681 1682 1594 1682 1592 
1592 1682 1680 1682 1681 1683 1684 1685 1686 
1684 1596 1595 1684 1595 1685 1685 1595 1687 
1673 1597 1671 1673 1687 1597 1687 1595 1597 
1598 1671 1597 1674 1671 1598 1599 1674 1598 
1676 1674 1599 1600 1676 1599 1678 1676 1600 
1593 1678 1600 1594 1601 1681 1681 1688 1683 
1681 1601 1688 1601 1602 1688 1604 1689 1602 
1602 1689 1688 1689 1604 1605 1690 1689 1605 
1607 1691 1692 1608 1607 1692 1686 1609 1684 
1686 1691 1609 1691 1607 1609 1596 1684 1609 
1605 1693 1690 1610 1693 1605 1611 1694 1695 
1611 1695 1610 1610 1695 1693 1695 1694 1696 
1697 1698 1612 1697 1612 1692 1692 1612 1608 
1697 1699 1698 1611 1613 1694 1614 1700 1701 
1613 1614 1701 1613 1701 1696 1613 1696 1694 
1701 1700 1702 1612 1698 1615 1698 1617 1615 
1698 1699 1617 1699 1703 1617 1614 1618 1700 
1619 1704 1705 1618 1619 1705 1618 1705 1702 
1618 1702 1700 1705 1704 1706 1617 1703 1620 
1703 1707 1620 1619 1621 1704 1623 1708 1709 
1621 1623 1709 1621 1709 1706 1621 1706 1704 
1709 1708 1710 1625 1711 1712 1626 1625 1712 
1707 1625 1620 1711 1625 1707 1713 1623 1627 
1713 1714 1623 1708 1623 1715 1715 1623 1714 
1708 1715 1710 1627 1628 1713 1630 1716 1631 
1717 1716 1630 1717 1630 1718 1718 1630 1633 
1712 1633 1626 1718 1633 1712 1719 1720 1721 
1719 1722 1723 1721 1722 1719 1723 1724 1725 
1722 1724 1723 1725 1726 1727 1724 1726 1725 
1714 1727 1726 1714 1713 1727 1713 1728 1727 
1628 1634 1728 1713 1628 1728 1631 1716 1635 
1716 1717 1729 1716 1729 1635 1635 1729 1636 
1637 1636 1730 1636 1729 1730 1638 1637 1731 
1637 1730 1731 1640 1638 1732 1638 1731 1732 
1642 1733 1734 1642 1640 1733 1640 1732 1733 
1733 1735 1734 1736 1737 1738 1720 1736 1738 
1719 1736 1720 1719 1644 1736 1719 1645 1644 
1646 1645 1719 1723 1646 1719 1648 1646 1723 
1725 1648 1723 1650 1648 1725 1727 1650 1725 
1652 1650 1727 1728 1652 1727 1634 1652 1728 
1642 1734 1654 1734 1735 1739 1734 1739 1654 
1654 1739 1655 1657 1740 1741 1657 1655 1740 
1655 1739 1740 1740 1742 1741 1743 1744 1745 
1737 1743 1745 1736 1743 1737 1736 1659 1743 
1736 1660 1659 1644 1660 1736 1657 1741 1661 
1741 1742 1746 1741 1746 1661 1661 1746 1663 
1665 1663 1747 1663 1746 1747 1667 1665 1748 
1665 1747 1748 1744 1743 1669 1744 1669 1748 
1748 1669 1667 1659 1669 1743 1749 1750 1751 
1749 1673 1672 1749 1672 1750 1750 1672 1752 
1675 1753 1672 1672 1753 1752 1677 1754 1675 
1675 1754 1753 1679 1755 1677 1677 1755 1754 
1680 1756 1679 1679 1756 1755 1682 1757 1680 
1680 1757 1756 1683 1758 1759 1683 1759 1682 
1682 1759 1757 1759 1758 1760 1685 1761 1762 
1686 1685 1762 1751 1687 1749 1751 1761 1687 
1761 1685 1687 1673 1749 1687 1683 1688 1758 
1758 1763 1760 1758 1688 1763 1688 1689 1763 
1690 1764 1765 1690 1765 1689 1689 1765 1763 
1764 1766 1767 1765 1764 1767 1767 1766 1768 
1691 1769 1770 1692 1691 1770 1762 1691 1686 
1769 1691 1762 1690 1693 1764 1695 1764 1693 
1766 1764 1695 1696 1771 1772 1695 1696 1772 
1695 1772 1768 1695 1768 1766 1772 1771 1773 
1692 1770 1774 1697 1692 1774 1774 1699 1697 
1775 1699 1774 1696 1701 1771 1702 1776 1777 
1701 1702 1777 1701 1777 1773 1701 1773 1771 
1777 1776 1778 1699 1775 1703 1775 1779 1703 
1702 1705 1776 1706 1780 1781 1705 1706 1781 
1705 1781 1778 1705 1778 1776 1781 1780 1782 
1703 1779 1707 1779 1783 1707 1706 1709 1780 
1780 1709 1710 1780 1710 1782 1782 1710 1784 
1785 1786 1787 1786 1785 1788 1711 1789 1790 
1712 1711 1790 1783 1711 1707 1789 1711 1783 
1791 1792 1793 1791 1794 1795 1793 1794 1791 
1795 1796 1797 1794 1796 1795 1797 1798 1799 
1796 1798 1797 1799 1715 1714 1799 1798 1715 
1798 1800 1715 1784 1710 1715 1800 1784 1715 
1785 1787 1801 1718 1802 1717 1785 1801 1788 
1803 1712 1790 1803 1802 1712 1803 1804 1802 
1802 1718 1712 1804 1805 1806 1803 1805 1804 
1805 1807 1806 1808 1809 1810 1792 1808 1810 
1791 1808 1792 1791 1720 1808 1791 1721 1720 
1722 1721 1791 1795 1722 1791 1724 1722 1795 
1797 1724 1795 1726 1724 1797 1799 1726 1797 
1714 1726 1799 1717 1802 1729 1730 1729 1802 
1804 1730 1802 1731 1730 1804 1806 1731 1804 
1806 1807 1811 1806 1811 1731 1731 1811 1732 
1733 1732 1812 1732 1811 1812 1735 1813 1814 
1735 1733 1813 1733 1812 1813 1813 1815 1814 
1738 1809 1808 1738 1737 1809 1737 1816 1809 
1720 1738 1808 1735 1814 1739 1814 1815 1817 
1814 1817 1739 1739 1817 1740 1742 1818 1819 
1742 1740 1818 1740 1817 1818 1819 1820 1821 
1818 1820 1819 1821 1822 1823 1820 1822 1821 
1823 1745 1744 1823 1822 1745 1822 1824 1745 
1816 1737 1745 1824 1816 1745 1742 1819 1746 
1747 1746 1819 1821 1747 1819 1748 1747 1821 
1823 1748 1821 1744 1748 1823 1825 1826 1827 
1825 1828 1829 1826 1825 1829 1828 1830 1831 
1829 1828 1831 1830 1832 1833 1831 1830 1833 
1833 1832 1834 1835 1836 1837 1835 1751 1750 
1835 1750 1836 1836 1750 1838 1752 1839 1750 
1750 1839 1838 1827 1753 1825 1827 1839 1753 
1839 1752 1753 1754 1825 1753 1828 1825 1754 
1755 1828 1754 1830 1828 1755 1756 1830 1755 
1832 1830 1756 1832 1840 1834 1832 1756 1840 
1756 1757 1840 1759 1841 1757 1757 1841 1840 
1841 1759 1760 1842 1841 1760 1843 1844 1845 
1837 1844 1843 1835 1837 1843 1835 1843 1762 
1835 1762 1761 1751 1835 1761 1760 1846 1842 
1763 1846 1760 1765 1847 1763 1763 1847 1846 
1767 1848 1765 1765 1848 1847 1768 1849 1850 
1768 1850 1767 1767 1850 1848 1849 1851 1852 
1850 1849 1852 1852 1851 1853 1769 1854 1770 
1843 1845 1855 1855 1762 1843 1855 1856 1762 
1769 1762 1854 1854 1762 1856 1768 1772 1849 
1773 1849 1772 1773 1857 1849 1857 1851 1849 
1858 1853 1851 1857 1858 1851 1770 1854 1774 
1854 1775 1774 1854 1856 1775 1856 1859 1775 
1773 1777 1857 1778 1860 1861 1777 1778 1861 
1777 1861 1858 1777 1858 1857 1861 1860 1862 
1775 1859 1779 1859 1863 1779 1778 1781 1860 
1860 1781 1782 1860 1782 1862 1862 1782 1864 
1865 1866 1867 1865 1863 1866 1865 1783 1863 
1783 1779 1863 1868 1869 1870 1868 1871 1872 
1870 1871 1868 1872 1873 1874 1871 1873 1872 
1874 1875 1876 1873 1875 1874 1876 1875 1864 
1876 1864 1784 1784 1864 1782 1786 1877 1787 
1788 1877 1786 1878 1879 1880 1867 1879 1878 
1865 1867 1878 1865 1878 1790 1865 1790 1789 
1783 1865 1789 1793 1881 1882 1792 1881 1793 
1869 1868 1794 1869 1794 1882 1882 1794 1793 
1796 1794 1868 1872 1796 1868 1798 1796 1872 
1874 1798 1872 1800 1798 1874 1876 1800 1874 
1784 1800 1876 1787 1877 1801 1878 1880 1883 
1788 1801 1877 1790 1878 1883 1790 1883 1803 
1803 1883 1884 1805 1803 1885 1803 1884 1885 
1807 1886 1887 1807 1805 1886 1805 1885 1886 
1887 1888 1889 1886 1888 1887 1888 1890 1889 
1810 1891 1892 1809 1891 1810 1881 1792 1810 
1892 1881 1810 1807 1887 1811 1812 1811 1887 
1889 1812 1887 1889 1890 1893 1889 1893 1812 
1812 1893 1813 1815 1894 1895 1815 1813 1894 
1813 1893 1894 1895 1896 1897 1894 1896 1895 
1897 1898 1899 1896 1898 1897 1899 1900 1901 
1898 1900 1899 1901 1902 1903 1900 1902 1901 
1903 1902 1891 1903 1891 1816 1816 1891 1809 
1815 1895 1817 1818 1817 1895 1897 1818 1895 
1820 1818 1897 1899 1820 1897 1822 1820 1899 
1901 1822 1899 1824 1822 1901 1903 1824 1901 
1816 1824 1903 1904 1905 1906 1904 1907 1908 
1905 1904 1908 1907 1827 1826 1907 1826 1908 
1908 1826 1909 1829 1910 1826 1826 1910 1909 
1831 1911 1829 1829 1911 1910 1833 1912 1831 
1831 1912 1911 1912 1833 1834 1913 1912 1834 
1836 1914 1915 1837 1836 1915 1906 1838 1904 
1906 1914 1838 1914 1836 1838 1839 1904 1838 
1907 1904 1839 1827 1907 1839 1834 1916 1913 
1840 1916 1834 1841 1917 1840 1840 1917 1916 
1842 1918 1919 1842 1919 1841 1841 1919 1917 
1918 1920 1921 1919 1918 1921 1920 1922 1923 
1921 1920 1923 1923 1922 1924 1844 1925 1845 
1844 1926 1925 1844 1837 1926 1837 1915 1926 
1842 1846 1918 1847 1918 1846 1920 1918 1847 
1848 1920 1847 1922 1920 1848 1922 1927 1924 
1922 1848 1927 1848 1850 1927 1852 1928 1850 
1850 1928 1927 1853 1929 1930 1853 1930 1852 
1852 1930 1928 1930 1929 1931 1845 1925 1855 
1925 1856 1855 1925 1926 1856 1926 1932 1856 
1929 1858 1933 1853 1858 1929 1934 1931 1929 
1933 1934 1929 1856 1932 1859 1932 1935 1859 
1858 1861 1933 1933 1861 1862 1933 1862 1934 
1934 1862 1936 1859 1935 1863 1935 1937 1863 
1938 1939 1940 1938 1941 1942 1940 1941 1938 
1942 1943 1944 1941 1943 1942 1944 1943 1936 
1944 1936 1864 1864 1936 1862 1866 1945 1867 
1866 1946 1945 1866 1863 1946 1863 1937 1946 
1870 1947 1948 1869 1947 1870 1939 1938 1871 
1939 1871 1948 1948 1871 1870 1873 1871 1938 
1942 1873 1938 1875 1873 1942 1944 1875 1942 
1864 1875 1944 1879 1949 1880 1879 1867 1945 
1879 1945 1949 1949 1945 1950 1951 1945 1946 
1951 1952 1945 1952 1950 1945 1951 1953 1952 
1882 1954 1955 1881 1954 1882 1947 1869 1882 
1955 1947 1882 1880 1949 1883 1884 1883 1949 
1950 1884 1949 1885 1884 1950 1952 1885 1950 
1952 1953 1956 1952 1956 1885 1885 1956 1886 
1888 1886 1957 1886 1956 1957 1890 1958 1959 
1890 1888 1958 1888 1957 1958 1958 1960 1959 
1892 1961 1962 1891 1961 1892 1954 1881 1892 
1962 1954 1892 1890 1959 1893 1959 1960 1963 
1959 1963 1893 1893 1963 1894 1896 1894 1964 
1894 1963 1964 1898 1896 1965 1896 1964 1965 
1900 1898 1966 1898 1965 1966 1902 1900 1967 
1900 1966 1967 1961 1891 1902 1967 1961 1902 
1968 1969 1970 1969 1968 1971 1905 1972 1906 
1973 1972 1905 1973 1905 1974 1974 1905 1908 
1909 1975 1908 1908 1975 1974 1970 1910 1968 
1970 1975 1910 1975 1909 1910 1968 1976 1971 
1968 1910 1976 1910 1911 1976 1912 1977 1911 
1911 1977 1976 1977 1912 1913 1978 1977 1913 
1914 1979 1915 1914 1980 1979 1906 1980 1914 
1906 1981 1980 1906 1972 1981 1973 1981 1972 
1913 1982 1978 1916 1982 1913 1917 1983 1916 
1916 1983 1982 1919 1984 1917 1917 1984 1983 
1921 1985 1919 1919 1985 1984 1923 1986 1921 
1921 1986 1985 1924 1987 1988 1924 1988 1923 
1923 1988 1986 1987 1989 1990 1988 1987 1990 
1989 1991 1992 1990 1989 1992 1992 1991 1993 
1979 1994 1995 1979 1995 1915 1915 1995 1926 
1980 1994 1979 1924 1927 1987 1928 1987 1927 
1989 1987 1928 1930 1989 1928 1991 1989 1930 
1991 1930 1931 1991 1931 1993 1993 1931 1996 
1926 1995 1932 1995 1997 1932 1931 1934 1996 
1996 1934 1998 1932 1997 1935 1997 1999 1935 
2000 2001 2002 2002 2003 2000 1934 1936 1998 
1998 1936 2004 1935 1999 1937 1999 2005 1937 
2006 2007 2008 2006 1940 1939 2006 2008 1940 
2008 2009 1940 2001 2000 1941 2001 1941 2009 
2009 1941 1940 2000 2003 2010 2000 2010 1941 
1941 2010 1943 2004 1936 1943 2010 2004 1943 
2011 2012 2013 2011 2005 2012 2011 1946 2005 
1946 1937 2005 2014 2015 2016 2007 2014 2016 
2006 2014 2007 2006 1947 2014 2006 1948 1947 
1939 1948 2006 2011 2013 2017 1946 2011 2017 
1946 2017 1951 1951 2017 2018 1953 2019 2020 
1953 1951 2019 1951 2018 2019 2020 2021 2022 
2019 2021 2020 2021 2023 2022 2024 2025 2026 
2015 2024 2026 2014 2024 2015 2014 1954 2024 
2014 1955 1954 1947 1955 2014 1953 2020 1956 
1957 1956 2020 2022 1957 2020 2022 2023 2027 
2022 2027 1957 1957 2027 1958 1960 2028 2029 
1960 1958 2028 1958 2027 2028 2029 2030 2031 
2028 2030 2029 2031 2032 2033 2030 2032 2031 
2033 2034 2035 2032 2034 2033 2035 2036 2037 
2034 2036 2035 2025 2037 2036 2024 2037 2025 
2024 1961 2037 2024 1962 1961 1954 1962 2024 
1960 2029 1963 1964 1963 2029 2031 1964 2029 
1965 1964 2031 2033 1965 2031 1966 1965 2033 
2035 1966 2033 1967 1966 2035 2037 1967 2035 
1961 1967 2037 2038 2039 2040 2038 1970 1969 
2038 1969 2039 2039 1969 2041 1971 2042 2043 
1971 2043 1969 1969 2043 2041 2043 2042 2044 
1974 2045 2046 1973 1974 2046 2040 1975 2038 
2040 2045 1975 2045 1974 1975 1970 2038 1975 
1971 1976 2042 2042 2047 2044 2042 1976 2047 
1976 1977 2047 1978 2048 2049 1978 2049 1977 
1977 2049 2047 2049 2048 2050 2051 2052 2053 
2052 2051 2054 2055 2056 2057 2055 2058 2059 
2056 2055 2059 2058 2060 2061 2059 2058 2061 
2061 2060 2062 1981 2063 2064 1980 1981 2064 
2046 1981 1973 2063 1981 2046 1978 1982 2048 
2048 2065 2050 2048 1982 2065 1982 1983 2065 
1984 2066 1983 1983 2066 2065 2053 1985 2051 
2053 2066 1985 2066 1984 1985 2051 2067 2054 
2051 1985 2067 1985 1986 2067 2057 1988 2055 
2057 2067 1988 2067 1986 1988 1990 2055 1988 
2058 2055 1990 1992 2058 1990 2060 2058 1992 
1993 2068 2069 1992 1993 2069 1992 2069 2062 
1992 2062 2060 2069 2068 2070 1994 2071 1995 
1994 2072 2071 1994 1980 2072 1980 2064 2072 
2068 1996 2073 1993 1996 2068 2074 2070 2068 
2073 2074 2068 2071 2075 1997 1995 2071 1997 
2076 2071 2072 2075 2071 2076 2073 2077 2078 
2073 1996 2077 1996 1998 2077 2074 2073 2078 
2075 2079 2080 2075 2080 1997 1997 2080 1999 
2076 2079 2075 2081 2082 2083 2081 2084 2085 
2083 2084 2081 2085 2002 2001 2085 2084 2002 
2084 2086 2002 2003 2087 2088 2003 2002 2087 
2002 2086 2087 2088 2087 2077 2088 2077 2004 
2004 2077 1998 2089 2090 2091 2089 2080 2090 
2089 2005 2080 2005 1999 2080 2092 2093 2094 
2082 2092 2094 2081 2092 2082 2081 2007 2092 
2081 2008 2007 2009 2008 2081 2085 2009 2081 
2001 2009 2085 2003 2088 2010 2004 2010 2088 
2012 2095 2013 2089 2091 2096 2095 2005 2097 
2095 2012 2005 2097 2005 2098 2089 2096 2005 
2098 2005 2096 2097 2099 2100 2098 2099 2097 
2099 2101 2100 2016 2093 2092 2016 2015 2093 
2015 2102 2093 2007 2016 2092 2013 2095 2017 
2018 2017 2095 2097 2018 2095 2019 2018 2097 
2100 2019 2097 2100 2101 2103 2100 2103 2019 
2019 2103 2021 2023 2104 2105 2023 2021 2104 
2021 2103 2104 2105 2106 2107 2104 2106 2105 
2106 2108 2107 2109 2110 2111 2109 2026 2025 
2109 2111 2026 2111 2112 2026 2102 2015 2026 
2112 2102 2026 2023 2105 2027 2028 2027 2105 
2107 2028 2105 2107 2108 2113 2107 2113 2028 
2028 2113 2030 2032 2030 2114 2030 2113 2114 
2034 2032 2115 2032 2114 2115 2110 2109 2036 
2110 2036 2115 2115 2036 2034 2025 2036 2109 
2039 2116 2117 2040 2039 2117 2041 2118 2039 
2039 2118 2116 2043 2119 2041 2041 2119 2118 
2119 2043 2044 2120 2119 2044 2121 2122 2123 
2121 2124 2125 2122 2121 2125 2124 2126 2127 
2125 2124 2127 2127 2126 2128 2045 2129 2130 
2046 2045 2130 2117 2045 2040 2129 2045 2117 
2044 2131 2120 2047 2131 2044 2049 2132 2047 
2047 2132 2131 2050 2133 2134 2050 2134 2049 
2049 2134 2132 2133 2135 2136 2134 2133 2136 
2135 2053 2052 2135 2052 2136 2136 2052 2137 
2054 2138 2139 2054 2139 2052 2052 2139 2137 
2138 2057 2056 2138 2056 2139 2139 2056 2140 
2123 2059 2121 2123 2140 2059 2140 2056 2059 
2061 2121 2059 2124 2121 2061 2062 2124 2061 
2062 2141 2124 2141 2126 2124 2142 2128 2126 
2142 2126 2143 2143 2126 2141 2142 2143 2144 
2063 2145 2146 2064 2063 2146 2130 2063 2046 
2145 2063 2130 2050 2065 2133 2066 2133 2065 
2135 2133 2066 2053 2135 2066 2054 2067 2138 
2057 2138 2067 2062 2069 2141 2147 2143 2141 
2147 2141 2070 2147 2070 2148 2069 2070 2141 
2144 2143 2147 2064 2146 2072 2146 2149 2072 
2070 2074 2148 2148 2074 2150 2072 2149 2076 
2149 2151 2076 2152 2153 2154 2152 2155 2156 
2154 2155 2152 2156 2157 2158 2155 2157 2156 
2158 2078 2077 2158 2157 2078 2157 2159 2078 
2150 2074 2078 2159 2150 2078 2079 2160 2080 
2079 2161 2160 2079 2076 2161 2076 2151 2161 
2083 2162 2163 2082 2162 2083 2153 2152 2084 
2153 2084 2163 2163 2084 2083 2086 2084 2152 
2156 2086 2152 2087 2086 2156 2158 2087 2156 
2077 2087 2158 2090 2164 2091 2090 2080 2160 
2090 2160 2164 2164 2160 2165 2166 2160 2161 
2165 2160 2166 2094 2167 2168 2093 2167 2094 
2162 2082 2094 2168 2162 2094 2091 2164 2096 
2098 2096 2164 2165 2098 2164 2165 2166 2169 
2165 2169 2098 2098 2169 2099 2101 2170 2171 
2101 2099 2170 2099 2169 2170 2171 2172 2173 
2170 2172 2171 2172 2174 2173 2175 2176 2177 
2175 2178 2179 2177 2178 2175 2179 2178 2167 
2179 2167 2102 2102 2167 2093 2101 2171 2103 
2104 2103 2171 2173 2104 2171 2173 2174 2180 
2173 2180 2104 2104 2180 2106 2108 2181 2182 
2108 2106 2181 2106 2180 2181 2182 2183 2184 
2181 2183 2182 2184 2185 2186 2183 2185 2184 
2176 2186 2185 2175 2186 2176 2175 2110 2186 
2175 2111 2110 2112 2111 2175 2179 2112 2175 
2102 2112 2179 2108 2182 2113 2114 2113 2182 
2184 2114 2182 2115 2114 2184 2186 2115 2184 
2110 2115 2186 2187 2188 2189 2188 2187 2190 
2191 2192 2193 2191 2194 2195 2192 2191 2195 
2195 2194 2196 2116 2197 2198 2117 2116 2198 
2189 2118 2187 2189 2197 2118 2197 2116 2118 
2187 2199 2190 2187 2118 2199 2118 2119 2199 
2120 2200 2201 2120 2201 2119 2119 2201 2199 
2201 2200 2202 2203 2204 2205 2203 2206 2207 
2204 2203 2207 2206 2208 2209 2207 2206 2209 
2208 2123 2122 2208 2122 2209 2209 2122 2210 
2193 2125 2191 2193 2210 2125 2210 2122 2125 
2127 2191 2125 2194 2191 2127 2128 2211 2212 
2127 2128 2212 2127 2212 2196 2127 2196 2194 
2212 2211 2213 2129 2214 2215 2130 2129 2215 
2198 2129 2117 2214 2129 2198 2120 2131 2200 
2200 2216 2202 2200 2131 2216 2131 2132 2216 
2134 2217 2132 2132 2217 2216 2136 2218 2134 
2134 2218 2217 2205 2137 2203 2205 2218 2137 
2218 2136 2137 2139 2203 2137 2206 2203 2139 
2140 2206 2139 2208 2206 2140 2123 2208 2140 
2128 2142 2211 2211 2142 2144 2211 2144 2213 
2213 2144 2219 2145 2220 2221 2146 2145 2221 
2215 2145 2130 2220 2145 2215 2147 2148 2222 
2147 2222 2223 2147 2223 2144 2144 2223 2219 
2146 2221 2149 2221 2224 2149 2225 2226 2227 
2225 2228 2229 2227 2228 2225 2229 2230 2231 
2228 2230 2229 2231 2232 2233 2230 2232 2231 
2222 2232 2234 2222 2150 2232 2222 2148 2150 
2150 2233 2232 2223 2222 2234 2149 2224 2151 
2224 2235 2151 2236 2237 2238 2226 2236 2238 
2225 2236 2226 2225 2153 2236 2225 2154 2153 
2155 2154 2225 2229 2155 2225 2157 2155 2229 
2231 2157 2229 2159 2157 2231 2233 2159 2231 
2150 2159 2233 2151 2235 2161 2235 2239 2161 
2240 2241 2242 2237 2240 2242 2236 2240 2237 
2236 2162 2240 2236 2163 2162 2153 2163 2236 
2243 2244 2166 2243 2166 2239 2239 2166 2161 
2244 2245 2246 2243 2245 2244 2246 2247 2248 
2245 2247 2246 2247 2249 2248 2168 2241 2240 
2168 2167 2241 2167 2250 2241 2162 2168 2240 
2166 2244 2169 2170 2169 2244 2246 2170 2244 
2172 2170 2246 2248 2172 2246 2174 2251 2252 
2172 2251 2174 2172 2249 2251 2172 2248 2249 
2252 2253 2254 2251 2253 2252 2254 2255 2256 
2253 2255 2254 2256 2257 2258 2255 2257 2256 
2258 2177 2176 2258 2257 2177 2257 2259 2177 
2178 2177 2260 2177 2259 2260 2250 2167 2178 
2260 2250 2178 2174 2252 2180 2181 2180 2252 
2254 2181 2252 2183 2181 2254 2256 2183 2254 
2185 2183 2256 2258 2185 2256 2176 2185 2258 
2188 2261 2262 2189 2188 2262 2190 2263 2264 
2190 2264 2188 2188 2264 2261 2263 2265 2266 
2264 2263 2266 2266 2265 2267 2268 2269 2270 
2268 2271 2272 2269 2268 2272 2271 2193 2192 
2271 2192 2272 2272 2192 2273 2195 2274 2192 
2192 2274 2273 2196 2275 2276 2196 2276 2195 
2195 2276 2274 2275 2277 2278 2276 2275 2278 
2278 2277 2279 2197 2280 2281 2198 2197 2281 
2262 2197 2189 2280 2197 2262 2190 2199 2263 
2201 2263 2199 2265 2263 2201 2202 2282 2283 
2201 2202 2283 2201 2283 2267 2201 2267 2265 
2282 2284 2285 2283 2282 2285 2284 2286 2287 
2285 2284 2287 2286 2205 2204 2286 2204 2287 
2287 2204 2288 2207 2289 2204 2204 2289 2288 
2270 2209 2268 2270 2289 2209 2289 2207 2209 
2210 2268 2209 2271 2268 2210 2193 2271 2210 
2196 2212 2275 2213 2275 2212 2213 2290 2275 
2290 2277 2275 2291 2279 2277 2290 2291 2277 
2214 2292 2293 2215 2214 2293 2281 2214 2198 
2292 2214 2281 2202 2216 2282 2217 2282 2216 
2284 2282 2217 2218 2284 2217 2286 2284 2218 
2205 2286 2218 2290 2219 2294 2213 2219 2290 
2295 2291 2290 2294 2295 2290 2220 2296 2221 
2220 2297 2296 2220 2215 2297 2215 2293 2297 
2298 2299 2300 2298 2301 2302 2300 2301 2298 
2302 2303 2304 2301 2303 2302 2304 2305 2306 
2303 2305 2304 2294 2305 2307 2294 2223 2305 
2294 2219 2223 2223 2306 2305 2295 2294 2307 
2296 2308 2309 2296 2309 2221 2221 2309 2224 
2297 2308 2296 2227 2310 2311 2226 2310 2227 
2299 2298 2228 2299 2228 2311 2311 2228 2227 
2230 2228 2298 2302 2230 2298 2232 2230 2302 
2304 2232 2302 2234 2232 2304 2306 2234 2304 
2223 2234 2306 2224 2309 2235 2309 2312 2235 
2238 2313 2314 2237 2313 2238 2310 2226 2238 
2314 2310 2238 2315 2316 2239 2315 2239 2312 
2312 2239 2235 2316 2317 2318 2315 2317 2316 
2317 2319 2318 2242 2320 2321 2241 2320 2242 
2313 2237 2242 2321 2313 2242 2239 2316 2243 
2245 2243 2316 2318 2245 2316 2318 2319 2322 
2318 2322 2245 2245 2322 2247 2249 2323 2324 
2249 2247 2323 2247 2322 2323 2324 2325 2326 
2323 2325 2324 2325 2327 2326 2328 2329 2330 
2328 2330 2320 2328 2320 2250 2250 2320 2241 
2249 2324 2251 2253 2251 2324 2326 2253 2324 
2326 2327 2331 2326 2331 2253 2253 2331 2255 
2257 2255 2332 2255 2331 2332 2259 2257 2333 
2257 2332 2333 2329 2328 2260 2329 2260 2333 
2333 2260 2259 2250 2260 2328 2334 2335 2336 
2334 2337 2338 2335 2334 2338 2338 2337 2339 
2340 2341 2342 2340 2343 2344 2341 2340 2344 
2343 2345 2346 2344 2343 2346 2346 2345 2347 
2261 2348 2349 2262 2261 2349 2336 2264 2334 
2336 2348 2264 2348 2261 2264 2266 2334 2264 
2337 2334 2266 2267 2350 2351 2266 2267 2351 
2266 2351 2339 2266 2339 2337 2350 2352 2353 
2351 2350 2353 2352 2354 2355 2353 2352 2355 
2354 2356 2357 2355 2354 2357 2356 2358 2359 
2357 2356 2359 2358 2270 2269 2358 2269 2359 
2359 2269 2360 2272 2361 2269 2269 2361 2360 
2273 2362 2272 2272 2362 2361 2342 2274 2340 
2342 2362 2274 2362 2273 2274 2276 2340 2274 
2343 2340 2276 2278 2343 2276 2345 2343 2278 
2279 2363 2364 2278 2279 2364 2278 2364 2347 
2278 2347 2345 2364 2363 2365 2280 2366 2367 
2281 2280 2367 2349 2280 2262 2366 2280 2349 
2267 2283 2350 2285 2350 2283 2352 2350 2285 
2287 2352 2285 2354 2352 2287 2288 2354 2287 
2356 2354 2288 2289 2356 2288 2358 2356 2289 
2270 2358 2289 2363 2291 2368 2279 2291 2363 
2369 2365 2363 2368 2369 2363 2292 2370 2371 
2293 2292 2371 2367 2292 2281 2370 2292 2367 
2372 2373 2374 2372 2375 2376 2374 2375 2372 
2376 2377 2378 2375 2377 2376 2378 2379 2380 
2377 2379 2378 2368 2379 2381 2368 2295 2379 
2368 2291 2295 2295 2380 2379 2369 2368 2381 
2293 2371 2297 2371 2382 2297 2383 2384 2385 
2383 2300 2299 2383 2385 2300 2385 2386 2300 
2373 2372 2301 2373 2301 2386 2386 2301 2300 
2303 2301 2372 2376 2303 2372 2305 2303 2376 
2378 2305 2376 2307 2305 2378 2380 2307 2378 
2295 2307 2380 2308 2387 2388 2309 2308 2388 
2382 2308 2297 2387 2308 2382 2389 2390 2391 
2384 2389 2391 2383 2389 2384 2383 2310 2389 
2383 2311 2310 2299 2311 2383 2392 2393 2312 
2392 2312 2388 2388 2312 2309 2393 2394 2395 
2392 2394 2393 2395 2396 2397 2394 2396 2395 
2396 2398 2397 2399 2400 2401 2390 2399 2401 
2389 2399 2390 2389 2313 2399 2389 2314 2313 
2310 2314 2389 2312 2393 2315 2317 2315 2393 
2395 2317 2393 2319 2317 2395 2319 2395 2402 
2402 2395 2397 2403 2397 2398 2403 2404 2397 
2404 2402 2397 2403 2405 2404 2406 2407 2408 
2400 2406 2408 2399 2406 2400 2399 2320 2406 
2399 2321 2320 2313 2321 2399 2319 2402 2322 
2323 2322 2402 2404 2323 2402 2404 2405 2409 
2404 2409 2323 2323 2409 2325 2327 2410 2411 
2327 2325 2410 2325 2409 2410 2411 2412 2413 
2410 2412 2411 2413 2414 2415 2412 2414 2413 
2407 2415 2414 2406 2415 2407 2406 2329 2415 
2406 2330 2329 2320 2330 2406 2327 2411 2331 
2332 2331 2411 2413 2332 2411 2333 2332 2413 
2415 2333 2413 2329 2333 2415 2416 2417 2418 
2416 2419 2420 2417 2416 2420 2420 2419 2421 
2422 2423 2424 2422 2425 2426 2423 2422 2426 
2425 2427 2428 2426 2425 2428 2427 2429 2430 
2428 2427 2430 2430 2429 2431 2432 2433 2434 
2418 2433 2432 2416 2418 2432 2416 2432 2336 
2416 2336 2335 2338 2416 2335 2419 2416 2338 
2339 2435 2436 2338 2339 2436 2338 2436 2421 
2338 2421 2419 2435 2437 2438 2436 2435 2438 
2437 2439 2440 2438 2437 2440 2439 2441 2442 
2440 2439 2442 2441 2443 2444 2442 2441 2444 
2443 2445 2446 2444 2443 2446 2445 2447 2448 
2446 2445 2448 2447 2449 2450 2448 2447 2450 
2424 2450 2449 2422 2424 2449 2422 2449 2342 
2422 2342 2341 2344 2422 2341 2425 2422 2344 
2346 2425 2344 2427 2425 2346 2347 2427 2346 
2347 2451 2427 2451 2429 2427 2452 2431 2429 
2451 2452 2429 2348 2432 2434 2348 2434 2349 
2349 2434 2453 2336 2432 2348 2339 2351 2435 
2353 2435 2351 2437 2435 2353 2355 2437 2353 
2439 2437 2355 2357 2439 2355 2441 2439 2357 
2359 2441 2357 2443 2441 2359 2360 2443 2359 
2445 2443 2360 2361 2445 2360 2447 2445 2361 
2362 2447 2361 2449 2447 2362 2342 2449 2362 
2347 2364 2451 2451 2364 2365 2451 2365 2452 
2452 2365 2454 2366 2455 2456 2367 2366 2456 
2453 2366 2349 2455 2366 2453 2457 2458 2459 
2457 2460 2461 2459 2460 2457 2461 2462 2463 
2460 2462 2461 2462 2464 2463 2465 2466 2467 
2465 2467 2454 2465 2454 2369 2369 2454 2365 
2370 2468 2469 2371 2370 2469 2456 2370 2367 
2468 2370 2456 2470 2471 2472 2470 2473 2474 
2472 2473 2470 2458 2474 2473 2457 2474 2458 
2457 2373 2474 2457 2374 2373 2375 2374 2457 
2461 2375 2457 2377 2375 2461 2463 2377 2461 
2463 2464 2475 2463 2475 2377 2377 2475 2379 
2466 2465 2381 2466 2381 2475 2475 2381 2379 
2369 2381 2465 2371 2469 2382 2469 2476 2382 
2477 2478 2479 2471 2477 2479 2470 2477 2471 
2470 2384 2477 2470 2385 2384 2386 2385 2470 
2474 2386 2470 2373 2386 2474 2387 2480 2388 
2481 2382 2476 2481 2480 2382 2481 2482 2480 
2480 2387 2382 2482 2483 2484 2481 2483 2482 
2483 2485 2484 2486 2487 2488 2478 2486 2488 
2477 2486 2478 2477 2390 2486 2477 2391 2390 
2384 2391 2477 2388 2480 2392 2394 2392 2480 
2482 2394 2480 2396 2394 2482 2484 2396 2482 
2398 2489 2490 2396 2489 2398 2396 2485 2489 
2396 2484 2485 2490 2491 2492 2489 2491 2490 
2491 2493 2492 2494 2495 2496 2487 2494 2496 
2486 2494 2487 2486 2400 2494 2486 2401 2400 
2390 2401 2486 2398 2490 2403 2405 2403 2490 
2405 2490 2497 2497 2490 2492 2498 2492 2493 
2498 2499 2492 2499 2497 2492 2499 2500 2501 
2498 2500 2499 2501 2502 2503 2500 2502 2501 
2495 2503 2502 2494 2503 2495 2494 2407 2503 
2494 2408 2407 2400 2408 2494 2405 2497 2409 
2410 2409 2497 2499 2410 2497 2412 2410 2499 
2501 2412 2499 2414 2412 2501 2503 2414 2501 
2407 2414 2503 2504 2505 2506 2504 2507 2508 
2505 2504 2508 2508 2507 2509 2510 2511 2512 
2510 2513 2514 2511 2510 2514 2513 2515 2516 
2514 2513 2516 2516 2515 2517 2518 2519 2520 
2518 2521 2522 2519 2518 2522 2521 2523 2524 
2522 2521 2524 2523 2525 2526 2524 2523 2526 
2525 2527 2528 2526 2525 2528 2528 2527 2529 
2417 2530 2531 2418 2417 2531 2506 2420 2504 
2506 2530 2420 2530 2417 2420 2421 2504 2420 
2421 2532 2504 2532 2507 2504 2533 2509 2507 
2533 2507 2534 2534 2507 2532 2534 2535 2536 
2533 2534 2536 2512 2536 2535 2512 2535 2510 
2510 2535 2537 2513 2510 2538 2538 2510 2537 
2515 2513 2539 2539 2513 2538 2540 2517 2515 
2540 2515 2541 2541 2515 2539 2541 2542 2543 
2540 2541 2543 2520 2543 2542 2518 2520 2542 
2518 2542 2424 2518 2424 2423 2426 2518 2423 
2521 2518 2426 2428 2521 2426 2523 2521 2428 
2430 2523 2428 2525 2523 2430 2431 2525 2430 
2431 2544 2525 2544 2527 2525 2545 2529 2527 
2544 2545 2527 2433 2546 2434 2433 2547 2546 
2433 2418 2547 2418 2531 2547 2421 2436 2532 
2438 2532 2436 2534 2532 2438 2440 2534 2438 
2535 2534 2440 2442 2535 2440 2537 2535 2442 
2444 2537 2442 2538 2537 2444 2446 2538 2444 
2539 2538 2446 2448 2539 2446 2541 2539 2448 
2450 2541 2448 2542 2541 2450 2424 2542 2450 
2544 2452 2548 2431 2452 2544 2549 2545 2544 
2548 2549 2544 2546 2550 2551 2546 2551 2434 
2434 2551 2453 2547 2550 2546 2552 2553 2554 
2552 2555 2556 2554 2555 2552 2556 2557 2558 
2555 2557 2556 2558 2559 2560 2557 2559 2558 
2560 2561 2562 2559 2561 2560 2548 2561 2563 
2548 2454 2561 2548 2452 2454 2454 2562 2561 
2549 2548 2563 2455 2564 2565 2456 2455 2565 
2551 2455 2453 2564 2455 2551 2566 2567 2568 
2553 2566 2568 2552 2566 2553 2552 2458 2566 
2552 2459 2458 2460 2459 2552 2556 2460 2552 
2462 2460 2556 2558 2462 2556 2464 2462 2558 
2464 2558 2569 2569 2558 2560 2467 2466 2569 
2467 2569 2562 2562 2569 2560 2454 2467 2562 
2468 2570 2571 2469 2468 2571 2565 2468 2456 
2570 2468 2565 2572 2573 2574 2572 2472 2471 
2572 2574 2472 2574 2575 2472 2567 2566 2473 
2567 2473 2575 2575 2473 2472 2458 2473 2566 
2464 2569 2475 2466 2475 2569 2576 2577 2476 
2576 2476 2571 2571 2476 2469 2577 2578 2579 
2576 2578 2577 2578 2580 2579 2581 2582 2583 
2573 2581 2583 2572 2581 2573 2572 2478 2581 
2572 2479 2478 2471 2479 2572 2476 2577 2481 
2483 2481 2577 2579 2483 2577 2485 2584 2585 
2483 2584 2485 2483 2580 2584 2483 2579 2580 
2585 2586 2587 2584 2586 2585 2587 2588 2589 
2586 2588 2587 2589 2590 2591 2588 2590 2589 
2591 2592 2593 2590 2592 2591 2593 2594 2595 
2592 2594 2593 2582 2595 2594 2581 2595 2582 
2581 2487 2595 2581 2488 2487 2478 2488 2581 
2485 2585 2489 2491 2489 2585 2587 2491 2585 
2493 2491 2587 2493 2587 2596 2596 2587 2589 
2591 2597 2589 2597 2596 2589 2593 2598 2591 
2598 2597 2591 2496 2495 2598 2496 2598 2595 
2595 2598 2593 2487 2496 2595 2493 2596 2498 
2500 2498 2596 2597 2500 2596 2502 2500 2597 
2598 2502 2597 2495 2502 2598 2599 2600 2601 
2599 2602 2603 2600 2599 2603 2602 2604 2605 
2603 2602 2605 2605 2604 2606 2607 2608 2609 
2607 2610 2611 2608 2607 2611 2610 2612 2613 
2611 2610 2613 2612 2614 2615 2613 2612 2615 
2601 2615 2614 2601 2614 2599 2599 2614 2616 
2602 2599 2617 2617 2599 2616 2604 2602 2618 
2618 2602 2617 2619 2606 2604 2619 2604 2620 
2620 2604 2618 2620 2621 2622 2619 2620 2622 
2621 2623 2624 2622 2621 2624 2623 2625 2626 
2624 2623 2626 2625 2627 2628 2626 2625 2628 
2627 2629 2630 2628 2627 2630 2629 2631 2632 
2630 2629 2632 2632 2631 2633 2505 2634 2635 
2506 2505 2635 2609 2508 2607 2609 2634 2508 
2634 2505 2508 2509 2607 2508 2509 2636 2607 
2636 2610 2607 2612 2610 2637 2637 2610 2636 
2511 2637 2512 2511 2614 2637 2614 2612 2637 
2514 2614 2511 2616 2614 2514 2516 2616 2514 
2617 2616 2516 2517 2617 2516 2517 2638 2617 
2638 2618 2617 2620 2618 2639 2639 2618 2638 
2519 2639 2520 2519 2621 2639 2621 2620 2639 
2522 2621 2519 2623 2621 2522 2524 2623 2522 
2625 2623 2524 2526 2625 2524 2627 2625 2526 
2528 2627 2526 2629 2627 2528 2529 2629 2528 
2529 2640 2629 2640 2631 2629 2641 2633 2631 
2640 2641 2631 2530 2642 2643 2531 2530 2643 
2635 2530 2506 2642 2530 2635 2509 2533 2636 
2536 2636 2533 2637 2636 2536 2512 2637 2536 
2517 2540 2638 2543 2638 2540 2639 2638 2543 
2520 2639 2543 2640 2545 2644 2529 2545 2640 
2645 2641 2640 2644 2645 2640 2531 2643 2547 
2643 2646 2547 2647 2648 2649 2647 2650 2651 
2649 2650 2647 2651 2652 2653 2650 2652 2651 
2653 2654 2655 2652 2654 2653 2655 2656 2657 
2654 2656 2655 2644 2656 2658 2644 2549 2656 
2644 2545 2549 2549 2657 2656 2645 2644 2658 
2550 2659 2660 2551 2550 2660 2646 2550 2547 
2659 2550 2646 2661 2662 2663 2661 2554 2553 
2661 2663 2554 2663 2664 2554 2648 2647 2555 
2648 2555 2664 2664 2555 2554 2557 2555 2647 
2651 2557 2647 2559 2557 2651 2653 2559 2651 
2561 2559 2653 2655 2561 2653 2563 2561 2655 
2657 2563 2655 2549 2563 2657 2564 2665 2666 
2565 2564 2666 2660 2564 2551 2665 2564 2660 
2667 2668 2669 2662 2667 2669 2661 2667 2662 
2661 2567 2667 2661 2568 2567 2553 2568 2661 
2570 2670 2571 2671 2565 2666 2671 2670 2565 
2671 2672 2670 2670 2570 2565 2672 2673 2674 
2671 2673 2672 2673 2675 2674 2676 2677 2678 
2676 2574 2573 2676 2678 2574 2678 2679 2574 
2668 2667 2575 2668 2575 2679 2679 2575 2574 
2567 2575 2667 2571 2670 2576 2578 2576 2670 
2672 2578 2670 2580 2578 2672 2580 2672 2680 
2680 2672 2674 2681 2674 2675 2681 2682 2674 
2682 2680 2674 2682 2683 2684 2681 2683 2682 
2684 2685 2686 2683 2685 2684 2686 2687 2688 
2685 2687 2686 2688 2689 2690 2687 2689 2688 
2677 2690 2689 2676 2690 2677 2676 2582 2690 
2676 2583 2582 2573 2583 2676 2580 2680 2584 
2586 2584 2680 2682 2586 2680 2588 2586 2682 
2684 2588 2682 2590 2588 2684 2686 2590 2684 
2592 2590 2686 2688 2592 2686 2594 2592 2688 
2690 2594 2688 2582 2594 2690 2691 2692 2693 
2692 2691 2694 2695 2696 2697 2693 2696 2695 
2693 2695 2691 2691 2695 2698 2699 2694 2691 
2699 2691 2700 2700 2691 2698 2700 2701 2702 
2699 2700 2702 2702 2701 2703 2704 2705 2706 
2697 2705 2704 2697 2704 2695 2695 2704 2707 
2698 2695 2708 2708 2695 2707 2700 2698 2709 
2709 2698 2708 2701 2700 2710 2710 2700 2709 
2711 2703 2701 2711 2701 2712 2712 2701 2710 
2712 2713 2714 2711 2712 2714 2714 2713 2715 
2716 2717 2718 2706 2717 2716 2706 2716 2704 
2704 2716 2719 2707 2704 2720 2720 2704 2719 
2708 2707 2721 2721 2707 2720 2709 2708 2722 
2722 2708 2721 2710 2709 2723 2723 2709 2722 
2712 2710 2724 2724 2710 2723 2713 2712 2725 
2725 2712 2724 2726 2715 2713 2726 2713 2727 
2727 2713 2725 2726 2727 2728 2729 2730 2731 
2718 2730 2729 2718 2729 2716 2716 2729 2732 
2719 2716 2733 2733 2716 2732 2720 2719 2734 
2734 2719 2733 2721 2720 2735 2735 2720 2734 
2722 2721 2736 2736 2721 2735 2723 2722 2737 
2737 2722 2736 2724 2723 2738 2738 2723 2737 
2725 2724 2739 2739 2724 2738 2727 2725 2740 
2740 2725 2739 2741 2728 2727 2740 2741 2727 
2742 2743 2744 2731 2743 2742 2731 2742 2729 
2729 2742 2745 2732 2729 2746 2746 2729 2745 
2733 2732 2747 2747 2732 2746 2734 2733 2748 
2748 2733 2747 2735 2734 2749 2749 2734 2748 
2736 2735 2750 2750 2735 2749 2737 2736 2751 
2751 2736 2750 2738 2737 2752 2752 2737 2751 
2739 2738 2753 2753 2738 2752 2740 2739 2754 
2754 2739 2753 2755 2741 2740 2755 2740 2756 
2756 2740 2754 2755 2756 2757 2758 2759 2760 
2758 2761 2762 2759 2758 2762 2744 2762 2761 
2744 2761 2742 2742 2761 2763 2745 2742 2764 
2764 2742 2763 2746 2745 2765 2765 2745 2764 
2747 2746 2766 2766 2746 2765 2748 2747 2767 
2767 2747 2766 2749 2748 2768 2768 2748 2767 
2750 2749 2769 2769 2749 2768 2751 2750 2770 
2770 2750 2769 2752 2751 2771 2771 2751 2770 
2753 2752 2772 2772 2752 2771 2754 2753 2773 
2773 2753 2772 2756 2754 2774 2774 2754 2773 
2775 2757 2756 2774 2775 2756 2776 2777 2778 
2760 2777 2776 2760 2776 2758 2758 2776 2779 
2761 2758 2780 2780 2758 2779 2763 2761 2781 
2781 2761 2780 2600 2781 2601 2600 2764 2781 
2764 2763 2781 2603 2764 2600 2765 2764 2603 
2605 2765 2603 2766 2765 2605 2606 2766 2605 
2606 2782 2766 2782 2767 2766 2768 2767 2783 
2783 2767 2782 2769 2768 2784 2784 2768 2783 
2770 2769 2785 2785 2769 2784 2771 2770 2786 
2786 2770 2785 2772 2771 2787 2787 2771 2786 
2773 2772 2788 2788 2772 2787 2774 2773 2789 
2789 2773 2788 2790 2775 2774 2789 2790 2774 
2608 2776 2778 2608 2778 2609 2609 2778 2791 
2611 2776 2608 2779 2776 2611 2613 2779 2611 
2780 2779 2613 2615 2780 2613 2781 2780 2615 
2601 2781 2615 2606 2619 2782 2622 2782 2619 
2783 2782 2622 2624 2783 2622 2784 2783 2624 
2626 2784 2624 2785 2784 2626 2628 2785 2626 
2786 2785 2628 2630 2786 2628 2787 2786 2630 
2632 2787 2630 2788 2787 2632 2792 2789 2788 
2792 2788 2633 2792 2633 2793 2632 2633 2788 
2790 2789 2792 2634 2794 2795 2635 2634 2795 
2791 2634 2609 2794 2634 2791 2633 2641 2793 
2793 2641 2796 2642 2797 2798 2643 2642 2798 
2795 2642 2635 2797 2642 2795 2799 2800 2801 
2799 2802 2803 2801 2802 2799 2803 2804 2805 
2802 2804 2803 2805 2806 2807 2804 2806 2805 
2807 2808 2809 2806 2808 2807 2809 2808 2796 
2809 2796 2645 2645 2796 2641 2810 2811 2812 
2810 2798 2811 2810 2646 2798 2646 2643 2798 
2813 2814 2815 2813 2816 2817 2815 2816 2813 
2817 2649 2648 2817 2816 2649 2816 2818 2649 
2800 2799 2650 2800 2650 2818 2818 2650 2649 
2652 2650 2799 2803 2652 2799 2654 2652 2803 
2805 2654 2803 2656 2654 2805 2807 2656 2805 
2658 2656 2807 2809 2658 2807 2645 2658 2809 
2819 2820 2821 2812 2820 2819 2810 2812 2819 
2810 2819 2660 2810 2660 2659 2646 2810 2659 
2822 2823 2824 2814 2822 2824 2813 2822 2814 
2813 2662 2822 2813 2663 2662 2664 2663 2813 
2817 2664 2813 2648 2664 2817 2665 2825 2666 
2819 2821 2826 2825 2660 2827 2825 2665 2660 
2827 2660 2828 2819 2826 2660 2828 2660 2826 
2828 2829 2827 2830 2831 2832 2823 2830 2832 
2822 2830 2823 2822 2668 2830 2822 2669 2668 
2662 2669 2822 2666 2825 2671 2673 2671 2825 
2827 2673 2825 2675 2833 2834 2673 2833 2675 
2673 2829 2833 2673 2827 2829 2834 2835 2836 
2833 2835 2834 2836 2837 2838 2835 2837 2836 
2838 2839 2840 2837 2839 2838 2840 2841 2842 
2839 2841 2840 2842 2678 2677 2842 2841 2678 
2841 2843 2678 2831 2830 2679 2831 2679 2843 
2843 2679 2678 2668 2679 2830 2675 2834 2681 
2683 2681 2834 2836 2683 2834 2685 2683 2836 
2838 2685 2836 2687 2685 2838 2840 2687 2838 
2689 2687 2840 2842 2689 2840 2677 2689 2842 
2692 2844 2693 2692 2694 2844 2845 2846 2847 
2845 2697 2696 2845 2696 2846 2846 2696 2848 
2844 2696 2693 2844 2849 2696 2849 2848 2696 
2694 2849 2844 2694 2699 2849 2699 2850 2849 
2702 2851 2699 2699 2851 2850 2851 2702 2703 
2852 2851 2703 2853 2854 2855 2853 2856 2857 
2854 2853 2857 2847 2857 2856 2845 2847 2856 
2845 2856 2706 2845 2706 2705 2697 2845 2705 
2703 2858 2852 2711 2858 2703 2714 2859 2711 
2711 2859 2858 2715 2860 2861 2715 2861 2714 
2714 2861 2859 2860 2862 2863 2861 2860 2863 
2863 2862 2864 2865 2866 2867 2855 2866 2865 
2855 2865 2853 2853 2865 2868 2717 2868 2718 
2717 2856 2868 2856 2853 2868 2706 2856 2717 
2715 2726 2860 2728 2860 2726 2728 2869 2860 
2869 2862 2860 2870 2864 2862 2870 2862 2871 
2871 2862 2869 2870 2871 2872 2873 2874 2875 
2867 2874 2873 2867 2873 2865 2865 2873 2876 
2730 2876 2731 2730 2868 2876 2868 2865 2876 
2718 2868 2730 2869 2741 2877 2728 2741 2869 
2878 2879 2871 2878 2871 2877 2877 2871 2869 
2872 2871 2879 2880 2881 2882 2875 2881 2880 
2875 2880 2873 2873 2880 2883 2743 2883 2744 
2743 2876 2883 2876 2873 2883 2731 2876 2743 
2741 2755 2877 2877 2755 2757 2877 2757 2878 
2878 2757 2884 2759 2880 2882 2759 2882 2760 
2760 2882 2885 2762 2880 2759 2883 2880 2762 
2744 2883 2762 2757 2775 2884 2884 2775 2886 
2777 2887 2888 2778 2777 2888 2885 2777 2760 
2887 2777 2885 2775 2790 2886 2886 2790 2889 
2778 2888 2791 2888 2890 2791 2792 2793 2891 
2792 2891 2892 2792 2892 2790 2790 2892 2889 
2794 2893 2894 2795 2794 2894 2890 2794 2791 
2893 2794 2890 2895 2896 2897 2895 2898 2899 
2897 2898 2895 2899 2900 2901 2898 2900 2899 
2901 2902 2903 2900 2902 2901 2903 2904 2905 
2902 2904 2903 2905 2906 2907 2904 2906 2905 
2891 2906 2908 2891 2796 2906 2891 2793 2796 
2796 2907 2906 2892 2891 2908 2797 2909 2910 
2798 2797 2910 2894 2797 2795 2909 2797 2894 
2911 2912 2913 2896 2911 2913 2896 2895 2911 
2895 2914 2911 2801 2800 2914 2801 2914 2899 
2899 2914 2895 2802 2801 2899 2901 2802 2899 
2804 2802 2901 2903 2804 2901 2806 2804 2903 
2905 2806 2903 2808 2806 2905 2907 2808 2905 
2796 2808 2907 2811 2915 2916 2812 2811 2916 
2910 2811 2798 2915 2811 2910 2917 2918 2919 
2917 2815 2814 2917 2919 2815 2919 2920 2815 
2912 2911 2816 2912 2816 2920 2920 2816 2815 
2818 2816 2911 2914 2818 2911 2800 2818 2914 
2820 2921 2821 2922 2812 2916 2922 2921 2812 
2922 2923 2921 2921 2820 2812 2922 2924 2923 
2925 2926 2927 2918 2925 2927 2917 2925 2918 
2917 2823 2925 2917 2824 2823 2814 2824 2917 
2821 2921 2826 2828 2826 2921 2923 2828 2921 
2829 2928 2929 2828 2928 2829 2828 2924 2928 
2828 2923 2924 2929 2930 2931 2928 2930 2929 
2931 2932 2933 2930 2932 2931 2932 2934 2933 
2935 2936 2937 2935 2938 2939 2937 2938 2935 
2926 2939 2938 2925 2939 2926 2925 2831 2939 
2925 2832 2831 2823 2832 2925 2829 2929 2833 
2835 2833 2929 2931 2835 2929 2837 2835 2931 
2933 2837 2931 2933 2934 2940 2933 2940 2837 
2837 2940 2839 2936 2935 2841 2936 2841 2940 
2940 2841 2839 2843 2841 2935 2939 2843 2935 
2831 2843 2939 2941 2942 2943 2941 2847 2846 
2941 2846 2942 2942 2846 2944 2848 2945 2846 
2846 2945 2944 2849 2946 2848 2848 2946 2945 
2947 2948 2946 2947 2946 2850 2850 2946 2849 
2850 2851 2949 2947 2850 2949 2851 2852 2949 
2950 2951 2952 2950 2855 2854 2950 2854 2951 
2951 2854 2953 2943 2857 2941 2943 2953 2857 
2953 2854 2857 2847 2941 2857 2947 2954 2948 
2949 2954 2947 2955 2954 2949 2852 2955 2949 
2852 2858 2955 2858 2956 2955 2859 2957 2858 
2858 2957 2956 2861 2958 2859 2859 2958 2957 
2863 2959 2861 2861 2959 2958 2959 2863 2864 
2960 2959 2864 2961 2962 2963 2952 2962 2961 
2950 2952 2961 2950 2961 2867 2950 2867 2866 
2855 2950 2866 2864 2964 2960 2870 2964 2864 
2964 2870 2872 2965 2964 2872 2874 2961 2963 
2874 2963 2875 2875 2963 2966 2867 2961 2874 
2879 2967 2968 2878 2967 2879 2965 2872 2879 
2968 2965 2879 2881 2969 2970 2882 2881 2970 
2966 2881 2875 2969 2881 2966 2878 2884 2967 
2967 2884 2971 2972 2973 2974 2972 2970 2973 
2972 2885 2970 2885 2882 2970 2884 2886 2971 
2971 2886 2975 2887 2972 2974 2887 2974 2888 
2888 2974 2976 2885 2972 2887 2977 2978 2979 
2977 2980 2981 2979 2980 2977 2980 2982 2981 
2983 2984 2985 2983 2985 2975 2983 2975 2889 
2889 2975 2886 2986 2987 2988 2986 2976 2987 
2986 2890 2976 2890 2888 2976 2989 2990 2991 
2989 2992 2993 2991 2992 2989 2993 2994 2995 
2992 2994 2993 2978 2995 2994 2978 2977 2995 
2977 2996 2995 2981 2997 2977 2997 2996 2977 
2998 2981 2982 2998 2999 2981 2999 2997 2981 
2984 2999 2998 2984 2983 2999 2983 3000 2999 
2889 2892 3000 2983 2889 3000 2893 2986 2988 
2893 2988 2894 2894 2988 3001 2890 2986 2893 
3002 3003 3004 2990 3002 3004 2989 3002 2990 
2989 2896 3002 2989 2897 2896 2898 2897 2989 
2993 2898 2989 2900 2898 2993 2995 2900 2993 
2902 2900 2995 2996 2902 2995 2904 2902 2996 
2997 2904 2996 2906 2904 2997 2999 2906 2997 
2908 2906 2999 3000 2908 2999 2892 2908 3000 
2909 3005 3006 2910 2909 3006 3001 2909 2894 
3005 2909 3001 3007 3008 3009 3003 3007 3009 
3002 3007 3003 3002 2912 3007 3002 2913 2912 
2896 2913 3002 2915 3010 2916 2915 3011 3010 
2915 2910 3011 2910 3006 3011 3012 3013 3014 
3012 2919 2918 3012 3014 2919 3014 3015 2919 
3008 3007 2920 3008 2920 3015 3015 2920 2919 
2912 2920 3007 2916 3010 2922 2924 3016 3017 
2922 3016 2924 2922 3011 3016 2922 3010 3011 
3017 3018 3019 3016 3018 3017 3018 3020 3019 
3021 3022 3023 3013 3021 3023 3012 3021 3013 
3012 2926 3021 3012 2927 2926 2918 2927 3012 
2924 3017 2928 2930 2928 3017 3019 2930 3017 
3019 3020 3024 3019 3024 2930 2930 3024 2932 
2934 3025 3026 2934 2932 3025 2932 3024 3025 
3026 2937 2936 3026 3025 2937 3025 3027 2937 
3022 3021 2938 3022 2938 3027 3027 2938 2937 
2926 2938 3021 2934 3026 2940 2936 2940 3026 
3028 3029 3030 3029 3028 3031 3032 3033 3034 
3030 3033 3032 3028 3030 3032 3028 3032 2943 
3028 2943 2942 3028 3035 3031 3028 2942 3035 
2942 2944 3035 3036 3037 3035 3036 3035 2945 
2945 3035 2944 2945 2946 3038 3036 2945 3038 
2946 2948 3038 2951 3039 3040 2952 2951 3040 
3034 2953 3032 3034 3039 2953 3039 2951 2953 
2943 3032 2953 3036 3041 3037 3038 3041 3036 
3042 3041 3038 2948 3042 3038 2948 2954 3042 
2954 3043 3042 2955 3044 2954 2954 3044 3043 
2956 3045 2955 2955 3045 3044 2957 3046 2956 
2956 3046 3045 2958 3047 2957 2957 3047 3046 
2959 3048 2958 2958 3048 3047 3048 2959 2960 
3049 3048 2960 2962 3050 3051 2963 2962 3051 
3040 2962 2952 3050 2962 3040 3052 2960 2964 
3052 3053 2960 3053 3049 2960 2964 2965 3052 
3054 3055 3056 3054 3051 3055 3054 2966 3051 
2966 2963 3051 3057 3058 3059 3053 3057 3059 
3052 3057 3053 3052 2967 3057 3052 2968 2967 
2965 2968 3052 2969 3054 3056 2969 3056 2970 
2970 3056 3060 2966 3054 2969 3061 3058 3057 
3062 3058 3061 2967 2971 3061 3057 2967 3061 
2973 3063 3064 2974 2973 3064 3060 2973 2970 
3063 2973 3060 3065 3066 3067 3065 3068 3069 
3067 3068 3065 3069 3070 3071 3068 3070 3069 
3071 3072 3073 3070 3072 3071 3062 3073 3072 
3062 3061 3073 3061 3074 3073 2971 2975 3074 
3061 2971 3074 2974 3064 2976 3064 3075 2976 
3076 3077 3078 3076 3079 3080 3078 3079 3076 
3066 3080 3079 3066 3065 3080 3065 3081 3080 
2979 2978 3081 2979 3081 3069 3069 3081 3065 
2980 2979 3069 3071 2980 3069 2982 2980 3071 
2982 3071 3082 3082 3071 3073 2985 2984 3082 
2985 3082 3074 3074 3082 3073 2975 2985 3074 
2987 3083 3084 2988 2987 3084 3075 2987 2976 
3083 2987 3075 3085 3086 3087 3085 3088 3089 
3087 3088 3085 3077 3089 3088 3076 3089 3077 
3076 2990 3089 3076 2991 2990 2992 2991 3076 
3080 2992 3076 2994 2992 3080 3081 2994 3080 
2978 2994 3081 2982 3082 2998 2984 2998 3082 
2988 3084 3001 3084 3090 3001 3091 3086 3085 
3092 3086 3091 3004 3003 3091 3004 3091 3089 
3089 3091 3085 2990 3004 3089 3005 3093 3094 
3006 3005 3094 3090 3005 3001 3093 3005 3090 
3095 3096 3097 3092 3095 3097 3091 3095 3092 
3091 3008 3095 3091 3009 3008 3003 3009 3091 
3098 3099 3011 3098 3011 3094 3094 3011 3006 
3099 3100 3101 3098 3100 3099 3100 3102 3101 
3103 3104 3105 3103 3014 3013 3103 3105 3014 
3105 3106 3014 3096 3095 3015 3096 3015 3106 
3106 3015 3014 3008 3015 3095 3011 3099 3016 
3018 3016 3099 3101 3018 3099 3020 3107 3108 
3018 3107 3020 3018 3102 3107 3018 3101 3102 
3108 3109 3110 3107 3109 3108 3110 3111 3112 
3109 3111 3110 3104 3112 3111 3103 3112 3104 
3103 3022 3112 3103 3023 3022 3013 3023 3103 
3020 3108 3024 3025 3024 3108 3110 3025 3108 
3027 3025 3110 3112 3027 3110 3022 3027 3112 
3029 3113 3030 3029 3031 3113 3033 3114 3115 
3034 3033 3115 3113 3033 3030 3113 3116 3033 
3116 3114 3033 3117 3118 3116 3035 3117 3116 
3035 3116 3113 3035 3113 3031 3035 3037 3117 
3039 3119 3120 3040 3039 3120 3115 3039 3034 
3119 3039 3115 3121 3118 3117 3122 3118 3121 
3037 3041 3123 3037 3123 3117 3117 3123 3121 
3041 3042 3124 3123 3041 3124 3042 3043 3125 
3124 3042 3125 3043 3044 3126 3125 3043 3126 
3044 3045 3127 3126 3044 3127 3045 3046 3128 
3127 3045 3128 3046 3047 3129 3128 3046 3129 
3047 3048 3130 3129 3047 3130 3048 3049 3130 
3050 3131 3132 3051 3050 3132 3120 3050 3040 
3131 3050 3120 3121 3133 3122 3133 3134 3135 
3133 3121 3134 3121 3123 3134 3124 3136 3123 
3136 3134 3123 3125 3137 3124 3137 3136 3124 
3126 3138 3125 3138 3137 3125 3139 3127 3140 
3139 3138 3127 3138 3126 3127 3128 3140 3127 
3141 3140 3128 3129 3141 3128 3142 3141 3129 
3142 3143 3144 3142 3129 3143 3129 3130 3143 
3049 3053 3143 3130 3049 3143 3055 3145 3056 
3055 3146 3145 3055 3051 3146 3051 3132 3146 
3134 3147 3135 3136 3147 3134 3148 3147 3136 
3148 3149 3150 3148 3136 3149 3136 3137 3149 
3138 3151 3137 3151 3149 3137 3152 3138 3139 
3151 3138 3152 3153 3154 3155 3144 3153 3155 
3143 3153 3144 3143 3058 3153 3143 3059 3058 
3053 3059 3143 3145 3156 3157 3145 3157 3056 
3056 3157 3060 3146 3156 3145 3158 3150 3149 
3159 3150 3158 3151 3160 3149 3160 3158 3149 
3161 3151 3152 3161 3162 3151 3162 3160 3151 
3162 3163 3164 3161 3163 3162 3154 3164 3163 
3154 3153 3164 3153 3165 3164 3058 3062 3165 
3153 3058 3165 3063 3166 3167 3064 3063 3167 
3157 3063 3060 3166 3063 3157 3168 3169 3170 
3168 3171 3172 3170 3171 3168 3172 3173 3174 
3171 3173 3172 3159 3174 3173 3159 3158 3174 
3158 3175 3174 3067 3066 3175 3067 3175 3160 
3160 3175 3158 3068 3067 3160 3162 3068 3160 
3070 3068 3162 3164 3070 3162 3072 3070 3164 
3165 3072 3164 3062 3072 3165 3064 3167 3075 
3167 3176 3075 3177 3169 3168 3178 3169 3177 
3172 3179 3168 3179 3177 3168 3078 3077 3179 
3078 3179 3174 3174 3179 3172 3079 3078 3174 
3175 3079 3174 3066 3079 3175 3083 3180 3084 
3083 3181 3180 3083 3075 3181 3075 3176 3181 
3182 3183 3184 3178 3182 3184 3177 3182 3178 
3177 3086 3182 3177 3087 3086 3088 3087 3177 
3179 3088 3177 3077 3088 3179 3180 3185 3090 
3084 3180 3090 3186 3180 3181 3185 3180 3186 
3187 3183 3182 3188 3183 3187 3086 3092 3187 
3182 3086 3187 3093 3189 3094 3093 3190 3189 
3090 3190 3093 3090 3191 3190 3090 3185 3191 
3186 3191 3185 3192 3193 3194 3192 3195 3196 
3194 3195 3192 3188 3196 3195 3187 3196 3188 
3187 3096 3196 3187 3097 3096 3092 3097 3187 
3094 3189 3098 3189 3190 3197 3189 3197 3098 
3098 3197 3100 3102 3198 3199 3102 3100 3198 
3100 3197 3198 3199 3200 3201 3198 3200 3199 
3201 3202 3203 3200 3202 3201 3193 3203 3202 
3192 3203 3193 3192 3104 3203 3192 3105 3104 
3106 3105 3192 3196 3106 3192 3096 3106 3196 
3102 3199 3107 3109 3107 3199 3201 3109 3199 
3111 3109 3201 3203 3111 3201 3104 3111 3203 
3114 3204 3115 3114 3116 3205 3204 3114 3205 
3116 3118 3205 3119 3206 3120 3119 3207 3206 
3115 3207 3119 3115 3208 3207 3115 3204 3208 
3208 3209 3210 3208 3204 3209 3204 3205 3209 
3118 3122 3209 3205 3118 3209 3131 3211 3132 
3131 3212 3211 3120 3212 3131 3120 3213 3212 
3120 3206 3213 3207 3213 3206 3209 3214 3210 
3215 3216 3214 3133 3215 3214 3133 3214 3209 
3133 3209 3122 3133 3135 3215 3140 3217 3139 
3140 3141 3218 3217 3140 3218 3141 3142 3219 
3218 3141 3219 3142 3144 3219 3211 3220 3221 
3211 3221 3132 3132 3221 3146 3212 3220 3211 
3222 3216 3215 3223 3216 3222 3135 3147 3224 
3135 3224 3215 3215 3224 3222 3147 3148 3225 
3224 3147 3225 3148 3150 3225 3217 3226 3152 
3139 3217 3152 3218 3227 3217 3227 3226 3217 
3155 3154 3227 3155 3227 3219 3219 3227 3218 
3144 3155 3219 3156 3228 3229 3157 3156 3229 
3221 3156 3146 3228 3156 3221 3230 3231 3232 
3223 3230 3232 3223 3222 3230 3222 3233 3230 
3224 3234 3222 3234 3233 3222 3225 3235 3224 
3235 3234 3224 3150 3159 3235 3225 3150 3235 
3152 3226 3161 3163 3161 3226 3227 3163 3226 
3154 3163 3227 3166 3236 3167 3166 3237 3236 
3166 3157 3237 3157 3229 3237 3238 3231 3230 
3239 3231 3238 3170 3169 3238 3170 3238 3233 
3233 3238 3230 3171 3170 3233 3234 3171 3233 
3173 3171 3234 3235 3173 3234 3159 3173 3235 
3236 3240 3176 3167 3236 3176 3241 3236 3237 
3240 3236 3241 3242 3239 3238 3243 3239 3242 
3169 3178 3242 3238 3169 3242 3240 3244 3245 
3240 3245 3176 3176 3245 3181 3241 3244 3240 
3246 3247 3248 3243 3246 3248 3242 3246 3243 
3242 3183 3246 3242 3184 3183 3178 3184 3242 
3249 3250 3186 3249 3186 3245 3245 3186 3181 
3249 3251 3250 3252 3253 3254 3247 3252 3254 
3247 3246 3252 3246 3255 3252 3183 3188 3255 
3246 3183 3255 3191 3256 3190 3191 3257 3256 
3186 3257 3191 3186 3258 3257 3186 3250 3258 
3258 3259 3260 3258 3250 3259 3261 3259 3251 
3251 3259 3250 3259 3262 3263 3261 3262 3259 
3253 3263 3262 3252 3263 3253 3252 3193 3263 
3252 3194 3193 3195 3194 3252 3255 3195 3252 
3188 3195 3255 3190 3256 3197 3256 3257 3264 
3256 3264 3197 3197 3264 3198 3260 3259 3200 
3260 3200 3264 3264 3200 3198 3202 3200 3259 
3263 3202 3259 3193 3202 3263 3208 3265 3207 
3208 3210 3265 3213 3266 3212 3213 3267 3266 
3207 3267 3213 3207 3268 3267 3207 3265 3268 
3269 3270 3268 3214 3269 3268 3214 3268 3265 
3214 3265 3210 3214 3216 3269 3220 3271 3221 
3220 3272 3271 3212 3272 3220 3212 3273 3272 
3212 3266 3273 3267 3273 3266 3274 3270 3269 
3275 3270 3274 3216 3223 3274 3269 3216 3274 
3228 3276 3229 3228 3277 3276 3221 3277 3228 
3221 3278 3277 3221 3271 3278 3272 3278 3271 
3279 3280 3281 3275 3279 3281 3274 3279 3275 
3274 3231 3279 3274 3232 3231 3223 3232 3274 
3276 3282 3237 3229 3276 3237 3283 3276 3277 
3282 3276 3283 3284 3280 3279 3285 3280 3284 
3231 3239 3284 3279 3231 3284 3282 3286 3241 
3237 3282 3241 3287 3282 3283 3286 3282 3287 
3288 3285 3284 3289 3285 3288 3239 3243 3288 
3284 3239 3288 3244 3290 3245 3244 3241 3286 
3244 3286 3290 3290 3286 3291 3292 3286 3287 
3291 3286 3292 3293 3294 3295 3289 3293 3295 
3288 3293 3289 3288 3247 3293 3288 3248 3247 
3243 3248 3288 3245 3290 3249 3251 3249 3290 
3251 3290 3296 3296 3290 3291 3297 3291 3292 
3297 3298 3291 3298 3296 3291 3294 3298 3297 
3293 3298 3294 3293 3253 3298 3293 3254 3253 
3247 3254 3293 3258 3299 3257 3261 3251 3296 
3260 3299 3258 3262 3261 3296 3298 3262 3296 
3253 3262 3298 3257 3299 3264 3260 3264 3299 
3268 3300 3267 3268 3270 3300 3273 3301 3272 
3273 3267 3300 3273 3300 3301 3301 3300 3302 
3270 3275 3302 3300 3270 3302 3278 3303 3277 
3278 3272 3301 3278 3301 3303 3303 3301 3304 
3281 3280 3304 3281 3304 3302 3302 3304 3301 
3275 3281 3302 3303 3305 3283 3277 3303 3283 
3304 3306 3303 3306 3305 3303 3280 3285 3306 
3304 3280 3306 3305 3307 3287 3283 3305 3287 
3306 3308 3305 3308 3307 3305 3285 3289 3308 
3306 3285 3308 3307 3309 3292 3287 3307 3292 
3295 3294 3309 3295 3309 3308 3308 3309 3307 
3289 3295 3308 3292 3309 3297 3294 3297 3309 

CELL_DATA 6612
SCALARS Scalars float
LOOKUP_TABLE default
1 1 1 1 1 1 1 1 1 
1 1 1 1 1 1 1 1 1 
1 1 1 1 1 1 1 1 1 
1 1 1 1 1 1 1 1 1 
1 1 1 1 1 1 1 1 1 
1 1 1 1 1 1 1 1 1 
1 1 1 1 1 1 1 1 1 
1 1 1 1 1 1 1 1 1 
1 1 1 1 1 1 1 1 1 
1 1 1 1 1 1 1 1 1 
1 1 1 1 1 1 1 1 1 
1 1 1 1 1 1 1 1 1 
1 1 1 1 1 1 1 1 1 
1 1 1 1 1 1 1 1 1 
1 1 1 1 1 1 1 1 1 
1 1 1 1 1 1 1 1 1 
1 1 1 1 1 1 1 1 1 
1 1 1 1 1 1 1 1 1 
1 1 1 1 1 1 1 1 1 
1 1 1 1 1 1 1 1 1 
1 1 1 1 1 1 1 1 1 
1 1 1 1 1 1 1 1 1 
1 1 1 1 1 1 1 1 1 
1 1 1 1 1 1 1 1 1 
1 1 1 1 1 1 1 1 1 
1 1 1 1 1 1 1 1 1 
1 1 1 1 1 1 1 1 1 
1 1 1 1 1 1 1 1 1 
1 1 1 1 1 1 1 1 1 
1 1 1 1 1 1 1 1 1 
1 1 1 1 1 1 1 1 1 
1 1 1 1 1 1 1 1 1 
1 1 1 1 1 1 1 1 1 
1 1 1 1 1 1 1 1 1 
1 1 1 1 1 1 1 1 1 
1 1 1 1 1 1 1 1 1 
1 1 1 1 1 1 1 1 1 
1 1 1 1 1 1 1 1 1 
1 1 1 1 1 1 1 1 1 
1 1 1 1 1 1 1 1 1 
1 1 1 1 1 1 1 1 1 
1 1 1 1 1 1 1 1 1 
1 1 1 1 1 1 1 1 1 
1 1 1 1 1 1 1 1 1 
1 1 1 1 1 1 1 1 1 
1 1 1 1 1 1 1 1 1 
1 1 1 1 1 1 1 1 1 
1 1 1 1 1 1 1 1 1 
1 1 1 1 1 1 1 1 1 
1 1 1 1 1 1 1 1 1 
1 1 1 1 1 1 1 1 1 
1 1 1 1 1 1 1 1 1 
1 1 1 1 1 1 1 1 1 
1 1 1 1 1 1 1 1 1 
1 1 1 1 1 1 1 1 1 
1 1 1 1 1 1 1 1 1 
1 1 1 1 1 1 1 1 1 
1 1 1 1 1 1 1 1 1 
1 1 1 1 1 1 1 1 1 
1 1 1 1 1 1 1 1 1 
1 1 1 1 1 1 1 1 1 
1 1 1 1 1 1 1 1 1 
1 1 1 1 1 1 1 1 1 
1 1 1 1 1 1 1 1 1 
1 1 1 1 1 1 1 1 1 
1 1 1 1 1 1 1 1 1 
1 1 1 1 1 1 1 1 1 
1 1 1 1 1 1 1 1 1 
1 1 1 1 1 1 1 1 1 
1 1 1 1 1 1 1 1 1 
1 1 1 1 1 1 1 1 1 
1 1 1 1 1 1 1 1 1 
1 1 1 1 1 1 1 1 1 
1 1 1 1 1 1 1 1 1 
1 1 1 1 1 1 1 1 1 
1 1 1 1 1 1 1 1 1 
1 1 1 1 1 1 1 1 1 
1 1 1 1 1 1 1 1 1 
1 1 1 1 1 1 1 1 1 
1 1 1 1 1 1 1 1 1 
1 1 1 1 1 1 1 1 1 
1 1 1 1 1 1 1 1 1 
1 1 1 1 1 1 1 1 1 
1 1 1 1 1 1 1 1 1 
1 1 1 1 1 1 1 1 1 
1 1 1 1 1 1 1 1 1 
1 1 1 1 1 1 1 1 1 
1 1 1 1 1 1 1 1 1 
1 1 1 1 1 1 1 1 1 
1 1 1 1 1 1 1 1 1 
1 1 1 1 1 1 1 1 1 
1 1 1 1 1 1 1 1 1 
1 1 1 1 1 1 1 1 1 
1 1 1 1 1 1 1 1 1 
1 1 1 1 1 1 1 1 1 
1 1 1 1 1 1 1 1 1 
1 1 1 1 1 1 1 1 1 
1 1 1 1 1 1 1 1 1 
1 1 1 1 1 1 1 1 1 
1 1 1 1 1 1 1 1 1 
1 1 1 1 1 1 1 1 1 
1 1 1 1 1 1 1 1 1 
1 1 1 1 1 1 1 1 1 
1 1 1 1 1 1 1 1 1 
1 1 1 1 1 1 1 1 1 
1 1 1 1 1 1 1 1 1 
1 1 1 1 1 1 1 1 1 
1 1 1 1 1 1 1 1 1 
1 1 1 1 1 1 1 1 1 
1 1 1 1 1 1 1 1 1 
1 1 1 1 1 1 1 1 1 
1 1 1 1 1 1 1 1 1 
1 1 1 1 1 1 1 1 1 
1 1 1 1 1 1 1 1 1 
1 1 1 1 1 1 1 1 1 
1 1 1 1 1 1 1 1 1 
1 1 1 1 1 1 1 1 1 
1 1 1 1 1 1 1 1 1 
1 1 1 1 1 1 1 1 1 
1 1 1 1 1 1 1 1 1 
1 1 1 1 1 1 1 1 1 
1 1 1 1 1 1 1 1 1 
1 1 1 1 1 1 1 1 1 
1 1 1 1 1 1 1 1 1 
1 1 1 1 1 1 1 1 1 
1 1 1 1 1 1 1 1 1 
1 1 1 1 1 1 1 1 1 
1 1 1 1 1 1 1 1 1 
1 1 1 1 1 1 1 1 1 
1 1 1 1 1 1 1 1 1 
1 1 1 1 1 1 1 1 1 
1 1 1 1 1 1 1 1 1 
1 1 1 1 1 1 1 1 1 
1 1 1 1 1 1 1 1 1 
1 1 1 1 1 1 1 1 1 
1 1 1 1 1 1 1 1 1 
1 1 1 1 1 1 1 1 1 
1 1 1 1 1 1 1 1 1 
1 1 1 1 1 1 1 1 1 
1 1 1 1 1 1 1 1 1 
1 1 1 1 1 1 1 1 1 
1 1 1 1 1 1 1 1 1 
1 1 1 1 1 1 1 1 1 
1 1 1 1 1 1 1 1 1 
1 1 1 1 1 1 1 1 1 
1 1 1 1 1 1 1 1 1 
1 1 1 1 1 1 1 1 1 
1 1 1 1 1 1 1 1 1 
1 1 1 1 1 1 1 1 1 
1 1 1 1 1 1 1 1 1 
1 1 1 1 1 1 1 1 1 
1 1 1 1 1 1 1 1 1 
1 1 1 1 1 1 1 1 1 
1 1 1 1 1 1 1 1 1 
1 1 1 1 1 1 1 1 1 
1 1 1 1 1 1 1 1 1 
1 1 1 1 1 1 1 1 1 
1 1 1 1 1 1 1 1 1 
1 1 1 1 1 1 1 1 1 
1 1 1 1 1 1 1 1 1 
1 1 1 1 1 1 1 1 1 
1 1 1 1 1 1 1 1 1 
1 1 1 1 1 1 1 1 1 
1 1 1 1 1 1 1 1 1 
1 1 1 1 1 1 1 1 1 
1 1 1 1 1 1 1 1 1 
1 1 1 1 1 1 1 1 1 
1 1 1 1 1 1 1 1 1 
1 1 1 1 1 1 1 1 1 
1 1 1 1 1 1 1 1 1 
1 1 1 1 1 1 1 1 1 
1 1 1 1 1 1 1 1 1 
1 1 1 1 1 1 1 1 1 
1 1 1 1 1 1 1 1 1 
1 1 1 1 1 1 1 1 1 
1 1 1 1 1 1 1 1 1 
1 1 1 1 1 1 1 1 1 
1 1 1 1 1 1 1 1 1 
1 1 1 1 1 1 1 1 1 
1 1 1 1 1 1 1 1 1 
1 1 1 1 1 1 1 1 1 
1 1 1 1 1 1 1 1 1 
1 1 1 1 1 1 1 1 1 
1 1 1 1 1 1 1 1 1 
1 1 1 1 1 1 1 1 1 
1 1 1 1 1 1 1 1 1 
1 1 1 1 1 1 1 1 1 
1 1 1 1 1 1 1 1 1 
1 1 1 1 1 1 1 1 1 
1 1 1 1 1 1 1 1 1 
1 1 1 1 1 1 1 1 1 
1 1 1 1 1 1 1 1 1 
1 1 1 1 1 1 1 1 1 
1 1 1 1 1 1 1 1 1 
1 1 1 1 1 1 1 1 1 
1 1 1 1 1 1 1 1 1 
1 1 1 1 1 1 1 1 1 
1 1 1 1 1 1 1 1 1 
1 1 1 1 1 1 1 1 1 
1 1 1 1 1 1 1 1 1 
1 1 1 1 1 1 1 1 1 
1 1 1 1 1 1 1 1 1 
1 1 1 1 1 1 1 1 1 
1 1 1 1 1 1 1 1 1 
1 1 1 1 1 1 1 1 1 
1 1 1 1 1 1 1 1 1 
1 1 1 1 1 1 1 1 1 
1 1 1 1 1 1 1 1 1 
1 1 1 1 1 1 1 1 1 
1 1 1 1 1 1 1 1 1 
1 1 1 1 1 1 1 1 1 
1 1 1 1 1 1 1 1 1 
1 1 1 1 1 1 1 1 1 
1 1 1 1 1 1 1 1 1 
1 1 1 1 1 1 1 1 1 
1 1 1 1 1 1 1 1 1 
1 1 1 1 1 1 1 1 1 
1 1 1 1 1 1 1 1 1 
1 1 1 1 1 1 1 1 1 
1 1 1 1 1 1 1 1 1 
1 1 1 1 1 1 1 1 1 
1 1 1 1 1 1 1 1 1 
1 1 1 1 1 1 1 1 1 
1 1 1 1 1 1 1 1 1 
1 1 1 1 1 1 1 1 1 
1 1 1 1 1 1 1 1 1 
1 1 1 1 1 1 1 1 1 
1 1 1 1 1 1 1 1 1 
1 1 1 1 1 1 1 1 1 
1 1 1 1 1 1 1 1 1 
1 1 1 1 1 1 1 1 1 
1 1 1 1 1 1 1 1 1 
1 1 1 1 1 1 1 1 1 
1 1 1 1 1 1 1 1 1 
1 1 1 1 1 1 1 1 1 
1 1 1 1 1 1 1 1 1 
1 1 1 1 1 1 1 1 1 
1 1 1 1 1 1 1 1 1 
1 1 1 1 1 1 1 1 1 
1 1 1 1 1 1 1 1 1 
1 1 1 1 1 1 1 1 1 
1 1 1 1 1 1 1 1 1 
1 1 1 1 1 1 1 1 1 
1 1 1 1 1 1 1 1 1 
1 1 1 1 1 1 1 1 1 
1 1 1 1 1 1 1 1 1 
1 1 1 1 1 1 1 1 1 
1 1 1 1 1 1 1 1 1 
1 1 1 1 1 1 1 1 1 
1 1 1 1 1 1 1 1 1 
1 1 1 1 1 1 1 1 1 
1 1 1 1 1 1 1 1 1 
1 1 1 1 1 1 1 1 1 
1 1 1 1 1 1 1 1 1 
1 1 1 1 1 1 1 1 1 
1 1 1 1 1 1 1 1 1 
1 1 1 1 1 1 1 1 1 
1 1 1 1 1 1 1 1 1 
1 1 1 1 1 1 1 1 1 
1 1 1 1 1 1 1 1 1 
1 1 1 1 1 1 1 1 1 
1 1 1 1 1 1 1 1 1 
1 1 1 1 1 1 1 1 1 
1 1 1 1 1 1 1 1 1 
1 1 1 1 1 1 1 1 1 
1 1 1 1 1 1 1 1 1 
1 1 1 1 1 1 1 1 1 
1 1 1 1 1 1 1 1 1 
1 1 1 1 1 1 1 1 1 
1 1 1 1 1 1 1 1 1 
1 1 1 1 1 1 1 1 1 
1 1 1 1 1 1 1 1 1 
1 1 1 1 1 1 1 1 1 
1 1 1 1 1 1 1 1 1 
1 1 1 1 1 1 1 1 1 
1 1 1 1 1 1 1 1 1 
1 1 1 1 1 1 1 1 1 
1 1 1 1 1 1 1 1 1 
1 1 1 1 1 1 1 1 1 
1 1 1 1 1 1 1 1 1 
1 1 1 1 1 1 1 1 1 
1 1 1 1 1 1 1 1 1 
1 1 1 1 1 1 1 1 1 
1 1 1 1 1 1 1 1 1 
1 1 1 1 1 1 1 1 1 
1 1 1 1 1 1 1 1 1 
1 1 1 1 1 1 1 1 1 
1 1 1 1 1 1 1 1 1 
1 1 1 1 1 1 1 1 1 
1 1 1 1 1 1 1 1 1 
1 1 1 1 1 1 1 1 1 
1 1 1 1 1 1 1 1 1 
1 1 1 1 1 1 1 1 1 
1 1 1 1 1 1 1 1 1 
1 1 1 1 1 1 1 1 1 
1 1 1 1 1 1 1 1 1 
1 1 1 1 1 1 1 1 1 
1 1 1 1 1 1 1 1 1 
1 1 1 1 1 1 1 1 1 
1 1 1 1 1 1 1 1 1 
1 1 1 1 1 1 1 1 1 
1 1 1 1 1 1 1 1 1 
1 1 1 1 1 1 1 1 1 
1 1 1 1 1 1 1 1 1 
1 1 1 1 1 1 1 1 1 
1 1 1 1 1 1 1 1 1 
1 1 1 1 1 1 1 1 1 
1 1 1 1 1 1 1 1 1 
1 1 1 1 1 1 1 1 1 
1 1 1 1 1 1 1 1 1 
1 1 1 1 1 1 1 1 1 
1 1 1 1 1 1 1 1 1 
1 1 1 1 1 1 1 1 1 
1 1 1 1 1 1 1 1 1 
1 1 1 1 1 1 1 1 1 
1 1 1 1 1 1 1 1 1 
1 1 1 1 1 1 1 1 1 
1 1 1 1 1 1 1 1 1 
1 1 1 1 1 1 1 1 1 
1 1 1 1 1 1 1 1 1 
1 1 1 1 1 1 1 1 1 
1 1 1 1 1 1 1 1 1 
1 1 1 1 1 1 1 1 1 
1 1 1 1 1 1 1 1 1 
1 1 1 1 1 1 1 1 1 
1 1 1 1 1 1 1 1 1 
1 1 1 1 1 1 1 1 1 
1 1 1 1 1 1 1 1 1 
1 1 1 1 1 1 1 1 1 
1 1 1 1 1 1 1 1 1 
1 1 1 1 1 1 1 1 1 
1 1 1 1 1 1 1 1 1 
1 1 1 1 1 1 1 1 1 
1 1 1 1 1 1 1 1 1 
1 1 1 1 1 1 1 1 1 
1 1 1 1 1 1 1 1 1 
1 1 1 1 1 1 1 1 1 
1 1 1 1 1 1 1 1 1 
1 1 1 1 1 1 1 1 1 
1 1 1 1 1 1 1 1 1 
1 1 1 1 1 1 1 1 1 
1 1 1 1 1 1 1 1 1 
1 1 1 1 1 1 1 1 1 
1 1 1 1 1 1 1 1 1 
1 1 1 1 1 1 1 1 1 
1 1 1 1 1 1 1 1 1 
1 1 1 1 1 1 1 1 1 
1 1 1 1 1 1 1 1 1 
1 1 1 1 1 1 1 1 1 
1 1 1 1 1 1 1 1 1 
1 1 1 1 1 1 1 1 1 
1 1 1 1 1 1 1 1 1 
1 1 1 1 1 1 1 1 1 
1 1 1 1 1 1 1 1 1 
1 1 1 1 1 1 1 1 1 
1 1 1 1 1 1 1 1 1 
1 1 1 1 1 1 1 1 1 
1 1 1 1 1 1 1 1 1 
1 1 1 1 1 1 1 1 1 
1 1 1 1 1 1 1 1 1 
1 1 1 1 1 1 1 1 1 
1 1 1 1 1 1 1 1 1 
1 1 1 1 1 1 1 1 1 
1 1 1 1 1 1 1 1 1 
1 1 1 1 1 1 1 1 1 
1 1 1 1 1 1 1 1 1 
1 1 1 1 1 1 1 1 1 
1 1 1 1 1 1 1 1 1 
1 1 1 1 1 1 1 1 1 
1 1 1 1 1 1 1 1 1 
1 1 1 1 1 1 1 1 1 
1 1 1 1 1 1 1 1 1 
1 1 1 1 1 1 1 1 1 
1 1 1 1 1 1 1 1 1 
1 1 1 1 1 1 1 1 1 
1 1 1 1 1 1 1 1 1 
1 1 1 1 1 1 1 1 1 
1 1 1 1 1 1 1 1 1 
1 1 1 1 1 1 1 1 1 
1 1 1 1 1 1 1 1 1 
1 1 1 1 1 1 1 1 1 
1 1 1 1 1 1 1 1 1 
1 1 1 1 1 1 1 1 1 
1 1 1 1 1 1 1 1 1 
1 1 1 1 1 1 1 1 1 
1 1 1 1 1 1 1 1 1 
1 1 1 1 1 1 1 1 1 
1 1 1 1 1 1 1 1 1 
1 1 1 1 1 1 1 1 1 
1 1 1 1 1 1 1 1 1 
1 1 1 1 1 1 1 1 1 
1 1 1 1 1 1 1 1 1 
1 1 1 1 1 1 1 1 1 
1 1 1 1 1 1 1 1 1 
1 1 1 1 1 1 1 1 1 
1 1 1 1 1 1 1 1 1 
1 1 1 1 1 1 1 1 1 
1 1 1 1 1 1 1 1 1 
1 1 1 1 1 1 1 1 1 
1 1 1 1 1 1 1 1 1 
1 1 1 1 1 1 1 1 1 
1 1 1 1 1 1 1 1 1 
1 1 1 1 1 1 1 1 1 
1 1 1 1 1 1 1 1 1 
1 1 1 1 1 1 1 1 1 
1 1 1 1 1 1 1 1 1 
1 1 1 1 1 1 1 1 1 
1 1 1 1 1 1 1 1 1 
1 1 1 1 1 1 1 1 1 
1 1 1 1 1 1 1 1 1 
1 1 1 1 1 1 1 1 1 
1 1 1 1 1 1 1 1 1 
1 1 1 1 1 1 1 1 1 
1 1 1 1 1 1 1 1 1 
1 1 1 1 1 1 1 1 1 
1 1 1 1 1 1 1 1 1 
1 1 1 1 1 1 1 1 1 
1 1 1 1 1 1 1 1 1 
1 1 1 1 1 1 1 1 1 
1 1 1 1 1 1 1 1 1 
1 1 1 1 1 1 1 1 1 
1 1 1 1 1 1 1 1 1 
1 1 1 1 1 1 1 1 1 
1 1 1 1 1 1 1 1 1 
1 1 1 1 1 1 1 1 1 
1 1 1 1 1 1 1 1 1 
1 1 1 1 1 1 1 1 1 
1 1 1 1 1 1 1 1 1 
1 1 1 1 1 1 1 1 1 
1 1 1 1 1 1 1 1 1 
1 1 1 1 1 1 1 1 1 
1 1 1 1 1 1 1 1 1 
1 1 1 1 1 1 1 1 1 
1 1 1 1 1 1 1 1 1 
1 1 1 1 1 1 1 1 1 
1 1 1 1 1 1 1 1 1 
1 1 1 1 1 1 1 1 1 
1 1 1 1 1 1 1 1 1 
1 1 1 1 1 1 1 1 1 
1 1 1 1 1 1 1 1 1 
1 1 1 1 1 1 1 1 1 
1 1 1 1 1 1 1 1 1 
1 1 1 1 1 1 1 1 1 
1 1 1 1 1 1 1 1 1 
1 1 1 1 1 1 1 1 1 
1 1 1 1 1 1 1 1 1 
1 1 1 1 1 1 1 1 1 
1 1 1 1 1 1 1 1 1 
1 1 1 1 1 1 1 1 1 
1 1 1 1 1 1 1 1 1 
1 1 1 1 1 1 1 1 1 
1 1 1 1 1 1 1 1 1 
1 1 1 1 1 1 1 1 1 
1 1 1 1 1 1 1 1 1 
1 1 1 1 1 1 1 1 1 
1 1 1 1 1 1 1 1 1 
1 1 1 1 1 1 1 1 1 
1 1 1 1 1 1 1 1 1 
1 1 1 1 1 1 1 1 1 
1 1 1 1 1 1 1 1 1 
1 1 1 1 1 1 1 1 1 
1 1 1 1 1 1 1 1 1 
1 1 1 1 1 1 1 1 1 
1 1 1 1 1 1 1 1 1 
1 1 1 1 1 1 1 1 1 
1 1 1 1 1 1 1 1 1 
1 1 1 1 1 1 1 1 1 
1 1 1 1 1 1 1 1 1 
1 1 1 1 1 1 1 1 1 
1 1 1 1 1 1 1 1 1 
1 1 1 1 1 1 1 1 1 
1 1 1 1 1 1 1 1 1 
1 1 1 1 1 1 1 1 1 
1 1 1 1 1 1 1 1 1 
1 1 1 1 1 1 1 1 1 
1 1 1 1 1 1 1 1 1 
1 1 1 1 1 1 1 1 1 
1 1 1 1 1 1 1 1 1 
1 1 1 1 1 1 1 1 1 
1 1 1 1 1 1 1 1 1 
1 1 1 1 1 1 1 1 1 
1 1 1 1 1 1 1 1 1 
1 1 1 1 1 1 1 1 1 
1 1 1 1 1 1 1 1 1 
1 1 1 1 1 1 1 1 1 
1 1 1 1 1 1 1 1 1 
1 1 1 1 1 1 1 1 1 
1 1 1 1 1 1 1 1 1 
1 1 1 1 1 1 1 1 1 
1 1 1 1 1 1 1 1 1 
1 1 1 1 1 1 1 1 1 
1 1 1 1 1 1 1 1 1 
1 1 1 1 1 1 1 1 1 
1 1 1 1 1 1 1 1 1 
1 1 1 1 1 1 1 1 1 
1 1 1 1 1 1 1 1 1 
1 1 1 1 1 1 1 1 1 
1 1 1 1 1 1 1 1 1 
1 1 1 1 1 1 1 1 1 
1 1 1 1 1 1 1 1 1 
1 1 1 1 1 1 1 1 1 
1 1 1 1 1 1 1 1 1 
1 1 1 1 1 1 1 1 1 
1 1 1 1 1 1 1 1 1 
1 1 1 1 1 1 1 1 1 
1 1 1 1 1 1 1 1 1 
1 1 1 1 1 1 1 1 1 
1 1 1 1 1 1 1 1 1 
1 1 1 1 1 1 1 1 1 
1 1 1 1 1 1 1 1 1 
1 1 1 1 1 1 1 1 1 
1 1 1 1 1 1 1 1 1 
1 1 1 1 1 1 1 1 1 
1 1 1 1 1 1 1 1 1 
1 1 1 1 1 1 1 1 1 
1 1 1 1 1 1 1 1 1 
1 1 1 1 1 1 1 1 1 
1 1 1 1 1 1 1 1 1 
1 1 1 1 1 1 1 1 1 
1 1 1 1 1 1 1 1 1 
1 1 1 1 1 1 1 1 1 
1 1 1 1 1 1 1 1 1 
1 1 1 1 1 1 1 1 1 
1 1 1 1 1 1 1 1 1 
1 1 1 1 1 1 1 1 1 
1 1 1 1 1 1 1 1 1 
1 1 1 1 1 1 1 1 1 
1 1 1 1 1 1 1 1 1 
1 1 1 1 1 1 1 1 1 
1 1 1 1 1 1 1 1 1 
1 1 1 1 1 1 1 1 1 
1 1 1 1 1 1 1 1 1 
1 1 1 1 1 1 1 1 1 
1 1 1 1 1 1 1 1 1 
1 1 1 1 1 1 1 1 1 
1 1 1 1 1 1 1 1 1 
1 1 1 1 1 1 1 1 1 
1 1 1 1 1 1 1 1 1 
1 1 1 1 1 1 1 1 1 
1 1 1 1 1 1 1 1 1 
1 1 1 1 1 1 1 1 1 
1 1 1 1 1 1 1 1 1 
1 1 1 1 1 1 1 1 1 
1 1 1 1 1 1 1 1 1 
1 1 1 1 1 1 1 1 1 
1 1 1 1 1 1 1 1 1 
1 1 1 1 1 1 1 1 1 
1 1 1 1 1 1 1 1 1 
1 1 1 1 1 1 1 1 1 
1 1 1 1 1 1 1 1 1 
1 1 1 1 1 1 1 1 1 
1 1 1 1 1 1 1 1 1 
1 1 1 1 1 1 1 1 1 
1 1 1 1 1 1 1 1 1 
1 1 1 1 1 1 1 1 1 
1 1 1 1 1 1 1 1 1 
1 1 1 1 1 1 1 1 1 
1 1 1 1 1 1 1 1 1 
1 1 1 1 1 1 1 1 1 
1 1 1 1 1 1 1 1 1 
1 1 1 1 1 1 1 1 1 
1 1 1 1 1 1 1 1 1 
1 1 1 1 1 1 1 1 1 
1 1 1 1 1 1 1 1 1 
1 1 1 1 1 1 1 1 1 
1 1 1 1 1 1 1 1 1 
1 1 1 1 1 1 1 1 1 
1 1 1 1 1 1 1 1 1 
1 1 1 1 1 1 1 1 1 
1 1 1 1 1 1 1 1 1 
1 1 1 1 1 1 1 1 1 
1 1 1 1 1 1 1 1 1 
1 1 1 1 1 1 1 1 1 
1 1 1 1 1 1 1 1 1 
1 1 1 1 1 1 1 1 1 
1 1 1 1 1 1 1 1 1 
1 1 1 1 1 1 1 1 1 
1 1 1 1 1 1 1 1 1 
1 1 1 1 1 1 1 1 1 
1 1 1 1 1 1 1 1 1 
1 1 1 1 1 1 1 1 1 
1 1 1 1 1 1 1 1 1 
1 1 1 1 1 1 1 1 1 
1 1 1 1 1 1 1 1 1 
1 1 1 1 1 1 1 1 1 
1 1 1 1 1 1 1 1 1 
1 1 1 1 1 1 1 1 1 
1 1 1 1 1 1 1 1 1 
1 1 1 1 1 1 1 1 1 
1 1 1 1 1 1 1 1 1 
1 1 1 1 1 1 1 1 1 
1 1 1 1 1 1 1 1 1 
1 1 1 1 1 1 1 1 1 
1 1 1 1 1 1 1 1 1 
1 1 1 1 1 1 1 1 1 
1 1 1 1 1 1 1 1 1 
1 1 1 1 1 1 1 1 1 
1 1 1 1 1 1 1 1 1 
1 1 1 1 1 1 1 1 1 
1 1 1 1 1 1 1 1 1 
1 1 1 1 1 1 1 1 1 
1 1 1 1 1 1 1 1 1 
1 1 1 1 1 1 1 1 1 
1 1 1 1 1 1 1 1 1 
1 1 1 1 1 1 1 1 1 
1 1 1 1 1 1 1 1 1 
1 1 1 1 1 1 1 1 1 
1 1 1 1 1 1 1 1 1 
1 1 1 1 1 1 1 1 1 
1 1 1 1 1 1 1 1 1 
1 1 1 1 1 1 1 1 1 
1 1 1 1 1 1 1 1 1 
1 1 1 1 1 1 1 1 1 
1 1 1 1 1 1 1 1 1 
1 1 1 1 1 1 1 1 1 
1 1 1 1 1 1 1 1 1 
1 1 1 1 1 1 1 1 1 
1 1 1 1 1 1 1 1 1 
1 1 1 1 1 1 1 1 1 
1 1 1 1 1 1 1 1 1 
1 1 1 1 1 1 1 1 1 
1 1 1 1 1 1 1 1 1 
1 1 1 1 1 1 1 1 1 
1 1 1 1 1 1 1 1 1 
1 1 1 1 1 1 1 1 1 
1 1 1 1 1 1 1 1 1 
1 1 1 1 1 1 1 1 1 
1 1 1 1 1 1 1 1 1 
1 1 1 1 1 1 1 1 1 
1 1 1 1 1 1 1 1 1 
1 1 1 1 1 1 1 1 1 
1 1 1 1 1 1 1 1 1 
1 1 1 1 1 1 1 1 1 
1 1 1 1 1 1 1 1 1 
1 1 1 1 1 1 1 1 1 
1 1 1 1 1 1 1 1 1 
1 1 1 1 1 1 1 1 1 
1 1 1 1 1 1 1 1 1 
1 1 1 1 1 1 1 1 1 
1 1 1 1 1 1 1 1 1 
1 1 1 1 1 1 1 1 1 
1 1 1 1 1 1 1 1 1 
1 1 1 1 1 1 1 1 1 
1 1 1 1 1 1 1 1 1 
1 1 1 1 1 1 1 1 1 
1 1 1 1 1 1 1 1 1 
1 1 1 1 1 1 1 1 1 
1 1 1 1 1 1 1 1 1 
1 1 1 1 1 1 1 1 1 
1 1 1 1 1 1 1 1 1 
1 1 1 1 1 1 1 1 1 
1 1 1 1 1 1 1 1 1 
1 1 1 1 1 1 1 1 1 
1 1 1 1 1 1 1 1 1 
1 1 1 1 1 1 1 1 1 
1 1 1 1 1 1 1 1 1 
1 1 1 1 1 1 1 1 1 
1 1 1 1 1 1 1 1 1 
1 1 1 1 1 1 1 1 1 
1 1 1 1 1 1 1 1 1 
1 1 1 1 1 1 1 1 1 
1 1 1 1 1 1 1 1 1 
1 1 1 1 1 1 1 1 1 
1 1 1 1 1 1 1 1 1 
1 1 1 1 1 1 1 1 1 
1 1 1 1 1 1 1 1 1 
1 1 1 1 1 1 1 1 1 
1 1 1 1 1 1 1 1 1 
1 1 1 1 1 1 1 1 1 
1 1 1 1 1 1 1 1 1 
1 1 1 1 1 1 1 1 1 
1 1 1 1 1 1 1 1 1 
1 1 1 1 1 1 1 1 1 
1 1 1 1 1 1 1 1 1 
1 1 1 1 1 1 1 1 1 
1 1 1 1 1 1 1 1 1 
1 1 1 1 1 1 1 1 1 
1 1 1 1 1 1 1 1 1 
1 1 1 1 1 1 1 1 1 
1 1 1 1 1 1 1 1 1 
1 1 1 1 1 1 1 1 1 
1 1 1 1 1 1 1 1 1 
1 1 1 1 1 1 1 1 1 
1 1 1 1 1 1 1 1 1 
1 1 1 1 1 1 1 1 1 
1 1 1 1 1 1 1 1 1 
1 1 1 1 1 1 1 1 1 
1 1 1 1 1 1 1 1 1 
1 1 1 1 1 1 1 1 1 
1 1 1 1 1 1 1 1 1 
1 1 1 1 1 1 1 1 1 
1 1 1 1 1 1 1 1 1 
1 1 1 1 1 1 1 1 1 
1 1 1 1 1 1 1 1 1 
1 1 1 1 1 1 1 1 1 
1 1 1 1 1 1 1 1 1 
1 1 1 1 1 1 1 1 1 
1 1 1 1 1 1 1 1 1 
1 1 1 1 1 1 1 1 1 
1 1 1 1 1 1 1 1 1 
1 1 1 1 1 1 1 1 1 
1 1 1 1 1 1 1 1 1 
1 1 1 1 1 1 1 1 1 
1 1 1 1 1 1 1 1 1 
1 1 1 1 1 1 1 1 1 
1 1 1 1 1 1 1 1 1 
1 1 1 1 1 1 1 1 1 
1 1 1 1 1 1 1 1 1 
1 1 1 1 1 1 1 1 1 
1 1 1 1 1 1 1 1 1 
1 1 1 1 1 1 1 1 1 
1 1 1 1 1 1 1 1 1 
1 1 1 1 1 1 1 1 1 
1 1 1 1 1 1 1 1 1 
1 1 1 1 1 1 1 1 1 
1 1 1 1 1 1 1 1 1 
1 1 1 1 1 1 1 1 1 
1 1 1 1 1 1 1 1 1 
1 1 1 1 1 1 1 1 1 
1 1 1 1 1 1 1 1 1 
1 1 1 1 1 1 1 1 1 
1 1 1 1 1 1 1 1 1 
1 1 1 1 1 1 1 1 1 
1 1 1 1 1 1 1 1 1 
1 1 1 1 1 1 1 1 1 
1 1 1 1 1 1 1 1 1 
1 1 1 1 1 1 1 1 1 
1 1 1 1 1 1 1 1 1 
1 1 1 1 1 1 1 1 1 
1 1 1 1 1 1 1 1 1 
1 1 1 1 1 1 1 1 1 
1 1 1 1 1 1 1 1 1 
1 1 1 1 1 1 1 1 1 
1 1 1 1 1 1 1 1 1 
1 1 1 1 1 1 
