# vtk DataFile Version 5.1
vtk output
ASCII
DATASET POLYDATA
POINTS 3352 float
0.40441 0.0103442 0.634613 0.40315 0.0139802 0.612458 0.386535 0.00313062 0.623034 
0.417995 -0.000820088 0.620597 0.2768 0.0004971 0.663077 0.27554 0.0041331 0.640922 
0.258924 -0.00671651 0.651498 0.30826 -0.00345361 0.66064 0.307 0.000182398 0.638485 
0.321844 -0.0146179 0.646623 0.401379 -0.0116697 0.631172 0.212109 -0.0172515 0.686666 
0.210849 -0.0136155 0.664512 0.194233 -0.0244651 0.675087 0.243569 -0.0212022 0.684229 
0.242309 -0.0175662 0.662074 0.275028 -0.0251529 0.681791 0.288613 -0.0363172 0.667775 
0.305228 -0.0254676 0.657199 0.147418 -0.035 0.710255 0.146158 -0.031364 0.688101 
0.129542 -0.0422136 0.698676 0.178878 -0.0389507 0.707818 0.177618 -0.0353147 0.685663 
0.210338 -0.0429014 0.70538 0.241797 -0.0468521 0.702943 0.255382 -0.0580164 0.688926 
0.271997 -0.0471668 0.678351 0.114187 -0.0566993 0.731407 0.112927 -0.0530633 0.709252 
0.0963112 -0.0639129 0.719828 0.145647 -0.06065 0.728969 0.177106 -0.0646007 0.726532 
0.190691 -0.075765 0.712515 0.207306 -0.0649154 0.70194 0.238766 -0.0688661 0.699502 
0.0809556 -0.0783985 0.752558 0.0796957 -0.0747625 0.730404 0.0630801 -0.0856121 0.740979 
0.112415 -0.0823492 0.750121 0.143875 -0.0862999 0.747684 0.15746 -0.0974642 0.733667 
0.174075 -0.0866146 0.723091 0.0779245 -0.100412 0.749118 0.0927689 -0.115213 0.757256 
0.110644 -0.107999 0.768835 0.124229 -0.119164 0.754819 0.140844 -0.108314 0.744243 
0.107613 -0.130013 0.765395 0.309282 0.0551184 0.578902 0.308022 0.0587544 0.556747 
0.291407 0.0479048 0.567323 0.340742 0.0511677 0.576464 0.339482 0.0548037 0.55431 
0.372202 0.0472169 0.574027 0.370942 0.050853 0.551872 0.385786 0.0360527 0.560011 
0.213131 0.0413205 0.604929 0.211871 0.0449565 0.582774 0.195256 0.0341069 0.59335 
0.244591 0.0373698 0.602491 0.243331 0.0410058 0.580336 0.276051 0.0334191 0.600054 
0.274791 0.0370551 0.577899 0.307511 0.0294684 0.597616 0.338971 0.0255177 0.595179 
0.370431 0.021567 0.592741 0.400631 0.0212523 0.568149 0.401891 0.0176163 0.590304 
0.415475 0.006452 0.576287 0.1799 0.0196213 0.62608 0.17864 0.0232573 0.603926 
0.162025 0.0124077 0.614501 0.21136 0.0156706 0.623643 0.24282 0.0117198 0.621205 
0.27428 0.00776914 0.618768 0.30574 0.00381843 0.61633 0.3372 -0.000132267 0.613893 
0.36866 -0.00408297 0.611455 0.413704 -0.019198 0.595001 0.115209 0.00187272 0.649669 
0.113949 0.00550874 0.627515 0.0973336 -0.00534087 0.63809 0.146669 -0.00207799 0.647232 
0.145409 0.00155804 0.625077 0.178129 -0.00602869 0.644794 0.209589 -0.0099794 0.642357 
0.241049 -0.0139301 0.639919 0.335429 -0.0257822 0.632607 0.366888 -0.0297329 0.630169 
0.398348 -0.0336836 0.627732 0.411933 -0.0448479 0.613716 0.0505181 -0.0158758 0.673258 
0.0492582 -0.0122398 0.651104 0.0326427 -0.0230894 0.66168 0.081978 -0.0198265 0.670821 
0.0807181 -0.0161905 0.648666 0.113438 -0.0237772 0.668383 0.144898 -0.0277279 0.665946 
0.176358 -0.0316787 0.663508 0.302197 -0.0474815 0.653758 0.315782 -0.0586458 0.639742 
0.332397 -0.0477961 0.629166 0.363857 -0.0517469 0.626729 0.395317 -0.0556976 0.624291 
-0.0141728 -0.0336244 0.696848 -0.0154328 -0.0299884 0.674693 -0.0320483 -0.040838 0.685269 
0.0172871 -0.0375751 0.69441 0.0160272 -0.0339391 0.672255 0.048747 -0.0415258 0.691972 
0.0802069 -0.0454765 0.689535 0.111667 -0.0494272 0.687098 0.251091 -0.0763943 0.663331 
0.267706 -0.0655447 0.652755 0.299166 -0.0694954 0.650318 -0.110324 -0.0474222 0.722874 
-0.111584 -0.0437862 0.700719 -0.128199 -0.0546358 0.711295 -0.0788638 -0.0513729 0.720437 
-0.0801237 -0.0477369 0.698282 -0.0474039 -0.0553236 0.717999 -0.0486638 -0.0516876 0.695844 
-0.015944 -0.0592743 0.715562 0.0155159 -0.0632251 0.713124 0.0469758 -0.0671758 0.710687 
0.0784358 -0.0711265 0.708249 0.1864 -0.0941429 0.68692 0.203016 -0.0832933 0.676344 
0.234475 -0.087244 0.673907 -0.113355 -0.0694362 0.719434 -0.0985104 -0.0842365 0.727572 
-0.0806349 -0.0770229 0.739151 -0.049175 -0.0809736 0.736713 -0.0177151 -0.0849243 0.734276 
0.0137448 -0.088875 0.731838 0.0452047 -0.0928257 0.729401 0.139584 -0.104678 0.722088 
0.121709 -0.111891 0.710509 0.138325 -0.101042 0.699934 0.169784 -0.104993 0.697496 
-0.0824061 -0.102673 0.757865 -0.100282 -0.109886 0.746286 -0.0509462 -0.106624 0.755427 
-0.0194863 -0.110574 0.75299 0.0119737 -0.114525 0.750552 0.0434336 -0.118476 0.748115 
0.0748935 -0.122426 0.745677 0.088478 -0.133591 0.731661 0.105093 -0.122741 0.721085 
0.106353 -0.126377 0.74324 -0.0854371 -0.124687 0.754424 -0.0539772 -0.128637 0.751987 
-0.0391328 -0.143438 0.760125 -0.0212574 -0.136224 0.771704 0.0102025 -0.140175 0.769266 
0.023787 -0.151339 0.75525 0.0404025 -0.14049 0.744674 0.0718624 -0.14444 0.742237 
-0.0859484 -0.153973 0.795293 -0.0872083 -0.150337 0.773138 -0.103824 -0.161186 0.783714 
-0.0544885 -0.157923 0.792856 -0.0557484 -0.154287 0.770701 -0.0230285 -0.161874 0.790418 
-0.00944407 -0.173038 0.776402 0.00717145 -0.162189 0.765826 -0.0889794 -0.175987 0.791853 
-0.0575195 -0.179937 0.789415 -0.0260596 -0.183888 0.786978 0.308533 0.0880404 0.515878 
0.307273 0.0916764 0.493724 0.290658 0.0808268 0.5043 0.339993 0.0840896 0.513441 
0.338733 0.0877257 0.491286 0.353578 0.0729254 0.499425 0.212382 0.0742425 0.541905 
0.211122 0.0778786 0.51975 0.194507 0.0670289 0.530326 0.243842 0.0702918 0.539468 
0.242582 0.0739279 0.517313 0.275302 0.0663411 0.53703 0.274042 0.0699771 0.514875 
0.306762 0.0623904 0.534593 0.338222 0.0584397 0.532155 0.368422 0.0581251 0.507563 
0.369682 0.054489 0.529718 0.383266 0.0433247 0.515701 0.0847716 0.0643954 0.570369 
0.0835117 0.0680314 0.548214 0.0668962 0.0571818 0.55879 0.116232 0.0604447 0.567932 
0.114972 0.0640807 0.545777 0.147691 0.056494 0.565494 0.146432 0.06013 0.543339 
0.179151 0.0525433 0.563057 0.177891 0.0561793 0.540902 0.210611 0.0485926 0.560619 
0.242071 0.0446419 0.558182 0.273531 0.0406912 0.555744 0.399371 0.0248883 0.545994 
0.398111 0.0285244 0.52384 0.412955 0.0137241 0.531978 -0.137219 0.0664004 0.606146 
-0.138479 0.0700364 0.583991 -0.155094 0.0591868 0.594567 -0.105759 0.0624496 0.603708 
-0.107019 0.0660857 0.581554 -0.0742991 0.0584989 0.601271 -0.075559 0.062135 0.579116 
-0.0428392 0.0545482 0.598833 -0.0440991 0.0581843 0.576679 -0.0113793 0.0505975 0.596396 
-0.0126392 0.0542336 0.574241 0.0200807 0.0466468 0.593958 0.0188207 0.0502829 0.571804 
0.0515406 0.0426961 0.591521 0.0502806 0.0463322 0.569366 0.0830005 0.0387454 0.589083 
0.11446 0.0347947 0.586646 0.14592 0.030844 0.584208 0.17738 0.0268933 0.581771 
0.411184 -0.0119259 0.550692 -0.13899 0.0407504 0.62486 -0.156866 0.0335368 0.613281 
-0.10753 0.0367997 0.622422 -0.0760702 0.032849 0.619985 -0.0446103 0.0288983 0.617547 
-0.0131504 0.0249476 0.61511 0.0183095 0.0209969 0.612672 0.0497694 0.0170462 0.610235 
0.0812293 0.0130955 0.607797 0.112689 0.00914476 0.60536 0.144149 0.00519406 0.602922 
0.409413 -0.0375759 0.569406 -0.140761 0.0151005 0.643574 -0.158637 0.00788687 0.631995 
-0.109301 0.0111497 0.641136 -0.0778414 0.00719904 0.638699 -0.0463815 0.00324834 0.636262 
-0.0149215 -0.000702365 0.633824 0.0165384 -0.00465307 0.631387 0.0479983 -0.00860378 0.628949 
0.0794582 -0.0125545 0.626512 0.407642 -0.0632258 0.58812 -0.142532 -0.0105495 0.662288 
-0.160408 -0.0177631 0.650709 -0.111072 -0.0145002 0.659851 -0.0796125 -0.0184509 0.657413 
-0.0481526 -0.0224016 0.654976 -0.0166927 -0.0263523 0.652538 0.0147672 -0.030303 0.650101 
0.311491 -0.0770237 0.614147 0.328106 -0.0661741 0.603571 0.359566 -0.0701248 0.601134 
0.391026 -0.0740755 0.598696 -0.145563 -0.0325634 0.658848 -0.130719 -0.0473638 0.666986 
-0.112844 -0.0401502 0.678565 -0.0813837 -0.0441009 0.676127 -0.0499237 -0.0480516 0.67369 
0.233215 -0.0836079 0.651752 0.21534 -0.0908215 0.640173 0.231956 -0.0799719 0.629598 
0.263415 -0.0839226 0.62716 0.294875 -0.0878733 0.624723 -0.146075 -0.0618494 0.699716 
-0.147335 -0.0582134 0.677562 -0.16395 -0.069063 0.688137 0.168525 -0.101356 0.675341 
0.150649 -0.10857 0.663763 0.167265 -0.0977204 0.653187 0.198725 -0.101671 0.650749 
-0.149106 -0.0838634 0.696276 -0.116386 -0.0914501 0.715993 -0.134261 -0.0986637 0.704414 
0.103834 -0.119105 0.698931 0.0859581 -0.126319 0.687352 0.102574 -0.115469 0.676776 
0.134034 -0.11942 0.674338 -0.118157 -0.1171 0.734707 -0.136032 -0.124314 0.723128 
0.0706025 -0.140804 0.720082 0.0527271 -0.148018 0.708503 0.0693426 -0.137168 0.697927 
-0.121188 -0.139114 0.731267 -0.0884682 -0.146701 0.750984 -0.106344 -0.153914 0.739405 
-0.0570083 -0.150651 0.748546 0.019496 -0.169717 0.729655 0.0361115 -0.158867 0.719079 
-0.108115 -0.179564 0.758119 -0.0285794 -0.176616 0.742668 -0.0273195 -0.180252 0.764823 
-0.045195 -0.187466 0.753244 0.00288048 -0.180567 0.740231 -0.0932704 -0.194365 0.766257 
-0.0618105 -0.198315 0.76382 0.341016 0.142662 0.431703 0.339756 0.146298 0.409549 
0.32314 0.135448 0.420125 0.3546 0.131497 0.417687 0.307785 0.120962 0.452855 
0.306525 0.124598 0.4307 0.289909 0.113749 0.441276 0.339245 0.117012 0.450418 
0.352829 0.105847 0.436401 0.274554 0.0992631 0.474007 0.273294 0.102899 0.451852 
0.256678 0.0920495 0.462428 0.306013 0.0953124 0.471569 0.337473 0.0913617 0.469132 
0.351058 0.0801974 0.455115 -0.167656 0.128923 0.526846 -0.168916 0.132559 0.504691 
-0.185532 0.121709 0.515267 -0.154072 0.117759 0.512829 0.209863 0.0815146 0.497596 
0.208603 0.0851506 0.475441 0.191987 0.074301 0.486017 0.241322 0.0775639 0.495158 
0.240063 0.0811999 0.473004 0.272782 0.0736132 0.492721 0.349287 0.0545475 0.473829 
-0.200887 0.107224 0.547997 -0.202147 0.11086 0.525843 -0.218763 0.10001 0.536418 
-0.169428 0.103273 0.54556 -0.139228 0.102958 0.520968 -0.137968 0.0993224 0.543122 
-0.106508 0.0953717 0.540685 -0.107768 0.0990077 0.51853 -0.0929232 0.0842074 0.526668 
0.0822518 0.0716675 0.52606 0.0809919 0.0753035 0.503905 0.0643763 0.0644539 0.514481 
0.113712 0.0677168 0.523622 0.112452 0.0713528 0.501468 0.145172 0.063766 0.521185 
0.143912 0.0674021 0.49903 0.176632 0.0598153 0.518747 0.175372 0.0634514 0.496593 
0.364131 0.0397471 0.481968 0.378975 0.0249468 0.490106 -0.202659 0.0815738 0.566711 
-0.220534 0.0743602 0.555133 -0.171199 0.0776231 0.564274 -0.139739 0.0736724 0.561836 
-0.108279 0.0697217 0.559399 -0.0780788 0.0694071 0.534807 -0.0768189 0.065771 0.556961 
-0.045359 0.0618203 0.554524 -0.0466189 0.0654563 0.532369 -0.0138991 0.0578696 0.552086 
-0.015159 0.0615056 0.529932 0.0175608 0.0539189 0.549649 0.0163009 0.0575549 0.527494 
0.0490207 0.0499682 0.547211 0.0477608 0.0536042 0.525057 0.39382 0.0101465 0.498244 
0.408664 -0.00465385 0.506383 -0.20569 0.0595599 0.563271 -0.190845 0.0447596 0.571409 
-0.17297 0.0519732 0.582988 0.406893 -0.0303038 0.525097 -0.174741 0.0263232 0.601702 
-0.192616 0.0191096 0.590123 0.405122 -0.0559538 0.543811 -0.176512 0.000673256 0.620416 
-0.194388 -0.00654033 0.608837 0.389766 -0.0704394 0.576541 0.371891 -0.077653 0.564963 
0.388506 -0.0668034 0.554387 -0.209743 -0.021026 0.641568 -0.211003 -0.01739 0.619413 
-0.227619 -0.0282396 0.629989 -0.178283 -0.0249767 0.63913 0.3072 -0.0954016 0.588552 
0.323815 -0.084552 0.577976 0.355275 -0.0885027 0.575538 -0.212774 -0.0430399 0.638127 
-0.19793 -0.0578403 0.646266 -0.180054 -0.0506267 0.657844 -0.148594 -0.0545774 0.655407 
0.211049 -0.109199 0.614578 0.227665 -0.0983498 0.604002 0.259124 -0.102301 0.601565 
0.290584 -0.106251 0.599127 -0.181826 -0.0762766 0.676558 -0.199701 -0.0834902 0.66498 
0.132774 -0.115784 0.652184 0.114898 -0.122997 0.640605 0.131514 -0.112148 0.630029 
0.162974 -0.116098 0.627592 0.194434 -0.120049 0.625154 -0.184857 -0.0982906 0.673118 
-0.152137 -0.105877 0.692835 -0.170012 -0.113091 0.681256 0.0680827 -0.133532 0.675773 
0.0502072 -0.140746 0.664194 0.0668227 -0.129896 0.653618 0.0982827 -0.133847 0.651181 
-0.153908 -0.131527 0.711549 -0.171783 -0.138741 0.69997 0.0348516 -0.155231 0.696924 
0.0169762 -0.162445 0.685346 0.0335917 -0.151595 0.67477 -0.156939 -0.153541 0.708109 
-0.124219 -0.161128 0.727826 -0.142095 -0.168342 0.716247 -0.0298394 -0.17298 0.720513 
-0.0477148 -0.180194 0.708935 -0.0310993 -0.169344 0.698359 0.000360639 -0.173295 0.695921 
0.00162055 -0.176931 0.718076 -0.12725 -0.183142 0.724385 -0.112406 -0.197942 0.732524 
-0.0630704 -0.194679 0.741665 -0.0809458 -0.201893 0.730086 -0.0643303 -0.191043 0.71951 
-0.0975614 -0.212742 0.740662 0.275576 0.157835 0.392269 0.274316 0.161471 0.370114 
0.257701 0.150622 0.38069 0.307036 0.153884 0.389832 0.305776 0.15752 0.367677 
0.338496 0.149934 0.387394 0.337236 0.15357 0.365239 0.35208 0.138769 0.373378 
0.273805 0.132185 0.410983 0.255929 0.124972 0.399404 0.305265 0.128234 0.408546 
0.350309 0.113119 0.392092 -0.136945 0.157894 0.461385 -0.138205 0.16153 0.43923 
-0.154821 0.150681 0.449806 -0.123361 0.14673 0.447368 0.272034 0.106535 0.429697 
0.254158 0.0993216 0.418118 0.348538 0.0874695 0.410806 -0.170176 0.136195 0.482536 
-0.171436 0.139831 0.460382 -0.188052 0.128982 0.470957 -0.138716 0.132244 0.480099 
-0.108516 0.13193 0.455507 -0.107256 0.128294 0.477661 -0.0936719 0.117129 0.463645 
0.238803 0.0848359 0.450849 0.237543 0.088472 0.428694 0.220927 0.0776224 0.43927 
0.346767 0.0618195 0.42952 -0.203407 0.114496 0.503688 -0.204667 0.118132 0.481533 
-0.221283 0.107282 0.492109 -0.140487 0.106594 0.498813 -0.109028 0.102644 0.496375 
-0.0788275 0.102329 0.471783 -0.0775676 0.098693 0.493938 -0.0461077 0.0947423 0.4915 
-0.0473676 0.0983784 0.469346 -0.0146478 0.0907916 0.489063 -0.0159077 0.0944277 0.466908 
0.0168121 0.0868409 0.486625 0.0155522 0.0904769 0.464471 0.048272 0.0828902 0.484188 
0.0470121 0.0865262 0.462033 0.0797319 0.0789395 0.48175 0.078472 0.0825755 0.459596 
0.111192 0.0749888 0.479313 0.109932 0.0786248 0.457158 0.142652 0.0710381 0.476876 
0.141392 0.0746741 0.454721 0.174112 0.0670874 0.474438 0.172852 0.0707234 0.452283 
0.204312 0.0667727 0.449846 0.344996 0.0361696 0.448234 -0.236638 0.0927966 0.524839 
-0.237898 0.0964326 0.502685 -0.254514 0.085583 0.513261 -0.0793388 0.0730431 0.512652 
-0.0478789 0.0690924 0.510215 -0.0164189 0.0651417 0.507777 0.015041 0.061191 0.50534 
0.0465009 0.0572403 0.502902 0.35984 0.0213692 0.456372 0.374684 0.00656891 0.464511 
-0.239669 0.0707827 0.521399 -0.224825 0.0559823 0.529537 0.389529 -0.00823142 0.472649 
0.404373 -0.0230318 0.480787 -0.208721 0.037546 0.55983 -0.226596 0.0303324 0.548251 
0.389018 -0.0375174 0.513518 0.371142 -0.044731 0.501939 0.387758 -0.0338814 0.491363 
-0.241952 0.0158467 0.580982 -0.243212 0.0194827 0.558827 -0.259827 0.00863312 0.569403 
-0.210492 0.011896 0.578544 0.387246 -0.0631674 0.532232 0.369371 -0.070381 0.520653 
-0.244983 -0.00616722 0.577541 -0.230138 -0.0209675 0.58568 -0.212263 -0.0137539 0.597259 
0.354015 -0.0848666 0.553384 0.33614 -0.0920802 0.541805 0.352756 -0.0812306 0.531229 
-0.214034 -0.0394039 0.615973 -0.215294 -0.0357679 0.593818 -0.20045 -0.0505682 0.601956 
0.289324 -0.102615 0.576973 0.271449 -0.109829 0.565394 0.288065 -0.0989791 0.554818 
0.319524 -0.10293 0.552381 -0.202221 -0.0762182 0.62067 0.193174 -0.116413 0.602999 
0.175298 -0.123627 0.59142 0.191914 -0.112777 0.580845 0.223374 -0.116728 0.578407 
0.254833 -0.120678 0.57597 -0.187376 -0.0910185 0.628809 -0.186116 -0.0946545 0.650963 
-0.172532 -0.105819 0.636947 0.110607 -0.141375 0.61501 0.127223 -0.130526 0.604434 
0.158683 -0.134476 0.601996 -0.157688 -0.120619 0.645085 -0.156428 -0.124255 0.66724 
-0.142843 -0.13542 0.653224 0.0459162 -0.159124 0.638599 0.0625318 -0.148274 0.628023 
0.0939917 -0.152225 0.625585 -0.158199 -0.149905 0.685954 -0.144614 -0.161069 0.671938 
-0.0323592 -0.165708 0.676204 -0.0502346 -0.172922 0.664625 -0.0336191 -0.162072 0.654049 
-0.0021592 -0.166023 0.651612 -0.000899282 -0.169659 0.673767 0.0293007 -0.169973 0.649175 
-0.12977 -0.17587 0.680076 -0.12851 -0.179506 0.702231 -0.114926 -0.19067 0.688214 
-0.0655902 -0.187407 0.697356 -0.0834657 -0.194621 0.685777 -0.0668502 -0.183771 0.675201 
-0.100081 -0.20547 0.696353 -0.0988213 -0.209106 0.718507 0.241596 0.169058 0.350397 
0.240336 0.172694 0.328243 0.223721 0.161844 0.338818 0.273056 0.165107 0.34796 
0.271796 0.168743 0.325805 0.286641 0.153943 0.333943 0.239825 0.143408 0.369111 
0.22195 0.136194 0.357532 0.301485 0.139143 0.342082 0.334205 0.131556 0.361799 
0.316329 0.124342 0.35022 -0.108005 0.161216 0.414638 -0.109265 0.164852 0.392483 
-0.125881 0.154002 0.403059 -0.0765452 0.157265 0.4122 -0.0778051 0.160901 0.390046 
-0.0629607 0.146101 0.398184 0.238054 0.117758 0.387825 0.220179 0.110544 0.376247 
0.331174 0.109542 0.358358 0.346018 0.0947415 0.366497 -0.172696 0.143467 0.438227 
-0.173956 0.147103 0.416072 -0.190571 0.136254 0.426648 -0.142496 0.143152 0.413635 
-0.109776 0.135566 0.433352 -0.0783163 0.131615 0.430914 -0.0481163 0.1313 0.406322 
-0.0468564 0.127664 0.428477 -0.0153965 0.123714 0.426039 -0.0166564 0.12735 0.403885 
0.0160634 0.119763 0.423602 0.0148035 0.123399 0.401447 0.0296479 0.108599 0.409586 
0.236283 0.092108 0.40654 0.218407 0.0848944 0.394961 0.344247 0.0690916 0.385211 
-0.205927 0.121768 0.459379 -0.207187 0.125404 0.437224 -0.223803 0.114554 0.4478 
-0.0800875 0.105965 0.449629 -0.0486275 0.102014 0.447191 -0.0171676 0.0980637 0.444754 
0.0142923 0.094113 0.442316 0.0444923 0.0937983 0.417724 0.0457522 0.0901623 0.439879 
0.0772121 0.0862116 0.437441 0.0759522 0.0898476 0.415286 0.108672 0.0822608 0.435004 
0.107412 0.0858969 0.412849 0.140132 0.0783102 0.432566 0.138872 0.0819462 0.410412 
0.171592 0.0743594 0.430129 0.170332 0.0779955 0.407974 0.203052 0.0704087 0.427691 
0.201792 0.0740448 0.405536 0.342476 0.0434416 0.403925 -0.239158 0.100069 0.48053 
-0.240418 0.103705 0.458375 -0.257034 0.0928551 0.468951 0.340705 0.0177917 0.422639 
-0.258805 0.0672051 0.487665 0.355549 0.00299134 0.430777 0.370394 -0.011809 0.438916 
-0.2427 0.0487687 0.517958 -0.260576 0.0415551 0.506379 0.386498 -0.0302454 0.469209 
0.368622 -0.0374589 0.45763 -0.275932 0.0270695 0.53911 -0.277191 0.0307055 0.516955 
-0.293807 0.0198559 0.527531 -0.244472 0.0231188 0.536673 0.366851 -0.0631089 0.476344 
-0.278963 0.00505555 0.535669 -0.264118 -0.00974478 0.543808 0.351496 -0.0775946 0.509074 
0.33362 -0.0848082 0.497495 0.350236 -0.0739585 0.48692 -0.249274 -0.0245451 0.551946 
-0.234429 -0.0393454 0.560084 0.331849 -0.110458 0.51621 -0.219585 -0.0541458 0.568223 
-0.204741 -0.0689461 0.576361 0.267158 -0.128207 0.539799 0.283774 -0.117357 0.529223 
0.315233 -0.121308 0.526785 -0.189896 -0.0837464 0.584499 -0.188636 -0.0873825 0.606654 
-0.175052 -0.0985468 0.592638 0.171007 -0.142005 0.565825 0.187623 -0.131155 0.555249 
0.219083 -0.135106 0.552812 0.250543 -0.139056 0.550374 -0.176823 -0.124197 0.611352 
0.0927318 -0.148589 0.603431 0.0748563 -0.155802 0.591852 0.0914718 -0.144953 0.581276 
0.122932 -0.148903 0.578839 0.154392 -0.152854 0.576401 -0.161979 -0.138997 0.61949 
-0.147134 -0.153797 0.627628 0.0280408 -0.166337 0.62702 0.0101654 -0.173551 0.615441 
0.0267809 -0.162701 0.604865 0.0582408 -0.166652 0.602428 -0.13229 -0.168598 0.635767 
-0.13103 -0.172234 0.657921 -0.117445 -0.183398 0.643905 -0.0681101 -0.180135 0.653046 
-0.0859855 -0.187349 0.641468 -0.06937 -0.176499 0.630892 -0.0379101 -0.18045 0.628454 
-0.00645018 -0.184401 0.626017 -0.102601 -0.198198 0.652043 -0.101341 -0.201834 0.674198 
0.207616 0.180281 0.308525 0.206357 0.183917 0.286371 0.189741 0.173067 0.296946 
0.221201 0.169116 0.294509 0.174385 0.158581 0.329677 0.173126 0.162217 0.307522 
0.15651 0.151368 0.318098 0.205845 0.154631 0.327239 0.236045 0.154316 0.302647 
0.267505 0.150365 0.30021 0.28235 0.135565 0.308348 -0.110525 0.168488 0.370328 
-0.111785 0.172124 0.348174 -0.1284 0.161274 0.35875 -0.079065 0.164537 0.367891 
-0.0803249 0.168173 0.345736 -0.0476051 0.160586 0.365453 -0.048865 0.164222 0.343299 
-0.0340206 0.149422 0.351437 0.172614 0.132931 0.348391 0.154739 0.125718 0.336812 
0.204074 0.128981 0.345954 0.297194 0.120765 0.316486 0.312038 0.105964 0.324625 
-0.143756 0.146789 0.39148 -0.145016 0.150425 0.369325 -0.161631 0.139575 0.379901 
-0.0493762 0.134936 0.384168 -0.0191762 0.134622 0.359575 -0.0179163 0.130986 0.38173 
0.0135436 0.127035 0.379293 0.0122837 0.130671 0.357138 0.0450035 0.123084 0.376855 
0.0437436 0.12672 0.3547 0.058588 0.11192 0.362839 0.170843 0.107281 0.367105 
0.152968 0.100068 0.355526 0.202303 0.103331 0.364668 0.326883 0.091164 0.332763 
0.341727 0.0763637 0.340901 -0.178247 0.128725 0.390477 -0.194862 0.117876 0.401053 
0.0432324 0.0974343 0.395569 0.0734324 0.0971196 0.370977 0.0746923 0.0934836 0.393132 
0.106152 0.0895329 0.390694 0.104892 0.093169 0.36854 0.137612 0.0855822 0.388257 
0.136352 0.0892182 0.366102 0.169072 0.0816315 0.385819 0.200532 0.0776808 0.383382 
0.339956 0.0507137 0.359615 -0.241678 0.107341 0.436221 -0.242938 0.110977 0.414066 
-0.259553 0.100127 0.424642 -0.211478 0.107026 0.411629 0.338185 0.0250637 0.37833 
-0.274909 0.0856414 0.457372 -0.276169 0.0892775 0.435218 -0.292785 0.0784278 0.445794 
0.336414 -0.000586238 0.397044 -0.27668 0.0599915 0.476087 -0.294556 0.0527779 0.464508 
0.352518 -0.0190226 0.427337 0.334643 -0.0262362 0.415758 -0.278451 0.0343415 0.494801 
-0.296327 0.0271279 0.483222 0.350747 -0.0446726 0.446051 0.332871 -0.0518861 0.434472 
-0.280222 0.00869157 0.513515 -0.281482 0.0123276 0.49136 -0.266638 -0.00247272 0.499498 
0.348976 -0.0703225 0.464765 0.3311 -0.0775361 0.453186 -0.251794 -0.0172731 0.507637 
-0.250534 -0.0209091 0.529791 -0.236949 -0.0320734 0.515775 0.329329 -0.103186 0.4719 
-0.222105 -0.0468737 0.523913 -0.220845 -0.0505098 0.546068 -0.20726 -0.061674 0.532052 
0.313974 -0.117672 0.504631 0.296098 -0.124885 0.493052 0.312714 -0.114036 0.482476 
-0.209032 -0.087324 0.550766 0.249283 -0.13542 0.52822 0.231407 -0.142634 0.516641 
0.248023 -0.131784 0.506065 0.279483 -0.135735 0.503628 -0.194187 -0.102124 0.558904 
-0.179343 -0.116925 0.567042 0.153132 -0.149218 0.554246 0.135256 -0.156432 0.542668 
0.151872 -0.145582 0.532092 0.183332 -0.149533 0.529654 0.214792 -0.153484 0.527217 
-0.181114 -0.142575 0.585756 0.0569809 -0.163016 0.580273 0.0391054 -0.17023 0.568694 
0.055721 -0.15938 0.558118 0.0871809 -0.163331 0.555681 0.118641 -0.167281 0.553243 
-0.16627 -0.157375 0.593895 -0.13481 -0.161326 0.591457 -0.13355 -0.164962 0.613612 
-0.119965 -0.176126 0.599596 -0.0077101 -0.180765 0.603862 -0.0255855 -0.187978 0.592283 
-0.00897002 -0.177128 0.581707 0.0224899 -0.181079 0.57927 -0.105121 -0.190926 0.607734 
-0.103861 -0.194562 0.629889 -0.073661 -0.194877 0.605296 -0.0422011 -0.198828 0.602859 
0.140406 0.169804 0.287805 0.139146 0.17344 0.26565 0.12253 0.162591 0.276226 
0.171866 0.165853 0.285368 0.170606 0.169489 0.263213 0.202066 0.165539 0.260775 
0.21691 0.150738 0.268914 -0.0815849 0.171809 0.323582 -0.0828448 0.175445 0.301427 
-0.0994603 0.164596 0.312003 -0.0501249 0.167858 0.321144 -0.0513849 0.171494 0.298989 
-0.0365405 0.156694 0.307128 0.107175 0.148105 0.308957 0.105915 0.151741 0.286802 
0.0892992 0.140891 0.297378 0.138635 0.144154 0.306519 0.231754 0.135938 0.277052 
0.264474 0.128351 0.296769 0.246599 0.121138 0.28519 -0.116076 0.153746 0.322579 
-0.132691 0.142896 0.333154 -0.0204362 0.138258 0.337421 -0.0216961 0.141894 0.315266 
0.0110237 0.134307 0.334983 0.00976383 0.137943 0.312829 0.0424837 0.130356 0.332546 
0.0412237 0.133992 0.310391 0.0739436 0.126406 0.330108 0.0726836 0.130042 0.307954 
0.105403 0.122455 0.327671 0.136863 0.118504 0.325233 0.261443 0.106337 0.293329 
0.294163 0.0987507 0.313046 0.276288 0.0915371 0.301467 -0.179507 0.132361 0.368322 
-0.180767 0.135997 0.346168 -0.197382 0.125148 0.356743 -0.149307 0.132047 0.34373 
0.0721724 0.100756 0.348822 0.103632 0.096805 0.346385 0.135092 0.0928543 0.343947 
0.291132 0.0767368 0.309605 0.323852 0.06915 0.329322 0.305976 0.0619364 0.317744 
-0.244198 0.114613 0.391911 -0.245458 0.118249 0.369757 -0.262073 0.107399 0.380333 
-0.212738 0.110662 0.389474 -0.213998 0.114298 0.367319 0.320821 0.0471361 0.325882 
0.335665 0.0323358 0.33402 -0.308889 0.0968642 0.415501 -0.310149 0.1005 0.393346 
-0.326764 0.0896506 0.403922 -0.277429 0.0929135 0.413063 -0.278689 0.0965495 0.390908 
0.320309 0.0178501 0.366751 0.302434 0.0106365 0.355172 0.31905 0.0214862 0.344596 
-0.31192 0.0748503 0.41206 -0.297075 0.0600499 0.420198 0.318538 -0.00779985 0.385465 
0.300663 -0.0150134 0.373886 -0.312431 0.0455643 0.452929 -0.313691 0.0492003 0.430774 
-0.330307 0.0383507 0.44135 0.315507 -0.0298138 0.382024 0.330352 -0.0446141 0.390163 
-0.315462 0.0235504 0.449488 -0.300618 0.00875004 0.457627 0.32858 -0.070264 0.408877 
-0.285773 -0.00605029 0.465765 -0.270929 -0.0208506 0.473903 0.313225 -0.0847497 0.441607 
0.295349 -0.0919633 0.430028 0.311965 -0.0811137 0.419453 -0.256085 -0.035651 0.482041 
-0.24124 -0.0504513 0.49018 0.311454 -0.1104 0.460321 0.293578 -0.117613 0.448742 
-0.226396 -0.0652516 0.498318 -0.211551 -0.0800519 0.506456 0.278223 -0.132099 0.481473 
0.260347 -0.139313 0.469894 0.276963 -0.128463 0.459318 -0.196707 -0.0948523 0.514595 
-0.195447 -0.0984883 0.536749 -0.181863 -0.109653 0.522733 0.182072 -0.145897 0.5075 
0.164196 -0.15311 0.495921 0.180812 -0.142261 0.485345 0.212272 -0.146211 0.482907 
0.213532 -0.149847 0.505062 0.243732 -0.150162 0.48047 -0.183634 -0.135303 0.541447 
0.117381 -0.163645 0.531089 0.0995054 -0.170859 0.51951 0.116121 -0.160009 0.508934 
0.147581 -0.16396 0.506496 -0.168789 -0.150103 0.549585 -0.16753 -0.153739 0.57174 
-0.153945 -0.164903 0.557724 0.02123 -0.177443 0.557115 0.00335453 -0.184657 0.545536 
0.0199701 -0.173807 0.534961 0.05143 -0.177758 0.532523 0.0828899 -0.181709 0.530086 
-0.139101 -0.179704 0.565862 -0.107641 -0.183654 0.563425 -0.106381 -0.18729 0.585579 
-0.0761808 -0.187605 0.560987 -0.0749209 -0.191241 0.583142 -0.0447209 -0.191556 0.55855 
-0.043461 -0.195192 0.580704 -0.013261 -0.195506 0.556112 0.104655 0.155377 0.264647 
0.103395 0.159013 0.242493 0.0867793 0.148163 0.253068 0.134855 0.155062 0.240055 
0.166315 0.151112 0.237618 0.197775 0.147161 0.23518 0.212619 0.132361 0.243318 
-0.117336 0.157382 0.300424 -0.118596 0.161018 0.278269 -0.135211 0.150168 0.288845 
-0.0871357 0.157067 0.275832 -0.0556758 0.153117 0.273394 -0.022956 0.14553 0.293111 
-0.0242159 0.149166 0.270957 0.00850391 0.141579 0.290674 0.00724399 0.145215 0.268519 
0.0220884 0.130415 0.276658 0.0714237 0.133678 0.285799 0.0701638 0.137314 0.263644 
0.0535483 0.126464 0.27422 0.227463 0.11756 0.251457 0.242308 0.10276 0.259595 
-0.150567 0.135683 0.321576 -0.151827 0.139319 0.299421 -0.168442 0.128469 0.309997 
0.0369328 0.115614 0.284796 0.257152 0.0879595 0.267733 0.271997 0.0731592 0.275872 
-0.246718 0.121885 0.347602 -0.247978 0.125521 0.325447 -0.264593 0.114671 0.336023 
-0.215258 0.117934 0.345165 -0.216518 0.12157 0.32301 -0.185058 0.117619 0.320572 
0.286841 0.0583589 0.28401 0.301685 0.0435585 0.292148 -0.279949 0.100186 0.368754 
-0.281209 0.103822 0.346599 -0.297824 0.092972 0.357175 0.31779 0.0251222 0.322441 
0.299914 0.0179086 0.310863 -0.34464 0.082437 0.392343 -0.3459 0.086073 0.370188 
-0.362515 0.0752234 0.380764 -0.31444 0.0821223 0.367751 0.298143 -0.00774137 0.329577 
-0.347671 0.0604231 0.388902 -0.314951 0.0528363 0.408619 -0.332826 0.0456228 0.397041 
0.296372 -0.0333913 0.348291 -0.334597 0.0199728 0.415755 0.312476 -0.0518277 0.378584 
0.294601 -0.0590413 0.367005 -0.319753 0.00517247 0.423893 -0.288293 0.00122177 0.421455 
-0.287033 -0.00241427 0.44361 -0.273449 -0.0135786 0.429594 0.310705 -0.0774776 0.397298 
0.29283 -0.0846912 0.385719 -0.258604 -0.0283789 0.437732 -0.257345 -0.0320149 0.459887 
-0.24376 -0.0431792 0.44587 0.277474 -0.0991769 0.418449 0.259599 -0.10639 0.406871 
0.276214 -0.0955409 0.396295 -0.228916 -0.0579796 0.454009 -0.227656 -0.0616156 0.476163 
-0.214071 -0.0727799 0.462147 0.275703 -0.124827 0.437164 0.257827 -0.13204 0.425585 
-0.199227 -0.0875802 0.470285 -0.197967 -0.0912162 0.49244 -0.184383 -0.102381 0.478424 
0.211012 -0.142575 0.460753 0.193136 -0.149789 0.449174 0.209752 -0.138939 0.438598 
0.241212 -0.14289 0.436161 0.242472 -0.146526 0.458315 -0.186154 -0.128031 0.497138 
0.146321 -0.160324 0.484342 0.128445 -0.167538 0.472763 0.145061 -0.156688 0.462187 
0.176521 -0.160639 0.45975 -0.171309 -0.142831 0.505276 -0.170049 -0.146467 0.527431 
-0.156465 -0.157631 0.513414 0.0501701 -0.174122 0.510368 0.0322946 -0.181335 0.498789 
0.0489101 -0.170486 0.488214 0.08037 -0.174436 0.485776 0.08163 -0.178072 0.507931 
0.11183 -0.178387 0.483339 -0.14162 -0.172432 0.521553 -0.140361 -0.176068 0.543707 
-0.110161 -0.176382 0.519115 -0.108901 -0.180018 0.54127 -0.0787007 -0.180333 0.516678 
-0.0774407 -0.183969 0.538832 -0.0472407 -0.184284 0.51424 -0.0459808 -0.18792 0.536395 
-0.0157808 -0.188234 0.511803 -0.0145209 -0.19187 0.533957 0.0156791 -0.192185 0.509365 
-0.0569358 0.156753 0.25124 -0.0581957 0.160389 0.229085 -0.0748112 0.149539 0.239661 
-0.0254758 0.152802 0.248802 -0.0267358 0.156438 0.226647 -0.0118914 0.141638 0.234786 
0.0991039 0.140635 0.216897 0.0824884 0.129785 0.227473 0.130564 0.136684 0.21446 
0.162024 0.132734 0.212022 0.194744 0.125147 0.23174 0.176868 0.117933 0.220161 
-0.122887 0.14264 0.252674 -0.139502 0.13179 0.26325 -0.0914267 0.138689 0.250236 
0.00295301 0.126837 0.242924 0.0177974 0.112037 0.251062 0.0658728 0.118936 0.238049 
0.0492573 0.108086 0.248625 0.191712 0.103133 0.228299 0.224432 0.0955463 0.248016 
0.206557 0.0883327 0.236437 -0.156118 0.120941 0.273826 -0.172733 0.110091 0.284401 
0.0326418 0.0972366 0.259201 0.221401 0.0735323 0.244576 0.252861 0.0695816 0.242138 
0.267706 0.0547813 0.250277 -0.282469 0.107458 0.324444 -0.283728 0.111094 0.30229 
-0.300344 0.100244 0.312865 -0.252269 0.107143 0.299852 -0.220809 0.103192 0.297415 
-0.189349 0.0992415 0.294977 0.28381 0.0363449 0.28057 0.265934 0.0291313 0.268991 
-0.34716 0.0897091 0.348033 -0.348419 0.0933451 0.325879 -0.365035 0.0824955 0.336455 
-0.3157 0.0857584 0.345596 -0.31696 0.0893944 0.323441 0.280779 0.014331 0.277129 
0.295623 -0.000469318 0.285267 -0.380391 0.0680098 0.369185 -0.381651 0.0716458 0.34703 
-0.398266 0.0607962 0.357606 0.293852 -0.0261193 0.303981 -0.383422 0.0459959 0.365745 
-0.350702 0.0384092 0.385462 -0.368577 0.0311955 0.373883 0.292081 -0.0517692 0.322696 
-0.353733 0.0163952 0.382021 -0.322273 0.0124445 0.379584 -0.321013 0.0088085 0.401738 
-0.307429 -0.0023558 0.387722 0.29031 -0.0774192 0.34141 -0.292584 -0.0171561 0.39586 
-0.261124 -0.0211068 0.393423 -0.259864 -0.0247429 0.415578 -0.24628 -0.0359072 0.401561 
0.274954 -0.0919048 0.37414 0.257079 -0.0991184 0.362561 0.273694 -0.0882688 0.351985 
-0.231435 -0.0507075 0.409699 -0.230176 -0.0543435 0.431854 -0.216591 -0.0655078 0.417838 
0.255308 -0.124768 0.381275 -0.218362 -0.0911578 0.436552 0.239952 -0.139254 0.414006 
0.222077 -0.146468 0.402427 0.238692 -0.135618 0.391851 -0.203518 -0.105958 0.44469 
-0.188673 -0.120758 0.452828 0.188845 -0.168167 0.423579 0.205461 -0.157317 0.413003 
-0.173829 -0.135559 0.460967 -0.172569 -0.139195 0.483121 -0.142369 -0.13951 0.458529 
-0.141109 -0.143146 0.480684 -0.127525 -0.15431 0.466668 0.0791101 -0.1708 0.463622 
0.0612347 -0.178014 0.452043 0.0778502 -0.167164 0.441467 0.10931 -0.171115 0.439029 
0.11057 -0.174751 0.461184 0.14077 -0.175066 0.436592 0.17223 -0.179017 0.434154 
-0.14288 -0.168795 0.499398 -0.11268 -0.16911 0.474806 -0.111421 -0.172746 0.496961 
-0.0812205 -0.173061 0.472368 -0.0799606 -0.176697 0.494523 -0.0497606 -0.177012 0.469931 
-0.0485007 -0.180648 0.492086 -0.0183007 -0.180962 0.467494 -0.0170408 -0.184598 0.489648 
0.0131592 -0.184913 0.465056 0.0144192 -0.188549 0.487211 0.0446192 -0.188864 0.462618 
-0.0926866 0.142325 0.228082 -0.0939466 0.145961 0.205927 -0.110562 0.135112 0.216503 
-0.0624867 0.142011 0.20349 -0.0310267 0.13806 0.201052 -0.0161824 0.12326 0.20919 
0.0948129 0.122257 0.191302 0.0781974 0.111408 0.201878 0.126273 0.118306 0.188865 
0.158993 0.11072 0.208582 0.141117 0.103506 0.197003 -0.157378 0.124577 0.251671 
-0.158638 0.128213 0.229516 -0.175253 0.117363 0.240092 -0.127178 0.124262 0.227079 
-0.00133797 0.108459 0.217329 0.0135064 0.093659 0.225467 0.0615819 0.100558 0.212454 
0.0449663 0.0897083 0.22303 0.155962 0.0887058 0.205141 0.187422 0.0847551 0.202704 
0.202266 0.0699548 0.210842 -0.284988 0.11473 0.280135 -0.286248 0.118366 0.25798 
-0.302864 0.107516 0.268556 -0.253529 0.110779 0.277698 -0.254788 0.114415 0.255543 
-0.222069 0.106828 0.27526 -0.223328 0.110464 0.253105 -0.190609 0.102878 0.272822 
-0.191869 0.106514 0.250668 0.0283508 0.0788587 0.233605 0.21711 0.0551544 0.21898 
0.24983 0.0475677 0.238698 0.231955 0.0403541 0.227119 -0.318219 0.0930304 0.301287 
-0.319479 0.0966665 0.279132 -0.336095 0.0858168 0.289708 0.246799 0.0255538 0.235257 
0.261643 0.0107534 0.243395 -0.38291 0.0752819 0.324876 -0.38417 0.0789179 0.302721 
-0.400786 0.0680683 0.313297 -0.35271 0.0749672 0.300284 0.276488 -0.00404689 0.251534 
0.291332 -0.0188472 0.259672 -0.402557 0.0424183 0.332011 0.275977 -0.0333329 0.292403 
0.258101 -0.0405465 0.280824 0.274717 -0.0296969 0.270248 -0.387713 0.027618 0.340149 
-0.372868 0.0128176 0.348288 0.274205 -0.0589828 0.311117 0.25633 -0.0661964 0.299538 
-0.358024 -0.00198267 0.356426 -0.326564 -0.00593337 0.353988 -0.295104 -0.00988408 0.351551 
-0.293844 -0.0135201 0.373706 -0.28026 -0.0246844 0.359689 0.272434 -0.0846328 0.329831 
0.254559 -0.0918464 0.318252 -0.265415 -0.0394847 0.367828 -0.250571 -0.0542851 0.375966 
0.252788 -0.117496 0.336966 -0.235726 -0.0690854 0.384104 -0.220882 -0.0838857 0.392242 
0.237432 -0.131982 0.369696 0.219557 -0.139196 0.358118 0.236172 -0.128346 0.347542 
-0.206038 -0.0986861 0.400381 -0.204778 -0.102322 0.422535 -0.191193 -0.113486 0.408519 
0.204201 -0.153681 0.390848 0.186326 -0.160895 0.379269 0.202941 -0.150045 0.368693 
-0.176349 -0.128287 0.416657 -0.175089 -0.131923 0.438812 -0.144889 -0.132237 0.41422 
-0.143629 -0.135873 0.436375 -0.130045 -0.147038 0.422358 0.17097 -0.17538 0.412 
0.153095 -0.182594 0.400421 0.16971 -0.171744 0.389845 -0.1152 -0.161838 0.430497 
-0.11394 -0.165474 0.452651 -0.0837403 -0.165789 0.428059 -0.0824804 -0.169425 0.450214 
-0.0522804 -0.16974 0.425622 -0.0510205 -0.173376 0.447776 -0.0208205 -0.17369 0.423184 
-0.0195606 -0.177326 0.445339 0.0106394 -0.177641 0.420747 0.0118993 -0.181277 0.442901 
0.0420993 -0.181592 0.418309 0.0433592 -0.185228 0.440464 0.0735592 -0.185542 0.415872 
0.105019 -0.189493 0.413434 0.136479 -0.193444 0.410997 -0.128438 0.127898 0.204924 
-0.129697 0.131534 0.182769 -0.146313 0.120685 0.193345 -0.0982375 0.127584 0.180332 
-0.0667776 0.123633 0.177894 -0.0353177 0.119682 0.175457 -0.0204733 0.104882 0.183595 
0.0603219 0.104194 0.190299 0.059062 0.10783 0.168144 0.0424465 0.0969804 0.17872 
0.0905219 0.103879 0.165707 0.121982 0.0999286 0.163269 0.136826 0.0851282 0.171408 
-0.193129 0.11015 0.228513 -0.194388 0.113786 0.206359 -0.211004 0.102936 0.216934 
-0.162929 0.109835 0.203921 -0.00562894 0.0900814 0.191734 0.0270909 0.0824947 0.211451 
0.025831 0.0861307 0.189296 0.151671 0.0703279 0.179546 0.183131 0.0663772 0.177109 
0.197975 0.0515769 0.185247 -0.320739 0.100302 0.256977 -0.321999 0.103939 0.234823 
-0.338615 0.0930889 0.245398 -0.290539 0.0999878 0.232385 -0.259079 0.0960371 0.229948 
-0.227619 0.0920864 0.22751 0.212819 0.0367765 0.193385 0.227664 0.0219762 0.201524 
-0.35397 0.0786032 0.278129 -0.35523 0.0822393 0.255974 -0.371846 0.0713896 0.26655 
0.243768 0.00353985 0.231817 0.225893 -0.00367374 0.220238 -0.418661 0.0608547 0.301718 
-0.419921 0.0644907 0.279563 -0.436537 0.0536411 0.290139 -0.388461 0.06054 0.277126 
0.240737 -0.0184741 0.228376 0.273457 -0.0260608 0.248093 0.255581 -0.0332744 0.236514 
-0.421692 0.0388407 0.298277 -0.406848 0.0240404 0.306416 0.25381 -0.0589244 0.255228 
-0.392004 0.0092401 0.314554 -0.360544 0.00528939 0.312117 -0.359284 0.00165336 0.334271 
-0.329084 0.00133869 0.309679 -0.327824 -0.00229735 0.331834 -0.314239 -0.0134617 0.317817 
0.252039 -0.0845743 0.273943 -0.299395 -0.028262 0.325956 -0.284551 -0.0430623 0.334094 
0.250268 -0.110224 0.292657 -0.269706 -0.0578626 0.342232 -0.238246 -0.0618133 0.339795 
-0.236986 -0.0654494 0.36195 -0.223402 -0.0766137 0.347933 0.234912 -0.12471 0.325387 
0.217037 -0.131924 0.313808 0.233652 -0.121074 0.303232 -0.208558 -0.091414 0.356072 
-0.207298 -0.09505 0.378226 -0.193713 -0.106214 0.36421 0.215266 -0.157573 0.332522 
-0.178869 -0.121015 0.372348 -0.177609 -0.124651 0.394503 -0.164024 -0.135815 0.380486 
0.182035 -0.179273 0.353674 0.19865 -0.168423 0.343098 -0.14918 -0.150615 0.388625 
-0.11772 -0.154566 0.386187 -0.11646 -0.158202 0.408342 -0.0862602 -0.158517 0.38375 
-0.0850002 -0.162153 0.405904 -0.0548003 -0.162467 0.381312 -0.0535403 -0.166103 0.403467 
-0.0233403 -0.166418 0.378875 -0.0220804 -0.170054 0.401029 -0.00849595 -0.181218 0.387013 
0.103759 -0.185857 0.391279 0.0858838 -0.193071 0.379701 0.102499 -0.182221 0.369125 
0.133959 -0.186172 0.366687 0.135219 -0.189808 0.388842 0.165419 -0.190122 0.36425 
0.00634843 -0.196019 0.395151 0.0378083 -0.19997 0.392714 0.0692683 -0.20392 0.390276 
-0.0994975 0.13122 0.158177 -0.100757 0.134856 0.136023 -0.117373 0.124006 0.146598 
-0.0680375 0.127269 0.15574 -0.0692975 0.130905 0.133585 -0.0544531 0.116105 0.141723 
-0.164188 0.113471 0.181766 -0.165448 0.117107 0.159612 -0.182064 0.106257 0.170187 
-0.133988 0.113156 0.157174 -0.0396087 0.101304 0.149862 -0.00688886 0.0937175 0.169579 
-0.00814878 0.0973535 0.147424 0.0245711 0.0897668 0.167141 0.0233111 0.0934028 0.144987 
0.056031 0.0858161 0.164704 0.0381555 0.0786024 0.153125 0.0696154 0.0746518 0.150688 
0.086231 0.0855014 0.140112 0.117691 0.0815507 0.137674 0.132535 0.0667503 0.145813 
-0.323259 0.107575 0.212668 -0.324519 0.111211 0.190513 -0.341135 0.100361 0.201089 
-0.291799 0.103624 0.21023 -0.293059 0.10726 0.188076 -0.260339 0.0996731 0.207793 
-0.261599 0.103309 0.185638 -0.228879 0.0957224 0.205355 -0.230139 0.0993585 0.183201 
-0.198679 0.0954078 0.180763 0.0529999 0.0638021 0.161263 0.14738 0.05195 0.153951 
0.180099 0.0443633 0.173668 0.162224 0.0371497 0.162089 -0.35649 0.0858753 0.23382 
-0.35775 0.0895113 0.211665 -0.374366 0.0786617 0.222241 0.177068 0.0223493 0.170228 
0.209788 0.0147626 0.189945 0.191913 0.00754902 0.178366 -0.389721 0.064176 0.254971 
-0.390981 0.0678121 0.232816 -0.407597 0.0569624 0.243392 0.206757 -0.00725131 0.186504 
0.221602 -0.0220516 0.194642 -0.424212 0.0461128 0.253968 -0.440828 0.0352632 0.264544 
0.237706 -0.040488 0.224935 0.21983 -0.0477016 0.213357 -0.425983 0.0204629 0.272682 
-0.394523 0.0165121 0.270245 -0.393263 0.0128761 0.292399 -0.379679 0.00171182 0.278383 
0.234675 -0.0625019 0.221495 0.249519 -0.0773023 0.229633 -0.364835 -0.0130885 0.286521 
-0.333375 -0.0170392 0.284084 -0.31853 -0.0318396 0.292222 0.247748 -0.102952 0.248347 
-0.303686 -0.0466399 0.30036 -0.272226 -0.0505906 0.297923 -0.270966 -0.0542266 0.320078 
-0.257382 -0.0653909 0.306061 0.232392 -0.117438 0.281078 0.214517 -0.124651 0.269499 
0.231133 -0.113802 0.258923 -0.242537 -0.0801912 0.3142 -0.211077 -0.0841419 0.311762 
-0.209817 -0.087778 0.333917 -0.196233 -0.0989423 0.3199 0.212746 -0.150301 0.288213 
-0.181389 -0.113743 0.328039 -0.180129 -0.117379 0.350193 -0.166544 -0.128543 0.336177 
0.210975 -0.175951 0.306927 -0.1517 -0.143343 0.344315 -0.15044 -0.146979 0.36647 
-0.12024 -0.147294 0.341878 -0.11898 -0.15093 0.364033 -0.08878 -0.151245 0.33944 
-0.0875201 -0.154881 0.361595 -0.0573201 -0.155195 0.337003 -0.0560602 -0.158831 0.359158 
-0.0424757 -0.169996 0.345141 0.132699 -0.182536 0.344533 0.114824 -0.189749 0.332954 
0.131439 -0.1789 0.322378 0.162899 -0.18285 0.31994 0.164159 -0.186486 0.342095 
0.194359 -0.186801 0.317503 -0.0276313 -0.184796 0.35328 0.00382859 -0.188747 0.350842 
0.00508851 -0.192383 0.372997 0.0352885 -0.192697 0.348404 0.0365484 -0.196333 0.370559 
0.0667484 -0.196648 0.345967 0.0680083 -0.200284 0.368122 0.0982083 -0.200599 0.34353 
-0.105048 0.116478 0.110427 -0.121664 0.105628 0.121003 -0.0735885 0.112527 0.10799 
-0.0408686 0.10494 0.127707 -0.0421285 0.108576 0.105552 -0.0094087 0.10099 0.12527 
-0.0106686 0.104626 0.103115 0.00417577 0.0898252 0.111253 -0.231399 0.102995 0.161046 
-0.232659 0.106631 0.138891 -0.249275 0.0957809 0.149467 -0.199939 0.0990438 0.158609 
-0.201199 0.10268 0.136454 -0.169739 0.0987291 0.134016 -0.138279 0.0947784 0.131579 
0.0190202 0.0750249 0.119391 0.0338645 0.0602246 0.12753 0.08194 0.0671235 0.114517 
0.0653245 0.0562738 0.125092 0.1134 0.0631728 0.112079 0.128244 0.0483724 0.120217 
-0.32881 0.0928327 0.164918 -0.345426 0.0819831 0.175494 -0.29735 0.088882 0.162481 
-0.26589 0.0849313 0.160043 0.0487089 0.0454242 0.135668 0.143089 0.0335721 0.128356 
0.157933 0.0187718 0.136494 -0.362041 0.0711334 0.18607 -0.378657 0.0602838 0.196645 
0.172777 0.00397145 0.144632 0.187622 -0.0108289 0.152771 -0.425472 0.0497488 0.231813 
-0.426732 0.0533849 0.209659 -0.443348 0.0425352 0.220235 -0.395272 0.0494342 0.207221 
0.202466 -0.0256292 0.160909 0.217311 -0.0404295 0.169047 -0.445119 0.0168853 0.238949 
0.215539 -0.0660795 0.187761 -0.430274 0.00208495 0.247087 -0.398814 -0.00186575 0.244649 
-0.367354 -0.00581646 0.242212 -0.366095 -0.00945248 0.264367 -0.35251 -0.0206168 0.25035 
0.231644 -0.0845159 0.218054 0.213768 -0.0917295 0.206475 -0.337666 -0.0354171 0.258489 
-0.306206 -0.0393678 0.256051 -0.304946 -0.0430039 0.278206 -0.291361 -0.0541682 0.264189 
0.229873 -0.110166 0.236768 0.211997 -0.117379 0.22519 -0.276517 -0.0689685 0.272328 
-0.261673 -0.0837688 0.280466 0.210226 -0.143029 0.243904 -0.246828 -0.0985691 0.288604 
-0.215368 -0.10252 0.286167 -0.183908 -0.106471 0.283729 -0.182649 -0.110107 0.305884 
-0.169064 -0.121271 0.291868 0.208455 -0.168679 0.262618 -0.15422 -0.136071 0.300006 
-0.15296 -0.139707 0.322161 -0.12276 -0.140022 0.297569 -0.1215 -0.143658 0.319723 
-0.107915 -0.154822 0.305707 0.193099 -0.183165 0.295348 0.175224 -0.190379 0.283769 
0.191839 -0.179529 0.273194 -0.093071 -0.169623 0.313845 -0.0616111 -0.173573 0.311408 
-0.0301512 -0.177524 0.30897 -0.0288912 -0.18116 0.331125 0.00130875 -0.181475 0.306533 
0.00256868 -0.185111 0.328687 0.0327687 -0.185425 0.304095 0.0340286 -0.189061 0.32625 
0.0642286 -0.189376 0.301658 0.0654885 -0.193012 0.323812 0.0956885 -0.193327 0.29922 
0.0969484 -0.196963 0.321375 0.127148 -0.197278 0.296783 0.158608 -0.201228 0.294345 
-0.233919 0.110267 0.116737 -0.235179 0.113903 0.0945821 -0.251795 0.103053 0.105158 
-0.202459 0.106316 0.114299 -0.203719 0.109952 0.0921446 -0.170999 0.102365 0.111862 
-0.172259 0.106001 0.0897071 -0.139539 0.0984144 0.109424 -0.140799 0.10205 0.0872696 
-0.109339 0.0980998 0.0848321 -0.0778794 0.094149 0.0823946 -0.0464195 0.0901984 0.0799571 
-0.0149596 0.0862476 0.0775196 -0.000115209 0.0714473 0.0856579 -0.33007 0.0964687 0.142763 
-0.33133 0.100105 0.120609 -0.347945 0.0892551 0.131184 -0.29861 0.092518 0.140326 
-0.29987 0.096154 0.118171 -0.26715 0.0885673 0.137888 -0.26841 0.0922033 0.115734 
0.0147292 0.056647 0.0937963 0.047449 0.0490602 0.113513 0.0461891 0.0526963 0.0913588 
0.0789089 0.0451095 0.111076 0.0610335 0.0378959 0.0994971 0.110369 0.0411588 0.108638 
-0.363301 0.0747694 0.163915 -0.364561 0.0784055 0.14176 -0.381176 0.0675559 0.152336 
0.0758779 0.0230956 0.107635 0.107338 0.0191449 0.105198 0.138798 0.0151942 0.10276 
0.153642 0.000393877 0.110899 -0.396532 0.0530702 0.185067 -0.397792 0.0567062 0.162912 
-0.414407 0.0458566 0.173488 0.168486 -0.0144065 0.119037 0.183331 -0.0292068 0.127175 
-0.429763 0.0313709 0.206218 -0.416179 0.0202066 0.192202 0.198175 -0.0440071 0.135314 
0.21302 -0.0588074 0.143452 -0.431534 0.00572098 0.224932 -0.41795 -0.00544332 0.210916 
0.211248 -0.0844574 0.162166 -0.403105 -0.0202437 0.219054 -0.371645 -0.0241944 0.216617 
-0.340186 -0.0281451 0.214179 -0.338926 -0.0317811 0.236334 -0.325341 -0.0429454 0.222318 
0.209477 -0.110107 0.18088 -0.310497 -0.0577457 0.230456 -0.279037 -0.0616964 0.228018 
-0.277777 -0.0653325 0.250173 -0.264192 -0.0764968 0.236157 0.207706 -0.135757 0.199594 
-0.249348 -0.0912971 0.244295 -0.248088 -0.0949331 0.26645 -0.234504 -0.106097 0.252433 
0.192351 -0.150243 0.232325 0.174475 -0.157457 0.220746 0.191091 -0.146607 0.21017 
-0.219659 -0.120898 0.260572 -0.188199 -0.124848 0.258134 -0.15674 -0.128799 0.255697 
-0.15548 -0.132435 0.277851 -0.12528 -0.13275 0.253259 -0.12402 -0.136386 0.275414 
-0.110435 -0.14755 0.261397 0.190579 -0.175893 0.251039 0.172704 -0.183107 0.23946 
-0.0955908 -0.162351 0.269536 -0.0943309 -0.165987 0.29169 -0.0641309 -0.166301 0.267098 
-0.062871 -0.169937 0.289253 -0.032671 -0.170252 0.264661 -0.0314111 -0.173888 0.286815 
-0.00121108 -0.174203 0.262223 4.88354e-05 -0.177839 0.284378 0.0302488 -0.178153 0.259786 
0.0315087 -0.181789 0.281941 0.0450932 -0.192954 0.267924 0.125888 -0.193641 0.274628 
0.108013 -0.200855 0.263049 0.124629 -0.190005 0.252473 0.156089 -0.193956 0.250036 
0.157348 -0.197592 0.272191 0.0599376 -0.207754 0.276062 0.0913975 -0.211705 0.273625 
-0.173519 0.109637 0.0675524 -0.174779 0.113273 0.0453977 -0.191395 0.102424 0.0559735 
-0.142059 0.105686 0.0651149 -0.143319 0.109323 0.0429602 -0.110599 0.101736 0.0626774 
-0.111859 0.105372 0.0405227 -0.0791393 0.0977851 0.0602399 -0.0803993 0.101421 0.0380853 
-0.0655549 0.0866208 0.0462236 -0.30113 0.0997901 0.0960165 -0.30239 0.103426 0.0738618 
-0.319005 0.0925765 0.0844376 -0.26967 0.0958394 0.093579 -0.27093 0.0994754 0.0714243 
-0.23947 0.0955247 0.0689868 -0.20801 0.091574 0.0665493 -0.0507105 0.0718204 0.0543619 
-0.0192506 0.0678697 0.0519244 -0.00440619 0.0530694 0.0600627 -0.335621 0.0817268 0.0950134 
-0.352236 0.0708772 0.105589 0.0104382 0.0382691 0.068201 0.0418981 0.0343184 0.0657635 
0.0567425 0.0195181 0.0739019 -0.368852 0.0600276 0.116165 -0.385467 0.049178 0.126741 
0.0715869 0.00471772 0.0820402 0.103047 0.000767013 0.0796027 0.134507 -0.00318369 0.0771652 
0.149351 -0.017984 0.0853035 -0.402083 0.0383283 0.137317 -0.418698 0.0274787 0.147892 
0.164195 -0.0327844 0.0934418 0.17904 -0.0475847 0.10158 -0.434054 0.012993 0.180623 
-0.435314 0.0166291 0.158468 -0.45193 0.00577945 0.169044 0.195144 -0.066021 0.131873 
0.177269 -0.0732346 0.120294 -0.437085 -0.00902089 0.177182 -0.405625 -0.0129716 0.174745 
-0.404365 -0.0166076 0.1969 -0.374165 -0.0169223 0.172307 -0.372905 -0.0205583 0.194462 
-0.359321 -0.0317226 0.180446 0.193373 -0.091671 0.150587 0.175498 -0.0988846 0.139008 
-0.344477 -0.046523 0.188584 -0.313017 -0.0504737 0.186147 -0.311757 -0.0541097 0.208301 
-0.298172 -0.065274 0.194285 0.191602 -0.117321 0.169301 0.173726 -0.124535 0.157722 
-0.283328 -0.0800743 0.202423 -0.251868 -0.084025 0.199986 -0.250608 -0.0876611 0.22214 
-0.237024 -0.0988254 0.208124 0.189831 -0.142971 0.188015 0.171955 -0.150185 0.176437 
-0.222179 -0.113626 0.216262 -0.220919 -0.117262 0.238417 -0.190719 -0.117576 0.213825 
-0.189459 -0.121212 0.235979 -0.159259 -0.121527 0.211387 -0.157999 -0.125163 0.233542 
-0.144415 -0.136327 0.219526 0.170184 -0.175834 0.195151 -0.129571 -0.151128 0.227664 
-0.0981107 -0.155078 0.225226 -0.0968507 -0.158714 0.247381 -0.0666507 -0.159029 0.222789 
-0.0653908 -0.162665 0.244944 -0.0351908 -0.16298 0.220351 -0.0339309 -0.166616 0.242506 
-0.00373092 -0.166931 0.217914 -0.002471 -0.170567 0.240069 0.0111135 -0.181731 0.226052 
0.123369 -0.186369 0.230319 0.105493 -0.193583 0.21874 0.122109 -0.182733 0.208164 
0.153569 -0.186684 0.205727 0.154829 -0.19032 0.227881 0.0259579 -0.196531 0.234191 
0.0574178 -0.200482 0.231753 0.0586777 -0.204118 0.253908 0.0888777 -0.204433 0.229316 
0.0901376 -0.208069 0.25147 -0.30365 0.107062 0.0517071 -0.30491 0.110698 0.0295525 
-0.321525 0.0998485 0.0401283 -0.27219 0.103111 0.0492696 -0.27345 0.106747 0.027115 
-0.24073 0.0991607 0.0468322 -0.24199 0.102797 0.0246775 -0.20927 0.09521 0.0443947 
-0.21053 0.098846 0.02224 -0.17907 0.0948953 0.0198025 -0.14761 0.0909446 0.017365 
-0.11615 0.0869939 0.0149275 -0.0846902 0.0830432 0.01249 -0.0519704 0.0754565 0.0322072 
-0.0532303 0.0790925 0.0100525 -0.0383859 0.0642922 0.0181908 -0.336881 0.0853629 0.0728587 
-0.338141 0.0889989 0.0507041 -0.354756 0.0781493 0.0612799 -0.0235416 0.0494918 0.0263292 
0.00917828 0.0419051 0.0460464 0.00791836 0.0455411 0.0238917 0.0227628 0.0307408 0.03203 
-0.370112 0.0636636 0.0940104 -0.371372 0.0672996 0.0718557 -0.387987 0.05645 0.0824315 
0.0376071 0.0159405 0.0401683 0.0524515 0.00114015 0.0483066 -0.389758 0.0308001 0.101146 
0.0672959 -0.0136602 0.0564449 0.100016 -0.0212469 0.0761621 0.0821403 -0.0284605 0.0645832 
0.131476 -0.0251976 0.0737246 -0.406374 0.0199504 0.111721 -0.422989 0.0091008 0.122297 
0.0969847 -0.0432608 0.0727216 0.128445 -0.0472116 0.0702841 0.161164 -0.0547983 0.0900013 
0.143289 -0.0620119 0.0784224 -0.439605 -0.00174882 0.132873 -0.456221 -0.0125985 0.143449 
0.158133 -0.0768122 0.0865607 0.172978 -0.0916125 0.094699 -0.441376 -0.0273988 0.151587 
-0.409916 -0.0313495 0.14915 -0.378456 -0.0353002 0.146712 -0.346996 -0.0392509 0.144275 
-0.345736 -0.0428869 0.166429 -0.332152 -0.0540512 0.152413 0.171207 -0.117263 0.113413 
-0.317308 -0.0688516 0.160551 -0.285848 -0.0728023 0.158114 -0.284588 -0.0764383 0.180268 
-0.271003 -0.0876026 0.166252 0.169435 -0.142912 0.132127 -0.256159 -0.102403 0.17439 
-0.224699 -0.106354 0.171953 -0.223439 -0.10999 0.194108 -0.209855 -0.121154 0.180091 
0.15408 -0.157398 0.164858 0.136204 -0.164612 0.153279 0.15282 -0.153762 0.142703 
-0.19501 -0.135954 0.18823 -0.16355 -0.139905 0.185792 -0.13209 -0.143856 0.183355 
-0.13083 -0.147492 0.205509 -0.10063 -0.147806 0.180917 -0.0993706 -0.151442 0.203072 
-0.0691706 -0.151757 0.17848 -0.0679107 -0.155393 0.200634 -0.0377107 -0.155708 0.176042 
-0.0364508 -0.159344 0.198197 -0.00625076 -0.159659 0.173605 -0.00499084 -0.163295 0.195759 
0.0252092 -0.163609 0.171167 0.0264691 -0.167245 0.193322 0.0400535 -0.17841 0.179305 
0.0893889 -0.175147 0.188447 0.0715135 -0.18236 0.176868 0.088129 -0.171511 0.166292 
0.119589 -0.175461 0.163855 0.120849 -0.179097 0.186009 0.152309 -0.183048 0.183572 
0.0246979 -0.192895 0.212036 0.0548979 -0.19321 0.187444 0.0561578 -0.196846 0.209598 
0.0876178 -0.200797 0.207161 -0.309201 0.0923202 0.00395723 -0.325816 0.0814706 0.014533 
-0.277741 0.0883695 0.00151974 -0.246281 0.0844188 -0.000917752 -0.214821 0.0804681 -0.00335524 
-0.183361 0.0765174 -0.00579273 -0.151901 0.0725667 -0.00823022 -0.120441 0.068616 -0.0106677 
-0.0889812 0.0646653 -0.0131052 -0.0575213 0.0607146 -0.0155427 -0.0248015 0.0531279 0.00417449 
-0.0260614 0.0567639 -0.0179802 -0.011217 0.0419636 -0.00984187 -0.342432 0.070621 0.0251088 
-0.359047 0.0597714 0.0356846 0.00362739 0.0271632 -0.00170356 0.0363472 0.0195765 0.0180136 
0.0350873 0.0232125 -0.00414105 0.0499317 0.00841221 0.00399727 -0.375663 0.0489217 0.0462604 
-0.392278 0.0380721 0.0568363 0.0481605 -0.0172378 0.0227114 -0.377434 0.0232718 0.0649746 
-0.376174 0.0196357 0.0871292 -0.36259 0.00847145 0.0731129 0.0630049 -0.0320381 0.0308497 
0.0778493 -0.0468384 0.038988 -0.440865 0.0018872 0.110718 -0.442125 0.00552323 0.0885637 
-0.45874 -0.00532639 0.0991395 -0.409405 -0.0020635 0.108281 -0.42728 -0.0092771 0.096702 
-0.39582 -0.0132278 0.0942645 -0.379205 -0.00237818 0.0836887 0.0926937 -0.0616387 0.0471263 
0.125414 -0.0692255 0.0668435 0.107538 -0.0764391 0.0552646 -0.442636 -0.0237628 0.129432 
-0.443896 -0.0201267 0.107278 -0.411176 -0.0277135 0.126995 -0.380976 -0.0280281 0.102403 
-0.379716 -0.0316642 0.124557 -0.366132 -0.0428285 0.110541 0.122382 -0.0912394 0.063403 
0.155102 -0.0988261 0.0831202 0.137227 -0.10604 0.0715413 -0.351287 -0.0576288 0.118679 
-0.319827 -0.0615795 0.116242 -0.318568 -0.0652155 0.138397 -0.288368 -0.0655302 0.113804 
-0.287108 -0.0691662 0.135959 -0.273523 -0.0803305 0.121943 0.153331 -0.124476 0.101834 
0.135456 -0.13169 0.0902554 -0.258679 -0.0951309 0.130081 -0.257419 -0.0987669 0.152236 
-0.227219 -0.0990816 0.127644 -0.225959 -0.102718 0.149798 -0.212374 -0.113882 0.135782 
0.15156 -0.150126 0.120548 0.133685 -0.15734 0.10897 -0.19753 -0.128682 0.14392 
-0.19627 -0.132318 0.166075 -0.16607 -0.132633 0.141483 -0.16481 -0.136269 0.163637 
-0.13461 -0.136584 0.139045 -0.13335 -0.14022 0.1612 -0.10315 -0.140534 0.136608 
-0.10189 -0.14417 0.158762 -0.0716904 -0.144485 0.13417 -0.0704305 -0.148121 0.156325 
-0.0402305 -0.148436 0.131733 -0.0389706 -0.152072 0.153887 -0.0087706 -0.152386 0.129295 
-0.00751068 -0.156022 0.15145 0.0226893 -0.156337 0.126858 0.0239492 -0.159973 0.149012 
0.0541492 -0.160288 0.12442 0.0554092 -0.163924 0.146575 0.0856091 -0.164239 0.121983 
0.0868691 -0.167875 0.144138 0.117069 -0.168189 0.119545 0.118329 -0.171825 0.1417 
0.053638 -0.189574 0.165289 -0.279001 0.0920056 -0.0206349 -0.280261 0.0956416 -0.0427896 
-0.296876 0.084792 -0.0322138 -0.247541 0.0880548 -0.0230724 -0.248801 0.0916909 -0.0452271 
-0.216081 0.0841042 -0.0255099 -0.217341 0.0877402 -0.0476646 -0.184621 0.0801535 -0.0279474 
-0.185881 0.0837895 -0.0501021 -0.153161 0.0762028 -0.0303849 -0.154421 0.0798388 -0.0525396 
-0.121701 0.0722521 -0.0328224 -0.122961 0.0758881 -0.0549771 -0.0902411 0.0683013 -0.0352599 
-0.091501 0.0719374 -0.0574146 -0.0766567 0.057137 -0.0492762 -0.313492 0.0739423 -0.021638 
-0.330107 0.0630927 -0.0110622 -0.0618123 0.0423367 -0.0411379 -0.0303524 0.038386 -0.0435754 
-0.015508 0.0235857 -0.0354371 -0.376923 0.0525578 0.0241058 -0.378183 0.0561938 0.00195109 
-0.394798 0.0453442 0.0125269 -0.346723 0.0522431 -0.000486398 -0.000663592 0.00878534 -0.0272988 
0.0307963 0.00483464 -0.0297363 0.0456407 -0.00996569 -0.021598 -0.378694 0.0269078 0.0428199 
-0.379954 0.0305438 0.0206652 -0.365109 0.0157435 0.0288035 0.0438696 -0.0356156 -0.00288385 
-0.381725 0.00489388 0.0393793 -0.39834 -0.00595575 0.0499551 -0.380465 0.00125785 0.061534 
0.058714 -0.050416 0.00525447 0.0735583 -0.0652163 0.0133928 -0.445156 -0.0164907 0.0851231 
-0.413696 -0.0204414 0.0826856 -0.414956 -0.0168054 0.0605309 -0.431571 -0.027655 0.0711068 
0.0884027 -0.0800167 0.0215311 0.103247 -0.094817 0.0296694 -0.416727 -0.0424553 0.0792451 
-0.385267 -0.046406 0.0768076 -0.353807 -0.0503567 0.0743701 -0.352547 -0.0539928 0.0965248 
-0.338963 -0.0651571 0.0825084 0.119351 -0.113253 0.0599624 0.101476 -0.120467 0.0483835 
-0.324118 -0.0799574 0.0906467 -0.292659 -0.0839081 0.0882092 -0.261199 -0.0878588 0.0857717 
-0.259939 -0.0914948 0.107926 -0.246354 -0.102659 0.0939101 0.11758 -0.138903 0.0786765 
0.0997048 -0.146117 0.0670977 -0.23151 -0.117459 0.102048 -0.20005 -0.12141 0.0996109 
-0.19879 -0.125046 0.121766 -0.16859 -0.125361 0.0971734 -0.16733 -0.128997 0.119328 
-0.13713 -0.129312 0.0947359 -0.13587 -0.132948 0.116891 -0.10567 -0.133262 0.0922984 
-0.10441 -0.136898 0.114453 -0.0742103 -0.137213 0.0898609 -0.0729503 -0.140849 0.112016 
-0.0427503 -0.141164 0.0874234 -0.0414904 -0.1448 0.109578 -0.0112904 -0.145114 0.0849859 
-0.0100305 -0.14875 0.107141 0.0201695 -0.149065 0.0825484 0.0214294 -0.152701 0.104703 
0.0516294 -0.153016 0.080111 0.0528893 -0.156652 0.102266 0.0830893 -0.156967 0.0776735 
0.0843492 -0.160603 0.0998281 0.115809 -0.164553 0.0973907 -0.314751 0.0775784 -0.0437927 
-0.316011 0.0812144 -0.0659473 -0.332627 0.0703648 -0.0553716 -0.284552 0.0772637 -0.0683848 
-0.253092 0.073313 -0.0708223 -0.221632 0.0693623 -0.0732598 -0.190172 0.0654116 -0.0756973 
-0.158712 0.0614609 -0.0781348 -0.127252 0.0575102 -0.0805723 -0.095792 0.0535595 -0.0830098 
-0.0630722 0.0459727 -0.0632926 -0.0643321 0.0496088 -0.0854473 -0.0494877 0.0348084 -0.077309 
-0.347983 0.0558791 -0.0226411 -0.349242 0.0595151 -0.0447957 -0.365858 0.0486655 -0.0342199 
-0.0346433 0.0200081 -0.0691706 -0.019799 0.00520777 -0.0610323 -0.381214 0.0341799 -0.00148946 
-0.367629 0.0230156 -0.0155058 -0.00495457 -0.00959256 -0.052894 0.0265053 -0.0135433 -0.0553315 
0.0592252 -0.02113 -0.0356143 0.0579653 -0.017494 -0.057769 0.0728096 -0.0322943 -0.0496307 
-0.384245 0.0121659 -0.00493002 -0.40086 0.00131631 0.00564579 -0.382985 0.00852991 0.0172247 
0.057454 -0.04678 -0.0169002 0.0710385 -0.0579443 -0.0309166 -0.416216 -0.0131693 0.0383763 
-0.417476 -0.00953332 0.0162216 -0.434091 -0.0203829 0.0267974 0.0871428 -0.0763806 -0.000623574 
0.0858829 -0.0727446 -0.0227783 0.100727 -0.0875449 -0.0146399 -0.417987 -0.0388193 0.0570904 
-0.419247 -0.0351833 0.0349357 -0.386527 -0.04277 0.0546529 -0.387787 -0.039134 0.0324982 
-0.356327 -0.0430847 0.0300607 -0.355067 -0.0467207 0.0522154 -0.341483 -0.057885 0.038199 
0.0989561 -0.113195 0.00407418 -0.326638 -0.0726853 0.0463374 -0.325378 -0.0763214 0.068492 
-0.295178 -0.0766361 0.0438999 -0.293918 -0.0802721 0.0660545 -0.280334 -0.0914364 0.0520382 
0.097185 -0.138845 0.0227883 -0.26549 -0.106237 0.0601765 -0.23403 -0.110187 0.057739 
-0.23277 -0.113823 0.0798937 -0.20257 -0.114138 0.0553015 -0.20131 -0.117774 0.0774562 
-0.187725 -0.128938 0.0634398 -0.13839 -0.125676 0.0725812 -0.156265 -0.132889 0.0610023 
-0.13965 -0.12204 0.0504265 -0.10819 -0.12599 0.0479891 -0.10693 -0.129626 0.0701437 
-0.0767301 -0.129941 0.0455516 -0.0754702 -0.133577 0.0677062 -0.0452702 -0.133892 0.0431141 
-0.0440103 -0.137528 0.0652687 -0.0138103 -0.137842 0.0406766 -0.0125504 -0.141478 0.0628313 
0.0176496 -0.141793 0.0382391 0.0189096 -0.145429 0.0603938 0.0491096 -0.145744 0.0358016 
0.0503695 -0.14938 0.0579563 0.0805695 -0.149694 0.0333641 0.0818294 -0.15333 0.0555188 
-0.172881 -0.143739 0.0715782 -0.222892 0.0729983 -0.0954145 -0.224152 0.0766344 -0.117569 
-0.240767 0.0657847 -0.106993 -0.191432 0.0690476 -0.097852 -0.192692 0.0726836 -0.120007 
-0.159972 0.0650969 -0.100289 -0.161232 0.0687329 -0.122444 -0.128512 0.0611462 -0.102727 
-0.129772 0.0647822 -0.124882 -0.114927 0.0499819 -0.116743 -0.320302 0.0628365 -0.0915426 
-0.336918 0.0519869 -0.0809668 -0.288842 0.0588858 -0.0939801 -0.257383 0.0549351 -0.0964176 
-0.100083 0.0351816 -0.108605 -0.0686231 0.0312309 -0.111043 -0.0359033 0.0236441 -0.0913253 
-0.0371632 0.0272802 -0.11348 -0.0223188 0.0124798 -0.105342 -0.352274 0.0375012 -0.0482363 
-0.338689 0.0263369 -0.0622527 -0.00621449 -0.00595653 -0.0750487 -0.00747441 -0.0023205 -0.0972034 
0.00736998 -0.0171208 -0.0890651 -0.354045 0.0118513 -0.0295222 -0.34046 0.000686959 -0.0435385 
0.0222144 -0.0319212 -0.0809267 0.0536743 -0.0358719 -0.0833642 0.0863941 -0.0434586 -0.063647 
0.0851342 -0.0398226 -0.0858017 0.0999786 -0.0546229 -0.0776634 -0.387276 -0.00984799 -0.00837057 
-0.373691 -0.0210123 -0.0223869 -0.357076 -0.0101627 -0.0329627 0.084623 -0.0691086 -0.0449329 
0.114823 -0.0694232 -0.0695251 0.116083 -0.0730593 -0.0473704 0.129667 -0.0842236 -0.0613868 
-0.420507 -0.0315472 0.012781 -0.389047 -0.035498 0.0103435 -0.375462 -0.0466622 -0.00367281 
0.114312 -0.0987092 -0.0286563 0.127896 -0.109874 -0.0426727 -0.360618 -0.0614626 0.0044655 
-0.329158 -0.0654133 0.00202801 -0.327898 -0.0690493 0.0241827 -0.314314 -0.0802136 0.0101663 
0.112541 -0.124359 -0.00994218 0.126125 -0.135523 -0.0239585 -0.299469 -0.0950139 0.0183046 
-0.268009 -0.0989647 0.0158671 -0.266749 -0.102601 0.0380218 -0.253165 -0.113765 0.0240055 
-0.0465301 -0.130256 0.0209594 -0.0644055 -0.137469 0.00938053 -0.04779 -0.12662 -0.00119528 
-0.0163301 -0.13057 -0.00363277 -0.0150702 -0.134206 0.0185219 0.0151298 -0.134521 -0.00607026 
0.0163897 -0.138157 0.0160844 0.0465897 -0.138472 -0.00850775 0.0478496 -0.142108 0.0136469 
0.0780496 -0.142422 -0.0109452 0.0793096 -0.146058 0.0112094 0.10951 -0.146373 -0.0133827 
-0.238321 -0.128565 0.0321438 -0.206861 -0.132516 0.0297063 -0.175401 -0.136467 0.0272688 
-0.174141 -0.140103 0.0494235 -0.143941 -0.140417 0.0248313 -0.112481 -0.144368 0.0223938 
-0.0810211 -0.148319 0.0199563 -0.290102 0.0625218 -0.116135 -0.291362 0.0661579 -0.138289 
-0.307978 0.0553082 -0.127714 -0.258642 0.0585711 -0.118572 -0.259902 0.0622072 -0.140727 
-0.228442 0.0582564 -0.143164 -0.196983 0.0543057 -0.145602 -0.165523 0.050355 -0.148039 
-0.134063 0.0464043 -0.150477 -0.101343 0.0388176 -0.13076 -0.102603 0.0424536 -0.152914 
-0.0877585 0.0276533 -0.144776 -0.324593 0.0444586 -0.117138 -0.341209 0.033609 -0.106562 
-0.0729141 0.012853 -0.136638 -0.0414542 0.00890226 -0.139075 -0.0266098 -0.00589807 -0.130937 
-0.34298 0.00795901 -0.0878479 -0.0117654 -0.0206984 -0.122799 0.0209544 -0.0282851 -0.103081 
0.0196945 -0.0246491 -0.125236 0.0524144 -0.0322358 -0.105519 0.0511544 -0.0285998 -0.127674 
0.0838743 -0.0361865 -0.107956 0.0826144 -0.0325505 -0.130111 0.0974588 -0.0473508 -0.121973 
-0.358336 -0.00652664 -0.0551174 -0.359596 -0.00289061 -0.0772721 -0.376211 -0.0137402 -0.0666963 
0.113563 -0.0657872 -0.0916798 0.112303 -0.0621512 -0.113834 0.127148 -0.0769515 -0.105696 
-0.391567 -0.0282259 -0.0339658 -0.392827 -0.0245899 -0.0561205 -0.409442 -0.0354395 -0.0455447 
0.125376 -0.102601 -0.086982 -0.394598 -0.0502398 -0.0374064 -0.363138 -0.0541905 -0.0398438 
-0.361878 -0.0578266 -0.0176892 -0.331678 -0.0581412 -0.0422813 -0.330418 -0.0617773 -0.0201267 
-0.316834 -0.0729416 -0.034143 0.123605 -0.128251 -0.0682679 -0.301989 -0.0877419 -0.0260047 
-0.300729 -0.0913779 -0.00385004 -0.270529 -0.0916926 -0.0284422 -0.269269 -0.0953286 -0.00628752 
-0.255685 -0.106493 -0.0203039 -0.01759 -0.126934 -0.0257874 -0.0354655 -0.134148 -0.0373663 
-0.0188499 -0.123298 -0.0479421 0.01261 -0.127249 -0.0503796 0.0138699 -0.130885 -0.0282249 
0.0440699 -0.1312 -0.0528171 0.0453298 -0.134836 -0.0306624 0.0755298 -0.13515 -0.0552546 
0.0767897 -0.138786 -0.0330999 0.10699 -0.139101 -0.0576921 0.10825 -0.142737 -0.0355374 
-0.240841 -0.121293 -0.0121656 -0.239581 -0.124929 0.00998911 -0.209381 -0.125244 -0.0146031 
-0.208121 -0.12888 0.00755161 -0.177921 -0.129195 -0.0170406 -0.176661 -0.132831 0.00511412 
-0.146461 -0.133145 -0.019478 -0.145201 -0.136781 0.00267663 -0.115001 -0.137096 -0.0219155 
-0.113741 -0.140732 0.000239143 -0.0835409 -0.141047 -0.024353 -0.082281 -0.144683 -0.00219835 
-0.052081 -0.144997 -0.0267905 -0.166783 0.0539911 -0.170194 -0.168043 0.0576271 -0.192349 
-0.184658 0.0467775 -0.181773 -0.153198 0.0428268 -0.18421 -0.295653 0.04778 -0.163885 
-0.312269 0.0369303 -0.153309 -0.264193 0.0438293 -0.166322 -0.232734 0.0398786 -0.16876 
-0.201274 0.0359279 -0.171197 -0.138354 0.0280264 -0.176072 -0.106894 0.0240757 -0.17851 
-0.0920494 0.0092754 -0.170371 -0.328884 0.0260807 -0.142733 -0.3455 0.0152311 -0.132157 
-0.0772051 -0.00552494 -0.162233 -0.0457451 -0.00947564 -0.16467 -0.0309007 -0.024276 -0.156532 
0.0813544 -0.0289145 -0.152266 0.0800945 -0.0252785 -0.17442 0.063479 -0.0361281 -0.163845 
0.112814 -0.0328652 -0.154703 0.111554 -0.0292292 -0.176858 0.126399 -0.0440295 -0.16872 
-0.347271 -0.0104189 -0.113443 -0.0160564 -0.0390763 -0.148394 0.0154036 -0.043027 -0.150831 
0.0468635 -0.0469777 -0.153269 0.111043 -0.0585151 -0.135989 0.141243 -0.0588298 -0.160581 
0.142503 -0.0624659 -0.138427 0.156088 -0.0736302 -0.152443 -0.362627 -0.0249045 -0.0807126 
-0.349042 -0.0360688 -0.094729 0.140732 -0.0881158 -0.119712 0.154316 -0.0992801 -0.133729 
-0.395858 -0.0466038 -0.059561 -0.364398 -0.0505545 -0.0619985 -0.350813 -0.0617188 -0.0760149 
0.121085 -0.120979 -0.112577 0.137701 -0.11013 -0.123153 -0.335969 -0.0765191 -0.0678766 
-0.304509 -0.0804698 -0.0703141 -0.303249 -0.0841059 -0.0481594 -0.289665 -0.0952702 -0.0621758 
0.0113501 -0.123613 -0.0725343 -0.0065254 -0.130827 -0.0841132 0.0100901 -0.119977 -0.094689 
0.04155 -0.123928 -0.0971265 0.04281 -0.127564 -0.0749718 0.07301 -0.127878 -0.0995639 
0.0742699 -0.131514 -0.0774093 0.10447 -0.131829 -0.102001 0.10573 -0.135465 -0.0798467 
-0.27482 -0.11007 -0.0540374 -0.24336 -0.114021 -0.0564749 -0.2421 -0.117657 -0.0343202 
-0.228516 -0.128822 -0.0483366 -0.116261 -0.13346 -0.0440702 -0.134136 -0.140674 -0.0556491 
-0.117521 -0.129824 -0.0662249 -0.0860608 -0.133775 -0.0686624 -0.0848008 -0.137411 -0.0465077 
-0.0546008 -0.137725 -0.0710999 -0.0533409 -0.141361 -0.0489452 -0.0231409 -0.141676 -0.0735374 
-0.213672 -0.143622 -0.0401983 -0.182212 -0.147573 -0.0426358 -0.150752 -0.151523 -0.0450733 
-0.202533 0.0395639 -0.193352 -0.203793 0.0431999 -0.215507 -0.220409 0.0323503 -0.204931 
-0.172333 0.0392492 -0.217944 -0.139614 0.0316625 -0.198227 -0.140874 0.0352985 -0.220381 
-0.126029 0.0204982 -0.212243 -0.299944 0.029402 -0.18948 -0.31656 0.0185524 -0.178904 
-0.268484 0.0254513 -0.191917 -0.237024 0.0215007 -0.194355 -0.111185 0.00569783 -0.204105 
-0.078465 -0.0018889 -0.184388 -0.0797249 0.00174712 -0.206542 -0.0648805 -0.0130532 -0.198404 
-0.333175 0.0077028 -0.168328 -0.349791 -0.00314683 -0.157752 -0.0500361 -0.0278535 -0.190266 
-0.0173163 -0.0354403 -0.170548 -0.0185762 -0.0318042 -0.192703 0.0141436 -0.039391 -0.172986 
0.0128837 -0.0357549 -0.195141 0.0456035 -0.0433417 -0.175423 0.0443436 -0.0397057 -0.197578 
0.0758035 -0.0436564 -0.200016 0.107263 -0.0476071 -0.202453 0.139983 -0.0551938 -0.182736 
0.138723 -0.0515578 -0.204891 0.153568 -0.0663581 -0.196752 -0.351562 -0.0287968 -0.139038 
0.169672 -0.0847945 -0.166459 0.168412 -0.0811584 -0.188614 0.183256 -0.0959588 -0.180476 
-0.353333 -0.0544467 -0.120324 0.167901 -0.110444 -0.147745 0.181485 -0.121609 -0.161762 
-0.338489 -0.0692471 -0.112186 -0.337229 -0.0728831 -0.0900313 -0.323644 -0.0840474 -0.104048 
0.0402901 -0.120292 -0.119281 0.0224147 -0.127505 -0.13086 0.0390302 -0.116656 -0.141436 
0.0704901 -0.120606 -0.143873 0.07175 -0.124242 -0.121719 0.10195 -0.124557 -0.146311 
0.10321 -0.128193 -0.124156 0.13341 -0.128508 -0.148748 0.16487 -0.132458 -0.151186 
-0.3088 -0.0988477 -0.0959093 -0.27734 -0.102798 -0.0983468 -0.27608 -0.106434 -0.0761921 
-0.262496 -0.117599 -0.0902085 -0.0558608 -0.134089 -0.0932545 -0.0737362 -0.141303 -0.104833 
-0.0571207 -0.130453 -0.115409 -0.0256608 -0.134404 -0.117847 -0.0244008 -0.13804 -0.095692 
0.00579915 -0.138355 -0.120284 -0.247651 -0.132399 -0.0820701 -0.216191 -0.13635 -0.0845077 
-0.214931 -0.139986 -0.062353 -0.184731 -0.140301 -0.0869451 -0.183472 -0.143937 -0.0647905 
-0.153272 -0.144251 -0.0893826 -0.152012 -0.147887 -0.067228 -0.121812 -0.148202 -0.0918201 
-0.0903517 -0.152153 -0.0942576 -0.173593 0.0428852 -0.240099 -0.174853 0.0465213 -0.262253 
-0.191469 0.0356716 -0.251678 -0.160009 0.0317209 -0.254115 -0.238284 0.0251367 -0.21651 
-0.239544 0.0287727 -0.238664 -0.25616 0.0179231 -0.228088 -0.208084 0.024822 -0.241102 
-0.145165 0.0169206 -0.245977 -0.112445 0.00933387 -0.22626 -0.113705 0.0129699 -0.248414 
-0.0988602 -0.00183044 -0.240276 0.139235 -0.0222718 -0.245759 0.137975 -0.0186357 -0.267914 
0.121359 -0.0294854 -0.257338 0.152819 -0.0334361 -0.259776 -0.304235 0.0110242 -0.215075 
-0.320851 0.000174536 -0.204499 -0.272775 0.00707346 -0.217513 -0.0840159 -0.0166308 -0.232138 
-0.051296 -0.0242175 -0.21242 -0.0525559 -0.0205815 -0.234575 -0.0198361 -0.0281682 -0.214858 
-0.021096 -0.0245322 -0.237013 0.0116238 -0.0321189 -0.217295 0.0103639 -0.0284829 -0.23945 
0.0430837 -0.0360696 -0.219733 0.0418238 -0.0324336 -0.241887 0.0745436 -0.0400203 -0.22217 
0.0732837 -0.0363843 -0.244325 0.106004 -0.043971 -0.224608 0.104744 -0.040335 -0.246762 
0.137463 -0.0479217 -0.227045 0.167663 -0.0482364 -0.251637 0.168923 -0.0518724 -0.229483 
0.182508 -0.0630367 -0.243499 -0.337466 -0.0106751 -0.193923 -0.354082 -0.0215247 -0.183348 
0.167152 -0.0775224 -0.210769 0.197352 -0.0778371 -0.235361 0.198612 -0.0814731 -0.213206 
0.212197 -0.0926374 -0.227223 -0.355853 -0.0471747 -0.164634 0.196841 -0.107123 -0.194492 
0.210425 -0.118287 -0.208508 -0.341009 -0.061975 -0.156495 -0.339749 -0.065611 -0.134341 
-0.326164 -0.0767753 -0.148357 0.0692302 -0.11697 -0.166028 0.0513548 -0.124184 -0.177607 
0.0679703 -0.113334 -0.188183 0.0994302 -0.117285 -0.19062 0.10069 -0.120921 -0.168465 
0.13089 -0.121236 -0.193058 0.13215 -0.124872 -0.170903 0.16235 -0.125186 -0.195495 
0.16361 -0.128822 -0.17334 0.19381 -0.129137 -0.197933 -0.31132 -0.0915757 -0.140219 
-0.31006 -0.0952117 -0.118064 -0.27986 -0.0955264 -0.142656 -0.2786 -0.0991624 -0.120501 
-0.265016 -0.110327 -0.134518 -0.0269207 -0.130768 -0.140001 -0.0447961 -0.137982 -0.15158 
-0.0281806 -0.127132 -0.162156 0.00327932 -0.131083 -0.164594 0.00453924 -0.134719 -0.142439 
0.0347392 -0.135033 -0.167031 -0.250171 -0.125127 -0.12638 -0.248911 -0.128763 -0.104225 
-0.218711 -0.129078 -0.128817 -0.217451 -0.132714 -0.106662 -0.187251 -0.133028 -0.131254 
-0.185991 -0.136664 -0.1091 -0.155791 -0.136979 -0.133692 -0.154531 -0.140615 -0.111537 
-0.124331 -0.14093 -0.136129 -0.123072 -0.144566 -0.113975 -0.0928716 -0.144881 -0.138567 
-0.0916116 -0.148517 -0.116412 -0.0614117 -0.148831 -0.141004 -0.179144 0.0281434 -0.287849 
-0.19576 0.0172937 -0.277273 -0.146424 0.0205566 -0.268131 -0.147684 0.0241926 -0.290286 
-0.114965 0.0166059 -0.270569 -0.116224 0.0202419 -0.292723 -0.10138 0.00544163 -0.284585 
0.168175 -0.0189504 -0.292506 0.166915 -0.0153144 -0.314661 0.150299 -0.026164 -0.304085 
0.181759 -0.0301147 -0.306523 -0.243835 0.0103948 -0.264259 -0.260451 -0.000454812 -0.253684 
-0.212375 0.00644411 -0.266697 -0.0852758 -0.0129947 -0.254292 -0.0865357 -0.00935871 -0.276447 
-0.0538159 -0.0169454 -0.25673 -0.0550758 -0.0133094 -0.278884 -0.022356 -0.0208961 -0.259167 
-0.0236159 -0.0172601 -0.281322 0.00910396 -0.0248468 -0.261605 0.00784404 -0.0212108 -0.283759 
0.0405639 -0.0287976 -0.264042 0.039304 -0.0251615 -0.286197 0.0720238 -0.0327483 -0.26648 
0.0707639 -0.0291122 -0.288634 0.103484 -0.036699 -0.268917 0.102224 -0.0330629 -0.291072 
0.133684 -0.0370136 -0.293509 0.166404 -0.0446004 -0.273792 0.196604 -0.044915 -0.298384 
0.197863 -0.0485511 -0.27623 0.211448 -0.0597154 -0.290246 -0.308526 -0.00735373 -0.24067 
-0.325142 -0.0182034 -0.230095 -0.277066 -0.0113044 -0.243108 0.196092 -0.074201 -0.257516 
0.226292 -0.0745157 -0.282108 0.227552 -0.0781517 -0.259953 0.241137 -0.089316 -0.273969 
-0.340497 -0.032689 -0.197364 -0.326913 -0.0438533 -0.21138 0.225781 -0.103802 -0.241239 
0.239366 -0.114966 -0.255255 -0.342268 -0.058339 -0.17865 -0.328684 -0.0695033 -0.192666 
0.0981703 -0.113649 -0.212775 0.0802948 -0.120862 -0.224354 0.0969104 -0.110013 -0.234929 
0.12837 -0.113964 -0.237367 0.12963 -0.1176 -0.215212 0.15983 -0.117914 -0.239804 
0.16109 -0.12155 -0.21765 0.19129 -0.121865 -0.242242 0.19255 -0.125501 -0.220087 
0.22275 -0.125816 -0.244679 -0.31384 -0.0843036 -0.184528 -0.31258 -0.0879396 -0.162373 
-0.28238 -0.0882543 -0.186965 -0.28112 -0.0918903 -0.164811 -0.267535 -0.103055 -0.178827 
-0.0294405 -0.123496 -0.184311 -0.047316 -0.13071 -0.19589 -0.0307004 -0.11986 -0.206465 
0.000759479 -0.123811 -0.208903 0.0020194 -0.127447 -0.186748 0.0322194 -0.127761 -0.21134 
0.0334793 -0.131397 -0.189186 0.0636793 -0.131712 -0.213778 -0.252691 -0.117855 -0.170689 
-0.251431 -0.121491 -0.148534 -0.221231 -0.121806 -0.173126 -0.219971 -0.125442 -0.150972 
-0.189771 -0.125756 -0.175564 -0.188511 -0.129392 -0.153409 -0.158311 -0.129707 -0.178001 
-0.157051 -0.133343 -0.155847 -0.126851 -0.133658 -0.180439 -0.125591 -0.137294 -0.158284 
-0.0953914 -0.137608 -0.182876 -0.0941315 -0.141245 -0.160722 -0.0639315 -0.141559 -0.185314 
-0.0626716 -0.145195 -0.163159 -0.148944 0.0278287 -0.312441 -0.150204 0.0314647 -0.334595 
-0.16682 0.0206151 -0.32402 -0.117484 0.023878 -0.314878 -0.118744 0.027514 -0.337033 
-0.1039 0.0127137 -0.328895 -0.213635 0.0100801 -0.288852 -0.214895 0.0137162 -0.311006 
-0.231511 0.00286654 -0.30043 -0.183435 0.00976545 -0.313444 -0.0877956 -0.00572268 -0.298602 
-0.0890555 -0.00208666 -0.320756 -0.0563357 -0.00967338 -0.301039 -0.0575956 -0.00603737 -0.323194 
-0.0248758 -0.0136241 -0.303477 -0.0261357 -0.00998807 -0.325631 0.00658412 -0.0175748 -0.305914 
0.0053242 -0.0139388 -0.328069 0.038044 -0.0215255 -0.308352 0.0367841 -0.0178895 -0.330506 
0.0695039 -0.0254762 -0.310789 0.068244 -0.0218402 -0.332944 0.100964 -0.0294269 -0.313227 
0.0997039 -0.0257909 -0.335381 0.132424 -0.0333776 -0.315664 0.131164 -0.0297416 -0.337819 
0.162624 -0.0336923 -0.340256 0.195344 -0.041279 -0.320539 0.194084 -0.037643 -0.342694 
0.208928 -0.0524433 -0.334555 -0.278326 -0.00766841 -0.265263 -0.279586 -0.00403238 -0.287417 
-0.296202 -0.014882 -0.276841 -0.248126 -0.00798308 -0.289855 0.225032 -0.0708797 -0.304262 
0.223772 -0.0672437 -0.326417 0.238617 -0.082044 -0.318279 -0.312817 -0.0257316 -0.266266 
-0.329433 -0.0365813 -0.25569 0.236846 -0.107694 -0.299565 -0.344788 -0.0510669 -0.222959 
-0.346048 -0.0474309 -0.245114 -0.362664 -0.0582805 -0.234538 0.0956504 -0.106377 -0.257084 
0.077775 -0.11359 -0.268663 0.0943905 -0.102741 -0.279239 0.12585 -0.106691 -0.281676 
0.12711 -0.110327 -0.259522 0.15731 -0.110642 -0.284114 0.15857 -0.114278 -0.261959 
0.18877 -0.114593 -0.286551 0.19003 -0.118229 -0.264397 0.22023 -0.118544 -0.288989 
0.22149 -0.12218 -0.266834 -0.347819 -0.0730809 -0.2264 -0.316359 -0.0770316 -0.228837 
-0.3151 -0.0806676 -0.206683 -0.2849 -0.0809823 -0.231275 -0.28364 -0.0846183 -0.20912 
-0.270055 -0.0957826 -0.223137 -0.00050044 -0.120175 -0.231058 -0.0183759 -0.127388 -0.242636 
-0.00176036 -0.116539 -0.253212 0.0296996 -0.120489 -0.25565 0.0309595 -0.124125 -0.233495 
0.0611595 -0.12444 -0.258087 0.0624194 -0.128076 -0.235933 -0.255211 -0.110583 -0.214998 
-0.253951 -0.114219 -0.192844 -0.223751 -0.114534 -0.217436 -0.222491 -0.11817 -0.195281 
-0.192291 -0.118484 -0.219873 -0.191031 -0.12212 -0.197719 -0.160831 -0.122435 -0.222311 
-0.159571 -0.126071 -0.200156 -0.129371 -0.126386 -0.224748 -0.128111 -0.130022 -0.202593 
-0.0979112 -0.130336 -0.227186 -0.0966513 -0.133972 -0.205031 -0.0664513 -0.134287 -0.229623 
-0.0651914 -0.137923 -0.207468 -0.0349914 -0.138238 -0.232061 -0.151464 0.0351007 -0.35675 
-0.152724 0.0387368 -0.378905 -0.16934 0.0278872 -0.368329 -0.120004 0.03115 -0.359188 
-0.121264 0.0347861 -0.381342 -0.10642 0.0199857 -0.373204 -0.184695 0.0134015 -0.335598 
-0.185955 0.0170375 -0.357753 -0.202571 0.0061879 -0.347177 -0.0903155 0.00154937 -0.342911 
-0.0915754 0.00518541 -0.365066 -0.0588555 -0.00240134 -0.345348 -0.0601155 0.0012347 -0.367503 
-0.0273956 -0.00635204 -0.347786 -0.0286555 -0.002716 -0.369941 0.00406428 -0.0103027 -0.350223 
0.00280437 -0.0066667 -0.372378 0.0355242 -0.0142535 -0.352661 0.0342643 -0.0106174 -0.374816 
0.0669841 -0.0182042 -0.355098 0.0657242 -0.0145681 -0.377253 0.098444 -0.0221549 -0.357536 
0.0971841 -0.0185188 -0.37969 0.129904 -0.0261056 -0.359973 0.128644 -0.0224695 -0.382128 
0.161364 -0.0300563 -0.362411 0.160104 -0.0264202 -0.384566 0.192824 -0.034007 -0.364848 
0.191564 -0.0303709 -0.387003 0.224284 -0.0379577 -0.367286 0.223024 -0.0343216 -0.38944 
0.237868 -0.049122 -0.381302 -0.219186 -0.00466173 -0.336601 -0.235802 -0.0155113 -0.326026 
0.222513 -0.0636076 -0.348572 0.236097 -0.0747719 -0.362588 -0.282617 -0.0260463 -0.290858 
-0.269033 -0.0372106 -0.304874 -0.252417 -0.026361 -0.31545 0.234326 -0.100422 -0.343874 
-0.317108 -0.0441095 -0.291861 -0.333724 -0.0549592 -0.281285 -0.285648 -0.0480602 -0.294298 
0.0931306 -0.0991047 -0.301394 0.0752552 -0.106318 -0.312972 0.0918707 -0.0954687 -0.323548 
0.123331 -0.0994194 -0.325986 0.124591 -0.103055 -0.303831 0.154791 -0.10337 -0.328423 
0.15605 -0.107006 -0.306268 0.18625 -0.107321 -0.330861 0.18751 -0.110957 -0.308706 
0.21771 -0.111272 -0.333298 0.21897 -0.114908 -0.311143 -0.349079 -0.0694448 -0.248555 
-0.318879 -0.0697595 -0.273147 -0.317619 -0.0733955 -0.250992 -0.287419 -0.0737102 -0.275584 
-0.286159 -0.0773462 -0.25343 -0.272575 -0.0885105 -0.267446 -0.00302028 -0.112903 -0.275367 
-0.0208957 -0.120116 -0.286946 -0.0042802 -0.109267 -0.297522 0.0271797 -0.113217 -0.299959 
0.0284396 -0.116853 -0.277804 0.0586396 -0.117168 -0.302397 0.0598995 -0.120804 -0.280242 
-0.257731 -0.103311 -0.259308 -0.256471 -0.106947 -0.237153 -0.226271 -0.107262 -0.261745 
-0.225011 -0.110898 -0.23959 -0.211426 -0.122062 -0.253607 -0.0991712 -0.1267 -0.24934 
-0.117047 -0.133914 -0.260919 -0.100431 -0.123064 -0.271495 -0.0689712 -0.127015 -0.273932 
-0.0677112 -0.130651 -0.251778 -0.0375112 -0.130966 -0.27637 -0.0362513 -0.134602 -0.254215 
-0.196582 -0.136862 -0.245468 -0.165122 -0.140813 -0.247906 -0.133662 -0.144764 -0.250343 
-0.120753 0.0640721 -0.422211 -0.122013 0.0677081 -0.444366 -0.138628 0.0568585 -0.43379 
-0.107168 0.0529078 -0.436227 -0.153984 0.0423728 -0.401059 -0.155244 0.0460089 -0.423214 
-0.171859 0.0351592 -0.412638 -0.122524 0.0384221 -0.403497 -0.0923241 0.0381074 -0.428089 
-0.0910641 0.0344714 -0.405934 -0.0596042 0.0305207 -0.408372 -0.0608642 0.0341567 -0.430527 
-0.0460198 0.0193564 -0.422388 -0.173631 0.00950925 -0.393924 -0.0928353 0.00882143 -0.38722 
-0.0613754 0.00487072 -0.389658 -0.0311754 0.00455606 -0.41425 -0.0299155 0.000920019 -0.392095 
0.00154444 -0.00303068 -0.394533 0.000284528 0.000605355 -0.416687 0.0330044 -0.00698139 -0.39697 
0.0317444 -0.00334535 -0.419125 0.0644643 -0.0109321 -0.399408 0.0632043 -0.00729606 -0.421562 
0.0959242 -0.0148828 -0.401845 0.0946643 -0.0112468 -0.424 0.127384 -0.0188335 -0.404283 
0.126124 -0.0151975 -0.426437 0.158844 -0.0227842 -0.40672 0.157584 -0.0191482 -0.428875 
0.190304 -0.0267349 -0.409158 0.189044 -0.0230989 -0.431312 0.221764 -0.0306856 -0.411595 
0.220504 -0.0270496 -0.43375 0.253224 -0.0346363 -0.414033 0.251964 -0.0310003 -0.436187 
0.266808 -0.0458006 -0.428049 -0.190246 -0.00134038 -0.383348 -0.206862 -0.01219 -0.372773 
0.251453 -0.0602863 -0.395319 0.265037 -0.0714506 -0.409335 -0.223477 -0.0230396 -0.362197 
-0.240093 -0.0338892 -0.351621 0.249681 -0.0859362 -0.376604 0.263266 -0.0971005 -0.390621 
-0.286908 -0.0444242 -0.316453 -0.288168 -0.0407882 -0.338608 -0.304784 -0.0516378 -0.328032 
-0.256708 -0.0447389 -0.341045 0.0906108 -0.0918327 -0.345703 0.0727353 -0.0990463 -0.357282 
0.0893508 -0.0881966 -0.367858 0.120811 -0.0921473 -0.370295 0.122071 -0.0957834 -0.34814 
0.152271 -0.096098 -0.372733 0.153531 -0.0997341 -0.350578 0.183731 -0.100049 -0.37517 
0.18499 -0.103685 -0.353015 0.21519 -0.103999 -0.377607 0.21645 -0.107635 -0.355453 
0.24665 -0.10795 -0.380045 -0.320139 -0.0661235 -0.295301 -0.288679 -0.0700742 -0.297739 
-0.289939 -0.0664381 -0.319894 -0.275095 -0.0812385 -0.311755 0.0259198 -0.109581 -0.322114 
0.00804436 -0.116795 -0.333693 0.0246599 -0.105945 -0.344268 0.0561198 -0.109896 -0.346706 
0.0573797 -0.113532 -0.324551 -0.26025 -0.0960388 -0.303617 -0.258991 -0.0996749 -0.281462 
-0.228791 -0.0999895 -0.306054 -0.227531 -0.103626 -0.2839 -0.213946 -0.11479 -0.297916 
-0.0387712 -0.12733 -0.298525 -0.0566466 -0.134543 -0.310103 -0.0400311 -0.123694 -0.320679 
-0.00857117 -0.127644 -0.323117 -0.199102 -0.12959 -0.289778 -0.197842 -0.133226 -0.267623 
-0.167642 -0.133541 -0.292215 -0.166382 -0.137177 -0.270061 -0.136182 -0.137492 -0.294653 
-0.134922 -0.141128 -0.272498 -0.104722 -0.141442 -0.29709 -0.0732621 -0.145393 -0.299528 
-0.123273 0.0713441 -0.46652 -0.124533 0.0749801 -0.488675 -0.141148 0.0641305 -0.478099 
-0.109688 0.0601798 -0.480537 -0.156504 0.0496449 -0.445369 -0.157764 0.0532809 -0.467523 
-0.174379 0.0424313 -0.456948 -0.093584 0.0417434 -0.450244 -0.0948439 0.0453795 -0.472398 
-0.0621241 0.0377927 -0.452681 -0.063384 0.0414288 -0.474836 -0.0306642 0.033842 -0.455119 
-0.0319241 0.0374781 -0.477273 0.000795747 0.0298913 -0.457556 -0.00046417 0.0335274 -0.479711 
0.0322557 0.0259406 -0.459994 0.0309957 0.0295766 -0.482148 0.0637156 0.0219899 -0.462431 
0.0624557 0.0256259 -0.484586 0.0951755 0.0180392 -0.464869 0.0939156 0.0216752 -0.487023 
0.126635 0.0140885 -0.467306 0.125375 0.0177245 -0.489461 0.158095 0.0101378 -0.469744 
0.156835 0.0137738 -0.491898 0.17168 -0.00102648 -0.48376 -0.17615 0.0167813 -0.438233 
-0.0324353 0.00819208 -0.436405 -0.000975392 0.00424137 -0.438842 0.0304845 0.000290669 -0.44128 
0.0619444 -0.00366004 -0.443717 0.0934044 -0.00761074 -0.446155 0.124864 -0.0115614 -0.448592 
0.156324 -0.0155121 -0.45103 0.186524 -0.0158268 -0.475622 0.187784 -0.0194629 -0.453467 
0.219244 -0.0234136 -0.455905 0.217984 -0.0197775 -0.478059 0.250704 -0.0273643 -0.458342 
0.249444 -0.0237282 -0.480497 0.264288 -0.0385286 -0.472358 -0.191506 0.00229564 -0.405503 
-0.192766 0.00593168 -0.427658 -0.209381 -0.00491795 -0.417082 0.262517 -0.0641785 -0.453644 
-0.211153 -0.0305679 -0.398368 0.260746 -0.0898285 -0.43493 -0.227768 -0.0414175 -0.387792 
-0.244384 -0.0522672 -0.377216 0.0880909 -0.0845606 -0.390012 0.0702155 -0.0917742 -0.401591 
0.086831 -0.0809246 -0.412167 0.118291 -0.0848753 -0.414604 0.119551 -0.0885113 -0.39245 
0.149751 -0.088826 -0.417042 0.151011 -0.092462 -0.394887 0.181211 -0.0927767 -0.419479 
0.182471 -0.0964127 -0.397325 0.212671 -0.0967274 -0.421917 0.213931 -0.100363 -0.399762 
0.244131 -0.100678 -0.424354 0.245391 -0.104314 -0.4022 -0.292459 -0.0591661 -0.364203 
-0.309075 -0.0700157 -0.353627 -0.260999 -0.0631168 -0.36664 0.0234 -0.102309 -0.366423 
0.00552452 -0.109523 -0.378002 0.02214 -0.0986731 -0.388578 0.0536 -0.102624 -0.391015 
0.0548599 -0.10626 -0.368861 -0.29423 -0.084816 -0.345489 -0.26277 -0.0887667 -0.347926 
-0.26151 -0.0924028 -0.325772 -0.247926 -0.103567 -0.339788 -0.0727509 -0.116107 -0.340397 
-0.0906264 -0.123321 -0.351975 -0.0740108 -0.112471 -0.362551 -0.0425509 -0.116422 -0.364989 
-0.041291 -0.120058 -0.342834 -0.011091 -0.120372 -0.367426 -0.00983109 -0.124008 -0.345271 
-0.233082 -0.118367 -0.33165 -0.201622 -0.122318 -0.334087 -0.200362 -0.125954 -0.311932 
-0.170162 -0.126269 -0.336525 -0.168902 -0.129905 -0.31437 -0.138702 -0.13022 -0.338962 
-0.137442 -0.133856 -0.316807 -0.107242 -0.13417 -0.3414 -0.105982 -0.137806 -0.319245 
-0.0745221 -0.141757 -0.321682 0.0997402 0.127911 -0.584035 0.0984803 0.131547 -0.606189 
0.0818648 0.120698 -0.595613 0.1312 0.12396 -0.586472 0.12994 0.127596 -0.608627 
0.16266 0.12001 -0.58891 0.1614 0.123646 -0.611064 0.19412 0.116059 -0.591347 
0.19286 0.119695 -0.613502 0.207704 0.104895 -0.605363 0.0665091 0.106212 -0.562883 
0.0652492 0.109848 -0.585038 0.0486337 0.0989983 -0.574462 0.0979691 0.102261 -0.56532 
0.129429 0.0983105 -0.567758 0.160889 0.0943598 -0.570195 0.192349 0.0904091 -0.572633 
0.222549 0.0900944 -0.597225 0.223809 0.0864583 -0.57507 0.255269 0.0825076 -0.577508 
0.254009 0.0861437 -0.599662 0.286729 0.0785569 -0.579945 0.285469 0.0821929 -0.6021 
0.300313 0.0673926 -0.593962 0.00181819 0.0884633 -0.539294 0.000558272 0.0920993 -0.561448 
-0.0160573 0.0812497 -0.550873 0.0332781 0.0845126 -0.541731 0.0320182 0.0881486 -0.563886 
0.064738 0.0805619 -0.544169 0.0961979 0.0766112 -0.546606 0.127658 0.0726605 -0.549044 
0.159118 0.0687098 -0.551481 0.190578 0.0647591 -0.553919 0.222038 0.0608084 -0.556356 
0.253498 0.0568577 -0.558794 0.284957 0.052907 -0.561231 0.298542 0.0417427 -0.575248 
-0.0943327 0.0746655 -0.513267 -0.0955926 0.0783015 -0.535422 -0.112208 0.0674519 -0.524846 
-0.0628728 0.0707147 -0.515705 -0.0641327 0.0743508 -0.537859 -0.0314129 0.0667641 -0.518142 
-0.0326728 0.0704001 -0.540297 4.70498e-05 0.0628134 -0.52058 0.031507 0.0588627 -0.523017 
0.0629669 0.0549119 -0.525455 0.0944268 0.0509612 -0.527892 0.125887 0.0470105 -0.53033 
0.157347 0.0430598 -0.532767 0.188807 0.0391091 -0.535205 0.220266 0.0351584 -0.537642 
0.251726 0.0312077 -0.54008 0.283186 0.027257 -0.542517 0.313386 0.0269423 -0.567109 
0.314646 0.0233063 -0.544955 0.328231 0.012142 -0.558971 -0.128824 0.0566022 -0.51427 
-0.145439 0.0457526 -0.503694 -0.0961038 0.0490155 -0.494553 -0.0646439 0.0450648 -0.496991 
-0.033184 0.0411141 -0.499428 -0.00172409 0.0371634 -0.501866 0.0297358 0.0332127 -0.504303 
0.0611957 0.029262 -0.506741 0.0926557 0.0253113 -0.509178 0.124116 0.0213606 -0.511616 
0.155575 0.0174099 -0.514053 0.187035 0.0134592 -0.516491 0.218495 0.00950846 -0.518928 
0.249955 0.00555776 -0.521366 0.281415 0.00160705 -0.523803 0.312875 -0.00234365 -0.526241 
0.326459 -0.0135079 -0.540257 -0.162055 0.034903 -0.493119 -0.17867 0.0240534 -0.482543 
0.185264 -0.0121908 -0.497776 0.216724 -0.0161415 -0.500214 0.248184 -0.0200922 -0.502651 
0.279644 -0.0240429 -0.505089 0.293228 -0.0352072 -0.519105 0.309844 -0.0243576 -0.529681 
-0.180441 -0.00159659 -0.463829 0.277873 -0.0496929 -0.486375 0.291457 -0.0608572 -0.500391 
-0.197057 -0.0124462 -0.453253 -0.213672 -0.0232959 -0.442677 0.276102 -0.0753428 -0.467661 
0.289686 -0.0865071 -0.481677 -0.229028 -0.0377815 -0.409947 -0.230288 -0.0341455 -0.432101 
-0.246903 -0.0449951 -0.421526 0.0855711 -0.0772886 -0.434322 0.0676956 -0.0845022 -0.4459 
0.0843112 -0.0736525 -0.456476 0.115771 -0.0776032 -0.458914 0.117031 -0.0812393 -0.436759 
0.147231 -0.0815539 -0.461351 0.148491 -0.08519 -0.439197 0.178691 -0.0855046 -0.463789 
0.179951 -0.0891407 -0.441634 0.210151 -0.0894553 -0.466226 0.211411 -0.0930914 -0.444072 
0.241611 -0.093406 -0.468664 0.242871 -0.0970421 -0.446509 0.273071 -0.0973568 -0.471101 
-0.262259 -0.0594808 -0.388795 -0.263519 -0.0558447 -0.41095 -0.280135 -0.0666943 -0.400374 
0.0208801 -0.0950371 -0.410732 0.00300468 -0.102251 -0.422311 0.0196202 -0.0914011 -0.432887 
0.0510801 -0.0953518 -0.435325 0.05234 -0.0989878 -0.41317 -0.29549 -0.08118 -0.367643 
-0.26403 -0.0851307 -0.370081 -0.26529 -0.0814947 -0.392236 -0.23257 -0.0890814 -0.372518 
-0.23383 -0.0854454 -0.394673 -0.218986 -0.100246 -0.386535 -0.0752708 -0.108835 -0.384706 
-0.0931462 -0.116049 -0.396285 -0.0765307 -0.105199 -0.406861 -0.0450708 -0.10915 -0.409298 
-0.0438108 -0.112786 -0.387143 -0.0136108 -0.1131 -0.411736 -0.0123509 -0.116736 -0.389581 
-0.234341 -0.114731 -0.353804 -0.204141 -0.115046 -0.378396 -0.202882 -0.118682 -0.356242 
-0.172682 -0.118997 -0.380834 -0.171422 -0.122633 -0.358679 -0.141222 -0.122947 -0.383271 
-0.139962 -0.126584 -0.361117 -0.109762 -0.126898 -0.385709 -0.108502 -0.130534 -0.363554 
0.0325294 0.117435 -0.604755 0.0312695 0.121071 -0.626909 0.014654 0.110221 -0.616334 
0.0639893 0.113484 -0.607192 0.0627294 0.11712 -0.629347 0.0941893 0.113169 -0.631784 
0.125649 0.109219 -0.634222 0.157109 0.105268 -0.636659 0.188569 0.101317 -0.639097 
0.221289 0.0937304 -0.61938 0.220029 0.0973664 -0.641534 0.252749 0.0897797 -0.621817 
0.251489 0.0934157 -0.643972 0.266333 0.0786154 -0.635834 -0.0321616 0.0996861 -0.581166 
-0.0334215 0.103322 -0.60332 -0.050037 0.0924725 -0.592744 -0.000701648 0.0957354 -0.583603 
-0.00196157 0.0993714 -0.605758 0.0307583 0.0917847 -0.586041 0.281178 0.0638151 -0.627695 
0.313897 0.0562283 -0.607978 0.312638 0.0598644 -0.630133 0.345357 0.0522776 -0.610415 
0.344097 0.0559136 -0.63257 0.358942 0.0411133 -0.624432 -0.0968525 0.0819375 -0.557577 
-0.0981124 0.0855735 -0.579731 -0.114728 0.0747239 -0.569155 -0.0653926 0.0779868 -0.560014 
-0.0666525 0.0816228 -0.582169 -0.0339327 0.0740361 -0.562452 0.312126 0.0305784 -0.589264 
0.325711 0.0194141 -0.60328 0.342326 0.0302637 -0.613856 -0.130084 0.0602383 -0.536425 
-0.131343 0.0638743 -0.55858 -0.147959 0.0530247 -0.548004 0.32394 -0.00623588 -0.584566 
-0.163315 0.038539 -0.515273 -0.164575 0.042175 -0.537428 -0.18119 0.0313254 -0.526852 
0.322169 -0.0318858 -0.565852 -0.182961 0.00567547 -0.508138 0.306813 -0.0463715 -0.533122 
0.320397 -0.0575358 -0.547138 -0.184732 -0.0199745 -0.489424 0.179202 -0.0562187 -0.504658 
0.161327 -0.0634322 -0.516236 0.177942 -0.0525826 -0.526812 0.209402 -0.0565333 -0.52925 
0.210662 -0.0601694 -0.507095 0.224247 -0.0713337 -0.521111 0.287166 -0.0792351 -0.525986 
0.303782 -0.0683854 -0.536562 -0.201348 -0.0308241 -0.478848 -0.217963 -0.0416738 -0.468272 
0.0830513 -0.0700165 -0.478631 0.0651758 -0.0772301 -0.49021 0.0817913 -0.0663805 -0.500786 
0.113251 -0.0703312 -0.503223 0.114511 -0.0739672 -0.481068 0.144711 -0.0742819 -0.505661 
0.145971 -0.0779179 -0.483506 0.177431 -0.0818686 -0.485943 0.208891 -0.0858193 -0.488381 
0.239091 -0.086134 -0.512973 0.240351 -0.08977 -0.490818 0.270551 -0.0900847 -0.515411 
0.271811 -0.0937207 -0.493256 -0.234579 -0.0525234 -0.457697 -0.251194 -0.063373 -0.447121 
0.0183603 -0.0877651 -0.455042 0.000484842 -0.0949786 -0.466621 0.0171004 -0.084129 -0.477196 
0.0485603 -0.0880797 -0.479634 0.0498202 -0.0917158 -0.457479 -0.26655 -0.0778587 -0.41439 
-0.23635 -0.0781733 -0.438982 -0.23509 -0.0818094 -0.416828 -0.20489 -0.0821241 -0.44142 
-0.20363 -0.0857601 -0.419265 -0.190046 -0.0969244 -0.433282 -0.0777906 -0.101563 -0.429015 
-0.095666 -0.108776 -0.440594 -0.0790505 -0.0979269 -0.45117 -0.0475906 -0.101878 -0.453607 
-0.0463307 -0.105514 -0.431453 -0.0161307 -0.105828 -0.456045 -0.0148708 -0.109464 -0.43389 
-0.205401 -0.11141 -0.400551 -0.175201 -0.111725 -0.425143 -0.173941 -0.115361 -0.402989 
-0.143741 -0.115675 -0.427581 -0.142482 -0.119311 -0.405426 -0.112282 -0.119626 -0.430018 
-0.111022 -0.123262 -0.407864 0.0282384 0.0990567 -0.63035 0.0418229 0.0878924 -0.644366 
0.0584384 0.0987421 -0.654942 0.0898983 0.0947913 -0.65738 0.121358 0.0908406 -0.659817 
0.152818 0.0868899 -0.662255 0.184278 0.0829392 -0.664692 0.215738 0.0789885 -0.66713 
0.247198 0.0750378 -0.669567 0.279918 0.0674511 -0.64985 0.278658 0.0710871 -0.672005 
0.311378 0.0635004 -0.652287 0.310118 0.0671364 -0.674442 0.342838 0.0595497 -0.654725 
0.341578 0.0631857 -0.67688 0.356422 0.0483854 -0.668741 -0.0993724 0.0892096 -0.601886 
-0.100632 0.0928456 -0.624041 -0.117248 0.081996 -0.613465 -0.0679125 0.0852589 -0.604323 
-0.0691724 0.0888949 -0.626478 -0.0377125 0.0849442 -0.628916 -0.00625254 0.0809935 -0.631353 
0.0252074 0.0770428 -0.633791 0.323191 0.0266861 -0.64759 0.341066 0.0338997 -0.636011 
0.339807 0.0375357 -0.658166 -0.132603 0.0675103 -0.580734 -0.133863 0.0711463 -0.602889 
-0.150479 0.0602967 -0.592313 0.32142 0.00103618 -0.628875 -0.15225 0.0346468 -0.573599 
0.336264 -0.0137642 -0.620737 0.337524 -0.0174002 -0.598583 0.351109 -0.0285645 -0.612599 
-0.168866 0.0237971 -0.563023 -0.185481 0.0129475 -0.552447 0.317878 -0.0502637 -0.591447 
0.334493 -0.0394141 -0.602023 -0.187252 -0.0127024 -0.533733 0.145222 -0.0449959 -0.546529 
0.127347 -0.0522095 -0.558108 0.143962 -0.0413599 -0.568684 0.175422 -0.0453106 -0.571122 
0.176682 -0.0489466 -0.548967 0.206882 -0.0492613 -0.573559 0.208142 -0.0528973 -0.551404 
0.238342 -0.053212 -0.575997 0.239602 -0.056848 -0.553842 0.253187 -0.0680123 -0.567858 
0.302522 -0.0647494 -0.558717 0.284646 -0.071963 -0.570296 0.301262 -0.0611134 -0.580871 
-0.202608 -0.0271881 -0.501003 -0.203868 -0.0235521 -0.523158 -0.220483 -0.0344017 -0.512582 
0.0805314 -0.0627444 -0.52294 0.062656 -0.069958 -0.534519 0.0792715 -0.0591084 -0.545095 
0.110731 -0.0630591 -0.547532 0.111991 -0.0666952 -0.525378 0.143451 -0.0706459 -0.527815 
0.237831 -0.082498 -0.535128 0.268031 -0.0828126 -0.55972 0.269291 -0.0864487 -0.537565 
-0.222254 -0.0600517 -0.493868 0.0158404 -0.080493 -0.499351 -0.002035 -0.0877066 -0.51093 
0.0145805 -0.076857 -0.521506 0.0460404 -0.0808077 -0.523943 0.0473004 -0.0844437 -0.501789 
-0.23761 -0.0745373 -0.461137 -0.20741 -0.074852 -0.485729 -0.20615 -0.078488 -0.463575 
-0.17595 -0.0788027 -0.488167 -0.17469 -0.0824387 -0.466012 -0.14449 -0.0827534 -0.490604 
-0.14323 -0.0863894 -0.46845 -0.11303 -0.0867041 -0.493042 -0.11177 -0.0903401 -0.470887 
-0.0815703 -0.0906548 -0.495479 -0.0803104 -0.0942908 -0.473325 -0.0501104 -0.0946055 -0.497917 
-0.0488505 -0.0982416 -0.475762 -0.0186505 -0.0985562 -0.500354 -0.0173906 -0.102192 -0.4782 
-0.176461 -0.108089 -0.447298 -0.145001 -0.112039 -0.449736 -0.113541 -0.11599 -0.452173 
0.0554074 0.0767281 -0.658383 0.0868673 0.0727774 -0.66082 0.100452 0.0616131 -0.674837 
0.117067 0.0724627 -0.685412 0.148527 0.068512 -0.68785 0.179987 0.0645613 -0.690287 
0.211447 0.0606106 -0.692725 0.242907 0.0566599 -0.695162 0.274367 0.0527092 -0.6976 
0.305827 0.0487585 -0.700037 0.338547 0.0411718 -0.68032 0.320671 0.0339582 -0.691899 
-0.104923 0.0744677 -0.649636 -0.121539 0.0636181 -0.63906 -0.0734634 0.070517 -0.652073 
-0.0420034 0.0665663 -0.654511 -0.0105435 0.0626156 -0.656948 0.0209164 0.0586649 -0.659386 
0.0523763 0.0547142 -0.661823 0.0838362 0.0507635 -0.664261 0.3189 0.00830823 -0.673185 
-0.138154 0.0527685 -0.628484 -0.15477 0.0419188 -0.617908 0.317129 -0.0173417 -0.654471 
-0.156541 0.0162689 -0.599194 0.333233 -0.0357781 -0.624178 0.315358 -0.0429917 -0.635757 
-0.173156 0.00541924 -0.588619 -0.189772 -0.00543038 -0.578043 0.142703 -0.0377238 -0.590839 
0.124827 -0.0449374 -0.602418 0.141443 -0.0340878 -0.612993 0.172903 -0.0380385 -0.615431 
0.174162 -0.0416745 -0.593276 0.204362 -0.0419892 -0.617868 0.205622 -0.0456252 -0.595714 
0.235822 -0.0459399 -0.620306 0.237082 -0.049576 -0.598151 0.267282 -0.0498906 -0.622743 
0.268542 -0.0535267 -0.600589 0.298742 -0.0538413 -0.625181 0.300002 -0.0574774 -0.603026 
-0.191543 -0.0310803 -0.559328 0.0780116 -0.0554724 -0.56725 0.0601361 -0.062686 -0.578829 
0.0767517 -0.0518364 -0.589404 0.108212 -0.0557871 -0.591842 0.109471 -0.0594231 -0.569687 
0.266771 -0.0791766 -0.581875 -0.208159 -0.04193 -0.548753 -0.224774 -0.0527796 -0.538177 
0.0133206 -0.0732209 -0.54366 -0.00455484 -0.0804345 -0.555239 0.0120607 -0.0695849 -0.565815 
0.0435206 -0.0735356 -0.568253 0.0447805 -0.0771716 -0.546098 -0.20993 -0.0675799 -0.530039 
-0.20867 -0.071216 -0.507884 -0.17847 -0.0715306 -0.532476 -0.17721 -0.0751667 -0.510321 
-0.14701 -0.0754813 -0.534914 -0.14575 -0.0791174 -0.512759 -0.11555 -0.079432 -0.537351 
-0.11429 -0.0830681 -0.515196 -0.0840902 -0.0833827 -0.539789 -0.0828303 -0.0870188 -0.517634 
-0.0526303 -0.0873335 -0.542226 -0.0513704 -0.0909695 -0.520071 -0.0211704 -0.0912841 -0.544664 
-0.0199104 -0.0949202 -0.522509 -0.0397211 0.121502 -0.714094 -0.040981 0.125138 -0.736248 
-0.0575965 0.114289 -0.725673 -0.0261366 0.110338 -0.72811 -0.0427521 0.0994883 -0.717534 
0.114036 0.0504488 -0.688853 0.127621 0.0392845 -0.702869 0.144236 0.0501341 -0.713445 
0.175696 0.0461834 -0.715883 0.207156 0.0422327 -0.71832 0.238616 0.038282 -0.720758 
0.270076 0.0343313 -0.723195 0.301536 0.0303806 -0.725633 0.31638 0.0155803 -0.717494 
-0.109214 0.0560898 -0.675231 -0.12583 0.0452402 -0.664655 -0.0777543 0.0521391 -0.677669 
-0.0450345 0.0445524 -0.657951 -0.0629099 0.0373388 -0.66953 -0.0135746 0.0406017 -0.660389 
0.0178853 0.036651 -0.662826 0.0314698 0.0254867 -0.676843 0.0480853 0.0363363 -0.687419 
0.0795452 0.0323856 -0.689856 0.111005 0.0284349 -0.692294 0.301025 0.00109464 -0.684764 
0.283149 -0.00611896 -0.696343 0.299765 0.00473065 -0.706918 -0.142445 0.0343905 -0.654079 
-0.159061 0.0235409 -0.643504 -0.0782655 0.0228531 -0.6368 -0.096141 0.0156395 -0.648379 
-0.0795255 0.0264891 -0.658954 -0.0646811 0.0116888 -0.650816 -0.0480656 0.0225384 -0.661392 
-0.0166056 0.0185877 -0.663829 0.0148543 0.014637 -0.666267 0.299253 -0.0245553 -0.66605 
0.281378 -0.0317689 -0.677629 -0.160832 -0.00210903 -0.624789 -0.0812966 0.000839181 -0.64024 
0.140183 -0.0304518 -0.635148 0.122307 -0.0376654 -0.646727 0.138923 -0.0268157 -0.657303 
0.170383 -0.0307665 -0.65974 0.171643 -0.0344025 -0.637586 0.201843 -0.0347172 -0.662178 
0.203103 -0.0383532 -0.640023 0.233303 -0.0386679 -0.664615 0.234562 -0.0423039 -0.642461 
0.264762 -0.0426186 -0.667053 0.266022 -0.0462546 -0.644898 0.297482 -0.0502053 -0.647335 
-0.177447 -0.0129587 -0.614214 -0.194063 -0.0238083 -0.603638 -0.113268 -0.0244961 -0.596934 
-0.131143 -0.0317097 -0.608513 -0.114528 -0.0208601 -0.619089 -0.0996833 -0.0356604 -0.61095 
0.0754918 -0.0482003 -0.611559 0.0576163 -0.0554139 -0.623138 0.0742318 -0.0445643 -0.633714 
0.105692 -0.048515 -0.636151 0.106952 -0.052151 -0.613996 -0.195834 -0.0494582 -0.584924 
-0.115039 -0.050146 -0.57822 -0.132914 -0.0573596 -0.589799 -0.0848389 -0.0504607 -0.602812 
-0.083579 -0.0540967 -0.580657 -0.0699945 -0.0652611 -0.594674 0.0108008 -0.0659489 -0.58797 
-0.00707467 -0.0731625 -0.599549 0.00954085 -0.0623129 -0.610125 0.0410008 -0.0662636 -0.612562 
0.0422607 -0.0698996 -0.590407 -0.21119 -0.0639439 -0.552193 -0.18099 -0.0642586 -0.576785 
-0.17973 -0.0678946 -0.554631 -0.14953 -0.0682093 -0.579223 -0.14827 -0.0718453 -0.557068 
-0.11681 -0.075796 -0.559506 -0.0853501 -0.0797467 -0.561943 -0.0551501 -0.0800614 -0.586535 
-0.0538902 -0.0836974 -0.564381 -0.0236902 -0.0840121 -0.588973 -0.0224303 -0.0876481 -0.566818 
-0.0440121 0.103124 -0.739689 -0.0772431 0.0814251 -0.718537 -0.078503 0.0850611 -0.740692 
-0.0951186 0.0742115 -0.730116 -0.0636586 0.0702608 -0.732554 -0.0790142 0.0557752 -0.699823 
-0.0968897 0.0485616 -0.711402 -0.0654298 0.0446108 -0.71384 0.141205 0.0281202 -0.716886 
0.15479 0.0169559 -0.730902 0.171405 0.0278055 -0.741478 0.202865 0.0238548 -0.743915 
0.234325 0.0199041 -0.746353 0.267045 0.0123174 -0.726636 0.249169 0.0051038 -0.738215 
0.298505 0.0083667 -0.729073 -0.113505 0.0377119 -0.700826 -0.130121 0.0268623 -0.690251 
-0.0820453 0.0337612 -0.703264 -0.0807854 0.0301252 -0.681109 -0.0986608 0.0229116 -0.692688 
0.0450543 0.0143224 -0.690859 0.0765142 0.0103717 -0.693297 0.0900987 -0.000792644 -0.707313 
0.106714 0.010057 -0.717889 0.138174 0.00610627 -0.720326 0.233814 -0.00938185 -0.705484 
0.215938 -0.0165955 -0.717063 0.232554 -0.00574584 -0.727639 0.265274 -0.0133326 -0.707921 
-0.146736 0.0160126 -0.679675 -0.163352 0.00516303 -0.669099 -0.114016 0.00842594 -0.659957 
-0.115276 0.0120619 -0.682112 -0.131892 0.00121233 -0.671536 -0.0510966 0.000524531 -0.664833 
-0.0196367 -0.00342617 -0.66727 0.0118232 -0.00737688 -0.669707 0.0254077 -0.0185412 -0.683724 
0.0420232 -0.00769158 -0.6943 0.0734831 -0.0116423 -0.696737 0.137663 -0.0231797 -0.679457 
0.119787 -0.0303933 -0.691036 0.136403 -0.0195437 -0.701612 0.167863 -0.0234944 -0.70405 
0.169123 -0.0271304 -0.681895 0.199323 -0.0274451 -0.706487 0.200583 -0.0310811 -0.684332 
0.232043 -0.0350318 -0.68677 0.263503 -0.0389825 -0.689207 -0.165123 -0.0204869 -0.650385 
-0.115788 -0.017224 -0.641243 -0.133663 -0.0244376 -0.652822 -0.0843277 -0.0211747 -0.643681 
-0.0528678 -0.0251254 -0.646118 -0.0214078 -0.0290761 -0.648556 -0.00782337 -0.0402405 -0.662572 
0.00879215 -0.0293908 -0.673148 0.0729719 -0.0409282 -0.655868 0.0550965 -0.0481419 -0.667447 
0.071712 -0.0372922 -0.678023 0.103172 -0.0412429 -0.680461 0.104432 -0.044879 -0.658306 
-0.180479 -0.0349726 -0.617654 -0.150279 -0.0352873 -0.642247 -0.149019 -0.0389233 -0.620092 
-0.0860988 -0.0468247 -0.624967 -0.0546389 -0.0507754 -0.627404 -0.023179 -0.0547261 -0.629842 
0.00702101 -0.0550408 -0.654434 0.00828093 -0.0586768 -0.632279 0.0384809 -0.0589915 -0.656871 
0.0397409 -0.0626275 -0.634717 -0.18351 -0.0569865 -0.621095 -0.200125 -0.0678361 -0.610519 
-0.15079 -0.0645732 -0.601378 -0.168665 -0.0717869 -0.612957 -0.05641 -0.0764254 -0.60869 
-0.0249501 -0.0803761 -0.611128 -0.185281 -0.0826365 -0.602381 -0.0815341 0.0630472 -0.744133 
-0.0500742 0.0590965 -0.74657 -0.0513341 0.0627325 -0.768725 -0.0679496 0.0518829 -0.758149 
-0.0364897 0.0479322 -0.760587 -0.0845651 0.0410333 -0.747573 -0.101181 0.0301836 -0.736997 
-0.0531052 0.0370825 -0.750011 -0.0697208 0.0262329 -0.739435 0.168374 0.00579162 -0.744918 
0.199834 0.00184092 -0.747356 0.231294 -0.00210979 -0.749793 -0.117796 0.019334 -0.726422 
-0.134412 0.00848439 -0.715846 -0.102952 0.00453368 -0.718283 -0.0863363 0.0153833 -0.728859 
0.103683 -0.0119569 -0.721329 0.135143 -0.0159076 -0.723767 0.166603 -0.0198583 -0.726204 
0.198063 -0.023809 -0.728642 -0.151027 -0.00236525 -0.70527 -0.167643 -0.0132149 -0.694694 
-0.136183 -0.0171656 -0.697132 -0.119567 -0.00631596 -0.707707 0.0389922 -0.0297055 -0.69774 
0.0704521 -0.0336562 -0.700178 0.101912 -0.0376069 -0.702615 -0.169414 -0.0388648 -0.67598 
-0.137954 -0.0428155 -0.678417 0.0057611 -0.0514047 -0.676589 0.037221 -0.0553554 -0.679026 
-0.15457 -0.0536652 -0.667842 -0.186541 -0.0790004 -0.624535 -0.0543651 0.0407186 -0.772165 
-0.0875962 0.0190194 -0.751014 -0.120827 -0.0026799 -0.729862 -0.154058 -0.0243792 -0.70871 
-0.155829 -0.0500291 -0.689996 
POLYGONS 6685 20052
OFFSETS vtktypeint64
0 3 6 9 12 15 18 21 24 
27 30 33 36 39 42 45 48 51 
54 57 60 63 66 69 72 75 78 
81 84 87 90 93 96 99 102 105 
108 111 114 117 120 123 126 129 132 
135 138 141 144 147 150 153 156 159 
162 165 168 171 174 177 180 183 186 
189 192 195 198 201 204 207 210 213 
216 219 222 225 228 231 234 237 240 
243 246 249 252 255 258 261 264 267 
270 273 276 279 282 285 288 291 294 
297 300 303 306 309 312 315 318 321 
324 327 330 333 336 339 342 345 348 
351 354 357 360 363 366 369 372 375 
378 381 384 387 390 393 396 399 402 
405 408 411 414 417 420 423 426 429 
432 435 438 441 444 447 450 453 456 
459 462 465 468 471 474 477 480 483 
486 489 492 495 498 501 504 507 510 
513 516 519 522 525 528 531 534 537 
540 543 546 549 552 555 558 561 564 
567 570 573 576 579 582 585 588 591 
594 597 600 603 606 609 612 615 618 
621 624 627 630 633 636 639 642 645 
648 651 654 657 660 663 666 669 672 
675 678 681 684 687 690 693 696 699 
702 705 708 711 714 717 720 723 726 
729 732 735 738 741 744 747 750 753 
756 759 762 765 768 771 774 777 780 
783 786 789 792 795 798 801 804 807 
810 813 816 819 822 825 828 831 834 
837 840 843 846 849 852 855 858 861 
864 867 870 873 876 879 882 885 888 
891 894 897 900 903 906 909 912 915 
918 921 924 927 930 933 936 939 942 
945 948 951 954 957 960 963 966 969 
972 975 978 981 984 987 990 993 996 
999 1002 1005 1008 1011 1014 1017 1020 1023 
1026 1029 1032 1035 1038 1041 1044 1047 1050 
1053 1056 1059 1062 1065 1068 1071 1074 1077 
1080 1083 1086 1089 1092 1095 1098 1101 1104 
1107 1110 1113 1116 1119 1122 1125 1128 1131 
1134 1137 1140 1143 1146 1149 1152 1155 1158 
1161 1164 1167 1170 1173 1176 1179 1182 1185 
1188 1191 1194 1197 1200 1203 1206 1209 1212 
1215 1218 1221 1224 1227 1230 1233 1236 1239 
1242 1245 1248 1251 1254 1257 1260 1263 1266 
1269 1272 1275 1278 1281 1284 1287 1290 1293 
1296 1299 1302 1305 1308 1311 1314 1317 1320 
1323 1326 1329 1332 1335 1338 1341 1344 1347 
1350 1353 1356 1359 1362 1365 1368 1371 1374 
1377 1380 1383 1386 1389 1392 1395 1398 1401 
1404 1407 1410 1413 1416 1419 1422 1425 1428 
1431 1434 1437 1440 1443 1446 1449 1452 1455 
1458 1461 1464 1467 1470 1473 1476 1479 1482 
1485 1488 1491 1494 1497 1500 1503 1506 1509 
1512 1515 1518 1521 1524 1527 1530 1533 1536 
1539 1542 1545 1548 1551 1554 1557 1560 1563 
1566 1569 1572 1575 1578 1581 1584 1587 1590 
1593 1596 1599 1602 1605 1608 1611 1614 1617 
1620 1623 1626 1629 1632 1635 1638 1641 1644 
1647 1650 1653 1656 1659 1662 1665 1668 1671 
1674 1677 1680 1683 1686 1689 1692 1695 1698 
1701 1704 1707 1710 1713 1716 1719 1722 1725 
1728 1731 1734 1737 1740 1743 1746 1749 1752 
1755 1758 1761 1764 1767 1770 1773 1776 1779 
1782 1785 1788 1791 1794 1797 1800 1803 1806 
1809 1812 1815 1818 1821 1824 1827 1830 1833 
1836 1839 1842 1845 1848 1851 1854 1857 1860 
1863 1866 1869 1872 1875 1878 1881 1884 1887 
1890 1893 1896 1899 1902 1905 1908 1911 1914 
1917 1920 1923 1926 1929 1932 1935 1938 1941 
1944 1947 1950 1953 1956 1959 1962 1965 1968 
1971 1974 1977 1980 1983 1986 1989 1992 1995 
1998 2001 2004 2007 2010 2013 2016 2019 2022 
2025 2028 2031 2034 2037 2040 2043 2046 2049 
2052 2055 2058 2061 2064 2067 2070 2073 2076 
2079 2082 2085 2088 2091 2094 2097 2100 2103 
2106 2109 2112 2115 2118 2121 2124 2127 2130 
2133 2136 2139 2142 2145 2148 2151 2154 2157 
2160 2163 2166 2169 2172 2175 2178 2181 2184 
2187 2190 2193 2196 2199 2202 2205 2208 2211 
2214 2217 2220 2223 2226 2229 2232 2235 2238 
2241 2244 2247 2250 2253 2256 2259 2262 2265 
2268 2271 2274 2277 2280 2283 2286 2289 2292 
2295 2298 2301 2304 2307 2310 2313 2316 2319 
2322 2325 2328 2331 2334 2337 2340 2343 2346 
2349 2352 2355 2358 2361 2364 2367 2370 2373 
2376 2379 2382 2385 2388 2391 2394 2397 2400 
2403 2406 2409 2412 2415 2418 2421 2424 2427 
2430 2433 2436 2439 2442 2445 2448 2451 2454 
2457 2460 2463 2466 2469 2472 2475 2478 2481 
2484 2487 2490 2493 2496 2499 2502 2505 2508 
2511 2514 2517 2520 2523 2526 2529 2532 2535 
2538 2541 2544 2547 2550 2553 2556 2559 2562 
2565 2568 2571 2574 2577 2580 2583 2586 2589 
2592 2595 2598 2601 2604 2607 2610 2613 2616 
2619 2622 2625 2628 2631 2634 2637 2640 2643 
2646 2649 2652 2655 2658 2661 2664 2667 2670 
2673 2676 2679 2682 2685 2688 2691 2694 2697 
2700 2703 2706 2709 2712 2715 2718 2721 2724 
2727 2730 2733 2736 2739 2742 2745 2748 2751 
2754 2757 2760 2763 2766 2769 2772 2775 2778 
2781 2784 2787 2790 2793 2796 2799 2802 2805 
2808 2811 2814 2817 2820 2823 2826 2829 2832 
2835 2838 2841 2844 2847 2850 2853 2856 2859 
2862 2865 2868 2871 2874 2877 2880 2883 2886 
2889 2892 2895 2898 2901 2904 2907 2910 2913 
2916 2919 2922 2925 2928 2931 2934 2937 2940 
2943 2946 2949 2952 2955 2958 2961 2964 2967 
2970 2973 2976 2979 2982 2985 2988 2991 2994 
2997 3000 3003 3006 3009 3012 3015 3018 3021 
3024 3027 3030 3033 3036 3039 3042 3045 3048 
3051 3054 3057 3060 3063 3066 3069 3072 3075 
3078 3081 3084 3087 3090 3093 3096 3099 3102 
3105 3108 3111 3114 3117 3120 3123 3126 3129 
3132 3135 3138 3141 3144 3147 3150 3153 3156 
3159 3162 3165 3168 3171 3174 3177 3180 3183 
3186 3189 3192 3195 3198 3201 3204 3207 3210 
3213 3216 3219 3222 3225 3228 3231 3234 3237 
3240 3243 3246 3249 3252 3255 3258 3261 3264 
3267 3270 3273 3276 3279 3282 3285 3288 3291 
3294 3297 3300 3303 3306 3309 3312 3315 3318 
3321 3324 3327 3330 3333 3336 3339 3342 3345 
3348 3351 3354 3357 3360 3363 3366 3369 3372 
3375 3378 3381 3384 3387 3390 3393 3396 3399 
3402 3405 3408 3411 3414 3417 3420 3423 3426 
3429 3432 3435 3438 3441 3444 3447 3450 3453 
3456 3459 3462 3465 3468 3471 3474 3477 3480 
3483 3486 3489 3492 3495 3498 3501 3504 3507 
3510 3513 3516 3519 3522 3525 3528 3531 3534 
3537 3540 3543 3546 3549 3552 3555 3558 3561 
3564 3567 3570 3573 3576 3579 3582 3585 3588 
3591 3594 3597 3600 3603 3606 3609 3612 3615 
3618 3621 3624 3627 3630 3633 3636 3639 3642 
3645 3648 3651 3654 3657 3660 3663 3666 3669 
3672 3675 3678 3681 3684 3687 3690 3693 3696 
3699 3702 3705 3708 3711 3714 3717 3720 3723 
3726 3729 3732 3735 3738 3741 3744 3747 3750 
3753 3756 3759 3762 3765 3768 3771 3774 3777 
3780 3783 3786 3789 3792 3795 3798 3801 3804 
3807 3810 3813 3816 3819 3822 3825 3828 3831 
3834 3837 3840 3843 3846 3849 3852 3855 3858 
3861 3864 3867 3870 3873 3876 3879 3882 3885 
3888 3891 3894 3897 3900 3903 3906 3909 3912 
3915 3918 3921 3924 3927 3930 3933 3936 3939 
3942 3945 3948 3951 3954 3957 3960 3963 3966 
3969 3972 3975 3978 3981 3984 3987 3990 3993 
3996 3999 4002 4005 4008 4011 4014 4017 4020 
4023 4026 4029 4032 4035 4038 4041 4044 4047 
4050 4053 4056 4059 4062 4065 4068 4071 4074 
4077 4080 4083 4086 4089 4092 4095 4098 4101 
4104 4107 4110 4113 4116 4119 4122 4125 4128 
4131 4134 4137 4140 4143 4146 4149 4152 4155 
4158 4161 4164 4167 4170 4173 4176 4179 4182 
4185 4188 4191 4194 4197 4200 4203 4206 4209 
4212 4215 4218 4221 4224 4227 4230 4233 4236 
4239 4242 4245 4248 4251 4254 4257 4260 4263 
4266 4269 4272 4275 4278 4281 4284 4287 4290 
4293 4296 4299 4302 4305 4308 4311 4314 4317 
4320 4323 4326 4329 4332 4335 4338 4341 4344 
4347 4350 4353 4356 4359 4362 4365 4368 4371 
4374 4377 4380 4383 4386 4389 4392 4395 4398 
4401 4404 4407 4410 4413 4416 4419 4422 4425 
4428 4431 4434 4437 4440 4443 4446 4449 4452 
4455 4458 4461 4464 4467 4470 4473 4476 4479 
4482 4485 4488 4491 4494 4497 4500 4503 4506 
4509 4512 4515 4518 4521 4524 4527 4530 4533 
4536 4539 4542 4545 4548 4551 4554 4557 4560 
4563 4566 4569 4572 4575 4578 4581 4584 4587 
4590 4593 4596 4599 4602 4605 4608 4611 4614 
4617 4620 4623 4626 4629 4632 4635 4638 4641 
4644 4647 4650 4653 4656 4659 4662 4665 4668 
4671 4674 4677 4680 4683 4686 4689 4692 4695 
4698 4701 4704 4707 4710 4713 4716 4719 4722 
4725 4728 4731 4734 4737 4740 4743 4746 4749 
4752 4755 4758 4761 4764 4767 4770 4773 4776 
4779 4782 4785 4788 4791 4794 4797 4800 4803 
4806 4809 4812 4815 4818 4821 4824 4827 4830 
4833 4836 4839 4842 4845 4848 4851 4854 4857 
4860 4863 4866 4869 4872 4875 4878 4881 4884 
4887 4890 4893 4896 4899 4902 4905 4908 4911 
4914 4917 4920 4923 4926 4929 4932 4935 4938 
4941 4944 4947 4950 4953 4956 4959 4962 4965 
4968 4971 4974 4977 4980 4983 4986 4989 4992 
4995 4998 5001 5004 5007 5010 5013 5016 5019 
5022 5025 5028 5031 5034 5037 5040 5043 5046 
5049 5052 5055 5058 5061 5064 5067 5070 5073 
5076 5079 5082 5085 5088 5091 5094 5097 5100 
5103 5106 5109 5112 5115 5118 5121 5124 5127 
5130 5133 5136 5139 5142 5145 5148 5151 5154 
5157 5160 5163 5166 5169 5172 5175 5178 5181 
5184 5187 5190 5193 5196 5199 5202 5205 5208 
5211 5214 5217 5220 5223 5226 5229 5232 5235 
5238 5241 5244 5247 5250 5253 5256 5259 5262 
5265 5268 5271 5274 5277 5280 5283 5286 5289 
5292 5295 5298 5301 5304 5307 5310 5313 5316 
5319 5322 5325 5328 5331 5334 5337 5340 5343 
5346 5349 5352 5355 5358 5361 5364 5367 5370 
5373 5376 5379 5382 5385 5388 5391 5394 5397 
5400 5403 5406 5409 5412 5415 5418 5421 5424 
5427 5430 5433 5436 5439 5442 5445 5448 5451 
5454 5457 5460 5463 5466 5469 5472 5475 5478 
5481 5484 5487 5490 5493 5496 5499 5502 5505 
5508 5511 5514 5517 5520 5523 5526 5529 5532 
5535 5538 5541 5544 5547 5550 5553 5556 5559 
5562 5565 5568 5571 5574 5577 5580 5583 5586 
5589 5592 5595 5598 5601 5604 5607 5610 5613 
5616 5619 5622 5625 5628 5631 5634 5637 5640 
5643 5646 5649 5652 5655 5658 5661 5664 5667 
5670 5673 5676 5679 5682 5685 5688 5691 5694 
5697 5700 5703 5706 5709 5712 5715 5718 5721 
5724 5727 5730 5733 5736 5739 5742 5745 5748 
5751 5754 5757 5760 5763 5766 5769 5772 5775 
5778 5781 5784 5787 5790 5793 5796 5799 5802 
5805 5808 5811 5814 5817 5820 5823 5826 5829 
5832 5835 5838 5841 5844 5847 5850 5853 5856 
5859 5862 5865 5868 5871 5874 5877 5880 5883 
5886 5889 5892 5895 5898 5901 5904 5907 5910 
5913 5916 5919 5922 5925 5928 5931 5934 5937 
5940 5943 5946 5949 5952 5955 5958 5961 5964 
5967 5970 5973 5976 5979 5982 5985 5988 5991 
5994 5997 6000 6003 6006 6009 6012 6015 6018 
6021 6024 6027 6030 6033 6036 6039 6042 6045 
6048 6051 6054 6057 6060 6063 6066 6069 6072 
6075 6078 6081 6084 6087 6090 6093 6096 6099 
6102 6105 6108 6111 6114 6117 6120 6123 6126 
6129 6132 6135 6138 6141 6144 6147 6150 6153 
6156 6159 6162 6165 6168 6171 6174 6177 6180 
6183 6186 6189 6192 6195 6198 6201 6204 6207 
6210 6213 6216 6219 6222 6225 6228 6231 6234 
6237 6240 6243 6246 6249 6252 6255 6258 6261 
6264 6267 6270 6273 6276 6279 6282 6285 6288 
6291 6294 6297 6300 6303 6306 6309 6312 6315 
6318 6321 6324 6327 6330 6333 6336 6339 6342 
6345 6348 6351 6354 6357 6360 6363 6366 6369 
6372 6375 6378 6381 6384 6387 6390 6393 6396 
6399 6402 6405 6408 6411 6414 6417 6420 6423 
6426 6429 6432 6435 6438 6441 6444 6447 6450 
6453 6456 6459 6462 6465 6468 6471 6474 6477 
6480 6483 6486 6489 6492 6495 6498 6501 6504 
6507 6510 6513 6516 6519 6522 6525 6528 6531 
6534 6537 6540 6543 6546 6549 6552 6555 6558 
6561 6564 6567 6570 6573 6576 6579 6582 6585 
6588 6591 6594 6597 6600 6603 6606 6609 6612 
6615 6618 6621 6624 6627 6630 6633 6636 6639 
6642 6645 6648 6651 6654 6657 6660 6663 6666 
6669 6672 6675 6678 6681 6684 6687 6690 6693 
6696 6699 6702 6705 6708 6711 6714 6717 6720 
6723 6726 6729 6732 6735 6738 6741 6744 6747 
6750 6753 6756 6759 6762 6765 6768 6771 6774 
6777 6780 6783 6786 6789 6792 6795 6798 6801 
6804 6807 6810 6813 6816 6819 6822 6825 6828 
6831 6834 6837 6840 6843 6846 6849 6852 6855 
6858 6861 6864 6867 6870 6873 6876 6879 6882 
6885 6888 6891 6894 6897 6900 6903 6906 6909 
6912 6915 6918 6921 6924 6927 6930 6933 6936 
6939 6942 6945 6948 6951 6954 6957 6960 6963 
6966 6969 6972 6975 6978 6981 6984 6987 6990 
6993 6996 6999 7002 7005 7008 7011 7014 7017 
7020 7023 7026 7029 7032 7035 7038 7041 7044 
7047 7050 7053 7056 7059 7062 7065 7068 7071 
7074 7077 7080 7083 7086 7089 7092 7095 7098 
7101 7104 7107 7110 7113 7116 7119 7122 7125 
7128 7131 7134 7137 7140 7143 7146 7149 7152 
7155 7158 7161 7164 7167 7170 7173 7176 7179 
7182 7185 7188 7191 7194 7197 7200 7203 7206 
7209 7212 7215 7218 7221 7224 7227 7230 7233 
7236 7239 7242 7245 7248 7251 7254 7257 7260 
7263 7266 7269 7272 7275 7278 7281 7284 7287 
7290 7293 7296 7299 7302 7305 7308 7311 7314 
7317 7320 7323 7326 7329 7332 7335 7338 7341 
7344 7347 7350 7353 7356 7359 7362 7365 7368 
7371 7374 7377 7380 7383 7386 7389 7392 7395 
7398 7401 7404 7407 7410 7413 7416 7419 7422 
7425 7428 7431 7434 7437 7440 7443 7446 7449 
7452 7455 7458 7461 7464 7467 7470 7473 7476 
7479 7482 7485 7488 7491 7494 7497 7500 7503 
7506 7509 7512 7515 7518 7521 7524 7527 7530 
7533 7536 7539 7542 7545 7548 7551 7554 7557 
7560 7563 7566 7569 7572 7575 7578 7581 7584 
7587 7590 7593 7596 7599 7602 7605 7608 7611 
7614 7617 7620 7623 7626 7629 7632 7635 7638 
7641 7644 7647 7650 7653 7656 7659 7662 7665 
7668 7671 7674 7677 7680 7683 7686 7689 7692 
7695 7698 7701 7704 7707 7710 7713 7716 7719 
7722 7725 7728 7731 7734 7737 7740 7743 7746 
7749 7752 7755 7758 7761 7764 7767 7770 7773 
7776 7779 7782 7785 7788 7791 7794 7797 7800 
7803 7806 7809 7812 7815 7818 7821 7824 7827 
7830 7833 7836 7839 7842 7845 7848 7851 7854 
7857 7860 7863 7866 7869 7872 7875 7878 7881 
7884 7887 7890 7893 7896 7899 7902 7905 7908 
7911 7914 7917 7920 7923 7926 7929 7932 7935 
7938 7941 7944 7947 7950 7953 7956 7959 7962 
7965 7968 7971 7974 7977 7980 7983 7986 7989 
7992 7995 7998 8001 8004 8007 8010 8013 8016 
8019 8022 8025 8028 8031 8034 8037 8040 8043 
8046 8049 8052 8055 8058 8061 8064 8067 8070 
8073 8076 8079 8082 8085 8088 8091 8094 8097 
8100 8103 8106 8109 8112 8115 8118 8121 8124 
8127 8130 8133 8136 8139 8142 8145 8148 8151 
8154 8157 8160 8163 8166 8169 8172 8175 8178 
8181 8184 8187 8190 8193 8196 8199 8202 8205 
8208 8211 8214 8217 8220 8223 8226 8229 8232 
8235 8238 8241 8244 8247 8250 8253 8256 8259 
8262 8265 8268 8271 8274 8277 8280 8283 8286 
8289 8292 8295 8298 8301 8304 8307 8310 8313 
8316 8319 8322 8325 8328 8331 8334 8337 8340 
8343 8346 8349 8352 8355 8358 8361 8364 8367 
8370 8373 8376 8379 8382 8385 8388 8391 8394 
8397 8400 8403 8406 8409 8412 8415 8418 8421 
8424 8427 8430 8433 8436 8439 8442 8445 8448 
8451 8454 8457 8460 8463 8466 8469 8472 8475 
8478 8481 8484 8487 8490 8493 8496 8499 8502 
8505 8508 8511 8514 8517 8520 8523 8526 8529 
8532 8535 8538 8541 8544 8547 8550 8553 8556 
8559 8562 8565 8568 8571 8574 8577 8580 8583 
8586 8589 8592 8595 8598 8601 8604 8607 8610 
8613 8616 8619 8622 8625 8628 8631 8634 8637 
8640 8643 8646 8649 8652 8655 8658 8661 8664 
8667 8670 8673 8676 8679 8682 8685 8688 8691 
8694 8697 8700 8703 8706 8709 8712 8715 8718 
8721 8724 8727 8730 8733 8736 8739 8742 8745 
8748 8751 8754 8757 8760 8763 8766 8769 8772 
8775 8778 8781 8784 8787 8790 8793 8796 8799 
8802 8805 8808 8811 8814 8817 8820 8823 8826 
8829 8832 8835 8838 8841 8844 8847 8850 8853 
8856 8859 8862 8865 8868 8871 8874 8877 8880 
8883 8886 8889 8892 8895 8898 8901 8904 8907 
8910 8913 8916 8919 8922 8925 8928 8931 8934 
8937 8940 8943 8946 8949 8952 8955 8958 8961 
8964 8967 8970 8973 8976 8979 8982 8985 8988 
8991 8994 8997 9000 9003 9006 9009 9012 9015 
9018 9021 9024 9027 9030 9033 9036 9039 9042 
9045 9048 9051 9054 9057 9060 9063 9066 9069 
9072 9075 9078 9081 9084 9087 9090 9093 9096 
9099 9102 9105 9108 9111 9114 9117 9120 9123 
9126 9129 9132 9135 9138 9141 9144 9147 9150 
9153 9156 9159 9162 9165 9168 9171 9174 9177 
9180 9183 9186 9189 9192 9195 9198 9201 9204 
9207 9210 9213 9216 9219 9222 9225 9228 9231 
9234 9237 9240 9243 9246 9249 9252 9255 9258 
9261 9264 9267 9270 9273 9276 9279 9282 9285 
9288 9291 9294 9297 9300 9303 9306 9309 9312 
9315 9318 9321 9324 9327 9330 9333 9336 9339 
9342 9345 9348 9351 9354 9357 9360 9363 9366 
9369 9372 9375 9378 9381 9384 9387 9390 9393 
9396 9399 9402 9405 9408 9411 9414 9417 9420 
9423 9426 9429 9432 9435 9438 9441 9444 9447 
9450 9453 9456 9459 9462 9465 9468 9471 9474 
9477 9480 9483 9486 9489 9492 9495 9498 9501 
9504 9507 9510 9513 9516 9519 9522 9525 9528 
9531 9534 9537 9540 9543 9546 9549 9552 9555 
9558 9561 9564 9567 9570 9573 9576 9579 9582 
9585 9588 9591 9594 9597 9600 9603 9606 9609 
9612 9615 9618 9621 9624 9627 9630 9633 9636 
9639 9642 9645 9648 9651 9654 9657 9660 9663 
9666 9669 9672 9675 9678 9681 9684 9687 9690 
9693 9696 9699 9702 9705 9708 9711 9714 9717 
9720 9723 9726 9729 9732 9735 9738 9741 9744 
9747 9750 9753 9756 9759 9762 9765 9768 9771 
9774 9777 9780 9783 9786 9789 9792 9795 9798 
9801 9804 9807 9810 9813 9816 9819 9822 9825 
9828 9831 9834 9837 9840 9843 9846 9849 9852 
9855 9858 9861 9864 9867 9870 9873 9876 9879 
9882 9885 9888 9891 9894 9897 9900 9903 9906 
9909 9912 9915 9918 9921 9924 9927 9930 9933 
9936 9939 9942 9945 9948 9951 9954 9957 9960 
9963 9966 9969 9972 9975 9978 9981 9984 9987 
9990 9993 9996 9999 10002 10005 10008 10011 10014 
10017 10020 10023 10026 10029 10032 10035 10038 10041 
10044 10047 10050 10053 10056 10059 10062 10065 10068 
10071 10074 10077 10080 10083 10086 10089 10092 10095 
10098 10101 10104 10107 10110 10113 10116 10119 10122 
10125 10128 10131 10134 10137 10140 10143 10146 10149 
10152 10155 10158 10161 10164 10167 10170 10173 10176 
10179 10182 10185 10188 10191 10194 10197 10200 10203 
10206 10209 10212 10215 10218 10221 10224 10227 10230 
10233 10236 10239 10242 10245 10248 10251 10254 10257 
10260 10263 10266 10269 10272 10275 10278 10281 10284 
10287 10290 10293 10296 10299 10302 10305 10308 10311 
10314 10317 10320 10323 10326 10329 10332 10335 10338 
10341 10344 10347 10350 10353 10356 10359 10362 10365 
10368 10371 10374 10377 10380 10383 10386 10389 10392 
10395 10398 10401 10404 10407 10410 10413 10416 10419 
10422 10425 10428 10431 10434 10437 10440 10443 10446 
10449 10452 10455 10458 10461 10464 10467 10470 10473 
10476 10479 10482 10485 10488 10491 10494 10497 10500 
10503 10506 10509 10512 10515 10518 10521 10524 10527 
10530 10533 10536 10539 10542 10545 10548 10551 10554 
10557 10560 10563 10566 10569 10572 10575 10578 10581 
10584 10587 10590 10593 10596 10599 10602 10605 10608 
10611 10614 10617 10620 10623 10626 10629 10632 10635 
10638 10641 10644 10647 10650 10653 10656 10659 10662 
10665 10668 10671 10674 10677 10680 10683 10686 10689 
10692 10695 10698 10701 10704 10707 10710 10713 10716 
10719 10722 10725 10728 10731 10734 10737 10740 10743 
10746 10749 10752 10755 10758 10761 10764 10767 10770 
10773 10776 10779 10782 10785 10788 10791 10794 10797 
10800 10803 10806 10809 10812 10815 10818 10821 10824 
10827 10830 10833 10836 10839 10842 10845 10848 10851 
10854 10857 10860 10863 10866 10869 10872 10875 10878 
10881 10884 10887 10890 10893 10896 10899 10902 10905 
10908 10911 10914 10917 10920 10923 10926 10929 10932 
10935 10938 10941 10944 10947 10950 10953 10956 10959 
10962 10965 10968 10971 10974 10977 10980 10983 10986 
10989 10992 10995 10998 11001 11004 11007 11010 11013 
11016 11019 11022 11025 11028 11031 11034 11037 11040 
11043 11046 11049 11052 11055 11058 11061 11064 11067 
11070 11073 11076 11079 11082 11085 11088 11091 11094 
11097 11100 11103 11106 11109 11112 11115 11118 11121 
11124 11127 11130 11133 11136 11139 11142 11145 11148 
11151 11154 11157 11160 11163 11166 11169 11172 11175 
11178 11181 11184 11187 11190 11193 11196 11199 11202 
11205 11208 11211 11214 11217 11220 11223 11226 11229 
11232 11235 11238 11241 11244 11247 11250 11253 11256 
11259 11262 11265 11268 11271 11274 11277 11280 11283 
11286 11289 11292 11295 11298 11301 11304 11307 11310 
11313 11316 11319 11322 11325 11328 11331 11334 11337 
11340 11343 11346 11349 11352 11355 11358 11361 11364 
11367 11370 11373 11376 11379 11382 11385 11388 11391 
11394 11397 11400 11403 11406 11409 11412 11415 11418 
11421 11424 11427 11430 11433 11436 11439 11442 11445 
11448 11451 11454 11457 11460 11463 11466 11469 11472 
11475 11478 11481 11484 11487 11490 11493 11496 11499 
11502 11505 11508 11511 11514 11517 11520 11523 11526 
11529 11532 11535 11538 11541 11544 11547 11550 11553 
11556 11559 11562 11565 11568 11571 11574 11577 11580 
11583 11586 11589 11592 11595 11598 11601 11604 11607 
11610 11613 11616 11619 11622 11625 11628 11631 11634 
11637 11640 11643 11646 11649 11652 11655 11658 11661 
11664 11667 11670 11673 11676 11679 11682 11685 11688 
11691 11694 11697 11700 11703 11706 11709 11712 11715 
11718 11721 11724 11727 11730 11733 11736 11739 11742 
11745 11748 11751 11754 11757 11760 11763 11766 11769 
11772 11775 11778 11781 11784 11787 11790 11793 11796 
11799 11802 11805 11808 11811 11814 11817 11820 11823 
11826 11829 11832 11835 11838 11841 11844 11847 11850 
11853 11856 11859 11862 11865 11868 11871 11874 11877 
11880 11883 11886 11889 11892 11895 11898 11901 11904 
11907 11910 11913 11916 11919 11922 11925 11928 11931 
11934 11937 11940 11943 11946 11949 11952 11955 11958 
11961 11964 11967 11970 11973 11976 11979 11982 11985 
11988 11991 11994 11997 12000 12003 12006 12009 12012 
12015 12018 12021 12024 12027 12030 12033 12036 12039 
12042 12045 12048 12051 12054 12057 12060 12063 12066 
12069 12072 12075 12078 12081 12084 12087 12090 12093 
12096 12099 12102 12105 12108 12111 12114 12117 12120 
12123 12126 12129 12132 12135 12138 12141 12144 12147 
12150 12153 12156 12159 12162 12165 12168 12171 12174 
12177 12180 12183 12186 12189 12192 12195 12198 12201 
12204 12207 12210 12213 12216 12219 12222 12225 12228 
12231 12234 12237 12240 12243 12246 12249 12252 12255 
12258 12261 12264 12267 12270 12273 12276 12279 12282 
12285 12288 12291 12294 12297 12300 12303 12306 12309 
12312 12315 12318 12321 12324 12327 12330 12333 12336 
12339 12342 12345 12348 12351 12354 12357 12360 12363 
12366 12369 12372 12375 12378 12381 12384 12387 12390 
12393 12396 12399 12402 12405 12408 12411 12414 12417 
12420 12423 12426 12429 12432 12435 12438 12441 12444 
12447 12450 12453 12456 12459 12462 12465 12468 12471 
12474 12477 12480 12483 12486 12489 12492 12495 12498 
12501 12504 12507 12510 12513 12516 12519 12522 12525 
12528 12531 12534 12537 12540 12543 12546 12549 12552 
12555 12558 12561 12564 12567 12570 12573 12576 12579 
12582 12585 12588 12591 12594 12597 12600 12603 12606 
12609 12612 12615 12618 12621 12624 12627 12630 12633 
12636 12639 12642 12645 12648 12651 12654 12657 12660 
12663 12666 12669 12672 12675 12678 12681 12684 12687 
12690 12693 12696 12699 12702 12705 12708 12711 12714 
12717 12720 12723 12726 12729 12732 12735 12738 12741 
12744 12747 12750 12753 12756 12759 12762 12765 12768 
12771 12774 12777 12780 12783 12786 12789 12792 12795 
12798 12801 12804 12807 12810 12813 12816 12819 12822 
12825 12828 12831 12834 12837 12840 12843 12846 12849 
12852 12855 12858 12861 12864 12867 12870 12873 12876 
12879 12882 12885 12888 12891 12894 12897 12900 12903 
12906 12909 12912 12915 12918 12921 12924 12927 12930 
12933 12936 12939 12942 12945 12948 12951 12954 12957 
12960 12963 12966 12969 12972 12975 12978 12981 12984 
12987 12990 12993 12996 12999 13002 13005 13008 13011 
13014 13017 13020 13023 13026 13029 13032 13035 13038 
13041 13044 13047 13050 13053 13056 13059 13062 13065 
13068 13071 13074 13077 13080 13083 13086 13089 13092 
13095 13098 13101 13104 13107 13110 13113 13116 13119 
13122 13125 13128 13131 13134 13137 13140 13143 13146 
13149 13152 13155 13158 13161 13164 13167 13170 13173 
13176 13179 13182 13185 13188 13191 13194 13197 13200 
13203 13206 13209 13212 13215 13218 13221 13224 13227 
13230 13233 13236 13239 13242 13245 13248 13251 13254 
13257 13260 13263 13266 13269 13272 13275 13278 13281 
13284 13287 13290 13293 13296 13299 13302 13305 13308 
13311 13314 13317 13320 13323 13326 13329 13332 13335 
13338 13341 13344 13347 13350 13353 13356 13359 13362 
13365 13368 13371 13374 13377 13380 13383 13386 13389 
13392 13395 13398 13401 13404 13407 13410 13413 13416 
13419 13422 13425 13428 13431 13434 13437 13440 13443 
13446 13449 13452 13455 13458 13461 13464 13467 13470 
13473 13476 13479 13482 13485 13488 13491 13494 13497 
13500 13503 13506 13509 13512 13515 13518 13521 13524 
13527 13530 13533 13536 13539 13542 13545 13548 13551 
13554 13557 13560 13563 13566 13569 13572 13575 13578 
13581 13584 13587 13590 13593 13596 13599 13602 13605 
13608 13611 13614 13617 13620 13623 13626 13629 13632 
13635 13638 13641 13644 13647 13650 13653 13656 13659 
13662 13665 13668 13671 13674 13677 13680 13683 13686 
13689 13692 13695 13698 13701 13704 13707 13710 13713 
13716 13719 13722 13725 13728 13731 13734 13737 13740 
13743 13746 13749 13752 13755 13758 13761 13764 13767 
13770 13773 13776 13779 13782 13785 13788 13791 13794 
13797 13800 13803 13806 13809 13812 13815 13818 13821 
13824 13827 13830 13833 13836 13839 13842 13845 13848 
13851 13854 13857 13860 13863 13866 13869 13872 13875 
13878 13881 13884 13887 13890 13893 13896 13899 13902 
13905 13908 13911 13914 13917 13920 13923 13926 13929 
13932 13935 13938 13941 13944 13947 13950 13953 13956 
13959 13962 13965 13968 13971 13974 13977 13980 13983 
13986 13989 13992 13995 13998 14001 14004 14007 14010 
14013 14016 14019 14022 14025 14028 14031 14034 14037 
14040 14043 14046 14049 14052 14055 14058 14061 14064 
14067 14070 14073 14076 14079 14082 14085 14088 14091 
14094 14097 14100 14103 14106 14109 14112 14115 14118 
14121 14124 14127 14130 14133 14136 14139 14142 14145 
14148 14151 14154 14157 14160 14163 14166 14169 14172 
14175 14178 14181 14184 14187 14190 14193 14196 14199 
14202 14205 14208 14211 14214 14217 14220 14223 14226 
14229 14232 14235 14238 14241 14244 14247 14250 14253 
14256 14259 14262 14265 14268 14271 14274 14277 14280 
14283 14286 14289 14292 14295 14298 14301 14304 14307 
14310 14313 14316 14319 14322 14325 14328 14331 14334 
14337 14340 14343 14346 14349 14352 14355 14358 14361 
14364 14367 14370 14373 14376 14379 14382 14385 14388 
14391 14394 14397 14400 14403 14406 14409 14412 14415 
14418 14421 14424 14427 14430 14433 14436 14439 14442 
14445 14448 14451 14454 14457 14460 14463 14466 14469 
14472 14475 14478 14481 14484 14487 14490 14493 14496 
14499 14502 14505 14508 14511 14514 14517 14520 14523 
14526 14529 14532 14535 14538 14541 14544 14547 14550 
14553 14556 14559 14562 14565 14568 14571 14574 14577 
14580 14583 14586 14589 14592 14595 14598 14601 14604 
14607 14610 14613 14616 14619 14622 14625 14628 14631 
14634 14637 14640 14643 14646 14649 14652 14655 14658 
14661 14664 14667 14670 14673 14676 14679 14682 14685 
14688 14691 14694 14697 14700 14703 14706 14709 14712 
14715 14718 14721 14724 14727 14730 14733 14736 14739 
14742 14745 14748 14751 14754 14757 14760 14763 14766 
14769 14772 14775 14778 14781 14784 14787 14790 14793 
14796 14799 14802 14805 14808 14811 14814 14817 14820 
14823 14826 14829 14832 14835 14838 14841 14844 14847 
14850 14853 14856 14859 14862 14865 14868 14871 14874 
14877 14880 14883 14886 14889 14892 14895 14898 14901 
14904 14907 14910 14913 14916 14919 14922 14925 14928 
14931 14934 14937 14940 14943 14946 14949 14952 14955 
14958 14961 14964 14967 14970 14973 14976 14979 14982 
14985 14988 14991 14994 14997 15000 15003 15006 15009 
15012 15015 15018 15021 15024 15027 15030 15033 15036 
15039 15042 15045 15048 15051 15054 15057 15060 15063 
15066 15069 15072 15075 15078 15081 15084 15087 15090 
15093 15096 15099 15102 15105 15108 15111 15114 15117 
15120 15123 15126 15129 15132 15135 15138 15141 15144 
15147 15150 15153 15156 15159 15162 15165 15168 15171 
15174 15177 15180 15183 15186 15189 15192 15195 15198 
15201 15204 15207 15210 15213 15216 15219 15222 15225 
15228 15231 15234 15237 15240 15243 15246 15249 15252 
15255 15258 15261 15264 15267 15270 15273 15276 15279 
15282 15285 15288 15291 15294 15297 15300 15303 15306 
15309 15312 15315 15318 15321 15324 15327 15330 15333 
15336 15339 15342 15345 15348 15351 15354 15357 15360 
15363 15366 15369 15372 15375 15378 15381 15384 15387 
15390 15393 15396 15399 15402 15405 15408 15411 15414 
15417 15420 15423 15426 15429 15432 15435 15438 15441 
15444 15447 15450 15453 15456 15459 15462 15465 15468 
15471 15474 15477 15480 15483 15486 15489 15492 15495 
15498 15501 15504 15507 15510 15513 15516 15519 15522 
15525 15528 15531 15534 15537 15540 15543 15546 15549 
15552 15555 15558 15561 15564 15567 15570 15573 15576 
15579 15582 15585 15588 15591 15594 15597 15600 15603 
15606 15609 15612 15615 15618 15621 15624 15627 15630 
15633 15636 15639 15642 15645 15648 15651 15654 15657 
15660 15663 15666 15669 15672 15675 15678 15681 15684 
15687 15690 15693 15696 15699 15702 15705 15708 15711 
15714 15717 15720 15723 15726 15729 15732 15735 15738 
15741 15744 15747 15750 15753 15756 15759 15762 15765 
15768 15771 15774 15777 15780 15783 15786 15789 15792 
15795 15798 15801 15804 15807 15810 15813 15816 15819 
15822 15825 15828 15831 15834 15837 15840 15843 15846 
15849 15852 15855 15858 15861 15864 15867 15870 15873 
15876 15879 15882 15885 15888 15891 15894 15897 15900 
15903 15906 15909 15912 15915 15918 15921 15924 15927 
15930 15933 15936 15939 15942 15945 15948 15951 15954 
15957 15960 15963 15966 15969 15972 15975 15978 15981 
15984 15987 15990 15993 15996 15999 16002 16005 16008 
16011 16014 16017 16020 16023 16026 16029 16032 16035 
16038 16041 16044 16047 16050 16053 16056 16059 16062 
16065 16068 16071 16074 16077 16080 16083 16086 16089 
16092 16095 16098 16101 16104 16107 16110 16113 16116 
16119 16122 16125 16128 16131 16134 16137 16140 16143 
16146 16149 16152 16155 16158 16161 16164 16167 16170 
16173 16176 16179 16182 16185 16188 16191 16194 16197 
16200 16203 16206 16209 16212 16215 16218 16221 16224 
16227 16230 16233 16236 16239 16242 16245 16248 16251 
16254 16257 16260 16263 16266 16269 16272 16275 16278 
16281 16284 16287 16290 16293 16296 16299 16302 16305 
16308 16311 16314 16317 16320 16323 16326 16329 16332 
16335 16338 16341 16344 16347 16350 16353 16356 16359 
16362 16365 16368 16371 16374 16377 16380 16383 16386 
16389 16392 16395 16398 16401 16404 16407 16410 16413 
16416 16419 16422 16425 16428 16431 16434 16437 16440 
16443 16446 16449 16452 16455 16458 16461 16464 16467 
16470 16473 16476 16479 16482 16485 16488 16491 16494 
16497 16500 16503 16506 16509 16512 16515 16518 16521 
16524 16527 16530 16533 16536 16539 16542 16545 16548 
16551 16554 16557 16560 16563 16566 16569 16572 16575 
16578 16581 16584 16587 16590 16593 16596 16599 16602 
16605 16608 16611 16614 16617 16620 16623 16626 16629 
16632 16635 16638 16641 16644 16647 16650 16653 16656 
16659 16662 16665 16668 16671 16674 16677 16680 16683 
16686 16689 16692 16695 16698 16701 16704 16707 16710 
16713 16716 16719 16722 16725 16728 16731 16734 16737 
16740 16743 16746 16749 16752 16755 16758 16761 16764 
16767 16770 16773 16776 16779 16782 16785 16788 16791 
16794 16797 16800 16803 16806 16809 16812 16815 16818 
16821 16824 16827 16830 16833 16836 16839 16842 16845 
16848 16851 16854 16857 16860 16863 16866 16869 16872 
16875 16878 16881 16884 16887 16890 16893 16896 16899 
16902 16905 16908 16911 16914 16917 16920 16923 16926 
16929 16932 16935 16938 16941 16944 16947 16950 16953 
16956 16959 16962 16965 16968 16971 16974 16977 16980 
16983 16986 16989 16992 16995 16998 17001 17004 17007 
17010 17013 17016 17019 17022 17025 17028 17031 17034 
17037 17040 17043 17046 17049 17052 17055 17058 17061 
17064 17067 17070 17073 17076 17079 17082 17085 17088 
17091 17094 17097 17100 17103 17106 17109 17112 17115 
17118 17121 17124 17127 17130 17133 17136 17139 17142 
17145 17148 17151 17154 17157 17160 17163 17166 17169 
17172 17175 17178 17181 17184 17187 17190 17193 17196 
17199 17202 17205 17208 17211 17214 17217 17220 17223 
17226 17229 17232 17235 17238 17241 17244 17247 17250 
17253 17256 17259 17262 17265 17268 17271 17274 17277 
17280 17283 17286 17289 17292 17295 17298 17301 17304 
17307 17310 17313 17316 17319 17322 17325 17328 17331 
17334 17337 17340 17343 17346 17349 17352 17355 17358 
17361 17364 17367 17370 17373 17376 17379 17382 17385 
17388 17391 17394 17397 17400 17403 17406 17409 17412 
17415 17418 17421 17424 17427 17430 17433 17436 17439 
17442 17445 17448 17451 17454 17457 17460 17463 17466 
17469 17472 17475 17478 17481 17484 17487 17490 17493 
17496 17499 17502 17505 17508 17511 17514 17517 17520 
17523 17526 17529 17532 17535 17538 17541 17544 17547 
17550 17553 17556 17559 17562 17565 17568 17571 17574 
17577 17580 17583 17586 17589 17592 17595 17598 17601 
17604 17607 17610 17613 17616 17619 17622 17625 17628 
17631 17634 17637 17640 17643 17646 17649 17652 17655 
17658 17661 17664 17667 17670 17673 17676 17679 17682 
17685 17688 17691 17694 17697 17700 17703 17706 17709 
17712 17715 17718 17721 17724 17727 17730 17733 17736 
17739 17742 17745 17748 17751 17754 17757 17760 17763 
17766 17769 17772 17775 17778 17781 17784 17787 17790 
17793 17796 17799 17802 17805 17808 17811 17814 17817 
17820 17823 17826 17829 17832 17835 17838 17841 17844 
17847 17850 17853 17856 17859 17862 17865 17868 17871 
17874 17877 17880 17883 17886 17889 17892 17895 17898 
17901 17904 17907 17910 17913 17916 17919 17922 17925 
17928 17931 17934 17937 17940 17943 17946 17949 17952 
17955 17958 17961 17964 17967 17970 17973 17976 17979 
17982 17985 17988 17991 17994 17997 18000 18003 18006 
18009 18012 18015 18018 18021 18024 18027 18030 18033 
18036 18039 18042 18045 18048 18051 18054 18057 18060 
18063 18066 18069 18072 18075 18078 18081 18084 18087 
18090 18093 18096 18099 18102 18105 18108 18111 18114 
18117 18120 18123 18126 18129 18132 18135 18138 18141 
18144 18147 18150 18153 18156 18159 18162 18165 18168 
18171 18174 18177 18180 18183 18186 18189 18192 18195 
18198 18201 18204 18207 18210 18213 18216 18219 18222 
18225 18228 18231 18234 18237 18240 18243 18246 18249 
18252 18255 18258 18261 18264 18267 18270 18273 18276 
18279 18282 18285 18288 18291 18294 18297 18300 18303 
18306 18309 18312 18315 18318 18321 18324 18327 18330 
18333 18336 18339 18342 18345 18348 18351 18354 18357 
18360 18363 18366 18369 18372 18375 18378 18381 18384 
18387 18390 18393 18396 18399 18402 18405 18408 18411 
18414 18417 18420 18423 18426 18429 18432 18435 18438 
18441 18444 18447 18450 18453 18456 18459 18462 18465 
18468 18471 18474 18477 18480 18483 18486 18489 18492 
18495 18498 18501 18504 18507 18510 18513 18516 18519 
18522 18525 18528 18531 18534 18537 18540 18543 18546 
18549 18552 18555 18558 18561 18564 18567 18570 18573 
18576 18579 18582 18585 18588 18591 18594 18597 18600 
18603 18606 18609 18612 18615 18618 18621 18624 18627 
18630 18633 18636 18639 18642 18645 18648 18651 18654 
18657 18660 18663 18666 18669 18672 18675 18678 18681 
18684 18687 18690 18693 18696 18699 18702 18705 18708 
18711 18714 18717 18720 18723 18726 18729 18732 18735 
18738 18741 18744 18747 18750 18753 18756 18759 18762 
18765 18768 18771 18774 18777 18780 18783 18786 18789 
18792 18795 18798 18801 18804 18807 18810 18813 18816 
18819 18822 18825 18828 18831 18834 18837 18840 18843 
18846 18849 18852 18855 18858 18861 18864 18867 18870 
18873 18876 18879 18882 18885 18888 18891 18894 18897 
18900 18903 18906 18909 18912 18915 18918 18921 18924 
18927 18930 18933 18936 18939 18942 18945 18948 18951 
18954 18957 18960 18963 18966 18969 18972 18975 18978 
18981 18984 18987 18990 18993 18996 18999 19002 19005 
19008 19011 19014 19017 19020 19023 19026 19029 19032 
19035 19038 19041 19044 19047 19050 19053 19056 19059 
19062 19065 19068 19071 19074 19077 19080 19083 19086 
19089 19092 19095 19098 19101 19104 19107 19110 19113 
19116 19119 19122 19125 19128 19131 19134 19137 19140 
19143 19146 19149 19152 19155 19158 19161 19164 19167 
19170 19173 19176 19179 19182 19185 19188 19191 19194 
19197 19200 19203 19206 19209 19212 19215 19218 19221 
19224 19227 19230 19233 19236 19239 19242 19245 19248 
19251 19254 19257 19260 19263 19266 19269 19272 19275 
19278 19281 19284 19287 19290 19293 19296 19299 19302 
19305 19308 19311 19314 19317 19320 19323 19326 19329 
19332 19335 19338 19341 19344 19347 19350 19353 19356 
19359 19362 19365 19368 19371 19374 19377 19380 19383 
19386 19389 19392 19395 19398 19401 19404 19407 19410 
19413 19416 19419 19422 19425 19428 19431 19434 19437 
19440 19443 19446 19449 19452 19455 19458 19461 19464 
19467 19470 19473 19476 19479 19482 19485 19488 19491 
19494 19497 19500 19503 19506 19509 19512 19515 19518 
19521 19524 19527 19530 19533 19536 19539 19542 19545 
19548 19551 19554 19557 19560 19563 19566 19569 19572 
19575 19578 19581 19584 19587 19590 19593 19596 19599 
19602 19605 19608 19611 19614 19617 19620 19623 19626 
19629 19632 19635 19638 19641 19644 19647 19650 19653 
19656 19659 19662 19665 19668 19671 19674 19677 19680 
19683 19686 19689 19692 19695 19698 19701 19704 19707 
19710 19713 19716 19719 19722 19725 19728 19731 19734 
19737 19740 19743 19746 19749 19752 19755 19758 19761 
19764 19767 19770 19773 19776 19779 19782 19785 19788 
19791 19794 19797 19800 19803 19806 19809 19812 19815 
19818 19821 19824 19827 19830 19833 19836 19839 19842 
19845 19848 19851 19854 19857 19860 19863 19866 19869 
19872 19875 19878 19881 19884 19887 19890 19893 19896 
19899 19902 19905 19908 19911 19914 19917 19920 19923 
19926 19929 19932 19935 19938 19941 19944 19947 19950 
19953 19956 19959 19962 19965 19968 19971 19974 19977 
19980 19983 19986 19989 19992 19995 19998 20001 20004 
20007 20010 20013 20016 20019 20022 20025 20028 20031 
20034 20037 20040 20043 20046 20049 20052 
CONNECTIVITY vtktypeint64
0 1 2 1 0 3 4 5 6 
4 7 8 5 4 8 8 7 9 
0 2 10 3 0 10 11 12 13 
11 14 15 12 11 15 6 15 14 
6 14 4 4 14 16 17 18 7 
17 7 16 16 7 4 9 7 18 
19 20 21 19 22 23 20 19 23 
13 23 22 13 22 11 11 22 24 
14 11 25 25 11 24 26 27 16 
26 16 25 25 16 14 17 16 27 
28 29 30 21 29 28 21 28 19 
19 28 31 22 19 32 32 19 31 
33 34 24 33 24 32 32 24 22 
25 24 34 35 25 34 26 25 35 
36 37 38 30 37 36 30 36 28 
28 36 39 31 28 40 40 28 39 
41 42 32 41 32 40 40 32 31 
33 32 42 36 38 43 43 44 45 
43 45 36 36 45 39 46 47 40 
46 40 45 45 40 39 41 40 47 
45 44 48 46 45 48 49 50 51 
49 52 53 50 49 53 52 54 55 
53 52 55 55 54 56 57 58 59 
57 60 61 58 57 61 60 62 63 
61 60 63 51 63 62 51 62 49 
49 62 64 52 49 65 65 49 64 
54 52 66 66 52 65 67 56 54 
67 54 68 68 54 66 67 68 69 
70 71 72 59 71 70 59 70 57 
57 70 73 60 57 74 74 57 73 
62 60 75 75 60 74 64 62 76 
76 62 75 65 64 77 77 64 76 
66 65 78 78 65 77 1 78 2 
1 68 78 68 66 78 68 1 3 
68 3 69 69 3 79 80 81 82 
80 83 84 81 80 84 72 84 83 
72 83 70 70 83 85 73 70 86 
86 70 85 74 73 87 87 73 86 
5 87 6 5 75 87 75 74 87 
8 75 5 76 75 8 9 76 8 
9 88 76 88 77 76 78 77 89 
89 77 88 2 90 10 2 78 90 
78 89 90 10 90 91 10 91 3 
3 91 79 92 93 94 92 95 96 
93 92 96 82 96 95 82 95 80 
80 95 97 83 80 98 98 80 97 
85 83 99 99 83 98 12 99 13 
12 86 99 86 85 99 15 86 12 
87 86 15 6 87 15 18 17 100 
18 100 101 9 18 101 9 101 102 
9 102 88 89 88 102 103 89 102 
90 89 103 104 90 103 91 90 104 
105 106 107 105 108 109 106 105 109 
94 109 108 94 108 92 92 108 110 
95 92 111 111 92 110 97 95 112 
112 95 111 20 112 21 20 98 112 
98 97 112 23 98 20 99 98 23 
13 99 23 27 113 114 26 113 27 
100 17 27 100 27 115 115 27 114 
101 100 115 116 117 118 116 119 120 
117 116 120 119 121 122 120 119 122 
107 122 121 107 121 105 105 121 123 
108 105 124 124 105 123 110 108 125 
125 108 124 111 110 126 126 110 125 
29 126 30 29 112 126 112 111 126 
21 112 29 34 127 128 33 127 34 
35 34 129 34 128 129 113 26 35 
129 113 35 116 118 130 130 131 132 
130 132 116 116 132 119 121 119 133 
133 119 132 123 121 134 134 121 133 
124 123 135 135 123 134 125 124 136 
136 124 135 37 136 38 37 126 136 
126 125 136 30 126 37 137 138 139 
137 42 41 137 139 42 139 140 42 
127 33 42 140 127 42 141 132 131 
142 141 131 133 132 143 143 132 141 
134 133 144 144 133 143 135 134 145 
145 134 144 136 135 146 146 135 145 
38 147 43 38 136 147 136 146 147 
148 43 147 148 149 43 44 43 150 
150 43 149 138 150 149 137 150 138 
137 46 150 137 47 46 41 47 137 
141 142 151 143 141 151 152 143 151 
152 153 154 152 154 143 143 154 144 
145 144 155 155 144 154 156 157 146 
156 146 155 155 146 145 147 146 157 
158 147 157 44 150 48 147 158 148 
46 48 150 159 160 161 159 162 163 
160 159 163 153 163 162 153 162 154 
154 162 164 165 166 155 165 155 164 
164 155 154 156 155 166 159 161 167 
162 159 167 168 162 167 164 162 168 
169 164 168 165 164 169 170 171 172 
170 173 174 171 170 174 174 173 175 
176 177 178 176 179 180 177 176 180 
179 181 182 180 179 182 172 182 181 
172 181 170 170 181 183 173 170 184 
184 170 183 185 175 173 185 173 186 
186 173 184 185 186 187 188 189 190 
188 191 192 189 188 192 191 193 194 
192 191 194 193 195 196 194 193 196 
178 196 195 178 195 176 176 195 197 
179 176 198 198 176 197 181 179 199 
199 179 198 50 199 51 50 183 199 
183 181 199 53 183 50 184 183 53 
55 184 53 186 184 55 56 200 201 
55 56 201 55 201 187 55 187 186 
201 200 202 203 204 205 203 206 207 
204 203 207 206 208 209 207 206 209 
208 210 211 209 208 211 210 212 213 
211 210 213 212 214 215 213 212 215 
214 216 217 215 214 217 190 217 216 
190 216 188 188 216 218 191 188 219 
219 188 218 193 191 220 220 191 219 
195 193 221 221 193 220 58 221 59 
58 197 221 197 195 221 61 197 58 
198 197 61 63 198 61 199 198 63 
51 199 63 56 67 200 200 67 69 
200 69 202 202 69 222 223 203 205 
224 223 205 206 203 225 225 203 223 
208 206 226 226 206 225 210 208 227 
227 208 226 212 210 228 228 210 227 
214 212 229 229 212 228 216 214 230 
230 214 229 218 216 231 231 216 230 
219 218 232 232 218 231 220 219 233 
233 219 232 71 233 72 71 221 233 
221 220 233 59 221 71 69 79 222 
222 79 234 235 223 224 236 235 224 
225 223 237 237 223 235 226 225 238 
238 225 237 227 226 239 239 226 238 
228 227 240 240 227 239 229 228 241 
241 228 240 230 229 242 242 229 241 
231 230 243 243 230 242 81 243 82 
81 232 243 232 231 243 84 232 81 
233 232 84 72 233 84 79 91 234 
234 91 244 245 235 236 246 245 236 
237 235 247 247 235 245 238 237 248 
248 237 247 239 238 249 249 238 248 
240 239 250 250 239 249 241 240 251 
251 240 250 93 251 94 93 242 251 
242 241 251 96 242 93 243 242 96 
82 243 96 102 252 253 101 252 102 
103 102 254 102 253 254 104 103 255 
103 254 255 244 91 104 255 244 104 
245 246 256 256 257 258 256 258 245 
245 258 247 248 247 259 259 247 258 
249 248 260 260 248 259 106 260 107 
106 250 260 250 249 260 109 250 106 
251 250 109 94 251 109 261 262 263 
261 114 113 261 263 114 263 264 114 
115 114 265 114 264 265 252 101 115 
265 252 115 266 267 268 257 267 266 
258 257 266 258 266 118 258 118 117 
120 258 117 259 258 120 122 259 120 
260 259 122 107 260 122 269 270 271 
269 128 127 269 271 128 271 272 128 
262 261 129 262 129 272 272 129 128 
113 129 261 266 268 273 274 273 275 
130 273 274 130 266 273 130 118 266 
130 274 131 276 277 278 276 139 138 
276 278 139 278 279 139 270 269 140 
270 140 279 279 140 139 127 140 269 
280 274 275 281 280 275 131 280 142 
274 280 131 282 283 284 277 282 284 
276 282 277 276 148 282 276 149 148 
138 149 276 280 281 285 286 285 287 
151 285 286 151 280 285 151 142 280 
151 288 152 286 288 151 152 288 153 
157 289 290 156 289 157 283 282 158 
283 158 290 290 158 157 148 158 282 
160 286 287 160 287 161 161 287 291 
163 286 160 288 286 163 153 288 163 
292 293 294 293 166 165 293 292 166 
292 295 166 289 156 166 295 289 166 
161 291 296 167 161 296 168 167 297 
167 296 297 294 293 169 294 169 297 
297 169 168 165 169 293 298 299 300 
299 298 301 302 303 304 300 303 302 
300 302 298 298 302 305 306 301 298 
305 306 298 307 308 309 304 308 307 
304 307 302 302 307 310 305 302 311 
311 302 310 312 306 305 311 312 305 
313 314 315 314 313 316 317 318 319 
317 320 321 318 317 321 309 321 320 
309 320 307 307 320 322 171 322 172 
171 310 322 310 307 322 174 310 171 
311 310 174 311 174 175 311 175 312 
312 175 323 324 325 326 315 325 324 
315 324 313 313 324 327 328 316 313 
328 313 329 329 313 327 329 330 331 
328 329 331 331 330 332 333 334 335 
333 336 337 334 333 337 336 338 339 
337 336 339 338 340 341 339 338 341 
319 341 340 317 319 340 317 340 178 
317 178 177 180 317 177 320 317 180 
182 320 180 322 320 182 172 322 182 
175 342 323 185 342 175 342 185 187 
343 342 187 344 324 326 345 344 326 
327 324 346 346 324 344 329 327 347 
347 327 346 330 329 348 348 329 347 
349 332 330 349 330 350 350 330 348 
350 351 352 349 350 352 351 353 354 
352 351 354 353 355 356 354 353 356 
355 357 358 356 355 358 335 358 357 
333 335 357 333 357 190 333 190 189 
192 333 189 336 333 192 194 336 192 
338 336 194 196 338 194 340 338 196 
178 340 196 187 359 343 201 359 187 
359 201 202 360 359 202 344 345 361 
361 362 363 361 363 344 344 363 346 
204 363 205 204 347 363 347 346 363 
207 347 204 348 347 207 209 348 207 
350 348 209 211 350 209 351 350 211 
213 351 211 353 351 213 215 353 213 
355 353 215 217 355 215 357 355 217 
190 357 217 202 222 360 360 222 364 
365 363 362 366 365 362 205 365 224 
363 365 205 222 234 364 364 234 367 
368 365 366 369 368 366 224 368 236 
365 368 224 370 371 372 370 372 367 
370 367 244 244 367 234 373 374 375 
369 374 373 369 373 368 368 373 376 
236 376 246 368 376 236 253 377 378 
252 377 253 254 253 379 253 378 379 
371 370 255 371 255 379 379 255 254 
244 255 370 373 375 380 380 381 382 
380 382 373 373 382 376 246 383 256 
246 376 383 376 382 383 256 383 257 
263 384 385 262 384 263 264 263 386 
263 385 386 265 264 387 264 386 387 
377 252 265 387 377 265 388 382 381 
389 388 381 267 388 268 267 383 388 
383 382 388 257 383 267 390 391 392 
390 271 270 390 392 271 392 393 271 
272 271 394 271 393 394 384 262 272 
394 384 272 388 389 395 396 395 397 
273 395 396 273 388 395 273 268 388 
273 396 275 398 399 400 398 278 277 
398 400 278 400 401 278 391 390 279 
391 279 401 401 279 278 270 279 390 
402 396 397 403 402 397 275 402 281 
396 402 275 404 405 406 399 404 406 
398 404 399 398 283 404 398 284 283 
277 284 398 402 403 407 408 407 409 
285 407 408 285 402 407 285 281 402 
285 408 287 410 411 412 410 413 414 
412 413 410 405 414 413 404 414 405 
404 289 414 404 290 289 283 290 404 
408 409 415 415 287 408 415 416 287 
416 291 287 417 418 419 411 417 419 
410 417 411 410 294 417 410 292 294 
295 292 410 414 295 410 289 295 414 
291 416 420 296 291 420 418 417 297 
418 297 420 420 297 296 294 297 417 
421 422 423 421 424 425 422 421 425 
424 426 427 425 424 427 427 426 428 
429 421 423 430 429 423 424 421 431 
431 421 429 299 431 300 299 426 431 
426 424 431 426 299 301 426 301 428 
428 301 432 433 434 435 434 433 436 
437 429 430 438 437 430 303 437 304 
303 431 437 431 429 437 300 431 303 
301 306 432 432 306 439 440 441 442 
435 441 440 435 440 433 433 440 443 
444 436 433 444 433 445 445 433 443 
444 445 446 447 448 449 438 448 447 
437 438 447 437 447 309 437 309 308 
304 437 308 306 312 439 439 312 450 
451 452 453 442 452 451 440 442 451 
440 451 315 440 315 314 316 440 314 
316 454 440 454 443 440 445 443 455 
455 443 454 456 446 445 456 445 457 
457 445 455 457 458 459 456 457 459 
458 460 461 459 458 461 460 462 463 
461 460 463 462 464 465 463 462 465 
464 466 467 465 464 467 466 468 469 
467 466 469 468 470 471 469 468 471 
470 472 473 471 470 473 472 319 318 
472 318 473 473 318 474 449 321 447 
449 474 321 474 318 321 309 447 321 
312 323 450 450 323 475 476 477 478 
453 477 476 451 453 476 451 476 326 
451 326 325 315 451 325 316 328 454 
331 454 328 455 454 331 332 455 331 
332 479 455 479 457 455 458 457 480 
480 457 479 460 458 481 481 458 480 
462 460 482 482 460 481 464 462 483 
483 462 482 334 483 335 334 466 483 
466 464 483 337 466 334 468 466 337 
339 468 337 470 468 339 341 470 339 
472 470 341 319 472 341 323 484 475 
342 484 323 484 342 343 485 484 343 
476 478 486 486 326 476 486 487 326 
487 345 326 332 349 479 352 479 349 
480 479 352 354 480 352 481 480 354 
356 481 354 482 481 356 358 482 356 
483 482 358 335 483 358 343 488 485 
359 488 343 488 359 360 489 488 360 
490 361 345 490 345 491 491 345 487 
361 490 362 492 493 494 492 494 489 
492 489 364 364 489 360 495 496 497 
491 496 495 491 495 490 490 495 498 
362 498 366 490 498 362 499 493 492 
500 493 499 364 367 499 492 364 499 
495 497 501 501 502 503 501 503 495 
495 503 498 366 503 369 498 503 366 
504 505 506 500 504 506 499 504 500 
499 371 504 499 372 371 367 372 499 
374 507 375 503 502 508 508 369 503 
508 509 369 374 369 507 507 369 509 
510 511 512 510 378 377 510 512 378 
512 513 378 505 504 379 505 379 513 
513 379 378 371 379 504 375 507 380 
507 381 380 507 509 381 509 514 381 
515 516 517 515 385 384 515 517 385 
517 518 385 386 385 519 385 518 519 
511 510 387 511 387 519 519 387 386 
377 387 510 520 521 389 520 389 514 
514 389 381 520 522 521 392 523 524 
391 523 392 393 392 525 392 524 525 
516 515 394 516 394 525 525 394 393 
384 394 515 389 521 395 397 526 527 
395 526 397 395 522 526 395 521 522 
526 528 527 400 529 530 399 529 400 
401 400 531 400 530 531 523 391 401 
531 523 401 527 532 403 397 527 403 
533 527 528 532 527 533 534 535 536 
534 537 538 536 537 534 538 406 405 
538 537 406 537 539 406 529 399 406 
539 529 406 403 532 407 409 540 541 
407 540 409 407 533 540 407 532 533 
540 542 541 543 544 545 535 543 545 
534 543 535 534 411 543 534 412 411 
413 412 534 538 413 534 405 413 538 
409 541 415 416 546 547 415 546 416 
415 542 546 415 541 542 544 547 546 
543 547 544 543 418 547 543 419 418 
411 419 543 416 547 420 418 420 547 
548 549 550 548 551 552 549 548 552 
552 551 553 554 548 550 555 554 550 
422 554 423 422 551 554 551 548 554 
551 556 553 551 422 556 422 425 556 
557 558 556 557 556 427 427 556 425 
427 428 557 559 560 561 559 562 563 
560 559 563 563 562 564 565 554 555 
566 565 555 423 565 430 554 565 423 
557 567 558 567 557 428 567 428 568 
568 428 432 569 570 571 569 435 434 
569 434 570 570 434 572 436 573 559 
436 559 572 436 572 434 572 559 561 
562 559 574 574 559 573 575 564 562 
575 562 576 576 562 574 576 577 578 
575 576 578 577 579 580 578 577 580 
580 579 581 582 565 566 583 582 566 
430 582 438 565 582 430 432 439 568 
568 439 584 585 586 587 571 586 585 
569 571 585 569 585 442 569 442 441 
435 569 441 436 444 573 446 573 444 
446 588 573 588 574 573 576 574 589 
589 574 588 577 576 590 590 576 589 
579 577 591 591 577 590 592 581 579 
592 579 593 593 579 591 593 594 595 
592 593 595 594 596 597 595 594 597 
596 598 599 597 596 599 598 600 601 
599 598 601 600 602 603 601 600 603 
583 603 602 582 583 602 582 602 449 
582 449 448 438 582 448 439 450 584 
584 450 604 605 606 607 587 606 605 
585 587 605 585 605 453 585 453 452 
442 585 452 446 456 588 459 588 456 
589 588 459 461 589 459 590 589 461 
463 590 461 591 590 463 465 591 463 
593 591 465 467 593 465 594 593 467 
469 594 467 596 594 469 471 596 469 
598 596 471 473 598 471 600 598 473 
474 600 473 602 600 474 449 602 474 
450 475 604 604 475 608 477 605 607 
477 607 478 478 607 609 453 605 477 
475 610 608 484 610 475 610 484 485 
611 610 485 612 486 478 612 478 613 
613 478 609 486 612 487 614 485 488 
614 615 485 615 611 485 488 489 614 
616 617 618 613 617 616 613 616 612 
612 616 619 487 619 491 612 619 487 
494 615 614 494 493 615 493 620 615 
489 494 614 616 618 621 496 622 497 
496 616 622 496 619 616 616 621 622 
491 619 496 623 624 625 623 625 620 
623 620 500 500 620 493 497 622 626 
501 497 626 626 502 501 627 502 626 
506 624 623 506 505 624 505 628 624 
500 506 623 502 627 629 508 502 629 
629 509 508 630 509 629 512 631 632 
511 631 512 513 512 633 512 632 633 
628 505 513 633 628 513 634 635 514 
634 514 630 630 514 509 634 636 635 
517 637 638 516 637 517 518 517 639 
517 638 639 519 518 640 518 639 640 
631 511 519 640 631 519 514 635 520 
635 522 520 635 636 522 636 641 522 
642 643 644 642 524 523 642 644 524 
644 645 524 525 524 646 524 645 646 
637 516 525 646 637 525 522 641 647 
526 522 647 647 528 526 648 528 647 
649 650 651 649 530 529 649 651 530 
651 652 530 643 642 531 643 531 652 
652 531 530 523 531 642 653 654 533 
653 533 648 648 533 528 653 655 654 
656 657 658 656 536 535 656 658 536 
658 659 536 537 536 660 536 659 660 
650 649 539 650 539 660 660 539 537 
529 539 649 533 654 540 542 661 662 
540 661 542 540 655 661 540 654 655 
657 662 661 656 662 657 656 544 662 
656 545 544 535 545 656 542 662 546 
544 546 662 663 664 665 664 663 666 
667 668 669 665 668 667 665 667 663 
663 667 670 550 549 671 550 671 663 
550 663 670 666 663 671 552 672 549 
549 672 671 672 552 553 673 672 553 
674 675 676 674 677 678 675 674 678 
677 679 680 678 677 680 680 679 681 
682 667 669 683 682 669 670 667 684 
684 667 682 550 684 555 670 684 550 
553 685 673 556 685 553 685 556 558 
686 685 558 687 688 689 676 688 687 
674 676 687 674 687 561 674 561 560 
563 674 560 677 674 563 564 677 563 
564 690 677 690 679 677 691 681 679 
691 679 692 692 679 690 692 693 694 
691 692 694 693 695 696 694 693 696 
696 695 697 698 682 683 699 698 683 
684 682 700 700 682 698 555 700 566 
684 700 555 558 701 686 567 701 558 
701 567 568 702 701 568 570 703 704 
571 570 704 689 572 687 689 703 572 
703 570 572 561 687 572 564 575 690 
578 690 575 692 690 578 580 692 578 
693 692 580 581 693 580 581 705 693 
705 695 693 706 697 695 706 695 707 
707 695 705 707 708 709 706 707 709 
708 710 711 709 708 711 699 711 710 
699 710 698 698 710 712 700 698 713 
713 698 712 566 713 583 700 713 566 
568 584 702 702 584 714 715 716 717 
715 587 586 715 586 716 716 586 718 
704 586 571 718 586 704 581 592 705 
595 705 592 707 705 595 597 707 595 
708 707 597 599 708 597 710 708 599 
601 710 599 712 710 601 603 712 601 
713 712 603 583 713 603 584 604 714 
714 604 719 720 721 722 717 721 720 
715 717 720 715 720 607 715 607 606 
587 715 606 604 608 719 719 608 723 
724 720 722 725 724 722 607 724 609 
720 724 607 726 608 610 726 727 608 
727 723 608 610 611 726 728 724 725 
729 728 725 609 728 613 724 728 609 
730 727 726 731 727 730 611 615 730 
726 611 730 617 732 618 728 729 733 
733 613 728 733 734 613 617 613 732 
732 613 734 735 731 730 736 731 735 
615 620 735 730 615 735 618 732 621 
622 737 738 621 737 622 621 734 737 
621 732 734 737 739 738 625 736 735 
625 624 736 624 740 736 620 625 735 
622 738 626 627 741 742 626 741 627 
626 739 741 626 738 739 741 743 742 
744 745 746 744 746 740 744 740 628 
628 740 624 627 742 629 742 630 629 
742 743 630 743 747 630 748 749 750 
748 632 631 748 750 632 750 751 632 
745 744 633 745 633 751 751 633 632 
628 633 744 630 747 752 634 630 752 
752 636 634 753 636 752 754 755 756 
754 638 637 754 756 638 756 757 638 
639 638 758 638 757 758 749 748 640 
749 640 758 758 640 639 631 640 748 
636 753 641 753 759 641 760 761 762 
760 644 643 760 762 644 762 763 644 
645 644 764 644 763 764 755 754 646 
755 646 764 764 646 645 637 646 754 
641 759 765 647 641 765 648 766 767 
648 647 766 647 765 766 766 768 767 
769 770 771 769 651 650 769 771 651 
771 772 651 761 760 652 761 652 772 
772 652 651 643 652 760 648 767 653 
655 773 774 653 773 655 653 768 773 
653 767 768 774 658 657 774 773 658 
773 775 658 659 658 776 658 775 776 
770 769 660 770 660 776 776 660 659 
650 660 769 655 774 661 657 661 774 
777 778 779 777 780 781 778 777 781 
780 665 664 780 664 781 781 664 782 
782 664 666 783 782 666 784 785 786 
784 787 788 785 784 788 788 787 789 
790 791 792 779 791 790 779 790 777 
777 790 793 668 793 669 668 780 793 
780 777 793 665 780 668 666 794 783 
671 794 666 795 796 794 795 794 672 
672 794 671 672 673 795 675 797 798 
676 675 798 786 678 784 786 797 678 
797 675 678 680 784 678 787 784 680 
681 799 800 680 681 800 680 800 789 
680 789 787 799 801 802 800 799 802 
801 803 804 802 801 804 803 805 806 
804 803 806 792 806 805 792 805 790 
790 805 807 793 790 808 808 790 807 
669 808 683 793 808 669 795 809 796 
810 811 809 685 810 809 685 809 795 
685 795 673 685 686 810 812 813 814 
812 689 688 812 688 813 813 688 815 
798 688 676 815 688 798 681 691 799 
694 799 691 801 799 694 696 801 694 
803 801 696 697 803 696 697 816 803 
816 805 803 807 805 817 817 805 816 
808 807 818 818 807 817 683 818 699 
808 818 683 810 819 811 820 821 819 
701 820 819 701 819 810 701 810 686 
701 702 820 822 823 824 822 825 826 
823 822 826 814 826 825 812 814 825 
812 825 704 812 704 703 689 812 703 
697 706 816 709 816 706 817 816 709 
711 817 709 818 817 711 699 818 711 
820 827 821 827 820 702 827 702 828 
828 702 714 829 830 831 829 832 833 
830 829 833 824 833 832 822 824 832 
822 832 717 822 717 716 718 822 716 
825 822 718 704 825 718 834 835 836 
834 836 828 834 828 719 719 828 714 
829 831 837 721 838 722 721 829 838 
721 832 829 829 837 838 717 832 721 
839 835 834 840 835 839 719 723 839 
834 719 839 841 842 843 841 838 842 
841 725 838 725 722 838 839 844 840 
844 839 723 844 723 845 845 723 727 
841 843 846 846 725 841 846 847 725 
847 729 725 727 731 845 845 731 848 
729 847 849 733 729 849 849 734 733 
850 734 849 851 852 853 851 853 848 
851 848 736 736 848 731 734 850 854 
737 734 854 854 739 737 855 739 854 
856 852 851 857 852 856 736 740 856 
851 736 856 739 855 858 741 739 858 
858 743 741 859 743 858 860 861 862 
857 860 862 856 860 857 856 745 860 
856 746 745 740 746 856 863 864 747 
863 747 859 859 747 743 863 865 864 
866 867 868 866 869 870 868 869 866 
870 750 749 870 869 750 869 871 750 
861 860 751 861 751 871 871 751 750 
745 751 860 747 864 752 864 753 752 
864 865 753 865 872 753 873 874 875 
873 756 755 873 875 756 875 876 756 
867 866 757 867 757 876 876 757 756 
758 757 866 870 758 866 749 758 870 
877 878 759 877 759 872 872 759 753 
877 879 878 880 881 882 880 762 761 
880 882 762 882 883 762 763 762 884 
762 883 884 874 873 764 874 764 884 
884 764 763 755 764 873 759 878 765 
878 879 885 878 885 765 765 885 766 
768 886 887 768 766 886 766 885 886 
887 888 889 886 888 887 889 890 891 
888 890 889 891 771 770 891 890 771 
890 892 771 881 880 772 881 772 892 
892 772 771 761 772 880 768 887 773 
775 773 887 889 775 887 776 775 889 
891 776 889 770 776 891 893 894 895 
893 779 778 893 778 894 894 778 896 
781 897 778 778 897 896 782 898 781 
781 898 897 898 782 783 899 898 783 
900 901 902 900 786 785 900 785 901 
901 785 903 788 904 785 785 904 903 
789 905 906 789 906 788 788 906 904 
905 907 908 906 905 908 908 907 909 
910 911 912 895 911 910 893 895 910 
893 910 792 893 792 791 779 893 791 
783 913 899 794 913 783 913 794 796 
914 913 796 915 916 917 902 916 915 
900 902 915 900 915 798 900 798 797 
786 900 797 789 800 905 802 905 800 
907 905 802 907 918 909 907 802 918 
802 804 918 912 806 910 912 918 806 
918 804 806 792 910 806 796 919 914 
809 919 796 919 809 811 920 919 811 
921 922 923 921 924 925 922 921 925 
924 814 813 924 813 925 925 813 926 
917 815 915 917 926 815 926 813 815 
798 915 815 811 927 920 819 927 811 
927 819 821 928 927 821 929 930 931 
923 930 929 921 923 929 921 929 824 
921 824 823 826 921 823 924 921 826 
814 924 826 932 821 827 932 933 821 
933 928 821 827 828 932 934 935 936 
934 831 830 934 830 935 935 830 937 
931 833 929 931 937 833 937 830 833 
824 929 833 836 933 932 836 835 933 
835 938 933 828 836 932 934 936 939 
940 939 941 837 939 940 837 934 939 
837 831 934 837 940 838 835 840 938 
938 840 942 842 940 941 842 941 843 
843 941 943 838 940 842 944 840 844 
944 945 840 945 942 840 844 845 944 
843 943 946 846 843 946 847 947 948 
847 846 947 846 946 947 947 949 948 
950 945 944 951 945 950 845 848 950 
944 845 950 847 948 849 850 952 953 
849 952 850 849 949 952 849 948 949 
952 954 953 955 956 957 951 955 957 
950 955 951 950 852 955 950 853 852 
848 853 950 850 953 854 855 958 959 
854 958 855 854 954 958 854 953 954 
958 960 959 961 956 955 962 956 961 
852 857 961 955 852 961 855 959 858 
859 963 964 858 963 859 858 960 963 
858 959 960 963 965 964 966 967 968 
966 969 970 968 969 966 962 970 969 
961 970 962 961 861 970 961 862 861 
857 862 961 859 964 863 964 865 863 
964 965 865 965 971 865 972 973 974 
972 868 867 972 974 868 974 975 868 
967 966 869 967 869 975 975 869 868 
871 869 966 970 871 966 861 871 970 
976 977 872 976 872 971 971 872 865 
976 978 977 979 980 981 979 982 983 
981 982 979 983 875 874 983 982 875 
982 984 875 973 972 876 973 876 984 
984 876 875 867 876 972 872 977 877 
879 985 986 877 985 879 877 978 985 
877 977 978 986 987 988 985 987 986 
988 989 990 987 989 988 990 991 992 
989 991 990 992 993 994 991 993 992 
994 882 881 994 993 882 993 995 882 
980 979 883 980 883 995 995 883 882 
884 883 979 983 884 979 874 884 983 
879 986 885 886 885 986 988 886 986 
888 886 988 990 888 988 890 888 990 
992 890 990 892 890 992 994 892 992 
881 892 994 996 997 998 996 999 1000 
997 996 1000 1000 999 1001 894 1002 1003 
895 894 1003 896 1004 894 894 1004 1002 
897 1005 896 896 1005 1004 1006 1007 1005 
1006 1005 898 898 1005 897 898 899 1006 
901 1008 1009 902 901 1009 903 1010 901 
901 1010 1008 998 904 996 998 1010 904 
1010 903 904 906 996 904 999 996 906 
999 1011 1001 999 906 1011 906 908 1011 
1011 908 909 1012 1011 909 911 1013 1014 
912 911 1014 1003 911 895 1013 911 1003 
1006 1015 1007 1016 1017 1015 913 1016 1015 
913 1015 1006 913 1006 899 913 914 1016 
916 1018 1019 917 916 1019 1009 916 902 
1018 916 1009 909 1020 1012 918 1020 909 
1014 918 912 1020 918 1014 1016 1021 1017 
914 1021 1016 914 919 1021 919 1022 1021 
1022 919 920 1023 1022 920 1024 1025 1026 
1024 923 922 1024 922 1025 1025 922 1027 
925 1028 922 922 1028 1027 926 1029 925 
925 1029 1028 1019 926 917 1029 926 1019 
1030 920 927 1030 1031 920 1031 1023 920 
927 928 1030 1032 1033 1034 1032 1035 1036 
1033 1032 1036 1026 1036 1035 1024 1026 1035 
1024 1035 931 1024 931 930 923 1024 930 
1030 1037 1031 1037 1030 928 1037 928 1038 
1038 928 933 1039 1040 1041 1034 1040 1039 
1032 1034 1039 1032 1039 936 1032 936 935 
937 1032 935 1035 1032 937 931 1035 937 
933 938 1038 1038 938 1042 1039 1041 1043 
1044 1043 1045 939 1043 1044 939 1039 1043 
939 936 1039 939 1044 941 938 942 1042 
1042 942 1046 1044 1045 1047 1044 943 941 
1044 1048 943 1044 1047 1048 1049 943 1048 
1048 1050 1049 942 945 1046 1046 945 1051 
943 1049 946 1049 1050 1052 1049 1052 946 
946 1052 947 949 1053 1054 949 947 1053 
947 1052 1053 1053 1055 1054 1056 1057 1058 
1056 1058 1051 1056 1051 951 951 1051 945 
949 1054 952 954 1059 1060 952 1059 954 
952 1055 1059 952 1054 1055 1059 1061 1060 
957 1057 1056 957 956 1057 956 1062 1057 
951 957 1056 954 1060 958 1060 960 958 
1060 1061 960 1061 1063 960 1064 1065 1066 
1064 1066 1062 1064 1062 962 962 1062 956 
960 1063 1067 963 960 1067 1067 965 963 
1068 965 1067 968 1069 1070 967 1069 968 
1065 1064 969 1065 969 1070 1070 969 968 
962 969 1064 1071 1072 971 1071 971 1068 
1068 971 965 1072 1073 1074 1071 1073 1072 
1073 1075 1074 1076 1077 1078 1076 1079 1080 
1078 1079 1076 1080 974 973 1080 1079 974 
1079 1081 974 975 974 1082 974 1081 1082 
1069 967 975 1082 1069 975 971 1072 976 
978 976 1072 978 1072 1083 1083 1072 1074 
1084 1074 1075 1084 1085 1074 1085 1083 1074 
1085 1086 1087 1084 1086 1085 1087 1088 1089 
1086 1088 1087 1089 1090 1091 1088 1090 1089 
1091 1092 1093 1090 1092 1091 1093 981 980 
1093 1092 981 1092 1094 981 1077 1076 982 
1077 982 1094 1094 982 981 984 982 1076 
1080 984 1076 973 984 1080 978 1083 985 
987 985 1083 1085 987 1083 989 987 1085 
1087 989 1085 991 989 1087 1089 991 1087 
993 991 1089 1091 993 1089 995 993 1091 
1093 995 1091 980 995 1093 1095 1096 1097 
1095 998 997 1095 997 1096 1096 997 1098 
1000 1099 997 997 1099 1098 1099 1000 1001 
1100 1099 1001 1002 1101 1102 1003 1002 1102 
1004 1103 1002 1002 1103 1101 1104 1105 1103 
1104 1103 1005 1005 1103 1004 1005 1007 1104 
1106 1107 1108 1106 1009 1008 1106 1008 1107 
1107 1008 1109 1097 1010 1095 1097 1109 1010 
1109 1008 1010 998 1095 1010 1001 1110 1100 
1011 1110 1001 1110 1011 1012 1111 1110 1012 
1013 1112 1113 1014 1013 1113 1102 1013 1003 
1112 1013 1102 1104 1114 1105 1007 1114 1104 
1007 1015 1114 1015 1115 1114 1115 1015 1017 
1116 1115 1017 1117 1118 1119 1117 1120 1121 
1118 1117 1121 1120 1122 1123 1121 1120 1123 
1122 1124 1125 1123 1122 1125 1108 1125 1124 
1106 1108 1124 1106 1124 1019 1106 1019 1018 
1009 1106 1018 1012 1126 1111 1020 1126 1012 
1113 1020 1014 1126 1020 1113 1017 1127 1116 
1021 1127 1017 1128 1129 1127 1128 1127 1022 
1022 1127 1021 1022 1023 1128 1130 1131 1132 
1119 1131 1130 1117 1119 1130 1117 1130 1026 
1117 1026 1025 1027 1117 1025 1120 1117 1027 
1028 1120 1027 1122 1120 1028 1029 1122 1028 
1124 1122 1029 1019 1124 1029 1128 1133 1129 
1133 1128 1023 1133 1023 1134 1134 1023 1031 
1135 1136 1137 1135 1034 1033 1135 1033 1136 
1136 1033 1138 1132 1036 1130 1132 1138 1036 
1138 1033 1036 1026 1130 1036 1031 1139 1134 
1037 1139 1031 1139 1037 1038 1140 1139 1038 
1040 1135 1137 1040 1137 1041 1041 1137 1141 
1034 1135 1040 1142 1143 1144 1142 1144 1140 
1142 1140 1042 1042 1140 1038 1041 1141 1145 
1043 1041 1145 1145 1045 1043 1146 1045 1145 
1147 1143 1142 1148 1143 1147 1042 1046 1147 
1142 1042 1147 1045 1146 1149 1047 1045 1149 
1048 1047 1150 1047 1149 1150 1050 1151 1152 
1050 1048 1151 1048 1150 1151 1151 1153 1152 
1154 1148 1147 1155 1148 1154 1046 1051 1154 
1147 1046 1154 1050 1152 1052 1152 1153 1156 
1152 1156 1052 1052 1156 1053 1156 1055 1053 
1157 1055 1156 1058 1155 1154 1058 1057 1155 
1057 1158 1155 1051 1058 1154 1055 1157 1159 
1059 1055 1159 1159 1061 1059 1160 1061 1159 
1161 1162 1163 1161 1163 1158 1161 1158 1062 
1062 1158 1057 1164 1165 1063 1164 1063 1160 
1160 1063 1061 1164 1166 1165 1167 1168 1169 
1162 1167 1169 1161 1167 1162 1161 1065 1167 
1161 1066 1065 1062 1066 1161 1063 1165 1067 
1068 1170 1171 1067 1170 1068 1067 1166 1170 
1067 1165 1166 1171 1172 1173 1170 1172 1171 
1172 1174 1173 1175 1176 1177 1168 1175 1177 
1167 1175 1168 1167 1069 1175 1167 1070 1069 
1065 1070 1167 1068 1171 1071 1073 1071 1171 
1173 1073 1171 1075 1178 1179 1073 1178 1075 
1073 1174 1178 1073 1173 1174 1179 1180 1181 
1178 1180 1179 1181 1182 1183 1180 1182 1181 
1183 1184 1185 1182 1184 1183 1185 1186 1187 
1184 1186 1185 1187 1188 1189 1186 1188 1187 
1189 1078 1077 1189 1188 1078 1188 1190 1078 
1079 1078 1191 1078 1190 1191 1081 1079 1192 
1079 1191 1192 1176 1175 1082 1176 1082 1192 
1192 1082 1081 1069 1082 1175 1075 1179 1084 
1086 1084 1179 1181 1086 1179 1088 1086 1181 
1183 1088 1181 1090 1088 1183 1185 1090 1183 
1092 1090 1185 1187 1092 1185 1094 1092 1187 
1189 1094 1187 1077 1094 1189 1193 1194 1195 
1193 1097 1096 1193 1096 1194 1194 1096 1196 
1098 1197 1096 1096 1197 1196 1099 1198 1098 
1098 1198 1197 1198 1099 1100 1199 1198 1100 
1200 1201 1202 1200 1102 1101 1200 1101 1201 
1201 1101 1203 1103 1204 1101 1101 1204 1203 
1204 1103 1105 1205 1204 1105 1206 1207 1208 
1206 1108 1107 1206 1107 1207 1207 1107 1209 
1195 1109 1193 1195 1209 1109 1209 1107 1109 
1097 1193 1109 1100 1210 1199 1110 1210 1100 
1111 1211 1212 1111 1212 1110 1110 1212 1210 
1202 1212 1211 1200 1202 1211 1200 1211 1113 
1200 1113 1112 1102 1200 1112 1105 1213 1205 
1114 1213 1105 1115 1214 1114 1114 1214 1213 
1214 1115 1116 1215 1214 1116 1216 1217 1218 
1216 1119 1118 1216 1118 1217 1217 1118 1219 
1121 1220 1118 1118 1220 1219 1123 1221 1121 
1121 1221 1220 1208 1125 1206 1208 1221 1125 
1221 1123 1125 1108 1206 1125 1111 1126 1211 
1113 1211 1126 1116 1222 1215 1127 1222 1116 
1222 1127 1129 1223 1222 1129 1224 1225 1226 
1218 1225 1224 1216 1218 1224 1216 1224 1132 
1216 1132 1131 1119 1216 1131 1227 1129 1133 
1227 1228 1129 1228 1223 1129 1133 1134 1227 
1229 1230 1231 1229 1137 1136 1229 1136 1230 
1230 1136 1232 1226 1138 1224 1226 1232 1138 
1232 1136 1138 1132 1224 1138 1227 1233 1228 
1234 1235 1233 1139 1234 1233 1139 1233 1227 
1139 1227 1134 1139 1140 1234 1229 1231 1236 
1236 1137 1229 1236 1237 1137 1237 1141 1137 
1144 1235 1234 1144 1143 1235 1143 1238 1235 
1140 1144 1234 1141 1237 1239 1145 1141 1239 
1146 1240 1241 1146 1145 1240 1145 1239 1240 
1241 1242 1243 1240 1242 1241 1242 1244 1243 
1143 1148 1238 1238 1148 1245 1146 1241 1149 
1150 1149 1241 1243 1150 1241 1243 1244 1246 
1243 1246 1150 1150 1246 1151 1246 1153 1151 
1247 1153 1246 1148 1155 1245 1245 1155 1248 
1153 1247 1249 1156 1153 1249 1157 1250 1251 
1157 1156 1250 1156 1249 1250 1250 1252 1251 
1253 1254 1255 1253 1255 1248 1253 1248 1158 
1158 1248 1155 1157 1251 1159 1160 1256 1257 
1159 1256 1160 1159 1252 1256 1159 1251 1252 
1256 1258 1257 1163 1254 1253 1163 1162 1254 
1162 1259 1254 1158 1163 1253 1160 1257 1164 
1166 1260 1261 1164 1260 1166 1164 1258 1260 
1164 1257 1258 1260 1262 1261 1169 1263 1264 
1168 1263 1169 1259 1162 1169 1264 1259 1169 
1166 1261 1170 1261 1262 1265 1261 1265 1170 
1170 1265 1172 1174 1266 1267 1174 1172 1266 
1172 1265 1266 1267 1268 1269 1266 1268 1267 
1269 1270 1271 1268 1270 1269 1271 1272 1273 
1270 1272 1271 1272 1274 1273 1275 1276 1277 
1275 1278 1279 1277 1278 1275 1279 1177 1176 
1279 1278 1177 1278 1280 1177 1263 1168 1177 
1280 1263 1177 1174 1267 1178 1180 1178 1267 
1269 1180 1267 1182 1180 1269 1271 1182 1269 
1184 1182 1271 1273 1184 1271 1273 1274 1281 
1273 1281 1184 1184 1281 1186 1188 1186 1282 
1186 1281 1282 1190 1188 1283 1188 1282 1283 
1276 1275 1191 1276 1191 1283 1283 1191 1190 
1192 1191 1275 1279 1192 1275 1176 1192 1279 
1284 1285 1286 1284 1287 1288 1285 1284 1288 
1288 1287 1289 1290 1291 1292 1290 1195 1194 
1290 1194 1291 1291 1194 1293 1286 1196 1284 
1286 1293 1196 1293 1194 1196 1197 1284 1196 
1287 1284 1197 1287 1294 1289 1287 1197 1294 
1197 1198 1294 1199 1295 1296 1199 1296 1198 
1198 1296 1294 1295 1297 1298 1296 1295 1298 
1299 1202 1201 1300 1298 1297 1301 1299 1201 
1301 1201 1302 1302 1201 1203 1204 1303 1203 
1203 1303 1302 1303 1204 1205 1304 1303 1205 
1305 1306 1307 1305 1308 1309 1306 1305 1309 
1308 1310 1311 1309 1308 1311 1310 1312 1313 
1311 1310 1313 1312 1208 1207 1312 1207 1313 
1313 1207 1314 1292 1209 1290 1292 1314 1209 
1314 1207 1209 1195 1290 1209 1199 1210 1295 
1212 1295 1210 1297 1295 1212 1297 1315 1300 
1297 1212 1315 1299 1315 1202 1202 1315 1212 
1301 1315 1299 1205 1316 1304 1213 1316 1205 
1317 1318 1316 1317 1316 1214 1214 1316 1213 
1214 1215 1317 1319 1320 1321 1307 1320 1319 
1305 1307 1319 1305 1319 1218 1305 1218 1217 
1219 1305 1217 1308 1305 1219 1220 1308 1219 
1310 1308 1220 1221 1310 1220 1312 1310 1221 
1208 1312 1221 1317 1322 1318 1323 1324 1322 
1222 1323 1322 1222 1322 1317 1222 1317 1215 
1222 1223 1323 1325 1326 1327 1321 1326 1325 
1319 1321 1325 1319 1325 1226 1319 1226 1225 
1218 1319 1225 1323 1328 1324 1328 1323 1223 
1328 1223 1329 1329 1223 1228 1230 1330 1331 
1231 1230 1331 1327 1232 1325 1327 1330 1232 
1330 1230 1232 1226 1325 1232 1332 1228 1233 
1332 1333 1228 1333 1329 1228 1233 1235 1332 
1231 1331 1334 1236 1231 1334 1237 1335 1336 
1237 1236 1335 1236 1334 1335 1335 1337 1336 
1332 1338 1333 1338 1332 1235 1338 1235 1339 
1339 1235 1238 1237 1336 1239 1336 1337 1340 
1336 1340 1239 1239 1340 1240 1242 1240 1341 
1240 1340 1341 1341 1244 1242 1342 1244 1341 
1238 1245 1339 1339 1245 1343 1244 1342 1344 
1246 1244 1344 1247 1345 1346 1247 1246 1345 
1246 1344 1345 1345 1347 1346 1348 1349 1350 
1348 1350 1343 1348 1343 1248 1248 1343 1245 
1247 1346 1249 1346 1347 1351 1346 1351 1249 
1249 1351 1250 1252 1352 1353 1252 1250 1352 
1250 1351 1352 1352 1354 1353 1255 1349 1348 
1255 1254 1349 1254 1355 1349 1248 1255 1348 
1252 1353 1256 1258 1356 1357 1256 1356 1258 
1256 1354 1356 1256 1353 1354 1356 1358 1357 
1254 1259 1355 1355 1259 1359 1258 1357 1260 
1262 1360 1361 1260 1360 1262 1260 1358 1360 
1260 1357 1358 1361 1362 1363 1360 1362 1361 
1363 1364 1365 1362 1364 1363 1365 1366 1367 
1364 1366 1365 1366 1368 1367 1369 1370 1371 
1369 1372 1373 1371 1372 1369 1373 1264 1263 
1373 1372 1264 1372 1374 1264 1359 1259 1264 
1374 1359 1264 1262 1361 1265 1266 1265 1361 
1363 1266 1361 1268 1266 1363 1365 1268 1363 
1270 1268 1365 1367 1270 1365 1367 1368 1375 
1367 1375 1270 1270 1375 1272 1274 1376 1377 
1274 1272 1376 1272 1375 1376 1377 1378 1379 
1376 1378 1377 1379 1380 1381 1378 1380 1379 
1381 1277 1276 1381 1380 1277 1380 1382 1277 
1370 1369 1278 1370 1278 1382 1382 1278 1277 
1280 1278 1369 1373 1280 1369 1263 1280 1373 
1274 1377 1281 1282 1281 1377 1379 1282 1377 
1283 1282 1379 1381 1283 1379 1276 1283 1381 
1285 1383 1384 1286 1285 1384 1288 1385 1285 
1285 1385 1383 1289 1386 1387 1289 1387 1288 
1288 1387 1385 1386 1388 1389 1387 1386 1389 
1389 1388 1390 1391 1392 1393 1391 1394 1395 
1392 1391 1395 1394 1292 1291 1394 1291 1395 
1395 1291 1396 1293 1397 1291 1291 1397 1396 
1384 1293 1286 1397 1293 1384 1289 1294 1386 
1296 1386 1294 1388 1386 1296 1388 1398 1390 
1388 1296 1398 1296 1298 1398 1398 1298 1300 
1399 1398 1300 1302 1400 1401 1301 1302 1401 
1303 1402 1302 1302 1402 1400 1402 1303 1304 
1403 1402 1304 1306 1404 1405 1307 1306 1405 
1309 1406 1306 1306 1406 1404 1311 1407 1309 
1309 1407 1406 1393 1313 1391 1393 1407 1313 
1407 1311 1313 1314 1391 1313 1394 1391 1314 
1292 1394 1314 1300 1408 1399 1315 1408 1300 
1401 1315 1301 1408 1315 1401 1304 1409 1403 
1316 1409 1304 1409 1316 1318 1410 1409 1318 
1320 1411 1412 1321 1320 1412 1405 1320 1307 
1411 1320 1405 1318 1413 1410 1322 1413 1318 
1413 1322 1324 1414 1413 1324 1415 1416 1417 
1415 1327 1326 1415 1326 1416 1416 1326 1418 
1412 1326 1321 1418 1326 1412 1324 1419 1414 
1328 1419 1324 1419 1328 1329 1420 1419 1329 
1330 1415 1417 1330 1417 1331 1331 1417 1421 
1327 1415 1330 1329 1333 1420 1420 1333 1422 
1331 1421 1423 1334 1331 1423 1335 1334 1424 
1334 1423 1424 1337 1425 1426 1337 1335 1425 
1335 1424 1425 1425 1427 1426 1428 1333 1338 
1428 1429 1333 1429 1422 1333 1338 1339 1428 
1337 1426 1340 1426 1427 1430 1426 1430 1340 
1340 1430 1341 1342 1431 1432 1342 1341 1431 
1341 1430 1431 1431 1433 1432 1434 1429 1428 
1435 1429 1434 1339 1343 1434 1428 1339 1434 
1342 1432 1344 1432 1433 1436 1432 1436 1344 
1344 1436 1345 1436 1347 1345 1437 1347 1436 
1350 1435 1434 1350 1349 1435 1349 1438 1435 
1343 1350 1434 1347 1437 1439 1351 1347 1439 
1352 1351 1440 1351 1439 1440 1354 1441 1442 
1354 1352 1441 1352 1440 1441 1441 1443 1442 
1349 1355 1438 1438 1355 1444 1354 1442 1356 
1358 1445 1446 1356 1445 1358 1356 1443 1445 
1356 1442 1443 1446 1447 1448 1445 1447 1446 
1447 1449 1448 1450 1451 1452 1450 1452 1444 
1450 1444 1359 1359 1444 1355 1358 1446 1360 
1362 1360 1446 1448 1362 1446 1448 1449 1453 
1448 1453 1362 1362 1453 1364 1366 1364 1454 
1364 1453 1454 1368 1455 1456 1368 1366 1455 
1366 1454 1455 1456 1457 1458 1455 1457 1456 
1458 1459 1460 1457 1459 1458 1460 1461 1462 
1459 1461 1460 1462 1463 1464 1461 1463 1462 
1464 1371 1370 1464 1463 1371 1463 1465 1371 
1372 1371 1466 1371 1465 1466 1451 1450 1374 
1451 1374 1466 1466 1374 1372 1359 1374 1450 
1368 1456 1375 1376 1375 1456 1458 1376 1456 
1378 1376 1458 1460 1378 1458 1380 1378 1460 
1462 1380 1460 1382 1380 1462 1464 1382 1462 
1370 1382 1464 1467 1468 1469 1467 1470 1471 
1468 1467 1471 1470 1472 1473 1471 1470 1473 
1472 1474 1475 1473 1472 1475 1474 1384 1383 
1474 1383 1475 1475 1383 1476 1385 1477 1383 
1383 1477 1476 1387 1478 1385 1385 1478 1477 
1389 1479 1387 1387 1479 1478 1479 1389 1390 
1480 1479 1390 1481 1482 1483 1481 1484 1485 
1482 1481 1485 1484 1486 1487 1485 1484 1487 
1469 1487 1486 1467 1469 1486 1467 1486 1393 
1467 1393 1392 1395 1467 1392 1470 1467 1395 
1396 1470 1395 1472 1470 1396 1397 1472 1396 
1474 1472 1397 1384 1474 1397 1390 1488 1480 
1398 1488 1390 1399 1489 1490 1399 1490 1398 
1398 1490 1488 1491 1401 1400 1492 1490 1489 
1400 1402 1493 1491 1400 1493 1402 1403 1493 
1494 1495 1496 1483 1495 1494 1481 1483 1494 
1481 1494 1405 1481 1405 1404 1406 1481 1404 
1484 1481 1406 1407 1484 1406 1486 1484 1407 
1393 1486 1407 1399 1408 1489 1489 1497 1492 
1489 1408 1497 1491 1497 1401 1401 1497 1408 
1493 1497 1491 1498 1497 1493 1403 1498 1493 
1403 1409 1498 1409 1499 1498 1499 1409 1410 
1500 1499 1410 1501 1502 1503 1496 1502 1501 
1494 1496 1501 1494 1501 1412 1494 1412 1411 
1405 1494 1411 1410 1504 1500 1413 1504 1410 
1504 1413 1414 1505 1504 1414 1416 1506 1417 
1501 1503 1507 1501 1507 1416 1501 1416 1418 
1506 1416 1507 1412 1501 1418 1414 1508 1505 
1419 1508 1414 1508 1419 1420 1509 1508 1420 
1506 1510 1421 1417 1506 1421 1511 1506 1507 
1510 1506 1511 1420 1422 1509 1509 1422 1512 
1421 1510 1423 1510 1511 1513 1510 1513 1423 
1423 1513 1424 1425 1424 1514 1424 1513 1514 
1427 1515 1516 1427 1425 1515 1425 1514 1515 
1515 1517 1516 1422 1429 1512 1512 1429 1518 
1427 1516 1430 1516 1517 1519 1516 1519 1430 
1430 1519 1431 1433 1520 1521 1433 1431 1520 
1431 1519 1520 1520 1522 1521 1429 1435 1518 
1518 1435 1523 1433 1521 1436 1437 1524 1525 
1436 1524 1437 1436 1522 1524 1436 1521 1522 
1524 1526 1525 1527 1528 1529 1527 1529 1523 
1527 1523 1438 1438 1523 1435 1437 1525 1439 
1525 1526 1530 1525 1530 1439 1439 1530 1440 
1441 1440 1531 1440 1530 1531 1443 1532 1533 
1443 1441 1532 1441 1531 1532 1533 1534 1535 
1532 1534 1533 1534 1536 1535 1537 1528 1527 
1538 1528 1537 1438 1444 1537 1527 1438 1537 
1443 1533 1445 1447 1445 1533 1535 1447 1533 
1449 1539 1540 1447 1539 1449 1447 1536 1539 
1447 1535 1536 1540 1541 1542 1539 1541 1540 
1542 1543 1544 1541 1543 1542 1544 1545 1546 
1543 1545 1544 1546 1547 1548 1545 1547 1546 
1547 1549 1548 1550 1551 1552 1550 1553 1554 
1552 1553 1550 1538 1554 1553 1537 1554 1538 
1537 1451 1554 1537 1452 1451 1444 1452 1537 
1449 1540 1453 1454 1453 1540 1542 1454 1540 
1455 1454 1542 1544 1455 1542 1457 1455 1544 
1546 1457 1544 1459 1457 1546 1548 1459 1546 
1548 1549 1555 1548 1555 1459 1459 1555 1461 
1463 1461 1556 1461 1555 1556 1551 1550 1465 
1551 1465 1556 1556 1465 1463 1466 1465 1550 
1554 1466 1550 1451 1466 1554 1557 1558 1559 
1557 1560 1561 1558 1557 1561 1560 1562 1563 
1561 1560 1563 1562 1564 1565 1563 1562 1565 
1565 1564 1566 1567 1568 1569 1567 1570 1571 
1568 1567 1571 1570 1469 1468 1570 1468 1571 
1571 1468 1572 1471 1573 1468 1468 1573 1572 
1559 1473 1557 1559 1573 1473 1573 1471 1473 
1475 1557 1473 1560 1557 1475 1476 1560 1475 
1562 1560 1476 1477 1562 1476 1564 1562 1477 
1564 1574 1566 1564 1477 1574 1477 1478 1574 
1479 1575 1478 1478 1575 1574 1575 1479 1480 
1576 1575 1480 1482 1577 1578 1483 1482 1578 
1569 1485 1567 1569 1577 1485 1577 1482 1485 
1487 1567 1485 1570 1567 1487 1469 1570 1487 
1480 1579 1576 1488 1579 1480 1490 1580 1488 
1488 1580 1579 1580 1490 1492 1581 1580 1492 
1495 1582 1583 1496 1495 1583 1578 1495 1483 
1582 1495 1578 1492 1584 1581 1497 1584 1492 
1498 1585 1497 1497 1585 1584 1499 1586 1498 
1498 1586 1585 1586 1499 1500 1587 1586 1500 
1502 1588 1589 1503 1502 1589 1583 1502 1496 
1588 1502 1583 1500 1590 1587 1504 1590 1500 
1590 1504 1505 1591 1590 1505 1592 1593 1594 
1592 1589 1593 1592 1507 1589 1507 1503 1589 
1595 1505 1508 1595 1596 1505 1596 1591 1505 
1508 1509 1595 1592 1594 1597 1592 1511 1507 
1592 1598 1511 1592 1597 1598 1599 1511 1598 
1599 1600 1601 1598 1600 1599 1600 1602 1601 
1603 1596 1595 1604 1596 1603 1509 1512 1603 
1595 1509 1603 1511 1599 1513 1514 1513 1599 
1601 1514 1599 1601 1602 1605 1601 1605 1514 
1514 1605 1515 1517 1606 1607 1517 1515 1606 
1515 1605 1606 1606 1608 1607 1609 1604 1603 
1610 1604 1609 1512 1518 1609 1603 1512 1609 
1517 1607 1519 1607 1608 1611 1607 1611 1519 
1519 1611 1520 1522 1612 1613 1522 1520 1612 
1520 1611 1612 1612 1614 1613 1615 1610 1609 
1616 1610 1615 1518 1523 1615 1609 1518 1615 
1522 1613 1524 1526 1617 1618 1524 1617 1526 
1524 1614 1617 1524 1613 1614 1618 1619 1620 
1617 1619 1618 1620 1621 1622 1619 1621 1620 
1621 1623 1622 1529 1616 1615 1529 1528 1616 
1528 1624 1616 1523 1529 1615 1526 1618 1530 
1531 1530 1618 1620 1531 1618 1532 1531 1620 
1622 1532 1620 1622 1623 1625 1622 1625 1532 
1532 1625 1534 1536 1626 1627 1536 1534 1626 
1534 1625 1626 1627 1628 1629 1626 1628 1627 
1629 1630 1631 1628 1630 1629 1631 1632 1633 
1630 1632 1631 1632 1634 1633 1635 1636 1637 
1635 1638 1639 1637 1638 1635 1639 1638 1624 
1639 1624 1538 1538 1624 1528 1536 1627 1539 
1541 1539 1627 1629 1541 1627 1543 1541 1629 
1631 1543 1629 1545 1543 1631 1633 1545 1631 
1633 1634 1640 1633 1640 1545 1545 1640 1547 
1549 1641 1642 1549 1547 1641 1547 1640 1641 
1642 1643 1644 1641 1643 1642 1636 1644 1643 
1635 1644 1636 1635 1551 1644 1635 1552 1551 
1553 1552 1635 1639 1553 1635 1538 1553 1639 
1549 1642 1555 1556 1555 1642 1644 1556 1642 
1551 1556 1644 1645 1646 1647 1645 1648 1649 
1646 1645 1649 1648 1650 1651 1649 1648 1651 
1650 1652 1653 1651 1650 1653 1652 1559 1558 
1652 1558 1653 1653 1558 1654 1561 1655 1558 
1558 1655 1654 1563 1656 1561 1561 1656 1655 
1565 1657 1563 1563 1657 1656 1566 1658 1659 
1566 1659 1565 1565 1659 1657 1659 1658 1660 
1661 1662 1663 1647 1662 1661 1645 1647 1661 
1645 1661 1569 1645 1569 1568 1571 1645 1568 
1648 1645 1571 1572 1648 1571 1650 1648 1572 
1573 1650 1572 1652 1650 1573 1559 1652 1573 
1566 1574 1658 1658 1664 1660 1658 1574 1664 
1574 1575 1664 1576 1665 1666 1576 1666 1575 
1575 1666 1664 1666 1665 1667 1668 1669 1670 
1663 1669 1668 1661 1663 1668 1661 1668 1578 
1661 1578 1577 1569 1661 1577 1576 1579 1665 
1665 1671 1667 1665 1579 1671 1579 1580 1671 
1671 1580 1581 1672 1671 1581 1582 1668 1670 
1582 1670 1583 1583 1670 1673 1578 1668 1582 
1581 1674 1672 1584 1674 1581 1675 1676 1674 
1675 1674 1585 1585 1674 1584 1585 1586 1677 
1675 1585 1677 1586 1587 1677 1588 1678 1679 
1589 1588 1679 1673 1588 1583 1678 1588 1673 
1675 1680 1676 1677 1680 1675 1681 1680 1677 
1682 1683 1681 1590 1682 1681 1590 1681 1677 
1590 1677 1587 1590 1591 1682 1593 1684 1685 
1594 1593 1685 1679 1593 1589 1684 1593 1679 
1682 1686 1683 1686 1682 1591 1686 1591 1687 
1687 1591 1596 1594 1685 1688 1597 1594 1688 
1598 1597 1689 1597 1688 1689 1600 1598 1690 
1598 1689 1690 1602 1691 1692 1602 1600 1691 
1600 1690 1691 1691 1693 1692 1596 1604 1687 
1687 1604 1694 1602 1692 1605 1692 1693 1695 
1692 1695 1605 1605 1695 1606 1608 1696 1697 
1608 1606 1696 1606 1695 1696 1696 1698 1697 
1604 1610 1694 1694 1610 1699 1608 1697 1611 
1697 1698 1700 1697 1700 1611 1611 1700 1612 
1614 1701 1702 1614 1612 1701 1612 1700 1701 
1701 1703 1702 1704 1705 1706 1704 1706 1699 
1704 1699 1616 1616 1699 1610 1614 1702 1617 
1702 1703 1707 1702 1707 1617 1617 1707 1619 
1621 1619 1708 1619 1707 1708 1623 1709 1710 
1623 1621 1709 1621 1708 1709 1710 1711 1712 
1709 1711 1710 1712 1713 1714 1711 1713 1712 
1714 1715 1716 1713 1715 1714 1716 1717 1718 
1715 1717 1716 1718 1719 1720 1717 1719 1718 
1719 1721 1720 1722 1723 1724 1722 1725 1726 
1724 1725 1722 1705 1726 1725 1705 1704 1726 
1704 1727 1726 1616 1624 1727 1704 1616 1727 
1623 1710 1625 1626 1625 1710 1712 1626 1710 
1628 1626 1712 1714 1628 1712 1630 1628 1714 
1716 1630 1714 1632 1630 1716 1718 1632 1716 
1634 1632 1718 1634 1718 1728 1728 1718 1720 
1729 1720 1721 1729 1730 1720 1730 1728 1720 
1723 1730 1729 1723 1722 1730 1722 1731 1730 
1637 1636 1731 1637 1731 1726 1726 1731 1722 
1638 1637 1726 1727 1638 1726 1624 1638 1727 
1634 1728 1640 1641 1640 1728 1730 1641 1728 
1643 1641 1730 1731 1643 1730 1636 1643 1731 
1646 1732 1733 1647 1646 1733 1649 1734 1646 
1646 1734 1732 1651 1735 1649 1649 1735 1734 
1653 1736 1651 1651 1736 1735 1654 1737 1653 
1653 1737 1736 1655 1738 1654 1654 1738 1737 
1656 1739 1655 1655 1739 1738 1657 1740 1656 
1656 1740 1739 1659 1741 1657 1657 1741 1740 
1660 1742 1743 1660 1743 1659 1659 1743 1741 
1743 1742 1744 1662 1745 1746 1663 1662 1746 
1733 1662 1647 1745 1662 1733 1660 1664 1742 
1742 1747 1744 1742 1664 1747 1664 1666 1747 
1667 1748 1749 1667 1749 1666 1666 1749 1747 
1749 1748 1750 1669 1751 1752 1670 1669 1752 
1746 1669 1663 1751 1669 1746 1667 1671 1748 
1748 1671 1672 1748 1672 1750 1750 1672 1753 
1754 1755 1673 1754 1673 1752 1752 1673 1670 
1754 1756 1755 1672 1757 1753 1674 1757 1672 
1757 1674 1676 1758 1757 1676 1759 1760 1761 
1762 1679 1678 1763 1760 1759 1678 1764 1762 
1673 1764 1678 1673 1765 1764 1673 1755 1765 
1756 1765 1755 1676 1766 1758 1680 1766 1676 
1767 1768 1766 1767 1766 1681 1681 1766 1680 
1681 1683 1767 1684 1769 1685 1759 1761 1770 
1763 1759 1770 1762 1769 1679 1762 1771 1769 
1769 1684 1679 1772 1762 1764 1772 1773 1762 
1773 1771 1762 1772 1774 1773 1767 1775 1768 
1776 1777 1775 1686 1776 1775 1686 1775 1767 
1686 1767 1683 1686 1687 1776 1685 1769 1688 
1689 1688 1769 1771 1689 1769 1690 1689 1771 
1773 1690 1771 1773 1774 1778 1773 1778 1690 
1690 1778 1691 1693 1779 1780 1693 1691 1779 
1691 1778 1779 1780 1781 1782 1779 1781 1780 
1781 1783 1782 1784 1777 1776 1785 1777 1784 
1687 1694 1784 1776 1687 1784 1693 1780 1695 
1696 1695 1780 1782 1696 1780 1698 1786 1787 
1696 1786 1698 1696 1783 1786 1696 1782 1783 
1787 1788 1789 1786 1788 1787 1788 1790 1789 
1791 1785 1784 1792 1785 1791 1694 1699 1791 
1784 1694 1791 1698 1787 1700 1701 1700 1787 
1789 1701 1787 1703 1793 1794 1701 1793 1703 
1701 1790 1793 1701 1789 1790 1794 1795 1796 
1793 1795 1794 1796 1797 1798 1795 1797 1796 
1798 1799 1800 1797 1799 1798 1800 1801 1802 
1799 1801 1800 1802 1803 1804 1801 1803 1802 
1804 1805 1806 1803 1805 1804 1806 1807 1808 
1805 1807 1806 1808 1809 1810 1807 1809 1808 
1810 1811 1812 1809 1811 1810 1812 1813 1814 
1811 1813 1812 1792 1814 1813 1791 1814 1792 
1791 1705 1814 1791 1706 1705 1699 1706 1791 
1703 1794 1707 1708 1707 1794 1796 1708 1794 
1709 1708 1796 1798 1709 1796 1711 1709 1798 
1800 1711 1798 1713 1711 1800 1802 1713 1800 
1715 1713 1802 1804 1715 1802 1717 1715 1804 
1806 1717 1804 1719 1717 1806 1808 1719 1806 
1721 1719 1808 1721 1808 1815 1815 1808 1810 
1724 1723 1815 1724 1815 1812 1812 1815 1810 
1725 1724 1812 1814 1725 1812 1705 1725 1814 
1721 1815 1729 1723 1729 1815 1816 1817 1818 
1816 1819 1820 1817 1816 1820 1819 1821 1822 
1820 1819 1822 1821 1823 1824 1822 1821 1824 
1823 1825 1826 1824 1823 1826 1825 1827 1828 
1826 1825 1828 1827 1829 1830 1828 1827 1830 
1830 1829 1831 1732 1832 1833 1733 1732 1833 
1818 1734 1816 1818 1832 1734 1832 1732 1734 
1735 1816 1734 1819 1816 1735 1736 1819 1735 
1821 1819 1736 1737 1821 1736 1823 1821 1737 
1738 1823 1737 1825 1823 1738 1739 1825 1738 
1827 1825 1739 1740 1827 1739 1829 1827 1740 
1829 1834 1831 1829 1740 1834 1740 1741 1834 
1743 1835 1741 1741 1835 1834 1835 1743 1744 
1836 1835 1744 1837 1838 1839 1837 1746 1745 
1837 1745 1838 1838 1745 1840 1833 1745 1733 
1840 1745 1833 1744 1841 1836 1747 1841 1744 
1749 1842 1747 1747 1842 1841 1842 1749 1750 
1843 1842 1750 1751 1844 1752 1837 1839 1845 
1845 1746 1837 1845 1846 1746 1751 1746 1844 
1844 1746 1846 1750 1753 1843 1843 1753 1847 
1844 1754 1752 1848 1849 1850 1850 1846 1848 
1850 1756 1846 1844 1846 1754 1754 1846 1756 
1753 1851 1847 1757 1851 1753 1851 1757 1758 
1852 1851 1758 1760 1853 1761 1763 1853 1760 
1854 1855 1856 1849 1855 1854 1850 1849 1854 
1850 1854 1764 1850 1764 1765 1756 1850 1765 
1758 1857 1852 1766 1857 1758 1857 1766 1768 
1858 1857 1768 1761 1853 1770 1854 1856 1859 
1763 1770 1853 1764 1854 1859 1764 1859 1772 
1772 1859 1860 1774 1861 1862 1774 1772 1861 
1772 1860 1861 1861 1863 1862 1864 1768 1775 
1864 1865 1768 1865 1858 1768 1775 1777 1864 
1774 1862 1778 1862 1863 1866 1862 1866 1778 
1778 1866 1779 1781 1779 1867 1779 1866 1867 
1783 1868 1869 1783 1781 1868 1781 1867 1868 
1868 1870 1869 1871 1865 1864 1872 1865 1871 
1777 1785 1871 1864 1777 1871 1783 1869 1786 
1869 1870 1873 1869 1873 1786 1786 1873 1788 
1790 1874 1875 1790 1788 1874 1788 1873 1874 
1875 1876 1877 1874 1876 1875 1877 1878 1879 
1876 1878 1877 1879 1880 1881 1878 1880 1879 
1881 1882 1883 1880 1882 1881 1883 1884 1885 
1882 1884 1883 1885 1886 1887 1884 1886 1885 
1887 1888 1889 1886 1888 1887 1889 1890 1891 
1888 1890 1889 1891 1892 1893 1890 1892 1891 
1872 1893 1892 1872 1871 1893 1871 1894 1893 
1785 1792 1894 1871 1785 1894 1790 1875 1793 
1795 1793 1875 1877 1795 1875 1797 1795 1877 
1879 1797 1877 1799 1797 1879 1881 1799 1879 
1801 1799 1881 1883 1801 1881 1803 1801 1883 
1885 1803 1883 1805 1803 1885 1887 1805 1885 
1807 1805 1887 1889 1807 1887 1809 1807 1889 
1891 1809 1889 1811 1809 1891 1893 1811 1891 
1813 1811 1893 1894 1813 1893 1792 1813 1894 
1895 1896 1897 1895 1818 1817 1895 1817 1896 
1896 1817 1898 1820 1899 1817 1817 1899 1898 
1822 1900 1820 1820 1900 1899 1824 1901 1822 
1822 1901 1900 1826 1902 1824 1824 1902 1901 
1828 1903 1826 1826 1903 1902 1830 1904 1828 
1828 1904 1903 1831 1905 1906 1831 1906 1830 
1830 1906 1904 1906 1905 1907 1908 1909 1910 
1897 1909 1908 1895 1897 1908 1895 1908 1833 
1895 1833 1832 1818 1895 1832 1831 1834 1905 
1905 1911 1907 1905 1834 1911 1834 1835 1911 
1911 1835 1836 1912 1911 1836 1838 1913 1839 
1908 1910 1914 1908 1914 1838 1908 1838 1840 
1913 1838 1914 1833 1908 1840 1836 1915 1912 
1841 1915 1836 1842 1916 1841 1841 1916 1915 
1843 1917 1918 1843 1918 1842 1842 1918 1916 
1918 1917 1919 1913 1845 1839 1920 1921 1922 
1922 1914 1920 1922 1846 1914 1913 1914 1845 
1845 1914 1846 1917 1847 1923 1843 1847 1917 
1924 1919 1917 1923 1924 1917 1925 1926 1927 
1921 1926 1925 1922 1921 1925 1922 1925 1849 
1922 1849 1848 1846 1922 1848 1847 1851 1923 
1852 1928 1929 1851 1852 1929 1851 1929 1924 
1851 1924 1923 1929 1928 1930 1855 1931 1856 
1925 1927 1932 1931 1849 1933 1931 1855 1849 
1933 1849 1934 1925 1932 1849 1934 1849 1932 
1933 1935 1936 1934 1935 1933 1935 1937 1936 
1852 1857 1928 1928 1857 1858 1928 1858 1930 
1930 1858 1938 1856 1931 1859 1860 1859 1931 
1933 1860 1931 1861 1860 1933 1936 1861 1933 
1863 1939 1940 1861 1939 1863 1861 1937 1939 
1861 1936 1937 1940 1941 1942 1939 1941 1940 
1941 1943 1942 1858 1865 1938 1938 1865 1944 
1863 1940 1866 1867 1866 1940 1942 1867 1940 
1942 1943 1945 1942 1945 1867 1867 1945 1868 
1870 1946 1947 1870 1868 1946 1868 1945 1946 
1947 1948 1949 1946 1948 1947 1948 1950 1949 
1951 1952 1953 1951 1954 1955 1953 1954 1951 
1955 1956 1957 1954 1956 1955 1957 1958 1959 
1956 1958 1957 1959 1960 1961 1958 1960 1959 
1961 1962 1963 1960 1962 1961 1963 1964 1965 
1962 1964 1963 1965 1966 1967 1964 1966 1965 
1967 1966 1944 1967 1944 1872 1872 1944 1865 
1870 1947 1873 1874 1873 1947 1949 1874 1947 
1949 1950 1968 1949 1968 1874 1874 1968 1876 
1952 1951 1878 1952 1878 1968 1968 1878 1876 
1880 1878 1951 1955 1880 1951 1882 1880 1955 
1957 1882 1955 1884 1882 1957 1959 1884 1957 
1886 1884 1959 1961 1886 1959 1888 1886 1961 
1963 1888 1961 1890 1888 1963 1965 1890 1963 
1892 1890 1965 1967 1892 1965 1872 1892 1967 
1969 1970 1971 1969 1972 1973 1970 1969 1973 
1972 1974 1975 1973 1972 1975 1974 1976 1977 
1975 1974 1977 1977 1976 1978 1896 1979 1980 
1897 1896 1980 1898 1981 1896 1896 1981 1979 
1899 1982 1898 1898 1982 1981 1971 1900 1969 
1971 1982 1900 1982 1899 1900 1901 1969 1900 
1972 1969 1901 1902 1972 1901 1974 1972 1902 
1903 1974 1902 1976 1974 1903 1976 1983 1978 
1976 1903 1983 1903 1904 1983 1906 1984 1904 
1904 1984 1983 1907 1985 1986 1907 1986 1906 
1906 1986 1984 1986 1985 1987 1909 1988 1910 
1909 1989 1988 1909 1897 1989 1897 1980 1989 
1907 1911 1985 1912 1990 1991 1911 1912 1991 
1911 1991 1987 1911 1987 1985 1991 1990 1992 
1988 1993 1914 1910 1988 1914 1994 1988 1989 
1993 1988 1994 1912 1915 1990 1990 1995 1992 
1990 1915 1995 1915 1916 1995 1918 1996 1916 
1916 1996 1995 1919 1997 1998 1919 1998 1918 
1918 1998 1996 1998 1997 1999 1920 2000 1921 
1920 2001 2000 1914 2001 1920 1914 2002 2001 
1914 1993 2002 1994 2002 1993 1997 1924 2003 
1919 1924 1997 2004 1999 1997 2004 1997 2005 
2005 1997 2003 2004 2005 2006 1926 2007 1927 
1926 1921 2000 1926 2000 2007 2007 2000 2008 
2009 2000 2001 2008 2000 2009 1924 1929 2003 
1930 2003 1929 1930 2010 2003 2010 2005 2003 
2011 2006 2005 2010 2011 2005 1927 2007 1932 
1934 1932 2007 2008 1934 2007 2008 2009 2012 
2008 2012 1934 1934 2012 1935 1937 2013 2014 
1937 1935 2013 1935 2012 2013 2013 2015 2014 
2010 1938 2016 1930 1938 2010 2017 2011 2010 
2016 2017 2010 1937 2014 1939 2014 2015 2018 
2014 2018 1939 1939 2018 1941 1943 2019 2020 
1943 1941 2019 1941 2018 2019 2019 2021 2020 
2022 2023 2024 2022 2025 2026 2024 2025 2022 
2026 2027 2028 2025 2027 2026 2028 2029 2030 
2027 2029 2028 2030 2031 2032 2029 2031 2030 
2016 2031 2033 2016 1944 2031 2016 1938 1944 
1944 2032 2031 2017 2016 2033 1943 2020 1945 
2020 2021 2034 2020 2034 1945 1945 2034 1946 
1948 1946 2035 1946 2034 2035 1950 2036 2037 
1950 1948 2036 1948 2035 2036 2037 1953 1952 
2037 2036 1953 2036 2038 1953 1954 1953 2039 
1953 2038 2039 1956 1954 2040 1954 2039 2040 
2023 2022 1958 2023 1958 2040 2040 1958 1956 
1960 1958 2022 2026 1960 2022 1962 1960 2026 
2028 1962 2026 1964 1962 2028 2030 1964 2028 
1966 1964 2030 2032 1966 2030 1944 1966 2032 
1950 2037 1968 1952 1968 2037 2041 2042 2043 
2041 2044 2045 2042 2041 2045 2044 1971 1970 
2044 1970 2045 2045 1970 2046 1973 2047 1970 
1970 2047 2046 1975 2048 1973 1973 2048 2047 
1977 2049 1975 1975 2049 2048 1978 2050 2051 
1978 2051 1977 1977 2051 2049 2051 2050 2052 
1979 2053 2054 1980 1979 2054 2043 1981 2041 
2043 2053 1981 2053 1979 1981 1982 2041 1981 
2044 2041 1982 1971 2044 1982 1978 1983 2050 
2050 2055 2052 2050 1983 2055 1983 1984 2055 
1986 2056 1984 1984 2056 2055 2056 1986 1987 
2057 2056 1987 1980 2054 1989 2054 2058 1989 
1987 2059 2057 1991 2059 1987 1992 2060 2061 
1992 2061 1991 1991 2061 2059 2060 2062 2063 
2061 2060 2063 2062 2064 2065 2063 2062 2065 
2065 2064 2066 2067 2068 2069 2067 2058 2068 
2067 1994 2058 1994 1989 2058 1992 1995 2060 
1996 2060 1995 2062 2060 1996 1998 2062 1996 
2064 2062 1998 1999 2070 2071 1998 1999 2071 
1998 2071 2066 1998 2066 2064 2071 2070 2072 
2073 2074 2075 2069 2074 2073 2067 2069 2073 
2067 2073 2001 2067 2001 2002 1994 2067 2002 
1999 2004 2070 2070 2004 2006 2070 2006 2072 
2072 2006 2076 2073 2075 2077 2073 2009 2001 
2073 2078 2009 2073 2077 2078 2079 2009 2078 
2079 2080 2081 2078 2080 2079 2080 2082 2081 
2006 2011 2076 2076 2011 2083 2009 2079 2012 
2013 2012 2079 2081 2013 2079 2015 2084 2085 
2013 2084 2015 2013 2082 2084 2013 2081 2082 
2085 2086 2087 2084 2086 2085 2086 2088 2087 
2089 2090 2091 2089 2092 2093 2091 2092 2089 
2093 2094 2095 2092 2094 2093 2095 2096 2097 
2094 2096 2095 2097 2098 2099 2096 2098 2097 
2099 2098 2083 2099 2083 2017 2017 2083 2011 
2015 2085 2018 2019 2018 2085 2087 2019 2085 
2021 2100 2101 2019 2100 2021 2019 2088 2100 
2019 2087 2088 2101 2102 2103 2100 2102 2101 
2103 2104 2105 2102 2104 2103 2105 2106 2107 
2104 2106 2105 2107 2108 2109 2106 2108 2107 
2109 2110 2111 2108 2110 2109 2111 2024 2023 
2111 2110 2024 2110 2112 2024 2090 2089 2025 
2090 2025 2112 2112 2025 2024 2027 2025 2089 
2093 2027 2089 2029 2027 2093 2095 2029 2093 
2031 2029 2095 2097 2031 2095 2033 2031 2097 
2099 2033 2097 2017 2033 2099 2021 2101 2034 
2035 2034 2101 2103 2035 2101 2036 2035 2103 
2105 2036 2103 2038 2036 2105 2107 2038 2105 
2039 2038 2107 2109 2039 2107 2040 2039 2109 
2111 2040 2109 2023 2040 2111 2113 2114 2115 
2114 2113 2116 2042 2117 2118 2043 2042 2118 
2045 2119 2042 2042 2119 2117 2046 2120 2045 
2045 2120 2119 2047 2121 2046 2046 2121 2120 
2115 2048 2113 2115 2121 2048 2121 2047 2048 
2113 2122 2116 2113 2048 2122 2048 2049 2122 
2051 2123 2049 2049 2123 2122 2123 2051 2052 
2124 2123 2052 2053 2125 2126 2054 2053 2126 
2118 2053 2043 2125 2053 2118 2052 2127 2124 
2055 2127 2052 2056 2128 2055 2055 2128 2127 
2128 2056 2057 2129 2128 2057 2130 2131 2132 
2130 2133 2134 2131 2130 2134 2134 2133 2135 
2054 2126 2058 2126 2136 2058 2057 2137 2129 
2059 2137 2057 2061 2138 2059 2059 2138 2137 
2063 2139 2061 2061 2139 2138 2132 2065 2130 
2132 2139 2065 2139 2063 2065 2066 2130 2065 
2066 2140 2130 2140 2133 2130 2141 2135 2133 
2141 2133 2142 2142 2133 2140 2141 2142 2143 
2068 2144 2069 2068 2145 2144 2068 2058 2145 
2058 2136 2145 2066 2071 2140 2072 2140 2071 
2072 2146 2140 2146 2142 2140 2147 2143 2142 
2146 2147 2142 2074 2148 2075 2074 2069 2144 
2074 2144 2148 2148 2144 2149 2150 2144 2145 
2149 2144 2150 2146 2151 2152 2146 2072 2151 
2072 2076 2151 2147 2146 2152 2075 2148 2077 
2078 2077 2148 2149 2078 2148 2149 2150 2153 
2149 2153 2078 2078 2153 2080 2082 2154 2155 
2082 2080 2154 2080 2153 2154 2154 2156 2155 
2157 2158 2159 2157 2160 2161 2159 2160 2157 
2161 2162 2163 2160 2162 2161 2163 2164 2165 
2162 2164 2163 2165 2164 2151 2165 2151 2083 
2083 2151 2076 2082 2155 2084 2155 2156 2166 
2155 2166 2084 2084 2166 2086 2088 2167 2168 
2088 2086 2167 2086 2166 2167 2167 2169 2168 
2170 2171 2172 2170 2173 2174 2172 2173 2170 
2174 2175 2176 2173 2175 2174 2176 2091 2090 
2176 2175 2091 2175 2177 2091 2158 2157 2092 
2158 2092 2177 2177 2092 2091 2094 2092 2157 
2161 2094 2157 2096 2094 2161 2163 2096 2161 
2098 2096 2163 2165 2098 2163 2083 2098 2165 
2088 2168 2100 2168 2169 2178 2168 2178 2100 
2100 2178 2102 2104 2102 2179 2102 2178 2179 
2106 2104 2180 2104 2179 2180 2171 2170 2108 
2171 2108 2180 2180 2108 2106 2110 2108 2170 
2174 2110 2170 2112 2110 2174 2176 2112 2174 
2090 2112 2176 2181 2182 2183 2181 2115 2114 
2181 2114 2182 2182 2114 2184 2116 2185 2186 
2116 2186 2114 2114 2186 2184 2186 2185 2187 
2117 2188 2189 2118 2117 2189 2119 2190 2117 
2117 2190 2188 2120 2191 2119 2119 2191 2190 
2183 2121 2181 2183 2191 2121 2191 2120 2121 
2115 2181 2121 2116 2122 2185 2185 2192 2187 
2185 2122 2192 2122 2123 2192 2124 2193 2194 
2124 2194 2123 2123 2194 2192 2194 2193 2195 
2125 2196 2197 2126 2125 2197 2189 2125 2118 
2196 2125 2189 2124 2127 2193 2193 2198 2195 
2193 2127 2198 2127 2128 2198 2129 2199 2200 
2129 2200 2128 2128 2200 2198 2199 2201 2202 
2200 2199 2202 2201 2203 2204 2202 2201 2204 
2203 2132 2131 2203 2131 2204 2204 2131 2205 
2134 2206 2131 2131 2206 2205 2135 2207 2208 
2135 2208 2134 2134 2208 2206 2208 2207 2209 
2126 2197 2136 2197 2210 2136 2129 2137 2199 
2138 2199 2137 2201 2199 2138 2139 2201 2138 
2203 2201 2139 2132 2203 2139 2135 2141 2207 
2143 2211 2212 2141 2143 2212 2141 2212 2209 
2141 2209 2207 2212 2211 2213 2136 2210 2145 
2210 2214 2145 2211 2147 2215 2143 2147 2211 
2216 2213 2211 2215 2216 2211 2217 2218 2150 
2217 2150 2214 2214 2150 2145 2217 2219 2218 
2220 2221 2222 2220 2223 2224 2222 2223 2220 
2224 2225 2226 2223 2225 2224 2226 2152 2151 
2226 2225 2152 2225 2227 2152 2215 2147 2152 
2215 2152 2228 2228 2152 2227 2216 2215 2228 
2150 2218 2153 2218 2219 2229 2218 2229 2153 
2153 2229 2154 2156 2230 2231 2156 2154 2230 
2154 2229 2230 2230 2232 2231 2233 2234 2235 
2233 2236 2237 2235 2236 2233 2237 2159 2158 
2237 2236 2159 2236 2238 2159 2221 2220 2160 
2221 2160 2238 2238 2160 2159 2162 2160 2220 
2224 2162 2220 2164 2162 2224 2226 2164 2224 
2151 2164 2226 2156 2231 2166 2231 2232 2239 
2231 2239 2166 2166 2239 2167 2169 2240 2241 
2169 2167 2240 2167 2239 2240 2241 2242 2243 
2240 2242 2241 2243 2244 2245 2242 2244 2243 
2245 2172 2171 2245 2244 2172 2244 2246 2172 
2173 2172 2247 2172 2246 2247 2234 2233 2175 
2234 2175 2247 2247 2175 2173 2177 2175 2233 
2237 2177 2233 2158 2177 2237 2169 2241 2178 
2179 2178 2241 2243 2179 2241 2180 2179 2243 
2245 2180 2243 2171 2180 2245 2248 2249 2250 
2249 2248 2251 2252 2253 2254 2252 2183 2182 
2252 2182 2253 2253 2182 2255 2250 2184 2248 
2250 2255 2184 2255 2182 2184 2248 2256 2251 
2248 2184 2256 2184 2186 2256 2187 2257 2258 
2187 2258 2186 2186 2258 2256 2258 2257 2259 
2260 2261 2262 2261 2260 2263 2188 2264 2265 
2189 2188 2265 2190 2266 2188 2188 2266 2264 
2254 2191 2252 2254 2266 2191 2266 2190 2191 
2183 2252 2191 2187 2192 2257 2257 2267 2259 
2257 2192 2267 2192 2194 2267 2195 2268 2269 
2195 2269 2194 2194 2269 2267 2268 2270 2271 
2269 2268 2271 2270 2272 2273 2271 2270 2273 
2272 2274 2275 2273 2272 2275 2274 2276 2277 
2275 2274 2277 2276 2278 2279 2277 2276 2279 
2262 2279 2278 2262 2278 2260 2260 2278 2280 
2281 2263 2260 2281 2260 2282 2282 2260 2280 
2281 2282 2283 2196 2284 2285 2197 2196 2285 
2265 2196 2189 2284 2196 2265 2195 2198 2268 
2200 2268 2198 2270 2268 2200 2202 2270 2200 
2272 2270 2202 2204 2272 2202 2274 2272 2204 
2205 2274 2204 2276 2274 2205 2206 2276 2205 
2278 2276 2206 2208 2278 2206 2280 2278 2208 
2209 2280 2208 2209 2286 2280 2286 2282 2280 
2287 2283 2282 2287 2282 2288 2288 2282 2286 
2287 2288 2289 2197 2285 2210 2285 2290 2210 
2209 2212 2286 2213 2286 2212 2213 2291 2286 
2291 2288 2286 2292 2289 2288 2291 2292 2288 
2293 2294 2214 2293 2214 2290 2290 2214 2210 
2293 2295 2294 2296 2297 2298 2296 2299 2300 
2298 2299 2296 2300 2301 2302 2299 2301 2300 
2302 2303 2304 2301 2303 2302 2291 2303 2305 
2291 2216 2303 2291 2213 2216 2216 2304 2303 
2292 2291 2305 2214 2294 2217 2219 2306 2307 
2217 2306 2219 2217 2295 2306 2217 2294 2295 
2307 2308 2309 2306 2308 2307 2308 2310 2309 
2311 2312 2313 2311 2314 2315 2313 2314 2311 
2315 2222 2221 2315 2314 2222 2314 2316 2222 
2297 2296 2223 2297 2223 2316 2316 2223 2222 
2225 2223 2296 2300 2225 2296 2227 2225 2300 
2302 2227 2300 2228 2227 2302 2304 2228 2302 
2216 2228 2304 2219 2307 2229 2230 2229 2307 
2309 2230 2307 2232 2317 2318 2230 2317 2232 
2230 2310 2317 2230 2309 2310 2318 2319 2320 
2317 2319 2318 2320 2321 2322 2319 2321 2320 
2322 2323 2324 2321 2323 2322 2324 2325 2326 
2323 2325 2324 2326 2327 2328 2325 2327 2326 
2328 2235 2234 2328 2327 2235 2327 2329 2235 
2312 2311 2236 2312 2236 2329 2329 2236 2235 
2238 2236 2311 2315 2238 2311 2221 2238 2315 
2232 2318 2239 2240 2239 2318 2320 2240 2318 
2242 2240 2320 2322 2242 2320 2244 2242 2322 
2324 2244 2322 2246 2244 2324 2326 2246 2324 
2247 2246 2326 2328 2247 2326 2234 2247 2328 
2249 2330 2331 2250 2249 2331 2251 2332 2333 
2251 2333 2249 2249 2333 2330 2332 2334 2335 
2333 2332 2335 2335 2334 2336 2337 2338 2339 
2338 2337 2340 2253 2341 2342 2254 2253 2342 
2255 2343 2253 2253 2343 2341 2331 2255 2250 
2343 2255 2331 2251 2256 2332 2258 2332 2256 
2334 2332 2258 2259 2344 2345 2258 2259 2345 
2258 2345 2336 2258 2336 2334 2344 2346 2347 
2345 2344 2347 2346 2348 2349 2347 2346 2349 
2348 2350 2351 2349 2348 2351 2350 2352 2353 
2351 2350 2353 2352 2354 2355 2353 2352 2355 
2354 2356 2357 2355 2354 2357 2356 2262 2261 
2356 2261 2357 2357 2261 2358 2263 2359 2337 
2263 2337 2358 2263 2358 2261 2358 2337 2339 
2360 2340 2337 2360 2337 2361 2361 2337 2359 
2360 2361 2362 2264 2363 2364 2265 2264 2364 
2266 2365 2264 2264 2365 2363 2342 2266 2254 
2365 2266 2342 2259 2267 2344 2269 2344 2267 
2346 2344 2269 2271 2346 2269 2348 2346 2271 
2273 2348 2271 2350 2348 2273 2275 2350 2273 
2352 2350 2275 2277 2352 2275 2354 2352 2277 
2279 2354 2277 2356 2354 2279 2262 2356 2279 
2263 2281 2359 2283 2359 2281 2283 2366 2359 
2366 2361 2359 2367 2362 2361 2367 2361 2368 
2368 2361 2366 2367 2368 2369 2284 2370 2285 
2284 2371 2370 2284 2265 2371 2265 2364 2371 
2283 2287 2366 2289 2366 2287 2289 2372 2366 
2372 2368 2366 2373 2369 2368 2372 2373 2368 
2370 2374 2290 2285 2370 2290 2375 2370 2371 
2374 2370 2375 2376 2377 2378 2376 2379 2380 
2378 2379 2376 2380 2381 2382 2379 2381 2380 
2382 2383 2384 2381 2383 2382 2372 2383 2385 
2372 2292 2383 2372 2289 2292 2292 2384 2383 
2373 2372 2385 2290 2374 2293 2295 2386 2387 
2293 2386 2295 2293 2375 2386 2293 2374 2375 
2387 2388 2389 2386 2388 2387 2388 2390 2389 
2391 2392 2393 2391 2394 2395 2393 2394 2391 
2395 2396 2397 2394 2396 2395 2397 2298 2297 
2397 2396 2298 2396 2398 2298 2377 2376 2299 
2377 2299 2398 2398 2299 2298 2301 2299 2376 
2380 2301 2376 2303 2301 2380 2382 2303 2380 
2305 2303 2382 2384 2305 2382 2292 2305 2384 
2295 2387 2306 2308 2306 2387 2389 2308 2387 
2310 2399 2400 2308 2399 2310 2308 2390 2399 
2308 2389 2390 2400 2401 2402 2399 2401 2400 
2402 2403 2404 2401 2403 2402 2404 2405 2406 
2403 2405 2404 2406 2407 2408 2405 2407 2406 
2408 2409 2410 2407 2409 2408 2410 2411 2412 
2409 2411 2410 2392 2412 2411 2391 2412 2392 
2391 2312 2412 2391 2313 2312 2314 2313 2391 
2395 2314 2391 2316 2314 2395 2397 2316 2395 
2297 2316 2397 2310 2400 2317 2319 2317 2400 
2402 2319 2400 2321 2319 2402 2404 2321 2402 
2323 2321 2404 2406 2323 2404 2325 2323 2406 
2408 2325 2406 2327 2325 2408 2410 2327 2408 
2329 2327 2410 2412 2329 2410 2312 2329 2412 
2413 2414 2415 2413 2416 2417 2414 2413 2417 
2417 2416 2418 2419 2420 2421 2419 2331 2330 
2419 2330 2420 2420 2330 2422 2415 2333 2413 
2415 2422 2333 2422 2330 2333 2335 2413 2333 
2416 2413 2335 2336 2423 2424 2335 2336 2424 
2335 2424 2418 2335 2418 2416 2423 2425 2426 
2424 2423 2426 2425 2427 2428 2426 2425 2428 
2427 2429 2430 2428 2427 2430 2429 2431 2432 
2430 2429 2432 2431 2433 2434 2432 2431 2434 
2433 2435 2436 2434 2433 2436 2435 2437 2438 
2436 2435 2438 2437 2339 2338 2437 2338 2438 
2438 2338 2439 2340 2440 2441 2340 2441 2338 
2338 2441 2439 2441 2440 2442 2443 2444 2445 
2443 2342 2341 2443 2341 2444 2444 2341 2446 
2421 2343 2419 2421 2446 2343 2446 2341 2343 
2331 2419 2343 2336 2345 2423 2347 2423 2345 
2425 2423 2347 2349 2425 2347 2427 2425 2349 
2351 2427 2349 2429 2427 2351 2353 2429 2351 
2431 2429 2353 2355 2431 2353 2433 2431 2355 
2357 2433 2355 2435 2433 2357 2358 2435 2357 
2437 2435 2358 2339 2437 2358 2340 2360 2440 
2362 2447 2448 2360 2362 2448 2360 2448 2442 
2360 2442 2440 2448 2447 2449 2363 2450 2451 
2364 2363 2451 2445 2365 2443 2445 2450 2365 
2450 2363 2365 2342 2443 2365 2362 2367 2447 
2447 2367 2369 2447 2369 2449 2449 2369 2452 
2453 2454 2455 2453 2451 2454 2453 2371 2451 
2371 2364 2451 2456 2457 2458 2456 2459 2460 
2458 2459 2456 2460 2461 2462 2459 2461 2460 
2462 2463 2464 2461 2463 2462 2464 2465 2466 
2463 2465 2464 2466 2465 2452 2466 2452 2373 
2373 2452 2369 2453 2455 2467 2453 2375 2371 
2453 2468 2375 2453 2467 2468 2469 2375 2468 
2469 2470 2471 2468 2470 2469 2470 2472 2471 
2473 2474 2475 2473 2476 2477 2475 2476 2473 
2477 2478 2479 2476 2478 2477 2457 2479 2478 
2456 2479 2457 2456 2377 2479 2456 2378 2377 
2379 2378 2456 2460 2379 2456 2381 2379 2460 
2462 2381 2460 2383 2381 2462 2464 2383 2462 
2385 2383 2464 2466 2385 2464 2373 2385 2466 
2375 2469 2386 2388 2386 2469 2471 2388 2469 
2390 2480 2481 2388 2480 2390 2388 2472 2480 
2388 2471 2472 2481 2482 2483 2480 2482 2481 
2483 2484 2485 2482 2484 2483 2485 2486 2487 
2484 2486 2485 2487 2488 2489 2486 2488 2487 
2489 2490 2491 2488 2490 2489 2491 2492 2493 
2490 2492 2491 2493 2393 2392 2493 2492 2393 
2492 2494 2393 2474 2473 2394 2474 2394 2494 
2494 2394 2393 2396 2394 2473 2477 2396 2473 
2398 2396 2477 2479 2398 2477 2377 2398 2479 
2390 2481 2399 2401 2399 2481 2483 2401 2481 
2403 2401 2483 2485 2403 2483 2405 2403 2485 
2487 2405 2485 2407 2405 2487 2489 2407 2487 
2409 2407 2489 2491 2409 2489 2411 2409 2491 
2493 2411 2491 2392 2411 2493 2495 2496 2497 
2495 2498 2499 2496 2495 2499 2499 2498 2500 
2501 2502 2503 2497 2502 2501 2495 2497 2501 
2495 2501 2415 2495 2415 2414 2417 2495 2414 
2498 2495 2417 2418 2504 2505 2417 2418 2505 
2417 2505 2500 2417 2500 2498 2504 2506 2507 
2505 2504 2507 2506 2508 2509 2507 2506 2509 
2508 2510 2511 2509 2508 2511 2510 2512 2513 
2511 2510 2513 2512 2514 2515 2513 2512 2515 
2514 2516 2517 2515 2514 2517 2516 2518 2519 
2517 2516 2519 2518 2520 2521 2519 2518 2521 
2520 2522 2523 2521 2520 2523 2522 2524 2525 
2523 2522 2525 2525 2524 2526 2420 2527 2528 
2421 2420 2528 2503 2422 2501 2503 2527 2422 
2527 2420 2422 2415 2501 2422 2418 2424 2504 
2426 2504 2424 2506 2504 2426 2428 2506 2426 
2508 2506 2428 2430 2508 2428 2510 2508 2430 
2432 2510 2430 2512 2510 2432 2434 2512 2432 
2514 2512 2434 2436 2514 2434 2516 2514 2436 
2438 2516 2436 2518 2516 2438 2439 2518 2438 
2520 2518 2439 2441 2520 2439 2522 2520 2441 
2442 2522 2441 2442 2529 2522 2529 2524 2522 
2530 2526 2524 2529 2530 2524 2444 2531 2445 
2532 2531 2444 2532 2444 2533 2533 2444 2446 
2528 2446 2421 2533 2446 2528 2442 2448 2529 
2529 2448 2449 2529 2449 2530 2530 2449 2534 
2450 2535 2536 2451 2450 2536 2531 2450 2445 
2531 2537 2450 2537 2535 2450 2532 2537 2531 
2538 2539 2540 2538 2541 2542 2540 2541 2538 
2542 2543 2544 2541 2543 2542 2544 2545 2546 
2543 2545 2544 2546 2547 2548 2545 2547 2546 
2548 2547 2534 2548 2534 2452 2452 2534 2449 
2454 2549 2455 2550 2451 2536 2550 2549 2451 
2550 2551 2549 2549 2454 2451 2551 2552 2553 
2550 2552 2551 2552 2554 2553 2555 2556 2557 
2555 2558 2559 2557 2558 2555 2559 2560 2561 
2558 2560 2559 2539 2561 2560 2538 2561 2539 
2538 2457 2561 2538 2458 2457 2459 2458 2538 
2542 2459 2538 2461 2459 2542 2544 2461 2542 
2463 2461 2544 2546 2463 2544 2465 2463 2546 
2548 2465 2546 2452 2465 2548 2455 2549 2467 
2468 2467 2549 2551 2468 2549 2470 2468 2551 
2553 2470 2551 2472 2562 2563 2470 2562 2472 
2470 2554 2562 2470 2553 2554 2563 2564 2565 
2562 2564 2563 2564 2566 2565 2567 2568 2569 
2567 2570 2571 2569 2570 2567 2571 2572 2573 
2570 2572 2571 2556 2573 2572 2555 2573 2556 
2555 2474 2573 2555 2475 2474 2476 2475 2555 
2559 2476 2555 2478 2476 2559 2561 2478 2559 
2457 2478 2561 2472 2563 2480 2482 2480 2563 
2565 2482 2563 2565 2566 2574 2565 2574 2482 
2482 2574 2484 2486 2484 2575 2484 2574 2575 
2488 2486 2576 2486 2575 2576 2568 2567 2490 
2568 2490 2576 2576 2490 2488 2492 2490 2567 
2571 2492 2567 2494 2492 2571 2573 2494 2571 
2474 2494 2573 2577 2578 2579 2578 2577 2580 
2581 2582 2583 2579 2582 2581 2579 2581 2577 
2577 2581 2584 2585 2580 2577 2585 2577 2586 
2586 2577 2584 2586 2587 2588 2585 2586 2588 
2588 2587 2589 2496 2581 2583 2496 2583 2497 
2497 2583 2590 2499 2581 2496 2584 2581 2499 
2500 2584 2499 2500 2591 2584 2591 2586 2584 
2587 2586 2592 2592 2586 2591 2593 2589 2587 
2593 2587 2594 2594 2587 2592 2594 2595 2596 
2593 2594 2596 2595 2597 2598 2596 2595 2598 
2597 2599 2600 2598 2597 2600 2599 2601 2602 
2600 2599 2602 2601 2603 2604 2602 2601 2604 
2603 2605 2606 2604 2603 2606 2605 2607 2608 
2606 2605 2608 2607 2609 2610 2608 2607 2610 
2609 2611 2612 2610 2609 2612 2612 2611 2613 
2502 2614 2615 2503 2502 2615 2590 2502 2497 
2614 2502 2590 2500 2505 2591 2507 2591 2505 
2592 2591 2507 2509 2592 2507 2594 2592 2509 
2511 2594 2509 2595 2594 2511 2513 2595 2511 
2597 2595 2513 2515 2597 2513 2599 2597 2515 
2517 2599 2515 2601 2599 2517 2519 2601 2517 
2603 2601 2519 2521 2603 2519 2605 2603 2521 
2523 2605 2521 2607 2605 2523 2525 2607 2523 
2609 2607 2525 2526 2609 2525 2526 2616 2609 
2616 2611 2609 2617 2613 2611 2616 2617 2611 
2527 2618 2619 2528 2527 2619 2615 2527 2503 
2618 2527 2615 2616 2530 2620 2526 2530 2616 
2621 2617 2616 2620 2621 2616 2622 2623 2624 
2622 2532 2533 2622 2533 2623 2623 2533 2625 
2619 2533 2528 2625 2533 2619 2626 2627 2628 
2626 2629 2630 2628 2629 2626 2630 2631 2632 
2629 2631 2630 2632 2633 2634 2631 2633 2632 
2634 2635 2636 2633 2635 2634 2620 2635 2637 
2620 2534 2635 2620 2530 2534 2534 2636 2635 
2621 2620 2637 2535 2638 2536 2639 2638 2535 
2639 2535 2537 2622 2624 2640 2640 2532 2622 
2640 2641 2532 2537 2532 2639 2639 2532 2641 
2642 2643 2644 2642 2645 2646 2644 2645 2642 
2627 2646 2645 2626 2646 2627 2626 2539 2646 
2626 2540 2539 2541 2540 2626 2630 2541 2626 
2543 2541 2630 2632 2543 2630 2545 2543 2632 
2634 2545 2632 2547 2545 2634 2636 2547 2634 
2534 2547 2636 2536 2638 2550 2552 2550 2638 
2639 2552 2638 2554 2647 2648 2552 2647 2554 
2552 2641 2647 2552 2639 2641 2648 2649 2650 
2647 2649 2648 2649 2651 2650 2652 2653 2654 
2652 2557 2556 2652 2654 2557 2654 2655 2557 
2643 2642 2558 2643 2558 2655 2655 2558 2557 
2560 2558 2642 2646 2560 2642 2539 2560 2646 
2554 2648 2562 2564 2562 2648 2650 2564 2648 
2566 2656 2657 2564 2656 2566 2564 2651 2656 
2564 2650 2651 2657 2658 2659 2656 2658 2657 
2659 2660 2661 2658 2660 2659 2661 2569 2568 
2661 2660 2569 2660 2662 2569 2570 2569 2663 
2569 2662 2663 2653 2652 2572 2653 2572 2663 
2663 2572 2570 2556 2572 2652 2566 2657 2574 
2575 2574 2657 2659 2575 2657 2576 2575 2659 
2661 2576 2659 2568 2576 2661 2664 2665 2666 
2665 2664 2667 2668 2669 2670 2666 2669 2668 
2664 2666 2668 2664 2668 2579 2664 2579 2578 
2580 2671 2672 2578 2580 2672 2578 2672 2667 
2578 2667 2664 2671 2673 2674 2672 2671 2674 
2673 2675 2676 2674 2673 2676 2675 2677 2678 
2676 2675 2678 2677 2679 2680 2678 2677 2680 
2679 2681 2682 2680 2679 2682 2681 2683 2684 
2682 2681 2684 2683 2685 2686 2684 2683 2686 
2685 2687 2688 2686 2685 2688 2688 2687 2689 
2582 2668 2670 2582 2670 2583 2583 2670 2690 
2579 2668 2582 2580 2585 2671 2588 2671 2585 
2673 2671 2588 2589 2673 2588 2589 2691 2673 
2691 2675 2673 2677 2675 2692 2692 2675 2691 
2679 2677 2693 2693 2677 2692 2681 2679 2694 
2694 2679 2693 2683 2681 2695 2695 2681 2694 
2685 2683 2696 2696 2683 2695 2687 2685 2697 
2697 2685 2696 2698 2689 2687 2698 2687 2699 
2699 2687 2697 2699 2700 2701 2698 2699 2701 
2700 2702 2703 2701 2700 2703 2703 2702 2704 
2705 2706 2707 2705 2690 2706 2705 2590 2690 
2590 2583 2690 2589 2593 2691 2596 2691 2593 
2692 2691 2596 2598 2692 2596 2693 2692 2598 
2600 2693 2598 2694 2693 2600 2602 2694 2600 
2695 2694 2602 2604 2695 2602 2696 2695 2604 
2606 2696 2604 2697 2696 2606 2608 2697 2606 
2699 2697 2608 2610 2699 2608 2700 2699 2610 
2612 2700 2610 2702 2700 2612 2702 2612 2613 
2702 2613 2704 2704 2613 2708 2614 2705 2707 
2614 2707 2615 2615 2707 2709 2590 2705 2614 
2613 2617 2708 2708 2617 2710 2618 2711 2712 
2619 2618 2712 2709 2618 2615 2711 2618 2709 
2713 2714 2715 2713 2716 2717 2715 2716 2713 
2717 2718 2719 2716 2718 2717 2719 2720 2721 
2718 2720 2719 2721 2722 2723 2720 2722 2721 
2723 2724 2725 2722 2724 2723 2725 2724 2710 
2725 2710 2621 2621 2710 2617 2623 2726 2727 
2624 2623 2727 2625 2728 2623 2623 2728 2726 
2712 2625 2619 2728 2625 2712 2729 2730 2731 
2729 2732 2733 2731 2732 2729 2714 2733 2732 
2713 2733 2714 2713 2627 2733 2713 2628 2627 
2629 2628 2713 2717 2629 2713 2631 2629 2717 
2719 2631 2717 2633 2631 2719 2721 2633 2719 
2635 2633 2721 2723 2635 2721 2637 2635 2723 
2725 2637 2723 2621 2637 2725 2624 2727 2734 
2640 2624 2734 2641 2735 2736 2641 2640 2735 
2640 2734 2735 2735 2737 2736 2738 2739 2740 
2738 2741 2742 2740 2741 2738 2742 2743 2744 
2741 2743 2742 2730 2744 2743 2729 2744 2730 
2729 2643 2744 2729 2644 2643 2645 2644 2729 
2733 2645 2729 2627 2645 2733 2641 2736 2647 
2736 2737 2745 2736 2745 2647 2647 2745 2649 
2651 2746 2747 2651 2649 2746 2649 2745 2746 
2747 2748 2749 2746 2748 2747 2749 2750 2751 
2748 2750 2749 2751 2752 2753 2750 2752 2751 
2739 2753 2752 2739 2738 2753 2738 2754 2753 
2654 2653 2754 2654 2754 2742 2742 2754 2738 
2655 2654 2742 2744 2655 2742 2643 2655 2744 
2651 2747 2656 2658 2656 2747 2749 2658 2747 
2660 2658 2749 2751 2660 2749 2662 2660 2751 
2753 2662 2751 2663 2662 2753 2754 2663 2753 
2653 2663 2754 2755 2756 2757 2755 2758 2759 
2756 2755 2759 2758 2760 2761 2759 2758 2761 
2760 2762 2763 2761 2760 2763 2763 2762 2764 
2765 2766 2767 2757 2766 2765 2757 2765 2755 
2755 2765 2768 2758 2755 2769 2769 2755 2768 
2760 2758 2770 2770 2758 2769 2762 2760 2771 
2771 2760 2770 2772 2764 2762 2772 2762 2773 
2773 2762 2771 2773 2774 2775 2772 2773 2775 
2774 2776 2777 2775 2774 2777 2777 2776 2778 
2779 2780 2781 2779 2782 2783 2780 2779 2783 
2767 2783 2782 2767 2782 2765 2765 2782 2784 
2768 2765 2785 2785 2765 2784 2769 2768 2786 
2786 2768 2785 2770 2769 2787 2787 2769 2786 
2771 2770 2788 2788 2770 2787 2773 2771 2789 
2789 2771 2788 2774 2773 2790 2790 2773 2789 
2776 2774 2791 2791 2774 2790 2792 2778 2776 
2791 2792 2776 2793 2794 2795 2793 2796 2797 
2794 2793 2797 2796 2798 2799 2797 2796 2799 
2781 2799 2798 2781 2798 2779 2779 2798 2800 
2782 2779 2801 2801 2779 2800 2784 2782 2802 
2802 2782 2801 2785 2784 2803 2803 2784 2802 
2786 2785 2804 2804 2785 2803 2787 2786 2805 
2805 2786 2804 2788 2787 2806 2806 2787 2805 
2789 2788 2807 2807 2788 2806 2790 2789 2808 
2808 2789 2807 2791 2790 2809 2809 2790 2808 
2810 2792 2791 2810 2791 2811 2811 2791 2809 
2810 2811 2812 2665 2813 2814 2666 2665 2814 
2667 2815 2793 2667 2793 2813 2667 2813 2665 
2813 2793 2795 2796 2793 2816 2816 2793 2815 
2798 2796 2817 2817 2796 2816 2800 2798 2818 
2818 2798 2817 2801 2800 2819 2819 2800 2818 
2802 2801 2820 2820 2801 2819 2803 2802 2821 
2821 2802 2820 2804 2803 2822 2822 2803 2821 
2805 2804 2823 2823 2804 2822 2806 2805 2824 
2824 2805 2823 2807 2806 2825 2825 2806 2824 
2808 2807 2826 2826 2807 2825 2809 2808 2827 
2827 2808 2826 2811 2809 2828 2828 2809 2827 
2829 2812 2811 2828 2829 2811 2669 2830 2831 
2670 2669 2831 2814 2669 2666 2830 2669 2814 
2667 2672 2815 2674 2815 2672 2816 2815 2674 
2676 2816 2674 2817 2816 2676 2678 2817 2676 
2818 2817 2678 2680 2818 2678 2819 2818 2680 
2682 2819 2680 2820 2819 2682 2684 2820 2682 
2821 2820 2684 2686 2821 2684 2822 2821 2686 
2688 2822 2686 2823 2822 2688 2689 2823 2688 
2689 2832 2823 2832 2824 2823 2825 2824 2833 
2833 2824 2832 2826 2825 2834 2834 2825 2833 
2827 2826 2835 2835 2826 2834 2836 2837 2828 
2836 2828 2835 2835 2828 2827 2829 2828 2837 
2670 2831 2690 2831 2838 2690 2689 2698 2832 
2701 2832 2698 2833 2832 2701 2703 2833 2701 
2834 2833 2703 2704 2834 2703 2704 2839 2834 
2839 2835 2834 2840 2836 2835 2839 2840 2835 
2706 2841 2842 2707 2706 2842 2838 2706 2690 
2841 2706 2838 2839 2708 2843 2704 2708 2839 
2844 2840 2839 2843 2844 2839 2845 2846 2847 
2845 2842 2846 2845 2709 2842 2709 2707 2842 
2848 2849 2850 2848 2851 2852 2850 2851 2848 
2852 2853 2854 2851 2853 2852 2854 2855 2856 
2853 2855 2854 2856 2857 2858 2855 2857 2856 
2858 2859 2860 2857 2859 2858 2843 2859 2861 
2843 2710 2859 2843 2708 2710 2710 2860 2859 
2844 2843 2861 2862 2863 2864 2847 2863 2862 
2845 2847 2862 2845 2862 2712 2845 2712 2711 
2709 2845 2711 2865 2866 2867 2865 2868 2869 
2867 2868 2865 2849 2869 2868 2848 2869 2849 
2848 2714 2869 2848 2715 2714 2716 2715 2848 
2852 2716 2848 2718 2716 2852 2854 2718 2852 
2720 2718 2854 2856 2720 2854 2722 2720 2856 
2858 2722 2856 2724 2722 2858 2860 2724 2858 
2710 2724 2860 2726 2870 2727 2871 2870 2726 
2871 2726 2728 2862 2864 2872 2871 2712 2873 
2871 2728 2712 2873 2712 2874 2862 2872 2712 
2874 2712 2872 2874 2875 2873 2876 2877 2878 
2876 2879 2880 2878 2879 2876 2880 2881 2882 
2879 2881 2880 2866 2882 2881 2865 2882 2866 
2865 2730 2882 2865 2731 2730 2732 2731 2865 
2869 2732 2865 2714 2732 2869 2727 2870 2734 
2735 2734 2870 2871 2735 2870 2737 2735 2871 
2737 2871 2883 2883 2871 2873 2884 2873 2875 
2884 2885 2873 2885 2883 2873 2885 2886 2887 
2884 2886 2885 2887 2888 2889 2886 2888 2887 
2889 2890 2891 2888 2890 2889 2877 2891 2890 
2876 2891 2877 2876 2739 2891 2876 2740 2739 
2741 2740 2876 2880 2741 2876 2743 2741 2880 
2882 2743 2880 2730 2743 2882 2737 2883 2745 
2746 2745 2883 2885 2746 2883 2748 2746 2885 
2887 2748 2885 2750 2748 2887 2889 2750 2887 
2752 2750 2889 2891 2752 2889 2739 2752 2891 
2892 2893 2894 2892 2895 2896 2893 2892 2896 
2895 2757 2756 2895 2756 2896 2896 2756 2897 
2759 2898 2756 2756 2898 2897 2761 2899 2759 
2759 2899 2898 2763 2900 2761 2761 2900 2899 
2764 2901 2902 2764 2902 2763 2763 2902 2900 
2901 2903 2904 2902 2901 2904 2904 2903 2905 
2906 2907 2908 2906 2909 2910 2907 2906 2910 
2894 2910 2909 2894 2909 2892 2892 2909 2911 
2766 2911 2767 2766 2895 2911 2895 2892 2911 
2757 2895 2766 2764 2772 2901 2775 2901 2772 
2903 2901 2775 2903 2912 2905 2903 2775 2912 
2775 2777 2912 2778 2913 2914 2778 2914 2777 
2777 2914 2912 2913 2915 2916 2914 2913 2916 
2916 2915 2917 2918 2919 2920 2918 2921 2922 
2919 2918 2922 2908 2922 2921 2908 2921 2906 
2906 2921 2923 2780 2923 2781 2780 2909 2923 
2909 2906 2923 2783 2909 2780 2911 2909 2783 
2767 2911 2783 2913 2792 2924 2778 2792 2913 
2925 2926 2915 2925 2915 2924 2924 2915 2913 
2917 2915 2926 2927 2928 2929 2920 2928 2927 
2918 2920 2927 2918 2927 2795 2918 2795 2794 
2797 2918 2794 2921 2918 2797 2799 2921 2797 
2923 2921 2799 2781 2923 2799 2792 2810 2924 
2924 2810 2812 2924 2812 2925 2925 2812 2930 
2931 2932 2933 2929 2932 2931 2927 2929 2931 
2927 2931 2814 2927 2814 2813 2795 2927 2813 
2812 2829 2930 2930 2829 2934 2830 2931 2933 
2830 2933 2831 2831 2933 2935 2814 2931 2830 
2837 2836 2936 2837 2936 2937 2837 2937 2829 
2829 2937 2934 2831 2935 2838 2935 2938 2838 
2939 2940 2941 2939 2942 2943 2941 2942 2939 
2942 2944 2943 2936 2945 2946 2936 2836 2945 
2836 2840 2945 2937 2936 2946 2841 2947 2948 
2842 2841 2948 2938 2841 2838 2947 2841 2938 
2949 2950 2951 2949 2952 2953 2951 2952 2949 
2953 2954 2955 2952 2954 2953 2940 2955 2954 
2940 2939 2955 2939 2956 2955 2943 2957 2939 
2957 2956 2939 2958 2943 2944 2958 2959 2943 
2959 2957 2943 2959 2960 2961 2958 2960 2959 
2961 2960 2945 2961 2945 2844 2844 2945 2840 
2846 2962 2963 2847 2846 2963 2948 2846 2842 
2962 2846 2948 2964 2965 2966 2964 2967 2968 
2966 2967 2964 2950 2968 2967 2949 2968 2950 
2949 2849 2968 2949 2850 2849 2851 2850 2949 
2953 2851 2949 2853 2851 2953 2955 2853 2953 
2855 2853 2955 2956 2855 2955 2857 2855 2956 
2957 2857 2956 2859 2857 2957 2959 2859 2957 
2861 2859 2959 2961 2861 2959 2844 2861 2961 
2863 2969 2864 2970 2847 2963 2970 2969 2847 
2970 2971 2969 2969 2863 2847 2971 2972 2973 
2970 2972 2971 2972 2974 2973 2975 2976 2977 
2975 2978 2979 2977 2978 2975 2979 2980 2981 
2978 2980 2979 2965 2981 2980 2964 2981 2965 
2964 2866 2981 2964 2867 2866 2868 2867 2964 
2968 2868 2964 2849 2868 2968 2864 2969 2872 
2874 2872 2969 2971 2874 2969 2875 2874 2971 
2875 2971 2982 2982 2971 2973 2983 2973 2974 
2983 2984 2973 2984 2982 2973 2984 2985 2986 
2983 2985 2984 2986 2987 2988 2985 2987 2986 
2976 2988 2987 2975 2988 2976 2975 2877 2988 
2975 2878 2877 2879 2878 2975 2979 2879 2975 
2881 2879 2979 2981 2881 2979 2866 2881 2981 
2875 2982 2884 2886 2884 2982 2984 2886 2982 
2888 2886 2984 2986 2888 2984 2890 2888 2986 
2988 2890 2986 2877 2890 2988 2893 2989 2894 
2990 2989 2893 2990 2893 2991 2991 2893 2896 
2897 2992 2896 2896 2992 2991 2898 2993 2897 
2897 2993 2992 2899 2994 2898 2898 2994 2993 
2900 2995 2899 2899 2995 2994 2902 2996 2900 
2900 2996 2995 2904 2997 2902 2902 2997 2996 
2905 2998 2999 2905 2999 2904 2904 2999 2997 
2998 3000 3001 2999 2998 3001 3000 3002 3003 
3001 3000 3003 3003 3002 3004 3005 3006 3007 
3005 3008 3009 3006 3005 3009 3008 2908 2907 
3008 2907 3009 3009 2907 3010 2910 3011 2907 
2907 3011 3010 2989 2910 2894 2989 3012 2910 
3012 3011 2910 2990 3012 2989 2905 2912 2998 
2914 2998 2912 3000 2998 2914 2916 3013 2914 
2916 3014 3013 2914 3013 3000 3015 3002 3013 
3000 3013 3002 3002 3015 3004 2916 2917 3014 
3016 3017 3018 3007 3017 3016 3005 3007 3016 
3005 3016 2920 3005 2920 2919 2922 3005 2919 
3008 3005 2922 2908 3008 2922 2926 3013 3014 
2926 2925 3013 2925 3019 3013 2917 2926 3014 
2928 3016 3018 2928 3018 2929 2929 3018 3020 
2920 3016 2928 3021 2930 3022 3021 3019 2930 
3019 2925 2930 3021 3022 3023 2932 3024 3025 
2933 2932 3025 3020 2932 2929 3024 2932 3020 
3022 3026 3027 3022 2930 3026 2930 2934 3026 
3023 3022 3027 2933 3025 2935 3025 3028 2935 
3029 3030 3031 3029 3032 3033 3031 3032 3029 
3033 3034 3035 3032 3034 3033 3035 3036 3037 
3034 3036 3035 3036 3038 3037 3039 3040 3041 
3039 3041 3026 3039 3026 2937 2937 3026 2934 
3042 3043 3044 3042 3028 3043 3042 2938 3028 
2938 2935 3028 3045 3046 3047 3045 3048 3049 
3047 3048 3045 3030 3049 3048 3030 3029 3049 
3029 3050 3049 2941 2940 3050 2941 3050 3033 
3033 3050 3029 2942 2941 3033 3035 2942 3033 
2944 2942 3035 2944 3035 3051 3051 3035 3037 
3052 3037 3038 3052 3053 3037 3053 3051 3037 
3040 3053 3052 3039 3053 3040 3039 2945 3053 
3039 2946 2945 2937 2946 3039 2947 3042 3044 
2947 3044 2948 2948 3044 3054 2938 3042 2947 
3055 3056 3057 3055 3058 3059 3057 3058 3055 
3046 3059 3058 3045 3059 3046 3045 2950 3059 
3045 2951 2950 2952 2951 3045 3049 2952 3045 
2954 2952 3049 3050 2954 3049 2940 2954 3050 
2944 3051 2958 2960 2958 3051 3053 2960 3051 
2945 2960 3053 2962 3060 2963 3061 2948 3054 
3061 3060 2948 3061 3062 3060 3060 2962 2948 
3062 3063 3064 3061 3063 3062 3064 3065 3066 
3063 3065 3064 3066 3067 3068 3065 3067 3066 
3068 3069 3070 3067 3069 3068 3070 3071 3072 
3069 3071 3070 3072 3073 3074 3071 3073 3072 
3056 3074 3073 3055 3074 3056 3055 2965 3074 
3055 2966 2965 2967 2966 3055 3059 2967 3055 
2950 2967 3059 2963 3060 2970 2972 2970 3060 
3062 2972 3060 2974 2972 3062 2974 3062 3075 
3075 3062 3064 3066 3076 3064 3076 3075 3064 
3068 3077 3066 3077 3076 3066 2977 2976 3077 
2977 3077 3070 3070 3077 3068 2978 2977 3070 
3072 2978 3070 2980 2978 3072 3074 2980 3072 
2965 2980 3074 2974 3075 2983 2985 2983 3075 
3076 2985 3075 2987 2985 3076 3077 2987 3076 
2976 2987 3077 2991 3078 2990 2991 2992 3079 
3078 2991 3079 3080 3079 2992 3080 2992 3081 
3081 2992 2993 2994 3082 2993 2993 3082 3081 
2995 3083 2994 2994 3083 3082 2996 3084 2995 
2995 3084 3083 2997 3085 2996 2996 3085 3084 
2999 3086 2997 2997 3086 3085 3001 3087 2999 
2999 3087 3086 3088 3089 3087 3088 3087 3003 
3003 3087 3001 3003 3004 3088 3006 3090 3091 
3007 3006 3091 3009 3092 3006 3006 3092 3090 
3010 3093 3009 3009 3093 3092 3011 3094 3010 
3010 3094 3093 3012 3095 3011 3011 3095 3094 
3078 3012 2990 3078 3096 3012 3096 3095 3012 
3079 3096 3078 3097 3096 3079 3080 3097 3079 
3015 3089 3088 3015 3013 3089 3013 3098 3089 
3004 3015 3088 3017 3099 3100 3018 3017 3100 
3091 3017 3007 3099 3017 3091 3013 3019 3098 
3098 3019 3101 3018 3100 3020 3100 3102 3020 
3103 3019 3021 3103 3104 3019 3104 3101 3019 
3021 3023 3103 3024 3105 3106 3025 3024 3106 
3102 3024 3020 3105 3024 3102 3107 3108 3109 
3107 3110 3111 3109 3110 3107 3111 3112 3113 
3110 3112 3111 3113 3114 3115 3112 3114 3113 
3115 3116 3117 3114 3116 3115 3117 3118 3119 
3116 3118 3117 3104 3119 3118 3103 3119 3104 
3103 3026 3119 3103 3027 3026 3023 3027 3103 
3025 3106 3028 3106 3120 3028 3121 3122 3123 
3121 3124 3125 3123 3124 3121 3108 3125 3124 
3107 3125 3108 3107 3030 3125 3107 3031 3030 
3032 3031 3107 3111 3032 3107 3034 3032 3111 
3113 3034 3111 3036 3034 3113 3115 3036 3113 
3038 3036 3115 3038 3115 3126 3126 3115 3117 
3041 3040 3126 3041 3126 3119 3119 3126 3117 
3026 3041 3119 3043 3127 3128 3044 3043 3128 
3120 3043 3028 3127 3043 3120 3129 3130 3131 
3129 3132 3133 3131 3132 3129 3122 3133 3132 
3121 3133 3122 3121 3046 3133 3121 3047 3046 
3048 3047 3121 3125 3048 3121 3030 3048 3125 
3038 3126 3052 3040 3052 3126 3134 3135 3054 
3134 3054 3128 3128 3054 3044 3135 3136 3137 
3134 3136 3135 3137 3138 3139 3136 3138 3137 
3139 3140 3141 3138 3140 3139 3141 3142 3143 
3140 3142 3141 3143 3144 3145 3142 3144 3143 
3145 3146 3147 3144 3146 3145 3130 3147 3146 
3129 3147 3130 3129 3056 3147 3129 3057 3056 
3058 3057 3129 3133 3058 3129 3046 3058 3133 
3054 3135 3061 3063 3061 3135 3137 3063 3135 
3065 3063 3137 3139 3065 3137 3067 3065 3139 
3141 3067 3139 3069 3067 3141 3143 3069 3141 
3071 3069 3143 3145 3071 3143 3073 3071 3145 
3147 3073 3145 3056 3073 3147 3148 3149 3150 
3149 3148 3151 3148 3150 3152 3151 3148 3152 
3081 3153 3080 3154 3153 3081 3154 3081 3155 
3155 3081 3082 3083 3156 3082 3082 3156 3155 
3084 3157 3083 3083 3157 3156 3085 3158 3084 
3084 3158 3157 3086 3159 3085 3085 3159 3158 
3087 3160 3086 3086 3160 3159 3160 3087 3089 
3161 3160 3089 3090 3162 3163 3091 3090 3163 
3092 3164 3090 3090 3164 3162 3165 3166 3164 
3165 3164 3093 3093 3164 3092 3093 3094 3167 
3165 3093 3167 3094 3095 3168 3167 3094 3168 
3169 3168 3095 3169 3095 3170 3170 3095 3096 
3097 3171 3096 3096 3171 3170 3153 3097 3080 
3153 3172 3097 3172 3171 3097 3154 3172 3153 
3173 3174 3175 3173 3175 3161 3173 3161 3098 
3098 3161 3089 3099 3176 3177 3100 3099 3177 
3163 3099 3091 3176 3099 3163 3178 3179 3180 
3181 3165 3182 3181 3178 3165 3166 3165 3180 
3180 3165 3178 3167 3182 3165 3183 3182 3167 
3168 3183 3167 3184 3183 3168 3169 3184 3168 
3185 3174 3173 3186 3174 3185 3098 3101 3185 
3173 3098 3185 3100 3177 3102 3177 3187 3102 
3178 3188 3179 3181 3188 3178 3189 3190 3191 
3189 3192 3193 3191 3192 3189 3193 3194 3195 
3192 3194 3193 3195 3196 3197 3194 3196 3195 
3197 3198 3199 3196 3198 3197 3186 3199 3198 
3186 3185 3199 3185 3200 3199 3101 3104 3200 
3185 3101 3200 3105 3201 3202 3106 3105 3202 
3187 3105 3102 3201 3105 3187 3203 3204 3205 
3205 3206 3203 3207 3208 3209 3207 3210 3211 
3209 3210 3207 3190 3211 3210 3189 3211 3190 
3189 3108 3211 3189 3109 3108 3110 3109 3189 
3193 3110 3189 3112 3110 3193 3195 3112 3193 
3114 3112 3195 3197 3114 3195 3116 3114 3197 
3199 3116 3197 3118 3116 3199 3200 3118 3199 
3104 3118 3200 3106 3202 3120 3202 3212 3120 
3213 3204 3203 3214 3204 3213 3215 3203 3206 
3215 3216 3203 3216 3213 3203 3215 3217 3216 
3218 3219 3220 3218 3221 3222 3220 3221 3218 
3208 3222 3221 3207 3222 3208 3207 3122 3222 
3207 3123 3122 3124 3123 3207 3211 3124 3207 
3108 3124 3211 3127 3223 3128 3224 3120 3212 
3224 3223 3120 3224 3225 3223 3223 3127 3120 
3225 3226 3227 3224 3226 3225 3214 3227 3226 
3214 3213 3227 3213 3228 3227 3216 3229 3213 
3229 3228 3213 3230 3216 3217 3230 3231 3216 
3231 3229 3216 3231 3232 3233 3230 3232 3231 
3219 3233 3232 3218 3233 3219 3218 3130 3233 
3218 3131 3130 3132 3131 3218 3222 3132 3218 
3122 3132 3222 3128 3223 3134 3136 3134 3223 
3225 3136 3223 3138 3136 3225 3227 3138 3225 
3140 3138 3227 3228 3140 3227 3142 3140 3228 
3229 3142 3228 3144 3142 3229 3231 3144 3229 
3146 3144 3231 3233 3146 3231 3130 3146 3233 
3149 3234 3150 3149 3151 3234 3235 3236 3237 
3150 3234 3152 3235 3238 3236 3151 3152 3234 
3239 3235 3237 3240 3239 3237 3241 3238 3235 
3239 3241 3235 3155 3242 3154 3243 3242 3155 
3243 3155 3244 3244 3155 3156 3157 3245 3156 
3156 3245 3244 3158 3246 3157 3157 3246 3245 
3247 3248 3246 3247 3246 3159 3159 3246 3158 
3159 3160 3249 3247 3159 3249 3160 3161 3249 
3162 3250 3251 3163 3162 3251 3239 3240 3252 
3253 3254 3164 3164 3254 3250 3164 3250 3162 
3239 3252 3241 3164 3166 3253 3170 3255 3169 
3170 3171 3256 3255 3170 3256 3257 3256 3171 
3257 3171 3258 3258 3171 3172 3242 3172 3154 
3242 3259 3172 3259 3258 3172 3243 3259 3242 
3260 3261 3262 3248 3260 3262 3248 3247 3260 
3247 3263 3260 3175 3174 3263 3175 3263 3249 
3249 3263 3247 3161 3175 3249 3176 3264 3265 
3177 3176 3265 3251 3266 3163 3251 3267 3266 
3163 3266 3176 3268 3264 3266 3176 3266 3264 
3254 3266 3267 3253 3266 3254 3253 3179 3266 
3253 3180 3179 3166 3180 3253 3182 3269 3181 
3182 3183 3270 3269 3182 3270 3183 3184 3271 
3270 3183 3271 3184 3272 3271 3169 3272 3184 
3169 3273 3272 3169 3255 3273 3256 3273 3255 
3274 3273 3256 3257 3274 3256 3275 3276 3277 
3275 3278 3279 3277 3278 3275 3279 3280 3281 
3278 3280 3279 3261 3281 3280 3261 3260 3281 
3260 3282 3281 3263 3283 3260 3283 3282 3260 
3174 3186 3283 3263 3174 3283 3177 3265 3187 
3265 3284 3187 3285 3268 3266 3286 3268 3285 
3179 3188 3287 3179 3287 3266 3266 3287 3285 
3188 3181 3269 3188 3269 3287 3287 3269 3288 
3270 3289 3269 3289 3288 3269 3290 3271 3291 
3290 3289 3271 3289 3270 3271 3272 3291 3271 
3292 3293 3294 3292 3295 3296 3294 3295 3292 
3276 3296 3295 3275 3296 3276 3275 3190 3296 
3275 3191 3190 3192 3191 3275 3279 3192 3275 
3194 3192 3279 3281 3194 3279 3196 3194 3281 
3282 3196 3281 3198 3196 3282 3283 3198 3282 
3186 3198 3283 3201 3297 3202 3298 3187 3284 
3298 3297 3187 3298 3299 3297 3297 3201 3187 
3286 3299 3298 3285 3299 3286 3285 3204 3299 
3285 3205 3204 3206 3205 3285 3206 3285 3300 
3300 3285 3287 3288 3301 3287 3301 3300 3287 
3289 3302 3288 3302 3301 3288 3303 3289 3290 
3303 3304 3289 3304 3302 3289 3304 3305 3306 
3303 3305 3304 3293 3306 3305 3292 3306 3293 
3292 3208 3306 3292 3209 3208 3210 3209 3292 
3296 3210 3292 3190 3210 3296 3297 3307 3308 
3297 3308 3202 3202 3308 3212 3307 3309 3310 
3307 3297 3309 3297 3299 3309 3204 3214 3309 
3299 3204 3309 3206 3300 3215 3217 3215 3300 
3217 3300 3311 3311 3300 3301 3302 3312 3301 
3312 3311 3301 3220 3219 3312 3220 3312 3304 
3304 3312 3302 3221 3220 3304 3306 3221 3304 
3208 3221 3306 3212 3308 3313 3224 3212 3313 
3310 3309 3226 3310 3226 3313 3313 3226 3224 
3214 3226 3309 3217 3311 3230 3232 3230 3311 
3312 3232 3311 3219 3232 3312 3236 3314 3237 
3238 3314 3236 3315 3316 3317 3316 3315 3318 
3314 3319 3320 3314 3320 3237 3237 3320 3240 
3315 3317 3321 3238 3322 3314 3238 3241 3322 
3322 3319 3314 3318 3315 3321 3244 3323 3243 
3244 3245 3324 3323 3244 3324 3245 3246 3325 
3324 3245 3325 3246 3248 3325 3250 3326 3327 
3251 3250 3327 3250 3254 3328 3250 3328 3326 
3252 3240 3329 3329 3240 3320 3322 3241 3252 
3329 3322 3252 3258 3330 3257 3258 3259 3331 
3330 3258 3331 3259 3243 3323 3259 3323 3331 
3331 3323 3332 3324 3333 3323 3333 3332 3323 
3262 3261 3333 3262 3333 3325 3325 3333 3324 
3248 3262 3325 3264 3334 3335 3265 3264 3335 
3264 3268 3336 3264 3336 3334 3267 3251 3337 
3337 3251 3327 3328 3254 3267 3337 3328 3267 
3273 3338 3272 3273 3274 3339 3338 3273 3339 
3274 3257 3330 3274 3330 3339 3339 3330 3340 
3277 3276 3340 3277 3340 3331 3331 3340 3330 
3278 3277 3331 3332 3278 3331 3280 3278 3332 
3333 3280 3332 3261 3280 3333 3265 3335 3284 
3335 3341 3284 3268 3286 3336 3336 3286 3342 
3291 3343 3290 3291 3272 3338 3291 3338 3343 
3343 3338 3344 3294 3293 3344 3294 3344 3339 
3339 3344 3338 3295 3294 3339 3340 3295 3339 
3276 3295 3340 3284 3341 3345 3298 3284 3345 
3342 3286 3298 3345 3342 3298 3290 3343 3303 
3305 3303 3343 3344 3305 3343 3293 3305 3344 
3307 3346 3308 3307 3310 3346 3308 3346 3313 
3310 3313 3346 3316 3347 3317 3316 3318 3347 
3319 3348 3320 3321 3317 3347 3322 3348 3319 
3318 3321 3347 3326 3349 3327 3329 3320 3348 
3328 3349 3326 3322 3329 3348 3334 3350 3335 
3337 3327 3349 3336 3350 3334 3328 3337 3349 
3350 3351 3341 3335 3350 3341 3336 3342 3351 
3350 3336 3351 3341 3351 3345 3342 3345 3351 

CELL_DATA 6684
SCALARS Scalars float
LOOKUP_TABLE default
1 1 1 1 1 1 1 1 1 
1 1 1 1 1 1 1 1 1 
1 1 1 1 1 1 1 1 1 
1 1 1 1 1 1 1 1 1 
1 1 1 1 1 1 1 1 1 
1 1 1 1 1 1 1 1 1 
1 1 1 1 1 1 1 1 1 
1 1 1 1 1 1 1 1 1 
1 1 1 1 1 1 1 1 1 
1 1 1 1 1 1 1 1 1 
1 1 1 1 1 1 1 1 1 
1 1 1 1 1 1 1 1 1 
1 1 1 1 1 1 1 1 1 
1 1 1 1 1 1 1 1 1 
1 1 1 1 1 1 1 1 1 
1 1 1 1 1 1 1 1 1 
1 1 1 1 1 1 1 1 1 
1 1 1 1 1 1 1 1 1 
1 1 1 1 1 1 1 1 1 
1 1 1 1 1 1 1 1 1 
1 1 1 1 1 1 1 1 1 
1 1 1 1 1 1 1 1 1 
1 1 1 1 1 1 1 1 1 
1 1 1 1 1 1 1 1 1 
1 1 1 1 1 1 1 1 1 
1 1 1 1 1 1 1 1 1 
1 1 1 1 1 1 1 1 1 
1 1 1 1 1 1 1 1 1 
1 1 1 1 1 1 1 1 1 
1 1 1 1 1 1 1 1 1 
1 1 1 1 1 1 1 1 1 
1 1 1 1 1 1 1 1 1 
1 1 1 1 1 1 1 1 1 
1 1 1 1 1 1 1 1 1 
1 1 1 1 1 1 1 1 1 
1 1 1 1 1 1 1 1 1 
1 1 1 1 1 1 1 1 1 
1 1 1 1 1 1 1 1 1 
1 1 1 1 1 1 1 1 1 
1 1 1 1 1 1 1 1 1 
1 1 1 1 1 1 1 1 1 
1 1 1 1 1 1 1 1 1 
1 1 1 1 1 1 1 1 1 
1 1 1 1 1 1 1 1 1 
1 1 1 1 1 1 1 1 1 
1 1 1 1 1 1 1 1 1 
1 1 1 1 1 1 1 1 1 
1 1 1 1 1 1 1 1 1 
1 1 1 1 1 1 1 1 1 
1 1 1 1 1 1 1 1 1 
1 1 1 1 1 1 1 1 1 
1 1 1 1 1 1 1 1 1 
1 1 1 1 1 1 1 1 1 
1 1 1 1 1 1 1 1 1 
1 1 1 1 1 1 1 1 1 
1 1 1 1 1 1 1 1 1 
1 1 1 1 1 1 1 1 1 
1 1 1 1 1 1 1 1 1 
1 1 1 1 1 1 1 1 1 
1 1 1 1 1 1 1 1 1 
1 1 1 1 1 1 1 1 1 
1 1 1 1 1 1 1 1 1 
1 1 1 1 1 1 1 1 1 
1 1 1 1 1 1 1 1 1 
1 1 1 1 1 1 1 1 1 
1 1 1 1 1 1 1 1 1 
1 1 1 1 1 1 1 1 1 
1 1 1 1 1 1 1 1 1 
1 1 1 1 1 1 1 1 1 
1 1 1 1 1 1 1 1 1 
1 1 1 1 1 1 1 1 1 
1 1 1 1 1 1 1 1 1 
1 1 1 1 1 1 1 1 1 
1 1 1 1 1 1 1 1 1 
1 1 1 1 1 1 1 1 1 
1 1 1 1 1 1 1 1 1 
1 1 1 1 1 1 1 1 1 
1 1 1 1 1 1 1 1 1 
1 1 1 1 1 1 1 1 1 
1 1 1 1 1 1 1 1 1 
1 1 1 1 1 1 1 1 1 
1 1 1 1 1 1 1 1 1 
1 1 1 1 1 1 1 1 1 
1 1 1 1 1 1 1 1 1 
1 1 1 1 1 1 1 1 1 
1 1 1 1 1 1 1 1 1 
1 1 1 1 1 1 1 1 1 
1 1 1 1 1 1 1 1 1 
1 1 1 1 1 1 1 1 1 
1 1 1 1 1 1 1 1 1 
1 1 1 1 1 1 1 1 1 
1 1 1 1 1 1 1 1 1 
1 1 1 1 1 1 1 1 1 
1 1 1 1 1 1 1 1 1 
1 1 1 1 1 1 1 1 1 
1 1 1 1 1 1 1 1 1 
1 1 1 1 1 1 1 1 1 
1 1 1 1 1 1 1 1 1 
1 1 1 1 1 1 1 1 1 
1 1 1 1 1 1 1 1 1 
1 1 1 1 1 1 1 1 1 
1 1 1 1 1 1 1 1 1 
1 1 1 1 1 1 1 1 1 
1 1 1 1 1 1 1 1 1 
1 1 1 1 1 1 1 1 1 
1 1 1 1 1 1 1 1 1 
1 1 1 1 1 1 1 1 1 
1 1 1 1 1 1 1 1 1 
1 1 1 1 1 1 1 1 1 
1 1 1 1 1 1 1 1 1 
1 1 1 1 1 1 1 1 1 
1 1 1 1 1 1 1 1 1 
1 1 1 1 1 1 1 1 1 
1 1 1 1 1 1 1 1 1 
1 1 1 1 1 1 1 1 1 
1 1 1 1 1 1 1 1 1 
1 1 1 1 1 1 1 1 1 
1 1 1 1 1 1 1 1 1 
1 1 1 1 1 1 1 1 1 
1 1 1 1 1 1 1 1 1 
1 1 1 1 1 1 1 1 1 
1 1 1 1 1 1 1 1 1 
1 1 1 1 1 1 1 1 1 
1 1 1 1 1 1 1 1 1 
1 1 1 1 1 1 1 1 1 
1 1 1 1 1 1 1 1 1 
1 1 1 1 1 1 1 1 1 
1 1 1 1 1 1 1 1 1 
1 1 1 1 1 1 1 1 1 
1 1 1 1 1 1 1 1 1 
1 1 1 1 1 1 1 1 1 
1 1 1 1 1 1 1 1 1 
1 1 1 1 1 1 1 1 1 
1 1 1 1 1 1 1 1 1 
1 1 1 1 1 1 1 1 1 
1 1 1 1 1 1 1 1 1 
1 1 1 1 1 1 1 1 1 
1 1 1 1 1 1 1 1 1 
1 1 1 1 1 1 1 1 1 
1 1 1 1 1 1 1 1 1 
1 1 1 1 1 1 1 1 1 
1 1 1 1 1 1 1 1 1 
1 1 1 1 1 1 1 1 1 
1 1 1 1 1 1 1 1 1 
1 1 1 1 1 1 1 1 1 
1 1 1 1 1 1 1 1 1 
1 1 1 1 1 1 1 1 1 
1 1 1 1 1 1 1 1 1 
1 1 1 1 1 1 1 1 1 
1 1 1 1 1 1 1 1 1 
1 1 1 1 1 1 1 1 1 
1 1 1 1 1 1 1 1 1 
1 1 1 1 1 1 1 1 1 
1 1 1 1 1 1 1 1 1 
1 1 1 1 1 1 1 1 1 
1 1 1 1 1 1 1 1 1 
1 1 1 1 1 1 1 1 1 
1 1 1 1 1 1 1 1 1 
1 1 1 1 1 1 1 1 1 
1 1 1 1 1 1 1 1 1 
1 1 1 1 1 1 1 1 1 
1 1 1 1 1 1 1 1 1 
1 1 1 1 1 1 1 1 1 
1 1 1 1 1 1 1 1 1 
1 1 1 1 1 1 1 1 1 
1 1 1 1 1 1 1 1 1 
1 1 1 1 1 1 1 1 1 
1 1 1 1 1 1 1 1 1 
1 1 1 1 1 1 1 1 1 
1 1 1 1 1 1 1 1 1 
1 1 1 1 1 1 1 1 1 
1 1 1 1 1 1 1 1 1 
1 1 1 1 1 1 1 1 1 
1 1 1 1 1 1 1 1 1 
1 1 1 1 1 1 1 1 1 
1 1 1 1 1 1 1 1 1 
1 1 1 1 1 1 1 1 1 
1 1 1 1 1 1 1 1 1 
1 1 1 1 1 1 1 1 1 
1 1 1 1 1 1 1 1 1 
1 1 1 1 1 1 1 1 1 
1 1 1 1 1 1 1 1 1 
1 1 1 1 1 1 1 1 1 
1 1 1 1 1 1 1 1 1 
1 1 1 1 1 1 1 1 1 
1 1 1 1 1 1 1 1 1 
1 1 1 1 1 1 1 1 1 
1 1 1 1 1 1 1 1 1 
1 1 1 1 1 1 1 1 1 
1 1 1 1 1 1 1 1 1 
1 1 1 1 1 1 1 1 1 
1 1 1 1 1 1 1 1 1 
1 1 1 1 1 1 1 1 1 
1 1 1 1 1 1 1 1 1 
1 1 1 1 1 1 1 1 1 
1 1 1 1 1 1 1 1 1 
1 1 1 1 1 1 1 1 1 
1 1 1 1 1 1 1 1 1 
1 1 1 1 1 1 1 1 1 
1 1 1 1 1 1 1 1 1 
1 1 1 1 1 1 1 1 1 
1 1 1 1 1 1 1 1 1 
1 1 1 1 1 1 1 1 1 
1 1 1 1 1 1 1 1 1 
1 1 1 1 1 1 1 1 1 
1 1 1 1 1 1 1 1 1 
1 1 1 1 1 1 1 1 1 
1 1 1 1 1 1 1 1 1 
1 1 1 1 1 1 1 1 1 
1 1 1 1 1 1 1 1 1 
1 1 1 1 1 1 1 1 1 
1 1 1 1 1 1 1 1 1 
1 1 1 1 1 1 1 1 1 
1 1 1 1 1 1 1 1 1 
1 1 1 1 1 1 1 1 1 
1 1 1 1 1 1 1 1 1 
1 1 1 1 1 1 1 1 1 
1 1 1 1 1 1 1 1 1 
1 1 1 1 1 1 1 1 1 
1 1 1 1 1 1 1 1 1 
1 1 1 1 1 1 1 1 1 
1 1 1 1 1 1 1 1 1 
1 1 1 1 1 1 1 1 1 
1 1 1 1 1 1 1 1 1 
1 1 1 1 1 1 1 1 1 
1 1 1 1 1 1 1 1 1 
1 1 1 1 1 1 1 1 1 
1 1 1 1 1 1 1 1 1 
1 1 1 1 1 1 1 1 1 
1 1 1 1 1 1 1 1 1 
1 1 1 1 1 1 1 1 1 
1 1 1 1 1 1 1 1 1 
1 1 1 1 1 1 1 1 1 
1 1 1 1 1 1 1 1 1 
1 1 1 1 1 1 1 1 1 
1 1 1 1 1 1 1 1 1 
1 1 1 1 1 1 1 1 1 
1 1 1 1 1 1 1 1 1 
1 1 1 1 1 1 1 1 1 
1 1 1 1 1 1 1 1 1 
1 1 1 1 1 1 1 1 1 
1 1 1 1 1 1 1 1 1 
1 1 1 1 1 1 1 1 1 
1 1 1 1 1 1 1 1 1 
1 1 1 1 1 1 1 1 1 
1 1 1 1 1 1 1 1 1 
1 1 1 1 1 1 1 1 1 
1 1 1 1 1 1 1 1 1 
1 1 1 1 1 1 1 1 1 
1 1 1 1 1 1 1 1 1 
1 1 1 1 1 1 1 1 1 
1 1 1 1 1 1 1 1 1 
1 1 1 1 1 1 1 1 1 
1 1 1 1 1 1 1 1 1 
1 1 1 1 1 1 1 1 1 
1 1 1 1 1 1 1 1 1 
1 1 1 1 1 1 1 1 1 
1 1 1 1 1 1 1 1 1 
1 1 1 1 1 1 1 1 1 
1 1 1 1 1 1 1 1 1 
1 1 1 1 1 1 1 1 1 
1 1 1 1 1 1 1 1 1 
1 1 1 1 1 1 1 1 1 
1 1 1 1 1 1 1 1 1 
1 1 1 1 1 1 1 1 1 
1 1 1 1 1 1 1 1 1 
1 1 1 1 1 1 1 1 1 
1 1 1 1 1 1 1 1 1 
1 1 1 1 1 1 1 1 1 
1 1 1 1 1 1 1 1 1 
1 1 1 1 1 1 1 1 1 
1 1 1 1 1 1 1 1 1 
1 1 1 1 1 1 1 1 1 
1 1 1 1 1 1 1 1 1 
1 1 1 1 1 1 1 1 1 
1 1 1 1 1 1 1 1 1 
1 1 1 1 1 1 1 1 1 
1 1 1 1 1 1 1 1 1 
1 1 1 1 1 1 1 1 1 
1 1 1 1 1 1 1 1 1 
1 1 1 1 1 1 1 1 1 
1 1 1 1 1 1 1 1 1 
1 1 1 1 1 1 1 1 1 
1 1 1 1 1 1 1 1 1 
1 1 1 1 1 1 1 1 1 
1 1 1 1 1 1 1 1 1 
1 1 1 1 1 1 1 1 1 
1 1 1 1 1 1 1 1 1 
1 1 1 1 1 1 1 1 1 
1 1 1 1 1 1 1 1 1 
1 1 1 1 1 1 1 1 1 
1 1 1 1 1 1 1 1 1 
1 1 1 1 1 1 1 1 1 
1 1 1 1 1 1 1 1 1 
1 1 1 1 1 1 1 1 1 
1 1 1 1 1 1 1 1 1 
1 1 1 1 1 1 1 1 1 
1 1 1 1 1 1 1 1 1 
1 1 1 1 1 1 1 1 1 
1 1 1 1 1 1 1 1 1 
1 1 1 1 1 1 1 1 1 
1 1 1 1 1 1 1 1 1 
1 1 1 1 1 1 1 1 1 
1 1 1 1 1 1 1 1 1 
1 1 1 1 1 1 1 1 1 
1 1 1 1 1 1 1 1 1 
1 1 1 1 1 1 1 1 1 
1 1 1 1 1 1 1 1 1 
1 1 1 1 1 1 1 1 1 
1 1 1 1 1 1 1 1 1 
1 1 1 1 1 1 1 1 1 
1 1 1 1 1 1 1 1 1 
1 1 1 1 1 1 1 1 1 
1 1 1 1 1 1 1 1 1 
1 1 1 1 1 1 1 1 1 
1 1 1 1 1 1 1 1 1 
1 1 1 1 1 1 1 1 1 
1 1 1 1 1 1 1 1 1 
1 1 1 1 1 1 1 1 1 
1 1 1 1 1 1 1 1 1 
1 1 1 1 1 1 1 1 1 
1 1 1 1 1 1 1 1 1 
1 1 1 1 1 1 1 1 1 
1 1 1 1 1 1 1 1 1 
1 1 1 1 1 1 1 1 1 
1 1 1 1 1 1 1 1 1 
1 1 1 1 1 1 1 1 1 
1 1 1 1 1 1 1 1 1 
1 1 1 1 1 1 1 1 1 
1 1 1 1 1 1 1 1 1 
1 1 1 1 1 1 1 1 1 
1 1 1 1 1 1 1 1 1 
1 1 1 1 1 1 1 1 1 
1 1 1 1 1 1 1 1 1 
1 1 1 1 1 1 1 1 1 
1 1 1 1 1 1 1 1 1 
1 1 1 1 1 1 1 1 1 
1 1 1 1 1 1 1 1 1 
1 1 1 1 1 1 1 1 1 
1 1 1 1 1 1 1 1 1 
1 1 1 1 1 1 1 1 1 
1 1 1 1 1 1 1 1 1 
1 1 1 1 1 1 1 1 1 
1 1 1 1 1 1 1 1 1 
1 1 1 1 1 1 1 1 1 
1 1 1 1 1 1 1 1 1 
1 1 1 1 1 1 1 1 1 
1 1 1 1 1 1 1 1 1 
1 1 1 1 1 1 1 1 1 
1 1 1 1 1 1 1 1 1 
1 1 1 1 1 1 1 1 1 
1 1 1 1 1 1 1 1 1 
1 1 1 1 1 1 1 1 1 
1 1 1 1 1 1 1 1 1 
1 1 1 1 1 1 1 1 1 
1 1 1 1 1 1 1 1 1 
1 1 1 1 1 1 1 1 1 
1 1 1 1 1 1 1 1 1 
1 1 1 1 1 1 1 1 1 
1 1 1 1 1 1 1 1 1 
1 1 1 1 1 1 1 1 1 
1 1 1 1 1 1 1 1 1 
1 1 1 1 1 1 1 1 1 
1 1 1 1 1 1 1 1 1 
1 1 1 1 1 1 1 1 1 
1 1 1 1 1 1 1 1 1 
1 1 1 1 1 1 1 1 1 
1 1 1 1 1 1 1 1 1 
1 1 1 1 1 1 1 1 1 
1 1 1 1 1 1 1 1 1 
1 1 1 1 1 1 1 1 1 
1 1 1 1 1 1 1 1 1 
1 1 1 1 1 1 1 1 1 
1 1 1 1 1 1 1 1 1 
1 1 1 1 1 1 1 1 1 
1 1 1 1 1 1 1 1 1 
1 1 1 1 1 1 1 1 1 
1 1 1 1 1 1 1 1 1 
1 1 1 1 1 1 1 1 1 
1 1 1 1 1 1 1 1 1 
1 1 1 1 1 1 1 1 1 
1 1 1 1 1 1 1 1 1 
1 1 1 1 1 1 1 1 1 
1 1 1 1 1 1 1 1 1 
1 1 1 1 1 1 1 1 1 
1 1 1 1 1 1 1 1 1 
1 1 1 1 1 1 1 1 1 
1 1 1 1 1 1 1 1 1 
1 1 1 1 1 1 1 1 1 
1 1 1 1 1 1 1 1 1 
1 1 1 1 1 1 1 1 1 
1 1 1 1 1 1 1 1 1 
1 1 1 1 1 1 1 1 1 
1 1 1 1 1 1 1 1 1 
1 1 1 1 1 1 1 1 1 
1 1 1 1 1 1 1 1 1 
1 1 1 1 1 1 1 1 1 
1 1 1 1 1 1 1 1 1 
1 1 1 1 1 1 1 1 1 
1 1 1 1 1 1 1 1 1 
1 1 1 1 1 1 1 1 1 
1 1 1 1 1 1 1 1 1 
1 1 1 1 1 1 1 1 1 
1 1 1 1 1 1 1 1 1 
1 1 1 1 1 1 1 1 1 
1 1 1 1 1 1 1 1 1 
1 1 1 1 1 1 1 1 1 
1 1 1 1 1 1 1 1 1 
1 1 1 1 1 1 1 1 1 
1 1 1 1 1 1 1 1 1 
1 1 1 1 1 1 1 1 1 
1 1 1 1 1 1 1 1 1 
1 1 1 1 1 1 1 1 1 
1 1 1 1 1 1 1 1 1 
1 1 1 1 1 1 1 1 1 
1 1 1 1 1 1 1 1 1 
1 1 1 1 1 1 1 1 1 
1 1 1 1 1 1 1 1 1 
1 1 1 1 1 1 1 1 1 
1 1 1 1 1 1 1 1 1 
1 1 1 1 1 1 1 1 1 
1 1 1 1 1 1 1 1 1 
1 1 1 1 1 1 1 1 1 
1 1 1 1 1 1 1 1 1 
1 1 1 1 1 1 1 1 1 
1 1 1 1 1 1 1 1 1 
1 1 1 1 1 1 1 1 1 
1 1 1 1 1 1 1 1 1 
1 1 1 1 1 1 1 1 1 
1 1 1 1 1 1 1 1 1 
1 1 1 1 1 1 1 1 1 
1 1 1 1 1 1 1 1 1 
1 1 1 1 1 1 1 1 1 
1 1 1 1 1 1 1 1 1 
1 1 1 1 1 1 1 1 1 
1 1 1 1 1 1 1 1 1 
1 1 1 1 1 1 1 1 1 
1 1 1 1 1 1 1 1 1 
1 1 1 1 1 1 1 1 1 
1 1 1 1 1 1 1 1 1 
1 1 1 1 1 1 1 1 1 
1 1 1 1 1 1 1 1 1 
1 1 1 1 1 1 1 1 1 
1 1 1 1 1 1 1 1 1 
1 1 1 1 1 1 1 1 1 
1 1 1 1 1 1 1 1 1 
1 1 1 1 1 1 1 1 1 
1 1 1 1 1 1 1 1 1 
1 1 1 1 1 1 1 1 1 
1 1 1 1 1 1 1 1 1 
1 1 1 1 1 1 1 1 1 
1 1 1 1 1 1 1 1 1 
1 1 1 1 1 1 1 1 1 
1 1 1 1 1 1 1 1 1 
1 1 1 1 1 1 1 1 1 
1 1 1 1 1 1 1 1 1 
1 1 1 1 1 1 1 1 1 
1 1 1 1 1 1 1 1 1 
1 1 1 1 1 1 1 1 1 
1 1 1 1 1 1 1 1 1 
1 1 1 1 1 1 1 1 1 
1 1 1 1 1 1 1 1 1 
1 1 1 1 1 1 1 1 1 
1 1 1 1 1 1 1 1 1 
1 1 1 1 1 1 1 1 1 
1 1 1 1 1 1 1 1 1 
1 1 1 1 1 1 1 1 1 
1 1 1 1 1 1 1 1 1 
1 1 1 1 1 1 1 1 1 
1 1 1 1 1 1 1 1 1 
1 1 1 1 1 1 1 1 1 
1 1 1 1 1 1 1 1 1 
1 1 1 1 1 1 1 1 1 
1 1 1 1 1 1 1 1 1 
1 1 1 1 1 1 1 1 1 
1 1 1 1 1 1 1 1 1 
1 1 1 1 1 1 1 1 1 
1 1 1 1 1 1 1 1 1 
1 1 1 1 1 1 1 1 1 
1 1 1 1 1 1 1 1 1 
1 1 1 1 1 1 1 1 1 
1 1 1 1 1 1 1 1 1 
1 1 1 1 1 1 1 1 1 
1 1 1 1 1 1 1 1 1 
1 1 1 1 1 1 1 1 1 
1 1 1 1 1 1 1 1 1 
1 1 1 1 1 1 1 1 1 
1 1 1 1 1 1 1 1 1 
1 1 1 1 1 1 1 1 1 
1 1 1 1 1 1 1 1 1 
1 1 1 1 1 1 1 1 1 
1 1 1 1 1 1 1 1 1 
1 1 1 1 1 1 1 1 1 
1 1 1 1 1 1 1 1 1 
1 1 1 1 1 1 1 1 1 
1 1 1 1 1 1 1 1 1 
1 1 1 1 1 1 1 1 1 
1 1 1 1 1 1 1 1 1 
1 1 1 1 1 1 1 1 1 
1 1 1 1 1 1 1 1 1 
1 1 1 1 1 1 1 1 1 
1 1 1 1 1 1 1 1 1 
1 1 1 1 1 1 1 1 1 
1 1 1 1 1 1 1 1 1 
1 1 1 1 1 1 1 1 1 
1 1 1 1 1 1 1 1 1 
1 1 1 1 1 1 1 1 1 
1 1 1 1 1 1 1 1 1 
1 1 1 1 1 1 1 1 1 
1 1 1 1 1 1 1 1 1 
1 1 1 1 1 1 1 1 1 
1 1 1 1 1 1 1 1 1 
1 1 1 1 1 1 1 1 1 
1 1 1 1 1 1 1 1 1 
1 1 1 1 1 1 1 1 1 
1 1 1 1 1 1 1 1 1 
1 1 1 1 1 1 1 1 1 
1 1 1 1 1 1 1 1 1 
1 1 1 1 1 1 1 1 1 
1 1 1 1 1 1 1 1 1 
1 1 1 1 1 1 1 1 1 
1 1 1 1 1 1 1 1 1 
1 1 1 1 1 1 1 1 1 
1 1 1 1 1 1 1 1 1 
1 1 1 1 1 1 1 1 1 
1 1 1 1 1 1 1 1 1 
1 1 1 1 1 1 1 1 1 
1 1 1 1 1 1 1 1 1 
1 1 1 1 1 1 1 1 1 
1 1 1 1 1 1 1 1 1 
1 1 1 1 1 1 1 1 1 
1 1 1 1 1 1 1 1 1 
1 1 1 1 1 1 1 1 1 
1 1 1 1 1 1 1 1 1 
1 1 1 1 1 1 1 1 1 
1 1 1 1 1 1 1 1 1 
1 1 1 1 1 1 1 1 1 
1 1 1 1 1 1 1 1 1 
1 1 1 1 1 1 1 1 1 
1 1 1 1 1 1 1 1 1 
1 1 1 1 1 1 1 1 1 
1 1 1 1 1 1 1 1 1 
1 1 1 1 1 1 1 1 1 
1 1 1 1 1 1 1 1 1 
1 1 1 1 1 1 1 1 1 
1 1 1 1 1 1 1 1 1 
1 1 1 1 1 1 1 1 1 
1 1 1 1 1 1 1 1 1 
1 1 1 1 1 1 1 1 1 
1 1 1 1 1 1 1 1 1 
1 1 1 1 1 1 1 1 1 
1 1 1 1 1 1 1 1 1 
1 1 1 1 1 1 1 1 1 
1 1 1 1 1 1 1 1 1 
1 1 1 1 1 1 1 1 1 
1 1 1 1 1 1 1 1 1 
1 1 1 1 1 1 1 1 1 
1 1 1 1 1 1 1 1 1 
1 1 1 1 1 1 1 1 1 
1 1 1 1 1 1 1 1 1 
1 1 1 1 1 1 1 1 1 
1 1 1 1 1 1 1 1 1 
1 1 1 1 1 1 1 1 1 
1 1 1 1 1 1 1 1 1 
1 1 1 1 1 1 1 1 1 
1 1 1 1 1 1 1 1 1 
1 1 1 1 1 1 1 1 1 
1 1 1 1 1 1 1 1 1 
1 1 1 1 1 1 1 1 1 
1 1 1 1 1 1 1 1 1 
1 1 1 1 1 1 1 1 1 
1 1 1 1 1 1 1 1 1 
1 1 1 1 1 1 1 1 1 
1 1 1 1 1 1 1 1 1 
1 1 1 1 1 1 1 1 1 
1 1 1 1 1 1 1 1 1 
1 1 1 1 1 1 1 1 1 
1 1 1 1 1 1 1 1 1 
1 1 1 1 1 1 1 1 1 
1 1 1 1 1 1 1 1 1 
1 1 1 1 1 1 1 1 1 
1 1 1 1 1 1 1 1 1 
1 1 1 1 1 1 1 1 1 
1 1 1 1 1 1 1 1 1 
1 1 1 1 1 1 1 1 1 
1 1 1 1 1 1 1 1 1 
1 1 1 1 1 1 1 1 1 
1 1 1 1 1 1 1 1 1 
1 1 1 1 1 1 1 1 1 
1 1 1 1 1 1 1 1 1 
1 1 1 1 1 1 1 1 1 
1 1 1 1 1 1 1 1 1 
1 1 1 1 1 1 1 1 1 
1 1 1 1 1 1 1 1 1 
1 1 1 1 1 1 1 1 1 
1 1 1 1 1 1 1 1 1 
1 1 1 1 1 1 1 1 1 
1 1 1 1 1 1 1 1 1 
1 1 1 1 1 1 1 1 1 
1 1 1 1 1 1 1 1 1 
1 1 1 1 1 1 1 1 1 
1 1 1 1 1 1 1 1 1 
1 1 1 1 1 1 1 1 1 
1 1 1 1 1 1 1 1 1 
1 1 1 1 1 1 1 1 1 
1 1 1 1 1 1 1 1 1 
1 1 1 1 1 1 1 1 1 
1 1 1 1 1 1 1 1 1 
1 1 1 1 1 1 1 1 1 
1 1 1 1 1 1 1 1 1 
1 1 1 1 1 1 1 1 1 
1 1 1 1 1 1 1 1 1 
1 1 1 1 1 1 1 1 1 
1 1 1 1 1 1 1 1 1 
1 1 1 1 1 1 1 1 1 
1 1 1 1 1 1 1 1 1 
1 1 1 1 1 1 1 1 1 
1 1 1 1 1 1 1 1 1 
1 1 1 1 1 1 1 1 1 
1 1 1 1 1 1 1 1 1 
1 1 1 1 1 1 1 1 1 
1 1 1 1 1 1 1 1 1 
1 1 1 1 1 1 1 1 1 
1 1 1 1 1 1 1 1 1 
1 1 1 1 1 1 1 1 1 
1 1 1 1 1 1 1 1 1 
1 1 1 1 1 1 1 1 1 
1 1 1 1 1 1 1 1 1 
1 1 1 1 1 1 1 1 1 
1 1 1 1 1 1 1 1 1 
1 1 1 1 1 1 1 1 1 
1 1 1 1 1 1 1 1 1 
1 1 1 1 1 1 1 1 1 
1 1 1 1 1 1 1 1 1 
1 1 1 1 1 1 1 1 1 
1 1 1 1 1 1 1 1 1 
1 1 1 1 1 1 1 1 1 
1 1 1 1 1 1 1 1 1 
1 1 1 1 1 1 1 1 1 
1 1 1 1 1 1 1 1 1 
1 1 1 1 1 1 1 1 1 
1 1 1 1 1 1 1 1 1 
1 1 1 1 1 1 1 1 1 
1 1 1 1 1 1 1 1 1 
1 1 1 1 1 1 1 1 1 
1 1 1 1 1 1 1 1 1 
1 1 1 1 1 1 1 1 1 
1 1 1 1 1 1 1 1 1 
1 1 1 1 1 1 1 1 1 
1 1 1 1 1 1 1 1 1 
1 1 1 1 1 1 1 1 1 
1 1 1 1 1 1 1 1 1 
1 1 1 1 1 1 1 1 1 
1 1 1 1 1 1 1 1 1 
1 1 1 1 1 1 1 1 1 
1 1 1 1 1 1 1 1 1 
1 1 1 1 1 1 1 1 1 
1 1 1 1 1 1 1 1 1 
1 1 1 1 1 1 1 1 1 
1 1 1 1 1 1 1 1 1 
1 1 1 1 1 1 1 1 1 
1 1 1 1 1 1 1 1 1 
1 1 1 1 1 1 1 1 1 
1 1 1 1 1 1 1 1 1 
1 1 1 1 1 1 1 1 1 
1 1 1 1 1 1 1 1 1 
1 1 1 1 1 1 1 1 1 
1 1 1 1 1 1 1 1 1 
1 1 1 1 1 1 1 1 1 
1 1 1 1 1 1 1 1 1 
1 1 1 1 1 1 1 1 1 
1 1 1 1 1 1 1 1 1 
1 1 1 1 1 1 1 1 1 
1 1 1 1 1 1 1 1 1 
1 1 1 1 1 1 1 1 1 
1 1 1 1 1 1 1 1 1 
1 1 1 1 1 1 1 1 1 
1 1 1 1 1 1 1 1 1 
1 1 1 1 1 1 1 1 1 
1 1 1 1 1 1 1 1 1 
1 1 1 1 1 1 1 1 1 
1 1 1 1 1 1 1 1 1 
1 1 1 1 1 1 1 1 1 
1 1 1 1 1 1 1 1 1 
1 1 1 1 1 1 1 1 1 
1 1 1 1 1 1 1 1 1 
1 1 1 1 1 1 1 1 1 
1 1 1 1 1 1 1 1 1 
1 1 1 1 1 1 1 1 1 
1 1 1 1 1 1 1 1 1 
1 1 1 1 1 1 1 1 1 
1 1 1 1 1 1 1 1 1 
1 1 1 1 1 1 1 1 1 
1 1 1 1 1 1 1 1 1 
1 1 1 1 1 1 1 1 1 
1 1 1 1 1 1 1 1 1 
1 1 1 1 1 1 1 1 1 
1 1 1 1 1 1 1 1 1 
1 1 1 1 1 1 1 1 1 
1 1 1 1 1 1 1 1 1 
1 1 1 1 1 1 1 1 1 
1 1 1 1 1 1 1 1 1 
1 1 1 1 1 1 1 1 1 
1 1 1 1 1 1 1 1 1 
1 1 1 1 1 1 1 1 1 
1 1 1 1 1 1 1 1 1 
1 1 1 1 1 1 1 1 1 
1 1 1 1 1 1 1 1 1 
1 1 1 1 1 1 1 1 1 
1 1 1 1 1 1 1 1 1 
1 1 1 1 1 1 1 1 1 
1 1 1 1 1 1 1 1 1 
1 1 1 1 1 1 1 1 1 
1 1 1 1 1 1 1 1 1 
1 1 1 1 1 1 1 1 1 
1 1 1 1 1 1 1 1 1 
1 1 1 1 1 1 1 1 1 
1 1 1 1 1 1 1 1 1 
1 1 1 1 1 1 1 1 1 
1 1 1 1 1 1 1 1 1 
1 1 1 1 1 1 1 1 1 
1 1 1 1 1 1 1 1 1 
1 1 1 1 1 1 1 1 1 
1 1 1 1 1 1 1 1 1 
1 1 1 1 1 1 1 1 1 
1 1 1 1 1 1 1 1 1 
1 1 1 1 1 1 1 1 1 
1 1 1 1 1 1 1 1 1 
1 1 1 1 1 1 1 1 1 
1 1 1 1 1 1 1 1 1 
1 1 1 1 1 1 1 1 1 
1 1 1 1 1 1 1 1 1 
1 1 1 1 1 1 1 1 1 
1 1 1 1 1 1 1 1 1 
1 1 1 1 1 1 1 1 1 
1 1 1 1 1 1 1 1 1 
1 1 1 1 1 1 1 1 1 
1 1 1 1 1 1 1 1 1 
1 1 1 1 1 1 1 1 1 
1 1 1 1 1 1 1 1 1 
1 1 1 1 1 1 1 1 1 
1 1 1 1 1 1 1 1 1 
1 1 1 1 1 1 
