# vtk DataFile Version 5.1
vtk output
ASCII
DATASET POLYDATA
POINTS 3654 float
0.285998 -0.00165782 0.649527 0.284965 0.00348374 0.627661 0.267985 -0.00755713 0.637429 
0.317343 -0.00635489 0.646942 0.31631 -0.00121333 0.625075 0.330676 -0.0169513 0.632258 
0.252038 -0.0237396 0.669063 0.251005 -0.018598 0.647197 0.234025 -0.0296389 0.656965 
0.283383 -0.0284366 0.666478 0.296716 -0.039033 0.651794 0.313696 -0.0279921 0.642026 
0.218078 -0.0458213 0.6886 0.217045 -0.0406797 0.666733 0.200065 -0.0517206 0.676501 
0.24839 -0.0453768 0.664148 0.23141 -0.0564177 0.673916 0.279736 -0.0500739 0.661562 
0.21443 -0.0674585 0.683684 0.419772 0.0969523 0.527649 0.418739 0.102094 0.505783 
0.401759 0.0910529 0.515551 0.451117 0.0922552 0.525064 0.450084 0.0973967 0.503197 
0.482462 0.0875581 0.522478 0.481429 0.0926996 0.500612 0.513808 0.082861 0.519893 
0.512775 0.0880026 0.498027 0.52714 0.0722646 0.505209 0.354466 0.0795676 0.549771 
0.353433 0.0847091 0.527904 0.336453 0.0736682 0.537673 0.385812 0.0748705 0.547185 
0.384779 0.080012 0.525319 0.417157 0.0701734 0.5446 0.448502 0.0654764 0.542015 
0.479848 0.0607793 0.539429 0.511193 0.0560822 0.536844 0.524525 0.0454858 0.52216 
0.289161 0.0621829 0.571892 0.288128 0.0673244 0.550026 0.271148 0.0562836 0.559794 
0.320507 0.0574858 0.569307 0.319473 0.0626274 0.547441 0.351852 0.0527888 0.566722 
0.383197 0.0480917 0.564136 0.414542 0.0433946 0.561551 0.445888 0.0386975 0.558965 
0.477233 0.0340005 0.55638 0.490565 0.0234041 0.541697 0.507545 0.0344449 0.531928 
0.161165 0.0541924 0.599185 0.160132 0.0593339 0.577319 0.143152 0.048293 0.587087 
0.192511 0.0494953 0.5966 0.191477 0.0546368 0.574733 0.223856 0.0447982 0.594014 
0.222823 0.0499398 0.572148 0.255201 0.0401012 0.591429 0.254168 0.0452427 0.569562 
0.286547 0.0354041 0.588843 0.317892 0.030707 0.586258 0.349237 0.02601 0.583673 
0.380582 0.0213129 0.581087 0.411928 0.0166158 0.578502 0.443273 0.0119187 0.575916 
0.474618 0.00722168 0.573331 0.504931 0.00766614 0.548879 0.505964 0.0025246 0.570746 
0.519296 -0.0080718 0.556062 0.127205 0.0321106 0.618721 0.126172 0.0372522 0.596855 
0.109192 0.0262113 0.606623 0.158551 0.0274136 0.616136 0.189896 0.0227165 0.61355 
0.221241 0.0180194 0.610965 0.252587 0.0133223 0.60838 0.283932 0.00862527 0.605794 
0.315277 0.0039282 0.603209 0.346622 -0.000768867 0.600624 0.377968 -0.00546593 0.598038 
0.409313 -0.010163 0.595453 0.440659 -0.0148601 0.592867 0.472004 -0.0195571 0.590282 
0.485336 -0.0301535 0.575598 0.502316 -0.0191127 0.56583 0.0619 0.014726 0.640843 
0.0608669 0.0198675 0.618977 0.0438869 0.00882663 0.628745 0.0932453 0.0100289 0.638258 
0.0922122 0.0151704 0.616391 0.124591 0.00533182 0.635672 0.155936 0.00063475 0.633087 
0.187281 -0.00406232 0.630501 0.218627 -0.00875939 0.627916 0.249972 -0.0134565 0.625331 
0.344008 -0.0275477 0.617575 0.375353 -0.0322447 0.614989 0.388685 -0.0428411 0.600306 
0.405665 -0.0318003 0.590537 0.437011 -0.0364973 0.587952 0.468356 -0.0411944 0.585367 
0.02794 -0.00735577 0.660379 0.0269069 -0.00221423 0.638513 0.00992694 -0.0132551 0.648281 
0.0592853 -0.0120528 0.657794 0.0906307 -0.0167499 0.655209 0.121976 -0.021447 0.652623 
0.153321 -0.0261441 0.650038 0.184667 -0.0308411 0.647452 0.216012 -0.0355382 0.644867 
0.310048 -0.0496294 0.637111 0.32338 -0.0602258 0.622427 0.34036 -0.0491849 0.612659 
0.371705 -0.053882 0.610074 -0.0687106 -0.0200434 0.685086 -0.0697437 -0.0149018 0.66322 
-0.0867237 -0.0259427 0.672988 -0.0373653 -0.0247404 0.682501 -0.0383984 -0.0195989 0.660635 
-0.00601995 -0.0294375 0.679916 -0.00705304 -0.024296 0.658049 0.0253254 -0.0341346 0.67733 
0.0566707 -0.0388316 0.674745 0.088016 -0.0435287 0.672159 0.119361 -0.0482258 0.669574 
0.150707 -0.0529229 0.666989 0.182052 -0.0576199 0.664403 0.24371 -0.0618725 0.637366 
0.22673 -0.0729134 0.647134 0.275055 -0.0665696 0.634781 0.3064 -0.0712667 0.632195 
-0.102671 -0.0421251 0.704623 -0.103704 -0.0369836 0.682757 -0.120684 -0.0480244 0.692525 
-0.0713252 -0.0468222 0.702037 -0.0399799 -0.0515192 0.699452 -0.0086346 -0.0562163 0.696867 
0.0227107 -0.0609134 0.694281 0.054056 -0.0656105 0.691696 0.0854013 -0.0703075 0.68911 
0.116747 -0.0750046 0.686525 0.148092 -0.0797017 0.68394 0.161424 -0.0902981 0.669256 
0.178404 -0.0792572 0.659488 0.20975 -0.0839543 0.656903 -0.167976 -0.0595098 0.726744 
-0.169009 -0.0543682 0.704878 -0.185989 -0.0654091 0.714646 -0.136631 -0.0642069 0.724159 
-0.137664 -0.0590653 0.702293 -0.105285 -0.0689039 0.721574 -0.0739399 -0.073601 0.718988 
-0.0425946 -0.0782981 0.716403 -0.0112493 -0.0829951 0.713818 0.0200961 -0.0876922 0.711232 
0.0514414 -0.0923893 0.708647 0.0827867 -0.0970864 0.706061 0.114132 -0.101783 0.703476 
0.127464 -0.11238 0.688792 0.144444 -0.101339 0.679024 -0.170591 -0.0862886 0.743695 
-0.188604 -0.0921879 0.731597 -0.139245 -0.0909857 0.74111 -0.1079 -0.0956827 0.738525 
-0.0765545 -0.10038 0.735939 -0.0452092 -0.105077 0.733354 -0.0138639 -0.109774 0.730768 
0.0174814 -0.114471 0.728183 0.0488267 -0.119168 0.725598 0.080172 -0.123865 0.723012 
0.0935043 -0.134462 0.708329 0.110484 -0.123421 0.698561 -0.173205 -0.113067 0.760646 
-0.191218 -0.118967 0.748548 -0.14186 -0.117764 0.758061 -0.110515 -0.122462 0.755476 
-0.0791692 -0.127159 0.75289 -0.0478239 -0.131856 0.750305 -0.0164786 -0.136553 0.747719 
0.0148668 -0.14125 0.745134 0.028199 -0.151846 0.730451 0.045179 -0.140805 0.720682 
0.0765243 -0.145502 0.718097 -0.176853 -0.134705 0.755731 -0.145508 -0.139402 0.753146 
-0.131142 -0.15514 0.760328 -0.113129 -0.14924 0.772427 -0.0997969 -0.159837 0.757743 
-0.0828169 -0.148796 0.747975 -0.0514716 -0.153493 0.745389 -0.0201263 -0.15819 0.742804 
0.011219 -0.162887 0.740219 -0.116777 -0.170878 0.767511 0.422935 0.160793 0.450015 
0.421902 0.165934 0.428148 0.404922 0.154894 0.437916 0.436267 0.150197 0.435331 
0.35763 0.143408 0.472136 0.356596 0.14855 0.45027 0.339617 0.137509 0.460038 
0.388975 0.138711 0.469551 0.387942 0.143853 0.447684 0.42032 0.134014 0.466965 
0.450632 0.134459 0.442514 0.451666 0.129317 0.46438 0.483011 0.12462 0.461795 
0.481978 0.129762 0.439928 0.496343 0.114024 0.447111 0.32367 0.121327 0.491673 
0.322637 0.126468 0.469806 0.305657 0.115427 0.479574 0.355015 0.116629 0.489087 
0.38636 0.111932 0.486502 0.417706 0.107235 0.483916 0.449051 0.102538 0.481331 
0.480396 0.0978412 0.478746 0.493728 0.0872448 0.464062 0.28971 0.0992448 0.511209 
0.288677 0.104386 0.489343 0.271697 0.0933455 0.499111 0.321055 0.0945477 0.508623 
0.3524 0.0898507 0.506038 0.383746 0.0851536 0.503453 0.508094 0.0715069 0.471245 
0.522459 0.0557689 0.478428 0.161714 0.0912543 0.538501 0.160681 0.0963958 0.516635 
0.143701 0.0853549 0.526403 0.193059 0.0865572 0.535916 0.192026 0.0916988 0.51405 
0.224404 0.0818601 0.533331 0.223371 0.0870017 0.511464 0.25575 0.0771631 0.530745 
0.254717 0.0823046 0.508879 0.287095 0.072466 0.52816 0.31844 0.0677689 0.525574 
0.506512 0.0395865 0.510062 0.488499 0.0336872 0.497964 0.505479 0.044728 0.488196 
0.0964084 0.0738696 0.560623 0.0953753 0.0790112 0.538757 0.0783954 0.0679703 0.548525 
0.127754 0.0691725 0.558038 0.126721 0.0743141 0.536171 0.159099 0.0644755 0.555452 
0.190444 0.0597784 0.552867 0.22179 0.0550813 0.550282 0.253135 0.0503843 0.547696 
0.485884 0.00690837 0.514915 -0.0315875 0.0658791 0.587916 -0.0326206 0.0710206 0.566049 
-0.0496006 0.0599797 0.575817 -0.00024217 0.061182 0.58533 -0.00127527 0.0663236 0.563464 
0.0311032 0.0564849 0.582745 0.0300701 0.0616265 0.560879 0.0624485 0.0517879 0.580159 
0.0614154 0.0569294 0.558293 0.0937938 0.0470908 0.577574 0.125139 0.0423937 0.574989 
0.50025 -0.00882957 0.522098 0.514615 -0.0245675 0.52928 -0.128238 0.0531915 0.612623 
-0.129271 0.058333 0.590756 -0.146251 0.0472921 0.600525 -0.0968928 0.0484944 0.610037 
-0.0979259 0.0536359 0.588171 -0.0655475 0.0437973 0.607452 -0.0665806 0.0489389 0.585586 
-0.0342021 0.0391003 0.604867 -0.00285683 0.0344032 0.602281 0.0284885 0.0297061 0.599696 
0.0598338 0.0250091 0.59711 0.0911791 0.020312 0.594525 0.480655 -0.0466493 0.548817 
0.497635 -0.0356084 0.539049 -0.193543 0.0358068 0.634744 -0.194577 0.0409484 0.612878 
-0.211556 0.0299075 0.622646 -0.162198 0.0311097 0.632159 -0.163231 0.0362513 0.610293 
-0.130853 0.0264127 0.629574 -0.0995074 0.0217156 0.626988 -0.0681621 0.0170185 0.624403 
-0.0368168 0.0123215 0.621818 -0.00547148 0.00762439 0.619232 0.0258738 0.00292732 0.616647 
0.402018 -0.0534375 0.585622 0.41535 -0.0640339 0.570939 0.43233 -0.0529931 0.56117 
0.463675 -0.0576901 0.558585 -0.196158 0.00902801 0.651695 -0.214171 0.00312868 0.639597 
-0.164813 0.00433094 0.64911 -0.133467 -0.000366131 0.646525 -0.102122 -0.0050632 0.643939 
-0.0707768 -0.00976027 0.641354 -0.0394314 -0.0144573 0.638768 -0.00808613 -0.0191544 0.636183 
0.318699 -0.0767215 0.595646 0.335679 -0.0656807 0.585877 0.367025 -0.0703777 0.583292 
0.39837 -0.0750748 0.580707 -0.198773 -0.0177508 0.668646 -0.216786 -0.0236501 0.656548 
-0.167427 -0.0224479 0.666061 -0.136082 -0.0271449 0.663476 -0.104737 -0.031842 0.66089 
0.222049 -0.0894091 0.620353 0.239029 -0.0783682 0.610585 0.270374 -0.0830653 0.607999 
0.301719 -0.0877624 0.605414 -0.201387 -0.0445296 0.685597 -0.2194 -0.0504289 0.673499 
-0.170042 -0.0492267 0.683012 -0.138697 -0.0539237 0.680426 0.174756 -0.100894 0.654573 
0.188089 -0.111491 0.639889 0.205069 -0.10045 0.630121 -0.204002 -0.0713084 0.702548 
-0.222015 -0.0772078 0.69045 0.122783 -0.128876 0.662011 0.139763 -0.117835 0.652243 
0.171109 -0.122532 0.649657 -0.206617 -0.0980872 0.719499 -0.22463 -0.103987 0.707401 
0.0888234 -0.150957 0.681547 0.105803 -0.139916 0.671779 -0.210264 -0.119724 0.714584 
-0.195899 -0.135462 0.721767 0.0235182 -0.168342 0.703669 0.0404981 -0.157301 0.693901 
0.0718435 -0.161998 0.691315 -0.181534 -0.1512 0.728949 -0.150188 -0.155897 0.726364 
-0.118843 -0.160594 0.723779 -0.11781 -0.165736 0.745645 -0.0874978 -0.165292 0.721193 
-0.0561525 -0.169989 0.718608 -0.0248072 -0.174686 0.716022 0.00653816 -0.179383 0.713437 
0.355563 0.153691 0.428404 0.35453 0.158833 0.406537 0.33755 0.147792 0.416305 
0.386909 0.148994 0.425818 0.385876 0.154136 0.403952 0.417221 0.149439 0.401367 
0.431586 0.133701 0.408549 0.321603 0.13161 0.44794 0.32057 0.136751 0.426074 
0.30359 0.12571 0.435842 0.445952 0.117963 0.415732 0.477297 0.113266 0.413147 
0.491662 0.0975279 0.420329 0.287643 0.109528 0.467476 0.28661 0.114669 0.44561 
0.26963 0.103629 0.455378 0.489048 0.0707491 0.43728 0.190993 0.0968403 0.492183 
0.18996 0.101982 0.470317 0.17298 0.090941 0.480085 0.222338 0.0921433 0.489598 
0.221305 0.0972848 0.467732 0.253684 0.0874462 0.487013 0.25265 0.0925877 0.465146 
0.504446 0.0498696 0.46633 0.486433 0.0439703 0.454231 0.0943423 0.0841527 0.516891 
0.0933092 0.0892942 0.495024 0.0763292 0.0782534 0.504792 0.125688 0.0794556 0.514305 
0.124654 0.0845972 0.492439 0.156 0.0799001 0.489853 0.483818 0.0171915 0.471182 
-0.19038 0.0996475 0.55711 -0.191413 0.104789 0.535244 -0.208393 0.0937482 0.545012 
-0.159035 0.0949505 0.554525 -0.160068 0.100092 0.532658 -0.12769 0.0902534 0.551939 
-0.128723 0.0953949 0.530073 -0.0963443 0.0855563 0.549354 -0.0973774 0.0906979 0.527488 
-0.064999 0.0808593 0.546768 -0.0660321 0.0860008 0.524902 -0.0336537 0.0761622 0.544183 
-0.0346868 0.0813037 0.522317 -0.00230836 0.0714651 0.541598 -0.00334145 0.0766067 0.519731 
0.029037 0.066768 0.539012 0.0280039 0.0719096 0.517146 0.0603823 0.062071 0.536427 
0.0593492 0.0672125 0.514561 0.481204 -0.00958734 0.488133 -0.22434 0.0775658 0.576646 
-0.225373 0.0827073 0.55478 -0.242353 0.0716665 0.564548 -0.192995 0.0728687 0.574061 
-0.16165 0.0681717 0.571476 -0.130304 0.0634746 0.56889 -0.098959 0.0587775 0.566305 
-0.0676136 0.0540805 0.563719 0.496602 -0.0304668 0.517182 0.478589 -0.0363661 0.505084 
-0.227988 0.0559285 0.571731 -0.213623 0.0401906 0.578914 -0.19561 0.0460899 0.591012 
-0.164264 0.0413928 0.588426 0.462642 -0.0525486 0.536719 0.444629 -0.0584479 0.524621 
0.461609 -0.047407 0.514852 -0.22957 0.0240082 0.610548 -0.230603 0.0291497 0.588682 
-0.247583 0.0181088 0.59845 0.397337 -0.0699332 0.55884 0.379324 -0.0758326 0.546742 
0.396304 -0.0647917 0.536974 0.427649 -0.0694888 0.534389 -0.232184 -0.00277063 0.627499 
-0.250197 -0.00866996 0.615401 0.314018 -0.0932172 0.568864 0.330998 -0.0821764 0.559096 
0.362344 -0.0868734 0.55651 -0.234799 -0.0295494 0.64445 -0.252812 -0.0354488 0.632352 
0.235381 -0.100005 0.605669 0.248713 -0.110602 0.590986 0.265693 -0.099561 0.581218 
0.297038 -0.104258 0.578632 -0.238447 -0.0511867 0.639535 -0.224081 -0.0669246 0.646717 
0.170076 -0.11739 0.627791 0.152063 -0.123289 0.615693 0.169043 -0.112249 0.605925 
0.200388 -0.116946 0.603339 0.231733 -0.121643 0.600754 -0.240028 -0.0831071 0.678352 
-0.241061 -0.0779655 0.656486 -0.258041 -0.0890064 0.666254 0.118103 -0.145371 0.635229 
0.135083 -0.13433 0.625461 -0.242643 -0.109886 0.695303 -0.260656 -0.115785 0.683205 
0.0841426 -0.167453 0.654765 0.101123 -0.156412 0.644997 -0.246291 -0.131523 0.690388 
-0.214945 -0.13622 0.687802 -0.1836 -0.140917 0.685217 -0.182567 -0.146059 0.707083 
-0.169235 -0.156655 0.6924 0.0188373 -0.184838 0.676887 0.0358173 -0.173797 0.667119 
0.0671626 -0.178494 0.664534 -0.154869 -0.172393 0.699582 -0.123524 -0.17709 0.696997 
-0.0921786 -0.181787 0.694412 -0.0608333 -0.186484 0.691826 -0.029488 -0.191181 0.689241 
0.00185732 -0.195879 0.686655 0.324767 0.19545 0.370305 0.323733 0.200592 0.348439 
0.306753 0.189551 0.358207 0.338099 0.184854 0.355622 0.322152 0.168672 0.387256 
0.304139 0.162772 0.375158 0.352464 0.169116 0.362805 0.353497 0.163974 0.384671 
0.384843 0.159277 0.382086 0.383809 0.164419 0.360219 0.398175 0.148681 0.367402 
0.288192 0.14659 0.406793 0.287159 0.151731 0.384926 0.270179 0.14069 0.394695 
0.319537 0.141893 0.404207 0.41254 0.132943 0.374585 0.426905 0.117205 0.381768 
0.285577 0.119811 0.423744 0.267564 0.113912 0.411646 0.441271 0.101467 0.38895 
0.473649 0.0916286 0.408231 0.455636 0.0857293 0.396133 -0.155872 0.158791 0.47689 
-0.156905 0.163933 0.455024 -0.173885 0.152892 0.464792 -0.14254 0.148195 0.462207 
0.251617 0.0977293 0.44328 0.250584 0.102871 0.421414 0.233604 0.0918299 0.431182 
0.470001 0.0699913 0.403316 0.484367 0.0542534 0.410499 -0.158486 0.132012 0.493841 
-0.1765 0.126113 0.481743 -0.128174 0.132457 0.469389 -0.127141 0.127315 0.491256 
-0.0957958 0.122618 0.48867 -0.096829 0.12776 0.466804 -0.0824636 0.112022 0.473987 
0.154967 0.0850417 0.467987 0.153934 0.0901832 0.446121 0.136954 0.0791423 0.455889 
0.185279 0.0854861 0.443535 0.216624 0.0807891 0.44095 0.481752 0.0274746 0.42745 
-0.192446 0.109931 0.513377 -0.19348 0.115072 0.491511 -0.21046 0.104031 0.501279 
-0.161101 0.105234 0.510792 -0.129756 0.100536 0.508207 -0.0984105 0.0958394 0.505621 
-0.0680983 0.0962839 0.481169 -0.0670652 0.0911423 0.503036 -0.0357199 0.0864453 0.50045 
-0.036753 0.0915868 0.478584 -0.0223876 0.0758489 0.485767 0.0269708 0.0770511 0.49528 
0.0259377 0.0821927 0.473413 0.00895769 0.0711518 0.483182 0.0583161 0.0723541 0.492694 
0.057283 0.0774956 0.470828 0.0886283 0.0727985 0.468243 0.119974 0.0681015 0.465657 
0.465805 0.0112922 0.459084 0.447792 0.00539283 0.446986 0.464772 0.0164337 0.437218 
-0.226406 0.0878489 0.532914 -0.22744 0.0929904 0.511047 -0.24442 0.0819496 0.520816 
-0.0080223 0.060111 0.49295 0.463191 -0.0154866 0.476035 0.445177 -0.021386 0.463937 
-0.260366 0.0657672 0.55245 -0.261399 0.0709087 0.530584 -0.278379 0.0598678 0.540352 
0.429231 -0.0375684 0.495572 0.411218 -0.0434677 0.483473 0.428198 -0.0324268 0.473705 
0.460576 -0.0422655 0.492986 -0.264014 0.0441299 0.547535 -0.231636 0.0342913 0.566816 
-0.249649 0.0283919 0.554717 0.426616 -0.0643472 0.512522 0.408603 -0.0702465 0.500424 
-0.265596 0.0122095 0.586352 -0.266629 0.0173511 0.564486 -0.283609 0.00631021 0.574254 
0.374643 -0.0923283 0.519961 0.391623 -0.0812874 0.510192 -0.26821 -0.0145693 0.603303 
-0.286223 -0.0204686 0.591205 0.296005 -0.0991165 0.556766 0.277992 -0.105016 0.544668 
0.294972 -0.093975 0.5349 0.326318 -0.0986721 0.532314 0.357663 -0.103369 0.529729 
-0.270825 -0.0413481 0.620254 -0.288838 -0.0472474 0.608156 0.244032 -0.127098 0.564204 
0.261012 -0.116057 0.554436 -0.274473 -0.0629854 0.615338 -0.242094 -0.0728239 0.634619 
-0.260107 -0.0787233 0.622521 0.147382 -0.139785 0.588911 0.164362 -0.128744 0.579143 
0.195707 -0.133441 0.576558 0.227052 -0.138138 0.573972 -0.276054 -0.0949057 0.654156 
-0.277087 -0.0897642 0.632289 -0.294067 -0.100805 0.642058 0.100089 -0.151271 0.623131 
0.0820764 -0.15717 0.611033 0.0990564 -0.146129 0.601265 0.130402 -0.150826 0.598679 
-0.279702 -0.116543 0.64924 -0.248357 -0.12124 0.646655 -0.247324 -0.126382 0.668521 
-0.233991 -0.136978 0.653838 0.0661295 -0.173352 0.642667 0.0481164 -0.179252 0.630569 
0.0650964 -0.168211 0.620801 -0.219626 -0.152716 0.661021 -0.188281 -0.157413 0.658435 
-0.156935 -0.16211 0.65585 -0.155902 -0.167252 0.677716 -0.14257 -0.177848 0.663032 
0.000824231 -0.190737 0.664789 -0.0171889 -0.196636 0.652691 -0.000208864 -0.185595 0.642923 
0.0311365 -0.190292 0.640337 -0.128205 -0.193586 0.670215 -0.0968595 -0.198283 0.66763 
-0.0655142 -0.20298 0.665045 -0.0341688 -0.207677 0.662459 0.291355 0.210431 0.329158 
0.290322 0.215572 0.307292 0.273342 0.204531 0.31706 0.304687 0.199834 0.314475 
0.28874 0.183652 0.346109 0.270727 0.177752 0.334011 0.319053 0.184096 0.321658 
0.333418 0.168358 0.32884 0.286126 0.156873 0.36306 0.268113 0.150974 0.350962 
0.347783 0.15262 0.336023 0.380162 0.142782 0.355304 0.362149 0.136882 0.343206 
0.252166 0.134791 0.382596 0.251133 0.139933 0.36073 0.234153 0.128892 0.370498 
0.376514 0.121144 0.350389 0.408892 0.111306 0.36967 0.390879 0.105406 0.357571 
0.249551 0.108012 0.399547 0.231538 0.102113 0.387449 0.405245 0.0896686 0.364754 
0.437623 0.0798299 0.384035 0.41961 0.0739306 0.371937 -0.161586 0.147437 0.428242 
-0.178566 0.136396 0.43801 -0.129207 0.137598 0.447523 -0.13024 0.14274 0.425657 
-0.097862 0.132901 0.444938 -0.0988951 0.138043 0.423071 -0.0845298 0.122305 0.430254 
0.184246 0.0906277 0.421669 0.183213 0.0957692 0.399803 0.166233 0.0847284 0.409571 
0.215591 0.0859306 0.419084 0.214558 0.0910722 0.397217 0.433975 0.0581927 0.37912 
0.466354 0.048354 0.398401 0.448341 0.0424547 0.386303 -0.194513 0.120214 0.469645 
-0.195546 0.125355 0.447779 -0.212526 0.114314 0.457547 -0.0691314 0.101425 0.459303 
-0.0701645 0.106567 0.437437 -0.0557991 0.0908291 0.44462 0.0562499 0.0826371 0.448962 
0.0552168 0.0877787 0.427095 0.0382368 0.0767378 0.436864 0.0875952 0.0779401 0.446376 
0.0865621 0.0830816 0.42451 0.118941 0.073243 0.443791 0.117907 0.0783846 0.421925 
0.149253 0.0736875 0.419339 0.463739 0.0215752 0.415352 0.445726 0.0156759 0.403253 
-0.228473 0.098132 0.489181 -0.229506 0.103274 0.467315 -0.246486 0.0922327 0.477083 
-0.0414338 0.0750911 0.451802 -0.00905539 0.0652525 0.471083 -0.0100885 0.070394 0.449217 
0.0212568 0.065697 0.446632 0.429779 -0.000506501 0.434888 0.411766 -0.00640582 0.42279 
0.428746 0.00463505 0.413022 -0.262433 0.0760502 0.508717 -0.263466 0.0811918 0.486851 
-0.280446 0.0701509 0.496619 0.427164 -0.0272853 0.451839 0.409151 -0.0331846 0.439741 
-0.327738 0.0586656 0.530839 -0.328771 0.0638071 0.508973 -0.345751 0.0527663 0.518741 
-0.296393 0.0539685 0.528254 -0.297426 0.0591101 0.506387 0.393204 -0.049367 0.471375 
0.375191 -0.0552664 0.459277 0.392171 -0.0442255 0.449509 -0.331386 0.0370283 0.525924 
-0.31702 0.0212904 0.533107 -0.299007 0.0271897 0.545205 -0.267662 0.0224926 0.542619 
0.39059 -0.0761459 0.488326 0.372577 -0.0820452 0.476228 -0.301622 0.000410881 0.562156 
-0.319635 -0.00548843 0.550058 0.35663 -0.0982276 0.507863 0.338617 -0.104127 0.495764 
0.355597 -0.093086 0.485996 -0.335582 -0.0216709 0.581692 -0.336615 -0.0165293 0.559826 
-0.353595 -0.0275702 0.569594 -0.304237 -0.0263679 0.579107 0.273311 -0.121512 0.517886 
0.290291 -0.110471 0.508118 0.321637 -0.115168 0.505533 -0.33923 -0.0433081 0.576777 
-0.324864 -0.059046 0.583959 -0.306851 -0.0531467 0.596058 0.239351 -0.143593 0.537422 
0.256331 -0.132552 0.527654 -0.310499 -0.074784 0.591142 -0.278121 -0.0846226 0.610423 
-0.296134 -0.0905219 0.598325 0.129369 -0.145685 0.576813 0.111356 -0.151584 0.564715 
0.128336 -0.140543 0.554947 0.159681 -0.14524 0.552361 0.191026 -0.149937 0.549776 
0.222371 -0.154634 0.547191 -0.280735 -0.111401 0.627374 -0.281768 -0.10626 0.605508 
-0.267403 -0.121998 0.612691 0.0640633 -0.163069 0.598935 0.0460502 -0.168969 0.586837 
0.0630302 -0.157928 0.577069 0.0943756 -0.162625 0.574483 -0.253038 -0.137736 0.619873 
-0.221692 -0.142433 0.617288 -0.220659 -0.147574 0.639154 -0.190347 -0.14713 0.614703 
-0.189314 -0.152271 0.636569 -0.175982 -0.162868 0.621885 0.0301034 -0.185151 0.618471 
0.0120903 -0.19105 0.606373 0.0290703 -0.180009 0.596605 -0.161616 -0.178606 0.629068 
-0.130271 -0.183303 0.626483 -0.129238 -0.188444 0.648349 -0.115906 -0.199041 0.633665 
-0.0665472 -0.197839 0.643178 -0.0845603 -0.203738 0.63108 -0.0675803 -0.192697 0.621312 
-0.036235 -0.197394 0.618726 -0.0352019 -0.202536 0.640593 -0.00488971 -0.202091 0.616141 
-0.10154 -0.214779 0.640848 0.255329 0.198632 0.304962 0.254296 0.203773 0.283096 
0.237316 0.192733 0.292864 0.286674 0.193935 0.302377 0.268661 0.188035 0.290278 
0.252714 0.171853 0.321913 0.234701 0.165954 0.309815 0.283026 0.172298 0.297461 
0.315405 0.162459 0.316742 0.297392 0.15656 0.304644 0.2501 0.145074 0.338864 
0.232086 0.139175 0.326766 0.311757 0.140822 0.311827 0.344135 0.130983 0.331108 
0.326122 0.125084 0.31901 0.21614 0.122993 0.3584 0.215107 0.128134 0.336534 
0.198127 0.117093 0.346302 0.340488 0.109346 0.326192 0.372866 0.0995072 0.345473 
0.354853 0.0936079 0.333375 -0.131274 0.147881 0.40379 -0.132307 0.153023 0.381924 
-0.149287 0.141982 0.391692 -0.0999282 0.143184 0.401205 -0.100961 0.148326 0.379339 
-0.086596 0.132588 0.386521 0.18218 0.100911 0.377937 0.181147 0.106052 0.35607 
0.164167 0.0950115 0.365838 0.213525 0.0962137 0.375351 0.369218 0.0778699 0.340558 
0.401597 0.0680313 0.359839 0.383584 0.062132 0.347741 -0.166267 0.130941 0.40146 
-0.183247 0.1199 0.411229 -0.0711976 0.111709 0.415571 -0.0722307 0.11685 0.393704 
-0.0578653 0.101112 0.400887 0.085529 0.0882232 0.402644 0.0844959 0.0933647 0.380777 
0.0675159 0.0823239 0.390545 0.116874 0.0835261 0.400058 0.115841 0.0886677 0.378192 
0.14822 0.078829 0.397473 0.147187 0.0839706 0.375607 0.397949 0.046394 0.354923 
0.430328 0.0365554 0.374204 0.412314 0.0306561 0.362106 -0.200227 0.10886 0.420997 
-0.217207 0.0978187 0.430765 -0.0424669 0.0802326 0.429936 -0.0435 0.0853742 0.40807 
-0.0111216 0.0755356 0.427351 -0.0121547 0.0806771 0.405484 0.0202237 0.0708385 0.424765 
0.0191906 0.0759801 0.402899 0.050536 0.071283 0.400314 0.427713 0.0097766 0.391155 
0.4097 0.00387729 0.379057 -0.264499 0.0863333 0.464985 -0.265532 0.0914749 0.443119 
-0.282512 0.080434 0.452887 -0.234187 0.0867778 0.440533 0.407085 -0.0229015 0.396008 
-0.329804 0.0689487 0.487107 -0.330837 0.0740902 0.46524 -0.347817 0.0630494 0.475008 
-0.298459 0.0642516 0.484521 -0.299492 0.0693932 0.462655 0.391138 -0.0390839 0.427643 
0.373125 -0.0449833 0.415545 0.390105 -0.0339424 0.405776 -0.363764 0.0468669 0.506643 
-0.364797 0.0520085 0.484777 -0.381777 0.0409676 0.494545 0.357178 -0.0611657 0.447179 
0.339165 -0.067065 0.435081 0.356145 -0.0560241 0.425313 -0.366379 0.0200881 0.523594 
-0.384392 0.0141888 0.511496 -0.335033 0.015391 0.521008 0.354564 -0.0879445 0.46413 
0.336551 -0.0938438 0.452032 -0.370026 -0.00154913 0.518678 -0.355661 -0.0172871 0.525861 
-0.337648 -0.0113878 0.537959 0.320604 -0.110026 0.483666 0.302591 -0.115926 0.471568 
0.319571 -0.104885 0.4618 -0.358276 -0.0440659 0.542812 0.268631 -0.138007 0.491104 
0.285611 -0.126966 0.481336 -0.34391 -0.0598038 0.549995 -0.329545 -0.0755417 0.557178 
0.221338 -0.149493 0.525324 0.203325 -0.155392 0.513226 0.220305 -0.144351 0.503458 
0.251651 -0.149048 0.500873 -0.31518 -0.0912797 0.56436 -0.300814 -0.107018 0.571543 
0.0933425 -0.157483 0.552617 0.0753294 -0.163382 0.540519 0.0923094 -0.152342 0.530751 
0.123655 -0.157039 0.528165 0.155 -0.161736 0.52558 0.186345 -0.166433 0.522994 
-0.286449 -0.122756 0.578726 -0.255104 -0.127453 0.576141 -0.254071 -0.132594 0.598007 
-0.240738 -0.143191 0.583323 0.0280372 -0.174868 0.574738 0.0100241 -0.180767 0.56264 
0.0270041 -0.169726 0.552872 0.0583494 -0.174423 0.550287 -0.226373 -0.158929 0.590506 
-0.195028 -0.163626 0.587921 -0.163682 -0.168323 0.585335 -0.162649 -0.173464 0.607202 
-0.149317 -0.184061 0.592518 -0.0372681 -0.192253 0.59686 -0.0552812 -0.198152 0.584762 
-0.0383012 -0.187111 0.574994 -0.00695589 -0.191808 0.572409 -0.0059228 -0.19695 0.594275 
-0.134952 -0.199799 0.599701 -0.103606 -0.204496 0.597116 -0.102573 -0.209637 0.618982 
-0.0722612 -0.209193 0.59453 0.219303 0.186833 0.280766 0.21827 0.191975 0.258899 
0.20129 0.180934 0.268668 0.249615 0.187278 0.256314 0.26398 0.17154 0.263497 
0.185343 0.164752 0.300302 0.18431 0.169893 0.278436 0.16733 0.158852 0.288204 
0.216688 0.160054 0.297717 0.278346 0.155802 0.27068 0.292711 0.140064 0.277862 
0.182728 0.137973 0.317253 0.164715 0.132073 0.305155 0.214073 0.133276 0.314668 
0.308109 0.119184 0.306911 0.290096 0.113285 0.294813 -0.101994 0.153468 0.357472 
-0.103028 0.158609 0.335606 -0.120007 0.147568 0.345374 -0.0886622 0.142871 0.342789 
0.17908 0.116335 0.312338 0.193446 0.100597 0.31952 0.304462 0.0975472 0.301996 
0.33684 0.0877085 0.321277 0.318827 0.0818092 0.309179 -0.1673 0.136083 0.379594 
-0.168333 0.141224 0.357728 -0.185313 0.130184 0.367496 -0.136987 0.136527 0.355142 
-0.0732637 0.121992 0.371838 -0.0742968 0.127133 0.349972 -0.0599315 0.111395 0.357154 
0.176466 0.0895566 0.329289 0.159486 0.0785158 0.339057 0.333192 0.0660713 0.316362 
0.365571 0.0562326 0.335643 0.347558 0.0503333 0.323544 -0.20126 0.114001 0.399131 
-0.202293 0.119143 0.377264 -0.219273 0.108102 0.387032 -0.0445331 0.0905157 0.386204 
-0.0455662 0.0956573 0.364337 -0.0312008 0.0799194 0.37152 0.0495029 0.0764245 0.378447 
0.0484698 0.0815661 0.356581 0.0314898 0.0705252 0.366349 0.0798151 0.076869 0.353996 
0.11116 0.0721719 0.35141 0.142506 0.0674749 0.348825 0.361923 0.0345954 0.330727 
0.394301 0.0247568 0.350008 0.376288 0.0188574 0.33791 -0.266565 0.0966164 0.421252 
-0.267598 0.101758 0.399386 -0.284578 0.0907171 0.409154 -0.23522 0.0919194 0.418667 
-0.236253 0.0970609 0.396801 -0.0168355 0.0641814 0.378703 0.0145098 0.0594844 0.376117 
0.391687 -0.00202204 0.366959 0.373674 -0.00792136 0.354861 -0.33187 0.0792318 0.443374 
-0.332903 0.0843733 0.421508 -0.349883 0.0733325 0.431276 -0.300525 0.0745347 0.440789 
-0.301558 0.0796762 0.418922 0.389072 -0.0288009 0.38391 0.371059 -0.0347002 0.371812 
-0.36583 0.05715 0.46291 -0.366863 0.0622916 0.441044 -0.383843 0.0512507 0.450812 
0.368444 -0.061479 0.388763 -0.386458 0.0244719 0.467763 0.334484 -0.0835607 0.408299 
0.351464 -0.0725198 0.398531 -0.389073 -0.00230691 0.484714 0.318537 -0.0997431 0.439934 
0.300524 -0.105642 0.427836 0.317504 -0.0946016 0.418067 -0.374707 -0.0180449 0.491897 
-0.360342 -0.0337828 0.49908 0.284578 -0.121825 0.45947 0.266564 -0.127724 0.447372 
0.283544 -0.116683 0.437604 -0.345977 -0.0495207 0.506262 -0.344944 -0.0546623 0.528129 
-0.331611 -0.0652587 0.513445 0.250618 -0.143907 0.479006 0.232604 -0.149806 0.466908 
0.249584 -0.138765 0.45714 -0.334226 -0.0920375 0.530396 0.198644 -0.171888 0.486445 
0.215624 -0.160847 0.476676 -0.319861 -0.107775 0.537579 -0.288515 -0.112472 0.534994 
-0.287482 -0.117614 0.55686 -0.27415 -0.12821 0.542176 0.025971 -0.164585 0.531006 
0.0079579 -0.170484 0.518908 0.0249379 -0.159443 0.50914 0.0562832 -0.16414 0.506554 
0.0573163 -0.169282 0.528421 0.0876285 -0.168837 0.503969 0.118974 -0.173534 0.501383 
0.150319 -0.178231 0.498798 0.181664 -0.182929 0.496213 -0.259785 -0.143948 0.549359 
-0.228439 -0.148645 0.546774 -0.227406 -0.153787 0.56864 -0.214074 -0.164383 0.553956 
-0.00798899 -0.186667 0.550542 -0.0260021 -0.192566 0.538444 -0.00902208 -0.181525 0.528676 
-0.199709 -0.180121 0.561139 -0.168363 -0.184818 0.558554 -0.137018 -0.189515 0.555968 
-0.135985 -0.194657 0.577835 -0.105673 -0.194212 0.553383 -0.10464 -0.199354 0.575249 
-0.0743274 -0.19891 0.550798 -0.0732943 -0.204051 0.572664 -0.0429821 -0.203607 0.548212 
0.214622 0.170338 0.253984 0.245967 0.16564 0.251399 0.149317 0.152953 0.276106 
0.148284 0.158094 0.254239 0.131304 0.147054 0.264008 0.179629 0.153397 0.251654 
0.210974 0.1487 0.249069 0.242319 0.144003 0.246483 0.274698 0.134165 0.265764 
0.256685 0.128265 0.253666 0.146702 0.126174 0.293057 0.128689 0.120275 0.280959 
0.27105 0.112527 0.260849 0.285415 0.0967894 0.268032 -0.138021 0.141669 0.333276 
-0.139054 0.14681 0.31141 -0.156034 0.13577 0.321178 -0.106675 0.136972 0.330691 
-0.124688 0.131072 0.318593 0.143054 0.104537 0.288141 0.175433 0.0946982 0.307422 
0.15742 0.0887988 0.295324 0.300814 0.0759099 0.297081 0.282801 0.0700106 0.284983 
-0.173014 0.124729 0.330946 -0.189994 0.113688 0.340714 -0.110323 0.115335 0.325775 
-0.0779446 0.105496 0.345056 -0.0959577 0.0995966 0.332958 0.141473 0.0726164 0.326959 
0.14044 0.077758 0.305092 0.12346 0.0667171 0.31486 0.297166 0.0542726 0.292165 
0.329545 0.044434 0.311446 0.311531 0.0385347 0.299348 -0.299976 0.111597 0.380105 
-0.30101 0.116738 0.358239 -0.317989 0.105697 0.368007 -0.268631 0.1069 0.37752 
-0.269664 0.112041 0.355653 -0.237286 0.102202 0.374934 -0.238319 0.107344 0.353068 
-0.206974 0.102647 0.350483 -0.0815923 0.0838587 0.340141 -0.050247 0.0791616 0.337556 
-0.0178686 0.069323 0.356837 -0.0189017 0.0744645 0.33497 0.0134767 0.0646259 0.354251 
0.0124436 0.0697675 0.332385 0.0437889 0.0650704 0.329799 0.0751343 0.0603733 0.327214 
0.10648 0.0556762 0.324629 0.325897 0.0227967 0.306531 0.358275 0.0129581 0.325812 
0.340262 0.00705881 0.313714 -0.333936 0.0895149 0.399641 -0.33497 0.0946564 0.377775 
-0.35195 0.0836155 0.387543 -0.302591 0.0848178 0.397056 0.354627 -0.00867913 0.320896 
0.368993 -0.0244171 0.328079 -0.367896 0.0674331 0.419178 -0.36893 0.0725747 0.397311 
-0.385909 0.0615338 0.40708 0.366378 -0.0511959 0.34503 -0.388524 0.034755 0.42403 
0.350431 -0.0673783 0.376665 0.332418 -0.0732776 0.364567 0.349398 -0.0622367 0.354798 
-0.391139 0.0079762 0.440981 0.316471 -0.08946 0.396201 0.298458 -0.0953593 0.384103 
0.315438 -0.0843185 0.374335 -0.393754 -0.0188026 0.457932 0.295844 -0.122138 0.401054 
-0.379388 -0.0345406 0.465115 -0.365023 -0.0502785 0.472298 0.248551 -0.133624 0.435274 
0.230538 -0.139523 0.423176 0.247518 -0.128482 0.413407 0.278864 -0.133179 0.410822 
-0.350657 -0.0660164 0.479481 -0.336292 -0.0817544 0.486664 0.214591 -0.155705 0.45481 
0.196578 -0.161605 0.442712 0.213558 -0.150564 0.432944 -0.321927 -0.0974923 0.493846 
-0.320894 -0.102634 0.515713 -0.307561 -0.11323 0.501029 0.0552501 -0.158999 0.484688 
0.037237 -0.164898 0.47259 0.054217 -0.153857 0.462822 0.0855623 -0.158554 0.460236 
0.0865954 -0.163696 0.482102 0.116908 -0.163251 0.457651 0.117941 -0.168393 0.479517 
0.131273 -0.178989 0.464834 0.180631 -0.177787 0.474346 0.162618 -0.183686 0.462248 
0.179598 -0.172645 0.45248 -0.293196 -0.128968 0.508212 -0.261851 -0.133665 0.505626 
-0.260818 -0.138807 0.527493 -0.247486 -0.149403 0.512809 -0.0100552 -0.176383 0.50681 
-0.0280683 -0.182283 0.494711 -0.0110883 -0.171242 0.484943 0.020257 -0.175939 0.482358 
0.145638 -0.194727 0.472016 -0.23312 -0.165141 0.519992 -0.201775 -0.169838 0.517407 
-0.200742 -0.17498 0.539273 -0.17043 -0.174535 0.514821 -0.169396 -0.179677 0.536688 
-0.139084 -0.179232 0.512236 -0.138051 -0.184374 0.534102 -0.107739 -0.183929 0.50965 
-0.106706 -0.189071 0.531517 -0.0763936 -0.188626 0.507065 -0.0753605 -0.193768 0.528931 
-0.0450482 -0.193324 0.50448 -0.0440152 -0.198465 0.526346 0.143603 0.141599 0.227458 
0.126623 0.130558 0.237226 0.174948 0.136902 0.224872 0.206293 0.132205 0.222287 
0.238672 0.122366 0.241568 0.220659 0.116467 0.22947 0.124008 0.103779 0.254177 
0.235024 0.100729 0.236653 0.267402 0.0908901 0.255934 0.249389 0.0849907 0.243835 
-0.174047 0.12987 0.30908 -0.17508 0.135012 0.287214 -0.19206 0.123971 0.296982 
-0.143734 0.130315 0.284628 -0.111356 0.120476 0.303909 -0.112389 0.125618 0.282043 
-0.0980239 0.10988 0.289226 0.139406 0.0828995 0.283226 0.121393 0.0770002 0.271128 
0.263755 0.0692528 0.251018 0.27812 0.0535149 0.258201 -0.270697 0.117183 0.333787 
-0.27173 0.122324 0.311921 -0.28871 0.111283 0.321689 -0.239352 0.112486 0.331202 
-0.240385 0.117627 0.309335 -0.208007 0.107788 0.328616 -0.20904 0.11293 0.30675 
-0.0826254 0.0890002 0.318275 -0.0836585 0.0941418 0.296408 -0.0512801 0.0843031 0.315689 
-0.0523132 0.0894447 0.293823 -0.0199348 0.0796061 0.313104 -0.0209679 0.0847476 0.291238 
0.0114105 0.074909 0.310519 0.0103774 0.0800506 0.288652 0.0427558 0.0702119 0.307933 
0.0417227 0.0753535 0.286067 0.0741012 0.0655149 0.305348 0.0730681 0.0706564 0.283481 
0.105446 0.0608178 0.302762 0.104413 0.0659593 0.280896 0.292485 0.0377769 0.265384 
0.306851 0.022039 0.272567 -0.336003 0.099798 0.355909 -0.337036 0.10494 0.334042 
-0.354016 0.0938987 0.343811 -0.30569 0.100242 0.331457 0.322249 0.00115949 0.301616 
0.304236 -0.00473983 0.289517 -0.369963 0.0777162 0.375445 -0.370996 0.0828578 0.353579 
-0.387976 0.0718169 0.363347 0.318601 -0.0204778 0.2967 0.35098 -0.0303164 0.315981 
0.332967 -0.0362157 0.303883 -0.39059 0.0450381 0.380298 0.348365 -0.0570952 0.332932 
0.330352 -0.0629945 0.320834 -0.393205 0.0182593 0.397249 0.314405 -0.0791769 0.352468 
0.296392 -0.0850763 0.34037 0.313372 -0.0740354 0.330602 -0.39582 -0.00851951 0.4142 
0.293777 -0.111855 0.357321 -0.381454 -0.0242575 0.421383 -0.380421 -0.029399 0.443249 
-0.367089 -0.0399954 0.428565 0.27783 -0.128037 0.388956 0.259817 -0.133937 0.376858 
0.276797 -0.122896 0.367089 -0.352724 -0.0557333 0.435748 -0.351691 -0.0608749 0.457614 
-0.338358 -0.0714713 0.442931 0.225857 -0.156019 0.396394 0.242837 -0.144978 0.386626 
-0.323993 -0.0872092 0.450114 -0.32296 -0.0923508 0.47198 -0.309628 -0.102947 0.457296 
0.178565 -0.167504 0.430614 0.160552 -0.173403 0.418516 0.177532 -0.162362 0.408747 
0.208877 -0.167059 0.406162 -0.295262 -0.118685 0.464479 -0.294229 -0.123827 0.486346 
-0.263917 -0.123382 0.461894 -0.262884 -0.128524 0.48376 -0.249552 -0.13912 0.469077 
-0.0121214 -0.1661 0.463077 -0.0301344 -0.172 0.450979 -0.0131545 -0.160959 0.441211 
0.0181909 -0.165656 0.438625 0.019224 -0.170797 0.460492 0.0495362 -0.170353 0.43604 
0.0808815 -0.17505 0.433455 0.112227 -0.179747 0.430869 0.143572 -0.184444 0.428284 
0.144605 -0.189586 0.45015 -0.235186 -0.154858 0.476259 -0.234153 -0.16 0.498126 
-0.203841 -0.159555 0.473674 -0.202808 -0.164697 0.49554 -0.172496 -0.164252 0.471089 
-0.171463 -0.169394 0.492955 -0.14115 -0.168949 0.468503 -0.140117 -0.174091 0.49037 
-0.109805 -0.173646 0.465918 -0.108772 -0.178788 0.487784 -0.0784597 -0.178343 0.463333 
-0.0774266 -0.183485 0.485199 -0.0471144 -0.18304 0.460747 -0.0460813 -0.188182 0.482613 
0.139955 0.119961 0.222543 0.153287 0.109365 0.207859 0.170267 0.120406 0.198091 
0.201612 0.115709 0.195505 0.215978 0.0999709 0.202688 -0.144768 0.135456 0.262762 
-0.145801 0.140598 0.240896 -0.162781 0.129557 0.250664 -0.131435 0.12486 0.248078 
0.136307 0.0983242 0.217627 0.119327 0.0872833 0.227395 0.230343 0.0842329 0.209871 
0.244708 0.068495 0.217054 -0.179761 0.118516 0.260432 -0.196741 0.107475 0.2702 
-0.11707 0.109122 0.255261 -0.102705 0.093384 0.262444 0.00934433 0.0851921 0.266786 
0.00831124 0.0903337 0.24492 -0.00866875 0.0792928 0.254688 0.0406897 0.080495 0.264201 
0.0396566 0.0856366 0.242334 0.0540219 0.0698986 0.249517 0.10338 0.0711009 0.25903 
0.102347 0.0762424 0.237164 0.0853672 0.0652016 0.246932 0.259074 0.0527571 0.224237 
0.273439 0.0370191 0.231419 -0.306724 0.105384 0.309591 -0.307757 0.110526 0.287724 
-0.324737 0.0994847 0.297493 -0.276411 0.105828 0.285139 -0.245066 0.101131 0.282554 
-0.213721 0.0964343 0.279968 -0.0883394 0.077646 0.269627 -0.0569941 0.072949 0.267041 
-0.0256487 0.0682519 0.264456 0.0683872 0.0541607 0.2567 0.288838 0.0161397 0.260468 
0.270824 0.0102403 0.24837 -0.341717 0.0884438 0.307261 -0.358697 0.0774029 0.317029 
0.28519 -0.00549761 0.255553 0.299555 -0.0212356 0.262736 -0.375677 0.066362 0.326797 
-0.392657 0.0553212 0.336565 0.314954 -0.042115 0.291785 0.296941 -0.0480144 0.279687 
-0.395271 0.0285424 0.353516 0.312339 -0.0688938 0.308736 0.294326 -0.0747932 0.296638 
-0.397886 0.00176358 0.370467 0.291711 -0.101572 0.313589 -0.400501 -0.0250152 0.387418 
0.275764 -0.117754 0.345223 0.257751 -0.123654 0.333125 0.274731 -0.112613 0.323357 
-0.386135 -0.0407532 0.394601 -0.37177 -0.0564911 0.401784 0.241804 -0.139836 0.364759 
0.223791 -0.145735 0.352661 0.240771 -0.134695 0.342893 -0.357405 -0.0722291 0.408966 
-0.326059 -0.0769261 0.406381 -0.325026 -0.0820677 0.428247 -0.311694 -0.0926641 0.413564 
0.176499 -0.157221 0.386881 0.158486 -0.16312 0.374783 0.175466 -0.152079 0.365015 
0.206811 -0.156776 0.362429 0.207844 -0.161918 0.384296 -0.297329 -0.108402 0.420747 
-0.296295 -0.113544 0.442613 -0.265983 -0.113099 0.418161 -0.26495 -0.118241 0.440028 
-0.234638 -0.117796 0.415576 -0.233605 -0.122938 0.437442 -0.220273 -0.133534 0.422759 
-0.0141876 -0.155817 0.419344 -0.0322006 -0.161717 0.407246 -0.0152206 -0.150676 0.397478 
0.0161247 -0.155373 0.394893 0.0171578 -0.160514 0.416759 0.04747 -0.16007 0.392307 
0.0485031 -0.165211 0.414174 0.0788153 -0.164767 0.389722 0.0798484 -0.169908 0.411588 
0.110161 -0.169464 0.387137 0.111194 -0.174605 0.409003 0.141506 -0.174161 0.384551 
0.142539 -0.179303 0.406417 -0.236219 -0.149716 0.454393 -0.205907 -0.149272 0.429941 
-0.204874 -0.154414 0.451808 -0.174562 -0.153969 0.427356 -0.173529 -0.159111 0.449222 
-0.143217 -0.158666 0.424771 -0.142183 -0.163808 0.446637 -0.111871 -0.163363 0.422185 
-0.110838 -0.168505 0.444052 -0.0805259 -0.16806 0.4196 -0.0794928 -0.173202 0.441466 
-0.0491806 -0.172757 0.417014 -0.0481475 -0.177899 0.438881 -0.115488 0.141042 0.216444 
-0.116522 0.146184 0.194578 -0.133502 0.135143 0.204346 -0.102156 0.130446 0.20176 
0.165586 0.10391 0.171309 0.148606 0.0928693 0.181077 0.197965 0.0940716 0.19059 
0.179952 0.0881723 0.178492 -0.150482 0.124102 0.214114 -0.167462 0.113061 0.223882 
-0.118103 0.114263 0.233395 -0.104771 0.103667 0.218711 0.101314 0.081384 0.215297 
0.100281 0.0865255 0.193431 0.083301 0.0754847 0.203199 0.131626 0.0818285 0.190845 
0.194317 0.0724343 0.185675 0.226695 0.0625957 0.204956 0.208682 0.0566964 0.192857 
-0.30879 0.115667 0.265858 -0.309823 0.120809 0.243992 -0.326803 0.109768 0.25376 
-0.277444 0.11097 0.263273 -0.278477 0.116112 0.241406 -0.264112 0.100374 0.248589 
-0.214754 0.101576 0.258102 -0.215787 0.106717 0.236236 -0.232767 0.0956766 0.246004 
-0.184442 0.10202 0.23365 -0.0893725 0.0827876 0.24776 -0.0904056 0.0879291 0.225894 
-0.0580271 0.0780905 0.245175 -0.0590602 0.0832321 0.223309 -0.0266818 0.0733935 0.24259 
-0.0277149 0.078535 0.220723 0.0036304 0.0738379 0.218138 0.0349757 0.0691409 0.215553 
0.0673541 0.0593022 0.234834 0.066321 0.0644438 0.212967 0.223048 0.0409584 0.20004 
0.255426 0.0311198 0.219321 0.237413 0.0252205 0.207223 -0.34275 0.0935854 0.285395 
-0.343783 0.0987269 0.263528 -0.360763 0.087686 0.273296 -0.249747 0.0846357 0.255772 
0.251778 0.00948256 0.214406 0.266144 -0.00625537 0.221589 -0.37671 0.0715036 0.304931 
-0.377743 0.0766452 0.283065 -0.394723 0.0656043 0.292833 0.281542 -0.0271349 0.250638 
0.263529 -0.0330342 0.23854 -0.397337 0.0388255 0.309784 0.277894 -0.0487721 0.245722 
0.29226 -0.0645101 0.252905 -0.399952 0.0120467 0.326735 0.289645 -0.0912889 0.269856 
-0.402567 -0.0147321 0.343686 0.273698 -0.107471 0.301491 0.255685 -0.113371 0.289392 
0.272665 -0.10233 0.279624 -0.388201 -0.0304701 0.350868 -0.387168 -0.0356116 0.372735 
-0.373836 -0.046208 0.358051 0.25307 -0.140149 0.306343 -0.359471 -0.061946 0.365234 
-0.358438 -0.0670875 0.3871 -0.345105 -0.0776839 0.372417 0.21911 -0.162231 0.32588 
0.23609 -0.15119 0.316111 -0.33074 -0.0934218 0.379599 -0.299395 -0.0981189 0.377014 
-0.298362 -0.10326 0.39888 -0.268049 -0.102816 0.374429 -0.267016 -0.107958 0.396295 
-0.236704 -0.107513 0.371843 -0.235671 -0.112655 0.39371 -0.222339 -0.123251 0.379026 
-0.0162537 -0.145534 0.375612 -0.0342668 -0.151433 0.363514 -0.0172868 -0.140393 0.353746 
0.0140585 -0.14509 0.35116 0.0150916 -0.150231 0.373026 0.0454038 -0.149787 0.348575 
0.0464369 -0.154928 0.370441 0.0767491 -0.154484 0.345989 0.0777822 -0.159625 0.367856 
0.108094 -0.159181 0.343404 0.109128 -0.164322 0.36527 0.13944 -0.163878 0.340819 
0.140473 -0.169019 0.362685 0.170785 -0.168575 0.338233 0.20213 -0.173272 0.335648 
-0.207973 -0.138989 0.386209 -0.20694 -0.14413 0.408075 -0.176628 -0.143686 0.383623 
-0.175595 -0.148828 0.40549 -0.145283 -0.148383 0.381038 -0.14425 -0.153525 0.402904 
-0.113937 -0.15308 0.378453 -0.112904 -0.158222 0.400319 -0.0825921 -0.157777 0.375867 
-0.081559 -0.162919 0.397734 -0.0512468 -0.162474 0.373282 -0.0502137 -0.167616 0.395148 
-0.121202 0.129688 0.167796 -0.138182 0.118647 0.177564 -0.106837 0.11395 0.174979 
0.161939 0.0822729 0.166394 -0.185475 0.107162 0.211784 -0.186508 0.112303 0.189918 
-0.203488 0.101263 0.199686 -0.155162 0.107606 0.187332 -0.0924717 0.0982122 0.182162 
-0.0914387 0.0930707 0.204028 -0.0600933 0.0883736 0.201442 -0.0611264 0.0935152 0.179576 
-0.028748 0.0836766 0.198857 -0.0297811 0.0888181 0.176991 0.0025973 0.0789795 0.196272 
0.00156421 0.084121 0.174405 0.0159295 0.0683831 0.181588 0.0652879 0.0695853 0.191101 
0.0642549 0.0747269 0.169235 0.0472749 0.063686 0.179003 0.0956002 0.0700298 0.166649 
0.126945 0.0653327 0.164064 0.158291 0.0606357 0.161478 0.190669 0.0507971 0.180759 
0.172656 0.0448977 0.168661 -0.314504 0.104313 0.21721 -0.331484 0.0932721 0.226978 
-0.283158 0.0996158 0.214625 -0.25078 0.0897772 0.233906 -0.251813 0.0949188 0.212039 
-0.220468 0.0902217 0.209454 0.0302949 0.0526452 0.188771 0.187021 0.0291598 0.175844 
0.2194 0.0193212 0.195125 0.201387 0.0134219 0.183027 -0.348464 0.0822312 0.236747 
-0.365444 0.0711903 0.246515 0.215752 -0.00231608 0.19021 0.248131 -0.0121547 0.20949 
0.230117 -0.018054 0.197392 -0.382424 0.0601494 0.256283 -0.399404 0.0491086 0.266051 
0.244483 -0.033792 0.204575 0.258848 -0.0495299 0.211758 -0.402018 0.0223298 0.283002 
0.274247 -0.0704094 0.240807 0.256233 -0.0763087 0.228709 -0.404633 -0.00444904 0.299953 
0.271632 -0.0971882 0.257758 0.253619 -0.103088 0.24566 -0.390267 -0.020187 0.307136 
-0.389234 -0.0253285 0.329002 -0.375902 -0.0359249 0.314319 0.237672 -0.11927 0.277294 
0.219659 -0.125169 0.265196 0.236639 -0.114128 0.255428 -0.378517 -0.0627037 0.331269 
0.235057 -0.146049 0.294245 0.217044 -0.151948 0.282147 -0.364152 -0.0784417 0.338452 
-0.332806 -0.0831387 0.335867 -0.331773 -0.0882803 0.357733 -0.301461 -0.0878358 0.333281 
-0.300428 -0.0929774 0.355148 -0.287096 -0.103574 0.340464 -0.0183199 -0.135251 0.331879 
-0.036333 -0.14115 0.319781 -0.019353 -0.130109 0.310013 0.0119923 -0.134807 0.307428 
0.0130254 -0.139948 0.329294 0.0433376 -0.139504 0.304842 0.0443707 -0.144645 0.326708 
0.0746829 -0.144201 0.302257 0.075716 -0.149342 0.324123 0.106028 -0.148898 0.299671 
0.107061 -0.154039 0.321538 0.137374 -0.153595 0.297086 0.138407 -0.158736 0.318952 
0.168719 -0.158292 0.294501 0.169752 -0.163433 0.316367 0.200064 -0.162989 0.291915 
0.201097 -0.168131 0.313782 -0.27273 -0.119312 0.347647 -0.241385 -0.124009 0.345062 
-0.21004 -0.128706 0.342476 -0.209006 -0.133847 0.364343 -0.178694 -0.133403 0.339891 
-0.177661 -0.138544 0.361757 -0.147349 -0.1381 0.337305 -0.146316 -0.143242 0.359172 
-0.116004 -0.142797 0.33472 -0.114971 -0.147939 0.356586 -0.0846583 -0.147494 0.332135 
-0.0836252 -0.152636 0.354001 -0.053313 -0.152191 0.329549 -0.0522799 -0.157333 0.351416 
-0.156195 0.112748 0.165466 -0.157229 0.117889 0.1436 -0.174209 0.106849 0.153368 
-0.125883 0.113192 0.141014 -0.0935048 0.103354 0.160295 -0.0945379 0.108495 0.138429 
-0.0621595 0.0986567 0.15771 -0.0631926 0.103798 0.135844 -0.0308142 0.0939597 0.155125 
-0.0318473 0.0991012 0.133258 0.000531116 0.0892626 0.152539 -0.00050198 0.0944041 0.130673 
0.0138634 0.0786662 0.137856 -0.315537 0.109454 0.195344 -0.31657 0.114596 0.173478 
-0.33355 0.103555 0.183246 -0.284191 0.104757 0.192759 -0.285224 0.109899 0.170892 
-0.252846 0.10006 0.190173 -0.253879 0.105202 0.168307 -0.221501 0.0953633 0.187588 
-0.222534 0.100505 0.165721 -0.191189 0.0958077 0.163136 0.0292618 0.0577867 0.166905 
0.0282287 0.0629282 0.145038 0.059574 0.0582312 0.142453 0.0909193 0.0535341 0.139868 
0.123298 0.0436955 0.159148 0.105285 0.0377962 0.14705 0.13663 0.0330991 0.144465 
0.15361 0.04414 0.134697 0.167975 0.028402 0.14188 -0.349497 0.0873727 0.21488 
-0.35053 0.0925143 0.193014 -0.36751 0.0814734 0.202782 0.11965 0.0220582 0.154233 
0.182341 0.0126641 0.149062 0.196706 -0.00307385 0.156245 -0.383457 0.065291 0.234417 
-0.38449 0.0704325 0.21255 -0.40147 0.0593917 0.222318 0.211071 -0.0188118 0.163428 
0.225437 -0.0345497 0.170611 -0.404084 0.0326129 0.239269 0.240835 -0.0554292 0.19966 
0.222822 -0.0613285 0.187562 -0.406699 0.00583406 0.25622 0.237187 -0.0770665 0.194744 
0.251553 -0.0928044 0.201927 -0.392334 -0.00990389 0.263403 -0.391301 -0.0150454 0.285269 
-0.377968 -0.0256418 0.270586 0.235606 -0.108987 0.233562 0.217593 -0.114886 0.221464 
0.234573 -0.103845 0.211695 -0.380583 -0.0524206 0.287537 0.214978 -0.141665 0.238414 
-0.366218 -0.0681586 0.29472 -0.365185 -0.0733001 0.316586 -0.334872 -0.0728556 0.292134 
-0.333839 -0.0779972 0.314001 -0.320507 -0.0885936 0.299317 0.0109592 -0.129665 0.285561 
-0.00705388 -0.135564 0.273463 0.0099261 -0.124523 0.263695 0.0412714 -0.12922 0.26111 
0.0423045 -0.134362 0.282976 0.0726167 -0.133918 0.258524 0.0736498 -0.139059 0.280391 
0.0869821 -0.149655 0.265707 0.167686 -0.15315 0.272634 0.149673 -0.15905 0.260536 
0.166653 -0.148009 0.250768 0.197998 -0.152706 0.248183 0.199031 -0.157847 0.270049 
-0.306142 -0.104332 0.3065 -0.274796 -0.109029 0.303914 -0.273763 -0.11417 0.325781 
-0.243451 -0.113726 0.301329 -0.242418 -0.118867 0.323195 -0.212106 -0.118423 0.298744 
-0.211073 -0.123564 0.32061 -0.18076 -0.12312 0.296158 -0.179727 -0.128261 0.318025 
-0.149415 -0.127817 0.293573 -0.148382 -0.132958 0.315439 -0.11807 -0.132514 0.290987 
-0.117037 -0.137656 0.312854 -0.0867245 -0.137211 0.288402 -0.0856914 -0.142353 0.310268 
-0.0553792 -0.141908 0.285817 -0.0543461 -0.14705 0.307683 -0.0240339 -0.146605 0.283231 
0.101347 -0.165393 0.27289 0.132693 -0.170091 0.270304 -0.095571 0.113637 0.116563 
-0.0966041 0.118778 0.0946964 -0.113584 0.107738 0.104465 -0.0822388 0.10304 0.101879 
-0.161909 0.101394 0.116818 -0.178889 0.0903529 0.126586 -0.130564 0.0966967 0.114233 
-0.0678735 0.0873026 0.109062 -0.0365281 0.0826055 0.106477 -0.00518282 0.0779084 0.103891 
0.0271956 0.0680698 0.123172 0.0261625 0.0732113 0.101306 0.0405278 0.0574734 0.108489 
-0.321251 0.0981003 0.146696 -0.338231 0.0870594 0.156464 -0.289905 0.0934032 0.144111 
-0.25856 0.0887062 0.141525 -0.227215 0.0840091 0.13894 -0.195869 0.079312 0.136354 
0.0548932 0.0417355 0.115671 0.0872716 0.0318968 0.134952 0.0692585 0.0259975 0.122854 
0.149962 0.0225027 0.129781 -0.355211 0.0760186 0.166232 -0.372191 0.0649777 0.176 
0.0836238 0.0102596 0.130037 0.114969 0.00556252 0.127452 0.146314 0.00086545 0.124866 
0.178693 -0.00897317 0.144147 0.16068 -0.0148725 0.132049 -0.389171 0.0539368 0.185769 
-0.406151 0.042896 0.195537 0.175045 -0.0306104 0.139232 0.207424 -0.040449 0.158513 
0.18941 -0.0463484 0.146414 -0.408765 0.0161172 0.212488 0.204809 -0.0672279 0.175464 
0.186796 -0.0731272 0.163365 -0.41138 -0.0106616 0.229439 0.201161 -0.0888651 0.170548 
0.23354 -0.0987037 0.189829 0.215526 -0.104603 0.177731 -0.397015 -0.0263996 0.236622 
-0.382649 -0.0421375 0.243804 0.19958 -0.120785 0.209365 0.181566 -0.126685 0.197267 
0.198546 -0.115644 0.187499 -0.368284 -0.0578755 0.250987 -0.367251 -0.063017 0.272853 
-0.353919 -0.0736134 0.25817 0.00889301 -0.119382 0.241829 -0.00912007 -0.125281 0.229731 
0.00785992 -0.11424 0.219962 0.0392052 -0.118937 0.217377 0.0402383 -0.124079 0.239243 
0.0535706 -0.134675 0.22456 0.16562 -0.142867 0.228902 0.147607 -0.148767 0.216804 
0.164586 -0.137726 0.207035 0.196965 -0.147564 0.226316 -0.339553 -0.0893513 0.265353 
-0.308208 -0.0940484 0.262767 -0.307175 -0.09919 0.284634 -0.276863 -0.0987455 0.260182 
-0.27583 -0.103887 0.282048 -0.245517 -0.103443 0.257596 -0.244484 -0.108584 0.279463 
-0.214172 -0.10814 0.255011 -0.213139 -0.113281 0.276877 -0.199807 -0.123878 0.262194 
-0.150448 -0.122675 0.271707 -0.168461 -0.128575 0.259608 -0.151481 -0.117534 0.24984 
-0.120136 -0.122231 0.247255 -0.119103 -0.127372 0.269121 -0.0887907 -0.126928 0.244669 
-0.0877576 -0.132069 0.266536 -0.0574454 -0.131625 0.242084 -0.0564123 -0.136767 0.26395 
-0.0261001 -0.136322 0.239499 -0.025067 -0.141464 0.261365 0.0679359 -0.150413 0.231743 
0.0992812 -0.15511 0.229157 0.100314 -0.160252 0.251023 0.130627 -0.159807 0.226572 
0.13166 -0.164949 0.248438 -0.185441 -0.139616 0.269377 -0.131597 0.101838 0.0923664 
-0.13263 0.10698 0.0705001 -0.14961 0.0959389 0.0802683 -0.101285 0.102283 0.0679147 
-0.0689066 0.0924441 0.0871956 -0.0699397 0.0975857 0.0653293 -0.0555743 0.0818477 0.0725121 
-0.290938 0.0985448 0.122244 -0.291972 0.103686 0.100378 -0.308951 0.0926455 0.110146 
-0.259593 0.0938477 0.119659 -0.260626 0.0989893 0.0977926 -0.228248 0.0891507 0.117074 
-0.229281 0.0942922 0.0952072 -0.196902 0.0844536 0.114488 -0.197936 0.0895951 0.0926218 
-0.16659 0.0848981 0.0900365 -0.041209 0.0661098 0.0796949 -0.00986366 0.0614127 0.0771095 
0.0225147 0.0515741 0.0963904 0.00450167 0.0456748 0.0842923 -0.356244 0.0811601 0.144366 
-0.357277 0.0863017 0.1225 -0.374257 0.0752608 0.132268 -0.325931 0.0816046 0.119914 
0.018867 0.0299368 0.0914751 0.0512454 0.0200982 0.110756 0.0332323 0.0141989 0.0986578 
-0.390204 0.0590784 0.163902 -0.391237 0.0642199 0.142036 -0.408217 0.0531791 0.151804 
0.0475977 -0.00153905 0.105841 0.078943 -0.00623612 0.103255 0.111321 -0.0160747 0.122536 
0.0933083 -0.0219741 0.110438 0.142667 -0.0207718 0.119951 -0.410831 0.0264003 0.168755 
0.107674 -0.037712 0.117621 0.140052 -0.0475506 0.136902 0.122039 -0.0534499 0.124804 
0.171397 -0.0522477 0.134316 -0.413446 -0.000378556 0.185706 0.136404 -0.0691879 0.131986 
0.168783 -0.0790265 0.151267 0.15077 -0.0849258 0.139169 -0.399081 -0.0161165 0.192889 
-0.398048 -0.021258 0.214755 -0.384715 -0.0318544 0.200072 0.165135 -0.100664 0.146352 
0.197513 -0.110502 0.165633 0.1795 -0.116402 0.153535 -0.37035 -0.0475924 0.207254 
-0.369317 -0.0527339 0.229121 -0.355985 -0.0633303 0.214437 0.163553 -0.132584 0.185169 
0.14554 -0.138483 0.173071 0.16252 -0.127443 0.163303 -0.341619 -0.0790683 0.22162 
-0.340586 -0.0842098 0.243486 -0.310274 -0.0837653 0.219035 -0.309241 -0.0889069 0.240901 
-0.295909 -0.0995033 0.226217 -0.121169 -0.117089 0.225389 -0.139182 -0.122989 0.21329 
-0.122202 -0.111948 0.203522 -0.0908569 -0.116645 0.200937 -0.0898238 -0.121786 0.222803 
-0.0595116 -0.121342 0.198352 -0.0584785 -0.126483 0.220218 -0.0281662 -0.126039 0.195766 
-0.0271332 -0.131181 0.217632 0.00317908 -0.130736 0.193181 0.0345244 -0.135433 0.190595 
0.0658697 -0.14013 0.18801 0.0669028 -0.145272 0.209876 0.080235 -0.155868 0.195193 
0.129593 -0.154666 0.204705 0.11158 -0.160565 0.192607 0.12856 -0.149524 0.182839 
-0.281543 -0.115241 0.2334 -0.250198 -0.119938 0.230815 -0.218853 -0.124635 0.228229 
-0.187508 -0.129332 0.225644 -0.186474 -0.134474 0.24751 -0.156162 -0.134029 0.223059 
0.0946004 -0.171606 0.202376 -0.261659 0.104131 0.0759263 -0.262692 0.109272 0.05406 
-0.279672 0.0982315 0.0638282 -0.230314 0.0994337 0.0733409 -0.231347 0.104575 0.0514746 
-0.198969 0.0947367 0.0707555 -0.200002 0.0998782 0.0488892 -0.167623 0.0900396 0.0681701 
-0.168656 0.0951812 0.0463039 -0.137311 0.0904841 0.0437185 -0.105966 0.085787 0.0411331 
-0.0746205 0.0810899 0.0385477 -0.0422421 0.0712513 0.0578286 -0.0432752 0.0763929 0.0359623 
-0.0289098 0.0606549 0.0431451 -0.326965 0.0867461 0.098048 -0.327998 0.0918877 0.0761817 
-0.344978 0.0808468 0.0859499 -0.296652 0.0871906 0.0735964 -0.0145445 0.044917 0.0503279 
-0.000179175 0.0291791 0.0575106 -0.361958 0.069806 0.0957181 -0.378938 0.0587651 0.105486 
0.0141862 0.0134411 0.0646934 0.0285515 -0.00229683 0.0718762 -0.395918 0.0477242 0.115254 
-0.412898 0.0366834 0.125023 0.0429168 -0.0180348 0.079059 0.0752952 -0.0278734 0.0983399 
0.0572821 -0.0337727 0.0862417 -0.415512 0.00990454 0.141974 0.0716475 -0.0495106 0.0934245 
0.104026 -0.0593493 0.112705 0.0860128 -0.0652486 0.100607 -0.418127 -0.0168743 0.158924 
0.100378 -0.0809865 0.10779 0.132757 -0.0908251 0.127071 0.114743 -0.0967245 0.114973 
-0.403762 -0.0326122 0.166107 -0.389396 -0.0483501 0.17329 0.129109 -0.112462 0.122156 
0.161487 -0.122301 0.141437 0.143474 -0.1282 0.129338 -0.375031 -0.0640881 0.180473 
-0.343686 -0.0687852 0.177887 -0.342653 -0.0739267 0.199754 -0.32932 -0.0845231 0.18507 
-0.0605447 -0.1162 0.176485 -0.0785577 -0.1221 0.164387 -0.0615778 -0.111059 0.154619 
-0.0302324 -0.115756 0.152034 -0.0291993 -0.120897 0.1739 0.00111289 -0.120453 0.149448 
0.00214598 -0.125594 0.171314 0.0324582 -0.12515 0.146863 0.0334913 -0.130292 0.168729 
0.0638035 -0.129847 0.144277 0.0648366 -0.134989 0.166144 0.0781688 -0.145585 0.15146 
0.127527 -0.144383 0.160973 0.109514 -0.150282 0.148875 0.126494 -0.139241 0.139107 
-0.314955 -0.100261 0.192253 -0.28361 -0.104958 0.189668 -0.282577 -0.1101 0.211534 
-0.252264 -0.109655 0.187082 -0.251231 -0.114797 0.208948 -0.220919 -0.114352 0.184497 
-0.219886 -0.119494 0.206363 -0.189574 -0.119049 0.181911 -0.188541 -0.124191 0.203778 
-0.158228 -0.123746 0.179326 -0.157195 -0.128888 0.201192 -0.126883 -0.128443 0.176741 
-0.0955377 -0.133141 0.174155 0.0925342 -0.161323 0.158643 0.0935673 -0.166465 0.180509 
-0.297685 0.0923322 0.0517301 -0.298719 0.0974737 0.0298638 -0.315699 0.0864329 0.0396319 
-0.267373 0.0927766 0.0272784 -0.236028 0.0880796 0.024693 -0.204683 0.0833825 0.0221076 
-0.173337 0.0786854 0.0195222 -0.141992 0.0739884 0.0169368 -0.110647 0.0692913 0.0143514 
-0.0793013 0.0645942 0.011766 -0.047956 0.0598972 0.00918065 -0.0155776 0.0500585 0.0284616 
-0.0166107 0.0552001 0.00659526 -0.00224536 0.0394621 0.013778 -0.332679 0.075392 0.0494001 
-0.349659 0.0643511 0.0591683 -0.00486002 0.0126833 0.030729 -0.396951 0.0528658 0.0933881 
-0.397984 0.0580073 0.0715218 -0.414964 0.0469664 0.08129 -0.366638 0.0533102 0.0689364 
0.00950531 -0.0030546 0.0379118 0.0238706 -0.0187925 0.0450945 -0.417578 0.0201876 0.0982409 
0.038236 -0.0345305 0.0522773 0.0526013 -0.0502684 0.0594601 -0.420193 -0.00659117 0.115192 
0.0669667 -0.0660064 0.0666429 0.099345 -0.075845 0.0859238 0.098312 -0.0707034 0.0640575 
0.112677 -0.0864414 0.0712403 -0.405828 -0.0223291 0.122375 -0.404795 -0.0274707 0.144241 
-0.391462 -0.0380671 0.129557 0.110063 -0.11322 0.0881912 -0.377097 -0.053805 0.13674 
-0.376064 -0.0589465 0.158606 -0.362732 -0.0695429 0.143923 -0.0312655 -0.110614 0.130167 
-0.0492786 -0.116514 0.118069 -0.0322986 -0.105473 0.108301 -0.000953302 -0.11017 0.105716 
7.97913e-05 -0.115311 0.127582 0.030392 -0.114867 0.10313 0.0314251 -0.120008 0.124996 
0.0617373 -0.119564 0.100545 0.0627704 -0.124706 0.122411 0.0761027 -0.135302 0.107728 
0.125461 -0.1341 0.11724 0.107448 -0.139999 0.105142 -0.348366 -0.0852809 0.151106 
-0.317021 -0.0899779 0.14852 -0.315988 -0.0951195 0.170387 -0.285676 -0.094675 0.145935 
-0.284643 -0.0998166 0.167801 -0.271311 -0.110413 0.153118 -0.190607 -0.113908 0.160045 
-0.20862 -0.119807 0.147947 -0.19164 -0.108766 0.138179 -0.160295 -0.113463 0.135593 
-0.159261 -0.118605 0.15746 -0.128949 -0.11816 0.133008 -0.127916 -0.123302 0.154874 
-0.0976039 -0.122857 0.130423 -0.0965708 -0.127999 0.152289 -0.0662586 -0.127555 0.127837 
0.090468 -0.15104 0.11491 0.0915011 -0.156181 0.136777 -0.256945 -0.126151 0.160301 
-0.2256 -0.130848 0.157715 -0.299752 0.102615 0.00799745 -0.300785 0.107757 -0.0138688 
-0.317765 0.0967159 -0.00410067 -0.268406 0.0979182 0.00541207 -0.269439 0.10306 -0.0164542 
-0.237061 0.0932211 0.00282668 -0.238094 0.0983627 -0.0190396 -0.205716 0.0885241 0.000241288 
-0.206749 0.0936656 -0.021625 -0.17437 0.083827 -0.0023441 -0.175403 0.0889685 -0.0242104 
-0.143025 0.0791299 -0.00492949 -0.144058 0.0842715 -0.0267958 -0.11168 0.0744329 -0.00751487 
-0.112713 0.0795744 -0.0293812 -0.0803344 0.0697358 -0.0101003 -0.0813675 0.0748773 -0.0319666 
-0.0489891 0.0650387 -0.0126856 -0.0500222 0.0701803 -0.034552 -0.0356569 0.0544423 -0.0273692 
-0.333712 0.0805335 0.0275338 -0.334745 0.0856751 0.0056675 -0.351725 0.0746342 0.0154357 
-0.0212915 0.0387044 -0.0201864 -0.00692621 0.0229664 -0.0130036 -0.367672 0.0584518 0.0470701 
-0.368705 0.0635934 0.0252038 -0.385685 0.0525525 0.034972 0.00743913 0.0072285 -0.00582083 
0.00847222 0.00208695 0.0160455 0.0218045 -0.00850944 0.00136194 -0.402665 0.0415116 0.0447402 
-0.419645 0.0304707 0.0545083 0.0372029 -0.0293889 0.030411 0.0361698 -0.0242474 0.00854472 
0.0505351 -0.0399853 0.0157275 -0.422259 0.00369193 0.0714593 0.0659335 -0.0608648 0.0447766 
0.0649005 -0.0557233 0.0229103 0.0792658 -0.0714612 0.0300931 -0.424874 -0.0230869 0.0884102 
0.0936311 -0.0871991 0.0372758 0.107996 -0.102937 0.0444586 -0.410509 -0.0388248 0.095593 
-0.379163 -0.0435219 0.0930076 -0.37813 -0.0486634 0.114874 -0.364798 -0.0592598 0.10019 
0.105382 -0.129716 0.0614096 -0.350433 -0.0749978 0.107373 -0.3494 -0.0801393 0.129239 
-0.319087 -0.0796948 0.104788 -0.318054 -0.0848364 0.126654 -0.287742 -0.0843919 0.102202 
-0.286709 -0.0895335 0.124069 -0.273377 -0.10013 0.109385 -0.129982 -0.113019 0.111142 
-0.147995 -0.118918 0.0990436 -0.131015 -0.107877 0.0892754 -0.0996701 -0.112574 0.0866901 
-0.098637 -0.117716 0.108556 -0.0683248 -0.117271 0.0841047 -0.0672917 -0.122413 0.105971 
-0.0369795 -0.121968 0.0815193 -0.00563414 -0.126666 0.0789339 0.0257112 -0.131363 0.0763485 
0.0570565 -0.13606 0.0737631 0.0884018 -0.140757 0.0711777 0.0894349 -0.145898 0.093044 
-0.259011 -0.115868 0.116568 -0.257978 -0.121009 0.138434 -0.227666 -0.120565 0.113983 
-0.226633 -0.125706 0.135849 -0.196321 -0.125262 0.111397 -0.164975 -0.129959 0.108812 
-0.176437 0.0941101 -0.0460767 -0.17747 0.0992516 -0.067943 -0.19445 0.0882108 -0.0581748 
-0.145091 0.089413 -0.0486621 -0.146124 0.0945546 -0.0705284 -0.113746 0.0847159 -0.0512475 
-0.114779 0.0898575 -0.0731138 -0.100414 0.0741196 -0.065931 -0.305466 0.0912611 -0.0406505 
-0.322446 0.0802202 -0.0308823 -0.27412 0.086564 -0.0432359 -0.242775 0.081867 -0.0458213 
-0.21143 0.0771699 -0.0484067 -0.0860484 0.0583816 -0.0587482 -0.054703 0.0536845 -0.0613336 
-0.0403377 0.0379466 -0.0541508 -0.339426 0.0691794 -0.0211142 -0.356406 0.0581385 -0.011346 
-0.0259724 0.0222087 -0.046968 0.00640603 0.0123701 -0.0276871 0.00537294 0.0175116 -0.0495534 
0.0197383 0.00177366 -0.0423707 -0.373386 0.0470976 -0.00157782 -0.390366 0.0360568 0.00819034 
0.0171236 -0.0250052 -0.0254197 -0.407346 0.0250159 0.0179585 -0.424325 0.013975 0.0277267 
0.0314889 -0.0407431 -0.0182369 0.0458543 -0.056481 -0.0110541 -0.42694 -0.0128038 0.0446776 
0.0602196 -0.072219 -0.00387137 0.0745849 -0.0879569 0.00331141 -0.412575 -0.0285417 0.0518604 
-0.411542 -0.0336833 0.0737267 -0.398209 -0.0442797 0.0590432 0.0889503 -0.103695 0.0104942 
0.103316 -0.119433 0.017677 -0.383844 -0.0600176 0.066226 -0.352499 -0.0647147 0.0636406 
-0.351466 -0.0698562 0.0855069 -0.338133 -0.0804526 0.0708233 -0.0693579 -0.11213 0.0622384 
-0.0873709 -0.118029 0.0501402 -0.070391 -0.106988 0.0403721 -0.0390457 -0.111685 0.0377867 
-0.0380126 -0.116827 0.059653 -0.00770033 -0.116382 0.0352013 -0.00666724 -0.121524 0.0570676 
0.023645 -0.12108 0.0326159 0.0246781 -0.126221 0.0544822 0.0549903 -0.125777 0.0300305 
0.0560234 -0.130918 0.0518968 0.0863356 -0.130474 0.0274451 0.0873687 -0.135615 0.0493114 
-0.323768 -0.0961905 0.0780061 -0.292423 -0.100888 0.0754207 -0.261078 -0.105585 0.0728353 
-0.260044 -0.110726 0.0947017 -0.229732 -0.110282 0.07025 -0.228699 -0.115423 0.0921163 
-0.198387 -0.114979 0.0676646 -0.197354 -0.12012 0.0895309 -0.167042 -0.119676 0.0650792 
-0.166008 -0.124817 0.0869455 -0.135696 -0.124373 0.0624938 -0.104351 -0.12907 0.0599084 
-0.275153 0.0917056 -0.0651022 -0.276186 0.0968471 -0.0869685 -0.293166 0.0858063 -0.0772003 
-0.243808 0.0870085 -0.0676876 -0.244841 0.0921501 -0.0895539 -0.212463 0.0823115 -0.070273 
-0.213496 0.087453 -0.0921393 -0.18215 0.0827559 -0.0947246 -0.150805 0.0780589 -0.09731 
-0.11946 0.0733618 -0.0998954 -0.0870815 0.0635232 -0.0806145 -0.0881146 0.0686647 -0.102481 
-0.0737492 0.0529268 -0.095298 -0.340459 0.0743209 -0.0429805 -0.341492 0.0794625 -0.0648468 
-0.358472 0.0684216 -0.0550786 -0.310146 0.0747654 -0.0674321 -0.0593839 0.0371888 -0.0881152 
-0.0270055 0.0273502 -0.0688343 -0.0280386 0.0324918 -0.0907006 -0.0136732 0.0167538 -0.0835179 
-0.374419 0.0522392 -0.0234441 -0.375452 0.0573807 -0.0453104 -0.392432 0.0463399 -0.0355422 
0.000692095 0.00101588 -0.0763351 0.0150574 -0.0147221 -0.0691523 -0.395046 0.0195611 -0.0185913 
0.0294228 -0.03046 -0.0619695 0.0304559 -0.0356015 -0.0401032 0.0437881 -0.0461979 -0.0547867 
-0.412026 0.00852018 -0.00882314 -0.429006 -0.00252068 0.000945035 0.0591865 -0.0670774 -0.0257377 
0.0581534 -0.0619359 -0.047604 0.0725188 -0.0776738 -0.0404212 -0.414641 -0.0182586 0.00812781 
-0.413608 -0.0234002 0.0299941 -0.400276 -0.0339966 0.0153106 0.0879172 -0.0985533 -0.0113721 
0.0868841 -0.0934118 -0.0332384 0.101249 -0.10915 -0.0260556 -0.38591 -0.0497345 0.0224934 
-0.384877 -0.0548761 0.0443597 -0.371545 -0.0654724 0.0296761 -0.0400787 -0.106544 0.0159204 
-0.0580918 -0.112443 0.00382226 -0.0411118 -0.101402 -0.00594591 -0.00976652 -0.106099 -0.00853129 
-0.00873343 -0.111241 0.013335 0.0215788 -0.110796 -0.0111167 0.0226119 -0.115938 0.0107496 
0.0529241 -0.115493 -0.0137021 0.0539572 -0.120635 0.00816423 0.0672894 -0.131231 -0.00651929 
0.0986348 -0.135929 -0.00910468 -0.35718 -0.0812104 0.0368589 -0.325834 -0.0859075 0.0342735 
-0.324801 -0.091049 0.0561398 -0.294489 -0.0906045 0.0316882 -0.293456 -0.0957461 0.0535544 
-0.263144 -0.0953016 0.0291028 -0.262111 -0.100443 0.0509691 -0.231798 -0.0999987 0.0265174 
-0.230765 -0.10514 0.0483837 -0.200453 -0.104696 0.023932 -0.19942 -0.109837 0.0457983 
-0.169108 -0.109393 0.0213466 -0.168075 -0.114534 0.0432129 -0.137762 -0.11409 0.0187612 
-0.136729 -0.119231 0.0406275 -0.106417 -0.118787 0.0161758 -0.105384 -0.123928 0.0380421 
-0.0750718 -0.123484 0.0135904 0.0816548 -0.146969 0.000663487 -0.245874 0.0972916 -0.11142 
-0.246907 0.102433 -0.133286 -0.263887 0.0913923 -0.123518 -0.214529 0.0925945 -0.114006 
-0.215562 0.0977361 -0.135872 -0.183184 0.0878975 -0.116591 -0.184217 0.093039 -0.138457 
-0.151838 0.0832004 -0.119176 -0.152871 0.088342 -0.141043 -0.138506 0.072604 -0.13386 
-0.31118 0.0799069 -0.0892984 -0.312213 0.0850485 -0.111165 -0.329193 0.0740076 -0.101397 
-0.280867 0.0803514 -0.11375 -0.124141 0.0568661 -0.126677 -0.0927954 0.052169 -0.129262 
-0.07843 0.0364311 -0.12208 -0.346173 0.0629668 -0.0916284 -0.363153 0.0519259 -0.0818602 
-0.0640647 0.0206931 -0.114897 -0.0327194 0.0159961 -0.117482 -0.000340999 0.00615744 -0.0982014 
-0.00137409 0.011299 -0.120068 0.0129912 -0.00443895 -0.112885 -0.380133 0.040885 -0.0720921 
-0.397113 0.0298442 -0.0623239 0.0283897 -0.0253184 -0.0838358 0.0273566 -0.0201769 -0.105702 
0.0417219 -0.0359148 -0.0985193 -0.399727 0.00306534 -0.045373 0.0571203 -0.0567943 -0.0694703 
0.0560872 -0.0516528 -0.0913366 0.0704526 -0.0673907 -0.0841538 -0.415674 -0.0131171 -0.0137385 
-0.402342 -0.0237135 -0.028422 0.085851 -0.0882702 -0.0551047 0.0848179 -0.0831287 -0.076971 
0.0991832 -0.0988666 -0.0697882 -0.404957 -0.0504923 -0.0114711 0.114582 -0.119746 -0.0407392 
0.113549 -0.114605 -0.0626054 0.127914 -0.130342 -0.0554227 -0.390591 -0.0662302 -0.00428829 
-0.359246 -0.0709273 -0.00687367 -0.358213 -0.0760688 0.0149926 -0.327901 -0.0756244 -0.00945906 
-0.326867 -0.0807659 0.0124072 -0.313535 -0.0913623 -0.00227628 -0.10745 -0.113645 -0.00569049 
-0.125463 -0.119545 -0.0177886 -0.108483 -0.108504 -0.0275568 -0.077138 -0.113201 -0.0301422 
-0.0761049 -0.118342 -0.00827588 -0.0457927 -0.117898 -0.0327276 -0.0144474 -0.122595 -0.035313 
0.016898 -0.127292 -0.0378983 0.0482433 -0.131989 -0.0404837 0.0795886 -0.136686 -0.0430691 
0.0806217 -0.141828 -0.0212028 0.110934 -0.141383 -0.0456545 -0.29917 -0.1071 0.0049065 
-0.267825 -0.111797 0.00232111 -0.236479 -0.116494 -0.00026428 -0.205134 -0.121191 -0.00284967 
-0.173789 -0.125889 -0.00543506 -0.142443 -0.130586 -0.00802045 -0.2819 0.085493 -0.135616 
-0.282934 0.0906345 -0.157483 -0.299913 0.0795936 -0.147715 -0.251588 0.0859374 -0.160068 
-0.220243 0.0812404 -0.162653 -0.188898 0.0765433 -0.165239 -0.157552 0.0718462 -0.167824 
-0.143187 0.0561083 -0.160642 -0.316893 0.0685528 -0.137946 -0.333873 0.0575119 -0.128178 
-0.128822 0.0403703 -0.153459 -0.0974762 0.0356733 -0.156044 -0.0650978 0.0258347 -0.136763 
-0.0661309 0.0309762 -0.158629 -0.0517656 0.0152383 -0.151447 -0.34982 0.0413295 -0.0965438 
-0.336488 0.0307331 -0.111227 -0.0374002 -0.000499659 -0.144264 -0.00605494 -0.00519673 -0.146849 
0.0263235 -0.0150353 -0.127568 0.0252904 -0.0098938 -0.149435 0.0396557 -0.0256317 -0.142252 
-0.38378 0.0192478 -0.0770074 -0.370448 0.00865136 -0.0916909 -0.353468 0.0196922 -0.101459 
0.0550541 -0.0465112 -0.113203 0.054021 -0.0413697 -0.135069 0.0683864 -0.0571076 -0.127886 
-0.387428 -0.00238951 -0.0819228 -0.404408 -0.0134304 -0.0721546 0.0837848 -0.0779871 -0.0988373 
0.0827517 -0.0728456 -0.120704 0.097117 -0.0885835 -0.113521 -0.407023 -0.0402092 -0.0552037 
0.112515 -0.109463 -0.0844717 0.111482 -0.104321 -0.106338 0.125848 -0.120059 -0.0991553 
-0.392657 -0.0559471 -0.0480209 -0.391624 -0.0610887 -0.0261546 -0.361312 -0.0606442 -0.0506063 
-0.360279 -0.0657857 -0.02874 -0.346947 -0.0763821 -0.0434235 -0.0781711 -0.108059 -0.0520085 
-0.0961842 -0.113959 -0.0641066 -0.0792042 -0.102918 -0.0738748 -0.0478589 -0.107615 -0.0764602 
-0.0468258 -0.112756 -0.0545938 -0.0165136 -0.112312 -0.0790455 -0.0154805 -0.117454 -0.0571792 
0.0148318 -0.117009 -0.0816309 0.0158649 -0.122151 -0.0597646 0.0461771 -0.121706 -0.0842163 
0.0472102 -0.126848 -0.06235 0.0605424 -0.137444 -0.0770335 0.123233 -0.146838 -0.0822043 
-0.332581 -0.0921201 -0.0362407 -0.301236 -0.0968171 -0.0388261 -0.300203 -0.101959 -0.0169598 
-0.269891 -0.101514 -0.0414115 -0.268858 -0.106656 -0.0195452 -0.238545 -0.106211 -0.0439969 
-0.237512 -0.111353 -0.0221306 -0.2072 -0.110908 -0.0465823 -0.206167 -0.11605 -0.024716 
-0.175855 -0.115605 -0.0491677 -0.174822 -0.120747 -0.0273014 -0.144509 -0.120303 -0.0517531 
-0.143476 -0.125444 -0.0298867 -0.113164 -0.125 -0.0543384 0.0749077 -0.153182 -0.0698508 
0.106253 -0.157879 -0.0724361 -0.287614 0.0741388 -0.184264 -0.304594 0.0630979 -0.174496 
-0.256269 0.0694417 -0.18685 -0.224924 0.0647447 -0.189435 -0.193578 0.0600476 -0.192021 
-0.162233 0.0553505 -0.194606 -0.147868 0.0396126 -0.187423 -0.321574 0.0520571 -0.164728 
-0.338554 0.0410162 -0.15496 -0.133502 0.0238746 -0.18024 -0.102157 0.0191776 -0.182826 
-0.0708118 0.0144805 -0.185411 -0.0384334 0.00464189 -0.16613 -0.0394664 0.00978343 -0.187997 
-0.00708803 -5.51826e-05 -0.168716 -0.00812112 0.00508636 -0.190582 0.00624421 -0.0106516 -0.183399 
-0.341169 0.0142374 -0.138009 0.0206095 -0.0263895 -0.176216 0.0529879 -0.0362281 -0.156935 
0.0519549 -0.0310866 -0.178802 0.0663202 -0.0468245 -0.171619 -0.358149 0.00319652 -0.128241 
-0.375129 -0.00784435 -0.118473 0.0817186 -0.067704 -0.14257 0.0806855 -0.0625625 -0.164436 
0.0950509 -0.0783004 -0.157253 -0.392109 -0.0188852 -0.108704 -0.409089 -0.0299261 -0.0989362 
0.110449 -0.0991799 -0.128204 0.109416 -0.0940383 -0.150071 0.123782 -0.109776 -0.142888 
-0.394724 -0.045664 -0.0917535 -0.39369 -0.0508056 -0.0698872 -0.380358 -0.061402 -0.0845707 
-0.0175466 -0.10717 -0.100912 -0.0355597 -0.11307 -0.11301 -0.0185797 -0.102029 -0.122778 
0.0127656 -0.106726 -0.125364 0.0137987 -0.111867 -0.103497 0.0271309 -0.122464 -0.118181 
0.13918 -0.130656 -0.113839 0.138147 -0.125514 -0.135705 0.170525 -0.135353 -0.116424 
0.169492 -0.130211 -0.13829 0.183857 -0.145949 -0.131108 -0.365993 -0.0771399 -0.0773879 
-0.334648 -0.081837 -0.0799733 -0.333614 -0.0869785 -0.058107 -0.303302 -0.086534 -0.0825587 
-0.302269 -0.0916756 -0.0606924 -0.288937 -0.102272 -0.0753759 -0.114197 -0.119858 -0.0762047 
-0.13221 -0.125757 -0.0883029 -0.11523 -0.114716 -0.098071 -0.083885 -0.119414 -0.100656 
-0.0525397 -0.124111 -0.103242 0.0414962 -0.138202 -0.110998 0.0728415 -0.142899 -0.113583 
0.0738746 -0.14804 -0.0917171 0.104187 -0.147596 -0.116169 0.10522 -0.152737 -0.0943025 
0.118552 -0.163334 -0.108986 0.136565 -0.157435 -0.0968878 0.149898 -0.168031 -0.111571 
0.166878 -0.15699 -0.12134 -0.274572 -0.11801 -0.0681931 -0.243226 -0.122707 -0.0707785 
-0.211881 -0.127404 -0.0733639 -0.180536 -0.132101 -0.0759493 -0.14919 -0.136798 -0.0785347 
0.132918 -0.179072 -0.101803 -0.225957 0.0698862 -0.211301 -0.22699 0.0750278 -0.233168 
-0.24397 0.0639869 -0.2234 -0.194611 0.0651892 -0.213887 -0.195645 0.0703307 -0.235753 
-0.163266 0.0604921 -0.216472 -0.164299 0.0656336 -0.238339 -0.149934 0.0498957 -0.231156 
-0.292295 0.0576431 -0.211046 -0.309275 0.0466022 -0.201278 -0.26095 0.052946 -0.213631 
-0.134535 0.0290162 -0.202107 -0.135569 0.0341577 -0.223973 -0.10319 0.0243191 -0.204692 
-0.104223 0.0294607 -0.226558 -0.0718449 0.0196221 -0.207277 -0.0728779 0.0247636 -0.229144 
-0.0585126 0.00902567 -0.221961 -0.326255 0.0355614 -0.19151 -0.343235 0.0245205 -0.181742 
-0.0441473 -0.00671227 -0.214778 -0.012802 -0.0114093 -0.217364 0.0195764 -0.021248 -0.198083 
0.0185434 -0.0161064 -0.219949 0.0509218 -0.025945 -0.200668 0.0498887 -0.0208035 -0.222534 
0.064254 -0.0365414 -0.215352 -0.34585 -0.00225831 -0.164791 0.0796524 -0.0574209 -0.186302 
0.0786193 -0.0522794 -0.208169 0.110998 -0.062118 -0.188888 0.109965 -0.0569764 -0.210754 
0.12433 -0.0727144 -0.203571 -0.36283 -0.0132992 -0.155022 -0.37981 -0.0243401 -0.145254 
0.108383 -0.0888968 -0.171937 0.138695 -0.0884523 -0.196389 0.139728 -0.0935939 -0.174522 
0.171074 -0.0982909 -0.177108 0.170041 -0.0931494 -0.198974 0.184406 -0.108887 -0.191791 
-0.39679 -0.0353809 -0.135486 -0.41377 -0.0464218 -0.125718 0.137114 -0.120373 -0.157571 
0.168459 -0.12507 -0.160157 0.198771 -0.124625 -0.184608 0.199804 -0.129767 -0.162742 
0.213137 -0.140363 -0.177426 -0.399404 -0.0621597 -0.118535 -0.368059 -0.0668568 -0.121121 
-0.367026 -0.0719984 -0.0992542 -0.336714 -0.0715539 -0.123706 -0.335681 -0.0766954 -0.10184 
-0.322348 -0.0872918 -0.116523 -0.0849181 -0.114272 -0.122523 -0.102931 -0.120171 -0.134621 
-0.0859512 -0.10913 -0.144389 -0.0546059 -0.113828 -0.146974 -0.0535728 -0.118969 -0.125108 
-0.0232606 -0.118525 -0.14956 0.00808473 -0.123222 -0.152145 0.0394301 -0.127919 -0.154731 
0.0404631 -0.13306 -0.132864 0.0707754 -0.132616 -0.157316 0.0718085 -0.137757 -0.13545 
0.102121 -0.137313 -0.159901 0.103154 -0.142454 -0.138035 0.116486 -0.153051 -0.152719 
0.19719 -0.156546 -0.145791 0.210522 -0.167142 -0.160475 -0.307983 -0.10303 -0.10934 
-0.276638 -0.107727 -0.111926 -0.275605 -0.112868 -0.0900594 -0.245292 -0.112424 -0.114511 
-0.244259 -0.117565 -0.0926448 -0.213947 -0.117121 -0.117097 -0.212914 -0.122263 -0.0952302 
-0.182602 -0.121818 -0.119682 -0.181569 -0.12696 -0.0978156 -0.151257 -0.126515 -0.122267 
-0.150223 -0.131657 -0.100401 -0.119911 -0.131212 -0.124853 0.130851 -0.168789 -0.145536 
0.131884 -0.17393 -0.123669 0.162197 -0.173486 -0.148121 0.193542 -0.178183 -0.150707 
-0.165332 0.0707752 -0.260205 -0.166365 0.0759167 -0.282071 -0.183345 0.0648758 -0.272303 
-0.133987 0.0660781 -0.26279 -0.13502 0.0712196 -0.284657 -0.120655 0.0554817 -0.277474 
-0.261983 0.0580876 -0.235498 -0.263016 0.0632291 -0.257364 -0.279996 0.0521882 -0.247596 
-0.231671 0.058532 -0.259949 -0.200325 0.053835 -0.262535 -0.136602 0.0392993 -0.245839 
-0.106289 0.0397438 -0.270291 -0.105256 0.0346022 -0.248425 -0.0919241 0.0240058 -0.263108 
-0.296976 0.0411474 -0.237828 -0.313956 0.0301065 -0.22806 -0.0775588 0.00826789 -0.255925 
-0.0451804 -0.00157072 -0.236644 -0.0462135 0.00357082 -0.258511 -0.0138351 -0.00626779 -0.23923 
-0.0148682 -0.00112625 -0.261096 0.0175103 -0.0109649 -0.241815 0.0164772 -0.00582332 -0.263682 
0.0488556 -0.0156619 -0.244401 0.0478225 -0.0105204 -0.266267 0.0802009 -0.020359 -0.246986 
0.0791678 -0.0152175 -0.268852 0.0935331 -0.0309554 -0.26167 -0.330936 0.0190656 -0.218291 
-0.347916 0.00802477 -0.208523 0.0775862 -0.0471378 -0.230035 0.107898 -0.0466933 -0.254487 
0.108932 -0.0518349 -0.23262 0.122264 -0.0624313 -0.247304 -0.350531 -0.018754 -0.191572 
0.137662 -0.0833108 -0.218255 0.136629 -0.0781692 -0.240121 0.169008 -0.0880078 -0.22084 
0.167974 -0.0828663 -0.242707 0.18234 -0.0986042 -0.235524 -0.366477 -0.0349364 -0.159938 
-0.353145 -0.0455328 -0.174621 0.197738 -0.119484 -0.206475 0.196705 -0.114342 -0.228341 
0.229084 -0.124181 -0.20906 0.22805 -0.119039 -0.230926 0.242416 -0.134777 -0.223744 
-0.400437 -0.0570182 -0.140401 -0.387105 -0.0676146 -0.155085 -0.370125 -0.0565737 -0.164853 
-0.055639 -0.108686 -0.168841 -0.0736521 -0.114585 -0.180939 -0.0566721 -0.103544 -0.190707 
-0.0253268 -0.108241 -0.193292 -0.0242937 -0.113383 -0.171426 0.00601854 -0.112939 -0.195878 
0.00705164 -0.11808 -0.174011 0.0373639 -0.117636 -0.198463 0.038397 -0.122777 -0.176597 
0.0687092 -0.122333 -0.201049 0.0697423 -0.127474 -0.179182 0.100055 -0.12703 -0.203634 
0.101088 -0.132171 -0.181768 0.11442 -0.142768 -0.196451 0.226469 -0.15096 -0.192109 
0.239801 -0.161556 -0.206793 -0.37274 -0.0833525 -0.147902 -0.341395 -0.0880496 -0.150488 
-0.310049 -0.0927467 -0.153073 -0.309016 -0.0978882 -0.131207 -0.278704 -0.0974437 -0.155658 
-0.277671 -0.102585 -0.133792 -0.247359 -0.102141 -0.158244 -0.246326 -0.107282 -0.136377 
-0.216013 -0.106838 -0.160829 -0.21498 -0.111979 -0.138963 -0.184668 -0.111535 -0.163415 
-0.183635 -0.116676 -0.141548 -0.153323 -0.116232 -0.166 -0.15229 -0.121374 -0.144134 
-0.121977 -0.120929 -0.168585 -0.120944 -0.126071 -0.146719 -0.0906321 -0.125626 -0.171171 
0.128785 -0.158506 -0.189268 0.129818 -0.163647 -0.167402 0.16013 -0.163203 -0.191854 
0.161164 -0.168344 -0.169987 0.191476 -0.1679 -0.194439 0.192509 -0.173041 -0.172573 
0.222821 -0.172597 -0.197025 -0.136053 0.0763612 -0.306523 -0.137086 0.0815027 -0.328389 
-0.154066 0.0704619 -0.318621 -0.104708 0.0716641 -0.309108 -0.105741 0.0768057 -0.330974 
-0.0913757 0.0610677 -0.323792 -0.201359 0.0589765 -0.284401 -0.202392 0.0641181 -0.306267 
-0.219372 0.0530772 -0.296499 -0.171046 0.059421 -0.308853 -0.107323 0.0448853 -0.292157 
-0.0939903 0.0342889 -0.306841 -0.266664 0.0415919 -0.262279 -0.253332 0.0309955 -0.276963 
-0.236352 0.0420363 -0.286731 -0.0785919 0.0134094 -0.277792 -0.079625 0.018551 -0.299658 
-0.0472466 0.00871237 -0.280377 -0.0482797 0.0138539 -0.302243 -0.0159013 0.0040153 -0.282962 
-0.0169343 0.00915684 -0.304829 0.0154441 -0.000681776 -0.285548 0.014411 0.00445977 -0.307414 
0.0467894 -0.00537884 -0.288133 0.0457563 -0.000237295 -0.31 0.0781347 -0.0100759 -0.290719 
0.0771016 -0.00493437 -0.312585 0.0914669 -0.0206723 -0.305402 -0.301657 0.0246517 -0.264609 
-0.318637 0.0136108 -0.254841 -0.270312 0.0199546 -0.267195 0.106865 -0.0415518 -0.276353 
0.105832 -0.0364102 -0.298219 0.138211 -0.0462489 -0.278938 0.137178 -0.0411073 -0.300805 
0.151543 -0.0568453 -0.293622 -0.335617 0.00256993 -0.245073 -0.352597 -0.00847094 -0.235305 
0.135596 -0.0730277 -0.261988 0.165908 -0.0725832 -0.286439 0.166941 -0.0777247 -0.264573 
0.198287 -0.0824218 -0.267158 0.197254 -0.0772803 -0.289025 0.211619 -0.0930182 -0.281842 
-0.355211 -0.0352497 -0.218354 0.195672 -0.109201 -0.250207 0.225984 -0.108756 -0.274659 
0.227017 -0.113898 -0.252793 0.258363 -0.118595 -0.255378 0.25733 -0.113453 -0.277244 
0.271695 -0.129191 -0.270062 -0.357826 -0.0620286 -0.201403 0.00498545 -0.107797 -0.217744 
-0.0130276 -0.113696 -0.229842 0.00395236 -0.102655 -0.23961 0.0352977 -0.107353 -0.242196 
0.0363308 -0.112494 -0.220329 0.066643 -0.11205 -0.244781 0.0676761 -0.117191 -0.222915 
0.0810083 -0.127788 -0.237598 0.255748 -0.145374 -0.238427 0.28606 -0.144929 -0.262879 
0.287093 -0.150071 -0.241013 0.300426 -0.160667 -0.255696 -0.373773 -0.078211 -0.169768 
-0.343461 -0.0777665 -0.19422 -0.342428 -0.082908 -0.172354 -0.312115 -0.0824636 -0.196806 
-0.311082 -0.0876051 -0.174939 -0.29775 -0.0982015 -0.189623 -0.12301 -0.115788 -0.190452 
-0.141024 -0.121687 -0.20255 -0.124044 -0.110646 -0.212318 -0.0926982 -0.115343 -0.214903 
-0.0916652 -0.120485 -0.193037 -0.0613529 -0.12004 -0.217489 -0.0300076 -0.124737 -0.220074 
0.0953737 -0.143525 -0.230416 0.126719 -0.148223 -0.233001 0.127752 -0.153364 -0.211135 
0.158064 -0.15292 -0.235586 0.159097 -0.158061 -0.21372 0.18941 -0.157617 -0.238172 
0.190443 -0.162758 -0.216305 0.203775 -0.173355 -0.230989 0.23512 -0.178052 -0.233574 
0.2521 -0.167011 -0.243343 0.283446 -0.171708 -0.245928 -0.283385 -0.113939 -0.18244 
-0.25204 -0.118637 -0.185025 -0.220694 -0.123334 -0.187611 -0.189349 -0.128031 -0.190196 
-0.158004 -0.132728 -0.192782 0.21814 -0.189093 -0.223806 -0.106774 0.0819472 -0.352841 
-0.107807 0.0870888 -0.374707 -0.124787 0.0760479 -0.364939 -0.0934418 0.0713508 -0.367524 
-0.172079 0.0645626 -0.330719 -0.173112 0.0697041 -0.352585 -0.190092 0.0586632 -0.342817 
-0.141767 0.065007 -0.355171 -0.0780434 0.0504714 -0.338475 -0.0790765 0.0556129 -0.360342 
-0.0647112 0.039875 -0.353159 -0.207072 0.0476224 -0.333049 -0.224052 0.0365815 -0.323281 
-0.0806581 0.0236925 -0.321524 -0.0503458 0.024137 -0.345976 -0.0493128 0.0189955 -0.32411 
-0.0179674 0.0142984 -0.326695 -0.0190005 0.0194399 -0.348561 0.0133779 0.00960132 -0.32928 
0.0123448 0.0147429 -0.351147 0.0447232 0.00490425 -0.331866 0.0436901 0.0100458 -0.353732 
0.0580554 -0.00569214 -0.346549 -0.271345 0.0250961 -0.289061 -0.272378 0.0302377 -0.310927 
-0.289358 0.0191968 -0.301159 -0.241032 0.0255406 -0.313513 0.0724208 -0.0214301 -0.339367 
0.104799 -0.0312687 -0.320086 0.103766 -0.0261271 -0.341952 0.136145 -0.0359658 -0.322671 
0.135111 -0.0308242 -0.344537 0.16749 -0.0406628 -0.325256 0.166457 -0.0355213 -0.347123 
0.198835 -0.0453599 -0.327842 0.197802 -0.0402184 -0.349708 0.212167 -0.0559563 -0.342525 
-0.306338 0.00815596 -0.291391 -0.323318 -0.0028849 -0.281623 0.164875 -0.0674416 -0.308306 
0.19622 -0.0721387 -0.310891 0.209553 -0.0827351 -0.325574 -0.340298 -0.0139258 -0.271855 
-0.357278 -0.0249666 -0.262086 0.224951 -0.103615 -0.296525 0.223918 -0.098473 -0.318392 
0.238283 -0.114211 -0.311209 -0.342912 -0.0407046 -0.254904 -0.341879 -0.0458461 -0.233037 
-0.328547 -0.0564425 -0.247721 0.252649 -0.129949 -0.304026 0.285027 -0.139788 -0.284745 
0.283994 -0.134646 -0.306611 0.298359 -0.150384 -0.299429 -0.345527 -0.0674834 -0.237953 
-0.362507 -0.0785243 -0.228185 -0.062386 -0.114899 -0.239355 -0.0803991 -0.120798 -0.251453 
-0.0634191 -0.109757 -0.261221 -0.0320738 -0.114454 -0.263807 -0.0310407 -0.119596 -0.24194 
-0.000728485 -0.119151 -0.266392 0.0306168 -0.123848 -0.268977 0.0619621 -0.128545 -0.271563 
0.0933075 -0.133242 -0.274148 0.0943406 -0.138384 -0.252282 0.124653 -0.137939 -0.276734 
0.125686 -0.143081 -0.254867 0.155998 -0.142637 -0.279319 0.157031 -0.147778 -0.257453 
0.170363 -0.158374 -0.272136 0.295745 -0.177163 -0.282478 -0.348142 -0.0942622 -0.221002 
-0.316796 -0.0989593 -0.223587 -0.285451 -0.103656 -0.226173 -0.284418 -0.108798 -0.204306 
-0.254106 -0.108353 -0.228758 -0.253073 -0.113495 -0.206892 -0.22276 -0.11305 -0.231343 
-0.221727 -0.118192 -0.209477 -0.191415 -0.117748 -0.233929 -0.190382 -0.122889 -0.212062 
-0.16007 -0.122445 -0.236514 -0.159037 -0.127586 -0.214648 -0.128724 -0.127142 -0.2391 
-0.0973791 -0.131839 -0.241685 0.184729 -0.174112 -0.264953 0.216074 -0.178809 -0.267539 
0.217107 -0.183951 -0.245672 0.247419 -0.183507 -0.270124 0.278765 -0.188204 -0.27271 
-0.10884 0.0922303 -0.396573 -0.109873 0.0973719 -0.41844 -0.126853 0.086331 -0.408672 
-0.0774949 0.0875333 -0.399159 -0.0785281 0.0926748 -0.421025 -0.0641627 0.0769369 -0.413842 
-0.1428 0.0701486 -0.377037 -0.143833 0.0752901 -0.398903 -0.160813 0.0642493 -0.389135 
-0.0801096 0.0607544 -0.382208 -0.0497974 0.0611989 -0.40666 -0.0487643 0.0560574 -0.384793 
-0.017419 0.0513603 -0.387379 -0.0184521 0.0565019 -0.409245 -0.00408673 0.0407639 -0.402062 
-0.208106 0.0527639 -0.354915 -0.209139 0.0579055 -0.376782 -0.226119 0.0468646 -0.367013 
-0.177793 0.0532084 -0.379367 -0.0513789 0.0292786 -0.367842 -0.0200336 0.0245815 -0.370428 
0.0102786 0.025026 -0.394879 0.0113117 0.0198844 -0.373013 0.042657 0.0151874 -0.375598 
0.0416239 0.0203289 -0.397465 0.0559892 0.00459097 -0.390282 -0.242066 0.0306822 -0.335379 
-0.243099 0.0358237 -0.357245 -0.260079 0.0247829 -0.347477 0.0713877 -0.0162885 -0.361233 
0.0703546 -0.011147 -0.383099 0.102733 -0.0209856 -0.363818 0.1017 -0.0158441 -0.385685 
0.134078 -0.0256827 -0.366404 0.133045 -0.0205411 -0.38827 0.165424 -0.0303797 -0.368989 
0.164391 -0.0252382 -0.390855 0.196769 -0.0350768 -0.371574 0.195736 -0.0299353 -0.393441 
0.210101 -0.0456732 -0.386258 -0.276026 0.00860043 -0.315843 -0.262693 -0.00199595 -0.330526 
0.2255 -0.0665527 -0.357209 0.224467 -0.0614111 -0.379075 0.238832 -0.0771491 -0.371892 
-0.309985 -0.0134813 -0.296306 -0.296653 -0.0240777 -0.31099 -0.279673 -0.0130368 -0.320758 
0.222885 -0.0933315 -0.340258 0.236217 -0.103928 -0.354941 -0.343945 -0.035563 -0.27677 
-0.330613 -0.0461594 -0.291454 -0.313633 -0.0351186 -0.301222 0.251616 -0.124807 -0.325892 
0.250583 -0.119666 -0.347759 0.282961 -0.129504 -0.328478 0.281928 -0.124363 -0.350344 
0.296293 -0.140101 -0.343161 -0.333228 -0.0729382 -0.274503 -0.0331069 -0.109313 -0.285673 
-0.05112 -0.115212 -0.297771 -0.03414 -0.104171 -0.307539 -0.00279467 -0.108868 -0.310125 
-0.00176158 -0.11401 -0.288258 0.0285506 -0.113565 -0.31271 0.0295837 -0.118707 -0.290844 
0.059896 -0.118262 -0.315295 0.060929 -0.123404 -0.293429 0.0912413 -0.122959 -0.317881 
0.0922744 -0.128101 -0.296015 0.122587 -0.127656 -0.320466 0.12362 -0.132798 -0.2986 
0.153932 -0.132353 -0.323052 0.154965 -0.137495 -0.301185 0.168297 -0.148091 -0.315869 
0.311692 -0.16098 -0.314112 0.310658 -0.155839 -0.335979 0.325024 -0.171577 -0.328796 
-0.350208 -0.0839791 -0.264734 -0.367188 -0.09502 -0.254966 -0.317829 -0.0938177 -0.245454 
-0.318863 -0.0886762 -0.26732 -0.335842 -0.099717 -0.257552 -0.287517 -0.0933732 -0.269905 
-0.286484 -0.0985148 -0.248039 -0.256172 -0.0980703 -0.272491 -0.255139 -0.103212 -0.250624 
-0.241807 -0.113808 -0.265308 -0.0984122 -0.126697 -0.263551 -0.116425 -0.132597 -0.275649 
-0.0994453 -0.121556 -0.285417 -0.0681 -0.126253 -0.288003 0.182663 -0.163829 -0.308686 
0.183696 -0.168971 -0.28682 0.197028 -0.179567 -0.301503 0.277732 -0.183062 -0.294576 
0.259719 -0.188961 -0.306674 0.276699 -0.177921 -0.316442 0.308044 -0.182618 -0.319028 
-0.352823 -0.110758 -0.247783 -0.227441 -0.129546 -0.258125 -0.196096 -0.134243 -0.26071 
-0.164751 -0.13894 -0.263296 -0.133405 -0.143637 -0.265881 0.211393 -0.195305 -0.29432 
0.242739 -0.200002 -0.296906 -0.144866 0.0804317 -0.42077 -0.1459 0.0855732 -0.442636 
-0.16288 0.0745324 -0.432868 -0.114554 0.0808762 -0.445221 -0.0832089 0.0761791 -0.447807 
-0.0508305 0.0663405 -0.428526 -0.0518636 0.071482 -0.450392 -0.0194852 0.0616434 -0.431111 
-0.0205183 0.066785 -0.452977 0.0118602 0.0569463 -0.433697 0.0108271 0.0620879 -0.455563 
0.0251924 0.04635 -0.44838 -0.178826 0.0583499 -0.401233 -0.179859 0.0634915 -0.4231 
-0.196839 0.0524506 -0.413331 0.0092455 0.0301675 -0.416746 0.0395577 0.030612 -0.441197 
0.0405908 0.0254705 -0.419331 0.0719361 0.0207734 -0.421916 0.070903 0.0259149 -0.443783 
0.103281 0.0160763 -0.424502 0.102248 0.0212179 -0.446368 0.116614 0.00547993 -0.439185 
-0.213819 0.0414098 -0.403563 -0.230799 0.0303689 -0.393795 0.0693215 -0.00600543 -0.404965 
0.100667 -0.0107025 -0.407551 0.130979 -0.010258 -0.432003 0.132012 -0.0153996 -0.410136 
0.163357 -0.0200966 -0.412722 0.162324 -0.0149551 -0.434588 0.194703 -0.0247937 -0.415307 
0.19367 -0.0196522 -0.437173 0.208035 -0.0353901 -0.429991 -0.246746 0.0141865 -0.362161 
-0.233414 0.00359007 -0.376844 0.223433 -0.0562696 -0.400941 0.2224 -0.051128 -0.422808 
0.254779 -0.0609667 -0.403527 0.253746 -0.0558251 -0.425393 0.268111 -0.0715631 -0.41821 
-0.250394 -0.00745079 -0.367076 -0.267374 -0.0184917 -0.357308 0.252164 -0.0877455 -0.386576 
0.265496 -0.0983419 -0.401259 -0.284354 -0.0295325 -0.34754 -0.301334 -0.0405734 -0.337771 
0.249549 -0.114524 -0.369625 0.279862 -0.11408 -0.394077 0.280895 -0.119221 -0.37221 
0.294227 -0.129818 -0.386894 -0.318314 -0.0516143 -0.328003 -0.335294 -0.0626551 -0.318235 
0.0275176 -0.108424 -0.334576 0.00950447 -0.114323 -0.346674 0.0264845 -0.103282 -0.356443 
0.0578298 -0.107979 -0.359028 0.0588629 -0.113121 -0.337162 0.0891751 -0.112676 -0.361613 
0.0902082 -0.117818 -0.339747 0.12052 -0.117373 -0.364199 0.121554 -0.122515 -0.342332 
0.151866 -0.12207 -0.366784 0.152899 -0.127212 -0.344918 0.166231 -0.137808 -0.359601 
0.309625 -0.150697 -0.357845 0.308592 -0.145556 -0.379711 0.322958 -0.161294 -0.372528 
-0.337909 -0.0894339 -0.301284 -0.100478 -0.116414 -0.307284 -0.118491 -0.122313 -0.319382 
-0.101511 -0.111273 -0.32915 -0.0701662 -0.11597 -0.331735 -0.0691331 -0.121111 -0.309869 
-0.0388208 -0.120667 -0.334321 -0.00747551 -0.125364 -0.336906 0.180596 -0.153546 -0.352419 
0.181629 -0.158688 -0.330552 0.194962 -0.169284 -0.345236 0.320343 -0.188072 -0.355577 
-0.353856 -0.105616 -0.26965 -0.323543 -0.105172 -0.294101 -0.292198 -0.109869 -0.296687 
-0.260853 -0.114566 -0.299272 -0.229507 -0.119263 -0.301858 -0.228474 -0.124405 -0.279991 
-0.198162 -0.12396 -0.304443 -0.197129 -0.129102 -0.282577 -0.166817 -0.128657 -0.307028 
-0.165784 -0.133799 -0.285162 -0.135471 -0.133354 -0.309614 -0.134438 -0.138496 -0.287747 
0.209327 -0.185022 -0.338053 0.21036 -0.190164 -0.316187 0.240672 -0.189719 -0.340638 
0.241705 -0.194861 -0.318772 0.272018 -0.194416 -0.343224 0.303363 -0.199113 -0.345809 
0.17175 0.0973017 -0.524258 0.170717 0.102443 -0.546124 0.153737 0.0914024 -0.536356 
0.185082 0.0867053 -0.538942 0.0750993 0.0846141 -0.499551 0.0740662 0.0897556 -0.521417 
0.0570862 0.0787148 -0.511649 0.106445 0.079917 -0.502136 0.105411 0.0850586 -0.524003 
0.13779 0.07522 -0.504722 0.136757 0.0803615 -0.526588 0.169135 0.0705229 -0.507307 
0.182467 0.0599265 -0.521991 -0.084242 0.0813206 -0.469673 -0.0852751 0.0864622 -0.491539 
-0.102255 0.0754213 -0.481771 -0.0528967 0.0766236 -0.472258 -0.0539298 0.0817651 -0.494125 
-0.0215513 0.0719265 -0.474844 -0.0225844 0.077068 -0.49671 0.00979397 0.0672294 -0.477429 
0.00876088 0.072371 -0.499295 0.0411393 0.0625324 -0.480015 0.0401062 0.0676739 -0.501881 
0.0724846 0.0578353 -0.4826 0.10383 0.0531382 -0.485185 0.135175 0.0484412 -0.487771 
0.166521 0.0437441 -0.490356 0.196833 0.0441885 -0.514808 0.197866 0.039047 -0.492942 
0.211198 0.0284506 -0.507625 -0.15058 0.0690775 -0.469418 -0.16756 0.0580367 -0.459649 
-0.119235 0.0643805 -0.472003 0.0385246 0.0357536 -0.463064 0.0698699 0.0310565 -0.465649 
0.101215 0.0263594 -0.468234 0.132561 0.0216623 -0.47082 0.163906 0.0169653 -0.473405 
0.195251 0.0122682 -0.475991 0.225563 0.0127127 -0.500442 0.226597 0.00757113 -0.478576 
0.239929 -0.00302524 -0.493259 -0.18454 0.0469958 -0.449881 -0.20152 0.0359549 -0.440113 
0.129946 -0.00511647 -0.453869 0.161291 -0.00981354 -0.456454 0.192637 -0.0145106 -0.45904 
0.223982 -0.0192077 -0.461625 0.254294 -0.0187632 -0.486077 0.255327 -0.0239048 -0.46421 
0.268659 -0.0345011 -0.478894 -0.2185 0.0249141 -0.430345 -0.23548 0.0138732 -0.420577 
0.221367 -0.0459865 -0.444674 0.252713 -0.0506836 -0.447259 0.266045 -0.0612799 -0.461943 
-0.238095 -0.0129056 -0.403626 0.281443 -0.0821594 -0.432894 0.28041 -0.0770179 -0.45476 
0.294775 -0.0927558 -0.447577 -0.255075 -0.0239465 -0.393858 -0.272055 -0.0349874 -0.384089 
0.278829 -0.108938 -0.415943 0.292161 -0.119535 -0.430626 -0.289035 -0.0460282 -0.374321 
-0.306015 -0.0570691 -0.364553 0.088142 -0.107535 -0.38348 0.0701289 -0.113434 -0.395578 
0.0871089 -0.102393 -0.405346 0.118454 -0.10709 -0.407931 0.119487 -0.112232 -0.386065 
0.1498 -0.111787 -0.410517 0.150833 -0.116929 -0.38865 0.164165 -0.127525 -0.403334 
0.307559 -0.140414 -0.401577 0.306526 -0.135273 -0.423444 0.320891 -0.15101 -0.416261 
-0.321962 -0.0732515 -0.332919 -0.30863 -0.0838479 -0.347602 -0.0711992 -0.110828 -0.353602 
-0.0892123 -0.116727 -0.3657 -0.0722323 -0.105687 -0.375468 -0.040887 -0.110384 -0.378053 
-0.0398539 -0.115525 -0.356187 -0.0095417 -0.115081 -0.380639 -0.00850861 -0.120222 -0.358773 
0.0218036 -0.119778 -0.383224 0.0531489 -0.124475 -0.38581 0.17853 -0.143263 -0.396151 
0.179563 -0.148405 -0.374285 0.192896 -0.159001 -0.388968 0.318277 -0.177789 -0.39931 
-0.324576 -0.10003 -0.315968 -0.294264 -0.0995859 -0.340419 -0.293231 -0.104727 -0.318553 
-0.262919 -0.104283 -0.343005 -0.261886 -0.109424 -0.321139 -0.231574 -0.10898 -0.34559 
-0.230541 -0.114122 -0.323724 -0.200228 -0.113677 -0.348176 -0.199195 -0.118819 -0.326309 
-0.168883 -0.118374 -0.350761 -0.16785 -0.123516 -0.328895 -0.137538 -0.123071 -0.353346 
-0.136505 -0.128213 -0.33148 -0.106192 -0.127768 -0.355932 0.207261 -0.174739 -0.381786 
0.208294 -0.179881 -0.359919 0.221626 -0.190477 -0.374603 0.30233 -0.193972 -0.367676 
0.284317 -0.199871 -0.379774 0.301297 -0.18883 -0.389542 0.235992 -0.206215 -0.36742 
0.267337 -0.210912 -0.370005 0.234989 0.124969 -0.590112 0.233956 0.130111 -0.611979 
0.216976 0.11907 -0.60221 0.248321 0.114373 -0.604796 0.106993 0.116979 -0.56282 
0.10596 0.12212 -0.584686 0.08898 0.11108 -0.574918 0.138338 0.112282 -0.565405 
0.137305 0.117423 -0.587272 0.169684 0.107585 -0.567991 0.168651 0.112726 -0.589857 
0.201029 0.102888 -0.570576 0.199996 0.108029 -0.592442 0.232374 0.0981906 -0.573161 
0.262687 0.0986351 -0.597613 0.26372 0.0934936 -0.575747 0.277052 0.0828972 -0.59043 
0.0416878 0.0995943 -0.540698 0.0406547 0.104736 -0.562564 0.0236747 0.0936949 -0.552796 
0.0730331 0.0948972 -0.543283 0.072 0.100039 -0.56515 0.104378 0.0902001 -0.545869 
0.135724 0.0855031 -0.548454 0.198414 0.0761089 -0.553625 0.22976 0.0714118 -0.55621 
0.261105 0.0667148 -0.558796 0.291417 0.0671593 -0.583248 0.29245 0.0620177 -0.561381 
0.305783 0.0514213 -0.576065 -0.0549629 0.0869067 -0.515991 -0.055996 0.0920482 -0.537857 
-0.0729759 0.0810073 -0.528089 -0.0236175 0.0822096 -0.518576 -0.0246506 0.0873511 -0.540443 
0.00772778 0.0775125 -0.521162 0.00669468 0.0826541 -0.543028 0.0390731 0.0728155 -0.523747 
0.1958 0.0493301 -0.536674 0.227145 0.044633 -0.539259 0.25849 0.039936 -0.541845 
0.289836 0.0352389 -0.54443 0.320148 0.0356833 -0.568882 0.321181 0.0305418 -0.547016 
0.334513 0.0199454 -0.561699 -0.120268 0.069522 -0.493869 -0.121301 0.0746635 -0.515736 
-0.138281 0.0636227 -0.505967 -0.0899559 0.0699665 -0.518321 0.22453 0.0178542 -0.522309 
0.255876 0.0131572 -0.524894 0.287221 0.00846009 -0.527479 0.300553 -0.00213631 -0.542163 
0.317533 0.00890455 -0.551931 -0.155261 0.0525818 -0.496199 -0.172241 0.0415409 -0.486431 
0.253261 -0.0136216 -0.507943 0.284606 -0.0183187 -0.510528 0.297939 -0.0289151 -0.525212 
-0.189221 0.0305001 -0.476663 -0.206201 0.0194592 -0.466895 0.281992 -0.0450975 -0.493577 
0.295324 -0.0556939 -0.508261 -0.222148 0.00327679 -0.43526 -0.208816 -0.00731961 -0.449944 
0.279377 -0.0718763 -0.476627 0.292709 -0.0824727 -0.49131 -0.225796 -0.0183605 -0.440176 
-0.242776 -0.0294014 -0.430407 0.290095 -0.109252 -0.474359 -0.259756 -0.0404422 -0.420639 
-0.276736 -0.0514831 -0.410871 0.30446 -0.124989 -0.467176 0.305493 -0.130131 -0.44531 
0.318825 -0.140727 -0.459994 -0.292683 -0.0676655 -0.379237 -0.27935 -0.0782619 -0.39392 
-0.0105748 -0.109939 -0.402505 -0.0285879 -0.115838 -0.414603 -0.0116079 -0.104798 -0.424371 
0.0197374 -0.109495 -0.426957 0.0207705 -0.114636 -0.405091 0.0510827 -0.114192 -0.429542 
0.0521158 -0.119333 -0.407676 0.0824281 -0.118889 -0.432128 0.113773 -0.123586 -0.434713 
0.145119 -0.128283 -0.437298 0.176464 -0.13298 -0.439884 0.177497 -0.138122 -0.418017 
0.190829 -0.148718 -0.432701 0.316211 -0.167506 -0.443043 -0.29633 -0.0893028 -0.384152 
-0.31331 -0.100344 -0.374384 -0.232607 -0.103838 -0.367456 -0.25062 -0.109738 -0.379555 
-0.23364 -0.0986969 -0.389323 -0.202294 -0.103394 -0.391908 -0.201261 -0.108536 -0.370042 
-0.170949 -0.108091 -0.394494 -0.169916 -0.113233 -0.372627 -0.139604 -0.112788 -0.397079 
-0.138571 -0.11793 -0.375213 -0.108259 -0.117485 -0.399664 -0.107225 -0.122627 -0.377798 
-0.0769132 -0.122182 -0.40225 -0.0455679 -0.126879 -0.404835 0.205195 -0.164456 -0.425518 
0.206228 -0.169597 -0.403652 0.21956 -0.180194 -0.418335 0.300264 -0.183689 -0.411408 
0.282251 -0.189588 -0.423506 0.299231 -0.178547 -0.433274 -0.298945 -0.116082 -0.367201 
-0.2676 -0.120779 -0.369786 0.233925 -0.195932 -0.411153 0.234958 -0.201073 -0.389286 
0.265271 -0.200629 -0.413738 0.266304 -0.20577 -0.391872 0.136272 0.122565 -0.609138 
0.135239 0.127706 -0.631004 0.118259 0.116666 -0.621236 0.167617 0.117868 -0.611723 
0.166584 0.123009 -0.63359 0.198963 0.113171 -0.614309 0.19793 0.118312 -0.636175 
0.229275 0.113615 -0.63876 0.261653 0.103777 -0.619479 0.26062 0.108918 -0.641346 
0.274986 0.0931803 -0.634163 0.0396216 0.109877 -0.584431 0.0385885 0.115019 -0.606297 
0.0216085 0.103978 -0.596529 0.0709669 0.10518 -0.587016 0.0699338 0.110322 -0.608882 
0.101279 0.105625 -0.611468 0.290384 0.0723008 -0.605114 0.289351 0.0774423 -0.62698 
0.321729 0.0676037 -0.607699 0.320696 0.0727453 -0.629566 0.335062 0.0570073 -0.622383 
-0.0256837 0.0924927 -0.562309 -0.0267168 0.0976343 -0.584175 -0.0436968 0.0865934 -0.574407 
0.0056616 0.0877956 -0.564894 0.0046285 0.0929372 -0.586761 0.319115 0.0408249 -0.590748 
0.349427 0.0412694 -0.6152 0.35046 0.0361279 -0.593334 0.381805 0.0314308 -0.595919 
0.380772 0.0365723 -0.617785 0.395138 0.0208344 -0.610603 -0.090989 0.075108 -0.540187 
-0.0920221 0.0802495 -0.562054 -0.109002 0.0692087 -0.552285 -0.0606768 0.0755525 -0.564639 
0.347845 0.00934905 -0.576383 0.361178 -0.00124736 -0.591066 0.378158 0.0097935 -0.600834 
-0.125982 0.0581678 -0.542517 -0.142962 0.047127 -0.532749 0.313885 -0.0127327 -0.556846 
0.327218 -0.0233291 -0.57153 0.344198 -0.0122882 -0.581298 -0.159942 0.0360861 -0.522981 
-0.176922 0.0250452 -0.513213 0.311271 -0.0395115 -0.539895 0.324603 -0.0501079 -0.554579 
-0.193902 0.0140044 -0.503445 -0.210882 0.00296348 -0.493676 0.308656 -0.0662903 -0.522944 
0.321988 -0.0768867 -0.537628 -0.213497 -0.0238153 -0.476725 0.306042 -0.0930691 -0.505994 
0.319374 -0.103666 -0.520677 -0.230477 -0.0348562 -0.466957 -0.247457 -0.0458971 -0.457189 
0.303427 -0.119848 -0.489043 0.316759 -0.130444 -0.503726 -0.263404 -0.0620795 -0.425555 
-0.250071 -0.0726759 -0.440238 -0.012641 -0.099656 -0.446238 -0.0306541 -0.105555 -0.458336 
-0.0136741 -0.0945145 -0.468104 0.0176712 -0.0992116 -0.470689 0.0187043 -0.104353 -0.448823 
0.0490165 -0.103909 -0.473275 0.0500496 -0.10905 -0.451409 0.0803619 -0.108606 -0.47586 
0.081395 -0.113747 -0.453994 0.111707 -0.113303 -0.478446 0.11274 -0.118444 -0.456579 
0.143053 -0.118 -0.481031 0.144086 -0.123141 -0.459165 0.174398 -0.122697 -0.483616 
0.175431 -0.127838 -0.46175 0.205743 -0.127394 -0.486202 0.206776 -0.132536 -0.464336 
0.237088 -0.132091 -0.488787 0.238122 -0.137233 -0.466921 0.268434 -0.136788 -0.491373 
0.269467 -0.14193 -0.469506 0.299779 -0.141485 -0.493958 0.300812 -0.146627 -0.472092 
-0.267051 -0.0837167 -0.43047 -0.284031 -0.0947576 -0.420702 -0.046601 -0.121738 -0.426701 
-0.064614 -0.127637 -0.4388 -0.0476341 -0.116596 -0.448568 0.204162 -0.159314 -0.447385 
0.235507 -0.164011 -0.44997 0.266852 -0.168708 -0.452555 0.298198 -0.173406 -0.455141 
-0.299978 -0.11094 -0.389067 -0.269666 -0.110496 -0.413519 -0.268633 -0.115637 -0.391653 
-0.238321 -0.115193 -0.416104 -0.206975 -0.11989 -0.41869 -0.17563 -0.124587 -0.421275 
-0.144285 -0.129284 -0.423861 -0.112939 -0.133981 -0.426446 -0.081594 -0.138678 -0.429031 
0.232892 -0.19079 -0.433019 0.264238 -0.195487 -0.435604 0.0375554 0.12016 -0.628163 
0.0365223 0.125302 -0.65003 0.0195423 0.114261 -0.640261 0.0689007 0.115463 -0.630749 
0.0678676 0.120605 -0.652615 0.100246 0.110766 -0.633334 0.0992129 0.115908 -0.6552 
0.130558 0.111211 -0.657786 0.161904 0.106514 -0.660371 0.193249 0.101817 -0.662957 
0.225627 0.091978 -0.643676 0.207614 0.0860787 -0.655774 0.256973 0.087281 -0.646261 
-0.0277499 0.102776 -0.606042 -0.028783 0.107917 -0.627908 -0.045763 0.0968765 -0.61814 
0.0035954 0.0980787 -0.608627 0.00256231 0.10322 -0.630493 0.22198 0.0703408 -0.648591 
0.253325 0.0656437 -0.651176 0.28467 0.0609466 -0.653762 0.316015 0.0562496 -0.656347 
0.330381 0.0405116 -0.649164 -0.0617099 0.080694 -0.586505 -0.062743 0.0858356 -0.608372 
-0.079723 0.0747947 -0.598603 0.344746 0.0247737 -0.641982 0.376091 0.0200766 -0.644567 
0.390457 0.00433867 -0.637384 -0.096703 0.0637538 -0.588835 -0.113683 0.052713 -0.579067 
0.37451 -0.0118437 -0.60575 0.387842 -0.0224401 -0.620433 -0.130663 0.0416721 -0.569299 
-0.147643 0.0306313 -0.559531 0.34055 -0.0339255 -0.586213 0.371895 -0.0386225 -0.588799 
0.385228 -0.0492189 -0.603482 -0.164623 0.0195904 -0.549763 -0.181603 0.00854953 -0.539994 
0.337935 -0.0607043 -0.569262 0.369281 -0.0654013 -0.571848 0.382613 -0.0759977 -0.586531 
-0.19755 -0.0076329 -0.50836 -0.184218 -0.0182293 -0.523043 0.335321 -0.0874831 -0.552311 
0.348653 -0.0980795 -0.566995 0.365633 -0.0870386 -0.576763 -0.201198 -0.0292702 -0.513275 
-0.218178 -0.040311 -0.503507 0.314693 -0.120161 -0.547459 0.331673 -0.10912 -0.557227 
-0.234124 -0.0564935 -0.471873 -0.220792 -0.0670899 -0.486556 0.0479835 -0.0987671 -0.495141 
0.0299704 -0.104666 -0.507239 0.0469504 -0.0936255 -0.517007 0.0782957 -0.0983226 -0.519593 
0.0793288 -0.103464 -0.497727 0.109641 -0.10302 -0.522178 0.110674 -0.108161 -0.500312 
0.140986 -0.107717 -0.524764 0.142019 -0.112858 -0.502897 0.172332 -0.112414 -0.527349 
0.173365 -0.117555 -0.505483 0.203677 -0.117111 -0.529934 0.20471 -0.122252 -0.508068 
0.235022 -0.121808 -0.53252 0.236055 -0.12695 -0.510653 0.266368 -0.126505 -0.535105 
0.267401 -0.131647 -0.513239 0.297713 -0.131202 -0.537691 0.298746 -0.136344 -0.515824 
-0.236739 -0.0832723 -0.454922 -0.223407 -0.0938687 -0.469605 -0.0353349 -0.122051 -0.485118 
-0.0183549 -0.11101 -0.494886 0.0129904 -0.115707 -0.497471 -0.270699 -0.105354 -0.435385 
-0.239354 -0.110051 -0.437971 -0.209041 -0.109607 -0.462422 -0.208008 -0.114748 -0.440556 
-0.177696 -0.114304 -0.465008 -0.176663 -0.119445 -0.443142 -0.146351 -0.119001 -0.467593 
-0.145318 -0.124142 -0.445727 -0.115006 -0.123698 -0.470179 -0.113972 -0.128839 -0.448312 
-0.0836602 -0.128395 -0.472764 -0.0826271 -0.133536 -0.450898 -0.0523149 -0.133092 -0.475349 
0.0318414 0.108806 -0.676811 0.0148615 0.0977654 -0.667043 0.0631868 0.104109 -0.679397 
0.0945321 0.0994122 -0.681982 0.12691 0.0895735 -0.662701 0.108897 0.0836742 -0.674799 
0.158256 0.0848765 -0.665286 0.189601 0.0801794 -0.667872 -0.0334639 0.0914216 -0.654689 
-0.0504438 0.0803808 -0.644921 -0.00211853 0.0867246 -0.657275 0.123263 0.0679363 -0.667616 
0.154608 0.0632392 -0.670202 0.185953 0.0585421 -0.672787 0.217299 0.0538451 -0.675373 
0.248644 0.049148 -0.677958 0.279989 0.0444509 -0.680543 0.311335 0.0397539 -0.683129 
0.3257 0.0240159 -0.675946 -0.0674238 0.0693399 -0.635153 -0.0844038 0.058299 -0.625385 
0.340065 0.00827799 -0.668763 0.371411 0.00358092 -0.671349 0.385776 -0.012157 -0.664166 
-0.101384 0.0472581 -0.615617 -0.118364 0.0362173 -0.605849 0.400141 -0.027895 -0.656983 
0.401174 -0.0330365 -0.635117 0.414507 -0.0436329 -0.6498 -0.135344 0.0251764 -0.59608 
-0.152324 0.0141355 -0.586312 0.380547 -0.0657146 -0.630264 0.397527 -0.0546738 -0.640032 
-0.168271 -0.00204686 -0.554678 -0.154938 -0.0126433 -0.569361 0.377932 -0.0924934 -0.613313 
-0.171918 -0.0236841 -0.559593 -0.188898 -0.034725 -0.549825 0.343972 -0.114575 -0.593777 
0.360952 -0.103534 -0.603545 -0.204845 -0.0509074 -0.518191 -0.191513 -0.0615038 -0.532874 
0.108608 -0.0978781 -0.544044 0.0905948 -0.103777 -0.556143 0.107575 -0.0927366 -0.565911 
0.13892 -0.0974336 -0.568496 0.139953 -0.102575 -0.54663 0.170265 -0.102131 -0.571082 
0.171299 -0.107272 -0.549215 0.201611 -0.106828 -0.573667 0.202644 -0.111969 -0.551801 
0.232956 -0.111525 -0.576252 0.233989 -0.116666 -0.554386 0.264301 -0.116222 -0.578838 
0.265335 -0.121363 -0.556971 0.295647 -0.120919 -0.581423 0.29668 -0.126061 -0.559557 
0.326992 -0.125616 -0.584009 -0.208493 -0.0725447 -0.523106 -0.225473 -0.0835856 -0.513338 
-0.0507333 -0.101172 -0.514167 -0.0687464 -0.107071 -0.526265 -0.0517664 -0.09603 -0.536033 
-0.0204211 -0.100727 -0.538618 -0.019388 -0.105869 -0.516752 0.0109242 -0.105424 -0.541204 
0.0119573 -0.110566 -0.519337 0.0422695 -0.110121 -0.543789 0.0736148 -0.114818 -0.546374 
-0.228088 -0.110364 -0.496387 -0.0846933 -0.123253 -0.49463 -0.102706 -0.129153 -0.506728 
-0.0857264 -0.118112 -0.516497 -0.053348 -0.12795 -0.497216 -0.213722 -0.126102 -0.489204 
-0.182377 -0.130799 -0.491789 -0.151032 -0.135496 -0.494375 -0.119686 -0.140194 -0.49696 
0.0271606 0.0923106 -0.703593 0.0101806 0.0812697 -0.693825 0.0585059 0.0876135 -0.706178 
0.0908843 0.0777749 -0.686897 0.0728712 0.0718756 -0.698996 -0.0371116 0.0697843 -0.659605 
-0.0237794 0.059188 -0.674288 -0.00679937 0.0702289 -0.684057 0.0872366 0.0561376 -0.691813 
0.118582 0.0514406 -0.694398 0.15096 0.0416019 -0.675117 0.132947 0.0357026 -0.687215 
0.182306 0.0369049 -0.677703 0.213651 0.0322078 -0.680288 0.244996 0.0275107 -0.682873 
0.276342 0.0228137 -0.685459 0.307687 0.0181166 -0.688044 -0.0710716 0.0477026 -0.640069 
-0.0577393 0.0371062 -0.654752 -0.0407593 0.0481471 -0.66452 0.147313 0.0199647 -0.680032 
0.178658 0.0152676 -0.682618 0.210003 0.0105706 -0.685203 0.241349 0.00587349 -0.687789 
0.272694 0.00117642 -0.690374 0.304039 -0.00352065 -0.692959 0.335384 -0.00821772 -0.695545 
0.36673 -0.0129148 -0.69813 0.381095 -0.0286527 -0.690948 -0.105032 0.0256209 -0.620532 
-0.0916993 0.0150245 -0.635216 -0.0747193 0.0260654 -0.644984 0.396494 -0.0495322 -0.661898 
0.37848 -0.0554316 -0.673997 -0.138992 0.00353915 -0.600996 -0.125659 -0.00705723 -0.615679 
-0.108679 0.00398362 -0.625448 0.375866 -0.0822104 -0.657046 -0.141606 -0.0232397 -0.584045 
-0.128274 -0.033836 -0.598728 0.171847 -0.0702104 -0.609899 0.153834 -0.0761097 -0.621997 
0.170814 -0.0650688 -0.631765 0.202159 -0.0697659 -0.63435 0.203192 -0.0749074 -0.612484 
0.233505 -0.074463 -0.636936 0.234538 -0.0796045 -0.61507 0.26485 -0.07916 -0.639521 
0.265883 -0.0843016 -0.617655 0.296195 -0.0838571 -0.642107 0.297228 -0.0889986 -0.62024 
0.32754 -0.0885542 -0.644692 0.328574 -0.0936957 -0.622826 0.358886 -0.0932512 -0.647277 
0.359919 -0.0983928 -0.625411 -0.175566 -0.0453214 -0.564509 -0.162234 -0.0559178 -0.579192 
-0.145254 -0.0448769 -0.58896 0.106542 -0.087595 -0.587777 0.0885286 -0.0934943 -0.599875 
0.105509 -0.0824535 -0.609643 0.136854 -0.0871506 -0.612229 0.137887 -0.0922921 -0.590362 
0.169232 -0.0969892 -0.592948 0.200578 -0.101686 -0.595533 0.231923 -0.106383 -0.598119 
0.263268 -0.11108 -0.600704 0.294614 -0.115777 -0.603289 0.325959 -0.120475 -0.605875 
-0.178181 -0.0721002 -0.547558 -0.164849 -0.0826966 -0.562241 -0.0527995 -0.0908885 -0.557899 
-0.0708126 -0.0967878 -0.569997 -0.0538326 -0.0857469 -0.579766 -0.0224873 -0.090444 -0.582351 
-0.0214542 -0.0955856 -0.560485 0.00885802 -0.0951411 -0.584936 0.00989111 -0.100283 -0.56307 
0.0402033 -0.0998381 -0.587522 0.0412364 -0.10498 -0.565655 0.0715487 -0.104535 -0.590107 
0.0725817 -0.109677 -0.568241 -0.212141 -0.094182 -0.528021 -0.180795 -0.098879 -0.530607 
-0.167463 -0.109475 -0.54529 -0.0867595 -0.11297 -0.538363 -0.104773 -0.11887 -0.550461 
-0.0877926 -0.107829 -0.560229 -0.214755 -0.120961 -0.51107 -0.18341 -0.125658 -0.513656 
-0.153098 -0.125213 -0.538108 -0.152065 -0.130355 -0.516241 -0.121753 -0.12991 -0.540693 
-0.120719 -0.135052 -0.518827 0.0235129 0.0706733 -0.708508 0.0548582 0.0659762 -0.711094 
-0.0104471 0.0485916 -0.688972 0.00288512 0.0379952 -0.703655 0.0198651 0.0490361 -0.713424 
0.0512104 0.044339 -0.716009 0.0835888 0.0345004 -0.696728 0.0655758 0.028601 -0.708826 
0.114934 0.0298033 -0.699314 -0.0444071 0.0265098 -0.669436 -0.0310749 0.0159135 -0.684119 
-0.0140949 0.0269543 -0.693887 0.0809742 0.00772156 -0.679777 0.0629611 0.00182225 -0.691875 
0.11232 0.00302448 -0.682362 0.143665 -0.00167259 -0.684948 0.17501 -0.00636965 -0.687533 
0.206355 -0.0110667 -0.690119 0.237701 -0.0157638 -0.692704 0.251033 -0.0263602 -0.707388 
0.268013 -0.0153193 -0.717156 0.299358 -0.0200164 -0.719741 0.330704 -0.0247134 -0.722327 
0.363082 -0.0345521 -0.703046 0.345069 -0.0404514 -0.715144 -0.0783671 0.0044281 -0.649899 
-0.0650348 -0.00616827 -0.664583 -0.0480548 0.00487258 -0.674351 0.0773264 -0.0139157 -0.684692 
0.109705 -0.0237543 -0.665412 0.0916918 -0.0296536 -0.67751 0.14105 -0.0284514 -0.667997 
0.172395 -0.0331485 -0.670582 0.203741 -0.0378455 -0.673168 0.217073 -0.0484419 -0.687851 
0.234053 -0.0374011 -0.697619 0.360467 -0.0613309 -0.686095 0.342454 -0.0672302 -0.698193 
-0.112327 -0.0176536 -0.630363 -0.0989948 -0.02825 -0.645046 -0.0820148 -0.0172092 -0.654815 
0.106057 -0.0453916 -0.670327 0.138436 -0.0552302 -0.651046 0.120422 -0.0611295 -0.663144 
0.169781 -0.0599273 -0.653631 0.201126 -0.0646243 -0.656217 0.231438 -0.0641799 -0.680668 
0.232471 -0.0693214 -0.658802 0.262784 -0.0688769 -0.683254 0.263817 -0.0740185 -0.661388 
0.294129 -0.073574 -0.685839 0.295162 -0.0787155 -0.663973 0.325474 -0.0782711 -0.688425 
0.326507 -0.0834126 -0.666558 0.357853 -0.0881097 -0.669144 -0.114942 -0.0444324 -0.613412 
-0.101609 -0.0550288 -0.628096 0.104476 -0.0773119 -0.63151 0.0864625 -0.0832112 -0.643608 
0.103442 -0.0721704 -0.653376 0.135821 -0.082009 -0.634095 -0.148902 -0.0665142 -0.593876 
-0.117556 -0.0712113 -0.596461 -0.104224 -0.0818076 -0.611145 -0.0235204 -0.0853025 -0.604217 
-0.0415335 -0.0912018 -0.616315 -0.0245535 -0.0801609 -0.626083 0.00679183 -0.084858 -0.628669 
0.00782492 -0.0899995 -0.606803 0.0381371 -0.089555 -0.631254 0.0391702 -0.0946966 -0.609388 
0.0694825 -0.0942521 -0.63384 0.0705156 -0.0993937 -0.611973 -0.151516 -0.093293 -0.576925 
-0.120171 -0.0979901 -0.57951 -0.106839 -0.108586 -0.594194 -0.0754934 -0.113284 -0.596779 
-0.0585135 -0.102243 -0.606547 -0.154131 -0.120072 -0.559974 -0.122786 -0.124769 -0.562559 
-0.0924734 -0.124324 -0.587011 0.0162174 0.0273988 -0.718339 0.0475627 0.0227017 -0.720924 
-0.0177426 0.00531706 -0.698803 -0.00441038 -0.00527932 -0.713486 0.0125696 0.00576156 -0.723254 
0.044948 -0.00407708 -0.703973 0.0269349 -0.00997639 -0.716071 0.264365 -0.0369566 -0.722071 
0.295711 -0.0416536 -0.724656 0.327056 -0.0463507 -0.727242 -0.0517026 -0.0167647 -0.679266 
-0.0383704 -0.0273611 -0.69395 -0.0213904 -0.0163202 -0.703718 0.0423334 -0.0308559 -0.687022 
0.0243203 -0.0367552 -0.699121 0.0736787 -0.035553 -0.689608 0.230405 -0.0590383 -0.702535 
0.261751 -0.0637354 -0.70512 0.293096 -0.0684325 -0.707705 0.324441 -0.0731295 -0.710291 
-0.0856626 -0.0388464 -0.65973 -0.0723303 -0.0494428 -0.674413 -0.0553503 -0.0384019 -0.684182 
0.00837339 -0.0529376 -0.667486 -0.00963969 -0.0588369 -0.679584 0.0073403 -0.0477961 -0.689352 
0.0397187 -0.0576347 -0.670072 0.071064 -0.0623318 -0.672657 0.102409 -0.0670288 -0.675242 
-0.0882772 -0.0656252 -0.642779 -0.074945 -0.0762216 -0.657463 -0.0255866 -0.0750194 -0.64795 
-0.0435997 -0.0809187 -0.660048 -0.0266197 -0.0698778 -0.669816 0.00575874 -0.0797164 -0.650535 
0.0371041 -0.0844135 -0.653121 0.0684494 -0.0891106 -0.655706 -0.0908919 -0.092404 -0.625828 
-0.0605796 -0.0919596 -0.65028 -0.0595466 -0.0971011 -0.628413 -0.0935065 -0.119183 -0.608877 
0.00892186 -0.0158757 -0.72817 -0.0250381 -0.0379575 -0.708633 0.0063072 -0.0426545 -0.711219 
-0.0589981 -0.0600392 -0.689097 -0.0276528 -0.0647363 -0.691682 -0.0616127 -0.086818 -0.672146 

POLYGONS 7305 21912
OFFSETS vtktypeint64
0 3 6 9 12 15 18 21 24 
27 30 33 36 39 42 45 48 51 
54 57 60 63 66 69 72 75 78 
81 84 87 90 93 96 99 102 105 
108 111 114 117 120 123 126 129 132 
135 138 141 144 147 150 153 156 159 
162 165 168 171 174 177 180 183 186 
189 192 195 198 201 204 207 210 213 
216 219 222 225 228 231 234 237 240 
243 246 249 252 255 258 261 264 267 
270 273 276 279 282 285 288 291 294 
297 300 303 306 309 312 315 318 321 
324 327 330 333 336 339 342 345 348 
351 354 357 360 363 366 369 372 375 
378 381 384 387 390 393 396 399 402 
405 408 411 414 417 420 423 426 429 
432 435 438 441 444 447 450 453 456 
459 462 465 468 471 474 477 480 483 
486 489 492 495 498 501 504 507 510 
513 516 519 522 525 528 531 534 537 
540 543 546 549 552 555 558 561 564 
567 570 573 576 579 582 585 588 591 
594 597 600 603 606 609 612 615 618 
621 624 627 630 633 636 639 642 645 
648 651 654 657 660 663 666 669 672 
675 678 681 684 687 690 693 696 699 
702 705 708 711 714 717 720 723 726 
729 732 735 738 741 744 747 750 753 
756 759 762 765 768 771 774 777 780 
783 786 789 792 795 798 801 804 807 
810 813 816 819 822 825 828 831 834 
837 840 843 846 849 852 855 858 861 
864 867 870 873 876 879 882 885 888 
891 894 897 900 903 906 909 912 915 
918 921 924 927 930 933 936 939 942 
945 948 951 954 957 960 963 966 969 
972 975 978 981 984 987 990 993 996 
999 1002 1005 1008 1011 1014 1017 1020 1023 
1026 1029 1032 1035 1038 1041 1044 1047 1050 
1053 1056 1059 1062 1065 1068 1071 1074 1077 
1080 1083 1086 1089 1092 1095 1098 1101 1104 
1107 1110 1113 1116 1119 1122 1125 1128 1131 
1134 1137 1140 1143 1146 1149 1152 1155 1158 
1161 1164 1167 1170 1173 1176 1179 1182 1185 
1188 1191 1194 1197 1200 1203 1206 1209 1212 
1215 1218 1221 1224 1227 1230 1233 1236 1239 
1242 1245 1248 1251 1254 1257 1260 1263 1266 
1269 1272 1275 1278 1281 1284 1287 1290 1293 
1296 1299 1302 1305 1308 1311 1314 1317 1320 
1323 1326 1329 1332 1335 1338 1341 1344 1347 
1350 1353 1356 1359 1362 1365 1368 1371 1374 
1377 1380 1383 1386 1389 1392 1395 1398 1401 
1404 1407 1410 1413 1416 1419 1422 1425 1428 
1431 1434 1437 1440 1443 1446 1449 1452 1455 
1458 1461 1464 1467 1470 1473 1476 1479 1482 
1485 1488 1491 1494 1497 1500 1503 1506 1509 
1512 1515 1518 1521 1524 1527 1530 1533 1536 
1539 1542 1545 1548 1551 1554 1557 1560 1563 
1566 1569 1572 1575 1578 1581 1584 1587 1590 
1593 1596 1599 1602 1605 1608 1611 1614 1617 
1620 1623 1626 1629 1632 1635 1638 1641 1644 
1647 1650 1653 1656 1659 1662 1665 1668 1671 
1674 1677 1680 1683 1686 1689 1692 1695 1698 
1701 1704 1707 1710 1713 1716 1719 1722 1725 
1728 1731 1734 1737 1740 1743 1746 1749 1752 
1755 1758 1761 1764 1767 1770 1773 1776 1779 
1782 1785 1788 1791 1794 1797 1800 1803 1806 
1809 1812 1815 1818 1821 1824 1827 1830 1833 
1836 1839 1842 1845 1848 1851 1854 1857 1860 
1863 1866 1869 1872 1875 1878 1881 1884 1887 
1890 1893 1896 1899 1902 1905 1908 1911 1914 
1917 1920 1923 1926 1929 1932 1935 1938 1941 
1944 1947 1950 1953 1956 1959 1962 1965 1968 
1971 1974 1977 1980 1983 1986 1989 1992 1995 
1998 2001 2004 2007 2010 2013 2016 2019 2022 
2025 2028 2031 2034 2037 2040 2043 2046 2049 
2052 2055 2058 2061 2064 2067 2070 2073 2076 
2079 2082 2085 2088 2091 2094 2097 2100 2103 
2106 2109 2112 2115 2118 2121 2124 2127 2130 
2133 2136 2139 2142 2145 2148 2151 2154 2157 
2160 2163 2166 2169 2172 2175 2178 2181 2184 
2187 2190 2193 2196 2199 2202 2205 2208 2211 
2214 2217 2220 2223 2226 2229 2232 2235 2238 
2241 2244 2247 2250 2253 2256 2259 2262 2265 
2268 2271 2274 2277 2280 2283 2286 2289 2292 
2295 2298 2301 2304 2307 2310 2313 2316 2319 
2322 2325 2328 2331 2334 2337 2340 2343 2346 
2349 2352 2355 2358 2361 2364 2367 2370 2373 
2376 2379 2382 2385 2388 2391 2394 2397 2400 
2403 2406 2409 2412 2415 2418 2421 2424 2427 
2430 2433 2436 2439 2442 2445 2448 2451 2454 
2457 2460 2463 2466 2469 2472 2475 2478 2481 
2484 2487 2490 2493 2496 2499 2502 2505 2508 
2511 2514 2517 2520 2523 2526 2529 2532 2535 
2538 2541 2544 2547 2550 2553 2556 2559 2562 
2565 2568 2571 2574 2577 2580 2583 2586 2589 
2592 2595 2598 2601 2604 2607 2610 2613 2616 
2619 2622 2625 2628 2631 2634 2637 2640 2643 
2646 2649 2652 2655 2658 2661 2664 2667 2670 
2673 2676 2679 2682 2685 2688 2691 2694 2697 
2700 2703 2706 2709 2712 2715 2718 2721 2724 
2727 2730 2733 2736 2739 2742 2745 2748 2751 
2754 2757 2760 2763 2766 2769 2772 2775 2778 
2781 2784 2787 2790 2793 2796 2799 2802 2805 
2808 2811 2814 2817 2820 2823 2826 2829 2832 
2835 2838 2841 2844 2847 2850 2853 2856 2859 
2862 2865 2868 2871 2874 2877 2880 2883 2886 
2889 2892 2895 2898 2901 2904 2907 2910 2913 
2916 2919 2922 2925 2928 2931 2934 2937 2940 
2943 2946 2949 2952 2955 2958 2961 2964 2967 
2970 2973 2976 2979 2982 2985 2988 2991 2994 
2997 3000 3003 3006 3009 3012 3015 3018 3021 
3024 3027 3030 3033 3036 3039 3042 3045 3048 
3051 3054 3057 3060 3063 3066 3069 3072 3075 
3078 3081 3084 3087 3090 3093 3096 3099 3102 
3105 3108 3111 3114 3117 3120 3123 3126 3129 
3132 3135 3138 3141 3144 3147 3150 3153 3156 
3159 3162 3165 3168 3171 3174 3177 3180 3183 
3186 3189 3192 3195 3198 3201 3204 3207 3210 
3213 3216 3219 3222 3225 3228 3231 3234 3237 
3240 3243 3246 3249 3252 3255 3258 3261 3264 
3267 3270 3273 3276 3279 3282 3285 3288 3291 
3294 3297 3300 3303 3306 3309 3312 3315 3318 
3321 3324 3327 3330 3333 3336 3339 3342 3345 
3348 3351 3354 3357 3360 3363 3366 3369 3372 
3375 3378 3381 3384 3387 3390 3393 3396 3399 
3402 3405 3408 3411 3414 3417 3420 3423 3426 
3429 3432 3435 3438 3441 3444 3447 3450 3453 
3456 3459 3462 3465 3468 3471 3474 3477 3480 
3483 3486 3489 3492 3495 3498 3501 3504 3507 
3510 3513 3516 3519 3522 3525 3528 3531 3534 
3537 3540 3543 3546 3549 3552 3555 3558 3561 
3564 3567 3570 3573 3576 3579 3582 3585 3588 
3591 3594 3597 3600 3603 3606 3609 3612 3615 
3618 3621 3624 3627 3630 3633 3636 3639 3642 
3645 3648 3651 3654 3657 3660 3663 3666 3669 
3672 3675 3678 3681 3684 3687 3690 3693 3696 
3699 3702 3705 3708 3711 3714 3717 3720 3723 
3726 3729 3732 3735 3738 3741 3744 3747 3750 
3753 3756 3759 3762 3765 3768 3771 3774 3777 
3780 3783 3786 3789 3792 3795 3798 3801 3804 
3807 3810 3813 3816 3819 3822 3825 3828 3831 
3834 3837 3840 3843 3846 3849 3852 3855 3858 
3861 3864 3867 3870 3873 3876 3879 3882 3885 
3888 3891 3894 3897 3900 3903 3906 3909 3912 
3915 3918 3921 3924 3927 3930 3933 3936 3939 
3942 3945 3948 3951 3954 3957 3960 3963 3966 
3969 3972 3975 3978 3981 3984 3987 3990 3993 
3996 3999 4002 4005 4008 4011 4014 4017 4020 
4023 4026 4029 4032 4035 4038 4041 4044 4047 
4050 4053 4056 4059 4062 4065 4068 4071 4074 
4077 4080 4083 4086 4089 4092 4095 4098 4101 
4104 4107 4110 4113 4116 4119 4122 4125 4128 
4131 4134 4137 4140 4143 4146 4149 4152 4155 
4158 4161 4164 4167 4170 4173 4176 4179 4182 
4185 4188 4191 4194 4197 4200 4203 4206 4209 
4212 4215 4218 4221 4224 4227 4230 4233 4236 
4239 4242 4245 4248 4251 4254 4257 4260 4263 
4266 4269 4272 4275 4278 4281 4284 4287 4290 
4293 4296 4299 4302 4305 4308 4311 4314 4317 
4320 4323 4326 4329 4332 4335 4338 4341 4344 
4347 4350 4353 4356 4359 4362 4365 4368 4371 
4374 4377 4380 4383 4386 4389 4392 4395 4398 
4401 4404 4407 4410 4413 4416 4419 4422 4425 
4428 4431 4434 4437 4440 4443 4446 4449 4452 
4455 4458 4461 4464 4467 4470 4473 4476 4479 
4482 4485 4488 4491 4494 4497 4500 4503 4506 
4509 4512 4515 4518 4521 4524 4527 4530 4533 
4536 4539 4542 4545 4548 4551 4554 4557 4560 
4563 4566 4569 4572 4575 4578 4581 4584 4587 
4590 4593 4596 4599 4602 4605 4608 4611 4614 
4617 4620 4623 4626 4629 4632 4635 4638 4641 
4644 4647 4650 4653 4656 4659 4662 4665 4668 
4671 4674 4677 4680 4683 4686 4689 4692 4695 
4698 4701 4704 4707 4710 4713 4716 4719 4722 
4725 4728 4731 4734 4737 4740 4743 4746 4749 
4752 4755 4758 4761 4764 4767 4770 4773 4776 
4779 4782 4785 4788 4791 4794 4797 4800 4803 
4806 4809 4812 4815 4818 4821 4824 4827 4830 
4833 4836 4839 4842 4845 4848 4851 4854 4857 
4860 4863 4866 4869 4872 4875 4878 4881 4884 
4887 4890 4893 4896 4899 4902 4905 4908 4911 
4914 4917 4920 4923 4926 4929 4932 4935 4938 
4941 4944 4947 4950 4953 4956 4959 4962 4965 
4968 4971 4974 4977 4980 4983 4986 4989 4992 
4995 4998 5001 5004 5007 5010 5013 5016 5019 
5022 5025 5028 5031 5034 5037 5040 5043 5046 
5049 5052 5055 5058 5061 5064 5067 5070 5073 
5076 5079 5082 5085 5088 5091 5094 5097 5100 
5103 5106 5109 5112 5115 5118 5121 5124 5127 
5130 5133 5136 5139 5142 5145 5148 5151 5154 
5157 5160 5163 5166 5169 5172 5175 5178 5181 
5184 5187 5190 5193 5196 5199 5202 5205 5208 
5211 5214 5217 5220 5223 5226 5229 5232 5235 
5238 5241 5244 5247 5250 5253 5256 5259 5262 
5265 5268 5271 5274 5277 5280 5283 5286 5289 
5292 5295 5298 5301 5304 5307 5310 5313 5316 
5319 5322 5325 5328 5331 5334 5337 5340 5343 
5346 5349 5352 5355 5358 5361 5364 5367 5370 
5373 5376 5379 5382 5385 5388 5391 5394 5397 
5400 5403 5406 5409 5412 5415 5418 5421 5424 
5427 5430 5433 5436 5439 5442 5445 5448 5451 
5454 5457 5460 5463 5466 5469 5472 5475 5478 
5481 5484 5487 5490 5493 5496 5499 5502 5505 
5508 5511 5514 5517 5520 5523 5526 5529 5532 
5535 5538 5541 5544 5547 5550 5553 5556 5559 
5562 5565 5568 5571 5574 5577 5580 5583 5586 
5589 5592 5595 5598 5601 5604 5607 5610 5613 
5616 5619 5622 5625 5628 5631 5634 5637 5640 
5643 5646 5649 5652 5655 5658 5661 5664 5667 
5670 5673 5676 5679 5682 5685 5688 5691 5694 
5697 5700 5703 5706 5709 5712 5715 5718 5721 
5724 5727 5730 5733 5736 5739 5742 5745 5748 
5751 5754 5757 5760 5763 5766 5769 5772 5775 
5778 5781 5784 5787 5790 5793 5796 5799 5802 
5805 5808 5811 5814 5817 5820 5823 5826 5829 
5832 5835 5838 5841 5844 5847 5850 5853 5856 
5859 5862 5865 5868 5871 5874 5877 5880 5883 
5886 5889 5892 5895 5898 5901 5904 5907 5910 
5913 5916 5919 5922 5925 5928 5931 5934 5937 
5940 5943 5946 5949 5952 5955 5958 5961 5964 
5967 5970 5973 5976 5979 5982 5985 5988 5991 
5994 5997 6000 6003 6006 6009 6012 6015 6018 
6021 6024 6027 6030 6033 6036 6039 6042 6045 
6048 6051 6054 6057 6060 6063 6066 6069 6072 
6075 6078 6081 6084 6087 6090 6093 6096 6099 
6102 6105 6108 6111 6114 6117 6120 6123 6126 
6129 6132 6135 6138 6141 6144 6147 6150 6153 
6156 6159 6162 6165 6168 6171 6174 6177 6180 
6183 6186 6189 6192 6195 6198 6201 6204 6207 
6210 6213 6216 6219 6222 6225 6228 6231 6234 
6237 6240 6243 6246 6249 6252 6255 6258 6261 
6264 6267 6270 6273 6276 6279 6282 6285 6288 
6291 6294 6297 6300 6303 6306 6309 6312 6315 
6318 6321 6324 6327 6330 6333 6336 6339 6342 
6345 6348 6351 6354 6357 6360 6363 6366 6369 
6372 6375 6378 6381 6384 6387 6390 6393 6396 
6399 6402 6405 6408 6411 6414 6417 6420 6423 
6426 6429 6432 6435 6438 6441 6444 6447 6450 
6453 6456 6459 6462 6465 6468 6471 6474 6477 
6480 6483 6486 6489 6492 6495 6498 6501 6504 
6507 6510 6513 6516 6519 6522 6525 6528 6531 
6534 6537 6540 6543 6546 6549 6552 6555 6558 
6561 6564 6567 6570 6573 6576 6579 6582 6585 
6588 6591 6594 6597 6600 6603 6606 6609 6612 
6615 6618 6621 6624 6627 6630 6633 6636 6639 
6642 6645 6648 6651 6654 6657 6660 6663 6666 
6669 6672 6675 6678 6681 6684 6687 6690 6693 
6696 6699 6702 6705 6708 6711 6714 6717 6720 
6723 6726 6729 6732 6735 6738 6741 6744 6747 
6750 6753 6756 6759 6762 6765 6768 6771 6774 
6777 6780 6783 6786 6789 6792 6795 6798 6801 
6804 6807 6810 6813 6816 6819 6822 6825 6828 
6831 6834 6837 6840 6843 6846 6849 6852 6855 
6858 6861 6864 6867 6870 6873 6876 6879 6882 
6885 6888 6891 6894 6897 6900 6903 6906 6909 
6912 6915 6918 6921 6924 6927 6930 6933 6936 
6939 6942 6945 6948 6951 6954 6957 6960 6963 
6966 6969 6972 6975 6978 6981 6984 6987 6990 
6993 6996 6999 7002 7005 7008 7011 7014 7017 
7020 7023 7026 7029 7032 7035 7038 7041 7044 
7047 7050 7053 7056 7059 7062 7065 7068 7071 
7074 7077 7080 7083 7086 7089 7092 7095 7098 
7101 7104 7107 7110 7113 7116 7119 7122 7125 
7128 7131 7134 7137 7140 7143 7146 7149 7152 
7155 7158 7161 7164 7167 7170 7173 7176 7179 
7182 7185 7188 7191 7194 7197 7200 7203 7206 
7209 7212 7215 7218 7221 7224 7227 7230 7233 
7236 7239 7242 7245 7248 7251 7254 7257 7260 
7263 7266 7269 7272 7275 7278 7281 7284 7287 
7290 7293 7296 7299 7302 7305 7308 7311 7314 
7317 7320 7323 7326 7329 7332 7335 7338 7341 
7344 7347 7350 7353 7356 7359 7362 7365 7368 
7371 7374 7377 7380 7383 7386 7389 7392 7395 
7398 7401 7404 7407 7410 7413 7416 7419 7422 
7425 7428 7431 7434 7437 7440 7443 7446 7449 
7452 7455 7458 7461 7464 7467 7470 7473 7476 
7479 7482 7485 7488 7491 7494 7497 7500 7503 
7506 7509 7512 7515 7518 7521 7524 7527 7530 
7533 7536 7539 7542 7545 7548 7551 7554 7557 
7560 7563 7566 7569 7572 7575 7578 7581 7584 
7587 7590 7593 7596 7599 7602 7605 7608 7611 
7614 7617 7620 7623 7626 7629 7632 7635 7638 
7641 7644 7647 7650 7653 7656 7659 7662 7665 
7668 7671 7674 7677 7680 7683 7686 7689 7692 
7695 7698 7701 7704 7707 7710 7713 7716 7719 
7722 7725 7728 7731 7734 7737 7740 7743 7746 
7749 7752 7755 7758 7761 7764 7767 7770 7773 
7776 7779 7782 7785 7788 7791 7794 7797 7800 
7803 7806 7809 7812 7815 7818 7821 7824 7827 
7830 7833 7836 7839 7842 7845 7848 7851 7854 
7857 7860 7863 7866 7869 7872 7875 7878 7881 
7884 7887 7890 7893 7896 7899 7902 7905 7908 
7911 7914 7917 7920 7923 7926 7929 7932 7935 
7938 7941 7944 7947 7950 7953 7956 7959 7962 
7965 7968 7971 7974 7977 7980 7983 7986 7989 
7992 7995 7998 8001 8004 8007 8010 8013 8016 
8019 8022 8025 8028 8031 8034 8037 8040 8043 
8046 8049 8052 8055 8058 8061 8064 8067 8070 
8073 8076 8079 8082 8085 8088 8091 8094 8097 
8100 8103 8106 8109 8112 8115 8118 8121 8124 
8127 8130 8133 8136 8139 8142 8145 8148 8151 
8154 8157 8160 8163 8166 8169 8172 8175 8178 
8181 8184 8187 8190 8193 8196 8199 8202 8205 
8208 8211 8214 8217 8220 8223 8226 8229 8232 
8235 8238 8241 8244 8247 8250 8253 8256 8259 
8262 8265 8268 8271 8274 8277 8280 8283 8286 
8289 8292 8295 8298 8301 8304 8307 8310 8313 
8316 8319 8322 8325 8328 8331 8334 8337 8340 
8343 8346 8349 8352 8355 8358 8361 8364 8367 
8370 8373 8376 8379 8382 8385 8388 8391 8394 
8397 8400 8403 8406 8409 8412 8415 8418 8421 
8424 8427 8430 8433 8436 8439 8442 8445 8448 
8451 8454 8457 8460 8463 8466 8469 8472 8475 
8478 8481 8484 8487 8490 8493 8496 8499 8502 
8505 8508 8511 8514 8517 8520 8523 8526 8529 
8532 8535 8538 8541 8544 8547 8550 8553 8556 
8559 8562 8565 8568 8571 8574 8577 8580 8583 
8586 8589 8592 8595 8598 8601 8604 8607 8610 
8613 8616 8619 8622 8625 8628 8631 8634 8637 
8640 8643 8646 8649 8652 8655 8658 8661 8664 
8667 8670 8673 8676 8679 8682 8685 8688 8691 
8694 8697 8700 8703 8706 8709 8712 8715 8718 
8721 8724 8727 8730 8733 8736 8739 8742 8745 
8748 8751 8754 8757 8760 8763 8766 8769 8772 
8775 8778 8781 8784 8787 8790 8793 8796 8799 
8802 8805 8808 8811 8814 8817 8820 8823 8826 
8829 8832 8835 8838 8841 8844 8847 8850 8853 
8856 8859 8862 8865 8868 8871 8874 8877 8880 
8883 8886 8889 8892 8895 8898 8901 8904 8907 
8910 8913 8916 8919 8922 8925 8928 8931 8934 
8937 8940 8943 8946 8949 8952 8955 8958 8961 
8964 8967 8970 8973 8976 8979 8982 8985 8988 
8991 8994 8997 9000 9003 9006 9009 9012 9015 
9018 9021 9024 9027 9030 9033 9036 9039 9042 
9045 9048 9051 9054 9057 9060 9063 9066 9069 
9072 9075 9078 9081 9084 9087 9090 9093 9096 
9099 9102 9105 9108 9111 9114 9117 9120 9123 
9126 9129 9132 9135 9138 9141 9144 9147 9150 
9153 9156 9159 9162 9165 9168 9171 9174 9177 
9180 9183 9186 9189 9192 9195 9198 9201 9204 
9207 9210 9213 9216 9219 9222 9225 9228 9231 
9234 9237 9240 9243 9246 9249 9252 9255 9258 
9261 9264 9267 9270 9273 9276 9279 9282 9285 
9288 9291 9294 9297 9300 9303 9306 9309 9312 
9315 9318 9321 9324 9327 9330 9333 9336 9339 
9342 9345 9348 9351 9354 9357 9360 9363 9366 
9369 9372 9375 9378 9381 9384 9387 9390 9393 
9396 9399 9402 9405 9408 9411 9414 9417 9420 
9423 9426 9429 9432 9435 9438 9441 9444 9447 
9450 9453 9456 9459 9462 9465 9468 9471 9474 
9477 9480 9483 9486 9489 9492 9495 9498 9501 
9504 9507 9510 9513 9516 9519 9522 9525 9528 
9531 9534 9537 9540 9543 9546 9549 9552 9555 
9558 9561 9564 9567 9570 9573 9576 9579 9582 
9585 9588 9591 9594 9597 9600 9603 9606 9609 
9612 9615 9618 9621 9624 9627 9630 9633 9636 
9639 9642 9645 9648 9651 9654 9657 9660 9663 
9666 9669 9672 9675 9678 9681 9684 9687 9690 
9693 9696 9699 9702 9705 9708 9711 9714 9717 
9720 9723 9726 9729 9732 9735 9738 9741 9744 
9747 9750 9753 9756 9759 9762 9765 9768 9771 
9774 9777 9780 9783 9786 9789 9792 9795 9798 
9801 9804 9807 9810 9813 9816 9819 9822 9825 
9828 9831 9834 9837 9840 9843 9846 9849 9852 
9855 9858 9861 9864 9867 9870 9873 9876 9879 
9882 9885 9888 9891 9894 9897 9900 9903 9906 
9909 9912 9915 9918 9921 9924 9927 9930 9933 
9936 9939 9942 9945 9948 9951 9954 9957 9960 
9963 9966 9969 9972 9975 9978 9981 9984 9987 
9990 9993 9996 9999 10002 10005 10008 10011 10014 
10017 10020 10023 10026 10029 10032 10035 10038 10041 
10044 10047 10050 10053 10056 10059 10062 10065 10068 
10071 10074 10077 10080 10083 10086 10089 10092 10095 
10098 10101 10104 10107 10110 10113 10116 10119 10122 
10125 10128 10131 10134 10137 10140 10143 10146 10149 
10152 10155 10158 10161 10164 10167 10170 10173 10176 
10179 10182 10185 10188 10191 10194 10197 10200 10203 
10206 10209 10212 10215 10218 10221 10224 10227 10230 
10233 10236 10239 10242 10245 10248 10251 10254 10257 
10260 10263 10266 10269 10272 10275 10278 10281 10284 
10287 10290 10293 10296 10299 10302 10305 10308 10311 
10314 10317 10320 10323 10326 10329 10332 10335 10338 
10341 10344 10347 10350 10353 10356 10359 10362 10365 
10368 10371 10374 10377 10380 10383 10386 10389 10392 
10395 10398 10401 10404 10407 10410 10413 10416 10419 
10422 10425 10428 10431 10434 10437 10440 10443 10446 
10449 10452 10455 10458 10461 10464 10467 10470 10473 
10476 10479 10482 10485 10488 10491 10494 10497 10500 
10503 10506 10509 10512 10515 10518 10521 10524 10527 
10530 10533 10536 10539 10542 10545 10548 10551 10554 
10557 10560 10563 10566 10569 10572 10575 10578 10581 
10584 10587 10590 10593 10596 10599 10602 10605 10608 
10611 10614 10617 10620 10623 10626 10629 10632 10635 
10638 10641 10644 10647 10650 10653 10656 10659 10662 
10665 10668 10671 10674 10677 10680 10683 10686 10689 
10692 10695 10698 10701 10704 10707 10710 10713 10716 
10719 10722 10725 10728 10731 10734 10737 10740 10743 
10746 10749 10752 10755 10758 10761 10764 10767 10770 
10773 10776 10779 10782 10785 10788 10791 10794 10797 
10800 10803 10806 10809 10812 10815 10818 10821 10824 
10827 10830 10833 10836 10839 10842 10845 10848 10851 
10854 10857 10860 10863 10866 10869 10872 10875 10878 
10881 10884 10887 10890 10893 10896 10899 10902 10905 
10908 10911 10914 10917 10920 10923 10926 10929 10932 
10935 10938 10941 10944 10947 10950 10953 10956 10959 
10962 10965 10968 10971 10974 10977 10980 10983 10986 
10989 10992 10995 10998 11001 11004 11007 11010 11013 
11016 11019 11022 11025 11028 11031 11034 11037 11040 
11043 11046 11049 11052 11055 11058 11061 11064 11067 
11070 11073 11076 11079 11082 11085 11088 11091 11094 
11097 11100 11103 11106 11109 11112 11115 11118 11121 
11124 11127 11130 11133 11136 11139 11142 11145 11148 
11151 11154 11157 11160 11163 11166 11169 11172 11175 
11178 11181 11184 11187 11190 11193 11196 11199 11202 
11205 11208 11211 11214 11217 11220 11223 11226 11229 
11232 11235 11238 11241 11244 11247 11250 11253 11256 
11259 11262 11265 11268 11271 11274 11277 11280 11283 
11286 11289 11292 11295 11298 11301 11304 11307 11310 
11313 11316 11319 11322 11325 11328 11331 11334 11337 
11340 11343 11346 11349 11352 11355 11358 11361 11364 
11367 11370 11373 11376 11379 11382 11385 11388 11391 
11394 11397 11400 11403 11406 11409 11412 11415 11418 
11421 11424 11427 11430 11433 11436 11439 11442 11445 
11448 11451 11454 11457 11460 11463 11466 11469 11472 
11475 11478 11481 11484 11487 11490 11493 11496 11499 
11502 11505 11508 11511 11514 11517 11520 11523 11526 
11529 11532 11535 11538 11541 11544 11547 11550 11553 
11556 11559 11562 11565 11568 11571 11574 11577 11580 
11583 11586 11589 11592 11595 11598 11601 11604 11607 
11610 11613 11616 11619 11622 11625 11628 11631 11634 
11637 11640 11643 11646 11649 11652 11655 11658 11661 
11664 11667 11670 11673 11676 11679 11682 11685 11688 
11691 11694 11697 11700 11703 11706 11709 11712 11715 
11718 11721 11724 11727 11730 11733 11736 11739 11742 
11745 11748 11751 11754 11757 11760 11763 11766 11769 
11772 11775 11778 11781 11784 11787 11790 11793 11796 
11799 11802 11805 11808 11811 11814 11817 11820 11823 
11826 11829 11832 11835 11838 11841 11844 11847 11850 
11853 11856 11859 11862 11865 11868 11871 11874 11877 
11880 11883 11886 11889 11892 11895 11898 11901 11904 
11907 11910 11913 11916 11919 11922 11925 11928 11931 
11934 11937 11940 11943 11946 11949 11952 11955 11958 
11961 11964 11967 11970 11973 11976 11979 11982 11985 
11988 11991 11994 11997 12000 12003 12006 12009 12012 
12015 12018 12021 12024 12027 12030 12033 12036 12039 
12042 12045 12048 12051 12054 12057 12060 12063 12066 
12069 12072 12075 12078 12081 12084 12087 12090 12093 
12096 12099 12102 12105 12108 12111 12114 12117 12120 
12123 12126 12129 12132 12135 12138 12141 12144 12147 
12150 12153 12156 12159 12162 12165 12168 12171 12174 
12177 12180 12183 12186 12189 12192 12195 12198 12201 
12204 12207 12210 12213 12216 12219 12222 12225 12228 
12231 12234 12237 12240 12243 12246 12249 12252 12255 
12258 12261 12264 12267 12270 12273 12276 12279 12282 
12285 12288 12291 12294 12297 12300 12303 12306 12309 
12312 12315 12318 12321 12324 12327 12330 12333 12336 
12339 12342 12345 12348 12351 12354 12357 12360 12363 
12366 12369 12372 12375 12378 12381 12384 12387 12390 
12393 12396 12399 12402 12405 12408 12411 12414 12417 
12420 12423 12426 12429 12432 12435 12438 12441 12444 
12447 12450 12453 12456 12459 12462 12465 12468 12471 
12474 12477 12480 12483 12486 12489 12492 12495 12498 
12501 12504 12507 12510 12513 12516 12519 12522 12525 
12528 12531 12534 12537 12540 12543 12546 12549 12552 
12555 12558 12561 12564 12567 12570 12573 12576 12579 
12582 12585 12588 12591 12594 12597 12600 12603 12606 
12609 12612 12615 12618 12621 12624 12627 12630 12633 
12636 12639 12642 12645 12648 12651 12654 12657 12660 
12663 12666 12669 12672 12675 12678 12681 12684 12687 
12690 12693 12696 12699 12702 12705 12708 12711 12714 
12717 12720 12723 12726 12729 12732 12735 12738 12741 
12744 12747 12750 12753 12756 12759 12762 12765 12768 
12771 12774 12777 12780 12783 12786 12789 12792 12795 
12798 12801 12804 12807 12810 12813 12816 12819 12822 
12825 12828 12831 12834 12837 12840 12843 12846 12849 
12852 12855 12858 12861 12864 12867 12870 12873 12876 
12879 12882 12885 12888 12891 12894 12897 12900 12903 
12906 12909 12912 12915 12918 12921 12924 12927 12930 
12933 12936 12939 12942 12945 12948 12951 12954 12957 
12960 12963 12966 12969 12972 12975 12978 12981 12984 
12987 12990 12993 12996 12999 13002 13005 13008 13011 
13014 13017 13020 13023 13026 13029 13032 13035 13038 
13041 13044 13047 13050 13053 13056 13059 13062 13065 
13068 13071 13074 13077 13080 13083 13086 13089 13092 
13095 13098 13101 13104 13107 13110 13113 13116 13119 
13122 13125 13128 13131 13134 13137 13140 13143 13146 
13149 13152 13155 13158 13161 13164 13167 13170 13173 
13176 13179 13182 13185 13188 13191 13194 13197 13200 
13203 13206 13209 13212 13215 13218 13221 13224 13227 
13230 13233 13236 13239 13242 13245 13248 13251 13254 
13257 13260 13263 13266 13269 13272 13275 13278 13281 
13284 13287 13290 13293 13296 13299 13302 13305 13308 
13311 13314 13317 13320 13323 13326 13329 13332 13335 
13338 13341 13344 13347 13350 13353 13356 13359 13362 
13365 13368 13371 13374 13377 13380 13383 13386 13389 
13392 13395 13398 13401 13404 13407 13410 13413 13416 
13419 13422 13425 13428 13431 13434 13437 13440 13443 
13446 13449 13452 13455 13458 13461 13464 13467 13470 
13473 13476 13479 13482 13485 13488 13491 13494 13497 
13500 13503 13506 13509 13512 13515 13518 13521 13524 
13527 13530 13533 13536 13539 13542 13545 13548 13551 
13554 13557 13560 13563 13566 13569 13572 13575 13578 
13581 13584 13587 13590 13593 13596 13599 13602 13605 
13608 13611 13614 13617 13620 13623 13626 13629 13632 
13635 13638 13641 13644 13647 13650 13653 13656 13659 
13662 13665 13668 13671 13674 13677 13680 13683 13686 
13689 13692 13695 13698 13701 13704 13707 13710 13713 
13716 13719 13722 13725 13728 13731 13734 13737 13740 
13743 13746 13749 13752 13755 13758 13761 13764 13767 
13770 13773 13776 13779 13782 13785 13788 13791 13794 
13797 13800 13803 13806 13809 13812 13815 13818 13821 
13824 13827 13830 13833 13836 13839 13842 13845 13848 
13851 13854 13857 13860 13863 13866 13869 13872 13875 
13878 13881 13884 13887 13890 13893 13896 13899 13902 
13905 13908 13911 13914 13917 13920 13923 13926 13929 
13932 13935 13938 13941 13944 13947 13950 13953 13956 
13959 13962 13965 13968 13971 13974 13977 13980 13983 
13986 13989 13992 13995 13998 14001 14004 14007 14010 
14013 14016 14019 14022 14025 14028 14031 14034 14037 
14040 14043 14046 14049 14052 14055 14058 14061 14064 
14067 14070 14073 14076 14079 14082 14085 14088 14091 
14094 14097 14100 14103 14106 14109 14112 14115 14118 
14121 14124 14127 14130 14133 14136 14139 14142 14145 
14148 14151 14154 14157 14160 14163 14166 14169 14172 
14175 14178 14181 14184 14187 14190 14193 14196 14199 
14202 14205 14208 14211 14214 14217 14220 14223 14226 
14229 14232 14235 14238 14241 14244 14247 14250 14253 
14256 14259 14262 14265 14268 14271 14274 14277 14280 
14283 14286 14289 14292 14295 14298 14301 14304 14307 
14310 14313 14316 14319 14322 14325 14328 14331 14334 
14337 14340 14343 14346 14349 14352 14355 14358 14361 
14364 14367 14370 14373 14376 14379 14382 14385 14388 
14391 14394 14397 14400 14403 14406 14409 14412 14415 
14418 14421 14424 14427 14430 14433 14436 14439 14442 
14445 14448 14451 14454 14457 14460 14463 14466 14469 
14472 14475 14478 14481 14484 14487 14490 14493 14496 
14499 14502 14505 14508 14511 14514 14517 14520 14523 
14526 14529 14532 14535 14538 14541 14544 14547 14550 
14553 14556 14559 14562 14565 14568 14571 14574 14577 
14580 14583 14586 14589 14592 14595 14598 14601 14604 
14607 14610 14613 14616 14619 14622 14625 14628 14631 
14634 14637 14640 14643 14646 14649 14652 14655 14658 
14661 14664 14667 14670 14673 14676 14679 14682 14685 
14688 14691 14694 14697 14700 14703 14706 14709 14712 
14715 14718 14721 14724 14727 14730 14733 14736 14739 
14742 14745 14748 14751 14754 14757 14760 14763 14766 
14769 14772 14775 14778 14781 14784 14787 14790 14793 
14796 14799 14802 14805 14808 14811 14814 14817 14820 
14823 14826 14829 14832 14835 14838 14841 14844 14847 
14850 14853 14856 14859 14862 14865 14868 14871 14874 
14877 14880 14883 14886 14889 14892 14895 14898 14901 
14904 14907 14910 14913 14916 14919 14922 14925 14928 
14931 14934 14937 14940 14943 14946 14949 14952 14955 
14958 14961 14964 14967 14970 14973 14976 14979 14982 
14985 14988 14991 14994 14997 15000 15003 15006 15009 
15012 15015 15018 15021 15024 15027 15030 15033 15036 
15039 15042 15045 15048 15051 15054 15057 15060 15063 
15066 15069 15072 15075 15078 15081 15084 15087 15090 
15093 15096 15099 15102 15105 15108 15111 15114 15117 
15120 15123 15126 15129 15132 15135 15138 15141 15144 
15147 15150 15153 15156 15159 15162 15165 15168 15171 
15174 15177 15180 15183 15186 15189 15192 15195 15198 
15201 15204 15207 15210 15213 15216 15219 15222 15225 
15228 15231 15234 15237 15240 15243 15246 15249 15252 
15255 15258 15261 15264 15267 15270 15273 15276 15279 
15282 15285 15288 15291 15294 15297 15300 15303 15306 
15309 15312 15315 15318 15321 15324 15327 15330 15333 
15336 15339 15342 15345 15348 15351 15354 15357 15360 
15363 15366 15369 15372 15375 15378 15381 15384 15387 
15390 15393 15396 15399 15402 15405 15408 15411 15414 
15417 15420 15423 15426 15429 15432 15435 15438 15441 
15444 15447 15450 15453 15456 15459 15462 15465 15468 
15471 15474 15477 15480 15483 15486 15489 15492 15495 
15498 15501 15504 15507 15510 15513 15516 15519 15522 
15525 15528 15531 15534 15537 15540 15543 15546 15549 
15552 15555 15558 15561 15564 15567 15570 15573 15576 
15579 15582 15585 15588 15591 15594 15597 15600 15603 
15606 15609 15612 15615 15618 15621 15624 15627 15630 
15633 15636 15639 15642 15645 15648 15651 15654 15657 
15660 15663 15666 15669 15672 15675 15678 15681 15684 
15687 15690 15693 15696 15699 15702 15705 15708 15711 
15714 15717 15720 15723 15726 15729 15732 15735 15738 
15741 15744 15747 15750 15753 15756 15759 15762 15765 
15768 15771 15774 15777 15780 15783 15786 15789 15792 
15795 15798 15801 15804 15807 15810 15813 15816 15819 
15822 15825 15828 15831 15834 15837 15840 15843 15846 
15849 15852 15855 15858 15861 15864 15867 15870 15873 
15876 15879 15882 15885 15888 15891 15894 15897 15900 
15903 15906 15909 15912 15915 15918 15921 15924 15927 
15930 15933 15936 15939 15942 15945 15948 15951 15954 
15957 15960 15963 15966 15969 15972 15975 15978 15981 
15984 15987 15990 15993 15996 15999 16002 16005 16008 
16011 16014 16017 16020 16023 16026 16029 16032 16035 
16038 16041 16044 16047 16050 16053 16056 16059 16062 
16065 16068 16071 16074 16077 16080 16083 16086 16089 
16092 16095 16098 16101 16104 16107 16110 16113 16116 
16119 16122 16125 16128 16131 16134 16137 16140 16143 
16146 16149 16152 16155 16158 16161 16164 16167 16170 
16173 16176 16179 16182 16185 16188 16191 16194 16197 
16200 16203 16206 16209 16212 16215 16218 16221 16224 
16227 16230 16233 16236 16239 16242 16245 16248 16251 
16254 16257 16260 16263 16266 16269 16272 16275 16278 
16281 16284 16287 16290 16293 16296 16299 16302 16305 
16308 16311 16314 16317 16320 16323 16326 16329 16332 
16335 16338 16341 16344 16347 16350 16353 16356 16359 
16362 16365 16368 16371 16374 16377 16380 16383 16386 
16389 16392 16395 16398 16401 16404 16407 16410 16413 
16416 16419 16422 16425 16428 16431 16434 16437 16440 
16443 16446 16449 16452 16455 16458 16461 16464 16467 
16470 16473 16476 16479 16482 16485 16488 16491 16494 
16497 16500 16503 16506 16509 16512 16515 16518 16521 
16524 16527 16530 16533 16536 16539 16542 16545 16548 
16551 16554 16557 16560 16563 16566 16569 16572 16575 
16578 16581 16584 16587 16590 16593 16596 16599 16602 
16605 16608 16611 16614 16617 16620 16623 16626 16629 
16632 16635 16638 16641 16644 16647 16650 16653 16656 
16659 16662 16665 16668 16671 16674 16677 16680 16683 
16686 16689 16692 16695 16698 16701 16704 16707 16710 
16713 16716 16719 16722 16725 16728 16731 16734 16737 
16740 16743 16746 16749 16752 16755 16758 16761 16764 
16767 16770 16773 16776 16779 16782 16785 16788 16791 
16794 16797 16800 16803 16806 16809 16812 16815 16818 
16821 16824 16827 16830 16833 16836 16839 16842 16845 
16848 16851 16854 16857 16860 16863 16866 16869 16872 
16875 16878 16881 16884 16887 16890 16893 16896 16899 
16902 16905 16908 16911 16914 16917 16920 16923 16926 
16929 16932 16935 16938 16941 16944 16947 16950 16953 
16956 16959 16962 16965 16968 16971 16974 16977 16980 
16983 16986 16989 16992 16995 16998 17001 17004 17007 
17010 17013 17016 17019 17022 17025 17028 17031 17034 
17037 17040 17043 17046 17049 17052 17055 17058 17061 
17064 17067 17070 17073 17076 17079 17082 17085 17088 
17091 17094 17097 17100 17103 17106 17109 17112 17115 
17118 17121 17124 17127 17130 17133 17136 17139 17142 
17145 17148 17151 17154 17157 17160 17163 17166 17169 
17172 17175 17178 17181 17184 17187 17190 17193 17196 
17199 17202 17205 17208 17211 17214 17217 17220 17223 
17226 17229 17232 17235 17238 17241 17244 17247 17250 
17253 17256 17259 17262 17265 17268 17271 17274 17277 
17280 17283 17286 17289 17292 17295 17298 17301 17304 
17307 17310 17313 17316 17319 17322 17325 17328 17331 
17334 17337 17340 17343 17346 17349 17352 17355 17358 
17361 17364 17367 17370 17373 17376 17379 17382 17385 
17388 17391 17394 17397 17400 17403 17406 17409 17412 
17415 17418 17421 17424 17427 17430 17433 17436 17439 
17442 17445 17448 17451 17454 17457 17460 17463 17466 
17469 17472 17475 17478 17481 17484 17487 17490 17493 
17496 17499 17502 17505 17508 17511 17514 17517 17520 
17523 17526 17529 17532 17535 17538 17541 17544 17547 
17550 17553 17556 17559 17562 17565 17568 17571 17574 
17577 17580 17583 17586 17589 17592 17595 17598 17601 
17604 17607 17610 17613 17616 17619 17622 17625 17628 
17631 17634 17637 17640 17643 17646 17649 17652 17655 
17658 17661 17664 17667 17670 17673 17676 17679 17682 
17685 17688 17691 17694 17697 17700 17703 17706 17709 
17712 17715 17718 17721 17724 17727 17730 17733 17736 
17739 17742 17745 17748 17751 17754 17757 17760 17763 
17766 17769 17772 17775 17778 17781 17784 17787 17790 
17793 17796 17799 17802 17805 17808 17811 17814 17817 
17820 17823 17826 17829 17832 17835 17838 17841 17844 
17847 17850 17853 17856 17859 17862 17865 17868 17871 
17874 17877 17880 17883 17886 17889 17892 17895 17898 
17901 17904 17907 17910 17913 17916 17919 17922 17925 
17928 17931 17934 17937 17940 17943 17946 17949 17952 
17955 17958 17961 17964 17967 17970 17973 17976 17979 
17982 17985 17988 17991 17994 17997 18000 18003 18006 
18009 18012 18015 18018 18021 18024 18027 18030 18033 
18036 18039 18042 18045 18048 18051 18054 18057 18060 
18063 18066 18069 18072 18075 18078 18081 18084 18087 
18090 18093 18096 18099 18102 18105 18108 18111 18114 
18117 18120 18123 18126 18129 18132 18135 18138 18141 
18144 18147 18150 18153 18156 18159 18162 18165 18168 
18171 18174 18177 18180 18183 18186 18189 18192 18195 
18198 18201 18204 18207 18210 18213 18216 18219 18222 
18225 18228 18231 18234 18237 18240 18243 18246 18249 
18252 18255 18258 18261 18264 18267 18270 18273 18276 
18279 18282 18285 18288 18291 18294 18297 18300 18303 
18306 18309 18312 18315 18318 18321 18324 18327 18330 
18333 18336 18339 18342 18345 18348 18351 18354 18357 
18360 18363 18366 18369 18372 18375 18378 18381 18384 
18387 18390 18393 18396 18399 18402 18405 18408 18411 
18414 18417 18420 18423 18426 18429 18432 18435 18438 
18441 18444 18447 18450 18453 18456 18459 18462 18465 
18468 18471 18474 18477 18480 18483 18486 18489 18492 
18495 18498 18501 18504 18507 18510 18513 18516 18519 
18522 18525 18528 18531 18534 18537 18540 18543 18546 
18549 18552 18555 18558 18561 18564 18567 18570 18573 
18576 18579 18582 18585 18588 18591 18594 18597 18600 
18603 18606 18609 18612 18615 18618 18621 18624 18627 
18630 18633 18636 18639 18642 18645 18648 18651 18654 
18657 18660 18663 18666 18669 18672 18675 18678 18681 
18684 18687 18690 18693 18696 18699 18702 18705 18708 
18711 18714 18717 18720 18723 18726 18729 18732 18735 
18738 18741 18744 18747 18750 18753 18756 18759 18762 
18765 18768 18771 18774 18777 18780 18783 18786 18789 
18792 18795 18798 18801 18804 18807 18810 18813 18816 
18819 18822 18825 18828 18831 18834 18837 18840 18843 
18846 18849 18852 18855 18858 18861 18864 18867 18870 
18873 18876 18879 18882 18885 18888 18891 18894 18897 
18900 18903 18906 18909 18912 18915 18918 18921 18924 
18927 18930 18933 18936 18939 18942 18945 18948 18951 
18954 18957 18960 18963 18966 18969 18972 18975 18978 
18981 18984 18987 18990 18993 18996 18999 19002 19005 
19008 19011 19014 19017 19020 19023 19026 19029 19032 
19035 19038 19041 19044 19047 19050 19053 19056 19059 
19062 19065 19068 19071 19074 19077 19080 19083 19086 
19089 19092 19095 19098 19101 19104 19107 19110 19113 
19116 19119 19122 19125 19128 19131 19134 19137 19140 
19143 19146 19149 19152 19155 19158 19161 19164 19167 
19170 19173 19176 19179 19182 19185 19188 19191 19194 
19197 19200 19203 19206 19209 19212 19215 19218 19221 
19224 19227 19230 19233 19236 19239 19242 19245 19248 
19251 19254 19257 19260 19263 19266 19269 19272 19275 
19278 19281 19284 19287 19290 19293 19296 19299 19302 
19305 19308 19311 19314 19317 19320 19323 19326 19329 
19332 19335 19338 19341 19344 19347 19350 19353 19356 
19359 19362 19365 19368 19371 19374 19377 19380 19383 
19386 19389 19392 19395 19398 19401 19404 19407 19410 
19413 19416 19419 19422 19425 19428 19431 19434 19437 
19440 19443 19446 19449 19452 19455 19458 19461 19464 
19467 19470 19473 19476 19479 19482 19485 19488 19491 
19494 19497 19500 19503 19506 19509 19512 19515 19518 
19521 19524 19527 19530 19533 19536 19539 19542 19545 
19548 19551 19554 19557 19560 19563 19566 19569 19572 
19575 19578 19581 19584 19587 19590 19593 19596 19599 
19602 19605 19608 19611 19614 19617 19620 19623 19626 
19629 19632 19635 19638 19641 19644 19647 19650 19653 
19656 19659 19662 19665 19668 19671 19674 19677 19680 
19683 19686 19689 19692 19695 19698 19701 19704 19707 
19710 19713 19716 19719 19722 19725 19728 19731 19734 
19737 19740 19743 19746 19749 19752 19755 19758 19761 
19764 19767 19770 19773 19776 19779 19782 19785 19788 
19791 19794 19797 19800 19803 19806 19809 19812 19815 
19818 19821 19824 19827 19830 19833 19836 19839 19842 
19845 19848 19851 19854 19857 19860 19863 19866 19869 
19872 19875 19878 19881 19884 19887 19890 19893 19896 
19899 19902 19905 19908 19911 19914 19917 19920 19923 
19926 19929 19932 19935 19938 19941 19944 19947 19950 
19953 19956 19959 19962 19965 19968 19971 19974 19977 
19980 19983 19986 19989 19992 19995 19998 20001 20004 
20007 20010 20013 20016 20019 20022 20025 20028 20031 
20034 20037 20040 20043 20046 20049 20052 20055 20058 
20061 20064 20067 20070 20073 20076 20079 20082 20085 
20088 20091 20094 20097 20100 20103 20106 20109 20112 
20115 20118 20121 20124 20127 20130 20133 20136 20139 
20142 20145 20148 20151 20154 20157 20160 20163 20166 
20169 20172 20175 20178 20181 20184 20187 20190 20193 
20196 20199 20202 20205 20208 20211 20214 20217 20220 
20223 20226 20229 20232 20235 20238 20241 20244 20247 
20250 20253 20256 20259 20262 20265 20268 20271 20274 
20277 20280 20283 20286 20289 20292 20295 20298 20301 
20304 20307 20310 20313 20316 20319 20322 20325 20328 
20331 20334 20337 20340 20343 20346 20349 20352 20355 
20358 20361 20364 20367 20370 20373 20376 20379 20382 
20385 20388 20391 20394 20397 20400 20403 20406 20409 
20412 20415 20418 20421 20424 20427 20430 20433 20436 
20439 20442 20445 20448 20451 20454 20457 20460 20463 
20466 20469 20472 20475 20478 20481 20484 20487 20490 
20493 20496 20499 20502 20505 20508 20511 20514 20517 
20520 20523 20526 20529 20532 20535 20538 20541 20544 
20547 20550 20553 20556 20559 20562 20565 20568 20571 
20574 20577 20580 20583 20586 20589 20592 20595 20598 
20601 20604 20607 20610 20613 20616 20619 20622 20625 
20628 20631 20634 20637 20640 20643 20646 20649 20652 
20655 20658 20661 20664 20667 20670 20673 20676 20679 
20682 20685 20688 20691 20694 20697 20700 20703 20706 
20709 20712 20715 20718 20721 20724 20727 20730 20733 
20736 20739 20742 20745 20748 20751 20754 20757 20760 
20763 20766 20769 20772 20775 20778 20781 20784 20787 
20790 20793 20796 20799 20802 20805 20808 20811 20814 
20817 20820 20823 20826 20829 20832 20835 20838 20841 
20844 20847 20850 20853 20856 20859 20862 20865 20868 
20871 20874 20877 20880 20883 20886 20889 20892 20895 
20898 20901 20904 20907 20910 20913 20916 20919 20922 
20925 20928 20931 20934 20937 20940 20943 20946 20949 
20952 20955 20958 20961 20964 20967 20970 20973 20976 
20979 20982 20985 20988 20991 20994 20997 21000 21003 
21006 21009 21012 21015 21018 21021 21024 21027 21030 
21033 21036 21039 21042 21045 21048 21051 21054 21057 
21060 21063 21066 21069 21072 21075 21078 21081 21084 
21087 21090 21093 21096 21099 21102 21105 21108 21111 
21114 21117 21120 21123 21126 21129 21132 21135 21138 
21141 21144 21147 21150 21153 21156 21159 21162 21165 
21168 21171 21174 21177 21180 21183 21186 21189 21192 
21195 21198 21201 21204 21207 21210 21213 21216 21219 
21222 21225 21228 21231 21234 21237 21240 21243 21246 
21249 21252 21255 21258 21261 21264 21267 21270 21273 
21276 21279 21282 21285 21288 21291 21294 21297 21300 
21303 21306 21309 21312 21315 21318 21321 21324 21327 
21330 21333 21336 21339 21342 21345 21348 21351 21354 
21357 21360 21363 21366 21369 21372 21375 21378 21381 
21384 21387 21390 21393 21396 21399 21402 21405 21408 
21411 21414 21417 21420 21423 21426 21429 21432 21435 
21438 21441 21444 21447 21450 21453 21456 21459 21462 
21465 21468 21471 21474 21477 21480 21483 21486 21489 
21492 21495 21498 21501 21504 21507 21510 21513 21516 
21519 21522 21525 21528 21531 21534 21537 21540 21543 
21546 21549 21552 21555 21558 21561 21564 21567 21570 
21573 21576 21579 21582 21585 21588 21591 21594 21597 
21600 21603 21606 21609 21612 21615 21618 21621 21624 
21627 21630 21633 21636 21639 21642 21645 21648 21651 
21654 21657 21660 21663 21666 21669 21672 21675 21678 
21681 21684 21687 21690 21693 21696 21699 21702 21705 
21708 21711 21714 21717 21720 21723 21726 21729 21732 
21735 21738 21741 21744 21747 21750 21753 21756 21759 
21762 21765 21768 21771 21774 21777 21780 21783 21786 
21789 21792 21795 21798 21801 21804 21807 21810 21813 
21816 21819 21822 21825 21828 21831 21834 21837 21840 
21843 21846 21849 21852 21855 21858 21861 21864 21867 
21870 21873 21876 21879 21882 21885 21888 21891 21894 
21897 21900 21903 21906 21909 21912 
CONNECTIVITY vtktypeint64
0 1 2 0 3 4 1 0 4 
4 3 5 6 7 8 2 7 6 
2 6 0 0 6 9 10 11 3 
10 3 9 9 3 0 5 3 11 
12 13 14 8 15 6 13 12 16 
9 6 15 17 9 15 10 9 17 
12 14 18 16 12 18 19 20 21 
19 22 23 20 19 23 22 24 25 
23 22 25 24 26 27 25 24 27 
27 26 28 29 30 31 29 32 33 
30 29 33 21 33 32 21 32 19 
19 32 34 22 19 35 35 19 34 
24 22 36 36 22 35 26 24 37 
37 24 36 38 28 26 37 38 26 
39 40 41 39 42 43 40 39 43 
31 43 42 31 42 29 29 42 44 
32 29 45 45 29 44 34 32 46 
46 32 45 35 34 47 47 34 46 
36 35 48 48 35 47 49 50 37 
49 37 48 48 37 36 38 37 50 
51 52 53 51 54 55 52 51 55 
54 56 57 55 54 57 56 58 59 
57 56 59 41 59 58 41 58 39 
39 58 60 42 39 61 61 39 60 
44 42 62 62 42 61 45 44 63 
63 44 62 46 45 64 64 45 63 
47 46 65 65 46 64 48 47 66 
66 47 65 67 49 48 67 48 68 
68 48 66 67 68 69 70 71 72 
53 71 70 53 70 51 51 70 73 
54 51 74 74 51 73 56 54 75 
75 54 74 58 56 76 76 56 75 
60 58 77 77 58 76 61 60 78 
78 60 77 62 61 79 79 61 78 
63 62 80 80 62 79 64 63 81 
81 63 80 65 64 82 82 64 81 
66 65 83 83 65 82 84 85 68 
84 68 83 83 68 66 69 68 85 
86 87 88 86 89 90 87 86 90 
72 90 89 72 89 70 70 89 91 
73 70 92 92 70 91 74 73 93 
93 73 92 75 74 94 94 74 93 
76 75 95 95 75 94 1 95 2 
1 77 95 77 76 95 4 77 1 
78 77 4 5 78 4 5 96 78 
96 79 78 80 79 97 97 79 96 
98 99 81 98 81 97 97 81 80 
82 81 99 100 82 99 83 82 100 
101 83 100 84 83 101 102 103 104 
88 103 102 88 102 86 86 102 105 
89 86 106 106 86 105 91 89 107 
107 89 106 92 91 108 108 91 107 
93 92 109 109 92 108 94 93 110 
110 93 109 7 110 8 7 95 110 
95 94 110 2 95 7 11 10 111 
11 111 112 5 11 112 5 112 113 
5 113 96 97 96 113 114 97 113 
98 97 114 115 116 117 115 118 119 
116 115 119 118 120 121 119 118 121 
104 121 120 104 120 102 102 120 122 
105 102 123 123 102 122 106 105 124 
124 105 123 107 106 125 125 106 124 
108 107 126 126 107 125 109 108 127 
127 108 126 13 127 14 13 110 127 
110 109 127 15 110 128 15 8 110 
128 110 129 13 16 110 129 110 16 
17 15 130 15 128 130 111 10 17 
111 17 131 131 17 130 112 111 131 
132 133 134 117 133 132 117 132 115 
115 132 135 118 115 136 136 115 135 
120 118 137 137 118 136 122 120 138 
138 120 137 123 122 139 139 122 138 
124 123 140 140 123 139 125 124 141 
141 124 140 126 125 142 142 125 141 
143 144 127 143 127 142 142 127 126 
14 127 144 14 144 18 18 144 145 
129 16 18 145 129 18 146 147 148 
146 149 150 147 146 150 134 150 149 
134 149 132 132 149 151 135 132 152 
152 132 151 136 135 153 153 135 152 
137 136 154 154 136 153 138 137 155 
155 137 154 139 138 156 156 138 155 
140 139 157 157 139 156 141 140 158 
158 140 157 159 160 142 159 142 158 
158 142 141 143 142 160 161 146 148 
162 161 148 149 146 163 163 146 161 
151 149 164 164 149 163 152 151 165 
165 151 164 153 152 166 166 152 165 
154 153 167 167 153 166 155 154 168 
168 154 167 156 155 169 169 155 168 
157 156 170 170 156 169 171 172 158 
171 158 170 170 158 157 159 158 172 
173 161 162 174 173 162 163 161 175 
175 161 173 164 163 176 176 163 175 
165 164 177 177 164 176 166 165 178 
178 165 177 167 166 179 179 166 178 
168 167 180 180 167 179 181 182 169 
181 169 180 180 169 168 170 169 182 
183 170 182 171 170 183 173 174 184 
175 173 184 185 175 184 185 186 187 
185 187 175 175 187 176 188 189 177 
188 177 187 187 177 176 178 177 189 
190 178 189 179 178 190 191 179 190 
180 179 191 192 180 191 181 180 192 
187 186 193 188 187 193 194 195 196 
195 194 197 198 199 200 198 201 202 
199 198 202 196 202 201 196 201 194 
194 201 203 204 197 194 204 194 205 
205 194 203 205 206 207 204 205 207 
207 206 208 209 210 211 200 210 209 
200 209 198 198 209 212 201 198 213 
213 198 212 203 201 214 214 201 213 
205 203 215 215 203 214 206 205 216 
216 205 215 217 208 206 216 217 206 
218 219 220 211 219 218 211 218 209 
209 218 221 212 209 222 222 209 221 
213 212 223 223 212 222 20 223 21 
20 214 223 214 213 223 23 214 20 
215 214 23 25 215 23 216 215 25 
216 224 217 216 25 224 25 27 224 
224 27 28 225 224 28 226 227 228 
226 229 230 227 226 230 229 231 232 
230 229 232 231 233 234 232 231 234 
220 234 233 220 233 218 218 233 235 
221 218 236 236 218 235 30 236 31 
30 222 236 222 221 236 33 222 30 
223 222 33 21 223 33 237 238 239 
237 239 225 237 225 38 38 225 28 
240 241 242 240 243 244 241 240 244 
228 244 243 228 243 226 226 243 245 
229 226 246 246 226 245 231 229 247 
247 229 246 233 231 248 248 231 247 
40 248 41 40 235 248 235 233 248 
43 235 40 236 235 43 31 236 43 
50 238 237 50 49 238 49 249 238 
38 50 237 250 251 252 250 253 254 
251 250 254 253 255 256 254 253 256 
255 257 258 256 255 258 242 258 257 
242 257 240 240 257 259 243 240 260 
260 240 259 52 260 53 52 245 260 
245 243 260 55 245 52 246 245 55 
57 246 55 247 246 57 59 247 57 
248 247 59 41 248 59 49 261 249 
67 261 49 261 67 69 262 261 69 
263 264 265 263 266 267 264 263 267 
266 268 269 267 266 269 252 269 268 
252 268 250 250 268 270 253 250 271 
271 250 270 255 253 272 272 253 271 
257 255 273 273 255 272 259 257 274 
274 257 273 71 274 72 71 260 274 
260 259 274 53 260 71 85 275 276 
84 275 85 262 69 85 276 262 85 
277 278 279 277 280 281 278 277 281 
265 281 280 265 280 263 263 280 282 
266 263 283 283 263 282 268 266 284 
284 266 283 270 268 285 285 268 284 
271 270 286 286 270 285 272 271 287 
287 271 286 87 287 88 87 273 287 
273 272 287 90 273 87 274 273 90 
72 274 90 99 98 288 289 99 288 
289 290 99 290 100 99 101 100 291 
100 290 291 275 84 101 291 275 101 
292 277 279 293 292 279 280 277 294 
294 277 292 282 280 295 295 280 294 
283 282 296 296 282 295 284 283 297 
297 283 296 285 284 298 298 284 297 
286 285 299 299 285 298 103 299 104 
103 287 299 287 286 299 88 287 103 
113 300 301 112 300 113 114 113 302 
113 301 302 288 98 114 288 114 303 
303 114 302 289 288 303 304 292 293 
305 304 293 294 292 306 306 292 304 
295 294 307 307 294 306 296 295 308 
308 295 307 116 308 117 116 297 308 
297 296 308 119 297 116 298 297 119 
121 298 119 299 298 121 104 299 121 
128 309 310 129 309 128 130 128 311 
128 310 311 131 130 312 130 311 312 
300 112 131 312 300 131 313 304 305 
314 313 305 306 304 315 315 304 313 
307 306 316 316 306 315 133 316 134 
133 308 316 308 307 316 117 308 133 
144 143 317 318 144 317 318 319 144 
319 145 144 309 129 145 319 309 145 
320 313 314 321 320 314 147 320 148 
147 315 320 315 313 320 150 315 147 
316 315 150 134 316 150 160 322 323 
159 322 160 317 143 160 317 160 324 
324 160 323 318 317 324 325 320 321 
326 325 321 148 325 162 320 325 148 
172 327 328 171 327 172 322 159 172 
328 322 172 325 326 329 329 162 325 
329 330 162 330 174 162 182 331 332 
181 331 182 183 182 333 182 332 333 
327 171 183 333 327 183 174 330 334 
184 174 334 185 184 335 184 334 335 
186 336 337 186 185 336 185 335 336 
337 189 188 337 336 189 336 338 189 
190 189 339 189 338 339 191 190 340 
190 339 340 192 191 341 191 340 341 
331 181 192 341 331 192 186 337 193 
188 193 337 342 343 344 342 345 346 
343 342 346 345 196 195 345 195 346 
346 195 347 347 195 197 348 347 197 
349 350 351 344 350 349 342 344 349 
342 349 200 342 200 199 202 342 199 
345 342 202 196 345 202 197 352 348 
204 352 197 207 353 204 204 353 352 
353 207 208 354 353 208 355 356 357 
351 356 355 349 351 355 349 355 211 
349 211 210 200 349 210 208 217 354 
354 217 358 359 360 361 359 362 363 
360 359 363 362 364 365 363 362 365 
357 365 364 355 357 364 355 364 220 
355 220 219 211 355 219 366 217 224 
366 367 217 367 358 217 224 225 366 
368 369 370 368 371 372 369 368 372 
371 228 227 371 227 372 372 227 373 
361 230 359 361 373 230 373 227 230 
232 359 230 362 359 232 234 362 232 
364 362 234 220 364 234 239 367 366 
239 238 367 238 374 367 225 239 366 
375 376 377 375 378 379 376 375 379 
378 380 381 379 378 381 380 382 383 
381 380 383 382 384 385 383 382 385 
384 386 387 385 384 387 386 388 389 
387 386 389 388 390 391 389 388 391 
390 392 393 391 390 393 370 393 392 
368 370 392 368 392 242 368 242 241 
244 368 241 371 368 244 228 371 244 
238 249 374 374 249 394 395 396 397 
377 396 395 377 395 375 375 395 398 
378 375 399 399 375 398 380 378 400 
400 378 399 382 380 401 401 380 400 
384 382 402 402 382 401 251 402 252 
251 386 402 386 384 402 254 386 251 
388 386 254 256 388 254 390 388 256 
258 390 256 392 390 258 242 392 258 
403 249 261 403 404 249 404 394 249 
261 262 403 395 397 405 405 406 407 
405 407 395 395 407 398 399 398 408 
408 398 407 264 408 265 264 400 408 
400 399 408 267 400 264 401 400 267 
269 401 267 402 401 269 252 402 269 
409 410 411 404 409 411 403 409 404 
403 275 409 403 276 275 262 276 403 
412 413 414 406 413 412 407 406 412 
407 412 279 407 279 278 281 407 278 
408 407 281 265 408 281 415 416 417 
415 290 289 415 417 290 417 418 290 
410 409 291 410 291 418 418 291 290 
275 291 409 419 412 414 420 419 414 
279 419 293 412 419 279 301 421 422 
300 421 301 302 301 423 301 422 423 
416 415 303 416 303 423 423 303 302 
289 303 415 424 419 420 425 424 420 
293 424 305 419 424 293 310 309 426 
427 310 426 427 428 310 428 311 310 
312 311 429 311 428 429 421 300 312 
429 421 312 424 425 430 430 305 424 
430 431 305 431 314 305 432 433 434 
432 319 318 432 434 319 434 435 319 
426 309 319 426 319 436 436 319 435 
427 426 436 437 438 439 437 431 438 
437 321 431 321 314 431 323 440 441 
322 440 323 433 432 324 433 324 441 
441 324 323 318 324 432 442 437 439 
443 442 439 321 442 326 437 442 321 
328 444 445 327 444 328 440 322 328 
445 440 328 442 443 446 326 442 446 
326 446 329 329 446 447 330 448 449 
330 329 448 329 447 448 448 450 449 
332 451 452 331 451 332 333 332 453 
332 452 453 444 327 333 453 444 333 
330 449 334 449 450 454 449 454 334 
334 454 335 336 335 455 335 454 455 
338 336 456 336 455 456 339 338 457 
338 456 457 340 339 458 339 457 458 
341 340 459 340 458 459 451 331 341 
459 451 341 460 461 462 461 460 463 
464 460 462 465 464 462 466 463 460 
466 460 467 467 460 464 467 468 469 
466 467 469 469 468 470 471 472 473 
465 472 471 465 471 464 464 471 474 
343 474 344 343 467 474 467 464 474 
346 467 343 468 467 346 468 475 470 
468 346 475 346 347 475 475 347 348 
476 475 348 477 471 473 478 477 473 
350 477 351 350 474 477 474 471 477 
344 474 350 348 479 476 352 479 348 
480 481 479 480 479 353 353 479 352 
353 354 480 482 483 484 483 482 485 
486 487 488 478 487 486 477 478 486 
477 486 357 477 357 356 351 477 356 
480 489 481 489 480 354 489 354 490 
490 354 358 491 482 484 492 491 484 
493 485 482 493 482 494 494 482 491 
494 495 496 493 494 496 496 495 497 
498 499 500 498 361 360 498 360 499 
499 360 501 363 502 360 360 502 501 
488 365 486 488 502 365 502 363 365 
357 486 365 358 367 490 490 367 503 
504 505 506 492 505 504 492 504 491 
491 504 507 494 491 508 508 491 507 
495 494 509 509 494 508 510 497 495 
510 495 511 511 495 509 511 512 513 
510 511 513 513 512 514 515 516 517 
515 518 519 516 515 519 518 370 369 
518 369 519 519 369 520 372 521 369 
369 521 520 500 373 498 500 521 373 
521 372 373 361 498 373 522 523 524 
522 524 503 522 503 374 374 503 367 
525 526 527 506 526 525 504 506 525 
504 525 377 504 377 376 379 504 376 
507 504 379 381 507 379 508 507 381 
383 508 381 509 508 383 385 509 383 
511 509 385 387 511 385 512 511 387 
512 528 514 512 387 528 387 389 528 
517 391 515 517 528 391 528 389 391 
393 515 391 518 515 393 370 518 393 
529 523 522 530 523 529 374 394 529 
522 374 529 531 532 533 527 532 531 
525 527 531 525 531 397 525 397 396 
377 525 396 534 535 536 530 534 536 
530 529 534 529 537 534 394 404 537 
529 394 537 531 533 538 539 538 540 
405 538 539 405 531 538 405 397 531 
405 539 406 541 535 534 542 535 541 
411 410 541 411 541 537 537 541 534 
404 411 537 543 544 545 540 544 543 
539 540 543 539 543 414 539 414 413 
406 539 413 417 546 547 416 546 417 
542 541 418 542 418 547 547 418 417 
410 418 541 548 543 545 549 548 545 
414 548 420 543 548 414 550 551 552 
550 422 421 550 552 422 552 553 422 
423 422 554 422 553 554 546 416 423 
554 546 423 555 548 549 556 555 549 
420 555 425 548 555 420 428 557 558 
427 557 428 551 550 429 551 429 558 
558 429 428 421 429 550 555 556 559 
560 559 561 430 559 560 430 555 559 
430 425 555 430 560 431 434 562 563 
433 562 434 435 434 564 434 563 564 
436 435 565 435 564 565 557 427 436 
565 557 436 566 567 568 561 567 566 
560 561 566 560 566 439 560 439 438 
431 560 438 569 570 571 569 441 440 
569 571 441 571 572 441 562 433 441 
572 562 441 566 568 573 566 443 439 
566 574 443 566 573 574 575 443 574 
574 576 575 577 578 579 570 577 579 
569 577 570 569 444 577 569 445 444 
440 445 569 443 575 446 575 576 580 
575 580 446 446 580 447 448 447 581 
447 580 581 450 582 583 450 448 582 
448 581 582 582 584 583 585 586 587 
585 452 451 585 587 452 587 588 452 
578 577 453 578 453 588 588 453 452 
444 453 577 450 583 454 583 584 589 
583 589 454 454 589 455 456 455 590 
455 589 590 457 456 591 456 590 591 
458 457 592 457 591 592 586 585 459 
586 459 592 592 459 458 451 459 585 
593 594 595 594 593 596 597 593 595 
598 597 595 462 461 599 462 599 593 
462 593 597 596 593 599 599 461 463 
600 599 463 601 597 598 602 601 598 
462 601 465 597 601 462 463 603 600 
466 603 463 604 605 603 604 603 469 
469 603 466 469 470 604 606 607 608 
602 607 606 601 602 606 601 606 473 
601 473 472 465 601 472 604 609 605 
610 611 609 475 610 609 475 609 604 
475 604 470 475 476 610 612 606 608 
613 612 608 473 612 478 606 612 473 
610 614 611 615 616 614 479 615 614 
479 614 610 479 610 476 479 481 615 
483 617 618 484 483 618 485 619 620 
485 620 483 483 620 617 619 621 622 
620 619 622 622 621 623 624 625 626 
624 627 628 625 624 628 613 628 627 
612 613 627 612 627 488 612 488 487 
478 612 487 615 629 616 630 631 629 
489 630 629 489 629 615 489 615 481 
489 490 630 632 633 634 632 618 633 
632 492 618 492 484 618 485 493 619 
496 619 493 621 619 496 497 635 636 
496 497 636 496 636 623 496 623 621 
636 635 637 638 639 640 638 641 642 
639 638 642 641 643 644 642 641 644 
643 500 499 643 499 644 644 499 645 
626 501 624 626 645 501 645 499 501 
502 624 501 627 624 502 488 627 502 
646 631 630 647 631 646 490 503 646 
630 490 646 648 649 650 634 649 648 
632 634 648 632 648 506 632 506 505 
492 632 505 497 510 635 635 651 637 
635 510 651 510 513 651 514 652 653 
514 653 513 513 653 651 652 517 516 
652 516 653 653 516 654 640 519 638 
640 654 519 654 516 519 520 638 519 
641 638 520 521 641 520 643 641 521 
500 643 521 655 656 657 647 655 657 
646 655 647 646 523 655 646 524 523 
503 524 646 658 659 660 650 659 658 
648 650 658 648 658 527 648 527 526 
506 648 526 514 528 652 517 652 528 
661 656 655 662 656 661 523 530 661 
655 523 661 663 664 665 663 666 667 
664 663 667 660 667 666 658 660 666 
658 666 533 658 533 532 527 658 532 
668 669 670 662 668 670 661 668 662 
661 535 668 661 536 535 530 536 661 
663 665 671 671 672 673 671 673 663 
663 673 666 533 674 538 533 666 674 
666 673 674 538 674 540 675 669 668 
676 669 675 535 542 675 668 535 675 
677 673 672 678 677 672 544 677 545 
544 674 677 674 673 677 540 674 544 
679 680 681 676 679 681 675 679 676 
675 546 679 675 547 546 542 547 675 
682 683 684 678 683 682 678 682 677 
677 682 685 545 685 549 677 685 545 
552 686 687 551 686 552 553 552 688 
552 687 688 680 679 554 680 554 688 
688 554 553 546 554 679 682 684 689 
689 690 691 689 691 682 682 691 685 
549 691 556 685 691 549 558 692 693 
557 692 558 686 551 558 693 686 558 
691 690 694 695 694 696 559 694 695 
559 691 694 559 556 691 559 695 561 
697 698 699 697 563 562 697 699 563 
699 700 563 564 563 701 563 700 701 
565 564 702 564 701 702 692 557 565 
702 692 565 567 703 568 695 696 704 
704 561 695 704 705 561 567 561 703 
703 561 705 706 707 708 706 571 570 
706 708 571 708 709 571 698 697 572 
698 572 709 709 572 571 562 572 697 
568 703 573 703 705 710 703 710 573 
573 710 574 576 711 712 576 574 711 
574 710 711 712 713 714 711 713 712 
713 715 714 716 717 718 707 716 718 
706 716 707 706 578 716 706 579 578 
570 579 706 576 712 580 581 580 712 
714 581 712 714 715 719 714 719 581 
581 719 582 584 720 721 584 582 720 
582 719 720 720 722 721 723 724 725 
723 726 727 725 726 723 727 587 586 
727 726 587 726 728 587 717 716 588 
717 588 728 728 588 587 578 588 716 
584 721 589 721 722 729 721 729 589 
589 729 590 724 723 591 724 591 729 
729 591 590 592 591 723 727 592 723 
586 592 727 730 731 732 733 595 594 
734 731 730 594 596 733 735 730 732 
736 735 732 595 737 598 595 733 737 
598 737 735 734 730 737 735 737 730 
738 739 737 599 738 737 599 737 733 
599 733 596 599 600 738 740 735 736 
741 740 736 598 740 602 735 740 598 
738 742 739 743 744 742 603 743 742 
603 742 738 603 738 600 603 605 743 
745 746 747 741 746 745 740 741 745 
740 745 608 740 608 607 602 740 607 
743 748 744 749 750 748 609 749 748 
609 748 743 609 743 605 609 611 749 
751 752 753 751 754 755 752 751 755 
755 754 756 757 758 759 747 758 757 
747 757 745 745 757 760 608 760 613 
745 760 608 749 761 750 762 763 761 
614 762 761 614 761 749 614 749 611 
614 616 762 617 764 765 618 617 765 
753 620 751 753 764 620 764 617 620 
622 751 620 754 751 622 623 766 767 
622 623 767 622 767 756 622 756 754 
767 766 768 769 770 771 769 772 773 
770 769 773 772 774 775 773 772 775 
759 775 774 757 759 774 757 774 626 
757 626 625 628 757 625 760 757 628 
613 760 628 762 776 763 777 778 776 
629 777 776 629 776 762 629 762 616 
629 631 777 633 779 780 634 633 780 
765 633 618 779 633 765 623 636 766 
637 781 782 636 637 782 636 782 768 
636 768 766 781 783 784 782 781 784 
783 785 786 784 783 786 785 640 639 
785 639 786 786 639 787 771 642 769 
771 787 642 787 639 642 644 769 642 
772 769 644 645 772 644 774 772 645 
626 774 645 788 778 777 789 778 788 
631 647 788 777 631 788 790 791 792 
790 650 649 790 649 791 791 649 793 
780 649 634 793 649 780 637 651 781 
653 781 651 783 781 653 654 783 653 
785 783 654 640 785 654 657 789 788 
657 656 789 656 794 789 647 657 788 
795 796 797 795 798 799 796 795 799 
792 799 798 790 792 798 790 798 660 
790 660 659 650 790 659 800 801 802 
800 802 794 800 794 662 662 794 656 
803 804 805 797 804 803 795 797 803 
795 803 665 795 665 664 667 795 664 
798 795 667 660 798 667 806 807 808 
801 806 808 800 806 801 800 669 806 
800 670 669 662 670 800 809 803 805 
810 809 805 665 811 671 665 803 811 
803 809 811 671 811 672 812 807 806 
813 807 812 669 676 812 806 669 812 
809 810 814 814 815 816 814 816 809 
809 816 811 672 816 678 811 816 672 
817 818 819 813 817 819 812 817 813 
812 680 817 812 681 680 676 681 812 
683 816 815 683 815 684 684 815 820 
678 816 683 687 821 822 686 821 687 
818 817 688 818 688 822 822 688 687 
680 688 817 684 820 823 689 684 823 
823 690 689 824 690 823 825 826 827 
825 693 692 825 827 693 827 828 693 
821 686 693 828 821 693 690 824 829 
694 690 829 829 696 694 830 696 829 
831 832 833 831 699 698 831 833 699 
833 834 699 700 699 835 699 834 835 
701 700 836 700 835 836 826 825 702 
826 702 836 836 702 701 692 702 825 
696 830 837 704 696 837 705 838 839 
705 704 838 704 837 838 838 840 839 
841 842 843 841 708 707 841 843 708 
843 844 708 832 831 709 832 709 844 
844 709 708 698 709 831 705 839 710 
839 840 845 839 845 710 710 845 711 
713 711 846 711 845 846 715 847 848 
715 713 847 713 846 847 847 849 848 
850 851 852 850 853 854 852 853 850 
842 854 853 841 854 842 841 717 854 
841 718 717 707 718 841 715 848 719 
848 849 855 848 855 719 719 855 720 
722 856 857 722 720 856 720 855 856 
857 725 724 857 856 725 856 858 725 
851 850 726 851 726 858 858 726 725 
728 726 850 854 728 850 717 728 854 
722 857 729 724 729 857 859 860 861 
859 732 731 859 731 860 860 731 862 
862 731 734 863 862 734 864 865 866 
861 865 864 861 864 859 859 864 867 
732 867 736 859 867 732 734 868 863 
737 868 734 868 737 739 869 868 739 
870 864 866 871 870 866 867 864 872 
872 864 870 736 872 741 867 872 736 
873 739 742 873 874 739 874 869 739 
742 744 873 875 876 877 876 875 878 
870 871 879 746 880 747 746 870 880 
746 872 870 870 879 880 741 872 746 
873 881 874 882 883 881 748 882 881 
748 881 873 748 873 744 748 750 882 
884 885 886 884 753 752 884 752 885 
885 752 887 877 755 875 877 887 755 
887 752 755 756 888 889 755 756 889 
755 889 878 755 878 875 889 888 890 
758 891 892 759 758 892 880 758 747 
891 758 880 882 893 883 894 895 893 
761 894 893 761 893 882 761 882 750 
761 763 894 896 897 898 886 897 896 
884 886 896 884 896 765 884 765 764 
753 884 764 756 767 888 768 899 900 
767 768 900 767 900 890 767 890 888 
900 899 901 902 903 904 902 771 770 
902 770 903 903 770 905 773 906 770 
770 906 905 775 907 773 773 907 906 
892 775 759 907 775 892 894 908 895 
909 910 908 776 909 908 776 908 894 
776 894 763 776 778 909 911 912 913 
911 914 915 912 911 915 898 915 914 
896 898 914 896 914 780 896 780 779 
765 896 779 768 782 899 899 916 901 
899 782 916 782 784 916 786 917 784 
784 917 916 904 787 902 904 917 787 
917 786 787 771 902 787 918 910 909 
919 910 918 778 789 918 909 778 918 
920 921 922 920 923 924 921 920 924 
913 924 923 911 913 923 911 923 792 
911 792 791 793 911 791 914 911 793 
780 914 793 925 919 918 926 919 925 
789 794 925 918 789 925 927 928 929 
922 928 927 920 922 927 920 927 797 
920 797 796 799 920 796 923 920 799 
792 923 799 802 926 925 802 801 926 
801 930 926 794 802 925 804 927 929 
804 929 805 805 929 931 797 927 804 
808 932 933 807 932 808 930 801 808 
933 930 808 805 931 810 931 934 810 
935 936 937 935 937 932 935 932 813 
813 932 807 810 934 938 814 810 938 
938 815 814 939 815 938 940 941 942 
936 940 942 935 940 936 935 818 940 
935 819 818 813 819 935 943 944 820 
943 820 939 939 820 815 943 945 944 
946 947 948 941 946 948 940 946 941 
940 821 946 940 822 821 818 822 940 
820 944 823 944 824 823 944 945 824 
945 949 824 827 950 951 826 950 827 
947 946 828 947 828 951 951 828 827 
821 828 946 824 949 952 829 824 952 
830 953 954 830 829 953 829 952 953 
953 955 954 956 957 958 956 959 960 
958 959 956 960 833 832 960 959 833 
959 961 833 834 833 962 833 961 962 
835 834 963 834 962 963 836 835 964 
835 963 964 950 826 836 964 950 836 
830 954 837 954 955 965 954 965 837 
837 965 838 840 966 967 840 838 966 
838 965 966 966 968 967 969 970 971 
957 969 971 956 969 957 956 842 969 
956 843 842 844 843 956 960 844 956 
832 844 960 840 967 845 967 968 972 
967 972 845 845 972 846 847 846 973 
846 972 973 849 974 975 849 847 974 
847 973 974 975 976 977 974 976 975 
977 978 979 976 978 977 979 852 851 
979 978 852 978 980 852 970 969 853 
970 853 980 980 853 852 842 853 969 
849 975 855 856 855 975 977 856 975 
858 856 977 979 858 977 851 858 979 
860 981 861 860 862 982 981 860 982 
862 863 982 983 984 985 983 866 865 
983 865 984 984 865 986 981 865 861 
981 987 865 987 986 865 982 987 981 
988 987 982 989 990 988 868 989 988 
868 988 982 868 982 863 868 869 989 
991 983 985 992 991 985 866 991 871 
983 991 866 989 993 990 993 989 869 
993 869 994 994 869 874 995 996 997 
998 877 876 999 996 995 876 878 998 
991 992 1000 1001 1000 1002 879 1000 1001 
879 991 1000 879 871 991 879 1001 880 
1003 874 881 1003 1004 874 1004 994 874 
881 883 1003 885 1005 1006 886 885 1006 
997 887 995 997 1005 887 1005 885 887 
995 1007 999 995 887 1007 998 1007 877 
877 1007 887 1008 1009 1007 889 1008 1007 
889 1007 998 889 998 878 889 890 1008 
1010 1011 1012 1002 1011 1010 1001 1002 1010 
1001 1010 892 1001 892 891 880 1001 891 
1003 1013 1004 1014 1015 1013 893 1014 1013 
893 1013 1003 893 1003 883 893 895 1014 
1016 1017 1018 1016 1019 1020 1017 1016 1020 
1019 1021 1022 1020 1019 1022 1021 898 897 
1021 897 1022 1022 897 1023 1006 897 886 
1023 897 1006 1008 1024 1009 890 1024 1008 
890 900 1024 900 1025 1024 901 1026 1027 
901 1027 900 900 1027 1025 1026 1028 1029 
1027 1026 1029 1028 904 903 1028 903 1029 
1029 903 1030 905 1031 903 903 1031 1030 
906 1032 905 905 1032 1031 1012 907 1010 
1012 1032 907 1032 906 907 892 1010 907 
1014 1033 1015 1034 1035 1033 908 1034 1033 
908 1033 1014 908 1014 895 908 910 1034 
1036 1037 1038 1018 1037 1036 1018 1036 1016 
1016 1036 1039 912 1039 913 912 1019 1039 
1019 1016 1039 915 1019 912 1021 1019 915 
898 1021 915 901 916 1026 917 1026 916 
1028 1026 917 904 1028 917 1034 1040 1035 
1040 1034 910 1040 910 1041 1041 910 919 
1042 1043 1044 1038 1043 1042 1036 1038 1042 
1036 1042 922 1036 922 921 924 1036 921 
1039 1036 924 913 1039 924 919 926 1041 
1041 926 1045 928 1042 1044 928 1044 929 
929 1044 1046 922 1042 928 1047 1048 1049 
1047 1049 1045 1047 1045 930 930 1045 926 
929 1046 931 1046 1050 931 1051 1052 1053 
1048 1051 1053 1047 1051 1048 1047 932 1051 
1047 933 932 930 933 1047 931 1050 934 
1050 1054 934 937 1052 1051 937 936 1052 
936 1055 1052 932 937 1051 934 1054 1056 
938 934 1056 1056 939 938 1057 939 1056 
1058 1059 1060 1058 942 941 1058 1060 942 
1060 1061 942 1055 936 942 1061 1055 942 
939 1057 1062 943 939 1062 1062 945 943 
1063 945 1062 1064 1065 1066 1059 1064 1066 
1058 1064 1059 1058 947 1064 1058 948 947 
941 948 1058 1067 1068 949 1067 949 1063 
1063 949 945 1067 1069 1068 1070 1071 1072 
1070 1073 1074 1072 1073 1070 1074 1075 1076 
1073 1075 1074 1075 1077 1076 1078 1079 1080 
1065 1078 1080 1064 1078 1065 1064 950 1078 
1064 951 950 947 951 1064 949 1068 952 
1068 1069 1081 1068 1081 952 952 1081 953 
955 1082 1083 955 953 1082 953 1081 1082 
1082 1084 1083 1085 1086 1087 1085 958 957 
1085 1087 958 1087 1088 958 1071 1070 959 
1071 959 1088 1088 959 958 961 959 1070 
1074 961 1070 962 961 1074 1076 962 1074 
1076 1077 1089 1076 1089 962 962 1089 963 
1079 1078 964 1079 964 1089 1089 964 963 
950 964 1078 955 1083 965 1083 1084 1090 
1083 1090 965 965 1090 966 968 1091 1092 
968 966 1091 966 1090 1091 1092 1093 1094 
1091 1093 1092 1094 1095 1096 1093 1095 1094 
1096 1097 1098 1095 1097 1096 1098 1099 1100 
1097 1099 1098 1100 1101 1102 1099 1101 1100 
1086 1102 1101 1085 1102 1086 1085 970 1102 
1085 971 970 957 971 1085 968 1092 972 
973 972 1092 1094 973 1092 974 973 1094 
1096 974 1094 976 974 1096 1098 976 1096 
978 976 1098 1100 978 1098 980 978 1100 
1102 980 1100 970 980 1102 984 1103 1104 
985 984 1104 986 1105 984 984 1105 1103 
987 1106 986 986 1106 1105 1107 1108 1106 
1107 1106 988 988 1106 987 988 990 1107 
985 1104 992 1104 1109 992 1107 1110 1108 
1111 1112 1110 993 1111 1110 993 1110 1107 
993 1107 990 993 994 1111 1113 1114 1115 
1113 997 996 1113 996 1114 1114 996 1116 
999 1117 1118 999 1118 996 996 1118 1116 
1118 1117 1119 1120 1000 992 1120 992 1121 
1121 992 1109 1000 1120 1002 1111 1122 1112 
1122 1111 994 1122 994 1123 1123 994 1004 
1124 1125 1126 1124 1127 1128 1125 1124 1128 
1127 1129 1130 1128 1127 1130 1115 1130 1129 
1113 1115 1129 1113 1129 1006 1113 1006 1005 
997 1113 1005 999 1007 1117 1009 1131 1132 
1007 1009 1132 1007 1132 1119 1007 1119 1117 
1131 1133 1134 1132 1131 1134 1133 1135 1136 
1134 1133 1136 1135 1137 1138 1136 1135 1138 
1137 1139 1140 1138 1137 1140 1139 1141 1142 
1140 1139 1142 1141 1143 1144 1142 1141 1144 
1121 1144 1143 1120 1121 1143 1120 1143 1012 
1120 1012 1011 1002 1120 1011 1004 1145 1123 
1013 1145 1004 1145 1013 1015 1146 1145 1015 
1147 1148 1149 1147 1018 1017 1147 1017 1148 
1148 1017 1150 1126 1020 1124 1126 1150 1020 
1150 1017 1020 1022 1124 1020 1127 1124 1022 
1023 1127 1022 1129 1127 1023 1006 1129 1023 
1009 1024 1131 1025 1131 1024 1133 1131 1025 
1027 1133 1025 1135 1133 1027 1029 1135 1027 
1137 1135 1029 1030 1137 1029 1139 1137 1030 
1031 1139 1030 1141 1139 1031 1032 1141 1031 
1143 1141 1032 1012 1143 1032 1151 1015 1033 
1151 1152 1015 1152 1146 1015 1033 1035 1151 
1153 1154 1155 1149 1154 1153 1147 1149 1153 
1147 1153 1038 1147 1038 1037 1018 1147 1037 
1151 1156 1152 1157 1158 1156 1040 1157 1156 
1040 1156 1151 1040 1151 1035 1040 1041 1157 
1043 1153 1155 1043 1155 1044 1044 1155 1159 
1038 1153 1043 1160 1158 1157 1161 1158 1160 
1041 1045 1160 1157 1041 1160 1044 1159 1046 
1159 1162 1046 1163 1164 1165 1161 1163 1165 
1160 1163 1161 1160 1048 1163 1160 1049 1048 
1045 1049 1160 1046 1162 1050 1162 1166 1050 
1053 1164 1163 1053 1052 1164 1052 1167 1164 
1048 1053 1163 1168 1169 1054 1168 1054 1166 
1166 1054 1050 1168 1170 1169 1171 1172 1173 
1171 1173 1167 1171 1167 1055 1055 1167 1052 
1054 1169 1056 1057 1174 1175 1056 1174 1057 
1056 1170 1174 1056 1169 1170 1174 1176 1175 
1060 1177 1178 1059 1177 1060 1172 1171 1061 
1172 1061 1178 1178 1061 1060 1055 1061 1171 
1057 1175 1062 1063 1179 1180 1062 1179 1063 
1062 1176 1179 1062 1175 1176 1179 1181 1180 
1182 1183 1184 1182 1066 1065 1182 1184 1066 
1184 1185 1066 1177 1059 1066 1185 1177 1066 
1063 1180 1067 1069 1186 1187 1067 1186 1069 
1067 1181 1186 1067 1180 1181 1187 1188 1189 
1186 1188 1187 1188 1190 1189 1191 1192 1193 
1191 1194 1195 1193 1194 1191 1195 1072 1071 
1195 1194 1072 1194 1196 1072 1073 1072 1197 
1072 1196 1197 1075 1073 1198 1073 1197 1198 
1077 1199 1200 1077 1075 1199 1075 1198 1199 
1183 1200 1199 1182 1200 1183 1182 1079 1200 
1182 1080 1079 1065 1080 1182 1069 1187 1081 
1082 1081 1187 1189 1082 1187 1084 1201 1202 
1082 1201 1084 1082 1190 1201 1082 1189 1190 
1202 1203 1204 1201 1203 1202 1204 1205 1206 
1203 1205 1204 1206 1207 1208 1205 1207 1206 
1208 1209 1210 1207 1209 1208 1210 1211 1212 
1209 1211 1210 1212 1213 1214 1211 1213 1212 
1192 1214 1213 1191 1214 1192 1191 1086 1214 
1191 1087 1086 1088 1087 1191 1195 1088 1191 
1071 1088 1195 1077 1200 1089 1079 1089 1200 
1084 1202 1090 1091 1090 1202 1204 1091 1202 
1093 1091 1204 1206 1093 1204 1095 1093 1206 
1208 1095 1206 1097 1095 1208 1210 1097 1208 
1099 1097 1210 1212 1099 1210 1101 1099 1212 
1214 1101 1212 1086 1101 1214 1103 1215 1104 
1216 1215 1103 1216 1103 1217 1217 1103 1105 
1106 1218 1105 1105 1218 1217 1218 1106 1108 
1219 1218 1108 1220 1221 1222 1221 1220 1223 
1215 1224 1225 1215 1225 1104 1104 1225 1109 
1216 1224 1215 1108 1226 1219 1110 1226 1108 
1226 1110 1112 1227 1226 1112 1114 1228 1229 
1115 1114 1229 1222 1116 1220 1222 1228 1116 
1228 1114 1116 1220 1230 1223 1220 1116 1230 
1116 1118 1230 1230 1118 1119 1231 1230 1119 
1232 1233 1234 1232 1235 1236 1233 1232 1236 
1236 1235 1237 1238 1239 1240 1238 1225 1239 
1238 1121 1225 1121 1109 1225 1112 1241 1227 
1122 1241 1112 1241 1122 1123 1242 1241 1123 
1243 1244 1245 1243 1126 1125 1243 1125 1244 
1244 1125 1246 1128 1247 1125 1125 1247 1246 
1130 1248 1128 1128 1248 1247 1229 1130 1115 
1248 1130 1229 1119 1249 1231 1132 1249 1119 
1134 1250 1132 1132 1250 1249 1136 1251 1134 
1134 1251 1250 1234 1138 1232 1234 1251 1138 
1251 1136 1138 1140 1232 1138 1235 1232 1140 
1235 1252 1237 1235 1140 1252 1140 1142 1252 
1240 1144 1238 1240 1252 1144 1252 1142 1144 
1121 1238 1144 1253 1123 1145 1253 1254 1123 
1254 1242 1123 1145 1146 1253 1148 1255 1256 
1149 1148 1256 1245 1150 1243 1245 1255 1150 
1255 1148 1150 1126 1243 1150 1253 1257 1254 
1257 1253 1146 1257 1146 1258 1258 1146 1152 
1154 1259 1260 1155 1154 1260 1256 1154 1149 
1259 1154 1256 1261 1152 1156 1261 1262 1152 
1262 1258 1152 1156 1158 1261 1155 1260 1159 
1260 1263 1159 1264 1262 1261 1265 1262 1264 
1158 1161 1264 1261 1158 1264 1159 1263 1162 
1263 1266 1162 1165 1265 1264 1165 1164 1265 
1164 1267 1265 1161 1165 1264 1162 1266 1166 
1266 1268 1166 1269 1270 1271 1269 1271 1267 
1269 1267 1167 1167 1267 1164 1166 1268 1272 
1168 1166 1272 1272 1170 1168 1273 1170 1272 
1274 1275 1276 1270 1274 1276 1269 1274 1270 
1269 1172 1274 1269 1173 1172 1167 1173 1269 
1170 1273 1277 1174 1170 1277 1176 1278 1279 
1176 1174 1278 1174 1277 1278 1278 1280 1279 
1281 1282 1283 1281 1284 1285 1283 1284 1281 
1275 1285 1284 1274 1285 1275 1274 1177 1285 
1274 1178 1177 1172 1178 1274 1176 1279 1179 
1181 1286 1287 1179 1286 1181 1179 1280 1286 
1179 1279 1280 1287 1288 1289 1286 1288 1287 
1289 1290 1291 1288 1290 1289 1290 1292 1291 
1293 1294 1295 1293 1296 1297 1295 1296 1293 
1297 1298 1299 1296 1298 1297 1299 1300 1301 
1298 1300 1299 1301 1302 1303 1300 1302 1301 
1303 1304 1305 1302 1304 1303 1282 1305 1304 
1281 1305 1282 1281 1183 1305 1281 1184 1183 
1185 1184 1281 1285 1185 1281 1177 1185 1285 
1181 1287 1186 1188 1186 1287 1289 1188 1287 
1190 1188 1289 1190 1289 1306 1306 1289 1291 
1307 1291 1292 1307 1308 1291 1308 1306 1291 
1308 1309 1310 1307 1309 1308 1310 1311 1312 
1309 1311 1310 1312 1313 1314 1311 1313 1312 
1314 1315 1316 1313 1315 1314 1316 1317 1318 
1315 1317 1316 1294 1318 1317 1293 1318 1294 
1293 1192 1318 1293 1193 1192 1194 1193 1293 
1297 1194 1293 1196 1194 1297 1299 1196 1297 
1197 1196 1299 1301 1197 1299 1198 1197 1301 
1303 1198 1301 1199 1198 1303 1305 1199 1303 
1183 1199 1305 1190 1306 1201 1203 1201 1306 
1308 1203 1306 1205 1203 1308 1310 1205 1308 
1207 1205 1310 1312 1207 1310 1209 1207 1312 
1314 1209 1312 1211 1209 1314 1316 1211 1314 
1213 1211 1316 1318 1213 1316 1192 1213 1318 
1319 1320 1321 1320 1319 1322 1217 1323 1324 
1216 1217 1324 1325 1326 1323 1325 1323 1218 
1218 1323 1217 1218 1219 1325 1221 1327 1328 
1222 1221 1328 1223 1329 1319 1223 1319 1327 
1223 1327 1221 1327 1319 1321 1330 1322 1319 
1329 1330 1319 1331 1332 1333 1331 1225 1224 
1331 1224 1332 1332 1224 1334 1324 1224 1216 
1334 1224 1324 1325 1335 1326 1336 1337 1335 
1226 1336 1335 1226 1335 1325 1226 1325 1219 
1226 1227 1336 1338 1339 1340 1338 1341 1342 
1339 1338 1342 1342 1341 1343 1344 1345 1346 
1344 1229 1228 1344 1228 1345 1345 1228 1347 
1328 1228 1222 1347 1228 1328 1223 1230 1329 
1231 1348 1349 1230 1231 1349 1230 1349 1330 
1230 1330 1329 1348 1350 1351 1349 1348 1351 
1350 1352 1353 1351 1350 1353 1352 1234 1233 
1352 1233 1353 1353 1233 1354 1236 1355 1233 
1233 1355 1354 1237 1356 1357 1237 1357 1236 
1236 1357 1355 1333 1357 1356 1331 1333 1356 
1331 1356 1240 1331 1240 1239 1225 1331 1239 
1336 1358 1337 1359 1360 1358 1241 1359 1358 
1241 1358 1336 1241 1336 1227 1241 1242 1359 
1361 1362 1363 1340 1362 1361 1338 1340 1361 
1338 1361 1245 1338 1245 1244 1246 1338 1244 
1341 1338 1246 1341 1364 1343 1341 1246 1364 
1246 1247 1364 1346 1248 1344 1346 1364 1248 
1364 1247 1248 1229 1344 1248 1231 1249 1348 
1250 1348 1249 1350 1348 1250 1251 1350 1250 
1352 1350 1251 1234 1352 1251 1237 1252 1356 
1240 1356 1252 1359 1365 1360 1365 1359 1242 
1365 1242 1366 1366 1242 1254 1367 1368 1369 
1363 1368 1367 1361 1363 1367 1361 1367 1256 
1361 1256 1255 1245 1361 1255 1370 1254 1257 
1370 1371 1254 1371 1366 1254 1257 1258 1370 
1259 1367 1369 1259 1369 1260 1260 1369 1372 
1256 1367 1259 1370 1373 1371 1373 1370 1258 
1373 1258 1374 1374 1258 1262 1260 1372 1263 
1372 1375 1263 1262 1265 1374 1374 1265 1376 
1263 1375 1266 1375 1377 1266 1378 1379 1380 
1378 1380 1376 1378 1376 1267 1267 1376 1265 
1381 1382 1268 1381 1268 1377 1377 1268 1266 
1381 1383 1382 1271 1379 1378 1271 1270 1379 
1270 1384 1379 1267 1271 1378 1268 1382 1272 
1273 1385 1386 1272 1385 1273 1272 1383 1385 
1272 1382 1383 1385 1387 1386 1276 1388 1389 
1275 1388 1276 1384 1270 1276 1389 1384 1276 
1273 1386 1277 1386 1387 1390 1386 1390 1277 
1277 1390 1278 1280 1391 1392 1280 1278 1391 
1278 1390 1391 1392 1393 1394 1391 1393 1392 
1394 1395 1396 1393 1395 1394 1395 1397 1396 
1398 1399 1400 1398 1401 1402 1400 1401 1398 
1402 1403 1404 1401 1403 1402 1404 1405 1406 
1403 1405 1404 1406 1407 1408 1405 1407 1406 
1408 1409 1410 1407 1409 1408 1410 1283 1282 
1410 1409 1283 1409 1411 1283 1284 1283 1412 
1283 1411 1412 1388 1275 1284 1412 1388 1284 
1280 1392 1286 1288 1286 1392 1394 1288 1392 
1290 1288 1394 1396 1290 1394 1292 1413 1414 
1290 1413 1292 1290 1397 1413 1290 1396 1397 
1414 1415 1416 1413 1415 1414 1416 1417 1418 
1415 1417 1416 1418 1419 1420 1417 1419 1418 
1420 1421 1422 1419 1421 1420 1422 1423 1424 
1421 1423 1422 1399 1424 1423 1398 1424 1399 
1398 1294 1424 1398 1295 1294 1296 1295 1398 
1402 1296 1398 1298 1296 1402 1404 1298 1402 
1300 1298 1404 1406 1300 1404 1302 1300 1406 
1408 1302 1406 1304 1302 1408 1410 1304 1408 
1282 1304 1410 1292 1414 1307 1309 1307 1414 
1416 1309 1414 1311 1309 1416 1418 1311 1416 
1313 1311 1418 1420 1313 1418 1315 1313 1420 
1422 1315 1420 1317 1315 1422 1424 1317 1422 
1294 1317 1424 1320 1425 1426 1321 1320 1426 
1425 1320 1322 1427 1425 1322 1323 1428 1324 
1323 1326 1428 1429 1430 1431 1429 1328 1327 
1429 1327 1430 1430 1327 1432 1426 1327 1321 
1432 1327 1426 1433 1330 1434 1433 1427 1330 
1427 1322 1330 1434 1435 1436 1433 1434 1436 
1435 1437 1438 1436 1435 1438 1437 1439 1440 
1438 1437 1440 1440 1439 1441 1442 1443 1444 
1442 1333 1332 1442 1332 1443 1443 1332 1445 
1334 1446 1332 1332 1446 1445 1428 1334 1324 
1428 1447 1334 1447 1446 1334 1448 1449 1447 
1335 1448 1447 1335 1447 1428 1335 1428 1326 
1335 1337 1448 1339 1450 1451 1340 1339 1451 
1342 1452 1339 1339 1452 1450 1343 1453 1454 
1343 1454 1342 1342 1454 1452 1453 1346 1345 
1453 1345 1454 1454 1345 1455 1431 1347 1429 
1431 1455 1347 1455 1345 1347 1328 1429 1347 
1330 1349 1434 1351 1434 1349 1435 1434 1351 
1353 1435 1351 1437 1435 1353 1354 1437 1353 
1439 1437 1354 1439 1456 1441 1439 1354 1456 
1354 1355 1456 1444 1357 1442 1444 1456 1357 
1456 1355 1357 1333 1442 1357 1448 1457 1449 
1458 1459 1457 1358 1458 1457 1358 1457 1448 
1358 1448 1337 1358 1360 1458 1362 1460 1461 
1363 1362 1461 1451 1362 1340 1460 1362 1451 
1343 1364 1453 1346 1453 1364 1458 1462 1459 
1463 1464 1462 1365 1463 1462 1365 1462 1458 
1365 1458 1360 1365 1366 1463 1368 1465 1466 
1369 1368 1466 1461 1368 1363 1465 1368 1461 
1463 1467 1464 1467 1463 1366 1467 1366 1468 
1468 1366 1371 1369 1466 1372 1466 1469 1372 
1470 1371 1373 1470 1471 1371 1471 1468 1371 
1373 1374 1470 1372 1469 1375 1469 1472 1375 
1473 1471 1470 1474 1471 1473 1374 1376 1473 
1470 1374 1473 1475 1476 1377 1475 1377 1472 
1472 1377 1375 1475 1477 1476 1478 1479 1480 
1474 1478 1480 1473 1478 1474 1473 1379 1478 
1473 1380 1379 1376 1380 1473 1377 1476 1381 
1476 1383 1381 1476 1477 1383 1477 1481 1383 
1482 1479 1478 1483 1479 1482 1379 1384 1482 
1478 1379 1482 1383 1481 1484 1385 1383 1484 
1387 1485 1486 1387 1385 1485 1385 1484 1485 
1486 1487 1488 1485 1487 1486 1487 1489 1488 
1490 1491 1492 1490 1493 1494 1492 1493 1490 
1494 1495 1496 1493 1495 1494 1496 1497 1498 
1495 1497 1496 1498 1499 1500 1497 1499 1498 
1500 1501 1502 1499 1501 1500 1502 1503 1504 
1501 1503 1502 1504 1505 1506 1503 1505 1504 
1483 1506 1505 1482 1506 1483 1482 1388 1506 
1482 1389 1388 1384 1389 1482 1387 1486 1390 
1391 1390 1486 1488 1391 1486 1488 1489 1507 
1488 1507 1391 1391 1507 1393 1395 1393 1508 
1393 1507 1508 1397 1509 1510 1397 1395 1509 
1395 1508 1509 1510 1511 1512 1509 1511 1510 
1512 1513 1514 1511 1513 1512 1514 1515 1516 
1513 1515 1514 1516 1517 1518 1515 1517 1516 
1518 1519 1520 1517 1519 1518 1491 1520 1519 
1490 1520 1491 1490 1399 1520 1490 1400 1399 
1401 1400 1490 1494 1401 1490 1403 1401 1494 
1496 1403 1494 1405 1403 1496 1498 1405 1496 
1407 1405 1498 1500 1407 1498 1409 1407 1500 
1502 1409 1500 1411 1409 1502 1504 1411 1502 
1412 1411 1504 1506 1412 1504 1388 1412 1506 
1397 1510 1413 1415 1413 1510 1512 1415 1510 
1417 1415 1512 1514 1417 1512 1419 1417 1514 
1516 1419 1514 1421 1419 1516 1518 1421 1516 
1423 1421 1518 1520 1423 1518 1399 1423 1520 
1521 1522 1523 1521 1426 1425 1521 1425 1522 
1522 1425 1524 1427 1525 1526 1427 1526 1425 
1425 1526 1524 1525 1527 1528 1526 1525 1528 
1527 1529 1530 1528 1527 1530 1529 1531 1532 
1530 1529 1532 1532 1531 1533 1534 1535 1536 
1534 1537 1538 1535 1534 1538 1537 1539 1540 
1538 1537 1540 1539 1541 1542 1540 1539 1542 
1541 1431 1430 1541 1430 1542 1542 1430 1543 
1523 1432 1521 1523 1543 1432 1543 1430 1432 
1426 1521 1432 1427 1433 1525 1436 1525 1433 
1527 1525 1436 1438 1527 1436 1529 1527 1438 
1440 1529 1438 1531 1529 1440 1441 1544 1545 
1440 1441 1545 1440 1545 1533 1440 1533 1531 
1544 1444 1443 1544 1443 1545 1545 1443 1546 
1445 1547 1443 1443 1547 1546 1548 1549 1547 
1548 1547 1446 1446 1547 1445 1550 1548 1446 
1550 1446 1551 1551 1446 1447 1551 1447 1449 
1552 1551 1449 1553 1554 1555 1536 1554 1553 
1534 1536 1553 1534 1553 1451 1534 1451 1450 
1452 1534 1450 1537 1534 1452 1454 1537 1452 
1539 1537 1454 1455 1539 1454 1541 1539 1455 
1431 1541 1455 1441 1456 1544 1444 1544 1456 
1548 1556 1549 1550 1556 1548 1449 1557 1552 
1457 1557 1449 1557 1457 1459 1558 1557 1459 
1559 1560 1561 1555 1560 1559 1553 1555 1559 
1553 1559 1461 1553 1461 1460 1451 1553 1460 
1459 1562 1558 1462 1562 1459 1562 1462 1464 
1563 1562 1464 1465 1559 1561 1465 1561 1466 
1466 1561 1564 1461 1559 1465 1565 1464 1467 
1565 1566 1464 1566 1563 1464 1467 1468 1565 
1466 1564 1469 1564 1567 1469 1565 1568 1566 
1568 1565 1468 1568 1468 1569 1569 1468 1471 
1570 1571 1472 1570 1472 1567 1567 1472 1469 
1570 1572 1571 1573 1574 1575 1573 1575 1569 
1573 1569 1474 1474 1569 1471 1472 1571 1475 
1571 1477 1475 1571 1572 1477 1572 1576 1477 
1480 1574 1573 1480 1479 1574 1479 1577 1574 
1474 1480 1573 1578 1579 1481 1578 1481 1576 
1576 1481 1477 1579 1580 1581 1578 1580 1579 
1580 1582 1581 1583 1584 1585 1583 1586 1587 
1585 1586 1583 1587 1588 1589 1586 1588 1587 
1588 1590 1589 1591 1592 1593 1591 1594 1595 
1593 1594 1591 1595 1594 1577 1595 1577 1483 
1483 1577 1479 1481 1579 1484 1485 1484 1579 
1581 1485 1579 1581 1582 1596 1581 1596 1485 
1485 1596 1487 1489 1597 1598 1489 1487 1597 
1487 1596 1597 1598 1599 1600 1597 1599 1598 
1600 1601 1602 1599 1601 1600 1602 1603 1604 
1601 1603 1602 1604 1605 1606 1603 1605 1604 
1606 1607 1608 1605 1607 1606 1608 1609 1610 
1607 1609 1608 1610 1611 1612 1609 1611 1610 
1612 1492 1491 1612 1611 1492 1611 1613 1492 
1584 1583 1493 1584 1493 1613 1613 1493 1492 
1495 1493 1583 1587 1495 1583 1497 1495 1587 
1589 1497 1587 1589 1590 1614 1589 1614 1497 
1497 1614 1499 1501 1499 1615 1499 1614 1615 
1592 1591 1503 1592 1503 1615 1615 1503 1501 
1505 1503 1591 1595 1505 1591 1483 1505 1595 
1489 1598 1507 1508 1507 1598 1600 1508 1598 
1509 1508 1600 1602 1509 1600 1511 1509 1602 
1604 1511 1602 1513 1511 1604 1606 1513 1604 
1515 1513 1606 1608 1515 1606 1517 1515 1608 
1610 1517 1608 1519 1517 1610 1612 1519 1610 
1491 1519 1612 1616 1617 1618 1617 1616 1619 
1522 1620 1621 1523 1522 1621 1524 1622 1522 
1522 1622 1620 1618 1526 1616 1618 1622 1526 
1622 1524 1526 1616 1623 1619 1616 1526 1623 
1526 1528 1623 1530 1624 1528 1528 1624 1623 
1532 1625 1530 1530 1625 1624 1533 1626 1627 
1533 1627 1532 1532 1627 1625 1627 1626 1628 
1535 1629 1630 1536 1535 1630 1538 1631 1535 
1535 1631 1629 1540 1632 1538 1538 1632 1631 
1542 1633 1540 1540 1633 1632 1543 1634 1542 
1542 1634 1633 1621 1543 1523 1634 1543 1621 
1533 1545 1626 1626 1635 1628 1626 1545 1635 
1545 1546 1635 1636 1637 1635 1636 1635 1547 
1547 1635 1546 1547 1549 1636 1551 1638 1550 
1551 1552 1638 1554 1639 1640 1555 1554 1640 
1630 1554 1536 1639 1554 1630 1636 1641 1637 
1549 1641 1636 1549 1556 1641 1556 1642 1641 
1638 1556 1550 1638 1643 1556 1643 1642 1556 
1644 1645 1643 1557 1644 1643 1557 1643 1638 
1557 1638 1552 1557 1558 1644 1560 1646 1647 
1561 1560 1647 1640 1560 1555 1646 1560 1640 
1644 1648 1645 1649 1650 1648 1562 1649 1648 
1562 1648 1644 1562 1644 1558 1562 1563 1649 
1561 1647 1564 1647 1651 1564 1652 1650 1649 
1653 1650 1652 1563 1566 1652 1649 1563 1652 
1564 1651 1567 1651 1654 1567 1652 1655 1653 
1656 1657 1655 1568 1656 1655 1568 1655 1652 
1568 1652 1566 1568 1569 1656 1567 1654 1658 
1570 1567 1658 1658 1572 1570 1659 1572 1658 
1660 1661 1662 1657 1660 1662 1656 1660 1657 
1656 1574 1660 1656 1575 1574 1569 1575 1656 
1663 1664 1576 1663 1576 1659 1659 1576 1572 
1663 1665 1664 1666 1667 1668 1666 1669 1670 
1668 1669 1666 1669 1671 1670 1672 1673 1674 
1661 1672 1674 1661 1660 1672 1660 1675 1672 
1574 1577 1675 1660 1574 1675 1576 1664 1578 
1664 1665 1676 1664 1676 1578 1578 1676 1580 
1582 1677 1678 1582 1580 1677 1580 1676 1677 
1678 1679 1680 1677 1679 1678 1680 1681 1682 
1679 1681 1680 1682 1683 1684 1681 1683 1682 
1683 1685 1684 1686 1687 1688 1686 1689 1690 
1688 1689 1686 1690 1691 1692 1689 1691 1690 
1692 1693 1694 1691 1693 1692 1694 1695 1696 
1693 1695 1694 1667 1696 1695 1666 1696 1667 
1666 1584 1696 1666 1585 1584 1586 1585 1666 
1670 1586 1666 1670 1671 1697 1670 1697 1586 
1586 1697 1588 1590 1698 1699 1590 1588 1698 
1588 1697 1698 1699 1700 1701 1698 1700 1699 
1673 1701 1700 1672 1701 1673 1672 1592 1701 
1672 1593 1592 1594 1593 1672 1675 1594 1672 
1577 1594 1675 1582 1678 1596 1597 1596 1678 
1680 1597 1678 1599 1597 1680 1682 1599 1680 
1601 1599 1682 1684 1601 1682 1684 1685 1702 
1684 1702 1601 1601 1702 1603 1687 1686 1605 
1687 1605 1702 1702 1605 1603 1607 1605 1686 
1690 1607 1686 1609 1607 1690 1692 1609 1690 
1611 1609 1692 1694 1611 1692 1613 1611 1694 
1696 1613 1694 1584 1613 1696 1590 1699 1614 
1615 1614 1699 1701 1615 1699 1592 1615 1701 
1703 1704 1705 1703 1618 1617 1703 1617 1704 
1704 1617 1706 1619 1707 1708 1619 1708 1617 
1617 1708 1706 1708 1707 1709 1710 1711 1712 
1710 1713 1714 1711 1710 1714 1713 1715 1716 
1714 1713 1716 1715 1717 1718 1716 1715 1718 
1717 1621 1620 1717 1620 1718 1718 1620 1719 
1705 1622 1703 1705 1719 1622 1719 1620 1622 
1618 1703 1622 1619 1623 1707 1707 1720 1709 
1707 1623 1720 1623 1624 1720 1625 1721 1624 
1624 1721 1720 1722 1723 1721 1722 1721 1627 
1627 1721 1625 1627 1628 1722 1724 1725 1726 
1724 1630 1629 1724 1629 1725 1725 1629 1727 
1712 1631 1710 1712 1727 1631 1727 1629 1631 
1632 1710 1631 1713 1710 1632 1633 1713 1632 
1715 1713 1633 1634 1715 1633 1717 1715 1634 
1621 1717 1634 1722 1728 1723 1729 1730 1728 
1635 1729 1728 1635 1728 1722 1635 1722 1628 
1635 1637 1729 1731 1732 1733 1726 1732 1731 
1724 1726 1731 1724 1731 1640 1724 1640 1639 
1630 1724 1639 1729 1734 1730 1637 1734 1729 
1637 1641 1734 1641 1735 1734 1736 1737 1735 
1736 1735 1642 1642 1735 1641 1642 1643 1738 
1736 1642 1738 1643 1645 1738 1646 1731 1733 
1646 1733 1647 1647 1733 1739 1640 1731 1646 
1736 1740 1737 1740 1741 1742 1740 1736 1741 
1736 1738 1741 1645 1648 1743 1645 1743 1738 
1738 1743 1741 1648 1650 1743 1647 1739 1651 
1739 1744 1651 1741 1745 1742 1745 1746 1747 
1745 1741 1746 1741 1743 1746 1650 1653 1746 
1743 1650 1746 1748 1749 1654 1748 1654 1744 
1744 1654 1651 1748 1750 1749 1746 1751 1747 
1752 1753 1751 1655 1752 1751 1655 1751 1746 
1655 1746 1653 1655 1657 1752 1654 1749 1658 
1659 1754 1755 1658 1754 1659 1658 1750 1754 
1658 1749 1750 1754 1756 1755 1757 1758 1759 
1753 1757 1759 1752 1757 1753 1752 1661 1757 
1752 1662 1661 1657 1662 1752 1659 1755 1663 
1665 1760 1761 1663 1760 1665 1663 1756 1760 
1663 1755 1756 1761 1762 1763 1760 1762 1761 
1762 1764 1763 1765 1766 1767 1765 1768 1769 
1767 1768 1765 1769 1770 1771 1768 1770 1769 
1771 1772 1773 1770 1772 1771 1773 1668 1667 
1773 1772 1668 1772 1774 1668 1669 1668 1775 
1668 1774 1775 1671 1776 1777 1671 1669 1776 
1669 1775 1776 1776 1778 1777 1779 1780 1781 
1758 1779 1781 1757 1779 1758 1757 1673 1779 
1757 1674 1673 1661 1674 1757 1665 1761 1676 
1677 1676 1761 1763 1677 1761 1763 1764 1782 
1763 1782 1677 1677 1782 1679 1681 1679 1783 
1679 1782 1783 1683 1681 1784 1681 1783 1784 
1685 1785 1786 1685 1683 1785 1683 1784 1785 
1786 1688 1687 1786 1785 1688 1785 1787 1688 
1766 1765 1689 1766 1689 1787 1787 1689 1688 
1691 1689 1765 1769 1691 1765 1693 1691 1769 
1771 1693 1769 1695 1693 1771 1773 1695 1771 
1667 1695 1773 1671 1777 1697 1777 1778 1788 
1777 1788 1697 1697 1788 1698 1780 1779 1700 
1780 1700 1788 1788 1700 1698 1673 1700 1779 
1685 1786 1702 1687 1702 1786 1789 1790 1791 
1789 1792 1793 1790 1789 1793 1792 1794 1795 
1793 1792 1795 1794 1796 1797 1795 1794 1797 
1796 1705 1704 1796 1704 1797 1797 1704 1798 
1706 1799 1704 1704 1799 1798 1708 1800 1706 
1706 1800 1799 1709 1801 1802 1709 1802 1708 
1708 1802 1800 1802 1801 1803 1804 1805 1806 
1804 1712 1711 1804 1711 1805 1805 1711 1807 
1791 1714 1789 1791 1807 1714 1807 1711 1714 
1716 1789 1714 1792 1789 1716 1718 1792 1716 
1794 1792 1718 1719 1794 1718 1796 1794 1719 
1705 1796 1719 1709 1720 1801 1801 1808 1803 
1801 1720 1808 1720 1721 1808 1808 1721 1723 
1809 1808 1723 1725 1810 1811 1726 1725 1811 
1806 1727 1804 1806 1810 1727 1810 1725 1727 
1712 1804 1727 1723 1812 1809 1728 1812 1723 
1812 1728 1730 1813 1812 1730 1732 1814 1815 
1733 1732 1815 1811 1732 1726 1814 1732 1811 
1730 1816 1813 1734 1816 1730 1817 1818 1816 
1817 1816 1735 1735 1816 1734 1735 1737 1817 
1733 1815 1739 1815 1819 1739 1817 1820 1818 
1821 1822 1820 1740 1821 1820 1740 1820 1817 
1740 1817 1737 1740 1742 1821 1739 1819 1744 
1819 1823 1744 1821 1824 1822 1825 1826 1824 
1745 1825 1824 1745 1824 1821 1745 1821 1742 
1745 1747 1825 1744 1823 1827 1748 1744 1827 
1827 1750 1748 1828 1750 1827 1825 1829 1826 
1830 1831 1829 1751 1830 1829 1751 1829 1825 
1751 1825 1747 1751 1753 1830 1750 1828 1832 
1754 1750 1832 1756 1833 1834 1756 1754 1833 
1754 1832 1833 1833 1835 1834 1836 1837 1838 
1836 1839 1840 1838 1839 1836 1840 1841 1842 
1839 1841 1840 1842 1843 1844 1841 1843 1842 
1844 1845 1846 1843 1845 1844 1845 1847 1846 
1848 1849 1850 1831 1848 1850 1830 1848 1831 
1830 1758 1848 1830 1759 1758 1753 1759 1830 
1756 1834 1760 1834 1835 1851 1834 1851 1760 
1760 1851 1762 1764 1852 1853 1764 1762 1852 
1762 1851 1852 1853 1854 1855 1852 1854 1853 
1855 1856 1857 1854 1856 1855 1857 1858 1859 
1856 1858 1857 1859 1860 1861 1858 1860 1859 
1861 1767 1766 1861 1860 1767 1860 1862 1767 
1768 1767 1863 1767 1862 1863 1837 1836 1770 
1837 1770 1863 1863 1770 1768 1772 1770 1836 
1840 1772 1836 1774 1772 1840 1842 1774 1840 
1775 1774 1842 1844 1775 1842 1776 1775 1844 
1846 1776 1844 1778 1864 1865 1776 1864 1778 
1776 1847 1864 1776 1846 1847 1849 1865 1864 
1848 1865 1849 1848 1780 1865 1848 1781 1780 
1758 1781 1848 1764 1853 1782 1783 1782 1853 
1855 1783 1853 1784 1783 1855 1857 1784 1855 
1785 1784 1857 1859 1785 1857 1787 1785 1859 
1861 1787 1859 1766 1787 1861 1778 1865 1788 
1780 1788 1865 1866 1867 1868 1866 1791 1790 
1866 1790 1867 1867 1790 1869 1793 1870 1790 
1790 1870 1869 1795 1871 1793 1793 1871 1870 
1797 1872 1795 1795 1872 1871 1798 1873 1797 
1797 1873 1872 1799 1874 1798 1798 1874 1873 
1800 1875 1799 1799 1875 1874 1802 1876 1800 
1800 1876 1875 1803 1877 1878 1803 1878 1802 
1802 1878 1876 1878 1877 1879 1805 1880 1881 
1806 1805 1881 1868 1807 1866 1868 1880 1807 
1880 1805 1807 1791 1866 1807 1803 1808 1877 
1877 1808 1809 1877 1809 1879 1879 1809 1882 
1883 1884 1885 1883 1811 1810 1883 1810 1884 
1884 1810 1886 1881 1810 1806 1886 1810 1881 
1809 1887 1882 1812 1887 1809 1887 1812 1813 
1888 1887 1813 1814 1883 1885 1814 1885 1815 
1815 1885 1889 1811 1883 1814 1813 1890 1888 
1816 1890 1813 1890 1816 1818 1891 1890 1818 
1815 1889 1819 1889 1892 1819 1818 1893 1891 
1820 1893 1818 1822 1894 1895 1822 1895 1820 
1820 1895 1893 1895 1894 1896 1897 1898 1823 
1897 1823 1892 1892 1823 1819 1897 1899 1898 
1822 1824 1894 1894 1824 1826 1894 1826 1896 
1896 1826 1900 1823 1898 1827 1828 1901 1902 
1827 1901 1828 1827 1899 1901 1827 1898 1899 
1901 1903 1902 1904 1905 1906 1904 1907 1908 
1906 1907 1904 1908 1909 1910 1907 1909 1908 
1910 1911 1912 1909 1911 1910 1911 1913 1912 
1914 1826 1829 1914 1915 1826 1915 1900 1826 
1829 1831 1914 1828 1902 1832 1902 1903 1916 
1902 1916 1832 1832 1916 1833 1835 1917 1918 
1835 1833 1917 1833 1916 1917 1918 1919 1920 
1917 1919 1918 1919 1921 1920 1922 1923 1924 
1922 1925 1926 1924 1925 1922 1926 1927 1928 
1925 1927 1926 1928 1929 1930 1927 1929 1928 
1930 1838 1837 1930 1929 1838 1929 1931 1838 
1905 1904 1839 1905 1839 1931 1931 1839 1838 
1841 1839 1904 1908 1841 1904 1843 1841 1908 
1910 1843 1908 1845 1843 1910 1912 1845 1910 
1847 1932 1933 1845 1932 1847 1845 1913 1932 
1845 1912 1913 1915 1933 1932 1914 1933 1915 
1914 1849 1933 1914 1850 1849 1831 1850 1914 
1835 1918 1851 1852 1851 1918 1920 1852 1918 
1920 1921 1934 1920 1934 1852 1852 1934 1854 
1856 1854 1935 1854 1934 1935 1923 1922 1858 
1923 1858 1935 1935 1858 1856 1860 1858 1922 
1926 1860 1922 1862 1860 1926 1928 1862 1926 
1863 1862 1928 1930 1863 1928 1837 1863 1930 
1847 1933 1864 1849 1864 1933 1936 1937 1938 
1936 1939 1940 1937 1936 1940 1939 1941 1942 
1940 1939 1942 1941 1943 1944 1942 1941 1944 
1943 1945 1946 1944 1943 1946 1945 1947 1948 
1946 1945 1948 1947 1949 1950 1948 1947 1950 
1949 1951 1952 1950 1949 1952 1951 1953 1954 
1952 1951 1954 1954 1953 1955 1956 1957 1958 
1938 1957 1956 1936 1938 1956 1936 1956 1868 
1936 1868 1867 1869 1936 1867 1939 1936 1869 
1870 1939 1869 1941 1939 1870 1871 1941 1870 
1943 1941 1871 1872 1943 1871 1945 1943 1872 
1873 1945 1872 1947 1945 1873 1874 1947 1873 
1949 1947 1874 1875 1949 1874 1951 1949 1875 
1876 1951 1875 1953 1951 1876 1953 1959 1955 
1953 1876 1959 1876 1878 1959 1959 1878 1879 
1960 1959 1879 1961 1962 1963 1958 1962 1961 
1956 1958 1961 1956 1961 1881 1956 1881 1880 
1868 1956 1880 1964 1882 1965 1964 1960 1882 
1960 1879 1882 1964 1965 1966 1884 1967 1968 
1885 1884 1968 1963 1886 1961 1963 1967 1886 
1967 1884 1886 1881 1961 1886 1882 1887 1965 
1888 1969 1970 1887 1888 1970 1887 1970 1966 
1887 1966 1965 1970 1969 1971 1885 1968 1889 
1968 1972 1889 1888 1890 1969 1891 1973 1974 
1890 1891 1974 1890 1974 1971 1890 1971 1969 
1974 1973 1975 1889 1972 1892 1972 1976 1892 
1891 1893 1973 1973 1977 1975 1973 1893 1977 
1893 1895 1977 1977 1895 1896 1978 1977 1896 
1892 1976 1979 1897 1892 1979 1899 1980 1981 
1899 1897 1980 1897 1979 1980 1980 1982 1981 
1896 1900 1978 1978 1900 1983 1899 1981 1901 
1903 1984 1985 1901 1984 1903 1901 1982 1984 
1901 1981 1982 1985 1986 1987 1984 1986 1985 
1987 1988 1989 1986 1988 1987 1988 1990 1989 
1991 1992 1993 1991 1994 1995 1993 1994 1991 
1995 1996 1997 1994 1996 1995 1997 1906 1905 
1997 1996 1906 1996 1998 1906 1907 1906 1999 
1906 1998 1999 1909 1907 2000 1907 1999 2000 
1911 1909 2001 1909 2000 2001 1913 2002 2003 
1913 1911 2002 1911 2001 2002 2003 2002 1983 
2003 1983 1915 1915 1983 1900 1903 1985 1916 
1917 1916 1985 1987 1917 1985 1919 1917 1987 
1989 1919 1987 1921 2004 2005 1919 2004 1921 
1919 1990 2004 1919 1989 1990 2005 2006 2007 
2004 2006 2005 2007 1924 1923 2007 2006 1924 
2006 2008 1924 1925 1924 2009 1924 2008 2009 
1992 1991 1927 1992 1927 2009 2009 1927 1925 
1929 1927 1991 1995 1929 1991 1931 1929 1995 
1997 1931 1995 1905 1931 1997 1913 2003 1932 
1915 1932 2003 1921 2005 1934 1935 1934 2005 
2007 1935 2005 1923 1935 2007 2010 2011 2012 
2010 2013 2014 2011 2010 2014 2013 2015 2016 
2014 2013 2016 2016 2015 2017 1937 2018 2019 
1938 1937 2019 1940 2020 1937 1937 2020 2018 
1942 2021 1940 1940 2021 2020 1944 2022 1942 
1942 2022 2021 2012 1946 2010 2012 2022 1946 
2022 1944 1946 1948 2010 1946 2013 2010 1948 
1950 2013 1948 2015 2013 1950 2015 2023 2017 
2015 1950 2023 1950 1952 2023 1954 2024 1952 
1952 2024 2023 2024 1954 1955 2025 2024 1955 
1957 2026 2027 1958 1957 2027 2019 1957 1938 
2026 1957 2019 1955 2028 2025 1959 2028 1955 
1960 2029 2030 1960 2030 1959 1959 2030 2028 
2030 2029 2031 1962 2032 2033 1963 1962 2033 
2027 1962 1958 2032 1962 2027 1960 1964 2029 
2029 1964 1966 2029 1966 2031 2031 1966 2034 
1967 2035 2036 1968 1967 2036 2033 1967 1963 
2035 1967 2033 1966 2037 2034 1970 2037 1966 
2037 1970 1971 2038 2037 1971 1968 2036 1972 
2036 2039 1972 1971 2040 2038 1974 2040 1971 
2040 1974 1975 2041 2040 1975 2042 2043 1976 
2042 1976 2039 2039 1976 1972 2042 2044 2043 
1975 2045 2041 1977 2045 1975 2045 1977 1978 
2046 2045 1978 1976 2043 1979 2043 2044 2047 
2043 2047 1979 1979 2047 1980 1982 2048 2049 
1982 1980 2048 1980 2047 2048 2048 2050 2049 
2051 2052 2053 2051 2054 2055 2053 2054 2051 
2055 2056 2057 2054 2056 2055 2057 2058 2059 
2056 2058 2057 2059 2060 2061 2058 2060 2059 
2061 2062 2063 2060 2062 2061 2063 2062 2046 
2063 2046 1983 1983 2046 1978 1982 2049 1984 
2049 2050 2064 2049 2064 1984 1984 2064 1986 
1988 1986 2065 1986 2064 2065 1990 2066 2067 
1990 1988 2066 1988 2065 2066 2067 2068 2069 
2066 2068 2067 2069 2070 2071 2068 2070 2069 
2071 2072 2073 2070 2072 2071 2073 1993 1992 
2073 2072 1993 2072 2074 1993 1994 1993 2075 
1993 2074 2075 2052 2051 1996 2052 1996 2075 
2075 1996 1994 1998 1996 2051 2055 1998 2051 
1999 1998 2055 2057 1999 2055 2000 1999 2057 
2059 2000 2057 2001 2000 2059 2061 2001 2059 
2002 2001 2061 2063 2002 2061 1983 2002 2063 
1990 2067 2004 2006 2004 2067 2069 2006 2067 
2008 2006 2069 2071 2008 2069 2009 2008 2071 
2073 2009 2071 1992 2009 2073 2076 2077 2078 
2076 2079 2080 2077 2076 2080 2079 2081 2082 
2080 2079 2082 2081 2012 2011 2081 2011 2082 
2082 2011 2083 2014 2084 2011 2011 2084 2083 
2016 2085 2014 2014 2085 2084 2017 2086 2087 
2017 2087 2016 2016 2087 2085 2087 2086 2088 
2089 2090 2091 2089 2019 2018 2089 2018 2090 
2090 2018 2092 2078 2020 2076 2078 2092 2020 
2092 2018 2020 2021 2076 2020 2079 2076 2021 
2022 2079 2021 2081 2079 2022 2012 2081 2022 
2017 2023 2086 2086 2093 2088 2086 2023 2093 
2023 2024 2093 2025 2094 2095 2025 2095 2024 
2024 2095 2093 2095 2094 2096 2097 2098 2099 
2091 2098 2097 2089 2091 2097 2089 2097 2027 
2089 2027 2026 2019 2089 2026 2025 2028 2094 
2094 2100 2096 2094 2028 2100 2028 2030 2100 
2100 2030 2031 2101 2100 2031 2032 2097 2099 
2032 2099 2033 2033 2099 2102 2027 2097 2032 
2103 2034 2104 2103 2101 2034 2101 2031 2034 
2103 2104 2105 2035 2106 2107 2036 2035 2107 
2102 2035 2033 2106 2035 2102 2034 2037 2104 
2038 2108 2109 2037 2038 2109 2037 2109 2105 
2037 2105 2104 2109 2108 2110 2111 2112 2039 
2111 2039 2107 2107 2039 2036 2111 2113 2112 
2038 2040 2108 2041 2114 2115 2040 2041 2115 
2040 2115 2110 2040 2110 2108 2115 2114 2116 
2039 2112 2042 2044 2117 2118 2042 2117 2044 
2042 2113 2117 2042 2112 2113 2117 2119 2118 
2120 2121 2122 2120 2123 2124 2122 2123 2120 
2124 2125 2126 2123 2125 2124 2126 2127 2128 
2125 2127 2126 2041 2045 2114 2128 2127 2129 
2114 2045 2046 2114 2046 2116 2116 2046 2130 
2044 2118 2047 2118 2119 2131 2118 2131 2047 
2047 2131 2048 2050 2132 2133 2050 2048 2132 
2048 2131 2132 2133 2134 2135 2132 2134 2133 
2135 2136 2137 2134 2136 2135 2137 2138 2139 
2136 2138 2137 2139 2140 2141 2138 2140 2139 
2141 2142 2143 2140 2142 2141 2143 2144 2145 
2142 2144 2143 2145 2146 2147 2144 2146 2145 
2147 2053 2052 2147 2146 2053 2146 2148 2053 
2121 2120 2054 2121 2054 2148 2148 2054 2053 
2056 2054 2120 2124 2056 2120 2058 2056 2124 
2126 2058 2124 2060 2058 2126 2128 2060 2126 
2128 2129 2149 2128 2149 2060 2060 2149 2062 
2130 2046 2062 2149 2130 2062 2050 2133 2064 
2065 2064 2133 2135 2065 2133 2066 2065 2135 
2137 2066 2135 2068 2066 2137 2139 2068 2137 
2070 2068 2139 2141 2070 2139 2072 2070 2141 
2143 2072 2141 2074 2072 2143 2145 2074 2143 
2075 2074 2145 2147 2075 2145 2052 2075 2147 
2150 2151 2152 2150 2153 2154 2151 2150 2154 
2153 2155 2156 2154 2153 2156 2155 2157 2158 
2156 2155 2158 2158 2157 2159 2160 2161 2162 
2160 2078 2077 2160 2077 2161 2161 2077 2163 
2152 2080 2150 2152 2163 2080 2163 2077 2080 
2082 2150 2080 2153 2150 2082 2083 2153 2082 
2155 2153 2083 2084 2155 2083 2157 2155 2084 
2157 2164 2159 2157 2084 2164 2084 2085 2164 
2087 2165 2085 2085 2165 2164 2165 2087 2088 
2166 2165 2088 2090 2167 2168 2091 2090 2168 
2162 2092 2160 2162 2167 2092 2167 2090 2092 
2078 2160 2092 2088 2169 2166 2093 2169 2088 
2095 2170 2093 2093 2170 2169 2096 2171 2172 
2096 2172 2095 2095 2172 2170 2172 2171 2173 
2098 2174 2175 2099 2098 2175 2168 2098 2091 
2174 2098 2168 2096 2100 2171 2101 2176 2177 
2100 2101 2177 2100 2177 2173 2100 2173 2171 
2177 2176 2178 2099 2175 2102 2175 2179 2102 
2101 2103 2176 2105 2180 2181 2103 2105 2181 
2103 2181 2178 2103 2178 2176 2181 2180 2182 
2106 2183 2107 2106 2184 2183 2106 2102 2184 
2102 2179 2184 2105 2109 2180 2110 2185 2186 
2109 2110 2186 2109 2186 2182 2109 2182 2180 
2186 2185 2187 2107 2183 2111 2183 2113 2111 
2183 2184 2113 2184 2188 2113 2110 2115 2185 
2116 2189 2190 2115 2116 2190 2115 2190 2187 
2115 2187 2185 2190 2189 2191 2113 2188 2192 
2117 2113 2192 2119 2193 2194 2119 2117 2193 
2117 2192 2193 2194 2195 2196 2193 2195 2194 
2195 2197 2196 2198 2199 2200 2198 2201 2202 
2200 2201 2198 2202 2122 2121 2202 2201 2122 
2201 2203 2122 2123 2122 2204 2122 2203 2204 
2125 2123 2205 2123 2204 2205 2127 2125 2206 
2125 2205 2206 2129 2207 2208 2129 2127 2207 
2127 2206 2207 2189 2207 2209 2189 2130 2207 
2189 2116 2130 2130 2208 2207 2191 2189 2209 
2119 2194 2131 2132 2131 2194 2196 2132 2194 
2196 2197 2210 2196 2210 2132 2132 2210 2134 
2136 2134 2211 2134 2210 2211 2138 2136 2212 
2136 2211 2212 2140 2138 2213 2138 2212 2213 
2142 2140 2214 2140 2213 2214 2144 2142 2215 
2142 2214 2215 2199 2198 2146 2199 2146 2215 
2215 2146 2144 2148 2146 2198 2202 2148 2198 
2121 2148 2202 2129 2208 2149 2130 2149 2208 
2216 2217 2218 2216 2152 2151 2216 2151 2217 
2217 2151 2219 2154 2220 2151 2151 2220 2219 
2156 2221 2154 2154 2221 2220 2158 2222 2156 
2156 2222 2221 2222 2158 2159 2223 2222 2159 
2161 2224 2225 2162 2161 2225 2218 2163 2216 
2218 2224 2163 2224 2161 2163 2152 2216 2163 
2159 2226 2223 2164 2226 2159 2165 2227 2164 
2164 2227 2226 2166 2228 2229 2166 2229 2165 
2165 2229 2227 2229 2228 2230 2167 2231 2168 
2167 2232 2231 2167 2162 2232 2162 2225 2232 
2166 2169 2228 2228 2233 2230 2228 2169 2233 
2169 2170 2233 2172 2234 2170 2170 2234 2233 
2173 2235 2236 2173 2236 2172 2172 2236 2234 
2236 2235 2237 2174 2238 2175 2174 2239 2238 
2168 2239 2174 2168 2240 2239 2168 2231 2240 
2232 2240 2231 2173 2177 2235 2178 2241 2242 
2177 2178 2242 2177 2242 2237 2177 2237 2235 
2242 2241 2243 2238 2244 2245 2238 2245 2175 
2175 2245 2179 2239 2244 2238 2178 2181 2241 
2182 2246 2247 2181 2182 2247 2181 2247 2243 
2181 2243 2241 2247 2246 2248 2179 2245 2184 
2245 2249 2184 2182 2186 2246 2187 2250 2251 
2186 2187 2251 2186 2251 2248 2186 2248 2246 
2251 2250 2252 2253 2254 2188 2253 2188 2249 
2249 2188 2184 2254 2255 2256 2253 2255 2254 
2255 2257 2256 2258 2259 2260 2258 2261 2262 
2260 2261 2258 2262 2263 2264 2261 2263 2262 
2264 2265 2266 2263 2265 2264 2266 2267 2268 
2265 2267 2266 2267 2269 2268 2187 2190 2250 
2250 2190 2191 2250 2191 2252 2252 2191 2270 
2188 2254 2192 2193 2192 2254 2256 2193 2254 
2256 2257 2271 2256 2271 2193 2193 2271 2195 
2197 2272 2273 2197 2195 2272 2195 2271 2272 
2273 2274 2275 2272 2274 2273 2275 2276 2277 
2274 2276 2275 2277 2278 2279 2276 2278 2277 
2279 2280 2281 2278 2280 2279 2281 2282 2283 
2280 2282 2281 2283 2200 2199 2283 2282 2200 
2282 2284 2200 2259 2258 2201 2259 2201 2284 
2284 2201 2200 2203 2201 2258 2262 2203 2258 
2204 2203 2262 2264 2204 2262 2205 2204 2264 
2266 2205 2264 2206 2205 2266 2268 2206 2266 
2268 2269 2285 2268 2285 2206 2206 2285 2207 
2209 2207 2286 2207 2285 2286 2270 2191 2209 
2286 2270 2209 2197 2273 2210 2211 2210 2273 
2275 2211 2273 2212 2211 2275 2277 2212 2275 
2213 2212 2277 2279 2213 2277 2214 2213 2279 
2281 2214 2279 2215 2214 2281 2283 2215 2281 
2199 2215 2283 2217 2287 2288 2218 2217 2288 
2219 2289 2217 2217 2289 2287 2220 2290 2219 
2219 2290 2289 2221 2291 2220 2220 2291 2290 
2222 2292 2221 2221 2292 2291 2292 2222 2223 
2293 2292 2223 2224 2294 2295 2225 2224 2295 
2288 2224 2218 2294 2224 2288 2223 2296 2293 
2226 2296 2223 2227 2297 2226 2226 2297 2296 
2229 2298 2227 2227 2298 2297 2230 2299 2300 
2230 2300 2229 2229 2300 2298 2299 2301 2302 
2300 2299 2302 2302 2301 2303 2225 2295 2232 
2295 2304 2232 2230 2233 2299 2234 2299 2233 
2301 2299 2234 2301 2305 2303 2301 2234 2305 
2234 2236 2305 2237 2306 2307 2237 2307 2236 
2236 2307 2305 2307 2306 2308 2240 2309 2310 
2239 2240 2310 2304 2240 2232 2309 2240 2304 
2237 2242 2306 2243 2311 2312 2242 2243 2312 
2242 2312 2308 2242 2308 2306 2312 2311 2313 
2244 2314 2315 2245 2244 2315 2310 2244 2239 
2314 2244 2310 2243 2247 2311 2248 2316 2317 
2247 2248 2317 2247 2317 2313 2247 2313 2311 
2317 2316 2318 2319 2320 2249 2319 2249 2315 
2315 2249 2245 2319 2321 2320 2322 2323 2324 
2322 2325 2326 2324 2325 2322 2325 2327 2326 
2248 2251 2316 2252 2328 2329 2251 2252 2329 
2251 2329 2318 2251 2318 2316 2328 2330 2331 
2329 2328 2331 2331 2330 2332 2249 2320 2253 
2320 2321 2333 2320 2333 2253 2253 2333 2255 
2257 2334 2335 2257 2255 2334 2255 2333 2334 
2335 2336 2337 2334 2336 2335 2336 2338 2337 
2339 2340 2341 2339 2260 2259 2339 2341 2260 
2341 2342 2260 2261 2260 2343 2260 2342 2343 
2323 2322 2263 2323 2263 2343 2343 2263 2261 
2265 2263 2322 2326 2265 2322 2326 2327 2344 
2326 2344 2265 2265 2344 2267 2269 2345 2346 
2269 2267 2345 2267 2344 2345 2346 2347 2348 
2345 2347 2346 2270 2347 2252 2270 2348 2347 
2252 2347 2328 2349 2350 2347 2328 2347 2350 
2351 2352 2330 2351 2330 2350 2350 2330 2328 
2332 2330 2352 2257 2335 2271 2272 2271 2335 
2337 2272 2335 2337 2338 2353 2337 2353 2272 
2272 2353 2274 2276 2274 2354 2274 2353 2354 
2278 2276 2355 2276 2354 2355 2280 2278 2356 
2278 2355 2356 2282 2280 2357 2280 2356 2357 
2340 2339 2284 2340 2284 2357 2357 2284 2282 
2259 2284 2339 2269 2346 2285 2286 2285 2346 
2348 2286 2346 2350 2349 2358 2270 2286 2348 
2351 2350 2358 2359 2360 2361 2359 2362 2363 
2360 2359 2363 2362 2364 2365 2363 2362 2365 
2365 2364 2366 2287 2367 2368 2288 2287 2368 
2289 2369 2287 2287 2369 2367 2361 2290 2359 
2361 2369 2290 2369 2289 2290 2291 2359 2290 
2362 2359 2291 2292 2362 2291 2364 2362 2292 
2293 2370 2371 2292 2293 2371 2292 2371 2366 
2292 2366 2364 2370 2372 2373 2371 2370 2373 
2372 2374 2375 2373 2372 2375 2375 2374 2376 
2294 2377 2378 2295 2294 2378 2368 2294 2288 
2377 2294 2368 2293 2296 2370 2297 2370 2296 
2372 2370 2297 2298 2372 2297 2374 2372 2298 
2374 2379 2376 2374 2298 2379 2298 2300 2379 
2302 2380 2300 2300 2380 2379 2303 2381 2382 
2303 2382 2302 2302 2382 2380 2381 2383 2384 
2382 2381 2384 2384 2383 2385 2295 2378 2304 
2378 2386 2304 2303 2305 2381 2307 2381 2305 
2383 2381 2307 2308 2387 2388 2307 2308 2388 
2307 2388 2385 2307 2385 2383 2387 2389 2390 
2388 2387 2390 2390 2389 2391 2309 2392 2393 
2310 2309 2393 2386 2309 2304 2392 2309 2386 
2308 2312 2387 2313 2387 2312 2313 2394 2387 
2394 2389 2387 2395 2391 2389 2395 2389 2396 
2396 2389 2394 2396 2397 2398 2395 2396 2398 
2398 2397 2399 2314 2400 2401 2315 2314 2401 
2393 2314 2310 2400 2314 2393 2313 2317 2394 
2318 2394 2317 2318 2402 2394 2402 2396 2394 
2397 2396 2403 2403 2396 2402 2404 2399 2397 
2404 2397 2405 2405 2397 2403 2404 2405 2406 
2315 2401 2407 2319 2315 2407 2321 2408 2409 
2321 2319 2408 2319 2407 2408 2409 2410 2411 
2408 2410 2409 2410 2412 2411 2413 2414 2415 
2413 2416 2417 2415 2416 2413 2417 2324 2323 
2417 2416 2324 2416 2418 2324 2325 2324 2419 
2324 2418 2419 2327 2420 2421 2327 2325 2420 
2325 2419 2420 2421 2422 2423 2420 2422 2421 
2423 2424 2425 2422 2424 2423 2318 2329 2402 
2425 2424 2426 2331 2402 2329 2403 2402 2331 
2332 2403 2331 2332 2427 2403 2427 2405 2403 
2428 2406 2405 2427 2428 2405 2321 2409 2333 
2334 2333 2409 2411 2334 2409 2411 2412 2429 
2411 2429 2334 2334 2429 2336 2338 2430 2431 
2338 2336 2430 2336 2429 2430 2431 2432 2433 
2430 2432 2431 2433 2434 2435 2432 2434 2433 
2435 2436 2437 2434 2436 2435 2437 2438 2439 
2436 2438 2437 2439 2341 2340 2439 2438 2341 
2438 2440 2341 2414 2413 2342 2414 2342 2440 
2440 2342 2341 2343 2342 2413 2417 2343 2413 
2323 2343 2417 2327 2421 2344 2345 2344 2421 
2423 2345 2421 2347 2345 2423 2425 2347 2423 
2349 2441 2442 2347 2441 2349 2347 2426 2441 
2347 2425 2426 2442 2352 2351 2442 2441 2352 
2441 2443 2352 2427 2332 2352 2427 2352 2444 
2444 2352 2443 2428 2427 2444 2338 2431 2353 
2354 2353 2431 2433 2354 2431 2355 2354 2433 
2435 2355 2433 2356 2355 2435 2437 2356 2435 
2357 2356 2437 2439 2357 2437 2340 2357 2439 
2349 2442 2358 2351 2358 2442 2445 2446 2447 
2445 2448 2449 2446 2445 2449 2449 2448 2450 
2451 2452 2453 2451 2361 2360 2451 2360 2452 
2452 2360 2454 2363 2455 2360 2360 2455 2454 
2447 2365 2445 2447 2455 2365 2455 2363 2365 
2366 2445 2365 2366 2456 2445 2456 2448 2445 
2457 2450 2448 2457 2448 2458 2458 2448 2456 
2457 2458 2459 2367 2460 2461 2368 2367 2461 
2453 2369 2451 2453 2460 2369 2460 2367 2369 
2361 2451 2369 2366 2371 2456 2373 2456 2371 
2458 2456 2373 2458 2462 2459 2458 2373 2462 
2373 2375 2462 2376 2463 2464 2376 2464 2375 
2375 2464 2462 2463 2465 2466 2464 2463 2466 
2465 2467 2468 2466 2465 2468 2467 2469 2470 
2468 2467 2470 2469 2471 2472 2470 2469 2472 
2472 2471 2473 2377 2474 2475 2378 2377 2475 
2461 2377 2368 2474 2377 2461 2376 2379 2463 
2380 2463 2379 2465 2463 2380 2382 2465 2380 
2467 2465 2382 2384 2467 2382 2469 2467 2384 
2385 2469 2384 2385 2476 2469 2476 2471 2469 
2477 2473 2471 2477 2471 2478 2478 2471 2476 
2477 2478 2479 2378 2475 2386 2475 2480 2386 
2385 2388 2476 2390 2476 2388 2478 2476 2390 
2391 2481 2482 2390 2391 2482 2390 2482 2479 
2390 2479 2478 2481 2483 2484 2482 2481 2484 
2484 2483 2485 2392 2486 2393 2392 2487 2486 
2392 2386 2487 2386 2480 2487 2391 2395 2481 
2398 2481 2395 2483 2481 2398 2399 2488 2489 
2398 2399 2489 2398 2489 2485 2398 2485 2483 
2488 2490 2491 2489 2488 2491 2491 2490 2492 
2400 2493 2401 2400 2494 2493 2393 2494 2400 
2393 2495 2494 2393 2486 2495 2487 2495 2486 
2496 2497 2498 2496 2499 2500 2498 2499 2496 
2500 2501 2502 2499 2501 2500 2502 2503 2504 
2501 2503 2502 2504 2505 2506 2503 2505 2504 
2506 2507 2508 2505 2507 2506 2507 2509 2508 
2399 2404 2488 2406 2488 2404 2406 2510 2488 
2510 2490 2488 2511 2492 2490 2510 2511 2490 
2401 2493 2407 2493 2494 2512 2493 2512 2407 
2407 2512 2408 2410 2408 2513 2408 2512 2513 
2412 2514 2515 2412 2410 2514 2410 2513 2514 
2515 2516 2517 2514 2516 2515 2517 2518 2519 
2516 2518 2517 2519 2520 2521 2518 2520 2519 
2521 2522 2523 2520 2522 2521 2523 2524 2525 
2522 2524 2523 2525 2526 2527 2524 2526 2525 
2527 2415 2414 2527 2526 2415 2526 2528 2415 
2497 2496 2416 2497 2416 2528 2528 2416 2415 
2418 2416 2496 2500 2418 2496 2419 2418 2500 
2502 2419 2500 2420 2419 2502 2504 2420 2502 
2422 2420 2504 2506 2422 2504 2424 2422 2506 
2508 2424 2506 2426 2529 2530 2424 2529 2426 
2424 2509 2529 2424 2508 2509 2530 2531 2532 
2529 2531 2530 2532 2533 2534 2531 2533 2532 
2510 2533 2535 2510 2428 2533 2510 2406 2428 
2428 2534 2533 2511 2510 2535 2412 2515 2429 
2430 2429 2515 2517 2430 2515 2432 2430 2517 
2519 2432 2517 2434 2432 2519 2521 2434 2519 
2436 2434 2521 2523 2436 2521 2438 2436 2523 
2525 2438 2523 2440 2438 2525 2527 2440 2525 
2414 2440 2527 2426 2530 2441 2443 2441 2530 
2532 2443 2530 2444 2443 2532 2534 2444 2532 
2428 2444 2534 2536 2537 2538 2536 2539 2540 
2537 2536 2540 2540 2539 2541 2542 2543 2544 
2542 2447 2446 2542 2446 2543 2543 2446 2545 
2538 2449 2536 2538 2545 2449 2545 2446 2449 
2450 2536 2449 2450 2546 2536 2546 2539 2536 
2547 2541 2539 2546 2547 2539 2452 2548 2453 
2549 2548 2452 2549 2452 2550 2550 2452 2454 
2544 2455 2542 2544 2550 2455 2550 2454 2455 
2447 2542 2455 2450 2457 2546 2459 2551 2552 
2457 2459 2552 2457 2552 2547 2457 2547 2546 
2551 2553 2554 2552 2551 2554 2553 2555 2556 
2554 2553 2556 2555 2557 2558 2556 2555 2558 
2557 2559 2560 2558 2557 2560 2559 2561 2562 
2560 2559 2562 2562 2561 2563 2460 2564 2565 
2461 2460 2565 2548 2460 2453 2548 2566 2460 
2566 2564 2460 2549 2566 2548 2459 2462 2551 
2464 2551 2462 2553 2551 2464 2466 2553 2464 
2555 2553 2466 2468 2555 2466 2557 2555 2468 
2470 2557 2468 2559 2557 2470 2472 2559 2470 
2561 2559 2472 2473 2567 2568 2472 2473 2568 
2472 2568 2563 2472 2563 2561 2567 2569 2570 
2568 2567 2570 2570 2569 2571 2474 2572 2573 
2475 2474 2573 2565 2474 2461 2572 2474 2565 
2473 2477 2567 2479 2567 2477 2479 2574 2567 
2574 2569 2567 2575 2571 2569 2575 2569 2576 
2576 2569 2574 2576 2577 2578 2575 2576 2578 
2578 2577 2579 2475 2573 2480 2573 2580 2480 
2479 2482 2574 2484 2574 2482 2576 2574 2484 
2485 2576 2484 2485 2581 2576 2581 2577 2576 
2582 2579 2577 2582 2577 2583 2583 2577 2581 
2583 2584 2585 2582 2583 2585 2585 2584 2586 
2480 2580 2487 2580 2587 2487 2588 2589 2590 
2588 2591 2592 2590 2591 2588 2592 2593 2594 
2591 2593 2592 2593 2595 2594 2485 2489 2581 
2491 2581 2489 2583 2581 2491 2492 2583 2491 
2492 2596 2583 2596 2584 2583 2597 2586 2584 
2597 2584 2598 2598 2584 2596 2597 2598 2599 
2495 2600 2494 2601 2487 2587 2601 2600 2487 
2601 2602 2600 2600 2495 2487 2602 2603 2604 
2601 2603 2602 2603 2605 2604 2606 2607 2608 
2606 2609 2610 2608 2609 2606 2610 2498 2497 
2610 2609 2498 2609 2611 2498 2499 2498 2612 
2498 2611 2612 2589 2588 2501 2589 2501 2612 
2612 2501 2499 2503 2501 2588 2592 2503 2588 
2505 2503 2592 2594 2505 2592 2594 2595 2613 
2594 2613 2505 2505 2613 2507 2509 2614 2615 
2509 2507 2614 2507 2613 2614 2615 2616 2617 
2614 2616 2615 2617 2618 2619 2616 2618 2617 
2618 2620 2619 2596 2621 2622 2596 2492 2621 
2492 2511 2621 2598 2596 2622 2623 2598 2622 
2599 2598 2623 2494 2600 2512 2513 2512 2600 
2602 2513 2600 2514 2513 2602 2604 2514 2602 
2604 2605 2624 2604 2624 2514 2514 2624 2516 
2518 2516 2625 2516 2624 2625 2520 2518 2626 
2518 2625 2626 2522 2520 2627 2520 2626 2627 
2524 2522 2628 2522 2627 2628 2607 2606 2526 
2607 2526 2628 2628 2526 2524 2528 2526 2606 
2610 2528 2606 2497 2528 2610 2509 2615 2529 
2531 2529 2615 2617 2531 2615 2533 2531 2617 
2619 2533 2617 2619 2620 2629 2619 2629 2533 
2533 2629 2535 2621 2511 2535 2629 2621 2535 
2630 2631 2632 2631 2630 2633 2634 2635 2636 
2634 2538 2537 2634 2537 2635 2635 2537 2637 
2632 2540 2630 2632 2637 2540 2637 2537 2540 
2541 2638 2639 2540 2541 2639 2540 2639 2633 
2540 2633 2630 2639 2638 2640 2543 2641 2642 
2544 2543 2642 2636 2545 2634 2636 2641 2545 
2641 2543 2545 2538 2634 2545 2638 2547 2643 
2541 2547 2638 2644 2640 2638 2644 2638 2645 
2645 2638 2643 2645 2646 2647 2644 2645 2647 
2646 2648 2649 2647 2646 2649 2648 2650 2651 
2649 2648 2651 2651 2650 2652 2653 2654 2655 
2653 2549 2550 2653 2550 2654 2654 2550 2656 
2642 2550 2544 2656 2550 2642 2547 2552 2643 
2554 2643 2552 2645 2643 2554 2556 2645 2554 
2646 2645 2556 2558 2646 2556 2648 2646 2558 
2560 2648 2558 2650 2648 2560 2650 2657 2652 
2650 2560 2657 2560 2562 2657 2563 2658 2659 
2563 2659 2562 2562 2659 2657 2658 2660 2661 
2659 2658 2661 2660 2662 2663 2661 2660 2663 
2662 2664 2665 2663 2662 2665 2665 2664 2666 
2564 2667 2668 2565 2564 2668 2655 2566 2653 
2655 2667 2566 2667 2564 2566 2549 2653 2566 
2563 2568 2658 2570 2658 2568 2660 2658 2570 
2571 2660 2570 2571 2669 2660 2669 2662 2660 
2664 2662 2670 2670 2662 2669 2671 2666 2664 
2670 2671 2664 2572 2672 2673 2573 2572 2673 
2668 2572 2565 2672 2572 2668 2571 2575 2669 
2578 2669 2575 2670 2669 2578 2579 2674 2675 
2578 2579 2675 2578 2675 2671 2578 2671 2670 
2675 2674 2676 2677 2678 2580 2677 2580 2673 
2673 2580 2573 2677 2679 2678 2579 2582 2674 
2674 2680 2676 2674 2582 2680 2582 2585 2680 
2586 2681 2682 2586 2682 2585 2585 2682 2680 
2682 2681 2683 2678 2684 2685 2678 2685 2580 
2580 2685 2587 2679 2684 2678 2686 2687 2688 
2686 2689 2690 2688 2689 2686 2690 2590 2589 
2690 2689 2590 2689 2691 2590 2591 2590 2692 
2590 2691 2692 2593 2591 2693 2591 2692 2693 
2595 2694 2695 2595 2593 2694 2593 2693 2694 
2695 2696 2697 2694 2696 2695 2697 2698 2699 
2696 2698 2697 2698 2700 2699 2586 2597 2681 
2681 2597 2599 2681 2599 2683 2683 2599 2701 
2587 2685 2702 2601 2587 2702 2603 2601 2703 
2601 2702 2703 2605 2704 2705 2605 2603 2704 
2603 2703 2704 2705 2706 2707 2704 2706 2705 
2707 2708 2709 2706 2708 2707 2709 2710 2711 
2708 2710 2709 2711 2712 2713 2710 2712 2711 
2713 2608 2607 2713 2712 2608 2712 2714 2608 
2609 2608 2715 2608 2714 2715 2687 2686 2611 
2687 2611 2715 2715 2611 2609 2612 2611 2686 
2690 2612 2686 2589 2612 2690 2595 2695 2613 
2614 2613 2695 2697 2614 2695 2616 2614 2697 
2699 2616 2697 2699 2700 2716 2699 2716 2616 
2616 2716 2618 2620 2717 2718 2620 2618 2717 
2618 2716 2717 2718 2622 2621 2718 2717 2622 
2717 2719 2622 2623 2622 2720 2622 2719 2720 
2701 2599 2623 2720 2701 2623 2605 2705 2624 
2625 2624 2705 2707 2625 2705 2626 2625 2707 
2709 2626 2707 2627 2626 2709 2711 2627 2709 
2628 2627 2711 2713 2628 2711 2607 2628 2713 
2620 2718 2629 2621 2629 2718 2721 2722 2723 
2721 2724 2725 2722 2721 2725 2725 2724 2726 
2727 2728 2729 2723 2728 2727 2721 2723 2727 
2721 2727 2632 2721 2632 2631 2633 2721 2631 
2633 2730 2721 2730 2724 2721 2731 2726 2724 
2731 2724 2732 2732 2724 2730 2732 2733 2734 
2731 2732 2734 2734 2733 2735 2736 2737 2738 
2736 2636 2635 2736 2635 2737 2737 2635 2739 
2729 2637 2727 2729 2739 2637 2739 2635 2637 
2632 2727 2637 2633 2639 2730 2640 2730 2639 
2640 2740 2730 2740 2732 2730 2733 2732 2741 
2741 2732 2740 2742 2735 2733 2742 2733 2743 
2743 2733 2741 2743 2744 2745 2742 2743 2745 
2745 2744 2746 2747 2748 2749 2738 2748 2747 
2736 2738 2747 2736 2747 2642 2736 2642 2641 
2636 2736 2641 2640 2644 2740 2647 2740 2644 
2741 2740 2647 2649 2741 2647 2743 2741 2649 
2651 2743 2649 2744 2743 2651 2652 2750 2751 
2651 2652 2751 2651 2751 2746 2651 2746 2744 
2750 2752 2753 2751 2750 2753 2752 2754 2755 
2753 2752 2755 2754 2756 2757 2755 2754 2757 
2756 2758 2759 2757 2756 2759 2759 2758 2760 
2654 2761 2655 2747 2749 2762 2747 2762 2654 
2747 2654 2656 2761 2654 2762 2642 2747 2656 
2652 2657 2750 2659 2750 2657 2752 2750 2659 
2661 2752 2659 2754 2752 2661 2663 2754 2661 
2756 2754 2663 2665 2756 2663 2758 2756 2665 
2666 2763 2764 2665 2666 2764 2665 2764 2760 
2665 2760 2758 2764 2763 2765 2667 2766 2668 
2667 2767 2766 2655 2767 2667 2655 2768 2767 
2655 2761 2768 2762 2768 2761 2763 2671 2769 
2666 2671 2763 2770 2765 2763 2769 2770 2763 
2672 2771 2673 2672 2772 2771 2668 2772 2672 
2668 2773 2772 2668 2766 2773 2767 2773 2766 
2671 2675 2769 2676 2774 2775 2675 2676 2775 
2675 2775 2770 2675 2770 2769 2774 2776 2777 
2775 2774 2777 2777 2776 2778 2673 2771 2677 
2771 2679 2677 2771 2772 2679 2772 2779 2679 
2780 2781 2782 2780 2783 2784 2782 2783 2780 
2784 2785 2786 2783 2785 2784 2786 2787 2788 
2785 2787 2786 2788 2789 2790 2787 2789 2788 
2790 2791 2792 2789 2791 2790 2792 2793 2794 
2791 2793 2792 2793 2795 2794 2676 2680 2774 
2682 2774 2680 2776 2774 2682 2683 2796 2797 
2682 2683 2797 2682 2797 2778 2682 2778 2776 
2797 2796 2798 2684 2799 2800 2685 2684 2800 
2779 2801 2679 2779 2802 2801 2679 2801 2684 
2803 2799 2801 2684 2801 2799 2801 2804 2805 
2802 2804 2801 2805 2806 2807 2804 2806 2805 
2806 2808 2807 2809 2810 2811 2809 2688 2687 
2809 2811 2688 2811 2812 2688 2781 2780 2689 
2781 2689 2812 2812 2689 2688 2691 2689 2780 
2784 2691 2780 2692 2691 2784 2786 2692 2784 
2693 2692 2786 2788 2693 2786 2694 2693 2788 
2790 2694 2788 2696 2694 2790 2792 2696 2790 
2698 2696 2792 2794 2698 2792 2700 2813 2814 
2698 2813 2700 2698 2795 2813 2698 2794 2795 
2813 2815 2814 2816 2817 2818 2796 2818 2819 
2796 2701 2818 2796 2683 2701 2701 2816 2818 
2798 2796 2819 2685 2800 2820 2702 2685 2820 
2803 2801 2703 2803 2703 2820 2820 2703 2702 
2704 2703 2801 2805 2704 2801 2706 2704 2805 
2807 2706 2805 2807 2808 2821 2807 2821 2706 
2706 2821 2708 2710 2708 2822 2708 2821 2822 
2712 2710 2823 2710 2822 2823 2714 2712 2824 
2712 2823 2824 2810 2809 2715 2810 2715 2824 
2824 2715 2714 2687 2715 2809 2700 2814 2716 
2814 2815 2825 2814 2825 2716 2716 2825 2717 
2719 2717 2826 2717 2825 2826 2817 2816 2720 
2817 2720 2826 2826 2720 2719 2701 2720 2816 
2827 2828 2829 2827 2723 2722 2827 2722 2828 
2828 2722 2830 2725 2831 2722 2722 2831 2830 
2726 2832 2833 2726 2833 2725 2725 2833 2831 
2832 2834 2835 2833 2832 2835 2834 2836 2837 
2835 2834 2837 2837 2836 2838 2839 2840 2841 
2829 2840 2839 2827 2829 2839 2827 2839 2729 
2827 2729 2728 2723 2827 2728 2726 2731 2832 
2734 2832 2731 2834 2832 2734 2735 2834 2734 
2735 2842 2834 2842 2836 2834 2843 2838 2836 
2843 2836 2844 2844 2836 2842 2844 2845 2846 
2843 2844 2846 2845 2847 2848 2846 2845 2848 
2848 2847 2849 2737 2850 2851 2738 2737 2851 
2841 2739 2839 2841 2850 2739 2850 2737 2739 
2729 2839 2739 2735 2742 2842 2745 2842 2742 
2844 2842 2745 2746 2844 2745 2746 2852 2844 
2852 2845 2844 2847 2845 2853 2853 2845 2852 
2854 2849 2847 2854 2847 2855 2855 2847 2853 
2855 2856 2857 2854 2855 2857 2856 2858 2859 
2857 2856 2859 2859 2858 2860 2748 2861 2749 
2748 2862 2861 2748 2738 2862 2738 2851 2862 
2746 2751 2852 2753 2852 2751 2853 2852 2753 
2755 2853 2753 2855 2853 2755 2757 2855 2755 
2856 2855 2757 2759 2856 2757 2858 2856 2759 
2760 2863 2864 2759 2760 2864 2759 2864 2860 
2759 2860 2858 2863 2865 2866 2864 2863 2866 
2866 2865 2867 2861 2868 2869 2861 2869 2749 
2749 2869 2762 2862 2868 2861 2760 2764 2863 
2765 2863 2764 2765 2870 2863 2870 2865 2863 
2871 2867 2865 2870 2871 2865 2768 2872 2873 
2767 2768 2873 2869 2768 2762 2872 2768 2869 
2870 2770 2874 2765 2770 2870 2875 2871 2870 
2875 2870 2876 2876 2870 2874 2875 2876 2877 
2773 2878 2879 2772 2773 2879 2873 2773 2767 
2878 2773 2873 2880 2881 2882 2880 2883 2884 
2882 2883 2880 2884 2885 2886 2883 2885 2884 
2886 2887 2888 2885 2887 2886 2888 2889 2890 
2887 2889 2888 2889 2891 2890 2770 2775 2874 
2777 2874 2775 2876 2874 2777 2778 2892 2893 
2777 2778 2893 2777 2893 2877 2777 2877 2876 
2893 2892 2894 2772 2879 2779 2879 2895 2779 
2896 2897 2898 2896 2899 2900 2898 2899 2896 
2900 2782 2781 2900 2899 2782 2899 2901 2782 
2783 2782 2902 2782 2901 2902 2881 2880 2785 
2881 2785 2902 2902 2785 2783 2787 2785 2880 
2884 2787 2880 2789 2787 2884 2886 2789 2884 
2791 2789 2886 2888 2791 2886 2793 2791 2888 
2890 2793 2888 2795 2903 2904 2793 2903 2795 
2793 2891 2903 2793 2890 2891 2903 2905 2904 
2778 2797 2892 2892 2797 2798 2892 2798 2894 
2894 2798 2906 2799 2907 2800 2779 2895 2908 
2779 2908 2802 2803 2907 2799 2804 2802 2909 
2802 2908 2909 2806 2804 2910 2804 2909 2910 
2808 2911 2912 2808 2806 2911 2806 2910 2911 
2912 2913 2914 2911 2913 2912 2914 2915 2916 
2913 2915 2914 2916 2917 2918 2915 2917 2916 
2897 2918 2917 2896 2918 2897 2896 2810 2918 
2896 2811 2810 2812 2811 2896 2900 2812 2896 
2781 2812 2900 2795 2904 2813 2815 2919 2920 
2813 2919 2815 2813 2905 2919 2813 2904 2905 
2920 2921 2922 2919 2921 2920 2922 2818 2817 
2922 2921 2818 2921 2923 2818 2819 2818 2924 
2818 2923 2924 2906 2798 2819 2924 2906 2819 
2800 2907 2820 2803 2820 2907 2808 2912 2821 
2822 2821 2912 2914 2822 2912 2823 2822 2914 
2916 2823 2914 2824 2823 2916 2918 2824 2916 
2810 2824 2918 2815 2920 2825 2826 2825 2920 
2922 2826 2920 2817 2826 2922 2925 2926 2927 
2926 2925 2928 2929 2930 2931 2929 2932 2933 
2930 2929 2933 2932 2934 2935 2933 2932 2935 
2927 2935 2934 2927 2934 2925 2925 2934 2936 
2937 2928 2925 2936 2937 2925 2938 2939 2940 
2938 2941 2942 2939 2938 2942 2941 2943 2944 
2942 2941 2944 2943 2945 2946 2944 2943 2946 
2945 2947 2948 2946 2945 2948 2931 2948 2947 
2931 2947 2929 2929 2947 2949 2932 2929 2950 
2950 2929 2949 2934 2932 2951 2951 2932 2950 
2936 2934 2952 2952 2934 2951 2953 2937 2936 
2953 2936 2954 2954 2936 2952 2953 2954 2955 
2828 2956 2957 2829 2828 2957 2830 2958 2828 
2828 2958 2956 2940 2831 2938 2940 2958 2831 
2958 2830 2831 2833 2938 2831 2941 2938 2833 
2835 2941 2833 2943 2941 2835 2837 2943 2835 
2945 2943 2837 2838 2945 2837 2838 2959 2945 
2959 2947 2945 2949 2947 2960 2960 2947 2959 
2950 2949 2961 2961 2949 2960 2951 2950 2962 
2962 2950 2961 2952 2951 2963 2963 2951 2962 
2954 2952 2964 2964 2952 2963 2965 2955 2954 
2965 2954 2966 2966 2954 2964 2965 2966 2967 
2840 2968 2969 2841 2840 2969 2957 2840 2829 
2968 2840 2957 2838 2843 2959 2846 2959 2843 
2960 2959 2846 2848 2960 2846 2961 2960 2848 
2849 2961 2848 2849 2970 2961 2970 2962 2961 
2963 2962 2971 2971 2962 2970 2964 2963 2972 
2972 2963 2971 2966 2964 2973 2973 2964 2972 
2974 2967 2966 2974 2966 2975 2975 2966 2973 
2974 2975 2976 2850 2977 2978 2851 2850 2978 
2969 2850 2841 2977 2850 2969 2849 2854 2970 
2857 2970 2854 2971 2970 2857 2859 2971 2857 
2972 2971 2859 2860 2972 2859 2860 2979 2972 
2979 2973 2972 2975 2973 2980 2980 2973 2979 
2981 2976 2975 2980 2981 2975 2851 2978 2862 
2978 2982 2862 2860 2864 2979 2866 2979 2864 
2980 2979 2866 2867 2983 2984 2866 2867 2984 
2866 2984 2981 2866 2981 2980 2984 2983 2985 
2868 2986 2987 2869 2868 2987 2982 2868 2862 
2986 2868 2982 2983 2871 2988 2867 2871 2983 
2989 2985 2983 2988 2989 2983 2872 2990 2991 
2873 2872 2991 2987 2872 2869 2990 2872 2987 
2992 2993 2994 2992 2995 2996 2994 2995 2992 
2996 2997 2998 2995 2997 2996 2997 2999 2998 
2871 2875 2988 2877 3000 3001 2875 2877 3001 
2875 3001 2989 2875 2989 2988 3001 3000 3002 
2878 3003 2879 2878 3004 3003 2878 2873 3004 
2873 2991 3004 3005 3006 3007 3005 3008 3009 
3007 3008 3005 3009 3010 3011 3008 3010 3009 
3011 2882 2881 3011 3010 2882 3010 3012 2882 
2883 2882 3013 2882 3012 3013 2993 2992 2885 
2993 2885 3013 3013 2885 2883 2887 2885 2992 
2996 2887 2992 2889 2887 2996 2998 2889 2996 
2891 3014 3015 2889 3014 2891 2889 2999 3014 
2889 2998 2999 3014 3016 3015 2877 2893 3000 
3000 2893 2894 3000 2894 3002 3002 2894 3017 
3003 3018 2895 2879 3003 2895 3019 3003 3004 
3019 3020 3003 3020 3018 3003 3020 3021 3022 
3019 3021 3020 3022 3023 3024 3021 3023 3022 
3024 3025 3026 3023 3025 3024 3026 3027 3028 
3025 3027 3026 3028 3029 3030 3027 3029 3028 
3030 2898 2897 3030 3029 2898 3029 3031 2898 
3006 3005 2899 3006 2899 3031 3031 2899 2898 
2901 2899 3005 3009 2901 3005 2902 2901 3009 
3011 2902 3009 2881 2902 3011 2891 3015 2903 
2905 3032 3033 2903 3032 2905 2903 3016 3032 
2903 3015 3016 3032 3034 3033 3035 3036 3037 
3035 3037 3017 3035 3017 2906 2906 3017 2894 
2895 3018 2908 2909 2908 3018 3020 2909 3018 
2910 2909 3020 3022 2910 3020 2911 2910 3022 
3024 2911 3022 2913 2911 3024 3026 2913 3024 
2915 2913 3026 3028 2915 3026 2917 2915 3028 
3030 2917 3028 2897 2917 3030 2905 3033 2919 
3033 3034 3038 3033 3038 2919 2919 3038 2921 
2923 2921 3039 2921 3038 3039 3036 3035 2924 
3036 2924 3039 3039 2924 2923 2906 2924 3035 
3040 3041 3042 3041 3040 3043 3044 3045 3046 
3044 3047 3048 3045 3044 3048 3047 3049 3050 
3048 3047 3050 3049 3051 3052 3050 3049 3052 
3042 3052 3051 3042 3051 3040 3040 3051 3053 
3054 3043 3040 3054 3040 3055 3055 3040 3053 
3054 3055 3056 3057 3058 3059 3057 3060 3061 
3058 3057 3061 3046 3061 3060 3046 3060 3044 
3044 3060 3062 3047 3044 3063 3063 3044 3062 
2926 3063 2927 2926 3049 3063 3049 3047 3063 
2928 3049 2926 2928 3064 3049 3064 3051 3049 
3053 3051 3065 3065 3051 3064 3055 3053 3066 
3066 3053 3065 3067 3056 3055 3067 3055 3068 
3068 3055 3066 3067 3068 3069 3070 3071 3072 
3070 3073 3074 3071 3070 3074 3073 3075 3076 
3074 3073 3076 3059 3076 3075 3059 3075 3057 
3057 3075 3077 2930 3077 2931 2930 3060 3077 
3060 3057 3077 2933 3060 2930 3062 3060 2933 
2935 3062 2933 3063 3062 2935 2927 3063 2935 
3064 2937 3078 2928 2937 3064 3065 3064 3079 
3079 3064 3078 3066 3065 3080 3080 3065 3079 
3068 3066 3081 3081 3066 3080 3082 3069 3068 
3082 3068 3083 3083 3068 3081 3082 3083 3084 
3085 3086 3087 3085 2940 2939 3085 2939 3086 
3086 2939 3088 3072 2942 3070 3072 3088 2942 
3088 2939 2942 2944 3070 2942 3073 3070 2944 
2946 3073 2944 3075 3073 2946 2948 3075 2946 
3077 3075 2948 2931 3077 2948 2937 2953 3078 
2955 3078 2953 2955 3089 3078 3089 3079 3078 
3080 3079 3090 3090 3079 3089 3081 3080 3091 
3091 3080 3090 3092 3093 3083 3092 3083 3091 
3091 3083 3081 3084 3083 3093 2956 3094 3095 
2957 2956 3095 3087 2958 3085 3087 3094 2958 
3094 2956 2958 2940 3085 2958 2955 2965 3089 
2967 3089 2965 2967 3096 3089 3096 3090 3089 
3091 3090 3097 3097 3090 3096 3098 3092 3091 
3097 3098 3091 2968 3099 3100 2969 2968 3100 
3095 2968 2957 3099 2968 3095 2967 2974 3096 
2976 3096 2974 2976 3101 3096 3101 3097 3096 
3102 3098 3097 3101 3102 3097 2977 3103 2978 
2977 3104 3103 2977 2969 3104 2969 3100 3104 
3101 2981 3105 2976 2981 3101 3106 3102 3101 
3105 3106 3101 3103 3107 3108 3103 3108 2978 
2978 3108 2982 3104 3107 3103 2981 2984 3105 
3105 2984 2985 3105 2985 3106 3106 2985 3109 
2986 3110 3111 2987 2986 3111 3108 2986 2982 
3110 2986 3108 3112 2989 3113 3112 3109 2989 
3109 2985 2989 3112 3113 3114 2990 3115 2991 
2990 3116 3115 2990 2987 3116 2987 3111 3116 
3117 3118 3119 3117 3120 3121 3119 3120 3117 
3121 3122 3123 3120 3122 3121 3123 2994 2993 
3123 3122 2994 3122 3124 2994 2995 2994 3125 
2994 3124 3125 2997 2995 3126 2995 3125 3126 
2999 3127 3128 2999 2997 3127 2997 3126 3127 
3127 3129 3128 2989 3001 3113 3113 3001 3002 
3113 3002 3114 3114 3002 3130 3115 3131 3132 
3115 3132 2991 2991 3132 3004 3116 3131 3115 
3133 3134 3135 3133 3136 3137 3135 3136 3133 
3137 3138 3139 3136 3138 3137 3139 3140 3141 
3138 3140 3139 3141 3142 3143 3140 3142 3141 
3143 3007 3006 3143 3142 3007 3142 3144 3007 
3008 3007 3145 3007 3144 3145 3118 3117 3010 
3118 3010 3145 3145 3010 3008 3012 3010 3117 
3121 3012 3117 3013 3012 3121 3123 3013 3121 
2993 3013 3123 2999 3128 3014 3016 3146 3147 
3014 3146 3016 3014 3129 3146 3014 3128 3129 
3146 3148 3147 3149 3150 3151 3149 3151 3130 
3149 3130 3017 3017 3130 3002 3004 3132 3152 
3019 3004 3152 3021 3019 3153 3019 3152 3153 
3134 3133 3023 3134 3023 3153 3153 3023 3021 
3025 3023 3133 3137 3025 3133 3027 3025 3137 
3139 3027 3137 3029 3027 3139 3141 3029 3139 
3031 3029 3141 3143 3031 3141 3006 3031 3143 
3016 3147 3032 3034 3154 3155 3032 3154 3034 
3032 3148 3154 3032 3147 3148 3155 3156 3157 
3154 3156 3155 3150 3157 3156 3149 3157 3150 
3149 3036 3157 3149 3037 3036 3017 3037 3149 
3034 3155 3038 3039 3038 3155 3157 3039 3155 
3036 3039 3157 3158 3159 3160 3158 3161 3162 
3159 3158 3162 3161 3163 3164 3162 3161 3164 
3163 3042 3041 3163 3041 3164 3164 3041 3165 
3043 3166 3167 3043 3167 3041 3041 3167 3165 
3167 3166 3168 3169 3170 3171 3169 3172 3173 
3170 3169 3173 3172 3046 3045 3172 3045 3173 
3173 3045 3174 3160 3048 3158 3160 3174 3048 
3174 3045 3048 3050 3158 3048 3161 3158 3050 
3052 3161 3050 3163 3161 3052 3042 3163 3052 
3043 3054 3166 3056 3175 3176 3054 3056 3176 
3054 3176 3168 3054 3168 3166 3175 3177 3178 
3176 3175 3178 3178 3177 3179 3180 3181 3182 
3180 3183 3184 3181 3180 3184 3171 3184 3183 
3169 3171 3183 3169 3183 3059 3169 3059 3058 
3061 3169 3058 3172 3169 3061 3046 3172 3061 
3056 3067 3175 3069 3175 3067 3069 3185 3175 
3185 3177 3175 3186 3179 3177 3186 3177 3187 
3187 3177 3185 3187 3188 3189 3186 3187 3189 
3189 3188 3190 3191 3192 3193 3191 3072 3071 
3191 3071 3192 3192 3071 3194 3182 3074 3180 
3182 3194 3074 3194 3071 3074 3076 3180 3074 
3183 3180 3076 3059 3183 3076 3069 3082 3185 
3084 3185 3082 3084 3195 3185 3195 3187 3185 
3196 3197 3188 3196 3188 3195 3195 3188 3187 
3190 3188 3197 3086 3198 3199 3087 3086 3199 
3193 3088 3191 3193 3198 3088 3198 3086 3088 
3072 3191 3088 3093 3092 3200 3093 3200 3201 
3084 3093 3201 3084 3201 3202 3084 3202 3195 
3196 3195 3202 3094 3203 3204 3095 3094 3204 
3199 3094 3087 3203 3094 3199 3200 3098 3205 
3092 3098 3200 3206 3201 3200 3205 3206 3200 
3099 3207 3208 3100 3099 3208 3204 3099 3095 
3207 3099 3204 3205 3102 3209 3098 3102 3205 
3210 3206 3205 3209 3210 3205 3100 3208 3104 
3208 3211 3104 3209 3106 3212 3102 3106 3209 
3213 3210 3209 3212 3213 3209 3107 3214 3215 
3108 3107 3215 3211 3107 3104 3214 3107 3211 
3212 3109 3216 3106 3109 3212 3217 3213 3212 
3216 3217 3212 3110 3218 3111 3110 3219 3218 
3110 3108 3219 3108 3215 3219 3220 3221 3222 
3220 3223 3224 3222 3223 3220 3224 3225 3226 
3223 3225 3224 3226 3227 3228 3225 3227 3226 
3228 3229 3230 3227 3229 3228 3230 3231 3232 
3229 3231 3230 3232 3233 3234 3231 3233 3232 
3234 3235 3236 3233 3235 3234 3236 3237 3238 
3235 3237 3236 3238 3239 3240 3237 3239 3238 
3241 3109 3239 3241 3216 3109 3239 3109 3240 
3112 3242 3109 3240 3109 3242 3216 3241 3217 
3112 3114 3242 3218 3243 3244 3218 3244 3111 
3111 3244 3116 3219 3243 3218 3245 3246 3247 
3221 3245 3247 3220 3245 3221 3220 3118 3245 
3220 3119 3118 3120 3119 3220 3224 3120 3220 
3122 3120 3224 3226 3122 3224 3124 3122 3226 
3228 3124 3226 3125 3124 3228 3230 3125 3228 
3126 3125 3230 3232 3126 3230 3127 3126 3232 
3234 3127 3232 3129 3127 3234 3129 3234 3248 
3248 3234 3236 3238 3249 3236 3249 3248 3236 
3240 3250 3238 3250 3249 3238 3242 3251 3240 
3251 3250 3240 3114 3130 3251 3242 3114 3251 
3131 3252 3132 3253 3116 3244 3253 3252 3116 
3253 3254 3252 3252 3131 3116 3254 3135 3134 
3254 3253 3135 3253 3255 3135 3136 3135 3256 
3135 3255 3256 3138 3136 3257 3136 3256 3257 
3140 3138 3258 3138 3257 3258 3142 3140 3259 
3140 3258 3259 3144 3142 3260 3142 3259 3260 
3246 3245 3145 3246 3145 3260 3260 3145 3144 
3118 3145 3245 3129 3248 3146 3148 3146 3248 
3148 3248 3261 3261 3248 3249 3250 3262 3249 
3262 3261 3249 3151 3150 3262 3151 3262 3251 
3251 3262 3250 3130 3151 3251 3132 3252 3152 
3153 3152 3252 3254 3153 3252 3134 3153 3254 
3148 3261 3154 3156 3154 3261 3262 3156 3261 
3150 3156 3262 3263 3264 3265 3263 3266 3267 
3264 3263 3267 3266 3268 3269 3267 3266 3269 
3268 3160 3159 3268 3159 3269 3269 3159 3270 
3162 3271 3159 3159 3271 3270 3164 3272 3162 
3162 3272 3271 3273 3274 3272 3273 3272 3165 
3165 3272 3164 3165 3167 3275 3273 3165 3275 
3167 3168 3275 3276 3277 3278 3276 3279 3280 
3277 3276 3280 3265 3280 3279 3263 3265 3279 
3263 3279 3171 3263 3171 3170 3173 3263 3170 
3266 3263 3173 3174 3266 3173 3268 3266 3174 
3160 3268 3174 3273 3281 3274 3275 3281 3273 
3282 3281 3275 3168 3282 3275 3168 3176 3282 
3176 3283 3282 3178 3284 3176 3176 3284 3283 
3284 3178 3179 3285 3284 3179 3286 3287 3288 
3278 3287 3286 3276 3278 3286 3276 3286 3182 
3276 3182 3181 3184 3276 3181 3279 3276 3184 
3171 3279 3184 3179 3289 3285 3186 3289 3179 
3189 3290 3186 3186 3290 3289 3290 3189 3190 
3291 3290 3190 3192 3292 3293 3193 3192 3293 
3288 3194 3286 3288 3292 3194 3292 3192 3194 
3182 3286 3194 3197 3196 3294 3197 3294 3295 
3197 3295 3190 3190 3295 3291 3198 3296 3297 
3199 3198 3297 3293 3198 3193 3296 3198 3293 
3202 3201 3298 3202 3294 3196 3202 3298 3294 
3298 3299 3294 3300 3295 3294 3299 3300 3294 
3203 3301 3302 3204 3203 3302 3297 3203 3199 
3301 3203 3297 3298 3206 3303 3201 3206 3298 
3299 3298 3304 3304 3298 3303 3305 3300 3299 
3304 3305 3299 3207 3306 3208 3207 3307 3306 
3207 3204 3307 3204 3302 3307 3303 3210 3308 
3206 3210 3303 3309 3310 3304 3309 3304 3308 
3308 3304 3303 3305 3304 3310 3306 3311 3312 
3306 3312 3208 3208 3312 3211 3307 3311 3306 
3308 3313 3314 3308 3210 3313 3210 3213 3313 
3309 3308 3314 3214 3315 3215 3214 3316 3315 
3214 3211 3316 3211 3312 3316 3317 3318 3319 
3317 3320 3321 3319 3320 3317 3321 3322 3323 
3320 3322 3321 3323 3324 3325 3322 3324 3323 
3325 3326 3327 3324 3326 3325 3327 3328 3329 
3326 3328 3327 3329 3330 3331 3328 3330 3329 
3331 3332 3333 3330 3332 3331 3333 3334 3335 
3332 3334 3333 3335 3334 3313 3335 3313 3217 
3217 3313 3213 3315 3336 3219 3215 3315 3219 
3337 3315 3316 3336 3315 3337 3222 3338 3339 
3221 3338 3222 3223 3222 3340 3222 3339 3340 
3318 3317 3225 3318 3225 3340 3340 3225 3223 
3227 3225 3317 3321 3227 3317 3229 3227 3321 
3323 3229 3321 3231 3229 3323 3325 3231 3323 
3233 3231 3325 3327 3233 3325 3235 3233 3327 
3329 3235 3327 3237 3235 3329 3331 3237 3329 
3239 3237 3331 3333 3239 3331 3241 3239 3333 
3335 3241 3333 3217 3241 3335 3243 3341 3244 
3243 3219 3336 3243 3336 3341 3341 3336 3342 
3343 3336 3337 3343 3344 3336 3344 3342 3336 
3344 3345 3346 3343 3345 3344 3346 3347 3348 
3345 3347 3346 3348 3349 3350 3347 3349 3348 
3350 3351 3352 3349 3351 3350 3352 3247 3246 
3352 3351 3247 3351 3353 3247 3338 3221 3247 
3353 3338 3247 3244 3341 3253 3255 3253 3341 
3342 3255 3341 3256 3255 3342 3344 3256 3342 
3257 3256 3344 3346 3257 3344 3258 3257 3346 
3348 3258 3346 3259 3258 3348 3350 3259 3348 
3260 3259 3350 3352 3260 3350 3246 3260 3352 
3264 3354 3355 3265 3264 3355 3267 3356 3264 
3264 3356 3354 3269 3357 3267 3267 3357 3356 
3358 3359 3357 3358 3357 3270 3270 3357 3269 
3270 3271 3360 3358 3270 3360 3271 3272 3361 
3360 3271 3361 3272 3274 3361 3277 3362 3363 
3278 3277 3363 3280 3364 3277 3277 3364 3362 
3355 3280 3265 3364 3280 3355 3358 3365 3359 
3360 3365 3358 3366 3365 3360 3361 3366 3360 
3367 3366 3361 3274 3367 3361 3274 3281 3367 
3281 3368 3367 3282 3369 3281 3281 3369 3368 
3283 3370 3282 3282 3370 3369 3284 3371 3283 
3283 3371 3370 3371 3284 3285 3372 3371 3285 
3287 3373 3374 3288 3287 3374 3363 3287 3278 
3373 3287 3363 3285 3375 3372 3289 3375 3285 
3290 3376 3289 3289 3376 3375 3376 3290 3291 
3377 3376 3291 3292 3378 3379 3293 3292 3379 
3374 3292 3288 3378 3292 3374 3380 3295 3381 
3380 3377 3295 3377 3291 3295 3380 3381 3382 
3296 3383 3384 3297 3296 3384 3379 3296 3293 
3383 3296 3379 3381 3385 3386 3381 3295 3385 
3295 3300 3385 3382 3381 3386 3301 3387 3302 
3301 3388 3387 3301 3297 3388 3297 3384 3388 
3300 3305 3385 3385 3305 3389 3387 3390 3391 
3387 3391 3302 3302 3391 3307 3388 3390 3387 
3310 3392 3393 3309 3392 3310 3389 3305 3310 
3393 3389 3310 3311 3394 3312 3311 3395 3394 
3311 3307 3395 3307 3391 3395 3396 3397 3398 
3396 3399 3400 3398 3399 3396 3400 3401 3402 
3399 3401 3400 3402 3403 3404 3401 3403 3402 
3404 3405 3406 3403 3405 3404 3406 3407 3408 
3405 3407 3406 3408 3409 3410 3407 3409 3408 
3410 3314 3313 3410 3409 3314 3409 3411 3314 
3392 3309 3314 3411 3392 3314 3394 3412 3413 
3394 3413 3312 3312 3413 3316 3395 3412 3394 
3414 3415 3416 3414 3417 3418 3416 3417 3414 
3418 3419 3420 3417 3419 3418 3420 3319 3318 
3420 3419 3319 3419 3421 3319 3320 3319 3422 
3319 3421 3422 3397 3396 3322 3397 3322 3422 
3422 3322 3320 3324 3322 3396 3400 3324 3396 
3326 3324 3400 3402 3326 3400 3328 3326 3402 
3404 3328 3402 3330 3328 3404 3406 3330 3404 
3332 3330 3406 3408 3332 3406 3334 3332 3408 
3410 3334 3408 3313 3334 3410 3316 3413 3337 
3413 3423 3337 3424 3425 3426 3415 3424 3426 
3415 3414 3424 3414 3427 3424 3339 3338 3427 
3339 3427 3418 3418 3427 3414 3340 3339 3418 
3420 3340 3418 3318 3340 3420 3337 3423 3428 
3343 3337 3428 3345 3343 3429 3343 3428 3429 
3347 3345 3430 3345 3429 3430 3349 3347 3431 
3347 3430 3431 3425 3424 3351 3425 3351 3431 
3431 3351 3349 3353 3351 3424 3427 3353 3424 
3338 3353 3427 3354 3432 3433 3355 3354 3433 
3356 3434 3354 3354 3434 3432 3435 3436 3434 
3435 3434 3357 3357 3434 3356 3357 3359 3435 
3362 3437 3363 3438 3437 3362 3438 3362 3439 
3439 3362 3364 3433 3364 3355 3439 3364 3433 
3435 3440 3436 3359 3440 3435 3359 3365 3440 
3365 3441 3440 3442 3443 3441 3442 3441 3366 
3366 3441 3365 3366 3367 3444 3442 3366 3444 
3367 3368 3445 3444 3367 3445 3368 3369 3446 
3445 3368 3446 3369 3370 3447 3446 3369 3447 
3370 3371 3448 3447 3370 3448 3371 3372 3448 
3373 3449 3374 3373 3450 3449 3363 3450 3373 
3363 3451 3450 3363 3437 3451 3438 3451 3437 
3442 3452 3443 3444 3452 3442 3453 3452 3444 
3445 3453 3444 3454 3453 3445 3446 3454 3445 
3455 3454 3446 3447 3455 3446 3456 3455 3447 
3448 3456 3447 3457 3456 3448 3372 3457 3448 
3372 3375 3457 3375 3458 3457 3376 3459 3375 
3375 3459 3458 3459 3376 3377 3460 3459 3377 
3378 3461 3379 3378 3462 3461 3374 3462 3378 
3374 3463 3462 3374 3449 3463 3450 3463 3449 
3464 3377 3380 3464 3465 3377 3465 3460 3377 
3380 3382 3464 3383 3466 3384 3383 3467 3466 
3379 3467 3383 3379 3468 3467 3379 3461 3468 
3462 3468 3461 3386 3465 3464 3386 3385 3465 
3385 3469 3465 3382 3386 3464 3466 3470 3388 
3384 3466 3388 3471 3466 3467 3470 3466 3471 
3472 3473 3474 3472 3475 3476 3474 3475 3472 
3476 3477 3478 3475 3477 3476 3478 3479 3480 
3477 3479 3478 3480 3481 3482 3479 3481 3480 
3482 3483 3484 3481 3483 3482 3484 3485 3486 
3483 3485 3484 3486 3485 3469 3486 3469 3389 
3389 3469 3385 3390 3487 3391 3390 3488 3487 
3388 3488 3390 3388 3489 3488 3388 3470 3489 
3471 3489 3470 3490 3491 3492 3490 3493 3494 
3492 3493 3490 3473 3494 3493 3473 3472 3494 
3472 3495 3494 3476 3496 3472 3496 3495 3472 
3478 3497 3476 3497 3496 3476 3480 3498 3478 
3498 3497 3478 3482 3499 3480 3499 3498 3480 
3484 3500 3482 3500 3499 3482 3393 3392 3500 
3393 3500 3486 3486 3500 3484 3389 3393 3486 
3487 3501 3395 3391 3487 3395 3502 3487 3488 
3501 3487 3502 3503 3504 3505 3503 3506 3507 
3505 3506 3503 3507 3508 3509 3506 3508 3507 
3509 3510 3511 3508 3510 3509 3511 3512 3513 
3510 3512 3511 3491 3513 3512 3490 3513 3491 
3490 3397 3513 3490 3398 3397 3399 3398 3490 
3494 3399 3490 3401 3399 3494 3495 3401 3494 
3403 3401 3495 3496 3403 3495 3405 3403 3496 
3497 3405 3496 3407 3405 3497 3498 3407 3497 
3409 3407 3498 3499 3409 3498 3411 3409 3499 
3500 3411 3499 3392 3411 3500 3412 3514 3413 
3412 3395 3501 3412 3501 3514 3514 3501 3515 
3516 3501 3502 3515 3501 3516 3517 3518 3519 
3504 3517 3519 3503 3517 3504 3503 3415 3517 
3503 3416 3415 3417 3416 3503 3507 3417 3503 
3419 3417 3507 3509 3419 3507 3421 3419 3509 
3511 3421 3509 3422 3421 3511 3513 3422 3511 
3397 3422 3513 3514 3520 3423 3413 3514 3423 
3515 3521 3514 3521 3520 3514 3522 3515 3516 
3522 3523 3515 3523 3521 3515 3523 3524 3525 
3522 3524 3523 3518 3525 3524 3517 3525 3518 
3517 3425 3525 3517 3426 3425 3415 3426 3517 
3423 3520 3428 3429 3428 3520 3521 3429 3520 
3430 3429 3521 3523 3430 3521 3431 3430 3523 
3525 3431 3523 3425 3431 3525 3432 3526 3433 
3432 3434 3527 3526 3432 3527 3434 3436 3527 
3439 3528 3438 3439 3529 3528 3433 3529 3439 
3433 3530 3529 3433 3526 3530 3527 3530 3526 
3531 3530 3527 3532 3533 3531 3440 3532 3531 
3440 3531 3527 3440 3527 3436 3440 3441 3534 
3532 3440 3534 3441 3443 3534 3451 3535 3450 
3451 3536 3535 3438 3536 3451 3438 3537 3536 
3438 3528 3537 3529 3537 3528 3538 3533 3532 
3539 3533 3538 3534 3540 3532 3540 3538 3532 
3443 3452 3541 3443 3541 3534 3534 3541 3540 
3452 3453 3542 3541 3452 3542 3453 3454 3543 
3542 3453 3543 3454 3455 3544 3543 3454 3544 
3545 3544 3455 3545 3455 3546 3546 3455 3456 
3457 3547 3456 3456 3547 3546 3458 3548 3457 
3457 3548 3547 3549 3550 3548 3549 3548 3459 
3459 3548 3458 3459 3460 3549 3463 3551 3462 
3463 3552 3551 3450 3552 3463 3450 3553 3552 
3450 3535 3553 3536 3553 3535 3538 3554 3539 
3554 3555 3556 3554 3538 3555 3538 3540 3555 
3541 3557 3540 3557 3555 3540 3542 3558 3541 
3558 3557 3541 3543 3559 3542 3559 3558 3542 
3560 3544 3561 3560 3559 3544 3559 3543 3544 
3545 3561 3544 3562 3550 3549 3563 3550 3562 
3460 3465 3562 3549 3460 3562 3468 3564 3467 
3468 3565 3564 3462 3565 3468 3462 3566 3565 
3462 3551 3566 3552 3566 3551 3555 3567 3556 
3567 3568 3569 3567 3555 3568 3555 3557 3568 
3558 3570 3557 3570 3568 3557 3559 3571 3558 
3571 3570 3558 3572 3559 3560 3572 3573 3559 
3573 3571 3559 3573 3574 3575 3572 3574 3573 
3575 3576 3577 3574 3576 3575 3577 3578 3579 
3576 3578 3577 3563 3579 3578 3563 3562 3579 
3562 3580 3579 3465 3469 3580 3562 3465 3580 
3564 3581 3471 3467 3564 3471 3582 3564 3565 
3581 3564 3582 3583 3584 3585 3569 3583 3585 
3569 3568 3583 3568 3586 3583 3474 3473 3586 
3474 3586 3570 3570 3586 3568 3475 3474 3570 
3571 3475 3570 3477 3475 3571 3573 3477 3571 
3479 3477 3573 3575 3479 3573 3481 3479 3575 
3577 3481 3575 3483 3481 3577 3579 3483 3577 
3485 3483 3579 3580 3485 3579 3469 3485 3580 
3489 3587 3488 3489 3471 3581 3489 3581 3587 
3587 3581 3588 3589 3581 3582 3588 3581 3589 
3590 3591 3592 3590 3593 3594 3592 3593 3590 
3594 3595 3596 3593 3595 3594 3596 3597 3598 
3595 3597 3596 3584 3598 3597 3583 3598 3584 
3583 3491 3598 3583 3492 3491 3493 3492 3583 
3586 3493 3583 3473 3493 3586 3587 3599 3502 
3488 3587 3502 3588 3600 3587 3600 3599 3587 
3601 3588 3589 3600 3588 3601 3505 3602 3603 
3504 3602 3505 3591 3590 3506 3591 3506 3603 
3603 3506 3505 3508 3506 3590 3594 3508 3590 
3510 3508 3594 3596 3510 3594 3512 3510 3596 
3598 3512 3596 3491 3512 3598 3599 3604 3516 
3502 3599 3516 3600 3605 3599 3605 3604 3599 
3518 3606 3519 3518 3600 3606 3518 3605 3600 
3601 3606 3600 3602 3504 3519 3606 3602 3519 
3516 3604 3522 3524 3522 3604 3605 3524 3604 
3518 3524 3605 3530 3607 3529 3530 3531 3608 
3607 3530 3608 3531 3533 3608 3537 3609 3536 
3537 3610 3609 3529 3610 3537 3529 3611 3610 
3529 3607 3611 3611 3612 3613 3611 3607 3612 
3607 3608 3612 3533 3539 3612 3608 3533 3612 
3546 3614 3545 3546 3547 3615 3614 3546 3615 
3547 3548 3616 3615 3547 3616 3548 3550 3616 
3553 3617 3552 3553 3618 3617 3536 3618 3553 
3536 3619 3618 3536 3609 3619 3610 3619 3609 
3620 3613 3612 3621 3613 3620 3539 3554 3622 
3539 3622 3612 3612 3622 3620 3554 3556 3622 
3561 3623 3560 3561 3545 3614 3561 3614 3623 
3623 3614 3624 3615 3625 3614 3625 3624 3614 
3616 3626 3615 3626 3625 3615 3550 3563 3626 
3616 3550 3626 3566 3627 3565 3566 3628 3627 
3552 3628 3566 3552 3629 3628 3552 3617 3629 
3618 3629 3617 3630 3631 3632 3621 3630 3632 
3621 3620 3630 3620 3633 3630 3622 3634 3620 
3634 3633 3620 3556 3567 3635 3556 3635 3622 
3622 3635 3634 3567 3569 3635 3560 3623 3572 
3574 3572 3623 3624 3574 3623 3576 3574 3624 
3625 3576 3624 3578 3576 3625 3626 3578 3625 
3563 3578 3626 3627 3636 3582 3565 3627 3582 
3637 3627 3628 3636 3627 3637 3638 3639 3640 
3631 3638 3640 3631 3630 3638 3630 3641 3638 
3633 3642 3630 3642 3641 3630 3634 3643 3633 
3643 3642 3633 3585 3584 3643 3585 3643 3635 
3635 3643 3634 3569 3585 3635 3636 3644 3589 
3582 3636 3589 3645 3636 3637 3645 3646 3636 
3646 3644 3636 3639 3646 3645 3638 3646 3639 
3638 3591 3646 3638 3592 3591 3593 3592 3638 
3641 3593 3638 3595 3593 3641 3642 3595 3641 
3597 3595 3642 3643 3597 3642 3584 3597 3643 
3644 3647 3601 3589 3644 3601 3603 3602 3647 
3603 3647 3646 3646 3647 3644 3591 3603 3646 
3601 3647 3606 3602 3606 3647 3611 3648 3610 
3611 3613 3648 3619 3649 3618 3619 3610 3648 
3619 3648 3649 3649 3648 3650 3613 3621 3650 
3648 3613 3650 3629 3651 3628 3629 3618 3649 
3629 3649 3651 3651 3649 3652 3632 3631 3652 
3632 3652 3650 3650 3652 3649 3621 3632 3650 
3651 3653 3637 3628 3651 3637 3640 3639 3653 
3640 3653 3652 3652 3653 3651 3631 3640 3652 
3637 3653 3645 3639 3645 3653 
CELL_DATA 7304
SCALARS Scalars float
LOOKUP_TABLE default
1 1 1 1 1 1 1 1 1 
1 1 1 1 1 1 1 1 1 
1 1 1 1 1 1 1 1 1 
1 1 1 1 1 1 1 1 1 
1 1 1 1 1 1 1 1 1 
1 1 1 1 1 1 1 1 1 
1 1 1 1 1 1 1 1 1 
1 1 1 1 1 1 1 1 1 
1 1 1 1 1 1 1 1 1 
1 1 1 1 1 1 1 1 1 
1 1 1 1 1 1 1 1 1 
1 1 1 1 1 1 1 1 1 
1 1 1 1 1 1 1 1 1 
1 1 1 1 1 1 1 1 1 
1 1 1 1 1 1 1 1 1 
1 1 1 1 1 1 1 1 1 
1 1 1 1 1 1 1 1 1 
1 1 1 1 1 1 1 1 1 
1 1 1 1 1 1 1 1 1 
1 1 1 1 1 1 1 1 1 
1 1 1 1 1 1 1 1 1 
1 1 1 1 1 1 1 1 1 
1 1 1 1 1 1 1 1 1 
1 1 1 1 1 1 1 1 1 
1 1 1 1 1 1 1 1 1 
1 1 1 1 1 1 1 1 1 
1 1 1 1 1 1 1 1 1 
1 1 1 1 1 1 1 1 1 
1 1 1 1 1 1 1 1 1 
1 1 1 1 1 1 1 1 1 
1 1 1 1 1 1 1 1 1 
1 1 1 1 1 1 1 1 1 
1 1 1 1 1 1 1 1 1 
1 1 1 1 1 1 1 1 1 
1 1 1 1 1 1 1 1 1 
1 1 1 1 1 1 1 1 1 
1 1 1 1 1 1 1 1 1 
1 1 1 1 1 1 1 1 1 
1 1 1 1 1 1 1 1 1 
1 1 1 1 1 1 1 1 1 
1 1 1 1 1 1 1 1 1 
1 1 1 1 1 1 1 1 1 
1 1 1 1 1 1 1 1 1 
1 1 1 1 1 1 1 1 1 
1 1 1 1 1 1 1 1 1 
1 1 1 1 1 1 1 1 1 
1 1 1 1 1 1 1 1 1 
1 1 1 1 1 1 1 1 1 
1 1 1 1 1 1 1 1 1 
1 1 1 1 1 1 1 1 1 
1 1 1 1 1 1 1 1 1 
1 1 1 1 1 1 1 1 1 
1 1 1 1 1 1 1 1 1 
1 1 1 1 1 1 1 1 1 
1 1 1 1 1 1 1 1 1 
1 1 1 1 1 1 1 1 1 
1 1 1 1 1 1 1 1 1 
1 1 1 1 1 1 1 1 1 
1 1 1 1 1 1 1 1 1 
1 1 1 1 1 1 1 1 1 
1 1 1 1 1 1 1 1 1 
1 1 1 1 1 1 1 1 1 
1 1 1 1 1 1 1 1 1 
1 1 1 1 1 1 1 1 1 
1 1 1 1 1 1 1 1 1 
1 1 1 1 1 1 1 1 1 
1 1 1 1 1 1 1 1 1 
1 1 1 1 1 1 1 1 1 
1 1 1 1 1 1 1 1 1 
1 1 1 1 1 1 1 1 1 
1 1 1 1 1 1 1 1 1 
1 1 1 1 1 1 1 1 1 
1 1 1 1 1 1 1 1 1 
1 1 1 1 1 1 1 1 1 
1 1 1 1 1 1 1 1 1 
1 1 1 1 1 1 1 1 1 
1 1 1 1 1 1 1 1 1 
1 1 1 1 1 1 1 1 1 
1 1 1 1 1 1 1 1 1 
1 1 1 1 1 1 1 1 1 
1 1 1 1 1 1 1 1 1 
1 1 1 1 1 1 1 1 1 
1 1 1 1 1 1 1 1 1 
1 1 1 1 1 1 1 1 1 
1 1 1 1 1 1 1 1 1 
1 1 1 1 1 1 1 1 1 
1 1 1 1 1 1 1 1 1 
1 1 1 1 1 1 1 1 1 
1 1 1 1 1 1 1 1 1 
1 1 1 1 1 1 1 1 1 
1 1 1 1 1 1 1 1 1 
1 1 1 1 1 1 1 1 1 
1 1 1 1 1 1 1 1 1 
1 1 1 1 1 1 1 1 1 
1 1 1 1 1 1 1 1 1 
1 1 1 1 1 1 1 1 1 
1 1 1 1 1 1 1 1 1 
1 1 1 1 1 1 1 1 1 
1 1 1 1 1 1 1 1 1 
1 1 1 1 1 1 1 1 1 
1 1 1 1 1 1 1 1 1 
1 1 1 1 1 1 1 1 1 
1 1 1 1 1 1 1 1 1 
1 1 1 1 1 1 1 1 1 
1 1 1 1 1 1 1 1 1 
1 1 1 1 1 1 1 1 1 
1 1 1 1 1 1 1 1 1 
1 1 1 1 1 1 1 1 1 
1 1 1 1 1 1 1 1 1 
1 1 1 1 1 1 1 1 1 
1 1 1 1 1 1 1 1 1 
1 1 1 1 1 1 1 1 1 
1 1 1 1 1 1 1 1 1 
1 1 1 1 1 1 1 1 1 
1 1 1 1 1 1 1 1 1 
1 1 1 1 1 1 1 1 1 
1 1 1 1 1 1 1 1 1 
1 1 1 1 1 1 1 1 1 
1 1 1 1 1 1 1 1 1 
1 1 1 1 1 1 1 1 1 
1 1 1 1 1 1 1 1 1 
1 1 1 1 1 1 1 1 1 
1 1 1 1 1 1 1 1 1 
1 1 1 1 1 1 1 1 1 
1 1 1 1 1 1 1 1 1 
1 1 1 1 1 1 1 1 1 
1 1 1 1 1 1 1 1 1 
1 1 1 1 1 1 1 1 1 
1 1 1 1 1 1 1 1 1 
1 1 1 1 1 1 1 1 1 
1 1 1 1 1 1 1 1 1 
1 1 1 1 1 1 1 1 1 
1 1 1 1 1 1 1 1 1 
1 1 1 1 1 1 1 1 1 
1 1 1 1 1 1 1 1 1 
1 1 1 1 1 1 1 1 1 
1 1 1 1 1 1 1 1 1 
1 1 1 1 1 1 1 1 1 
1 1 1 1 1 1 1 1 1 
1 1 1 1 1 1 1 1 1 
1 1 1 1 1 1 1 1 1 
1 1 1 1 1 1 1 1 1 
1 1 1 1 1 1 1 1 1 
1 1 1 1 1 1 1 1 1 
1 1 1 1 1 1 1 1 1 
1 1 1 1 1 1 1 1 1 
1 1 1 1 1 1 1 1 1 
1 1 1 1 1 1 1 1 1 
1 1 1 1 1 1 1 1 1 
1 1 1 1 1 1 1 1 1 
1 1 1 1 1 1 1 1 1 
1 1 1 1 1 1 1 1 1 
1 1 1 1 1 1 1 1 1 
1 1 1 1 1 1 1 1 1 
1 1 1 1 1 1 1 1 1 
1 1 1 1 1 1 1 1 1 
1 1 1 1 1 1 1 1 1 
1 1 1 1 1 1 1 1 1 
1 1 1 1 1 1 1 1 1 
1 1 1 1 1 1 1 1 1 
1 1 1 1 1 1 1 1 1 
1 1 1 1 1 1 1 1 1 
1 1 1 1 1 1 1 1 1 
1 1 1 1 1 1 1 1 1 
1 1 1 1 1 1 1 1 1 
1 1 1 1 1 1 1 1 1 
1 1 1 1 1 1 1 1 1 
1 1 1 1 1 1 1 1 1 
1 1 1 1 1 1 1 1 1 
1 1 1 1 1 1 1 1 1 
1 1 1 1 1 1 1 1 1 
1 1 1 1 1 1 1 1 1 
1 1 1 1 1 1 1 1 1 
1 1 1 1 1 1 1 1 1 
1 1 1 1 1 1 1 1 1 
1 1 1 1 1 1 1 1 1 
1 1 1 1 1 1 1 1 1 
1 1 1 1 1 1 1 1 1 
1 1 1 1 1 1 1 1 1 
1 1 1 1 1 1 1 1 1 
1 1 1 1 1 1 1 1 1 
1 1 1 1 1 1 1 1 1 
1 1 1 1 1 1 1 1 1 
1 1 1 1 1 1 1 1 1 
1 1 1 1 1 1 1 1 1 
1 1 1 1 1 1 1 1 1 
1 1 1 1 1 1 1 1 1 
1 1 1 1 1 1 1 1 1 
1 1 1 1 1 1 1 1 1 
1 1 1 1 1 1 1 1 1 
1 1 1 1 1 1 1 1 1 
1 1 1 1 1 1 1 1 1 
1 1 1 1 1 1 1 1 1 
1 1 1 1 1 1 1 1 1 
1 1 1 1 1 1 1 1 1 
1 1 1 1 1 1 1 1 1 
1 1 1 1 1 1 1 1 1 
1 1 1 1 1 1 1 1 1 
1 1 1 1 1 1 1 1 1 
1 1 1 1 1 1 1 1 1 
1 1 1 1 1 1 1 1 1 
1 1 1 1 1 1 1 1 1 
1 1 1 1 1 1 1 1 1 
1 1 1 1 1 1 1 1 1 
1 1 1 1 1 1 1 1 1 
1 1 1 1 1 1 1 1 1 
1 1 1 1 1 1 1 1 1 
1 1 1 1 1 1 1 1 1 
1 1 1 1 1 1 1 1 1 
1 1 1 1 1 1 1 1 1 
1 1 1 1 1 1 1 1 1 
1 1 1 1 1 1 1 1 1 
1 1 1 1 1 1 1 1 1 
1 1 1 1 1 1 1 1 1 
1 1 1 1 1 1 1 1 1 
1 1 1 1 1 1 1 1 1 
1 1 1 1 1 1 1 1 1 
1 1 1 1 1 1 1 1 1 
1 1 1 1 1 1 1 1 1 
1 1 1 1 1 1 1 1 1 
1 1 1 1 1 1 1 1 1 
1 1 1 1 1 1 1 1 1 
1 1 1 1 1 1 1 1 1 
1 1 1 1 1 1 1 1 1 
1 1 1 1 1 1 1 1 1 
1 1 1 1 1 1 1 1 1 
1 1 1 1 1 1 1 1 1 
1 1 1 1 1 1 1 1 1 
1 1 1 1 1 1 1 1 1 
1 1 1 1 1 1 1 1 1 
1 1 1 1 1 1 1 1 1 
1 1 1 1 1 1 1 1 1 
1 1 1 1 1 1 1 1 1 
1 1 1 1 1 1 1 1 1 
1 1 1 1 1 1 1 1 1 
1 1 1 1 1 1 1 1 1 
1 1 1 1 1 1 1 1 1 
1 1 1 1 1 1 1 1 1 
1 1 1 1 1 1 1 1 1 
1 1 1 1 1 1 1 1 1 
1 1 1 1 1 1 1 1 1 
1 1 1 1 1 1 1 1 1 
1 1 1 1 1 1 1 1 1 
1 1 1 1 1 1 1 1 1 
1 1 1 1 1 1 1 1 1 
1 1 1 1 1 1 1 1 1 
1 1 1 1 1 1 1 1 1 
1 1 1 1 1 1 1 1 1 
1 1 1 1 1 1 1 1 1 
1 1 1 1 1 1 1 1 1 
1 1 1 1 1 1 1 1 1 
1 1 1 1 1 1 1 1 1 
1 1 1 1 1 1 1 1 1 
1 1 1 1 1 1 1 1 1 
1 1 1 1 1 1 1 1 1 
1 1 1 1 1 1 1 1 1 
1 1 1 1 1 1 1 1 1 
1 1 1 1 1 1 1 1 1 
1 1 1 1 1 1 1 1 1 
1 1 1 1 1 1 1 1 1 
1 1 1 1 1 1 1 1 1 
1 1 1 1 1 1 1 1 1 
1 1 1 1 1 1 1 1 1 
1 1 1 1 1 1 1 1 1 
1 1 1 1 1 1 1 1 1 
1 1 1 1 1 1 1 1 1 
1 1 1 1 1 1 1 1 1 
1 1 1 1 1 1 1 1 1 
1 1 1 1 1 1 1 1 1 
1 1 1 1 1 1 1 1 1 
1 1 1 1 1 1 1 1 1 
1 1 1 1 1 1 1 1 1 
1 1 1 1 1 1 1 1 1 
1 1 1 1 1 1 1 1 1 
1 1 1 1 1 1 1 1 1 
1 1 1 1 1 1 1 1 1 
1 1 1 1 1 1 1 1 1 
1 1 1 1 1 1 1 1 1 
1 1 1 1 1 1 1 1 1 
1 1 1 1 1 1 1 1 1 
1 1 1 1 1 1 1 1 1 
1 1 1 1 1 1 1 1 1 
1 1 1 1 1 1 1 1 1 
1 1 1 1 1 1 1 1 1 
1 1 1 1 1 1 1 1 1 
1 1 1 1 1 1 1 1 1 
1 1 1 1 1 1 1 1 1 
1 1 1 1 1 1 1 1 1 
1 1 1 1 1 1 1 1 1 
1 1 1 1 1 1 1 1 1 
1 1 1 1 1 1 1 1 1 
1 1 1 1 1 1 1 1 1 
1 1 1 1 1 1 1 1 1 
1 1 1 1 1 1 1 1 1 
1 1 1 1 1 1 1 1 1 
1 1 1 1 1 1 1 1 1 
1 1 1 1 1 1 1 1 1 
1 1 1 1 1 1 1 1 1 
1 1 1 1 1 1 1 1 1 
1 1 1 1 1 1 1 1 1 
1 1 1 1 1 1 1 1 1 
1 1 1 1 1 1 1 1 1 
1 1 1 1 1 1 1 1 1 
1 1 1 1 1 1 1 1 1 
1 1 1 1 1 1 1 1 1 
1 1 1 1 1 1 1 1 1 
1 1 1 1 1 1 1 1 1 
1 1 1 1 1 1 1 1 1 
1 1 1 1 1 1 1 1 1 
1 1 1 1 1 1 1 1 1 
1 1 1 1 1 1 1 1 1 
1 1 1 1 1 1 1 1 1 
1 1 1 1 1 1 1 1 1 
1 1 1 1 1 1 1 1 1 
1 1 1 1 1 1 1 1 1 
1 1 1 1 1 1 1 1 1 
1 1 1 1 1 1 1 1 1 
1 1 1 1 1 1 1 1 1 
1 1 1 1 1 1 1 1 1 
1 1 1 1 1 1 1 1 1 
1 1 1 1 1 1 1 1 1 
1 1 1 1 1 1 1 1 1 
1 1 1 1 1 1 1 1 1 
1 1 1 1 1 1 1 1 1 
1 1 1 1 1 1 1 1 1 
1 1 1 1 1 1 1 1 1 
1 1 1 1 1 1 1 1 1 
1 1 1 1 1 1 1 1 1 
1 1 1 1 1 1 1 1 1 
1 1 1 1 1 1 1 1 1 
1 1 1 1 1 1 1 1 1 
1 1 1 1 1 1 1 1 1 
1 1 1 1 1 1 1 1 1 
1 1 1 1 1 1 1 1 1 
1 1 1 1 1 1 1 1 1 
1 1 1 1 1 1 1 1 1 
1 1 1 1 1 1 1 1 1 
1 1 1 1 1 1 1 1 1 
1 1 1 1 1 1 1 1 1 
1 1 1 1 1 1 1 1 1 
1 1 1 1 1 1 1 1 1 
1 1 1 1 1 1 1 1 1 
1 1 1 1 1 1 1 1 1 
1 1 1 1 1 1 1 1 1 
1 1 1 1 1 1 1 1 1 
1 1 1 1 1 1 1 1 1 
1 1 1 1 1 1 1 1 1 
1 1 1 1 1 1 1 1 1 
1 1 1 1 1 1 1 1 1 
1 1 1 1 1 1 1 1 1 
1 1 1 1 1 1 1 1 1 
1 1 1 1 1 1 1 1 1 
1 1 1 1 1 1 1 1 1 
1 1 1 1 1 1 1 1 1 
1 1 1 1 1 1 1 1 1 
1 1 1 1 1 1 1 1 1 
1 1 1 1 1 1 1 1 1 
1 1 1 1 1 1 1 1 1 
1 1 1 1 1 1 1 1 1 
1 1 1 1 1 1 1 1 1 
1 1 1 1 1 1 1 1 1 
1 1 1 1 1 1 1 1 1 
1 1 1 1 1 1 1 1 1 
1 1 1 1 1 1 1 1 1 
1 1 1 1 1 1 1 1 1 
1 1 1 1 1 1 1 1 1 
1 1 1 1 1 1 1 1 1 
1 1 1 1 1 1 1 1 1 
1 1 1 1 1 1 1 1 1 
1 1 1 1 1 1 1 1 1 
1 1 1 1 1 1 1 1 1 
1 1 1 1 1 1 1 1 1 
1 1 1 1 1 1 1 1 1 
1 1 1 1 1 1 1 1 1 
1 1 1 1 1 1 1 1 1 
1 1 1 1 1 1 1 1 1 
1 1 1 1 1 1 1 1 1 
1 1 1 1 1 1 1 1 1 
1 1 1 1 1 1 1 1 1 
1 1 1 1 1 1 1 1 1 
1 1 1 1 1 1 1 1 1 
1 1 1 1 1 1 1 1 1 
1 1 1 1 1 1 1 1 1 
1 1 1 1 1 1 1 1 1 
1 1 1 1 1 1 1 1 1 
1 1 1 1 1 1 1 1 1 
1 1 1 1 1 1 1 1 1 
1 1 1 1 1 1 1 1 1 
1 1 1 1 1 1 1 1 1 
1 1 1 1 1 1 1 1 1 
1 1 1 1 1 1 1 1 1 
1 1 1 1 1 1 1 1 1 
1 1 1 1 1 1 1 1 1 
1 1 1 1 1 1 1 1 1 
1 1 1 1 1 1 1 1 1 
1 1 1 1 1 1 1 1 1 
1 1 1 1 1 1 1 1 1 
1 1 1 1 1 1 1 1 1 
1 1 1 1 1 1 1 1 1 
1 1 1 1 1 1 1 1 1 
1 1 1 1 1 1 1 1 1 
1 1 1 1 1 1 1 1 1 
1 1 1 1 1 1 1 1 1 
1 1 1 1 1 1 1 1 1 
1 1 1 1 1 1 1 1 1 
1 1 1 1 1 1 1 1 1 
1 1 1 1 1 1 1 1 1 
1 1 1 1 1 1 1 1 1 
1 1 1 1 1 1 1 1 1 
1 1 1 1 1 1 1 1 1 
1 1 1 1 1 1 1 1 1 
1 1 1 1 1 1 1 1 1 
1 1 1 1 1 1 1 1 1 
1 1 1 1 1 1 1 1 1 
1 1 1 1 1 1 1 1 1 
1 1 1 1 1 1 1 1 1 
1 1 1 1 1 1 1 1 1 
1 1 1 1 1 1 1 1 1 
1 1 1 1 1 1 1 1 1 
1 1 1 1 1 1 1 1 1 
1 1 1 1 1 1 1 1 1 
1 1 1 1 1 1 1 1 1 
1 1 1 1 1 1 1 1 1 
1 1 1 1 1 1 1 1 1 
1 1 1 1 1 1 1 1 1 
1 1 1 1 1 1 1 1 1 
1 1 1 1 1 1 1 1 1 
1 1 1 1 1 1 1 1 1 
1 1 1 1 1 1 1 1 1 
1 1 1 1 1 1 1 1 1 
1 1 1 1 1 1 1 1 1 
1 1 1 1 1 1 1 1 1 
1 1 1 1 1 1 1 1 1 
1 1 1 1 1 1 1 1 1 
1 1 1 1 1 1 1 1 1 
1 1 1 1 1 1 1 1 1 
1 1 1 1 1 1 1 1 1 
1 1 1 1 1 1 1 1 1 
1 1 1 1 1 1 1 1 1 
1 1 1 1 1 1 1 1 1 
1 1 1 1 1 1 1 1 1 
1 1 1 1 1 1 1 1 1 
1 1 1 1 1 1 1 1 1 
1 1 1 1 1 1 1 1 1 
1 1 1 1 1 1 1 1 1 
1 1 1 1 1 1 1 1 1 
1 1 1 1 1 1 1 1 1 
1 1 1 1 1 1 1 1 1 
1 1 1 1 1 1 1 1 1 
1 1 1 1 1 1 1 1 1 
1 1 1 1 1 1 1 1 1 
1 1 1 1 1 1 1 1 1 
1 1 1 1 1 1 1 1 1 
1 1 1 1 1 1 1 1 1 
1 1 1 1 1 1 1 1 1 
1 1 1 1 1 1 1 1 1 
1 1 1 1 1 1 1 1 1 
1 1 1 1 1 1 1 1 1 
1 1 1 1 1 1 1 1 1 
1 1 1 1 1 1 1 1 1 
1 1 1 1 1 1 1 1 1 
1 1 1 1 1 1 1 1 1 
1 1 1 1 1 1 1 1 1 
1 1 1 1 1 1 1 1 1 
1 1 1 1 1 1 1 1 1 
1 1 1 1 1 1 1 1 1 
1 1 1 1 1 1 1 1 1 
1 1 1 1 1 1 1 1 1 
1 1 1 1 1 1 1 1 1 
1 1 1 1 1 1 1 1 1 
1 1 1 1 1 1 1 1 1 
1 1 1 1 1 1 1 1 1 
1 1 1 1 1 1 1 1 1 
1 1 1 1 1 1 1 1 1 
1 1 1 1 1 1 1 1 1 
1 1 1 1 1 1 1 1 1 
1 1 1 1 1 1 1 1 1 
1 1 1 1 1 1 1 1 1 
1 1 1 1 1 1 1 1 1 
1 1 1 1 1 1 1 1 1 
1 1 1 1 1 1 1 1 1 
1 1 1 1 1 1 1 1 1 
1 1 1 1 1 1 1 1 1 
1 1 1 1 1 1 1 1 1 
1 1 1 1 1 1 1 1 1 
1 1 1 1 1 1 1 1 1 
1 1 1 1 1 1 1 1 1 
1 1 1 1 1 1 1 1 1 
1 1 1 1 1 1 1 1 1 
1 1 1 1 1 1 1 1 1 
1 1 1 1 1 1 1 1 1 
1 1 1 1 1 1 1 1 1 
1 1 1 1 1 1 1 1 1 
1 1 1 1 1 1 1 1 1 
1 1 1 1 1 1 1 1 1 
1 1 1 1 1 1 1 1 1 
1 1 1 1 1 1 1 1 1 
1 1 1 1 1 1 1 1 1 
1 1 1 1 1 1 1 1 1 
1 1 1 1 1 1 1 1 1 
1 1 1 1 1 1 1 1 1 
1 1 1 1 1 1 1 1 1 
1 1 1 1 1 1 1 1 1 
1 1 1 1 1 1 1 1 1 
1 1 1 1 1 1 1 1 1 
1 1 1 1 1 1 1 1 1 
1 1 1 1 1 1 1 1 1 
1 1 1 1 1 1 1 1 1 
1 1 1 1 1 1 1 1 1 
1 1 1 1 1 1 1 1 1 
1 1 1 1 1 1 1 1 1 
1 1 1 1 1 1 1 1 1 
1 1 1 1 1 1 1 1 1 
1 1 1 1 1 1 1 1 1 
1 1 1 1 1 1 1 1 1 
1 1 1 1 1 1 1 1 1 
1 1 1 1 1 1 1 1 1 
1 1 1 1 1 1 1 1 1 
1 1 1 1 1 1 1 1 1 
1 1 1 1 1 1 1 1 1 
1 1 1 1 1 1 1 1 1 
1 1 1 1 1 1 1 1 1 
1 1 1 1 1 1 1 1 1 
1 1 1 1 1 1 1 1 1 
1 1 1 1 1 1 1 1 1 
1 1 1 1 1 1 1 1 1 
1 1 1 1 1 1 1 1 1 
1 1 1 1 1 1 1 1 1 
1 1 1 1 1 1 1 1 1 
1 1 1 1 1 1 1 1 1 
1 1 1 1 1 1 1 1 1 
1 1 1 1 1 1 1 1 1 
1 1 1 1 1 1 1 1 1 
1 1 1 1 1 1 1 1 1 
1 1 1 1 1 1 1 1 1 
1 1 1 1 1 1 1 1 1 
1 1 1 1 1 1 1 1 1 
1 1 1 1 1 1 1 1 1 
1 1 1 1 1 1 1 1 1 
1 1 1 1 1 1 1 1 1 
1 1 1 1 1 1 1 1 1 
1 1 1 1 1 1 1 1 1 
1 1 1 1 1 1 1 1 1 
1 1 1 1 1 1 1 1 1 
1 1 1 1 1 1 1 1 1 
1 1 1 1 1 1 1 1 1 
1 1 1 1 1 1 1 1 1 
1 1 1 1 1 1 1 1 1 
1 1 1 1 1 1 1 1 1 
1 1 1 1 1 1 1 1 1 
1 1 1 1 1 1 1 1 1 
1 1 1 1 1 1 1 1 1 
1 1 1 1 1 1 1 1 1 
1 1 1 1 1 1 1 1 1 
1 1 1 1 1 1 1 1 1 
1 1 1 1 1 1 1 1 1 
1 1 1 1 1 1 1 1 1 
1 1 1 1 1 1 1 1 1 
1 1 1 1 1 1 1 1 1 
1 1 1 1 1 1 1 1 1 
1 1 1 1 1 1 1 1 1 
1 1 1 1 1 1 1 1 1 
1 1 1 1 1 1 1 1 1 
1 1 1 1 1 1 1 1 1 
1 1 1 1 1 1 1 1 1 
1 1 1 1 1 1 1 1 1 
1 1 1 1 1 1 1 1 1 
1 1 1 1 1 1 1 1 1 
1 1 1 1 1 1 1 1 1 
1 1 1 1 1 1 1 1 1 
1 1 1 1 1 1 1 1 1 
1 1 1 1 1 1 1 1 1 
1 1 1 1 1 1 1 1 1 
1 1 1 1 1 1 1 1 1 
1 1 1 1 1 1 1 1 1 
1 1 1 1 1 1 1 1 1 
1 1 1 1 1 1 1 1 1 
1 1 1 1 1 1 1 1 1 
1 1 1 1 1 1 1 1 1 
1 1 1 1 1 1 1 1 1 
1 1 1 1 1 1 1 1 1 
1 1 1 1 1 1 1 1 1 
1 1 1 1 1 1 1 1 1 
1 1 1 1 1 1 1 1 1 
1 1 1 1 1 1 1 1 1 
1 1 1 1 1 1 1 1 1 
1 1 1 1 1 1 1 1 1 
1 1 1 1 1 1 1 1 1 
1 1 1 1 1 1 1 1 1 
1 1 1 1 1 1 1 1 1 
1 1 1 1 1 1 1 1 1 
1 1 1 1 1 1 1 1 1 
1 1 1 1 1 1 1 1 1 
1 1 1 1 1 1 1 1 1 
1 1 1 1 1 1 1 1 1 
1 1 1 1 1 1 1 1 1 
1 1 1 1 1 1 1 1 1 
1 1 1 1 1 1 1 1 1 
1 1 1 1 1 1 1 1 1 
1 1 1 1 1 1 1 1 1 
1 1 1 1 1 1 1 1 1 
1 1 1 1 1 1 1 1 1 
1 1 1 1 1 1 1 1 1 
1 1 1 1 1 1 1 1 1 
1 1 1 1 1 1 1 1 1 
1 1 1 1 1 1 1 1 1 
1 1 1 1 1 1 1 1 1 
1 1 1 1 1 1 1 1 1 
1 1 1 1 1 1 1 1 1 
1 1 1 1 1 1 1 1 1 
1 1 1 1 1 1 1 1 1 
1 1 1 1 1 1 1 1 1 
1 1 1 1 1 1 1 1 1 
1 1 1 1 1 1 1 1 1 
1 1 1 1 1 1 1 1 1 
1 1 1 1 1 1 1 1 1 
1 1 1 1 1 1 1 1 1 
1 1 1 1 1 1 1 1 1 
1 1 1 1 1 1 1 1 1 
1 1 1 1 1 1 1 1 1 
1 1 1 1 1 1 1 1 1 
1 1 1 1 1 1 1 1 1 
1 1 1 1 1 1 1 1 1 
1 1 1 1 1 1 1 1 1 
1 1 1 1 1 1 1 1 1 
1 1 1 1 1 1 1 1 1 
1 1 1 1 1 1 1 1 1 
1 1 1 1 1 1 1 1 1 
1 1 1 1 1 1 1 1 1 
1 1 1 1 1 1 1 1 1 
1 1 1 1 1 1 1 1 1 
1 1 1 1 1 1 1 1 1 
1 1 1 1 1 1 1 1 1 
1 1 1 1 1 1 1 1 1 
1 1 1 1 1 1 1 1 1 
1 1 1 1 1 1 1 1 1 
1 1 1 1 1 1 1 1 1 
1 1 1 1 1 1 1 1 1 
1 1 1 1 1 1 1 1 1 
1 1 1 1 1 1 1 1 1 
1 1 1 1 1 1 1 1 1 
1 1 1 1 1 1 1 1 1 
1 1 1 1 1 1 1 1 1 
1 1 1 1 1 1 1 1 1 
1 1 1 1 1 1 1 1 1 
1 1 1 1 1 1 1 1 1 
1 1 1 1 1 1 1 1 1 
1 1 1 1 1 1 1 1 1 
1 1 1 1 1 1 1 1 1 
1 1 1 1 1 1 1 1 1 
1 1 1 1 1 1 1 1 1 
1 1 1 1 1 1 1 1 1 
1 1 1 1 1 1 1 1 1 
1 1 1 1 1 1 1 1 1 
1 1 1 1 1 1 1 1 1 
1 1 1 1 1 1 1 1 1 
1 1 1 1 1 1 1 1 1 
1 1 1 1 1 1 1 1 1 
1 1 1 1 1 1 1 1 1 
1 1 1 1 1 1 1 1 1 
1 1 1 1 1 1 1 1 1 
1 1 1 1 1 1 1 1 1 
1 1 1 1 1 1 1 1 1 
1 1 1 1 1 1 1 1 1 
1 1 1 1 1 1 1 1 1 
1 1 1 1 1 1 1 1 1 
1 1 1 1 1 1 1 1 1 
1 1 1 1 1 1 1 1 1 
1 1 1 1 1 1 1 1 1 
1 1 1 1 1 1 1 1 1 
1 1 1 1 1 1 1 1 1 
1 1 1 1 1 1 1 1 1 
1 1 1 1 1 1 1 1 1 
1 1 1 1 1 1 1 1 1 
1 1 1 1 1 1 1 1 1 
1 1 1 1 1 1 1 1 1 
1 1 1 1 1 1 1 1 1 
1 1 1 1 1 1 1 1 1 
1 1 1 1 1 1 1 1 1 
1 1 1 1 1 1 1 1 1 
1 1 1 1 1 1 1 1 1 
1 1 1 1 1 1 1 1 1 
1 1 1 1 1 1 1 1 1 
1 1 1 1 1 1 1 1 1 
1 1 1 1 1 1 1 1 1 
1 1 1 1 1 1 1 1 1 
1 1 1 1 1 1 1 1 1 
1 1 1 1 1 1 1 1 1 
1 1 1 1 1 1 1 1 1 
1 1 1 1 1 1 1 1 1 
1 1 1 1 1 1 1 1 1 
1 1 1 1 1 1 1 1 1 
1 1 1 1 1 1 1 1 1 
1 1 1 1 1 1 1 1 1 
1 1 1 1 1 1 1 1 1 
1 1 1 1 1 1 1 1 1 
1 1 1 1 1 1 1 1 1 
1 1 1 1 1 1 1 1 1 
1 1 1 1 1 1 1 1 1 
1 1 1 1 1 1 1 1 1 
1 1 1 1 1 1 1 1 1 
1 1 1 1 1 1 1 1 1 
1 1 1 1 1 1 1 1 1 
1 1 1 1 1 1 1 1 1 
1 1 1 1 1 1 1 1 1 
1 1 1 1 1 1 1 1 1 
1 1 1 1 1 1 1 1 1 
1 1 1 1 1 1 1 1 1 
1 1 1 1 1 1 1 1 1 
1 1 1 1 1 1 1 1 1 
1 1 1 1 1 1 1 1 1 
1 1 1 1 1 1 1 1 1 
1 1 1 1 1 1 1 1 1 
1 1 1 1 1 1 1 1 1 
1 1 1 1 1 1 1 1 1 
1 1 1 1 1 1 1 1 1 
1 1 1 1 1 1 1 1 1 
1 1 1 1 1 1 1 1 1 
1 1 1 1 1 1 1 1 1 
1 1 1 1 1 1 1 1 1 
1 1 1 1 1 1 1 1 1 
1 1 1 1 1 1 1 1 1 
1 1 1 1 1 1 1 1 1 
1 1 1 1 1 1 1 1 1 
1 1 1 1 1 1 1 1 1 
1 1 1 1 1 1 1 1 1 
1 1 1 1 1 1 1 1 1 
1 1 1 1 1 1 1 1 1 
1 1 1 1 1 1 1 1 1 
1 1 1 1 1 1 1 1 1 
1 1 1 1 1 1 1 1 1 
1 1 1 1 1 1 1 1 1 
1 1 1 1 1 1 1 1 1 
1 1 1 1 1 1 1 1 1 
1 1 1 1 1 1 1 1 1 
1 1 1 1 1 1 1 1 1 
1 1 1 1 1 1 1 1 1 
1 1 1 1 1 1 1 1 1 
1 1 1 1 1 1 1 1 1 
1 1 1 1 1 1 1 1 1 
1 1 1 1 1 1 1 1 1 
1 1 1 1 1 1 1 1 1 
1 1 1 1 1 1 1 1 1 
1 1 1 1 1 1 1 1 1 
1 1 1 1 1 1 1 1 1 
1 1 1 1 1 1 1 1 1 
1 1 1 1 1 1 1 1 1 
1 1 1 1 1 1 1 1 1 
1 1 1 1 1 1 1 1 1 
1 1 1 1 1 1 1 1 1 
1 1 1 1 1 1 1 1 1 
1 1 1 1 1 1 1 1 1 
1 1 1 1 1 1 1 1 1 
1 1 1 1 1 1 1 1 1 
1 1 1 1 1 1 1 1 1 
1 1 1 1 1 1 1 1 1 
1 1 1 1 1 1 1 1 1 
1 1 1 1 1 1 1 1 1 
1 1 1 1 1 1 1 1 1 
1 1 1 1 1 1 1 1 1 
1 1 1 1 1 1 1 1 1 
1 1 1 1 1 1 1 1 1 
1 1 1 1 1 1 1 1 1 
1 1 1 1 1 1 1 1 1 
1 1 1 1 1 1 1 1 1 
1 1 1 1 1 1 1 1 1 
1 1 1 1 1 1 1 1 1 
1 1 1 1 1 1 1 1 1 
1 1 1 1 1 1 1 1 1 
1 1 1 1 1 1 1 1 1 
1 1 1 1 1 1 1 1 1 
1 1 1 1 1 1 1 1 1 
1 1 1 1 1 1 1 1 1 
1 1 1 1 1 1 1 1 1 
1 1 1 1 1 1 1 1 1 
1 1 1 1 1 1 1 1 1 
1 1 1 1 1 1 1 1 1 
1 1 1 1 1 1 1 1 1 
1 1 1 1 1 1 1 1 1 
1 1 1 1 1 1 1 1 1 
1 1 1 1 1 1 1 1 1 
1 1 1 1 1 1 1 1 1 
1 1 1 1 1 1 1 1 1 
1 1 1 1 1 1 1 1 1 
1 1 1 1 1 1 1 1 1 
1 1 1 1 1 1 1 1 1 
1 1 1 1 1 1 1 1 1 
1 1 1 1 1 1 1 1 1 
1 1 1 1 1 1 1 1 1 
1 1 1 1 1 1 1 1 1 
1 1 1 1 1 1 1 1 1 
1 1 1 1 1 1 1 1 1 
1 1 1 1 1 1 1 1 1 
1 1 1 1 1 1 1 1 1 
1 1 1 1 1 1 1 1 1 
1 1 1 1 1 1 1 1 1 
1 1 1 1 1 1 1 1 1 
1 1 1 1 1 1 1 1 1 
1 1 1 1 1 1 1 1 1 
1 1 1 1 1 1 1 1 1 
1 1 1 1 1 1 1 1 1 
1 1 1 1 1 1 1 1 1 
1 1 1 1 1 1 1 1 1 
1 1 1 1 1 1 1 1 1 
1 1 1 1 1 1 1 1 1 
1 1 1 1 1 1 1 1 1 
1 1 1 1 1 1 1 1 1 
1 1 1 1 1 1 1 1 1 
1 1 1 1 1 1 1 1 1 
1 1 1 1 1 1 1 1 1 
1 1 1 1 1 1 1 1 1 
1 1 1 1 1 
