# vtk DataFile Version 5.1
vtk output
ASCII
DATASET POLYDATA
POINTS 3504 float
0.21343 -0.0509466 0.715777 0.214574 -0.0466685 0.695166 0.196858 -0.0546959 0.703298 
0.22556 -0.0627586 0.703217 0.207845 -0.070786 0.711349 0.408118 -0.0184142 0.625524 
0.409262 -0.014136 0.604913 0.391546 -0.0221634 0.613045 0.420248 -0.0302262 0.612964 
0.343985 -0.0264062 0.641868 0.345128 -0.0221281 0.621257 0.327413 -0.0301555 0.629389 
0.372687 -0.034469 0.641787 0.37383 -0.0301908 0.621177 0.401388 -0.0425318 0.641707 
0.413519 -0.0543437 0.629147 0.251149 -0.0263355 0.658293 0.252293 -0.0220573 0.637682 
0.234577 -0.0300847 0.645814 0.279851 -0.0343982 0.658212 0.280995 -0.0301201 0.637601 
0.308553 -0.042461 0.658131 0.309697 -0.0381829 0.637521 0.337255 -0.0505238 0.65805 
0.365957 -0.0585865 0.65797 0.394659 -0.0666493 0.657889 0.406789 -0.0784613 0.645329 
0.129612 -0.018202 0.674798 0.130756 -0.0139238 0.654187 0.11304 -0.0219512 0.662319 
0.158314 -0.0262648 0.674717 0.159458 -0.0219866 0.654106 0.187016 -0.0343275 0.674636 
0.18816 -0.0300493 0.654026 0.215718 -0.0423903 0.674556 0.216862 -0.0381121 0.653945 
0.24442 -0.0504531 0.674475 0.273122 -0.0585158 0.674394 0.301824 -0.0665786 0.674314 
0.330526 -0.0746414 0.674233 0.359228 -0.0827041 0.674152 0.371358 -0.0945161 0.661593 
0.389073 -0.0864887 0.653461 0.122883 -0.0423195 0.69098 0.106311 -0.0460688 0.678501 
0.151585 -0.0503823 0.6909 0.180286 -0.0584451 0.690819 0.23769 -0.0745706 0.690658 
0.24982 -0.0863826 0.678098 0.267536 -0.0783552 0.669966 0.296238 -0.086418 0.669886 
0.32494 -0.0944808 0.669805 0.353642 -0.102544 0.669724 0.0874512 -0.0583744 0.707244 
0.088595 -0.0540962 0.686633 0.0708793 -0.0621236 0.694764 0.116153 -0.0664371 0.707163 
0.144855 -0.0744999 0.707082 0.156985 -0.0863119 0.694522 0.174701 -0.0782845 0.686391 
0.203403 -0.0863472 0.68631 0.232105 -0.09441 0.686229 0.0818656 -0.0782137 0.702815 
0.110568 -0.0862765 0.702735 0.139269 -0.0943393 0.702654 0.337759 0.0625656 0.55218 
0.338903 0.0668438 0.531569 0.321187 0.0588164 0.539701 0.366461 0.0545028 0.552099 
0.367605 0.058781 0.531489 0.395163 0.0464401 0.552019 0.396307 0.0507183 0.531408 
0.407293 0.0346281 0.539459 0.302327 0.0465108 0.568443 0.303471 0.050789 0.547832 
0.285756 0.0427616 0.555964 0.331029 0.038448 0.568362 0.359731 0.0303853 0.568282 
0.388433 0.0223225 0.568201 0.418279 0.0185379 0.54751 0.417135 0.0142597 0.56812 
0.429265 0.00244775 0.555561 0.209492 0.0465815 0.584868 0.210636 0.0508597 0.564257 
0.19292 0.0428323 0.572389 0.238194 0.0385188 0.584787 0.239338 0.042797 0.564176 
0.266896 0.030456 0.584706 0.26804 0.0347342 0.564096 0.295598 0.0223932 0.584626 
0.3243 0.0143305 0.584545 0.353002 0.0062677 0.584464 0.381704 -0.00179506 0.584384 
0.410406 -0.00985784 0.584303 0.422536 -0.0216698 0.571743 0.116657 0.0466523 0.601292 
0.117801 0.0509305 0.580682 0.100085 0.0429031 0.588813 0.145359 0.0385895 0.601212 
0.146503 0.0428677 0.580601 0.174061 0.0305267 0.601131 0.175205 0.0348049 0.58052 
0.202763 0.022464 0.60105 0.231465 0.0144012 0.60097 0.260166 0.00633844 0.600889 
0.288868 -0.00172433 0.600808 0.31757 -0.0097871 0.600727 0.346272 -0.0178499 0.600647 
0.374974 -0.0259126 0.600566 0.415806 -0.0457874 0.587926 0.0525234 0.0386602 0.617636 
0.0536673 0.0429384 0.597025 0.0359516 0.034911 0.605157 0.0812254 0.0305975 0.617555 
0.0823692 0.0348757 0.596945 0.109927 0.0225347 0.617475 0.138629 0.0144719 0.617394 
0.167331 0.00640918 0.617313 0.196033 -0.00165359 0.617233 0.224735 -0.00971636 0.617152 
0.253437 -0.0177791 0.617071 0.282139 -0.0258419 0.616991 0.310841 -0.0339047 0.61691 
0.409077 -0.0699049 0.604108 -0.01161 0.0306682 0.63398 -0.0104661 0.0349464 0.613369 
-0.0281818 0.026919 0.621501 0.017092 0.0226054 0.633899 0.0182359 0.0268836 0.613289 
0.0457939 0.0145427 0.633819 0.0744959 0.00647991 0.633738 0.103198 -0.00158286 0.633657 
0.1319 -0.00964563 0.633577 0.160602 -0.0177084 0.633496 0.189304 -0.0257712 0.633415 
0.218006 -0.0338339 0.633335 0.402347 -0.0940225 0.620291 -0.0757433 0.0226762 0.650324 
-0.0745994 0.0269544 0.629713 -0.0923151 0.018927 0.637845 -0.0470414 0.0146134 0.650243 
-0.0458975 0.0188916 0.629633 -0.0183394 0.00655063 0.650162 0.0103625 -0.00151213 0.650082 
0.0390645 -0.0095749 0.650001 0.0677664 -0.0176377 0.64992 0.0964684 -0.0257004 0.64984 
0.366916 -0.110077 0.636554 0.384632 -0.10205 0.628422 -0.139877 0.0146841 0.666668 
-0.138733 0.0189623 0.646057 -0.156448 0.0109349 0.654189 -0.111175 0.00662138 0.666587 
-0.110031 0.0108996 0.645976 -0.0824728 -0.00144138 0.666506 -0.0537708 -0.00950415 0.666426 
-0.0250689 -0.0175669 0.666345 0.00363306 -0.0256297 0.666264 0.032335 -0.0336925 0.666184 
0.061037 -0.0417552 0.666103 0.0897389 -0.049818 0.666022 0.261951 -0.0981946 0.665538 
0.290653 -0.106257 0.665458 0.302783 -0.118069 0.652898 0.320498 -0.110042 0.644766 
0.3492 -0.118105 0.644686 -0.146606 -0.00943343 0.68285 -0.163178 -0.0131826 0.670371 
-0.117904 -0.0174962 0.68277 -0.0892022 -0.025559 0.682689 -0.0605003 -0.0336217 0.682608 
-0.0317984 -0.0416845 0.682528 -0.00309641 -0.0497473 0.682447 0.0256055 -0.05781 0.682366 
0.0543075 -0.0658728 0.682286 0.152543 -0.101873 0.669484 0.170259 -0.0938457 0.661352 
0.198961 -0.101908 0.661272 0.227663 -0.109971 0.661191 0.256365 -0.118034 0.66111 
0.285067 -0.126097 0.661029 -0.152192 -0.0292728 0.678422 -0.12349 -0.0373356 0.678341 
-0.0947878 -0.0453983 0.678261 -0.0660859 -0.0534611 0.67818 -0.037384 -0.0615239 0.678099 
-0.008682 -0.0695866 0.678019 0.0200199 -0.0776494 0.677938 0.0487219 -0.0857122 0.677857 
0.0774238 -0.0937749 0.677777 0.106126 -0.101838 0.677696 0.134828 -0.1099 0.677615 
0.346776 0.0952395 0.494776 0.34792 0.0995177 0.474166 0.330204 0.0914903 0.482297 
0.375478 0.0871768 0.494696 0.376622 0.0914549 0.474085 0.40418 0.079114 0.494615 
0.405324 0.0833922 0.474004 0.41631 0.067302 0.482055 0.311345 0.0791847 0.511039 
0.312488 0.0834629 0.490429 0.294773 0.0754355 0.49856 0.340047 0.071122 0.510959 
0.368748 0.0630592 0.510878 0.39745 0.0549964 0.510797 0.40958 0.0431844 0.498238 
0.275913 0.0631299 0.527303 0.277057 0.0674081 0.506692 0.259341 0.0593807 0.514824 
0.304615 0.0550672 0.527222 0.402851 0.0190669 0.51442 0.21178 0.0551379 0.543647 
0.212924 0.0594161 0.523036 0.195208 0.0513887 0.531167 0.240482 0.0470751 0.543566 
0.241626 0.0513533 0.522955 0.269184 0.0390124 0.543485 0.413837 0.00297669 0.522471 
0.424824 -0.0131135 0.530522 0.118944 0.0552086 0.560071 0.120088 0.0594868 0.53946 
0.102373 0.0514594 0.547592 0.147646 0.0471459 0.55999 0.14879 0.051424 0.53938 
0.176348 0.0390831 0.55991 0.177492 0.0433613 0.539299 0.418094 -0.037231 0.546705 
-0.0312947 0.0714049 0.576657 -0.0301508 0.0756831 0.556046 -0.0478665 0.0676557 0.564178 
-0.00259275 0.0633422 0.576576 -0.0014489 0.0676203 0.555966 0.0261092 0.0552794 0.576496 
0.027253 0.0595575 0.555885 0.0548111 0.0472166 0.576415 0.055955 0.0514948 0.555804 
0.0835131 0.0391538 0.576334 0.0846569 0.043432 0.555724 0.411365 -0.0613486 0.562887 
-0.12413 0.0714757 0.593081 -0.122986 0.0757538 0.572471 -0.140702 0.0677264 0.580602 
-0.095428 0.0634129 0.593001 -0.0942842 0.067691 0.57239 -0.0667261 0.0553501 0.59292 
-0.0655822 0.0596283 0.572309 -0.0380242 0.0472874 0.592839 -0.00932222 0.0392246 0.592759 
0.0193797 0.0311618 0.592678 0.404635 -0.0854662 0.579069 -0.159561 0.0554209 0.609345 
-0.158418 0.059699 0.588734 -0.176133 0.0516716 0.596866 -0.130859 0.0473581 0.609264 
-0.102158 0.0392953 0.609183 -0.0734556 0.0312325 0.609103 -0.0447536 0.0231698 0.609022 
0.385776 -0.0977717 0.607812 0.369204 -0.101521 0.595333 0.386919 -0.0934936 0.587201 
-0.165147 0.0355815 0.604917 -0.154161 0.0194913 0.612967 -0.137589 0.0232405 0.625446 
-0.108887 0.0151777 0.625366 0.362474 -0.125639 0.611515 -0.16089 -0.00462628 0.62915 
0.314913 -0.129881 0.640338 0.327043 -0.141693 0.627778 0.344759 -0.133666 0.619647 
-0.16762 -0.0287439 0.645333 0.148102 -0.117434 0.644445 0.165817 -0.109407 0.636313 
0.194519 -0.11747 0.636233 0.223221 -0.125532 0.636152 0.251923 -0.133595 0.636071 
0.280625 -0.141658 0.635991 0.309327 -0.149721 0.63591 -0.156633 -0.044834 0.653383 
-0.127932 -0.0528968 0.653303 -0.0992296 -0.0609596 0.653222 -0.0705276 -0.0690223 0.653141 
-0.0418257 -0.0770851 0.653061 -0.0131237 -0.0851479 0.65298 0.0155782 -0.0932106 0.652899 
0.0442801 -0.101273 0.652819 0.0729821 -0.109336 0.652738 0.101684 -0.117399 0.652657 
0.130386 -0.125462 0.652577 0.298389 0.144039 0.437534 0.299533 0.148317 0.416923 
0.281817 0.14029 0.425055 0.310519 0.132227 0.424974 0.292804 0.1242 0.433106 
0.321506 0.116137 0.433025 0.30379 0.108109 0.441157 0.320362 0.111859 0.453636 
0.332492 0.100047 0.441076 0.28493 0.0958039 0.469899 0.286074 0.100082 0.449288 
0.268358 0.0920547 0.45742 0.313632 0.0877411 0.469818 0.343478 0.0839565 0.449127 
0.37218 0.0758937 0.449046 0.399738 0.0635528 0.469576 0.383166 0.0598036 0.457097 
0.249499 0.0797491 0.486162 0.250643 0.0840272 0.465551 0.232927 0.0759998 0.473683 
0.278201 0.0716863 0.486081 0.394152 0.0437134 0.465148 0.405139 0.0276232 0.473199 
0.214068 0.0636943 0.502425 0.215211 0.0679724 0.481815 0.197496 0.059945 0.489946 
0.242769 0.0556315 0.502345 0.398409 0.00350567 0.489381 0.149934 0.0557022 0.518769 
0.151078 0.0599804 0.498159 0.133362 0.051953 0.50629 0.178636 0.0476395 0.518688 
0.17978 0.0519176 0.498078 0.408252 -0.0168627 0.518043 0.39168 -0.0206119 0.505564 
-0.0577089 0.088024 0.535516 -0.0565651 0.0923022 0.514906 -0.0742808 0.0842748 0.523037 
-0.029007 0.0799613 0.535436 -0.0278631 0.0842394 0.514825 -0.000305029 0.0718985 0.535355 
0.000838834 0.0761767 0.514744 0.0283969 0.0638357 0.535274 0.0295408 0.0681139 0.514664 
0.0570989 0.055773 0.535194 0.0582427 0.0600511 0.514583 0.0858008 0.0477102 0.535113 
0.0869447 0.0519884 0.514502 0.115647 0.0439256 0.514422 0.401522 -0.0409802 0.534226 
0.38495 -0.0447295 0.521747 -0.150544 0.0880948 0.551941 -0.1494 0.092373 0.53133 
-0.167116 0.0843456 0.539462 -0.121842 0.080032 0.55186 -0.120698 0.0843102 0.53125 
-0.0931403 0.0719692 0.55178 -0.0919965 0.0762474 0.531169 -0.0644384 0.0639065 0.551699 
0.394793 -0.0650978 0.550408 0.378221 -0.068847 0.537929 -0.157274 0.0639772 0.568123 
-0.173846 0.060228 0.555644 0.388063 -0.0892154 0.566591 0.371491 -0.0929646 0.554112 
-0.180575 0.0361104 0.571827 0.364762 -0.117082 0.570294 -0.170733 0.0157421 0.600488 
-0.187304 0.0119928 0.588009 0.358032 -0.1412 0.586477 -0.177462 -0.00837549 0.616671 
-0.194034 -0.0121247 0.604192 0.322601 -0.157255 0.60274 0.340317 -0.149227 0.594608 
-0.183048 -0.0282149 0.612243 -0.154346 -0.0362776 0.612162 -0.15549 -0.0405558 0.632773 
-0.125644 -0.0443404 0.612082 -0.126788 -0.0486186 0.632692 -0.114658 -0.0604306 0.620133 
0.13153 -0.121184 0.631966 0.114958 -0.124933 0.619487 0.132674 -0.116905 0.611355 
0.161376 -0.124968 0.611275 0.190078 -0.133031 0.611194 0.21878 -0.141094 0.611113 
0.247481 -0.149156 0.611033 0.276183 -0.157219 0.610952 0.304885 -0.165282 0.610871 
-0.103671 -0.0765208 0.628183 -0.0749694 -0.0845835 0.628103 -0.0462674 -0.0926463 0.628022 
-0.0175655 -0.100709 0.627941 0.0111365 -0.108772 0.627861 0.0398384 -0.116835 0.62778 
0.0685404 -0.124897 0.627699 0.0972423 -0.13296 0.627619 0.265246 0.136541 0.412576 
0.266389 0.140819 0.391965 0.248674 0.132791 0.400097 0.293948 0.128478 0.412495 
0.277376 0.124729 0.400016 0.258516 0.112423 0.428758 0.241944 0.108674 0.416279 
0.287218 0.10436 0.428678 0.288362 0.108638 0.408067 0.31592 0.0962975 0.428597 
0.299348 0.0925482 0.416118 0.251787 0.0883054 0.444941 0.235215 0.0845562 0.432462 
0.310334 0.0764581 0.424169 0.339036 0.0683953 0.424088 0.366594 0.0560544 0.444618 
0.350023 0.0523051 0.432139 0.216355 0.0722506 0.461204 0.217499 0.0765288 0.440593 
0.199783 0.0685014 0.448725 0.361009 0.036215 0.44019 0.388567 0.023874 0.46072 
0.371995 0.0201248 0.448241 0.180924 0.0561958 0.477467 0.182068 0.060474 0.456857 
0.164352 0.0524466 0.464988 0.382981 0.00403462 0.456292 0.393968 -0.0120556 0.464343 
-0.0554212 0.0965804 0.494295 -0.0542773 0.100859 0.473685 -0.071993 0.0928312 0.481816 
-0.0432911 0.0847684 0.481735 0.0019827 0.0804549 0.494134 0.00312656 0.084733 0.473523 
-0.0145891 0.0767056 0.481655 0.0306846 0.0723921 0.494053 0.0318285 0.0766703 0.473443 
0.0593866 0.0643293 0.493973 0.0605305 0.0686075 0.473362 0.0880885 0.0562666 0.493892 
0.0892324 0.0605447 0.473281 0.11679 0.0482038 0.493811 0.117934 0.0524819 0.4732 
0.146636 0.0444192 0.47312 0.387238 -0.0361731 0.480525 -0.119555 0.0885884 0.510639 
-0.118411 0.0928665 0.490028 -0.136126 0.0848391 0.49816 -0.0908526 0.0805256 0.510558 
-0.0897087 0.0848038 0.489948 -0.0323048 0.0686782 0.489786 0.380509 -0.0602907 0.496708 
-0.154986 0.0725336 0.526902 -0.142856 0.0607216 0.514343 0.373779 -0.0844083 0.51289 
-0.160572 0.0526942 0.522474 -0.178287 0.0446668 0.530606 0.35492 -0.0967138 0.541632 
0.338348 -0.100463 0.529154 0.356063 -0.0924357 0.521022 -0.185017 0.0205492 0.546788 
0.34819 -0.120831 0.557815 0.331618 -0.124581 0.545336 -0.203876 0.00824363 0.57553 
-0.202732 0.0125218 0.55492 -0.220448 0.00449439 0.563051 0.312759 -0.136886 0.574078 
0.296187 -0.140635 0.561599 0.313903 -0.132608 0.553468 0.341461 -0.144949 0.573998 
-0.210606 -0.0158739 0.591713 -0.227178 -0.0196232 0.579234 0.191221 -0.128753 0.590584 
0.17465 -0.132502 0.578104 0.192365 -0.124475 0.569973 0.221067 -0.132537 0.569892 
0.219923 -0.136815 0.590503 0.249769 -0.1406 0.569811 0.248625 -0.144878 0.590422 
0.278471 -0.148663 0.569731 0.277327 -0.152941 0.590341 0.306029 -0.161004 0.590261 
-0.216191 -0.0357133 0.587285 -0.187489 -0.0437761 0.587204 -0.158787 -0.0518389 0.587124 
-0.130086 -0.0599016 0.587043 -0.119099 -0.0759918 0.595094 0.0983862 -0.128682 0.607008 
0.0818143 -0.132431 0.594529 0.09953 -0.124404 0.586397 0.128232 -0.132467 0.586317 
0.156934 -0.140529 0.586236 -0.108113 -0.092082 0.603145 -0.0794111 -0.100145 0.603064 
-0.0507092 -0.108208 0.602983 -0.0220072 -0.11627 0.602903 0.00669473 -0.124333 0.602822 
0.0353967 -0.132396 0.602741 0.0640986 -0.140459 0.602661 0.210129 0.161222 0.371516 
0.211273 0.165501 0.350905 0.193558 0.157473 0.359037 0.22226 0.14941 0.358956 
0.204544 0.141383 0.367088 0.233246 0.13332 0.367007 0.21553 0.125293 0.375139 
0.232102 0.129042 0.387618 0.261948 0.125258 0.366927 0.272934 0.109167 0.374977 
0.225372 0.104925 0.4038 0.208801 0.101175 0.391321 0.28392 0.0930772 0.383028 
0.294906 0.076987 0.391079 0.189941 0.0888697 0.420064 0.191085 0.0931479 0.399453 
0.173369 0.0851205 0.407584 0.218643 0.080807 0.419983 0.305893 0.0608969 0.39913 
0.333451 0.0485559 0.41966 0.316879 0.0448067 0.407181 0.183212 0.0647522 0.436246 
0.16664 0.061003 0.423767 0.327865 0.0287165 0.415232 0.355423 0.0163756 0.435762 
0.338851 0.0126263 0.423283 -0.0818354 0.1132 0.453155 -0.0806915 0.117478 0.432544 
-0.0984072 0.10945 0.440676 -0.0531335 0.105137 0.453074 -0.0519896 0.109415 0.432463 
-0.0410034 0.0933248 0.440514 0.00427043 0.0890112 0.452913 0.00541429 0.0932894 0.432302 
-0.0123014 0.085262 0.440434 0.0329724 0.0809485 0.452832 0.0341162 0.0852266 0.432221 
0.0616743 0.0728857 0.452751 0.0628182 0.0771639 0.432141 0.0903763 0.0648229 0.452671 
0.0915201 0.0691011 0.43206 0.119078 0.0567601 0.45259 0.120222 0.0610383 0.431979 
0.14778 0.0486974 0.452509 0.148924 0.0529756 0.431899 0.349838 -0.00346381 0.431334 
0.377396 -0.0158048 0.451864 0.360824 -0.019554 0.439385 -0.0885649 0.089082 0.469337 
-0.105137 0.0853327 0.456858 -0.031161 0.0729564 0.469176 -0.0300171 0.0772346 0.448565 
0.370666 -0.0399223 0.468046 0.354094 -0.0436715 0.455567 -0.122852 0.0773053 0.46499 
-0.140568 0.0692779 0.473121 0.363937 -0.0640399 0.484229 0.347365 -0.0677891 0.47175 
-0.159428 0.0569724 0.501864 -0.158284 0.0612505 0.481253 -0.176 0.0532231 0.489385 
0.328505 -0.0800947 0.500492 0.311934 -0.0838439 0.488013 0.329649 -0.0758165 0.479881 
0.357207 -0.0881575 0.500411 -0.182729 0.0291056 0.505567 0.321776 -0.104212 0.516675 
0.305204 -0.107961 0.504196 -0.201589 0.0168 0.534309 -0.200445 0.0210782 0.513699 
-0.21816 0.0130508 0.52183 0.315046 -0.12833 0.532857 0.298475 -0.132079 0.520378 
-0.23702 0.000745174 0.550572 -0.235876 0.00502338 0.529962 -0.253592 -0.00300404 0.538093 
0.279615 -0.144385 0.54912 0.263043 -0.148134 0.536641 0.280759 -0.140106 0.52851 
-0.242606 -0.0190942 0.546144 -0.231619 -0.0351844 0.554195 0.158078 -0.136251 0.565625 
0.141506 -0.14 0.553146 0.159222 -0.131973 0.545015 0.187924 -0.140036 0.544934 
0.216626 -0.148098 0.544853 0.245327 -0.156161 0.544773 -0.220633 -0.0512745 0.562246 
-0.191931 -0.0593373 0.562165 -0.163229 -0.0674 0.562085 -0.134527 -0.0754628 0.562004 
-0.105825 -0.0835256 0.561923 -0.106969 -0.0878038 0.582534 -0.0771234 -0.0915884 0.561843 
-0.0782672 -0.0958666 0.582453 -0.0661371 -0.107679 0.569894 0.0365405 -0.128118 0.582131 
0.0199687 -0.131867 0.569652 0.0376844 -0.123839 0.56152 0.0663863 -0.131902 0.561439 
0.0652425 -0.13618 0.58205 0.0950883 -0.139965 0.561359 0.12379 -0.148028 0.561278 
-0.0551509 -0.123769 0.577945 -0.026449 -0.131831 0.577864 0.00225299 -0.139894 0.577783 
0.176986 0.153724 0.346558 0.17813 0.158002 0.325947 0.160414 0.149975 0.334079 
0.206832 0.149939 0.325867 0.217818 0.133849 0.333918 0.170256 0.129606 0.36274 
0.153684 0.125857 0.350261 0.198958 0.121544 0.36266 0.228804 0.117759 0.341968 
0.256362 0.105418 0.362498 0.23979 0.101669 0.350019 0.163527 0.105489 0.378923 
0.146955 0.10174 0.366444 0.192229 0.0974261 0.378842 0.250777 0.0855787 0.35807 
0.278335 0.0732378 0.3786 0.261763 0.0694886 0.366121 -0.130222 0.161999 0.395912 
-0.129078 0.166277 0.375302 -0.146794 0.15825 0.383433 -0.118092 0.150187 0.383353 
0.156797 0.0813713 0.395106 0.140225 0.0776221 0.382626 0.272749 0.0533984 0.374172 
0.300307 0.0410575 0.394702 0.283735 0.0373082 0.382223 -0.135808 0.14216 0.391484 
-0.0795477 0.121756 0.411933 -0.0784038 0.126034 0.391323 -0.0961195 0.118007 0.399454 
-0.0508457 0.113693 0.411853 -0.0497019 0.117971 0.391242 -0.0221438 0.10563 0.411772 
-0.0209999 0.109909 0.391161 0.00655816 0.0975676 0.411691 0.00770202 0.101846 0.391081 
0.0352601 0.0895048 0.411611 0.036404 0.093783 0.391 0.063962 0.0814421 0.41153 
0.0651059 0.0857202 0.390919 0.092664 0.0733793 0.411449 0.0938079 0.0776575 0.390839 
0.121366 0.0653165 0.411369 0.12251 0.0695947 0.390758 0.150068 0.0572537 0.411288 
0.294721 0.0212181 0.390274 0.32228 0.00887714 0.410804 0.305708 0.00512791 0.398325 
-0.102849 0.0938891 0.415637 -0.0288732 0.0815128 0.427955 0.316694 -0.0109623 0.406376 
0.344252 -0.0233032 0.426906 0.32768 -0.0270524 0.414427 -0.121709 0.0815835 0.444379 
-0.120565 0.0858617 0.423769 -0.13828 0.0778343 0.4319 0.338666 -0.0431426 0.422478 
0.349653 -0.0592328 0.430529 -0.15714 0.0655287 0.460642 -0.155996 0.0698069 0.440032 
-0.173712 0.0617795 0.448163 0.330793 -0.0715383 0.459271 0.314221 -0.0752876 0.446792 
0.331937 -0.0672602 0.43866 -0.192571 0.0494739 0.476906 -0.191427 0.0537521 0.456295 
-0.209143 0.0457247 0.464427 0.295362 -0.0875931 0.475534 0.27879 -0.0913424 0.463055 
0.296506 -0.083315 0.454923 -0.199301 0.0253564 0.493088 -0.215873 0.0216071 0.480609 
0.288632 -0.111711 0.491717 0.27206 -0.11546 0.479237 -0.234732 0.00930156 0.509351 
-0.233588 0.0135797 0.488741 -0.251304 0.00555233 0.496872 0.281903 -0.135828 0.507899 
0.265331 -0.139577 0.49542 -0.258034 -0.0185653 0.513055 0.246471 -0.151883 0.524162 
0.229899 -0.155632 0.511683 0.247615 -0.147605 0.503552 -0.247047 -0.0346554 0.521106 
-0.236061 -0.0507456 0.529157 0.124934 -0.14375 0.540667 0.108362 -0.147499 0.528188 
0.126078 -0.139471 0.520057 0.15478 -0.147534 0.519976 0.183482 -0.155597 0.519895 
0.212184 -0.16366 0.519815 -0.225075 -0.0668357 0.537207 -0.196373 -0.0748985 0.537127 
-0.167671 -0.0829613 0.537046 -0.138969 -0.091024 0.536965 -0.110267 -0.0990868 0.536885 
-0.0815651 -0.10715 0.536804 -0.0528632 -0.115212 0.536723 -0.054007 -0.119491 0.557334 
-0.0241612 -0.123275 0.536643 -0.0253051 -0.127553 0.557253 0.00454072 -0.131338 0.536562 
0.00339685 -0.135616 0.557173 0.0332427 -0.139401 0.536481 0.0619446 -0.147463 0.536401 
0.0906466 -0.155526 0.53632 0.11514 0.154288 0.321681 0.116284 0.158567 0.30107 
0.0985683 0.150539 0.309202 0.143842 0.146226 0.3216 0.144986 0.150504 0.300989 
0.173688 0.142441 0.300909 0.201246 0.1301 0.321439 0.184674 0.126351 0.30896 
0.108411 0.130171 0.337863 0.0918388 0.126422 0.325384 0.137113 0.122108 0.337782 
0.19566 0.110261 0.317011 0.223218 0.0979197 0.33754 0.206647 0.0941705 0.325061 
-0.0992324 0.162493 0.35461 -0.0980886 0.166771 0.334 -0.115804 0.158743 0.342131 
-0.0871023 0.150681 0.342051 0.101681 0.106053 0.354046 0.0851093 0.102304 0.341567 
0.130383 0.0979904 0.353965 0.217633 0.0780803 0.333112 0.245191 0.0657394 0.353642 
0.228619 0.0619901 0.341163 -0.13352 0.150716 0.350263 -0.151236 0.142689 0.358395 
-0.105962 0.138375 0.370793 -0.0761161 0.13459 0.350102 -0.0772599 0.130312 0.370712 
-0.048558 0.122249 0.370632 -0.0474141 0.126528 0.350021 -0.0198561 0.114187 0.370551 
-0.0187122 0.118465 0.34994 0.00884588 0.106124 0.37047 0.00998975 0.110402 0.34986 
0.0375478 0.0980612 0.37039 0.0386917 0.102339 0.349779 0.0662498 0.0899984 0.370309 
0.0673936 0.0942766 0.349698 0.0949517 0.0819356 0.370228 0.123654 0.0738729 0.370147 
0.239605 0.0459 0.349214 0.267163 0.033559 0.369744 0.250592 0.0298098 0.357265 
-0.140249 0.126598 0.366445 -0.112691 0.114257 0.386975 -0.129263 0.110508 0.374496 
0.261578 0.0137196 0.365316 0.289136 0.00137869 0.385846 0.272564 -0.00237052 0.373367 
-0.119421 0.0901399 0.403158 -0.135993 0.0863907 0.390679 0.28355 -0.0184607 0.381418 
0.311108 -0.0308016 0.401948 0.294537 -0.0345509 0.389469 -0.154852 0.0740851 0.419421 
-0.153708 0.0783633 0.398811 -0.171424 0.0703359 0.406942 0.305523 -0.050641 0.39752 
0.333081 -0.062982 0.41805 0.316509 -0.0667312 0.405571 -0.190284 0.0580303 0.435684 
-0.18914 0.0623084 0.415074 -0.206856 0.0542811 0.423205 0.297649 -0.0790368 0.434313 
0.281078 -0.082786 0.421834 0.298793 -0.0747586 0.413702 -0.213585 0.0301635 0.439388 
0.262218 -0.0950916 0.450576 0.245646 -0.0988408 0.438097 0.263362 -0.0908134 0.429965 
-0.232445 0.0178579 0.46813 -0.231301 0.0221361 0.447519 -0.249016 0.0141087 0.455651 
0.255489 -0.119209 0.466758 0.238917 -0.122958 0.454279 -0.255746 -0.0100089 0.471834 
0.248759 -0.143327 0.482941 0.232187 -0.147076 0.470462 -0.262475 -0.0341265 0.488016 
0.155924 -0.143256 0.499366 0.139352 -0.147005 0.486887 0.157068 -0.138978 0.478755 
0.18577 -0.147041 0.478674 0.184626 -0.151319 0.499285 0.214472 -0.155103 0.478594 
0.213328 -0.159382 0.499204 -0.251489 -0.0502166 0.496067 -0.222787 -0.0582794 0.495986 
-0.223931 -0.0625576 0.516597 -0.211801 -0.0743695 0.504037 0.0630885 -0.143185 0.51579 
0.0465166 -0.146934 0.503311 0.0642323 -0.138907 0.495179 0.0929343 -0.14697 0.495099 
0.0917904 -0.151248 0.515709 0.121636 -0.155033 0.495018 -0.200815 -0.0904597 0.512088 
-0.172113 -0.0985225 0.512007 -0.143411 -0.106585 0.511927 -0.114709 -0.114648 0.511846 
-0.0860068 -0.122711 0.511765 -0.0573049 -0.130774 0.511685 -0.028603 -0.138836 0.511604 
9.89857e-05 -0.146899 0.511523 0.0288009 -0.154962 0.511443 0.0887259 0.170907 0.28054 
0.0898698 0.175186 0.259929 0.0721541 0.167158 0.268061 0.100856 0.159095 0.26798 
0.0819964 0.14679 0.296723 0.0654246 0.143041 0.284244 0.111842 0.143005 0.276031 
0.140544 0.134943 0.275951 0.168102 0.122602 0.296481 0.15153 0.118852 0.284002 
-0.0682428 0.162986 0.313309 -0.0670989 0.167264 0.292698 -0.0848146 0.159237 0.300829 
-0.0561127 0.151174 0.300749 0.046565 0.130735 0.312986 0.0477089 0.135013 0.292375 
0.0299932 0.126986 0.300507 0.075267 0.122672 0.312905 0.162517 0.102762 0.292052 
0.190075 0.0904213 0.312582 0.173503 0.086672 0.300103 -0.132376 0.154994 0.329652 
-0.131232 0.159272 0.309042 -0.148948 0.151245 0.317173 -0.10253 0.15121 0.308961 
-0.0749722 0.138869 0.329491 -0.0451264 0.135084 0.3088 -0.0462703 0.130806 0.32941 
-0.0175683 0.122743 0.32933 -0.0164245 0.127021 0.308719 0.0111336 0.11468 0.329249 
0.0122775 0.118958 0.308638 0.0398356 0.106618 0.329168 0.0685375 0.0985548 0.329088 
0.184489 0.0705819 0.308154 0.212047 0.0582409 0.328684 0.195475 0.0544917 0.316205 
-0.167808 0.138939 0.345916 -0.166664 0.143218 0.325305 -0.184379 0.13519 0.333437 
0.206462 0.0384015 0.324256 0.23402 0.0260606 0.344786 0.217448 0.0223114 0.332307 
-0.203239 0.122885 0.362179 -0.202095 0.127163 0.341568 -0.219811 0.119135 0.3497 
-0.173393 0.1191 0.341487 -0.191109 0.111073 0.349619 -0.145835 0.106759 0.362017 
-0.162407 0.10301 0.349538 0.228434 0.00622119 0.340358 0.255992 -0.00611974 0.360888 
0.23942 -0.00986897 0.348409 -0.208825 0.103045 0.357751 -0.152565 0.0826414 0.3782 
-0.169136 0.0788922 0.365721 0.250407 -0.0259591 0.35646 0.277965 -0.0383001 0.37699 
0.261393 -0.0420493 0.364511 -0.187996 0.0665866 0.394463 -0.186852 0.0708648 0.373853 
-0.204568 0.0628374 0.381984 0.272379 -0.0581395 0.372562 0.299937 -0.0704804 0.393092 
0.283365 -0.0742296 0.380613 -0.211297 0.0387198 0.398167 0.276636 -0.0983472 0.396795 
-0.230157 0.0264143 0.426909 -0.229013 0.0306924 0.406298 -0.246729 0.022665 0.41443 
0.241204 -0.114402 0.413058 0.25892 -0.106375 0.404927 -0.265588 0.0103595 0.443172 
-0.264444 0.0146376 0.422561 -0.28216 0.00661025 0.430693 0.222345 -0.126708 0.4418 
0.205773 -0.130457 0.429321 0.223489 -0.122429 0.42119 -0.271174 -0.00947993 0.438744 
-0.260188 -0.0255701 0.446795 0.215615 -0.150825 0.457983 0.199044 -0.154574 0.445504 
-0.266917 -0.0496877 0.462977 0.12278 -0.150754 0.474408 0.106208 -0.154504 0.461929 
0.123924 -0.146476 0.453797 0.152626 -0.154539 0.453716 0.181328 -0.162602 0.453636 
-0.255931 -0.0657778 0.471028 -0.227229 -0.0738406 0.470948 -0.216243 -0.0899308 0.478998 
0.0299448 -0.150684 0.490832 0.013373 -0.154433 0.478353 0.0310887 -0.146406 0.470221 
0.0597906 -0.154468 0.470141 0.0884925 -0.162531 0.47006 -0.205256 -0.106021 0.487049 
-0.176554 -0.114084 0.486969 -0.147852 -0.122146 0.486888 -0.119151 -0.130209 0.486807 
-0.0904486 -0.138272 0.486727 -0.0617466 -0.146335 0.486646 -0.0330447 -0.154398 0.486565 
-0.00434275 -0.16246 0.486485 0.0555822 0.163409 0.255582 0.0567261 0.167687 0.234971 
0.0390104 0.15966 0.243103 0.085428 0.159624 0.234891 0.0964143 0.143534 0.242942 
0.0488528 0.139291 0.271765 0.0322809 0.135542 0.259286 0.107401 0.127444 0.250993 
0.136102 0.119381 0.250912 0.147089 0.103291 0.258963 -0.101386 0.155488 0.28835 
-0.100243 0.159766 0.26774 -0.117958 0.151738 0.275871 -0.0715406 0.151703 0.267659 
-0.0439826 0.139362 0.288189 -0.0428387 0.14364 0.267579 -0.0152806 0.131299 0.288108 
-0.0141367 0.135578 0.267498 0.0134213 0.123237 0.288028 0.0145652 0.127515 0.267417 
0.158075 0.087201 0.267014 0.169061 0.0711108 0.275065 -0.135674 0.143711 0.284003 
-0.15339 0.135684 0.292135 0.178904 0.0507425 0.303726 0.162332 0.0469933 0.291247 
-0.171105 0.127656 0.300266 -0.188821 0.119629 0.308398 0.173318 0.0309031 0.299298 
0.200876 0.0185621 0.319828 0.184304 0.0148129 0.307349 -0.236383 0.115386 0.337221 
-0.235239 0.119664 0.31661 -0.252954 0.111637 0.324742 -0.206537 0.111602 0.316529 
-0.178979 0.0992606 0.337059 0.19529 -0.00127724 0.3154 0.222849 -0.0136182 0.33593 
0.206277 -0.0173674 0.323451 -0.241968 0.0955467 0.332793 -0.21441 0.0832058 0.353323 
-0.230982 0.0794566 0.340844 -0.185708 0.075143 0.353242 0.217263 -0.0334576 0.331502 
0.244821 -0.0457985 0.352032 0.228249 -0.0495477 0.339553 -0.219996 0.0633664 0.348895 
-0.209009 0.0472762 0.356945 0.239235 -0.0656379 0.347604 0.266793 -0.0779789 0.368134 
0.250222 -0.0817281 0.355655 -0.227869 0.0349706 0.385688 -0.226725 0.0392488 0.365077 
-0.244441 0.0312214 0.373209 0.260064 -0.102096 0.384316 0.243492 -0.105846 0.371837 
-0.2633 0.0189158 0.401951 -0.262157 0.023194 0.38134 -0.279872 0.0151666 0.389472 
0.224633 -0.118151 0.400579 0.208061 -0.1219 0.3881 0.225776 -0.113873 0.379969 
-0.286602 -0.00895095 0.405654 0.189201 -0.134206 0.416842 0.172629 -0.137955 0.404363 
0.190345 -0.129928 0.396232 -0.275616 -0.0250411 0.413705 -0.264629 -0.0411313 0.421756 
0.182472 -0.158324 0.433025 0.1659 -0.162073 0.420546 -0.271359 -0.0652489 0.437939 
0.101767 -0.170065 0.43689 0.119482 -0.162037 0.428758 0.148184 -0.1701 0.428678 
-0.260373 -0.081339 0.44599 -0.232814 -0.09368 0.46652 -0.249386 -0.0974292 0.45404 
-0.0319008 -0.150119 0.465955 -0.0484727 -0.153869 0.453476 -0.030757 -0.145841 0.445344 
-0.00205503 -0.153904 0.445263 -0.00319889 -0.158182 0.465874 0.0266469 -0.161967 0.445183 
0.0553489 -0.170029 0.445102 0.0840508 -0.178092 0.445021 -0.2384 -0.113519 0.462091 
-0.209698 -0.121582 0.462011 -0.180996 -0.129645 0.46193 -0.152294 -0.137708 0.461849 
-0.123592 -0.14577 0.461769 -0.0948903 -0.153833 0.461688 -0.0661884 -0.161896 0.461607 
0.0224385 0.155911 0.230624 0.0235824 0.160189 0.210013 0.0058667 0.152161 0.218145 
0.0511405 0.147848 0.230543 0.0345686 0.144099 0.218064 0.0798424 0.139785 0.230463 
-0.0703968 0.155981 0.247049 -0.0692529 0.160259 0.226438 -0.0869686 0.152232 0.23457 
-0.0416948 0.147919 0.246968 -0.040551 0.152197 0.226357 -0.0129929 0.139856 0.246887 
-0.011849 0.144134 0.226277 0.0157091 0.131793 0.246807 0.0455549 0.128008 0.226115 
0.0742568 0.119946 0.226035 0.102959 0.111883 0.225954 0.130517 0.0995419 0.246484 
0.113945 0.0957927 0.234005 -0.13453 0.147989 0.263392 -0.133386 0.152267 0.242782 
-0.151102 0.14424 0.250914 -0.104684 0.144205 0.242701 0.124931 0.0797026 0.242056 
0.152489 0.0673616 0.262586 0.135917 0.0636124 0.250107 -0.169962 0.131934 0.279656 
-0.168818 0.136213 0.259045 -0.186533 0.128185 0.267177 0.146904 0.0475222 0.258158 
0.15789 0.0314321 0.266209 -0.205393 0.11588 0.295919 -0.204249 0.120158 0.275308 
-0.221965 0.11213 0.28344 0.168876 0.0153419 0.274259 0.179862 -0.000748277 0.28231 
-0.240824 0.0998249 0.312182 -0.228694 0.0880129 0.299622 0.189705 -0.0211166 0.310972 
0.173133 -0.0248658 0.298493 -0.235424 0.0638953 0.315805 0.184119 -0.040956 0.306544 
0.211677 -0.053297 0.327074 0.195105 -0.0570462 0.314595 -0.225581 0.043527 0.344466 
-0.242153 0.0397778 0.331987 0.206092 -0.0731364 0.322646 0.23365 -0.0854773 0.343176 
0.217078 -0.0892265 0.330697 -0.261013 0.0274722 0.36073 -0.259869 0.0317504 0.340119 
-0.277585 0.023723 0.348251 0.22692 -0.109595 0.359358 0.210348 -0.113344 0.346879 
-0.284314 -0.000394595 0.364433 0.191489 -0.12565 0.375621 0.174917 -0.129399 0.363142 
0.192633 -0.121371 0.355011 -0.291044 -0.0245122 0.380616 0.168188 -0.153516 0.379325 
-0.280057 -0.0406023 0.388667 -0.269071 -0.0566925 0.396717 0.149328 -0.165822 0.408067 
0.132756 -0.169571 0.395588 0.150472 -0.161544 0.387456 -0.275801 -0.0808101 0.4129 
0.0564927 -0.165751 0.424492 0.0399209 -0.169501 0.412013 0.0576366 -0.161473 0.403881 
0.0863385 -0.169536 0.4038 0.0851947 -0.173814 0.424411 0.11504 -0.177599 0.40372 
-0.264814 -0.0969002 0.420951 -0.236112 -0.104963 0.42087 -0.237256 -0.109241 0.441481 
-0.225126 -0.121053 0.428921 -0.0937465 -0.149555 0.441077 -0.110318 -0.153304 0.428598 
-0.0926026 -0.145277 0.420467 -0.0639006 -0.15334 0.420386 -0.0650445 -0.157618 0.440997 
-0.0351987 -0.161402 0.420305 -0.00649677 -0.169465 0.420225 0.0222052 -0.177528 0.420144 
-0.21414 -0.137143 0.436972 -0.185438 -0.145206 0.436891 -0.156736 -0.153269 0.436811 
-0.128034 -0.161332 0.43673 0.0179968 0.140349 0.205585 -0.10354 0.148483 0.222091 
-0.102397 0.152761 0.20148 -0.120112 0.144734 0.209612 -0.0736946 0.144698 0.201399 
-0.0449927 0.136636 0.201319 -0.0162907 0.128573 0.201238 0.0124112 0.12051 0.201157 
0.0411131 0.112447 0.201077 0.0698151 0.104384 0.200996 0.0973732 0.0920435 0.221526 
0.0808013 0.0882943 0.209047 -0.137828 0.136706 0.217743 -0.155544 0.128679 0.225875 
0.0917876 0.0722041 0.217098 0.12049 0.0641413 0.217017 0.131476 0.0480512 0.225068 
-0.203105 0.124436 0.254698 -0.201961 0.128714 0.234087 -0.219677 0.120687 0.242219 
-0.173259 0.120651 0.234006 0.142462 0.031961 0.233119 0.153448 0.0158708 0.24117 
-0.267239 0.116444 0.271042 -0.266095 0.120722 0.250431 -0.28381 0.112695 0.258563 
-0.238537 0.108381 0.270961 -0.237393 0.112659 0.25035 0.163291 -0.0044975 0.269831 
0.146719 -0.00824672 0.257352 -0.272824 0.0966046 0.266613 -0.261838 0.0805145 0.274664 
-0.245266 0.0842637 0.287143 0.157705 -0.0243369 0.265403 0.168691 -0.0404271 0.273454 
-0.250852 0.0644243 0.282715 -0.239865 0.0483341 0.290766 0.178534 -0.0607954 0.302116 
0.161962 -0.0645446 0.289637 -0.258725 0.0360285 0.319508 -0.257581 0.0403067 0.298898 
-0.275297 0.0322793 0.307029 0.172948 -0.0806348 0.297688 0.200506 -0.0929757 0.318218 
0.183934 -0.096725 0.305739 -0.294156 0.0199737 0.335772 -0.293013 0.0242519 0.315161 
-0.310728 0.0162245 0.323293 0.193777 -0.117093 0.3344 0.177205 -0.120843 0.321921 
-0.299742 0.000134356 0.331344 -0.288756 -0.0159558 0.339394 0.158345 -0.133148 0.350663 
0.141773 -0.136897 0.338184 0.159489 -0.12887 0.330053 -0.295485 -0.0400734 0.355577 
0.151616 -0.157266 0.366846 0.135044 -0.161015 0.354367 -0.284499 -0.0561635 0.363628 
-0.273513 -0.0722537 0.371679 0.128314 -0.185132 0.370549 -0.280242 -0.0963713 0.387861 
-0.0340548 -0.157124 0.399695 -0.0506267 -0.160873 0.387216 -0.032911 -0.152846 0.379084 
-0.00420903 -0.160909 0.379004 -0.0053529 -0.165187 0.399614 0.0244929 -0.168972 0.378923 
0.023349 -0.17325 0.399534 0.0531949 -0.177034 0.378842 0.0818968 -0.185097 0.378762 
0.110599 -0.19316 0.378681 -0.269256 -0.112461 0.395912 -0.241698 -0.124802 0.416442 
-0.25827 -0.128552 0.403963 -0.155592 -0.148991 0.4162 -0.172164 -0.15274 0.403721 
-0.154448 -0.144713 0.39559 -0.125746 -0.152775 0.395509 -0.12689 -0.157053 0.416119 
-0.0970443 -0.160838 0.395428 -0.0683424 -0.168901 0.395347 -0.247284 -0.144642 0.412014 
-0.218582 -0.152705 0.411933 -0.18988 -0.160767 0.411853 -0.136684 0.140984 0.197133 
-0.13554 0.145263 0.176522 -0.153256 0.137235 0.184654 -0.106838 0.1372 0.176441 
-0.0781364 0.129137 0.176361 -0.0494344 0.121074 0.17628 -0.0207325 0.113012 0.176199 
0.00682559 0.100671 0.196729 -0.00974625 0.0969214 0.18425 0.0189557 0.0888586 0.18417 
0.0366714 0.096886 0.176038 0.0653734 0.0888232 0.175957 0.0763596 0.0727331 0.184008 
-0.172116 0.12493 0.213396 -0.170972 0.129208 0.192785 -0.188687 0.12118 0.200917 
0.00123999 0.0808312 0.192301 0.0873458 0.0566429 0.192059 0.114904 0.0443019 0.212589 
0.0983321 0.0405527 0.20011 -0.236249 0.116938 0.22974 -0.235105 0.121216 0.209129 
-0.252821 0.113188 0.217261 -0.206403 0.113153 0.209048 0.109318 0.0244626 0.208161 
0.136876 0.0121216 0.228691 0.120305 0.0083724 0.216212 -0.300382 0.108946 0.246084 
-0.299238 0.113224 0.225473 -0.316954 0.105196 0.233605 -0.270536 0.105161 0.225392 
0.131291 -0.00771777 0.224263 0.142277 -0.0238079 0.232314 -0.305968 0.0891062 0.241655 
-0.27841 0.0767652 0.262185 -0.294982 0.073016 0.249706 0.153263 -0.0398981 0.240365 
0.16425 -0.0559883 0.248415 -0.283995 0.0569259 0.257757 -0.256437 0.0445849 0.278287 
-0.273009 0.0408357 0.265808 0.15752 -0.0801058 0.264598 -0.291869 0.0285301 0.29455 
-0.290725 0.0328083 0.27394 -0.308441 0.0247809 0.282071 0.168506 -0.096196 0.272649 
0.179493 -0.112286 0.2807 -0.31517 0.000663322 0.298254 0.160633 -0.124592 0.309442 
0.144061 -0.128341 0.296963 0.161777 -0.120314 0.288831 -0.304184 -0.0154269 0.306305 
-0.293198 -0.031517 0.314356 0.137332 -0.152459 0.313146 -0.299927 -0.0556346 0.330538 
0.130602 -0.176576 0.329328 -0.288941 -0.0717248 0.338589 -0.277955 -0.0878149 0.34664 
0.111743 -0.188882 0.35807 0.0951708 -0.192631 0.345591 0.112886 -0.184603 0.33746 
-0.284684 -0.111932 0.362823 -0.0671985 -0.164623 0.374737 -0.0837704 -0.168372 0.362258 
-0.0660547 -0.160344 0.354126 -0.0373527 -0.168407 0.354046 -0.00865077 -0.17647 0.353965 
0.0200512 -0.184533 0.353884 0.0487531 -0.192596 0.353804 0.0774551 -0.200658 0.353723 
-0.273698 -0.128023 0.370874 -0.244996 -0.136085 0.370793 -0.24614 -0.140364 0.391403 
-0.216294 -0.144148 0.370712 -0.217438 -0.148426 0.391323 -0.187592 -0.152211 0.370631 
-0.188736 -0.156489 0.391242 -0.15889 -0.160274 0.370551 -0.130188 -0.168336 0.37047 
-0.101486 -0.176399 0.370389 -0.139982 0.129701 0.151483 -0.157698 0.121674 0.159615 
-0.11128 0.121639 0.151403 -0.0825781 0.113576 0.151322 -0.0538762 0.105513 0.151241 
-0.0263181 0.0931722 0.171771 -0.0428899 0.0894229 0.159292 0.0322297 0.0813248 0.150999 
0.014514 0.0732974 0.159131 0.0597877 0.0689838 0.171529 0.0432159 0.0652346 0.15905 
-0.205259 0.117431 0.188438 -0.204115 0.121709 0.167827 -0.221831 0.113682 0.175959 
-0.175413 0.113647 0.167746 -0.0319037 0.0733328 0.167343 -0.00320175 0.06527 0.167262 
0.0542021 0.0491445 0.167101 0.0829041 0.0410817 0.16702 0.0938903 0.0249915 0.175071 
-0.298095 0.117502 0.204862 -0.296951 0.12178 0.184252 -0.314666 0.113753 0.192383 
-0.269393 0.109439 0.204782 -0.268249 0.113717 0.184171 -0.239547 0.105655 0.18409 
0.104877 0.00890136 0.183122 0.115863 -0.0071888 0.191173 -0.321396 0.0896351 0.208566 
0.126849 -0.023279 0.199224 0.137835 -0.0393691 0.207275 -0.340255 0.0773296 0.237308 
-0.339112 0.0816078 0.216697 -0.356827 0.0735804 0.224829 -0.311553 0.0692668 0.237227 
0.147678 -0.0597375 0.235936 0.131106 -0.0634867 0.223457 -0.345841 0.0574902 0.23288 
-0.317139 0.0494274 0.232799 -0.289581 0.0370865 0.253329 -0.306153 0.0333373 0.24085 
0.142092 -0.0795769 0.231508 0.153078 -0.095667 0.239559 -0.325012 0.0210317 0.269592 
-0.323869 0.0253098 0.248982 -0.341584 0.0172824 0.257113 0.162921 -0.116035 0.268221 
0.146349 -0.119785 0.255742 -0.330598 0.00119227 0.265164 -0.319612 -0.0148979 0.273215 
0.139619 -0.143902 0.271924 -0.308626 -0.0309881 0.281266 -0.297639 -0.0470782 0.289317 
0.13289 -0.16802 0.288107 -0.304369 -0.0711958 0.3055 0.11403 -0.180325 0.316849 
0.0974585 -0.184075 0.30437 0.115174 -0.176047 0.296238 -0.293382 -0.087286 0.31355 
-0.282396 -0.103376 0.321601 -0.0362089 -0.164129 0.333435 -0.0527807 -0.167878 0.320956 
-0.035065 -0.159851 0.312824 -0.00636305 -0.167914 0.312744 -0.00750691 -0.172192 0.333354 
0.0223389 -0.175976 0.312663 0.021195 -0.180255 0.333274 0.0510408 -0.184039 0.312582 
0.049897 -0.188317 0.333193 0.0797428 -0.192102 0.312502 0.0785989 -0.19638 0.333112 
-0.27141 -0.119466 0.329652 -0.272554 -0.123744 0.350263 -0.260424 -0.135556 0.337703 
-0.129044 -0.164058 0.34986 -0.145616 -0.167808 0.33738 -0.1279 -0.15978 0.329249 
-0.0991983 -0.167843 0.329168 -0.100342 -0.172121 0.349779 -0.0704964 -0.175906 0.329088 
-0.249438 -0.151647 0.345754 -0.220736 -0.159709 0.345673 -0.192034 -0.167772 0.345593 
-0.163332 -0.175835 0.345512 -0.17427 0.117925 0.147136 -0.173126 0.122203 0.126525 
-0.190841 0.114176 0.134657 -0.144424 0.11414 0.126445 -0.115722 0.106077 0.126364 
-0.0870199 0.0980147 0.126283 -0.0594618 0.0856737 0.146813 -0.0760336 0.0819245 0.134334 
0.0277879 0.0657636 0.125961 0.0100722 0.0577362 0.134092 0.0387742 0.0496734 0.134011 
-0.295807 0.126058 0.163641 -0.294663 0.130336 0.14303 -0.312379 0.122309 0.151162 
-0.267105 0.117996 0.16356 -0.265961 0.122274 0.14295 -0.238403 0.109933 0.16348 
-0.237259 0.114211 0.142869 -0.208557 0.106148 0.142788 -0.0650474 0.0658343 0.142385 
-0.0363454 0.0577716 0.142304 -0.00764348 0.0497088 0.142224 0.0497604 0.0335833 0.142062 
0.0784624 0.0255205 0.141982 0.0894486 0.00943032 0.150033 -0.319108 0.0981915 0.167345 
0.100435 -0.00665985 0.158084 0.111421 -0.02275 0.166134 -0.337968 0.0858859 0.196087 
-0.336824 0.0901641 0.175476 -0.35454 0.0821367 0.183608 0.122407 -0.0388402 0.174185 
0.133394 -0.0549303 0.182236 -0.361269 0.0580191 0.19979 0.126664 -0.0790479 0.198419 
-0.350283 0.041929 0.207841 -0.322725 0.029588 0.228371 -0.339297 0.0258388 0.215892 
0.13765 -0.0951381 0.20647 0.148637 -0.111228 0.214521 -0.329454 0.00547046 0.244554 
-0.32831 0.00974863 0.223943 -0.317324 -0.00634153 0.231994 0.141907 -0.135346 0.230703 
-0.306338 -0.0224317 0.240045 -0.307482 -0.0267099 0.260655 -0.295352 -0.0385219 0.248096 
0.135178 -0.159463 0.246886 -0.302081 -0.0626394 0.264278 0.116318 -0.171769 0.275628 
0.0997462 -0.175518 0.263149 0.117462 -0.167491 0.255017 -0.291095 -0.0787296 0.272329 
-0.292239 -0.0830078 0.29294 -0.280109 -0.0948198 0.28038 0.0930168 -0.199636 0.279331 
-0.286838 -0.118937 0.296563 -0.0980545 -0.163565 0.308558 -0.114626 -0.167314 0.296079 
-0.0969106 -0.159287 0.287947 -0.0682087 -0.167349 0.287866 -0.0693525 -0.171627 0.308477 
-0.0395067 -0.175412 0.287786 -0.0108048 -0.183475 0.287705 0.0178972 -0.191538 0.287624 
0.0465991 -0.1996 0.287544 0.0753011 -0.207663 0.287463 -0.275852 -0.135027 0.304614 
-0.24715 -0.14309 0.304533 -0.248294 -0.147368 0.325144 -0.236164 -0.15918 0.312584 
-0.162188 -0.171557 0.324902 -0.17876 -0.175306 0.312422 -0.161044 -0.167279 0.304291 
-0.132342 -0.175341 0.30421 -0.225177 -0.175271 0.320635 -0.196475 -0.183333 0.320554 
-0.236115 0.118489 0.122259 -0.234971 0.122767 0.101648 -0.252687 0.11474 0.10978 
-0.207413 0.110426 0.122178 -0.206269 0.114705 0.101567 -0.177567 0.106642 0.101487 
-0.148865 0.098579 0.101406 -0.120164 0.0905162 0.101325 -0.0914616 0.0824534 0.101245 
-0.0804754 0.0663633 0.109295 0.0222023 0.0459242 0.121532 -0.299105 0.114775 0.117992 
-0.31682 0.106748 0.126123 -0.270403 0.106712 0.117911 -0.0694891 0.0502731 0.117346 
-0.0407872 0.0422103 0.117266 -0.0120852 0.0341476 0.117185 0.0166167 0.0260848 0.117104 
0.0453187 0.018022 0.117024 0.0740206 0.00995927 0.116943 0.0850068 -0.00613089 0.124994 
-0.33568 0.0944423 0.154866 -0.334536 0.0987205 0.134255 -0.352252 0.0906931 0.142387 
0.0959931 -0.0222211 0.133045 0.106979 -0.0383112 0.141096 -0.358981 0.0665755 0.158569 
0.116822 -0.0586796 0.169757 0.10025 -0.0624288 0.157278 -0.365711 0.0424579 0.174752 
0.111236 -0.078519 0.165329 0.122222 -0.0946091 0.17338 -0.354725 0.0263678 0.182803 
-0.343738 0.0102776 0.190853 0.133209 -0.110699 0.181431 0.144195 -0.126789 0.189482 
-0.332752 -0.00581258 0.198904 -0.321766 -0.0219027 0.206955 0.137465 -0.150907 0.205664 
-0.31078 -0.0379929 0.215006 -0.299793 -0.0540831 0.223057 0.118606 -0.163213 0.234407 
0.102034 -0.166962 0.221928 0.11975 -0.158934 0.213796 -0.306523 -0.0782006 0.23924 
0.0953045 -0.191079 0.23811 -0.295537 -0.0942908 0.247291 -0.28455 -0.110381 0.255341 
-0.0383629 -0.171134 0.267175 -0.0549347 -0.174883 0.254696 -0.037219 -0.166856 0.246564 
-0.00851706 -0.174918 0.246484 -0.00966092 -0.179197 0.267094 0.0201849 -0.182981 0.246403 
0.019041 -0.187259 0.267014 0.0488868 -0.191044 0.246322 0.047743 -0.195322 0.266933 
0.0775888 -0.199107 0.246242 0.0764449 -0.203385 0.266852 -0.273564 -0.126471 0.263392 
-0.274708 -0.130749 0.284003 -0.262578 -0.142561 0.271443 -0.131198 -0.171063 0.2836 
-0.14777 -0.174812 0.271121 -0.130054 -0.166785 0.262989 -0.101352 -0.174848 0.262908 
-0.0726504 -0.182911 0.262828 -0.251592 -0.158651 0.279494 -0.22289 -0.166714 0.279414 
-0.224033 -0.170992 0.300024 -0.194188 -0.174777 0.279333 -0.195332 -0.179055 0.299943 
-0.165486 -0.18284 0.279252 -0.176424 0.11092 0.080876 -0.17528 0.115198 0.0602654 
-0.192995 0.107171 0.068397 -0.147722 0.102857 0.0807953 -0.146578 0.107135 0.0601847 
-0.11902 0.0947944 0.0807146 -0.117876 0.0990726 0.060104 -0.10689 0.0829824 0.0681549 
-0.297961 0.119053 0.0973812 -0.296817 0.123332 0.0767706 -0.314533 0.115304 0.0849022 
-0.269259 0.110991 0.0973005 -0.268115 0.115269 0.0766899 -0.239413 0.107206 0.0766092 
-0.210711 0.0991433 0.0765286 -0.0959033 0.0668922 0.0762058 -0.0683452 0.0545513 0.0967358 
-0.0672014 0.0588295 0.0761252 -0.0562151 0.0427393 0.0841761 -0.321262 0.0911867 0.101085 
-0.0452289 0.0266491 0.092227 -0.016527 0.0185864 0.0921463 0.012175 0.0105236 0.0920656 
0.0408769 0.00246084 0.091985 0.068435 -0.00988011 0.112515 0.0518632 -0.0136293 0.100036 
-0.338978 0.0831593 0.109216 -0.356694 0.0751318 0.117348 0.0628494 -0.0297195 0.108087 
0.0904075 -0.0420604 0.128617 0.0738356 -0.0458097 0.116138 -0.363423 0.0510143 0.13353 
0.083678 -0.066178 0.144799 0.0671062 -0.0699272 0.13232 -0.370152 0.0268967 0.149713 
0.0780924 -0.0860174 0.140371 0.106794 -0.0940802 0.14029 0.117781 -0.11017 0.148341 
-0.359166 0.0108066 0.157764 -0.34818 -0.00528361 0.165815 0.127623 -0.130539 0.177003 
0.111051 -0.134288 0.164524 -0.337194 -0.0213738 0.173866 -0.326208 -0.0374639 0.181917 
0.120894 -0.154656 0.193185 0.104322 -0.158405 0.180706 -0.315221 -0.0535541 0.189967 
-0.304235 -0.0696443 0.198018 0.0975922 -0.182523 0.196889 -0.293249 -0.0857345 0.206069 
-0.294393 -0.0900126 0.22668 -0.282263 -0.101825 0.21412 0.0787326 -0.194829 0.225631 
0.0621608 -0.198578 0.213152 0.0798765 -0.19055 0.205021 -0.288992 -0.125942 0.230303 
-0.100208 -0.17057 0.242298 -0.11678 -0.174319 0.229819 -0.0990646 -0.166291 0.221687 
-0.0703627 -0.174354 0.221606 -0.0715065 -0.178632 0.242217 -0.0416607 -0.182417 0.221526 
-0.0129588 -0.19048 0.221445 0.0157432 -0.198542 0.221364 0.0444451 -0.206605 0.221284 
-0.278006 -0.142032 0.238354 -0.249304 -0.150095 0.238273 -0.250448 -0.154373 0.258884 
-0.238318 -0.166185 0.246324 -0.164342 -0.178562 0.258642 -0.180914 -0.182311 0.246163 
-0.163198 -0.174283 0.238031 -0.134496 -0.182346 0.23795 -0.227331 -0.182275 0.254375 
-0.198629 -0.190338 0.254294 -0.266971 0.119547 0.0560793 -0.265827 0.123825 0.0354687 
-0.283543 0.115798 0.0436003 -0.238269 0.111484 0.0559986 -0.237125 0.115762 0.035388 
-0.209567 0.103421 0.055918 -0.208423 0.1077 0.0353074 -0.179721 0.0996369 0.0352267 
-0.151019 0.0915741 0.035146 -0.122318 0.0835114 0.0350653 -0.0947595 0.0711704 0.0555952 
-0.0936156 0.0754486 0.0349846 -0.0826294 0.0593584 0.0430356 -0.301259 0.10777 0.0517319 
-0.318974 0.099743 0.0598635 -0.0716431 0.0432683 0.0510865 -0.0606569 0.0271781 0.0591374 
-0.337834 0.0874374 0.0886057 -0.33669 0.0917156 0.0679951 -0.354406 0.0836882 0.0761267 
-0.0496706 0.0110879 0.0671883 -0.0209687 0.00302516 0.0671076 0.00773325 -0.0050376 0.067027 
0.0364352 -0.0131004 0.0669463 0.0474214 -0.0291905 0.0749972 -0.361135 0.0595706 0.0923092 
0.0572638 -0.0495589 0.103659 0.040692 -0.0533081 0.0911797 -0.367865 0.0354531 0.108492 
0.0505343 -0.0736765 0.119841 0.0339625 -0.0774257 0.107362 -0.356878 0.0193629 0.116543 
-0.358022 0.0150847 0.137153 -0.345892 0.00327274 0.124594 0.0449487 -0.0935158 0.115413 
0.0725068 -0.105857 0.135943 0.055935 -0.109606 0.123464 0.101209 -0.11392 0.135862 
-0.334906 -0.0128174 0.132644 -0.33605 -0.0170956 0.153255 -0.32392 -0.0289076 0.140695 
0.0669212 -0.125696 0.131515 0.0944793 -0.138037 0.152045 0.0779075 -0.141786 0.139566 
-0.312934 -0.0449978 0.148746 -0.314077 -0.0492759 0.169357 -0.301947 -0.0610879 0.156797 
0.0877498 -0.162155 0.168227 0.071178 -0.165904 0.155748 -0.308677 -0.0852055 0.17298 
0.0810204 -0.186272 0.18441 0.0644485 -0.190021 0.171931 -0.297691 -0.101296 0.181031 
-0.286704 -0.117386 0.189082 -0.0979208 -0.162013 0.201077 -0.114493 -0.165762 0.188597 
-0.0967769 -0.157735 0.180466 -0.068075 -0.165798 0.180385 -0.0692188 -0.170076 0.200996 
-0.039373 -0.173861 0.180305 -0.0405169 -0.178139 0.200915 -0.0106711 -0.181923 0.180224 
-0.0118149 -0.186202 0.200834 0.0180309 -0.189986 0.180143 0.016887 -0.194264 0.200754 
0.0467328 -0.198049 0.180063 0.045589 -0.202327 0.200673 -0.275718 -0.133476 0.197132 
-0.276862 -0.137754 0.217743 -0.247016 -0.141539 0.197052 -0.24816 -0.145817 0.217662 
-0.218314 -0.149602 0.196971 -0.219458 -0.15388 0.217582 -0.207328 -0.165692 0.205022 
-0.133352 -0.178068 0.21734 -0.149924 -0.181817 0.204861 -0.132208 -0.17379 0.196729 
-0.226187 -0.177997 0.233764 -0.196342 -0.181782 0.213073 -0.197486 -0.18606 0.233684 
-0.16764 -0.189845 0.212992 -0.149876 0.0958523 0.0145354 -0.148732 0.10013 -0.0060752 
-0.166447 0.0921031 0.00205639 -0.137746 0.0840403 0.00197571 -0.300115 0.112049 0.0311213 
-0.298971 0.116327 0.0105107 -0.316687 0.108299 0.0186423 -0.270269 0.108264 0.01043 
-0.241567 0.100201 0.0103494 -0.212865 0.0921385 0.0102687 -0.184163 0.0840757 0.010188 
-0.126759 0.0679502 0.0100266 -0.0980573 0.0598874 0.00994595 -0.0704993 0.0475465 0.0304759 
-0.0693554 0.0518246 0.00986527 -0.0583692 0.0357345 0.0179162 -0.323416 0.0841818 0.0348248 
-0.0485268 0.0153661 0.0465777 -0.0473829 0.0196443 0.0259671 -0.0198248 0.00730334 0.046497 
-0.018681 0.0115815 0.0258864 -0.00769473 -0.00450864 0.0339373 -0.341132 0.0761544 0.0429564 
-0.358848 0.068127 0.051088 0.00329151 -0.0205988 0.0419883 0.0308496 -0.0329398 0.0625182 
0.0142778 -0.036689 0.0500392 -0.365577 0.0440094 0.0672705 0.0241201 -0.0570573 0.0787007 
0.00754829 -0.0608065 0.0662217 -0.372306 0.0198919 0.083453 0.0185345 -0.0768967 0.0742726 
0.0295208 -0.0929869 0.0823235 -0.36132 0.00380171 0.0915039 -0.350334 -0.0122885 0.0995549 
0.040507 -0.109077 0.0903744 0.0514932 -0.125167 0.0984254 -0.339348 -0.0283786 0.107606 
-0.328362 -0.0444688 0.115657 0.0624795 -0.141257 0.106476 0.0734657 -0.157348 0.114527 
-0.317375 -0.060559 0.123708 -0.306389 -0.0766491 0.131759 0.0667363 -0.181465 0.13071 
-0.295403 -0.0927393 0.139809 -0.296547 -0.0970175 0.16042 -0.284417 -0.108829 0.14786 
-0.0095272 -0.177645 0.159613 -0.026099 -0.181394 0.147134 -0.00838334 -0.173367 0.139003 
0.0203186 -0.18143 0.138922 0.0191747 -0.185708 0.159533 0.0490206 -0.189493 0.138841 
0.0478767 -0.193771 0.159452 -0.27343 -0.12492 0.155911 -0.274574 -0.129198 0.176522 
-0.244728 -0.132982 0.155831 -0.245872 -0.137261 0.176441 -0.216026 -0.141045 0.15575 
-0.21717 -0.145323 0.176361 -0.20504 -0.157135 0.163801 -0.131064 -0.169512 0.176118 
-0.147636 -0.173261 0.163639 -0.129921 -0.165233 0.155508 -0.101219 -0.173296 0.155427 
-0.0725167 -0.181359 0.155347 -0.0438147 -0.189422 0.155266 -0.194054 -0.173226 0.171852 
-0.195198 -0.177504 0.192462 -0.165352 -0.181288 0.171771 -0.166496 -0.185566 0.192382 
-0.269125 0.112542 -0.0101806 -0.267981 0.11682 -0.0307912 -0.285697 0.108793 -0.0226596 
-0.240423 0.104479 -0.0102613 -0.239279 0.108758 -0.0308719 -0.211721 0.0964167 -0.0103419 
-0.210577 0.100695 -0.0309525 -0.183019 0.0883539 -0.0104226 -0.181875 0.0926321 -0.0310332 
-0.153173 0.0845693 -0.0311139 -0.125615 0.0722283 -0.010584 -0.124472 0.0765065 -0.0311946 
-0.113485 0.0604163 -0.0231437 -0.303413 0.100766 -0.014528 -0.321128 0.0927382 -0.00639639 
-0.102499 0.0443262 -0.0150927 -0.0737971 0.0362634 -0.0151734 -0.0628109 0.0201733 -0.00712251 
-0.339988 0.0804326 0.0223458 -0.338844 0.0847108 0.0017352 -0.35656 0.0766834 0.0098668 
-0.0518246 0.00408308 0.00092841 -0.0242666 -0.00825787 0.0214583 -0.0408384 -0.0120071 0.00897933 
-0.363289 0.0525658 0.0260493 -0.0298522 -0.0280973 0.0170302 -0.00229409 -0.0404382 0.0375602 
-0.0188659 -0.0441874 0.0250812 -0.370019 0.0284482 0.0422318 -0.00787969 -0.0602776 0.0331321 
0.00310655 -0.0763678 0.041183 -0.376748 0.00433066 0.0584143 0.0140928 -0.0924579 0.0492339 
0.0416509 -0.104799 0.0697638 0.0427947 -0.100521 0.0491532 0.053781 -0.116611 0.0572041 
-0.365762 -0.0117595 0.0664653 -0.354776 -0.0278497 0.0745162 0.0636234 -0.136979 0.0858657 
0.0647672 -0.132701 0.0652551 0.0757535 -0.148791 0.073306 -0.34379 -0.0439398 0.0825671 
-0.315088 -0.0520026 0.0824864 -0.316231 -0.0562808 0.103097 -0.304101 -0.0680928 0.0905373 
0.069024 -0.172909 0.0894885 -0.293115 -0.0841829 0.0985882 -0.294259 -0.0884611 0.119199 
-0.282129 -0.100273 0.106639 0.0622945 -0.197026 0.105671 -0.271143 -0.116363 0.11469 
-0.272286 -0.120641 0.135301 -0.242441 -0.124426 0.114609 -0.243584 -0.128704 0.13522 
-0.213739 -0.132489 0.114529 -0.214883 -0.136767 0.135139 -0.202752 -0.148579 0.12258 
-0.100075 -0.169018 0.134817 -0.116647 -0.172767 0.122338 -0.0989309 -0.16474 0.114206 
-0.070229 -0.172803 0.114125 -0.0713728 -0.177081 0.134736 -0.041527 -0.180865 0.114045 
-0.0426709 -0.185144 0.134655 -0.0128251 -0.188928 0.113964 0.0158769 -0.196991 0.113883 
0.0445788 -0.205054 0.113803 -0.191766 -0.164669 0.130631 -0.19291 -0.168947 0.151241 
-0.163064 -0.172732 0.13055 -0.164208 -0.17701 0.15116 -0.134362 -0.180795 0.130469 
-0.302269 0.105044 -0.0351386 -0.301125 0.109322 -0.0557492 -0.318841 0.101295 -0.0476176 
-0.272423 0.101259 -0.0558299 -0.243721 0.0931964 -0.0559106 -0.215019 0.0851336 -0.0559912 
-0.186317 0.0770709 -0.0560719 -0.157615 0.0690081 -0.0561526 -0.128913 0.0609453 -0.0562333 
-0.101355 0.0486044 -0.0357033 -0.100211 0.0528825 -0.056314 -0.0892251 0.0367924 -0.048263 
-0.32557 0.0771769 -0.0314351 -0.0782389 0.0207022 -0.0402121 -0.0672526 0.00461204 -0.0321612 
-0.343286 0.0691495 -0.0233035 -0.361002 0.0611221 -0.0151719 -0.0562664 -0.0114781 -0.0241103 
-0.0452801 -0.0275683 -0.0160594 -0.367731 0.0370046 0.00101061 -0.0342939 -0.0436585 -0.00800845 
-0.0233077 -0.0597486 4.24659e-05 -0.37446 0.012887 0.0171931 -0.0123214 -0.0758388 0.00809338 
-0.00133519 -0.091929 0.0161443 -0.38119 -0.0112305 0.0333756 0.00965105 -0.108019 0.0241952 
0.038353 -0.116082 0.0241145 0.0659111 -0.128423 0.0446445 0.0670549 -0.124145 0.0240339 
0.0780412 -0.140235 0.0320848 -0.370204 -0.0273207 0.0414266 -0.341502 -0.0353835 0.0413459 
-0.342646 -0.0396617 0.0619565 -0.330516 -0.0514736 0.0493968 0.0878835 -0.160603 0.0607463 
0.0890274 -0.156325 0.0401357 0.100014 -0.172415 0.0481866 -0.319529 -0.0675638 0.0574477 
-0.308543 -0.083654 0.0654986 0.0645822 -0.18847 0.0644498 0.082298 -0.180443 0.0563182 
-0.297557 -0.0997442 0.0735495 -0.268855 -0.107807 0.0734689 -0.269999 -0.112085 0.0940795 
-0.240153 -0.11587 0.0733882 -0.241297 -0.120148 0.0939988 -0.229167 -0.13196 0.0814391 
-0.0690851 -0.168524 0.0935147 -0.0856569 -0.172274 0.0810357 -0.0679412 -0.164246 0.0729041 
-0.0392393 -0.172309 0.0728234 -0.0403832 -0.176587 0.093434 -0.0105373 -0.180372 0.0727428 
-0.0116812 -0.18465 0.0933534 0.0181646 -0.188435 0.0726621 0.0170207 -0.192713 0.0932727 
0.0468665 -0.196497 0.0725814 0.0457227 -0.200776 0.093192 -0.21818 -0.14805 0.08949 
-0.189479 -0.156113 0.0894093 -0.190622 -0.160391 0.11002 -0.160777 -0.164176 0.0893287 
-0.16192 -0.168454 0.109939 -0.132075 -0.172238 0.089248 -0.133218 -0.176517 0.109859 
-0.103373 -0.180301 0.0891673 -0.271279 0.105537 -0.0764405 -0.270135 0.109816 -0.0970511 
-0.287851 0.101788 -0.0889195 -0.242577 0.0974746 -0.0765212 -0.241433 0.101753 -0.0971318 
-0.213875 0.0894118 -0.0766018 -0.212731 0.09369 -0.0972124 -0.185173 0.081349 -0.0766825 
-0.184029 0.0856272 -0.0972931 -0.173043 0.069537 -0.0892422 -0.305567 0.0937607 -0.0807879 
-0.323282 0.0857333 -0.0726563 -0.162057 0.0534469 -0.0811913 -0.133355 0.0453841 -0.081272 
-0.104653 0.0373213 -0.0813526 -0.077095 0.0249804 -0.0608227 -0.0759511 0.0292586 -0.0814333 
-0.0649649 0.0131684 -0.0733824 -0.330012 0.0616157 -0.0564738 -0.0551225 -0.00719994 -0.0447209 
-0.0539787 -0.00292177 -0.0653315 -0.0429924 -0.0190119 -0.0572806 -0.347728 0.0535884 -0.0483422 
-0.365443 0.0455609 -0.0402106 -0.0497219 -0.0431295 -0.0410981 -0.372173 0.0214434 -0.0240281 
-0.0387356 -0.0592197 -0.0330471 -0.0277494 -0.0753098 -0.0249962 -0.378902 -0.00267419 -0.00784557 
-0.0167632 -0.0914 -0.0169453 0.0107949 -0.103741 0.00358461 0.0119388 -0.0994628 -0.017026 
0.0394969 -0.111804 0.00350393 0.0406407 -0.107526 -0.0171067 0.0681988 -0.119866 0.00342325 
0.0693427 -0.115588 -0.0171874 0.0803289 -0.131678 -0.00913643 -0.367916 -0.0187644 0.000205352 
-0.36906 -0.0230425 0.0208159 -0.35693 -0.0348545 0.00825626 0.0901713 -0.152047 0.0195251 
0.0913152 -0.147769 -0.00108552 0.102301 -0.163859 0.0069654 -0.345944 -0.0509447 0.0163072 
-0.317242 -0.0590075 0.0162265 -0.318385 -0.0632856 0.0368371 -0.306255 -0.0750976 0.0242774 
0.0834418 -0.176164 0.0357076 0.06687 -0.179914 0.0232286 0.0845857 -0.171886 0.015097 
-0.295269 -0.0911878 0.0323283 -0.296413 -0.095466 0.0529389 -0.266567 -0.0992506 0.0322477 
-0.267711 -0.103529 0.0528583 -0.255581 -0.115341 0.0402986 -0.00939348 -0.176094 0.0521321 
-0.0259653 -0.179843 0.0396531 -0.00824962 -0.171815 0.0315215 0.0204523 -0.179878 0.0314409 
0.0193085 -0.184156 0.0520515 0.0491543 -0.187941 0.0313602 0.0480104 -0.192219 0.0519708 
-0.244595 -0.131431 0.0483495 -0.215893 -0.139494 0.0482688 -0.217037 -0.143772 0.0688794 
-0.187191 -0.147556 0.0481881 -0.188335 -0.151835 0.0687987 -0.158489 -0.155619 0.0481075 
-0.159633 -0.159897 0.0687181 -0.129787 -0.163682 0.0480268 -0.130931 -0.16796 0.0686374 
-0.101085 -0.171745 0.0479461 -0.102229 -0.176023 0.0685567 -0.072383 -0.179807 0.0478654 
-0.043681 -0.18787 0.0477847 -0.274577 0.0942543 -0.12209 -0.292293 0.0862269 -0.113958 
-0.245875 0.0861915 -0.12217 -0.217173 0.0781288 -0.122251 -0.188471 0.070066 -0.122332 
-0.160913 0.0577251 -0.101802 -0.159769 0.0620032 -0.122412 -0.132211 0.0496623 -0.101883 
-0.131067 0.0539405 -0.122493 -0.103509 0.0415995 -0.101963 -0.102365 0.0458777 -0.122574 
-0.0913791 0.0297875 -0.114523 -0.310008 0.0781995 -0.105827 -0.327724 0.0701721 -0.097695 
-0.0803929 0.0136974 -0.106472 -0.0528348 0.00135641 -0.0859421 -0.0516909 0.00563459 -0.106553 
-0.0407047 -0.0104556 -0.0985018 -0.334454 0.0460545 -0.0815125 -0.0474342 -0.0345731 -0.0823193 
-0.353313 0.033749 -0.0527703 -0.341183 0.021937 -0.06533 -0.0364479 -0.0506633 -0.0742684 
-0.0375918 -0.0549415 -0.0536577 -0.0254617 -0.0667535 -0.0662174 -0.358899 0.0139096 -0.0571984 
-0.376614 0.00588217 -0.0490668 -0.0156193 -0.0871218 -0.0375559 -0.0144754 -0.0828436 -0.0581665 
0.0130826 -0.0951846 -0.0376366 0.0142265 -0.0909064 -0.0582472 0.0417846 -0.103247 -0.0377173 
0.0429285 -0.0989692 -0.0583279 0.0704865 -0.11131 -0.037798 0.0716304 -0.107032 -0.0584086 
0.0991885 -0.119373 -0.0378786 0.100332 -0.115095 -0.0584892 0.111319 -0.131185 -0.0504383 
-0.383344 -0.0182354 -0.0328843 0.092459 -0.14349 -0.0216961 0.104589 -0.155302 -0.0342558 
-0.372358 -0.0343256 -0.0248333 -0.343656 -0.0423883 -0.024914 -0.3448 -0.0466665 -0.00430342 
-0.33267 -0.0584785 -0.0168631 0.0978597 -0.17942 -0.0180733 -0.321683 -0.0745687 -0.0088122 
-0.292981 -0.0826314 -0.00889287 -0.294125 -0.0869096 0.0117177 -0.264279 -0.0906942 -0.00897355 
-0.265423 -0.0949724 0.011637 -0.253293 -0.106784 -0.000922635 0.0502981 -0.183663 0.0107496 
0.0337263 -0.187412 -0.00172943 0.051442 -0.179385 -0.00986102 0.080144 -0.187447 -0.0099417 
-0.242307 -0.122875 0.00712828 -0.243451 -0.127153 0.0277389 -0.213605 -0.130937 0.0070476 
-0.214749 -0.135215 0.0276582 -0.184903 -0.139 0.00696692 -0.186047 -0.143278 0.0275775 
-0.156201 -0.147063 0.00688625 -0.157345 -0.151341 0.0274968 -0.127499 -0.155126 0.00680556 
-0.128643 -0.159404 0.0274162 -0.0987972 -0.163188 0.00672489 -0.0999411 -0.167467 0.0273355 
-0.0700952 -0.171251 0.00664421 -0.0712391 -0.175529 0.0272548 -0.0413933 -0.179314 0.00656353 
-0.0425372 -0.183592 0.0271741 -0.0126914 -0.187377 0.00648285 0.0160106 -0.195439 0.00640217 
-0.244731 0.0904697 -0.142781 -0.243587 0.0947479 -0.163392 -0.261303 0.0867205 -0.15526 
-0.216029 0.0824069 -0.142862 -0.214885 0.0866851 -0.163472 -0.203899 0.070595 -0.155421 
-0.279019 0.0786931 -0.147128 -0.296734 0.0706657 -0.138997 -0.192913 0.0545048 -0.147371 
-0.164211 0.046442 -0.147451 -0.135509 0.0383793 -0.147532 -0.106807 0.0303165 -0.147613 
-0.079249 0.0179755 -0.127083 -0.0781052 0.0222537 -0.147693 -0.0671189 0.00616355 -0.139642 
-0.31445 0.0626383 -0.130865 -0.332166 0.0546109 -0.122734 -0.0561327 -0.00992661 -0.131591 
-0.0285746 -0.0222676 -0.111061 -0.0274307 -0.0179894 -0.131672 -0.0164445 -0.0340796 -0.123621 
-0.351025 0.0423053 -0.0939915 -0.349882 0.0465835 -0.114602 -0.367597 0.0385561 -0.10647 
-0.0353041 -0.0463851 -0.094879 -0.0231739 -0.0581971 -0.107439 0.0508018 -0.0705734 -0.095121 
0.0519456 -0.0662953 -0.115732 0.0342299 -0.0743226 -0.1076 0.0795037 -0.0786362 -0.0952017 
0.0806476 -0.074358 -0.115812 0.0916338 -0.0904482 -0.107761 -0.356611 0.0224659 -0.0984196 
-0.345625 0.00637576 -0.0903687 -0.0133316 -0.0785655 -0.0787771 -0.0121877 -0.0742873 -0.0993877 
0.0153704 -0.0866282 -0.0788578 0.0165142 -0.0823501 -0.0994684 0.0440723 -0.094691 -0.0789385 
0.0727743 -0.102754 -0.0790192 0.10262 -0.106538 -0.0997104 0.101476 -0.110817 -0.0790998 
0.113606 -0.122629 -0.0916595 -0.363341 -0.00165163 -0.0822371 -0.381056 -0.00967904 -0.0741055 
0.123449 -0.142997 -0.062998 0.124593 -0.138719 -0.0836086 0.135579 -0.154809 -0.0755577 
-0.37007 -0.0257692 -0.0660545 -0.371214 -0.0300474 -0.045444 -0.359084 -0.0418594 -0.0580036 
0.100147 -0.170864 -0.0592945 0.117863 -0.162836 -0.0674261 -0.348097 -0.0579495 -0.0499527 
-0.319396 -0.0660123 -0.0500334 -0.320539 -0.0702905 -0.0294228 -0.290694 -0.0740751 -0.0501141 
-0.291837 -0.0783532 -0.0295035 -0.279707 -0.0901652 -0.0420632 0.0525859 -0.175106 -0.0304716 
0.036014 -0.178856 -0.0429506 0.0537297 -0.170828 -0.0510822 0.0824317 -0.178891 -0.0511629 
0.0812878 -0.183169 -0.0305523 -0.268721 -0.106255 -0.0340122 -0.240019 -0.114318 -0.0340929 
-0.241163 -0.118596 -0.0134823 -0.211317 -0.122381 -0.0341736 -0.212461 -0.126659 -0.013563 
-0.182615 -0.130444 -0.0342543 -0.183759 -0.134722 -0.0136437 -0.171629 -0.146534 -0.0262034 
-0.0402494 -0.175036 -0.0140471 -0.0568213 -0.178785 -0.0265261 -0.0391056 -0.170758 -0.0346577 
-0.0104036 -0.17882 -0.0347384 -0.0115475 -0.183098 -0.0141278 0.0182983 -0.186883 -0.034819 
0.0171545 -0.191161 -0.0142084 -0.160643 -0.162624 -0.0181525 -0.131941 -0.170687 -0.0182331 
-0.103239 -0.17875 -0.0183138 -0.074537 -0.186812 -0.0183945 -0.248029 0.0791867 -0.18843 
-0.265745 0.0711593 -0.180299 -0.219327 0.0711239 -0.188511 -0.191769 0.058783 -0.167981 
-0.190625 0.0630612 -0.188592 -0.179639 0.046971 -0.180541 -0.313306 0.0669165 -0.151476 
-0.312162 0.0711946 -0.172086 -0.329878 0.0631673 -0.163955 -0.28346 0.0631319 -0.172167 
-0.168653 0.0308808 -0.17249 -0.139951 0.022818 -0.172571 -0.111249 0.0147553 -0.172651 
-0.0825469 0.00669252 -0.172732 -0.0549888 -0.00564843 -0.152202 -0.0538449 -0.00137025 -0.172813 
-0.0262869 -0.0137112 -0.152283 -0.025143 -0.00943302 -0.172893 -0.0141568 -0.0255232 -0.164842 
0.0885209 -0.0459623 -0.152605 0.0896648 -0.0416841 -0.173216 0.0719491 -0.0497115 -0.165084 
0.117223 -0.054025 -0.152686 0.118367 -0.0497469 -0.173297 0.129353 -0.065837 -0.165246 
-0.336608 0.0390497 -0.147772 -0.00431438 -0.0458915 -0.136181 -0.00317051 -0.0416134 -0.156791 
0.0243876 -0.0539543 -0.136262 0.0255314 -0.0496761 -0.156872 0.0530895 -0.0620171 -0.136342 
0.0542334 -0.0577389 -0.156953 0.0817915 -0.0700798 -0.136423 0.110493 -0.0781426 -0.136504 
0.140339 -0.0819272 -0.157195 0.139195 -0.0862054 -0.136584 0.151325 -0.0980174 -0.149144 
-0.354323 0.0310223 -0.139641 -0.372039 0.0229949 -0.131509 -0.0110438 -0.0700091 -0.119998 
0.0176581 -0.0780719 -0.120079 0.103764 -0.10226 -0.120321 0.132466 -0.110323 -0.120402 
0.144596 -0.122135 -0.132961 -0.361053 0.00690473 -0.123458 -0.350067 -0.00918545 -0.115407 
0.125736 -0.134441 -0.104219 0.137867 -0.146252 -0.116779 -0.367782 -0.0172128 -0.107276 
-0.385498 -0.0252402 -0.0991442 0.119007 -0.158558 -0.0880367 0.102435 -0.162307 -0.100516 
0.120151 -0.15428 -0.108647 -0.374512 -0.0413304 -0.0910932 -0.34581 -0.0493932 -0.0911739 
-0.346954 -0.0536714 -0.0705633 -0.334824 -0.0654833 -0.083123 0.0548736 -0.16655 -0.0716928 
0.0383018 -0.170299 -0.0841718 0.0560175 -0.162272 -0.0923034 0.0847194 -0.170335 -0.0923841 
0.0835755 -0.174613 -0.0717735 -0.323837 -0.0815735 -0.0750721 -0.295135 -0.0896363 -0.0751528 
-0.266433 -0.0976991 -0.0752334 -0.267577 -0.101977 -0.0546228 -0.237731 -0.105762 -0.0753141 
-0.238875 -0.11004 -0.0547035 -0.226745 -0.121852 -0.0672632 -0.00925976 -0.174542 -0.055349 
-0.0258316 -0.178291 -0.067828 -0.0081159 -0.170264 -0.0759596 0.0205861 -0.178327 -0.0760402 
0.0194422 -0.182605 -0.0554296 -0.215759 -0.137942 -0.0592123 -0.187057 -0.146005 -0.059293 
-0.158355 -0.154068 -0.0593736 -0.159499 -0.158346 -0.0387631 -0.129653 -0.16213 -0.0594543 
-0.130797 -0.166409 -0.0388437 -0.100951 -0.170193 -0.059535 -0.102095 -0.174471 -0.0389244 
-0.0722493 -0.178256 -0.0596157 -0.0733931 -0.182534 -0.0390051 -0.0435473 -0.186319 -0.0596964 
-0.282317 0.0674101 -0.192778 -0.281173 0.0716882 -0.213388 -0.298889 0.0636609 -0.205257 
-0.252471 0.0636255 -0.213469 -0.223769 0.0555627 -0.21355 -0.195067 0.0475 -0.21363 
-0.167509 0.035159 -0.1931 -0.166365 0.0394372 -0.213711 -0.138807 0.0270962 -0.193181 
-0.137663 0.0313744 -0.213792 -0.110105 0.0190335 -0.193262 -0.108961 0.0233116 -0.213872 
-0.081403 0.0109707 -0.193343 -0.0802592 0.0152489 -0.213953 -0.0527011 0.00290792 -0.193423 
-0.0515572 0.00718611 -0.214034 -0.0239991 -0.00515484 -0.193504 -0.0228553 -0.000876662 -0.214114 
0.00470282 -0.0132176 -0.193585 0.00584668 -0.00893943 -0.214195 0.0334048 -0.0212804 -0.193665 
0.0345486 -0.0170022 -0.214276 0.0621067 -0.0293431 -0.193746 0.0632506 -0.025065 -0.214357 
0.0908086 -0.0374059 -0.193827 0.0919525 -0.0331277 -0.214437 0.119511 -0.0454687 -0.193907 
0.120654 -0.0411905 -0.214518 0.148213 -0.0535315 -0.193988 0.149356 -0.0492533 -0.214599 
0.160343 -0.0653434 -0.206548 -0.316604 0.0556334 -0.197125 -0.33432 0.0476061 -0.188994 
-0.00202665 -0.0373352 -0.177402 0.0266753 -0.0453979 -0.177483 0.0553772 -0.0534607 -0.177563 
0.141483 -0.077649 -0.177805 0.171329 -0.0814336 -0.198497 0.170185 -0.0857118 -0.177886 
0.182315 -0.0975238 -0.190446 -0.341049 0.0234885 -0.172811 0.163456 -0.109829 -0.161704 
0.175586 -0.121641 -0.174263 -0.358765 0.0154611 -0.164679 -0.376481 0.00743369 -0.156548 
0.156726 -0.133947 -0.145521 0.168856 -0.145759 -0.158081 -0.366638 -0.0129347 -0.127886 
-0.38321 -0.0166839 -0.140365 0.133425 -0.161814 -0.141818 0.15114 -0.153786 -0.149949 
-0.373368 -0.0370522 -0.111704 -0.372224 -0.032774 -0.132314 -0.361238 -0.0488642 -0.124264 
0.0571613 -0.157994 -0.112914 0.0405895 -0.161743 -0.125393 0.0583052 -0.153716 -0.133525 
0.0870071 -0.161778 -0.133605 0.0858633 -0.166057 -0.112995 0.115709 -0.169841 -0.133686 
-0.350251 -0.0649544 -0.116213 -0.32155 -0.0730172 -0.116293 -0.322693 -0.0772953 -0.0956827 
-0.292848 -0.0810799 -0.116374 -0.293991 -0.0853581 -0.0957634 -0.281861 -0.0971701 -0.108323 
-0.00697203 -0.165986 -0.0965702 -0.0235439 -0.169735 -0.109049 -0.00582817 -0.161708 -0.117181 
0.0228738 -0.16977 -0.117261 0.0217299 -0.174049 -0.0966508 -0.270875 -0.11326 -0.100272 
-0.242173 -0.121323 -0.100353 -0.213471 -0.129386 -0.100434 -0.214615 -0.133664 -0.0798229 
-0.184769 -0.137449 -0.100514 -0.185913 -0.141727 -0.0799036 -0.156067 -0.145511 -0.100595 
-0.157211 -0.14979 -0.0799843 -0.127365 -0.153574 -0.100676 -0.128509 -0.157852 -0.0800649 
-0.0986635 -0.161637 -0.100756 -0.0998073 -0.165915 -0.0801456 -0.0699615 -0.1697 -0.100837 
-0.0711054 -0.173978 -0.0802263 -0.0412596 -0.177762 -0.100918 -0.0424034 -0.182041 -0.080307 
-0.222625 0.0598409 -0.23416 -0.221481 0.0641191 -0.254771 -0.239197 0.0560917 -0.246639 
-0.210495 0.0480289 -0.24672 -0.0791153 0.019527 -0.234564 -0.0779714 0.0238052 -0.255174 
-0.0956871 0.0157778 -0.247043 -0.0504133 0.0114643 -0.234644 -0.0492695 0.0157425 -0.255255 
-0.0217114 0.00340152 -0.234725 -0.0205675 0.00767969 -0.255336 0.00699054 -0.00466125 -0.234806 
0.00813441 -0.000383076 -0.255416 0.0356925 -0.012724 -0.234886 0.0368363 -0.00844584 -0.255497 
0.0643944 -0.0207868 -0.234967 0.0655383 -0.0165086 -0.255578 0.0930964 -0.0288496 -0.235048 
0.0942402 -0.0245714 -0.255658 0.121798 -0.0369123 -0.235128 0.122942 -0.0326341 -0.255739 
0.1505 -0.0449751 -0.235209 0.151644 -0.0406969 -0.25582 0.16263 -0.0567871 -0.247769 
-0.285614 0.056127 -0.238427 -0.30333 0.0480997 -0.230295 -0.256913 0.0480643 -0.238508 
-0.199509 0.0319387 -0.238669 -0.170807 0.023876 -0.23875 -0.142105 0.0158132 -0.23883 
-0.113403 0.00775044 -0.238911 0.172473 -0.0771554 -0.219107 0.173617 -0.0728772 -0.239718 
0.201175 -0.0852182 -0.219188 0.202319 -0.08094 -0.239799 0.213305 -0.0970302 -0.231748 
-0.321046 0.0400722 -0.222164 -0.338762 0.0320448 -0.214032 0.194445 -0.109336 -0.203005 
0.206575 -0.121148 -0.215565 -0.357621 0.0197393 -0.18529 -0.356477 0.0240174 -0.205901 
-0.374193 0.01599 -0.197769 0.187716 -0.133453 -0.186823 0.199846 -0.145265 -0.199383 
-0.380923 -0.00812752 -0.181587 0.164414 -0.16132 -0.183119 0.18213 -0.153293 -0.191251 
-0.387652 -0.0322451 -0.165404 0.0594491 -0.149437 -0.154135 0.0428772 -0.153187 -0.166614 
0.0605929 -0.145159 -0.174746 0.0892949 -0.153222 -0.174827 0.088151 -0.1575 -0.154216 
0.117997 -0.161285 -0.174907 0.116853 -0.165563 -0.154297 0.146699 -0.169348 -0.174988 
-0.376666 -0.0483353 -0.157353 -0.347964 -0.056398 -0.157434 -0.349108 -0.0606762 -0.136823 
-0.336978 -0.0724882 -0.149383 -0.00468431 -0.157429 -0.137791 -0.0212561 -0.161179 -0.15027 
-0.00354044 -0.153151 -0.158402 0.0251615 -0.161214 -0.158483 0.0240176 -0.165492 -0.137872 
-0.325991 -0.0885784 -0.141332 -0.297289 -0.0966411 -0.141413 -0.268587 -0.104704 -0.141493 
-0.269731 -0.108982 -0.120883 -0.239885 -0.112767 -0.141574 -0.241029 -0.117045 -0.120963 
-0.228899 -0.128857 -0.133523 -0.0688177 -0.165421 -0.121448 -0.0853895 -0.169171 -0.133926 
-0.0676738 -0.161143 -0.142058 -0.0389719 -0.169206 -0.142139 -0.0401157 -0.173484 -0.121528 
-0.217913 -0.144947 -0.125472 -0.189211 -0.15301 -0.125553 -0.160509 -0.161073 -0.125634 
-0.131807 -0.169135 -0.125714 -0.103105 -0.177198 -0.125795 -0.0194237 0.0119579 -0.275946 
-0.0182798 0.0162361 -0.296557 -0.0359955 0.00820866 -0.288425 0.00927827 0.00389511 -0.276027 
0.0104221 0.00817328 -0.296638 0.0379802 -0.00416766 -0.276108 0.0391241 0.000110517 -0.296718 
0.0666822 -0.0122304 -0.276188 0.067826 -0.00795225 -0.296799 0.0953841 -0.0202932 -0.276269 
0.096528 -0.016015 -0.29688 0.124086 -0.028356 -0.27635 0.12523 -0.0240778 -0.29696 
0.152788 -0.0364187 -0.27643 0.153932 -0.0321406 -0.297041 0.18149 -0.0444815 -0.276511 
0.182634 -0.0402033 -0.297122 0.19362 -0.0562935 -0.289071 -0.225923 0.0485579 -0.27981 
-0.243639 0.0405305 -0.271678 -0.198365 0.0362169 -0.25928 -0.197221 0.0404951 -0.27989 
-0.169663 0.0281541 -0.25936 -0.168519 0.0324323 -0.279971 -0.140961 0.0200914 -0.259441 
-0.139817 0.0243696 -0.280052 -0.112259 0.0120286 -0.259522 -0.111115 0.0163068 -0.280132 
-0.0824132 0.00824402 -0.280213 -0.0537112 0.00018125 -0.280294 0.17476 -0.0685991 -0.260329 
0.204606 -0.0723837 -0.28102 0.203462 -0.0766618 -0.260409 0.215593 -0.0884738 -0.272969 
-0.290056 0.0405658 -0.263466 -0.307772 0.0325384 -0.255334 -0.261354 0.0325031 -0.263546 
0.208863 -0.112591 -0.256786 -0.326632 0.0202329 -0.226592 -0.314501 0.00842087 -0.239152 
0.202134 -0.136709 -0.240604 -0.360919 0.00845624 -0.230939 -0.378635 0.000428837 -0.222808 
-0.332217 0.000393467 -0.23102 0.183274 -0.149015 -0.211862 0.166702 -0.152764 -0.224341 
0.184418 -0.144736 -0.232472 -0.385364 -0.0236887 -0.206625 0.0617368 -0.140881 -0.195356 
0.0451649 -0.14463 -0.207835 0.0628807 -0.136603 -0.215967 0.0915826 -0.144666 -0.216048 
0.0904387 -0.148944 -0.195437 0.120285 -0.152728 -0.216128 0.119141 -0.157007 -0.195518 
0.148986 -0.160791 -0.216209 0.147843 -0.165069 -0.195598 -0.374378 -0.0397789 -0.198574 
-0.375522 -0.0440571 -0.177964 -0.363392 -0.0558691 -0.190523 -0.00239658 -0.148873 -0.179013 
-0.0189684 -0.152622 -0.191492 -0.00125271 -0.144595 -0.199623 0.0274492 -0.152658 -0.199704 
0.0263054 -0.156936 -0.179093 -0.352405 -0.0719592 -0.182473 -0.323704 -0.080022 -0.182553 
-0.324847 -0.0843002 -0.161943 -0.295002 -0.0880848 -0.182634 -0.296145 -0.092363 -0.162023 
-0.2663 -0.0961475 -0.182715 -0.267444 -0.100426 -0.162104 -0.255313 -0.112238 -0.174664 
-0.0665299 -0.156865 -0.162669 -0.0831018 -0.160614 -0.175148 -0.0653861 -0.152587 -0.183279 
-0.0366841 -0.16065 -0.18336 -0.037828 -0.164928 -0.162749 -0.244327 -0.128328 -0.166613 
-0.215625 -0.136391 -0.166693 -0.216769 -0.140669 -0.146083 -0.186923 -0.144453 -0.166774 
-0.188067 -0.148732 -0.146163 -0.158221 -0.152516 -0.166855 -0.159365 -0.156794 -0.146244 
-0.129519 -0.160579 -0.166935 -0.130663 -0.164857 -0.146325 -0.100817 -0.168642 -0.167016 
-0.101961 -0.17292 -0.146406 -0.196077 0.0447733 -0.300501 -0.194933 0.0490515 -0.321111 
-0.212649 0.0410241 -0.31298 -0.167375 0.0367105 -0.300582 -0.166231 0.0409887 -0.321192 
-0.155245 0.0248985 -0.313141 -0.109971 0.020585 -0.300743 -0.108827 0.0248631 -0.321354 
-0.126543 0.0168357 -0.313222 -0.0812693 0.0125222 -0.300824 -0.0801254 0.0168004 -0.321434 
-0.0525674 0.00445943 -0.300904 -0.0514235 0.00873761 -0.321515 -0.0227215 0.000674843 -0.321596 
0.0059804 -0.00738792 -0.321676 0.0346823 -0.0154507 -0.321757 0.0633843 -0.0235135 -0.321838 
0.0920862 -0.0315762 -0.321918 0.120788 -0.039639 -0.321999 0.14949 -0.0477018 -0.32208 
0.178192 -0.0557645 -0.32216 0.20575 -0.0681055 -0.30163 0.206894 -0.0638273 -0.322241 
0.234452 -0.0761682 -0.301711 0.235596 -0.0718901 -0.322322 0.246582 -0.0879802 -0.314271 
-0.230365 0.0329966 -0.304848 -0.24808 0.0249693 -0.296717 -0.144259 0.00880835 -0.30509 
0.227723 -0.100286 -0.285529 0.239853 -0.112098 -0.298088 -0.295642 0.0207264 -0.267894 
-0.283512 0.00891446 -0.280454 -0.265796 0.0169419 -0.288585 0.220993 -0.124403 -0.269346 
0.233123 -0.136215 -0.281906 -0.302371 -0.00339112 -0.251711 -0.290241 -0.0152031 -0.264271 
0.197692 -0.15227 -0.265643 0.215408 -0.144243 -0.273774 -0.366505 -0.0113832 -0.235367 
-0.337803 -0.0194459 -0.235448 -0.325673 -0.0312579 -0.248008 -0.307957 -0.0232305 -0.256139 
0.0640245 -0.132325 -0.236578 0.0474527 -0.136074 -0.249057 0.0651684 -0.128046 -0.257188 
0.0938703 -0.136109 -0.257269 0.0927265 -0.140387 -0.236658 0.122572 -0.144172 -0.25735 
0.121428 -0.14845 -0.236739 0.151274 -0.152235 -0.25743 0.15013 -0.156513 -0.23682 
0.179976 -0.160298 -0.257511 -0.373234 -0.0355007 -0.219185 -0.361104 -0.0473127 -0.231745 
-0.343388 -0.0392853 -0.239876 -0.000108849 -0.140317 -0.220234 -0.0166807 -0.144066 -0.232713 
0.00103502 -0.136039 -0.240844 0.029737 -0.144101 -0.240925 0.0285931 -0.148379 -0.220314 
-0.350118 -0.0634029 -0.223694 -0.351262 -0.0676811 -0.203083 -0.321416 -0.0714656 -0.223774 
-0.32256 -0.0757438 -0.203164 -0.292714 -0.0795284 -0.223855 -0.293858 -0.0838066 -0.203244 
-0.281728 -0.0956186 -0.215804 -0.0642422 -0.148309 -0.20389 -0.080814 -0.152058 -0.216369 
-0.0630983 -0.144031 -0.2245 -0.0343964 -0.152093 -0.224581 -0.0355403 -0.156372 -0.203971 
-0.270741 -0.111709 -0.207753 -0.242039 -0.119772 -0.207834 -0.243183 -0.12405 -0.187223 
-0.213338 -0.127834 -0.207915 -0.214481 -0.132112 -0.187304 -0.184636 -0.135897 -0.207995 
-0.185779 -0.140175 -0.187385 -0.155934 -0.14396 -0.208076 -0.157078 -0.148238 -0.187465 
-0.127232 -0.152023 -0.208157 -0.128376 -0.156301 -0.187546 -0.0985297 -0.160085 -0.208237 
-0.0996736 -0.164364 -0.187627 -0.193789 0.0533296 -0.341722 -0.192645 0.0576078 -0.362333 
-0.210361 0.0495804 -0.354201 -0.165087 0.0452669 -0.341803 -0.163944 0.049545 -0.362413 
-0.152957 0.0334549 -0.354362 -0.107684 0.0291413 -0.341964 -0.10654 0.0334195 -0.362575 
-0.124255 0.0253921 -0.354443 -0.0789816 0.0210786 -0.342045 -0.0778377 0.0253567 -0.362655 
-0.0502796 0.0130158 -0.342126 -0.0491358 0.017294 -0.362736 -0.0215777 0.00495303 -0.342206 
-0.0204338 0.0092312 -0.362817 0.00712426 -0.00310974 -0.342287 0.00826813 0.00116843 -0.362897 
0.0358262 -0.0111725 -0.342368 0.0369701 -0.00689433 -0.362978 0.0645282 -0.0192353 -0.342448 
0.065672 -0.0149571 -0.363059 0.0932301 -0.027298 -0.342529 0.094374 -0.0230199 -0.36314 
0.121932 -0.0353608 -0.34261 0.123076 -0.0310826 -0.36322 0.150634 -0.0434236 -0.34269 
0.151778 -0.0391454 -0.363301 0.179336 -0.0514864 -0.342771 0.18048 -0.0472082 -0.363382 
0.208038 -0.0595491 -0.342852 0.209182 -0.0552709 -0.363462 0.23674 -0.0676119 -0.342932 
0.237884 -0.0633337 -0.363543 0.265442 -0.0756747 -0.343013 0.266586 -0.0713965 -0.363624 
0.277572 -0.0874866 -0.355573 -0.229221 0.0372748 -0.325459 -0.228077 0.041553 -0.34607 
-0.245793 0.0335256 -0.337938 -0.143115 0.0130865 -0.325701 -0.141971 0.0173647 -0.346311 
0.259856 -0.095514 -0.347441 0.24214 -0.103541 -0.339309 -0.252522 0.00940806 -0.321755 
0.235411 -0.127659 -0.323127 -0.270238 0.00138065 -0.313624 -0.287953 -0.00664675 -0.305492 
0.228682 -0.151777 -0.306944 -0.294683 -0.0307643 -0.28931 0.0663122 -0.123768 -0.277799 
0.0497404 -0.127518 -0.290278 0.0674561 -0.11949 -0.298409 0.0961581 -0.127553 -0.29849 
0.0950142 -0.131831 -0.27788 0.12486 -0.135616 -0.298571 0.123716 -0.139894 -0.27796 
0.153562 -0.143678 -0.298652 0.152418 -0.147957 -0.278041 0.182264 -0.151741 -0.298732 
0.18112 -0.156019 -0.278122 0.210966 -0.159804 -0.298813 -0.313543 -0.0430699 -0.260568 
-0.301412 -0.0548819 -0.273127 0.00217888 -0.13176 -0.261455 -0.014393 -0.13551 -0.273934 
0.00332275 -0.127482 -0.282066 0.0320247 -0.135545 -0.282146 0.0308808 -0.139823 -0.261536 
-0.348974 -0.0591247 -0.244304 -0.336844 -0.0709367 -0.256864 -0.319128 -0.0629093 -0.264996 
-0.0619545 -0.139752 -0.245111 -0.0785263 -0.143502 -0.25759 -0.0608106 -0.135474 -0.265722 
-0.0321087 -0.143537 -0.265802 -0.0332525 -0.147815 -0.245192 -0.325858 -0.0870269 -0.248813 
-0.297156 -0.0950896 -0.248894 -0.268454 -0.103152 -0.248974 -0.269598 -0.107431 -0.228364 
-0.239752 -0.111215 -0.249055 -0.240896 -0.115493 -0.228445 -0.21105 -0.119278 -0.249136 
-0.212194 -0.123556 -0.228525 -0.182348 -0.127341 -0.249216 -0.183492 -0.131619 -0.228606 
-0.153646 -0.135403 -0.249297 -0.15479 -0.139682 -0.228687 -0.124944 -0.143466 -0.249378 
-0.126088 -0.147744 -0.228767 -0.096242 -0.151529 -0.249459 -0.0973859 -0.155807 -0.228848 
0.245757 -0.034938 -0.400336 0.246901 -0.0306598 -0.420947 0.229185 -0.0386872 -0.412815 
0.274459 -0.0430007 -0.400417 0.275603 -0.0387226 -0.421027 0.286589 -0.0548127 -0.412976 
-0.1628 0.0538232 -0.383024 -0.161656 0.0581014 -0.403635 -0.179372 0.050074 -0.395503 
-0.15067 0.0420112 -0.395584 -0.105396 0.0376977 -0.383185 -0.104252 0.0419759 -0.403796 
-0.121968 0.0339485 -0.395664 -0.0766938 0.0296349 -0.383266 -0.07555 0.0339131 -0.403877 
-0.0479919 0.0215722 -0.383347 -0.046848 0.0258503 -0.403957 -0.01929 0.0135094 -0.383427 
-0.0181461 0.0177876 -0.404038 0.009412 0.00544663 -0.383508 0.0105558 0.00972479 -0.404119 
0.0381139 -0.00261614 -0.383589 0.0392578 0.00166202 -0.404199 0.0668159 -0.0106789 -0.383669 
0.0679597 -0.00640075 -0.40428 0.0955178 -0.0187417 -0.38375 0.0966617 -0.0144635 -0.404361 
0.12422 -0.0268044 -0.383831 0.125364 -0.0225263 -0.404441 0.152922 -0.0348672 -0.383911 
0.154066 -0.0305891 -0.404522 0.181624 -0.04293 -0.383992 0.182768 -0.0386518 -0.404603 
0.210326 -0.0509927 -0.384073 0.211469 -0.0467146 -0.404683 0.239028 -0.0590555 -0.384153 
0.267729 -0.0671183 -0.384234 0.297575 -0.0709029 -0.404926 0.296431 -0.0751811 -0.384315 
0.308562 -0.0869931 -0.396875 -0.197087 0.0420466 -0.387371 -0.214803 0.0340192 -0.37924 
-0.140827 0.0216429 -0.366922 -0.139683 0.0259211 -0.387533 0.290846 -0.0950205 -0.388743 
0.27313 -0.103048 -0.380611 -0.233663 0.0217136 -0.350498 -0.221532 0.00990163 -0.363057 
0.237699 -0.119103 -0.364348 0.255414 -0.111075 -0.37248 -0.239248 0.00187422 -0.354926 
-0.256964 -0.00615317 -0.346794 0.230969 -0.14322 -0.348166 -0.27468 -0.0141806 -0.338663 
-0.292395 -0.022208 -0.330531 0.0686 -0.115212 -0.31902 0.0520281 -0.118961 -0.331499 
0.0697438 -0.110934 -0.339631 0.0984458 -0.118997 -0.339711 0.0973019 -0.123275 -0.319101 
0.127148 -0.127059 -0.339792 0.126004 -0.131337 -0.319181 0.15585 -0.135122 -0.339873 
0.154706 -0.1394 -0.319262 0.166836 -0.151212 -0.331822 0.21211 -0.155526 -0.319423 
0.195538 -0.159275 -0.331902 0.213254 -0.151248 -0.340034 -0.299125 -0.0463255 -0.314348 
0.00446661 -0.123204 -0.302676 -0.0121052 -0.126953 -0.315155 0.00561047 -0.118926 -0.323287 
0.0343124 -0.126989 -0.323368 0.0331686 -0.131267 -0.302757 0.177822 -0.167302 -0.323771 
-0.317984 -0.0586311 -0.285606 -0.31684 -0.0543529 -0.306217 -0.334556 -0.0623803 -0.298085 
-0.0596667 -0.131196 -0.286332 -0.0762386 -0.134945 -0.298811 -0.0585229 -0.126918 -0.306943 
-0.0298209 -0.134981 -0.307024 -0.0309648 -0.139259 -0.286413 -0.324714 -0.0827487 -0.269424 
-0.32357 -0.0784705 -0.290034 -0.296012 -0.0908114 -0.269504 -0.294868 -0.0865333 -0.290115 
-0.266166 -0.094596 -0.290196 -0.26731 -0.0988742 -0.269585 -0.237464 -0.102659 -0.290276 
-0.238608 -0.106937 -0.269666 -0.226478 -0.118749 -0.282225 -0.1238 -0.139188 -0.269988 
-0.140372 -0.142937 -0.282467 -0.122656 -0.13491 -0.290599 -0.0939543 -0.142973 -0.29068 
-0.0950982 -0.147251 -0.270069 -0.215492 -0.134839 -0.274175 -0.18679 -0.142902 -0.274255 
-0.158088 -0.150965 -0.274336 0.232802 0.0299163 -0.473842 0.233946 0.0341945 -0.494452 
0.21623 0.0261671 -0.486321 0.261504 0.0218535 -0.473922 0.262648 0.0261317 -0.494533 
0.290206 0.0137908 -0.474003 0.29135 0.0180689 -0.494614 0.302336 0.00197878 -0.486563 
0.0251586 0.0622381 -0.457094 0.0263025 0.0665163 -0.477705 0.00858681 0.0584889 -0.469573 
0.0538606 0.0541753 -0.457175 0.0550045 0.0584535 -0.477786 0.0825625 0.0461126 -0.457256 
0.0837064 0.0503908 -0.477866 0.111264 0.0380498 -0.457336 0.112408 0.042328 -0.477947 
0.139966 0.029987 -0.457417 0.14111 0.0342652 -0.478028 0.168668 0.0219243 -0.457498 
0.169812 0.0262025 -0.478108 0.19737 0.0138615 -0.457578 0.198514 0.0181397 -0.478189 
0.226072 0.00579872 -0.457659 0.254774 -0.00226405 -0.45774 0.283476 -0.0103268 -0.45782 
0.313322 -0.0141114 -0.478512 0.312178 -0.0183896 -0.457901 0.324308 -0.0302016 -0.470461 
-0.0389747 0.0542461 -0.44075 -0.0378308 0.0585242 -0.461361 -0.0555465 0.0504969 -0.453229 
-0.0102728 0.0461833 -0.440831 -0.0091289 0.0504615 -0.461442 0.0184292 0.0381205 -0.440912 
0.0471311 0.0300578 -0.440992 0.0758331 0.021995 -0.441073 0.104535 0.0139322 -0.441154 
0.133237 0.00586947 -0.441235 0.161939 -0.0021933 -0.441315 0.190641 -0.0102561 -0.441396 
0.219343 -0.0183188 -0.441477 0.248045 -0.0263816 -0.441557 0.276747 -0.0344444 -0.441638 
0.305449 -0.0425071 -0.441719 0.335294 -0.0462917 -0.46241 0.334151 -0.0505699 -0.441799 
0.346281 -0.0623819 -0.454359 -0.160512 0.0623796 -0.424245 -0.159368 0.0666577 -0.444856 
-0.177084 0.0586304 -0.436724 -0.13181 0.0543168 -0.424326 -0.130666 0.058595 -0.444936 
-0.103108 0.046254 -0.424407 -0.101964 0.0505322 -0.445017 -0.0744061 0.0381913 -0.424487 
-0.0732623 0.0424694 -0.445098 -0.0457042 0.0301285 -0.424568 -0.0170022 0.0220657 -0.424649 
0.0116997 0.014003 -0.424729 0.0404017 0.00594021 -0.42481 0.0691036 -0.00212256 -0.424891 
0.0978056 -0.0101853 -0.424971 0.126507 -0.0182481 -0.425052 0.155209 -0.0263109 -0.425133 
0.183911 -0.0343736 -0.425213 0.212613 -0.0424364 -0.425294 0.298719 -0.0666247 -0.425536 
0.310849 -0.0784367 -0.438096 0.328565 -0.0704093 -0.446227 -0.183813 0.0345128 -0.420542 
-0.138539 0.0301992 -0.408143 0.30412 -0.102554 -0.421913 -0.201529 0.0264854 -0.41241 
-0.219245 0.018458 -0.404279 0.268688 -0.118609 -0.40565 0.286404 -0.110582 -0.413782 
-0.225974 -0.00565956 -0.388096 0.233257 -0.134664 -0.389387 0.250973 -0.126636 -0.397518 
-0.24369 -0.013687 -0.379964 -0.261406 -0.0217144 -0.371833 0.0708877 -0.106656 -0.360241 
0.0543159 -0.110405 -0.37272 0.0720316 -0.102377 -0.380852 0.100734 -0.11044 -0.380933 
0.0995897 -0.114718 -0.360322 0.129435 -0.118503 -0.381013 0.128292 -0.122781 -0.360403 
0.158137 -0.126566 -0.381094 0.156994 -0.130844 -0.360483 0.186839 -0.134628 -0.381175 
0.185695 -0.138907 -0.360564 0.215541 -0.142691 -0.381255 0.214397 -0.146969 -0.360645 
-0.280265 -0.03402 -0.343091 -0.268135 -0.0458319 -0.35565 0.00675434 -0.114648 -0.343897 
-0.0098175 -0.118397 -0.356376 0.0078982 -0.110369 -0.364508 0.0366002 -0.118432 -0.364589 
0.0354563 -0.12271 -0.343978 0.178966 -0.163024 -0.344381 -0.285851 -0.0538593 -0.347519 
-0.303566 -0.0618867 -0.339387 -0.0286771 -0.130702 -0.327634 -0.0452489 -0.134452 -0.340113 
-0.0275332 -0.126424 -0.348245 -0.322426 -0.0741923 -0.310645 -0.310296 -0.0860043 -0.323205 
-0.0928104 -0.138694 -0.31129 -0.109382 -0.142444 -0.323769 -0.0916666 -0.134416 -0.331901 
-0.0629646 -0.142479 -0.331982 -0.29931 -0.102094 -0.315154 -0.270608 -0.110157 -0.315234 
-0.241906 -0.11822 -0.315315 -0.213204 -0.126283 -0.315396 -0.214348 -0.130561 -0.294785 
-0.184502 -0.134346 -0.315476 -0.185646 -0.138624 -0.294866 -0.1558 -0.142408 -0.315557 
-0.156944 -0.146686 -0.294946 -0.127098 -0.150471 -0.315638 0.233305 0.143006 -0.579712 
0.234449 0.147284 -0.600323 0.216734 0.139256 -0.592191 0.245435 0.131194 -0.592272 
0.169172 0.135014 -0.563368 0.170316 0.139292 -0.583979 0.1526 0.131264 -0.575847 
0.197874 0.126951 -0.563449 0.199018 0.131229 -0.58406 0.226576 0.118888 -0.56353 
0.256422 0.115104 -0.584221 0.255278 0.110825 -0.56361 0.28398 0.102763 -0.563691 
0.285124 0.107041 -0.584302 0.312682 0.0946998 -0.563772 0.313826 0.098978 -0.584382 
0.324812 0.0828878 -0.576331 0.105039 0.127022 -0.547024 0.106183 0.1313 -0.567635 
0.0884668 0.123272 -0.559503 0.133741 0.118959 -0.547105 0.134884 0.123237 -0.567716 
0.162443 0.110896 -0.547186 0.191144 0.102833 -0.547266 0.219846 0.0947706 -0.547347 
0.248548 0.0867078 -0.547428 0.27725 0.078645 -0.547508 0.305952 0.0705822 -0.547589 
0.335798 0.0667977 -0.56828 0.334654 0.0625195 -0.54767 0.363356 0.0544567 -0.54775 
0.3645 0.0587349 -0.568361 0.375486 0.0426447 -0.56031 0.0696073 0.110967 -0.530761 
0.0707511 0.115245 -0.551372 0.0530354 0.107218 -0.54324 0.0983092 0.102904 -0.530842 
0.127011 0.0948413 -0.530923 0.155713 0.0867785 -0.531003 0.184415 0.0787158 -0.531084 
0.213117 0.070653 -0.531165 0.241819 0.0625902 -0.531245 0.270521 0.0545275 -0.531326 
0.299223 0.0464647 -0.531407 0.327925 0.0384019 -0.531487 0.356627 0.0303392 -0.531568 
0.386473 0.0265546 -0.552259 0.385329 0.0222764 -0.531649 0.397459 0.0104644 -0.544208 
0.0341758 0.094912 -0.514498 0.0353197 0.0991902 -0.535109 0.017604 0.0911628 -0.526977 
0.0628778 0.0868493 -0.514579 0.0915797 0.0787865 -0.514659 0.120282 0.0707237 -0.51474 
0.148984 0.062661 -0.514821 0.177686 0.0545982 -0.514901 0.206388 0.0465354 -0.514982 
0.235089 0.0384727 -0.515063 0.263791 0.0304099 -0.515143 0.292493 0.0223471 -0.515224 
0.321195 0.0142843 -0.515305 0.349897 0.00622158 -0.515385 0.378599 -0.00184118 -0.515466 
0.390729 -0.0136532 -0.528026 -0.00125556 0.0788573 -0.498235 -0.000111705 0.0831354 -0.518845 
-0.0178274 0.075108 -0.510714 0.0274464 0.0707945 -0.498315 0.0561483 0.0627317 -0.498396 
0.0848503 0.0546689 -0.498477 0.113552 0.0466062 -0.498558 0.142254 0.0385434 -0.498638 
0.170956 0.0304806 -0.498719 0.199658 0.0224179 -0.4988 0.314466 -0.0098332 -0.499122 
0.343168 -0.017896 -0.499203 0.355298 -0.029708 -0.511763 0.373014 -0.0216806 -0.519894 
-0.0940909 0.078928 -0.48181 -0.092947 0.0832062 -0.502421 -0.110663 0.0751787 -0.494289 
-0.0653889 0.0708652 -0.481891 -0.0642451 0.0751434 -0.502502 -0.036687 0.0628024 -0.481972 
-0.0355431 0.0670806 -0.502582 -0.00798503 0.0547397 -0.482052 0.336438 -0.0420136 -0.48302 
0.348568 -0.0538256 -0.49558 -0.129522 0.0628732 -0.465547 -0.128378 0.0671513 -0.486158 
-0.146094 0.0591239 -0.478026 -0.10082 0.0548104 -0.465628 -0.0721184 0.0467476 -0.465708 
0.341839 -0.0779431 -0.479398 -0.16381 0.0510965 -0.469894 -0.181526 0.0430692 -0.461763 
0.306408 -0.0939979 -0.463134 0.324123 -0.0859705 -0.471266 -0.188255 0.0189516 -0.44558 
0.299678 -0.118115 -0.446952 -0.205971 0.0109242 -0.437449 -0.223686 0.00289679 -0.429317 
0.137309 -0.0901072 -0.417806 0.120737 -0.0938564 -0.430285 0.138453 -0.085829 -0.438417 
0.167155 -0.0938918 -0.438498 0.166011 -0.09817 -0.417887 0.195857 -0.101955 -0.438578 
0.194713 -0.106233 -0.417968 0.206843 -0.118045 -0.430527 0.264247 -0.13417 -0.430689 
0.281962 -0.126143 -0.43882 -0.230416 -0.0212208 -0.413135 0.0731754 -0.0980992 -0.401462 
0.0566036 -0.101848 -0.413941 0.0743193 -0.0938211 -0.422073 0.103021 -0.101884 -0.422154 
0.101877 -0.106162 -0.401543 0.130579 -0.114225 -0.401624 0.159281 -0.122288 -0.401704 
0.187983 -0.13035 -0.401785 0.217829 -0.134135 -0.422477 0.216685 -0.138413 -0.401866 
0.246531 -0.142198 -0.422557 -0.249275 -0.0335263 -0.384392 -0.237145 -0.0453383 -0.396952 
0.00904207 -0.106091 -0.385119 -0.00752978 -0.10984 -0.397598 0.0101859 -0.101813 -0.405729 
0.0388879 -0.109876 -0.40581 0.037744 -0.114154 -0.385199 -0.254861 -0.0533658 -0.388821 
-0.272577 -0.0613931 -0.380689 -0.0263893 -0.122146 -0.368855 -0.0429612 -0.125895 -0.381334 
-0.0252455 -0.117868 -0.389466 -0.290292 -0.0694206 -0.372557 -0.308008 -0.077448 -0.364426 
-0.0905227 -0.130138 -0.352512 -0.107095 -0.133887 -0.364991 -0.0893788 -0.12586 -0.373122 
-0.0606769 -0.133923 -0.373203 -0.0618208 -0.138201 -0.352592 -0.297022 -0.0935381 -0.356375 
-0.298166 -0.0978163 -0.335764 -0.26832 -0.101601 -0.356456 -0.269464 -0.105879 -0.335845 
-0.239618 -0.109664 -0.356536 -0.240762 -0.113942 -0.335926 -0.210916 -0.117726 -0.356617 
-0.21206 -0.122005 -0.336006 -0.182214 -0.125789 -0.356698 -0.183358 -0.130067 -0.336087 
-0.153512 -0.133852 -0.356778 -0.154656 -0.13813 -0.336168 -0.12481 -0.141915 -0.356859 
-0.125954 -0.146193 -0.336248 0.230008 0.131723 -0.625361 0.212292 0.123695 -0.61723 
0.257566 0.119382 -0.604832 0.258709 0.12366 -0.625442 0.286268 0.111319 -0.604912 
0.287411 0.115597 -0.625523 0.314969 0.103256 -0.604993 0.316113 0.107534 -0.625603 
0.343671 0.0951934 -0.605074 0.344815 0.0994716 -0.625684 0.372373 0.0871306 -0.605154 
0.373517 0.0914088 -0.625765 0.401075 0.0790679 -0.605235 0.402219 0.0833461 -0.625846 
0.429777 0.0710051 -0.605316 0.430921 0.0752833 -0.625926 0.441907 0.0591931 -0.617875 
0.107326 0.135578 -0.588246 0.10847 0.139856 -0.608856 0.0907546 0.131829 -0.600725 
0.136028 0.127515 -0.588326 0.137172 0.131793 -0.608937 0.165874 0.123731 -0.609018 
0.194576 0.115668 -0.609098 0.336942 0.0710758 -0.588891 0.365644 0.0630131 -0.588972 
0.394346 0.0549503 -0.589052 0.423048 0.0468875 -0.589133 0.435178 0.0350756 -0.601693 
0.071895 0.119523 -0.571982 0.0730389 0.123801 -0.592593 0.0553231 0.115774 -0.584461 
0.387616 0.0308327 -0.57287 0.399747 0.0190207 -0.58543 0.417462 0.0270482 -0.593561 
-0.0209403 0.119594 -0.555558 -0.0197965 0.123872 -0.576168 -0.0375122 0.115845 -0.568037 
0.00776163 0.111531 -0.555639 0.00890549 0.115809 -0.576249 0.0364636 0.103468 -0.555719 
0.0376074 0.107747 -0.57633 0.393017 -0.00509681 -0.569247 -0.0563717 0.103539 -0.539295 
-0.0552279 0.107817 -0.559905 -0.0729436 0.0997899 -0.551774 -0.0276698 0.0954764 -0.539375 
0.00103216 0.0874136 -0.539456 0.386288 -0.0292144 -0.553065 -0.0918031 0.0874843 -0.523032 
-0.0906593 0.0917625 -0.543642 -0.108375 0.0837351 -0.535511 -0.0631012 0.0794216 -0.523112 
-0.0343992 0.0713588 -0.523193 0.367428 -0.04152 -0.524322 0.379558 -0.0533319 -0.536882 
-0.115104 0.0596175 -0.519328 0.344127 -0.0693867 -0.520619 0.361842 -0.0613593 -0.528751 
-0.13282 0.0515901 -0.511196 -0.150536 0.0435628 -0.503065 0.325267 -0.0816923 -0.491877 
0.308695 -0.0854415 -0.504356 0.326411 -0.0774141 -0.512487 -0.169395 0.0312572 -0.474323 
-0.157265 0.0194452 -0.486882 0.301966 -0.109559 -0.488173 -0.174981 0.0114178 -0.478751 
-0.192697 0.00339038 -0.470619 0.139597 -0.0815509 -0.459028 0.123025 -0.0853001 -0.471507 
0.14074 -0.0772727 -0.479638 0.169442 -0.0853354 -0.479719 0.168298 -0.0896136 -0.459108 
0.198144 -0.0933982 -0.4798 0.197 -0.0976764 -0.459189 0.226846 -0.101461 -0.47988 
0.225702 -0.105739 -0.45927 0.237832 -0.117551 -0.471829 0.283106 -0.121865 -0.459431 
0.266534 -0.125614 -0.47191 0.28425 -0.117587 -0.480042 -0.211556 -0.0089152 -0.441877 
-0.199426 -0.0207272 -0.454437 0.0754631 -0.0895429 -0.442684 0.0588913 -0.0932921 -0.455163 
0.076607 -0.0852647 -0.463294 0.105309 -0.0933275 -0.463375 0.104165 -0.0976056 -0.442764 
0.218973 -0.129857 -0.443087 0.248819 -0.133641 -0.463778 0.247675 -0.13792 -0.443168 
-0.218286 -0.0330328 -0.425694 -0.206156 -0.0448448 -0.438254 0.0400317 -0.105598 -0.426421 
0.0234599 -0.109347 -0.4389 0.0411756 -0.10132 -0.447031 -0.223871 -0.0528722 -0.430122 
-0.241587 -0.0608996 -0.421991 -0.0241016 -0.11359 -0.410077 -0.0406735 -0.117339 -0.422556 
-0.0229578 -0.109312 -0.430687 0.00574419 -0.117374 -0.430768 -0.259303 -0.068927 -0.413859 
-0.277018 -0.0769543 -0.405728 -0.116937 -0.113519 -0.393652 -0.133509 -0.117268 -0.406131 
-0.115793 -0.109241 -0.414263 -0.0870911 -0.117304 -0.414343 -0.088235 -0.121582 -0.393733 
-0.0583892 -0.125366 -0.414424 -0.059533 -0.129644 -0.393813 -0.295878 -0.0892599 -0.376985 
-0.266032 -0.0930445 -0.397677 -0.267176 -0.0973227 -0.377066 -0.23733 -0.101107 -0.397757 
-0.238474 -0.105385 -0.377147 -0.208628 -0.10917 -0.397838 -0.209772 -0.113448 -0.377227 
-0.179926 -0.117233 -0.397919 -0.18107 -0.121511 -0.377308 -0.151224 -0.125296 -0.397999 
-0.152368 -0.129574 -0.377389 -0.123666 -0.137637 -0.37747 0.0522102 0.16026 -0.629305 
0.0533541 0.164538 -0.649916 0.0356384 0.156511 -0.641784 0.0809122 0.152197 -0.629386 
0.082056 0.156475 -0.649997 0.0930423 0.140385 -0.641946 0.224422 0.111883 -0.629789 
0.236552 0.100071 -0.642349 0.254268 0.108099 -0.650481 0.28297 0.100036 -0.650562 
0.311672 0.0919731 -0.650642 0.340374 0.0839104 -0.650723 0.369075 0.0758476 -0.650804 
0.397777 0.0677849 -0.650884 0.426479 0.0597221 -0.650965 0.437466 0.0436319 -0.642914 
0.0167788 0.144205 -0.613042 0.0179227 0.148483 -0.633653 0.00020698 0.140456 -0.625521 
0.0454808 0.136142 -0.613123 0.0741827 0.12808 -0.613204 0.104029 0.124295 -0.633895 
0.13273 0.116232 -0.633976 0.161432 0.108169 -0.634056 0.190134 0.100107 -0.634137 
0.218836 0.0920439 -0.634218 0.430736 0.0195143 -0.626731 0.0100494 0.120088 -0.59686 
-0.00652249 0.116338 -0.609339 0.0387513 0.112025 -0.59694 0.411877 0.00720876 -0.597989 
0.424007 -0.00460324 -0.610549 -0.0242382 0.108311 -0.601207 -0.0419539 0.100283 -0.593076 
0.405147 -0.0169088 -0.581807 0.417277 -0.0287208 -0.594367 -0.0596696 0.0922561 -0.584944 
-0.0773853 0.0842287 -0.576812 0.381846 -0.0447756 -0.578103 0.399562 -0.0367482 -0.586235 
-0.095101 0.0762013 -0.568681 -0.112817 0.0681739 -0.560549 0.362986 -0.0570811 -0.549361 
0.346414 -0.0608304 -0.56184 0.36413 -0.052803 -0.569972 -0.119546 0.0440563 -0.544367 
0.339685 -0.084948 -0.545658 -0.137262 0.0360289 -0.536235 -0.154978 0.0280015 -0.528103 
0.177316 -0.0569397 -0.516512 0.160744 -0.0606889 -0.528991 0.178459 -0.0526615 -0.537123 
0.207161 -0.0607243 -0.537203 0.206018 -0.0650024 -0.516593 0.235863 -0.0687871 -0.537284 
0.23472 -0.0730652 -0.516673 0.24685 -0.0848772 -0.529233 0.304254 -0.101003 -0.529394 
0.321969 -0.0929754 -0.537526 -0.161707 0.00388396 -0.511921 0.141884 -0.0729945 -0.500249 
0.125312 -0.0767437 -0.512728 0.143028 -0.0687163 -0.520859 0.170586 -0.0810573 -0.500329 
0.199288 -0.08912 -0.50041 0.22799 -0.0971828 -0.500491 0.257836 -0.100967 -0.521182 
0.256692 -0.105246 -0.500571 0.286538 -0.10903 -0.521263 0.285394 -0.113308 -0.500652 
-0.180567 -0.0084216 -0.483179 -0.168437 -0.0202336 -0.495739 0.0777509 -0.0809865 -0.483905 
0.061179 -0.0847358 -0.496384 0.0788947 -0.0767084 -0.504515 0.107597 -0.0847711 -0.504596 
0.106453 -0.0890493 -0.483986 0.249963 -0.129363 -0.484389 -0.186152 -0.028261 -0.487607 
-0.203868 -0.0362884 -0.479475 0.0423195 -0.0970413 -0.467642 0.0257476 -0.100791 -0.480121 
0.0434633 -0.0927632 -0.488252 -0.192882 -0.0523786 -0.471424 -0.194026 -0.0566567 -0.450814 
-0.181895 -0.0684687 -0.463373 -0.0218139 -0.105033 -0.451298 -0.0383857 -0.108783 -0.463777 
-0.02067 -0.100755 -0.471908 0.00803191 -0.108818 -0.471989 0.00688806 -0.113096 -0.451378 
-0.229457 -0.0727115 -0.43455 -0.217327 -0.0845235 -0.44711 -0.199611 -0.0764961 -0.455242 
-0.114649 -0.104963 -0.434873 -0.131221 -0.108712 -0.447352 -0.113505 -0.100684 -0.455484 
-0.0848034 -0.108747 -0.455565 -0.0859472 -0.113025 -0.434954 -0.0561014 -0.11681 -0.455645 
-0.0572453 -0.121088 -0.435035 -0.264888 -0.0887663 -0.418287 -0.236186 -0.0968291 -0.418368 
-0.206341 -0.100614 -0.439059 -0.207484 -0.104892 -0.418449 -0.177639 -0.108676 -0.43914 
-0.178783 -0.112955 -0.418529 -0.148937 -0.116739 -0.439221 -0.150081 -0.121017 -0.41861 
0.0477685 0.144699 -0.654344 0.0598986 0.132887 -0.666904 0.0776143 0.140914 -0.675035 
0.0886005 0.124824 -0.666984 0.248682 0.0882593 -0.654909 0.260812 0.0764473 -0.667469 
0.278528 0.0844747 -0.6756 0.30723 0.076412 -0.675681 0.335932 0.0683492 -0.675762 
0.364634 0.0602864 -0.675842 0.392192 0.0479455 -0.655312 0.37562 0.0441962 -0.667791 
0.420894 0.0398827 -0.655393 0.0123371 0.128644 -0.638081 0.0244672 0.116832 -0.650641 
0.0421829 0.124859 -0.658772 0.0995868 0.108734 -0.658934 0.128289 0.100671 -0.659014 
0.156991 0.0926082 -0.659095 0.185693 0.0845455 -0.659176 0.214395 0.0764827 -0.659256 
0.243097 0.0684199 -0.659337 0.385462 0.0238279 -0.63913 0.368891 0.0200787 -0.651609 
0.414164 0.0157651 -0.639211 0.00675149 0.108804 -0.642509 -0.0109642 0.100777 -0.634377 
0.378733 -0.000289683 -0.622947 0.362161 -0.0040389 -0.635426 0.407435 -0.00835245 -0.623028 
-0.0286799 0.0927497 -0.626246 -0.0463956 0.0847223 -0.618114 0.372003 -0.0244072 -0.606765 
0.355432 -0.0281565 -0.619244 0.400705 -0.03247 -0.606845 -0.0652552 0.0724167 -0.589372 
-0.0531251 0.0606047 -0.601932 0.250466 -0.0162737 -0.59026 0.233894 -0.020023 -0.602738 
0.25161 -0.0119955 -0.61087 0.280312 -0.0200583 -0.610951 0.279168 -0.0243365 -0.59034 
0.309014 -0.0281211 -0.611032 0.30787 -0.0323993 -0.590421 0.337716 -0.0361838 -0.611112 
0.336572 -0.0404621 -0.590502 0.365274 -0.0485248 -0.590582 -0.100687 0.0563619 -0.573109 
-0.0885565 0.0445499 -0.585669 -0.0708408 0.0525773 -0.5938 0.215035 -0.0323285 -0.573996 
0.198463 -0.0360777 -0.586475 0.216179 -0.0280504 -0.594607 0.243737 -0.0403913 -0.574077 
0.272439 -0.0484541 -0.574158 0.301141 -0.0565168 -0.574238 0.329843 -0.0645796 -0.574319 
-0.107416 0.0322443 -0.556926 -0.095286 0.0204323 -0.569486 0.179603 -0.0483833 -0.557733 
0.163032 -0.0521326 -0.570212 0.180747 -0.0441051 -0.578344 0.208305 -0.0564461 -0.557814 
0.237007 -0.0645089 -0.557895 0.265709 -0.0725717 -0.557975 0.294411 -0.0806344 -0.558056 
0.323113 -0.0886972 -0.558137 -0.142847 0.0161895 -0.540663 -0.130717 0.00437757 -0.553223 
-0.113002 0.012405 -0.561354 0.11547 -0.0563754 -0.541389 0.0988982 -0.0601246 -0.553868 
0.116614 -0.0520972 -0.562 0.145316 -0.06016 -0.562081 0.144172 -0.0644381 -0.54147 
0.25898 -0.0966892 -0.541793 0.287682 -0.104752 -0.541873 -0.149577 -0.00792802 -0.524481 
-0.137447 -0.01974 -0.53704 0.0800386 -0.0724302 -0.525126 0.0634668 -0.0761794 -0.537605 
0.0811825 -0.068152 -0.545737 0.108741 -0.0804929 -0.525207 -0.156306 -0.0320456 -0.508298 
-0.144176 -0.0438576 -0.520858 0.0159052 -0.0804222 -0.508782 -0.000666592 -0.0841714 -0.521261 
0.0170491 -0.076144 -0.529393 0.0457511 -0.0842068 -0.529474 0.0446072 -0.088485 -0.508863 
-0.191738 -0.0481004 -0.492035 -0.179608 -0.0599124 -0.504595 -0.161892 -0.051885 -0.512726 
-0.0195262 -0.096477 -0.492519 -0.036098 -0.100226 -0.504998 -0.0183823 -0.0921988 -0.51313 
0.00917578 -0.10454 -0.4926 -0.186337 -0.0840299 -0.488412 -0.112361 -0.0964063 -0.476094 
-0.128933 -0.100155 -0.488573 -0.111218 -0.0921281 -0.496705 -0.0825156 -0.100191 -0.496786 
-0.0836595 -0.104469 -0.476175 -0.0538137 -0.108254 -0.496866 -0.0549576 -0.112532 -0.476256 
-0.205197 -0.0963355 -0.45967 -0.175351 -0.10012 -0.480361 -0.176495 -0.104398 -0.459751 
-0.146649 -0.108183 -0.480442 -0.147793 -0.112461 -0.459831 0.0720287 0.121075 -0.679464 
0.274086 0.0689135 -0.700639 0.25637 0.0608861 -0.692507 0.302788 0.0608508 -0.70072 
0.33149 0.052788 -0.7008 0.359048 0.040447 -0.68027 0.342476 0.0366978 -0.692749 
0.0365973 0.10502 -0.6632 0.0487274 0.0932079 -0.67576 0.0664431 0.101235 -0.683892 
0.0940012 0.0888944 -0.663362 0.0774293 0.0851451 -0.675841 0.122703 0.0808316 -0.663442 
0.151405 0.0727688 -0.663523 0.180107 0.0647061 -0.663604 0.208809 0.0566433 -0.663684 
0.220939 0.0448313 -0.676244 0.238655 0.0528587 -0.684376 0.323617 0.0243922 -0.664007 
0.307045 0.020643 -0.676486 0.324761 0.0286704 -0.684618 0.352319 0.0163295 -0.664088 
0.00116588 0.0889651 -0.646937 0.013296 0.0771531 -0.659497 0.0310117 0.0851805 -0.667628 
0.0884156 0.069055 -0.66779 0.115974 0.056714 -0.64726 0.0994018 0.0529648 -0.659739 
0.144676 0.0486513 -0.647341 0.156806 0.0368393 -0.6599 0.174521 0.0448667 -0.668032 
0.203223 0.0368039 -0.668112 0.259483 0.0164002 -0.647663 0.242912 0.012651 -0.660142 
0.260627 0.0206784 -0.668274 0.289329 0.0126156 -0.668355 0.288185 0.00833742 -0.647744 
0.316887 0.000274652 -0.647825 0.345589 -0.00778812 -0.647905 -0.0342655 0.0729103 -0.630674 
-0.0221354 0.0610983 -0.643234 -0.00441972 0.0691257 -0.651365 0.110388 0.0368746 -0.651688 
0.13909 0.0288119 -0.651769 0.19535 0.00840817 -0.631319 0.178778 0.00465894 -0.643798 
0.196494 0.0126863 -0.65193 0.225196 0.00462356 -0.652011 0.224052 0.000345404 -0.6314 
0.252754 -0.00771736 -0.631481 0.281456 -0.0157801 -0.631561 0.310158 -0.0238429 -0.631642 
0.33886 -0.0319057 -0.631723 -0.0398511 0.0530709 -0.635102 -0.0575668 0.0450435 -0.62697 
0.159919 -0.00764664 -0.615056 0.143347 -0.0113959 -0.627535 0.161062 -0.00336846 -0.635667 
0.188621 -0.0157094 -0.615137 0.217322 -0.0237722 -0.615218 -0.0764264 0.0327379 -0.598228 
-0.0642963 0.0209259 -0.610788 0.153189 -0.0317642 -0.598874 0.136617 -0.0355134 -0.611353 
0.181891 -0.039827 -0.598954 -0.082012 0.0128985 -0.602656 -0.0997277 0.00487113 -0.594525 
0.117758 -0.047819 -0.58261 0.101186 -0.0515682 -0.59509 0.118902 -0.0435408 -0.603221 
0.14646 -0.0558818 -0.582691 -0.118587 -0.00743442 -0.565782 -0.106457 -0.0192464 -0.578342 
0.0823263 -0.0638738 -0.566347 0.0657545 -0.067623 -0.578826 0.0834702 -0.0595956 -0.586958 
-0.125317 -0.031552 -0.5496 -0.113187 -0.043364 -0.56216 0.018193 -0.0718658 -0.550003 
0.00162113 -0.0756151 -0.562482 0.0193368 -0.0675877 -0.570614 0.0480388 -0.0756504 -0.570695 
0.0468949 -0.0799286 -0.550084 -0.132046 -0.0556696 -0.533417 -0.119916 -0.0674816 -0.545977 
-0.0172384 -0.0879206 -0.53374 -0.0338103 -0.0916699 -0.546219 -0.0160946 -0.0836425 -0.554351 
-0.167478 -0.0717244 -0.517154 -0.155348 -0.0835364 -0.529714 -0.137632 -0.075509 -0.537846 
-0.110074 -0.0878499 -0.517316 -0.126646 -0.0915991 -0.529795 -0.10893 -0.0835717 -0.537926 
-0.0802279 -0.0916345 -0.538007 -0.0813718 -0.0959127 -0.517396 -0.051526 -0.0996973 -0.538088 
-0.0526698 -0.103975 -0.517477 -0.174207 -0.0958419 -0.500972 -0.144361 -0.0996265 -0.521663 
-0.145505 -0.103905 -0.501052 0.268501 0.0490741 -0.705067 0.297202 0.0410113 -0.705148 
0.325904 0.0329486 -0.705228 0.0608575 0.0813959 -0.68832 0.233069 0.0330193 -0.688804 
0.261771 0.0249566 -0.688884 0.290473 0.0168938 -0.688965 0.0254261 0.0653411 -0.672057 
0.054128 0.0572783 -0.672137 0.08283 0.0492156 -0.672218 0.168936 0.0250273 -0.67246 
0.197638 0.0169645 -0.672541 0.22634 0.00890173 -0.672621 -0.0100053 0.0492863 -0.655793 
0.00212478 0.0374743 -0.668353 0.0198405 0.0455017 -0.676485 0.0473986 0.0331608 -0.655955 
0.0308267 0.0294116 -0.668434 0.0761005 0.025098 -0.656035 0.104802 0.0170353 -0.656116 
0.133504 0.00897249 -0.656197 0.162206 0.000909719 -0.656277 -0.0454367 0.0332315 -0.63953 
-0.0333066 0.0214195 -0.65209 -0.0155909 0.029447 -0.660221 0.0119672 0.017106 -0.639691 
-0.00460469 0.0133568 -0.65217 0.013111 0.0213842 -0.660302 0.0406691 0.00904321 -0.639772 
0.069371 0.00098044 -0.639853 0.098073 -0.00708233 -0.639934 0.126775 -0.0151451 -0.640014 
-0.0521662 0.00911396 -0.623348 -0.0400361 -0.00269802 -0.635907 0.00523769 -0.00701157 -0.623509 
-0.0113341 -0.0107608 -0.635988 0.0339396 -0.0150743 -0.62359 0.0626416 -0.0231371 -0.62367 
0.0913435 -0.0311999 -0.623751 0.120045 -0.0392626 -0.623832 -0.0875976 -0.00694085 -0.607085 
-0.0754675 -0.0187528 -0.619644 -0.0577518 -0.0107254 -0.627776 -0.0301937 -0.0230664 -0.607246 
-0.0467656 -0.0268156 -0.619725 -0.0290499 -0.0187882 -0.627856 -0.00149178 -0.0311292 -0.607327 
0.0272102 -0.0391919 -0.607407 0.0559121 -0.0472547 -0.607488 0.0846141 -0.0553175 -0.607569 
-0.0943271 -0.0310584 -0.590902 -0.082197 -0.0428704 -0.603462 -0.0369232 -0.0471839 -0.591063 
-0.053495 -0.0509332 -0.603542 -0.00822124 -0.0552467 -0.591144 0.0204807 -0.0633095 -0.591225 
0.0491827 -0.0713722 -0.591305 -0.101057 -0.055176 -0.574719 -0.0712107 -0.0589606 -0.595411 
-0.0723546 -0.0632387 -0.5748 -0.0436527 -0.0713015 -0.574881 -0.0149507 -0.0793643 -0.574961 
-0.107786 -0.0792935 -0.558537 -0.0790841 -0.0873563 -0.558618 -0.0503821 -0.0954191 -0.558698 
-0.143217 -0.0953483 -0.542274 0.0142549 0.0256624 -0.680913 -0.0211765 0.00960755 -0.664649 
-0.027906 -0.01451 -0.648467 -0.0633374 -0.0305648 -0.632204 -0.0700669 -0.0546824 -0.616021 

POLYGONS 7001 21000
OFFSETS vtktypeint64
0 3 6 9 12 15 18 21 24 
27 30 33 36 39 42 45 48 51 
54 57 60 63 66 69 72 75 78 
81 84 87 90 93 96 99 102 105 
108 111 114 117 120 123 126 129 132 
135 138 141 144 147 150 153 156 159 
162 165 168 171 174 177 180 183 186 
189 192 195 198 201 204 207 210 213 
216 219 222 225 228 231 234 237 240 
243 246 249 252 255 258 261 264 267 
270 273 276 279 282 285 288 291 294 
297 300 303 306 309 312 315 318 321 
324 327 330 333 336 339 342 345 348 
351 354 357 360 363 366 369 372 375 
378 381 384 387 390 393 396 399 402 
405 408 411 414 417 420 423 426 429 
432 435 438 441 444 447 450 453 456 
459 462 465 468 471 474 477 480 483 
486 489 492 495 498 501 504 507 510 
513 516 519 522 525 528 531 534 537 
540 543 546 549 552 555 558 561 564 
567 570 573 576 579 582 585 588 591 
594 597 600 603 606 609 612 615 618 
621 624 627 630 633 636 639 642 645 
648 651 654 657 660 663 666 669 672 
675 678 681 684 687 690 693 696 699 
702 705 708 711 714 717 720 723 726 
729 732 735 738 741 744 747 750 753 
756 759 762 765 768 771 774 777 780 
783 786 789 792 795 798 801 804 807 
810 813 816 819 822 825 828 831 834 
837 840 843 846 849 852 855 858 861 
864 867 870 873 876 879 882 885 888 
891 894 897 900 903 906 909 912 915 
918 921 924 927 930 933 936 939 942 
945 948 951 954 957 960 963 966 969 
972 975 978 981 984 987 990 993 996 
999 1002 1005 1008 1011 1014 1017 1020 1023 
1026 1029 1032 1035 1038 1041 1044 1047 1050 
1053 1056 1059 1062 1065 1068 1071 1074 1077 
1080 1083 1086 1089 1092 1095 1098 1101 1104 
1107 1110 1113 1116 1119 1122 1125 1128 1131 
1134 1137 1140 1143 1146 1149 1152 1155 1158 
1161 1164 1167 1170 1173 1176 1179 1182 1185 
1188 1191 1194 1197 1200 1203 1206 1209 1212 
1215 1218 1221 1224 1227 1230 1233 1236 1239 
1242 1245 1248 1251 1254 1257 1260 1263 1266 
1269 1272 1275 1278 1281 1284 1287 1290 1293 
1296 1299 1302 1305 1308 1311 1314 1317 1320 
1323 1326 1329 1332 1335 1338 1341 1344 1347 
1350 1353 1356 1359 1362 1365 1368 1371 1374 
1377 1380 1383 1386 1389 1392 1395 1398 1401 
1404 1407 1410 1413 1416 1419 1422 1425 1428 
1431 1434 1437 1440 1443 1446 1449 1452 1455 
1458 1461 1464 1467 1470 1473 1476 1479 1482 
1485 1488 1491 1494 1497 1500 1503 1506 1509 
1512 1515 1518 1521 1524 1527 1530 1533 1536 
1539 1542 1545 1548 1551 1554 1557 1560 1563 
1566 1569 1572 1575 1578 1581 1584 1587 1590 
1593 1596 1599 1602 1605 1608 1611 1614 1617 
1620 1623 1626 1629 1632 1635 1638 1641 1644 
1647 1650 1653 1656 1659 1662 1665 1668 1671 
1674 1677 1680 1683 1686 1689 1692 1695 1698 
1701 1704 1707 1710 1713 1716 1719 1722 1725 
1728 1731 1734 1737 1740 1743 1746 1749 1752 
1755 1758 1761 1764 1767 1770 1773 1776 1779 
1782 1785 1788 1791 1794 1797 1800 1803 1806 
1809 1812 1815 1818 1821 1824 1827 1830 1833 
1836 1839 1842 1845 1848 1851 1854 1857 1860 
1863 1866 1869 1872 1875 1878 1881 1884 1887 
1890 1893 1896 1899 1902 1905 1908 1911 1914 
1917 1920 1923 1926 1929 1932 1935 1938 1941 
1944 1947 1950 1953 1956 1959 1962 1965 1968 
1971 1974 1977 1980 1983 1986 1989 1992 1995 
1998 2001 2004 2007 2010 2013 2016 2019 2022 
2025 2028 2031 2034 2037 2040 2043 2046 2049 
2052 2055 2058 2061 2064 2067 2070 2073 2076 
2079 2082 2085 2088 2091 2094 2097 2100 2103 
2106 2109 2112 2115 2118 2121 2124 2127 2130 
2133 2136 2139 2142 2145 2148 2151 2154 2157 
2160 2163 2166 2169 2172 2175 2178 2181 2184 
2187 2190 2193 2196 2199 2202 2205 2208 2211 
2214 2217 2220 2223 2226 2229 2232 2235 2238 
2241 2244 2247 2250 2253 2256 2259 2262 2265 
2268 2271 2274 2277 2280 2283 2286 2289 2292 
2295 2298 2301 2304 2307 2310 2313 2316 2319 
2322 2325 2328 2331 2334 2337 2340 2343 2346 
2349 2352 2355 2358 2361 2364 2367 2370 2373 
2376 2379 2382 2385 2388 2391 2394 2397 2400 
2403 2406 2409 2412 2415 2418 2421 2424 2427 
2430 2433 2436 2439 2442 2445 2448 2451 2454 
2457 2460 2463 2466 2469 2472 2475 2478 2481 
2484 2487 2490 2493 2496 2499 2502 2505 2508 
2511 2514 2517 2520 2523 2526 2529 2532 2535 
2538 2541 2544 2547 2550 2553 2556 2559 2562 
2565 2568 2571 2574 2577 2580 2583 2586 2589 
2592 2595 2598 2601 2604 2607 2610 2613 2616 
2619 2622 2625 2628 2631 2634 2637 2640 2643 
2646 2649 2652 2655 2658 2661 2664 2667 2670 
2673 2676 2679 2682 2685 2688 2691 2694 2697 
2700 2703 2706 2709 2712 2715 2718 2721 2724 
2727 2730 2733 2736 2739 2742 2745 2748 2751 
2754 2757 2760 2763 2766 2769 2772 2775 2778 
2781 2784 2787 2790 2793 2796 2799 2802 2805 
2808 2811 2814 2817 2820 2823 2826 2829 2832 
2835 2838 2841 2844 2847 2850 2853 2856 2859 
2862 2865 2868 2871 2874 2877 2880 2883 2886 
2889 2892 2895 2898 2901 2904 2907 2910 2913 
2916 2919 2922 2925 2928 2931 2934 2937 2940 
2943 2946 2949 2952 2955 2958 2961 2964 2967 
2970 2973 2976 2979 2982 2985 2988 2991 2994 
2997 3000 3003 3006 3009 3012 3015 3018 3021 
3024 3027 3030 3033 3036 3039 3042 3045 3048 
3051 3054 3057 3060 3063 3066 3069 3072 3075 
3078 3081 3084 3087 3090 3093 3096 3099 3102 
3105 3108 3111 3114 3117 3120 3123 3126 3129 
3132 3135 3138 3141 3144 3147 3150 3153 3156 
3159 3162 3165 3168 3171 3174 3177 3180 3183 
3186 3189 3192 3195 3198 3201 3204 3207 3210 
3213 3216 3219 3222 3225 3228 3231 3234 3237 
3240 3243 3246 3249 3252 3255 3258 3261 3264 
3267 3270 3273 3276 3279 3282 3285 3288 3291 
3294 3297 3300 3303 3306 3309 3312 3315 3318 
3321 3324 3327 3330 3333 3336 3339 3342 3345 
3348 3351 3354 3357 3360 3363 3366 3369 3372 
3375 3378 3381 3384 3387 3390 3393 3396 3399 
3402 3405 3408 3411 3414 3417 3420 3423 3426 
3429 3432 3435 3438 3441 3444 3447 3450 3453 
3456 3459 3462 3465 3468 3471 3474 3477 3480 
3483 3486 3489 3492 3495 3498 3501 3504 3507 
3510 3513 3516 3519 3522 3525 3528 3531 3534 
3537 3540 3543 3546 3549 3552 3555 3558 3561 
3564 3567 3570 3573 3576 3579 3582 3585 3588 
3591 3594 3597 3600 3603 3606 3609 3612 3615 
3618 3621 3624 3627 3630 3633 3636 3639 3642 
3645 3648 3651 3654 3657 3660 3663 3666 3669 
3672 3675 3678 3681 3684 3687 3690 3693 3696 
3699 3702 3705 3708 3711 3714 3717 3720 3723 
3726 3729 3732 3735 3738 3741 3744 3747 3750 
3753 3756 3759 3762 3765 3768 3771 3774 3777 
3780 3783 3786 3789 3792 3795 3798 3801 3804 
3807 3810 3813 3816 3819 3822 3825 3828 3831 
3834 3837 3840 3843 3846 3849 3852 3855 3858 
3861 3864 3867 3870 3873 3876 3879 3882 3885 
3888 3891 3894 3897 3900 3903 3906 3909 3912 
3915 3918 3921 3924 3927 3930 3933 3936 3939 
3942 3945 3948 3951 3954 3957 3960 3963 3966 
3969 3972 3975 3978 3981 3984 3987 3990 3993 
3996 3999 4002 4005 4008 4011 4014 4017 4020 
4023 4026 4029 4032 4035 4038 4041 4044 4047 
4050 4053 4056 4059 4062 4065 4068 4071 4074 
4077 4080 4083 4086 4089 4092 4095 4098 4101 
4104 4107 4110 4113 4116 4119 4122 4125 4128 
4131 4134 4137 4140 4143 4146 4149 4152 4155 
4158 4161 4164 4167 4170 4173 4176 4179 4182 
4185 4188 4191 4194 4197 4200 4203 4206 4209 
4212 4215 4218 4221 4224 4227 4230 4233 4236 
4239 4242 4245 4248 4251 4254 4257 4260 4263 
4266 4269 4272 4275 4278 4281 4284 4287 4290 
4293 4296 4299 4302 4305 4308 4311 4314 4317 
4320 4323 4326 4329 4332 4335 4338 4341 4344 
4347 4350 4353 4356 4359 4362 4365 4368 4371 
4374 4377 4380 4383 4386 4389 4392 4395 4398 
4401 4404 4407 4410 4413 4416 4419 4422 4425 
4428 4431 4434 4437 4440 4443 4446 4449 4452 
4455 4458 4461 4464 4467 4470 4473 4476 4479 
4482 4485 4488 4491 4494 4497 4500 4503 4506 
4509 4512 4515 4518 4521 4524 4527 4530 4533 
4536 4539 4542 4545 4548 4551 4554 4557 4560 
4563 4566 4569 4572 4575 4578 4581 4584 4587 
4590 4593 4596 4599 4602 4605 4608 4611 4614 
4617 4620 4623 4626 4629 4632 4635 4638 4641 
4644 4647 4650 4653 4656 4659 4662 4665 4668 
4671 4674 4677 4680 4683 4686 4689 4692 4695 
4698 4701 4704 4707 4710 4713 4716 4719 4722 
4725 4728 4731 4734 4737 4740 4743 4746 4749 
4752 4755 4758 4761 4764 4767 4770 4773 4776 
4779 4782 4785 4788 4791 4794 4797 4800 4803 
4806 4809 4812 4815 4818 4821 4824 4827 4830 
4833 4836 4839 4842 4845 4848 4851 4854 4857 
4860 4863 4866 4869 4872 4875 4878 4881 4884 
4887 4890 4893 4896 4899 4902 4905 4908 4911 
4914 4917 4920 4923 4926 4929 4932 4935 4938 
4941 4944 4947 4950 4953 4956 4959 4962 4965 
4968 4971 4974 4977 4980 4983 4986 4989 4992 
4995 4998 5001 5004 5007 5010 5013 5016 5019 
5022 5025 5028 5031 5034 5037 5040 5043 5046 
5049 5052 5055 5058 5061 5064 5067 5070 5073 
5076 5079 5082 5085 5088 5091 5094 5097 5100 
5103 5106 5109 5112 5115 5118 5121 5124 5127 
5130 5133 5136 5139 5142 5145 5148 5151 5154 
5157 5160 5163 5166 5169 5172 5175 5178 5181 
5184 5187 5190 5193 5196 5199 5202 5205 5208 
5211 5214 5217 5220 5223 5226 5229 5232 5235 
5238 5241 5244 5247 5250 5253 5256 5259 5262 
5265 5268 5271 5274 5277 5280 5283 5286 5289 
5292 5295 5298 5301 5304 5307 5310 5313 5316 
5319 5322 5325 5328 5331 5334 5337 5340 5343 
5346 5349 5352 5355 5358 5361 5364 5367 5370 
5373 5376 5379 5382 5385 5388 5391 5394 5397 
5400 5403 5406 5409 5412 5415 5418 5421 5424 
5427 5430 5433 5436 5439 5442 5445 5448 5451 
5454 5457 5460 5463 5466 5469 5472 5475 5478 
5481 5484 5487 5490 5493 5496 5499 5502 5505 
5508 5511 5514 5517 5520 5523 5526 5529 5532 
5535 5538 5541 5544 5547 5550 5553 5556 5559 
5562 5565 5568 5571 5574 5577 5580 5583 5586 
5589 5592 5595 5598 5601 5604 5607 5610 5613 
5616 5619 5622 5625 5628 5631 5634 5637 5640 
5643 5646 5649 5652 5655 5658 5661 5664 5667 
5670 5673 5676 5679 5682 5685 5688 5691 5694 
5697 5700 5703 5706 5709 5712 5715 5718 5721 
5724 5727 5730 5733 5736 5739 5742 5745 5748 
5751 5754 5757 5760 5763 5766 5769 5772 5775 
5778 5781 5784 5787 5790 5793 5796 5799 5802 
5805 5808 5811 5814 5817 5820 5823 5826 5829 
5832 5835 5838 5841 5844 5847 5850 5853 5856 
5859 5862 5865 5868 5871 5874 5877 5880 5883 
5886 5889 5892 5895 5898 5901 5904 5907 5910 
5913 5916 5919 5922 5925 5928 5931 5934 5937 
5940 5943 5946 5949 5952 5955 5958 5961 5964 
5967 5970 5973 5976 5979 5982 5985 5988 5991 
5994 5997 6000 6003 6006 6009 6012 6015 6018 
6021 6024 6027 6030 6033 6036 6039 6042 6045 
6048 6051 6054 6057 6060 6063 6066 6069 6072 
6075 6078 6081 6084 6087 6090 6093 6096 6099 
6102 6105 6108 6111 6114 6117 6120 6123 6126 
6129 6132 6135 6138 6141 6144 6147 6150 6153 
6156 6159 6162 6165 6168 6171 6174 6177 6180 
6183 6186 6189 6192 6195 6198 6201 6204 6207 
6210 6213 6216 6219 6222 6225 6228 6231 6234 
6237 6240 6243 6246 6249 6252 6255 6258 6261 
6264 6267 6270 6273 6276 6279 6282 6285 6288 
6291 6294 6297 6300 6303 6306 6309 6312 6315 
6318 6321 6324 6327 6330 6333 6336 6339 6342 
6345 6348 6351 6354 6357 6360 6363 6366 6369 
6372 6375 6378 6381 6384 6387 6390 6393 6396 
6399 6402 6405 6408 6411 6414 6417 6420 6423 
6426 6429 6432 6435 6438 6441 6444 6447 6450 
6453 6456 6459 6462 6465 6468 6471 6474 6477 
6480 6483 6486 6489 6492 6495 6498 6501 6504 
6507 6510 6513 6516 6519 6522 6525 6528 6531 
6534 6537 6540 6543 6546 6549 6552 6555 6558 
6561 6564 6567 6570 6573 6576 6579 6582 6585 
6588 6591 6594 6597 6600 6603 6606 6609 6612 
6615 6618 6621 6624 6627 6630 6633 6636 6639 
6642 6645 6648 6651 6654 6657 6660 6663 6666 
6669 6672 6675 6678 6681 6684 6687 6690 6693 
6696 6699 6702 6705 6708 6711 6714 6717 6720 
6723 6726 6729 6732 6735 6738 6741 6744 6747 
6750 6753 6756 6759 6762 6765 6768 6771 6774 
6777 6780 6783 6786 6789 6792 6795 6798 6801 
6804 6807 6810 6813 6816 6819 6822 6825 6828 
6831 6834 6837 6840 6843 6846 6849 6852 6855 
6858 6861 6864 6867 6870 6873 6876 6879 6882 
6885 6888 6891 6894 6897 6900 6903 6906 6909 
6912 6915 6918 6921 6924 6927 6930 6933 6936 
6939 6942 6945 6948 6951 6954 6957 6960 6963 
6966 6969 6972 6975 6978 6981 6984 6987 6990 
6993 6996 6999 7002 7005 7008 7011 7014 7017 
7020 7023 7026 7029 7032 7035 7038 7041 7044 
7047 7050 7053 7056 7059 7062 7065 7068 7071 
7074 7077 7080 7083 7086 7089 7092 7095 7098 
7101 7104 7107 7110 7113 7116 7119 7122 7125 
7128 7131 7134 7137 7140 7143 7146 7149 7152 
7155 7158 7161 7164 7167 7170 7173 7176 7179 
7182 7185 7188 7191 7194 7197 7200 7203 7206 
7209 7212 7215 7218 7221 7224 7227 7230 7233 
7236 7239 7242 7245 7248 7251 7254 7257 7260 
7263 7266 7269 7272 7275 7278 7281 7284 7287 
7290 7293 7296 7299 7302 7305 7308 7311 7314 
7317 7320 7323 7326 7329 7332 7335 7338 7341 
7344 7347 7350 7353 7356 7359 7362 7365 7368 
7371 7374 7377 7380 7383 7386 7389 7392 7395 
7398 7401 7404 7407 7410 7413 7416 7419 7422 
7425 7428 7431 7434 7437 7440 7443 7446 7449 
7452 7455 7458 7461 7464 7467 7470 7473 7476 
7479 7482 7485 7488 7491 7494 7497 7500 7503 
7506 7509 7512 7515 7518 7521 7524 7527 7530 
7533 7536 7539 7542 7545 7548 7551 7554 7557 
7560 7563 7566 7569 7572 7575 7578 7581 7584 
7587 7590 7593 7596 7599 7602 7605 7608 7611 
7614 7617 7620 7623 7626 7629 7632 7635 7638 
7641 7644 7647 7650 7653 7656 7659 7662 7665 
7668 7671 7674 7677 7680 7683 7686 7689 7692 
7695 7698 7701 7704 7707 7710 7713 7716 7719 
7722 7725 7728 7731 7734 7737 7740 7743 7746 
7749 7752 7755 7758 7761 7764 7767 7770 7773 
7776 7779 7782 7785 7788 7791 7794 7797 7800 
7803 7806 7809 7812 7815 7818 7821 7824 7827 
7830 7833 7836 7839 7842 7845 7848 7851 7854 
7857 7860 7863 7866 7869 7872 7875 7878 7881 
7884 7887 7890 7893 7896 7899 7902 7905 7908 
7911 7914 7917 7920 7923 7926 7929 7932 7935 
7938 7941 7944 7947 7950 7953 7956 7959 7962 
7965 7968 7971 7974 7977 7980 7983 7986 7989 
7992 7995 7998 8001 8004 8007 8010 8013 8016 
8019 8022 8025 8028 8031 8034 8037 8040 8043 
8046 8049 8052 8055 8058 8061 8064 8067 8070 
8073 8076 8079 8082 8085 8088 8091 8094 8097 
8100 8103 8106 8109 8112 8115 8118 8121 8124 
8127 8130 8133 8136 8139 8142 8145 8148 8151 
8154 8157 8160 8163 8166 8169 8172 8175 8178 
8181 8184 8187 8190 8193 8196 8199 8202 8205 
8208 8211 8214 8217 8220 8223 8226 8229 8232 
8235 8238 8241 8244 8247 8250 8253 8256 8259 
8262 8265 8268 8271 8274 8277 8280 8283 8286 
8289 8292 8295 8298 8301 8304 8307 8310 8313 
8316 8319 8322 8325 8328 8331 8334 8337 8340 
8343 8346 8349 8352 8355 8358 8361 8364 8367 
8370 8373 8376 8379 8382 8385 8388 8391 8394 
8397 8400 8403 8406 8409 8412 8415 8418 8421 
8424 8427 8430 8433 8436 8439 8442 8445 8448 
8451 8454 8457 8460 8463 8466 8469 8472 8475 
8478 8481 8484 8487 8490 8493 8496 8499 8502 
8505 8508 8511 8514 8517 8520 8523 8526 8529 
8532 8535 8538 8541 8544 8547 8550 8553 8556 
8559 8562 8565 8568 8571 8574 8577 8580 8583 
8586 8589 8592 8595 8598 8601 8604 8607 8610 
8613 8616 8619 8622 8625 8628 8631 8634 8637 
8640 8643 8646 8649 8652 8655 8658 8661 8664 
8667 8670 8673 8676 8679 8682 8685 8688 8691 
8694 8697 8700 8703 8706 8709 8712 8715 8718 
8721 8724 8727 8730 8733 8736 8739 8742 8745 
8748 8751 8754 8757 8760 8763 8766 8769 8772 
8775 8778 8781 8784 8787 8790 8793 8796 8799 
8802 8805 8808 8811 8814 8817 8820 8823 8826 
8829 8832 8835 8838 8841 8844 8847 8850 8853 
8856 8859 8862 8865 8868 8871 8874 8877 8880 
8883 8886 8889 8892 8895 8898 8901 8904 8907 
8910 8913 8916 8919 8922 8925 8928 8931 8934 
8937 8940 8943 8946 8949 8952 8955 8958 8961 
8964 8967 8970 8973 8976 8979 8982 8985 8988 
8991 8994 8997 9000 9003 9006 9009 9012 9015 
9018 9021 9024 9027 9030 9033 9036 9039 9042 
9045 9048 9051 9054 9057 9060 9063 9066 9069 
9072 9075 9078 9081 9084 9087 9090 9093 9096 
9099 9102 9105 9108 9111 9114 9117 9120 9123 
9126 9129 9132 9135 9138 9141 9144 9147 9150 
9153 9156 9159 9162 9165 9168 9171 9174 9177 
9180 9183 9186 9189 9192 9195 9198 9201 9204 
9207 9210 9213 9216 9219 9222 9225 9228 9231 
9234 9237 9240 9243 9246 9249 9252 9255 9258 
9261 9264 9267 9270 9273 9276 9279 9282 9285 
9288 9291 9294 9297 9300 9303 9306 9309 9312 
9315 9318 9321 9324 9327 9330 9333 9336 9339 
9342 9345 9348 9351 9354 9357 9360 9363 9366 
9369 9372 9375 9378 9381 9384 9387 9390 9393 
9396 9399 9402 9405 9408 9411 9414 9417 9420 
9423 9426 9429 9432 9435 9438 9441 9444 9447 
9450 9453 9456 9459 9462 9465 9468 9471 9474 
9477 9480 9483 9486 9489 9492 9495 9498 9501 
9504 9507 9510 9513 9516 9519 9522 9525 9528 
9531 9534 9537 9540 9543 9546 9549 9552 9555 
9558 9561 9564 9567 9570 9573 9576 9579 9582 
9585 9588 9591 9594 9597 9600 9603 9606 9609 
9612 9615 9618 9621 9624 9627 9630 9633 9636 
9639 9642 9645 9648 9651 9654 9657 9660 9663 
9666 9669 9672 9675 9678 9681 9684 9687 9690 
9693 9696 9699 9702 9705 9708 9711 9714 9717 
9720 9723 9726 9729 9732 9735 9738 9741 9744 
9747 9750 9753 9756 9759 9762 9765 9768 9771 
9774 9777 9780 9783 9786 9789 9792 9795 9798 
9801 9804 9807 9810 9813 9816 9819 9822 9825 
9828 9831 9834 9837 9840 9843 9846 9849 9852 
9855 9858 9861 9864 9867 9870 9873 9876 9879 
9882 9885 9888 9891 9894 9897 9900 9903 9906 
9909 9912 9915 9918 9921 9924 9927 9930 9933 
9936 9939 9942 9945 9948 9951 9954 9957 9960 
9963 9966 9969 9972 9975 9978 9981 9984 9987 
9990 9993 9996 9999 10002 10005 10008 10011 10014 
10017 10020 10023 10026 10029 10032 10035 10038 10041 
10044 10047 10050 10053 10056 10059 10062 10065 10068 
10071 10074 10077 10080 10083 10086 10089 10092 10095 
10098 10101 10104 10107 10110 10113 10116 10119 10122 
10125 10128 10131 10134 10137 10140 10143 10146 10149 
10152 10155 10158 10161 10164 10167 10170 10173 10176 
10179 10182 10185 10188 10191 10194 10197 10200 10203 
10206 10209 10212 10215 10218 10221 10224 10227 10230 
10233 10236 10239 10242 10245 10248 10251 10254 10257 
10260 10263 10266 10269 10272 10275 10278 10281 10284 
10287 10290 10293 10296 10299 10302 10305 10308 10311 
10314 10317 10320 10323 10326 10329 10332 10335 10338 
10341 10344 10347 10350 10353 10356 10359 10362 10365 
10368 10371 10374 10377 10380 10383 10386 10389 10392 
10395 10398 10401 10404 10407 10410 10413 10416 10419 
10422 10425 10428 10431 10434 10437 10440 10443 10446 
10449 10452 10455 10458 10461 10464 10467 10470 10473 
10476 10479 10482 10485 10488 10491 10494 10497 10500 
10503 10506 10509 10512 10515 10518 10521 10524 10527 
10530 10533 10536 10539 10542 10545 10548 10551 10554 
10557 10560 10563 10566 10569 10572 10575 10578 10581 
10584 10587 10590 10593 10596 10599 10602 10605 10608 
10611 10614 10617 10620 10623 10626 10629 10632 10635 
10638 10641 10644 10647 10650 10653 10656 10659 10662 
10665 10668 10671 10674 10677 10680 10683 10686 10689 
10692 10695 10698 10701 10704 10707 10710 10713 10716 
10719 10722 10725 10728 10731 10734 10737 10740 10743 
10746 10749 10752 10755 10758 10761 10764 10767 10770 
10773 10776 10779 10782 10785 10788 10791 10794 10797 
10800 10803 10806 10809 10812 10815 10818 10821 10824 
10827 10830 10833 10836 10839 10842 10845 10848 10851 
10854 10857 10860 10863 10866 10869 10872 10875 10878 
10881 10884 10887 10890 10893 10896 10899 10902 10905 
10908 10911 10914 10917 10920 10923 10926 10929 10932 
10935 10938 10941 10944 10947 10950 10953 10956 10959 
10962 10965 10968 10971 10974 10977 10980 10983 10986 
10989 10992 10995 10998 11001 11004 11007 11010 11013 
11016 11019 11022 11025 11028 11031 11034 11037 11040 
11043 11046 11049 11052 11055 11058 11061 11064 11067 
11070 11073 11076 11079 11082 11085 11088 11091 11094 
11097 11100 11103 11106 11109 11112 11115 11118 11121 
11124 11127 11130 11133 11136 11139 11142 11145 11148 
11151 11154 11157 11160 11163 11166 11169 11172 11175 
11178 11181 11184 11187 11190 11193 11196 11199 11202 
11205 11208 11211 11214 11217 11220 11223 11226 11229 
11232 11235 11238 11241 11244 11247 11250 11253 11256 
11259 11262 11265 11268 11271 11274 11277 11280 11283 
11286 11289 11292 11295 11298 11301 11304 11307 11310 
11313 11316 11319 11322 11325 11328 11331 11334 11337 
11340 11343 11346 11349 11352 11355 11358 11361 11364 
11367 11370 11373 11376 11379 11382 11385 11388 11391 
11394 11397 11400 11403 11406 11409 11412 11415 11418 
11421 11424 11427 11430 11433 11436 11439 11442 11445 
11448 11451 11454 11457 11460 11463 11466 11469 11472 
11475 11478 11481 11484 11487 11490 11493 11496 11499 
11502 11505 11508 11511 11514 11517 11520 11523 11526 
11529 11532 11535 11538 11541 11544 11547 11550 11553 
11556 11559 11562 11565 11568 11571 11574 11577 11580 
11583 11586 11589 11592 11595 11598 11601 11604 11607 
11610 11613 11616 11619 11622 11625 11628 11631 11634 
11637 11640 11643 11646 11649 11652 11655 11658 11661 
11664 11667 11670 11673 11676 11679 11682 11685 11688 
11691 11694 11697 11700 11703 11706 11709 11712 11715 
11718 11721 11724 11727 11730 11733 11736 11739 11742 
11745 11748 11751 11754 11757 11760 11763 11766 11769 
11772 11775 11778 11781 11784 11787 11790 11793 11796 
11799 11802 11805 11808 11811 11814 11817 11820 11823 
11826 11829 11832 11835 11838 11841 11844 11847 11850 
11853 11856 11859 11862 11865 11868 11871 11874 11877 
11880 11883 11886 11889 11892 11895 11898 11901 11904 
11907 11910 11913 11916 11919 11922 11925 11928 11931 
11934 11937 11940 11943 11946 11949 11952 11955 11958 
11961 11964 11967 11970 11973 11976 11979 11982 11985 
11988 11991 11994 11997 12000 12003 12006 12009 12012 
12015 12018 12021 12024 12027 12030 12033 12036 12039 
12042 12045 12048 12051 12054 12057 12060 12063 12066 
12069 12072 12075 12078 12081 12084 12087 12090 12093 
12096 12099 12102 12105 12108 12111 12114 12117 12120 
12123 12126 12129 12132 12135 12138 12141 12144 12147 
12150 12153 12156 12159 12162 12165 12168 12171 12174 
12177 12180 12183 12186 12189 12192 12195 12198 12201 
12204 12207 12210 12213 12216 12219 12222 12225 12228 
12231 12234 12237 12240 12243 12246 12249 12252 12255 
12258 12261 12264 12267 12270 12273 12276 12279 12282 
12285 12288 12291 12294 12297 12300 12303 12306 12309 
12312 12315 12318 12321 12324 12327 12330 12333 12336 
12339 12342 12345 12348 12351 12354 12357 12360 12363 
12366 12369 12372 12375 12378 12381 12384 12387 12390 
12393 12396 12399 12402 12405 12408 12411 12414 12417 
12420 12423 12426 12429 12432 12435 12438 12441 12444 
12447 12450 12453 12456 12459 12462 12465 12468 12471 
12474 12477 12480 12483 12486 12489 12492 12495 12498 
12501 12504 12507 12510 12513 12516 12519 12522 12525 
12528 12531 12534 12537 12540 12543 12546 12549 12552 
12555 12558 12561 12564 12567 12570 12573 12576 12579 
12582 12585 12588 12591 12594 12597 12600 12603 12606 
12609 12612 12615 12618 12621 12624 12627 12630 12633 
12636 12639 12642 12645 12648 12651 12654 12657 12660 
12663 12666 12669 12672 12675 12678 12681 12684 12687 
12690 12693 12696 12699 12702 12705 12708 12711 12714 
12717 12720 12723 12726 12729 12732 12735 12738 12741 
12744 12747 12750 12753 12756 12759 12762 12765 12768 
12771 12774 12777 12780 12783 12786 12789 12792 12795 
12798 12801 12804 12807 12810 12813 12816 12819 12822 
12825 12828 12831 12834 12837 12840 12843 12846 12849 
12852 12855 12858 12861 12864 12867 12870 12873 12876 
12879 12882 12885 12888 12891 12894 12897 12900 12903 
12906 12909 12912 12915 12918 12921 12924 12927 12930 
12933 12936 12939 12942 12945 12948 12951 12954 12957 
12960 12963 12966 12969 12972 12975 12978 12981 12984 
12987 12990 12993 12996 12999 13002 13005 13008 13011 
13014 13017 13020 13023 13026 13029 13032 13035 13038 
13041 13044 13047 13050 13053 13056 13059 13062 13065 
13068 13071 13074 13077 13080 13083 13086 13089 13092 
13095 13098 13101 13104 13107 13110 13113 13116 13119 
13122 13125 13128 13131 13134 13137 13140 13143 13146 
13149 13152 13155 13158 13161 13164 13167 13170 13173 
13176 13179 13182 13185 13188 13191 13194 13197 13200 
13203 13206 13209 13212 13215 13218 13221 13224 13227 
13230 13233 13236 13239 13242 13245 13248 13251 13254 
13257 13260 13263 13266 13269 13272 13275 13278 13281 
13284 13287 13290 13293 13296 13299 13302 13305 13308 
13311 13314 13317 13320 13323 13326 13329 13332 13335 
13338 13341 13344 13347 13350 13353 13356 13359 13362 
13365 13368 13371 13374 13377 13380 13383 13386 13389 
13392 13395 13398 13401 13404 13407 13410 13413 13416 
13419 13422 13425 13428 13431 13434 13437 13440 13443 
13446 13449 13452 13455 13458 13461 13464 13467 13470 
13473 13476 13479 13482 13485 13488 13491 13494 13497 
13500 13503 13506 13509 13512 13515 13518 13521 13524 
13527 13530 13533 13536 13539 13542 13545 13548 13551 
13554 13557 13560 13563 13566 13569 13572 13575 13578 
13581 13584 13587 13590 13593 13596 13599 13602 13605 
13608 13611 13614 13617 13620 13623 13626 13629 13632 
13635 13638 13641 13644 13647 13650 13653 13656 13659 
13662 13665 13668 13671 13674 13677 13680 13683 13686 
13689 13692 13695 13698 13701 13704 13707 13710 13713 
13716 13719 13722 13725 13728 13731 13734 13737 13740 
13743 13746 13749 13752 13755 13758 13761 13764 13767 
13770 13773 13776 13779 13782 13785 13788 13791 13794 
13797 13800 13803 13806 13809 13812 13815 13818 13821 
13824 13827 13830 13833 13836 13839 13842 13845 13848 
13851 13854 13857 13860 13863 13866 13869 13872 13875 
13878 13881 13884 13887 13890 13893 13896 13899 13902 
13905 13908 13911 13914 13917 13920 13923 13926 13929 
13932 13935 13938 13941 13944 13947 13950 13953 13956 
13959 13962 13965 13968 13971 13974 13977 13980 13983 
13986 13989 13992 13995 13998 14001 14004 14007 14010 
14013 14016 14019 14022 14025 14028 14031 14034 14037 
14040 14043 14046 14049 14052 14055 14058 14061 14064 
14067 14070 14073 14076 14079 14082 14085 14088 14091 
14094 14097 14100 14103 14106 14109 14112 14115 14118 
14121 14124 14127 14130 14133 14136 14139 14142 14145 
14148 14151 14154 14157 14160 14163 14166 14169 14172 
14175 14178 14181 14184 14187 14190 14193 14196 14199 
14202 14205 14208 14211 14214 14217 14220 14223 14226 
14229 14232 14235 14238 14241 14244 14247 14250 14253 
14256 14259 14262 14265 14268 14271 14274 14277 14280 
14283 14286 14289 14292 14295 14298 14301 14304 14307 
14310 14313 14316 14319 14322 14325 14328 14331 14334 
14337 14340 14343 14346 14349 14352 14355 14358 14361 
14364 14367 14370 14373 14376 14379 14382 14385 14388 
14391 14394 14397 14400 14403 14406 14409 14412 14415 
14418 14421 14424 14427 14430 14433 14436 14439 14442 
14445 14448 14451 14454 14457 14460 14463 14466 14469 
14472 14475 14478 14481 14484 14487 14490 14493 14496 
14499 14502 14505 14508 14511 14514 14517 14520 14523 
14526 14529 14532 14535 14538 14541 14544 14547 14550 
14553 14556 14559 14562 14565 14568 14571 14574 14577 
14580 14583 14586 14589 14592 14595 14598 14601 14604 
14607 14610 14613 14616 14619 14622 14625 14628 14631 
14634 14637 14640 14643 14646 14649 14652 14655 14658 
14661 14664 14667 14670 14673 14676 14679 14682 14685 
14688 14691 14694 14697 14700 14703 14706 14709 14712 
14715 14718 14721 14724 14727 14730 14733 14736 14739 
14742 14745 14748 14751 14754 14757 14760 14763 14766 
14769 14772 14775 14778 14781 14784 14787 14790 14793 
14796 14799 14802 14805 14808 14811 14814 14817 14820 
14823 14826 14829 14832 14835 14838 14841 14844 14847 
14850 14853 14856 14859 14862 14865 14868 14871 14874 
14877 14880 14883 14886 14889 14892 14895 14898 14901 
14904 14907 14910 14913 14916 14919 14922 14925 14928 
14931 14934 14937 14940 14943 14946 14949 14952 14955 
14958 14961 14964 14967 14970 14973 14976 14979 14982 
14985 14988 14991 14994 14997 15000 15003 15006 15009 
15012 15015 15018 15021 15024 15027 15030 15033 15036 
15039 15042 15045 15048 15051 15054 15057 15060 15063 
15066 15069 15072 15075 15078 15081 15084 15087 15090 
15093 15096 15099 15102 15105 15108 15111 15114 15117 
15120 15123 15126 15129 15132 15135 15138 15141 15144 
15147 15150 15153 15156 15159 15162 15165 15168 15171 
15174 15177 15180 15183 15186 15189 15192 15195 15198 
15201 15204 15207 15210 15213 15216 15219 15222 15225 
15228 15231 15234 15237 15240 15243 15246 15249 15252 
15255 15258 15261 15264 15267 15270 15273 15276 15279 
15282 15285 15288 15291 15294 15297 15300 15303 15306 
15309 15312 15315 15318 15321 15324 15327 15330 15333 
15336 15339 15342 15345 15348 15351 15354 15357 15360 
15363 15366 15369 15372 15375 15378 15381 15384 15387 
15390 15393 15396 15399 15402 15405 15408 15411 15414 
15417 15420 15423 15426 15429 15432 15435 15438 15441 
15444 15447 15450 15453 15456 15459 15462 15465 15468 
15471 15474 15477 15480 15483 15486 15489 15492 15495 
15498 15501 15504 15507 15510 15513 15516 15519 15522 
15525 15528 15531 15534 15537 15540 15543 15546 15549 
15552 15555 15558 15561 15564 15567 15570 15573 15576 
15579 15582 15585 15588 15591 15594 15597 15600 15603 
15606 15609 15612 15615 15618 15621 15624 15627 15630 
15633 15636 15639 15642 15645 15648 15651 15654 15657 
15660 15663 15666 15669 15672 15675 15678 15681 15684 
15687 15690 15693 15696 15699 15702 15705 15708 15711 
15714 15717 15720 15723 15726 15729 15732 15735 15738 
15741 15744 15747 15750 15753 15756 15759 15762 15765 
15768 15771 15774 15777 15780 15783 15786 15789 15792 
15795 15798 15801 15804 15807 15810 15813 15816 15819 
15822 15825 15828 15831 15834 15837 15840 15843 15846 
15849 15852 15855 15858 15861 15864 15867 15870 15873 
15876 15879 15882 15885 15888 15891 15894 15897 15900 
15903 15906 15909 15912 15915 15918 15921 15924 15927 
15930 15933 15936 15939 15942 15945 15948 15951 15954 
15957 15960 15963 15966 15969 15972 15975 15978 15981 
15984 15987 15990 15993 15996 15999 16002 16005 16008 
16011 16014 16017 16020 16023 16026 16029 16032 16035 
16038 16041 16044 16047 16050 16053 16056 16059 16062 
16065 16068 16071 16074 16077 16080 16083 16086 16089 
16092 16095 16098 16101 16104 16107 16110 16113 16116 
16119 16122 16125 16128 16131 16134 16137 16140 16143 
16146 16149 16152 16155 16158 16161 16164 16167 16170 
16173 16176 16179 16182 16185 16188 16191 16194 16197 
16200 16203 16206 16209 16212 16215 16218 16221 16224 
16227 16230 16233 16236 16239 16242 16245 16248 16251 
16254 16257 16260 16263 16266 16269 16272 16275 16278 
16281 16284 16287 16290 16293 16296 16299 16302 16305 
16308 16311 16314 16317 16320 16323 16326 16329 16332 
16335 16338 16341 16344 16347 16350 16353 16356 16359 
16362 16365 16368 16371 16374 16377 16380 16383 16386 
16389 16392 16395 16398 16401 16404 16407 16410 16413 
16416 16419 16422 16425 16428 16431 16434 16437 16440 
16443 16446 16449 16452 16455 16458 16461 16464 16467 
16470 16473 16476 16479 16482 16485 16488 16491 16494 
16497 16500 16503 16506 16509 16512 16515 16518 16521 
16524 16527 16530 16533 16536 16539 16542 16545 16548 
16551 16554 16557 16560 16563 16566 16569 16572 16575 
16578 16581 16584 16587 16590 16593 16596 16599 16602 
16605 16608 16611 16614 16617 16620 16623 16626 16629 
16632 16635 16638 16641 16644 16647 16650 16653 16656 
16659 16662 16665 16668 16671 16674 16677 16680 16683 
16686 16689 16692 16695 16698 16701 16704 16707 16710 
16713 16716 16719 16722 16725 16728 16731 16734 16737 
16740 16743 16746 16749 16752 16755 16758 16761 16764 
16767 16770 16773 16776 16779 16782 16785 16788 16791 
16794 16797 16800 16803 16806 16809 16812 16815 16818 
16821 16824 16827 16830 16833 16836 16839 16842 16845 
16848 16851 16854 16857 16860 16863 16866 16869 16872 
16875 16878 16881 16884 16887 16890 16893 16896 16899 
16902 16905 16908 16911 16914 16917 16920 16923 16926 
16929 16932 16935 16938 16941 16944 16947 16950 16953 
16956 16959 16962 16965 16968 16971 16974 16977 16980 
16983 16986 16989 16992 16995 16998 17001 17004 17007 
17010 17013 17016 17019 17022 17025 17028 17031 17034 
17037 17040 17043 17046 17049 17052 17055 17058 17061 
17064 17067 17070 17073 17076 17079 17082 17085 17088 
17091 17094 17097 17100 17103 17106 17109 17112 17115 
17118 17121 17124 17127 17130 17133 17136 17139 17142 
17145 17148 17151 17154 17157 17160 17163 17166 17169 
17172 17175 17178 17181 17184 17187 17190 17193 17196 
17199 17202 17205 17208 17211 17214 17217 17220 17223 
17226 17229 17232 17235 17238 17241 17244 17247 17250 
17253 17256 17259 17262 17265 17268 17271 17274 17277 
17280 17283 17286 17289 17292 17295 17298 17301 17304 
17307 17310 17313 17316 17319 17322 17325 17328 17331 
17334 17337 17340 17343 17346 17349 17352 17355 17358 
17361 17364 17367 17370 17373 17376 17379 17382 17385 
17388 17391 17394 17397 17400 17403 17406 17409 17412 
17415 17418 17421 17424 17427 17430 17433 17436 17439 
17442 17445 17448 17451 17454 17457 17460 17463 17466 
17469 17472 17475 17478 17481 17484 17487 17490 17493 
17496 17499 17502 17505 17508 17511 17514 17517 17520 
17523 17526 17529 17532 17535 17538 17541 17544 17547 
17550 17553 17556 17559 17562 17565 17568 17571 17574 
17577 17580 17583 17586 17589 17592 17595 17598 17601 
17604 17607 17610 17613 17616 17619 17622 17625 17628 
17631 17634 17637 17640 17643 17646 17649 17652 17655 
17658 17661 17664 17667 17670 17673 17676 17679 17682 
17685 17688 17691 17694 17697 17700 17703 17706 17709 
17712 17715 17718 17721 17724 17727 17730 17733 17736 
17739 17742 17745 17748 17751 17754 17757 17760 17763 
17766 17769 17772 17775 17778 17781 17784 17787 17790 
17793 17796 17799 17802 17805 17808 17811 17814 17817 
17820 17823 17826 17829 17832 17835 17838 17841 17844 
17847 17850 17853 17856 17859 17862 17865 17868 17871 
17874 17877 17880 17883 17886 17889 17892 17895 17898 
17901 17904 17907 17910 17913 17916 17919 17922 17925 
17928 17931 17934 17937 17940 17943 17946 17949 17952 
17955 17958 17961 17964 17967 17970 17973 17976 17979 
17982 17985 17988 17991 17994 17997 18000 18003 18006 
18009 18012 18015 18018 18021 18024 18027 18030 18033 
18036 18039 18042 18045 18048 18051 18054 18057 18060 
18063 18066 18069 18072 18075 18078 18081 18084 18087 
18090 18093 18096 18099 18102 18105 18108 18111 18114 
18117 18120 18123 18126 18129 18132 18135 18138 18141 
18144 18147 18150 18153 18156 18159 18162 18165 18168 
18171 18174 18177 18180 18183 18186 18189 18192 18195 
18198 18201 18204 18207 18210 18213 18216 18219 18222 
18225 18228 18231 18234 18237 18240 18243 18246 18249 
18252 18255 18258 18261 18264 18267 18270 18273 18276 
18279 18282 18285 18288 18291 18294 18297 18300 18303 
18306 18309 18312 18315 18318 18321 18324 18327 18330 
18333 18336 18339 18342 18345 18348 18351 18354 18357 
18360 18363 18366 18369 18372 18375 18378 18381 18384 
18387 18390 18393 18396 18399 18402 18405 18408 18411 
18414 18417 18420 18423 18426 18429 18432 18435 18438 
18441 18444 18447 18450 18453 18456 18459 18462 18465 
18468 18471 18474 18477 18480 18483 18486 18489 18492 
18495 18498 18501 18504 18507 18510 18513 18516 18519 
18522 18525 18528 18531 18534 18537 18540 18543 18546 
18549 18552 18555 18558 18561 18564 18567 18570 18573 
18576 18579 18582 18585 18588 18591 18594 18597 18600 
18603 18606 18609 18612 18615 18618 18621 18624 18627 
18630 18633 18636 18639 18642 18645 18648 18651 18654 
18657 18660 18663 18666 18669 18672 18675 18678 18681 
18684 18687 18690 18693 18696 18699 18702 18705 18708 
18711 18714 18717 18720 18723 18726 18729 18732 18735 
18738 18741 18744 18747 18750 18753 18756 18759 18762 
18765 18768 18771 18774 18777 18780 18783 18786 18789 
18792 18795 18798 18801 18804 18807 18810 18813 18816 
18819 18822 18825 18828 18831 18834 18837 18840 18843 
18846 18849 18852 18855 18858 18861 18864 18867 18870 
18873 18876 18879 18882 18885 18888 18891 18894 18897 
18900 18903 18906 18909 18912 18915 18918 18921 18924 
18927 18930 18933 18936 18939 18942 18945 18948 18951 
18954 18957 18960 18963 18966 18969 18972 18975 18978 
18981 18984 18987 18990 18993 18996 18999 19002 19005 
19008 19011 19014 19017 19020 19023 19026 19029 19032 
19035 19038 19041 19044 19047 19050 19053 19056 19059 
19062 19065 19068 19071 19074 19077 19080 19083 19086 
19089 19092 19095 19098 19101 19104 19107 19110 19113 
19116 19119 19122 19125 19128 19131 19134 19137 19140 
19143 19146 19149 19152 19155 19158 19161 19164 19167 
19170 19173 19176 19179 19182 19185 19188 19191 19194 
19197 19200 19203 19206 19209 19212 19215 19218 19221 
19224 19227 19230 19233 19236 19239 19242 19245 19248 
19251 19254 19257 19260 19263 19266 19269 19272 19275 
19278 19281 19284 19287 19290 19293 19296 19299 19302 
19305 19308 19311 19314 19317 19320 19323 19326 19329 
19332 19335 19338 19341 19344 19347 19350 19353 19356 
19359 19362 19365 19368 19371 19374 19377 19380 19383 
19386 19389 19392 19395 19398 19401 19404 19407 19410 
19413 19416 19419 19422 19425 19428 19431 19434 19437 
19440 19443 19446 19449 19452 19455 19458 19461 19464 
19467 19470 19473 19476 19479 19482 19485 19488 19491 
19494 19497 19500 19503 19506 19509 19512 19515 19518 
19521 19524 19527 19530 19533 19536 19539 19542 19545 
19548 19551 19554 19557 19560 19563 19566 19569 19572 
19575 19578 19581 19584 19587 19590 19593 19596 19599 
19602 19605 19608 19611 19614 19617 19620 19623 19626 
19629 19632 19635 19638 19641 19644 19647 19650 19653 
19656 19659 19662 19665 19668 19671 19674 19677 19680 
19683 19686 19689 19692 19695 19698 19701 19704 19707 
19710 19713 19716 19719 19722 19725 19728 19731 19734 
19737 19740 19743 19746 19749 19752 19755 19758 19761 
19764 19767 19770 19773 19776 19779 19782 19785 19788 
19791 19794 19797 19800 19803 19806 19809 19812 19815 
19818 19821 19824 19827 19830 19833 19836 19839 19842 
19845 19848 19851 19854 19857 19860 19863 19866 19869 
19872 19875 19878 19881 19884 19887 19890 19893 19896 
19899 19902 19905 19908 19911 19914 19917 19920 19923 
19926 19929 19932 19935 19938 19941 19944 19947 19950 
19953 19956 19959 19962 19965 19968 19971 19974 19977 
19980 19983 19986 19989 19992 19995 19998 20001 20004 
20007 20010 20013 20016 20019 20022 20025 20028 20031 
20034 20037 20040 20043 20046 20049 20052 20055 20058 
20061 20064 20067 20070 20073 20076 20079 20082 20085 
20088 20091 20094 20097 20100 20103 20106 20109 20112 
20115 20118 20121 20124 20127 20130 20133 20136 20139 
20142 20145 20148 20151 20154 20157 20160 20163 20166 
20169 20172 20175 20178 20181 20184 20187 20190 20193 
20196 20199 20202 20205 20208 20211 20214 20217 20220 
20223 20226 20229 20232 20235 20238 20241 20244 20247 
20250 20253 20256 20259 20262 20265 20268 20271 20274 
20277 20280 20283 20286 20289 20292 20295 20298 20301 
20304 20307 20310 20313 20316 20319 20322 20325 20328 
20331 20334 20337 20340 20343 20346 20349 20352 20355 
20358 20361 20364 20367 20370 20373 20376 20379 20382 
20385 20388 20391 20394 20397 20400 20403 20406 20409 
20412 20415 20418 20421 20424 20427 20430 20433 20436 
20439 20442 20445 20448 20451 20454 20457 20460 20463 
20466 20469 20472 20475 20478 20481 20484 20487 20490 
20493 20496 20499 20502 20505 20508 20511 20514 20517 
20520 20523 20526 20529 20532 20535 20538 20541 20544 
20547 20550 20553 20556 20559 20562 20565 20568 20571 
20574 20577 20580 20583 20586 20589 20592 20595 20598 
20601 20604 20607 20610 20613 20616 20619 20622 20625 
20628 20631 20634 20637 20640 20643 20646 20649 20652 
20655 20658 20661 20664 20667 20670 20673 20676 20679 
20682 20685 20688 20691 20694 20697 20700 20703 20706 
20709 20712 20715 20718 20721 20724 20727 20730 20733 
20736 20739 20742 20745 20748 20751 20754 20757 20760 
20763 20766 20769 20772 20775 20778 20781 20784 20787 
20790 20793 20796 20799 20802 20805 20808 20811 20814 
20817 20820 20823 20826 20829 20832 20835 20838 20841 
20844 20847 20850 20853 20856 20859 20862 20865 20868 
20871 20874 20877 20880 20883 20886 20889 20892 20895 
20898 20901 20904 20907 20910 20913 20916 20919 20922 
20925 20928 20931 20934 20937 20940 20943 20946 20949 
20952 20955 20958 20961 20964 20967 20970 20973 20976 
20979 20982 20985 20988 20991 20994 20997 21000 
CONNECTIVITY vtktypeint64
0 1 2 1 0 3 0 2 4 
3 0 4 5 6 7 6 5 8 
9 10 11 9 12 13 10 9 13 
7 13 12 7 12 5 5 12 14 
15 8 5 14 15 5 16 17 18 
16 19 20 17 16 20 19 21 22 
20 19 22 11 22 21 11 21 9 
9 21 23 12 9 24 24 9 23 
14 12 25 25 12 24 26 15 14 
25 26 14 27 28 29 27 30 31 
28 27 31 30 32 33 31 30 33 
32 34 35 33 32 35 18 35 34 
18 34 16 16 34 36 19 16 37 
37 16 36 21 19 38 38 19 37 
23 21 39 39 21 38 24 23 40 
40 23 39 41 42 25 41 25 40 
40 25 24 26 25 42 43 27 29 
44 43 29 30 27 45 45 27 43 
32 30 46 46 30 45 1 46 2 
1 34 46 34 32 46 3 34 1 
3 47 34 47 36 34 48 49 37 
48 37 47 47 37 36 38 37 49 
50 38 49 39 38 50 51 39 50 
40 39 51 52 40 51 41 40 52 
53 54 55 44 54 53 44 53 43 
43 53 56 45 43 57 57 43 56 
58 59 46 58 46 57 57 46 45 
2 46 59 2 59 4 4 59 60 
47 3 4 47 4 61 61 4 60 
48 47 61 53 55 62 56 53 62 
63 56 62 57 56 63 64 57 63 
58 57 64 65 66 67 65 68 69 
66 65 69 68 70 71 69 68 71 
71 70 72 73 74 75 67 74 73 
67 73 65 65 73 76 68 65 77 
77 65 76 70 68 78 78 68 77 
79 72 70 79 70 80 80 70 78 
79 80 81 82 83 84 82 85 86 
83 82 86 85 87 88 86 85 88 
75 88 87 75 87 73 73 87 89 
76 73 90 90 73 89 77 76 91 
91 76 90 78 77 92 92 77 91 
80 78 93 93 78 92 94 81 80 
93 94 80 95 96 97 95 98 99 
96 95 99 98 100 101 99 98 101 
84 101 100 84 100 82 82 100 102 
85 82 103 103 82 102 87 85 104 
104 85 103 89 87 105 105 87 104 
90 89 106 106 89 105 91 90 107 
107 90 106 92 91 108 108 91 107 
6 108 7 6 93 108 93 92 108 
93 6 8 93 8 94 94 8 109 
110 111 112 110 113 114 111 110 114 
97 114 113 97 113 95 95 113 115 
98 95 116 116 95 115 100 98 117 
117 98 116 102 100 118 118 100 117 
103 102 119 119 102 118 104 103 120 
120 103 119 105 104 121 121 104 120 
106 105 122 122 105 121 10 122 11 
10 107 122 107 106 122 13 107 10 
108 107 13 7 108 13 8 15 109 
109 15 123 124 125 126 124 127 128 
125 124 128 112 128 127 112 127 110 
110 127 129 113 110 130 130 110 129 
115 113 131 131 113 130 116 115 132 
132 115 131 117 116 133 133 116 132 
118 117 134 134 117 133 119 118 135 
135 118 134 17 135 18 17 120 135 
120 119 135 20 120 17 121 120 20 
22 121 20 122 121 22 11 122 22 
15 26 123 123 26 136 137 138 139 
137 140 141 138 137 141 126 141 140 
126 140 124 124 140 142 127 124 143 
143 124 142 129 127 144 144 127 143 
130 129 145 145 129 144 131 130 146 
146 130 145 28 146 29 28 132 146 
132 131 146 31 132 28 133 132 31 
33 133 31 134 133 33 35 134 33 
135 134 35 18 135 35 42 147 148 
41 147 42 136 26 42 148 136 42 
149 150 151 149 152 153 150 149 153 
139 153 152 139 152 137 137 152 154 
140 137 155 155 137 154 142 140 156 
156 140 155 143 142 157 157 142 156 
144 143 158 158 143 157 145 144 159 
159 144 158 146 145 160 160 145 159 
29 160 44 146 160 29 49 48 161 
49 162 50 161 162 49 163 50 162 
163 164 50 164 51 50 52 51 165 
51 164 165 147 41 52 165 147 52 
166 149 151 167 166 151 152 149 168 
168 149 166 154 152 169 169 152 168 
155 154 170 170 154 169 156 155 171 
171 155 170 157 156 172 172 156 171 
158 157 173 173 157 172 159 158 174 
174 158 173 54 174 55 54 160 174 
160 159 174 44 160 54 59 175 176 
58 175 59 60 59 177 59 176 177 
61 60 178 60 177 178 161 48 61 
161 61 179 179 61 178 162 161 179 
180 162 179 163 162 180 166 167 181 
168 166 181 182 168 181 169 168 182 
183 169 182 170 169 183 184 170 183 
171 170 184 185 171 184 172 171 185 
186 172 185 173 172 186 187 173 186 
174 173 187 188 174 187 55 174 188 
55 188 62 62 188 189 63 62 190 
62 189 190 64 63 191 63 190 191 
175 58 64 191 175 64 192 193 194 
192 195 196 193 192 196 195 197 198 
196 195 198 198 197 199 200 201 202 
194 201 200 194 200 192 192 200 203 
195 192 204 204 192 203 197 195 205 
205 195 204 206 199 197 205 206 197 
207 208 209 202 208 207 202 207 200 
200 207 210 66 210 67 66 203 210 
203 200 210 69 203 66 204 203 69 
71 204 69 205 204 71 205 71 72 
205 72 206 206 72 211 212 213 214 
212 215 216 213 212 216 209 216 215 
209 215 207 207 215 217 74 217 75 
74 210 217 210 207 217 67 210 74 
72 218 211 79 218 72 218 79 81 
219 218 81 220 221 222 220 223 224 
221 220 224 223 225 226 224 223 226 
214 226 225 212 214 225 212 225 84 
212 84 83 86 212 83 215 212 86 
88 215 86 217 215 88 75 217 88 
81 94 219 219 94 227 228 229 230 
228 231 232 229 228 232 231 233 234 
232 231 234 233 235 236 234 233 236 
235 237 238 236 235 238 222 238 237 
220 222 237 220 237 97 220 97 96 
99 220 96 223 220 99 101 223 99 
225 223 101 84 225 101 94 109 227 
227 109 239 240 241 242 240 243 244 
241 240 244 243 245 246 244 243 246 
230 246 245 230 245 228 228 245 247 
231 228 248 248 228 247 233 231 249 
249 231 248 111 249 112 111 235 249 
235 233 249 114 235 111 237 235 114 
97 237 114 109 123 239 239 123 250 
251 252 253 242 252 251 242 251 240 
240 251 254 243 240 255 255 240 254 
245 243 256 256 243 255 247 245 257 
257 245 256 125 257 126 125 248 257 
248 247 257 128 248 125 249 248 128 
112 249 128 258 259 260 258 260 250 
258 250 136 136 250 123 251 253 261 
261 262 263 261 263 251 251 263 254 
255 254 264 264 254 263 138 264 139 
138 256 264 256 255 264 141 256 138 
257 256 141 126 257 141 148 259 258 
148 147 259 147 265 259 136 148 258 
150 263 262 150 262 151 151 262 266 
153 263 150 264 263 153 139 264 153 
164 163 267 268 164 267 268 269 164 
269 165 164 265 147 165 269 265 165 
151 266 167 266 270 167 176 271 272 
175 271 176 177 176 273 176 272 273 
178 177 274 177 273 274 179 178 275 
178 274 275 180 179 276 179 275 276 
267 163 180 267 180 277 277 180 276 
268 267 277 167 270 278 181 167 278 
182 181 279 181 278 279 183 182 280 
182 279 280 184 183 281 183 280 281 
185 184 282 184 281 282 186 185 283 
185 282 283 187 186 284 186 283 284 
188 187 285 187 284 285 189 188 286 
188 285 286 190 189 287 189 286 287 
191 190 288 190 287 288 271 175 191 
288 271 191 289 290 291 290 289 292 
289 291 293 294 295 296 292 289 293 
294 296 297 298 299 300 295 299 298 
295 298 296 296 298 301 194 193 302 
194 302 296 194 296 301 297 296 302 
196 303 193 193 303 302 304 305 303 
304 303 198 198 303 196 198 199 304 
306 307 308 300 307 306 300 306 298 
298 306 309 201 309 202 201 301 309 
301 298 309 194 301 201 304 310 305 
310 304 199 310 199 311 311 199 206 
312 313 314 308 313 312 308 312 306 
306 312 315 208 315 209 208 309 315 
309 306 315 202 309 208 206 211 311 
311 211 316 317 318 319 317 320 321 
318 317 321 314 321 320 312 314 320 
312 320 214 312 214 213 216 312 213 
315 312 216 209 315 216 322 211 218 
322 323 211 323 316 211 218 219 322 
324 325 326 324 327 328 325 324 328 
327 329 330 328 327 330 329 331 332 
330 329 332 331 333 334 332 331 334 
333 335 336 334 333 336 335 222 221 
335 221 336 336 221 337 319 224 317 
319 337 224 337 221 224 226 317 224 
320 317 226 214 320 226 338 323 322 
339 323 338 219 227 338 322 219 338 
340 341 342 340 343 344 341 340 344 
343 345 346 344 343 346 326 346 345 
326 345 324 324 345 347 229 347 230 
229 327 347 327 324 347 232 327 229 
329 327 232 234 329 232 331 329 234 
236 331 234 333 331 236 238 333 236 
335 333 238 222 335 238 348 339 338 
349 339 348 227 239 348 338 227 348 
350 340 342 351 350 342 241 350 242 
241 343 350 343 340 350 244 343 241 
345 343 244 246 345 244 347 345 246 
230 347 246 352 349 348 353 349 352 
239 250 352 348 239 352 252 350 351 
252 351 253 253 351 354 242 350 252 
260 353 352 260 259 353 259 355 353 
250 260 352 356 261 253 356 253 357 
357 253 354 261 356 262 259 265 355 
355 265 358 359 356 357 360 359 357 
262 359 266 356 359 262 269 361 362 
268 361 269 358 265 269 362 358 269 
359 360 363 359 270 266 359 364 270 
359 363 364 365 270 364 365 366 367 
364 366 365 366 368 367 369 370 371 
369 272 271 369 371 272 371 372 272 
273 272 373 272 372 373 274 273 374 
273 373 374 275 274 375 274 374 375 
276 275 376 275 375 376 277 276 377 
276 376 377 361 268 277 377 361 277 
270 365 278 279 278 365 367 279 365 
367 368 378 367 378 279 279 378 280 
281 280 379 280 378 379 282 281 380 
281 379 380 283 282 381 282 380 381 
284 283 382 283 381 382 285 284 383 
284 382 383 286 285 384 285 383 384 
287 286 385 286 384 385 370 369 288 
370 288 385 385 288 287 271 288 369 
386 387 388 389 291 290 390 387 386 
290 292 389 391 386 388 392 391 388 
291 389 293 386 393 390 386 391 393 
393 394 390 294 395 295 293 389 292 
396 394 393 294 297 395 397 391 392 
398 397 392 299 397 300 299 393 397 
393 391 397 393 399 396 393 299 399 
395 399 295 295 399 299 297 399 395 
297 302 399 302 400 399 401 402 400 
401 400 303 303 400 302 303 305 401 
403 404 405 398 404 403 397 398 403 
397 403 308 397 308 307 300 397 307 
401 406 402 407 408 406 310 407 406 
310 406 401 310 401 305 310 311 407 
409 410 411 405 410 409 403 405 409 
403 409 314 403 314 313 308 403 313 
407 412 408 412 407 311 412 311 413 
413 311 316 414 415 416 415 414 417 
418 419 420 418 421 422 419 418 422 
421 423 424 422 421 424 423 425 426 
424 423 426 425 427 428 426 425 428 
427 319 318 427 318 428 428 318 429 
411 321 409 411 429 321 429 318 321 
314 409 321 316 323 413 413 323 430 
431 432 433 431 434 435 432 431 435 
416 435 434 414 416 434 414 434 326 
414 326 325 414 436 417 414 325 436 
325 328 436 420 330 418 420 436 330 
436 328 330 332 418 330 421 418 332 
334 421 332 423 421 334 336 423 334 
425 423 336 337 425 336 427 425 337 
319 427 337 323 339 430 430 339 437 
341 438 342 431 433 439 431 439 341 
431 341 344 438 341 439 346 431 344 
434 431 346 326 434 346 339 349 437 
437 349 440 438 441 442 438 442 342 
342 442 351 439 441 438 443 444 445 
443 445 440 443 440 353 353 440 349 
351 442 354 442 446 354 447 444 443 
448 444 447 353 355 447 443 353 447 
449 450 451 449 446 450 449 357 446 
357 354 446 452 453 454 448 452 454 
448 447 452 447 455 452 355 358 455 
447 355 455 456 449 451 457 456 451 
357 456 360 449 456 357 458 459 460 
458 461 462 460 461 458 462 463 464 
461 463 462 464 465 466 463 465 464 
453 466 465 453 452 466 452 467 466 
362 361 467 362 467 455 455 467 452 
358 362 455 456 457 468 360 456 468 
360 468 363 363 468 469 364 363 470 
363 469 470 366 364 471 364 470 471 
471 368 366 472 368 471 473 474 475 
473 371 370 473 475 371 475 476 371 
372 371 477 371 476 477 459 458 373 
459 373 477 477 373 372 374 373 458 
462 374 458 375 374 462 464 375 462 
376 375 464 466 376 464 377 376 466 
467 377 466 361 377 467 368 472 478 
378 368 478 379 378 479 378 478 479 
380 379 480 379 479 480 381 380 481 
380 480 481 382 381 482 381 481 482 
383 382 483 382 482 483 384 383 484 
383 483 484 474 473 385 474 385 484 
484 385 384 370 385 473 485 486 487 
486 485 488 485 487 489 490 491 492 
488 485 489 492 388 387 492 387 490 
490 387 493 493 387 390 494 493 390 
495 492 491 496 495 491 388 495 392 
492 495 388 390 497 494 394 497 390 
497 394 396 498 497 396 499 500 501 
496 500 499 496 499 495 495 499 502 
392 502 398 495 502 392 396 503 498 
399 503 396 504 505 503 504 503 400 
400 503 399 400 402 504 506 499 501 
507 506 501 404 506 405 404 502 506 
502 499 506 398 502 404 504 508 505 
509 510 508 406 509 508 406 508 504 
406 504 402 406 408 509 511 512 513 
511 514 515 512 511 515 515 514 516 
517 518 519 517 520 521 518 517 521 
520 522 523 521 520 523 522 524 525 
523 522 525 524 526 527 525 524 527 
526 528 529 527 526 529 507 529 528 
506 507 528 506 528 411 506 411 410 
405 506 410 509 530 510 531 532 530 
412 531 530 412 530 509 412 509 408 
412 413 531 533 511 513 534 533 513 
415 533 416 415 514 533 514 511 533 
417 535 536 415 417 536 415 536 516 
415 516 514 519 536 535 517 519 535 
517 535 420 517 420 419 422 517 419 
520 517 422 424 520 422 522 520 424 
426 522 424 524 522 426 428 524 426 
526 524 428 429 526 428 528 526 429 
411 528 429 537 532 531 538 532 537 
413 430 537 531 413 537 432 539 540 
433 432 540 534 435 533 534 539 435 
539 432 435 416 533 435 417 436 535 
420 535 436 541 538 537 542 538 541 
430 437 541 537 430 541 543 544 545 
543 540 544 543 439 540 439 433 540 
546 547 548 542 546 548 542 541 546 
541 549 546 437 440 549 541 437 549 
441 543 545 441 545 442 442 545 550 
439 543 441 551 547 546 552 547 551 
445 444 551 445 551 549 549 551 546 
440 445 549 553 554 555 553 550 554 
553 446 550 446 442 550 556 552 551 
557 552 556 444 448 556 551 444 556 
558 559 560 555 559 558 553 555 558 
553 558 451 553 451 450 446 553 450 
561 562 563 557 561 563 556 561 557 
556 453 561 556 454 453 448 454 556 
558 560 564 564 451 558 564 565 451 
565 457 451 566 567 568 566 460 459 
566 568 460 568 569 460 461 460 570 
460 569 570 463 461 571 461 570 571 
562 561 465 562 465 571 571 465 463 
453 465 561 457 565 572 468 457 572 
469 468 573 468 572 573 470 469 574 
469 573 574 471 470 575 470 574 575 
472 576 577 472 471 576 471 575 576 
577 578 579 576 578 577 578 580 579 
581 582 583 581 584 585 583 584 581 
585 475 474 585 584 475 584 586 475 
476 475 587 475 586 587 567 566 477 
567 477 587 587 477 476 459 477 566 
472 577 478 479 478 577 579 479 577 
579 580 588 579 588 479 479 588 480 
481 480 589 480 588 589 482 481 590 
481 589 590 582 581 483 582 483 590 
590 483 482 484 483 581 585 484 581 
474 484 585 591 592 593 591 487 486 
591 486 592 592 486 594 594 486 488 
595 594 488 596 591 593 597 596 593 
487 598 489 487 591 598 591 596 598 
488 598 595 488 489 598 595 598 599 
491 490 598 599 598 490 600 601 599 
600 599 493 493 599 490 493 494 600 
602 596 597 603 602 597 598 596 604 
604 596 602 491 604 496 598 604 491 
600 605 601 606 607 605 497 606 605 
497 605 600 497 600 494 497 498 606 
608 609 610 609 608 611 612 602 603 
613 612 603 500 612 501 500 604 612 
604 602 612 496 604 500 606 614 607 
615 616 614 503 615 614 503 614 606 
503 606 498 503 505 615 608 610 617 
611 608 617 618 619 620 618 621 622 
619 618 622 621 623 624 622 621 624 
623 625 626 624 623 626 625 627 628 
626 625 628 627 629 630 628 627 630 
629 631 632 630 629 632 631 633 634 
632 631 634 613 634 633 613 633 612 
612 633 635 501 635 507 612 635 501 
615 636 616 637 638 636 508 637 636 
508 636 615 508 615 505 508 510 637 
512 618 620 512 620 513 513 620 639 
515 618 512 621 618 515 516 621 515 
516 640 621 640 623 621 518 640 519 
518 625 640 625 623 640 521 625 518 
627 625 521 523 627 521 629 627 523 
525 629 523 631 629 525 527 631 525 
633 631 527 529 633 527 635 633 529 
507 635 529 637 641 638 642 643 641 
530 642 641 530 641 637 530 637 510 
530 532 642 644 645 646 644 639 645 
644 534 639 534 513 639 516 536 640 
519 640 536 642 647 643 647 642 532 
647 532 648 648 532 538 649 650 651 
646 650 649 644 646 649 644 649 540 
644 540 539 534 644 539 652 653 654 
652 654 648 652 648 542 542 648 538 
655 656 657 651 656 655 649 651 655 
649 655 545 649 545 544 540 649 544 
658 659 660 653 658 660 652 658 653 
652 547 658 652 548 547 542 548 652 
661 655 657 662 661 657 545 661 550 
655 661 545 663 659 658 664 659 663 
547 552 663 658 547 663 665 666 667 
662 666 665 661 662 665 661 665 555 
661 555 554 550 661 554 668 664 663 
669 664 668 552 557 668 663 552 668 
559 665 667 559 667 560 560 667 670 
555 665 559 671 672 673 669 671 673 
668 671 669 668 562 671 668 563 562 
557 563 668 560 670 674 564 560 674 
674 565 564 675 565 674 676 677 678 
676 568 567 676 678 568 678 679 568 
569 568 680 568 679 680 570 569 681 
569 680 681 672 671 571 672 571 681 
681 571 570 562 571 671 565 675 682 
572 565 682 573 572 683 572 682 683 
574 573 684 573 683 684 575 574 685 
574 684 685 576 575 686 575 685 686 
578 576 687 576 686 687 580 688 689 
580 578 688 578 687 688 689 690 691 
688 690 689 691 692 693 690 692 691 
693 583 582 693 692 583 692 694 583 
584 583 695 583 694 695 586 584 696 
584 695 696 677 676 587 677 587 696 
696 587 586 567 587 676 580 689 588 
589 588 689 691 589 689 590 589 691 
693 590 691 582 590 693 697 698 699 
697 700 701 698 697 701 700 593 592 
700 592 701 701 592 702 703 704 702 
703 702 594 594 702 592 594 595 703 
705 697 699 706 705 699 700 697 707 
707 697 705 593 707 597 700 707 593 
703 708 704 709 710 708 599 709 708 
599 708 703 599 703 595 599 601 709 
711 712 713 712 711 714 715 705 706 
716 715 706 707 705 717 717 705 715 
597 717 603 707 717 597 709 718 710 
719 720 718 605 719 718 605 718 709 
605 709 601 605 607 719 609 721 722 
610 609 722 611 723 711 611 711 721 
611 721 609 721 711 713 724 714 711 
724 711 725 725 711 723 725 726 727 
724 725 727 726 728 729 727 726 729 
728 730 731 729 728 731 730 732 733 
731 730 733 732 734 735 733 732 735 
716 735 734 716 734 715 715 734 736 
717 715 737 737 715 736 603 737 613 
717 737 603 719 738 720 739 740 738 
614 739 738 614 738 719 614 719 607 
614 616 739 610 722 741 617 610 741 
611 617 741 611 741 742 611 742 723 
743 742 741 619 742 620 619 725 742 
725 723 742 622 725 619 726 725 622 
624 726 622 728 726 624 626 728 624 
730 728 626 628 730 626 732 730 628 
630 732 628 734 732 630 632 734 630 
736 734 632 634 736 632 737 736 634 
613 737 634 739 744 740 745 746 744 
636 745 744 636 744 739 636 739 616 
636 638 745 747 742 743 748 747 743 
620 747 639 742 747 620 745 749 746 
750 751 749 641 750 749 641 749 745 
641 745 638 641 643 750 752 753 754 
748 753 752 747 748 752 747 752 646 
747 646 645 639 747 645 750 755 751 
756 757 755 647 756 755 647 755 750 
647 750 643 647 648 756 758 759 760 
754 759 758 752 754 758 752 758 651 
752 651 650 646 752 650 761 762 763 
757 761 763 756 761 757 756 653 761 
756 654 653 648 654 756 656 758 760 
656 760 657 657 760 764 651 758 656 
765 766 767 762 765 767 761 765 762 
761 659 765 761 660 659 653 660 761 
768 769 770 768 764 769 768 662 764 
662 657 764 771 766 765 772 766 771 
659 664 771 765 659 771 666 768 770 
666 770 667 667 770 773 662 768 666 
774 772 771 775 772 774 664 669 774 
771 664 774 667 773 670 773 776 670 
777 778 779 777 780 781 779 780 777 
781 782 783 780 782 781 775 783 782 
774 783 775 774 672 783 774 673 672 
669 673 774 670 776 784 674 670 784 
675 785 786 675 674 785 674 784 785 
785 787 786 788 789 790 788 791 792 
790 791 788 792 678 677 792 791 678 
791 793 678 778 777 679 778 679 793 
793 679 678 680 679 777 781 680 777 
681 680 781 783 681 781 672 681 783 
675 786 682 786 787 794 786 794 682 
682 794 683 684 683 795 683 794 795 
685 684 796 684 795 796 686 685 797 
685 796 797 687 686 798 686 797 798 
688 687 799 687 798 799 690 688 800 
688 799 800 692 690 801 690 800 801 
694 692 802 692 801 802 789 788 695 
789 695 802 802 695 694 696 695 788 
792 696 788 677 696 792 803 804 805 
804 803 806 807 803 805 808 807 805 
699 698 809 699 809 803 699 803 807 
806 803 809 701 810 698 698 810 809 
811 812 810 811 810 702 702 810 701 
702 704 811 813 814 815 814 813 816 
817 818 819 808 818 817 808 817 807 
807 817 820 699 820 706 807 820 699 
811 821 812 822 823 821 708 822 821 
708 821 811 708 811 704 708 710 822 
824 825 826 824 713 712 824 712 825 
825 712 827 714 828 813 714 813 827 
714 827 712 827 813 815 829 816 813 
829 813 830 830 813 828 830 831 832 
829 830 832 831 833 834 832 831 834 
819 834 833 819 833 817 817 833 835 
820 817 836 836 817 835 706 836 716 
820 836 706 822 837 823 838 839 837 
718 838 837 718 837 822 718 822 710 
718 720 838 840 841 842 826 841 840 
824 826 840 824 840 722 824 722 721 
713 824 721 714 724 828 727 828 724 
830 828 727 729 830 727 831 830 729 
731 831 729 833 831 731 733 833 731 
835 833 733 735 835 733 836 835 735 
716 836 735 838 843 839 844 845 843 
738 844 843 738 843 838 738 838 720 
738 740 844 846 847 848 842 849 840 
847 846 850 851 849 852 741 849 851 
741 840 849 741 722 840 741 851 743 
844 853 845 854 855 853 744 854 853 
744 853 844 744 844 740 744 746 854 
846 848 856 850 846 856 857 851 852 
858 857 852 743 857 748 851 857 743 
854 859 855 860 861 859 749 860 859 
749 859 854 749 854 746 749 751 860 
862 863 864 858 863 862 857 858 862 
857 862 754 857 754 753 748 857 753 
860 865 861 866 867 865 755 866 865 
755 865 860 755 860 751 755 757 866 
759 862 864 759 864 760 760 864 868 
754 862 759 763 867 866 763 762 867 
762 869 867 757 763 866 870 871 872 
870 868 871 870 764 868 764 760 868 
767 873 874 766 873 767 869 762 767 
874 869 767 875 876 877 872 876 875 
870 872 875 870 875 770 870 770 769 
764 870 769 878 879 880 878 880 873 
878 873 772 772 873 766 875 877 881 
881 770 875 881 882 770 882 773 770 
883 879 878 884 879 883 772 775 883 
878 772 883 773 882 776 882 885 776 
886 887 888 886 779 778 886 888 779 
888 889 779 780 779 890 779 889 890 
884 883 782 884 782 890 890 782 780 
775 782 883 776 885 891 784 776 891 
785 784 892 784 891 892 892 787 785 
893 787 892 894 895 896 894 790 789 
894 896 790 896 897 790 791 790 898 
790 897 898 887 886 793 887 793 898 
898 793 791 778 793 886 787 893 899 
794 787 899 795 794 900 794 899 900 
796 795 901 795 900 901 797 796 902 
796 901 902 798 797 903 797 902 903 
799 798 904 798 903 904 800 799 905 
799 904 905 801 800 906 800 905 906 
895 894 802 895 802 906 906 802 801 
789 802 894 907 908 909 907 805 804 
907 804 908 908 804 910 910 804 806 
911 910 806 912 907 909 913 912 909 
805 912 808 907 912 805 806 914 911 
809 914 806 810 915 809 809 915 914 
915 810 812 916 915 812 917 918 919 
917 815 814 917 814 918 918 814 920 
816 921 922 816 922 814 814 922 920 
921 923 924 922 921 924 923 925 926 
924 923 926 913 926 925 912 913 925 
912 925 819 912 819 818 808 912 818 
812 927 916 821 927 812 927 821 823 
928 927 823 825 929 930 826 825 930 
919 827 917 919 929 827 929 825 827 
815 917 827 816 829 921 832 921 829 
923 921 832 834 923 832 925 923 834 
819 925 834 931 823 837 931 932 823 
932 928 823 837 839 931 841 933 934 
842 841 934 930 841 826 933 841 930 
931 935 932 936 937 935 843 936 935 
843 935 931 843 931 839 843 845 936 
938 939 940 938 848 847 938 847 939 
939 847 941 847 942 941 847 850 942 
941 942 934 849 842 942 934 942 842 
849 942 852 936 943 937 944 945 943 
853 944 943 853 943 936 853 936 845 
853 855 944 938 940 946 947 946 948 
856 946 947 856 938 946 856 848 938 
856 942 850 856 947 942 947 949 942 
852 949 858 942 949 852 944 950 945 
951 952 950 859 951 950 859 950 944 
859 944 855 859 861 951 947 948 953 
863 954 864 863 947 954 863 949 947 
947 953 954 858 949 863 951 955 952 
956 957 955 865 956 955 865 955 951 
865 951 861 865 867 956 958 959 960 
958 954 959 958 868 954 868 864 954 
961 957 956 962 957 961 867 869 961 
956 867 961 963 964 965 960 964 963 
958 960 963 958 963 872 958 872 871 
868 958 871 966 967 968 962 966 968 
961 966 962 961 873 966 961 874 873 
869 874 961 876 963 965 876 965 877 
877 965 969 872 963 876 970 971 972 
967 970 972 966 970 967 966 879 970 
966 880 879 873 880 966 877 969 973 
881 877 973 973 882 881 974 882 973 
975 971 970 976 971 975 879 884 975 
970 879 975 882 974 885 974 977 885 
888 978 979 887 978 888 889 888 980 
888 979 980 976 975 890 976 890 980 
980 890 889 884 890 975 885 977 981 
891 885 981 982 981 983 982 892 981 
892 891 981 892 982 893 984 985 986 
984 987 988 986 987 984 988 896 895 
988 987 896 987 989 896 897 896 990 
896 989 990 898 897 991 897 990 991 
978 887 898 991 978 898 982 983 992 
893 982 992 893 992 899 899 992 993 
900 899 994 899 993 994 901 900 995 
900 994 995 902 901 996 901 995 996 
903 902 997 902 996 997 904 903 998 
903 997 998 985 984 905 985 905 998 
998 905 904 906 905 984 988 906 984 
895 906 988 999 1000 1001 1002 909 908 
1003 1000 999 908 910 1004 1002 908 1004 
910 911 1004 1005 1006 1007 1005 1008 1009 
1006 1005 1009 1008 1010 1011 1009 1008 1011 
1001 1011 1010 1001 1010 999 999 1010 1012 
909 1013 913 909 1002 1013 913 1013 1012 
1003 999 1013 1012 1013 999 1004 1013 1002 
1014 1013 1004 911 1014 1004 911 914 1014 
914 1015 1014 1016 1017 1015 1016 1015 915 
915 1015 914 915 916 1016 1018 1019 1020 
1018 919 918 1018 918 1019 1019 918 1021 
1007 920 1005 1007 1021 920 1021 918 920 
922 1005 920 1008 1005 922 924 1008 922 
1010 1008 924 926 1010 924 1012 1010 926 
913 1012 926 1016 1022 1017 1023 1024 1022 
927 1023 1022 927 1022 1016 927 1016 916 
927 928 1023 1025 1026 1027 1020 1026 1025 
1018 1020 1025 1018 1025 930 1018 930 929 
919 1018 929 1023 1028 1024 1028 1023 928 
1028 928 1029 1029 928 932 1030 1031 1032 
1027 1031 1030 1025 1027 1030 1025 1030 934 
1025 934 933 930 1025 933 932 1033 1029 
935 1033 932 1033 935 937 1034 1033 937 
939 1035 940 1030 1032 1036 1030 1036 939 
1030 939 941 1035 939 1036 934 1030 941 
1037 937 943 1037 1038 937 1038 1034 937 
943 945 1037 940 1035 946 1035 948 946 
1035 1036 948 1036 1039 948 1037 1040 1038 
1041 1042 1040 950 1041 1040 950 1040 1037 
950 1037 945 950 952 1041 1043 953 948 
1043 948 1044 1044 948 1039 953 1043 954 
1041 1045 1042 1046 1047 1045 955 1046 1045 
955 1045 1041 955 1041 952 955 957 1046 
1048 1049 1050 1044 1049 1048 1043 1044 1048 
1043 1048 960 1043 960 959 954 1043 959 
1051 1047 1046 1052 1047 1051 957 962 1051 
1046 957 1051 964 1048 1050 964 1050 965 
965 1050 1053 960 1048 964 1054 1055 1056 
1052 1054 1056 1051 1054 1052 1051 967 1054 
1051 968 967 962 968 1051 965 1053 969 
1053 1057 969 972 1055 1054 972 971 1055 
971 1058 1055 967 972 1054 969 1057 1059 
973 969 1059 1059 974 973 1060 974 1059 
1061 1062 1063 1061 1063 1058 1061 1058 976 
976 1058 971 974 1060 977 1060 1064 977 
1065 1066 1067 1065 1068 1069 1067 1068 1065 
1069 979 978 1069 1068 979 1068 1070 979 
1062 1061 980 1062 980 1070 1070 980 979 
976 980 1061 977 1064 1071 981 977 1071 
983 1072 1073 983 981 1072 981 1071 1072 
1072 1074 1073 1075 1076 1077 1075 1078 1079 
1077 1078 1075 1079 986 985 1079 1078 986 
1078 1080 986 987 986 1081 986 1080 1081 
989 987 1082 987 1081 1082 1066 1065 990 
1066 990 1082 1082 990 989 991 990 1065 
1069 991 1065 978 991 1069 983 1073 992 
1073 1074 1083 1073 1083 992 992 1083 993 
994 993 1084 993 1083 1084 995 994 1085 
994 1084 1085 996 995 1086 995 1085 1086 
1076 1075 997 1076 997 1086 1086 997 996 
998 997 1075 1079 998 1075 985 998 1079 
1000 1087 1001 1000 1003 1087 1088 1089 1090 
1088 1007 1006 1088 1006 1089 1089 1006 1091 
1009 1092 1006 1006 1092 1091 1011 1093 1009 
1009 1093 1092 1087 1011 1001 1087 1094 1011 
1094 1093 1011 1003 1094 1087 1003 1013 1094 
1013 1095 1094 1014 1096 1013 1013 1096 1095 
1097 1098 1096 1097 1096 1015 1015 1096 1014 
1015 1017 1097 1019 1099 1100 1020 1019 1100 
1090 1021 1088 1090 1099 1021 1099 1019 1021 
1007 1088 1021 1097 1101 1098 1017 1101 1097 
1017 1022 1101 1022 1102 1101 1102 1022 1024 
1103 1102 1024 1104 1105 1106 1104 1027 1026 
1104 1026 1105 1105 1026 1107 1100 1026 1020 
1107 1026 1100 1024 1108 1103 1028 1108 1024 
1108 1028 1029 1109 1108 1029 1110 1111 1112 
1110 1113 1114 1111 1110 1114 1106 1114 1113 
1104 1106 1113 1104 1113 1032 1104 1032 1031 
1027 1104 1031 1115 1029 1033 1115 1116 1029 
1116 1109 1029 1033 1034 1115 1110 1112 1117 
1117 1118 1119 1117 1119 1110 1110 1119 1113 
1032 1119 1036 1113 1119 1032 1115 1120 1116 
1120 1115 1034 1120 1034 1121 1121 1034 1038 
1119 1118 1122 1122 1036 1119 1122 1123 1036 
1123 1039 1036 1124 1038 1040 1124 1125 1038 
1125 1121 1038 1040 1042 1124 1126 1127 1128 
1126 1123 1127 1126 1044 1123 1044 1039 1123 
1124 1129 1125 1130 1131 1129 1045 1130 1129 
1045 1129 1124 1045 1124 1042 1045 1047 1130 
1132 1133 1134 1128 1133 1132 1126 1128 1132 
1126 1132 1050 1126 1050 1049 1044 1126 1049 
1135 1131 1130 1136 1131 1135 1047 1052 1135 
1130 1047 1135 1132 1134 1137 1137 1050 1132 
1137 1138 1050 1138 1053 1050 1139 1140 1141 
1136 1139 1141 1135 1139 1136 1135 1055 1139 
1135 1056 1055 1052 1056 1135 1053 1138 1057 
1138 1142 1057 1143 1140 1139 1144 1140 1143 
1055 1058 1143 1139 1055 1143 1057 1142 1145 
1059 1057 1145 1145 1060 1059 1146 1060 1145 
1063 1144 1143 1063 1062 1144 1062 1147 1144 
1058 1063 1143 1060 1146 1064 1146 1148 1064 
1149 1150 1151 1149 1152 1153 1151 1152 1149 
1153 1154 1155 1152 1154 1153 1155 1067 1066 
1155 1154 1067 1154 1156 1067 1068 1067 1157 
1067 1156 1157 1070 1068 1158 1068 1157 1158 
1147 1062 1070 1158 1147 1070 1064 1148 1159 
1071 1064 1159 1160 1159 1161 1160 1072 1159 
1072 1071 1159 1072 1160 1074 1162 1163 1164 
1162 1165 1166 1164 1165 1162 1166 1077 1076 
1166 1165 1077 1165 1167 1077 1078 1077 1168 
1077 1167 1168 1150 1149 1080 1150 1080 1168 
1168 1080 1078 1081 1080 1149 1153 1081 1149 
1082 1081 1153 1155 1082 1153 1066 1082 1155 
1160 1161 1169 1074 1160 1169 1074 1169 1083 
1083 1169 1170 1084 1083 1171 1083 1170 1171 
1163 1162 1085 1163 1085 1171 1171 1085 1084 
1086 1085 1162 1166 1086 1162 1076 1086 1166 
1172 1173 1174 1172 1090 1089 1172 1089 1173 
1173 1089 1175 1091 1176 1089 1089 1176 1175 
1092 1177 1091 1091 1177 1176 1093 1178 1092 
1092 1178 1177 1179 1180 1178 1179 1178 1094 
1094 1178 1093 1181 1179 1094 1181 1094 1182 
1182 1094 1095 1096 1183 1095 1095 1183 1182 
1183 1096 1098 1184 1183 1098 1185 1186 1187 
1174 1186 1185 1172 1174 1185 1172 1185 1100 
1172 1100 1099 1090 1172 1099 1179 1188 1180 
1181 1188 1179 1098 1189 1184 1101 1189 1098 
1190 1191 1189 1190 1189 1102 1102 1189 1101 
1102 1103 1190 1192 1193 1194 1192 1106 1105 
1192 1105 1193 1193 1105 1195 1187 1107 1185 
1187 1195 1107 1195 1105 1107 1100 1185 1107 
1190 1196 1191 1197 1198 1196 1108 1197 1196 
1108 1196 1190 1108 1190 1103 1108 1109 1197 
1199 1200 1201 1199 1112 1111 1199 1111 1200 
1200 1111 1202 1194 1114 1192 1194 1202 1114 
1202 1111 1114 1106 1192 1114 1197 1203 1198 
1203 1197 1109 1203 1109 1204 1204 1109 1116 
1199 1201 1205 1206 1205 1207 1117 1205 1206 
1117 1199 1205 1117 1112 1199 1117 1206 1118 
1116 1208 1204 1120 1208 1116 1208 1120 1121 
1209 1208 1121 1206 1207 1210 1211 1210 1212 
1122 1210 1211 1122 1206 1210 1122 1118 1206 
1122 1211 1123 1121 1125 1209 1209 1125 1213 
1214 1215 1216 1212 1215 1214 1211 1212 1214 
1211 1214 1128 1211 1128 1127 1123 1211 1127 
1125 1217 1213 1129 1217 1125 1217 1129 1131 
1218 1217 1131 1133 1214 1216 1133 1216 1134 
1134 1216 1219 1128 1214 1133 1220 1221 1222 
1220 1222 1218 1220 1218 1136 1136 1218 1131 
1134 1219 1223 1137 1134 1223 1223 1138 1137 
1224 1138 1223 1141 1221 1220 1141 1140 1221 
1140 1225 1221 1136 1141 1220 1138 1224 1142 
1224 1226 1142 1140 1144 1225 1225 1144 1227 
1142 1226 1228 1145 1142 1228 1228 1146 1145 
1229 1146 1228 1230 1231 1232 1230 1232 1227 
1230 1227 1147 1147 1227 1144 1146 1229 1148 
1229 1233 1148 1234 1235 1236 1234 1151 1150 
1234 1236 1151 1236 1237 1151 1152 1151 1238 
1151 1237 1238 1154 1152 1239 1152 1238 1239 
1156 1154 1240 1154 1239 1240 1157 1156 1241 
1156 1240 1241 1231 1230 1158 1231 1158 1241 
1241 1158 1157 1147 1158 1230 1148 1233 1242 
1159 1148 1242 1161 1243 1244 1161 1159 1243 
1159 1242 1243 1244 1245 1246 1243 1245 1244 
1246 1247 1248 1245 1247 1246 1248 1164 1163 
1248 1247 1164 1247 1249 1164 1165 1164 1250 
1164 1249 1250 1167 1165 1251 1165 1250 1251 
1235 1234 1168 1235 1168 1251 1251 1168 1167 
1150 1168 1234 1161 1244 1169 1170 1169 1244 
1246 1170 1244 1171 1170 1246 1248 1171 1246 
1163 1171 1248 1173 1252 1253 1174 1173 1253 
1175 1254 1173 1173 1254 1252 1176 1255 1175 
1175 1255 1254 1177 1256 1176 1176 1256 1255 
1257 1258 1256 1257 1256 1178 1178 1256 1177 
1178 1180 1257 1182 1259 1260 1181 1182 1260 
1261 1262 1259 1261 1259 1183 1183 1259 1182 
1183 1184 1261 1263 1264 1265 1263 1187 1186 
1263 1186 1264 1264 1186 1266 1253 1186 1174 
1266 1186 1253 1257 1267 1258 1180 1267 1257 
1180 1188 1267 1188 1268 1267 1260 1188 1181 
1268 1188 1260 1261 1269 1262 1184 1269 1261 
1184 1189 1269 1189 1270 1269 1270 1189 1191 
1271 1270 1191 1272 1273 1274 1272 1275 1276 
1273 1272 1276 1275 1194 1193 1275 1193 1276 
1276 1193 1277 1265 1195 1263 1265 1277 1195 
1277 1193 1195 1187 1263 1195 1191 1278 1271 
1196 1278 1191 1278 1196 1198 1279 1278 1198 
1200 1272 1274 1200 1274 1201 1201 1274 1280 
1202 1272 1200 1275 1272 1202 1194 1275 1202 
1198 1281 1279 1203 1281 1198 1281 1203 1204 
1282 1281 1204 1283 1284 1285 1205 1283 1286 
1205 1280 1283 1205 1201 1280 1284 1283 1280 
1205 1286 1207 1287 1204 1208 1287 1288 1204 
1288 1282 1204 1208 1209 1287 1283 1285 1289 
1286 1283 1289 1290 1286 1289 1291 1290 1292 
1210 1290 1291 1210 1286 1290 1210 1207 1286 
1210 1291 1212 1287 1293 1288 1293 1287 1209 
1293 1209 1294 1294 1209 1213 1295 1296 1297 
1292 1296 1295 1291 1292 1295 1291 1295 1216 
1291 1216 1215 1212 1291 1215 1298 1213 1217 
1298 1299 1213 1299 1294 1213 1217 1218 1298 
1295 1297 1300 1300 1216 1295 1300 1301 1216 
1301 1219 1216 1222 1299 1298 1222 1221 1299 
1221 1302 1299 1218 1222 1298 1219 1301 1303 
1223 1219 1303 1303 1224 1223 1304 1224 1303 
1221 1225 1302 1302 1225 1305 1224 1304 1226 
1304 1306 1226 1307 1308 1309 1307 1309 1305 
1307 1305 1227 1227 1305 1225 1226 1306 1310 
1228 1226 1310 1310 1229 1228 1311 1229 1310 
1312 1313 1314 1312 1315 1316 1314 1315 1312 
1316 1317 1318 1315 1317 1316 1318 1319 1320 
1317 1319 1318 1320 1321 1322 1319 1321 1320 
1308 1322 1321 1307 1322 1308 1307 1231 1322 
1307 1232 1231 1227 1232 1307 1323 1324 1233 
1323 1233 1311 1311 1233 1229 1323 1325 1324 
1326 1327 1328 1326 1329 1330 1328 1329 1326 
1330 1236 1235 1330 1329 1236 1329 1331 1236 
1313 1312 1237 1313 1237 1331 1331 1237 1236 
1238 1237 1312 1316 1238 1312 1239 1238 1316 
1318 1239 1316 1240 1239 1318 1320 1240 1318 
1241 1240 1320 1322 1241 1320 1231 1241 1322 
1233 1324 1242 1324 1325 1332 1324 1332 1242 
1242 1332 1243 1245 1243 1333 1243 1332 1333 
1247 1245 1334 1245 1333 1334 1249 1247 1335 
1247 1334 1335 1327 1326 1250 1327 1250 1335 
1335 1250 1249 1251 1250 1326 1330 1251 1326 
1235 1251 1330 1336 1337 1338 1336 1253 1252 
1336 1252 1337 1337 1252 1339 1254 1340 1252 
1252 1340 1339 1255 1341 1254 1254 1341 1340 
1342 1343 1341 1342 1341 1256 1256 1341 1255 
1256 1258 1342 1259 1344 1345 1260 1259 1345 
1344 1259 1262 1346 1344 1262 1347 1348 1349 
1347 1350 1351 1348 1347 1351 1350 1352 1353 
1351 1350 1353 1352 1265 1264 1352 1264 1353 
1353 1264 1354 1338 1266 1336 1338 1354 1266 
1354 1264 1266 1253 1336 1266 1342 1355 1343 
1258 1355 1342 1258 1267 1355 1267 1356 1355 
1268 1357 1267 1267 1357 1356 1345 1268 1260 
1357 1268 1345 1262 1358 1346 1269 1358 1262 
1270 1359 1269 1269 1359 1358 1359 1270 1271 
1360 1359 1271 1273 1347 1349 1273 1349 1274 
1274 1349 1361 1276 1347 1273 1350 1347 1276 
1277 1350 1276 1352 1350 1277 1265 1352 1277 
1271 1362 1360 1278 1362 1271 1362 1278 1279 
1363 1362 1279 1364 1365 1366 1364 1361 1365 
1364 1280 1361 1280 1274 1361 1279 1367 1363 
1281 1367 1279 1367 1281 1282 1368 1367 1282 
1284 1364 1366 1284 1366 1285 1285 1366 1369 
1280 1364 1284 1282 1288 1368 1368 1288 1370 
1285 1369 1371 1289 1285 1371 1372 1371 1373 
1372 1290 1371 1290 1289 1371 1290 1372 1292 
1288 1374 1370 1293 1374 1288 1374 1293 1294 
1375 1374 1294 1296 1376 1297 1372 1373 1377 
1377 1292 1372 1377 1378 1292 1296 1292 1376 
1376 1292 1378 1294 1299 1375 1375 1299 1379 
1297 1376 1300 1301 1380 1381 1300 1380 1301 
1300 1378 1380 1300 1376 1378 1380 1382 1381 
1299 1302 1379 1379 1302 1383 1301 1381 1303 
1381 1304 1303 1381 1382 1304 1382 1384 1304 
1385 1386 1387 1385 1387 1383 1385 1383 1305 
1305 1383 1302 1388 1389 1306 1388 1306 1384 
1384 1306 1304 1388 1390 1389 1309 1386 1385 
1309 1308 1386 1308 1391 1386 1305 1309 1385 
1306 1389 1310 1389 1311 1310 1389 1390 1311 
1390 1392 1311 1393 1394 1395 1393 1396 1397 
1395 1396 1393 1397 1314 1313 1397 1396 1314 
1396 1398 1314 1315 1314 1399 1314 1398 1399 
1317 1315 1400 1315 1399 1400 1319 1317 1401 
1317 1400 1401 1321 1319 1402 1319 1401 1402 
1391 1308 1321 1402 1391 1321 1311 1392 1403 
1323 1311 1403 1325 1404 1405 1325 1323 1404 
1323 1403 1404 1404 1406 1405 1407 1408 1409 
1407 1328 1327 1407 1409 1328 1409 1410 1328 
1394 1393 1329 1394 1329 1410 1410 1329 1328 
1331 1329 1393 1397 1331 1393 1313 1331 1397 
1325 1405 1332 1405 1406 1411 1405 1411 1332 
1332 1411 1333 1334 1333 1412 1333 1411 1412 
1408 1407 1335 1408 1335 1412 1412 1335 1334 
1327 1335 1407 1413 1414 1415 1413 1416 1417 
1414 1413 1417 1416 1338 1337 1416 1337 1417 
1417 1337 1418 1339 1419 1337 1337 1419 1418 
1340 1420 1339 1339 1420 1419 1341 1421 1340 
1340 1421 1420 1421 1341 1343 1422 1421 1343 
1344 1423 1345 1344 1346 1423 1348 1424 1425 
1349 1348 1425 1351 1426 1348 1348 1426 1424 
1415 1353 1413 1415 1426 1353 1426 1351 1353 
1354 1413 1353 1416 1413 1354 1338 1416 1354 
1343 1427 1422 1355 1427 1343 1356 1428 1355 
1355 1428 1427 1357 1429 1356 1356 1429 1428 
1423 1357 1345 1423 1430 1357 1430 1429 1357 
1346 1430 1423 1346 1358 1430 1358 1431 1430 
1359 1432 1358 1358 1432 1431 1432 1359 1360 
1433 1432 1360 1434 1435 1436 1434 1425 1435 
1434 1361 1425 1361 1349 1425 1360 1437 1433 
1362 1437 1360 1437 1362 1363 1438 1437 1363 
1365 1434 1436 1365 1436 1366 1366 1436 1439 
1361 1434 1365 1440 1363 1367 1440 1441 1363 
1441 1438 1363 1367 1368 1440 1366 1439 1369 
1439 1442 1369 1440 1443 1441 1443 1440 1368 
1443 1368 1444 1444 1368 1370 1369 1442 1445 
1371 1369 1445 1445 1373 1371 1446 1373 1445 
1370 1447 1444 1374 1447 1370 1447 1374 1375 
1448 1447 1375 1373 1446 1449 1377 1373 1449 
1449 1378 1377 1450 1378 1449 1375 1379 1448 
1448 1379 1451 1378 1450 1452 1380 1378 1452 
1452 1382 1380 1453 1382 1452 1454 1455 1456 
1454 1456 1451 1454 1451 1383 1383 1451 1379 
1382 1453 1384 1453 1457 1384 1387 1455 1454 
1387 1386 1455 1386 1458 1455 1383 1387 1454 
1384 1457 1459 1388 1384 1459 1459 1390 1388 
1460 1390 1459 1461 1462 1463 1461 1464 1465 
1463 1464 1461 1465 1466 1467 1464 1466 1465 
1467 1468 1469 1466 1468 1467 1469 1470 1471 
1468 1470 1469 1471 1470 1458 1471 1458 1391 
1391 1458 1386 1472 1473 1392 1472 1392 1460 
1460 1392 1390 1472 1474 1473 1475 1476 1477 
1475 1395 1394 1475 1477 1395 1477 1478 1395 
1396 1395 1479 1395 1478 1479 1462 1461 1398 
1462 1398 1479 1479 1398 1396 1399 1398 1461 
1465 1399 1461 1400 1399 1465 1467 1400 1465 
1401 1400 1467 1469 1401 1467 1402 1401 1469 
1471 1402 1469 1391 1402 1471 1392 1473 1403 
1473 1474 1480 1473 1480 1403 1403 1480 1404 
1406 1481 1482 1406 1404 1481 1404 1480 1481 
1482 1483 1484 1481 1483 1482 1484 1409 1408 
1484 1483 1409 1483 1485 1409 1476 1475 1410 
1476 1410 1485 1485 1410 1409 1394 1410 1475 
1406 1482 1411 1412 1411 1482 1484 1412 1482 
1408 1412 1484 1486 1487 1488 1486 1489 1490 
1487 1486 1490 1489 1491 1492 1490 1489 1492 
1492 1491 1493 1494 1495 1496 1494 1497 1498 
1495 1494 1498 1497 1415 1414 1497 1414 1498 
1498 1414 1499 1417 1500 1414 1414 1500 1499 
1488 1418 1486 1488 1500 1418 1500 1417 1418 
1419 1486 1418 1489 1486 1419 1420 1489 1419 
1491 1489 1420 1491 1501 1493 1491 1420 1501 
1420 1421 1501 1422 1502 1503 1422 1503 1421 
1421 1503 1501 1503 1502 1504 1424 1494 1496 
1424 1496 1425 1425 1496 1505 1426 1494 1424 
1497 1494 1426 1415 1497 1426 1422 1427 1502 
1502 1506 1504 1502 1427 1506 1427 1428 1506 
1429 1507 1428 1428 1507 1506 1430 1508 1429 
1429 1508 1507 1431 1509 1430 1430 1509 1508 
1510 1511 1509 1510 1509 1432 1432 1509 1431 
1432 1433 1510 1435 1512 1513 1436 1435 1513 
1505 1435 1425 1512 1435 1505 1510 1514 1511 
1515 1516 1514 1437 1515 1514 1437 1514 1510 
1437 1510 1433 1437 1438 1515 1436 1513 1439 
1513 1517 1439 1518 1516 1515 1519 1516 1518 
1438 1441 1518 1515 1438 1518 1439 1517 1442 
1517 1520 1442 1518 1521 1519 1441 1521 1518 
1441 1443 1521 1443 1522 1521 1522 1443 1444 
1523 1522 1444 1442 1520 1524 1445 1442 1524 
1524 1446 1445 1525 1446 1524 1526 1444 1447 
1526 1527 1444 1527 1523 1444 1447 1448 1526 
1446 1525 1528 1449 1446 1528 1528 1450 1449 
1529 1450 1528 1530 1527 1526 1531 1527 1530 
1448 1451 1530 1526 1448 1530 1450 1529 1532 
1452 1450 1532 1532 1453 1452 1533 1453 1532 
1456 1531 1530 1456 1455 1531 1455 1534 1531 
1451 1456 1530 1535 1536 1457 1535 1457 1533 
1533 1457 1453 1535 1537 1536 1538 1539 1540 
1538 1540 1534 1538 1534 1458 1458 1534 1455 
1457 1536 1459 1536 1460 1459 1536 1537 1460 
1537 1541 1460 1542 1543 1544 1542 1545 1546 
1544 1545 1542 1546 1463 1462 1546 1545 1463 
1545 1547 1463 1464 1463 1548 1463 1547 1548 
1466 1464 1549 1464 1548 1549 1468 1466 1550 
1466 1549 1550 1539 1538 1470 1539 1470 1550 
1550 1470 1468 1458 1470 1538 1460 1541 1551 
1472 1460 1551 1474 1552 1553 1474 1472 1552 
1472 1551 1552 1552 1554 1553 1555 1556 1557 
1555 1477 1476 1555 1557 1477 1557 1558 1477 
1543 1542 1478 1543 1478 1558 1558 1478 1477 
1479 1478 1542 1546 1479 1542 1462 1479 1546 
1474 1553 1480 1553 1554 1559 1553 1559 1480 
1480 1559 1481 1483 1481 1560 1481 1559 1560 
1556 1555 1485 1556 1485 1560 1560 1485 1483 
1476 1485 1555 1561 1562 1563 1561 1564 1565 
1562 1561 1565 1564 1566 1567 1565 1564 1567 
1566 1488 1487 1566 1487 1567 1567 1487 1568 
1490 1569 1487 1487 1569 1568 1492 1570 1490 
1490 1570 1569 1493 1571 1572 1493 1572 1492 
1492 1572 1570 1572 1571 1573 1495 1574 1575 
1496 1495 1575 1563 1498 1561 1563 1574 1498 
1574 1495 1498 1499 1561 1498 1564 1561 1499 
1500 1564 1499 1566 1564 1500 1488 1566 1500 
1493 1501 1571 1571 1576 1573 1571 1501 1576 
1501 1503 1576 1576 1503 1504 1577 1576 1504 
1578 1579 1580 1578 1575 1579 1578 1505 1575 
1505 1496 1575 1504 1581 1577 1506 1581 1504 
1507 1582 1506 1506 1582 1581 1508 1583 1507 
1507 1583 1582 1509 1584 1508 1508 1584 1583 
1584 1509 1511 1585 1584 1511 1512 1578 1580 
1512 1580 1513 1513 1580 1586 1505 1578 1512 
1587 1511 1514 1587 1588 1511 1588 1585 1511 
1514 1516 1587 1513 1586 1517 1586 1589 1517 
1590 1588 1587 1591 1588 1590 1516 1519 1590 
1587 1516 1590 1592 1593 1520 1592 1520 1589 
1589 1520 1517 1592 1594 1593 1590 1595 1591 
1596 1597 1595 1521 1596 1595 1521 1595 1590 
1521 1590 1519 1521 1522 1598 1596 1521 1598 
1522 1523 1598 1520 1593 1524 1525 1599 1600 
1524 1599 1525 1524 1594 1599 1524 1593 1594 
1599 1601 1600 1596 1602 1597 1602 1603 1604 
1602 1596 1603 1596 1598 1603 1523 1527 1603 
1598 1523 1603 1525 1600 1528 1529 1605 1606 
1528 1605 1529 1528 1601 1605 1528 1600 1601 
1605 1607 1606 1608 1604 1603 1609 1604 1608 
1527 1531 1608 1603 1527 1608 1529 1606 1532 
1606 1533 1532 1606 1607 1533 1607 1610 1533 
1611 1609 1608 1612 1609 1611 1531 1534 1611 
1608 1531 1611 1533 1610 1613 1535 1533 1613 
1613 1537 1535 1614 1537 1613 1615 1616 1617 
1615 1618 1619 1617 1618 1615 1619 1620 1621 
1618 1620 1619 1621 1622 1623 1620 1622 1621 
1623 1624 1625 1622 1624 1623 1625 1626 1627 
1624 1626 1625 1612 1627 1626 1611 1627 1612 
1611 1539 1627 1611 1540 1539 1534 1540 1611 
1628 1629 1541 1628 1541 1614 1614 1541 1537 
1629 1630 1631 1628 1630 1629 1631 1632 1633 
1630 1632 1631 1632 1634 1633 1635 1636 1637 
1616 1635 1637 1615 1635 1616 1615 1543 1635 
1615 1544 1543 1545 1544 1615 1619 1545 1615 
1547 1545 1619 1621 1547 1619 1548 1547 1621 
1623 1548 1621 1549 1548 1623 1625 1549 1623 
1550 1549 1625 1627 1550 1625 1539 1550 1627 
1541 1629 1551 1552 1551 1629 1631 1552 1629 
1554 1552 1631 1554 1631 1638 1638 1631 1633 
1639 1633 1634 1639 1640 1633 1640 1638 1633 
1640 1557 1556 1640 1639 1557 1639 1641 1557 
1636 1635 1558 1636 1558 1641 1641 1558 1557 
1543 1558 1635 1554 1638 1559 1560 1559 1638 
1640 1560 1638 1556 1560 1640 1642 1643 1644 
1643 1642 1645 1646 1647 1648 1646 1563 1562 
1646 1562 1647 1647 1562 1649 1565 1650 1562 
1562 1650 1649 1567 1651 1565 1565 1651 1650 
1568 1652 1567 1567 1652 1651 1644 1569 1642 
1644 1652 1569 1652 1568 1569 1642 1653 1645 
1642 1569 1653 1569 1570 1653 1572 1654 1570 
1570 1654 1653 1573 1655 1656 1573 1656 1572 
1572 1656 1654 1656 1655 1657 1574 1646 1648 
1574 1648 1575 1575 1648 1658 1563 1646 1574 
1573 1576 1655 1577 1659 1660 1576 1577 1660 
1576 1660 1657 1576 1657 1655 1659 1661 1662 
1660 1659 1662 1662 1661 1663 1579 1664 1665 
1580 1579 1665 1658 1579 1575 1664 1579 1658 
1577 1581 1659 1582 1659 1581 1661 1659 1582 
1661 1666 1663 1661 1582 1666 1582 1583 1666 
1667 1668 1666 1667 1666 1584 1584 1666 1583 
1584 1585 1667 1580 1665 1586 1665 1669 1586 
1670 1668 1667 1671 1668 1670 1585 1588 1670 
1667 1585 1670 1586 1669 1589 1669 1672 1589 
1670 1673 1671 1673 1670 1588 1673 1588 1674 
1674 1588 1591 1589 1672 1675 1592 1589 1675 
1675 1594 1592 1676 1594 1675 1591 1677 1674 
1595 1677 1591 1677 1595 1597 1678 1677 1597 
1594 1676 1679 1599 1594 1679 1679 1601 1599 
1680 1601 1679 1597 1681 1678 1602 1681 1597 
1681 1602 1604 1682 1681 1604 1601 1680 1683 
1605 1601 1683 1683 1607 1605 1684 1607 1683 
1604 1609 1682 1682 1609 1685 1686 1687 1610 
1686 1610 1684 1684 1610 1607 1686 1688 1687 
1689 1690 1691 1689 1692 1693 1691 1692 1689 
1693 1694 1695 1692 1694 1693 1695 1694 1685 
1695 1685 1612 1612 1685 1609 1610 1687 1613 
1614 1696 1697 1613 1696 1614 1613 1688 1696 
1613 1687 1688 1697 1698 1699 1696 1698 1697 
1699 1700 1701 1698 1700 1699 1700 1702 1701 
1703 1704 1705 1703 1617 1616 1703 1705 1617 
1705 1706 1617 1618 1617 1707 1617 1706 1707 
1620 1618 1708 1618 1707 1708 1690 1689 1622 
1690 1622 1708 1708 1622 1620 1624 1622 1689 
1693 1624 1689 1626 1624 1693 1695 1626 1693 
1612 1626 1695 1614 1697 1628 1630 1628 1697 
1699 1630 1697 1632 1630 1699 1701 1632 1699 
1634 1709 1710 1632 1709 1634 1632 1702 1709 
1632 1701 1702 1710 1711 1712 1709 1711 1710 
1704 1712 1711 1703 1712 1704 1703 1636 1712 
1703 1637 1636 1616 1637 1703 1634 1710 1639 
1641 1639 1710 1712 1641 1710 1636 1641 1712 
1713 1714 1715 1713 1716 1717 1714 1713 1717 
1716 1718 1719 1717 1716 1719 1718 1720 1721 
1719 1718 1721 1720 1644 1643 1720 1643 1721 
1721 1643 1722 1645 1723 1724 1645 1724 1643 
1643 1724 1722 1724 1723 1725 1647 1726 1727 
1648 1647 1727 1715 1649 1713 1715 1726 1649 
1726 1647 1649 1650 1713 1649 1716 1713 1650 
1651 1716 1650 1718 1716 1651 1652 1718 1651 
1720 1718 1652 1644 1720 1652 1645 1653 1723 
1723 1728 1725 1723 1653 1728 1653 1654 1728 
1656 1729 1654 1654 1729 1728 1729 1656 1657 
1730 1729 1657 1731 1732 1733 1731 1727 1732 
1731 1658 1727 1658 1648 1727 1657 1734 1730 
1660 1734 1657 1735 1736 1734 1735 1734 1662 
1662 1734 1660 1662 1663 1735 1664 1731 1733 
1664 1733 1665 1665 1733 1737 1658 1731 1664 
1735 1738 1736 1739 1740 1738 1666 1739 1738 
1666 1738 1735 1666 1735 1663 1666 1668 1739 
1665 1737 1669 1737 1741 1669 1739 1742 1740 
1742 1739 1668 1742 1668 1743 1743 1668 1671 
1669 1741 1672 1741 1744 1672 1671 1745 1743 
1673 1745 1671 1674 1746 1747 1674 1747 1673 
1673 1747 1745 1747 1746 1748 1672 1744 1749 
1675 1672 1749 1749 1676 1675 1750 1676 1749 
1674 1677 1746 1678 1751 1752 1677 1678 1752 
1677 1752 1748 1677 1748 1746 1752 1751 1753 
1676 1750 1754 1679 1676 1754 1680 1755 1756 
1680 1679 1755 1679 1754 1755 1755 1757 1756 
1678 1681 1751 1751 1681 1682 1751 1682 1753 
1753 1682 1758 1680 1756 1683 1684 1759 1760 
1683 1759 1684 1683 1757 1759 1683 1756 1757 
1759 1761 1760 1682 1685 1758 1758 1685 1762 
1684 1760 1686 1688 1763 1764 1686 1763 1688 
1686 1761 1763 1686 1760 1761 1764 1765 1766 
1763 1765 1764 1766 1767 1768 1765 1767 1766 
1767 1769 1768 1770 1771 1772 1770 1773 1774 
1772 1773 1770 1774 1775 1776 1773 1775 1774 
1776 1691 1690 1776 1775 1691 1775 1777 1691 
1692 1691 1778 1691 1777 1778 1694 1692 1779 
1692 1778 1779 1762 1685 1694 1779 1762 1694 
1688 1764 1696 1698 1696 1764 1766 1698 1764 
1700 1698 1766 1768 1700 1766 1702 1780 1781 
1700 1780 1702 1700 1769 1780 1700 1768 1769 
1781 1782 1783 1780 1782 1781 1783 1705 1704 
1783 1782 1705 1782 1784 1705 1771 1770 1706 
1771 1706 1784 1784 1706 1705 1707 1706 1770 
1774 1707 1770 1708 1707 1774 1776 1708 1774 
1690 1708 1776 1702 1781 1709 1711 1709 1781 
1783 1711 1781 1704 1711 1783 1785 1786 1787 
1785 1715 1714 1785 1714 1786 1786 1714 1788 
1717 1789 1714 1714 1789 1788 1719 1790 1717 
1717 1790 1789 1721 1791 1719 1719 1791 1790 
1722 1792 1721 1721 1792 1791 1724 1793 1722 
1722 1793 1792 1725 1794 1795 1725 1795 1724 
1724 1795 1793 1795 1794 1796 1726 1785 1787 
1726 1787 1727 1727 1787 1797 1715 1785 1726 
1725 1728 1794 1794 1798 1796 1794 1728 1798 
1728 1729 1798 1798 1729 1730 1799 1798 1730 
1732 1800 1801 1733 1732 1801 1797 1732 1727 
1800 1732 1797 1730 1802 1799 1734 1802 1730 
1802 1734 1736 1803 1802 1736 1733 1801 1737 
1801 1804 1737 1736 1805 1803 1738 1805 1736 
1805 1738 1740 1806 1805 1740 1737 1804 1741 
1804 1807 1741 1740 1808 1806 1742 1808 1740 
1808 1742 1743 1809 1808 1743 1741 1807 1744 
1807 1810 1744 1743 1811 1809 1745 1811 1743 
1747 1812 1745 1745 1812 1811 1748 1813 1814 
1748 1814 1747 1747 1814 1812 1814 1813 1815 
1744 1810 1816 1749 1744 1816 1750 1817 1818 
1750 1749 1817 1749 1816 1817 1817 1819 1818 
1748 1752 1813 1753 1820 1821 1752 1753 1821 
1752 1821 1815 1752 1815 1813 1821 1820 1822 
1750 1818 1754 1818 1819 1823 1818 1823 1754 
1754 1823 1755 1823 1757 1755 1824 1757 1823 
1820 1825 1826 1820 1753 1825 1753 1758 1825 
1822 1820 1826 1757 1824 1827 1759 1757 1827 
1761 1828 1829 1761 1759 1828 1759 1827 1828 
1829 1830 1831 1828 1830 1829 1830 1832 1831 
1833 1834 1835 1833 1836 1837 1835 1836 1833 
1837 1838 1839 1836 1838 1837 1839 1840 1841 
1838 1840 1839 1841 1842 1843 1840 1842 1841 
1843 1842 1825 1843 1825 1762 1762 1825 1758 
1761 1829 1763 1765 1763 1829 1831 1765 1829 
1831 1832 1844 1831 1844 1765 1765 1844 1767 
1769 1845 1846 1769 1767 1845 1767 1844 1845 
1846 1847 1848 1845 1847 1846 1848 1849 1850 
1847 1849 1848 1850 1772 1771 1850 1849 1772 
1849 1851 1772 1834 1833 1773 1834 1773 1851 
1851 1773 1772 1775 1773 1833 1837 1775 1833 
1777 1775 1837 1839 1777 1837 1778 1777 1839 
1841 1778 1839 1779 1778 1841 1843 1779 1841 
1762 1779 1843 1769 1846 1780 1782 1780 1846 
1848 1782 1846 1784 1782 1848 1850 1784 1848 
1771 1784 1850 1852 1853 1854 1852 1855 1856 
1853 1852 1856 1855 1857 1858 1856 1855 1858 
1857 1859 1860 1858 1857 1860 1860 1859 1861 
1786 1862 1863 1787 1786 1863 1854 1788 1852 
1854 1862 1788 1862 1786 1788 1789 1852 1788 
1855 1852 1789 1790 1855 1789 1857 1855 1790 
1791 1857 1790 1859 1857 1791 1859 1864 1861 
1859 1791 1864 1791 1792 1864 1793 1865 1792 
1792 1865 1864 1795 1866 1793 1793 1866 1865 
1796 1867 1868 1796 1868 1795 1795 1868 1866 
1868 1867 1869 1787 1863 1797 1863 1870 1797 
1796 1798 1867 1799 1871 1872 1798 1799 1872 
1798 1872 1869 1798 1869 1867 1872 1871 1873 
1800 1874 1875 1801 1800 1875 1870 1800 1797 
1874 1800 1870 1799 1802 1871 1871 1802 1803 
1871 1803 1873 1873 1803 1876 1801 1875 1804 
1875 1877 1804 1803 1878 1876 1805 1878 1803 
1878 1805 1806 1879 1878 1806 1804 1877 1807 
1877 1880 1807 1806 1881 1879 1808 1881 1806 
1809 1882 1883 1809 1883 1808 1808 1883 1881 
1882 1884 1885 1883 1882 1885 1884 1886 1887 
1885 1884 1887 1887 1886 1888 1889 1890 1810 
1889 1810 1880 1880 1810 1807 1889 1891 1890 
1809 1811 1882 1812 1882 1811 1884 1882 1812 
1814 1884 1812 1886 1884 1814 1815 1892 1893 
1814 1815 1893 1814 1893 1888 1814 1888 1886 
1893 1892 1894 1810 1890 1816 1890 1891 1895 
1890 1895 1816 1816 1895 1817 1819 1896 1897 
1819 1817 1896 1817 1895 1896 1896 1898 1897 
1899 1815 1821 1899 1900 1815 1892 1815 1901 
1901 1815 1900 1892 1901 1894 1821 1822 1899 
1819 1897 1823 1824 1902 1903 1823 1902 1824 
1823 1898 1902 1823 1897 1898 1903 1904 1905 
1902 1904 1903 1904 1906 1905 1907 1908 1909 
1907 1910 1911 1909 1910 1907 1911 1912 1913 
1910 1912 1911 1900 1913 1912 1899 1913 1900 
1899 1825 1913 1899 1826 1825 1822 1826 1899 
1824 1903 1827 1828 1827 1903 1905 1828 1903 
1905 1906 1914 1905 1914 1828 1828 1914 1830 
1832 1915 1916 1832 1830 1915 1830 1914 1915 
1916 1917 1918 1915 1917 1916 1918 1919 1920 
1917 1919 1918 1920 1921 1922 1919 1921 1920 
1922 1923 1924 1921 1923 1922 1924 1835 1834 
1924 1923 1835 1923 1925 1835 1836 1835 1926 
1835 1925 1926 1908 1907 1838 1908 1838 1926 
1926 1838 1836 1840 1838 1907 1911 1840 1907 
1842 1840 1911 1913 1842 1911 1825 1842 1913 
1832 1916 1844 1845 1844 1916 1918 1845 1916 
1847 1845 1918 1920 1847 1918 1849 1847 1920 
1922 1849 1920 1851 1849 1922 1924 1851 1922 
1834 1851 1924 1853 1927 1928 1854 1853 1928 
1856 1929 1853 1853 1929 1927 1858 1930 1856 
1856 1930 1929 1860 1931 1858 1858 1931 1930 
1861 1932 1933 1861 1933 1860 1860 1933 1931 
1932 1934 1935 1933 1932 1935 1934 1936 1937 
1935 1934 1937 1937 1936 1938 1862 1939 1940 
1863 1862 1940 1928 1862 1854 1939 1862 1928 
1861 1864 1932 1865 1932 1864 1934 1932 1865 
1866 1934 1865 1936 1934 1866 1936 1941 1938 
1936 1866 1941 1866 1868 1941 1869 1942 1943 
1869 1943 1868 1868 1943 1941 1943 1942 1944 
1863 1940 1870 1940 1945 1870 1869 1872 1942 
1942 1872 1873 1942 1873 1944 1944 1873 1946 
1874 1947 1875 1874 1948 1947 1874 1870 1948 
1870 1945 1948 1949 1876 1950 1949 1946 1876 
1946 1873 1876 1949 1950 1951 1947 1952 1953 
1947 1953 1875 1875 1953 1877 1948 1952 1947 
1876 1878 1950 1879 1954 1955 1878 1879 1955 
1878 1955 1951 1878 1951 1950 1954 1956 1957 
1955 1954 1957 1956 1958 1959 1957 1956 1959 
1958 1960 1961 1959 1958 1961 1960 1962 1963 
1961 1960 1963 1963 1962 1964 1877 1953 1880 
1953 1965 1880 1879 1881 1954 1883 1954 1881 
1956 1954 1883 1885 1956 1883 1958 1956 1885 
1887 1958 1885 1960 1958 1887 1888 1960 1887 
1888 1966 1960 1966 1962 1960 1967 1964 1962 
1966 1967 1962 1880 1965 1968 1889 1880 1968 
1891 1969 1970 1891 1889 1969 1889 1968 1969 
1969 1971 1970 1888 1893 1966 1966 1893 1894 
1966 1894 1967 1967 1894 1972 1891 1970 1895 
1970 1971 1973 1970 1973 1895 1895 1973 1896 
1898 1974 1975 1898 1896 1974 1896 1973 1974 
1975 1976 1977 1974 1976 1975 1976 1978 1977 
1979 1980 1981 1979 1901 1900 1979 1981 1901 
1981 1982 1901 1972 1894 1901 1982 1972 1901 
1898 1975 1902 1904 1902 1975 1977 1904 1975 
1906 1983 1984 1904 1983 1906 1904 1978 1983 
1904 1977 1978 1984 1985 1986 1983 1985 1984 
1986 1987 1988 1985 1987 1986 1988 1989 1990 
1987 1989 1988 1990 1991 1992 1989 1991 1990 
1992 1993 1994 1991 1993 1992 1994 1995 1996 
1993 1995 1994 1996 1997 1998 1995 1997 1996 
1998 1909 1908 1998 1997 1909 1997 1999 1909 
1910 1909 2000 1909 1999 2000 1980 1979 1912 
1980 1912 2000 2000 1912 1910 1900 1912 1979 
1906 1984 1914 1915 1914 1984 1986 1915 1984 
1917 1915 1986 1988 1917 1986 1919 1917 1988 
1990 1919 1988 1921 1919 1990 1992 1921 1990 
1923 1921 1992 1994 1923 1992 1925 1923 1994 
1996 1925 1994 1926 1925 1996 1998 1926 1996 
1908 1926 1998 2001 2002 2003 2001 2004 2005 
2002 2001 2005 2005 2004 2006 1927 2007 2008 
1928 1927 2008 2003 1929 2001 2003 2007 1929 
2007 1927 1929 1930 2001 1929 2004 2001 1930 
2004 2009 2006 2004 1930 2009 1930 1931 2009 
1933 2010 1931 1931 2010 2009 1935 2011 1933 
1933 2011 2010 1937 2012 1935 1935 2012 2011 
1938 2013 2014 1938 2014 1937 1937 2014 2012 
2014 2013 2015 1939 2016 2017 1940 1939 2017 
2008 1939 1928 2016 1939 2008 1938 1941 2013 
2013 2018 2015 2013 1941 2018 1941 1943 2018 
1944 2019 2020 1944 2020 1943 1943 2020 2018 
2020 2019 2021 2022 2023 2024 2022 2017 2023 
2022 1945 2017 1945 1940 2017 2019 1946 2025 
1944 1946 2019 2026 2021 2019 2025 2026 2019 
2027 2028 2029 2027 2030 2031 2028 2027 2031 
2031 2030 2032 2022 2024 2033 2033 1945 2022 
2033 2034 1945 2034 1948 1945 1946 1949 2025 
1951 2035 2036 1949 1951 2036 1949 2036 2026 
1949 2026 2025 2035 2037 2038 2036 2035 2038 
2029 2038 2037 2029 2037 2027 2027 2037 2039 
2030 2027 2040 2040 2027 2039 2041 2032 2030 
2041 2030 2042 2042 2030 2040 2041 2042 2043 
1952 2044 2045 1953 1952 2045 2034 1952 1948 
2044 1952 2034 1951 1955 2035 1957 2035 1955 
2037 2035 1957 1959 2037 1957 2039 2037 1959 
1961 2039 1959 2040 2039 1961 1963 2040 1961 
2042 2040 1963 1964 2046 2047 1963 1964 2047 
1963 2047 2043 1963 2043 2042 2047 2046 2048 
2049 2050 1965 2049 1965 2045 2045 1965 1953 
2049 2051 2050 2046 2052 2053 2046 1964 2052 
1964 1967 2052 2048 2046 2053 1965 2050 1968 
2050 2051 2054 2050 2054 1968 1968 2054 1969 
1971 2055 2056 1971 1969 2055 1969 2054 2055 
2056 2057 2058 2055 2057 2056 2057 2059 2058 
2060 2061 2062 2060 2063 2064 2062 2063 2060 
2064 2063 2052 2064 2052 1972 1972 2052 1967 
1971 2056 1973 1974 1973 2056 2058 1974 2056 
2058 2059 2065 2058 2065 1974 1974 2065 1976 
1978 2066 2067 1978 1976 2066 1976 2065 2066 
2067 2068 2069 2066 2068 2067 2069 2070 2071 
2068 2070 2069 2070 2072 2071 2073 2074 2075 
2073 2076 2077 2075 2076 2073 2077 2078 2079 
2076 2078 2077 2061 2079 2078 2060 2079 2061 
2060 1980 2079 2060 1981 1980 1982 1981 2060 
2064 1982 2060 1972 1982 2064 1978 2067 1983 
1985 1983 2067 2069 1985 2067 1987 1985 2069 
2071 1987 2069 2071 2072 2080 2071 2080 1987 
1987 2080 1989 1991 1989 2081 1989 2080 2081 
1993 1991 2082 1991 2081 2082 1995 1993 2083 
1993 2082 2083 2074 2073 1997 2074 1997 2083 
2083 1997 1995 1999 1997 2073 2077 1999 2073 
2000 1999 2077 2079 2000 2077 1980 2000 2079 
2002 2084 2085 2003 2002 2085 2005 2086 2002 
2002 2086 2084 2006 2087 2088 2006 2088 2005 
2005 2088 2086 2088 2087 2089 2090 2091 2092 
2090 2008 2007 2090 2007 2091 2091 2007 2093 
2085 2007 2003 2093 2007 2085 2006 2009 2087 
2087 2094 2089 2087 2009 2094 2009 2010 2094 
2011 2095 2010 2010 2095 2094 2012 2096 2011 
2011 2096 2095 2014 2097 2012 2012 2097 2096 
2015 2098 2099 2015 2099 2014 2014 2099 2097 
2098 2100 2101 2099 2098 2101 2101 2100 2102 
2103 2104 2105 2103 2106 2107 2104 2103 2107 
2107 2106 2108 2016 2090 2092 2016 2092 2017 
2017 2092 2109 2008 2090 2016 2015 2018 2098 
2020 2098 2018 2100 2098 2020 2021 2110 2111 
2020 2021 2111 2020 2111 2102 2020 2102 2100 
2110 2112 2113 2111 2110 2113 2112 2114 2115 
2113 2112 2115 2105 2115 2114 2105 2114 2103 
2103 2114 2116 2106 2103 2117 2117 2103 2116 
2118 2108 2106 2118 2106 2119 2119 2106 2117 
2118 2119 2120 2023 2121 2122 2024 2023 2122 
2109 2023 2017 2121 2023 2109 2110 2026 2123 
2021 2026 2110 2112 2110 2124 2124 2110 2123 
2028 2124 2029 2028 2114 2124 2114 2112 2124 
2031 2114 2028 2116 2114 2031 2032 2116 2031 
2032 2125 2116 2125 2117 2116 2119 2117 2126 
2126 2117 2125 2127 2120 2119 2126 2127 2119 
2024 2122 2128 2033 2024 2128 2128 2034 2033 
2129 2034 2128 2026 2036 2123 2038 2123 2036 
2124 2123 2038 2029 2124 2038 2032 2041 2125 
2043 2125 2041 2043 2130 2125 2130 2126 2125 
2131 2127 2126 2130 2131 2126 2044 2132 2133 
2045 2044 2133 2129 2044 2034 2132 2044 2129 
2134 2043 2047 2134 2135 2043 2130 2043 2136 
2136 2043 2135 2130 2136 2131 2047 2048 2134 
2045 2133 2137 2049 2045 2137 2051 2138 2139 
2051 2049 2138 2049 2137 2138 2138 2140 2139 
2141 2142 2143 2141 2144 2145 2143 2144 2141 
2135 2145 2144 2134 2145 2135 2134 2052 2145 
2134 2053 2052 2048 2053 2134 2051 2139 2054 
2139 2140 2146 2139 2146 2054 2054 2146 2055 
2057 2055 2147 2055 2146 2147 2059 2148 2149 
2059 2057 2148 2057 2147 2148 2149 2150 2151 
2148 2150 2149 2150 2152 2151 2153 2154 2155 
2153 2156 2157 2155 2156 2153 2142 2157 2156 
2141 2157 2142 2141 2061 2157 2141 2062 2061 
2063 2062 2141 2145 2063 2141 2052 2063 2145 
2059 2149 2065 2066 2065 2149 2151 2066 2149 
2151 2152 2158 2151 2158 2066 2066 2158 2068 
2070 2068 2159 2068 2158 2159 2072 2160 2161 
2072 2070 2160 2070 2159 2160 2161 2162 2163 
2160 2162 2161 2163 2164 2165 2162 2164 2163 
2165 2166 2167 2164 2166 2165 2167 2075 2074 
2167 2166 2075 2166 2168 2075 2154 2153 2076 
2154 2076 2168 2168 2076 2075 2078 2076 2153 
2157 2078 2153 2061 2078 2157 2072 2161 2080 
2081 2080 2161 2163 2081 2161 2082 2081 2163 
2165 2082 2163 2083 2082 2165 2167 2083 2165 
2074 2083 2167 2169 2170 2171 2169 2085 2084 
2169 2084 2170 2170 2084 2172 2086 2173 2084 
2084 2173 2172 2088 2174 2086 2086 2174 2173 
2089 2175 2176 2089 2176 2088 2088 2176 2174 
2175 2177 2178 2176 2175 2178 2177 2179 2180 
2178 2177 2180 2179 2181 2182 2180 2179 2182 
2181 2183 2184 2182 2181 2184 2183 2185 2186 
2184 2183 2186 2185 2187 2188 2186 2185 2188 
2187 2189 2190 2188 2187 2190 2189 2191 2192 
2190 2189 2192 2191 2193 2194 2192 2191 2194 
2193 2195 2196 2194 2193 2196 2195 2197 2198 
2196 2195 2198 2198 2197 2199 2091 2200 2201 
2092 2091 2201 2171 2093 2169 2171 2200 2093 
2200 2091 2093 2085 2169 2093 2089 2094 2175 
2095 2175 2094 2177 2175 2095 2096 2177 2095 
2179 2177 2096 2097 2179 2096 2181 2179 2097 
2099 2181 2097 2183 2181 2099 2101 2183 2099 
2185 2183 2101 2102 2185 2101 2102 2202 2185 
2202 2187 2185 2189 2187 2203 2203 2187 2202 
2191 2189 2204 2204 2189 2203 2104 2204 2105 
2104 2193 2204 2193 2191 2204 2107 2193 2104 
2195 2193 2107 2108 2195 2107 2108 2205 2195 
2205 2197 2195 2206 2199 2197 2206 2197 2207 
2207 2197 2205 2206 2207 2208 2092 2201 2109 
2201 2209 2109 2102 2111 2202 2113 2202 2111 
2203 2202 2113 2115 2203 2113 2204 2203 2115 
2105 2204 2115 2108 2118 2205 2120 2205 2118 
2120 2210 2205 2210 2207 2205 2211 2208 2207 
2210 2211 2207 2121 2212 2213 2122 2121 2213 
2209 2121 2109 2212 2121 2209 2210 2127 2214 
2120 2127 2210 2215 2211 2210 2214 2215 2210 
2216 2128 2122 2216 2122 2217 2217 2122 2213 
2128 2216 2129 2214 2218 2219 2214 2127 2218 
2127 2131 2218 2215 2214 2219 2132 2220 2133 
2216 2217 2221 2221 2129 2216 2221 2222 2129 
2132 2129 2220 2220 2129 2222 2223 2224 2225 
2223 2226 2227 2225 2226 2223 2227 2136 2135 
2227 2226 2136 2226 2228 2136 2218 2131 2136 
2228 2218 2136 2133 2220 2137 2220 2222 2229 
2220 2229 2137 2137 2229 2138 2140 2230 2231 
2140 2138 2230 2138 2229 2230 2231 2232 2233 
2230 2232 2231 2232 2234 2233 2235 2236 2237 
2235 2238 2239 2237 2238 2235 2224 2239 2238 
2223 2239 2224 2223 2142 2239 2223 2143 2142 
2144 2143 2223 2227 2144 2223 2135 2144 2227 
2140 2231 2146 2147 2146 2231 2233 2147 2231 
2233 2234 2240 2233 2240 2147 2147 2240 2148 
2150 2148 2241 2148 2240 2241 2152 2242 2243 
2152 2150 2242 2150 2241 2242 2243 2244 2245 
2242 2244 2243 2245 2246 2247 2244 2246 2245 
2247 2248 2249 2246 2248 2247 2249 2250 2251 
2248 2250 2249 2251 2252 2253 2250 2252 2251 
2253 2254 2255 2252 2254 2253 2236 2255 2254 
2235 2255 2236 2235 2154 2255 2235 2155 2154 
2156 2155 2235 2239 2156 2235 2142 2156 2239 
2152 2243 2158 2159 2158 2243 2245 2159 2243 
2160 2159 2245 2247 2160 2245 2162 2160 2247 
2249 2162 2247 2164 2162 2249 2251 2164 2249 
2166 2164 2251 2253 2166 2251 2168 2166 2253 
2255 2168 2253 2154 2168 2255 2256 2257 2258 
2257 2256 2259 2260 2261 2262 2260 2263 2264 
2261 2260 2264 2263 2265 2266 2264 2263 2266 
2265 2267 2268 2266 2265 2268 2267 2269 2270 
2268 2267 2270 2269 2271 2272 2270 2269 2272 
2271 2273 2274 2272 2271 2274 2273 2275 2276 
2274 2273 2276 2275 2277 2278 2276 2275 2278 
2278 2277 2279 2170 2280 2281 2171 2170 2281 
2172 2282 2170 2170 2282 2280 2258 2173 2256 
2258 2282 2173 2282 2172 2173 2256 2283 2259 
2256 2173 2283 2173 2174 2283 2176 2284 2174 
2174 2284 2283 2178 2285 2176 2176 2285 2284 
2180 2286 2178 2178 2286 2285 2262 2182 2260 
2262 2286 2182 2286 2180 2182 2184 2260 2182 
2263 2260 2184 2186 2263 2184 2265 2263 2186 
2188 2265 2186 2267 2265 2188 2190 2267 2188 
2269 2267 2190 2192 2269 2190 2271 2269 2192 
2194 2271 2192 2273 2271 2194 2196 2273 2194 
2275 2273 2196 2198 2275 2196 2277 2275 2198 
2199 2287 2288 2198 2199 2288 2198 2288 2279 
2198 2279 2277 2287 2289 2290 2288 2287 2290 
2290 2289 2291 2200 2292 2293 2201 2200 2293 
2281 2200 2171 2292 2200 2281 2199 2206 2287 
2208 2287 2206 2208 2294 2287 2294 2289 2287 
2295 2291 2289 2294 2295 2289 2296 2297 2298 
2296 2293 2297 2296 2209 2293 2209 2201 2293 
2294 2211 2299 2208 2211 2294 2300 2295 2294 
2299 2300 2294 2212 2296 2298 2212 2298 2213 
2213 2298 2301 2209 2296 2212 2299 2302 2303 
2299 2211 2302 2211 2215 2302 2300 2299 2303 
2213 2301 2217 2301 2304 2217 2305 2306 2307 
2305 2308 2309 2307 2308 2305 2309 2310 2311 
2308 2310 2309 2311 2219 2218 2311 2310 2219 
2310 2312 2219 2302 2215 2219 2312 2302 2219 
2217 2304 2313 2221 2217 2313 2222 2314 2315 
2222 2221 2314 2221 2313 2314 2314 2316 2315 
2317 2318 2319 2317 2320 2321 2319 2320 2317 
2306 2321 2320 2305 2321 2306 2305 2224 2321 
2305 2225 2224 2226 2225 2305 2309 2226 2305 
2228 2226 2309 2311 2228 2309 2218 2228 2311 
2222 2315 2229 2315 2316 2322 2315 2322 2229 
2229 2322 2230 2232 2230 2323 2230 2322 2323 
2234 2324 2325 2234 2232 2324 2232 2323 2324 
2325 2326 2327 2324 2326 2325 2326 2328 2327 
2329 2330 2331 2329 2332 2333 2331 2332 2329 
2318 2333 2332 2317 2333 2318 2317 2236 2333 
2317 2237 2236 2238 2237 2317 2321 2238 2317 
2224 2238 2321 2234 2325 2240 2241 2240 2325 
2327 2241 2325 2327 2328 2334 2327 2334 2241 
2241 2334 2242 2244 2242 2335 2242 2334 2335 
2246 2244 2336 2244 2335 2336 2248 2246 2337 
2246 2336 2337 2250 2248 2338 2248 2337 2338 
2330 2329 2252 2330 2252 2338 2338 2252 2250 
2254 2252 2329 2333 2254 2329 2236 2254 2333 
2339 2340 2341 2339 2342 2343 2340 2339 2343 
2342 2344 2345 2343 2342 2345 2344 2346 2347 
2345 2344 2347 2346 2348 2349 2347 2346 2349 
2348 2350 2351 2349 2348 2351 2350 2352 2353 
2351 2350 2353 2352 2354 2355 2353 2352 2355 
2355 2354 2356 2257 2357 2358 2258 2257 2358 
2259 2359 2360 2259 2360 2257 2257 2360 2357 
2359 2361 2362 2360 2359 2362 2361 2363 2364 
2362 2361 2364 2363 2365 2366 2364 2363 2366 
2365 2262 2261 2365 2261 2366 2366 2261 2367 
2264 2368 2261 2261 2368 2367 2341 2266 2339 
2341 2368 2266 2368 2264 2266 2268 2339 2266 
2342 2339 2268 2270 2342 2268 2344 2342 2270 
2272 2344 2270 2346 2344 2272 2274 2346 2272 
2348 2346 2274 2276 2348 2274 2350 2348 2276 
2278 2350 2276 2352 2350 2278 2279 2352 2278 
2279 2369 2352 2369 2354 2352 2370 2356 2354 
2370 2354 2371 2371 2354 2369 2370 2371 2372 
2280 2373 2374 2281 2280 2374 2282 2375 2280 
2280 2375 2373 2358 2282 2258 2375 2282 2358 
2259 2283 2359 2284 2359 2283 2361 2359 2284 
2285 2361 2284 2363 2361 2285 2286 2363 2285 
2365 2363 2286 2262 2365 2286 2279 2288 2369 
2290 2369 2288 2371 2369 2290 2371 2290 2291 
2371 2291 2372 2372 2291 2376 2292 2377 2293 
2292 2378 2377 2292 2281 2378 2281 2374 2378 
2291 2295 2376 2376 2295 2379 2297 2380 2381 
2298 2297 2381 2377 2297 2293 2377 2382 2297 
2382 2380 2297 2378 2382 2377 2383 2384 2385 
2383 2385 2379 2383 2379 2300 2300 2379 2295 
2298 2381 2301 2381 2386 2301 2387 2388 2389 
2387 2390 2391 2389 2390 2387 2391 2392 2393 
2390 2392 2391 2393 2394 2395 2392 2394 2393 
2384 2395 2394 2383 2395 2384 2383 2302 2395 
2383 2303 2302 2300 2303 2383 2396 2397 2304 
2396 2304 2386 2386 2304 2301 2396 2398 2397 
2399 2400 2401 2399 2402 2403 2401 2402 2399 
2388 2403 2402 2387 2403 2388 2387 2306 2403 
2387 2307 2306 2308 2307 2387 2391 2308 2387 
2310 2308 2391 2393 2310 2391 2312 2310 2393 
2395 2312 2393 2302 2312 2395 2304 2397 2313 
2397 2398 2404 2397 2404 2313 2313 2404 2314 
2316 2405 2406 2316 2314 2405 2314 2404 2405 
2406 2407 2408 2405 2407 2406 2408 2409 2410 
2407 2409 2408 2409 2411 2410 2412 2413 2414 
2412 2415 2416 2414 2415 2412 2400 2416 2415 
2399 2416 2400 2399 2318 2416 2399 2319 2318 
2320 2319 2399 2403 2320 2399 2306 2320 2403 
2316 2406 2322 2323 2322 2406 2408 2323 2406 
2324 2323 2408 2410 2324 2408 2410 2411 2417 
2410 2417 2324 2324 2417 2326 2328 2418 2419 
2328 2326 2418 2326 2417 2418 2419 2420 2421 
2418 2420 2419 2421 2422 2423 2420 2422 2421 
2423 2424 2425 2422 2424 2423 2425 2426 2427 
2424 2426 2425 2413 2427 2426 2412 2427 2413 
2412 2330 2427 2412 2331 2330 2332 2331 2412 
2416 2332 2412 2318 2332 2416 2328 2419 2334 
2335 2334 2419 2421 2335 2419 2336 2335 2421 
2423 2336 2421 2337 2336 2423 2425 2337 2423 
2338 2337 2425 2427 2338 2425 2330 2338 2427 
2428 2429 2430 2428 2431 2432 2429 2428 2432 
2432 2431 2433 2434 2435 2436 2434 2437 2438 
2435 2434 2438 2437 2439 2440 2438 2437 2440 
2439 2341 2340 2439 2340 2440 2440 2340 2441 
2343 2442 2340 2340 2442 2441 2345 2443 2343 
2343 2443 2442 2347 2444 2345 2345 2444 2443 
2349 2445 2347 2347 2445 2444 2351 2446 2349 
2349 2446 2445 2353 2447 2351 2351 2447 2446 
2355 2448 2353 2353 2448 2447 2356 2449 2450 
2356 2450 2355 2355 2450 2448 2449 2451 2452 
2450 2449 2452 2452 2451 2453 2357 2454 2455 
2358 2357 2455 2430 2360 2428 2430 2454 2360 
2454 2357 2360 2362 2428 2360 2431 2428 2362 
2431 2456 2433 2431 2362 2456 2362 2364 2456 
2436 2366 2434 2436 2456 2366 2456 2364 2366 
2367 2434 2366 2437 2434 2367 2368 2437 2367 
2439 2437 2368 2341 2439 2368 2356 2370 2449 
2372 2449 2370 2372 2457 2449 2457 2451 2449 
2458 2453 2451 2457 2458 2451 2373 2459 2374 
2460 2459 2373 2460 2373 2461 2461 2373 2375 
2455 2375 2358 2461 2375 2455 2457 2376 2462 
2372 2376 2457 2463 2458 2457 2462 2463 2457 
2459 2464 2378 2374 2459 2378 2465 2459 2460 
2464 2459 2465 2462 2466 2467 2462 2376 2466 
2376 2379 2466 2463 2462 2467 2380 2468 2381 
2380 2382 2469 2468 2380 2469 2382 2470 2469 
2378 2470 2382 2378 2471 2470 2378 2464 2471 
2465 2471 2464 2472 2473 2474 2472 2475 2476 
2474 2475 2472 2476 2477 2478 2475 2477 2476 
2478 2479 2480 2477 2479 2478 2480 2385 2384 
2480 2479 2385 2479 2481 2385 2466 2379 2385 
2481 2466 2385 2468 2482 2386 2381 2468 2386 
2483 2469 2484 2483 2482 2469 2482 2468 2469 
2470 2484 2469 2485 2486 2487 2485 2488 2489 
2487 2488 2485 2473 2489 2488 2472 2489 2473 
2472 2388 2489 2472 2389 2388 2390 2389 2472 
2476 2390 2472 2392 2390 2476 2478 2392 2476 
2394 2392 2478 2480 2394 2478 2384 2394 2480 
2386 2482 2396 2398 2490 2491 2396 2490 2398 
2396 2483 2490 2396 2482 2483 2491 2492 2493 
2490 2492 2491 2493 2494 2495 2492 2494 2493 
2494 2496 2495 2497 2498 2499 2497 2500 2501 
2499 2500 2497 2486 2501 2500 2485 2501 2486 
2485 2400 2501 2485 2401 2400 2402 2401 2485 
2489 2402 2485 2388 2402 2489 2398 2491 2404 
2405 2404 2491 2493 2405 2491 2407 2405 2493 
2495 2407 2493 2495 2496 2502 2495 2502 2407 
2407 2502 2409 2411 2503 2504 2411 2409 2503 
2409 2502 2503 2504 2505 2506 2503 2505 2504 
2506 2507 2508 2505 2507 2506 2508 2509 2510 
2507 2509 2508 2510 2511 2512 2509 2511 2510 
2512 2513 2514 2511 2513 2512 2498 2514 2513 
2497 2514 2498 2497 2413 2514 2497 2414 2413 
2415 2414 2497 2501 2415 2497 2400 2415 2501 
2411 2504 2417 2418 2417 2504 2506 2418 2504 
2420 2418 2506 2508 2420 2506 2422 2420 2508 
2510 2422 2508 2424 2422 2510 2512 2424 2510 
2426 2424 2512 2514 2426 2512 2413 2426 2514 
2515 2516 2517 2515 2518 2519 2516 2515 2519 
2519 2518 2520 2521 2522 2523 2521 2524 2525 
2522 2521 2525 2524 2526 2527 2525 2524 2527 
2526 2528 2529 2527 2526 2529 2528 2530 2531 
2529 2528 2531 2530 2532 2533 2531 2530 2533 
2532 2534 2535 2533 2532 2535 2534 2536 2537 
2535 2534 2537 2536 2538 2539 2537 2536 2539 
2538 2540 2541 2539 2538 2541 2540 2542 2543 
2541 2540 2543 2542 2544 2545 2543 2542 2545 
2544 2546 2547 2545 2544 2547 2546 2548 2549 
2547 2546 2549 2549 2548 2550 2551 2552 2553 
2517 2552 2551 2515 2517 2551 2515 2551 2430 
2515 2430 2429 2432 2515 2429 2518 2515 2432 
2433 2554 2555 2432 2433 2555 2432 2555 2520 
2432 2520 2518 2523 2555 2554 2521 2523 2554 
2521 2554 2436 2521 2436 2435 2438 2521 2435 
2524 2521 2438 2440 2524 2438 2526 2524 2440 
2441 2526 2440 2528 2526 2441 2442 2528 2441 
2530 2528 2442 2443 2530 2442 2532 2530 2443 
2444 2532 2443 2534 2532 2444 2445 2534 2444 
2536 2534 2445 2446 2536 2445 2538 2536 2446 
2447 2538 2446 2540 2538 2447 2448 2540 2447 
2542 2540 2448 2450 2542 2448 2544 2542 2450 
2452 2544 2450 2546 2544 2452 2556 2548 2546 
2556 2546 2453 2556 2453 2557 2452 2453 2546 
2550 2548 2556 2454 2551 2553 2454 2553 2455 
2455 2553 2558 2430 2551 2454 2433 2456 2554 
2436 2554 2456 2453 2458 2557 2557 2458 2559 
2461 2560 2561 2460 2461 2561 2558 2461 2455 
2560 2461 2558 2458 2463 2559 2559 2463 2562 
2460 2561 2465 2561 2563 2465 2564 2565 2566 
2564 2567 2568 2566 2567 2564 2568 2569 2570 
2567 2569 2568 2570 2571 2572 2569 2571 2570 
2572 2573 2574 2571 2573 2572 2574 2467 2466 
2574 2573 2467 2573 2575 2467 2562 2463 2467 
2575 2562 2467 2471 2576 2470 2471 2577 2576 
2471 2465 2577 2465 2563 2577 2578 2579 2580 
2578 2581 2582 2580 2581 2578 2565 2582 2581 
2564 2582 2565 2564 2473 2582 2564 2474 2473 
2475 2474 2564 2568 2475 2564 2477 2475 2568 
2570 2477 2568 2479 2477 2570 2572 2479 2570 
2481 2479 2572 2574 2481 2572 2466 2481 2574 
2484 2583 2483 2484 2584 2583 2470 2584 2484 
2470 2585 2584 2470 2576 2585 2577 2585 2576 
2586 2587 2588 2586 2589 2590 2588 2589 2586 
2579 2590 2589 2578 2590 2579 2578 2486 2590 
2578 2487 2486 2488 2487 2578 2582 2488 2578 
2473 2488 2582 2483 2583 2490 2583 2584 2591 
2583 2591 2490 2490 2591 2492 2494 2492 2592 
2492 2591 2592 2496 2593 2594 2496 2494 2593 
2494 2592 2593 2594 2595 2596 2593 2595 2594 
2596 2597 2598 2595 2597 2596 2598 2599 2600 
2597 2599 2598 2600 2601 2602 2599 2601 2600 
2602 2603 2604 2601 2603 2602 2604 2605 2606 
2603 2605 2604 2587 2606 2605 2586 2606 2587 
2586 2498 2606 2586 2499 2498 2500 2499 2586 
2590 2500 2586 2486 2500 2590 2496 2594 2502 
2503 2502 2594 2596 2503 2594 2505 2503 2596 
2598 2505 2596 2507 2505 2598 2600 2507 2598 
2509 2507 2600 2602 2509 2600 2511 2509 2602 
2604 2511 2602 2513 2511 2604 2606 2513 2604 
2498 2513 2606 2607 2608 2609 2607 2610 2611 
2608 2607 2611 2611 2610 2612 2613 2614 2615 
2614 2613 2616 2617 2618 2619 2617 2620 2621 
2618 2617 2621 2620 2622 2623 2621 2620 2623 
2622 2624 2625 2623 2622 2625 2624 2626 2627 
2625 2624 2627 2626 2628 2629 2627 2626 2629 
2628 2630 2631 2629 2628 2631 2630 2632 2633 
2631 2630 2633 2632 2634 2635 2633 2632 2635 
2634 2636 2637 2635 2634 2637 2636 2638 2639 
2637 2636 2639 2638 2640 2641 2639 2638 2641 
2609 2641 2640 2609 2640 2607 2607 2640 2642 
2610 2607 2643 2643 2607 2642 2644 2612 2610 
2644 2610 2645 2645 2610 2643 2644 2645 2646 
2516 2647 2648 2517 2516 2648 2615 2519 2613 
2615 2647 2519 2647 2516 2519 2520 2649 2650 
2519 2520 2650 2519 2650 2616 2519 2616 2613 
2619 2650 2649 2617 2619 2649 2617 2649 2523 
2617 2523 2522 2525 2617 2522 2620 2617 2525 
2527 2620 2525 2622 2620 2527 2529 2622 2527 
2624 2622 2529 2531 2624 2529 2626 2624 2531 
2533 2626 2531 2628 2626 2533 2535 2628 2533 
2630 2628 2535 2537 2630 2535 2632 2630 2537 
2539 2632 2537 2634 2632 2539 2541 2634 2539 
2636 2634 2541 2543 2636 2541 2638 2636 2543 
2545 2638 2543 2640 2638 2545 2547 2640 2545 
2642 2640 2547 2549 2642 2547 2643 2642 2549 
2651 2645 2643 2651 2643 2550 2651 2550 2652 
2549 2550 2643 2646 2645 2651 2552 2653 2553 
2552 2654 2653 2552 2517 2654 2517 2648 2654 
2520 2555 2649 2523 2649 2555 2556 2655 2656 
2557 2655 2556 2652 2550 2556 2656 2652 2556 
2653 2657 2658 2653 2658 2553 2553 2658 2558 
2654 2657 2653 2557 2559 2655 2655 2559 2659 
2560 2660 2661 2561 2560 2661 2658 2560 2558 
2660 2560 2658 2662 2663 2664 2662 2665 2666 
2664 2665 2662 2666 2667 2668 2665 2667 2666 
2668 2669 2670 2667 2669 2668 2669 2671 2670 
2672 2673 2674 2672 2674 2659 2672 2659 2562 
2562 2659 2559 2561 2661 2563 2661 2675 2563 
2676 2677 2678 2676 2679 2680 2678 2679 2676 
2663 2680 2679 2662 2680 2663 2662 2565 2680 
2662 2566 2565 2567 2566 2662 2666 2567 2662 
2569 2567 2666 2668 2569 2666 2571 2569 2668 
2670 2571 2668 2670 2671 2681 2670 2681 2571 
2571 2681 2573 2673 2672 2575 2673 2575 2681 
2681 2575 2573 2562 2575 2672 2682 2683 2684 
2682 2675 2683 2682 2577 2675 2577 2563 2675 
2685 2686 2687 2685 2688 2689 2687 2688 2685 
2677 2689 2688 2676 2689 2677 2676 2579 2689 
2676 2580 2579 2581 2580 2676 2680 2581 2676 
2565 2581 2680 2585 2690 2584 2682 2684 2691 
2690 2577 2692 2690 2585 2577 2692 2577 2693 
2682 2691 2577 2693 2577 2691 2692 2694 2695 
2693 2694 2692 2695 2696 2697 2694 2696 2695 
2696 2698 2697 2699 2700 2701 2699 2702 2703 
2701 2702 2699 2686 2703 2702 2685 2703 2686 
2685 2587 2703 2685 2588 2587 2589 2588 2685 
2689 2589 2685 2579 2589 2689 2584 2690 2591 
2592 2591 2690 2692 2592 2690 2593 2592 2692 
2695 2593 2692 2595 2593 2695 2697 2595 2695 
2697 2698 2704 2697 2704 2595 2595 2704 2597 
2599 2597 2705 2597 2704 2705 2601 2599 2706 
2599 2705 2706 2700 2699 2603 2700 2603 2706 
2706 2603 2601 2605 2603 2699 2703 2605 2699 
2587 2605 2703 2707 2708 2709 2707 2710 2711 
2708 2707 2711 2710 2712 2713 2711 2710 2713 
2713 2712 2714 2715 2716 2717 2715 2718 2719 
2716 2715 2719 2718 2720 2721 2719 2718 2721 
2720 2722 2723 2721 2720 2723 2722 2724 2725 
2723 2722 2725 2724 2726 2727 2725 2724 2727 
2726 2728 2729 2727 2726 2729 2709 2729 2728 
2709 2728 2707 2707 2728 2730 2710 2707 2731 
2731 2707 2730 2712 2710 2732 2732 2710 2731 
2733 2714 2712 2733 2712 2734 2734 2712 2732 
2733 2734 2735 2736 2737 2738 2736 2739 2740 
2737 2736 2740 2717 2740 2739 2717 2739 2715 
2715 2739 2741 2718 2715 2742 2742 2715 2741 
2720 2718 2743 2743 2718 2742 2722 2720 2744 
2744 2720 2743 2724 2722 2745 2745 2722 2744 
2726 2724 2746 2746 2724 2745 2728 2726 2747 
2747 2726 2746 2730 2728 2748 2748 2728 2747 
2731 2730 2749 2749 2730 2748 2732 2731 2750 
2750 2731 2749 2734 2732 2751 2751 2732 2750 
2752 2735 2734 2752 2734 2753 2753 2734 2751 
2752 2753 2754 2755 2756 2757 2755 2758 2759 
2756 2755 2759 2758 2760 2761 2759 2758 2761 
2760 2762 2763 2761 2760 2763 2738 2763 2762 
2738 2762 2736 2736 2762 2764 2739 2736 2765 
2765 2736 2764 2741 2739 2766 2766 2739 2765 
2742 2741 2767 2767 2741 2766 2743 2742 2768 
2768 2742 2767 2744 2743 2769 2769 2743 2768 
2745 2744 2770 2770 2744 2769 2746 2745 2771 
2771 2745 2770 2747 2746 2772 2772 2746 2771 
2748 2747 2773 2773 2747 2772 2608 2773 2609 
2608 2749 2773 2749 2748 2773 2611 2749 2608 
2750 2749 2611 2612 2750 2611 2612 2774 2750 
2774 2751 2750 2775 2776 2753 2775 2753 2774 
2774 2753 2751 2754 2753 2776 2614 2755 2757 
2614 2757 2615 2615 2757 2777 2616 2755 2614 
2616 2778 2755 2778 2758 2755 2618 2778 2619 
2618 2760 2778 2760 2758 2778 2621 2760 2618 
2762 2760 2621 2623 2762 2621 2764 2762 2623 
2625 2764 2623 2765 2764 2625 2627 2765 2625 
2766 2765 2627 2629 2766 2627 2767 2766 2629 
2631 2767 2629 2768 2767 2631 2633 2768 2631 
2769 2768 2633 2635 2769 2633 2770 2769 2635 
2637 2770 2635 2771 2770 2637 2639 2771 2637 
2772 2771 2639 2641 2772 2639 2773 2772 2641 
2609 2773 2641 2612 2644 2774 2774 2644 2646 
2774 2646 2775 2775 2646 2779 2647 2780 2781 
2648 2647 2781 2777 2647 2615 2780 2647 2777 
2616 2650 2778 2619 2778 2650 2651 2782 2783 
2652 2782 2651 2779 2646 2651 2783 2779 2651 
2648 2781 2654 2781 2784 2654 2656 2785 2786 
2655 2785 2656 2782 2652 2656 2786 2782 2656 
2657 2787 2788 2658 2657 2788 2784 2657 2654 
2787 2657 2784 2789 2790 2791 2789 2792 2793 
2791 2792 2789 2793 2794 2795 2792 2794 2793 
2795 2796 2797 2794 2796 2795 2797 2798 2799 
2796 2798 2797 2799 2800 2801 2798 2800 2799 
2801 2800 2785 2801 2785 2659 2659 2785 2655 
2660 2802 2661 2660 2803 2802 2660 2658 2803 
2658 2788 2803 2804 2805 2806 2804 2807 2808 
2806 2807 2804 2790 2808 2807 2789 2808 2790 
2789 2663 2808 2789 2664 2663 2665 2664 2789 
2793 2665 2789 2667 2665 2793 2795 2667 2793 
2669 2667 2795 2797 2669 2795 2671 2669 2797 
2671 2797 2809 2809 2797 2799 2674 2673 2809 
2674 2809 2801 2801 2809 2799 2659 2674 2801 
2802 2810 2811 2802 2811 2661 2661 2811 2675 
2803 2810 2802 2812 2813 2814 2805 2812 2814 
2804 2812 2805 2804 2677 2812 2804 2678 2677 
2679 2678 2804 2808 2679 2804 2663 2679 2808 
2671 2809 2681 2673 2681 2809 2683 2815 2684 
2683 2816 2815 2683 2675 2816 2675 2811 2816 
2817 2818 2819 2817 2687 2686 2817 2819 2687 
2819 2820 2687 2813 2812 2688 2813 2688 2820 
2820 2688 2687 2677 2688 2812 2684 2815 2691 
2815 2816 2821 2815 2821 2691 2691 2821 2693 
2694 2693 2822 2693 2821 2822 2696 2694 2823 
2694 2822 2823 2698 2824 2825 2698 2696 2824 
2696 2823 2824 2825 2826 2827 2824 2826 2825 
2827 2828 2829 2826 2828 2827 2829 2701 2700 
2829 2828 2701 2828 2830 2701 2818 2817 2702 
2818 2702 2830 2830 2702 2701 2686 2702 2817 
2698 2825 2704 2705 2704 2825 2827 2705 2825 
2706 2705 2827 2829 2706 2827 2700 2706 2829 
2831 2832 2833 2832 2831 2834 2835 2836 2837 
2835 2838 2839 2836 2835 2839 2833 2839 2838 
2833 2838 2831 2831 2838 2840 2841 2834 2831 
2841 2831 2842 2842 2831 2840 2842 2843 2844 
2841 2842 2844 2843 2845 2846 2844 2843 2846 
2846 2845 2847 2848 2849 2850 2848 2851 2852 
2849 2848 2852 2837 2852 2851 2837 2851 2835 
2835 2851 2853 2838 2835 2854 2854 2835 2853 
2840 2838 2855 2855 2838 2854 2842 2840 2856 
2856 2840 2855 2843 2842 2857 2857 2842 2856 
2845 2843 2858 2858 2843 2857 2859 2847 2845 
2859 2845 2860 2860 2845 2858 2860 2861 2862 
2859 2860 2862 2862 2861 2863 2864 2865 2866 
2850 2865 2864 2850 2864 2848 2848 2864 2867 
2851 2848 2868 2868 2848 2867 2853 2851 2869 
2869 2851 2868 2854 2853 2870 2870 2853 2869 
2855 2854 2871 2871 2854 2870 2856 2855 2872 
2872 2855 2871 2857 2856 2873 2873 2856 2872 
2858 2857 2874 2874 2857 2873 2860 2858 2875 
2875 2858 2874 2861 2860 2876 2876 2860 2875 
2877 2863 2861 2877 2861 2878 2878 2861 2876 
2877 2878 2879 2880 2881 2882 2866 2881 2880 
2866 2880 2864 2864 2880 2883 2867 2864 2884 
2884 2864 2883 2868 2867 2885 2885 2867 2884 
2869 2868 2886 2886 2868 2885 2870 2869 2887 
2887 2869 2886 2871 2870 2888 2888 2870 2887 
2872 2871 2889 2889 2871 2888 2873 2872 2890 
2890 2872 2889 2874 2873 2891 2891 2873 2890 
2875 2874 2892 2892 2874 2891 2876 2875 2893 
2893 2875 2892 2878 2876 2894 2894 2876 2893 
2895 2879 2878 2894 2895 2878 2896 2897 2898 
2882 2897 2896 2882 2896 2880 2880 2896 2899 
2883 2880 2900 2900 2880 2899 2884 2883 2901 
2901 2883 2900 2885 2884 2902 2902 2884 2901 
2886 2885 2903 2903 2885 2902 2887 2886 2904 
2904 2886 2903 2888 2887 2905 2905 2887 2904 
2708 2905 2709 2708 2889 2905 2889 2888 2905 
2711 2889 2708 2890 2889 2711 2713 2890 2711 
2891 2890 2713 2714 2891 2713 2714 2906 2891 
2906 2892 2891 2893 2892 2907 2907 2892 2906 
2908 2909 2894 2908 2894 2907 2907 2894 2893 
2895 2894 2909 2910 2911 2912 2910 2913 2914 
2911 2910 2914 2913 2915 2916 2914 2913 2916 
2898 2916 2915 2898 2915 2896 2896 2915 2917 
2716 2917 2717 2716 2899 2917 2899 2896 2917 
2719 2899 2716 2900 2899 2719 2721 2900 2719 
2901 2900 2721 2723 2901 2721 2902 2901 2723 
2725 2902 2723 2903 2902 2725 2727 2903 2725 
2904 2903 2727 2729 2904 2727 2905 2904 2729 
2709 2905 2729 2714 2733 2906 2735 2906 2733 
2735 2918 2906 2918 2907 2906 2919 2908 2907 
2918 2919 2907 2920 2921 2922 2912 2921 2920 
2912 2920 2910 2910 2920 2923 2913 2910 2924 
2924 2910 2923 2737 2924 2738 2737 2915 2924 
2915 2913 2924 2740 2915 2737 2917 2915 2740 
2717 2917 2740 2735 2752 2918 2918 2752 2754 
2918 2754 2919 2919 2754 2925 2756 2926 2927 
2757 2756 2927 2922 2759 2920 2922 2926 2759 
2926 2756 2759 2761 2920 2759 2923 2920 2761 
2763 2923 2761 2924 2923 2763 2738 2924 2763 
2776 2928 2929 2775 2928 2776 2925 2754 2776 
2929 2925 2776 2757 2927 2777 2927 2930 2777 
2775 2779 2928 2928 2779 2931 2780 2932 2933 
2781 2780 2933 2930 2780 2777 2932 2780 2930 
2934 2935 2936 2934 2937 2938 2936 2937 2934 
2938 2939 2940 2937 2939 2938 2939 2941 2940 
2783 2942 2943 2782 2942 2783 2931 2779 2783 
2943 2931 2783 2781 2933 2784 2933 2944 2784 
2945 2946 2947 2945 2948 2949 2947 2948 2945 
2935 2949 2948 2935 2934 2949 2934 2950 2949 
2938 2951 2934 2951 2950 2934 2940 2952 2938 
2952 2951 2938 2953 2940 2941 2953 2954 2940 
2954 2952 2940 2954 2786 2785 2954 2953 2786 
2953 2955 2786 2942 2782 2786 2955 2942 2786 
2787 2956 2788 2787 2957 2956 2787 2784 2957 
2784 2944 2957 2958 2959 2960 2958 2961 2962 
2960 2961 2958 2946 2962 2961 2945 2962 2946 
2945 2790 2962 2945 2791 2790 2792 2791 2945 
2949 2792 2945 2794 2792 2949 2950 2794 2949 
2796 2794 2950 2951 2796 2950 2798 2796 2951 
2952 2798 2951 2800 2798 2952 2954 2800 2952 
2785 2800 2954 2956 2963 2964 2956 2964 2788 
2788 2964 2803 2957 2963 2956 2965 2966 2967 
2959 2965 2967 2958 2965 2959 2958 2805 2965 
2958 2806 2805 2807 2806 2958 2962 2807 2958 
2790 2807 2962 2810 2968 2969 2811 2810 2969 
2964 2810 2803 2968 2810 2964 2970 2971 2972 
2970 2973 2974 2972 2973 2970 2966 2974 2973 
2965 2974 2966 2965 2813 2974 2965 2814 2813 
2805 2814 2965 2975 2976 2816 2975 2816 2969 
2969 2816 2811 2976 2977 2978 2975 2977 2976 
2978 2979 2980 2977 2979 2978 2980 2981 2982 
2979 2981 2980 2982 2983 2984 2981 2983 2982 
2984 2985 2986 2983 2985 2984 2986 2987 2988 
2985 2987 2986 2971 2988 2987 2970 2988 2971 
2970 2818 2988 2970 2819 2818 2820 2819 2970 
2974 2820 2970 2813 2820 2974 2816 2976 2821 
2822 2821 2976 2978 2822 2976 2823 2822 2978 
2980 2823 2978 2824 2823 2980 2982 2824 2980 
2826 2824 2982 2984 2826 2982 2828 2826 2984 
2986 2828 2984 2830 2828 2986 2988 2830 2986 
2818 2830 2988 2832 2989 2990 2833 2832 2990 
2834 2991 2992 2834 2992 2832 2832 2992 2989 
2991 2993 2994 2992 2991 2994 2993 2995 2996 
2994 2993 2996 2995 2997 2998 2996 2995 2998 
2997 2999 3000 2998 2997 3000 2999 3001 3002 
3000 2999 3002 3001 3003 3004 3002 3001 3004 
3004 3003 3005 3006 3007 3008 3006 3009 3010 
3007 3006 3010 3009 2837 2836 3009 2836 3010 
3010 2836 3011 2839 3012 2836 2836 3012 3011 
2990 2839 2833 3012 2839 2990 2834 2841 2991 
2844 2991 2841 2993 2991 2844 2846 2993 2844 
2995 2993 2846 2847 2995 2846 2847 3013 2995 
3013 2997 2995 2999 2997 3014 3014 2997 3013 
3001 2999 3015 3015 2999 3014 3003 3001 3016 
3016 3001 3015 3017 3005 3003 3016 3017 3003 
3018 3019 3020 3008 3019 3018 3006 3008 3018 
3006 3018 2850 3006 2850 2849 2852 3006 2849 
3009 3006 2852 2837 3009 2852 2847 2859 3013 
2862 3013 2859 3014 3013 2862 2863 3014 2862 
2863 3021 3014 3021 3015 3014 3022 3023 3016 
3022 3016 3021 3021 3016 3015 3017 3016 3023 
3024 3025 3026 3024 3027 3028 3025 3024 3028 
3027 3029 3030 3028 3027 3030 3020 3030 3029 
3018 3020 3029 3018 3029 2866 3018 2866 2865 
2850 3018 2865 2863 2877 3021 3021 2877 2879 
3021 2879 3022 3022 2879 3031 3032 3033 3034 
3026 3033 3032 3026 3032 3024 3024 3032 3035 
3027 3024 3036 3036 3024 3035 2881 3036 2882 
2881 3029 3036 3029 3027 3036 2866 3029 2881 
2879 2895 3031 3031 2895 3037 3038 3039 3040 
3034 3039 3038 3034 3038 3032 3032 3038 3041 
3035 3032 3042 3042 3032 3041 2897 3042 2898 
2897 3036 3042 3036 3035 3042 2882 3036 2897 
2909 2908 3043 2909 3043 3044 2909 3044 2895 
2895 3044 3037 2911 3038 3040 2911 3040 2912 
2912 3040 3045 2914 3038 2911 3041 3038 2914 
2916 3041 2914 3042 3041 2916 2898 3042 2916 
3043 3046 3047 3043 2908 3046 2908 2919 3046 
3044 3043 3047 2921 3048 3049 2922 2921 3049 
3045 2921 2912 3048 2921 3045 3050 3051 3052 
3050 3052 3046 3050 3046 2925 2925 3046 2919 
2926 3053 2927 2926 3054 3053 2926 2922 3054 
2922 3049 3054 2929 3051 3050 2929 2928 3051 
2928 3055 3051 2925 2929 3050 3053 3056 3057 
3053 3057 2927 2927 3057 2930 3054 3056 3053 
3058 3059 3060 3058 3061 3062 3060 3061 3058 
3062 3063 3064 3061 3063 3062 3064 3065 3066 
3063 3065 3064 3065 3067 3066 3068 3069 3070 
3068 3070 3055 3068 3055 2931 2931 3055 2928 
2932 3071 2933 2932 3072 3071 2932 2930 3072 
2930 3057 3072 3073 3074 3075 3073 3076 3077 
3075 3076 3073 3059 3077 3076 3058 3077 3059 
3058 2935 3077 3058 2936 2935 2937 2936 3058 
3062 2937 3058 2939 2937 3062 3064 2939 3062 
2941 2939 3064 2941 3064 3078 3078 3064 3066 
3079 3066 3067 3079 3080 3066 3080 3078 3066 
3069 3080 3079 3068 3080 3069 3068 2942 3080 
3068 2943 2942 2931 2943 3068 3071 3081 2944 
2933 3071 2944 3082 3071 3072 3081 3071 3082 
3083 3084 3085 3074 3083 3085 3073 3083 3074 
3073 2946 3083 3073 2947 2946 2948 2947 3073 
3077 2948 3073 2935 2948 3077 2941 3078 2953 
2955 2953 3078 3080 2955 3078 2942 2955 3080 
3081 3086 3087 3081 3087 2944 2944 3087 2957 
3082 3086 3081 3088 3089 3090 3088 2960 2959 
3088 3090 2960 3090 3091 2960 3084 3083 2961 
3084 2961 3091 3091 2961 2960 2946 2961 3083 
2963 3092 3093 2964 2963 3093 3087 2963 2957 
3092 2963 3087 3094 3095 3096 3094 3097 3098 
3096 3097 3094 3098 3099 3100 3097 3099 3098 
3089 3100 3099 3088 3100 3089 3088 2966 3100 
3088 2967 2966 2959 2967 3088 2968 3101 2969 
3102 2964 3093 3102 3101 2964 3102 3103 3101 
3101 2968 2964 3103 3104 3105 3102 3104 3103 
3105 3106 3107 3104 3106 3105 3107 3108 3109 
3106 3108 3107 3109 3110 3111 3108 3110 3109 
3095 3111 3110 3095 3094 3111 3094 3112 3111 
2972 2971 3112 2972 3112 3098 3098 3112 3094 
2973 2972 3098 3100 2973 3098 2966 2973 3100 
2969 3101 2975 2977 2975 3101 3103 2977 3101 
2979 2977 3103 3105 2979 3103 2981 2979 3105 
3107 2981 3105 2983 2981 3107 3109 2983 3107 
2985 2983 3109 3111 2985 3109 2987 2985 3111 
3112 2987 3111 2971 2987 3112 3113 3114 3115 
3113 3116 3117 3114 3113 3117 3117 3116 3118 
2989 3119 2990 3120 3119 2989 3120 2989 3121 
3121 2989 2992 2994 3122 2992 2992 3122 3121 
2996 3123 2994 2994 3123 3122 2998 3124 2996 
2996 3124 3123 3000 3125 2998 2998 3125 3124 
3002 3126 3000 3000 3126 3125 3004 3127 3002 
3002 3127 3126 3127 3004 3005 3128 3127 3005 
3129 3130 3131 3115 3130 3129 3115 3129 3113 
3113 3129 3132 3116 3113 3133 3133 3113 3132 
3008 3007 3134 3008 3134 3116 3008 3116 3133 
3118 3116 3134 3010 3135 3007 3007 3135 3134 
3011 3136 3010 3010 3136 3135 3012 3137 3011 
3011 3137 3136 3119 3012 2990 3119 3138 3012 
3138 3137 3012 3120 3138 3119 3005 3017 3128 
3128 3017 3139 3140 3129 3131 3141 3140 3131 
3132 3129 3142 3142 3129 3140 3019 3142 3020 
3019 3133 3142 3133 3132 3142 3008 3133 3019 
3023 3022 3143 3023 3143 3144 3023 3144 3017 
3017 3144 3139 3025 3145 3146 3026 3025 3146 
3141 3028 3140 3141 3145 3028 3145 3025 3028 
3030 3140 3028 3142 3140 3030 3020 3142 3030 
3143 3031 3147 3022 3031 3143 3148 3144 3143 
3147 3148 3143 3033 3149 3150 3034 3033 3150 
3146 3033 3026 3149 3033 3146 3147 3151 3152 
3147 3031 3151 3031 3037 3151 3148 3147 3152 
3039 3153 3154 3040 3039 3154 3150 3039 3034 
3153 3039 3150 3155 3156 3157 3155 3157 3151 
3155 3151 3044 3044 3151 3037 3040 3154 3045 
3154 3158 3045 3047 3156 3155 3047 3046 3156 
3046 3159 3156 3044 3047 3155 3048 3160 3161 
3049 3048 3161 3158 3048 3045 3160 3048 3158 
3162 3163 3164 3162 3165 3166 3164 3165 3162 
3166 3167 3168 3165 3167 3166 3167 3169 3168 
3052 3170 3171 3051 3170 3052 3159 3046 3052 
3171 3159 3052 3049 3161 3054 3161 3172 3054 
3173 3174 3175 3163 3173 3175 3163 3162 3173 
3162 3176 3173 3166 3177 3162 3177 3176 3162 
3168 3178 3166 3178 3177 3166 3179 3168 3169 
3179 3180 3168 3180 3178 3168 3180 3181 3182 
3179 3181 3180 3182 3181 3170 3182 3170 3055 
3055 3170 3051 3056 3183 3057 3056 3184 3183 
3056 3054 3184 3054 3172 3184 3185 3186 3187 
3185 3188 3189 3187 3188 3185 3174 3189 3188 
3173 3189 3174 3173 3059 3189 3173 3060 3059 
3061 3060 3173 3176 3061 3173 3063 3061 3176 
3177 3063 3176 3065 3063 3177 3178 3065 3177 
3067 3065 3178 3067 3178 3190 3190 3178 3180 
3070 3069 3190 3070 3190 3182 3182 3190 3180 
3055 3070 3182 3183 3191 3192 3183 3192 3057 
3057 3192 3072 3184 3191 3183 3193 3194 3195 
3186 3193 3195 3185 3193 3186 3185 3074 3193 
3185 3075 3074 3076 3075 3185 3189 3076 3185 
3059 3076 3189 3067 3190 3079 3069 3079 3190 
3196 3197 3082 3196 3082 3192 3192 3082 3072 
3196 3198 3197 3199 3200 3201 3199 3202 3203 
3201 3202 3199 3194 3203 3202 3193 3203 3194 
3193 3084 3203 3193 3085 3084 3074 3085 3193 
3086 3204 3087 3086 3205 3204 3082 3205 3086 
3082 3206 3205 3082 3197 3206 3198 3206 3197 
3207 3208 3209 3207 3210 3211 3209 3210 3207 
3211 3212 3213 3210 3212 3211 3200 3213 3212 
3199 3213 3200 3199 3089 3213 3199 3090 3089 
3091 3090 3199 3203 3091 3199 3084 3091 3203 
3092 3214 3093 3092 3087 3204 3092 3204 3214 
3214 3204 3215 3216 3204 3205 3216 3217 3204 
3217 3215 3204 3217 3218 3219 3216 3218 3217 
3219 3220 3221 3218 3220 3219 3208 3221 3220 
3207 3221 3208 3207 3095 3221 3207 3096 3095 
3097 3096 3207 3211 3097 3207 3099 3097 3211 
3213 3099 3211 3089 3099 3213 3093 3214 3102 
3104 3102 3214 3215 3104 3214 3106 3104 3215 
3217 3106 3215 3108 3106 3217 3219 3108 3217 
3110 3108 3219 3221 3110 3219 3095 3110 3221 
3114 3222 3115 3223 3222 3114 3223 3114 3224 
3224 3114 3117 3224 3117 3118 3225 3224 3118 
3121 3226 3120 3227 3226 3121 3227 3121 3228 
3228 3121 3122 3123 3229 3122 3122 3229 3228 
3124 3230 3123 3123 3230 3229 3125 3231 3124 
3124 3231 3230 3232 3233 3231 3232 3231 3126 
3126 3231 3125 3126 3127 3234 3232 3126 3234 
3127 3128 3234 3130 3235 3131 3130 3236 3235 
3115 3236 3130 3115 3237 3236 3115 3222 3237 
3223 3237 3222 3118 3238 3225 3134 3238 3118 
3135 3239 3134 3134 3239 3238 3136 3240 3135 
3135 3240 3239 3137 3241 3136 3136 3241 3240 
3138 3242 3137 3137 3242 3241 3226 3138 3120 
3226 3243 3138 3243 3242 3138 3227 3243 3226 
3244 3233 3232 3245 3233 3244 3234 3246 3232 
3246 3244 3232 3128 3139 3246 3234 3128 3246 
3235 3247 3248 3235 3248 3131 3131 3248 3141 
3236 3247 3235 3249 3245 3244 3250 3245 3249 
3246 3251 3244 3251 3249 3244 3139 3144 3251 
3246 3139 3251 3145 3252 3253 3146 3145 3253 
3248 3145 3141 3252 3145 3248 3254 3250 3249 
3255 3250 3254 3251 3256 3249 3256 3254 3249 
3144 3148 3256 3251 3144 3256 3149 3257 3150 
3149 3258 3257 3149 3146 3258 3146 3253 3258 
3259 3260 3261 3259 3262 3263 3261 3262 3259 
3263 3264 3265 3262 3264 3263 3265 3266 3267 
3264 3266 3265 3255 3267 3266 3255 3254 3267 
3254 3268 3267 3152 3151 3268 3152 3268 3256 
3256 3268 3254 3148 3152 3256 3153 3269 3154 
3153 3270 3269 3150 3270 3153 3150 3271 3270 
3150 3257 3271 3258 3271 3257 3272 3273 3274 
3260 3272 3274 3260 3259 3272 3259 3275 3272 
3263 3276 3259 3276 3275 3259 3265 3277 3263 
3277 3276 3263 3267 3278 3265 3278 3277 3265 
3157 3156 3278 3157 3278 3268 3268 3278 3267 
3151 3157 3268 3269 3279 3158 3154 3269 3158 
3280 3269 3270 3279 3269 3280 3281 3282 3283 
3273 3281 3283 3273 3272 3281 3272 3284 3281 
3275 3285 3272 3285 3284 3272 3276 3286 3275 
3286 3285 3275 3277 3287 3276 3287 3286 3276 
3278 3288 3277 3288 3287 3277 3156 3159 3288 
3278 3156 3288 3160 3289 3161 3160 3290 3289 
3158 3290 3160 3158 3291 3290 3158 3279 3291 
3280 3291 3279 3292 3293 3294 3292 3295 3296 
3294 3295 3292 3282 3296 3295 3281 3296 3282 
3281 3163 3296 3281 3164 3163 3165 3164 3281 
3284 3165 3281 3167 3165 3284 3285 3167 3284 
3169 3167 3285 3169 3285 3297 3297 3285 3286 
3287 3298 3286 3298 3297 3286 3171 3170 3298 
3171 3298 3288 3288 3298 3287 3159 3171 3288 
3289 3299 3172 3161 3289 3172 3300 3289 3290 
3299 3289 3300 3301 3302 3303 3293 3301 3303 
3293 3292 3301 3292 3304 3301 3175 3174 3304 
3175 3304 3296 3296 3304 3292 3163 3175 3296 
3169 3297 3179 3181 3179 3297 3298 3181 3297 
3170 3181 3298 3299 3305 3184 3172 3299 3184 
3306 3299 3300 3305 3299 3306 3307 3308 3309 
3307 3310 3311 3309 3310 3307 3302 3311 3310 
3301 3311 3302 3301 3186 3311 3301 3187 3186 
3188 3187 3301 3304 3188 3301 3174 3188 3304 
3191 3312 3192 3191 3313 3312 3184 3313 3191 
3184 3314 3313 3184 3305 3314 3306 3314 3305 
3315 3316 3317 3308 3315 3317 3308 3307 3315 
3307 3318 3315 3195 3194 3318 3195 3318 3311 
3311 3318 3307 3186 3195 3311 3192 3312 3196 
3312 3198 3196 3312 3313 3198 3313 3319 3198 
3320 3321 3322 3320 3323 3324 3322 3323 3320 
3324 3325 3326 3323 3325 3324 3316 3326 3325 
3315 3326 3316 3315 3200 3326 3315 3201 3200 
3202 3201 3315 3318 3202 3315 3194 3202 3318 
3206 3327 3205 3328 3198 3319 3328 3327 3198 
3328 3329 3327 3327 3206 3198 3329 3330 3331 
3328 3330 3329 3321 3331 3330 3320 3331 3321 
3320 3208 3331 3320 3209 3208 3210 3209 3320 
3324 3210 3320 3212 3210 3324 3326 3212 3324 
3200 3212 3326 3205 3327 3216 3218 3216 3327 
3329 3218 3327 3220 3218 3329 3331 3220 3329 
3208 3220 3331 3224 3332 3223 3224 3225 3332 
3228 3333 3334 3227 3228 3334 3229 3335 3228 
3228 3335 3333 3230 3336 3229 3229 3336 3335 
3337 3338 3336 3337 3336 3231 3231 3336 3230 
3231 3233 3337 3237 3339 3236 3237 3340 3339 
3223 3340 3237 3223 3341 3340 3223 3332 3341 
3342 3343 3341 3238 3342 3341 3238 3341 3332 
3238 3332 3225 3238 3239 3344 3342 3238 3344 
3239 3240 3345 3344 3239 3345 3240 3241 3346 
3345 3240 3346 3241 3242 3347 3346 3241 3347 
3348 3347 3242 3348 3242 3349 3349 3242 3243 
3334 3243 3227 3349 3243 3334 3350 3351 3352 
3338 3350 3352 3338 3337 3350 3337 3353 3350 
3233 3245 3353 3337 3233 3353 3247 3354 3248 
3247 3355 3354 3236 3355 3247 3236 3356 3355 
3236 3339 3356 3340 3356 3339 3342 3357 3343 
3357 3358 3359 3357 3342 3358 3342 3344 3358 
3345 3360 3344 3360 3358 3344 3361 3346 3362 
3361 3360 3346 3360 3345 3346 3347 3362 3346 
3363 3362 3347 3348 3363 3347 3364 3365 3366 
3364 3367 3368 3366 3367 3364 3351 3368 3367 
3351 3350 3368 3350 3369 3368 3353 3370 3350 
3370 3369 3350 3245 3250 3370 3353 3245 3370 
3252 3371 3253 3252 3372 3371 3248 3372 3252 
3248 3373 3372 3248 3354 3373 3355 3373 3354 
3358 3374 3359 3360 3374 3358 3375 3374 3360 
3361 3375 3360 3376 3377 3378 3376 3379 3380 
3378 3379 3376 3365 3380 3379 3365 3364 3380 
3364 3381 3380 3368 3382 3364 3382 3381 3364 
3369 3383 3368 3383 3382 3368 3370 3384 3369 
3384 3383 3369 3250 3255 3384 3370 3250 3384 
3371 3385 3386 3371 3386 3253 3253 3386 3258 
3372 3385 3371 3387 3388 3389 3377 3387 3389 
3377 3376 3387 3376 3390 3387 3380 3391 3376 
3391 3390 3376 3261 3260 3391 3261 3391 3381 
3381 3391 3380 3262 3261 3381 3382 3262 3381 
3264 3262 3382 3383 3264 3382 3266 3264 3383 
3384 3266 3383 3255 3266 3384 3271 3392 3270 
3271 3393 3392 3271 3258 3393 3258 3386 3393 
3394 3388 3387 3395 3388 3394 3390 3396 3387 
3396 3394 3387 3274 3273 3396 3274 3396 3391 
3391 3396 3390 3260 3274 3391 3392 3397 3398 
3392 3398 3270 3270 3398 3280 3393 3397 3392 
3399 3400 3401 3395 3399 3401 3395 3394 3399 
3394 3402 3399 3283 3282 3402 3283 3402 3396 
3396 3402 3394 3273 3283 3396 3291 3403 3290 
3291 3404 3403 3291 3280 3404 3280 3398 3404 
3405 3406 3407 3400 3405 3407 3399 3405 3400 
3399 3293 3405 3399 3294 3293 3295 3294 3399 
3402 3295 3399 3282 3295 3402 3403 3408 3300 
3290 3403 3300 3409 3403 3404 3408 3403 3409 
3410 3411 3412 3410 3413 3414 3412 3413 3410 
3406 3414 3413 3405 3414 3406 3405 3302 3414 
3405 3303 3302 3293 3303 3405 3408 3415 3306 
3300 3408 3306 3416 3408 3409 3415 3408 3416 
3417 3418 3419 3411 3417 3419 3410 3417 3411 
3410 3308 3417 3410 3309 3308 3310 3309 3410 
3414 3310 3410 3302 3310 3414 3314 3420 3313 
3314 3421 3420 3306 3421 3314 3306 3422 3421 
3306 3415 3422 3422 3423 3424 3422 3415 3423 
3425 3423 3416 3416 3423 3415 3423 3426 3427 
3425 3426 3423 3427 3428 3429 3426 3428 3427 
3418 3429 3428 3417 3429 3418 3417 3316 3429 
3417 3317 3316 3308 3317 3417 3420 3430 3319 
3313 3420 3319 3431 3420 3421 3431 3432 3420 
3432 3430 3420 3424 3432 3431 3423 3432 3424 
3423 3321 3432 3423 3322 3321 3323 3322 3423 
3427 3323 3423 3325 3323 3427 3429 3325 3427 
3316 3325 3429 3319 3430 3328 3330 3328 3430 
3432 3330 3430 3321 3330 3432 3333 3433 3334 
3333 3335 3434 3433 3333 3434 3335 3336 3435 
3434 3335 3435 3336 3338 3435 3341 3436 3340 
3341 3343 3436 3349 3437 3348 3349 3334 3433 
3349 3433 3437 3437 3433 3438 3434 3439 3433 
3439 3438 3433 3352 3351 3439 3352 3439 3435 
3435 3439 3434 3338 3352 3435 3356 3440 3355 
3356 3340 3436 3356 3436 3440 3440 3436 3441 
3343 3357 3442 3343 3442 3436 3436 3442 3441 
3357 3359 3442 3362 3443 3361 3362 3363 3444 
3443 3362 3444 3363 3348 3437 3363 3437 3444 
3444 3437 3445 3366 3365 3445 3366 3445 3438 
3438 3445 3437 3367 3366 3438 3439 3367 3438 
3351 3367 3439 3373 3446 3372 3373 3447 3446 
3355 3447 3373 3355 3448 3447 3355 3440 3448 
3448 3449 3450 3448 3440 3449 3440 3441 3449 
3442 3451 3441 3451 3449 3441 3359 3374 3452 
3359 3452 3442 3442 3452 3451 3374 3375 3453 
3452 3374 3453 3375 3361 3443 3375 3443 3453 
3453 3443 3454 3378 3377 3454 3378 3454 3444 
3444 3454 3443 3379 3378 3444 3445 3379 3444 
3365 3379 3445 3385 3455 3386 3385 3456 3455 
3372 3456 3385 3372 3457 3456 3372 3446 3457 
3457 3458 3459 3457 3446 3458 3460 3458 3447 
3447 3458 3446 3450 3458 3460 3450 3449 3458 
3449 3461 3458 3451 3462 3449 3462 3461 3449 
3452 3463 3451 3463 3462 3451 3453 3464 3452 
3464 3463 3452 3389 3388 3464 3389 3464 3454 
3454 3464 3453 3377 3389 3454 3455 3465 3393 
3386 3455 3393 3466 3455 3456 3465 3455 3466 
3467 3459 3458 3468 3459 3467 3461 3469 3458 
3469 3467 3458 3462 3470 3461 3470 3469 3461 
3463 3471 3462 3471 3470 3462 3464 3472 3463 
3472 3471 3463 3388 3395 3472 3464 3388 3472 
3397 3473 3398 3397 3474 3473 3393 3474 3397 
3393 3475 3474 3393 3465 3475 3475 3476 3477 
3475 3465 3476 3478 3476 3466 3466 3476 3465 
3468 3476 3478 3468 3467 3476 3467 3479 3476 
3469 3480 3467 3480 3479 3467 3470 3481 3469 
3481 3480 3469 3471 3482 3470 3482 3481 3470 
3401 3400 3482 3401 3482 3472 3472 3482 3471 
3395 3401 3472 3473 3483 3404 3398 3473 3404 
3484 3473 3474 3483 3473 3484 3485 3477 3476 
3486 3477 3485 3479 3487 3476 3487 3485 3476 
3480 3488 3479 3488 3487 3479 3481 3489 3480 
3489 3488 3480 3407 3406 3489 3407 3489 3482 
3482 3489 3481 3400 3407 3482 3483 3490 3409 
3404 3483 3409 3491 3483 3484 3491 3492 3483 
3492 3490 3483 3486 3492 3491 3486 3485 3492 
3485 3493 3492 3487 3494 3485 3494 3493 3485 
3412 3411 3494 3412 3494 3488 3488 3494 3487 
3413 3412 3488 3489 3413 3488 3406 3413 3489 
3490 3495 3416 3409 3490 3416 3492 3496 3490 
3496 3495 3490 3493 3497 3492 3497 3496 3492 
3419 3418 3497 3419 3497 3494 3494 3497 3493 
3411 3419 3494 3422 3498 3421 3425 3416 3495 
3424 3498 3422 3426 3425 3495 3496 3426 3495 
3428 3426 3496 3497 3428 3496 3418 3428 3497 
3421 3498 3431 3424 3431 3498 3448 3499 3447 
3448 3450 3499 3457 3500 3456 3460 3447 3499 
3459 3500 3457 3450 3460 3499 3500 3501 3466 
3456 3500 3466 3459 3468 3501 3500 3459 3501 
3475 3502 3474 3478 3466 3501 3477 3502 3475 
3468 3478 3501 3502 3503 3484 3474 3502 3484 
3477 3486 3503 3502 3477 3503 3484 3503 3491 
3486 3491 3503 
CELL_DATA 7000
SCALARS Scalars float
LOOKUP_TABLE default
1 1 1 1 1 1 1 1 1 
1 1 1 1 1 1 1 1 1 
1 1 1 1 1 1 1 1 1 
1 1 1 1 1 1 1 1 1 
1 1 1 1 1 1 1 1 1 
1 1 1 1 1 1 1 1 1 
1 1 1 1 1 1 1 1 1 
1 1 1 1 1 1 1 1 1 
1 1 1 1 1 1 1 1 1 
1 1 1 1 1 1 1 1 1 
1 1 1 1 1 1 1 1 1 
1 1 1 1 1 1 1 1 1 
1 1 1 1 1 1 1 1 1 
1 1 1 1 1 1 1 1 1 
1 1 1 1 1 1 1 1 1 
1 1 1 1 1 1 1 1 1 
1 1 1 1 1 1 1 1 1 
1 1 1 1 1 1 1 1 1 
1 1 1 1 1 1 1 1 1 
1 1 1 1 1 1 1 1 1 
1 1 1 1 1 1 1 1 1 
1 1 1 1 1 1 1 1 1 
1 1 1 1 1 1 1 1 1 
1 1 1 1 1 1 1 1 1 
1 1 1 1 1 1 1 1 1 
1 1 1 1 1 1 1 1 1 
1 1 1 1 1 1 1 1 1 
1 1 1 1 1 1 1 1 1 
1 1 1 1 1 1 1 1 1 
1 1 1 1 1 1 1 1 1 
1 1 1 1 1 1 1 1 1 
1 1 1 1 1 1 1 1 1 
1 1 1 1 1 1 1 1 1 
1 1 1 1 1 1 1 1 1 
1 1 1 1 1 1 1 1 1 
1 1 1 1 1 1 1 1 1 
1 1 1 1 1 1 1 1 1 
1 1 1 1 1 1 1 1 1 
1 1 1 1 1 1 1 1 1 
1 1 1 1 1 1 1 1 1 
1 1 1 1 1 1 1 1 1 
1 1 1 1 1 1 1 1 1 
1 1 1 1 1 1 1 1 1 
1 1 1 1 1 1 1 1 1 
1 1 1 1 1 1 1 1 1 
1 1 1 1 1 1 1 1 1 
1 1 1 1 1 1 1 1 1 
1 1 1 1 1 1 1 1 1 
1 1 1 1 1 1 1 1 1 
1 1 1 1 1 1 1 1 1 
1 1 1 1 1 1 1 1 1 
1 1 1 1 1 1 1 1 1 
1 1 1 1 1 1 1 1 1 
1 1 1 1 1 1 1 1 1 
1 1 1 1 1 1 1 1 1 
1 1 1 1 1 1 1 1 1 
1 1 1 1 1 1 1 1 1 
1 1 1 1 1 1 1 1 1 
1 1 1 1 1 1 1 1 1 
1 1 1 1 1 1 1 1 1 
1 1 1 1 1 1 1 1 1 
1 1 1 1 1 1 1 1 1 
1 1 1 1 1 1 1 1 1 
1 1 1 1 1 1 1 1 1 
1 1 1 1 1 1 1 1 1 
1 1 1 1 1 1 1 1 1 
1 1 1 1 1 1 1 1 1 
1 1 1 1 1 1 1 1 1 
1 1 1 1 1 1 1 1 1 
1 1 1 1 1 1 1 1 1 
1 1 1 1 1 1 1 1 1 
1 1 1 1 1 1 1 1 1 
1 1 1 1 1 1 1 1 1 
1 1 1 1 1 1 1 1 1 
1 1 1 1 1 1 1 1 1 
1 1 1 1 1 1 1 1 1 
1 1 1 1 1 1 1 1 1 
1 1 1 1 1 1 1 1 1 
1 1 1 1 1 1 1 1 1 
1 1 1 1 1 1 1 1 1 
1 1 1 1 1 1 1 1 1 
1 1 1 1 1 1 1 1 1 
1 1 1 1 1 1 1 1 1 
1 1 1 1 1 1 1 1 1 
1 1 1 1 1 1 1 1 1 
1 1 1 1 1 1 1 1 1 
1 1 1 1 1 1 1 1 1 
1 1 1 1 1 1 1 1 1 
1 1 1 1 1 1 1 1 1 
1 1 1 1 1 1 1 1 1 
1 1 1 1 1 1 1 1 1 
1 1 1 1 1 1 1 1 1 
1 1 1 1 1 1 1 1 1 
1 1 1 1 1 1 1 1 1 
1 1 1 1 1 1 1 1 1 
1 1 1 1 1 1 1 1 1 
1 1 1 1 1 1 1 1 1 
1 1 1 1 1 1 1 1 1 
1 1 1 1 1 1 1 1 1 
1 1 1 1 1 1 1 1 1 
1 1 1 1 1 1 1 1 1 
1 1 1 1 1 1 1 1 1 
1 1 1 1 1 1 1 1 1 
1 1 1 1 1 1 1 1 1 
1 1 1 1 1 1 1 1 1 
1 1 1 1 1 1 1 1 1 
1 1 1 1 1 1 1 1 1 
1 1 1 1 1 1 1 1 1 
1 1 1 1 1 1 1 1 1 
1 1 1 1 1 1 1 1 1 
1 1 1 1 1 1 1 1 1 
1 1 1 1 1 1 1 1 1 
1 1 1 1 1 1 1 1 1 
1 1 1 1 1 1 1 1 1 
1 1 1 1 1 1 1 1 1 
1 1 1 1 1 1 1 1 1 
1 1 1 1 1 1 1 1 1 
1 1 1 1 1 1 1 1 1 
1 1 1 1 1 1 1 1 1 
1 1 1 1 1 1 1 1 1 
1 1 1 1 1 1 1 1 1 
1 1 1 1 1 1 1 1 1 
1 1 1 1 1 1 1 1 1 
1 1 1 1 1 1 1 1 1 
1 1 1 1 1 1 1 1 1 
1 1 1 1 1 1 1 1 1 
1 1 1 1 1 1 1 1 1 
1 1 1 1 1 1 1 1 1 
1 1 1 1 1 1 1 1 1 
1 1 1 1 1 1 1 1 1 
1 1 1 1 1 1 1 1 1 
1 1 1 1 1 1 1 1 1 
1 1 1 1 1 1 1 1 1 
1 1 1 1 1 1 1 1 1 
1 1 1 1 1 1 1 1 1 
1 1 1 1 1 1 1 1 1 
1 1 1 1 1 1 1 1 1 
1 1 1 1 1 1 1 1 1 
1 1 1 1 1 1 1 1 1 
1 1 1 1 1 1 1 1 1 
1 1 1 1 1 1 1 1 1 
1 1 1 1 1 1 1 1 1 
1 1 1 1 1 1 1 1 1 
1 1 1 1 1 1 1 1 1 
1 1 1 1 1 1 1 1 1 
1 1 1 1 1 1 1 1 1 
1 1 1 1 1 1 1 1 1 
1 1 1 1 1 1 1 1 1 
1 1 1 1 1 1 1 1 1 
1 1 1 1 1 1 1 1 1 
1 1 1 1 1 1 1 1 1 
1 1 1 1 1 1 1 1 1 
1 1 1 1 1 1 1 1 1 
1 1 1 1 1 1 1 1 1 
1 1 1 1 1 1 1 1 1 
1 1 1 1 1 1 1 1 1 
1 1 1 1 1 1 1 1 1 
1 1 1 1 1 1 1 1 1 
1 1 1 1 1 1 1 1 1 
1 1 1 1 1 1 1 1 1 
1 1 1 1 1 1 1 1 1 
1 1 1 1 1 1 1 1 1 
1 1 1 1 1 1 1 1 1 
1 1 1 1 1 1 1 1 1 
1 1 1 1 1 1 1 1 1 
1 1 1 1 1 1 1 1 1 
1 1 1 1 1 1 1 1 1 
1 1 1 1 1 1 1 1 1 
1 1 1 1 1 1 1 1 1 
1 1 1 1 1 1 1 1 1 
1 1 1 1 1 1 1 1 1 
1 1 1 1 1 1 1 1 1 
1 1 1 1 1 1 1 1 1 
1 1 1 1 1 1 1 1 1 
1 1 1 1 1 1 1 1 1 
1 1 1 1 1 1 1 1 1 
1 1 1 1 1 1 1 1 1 
1 1 1 1 1 1 1 1 1 
1 1 1 1 1 1 1 1 1 
1 1 1 1 1 1 1 1 1 
1 1 1 1 1 1 1 1 1 
1 1 1 1 1 1 1 1 1 
1 1 1 1 1 1 1 1 1 
1 1 1 1 1 1 1 1 1 
1 1 1 1 1 1 1 1 1 
1 1 1 1 1 1 1 1 1 
1 1 1 1 1 1 1 1 1 
1 1 1 1 1 1 1 1 1 
1 1 1 1 1 1 1 1 1 
1 1 1 1 1 1 1 1 1 
1 1 1 1 1 1 1 1 1 
1 1 1 1 1 1 1 1 1 
1 1 1 1 1 1 1 1 1 
1 1 1 1 1 1 1 1 1 
1 1 1 1 1 1 1 1 1 
1 1 1 1 1 1 1 1 1 
1 1 1 1 1 1 1 1 1 
1 1 1 1 1 1 1 1 1 
1 1 1 1 1 1 1 1 1 
1 1 1 1 1 1 1 1 1 
1 1 1 1 1 1 1 1 1 
1 1 1 1 1 1 1 1 1 
1 1 1 1 1 1 1 1 1 
1 1 1 1 1 1 1 1 1 
1 1 1 1 1 1 1 1 1 
1 1 1 1 1 1 1 1 1 
1 1 1 1 1 1 1 1 1 
1 1 1 1 1 1 1 1 1 
1 1 1 1 1 1 1 1 1 
1 1 1 1 1 1 1 1 1 
1 1 1 1 1 1 1 1 1 
1 1 1 1 1 1 1 1 1 
1 1 1 1 1 1 1 1 1 
1 1 1 1 1 1 1 1 1 
1 1 1 1 1 1 1 1 1 
1 1 1 1 1 1 1 1 1 
1 1 1 1 1 1 1 1 1 
1 1 1 1 1 1 1 1 1 
1 1 1 1 1 1 1 1 1 
1 1 1 1 1 1 1 1 1 
1 1 1 1 1 1 1 1 1 
1 1 1 1 1 1 1 1 1 
1 1 1 1 1 1 1 1 1 
1 1 1 1 1 1 1 1 1 
1 1 1 1 1 1 1 1 1 
1 1 1 1 1 1 1 1 1 
1 1 1 1 1 1 1 1 1 
1 1 1 1 1 1 1 1 1 
1 1 1 1 1 1 1 1 1 
1 1 1 1 1 1 1 1 1 
1 1 1 1 1 1 1 1 1 
1 1 1 1 1 1 1 1 1 
1 1 1 1 1 1 1 1 1 
1 1 1 1 1 1 1 1 1 
1 1 1 1 1 1 1 1 1 
1 1 1 1 1 1 1 1 1 
1 1 1 1 1 1 1 1 1 
1 1 1 1 1 1 1 1 1 
1 1 1 1 1 1 1 1 1 
1 1 1 1 1 1 1 1 1 
1 1 1 1 1 1 1 1 1 
1 1 1 1 1 1 1 1 1 
1 1 1 1 1 1 1 1 1 
1 1 1 1 1 1 1 1 1 
1 1 1 1 1 1 1 1 1 
1 1 1 1 1 1 1 1 1 
1 1 1 1 1 1 1 1 1 
1 1 1 1 1 1 1 1 1 
1 1 1 1 1 1 1 1 1 
1 1 1 1 1 1 1 1 1 
1 1 1 1 1 1 1 1 1 
1 1 1 1 1 1 1 1 1 
1 1 1 1 1 1 1 1 1 
1 1 1 1 1 1 1 1 1 
1 1 1 1 1 1 1 1 1 
1 1 1 1 1 1 1 1 1 
1 1 1 1 1 1 1 1 1 
1 1 1 1 1 1 1 1 1 
1 1 1 1 1 1 1 1 1 
1 1 1 1 1 1 1 1 1 
1 1 1 1 1 1 1 1 1 
1 1 1 1 1 1 1 1 1 
1 1 1 1 1 1 1 1 1 
1 1 1 1 1 1 1 1 1 
1 1 1 1 1 1 1 1 1 
1 1 1 1 1 1 1 1 1 
1 1 1 1 1 1 1 1 1 
1 1 1 1 1 1 1 1 1 
1 1 1 1 1 1 1 1 1 
1 1 1 1 1 1 1 1 1 
1 1 1 1 1 1 1 1 1 
1 1 1 1 1 1 1 1 1 
1 1 1 1 1 1 1 1 1 
1 1 1 1 1 1 1 1 1 
1 1 1 1 1 1 1 1 1 
1 1 1 1 1 1 1 1 1 
1 1 1 1 1 1 1 1 1 
1 1 1 1 1 1 1 1 1 
1 1 1 1 1 1 1 1 1 
1 1 1 1 1 1 1 1 1 
1 1 1 1 1 1 1 1 1 
1 1 1 1 1 1 1 1 1 
1 1 1 1 1 1 1 1 1 
1 1 1 1 1 1 1 1 1 
1 1 1 1 1 1 1 1 1 
1 1 1 1 1 1 1 1 1 
1 1 1 1 1 1 1 1 1 
1 1 1 1 1 1 1 1 1 
1 1 1 1 1 1 1 1 1 
1 1 1 1 1 1 1 1 1 
1 1 1 1 1 1 1 1 1 
1 1 1 1 1 1 1 1 1 
1 1 1 1 1 1 1 1 1 
1 1 1 1 1 1 1 1 1 
1 1 1 1 1 1 1 1 1 
1 1 1 1 1 1 1 1 1 
1 1 1 1 1 1 1 1 1 
1 1 1 1 1 1 1 1 1 
1 1 1 1 1 1 1 1 1 
1 1 1 1 1 1 1 1 1 
1 1 1 1 1 1 1 1 1 
1 1 1 1 1 1 1 1 1 
1 1 1 1 1 1 1 1 1 
1 1 1 1 1 1 1 1 1 
1 1 1 1 1 1 1 1 1 
1 1 1 1 1 1 1 1 1 
1 1 1 1 1 1 1 1 1 
1 1 1 1 1 1 1 1 1 
1 1 1 1 1 1 1 1 1 
1 1 1 1 1 1 1 1 1 
1 1 1 1 1 1 1 1 1 
1 1 1 1 1 1 1 1 1 
1 1 1 1 1 1 1 1 1 
1 1 1 1 1 1 1 1 1 
1 1 1 1 1 1 1 1 1 
1 1 1 1 1 1 1 1 1 
1 1 1 1 1 1 1 1 1 
1 1 1 1 1 1 1 1 1 
1 1 1 1 1 1 1 1 1 
1 1 1 1 1 1 1 1 1 
1 1 1 1 1 1 1 1 1 
1 1 1 1 1 1 1 1 1 
1 1 1 1 1 1 1 1 1 
1 1 1 1 1 1 1 1 1 
1 1 1 1 1 1 1 1 1 
1 1 1 1 1 1 1 1 1 
1 1 1 1 1 1 1 1 1 
1 1 1 1 1 1 1 1 1 
1 1 1 1 1 1 1 1 1 
1 1 1 1 1 1 1 1 1 
1 1 1 1 1 1 1 1 1 
1 1 1 1 1 1 1 1 1 
1 1 1 1 1 1 1 1 1 
1 1 1 1 1 1 1 1 1 
1 1 1 1 1 1 1 1 1 
1 1 1 1 1 1 1 1 1 
1 1 1 1 1 1 1 1 1 
1 1 1 1 1 1 1 1 1 
1 1 1 1 1 1 1 1 1 
1 1 1 1 1 1 1 1 1 
1 1 1 1 1 1 1 1 1 
1 1 1 1 1 1 1 1 1 
1 1 1 1 1 1 1 1 1 
1 1 1 1 1 1 1 1 1 
1 1 1 1 1 1 1 1 1 
1 1 1 1 1 1 1 1 1 
1 1 1 1 1 1 1 1 1 
1 1 1 1 1 1 1 1 1 
1 1 1 1 1 1 1 1 1 
1 1 1 1 1 1 1 1 1 
1 1 1 1 1 1 1 1 1 
1 1 1 1 1 1 1 1 1 
1 1 1 1 1 1 1 1 1 
1 1 1 1 1 1 1 1 1 
1 1 1 1 1 1 1 1 1 
1 1 1 1 1 1 1 1 1 
1 1 1 1 1 1 1 1 1 
1 1 1 1 1 1 1 1 1 
1 1 1 1 1 1 1 1 1 
1 1 1 1 1 1 1 1 1 
1 1 1 1 1 1 1 1 1 
1 1 1 1 1 1 1 1 1 
1 1 1 1 1 1 1 1 1 
1 1 1 1 1 1 1 1 1 
1 1 1 1 1 1 1 1 1 
1 1 1 1 1 1 1 1 1 
1 1 1 1 1 1 1 1 1 
1 1 1 1 1 1 1 1 1 
1 1 1 1 1 1 1 1 1 
1 1 1 1 1 1 1 1 1 
1 1 1 1 1 1 1 1 1 
1 1 1 1 1 1 1 1 1 
1 1 1 1 1 1 1 1 1 
1 1 1 1 1 1 1 1 1 
1 1 1 1 1 1 1 1 1 
1 1 1 1 1 1 1 1 1 
1 1 1 1 1 1 1 1 1 
1 1 1 1 1 1 1 1 1 
1 1 1 1 1 1 1 1 1 
1 1 1 1 1 1 1 1 1 
1 1 1 1 1 1 1 1 1 
1 1 1 1 1 1 1 1 1 
1 1 1 1 1 1 1 1 1 
1 1 1 1 1 1 1 1 1 
1 1 1 1 1 1 1 1 1 
1 1 1 1 1 1 1 1 1 
1 1 1 1 1 1 1 1 1 
1 1 1 1 1 1 1 1 1 
1 1 1 1 1 1 1 1 1 
1 1 1 1 1 1 1 1 1 
1 1 1 1 1 1 1 1 1 
1 1 1 1 1 1 1 1 1 
1 1 1 1 1 1 1 1 1 
1 1 1 1 1 1 1 1 1 
1 1 1 1 1 1 1 1 1 
1 1 1 1 1 1 1 1 1 
1 1 1 1 1 1 1 1 1 
1 1 1 1 1 1 1 1 1 
1 1 1 1 1 1 1 1 1 
1 1 1 1 1 1 1 1 1 
1 1 1 1 1 1 1 1 1 
1 1 1 1 1 1 1 1 1 
1 1 1 1 1 1 1 1 1 
1 1 1 1 1 1 1 1 1 
1 1 1 1 1 1 1 1 1 
1 1 1 1 1 1 1 1 1 
1 1 1 1 1 1 1 1 1 
1 1 1 1 1 1 1 1 1 
1 1 1 1 1 1 1 1 1 
1 1 1 1 1 1 1 1 1 
1 1 1 1 1 1 1 1 1 
1 1 1 1 1 1 1 1 1 
1 1 1 1 1 1 1 1 1 
1 1 1 1 1 1 1 1 1 
1 1 1 1 1 1 1 1 1 
1 1 1 1 1 1 1 1 1 
1 1 1 1 1 1 1 1 1 
1 1 1 1 1 1 1 1 1 
1 1 1 1 1 1 1 1 1 
1 1 1 1 1 1 1 1 1 
1 1 1 1 1 1 1 1 1 
1 1 1 1 1 1 1 1 1 
1 1 1 1 1 1 1 1 1 
1 1 1 1 1 1 1 1 1 
1 1 1 1 1 1 1 1 1 
1 1 1 1 1 1 1 1 1 
1 1 1 1 1 1 1 1 1 
1 1 1 1 1 1 1 1 1 
1 1 1 1 1 1 1 1 1 
1 1 1 1 1 1 1 1 1 
1 1 1 1 1 1 1 1 1 
1 1 1 1 1 1 1 1 1 
1 1 1 1 1 1 1 1 1 
1 1 1 1 1 1 1 1 1 
1 1 1 1 1 1 1 1 1 
1 1 1 1 1 1 1 1 1 
1 1 1 1 1 1 1 1 1 
1 1 1 1 1 1 1 1 1 
1 1 1 1 1 1 1 1 1 
1 1 1 1 1 1 1 1 1 
1 1 1 1 1 1 1 1 1 
1 1 1 1 1 1 1 1 1 
1 1 1 1 1 1 1 1 1 
1 1 1 1 1 1 1 1 1 
1 1 1 1 1 1 1 1 1 
1 1 1 1 1 1 1 1 1 
1 1 1 1 1 1 1 1 1 
1 1 1 1 1 1 1 1 1 
1 1 1 1 1 1 1 1 1 
1 1 1 1 1 1 1 1 1 
1 1 1 1 1 1 1 1 1 
1 1 1 1 1 1 1 1 1 
1 1 1 1 1 1 1 1 1 
1 1 1 1 1 1 1 1 1 
1 1 1 1 1 1 1 1 1 
1 1 1 1 1 1 1 1 1 
1 1 1 1 1 1 1 1 1 
1 1 1 1 1 1 1 1 1 
1 1 1 1 1 1 1 1 1 
1 1 1 1 1 1 1 1 1 
1 1 1 1 1 1 1 1 1 
1 1 1 1 1 1 1 1 1 
1 1 1 1 1 1 1 1 1 
1 1 1 1 1 1 1 1 1 
1 1 1 1 1 1 1 1 1 
1 1 1 1 1 1 1 1 1 
1 1 1 1 1 1 1 1 1 
1 1 1 1 1 1 1 1 1 
1 1 1 1 1 1 1 1 1 
1 1 1 1 1 1 1 1 1 
1 1 1 1 1 1 1 1 1 
1 1 1 1 1 1 1 1 1 
1 1 1 1 1 1 1 1 1 
1 1 1 1 1 1 1 1 1 
1 1 1 1 1 1 1 1 1 
1 1 1 1 1 1 1 1 1 
1 1 1 1 1 1 1 1 1 
1 1 1 1 1 1 1 1 1 
1 1 1 1 1 1 1 1 1 
1 1 1 1 1 1 1 1 1 
1 1 1 1 1 1 1 1 1 
1 1 1 1 1 1 1 1 1 
1 1 1 1 1 1 1 1 1 
1 1 1 1 1 1 1 1 1 
1 1 1 1 1 1 1 1 1 
1 1 1 1 1 1 1 1 1 
1 1 1 1 1 1 1 1 1 
1 1 1 1 1 1 1 1 1 
1 1 1 1 1 1 1 1 1 
1 1 1 1 1 1 1 1 1 
1 1 1 1 1 1 1 1 1 
1 1 1 1 1 1 1 1 1 
1 1 1 1 1 1 1 1 1 
1 1 1 1 1 1 1 1 1 
1 1 1 1 1 1 1 1 1 
1 1 1 1 1 1 1 1 1 
1 1 1 1 1 1 1 1 1 
1 1 1 1 1 1 1 1 1 
1 1 1 1 1 1 1 1 1 
1 1 1 1 1 1 1 1 1 
1 1 1 1 1 1 1 1 1 
1 1 1 1 1 1 1 1 1 
1 1 1 1 1 1 1 1 1 
1 1 1 1 1 1 1 1 1 
1 1 1 1 1 1 1 1 1 
1 1 1 1 1 1 1 1 1 
1 1 1 1 1 1 1 1 1 
1 1 1 1 1 1 1 1 1 
1 1 1 1 1 1 1 1 1 
1 1 1 1 1 1 1 1 1 
1 1 1 1 1 1 1 1 1 
1 1 1 1 1 1 1 1 1 
1 1 1 1 1 1 1 1 1 
1 1 1 1 1 1 1 1 1 
1 1 1 1 1 1 1 1 1 
1 1 1 1 1 1 1 1 1 
1 1 1 1 1 1 1 1 1 
1 1 1 1 1 1 1 1 1 
1 1 1 1 1 1 1 1 1 
1 1 1 1 1 1 1 1 1 
1 1 1 1 1 1 1 1 1 
1 1 1 1 1 1 1 1 1 
1 1 1 1 1 1 1 1 1 
1 1 1 1 1 1 1 1 1 
1 1 1 1 1 1 1 1 1 
1 1 1 1 1 1 1 1 1 
1 1 1 1 1 1 1 1 1 
1 1 1 1 1 1 1 1 1 
1 1 1 1 1 1 1 1 1 
1 1 1 1 1 1 1 1 1 
1 1 1 1 1 1 1 1 1 
1 1 1 1 1 1 1 1 1 
1 1 1 1 1 1 1 1 1 
1 1 1 1 1 1 1 1 1 
1 1 1 1 1 1 1 1 1 
1 1 1 1 1 1 1 1 1 
1 1 1 1 1 1 1 1 1 
1 1 1 1 1 1 1 1 1 
1 1 1 1 1 1 1 1 1 
1 1 1 1 1 1 1 1 1 
1 1 1 1 1 1 1 1 1 
1 1 1 1 1 1 1 1 1 
1 1 1 1 1 1 1 1 1 
1 1 1 1 1 1 1 1 1 
1 1 1 1 1 1 1 1 1 
1 1 1 1 1 1 1 1 1 
1 1 1 1 1 1 1 1 1 
1 1 1 1 1 1 1 1 1 
1 1 1 1 1 1 1 1 1 
1 1 1 1 1 1 1 1 1 
1 1 1 1 1 1 1 1 1 
1 1 1 1 1 1 1 1 1 
1 1 1 1 1 1 1 1 1 
1 1 1 1 1 1 1 1 1 
1 1 1 1 1 1 1 1 1 
1 1 1 1 1 1 1 1 1 
1 1 1 1 1 1 1 1 1 
1 1 1 1 1 1 1 1 1 
1 1 1 1 1 1 1 1 1 
1 1 1 1 1 1 1 1 1 
1 1 1 1 1 1 1 1 1 
1 1 1 1 1 1 1 1 1 
1 1 1 1 1 1 1 1 1 
1 1 1 1 1 1 1 1 1 
1 1 1 1 1 1 1 1 1 
1 1 1 1 1 1 1 1 1 
1 1 1 1 1 1 1 1 1 
1 1 1 1 1 1 1 1 1 
1 1 1 1 1 1 1 1 1 
1 1 1 1 1 1 1 1 1 
1 1 1 1 1 1 1 1 1 
1 1 1 1 1 1 1 1 1 
1 1 1 1 1 1 1 1 1 
1 1 1 1 1 1 1 1 1 
1 1 1 1 1 1 1 1 1 
1 1 1 1 1 1 1 1 1 
1 1 1 1 1 1 1 1 1 
1 1 1 1 1 1 1 1 1 
1 1 1 1 1 1 1 1 1 
1 1 1 1 1 1 1 1 1 
1 1 1 1 1 1 1 1 1 
1 1 1 1 1 1 1 1 1 
1 1 1 1 1 1 1 1 1 
1 1 1 1 1 1 1 1 1 
1 1 1 1 1 1 1 1 1 
1 1 1 1 1 1 1 1 1 
1 1 1 1 1 1 1 1 1 
1 1 1 1 1 1 1 1 1 
1 1 1 1 1 1 1 1 1 
1 1 1 1 1 1 1 1 1 
1 1 1 1 1 1 1 1 1 
1 1 1 1 1 1 1 1 1 
1 1 1 1 1 1 1 1 1 
1 1 1 1 1 1 1 1 1 
1 1 1 1 1 1 1 1 1 
1 1 1 1 1 1 1 1 1 
1 1 1 1 1 1 1 1 1 
1 1 1 1 1 1 1 1 1 
1 1 1 1 1 1 1 1 1 
1 1 1 1 1 1 1 1 1 
1 1 1 1 1 1 1 1 1 
1 1 1 1 1 1 1 1 1 
1 1 1 1 1 1 1 1 1 
1 1 1 1 1 1 1 1 1 
1 1 1 1 1 1 1 1 1 
1 1 1 1 1 1 1 1 1 
1 1 1 1 1 1 1 1 1 
1 1 1 1 1 1 1 1 1 
1 1 1 1 1 1 1 1 1 
1 1 1 1 1 1 1 1 1 
1 1 1 1 1 1 1 1 1 
1 1 1 1 1 1 1 1 1 
1 1 1 1 1 1 1 1 1 
1 1 1 1 1 1 1 1 1 
1 1 1 1 1 1 1 1 1 
1 1 1 1 1 1 1 1 1 
1 1 1 1 1 1 1 1 1 
1 1 1 1 1 1 1 1 1 
1 1 1 1 1 1 1 1 1 
1 1 1 1 1 1 1 1 1 
1 1 1 1 1 1 1 1 1 
1 1 1 1 1 1 1 1 1 
1 1 1 1 1 1 1 1 1 
1 1 1 1 1 1 1 1 1 
1 1 1 1 1 1 1 1 1 
1 1 1 1 1 1 1 1 1 
1 1 1 1 1 1 1 1 1 
1 1 1 1 1 1 1 1 1 
1 1 1 1 1 1 1 1 1 
1 1 1 1 1 1 1 1 1 
1 1 1 1 1 1 1 1 1 
1 1 1 1 1 1 1 1 1 
1 1 1 1 1 1 1 1 1 
1 1 1 1 1 1 1 1 1 
1 1 1 1 1 1 1 1 1 
1 1 1 1 1 1 1 1 1 
1 1 1 1 1 1 1 1 1 
1 1 1 1 1 1 1 1 1 
1 1 1 1 1 1 1 1 1 
1 1 1 1 1 1 1 1 1 
1 1 1 1 1 1 1 1 1 
1 1 1 1 1 1 1 1 1 
1 1 1 1 1 1 1 1 1 
1 1 1 1 1 1 1 1 1 
1 1 1 1 1 1 1 1 1 
1 1 1 1 1 1 1 1 1 
1 1 1 1 1 1 1 1 1 
1 1 1 1 1 1 1 1 1 
1 1 1 1 1 1 1 1 1 
1 1 1 1 1 1 1 1 1 
1 1 1 1 1 1 1 1 1 
1 1 1 1 1 1 1 1 1 
1 1 1 1 1 1 1 1 1 
1 1 1 1 1 1 1 1 1 
1 1 1 1 1 1 1 1 1 
1 1 1 1 1 1 1 1 1 
1 1 1 1 1 1 1 1 1 
1 1 1 1 1 1 1 1 1 
1 1 1 1 1 1 1 1 1 
1 1 1 1 1 1 1 1 1 
1 1 1 1 1 1 1 1 1 
1 1 1 1 1 1 1 1 1 
1 1 1 1 1 1 1 1 1 
1 1 1 1 1 1 1 1 1 
1 1 1 1 1 1 1 1 1 
1 1 1 1 1 1 1 1 1 
1 1 1 1 1 1 1 1 1 
1 1 1 1 1 1 1 1 1 
1 1 1 1 1 1 1 1 1 
1 1 1 1 1 1 1 1 1 
1 1 1 1 1 1 1 1 1 
1 1 1 1 1 1 1 1 1 
1 1 1 1 1 1 1 1 1 
1 1 1 1 1 1 1 1 1 
1 1 1 1 1 1 1 1 1 
1 1 1 1 1 1 1 1 1 
1 1 1 1 1 1 1 1 1 
1 1 1 1 1 1 1 1 1 
1 1 1 1 1 1 1 1 1 
1 1 1 1 1 1 1 1 1 
1 1 1 1 1 1 1 1 1 
1 1 1 1 1 1 1 1 1 
1 1 1 1 1 1 1 1 1 
1 1 1 1 1 1 1 1 1 
1 1 1 1 1 1 1 1 1 
1 1 1 1 1 1 1 1 1 
1 1 1 1 1 1 1 1 1 
1 1 1 1 1 1 1 1 1 
1 1 1 1 1 1 1 1 1 
1 1 1 1 1 1 1 1 1 
1 1 1 1 1 1 1 1 1 
1 1 1 1 1 1 1 1 1 
1 1 1 1 1 1 1 1 1 
1 1 1 1 1 1 1 1 1 
1 1 1 1 1 1 1 1 1 
1 1 1 1 1 1 1 1 1 
1 1 1 1 1 1 1 1 1 
1 1 1 1 1 1 1 1 1 
1 1 1 1 1 1 1 1 1 
1 1 1 1 1 1 1 1 1 
1 1 1 1 1 1 1 1 1 
1 1 1 1 1 1 1 1 1 
1 1 1 1 1 1 1 1 1 
1 1 1 1 1 1 1 1 1 
1 1 1 1 1 1 1 1 1 
1 1 1 1 1 1 1 1 1 
1 1 1 1 1 1 1 1 1 
1 1 1 1 1 1 1 1 1 
1 1 1 1 1 1 1 1 1 
1 1 1 1 1 1 1 1 1 
1 1 1 1 1 1 1 1 1 
1 1 1 1 1 1 1 1 1 
1 1 1 1 1 1 1 1 1 
1 1 1 1 1 1 1 1 1 
1 1 1 1 1 1 1 1 1 
1 1 1 1 1 1 1 1 1 
1 1 1 1 1 1 1 1 1 
1 1 1 1 1 1 1 1 1 
1 1 1 1 1 1 1 1 1 
1 1 1 1 1 1 1 1 1 
1 1 1 1 1 1 1 1 1 
1 1 1 1 1 1 1 1 1 
1 1 1 1 1 1 1 1 1 
1 1 1 1 1 1 1 1 1 
1 1 1 1 1 1 1 1 1 
1 1 1 1 1 1 1 1 1 
1 1 1 1 1 1 1 1 1 
1 1 1 1 1 1 1 1 1 
1 1 1 1 1 1 1 1 1 
1 1 1 1 1 1 1 1 1 
1 1 1 1 1 1 1 1 1 
1 1 1 1 1 1 1 1 1 
1 1 1 1 1 1 1 1 1 
1 1 1 1 1 1 1 1 1 
1 1 1 1 1 1 1 1 1 
1 1 1 1 1 1 1 1 1 
1 1 1 1 1 1 1 1 1 
1 1 1 1 1 1 1 1 1 
1 1 1 1 1 1 1 1 1 
1 1 1 1 1 1 1 1 1 
1 1 1 1 1 1 1 1 1 
1 1 1 1 1 1 1 1 1 
1 1 1 1 1 1 1 1 1 
1 1 1 1 1 1 1 1 1 
1 1 1 1 1 1 1 1 1 
1 1 1 1 1 1 1 1 1 
1 1 1 1 1 1 1 1 1 
1 1 1 1 1 1 1 1 1 
1 1 1 1 1 1 1 1 1 
1 1 1 1 1 1 1 1 1 
1 1 1 1 1 1 1 1 1 
1 1 1 1 1 1 1 1 1 
1 1 1 1 1 1 1 1 1 
1 1 1 1 1 1 1 1 1 
1 1 1 1 1 1 1 1 1 
1 1 1 1 1 1 1 1 1 
1 1 1 1 1 1 1 1 1 
1 1 1 1 1 1 1 1 1 
1 1 1 1 1 1 1 1 1 
1 1 1 1 1 1 1 1 1 
1 1 1 1 1 1 1 1 1 
1 1 1 1 1 1 1 1 1 
1 1 1 1 1 1 1 1 1 
1 1 1 1 1 1 1 1 1 
1 1 1 1 1 1 1 1 1 
1 1 1 1 1 1 1 1 1 
1 1 1 1 1 1 1 1 1 
1 1 1 1 1 1 1 1 1 
1 1 1 1 1 1 1 1 1 
1 1 1 1 1 1 1 1 1 
1 1 1 1 1 1 1 1 1 
1 1 1 1 1 1 1 1 1 
1 1 1 1 1 1 1 1 1 
1 1 1 1 1 1 1 1 1 
1 1 1 1 1 1 1 1 1 
1 1 1 1 1 1 1 1 1 
1 1 1 1 1 1 1 1 1 
1 1 1 1 1 1 1 
