# vtk DataFile Version 5.1
vtk output
ASCII
DATASET POLYDATA
POINTS 3236 float
0.34059 -0.0213037 0.63931 0.339932 -0.0121512 0.620331 0.324272 -0.0248699 0.626449 
0.3702 -0.0239192 0.637022 0.369542 -0.0147668 0.618042 0.39981 -0.0265348 0.634733 
0.399151 -0.0173823 0.615754 0.413102 -0.0327164 0.619583 0.338223 -0.040204 0.630278 
0.367832 -0.0428195 0.627989 0.397442 -0.045435 0.625701 -0.0477553 -0.0434075 0.688954 
-0.0484137 -0.0342551 0.669975 -0.0640731 -0.0469737 0.676093 -0.0181455 -0.046023 0.686665 
-0.0188039 -0.0368706 0.667686 -0.00485361 -0.0522047 0.671515 -0.0501229 -0.0623078 0.679922 
-0.0361726 -0.0776419 0.683751 -0.0198547 -0.0740758 0.696612 -0.00656282 -0.0802574 0.681462 
-0.0222223 -0.0929761 0.68758 0.339273 -0.00299876 0.601352 0.338615 0.00615373 0.582373 
0.322955 -0.00656489 0.58849 0.368883 -0.00561427 0.599063 0.368225 0.00353821 0.580084 
0.398493 -0.00822979 0.596775 0.397834 0.000922699 0.577796 0.411785 -0.0144114 0.581625 
0.0710762 -0.00751188 0.631895 0.0704178 0.0016406 0.612916 0.0547583 -0.011078 0.619033 
0.100686 -0.0101274 0.629606 0.100028 -0.000974915 0.610627 0.130296 -0.0127429 0.627318 
0.129637 -0.00359043 0.608339 0.159906 -0.0153584 0.625029 0.159247 -0.00620594 0.60605 
0.189515 -0.0179739 0.622741 0.188857 -0.00882145 0.603762 0.219125 -0.0205894 0.620453 
0.218467 -0.011437 0.601473 0.248735 -0.023205 0.618164 0.248076 -0.0140525 0.599185 
0.278345 -0.0258205 0.615876 0.277686 -0.016668 0.596896 0.307954 -0.028436 0.613587 
0.307296 -0.0192835 0.594608 0.410076 -0.0424642 0.591572 -0.108292 -0.0198715 0.655573 
-0.10895 -0.0107191 0.636594 -0.124609 -0.0234377 0.642711 -0.0786818 -0.0224871 0.653284 
-0.0793402 -0.0133346 0.634305 -0.049072 -0.0251026 0.650996 -0.0497305 -0.0159501 0.632016 
-0.0194623 -0.0277181 0.648707 -0.0201207 -0.0185656 0.629728 0.0101475 -0.0303336 0.646419 
0.00948909 -0.0211811 0.62744 0.0397573 -0.0329491 0.64413 0.0390989 -0.0237966 0.625151 
0.069367 -0.0355646 0.641842 0.0989768 -0.0381801 0.639553 0.128587 -0.0407957 0.637265 
0.158196 -0.0434112 0.634976 0.187806 -0.0460267 0.632688 0.217416 -0.0486422 0.630399 
0.247026 -0.0512577 0.628111 0.260318 -0.0574394 0.612961 0.275977 -0.0447207 0.606843 
0.305587 -0.0473363 0.604555 0.335855 -0.0591042 0.621245 0.319537 -0.0626704 0.608384 
0.365465 -0.0617198 0.618957 0.378757 -0.0679014 0.603807 0.394416 -0.0551828 0.597689 
-0.110659 -0.0387718 0.64654 -0.0967089 -0.0541059 0.650369 -0.080391 -0.0505398 0.663231 
0.00843828 -0.0583863 0.656366 0.038048 -0.0610018 0.654077 0.0676578 -0.0636174 0.651789 
0.0809497 -0.069799 0.636639 0.0966092 -0.0570804 0.630521 0.126219 -0.0596959 0.628232 
0.155829 -0.0623114 0.625944 0.185438 -0.0649269 0.623655 0.215048 -0.0675424 0.621367 
0.244658 -0.070158 0.619079 0.333487 -0.0780045 0.612213 0.363097 -0.08062 0.609925 
-0.0827586 -0.0694401 0.654199 -0.0531489 -0.0720556 0.65191 -0.0391986 -0.0873897 0.655739 
-0.00958882 -0.0900052 0.653451 0.00607067 -0.0772866 0.647333 0.0356804 -0.0799021 0.645045 
0.0652902 -0.0825176 0.642756 -0.0252483 -0.102724 0.659568 0.308347 0.0179217 0.565682 
0.307688 0.0270742 0.546703 0.292029 0.0143556 0.552821 0.337957 0.0153062 0.563394 
0.337298 0.0244587 0.544414 0.367566 0.0126907 0.561105 0.366908 0.0218432 0.542126 
0.397176 0.0100752 0.558817 0.396518 0.0192277 0.539837 0.410468 0.00389354 0.543667 
-0.107899 0.0264862 0.607668 -0.108558 0.0356387 0.588688 -0.124217 0.02292 0.594806 
-0.0782894 0.0238707 0.605379 -0.0789478 0.0330231 0.5864 -0.0486796 0.0212551 0.603091 
-0.049338 0.0304076 0.584112 -0.0190699 0.0186396 0.600802 -0.0197283 0.0277921 0.581823 
0.0105399 0.0160241 0.598514 0.0098815 0.0251766 0.579535 0.0401497 0.0134086 0.596225 
0.0394913 0.0225611 0.577246 0.0697594 0.0107931 0.593937 0.069101 0.0199456 0.574958 
0.0993692 0.00817758 0.591648 0.0987108 0.0173301 0.572669 0.128979 0.00556206 0.58936 
0.128321 0.0147146 0.570381 0.158589 0.00294655 0.587071 0.15793 0.012099 0.568092 
0.188199 0.000331033 0.584783 0.18754 0.00948352 0.565804 0.217808 -0.00228448 0.582494 
0.21715 0.00686801 0.563515 0.247418 -0.00489999 0.580206 0.24676 0.00425249 0.561227 
0.277028 -0.0075155 0.577917 0.276369 0.00163698 0.558938 0.306638 -0.010131 0.575629 
0.408759 -0.0241592 0.553613 -0.168828 0.00366446 0.622191 -0.169486 0.0128169 0.603212 
-0.185146 9.83195e-05 0.60933 -0.139218 0.00104894 0.619903 -0.139877 0.0102014 0.600924 
-0.109608 -0.00156657 0.617614 -0.0799986 -0.00418209 0.615326 -0.0503888 -0.0067976 0.613037 
-0.0207791 -0.00941311 0.610749 0.0088307 -0.0120286 0.60846 0.0384405 -0.0146441 0.606172 
0.40705 -0.052212 0.56356 -0.171196 -0.0152358 0.613159 -0.157245 -0.0305699 0.616988 
-0.140927 -0.0270038 0.62985 0.273609 -0.063621 0.597811 0.303219 -0.0662365 0.595522 
0.375731 -0.0776492 0.575795 0.39139 -0.0649306 0.569678 -0.143295 -0.0459041 0.620817 
-0.113685 -0.0485196 0.618529 -0.0997349 -0.0638537 0.622358 0.0646318 -0.0733651 0.623777 
0.0483139 -0.0769313 0.610916 0.0639734 -0.0642127 0.604798 0.0935832 -0.0668282 0.602509 
0.123193 -0.0694437 0.600221 0.152803 -0.0720592 0.597932 0.182413 -0.0746747 0.595644 
0.212022 -0.0772902 0.593356 0.241632 -0.0799057 0.591067 0.271242 -0.0825213 0.588779 
0.300852 -0.0851368 0.58649 0.330461 -0.0877523 0.584202 0.360071 -0.0903678 0.581913 
-0.0857846 -0.0791878 0.626187 -0.0561749 -0.0818033 0.623899 -0.0265651 -0.0844189 0.62161 
-0.0259067 -0.0935713 0.640589 0.00304467 -0.0870344 0.619322 0.0326544 -0.0896499 0.617033 
0.338349 0.0616639 0.515489 0.337691 0.0708164 0.496509 0.322031 0.0580978 0.502627 
0.367959 0.0590484 0.5132 0.3673 0.0682009 0.494221 0.397569 0.0564329 0.510912 
0.39691 0.0655854 0.491932 0.41086 0.0502512 0.495762 0.30703 0.0362267 0.527724 
0.306372 0.0453792 0.508745 0.290712 0.0326606 0.514862 0.33664 0.0336112 0.525435 
0.36625 0.0309957 0.523147 0.395859 0.0283802 0.520858 0.409151 0.0221985 0.505708 
-0.168435 0.0500222 0.574286 -0.169094 0.0591746 0.555307 -0.184753 0.046456 0.561425 
-0.138826 0.0474067 0.571998 -0.139484 0.0565591 0.553019 -0.109216 0.0447912 0.569709 
-0.109874 0.0539436 0.55073 -0.0796062 0.0421756 0.567421 -0.0802646 0.0513281 0.548442 
-0.0499964 0.0395601 0.565132 -0.0506548 0.0487126 0.546153 -0.0203867 0.0369446 0.562844 
-0.0210451 0.0460971 0.543865 0.00922311 0.0343291 0.560556 0.00856471 0.0434816 0.541576 
0.0388329 0.0317136 0.558267 0.0381745 0.0408661 0.539288 0.0684426 0.0290981 0.555978 
0.0677842 0.0382505 0.536999 0.0980524 0.0264826 0.55369 0.097394 0.035635 0.534711 
0.127662 0.023867 0.551402 0.127004 0.0330195 0.532422 0.157272 0.0212515 0.549113 
0.156614 0.030404 0.530134 0.186882 0.018636 0.546825 0.186223 0.0277885 0.527845 
0.216491 0.0160205 0.544536 0.215833 0.025173 0.525557 0.246101 0.013405 0.542248 
0.245443 0.0225575 0.523268 0.275711 0.0107895 0.539959 0.275053 0.019942 0.52098 
0.407442 -0.00585423 0.515655 -0.170145 0.0219694 0.584233 -0.186463 0.0184033 0.571372 
-0.140535 0.0193539 0.581945 0.405733 -0.033907 0.525602 -0.188172 -0.00964945 0.581318 
0.404024 -0.0619597 0.535549 -0.174222 -0.0249836 0.585148 -0.160271 -0.0403177 0.588977 
0.372705 -0.087397 0.547784 0.388364 -0.0746783 0.541666 -0.146321 -0.0556518 0.592806 
-0.116711 -0.0582674 0.590517 -0.102761 -0.0736015 0.594347 0.0452879 -0.086679 0.582904 
0.0609474 -0.0739604 0.576787 0.0905572 -0.0765759 0.574498 0.120167 -0.0791915 0.57221 
0.149777 -0.081807 0.569921 0.179386 -0.0844225 0.567633 0.208996 -0.087038 0.565344 
0.238606 -0.0896535 0.563056 0.268216 -0.092269 0.560767 0.297826 -0.0948845 0.558479 
0.328094 -0.106653 0.575169 0.311776 -0.110219 0.562308 0.341386 -0.112834 0.560019 
0.357045 -0.100116 0.553902 -0.0888106 -0.0889356 0.598176 -0.0592009 -0.0915511 0.595887 
-0.0295911 -0.0941666 0.593599 1.86724e-05 -0.0967821 0.59131 0.0296284 -0.0993977 0.589022 
0.325726 -0.125553 0.566137 0.307422 0.0825844 0.479819 0.306764 0.0917369 0.46084 
0.291105 0.0790183 0.466957 0.337032 0.0799689 0.47753 0.336374 0.0891214 0.458551 
0.366642 0.0773534 0.475242 0.365983 0.0865059 0.456263 0.379934 0.0711717 0.460092 
-0.138433 0.0937644 0.524093 -0.139092 0.102917 0.505114 -0.154751 0.0901982 0.511231 
-0.125141 0.0875827 0.508943 0.276103 0.0571472 0.492054 0.275445 0.0662997 0.473075 
0.259786 0.0535811 0.479193 0.305713 0.0545317 0.489766 0.393884 0.0558376 0.463921 
0.407834 0.0405035 0.46775 -0.140143 0.0657116 0.53404 -0.15646 0.0621455 0.521178 
-0.111191 0.0722486 0.512772 -0.110533 0.0630961 0.531751 -0.080923 0.0604806 0.529463 
-0.0815814 0.0696331 0.510484 -0.0513132 0.0578651 0.527174 -0.0519716 0.0670176 0.508195 
-0.0217035 0.0552496 0.524886 -0.0223618 0.0644021 0.505907 0.00790632 0.0526341 0.522597 
0.00724792 0.0617865 0.503618 0.0375161 0.0500185 0.520309 0.0368577 0.059171 0.50133 
0.0671259 0.047403 0.51802 0.0664675 0.0565555 0.499041 0.0967356 0.0447875 0.515732 
0.0960772 0.05394 0.496753 0.110028 0.0386059 0.500582 0.185565 0.036941 0.508866 
0.184907 0.0460935 0.489887 0.169247 0.0333749 0.496005 0.215175 0.0343255 0.506578 
0.214516 0.0434779 0.487599 0.244784 0.03171 0.504289 0.244126 0.0408624 0.48531 
0.274394 0.0290944 0.502001 0.406125 0.0124507 0.477697 -0.17212 0.0494269 0.527296 
-0.187779 0.0367083 0.533413 0.123978 0.0232717 0.504411 0.153588 0.0206562 0.502122 
0.404416 -0.015602 0.487644 -0.20278 0.0148372 0.55851 -0.203439 0.0239897 0.539531 
-0.219098 0.011271 0.545649 0.402707 -0.0436548 0.497591 -0.205148 -0.0040631 0.549478 
-0.191198 -0.0193972 0.553307 0.400998 -0.0717075 0.507537 -0.177248 -0.0347314 0.557136 
-0.163297 -0.0500655 0.560965 0.369679 -0.0971447 0.519773 0.385338 -0.0844261 0.513655 
-0.149347 -0.0653996 0.564794 -0.119737 -0.0680151 0.562506 -0.105787 -0.0833493 0.566335 
0.02897 -0.0902452 0.570043 0.0126522 -0.0938113 0.557181 0.0283116 -0.0810927 0.551064 
0.0579214 -0.0837082 0.548775 0.0875312 -0.0863237 0.546487 0.117141 -0.0889392 0.544198 
0.146751 -0.0915547 0.54191 0.17636 -0.0941703 0.539621 0.20597 -0.0967858 0.537333 
0.236238 -0.108554 0.554023 0.219921 -0.11212 0.541162 0.265848 -0.111169 0.551735 
0.295458 -0.113785 0.549446 0.33836 -0.122582 0.532008 0.354019 -0.109863 0.52589 
-0.0918366 -0.0986834 0.570164 -0.0622269 -0.101299 0.567876 -0.0326171 -0.103914 0.565587 
-0.00300733 -0.10653 0.563299 0.233871 -0.127454 0.544991 0.263481 -0.13007 0.542702 
0.29309 -0.132685 0.540414 0.3227 -0.135301 0.538126 0.306106 0.100889 0.441861 
0.305447 0.110042 0.422881 0.289788 0.0973232 0.428999 0.335715 0.0982739 0.439572 
0.335057 0.107426 0.420593 0.365325 0.0956584 0.437284 0.364667 0.104811 0.418304 
0.378617 0.0894767 0.422134 -0.16936 0.114685 0.488423 -0.170018 0.123837 0.469444 
-0.185678 0.111119 0.475562 -0.13975 0.112069 0.486135 -0.140409 0.121222 0.467156 
-0.11014 0.109454 0.483846 -0.110799 0.118606 0.464867 -0.0805306 0.106838 0.481558 
-0.081189 0.115991 0.462579 -0.0672387 0.100657 0.466408 0.274787 0.0754522 0.454096 
0.274128 0.0846046 0.435117 0.258469 0.071886 0.441234 0.393226 0.0649901 0.444942 
0.392567 0.0741426 0.425963 0.406518 0.0588084 0.429792 -0.171727 0.0957846 0.479391 
-0.157777 0.0804505 0.48322 -0.11185 0.0814011 0.493793 -0.0822398 0.0787856 0.491504 
-0.0532884 0.0853225 0.470237 -0.05263 0.0761701 0.489216 -0.0230202 0.0735545 0.486927 
-0.0236786 0.082707 0.467948 -0.00972836 0.0673729 0.471777 0.243468 0.0500149 0.466331 
0.242809 0.0591674 0.447352 0.22715 0.0464488 0.45347 0.404808 0.0307557 0.439739 
-0.159486 0.0523977 0.493167 0.00422192 0.0520388 0.475607 0.0338317 0.0494233 0.473318 
0.0634415 0.0468077 0.47103 0.0930512 0.0441922 0.468741 0.123319 0.0324242 0.485432 
0.122661 0.0415767 0.466453 0.152929 0.0298087 0.483143 0.152271 0.0389612 0.464164 
0.181881 0.0363457 0.461876 0.21149 0.0337302 0.459587 0.403099 0.00270296 0.449686 
-0.175146 0.0396791 0.499284 -0.190805 0.0269605 0.505402 0.40139 -0.0253498 0.459632 
-0.235416 0.0077049 0.532787 -0.236075 0.0168574 0.513808 -0.251734 0.00413877 0.519926 
-0.206465 0.0142419 0.51152 0.386389 -0.0472209 0.484729 0.370071 -0.050787 0.471868 
0.38573 -0.0380684 0.46575 -0.237784 -0.0111954 0.523755 -0.208174 -0.0138109 0.521466 
-0.194224 -0.029145 0.525296 0.38468 -0.0752736 0.494676 0.368362 -0.0788398 0.481814 
-0.180274 -0.0444791 0.529125 -0.166323 -0.0598133 0.532954 0.366653 -0.106892 0.491761 
-0.152373 -0.0751474 0.536783 -0.122763 -0.0777629 0.534495 -0.108813 -0.093097 0.538324 
-0.00366572 -0.0973774 0.54432 -0.0199836 -0.100944 0.531458 -0.00432412 -0.088225 0.525341 
0.0252856 -0.0908405 0.523052 0.0548954 -0.093456 0.520764 0.0845052 -0.0960715 0.518475 
0.114115 -0.098687 0.516187 0.143725 -0.101303 0.513898 0.173334 -0.103918 0.51161 
0.202944 -0.106534 0.509321 0.232554 -0.109149 0.507033 0.233212 -0.118302 0.526012 
0.246504 -0.124483 0.510862 0.335334 -0.13233 0.503996 0.350993 -0.119611 0.497879 
-0.0948626 -0.108431 0.542153 -0.0652529 -0.111047 0.539864 -0.0356431 -0.113662 0.537576 
0.260455 -0.139817 0.514691 0.290064 -0.142433 0.512403 0.319674 -0.145048 0.510114 
0.275179 0.12181 0.406191 0.274521 0.130962 0.387212 0.258861 0.118244 0.393329 
0.304789 0.119194 0.403902 0.30413 0.128347 0.384923 0.318081 0.113013 0.388752 
-0.141067 0.130374 0.448176 -0.141725 0.139527 0.429197 -0.157385 0.126808 0.435315 
-0.111457 0.127759 0.445888 -0.112116 0.136911 0.426909 -0.0981652 0.121577 0.430738 
0.27347 0.0937571 0.416138 0.257152 0.090191 0.403276 0.332031 0.0976786 0.392582 
0.362299 0.0859106 0.409272 0.345981 0.0823445 0.396411 -0.201996 0.107553 0.4627 
-0.202654 0.116705 0.443721 -0.218314 0.103986 0.449839 -0.173044 0.11409 0.441433 
-0.084215 0.106243 0.434567 -0.0539468 0.094475 0.451258 -0.0546052 0.103628 0.432279 
-0.024337 0.0918595 0.448969 -0.0249954 0.101012 0.42999 -0.0110452 0.0856779 0.433819 
0.242151 0.0683199 0.428373 0.241492 0.0774724 0.409394 0.225833 0.0647538 0.415511 
0.359932 0.0670103 0.40024 0.3902 0.0552423 0.41693 0.373882 0.0516762 0.404069 
-0.204363 0.0886523 0.453668 -0.174095 0.0768843 0.470358 -0.190413 0.0733182 0.457497 
0.00356353 0.0611913 0.456628 0.00290513 0.0703437 0.437648 0.0331733 0.0585757 0.454339 
0.0325149 0.0677282 0.43536 0.0627831 0.0559602 0.452051 0.0621247 0.0651127 0.433071 
0.076075 0.0497786 0.436901 0.151612 0.0481137 0.445185 0.150954 0.0572662 0.426206 
0.135294 0.0445476 0.432324 0.181222 0.0454982 0.442897 0.180564 0.0546507 0.423918 
0.210832 0.0428827 0.440608 0.210173 0.0520351 0.421629 0.38849 0.0271896 0.426877 
0.372173 0.0236234 0.414016 -0.175804 0.0488316 0.480305 -0.192122 0.0452655 0.467444 
0.0900252 0.0344445 0.44073 0.119635 0.0318289 0.438441 0.386781 -0.000863164 0.436824 
0.370463 -0.0044293 0.423963 -0.207123 0.0233944 0.492541 -0.207782 0.0325468 0.473561 
-0.223441 0.0198282 0.479679 0.385072 -0.0289159 0.446771 0.368754 -0.032482 0.433909 
-0.239101 0.00710962 0.485797 -0.25476 -0.00560901 0.491914 0.367045 -0.0605348 0.443856 
-0.24081 -0.0209431 0.495744 -0.210542 -0.0327111 0.512434 -0.22686 -0.0362773 0.499573 
0.365336 -0.0885875 0.453803 -0.212909 -0.0516114 0.503402 -0.1833 -0.0542269 0.501113 
-0.15369 -0.0568424 0.498825 -0.153031 -0.0659949 0.517804 -0.139739 -0.0721765 0.502654 
0.0838468 -0.086919 0.499496 0.0675289 -0.0904851 0.486635 0.0831884 -0.0777665 0.480517 
0.112798 -0.080382 0.478228 0.113457 -0.0895345 0.497208 0.142408 -0.0829976 0.47594 
0.143066 -0.09215 0.494919 0.172018 -0.0856131 0.473651 0.172676 -0.0947655 0.492631 
0.185968 -0.100947 0.477481 0.350335 -0.110459 0.4789 0.334017 -0.114025 0.466038 
0.349676 -0.101306 0.459921 -0.125789 -0.0875107 0.506483 -0.0961794 -0.0901262 0.504195 
-0.095521 -0.0992787 0.523174 -0.0665696 -0.0927417 0.501906 -0.0659113 -0.101894 0.520885 
-0.0369599 -0.0953572 0.499618 -0.0363015 -0.10451 0.518597 -0.00735012 -0.0979727 0.497329 
0.0222596 -0.100588 0.495041 0.0518694 -0.103204 0.492752 0.199918 -0.116281 0.48131 
0.229528 -0.118897 0.479021 0.243478 -0.134231 0.48285 0.332308 -0.142078 0.475985 
0.257429 -0.149565 0.48668 0.287038 -0.152181 0.484391 0.316648 -0.154796 0.482103 
0.214643 0.145346 0.37281 0.213984 0.154498 0.35383 0.198325 0.14178 0.359948 
0.227935 0.139164 0.35766 0.212934 0.117293 0.382756 0.196616 0.113727 0.369895 
0.241885 0.12383 0.361489 0.242543 0.114678 0.380468 0.272153 0.112062 0.378179 
0.255835 0.108496 0.365318 0.301763 0.109447 0.375891 -0.173703 0.123242 0.422453 
-0.174361 0.132395 0.403474 -0.190021 0.119676 0.409592 -0.144751 0.129779 0.401186 
-0.115142 0.127163 0.398897 -0.0848734 0.115396 0.415588 -0.0855318 0.124548 0.396609 
-0.0552636 0.11278 0.4133 -0.055922 0.121932 0.39432 -0.0256538 0.110164 0.411011 
-0.0263122 0.119317 0.392032 -0.0123619 0.103983 0.395861 0.211224 0.0892404 0.392703 
0.194906 0.0856742 0.379842 0.240834 0.0866249 0.390415 0.269785 0.0931618 0.369147 
0.299395 0.0905463 0.366859 0.329663 0.0787783 0.383549 0.313346 0.0752122 0.370688 
-0.20568 0.106957 0.41571 -0.22134 0.0942387 0.421827 0.00224674 0.0794962 0.418669 
0.00158834 0.0886487 0.39969 0.0318565 0.0768807 0.416381 0.0311981 0.0860332 0.397402 
0.0614663 0.0742652 0.414092 0.0608079 0.0834177 0.395113 0.0747581 0.0680835 0.398942 
0.150296 0.0664187 0.407227 0.149637 0.0755711 0.388248 0.133978 0.0628525 0.394365 
0.179905 0.0638032 0.404938 0.179247 0.0729556 0.385959 0.209515 0.0611876 0.40265 
0.327954 0.0507256 0.393496 0.311636 0.0471594 0.380635 0.357564 0.0481101 0.391207 
-0.207389 0.0789046 0.425656 -0.193439 0.0635704 0.429486 0.0893668 0.0435969 0.421751 
0.0887084 0.0527494 0.402772 0.118977 0.0409814 0.419462 0.118318 0.0501339 0.400483 
0.325587 0.0318253 0.384464 0.355855 0.0200573 0.401154 0.339537 0.0164912 0.388293 
-0.20844 0.0416993 0.454582 -0.209098 0.0508518 0.435603 -0.224758 0.0381332 0.441721 
0.354145 -0.00799542 0.411101 0.337828 -0.0115616 0.39824 -0.226467 0.0100805 0.451668 
0.351778 -0.0268957 0.402069 0.365728 -0.0422298 0.405898 -0.242127 -0.00263816 0.457785 
-0.257786 -0.0153568 0.463903 0.350727 -0.0641009 0.430995 0.334409 -0.0676671 0.418133 
0.350069 -0.0549484 0.412016 -0.243836 -0.0306909 0.467732 -0.229886 -0.046025 0.471561 
0.349018 -0.0921537 0.440942 0.3327 -0.0957198 0.42808 -0.215935 -0.0613592 0.47539 
-0.186326 -0.0639747 0.473102 -0.156716 -0.0665902 0.470813 -0.142765 -0.0819243 0.474643 
0.051211 -0.0940513 0.473773 0.0348931 -0.0976174 0.460912 0.0505526 -0.0848988 0.454794 
0.0801624 -0.0875143 0.452505 0.109772 -0.0901298 0.450217 0.139382 -0.0927453 0.447929 
0.168992 -0.0953608 0.44564 0.182942 -0.110695 0.449469 0.330991 -0.123773 0.438027 
-0.128815 -0.0972584 0.478472 -0.0992054 -0.099874 0.476183 -0.0695957 -0.102489 0.473895 
-0.0399859 -0.105105 0.471606 -0.0103761 -0.107721 0.469318 0.0192336 -0.110336 0.467029 
0.196892 -0.126029 0.453298 0.226502 -0.128645 0.45101 0.240452 -0.143979 0.454839 
0.31599 -0.145644 0.463124 0.299672 -0.14921 0.450262 0.315331 -0.136491 0.444144 
0.254403 -0.159313 0.458668 0.284012 -0.161928 0.45638 0.182007 0.138214 0.347087 
0.181349 0.147366 0.328108 0.165689 0.134647 0.334225 0.211617 0.135598 0.344798 
0.195299 0.132032 0.331937 -0.14541 0.138932 0.382207 -0.146068 0.148084 0.363228 
-0.161728 0.135365 0.369345 -0.1158 0.136316 0.379918 -0.116458 0.145468 0.360939 
-0.0861902 0.1337 0.37763 -0.0868485 0.142853 0.358651 -0.0565804 0.131085 0.375341 
-0.0572388 0.140237 0.356362 -0.0432885 0.124903 0.360191 0.121078 0.115392 0.36161 
0.12042 0.124544 0.342631 0.10476 0.111826 0.348749 0.150688 0.112776 0.359322 
0.15003 0.121929 0.340343 0.180298 0.110161 0.357033 0.209249 0.116698 0.335766 
0.239517 0.10493 0.352456 0.223199 0.101364 0.339595 -0.177387 0.122647 0.375463 
-0.193047 0.109928 0.381581 -0.0293382 0.109569 0.36402 0.000929939 0.0978012 0.380711 
0.000271546 0.106954 0.361732 0.0305397 0.0951857 0.378423 0.0298813 0.104338 0.359444 
0.0601495 0.0925702 0.376134 0.0594911 0.101723 0.357155 0.0897592 0.0899547 0.373846 
0.0891008 0.0991071 0.354867 0.119369 0.0873391 0.371557 0.148979 0.0847236 0.369269 
0.178589 0.0821081 0.36698 0.23715 0.0860296 0.343424 0.267418 0.0742616 0.360115 
0.2511 0.0706954 0.347253 0.297028 0.071646 0.357826 -0.237657 0.0906725 0.408966 
-0.238316 0.099825 0.389987 -0.253975 0.0871064 0.396104 -0.208706 0.0972095 0.387698 
0.08805 0.0619019 0.383792 0.11766 0.0592864 0.381504 0.26505 0.0553613 0.351082 
0.295318 0.0435933 0.367773 0.279001 0.0400272 0.354912 -0.240025 0.0717723 0.399933 
-0.209757 0.0600043 0.416624 -0.226075 0.0564382 0.403763 0.292951 0.0246931 0.358741 
0.323219 0.012925 0.375431 0.306901 0.00935892 0.36257 -0.227784 0.0283854 0.413709 
0.32151 -0.0151277 0.385378 0.305192 -0.0186938 0.372517 -0.242785 0.00651432 0.438806 
-0.243443 0.0156668 0.419827 -0.259103 0.0029482 0.425945 0.319801 -0.0431804 0.395325 
0.303483 -0.0467466 0.382463 0.34941 -0.045796 0.393036 -0.274104 -0.0189229 0.451041 
-0.274762 -0.00977042 0.432062 -0.290422 -0.022489 0.43818 0.317433 -0.0620807 0.386293 
0.331383 -0.0774148 0.390122 -0.276472 -0.0378232 0.442009 -0.246862 -0.0404387 0.439721 
-0.232912 -0.0557728 0.44355 0.316382 -0.0992859 0.415219 0.300064 -0.102852 0.402357 
0.315724 -0.0901334 0.396239 -0.218961 -0.0711069 0.447379 -0.189352 -0.0737224 0.44509 
-0.159742 -0.076338 0.442802 -0.145791 -0.0916721 0.446631 0.0185753 -0.101184 0.44805 
0.00225737 -0.10475 0.435189 0.0179169 -0.092031 0.429071 0.0475266 -0.0946466 0.426783 
0.0771364 -0.0972621 0.424494 0.106746 -0.0998776 0.422206 0.136356 -0.102493 0.419917 
0.165966 -0.105109 0.417629 0.179916 -0.120443 0.421458 0.314673 -0.127339 0.425165 
0.298355 -0.130905 0.412304 -0.131841 -0.107006 0.45046 -0.102231 -0.109622 0.448172 
-0.0726217 -0.112237 0.445883 -0.0430119 -0.114853 0.443595 -0.0134021 -0.117468 0.441306 
0.193866 -0.135777 0.425287 0.223476 -0.138392 0.422998 0.253086 -0.141008 0.42071 
0.253744 -0.15016 0.439689 0.282696 -0.143623 0.418421 0.283354 -0.152776 0.437401 
0.119761 0.133697 0.323652 0.119103 0.142849 0.304673 0.103444 0.130131 0.310791 
0.149371 0.131081 0.321364 0.148713 0.140234 0.302385 0.178981 0.128466 0.319075 
0.162663 0.1249 0.306214 -0.178045 0.131799 0.356484 -0.178704 0.140952 0.337505 
-0.194363 0.128233 0.343622 -0.149094 0.138336 0.335216 -0.119484 0.135721 0.332928 
-0.0898746 0.133105 0.330639 -0.0602648 0.13049 0.328351 -0.0299966 0.118722 0.345041 
-0.030655 0.127874 0.326062 -0.000386853 0.116106 0.342753 -0.00104525 0.125259 0.323774 
0.0292229 0.113491 0.340464 0.0285645 0.122643 0.321485 0.0588327 0.110875 0.338176 
0.0581743 0.120028 0.319197 0.0884425 0.10826 0.335887 0.0877841 0.117412 0.316908 
0.176613 0.109566 0.310043 0.206223 0.10695 0.307754 0.220173 0.0916159 0.311584 
-0.238974 0.108978 0.371008 -0.239633 0.11813 0.352028 -0.255292 0.105411 0.358146 
-0.209364 0.106362 0.368719 -0.210023 0.115515 0.34974 0.234782 0.0671293 0.334392 
0.218464 0.0635632 0.32153 -0.270293 0.0835403 0.383243 -0.270952 0.0926928 0.364264 
-0.286611 0.0799742 0.370381 0.232414 0.048229 0.325359 0.262683 0.036461 0.34205 
0.246365 0.0328949 0.329189 -0.272661 0.06464 0.374211 -0.242393 0.052872 0.390901 
-0.258711 0.0493059 0.37804 0.260315 0.0175608 0.333018 0.290583 0.00579279 0.349708 
0.274265 0.00222666 0.336847 -0.244102 0.0248193 0.400848 -0.26042 0.0212532 0.387986 
0.288874 -0.02226 0.359655 0.272556 -0.0258261 0.346794 -0.262129 -0.00679958 0.397933 
0.287165 -0.0503127 0.369602 0.270847 -0.0538788 0.356741 -0.277788 -0.0195182 0.404051 
-0.293448 -0.0322368 0.410168 0.284797 -0.069213 0.36057 0.315065 -0.080981 0.37726 
0.298747 -0.0845471 0.364399 -0.279498 -0.0475709 0.413998 -0.249888 -0.0501865 0.411709 
-0.235938 -0.0655206 0.415538 0.297038 -0.1126 0.374346 -0.221987 -0.0808547 0.419368 
-0.192378 -0.0834702 0.417079 -0.162768 -0.0860857 0.41479 -0.148817 -0.10142 0.41862 
-0.0140605 -0.108316 0.422327 -0.0303784 -0.111882 0.409466 -0.0147189 -0.0991633 0.403348 
0.0148909 -0.101779 0.40106 0.0445006 -0.104394 0.398771 0.0741104 -0.10701 0.396483 
0.10372 -0.109625 0.394194 0.13333 -0.112241 0.391906 0.16294 -0.114856 0.389617 
0.17689 -0.130191 0.393446 0.282037 -0.134471 0.399442 0.265719 -0.138037 0.386581 
0.281379 -0.125318 0.380463 -0.134867 -0.116754 0.422449 -0.105257 -0.11937 0.42016 
-0.0756477 -0.121985 0.417872 -0.0460379 -0.124601 0.415583 0.19084 -0.145525 0.397276 
0.22045 -0.14814 0.394987 0.25006 -0.150756 0.392699 -0.090533 0.142258 0.31166 
-0.0911914 0.15141 0.292681 -0.106851 0.138692 0.298799 -0.0609232 0.139642 0.309372 
-0.0615816 0.148795 0.290393 -0.0476313 0.133461 0.294222 0.0575159 0.12918 0.300218 
0.0568575 0.138333 0.281239 0.041198 0.125614 0.287356 0.0871257 0.126565 0.297929 
0.0864673 0.135717 0.27895 0.116735 0.123949 0.295641 0.100418 0.120383 0.282779 
0.146345 0.121334 0.293352 -0.18173 0.131204 0.309493 -0.197389 0.118485 0.315611 
-0.15212 0.128588 0.307205 -0.12251 0.125973 0.304916 -0.033681 0.118126 0.298051 
-0.00407125 0.115511 0.295762 0.0255385 0.112895 0.293474 0.114368 0.105049 0.286608 
0.143978 0.102433 0.28432 0.173587 0.0998178 0.282031 0.203856 0.0880498 0.298722 
0.187538 0.0844837 0.285861 -0.242659 0.108382 0.324017 -0.258318 0.0956636 0.330135 
-0.213049 0.105767 0.321729 0.201488 0.0691495 0.28969 0.215438 0.0538154 0.293519 
-0.302929 0.076408 0.35752 -0.303587 0.0855605 0.338541 -0.319247 0.0728419 0.344658 
-0.273978 0.082945 0.336252 0.230047 0.0293288 0.316327 0.213729 0.0257627 0.303466 
-0.305297 0.0575078 0.348488 -0.275028 0.0457398 0.365178 -0.291346 0.0421737 0.352317 
0.227679 0.0104285 0.307295 0.257947 -0.00133947 0.323985 0.24163 -0.0049056 0.311124 
-0.277396 0.0268395 0.356146 -0.263446 0.0115054 0.359975 0.256238 -0.0293922 0.333932 
0.23992 -0.0329583 0.321071 -0.278447 -0.0103657 0.385072 -0.279105 -0.00121322 0.366093 
-0.294765 -0.0139318 0.37221 0.254529 -0.057445 0.343879 0.238211 -0.0610111 0.331018 
-0.309766 -0.0358029 0.397307 -0.310424 -0.0266504 0.378328 -0.326084 -0.0393691 0.384446 
0.252161 -0.0763452 0.334847 0.28243 -0.0881132 0.351537 0.266112 -0.0916793 0.338676 
-0.312133 -0.0547032 0.388275 -0.282524 -0.0573187 0.385986 -0.252914 -0.0599342 0.383698 
-0.238964 -0.0752684 0.387527 0.28072 -0.116166 0.361484 0.264403 -0.119732 0.348623 
-0.225013 -0.0906025 0.391356 -0.195404 -0.093218 0.389068 -0.165794 -0.0958335 0.386779 
-0.151843 -0.111168 0.390608 -0.0334044 -0.12163 0.381454 -0.0177449 -0.108911 0.375337 
0.0118649 -0.111527 0.373048 0.0414746 -0.114142 0.37076 0.0710844 -0.116758 0.368471 
0.100694 -0.119373 0.366183 0.130304 -0.121989 0.363894 0.159914 -0.124604 0.361606 
0.173864 -0.139938 0.365435 0.249401 -0.141603 0.373719 0.233084 -0.145169 0.360858 
0.248743 -0.132451 0.35474 -0.137893 -0.126502 0.394437 -0.108283 -0.129117 0.392149 
-0.0786737 -0.131733 0.38986 -0.0490639 -0.134348 0.387572 0.187814 -0.155272 0.369264 
0.217424 -0.157888 0.366976 -0.152778 0.137741 0.288226 -0.153437 0.146893 0.269247 
-0.169096 0.134175 0.275364 -0.123169 0.135125 0.285937 -0.123827 0.144278 0.266958 
-0.0942173 0.141662 0.26467 -0.0646076 0.139047 0.262381 -0.0343394 0.127279 0.279072 
-0.0349978 0.136431 0.260093 -0.00472964 0.124663 0.276783 -0.00538804 0.133816 0.257804 
0.0248801 0.122048 0.274495 0.0242217 0.1312 0.255516 0.0538315 0.128585 0.253227 
0.0834413 0.125969 0.250939 0.0973915 0.110635 0.254768 -0.213707 0.114919 0.302749 
-0.214366 0.124072 0.28377 -0.230025 0.111353 0.289888 -0.184756 0.121456 0.281482 
0.111342 0.095301 0.258597 0.140952 0.0926855 0.256308 0.17122 0.0809175 0.272999 
0.154902 0.0773514 0.260138 -0.274636 0.0920975 0.317273 -0.275294 0.10125 0.298294 
-0.290954 0.0885314 0.304412 -0.245685 0.0986345 0.296006 0.168852 0.0620173 0.263967 
0.19912 0.0502493 0.280657 0.182802 0.0466831 0.267796 -0.306613 0.0758127 0.310529 
-0.322273 0.0630941 0.316647 0.197411 0.0221965 0.290604 0.181093 0.0186304 0.277743 
-0.308323 0.04776 0.320476 -0.294372 0.0324259 0.324305 0.195044 0.00329627 0.281572 
0.225312 -0.00847173 0.298263 0.208994 -0.0120379 0.285401 -0.279764 0.00793926 0.347114 
-0.296081 0.00437312 0.334252 0.223602 -0.0365245 0.308209 0.207285 -0.0400906 0.295348 
-0.340692 -0.0148825 0.361637 -0.341351 -0.00572998 0.342658 -0.35701 -0.0184486 0.348776 
-0.311083 -0.017498 0.359349 -0.311741 -0.00834549 0.34037 0.221235 -0.0554247 0.299177 
0.235185 -0.0707589 0.303006 -0.34306 -0.0337827 0.352605 -0.32911 -0.0491169 0.356434 
0.249794 -0.0952455 0.325814 0.233476 -0.0988116 0.312953 -0.315159 -0.064451 0.360263 
-0.28555 -0.0670665 0.357975 -0.255281 -0.0788345 0.374665 -0.271599 -0.0824006 0.361804 
0.070426 -0.107605 0.349492 0.0541081 -0.111171 0.336631 0.0697676 -0.0984527 0.330513 
0.0837179 -0.113787 0.334342 0.248085 -0.123298 0.335761 0.231767 -0.126864 0.3229 
-0.257649 -0.0977348 0.365633 -0.228039 -0.10035 0.363345 -0.19843 -0.102966 0.361056 
-0.16882 -0.105581 0.358768 -0.154869 -0.120915 0.362597 -0.0497223 -0.125196 0.368593 
-0.0660402 -0.128762 0.355731 -0.0503807 -0.116043 0.349614 -0.0207709 -0.118659 0.347325 
0.00883885 -0.121274 0.345037 0.0384486 -0.12389 0.342748 0.0976682 -0.129121 0.338171 
0.127278 -0.131736 0.335883 0.156888 -0.134352 0.333594 0.186497 -0.136967 0.331306 
0.187156 -0.14612 0.350285 0.216107 -0.139583 0.329017 0.216766 -0.148735 0.347996 
-0.140919 -0.13625 0.366426 -0.111309 -0.138865 0.364137 -0.0816997 -0.141481 0.361849 
-0.156463 0.137146 0.241235 -0.172122 0.124427 0.247353 -0.126853 0.13453 0.238947 
-0.0972433 0.131915 0.236658 -0.0676336 0.129299 0.23437 -0.0380238 0.126684 0.232081 
-0.00841404 0.124068 0.229793 0.0211957 0.121453 0.227504 0.0508055 0.118837 0.225216 
0.0810737 0.107069 0.241906 0.0647558 0.103503 0.229045 -0.246343 0.107787 0.277026 
-0.247001 0.116939 0.258047 -0.262661 0.104221 0.264165 -0.217392 0.114324 0.255759 
-0.187782 0.111708 0.25347 0.078706 0.0881688 0.232874 0.108316 0.0855533 0.230586 
0.138584 0.0737853 0.247276 0.122266 0.0702191 0.234415 -0.27832 0.0915022 0.270283 
-0.29398 0.0787836 0.2764 0.136216 0.054885 0.238244 0.166485 0.043117 0.254934 
0.150167 0.0395509 0.242073 -0.338591 0.059528 0.303785 -0.339249 0.0686805 0.284806 
-0.354909 0.0559619 0.290924 -0.309639 0.066065 0.282518 0.164117 0.0242167 0.245902 
0.178067 0.00888262 0.249731 -0.340958 0.0406277 0.294753 -0.31069 0.0288597 0.311444 
-0.327008 0.0252936 0.298582 0.192676 -0.015604 0.27254 0.176358 -0.0191701 0.259678 
-0.312399 0.000806996 0.321391 -0.328717 -0.00275914 0.308529 0.190308 -0.0345043 0.263507 
0.204259 -0.0498384 0.267336 -0.343718 -0.0246302 0.333626 -0.330426 -0.0308119 0.318476 
0.218867 -0.074325 0.290145 0.202549 -0.0778911 0.277283 -0.332136 -0.0588646 0.328423 
0.217158 -0.102378 0.300091 0.20084 -0.105944 0.28723 -0.318185 -0.0741988 0.332252 
-0.288576 -0.0768143 0.329963 -0.274625 -0.0921484 0.333793 0.00818046 -0.112122 0.326058 
-0.00813743 -0.115688 0.313196 0.00752206 -0.102969 0.307079 0.0371318 -0.105585 0.30479 
0.0377902 -0.114737 0.323769 0.0667416 -0.1082 0.302502 0.0963514 -0.110816 0.300213 
0.0970098 -0.119968 0.319192 0.110302 -0.12615 0.304042 0.215449 -0.13043 0.310038 
0.199131 -0.133997 0.297177 -0.260675 -0.107483 0.337622 -0.231065 -0.110098 0.335333 
-0.201456 -0.112714 0.333045 -0.171846 -0.115329 0.330756 -0.142236 -0.117945 0.328468 
-0.141578 -0.127097 0.347447 -0.112626 -0.12056 0.326179 -0.111968 -0.129713 0.345158 
-0.0830165 -0.123176 0.323891 -0.0823581 -0.132328 0.34287 -0.0534067 -0.125791 0.321602 
-0.0237969 -0.128407 0.319314 0.124252 -0.141484 0.307871 0.153862 -0.1441 0.305583 
0.183471 -0.146715 0.303294 -0.18844 0.120861 0.234491 -0.189099 0.130013 0.215512 
-0.204758 0.117295 0.22163 -0.159489 0.127398 0.213224 -0.129879 0.124782 0.210935 
-0.100269 0.122167 0.208647 -0.0706596 0.119551 0.206358 -0.0410498 0.116936 0.20407 
-0.01144 0.11432 0.201781 0.0181697 0.111705 0.199493 0.0484379 0.0999368 0.216183 
0.03212 0.0963707 0.203322 -0.278979 0.100655 0.251303 -0.279637 0.109807 0.232324 
-0.295297 0.0970886 0.238442 -0.250027 0.107192 0.230036 -0.220418 0.104576 0.227747 
0.0460703 0.0810365 0.207151 0.07568 0.078421 0.204863 0.105948 0.066653 0.221553 
0.0896303 0.0630869 0.208692 -0.310298 0.0752175 0.263539 -0.310956 0.0843699 0.24456 
-0.326616 0.0716513 0.250677 0.103581 0.0477527 0.212521 0.133849 0.0359848 0.229212 
0.117531 0.0324186 0.21635 -0.342275 0.0589327 0.256795 -0.357935 0.0462141 0.262913 
0.131481 0.0170845 0.220179 0.161749 0.00531649 0.23687 0.145431 0.00175036 0.224008 
-0.343326 0.0217275 0.285721 -0.359644 0.0181613 0.272859 0.16004 -0.0227363 0.246817 
0.143722 -0.0263024 0.233955 -0.345035 -0.00632527 0.295668 -0.361353 -0.0098914 0.282806 
0.157673 -0.0416365 0.237784 0.187941 -0.0534045 0.254475 0.171623 -0.0569706 0.241613 
-0.347403 -0.0252255 0.286635 -0.333452 -0.0405596 0.290464 0.186232 -0.0814573 0.264422 
0.169914 -0.0850234 0.25156 -0.335162 -0.0686124 0.300411 0.183864 -0.100358 0.255389 
0.197814 -0.115692 0.259219 -0.321211 -0.0839465 0.30424 -0.290943 -0.0957145 0.320931 
-0.307261 -0.0992807 0.30807 -0.0244553 -0.119254 0.300335 -0.0407732 -0.12282 0.287473 
-0.0251137 -0.110102 0.281356 0.00449606 -0.112717 0.279067 0.0341058 -0.115333 0.276779 
0.0637156 -0.117948 0.27449 0.0933254 -0.120564 0.272202 0.107276 -0.135898 0.276031 
0.182813 -0.137563 0.284315 0.166495 -0.141129 0.271454 0.182155 -0.12841 0.265336 
-0.293311 -0.114615 0.311899 -0.263701 -0.11723 0.30961 -0.234091 -0.119846 0.307322 
-0.204482 -0.122461 0.305033 -0.174872 -0.125077 0.302745 -0.145262 -0.127692 0.300456 
-0.115652 -0.130308 0.298168 -0.0860425 -0.132923 0.295879 -0.0564327 -0.135539 0.293591 
0.121226 -0.151232 0.27986 0.150836 -0.153847 0.277571 -0.221076 0.113729 0.208768 
-0.221734 0.122881 0.189789 -0.237394 0.110162 0.195907 -0.192125 0.120266 0.187501 
-0.162515 0.11765 0.185212 -0.132905 0.115035 0.182924 -0.103295 0.112419 0.180635 
-0.0736856 0.109804 0.178347 -0.0440758 0.107188 0.176058 -0.014466 0.104573 0.17377 
0.0158021 0.0928045 0.19046 -0.000515761 0.0892384 0.177599 -0.282663 0.100059 0.204313 
-0.298323 0.0873408 0.210431 -0.253053 0.0974439 0.202024 0.0134345 0.0739043 0.181428 
0.0430443 0.0712887 0.17914 0.0726541 0.0686732 0.176851 0.0866043 0.0533391 0.18068 
-0.342934 0.0680852 0.237816 -0.343592 0.0772377 0.218837 -0.359251 0.0645191 0.224954 
-0.313982 0.0746222 0.216548 0.100555 0.038005 0.184509 0.114505 0.0226708 0.188339 
-0.374252 0.042648 0.250051 -0.374911 0.0518004 0.231072 -0.39057 0.0390818 0.23719 
0.129114 -0.00181577 0.211147 0.112796 -0.0053819 0.198285 -0.375962 0.0145952 0.259998 
-0.39228 0.0110291 0.247136 0.126746 -0.020716 0.202115 0.140696 -0.0360502 0.205944 
-0.378329 -0.00430504 0.250966 -0.364379 -0.0196392 0.254795 0.154647 -0.0513843 0.209773 
0.168597 -0.0667184 0.213602 -0.350429 -0.0349733 0.258624 -0.336478 -0.0503074 0.262453 
0.166888 -0.0947712 0.223549 -0.338188 -0.0783602 0.2724 0.181496 -0.119258 0.246357 
0.165178 -0.122824 0.233496 -0.324237 -0.0936943 0.276229 -0.294628 -0.0963098 0.27394 
-0.293969 -0.105462 0.29292 -0.280677 -0.111644 0.27777 -0.0570911 -0.126386 0.274612 
-0.073409 -0.129953 0.26175 -0.0577495 -0.117234 0.255633 -0.0281397 -0.119849 0.253344 
0.00147006 -0.122465 0.251056 0.0310798 -0.12508 0.248767 0.0606896 -0.127696 0.246479 
0.0902994 -0.130311 0.24419 0.119909 -0.132927 0.241902 0.120568 -0.142079 0.260881 
0.149519 -0.135543 0.239613 0.150177 -0.144695 0.258592 -0.266727 -0.126978 0.281599 
-0.237117 -0.129594 0.27931 -0.207508 -0.132209 0.277022 -0.177898 -0.134825 0.274733 
-0.148288 -0.13744 0.272445 -0.118678 -0.140056 0.270156 -0.0890685 -0.142671 0.267868 
-0.163173 0.126803 0.166233 -0.163832 0.135955 0.147254 -0.179491 0.123236 0.153372 
-0.133564 0.124187 0.163945 -0.134222 0.13334 0.144966 -0.120272 0.118005 0.148795 
-0.253712 0.106596 0.183045 -0.25437 0.115749 0.164066 -0.27003 0.10303 0.170184 
-0.22476 0.113133 0.161778 -0.195151 0.110518 0.159489 -0.106321 0.102671 0.152624 
-0.0767116 0.100056 0.150335 -0.0471018 0.0974403 0.148047 -0.0168336 0.0856723 0.164737 
-0.0331515 0.0821061 0.151876 -0.314641 0.0837747 0.197569 -0.315299 0.0929271 0.17859 
-0.330958 0.0802085 0.184708 -0.285689 0.0903116 0.176302 -0.0192012 0.066772 0.155705 
0.0104085 0.0641565 0.153417 0.0400183 0.061541 0.151128 0.0702865 0.049773 0.167819 
0.0539686 0.0462068 0.154957 -0.346618 0.0674899 0.190825 -0.362277 0.0547713 0.196943 
0.0679188 0.0308727 0.158786 0.098187 0.0191047 0.175477 0.0818691 0.0155386 0.162616 
-0.377937 0.0420527 0.203061 -0.393596 0.0293341 0.209178 0.0958194 0.000204456 0.166445 
0.10977 -0.0151297 0.170274 -0.395306 0.00128131 0.219125 0.12372 -0.0304638 0.174103 
0.13767 -0.0457979 0.177932 -0.381355 -0.0140528 0.222954 -0.367405 -0.0293869 0.226783 
0.152279 -0.0702845 0.200741 0.135961 -0.0738507 0.187879 -0.353455 -0.0447211 0.230612 
-0.339504 -0.0600552 0.234442 0.149911 -0.0891848 0.191708 0.163862 -0.104519 0.195537 
-0.325554 -0.0753893 0.238271 -0.324896 -0.0845418 0.25725 -0.311604 -0.0907235 0.2421 
0.000811665 -0.113312 0.232077 -0.0155062 -0.116879 0.219215 0.000153269 -0.10416 0.213097 
0.029763 -0.106775 0.210809 0.0304214 -0.115928 0.229788 0.0437133 -0.12211 0.214638 
0.14886 -0.12639 0.220634 0.132543 -0.129956 0.207773 0.148202 -0.117238 0.201655 
-0.297654 -0.106058 0.245929 -0.268044 -0.108673 0.243641 -0.267385 -0.117826 0.26262 
-0.238434 -0.111289 0.241352 -0.237776 -0.120441 0.260331 -0.224484 -0.126623 0.245181 
-0.0897268 -0.133519 0.248889 -0.106045 -0.137085 0.236027 -0.0903853 -0.124366 0.22991 
-0.0607755 -0.126982 0.227621 -0.0311657 -0.129597 0.225333 0.0576636 -0.137444 0.218467 
0.0872734 -0.140059 0.216179 0.116883 -0.142675 0.21389 -0.210534 -0.141957 0.24901 
-0.180924 -0.144572 0.246722 -0.151314 -0.147188 0.244433 -0.121704 -0.149803 0.242145 
-0.166858 0.126207 0.119243 -0.182517 0.113489 0.12536 -0.137248 0.123592 0.116954 
-0.123298 0.108258 0.120783 -0.257396 0.106001 0.136055 -0.273056 0.0932825 0.142172 
-0.227786 0.103386 0.133766 -0.198177 0.10077 0.131478 -0.109347 0.0929235 0.124612 
-0.0797376 0.090308 0.122324 -0.0501278 0.0876925 0.120035 -0.0361775 0.0723584 0.123865 
-0.318325 0.0831794 0.150579 -0.333984 0.0704607 0.156696 -0.288715 0.0805638 0.14829 
-0.0222273 0.0570242 0.127694 0.00804091 0.0452562 0.144384 -0.00827697 0.0416901 0.131523 
0.0376507 0.0426407 0.142096 -0.349644 0.0577421 0.162814 -0.365303 0.0450235 0.168931 
0.00567331 0.026356 0.135352 0.0352831 0.0237405 0.133064 0.0655512 0.0119725 0.149754 
0.0492334 0.00840633 0.136893 -0.380963 0.0323049 0.175049 -0.396622 0.0195863 0.181167 
0.0631836 -0.0069278 0.140722 0.0934518 -0.0186958 0.157412 0.0771339 -0.0222619 0.144551 
-0.382672 0.00425216 0.184996 -0.382014 -0.00490033 0.203975 -0.368722 -0.011082 0.188825 
0.0910842 -0.0375961 0.14838 0.121352 -0.0493641 0.165071 0.105034 -0.0529302 0.152209 
-0.370431 -0.0391347 0.198772 0.119643 -0.0774168 0.175018 0.103325 -0.0809829 0.162156 
-0.356481 -0.0544688 0.202601 -0.34253 -0.069803 0.20643 0.117276 -0.0963171 0.165985 
0.147544 -0.108085 0.182676 0.131226 -0.111651 0.169814 -0.32858 -0.0851371 0.210259 
-0.31463 -0.100471 0.214088 -0.0614339 -0.117829 0.208642 -0.0777517 -0.121395 0.195781 
-0.0620923 -0.108677 0.189663 -0.0324825 -0.111292 0.187374 -0.0318241 -0.120445 0.206354 
-0.00287273 -0.113908 0.185086 0.026737 -0.116523 0.182798 0.0563468 -0.119139 0.180509 
0.0570052 -0.128291 0.199488 0.0702971 -0.134473 0.184338 0.116225 -0.133522 0.194911 
0.0999069 -0.137088 0.18205 0.115566 -0.12437 0.175932 -0.30068 -0.115805 0.217918 
-0.27107 -0.118421 0.215629 -0.24146 -0.121036 0.213341 -0.21185 -0.123652 0.211052 
-0.211192 -0.132804 0.230031 -0.182241 -0.126267 0.208764 -0.181582 -0.13542 0.227743 
-0.152631 -0.128883 0.206475 -0.151972 -0.138035 0.225454 -0.123021 -0.131498 0.204187 
-0.122363 -0.140651 0.223166 -0.0934112 -0.134114 0.201898 0.0842474 -0.149807 0.188167 
-0.198835 0.109923 0.112499 -0.199493 0.119075 0.0935196 -0.215153 0.106356 0.0996372 
-0.169884 0.11646 0.0912311 -0.140274 0.113844 0.0889426 -0.110006 0.102076 0.105633 
-0.110664 0.111228 0.0866541 -0.0967138 0.0958944 0.0904833 -0.289374 0.0897163 0.129311 
-0.290032 0.0988688 0.110332 -0.305691 0.0861502 0.116449 -0.260422 0.0962533 0.108043 
-0.230812 0.0936378 0.105755 -0.0827636 0.0805602 0.0943125 -0.0531538 0.0779447 0.092024 
-0.0392035 0.0626106 0.0958531 -0.321351 0.0734316 0.122567 -0.33701 0.060713 0.128685 
-0.0252532 0.0472764 0.0996823 -0.011303 0.0319423 0.103511 -0.381621 0.0414574 0.15607 
-0.38228 0.0506099 0.137091 -0.397939 0.0378913 0.143209 -0.35267 0.0479944 0.134802 
0.00264731 0.0166082 0.107341 0.0329155 0.0048402 0.124031 0.0165976 0.00127406 0.11117 
-0.399648 0.00983851 0.153155 0.0305479 -0.0140601 0.114999 0.060816 -0.0258281 0.13169 
0.0444981 -0.0293942 0.118828 -0.385698 -0.00549562 0.156984 -0.371748 -0.0208298 0.160814 
0.0584484 -0.0447283 0.122657 0.0887166 -0.0564963 0.139348 0.0723987 -0.0600625 0.126486 
-0.373457 -0.0488825 0.17076 0.086349 -0.0753966 0.130316 0.100299 -0.0907307 0.134145 
-0.359507 -0.0642166 0.17459 -0.345556 -0.0795508 0.178419 0.114908 -0.115217 0.156953 
0.0985901 -0.118783 0.144091 -0.331606 -0.0948849 0.182248 -0.301996 -0.0975004 0.179959 
-0.301338 -0.106653 0.198939 -0.272387 -0.100116 0.177671 -0.271728 -0.109268 0.19665 
-0.242777 -0.102731 0.175382 -0.242118 -0.111884 0.194362 -0.213167 -0.105347 0.173094 
-0.212509 -0.114499 0.192073 -0.183557 -0.107962 0.170805 -0.182899 -0.117115 0.189785 
-0.169607 -0.123297 0.174635 -0.123679 -0.122346 0.185208 -0.139997 -0.125912 0.172346 
-0.124338 -0.113193 0.166228 -0.094728 -0.115809 0.16394 -0.0940696 -0.124961 0.182919 
-0.0651183 -0.118424 0.161652 -0.0355085 -0.12104 0.159363 -0.00589873 -0.123656 0.157075 
0.023711 -0.126271 0.154786 0.0533208 -0.128887 0.152498 0.0829306 -0.131502 0.150209 
0.083589 -0.140655 0.169188 -0.155657 -0.138631 0.178464 -0.231471 0.10279 0.0867758 
-0.232129 0.111943 0.0677967 -0.247789 0.0992242 0.0739143 -0.202519 0.109327 0.0655082 
-0.17291 0.106712 0.0632197 -0.1433 0.104096 0.0609312 -0.11369 0.101481 0.0586427 
-0.0997399 0.0861466 0.0624719 -0.293058 0.089121 0.0823204 -0.308717 0.0764024 0.088438 
-0.263448 0.0865055 0.0800319 -0.0857896 0.0708124 0.066301 -0.0555214 0.0590444 0.0829917 
-0.0718393 0.0554783 0.0701302 -0.353328 0.0571468 0.115823 -0.353987 0.0662993 0.0968442 
-0.369646 0.0535807 0.102962 -0.324377 0.0636838 0.0945557 -0.057889 0.0401442 0.0739593 
-0.0282793 0.0375287 0.0716708 -0.014329 0.0221945 0.0755 -0.385306 0.0408621 0.109079 
-0.400965 0.0281435 0.115197 -0.000378692 0.00686042 0.0793291 0.0135716 -0.00847371 0.0831583 
-0.402674 9.07338e-05 0.125144 0.0275219 -0.0238078 0.0869875 0.0414721 -0.039142 0.0908166 
-0.388724 -0.0152434 0.128973 -0.374774 -0.0305775 0.132802 0.0554224 -0.0544761 0.0946458 
0.0693727 -0.0698102 0.0984749 -0.376483 -0.0586303 0.142749 0.083323 -0.0851444 0.102304 
0.0972733 -0.100478 0.106133 -0.362533 -0.0739644 0.146578 -0.332923 -0.0765799 0.14429 
-0.332265 -0.0857324 0.163269 -0.318973 -0.091914 0.148119 -0.0657767 -0.109272 0.142672 
-0.0820945 -0.112838 0.129811 -0.0664351 -0.10012 0.123693 -0.0368253 -0.102735 0.121405 
-0.0361669 -0.111888 0.140384 -0.00721552 -0.105351 0.119116 -0.00655713 -0.114503 0.138095 
0.0223942 -0.107966 0.116828 0.0230526 -0.117119 0.135807 0.0363445 -0.1233 0.120657 
0.0955641 -0.128531 0.11608 -0.305022 -0.107248 0.151948 -0.275413 -0.109864 0.149659 
-0.245803 -0.112479 0.147371 -0.216193 -0.115095 0.145082 -0.186583 -0.11771 0.142794 
-0.156974 -0.120326 0.140506 -0.156315 -0.129478 0.159485 -0.127364 -0.122941 0.138217 
-0.097754 -0.125557 0.135929 0.0502948 -0.138634 0.124486 0.0799046 -0.14125 0.122198 
-0.264107 0.095658 0.0610528 -0.264765 0.104811 0.0420737 -0.280424 0.0920919 0.0481913 
-0.235155 0.102195 0.0397852 -0.205545 0.0995795 0.0374967 -0.175936 0.096964 0.0352083 
-0.146326 0.0943485 0.0329198 -0.116716 0.0917329 0.0306313 -0.102766 0.0763988 0.0344604 
-0.325035 0.0728363 0.0755766 -0.325694 0.0819888 0.0565975 -0.341353 0.0692702 0.0627151 
-0.296084 0.0793733 0.054309 -0.0888156 0.0610647 0.0382896 -0.0748653 0.0457305 0.0421187 
-0.357013 0.0565515 0.0688327 -0.372672 0.0438329 0.0749504 -0.060915 0.0303964 0.0459479 
-0.0313053 0.0277809 0.0436594 -0.017355 0.0124468 0.0474886 -0.388332 0.0311143 0.081068 
-0.403991 0.0183957 0.0871856 -0.00340469 -0.00288736 0.0513177 0.0105456 -0.0182215 0.0551469 
-0.390041 0.00306158 0.0910148 -0.389382 -0.00609091 0.109994 -0.376091 -0.0122726 0.094844 
0.0244959 -0.0335556 0.058976 0.054764 -0.0453236 0.0756667 0.0541056 -0.0361711 0.0566875 
0.0680559 -0.0515053 0.0605167 -0.3778 -0.0403253 0.104791 0.0663467 -0.079558 0.0704635 
-0.36385 -0.0556594 0.10862 -0.363191 -0.0648119 0.127599 -0.349899 -0.0709936 0.112449 
0.080297 -0.0948921 0.0742926 0.0942473 -0.110226 0.0781218 -0.335949 -0.0863277 0.116278 
-0.321999 -0.101662 0.120107 -0.128022 -0.113789 0.119238 -0.14434 -0.117355 0.106376 
-0.128681 -0.104636 0.100259 -0.0990708 -0.107252 0.0979703 -0.0984124 -0.116404 0.116949 
-0.0694611 -0.109867 0.0956818 -0.0398513 -0.112483 0.0933934 -0.0102415 -0.115098 0.0911049 
0.0193682 -0.117714 0.0888164 0.048978 -0.120329 0.0865279 0.0496364 -0.129482 0.105507 
0.0785878 -0.122945 0.0842394 0.0792462 -0.132097 0.103219 -0.308048 -0.116996 0.123937 
-0.278439 -0.119611 0.121648 -0.248829 -0.122227 0.11936 -0.219219 -0.124842 0.117071 
-0.189609 -0.127458 0.114783 -0.16 -0.130074 0.112494 -0.296742 0.0885258 0.0353299 
-0.297401 0.0976782 0.0163507 -0.31306 0.0849596 0.0224684 -0.267791 0.0950627 0.0140623 
-0.238181 0.0924472 0.0117738 -0.208571 0.0898317 0.00948529 -0.178962 0.0872162 0.00719681 
-0.149352 0.0846007 0.00490833 -0.119742 0.0819852 0.00261984 -0.105792 0.066651 0.006449 
-0.32872 0.072241 0.028586 -0.344379 0.0595224 0.0347037 -0.0918416 0.0513169 0.0102782 
-0.0778913 0.0359828 0.0141073 -0.360039 0.0468038 0.0408213 -0.375698 0.0340852 0.0469389 
-0.063941 0.0206486 0.0179365 -0.0343313 0.0180331 0.015648 -0.020381 0.002699 0.0194771 
-0.390699 0.0122141 0.0720357 -0.377407 0.00603241 0.0568857 -0.00643069 -0.0126351 0.0233063 
0.00751959 -0.0279693 0.0271354 -0.379117 -0.0220203 0.0668325 0.0214699 -0.0433034 0.0309646 
0.0510796 -0.0459189 0.0286761 0.0650299 -0.061253 0.0325053 -0.380826 -0.0500731 0.0767793 
0.0633207 -0.0893058 0.042452 -0.366876 -0.0654072 0.0806085 -0.352925 -0.0807413 0.0844376 
-0.0701195 -0.100715 0.0767027 -0.0864374 -0.104281 0.0638413 -0.0707779 -0.0915623 0.0577236 
-0.0411681 -0.0941778 0.0554351 -0.0405097 -0.10333 0.0744142 -0.0115583 -0.0967934 0.0531466 
-0.0108999 -0.105946 0.0721258 0.00239196 -0.112127 0.0569758 0.077271 -0.10464 0.0462812 
0.0912213 -0.119974 0.0501103 -0.338975 -0.0960755 0.0882668 -0.325025 -0.11141 0.0920959 
-0.190268 -0.118306 0.0958035 -0.206586 -0.121872 0.082942 -0.190926 -0.109153 0.0768243 
-0.161316 -0.111769 0.0745359 -0.160658 -0.120921 0.093515 -0.131707 -0.114384 0.0722474 
-0.102097 -0.117 0.0699589 0.0163422 -0.127462 0.060805 0.045952 -0.130077 0.0585165 
0.0755618 -0.132693 0.056228 -0.311074 -0.126744 0.0959251 -0.281465 -0.129359 0.0936366 
-0.251855 -0.131975 0.0913481 -0.222245 -0.13459 0.0890596 -0.300427 0.0879305 -0.0116607 
-0.316086 0.0752118 -0.00554306 -0.270817 0.085315 -0.0139492 -0.241207 0.0826994 -0.0162377 
-0.211597 0.0800839 -0.0185261 -0.181988 0.0774684 -0.0208146 -0.152378 0.0748529 -0.0231031 
-0.122768 0.0722374 -0.0253916 -0.108818 0.0569033 -0.0215624 -0.331746 0.0624932 0.000574588 
-0.347405 0.0497746 0.00669222 -0.0948676 0.0415691 -0.0177333 -0.0809173 0.026235 -0.0139041 
-0.363065 0.037056 0.0128099 -0.378724 0.0243374 0.0189275 -0.066967 0.0109009 -0.010075 
-0.0373573 0.00828535 -0.0123635 -0.023407 -0.00704878 -0.00853431 -0.380433 -0.00371536 0.0288743 
-0.00945669 -0.0223829 -0.00470516 0.00449359 -0.037717 -0.000876008 -0.382143 -0.0317681 0.0388211 
0.0184439 -0.0530512 0.00295315 0.0480536 -0.0556667 0.00066466 0.0620039 -0.0710008 0.00449381 
-0.383852 -0.0598209 0.0487679 0.0759542 -0.0863349 0.00832297 0.0766126 -0.0954874 0.0273021 
0.0899045 -0.101669 0.0121521 -0.369902 -0.075155 0.052597 -0.355951 -0.0904891 0.0564262 
-0.102755 -0.107847 0.0509798 -0.119073 -0.111413 0.0381183 -0.103414 -0.0986946 0.0320007 
-0.0738038 -0.10131 0.0297122 -0.0441941 -0.103926 0.0274237 -0.0145843 -0.106541 0.0251352 
0.0150255 -0.109157 0.0228467 0.0156838 -0.118309 0.0418258 0.0446352 -0.111772 0.0205582 
0.0452936 -0.120925 0.0395374 0.0585855 -0.127106 0.0243874 0.0881953 -0.129722 0.0220989 
-0.342001 -0.105823 0.0602553 -0.312391 -0.108439 0.0579668 -0.311733 -0.117591 0.076946 
-0.282781 -0.111054 0.0556784 -0.282123 -0.120207 0.0746575 -0.253172 -0.11367 0.0533899 
-0.252513 -0.122822 0.072369 -0.223562 -0.116285 0.0511014 -0.222904 -0.125438 0.0700805 
-0.193952 -0.118901 0.0488129 -0.164342 -0.121516 0.0465244 -0.134733 -0.124132 0.0442359 
0.0725358 -0.14244 0.0282165 -0.303453 0.0781827 -0.0396721 -0.319112 0.0654641 -0.0335545 
-0.273843 0.0755672 -0.0419606 -0.244233 0.0729517 -0.0442491 -0.214623 0.0703362 -0.0465376 
-0.185014 0.0677206 -0.0488261 -0.155404 0.0651051 -0.0511145 -0.125794 0.0624896 -0.053403 
-0.111844 0.0471555 -0.0495739 -0.334772 0.0527455 -0.0274368 -0.350431 0.0400268 -0.0213192 
-0.0978936 0.0318214 -0.0457447 -0.0676254 0.0200534 -0.0290541 -0.0682838 0.0292058 -0.0480332 
-0.0543335 0.0138717 -0.0442041 -0.366091 0.0273082 -0.0152016 -0.38175 0.0145896 -0.00908394 
-0.0403833 -0.00146242 -0.0403749 -0.0101151 -0.0132304 -0.0236843 -0.0107735 -0.00407794 -0.0426634 
0.0031768 -0.0194121 -0.0388342 -0.383459 -0.0134631 0.00086285 0.0177855 -0.0438987 -0.016026 
0.0171271 -0.0347462 -0.0350051 0.0473952 -0.0465142 -0.0183145 0.0467368 -0.0373617 -0.0372936 
0.0606871 -0.0526958 -0.0334644 -0.385169 -0.0415159 0.0108096 0.0752958 -0.0771825 -0.0106561 
0.0746374 -0.06803 -0.0296353 0.0885877 -0.0833641 -0.0258061 -0.371218 -0.05685 0.0146388 
-0.37056 -0.0660025 0.0336179 -0.357268 -0.0721841 0.0184679 0.0868785 -0.111417 -0.0158593 
-0.358977 -0.100237 0.0284147 -0.135391 -0.114979 0.0252568 -0.151709 -0.118545 0.0123953 
-0.136049 -0.105827 0.00627771 -0.10644 -0.108442 0.00398922 -0.0768299 -0.111058 0.00170074 
-0.0472201 -0.113673 -0.000587745 -0.0176103 -0.116289 -0.00287623 0.0119995 -0.118904 -0.00516471 
0.0416092 -0.12152 -0.0074532 0.0555595 -0.136854 -0.00362405 0.0851693 -0.13947 -0.00591253 
-0.345027 -0.115571 0.0322439 -0.315417 -0.118187 0.0299554 -0.285807 -0.120802 0.0276669 
-0.256198 -0.123418 0.0253784 -0.226588 -0.126033 0.02309 -0.196978 -0.128649 0.0208015 
-0.167368 -0.131264 0.018513 0.0695098 -0.152188 0.000205106 -0.306479 0.0684349 -0.0676836 
-0.322138 0.0557163 -0.0615659 -0.276869 0.0658194 -0.0699721 -0.247259 0.0632039 -0.0722605 
-0.217649 0.0605884 -0.074549 -0.18804 0.0579729 -0.0768375 -0.15843 0.0553573 -0.079126 
-0.12882 0.0527418 -0.0814145 -0.11487 0.0374077 -0.0775853 -0.337798 0.0429977 -0.0554483 
-0.353457 0.0302791 -0.0493306 -0.10092 0.0220736 -0.0737562 -0.0713098 0.0194581 -0.0760446 
-0.0410416 0.00769006 -0.059354 -0.0417 0.0168426 -0.0783331 -0.0277498 0.00150842 -0.074504 
-0.369117 0.0175605 -0.043213 -0.384776 0.00484183 -0.0370954 -0.0137995 -0.0138257 -0.0706748 
0.0164687 -0.0255937 -0.0539842 0.0158103 -0.0164412 -0.0729633 0.0297606 -0.0317754 -0.0691342 
-0.386485 -0.0232109 -0.0271486 0.0437108 -0.0471095 -0.065305 0.073979 -0.0588775 -0.0486144 
0.0733206 -0.049725 -0.0675935 0.0872709 -0.0650591 -0.0637643 -0.388195 -0.0512637 -0.0172018 
0.10188 -0.0895457 -0.0409561 0.101221 -0.0803933 -0.0599352 0.115171 -0.0957274 -0.056106 
-0.374244 -0.0665978 -0.0133726 -0.360294 -0.0819319 -0.00954349 -0.0182687 -0.107136 -0.0218553 
-0.0345866 -0.110703 -0.0347168 -0.0189271 -0.0979839 -0.0408345 0.0106827 -0.100599 -0.0431229 
0.0113411 -0.109752 -0.0241438 0.0246329 -0.115934 -0.0392938 0.10017 -0.117598 -0.0310093 
0.113462 -0.12378 -0.0461592 -0.346344 -0.097266 -0.00571433 -0.345685 -0.106419 0.0132648 
-0.332393 -0.1126 -0.00188519 -0.227246 -0.116881 0.00411084 -0.243564 -0.120447 -0.00875064 
-0.227905 -0.107728 -0.0148683 -0.198295 -0.110344 -0.0171568 -0.197637 -0.119496 0.00182235 
-0.168685 -0.112959 -0.0194452 -0.168027 -0.122112 -0.00046613 -0.139075 -0.115575 -0.0217337 
-0.109466 -0.11819 -0.0240222 -0.0798558 -0.120806 -0.0263107 -0.0502461 -0.123421 -0.0285992 
0.0385832 -0.131268 -0.0354646 0.068193 -0.133883 -0.0377531 0.0688514 -0.143036 -0.018774 
0.0978028 -0.136499 -0.0400416 -0.318443 -0.127934 0.00194397 -0.288833 -0.13055 -0.000344517 
-0.259224 -0.133165 -0.002633 -0.309505 0.0586871 -0.095695 -0.325164 0.0459685 -0.0895774 
-0.279895 0.0560716 -0.0979835 -0.250285 0.0534561 -0.100272 -0.220675 0.0508406 -0.10256 
-0.191066 0.0482251 -0.104849 -0.161456 0.0456096 -0.107137 -0.131846 0.0429941 -0.109426 
-0.101578 0.0312261 -0.0927353 -0.102236 0.0403786 -0.111714 -0.0882861 0.0250444 -0.107885 
-0.340824 0.0332499 -0.0834597 -0.356483 0.0205313 -0.0773421 -0.0743358 0.00971029 -0.104056 
-0.044726 0.00709477 -0.106345 -0.0144579 -0.00467322 -0.0896539 -0.0151163 0.00447926 -0.108633 
-0.001166 -0.0108549 -0.104804 -0.372143 0.00781268 -0.0712245 -0.387802 -0.00490594 -0.0651068 
0.0127843 -0.026189 -0.100975 0.0430524 -0.037957 -0.0842841 0.042394 -0.0288045 -0.103263 
0.0563443 -0.0441386 -0.0994341 -0.389511 -0.0329587 -0.05516 0.0702946 -0.0594728 -0.0956049 
0.100563 -0.0712408 -0.0789143 0.0999044 -0.0620883 -0.0978934 0.130173 -0.0738563 -0.0812028 
0.129514 -0.0647038 -0.100182 0.143464 -0.0800379 -0.0963527 -0.391221 -0.0610114 -0.0452132 
0.128463 -0.101909 -0.071256 0.141755 -0.108091 -0.0864059 -0.37727 -0.0763456 -0.0413841 
-0.36332 -0.0916797 -0.0375549 -0.0805142 -0.111653 -0.0452898 -0.0968321 -0.115219 -0.0581513 
-0.0811726 -0.102501 -0.0642689 -0.0515629 -0.105116 -0.0665574 -0.0509045 -0.114269 -0.0475783 
-0.0219531 -0.107732 -0.0688459 0.00765666 -0.110347 -0.0711344 0.0372664 -0.112963 -0.0734229 
0.0379248 -0.122115 -0.0544438 0.0512167 -0.128297 -0.0695937 0.126754 -0.129962 -0.0613092 
0.140046 -0.136143 -0.0764592 -0.34937 -0.107014 -0.0337258 -0.31976 -0.109629 -0.0360143 
-0.319102 -0.118782 -0.0170351 -0.29015 -0.112245 -0.0383027 -0.289492 -0.121397 -0.0193236 
-0.26054 -0.11486 -0.0405912 -0.259882 -0.124013 -0.0216121 -0.230931 -0.117476 -0.0428797 
-0.201321 -0.120091 -0.0451682 -0.171711 -0.122707 -0.0474567 -0.142101 -0.125322 -0.0497452 
-0.112492 -0.127938 -0.0520336 0.065167 -0.143631 -0.0657646 0.0947767 -0.146247 -0.068053 
0.124387 -0.148862 -0.0703415 -0.250944 0.0626086 -0.119251 -0.251602 0.0717611 -0.13823 
-0.267261 0.0590425 -0.132113 -0.221334 0.0599931 -0.12154 -0.221992 0.0691456 -0.140519 
-0.208042 0.0538114 -0.13669 -0.312531 0.0489394 -0.123706 -0.32819 0.0362208 -0.117589 
-0.282921 0.0463239 -0.125995 -0.194092 0.0384773 -0.13286 -0.164482 0.0358618 -0.135149 
-0.134872 0.0332463 -0.137437 -0.104604 0.0214783 -0.120747 -0.120922 0.0179122 -0.133608 
-0.34385 0.0235021 -0.111471 -0.359509 0.0107835 -0.105354 -0.106972 0.00257802 -0.129779 
-0.0773618 -3.74903e-05 -0.132068 -0.047752 -0.002653 -0.134356 -0.0181423 -0.00526852 -0.136644 
0.0121259 -0.0170365 -0.119954 0.0114675 -0.00788403 -0.138933 0.0254178 -0.0232182 -0.135104 
-0.375169 -0.0019351 -0.0992359 -0.390828 -0.0146537 -0.0931183 0.039368 -0.0385523 -0.131275 
0.0696362 -0.0503203 -0.114584 0.0689778 -0.0411678 -0.133563 0.0829281 -0.0565019 -0.129734 
-0.392537 -0.0427065 -0.0831715 0.0968784 -0.0718361 -0.125905 0.126488 -0.0744516 -0.128193 
0.140438 -0.0897857 -0.124364 -0.394247 -0.0707592 -0.0732247 0.138729 -0.117838 -0.114417 
-0.380296 -0.0860933 -0.0693955 -0.366346 -0.101427 -0.0655664 -0.11315 -0.118785 -0.0710128 
-0.129468 -0.122352 -0.0838742 -0.113808 -0.109633 -0.0899919 -0.0841986 -0.112248 -0.0922804 
-0.0545889 -0.114864 -0.0945689 -0.0249791 -0.117479 -0.0968573 0.00463066 -0.120095 -0.0991458 
0.0342404 -0.122711 -0.101434 0.0638502 -0.125326 -0.103723 0.0645086 -0.134479 -0.0847437 
0.0778005 -0.14066 -0.0998936 0.13702 -0.145891 -0.104471 -0.352396 -0.116762 -0.0617372 
-0.322786 -0.119377 -0.0640257 -0.293176 -0.121993 -0.0663142 -0.263566 -0.124608 -0.0686027 
-0.233957 -0.127224 -0.0708911 -0.204347 -0.129839 -0.0731796 -0.174737 -0.132455 -0.0754681 
-0.145127 -0.13507 -0.0777566 0.0917508 -0.155994 -0.0960645 0.121361 -0.15861 -0.098353 
-0.283579 0.0554763 -0.144974 -0.284238 0.0646288 -0.163953 -0.299897 0.0519102 -0.157836 
-0.254628 0.0620133 -0.166242 -0.225018 0.0593978 -0.16853 -0.211068 0.0440637 -0.164701 
-0.315557 0.0391916 -0.151718 -0.331216 0.026473 -0.1456 -0.197118 0.0287295 -0.160872 
-0.167508 0.026114 -0.16316 -0.137898 0.0234985 -0.165449 -0.123948 0.00816439 -0.16162 
-0.346876 0.0137544 -0.139483 -0.362535 0.00103575 -0.133365 -0.109998 -0.00716975 -0.15779 
-0.0803878 -0.00978526 -0.160079 -0.050778 -0.0124008 -0.162367 -0.0211683 -0.0150163 -0.164656 
0.00844149 -0.0176318 -0.166944 0.0387097 -0.0293998 -0.150254 0.0380513 -0.0202473 -0.169233 
0.0520015 -0.0355814 -0.165404 -0.378195 -0.0116829 -0.127247 -0.393854 -0.0244015 -0.12113 
0.0659518 -0.0509156 -0.161575 0.09622 -0.0626836 -0.144884 0.0955616 -0.0535311 -0.163863 
0.109512 -0.0688652 -0.160034 -0.395563 -0.0524542 -0.111183 0.123462 -0.0841993 -0.156205 
0.137412 -0.0995335 -0.152376 -0.381613 -0.0677884 -0.107354 -0.380955 -0.0769408 -0.0883746 
-0.367663 -0.0831225 -0.103525 -0.0552473 -0.105711 -0.113548 -0.0715652 -0.109278 -0.126409 
-0.0559057 -0.096559 -0.132527 -0.0262959 -0.0991745 -0.134816 -0.0256375 -0.108327 -0.115836 
0.00331387 -0.10179 -0.137104 0.00397226 -0.110943 -0.118125 0.0329236 -0.104406 -0.139393 
0.033582 -0.113558 -0.120413 0.0468739 -0.11974 -0.135563 0.135703 -0.127586 -0.142429 
-0.353713 -0.0984566 -0.0996954 -0.353054 -0.107609 -0.0807163 -0.339762 -0.113791 -0.0958663 
-0.145786 -0.125918 -0.0967357 -0.162104 -0.129484 -0.109597 -0.146444 -0.116765 -0.115715 
-0.116834 -0.119381 -0.118003 -0.0872246 -0.121996 -0.120292 0.0608242 -0.135074 -0.131734 
0.090434 -0.137689 -0.134023 0.0910924 -0.146842 -0.115044 0.104384 -0.153023 -0.130194 
0.133994 -0.155639 -0.132482 -0.325812 -0.129125 -0.0920371 -0.296202 -0.13174 -0.0943256 
-0.266592 -0.134356 -0.0966141 -0.236983 -0.136971 -0.0989026 -0.207373 -0.139587 -0.101191 
-0.177763 -0.142202 -0.10348 0.118335 -0.168358 -0.126364 -0.287264 0.054881 -0.191965 
-0.302923 0.0421624 -0.185847 -0.257654 0.0522655 -0.194253 -0.228044 0.04965 -0.196542 
-0.197776 0.037882 -0.179851 -0.198434 0.0470345 -0.19883 -0.184484 0.0317004 -0.195001 
-0.318583 0.0294438 -0.179729 -0.334242 0.0167252 -0.173612 -0.170534 0.0163662 -0.191172 
-0.140924 0.0137507 -0.19346 -0.110656 0.00198274 -0.17677 -0.111314 0.0111352 -0.195749 
-0.0810462 -0.000632781 -0.179058 -0.0817046 0.00851971 -0.198037 -0.0677543 -0.00681442 -0.194208 
-0.349902 0.00400658 -0.167494 -0.365561 -0.00871204 -0.161376 -0.053804 -0.0221486 -0.190379 
-0.0241943 -0.0247641 -0.192667 0.00541549 -0.0273796 -0.194956 0.0350253 -0.0299951 -0.197244 
0.0652934 -0.0417631 -0.180554 0.064635 -0.0326106 -0.199533 0.0785853 -0.0479447 -0.195704 
-0.381221 -0.0214306 -0.155259 -0.39688 -0.0341493 -0.149141 0.0925356 -0.0632789 -0.191875 
0.122804 -0.0750469 -0.175184 0.122145 -0.0658944 -0.194163 0.152414 -0.0776624 -0.177472 
0.151755 -0.0685099 -0.196451 0.165705 -0.083844 -0.192622 -0.398589 -0.062202 -0.139194 
0.150704 -0.105715 -0.167526 0.163996 -0.111897 -0.182676 -0.384639 -0.0775361 -0.135365 
-0.370689 -0.0928703 -0.131536 -0.0745912 -0.119025 -0.154421 -0.0589317 -0.106307 -0.160539 
-0.0293219 -0.108922 -0.162827 0.000287863 -0.111538 -0.165115 0.0298976 -0.114153 -0.167404 
0.0595074 -0.116769 -0.169692 0.0601658 -0.125921 -0.150713 0.0734577 -0.132103 -0.165863 
0.148995 -0.133768 -0.157579 0.162287 -0.13995 -0.172729 -0.356739 -0.108204 -0.127707 
-0.327129 -0.11082 -0.129995 -0.32647 -0.119972 -0.111016 -0.297519 -0.113435 -0.132284 
-0.296861 -0.122588 -0.113305 -0.283569 -0.12877 -0.128455 -0.178422 -0.13305 -0.122459 
-0.194739 -0.136616 -0.13532 -0.17908 -0.123897 -0.141438 -0.14947 -0.126513 -0.143726 
-0.11986 -0.129129 -0.146015 -0.0902507 -0.131744 -0.148303 0.087408 -0.147437 -0.162034 
0.117018 -0.150053 -0.164323 0.117676 -0.159205 -0.145344 0.146628 -0.152668 -0.166611 
-0.269618 -0.144104 -0.124626 -0.240009 -0.146719 -0.126914 -0.210399 -0.149335 -0.129202 
-0.29029 0.0451333 -0.219976 -0.305949 0.0324147 -0.213858 -0.26068 0.0425178 -0.222265 
-0.23107 0.0399022 -0.224553 -0.20146 0.0372867 -0.226841 -0.18751 0.0219526 -0.223012 
-0.321609 0.019696 -0.207741 -0.337268 0.00697742 -0.201623 -0.17356 0.00661847 -0.219183 
-0.14395 0.00400296 -0.221472 -0.11434 0.00138745 -0.22376 -0.0847306 -0.00122807 -0.226049 
-0.0544624 -0.0129961 -0.209358 -0.0551208 -0.00384358 -0.228337 -0.0411706 -0.0191777 -0.224508 
-0.352928 -0.00574119 -0.195505 -0.368587 -0.0184598 -0.189388 -0.0272203 -0.0345118 -0.220679 
0.00238949 -0.0371274 -0.222967 0.0319993 -0.0397429 -0.225256 0.061609 -0.0423584 -0.227544 
0.0918772 -0.0541264 -0.210854 0.0912188 -0.0449739 -0.229833 0.121487 -0.0567419 -0.213142 
0.120829 -0.0475894 -0.232121 0.134779 -0.0629235 -0.228292 -0.384247 -0.0311784 -0.18327 
-0.399906 -0.043897 -0.177153 0.148729 -0.0782577 -0.224463 0.178997 -0.0900257 -0.207772 
0.178339 -0.0808732 -0.226751 0.208607 -0.0926412 -0.210061 0.207949 -0.0834887 -0.22904 
0.221899 -0.0988228 -0.225211 -0.401615 -0.0719498 -0.167206 -0.000370532 -0.102385 -0.184095 
-0.0166884 -0.105951 -0.196956 -0.00102893 -0.0932328 -0.203074 0.0285808 -0.0958484 -0.205362 
0.0292392 -0.105001 -0.186383 0.0581906 -0.0984639 -0.207651 0.058849 -0.107616 -0.188672 
0.0721409 -0.113798 -0.203822 0.177288 -0.118078 -0.197826 0.19058 -0.12426 -0.212975 
0.206239 -0.111541 -0.219093 -0.387665 -0.0872839 -0.163377 -0.358055 -0.0898994 -0.165665 
-0.357397 -0.0990519 -0.146686 -0.344105 -0.105234 -0.161836 -0.090909 -0.122592 -0.167282 
-0.107227 -0.126158 -0.180144 -0.0915674 -0.113439 -0.186261 -0.0619577 -0.116055 -0.18855 
-0.0323479 -0.11867 -0.190838 0.0860912 -0.129132 -0.199992 0.0867496 -0.138285 -0.181013 
0.115701 -0.131748 -0.202281 0.116359 -0.1409 -0.183302 0.129651 -0.147082 -0.198452 
0.175579 -0.146131 -0.187879 0.188871 -0.152313 -0.203029 -0.330155 -0.120568 -0.158007 
-0.300545 -0.123183 -0.160295 -0.270935 -0.125799 -0.162584 -0.270277 -0.134951 -0.143605 
-0.241325 -0.128414 -0.164872 -0.240667 -0.137567 -0.145893 -0.211716 -0.13103 -0.167161 
-0.211057 -0.140182 -0.148182 -0.182106 -0.133645 -0.169449 -0.152496 -0.136261 -0.171738 
-0.122886 -0.138876 -0.174026 0.143601 -0.162416 -0.194623 0.173211 -0.165031 -0.196911 
-0.292657 0.026233 -0.229008 -0.279365 0.0200514 -0.244158 -0.263706 0.03277 -0.250276 
-0.234096 0.0301545 -0.252564 -0.204486 0.027539 -0.254853 -0.190536 0.0122048 -0.251024 
-0.324635 0.00994827 -0.235752 -0.340294 -0.00277035 -0.229635 -0.295025 0.00733275 -0.238041 
-0.176586 -0.0031293 -0.247195 -0.146976 -0.00574482 -0.249483 -0.117366 -0.00836033 -0.251772 
-0.0877566 -0.0109758 -0.25406 -0.0581468 -0.0135914 -0.256349 -0.0278787 -0.0253594 -0.239658 
-0.0285371 -0.0162069 -0.258637 0.00173109 -0.0279749 -0.241946 0.0010727 -0.0188224 -0.260926 
0.0313409 -0.0305904 -0.244235 0.0306825 -0.0214379 -0.263214 0.0609506 -0.0332059 -0.246523 
0.0602922 -0.0240534 -0.265502 0.0905604 -0.0358214 -0.248812 0.089902 -0.0266689 -0.267791 
0.12017 -0.0384369 -0.2511 0.119512 -0.0292844 -0.270079 0.133462 -0.0446186 -0.26625 
-0.355954 -0.015489 -0.223517 -0.371613 -0.0282076 -0.217399 0.148071 -0.0691052 -0.243442 
0.147412 -0.0599527 -0.262421 0.17768 -0.0717207 -0.245731 0.177022 -0.0625682 -0.26471 
0.20729 -0.0743362 -0.248019 0.206632 -0.0651837 -0.266998 0.220582 -0.0805179 -0.263169 
-0.387273 -0.0409262 -0.211282 -0.402932 -0.0536448 -0.205164 0.235191 -0.105004 -0.240361 
0.234532 -0.095852 -0.25934 0.248483 -0.111186 -0.255511 -0.388982 -0.0689789 -0.201335 
-0.388323 -0.0781314 -0.182356 -0.375032 -0.0843131 -0.197506 -0.0626161 -0.106902 -0.207529 
-0.078934 -0.110468 -0.220391 -0.0632745 -0.0977496 -0.226508 -0.0336647 -0.100365 -0.228797 
-0.0330063 -0.109518 -0.209818 -0.00405493 -0.102981 -0.231085 0.0255548 -0.105596 -0.233374 
0.0551646 -0.108212 -0.235662 0.0847744 -0.110827 -0.237951 0.0854328 -0.11998 -0.218971 
0.114384 -0.113443 -0.240239 0.115043 -0.122595 -0.22126 0.128334 -0.128777 -0.23641 
0.203872 -0.130442 -0.228125 0.217164 -0.136623 -0.243275 0.232823 -0.123905 -0.249393 
-0.361081 -0.0996472 -0.193677 -0.331472 -0.102263 -0.195965 -0.330813 -0.111415 -0.176986 
-0.301862 -0.104878 -0.198253 -0.301203 -0.114031 -0.179274 -0.272252 -0.107494 -0.200542 
-0.271594 -0.116646 -0.181563 -0.242642 -0.110109 -0.20283 -0.241984 -0.119262 -0.183851 
-0.228692 -0.125443 -0.199001 -0.153155 -0.127108 -0.190717 -0.169472 -0.130674 -0.203578 
-0.153813 -0.117956 -0.209696 -0.124203 -0.120571 -0.211984 -0.123545 -0.129724 -0.193005 
-0.0945934 -0.123187 -0.214273 0.142285 -0.144111 -0.232581 0.142943 -0.153263 -0.213602 
0.171894 -0.146726 -0.234869 0.172553 -0.155879 -0.21589 0.201504 -0.149342 -0.237158 
-0.214742 -0.140778 -0.195172 -0.185132 -0.143393 -0.197461 -0.266732 0.0230222 -0.278287 
-0.282391 0.0103036 -0.27217 -0.237122 0.0204067 -0.280576 -0.207512 0.0177912 -0.282864 
-0.177244 0.00602318 -0.266174 -0.177903 0.0151757 -0.285153 -0.147635 0.00340767 -0.268462 
-0.148293 0.0125602 -0.287441 -0.118025 0.000792155 -0.270751 -0.118683 0.00994464 -0.28973 
-0.088415 -0.00182336 -0.273039 -0.0890734 0.00732913 -0.292018 -0.0588052 -0.00443887 -0.275328 
-0.0594636 0.00471361 -0.294307 -0.0291955 -0.00705439 -0.277616 -0.0298539 0.0020981 -0.296595 
0.000414301 -0.0096699 -0.279905 -0.000244095 -0.000517415 -0.298884 0.0300241 -0.0122854 -0.282193 
0.0293657 -0.00313293 -0.301172 0.0596338 -0.0149009 -0.284482 0.0589754 -0.00574844 -0.303461 
0.0892436 -0.0175164 -0.28677 0.0885852 -0.00836396 -0.305749 0.118853 -0.020132 -0.289059 
0.118195 -0.0109795 -0.308038 0.132145 -0.0263136 -0.304209 -0.327661 0.000200492 -0.263764 
-0.34332 -0.0125181 -0.257646 -0.298051 -0.00241502 -0.266052 0.146754 -0.0508002 -0.2814 
0.146096 -0.0416477 -0.300379 0.176364 -0.0534157 -0.283689 0.175705 -0.0442632 -0.302668 
0.205973 -0.0560312 -0.285977 0.205315 -0.0468788 -0.304956 0.219265 -0.0622129 -0.301127 
-0.35898 -0.0252367 -0.251528 -0.374639 -0.0379554 -0.245411 0.233874 -0.0866995 -0.278319 
0.233216 -0.077547 -0.297298 0.263484 -0.089315 -0.280607 0.262825 -0.0801625 -0.299587 
0.276776 -0.0954967 -0.295757 -0.38964 -0.0598265 -0.220314 -0.376348 -0.0660081 -0.235464 
0.261116 -0.108215 -0.28964 0.245457 -0.120934 -0.283522 -0.362398 -0.0813422 -0.231635 
-0.36174 -0.0904947 -0.212656 -0.332788 -0.0839577 -0.233923 -0.33213 -0.0931102 -0.214944 
-0.303179 -0.0865733 -0.236212 -0.30252 -0.0957257 -0.217233 -0.289228 -0.101907 -0.232383 
-0.0952518 -0.114034 -0.233252 -0.11157 -0.1176 -0.246114 -0.0959102 -0.104882 -0.252231 
-0.0663005 -0.107497 -0.25452 -0.0366907 -0.110113 -0.256808 -0.00708093 -0.112728 -0.259097 
0.0225288 -0.115344 -0.261385 0.0521386 -0.117959 -0.263674 0.0817484 -0.120575 -0.265962 
0.111358 -0.12319 -0.268251 0.140968 -0.125806 -0.270539 0.141626 -0.134958 -0.25156 
0.170578 -0.128421 -0.272827 0.171236 -0.137574 -0.253848 0.184528 -0.143756 -0.268998 
0.214138 -0.146371 -0.271287 0.229797 -0.133653 -0.277404 -0.275278 -0.117242 -0.228553 
-0.245668 -0.119857 -0.230842 -0.216059 -0.122473 -0.23313 -0.2154 -0.131625 -0.214151 
-0.186449 -0.125088 -0.235419 -0.18579 -0.134241 -0.21644 -0.156839 -0.127704 -0.237707 
-0.127229 -0.130319 -0.239996 0.198478 -0.15909 -0.265169 -0.298709 0.00673747 -0.285031 
-0.299368 0.0158899 -0.30401 -0.315027 0.00317133 -0.297893 -0.269758 0.0132744 -0.306299 
-0.240148 0.0106589 -0.308587 -0.210538 0.0080434 -0.310876 -0.180929 0.0054279 -0.313164 
-0.151319 0.00281238 -0.315453 -0.121709 0.000196864 -0.317741 -0.0920994 -0.00241865 -0.32003 
-0.0624896 -0.00503416 -0.322318 -0.0328799 -0.00764968 -0.324607 -0.0032701 -0.0102652 -0.326895 
0.0263397 -0.0128807 -0.329184 0.0559494 -0.0154962 -0.331472 0.0855592 -0.0181117 -0.333761 
0.115169 -0.0207272 -0.336049 0.145437 -0.0324952 -0.319358 0.144779 -0.0233428 -0.338338 
0.175047 -0.0351108 -0.321647 0.174389 -0.0259583 -0.340626 0.204657 -0.0377263 -0.323935 
0.203998 -0.0285738 -0.342915 0.217949 -0.0439079 -0.339085 -0.330687 -0.00954728 -0.291775 
-0.346346 -0.0222659 -0.285657 0.232557 -0.0683945 -0.316277 0.231899 -0.059242 -0.335256 
0.262167 -0.07101 -0.318566 0.261509 -0.0618576 -0.337545 0.291777 -0.0736256 -0.320854 
0.291118 -0.0644731 -0.339833 0.305069 -0.0798072 -0.336004 -0.362006 -0.0349845 -0.27954 
-0.377665 -0.0477031 -0.273422 0.289409 -0.0925258 -0.329886 0.27375 -0.105244 -0.323769 
-0.363715 -0.0630373 -0.269593 -0.363057 -0.0721897 -0.250614 -0.349765 -0.0783714 -0.265764 
-0.0373491 -0.10096 -0.275787 -0.053667 -0.104527 -0.288649 -0.0380075 -0.0918079 -0.294766 
-0.00839772 -0.0944234 -0.297055 -0.00773932 -0.103576 -0.278076 0.021212 -0.0970389 -0.299343 
0.0218704 -0.106191 -0.280364 0.0508218 -0.0996544 -0.301632 0.0514802 -0.108807 -0.282653 
0.0804316 -0.10227 -0.30392 0.08109 -0.111422 -0.284941 0.110041 -0.104885 -0.306209 
0.1107 -0.114038 -0.28723 0.139651 -0.107501 -0.308497 0.14031 -0.116653 -0.289518 
0.153601 -0.122835 -0.304668 0.258749 -0.127116 -0.298672 0.27204 -0.133297 -0.313822 
-0.335814 -0.0937055 -0.261935 -0.306205 -0.096321 -0.264223 -0.276595 -0.0989365 -0.266512 
-0.275936 -0.108089 -0.247533 -0.246985 -0.101552 -0.2688 -0.246327 -0.110705 -0.249821 
-0.217375 -0.104168 -0.271089 -0.216717 -0.11332 -0.252109 -0.187766 -0.106783 -0.273377 
-0.187107 -0.115936 -0.254398 -0.158156 -0.109399 -0.275666 -0.157497 -0.118551 -0.256686 
-0.128546 -0.112014 -0.277954 -0.127888 -0.121167 -0.258975 -0.0989362 -0.11463 -0.280243 
-0.0693265 -0.117245 -0.282531 0.167552 -0.138169 -0.300839 0.197161 -0.140785 -0.303127 
0.19782 -0.149937 -0.284148 0.226771 -0.1434 -0.305416 0.256381 -0.146016 -0.307704 
-0.240807 0.0198114 -0.327566 -0.241465 0.0289639 -0.346546 -0.257125 0.0162453 -0.340428 
-0.211197 0.0171959 -0.329855 -0.211855 0.0263484 -0.348834 -0.181587 0.0145804 -0.332143 
-0.182245 0.0237328 -0.351123 -0.168295 0.00839873 -0.347293 -0.063148 0.00411832 -0.341297 
-0.0638064 0.0132708 -0.360276 -0.0794659 0.000552186 -0.354159 -0.0335383 0.00150281 -0.343586 
-0.0341967 0.0106553 -0.362565 -0.0202464 -0.00467884 -0.358736 -0.302394 0.00614217 -0.332022 
-0.318053 -0.00657645 -0.325904 -0.272784 0.00352665 -0.33431 -0.154345 -0.0069354 -0.343464 
-0.124735 -0.00955092 -0.345753 -0.0951254 -0.0121664 -0.348041 -0.0062961 -0.020013 -0.354907 
0.0233137 -0.0226285 -0.357195 0.0529234 -0.025244 -0.359484 0.0825332 -0.0278595 -0.361772 
0.112143 -0.030475 -0.364061 0.141753 -0.0330905 -0.366349 0.171363 -0.0357061 -0.368638 
0.200972 -0.0383216 -0.370926 0.23124 -0.0500896 -0.354235 0.230582 -0.0409371 -0.373215 
0.26085 -0.0527051 -0.356524 0.260192 -0.0435526 -0.375503 0.274142 -0.0588867 -0.371674 
-0.333713 -0.0192951 -0.319786 -0.349372 -0.0320137 -0.313669 0.288092 -0.0742208 -0.367845 
0.302043 -0.089555 -0.364016 -0.364373 -0.0538848 -0.288572 -0.351081 -0.0600664 -0.303722 
0.287042 -0.111426 -0.338919 0.300333 -0.117608 -0.354069 -0.352791 -0.0881192 -0.293775 
-0.056693 -0.114274 -0.31666 -0.0410335 -0.101556 -0.322778 -0.0114237 -0.104171 -0.325066 
0.018186 -0.106787 -0.327355 0.0477958 -0.109402 -0.329643 0.0774056 -0.112018 -0.331932 
0.107015 -0.114633 -0.33422 0.136625 -0.117249 -0.336509 0.166235 -0.119864 -0.338797 
0.166893 -0.129017 -0.319818 0.195845 -0.12248 -0.341086 0.196503 -0.131632 -0.322107 
0.209795 -0.137814 -0.337256 0.269014 -0.143045 -0.341833 0.284674 -0.130326 -0.347951 
-0.33884 -0.103453 -0.289946 -0.309231 -0.106069 -0.292235 -0.279621 -0.108684 -0.294523 
-0.250011 -0.1113 -0.296812 -0.220401 -0.113915 -0.2991 -0.190792 -0.116531 -0.301389 
-0.161182 -0.119146 -0.303677 -0.131572 -0.121762 -0.305966 -0.101962 -0.124377 -0.308254 
-0.0723525 -0.126993 -0.310543 0.223745 -0.153148 -0.333427 0.253355 -0.155764 -0.335716 
-0.273442 0.0126791 -0.353289 -0.274101 0.0218316 -0.372268 -0.28976 0.00911301 -0.366151 
-0.244491 0.0192161 -0.374557 -0.214881 0.0166006 -0.376845 -0.185271 0.0139851 -0.379134 
-0.155003 0.00221709 -0.362443 -0.155662 0.0113696 -0.381422 -0.125394 -0.000398422 -0.364732 
-0.126052 0.00875405 -0.383711 -0.0957838 -0.00301394 -0.36702 -0.0964422 0.00613854 -0.385999 
-0.0668324 0.00352303 -0.388288 -0.0372227 0.000907511 -0.390576 -0.00695449 -0.0108605 -0.373886 
-0.00761289 -0.001708 -0.392865 0.0226553 -0.013476 -0.376174 0.0219969 -0.00432351 -0.395153 
0.052265 -0.0160915 -0.378463 0.0516066 -0.00693903 -0.397442 0.0655569 -0.0222732 -0.393613 
-0.30542 -0.00360561 -0.360033 -0.321079 -0.0163242 -0.353916 0.0795072 -0.0376073 -0.389784 
0.109117 -0.0402228 -0.392072 0.138727 -0.0428383 -0.39436 0.168337 -0.0454538 -0.396649 
0.197946 -0.0480693 -0.398937 0.227556 -0.0506849 -0.401226 0.257166 -0.0533004 -0.403514 
0.287434 -0.0650684 -0.386824 0.286776 -0.0559159 -0.405803 0.317044 -0.0676839 -0.389112 
0.316385 -0.0585314 -0.408091 0.330336 -0.0738655 -0.404262 -0.33608 -0.0381953 -0.328819 
-0.322788 -0.044377 -0.343969 0.314676 -0.0865841 -0.398145 0.299017 -0.0993028 -0.392027 
-0.33779 -0.0662481 -0.318872 -0.324498 -0.0724297 -0.334022 0.135967 -0.108096 -0.355488 
0.119649 -0.111662 -0.368349 0.135308 -0.0989438 -0.374467 0.164918 -0.101559 -0.376755 
0.165576 -0.110712 -0.357776 0.178868 -0.116893 -0.372926 0.297307 -0.127356 -0.38208 
-0.339499 -0.0943008 -0.308925 -0.310547 -0.0877638 -0.330193 -0.309889 -0.0969163 -0.311214 
-0.280938 -0.0903793 -0.332481 -0.280279 -0.0995318 -0.313502 -0.251328 -0.0929949 -0.33477 
-0.250669 -0.102147 -0.315791 -0.221718 -0.0956104 -0.337058 -0.22106 -0.104763 -0.318079 
-0.192108 -0.0982259 -0.339347 -0.19145 -0.107378 -0.320368 -0.178158 -0.11356 -0.335518 
-0.102621 -0.115225 -0.327233 -0.118939 -0.118791 -0.340095 -0.103279 -0.106072 -0.346212 
-0.0736693 -0.108688 -0.348501 -0.0730109 -0.11784 -0.329522 -0.0440595 -0.111303 -0.350789 
-0.0144497 -0.113919 -0.353078 0.01516 -0.116534 -0.355366 0.0447698 -0.11915 -0.357655 
0.0743796 -0.121766 -0.359943 0.103989 -0.124381 -0.362232 0.192819 -0.132228 -0.369097 
0.222428 -0.134843 -0.371386 0.223087 -0.143996 -0.352406 0.252038 -0.137459 -0.373674 
0.252697 -0.146611 -0.354695 0.281648 -0.140074 -0.375962 -0.164208 -0.128894 -0.331688 
-0.134598 -0.13151 -0.333977 -0.245149 0.0283686 -0.393536 -0.245808 0.0375211 -0.412515 
-0.261467 0.0248025 -0.406398 -0.21554 0.0257531 -0.395825 -0.216198 0.0349056 -0.414804 
-0.18593 0.0231376 -0.398113 -0.186588 0.0322901 -0.417092 -0.15632 0.0205221 -0.400402 
-0.156979 0.0296745 -0.419381 -0.12671 0.0179066 -0.40269 -0.127369 0.027059 -0.421669 
-0.0971006 0.015291 -0.404978 -0.097759 0.0244435 -0.423958 -0.0674908 0.0126755 -0.407267 
-0.0681492 0.021828 -0.426246 -0.0378811 0.01006 -0.409555 -0.0385395 0.0192125 -0.428535 
-0.00827128 0.0074445 -0.411844 -0.00892968 0.016597 -0.430823 0.0213385 0.00482899 -0.414132 
0.0206801 0.0139815 -0.433112 0.0509483 0.00221347 -0.416421 0.0502899 0.011366 -0.4354 
0.0642401 -0.00396818 -0.431571 -0.276468 0.00293137 -0.381301 -0.263177 -0.00325028 -0.396451 
0.0788488 -0.0284548 -0.408763 0.0781904 -0.0193023 -0.427742 0.108459 -0.0310703 -0.411051 
0.1078 -0.0219178 -0.43003 0.138068 -0.0336858 -0.41334 0.13741 -0.0245333 -0.432319 
0.167678 -0.0363013 -0.415628 0.16702 -0.0271489 -0.434607 0.197288 -0.0389168 -0.417917 
0.196629 -0.0297644 -0.436896 0.226898 -0.0415324 -0.420205 0.226239 -0.0323799 -0.439184 
0.256507 -0.0441479 -0.422494 0.255849 -0.0349954 -0.441473 0.286117 -0.0467634 -0.424782 
0.285459 -0.0376109 -0.443761 0.315727 -0.0493789 -0.42707 0.315069 -0.0402264 -0.44605 
0.329019 -0.0555606 -0.44222 -0.307787 -0.0225059 -0.369065 -0.294495 -0.0286875 -0.384216 
-0.278836 -0.0159689 -0.390333 0.32731 -0.0836133 -0.432274 -0.310155 -0.0414061 -0.378098 
-0.325814 -0.0541247 -0.37198 0.312309 -0.105484 -0.407177 0.3256 -0.111666 -0.422327 
-0.327524 -0.0821775 -0.362033 0.0145017 -0.107382 -0.374345 -0.00181623 -0.110948 -0.387207 
0.0138433 -0.0982295 -0.393324 0.043453 -0.100845 -0.395613 0.0441114 -0.109998 -0.376634 
0.0730628 -0.103461 -0.397901 0.0737212 -0.112613 -0.378922 0.102673 -0.106076 -0.40019 
0.103331 -0.115229 -0.381211 0.132282 -0.108692 -0.402478 0.161892 -0.111307 -0.404767 
0.191502 -0.113923 -0.407055 0.19216 -0.123075 -0.388076 0.221112 -0.116538 -0.409344 
0.22177 -0.125691 -0.390365 0.250721 -0.119154 -0.411632 0.25138 -0.128306 -0.392653 
0.264672 -0.134488 -0.407803 0.294281 -0.137103 -0.410092 0.309941 -0.124385 -0.416209 
-0.313573 -0.0975116 -0.358204 -0.283964 -0.100127 -0.360493 -0.254354 -0.102743 -0.362781 
-0.224744 -0.105358 -0.36507 -0.195134 -0.107974 -0.367358 -0.165525 -0.110589 -0.369647 
-0.164866 -0.119742 -0.350668 -0.135915 -0.113205 -0.371935 -0.135256 -0.122357 -0.352956 
-0.106305 -0.11582 -0.374224 -0.0766952 -0.118436 -0.376512 -0.0470855 -0.121051 -0.378801 
-0.0174757 -0.123667 -0.381089 0.278622 -0.149822 -0.403974 -0.216856 0.0440581 -0.433783 
-0.217515 0.0532105 -0.452762 -0.233174 0.0404919 -0.446644 -0.187247 0.0414425 -0.436071 
-0.187905 0.050595 -0.45505 -0.157637 0.038827 -0.43836 -0.158295 0.0479795 -0.457339 
-0.128027 0.0362115 -0.440648 -0.128686 0.045364 -0.459627 -0.0984174 0.033596 -0.442937 
-0.0990758 0.0427485 -0.461916 -0.0688076 0.0309805 -0.445225 -0.069466 0.040133 -0.464204 
-0.0391978 0.028365 -0.447514 -0.0398562 0.0375175 -0.466493 -0.00958807 0.0257495 -0.449802 
-0.0102465 0.0349019 -0.468781 0.0200217 0.023134 -0.452091 0.0193633 0.0322864 -0.47107 
0.0496315 0.0205184 -0.454379 0.0489731 0.0296709 -0.473358 0.0792412 0.0179029 -0.456668 
0.0785828 0.0270554 -0.475647 0.108851 0.0152874 -0.458956 0.108193 0.0244399 -0.477935 
0.138461 0.0126719 -0.461245 0.137802 0.0218244 -0.480224 0.168071 0.0100564 -0.463533 
0.167412 0.0192089 -0.482512 0.19768 0.00744087 -0.465822 0.197022 0.0165934 -0.484801 
0.22729 0.00482536 -0.46811 0.226632 0.0139778 -0.487089 0.2569 0.00220984 -0.470399 
0.256241 0.0113623 -0.489378 0.28651 -0.000405672 -0.472687 0.285851 0.00874681 -0.491666 
0.299801 -0.00658732 -0.487837 -0.248175 0.0186208 -0.421548 -0.234884 0.0124392 -0.436697 
0.077532 -0.0101498 -0.446721 0.107142 -0.0127653 -0.449009 0.136752 -0.0153808 -0.451298 
0.166361 -0.0179964 -0.453586 0.195971 -0.0206119 -0.455875 0.225581 -0.0232274 -0.458163 
0.255191 -0.0258429 -0.460452 0.2848 -0.0284584 -0.46274 0.313752 -0.0219214 -0.484008 
0.31441 -0.0310739 -0.465029 0.327702 -0.0372556 -0.480179 -0.250543 -0.00027944 -0.43058 
-0.266203 -0.0129981 -0.424462 0.342311 -0.0617422 -0.45737 0.341652 -0.0525897 -0.47635 
0.355603 -0.0679238 -0.47252 -0.281862 -0.0257167 -0.418345 -0.297522 -0.0384353 -0.412227 
0.340602 -0.0897949 -0.447424 0.353893 -0.0959766 -0.462574 -0.312523 -0.0603064 -0.38713 
-0.299231 -0.066488 -0.40228 0.161234 -0.102155 -0.423746 0.144916 -0.105721 -0.436607 
0.160575 -0.0930021 -0.442725 0.190185 -0.0956176 -0.445014 0.190843 -0.10477 -0.426034 
0.219795 -0.0982331 -0.447302 0.220453 -0.107386 -0.428323 0.233745 -0.113567 -0.443473 
0.322574 -0.121414 -0.450338 0.338234 -0.108695 -0.456456 -0.314232 -0.0883591 -0.377183 
-0.28528 -0.0818222 -0.398451 -0.284622 -0.0909746 -0.379472 -0.255671 -0.0844377 -0.400739 
-0.255012 -0.0935901 -0.38176 -0.24172 -0.0997718 -0.39691 -0.0181341 -0.114514 -0.400068 
-0.034452 -0.11808 -0.41293 -0.0187925 -0.105362 -0.419047 0.0108173 -0.107977 -0.421336 
0.040427 -0.110593 -0.423624 0.0700368 -0.113208 -0.425913 0.0996466 -0.115824 -0.428201 
0.129256 -0.118439 -0.43049 0.247695 -0.128901 -0.439644 0.277305 -0.131517 -0.441932 
0.277964 -0.140669 -0.422953 0.306915 -0.134132 -0.444221 -0.22777 -0.115106 -0.393081 
-0.19816 -0.117721 -0.39537 -0.168551 -0.120337 -0.397658 -0.138941 -0.122952 -0.399947 
-0.109331 -0.125568 -0.402235 -0.0797213 -0.128183 -0.404524 -0.0501115 -0.130799 -0.406812 
0.0221233 0.0975444 -0.509943 0.0214649 0.106697 -0.528922 0.00580543 0.0939783 -0.522804 
0.0517331 0.0949289 -0.512231 0.0510747 0.104081 -0.53121 0.0813429 0.0923134 -0.514519 
0.0806845 0.101466 -0.533499 0.110953 0.0896979 -0.516808 0.110294 0.0988503 -0.535787 
0.140562 0.0870824 -0.519096 0.139904 0.0962348 -0.538076 0.153854 0.0809007 -0.534246 
-0.00919566 0.0721072 -0.497707 -0.00985406 0.0812596 -0.516686 -0.0255135 0.068541 -0.510569 
0.0204141 0.0694917 -0.499996 0.0500239 0.0668762 -0.502284 0.0796336 0.0642606 -0.504573 
0.109243 0.0616451 -0.506861 0.138853 0.0590296 -0.50915 0.167805 0.0655666 -0.530417 
0.168463 0.0564141 -0.511438 0.198073 0.0537986 -0.513727 0.197414 0.0629511 -0.532706 
0.227683 0.0511831 -0.516015 0.227024 0.0603356 -0.534994 0.257292 0.0485675 -0.518304 
0.256634 0.05772 -0.537283 0.270584 0.0423859 -0.533454 -0.158954 0.057132 -0.476318 
-0.159612 0.0662845 -0.495297 -0.175272 0.0535659 -0.489179 -0.129344 0.0545165 -0.478606 
-0.130002 0.063669 -0.497586 -0.0997342 0.051901 -0.480895 -0.100393 0.0610535 -0.499874 
-0.0701244 0.0492855 -0.483183 -0.0707828 0.0584379 -0.502163 -0.0405146 0.0466699 -0.485472 
-0.041173 0.0558224 -0.504451 -0.0109049 0.0440544 -0.48776 0.0187049 0.0414389 -0.490049 
0.0483147 0.0388234 -0.492337 0.0779244 0.0362079 -0.494626 0.107534 0.0335924 -0.496914 
0.137144 0.0309769 -0.499203 0.166754 0.0283614 -0.501491 0.196363 0.0257458 -0.50378 
0.225973 0.0231303 -0.506068 0.255583 0.0205148 -0.508357 0.284534 0.0270518 -0.529624 
0.285193 0.0178993 -0.510645 0.314803 0.0152838 -0.512934 0.314144 0.0244363 -0.531913 
0.344412 0.0126683 -0.515222 0.343754 0.0218207 -0.534201 0.357704 0.00648662 -0.530372 
-0.219882 0.0343103 -0.461794 -0.206591 0.0281286 -0.476944 -0.190931 0.0408473 -0.483062 
0.313093 -0.012769 -0.502987 0.342703 -0.0153845 -0.505275 0.355995 -0.0215661 -0.520425 
-0.22225 0.01541 -0.470827 -0.23791 0.00269141 -0.464709 0.340994 -0.0434372 -0.495329 
0.354286 -0.0496189 -0.510479 -0.253569 -0.0100272 -0.458591 -0.269229 -0.0227458 -0.452474 
0.352577 -0.0776716 -0.500532 -0.28423 -0.0446169 -0.427377 -0.270938 -0.0507986 -0.442527 
0.350867 -0.105724 -0.490585 -0.286597 -0.0635172 -0.436409 -0.302257 -0.0762358 -0.430292 
0.0693784 -0.104056 -0.444892 0.0530605 -0.107622 -0.457753 0.06872 -0.0949033 -0.463871 
0.0983298 -0.0975189 -0.46616 0.0989882 -0.106671 -0.44718 0.12794 -0.100134 -0.468448 
0.128598 -0.109287 -0.449469 0.157549 -0.10275 -0.470737 0.187159 -0.105365 -0.473025 
0.216769 -0.107981 -0.475313 0.246379 -0.110596 -0.477602 0.247037 -0.119749 -0.458623 
0.275988 -0.113212 -0.47989 0.276647 -0.122364 -0.460911 0.305598 -0.115827 -0.482179 
0.306257 -0.12498 -0.4632 0.335208 -0.118443 -0.484467 -0.288306 -0.0915699 -0.426462 
-0.258697 -0.0941854 -0.428751 -0.229087 -0.096801 -0.431039 -0.228428 -0.105953 -0.41206 
-0.199477 -0.0994165 -0.433328 -0.198819 -0.108569 -0.414349 -0.169867 -0.102032 -0.435616 
-0.169209 -0.111184 -0.416637 -0.155917 -0.117366 -0.431787 -0.0803797 -0.119031 -0.423503 
-0.0966975 -0.122597 -0.436364 -0.0810381 -0.109879 -0.442482 -0.0514283 -0.112494 -0.44477 
-0.0507699 -0.121647 -0.425791 -0.0218185 -0.11511 -0.447059 0.00779125 -0.117725 -0.449347 
0.037401 -0.120341 -0.451636 -0.141967 -0.1327 -0.427958 -0.112357 -0.135316 -0.430247 
0.0504163 0.113234 -0.550189 0.0497579 0.122386 -0.569168 0.0340984 0.109668 -0.563051 
0.0800261 0.110618 -0.552478 0.0793677 0.119771 -0.571457 0.109636 0.108003 -0.554766 
0.108977 0.117155 -0.573745 0.139246 0.105387 -0.557055 0.138587 0.11454 -0.576034 
0.168855 0.102772 -0.559343 0.168197 0.111924 -0.578322 0.182147 0.0965902 -0.574493 
-0.0105125 0.0904121 -0.535665 -0.0111709 0.0995646 -0.554645 -0.0268303 0.086846 -0.548527 
0.0184389 0.0969491 -0.556933 0.167146 0.0747191 -0.549396 0.196098 0.081256 -0.570664 
0.196756 0.0721036 -0.551685 0.226366 0.069488 -0.553973 0.225707 0.0786405 -0.572952 
0.255975 0.0668725 -0.556262 0.255317 0.076025 -0.575241 0.269267 0.0606909 -0.571412 
-0.101051 0.070206 -0.518853 -0.101709 0.0793584 -0.537832 -0.117369 0.0666398 -0.531715 
-0.0714412 0.0675904 -0.521142 -0.0720996 0.0767429 -0.540121 -0.0418314 0.0649749 -0.52343 
-0.0424898 0.0741274 -0.542409 0.283876 0.0362043 -0.548603 0.283218 0.0453567 -0.567583 
0.313486 0.0335887 -0.550892 0.312827 0.0427412 -0.569871 0.343096 0.0309732 -0.55318 
0.342437 0.0401257 -0.57216 0.372705 0.0283577 -0.555469 0.372047 0.0375102 -0.574448 
0.385997 0.0221761 -0.570619 -0.162638 0.0565367 -0.523309 -0.178298 0.0438181 -0.517191 
-0.133028 0.0539212 -0.525597 0.370996 0.000304983 -0.545522 0.384288 -0.00587666 -0.560672 
-0.193957 0.0310995 -0.511073 -0.209617 0.0183809 -0.504956 0.369287 -0.0277478 -0.535575 
0.382579 -0.0339294 -0.550725 -0.225276 0.00566225 -0.498838 -0.240936 -0.00705637 -0.49272 
0.367578 -0.0558005 -0.525629 0.38087 -0.0619822 -0.540779 -0.255937 -0.0289275 -0.467624 
-0.242645 -0.0351091 -0.482774 0.349551 -0.0874194 -0.528543 0.36521 -0.0747008 -0.534661 
-0.258304 -0.0478277 -0.476656 -0.273964 -0.0605463 -0.470538 0.0976714 -0.0883664 -0.485139 
0.0813535 -0.0919325 -0.498 0.097013 -0.0792139 -0.504118 0.126623 -0.0818294 -0.506406 
0.127281 -0.0909819 -0.487427 0.156233 -0.0844449 -0.508695 0.156891 -0.0935974 -0.489716 
0.185842 -0.0870604 -0.510983 0.186501 -0.0962129 -0.492004 0.215452 -0.0896759 -0.513272 
0.21611 -0.0988284 -0.494292 0.245062 -0.0922915 -0.51556 0.24572 -0.101444 -0.496581 
0.274672 -0.094907 -0.517849 0.27533 -0.104059 -0.49887 0.304281 -0.0975225 -0.520137 
0.30494 -0.106675 -0.501158 0.333891 -0.100138 -0.522426 0.334549 -0.10929 -0.503447 
-0.288965 -0.0824174 -0.445441 -0.260013 -0.0758805 -0.466709 -0.259355 -0.0850329 -0.44773 
-0.230404 -0.078496 -0.468998 -0.229745 -0.0876485 -0.450018 -0.216453 -0.0938301 -0.465168 
0.00713286 -0.108573 -0.468326 -0.00918503 -0.112139 -0.481188 0.00647446 -0.0994201 -0.487305 
0.0360842 -0.102036 -0.489594 0.0367426 -0.111188 -0.470615 0.065694 -0.104651 -0.491882 
-0.202503 -0.109164 -0.461339 -0.172893 -0.11178 -0.463628 -0.143284 -0.114395 -0.465916 
-0.142625 -0.123548 -0.446937 -0.113674 -0.117011 -0.468205 -0.113015 -0.126163 -0.449226 
-0.0840641 -0.119626 -0.470493 -0.0544543 -0.122242 -0.472782 -0.0248445 -0.124857 -0.47507 
0.0490995 0.131539 -0.588147 0.0484411 0.140691 -0.607126 0.0327816 0.127973 -0.601009 
0.0787093 0.128923 -0.590436 0.0780509 0.138076 -0.609415 0.108319 0.126308 -0.592724 
0.107661 0.13546 -0.611704 0.121611 0.120126 -0.607874 -0.0118292 0.108717 -0.573624 
-0.0124876 0.11787 -0.592603 -0.0281471 0.105151 -0.586485 0.0177805 0.106102 -0.575912 
0.0171221 0.115254 -0.594891 0.135561 0.104792 -0.604045 0.165171 0.102177 -0.606334 
0.179121 0.0868424 -0.602504 -0.072758 0.0858954 -0.5591 -0.0734164 0.0950479 -0.578079 
-0.0890759 0.0823293 -0.571961 -0.0431482 0.0832799 -0.561388 -0.0438066 0.0924324 -0.580367 
0.193072 0.0715083 -0.598675 0.22334 0.0597403 -0.581985 0.207022 0.0561741 -0.594846 
0.252949 0.0571248 -0.584273 -0.133687 0.0630737 -0.544576 -0.134345 0.0722262 -0.563555 
-0.150005 0.0595075 -0.557438 -0.104735 0.0696106 -0.565844 0.220972 0.04084 -0.591017 
0.250582 0.0382245 -0.593306 0.280192 0.035609 -0.595594 0.309801 0.0329935 -0.597882 
0.339411 0.0303779 -0.600171 0.369021 0.0277624 -0.602459 0.382971 0.0124283 -0.59863 
-0.165664 0.0467889 -0.55132 -0.181324 0.0340703 -0.545202 0.381262 -0.0156244 -0.588684 
-0.196983 0.0213517 -0.539085 -0.212643 0.00863309 -0.532967 0.277432 -0.029649 -0.556721 
0.261114 -0.0332151 -0.569583 0.276773 -0.0204965 -0.5757 0.290723 -0.0358306 -0.571871 
0.366261 -0.0374955 -0.563587 0.349943 -0.0410617 -0.576448 0.365602 -0.0283431 -0.582566 
-0.228302 -0.00408552 -0.526849 -0.243962 -0.0168041 -0.520732 0.157283 -0.0472397 -0.537621 
0.140965 -0.0508058 -0.550482 0.156625 -0.0380872 -0.5566 0.186235 -0.0407027 -0.558888 
0.186893 -0.0498552 -0.539909 0.215844 -0.0433182 -0.561177 0.216503 -0.0524707 -0.542198 
0.245454 -0.0459337 -0.563465 0.246113 -0.0550862 -0.544486 0.275722 -0.0577017 -0.546775 
0.304674 -0.0511648 -0.568042 0.305332 -0.0603172 -0.549063 0.334284 -0.0537803 -0.570331 
0.334942 -0.0629328 -0.551351 0.364552 -0.0655483 -0.55364 -0.245671 -0.0448569 -0.510785 
0.0963546 -0.0700614 -0.523097 0.0800367 -0.0736275 -0.535958 0.0956962 -0.0609089 -0.542076 
0.125306 -0.0635244 -0.544364 0.125964 -0.0726769 -0.525385 0.155574 -0.0752924 -0.527674 
0.185184 -0.0779079 -0.529962 0.214794 -0.0805235 -0.532251 0.244403 -0.083139 -0.534539 
0.274013 -0.0857545 -0.536828 0.303623 -0.08837 -0.539116 0.333233 -0.0909855 -0.541405 
-0.260672 -0.066728 -0.485688 -0.24738 -0.0729096 -0.500838 0.0354258 -0.0928831 -0.508573 
0.019108 -0.0964492 -0.521435 0.0347674 -0.0837306 -0.527552 0.0643772 -0.0863461 -0.529841 
0.0650356 -0.0954986 -0.510862 -0.23343 -0.0882438 -0.497009 -0.20382 -0.0908593 -0.499298 
-0.203162 -0.100012 -0.480318 -0.17421 -0.0934748 -0.501586 -0.173552 -0.102627 -0.482607 
-0.1446 -0.0960903 -0.503874 -0.143942 -0.105243 -0.484895 -0.114991 -0.0987058 -0.506163 
-0.114332 -0.107858 -0.487184 -0.0853808 -0.101321 -0.508451 -0.0847224 -0.110474 -0.489472 
-0.0557711 -0.103937 -0.51074 -0.0551127 -0.113089 -0.491761 -0.0261613 -0.106552 -0.513029 
-0.0255029 -0.115705 -0.494049 0.00344846 -0.109168 -0.515317 -0.0114368 0.155075 -0.621529 
-0.0120952 0.164227 -0.640508 -0.0277547 0.151509 -0.63439 0.0181729 0.152459 -0.623817 
0.0175145 0.161612 -0.642796 0.0477827 0.149844 -0.626106 0.0471243 0.158996 -0.645085 
0.0773925 0.147228 -0.628394 0.0767341 0.156381 -0.647373 0.0906844 0.141047 -0.643544 
-0.0427558 0.129638 -0.609293 -0.0434142 0.13879 -0.628273 -0.0590737 0.126071 -0.622155 
-0.013146 0.127022 -0.611582 0.0164637 0.124407 -0.61387 0.104635 0.125713 -0.639715 
0.118585 0.110378 -0.635886 -0.0740748 0.1042 -0.597058 -0.0747332 0.113353 -0.616037 
-0.0903927 0.100634 -0.60992 -0.044465 0.101585 -0.599347 0.132535 0.0950443 -0.632057 
0.162803 0.0832763 -0.615366 0.146485 0.0797101 -0.628227 -0.105394 0.0787631 -0.584823 
-0.106052 0.0879156 -0.603802 -0.121712 0.075197 -0.597684 0.161094 0.0552235 -0.605419 
0.144776 0.0516574 -0.618281 0.190704 0.052608 -0.607708 -0.137371 0.0624784 -0.591567 
-0.153031 0.0497598 -0.585449 0.159385 0.0271708 -0.595472 0.143067 0.0236046 -0.608334 
0.188995 0.0245552 -0.597761 0.218604 0.0219397 -0.600049 0.248214 0.0193242 -0.602338 
0.277824 0.0167087 -0.604626 0.307434 0.0140932 -0.606915 0.337044 0.0114777 -0.609203 
0.366653 0.00886217 -0.611492 -0.16869 0.0370412 -0.579331 -0.18435 0.0243225 -0.573214 
0.128066 0.00173353 -0.583237 0.111748 -0.00183259 -0.596099 0.127408 0.010886 -0.602216 
0.157676 -0.000881983 -0.585526 0.187286 -0.0034975 -0.587814 0.216895 -0.00611301 -0.590103 
0.246505 -0.00872852 -0.592391 0.276115 -0.011344 -0.59468 0.305725 -0.0139596 -0.596968 
0.335334 -0.0165751 -0.599257 0.364944 -0.0191906 -0.601545 -0.200009 0.0116039 -0.567096 
-0.215669 -0.00111468 -0.560979 0.096747 -0.0237037 -0.571002 0.0804291 -0.0272698 -0.583863 
0.0960886 -0.0145512 -0.589981 0.126357 -0.0263192 -0.57329 0.155967 -0.0289347 -0.575579 
0.185576 -0.0315502 -0.577867 0.215186 -0.0341658 -0.580156 0.244796 -0.0367813 -0.582444 
0.304015 -0.0420123 -0.587021 0.333625 -0.0446278 -0.58931 -0.23067 -0.0229858 -0.535882 
-0.217378 -0.0291674 -0.551032 0.065428 -0.0491409 -0.558767 0.0491101 -0.052707 -0.571628 
0.0647696 -0.0399884 -0.577746 0.0950378 -0.0517564 -0.561055 0.124648 -0.054372 -0.563344 
-0.232379 -0.0510385 -0.525935 -0.219087 -0.0572202 -0.541085 0.034109 -0.0745782 -0.546531 
0.0177912 -0.0781443 -0.559393 0.0334506 -0.0654257 -0.56551 0.0637188 -0.0771937 -0.54882 
-0.234088 -0.0790913 -0.515988 -0.205137 -0.0725543 -0.537256 -0.204478 -0.0817068 -0.518277 
-0.175527 -0.0751698 -0.539544 -0.174869 -0.0843223 -0.520565 -0.145917 -0.0777853 -0.541833 
-0.145259 -0.0869378 -0.522854 -0.116307 -0.0804008 -0.544121 -0.115649 -0.0895533 -0.525142 
-0.0866976 -0.0830164 -0.54641 -0.0860392 -0.0921689 -0.527431 -0.0570879 -0.0856319 -0.548698 
-0.0564295 -0.0947844 -0.529719 -0.0274781 -0.0882474 -0.550987 -0.0268197 -0.0973999 -0.532008 
0.00213167 -0.0908629 -0.553275 0.00279007 -0.100015 -0.534296 -0.0144628 0.145327 -0.64954 
0.0151469 0.142712 -0.651829 0.0447567 0.140096 -0.654117 0.0743665 0.13748 -0.656406 
-0.0457818 0.11989 -0.637305 -0.016172 0.117274 -0.639593 0.0134377 0.114659 -0.641882 
0.0430475 0.112043 -0.64417 0.0563394 0.105862 -0.65932 0.0719989 0.11858 -0.665438 
0.101609 0.115965 -0.667726 0.115559 0.100631 -0.663897 -0.0777592 0.103605 -0.644049 
-0.0934187 0.0908865 -0.637931 -0.0481494 0.10099 -0.646337 -0.0185396 0.098374 -0.648626 
0.0110701 0.0957585 -0.650914 0.0406799 0.093143 -0.653203 0.130168 0.076144 -0.641089 
0.11385 0.0725779 -0.65395 -0.109078 0.0781678 -0.631813 -0.124738 0.0654492 -0.625696 
0.128458 0.0480913 -0.631142 0.112141 0.0445251 -0.644004 -0.139739 0.0435781 -0.600599 
-0.126447 0.0373965 -0.615749 0.0971394 0.022654 -0.618907 0.0808215 0.0190879 -0.631768 
0.096481 0.0318065 -0.637886 0.126749 0.0200385 -0.621195 -0.171058 0.0181409 -0.588364 
-0.157766 0.0119593 -0.603514 -0.142106 0.0246779 -0.609631 0.0658204 -0.00278321 -0.606672 
0.0495025 -0.00634934 -0.619533 0.065162 0.00636928 -0.625651 0.0954302 -0.00539873 -0.60896 
-0.202377 -0.00729633 -0.576128 -0.189085 -0.013478 -0.591278 -0.173425 -0.000759358 -0.597396 
0.0345015 -0.0282204 -0.594436 0.0181836 -0.0317866 -0.607298 0.0338431 -0.019068 -0.613416 
0.0641112 -0.030836 -0.596725 -0.204086 -0.0353491 -0.566182 -0.190794 -0.0415307 -0.581332 
0.00318248 -0.0536577 -0.582201 -0.0131354 -0.0572238 -0.595063 0.00252409 -0.0445052 -0.60118 
0.0327922 -0.0562732 -0.58449 -0.205795 -0.0634018 -0.556235 -0.176844 -0.0568649 -0.577502 
-0.176185 -0.0660173 -0.558523 -0.147234 -0.0594804 -0.579791 -0.146576 -0.0686329 -0.560812 
-0.117624 -0.0620959 -0.582079 -0.116966 -0.0712484 -0.5631 -0.0880144 -0.0647114 -0.584368 
-0.087356 -0.0738639 -0.565389 -0.0584047 -0.0673269 -0.586656 -0.0577463 -0.0764794 -0.567677 
-0.0287949 -0.0699424 -0.588945 -0.0281365 -0.0790949 -0.569966 0.00147327 -0.0817104 -0.572254 
0.0696313 0.09968 -0.67447 0.099241 0.0970645 -0.676759 -0.0801268 0.0847048 -0.653081 
-0.050517 0.0820893 -0.65537 -0.0209072 0.0794738 -0.657658 0.00870252 0.0768583 -0.659946 
0.0383123 0.0742428 -0.662235 0.0679221 0.0716273 -0.664523 0.0975318 0.0690117 -0.666812 
-0.111446 0.0592676 -0.640846 -0.081836 0.0566521 -0.643134 -0.0522262 0.0540366 -0.645423 
-0.0226165 0.051421 -0.647711 0.00699331 0.0488055 -0.65 0.0366031 0.04619 -0.652288 
0.0662128 0.0435745 -0.654577 0.0958226 0.040959 -0.656865 -0.113155 0.0312148 -0.630899 
-0.0998631 0.0250332 -0.646049 -0.0842036 0.0377518 -0.652167 -0.0545938 0.0351363 -0.654455 
-0.0243257 0.0233683 -0.637764 -0.0406435 0.0198022 -0.650626 -0.0110338 0.0171867 -0.652914 
0.00462571 0.0299053 -0.659032 0.0342355 0.0272898 -0.66132 0.0645036 0.0155218 -0.64463 
0.0481858 0.0119556 -0.657491 -0.144474 0.0057776 -0.618664 -0.131182 -0.000404031 -0.633814 
-0.115523 0.0123146 -0.639931 -0.0266933 0.00446805 -0.646797 0.0331847 -0.00991548 -0.632395 
0.0168668 -0.0134816 -0.645256 0.0325263 -0.000762984 -0.651374 -0.175793 -0.0196596 -0.606428 
-0.162501 -0.0258413 -0.621578 -0.146842 -0.0131226 -0.627696 0.00186569 -0.0353527 -0.620159 
-0.0144522 -0.0389188 -0.633021 0.00120729 -0.0262002 -0.639138 -0.177502 -0.0477124 -0.596482 
-0.16421 -0.053894 -0.611632 -0.0294533 -0.0607899 -0.607924 -0.0457712 -0.0643561 -0.620786 
-0.0301117 -0.0516374 -0.626903 -0.15026 -0.0692281 -0.607802 -0.12065 -0.0718437 -0.610091 
-0.0910404 -0.0744592 -0.612379 -0.0614307 -0.0770747 -0.614668 -0.0865712 0.0188515 -0.661199 
-0.0569614 0.016236 -0.663487 0.0022581 0.011005 -0.668064 0.0318679 0.0083895 -0.670353 
-0.11789 -0.00658568 -0.648964 -0.0882804 -0.00920119 -0.651252 -0.0586706 -0.0118167 -0.65354 
-0.0290609 -0.0144322 -0.655829 0.000548898 -0.0170477 -0.658117 -0.149209 -0.0320229 -0.636728 
-0.119599 -0.0346384 -0.639017 -0.0899896 -0.0372539 -0.641305 -0.0603798 -0.0398695 -0.643594 
-0.0307701 -0.042485 -0.645882 -0.150918 -0.0600757 -0.626782 -0.121309 -0.0626912 -0.62907 
-0.0916988 -0.0653067 -0.631359 -0.0620891 -0.0679222 -0.633647 
POLYGONS 6469 19404
OFFSETS vtktypeint64
0 3 6 9 12 15 18 21 24 
27 30 33 36 39 42 45 48 51 
54 57 60 63 66 69 72 75 78 
81 84 87 90 93 96 99 102 105 
108 111 114 117 120 123 126 129 132 
135 138 141 144 147 150 153 156 159 
162 165 168 171 174 177 180 183 186 
189 192 195 198 201 204 207 210 213 
216 219 222 225 228 231 234 237 240 
243 246 249 252 255 258 261 264 267 
270 273 276 279 282 285 288 291 294 
297 300 303 306 309 312 315 318 321 
324 327 330 333 336 339 342 345 348 
351 354 357 360 363 366 369 372 375 
378 381 384 387 390 393 396 399 402 
405 408 411 414 417 420 423 426 429 
432 435 438 441 444 447 450 453 456 
459 462 465 468 471 474 477 480 483 
486 489 492 495 498 501 504 507 510 
513 516 519 522 525 528 531 534 537 
540 543 546 549 552 555 558 561 564 
567 570 573 576 579 582 585 588 591 
594 597 600 603 606 609 612 615 618 
621 624 627 630 633 636 639 642 645 
648 651 654 657 660 663 666 669 672 
675 678 681 684 687 690 693 696 699 
702 705 708 711 714 717 720 723 726 
729 732 735 738 741 744 747 750 753 
756 759 762 765 768 771 774 777 780 
783 786 789 792 795 798 801 804 807 
810 813 816 819 822 825 828 831 834 
837 840 843 846 849 852 855 858 861 
864 867 870 873 876 879 882 885 888 
891 894 897 900 903 906 909 912 915 
918 921 924 927 930 933 936 939 942 
945 948 951 954 957 960 963 966 969 
972 975 978 981 984 987 990 993 996 
999 1002 1005 1008 1011 1014 1017 1020 1023 
1026 1029 1032 1035 1038 1041 1044 1047 1050 
1053 1056 1059 1062 1065 1068 1071 1074 1077 
1080 1083 1086 1089 1092 1095 1098 1101 1104 
1107 1110 1113 1116 1119 1122 1125 1128 1131 
1134 1137 1140 1143 1146 1149 1152 1155 1158 
1161 1164 1167 1170 1173 1176 1179 1182 1185 
1188 1191 1194 1197 1200 1203 1206 1209 1212 
1215 1218 1221 1224 1227 1230 1233 1236 1239 
1242 1245 1248 1251 1254 1257 1260 1263 1266 
1269 1272 1275 1278 1281 1284 1287 1290 1293 
1296 1299 1302 1305 1308 1311 1314 1317 1320 
1323 1326 1329 1332 1335 1338 1341 1344 1347 
1350 1353 1356 1359 1362 1365 1368 1371 1374 
1377 1380 1383 1386 1389 1392 1395 1398 1401 
1404 1407 1410 1413 1416 1419 1422 1425 1428 
1431 1434 1437 1440 1443 1446 1449 1452 1455 
1458 1461 1464 1467 1470 1473 1476 1479 1482 
1485 1488 1491 1494 1497 1500 1503 1506 1509 
1512 1515 1518 1521 1524 1527 1530 1533 1536 
1539 1542 1545 1548 1551 1554 1557 1560 1563 
1566 1569 1572 1575 1578 1581 1584 1587 1590 
1593 1596 1599 1602 1605 1608 1611 1614 1617 
1620 1623 1626 1629 1632 1635 1638 1641 1644 
1647 1650 1653 1656 1659 1662 1665 1668 1671 
1674 1677 1680 1683 1686 1689 1692 1695 1698 
1701 1704 1707 1710 1713 1716 1719 1722 1725 
1728 1731 1734 1737 1740 1743 1746 1749 1752 
1755 1758 1761 1764 1767 1770 1773 1776 1779 
1782 1785 1788 1791 1794 1797 1800 1803 1806 
1809 1812 1815 1818 1821 1824 1827 1830 1833 
1836 1839 1842 1845 1848 1851 1854 1857 1860 
1863 1866 1869 1872 1875 1878 1881 1884 1887 
1890 1893 1896 1899 1902 1905 1908 1911 1914 
1917 1920 1923 1926 1929 1932 1935 1938 1941 
1944 1947 1950 1953 1956 1959 1962 1965 1968 
1971 1974 1977 1980 1983 1986 1989 1992 1995 
1998 2001 2004 2007 2010 2013 2016 2019 2022 
2025 2028 2031 2034 2037 2040 2043 2046 2049 
2052 2055 2058 2061 2064 2067 2070 2073 2076 
2079 2082 2085 2088 2091 2094 2097 2100 2103 
2106 2109 2112 2115 2118 2121 2124 2127 2130 
2133 2136 2139 2142 2145 2148 2151 2154 2157 
2160 2163 2166 2169 2172 2175 2178 2181 2184 
2187 2190 2193 2196 2199 2202 2205 2208 2211 
2214 2217 2220 2223 2226 2229 2232 2235 2238 
2241 2244 2247 2250 2253 2256 2259 2262 2265 
2268 2271 2274 2277 2280 2283 2286 2289 2292 
2295 2298 2301 2304 2307 2310 2313 2316 2319 
2322 2325 2328 2331 2334 2337 2340 2343 2346 
2349 2352 2355 2358 2361 2364 2367 2370 2373 
2376 2379 2382 2385 2388 2391 2394 2397 2400 
2403 2406 2409 2412 2415 2418 2421 2424 2427 
2430 2433 2436 2439 2442 2445 2448 2451 2454 
2457 2460 2463 2466 2469 2472 2475 2478 2481 
2484 2487 2490 2493 2496 2499 2502 2505 2508 
2511 2514 2517 2520 2523 2526 2529 2532 2535 
2538 2541 2544 2547 2550 2553 2556 2559 2562 
2565 2568 2571 2574 2577 2580 2583 2586 2589 
2592 2595 2598 2601 2604 2607 2610 2613 2616 
2619 2622 2625 2628 2631 2634 2637 2640 2643 
2646 2649 2652 2655 2658 2661 2664 2667 2670 
2673 2676 2679 2682 2685 2688 2691 2694 2697 
2700 2703 2706 2709 2712 2715 2718 2721 2724 
2727 2730 2733 2736 2739 2742 2745 2748 2751 
2754 2757 2760 2763 2766 2769 2772 2775 2778 
2781 2784 2787 2790 2793 2796 2799 2802 2805 
2808 2811 2814 2817 2820 2823 2826 2829 2832 
2835 2838 2841 2844 2847 2850 2853 2856 2859 
2862 2865 2868 2871 2874 2877 2880 2883 2886 
2889 2892 2895 2898 2901 2904 2907 2910 2913 
2916 2919 2922 2925 2928 2931 2934 2937 2940 
2943 2946 2949 2952 2955 2958 2961 2964 2967 
2970 2973 2976 2979 2982 2985 2988 2991 2994 
2997 3000 3003 3006 3009 3012 3015 3018 3021 
3024 3027 3030 3033 3036 3039 3042 3045 3048 
3051 3054 3057 3060 3063 3066 3069 3072 3075 
3078 3081 3084 3087 3090 3093 3096 3099 3102 
3105 3108 3111 3114 3117 3120 3123 3126 3129 
3132 3135 3138 3141 3144 3147 3150 3153 3156 
3159 3162 3165 3168 3171 3174 3177 3180 3183 
3186 3189 3192 3195 3198 3201 3204 3207 3210 
3213 3216 3219 3222 3225 3228 3231 3234 3237 
3240 3243 3246 3249 3252 3255 3258 3261 3264 
3267 3270 3273 3276 3279 3282 3285 3288 3291 
3294 3297 3300 3303 3306 3309 3312 3315 3318 
3321 3324 3327 3330 3333 3336 3339 3342 3345 
3348 3351 3354 3357 3360 3363 3366 3369 3372 
3375 3378 3381 3384 3387 3390 3393 3396 3399 
3402 3405 3408 3411 3414 3417 3420 3423 3426 
3429 3432 3435 3438 3441 3444 3447 3450 3453 
3456 3459 3462 3465 3468 3471 3474 3477 3480 
3483 3486 3489 3492 3495 3498 3501 3504 3507 
3510 3513 3516 3519 3522 3525 3528 3531 3534 
3537 3540 3543 3546 3549 3552 3555 3558 3561 
3564 3567 3570 3573 3576 3579 3582 3585 3588 
3591 3594 3597 3600 3603 3606 3609 3612 3615 
3618 3621 3624 3627 3630 3633 3636 3639 3642 
3645 3648 3651 3654 3657 3660 3663 3666 3669 
3672 3675 3678 3681 3684 3687 3690 3693 3696 
3699 3702 3705 3708 3711 3714 3717 3720 3723 
3726 3729 3732 3735 3738 3741 3744 3747 3750 
3753 3756 3759 3762 3765 3768 3771 3774 3777 
3780 3783 3786 3789 3792 3795 3798 3801 3804 
3807 3810 3813 3816 3819 3822 3825 3828 3831 
3834 3837 3840 3843 3846 3849 3852 3855 3858 
3861 3864 3867 3870 3873 3876 3879 3882 3885 
3888 3891 3894 3897 3900 3903 3906 3909 3912 
3915 3918 3921 3924 3927 3930 3933 3936 3939 
3942 3945 3948 3951 3954 3957 3960 3963 3966 
3969 3972 3975 3978 3981 3984 3987 3990 3993 
3996 3999 4002 4005 4008 4011 4014 4017 4020 
4023 4026 4029 4032 4035 4038 4041 4044 4047 
4050 4053 4056 4059 4062 4065 4068 4071 4074 
4077 4080 4083 4086 4089 4092 4095 4098 4101 
4104 4107 4110 4113 4116 4119 4122 4125 4128 
4131 4134 4137 4140 4143 4146 4149 4152 4155 
4158 4161 4164 4167 4170 4173 4176 4179 4182 
4185 4188 4191 4194 4197 4200 4203 4206 4209 
4212 4215 4218 4221 4224 4227 4230 4233 4236 
4239 4242 4245 4248 4251 4254 4257 4260 4263 
4266 4269 4272 4275 4278 4281 4284 4287 4290 
4293 4296 4299 4302 4305 4308 4311 4314 4317 
4320 4323 4326 4329 4332 4335 4338 4341 4344 
4347 4350 4353 4356 4359 4362 4365 4368 4371 
4374 4377 4380 4383 4386 4389 4392 4395 4398 
4401 4404 4407 4410 4413 4416 4419 4422 4425 
4428 4431 4434 4437 4440 4443 4446 4449 4452 
4455 4458 4461 4464 4467 4470 4473 4476 4479 
4482 4485 4488 4491 4494 4497 4500 4503 4506 
4509 4512 4515 4518 4521 4524 4527 4530 4533 
4536 4539 4542 4545 4548 4551 4554 4557 4560 
4563 4566 4569 4572 4575 4578 4581 4584 4587 
4590 4593 4596 4599 4602 4605 4608 4611 4614 
4617 4620 4623 4626 4629 4632 4635 4638 4641 
4644 4647 4650 4653 4656 4659 4662 4665 4668 
4671 4674 4677 4680 4683 4686 4689 4692 4695 
4698 4701 4704 4707 4710 4713 4716 4719 4722 
4725 4728 4731 4734 4737 4740 4743 4746 4749 
4752 4755 4758 4761 4764 4767 4770 4773 4776 
4779 4782 4785 4788 4791 4794 4797 4800 4803 
4806 4809 4812 4815 4818 4821 4824 4827 4830 
4833 4836 4839 4842 4845 4848 4851 4854 4857 
4860 4863 4866 4869 4872 4875 4878 4881 4884 
4887 4890 4893 4896 4899 4902 4905 4908 4911 
4914 4917 4920 4923 4926 4929 4932 4935 4938 
4941 4944 4947 4950 4953 4956 4959 4962 4965 
4968 4971 4974 4977 4980 4983 4986 4989 4992 
4995 4998 5001 5004 5007 5010 5013 5016 5019 
5022 5025 5028 5031 5034 5037 5040 5043 5046 
5049 5052 5055 5058 5061 5064 5067 5070 5073 
5076 5079 5082 5085 5088 5091 5094 5097 5100 
5103 5106 5109 5112 5115 5118 5121 5124 5127 
5130 5133 5136 5139 5142 5145 5148 5151 5154 
5157 5160 5163 5166 5169 5172 5175 5178 5181 
5184 5187 5190 5193 5196 5199 5202 5205 5208 
5211 5214 5217 5220 5223 5226 5229 5232 5235 
5238 5241 5244 5247 5250 5253 5256 5259 5262 
5265 5268 5271 5274 5277 5280 5283 5286 5289 
5292 5295 5298 5301 5304 5307 5310 5313 5316 
5319 5322 5325 5328 5331 5334 5337 5340 5343 
5346 5349 5352 5355 5358 5361 5364 5367 5370 
5373 5376 5379 5382 5385 5388 5391 5394 5397 
5400 5403 5406 5409 5412 5415 5418 5421 5424 
5427 5430 5433 5436 5439 5442 5445 5448 5451 
5454 5457 5460 5463 5466 5469 5472 5475 5478 
5481 5484 5487 5490 5493 5496 5499 5502 5505 
5508 5511 5514 5517 5520 5523 5526 5529 5532 
5535 5538 5541 5544 5547 5550 5553 5556 5559 
5562 5565 5568 5571 5574 5577 5580 5583 5586 
5589 5592 5595 5598 5601 5604 5607 5610 5613 
5616 5619 5622 5625 5628 5631 5634 5637 5640 
5643 5646 5649 5652 5655 5658 5661 5664 5667 
5670 5673 5676 5679 5682 5685 5688 5691 5694 
5697 5700 5703 5706 5709 5712 5715 5718 5721 
5724 5727 5730 5733 5736 5739 5742 5745 5748 
5751 5754 5757 5760 5763 5766 5769 5772 5775 
5778 5781 5784 5787 5790 5793 5796 5799 5802 
5805 5808 5811 5814 5817 5820 5823 5826 5829 
5832 5835 5838 5841 5844 5847 5850 5853 5856 
5859 5862 5865 5868 5871 5874 5877 5880 5883 
5886 5889 5892 5895 5898 5901 5904 5907 5910 
5913 5916 5919 5922 5925 5928 5931 5934 5937 
5940 5943 5946 5949 5952 5955 5958 5961 5964 
5967 5970 5973 5976 5979 5982 5985 5988 5991 
5994 5997 6000 6003 6006 6009 6012 6015 6018 
6021 6024 6027 6030 6033 6036 6039 6042 6045 
6048 6051 6054 6057 6060 6063 6066 6069 6072 
6075 6078 6081 6084 6087 6090 6093 6096 6099 
6102 6105 6108 6111 6114 6117 6120 6123 6126 
6129 6132 6135 6138 6141 6144 6147 6150 6153 
6156 6159 6162 6165 6168 6171 6174 6177 6180 
6183 6186 6189 6192 6195 6198 6201 6204 6207 
6210 6213 6216 6219 6222 6225 6228 6231 6234 
6237 6240 6243 6246 6249 6252 6255 6258 6261 
6264 6267 6270 6273 6276 6279 6282 6285 6288 
6291 6294 6297 6300 6303 6306 6309 6312 6315 
6318 6321 6324 6327 6330 6333 6336 6339 6342 
6345 6348 6351 6354 6357 6360 6363 6366 6369 
6372 6375 6378 6381 6384 6387 6390 6393 6396 
6399 6402 6405 6408 6411 6414 6417 6420 6423 
6426 6429 6432 6435 6438 6441 6444 6447 6450 
6453 6456 6459 6462 6465 6468 6471 6474 6477 
6480 6483 6486 6489 6492 6495 6498 6501 6504 
6507 6510 6513 6516 6519 6522 6525 6528 6531 
6534 6537 6540 6543 6546 6549 6552 6555 6558 
6561 6564 6567 6570 6573 6576 6579 6582 6585 
6588 6591 6594 6597 6600 6603 6606 6609 6612 
6615 6618 6621 6624 6627 6630 6633 6636 6639 
6642 6645 6648 6651 6654 6657 6660 6663 6666 
6669 6672 6675 6678 6681 6684 6687 6690 6693 
6696 6699 6702 6705 6708 6711 6714 6717 6720 
6723 6726 6729 6732 6735 6738 6741 6744 6747 
6750 6753 6756 6759 6762 6765 6768 6771 6774 
6777 6780 6783 6786 6789 6792 6795 6798 6801 
6804 6807 6810 6813 6816 6819 6822 6825 6828 
6831 6834 6837 6840 6843 6846 6849 6852 6855 
6858 6861 6864 6867 6870 6873 6876 6879 6882 
6885 6888 6891 6894 6897 6900 6903 6906 6909 
6912 6915 6918 6921 6924 6927 6930 6933 6936 
6939 6942 6945 6948 6951 6954 6957 6960 6963 
6966 6969 6972 6975 6978 6981 6984 6987 6990 
6993 6996 6999 7002 7005 7008 7011 7014 7017 
7020 7023 7026 7029 7032 7035 7038 7041 7044 
7047 7050 7053 7056 7059 7062 7065 7068 7071 
7074 7077 7080 7083 7086 7089 7092 7095 7098 
7101 7104 7107 7110 7113 7116 7119 7122 7125 
7128 7131 7134 7137 7140 7143 7146 7149 7152 
7155 7158 7161 7164 7167 7170 7173 7176 7179 
7182 7185 7188 7191 7194 7197 7200 7203 7206 
7209 7212 7215 7218 7221 7224 7227 7230 7233 
7236 7239 7242 7245 7248 7251 7254 7257 7260 
7263 7266 7269 7272 7275 7278 7281 7284 7287 
7290 7293 7296 7299 7302 7305 7308 7311 7314 
7317 7320 7323 7326 7329 7332 7335 7338 7341 
7344 7347 7350 7353 7356 7359 7362 7365 7368 
7371 7374 7377 7380 7383 7386 7389 7392 7395 
7398 7401 7404 7407 7410 7413 7416 7419 7422 
7425 7428 7431 7434 7437 7440 7443 7446 7449 
7452 7455 7458 7461 7464 7467 7470 7473 7476 
7479 7482 7485 7488 7491 7494 7497 7500 7503 
7506 7509 7512 7515 7518 7521 7524 7527 7530 
7533 7536 7539 7542 7545 7548 7551 7554 7557 
7560 7563 7566 7569 7572 7575 7578 7581 7584 
7587 7590 7593 7596 7599 7602 7605 7608 7611 
7614 7617 7620 7623 7626 7629 7632 7635 7638 
7641 7644 7647 7650 7653 7656 7659 7662 7665 
7668 7671 7674 7677 7680 7683 7686 7689 7692 
7695 7698 7701 7704 7707 7710 7713 7716 7719 
7722 7725 7728 7731 7734 7737 7740 7743 7746 
7749 7752 7755 7758 7761 7764 7767 7770 7773 
7776 7779 7782 7785 7788 7791 7794 7797 7800 
7803 7806 7809 7812 7815 7818 7821 7824 7827 
7830 7833 7836 7839 7842 7845 7848 7851 7854 
7857 7860 7863 7866 7869 7872 7875 7878 7881 
7884 7887 7890 7893 7896 7899 7902 7905 7908 
7911 7914 7917 7920 7923 7926 7929 7932 7935 
7938 7941 7944 7947 7950 7953 7956 7959 7962 
7965 7968 7971 7974 7977 7980 7983 7986 7989 
7992 7995 7998 8001 8004 8007 8010 8013 8016 
8019 8022 8025 8028 8031 8034 8037 8040 8043 
8046 8049 8052 8055 8058 8061 8064 8067 8070 
8073 8076 8079 8082 8085 8088 8091 8094 8097 
8100 8103 8106 8109 8112 8115 8118 8121 8124 
8127 8130 8133 8136 8139 8142 8145 8148 8151 
8154 8157 8160 8163 8166 8169 8172 8175 8178 
8181 8184 8187 8190 8193 8196 8199 8202 8205 
8208 8211 8214 8217 8220 8223 8226 8229 8232 
8235 8238 8241 8244 8247 8250 8253 8256 8259 
8262 8265 8268 8271 8274 8277 8280 8283 8286 
8289 8292 8295 8298 8301 8304 8307 8310 8313 
8316 8319 8322 8325 8328 8331 8334 8337 8340 
8343 8346 8349 8352 8355 8358 8361 8364 8367 
8370 8373 8376 8379 8382 8385 8388 8391 8394 
8397 8400 8403 8406 8409 8412 8415 8418 8421 
8424 8427 8430 8433 8436 8439 8442 8445 8448 
8451 8454 8457 8460 8463 8466 8469 8472 8475 
8478 8481 8484 8487 8490 8493 8496 8499 8502 
8505 8508 8511 8514 8517 8520 8523 8526 8529 
8532 8535 8538 8541 8544 8547 8550 8553 8556 
8559 8562 8565 8568 8571 8574 8577 8580 8583 
8586 8589 8592 8595 8598 8601 8604 8607 8610 
8613 8616 8619 8622 8625 8628 8631 8634 8637 
8640 8643 8646 8649 8652 8655 8658 8661 8664 
8667 8670 8673 8676 8679 8682 8685 8688 8691 
8694 8697 8700 8703 8706 8709 8712 8715 8718 
8721 8724 8727 8730 8733 8736 8739 8742 8745 
8748 8751 8754 8757 8760 8763 8766 8769 8772 
8775 8778 8781 8784 8787 8790 8793 8796 8799 
8802 8805 8808 8811 8814 8817 8820 8823 8826 
8829 8832 8835 8838 8841 8844 8847 8850 8853 
8856 8859 8862 8865 8868 8871 8874 8877 8880 
8883 8886 8889 8892 8895 8898 8901 8904 8907 
8910 8913 8916 8919 8922 8925 8928 8931 8934 
8937 8940 8943 8946 8949 8952 8955 8958 8961 
8964 8967 8970 8973 8976 8979 8982 8985 8988 
8991 8994 8997 9000 9003 9006 9009 9012 9015 
9018 9021 9024 9027 9030 9033 9036 9039 9042 
9045 9048 9051 9054 9057 9060 9063 9066 9069 
9072 9075 9078 9081 9084 9087 9090 9093 9096 
9099 9102 9105 9108 9111 9114 9117 9120 9123 
9126 9129 9132 9135 9138 9141 9144 9147 9150 
9153 9156 9159 9162 9165 9168 9171 9174 9177 
9180 9183 9186 9189 9192 9195 9198 9201 9204 
9207 9210 9213 9216 9219 9222 9225 9228 9231 
9234 9237 9240 9243 9246 9249 9252 9255 9258 
9261 9264 9267 9270 9273 9276 9279 9282 9285 
9288 9291 9294 9297 9300 9303 9306 9309 9312 
9315 9318 9321 9324 9327 9330 9333 9336 9339 
9342 9345 9348 9351 9354 9357 9360 9363 9366 
9369 9372 9375 9378 9381 9384 9387 9390 9393 
9396 9399 9402 9405 9408 9411 9414 9417 9420 
9423 9426 9429 9432 9435 9438 9441 9444 9447 
9450 9453 9456 9459 9462 9465 9468 9471 9474 
9477 9480 9483 9486 9489 9492 9495 9498 9501 
9504 9507 9510 9513 9516 9519 9522 9525 9528 
9531 9534 9537 9540 9543 9546 9549 9552 9555 
9558 9561 9564 9567 9570 9573 9576 9579 9582 
9585 9588 9591 9594 9597 9600 9603 9606 9609 
9612 9615 9618 9621 9624 9627 9630 9633 9636 
9639 9642 9645 9648 9651 9654 9657 9660 9663 
9666 9669 9672 9675 9678 9681 9684 9687 9690 
9693 9696 9699 9702 9705 9708 9711 9714 9717 
9720 9723 9726 9729 9732 9735 9738 9741 9744 
9747 9750 9753 9756 9759 9762 9765 9768 9771 
9774 9777 9780 9783 9786 9789 9792 9795 9798 
9801 9804 9807 9810 9813 9816 9819 9822 9825 
9828 9831 9834 9837 9840 9843 9846 9849 9852 
9855 9858 9861 9864 9867 9870 9873 9876 9879 
9882 9885 9888 9891 9894 9897 9900 9903 9906 
9909 9912 9915 9918 9921 9924 9927 9930 9933 
9936 9939 9942 9945 9948 9951 9954 9957 9960 
9963 9966 9969 9972 9975 9978 9981 9984 9987 
9990 9993 9996 9999 10002 10005 10008 10011 10014 
10017 10020 10023 10026 10029 10032 10035 10038 10041 
10044 10047 10050 10053 10056 10059 10062 10065 10068 
10071 10074 10077 10080 10083 10086 10089 10092 10095 
10098 10101 10104 10107 10110 10113 10116 10119 10122 
10125 10128 10131 10134 10137 10140 10143 10146 10149 
10152 10155 10158 10161 10164 10167 10170 10173 10176 
10179 10182 10185 10188 10191 10194 10197 10200 10203 
10206 10209 10212 10215 10218 10221 10224 10227 10230 
10233 10236 10239 10242 10245 10248 10251 10254 10257 
10260 10263 10266 10269 10272 10275 10278 10281 10284 
10287 10290 10293 10296 10299 10302 10305 10308 10311 
10314 10317 10320 10323 10326 10329 10332 10335 10338 
10341 10344 10347 10350 10353 10356 10359 10362 10365 
10368 10371 10374 10377 10380 10383 10386 10389 10392 
10395 10398 10401 10404 10407 10410 10413 10416 10419 
10422 10425 10428 10431 10434 10437 10440 10443 10446 
10449 10452 10455 10458 10461 10464 10467 10470 10473 
10476 10479 10482 10485 10488 10491 10494 10497 10500 
10503 10506 10509 10512 10515 10518 10521 10524 10527 
10530 10533 10536 10539 10542 10545 10548 10551 10554 
10557 10560 10563 10566 10569 10572 10575 10578 10581 
10584 10587 10590 10593 10596 10599 10602 10605 10608 
10611 10614 10617 10620 10623 10626 10629 10632 10635 
10638 10641 10644 10647 10650 10653 10656 10659 10662 
10665 10668 10671 10674 10677 10680 10683 10686 10689 
10692 10695 10698 10701 10704 10707 10710 10713 10716 
10719 10722 10725 10728 10731 10734 10737 10740 10743 
10746 10749 10752 10755 10758 10761 10764 10767 10770 
10773 10776 10779 10782 10785 10788 10791 10794 10797 
10800 10803 10806 10809 10812 10815 10818 10821 10824 
10827 10830 10833 10836 10839 10842 10845 10848 10851 
10854 10857 10860 10863 10866 10869 10872 10875 10878 
10881 10884 10887 10890 10893 10896 10899 10902 10905 
10908 10911 10914 10917 10920 10923 10926 10929 10932 
10935 10938 10941 10944 10947 10950 10953 10956 10959 
10962 10965 10968 10971 10974 10977 10980 10983 10986 
10989 10992 10995 10998 11001 11004 11007 11010 11013 
11016 11019 11022 11025 11028 11031 11034 11037 11040 
11043 11046 11049 11052 11055 11058 11061 11064 11067 
11070 11073 11076 11079 11082 11085 11088 11091 11094 
11097 11100 11103 11106 11109 11112 11115 11118 11121 
11124 11127 11130 11133 11136 11139 11142 11145 11148 
11151 11154 11157 11160 11163 11166 11169 11172 11175 
11178 11181 11184 11187 11190 11193 11196 11199 11202 
11205 11208 11211 11214 11217 11220 11223 11226 11229 
11232 11235 11238 11241 11244 11247 11250 11253 11256 
11259 11262 11265 11268 11271 11274 11277 11280 11283 
11286 11289 11292 11295 11298 11301 11304 11307 11310 
11313 11316 11319 11322 11325 11328 11331 11334 11337 
11340 11343 11346 11349 11352 11355 11358 11361 11364 
11367 11370 11373 11376 11379 11382 11385 11388 11391 
11394 11397 11400 11403 11406 11409 11412 11415 11418 
11421 11424 11427 11430 11433 11436 11439 11442 11445 
11448 11451 11454 11457 11460 11463 11466 11469 11472 
11475 11478 11481 11484 11487 11490 11493 11496 11499 
11502 11505 11508 11511 11514 11517 11520 11523 11526 
11529 11532 11535 11538 11541 11544 11547 11550 11553 
11556 11559 11562 11565 11568 11571 11574 11577 11580 
11583 11586 11589 11592 11595 11598 11601 11604 11607 
11610 11613 11616 11619 11622 11625 11628 11631 11634 
11637 11640 11643 11646 11649 11652 11655 11658 11661 
11664 11667 11670 11673 11676 11679 11682 11685 11688 
11691 11694 11697 11700 11703 11706 11709 11712 11715 
11718 11721 11724 11727 11730 11733 11736 11739 11742 
11745 11748 11751 11754 11757 11760 11763 11766 11769 
11772 11775 11778 11781 11784 11787 11790 11793 11796 
11799 11802 11805 11808 11811 11814 11817 11820 11823 
11826 11829 11832 11835 11838 11841 11844 11847 11850 
11853 11856 11859 11862 11865 11868 11871 11874 11877 
11880 11883 11886 11889 11892 11895 11898 11901 11904 
11907 11910 11913 11916 11919 11922 11925 11928 11931 
11934 11937 11940 11943 11946 11949 11952 11955 11958 
11961 11964 11967 11970 11973 11976 11979 11982 11985 
11988 11991 11994 11997 12000 12003 12006 12009 12012 
12015 12018 12021 12024 12027 12030 12033 12036 12039 
12042 12045 12048 12051 12054 12057 12060 12063 12066 
12069 12072 12075 12078 12081 12084 12087 12090 12093 
12096 12099 12102 12105 12108 12111 12114 12117 12120 
12123 12126 12129 12132 12135 12138 12141 12144 12147 
12150 12153 12156 12159 12162 12165 12168 12171 12174 
12177 12180 12183 12186 12189 12192 12195 12198 12201 
12204 12207 12210 12213 12216 12219 12222 12225 12228 
12231 12234 12237 12240 12243 12246 12249 12252 12255 
12258 12261 12264 12267 12270 12273 12276 12279 12282 
12285 12288 12291 12294 12297 12300 12303 12306 12309 
12312 12315 12318 12321 12324 12327 12330 12333 12336 
12339 12342 12345 12348 12351 12354 12357 12360 12363 
12366 12369 12372 12375 12378 12381 12384 12387 12390 
12393 12396 12399 12402 12405 12408 12411 12414 12417 
12420 12423 12426 12429 12432 12435 12438 12441 12444 
12447 12450 12453 12456 12459 12462 12465 12468 12471 
12474 12477 12480 12483 12486 12489 12492 12495 12498 
12501 12504 12507 12510 12513 12516 12519 12522 12525 
12528 12531 12534 12537 12540 12543 12546 12549 12552 
12555 12558 12561 12564 12567 12570 12573 12576 12579 
12582 12585 12588 12591 12594 12597 12600 12603 12606 
12609 12612 12615 12618 12621 12624 12627 12630 12633 
12636 12639 12642 12645 12648 12651 12654 12657 12660 
12663 12666 12669 12672 12675 12678 12681 12684 12687 
12690 12693 12696 12699 12702 12705 12708 12711 12714 
12717 12720 12723 12726 12729 12732 12735 12738 12741 
12744 12747 12750 12753 12756 12759 12762 12765 12768 
12771 12774 12777 12780 12783 12786 12789 12792 12795 
12798 12801 12804 12807 12810 12813 12816 12819 12822 
12825 12828 12831 12834 12837 12840 12843 12846 12849 
12852 12855 12858 12861 12864 12867 12870 12873 12876 
12879 12882 12885 12888 12891 12894 12897 12900 12903 
12906 12909 12912 12915 12918 12921 12924 12927 12930 
12933 12936 12939 12942 12945 12948 12951 12954 12957 
12960 12963 12966 12969 12972 12975 12978 12981 12984 
12987 12990 12993 12996 12999 13002 13005 13008 13011 
13014 13017 13020 13023 13026 13029 13032 13035 13038 
13041 13044 13047 13050 13053 13056 13059 13062 13065 
13068 13071 13074 13077 13080 13083 13086 13089 13092 
13095 13098 13101 13104 13107 13110 13113 13116 13119 
13122 13125 13128 13131 13134 13137 13140 13143 13146 
13149 13152 13155 13158 13161 13164 13167 13170 13173 
13176 13179 13182 13185 13188 13191 13194 13197 13200 
13203 13206 13209 13212 13215 13218 13221 13224 13227 
13230 13233 13236 13239 13242 13245 13248 13251 13254 
13257 13260 13263 13266 13269 13272 13275 13278 13281 
13284 13287 13290 13293 13296 13299 13302 13305 13308 
13311 13314 13317 13320 13323 13326 13329 13332 13335 
13338 13341 13344 13347 13350 13353 13356 13359 13362 
13365 13368 13371 13374 13377 13380 13383 13386 13389 
13392 13395 13398 13401 13404 13407 13410 13413 13416 
13419 13422 13425 13428 13431 13434 13437 13440 13443 
13446 13449 13452 13455 13458 13461 13464 13467 13470 
13473 13476 13479 13482 13485 13488 13491 13494 13497 
13500 13503 13506 13509 13512 13515 13518 13521 13524 
13527 13530 13533 13536 13539 13542 13545 13548 13551 
13554 13557 13560 13563 13566 13569 13572 13575 13578 
13581 13584 13587 13590 13593 13596 13599 13602 13605 
13608 13611 13614 13617 13620 13623 13626 13629 13632 
13635 13638 13641 13644 13647 13650 13653 13656 13659 
13662 13665 13668 13671 13674 13677 13680 13683 13686 
13689 13692 13695 13698 13701 13704 13707 13710 13713 
13716 13719 13722 13725 13728 13731 13734 13737 13740 
13743 13746 13749 13752 13755 13758 13761 13764 13767 
13770 13773 13776 13779 13782 13785 13788 13791 13794 
13797 13800 13803 13806 13809 13812 13815 13818 13821 
13824 13827 13830 13833 13836 13839 13842 13845 13848 
13851 13854 13857 13860 13863 13866 13869 13872 13875 
13878 13881 13884 13887 13890 13893 13896 13899 13902 
13905 13908 13911 13914 13917 13920 13923 13926 13929 
13932 13935 13938 13941 13944 13947 13950 13953 13956 
13959 13962 13965 13968 13971 13974 13977 13980 13983 
13986 13989 13992 13995 13998 14001 14004 14007 14010 
14013 14016 14019 14022 14025 14028 14031 14034 14037 
14040 14043 14046 14049 14052 14055 14058 14061 14064 
14067 14070 14073 14076 14079 14082 14085 14088 14091 
14094 14097 14100 14103 14106 14109 14112 14115 14118 
14121 14124 14127 14130 14133 14136 14139 14142 14145 
14148 14151 14154 14157 14160 14163 14166 14169 14172 
14175 14178 14181 14184 14187 14190 14193 14196 14199 
14202 14205 14208 14211 14214 14217 14220 14223 14226 
14229 14232 14235 14238 14241 14244 14247 14250 14253 
14256 14259 14262 14265 14268 14271 14274 14277 14280 
14283 14286 14289 14292 14295 14298 14301 14304 14307 
14310 14313 14316 14319 14322 14325 14328 14331 14334 
14337 14340 14343 14346 14349 14352 14355 14358 14361 
14364 14367 14370 14373 14376 14379 14382 14385 14388 
14391 14394 14397 14400 14403 14406 14409 14412 14415 
14418 14421 14424 14427 14430 14433 14436 14439 14442 
14445 14448 14451 14454 14457 14460 14463 14466 14469 
14472 14475 14478 14481 14484 14487 14490 14493 14496 
14499 14502 14505 14508 14511 14514 14517 14520 14523 
14526 14529 14532 14535 14538 14541 14544 14547 14550 
14553 14556 14559 14562 14565 14568 14571 14574 14577 
14580 14583 14586 14589 14592 14595 14598 14601 14604 
14607 14610 14613 14616 14619 14622 14625 14628 14631 
14634 14637 14640 14643 14646 14649 14652 14655 14658 
14661 14664 14667 14670 14673 14676 14679 14682 14685 
14688 14691 14694 14697 14700 14703 14706 14709 14712 
14715 14718 14721 14724 14727 14730 14733 14736 14739 
14742 14745 14748 14751 14754 14757 14760 14763 14766 
14769 14772 14775 14778 14781 14784 14787 14790 14793 
14796 14799 14802 14805 14808 14811 14814 14817 14820 
14823 14826 14829 14832 14835 14838 14841 14844 14847 
14850 14853 14856 14859 14862 14865 14868 14871 14874 
14877 14880 14883 14886 14889 14892 14895 14898 14901 
14904 14907 14910 14913 14916 14919 14922 14925 14928 
14931 14934 14937 14940 14943 14946 14949 14952 14955 
14958 14961 14964 14967 14970 14973 14976 14979 14982 
14985 14988 14991 14994 14997 15000 15003 15006 15009 
15012 15015 15018 15021 15024 15027 15030 15033 15036 
15039 15042 15045 15048 15051 15054 15057 15060 15063 
15066 15069 15072 15075 15078 15081 15084 15087 15090 
15093 15096 15099 15102 15105 15108 15111 15114 15117 
15120 15123 15126 15129 15132 15135 15138 15141 15144 
15147 15150 15153 15156 15159 15162 15165 15168 15171 
15174 15177 15180 15183 15186 15189 15192 15195 15198 
15201 15204 15207 15210 15213 15216 15219 15222 15225 
15228 15231 15234 15237 15240 15243 15246 15249 15252 
15255 15258 15261 15264 15267 15270 15273 15276 15279 
15282 15285 15288 15291 15294 15297 15300 15303 15306 
15309 15312 15315 15318 15321 15324 15327 15330 15333 
15336 15339 15342 15345 15348 15351 15354 15357 15360 
15363 15366 15369 15372 15375 15378 15381 15384 15387 
15390 15393 15396 15399 15402 15405 15408 15411 15414 
15417 15420 15423 15426 15429 15432 15435 15438 15441 
15444 15447 15450 15453 15456 15459 15462 15465 15468 
15471 15474 15477 15480 15483 15486 15489 15492 15495 
15498 15501 15504 15507 15510 15513 15516 15519 15522 
15525 15528 15531 15534 15537 15540 15543 15546 15549 
15552 15555 15558 15561 15564 15567 15570 15573 15576 
15579 15582 15585 15588 15591 15594 15597 15600 15603 
15606 15609 15612 15615 15618 15621 15624 15627 15630 
15633 15636 15639 15642 15645 15648 15651 15654 15657 
15660 15663 15666 15669 15672 15675 15678 15681 15684 
15687 15690 15693 15696 15699 15702 15705 15708 15711 
15714 15717 15720 15723 15726 15729 15732 15735 15738 
15741 15744 15747 15750 15753 15756 15759 15762 15765 
15768 15771 15774 15777 15780 15783 15786 15789 15792 
15795 15798 15801 15804 15807 15810 15813 15816 15819 
15822 15825 15828 15831 15834 15837 15840 15843 15846 
15849 15852 15855 15858 15861 15864 15867 15870 15873 
15876 15879 15882 15885 15888 15891 15894 15897 15900 
15903 15906 15909 15912 15915 15918 15921 15924 15927 
15930 15933 15936 15939 15942 15945 15948 15951 15954 
15957 15960 15963 15966 15969 15972 15975 15978 15981 
15984 15987 15990 15993 15996 15999 16002 16005 16008 
16011 16014 16017 16020 16023 16026 16029 16032 16035 
16038 16041 16044 16047 16050 16053 16056 16059 16062 
16065 16068 16071 16074 16077 16080 16083 16086 16089 
16092 16095 16098 16101 16104 16107 16110 16113 16116 
16119 16122 16125 16128 16131 16134 16137 16140 16143 
16146 16149 16152 16155 16158 16161 16164 16167 16170 
16173 16176 16179 16182 16185 16188 16191 16194 16197 
16200 16203 16206 16209 16212 16215 16218 16221 16224 
16227 16230 16233 16236 16239 16242 16245 16248 16251 
16254 16257 16260 16263 16266 16269 16272 16275 16278 
16281 16284 16287 16290 16293 16296 16299 16302 16305 
16308 16311 16314 16317 16320 16323 16326 16329 16332 
16335 16338 16341 16344 16347 16350 16353 16356 16359 
16362 16365 16368 16371 16374 16377 16380 16383 16386 
16389 16392 16395 16398 16401 16404 16407 16410 16413 
16416 16419 16422 16425 16428 16431 16434 16437 16440 
16443 16446 16449 16452 16455 16458 16461 16464 16467 
16470 16473 16476 16479 16482 16485 16488 16491 16494 
16497 16500 16503 16506 16509 16512 16515 16518 16521 
16524 16527 16530 16533 16536 16539 16542 16545 16548 
16551 16554 16557 16560 16563 16566 16569 16572 16575 
16578 16581 16584 16587 16590 16593 16596 16599 16602 
16605 16608 16611 16614 16617 16620 16623 16626 16629 
16632 16635 16638 16641 16644 16647 16650 16653 16656 
16659 16662 16665 16668 16671 16674 16677 16680 16683 
16686 16689 16692 16695 16698 16701 16704 16707 16710 
16713 16716 16719 16722 16725 16728 16731 16734 16737 
16740 16743 16746 16749 16752 16755 16758 16761 16764 
16767 16770 16773 16776 16779 16782 16785 16788 16791 
16794 16797 16800 16803 16806 16809 16812 16815 16818 
16821 16824 16827 16830 16833 16836 16839 16842 16845 
16848 16851 16854 16857 16860 16863 16866 16869 16872 
16875 16878 16881 16884 16887 16890 16893 16896 16899 
16902 16905 16908 16911 16914 16917 16920 16923 16926 
16929 16932 16935 16938 16941 16944 16947 16950 16953 
16956 16959 16962 16965 16968 16971 16974 16977 16980 
16983 16986 16989 16992 16995 16998 17001 17004 17007 
17010 17013 17016 17019 17022 17025 17028 17031 17034 
17037 17040 17043 17046 17049 17052 17055 17058 17061 
17064 17067 17070 17073 17076 17079 17082 17085 17088 
17091 17094 17097 17100 17103 17106 17109 17112 17115 
17118 17121 17124 17127 17130 17133 17136 17139 17142 
17145 17148 17151 17154 17157 17160 17163 17166 17169 
17172 17175 17178 17181 17184 17187 17190 17193 17196 
17199 17202 17205 17208 17211 17214 17217 17220 17223 
17226 17229 17232 17235 17238 17241 17244 17247 17250 
17253 17256 17259 17262 17265 17268 17271 17274 17277 
17280 17283 17286 17289 17292 17295 17298 17301 17304 
17307 17310 17313 17316 17319 17322 17325 17328 17331 
17334 17337 17340 17343 17346 17349 17352 17355 17358 
17361 17364 17367 17370 17373 17376 17379 17382 17385 
17388 17391 17394 17397 17400 17403 17406 17409 17412 
17415 17418 17421 17424 17427 17430 17433 17436 17439 
17442 17445 17448 17451 17454 17457 17460 17463 17466 
17469 17472 17475 17478 17481 17484 17487 17490 17493 
17496 17499 17502 17505 17508 17511 17514 17517 17520 
17523 17526 17529 17532 17535 17538 17541 17544 17547 
17550 17553 17556 17559 17562 17565 17568 17571 17574 
17577 17580 17583 17586 17589 17592 17595 17598 17601 
17604 17607 17610 17613 17616 17619 17622 17625 17628 
17631 17634 17637 17640 17643 17646 17649 17652 17655 
17658 17661 17664 17667 17670 17673 17676 17679 17682 
17685 17688 17691 17694 17697 17700 17703 17706 17709 
17712 17715 17718 17721 17724 17727 17730 17733 17736 
17739 17742 17745 17748 17751 17754 17757 17760 17763 
17766 17769 17772 17775 17778 17781 17784 17787 17790 
17793 17796 17799 17802 17805 17808 17811 17814 17817 
17820 17823 17826 17829 17832 17835 17838 17841 17844 
17847 17850 17853 17856 17859 17862 17865 17868 17871 
17874 17877 17880 17883 17886 17889 17892 17895 17898 
17901 17904 17907 17910 17913 17916 17919 17922 17925 
17928 17931 17934 17937 17940 17943 17946 17949 17952 
17955 17958 17961 17964 17967 17970 17973 17976 17979 
17982 17985 17988 17991 17994 17997 18000 18003 18006 
18009 18012 18015 18018 18021 18024 18027 18030 18033 
18036 18039 18042 18045 18048 18051 18054 18057 18060 
18063 18066 18069 18072 18075 18078 18081 18084 18087 
18090 18093 18096 18099 18102 18105 18108 18111 18114 
18117 18120 18123 18126 18129 18132 18135 18138 18141 
18144 18147 18150 18153 18156 18159 18162 18165 18168 
18171 18174 18177 18180 18183 18186 18189 18192 18195 
18198 18201 18204 18207 18210 18213 18216 18219 18222 
18225 18228 18231 18234 18237 18240 18243 18246 18249 
18252 18255 18258 18261 18264 18267 18270 18273 18276 
18279 18282 18285 18288 18291 18294 18297 18300 18303 
18306 18309 18312 18315 18318 18321 18324 18327 18330 
18333 18336 18339 18342 18345 18348 18351 18354 18357 
18360 18363 18366 18369 18372 18375 18378 18381 18384 
18387 18390 18393 18396 18399 18402 18405 18408 18411 
18414 18417 18420 18423 18426 18429 18432 18435 18438 
18441 18444 18447 18450 18453 18456 18459 18462 18465 
18468 18471 18474 18477 18480 18483 18486 18489 18492 
18495 18498 18501 18504 18507 18510 18513 18516 18519 
18522 18525 18528 18531 18534 18537 18540 18543 18546 
18549 18552 18555 18558 18561 18564 18567 18570 18573 
18576 18579 18582 18585 18588 18591 18594 18597 18600 
18603 18606 18609 18612 18615 18618 18621 18624 18627 
18630 18633 18636 18639 18642 18645 18648 18651 18654 
18657 18660 18663 18666 18669 18672 18675 18678 18681 
18684 18687 18690 18693 18696 18699 18702 18705 18708 
18711 18714 18717 18720 18723 18726 18729 18732 18735 
18738 18741 18744 18747 18750 18753 18756 18759 18762 
18765 18768 18771 18774 18777 18780 18783 18786 18789 
18792 18795 18798 18801 18804 18807 18810 18813 18816 
18819 18822 18825 18828 18831 18834 18837 18840 18843 
18846 18849 18852 18855 18858 18861 18864 18867 18870 
18873 18876 18879 18882 18885 18888 18891 18894 18897 
18900 18903 18906 18909 18912 18915 18918 18921 18924 
18927 18930 18933 18936 18939 18942 18945 18948 18951 
18954 18957 18960 18963 18966 18969 18972 18975 18978 
18981 18984 18987 18990 18993 18996 18999 19002 19005 
19008 19011 19014 19017 19020 19023 19026 19029 19032 
19035 19038 19041 19044 19047 19050 19053 19056 19059 
19062 19065 19068 19071 19074 19077 19080 19083 19086 
19089 19092 19095 19098 19101 19104 19107 19110 19113 
19116 19119 19122 19125 19128 19131 19134 19137 19140 
19143 19146 19149 19152 19155 19158 19161 19164 19167 
19170 19173 19176 19179 19182 19185 19188 19191 19194 
19197 19200 19203 19206 19209 19212 19215 19218 19221 
19224 19227 19230 19233 19236 19239 19242 19245 19248 
19251 19254 19257 19260 19263 19266 19269 19272 19275 
19278 19281 19284 19287 19290 19293 19296 19299 19302 
19305 19308 19311 19314 19317 19320 19323 19326 19329 
19332 19335 19338 19341 19344 19347 19350 19353 19356 
19359 19362 19365 19368 19371 19374 19377 19380 19383 
19386 19389 19392 19395 19398 19401 19404 
CONNECTIVITY vtktypeint64
0 1 2 0 3 4 1 0 4 
3 5 6 4 3 6 6 5 7 
0 2 8 3 0 8 9 3 8 
5 3 9 10 5 9 7 5 10 
11 12 13 11 14 15 12 11 15 
15 14 16 11 13 17 17 18 19 
17 19 11 11 19 14 20 16 14 
19 20 14 19 18 21 20 19 21 
22 23 24 22 25 26 23 22 26 
25 27 28 26 25 28 28 27 29 
30 31 32 30 33 34 31 30 34 
33 35 36 34 33 36 35 37 38 
36 35 38 37 39 40 38 37 40 
39 41 42 40 39 42 41 43 44 
42 41 44 43 45 46 44 43 46 
45 47 48 46 45 48 24 48 47 
22 24 47 22 47 2 22 2 1 
4 22 1 25 22 4 6 25 4 
27 25 6 27 6 7 27 7 29 
29 7 49 50 51 52 50 53 54 
51 50 54 53 55 56 54 53 56 
55 57 58 56 55 58 57 59 60 
58 57 60 59 61 62 60 59 62 
32 62 61 32 61 30 30 61 63 
33 30 64 64 30 63 35 33 65 
65 33 64 37 35 66 66 35 65 
39 37 67 67 37 66 41 39 68 
68 39 67 43 41 69 69 41 68 
70 71 45 70 45 69 69 45 43 
47 45 71 72 47 71 73 72 74 
8 72 73 8 47 72 8 2 47 
8 75 9 73 75 8 76 9 75 
76 77 9 77 10 9 49 7 10 
77 49 10 50 52 78 78 79 80 
78 80 50 50 80 53 12 80 13 
12 55 80 55 53 80 15 55 12 
57 55 15 16 57 15 16 81 57 
81 59 57 61 59 82 82 59 81 
63 61 83 83 61 82 84 85 64 
84 64 83 83 64 63 65 64 85 
86 65 85 66 65 86 87 66 86 
67 66 87 88 67 87 68 67 88 
89 68 88 69 68 89 90 69 89 
70 69 90 73 74 91 75 73 91 
92 75 91 76 75 92 80 79 93 
13 80 93 13 93 17 17 93 94 
94 18 17 95 18 94 81 96 97 
81 16 96 16 20 96 82 81 97 
98 82 97 83 82 98 99 83 98 
84 83 99 18 95 100 21 18 100 
96 20 21 100 96 21 101 102 103 
101 104 105 102 101 105 104 106 107 
105 104 107 106 108 109 107 106 109 
109 108 110 111 112 113 111 114 115 
112 111 115 114 116 117 115 114 117 
116 118 119 117 116 119 118 120 121 
119 118 121 120 122 123 121 120 123 
122 124 125 123 122 125 124 126 127 
125 124 127 126 128 129 127 126 129 
128 130 131 129 128 131 130 132 133 
131 130 133 132 134 135 133 132 135 
134 136 137 135 134 137 136 138 139 
137 136 139 103 139 138 103 138 101 
101 138 140 23 140 24 23 104 140 
104 101 140 26 104 23 106 104 26 
28 106 26 108 106 28 108 28 29 
108 29 110 110 29 141 142 143 144 
142 145 146 143 142 146 113 146 145 
113 145 111 111 145 147 114 111 148 
148 111 147 116 114 149 149 114 148 
118 116 150 150 116 149 120 118 151 
151 118 150 122 120 152 152 120 151 
31 152 32 31 124 152 124 122 152 
34 124 31 126 124 34 36 126 34 
128 126 36 38 128 36 130 128 38 
40 130 38 132 130 40 42 132 40 
134 132 42 44 134 42 136 134 44 
46 136 44 138 136 46 48 138 46 
140 138 48 24 140 48 29 49 141 
141 49 153 142 144 154 154 155 156 
154 156 142 142 156 145 51 156 52 
51 147 156 147 145 156 54 147 51 
148 147 54 56 148 54 149 148 56 
58 149 56 150 149 58 60 150 58 
151 150 60 62 151 60 152 151 62 
32 152 62 71 70 157 71 158 72 
157 158 71 72 158 74 77 159 160 
76 159 77 153 49 77 160 153 77 
156 155 161 52 156 161 52 161 78 
78 161 162 162 79 78 163 79 162 
164 165 166 164 85 84 164 166 85 
166 167 85 86 85 168 85 167 168 
87 86 169 86 168 169 88 87 170 
87 169 170 89 88 171 88 170 171 
90 89 172 89 171 172 157 70 90 
157 90 173 173 90 172 158 157 173 
174 158 173 74 158 174 74 174 91 
91 174 175 92 91 176 91 175 176 
159 76 92 176 159 92 79 163 177 
93 79 177 94 93 178 93 177 178 
95 179 180 95 94 179 94 178 179 
180 97 96 180 179 97 179 181 97 
98 97 182 97 181 182 165 164 99 
165 99 182 182 99 98 84 99 164 
95 180 100 96 100 180 183 184 185 
183 186 187 184 183 187 186 188 189 
187 186 189 189 188 190 191 192 193 
185 192 191 185 191 183 183 191 194 
186 183 195 195 183 194 188 186 196 
196 186 195 197 190 188 196 197 188 
198 199 200 198 201 202 199 198 202 
201 203 204 202 201 204 203 205 206 
204 203 206 205 207 208 206 205 208 
207 209 210 208 207 210 209 211 212 
210 209 212 211 213 214 212 211 214 
213 215 216 214 213 216 215 217 218 
216 215 218 217 219 220 218 217 220 
219 221 222 220 219 222 221 223 224 
222 221 224 223 225 226 224 223 226 
225 227 228 226 225 228 227 229 230 
228 227 230 193 230 229 191 193 229 
191 229 103 191 103 102 105 191 102 
194 191 105 107 194 105 195 194 107 
109 195 107 196 195 109 196 109 110 
196 110 197 197 110 231 232 198 200 
233 232 200 201 198 234 234 198 232 
112 234 113 112 203 234 203 201 234 
115 203 112 205 203 115 117 205 115 
207 205 117 119 207 117 209 207 119 
121 209 119 211 209 121 123 211 121 
213 211 123 125 213 123 215 213 125 
127 215 125 217 215 127 129 217 127 
219 217 129 131 219 129 221 219 131 
133 221 131 223 221 133 135 223 133 
225 223 135 137 225 135 227 225 137 
139 227 137 229 227 139 103 229 139 
110 141 231 231 141 235 143 232 233 
143 233 144 144 233 236 146 232 143 
234 232 146 113 234 146 141 153 235 
235 153 237 144 236 238 154 144 238 
238 155 154 239 155 238 160 240 241 
159 240 160 237 153 160 241 237 160 
155 239 242 161 155 242 162 161 243 
161 242 243 243 163 162 244 163 243 
166 245 246 165 245 166 167 166 247 
166 246 247 168 167 248 167 247 248 
169 168 249 168 248 249 170 169 250 
169 249 250 171 170 251 170 250 251 
172 171 252 171 251 252 173 172 253 
172 252 253 174 173 254 173 253 254 
255 254 256 255 175 254 175 174 254 
257 175 255 257 258 175 258 176 175 
240 159 176 258 240 176 163 244 259 
177 163 259 178 177 260 177 259 260 
179 178 261 178 260 261 181 179 262 
179 261 262 182 181 263 181 262 263 
245 165 182 263 245 182 255 256 264 
257 255 264 265 266 267 265 268 269 
266 265 269 268 270 271 269 268 271 
271 270 272 273 274 275 274 273 276 
277 278 279 267 278 277 267 277 265 
265 277 280 184 280 185 184 268 280 
268 265 280 187 268 184 270 268 187 
270 281 272 270 187 281 187 189 281 
281 189 190 282 281 190 283 273 275 
284 283 275 285 276 273 285 273 286 
286 273 283 286 287 288 285 286 288 
287 289 290 288 287 290 289 291 292 
290 289 292 291 293 294 292 291 294 
293 295 296 294 293 296 295 297 298 
296 295 298 297 299 300 298 297 300 
300 299 301 302 303 304 302 305 306 
303 302 306 305 307 308 306 305 308 
279 308 307 279 307 277 277 307 309 
192 309 193 192 280 309 280 277 309 
185 280 192 190 197 282 282 197 310 
199 311 312 200 199 312 284 202 283 
284 311 202 311 199 202 204 283 202 
286 283 204 206 286 204 287 286 206 
208 287 206 289 287 208 210 289 208 
291 289 210 212 291 210 293 291 212 
214 293 212 295 293 214 216 295 214 
297 295 216 218 297 216 299 297 218 
299 313 301 299 218 313 218 220 313 
222 314 220 220 314 313 304 224 302 
304 314 224 314 222 224 226 302 224 
305 302 226 228 305 226 307 305 228 
230 307 228 309 307 230 193 309 230 
197 231 310 310 231 315 316 317 318 
316 312 317 316 233 312 233 200 312 
231 235 315 315 235 319 316 318 320 
320 233 316 320 321 233 321 236 233 
235 237 319 319 237 322 236 321 323 
238 236 323 323 239 238 324 239 323 
241 325 326 240 325 241 322 237 241 
326 322 241 239 324 327 242 239 327 
243 242 328 242 327 328 328 244 243 
329 244 328 330 331 332 330 246 245 
330 332 246 332 333 246 247 246 334 
246 333 334 248 247 335 247 334 335 
249 248 336 248 335 336 250 249 337 
249 336 337 251 250 338 250 337 338 
339 338 340 339 252 338 252 251 338 
252 341 253 339 341 252 253 342 254 
341 342 253 254 342 256 258 343 344 
257 343 258 325 240 258 344 325 258 
244 329 345 259 244 345 260 259 346 
259 345 346 261 260 347 260 346 347 
262 261 348 261 347 348 331 330 263 
331 263 348 348 263 262 245 263 330 
339 340 349 341 339 349 350 341 349 
342 341 350 351 342 350 256 342 351 
256 351 264 264 351 352 343 257 264 
352 343 264 353 354 355 353 356 357 
354 353 357 356 358 359 357 356 359 
359 358 360 361 362 363 361 364 365 
362 361 365 364 366 367 365 364 367 
366 368 369 367 366 369 369 368 370 
371 372 373 355 372 371 353 355 371 
353 371 267 353 267 266 269 353 266 
356 353 269 271 356 269 358 356 271 
272 374 375 271 272 375 271 375 360 
271 360 358 375 374 376 361 363 377 
274 378 275 274 361 378 274 364 361 
361 377 378 276 364 274 276 379 364 
379 366 364 368 366 380 380 366 379 
381 370 368 381 368 382 382 368 380 
382 383 384 381 382 384 384 383 385 
386 387 388 373 387 386 371 373 386 
371 386 279 371 279 278 267 371 278 
272 281 374 374 281 282 374 282 376 
376 282 389 275 378 284 378 390 284 
276 285 379 288 379 285 380 379 288 
290 380 288 382 380 290 292 382 290 
383 382 292 383 391 385 383 292 391 
292 294 391 296 392 294 294 392 391 
298 393 296 296 393 392 300 394 298 
298 394 393 301 395 396 301 396 300 
300 396 394 395 397 398 396 395 398 
397 304 303 397 303 398 398 303 399 
306 400 303 303 400 399 388 308 386 
388 400 308 400 306 308 279 386 308 
282 310 389 389 310 401 311 402 403 
312 311 403 390 311 284 402 311 390 
301 313 395 314 395 313 397 395 314 
304 397 314 310 315 401 401 315 404 
405 406 407 405 318 317 405 317 406 
406 317 408 403 317 312 408 317 403 
409 410 411 409 411 404 409 404 319 
319 404 315 405 407 412 318 405 412 
318 412 320 320 412 413 413 321 320 
414 321 413 415 410 409 416 410 415 
319 322 415 409 319 415 321 414 417 
323 321 417 417 324 323 418 324 417 
326 416 415 326 325 416 325 419 416 
322 326 415 324 418 420 327 324 420 
328 327 421 327 420 421 421 329 328 
422 329 421 423 424 425 423 332 331 
423 425 332 425 426 332 333 332 427 
332 426 427 334 333 428 333 427 428 
335 334 429 334 428 429 336 335 430 
335 429 430 337 336 431 336 430 431 
338 337 432 337 431 432 340 433 434 
340 338 433 338 432 433 433 435 434 
344 436 437 343 436 344 419 325 344 
437 419 344 329 422 438 345 329 438 
346 345 439 345 438 439 347 346 440 
346 439 440 424 423 348 424 348 440 
440 348 347 331 348 423 340 434 349 
434 435 441 434 441 349 349 441 350 
351 350 442 350 441 442 352 351 443 
351 442 443 436 343 352 443 436 352 
444 445 446 444 447 448 445 444 448 
448 447 449 450 451 452 450 453 454 
451 450 454 454 453 455 456 444 446 
457 456 446 354 456 355 354 447 456 
447 444 456 447 458 449 447 354 458 
354 357 458 459 460 458 459 458 359 
359 458 357 359 360 459 461 462 463 
461 363 362 461 362 462 462 362 464 
452 365 450 452 464 365 464 362 365 
367 450 365 453 450 367 453 465 455 
453 367 465 367 369 465 370 466 467 
370 467 369 369 467 465 466 468 469 
467 466 469 469 468 470 471 472 473 
457 472 471 456 457 471 456 471 373 
456 373 372 355 456 372 459 474 460 
475 476 474 375 475 474 375 474 459 
375 459 360 375 376 475 461 463 477 
478 477 479 377 477 478 377 461 477 
377 363 461 377 478 378 370 381 466 
384 466 381 468 466 384 385 480 481 
384 385 481 384 481 470 384 470 468 
480 482 483 481 480 483 482 484 485 
483 482 485 485 484 486 487 488 489 
487 490 491 488 487 491 490 492 493 
491 490 493 473 493 492 471 473 492 
471 492 388 471 388 387 373 471 387 
494 476 475 495 476 494 376 389 494 
475 376 494 496 478 479 497 496 479 
378 496 390 478 496 378 385 391 480 
392 480 391 482 480 392 393 482 392 
484 482 393 484 498 486 484 393 498 
393 394 498 396 499 394 394 499 498 
489 398 487 489 499 398 499 396 398 
399 487 398 490 487 399 400 490 399 
492 490 400 388 492 400 500 495 494 
501 495 500 389 401 500 494 389 500 
502 503 504 497 503 502 496 497 502 
496 502 403 496 403 402 390 496 402 
505 501 500 506 501 505 401 404 505 
500 401 505 406 507 508 407 406 508 
504 408 502 504 507 408 507 406 408 
403 502 408 411 506 505 411 410 506 
410 509 506 404 411 505 407 508 510 
412 407 510 511 510 512 511 413 510 
413 412 510 413 511 414 410 416 509 
509 416 513 511 512 514 414 511 514 
414 514 417 417 514 515 418 516 517 
418 417 516 417 515 516 516 518 517 
519 520 521 519 522 523 521 522 519 
523 524 525 522 524 523 525 526 527 
524 526 525 526 528 527 529 530 531 
529 531 513 529 513 419 419 513 416 
418 517 420 517 518 532 517 532 420 
420 532 421 422 533 534 422 421 533 
421 532 533 534 535 536 533 535 534 
536 537 538 535 537 536 538 425 424 
538 537 425 537 539 425 426 425 540 
425 539 540 427 426 541 426 540 541 
520 519 428 520 428 541 541 428 427 
429 428 519 523 429 519 430 429 523 
525 430 523 431 430 525 527 431 525 
527 528 542 527 542 431 431 542 432 
433 432 543 432 542 543 543 435 433 
544 435 543 437 530 529 437 436 530 
436 545 530 419 437 529 422 534 438 
439 438 534 536 439 534 440 439 536 
538 440 536 424 440 538 435 544 546 
441 435 546 442 441 547 441 546 547 
443 442 548 442 547 548 545 436 443 
548 545 443 549 550 551 550 549 552 
553 549 551 554 553 551 555 552 549 
555 549 556 556 549 553 557 446 445 
558 555 556 445 448 559 557 445 559 
448 449 559 560 561 562 560 452 451 
560 451 561 561 451 563 454 564 451 
451 564 563 455 565 566 455 566 454 
454 566 564 565 567 568 566 565 568 
567 569 570 568 567 570 570 569 571 
572 553 554 573 572 554 556 553 574 
574 553 572 446 575 457 446 557 575 
457 575 574 558 556 575 574 575 556 
559 575 557 576 575 559 577 578 576 
458 577 576 458 576 559 458 559 449 
458 460 577 462 579 580 463 462 580 
562 464 560 562 579 464 579 462 464 
452 560 464 455 465 565 467 565 465 
567 565 467 469 567 467 569 567 469 
470 581 582 469 470 582 469 582 571 
469 571 569 581 583 584 582 581 584 
583 585 586 584 583 586 586 585 587 
588 589 590 588 591 592 589 588 592 
573 592 591 573 591 572 572 591 593 
472 593 473 472 574 593 574 572 593 
457 574 472 594 578 577 595 578 594 
460 474 596 460 596 577 577 596 594 
474 476 596 463 580 597 477 463 597 
597 479 477 598 479 597 470 481 581 
483 581 481 583 581 483 485 583 483 
585 583 485 486 599 600 485 486 600 
485 600 587 485 587 585 599 601 602 
600 599 602 590 602 601 588 590 601 
588 601 489 588 489 488 491 588 488 
591 588 491 493 591 491 593 591 493 
473 593 493 594 603 595 603 604 605 
603 594 604 594 596 604 476 495 604 
596 476 604 606 607 608 606 598 607 
606 497 598 497 479 598 486 498 599 
499 599 498 601 599 499 489 601 499 
609 605 604 610 605 609 495 501 609 
604 495 609 503 606 608 503 608 504 
504 608 611 497 606 503 609 612 610 
612 609 501 612 501 613 613 501 506 
507 614 615 508 507 615 611 507 504 
614 507 611 616 617 618 616 618 613 
616 613 509 509 613 506 508 615 619 
510 508 619 619 512 510 620 512 619 
621 617 616 622 617 621 509 513 621 
616 509 621 512 620 623 514 512 623 
515 514 624 514 623 624 516 515 625 
515 624 625 625 518 516 626 518 625 
627 628 629 627 521 520 627 629 521 
629 630 521 522 521 631 521 630 631 
524 522 632 522 631 632 526 524 633 
524 632 633 633 528 526 634 528 633 
531 622 621 531 530 622 530 635 622 
513 531 621 518 626 636 532 518 636 
533 532 637 532 636 637 535 533 638 
533 637 638 537 535 639 535 638 639 
539 537 640 537 639 640 540 539 641 
539 640 641 628 627 541 628 541 641 
641 541 540 520 541 627 528 634 642 
542 528 642 543 542 643 542 642 643 
643 544 543 644 544 643 645 646 647 
645 647 635 645 635 545 545 635 530 
544 644 648 546 544 648 547 546 649 
546 648 649 646 645 548 646 548 649 
649 548 547 545 548 645 650 651 652 
653 551 550 654 651 650 550 552 653 
655 656 657 655 658 659 656 655 659 
658 660 661 659 658 661 660 662 663 
661 660 663 663 662 664 665 666 667 
665 668 669 666 665 669 652 669 668 
652 668 650 650 668 670 551 671 554 
551 653 671 554 671 670 654 650 671 
670 671 650 672 673 671 555 672 671 
555 671 653 555 653 552 555 558 672 
561 674 675 562 561 675 657 563 655 
657 674 563 674 561 563 564 655 563 
658 655 564 566 658 564 660 658 566 
568 660 566 662 660 568 662 676 664 
662 568 676 568 570 676 571 677 678 
571 678 570 570 678 676 677 679 680 
678 677 680 679 681 682 680 679 682 
681 683 684 682 681 684 667 684 683 
667 683 665 665 683 685 668 665 686 
686 665 685 670 668 687 687 668 686 
554 687 573 670 687 554 672 688 673 
689 690 688 575 689 688 575 688 672 
575 672 558 575 576 691 689 575 691 
576 578 691 692 693 694 692 580 579 
692 579 693 693 579 695 675 579 562 
695 579 675 571 582 677 584 677 582 
679 677 584 586 679 584 681 679 586 
587 681 586 587 696 681 696 683 681 
685 683 697 697 683 696 589 697 590 
589 686 697 686 685 697 592 686 589 
687 686 592 573 687 592 689 698 690 
698 699 700 698 689 699 689 691 699 
578 595 699 691 578 699 692 694 701 
702 701 703 597 701 702 597 692 701 
597 580 692 597 702 598 587 600 696 
602 696 600 697 696 602 590 697 602 
699 704 700 705 706 704 603 705 704 
603 704 699 603 699 595 603 605 705 
607 702 703 607 703 608 608 703 707 
598 702 607 708 706 705 709 706 708 
605 610 708 705 605 708 710 711 712 
710 707 711 710 611 707 611 608 707 
713 709 708 714 709 713 610 612 715 
610 715 708 708 715 713 612 613 715 
716 717 718 712 717 716 710 712 716 
710 716 615 710 615 614 611 710 614 
713 719 714 618 617 720 618 720 713 
618 713 715 713 720 719 613 618 715 
716 718 721 615 716 721 615 721 619 
619 721 722 722 620 619 723 620 722 
724 725 726 724 726 720 724 720 622 
622 720 617 620 723 727 623 620 727 
624 623 728 623 727 728 625 624 729 
624 728 729 729 626 625 730 626 729 
731 732 733 731 629 628 731 733 629 
733 734 629 630 629 735 629 734 735 
631 630 736 630 735 736 632 631 737 
631 736 737 633 632 738 632 737 738 
738 634 633 739 634 738 740 725 724 
741 725 740 622 635 740 724 622 740 
626 730 742 636 626 742 637 636 743 
636 742 743 638 637 744 637 743 744 
639 638 745 638 744 745 640 639 746 
639 745 746 732 731 641 732 641 746 
746 641 640 628 641 731 634 739 747 
642 634 747 643 642 748 642 747 748 
644 749 750 644 643 749 643 748 749 
750 751 752 749 751 750 741 752 751 
740 752 741 740 646 752 740 647 646 
635 647 740 644 750 648 649 648 750 
752 649 750 646 649 752 753 754 755 
753 756 757 754 753 757 758 652 651 
759 757 756 651 654 758 760 761 762 
760 657 656 760 656 761 761 656 763 
659 764 656 656 764 763 661 765 659 
659 765 764 663 766 661 661 766 765 
664 767 768 664 768 663 663 768 766 
767 769 770 768 767 770 769 771 772 
770 769 772 771 773 774 772 771 774 
773 775 776 774 773 776 755 776 775 
753 755 775 753 775 667 753 667 666 
669 753 666 756 753 669 756 777 759 
756 669 777 758 777 652 652 777 669 
654 777 758 654 671 777 671 778 777 
778 671 673 779 778 673 780 781 782 
780 783 784 781 780 784 762 784 783 
760 762 783 760 783 675 760 675 674 
657 760 674 664 676 767 678 767 676 
769 767 678 680 769 678 771 769 680 
682 771 680 773 771 682 684 773 682 
775 773 684 667 775 684 785 673 688 
785 786 673 786 779 673 688 690 785 
787 788 789 782 788 787 780 782 787 
780 787 694 780 694 693 695 780 693 
783 780 695 675 783 695 785 790 786 
791 792 790 698 791 790 698 790 785 
698 785 690 698 700 791 787 789 793 
794 793 795 701 793 794 701 787 793 
701 694 787 701 794 703 791 796 792 
797 798 796 704 797 796 704 796 791 
704 791 700 704 706 797 799 794 795 
800 799 795 703 799 707 794 799 703 
801 798 797 802 798 801 706 709 801 
797 706 801 711 799 800 711 800 712 
712 800 803 707 799 711 804 802 801 
805 802 804 709 714 804 801 709 804 
717 806 807 718 717 807 803 717 712 
806 717 803 804 808 805 809 810 808 
719 809 808 719 808 804 719 804 714 
719 720 809 718 807 811 721 718 811 
722 721 812 721 811 812 812 723 722 
813 723 812 726 810 809 726 725 810 
725 814 810 720 726 809 723 813 815 
727 723 815 728 727 816 727 815 816 
729 728 817 728 816 817 817 730 729 
818 730 817 819 820 821 819 733 732 
819 821 733 821 822 733 734 733 823 
733 822 823 735 734 824 734 823 824 
736 735 825 735 824 825 737 736 826 
736 825 826 738 737 827 737 826 827 
827 739 738 828 739 827 829 830 831 
829 831 814 829 814 741 741 814 725 
730 818 832 742 730 832 743 742 833 
742 832 833 744 743 834 743 833 834 
745 744 835 744 834 835 820 819 746 
820 746 835 835 746 745 732 746 819 
739 828 836 747 739 836 748 747 837 
747 836 837 749 748 838 748 837 838 
830 829 751 830 751 838 838 751 749 
741 751 829 839 840 841 839 842 843 
840 839 843 843 842 844 845 846 847 
845 848 849 846 845 849 850 755 754 
851 849 848 754 757 852 850 754 852 
757 759 852 761 853 854 762 761 854 
763 855 761 761 855 853 764 856 763 
763 856 855 841 765 839 841 856 765 
856 764 765 766 839 765 842 839 766 
842 857 844 842 766 857 766 768 857 
770 858 768 768 858 857 772 859 770 
770 859 858 847 774 845 847 859 774 
859 772 774 776 845 774 848 845 776 
848 860 851 848 776 860 850 860 755 
755 860 776 852 860 850 861 860 852 
759 861 852 759 777 861 777 862 861 
863 864 862 863 862 778 778 862 777 
778 779 863 781 865 866 782 781 866 
784 867 781 781 867 865 854 784 762 
867 784 854 863 868 864 868 863 779 
868 779 869 869 779 786 870 871 872 
870 789 788 870 788 871 871 788 873 
866 788 782 873 788 866 874 786 790 
874 875 786 875 869 786 790 792 874 
870 872 876 877 876 878 793 876 877 
793 870 876 793 789 870 793 877 795 
874 879 875 880 881 879 796 880 879 
796 879 874 796 874 792 796 798 880 
877 878 882 882 795 877 882 883 795 
883 800 795 884 881 880 885 881 884 
798 802 884 880 798 884 886 887 888 
886 883 887 886 803 883 803 800 883 
889 885 884 890 885 889 802 805 889 
884 802 889 891 892 893 888 892 891 
886 888 891 886 891 807 886 807 806 
803 886 806 889 894 890 895 896 894 
808 895 894 808 894 889 808 889 805 
808 810 895 891 893 897 807 891 897 
807 897 811 811 897 898 812 811 899 
811 898 899 899 813 812 900 813 899 
901 896 895 902 896 901 810 814 901 
895 810 901 813 900 903 815 813 903 
816 815 904 815 903 904 817 816 905 
816 904 905 905 818 817 906 818 905 
821 907 908 820 907 821 822 821 909 
821 908 909 823 822 910 822 909 910 
824 823 911 823 910 911 825 824 912 
824 911 912 826 825 913 825 912 913 
827 826 914 826 913 914 914 828 827 
915 828 914 916 917 918 902 916 918 
901 916 902 901 830 916 901 831 830 
814 831 901 818 906 919 832 818 919 
833 832 920 832 919 920 834 833 921 
833 920 921 835 834 922 834 921 922 
907 820 835 922 907 835 828 915 923 
836 828 923 837 836 924 836 923 924 
917 916 838 917 838 924 924 838 837 
830 838 916 925 926 927 925 928 929 
926 925 929 928 841 840 928 840 929 
929 840 930 843 931 840 840 931 930 
844 932 933 844 933 843 843 933 931 
932 934 935 933 932 935 934 936 937 
935 934 937 936 847 846 936 846 937 
937 846 938 849 939 846 846 939 938 
939 849 851 940 939 851 941 942 943 
941 854 853 941 853 942 942 853 944 
927 855 925 927 944 855 944 853 855 
856 925 855 928 925 856 841 928 856 
844 857 932 858 932 857 934 932 858 
859 934 858 936 934 859 847 936 859 
851 945 940 860 945 851 861 946 860 
860 946 945 947 948 946 947 946 862 
862 946 861 862 864 947 949 950 951 
949 866 865 949 865 950 950 865 952 
943 867 941 943 952 867 952 865 867 
854 941 867 947 953 948 954 955 953 
868 954 953 868 953 947 868 947 864 
868 869 954 871 956 957 872 871 957 
951 873 949 951 956 873 956 871 873 
866 949 873 958 955 954 959 955 958 
869 875 958 954 869 958 872 957 960 
876 872 960 960 878 876 961 878 960 
958 962 959 963 964 962 879 963 962 
879 962 958 879 958 875 879 881 963 
965 882 878 965 878 966 966 878 961 
882 965 883 967 964 963 968 964 967 
881 885 967 963 881 967 969 970 971 
969 972 973 970 969 973 966 973 972 
965 966 972 965 972 888 965 888 887 
883 965 887 967 974 968 974 967 885 
974 885 975 975 885 890 969 971 976 
892 977 893 892 969 977 892 972 969 
969 976 977 888 972 892 978 890 894 
978 979 890 979 975 890 894 896 978 
893 977 980 897 893 980 898 897 981 
897 980 981 982 981 983 982 899 981 
899 898 981 899 982 900 984 985 986 
986 987 984 988 979 978 989 979 988 
896 902 988 978 896 988 982 983 990 
900 982 990 900 990 903 903 990 991 
904 903 992 903 991 992 905 904 993 
904 992 993 993 906 905 994 906 993 
995 996 997 995 908 907 995 997 908 
997 998 908 909 908 999 908 998 999 
910 909 1000 909 999 1000 985 984 911 
985 911 1000 1000 911 910 984 987 1001 
984 1001 911 911 1001 912 913 912 1002 
912 1001 1002 914 913 1003 913 1002 1003 
915 1004 1005 915 914 1004 914 1003 1004 
1005 1006 1007 1004 1006 1005 989 1007 1006 
988 1007 989 988 917 1007 988 918 917 
902 918 988 906 994 1008 919 906 1008 
920 919 1009 919 1008 1009 921 920 1010 
920 1009 1010 996 995 922 996 922 1010 
1010 922 921 907 922 995 915 1005 923 
924 923 1005 1007 924 1005 917 924 1007 
926 1011 1012 927 926 1012 929 1013 926 
926 1013 1011 930 1014 929 929 1014 1013 
931 1015 930 930 1015 1014 933 1016 931 
931 1016 1015 935 1017 933 933 1017 1016 
937 1018 935 935 1018 1017 938 1019 937 
937 1019 1018 1020 1021 1019 1020 1019 939 
939 1019 938 939 940 1020 1022 1023 1024 
1022 943 942 1022 942 1023 1023 942 1025 
944 1026 942 942 1026 1025 1012 944 927 
1026 944 1012 1020 1027 1021 940 1027 1020 
940 945 1027 945 1028 1027 1029 1030 1028 
1029 1028 946 946 1028 945 946 948 1029 
950 1031 1032 951 950 1032 1024 952 1022 
1024 1031 952 1031 950 952 943 1022 952 
1029 1033 1030 1034 1035 1033 953 1034 1033 
953 1033 1029 953 1029 948 953 955 1034 
1036 1037 1038 1036 957 956 1036 956 1037 
1037 956 1039 1032 956 951 1039 956 1032 
1034 1040 1035 1040 1034 955 1040 955 1041 
1041 955 959 1036 1038 1042 1043 1042 1044 
960 1042 1043 960 1036 1042 960 957 1036 
960 1043 961 1045 959 962 1045 1046 959 
1046 1041 959 962 964 1045 1047 1043 1044 
1048 1047 1044 961 1047 966 1043 1047 961 
1045 1049 1046 1049 1045 964 1049 964 1050 
1050 964 968 970 1051 971 1047 1048 1052 
1047 1052 970 1047 970 973 1051 970 1052 
966 1047 973 1053 968 974 1053 1054 968 
1054 1050 968 974 975 1053 971 1051 976 
1051 977 976 1051 1052 977 1052 1055 977 
1056 1054 1053 1057 1054 1056 975 979 1056 
1053 975 1056 977 1055 1058 980 977 1058 
981 980 1059 980 1058 1059 1059 983 981 
1060 983 1059 1061 1062 1063 1061 1064 1065 
1063 1064 1061 1065 986 985 1065 1064 986 
1064 1066 986 987 1067 1068 987 986 1067 
986 1066 1067 1067 1069 1068 1070 1057 1056 
1071 1057 1070 979 989 1070 1056 979 1070 
983 1060 1072 990 983 1072 991 990 1073 
990 1072 1073 992 991 1074 991 1073 1074 
993 992 1075 992 1074 1075 994 1076 1077 
994 993 1076 993 1075 1076 1077 1078 1079 
1076 1078 1077 1079 1080 1081 1078 1080 1079 
1081 997 996 1081 1080 997 1080 1082 997 
998 997 1083 997 1082 1083 1062 1061 999 
1062 999 1083 1083 999 998 1000 999 1061 
1065 1000 1061 985 1000 1065 987 1068 1001 
1068 1069 1084 1068 1084 1001 1001 1084 1002 
1003 1002 1085 1002 1084 1085 1004 1003 1086 
1003 1085 1086 1071 1070 1006 1071 1006 1086 
1086 1006 1004 989 1006 1070 994 1077 1008 
1009 1008 1077 1079 1009 1077 1010 1009 1079 
1081 1010 1079 996 1010 1081 1087 1088 1089 
1087 1012 1011 1087 1011 1088 1088 1011 1090 
1013 1091 1011 1011 1091 1090 1014 1092 1013 
1013 1092 1091 1015 1093 1014 1014 1093 1092 
1016 1094 1015 1015 1094 1093 1017 1095 1016 
1016 1095 1094 1018 1096 1017 1017 1096 1095 
1097 1098 1096 1097 1096 1019 1019 1096 1018 
1019 1021 1097 1099 1100 1101 1099 1024 1023 
1099 1023 1100 1100 1023 1102 1025 1103 1023 
1023 1103 1102 1089 1026 1087 1089 1103 1026 
1103 1025 1026 1012 1087 1026 1097 1104 1098 
1021 1104 1097 1021 1027 1104 1027 1105 1104 
1106 1107 1105 1106 1105 1028 1028 1105 1027 
1028 1030 1106 1108 1109 1110 1101 1109 1108 
1099 1101 1108 1099 1108 1032 1099 1032 1031 
1024 1099 1031 1106 1111 1107 1112 1113 1111 
1033 1112 1111 1033 1111 1106 1033 1106 1030 
1033 1035 1112 1037 1114 1115 1038 1037 1115 
1110 1039 1108 1110 1114 1039 1114 1037 1039 
1032 1108 1039 1112 1116 1113 1117 1118 1116 
1040 1117 1116 1040 1116 1112 1040 1112 1035 
1040 1041 1117 1119 1042 1038 1119 1038 1120 
1120 1038 1115 1042 1119 1044 1121 1118 1117 
1122 1118 1121 1041 1046 1121 1117 1041 1121 
1123 1119 1120 1124 1123 1120 1044 1123 1048 
1119 1123 1044 1121 1125 1122 1126 1127 1125 
1049 1126 1125 1049 1125 1121 1049 1121 1046 
1049 1050 1126 1123 1124 1128 1128 1048 1123 
1128 1129 1048 1129 1052 1048 1130 1127 1126 
1131 1127 1130 1050 1054 1130 1126 1050 1130 
1052 1129 1055 1129 1132 1055 1130 1133 1131 
1133 1130 1054 1133 1054 1134 1134 1054 1057 
1055 1132 1135 1058 1055 1135 1136 1135 1137 
1136 1059 1135 1059 1058 1135 1059 1136 1060 
1138 1139 1140 1138 1063 1062 1138 1140 1063 
1140 1141 1063 1064 1063 1142 1063 1141 1142 
1066 1064 1143 1064 1142 1143 1067 1066 1144 
1066 1143 1144 1144 1069 1067 1145 1069 1144 
1146 1147 1148 1146 1148 1134 1146 1134 1071 
1071 1134 1057 1136 1137 1149 1060 1136 1149 
1060 1149 1072 1072 1149 1150 1073 1072 1151 
1072 1150 1151 1074 1073 1152 1073 1151 1152 
1075 1074 1153 1074 1152 1153 1076 1075 1154 
1075 1153 1154 1078 1076 1155 1076 1154 1155 
1080 1078 1156 1078 1155 1156 1082 1080 1157 
1080 1156 1157 1139 1138 1083 1139 1083 1157 
1157 1083 1082 1062 1083 1138 1069 1145 1158 
1084 1069 1158 1085 1084 1159 1084 1158 1159 
1147 1146 1086 1147 1086 1159 1159 1086 1085 
1071 1086 1146 1160 1161 1162 1160 1089 1088 
1160 1088 1161 1161 1088 1163 1090 1164 1088 
1088 1164 1163 1091 1165 1090 1090 1165 1164 
1092 1166 1091 1091 1166 1165 1093 1167 1092 
1092 1167 1166 1094 1168 1093 1093 1168 1167 
1095 1169 1094 1094 1169 1168 1170 1171 1169 
1170 1169 1096 1096 1169 1095 1096 1098 1170 
1100 1172 1173 1101 1100 1173 1102 1174 1100 
1100 1174 1172 1162 1103 1160 1162 1174 1103 
1174 1102 1103 1089 1160 1103 1170 1175 1171 
1098 1175 1170 1098 1104 1175 1104 1176 1175 
1105 1177 1104 1104 1177 1176 1177 1105 1107 
1178 1177 1107 1179 1180 1181 1179 1110 1109 
1179 1109 1180 1180 1109 1182 1173 1109 1101 
1182 1109 1173 1107 1183 1178 1111 1183 1107 
1183 1111 1113 1184 1183 1113 1185 1186 1187 
1181 1186 1185 1179 1181 1185 1179 1185 1115 
1179 1115 1114 1110 1179 1114 1188 1113 1116 
1188 1189 1113 1189 1184 1113 1116 1118 1188 
1190 1185 1187 1191 1190 1187 1115 1190 1120 
1185 1190 1115 1188 1192 1189 1192 1188 1118 
1192 1118 1193 1193 1118 1122 1190 1191 1194 
1194 1120 1190 1194 1195 1120 1195 1124 1120 
1122 1196 1193 1125 1196 1122 1196 1125 1127 
1197 1196 1127 1124 1195 1198 1128 1124 1198 
1198 1129 1128 1199 1129 1198 1127 1131 1197 
1197 1131 1200 1129 1199 1132 1199 1201 1132 
1202 1131 1133 1202 1203 1131 1203 1200 1131 
1133 1134 1202 1132 1201 1204 1135 1132 1204 
1137 1205 1206 1137 1135 1205 1135 1204 1205 
1205 1207 1206 1208 1209 1210 1208 1140 1139 
1208 1210 1140 1210 1211 1140 1141 1140 1212 
1140 1211 1212 1142 1141 1213 1141 1212 1213 
1143 1142 1214 1142 1213 1214 1144 1143 1215 
1143 1214 1215 1145 1216 1217 1145 1144 1216 
1144 1215 1216 1217 1218 1219 1216 1218 1217 
1203 1219 1218 1202 1219 1203 1202 1147 1219 
1202 1148 1147 1134 1148 1202 1137 1206 1149 
1206 1207 1220 1206 1220 1149 1149 1220 1150 
1151 1150 1221 1150 1220 1221 1152 1151 1222 
1151 1221 1222 1153 1152 1223 1152 1222 1223 
1154 1153 1224 1153 1223 1224 1155 1154 1225 
1154 1224 1225 1156 1155 1226 1155 1225 1226 
1209 1208 1157 1209 1157 1226 1226 1157 1156 
1139 1157 1208 1145 1217 1158 1159 1158 1217 
1219 1159 1217 1147 1159 1219 1227 1228 1229 
1227 1230 1231 1228 1227 1231 1231 1230 1232 
1233 1234 1235 1233 1162 1161 1233 1161 1234 
1234 1161 1236 1163 1237 1161 1161 1237 1236 
1229 1164 1227 1229 1237 1164 1237 1163 1164 
1165 1227 1164 1230 1227 1165 1230 1238 1232 
1230 1165 1238 1165 1166 1238 1167 1239 1166 
1166 1239 1238 1168 1240 1167 1167 1240 1239 
1241 1242 1240 1241 1240 1169 1169 1240 1168 
1169 1171 1241 1243 1244 1245 1243 1173 1172 
1243 1172 1244 1244 1172 1246 1235 1174 1233 
1235 1246 1174 1246 1172 1174 1162 1233 1174 
1241 1247 1242 1171 1247 1241 1171 1175 1247 
1175 1248 1247 1176 1249 1175 1175 1249 1248 
1250 1251 1249 1250 1249 1177 1177 1249 1176 
1177 1178 1250 1180 1252 1253 1181 1180 1253 
1245 1182 1243 1245 1252 1182 1252 1180 1182 
1173 1243 1182 1250 1254 1251 1255 1256 1254 
1183 1255 1254 1183 1254 1250 1183 1250 1178 
1183 1184 1255 1186 1257 1258 1187 1186 1258 
1253 1186 1181 1257 1186 1253 1255 1259 1256 
1259 1255 1184 1259 1184 1260 1260 1184 1189 
1187 1258 1191 1258 1261 1191 1189 1262 1260 
1192 1262 1189 1262 1192 1193 1263 1262 1193 
1191 1261 1264 1194 1191 1264 1264 1195 1194 
1265 1195 1264 1266 1193 1196 1266 1267 1193 
1267 1263 1193 1196 1197 1266 1195 1265 1268 
1198 1195 1268 1268 1199 1198 1269 1199 1268 
1266 1270 1267 1270 1266 1197 1270 1197 1271 
1271 1197 1200 1272 1273 1201 1272 1201 1269 
1269 1201 1199 1272 1274 1273 1275 1276 1277 
1275 1278 1279 1277 1278 1275 1278 1280 1279 
1281 1282 1283 1281 1283 1271 1281 1271 1203 
1203 1271 1200 1201 1273 1204 1273 1274 1284 
1273 1284 1204 1204 1284 1205 1207 1285 1286 
1207 1205 1285 1205 1284 1285 1286 1287 1288 
1285 1287 1286 1287 1289 1288 1290 1291 1292 
1290 1210 1209 1290 1292 1210 1292 1293 1210 
1211 1210 1294 1210 1293 1294 1276 1275 1212 
1276 1212 1294 1294 1212 1211 1213 1212 1275 
1279 1213 1275 1279 1280 1295 1279 1295 1213 
1213 1295 1214 1215 1214 1296 1214 1295 1296 
1216 1215 1297 1215 1296 1297 1282 1281 1218 
1282 1218 1297 1297 1218 1216 1203 1218 1281 
1207 1286 1220 1221 1220 1286 1288 1221 1286 
1288 1289 1298 1288 1298 1221 1221 1298 1222 
1223 1222 1299 1222 1298 1299 1224 1223 1300 
1223 1299 1300 1225 1224 1301 1224 1300 1301 
1291 1290 1226 1291 1226 1301 1301 1226 1225 
1209 1226 1290 1228 1302 1303 1229 1228 1303 
1231 1304 1228 1228 1304 1302 1304 1231 1232 
1305 1304 1232 1234 1306 1307 1235 1234 1307 
1236 1308 1234 1234 1308 1306 1237 1309 1236 
1236 1309 1308 1303 1237 1229 1309 1237 1303 
1232 1310 1305 1238 1310 1232 1239 1311 1238 
1238 1311 1310 1240 1312 1239 1239 1312 1311 
1312 1240 1242 1313 1312 1242 1244 1314 1315 
1245 1244 1315 1246 1316 1244 1244 1316 1314 
1307 1246 1235 1316 1246 1307 1242 1317 1313 
1247 1317 1242 1318 1319 1317 1318 1317 1248 
1248 1317 1247 1248 1249 1320 1318 1248 1320 
1249 1251 1320 1252 1321 1322 1253 1252 1322 
1315 1252 1245 1321 1252 1315 1318 1323 1319 
1320 1323 1318 1324 1323 1320 1325 1326 1324 
1254 1325 1324 1254 1324 1320 1254 1320 1251 
1254 1256 1325 1257 1327 1328 1258 1257 1328 
1322 1257 1253 1327 1257 1322 1325 1329 1326 
1330 1331 1329 1259 1330 1329 1259 1329 1325 
1259 1325 1256 1259 1260 1330 1332 1333 1261 
1332 1261 1328 1328 1261 1258 1332 1334 1333 
1330 1335 1331 1336 1337 1335 1262 1336 1335 
1262 1335 1330 1262 1330 1260 1262 1263 1336 
1261 1333 1264 1333 1265 1264 1333 1334 1265 
1334 1338 1265 1339 1337 1336 1340 1337 1339 
1263 1267 1339 1336 1263 1339 1265 1338 1341 
1268 1265 1341 1341 1269 1268 1342 1269 1341 
1339 1343 1340 1344 1345 1343 1270 1344 1343 
1270 1343 1339 1270 1339 1267 1270 1271 1344 
1269 1342 1346 1272 1269 1346 1346 1274 1272 
1347 1274 1346 1348 1349 1350 1348 1351 1352 
1350 1351 1348 1352 1277 1276 1352 1351 1277 
1351 1353 1277 1278 1277 1354 1277 1353 1354 
1280 1355 1356 1280 1278 1355 1278 1354 1355 
1355 1357 1356 1358 1359 1360 1345 1358 1360 
1344 1358 1345 1344 1282 1358 1344 1283 1282 
1271 1283 1344 1274 1347 1361 1284 1274 1361 
1285 1284 1362 1284 1361 1362 1287 1285 1363 
1285 1362 1363 1289 1364 1365 1289 1287 1364 
1287 1363 1364 1365 1366 1367 1364 1366 1365 
1367 1368 1369 1366 1368 1367 1369 1370 1371 
1368 1370 1369 1371 1292 1291 1371 1370 1292 
1370 1372 1292 1349 1348 1293 1349 1293 1372 
1372 1293 1292 1294 1293 1348 1352 1294 1348 
1276 1294 1352 1280 1356 1295 1356 1357 1373 
1356 1373 1295 1295 1373 1296 1359 1358 1297 
1359 1297 1373 1373 1297 1296 1282 1297 1358 
1289 1365 1298 1299 1298 1365 1367 1299 1365 
1300 1299 1367 1369 1300 1367 1301 1300 1369 
1371 1301 1369 1291 1301 1371 1374 1375 1376 
1374 1303 1302 1374 1302 1375 1375 1302 1377 
1304 1378 1302 1302 1378 1377 1305 1379 1380 
1305 1380 1304 1304 1380 1378 1380 1379 1381 
1382 1383 1384 1382 1307 1306 1382 1306 1383 
1383 1306 1385 1308 1386 1306 1306 1386 1385 
1376 1309 1374 1376 1386 1309 1386 1308 1309 
1303 1374 1309 1305 1310 1379 1379 1387 1381 
1379 1310 1387 1310 1311 1387 1312 1388 1311 
1311 1388 1387 1388 1312 1313 1389 1388 1313 
1314 1390 1391 1315 1314 1391 1384 1316 1382 
1384 1390 1316 1390 1314 1316 1307 1382 1316 
1313 1392 1389 1317 1392 1313 1392 1317 1319 
1393 1392 1319 1394 1395 1396 1394 1322 1321 
1394 1321 1395 1395 1321 1397 1391 1321 1315 
1397 1321 1391 1319 1398 1393 1323 1398 1319 
1399 1400 1398 1399 1398 1324 1324 1398 1323 
1324 1326 1399 1327 1394 1396 1327 1396 1328 
1328 1396 1401 1322 1394 1327 1399 1402 1400 
1403 1404 1402 1329 1403 1402 1329 1402 1399 
1329 1399 1326 1329 1331 1403 1328 1401 1405 
1332 1328 1405 1405 1334 1332 1406 1334 1405 
1403 1407 1404 1408 1409 1407 1335 1408 1407 
1335 1407 1403 1335 1403 1331 1335 1337 1408 
1334 1406 1338 1406 1410 1338 1408 1411 1409 
1411 1408 1337 1411 1337 1412 1412 1337 1340 
1338 1410 1413 1341 1338 1413 1413 1342 1341 
1414 1342 1413 1415 1340 1343 1415 1416 1340 
1416 1412 1340 1343 1345 1415 1342 1414 1417 
1346 1342 1417 1347 1418 1419 1347 1346 1418 
1346 1417 1418 1419 1420 1421 1418 1420 1419 
1421 1422 1423 1420 1422 1421 1423 1424 1425 
1422 1424 1423 1425 1426 1427 1424 1426 1425 
1426 1428 1427 1429 1430 1431 1429 1432 1433 
1431 1432 1429 1433 1350 1349 1433 1432 1350 
1432 1434 1350 1351 1350 1435 1350 1434 1435 
1353 1351 1436 1351 1435 1436 1354 1353 1437 
1353 1436 1437 1355 1354 1438 1354 1437 1438 
1357 1439 1440 1357 1355 1439 1355 1438 1439 
1416 1440 1439 1415 1440 1416 1415 1359 1440 
1415 1360 1359 1345 1360 1415 1347 1419 1361 
1362 1361 1419 1421 1362 1419 1363 1362 1421 
1423 1363 1421 1364 1363 1423 1425 1364 1423 
1366 1364 1425 1427 1366 1425 1427 1428 1441 
1427 1441 1366 1366 1441 1368 1430 1429 1370 
1430 1370 1441 1441 1370 1368 1372 1370 1429 
1433 1372 1429 1349 1372 1433 1357 1440 1373 
1359 1373 1440 1442 1443 1444 1442 1376 1375 
1442 1375 1443 1443 1375 1445 1377 1446 1375 
1375 1446 1445 1378 1447 1377 1377 1447 1446 
1380 1448 1378 1378 1448 1447 1448 1380 1381 
1449 1448 1381 1383 1450 1451 1384 1383 1451 
1385 1452 1383 1383 1452 1450 1444 1386 1442 
1444 1452 1386 1452 1385 1386 1376 1442 1386 
1381 1453 1449 1387 1453 1381 1454 1455 1453 
1454 1453 1388 1388 1453 1387 1388 1389 1454 
1456 1457 1458 1456 1391 1390 1456 1390 1457 
1457 1390 1459 1451 1390 1384 1459 1390 1451 
1454 1460 1455 1389 1460 1454 1389 1392 1460 
1392 1461 1460 1461 1392 1393 1462 1461 1393 
1395 1463 1464 1396 1395 1464 1458 1397 1456 
1458 1463 1397 1463 1395 1397 1391 1456 1397 
1393 1465 1462 1398 1465 1393 1465 1398 1400 
1466 1465 1400 1396 1464 1401 1464 1467 1401 
1400 1468 1466 1402 1468 1400 1468 1402 1404 
1469 1468 1404 1401 1467 1470 1405 1401 1470 
1470 1406 1405 1471 1406 1470 1404 1472 1469 
1407 1472 1404 1472 1407 1409 1473 1472 1409 
1406 1471 1410 1471 1474 1410 1409 1475 1473 
1411 1475 1409 1475 1411 1412 1476 1475 1412 
1410 1474 1477 1413 1410 1477 1414 1478 1479 
1414 1413 1478 1413 1477 1478 1478 1480 1479 
1481 1482 1483 1481 1484 1485 1483 1484 1481 
1485 1486 1487 1484 1486 1485 1487 1488 1489 
1486 1488 1487 1488 1490 1489 1412 1416 1476 
1476 1416 1491 1414 1479 1417 1479 1480 1492 
1479 1492 1417 1417 1492 1418 1420 1418 1493 
1418 1492 1493 1422 1420 1494 1420 1493 1494 
1424 1422 1495 1422 1494 1495 1426 1424 1496 
1424 1495 1496 1428 1497 1498 1428 1426 1497 
1426 1496 1497 1498 1431 1430 1498 1497 1431 
1497 1499 1431 1432 1431 1500 1431 1499 1500 
1482 1481 1434 1482 1434 1500 1500 1434 1432 
1435 1434 1481 1485 1435 1481 1436 1435 1485 
1487 1436 1485 1437 1436 1487 1489 1437 1487 
1489 1490 1501 1489 1501 1437 1437 1501 1438 
1439 1438 1502 1438 1501 1502 1491 1416 1439 
1502 1491 1439 1428 1498 1441 1430 1441 1498 
1503 1504 1505 1503 1444 1443 1503 1443 1504 
1504 1443 1506 1445 1507 1443 1443 1507 1506 
1446 1508 1445 1445 1508 1507 1447 1509 1446 
1446 1509 1508 1448 1510 1447 1447 1510 1509 
1510 1448 1449 1511 1510 1449 1512 1513 1514 
1512 1451 1450 1512 1450 1513 1513 1450 1515 
1505 1452 1503 1505 1515 1452 1515 1450 1452 
1444 1503 1452 1449 1516 1511 1453 1516 1449 
1516 1453 1455 1517 1516 1455 1457 1518 1519 
1458 1457 1519 1514 1459 1512 1514 1518 1459 
1518 1457 1459 1451 1512 1459 1455 1520 1517 
1460 1520 1455 1461 1521 1460 1460 1521 1520 
1521 1461 1462 1522 1521 1462 1463 1523 1524 
1464 1463 1524 1519 1463 1458 1523 1463 1519 
1462 1525 1522 1465 1525 1462 1525 1465 1466 
1526 1525 1466 1527 1528 1467 1527 1467 1524 
1524 1467 1464 1527 1529 1528 1466 1530 1526 
1468 1530 1466 1469 1531 1532 1469 1532 1468 
1468 1532 1530 1532 1531 1533 1467 1528 1470 
1528 1471 1470 1528 1529 1471 1529 1534 1471 
1469 1472 1531 1531 1472 1473 1531 1473 1533 
1533 1473 1535 1536 1537 1474 1536 1474 1534 
1534 1474 1471 1536 1538 1537 1473 1539 1535 
1475 1539 1473 1539 1475 1476 1540 1539 1476 
1474 1537 1477 1537 1538 1541 1537 1541 1477 
1477 1541 1478 1541 1480 1478 1542 1480 1541 
1543 1544 1545 1543 1546 1547 1545 1546 1543 
1547 1483 1482 1547 1546 1483 1546 1548 1483 
1484 1483 1549 1483 1548 1549 1486 1484 1550 
1484 1549 1550 1488 1486 1551 1486 1550 1551 
1490 1552 1553 1490 1488 1552 1488 1551 1552 
1553 1554 1555 1552 1554 1553 1555 1554 1540 
1555 1540 1491 1491 1540 1476 1480 1542 1556 
1492 1480 1556 1493 1492 1557 1492 1556 1557 
1494 1493 1558 1493 1557 1558 1495 1494 1559 
1494 1558 1559 1496 1495 1560 1495 1559 1560 
1497 1496 1561 1496 1560 1561 1544 1543 1499 
1544 1499 1561 1561 1499 1497 1500 1499 1543 
1547 1500 1543 1482 1500 1547 1490 1553 1501 
1502 1501 1553 1555 1502 1553 1491 1502 1555 
1562 1563 1564 1562 1505 1504 1562 1504 1563 
1563 1504 1565 1506 1566 1504 1504 1566 1565 
1507 1567 1506 1506 1567 1566 1508 1568 1507 
1507 1568 1567 1509 1569 1508 1508 1569 1568 
1510 1570 1509 1509 1570 1569 1570 1510 1511 
1571 1570 1511 1513 1572 1573 1514 1513 1573 
1564 1515 1562 1564 1572 1515 1572 1513 1515 
1505 1562 1515 1511 1574 1571 1516 1574 1511 
1574 1516 1517 1575 1574 1517 1518 1576 1577 
1519 1518 1577 1573 1518 1514 1576 1518 1573 
1517 1578 1575 1520 1578 1517 1521 1579 1520 
1520 1579 1578 1579 1521 1522 1580 1579 1522 
1523 1581 1524 1523 1582 1581 1523 1519 1582 
1519 1577 1582 1522 1583 1580 1525 1583 1522 
1583 1525 1526 1584 1583 1526 1524 1581 1527 
1581 1529 1527 1581 1582 1529 1582 1585 1529 
1526 1586 1584 1530 1586 1526 1532 1587 1530 
1530 1587 1586 1587 1532 1533 1588 1587 1533 
1529 1585 1534 1585 1589 1534 1533 1535 1588 
1588 1535 1590 1534 1589 1591 1536 1534 1591 
1591 1538 1536 1592 1538 1591 1593 1594 1595 
1593 1596 1597 1595 1596 1593 1597 1598 1599 
1596 1598 1597 1598 1600 1599 1535 1601 1590 
1539 1601 1535 1601 1539 1540 1602 1601 1540 
1538 1592 1603 1541 1538 1603 1603 1542 1541 
1604 1542 1603 1605 1606 1607 1605 1608 1609 
1607 1608 1605 1609 1545 1544 1609 1608 1545 
1608 1610 1545 1546 1545 1611 1545 1610 1611 
1594 1593 1548 1594 1548 1611 1611 1548 1546 
1549 1548 1593 1597 1549 1593 1550 1549 1597 
1599 1550 1597 1599 1600 1612 1599 1612 1550 
1550 1612 1551 1552 1551 1613 1551 1612 1613 
1554 1552 1614 1552 1613 1614 1602 1540 1554 
1614 1602 1554 1542 1604 1615 1556 1542 1615 
1557 1556 1616 1556 1615 1616 1558 1557 1617 
1557 1616 1617 1559 1558 1618 1558 1617 1618 
1606 1605 1560 1606 1560 1618 1618 1560 1559 
1561 1560 1605 1609 1561 1605 1544 1561 1609 
1563 1619 1620 1564 1563 1620 1565 1621 1563 
1563 1621 1619 1566 1622 1565 1565 1622 1621 
1567 1623 1566 1566 1623 1622 1568 1624 1567 
1567 1624 1623 1569 1625 1568 1568 1625 1624 
1570 1626 1569 1569 1626 1625 1626 1570 1571 
1627 1626 1571 1572 1628 1629 1573 1572 1629 
1620 1572 1564 1628 1572 1620 1571 1630 1627 
1574 1630 1571 1630 1574 1575 1631 1630 1575 
1576 1632 1633 1577 1576 1633 1629 1576 1573 
1632 1576 1629 1575 1634 1631 1578 1634 1575 
1579 1635 1578 1578 1635 1634 1635 1579 1580 
1636 1635 1580 1577 1633 1582 1633 1637 1582 
1580 1638 1636 1583 1638 1580 1638 1583 1584 
1639 1638 1584 1582 1637 1585 1637 1640 1585 
1584 1641 1639 1586 1641 1584 1587 1642 1586 
1586 1642 1641 1642 1587 1588 1643 1642 1588 
1585 1640 1589 1640 1644 1589 1645 1590 1646 
1645 1643 1590 1643 1588 1590 1645 1646 1647 
1589 1644 1648 1591 1589 1648 1648 1592 1591 
1649 1592 1648 1650 1651 1652 1650 1595 1594 
1650 1652 1595 1652 1653 1595 1596 1595 1654 
1595 1653 1654 1598 1596 1655 1596 1654 1655 
1600 1656 1657 1600 1598 1656 1598 1655 1656 
1657 1658 1659 1656 1658 1657 1590 1601 1646 
1659 1658 1660 1646 1601 1602 1646 1602 1647 
1647 1602 1661 1592 1649 1662 1603 1592 1662 
1604 1663 1664 1604 1603 1663 1603 1662 1663 
1664 1665 1666 1663 1665 1664 1666 1667 1668 
1665 1667 1666 1668 1669 1670 1667 1669 1668 
1670 1607 1606 1670 1669 1607 1669 1671 1607 
1608 1607 1672 1607 1671 1672 1610 1608 1673 
1608 1672 1673 1651 1650 1611 1651 1611 1673 
1673 1611 1610 1594 1611 1650 1600 1657 1612 
1613 1612 1657 1659 1613 1657 1659 1660 1674 
1659 1674 1613 1613 1674 1614 1661 1602 1614 
1674 1661 1614 1604 1664 1615 1616 1615 1664 
1666 1616 1664 1617 1616 1666 1668 1617 1666 
1618 1617 1668 1670 1618 1668 1606 1618 1670 
1619 1675 1676 1620 1619 1676 1621 1677 1619 
1619 1677 1675 1622 1678 1621 1621 1678 1677 
1623 1679 1622 1622 1679 1678 1624 1680 1623 
1623 1680 1679 1625 1681 1624 1624 1681 1680 
1626 1682 1625 1625 1682 1681 1682 1626 1627 
1683 1682 1627 1628 1684 1685 1629 1628 1685 
1676 1628 1620 1684 1628 1676 1627 1686 1683 
1630 1686 1627 1631 1687 1688 1631 1688 1630 
1630 1688 1686 1688 1687 1689 1632 1690 1691 
1633 1632 1691 1685 1632 1629 1690 1632 1685 
1631 1634 1687 1687 1692 1689 1687 1634 1692 
1634 1635 1692 1636 1693 1694 1636 1694 1635 
1635 1694 1692 1694 1693 1695 1633 1691 1637 
1691 1696 1637 1636 1638 1693 1639 1697 1698 
1638 1639 1698 1638 1698 1695 1638 1695 1693 
1697 1699 1700 1698 1697 1700 1700 1699 1701 
1637 1696 1640 1696 1702 1640 1639 1641 1697 
1642 1697 1641 1699 1697 1642 1643 1703 1704 
1642 1643 1704 1642 1704 1701 1642 1701 1699 
1704 1703 1705 1706 1707 1644 1706 1644 1702 
1702 1644 1640 1706 1708 1707 1643 1645 1703 
1703 1645 1647 1703 1647 1705 1705 1647 1709 
1644 1707 1648 1707 1649 1648 1707 1708 1649 
1708 1710 1649 1711 1712 1713 1711 1652 1651 
1711 1713 1652 1713 1714 1652 1653 1652 1715 
1652 1714 1715 1654 1653 1716 1653 1715 1716 
1655 1654 1717 1654 1716 1717 1656 1655 1718 
1655 1717 1718 1658 1656 1719 1656 1718 1719 
1719 1660 1658 1720 1660 1719 1647 1661 1709 
1709 1661 1721 1649 1710 1722 1662 1649 1722 
1663 1662 1723 1662 1722 1723 1665 1663 1724 
1663 1723 1724 1667 1665 1725 1665 1724 1725 
1669 1667 1726 1667 1725 1726 1671 1669 1727 
1669 1726 1727 1672 1671 1728 1671 1727 1728 
1712 1711 1673 1712 1673 1728 1728 1673 1672 
1651 1673 1711 1660 1720 1729 1674 1660 1729 
1721 1661 1674 1729 1721 1674 1675 1730 1731 
1676 1675 1731 1677 1732 1675 1675 1732 1730 
1678 1733 1677 1677 1733 1732 1679 1734 1678 
1678 1734 1733 1680 1735 1679 1679 1735 1734 
1681 1736 1680 1680 1736 1735 1682 1737 1681 
1681 1737 1736 1737 1682 1683 1738 1737 1683 
1684 1739 1740 1685 1684 1740 1731 1684 1676 
1739 1684 1731 1683 1741 1738 1686 1741 1683 
1688 1742 1686 1686 1742 1741 1689 1743 1744 
1689 1744 1688 1688 1744 1742 1744 1743 1745 
1690 1746 1747 1691 1690 1747 1740 1690 1685 
1746 1690 1740 1689 1692 1743 1743 1748 1745 
1743 1692 1748 1692 1694 1748 1695 1749 1750 
1695 1750 1694 1694 1750 1748 1750 1749 1751 
1691 1747 1696 1747 1752 1696 1695 1698 1749 
1749 1753 1751 1749 1698 1753 1698 1700 1753 
1701 1754 1755 1701 1755 1700 1700 1755 1753 
1755 1754 1756 1696 1752 1702 1752 1757 1702 
1701 1704 1754 1705 1758 1759 1704 1705 1759 
1704 1759 1756 1704 1756 1754 1759 1758 1760 
1702 1757 1761 1706 1702 1761 1761 1708 1706 
1762 1708 1761 1763 1764 1765 1763 1766 1767 
1765 1766 1763 1766 1768 1767 1758 1709 1769 
1705 1709 1758 1770 1760 1758 1769 1770 1758 
1771 1772 1710 1771 1710 1762 1762 1710 1708 
1771 1773 1772 1774 1775 1776 1774 1777 1778 
1776 1777 1774 1778 1779 1780 1777 1779 1778 
1780 1713 1712 1780 1779 1713 1779 1781 1713 
1714 1713 1782 1713 1781 1782 1715 1714 1783 
1714 1782 1783 1716 1715 1784 1715 1783 1784 
1764 1763 1717 1764 1717 1784 1784 1717 1716 
1718 1717 1763 1767 1718 1763 1767 1768 1785 
1767 1785 1718 1718 1785 1719 1720 1786 1787 
1720 1719 1786 1719 1785 1786 1769 1786 1788 
1769 1721 1786 1769 1709 1721 1721 1787 1786 
1770 1769 1788 1710 1772 1722 1772 1773 1789 
1772 1789 1722 1722 1789 1723 1724 1723 1790 
1723 1789 1790 1725 1724 1791 1724 1790 1791 
1775 1774 1726 1775 1726 1791 1791 1726 1725 
1727 1726 1774 1778 1727 1774 1728 1727 1778 
1780 1728 1778 1712 1728 1780 1720 1787 1729 
1721 1729 1787 1730 1792 1793 1731 1730 1793 
1732 1794 1730 1730 1794 1792 1733 1795 1732 
1732 1795 1794 1734 1796 1733 1733 1796 1795 
1735 1797 1734 1734 1797 1796 1736 1798 1735 
1735 1798 1797 1737 1799 1736 1736 1799 1798 
1738 1800 1801 1738 1801 1737 1737 1801 1799 
1801 1800 1802 1739 1803 1804 1740 1739 1804 
1793 1739 1731 1803 1739 1793 1738 1741 1800 
1800 1805 1802 1800 1741 1805 1741 1742 1805 
1744 1806 1742 1742 1806 1805 1745 1807 1808 
1745 1808 1744 1744 1808 1806 1808 1807 1809 
1746 1810 1811 1747 1746 1811 1804 1746 1740 
1810 1746 1804 1745 1748 1807 1807 1812 1809 
1807 1748 1812 1748 1750 1812 1751 1813 1814 
1751 1814 1750 1750 1814 1812 1814 1813 1815 
1747 1811 1752 1811 1816 1752 1751 1753 1813 
1813 1817 1815 1813 1753 1817 1753 1755 1817 
1756 1818 1819 1756 1819 1755 1755 1819 1817 
1818 1820 1821 1819 1818 1821 1821 1820 1822 
1752 1816 1757 1816 1823 1757 1756 1759 1818 
1760 1818 1759 1760 1824 1818 1824 1820 1818 
1825 1822 1820 1824 1825 1820 1757 1823 1826 
1761 1757 1826 1826 1762 1761 1827 1762 1826 
1828 1829 1830 1828 1831 1832 1830 1831 1828 
1832 1765 1764 1832 1831 1765 1831 1833 1765 
1766 1765 1834 1765 1833 1834 1768 1835 1836 
1768 1766 1835 1766 1834 1835 1835 1837 1836 
1824 1770 1838 1760 1770 1824 1839 1825 1824 
1838 1839 1824 1762 1827 1840 1771 1762 1840 
1773 1841 1842 1773 1771 1841 1771 1840 1841 
1842 1843 1844 1841 1843 1842 1844 1845 1846 
1843 1845 1844 1846 1776 1775 1846 1845 1776 
1845 1847 1776 1777 1776 1848 1776 1847 1848 
1779 1777 1849 1777 1848 1849 1781 1779 1850 
1779 1849 1850 1782 1781 1851 1781 1850 1851 
1829 1828 1783 1829 1783 1851 1851 1783 1782 
1784 1783 1828 1832 1784 1828 1764 1784 1832 
1768 1836 1785 1836 1837 1852 1836 1852 1785 
1785 1852 1786 1788 1786 1853 1786 1852 1853 
1838 1770 1788 1838 1788 1854 1854 1788 1853 
1839 1838 1854 1773 1842 1789 1790 1789 1842 
1844 1790 1842 1791 1790 1844 1846 1791 1844 
1775 1791 1846 1855 1856 1857 1855 1858 1859 
1856 1855 1859 1859 1858 1860 1792 1861 1862 
1793 1792 1862 1794 1863 1792 1792 1863 1861 
1857 1795 1855 1857 1863 1795 1863 1794 1795 
1796 1855 1795 1858 1855 1796 1858 1864 1860 
1858 1796 1864 1796 1797 1864 1798 1865 1797 
1797 1865 1864 1799 1866 1798 1798 1866 1865 
1867 1868 1866 1867 1866 1801 1801 1866 1799 
1801 1802 1867 1803 1869 1870 1804 1803 1870 
1862 1803 1793 1869 1803 1862 1867 1871 1868 
1802 1871 1867 1802 1805 1871 1805 1872 1871 
1806 1873 1805 1805 1873 1872 1808 1874 1806 
1806 1874 1873 1809 1875 1876 1809 1876 1808 
1808 1876 1874 1876 1875 1877 1810 1878 1879 
1811 1810 1879 1870 1810 1804 1878 1810 1870 
1809 1812 1875 1875 1880 1877 1875 1812 1880 
1812 1814 1880 1815 1881 1882 1815 1882 1814 
1814 1882 1880 1882 1881 1883 1811 1879 1816 
1879 1884 1816 1815 1817 1881 1881 1885 1883 
1881 1817 1885 1817 1819 1885 1821 1886 1819 
1819 1886 1885 1886 1821 1822 1887 1886 1822 
1816 1884 1823 1884 1888 1823 1822 1825 1887 
1887 1825 1889 1823 1888 1890 1826 1823 1890 
1890 1827 1826 1891 1827 1890 1892 1893 1894 
1892 1830 1829 1892 1894 1830 1894 1895 1830 
1831 1830 1896 1830 1895 1896 1833 1831 1897 
1831 1896 1897 1834 1833 1898 1833 1897 1898 
1835 1834 1899 1834 1898 1899 1837 1900 1901 
1837 1835 1900 1835 1899 1900 1900 1902 1901 
1825 1839 1889 1889 1839 1903 1827 1891 1904 
1840 1827 1904 1841 1840 1905 1840 1904 1905 
1843 1841 1906 1841 1905 1906 1845 1843 1907 
1843 1906 1907 1847 1845 1908 1845 1907 1908 
1848 1847 1909 1847 1908 1909 1849 1848 1910 
1848 1909 1910 1850 1849 1911 1849 1910 1911 
1893 1892 1851 1893 1851 1911 1911 1851 1850 
1829 1851 1892 1837 1901 1852 1901 1902 1912 
1901 1912 1852 1852 1912 1853 1854 1853 1913 
1853 1912 1913 1903 1839 1854 1913 1903 1854 
1914 1915 1916 1914 1857 1856 1914 1856 1915 
1915 1856 1917 1859 1918 1856 1856 1918 1917 
1918 1859 1860 1919 1918 1860 1861 1920 1921 
1862 1861 1921 1916 1863 1914 1916 1920 1863 
1920 1861 1863 1857 1914 1863 1860 1922 1919 
1864 1922 1860 1865 1923 1864 1864 1923 1922 
1866 1924 1865 1865 1924 1923 1924 1866 1868 
1925 1924 1868 1869 1926 1927 1870 1869 1927 
1921 1869 1862 1926 1869 1921 1868 1928 1925 
1871 1928 1868 1872 1929 1871 1871 1929 1928 
1873 1930 1872 1872 1930 1929 1874 1931 1873 
1873 1931 1930 1876 1932 1874 1874 1932 1931 
1877 1933 1934 1877 1934 1876 1876 1934 1932 
1934 1933 1935 1878 1936 1937 1879 1878 1937 
1927 1878 1870 1936 1878 1927 1877 1880 1933 
1933 1938 1935 1933 1880 1938 1880 1882 1938 
1883 1939 1940 1883 1940 1882 1882 1940 1938 
1940 1939 1941 1879 1937 1884 1937 1942 1884 
1883 1885 1939 1939 1943 1941 1939 1885 1943 
1885 1886 1943 1943 1886 1887 1944 1943 1887 
1945 1946 1888 1945 1888 1942 1942 1888 1884 
1945 1947 1946 1948 1949 1950 1948 1951 1952 
1950 1951 1948 1952 1953 1954 1951 1953 1952 
1954 1955 1956 1953 1955 1954 1955 1957 1956 
1887 1889 1944 1944 1889 1958 1888 1946 1890 
1891 1959 1960 1890 1959 1891 1890 1947 1959 
1890 1946 1947 1959 1961 1960 1962 1963 1964 
1962 1894 1893 1962 1964 1894 1964 1965 1894 
1895 1894 1966 1894 1965 1966 1949 1948 1896 
1949 1896 1966 1966 1896 1895 1897 1896 1948 
1952 1897 1948 1898 1897 1952 1954 1898 1952 
1899 1898 1954 1956 1899 1954 1956 1957 1967 
1956 1967 1899 1899 1967 1900 1902 1968 1969 
1902 1900 1968 1900 1967 1968 1968 1970 1969 
1889 1903 1958 1958 1903 1971 1891 1960 1904 
1960 1961 1972 1960 1972 1904 1904 1972 1905 
1906 1905 1973 1905 1972 1973 1907 1906 1974 
1906 1973 1974 1908 1907 1975 1907 1974 1975 
1909 1908 1976 1908 1975 1976 1910 1909 1977 
1909 1976 1977 1963 1962 1911 1963 1911 1977 
1977 1911 1910 1893 1911 1962 1902 1969 1912 
1969 1970 1978 1969 1978 1912 1912 1978 1913 
1971 1903 1913 1978 1971 1913 1915 1979 1980 
1916 1915 1980 1917 1981 1915 1915 1981 1979 
1918 1982 1917 1917 1982 1981 1919 1983 1984 
1919 1984 1918 1918 1984 1982 1984 1983 1985 
1920 1986 1987 1921 1920 1987 1980 1920 1916 
1986 1920 1980 1919 1922 1983 1983 1988 1985 
1983 1922 1988 1922 1923 1988 1924 1989 1923 
1923 1989 1988 1925 1990 1991 1925 1991 1924 
1924 1991 1989 1990 1992 1993 1991 1990 1993 
1993 1992 1994 1926 1995 1996 1927 1926 1996 
1987 1926 1921 1995 1926 1987 1925 1928 1990 
1929 1990 1928 1992 1990 1929 1992 1997 1994 
1992 1929 1997 1929 1930 1997 1931 1998 1930 
1930 1998 1997 1932 1999 1931 1931 1999 1998 
1934 2000 1932 1932 2000 1999 1935 2001 2002 
1935 2002 1934 1934 2002 2000 2002 2001 2003 
1936 2004 2005 1937 1936 2005 1996 1936 1927 
2004 1936 1996 1935 1938 2001 2001 2006 2003 
2001 1938 2006 1938 1940 2006 1941 2007 2008 
1941 2008 1940 1940 2008 2006 2007 2009 2010 
2008 2007 2010 2010 2009 2011 1937 2005 1942 
2005 2012 1942 1941 1943 2007 1944 2007 1943 
1944 2013 2007 2013 2009 2007 2014 2011 2009 
2013 2014 2009 1942 2012 2015 1945 1942 2015 
2015 1947 1945 2016 1947 2015 1950 2017 2018 
1949 2017 1950 1951 1950 2019 1950 2018 2019 
1953 1951 2020 1951 2019 2020 1955 1953 2021 
1953 2020 2021 1957 2022 2023 1957 1955 2022 
1955 2021 2022 2022 2024 2023 2013 1958 2025 
1944 1958 2013 2026 2014 2013 2025 2026 2013 
1947 2016 2027 1959 1947 2027 1961 2028 2029 
1961 1959 2028 1959 2027 2028 2029 2030 2031 
2028 2030 2029 2030 2032 2031 2033 2034 2035 
2033 1964 1963 2033 2035 1964 2035 2036 1964 
1965 1964 2037 1964 2036 2037 1966 1965 2038 
1965 2037 2038 2017 1949 1966 2038 2017 1966 
1957 2023 1967 2023 2024 2039 2023 2039 1967 
1967 2039 1968 1970 2040 2041 1970 1968 2040 
1968 2039 2040 2025 2040 2042 2025 1971 2040 
2025 1958 1971 1971 2041 2040 2026 2025 2042 
1961 2029 1972 1973 1972 2029 2031 1973 2029 
2031 2032 2043 2031 2043 1973 1973 2043 1974 
1975 1974 2044 1974 2043 2044 1976 1975 2045 
1975 2044 2045 2034 2033 1977 2034 1977 2045 
2045 1977 1976 1963 1977 2033 1970 2041 1978 
1971 1978 2041 1979 2046 2047 1980 1979 2047 
1981 2048 1979 1979 2048 2046 1982 2049 1981 
1981 2049 2048 1984 2050 1982 1982 2050 2049 
2050 1984 1985 2051 2050 1985 1986 2052 2053 
1987 1986 2053 2047 1986 1980 2052 1986 2047 
1985 2054 2051 1988 2054 1985 1989 2055 1988 
1988 2055 2054 1991 2056 1989 1989 2056 2055 
1993 2057 1991 1991 2057 2056 1994 2058 2059 
1994 2059 1993 1993 2059 2057 2059 2058 2060 
1995 2061 2062 1996 1995 2062 2053 1995 1987 
2061 1995 2053 1994 1997 2058 2058 2063 2060 
2058 1997 2063 1997 1998 2063 1999 2064 1998 
1998 2064 2063 2000 2065 1999 1999 2065 2064 
2002 2066 2000 2000 2066 2065 2003 2067 2068 
2003 2068 2002 2002 2068 2066 2067 2069 2070 
2068 2067 2070 2070 2069 2071 2004 2072 2073 
2005 2004 2073 2062 2004 1996 2072 2004 2062 
2003 2006 2067 2008 2067 2006 2069 2067 2008 
2069 2074 2071 2069 2008 2074 2008 2010 2074 
2011 2075 2076 2011 2076 2010 2010 2076 2074 
2075 2077 2078 2076 2075 2078 2078 2077 2079 
2005 2073 2012 2073 2080 2012 2081 2082 2083 
2081 2084 2085 2083 2084 2081 2085 2086 2087 
2084 2086 2085 2086 2088 2087 2075 2014 2089 
2011 2014 2075 2090 2091 2077 2090 2077 2089 
2089 2077 2075 2079 2077 2091 2012 2080 2092 
2015 2012 2092 2016 2093 2094 2016 2015 2093 
2015 2092 2093 2093 2095 2094 2096 2097 2098 
2096 2018 2017 2096 2098 2018 2098 2099 2018 
2019 2018 2100 2018 2099 2100 2082 2081 2020 
2082 2020 2100 2100 2020 2019 2021 2020 2081 
2085 2021 2081 2022 2021 2085 2087 2022 2085 
2024 2101 2102 2022 2101 2024 2022 2088 2101 
2022 2087 2088 2102 2103 2104 2101 2103 2102 
2103 2105 2104 2089 2026 2106 2014 2026 2089 
2107 2090 2089 2106 2107 2089 2016 2094 2027 
2094 2095 2108 2094 2108 2027 2027 2108 2028 
2030 2028 2109 2028 2108 2109 2032 2110 2111 
2032 2030 2110 2030 2109 2110 2111 2112 2113 
2110 2112 2111 2113 2114 2115 2112 2114 2113 
2115 2035 2034 2115 2114 2035 2114 2116 2035 
2036 2035 2117 2035 2116 2117 2037 2036 2118 
2036 2117 2118 2097 2096 2038 2097 2038 2118 
2118 2038 2037 2017 2038 2096 2024 2102 2039 
2040 2039 2102 2104 2040 2102 2104 2105 2119 
2104 2119 2040 2040 2119 2042 2106 2026 2042 
2106 2042 2120 2120 2042 2119 2107 2106 2120 
2032 2111 2043 2044 2043 2111 2113 2044 2111 
2045 2044 2113 2115 2045 2113 2034 2045 2115 
2046 2121 2047 2122 2121 2046 2122 2046 2123 
2123 2046 2048 2049 2124 2048 2048 2124 2123 
2050 2125 2049 2049 2125 2124 2125 2050 2051 
2126 2125 2051 2052 2127 2128 2053 2052 2128 
2121 2052 2047 2121 2129 2052 2129 2127 2052 
2122 2129 2121 2051 2130 2126 2054 2130 2051 
2055 2131 2054 2054 2131 2130 2056 2132 2055 
2055 2132 2131 2057 2133 2056 2056 2133 2132 
2059 2134 2057 2057 2134 2133 2060 2135 2136 
2060 2136 2059 2059 2136 2134 2135 2137 2138 
2136 2135 2138 2137 2139 2140 2138 2137 2140 
2139 2141 2142 2140 2139 2142 2141 2143 2144 
2142 2141 2144 2143 2145 2146 2144 2143 2146 
2146 2145 2147 2061 2148 2149 2062 2061 2149 
2128 2061 2053 2148 2061 2128 2060 2063 2135 
2064 2135 2063 2137 2135 2064 2065 2137 2064 
2139 2137 2065 2066 2139 2065 2141 2139 2066 
2068 2141 2066 2143 2141 2068 2070 2143 2068 
2145 2143 2070 2071 2150 2151 2070 2071 2151 
2070 2151 2147 2070 2147 2145 2150 2152 2153 
2151 2150 2153 2152 2154 2155 2153 2152 2155 
2155 2154 2156 2072 2157 2158 2073 2072 2158 
2149 2072 2062 2157 2072 2149 2071 2074 2150 
2076 2150 2074 2152 2150 2076 2078 2152 2076 
2154 2152 2078 2079 2159 2160 2078 2079 2160 
2078 2160 2156 2078 2156 2154 2160 2159 2161 
2162 2163 2080 2162 2080 2158 2158 2080 2073 
2162 2164 2163 2165 2166 2167 2165 2168 2169 
2167 2168 2165 2169 2083 2082 2169 2168 2083 
2168 2170 2083 2084 2083 2171 2083 2170 2171 
2086 2084 2172 2084 2171 2172 2088 2173 2174 
2088 2086 2173 2086 2172 2173 2174 2175 2176 
2173 2175 2174 2175 2177 2176 2091 2090 2178 
2091 2178 2179 2079 2091 2179 2079 2179 2180 
2079 2180 2159 2161 2159 2180 2080 2163 2092 
2163 2164 2181 2163 2181 2092 2092 2181 2093 
2095 2182 2183 2095 2093 2182 2093 2181 2182 
2183 2184 2185 2182 2184 2183 2185 2186 2187 
2184 2186 2185 2187 2188 2189 2186 2188 2187 
2188 2190 2189 2191 2192 2193 2191 2194 2195 
2193 2194 2191 2195 2098 2097 2195 2194 2098 
2194 2196 2098 2166 2165 2099 2166 2099 2196 
2196 2099 2098 2100 2099 2165 2169 2100 2165 
2082 2100 2169 2088 2174 2101 2103 2101 2174 
2176 2103 2174 2105 2197 2198 2103 2197 2105 
2103 2177 2197 2103 2176 2177 2198 2199 2200 
2197 2199 2198 2178 2199 2201 2178 2107 2199 
2178 2090 2107 2107 2200 2199 2179 2178 2201 
2095 2183 2108 2109 2108 2183 2185 2109 2183 
2110 2109 2185 2187 2110 2185 2112 2110 2187 
2189 2112 2187 2189 2190 2202 2189 2202 2112 
2112 2202 2114 2116 2114 2203 2114 2202 2203 
2192 2191 2117 2192 2117 2203 2203 2117 2116 
2118 2117 2191 2195 2118 2191 2097 2118 2195 
2105 2198 2119 2120 2119 2198 2200 2120 2198 
2107 2120 2200 2123 2204 2205 2122 2123 2205 
2124 2206 2123 2123 2206 2204 2125 2207 2124 
2124 2207 2206 2126 2208 2209 2126 2209 2125 
2125 2209 2207 2208 2210 2211 2209 2208 2211 
2210 2212 2213 2211 2210 2213 2212 2214 2215 
2213 2212 2215 2214 2216 2217 2215 2214 2217 
2216 2218 2219 2217 2216 2219 2218 2220 2221 
2219 2218 2221 2220 2222 2223 2221 2220 2223 
2222 2224 2225 2223 2222 2225 2224 2226 2227 
2225 2224 2227 2226 2228 2229 2227 2226 2229 
2229 2228 2230 2127 2231 2232 2128 2127 2232 
2129 2233 2127 2127 2233 2231 2205 2129 2122 
2233 2129 2205 2126 2130 2208 2131 2208 2130 
2210 2208 2131 2132 2210 2131 2212 2210 2132 
2133 2212 2132 2214 2212 2133 2134 2214 2133 
2216 2214 2134 2136 2216 2134 2218 2216 2136 
2138 2218 2136 2220 2218 2138 2140 2220 2138 
2222 2220 2140 2142 2222 2140 2224 2222 2142 
2144 2224 2142 2226 2224 2144 2146 2226 2144 
2228 2226 2146 2147 2234 2235 2146 2147 2235 
2146 2235 2230 2146 2230 2228 2234 2236 2237 
2235 2234 2237 2236 2238 2239 2237 2236 2239 
2239 2238 2240 2148 2241 2242 2149 2148 2242 
2232 2148 2128 2241 2148 2232 2147 2151 2234 
2153 2234 2151 2236 2234 2153 2155 2236 2153 
2238 2236 2155 2156 2243 2244 2155 2156 2244 
2155 2244 2240 2155 2240 2238 2243 2245 2246 
2244 2243 2246 2246 2245 2247 2157 2248 2158 
2157 2249 2248 2157 2149 2249 2149 2242 2249 
2156 2160 2243 2250 2245 2243 2250 2243 2161 
2250 2161 2251 2160 2161 2243 2247 2245 2250 
2158 2248 2162 2164 2252 2253 2162 2252 2164 
2162 2249 2252 2162 2248 2249 2253 2254 2255 
2252 2254 2253 2255 2256 2257 2254 2256 2255 
2256 2258 2257 2259 2260 2261 2259 2167 2166 
2259 2261 2167 2261 2262 2167 2168 2167 2263 
2167 2262 2263 2170 2168 2264 2168 2263 2264 
2171 2170 2265 2170 2264 2265 2172 2171 2266 
2171 2265 2266 2173 2172 2267 2172 2266 2267 
2175 2173 2268 2173 2267 2268 2177 2269 2270 
2177 2175 2269 2175 2268 2269 2270 2271 2272 
2269 2271 2270 2271 2273 2272 2180 2274 2275 
2179 2274 2180 2251 2161 2180 2275 2251 2180 
2164 2253 2181 2182 2181 2253 2255 2182 2253 
2184 2182 2255 2257 2184 2255 2257 2258 2276 
2257 2276 2184 2184 2276 2186 2188 2186 2277 
2186 2276 2277 2190 2278 2279 2190 2188 2278 
2188 2277 2278 2279 2280 2281 2278 2280 2279 
2281 2193 2192 2281 2280 2193 2280 2282 2193 
2194 2193 2283 2193 2282 2283 2260 2259 2196 
2260 2196 2283 2283 2196 2194 2166 2196 2259 
2177 2270 2197 2199 2197 2270 2272 2199 2270 
2272 2273 2284 2272 2284 2199 2199 2284 2201 
2274 2179 2201 2284 2274 2201 2190 2279 2202 
2203 2202 2279 2281 2203 2279 2192 2203 2281 
2285 2286 2287 2285 2205 2204 2285 2204 2286 
2286 2204 2288 2206 2289 2204 2204 2289 2288 
2207 2290 2206 2206 2290 2289 2209 2291 2207 
2207 2291 2290 2211 2292 2209 2209 2292 2291 
2213 2293 2211 2211 2293 2292 2215 2294 2213 
2213 2294 2293 2217 2295 2215 2215 2295 2294 
2219 2296 2217 2217 2296 2295 2221 2297 2219 
2219 2297 2296 2223 2298 2221 2221 2298 2297 
2225 2299 2223 2223 2299 2298 2227 2300 2225 
2225 2300 2299 2229 2301 2227 2227 2301 2300 
2230 2302 2303 2230 2303 2229 2229 2303 2301 
2302 2304 2305 2303 2302 2305 2304 2306 2307 
2305 2304 2307 2307 2306 2308 2231 2309 2310 
2232 2231 2310 2287 2233 2285 2287 2309 2233 
2309 2231 2233 2205 2285 2233 2230 2235 2302 
2237 2302 2235 2304 2302 2237 2239 2304 2237 
2306 2304 2239 2240 2311 2312 2239 2240 2312 
2239 2312 2308 2239 2308 2306 2311 2313 2314 
2312 2311 2314 2313 2315 2316 2314 2313 2316 
2316 2315 2317 2241 2318 2319 2242 2241 2319 
2310 2241 2232 2318 2241 2310 2240 2244 2311 
2246 2311 2244 2313 2311 2246 2320 2315 2313 
2320 2313 2247 2320 2247 2321 2246 2247 2313 
2317 2315 2320 2322 2323 2249 2322 2249 2319 
2319 2249 2242 2322 2324 2323 2325 2326 2327 
2325 2328 2329 2327 2328 2325 2329 2330 2331 
2328 2330 2329 2331 2332 2333 2330 2332 2331 
2333 2334 2335 2332 2334 2333 2335 2336 2337 
2334 2336 2335 2337 2338 2339 2336 2338 2337 
2338 2340 2339 2250 2251 2341 2250 2341 2342 
2250 2342 2247 2247 2342 2321 2249 2323 2252 
2323 2324 2343 2323 2343 2252 2252 2343 2254 
2256 2254 2344 2254 2343 2344 2258 2345 2346 
2258 2256 2345 2256 2344 2345 2346 2347 2348 
2345 2347 2346 2348 2349 2350 2347 2349 2348 
2350 2351 2352 2349 2351 2350 2352 2353 2354 
2351 2353 2352 2354 2355 2356 2353 2355 2354 
2356 2261 2260 2356 2355 2261 2355 2357 2261 
2262 2261 2358 2261 2357 2358 2326 2325 2263 
2326 2263 2358 2358 2263 2262 2264 2263 2325 
2329 2264 2325 2265 2264 2329 2331 2265 2329 
2266 2265 2331 2333 2266 2331 2267 2266 2333 
2335 2267 2333 2268 2267 2335 2337 2268 2335 
2269 2268 2337 2339 2269 2337 2339 2340 2359 
2339 2359 2269 2269 2359 2271 2273 2360 2361 
2273 2271 2360 2271 2359 2360 2361 2275 2274 
2361 2360 2275 2360 2362 2275 2341 2251 2275 
2341 2275 2363 2363 2275 2362 2342 2341 2363 
2258 2346 2276 2277 2276 2346 2348 2277 2346 
2278 2277 2348 2350 2278 2348 2280 2278 2350 
2352 2280 2350 2282 2280 2352 2354 2282 2352 
2283 2282 2354 2356 2283 2354 2260 2283 2356 
2273 2361 2284 2274 2284 2361 2364 2365 2366 
2364 2367 2368 2365 2364 2368 2367 2369 2370 
2368 2367 2370 2370 2369 2371 2372 2373 2374 
2372 2375 2376 2373 2372 2376 2376 2375 2377 
2286 2378 2379 2287 2286 2379 2288 2380 2286 
2286 2380 2378 2366 2289 2364 2366 2380 2289 
2380 2288 2289 2290 2364 2289 2367 2364 2290 
2291 2367 2290 2369 2367 2291 2369 2381 2371 
2369 2291 2381 2291 2292 2381 2293 2382 2292 
2292 2382 2381 2294 2383 2293 2293 2383 2382 
2374 2295 2372 2374 2383 2295 2383 2294 2295 
2296 2372 2295 2375 2372 2296 2375 2384 2377 
2375 2296 2384 2296 2297 2384 2298 2385 2297 
2297 2385 2384 2299 2386 2298 2298 2386 2385 
2300 2387 2299 2299 2387 2386 2301 2388 2300 
2300 2388 2387 2303 2389 2301 2301 2389 2388 
2305 2390 2303 2303 2390 2389 2307 2391 2305 
2305 2391 2390 2308 2392 2393 2308 2393 2307 
2307 2393 2391 2392 2394 2395 2393 2392 2395 
2395 2394 2396 2309 2397 2398 2310 2309 2398 
2379 2309 2287 2397 2309 2379 2308 2312 2392 
2314 2392 2312 2394 2392 2314 2394 2399 2396 
2394 2314 2399 2314 2316 2399 2399 2316 2317 
2400 2399 2317 2318 2401 2319 2318 2402 2401 
2318 2310 2402 2310 2398 2402 2320 2321 2403 
2320 2403 2404 2320 2404 2317 2317 2404 2400 
2319 2401 2322 2401 2324 2322 2401 2402 2324 
2402 2405 2324 2327 2406 2407 2326 2406 2327 
2328 2327 2408 2327 2407 2408 2330 2328 2409 
2328 2408 2409 2332 2330 2410 2330 2409 2410 
2334 2332 2411 2332 2410 2411 2336 2334 2412 
2334 2411 2412 2338 2336 2413 2336 2412 2413 
2340 2414 2415 2340 2338 2414 2338 2413 2414 
2415 2416 2417 2414 2416 2415 2416 2418 2417 
2403 2419 2420 2403 2321 2419 2321 2342 2419 
2404 2403 2420 2324 2405 2421 2343 2324 2421 
2344 2343 2422 2343 2421 2422 2345 2344 2423 
2344 2422 2423 2347 2345 2424 2345 2423 2424 
2349 2347 2425 2347 2424 2425 2351 2349 2426 
2349 2425 2426 2353 2351 2427 2351 2426 2427 
2355 2353 2428 2353 2427 2428 2357 2355 2429 
2355 2428 2429 2358 2357 2430 2357 2429 2430 
2406 2326 2358 2430 2406 2358 2340 2415 2359 
2360 2359 2415 2417 2360 2415 2417 2418 2431 
2417 2431 2360 2360 2431 2362 2363 2362 2432 
2362 2431 2432 2419 2342 2363 2432 2419 2363 
2433 2434 2435 2433 2366 2365 2433 2365 2434 
2434 2365 2436 2368 2437 2365 2365 2437 2436 
2370 2438 2368 2368 2438 2437 2371 2439 2440 
2371 2440 2370 2370 2440 2438 2439 2441 2442 
2440 2439 2442 2441 2443 2444 2442 2441 2444 
2443 2374 2373 2443 2373 2444 2444 2373 2445 
2376 2446 2373 2373 2446 2445 2377 2447 2448 
2377 2448 2376 2376 2448 2446 2447 2449 2450 
2448 2447 2450 2449 2451 2452 2450 2449 2452 
2452 2451 2453 2378 2454 2455 2379 2378 2455 
2435 2380 2433 2435 2454 2380 2454 2378 2380 
2366 2433 2380 2371 2381 2439 2382 2439 2381 
2441 2439 2382 2383 2441 2382 2443 2441 2383 
2374 2443 2383 2377 2384 2447 2385 2447 2384 
2449 2447 2385 2386 2449 2385 2451 2449 2386 
2451 2456 2453 2451 2386 2456 2386 2387 2456 
2388 2457 2387 2387 2457 2456 2389 2458 2388 
2388 2458 2457 2390 2459 2389 2389 2459 2458 
2391 2460 2390 2390 2460 2459 2393 2461 2391 
2391 2461 2460 2395 2462 2393 2393 2462 2461 
2396 2463 2464 2396 2464 2395 2395 2464 2462 
2463 2465 2466 2464 2463 2466 2466 2465 2467 
2397 2468 2398 2397 2469 2468 2397 2379 2469 
2379 2455 2469 2396 2399 2463 2470 2465 2463 
2470 2463 2400 2470 2400 2471 2399 2400 2463 
2467 2465 2470 2468 2472 2402 2398 2468 2402 
2473 2468 2469 2472 2468 2473 2474 2475 2476 
2474 2477 2478 2476 2477 2474 2477 2479 2478 
2400 2404 2471 2471 2404 2480 2472 2481 2405 
2402 2472 2405 2482 2472 2473 2482 2483 2472 
2483 2481 2472 2483 2484 2485 2482 2484 2483 
2485 2486 2487 2484 2486 2485 2487 2488 2489 
2486 2488 2487 2489 2490 2491 2488 2490 2489 
2490 2492 2491 2493 2494 2495 2493 2496 2497 
2495 2496 2493 2497 2407 2406 2497 2496 2407 
2496 2498 2407 2408 2407 2499 2407 2498 2499 
2409 2408 2500 2408 2499 2500 2410 2409 2501 
2409 2500 2501 2411 2410 2502 2410 2501 2502 
2412 2411 2503 2411 2502 2503 2475 2474 2413 
2475 2413 2503 2503 2413 2412 2414 2413 2474 
2478 2414 2474 2478 2479 2504 2478 2504 2414 
2414 2504 2416 2418 2505 2506 2418 2416 2505 
2416 2504 2505 2506 2507 2508 2505 2507 2506 
2508 2420 2419 2508 2507 2420 2507 2509 2420 
2480 2404 2420 2509 2480 2420 2405 2481 2421 
2422 2421 2481 2483 2422 2481 2423 2422 2483 
2485 2423 2483 2424 2423 2485 2487 2424 2485 
2425 2424 2487 2489 2425 2487 2426 2425 2489 
2491 2426 2489 2491 2492 2510 2491 2510 2426 
2426 2510 2427 2428 2427 2511 2427 2510 2511 
2494 2493 2429 2494 2429 2511 2511 2429 2428 
2430 2429 2493 2497 2430 2493 2406 2430 2497 
2418 2506 2431 2432 2431 2506 2508 2432 2506 
2419 2432 2508 2512 2513 2514 2512 2515 2516 
2513 2512 2516 2515 2517 2518 2516 2515 2518 
2517 2519 2520 2518 2517 2520 2519 2521 2522 
2520 2519 2522 2521 2523 2524 2522 2521 2524 
2523 2525 2526 2524 2523 2526 2525 2527 2528 
2526 2525 2528 2527 2529 2530 2528 2527 2530 
2529 2531 2532 2530 2529 2532 2531 2533 2534 
2532 2531 2534 2534 2533 2535 2434 2536 2435 
2512 2514 2537 2512 2537 2434 2512 2434 2436 
2536 2434 2537 2437 2512 2436 2515 2512 2437 
2438 2515 2437 2517 2515 2438 2440 2517 2438 
2519 2517 2440 2442 2519 2440 2521 2519 2442 
2444 2521 2442 2523 2521 2444 2445 2523 2444 
2525 2523 2445 2446 2525 2445 2527 2525 2446 
2448 2527 2446 2529 2527 2448 2450 2529 2448 
2531 2529 2450 2452 2531 2450 2533 2531 2452 
2453 2538 2539 2452 2453 2539 2452 2539 2535 
2452 2535 2533 2538 2540 2541 2539 2538 2541 
2540 2542 2543 2541 2540 2543 2542 2544 2545 
2543 2542 2545 2544 2546 2547 2545 2544 2547 
2546 2548 2549 2547 2546 2549 2548 2550 2551 
2549 2548 2551 2550 2552 2553 2551 2550 2553 
2552 2554 2555 2553 2552 2555 2555 2554 2556 
2454 2557 2455 2454 2558 2557 2435 2558 2454 
2435 2559 2558 2435 2536 2559 2537 2559 2536 
2453 2456 2538 2457 2538 2456 2540 2538 2457 
2458 2540 2457 2542 2540 2458 2459 2542 2458 
2544 2542 2459 2460 2544 2459 2546 2544 2460 
2461 2546 2460 2548 2546 2461 2462 2548 2461 
2550 2548 2462 2464 2550 2462 2552 2550 2464 
2466 2552 2464 2554 2552 2466 2554 2466 2467 
2554 2467 2556 2556 2467 2560 2557 2561 2562 
2557 2562 2455 2455 2562 2469 2558 2561 2557 
2470 2471 2563 2470 2563 2564 2470 2564 2467 
2467 2564 2560 2469 2562 2473 2562 2565 2473 
2566 2567 2568 2566 2569 2570 2568 2569 2566 
2570 2571 2572 2569 2571 2570 2572 2573 2574 
2571 2573 2572 2574 2476 2475 2574 2573 2476 
2573 2575 2476 2477 2476 2576 2476 2575 2576 
2479 2577 2578 2479 2477 2577 2477 2576 2577 
2578 2579 2580 2577 2579 2578 2580 2581 2582 
2579 2581 2580 2581 2583 2582 2563 2584 2585 
2563 2471 2584 2471 2480 2584 2564 2563 2585 
2473 2565 2586 2482 2473 2586 2484 2482 2587 
2482 2586 2587 2486 2484 2588 2484 2587 2588 
2488 2486 2589 2486 2588 2589 2490 2488 2590 
2488 2589 2590 2492 2591 2592 2492 2490 2591 
2490 2590 2591 2592 2593 2594 2591 2593 2592 
2594 2495 2494 2594 2593 2495 2593 2595 2495 
2496 2495 2596 2495 2595 2596 2498 2496 2597 
2496 2596 2597 2499 2498 2598 2498 2597 2598 
2567 2566 2500 2567 2500 2598 2598 2500 2499 
2501 2500 2566 2570 2501 2566 2502 2501 2570 
2572 2502 2570 2503 2502 2572 2574 2503 2572 
2475 2503 2574 2479 2578 2504 2505 2504 2578 
2580 2505 2578 2507 2505 2580 2582 2507 2580 
2582 2583 2599 2582 2599 2507 2507 2599 2509 
2584 2480 2509 2599 2584 2509 2492 2592 2510 
2511 2510 2592 2594 2511 2592 2494 2511 2594 
2600 2601 2602 2600 2603 2604 2601 2600 2604 
2603 2605 2606 2604 2603 2606 2605 2607 2608 
2606 2605 2608 2607 2609 2610 2608 2607 2610 
2609 2611 2612 2610 2609 2612 2611 2613 2614 
2612 2611 2614 2613 2615 2616 2614 2613 2616 
2615 2617 2618 2616 2615 2618 2617 2619 2620 
2618 2617 2620 2619 2621 2622 2620 2619 2622 
2621 2623 2624 2622 2621 2624 2623 2625 2626 
2624 2623 2626 2625 2627 2628 2626 2625 2628 
2627 2629 2630 2628 2627 2630 2629 2631 2632 
2630 2629 2632 2631 2633 2634 2632 2631 2634 
2633 2635 2636 2634 2633 2636 2636 2635 2637 
2513 2638 2514 2600 2602 2639 2600 2639 2513 
2600 2513 2516 2638 2513 2639 2518 2600 2516 
2603 2600 2518 2520 2603 2518 2605 2603 2520 
2522 2605 2520 2607 2605 2522 2524 2607 2522 
2609 2607 2524 2526 2609 2524 2611 2609 2526 
2528 2611 2526 2613 2611 2528 2530 2613 2528 
2615 2613 2530 2532 2615 2530 2617 2615 2532 
2534 2617 2532 2619 2617 2534 2535 2619 2534 
2535 2640 2619 2640 2621 2619 2623 2621 2641 
2641 2621 2640 2625 2623 2642 2642 2623 2641 
2627 2625 2643 2643 2625 2642 2629 2627 2644 
2644 2627 2643 2631 2629 2645 2645 2629 2644 
2633 2631 2646 2646 2631 2645 2635 2633 2647 
2647 2633 2646 2648 2637 2635 2648 2635 2649 
2649 2635 2647 2648 2649 2650 2638 2651 2652 
2638 2652 2514 2514 2652 2537 2639 2651 2638 
2535 2539 2640 2541 2640 2539 2641 2640 2541 
2543 2641 2541 2642 2641 2543 2545 2642 2543 
2643 2642 2545 2547 2643 2545 2644 2643 2547 
2549 2644 2547 2645 2644 2549 2551 2645 2549 
2646 2645 2551 2553 2646 2551 2647 2646 2553 
2555 2647 2553 2649 2647 2555 2556 2653 2654 
2555 2556 2654 2555 2654 2650 2555 2650 2649 
2654 2653 2655 2559 2656 2657 2558 2559 2657 
2652 2559 2537 2656 2559 2652 2653 2560 2658 
2556 2560 2653 2659 2655 2653 2658 2659 2653 
2561 2660 2562 2561 2661 2660 2561 2558 2661 
2558 2657 2661 2662 2663 2664 2662 2665 2666 
2664 2665 2662 2666 2667 2668 2665 2667 2666 
2667 2669 2668 2658 2670 2671 2658 2560 2670 
2560 2564 2670 2659 2658 2671 2660 2672 2565 
2562 2660 2565 2673 2660 2661 2673 2674 2660 
2674 2672 2660 2674 2675 2676 2673 2675 2674 
2675 2677 2676 2678 2679 2680 2678 2568 2567 
2678 2680 2568 2680 2681 2568 2569 2568 2682 
2568 2681 2682 2571 2569 2683 2569 2682 2683 
2573 2571 2684 2571 2683 2684 2575 2573 2685 
2573 2684 2685 2663 2662 2576 2663 2576 2685 
2685 2576 2575 2577 2576 2662 2666 2577 2662 
2579 2577 2666 2668 2579 2666 2668 2669 2686 
2668 2686 2579 2579 2686 2581 2583 2687 2688 
2583 2581 2687 2581 2686 2687 2688 2585 2584 
2688 2687 2585 2687 2689 2585 2670 2564 2585 
2689 2670 2585 2565 2672 2586 2587 2586 2672 
2674 2587 2672 2588 2587 2674 2676 2588 2674 
2676 2677 2690 2676 2690 2588 2588 2690 2589 
2590 2589 2691 2589 2690 2691 2591 2590 2692 
2590 2691 2692 2593 2591 2693 2591 2692 2693 
2595 2593 2694 2593 2693 2694 2596 2595 2695 
2595 2694 2695 2597 2596 2696 2596 2695 2696 
2679 2678 2598 2679 2598 2696 2696 2598 2597 
2567 2598 2678 2583 2688 2599 2584 2599 2688 
2697 2698 2699 2697 2700 2701 2698 2697 2701 
2700 2702 2703 2701 2700 2703 2702 2704 2705 
2703 2702 2705 2704 2706 2707 2705 2704 2707 
2707 2706 2708 2709 2710 2711 2699 2710 2709 
2699 2709 2697 2697 2709 2712 2700 2697 2713 
2713 2697 2712 2702 2700 2714 2714 2700 2713 
2704 2702 2715 2715 2702 2714 2706 2704 2716 
2716 2704 2715 2717 2708 2706 2717 2706 2718 
2718 2706 2716 2718 2719 2720 2717 2718 2720 
2719 2721 2722 2720 2719 2722 2721 2723 2724 
2722 2721 2724 2724 2723 2725 2726 2727 2728 
2726 2729 2730 2727 2726 2730 2729 2731 2732 
2730 2729 2732 2731 2733 2734 2732 2731 2734 
2733 2735 2736 2734 2733 2736 2711 2736 2735 
2711 2735 2709 2709 2735 2737 2712 2709 2738 
2738 2709 2737 2713 2712 2739 2739 2712 2738 
2714 2713 2740 2740 2713 2739 2715 2714 2741 
2741 2714 2740 2716 2715 2742 2742 2715 2741 
2718 2716 2743 2743 2716 2742 2719 2718 2744 
2744 2718 2743 2721 2719 2745 2745 2719 2744 
2723 2721 2746 2746 2721 2745 2747 2725 2723 
2747 2723 2748 2748 2723 2746 2748 2749 2750 
2747 2748 2750 2749 2751 2752 2750 2749 2752 
2752 2751 2753 2601 2754 2602 2755 2754 2601 
2755 2601 2756 2756 2601 2604 2728 2606 2726 
2728 2756 2606 2756 2604 2606 2608 2726 2606 
2729 2726 2608 2610 2729 2608 2731 2729 2610 
2612 2731 2610 2733 2731 2612 2614 2733 2612 
2735 2733 2614 2616 2735 2614 2737 2735 2616 
2618 2737 2616 2738 2737 2618 2620 2738 2618 
2739 2738 2620 2622 2739 2620 2740 2739 2622 
2624 2740 2622 2741 2740 2624 2626 2741 2624 
2742 2741 2626 2628 2742 2626 2743 2742 2628 
2630 2743 2628 2744 2743 2630 2632 2744 2630 
2745 2744 2632 2634 2745 2632 2746 2745 2634 
2636 2746 2634 2748 2746 2636 2637 2748 2636 
2637 2757 2748 2757 2749 2748 2751 2749 2758 
2758 2749 2757 2759 2753 2751 2758 2759 2751 
2754 2760 2761 2754 2761 2602 2602 2761 2639 
2755 2760 2754 2637 2648 2757 2650 2757 2648 
2650 2762 2757 2762 2758 2757 2763 2759 2758 
2762 2763 2758 2651 2764 2765 2652 2651 2765 
2761 2651 2639 2764 2651 2761 2650 2654 2762 
2762 2654 2655 2762 2655 2763 2763 2655 2766 
2656 2767 2657 2656 2768 2767 2656 2652 2768 
2652 2765 2768 2655 2659 2766 2766 2659 2769 
2767 2770 2771 2767 2771 2657 2657 2771 2661 
2768 2770 2767 2772 2773 2774 2772 2775 2776 
2774 2775 2772 2776 2777 2778 2775 2777 2776 
2778 2664 2663 2778 2777 2664 2777 2779 2664 
2665 2664 2780 2664 2779 2780 2667 2665 2781 
2665 2780 2781 2669 2782 2783 2669 2667 2782 
2667 2781 2782 2783 2784 2785 2782 2784 2783 
2785 2786 2787 2784 2786 2785 2787 2671 2670 
2787 2786 2671 2786 2788 2671 2769 2659 2671 
2788 2769 2671 2661 2771 2789 2673 2661 2789 
2675 2673 2790 2673 2789 2790 2677 2791 2792 
2677 2675 2791 2675 2790 2791 2792 2793 2794 
2791 2793 2792 2794 2795 2796 2793 2795 2794 
2795 2797 2796 2798 2799 2800 2798 2801 2802 
2800 2801 2798 2802 2680 2679 2802 2801 2680 
2801 2803 2680 2681 2680 2804 2680 2803 2804 
2682 2681 2805 2681 2804 2805 2773 2772 2683 
2773 2683 2805 2805 2683 2682 2684 2683 2772 
2776 2684 2772 2685 2684 2776 2778 2685 2776 
2663 2685 2778 2669 2783 2686 2687 2686 2783 
2785 2687 2783 2689 2687 2785 2787 2689 2785 
2670 2689 2787 2677 2792 2690 2691 2690 2792 
2794 2691 2792 2692 2691 2794 2796 2692 2794 
2796 2797 2806 2796 2806 2692 2692 2806 2693 
2694 2693 2807 2693 2806 2807 2799 2798 2695 
2799 2695 2807 2807 2695 2694 2696 2695 2798 
2802 2696 2798 2679 2696 2802 2808 2809 2810 
2808 2811 2812 2809 2808 2812 2811 2813 2814 
2812 2811 2814 2813 2815 2816 2814 2813 2816 
2815 2817 2818 2816 2815 2818 2818 2817 2819 
2820 2821 2822 2820 2699 2698 2820 2698 2821 
2821 2698 2823 2810 2701 2808 2810 2823 2701 
2823 2698 2701 2703 2808 2701 2811 2808 2703 
2705 2811 2703 2813 2811 2705 2707 2813 2705 
2815 2813 2707 2708 2815 2707 2708 2824 2815 
2824 2817 2815 2825 2819 2817 2825 2817 2826 
2826 2817 2824 2826 2827 2828 2825 2826 2828 
2827 2829 2830 2828 2827 2830 2830 2829 2831 
2832 2833 2834 2832 2835 2836 2833 2832 2836 
2835 2837 2838 2836 2835 2838 2822 2838 2837 
2820 2822 2837 2820 2837 2711 2820 2711 2710 
2699 2820 2710 2708 2717 2824 2720 2824 2717 
2826 2824 2720 2722 2826 2720 2827 2826 2722 
2724 2827 2722 2829 2827 2724 2725 2839 2840 
2724 2725 2840 2724 2840 2831 2724 2831 2829 
2839 2841 2842 2840 2839 2842 2841 2843 2844 
2842 2841 2844 2843 2845 2846 2844 2843 2846 
2846 2845 2847 2727 2848 2849 2728 2727 2849 
2730 2850 2727 2727 2850 2848 2834 2732 2832 
2834 2850 2732 2850 2730 2732 2734 2832 2732 
2835 2832 2734 2736 2835 2734 2837 2835 2736 
2711 2837 2736 2725 2747 2839 2750 2839 2747 
2841 2839 2750 2752 2841 2750 2843 2841 2752 
2753 2843 2752 2753 2851 2843 2851 2845 2843 
2852 2847 2845 2851 2852 2845 2756 2853 2854 
2755 2756 2854 2849 2756 2728 2853 2756 2849 
2851 2759 2855 2753 2759 2851 2856 2852 2851 
2855 2856 2851 2760 2857 2858 2761 2760 2858 
2854 2760 2755 2857 2760 2854 2855 2763 2859 
2759 2763 2855 2860 2856 2855 2859 2860 2855 
2764 2861 2765 2764 2862 2861 2764 2761 2862 
2761 2858 2862 2859 2863 2864 2859 2763 2863 
2763 2766 2863 2860 2859 2864 2861 2865 2866 
2861 2866 2765 2765 2866 2768 2862 2865 2861 
2867 2868 2869 2867 2870 2871 2869 2870 2867 
2871 2872 2873 2870 2872 2871 2873 2874 2875 
2872 2874 2873 2875 2876 2877 2874 2876 2875 
2877 2878 2879 2876 2878 2877 2879 2880 2881 
2878 2880 2879 2881 2882 2883 2880 2882 2881 
2883 2884 2885 2882 2884 2883 2885 2884 2863 
2885 2863 2769 2769 2863 2766 2770 2886 2771 
2887 2768 2866 2887 2886 2768 2887 2888 2886 
2886 2770 2768 2888 2889 2890 2887 2889 2888 
2889 2891 2890 2892 2893 2894 2892 2895 2896 
2894 2895 2892 2896 2774 2773 2896 2895 2774 
2895 2897 2774 2868 2867 2775 2868 2775 2897 
2897 2775 2774 2777 2775 2867 2871 2777 2867 
2779 2777 2871 2873 2779 2871 2780 2779 2873 
2875 2780 2873 2781 2780 2875 2877 2781 2875 
2782 2781 2877 2879 2782 2877 2784 2782 2879 
2881 2784 2879 2786 2784 2881 2883 2786 2881 
2788 2786 2883 2885 2788 2883 2769 2788 2885 
2771 2886 2789 2790 2789 2886 2888 2790 2886 
2791 2790 2888 2890 2791 2888 2890 2891 2898 
2890 2898 2791 2791 2898 2793 2795 2793 2899 
2793 2898 2899 2797 2900 2901 2797 2795 2900 
2795 2899 2900 2901 2902 2903 2900 2902 2901 
2903 2800 2799 2903 2902 2800 2902 2904 2800 
2801 2800 2905 2800 2904 2905 2803 2801 2906 
2801 2905 2906 2893 2892 2804 2893 2804 2906 
2906 2804 2803 2805 2804 2892 2896 2805 2892 
2773 2805 2896 2797 2901 2806 2807 2806 2901 
2903 2807 2901 2799 2807 2903 2907 2908 2909 
2907 2910 2911 2908 2907 2911 2910 2912 2913 
2911 2910 2913 2913 2912 2914 2915 2916 2917 
2915 2918 2919 2916 2915 2919 2909 2919 2918 
2907 2909 2918 2907 2918 2810 2907 2810 2809 
2812 2907 2809 2910 2907 2812 2814 2910 2812 
2912 2910 2814 2912 2920 2914 2912 2814 2920 
2814 2816 2920 2818 2921 2816 2816 2921 2920 
2921 2818 2819 2922 2921 2819 2923 2924 2925 
2923 2926 2927 2924 2923 2927 2917 2927 2926 
2915 2917 2926 2915 2926 2822 2915 2822 2821 
2823 2915 2821 2918 2915 2823 2810 2918 2823 
2819 2928 2922 2825 2928 2819 2929 2930 2928 
2929 2928 2828 2828 2928 2825 2828 2830 2931 
2929 2828 2931 2830 2831 2931 2932 2933 2934 
2932 2834 2833 2932 2833 2933 2933 2833 2935 
2925 2836 2923 2925 2935 2836 2935 2833 2836 
2838 2923 2836 2926 2923 2838 2822 2926 2838 
2929 2936 2930 2931 2936 2929 2937 2936 2931 
2831 2937 2931 2831 2840 2937 2840 2938 2937 
2842 2939 2840 2840 2939 2938 2844 2940 2842 
2842 2940 2939 2846 2941 2844 2844 2941 2940 
2941 2846 2847 2942 2941 2847 2848 2943 2944 
2849 2848 2944 2934 2850 2932 2934 2943 2850 
2943 2848 2850 2834 2932 2850 2847 2852 2942 
2942 2852 2945 2853 2946 2947 2854 2853 2947 
2944 2853 2849 2946 2853 2944 2948 2949 2950 
2950 2951 2948 2952 2953 2954 2952 2954 2945 
2952 2945 2856 2856 2945 2852 2857 2955 2956 
2858 2857 2956 2947 2857 2854 2955 2857 2947 
2957 2958 2959 2957 2960 2961 2959 2960 2957 
2961 2962 2963 2960 2962 2961 2963 2964 2965 
2962 2964 2963 2949 2965 2964 2949 2948 2965 
2948 2966 2965 2967 2948 2951 2967 2968 2948 
2968 2966 2948 2968 2969 2970 2967 2969 2968 
2953 2970 2969 2953 2952 2970 2952 2971 2970 
2856 2860 2971 2952 2856 2971 2858 2956 2862 
2956 2972 2862 2973 2974 2975 2973 2976 2977 
2975 2976 2973 2958 2977 2976 2958 2957 2977 
2957 2978 2977 2961 2979 2957 2979 2978 2957 
2963 2980 2961 2980 2979 2961 2965 2981 2963 
2981 2980 2963 2966 2982 2965 2982 2981 2965 
2968 2983 2966 2983 2982 2966 2970 2984 2968 
2984 2983 2968 2864 2863 2984 2864 2984 2971 
2971 2984 2970 2860 2864 2971 2865 2985 2866 
2865 2986 2985 2865 2862 2986 2862 2972 2986 
2987 2988 2989 2987 2990 2991 2989 2990 2987 
2974 2991 2990 2973 2991 2974 2973 2868 2991 
2973 2869 2868 2870 2869 2973 2977 2870 2973 
2872 2870 2977 2978 2872 2977 2874 2872 2978 
2979 2874 2978 2876 2874 2979 2980 2876 2979 
2878 2876 2980 2981 2878 2980 2880 2878 2981 
2982 2880 2981 2882 2880 2982 2983 2882 2982 
2884 2882 2983 2984 2884 2983 2863 2884 2984 
2866 2985 2887 2985 2986 2992 2985 2992 2887 
2887 2992 2889 2891 2993 2994 2891 2889 2993 
2889 2992 2993 2994 2995 2996 2993 2995 2994 
2996 2997 2998 2995 2997 2996 2998 2999 3000 
2997 2999 2998 3000 3001 3002 2999 3001 3000 
3002 3003 3004 3001 3003 3002 3004 3005 3006 
3003 3005 3004 3006 2894 2893 3006 3005 2894 
3005 3007 2894 2988 2987 2895 2988 2895 3007 
3007 2895 2894 2897 2895 2987 2991 2897 2987 
2868 2897 2991 2891 2994 2898 2899 2898 2994 
2996 2899 2994 2900 2899 2996 2998 2900 2996 
2902 2900 2998 3000 2902 2998 2904 2902 3000 
3002 2904 3000 2905 2904 3002 3004 2905 3002 
2906 2905 3004 3006 2906 3004 2893 2906 3006 
3008 3009 3010 3008 3011 3012 3009 3008 3012 
3011 3013 3014 3012 3011 3014 3013 3015 3016 
3014 3013 3016 3016 3015 3017 3018 3019 3020 
3010 3019 3018 3010 3018 3008 3008 3018 3021 
3011 3008 3022 3022 3008 3021 2908 3022 2909 
2908 3013 3022 3013 3011 3022 2911 3013 2908 
3015 3013 2911 3015 3023 3017 3015 2911 3023 
2911 2913 3023 3023 2913 2914 3024 3023 2914 
3025 3026 3027 3020 3026 3025 3020 3025 3018 
3018 3025 3028 2916 3028 2917 2916 3021 3028 
3021 3018 3028 2919 3021 2916 3022 3021 2919 
2909 3022 2919 2914 3029 3024 2920 3029 2914 
3030 3031 3029 3030 3029 2921 2921 3029 2920 
2921 2922 3030 3032 3033 3034 3027 3033 3032 
3025 3027 3032 3025 3032 2925 3025 2925 2924 
2927 3025 2924 3028 3025 2927 2917 3028 2927 
3035 3031 3030 3036 3031 3035 2922 2928 3037 
2922 3037 3030 3030 3037 3035 2928 2930 3037 
2933 3038 3039 2934 2933 3039 3034 2935 3032 
3034 3038 2935 3038 2933 2935 2925 3032 2935 
3040 3036 3035 3041 3036 3040 3037 3042 3035 
3042 3040 3035 2930 2936 3043 2930 3043 3037 
3037 3043 3042 2936 2937 3044 3043 2936 3044 
2937 2938 3045 3044 2937 3045 2938 2939 3046 
3045 2938 3046 2939 2940 3047 3046 2939 3047 
2940 2941 3048 3047 2940 3048 2941 2942 3048 
2943 3049 3050 2944 2943 3050 3039 2943 2934 
3049 2943 3039 3051 3052 3053 3041 3051 3053 
3041 3040 3051 3040 3054 3051 3042 3055 3040 
3055 3054 3040 3043 3056 3042 3056 3055 3042 
3044 3057 3043 3057 3056 3043 3045 3058 3044 
3058 3057 3044 3046 3059 3045 3059 3058 3045 
3047 3060 3046 3060 3059 3046 3048 3061 3047 
3061 3060 3047 2942 2945 3061 3048 2942 3061 
2946 3062 3063 2947 2946 3063 3050 2946 2944 
3062 2946 3050 3064 3065 3066 3052 3064 3066 
3052 3051 3064 3051 3067 3064 3054 3068 3051 
3068 3067 3051 3055 3069 3054 3069 3068 3054 
3056 3070 3055 3070 3069 3055 3057 3071 3056 
3071 3070 3056 2950 2949 3071 2950 3071 3058 
3058 3071 3057 2951 2950 3058 2951 3058 3072 
3072 3058 3059 3060 3073 3059 3073 3072 3059 
2954 2953 3073 2954 3073 3061 3061 3073 3060 
2945 2954 3061 2955 3074 2956 2955 3075 3074 
2955 2947 3075 2947 3063 3075 3076 3077 3078 
3065 3076 3078 3065 3064 3076 3064 3079 3076 
3067 3080 3064 3080 3079 3064 2959 2958 3080 
2959 3080 3068 3068 3080 3067 2960 2959 3068 
3069 2960 3068 2962 2960 3069 3070 2962 3069 
2964 2962 3070 3071 2964 3070 2949 2964 3071 
2951 3072 2967 2969 2967 3072 3073 2969 3072 
2953 2969 3073 3074 3081 2972 2956 3074 2972 
3082 3074 3075 3081 3074 3082 3083 3084 3085 
3077 3083 3085 3077 3076 3083 3076 3086 3083 
2975 2974 3086 2975 3086 3079 3079 3086 3076 
2976 2975 3079 3080 2976 3079 2958 2976 3080 
3081 3087 2986 2972 3081 2986 3088 3081 3082 
3088 3089 3081 3089 3087 3081 3089 3090 3091 
3088 3090 3089 3091 3092 3093 3090 3092 3091 
3093 3094 3095 3092 3094 3093 3095 3096 3097 
3094 3096 3095 3097 3098 3099 3096 3098 3097 
3099 3100 3101 3098 3100 3099 3101 3102 3103 
3100 3102 3101 3084 3103 3102 3083 3103 3084 
3083 2988 3103 3083 2989 2988 2990 2989 3083 
3086 2990 3083 2974 2990 3086 2986 3087 2992 
2993 2992 3087 3089 2993 3087 2995 2993 3089 
3091 2995 3089 2997 2995 3091 3093 2997 3091 
2999 2997 3093 3095 2999 3093 3001 2999 3095 
3097 3001 3095 3003 3001 3097 3099 3003 3097 
3005 3003 3099 3101 3005 3099 3007 3005 3101 
3103 3007 3101 2988 3007 3103 3009 3104 3010 
3009 3012 3105 3104 3009 3105 3012 3014 3106 
3105 3012 3106 3014 3016 3107 3106 3014 3107 
3016 3017 3107 3019 3108 3020 3019 3010 3104 
3019 3104 3108 3108 3104 3109 3105 3110 3104 
3110 3109 3104 3106 3111 3105 3111 3110 3105 
3112 3107 3113 3112 3111 3107 3111 3106 3107 
3017 3113 3107 3017 3023 3113 3023 3114 3113 
3114 3023 3024 3115 3114 3024 3026 3116 3117 
3027 3026 3117 3108 3026 3020 3108 3118 3026 
3118 3116 3026 3109 3118 3108 3119 3118 3109 
3110 3119 3109 3120 3119 3110 3111 3120 3110 
3121 3120 3111 3112 3121 3111 3122 3024 3029 
3122 3123 3024 3123 3115 3024 3029 3031 3122 
3033 3124 3125 3034 3033 3125 3117 3033 3027 
3124 3033 3117 3126 3123 3122 3127 3123 3126 
3031 3036 3126 3122 3031 3126 3038 3128 3039 
3038 3129 3128 3038 3034 3129 3034 3125 3129 
3130 3131 3132 3127 3130 3132 3127 3126 3130 
3126 3133 3130 3036 3041 3133 3126 3036 3133 
3049 3134 3050 3049 3135 3134 3039 3135 3049 
3039 3136 3135 3039 3128 3136 3129 3136 3128 
3137 3138 3139 3131 3137 3139 3131 3130 3137 
3130 3140 3137 3053 3052 3140 3053 3140 3133 
3133 3140 3130 3041 3053 3133 3062 3141 3063 
3062 3142 3141 3050 3142 3062 3050 3143 3142 
3050 3134 3143 3135 3143 3134 3144 3145 3146 
3138 3144 3146 3138 3137 3144 3137 3147 3144 
3066 3065 3147 3066 3147 3140 3140 3147 3137 
3052 3066 3140 3141 3148 3075 3063 3141 3075 
3149 3141 3142 3148 3141 3149 3150 3151 3152 
3145 3150 3152 3145 3144 3150 3144 3153 3150 
3078 3077 3153 3078 3153 3147 3147 3153 3144 
3065 3078 3147 3148 3154 3082 3075 3148 3082 
3155 3148 3149 3155 3156 3148 3156 3154 3148 
3156 3157 3158 3155 3157 3156 3158 3159 3160 
3157 3159 3158 3160 3161 3162 3159 3161 3160 
3162 3163 3164 3161 3163 3162 3164 3165 3166 
3163 3165 3164 3151 3166 3165 3151 3150 3166 
3150 3167 3166 3085 3084 3167 3085 3167 3153 
3153 3167 3150 3077 3085 3153 3082 3154 3088 
3090 3088 3154 3156 3090 3154 3092 3090 3156 
3158 3092 3156 3094 3092 3158 3160 3094 3158 
3096 3094 3160 3162 3096 3160 3098 3096 3162 
3164 3098 3162 3100 3098 3164 3166 3100 3164 
3102 3100 3166 3167 3102 3166 3084 3102 3167 
3113 3168 3112 3113 3114 3169 3168 3113 3169 
3114 3115 3169 3116 3170 3117 3116 3118 3171 
3170 3116 3171 3118 3119 3172 3171 3118 3172 
3119 3120 3173 3172 3119 3173 3120 3121 3174 
3173 3120 3174 3121 3112 3168 3121 3168 3174 
3174 3168 3175 3169 3176 3168 3176 3175 3168 
3115 3123 3176 3169 3115 3176 3124 3177 3125 
3124 3117 3170 3124 3170 3177 3177 3170 3178 
3171 3179 3170 3179 3178 3170 3172 3180 3171 
3180 3179 3171 3173 3181 3172 3181 3180 3172 
3174 3182 3173 3182 3181 3173 3175 3183 3174 
3183 3182 3174 3176 3184 3175 3184 3183 3175 
3123 3127 3184 3176 3123 3184 3177 3185 3129 
3125 3177 3129 3186 3178 3187 3186 3185 3178 
3185 3177 3178 3179 3187 3178 3188 3187 3179 
3188 3189 3190 3188 3179 3189 3179 3180 3189 
3191 3181 3192 3191 3189 3181 3189 3180 3181 
3182 3192 3181 3193 3192 3182 3193 3194 3195 
3193 3182 3194 3182 3183 3194 3132 3131 3194 
3132 3194 3184 3184 3194 3183 3127 3132 3184 
3136 3196 3135 3136 3197 3196 3129 3197 3136 
3129 3198 3197 3129 3185 3198 3186 3198 3185 
3189 3199 3190 3191 3199 3189 3200 3201 3202 
3195 3200 3202 3194 3200 3195 3194 3138 3200 
3194 3139 3138 3131 3139 3194 3143 3203 3142 
3143 3204 3203 3135 3204 3143 3135 3205 3204 
3135 3196 3205 3197 3205 3196 3206 3207 3208 
3201 3206 3208 3200 3206 3201 3200 3145 3206 
3200 3146 3145 3138 3146 3200 3203 3209 3149 
3142 3203 3149 3210 3203 3204 3209 3203 3210 
3211 3212 3213 3207 3211 3213 3206 3211 3207 
3206 3151 3211 3206 3152 3151 3145 3152 3206 
3149 3209 3155 3209 3210 3214 3209 3214 3155 
3155 3214 3157 3159 3157 3215 3157 3214 3215 
3161 3159 3216 3159 3215 3216 3163 3161 3217 
3161 3216 3217 3212 3211 3165 3212 3165 3217 
3217 3165 3163 3151 3165 3211 3187 3218 3186 
3187 3188 3219 3218 3187 3219 3188 3190 3219 
3192 3220 3191 3192 3193 3221 3220 3192 3221 
3193 3195 3221 3198 3222 3197 3198 3186 3218 
3198 3218 3222 3222 3218 3223 3219 3224 3218 
3224 3223 3218 3190 3199 3225 3190 3225 3219 
3219 3225 3224 3199 3191 3220 3199 3220 3225 
3225 3220 3226 3202 3201 3226 3202 3226 3221 
3221 3226 3220 3195 3202 3221 3205 3227 3204 
3205 3197 3222 3205 3222 3227 3227 3222 3228 
3223 3229 3222 3229 3228 3222 3224 3230 3223 
3230 3229 3223 3225 3231 3224 3231 3230 3224 
3208 3207 3231 3208 3231 3226 3226 3231 3225 
3201 3208 3226 3227 3232 3210 3204 3227 3210 
3228 3233 3227 3233 3232 3227 3229 3234 3228 
3234 3233 3228 3230 3235 3229 3235 3234 3229 
3213 3212 3235 3213 3235 3231 3231 3235 3230 
3207 3213 3231 3210 3232 3214 3215 3214 3232 
3233 3215 3232 3216 3215 3233 3234 3216 3233 
3217 3216 3234 3235 3217 3234 3212 3217 3235 

CELL_DATA 6468
SCALARS Scalars float
LOOKUP_TABLE default
1 1 1 1 1 1 1 1 1 
1 1 1 1 1 1 1 1 1 
1 1 1 1 1 1 1 1 1 
1 1 1 1 1 1 1 1 1 
1 1 1 1 1 1 1 1 1 
1 1 1 1 1 1 1 1 1 
1 1 1 1 1 1 1 1 1 
1 1 1 1 1 1 1 1 1 
1 1 1 1 1 1 1 1 1 
1 1 1 1 1 1 1 1 1 
1 1 1 1 1 1 1 1 1 
1 1 1 1 1 1 1 1 1 
1 1 1 1 1 1 1 1 1 
1 1 1 1 1 1 1 1 1 
1 1 1 1 1 1 1 1 1 
1 1 1 1 1 1 1 1 1 
1 1 1 1 1 1 1 1 1 
1 1 1 1 1 1 1 1 1 
1 1 1 1 1 1 1 1 1 
1 1 1 1 1 1 1 1 1 
1 1 1 1 1 1 1 1 1 
1 1 1 1 1 1 1 1 1 
1 1 1 1 1 1 1 1 1 
1 1 1 1 1 1 1 1 1 
1 1 1 1 1 1 1 1 1 
1 1 1 1 1 1 1 1 1 
1 1 1 1 1 1 1 1 1 
1 1 1 1 1 1 1 1 1 
1 1 1 1 1 1 1 1 1 
1 1 1 1 1 1 1 1 1 
1 1 1 1 1 1 1 1 1 
1 1 1 1 1 1 1 1 1 
1 1 1 1 1 1 1 1 1 
1 1 1 1 1 1 1 1 1 
1 1 1 1 1 1 1 1 1 
1 1 1 1 1 1 1 1 1 
1 1 1 1 1 1 1 1 1 
1 1 1 1 1 1 1 1 1 
1 1 1 1 1 1 1 1 1 
1 1 1 1 1 1 1 1 1 
1 1 1 1 1 1 1 1 1 
1 1 1 1 1 1 1 1 1 
1 1 1 1 1 1 1 1 1 
1 1 1 1 1 1 1 1 1 
1 1 1 1 1 1 1 1 1 
1 1 1 1 1 1 1 1 1 
1 1 1 1 1 1 1 1 1 
1 1 1 1 1 1 1 1 1 
1 1 1 1 1 1 1 1 1 
1 1 1 1 1 1 1 1 1 
1 1 1 1 1 1 1 1 1 
1 1 1 1 1 1 1 1 1 
1 1 1 1 1 1 1 1 1 
1 1 1 1 1 1 1 1 1 
1 1 1 1 1 1 1 1 1 
1 1 1 1 1 1 1 1 1 
1 1 1 1 1 1 1 1 1 
1 1 1 1 1 1 1 1 1 
1 1 1 1 1 1 1 1 1 
1 1 1 1 1 1 1 1 1 
1 1 1 1 1 1 1 1 1 
1 1 1 1 1 1 1 1 1 
1 1 1 1 1 1 1 1 1 
1 1 1 1 1 1 1 1 1 
1 1 1 1 1 1 1 1 1 
1 1 1 1 1 1 1 1 1 
1 1 1 1 1 1 1 1 1 
1 1 1 1 1 1 1 1 1 
1 1 1 1 1 1 1 1 1 
1 1 1 1 1 1 1 1 1 
1 1 1 1 1 1 1 1 1 
1 1 1 1 1 1 1 1 1 
1 1 1 1 1 1 1 1 1 
1 1 1 1 1 1 1 1 1 
1 1 1 1 1 1 1 1 1 
1 1 1 1 1 1 1 1 1 
1 1 1 1 1 1 1 1 1 
1 1 1 1 1 1 1 1 1 
1 1 1 1 1 1 1 1 1 
1 1 1 1 1 1 1 1 1 
1 1 1 1 1 1 1 1 1 
1 1 1 1 1 1 1 1 1 
1 1 1 1 1 1 1 1 1 
1 1 1 1 1 1 1 1 1 
1 1 1 1 1 1 1 1 1 
1 1 1 1 1 1 1 1 1 
1 1 1 1 1 1 1 1 1 
1 1 1 1 1 1 1 1 1 
1 1 1 1 1 1 1 1 1 
1 1 1 1 1 1 1 1 1 
1 1 1 1 1 1 1 1 1 
1 1 1 1 1 1 1 1 1 
1 1 1 1 1 1 1 1 1 
1 1 1 1 1 1 1 1 1 
1 1 1 1 1 1 1 1 1 
1 1 1 1 1 1 1 1 1 
1 1 1 1 1 1 1 1 1 
1 1 1 1 1 1 1 1 1 
1 1 1 1 1 1 1 1 1 
1 1 1 1 1 1 1 1 1 
1 1 1 1 1 1 1 1 1 
1 1 1 1 1 1 1 1 1 
1 1 1 1 1 1 1 1 1 
1 1 1 1 1 1 1 1 1 
1 1 1 1 1 1 1 1 1 
1 1 1 1 1 1 1 1 1 
1 1 1 1 1 1 1 1 1 
1 1 1 1 1 1 1 1 1 
1 1 1 1 1 1 1 1 1 
1 1 1 1 1 1 1 1 1 
1 1 1 1 1 1 1 1 1 
1 1 1 1 1 1 1 1 1 
1 1 1 1 1 1 1 1 1 
1 1 1 1 1 1 1 1 1 
1 1 1 1 1 1 1 1 1 
1 1 1 1 1 1 1 1 1 
1 1 1 1 1 1 1 1 1 
1 1 1 1 1 1 1 1 1 
1 1 1 1 1 1 1 1 1 
1 1 1 1 1 1 1 1 1 
1 1 1 1 1 1 1 1 1 
1 1 1 1 1 1 1 1 1 
1 1 1 1 1 1 1 1 1 
1 1 1 1 1 1 1 1 1 
1 1 1 1 1 1 1 1 1 
1 1 1 1 1 1 1 1 1 
1 1 1 1 1 1 1 1 1 
1 1 1 1 1 1 1 1 1 
1 1 1 1 1 1 1 1 1 
1 1 1 1 1 1 1 1 1 
1 1 1 1 1 1 1 1 1 
1 1 1 1 1 1 1 1 1 
1 1 1 1 1 1 1 1 1 
1 1 1 1 1 1 1 1 1 
1 1 1 1 1 1 1 1 1 
1 1 1 1 1 1 1 1 1 
1 1 1 1 1 1 1 1 1 
1 1 1 1 1 1 1 1 1 
1 1 1 1 1 1 1 1 1 
1 1 1 1 1 1 1 1 1 
1 1 1 1 1 1 1 1 1 
1 1 1 1 1 1 1 1 1 
1 1 1 1 1 1 1 1 1 
1 1 1 1 1 1 1 1 1 
1 1 1 1 1 1 1 1 1 
1 1 1 1 1 1 1 1 1 
1 1 1 1 1 1 1 1 1 
1 1 1 1 1 1 1 1 1 
1 1 1 1 1 1 1 1 1 
1 1 1 1 1 1 1 1 1 
1 1 1 1 1 1 1 1 1 
1 1 1 1 1 1 1 1 1 
1 1 1 1 1 1 1 1 1 
1 1 1 1 1 1 1 1 1 
1 1 1 1 1 1 1 1 1 
1 1 1 1 1 1 1 1 1 
1 1 1 1 1 1 1 1 1 
1 1 1 1 1 1 1 1 1 
1 1 1 1 1 1 1 1 1 
1 1 1 1 1 1 1 1 1 
1 1 1 1 1 1 1 1 1 
1 1 1 1 1 1 1 1 1 
1 1 1 1 1 1 1 1 1 
1 1 1 1 1 1 1 1 1 
1 1 1 1 1 1 1 1 1 
1 1 1 1 1 1 1 1 1 
1 1 1 1 1 1 1 1 1 
1 1 1 1 1 1 1 1 1 
1 1 1 1 1 1 1 1 1 
1 1 1 1 1 1 1 1 1 
1 1 1 1 1 1 1 1 1 
1 1 1 1 1 1 1 1 1 
1 1 1 1 1 1 1 1 1 
1 1 1 1 1 1 1 1 1 
1 1 1 1 1 1 1 1 1 
1 1 1 1 1 1 1 1 1 
1 1 1 1 1 1 1 1 1 
1 1 1 1 1 1 1 1 1 
1 1 1 1 1 1 1 1 1 
1 1 1 1 1 1 1 1 1 
1 1 1 1 1 1 1 1 1 
1 1 1 1 1 1 1 1 1 
1 1 1 1 1 1 1 1 1 
1 1 1 1 1 1 1 1 1 
1 1 1 1 1 1 1 1 1 
1 1 1 1 1 1 1 1 1 
1 1 1 1 1 1 1 1 1 
1 1 1 1 1 1 1 1 1 
1 1 1 1 1 1 1 1 1 
1 1 1 1 1 1 1 1 1 
1 1 1 1 1 1 1 1 1 
1 1 1 1 1 1 1 1 1 
1 1 1 1 1 1 1 1 1 
1 1 1 1 1 1 1 1 1 
1 1 1 1 1 1 1 1 1 
1 1 1 1 1 1 1 1 1 
1 1 1 1 1 1 1 1 1 
1 1 1 1 1 1 1 1 1 
1 1 1 1 1 1 1 1 1 
1 1 1 1 1 1 1 1 1 
1 1 1 1 1 1 1 1 1 
1 1 1 1 1 1 1 1 1 
1 1 1 1 1 1 1 1 1 
1 1 1 1 1 1 1 1 1 
1 1 1 1 1 1 1 1 1 
1 1 1 1 1 1 1 1 1 
1 1 1 1 1 1 1 1 1 
1 1 1 1 1 1 1 1 1 
1 1 1 1 1 1 1 1 1 
1 1 1 1 1 1 1 1 1 
1 1 1 1 1 1 1 1 1 
1 1 1 1 1 1 1 1 1 
1 1 1 1 1 1 1 1 1 
1 1 1 1 1 1 1 1 1 
1 1 1 1 1 1 1 1 1 
1 1 1 1 1 1 1 1 1 
1 1 1 1 1 1 1 1 1 
1 1 1 1 1 1 1 1 1 
1 1 1 1 1 1 1 1 1 
1 1 1 1 1 1 1 1 1 
1 1 1 1 1 1 1 1 1 
1 1 1 1 1 1 1 1 1 
1 1 1 1 1 1 1 1 1 
1 1 1 1 1 1 1 1 1 
1 1 1 1 1 1 1 1 1 
1 1 1 1 1 1 1 1 1 
1 1 1 1 1 1 1 1 1 
1 1 1 1 1 1 1 1 1 
1 1 1 1 1 1 1 1 1 
1 1 1 1 1 1 1 1 1 
1 1 1 1 1 1 1 1 1 
1 1 1 1 1 1 1 1 1 
1 1 1 1 1 1 1 1 1 
1 1 1 1 1 1 1 1 1 
1 1 1 1 1 1 1 1 1 
1 1 1 1 1 1 1 1 1 
1 1 1 1 1 1 1 1 1 
1 1 1 1 1 1 1 1 1 
1 1 1 1 1 1 1 1 1 
1 1 1 1 1 1 1 1 1 
1 1 1 1 1 1 1 1 1 
1 1 1 1 1 1 1 1 1 
1 1 1 1 1 1 1 1 1 
1 1 1 1 1 1 1 1 1 
1 1 1 1 1 1 1 1 1 
1 1 1 1 1 1 1 1 1 
1 1 1 1 1 1 1 1 1 
1 1 1 1 1 1 1 1 1 
1 1 1 1 1 1 1 1 1 
1 1 1 1 1 1 1 1 1 
1 1 1 1 1 1 1 1 1 
1 1 1 1 1 1 1 1 1 
1 1 1 1 1 1 1 1 1 
1 1 1 1 1 1 1 1 1 
1 1 1 1 1 1 1 1 1 
1 1 1 1 1 1 1 1 1 
1 1 1 1 1 1 1 1 1 
1 1 1 1 1 1 1 1 1 
1 1 1 1 1 1 1 1 1 
1 1 1 1 1 1 1 1 1 
1 1 1 1 1 1 1 1 1 
1 1 1 1 1 1 1 1 1 
1 1 1 1 1 1 1 1 1 
1 1 1 1 1 1 1 1 1 
1 1 1 1 1 1 1 1 1 
1 1 1 1 1 1 1 1 1 
1 1 1 1 1 1 1 1 1 
1 1 1 1 1 1 1 1 1 
1 1 1 1 1 1 1 1 1 
1 1 1 1 1 1 1 1 1 
1 1 1 1 1 1 1 1 1 
1 1 1 1 1 1 1 1 1 
1 1 1 1 1 1 1 1 1 
1 1 1 1 1 1 1 1 1 
1 1 1 1 1 1 1 1 1 
1 1 1 1 1 1 1 1 1 
1 1 1 1 1 1 1 1 1 
1 1 1 1 1 1 1 1 1 
1 1 1 1 1 1 1 1 1 
1 1 1 1 1 1 1 1 1 
1 1 1 1 1 1 1 1 1 
1 1 1 1 1 1 1 1 1 
1 1 1 1 1 1 1 1 1 
1 1 1 1 1 1 1 1 1 
1 1 1 1 1 1 1 1 1 
1 1 1 1 1 1 1 1 1 
1 1 1 1 1 1 1 1 1 
1 1 1 1 1 1 1 1 1 
1 1 1 1 1 1 1 1 1 
1 1 1 1 1 1 1 1 1 
1 1 1 1 1 1 1 1 1 
1 1 1 1 1 1 1 1 1 
1 1 1 1 1 1 1 1 1 
1 1 1 1 1 1 1 1 1 
1 1 1 1 1 1 1 1 1 
1 1 1 1 1 1 1 1 1 
1 1 1 1 1 1 1 1 1 
1 1 1 1 1 1 1 1 1 
1 1 1 1 1 1 1 1 1 
1 1 1 1 1 1 1 1 1 
1 1 1 1 1 1 1 1 1 
1 1 1 1 1 1 1 1 1 
1 1 1 1 1 1 1 1 1 
1 1 1 1 1 1 1 1 1 
1 1 1 1 1 1 1 1 1 
1 1 1 1 1 1 1 1 1 
1 1 1 1 1 1 1 1 1 
1 1 1 1 1 1 1 1 1 
1 1 1 1 1 1 1 1 1 
1 1 1 1 1 1 1 1 1 
1 1 1 1 1 1 1 1 1 
1 1 1 1 1 1 1 1 1 
1 1 1 1 1 1 1 1 1 
1 1 1 1 1 1 1 1 1 
1 1 1 1 1 1 1 1 1 
1 1 1 1 1 1 1 1 1 
1 1 1 1 1 1 1 1 1 
1 1 1 1 1 1 1 1 1 
1 1 1 1 1 1 1 1 1 
1 1 1 1 1 1 1 1 1 
1 1 1 1 1 1 1 1 1 
1 1 1 1 1 1 1 1 1 
1 1 1 1 1 1 1 1 1 
1 1 1 1 1 1 1 1 1 
1 1 1 1 1 1 1 1 1 
1 1 1 1 1 1 1 1 1 
1 1 1 1 1 1 1 1 1 
1 1 1 1 1 1 1 1 1 
1 1 1 1 1 1 1 1 1 
1 1 1 1 1 1 1 1 1 
1 1 1 1 1 1 1 1 1 
1 1 1 1 1 1 1 1 1 
1 1 1 1 1 1 1 1 1 
1 1 1 1 1 1 1 1 1 
1 1 1 1 1 1 1 1 1 
1 1 1 1 1 1 1 1 1 
1 1 1 1 1 1 1 1 1 
1 1 1 1 1 1 1 1 1 
1 1 1 1 1 1 1 1 1 
1 1 1 1 1 1 1 1 1 
1 1 1 1 1 1 1 1 1 
1 1 1 1 1 1 1 1 1 
1 1 1 1 1 1 1 1 1 
1 1 1 1 1 1 1 1 1 
1 1 1 1 1 1 1 1 1 
1 1 1 1 1 1 1 1 1 
1 1 1 1 1 1 1 1 1 
1 1 1 1 1 1 1 1 1 
1 1 1 1 1 1 1 1 1 
1 1 1 1 1 1 1 1 1 
1 1 1 1 1 1 1 1 1 
1 1 1 1 1 1 1 1 1 
1 1 1 1 1 1 1 1 1 
1 1 1 1 1 1 1 1 1 
1 1 1 1 1 1 1 1 1 
1 1 1 1 1 1 1 1 1 
1 1 1 1 1 1 1 1 1 
1 1 1 1 1 1 1 1 1 
1 1 1 1 1 1 1 1 1 
1 1 1 1 1 1 1 1 1 
1 1 1 1 1 1 1 1 1 
1 1 1 1 1 1 1 1 1 
1 1 1 1 1 1 1 1 1 
1 1 1 1 1 1 1 1 1 
1 1 1 1 1 1 1 1 1 
1 1 1 1 1 1 1 1 1 
1 1 1 1 1 1 1 1 1 
1 1 1 1 1 1 1 1 1 
1 1 1 1 1 1 1 1 1 
1 1 1 1 1 1 1 1 1 
1 1 1 1 1 1 1 1 1 
1 1 1 1 1 1 1 1 1 
1 1 1 1 1 1 1 1 1 
1 1 1 1 1 1 1 1 1 
1 1 1 1 1 1 1 1 1 
1 1 1 1 1 1 1 1 1 
1 1 1 1 1 1 1 1 1 
1 1 1 1 1 1 1 1 1 
1 1 1 1 1 1 1 1 1 
1 1 1 1 1 1 1 1 1 
1 1 1 1 1 1 1 1 1 
1 1 1 1 1 1 1 1 1 
1 1 1 1 1 1 1 1 1 
1 1 1 1 1 1 1 1 1 
1 1 1 1 1 1 1 1 1 
1 1 1 1 1 1 1 1 1 
1 1 1 1 1 1 1 1 1 
1 1 1 1 1 1 1 1 1 
1 1 1 1 1 1 1 1 1 
1 1 1 1 1 1 1 1 1 
1 1 1 1 1 1 1 1 1 
1 1 1 1 1 1 1 1 1 
1 1 1 1 1 1 1 1 1 
1 1 1 1 1 1 1 1 1 
1 1 1 1 1 1 1 1 1 
1 1 1 1 1 1 1 1 1 
1 1 1 1 1 1 1 1 1 
1 1 1 1 1 1 1 1 1 
1 1 1 1 1 1 1 1 1 
1 1 1 1 1 1 1 1 1 
1 1 1 1 1 1 1 1 1 
1 1 1 1 1 1 1 1 1 
1 1 1 1 1 1 1 1 1 
1 1 1 1 1 1 1 1 1 
1 1 1 1 1 1 1 1 1 
1 1 1 1 1 1 1 1 1 
1 1 1 1 1 1 1 1 1 
1 1 1 1 1 1 1 1 1 
1 1 1 1 1 1 1 1 1 
1 1 1 1 1 1 1 1 1 
1 1 1 1 1 1 1 1 1 
1 1 1 1 1 1 1 1 1 
1 1 1 1 1 1 1 1 1 
1 1 1 1 1 1 1 1 1 
1 1 1 1 1 1 1 1 1 
1 1 1 1 1 1 1 1 1 
1 1 1 1 1 1 1 1 1 
1 1 1 1 1 1 1 1 1 
1 1 1 1 1 1 1 1 1 
1 1 1 1 1 1 1 1 1 
1 1 1 1 1 1 1 1 1 
1 1 1 1 1 1 1 1 1 
1 1 1 1 1 1 1 1 1 
1 1 1 1 1 1 1 1 1 
1 1 1 1 1 1 1 1 1 
1 1 1 1 1 1 1 1 1 
1 1 1 1 1 1 1 1 1 
1 1 1 1 1 1 1 1 1 
1 1 1 1 1 1 1 1 1 
1 1 1 1 1 1 1 1 1 
1 1 1 1 1 1 1 1 1 
1 1 1 1 1 1 1 1 1 
1 1 1 1 1 1 1 1 1 
1 1 1 1 1 1 1 1 1 
1 1 1 1 1 1 1 1 1 
1 1 1 1 1 1 1 1 1 
1 1 1 1 1 1 1 1 1 
1 1 1 1 1 1 1 1 1 
1 1 1 1 1 1 1 1 1 
1 1 1 1 1 1 1 1 1 
1 1 1 1 1 1 1 1 1 
1 1 1 1 1 1 1 1 1 
1 1 1 1 1 1 1 1 1 
1 1 1 1 1 1 1 1 1 
1 1 1 1 1 1 1 1 1 
1 1 1 1 1 1 1 1 1 
1 1 1 1 1 1 1 1 1 
1 1 1 1 1 1 1 1 1 
1 1 1 1 1 1 1 1 1 
1 1 1 1 1 1 1 1 1 
1 1 1 1 1 1 1 1 1 
1 1 1 1 1 1 1 1 1 
1 1 1 1 1 1 1 1 1 
1 1 1 1 1 1 1 1 1 
1 1 1 1 1 1 1 1 1 
1 1 1 1 1 1 1 1 1 
1 1 1 1 1 1 1 1 1 
1 1 1 1 1 1 1 1 1 
1 1 1 1 1 1 1 1 1 
1 1 1 1 1 1 1 1 1 
1 1 1 1 1 1 1 1 1 
1 1 1 1 1 1 1 1 1 
1 1 1 1 1 1 1 1 1 
1 1 1 1 1 1 1 1 1 
1 1 1 1 1 1 1 1 1 
1 1 1 1 1 1 1 1 1 
1 1 1 1 1 1 1 1 1 
1 1 1 1 1 1 1 1 1 
1 1 1 1 1 1 1 1 1 
1 1 1 1 1 1 1 1 1 
1 1 1 1 1 1 1 1 1 
1 1 1 1 1 1 1 1 1 
1 1 1 1 1 1 1 1 1 
1 1 1 1 1 1 1 1 1 
1 1 1 1 1 1 1 1 1 
1 1 1 1 1 1 1 1 1 
1 1 1 1 1 1 1 1 1 
1 1 1 1 1 1 1 1 1 
1 1 1 1 1 1 1 1 1 
1 1 1 1 1 1 1 1 1 
1 1 1 1 1 1 1 1 1 
1 1 1 1 1 1 1 1 1 
1 1 1 1 1 1 1 1 1 
1 1 1 1 1 1 1 1 1 
1 1 1 1 1 1 1 1 1 
1 1 1 1 1 1 1 1 1 
1 1 1 1 1 1 1 1 1 
1 1 1 1 1 1 1 1 1 
1 1 1 1 1 1 1 1 1 
1 1 1 1 1 1 1 1 1 
1 1 1 1 1 1 1 1 1 
1 1 1 1 1 1 1 1 1 
1 1 1 1 1 1 1 1 1 
1 1 1 1 1 1 1 1 1 
1 1 1 1 1 1 1 1 1 
1 1 1 1 1 1 1 1 1 
1 1 1 1 1 1 1 1 1 
1 1 1 1 1 1 1 1 1 
1 1 1 1 1 1 1 1 1 
1 1 1 1 1 1 1 1 1 
1 1 1 1 1 1 1 1 1 
1 1 1 1 1 1 1 1 1 
1 1 1 1 1 1 1 1 1 
1 1 1 1 1 1 1 1 1 
1 1 1 1 1 1 1 1 1 
1 1 1 1 1 1 1 1 1 
1 1 1 1 1 1 1 1 1 
1 1 1 1 1 1 1 1 1 
1 1 1 1 1 1 1 1 1 
1 1 1 1 1 1 1 1 1 
1 1 1 1 1 1 1 1 1 
1 1 1 1 1 1 1 1 1 
1 1 1 1 1 1 1 1 1 
1 1 1 1 1 1 1 1 1 
1 1 1 1 1 1 1 1 1 
1 1 1 1 1 1 1 1 1 
1 1 1 1 1 1 1 1 1 
1 1 1 1 1 1 1 1 1 
1 1 1 1 1 1 1 1 1 
1 1 1 1 1 1 1 1 1 
1 1 1 1 1 1 1 1 1 
1 1 1 1 1 1 1 1 1 
1 1 1 1 1 1 1 1 1 
1 1 1 1 1 1 1 1 1 
1 1 1 1 1 1 1 1 1 
1 1 1 1 1 1 1 1 1 
1 1 1 1 1 1 1 1 1 
1 1 1 1 1 1 1 1 1 
1 1 1 1 1 1 1 1 1 
1 1 1 1 1 1 1 1 1 
1 1 1 1 1 1 1 1 1 
1 1 1 1 1 1 1 1 1 
1 1 1 1 1 1 1 1 1 
1 1 1 1 1 1 1 1 1 
1 1 1 1 1 1 1 1 1 
1 1 1 1 1 1 1 1 1 
1 1 1 1 1 1 1 1 1 
1 1 1 1 1 1 1 1 1 
1 1 1 1 1 1 1 1 1 
1 1 1 1 1 1 1 1 1 
1 1 1 1 1 1 1 1 1 
1 1 1 1 1 1 1 1 1 
1 1 1 1 1 1 1 1 1 
1 1 1 1 1 1 1 1 1 
1 1 1 1 1 1 1 1 1 
1 1 1 1 1 1 1 1 1 
1 1 1 1 1 1 1 1 1 
1 1 1 1 1 1 1 1 1 
1 1 1 1 1 1 1 1 1 
1 1 1 1 1 1 1 1 1 
1 1 1 1 1 1 1 1 1 
1 1 1 1 1 1 1 1 1 
1 1 1 1 1 1 1 1 1 
1 1 1 1 1 1 1 1 1 
1 1 1 1 1 1 1 1 1 
1 1 1 1 1 1 1 1 1 
1 1 1 1 1 1 1 1 1 
1 1 1 1 1 1 1 1 1 
1 1 1 1 1 1 1 1 1 
1 1 1 1 1 1 1 1 1 
1 1 1 1 1 1 1 1 1 
1 1 1 1 1 1 1 1 1 
1 1 1 1 1 1 1 1 1 
1 1 1 1 1 1 1 1 1 
1 1 1 1 1 1 1 1 1 
1 1 1 1 1 1 1 1 1 
1 1 1 1 1 1 1 1 1 
1 1 1 1 1 1 1 1 1 
1 1 1 1 1 1 1 1 1 
1 1 1 1 1 1 1 1 1 
1 1 1 1 1 1 1 1 1 
1 1 1 1 1 1 1 1 1 
1 1 1 1 1 1 1 1 1 
1 1 1 1 1 1 1 1 1 
1 1 1 1 1 1 1 1 1 
1 1 1 1 1 1 1 1 1 
1 1 1 1 1 1 1 1 1 
1 1 1 1 1 1 1 1 1 
1 1 1 1 1 1 1 1 1 
1 1 1 1 1 1 1 1 1 
1 1 1 1 1 1 1 1 1 
1 1 1 1 1 1 1 1 1 
1 1 1 1 1 1 1 1 1 
1 1 1 1 1 1 1 1 1 
1 1 1 1 1 1 1 1 1 
1 1 1 1 1 1 1 1 1 
1 1 1 1 1 1 1 1 1 
1 1 1 1 1 1 1 1 1 
1 1 1 1 1 1 1 1 1 
1 1 1 1 1 1 1 1 1 
1 1 1 1 1 1 1 1 1 
1 1 1 1 1 1 1 1 1 
1 1 1 1 1 1 1 1 1 
1 1 1 1 1 1 1 1 1 
1 1 1 1 1 1 1 1 1 
1 1 1 1 1 1 1 1 1 
1 1 1 1 1 1 1 1 1 
1 1 1 1 1 1 1 1 1 
1 1 1 1 1 1 1 1 1 
1 1 1 1 1 1 1 1 1 
1 1 1 1 1 1 1 1 1 
1 1 1 1 1 1 1 1 1 
1 1 1 1 1 1 1 1 1 
1 1 1 1 1 1 1 1 1 
1 1 1 1 1 1 1 1 1 
1 1 1 1 1 1 1 1 1 
1 1 1 1 1 1 1 1 1 
1 1 1 1 1 1 1 1 1 
1 1 1 1 1 1 1 1 1 
1 1 1 1 1 1 1 1 1 
1 1 1 1 1 1 1 1 1 
1 1 1 1 1 1 1 1 1 
1 1 1 1 1 1 1 1 1 
1 1 1 1 1 1 1 1 1 
1 1 1 1 1 1 1 1 1 
1 1 1 1 1 1 1 1 1 
1 1 1 1 1 1 1 1 1 
1 1 1 1 1 1 1 1 1 
1 1 1 1 1 1 1 1 1 
1 1 1 1 1 1 1 1 1 
1 1 1 1 1 1 1 1 1 
1 1 1 1 1 1 1 1 1 
1 1 1 1 1 1 1 1 1 
1 1 1 1 1 1 1 1 1 
1 1 1 1 1 1 1 1 1 
1 1 1 1 1 1 1 1 1 
1 1 1 1 1 1 1 1 1 
1 1 1 1 1 1 1 1 1 
1 1 1 1 1 1 1 1 1 
1 1 1 1 1 1 1 1 1 
1 1 1 1 1 1 1 1 1 
1 1 1 1 1 1 1 1 1 
1 1 1 1 1 1 1 1 1 
1 1 1 1 1 1 1 1 1 
1 1 1 1 1 1 1 1 1 
1 1 1 1 1 1 1 1 1 
1 1 1 1 1 1 1 1 1 
1 1 1 1 1 1 1 1 1 
1 1 1 1 1 1 1 1 1 
1 1 1 1 1 1 1 1 1 
1 1 1 1 1 1 1 1 1 
1 1 1 1 1 1 1 1 1 
1 1 1 1 1 1 1 1 1 
1 1 1 1 1 1 1 1 1 
1 1 1 1 1 1 1 1 1 
1 1 1 1 1 1 1 1 1 
1 1 1 1 1 1 1 1 1 
1 1 1 1 1 1 1 1 1 
1 1 1 1 1 1 1 1 1 
1 1 1 1 1 1 1 1 1 
1 1 1 1 1 1 1 1 1 
1 1 1 1 1 1 1 1 1 
1 1 1 1 1 1 1 1 1 
1 1 1 1 1 1 1 1 1 
1 1 1 1 1 1 1 1 1 
1 1 1 1 1 1 1 1 1 
1 1 1 1 1 1 1 1 1 
1 1 1 1 1 1 1 1 1 
1 1 1 1 1 1 1 1 1 
1 1 1 1 1 1 1 1 1 
1 1 1 1 1 1 1 1 1 
1 1 1 1 1 1 1 1 1 
1 1 1 1 1 1 1 1 1 
1 1 1 1 1 1 1 1 1 
1 1 1 1 1 1 1 1 1 
1 1 1 1 1 1 1 1 1 
1 1 1 1 1 1 1 1 1 
1 1 1 1 1 1 1 1 1 
1 1 1 1 1 1 1 1 1 
1 1 1 1 1 1 1 1 1 
1 1 1 1 1 1 1 1 1 
1 1 1 1 1 1 1 1 1 
1 1 1 1 1 1 1 1 1 
1 1 1 1 1 1 1 1 1 
1 1 1 1 1 1 1 1 1 
1 1 1 1 1 1 1 1 1 
1 1 1 1 1 1 1 1 1 
1 1 1 1 1 1 1 1 1 
1 1 1 1 1 1 1 1 1 
1 1 1 1 1 1 1 1 1 
1 1 1 1 1 1 1 1 1 
1 1 1 1 1 1 1 1 1 
1 1 1 1 1 1 1 1 1 
1 1 1 1 1 1 1 1 1 
1 1 1 1 1 1 1 1 1 
1 1 1 1 1 1 1 1 1 
1 1 1 1 1 1 1 1 1 
1 1 1 1 1 1 1 1 1 
1 1 1 1 1 1 1 1 1 
1 1 1 1 1 1 1 1 1 
1 1 1 1 1 1 1 1 1 
1 1 1 1 1 1 1 1 1 
1 1 1 1 1 1 1 1 1 
1 1 1 1 1 1 1 1 1 
1 1 1 1 1 1 1 1 1 
1 1 1 1 1 1 1 1 1 
1 1 1 1 1 1 1 1 1 
1 1 1 1 1 1 1 1 1 
1 1 1 1 1 1 1 1 1 
1 1 1 1 1 1 1 1 1 
1 1 1 1 1 1 1 1 1 
1 1 1 1 1 1 1 1 1 
1 1 1 1 1 1 1 1 1 
1 1 1 1 1 1 1 1 1 
1 1 1 1 1 1 1 1 1 
1 1 1 1 1 1 1 1 1 
1 1 1 1 1 1 1 1 1 
1 1 1 1 1 1 1 1 1 
1 1 1 1 1 1 1 1 1 
1 1 1 1 1 1 1 1 1 
1 1 1 1 1 1 1 1 1 
1 1 1 1 1 1 1 1 1 
1 1 1 1 1 1 1 1 1 
1 1 1 1 1 1 1 1 1 
1 1 1 1 1 1 1 1 1 
1 1 1 1 1 1 1 1 1 
1 1 1 1 1 1 1 1 1 
1 1 1 1 1 1 1 1 1 
1 1 1 1 1 1 
