round,TP,TN,FP,FN,Accuracy,BalancedAccuracy,Sensitivity_Class0,Specificity_Class0,F1_Class0,Sensitivity_Class1,Specificity_Class1,F1_Class1,F1_macro,AUC
1,8,52,1,16,0.7792207792207793,0.6572327044025157,0.9811320754716981,0.3333333333333333,0.859504132231405,0.3333333333333333,0.9811320754716981,0.48484848484848486,0.6721763085399449,0.7122641509433962
2,11,51,5,10,0.8051948051948052,0.7172619047619048,0.9107142857142857,0.5238095238095238,0.8717948717948718,0.5238095238095238,0.9107142857142857,0.5945945945945946,0.7331947331947333,0.71343537414966
3,12,54,4,7,0.8571428571428571,0.7813067150635209,0.9310344827586207,0.631578947368421,0.907563025210084,0.631578947368421,0.9310344827586207,0.6857142857142857,0.7966386554621849,0.8112522686025407
4,5,56,3,13,0.7922077922077922,0.6134651600753296,0.9491525423728814,0.2777777777777778,0.875,0.2777777777777778,0.9491525423728814,0.38461538461538464,0.6298076923076923,0.7598870056497176
5,4,50,4,19,0.7012987012987013,0.5499194847020934,0.9259259259259259,0.17391304347826086,0.8130081300813008,0.17391304347826086,0.9259259259259259,0.25806451612903225,0.5355363231051665,0.7487922705314011
6,6,56,0,15,0.8051948051948052,0.6428571428571428,1.0,0.2857142857142857,0.8818897637795275,0.2857142857142857,1.0,0.4444444444444444,0.663167104111986,0.7933673469387755
7,9,51,5,12,0.7792207792207793,0.6696428571428571,0.9107142857142857,0.42857142857142855,0.8571428571428571,0.42857142857142855,0.9107142857142857,0.5142857142857142,0.6857142857142857,0.8248299319727891
8,9,52,3,13,0.7922077922077922,0.6772727272727272,0.9454545454545454,0.4090909090909091,0.8666666666666667,0.4090909090909091,0.9454545454545454,0.5294117647058824,0.6980392156862745,0.8446280991735537
9,9,51,4,13,0.7792207792207793,0.6681818181818182,0.9272727272727272,0.4090909090909091,0.8571428571428571,0.4090909090909091,0.9272727272727272,0.5142857142857142,0.6857142857142857,0.7983471074380165
10,6,59,3,9,0.8441558441558441,0.6758064516129032,0.9516129032258065,0.4,0.9076923076923077,0.4,0.9516129032258065,0.5,0.7038461538461538,0.8698924731182796
11,14,50,4,9,0.8311688311688312,0.7673107890499196,0.9259259259259259,0.6086956521739131,0.8849557522123894,0.6086956521739131,0.9259259259259259,0.6829268292682927,0.7839412907403411,0.7721417069243157
12,8,51,4,14,0.7662337662337663,0.6454545454545455,0.9272727272727272,0.36363636363636365,0.85,0.36363636363636365,0.9272727272727272,0.47058823529411764,0.6602941176470588,0.7223140495867769
13,10,56,4,7,0.8571428571428571,0.7607843137254902,0.9333333333333333,0.5882352941176471,0.9105691056910569,0.5882352941176471,0.9333333333333333,0.6451612903225806,0.7778651980068187,0.857843137254902
14,9,57,1,10,0.8571428571428571,0.7282214156079855,0.9827586206896551,0.47368421052631576,0.912,0.47368421052631576,0.9827586206896551,0.6206896551724138,0.7663448275862069,0.8148820326678766
15,7,55,5,10,0.8051948051948052,0.6642156862745098,0.9166666666666666,0.4117647058823529,0.88,0.4117647058823529,0.9166666666666666,0.4827586206896552,0.6813793103448276,0.8029411764705882
16,12,52,6,7,0.8311688311688312,0.764065335753176,0.896551724137931,0.631578947368421,0.8888888888888888,0.631578947368421,0.896551724137931,0.6486486486486487,0.7687687687687688,0.7722323049001815
17,10,53,4,10,0.8181818181818182,0.7149122807017544,0.9298245614035088,0.5,0.8833333333333333,0.5,0.9298245614035088,0.5882352941176471,0.7357843137254902,0.7035087719298245
18,13,45,7,12,0.7532467532467533,0.6926923076923077,0.8653846153846154,0.52,0.8256880733944955,0.52,0.8653846153846154,0.5777777777777777,0.7017329255861366,0.816923076923077
19,9,51,5,12,0.7792207792207793,0.6696428571428571,0.9107142857142857,0.42857142857142855,0.8571428571428571,0.42857142857142855,0.9107142857142857,0.5142857142857142,0.6857142857142857,0.8112244897959183
20,9,48,8,12,0.7402597402597403,0.6428571428571428,0.8571428571428571,0.42857142857142855,0.8275862068965517,0.42857142857142855,0.8571428571428571,0.47368421052631576,0.6506352087114338,0.8137755102040816
21,11,53,2,11,0.8311688311688312,0.7318181818181818,0.9636363636363636,0.5,0.8907563025210085,0.5,0.9636363636363636,0.6285714285714286,0.7596638655462185,0.8314049586776859
22,6,53,5,13,0.7662337662337663,0.6147912885662432,0.9137931034482759,0.3157894736842105,0.8548387096774194,0.3157894736842105,0.9137931034482759,0.4,0.6274193548387097,0.7431941923774955
23,10,56,2,9,0.8571428571428571,0.7459165154264973,0.9655172413793104,0.5263157894736842,0.9105691056910569,0.5263157894736842,0.9655172413793104,0.6451612903225806,0.7778651980068187,0.8720508166969146
24,16,55,1,5,0.922077922077922,0.8720238095238095,0.9821428571428571,0.7619047619047619,0.9482758620689655,0.7619047619047619,0.9821428571428571,0.8421052631578947,0.8951905626134301,0.8996598639455782
25,10,54,4,9,0.8311688311688312,0.7286751361161524,0.9310344827586207,0.5263157894736842,0.8925619834710744,0.5263157894736842,0.9310344827586207,0.6060606060606061,0.7493112947658402,0.8756805807622504
26,11,52,5,9,0.8181818181818182,0.731140350877193,0.9122807017543859,0.55,0.8813559322033898,0.55,0.9122807017543859,0.6111111111111112,0.7462335216572504,0.8491228070175438
27,6,57,2,12,0.8181818181818182,0.6497175141242938,0.9661016949152542,0.3333333333333333,0.890625,0.3333333333333333,0.9661016949152542,0.46153846153846156,0.6760817307692308,0.7664783427495292
28,4,54,7,12,0.7532467532467533,0.5676229508196722,0.8852459016393442,0.25,0.8503937007874016,0.25,0.8852459016393442,0.2962962962962963,0.573344998541849,0.6659836065573771
29,8,52,6,11,0.7792207792207793,0.6588021778584392,0.896551724137931,0.42105263157894735,0.859504132231405,0.42105263157894735,0.896551724137931,0.48484848484848486,0.6721763085399449,0.7858439201451906
30,6,62,1,8,0.8831168831168831,0.7063492063492063,0.9841269841269841,0.42857142857142855,0.9323308270676691,0.42857142857142855,0.9841269841269841,0.5714285714285714,0.7518796992481203,0.8934240362811791
31,10,53,3,11,0.8181818181818182,0.7113095238095237,0.9464285714285714,0.47619047619047616,0.8833333333333333,0.47619047619047616,0.9464285714285714,0.5882352941176471,0.7357843137254902,0.8605442176870748
32,15,50,3,9,0.8441558441558441,0.7841981132075472,0.9433962264150944,0.625,0.8928571428571429,0.625,0.9433962264150944,0.7142857142857143,0.8035714285714286,0.9017295597484276
33,8,46,6,17,0.7012987012987013,0.6023076923076923,0.8846153846153846,0.32,0.8,0.32,0.8846153846153846,0.41025641025641024,0.6051282051282052,0.7853846153846155
34,8,56,5,8,0.8311688311688312,0.709016393442623,0.9180327868852459,0.5,0.896,0.5,0.9180327868852459,0.5517241379310345,0.7238620689655173,0.8084016393442622
35,15,50,3,9,0.8441558441558441,0.7841981132075472,0.9433962264150944,0.625,0.8928571428571429,0.625,0.9433962264150944,0.7142857142857143,0.8035714285714286,0.8891509433962265
36,8,56,3,10,0.8311688311688312,0.6967984934086628,0.9491525423728814,0.4444444444444444,0.896,0.4444444444444444,0.9491525423728814,0.5517241379310345,0.7238620689655173,0.8531073446327684
37,10,49,6,12,0.7662337662337663,0.6727272727272727,0.8909090909090909,0.45454545454545453,0.8448275862068966,0.45454545454545453,0.8909090909090909,0.5263157894736842,0.6855716878402904,0.7429752066115703
38,6,55,3,13,0.7922077922077922,0.632032667876588,0.9482758620689655,0.3157894736842105,0.873015873015873,0.3157894736842105,0.9482758620689655,0.42857142857142855,0.6507936507936508,0.8166969147005445
39,9,52,10,6,0.7922077922077922,0.7193548387096774,0.8387096774193549,0.6,0.8666666666666667,0.6,0.8387096774193549,0.5294117647058824,0.6980392156862745,0.8032258064516129
40,11,51,4,11,0.8051948051948052,0.7136363636363636,0.9272727272727272,0.5,0.8717948717948718,0.5,0.9272727272727272,0.5945945945945946,0.7331947331947333,0.812396694214876
41,8,53,2,14,0.7922077922077922,0.6636363636363636,0.9636363636363636,0.36363636363636365,0.8688524590163934,0.36363636363636365,0.9636363636363636,0.5,0.6844262295081966,0.7090909090909091
42,11,53,8,5,0.8311688311688312,0.7781762295081966,0.8688524590163934,0.6875,0.8907563025210085,0.6875,0.8688524590163934,0.6285714285714286,0.7596638655462185,0.8842213114754098
43,8,61,2,6,0.8961038961038961,0.7698412698412698,0.9682539682539683,0.5714285714285714,0.9384615384615385,0.5714285714285714,0.9682539682539683,0.6666666666666666,0.8025641025641026,0.9399092970521542
44,16,50,3,8,0.8571428571428571,0.8050314465408805,0.9433962264150944,0.6666666666666666,0.9009009009009009,0.6666666666666666,0.9433962264150944,0.7441860465116279,0.8225434737062645,0.8632075471698113
45,10,47,9,11,0.7402597402597403,0.6577380952380952,0.8392857142857143,0.47619047619047616,0.8245614035087719,0.47619047619047616,0.8392857142857143,0.5,0.6622807017543859,0.7670068027210885
46,12,48,4,13,0.7792207792207793,0.7015384615384616,0.9230769230769231,0.48,0.8495575221238938,0.48,0.9230769230769231,0.5853658536585366,0.7174616878912152,0.7892307692307693
47,11,48,4,14,0.7662337662337663,0.6815384615384615,0.9230769230769231,0.44,0.8421052631578947,0.44,0.9230769230769231,0.55,0.6960526315789474,0.8346153846153846
48,12,45,4,16,0.7402597402597403,0.673469387755102,0.9183673469387755,0.42857142857142855,0.8181818181818182,0.42857142857142855,0.9183673469387755,0.5454545454545454,0.6818181818181819,0.793002915451895
49,9,58,5,5,0.8701298701298701,0.7817460317460317,0.9206349206349206,0.6428571428571429,0.9206349206349206,0.6428571428571429,0.9206349206349206,0.6428571428571429,0.7817460317460317,0.8866213151927438
50,10,48,1,18,0.7532467532467533,0.6683673469387755,0.9795918367346939,0.35714285714285715,0.8347826086956521,0.35714285714285715,0.9795918367346939,0.5128205128205128,0.6738015607580825,0.8790087463556852
51,7,53,5,12,0.7792207792207793,0.6411070780399274,0.9137931034482759,0.3684210526315789,0.8617886178861789,0.3684210526315789,0.9137931034482759,0.45161290322580644,0.6567007605559927,0.7849364791288566
52,9,50,5,13,0.7662337662337663,0.6590909090909091,0.9090909090909091,0.4090909090909091,0.847457627118644,0.4090909090909091,0.9090909090909091,0.5,0.673728813559322,0.7512396694214876
53,10,44,5,18,0.7012987012987013,0.6275510204081632,0.8979591836734694,0.35714285714285715,0.7927927927927928,0.35714285714285715,0.8979591836734694,0.46511627906976744,0.6289545359312801,0.674198250728863
54,11,53,0,13,0.8311688311688312,0.7291666666666666,1.0,0.4583333333333333,0.8907563025210085,0.4583333333333333,1.0,0.6285714285714286,0.7596638655462185,0.9056603773584905
55,10,54,4,9,0.8311688311688312,0.7286751361161524,0.9310344827586207,0.5263157894736842,0.8925619834710744,0.5263157894736842,0.9310344827586207,0.6060606060606061,0.7493112947658402,0.8484573502722322
56,5,57,5,10,0.8051948051948052,0.6263440860215054,0.9193548387096774,0.3333333333333333,0.8837209302325582,0.3333333333333333,0.9193548387096774,0.4,0.6418604651162791,0.7010752688172044
57,18,45,2,12,0.8181818181818182,0.7787234042553192,0.9574468085106383,0.6,0.8653846153846154,0.6,0.9574468085106383,0.72,0.7926923076923077,0.8212765957446808
58,11,53,7,6,0.8311688311688312,0.7651960784313725,0.8833333333333333,0.6470588235294118,0.8907563025210085,0.6470588235294118,0.8833333333333333,0.6285714285714286,0.7596638655462185,0.8107843137254902
59,7,52,3,15,0.7662337662337663,0.6318181818181818,0.9454545454545454,0.3181818181818182,0.8524590163934426,0.3181818181818182,0.9454545454545454,0.4375,0.6449795081967213,0.7842975206611571
60,12,45,5,15,0.7402597402597403,0.6722222222222223,0.9,0.4444444444444444,0.8181818181818182,0.4444444444444444,0.9,0.5454545454545454,0.6818181818181819,0.7977777777777778
61,8,55,2,12,0.8181818181818182,0.6824561403508772,0.9649122807017544,0.4,0.8870967741935484,0.4,0.9649122807017544,0.5333333333333333,0.7102150537634409,0.7982456140350878
62,11,43,7,16,0.7012987012987013,0.6337037037037037,0.86,0.4074074074074074,0.7889908256880734,0.4074074074074074,0.86,0.4888888888888889,0.6389398572884811,0.7962962962962963
63,10,54,2,11,0.8311688311688312,0.7202380952380952,0.9642857142857143,0.47619047619047616,0.8925619834710744,0.47619047619047616,0.9642857142857143,0.6060606060606061,0.7493112947658402,0.8656462585034014
64,14,50,3,10,0.8311688311688312,0.7633647798742138,0.9433962264150944,0.5833333333333334,0.8849557522123894,0.5833333333333334,0.9433962264150944,0.6829268292682927,0.7839412907403411,0.845125786163522
65,11,53,3,10,0.8311688311688312,0.7351190476190477,0.9464285714285714,0.5238095238095238,0.8907563025210085,0.5238095238095238,0.9464285714285714,0.6285714285714286,0.7596638655462185,0.8435374149659863
66,12,50,4,11,0.8051948051948052,0.7238325281803543,0.9259259259259259,0.5217391304347826,0.8695652173913043,0.5217391304347826,0.9259259259259259,0.6153846153846154,0.7424749163879598,0.8140096618357489
67,7,55,8,7,0.8051948051948052,0.6865079365079365,0.873015873015873,0.5,0.88,0.5,0.873015873015873,0.4827586206896552,0.6813793103448276,0.7970521541950114
68,9,59,3,6,0.8831168831168831,0.7758064516129033,0.9516129032258065,0.6,0.9291338582677166,0.6,0.9516129032258065,0.6666666666666666,0.7979002624671916,0.8118279569892473
69,11,52,4,10,0.8181818181818182,0.7261904761904763,0.9285714285714286,0.5238095238095238,0.8813559322033898,0.5238095238095238,0.9285714285714286,0.6111111111111112,0.7462335216572504,0.9030612244897959
70,9,55,1,12,0.8311688311688312,0.7053571428571428,0.9821428571428571,0.42857142857142855,0.8943089430894309,0.42857142857142855,0.9821428571428571,0.5806451612903226,0.7374770521898768,0.83078231292517
71,8,57,4,8,0.8441558441558441,0.7172131147540983,0.9344262295081968,0.5,0.9047619047619048,0.5,0.9344262295081968,0.5714285714285714,0.7380952380952381,0.8002049180327869
72,7,53,4,13,0.7792207792207793,0.6399122807017543,0.9298245614035088,0.35,0.8617886178861789,0.35,0.9298245614035088,0.45161290322580644,0.6567007605559927,0.8333333333333333
73,14,51,4,8,0.8441558441558441,0.7818181818181817,0.9272727272727272,0.6363636363636364,0.8947368421052632,0.6363636363636364,0.9272727272727272,0.7,0.7973684210526315,0.8801652892561984
74,7,51,3,16,0.7532467532467533,0.6243961352657005,0.9444444444444444,0.30434782608695654,0.8429752066115702,0.30434782608695654,0.9444444444444444,0.42424242424242425,0.6336088154269972,0.7383252818035427
75,13,48,5,11,0.7922077922077922,0.7236635220125787,0.9056603773584906,0.5416666666666666,0.8571428571428571,0.5416666666666666,0.9056603773584906,0.6190476190476191,0.7380952380952381,0.8160377358490567
76,10,53,3,11,0.8181818181818182,0.7113095238095237,0.9464285714285714,0.47619047619047616,0.8833333333333333,0.47619047619047616,0.9464285714285714,0.5882352941176471,0.7357843137254902,0.9107142857142856
77,10,44,8,15,0.7012987012987013,0.6230769230769231,0.8461538461538461,0.4,0.7927927927927928,0.4,0.8461538461538461,0.46511627906976744,0.6289545359312801,0.7338461538461538
78,8,59,2,8,0.8701298701298701,0.7336065573770492,0.9672131147540983,0.5,0.921875,0.5,0.9672131147540983,0.6153846153846154,0.7686298076923077,0.8278688524590165
79,9,53,7,8,0.8051948051948052,0.7063725490196078,0.8833333333333333,0.5294117647058824,0.8760330578512396,0.5294117647058824,0.8833333333333333,0.5454545454545454,0.7107438016528925,0.8049019607843138
80,13,52,5,7,0.8441558441558441,0.781140350877193,0.9122807017543859,0.65,0.896551724137931,0.65,0.9122807017543859,0.6842105263157895,0.7903811252268602,0.8578947368421053
81,11,53,4,9,0.8311688311688312,0.7399122807017544,0.9298245614035088,0.55,0.8907563025210085,0.55,0.9298245614035088,0.6285714285714286,0.7596638655462185,0.8754385964912281
82,9,53,5,10,0.8051948051948052,0.6937386569872959,0.9137931034482759,0.47368421052631576,0.8760330578512396,0.47368421052631576,0.9137931034482759,0.5454545454545454,0.7107438016528925,0.8611615245009074
83,13,47,4,13,0.7792207792207793,0.7107843137254901,0.9215686274509803,0.5,0.8468468468468469,0.5,0.9215686274509803,0.6046511627906976,0.7257490048187722,0.8257918552036199
84,12,49,5,11,0.7922077922077922,0.7145732689210951,0.9074074074074074,0.5217391304347826,0.8596491228070176,0.5217391304347826,0.9074074074074074,0.6,0.7298245614035088,0.820450885668277
85,14,55,2,6,0.8961038961038961,0.8324561403508772,0.9649122807017544,0.7,0.9322033898305084,0.7,0.9649122807017544,0.7777777777777778,0.8549905838041432,0.8763157894736843
86,11,45,6,15,0.7272727272727273,0.6527149321266968,0.8823529411764706,0.4230769230769231,0.8108108108108109,0.4230769230769231,0.8823529411764706,0.5116279069767442,0.6612193588937776,0.7330316742081449
87,13,48,8,8,0.7922077922077922,0.7380952380952381,0.8571428571428571,0.6190476190476191,0.8571428571428571,0.6190476190476191,0.8571428571428571,0.6190476190476191,0.7380952380952381,0.8647959183673469
88,6,53,1,17,0.7662337662337663,0.6211755233494364,0.9814814814814815,0.2608695652173913,0.8548387096774194,0.2608695652173913,0.9814814814814815,0.4,0.6274193548387097,0.8341384863123993
89,11,46,5,15,0.7402597402597403,0.6625188536953243,0.9019607843137255,0.4230769230769231,0.8214285714285714,0.4230769230769231,0.9019607843137255,0.5238095238095238,0.6726190476190477,0.8076923076923077
90,10,52,4,11,0.8051948051948052,0.7023809523809523,0.9285714285714286,0.47619047619047616,0.8739495798319328,0.47619047619047616,0.9285714285714286,0.5714285714285714,0.7226890756302521,0.842687074829932
91,10,53,2,12,0.8181818181818182,0.7090909090909091,0.9636363636363636,0.45454545454545453,0.8833333333333333,0.45454545454545453,0.9636363636363636,0.5882352941176471,0.7357843137254902,0.8314049586776859
92,12,49,5,11,0.7922077922077922,0.7145732689210951,0.9074074074074074,0.5217391304347826,0.8596491228070176,0.5217391304347826,0.9074074074074074,0.6,0.7298245614035088,0.8309178743961353
93,10,54,3,10,0.8311688311688312,0.7236842105263157,0.9473684210526315,0.5,0.8925619834710744,0.5,0.9473684210526315,0.6060606060606061,0.7493112947658402,0.8833333333333333
94,4,50,6,17,0.7012987012987013,0.5416666666666667,0.8928571428571429,0.19047619047619047,0.8130081300813008,0.19047619047619047,0.8928571428571429,0.25806451612903225,0.5355363231051665,0.7585034013605442
95,10,54,3,10,0.8311688311688312,0.7236842105263157,0.9473684210526315,0.5,0.8925619834710744,0.5,0.9473684210526315,0.6060606060606061,0.7493112947658402,0.9131578947368421
96,10,52,5,10,0.8051948051948052,0.706140350877193,0.9122807017543859,0.5,0.8739495798319328,0.5,0.9122807017543859,0.5714285714285714,0.7226890756302521,0.8026315789473684
97,6,58,3,10,0.8311688311688312,0.6629098360655737,0.9508196721311475,0.375,0.8992248062015504,0.375,0.9508196721311475,0.48,0.6896124031007752,0.8391393442622951
98,10,53,4,10,0.8181818181818182,0.7149122807017544,0.9298245614035088,0.5,0.8833333333333333,0.5,0.9298245614035088,0.5882352941176471,0.7357843137254902,0.8517543859649122
99,9,53,5,10,0.8051948051948052,0.6937386569872959,0.9137931034482759,0.47368421052631576,0.8760330578512396,0.47368421052631576,0.9137931034482759,0.5454545454545454,0.7107438016528925,0.8584392014519056
100,10,55,4,8,0.8441558441558441,0.743879472693032,0.9322033898305084,0.5555555555555556,0.9016393442622951,0.5555555555555556,0.9322033898305084,0.625,0.7633196721311475,0.7410546139359699
101,10,54,4,9,0.8311688311688312,0.7286751361161524,0.9310344827586207,0.5263157894736842,0.8925619834710744,0.5263157894736842,0.9310344827586207,0.6060606060606061,0.7493112947658402,0.779491833030853
102,17,51,3,6,0.8831168831168831,0.8417874396135265,0.9444444444444444,0.7391304347826086,0.918918918918919,0.7391304347826086,0.9444444444444444,0.7906976744186046,0.8548082966687618,0.826892109500805
103,13,46,4,14,0.7662337662337663,0.7007407407407408,0.92,0.48148148148148145,0.8363636363636363,0.48148148148148145,0.92,0.5909090909090909,0.7136363636363636,0.8422222222222222
104,14,46,5,12,0.7792207792207793,0.720211161387632,0.9019607843137255,0.5384615384615384,0.8440366972477065,0.5384615384615384,0.9019607843137255,0.6222222222222222,0.7331294597349644,0.8506787330316742
105,11,54,5,7,0.8441558441558441,0.7631826741996234,0.9152542372881356,0.6111111111111112,0.9,0.6111111111111112,0.9152542372881356,0.6470588235294118,0.7735294117647059,0.8728813559322034
106,10,46,3,18,0.7272727272727273,0.6479591836734694,0.9387755102040817,0.35714285714285715,0.8141592920353983,0.35714285714285715,0.9387755102040817,0.4878048780487805,0.6509820850420893,0.7470845481049563
107,12,48,5,12,0.7792207792207793,0.7028301886792453,0.9056603773584906,0.5,0.8495575221238938,0.5,0.9056603773584906,0.5853658536585366,0.7174616878912152,0.8050314465408804
108,15,44,7,11,0.7662337662337663,0.7198340874811463,0.8627450980392157,0.5769230769230769,0.8301886792452831,0.5769230769230769,0.8627450980392157,0.625,0.7275943396226415,0.8174962292609351
109,15,45,6,11,0.7792207792207793,0.7296380090497737,0.8823529411764706,0.5769230769230769,0.8411214953271028,0.5769230769230769,0.8823529411764706,0.6382978723404256,0.7397096838337642,0.8476621417797889
110,14,48,1,14,0.8051948051948052,0.7397959183673469,0.9795918367346939,0.5,0.8648648648648649,0.5,0.9795918367346939,0.6511627906976745,0.7580138277812697,0.7463556851311953
111,7,59,2,9,0.8571428571428571,0.7023565573770492,0.9672131147540983,0.4375,0.9147286821705426,0.4375,0.9672131147540983,0.56,0.7373643410852713,0.8012295081967212
112,14,44,3,16,0.7532467532467533,0.7014184397163121,0.9361702127659575,0.4666666666666667,0.822429906542056,0.4666666666666667,0.9361702127659575,0.5957446808510638,0.70908729369656,0.8141843971631207
113,12,54,3,8,0.8571428571428571,0.7736842105263158,0.9473684210526315,0.6,0.907563025210084,0.6,0.9473684210526315,0.6857142857142857,0.7966386554621849,0.9070175438596492
114,13,47,6,11,0.7792207792207793,0.7142295597484276,0.8867924528301887,0.5416666666666666,0.8468468468468469,0.5416666666666666,0.8867924528301887,0.6046511627906976,0.7257490048187722,0.7900943396226415
115,10,45,6,16,0.7142857142857143,0.6334841628959276,0.8823529411764706,0.38461538461538464,0.8035714285714286,0.38461538461538464,0.8823529411764706,0.47619047619047616,0.6398809523809523,0.8092006033182504
116,8,55,4,10,0.8181818181818182,0.6883239171374764,0.9322033898305084,0.4444444444444444,0.8870967741935484,0.4444444444444444,0.9322033898305084,0.5333333333333333,0.7102150537634409,0.8502824858757062
117,8,50,4,15,0.7532467532467533,0.6368760064412238,0.9259259259259259,0.34782608695652173,0.8403361344537815,0.34782608695652173,0.9259259259259259,0.45714285714285713,0.6487394957983194,0.8293075684380032
118,10,51,2,14,0.7922077922077922,0.6894654088050315,0.9622641509433962,0.4166666666666667,0.864406779661017,0.4166666666666667,0.9622641509433962,0.5555555555555556,0.7099811676082863,0.8852201257861635
119,13,54,4,6,0.8701298701298701,0.8076225045372051,0.9310344827586207,0.6842105263157895,0.9152542372881356,0.6842105263157895,0.9310344827586207,0.7222222222222222,0.8187382297551788,0.8357531760435571
120,8,53,6,10,0.7922077922077922,0.6713747645951036,0.8983050847457628,0.4444444444444444,0.8688524590163934,0.4444444444444444,0.8983050847457628,0.5,0.6844262295081966,0.8935969868173257
121,13,49,2,13,0.8051948051948052,0.7303921568627452,0.9607843137254902,0.5,0.8672566371681416,0.5,0.9607843137254902,0.6341463414634146,0.7507014893157782,0.8453996983408748
122,14,47,4,12,0.7922077922077922,0.7300150829562594,0.9215686274509803,0.5384615384615384,0.8545454545454545,0.5384615384615384,0.9215686274509803,0.6363636363636364,0.7454545454545454,0.8009049773755657
123,11,49,4,13,0.7792207792207793,0.6914308176100629,0.9245283018867925,0.4583333333333333,0.8521739130434782,0.4583333333333333,0.9245283018867925,0.5641025641025641,0.7081382385730212,0.7665094339622641
124,8,55,7,7,0.8181818181818182,0.7102150537634409,0.8870967741935484,0.5333333333333333,0.8870967741935484,0.5333333333333333,0.8870967741935484,0.5333333333333333,0.7102150537634409,0.7731182795698925
125,9,58,3,7,0.8701298701298701,0.7566598360655737,0.9508196721311475,0.5625,0.9206349206349206,0.5625,0.9508196721311475,0.6428571428571429,0.7817460317460317,0.8165983606557377
126,6,52,7,12,0.7532467532467533,0.6073446327683616,0.8813559322033898,0.3333333333333333,0.8455284552845529,0.3333333333333333,0.8813559322033898,0.3870967741935484,0.6163126147390506,0.7401129943502825
127,20,38,4,15,0.7532467532467533,0.7380952380952381,0.9047619047619048,0.5714285714285714,0.8,0.5714285714285714,0.9047619047619048,0.6779661016949152,0.7389830508474576,0.8408163265306122
128,12,50,3,12,0.8051948051948052,0.7216981132075472,0.9433962264150944,0.5,0.8695652173913043,0.5,0.9433962264150944,0.6153846153846154,0.7424749163879598,0.7822327044025157
129,9,51,5,12,0.7792207792207793,0.6696428571428571,0.9107142857142857,0.42857142857142855,0.8571428571428571,0.42857142857142855,0.9107142857142857,0.5142857142857142,0.6857142857142857,0.804421768707483
130,8,52,4,13,0.7792207792207793,0.6547619047619048,0.9285714285714286,0.38095238095238093,0.859504132231405,0.38095238095238093,0.9285714285714286,0.48484848484848486,0.6721763085399449,0.8078231292517007
131,12,49,5,11,0.7922077922077922,0.7145732689210951,0.9074074074074074,0.5217391304347826,0.8596491228070176,0.5217391304347826,0.9074074074074074,0.6,0.7298245614035088,0.8405797101449275
132,10,54,6,7,0.8311688311688312,0.7441176470588236,0.9,0.5882352941176471,0.8925619834710744,0.5882352941176471,0.9,0.6060606060606061,0.7493112947658402,0.8794117647058823
133,9,61,0,7,0.9090909090909091,0.78125,1.0,0.5625,0.9457364341085271,0.5625,1.0,0.72,0.8328682170542636,0.9108606557377049
134,11,52,6,8,0.8181818181818182,0.7377495462794919,0.896551724137931,0.5789473684210527,0.8813559322033898,0.5789473684210527,0.896551724137931,0.6111111111111112,0.7462335216572504,0.8575317604355717
135,9,52,4,12,0.7922077922077922,0.6785714285714286,0.9285714285714286,0.42857142857142855,0.8666666666666667,0.42857142857142855,0.9285714285714286,0.5294117647058824,0.6980392156862745,0.8809523809523808
136,7,56,2,12,0.8181818181818182,0.6669691470054446,0.9655172413793104,0.3684210526315789,0.8888888888888888,0.3684210526315789,0.9655172413793104,0.5,0.6944444444444444,0.8185117967332123
137,14,48,4,11,0.8051948051948052,0.7415384615384616,0.9230769230769231,0.56,0.8648648648648649,0.56,0.9230769230769231,0.6511627906976745,0.7580138277812697,0.823076923076923
138,6,58,3,10,0.8311688311688312,0.6629098360655737,0.9508196721311475,0.375,0.8992248062015504,0.375,0.9508196721311475,0.48,0.6896124031007752,0.889344262295082
139,14,52,3,8,0.8571428571428571,0.7909090909090909,0.9454545454545454,0.6363636363636364,0.9043478260869565,0.6363636363636364,0.9454545454545454,0.717948717948718,0.8111482720178372,0.8611570247933884
140,6,61,1,9,0.8701298701298701,0.6919354838709677,0.9838709677419355,0.4,0.9242424242424242,0.4,0.9838709677419355,0.5454545454545454,0.7348484848484849,0.8419354838709677
141,13,49,6,9,0.8051948051948052,0.740909090909091,0.8909090909090909,0.5909090909090909,0.8672566371681416,0.5909090909090909,0.8909090909090909,0.6341463414634146,0.7507014893157782,0.8297520661157025
142,6,58,1,12,0.8311688311688312,0.6581920903954802,0.9830508474576272,0.3333333333333333,0.8992248062015504,0.3333333333333333,0.9830508474576272,0.48,0.6896124031007752,0.7514124293785309
143,10,50,4,13,0.7792207792207793,0.6803542673107891,0.9259259259259259,0.43478260869565216,0.8547008547008547,0.43478260869565216,0.9259259259259259,0.5405405405405406,0.6976206976206976,0.8349436392914654
144,7,49,7,14,0.7272727272727273,0.6041666666666666,0.875,0.3333333333333333,0.8235294117647058,0.3333333333333333,0.875,0.4,0.611764705882353,0.689625850340136
145,8,55,6,8,0.8181818181818182,0.7008196721311475,0.9016393442622951,0.5,0.8870967741935484,0.5,0.9016393442622951,0.5333333333333333,0.7102150537634409,0.7694672131147542
146,9,55,5,8,0.8311688311688312,0.7230392156862745,0.9166666666666666,0.5294117647058824,0.8943089430894309,0.5294117647058824,0.9166666666666666,0.5806451612903226,0.7374770521898768,0.7568627450980392
147,15,52,2,8,0.8701298701298701,0.8075684380032206,0.9629629629629629,0.6521739130434783,0.9122807017543859,0.6521739130434783,0.9629629629629629,0.75,0.831140350877193,0.893719806763285
148,8,61,1,7,0.8961038961038961,0.7586021505376344,0.9838709677419355,0.5333333333333333,0.9384615384615385,0.5333333333333333,0.9838709677419355,0.6666666666666666,0.8025641025641026,0.8731182795698925
149,9,55,0,13,0.8311688311688312,0.7045454545454546,1.0,0.4090909090909091,0.8943089430894309,0.4090909090909091,1.0,0.5806451612903226,0.7374770521898768,0.8545454545454546
150,10,46,3,18,0.7272727272727273,0.6479591836734694,0.9387755102040817,0.35714285714285715,0.8141592920353983,0.35714285714285715,0.9387755102040817,0.4878048780487805,0.6509820850420893,0.8228862973760933
151,5,55,3,14,0.7792207792207793,0.6057168784029038,0.9482758620689655,0.2631578947368421,0.8661417322834646,0.2631578947368421,0.9482758620689655,0.37037037037037035,0.6182560513269175,0.6388384754990925
152,7,60,3,7,0.8701298701298701,0.7261904761904762,0.9523809523809523,0.5,0.9230769230769231,0.5,0.9523809523809523,0.5833333333333334,0.7532051282051282,0.8129251700680272
153,19,41,5,12,0.7792207792207793,0.7521037868162692,0.8913043478260869,0.6129032258064516,0.8282828282828283,0.6129032258064516,0.8913043478260869,0.6909090909090909,0.7595959595959596,0.8366058906030855
154,9,51,1,16,0.7792207792207793,0.6703846153846154,0.9807692307692307,0.36,0.8571428571428571,0.36,0.9807692307692307,0.5142857142857142,0.6857142857142857,0.8461538461538461
155,15,51,0,11,0.8571428571428571,0.7884615384615384,1.0,0.5769230769230769,0.9026548672566371,0.5769230769230769,1.0,0.7317073170731707,0.8171810921649039,0.8974358974358975
156,8,54,4,11,0.8051948051948052,0.676043557168784,0.9310344827586207,0.42105263157894735,0.8780487804878049,0.42105263157894735,0.9310344827586207,0.5161290322580645,0.6970889063729346,0.8139745916515426
157,12,51,6,8,0.8181818181818182,0.7473684210526316,0.8947368421052632,0.6,0.8793103448275862,0.6,0.8947368421052632,0.631578947368421,0.7554446460980035,0.8640350877192983
158,8,60,2,7,0.8831168831168831,0.7505376344086021,0.967741935483871,0.5333333333333333,0.9302325581395349,0.5333333333333333,0.967741935483871,0.64,0.7851162790697674,0.7591397849462366
159,8,59,3,7,0.8701298701298701,0.7424731182795699,0.9516129032258065,0.5333333333333333,0.921875,0.5333333333333333,0.9516129032258065,0.6153846153846154,0.7686298076923077,0.8236559139784947
160,11,52,3,11,0.8181818181818182,0.7227272727272727,0.9454545454545454,0.5,0.8813559322033898,0.5,0.9454545454545454,0.6111111111111112,0.7462335216572504,0.7818181818181819
161,6,52,6,13,0.7532467532467533,0.6061705989110708,0.896551724137931,0.3157894736842105,0.8455284552845529,0.3157894736842105,0.896551724137931,0.3870967741935484,0.6163126147390506,0.7676950998185118
162,8,55,3,11,0.8181818181818182,0.6846642468239564,0.9482758620689655,0.42105263157894735,0.8870967741935484,0.42105263157894735,0.9482758620689655,0.5333333333333333,0.7102150537634409,0.8166969147005445
163,10,57,5,5,0.8701298701298701,0.793010752688172,0.9193548387096774,0.6666666666666666,0.9193548387096774,0.6666666666666666,0.9193548387096774,0.6666666666666666,0.793010752688172,0.8817204301075269
164,10,57,5,5,0.8701298701298701,0.793010752688172,0.9193548387096774,0.6666666666666666,0.9193548387096774,0.6666666666666666,0.9193548387096774,0.6666666666666666,0.793010752688172,0.9430107526881721
165,12,50,1,14,0.8051948051948052,0.7209653092006033,0.9803921568627451,0.46153846153846156,0.8695652173913043,0.46153846153846156,0.9803921568627451,0.6153846153846154,0.7424749163879598,0.8288084464555052
166,11,56,3,7,0.8701298701298701,0.7801318267419963,0.9491525423728814,0.6111111111111112,0.9180327868852459,0.6111111111111112,0.9491525423728814,0.6875,0.802766393442623,0.9331450094161958
167,13,50,4,10,0.8181818181818182,0.7455716586151369,0.9259259259259259,0.5652173913043478,0.8771929824561403,0.5652173913043478,0.9259259259259259,0.65,0.7635964912280702,0.8695652173913044
168,5,50,6,16,0.7142857142857143,0.5654761904761905,0.8928571428571429,0.23809523809523808,0.819672131147541,0.23809523809523808,0.8928571428571429,0.3125,0.5660860655737705,0.6590136054421769
169,12,46,5,14,0.7532467532467533,0.6817496229260935,0.9019607843137255,0.46153846153846156,0.8288288288288288,0.46153846153846156,0.9019607843137255,0.5581395348837209,0.6934841818562749,0.8401206636500754
170,9,56,5,7,0.8441558441558441,0.740266393442623,0.9180327868852459,0.5625,0.9032258064516129,0.5625,0.9180327868852459,0.6,0.7516129032258064,0.9190573770491803
171,11,54,3,9,0.8441558441558441,0.7486842105263158,0.9473684210526315,0.55,0.9,0.55,0.9473684210526315,0.6470588235294118,0.7735294117647059,0.8210526315789474
172,12,47,3,15,0.7662337662337663,0.6922222222222222,0.94,0.4444444444444444,0.8392857142857143,0.4444444444444444,0.94,0.5714285714285714,0.7053571428571428,0.8192592592592592
173,8,54,3,12,0.8051948051948052,0.6736842105263158,0.9473684210526315,0.4,0.8780487804878049,0.4,0.9473684210526315,0.5161290322580645,0.6970889063729346,0.849122807017544
174,11,52,0,14,0.8181818181818182,0.72,1.0,0.44,0.8813559322033898,0.44,1.0,0.6111111111111112,0.7462335216572504,0.8615384615384616
175,9,54,4,10,0.8181818181818182,0.7023593466424682,0.9310344827586207,0.47368421052631576,0.8852459016393442,0.47368421052631576,0.9310344827586207,0.5625,0.7238729508196722,0.8303085299455535
176,9,56,3,9,0.8441558441558441,0.7245762711864407,0.9491525423728814,0.5,0.9032258064516129,0.5,0.9491525423728814,0.6,0.7516129032258064,0.8173258003766478
177,4,60,1,12,0.8311688311688312,0.6168032786885246,0.9836065573770492,0.25,0.9022556390977443,0.25,0.9836065573770492,0.38095238095238093,0.6416040100250626,0.7807377049180328
178,7,56,4,10,0.8181818181818182,0.6725490196078432,0.9333333333333333,0.4117647058823529,0.8888888888888888,0.4117647058823529,0.9333333333333333,0.5,0.6944444444444444,0.8617647058823529
179,10,46,6,15,0.7272727272727273,0.6423076923076922,0.8846153846153846,0.4,0.8141592920353983,0.4,0.8846153846153846,0.4878048780487805,0.6509820850420893,0.7915384615384615
180,10,55,3,9,0.8441558441558441,0.7372958257713249,0.9482758620689655,0.5263157894736842,0.9016393442622951,0.5263157894736842,0.9482758620689655,0.625,0.7633196721311475,0.823049001814882
181,7,61,1,8,0.8831168831168831,0.7252688172043011,0.9838709677419355,0.4666666666666667,0.9312977099236641,0.4666666666666667,0.9838709677419355,0.6086956521739131,0.7699966810487886,0.849462365591398
182,7,56,2,12,0.8181818181818182,0.6669691470054446,0.9655172413793104,0.3684210526315789,0.8888888888888888,0.3684210526315789,0.9655172413793104,0.5,0.6944444444444444,0.7967332123411979
183,10,54,2,11,0.8311688311688312,0.7202380952380952,0.9642857142857143,0.47619047619047616,0.8925619834710744,0.47619047619047616,0.9642857142857143,0.6060606060606061,0.7493112947658402,0.8069727891156462
184,11,52,2,12,0.8181818181818182,0.7206119162640902,0.9629629629629629,0.4782608695652174,0.8813559322033898,0.4782608695652174,0.9629629629629629,0.6111111111111112,0.7462335216572504,0.8993558776167472
185,9,54,5,9,0.8181818181818182,0.7076271186440678,0.9152542372881356,0.5,0.8852459016393442,0.5,0.9152542372881356,0.5625,0.7238729508196722,0.763653483992467
186,7,55,2,13,0.8051948051948052,0.6574561403508772,0.9649122807017544,0.35,0.88,0.35,0.9649122807017544,0.4827586206896552,0.6813793103448276,0.8114035087719299
187,9,55,3,10,0.8311688311688312,0.7109800362976406,0.9482758620689655,0.47368421052631576,0.8943089430894309,0.47368421052631576,0.9482758620689655,0.5806451612903226,0.7374770521898768,0.8030852994555354
188,11,46,3,17,0.7402597402597403,0.6658163265306123,0.9387755102040817,0.39285714285714285,0.8214285714285714,0.39285714285714285,0.9387755102040817,0.5238095238095238,0.6726190476190477,0.8185131195335278
189,5,59,0,13,0.8311688311688312,0.6388888888888888,1.0,0.2777777777777778,0.9007633587786259,0.2777777777777778,1.0,0.43478260869565216,0.667772983737139,0.731638418079096
190,6,55,4,12,0.7922077922077922,0.6327683615819208,0.9322033898305084,0.3333333333333333,0.873015873015873,0.3333333333333333,0.9322033898305084,0.42857142857142855,0.6507936507936508,0.6393596986817325
191,8,54,2,13,0.8051948051948052,0.6726190476190477,0.9642857142857143,0.38095238095238093,0.8780487804878049,0.38095238095238093,0.9642857142857143,0.5161290322580645,0.6970889063729346,0.8537414965986394
192,10,45,4,18,0.7142857142857143,0.6377551020408163,0.9183673469387755,0.35714285714285715,0.8035714285714286,0.35714285714285715,0.9183673469387755,0.47619047619047616,0.6398809523809523,0.7529154518950437
193,8,53,2,14,0.7922077922077922,0.6636363636363636,0.9636363636363636,0.36363636363636365,0.8688524590163934,0.36363636363636365,0.9636363636363636,0.5,0.6844262295081966,0.856198347107438
194,14,52,3,8,0.8571428571428571,0.7909090909090909,0.9454545454545454,0.6363636363636364,0.9043478260869565,0.6363636363636364,0.9454545454545454,0.717948717948718,0.8111482720178372,0.8884297520661157
195,9,49,4,15,0.7532467532467533,0.6497641509433962,0.9245283018867925,0.375,0.8376068376068376,0.375,0.9245283018867925,0.4864864864864865,0.6620466620466621,0.7845911949685535
196,8,52,3,14,0.7792207792207793,0.6545454545454545,0.9454545454545454,0.36363636363636365,0.859504132231405,0.36363636363636365,0.9454545454545454,0.48484848484848486,0.6721763085399449,0.7553719008264463
197,8,52,5,12,0.7792207792207793,0.656140350877193,0.9122807017543859,0.4,0.859504132231405,0.4,0.9122807017543859,0.48484848484848486,0.6721763085399449,0.8552631578947368
198,7,58,5,7,0.8441558441558441,0.7103174603174602,0.9206349206349206,0.5,0.90625,0.5,0.9206349206349206,0.5384615384615384,0.7223557692307692,0.8526077097505669
199,12,54,3,8,0.8571428571428571,0.7736842105263158,0.9473684210526315,0.6,0.907563025210084,0.6,0.9473684210526315,0.6857142857142857,0.7966386554621849,0.900877192982456
200,10,47,5,15,0.7402597402597403,0.6519230769230769,0.9038461538461539,0.4,0.8245614035087719,0.4,0.9038461538461539,0.5,0.6622807017543859,0.8007692307692308
201,6,57,6,8,0.8181818181818182,0.6666666666666666,0.9047619047619048,0.42857142857142855,0.890625,0.42857142857142855,0.9047619047619048,0.46153846153846156,0.6760817307692308,0.8854875283446713
202,11,51,2,13,0.8051948051948052,0.7102987421383647,0.9622641509433962,0.4583333333333333,0.8717948717948718,0.4583333333333333,0.9622641509433962,0.5945945945945946,0.7331947331947333,0.9150943396226415
203,9,54,2,12,0.8181818181818182,0.6964285714285714,0.9642857142857143,0.42857142857142855,0.8852459016393442,0.42857142857142855,0.9642857142857143,0.5625,0.7238729508196722,0.7627551020408163
204,6,59,1,11,0.8441558441558441,0.6681372549019607,0.9833333333333333,0.35294117647058826,0.9076923076923077,0.35294117647058826,0.9833333333333333,0.5,0.7038461538461538,0.8274509803921569
205,4,53,5,15,0.7402597402597403,0.5621597096188748,0.9137931034482759,0.21052631578947367,0.8412698412698413,0.21052631578947367,0.9137931034482759,0.2857142857142857,0.5634920634920635,0.8185117967332123
206,11,51,2,13,0.8051948051948052,0.7102987421383647,0.9622641509433962,0.4583333333333333,0.8717948717948718,0.4583333333333333,0.9622641509433962,0.5945945945945946,0.7331947331947333,0.845125786163522
207,13,52,1,11,0.8441558441558441,0.7613993710691824,0.9811320754716981,0.5416666666666666,0.896551724137931,0.5416666666666666,0.9811320754716981,0.6842105263157895,0.7903811252268602,0.889937106918239
208,10,55,8,4,0.8441558441558441,0.7936507936507937,0.873015873015873,0.7142857142857143,0.9016393442622951,0.7142857142857143,0.873015873015873,0.625,0.7633196721311475,0.8582766439909296
209,11,50,5,11,0.7922077922077922,0.7045454545454546,0.9090909090909091,0.5,0.8620689655172413,0.5,0.9090909090909091,0.5789473684210527,0.720508166969147,0.8041322314049588
210,11,44,7,15,0.7142857142857143,0.6429110105580694,0.8627450980392157,0.4230769230769231,0.8,0.4230769230769231,0.8627450980392157,0.5,0.65,0.7993966817496229
211,10,55,4,8,0.8441558441558441,0.743879472693032,0.9322033898305084,0.5555555555555556,0.9016393442622951,0.5555555555555556,0.9322033898305084,0.625,0.7633196721311475,0.8370998116760828
212,10,48,4,15,0.7532467532467533,0.6615384615384616,0.9230769230769231,0.4,0.8347826086956521,0.4,0.9230769230769231,0.5128205128205128,0.6738015607580825,0.78
213,9,51,3,14,0.7792207792207793,0.6678743961352657,0.9444444444444444,0.391304347826087,0.8571428571428571,0.391304347826087,0.9444444444444444,0.5142857142857142,0.6857142857142857,0.7946859903381642
214,9,52,5,11,0.7922077922077922,0.6811403508771929,0.9122807017543859,0.45,0.8666666666666667,0.45,0.9122807017543859,0.5294117647058824,0.6980392156862745,0.7789473684210526
215,11,54,3,9,0.8441558441558441,0.7486842105263158,0.9473684210526315,0.55,0.9,0.55,0.9473684210526315,0.6470588235294118,0.7735294117647059,0.8438596491228071
216,7,55,4,11,0.8051948051948052,0.6605461393596986,0.9322033898305084,0.3888888888888889,0.88,0.3888888888888889,0.9322033898305084,0.4827586206896552,0.6813793103448276,0.7796610169491525
217,6,58,4,9,0.8311688311688312,0.667741935483871,0.9354838709677419,0.4,0.8992248062015504,0.4,0.9354838709677419,0.48,0.6896124031007752,0.7397849462365592
218,11,45,6,15,0.7272727272727273,0.6527149321266968,0.8823529411764706,0.4230769230769231,0.8108108108108109,0.4230769230769231,0.8823529411764706,0.5116279069767442,0.6612193588937776,0.7918552036199096
219,8,53,7,9,0.7922077922077922,0.6769607843137255,0.8833333333333333,0.47058823529411764,0.8688524590163934,0.47058823529411764,0.8833333333333333,0.5,0.6844262295081966,0.7999999999999999
220,9,48,4,16,0.7402597402597403,0.6415384615384616,0.9230769230769231,0.36,0.8275862068965517,0.36,0.9230769230769231,0.47368421052631576,0.6506352087114338,0.8438461538461538
221,8,54,4,11,0.8051948051948052,0.676043557168784,0.9310344827586207,0.42105263157894735,0.8780487804878049,0.42105263157894735,0.9310344827586207,0.5161290322580645,0.6970889063729346,0.8430127041742286
222,9,55,4,9,0.8311688311688312,0.7161016949152542,0.9322033898305084,0.5,0.8943089430894309,0.5,0.9322033898305084,0.5806451612903226,0.7374770521898768,0.8502824858757062
223,10,60,2,5,0.9090909090909091,0.8172043010752688,0.967741935483871,0.6666666666666666,0.9448818897637795,0.6666666666666666,0.967741935483871,0.7407407407407407,0.84281131525226,0.910752688172043
224,17,45,7,8,0.8051948051948052,0.7726923076923078,0.8653846153846154,0.68,0.8571428571428571,0.68,0.8653846153846154,0.6938775510204082,0.7755102040816326,0.8292307692307693
225,9,55,2,11,0.8311688311688312,0.7074561403508772,0.9649122807017544,0.45,0.8943089430894309,0.45,0.9649122807017544,0.5806451612903226,0.7374770521898768,0.8526315789473684
226,11,49,5,12,0.7792207792207793,0.6928341384863124,0.9074074074074074,0.4782608695652174,0.8521739130434782,0.4782608695652174,0.9074074074074074,0.5641025641025641,0.7081382385730212,0.7809983896940419
227,12,50,2,13,0.8051948051948052,0.7207692307692308,0.9615384615384616,0.48,0.8695652173913043,0.48,0.9615384615384616,0.6153846153846154,0.7424749163879598,0.8546153846153847
228,8,48,9,12,0.7272727272727273,0.6210526315789473,0.8421052631578947,0.4,0.8205128205128205,0.4,0.8421052631578947,0.43243243243243246,0.6264726264726265,0.7289473684210526
229,14,45,5,13,0.7662337662337663,0.7092592592592593,0.9,0.5185185185185185,0.8333333333333334,0.5185185185185185,0.9,0.6086956521739131,0.7210144927536233,0.7725925925925926
230,11,52,1,13,0.8181818181818182,0.7197327044025157,0.9811320754716981,0.4583333333333333,0.8813559322033898,0.4583333333333333,0.9811320754716981,0.6111111111111112,0.7462335216572504,0.8317610062893082
231,15,43,1,18,0.7532467532467533,0.7159090909090909,0.9772727272727273,0.45454545454545453,0.819047619047619,0.45454545454545453,0.9772727272727273,0.6122448979591837,0.7156462585034014,0.831267217630854
232,16,48,2,11,0.8311688311688312,0.7762962962962963,0.96,0.5925925925925926,0.8807339449541285,0.5925925925925926,0.96,0.7111111111111111,0.7959225280326199,0.8592592592592592
233,9,53,5,10,0.8051948051948052,0.6937386569872959,0.9137931034482759,0.47368421052631576,0.8760330578512396,0.47368421052631576,0.9137931034482759,0.5454545454545454,0.7107438016528925,0.8275862068965517
234,11,54,1,11,0.8441558441558441,0.740909090909091,0.9818181818181818,0.5,0.9,0.5,0.9818181818181818,0.6470588235294118,0.7735294117647059,0.8413223140495868
235,10,48,2,17,0.7532467532467533,0.6651851851851851,0.96,0.37037037037037035,0.8347826086956521,0.37037037037037035,0.96,0.5128205128205128,0.6738015607580825,0.8377777777777777
236,6,51,6,14,0.7402597402597403,0.5973684210526315,0.8947368421052632,0.3,0.8360655737704918,0.3,0.8947368421052632,0.375,0.6055327868852459,0.7719298245614035
237,8,54,2,13,0.8051948051948052,0.6726190476190477,0.9642857142857143,0.38095238095238093,0.8780487804878049,0.38095238095238093,0.9642857142857143,0.5161290322580645,0.6970889063729346,0.8656462585034014
238,15,47,6,9,0.8051948051948052,0.7558962264150944,0.8867924528301887,0.625,0.8623853211009175,0.625,0.8867924528301887,0.6666666666666666,0.764525993883792,0.8797169811320755
239,11,52,4,10,0.8181818181818182,0.7261904761904763,0.9285714285714286,0.5238095238095238,0.8813559322033898,0.5238095238095238,0.9285714285714286,0.6111111111111112,0.7462335216572504,0.8078231292517007
240,5,52,5,15,0.7402597402597403,0.581140350877193,0.9122807017543859,0.25,0.8387096774193549,0.25,0.9122807017543859,0.3333333333333333,0.5860215053763441,0.7517543859649122
241,12,52,3,10,0.8311688311688312,0.7454545454545454,0.9454545454545454,0.5454545454545454,0.8888888888888888,0.5454545454545454,0.9454545454545454,0.6486486486486487,0.7687687687687688,0.8057851239669422
242,8,58,2,9,0.8571428571428571,0.7186274509803922,0.9666666666666667,0.47058823529411764,0.9133858267716536,0.47058823529411764,0.9666666666666667,0.5925925925925926,0.7529892096821231,0.8627450980392157
243,13,49,4,11,0.8051948051948052,0.7330974842767295,0.9245283018867925,0.5416666666666666,0.8672566371681416,0.5416666666666666,0.9245283018867925,0.6341463414634146,0.7507014893157782,0.8726415094339622
244,9,50,3,15,0.7662337662337663,0.6591981132075472,0.9433962264150944,0.375,0.847457627118644,0.375,0.9433962264150944,0.5,0.673728813559322,0.809748427672956
245,10,54,6,7,0.8311688311688312,0.7441176470588236,0.9,0.5882352941176471,0.8925619834710744,0.5882352941176471,0.9,0.6060606060606061,0.7493112947658402,0.8911764705882352
246,10,52,2,13,0.8051948051948052,0.6988727858293076,0.9629629629629629,0.43478260869565216,0.8739495798319328,0.43478260869565216,0.9629629629629629,0.5714285714285714,0.7226890756302521,0.8349436392914654
247,10,55,4,8,0.8441558441558441,0.743879472693032,0.9322033898305084,0.5555555555555556,0.9016393442622951,0.5555555555555556,0.9322033898305084,0.625,0.7633196721311475,0.8427495291902072
248,9,53,5,10,0.8051948051948052,0.6937386569872959,0.9137931034482759,0.47368421052631576,0.8760330578512396,0.47368421052631576,0.9137931034482759,0.5454545454545454,0.7107438016528925,0.7858439201451906
249,9,49,3,16,0.7532467532467533,0.6511538461538462,0.9423076923076923,0.36,0.8376068376068376,0.36,0.9423076923076923,0.4864864864864865,0.6620466620466621,0.7723076923076924
250,3,61,2,11,0.8311688311688312,0.5912698412698413,0.9682539682539683,0.21428571428571427,0.9037037037037037,0.21428571428571427,0.9682539682539683,0.3157894736842105,0.609746588693957,0.8163265306122449
251,11,52,6,8,0.8181818181818182,0.7377495462794919,0.896551724137931,0.5789473684210527,0.8813559322033898,0.5789473684210527,0.896551724137931,0.6111111111111112,0.7462335216572504,0.8892921960072595
252,5,52,3,17,0.7402597402597403,0.5863636363636363,0.9454545454545454,0.22727272727272727,0.8387096774193549,0.22727272727272727,0.9454545454545454,0.3333333333333333,0.5860215053763441,0.78099173553719
253,10,52,6,9,0.8051948051948052,0.7114337568058076,0.896551724137931,0.5263157894736842,0.8739495798319328,0.5263157894736842,0.896551724137931,0.5714285714285714,0.7226890756302521,0.7568058076225046
254,13,47,6,11,0.7792207792207793,0.7142295597484276,0.8867924528301887,0.5416666666666666,0.8468468468468469,0.5416666666666666,0.8867924528301887,0.6046511627906976,0.7257490048187722,0.8231132075471699
255,13,51,6,7,0.8311688311688312,0.7723684210526316,0.8947368421052632,0.65,0.8869565217391304,0.65,0.8947368421052632,0.6666666666666666,0.7768115942028986,0.8947368421052632
256,10,49,5,13,0.7662337662337663,0.6710950080515298,0.9074074074074074,0.43478260869565216,0.8448275862068966,0.43478260869565216,0.9074074074074074,0.5263157894736842,0.6855716878402904,0.7616747181964573
257,12,46,4,15,0.7532467532467533,0.6822222222222223,0.92,0.4444444444444444,0.8288288288288288,0.4444444444444444,0.92,0.5581395348837209,0.6934841818562749,0.7792592592592593
258,8,54,6,9,0.8051948051948052,0.6852941176470588,0.9,0.47058823529411764,0.8780487804878049,0.47058823529411764,0.9,0.5161290322580645,0.6970889063729346,0.8127450980392158
259,12,46,5,14,0.7532467532467533,0.6817496229260935,0.9019607843137255,0.46153846153846156,0.8288288288288288,0.46153846153846156,0.9019607843137255,0.5581395348837209,0.6934841818562749,0.8469079939668175
260,10,55,7,5,0.8441558441558441,0.7768817204301075,0.8870967741935484,0.6666666666666666,0.9016393442622951,0.6666666666666666,0.8870967741935484,0.625,0.7633196721311475,0.8956989247311827
261,15,44,8,10,0.7662337662337663,0.7230769230769231,0.8461538461538461,0.6,0.8301886792452831,0.6,0.8461538461538461,0.625,0.7275943396226415,0.8315384615384614
262,15,49,2,11,0.8311688311688312,0.7688536953242835,0.9607843137254902,0.5769230769230769,0.8828828828828829,0.5769230769230769,0.9607843137254902,0.6976744186046512,0.790278650743767,0.8529411764705882
263,9,57,2,9,0.8571428571428571,0.7330508474576272,0.9661016949152542,0.5,0.912,0.5,0.9661016949152542,0.6206896551724138,0.7663448275862069,0.8229755178907722
264,10,48,6,13,0.7532467532467533,0.6618357487922705,0.8888888888888888,0.43478260869565216,0.8347826086956521,0.43478260869565216,0.8888888888888888,0.5128205128205128,0.6738015607580825,0.8478260869565217
265,5,53,2,17,0.7532467532467533,0.5954545454545455,0.9636363636363636,0.22727272727272727,0.848,0.22727272727272727,0.9636363636363636,0.3448275862068966,0.5964137931034483,0.8314049586776859
266,15,51,7,4,0.8571428571428571,0.8343920145190562,0.8793103448275862,0.7894736842105263,0.9026548672566371,0.7894736842105263,0.8793103448275862,0.7317073170731707,0.8171810921649039,0.9001814882032667
267,9,58,3,7,0.8701298701298701,0.7566598360655737,0.9508196721311475,0.5625,0.9206349206349206,0.5625,0.9508196721311475,0.6428571428571429,0.7817460317460317,0.82172131147541
268,15,43,4,15,0.7532467532467533,0.7074468085106382,0.9148936170212766,0.5,0.819047619047619,0.5,0.9148936170212766,0.6122448979591837,0.7156462585034014,0.8177304964539007
269,6,56,5,10,0.8051948051948052,0.646516393442623,0.9180327868852459,0.375,0.8818897637795275,0.375,0.9180327868852459,0.4444444444444444,0.663167104111986,0.7827868852459017
270,13,56,1,7,0.8961038961038961,0.8162280701754385,0.9824561403508771,0.65,0.9333333333333333,0.65,0.9824561403508771,0.7647058823529411,0.8490196078431372,0.9263157894736842
271,7,53,5,12,0.7792207792207793,0.6411070780399274,0.9137931034482759,0.3684210526315789,0.8617886178861789,0.3684210526315789,0.9137931034482759,0.45161290322580644,0.6567007605559927,0.6978221415607986
272,12,51,2,12,0.8181818181818182,0.7311320754716981,0.9622641509433962,0.5,0.8793103448275862,0.5,0.9622641509433962,0.631578947368421,0.7554446460980035,0.8498427672955975
273,7,47,6,17,0.7012987012987013,0.5892295597484277,0.8867924528301887,0.2916666666666667,0.8034188034188035,0.2916666666666667,0.8867924528301887,0.3783783783783784,0.5908985908985909,0.7900943396226414
274,8,51,6,12,0.7662337662337663,0.6473684210526316,0.8947368421052632,0.4,0.85,0.4,0.8947368421052632,0.47058823529411764,0.6602941176470588,0.8350877192982455
275,7,58,4,8,0.8441558441558441,0.7010752688172043,0.9354838709677419,0.4666666666666667,0.90625,0.4666666666666667,0.9354838709677419,0.5384615384615384,0.7223557692307692,0.8741935483870967
276,10,53,4,10,0.8181818181818182,0.7149122807017544,0.9298245614035088,0.5,0.8833333333333333,0.5,0.9298245614035088,0.5882352941176471,0.7357843137254902,0.7526315789473685
277,10,53,3,11,0.8181818181818182,0.7113095238095237,0.9464285714285714,0.47619047619047616,0.8833333333333333,0.47619047619047616,0.9464285714285714,0.5882352941176471,0.7357843137254902,0.8928571428571429
278,9,50,3,15,0.7662337662337663,0.6591981132075472,0.9433962264150944,0.375,0.847457627118644,0.375,0.9433962264150944,0.5,0.673728813559322,0.8569182389937107
279,7,62,3,5,0.8961038961038961,0.7685897435897436,0.9538461538461539,0.5833333333333334,0.9393939393939394,0.5833333333333334,0.9538461538461539,0.6363636363636364,0.7878787878787878,0.8935897435897436
280,10,54,5,8,0.8311688311688312,0.7354048964218456,0.9152542372881356,0.5555555555555556,0.8925619834710744,0.5555555555555556,0.9152542372881356,0.6060606060606061,0.7493112947658402,0.812617702448211
281,11,54,5,7,0.8441558441558441,0.7631826741996234,0.9152542372881356,0.6111111111111112,0.9,0.6111111111111112,0.9152542372881356,0.6470588235294118,0.7735294117647059,0.8559322033898304
282,5,54,5,13,0.7662337662337663,0.5965160075329567,0.9152542372881356,0.2777777777777778,0.8571428571428571,0.2777777777777778,0.9152542372881356,0.35714285714285715,0.6071428571428571,0.7824858757062146
283,11,42,6,18,0.6883116883116883,0.6271551724137931,0.875,0.3793103448275862,0.7777777777777778,0.3793103448275862,0.875,0.4782608695652174,0.6280193236714976,0.7701149425287357
284,7,56,1,13,0.8181818181818182,0.6662280701754386,0.9824561403508771,0.35,0.8888888888888888,0.35,0.9824561403508771,0.5,0.6944444444444444,0.7587719298245613
285,10,54,4,9,0.8311688311688312,0.7286751361161524,0.9310344827586207,0.5263157894736842,0.8925619834710744,0.5263157894736842,0.9310344827586207,0.6060606060606061,0.7493112947658402,0.8058076225045373
286,13,53,2,9,0.8571428571428571,0.7772727272727273,0.9636363636363636,0.5909090909090909,0.905982905982906,0.5909090909090909,0.9636363636363636,0.7027027027027027,0.8043428043428044,0.8834710743801653
287,11,47,6,13,0.7532467532467533,0.672562893081761,0.8867924528301887,0.4583333333333333,0.831858407079646,0.4583333333333333,0.8867924528301887,0.5365853658536586,0.6842218864666523,0.7995283018867925
288,13,48,7,9,0.7922077922077922,0.7318181818181818,0.8727272727272727,0.5909090909090909,0.8571428571428571,0.5909090909090909,0.8727272727272727,0.6190476190476191,0.7380952380952381,0.7933884297520661
289,9,55,7,6,0.8311688311688312,0.7435483870967742,0.8870967741935484,0.6,0.8943089430894309,0.6,0.8870967741935484,0.5806451612903226,0.7374770521898768,0.8311827956989247
290,13,58,1,5,0.922077922077922,0.8526365348399247,0.9830508474576272,0.7222222222222222,0.9508196721311475,0.7222222222222222,0.9830508474576272,0.8125,0.8816598360655737,0.9227871939736347
291,12,50,5,10,0.8051948051948052,0.7272727272727273,0.9090909090909091,0.5454545454545454,0.8695652173913043,0.5454545454545454,0.9090909090909091,0.6153846153846154,0.7424749163879598,0.8355371900826445
292,11,52,4,10,0.8181818181818182,0.7261904761904763,0.9285714285714286,0.5238095238095238,0.8813559322033898,0.5238095238095238,0.9285714285714286,0.6111111111111112,0.7462335216572504,0.7712585034013606
293,8,51,3,15,0.7662337662337663,0.6461352657004831,0.9444444444444444,0.34782608695652173,0.85,0.34782608695652173,0.9444444444444444,0.47058823529411764,0.6602941176470588,0.8405797101449275
294,8,47,6,16,0.7142857142857143,0.610062893081761,0.8867924528301887,0.3333333333333333,0.8103448275862069,0.3333333333333333,0.8867924528301887,0.42105263157894735,0.6156987295825771,0.6941823899371069
295,18,46,5,8,0.8311688311688312,0.797134238310709,0.9019607843137255,0.6923076923076923,0.8761904761904762,0.6923076923076923,0.9019607843137255,0.7346938775510204,0.8054421768707483,0.8484162895927603
296,8,58,4,7,0.8571428571428571,0.7344086021505376,0.9354838709677419,0.5333333333333333,0.9133858267716536,0.5333333333333333,0.9354838709677419,0.5925925925925926,0.7529892096821231,0.7795698924731183
297,5,53,5,14,0.7532467532467533,0.588475499092559,0.9137931034482759,0.2631578947368421,0.848,0.2631578947368421,0.9137931034482759,0.3448275862068966,0.5964137931034483,0.7522686025408348
298,8,59,4,6,0.8701298701298701,0.753968253968254,0.9365079365079365,0.5714285714285714,0.921875,0.5714285714285714,0.9365079365079365,0.6153846153846154,0.7686298076923077,0.7766439909297052
299,13,47,4,13,0.7792207792207793,0.7107843137254901,0.9215686274509803,0.5,0.8468468468468469,0.5,0.9215686274509803,0.6046511627906976,0.7257490048187722,0.8529411764705882
300,9,56,3,9,0.8441558441558441,0.7245762711864407,0.9491525423728814,0.5,0.9032258064516129,0.5,0.9491525423728814,0.6,0.7516129032258064,0.8531073446327684
301,11,58,3,5,0.8961038961038961,0.8191598360655737,0.9508196721311475,0.6875,0.9354838709677419,0.6875,0.9508196721311475,0.7333333333333333,0.8344086021505376,0.882172131147541
302,9,54,3,11,0.8181818181818182,0.6986842105263158,0.9473684210526315,0.45,0.8852459016393442,0.45,0.9473684210526315,0.5625,0.7238729508196722,0.8368421052631578
303,14,54,4,5,0.8831168831168831,0.8339382940108893,0.9310344827586207,0.7368421052631579,0.9230769230769231,0.7368421052631579,0.9310344827586207,0.7567567567567568,0.83991683991684,0.8947368421052632
304,10,47,4,16,0.7402597402597403,0.6530920060331825,0.9215686274509803,0.38461538461538464,0.8245614035087719,0.38461538461538464,0.9215686274509803,0.5,0.6622807017543859,0.7978883861236802
305,14,51,3,9,0.8441558441558441,0.7765700483091788,0.9444444444444444,0.6086956521739131,0.8947368421052632,0.6086956521739131,0.9444444444444444,0.7,0.7973684210526315,0.892914653784219
306,4,58,2,13,0.8051948051948052,0.6009803921568627,0.9666666666666667,0.23529411764705882,0.8854961832061069,0.23529411764705882,0.9666666666666667,0.34782608695652173,0.6166611350813143,0.8647058823529412
307,5,58,3,11,0.8181818181818182,0.6316598360655737,0.9508196721311475,0.3125,0.8923076923076924,0.3125,0.9508196721311475,0.4166666666666667,0.6544871794871795,0.6454918032786885
308,10,55,5,7,0.8441558441558441,0.7524509803921569,0.9166666666666666,0.5882352941176471,0.9016393442622951,0.5882352941176471,0.9166666666666666,0.625,0.7633196721311475,0.8480392156862744
309,9,58,3,7,0.8701298701298701,0.7566598360655737,0.9508196721311475,0.5625,0.9206349206349206,0.5625,0.9508196721311475,0.6428571428571429,0.7817460317460317,0.8452868852459017
310,8,54,4,11,0.8051948051948052,0.676043557168784,0.9310344827586207,0.42105263157894735,0.8780487804878049,0.42105263157894735,0.9310344827586207,0.5161290322580645,0.6970889063729346,0.6996370235934665
311,4,55,5,13,0.7662337662337663,0.5759803921568627,0.9166666666666666,0.23529411764705882,0.859375,0.23529411764705882,0.9166666666666666,0.3076923076923077,0.5835336538461539,0.7215686274509804
312,7,53,8,9,0.7792207792207793,0.6531762295081966,0.8688524590163934,0.4375,0.8617886178861789,0.4375,0.8688524590163934,0.45161290322580644,0.6567007605559927,0.8073770491803279
313,11,49,5,12,0.7792207792207793,0.6928341384863124,0.9074074074074074,0.4782608695652174,0.8521739130434782,0.4782608695652174,0.9074074074074074,0.5641025641025641,0.7081382385730212,0.7818035426731079
314,5,54,5,13,0.7662337662337663,0.5965160075329567,0.9152542372881356,0.2777777777777778,0.8571428571428571,0.2777777777777778,0.9152542372881356,0.35714285714285715,0.6071428571428571,0.7598870056497176
315,14,52,3,8,0.8571428571428571,0.7909090909090909,0.9454545454545454,0.6363636363636364,0.9043478260869565,0.6363636363636364,0.9454545454545454,0.717948717948718,0.8111482720178372,0.8578512396694216
316,8,53,6,10,0.7922077922077922,0.6713747645951036,0.8983050847457628,0.4444444444444444,0.8688524590163934,0.4444444444444444,0.8983050847457628,0.5,0.6844262295081966,0.8606403013182674
317,10,49,8,10,0.7662337662337663,0.6798245614035088,0.8596491228070176,0.5,0.8448275862068966,0.5,0.8596491228070176,0.5263157894736842,0.6855716878402904,0.7421052631578947
318,9,51,4,13,0.7792207792207793,0.6681818181818182,0.9272727272727272,0.4090909090909091,0.8571428571428571,0.4090909090909091,0.9272727272727272,0.5142857142857142,0.6857142857142857,0.7694214876033058
319,8,54,3,12,0.8051948051948052,0.6736842105263158,0.9473684210526315,0.4,0.8780487804878049,0.4,0.9473684210526315,0.5161290322580645,0.6970889063729346,0.8017543859649122
320,5,55,6,11,0.7792207792207793,0.6070696721311475,0.9016393442622951,0.3125,0.8661417322834646,0.3125,0.9016393442622951,0.37037037037037035,0.6182560513269175,0.7838114754098361
321,13,47,2,15,0.7792207792207793,0.7117346938775511,0.9591836734693877,0.4642857142857143,0.8468468468468469,0.4642857142857143,0.9591836734693877,0.6046511627906976,0.7257490048187722,0.7696793002915453
322,11,59,1,6,0.9090909090909091,0.8151960784313725,0.9833333333333333,0.6470588235294118,0.944,0.6470588235294118,0.9833333333333333,0.7586206896551724,0.8513103448275862,0.907843137254902
323,9,54,5,9,0.8181818181818182,0.7076271186440678,0.9152542372881356,0.5,0.8852459016393442,0.5,0.9152542372881356,0.5625,0.7238729508196722,0.8389830508474576
324,16,46,2,13,0.8051948051948052,0.7550287356321839,0.9583333333333334,0.5517241379310345,0.8598130841121495,0.5517241379310345,0.9583333333333334,0.6808510638297872,0.7703320739709684,0.9274425287356322
325,16,47,2,12,0.8181818181818182,0.7653061224489796,0.9591836734693877,0.5714285714285714,0.8703703703703703,0.5714285714285714,0.9591836734693877,0.6956521739130435,0.7830112721417068,0.8760932944606414
326,8,56,0,13,0.8311688311688312,0.6904761904761905,1.0,0.38095238095238093,0.896,0.38095238095238093,1.0,0.5517241379310345,0.7238620689655173,0.8333333333333333
327,10,57,5,5,0.8701298701298701,0.793010752688172,0.9193548387096774,0.6666666666666666,0.9193548387096774,0.6666666666666666,0.9193548387096774,0.6666666666666666,0.793010752688172,0.9473118279569893
328,8,55,3,11,0.8181818181818182,0.6846642468239564,0.9482758620689655,0.42105263157894735,0.8870967741935484,0.42105263157894735,0.9482758620689655,0.5333333333333333,0.7102150537634409,0.7767695099818511
329,9,48,9,11,0.7402597402597403,0.6460526315789473,0.8421052631578947,0.45,0.8275862068965517,0.45,0.8421052631578947,0.47368421052631576,0.6506352087114338,0.7929824561403509
330,13,47,8,9,0.7792207792207793,0.7227272727272727,0.8545454545454545,0.5909090909090909,0.8468468468468469,0.5909090909090909,0.8545454545454545,0.6046511627906976,0.7257490048187722,0.8628099173553719
331,9,45,7,16,0.7012987012987013,0.6126923076923076,0.8653846153846154,0.36,0.7964601769911505,0.36,0.8653846153846154,0.43902439024390244,0.6177422836175265,0.7669230769230769
332,12,52,4,9,0.8311688311688312,0.75,0.9285714285714286,0.5714285714285714,0.8888888888888888,0.5714285714285714,0.9285714285714286,0.6486486486486487,0.7687687687687688,0.7806122448979591
333,20,42,8,7,0.8051948051948052,0.7903703703703704,0.84,0.7407407407407407,0.8484848484848485,0.7407407407407407,0.84,0.7272727272727273,0.7878787878787878,0.8525925925925927
334,15,49,4,9,0.8311688311688312,0.7747641509433962,0.9245283018867925,0.625,0.8828828828828829,0.625,0.9245283018867925,0.6976744186046512,0.790278650743767,0.8411949685534592
335,11,52,7,7,0.8181818181818182,0.7462335216572504,0.8813559322033898,0.6111111111111112,0.8813559322033898,0.6111111111111112,0.8813559322033898,0.6111111111111112,0.7462335216572504,0.8502824858757062
336,11,48,2,16,0.7662337662337663,0.6837037037037037,0.96,0.4074074074074074,0.8421052631578947,0.4074074074074074,0.96,0.55,0.6960526315789474,0.8222222222222222
337,8,56,7,6,0.8311688311688312,0.7301587301587301,0.8888888888888888,0.5714285714285714,0.896,0.5714285714285714,0.8888888888888888,0.5517241379310345,0.7238620689655173,0.8616780045351473
338,7,55,4,11,0.8051948051948052,0.6605461393596986,0.9322033898305084,0.3888888888888889,0.88,0.3888888888888889,0.9322033898305084,0.4827586206896552,0.6813793103448276,0.7919020715630886
339,6,55,2,14,0.7922077922077922,0.6324561403508772,0.9649122807017544,0.3,0.873015873015873,0.3,0.9649122807017544,0.42857142857142855,0.6507936507936508,0.7929824561403508
340,7,52,6,12,0.7662337662337663,0.632486388384755,0.896551724137931,0.3684210526315789,0.8524590163934426,0.3684210526315789,0.896551724137931,0.4375,0.6449795081967213,0.7268602540834845
341,10,54,5,8,0.8311688311688312,0.7354048964218456,0.9152542372881356,0.5555555555555556,0.8925619834710744,0.5555555555555556,0.9152542372881356,0.6060606060606061,0.7493112947658402,0.8606403013182673
342,6,57,0,14,0.8181818181818182,0.65,1.0,0.3,0.890625,0.3,1.0,0.46153846153846156,0.6760817307692308,0.6561403508771929
343,7,55,10,5,0.8051948051948052,0.7147435897435898,0.8461538461538461,0.5833333333333334,0.88,0.5833333333333334,0.8461538461538461,0.4827586206896552,0.6813793103448276,0.7705128205128204
344,8,52,3,14,0.7792207792207793,0.6545454545454545,0.9454545454545454,0.36363636363636365,0.859504132231405,0.36363636363636365,0.9454545454545454,0.48484848484848486,0.6721763085399449,0.7611570247933884
345,6,50,5,16,0.7272727272727273,0.5909090909090908,0.9090909090909091,0.2727272727272727,0.8264462809917356,0.2727272727272727,0.9090909090909091,0.36363636363636365,0.5950413223140496,0.6900826446280991
346,15,45,4,13,0.7792207792207793,0.7270408163265306,0.9183673469387755,0.5357142857142857,0.8411214953271028,0.5357142857142857,0.9183673469387755,0.6382978723404256,0.7397096838337642,0.8549562682215743
347,10,55,4,8,0.8441558441558441,0.743879472693032,0.9322033898305084,0.5555555555555556,0.9016393442622951,0.5555555555555556,0.9322033898305084,0.625,0.7633196721311475,0.8502824858757062
348,6,58,6,7,0.8311688311688312,0.6838942307692308,0.90625,0.46153846153846156,0.8992248062015504,0.46153846153846156,0.90625,0.48,0.6896124031007752,0.8762019230769231
349,13,44,4,16,0.7402597402597403,0.6824712643678161,0.9166666666666666,0.4482758620689655,0.8148148148148148,0.4482758620689655,0.9166666666666666,0.5652173913043478,0.6900161030595813,0.8146551724137931
350,15,43,3,16,0.7532467532467533,0.7093267882187939,0.9347826086956522,0.4838709677419355,0.819047619047619,0.4838709677419355,0.9347826086956522,0.6122448979591837,0.7156462585034014,0.9039270687237028
351,14,48,4,11,0.8051948051948052,0.7415384615384616,0.9230769230769231,0.56,0.8648648648648649,0.56,0.9230769230769231,0.6511627906976745,0.7580138277812697,0.8553846153846153
352,14,48,3,12,0.8051948051948052,0.7398190045248869,0.9411764705882353,0.5384615384615384,0.8648648648648649,0.5384615384615384,0.9411764705882353,0.6511627906976745,0.7580138277812697,0.9132730015082957
353,5,60,2,10,0.8441558441558441,0.6505376344086021,0.967741935483871,0.3333333333333333,0.9090909090909091,0.3333333333333333,0.967741935483871,0.45454545454545453,0.6818181818181818,0.7741935483870968
354,9,49,4,15,0.7532467532467533,0.6497641509433962,0.9245283018867925,0.375,0.8376068376068376,0.375,0.9245283018867925,0.4864864864864865,0.6620466620466621,0.8514150943396226
355,5,51,2,19,0.7272727272727273,0.5852987421383647,0.9622641509433962,0.20833333333333334,0.8292682926829268,0.20833333333333334,0.9622641509433962,0.3225806451612903,0.5759244689221086,0.7366352201257862
356,15,46,5,11,0.7922077922077922,0.7394419306184012,0.9019607843137255,0.5769230769230769,0.8518518518518519,0.5769230769230769,0.9019607843137255,0.6521739130434783,0.7520128824476651,0.8589743589743589
357,12,51,1,13,0.8181818181818182,0.7303846153846154,0.9807692307692307,0.48,0.8793103448275862,0.48,0.9807692307692307,0.631578947368421,0.7554446460980035,0.8176923076923077
358,10,51,6,10,0.7922077922077922,0.6973684210526316,0.8947368421052632,0.5,0.864406779661017,0.5,0.8947368421052632,0.5555555555555556,0.7099811676082863,0.8149122807017544
359,12,51,5,9,0.8181818181818182,0.7410714285714286,0.9107142857142857,0.5714285714285714,0.8793103448275862,0.5714285714285714,0.9107142857142857,0.631578947368421,0.7554446460980035,0.8001700680272108
360,11,55,4,7,0.8571428571428571,0.7716572504708098,0.9322033898305084,0.6111111111111112,0.9090909090909091,0.6111111111111112,0.9322033898305084,0.6666666666666666,0.7878787878787878,0.8775894538606404
361,6,59,3,9,0.8441558441558441,0.6758064516129032,0.9516129032258065,0.4,0.9076923076923077,0.4,0.9516129032258065,0.5,0.7038461538461538,0.8774193548387097
362,12,55,4,6,0.8701298701298701,0.7994350282485876,0.9322033898305084,0.6666666666666666,0.9166666666666666,0.6666666666666666,0.9322033898305084,0.7058823529411765,0.8112745098039216,0.8097928436911488
363,5,51,6,15,0.7272727272727273,0.5723684210526316,0.8947368421052632,0.25,0.8292682926829268,0.25,0.8947368421052632,0.3225806451612903,0.5759244689221086,0.8473684210526315
364,7,55,6,9,0.8051948051948052,0.6695696721311475,0.9016393442622951,0.4375,0.88,0.4375,0.9016393442622951,0.4827586206896552,0.6813793103448276,0.8391393442622951
365,16,48,5,8,0.8311688311688312,0.7861635220125787,0.9056603773584906,0.6666666666666666,0.8807339449541285,0.6666666666666666,0.9056603773584906,0.7111111111111111,0.7959225280326199,0.8820754716981132
366,7,58,4,8,0.8441558441558441,0.7010752688172043,0.9354838709677419,0.4666666666666667,0.90625,0.4666666666666667,0.9354838709677419,0.5384615384615384,0.7223557692307692,0.7634408602150538
367,10,50,5,12,0.7792207792207793,0.6818181818181818,0.9090909090909091,0.45454545454545453,0.8547008547008547,0.45454545454545453,0.9090909090909091,0.5405405405405406,0.6976206976206976,0.7231404958677686
368,6,48,3,20,0.7012987012987013,0.5859728506787331,0.9411764705882353,0.23076923076923078,0.8067226890756303,0.23076923076923078,0.9411764705882353,0.34285714285714286,0.5747899159663865,0.7714932126696833
369,7,56,4,10,0.8181818181818182,0.6725490196078432,0.9333333333333333,0.4117647058823529,0.8888888888888888,0.4117647058823529,0.9333333333333333,0.5,0.6944444444444444,0.8088235294117646
370,9,55,3,10,0.8311688311688312,0.7109800362976406,0.9482758620689655,0.47368421052631576,0.8943089430894309,0.47368421052631576,0.9482758620689655,0.5806451612903226,0.7374770521898768,0.8012704174228674
371,8,53,5,11,0.7922077922077922,0.6674228675136116,0.9137931034482759,0.42105263157894735,0.8688524590163934,0.42105263157894735,0.9137931034482759,0.5,0.6844262295081966,0.837568058076225
372,12,51,2,12,0.8181818181818182,0.7311320754716981,0.9622641509433962,0.5,0.8793103448275862,0.5,0.9622641509433962,0.631578947368421,0.7554446460980035,0.8081761006289309
373,9,56,1,11,0.8441558441558441,0.7162280701754385,0.9824561403508771,0.45,0.9032258064516129,0.45,0.9824561403508771,0.6,0.7516129032258064,0.8719298245614036
374,11,47,4,15,0.7532467532467533,0.6723227752639517,0.9215686274509803,0.4230769230769231,0.831858407079646,0.4230769230769231,0.9215686274509803,0.5365853658536586,0.6842218864666523,0.8046757164404222
375,13,46,4,14,0.7662337662337663,0.7007407407407408,0.92,0.48148148148148145,0.8363636363636363,0.48148148148148145,0.92,0.5909090909090909,0.7136363636363636,0.8355555555555555
376,13,56,0,8,0.8961038961038961,0.8095238095238095,1.0,0.6190476190476191,0.9333333333333333,0.6190476190476191,1.0,0.7647058823529411,0.8490196078431372,0.8954081632653061
377,15,47,5,10,0.8051948051948052,0.7519230769230769,0.9038461538461539,0.6,0.8623853211009175,0.6,0.9038461538461539,0.6666666666666666,0.764525993883792,0.8915384615384616
378,11,44,6,16,0.7142857142857143,0.6437037037037037,0.88,0.4074074074074074,0.8,0.4074074074074074,0.88,0.5,0.65,0.8177777777777777
379,12,50,4,11,0.8051948051948052,0.7238325281803543,0.9259259259259259,0.5217391304347826,0.8695652173913043,0.5217391304347826,0.9259259259259259,0.6153846153846154,0.7424749163879598,0.8156199677938808
380,4,54,6,13,0.7532467532467533,0.5676470588235294,0.9,0.23529411764705882,0.8503937007874016,0.23529411764705882,0.9,0.2962962962962963,0.573344998541849,0.7186274509803923
381,9,54,4,10,0.8181818181818182,0.7023593466424682,0.9310344827586207,0.47368421052631576,0.8852459016393442,0.47368421052631576,0.9310344827586207,0.5625,0.7238729508196722,0.8330308529945554
382,13,55,4,5,0.8831168831168831,0.8272128060263653,0.9322033898305084,0.7222222222222222,0.9243697478991597,0.7222222222222222,0.9322033898305084,0.7428571428571429,0.8336134453781513,0.9227871939736347
383,11,51,5,10,0.8051948051948052,0.7172619047619048,0.9107142857142857,0.5238095238095238,0.8717948717948718,0.5238095238095238,0.9107142857142857,0.5945945945945946,0.7331947331947333,0.804421768707483
384,7,59,4,7,0.8571428571428571,0.7182539682539683,0.9365079365079365,0.5,0.9147286821705426,0.5,0.9365079365079365,0.56,0.7373643410852713,0.7653061224489796
385,11,51,6,9,0.8051948051948052,0.7223684210526315,0.8947368421052632,0.55,0.8717948717948718,0.55,0.8947368421052632,0.5945945945945946,0.7331947331947333,0.912280701754386
386,13,50,3,11,0.8181818181818182,0.7425314465408805,0.9433962264150944,0.5416666666666666,0.8771929824561403,0.5416666666666666,0.9433962264150944,0.65,0.7635964912280702,0.8836477987421384
387,8,52,5,12,0.7792207792207793,0.656140350877193,0.9122807017543859,0.4,0.859504132231405,0.4,0.9122807017543859,0.48484848484848486,0.6721763085399449,0.7982456140350876
388,8,46,4,19,0.7012987012987013,0.6081481481481481,0.92,0.2962962962962963,0.8,0.2962962962962963,0.92,0.41025641025641024,0.6051282051282052,0.7725925925925925
389,8,51,5,13,0.7662337662337663,0.6458333333333333,0.9107142857142857,0.38095238095238093,0.85,0.38095238095238093,0.9107142857142857,0.47058823529411764,0.6602941176470588,0.7670068027210883
390,8,62,3,4,0.9090909090909091,0.8102564102564103,0.9538461538461539,0.6666666666666666,0.9465648854961832,0.6666666666666666,0.9538461538461539,0.6956521739130435,0.8211085297046133,0.9346153846153846
391,7,45,7,18,0.6753246753246753,0.5726923076923077,0.8653846153846154,0.28,0.782608695652174,0.28,0.8653846153846154,0.358974358974359,0.5707915273132664,0.6753846153846154
392,11,50,3,13,0.7922077922077922,0.7008647798742138,0.9433962264150944,0.4583333333333333,0.8620689655172413,0.4583333333333333,0.9433962264150944,0.5789473684210527,0.720508166969147,0.8506289308176102
393,12,50,5,10,0.8051948051948052,0.7272727272727273,0.9090909090909091,0.5454545454545454,0.8695652173913043,0.5454545454545454,0.9090909090909091,0.6153846153846154,0.7424749163879598,0.8677685950413223
394,7,56,4,10,0.8181818181818182,0.6725490196078432,0.9333333333333333,0.4117647058823529,0.8888888888888888,0.4117647058823529,0.9333333333333333,0.5,0.6944444444444444,0.8117647058823529
395,11,54,3,9,0.8441558441558441,0.7486842105263158,0.9473684210526315,0.55,0.9,0.55,0.9473684210526315,0.6470588235294118,0.7735294117647059,0.8973684210526316
396,10,56,1,10,0.8571428571428571,0.7412280701754386,0.9824561403508771,0.5,0.9105691056910569,0.5,0.9824561403508771,0.6451612903225806,0.7778651980068187,0.8649122807017544
397,6,56,5,10,0.8051948051948052,0.646516393442623,0.9180327868852459,0.375,0.8818897637795275,0.375,0.9180327868852459,0.4444444444444444,0.663167104111986,0.8770491803278689
398,6,49,7,15,0.7142857142857143,0.5803571428571428,0.875,0.2857142857142857,0.8166666666666667,0.2857142857142857,0.875,0.35294117647058826,0.5848039215686275,0.721938775510204
399,12,56,1,8,0.8831168831168831,0.7912280701754386,0.9824561403508771,0.6,0.9256198347107438,0.6,0.9824561403508771,0.7272727272727273,0.8264462809917356,0.918421052631579
400,14,48,1,14,0.8051948051948052,0.7397959183673469,0.9795918367346939,0.5,0.8648648648648649,0.5,0.9795918367346939,0.6511627906976745,0.7580138277812697,0.8717201166180759
401,8,51,4,14,0.7662337662337663,0.6454545454545455,0.9272727272727272,0.36363636363636365,0.85,0.36363636363636365,0.9272727272727272,0.47058823529411764,0.6602941176470588,0.7363636363636363
402,8,49,9,11,0.7402597402597403,0.632940108892922,0.8448275862068966,0.42105263157894735,0.8305084745762712,0.42105263157894735,0.8448275862068966,0.4444444444444444,0.6374764595103578,0.7740471869328496
403,15,48,3,11,0.8181818181818182,0.7590497737556561,0.9411764705882353,0.5769230769230769,0.8727272727272727,0.5769230769230769,0.9411764705882353,0.6818181818181818,0.7772727272727272,0.8785822021116139
404,11,50,0,16,0.7922077922077922,0.7037037037037037,1.0,0.4074074074074074,0.8620689655172413,0.4074074074074074,1.0,0.5789473684210527,0.720508166969147,0.9562962962962963
405,9,58,2,8,0.8701298701298701,0.7480392156862745,0.9666666666666667,0.5294117647058824,0.9206349206349206,0.5294117647058824,0.9666666666666667,0.6428571428571429,0.7817460317460317,0.8813725490196077
406,8,58,3,8,0.8571428571428571,0.7254098360655737,0.9508196721311475,0.5,0.9133858267716536,0.5,0.9508196721311475,0.5925925925925926,0.7529892096821231,0.8258196721311476
407,9,57,1,10,0.8571428571428571,0.7282214156079855,0.9827586206896551,0.47368421052631576,0.912,0.47368421052631576,0.9827586206896551,0.6206896551724138,0.7663448275862069,0.8874773139745916
408,14,49,3,11,0.8181818181818182,0.7511538461538462,0.9423076923076923,0.56,0.875,0.56,0.9423076923076923,0.6666666666666666,0.7708333333333333,0.8669230769230768
409,5,52,6,14,0.7402597402597403,0.5798548094373865,0.896551724137931,0.2631578947368421,0.8387096774193549,0.2631578947368421,0.896551724137931,0.3333333333333333,0.5860215053763441,0.7831215970961887
410,8,54,3,12,0.8051948051948052,0.6736842105263158,0.9473684210526315,0.4,0.8780487804878049,0.4,0.9473684210526315,0.5161290322580645,0.6970889063729346,0.8245614035087719
411,12,51,2,12,0.8181818181818182,0.7311320754716981,0.9622641509433962,0.5,0.8793103448275862,0.5,0.9622641509433962,0.631578947368421,0.7554446460980035,0.8089622641509434
412,8,56,3,10,0.8311688311688312,0.6967984934086628,0.9491525423728814,0.4444444444444444,0.896,0.4444444444444444,0.9491525423728814,0.5517241379310345,0.7238620689655173,0.8983050847457626
413,8,54,4,11,0.8051948051948052,0.676043557168784,0.9310344827586207,0.42105263157894735,0.8780487804878049,0.42105263157894735,0.9310344827586207,0.5161290322580645,0.6970889063729346,0.8130671506352087
414,11,50,5,11,0.7922077922077922,0.7045454545454546,0.9090909090909091,0.5,0.8620689655172413,0.5,0.9090909090909091,0.5789473684210527,0.720508166969147,0.8206611570247934
415,5,62,2,8,0.8701298701298701,0.6766826923076923,0.96875,0.38461538461538464,0.9253731343283582,0.38461538461538464,0.96875,0.5,0.7126865671641791,0.7836538461538461
416,10,54,6,7,0.8311688311688312,0.7441176470588236,0.9,0.5882352941176471,0.8925619834710744,0.5882352941176471,0.9,0.6060606060606061,0.7493112947658402,0.8588235294117647
417,9,56,5,7,0.8441558441558441,0.740266393442623,0.9180327868852459,0.5625,0.9032258064516129,0.5625,0.9180327868852459,0.6,0.7516129032258064,0.8565573770491804
418,14,49,3,11,0.8181818181818182,0.7511538461538462,0.9423076923076923,0.56,0.875,0.56,0.9423076923076923,0.6666666666666666,0.7708333333333333,0.8392307692307693
419,7,48,6,16,0.7142857142857143,0.5966183574879227,0.8888888888888888,0.30434782608695654,0.8135593220338984,0.30434782608695654,0.8888888888888888,0.3888888888888889,0.6012241054613936,0.7125603864734298
420,11,49,5,12,0.7792207792207793,0.6928341384863124,0.9074074074074074,0.4782608695652174,0.8521739130434782,0.4782608695652174,0.9074074074074074,0.5641025641025641,0.7081382385730212,0.782608695652174
421,7,55,5,10,0.8051948051948052,0.6642156862745098,0.9166666666666666,0.4117647058823529,0.88,0.4117647058823529,0.9166666666666666,0.4827586206896552,0.6813793103448276,0.8911764705882352
422,11,52,4,10,0.8181818181818182,0.7261904761904763,0.9285714285714286,0.5238095238095238,0.8813559322033898,0.5238095238095238,0.9285714285714286,0.6111111111111112,0.7462335216572504,0.7899659863945578
423,8,59,3,7,0.8701298701298701,0.7424731182795699,0.9516129032258065,0.5333333333333333,0.921875,0.5333333333333333,0.9516129032258065,0.6153846153846154,0.7686298076923077,0.8268817204301074
424,13,46,4,14,0.7662337662337663,0.7007407407407408,0.92,0.48148148148148145,0.8363636363636363,0.48148148148148145,0.92,0.5909090909090909,0.7136363636363636,0.8414814814814815
425,8,50,4,15,0.7532467532467533,0.6368760064412238,0.9259259259259259,0.34782608695652173,0.8403361344537815,0.34782608695652173,0.9259259259259259,0.45714285714285713,0.6487394957983194,0.7673107890499195
426,11,51,4,11,0.8051948051948052,0.7136363636363636,0.9272727272727272,0.5,0.8717948717948718,0.5,0.9272727272727272,0.5945945945945946,0.7331947331947333,0.7884297520661158
427,4,60,4,9,0.8311688311688312,0.6225961538461539,0.9375,0.3076923076923077,0.9022556390977443,0.3076923076923077,0.9375,0.38095238095238093,0.6416040100250626,0.8016826923076923
428,8,51,7,11,0.7662337662337663,0.6501814882032668,0.8793103448275862,0.42105263157894735,0.85,0.42105263157894735,0.8793103448275862,0.47058823529411764,0.6602941176470588,0.7232304900181489
429,12,47,4,14,0.7662337662337663,0.691553544494721,0.9215686274509803,0.46153846153846156,0.8392857142857143,0.46153846153846156,0.9215686274509803,0.5714285714285714,0.7053571428571428,0.8846153846153846
430,11,49,4,13,0.7792207792207793,0.6914308176100629,0.9245283018867925,0.4583333333333333,0.8521739130434782,0.4583333333333333,0.9245283018867925,0.5641025641025641,0.7081382385730212,0.7955974842767295
431,12,49,6,10,0.7922077922077922,0.7181818181818181,0.8909090909090909,0.5454545454545454,0.8596491228070176,0.5454545454545454,0.8909090909090909,0.6,0.7298245614035088,0.7793388429752066
432,9,53,5,10,0.8051948051948052,0.6937386569872959,0.9137931034482759,0.47368421052631576,0.8760330578512396,0.47368421052631576,0.9137931034482759,0.5454545454545454,0.7107438016528925,0.8784029038112523
433,6,52,3,16,0.7532467532467533,0.6090909090909091,0.9454545454545454,0.2727272727272727,0.8455284552845529,0.2727272727272727,0.9454545454545454,0.3870967741935484,0.6163126147390506,0.794214876033058
434,12,55,3,7,0.8701298701298701,0.7899274047186933,0.9482758620689655,0.631578947368421,0.9166666666666666,0.631578947368421,0.9482758620689655,0.7058823529411765,0.8112745098039216,0.8811252268602541
435,8,53,5,11,0.7922077922077922,0.6674228675136116,0.9137931034482759,0.42105263157894735,0.8688524590163934,0.42105263157894735,0.9137931034482759,0.5,0.6844262295081966,0.8121597096188747
436,9,54,3,11,0.8181818181818182,0.6986842105263158,0.9473684210526315,0.45,0.8852459016393442,0.45,0.9473684210526315,0.5625,0.7238729508196722,0.7157894736842105
437,7,57,6,7,0.8311688311688312,0.7023809523809523,0.9047619047619048,0.5,0.8976377952755905,0.5,0.9047619047619048,0.5185185185185185,0.7080781568970544,0.7913832199546486
438,10,53,3,11,0.8181818181818182,0.7113095238095237,0.9464285714285714,0.47619047619047616,0.8833333333333333,0.47619047619047616,0.9464285714285714,0.5882352941176471,0.7357843137254902,0.8681972789115646
439,11,54,2,10,0.8441558441558441,0.7440476190476191,0.9642857142857143,0.5238095238095238,0.9,0.5238095238095238,0.9642857142857143,0.6470588235294118,0.7735294117647059,0.8664965986394558
440,6,54,5,12,0.7792207792207793,0.6242937853107344,0.9152542372881356,0.3333333333333333,0.864,0.3333333333333333,0.9152542372881356,0.41379310344827586,0.638896551724138,0.736346516007533
441,9,49,5,14,0.7532467532467533,0.6493558776167472,0.9074074074074074,0.391304347826087,0.8376068376068376,0.391304347826087,0.9074074074074074,0.4864864864864865,0.6620466620466621,0.8132045088566827
442,9,49,4,15,0.7532467532467533,0.6497641509433962,0.9245283018867925,0.375,0.8376068376068376,0.375,0.9245283018867925,0.4864864864864865,0.6620466620466621,0.8105345911949686
443,13,47,6,11,0.7792207792207793,0.7142295597484276,0.8867924528301887,0.5416666666666666,0.8468468468468469,0.5416666666666666,0.8867924528301887,0.6046511627906976,0.7257490048187722,0.7885220125786163
444,11,52,2,12,0.8181818181818182,0.7206119162640902,0.9629629629629629,0.4782608695652174,0.8813559322033898,0.4782608695652174,0.9629629629629629,0.6111111111111112,0.7462335216572504,0.8438003220611915
445,10,48,10,9,0.7532467532467533,0.676950998185118,0.8275862068965517,0.5263157894736842,0.8347826086956521,0.5263157894736842,0.8275862068965517,0.5128205128205128,0.6738015607580825,0.7495462794918331
446,9,48,1,19,0.7402597402597403,0.6505102040816326,0.9795918367346939,0.32142857142857145,0.8275862068965517,0.32142857142857145,0.9795918367346939,0.47368421052631576,0.6506352087114338,0.8024781341107872
447,10,53,3,11,0.8181818181818182,0.7113095238095237,0.9464285714285714,0.47619047619047616,0.8833333333333333,0.47619047619047616,0.9464285714285714,0.5882352941176471,0.7357843137254902,0.8656462585034013
448,10,53,0,14,0.8181818181818182,0.7083333333333334,1.0,0.4166666666666667,0.8833333333333333,0.4166666666666667,1.0,0.5882352941176471,0.7357843137254902,0.77437106918239
449,9,52,4,12,0.7922077922077922,0.6785714285714286,0.9285714285714286,0.42857142857142855,0.8666666666666667,0.42857142857142855,0.9285714285714286,0.5294117647058824,0.6980392156862745,0.7763605442176871
450,12,44,5,16,0.7272727272727273,0.6632653061224489,0.8979591836734694,0.42857142857142855,0.8073394495412844,0.42857142857142855,0.8979591836734694,0.5333333333333333,0.6703363914373088,0.8097667638483964
451,14,47,3,13,0.7922077922077922,0.7292592592592593,0.94,0.5185185185185185,0.8545454545454545,0.5185185185185185,0.94,0.6363636363636364,0.7454545454545454,0.8733333333333334
452,12,52,4,9,0.8311688311688312,0.75,0.9285714285714286,0.5714285714285714,0.8888888888888888,0.5714285714285714,0.9285714285714286,0.6486486486486487,0.7687687687687688,0.8673469387755102
453,11,51,4,11,0.8051948051948052,0.7136363636363636,0.9272727272727272,0.5,0.8717948717948718,0.5,0.9272727272727272,0.5945945945945946,0.7331947331947333,0.8132231404958677
454,12,51,2,12,0.8181818181818182,0.7311320754716981,0.9622641509433962,0.5,0.8793103448275862,0.5,0.9622641509433962,0.631578947368421,0.7554446460980035,0.9080188679245282
455,12,47,6,12,0.7662337662337663,0.6933962264150944,0.8867924528301887,0.5,0.8392857142857143,0.5,0.8867924528301887,0.5714285714285714,0.7053571428571428,0.7853773584905661
456,6,55,7,9,0.7922077922077922,0.6435483870967742,0.8870967741935484,0.4,0.873015873015873,0.4,0.8870967741935484,0.42857142857142855,0.6507936507936508,0.789247311827957
457,11,50,5,11,0.7922077922077922,0.7045454545454546,0.9090909090909091,0.5,0.8620689655172413,0.5,0.9090909090909091,0.5789473684210527,0.720508166969147,0.8322314049586778
458,13,53,2,9,0.8571428571428571,0.7772727272727273,0.9636363636363636,0.5909090909090909,0.905982905982906,0.5909090909090909,0.9636363636363636,0.7027027027027027,0.8043428043428044,0.8859504132231406
459,8,47,7,15,0.7142857142857143,0.6090982286634461,0.8703703703703703,0.34782608695652173,0.8103448275862069,0.34782608695652173,0.8703703703703703,0.42105263157894735,0.6156987295825771,0.7326892109500805
460,8,55,3,11,0.8181818181818182,0.6846642468239564,0.9482758620689655,0.42105263157894735,0.8870967741935484,0.42105263157894735,0.9482758620689655,0.5333333333333333,0.7102150537634409,0.79491833030853
461,11,49,2,15,0.7792207792207793,0.6919306184012066,0.9607843137254902,0.4230769230769231,0.8521739130434782,0.4230769230769231,0.9607843137254902,0.5641025641025641,0.7081382385730212,0.8363499245852186
462,8,55,5,9,0.8181818181818182,0.6936274509803921,0.9166666666666666,0.47058823529411764,0.8870967741935484,0.47058823529411764,0.9166666666666666,0.5333333333333333,0.7102150537634409,0.8598039215686275
463,6,58,2,11,0.8311688311688312,0.6598039215686274,0.9666666666666667,0.35294117647058826,0.8992248062015504,0.35294117647058826,0.9666666666666667,0.48,0.6896124031007752,0.7862745098039216
464,13,49,4,11,0.8051948051948052,0.7330974842767295,0.9245283018867925,0.5416666666666666,0.8672566371681416,0.5416666666666666,0.9245283018867925,0.6341463414634146,0.7507014893157782,0.8498427672955975
465,12,49,4,12,0.7922077922077922,0.7122641509433962,0.9245283018867925,0.5,0.8596491228070176,0.5,0.9245283018867925,0.6,0.7298245614035088,0.8443396226415094
466,5,58,5,9,0.8181818181818182,0.6388888888888888,0.9206349206349206,0.35714285714285715,0.8923076923076924,0.35714285714285715,0.9206349206349206,0.4166666666666667,0.6544871794871795,0.6904761904761906
467,8,54,1,14,0.8051948051948052,0.6727272727272727,0.9818181818181818,0.36363636363636365,0.8780487804878049,0.36363636363636365,0.9818181818181818,0.5161290322580645,0.6970889063729346,0.8900826446280992
468,9,53,5,10,0.8051948051948052,0.6937386569872959,0.9137931034482759,0.47368421052631576,0.8760330578512396,0.47368421052631576,0.9137931034482759,0.5454545454545454,0.7107438016528925,0.7377495462794917
469,17,48,4,8,0.8441558441558441,0.8015384615384615,0.9230769230769231,0.68,0.8888888888888888,0.68,0.9230769230769231,0.7391304347826086,0.8140096618357487,0.92
470,17,46,2,12,0.8181818181818182,0.7722701149425287,0.9583333333333334,0.5862068965517241,0.8679245283018868,0.5862068965517241,0.9583333333333334,0.7083333333333334,0.78812893081761,0.8333333333333334
471,11,48,5,13,0.7662337662337663,0.6819968553459119,0.9056603773584906,0.4583333333333333,0.8421052631578947,0.4583333333333333,0.9056603773584906,0.55,0.6960526315789474,0.8388364779874213
472,11,52,2,12,0.8181818181818182,0.7206119162640902,0.9629629629629629,0.4782608695652174,0.8813559322033898,0.4782608695652174,0.9629629629629629,0.6111111111111112,0.7462335216572504,0.8115942028985508
473,12,56,1,8,0.8831168831168831,0.7912280701754386,0.9824561403508771,0.6,0.9256198347107438,0.6,0.9824561403508771,0.7272727272727273,0.8264462809917356,0.9359649122807018
474,13,51,4,9,0.8311688311688312,0.759090909090909,0.9272727272727272,0.5909090909090909,0.8869565217391304,0.5909090909090909,0.9272727272727272,0.6666666666666666,0.7768115942028986,0.8537190082644628
475,7,55,4,11,0.8051948051948052,0.6605461393596986,0.9322033898305084,0.3888888888888889,0.88,0.3888888888888889,0.9322033898305084,0.4827586206896552,0.6813793103448276,0.800376647834275
476,13,51,5,8,0.8311688311688312,0.7648809523809523,0.9107142857142857,0.6190476190476191,0.8869565217391304,0.6190476190476191,0.9107142857142857,0.6666666666666666,0.7768115942028986,0.91156462585034
477,10,51,3,13,0.7922077922077922,0.6896135265700483,0.9444444444444444,0.43478260869565216,0.864406779661017,0.43478260869565216,0.9444444444444444,0.5555555555555556,0.7099811676082863,0.7737520128824477
478,11,48,6,12,0.7662337662337663,0.6835748792270531,0.8888888888888888,0.4782608695652174,0.8421052631578947,0.4782608695652174,0.8888888888888888,0.55,0.6960526315789474,0.7906602254428341
479,13,42,8,14,0.7142857142857143,0.6607407407407407,0.84,0.48148148148148145,0.7924528301886793,0.48148148148148145,0.84,0.5416666666666666,0.667059748427673,0.8014814814814815
480,14,48,3,12,0.8051948051948052,0.7398190045248869,0.9411764705882353,0.5384615384615384,0.8648648648648649,0.5384615384615384,0.9411764705882353,0.6511627906976745,0.7580138277812697,0.8506787330316742
481,9,53,4,11,0.8051948051948052,0.6899122807017544,0.9298245614035088,0.45,0.8760330578512396,0.45,0.9298245614035088,0.5454545454545454,0.7107438016528925,0.8508771929824561
482,7,53,6,11,0.7792207792207793,0.6435969868173258,0.8983050847457628,0.3888888888888889,0.8617886178861789,0.3888888888888889,0.8983050847457628,0.45161290322580644,0.6567007605559927,0.8333333333333334
483,14,49,5,9,0.8181818181818182,0.7580515297906603,0.9074074074074074,0.6086956521739131,0.875,0.6086956521739131,0.9074074074074074,0.6666666666666666,0.7708333333333333,0.8647342995169082
484,7,55,3,12,0.8051948051948052,0.6583484573502723,0.9482758620689655,0.3684210526315789,0.88,0.3684210526315789,0.9482758620689655,0.4827586206896552,0.6813793103448276,0.7667876588021779
485,10,48,7,12,0.7532467532467533,0.6636363636363636,0.8727272727272727,0.45454545454545453,0.8347826086956521,0.45454545454545453,0.8727272727272727,0.5128205128205128,0.6738015607580825,0.8305785123966942
486,10,54,7,6,0.8311688311688312,0.7551229508196722,0.8852459016393442,0.625,0.8925619834710744,0.625,0.8852459016393442,0.6060606060606061,0.7493112947658402,0.9006147540983607
487,13,47,6,11,0.7792207792207793,0.7142295597484276,0.8867924528301887,0.5416666666666666,0.8468468468468469,0.5416666666666666,0.8867924528301887,0.6046511627906976,0.7257490048187722,0.8294025157232704
488,12,47,5,13,0.7662337662337663,0.6919230769230769,0.9038461538461539,0.48,0.8392857142857143,0.48,0.9038461538461539,0.5714285714285714,0.7053571428571428,0.7607692307692309
489,9,51,3,14,0.7792207792207793,0.6678743961352657,0.9444444444444444,0.391304347826087,0.8571428571428571,0.391304347826087,0.9444444444444444,0.5142857142857142,0.6857142857142857,0.7914653784219001
490,11,49,6,11,0.7792207792207793,0.6954545454545454,0.8909090909090909,0.5,0.8521739130434782,0.5,0.8909090909090909,0.5641025641025641,0.7081382385730212,0.7834710743801653
491,6,46,7,18,0.6753246753246753,0.5589622641509434,0.8679245283018868,0.25,0.7863247863247863,0.25,0.8679245283018868,0.32432432432432434,0.5553245553245554,0.6108490566037736
492,15,47,4,11,0.8051948051948052,0.7492458521870287,0.9215686274509803,0.5769230769230769,0.8623853211009175,0.5769230769230769,0.9215686274509803,0.6666666666666666,0.764525993883792,0.832579185520362
493,9,50,2,16,0.7662337662337663,0.6607692307692308,0.9615384615384616,0.36,0.847457627118644,0.36,0.9615384615384616,0.5,0.673728813559322,0.8346153846153846
494,7,55,5,10,0.8051948051948052,0.6642156862745098,0.9166666666666666,0.4117647058823529,0.88,0.4117647058823529,0.9166666666666666,0.4827586206896552,0.6813793103448276,0.8186274509803921
495,12,50,8,7,0.8051948051948052,0.7468239564428312,0.8620689655172413,0.631578947368421,0.8695652173913043,0.631578947368421,0.8620689655172413,0.6153846153846154,0.7424749163879598,0.7749546279491832
496,10,53,4,10,0.8181818181818182,0.7149122807017544,0.9298245614035088,0.5,0.8833333333333333,0.5,0.9298245614035088,0.5882352941176471,0.7357843137254902,0.8105263157894738
497,7,58,3,9,0.8441558441558441,0.6941598360655737,0.9508196721311475,0.4375,0.90625,0.4375,0.9508196721311475,0.5384615384615384,0.7223557692307692,0.930327868852459
498,11,47,3,16,0.7532467532467533,0.6737037037037037,0.94,0.4074074074074074,0.831858407079646,0.4074074074074074,0.94,0.5365853658536586,0.6842218864666523,0.8466666666666667
499,7,56,3,11,0.8181818181818182,0.6690207156308852,0.9491525423728814,0.3888888888888889,0.8888888888888888,0.3888888888888889,0.9491525423728814,0.5,0.6944444444444444,0.7853107344632768
500,17,44,4,12,0.7922077922077922,0.7514367816091954,0.9166666666666666,0.5862068965517241,0.8461538461538461,0.5862068965517241,0.9166666666666666,0.68,0.7630769230769231,0.814655172413793
501,5,53,4,15,0.7532467532467533,0.5899122807017544,0.9298245614035088,0.25,0.848,0.25,0.9298245614035088,0.3448275862068966,0.5964137931034483,0.7166666666666667
502,7,57,0,13,0.8311688311688312,0.675,1.0,0.35,0.8976377952755905,0.35,1.0,0.5185185185185185,0.7080781568970544,0.8008771929824562
503,2,60,4,11,0.8051948051948052,0.5456730769230769,0.9375,0.15384615384615385,0.8888888888888888,0.15384615384615385,0.9375,0.21052631578947367,0.5497076023391813,0.703125
504,12,50,6,9,0.8051948051948052,0.7321428571428572,0.8928571428571429,0.5714285714285714,0.8695652173913043,0.5714285714285714,0.8928571428571429,0.6153846153846154,0.7424749163879598,0.8222789115646257
505,13,46,6,12,0.7662337662337663,0.7023076923076923,0.8846153846153846,0.52,0.8363636363636363,0.52,0.8846153846153846,0.5909090909090909,0.7136363636363636,0.8538461538461538
506,8,48,4,17,0.7272727272727273,0.6215384615384616,0.9230769230769231,0.32,0.8205128205128205,0.32,0.9230769230769231,0.43243243243243246,0.6264726264726265,0.7884615384615384
507,17,49,4,7,0.8571428571428571,0.816430817610063,0.9245283018867925,0.7083333333333334,0.8990825688073395,0.7083333333333334,0.9245283018867925,0.7555555555555555,0.8273190621814475,0.9394654088050314
508,10,56,5,6,0.8571428571428571,0.771516393442623,0.9180327868852459,0.625,0.9105691056910569,0.625,0.9180327868852459,0.6451612903225806,0.7778651980068187,0.8073770491803279
509,17,52,1,7,0.8961038961038961,0.8447327044025157,0.9811320754716981,0.7083333333333334,0.9285714285714286,0.7083333333333334,0.9811320754716981,0.8095238095238095,0.8690476190476191,0.9150943396226415
510,11,56,0,10,0.8701298701298701,0.7619047619047619,1.0,0.5238095238095238,0.9180327868852459,0.5238095238095238,1.0,0.6875,0.802766393442623,0.931122448979592
511,10,53,1,13,0.8181818181818182,0.7081320450885669,0.9814814814814815,0.43478260869565216,0.8833333333333333,0.43478260869565216,0.9814814814814815,0.5882352941176471,0.7357843137254902,0.8462157809983896
512,10,48,7,12,0.7532467532467533,0.6636363636363636,0.8727272727272727,0.45454545454545453,0.8347826086956521,0.45454545454545453,0.8727272727272727,0.5128205128205128,0.6738015607580825,0.7999999999999999
513,6,45,7,19,0.6623376623376623,0.5526923076923077,0.8653846153846154,0.24,0.7758620689655172,0.24,0.8653846153846154,0.3157894736842105,0.5458257713248639,0.75
514,14,44,6,13,0.7532467532467533,0.6992592592592592,0.88,0.5185185185185185,0.822429906542056,0.5185185185185185,0.88,0.5957446808510638,0.70908729369656,0.8066666666666666
515,7,52,3,15,0.7662337662337663,0.6318181818181818,0.9454545454545454,0.3181818181818182,0.8524590163934426,0.3181818181818182,0.9454545454545454,0.4375,0.6449795081967213,0.7975206611570248
516,13,52,3,9,0.8441558441558441,0.7681818181818182,0.9454545454545454,0.5909090909090909,0.896551724137931,0.5909090909090909,0.9454545454545454,0.6842105263157895,0.7903811252268602,0.8297520661157025
517,11,54,5,7,0.8441558441558441,0.7631826741996234,0.9152542372881356,0.6111111111111112,0.9,0.6111111111111112,0.9152542372881356,0.6470588235294118,0.7735294117647059,0.8512241054613935
518,10,54,3,10,0.8311688311688312,0.7236842105263157,0.9473684210526315,0.5,0.8925619834710744,0.5,0.9473684210526315,0.6060606060606061,0.7493112947658402,0.8587719298245615
519,6,61,4,6,0.8701298701298701,0.7192307692307692,0.9384615384615385,0.5,0.9242424242424242,0.5,0.9384615384615385,0.5454545454545454,0.7348484848484849,0.832051282051282
520,6,53,7,11,0.7662337662337663,0.6181372549019608,0.8833333333333333,0.35294117647058826,0.8548387096774194,0.35294117647058826,0.8833333333333333,0.4,0.6274193548387097,0.8205882352941176
521,14,42,5,16,0.7272727272727273,0.6801418439716311,0.8936170212765957,0.4666666666666667,0.8,0.4666666666666667,0.8936170212765957,0.5714285714285714,0.6857142857142857,0.823404255319149
522,7,53,7,10,0.7792207792207793,0.6475490196078431,0.8833333333333333,0.4117647058823529,0.8617886178861789,0.4117647058823529,0.8833333333333333,0.45161290322580644,0.6567007605559927,0.6774509803921568
523,5,58,4,10,0.8181818181818182,0.6344086021505376,0.9354838709677419,0.3333333333333333,0.8923076923076924,0.3333333333333333,0.9354838709677419,0.4166666666666667,0.6544871794871795,0.6849462365591398
524,12,47,5,13,0.7662337662337663,0.6919230769230769,0.9038461538461539,0.48,0.8392857142857143,0.48,0.9038461538461539,0.5714285714285714,0.7053571428571428,0.8553846153846154
525,11,48,6,12,0.7662337662337663,0.6835748792270531,0.8888888888888888,0.4782608695652174,0.8421052631578947,0.4782608695652174,0.8888888888888888,0.55,0.6960526315789474,0.7769726247987118
526,8,53,5,11,0.7922077922077922,0.6674228675136116,0.9137931034482759,0.42105263157894735,0.8688524590163934,0.42105263157894735,0.9137931034482759,0.5,0.6844262295081966,0.809437386569873
527,10,51,4,12,0.7922077922077922,0.6909090909090909,0.9272727272727272,0.45454545454545453,0.864406779661017,0.45454545454545453,0.9272727272727272,0.5555555555555556,0.7099811676082863,0.8371900826446282
528,9,48,4,16,0.7402597402597403,0.6415384615384616,0.9230769230769231,0.36,0.8275862068965517,0.36,0.9230769230769231,0.47368421052631576,0.6506352087114338,0.7692307692307692
529,14,46,5,12,0.7792207792207793,0.720211161387632,0.9019607843137255,0.5384615384615384,0.8440366972477065,0.5384615384615384,0.9019607843137255,0.6222222222222222,0.7331294597349644,0.8024132730015082
530,12,49,4,12,0.7922077922077922,0.7122641509433962,0.9245283018867925,0.5,0.8596491228070176,0.5,0.9245283018867925,0.6,0.7298245614035088,0.8482704402515723
531,5,57,4,11,0.8051948051948052,0.6234631147540983,0.9344262295081968,0.3125,0.8837209302325582,0.3125,0.9344262295081968,0.4,0.6418604651162791,0.7766393442622951
532,10,59,1,7,0.8961038961038961,0.7857843137254902,0.9833333333333333,0.5882352941176471,0.9365079365079365,0.5882352941176471,0.9833333333333333,0.7142857142857143,0.8253968253968254,0.95
533,10,53,4,10,0.8181818181818182,0.7149122807017544,0.9298245614035088,0.5,0.8833333333333333,0.5,0.9298245614035088,0.5882352941176471,0.7357843137254902,0.7929824561403508
534,9,57,1,10,0.8571428571428571,0.7282214156079855,0.9827586206896551,0.47368421052631576,0.912,0.47368421052631576,0.9827586206896551,0.6206896551724138,0.7663448275862069,0.9065335753176043
535,12,50,3,12,0.8051948051948052,0.7216981132075472,0.9433962264150944,0.5,0.8695652173913043,0.5,0.9433962264150944,0.6153846153846154,0.7424749163879598,0.7688679245283019
536,9,48,9,11,0.7402597402597403,0.6460526315789473,0.8421052631578947,0.45,0.8275862068965517,0.45,0.8421052631578947,0.47368421052631576,0.6506352087114338,0.7964912280701755
537,9,62,2,4,0.922077922077922,0.8305288461538461,0.96875,0.6923076923076923,0.9538461538461539,0.6923076923076923,0.96875,0.75,0.851923076923077,0.9495192307692308
538,6,60,5,6,0.8571428571428571,0.7115384615384616,0.9230769230769231,0.5,0.916030534351145,0.5,0.9230769230769231,0.5217391304347826,0.7188848323929637,0.8538461538461539
539,10,55,1,11,0.8441558441558441,0.7291666666666666,0.9821428571428571,0.47619047619047616,0.9016393442622951,0.47619047619047616,0.9821428571428571,0.625,0.7633196721311475,0.8826530612244898
540,5,58,7,7,0.8181818181818182,0.6544871794871795,0.8923076923076924,0.4166666666666667,0.8923076923076924,0.4166666666666667,0.8923076923076924,0.4166666666666667,0.6544871794871795,0.7371794871794872
541,5,57,2,13,0.8051948051948052,0.621939736346516,0.9661016949152542,0.2777777777777778,0.8837209302325582,0.2777777777777778,0.9661016949152542,0.4,0.6418604651162791,0.82015065913371
542,8,54,4,11,0.8051948051948052,0.676043557168784,0.9310344827586207,0.42105263157894735,0.8780487804878049,0.42105263157894735,0.9310344827586207,0.5161290322580645,0.6970889063729346,0.8711433756805808
543,10,52,3,12,0.8051948051948052,0.7,0.9454545454545454,0.45454545454545453,0.8739495798319328,0.45454545454545453,0.9454545454545454,0.5714285714285714,0.7226890756302521,0.8743801652892561
544,13,53,2,9,0.8571428571428571,0.7772727272727273,0.9636363636363636,0.5909090909090909,0.905982905982906,0.5909090909090909,0.9636363636363636,0.7027027027027027,0.8043428043428044,0.8661157024793389
545,3,57,4,13,0.7792207792207793,0.5609631147540983,0.9344262295081968,0.1875,0.8702290076335878,0.1875,0.9344262295081968,0.2608695652173913,0.5655492864254895,0.7807377049180327
546,9,56,4,8,0.8441558441558441,0.7313725490196079,0.9333333333333333,0.5294117647058824,0.9032258064516129,0.5294117647058824,0.9333333333333333,0.6,0.7516129032258064,0.8549019607843137
547,9,48,5,15,0.7402597402597403,0.6403301886792453,0.9056603773584906,0.375,0.8275862068965517,0.375,0.9056603773584906,0.47368421052631576,0.6506352087114338,0.7209119496855345
548,11,54,4,8,0.8441558441558441,0.7549909255898366,0.9310344827586207,0.5789473684210527,0.9,0.5789473684210527,0.9310344827586207,0.6470588235294118,0.7735294117647059,0.8711433756805808
549,12,48,4,13,0.7792207792207793,0.7015384615384616,0.9230769230769231,0.48,0.8495575221238938,0.48,0.9230769230769231,0.5853658536585366,0.7174616878912152,0.7992307692307692
550,9,55,3,10,0.8311688311688312,0.7109800362976406,0.9482758620689655,0.47368421052631576,0.8943089430894309,0.47368421052631576,0.9482758620689655,0.5806451612903226,0.7374770521898768,0.8275862068965517
551,11,46,2,18,0.7402597402597403,0.6688218390804598,0.9583333333333334,0.3793103448275862,0.8214285714285714,0.3793103448275862,0.9583333333333334,0.5238095238095238,0.6726190476190477,0.8390804597701149
552,7,54,5,11,0.7922077922077922,0.6520715630885122,0.9152542372881356,0.3888888888888889,0.8709677419354839,0.3888888888888889,0.9152542372881356,0.4666666666666667,0.6688172043010753,0.783427495291902
553,14,52,4,7,0.8571428571428571,0.7976190476190477,0.9285714285714286,0.6666666666666666,0.9043478260869565,0.6666666666666666,0.9285714285714286,0.717948717948718,0.8111482720178372,0.8571428571428573
554,7,56,4,10,0.8181818181818182,0.6725490196078432,0.9333333333333333,0.4117647058823529,0.8888888888888888,0.4117647058823529,0.9333333333333333,0.5,0.6944444444444444,0.7784313725490196
555,7,49,5,16,0.7272727272727273,0.605877616747182,0.9074074074074074,0.30434782608695654,0.8235294117647058,0.30434782608695654,0.9074074074074074,0.4,0.611764705882353,0.8172302737520128
556,11,50,4,12,0.7922077922077922,0.7020933977455717,0.9259259259259259,0.4782608695652174,0.8620689655172413,0.4782608695652174,0.9259259259259259,0.5789473684210527,0.720508166969147,0.8784219001610306
557,10,51,7,9,0.7922077922077922,0.7028130671506352,0.8793103448275862,0.5263157894736842,0.864406779661017,0.5263157894736842,0.8793103448275862,0.5555555555555556,0.7099811676082863,0.8049001814882032
558,10,49,5,13,0.7662337662337663,0.6710950080515298,0.9074074074074074,0.43478260869565216,0.8448275862068966,0.43478260869565216,0.9074074074074074,0.5263157894736842,0.6855716878402904,0.7665056360708534
559,10,51,4,12,0.7922077922077922,0.6909090909090909,0.9272727272727272,0.45454545454545453,0.864406779661017,0.45454545454545453,0.9272727272727272,0.5555555555555556,0.7099811676082863,0.7768595041322314
560,14,46,3,14,0.7792207792207793,0.7193877551020409,0.9387755102040817,0.5,0.8440366972477065,0.5,0.9387755102040817,0.6222222222222222,0.7331294597349644,0.815597667638484
561,7,55,4,11,0.8051948051948052,0.6605461393596986,0.9322033898305084,0.3888888888888889,0.88,0.3888888888888889,0.9322033898305084,0.4827586206896552,0.6813793103448276,0.7580037664783427
562,6,52,6,13,0.7532467532467533,0.6061705989110708,0.896551724137931,0.3157894736842105,0.8455284552845529,0.3157894736842105,0.896551724137931,0.3870967741935484,0.6163126147390506,0.7704174228675136
563,14,53,4,6,0.8701298701298701,0.8149122807017544,0.9298245614035088,0.7,0.9137931034482759,0.7,0.9298245614035088,0.7368421052631579,0.8253176043557169,0.9122807017543859
564,8,59,2,8,0.8701298701298701,0.7336065573770492,0.9672131147540983,0.5,0.921875,0.5,0.9672131147540983,0.6153846153846154,0.7686298076923077,0.8463114754098361
565,9,55,3,10,0.8311688311688312,0.7109800362976406,0.9482758620689655,0.47368421052631576,0.8943089430894309,0.47368421052631576,0.9482758620689655,0.5806451612903226,0.7374770521898768,0.8457350272232305
566,11,51,4,11,0.8051948051948052,0.7136363636363636,0.9272727272727272,0.5,0.8717948717948718,0.5,0.9272727272727272,0.5945945945945946,0.7331947331947333,0.8545454545454546
567,9,56,3,9,0.8441558441558441,0.7245762711864407,0.9491525423728814,0.5,0.9032258064516129,0.5,0.9491525423728814,0.6,0.7516129032258064,0.8455743879472691
568,6,59,4,8,0.8441558441558441,0.6825396825396826,0.9365079365079365,0.42857142857142855,0.9076923076923077,0.42857142857142855,0.9365079365079365,0.5,0.7038461538461538,0.7698412698412699
569,9,53,2,13,0.8051948051948052,0.6863636363636364,0.9636363636363636,0.4090909090909091,0.8760330578512396,0.4090909090909091,0.9636363636363636,0.5454545454545454,0.7107438016528925,0.871900826446281
570,9,58,2,8,0.8701298701298701,0.7480392156862745,0.9666666666666667,0.5294117647058824,0.9206349206349206,0.5294117647058824,0.9666666666666667,0.6428571428571429,0.7817460317460317,0.8274509803921568
571,10,50,2,15,0.7792207792207793,0.6807692307692308,0.9615384615384616,0.4,0.8547008547008547,0.4,0.9615384615384616,0.5405405405405406,0.6976206976206976,0.7661538461538462
572,10,47,4,16,0.7402597402597403,0.6530920060331825,0.9215686274509803,0.38461538461538464,0.8245614035087719,0.38461538461538464,0.9215686274509803,0.5,0.6622807017543859,0.7933634992458521
573,6,58,2,11,0.8311688311688312,0.6598039215686274,0.9666666666666667,0.35294117647058826,0.8992248062015504,0.35294117647058826,0.9666666666666667,0.48,0.6896124031007752,0.7803921568627451
574,11,54,4,8,0.8441558441558441,0.7549909255898366,0.9310344827586207,0.5789473684210527,0.9,0.5789473684210527,0.9310344827586207,0.6470588235294118,0.7735294117647059,0.91016333938294
575,9,51,3,14,0.7792207792207793,0.6678743961352657,0.9444444444444444,0.391304347826087,0.8571428571428571,0.391304347826087,0.9444444444444444,0.5142857142857142,0.6857142857142857,0.7640901771336555
576,5,50,6,16,0.7142857142857143,0.5654761904761905,0.8928571428571429,0.23809523809523808,0.819672131147541,0.23809523809523808,0.8928571428571429,0.3125,0.5660860655737705,0.6130952380952381
577,9,52,5,11,0.7922077922077922,0.6811403508771929,0.9122807017543859,0.45,0.8666666666666667,0.45,0.9122807017543859,0.5294117647058824,0.6980392156862745,0.787719298245614
578,11,40,4,22,0.6623376623376623,0.6212121212121212,0.9090909090909091,0.3333333333333333,0.7547169811320755,0.3333333333333333,0.9090909090909091,0.4583333333333333,0.6065251572327044,0.759641873278237
579,8,56,4,9,0.8311688311688312,0.7019607843137254,0.9333333333333333,0.47058823529411764,0.896,0.47058823529411764,0.9333333333333333,0.5517241379310345,0.7238620689655173,0.7901960784313725
580,13,45,5,14,0.7532467532467533,0.6907407407407408,0.9,0.48148148148148145,0.8256880733944955,0.48148148148148145,0.9,0.5777777777777777,0.7017329255861366,0.7674074074074073
581,12,49,6,10,0.7922077922077922,0.7181818181818181,0.8909090909090909,0.5454545454545454,0.8596491228070176,0.5454545454545454,0.8909090909090909,0.6,0.7298245614035088,0.8305785123966941
582,9,60,1,7,0.8961038961038961,0.7730532786885246,0.9836065573770492,0.5625,0.9375,0.5625,0.9836065573770492,0.6923076923076923,0.8149038461538461,0.8555327868852458
583,6,59,3,9,0.8441558441558441,0.6758064516129032,0.9516129032258065,0.4,0.9076923076923077,0.4,0.9516129032258065,0.5,0.7038461538461538,0.7387096774193549
584,6,51,4,16,0.7402597402597403,0.6,0.9272727272727272,0.2727272727272727,0.8360655737704918,0.2727272727272727,0.9272727272727272,0.375,0.6055327868852459,0.7157024793388429
585,17,46,5,9,0.8181818181818182,0.7779034690799397,0.9019607843137255,0.6538461538461539,0.8679245283018868,0.6538461538461539,0.9019607843137255,0.7083333333333334,0.78812893081761,0.8717948717948718
586,8,54,2,13,0.8051948051948052,0.6726190476190477,0.9642857142857143,0.38095238095238093,0.8780487804878049,0.38095238095238093,0.9642857142857143,0.5161290322580645,0.6970889063729346,0.798469387755102
587,7,58,4,8,0.8441558441558441,0.7010752688172043,0.9354838709677419,0.4666666666666667,0.90625,0.4666666666666667,0.9354838709677419,0.5384615384615384,0.7223557692307692,0.7322580645161291
588,14,47,5,11,0.7922077922077922,0.7319230769230769,0.9038461538461539,0.56,0.8545454545454545,0.56,0.9038461538461539,0.6363636363636364,0.7454545454545454,0.8923076923076922
589,14,51,4,8,0.8441558441558441,0.7818181818181817,0.9272727272727272,0.6363636363636364,0.8947368421052632,0.6363636363636364,0.9272727272727272,0.7,0.7973684210526315,0.8710743801652893
590,8,52,6,11,0.7792207792207793,0.6588021778584392,0.896551724137931,0.42105263157894735,0.859504132231405,0.42105263157894735,0.896551724137931,0.48484848484848486,0.6721763085399449,0.7504537205081668
591,5,55,5,12,0.7792207792207793,0.6053921568627451,0.9166666666666666,0.29411764705882354,0.8661417322834646,0.29411764705882354,0.9166666666666666,0.37037037037037035,0.6182560513269175,0.6882352941176471
592,11,56,2,8,0.8701298701298701,0.7722323049001816,0.9655172413793104,0.5789473684210527,0.9180327868852459,0.5789473684210527,0.9655172413793104,0.6875,0.802766393442623,0.8892921960072595
593,12,52,4,9,0.8311688311688312,0.75,0.9285714285714286,0.5714285714285714,0.8888888888888888,0.5714285714285714,0.9285714285714286,0.6486486486486487,0.7687687687687688,0.8401360544217686
594,13,53,2,9,0.8571428571428571,0.7772727272727273,0.9636363636363636,0.5909090909090909,0.905982905982906,0.5909090909090909,0.9636363636363636,0.7027027027027027,0.8043428043428044,0.8016528925619835
595,17,50,4,6,0.8701298701298701,0.8325281803542672,0.9259259259259259,0.7391304347826086,0.9090909090909091,0.7391304347826086,0.9259259259259259,0.7727272727272727,0.8409090909090908,0.8615136876006441
596,5,62,3,7,0.8701298701298701,0.6852564102564103,0.9538461538461539,0.4166666666666667,0.9253731343283582,0.4166666666666667,0.9538461538461539,0.5,0.7126865671641791,0.7858974358974359
597,7,50,4,16,0.7402597402597403,0.6151368760064413,0.9259259259259259,0.30434782608695654,0.8333333333333334,0.30434782608695654,0.9259259259259259,0.4117647058823529,0.6225490196078431,0.7270531400966183
598,5,58,8,6,0.8181818181818182,0.6666666666666666,0.8787878787878788,0.45454545454545453,0.8923076923076924,0.45454545454545453,0.8787878787878788,0.4166666666666667,0.6544871794871795,0.6528925619834711
599,7,52,3,15,0.7662337662337663,0.6318181818181818,0.9454545454545454,0.3181818181818182,0.8524590163934426,0.3181818181818182,0.9454545454545454,0.4375,0.6449795081967213,0.7983471074380166
600,14,47,4,12,0.7922077922077922,0.7300150829562594,0.9215686274509803,0.5384615384615384,0.8545454545454545,0.5384615384615384,0.9215686274509803,0.6363636363636364,0.7454545454545454,0.8552036199095022
601,8,56,7,6,0.8311688311688312,0.7301587301587301,0.8888888888888888,0.5714285714285714,0.896,0.5714285714285714,0.8888888888888888,0.5517241379310345,0.7238620689655173,0.8027210884353742
602,10,54,5,8,0.8311688311688312,0.7354048964218456,0.9152542372881356,0.5555555555555556,0.8925619834710744,0.5555555555555556,0.9152542372881356,0.6060606060606061,0.7493112947658402,0.8163841807909604
603,11,50,8,8,0.7922077922077922,0.720508166969147,0.8620689655172413,0.5789473684210527,0.8620689655172413,0.5789473684210527,0.8620689655172413,0.5789473684210527,0.720508166969147,0.8284936479128857
604,14,54,5,4,0.8831168831168831,0.8465160075329567,0.9152542372881356,0.7777777777777778,0.9230769230769231,0.7777777777777778,0.9152542372881356,0.7567567567567568,0.83991683991684,0.9180790960451978
605,13,45,2,17,0.7532467532467533,0.6953900709219858,0.9574468085106383,0.43333333333333335,0.8256880733944955,0.43333333333333335,0.9574468085106383,0.5777777777777777,0.7017329255861366,0.7794326241134751
606,10,53,6,8,0.8181818181818182,0.7269303201506592,0.8983050847457628,0.5555555555555556,0.8833333333333333,0.5555555555555556,0.8983050847457628,0.5882352941176471,0.7357843137254902,0.876647834274953
607,8,52,6,11,0.7792207792207793,0.6588021778584392,0.896551724137931,0.42105263157894735,0.859504132231405,0.42105263157894735,0.896551724137931,0.48484848484848486,0.6721763085399449,0.6950998185117966
608,11,53,2,11,0.8311688311688312,0.7318181818181818,0.9636363636363636,0.5,0.8907563025210085,0.5,0.9636363636363636,0.6285714285714286,0.7596638655462185,0.924793388429752
609,5,59,4,9,0.8311688311688312,0.6468253968253969,0.9365079365079365,0.35714285714285715,0.9007633587786259,0.35714285714285715,0.9365079365079365,0.43478260869565216,0.667772983737139,0.8242630385487528
610,8,55,4,10,0.8181818181818182,0.6883239171374764,0.9322033898305084,0.4444444444444444,0.8870967741935484,0.4444444444444444,0.9322033898305084,0.5333333333333333,0.7102150537634409,0.8314500941619586
611,6,55,4,12,0.7922077922077922,0.6327683615819208,0.9322033898305084,0.3333333333333333,0.873015873015873,0.3333333333333333,0.9322033898305084,0.42857142857142855,0.6507936507936508,0.6741996233521658
612,7,51,4,15,0.7532467532467533,0.6227272727272727,0.9272727272727272,0.3181818181818182,0.8429752066115702,0.3181818181818182,0.9272727272727272,0.42424242424242425,0.6336088154269972,0.7983471074380165
613,13,54,5,5,0.8701298701298701,0.8187382297551788,0.9152542372881356,0.7222222222222222,0.9152542372881356,0.7222222222222222,0.9152542372881356,0.7222222222222222,0.8187382297551788,0.8389830508474575
614,8,53,1,15,0.7922077922077922,0.6646537842190017,0.9814814814814815,0.34782608695652173,0.8688524590163934,0.34782608695652173,0.9814814814814815,0.5,0.6844262295081966,0.8599033816425121
615,8,50,5,14,0.7532467532467533,0.6363636363636364,0.9090909090909091,0.36363636363636365,0.8403361344537815,0.36363636363636365,0.9090909090909091,0.45714285714285713,0.6487394957983194,0.7942148760330578
616,8,55,2,12,0.8181818181818182,0.6824561403508772,0.9649122807017544,0.4,0.8870967741935484,0.4,0.9649122807017544,0.5333333333333333,0.7102150537634409,0.781578947368421
617,10,53,6,8,0.8181818181818182,0.7269303201506592,0.8983050847457628,0.5555555555555556,0.8833333333333333,0.5555555555555556,0.8983050847457628,0.5882352941176471,0.7357843137254902,0.8305084745762712
618,7,52,6,12,0.7662337662337663,0.632486388384755,0.896551724137931,0.3684210526315789,0.8524590163934426,0.3684210526315789,0.896551724137931,0.4375,0.6449795081967213,0.8312159709618874
619,13,55,3,6,0.8831168831168831,0.8162431941923776,0.9482758620689655,0.6842105263157895,0.9243697478991597,0.6842105263157895,0.9482758620689655,0.7428571428571429,0.8336134453781513,0.8883847549909256
620,10,53,4,10,0.8181818181818182,0.7149122807017544,0.9298245614035088,0.5,0.8833333333333333,0.5,0.9298245614035088,0.5882352941176471,0.7357843137254902,0.8491228070175438
621,3,55,7,12,0.7532467532467533,0.5435483870967742,0.8870967741935484,0.2,0.8527131782945736,0.2,0.8870967741935484,0.24,0.5463565891472868,0.6978494623655914
622,14,45,1,17,0.7662337662337663,0.7149368863955119,0.9782608695652174,0.45161290322580644,0.8333333333333334,0.45161290322580644,0.9782608695652174,0.6086956521739131,0.7210144927536233,0.8338008415147264
623,10,51,5,11,0.7922077922077922,0.6934523809523809,0.9107142857142857,0.47619047619047616,0.864406779661017,0.47619047619047616,0.9107142857142857,0.5555555555555556,0.7099811676082863,0.8069727891156463
624,15,51,5,6,0.8571428571428571,0.8125,0.9107142857142857,0.7142857142857143,0.9026548672566371,0.7142857142857143,0.9107142857142857,0.7317073170731707,0.8171810921649039,0.9013605442176871
625,5,59,5,8,0.8311688311688312,0.6532451923076923,0.921875,0.38461538461538464,0.9007633587786259,0.38461538461538464,0.921875,0.43478260869565216,0.667772983737139,0.7908653846153846
626,11,49,6,11,0.7792207792207793,0.6954545454545454,0.8909090909090909,0.5,0.8521739130434782,0.5,0.8909090909090909,0.5641025641025641,0.7081382385730212,0.8363636363636363
627,3,57,5,12,0.7792207792207793,0.5596774193548387,0.9193548387096774,0.2,0.8702290076335878,0.2,0.9193548387096774,0.2608695652173913,0.5655492864254895,0.8376344086021505
628,13,56,5,3,0.8961038961038961,0.865266393442623,0.9180327868852459,0.8125,0.9333333333333333,0.8125,0.9180327868852459,0.7647058823529411,0.8490196078431372,0.882172131147541
629,8,58,2,9,0.8571428571428571,0.7186274509803922,0.9666666666666667,0.47058823529411764,0.9133858267716536,0.47058823529411764,0.9666666666666667,0.5925925925925926,0.7529892096821231,0.8725490196078431
630,13,44,4,16,0.7402597402597403,0.6824712643678161,0.9166666666666666,0.4482758620689655,0.8148148148148148,0.4482758620689655,0.9166666666666666,0.5652173913043478,0.6900161030595813,0.8031609195402298
631,9,51,5,12,0.7792207792207793,0.6696428571428571,0.9107142857142857,0.42857142857142855,0.8571428571428571,0.42857142857142855,0.9107142857142857,0.5142857142857142,0.6857142857142857,0.7695578231292517
632,12,51,3,11,0.8181818181818182,0.7330917874396135,0.9444444444444444,0.5217391304347826,0.8793103448275862,0.5217391304347826,0.9444444444444444,0.631578947368421,0.7554446460980035,0.8333333333333334
633,8,59,2,8,0.8701298701298701,0.7336065573770492,0.9672131147540983,0.5,0.921875,0.5,0.9672131147540983,0.6153846153846154,0.7686298076923077,0.7090163934426229
634,7,50,8,12,0.7402597402597403,0.6152450090744102,0.8620689655172413,0.3684210526315789,0.8333333333333334,0.3684210526315789,0.8620689655172413,0.4117647058823529,0.6225490196078431,0.7041742286751361
635,4,58,6,9,0.8051948051948052,0.6069711538461539,0.90625,0.3076923076923077,0.8854961832061069,0.3076923076923077,0.90625,0.34782608695652173,0.6166611350813143,0.7692307692307693
636,13,51,4,9,0.8311688311688312,0.759090909090909,0.9272727272727272,0.5909090909090909,0.8869565217391304,0.5909090909090909,0.9272727272727272,0.6666666666666666,0.7768115942028986,0.8148760330578513
637,11,51,6,9,0.8051948051948052,0.7223684210526315,0.8947368421052632,0.55,0.8717948717948718,0.55,0.8947368421052632,0.5945945945945946,0.7331947331947333,0.8385964912280701
638,12,55,6,4,0.8701298701298701,0.8258196721311475,0.9016393442622951,0.75,0.9166666666666666,0.75,0.9016393442622951,0.7058823529411765,0.8112745098039216,0.8227459016393442
639,11,51,2,13,0.8051948051948052,0.7102987421383647,0.9622641509433962,0.4583333333333333,0.8717948717948718,0.4583333333333333,0.9622641509433962,0.5945945945945946,0.7331947331947333,0.880503144654088
640,10,51,4,12,0.7922077922077922,0.6909090909090909,0.9272727272727272,0.45454545454545453,0.864406779661017,0.45454545454545453,0.9272727272727272,0.5555555555555556,0.7099811676082863,0.8628099173553719
641,4,55,2,16,0.7662337662337663,0.5824561403508772,0.9649122807017544,0.2,0.859375,0.2,0.9649122807017544,0.3076923076923077,0.5835336538461539,0.7728070175438597
642,9,57,0,11,0.8571428571428571,0.725,1.0,0.45,0.912,0.45,1.0,0.6206896551724138,0.7663448275862069,0.9394736842105263
643,13,43,7,14,0.7272727272727273,0.6707407407407407,0.86,0.48148148148148145,0.8037383177570093,0.48148148148148145,0.86,0.5531914893617021,0.6784649035593557,0.7162962962962963
644,10,55,2,10,0.8441558441558441,0.7324561403508771,0.9649122807017544,0.5,0.9016393442622951,0.5,0.9649122807017544,0.625,0.7633196721311475,0.8552631578947368
645,8,47,2,20,0.7142857142857143,0.6224489795918366,0.9591836734693877,0.2857142857142857,0.8103448275862069,0.2857142857142857,0.9591836734693877,0.42105263157894735,0.6156987295825771,0.8294460641399417
646,10,52,0,15,0.8051948051948052,0.7,1.0,0.4,0.8739495798319328,0.4,1.0,0.5714285714285714,0.7226890756302521,0.8607692307692308
647,8,54,3,12,0.8051948051948052,0.6736842105263158,0.9473684210526315,0.4,0.8780487804878049,0.4,0.9473684210526315,0.5161290322580645,0.6970889063729346,0.8149122807017544
648,11,50,5,11,0.7922077922077922,0.7045454545454546,0.9090909090909091,0.5,0.8620689655172413,0.5,0.9090909090909091,0.5789473684210527,0.720508166969147,0.8115702479338843
649,10,52,3,12,0.8051948051948052,0.7,0.9454545454545454,0.45454545454545453,0.8739495798319328,0.45454545454545453,0.9454545454545454,0.5714285714285714,0.7226890756302521,0.8297520661157025
650,6,58,1,12,0.8311688311688312,0.6581920903954802,0.9830508474576272,0.3333333333333333,0.8992248062015504,0.3333333333333333,0.9830508474576272,0.48,0.6896124031007752,0.8389830508474575
651,15,46,3,13,0.7922077922077922,0.7372448979591837,0.9387755102040817,0.5357142857142857,0.8518518518518519,0.5357142857142857,0.9387755102040817,0.6521739130434783,0.7520128824476651,0.7886297376093295
652,8,50,5,14,0.7532467532467533,0.6363636363636364,0.9090909090909091,0.36363636363636365,0.8403361344537815,0.36363636363636365,0.9090909090909091,0.45714285714285713,0.6487394957983194,0.8421487603305784
653,5,55,4,13,0.7792207792207793,0.6049905838041432,0.9322033898305084,0.2777777777777778,0.8661417322834646,0.2777777777777778,0.9322033898305084,0.37037037037037035,0.6182560513269175,0.7033898305084746
654,7,57,4,9,0.8311688311688312,0.6859631147540983,0.9344262295081968,0.4375,0.8976377952755905,0.4375,0.9344262295081968,0.5185185185185185,0.7080781568970544,0.8401639344262296
655,10,54,1,12,0.8311688311688312,0.7181818181818181,0.9818181818181818,0.45454545454545453,0.8925619834710744,0.45454545454545453,0.9818181818181818,0.6060606060606061,0.7493112947658402,0.8636363636363636
656,8,58,2,9,0.8571428571428571,0.7186274509803922,0.9666666666666667,0.47058823529411764,0.9133858267716536,0.47058823529411764,0.9666666666666667,0.5925925925925926,0.7529892096821231,0.6754901960784314
657,8,55,2,12,0.8181818181818182,0.6824561403508772,0.9649122807017544,0.4,0.8870967741935484,0.4,0.9649122807017544,0.5333333333333333,0.7102150537634409,0.7798245614035088
658,9,48,4,16,0.7402597402597403,0.6415384615384616,0.9230769230769231,0.36,0.8275862068965517,0.36,0.9230769230769231,0.47368421052631576,0.6506352087114338,0.8607692307692308
659,11,54,3,9,0.8441558441558441,0.7486842105263158,0.9473684210526315,0.55,0.9,0.55,0.9473684210526315,0.6470588235294118,0.7735294117647059,0.8438596491228071
660,10,55,1,11,0.8441558441558441,0.7291666666666666,0.9821428571428571,0.47619047619047616,0.9016393442622951,0.47619047619047616,0.9821428571428571,0.625,0.7633196721311475,0.8554421768707483
661,9,58,2,8,0.8701298701298701,0.7480392156862745,0.9666666666666667,0.5294117647058824,0.9206349206349206,0.5294117647058824,0.9666666666666667,0.6428571428571429,0.7817460317460317,0.8666666666666667
662,7,53,4,13,0.7792207792207793,0.6399122807017543,0.9298245614035088,0.35,0.8617886178861789,0.35,0.9298245614035088,0.45161290322580644,0.6567007605559927,0.7763157894736842
663,7,50,9,11,0.7402597402597403,0.6181732580037664,0.847457627118644,0.3888888888888889,0.8333333333333334,0.3888888888888889,0.847457627118644,0.4117647058823529,0.6225490196078431,0.699623352165725
664,8,53,6,10,0.7922077922077922,0.6713747645951036,0.8983050847457628,0.4444444444444444,0.8688524590163934,0.4444444444444444,0.8983050847457628,0.5,0.6844262295081966,0.8483992467043314
665,8,55,3,11,0.8181818181818182,0.6846642468239564,0.9482758620689655,0.42105263157894735,0.8870967741935484,0.42105263157894735,0.9482758620689655,0.5333333333333333,0.7102150537634409,0.7849364791288567
666,13,49,4,11,0.8051948051948052,0.7330974842767295,0.9245283018867925,0.5416666666666666,0.8672566371681416,0.5416666666666666,0.9245283018867925,0.6341463414634146,0.7507014893157782,0.863993710691824
667,11,51,3,12,0.8051948051948052,0.711352657004831,0.9444444444444444,0.4782608695652174,0.8717948717948718,0.4782608695652174,0.9444444444444444,0.5945945945945946,0.7331947331947333,0.8776167471819646
668,3,63,2,9,0.8571428571428571,0.6096153846153847,0.9692307692307692,0.25,0.9197080291970803,0.25,0.9692307692307692,0.35294117647058826,0.6363246028338343,0.8628205128205129
669,13,51,4,9,0.8311688311688312,0.759090909090909,0.9272727272727272,0.5909090909090909,0.8869565217391304,0.5909090909090909,0.9272727272727272,0.6666666666666666,0.7768115942028986,0.8652892561983471
670,14,49,2,12,0.8181818181818182,0.7496229260935143,0.9607843137254902,0.5384615384615384,0.875,0.5384615384615384,0.9607843137254902,0.6666666666666666,0.7708333333333333,0.8996983408748114
671,11,48,5,13,0.7662337662337663,0.6819968553459119,0.9056603773584906,0.4583333333333333,0.8421052631578947,0.4583333333333333,0.9056603773584906,0.55,0.6960526315789474,0.7672955974842769
672,10,54,3,10,0.8311688311688312,0.7236842105263157,0.9473684210526315,0.5,0.8925619834710744,0.5,0.9473684210526315,0.6060606060606061,0.7493112947658402,0.85
673,8,54,4,11,0.8051948051948052,0.676043557168784,0.9310344827586207,0.42105263157894735,0.8780487804878049,0.42105263157894735,0.9310344827586207,0.5161290322580645,0.6970889063729346,0.8357531760435573
674,13,44,4,16,0.7402597402597403,0.6824712643678161,0.9166666666666666,0.4482758620689655,0.8148148148148148,0.4482758620689655,0.9166666666666666,0.5652173913043478,0.6900161030595813,0.7887931034482757
675,7,54,1,15,0.7922077922077922,0.65,0.9818181818181818,0.3181818181818182,0.8709677419354839,0.3181818181818182,0.9818181818181818,0.4666666666666667,0.6688172043010753,0.7487603305785125
676,9,51,4,13,0.7792207792207793,0.6681818181818182,0.9272727272727272,0.4090909090909091,0.8571428571428571,0.4090909090909091,0.9272727272727272,0.5142857142857142,0.6857142857142857,0.8024793388429753
677,8,55,3,11,0.8181818181818182,0.6846642468239564,0.9482758620689655,0.42105263157894735,0.8870967741935484,0.42105263157894735,0.9482758620689655,0.5333333333333333,0.7102150537634409,0.8049001814882032
678,14,49,2,12,0.8181818181818182,0.7496229260935143,0.9607843137254902,0.5384615384615384,0.875,0.5384615384615384,0.9607843137254902,0.6666666666666666,0.7708333333333333,0.8702865761689291
679,9,48,6,14,0.7402597402597403,0.6400966183574879,0.8888888888888888,0.391304347826087,0.8275862068965517,0.391304347826087,0.8888888888888888,0.47368421052631576,0.6506352087114338,0.8301127214170692
680,9,50,6,12,0.7662337662337663,0.6607142857142857,0.8928571428571429,0.42857142857142855,0.847457627118644,0.42857142857142855,0.8928571428571429,0.5,0.673728813559322,0.7950680272108845
681,10,58,0,9,0.8831168831168831,0.763157894736842,1.0,0.5263157894736842,0.928,0.5263157894736842,1.0,0.6896551724137931,0.8088275862068965,0.8421052631578947
682,6,60,3,8,0.8571428571428571,0.6904761904761905,0.9523809523809523,0.42857142857142855,0.916030534351145,0.42857142857142855,0.9523809523809523,0.5217391304347826,0.7188848323929637,0.7981859410430839
683,12,44,8,13,0.7272727272727273,0.6630769230769231,0.8461538461538461,0.48,0.8073394495412844,0.48,0.8461538461538461,0.5333333333333333,0.6703363914373088,0.7630769230769231
684,12,49,5,11,0.7922077922077922,0.7145732689210951,0.9074074074074074,0.5217391304347826,0.8596491228070176,0.5217391304347826,0.9074074074074074,0.6,0.7298245614035088,0.8671497584541062
685,5,55,3,14,0.7792207792207793,0.6057168784029038,0.9482758620689655,0.2631578947368421,0.8661417322834646,0.2631578947368421,0.9482758620689655,0.37037037037037035,0.6182560513269175,0.835753176043557
686,11,52,3,11,0.8181818181818182,0.7227272727272727,0.9454545454545454,0.5,0.8813559322033898,0.5,0.9454545454545454,0.6111111111111112,0.7462335216572504,0.9
687,8,47,2,20,0.7142857142857143,0.6224489795918366,0.9591836734693877,0.2857142857142857,0.8103448275862069,0.2857142857142857,0.9591836734693877,0.42105263157894735,0.6156987295825771,0.8403790087463558
688,15,40,5,17,0.7142857142857143,0.6788194444444444,0.8888888888888888,0.46875,0.7843137254901961,0.46875,0.8888888888888888,0.5769230769230769,0.6806184012066365,0.7354166666666667
689,7,51,7,12,0.7532467532467533,0.6238656987295825,0.8793103448275862,0.3684210526315789,0.8429752066115702,0.3684210526315789,0.8793103448275862,0.42424242424242425,0.6336088154269972,0.7586206896551724
690,8,51,4,14,0.7662337662337663,0.6454545454545455,0.9272727272727272,0.36363636363636365,0.85,0.36363636363636365,0.9272727272727272,0.47058823529411764,0.6602941176470588,0.8140495867768596
691,11,52,6,8,0.8181818181818182,0.7377495462794919,0.896551724137931,0.5789473684210527,0.8813559322033898,0.5789473684210527,0.896551724137931,0.6111111111111112,0.7462335216572504,0.8611615245009075
692,6,55,2,14,0.7922077922077922,0.6324561403508772,0.9649122807017544,0.3,0.873015873015873,0.3,0.9649122807017544,0.42857142857142855,0.6507936507936508,0.7728070175438596
693,13,49,5,10,0.8051948051948052,0.7363123993558776,0.9074074074074074,0.5652173913043478,0.8672566371681416,0.5652173913043478,0.9074074074074074,0.6341463414634146,0.7507014893157782,0.9122383252818035
694,13,50,3,11,0.8181818181818182,0.7425314465408805,0.9433962264150944,0.5416666666666666,0.8771929824561403,0.5416666666666666,0.9433962264150944,0.65,0.7635964912280702,0.845125786163522
695,10,49,6,12,0.7662337662337663,0.6727272727272727,0.8909090909090909,0.45454545454545453,0.8448275862068966,0.45454545454545453,0.8909090909090909,0.5263157894736842,0.6855716878402904,0.8214876033057851
696,10,52,4,11,0.8051948051948052,0.7023809523809523,0.9285714285714286,0.47619047619047616,0.8739495798319328,0.47619047619047616,0.9285714285714286,0.5714285714285714,0.7226890756302521,0.8299319727891157
697,13,49,4,11,0.8051948051948052,0.7330974842767295,0.9245283018867925,0.5416666666666666,0.8672566371681416,0.5416666666666666,0.9245283018867925,0.6341463414634146,0.7507014893157782,0.8105345911949687
698,6,57,2,12,0.8181818181818182,0.6497175141242938,0.9661016949152542,0.3333333333333333,0.890625,0.3333333333333333,0.9661016949152542,0.46153846153846156,0.6760817307692308,0.8512241054613936
699,10,55,2,10,0.8441558441558441,0.7324561403508771,0.9649122807017544,0.5,0.9016393442622951,0.5,0.9649122807017544,0.625,0.7633196721311475,0.8956140350877193
700,7,56,1,13,0.8181818181818182,0.6662280701754386,0.9824561403508771,0.35,0.8888888888888888,0.35,0.9824561403508771,0.5,0.6944444444444444,0.7947368421052632
701,15,52,2,8,0.8701298701298701,0.8075684380032206,0.9629629629629629,0.6521739130434783,0.9122807017543859,0.6521739130434783,0.9629629629629629,0.75,0.831140350877193,0.9235104669887279
702,8,51,5,13,0.7662337662337663,0.6458333333333333,0.9107142857142857,0.38095238095238093,0.85,0.38095238095238093,0.9107142857142857,0.47058823529411764,0.6602941176470588,0.788265306122449
703,10,50,5,12,0.7792207792207793,0.6818181818181818,0.9090909090909091,0.45454545454545453,0.8547008547008547,0.45454545454545453,0.9090909090909091,0.5405405405405406,0.6976206976206976,0.8404958677685952
704,8,52,5,12,0.7792207792207793,0.656140350877193,0.9122807017543859,0.4,0.859504132231405,0.4,0.9122807017543859,0.48484848484848486,0.6721763085399449,0.8245614035087719
705,7,55,3,12,0.8051948051948052,0.6583484573502723,0.9482758620689655,0.3684210526315789,0.88,0.3684210526315789,0.9482758620689655,0.4827586206896552,0.6813793103448276,0.8303085299455536
706,10,55,4,8,0.8441558441558441,0.743879472693032,0.9322033898305084,0.5555555555555556,0.9016393442622951,0.5555555555555556,0.9322033898305084,0.625,0.7633196721311475,0.864406779661017
707,12,53,3,9,0.8441558441558441,0.7589285714285714,0.9464285714285714,0.5714285714285714,0.8983050847457628,0.5714285714285714,0.9464285714285714,0.6666666666666666,0.7824858757062148,0.8163265306122449
708,7,52,5,13,0.7662337662337663,0.6311403508771929,0.9122807017543859,0.35,0.8524590163934426,0.35,0.9122807017543859,0.4375,0.6449795081967213,0.8035087719298246
709,7,55,2,13,0.8051948051948052,0.6574561403508772,0.9649122807017544,0.35,0.88,0.35,0.9649122807017544,0.4827586206896552,0.6813793103448276,0.7140350877192982
710,14,55,0,8,0.8961038961038961,0.8181818181818181,1.0,0.6363636363636364,0.9322033898305084,0.6363636363636364,1.0,0.7777777777777778,0.8549905838041432,0.9008264462809916
711,6,56,2,13,0.8051948051948052,0.6406533575317604,0.9655172413793104,0.3157894736842105,0.8818897637795275,0.3157894736842105,0.9655172413793104,0.4444444444444444,0.663167104111986,0.7558983666061705
712,9,54,5,9,0.8181818181818182,0.7076271186440678,0.9152542372881356,0.5,0.8852459016393442,0.5,0.9152542372881356,0.5625,0.7238729508196722,0.876647834274953
713,11,52,3,11,0.8181818181818182,0.7227272727272727,0.9454545454545454,0.5,0.8813559322033898,0.5,0.9454545454545454,0.6111111111111112,0.7462335216572504,0.8454545454545455
714,11,52,2,12,0.8181818181818182,0.7206119162640902,0.9629629629629629,0.4782608695652174,0.8813559322033898,0.4782608695652174,0.9629629629629629,0.6111111111111112,0.7462335216572504,0.8574879227053139
715,9,47,5,16,0.7272727272727273,0.6319230769230769,0.9038461538461539,0.36,0.8173913043478261,0.36,0.9038461538461539,0.46153846153846156,0.6394648829431439,0.7384615384615385
716,10,45,5,17,0.7142857142857143,0.6351851851851852,0.9,0.37037037037037035,0.8035714285714286,0.37037037037037035,0.9,0.47619047619047616,0.6398809523809523,0.8251851851851852
717,10,50,7,10,0.7792207792207793,0.6885964912280702,0.8771929824561403,0.5,0.8547008547008547,0.5,0.8771929824561403,0.5405405405405406,0.6976206976206976,0.8175438596491228
718,12,56,2,7,0.8831168831168831,0.7985480943738656,0.9655172413793104,0.631578947368421,0.9256198347107438,0.631578947368421,0.9655172413793104,0.7272727272727273,0.8264462809917356,0.8747731397459165
719,6,54,7,10,0.7792207792207793,0.6301229508196722,0.8852459016393442,0.375,0.864,0.375,0.8852459016393442,0.41379310344827586,0.638896551724138,0.805327868852459
720,10,55,2,10,0.8441558441558441,0.7324561403508771,0.9649122807017544,0.5,0.9016393442622951,0.5,0.9649122807017544,0.625,0.7633196721311475,0.8789473684210527
721,16,46,5,10,0.8051948051948052,0.7586726998491704,0.9019607843137255,0.6153846153846154,0.8598130841121495,0.6153846153846154,0.9019607843137255,0.6808510638297872,0.7703320739709684,0.8401206636500754
722,10,57,2,8,0.8701298701298701,0.7608286252354048,0.9661016949152542,0.5555555555555556,0.9193548387096774,0.5555555555555556,0.9661016949152542,0.6666666666666666,0.793010752688172,0.8634651600753296
723,13,57,1,6,0.9090909090909091,0.8334845735027223,0.9827586206896551,0.6842105263157895,0.9421487603305785,0.6842105263157895,0.9827586206896551,0.7878787878787878,0.8650137741046832,0.9428312159709618
724,9,54,8,6,0.8181818181818182,0.7354838709677419,0.8709677419354839,0.6,0.8852459016393442,0.6,0.8709677419354839,0.5625,0.7238729508196722,0.8741935483870967
725,14,43,5,15,0.7402597402597403,0.6892959770114943,0.8958333333333334,0.4827586206896552,0.8113207547169812,0.4827586206896552,0.8958333333333334,0.5833333333333334,0.6973270440251573,0.8627873563218391
726,10,53,4,10,0.8181818181818182,0.7149122807017544,0.9298245614035088,0.5,0.8833333333333333,0.5,0.9298245614035088,0.5882352941176471,0.7357843137254902,0.7657894736842106
727,7,57,4,9,0.8311688311688312,0.6859631147540983,0.9344262295081968,0.4375,0.8976377952755905,0.4375,0.9344262295081968,0.5185185185185185,0.7080781568970544,0.8422131147540983
728,12,48,4,13,0.7792207792207793,0.7015384615384616,0.9230769230769231,0.48,0.8495575221238938,0.48,0.9230769230769231,0.5853658536585366,0.7174616878912152,0.8707692307692307
729,7,49,3,18,0.7272727272727273,0.6111538461538462,0.9423076923076923,0.28,0.8235294117647058,0.28,0.9423076923076923,0.4,0.611764705882353,0.68
730,13,47,9,8,0.7792207792207793,0.7291666666666667,0.8392857142857143,0.6190476190476191,0.8468468468468469,0.6190476190476191,0.8392857142857143,0.6046511627906976,0.7257490048187722,0.7619047619047619
731,6,53,7,11,0.7662337662337663,0.6181372549019608,0.8833333333333333,0.35294117647058826,0.8548387096774194,0.35294117647058826,0.8833333333333333,0.4,0.6274193548387097,0.8019607843137254
732,7,56,2,12,0.8181818181818182,0.6669691470054446,0.9655172413793104,0.3684210526315789,0.8888888888888888,0.3684210526315789,0.9655172413793104,0.5,0.6944444444444444,0.8883847549909256
733,8,51,2,16,0.7662337662337663,0.6477987421383647,0.9622641509433962,0.3333333333333333,0.85,0.3333333333333333,0.9622641509433962,0.47058823529411764,0.6602941176470588,0.7783018867924528
734,13,51,4,9,0.8311688311688312,0.759090909090909,0.9272727272727272,0.5909090909090909,0.8869565217391304,0.5909090909090909,0.9272727272727272,0.6666666666666666,0.7768115942028986,0.8710743801652893
735,9,53,5,10,0.8051948051948052,0.6937386569872959,0.9137931034482759,0.47368421052631576,0.8760330578512396,0.47368421052631576,0.9137931034482759,0.5454545454545454,0.7107438016528925,0.8012704174228675
736,3,59,4,11,0.8051948051948052,0.5753968253968254,0.9365079365079365,0.21428571428571427,0.8872180451127819,0.21428571428571427,0.9365079365079365,0.2857142857142857,0.5864661654135338,0.8038548752834468
737,9,53,6,9,0.8051948051948052,0.6991525423728814,0.8983050847457628,0.5,0.8760330578512396,0.5,0.8983050847457628,0.5454545454545454,0.7107438016528925,0.8192090395480226
738,7,56,5,9,0.8181818181818182,0.677766393442623,0.9180327868852459,0.4375,0.8888888888888888,0.4375,0.9180327868852459,0.5,0.6944444444444444,0.8411885245901639
739,13,46,9,9,0.7662337662337663,0.7136363636363636,0.8363636363636363,0.5909090909090909,0.8363636363636363,0.5909090909090909,0.8363636363636363,0.5909090909090909,0.7136363636363636,0.8107438016528926
740,9,54,5,9,0.8181818181818182,0.7076271186440678,0.9152542372881356,0.5,0.8852459016393442,0.5,0.9152542372881356,0.5625,0.7238729508196722,0.7664783427495292
741,9,52,6,10,0.7922077922077922,0.6851179673321234,0.896551724137931,0.47368421052631576,0.8666666666666667,0.47368421052631576,0.896551724137931,0.5294117647058824,0.6980392156862745,0.8475499092558985
742,9,60,4,4,0.8961038961038961,0.8149038461538461,0.9375,0.6923076923076923,0.9375,0.6923076923076923,0.9375,0.6923076923076923,0.8149038461538461,0.9435096153846154
743,12,55,3,7,0.8701298701298701,0.7899274047186933,0.9482758620689655,0.631578947368421,0.9166666666666666,0.631578947368421,0.9482758620689655,0.7058823529411765,0.8112745098039216,0.8584392014519056
744,2,60,3,12,0.8051948051948052,0.5476190476190476,0.9523809523809523,0.14285714285714285,0.8888888888888888,0.14285714285714285,0.9523809523809523,0.21052631578947367,0.5497076023391813,0.6927437641723355
745,11,48,7,11,0.7662337662337663,0.6863636363636363,0.8727272727272727,0.5,0.8421052631578947,0.5,0.8727272727272727,0.55,0.6960526315789474,0.8586776859504133
746,10,60,3,4,0.9090909090909091,0.8333333333333333,0.9523809523809523,0.7142857142857143,0.9448818897637795,0.7142857142857143,0.9523809523809523,0.7407407407407407,0.84281131525226,0.9172335600907029
747,7,56,4,10,0.8181818181818182,0.6725490196078432,0.9333333333333333,0.4117647058823529,0.8888888888888888,0.4117647058823529,0.9333333333333333,0.5,0.6944444444444444,0.7441176470588234
748,12,47,4,14,0.7662337662337663,0.691553544494721,0.9215686274509803,0.46153846153846156,0.8392857142857143,0.46153846153846156,0.9215686274509803,0.5714285714285714,0.7053571428571428,0.7760180995475113
749,11,54,4,8,0.8441558441558441,0.7549909255898366,0.9310344827586207,0.5789473684210527,0.9,0.5789473684210527,0.9310344827586207,0.6470588235294118,0.7735294117647059,0.8593466424682396
750,10,54,6,7,0.8311688311688312,0.7441176470588236,0.9,0.5882352941176471,0.8925619834710744,0.5882352941176471,0.9,0.6060606060606061,0.7493112947658402,0.8627450980392157
751,6,61,2,8,0.8701298701298701,0.6984126984126984,0.9682539682539683,0.42857142857142855,0.9242424242424242,0.42857142857142855,0.9682539682539683,0.5454545454545454,0.7348484848484849,0.8888888888888888
752,10,54,5,8,0.8311688311688312,0.7354048964218456,0.9152542372881356,0.5555555555555556,0.8925619834710744,0.5555555555555556,0.9152542372881356,0.6060606060606061,0.7493112947658402,0.8898305084745762
753,5,56,2,14,0.7922077922077922,0.6143375680580763,0.9655172413793104,0.2631578947368421,0.875,0.2631578947368421,0.9655172413793104,0.38461538461538464,0.6298076923076923,0.7921960072595281
754,11,53,5,8,0.8311688311688312,0.7463702359346642,0.9137931034482759,0.5789473684210527,0.8907563025210085,0.5789473684210527,0.9137931034482759,0.6285714285714286,0.7596638655462185,0.8974591651542649
755,11,49,7,10,0.7792207792207793,0.6994047619047619,0.875,0.5238095238095238,0.8521739130434782,0.5238095238095238,0.875,0.5641025641025641,0.7081382385730212,0.7865646258503401
756,11,53,3,10,0.8311688311688312,0.7351190476190477,0.9464285714285714,0.5238095238095238,0.8907563025210085,0.5238095238095238,0.9464285714285714,0.6285714285714286,0.7596638655462185,0.8188775510204082
757,13,48,4,12,0.7922077922077922,0.7215384615384616,0.9230769230769231,0.52,0.8571428571428571,0.52,0.9230769230769231,0.6190476190476191,0.7380952380952381,0.7992307692307692
758,8,56,2,11,0.8311688311688312,0.6932849364791289,0.9655172413793104,0.42105263157894735,0.896,0.42105263157894735,0.9655172413793104,0.5517241379310345,0.7238620689655173,0.8221415607985479
759,13,57,1,6,0.9090909090909091,0.8334845735027223,0.9827586206896551,0.6842105263157895,0.9421487603305785,0.6842105263157895,0.9827586206896551,0.7878787878787878,0.8650137741046832,0.9010889292196007
760,15,53,4,5,0.8831168831168831,0.8399122807017544,0.9298245614035088,0.75,0.9217391304347826,0.75,0.9298245614035088,0.7692307692307693,0.8454849498327759,0.8947368421052632
761,9,54,4,10,0.8181818181818182,0.7023593466424682,0.9310344827586207,0.47368421052631576,0.8852459016393442,0.47368421052631576,0.9310344827586207,0.5625,0.7238729508196722,0.852994555353902
762,13,49,1,14,0.8051948051948052,0.7307407407407407,0.98,0.48148148148148145,0.8672566371681416,0.48148148148148145,0.98,0.6341463414634146,0.7507014893157782,0.8096296296296296
763,12,51,6,8,0.8181818181818182,0.7473684210526316,0.8947368421052632,0.6,0.8793103448275862,0.6,0.8947368421052632,0.631578947368421,0.7554446460980035,0.8491228070175438
764,9,50,4,14,0.7662337662337663,0.6586151368760065,0.9259259259259259,0.391304347826087,0.847457627118644,0.391304347826087,0.9259259259259259,0.5,0.673728813559322,0.7785829307568438
765,13,47,2,15,0.7792207792207793,0.7117346938775511,0.9591836734693877,0.4642857142857143,0.8468468468468469,0.4642857142857143,0.9591836734693877,0.6046511627906976,0.7257490048187722,0.7988338192419826
766,8,55,5,9,0.8181818181818182,0.6936274509803921,0.9166666666666666,0.47058823529411764,0.8870967741935484,0.47058823529411764,0.9166666666666666,0.5333333333333333,0.7102150537634409,0.7803921568627451
767,13,51,5,8,0.8311688311688312,0.7648809523809523,0.9107142857142857,0.6190476190476191,0.8869565217391304,0.6190476190476191,0.9107142857142857,0.6666666666666666,0.7768115942028986,0.814625850340136
768,13,52,3,9,0.8441558441558441,0.7681818181818182,0.9454545454545454,0.5909090909090909,0.896551724137931,0.5909090909090909,0.9454545454545454,0.6842105263157895,0.7903811252268602,0.8842975206611571
769,8,55,7,7,0.8181818181818182,0.7102150537634409,0.8870967741935484,0.5333333333333333,0.8870967741935484,0.5333333333333333,0.8870967741935484,0.5333333333333333,0.7102150537634409,0.7827956989247312
770,9,48,8,12,0.7402597402597403,0.6428571428571428,0.8571428571428571,0.42857142857142855,0.8275862068965517,0.42857142857142855,0.8571428571428571,0.47368421052631576,0.6506352087114338,0.798469387755102
771,12,51,4,10,0.8181818181818182,0.7363636363636363,0.9272727272727272,0.5454545454545454,0.8793103448275862,0.5454545454545454,0.9272727272727272,0.631578947368421,0.7554446460980035,0.8768595041322313
772,11,55,3,8,0.8571428571428571,0.7636116152450091,0.9482758620689655,0.5789473684210527,0.9090909090909091,0.5789473684210527,0.9482758620689655,0.6666666666666666,0.7878787878787878,0.882940108892922
773,10,57,2,8,0.8701298701298701,0.7608286252354048,0.9661016949152542,0.5555555555555556,0.9193548387096774,0.5555555555555556,0.9661016949152542,0.6666666666666666,0.793010752688172,0.8540489642184558
774,14,56,0,7,0.9090909090909091,0.8333333333333333,1.0,0.6666666666666666,0.9411764705882353,0.6666666666666666,1.0,0.8,0.8705882352941177,0.9039115646258503
775,7,50,5,15,0.7402597402597403,0.6136363636363636,0.9090909090909091,0.3181818181818182,0.8333333333333334,0.3181818181818182,0.9090909090909091,0.4117647058823529,0.6225490196078431,0.8057851239669422
776,12,53,5,7,0.8441558441558441,0.7726860254083485,0.9137931034482759,0.631578947368421,0.8983050847457628,0.631578947368421,0.9137931034482759,0.6666666666666666,0.7824858757062148,0.8448275862068966
777,14,48,2,13,0.8051948051948052,0.7392592592592593,0.96,0.5185185185185185,0.8648648648648649,0.5185185185185185,0.96,0.6511627906976745,0.7580138277812697,0.8192592592592591
778,8,52,6,11,0.7792207792207793,0.6588021778584392,0.896551724137931,0.42105263157894735,0.859504132231405,0.42105263157894735,0.896551724137931,0.48484848484848486,0.6721763085399449,0.8312159709618874
779,10,52,6,9,0.8051948051948052,0.7114337568058076,0.896551724137931,0.5263157894736842,0.8739495798319328,0.5263157894736842,0.896551724137931,0.5714285714285714,0.7226890756302521,0.8166969147005444
780,7,56,4,10,0.8181818181818182,0.6725490196078432,0.9333333333333333,0.4117647058823529,0.8888888888888888,0.4117647058823529,0.9333333333333333,0.5,0.6944444444444444,0.9009803921568628
781,11,55,2,9,0.8571428571428571,0.7574561403508773,0.9649122807017544,0.55,0.9090909090909091,0.55,0.9649122807017544,0.6666666666666666,0.7878787878787878,0.855263157894737
782,11,48,6,12,0.7662337662337663,0.6835748792270531,0.8888888888888888,0.4782608695652174,0.8421052631578947,0.4782608695652174,0.8888888888888888,0.55,0.6960526315789474,0.7793880837359098
783,12,56,3,6,0.8831168831168831,0.807909604519774,0.9491525423728814,0.6666666666666666,0.9256198347107438,0.6666666666666666,0.9491525423728814,0.7272727272727273,0.8264462809917356,0.928436911487759
784,9,57,4,7,0.8571428571428571,0.7484631147540983,0.9344262295081968,0.5625,0.912,0.5625,0.9344262295081968,0.6206896551724138,0.7663448275862069,0.8862704918032787
785,11,45,5,16,0.7272727272727273,0.6537037037037037,0.9,0.4074074074074074,0.8108108108108109,0.4074074074074074,0.9,0.5116279069767442,0.6612193588937776,0.7948148148148149
786,11,56,2,8,0.8701298701298701,0.7722323049001816,0.9655172413793104,0.5789473684210527,0.9180327868852459,0.5789473684210527,0.9655172413793104,0.6875,0.802766393442623,0.8366606170598911
787,10,55,6,6,0.8441558441558441,0.7633196721311475,0.9016393442622951,0.625,0.9016393442622951,0.625,0.9016393442622951,0.625,0.7633196721311475,0.8831967213114754
788,9,49,5,14,0.7532467532467533,0.6493558776167472,0.9074074074074074,0.391304347826087,0.8376068376068376,0.391304347826087,0.9074074074074074,0.4864864864864865,0.6620466620466621,0.8816425120772947
789,10,46,5,16,0.7272727272727273,0.6432880844645551,0.9019607843137255,0.38461538461538464,0.8141592920353983,0.38461538461538464,0.9019607843137255,0.4878048780487805,0.6509820850420893,0.7435897435897436
790,15,48,4,10,0.8181818181818182,0.7615384615384615,0.9230769230769231,0.6,0.8727272727272727,0.6,0.9230769230769231,0.6818181818181818,0.7772727272727272,0.8676923076923077
791,8,57,2,10,0.8441558441558441,0.7052730696798493,0.9661016949152542,0.4444444444444444,0.9047619047619048,0.4444444444444444,0.9661016949152542,0.5714285714285714,0.7380952380952381,0.7721280602636534
792,8,59,1,9,0.8701298701298701,0.7269607843137255,0.9833333333333333,0.47058823529411764,0.921875,0.47058823529411764,0.9833333333333333,0.6153846153846154,0.7686298076923077,0.9019607843137255
793,11,52,3,11,0.8181818181818182,0.7227272727272727,0.9454545454545454,0.5,0.8813559322033898,0.5,0.9454545454545454,0.6111111111111112,0.7462335216572504,0.7768595041322314
794,11,52,1,13,0.8181818181818182,0.7197327044025157,0.9811320754716981,0.4583333333333333,0.8813559322033898,0.4583333333333333,0.9811320754716981,0.6111111111111112,0.7462335216572504,0.8152515723270441
795,12,53,2,10,0.8441558441558441,0.7545454545454545,0.9636363636363636,0.5454545454545454,0.8983050847457628,0.5454545454545454,0.9636363636363636,0.6666666666666666,0.7824858757062148,0.8966942148760331
796,8,49,2,18,0.7402597402597403,0.6342383107088989,0.9607843137254902,0.3076923076923077,0.8305084745762712,0.3076923076923077,0.9607843137254902,0.4444444444444444,0.6374764595103578,0.7624434389140272
797,8,53,2,14,0.7922077922077922,0.6636363636363636,0.9636363636363636,0.36363636363636365,0.8688524590163934,0.36363636363636365,0.9636363636363636,0.5,0.6844262295081966,0.8404958677685951
798,8,53,0,16,0.7922077922077922,0.6666666666666666,1.0,0.3333333333333333,0.8688524590163934,0.3333333333333333,1.0,0.5,0.6844262295081966,0.8034591194968553
799,12,51,4,10,0.8181818181818182,0.7363636363636363,0.9272727272727272,0.5454545454545454,0.8793103448275862,0.5454545454545454,0.9272727272727272,0.631578947368421,0.7554446460980035,0.8859504132231406
800,10,45,9,13,0.7142857142857143,0.6340579710144928,0.8333333333333334,0.43478260869565216,0.8035714285714286,0.43478260869565216,0.8333333333333334,0.47619047619047616,0.6398809523809523,0.748792270531401
801,7,55,4,11,0.8051948051948052,0.6605461393596986,0.9322033898305084,0.3888888888888889,0.88,0.3888888888888889,0.9322033898305084,0.4827586206896552,0.6813793103448276,0.8559322033898306
802,9,56,5,7,0.8441558441558441,0.740266393442623,0.9180327868852459,0.5625,0.9032258064516129,0.5625,0.9180327868852459,0.6,0.7516129032258064,0.9036885245901639
803,10,58,2,7,0.8831168831168831,0.7774509803921569,0.9666666666666667,0.5882352941176471,0.928,0.5882352941176471,0.9666666666666667,0.6896551724137931,0.8088275862068965,0.8745098039215686
804,16,48,3,10,0.8311688311688312,0.7782805429864253,0.9411764705882353,0.6153846153846154,0.8807339449541285,0.6153846153846154,0.9411764705882353,0.7111111111111111,0.7959225280326199,0.8702865761689291
805,15,47,2,13,0.8051948051948052,0.7474489795918366,0.9591836734693877,0.5357142857142857,0.8623853211009175,0.5357142857142857,0.9591836734693877,0.6666666666666666,0.764525993883792,0.8950437317784257
806,14,47,5,11,0.7922077922077922,0.7319230769230769,0.9038461538461539,0.56,0.8545454545454545,0.56,0.9038461538461539,0.6363636363636364,0.7454545454545454,0.8246153846153845
807,9,50,5,13,0.7662337662337663,0.6590909090909091,0.9090909090909091,0.4090909090909091,0.847457627118644,0.4090909090909091,0.9090909090909091,0.5,0.673728813559322,0.8669421487603306
808,12,45,4,16,0.7402597402597403,0.673469387755102,0.9183673469387755,0.42857142857142855,0.8181818181818182,0.42857142857142855,0.9183673469387755,0.5454545454545454,0.6818181818181819,0.8177842565597667
809,5,56,7,9,0.7922077922077922,0.623015873015873,0.8888888888888888,0.35714285714285715,0.875,0.35714285714285715,0.8888888888888888,0.38461538461538464,0.6298076923076923,0.7437641723356009
810,11,52,4,10,0.8181818181818182,0.7261904761904763,0.9285714285714286,0.5238095238095238,0.8813559322033898,0.5238095238095238,0.9285714285714286,0.6111111111111112,0.7462335216572504,0.7933673469387755
811,13,49,4,11,0.8051948051948052,0.7330974842767295,0.9245283018867925,0.5416666666666666,0.8672566371681416,0.5416666666666666,0.9245283018867925,0.6341463414634146,0.7507014893157782,0.8105345911949686
812,12,55,0,10,0.8701298701298701,0.7727272727272727,1.0,0.5454545454545454,0.9166666666666666,0.5454545454545454,1.0,0.7058823529411765,0.8112745098039216,0.8983471074380166
813,16,47,4,10,0.8181818181818182,0.7684766214177978,0.9215686274509803,0.6153846153846154,0.8703703703703703,0.6153846153846154,0.9215686274509803,0.6956521739130435,0.7830112721417068,0.8815987933634992
814,4,58,4,11,0.8051948051948052,0.6010752688172043,0.9354838709677419,0.26666666666666666,0.8854961832061069,0.26666666666666666,0.9354838709677419,0.34782608695652173,0.6166611350813143,0.843010752688172
815,9,49,4,15,0.7532467532467533,0.6497641509433962,0.9245283018867925,0.375,0.8376068376068376,0.375,0.9245283018867925,0.4864864864864865,0.6620466620466621,0.7783018867924528
816,9,52,6,10,0.7922077922077922,0.6851179673321234,0.896551724137931,0.47368421052631576,0.8666666666666667,0.47368421052631576,0.896551724137931,0.5294117647058824,0.6980392156862745,0.7722323049001815
817,11,50,6,10,0.7922077922077922,0.7083333333333334,0.8928571428571429,0.5238095238095238,0.8620689655172413,0.5238095238095238,0.8928571428571429,0.5789473684210527,0.720508166969147,0.7482993197278912
818,11,49,2,15,0.7792207792207793,0.6919306184012066,0.9607843137254902,0.4230769230769231,0.8521739130434782,0.4230769230769231,0.9607843137254902,0.5641025641025641,0.7081382385730212,0.8453996983408748
819,8,54,3,12,0.8051948051948052,0.6736842105263158,0.9473684210526315,0.4,0.8780487804878049,0.4,0.9473684210526315,0.5161290322580645,0.6970889063729346,0.7587719298245614
820,6,56,5,10,0.8051948051948052,0.646516393442623,0.9180327868852459,0.375,0.8818897637795275,0.375,0.9180327868852459,0.4444444444444444,0.663167104111986,0.7715163934426229
821,8,55,3,11,0.8181818181818182,0.6846642468239564,0.9482758620689655,0.42105263157894735,0.8870967741935484,0.42105263157894735,0.9482758620689655,0.5333333333333333,0.7102150537634409,0.8629764065335752
822,9,52,5,11,0.7922077922077922,0.6811403508771929,0.9122807017543859,0.45,0.8666666666666667,0.45,0.9122807017543859,0.5294117647058824,0.6980392156862745,0.8026315789473684
823,10,49,4,14,0.7662337662337663,0.6705974842767296,0.9245283018867925,0.4166666666666667,0.8448275862068966,0.4166666666666667,0.9245283018867925,0.5263157894736842,0.6855716878402904,0.7932389937106918
824,11,49,5,12,0.7792207792207793,0.6928341384863124,0.9074074074074074,0.4782608695652174,0.8521739130434782,0.4782608695652174,0.9074074074074074,0.5641025641025641,0.7081382385730212,0.8357487922705313
825,6,58,5,8,0.8311688311688312,0.6746031746031745,0.9206349206349206,0.42857142857142855,0.8992248062015504,0.42857142857142855,0.9206349206349206,0.48,0.6896124031007752,0.7834467120181405
826,6,55,4,12,0.7922077922077922,0.6327683615819208,0.9322033898305084,0.3333333333333333,0.873015873015873,0.3333333333333333,0.9322033898305084,0.42857142857142855,0.6507936507936508,0.667608286252354
827,10,51,7,9,0.7922077922077922,0.7028130671506352,0.8793103448275862,0.5263157894736842,0.864406779661017,0.5263157894736842,0.8793103448275862,0.5555555555555556,0.7099811676082863,0.8012704174228675
828,5,58,5,9,0.8181818181818182,0.6388888888888888,0.9206349206349206,0.35714285714285715,0.8923076923076924,0.35714285714285715,0.9206349206349206,0.4166666666666667,0.6544871794871795,0.8197278911564626
829,11,52,3,11,0.8181818181818182,0.7227272727272727,0.9454545454545454,0.5,0.8813559322033898,0.5,0.9454545454545454,0.6111111111111112,0.7462335216572504,0.8413223140495868
830,8,52,4,13,0.7792207792207793,0.6547619047619048,0.9285714285714286,0.38095238095238093,0.859504132231405,0.38095238095238093,0.9285714285714286,0.48484848484848486,0.6721763085399449,0.8180272108843538
831,15,53,2,7,0.8831168831168831,0.8227272727272728,0.9636363636363636,0.6818181818181818,0.9217391304347826,0.6818181818181818,0.9636363636363636,0.7692307692307693,0.8454849498327759,0.8570247933884296
832,12,49,6,10,0.7922077922077922,0.7181818181818181,0.8909090909090909,0.5454545454545454,0.8596491228070176,0.5454545454545454,0.8909090909090909,0.6,0.7298245614035088,0.7925619834710742
833,8,51,6,12,0.7662337662337663,0.6473684210526316,0.8947368421052632,0.4,0.85,0.4,0.8947368421052632,0.47058823529411764,0.6602941176470588,0.7526315789473684
834,8,49,7,13,0.7402597402597403,0.6279761904761905,0.875,0.38095238095238093,0.8305084745762712,0.38095238095238093,0.875,0.4444444444444444,0.6374764595103578,0.8511904761904762
835,13,49,4,11,0.8051948051948052,0.7330974842767295,0.9245283018867925,0.5416666666666666,0.8672566371681416,0.5416666666666666,0.9245283018867925,0.6341463414634146,0.7507014893157782,0.729559748427673
836,10,54,3,10,0.8311688311688312,0.7236842105263157,0.9473684210526315,0.5,0.8925619834710744,0.5,0.9473684210526315,0.6060606060606061,0.7493112947658402,0.8342105263157895
837,10,52,3,12,0.8051948051948052,0.7,0.9454545454545454,0.45454545454545453,0.8739495798319328,0.45454545454545453,0.9454545454545454,0.5714285714285714,0.7226890756302521,0.8950413223140496
838,14,48,5,10,0.8051948051948052,0.7444968553459119,0.9056603773584906,0.5833333333333334,0.8648648648648649,0.5833333333333334,0.9056603773584906,0.6511627906976745,0.7580138277812697,0.8301886792452831
839,11,52,6,8,0.8181818181818182,0.7377495462794919,0.896551724137931,0.5789473684210527,0.8813559322033898,0.5789473684210527,0.896551724137931,0.6111111111111112,0.7462335216572504,0.8121597096188748
840,6,54,4,13,0.7792207792207793,0.6234119782214156,0.9310344827586207,0.3157894736842105,0.864,0.3157894736842105,0.9310344827586207,0.41379310344827586,0.638896551724138,0.6914700544464609
841,8,51,6,12,0.7662337662337663,0.6473684210526316,0.8947368421052632,0.4,0.85,0.4,0.8947368421052632,0.47058823529411764,0.6602941176470588,0.7535087719298246
842,7,47,5,18,0.7012987012987013,0.591923076923077,0.9038461538461539,0.28,0.8034188034188035,0.28,0.9038461538461539,0.3783783783783784,0.5908985908985909,0.8261538461538461
843,10,53,6,8,0.8181818181818182,0.7269303201506592,0.8983050847457628,0.5555555555555556,0.8833333333333333,0.5555555555555556,0.8983050847457628,0.5882352941176471,0.7357843137254902,0.7871939736346515
844,5,64,3,5,0.8961038961038961,0.7276119402985075,0.9552238805970149,0.5,0.9411764705882353,0.5,0.9552238805970149,0.5555555555555556,0.7483660130718954,0.8970149253731343
845,10,50,5,12,0.7792207792207793,0.6818181818181818,0.9090909090909091,0.45454545454545453,0.8547008547008547,0.45454545454545453,0.9090909090909091,0.5405405405405406,0.6976206976206976,0.88099173553719
846,9,52,6,10,0.7922077922077922,0.6851179673321234,0.896551724137931,0.47368421052631576,0.8666666666666667,0.47368421052631576,0.896551724137931,0.5294117647058824,0.6980392156862745,0.8656987295825771
847,11,47,6,13,0.7532467532467533,0.672562893081761,0.8867924528301887,0.4583333333333333,0.831858407079646,0.4583333333333333,0.8867924528301887,0.5365853658536586,0.6842218864666523,0.8262578616352201
848,6,55,2,14,0.7922077922077922,0.6324561403508772,0.9649122807017544,0.3,0.873015873015873,0.3,0.9649122807017544,0.42857142857142855,0.6507936507936508,0.8008771929824561
849,9,61,4,3,0.9090909090909091,0.8442307692307692,0.9384615384615385,0.75,0.9457364341085271,0.75,0.9384615384615385,0.72,0.8328682170542636,0.9564102564102565
850,9,55,4,9,0.8311688311688312,0.7161016949152542,0.9322033898305084,0.5,0.8943089430894309,0.5,0.9322033898305084,0.5806451612903226,0.7374770521898768,0.8568738229755178
851,7,56,3,11,0.8181818181818182,0.6690207156308852,0.9491525423728814,0.3888888888888889,0.8888888888888888,0.3888888888888889,0.9491525423728814,0.5,0.6944444444444444,0.7391713747645952
852,12,48,4,13,0.7792207792207793,0.7015384615384616,0.9230769230769231,0.48,0.8495575221238938,0.48,0.9230769230769231,0.5853658536585366,0.7174616878912152,0.8730769230769231
853,11,50,3,13,0.7922077922077922,0.7008647798742138,0.9433962264150944,0.4583333333333333,0.8620689655172413,0.4583333333333333,0.9433962264150944,0.5789473684210527,0.720508166969147,0.8427672955974843
854,8,55,2,12,0.8181818181818182,0.6824561403508772,0.9649122807017544,0.4,0.8870967741935484,0.4,0.9649122807017544,0.5333333333333333,0.7102150537634409,0.768421052631579
855,14,55,1,7,0.8961038961038961,0.8244047619047619,0.9821428571428571,0.6666666666666666,0.9322033898305084,0.6666666666666666,0.9821428571428571,0.7777777777777778,0.8549905838041432,0.9234693877551019
856,15,54,2,6,0.8961038961038961,0.8392857142857143,0.9642857142857143,0.7142857142857143,0.9310344827586207,0.7142857142857143,0.9642857142857143,0.7894736842105263,0.8602540834845736,0.8860544217687074
857,7,61,2,7,0.8831168831168831,0.7341269841269842,0.9682539682539683,0.5,0.9312977099236641,0.5,0.9682539682539683,0.6086956521739131,0.7699966810487886,0.8106575963718821
858,11,58,3,5,0.8961038961038961,0.8191598360655737,0.9508196721311475,0.6875,0.9354838709677419,0.6875,0.9508196721311475,0.7333333333333333,0.8344086021505376,0.8442622950819672
859,10,52,4,11,0.8051948051948052,0.7023809523809523,0.9285714285714286,0.47619047619047616,0.8739495798319328,0.47619047619047616,0.9285714285714286,0.5714285714285714,0.7226890756302521,0.7959183673469388
860,8,51,3,15,0.7662337662337663,0.6461352657004831,0.9444444444444444,0.34782608695652173,0.85,0.34782608695652173,0.9444444444444444,0.47058823529411764,0.6602941176470588,0.8285024154589372
861,14,52,1,10,0.8571428571428571,0.7822327044025157,0.9811320754716981,0.5833333333333334,0.9043478260869565,0.5833333333333334,0.9811320754716981,0.717948717948718,0.8111482720178372,0.8844339622641509
862,5,63,2,7,0.8831168831168831,0.6929487179487179,0.9692307692307692,0.4166666666666667,0.9333333333333333,0.4166666666666667,0.9692307692307692,0.5263157894736842,0.7298245614035088,0.808974358974359
863,12,53,5,7,0.8441558441558441,0.7726860254083485,0.9137931034482759,0.631578947368421,0.8983050847457628,0.631578947368421,0.9137931034482759,0.6666666666666666,0.7824858757062148,0.9038112522686026
864,13,45,3,16,0.7532467532467533,0.6928879310344828,0.9375,0.4482758620689655,0.8256880733944955,0.4482758620689655,0.9375,0.5777777777777777,0.7017329255861366,0.8405172413793104
865,6,60,1,10,0.8571428571428571,0.6793032786885246,0.9836065573770492,0.375,0.916030534351145,0.375,0.9836065573770492,0.5217391304347826,0.7188848323929637,0.7366803278688524
866,12,49,6,10,0.7922077922077922,0.7181818181818181,0.8909090909090909,0.5454545454545454,0.8596491228070176,0.5454545454545454,0.8909090909090909,0.6,0.7298245614035088,0.7991735537190082
867,9,46,7,15,0.7142857142857143,0.6214622641509434,0.8679245283018868,0.375,0.8070175438596491,0.375,0.8679245283018868,0.45,0.6285087719298246,0.7570754716981132
868,9,57,4,7,0.8571428571428571,0.7484631147540983,0.9344262295081968,0.5625,0.912,0.5625,0.9344262295081968,0.6206896551724138,0.7663448275862069,0.9313524590163934
869,6,57,1,13,0.8181818181818182,0.6492740471869328,0.9827586206896551,0.3157894736842105,0.890625,0.3157894736842105,0.9827586206896551,0.46153846153846156,0.6760817307692308,0.8439201451905626
870,15,53,0,9,0.8831168831168831,0.8125,1.0,0.625,0.9217391304347826,0.625,1.0,0.7692307692307693,0.8454849498327759,0.9190251572327044
871,8,50,6,13,0.7532467532467533,0.6369047619047619,0.8928571428571429,0.38095238095238093,0.8403361344537815,0.38095238095238093,0.8928571428571429,0.45714285714285713,0.6487394957983194,0.7653061224489796
872,8,51,4,14,0.7662337662337663,0.6454545454545455,0.9272727272727272,0.36363636363636365,0.85,0.36363636363636365,0.9272727272727272,0.47058823529411764,0.6602941176470588,0.740495867768595
873,12,52,3,10,0.8311688311688312,0.7454545454545454,0.9454545454545454,0.5454545454545454,0.8888888888888888,0.5454545454545454,0.9454545454545454,0.6486486486486487,0.7687687687687688,0.9115702479338843
874,13,52,3,9,0.8441558441558441,0.7681818181818182,0.9454545454545454,0.5909090909090909,0.896551724137931,0.5909090909090909,0.9454545454545454,0.6842105263157895,0.7903811252268602,0.8363636363636365
875,11,53,3,10,0.8311688311688312,0.7351190476190477,0.9464285714285714,0.5238095238095238,0.8907563025210085,0.5238095238095238,0.9464285714285714,0.6285714285714286,0.7596638655462185,0.8341836734693877
876,10,53,6,8,0.8181818181818182,0.7269303201506592,0.8983050847457628,0.5555555555555556,0.8833333333333333,0.5555555555555556,0.8983050847457628,0.5882352941176471,0.7357843137254902,0.8323917137476459
877,8,55,6,8,0.8181818181818182,0.7008196721311475,0.9016393442622951,0.5,0.8870967741935484,0.5,0.9016393442622951,0.5333333333333333,0.7102150537634409,0.7377049180327868
878,13,51,3,10,0.8311688311688312,0.7548309178743962,0.9444444444444444,0.5652173913043478,0.8869565217391304,0.5652173913043478,0.9444444444444444,0.6666666666666666,0.7768115942028986,0.8341384863123993
879,5,59,3,10,0.8311688311688312,0.6424731182795699,0.9516129032258065,0.3333333333333333,0.9007633587786259,0.3333333333333333,0.9516129032258065,0.43478260869565216,0.667772983737139,0.8688172043010751
880,10,54,3,10,0.8311688311688312,0.7236842105263157,0.9473684210526315,0.5,0.8925619834710744,0.5,0.9473684210526315,0.6060606060606061,0.7493112947658402,0.8640350877192983
881,11,52,3,11,0.8181818181818182,0.7227272727272727,0.9454545454545454,0.5,0.8813559322033898,0.5,0.9454545454545454,0.6111111111111112,0.7462335216572504,0.9074380165289255
882,17,49,1,10,0.8571428571428571,0.8048148148148149,0.98,0.6296296296296297,0.8990825688073395,0.6296296296296297,0.98,0.7555555555555555,0.8273190621814475,0.9422222222222222
883,9,49,4,15,0.7532467532467533,0.6497641509433962,0.9245283018867925,0.375,0.8376068376068376,0.375,0.9245283018867925,0.4864864864864865,0.6620466620466621,0.77437106918239
884,7,58,3,9,0.8441558441558441,0.6941598360655737,0.9508196721311475,0.4375,0.90625,0.4375,0.9508196721311475,0.5384615384615384,0.7223557692307692,0.8514344262295083
885,9,54,3,11,0.8181818181818182,0.6986842105263158,0.9473684210526315,0.45,0.8852459016393442,0.45,0.9473684210526315,0.5625,0.7238729508196722,0.8421052631578948
886,7,52,5,13,0.7662337662337663,0.6311403508771929,0.9122807017543859,0.35,0.8524590163934426,0.35,0.9122807017543859,0.4375,0.6449795081967213,0.7728070175438597
887,14,50,5,8,0.8311688311688312,0.7727272727272727,0.9090909090909091,0.6363636363636364,0.8849557522123894,0.6363636363636364,0.9090909090909091,0.6829268292682927,0.7839412907403411,0.7925619834710744
888,15,49,3,10,0.8311688311688312,0.7711538461538461,0.9423076923076923,0.6,0.8828828828828829,0.6,0.9423076923076923,0.6976744186046512,0.790278650743767,0.8669230769230769
889,5,54,4,14,0.7662337662337663,0.5970961887477314,0.9310344827586207,0.2631578947368421,0.8571428571428571,0.2631578947368421,0.9310344827586207,0.35714285714285715,0.6071428571428571,0.8348457350272231
890,13,57,4,3,0.9090909090909091,0.8734631147540983,0.9344262295081968,0.8125,0.9421487603305785,0.8125,0.9344262295081968,0.7878787878787878,0.8650137741046832,0.9323770491803278
891,10,54,3,10,0.8311688311688312,0.7236842105263157,0.9473684210526315,0.5,0.8925619834710744,0.5,0.9473684210526315,0.6060606060606061,0.7493112947658402,0.8210526315789474
892,8,53,2,14,0.7922077922077922,0.6636363636363636,0.9636363636363636,0.36363636363636365,0.8688524590163934,0.36363636363636365,0.9636363636363636,0.5,0.6844262295081966,0.7561983471074379
893,14,54,2,7,0.8831168831168831,0.8154761904761905,0.9642857142857143,0.6666666666666666,0.9230769230769231,0.6666666666666666,0.9642857142857143,0.7567567567567568,0.83991683991684,0.9362244897959184
894,7,57,1,12,0.8311688311688312,0.675589836660617,0.9827586206896551,0.3684210526315789,0.8976377952755905,0.3684210526315789,0.9827586206896551,0.5185185185185185,0.7080781568970544,0.780399274047187
895,7,53,6,11,0.7792207792207793,0.6435969868173258,0.8983050847457628,0.3888888888888889,0.8617886178861789,0.3888888888888889,0.8983050847457628,0.45161290322580644,0.6567007605559927,0.8305084745762712
896,14,46,7,10,0.7792207792207793,0.72562893081761,0.8679245283018868,0.5833333333333334,0.8440366972477065,0.5833333333333334,0.8679245283018868,0.6222222222222222,0.7331294597349644,0.8419811320754718
897,14,51,2,10,0.8441558441558441,0.7727987421383649,0.9622641509433962,0.5833333333333334,0.8947368421052632,0.5833333333333334,0.9622641509433962,0.7,0.7973684210526315,0.8584905660377358
898,8,48,6,15,0.7272727272727273,0.6183574879227053,0.8888888888888888,0.34782608695652173,0.8205128205128205,0.34782608695652173,0.8888888888888888,0.43243243243243246,0.6264726264726265,0.8019323671497586
899,12,54,2,9,0.8571428571428571,0.7678571428571428,0.9642857142857143,0.5714285714285714,0.907563025210084,0.5714285714285714,0.9642857142857143,0.6857142857142857,0.7966386554621849,0.9600340136054422
900,14,54,4,5,0.8831168831168831,0.8339382940108893,0.9310344827586207,0.7368421052631579,0.9230769230769231,0.7368421052631579,0.9310344827586207,0.7567567567567568,0.83991683991684,0.9310344827586207
901,7,51,5,14,0.7532467532467533,0.6220238095238095,0.9107142857142857,0.3333333333333333,0.8429752066115702,0.3333333333333333,0.9107142857142857,0.42424242424242425,0.6336088154269972,0.75
902,12,46,6,13,0.7532467532467533,0.6823076923076923,0.8846153846153846,0.48,0.8288288288288288,0.48,0.8846153846153846,0.5581395348837209,0.6934841818562749,0.6553846153846155
903,4,59,6,8,0.8181818181818182,0.6205128205128205,0.9076923076923077,0.3333333333333333,0.8939393939393939,0.3333333333333333,0.9076923076923077,0.36363636363636365,0.6287878787878788,0.7115384615384615
904,9,54,3,11,0.8181818181818182,0.6986842105263158,0.9473684210526315,0.45,0.8852459016393442,0.45,0.9473684210526315,0.5625,0.7238729508196722,0.8719298245614036
905,4,57,2,14,0.7922077922077922,0.5941619585687382,0.9661016949152542,0.2222222222222222,0.8769230769230769,0.2222222222222222,0.9661016949152542,0.3333333333333333,0.6051282051282051,0.7297551789077213
906,15,47,6,9,0.8051948051948052,0.7558962264150944,0.8867924528301887,0.625,0.8623853211009175,0.625,0.8867924528301887,0.6666666666666666,0.764525993883792,0.8380503144654088
907,9,56,3,9,0.8441558441558441,0.7245762711864407,0.9491525423728814,0.5,0.9032258064516129,0.5,0.9491525423728814,0.6,0.7516129032258064,0.8408662900188324
908,11,51,3,12,0.8051948051948052,0.711352657004831,0.9444444444444444,0.4782608695652174,0.8717948717948718,0.4782608695652174,0.9444444444444444,0.5945945945945946,0.7331947331947333,0.8389694041867954
909,2,60,5,10,0.8051948051948052,0.5448717948717949,0.9230769230769231,0.16666666666666666,0.8888888888888888,0.16666666666666666,0.9230769230769231,0.21052631578947367,0.5497076023391813,0.7089743589743589
910,11,49,5,12,0.7792207792207793,0.6928341384863124,0.9074074074074074,0.4782608695652174,0.8521739130434782,0.4782608695652174,0.9074074074074074,0.5641025641025641,0.7081382385730212,0.8180354267310788
911,8,53,1,15,0.7922077922077922,0.6646537842190017,0.9814814814814815,0.34782608695652173,0.8688524590163934,0.34782608695652173,0.9814814814814815,0.5,0.6844262295081966,0.751207729468599
912,7,57,3,10,0.8311688311688312,0.6808823529411765,0.95,0.4117647058823529,0.8976377952755905,0.4117647058823529,0.95,0.5185185185185185,0.7080781568970544,0.8568627450980393
913,8,58,3,8,0.8571428571428571,0.7254098360655737,0.9508196721311475,0.5,0.9133858267716536,0.5,0.9508196721311475,0.5925925925925926,0.7529892096821231,0.853483606557377
914,8,48,5,16,0.7272727272727273,0.6194968553459119,0.9056603773584906,0.3333333333333333,0.8205128205128205,0.3333333333333333,0.9056603773584906,0.43243243243243246,0.6264726264726265,0.6918238993710693
915,11,54,5,7,0.8441558441558441,0.7631826741996234,0.9152542372881356,0.6111111111111112,0.9,0.6111111111111112,0.9152542372881356,0.6470588235294118,0.7735294117647059,0.8578154425612052
916,9,50,4,14,0.7662337662337663,0.6586151368760065,0.9259259259259259,0.391304347826087,0.847457627118644,0.391304347826087,0.9259259259259259,0.5,0.673728813559322,0.7673107890499195
917,9,49,3,16,0.7532467532467533,0.6511538461538462,0.9423076923076923,0.36,0.8376068376068376,0.36,0.9423076923076923,0.4864864864864865,0.6620466620466621,0.7938461538461539
918,11,51,3,12,0.8051948051948052,0.711352657004831,0.9444444444444444,0.4782608695652174,0.8717948717948718,0.4782608695652174,0.9444444444444444,0.5945945945945946,0.7331947331947333,0.820450885668277
919,13,44,5,15,0.7402597402597403,0.6811224489795918,0.8979591836734694,0.4642857142857143,0.8148148148148148,0.4642857142857143,0.8979591836734694,0.5652173913043478,0.6900161030595813,0.7667638483965015
920,14,49,0,14,0.8181818181818182,0.75,1.0,0.5,0.875,0.5,1.0,0.6666666666666666,0.7708333333333333,0.8564139941690961
921,7,55,6,9,0.8051948051948052,0.6695696721311475,0.9016393442622951,0.4375,0.88,0.4375,0.9016393442622951,0.4827586206896552,0.6813793103448276,0.8186475409836066
922,11,51,2,13,0.8051948051948052,0.7102987421383647,0.9622641509433962,0.4583333333333333,0.8717948717948718,0.4583333333333333,0.9622641509433962,0.5945945945945946,0.7331947331947333,0.7767295597484277
923,14,53,1,9,0.8701298701298701,0.7950885668276972,0.9814814814814815,0.6086956521739131,0.9137931034482759,0.6086956521739131,0.9814814814814815,0.7368421052631579,0.8253176043557169,0.926731078904992
924,4,59,4,10,0.8181818181818182,0.6111111111111112,0.9365079365079365,0.2857142857142857,0.8939393939393939,0.2857142857142857,0.9365079365079365,0.36363636363636365,0.6287878787878788,0.7596371882086168
925,9,56,4,8,0.8441558441558441,0.7313725490196079,0.9333333333333333,0.5294117647058824,0.9032258064516129,0.5294117647058824,0.9333333333333333,0.6,0.7516129032258064,0.9235294117647058
926,21,46,3,7,0.8701298701298701,0.8443877551020409,0.9387755102040817,0.75,0.9019607843137255,0.75,0.9387755102040817,0.8076923076923077,0.8548265460030167,0.9249271137026239
927,16,49,1,11,0.8441558441558441,0.7862962962962963,0.98,0.5925925925925926,0.8909090909090909,0.5925925925925926,0.98,0.7272727272727273,0.8090909090909091,0.9496296296296297
928,6,52,3,16,0.7532467532467533,0.6090909090909091,0.9454545454545454,0.2727272727272727,0.8455284552845529,0.2727272727272727,0.9454545454545454,0.3870967741935484,0.6163126147390506,0.7272727272727272
929,7,55,3,12,0.8051948051948052,0.6583484573502723,0.9482758620689655,0.3684210526315789,0.88,0.3684210526315789,0.9482758620689655,0.4827586206896552,0.6813793103448276,0.8366606170598911
930,18,45,3,11,0.8181818181818182,0.7790948275862069,0.9375,0.6206896551724138,0.8653846153846154,0.6206896551724138,0.9375,0.72,0.7926923076923077,0.9001436781609196
931,8,51,4,14,0.7662337662337663,0.6454545454545455,0.9272727272727272,0.36363636363636365,0.85,0.36363636363636365,0.9272727272727272,0.47058823529411764,0.6602941176470588,0.7008264462809918
932,10,50,6,11,0.7792207792207793,0.6845238095238095,0.8928571428571429,0.47619047619047616,0.8547008547008547,0.47619047619047616,0.8928571428571429,0.5405405405405406,0.6976206976206976,0.8435374149659864
933,10,52,1,14,0.8051948051948052,0.6988993710691824,0.9811320754716981,0.4166666666666667,0.8739495798319328,0.4166666666666667,0.9811320754716981,0.5714285714285714,0.7226890756302521,0.8977987421383649
934,15,46,4,12,0.7922077922077922,0.7377777777777779,0.92,0.5555555555555556,0.8518518518518519,0.5555555555555556,0.92,0.6521739130434783,0.7520128824476651,0.8125925925925926
935,10,51,5,11,0.7922077922077922,0.6934523809523809,0.9107142857142857,0.47619047619047616,0.864406779661017,0.47619047619047616,0.9107142857142857,0.5555555555555556,0.7099811676082863,0.8928571428571428
936,10,53,5,9,0.8181818181818182,0.72005444646098,0.9137931034482759,0.5263157894736842,0.8833333333333333,0.5263157894736842,0.9137931034482759,0.5882352941176471,0.7357843137254902,0.8303085299455536
937,9,57,2,9,0.8571428571428571,0.7330508474576272,0.9661016949152542,0.5,0.912,0.5,0.9661016949152542,0.6206896551724138,0.7663448275862069,0.8681732580037665
938,11,47,6,13,0.7532467532467533,0.672562893081761,0.8867924528301887,0.4583333333333333,0.831858407079646,0.4583333333333333,0.8867924528301887,0.5365853658536586,0.6842218864666523,0.8294025157232704
939,5,55,6,11,0.7792207792207793,0.6070696721311475,0.9016393442622951,0.3125,0.8661417322834646,0.3125,0.9016393442622951,0.37037037037037035,0.6182560513269175,0.7520491803278689
940,11,51,4,11,0.8051948051948052,0.7136363636363636,0.9272727272727272,0.5,0.8717948717948718,0.5,0.9272727272727272,0.5945945945945946,0.7331947331947333,0.852892561983471
941,8,53,3,13,0.7922077922077922,0.6636904761904762,0.9464285714285714,0.38095238095238093,0.8688524590163934,0.38095238095238093,0.9464285714285714,0.5,0.6844262295081966,0.8069727891156463
942,8,54,6,9,0.8051948051948052,0.6852941176470588,0.9,0.47058823529411764,0.8780487804878049,0.47058823529411764,0.9,0.5161290322580645,0.6970889063729346,0.8156862745098039
943,13,50,2,12,0.8181818181818182,0.7407692307692308,0.9615384615384616,0.52,0.8771929824561403,0.52,0.9615384615384616,0.65,0.7635964912280702,0.85
944,9,54,6,8,0.8181818181818182,0.7147058823529412,0.9,0.5294117647058824,0.8852459016393442,0.5294117647058824,0.9,0.5625,0.7238729508196722,0.7843137254901961
945,7,58,3,9,0.8441558441558441,0.6941598360655737,0.9508196721311475,0.4375,0.90625,0.4375,0.9508196721311475,0.5384615384615384,0.7223557692307692,0.8463114754098361
946,9,59,4,5,0.8831168831168831,0.7896825396825398,0.9365079365079365,0.6428571428571429,0.9291338582677166,0.6428571428571429,0.9365079365079365,0.6666666666666666,0.7979002624671916,0.8140589569160998
947,9,55,1,12,0.8311688311688312,0.7053571428571428,0.9821428571428571,0.42857142857142855,0.8943089430894309,0.42857142857142855,0.9821428571428571,0.5806451612903226,0.7374770521898768,0.8299319727891157
948,7,51,5,14,0.7532467532467533,0.6220238095238095,0.9107142857142857,0.3333333333333333,0.8429752066115702,0.3333333333333333,0.9107142857142857,0.42424242424242425,0.6336088154269972,0.7797619047619048
949,8,55,6,8,0.8181818181818182,0.7008196721311475,0.9016393442622951,0.5,0.8870967741935484,0.5,0.9016393442622951,0.5333333333333333,0.7102150537634409,0.8186475409836065
950,8,53,6,10,0.7922077922077922,0.6713747645951036,0.8983050847457628,0.4444444444444444,0.8688524590163934,0.4444444444444444,0.8983050847457628,0.5,0.6844262295081966,0.7570621468926554
951,13,49,5,10,0.8051948051948052,0.7363123993558776,0.9074074074074074,0.5652173913043478,0.8672566371681416,0.5652173913043478,0.9074074074074074,0.6341463414634146,0.7507014893157782,0.8373590982286634
952,9,57,7,4,0.8571428571428571,0.7914663461538461,0.890625,0.6923076923076923,0.912,0.6923076923076923,0.890625,0.6206896551724138,0.7663448275862069,0.8076923076923076
953,4,55,2,16,0.7662337662337663,0.5824561403508772,0.9649122807017544,0.2,0.859375,0.2,0.9649122807017544,0.3076923076923077,0.5835336538461539,0.7675438596491229
954,6,55,3,13,0.7922077922077922,0.632032667876588,0.9482758620689655,0.3157894736842105,0.873015873015873,0.3157894736842105,0.9482758620689655,0.42857142857142855,0.6507936507936508,0.8294010889292196
955,9,56,4,8,0.8441558441558441,0.7313725490196079,0.9333333333333333,0.5294117647058824,0.9032258064516129,0.5294117647058824,0.9333333333333333,0.6,0.7516129032258064,0.8705882352941177
956,10,52,8,7,0.8051948051948052,0.7274509803921569,0.8666666666666667,0.5882352941176471,0.8739495798319328,0.5882352941176471,0.8666666666666667,0.5714285714285714,0.7226890756302521,0.8107843137254902
957,14,44,6,13,0.7532467532467533,0.6992592592592592,0.88,0.5185185185185185,0.822429906542056,0.5185185185185185,0.88,0.5957446808510638,0.70908729369656,0.8614814814814815
958,9,57,1,10,0.8571428571428571,0.7282214156079855,0.9827586206896551,0.47368421052631576,0.912,0.47368421052631576,0.9827586206896551,0.6206896551724138,0.7663448275862069,0.8793103448275862
959,10,52,5,10,0.8051948051948052,0.706140350877193,0.9122807017543859,0.5,0.8739495798319328,0.5,0.9122807017543859,0.5714285714285714,0.7226890756302521,0.7964912280701755
960,13,54,6,4,0.8701298701298701,0.8323529411764705,0.9,0.7647058823529411,0.9152542372881356,0.7647058823529411,0.9,0.7222222222222222,0.8187382297551788,0.8794117647058823
961,8,55,5,9,0.8181818181818182,0.6936274509803921,0.9166666666666666,0.47058823529411764,0.8870967741935484,0.47058823529411764,0.9166666666666666,0.5333333333333333,0.7102150537634409,0.8970588235294117
962,12,54,3,8,0.8571428571428571,0.7736842105263158,0.9473684210526315,0.6,0.907563025210084,0.6,0.9473684210526315,0.6857142857142857,0.7966386554621849,0.8429824561403508
963,10,53,4,10,0.8181818181818182,0.7149122807017544,0.9298245614035088,0.5,0.8833333333333333,0.5,0.9298245614035088,0.5882352941176471,0.7357843137254902,0.8307017543859649
964,9,47,5,16,0.7272727272727273,0.6319230769230769,0.9038461538461539,0.36,0.8173913043478261,0.36,0.9038461538461539,0.46153846153846156,0.6394648829431439,0.7523076923076923
965,13,50,2,12,0.8181818181818182,0.7407692307692308,0.9615384615384616,0.52,0.8771929824561403,0.52,0.9615384615384616,0.65,0.7635964912280702,0.8238461538461538
966,7,47,7,16,0.7012987012987013,0.5873590982286634,0.8703703703703703,0.30434782608695654,0.8034188034188035,0.30434782608695654,0.8703703703703703,0.3783783783783784,0.5908985908985909,0.7117552334943639
967,11,53,5,8,0.8311688311688312,0.7463702359346642,0.9137931034482759,0.5789473684210527,0.8907563025210085,0.5789473684210527,0.9137931034482759,0.6285714285714286,0.7596638655462185,0.911070780399274
968,10,57,1,9,0.8701298701298701,0.7545372050816697,0.9827586206896551,0.5263157894736842,0.9193548387096774,0.5263157894736842,0.9827586206896551,0.6666666666666666,0.793010752688172,0.9029038112522686
969,2,60,3,12,0.8051948051948052,0.5476190476190476,0.9523809523809523,0.14285714285714285,0.8888888888888888,0.14285714285714285,0.9523809523809523,0.21052631578947367,0.5497076023391813,0.7959183673469389
970,10,53,3,11,0.8181818181818182,0.7113095238095237,0.9464285714285714,0.47619047619047616,0.8833333333333333,0.47619047619047616,0.9464285714285714,0.5882352941176471,0.7357843137254902,0.886904761904762
971,8,51,5,13,0.7662337662337663,0.6458333333333333,0.9107142857142857,0.38095238095238093,0.85,0.38095238095238093,0.9107142857142857,0.47058823529411764,0.6602941176470588,0.7576530612244899
972,8,45,5,19,0.6883116883116883,0.5981481481481481,0.9,0.2962962962962963,0.7894736842105263,0.2962962962962963,0.9,0.4,0.5947368421052632,0.7814814814814813
973,10,55,2,10,0.8441558441558441,0.7324561403508771,0.9649122807017544,0.5,0.9016393442622951,0.5,0.9649122807017544,0.625,0.7633196721311475,0.8815789473684211
974,6,58,4,9,0.8311688311688312,0.667741935483871,0.9354838709677419,0.4,0.8992248062015504,0.4,0.9354838709677419,0.48,0.6896124031007752,0.7978494623655914
975,7,50,5,15,0.7402597402597403,0.6136363636363636,0.9090909090909091,0.3181818181818182,0.8333333333333334,0.3181818181818182,0.9090909090909091,0.4117647058823529,0.6225490196078431,0.775206611570248
976,8,54,4,11,0.8051948051948052,0.676043557168784,0.9310344827586207,0.42105263157894735,0.8780487804878049,0.42105263157894735,0.9310344827586207,0.5161290322580645,0.6970889063729346,0.7395644283121597
977,12,51,1,13,0.8181818181818182,0.7303846153846154,0.9807692307692307,0.48,0.8793103448275862,0.48,0.9807692307692307,0.631578947368421,0.7554446460980035,0.8892307692307693
978,10,50,2,15,0.7792207792207793,0.6807692307692308,0.9615384615384616,0.4,0.8547008547008547,0.4,0.9615384615384616,0.5405405405405406,0.6976206976206976,0.8538461538461538
979,10,49,3,15,0.7662337662337663,0.6711538461538462,0.9423076923076923,0.4,0.8448275862068966,0.4,0.9423076923076923,0.5263157894736842,0.6855716878402904,0.8038461538461538
980,6,57,5,9,0.8181818181818182,0.6596774193548387,0.9193548387096774,0.4,0.890625,0.4,0.9193548387096774,0.46153846153846156,0.6760817307692308,0.6763440860215054
981,13,45,4,15,0.7532467532467533,0.6913265306122449,0.9183673469387755,0.4642857142857143,0.8256880733944955,0.4642857142857143,0.9183673469387755,0.5777777777777777,0.7017329255861366,0.7653061224489796
982,11,55,5,6,0.8571428571428571,0.7818627450980392,0.9166666666666666,0.6470588235294118,0.9090909090909091,0.6470588235294118,0.9166666666666666,0.6666666666666666,0.7878787878787878,0.9274509803921569
983,14,51,4,8,0.8441558441558441,0.7818181818181817,0.9272727272727272,0.6363636363636364,0.8947368421052632,0.6363636363636364,0.9272727272727272,0.7,0.7973684210526315,0.8305785123966942
984,6,55,3,13,0.7922077922077922,0.632032667876588,0.9482758620689655,0.3157894736842105,0.873015873015873,0.3157894736842105,0.9482758620689655,0.42857142857142855,0.6507936507936508,0.8384754990925589
985,7,51,8,11,0.7532467532467533,0.626647834274953,0.864406779661017,0.3888888888888889,0.8429752066115702,0.3888888888888889,0.864406779661017,0.42424242424242425,0.6336088154269972,0.7815442561205272
986,12,47,2,16,0.7662337662337663,0.6938775510204082,0.9591836734693877,0.42857142857142855,0.8392857142857143,0.42857142857142855,0.9591836734693877,0.5714285714285714,0.7053571428571428,0.8338192419825073
987,8,51,7,11,0.7662337662337663,0.6501814882032668,0.8793103448275862,0.42105263157894735,0.85,0.42105263157894735,0.8793103448275862,0.47058823529411764,0.6602941176470588,0.8212341197822141
988,9,56,4,8,0.8441558441558441,0.7313725490196079,0.9333333333333333,0.5294117647058824,0.9032258064516129,0.5294117647058824,0.9333333333333333,0.6,0.7516129032258064,0.8705882352941177
989,13,50,6,8,0.8181818181818182,0.7559523809523809,0.8928571428571429,0.6190476190476191,0.8771929824561403,0.6190476190476191,0.8928571428571429,0.65,0.7635964912280702,0.8741496598639455
990,13,44,9,11,0.7402597402597403,0.6859276729559749,0.8301886792452831,0.5416666666666666,0.8148148148148148,0.5416666666666666,0.8301886792452831,0.5652173913043478,0.6900161030595813,0.7861635220125787
991,6,53,2,16,0.7662337662337663,0.6181818181818182,0.9636363636363636,0.2727272727272727,0.8548387096774194,0.2727272727272727,0.9636363636363636,0.4,0.6274193548387097,0.8024793388429754
992,10,51,4,12,0.7922077922077922,0.6909090909090909,0.9272727272727272,0.45454545454545453,0.864406779661017,0.45454545454545453,0.9272727272727272,0.5555555555555556,0.7099811676082863,0.8462809917355372
993,9,54,4,10,0.8181818181818182,0.7023593466424682,0.9310344827586207,0.47368421052631576,0.8852459016393442,0.47368421052631576,0.9310344827586207,0.5625,0.7238729508196722,0.7250453720508168
994,11,45,5,16,0.7272727272727273,0.6537037037037037,0.9,0.4074074074074074,0.8108108108108109,0.4074074074074074,0.9,0.5116279069767442,0.6612193588937776,0.7874074074074073
995,9,51,7,10,0.7792207792207793,0.676497277676951,0.8793103448275862,0.47368421052631576,0.8571428571428571,0.47368421052631576,0.8793103448275862,0.5142857142857142,0.6857142857142857,0.7295825771324864
996,13,53,3,8,0.8571428571428571,0.7827380952380952,0.9464285714285714,0.6190476190476191,0.905982905982906,0.6190476190476191,0.9464285714285714,0.7027027027027027,0.8043428043428044,0.9047619047619048
997,6,47,8,16,0.6883116883116883,0.5636363636363636,0.8545454545454545,0.2727272727272727,0.7966101694915254,0.2727272727272727,0.8545454545454545,0.3333333333333333,0.5649717514124294,0.6727272727272727
998,7,55,3,12,0.8051948051948052,0.6583484573502723,0.9482758620689655,0.3684210526315789,0.88,0.3684210526315789,0.9482758620689655,0.4827586206896552,0.6813793103448276,0.8393829401088928
999,7,47,5,18,0.7012987012987013,0.591923076923077,0.9038461538461539,0.28,0.8034188034188035,0.28,0.9038461538461539,0.3783783783783784,0.5908985908985909,0.7192307692307692
1000,7,47,5,18,0.7012987012987013,0.591923076923077,0.9038461538461539,0.28,0.8034188034188035,0.28,0.9038461538461539,0.3783783783783784,0.5908985908985909,0.7915384615384616
