round,TP,TN,FP,FN,Accuracy,BalancedAccuracy,Sensitivity_Class0,Specificity_Class0,F1_Class0,Sensitivity_Class1,Specificity_Class1,F1_Class1,F1_macro,AUC
1,10,52,1,14,0.8051948051948052,0.6988993710691824,0.9811320754716981,0.4166666666666667,0.8739495798319328,0.4166666666666667,0.9811320754716981,0.5714285714285714,0.7226890756302521,0.7539308176100629
2,15,51,5,6,0.8571428571428571,0.8125,0.9107142857142857,0.7142857142857143,0.9026548672566371,0.7142857142857143,0.9107142857142857,0.7317073170731707,0.8171810921649039,0.717687074829932
3,13,54,4,6,0.8701298701298701,0.8076225045372051,0.9310344827586207,0.6842105263157895,0.9152542372881356,0.6842105263157895,0.9310344827586207,0.7222222222222222,0.8187382297551788,0.8421052631578946
4,7,56,3,11,0.8181818181818182,0.6690207156308852,0.9491525423728814,0.3888888888888889,0.8888888888888888,0.3888888888888889,0.9491525423728814,0.5,0.6944444444444444,0.7815442561205272
5,14,50,4,9,0.8311688311688312,0.7673107890499196,0.9259259259259259,0.6086956521739131,0.8849557522123894,0.6086956521739131,0.9259259259259259,0.6829268292682927,0.7839412907403411,0.7962962962962962
6,9,56,0,12,0.8441558441558441,0.7142857142857143,1.0,0.42857142857142855,0.9032258064516129,0.42857142857142855,1.0,0.6,0.7516129032258064,0.8154761904761905
7,13,51,5,8,0.8311688311688312,0.7648809523809523,0.9107142857142857,0.6190476190476191,0.8869565217391304,0.6190476190476191,0.9107142857142857,0.6666666666666666,0.7768115942028986,0.8316326530612246
8,14,52,3,8,0.8571428571428571,0.7909090909090909,0.9454545454545454,0.6363636363636364,0.9043478260869565,0.6363636363636364,0.9454545454545454,0.717948717948718,0.8111482720178372,0.8462809917355373
9,13,51,4,9,0.8311688311688312,0.759090909090909,0.9272727272727272,0.5909090909090909,0.8869565217391304,0.5909090909090909,0.9272727272727272,0.6666666666666666,0.7768115942028986,0.7975206611570248
10,7,59,3,8,0.8571428571428571,0.7091397849462366,0.9516129032258065,0.4666666666666667,0.9147286821705426,0.4666666666666667,0.9516129032258065,0.56,0.7373643410852713,0.8688172043010752
11,16,50,4,7,0.8571428571428571,0.8107890499194848,0.9259259259259259,0.6956521739130435,0.9009009009009009,0.6956521739130435,0.9259259259259259,0.7441860465116279,0.8225434737062645,0.754428341384863
12,9,51,4,13,0.7792207792207793,0.6681818181818182,0.9272727272727272,0.4090909090909091,0.8571428571428571,0.4090909090909091,0.9272727272727272,0.5142857142857142,0.6857142857142857,0.7173553719008264
13,12,56,4,5,0.8831168831168831,0.8196078431372549,0.9333333333333333,0.7058823529411765,0.9256198347107438,0.7058823529411765,0.9333333333333333,0.7272727272727273,0.8264462809917356,0.8774509803921569
14,13,57,1,6,0.9090909090909091,0.8334845735027223,0.9827586206896551,0.6842105263157895,0.9421487603305785,0.6842105263157895,0.9827586206896551,0.7878787878787878,0.8650137741046832,0.8584392014519057
15,9,55,5,8,0.8311688311688312,0.7230392156862745,0.9166666666666666,0.5294117647058824,0.8943089430894309,0.5294117647058824,0.9166666666666666,0.5806451612903226,0.7374770521898768,0.803921568627451
16,12,52,6,7,0.8311688311688312,0.764065335753176,0.896551724137931,0.631578947368421,0.8888888888888888,0.631578947368421,0.896551724137931,0.6486486486486487,0.7687687687687688,0.7785843920145191
17,13,53,4,7,0.8571428571428571,0.7899122807017545,0.9298245614035088,0.65,0.905982905982906,0.65,0.9298245614035088,0.7027027027027027,0.8043428043428044,0.7254385964912281
18,16,45,7,9,0.7922077922077922,0.7526923076923078,0.8653846153846154,0.64,0.8490566037735849,0.64,0.8653846153846154,0.6666666666666666,0.7578616352201257,0.8392307692307692
19,13,51,5,8,0.8311688311688312,0.7648809523809523,0.9107142857142857,0.6190476190476191,0.8869565217391304,0.6190476190476191,0.9107142857142857,0.6666666666666666,0.7768115942028986,0.8112244897959183
20,11,48,8,10,0.7662337662337663,0.6904761904761905,0.8571428571428571,0.5238095238095238,0.8421052631578947,0.5238095238095238,0.8571428571428571,0.55,0.6960526315789474,0.83078231292517
21,13,53,2,9,0.8571428571428571,0.7772727272727273,0.9636363636363636,0.5909090909090909,0.905982905982906,0.5909090909090909,0.9636363636363636,0.7027027027027027,0.8043428043428044,0.8355371900826446
22,9,53,5,10,0.8051948051948052,0.6937386569872959,0.9137931034482759,0.47368421052631576,0.8760330578512396,0.47368421052631576,0.9137931034482759,0.5454545454545454,0.7107438016528925,0.7577132486388384
23,12,56,2,7,0.8831168831168831,0.7985480943738656,0.9655172413793104,0.631578947368421,0.9256198347107438,0.631578947368421,0.9655172413793104,0.7272727272727273,0.8264462809917356,0.8493647912885662
24,17,55,1,4,0.935064935064935,0.8958333333333333,0.9821428571428571,0.8095238095238095,0.9565217391304348,0.8095238095238095,0.9821428571428571,0.8717948717948718,0.9141583054626533,0.8911564625850339
25,11,54,4,8,0.8441558441558441,0.7549909255898366,0.9310344827586207,0.5789473684210527,0.9,0.5789473684210527,0.9310344827586207,0.6470588235294118,0.7735294117647059,0.8802177858439202
26,14,52,5,6,0.8571428571428571,0.8061403508771929,0.9122807017543859,0.7,0.9043478260869565,0.7,0.9122807017543859,0.717948717948718,0.8111482720178372,0.8912280701754386
27,9,57,2,9,0.8571428571428571,0.7330508474576272,0.9661016949152542,0.5,0.912,0.5,0.9661016949152542,0.6206896551724138,0.7663448275862069,0.7994350282485876
28,9,54,7,7,0.8181818181818182,0.7238729508196722,0.8852459016393442,0.5625,0.8852459016393442,0.5625,0.8852459016393442,0.5625,0.7238729508196722,0.7284836065573772
29,12,52,6,7,0.8311688311688312,0.764065335753176,0.896551724137931,0.631578947368421,0.8888888888888888,0.631578947368421,0.896551724137931,0.6486486486486487,0.7687687687687688,0.8194192377495463
30,11,62,1,3,0.948051948051948,0.8849206349206349,0.9841269841269841,0.7857142857142857,0.96875,0.7857142857142857,0.9841269841269841,0.8461538461538461,0.9074519230769231,0.8956916099773242
31,14,53,3,7,0.8701298701298701,0.8065476190476191,0.9464285714285714,0.6666666666666666,0.9137931034482759,0.6666666666666666,0.9464285714285714,0.7368421052631579,0.8253176043557169,0.8894557823129252
32,16,50,3,8,0.8571428571428571,0.8050314465408805,0.9433962264150944,0.6666666666666666,0.9009009009009009,0.6666666666666666,0.9433962264150944,0.7441860465116279,0.8225434737062645,0.9127358490566038
33,13,46,6,12,0.7662337662337663,0.7023076923076923,0.8846153846153846,0.52,0.8363636363636363,0.52,0.8846153846153846,0.5909090909090909,0.7136363636363636,0.7976923076923077
34,10,56,5,6,0.8571428571428571,0.771516393442623,0.9180327868852459,0.625,0.9105691056910569,0.625,0.9180327868852459,0.6451612903225806,0.7778651980068187,0.8094262295081966
35,19,50,3,5,0.8961038961038961,0.8675314465408805,0.9433962264150944,0.7916666666666666,0.9259259259259259,0.7916666666666666,0.9433962264150944,0.8260869565217391,0.8760064412238325,0.9017295597484277
36,10,56,3,8,0.8571428571428571,0.7523540489642184,0.9491525423728814,0.5555555555555556,0.9105691056910569,0.5555555555555556,0.9491525423728814,0.6451612903225806,0.7778651980068187,0.835216572504708
37,11,49,6,11,0.7792207792207793,0.6954545454545454,0.8909090909090909,0.5,0.8521739130434782,0.5,0.8909090909090909,0.5641025641025641,0.7081382385730212,0.7347107438016529
38,11,55,3,8,0.8571428571428571,0.7636116152450091,0.9482758620689655,0.5789473684210527,0.9090909090909091,0.5789473684210527,0.9482758620689655,0.6666666666666666,0.7878787878787878,0.8647912885662431
39,10,52,10,5,0.8051948051948052,0.7526881720430108,0.8387096774193549,0.6666666666666666,0.8739495798319328,0.6666666666666666,0.8387096774193549,0.5714285714285714,0.7226890756302521,0.8279569892473118
40,13,51,4,9,0.8311688311688312,0.759090909090909,0.9272727272727272,0.5909090909090909,0.8869565217391304,0.5909090909090909,0.9272727272727272,0.6666666666666666,0.7768115942028986,0.8289256198347108
41,11,53,2,11,0.8311688311688312,0.7318181818181818,0.9636363636363636,0.5,0.8907563025210085,0.5,0.9636363636363636,0.6285714285714286,0.7596638655462185,0.7512396694214876
42,13,53,8,3,0.8571428571428571,0.8406762295081966,0.8688524590163934,0.8125,0.905982905982906,0.8125,0.8688524590163934,0.7027027027027027,0.8043428043428044,0.8954918032786885
43,12,61,2,2,0.948051948051948,0.9126984126984127,0.9682539682539683,0.8571428571428571,0.9682539682539683,0.8571428571428571,0.9682539682539683,0.8571428571428571,0.9126984126984127,0.9625850340136054
44,17,50,3,7,0.8701298701298701,0.8258647798742138,0.9433962264150944,0.7083333333333334,0.9090909090909091,0.7083333333333334,0.9433962264150944,0.7727272727272727,0.8409090909090908,0.8687106918238993
45,14,47,9,7,0.7922077922077922,0.7529761904761905,0.8392857142857143,0.6666666666666666,0.8545454545454545,0.6666666666666666,0.8392857142857143,0.6363636363636364,0.7454545454545454,0.7806122448979592
46,14,48,4,11,0.8051948051948052,0.7415384615384616,0.9230769230769231,0.56,0.8648648648648649,0.56,0.9230769230769231,0.6511627906976745,0.7580138277812697,0.8207692307692308
47,17,48,4,8,0.8441558441558441,0.8015384615384615,0.9230769230769231,0.68,0.8888888888888888,0.68,0.9230769230769231,0.7391304347826086,0.8140096618357487,0.8484615384615385
48,14,45,4,14,0.7662337662337663,0.7091836734693877,0.9183673469387755,0.5,0.8333333333333334,0.5,0.9183673469387755,0.6086956521739131,0.7210144927536233,0.7864431486880467
49,11,58,5,3,0.8961038961038961,0.8531746031746031,0.9206349206349206,0.7857142857142857,0.9354838709677419,0.7857142857142857,0.9206349206349206,0.7333333333333333,0.8344086021505376,0.8945578231292517
50,17,48,1,11,0.8441558441558441,0.7933673469387754,0.9795918367346939,0.6071428571428571,0.8888888888888888,0.6071428571428571,0.9795918367346939,0.7391304347826086,0.8140096618357487,0.8877551020408163
51,10,53,5,9,0.8181818181818182,0.72005444646098,0.9137931034482759,0.5263157894736842,0.8833333333333333,0.5263157894736842,0.9137931034482759,0.5882352941176471,0.7357843137254902,0.8076225045372051
52,12,50,5,10,0.8051948051948052,0.7272727272727273,0.9090909090909091,0.5454545454545454,0.8695652173913043,0.5454545454545454,0.9090909090909091,0.6153846153846154,0.7424749163879598,0.7479338842975207
53,13,44,5,15,0.7402597402597403,0.6811224489795918,0.8979591836734694,0.4642857142857143,0.8148148148148148,0.4642857142857143,0.8979591836734694,0.5652173913043478,0.6900161030595813,0.6836734693877551
54,13,53,0,11,0.8571428571428571,0.7708333333333333,1.0,0.5416666666666666,0.905982905982906,0.5416666666666666,1.0,0.7027027027027027,0.8043428043428044,0.884433962264151
55,13,54,4,6,0.8701298701298701,0.8076225045372051,0.9310344827586207,0.6842105263157895,0.9152542372881356,0.6842105263157895,0.9310344827586207,0.7222222222222222,0.8187382297551788,0.836660617059891
56,6,57,5,9,0.8181818181818182,0.6596774193548387,0.9193548387096774,0.4,0.890625,0.4,0.9193548387096774,0.46153846153846156,0.6760817307692308,0.7043010752688172
57,22,45,2,8,0.8701298701298701,0.8453900709219858,0.9574468085106383,0.7333333333333333,0.9,0.7333333333333333,0.9574468085106383,0.8148148148148148,0.8574074074074074,0.8574468085106384
58,13,53,7,4,0.8571428571428571,0.8240196078431372,0.8833333333333333,0.7647058823529411,0.905982905982906,0.7647058823529411,0.8833333333333333,0.7027027027027027,0.8043428043428044,0.8147058823529412
59,13,52,3,9,0.8441558441558441,0.7681818181818182,0.9454545454545454,0.5909090909090909,0.896551724137931,0.5909090909090909,0.9454545454545454,0.6842105263157895,0.7903811252268602,0.8066115702479338
60,17,45,5,10,0.8051948051948052,0.7648148148148148,0.9,0.6296296296296297,0.8571428571428571,0.6296296296296297,0.9,0.6938775510204082,0.7755102040816326,0.8222222222222223
61,12,55,2,8,0.8701298701298701,0.7824561403508772,0.9649122807017544,0.6,0.9166666666666666,0.6,0.9649122807017544,0.7058823529411765,0.8112745098039216,0.8052631578947368
62,15,43,7,12,0.7532467532467533,0.7077777777777778,0.86,0.5555555555555556,0.819047619047619,0.5555555555555556,0.86,0.6122448979591837,0.7156462585034014,0.8207407407407408
63,14,54,2,7,0.8831168831168831,0.8154761904761905,0.9642857142857143,0.6666666666666666,0.9230769230769231,0.6666666666666666,0.9642857142857143,0.7567567567567568,0.83991683991684,0.903061224489796
64,16,50,3,8,0.8571428571428571,0.8050314465408805,0.9433962264150944,0.6666666666666666,0.9009009009009009,0.6666666666666666,0.9433962264150944,0.7441860465116279,0.8225434737062645,0.8451257861635221
65,13,53,3,8,0.8571428571428571,0.7827380952380952,0.9464285714285714,0.6190476190476191,0.905982905982906,0.6190476190476191,0.9464285714285714,0.7027027027027027,0.8043428043428044,0.8477891156462586
66,14,50,4,9,0.8311688311688312,0.7673107890499196,0.9259259259259259,0.6086956521739131,0.8849557522123894,0.6086956521739131,0.9259259259259259,0.6829268292682927,0.7839412907403411,0.8317230273752012
67,8,55,8,6,0.8181818181818182,0.7222222222222222,0.873015873015873,0.5714285714285714,0.8870967741935484,0.5714285714285714,0.873015873015873,0.5333333333333333,0.7102150537634409,0.7913832199546486
68,10,59,3,5,0.8961038961038961,0.8091397849462365,0.9516129032258065,0.6666666666666666,0.9365079365079365,0.6666666666666666,0.9516129032258065,0.7142857142857143,0.8253968253968254,0.8161290322580645
69,13,52,4,8,0.8441558441558441,0.7738095238095238,0.9285714285714286,0.6190476190476191,0.896551724137931,0.6190476190476191,0.9285714285714286,0.6842105263157895,0.7903811252268602,0.9090136054421768
70,12,55,1,9,0.8701298701298701,0.7767857142857142,0.9821428571428571,0.5714285714285714,0.9166666666666666,0.5714285714285714,0.9821428571428571,0.7058823529411765,0.8112745098039216,0.8707482993197279
71,10,57,4,6,0.8701298701298701,0.7797131147540983,0.9344262295081968,0.625,0.9193548387096774,0.625,0.9344262295081968,0.6666666666666666,0.793010752688172,0.7838114754098361
72,10,53,4,10,0.8181818181818182,0.7149122807017544,0.9298245614035088,0.5,0.8833333333333333,0.5,0.9298245614035088,0.5882352941176471,0.7357843137254902,0.8666666666666666
73,17,51,4,5,0.8831168831168831,0.85,0.9272727272727272,0.7727272727272727,0.918918918918919,0.7727272727272727,0.9272727272727272,0.7906976744186046,0.8548082966687618,0.9057851239669422
74,10,51,3,13,0.7922077922077922,0.6896135265700483,0.9444444444444444,0.43478260869565216,0.864406779661017,0.43478260869565216,0.9444444444444444,0.5555555555555556,0.7099811676082863,0.7214170692431562
75,18,48,5,6,0.8571428571428571,0.8278301886792453,0.9056603773584906,0.75,0.897196261682243,0.75,0.9056603773584906,0.7659574468085106,0.8315768542453768,0.8584905660377358
76,13,53,3,8,0.8571428571428571,0.7827380952380952,0.9464285714285714,0.6190476190476191,0.905982905982906,0.6190476190476191,0.9464285714285714,0.7027027027027027,0.8043428043428044,0.907312925170068
77,15,44,8,10,0.7662337662337663,0.7230769230769231,0.8461538461538461,0.6,0.8301886792452831,0.6,0.8461538461538461,0.625,0.7275943396226415,0.7753846153846154
78,11,59,2,5,0.9090909090909091,0.8273565573770492,0.9672131147540983,0.6875,0.944,0.6875,0.9672131147540983,0.7586206896551724,0.8513103448275862,0.8206967213114754
79,9,53,7,8,0.8051948051948052,0.7063725490196078,0.8833333333333333,0.5294117647058824,0.8760330578512396,0.5294117647058824,0.8833333333333333,0.5454545454545454,0.7107438016528925,0.8107843137254902
80,14,52,5,6,0.8571428571428571,0.8061403508771929,0.9122807017543859,0.7,0.9043478260869565,0.7,0.9122807017543859,0.717948717948718,0.8111482720178372,0.8587719298245614
81,16,53,4,4,0.8961038961038961,0.8649122807017544,0.9298245614035088,0.8,0.9298245614035088,0.8,0.9298245614035088,0.8,0.8649122807017544,0.8824561403508772
82,11,53,5,8,0.8311688311688312,0.7463702359346642,0.9137931034482759,0.5789473684210527,0.8907563025210085,0.5789473684210527,0.9137931034482759,0.6285714285714286,0.7596638655462185,0.8720508166969146
83,16,47,4,10,0.8181818181818182,0.7684766214177978,0.9215686274509803,0.6153846153846154,0.8703703703703703,0.6153846153846154,0.9215686274509803,0.6956521739130435,0.7830112721417068,0.8416289592760181
84,17,49,5,6,0.8571428571428571,0.823268921095008,0.9074074074074074,0.7391304347826086,0.8990825688073395,0.7391304347826086,0.9074074074074074,0.7555555555555555,0.8273190621814475,0.8486312399355879
85,15,55,2,5,0.9090909090909091,0.8574561403508771,0.9649122807017544,0.75,0.9401709401709402,0.75,0.9649122807017544,0.8108108108108109,0.8754908754908755,0.880701754385965
86,13,45,6,13,0.7532467532467533,0.6911764705882353,0.8823529411764706,0.5,0.8256880733944955,0.5,0.8823529411764706,0.5777777777777777,0.7017329255861366,0.7594268476621417
87,15,48,8,6,0.8181818181818182,0.7857142857142857,0.8571428571428571,0.7142857142857143,0.8727272727272727,0.7142857142857143,0.8571428571428571,0.6818181818181818,0.7772727272727272,0.8639455782312925
88,10,53,1,13,0.8181818181818182,0.7081320450885669,0.9814814814814815,0.43478260869565216,0.8833333333333333,0.43478260869565216,0.9814814814814815,0.5882352941176471,0.7357843137254902,0.8156199677938808
89,19,46,5,7,0.8441558441558441,0.8163650075414781,0.9019607843137255,0.7307692307692307,0.8846153846153846,0.7307692307692307,0.9019607843137255,0.76,0.8223076923076923,0.8197586726998491
90,14,52,4,7,0.8571428571428571,0.7976190476190477,0.9285714285714286,0.6666666666666666,0.9043478260869565,0.6666666666666666,0.9285714285714286,0.717948717948718,0.8111482720178372,0.8673469387755102
91,14,53,2,8,0.8701298701298701,0.8,0.9636363636363636,0.6363636363636364,0.9137931034482759,0.6363636363636364,0.9636363636363636,0.7368421052631579,0.8253176043557169,0.8355371900826446
92,14,49,5,9,0.8181818181818182,0.7580515297906603,0.9074074074074074,0.6086956521739131,0.875,0.6086956521739131,0.9074074074074074,0.6666666666666666,0.7708333333333333,0.8381642512077294
93,13,54,3,7,0.8701298701298701,0.7986842105263158,0.9473684210526315,0.65,0.9152542372881356,0.65,0.9473684210526315,0.7222222222222222,0.8187382297551788,0.8885964912280702
94,9,50,6,12,0.7662337662337663,0.6607142857142857,0.8928571428571429,0.42857142857142855,0.847457627118644,0.42857142857142855,0.8928571428571429,0.5,0.673728813559322,0.7465986394557823
95,12,54,3,8,0.8571428571428571,0.7736842105263158,0.9473684210526315,0.6,0.907563025210084,0.6,0.9473684210526315,0.6857142857142857,0.7966386554621849,0.9359649122807017
96,12,52,5,8,0.8311688311688312,0.7561403508771929,0.9122807017543859,0.6,0.8888888888888888,0.6,0.9122807017543859,0.6486486486486487,0.7687687687687688,0.7982456140350878
97,9,58,3,7,0.8701298701298701,0.7566598360655737,0.9508196721311475,0.5625,0.9206349206349206,0.5625,0.9508196721311475,0.6428571428571429,0.7817460317460317,0.8504098360655737
98,14,53,4,6,0.8701298701298701,0.8149122807017544,0.9298245614035088,0.7,0.9137931034482759,0.7,0.9298245614035088,0.7368421052631579,0.8253176043557169,0.8745614035087719
99,11,53,5,8,0.8311688311688312,0.7463702359346642,0.9137931034482759,0.5789473684210527,0.8907563025210085,0.5789473684210527,0.9137931034482759,0.6285714285714286,0.7596638655462185,0.8774954627949184
100,11,55,4,7,0.8571428571428571,0.7716572504708098,0.9322033898305084,0.6111111111111112,0.9090909090909091,0.6111111111111112,0.9322033898305084,0.6666666666666666,0.7878787878787878,0.7655367231638419
101,12,54,4,7,0.8571428571428571,0.7813067150635209,0.9310344827586207,0.631578947368421,0.907563025210084,0.631578947368421,0.9310344827586207,0.6857142857142857,0.7966386554621849,0.8012704174228674
102,18,51,3,5,0.8961038961038961,0.8635265700483092,0.9444444444444444,0.782608695652174,0.9272727272727272,0.782608695652174,0.9444444444444444,0.8181818181818182,0.8727272727272728,0.8405797101449275
103,19,46,4,8,0.8441558441558441,0.8118518518518518,0.92,0.7037037037037037,0.8846153846153846,0.7037037037037037,0.92,0.76,0.8223076923076923,0.8407407407407407
104,20,46,5,6,0.8571428571428571,0.8355957767722474,0.9019607843137255,0.7692307692307693,0.8932038834951457,0.7692307692307693,0.9019607843137255,0.7843137254901961,0.8387588044926708,0.8868778280542986
105,14,54,5,4,0.8831168831168831,0.8465160075329567,0.9152542372881356,0.7777777777777778,0.9230769230769231,0.7777777777777778,0.9152542372881356,0.7567567567567568,0.83991683991684,0.8851224105461394
106,14,46,3,14,0.7792207792207793,0.7193877551020409,0.9387755102040817,0.5,0.8440366972477065,0.5,0.9387755102040817,0.6222222222222222,0.7331294597349644,0.7696793002915452
107,14,48,5,10,0.8051948051948052,0.7444968553459119,0.9056603773584906,0.5833333333333334,0.8648648648648649,0.5833333333333334,0.9056603773584906,0.6511627906976745,0.7580138277812697,0.7885220125786163
108,17,44,7,9,0.7922077922077922,0.7582956259426847,0.8627450980392157,0.6538461538461539,0.8461538461538461,0.6538461538461539,0.8627450980392157,0.68,0.7630769230769231,0.803921568627451
109,21,45,6,5,0.8571428571428571,0.8450226244343891,0.8823529411764706,0.8076923076923077,0.8910891089108911,0.8076923076923077,0.8823529411764706,0.7924528301886793,0.8417709695497853,0.8499245852187028
110,17,48,1,11,0.8441558441558441,0.7933673469387754,0.9795918367346939,0.6071428571428571,0.8888888888888888,0.6071428571428571,0.9795918367346939,0.7391304347826086,0.8140096618357487,0.7441690962099125
111,11,59,2,5,0.9090909090909091,0.8273565573770492,0.9672131147540983,0.6875,0.944,0.6875,0.9672131147540983,0.7586206896551724,0.8513103448275862,0.8299180327868853
112,22,44,3,8,0.8571428571428571,0.8347517730496454,0.9361702127659575,0.7333333333333333,0.8888888888888888,0.7333333333333333,0.9361702127659575,0.8,0.8444444444444444,0.851063829787234
113,14,54,3,6,0.8831168831168831,0.8236842105263158,0.9473684210526315,0.7,0.9230769230769231,0.7,0.9473684210526315,0.7567567567567568,0.83991683991684,0.8991228070175439
114,17,47,6,7,0.8311688311688312,0.7975628930817611,0.8867924528301887,0.7083333333333334,0.8785046728971962,0.7083333333333334,0.8867924528301887,0.723404255319149,0.8009544641081726,0.8144654088050314
115,15,45,6,11,0.7792207792207793,0.7296380090497737,0.8823529411764706,0.5769230769230769,0.8411214953271028,0.5769230769230769,0.8823529411764706,0.6382978723404256,0.7397096838337642,0.8197586726998491
116,11,55,4,7,0.8571428571428571,0.7716572504708098,0.9322033898305084,0.6111111111111112,0.9090909090909091,0.6111111111111112,0.9322033898305084,0.6666666666666666,0.7878787878787878,0.8446327683615819
117,11,50,4,12,0.7922077922077922,0.7020933977455717,0.9259259259259259,0.4782608695652174,0.8620689655172413,0.4782608695652174,0.9259259259259259,0.5789473684210527,0.720508166969147,0.8502415458937198
118,12,51,2,12,0.8181818181818182,0.7311320754716981,0.9622641509433962,0.5,0.8793103448275862,0.5,0.9622641509433962,0.631578947368421,0.7554446460980035,0.9009433962264151
119,13,54,4,6,0.8701298701298701,0.8076225045372051,0.9310344827586207,0.6842105263157895,0.9152542372881356,0.6842105263157895,0.9310344827586207,0.7222222222222222,0.8187382297551788,0.8348457350272234
120,10,53,6,8,0.8181818181818182,0.7269303201506592,0.8983050847457628,0.5555555555555556,0.8833333333333333,0.5555555555555556,0.8983050847457628,0.5882352941176471,0.7357843137254902,0.9020715630885122
121,15,49,2,11,0.8311688311688312,0.7688536953242835,0.9607843137254902,0.5769230769230769,0.8828828828828829,0.5769230769230769,0.9607843137254902,0.6976744186046512,0.790278650743767,0.8619909502262445
122,16,47,4,10,0.8181818181818182,0.7684766214177978,0.9215686274509803,0.6153846153846154,0.8703703703703703,0.6153846153846154,0.9215686274509803,0.6956521739130435,0.7830112721417068,0.7843137254901961
123,13,49,4,11,0.8051948051948052,0.7330974842767295,0.9245283018867925,0.5416666666666666,0.8672566371681416,0.5416666666666666,0.9245283018867925,0.6341463414634146,0.7507014893157782,0.7861635220125787
124,9,55,7,6,0.8311688311688312,0.7435483870967742,0.8870967741935484,0.6,0.8943089430894309,0.6,0.8870967741935484,0.5806451612903226,0.7374770521898768,0.7526881720430108
125,9,58,3,7,0.8701298701298701,0.7566598360655737,0.9508196721311475,0.5625,0.9206349206349206,0.5625,0.9508196721311475,0.6428571428571429,0.7817460317460317,0.8299180327868853
126,9,52,7,9,0.7922077922077922,0.6906779661016949,0.8813559322033898,0.5,0.8666666666666667,0.5,0.8813559322033898,0.5294117647058824,0.6980392156862745,0.728813559322034
127,27,38,4,8,0.8441558441558441,0.8380952380952381,0.9047619047619048,0.7714285714285715,0.8636363636363636,0.7714285714285715,0.9047619047619048,0.8181818181818182,0.8409090909090909,0.8571428571428571
128,16,50,3,8,0.8571428571428571,0.8050314465408805,0.9433962264150944,0.6666666666666666,0.9009009009009009,0.6666666666666666,0.9433962264150944,0.7441860465116279,0.8225434737062645,0.7916666666666667
129,12,51,5,9,0.8181818181818182,0.7410714285714286,0.9107142857142857,0.5714285714285714,0.8793103448275862,0.5714285714285714,0.9107142857142857,0.631578947368421,0.7554446460980035,0.8035714285714285
130,11,52,4,10,0.8181818181818182,0.7261904761904763,0.9285714285714286,0.5238095238095238,0.8813559322033898,0.5238095238095238,0.9285714285714286,0.6111111111111112,0.7462335216572504,0.778061224489796
131,15,49,5,8,0.8311688311688312,0.7797906602254429,0.9074074074074074,0.6521739130434783,0.8828828828828829,0.6521739130434783,0.9074074074074074,0.6976744186046512,0.790278650743767,0.8518518518518519
132,13,54,6,4,0.8701298701298701,0.8323529411764705,0.9,0.7647058823529411,0.9152542372881356,0.7647058823529411,0.9,0.7222222222222222,0.8187382297551788,0.907843137254902
133,12,61,0,4,0.948051948051948,0.875,1.0,0.75,0.9682539682539683,0.75,1.0,0.8571428571428571,0.9126984126984127,0.8995901639344261
134,12,52,6,7,0.8311688311688312,0.764065335753176,0.896551724137931,0.631578947368421,0.8888888888888888,0.631578947368421,0.896551724137931,0.6486486486486487,0.7687687687687688,0.8720508166969146
135,14,52,4,7,0.8571428571428571,0.7976190476190477,0.9285714285714286,0.6666666666666666,0.9043478260869565,0.6666666666666666,0.9285714285714286,0.717948717948718,0.8111482720178372,0.8860544217687074
136,8,56,2,11,0.8311688311688312,0.6932849364791289,0.9655172413793104,0.42105263157894735,0.896,0.42105263157894735,0.9655172413793104,0.5517241379310345,0.7238620689655173,0.8321234119782215
137,14,48,4,11,0.8051948051948052,0.7415384615384616,0.9230769230769231,0.56,0.8648648648648649,0.56,0.9230769230769231,0.6511627906976745,0.7580138277812697,0.8423076923076923
138,10,58,3,6,0.8831168831168831,0.7879098360655737,0.9508196721311475,0.625,0.928,0.625,0.9508196721311475,0.6896551724137931,0.8088275862068965,0.8944672131147541
139,16,52,3,6,0.8831168831168831,0.8363636363636364,0.9454545454545454,0.7272727272727273,0.9203539823008849,0.7272727272727273,0.9454545454545454,0.7804878048780488,0.8504208935894668,0.8760330578512396
140,9,61,1,6,0.9090909090909091,0.7919354838709678,0.9838709677419355,0.6,0.9457364341085271,0.6,0.9838709677419355,0.72,0.8328682170542636,0.8602150537634409
141,16,49,6,6,0.8441558441558441,0.8090909090909091,0.8909090909090909,0.7272727272727273,0.8909090909090909,0.7272727272727273,0.8909090909090909,0.7272727272727273,0.8090909090909091,0.8355371900826446
142,10,58,1,8,0.8831168831168831,0.7693032015065914,0.9830508474576272,0.5555555555555556,0.928,0.5555555555555556,0.9830508474576272,0.6896551724137931,0.8088275862068965,0.7617702448210922
143,14,50,4,9,0.8311688311688312,0.7673107890499196,0.9259259259259259,0.6086956521739131,0.8849557522123894,0.6086956521739131,0.9259259259259259,0.6829268292682927,0.7839412907403411,0.8719806763285024
144,10,49,7,11,0.7662337662337663,0.6755952380952381,0.875,0.47619047619047616,0.8448275862068966,0.47619047619047616,0.875,0.5263157894736842,0.6855716878402904,0.6998299319727891
145,8,55,6,8,0.8181818181818182,0.7008196721311475,0.9016393442622951,0.5,0.8870967741935484,0.5,0.9016393442622951,0.5333333333333333,0.7102150537634409,0.8247950819672132
146,10,55,5,7,0.8441558441558441,0.7524509803921569,0.9166666666666666,0.5882352941176471,0.9016393442622951,0.5882352941176471,0.9166666666666666,0.625,0.7633196721311475,0.7647058823529411
147,18,52,2,5,0.9090909090909091,0.8727858293075684,0.9629629629629629,0.782608695652174,0.9369369369369369,0.782608695652174,0.9629629629629629,0.8372093023255814,0.8870731196312591,0.9347826086956522
148,11,61,1,4,0.935064935064935,0.8586021505376344,0.9838709677419355,0.7333333333333333,0.9606299212598425,0.7333333333333333,0.9838709677419355,0.8148148148148148,0.8877223680373286,0.9688172043010752
149,12,55,0,10,0.8701298701298701,0.7727272727272727,1.0,0.5454545454545454,0.9166666666666666,0.5454545454545454,1.0,0.7058823529411765,0.8112745098039216,0.868595041322314
150,18,46,3,10,0.8311688311688312,0.7908163265306123,0.9387755102040817,0.6428571428571429,0.8761904761904762,0.6428571428571429,0.9387755102040817,0.7346938775510204,0.8054421768707483,0.836734693877551
151,6,55,3,13,0.7922077922077922,0.632032667876588,0.9482758620689655,0.3157894736842105,0.873015873015873,0.3157894736842105,0.9482758620689655,0.42857142857142855,0.6507936507936508,0.6143375680580763
152,8,60,3,6,0.8831168831168831,0.7619047619047619,0.9523809523809523,0.5714285714285714,0.9302325581395349,0.5714285714285714,0.9523809523809523,0.64,0.7851162790697674,0.8299319727891156
153,21,41,5,10,0.8051948051948052,0.7843618513323982,0.8913043478260869,0.6774193548387096,0.845360824742268,0.6774193548387096,0.8913043478260869,0.7368421052631579,0.791101465002713,0.8401122019635343
154,18,51,1,7,0.8961038961038961,0.8503846153846153,0.9807692307692307,0.72,0.9272727272727272,0.72,0.9807692307692307,0.8181818181818182,0.8727272727272728,0.8838461538461538
155,20,51,0,6,0.922077922077922,0.8846153846153846,1.0,0.7692307692307693,0.9444444444444444,0.7692307692307693,1.0,0.8695652173913043,0.9070048309178744,0.8906485671191553
156,10,54,4,9,0.8311688311688312,0.7286751361161524,0.9310344827586207,0.5263157894736842,0.8925619834710744,0.5263157894736842,0.9310344827586207,0.6060606060606061,0.7493112947658402,0.7867513611615246
157,13,51,6,7,0.8311688311688312,0.7723684210526316,0.8947368421052632,0.65,0.8869565217391304,0.65,0.8947368421052632,0.6666666666666666,0.7768115942028986,0.8666666666666668
158,10,60,2,5,0.9090909090909091,0.8172043010752688,0.967741935483871,0.6666666666666666,0.9448818897637795,0.6666666666666666,0.967741935483871,0.7407407407407407,0.84281131525226,0.7849462365591398
159,8,59,3,7,0.8701298701298701,0.7424731182795699,0.9516129032258065,0.5333333333333333,0.921875,0.5333333333333333,0.9516129032258065,0.6153846153846154,0.7686298076923077,0.8311827956989246
160,13,52,3,9,0.8441558441558441,0.7681818181818182,0.9454545454545454,0.5909090909090909,0.896551724137931,0.5909090909090909,0.9454545454545454,0.6842105263157895,0.7903811252268602,0.7479338842975206
161,11,52,6,8,0.8181818181818182,0.7377495462794919,0.896551724137931,0.5789473684210527,0.8813559322033898,0.5789473684210527,0.896551724137931,0.6111111111111112,0.7462335216572504,0.7803992740471869
162,11,55,3,8,0.8571428571428571,0.7636116152450091,0.9482758620689655,0.5789473684210527,0.9090909090909091,0.5789473684210527,0.9482758620689655,0.6666666666666666,0.7878787878787878,0.8294010889292196
163,11,57,5,4,0.8831168831168831,0.8263440860215053,0.9193548387096774,0.7333333333333333,0.926829268292683,0.7333333333333333,0.9193548387096774,0.7096774193548387,0.8182533438237609,0.8741935483870967
164,12,57,5,3,0.8961038961038961,0.8596774193548387,0.9193548387096774,0.8,0.9344262295081968,0.8,0.9193548387096774,0.75,0.8422131147540983,0.9494623655913978
165,17,50,1,9,0.8701298701298701,0.8171191553544495,0.9803921568627451,0.6538461538461539,0.9090909090909091,0.6538461538461539,0.9803921568627451,0.7727272727272727,0.8409090909090908,0.852187028657617
166,17,56,3,1,0.948051948051948,0.9467984934086628,0.9491525423728814,0.9444444444444444,0.9655172413793104,0.9444444444444444,0.9491525423728814,0.8947368421052632,0.9301270417422868,0.9406779661016949
167,15,50,4,8,0.8441558441558441,0.789049919484702,0.9259259259259259,0.6521739130434783,0.8928571428571429,0.6521739130434783,0.9259259259259259,0.7142857142857143,0.8035714285714286,0.8792270531400965
168,8,50,6,13,0.7532467532467533,0.6369047619047619,0.8928571428571429,0.38095238095238093,0.8403361344537815,0.38095238095238093,0.8928571428571429,0.45714285714285713,0.6487394957983194,0.6666666666666666
169,15,46,5,11,0.7922077922077922,0.7394419306184012,0.9019607843137255,0.5769230769230769,0.8518518518518519,0.5769230769230769,0.9019607843137255,0.6521739130434783,0.7520128824476651,0.8310708898944194
170,10,56,5,6,0.8571428571428571,0.771516393442623,0.9180327868852459,0.625,0.9105691056910569,0.625,0.9180327868852459,0.6451612903225806,0.7778651980068187,0.9006147540983607
171,11,54,3,9,0.8441558441558441,0.7486842105263158,0.9473684210526315,0.55,0.9,0.55,0.9473684210526315,0.6470588235294118,0.7735294117647059,0.8254385964912281
172,16,47,3,11,0.8181818181818182,0.7662962962962963,0.94,0.5925925925925926,0.8703703703703703,0.5925925925925926,0.94,0.6956521739130435,0.7830112721417068,0.8148148148148148
173,14,54,3,6,0.8831168831168831,0.8236842105263158,0.9473684210526315,0.7,0.9230769230769231,0.7,0.9473684210526315,0.7567567567567568,0.83991683991684,0.8807017543859649
174,16,52,0,9,0.8831168831168831,0.8200000000000001,1.0,0.64,0.9203539823008849,0.64,1.0,0.7804878048780488,0.8504208935894668,0.9023076923076923
175,14,54,4,5,0.8831168831168831,0.8339382940108893,0.9310344827586207,0.7368421052631579,0.9230769230769231,0.7368421052631579,0.9310344827586207,0.7567567567567568,0.83991683991684,0.8484573502722322
176,11,56,3,7,0.8701298701298701,0.7801318267419963,0.9491525423728814,0.6111111111111112,0.9180327868852459,0.6111111111111112,0.9491525423728814,0.6875,0.802766393442623,0.8314500941619586
177,8,60,1,8,0.8831168831168831,0.7418032786885246,0.9836065573770492,0.5,0.9302325581395349,0.5,0.9836065573770492,0.64,0.7851162790697674,0.7827868852459017
178,10,56,4,7,0.8571428571428571,0.7607843137254902,0.9333333333333333,0.5882352941176471,0.9105691056910569,0.5882352941176471,0.9333333333333333,0.6451612903225806,0.7778651980068187,0.8441176470588235
179,15,46,6,10,0.7922077922077922,0.7423076923076923,0.8846153846153846,0.6,0.8518518518518519,0.6,0.8846153846153846,0.6521739130434783,0.7520128824476651,0.7953846153846154
180,11,55,3,8,0.8571428571428571,0.7636116152450091,0.9482758620689655,0.5789473684210527,0.9090909090909091,0.5789473684210527,0.9482758620689655,0.6666666666666666,0.7878787878787878,0.8511796733212341
181,11,61,1,4,0.935064935064935,0.8586021505376344,0.9838709677419355,0.7333333333333333,0.9606299212598425,0.7333333333333333,0.9838709677419355,0.8148148148148148,0.8877223680373286,0.8580645161290322
182,12,56,2,7,0.8831168831168831,0.7985480943738656,0.9655172413793104,0.631578947368421,0.9256198347107438,0.631578947368421,0.9655172413793104,0.7272727272727273,0.8264462809917356,0.8457350272232306
183,13,54,2,8,0.8701298701298701,0.7916666666666667,0.9642857142857143,0.6190476190476191,0.9152542372881356,0.6190476190476191,0.9642857142857143,0.7222222222222222,0.8187382297551788,0.8333333333333333
184,17,52,2,6,0.8961038961038961,0.8510466988727858,0.9629629629629629,0.7391304347826086,0.9285714285714286,0.7391304347826086,0.9629629629629629,0.8095238095238095,0.8690476190476191,0.9090177133655394
185,10,54,5,8,0.8311688311688312,0.7354048964218456,0.9152542372881356,0.5555555555555556,0.8925619834710744,0.5555555555555556,0.9152542372881356,0.6060606060606061,0.7493112947658402,0.7674199623352166
186,13,55,2,7,0.8831168831168831,0.8074561403508772,0.9649122807017544,0.65,0.9243697478991597,0.65,0.9649122807017544,0.7428571428571429,0.8336134453781513,0.8473684210526317
187,12,55,3,7,0.8701298701298701,0.7899274047186933,0.9482758620689655,0.631578947368421,0.9166666666666666,0.631578947368421,0.9482758620689655,0.7058823529411765,0.8112745098039216,0.822141560798548
188,13,46,3,15,0.7662337662337663,0.701530612244898,0.9387755102040817,0.4642857142857143,0.8363636363636363,0.4642857142857143,0.9387755102040817,0.5909090909090909,0.7136363636363636,0.8097667638483965
189,7,59,0,11,0.8571428571428571,0.6944444444444444,1.0,0.3888888888888889,0.9147286821705426,0.3888888888888889,1.0,0.56,0.7373643410852713,0.7598870056497176
190,6,55,4,12,0.7922077922077922,0.6327683615819208,0.9322033898305084,0.3333333333333333,0.873015873015873,0.3333333333333333,0.9322033898305084,0.42857142857142855,0.6507936507936508,0.660075329566855
191,13,54,2,8,0.8701298701298701,0.7916666666666667,0.9642857142857143,0.6190476190476191,0.9152542372881356,0.6190476190476191,0.9642857142857143,0.7222222222222222,0.8187382297551788,0.8494897959183673
192,16,45,4,12,0.7922077922077922,0.7448979591836735,0.9183673469387755,0.5714285714285714,0.8490566037735849,0.5714285714285714,0.9183673469387755,0.6666666666666666,0.7578616352201257,0.7623906705539358
193,11,53,2,11,0.8311688311688312,0.7318181818181818,0.9636363636363636,0.5,0.8907563025210085,0.5,0.9636363636363636,0.6285714285714286,0.7596638655462185,0.8603305785123967
194,18,52,3,4,0.9090909090909091,0.8818181818181818,0.9454545454545454,0.8181818181818182,0.9369369369369369,0.8181818181818182,0.9454545454545454,0.8372093023255814,0.8870731196312591,0.8933884297520661
195,12,49,4,12,0.7922077922077922,0.7122641509433962,0.9245283018867925,0.5,0.8596491228070176,0.5,0.9245283018867925,0.6,0.7298245614035088,0.77437106918239
196,10,52,3,12,0.8051948051948052,0.7,0.9454545454545454,0.45454545454545453,0.8739495798319328,0.45454545454545453,0.9454545454545454,0.5714285714285714,0.7226890756302521,0.7611570247933885
197,11,52,5,9,0.8181818181818182,0.731140350877193,0.9122807017543859,0.55,0.8813559322033898,0.55,0.9122807017543859,0.6111111111111112,0.7462335216572504,0.868421052631579
198,9,58,5,5,0.8701298701298701,0.7817460317460317,0.9206349206349206,0.6428571428571429,0.9206349206349206,0.6428571428571429,0.9206349206349206,0.6428571428571429,0.7817460317460317,0.9013605442176871
199,13,54,3,7,0.8701298701298701,0.7986842105263158,0.9473684210526315,0.65,0.9152542372881356,0.65,0.9473684210526315,0.7222222222222222,0.8187382297551788,0.894736842105263
200,11,47,5,14,0.7532467532467533,0.671923076923077,0.9038461538461539,0.44,0.831858407079646,0.44,0.9038461538461539,0.5365853658536586,0.6842218864666523,0.8007692307692308
201,9,57,6,5,0.8571428571428571,0.7738095238095238,0.9047619047619048,0.6428571428571429,0.912,0.6428571428571429,0.9047619047619048,0.6206896551724138,0.7663448275862069,0.9263038548752834
202,17,51,2,7,0.8831168831168831,0.8352987421383649,0.9622641509433962,0.7083333333333334,0.918918918918919,0.7083333333333334,0.9622641509433962,0.7906976744186046,0.8548082966687618,0.9268867924528301
203,10,54,2,11,0.8311688311688312,0.7202380952380952,0.9642857142857143,0.47619047619047616,0.8925619834710744,0.47619047619047616,0.9642857142857143,0.6060606060606061,0.7493112947658402,0.7440476190476191
204,10,59,1,7,0.8961038961038961,0.7857843137254902,0.9833333333333333,0.5882352941176471,0.9365079365079365,0.5882352941176471,0.9833333333333333,0.7142857142857143,0.8253968253968254,0.8627450980392157
205,10,53,5,9,0.8181818181818182,0.72005444646098,0.9137931034482759,0.5263157894736842,0.8833333333333333,0.5263157894736842,0.9137931034482759,0.5882352941176471,0.7357843137254902,0.8539019963702359
206,15,51,2,9,0.8571428571428571,0.7936320754716981,0.9622641509433962,0.625,0.9026548672566371,0.625,0.9622641509433962,0.7317073170731707,0.8171810921649039,0.8671383647798743
207,18,52,1,6,0.9090909090909091,0.8655660377358491,0.9811320754716981,0.75,0.9369369369369369,0.75,0.9811320754716981,0.8372093023255814,0.8870731196312591,0.8922955974842767
208,10,55,8,4,0.8441558441558441,0.7936507936507937,0.873015873015873,0.7142857142857143,0.9016393442622951,0.7142857142857143,0.873015873015873,0.625,0.7633196721311475,0.8480725623582767
209,16,50,5,6,0.8571428571428571,0.8181818181818181,0.9090909090909091,0.7272727272727273,0.9009009009009009,0.7272727272727273,0.9090909090909091,0.7441860465116279,0.8225434737062645,0.8190082644628098
210,15,44,7,11,0.7662337662337663,0.7198340874811463,0.8627450980392157,0.5769230769230769,0.8301886792452831,0.5769230769230769,0.8627450980392157,0.625,0.7275943396226415,0.806184012066365
211,11,55,4,7,0.8571428571428571,0.7716572504708098,0.9322033898305084,0.6111111111111112,0.9090909090909091,0.6111111111111112,0.9322033898305084,0.6666666666666666,0.7878787878787878,0.8286252354048964
212,14,48,4,11,0.8051948051948052,0.7415384615384616,0.9230769230769231,0.56,0.8648648648648649,0.56,0.9230769230769231,0.6511627906976745,0.7580138277812697,0.8053846153846154
213,12,51,3,11,0.8181818181818182,0.7330917874396135,0.9444444444444444,0.5217391304347826,0.8793103448275862,0.5217391304347826,0.9444444444444444,0.631578947368421,0.7554446460980035,0.7987117552334944
214,12,52,5,8,0.8311688311688312,0.7561403508771929,0.9122807017543859,0.6,0.8888888888888888,0.6,0.9122807017543859,0.6486486486486487,0.7687687687687688,0.806140350877193
215,14,54,3,6,0.8831168831168831,0.8236842105263158,0.9473684210526315,0.7,0.9230769230769231,0.7,0.9473684210526315,0.7567567567567568,0.83991683991684,0.8526315789473685
216,9,55,4,9,0.8311688311688312,0.7161016949152542,0.9322033898305084,0.5,0.8943089430894309,0.5,0.9322033898305084,0.5806451612903226,0.7374770521898768,0.7740112994350282
217,8,58,4,7,0.8571428571428571,0.7344086021505376,0.9354838709677419,0.5333333333333333,0.9133858267716536,0.5333333333333333,0.9354838709677419,0.5925925925925926,0.7529892096821231,0.721505376344086
218,17,45,6,9,0.8051948051948052,0.7680995475113122,0.8823529411764706,0.6538461538461539,0.8571428571428571,0.6538461538461539,0.8823529411764706,0.6938775510204082,0.7755102040816326,0.823529411764706
219,9,53,7,8,0.8051948051948052,0.7063725490196078,0.8833333333333333,0.5294117647058824,0.8760330578512396,0.5294117647058824,0.8833333333333333,0.5454545454545454,0.7107438016528925,0.8088235294117646
220,10,48,4,15,0.7532467532467533,0.6615384615384616,0.9230769230769231,0.4,0.8347826086956521,0.4,0.9230769230769231,0.5128205128205128,0.6738015607580825,0.8430769230769231
221,12,54,4,7,0.8571428571428571,0.7813067150635209,0.9310344827586207,0.631578947368421,0.907563025210084,0.631578947368421,0.9310344827586207,0.6857142857142857,0.7966386554621849,0.866606170598911
222,13,55,4,5,0.8831168831168831,0.8272128060263653,0.9322033898305084,0.7222222222222222,0.9243697478991597,0.7222222222222222,0.9322033898305084,0.7428571428571429,0.8336134453781513,0.839924670433145
223,12,60,2,3,0.935064935064935,0.8838709677419355,0.967741935483871,0.8,0.96,0.8,0.967741935483871,0.8275862068965517,0.8937931034482758,0.910752688172043
224,20,45,7,5,0.8441558441558441,0.8326923076923077,0.8653846153846154,0.8,0.8823529411764706,0.8,0.8653846153846154,0.7692307692307693,0.8257918552036199,0.8515384615384615
225,12,55,2,8,0.8701298701298701,0.7824561403508772,0.9649122807017544,0.6,0.9166666666666666,0.6,0.9649122807017544,0.7058823529411765,0.8112745098039216,0.8692982456140351
226,17,49,5,6,0.8571428571428571,0.823268921095008,0.9074074074074074,0.7391304347826086,0.8990825688073395,0.7391304347826086,0.9074074074074074,0.7555555555555555,0.8273190621814475,0.8011272141706923
227,16,50,2,9,0.8571428571428571,0.8007692307692308,0.9615384615384616,0.64,0.9009009009009009,0.64,0.9615384615384616,0.7441860465116279,0.8225434737062645,0.8746153846153847
228,11,48,9,9,0.7662337662337663,0.6960526315789474,0.8421052631578947,0.55,0.8421052631578947,0.55,0.8421052631578947,0.55,0.6960526315789474,0.7464912280701754
229,19,45,5,8,0.8311688311688312,0.8018518518518518,0.9,0.7037037037037037,0.8737864077669902,0.7037037037037037,0.9,0.7450980392156863,0.8094422234913383,0.8007407407407408
230,17,52,1,7,0.8961038961038961,0.8447327044025157,0.9811320754716981,0.7083333333333334,0.9285714285714286,0.7083333333333334,0.9811320754716981,0.8095238095238095,0.8690476190476191,0.8404088050314465
231,19,43,1,14,0.8051948051948052,0.7765151515151516,0.9772727272727273,0.5757575757575758,0.8514851485148515,0.5757575757575758,0.9772727272727273,0.7169811320754716,0.7842331402951616,0.8491735537190083
232,19,48,2,8,0.8701298701298701,0.8318518518518518,0.96,0.7037037037037037,0.9056603773584906,0.7037037037037037,0.96,0.7916666666666666,0.8486635220125787,0.8718518518518519
233,10,53,5,9,0.8181818181818182,0.72005444646098,0.9137931034482759,0.5263157894736842,0.8833333333333333,0.5263157894736842,0.9137931034482759,0.5882352941176471,0.7357843137254902,0.8466424682395645
234,11,54,1,11,0.8441558441558441,0.740909090909091,0.9818181818181818,0.5,0.9,0.5,0.9818181818181818,0.6470588235294118,0.7735294117647059,0.83801652892562
235,16,48,2,11,0.8311688311688312,0.7762962962962963,0.96,0.5925925925925926,0.8807339449541285,0.5925925925925926,0.96,0.7111111111111111,0.7959225280326199,0.8785185185185185
236,9,51,6,11,0.7792207792207793,0.6723684210526316,0.8947368421052632,0.45,0.8571428571428571,0.45,0.8947368421052632,0.5142857142857142,0.6857142857142857,0.7675438596491229
237,9,54,2,12,0.8181818181818182,0.6964285714285714,0.9642857142857143,0.42857142857142855,0.8852459016393442,0.42857142857142855,0.9642857142857143,0.5625,0.7238729508196722,0.8664965986394558
238,18,47,6,6,0.8441558441558441,0.8183962264150944,0.8867924528301887,0.75,0.8867924528301887,0.75,0.8867924528301887,0.75,0.8183962264150944,0.8820754716981132
239,14,52,4,7,0.8571428571428571,0.7976190476190477,0.9285714285714286,0.6666666666666666,0.9043478260869565,0.6666666666666666,0.9285714285714286,0.717948717948718,0.8111482720178372,0.8256802721088435
240,11,52,5,9,0.8181818181818182,0.731140350877193,0.9122807017543859,0.55,0.8813559322033898,0.55,0.9122807017543859,0.6111111111111112,0.7462335216572504,0.775438596491228
241,15,52,3,7,0.8701298701298701,0.8136363636363636,0.9454545454545454,0.6818181818181818,0.9122807017543859,0.6818181818181818,0.9454545454545454,0.75,0.831140350877193,0.8115702479338843
242,9,58,2,8,0.8701298701298701,0.7480392156862745,0.9666666666666667,0.5294117647058824,0.9206349206349206,0.5294117647058824,0.9666666666666667,0.6428571428571429,0.7817460317460317,0.8754901960784314
243,18,49,4,6,0.8701298701298701,0.8372641509433962,0.9245283018867925,0.75,0.9074074074074074,0.75,0.9245283018867925,0.782608695652174,0.8450080515297906,0.8765723270440251
244,13,50,3,11,0.8181818181818182,0.7425314465408805,0.9433962264150944,0.5416666666666666,0.8771929824561403,0.5416666666666666,0.9433962264150944,0.65,0.7635964912280702,0.8121069182389937
245,12,54,6,5,0.8571428571428571,0.8029411764705883,0.9,0.7058823529411765,0.907563025210084,0.7058823529411765,0.9,0.6857142857142857,0.7966386554621849,0.9117647058823529
246,15,52,2,8,0.8701298701298701,0.8075684380032206,0.9629629629629629,0.6521739130434783,0.9122807017543859,0.6521739130434783,0.9629629629629629,0.75,0.831140350877193,0.8381642512077294
247,12,55,4,6,0.8701298701298701,0.7994350282485876,0.9322033898305084,0.6666666666666666,0.9166666666666666,0.6666666666666666,0.9322033898305084,0.7058823529411765,0.8112745098039216,0.8625235404896422
248,12,53,5,7,0.8441558441558441,0.7726860254083485,0.9137931034482759,0.631578947368421,0.8983050847457628,0.631578947368421,0.9137931034482759,0.6666666666666666,0.7824858757062148,0.8148820326678765
249,15,49,3,10,0.8311688311688312,0.7711538461538461,0.9423076923076923,0.6,0.8828828828828829,0.6,0.9423076923076923,0.6976744186046512,0.790278650743767,0.7992307692307692
250,9,61,2,5,0.9090909090909091,0.8055555555555556,0.9682539682539683,0.6428571428571429,0.9457364341085271,0.6428571428571429,0.9682539682539683,0.72,0.8328682170542636,0.8537414965986395
251,13,52,6,6,0.8441558441558441,0.7903811252268602,0.896551724137931,0.6842105263157895,0.896551724137931,0.6842105263157895,0.896551724137931,0.6842105263157895,0.7903811252268602,0.8856624319419237
252,10,52,3,12,0.8051948051948052,0.7,0.9454545454545454,0.45454545454545453,0.8739495798319328,0.45454545454545453,0.9454545454545454,0.5714285714285714,0.7226890756302521,0.8008264462809918
253,12,52,6,7,0.8311688311688312,0.764065335753176,0.896551724137931,0.631578947368421,0.8888888888888888,0.631578947368421,0.896551724137931,0.6486486486486487,0.7687687687687688,0.7577132486388385
254,19,47,6,5,0.8571428571428571,0.8392295597484276,0.8867924528301887,0.7916666666666666,0.8952380952380953,0.7916666666666666,0.8867924528301887,0.7755102040816326,0.8353741496598639,0.8443396226415094
255,16,51,6,4,0.8701298701298701,0.8473684210526315,0.8947368421052632,0.8,0.9107142857142857,0.8,0.8947368421052632,0.7619047619047619,0.8363095238095237,0.893859649122807
256,15,49,5,8,0.8311688311688312,0.7797906602254429,0.9074074074074074,0.6521739130434783,0.8828828828828829,0.6521739130434783,0.9074074074074074,0.6976744186046512,0.790278650743767,0.7801932367149758
257,17,46,4,10,0.8181818181818182,0.7748148148148148,0.92,0.6296296296296297,0.8679245283018868,0.6296296296296297,0.92,0.7083333333333334,0.78812893081761,0.7837037037037037
258,10,54,6,7,0.8311688311688312,0.7441176470588236,0.9,0.5882352941176471,0.8925619834710744,0.5882352941176471,0.9,0.6060606060606061,0.7493112947658402,0.8411764705882353
259,13,46,5,13,0.7662337662337663,0.7009803921568627,0.9019607843137255,0.5,0.8363636363636363,0.5,0.9019607843137255,0.5909090909090909,0.7136363636363636,0.8634992458521871
260,13,55,7,2,0.8831168831168831,0.8768817204301076,0.8870967741935484,0.8666666666666667,0.9243697478991597,0.8666666666666667,0.8870967741935484,0.7428571428571429,0.8336134453781513,0.9193548387096774
261,18,44,8,7,0.8051948051948052,0.783076923076923,0.8461538461538461,0.72,0.8543689320388349,0.72,0.8461538461538461,0.7058823529411765,0.7801256424900057,0.8584615384615384
262,18,49,2,8,0.8701298701298701,0.8265460030165912,0.9607843137254902,0.6923076923076923,0.9074074074074074,0.6923076923076923,0.9607843137254902,0.782608695652174,0.8450080515297906,0.8702865761689291
263,13,57,2,5,0.9090909090909091,0.8441619585687382,0.9661016949152542,0.7222222222222222,0.9421487603305785,0.7222222222222222,0.9661016949152542,0.7878787878787878,0.8650137741046832,0.8380414312617702
264,14,48,6,9,0.8051948051948052,0.748792270531401,0.8888888888888888,0.6086956521739131,0.8648648648648649,0.6086956521739131,0.8888888888888888,0.6511627906976745,0.7580138277812697,0.8832528180354268
265,11,53,2,11,0.8311688311688312,0.7318181818181818,0.9636363636363636,0.5,0.8907563025210085,0.5,0.9636363636363636,0.6285714285714286,0.7596638655462185,0.8264462809917354
266,16,51,7,3,0.8701298701298701,0.8607078039927405,0.8793103448275862,0.8421052631578947,0.9107142857142857,0.8421052631578947,0.8793103448275862,0.7619047619047619,0.8363095238095237,0.9092558983666061
267,10,58,3,6,0.8831168831168831,0.7879098360655737,0.9508196721311475,0.625,0.928,0.625,0.9508196721311475,0.6896551724137931,0.8088275862068965,0.8227459016393442
268,16,43,4,14,0.7662337662337663,0.724113475177305,0.9148936170212766,0.5333333333333333,0.8269230769230769,0.5333333333333333,0.9148936170212766,0.64,0.7334615384615384,0.8063829787234043
269,9,56,5,7,0.8441558441558441,0.740266393442623,0.9180327868852459,0.5625,0.9032258064516129,0.5625,0.9180327868852459,0.6,0.7516129032258064,0.8309426229508198
270,16,56,1,4,0.935064935064935,0.8912280701754386,0.9824561403508771,0.8,0.9572649572649573,0.8,0.9824561403508771,0.8648648648648649,0.9110649110649112,0.9263157894736842
271,10,53,5,9,0.8181818181818182,0.72005444646098,0.9137931034482759,0.5263157894736842,0.8833333333333333,0.5263157894736842,0.9137931034482759,0.5882352941176471,0.7357843137254902,0.7014519056261344
272,14,51,2,10,0.8441558441558441,0.7727987421383649,0.9622641509433962,0.5833333333333334,0.8947368421052632,0.5833333333333334,0.9622641509433962,0.7,0.7973684210526315,0.8584905660377358
273,13,47,6,11,0.7792207792207793,0.7142295597484276,0.8867924528301887,0.5416666666666666,0.8468468468468469,0.5416666666666666,0.8867924528301887,0.6046511627906976,0.7257490048187722,0.8026729559748428
274,10,51,6,10,0.7922077922077922,0.6973684210526316,0.8947368421052632,0.5,0.864406779661017,0.5,0.8947368421052632,0.5555555555555556,0.7099811676082863,0.8175438596491228
275,11,58,4,4,0.8961038961038961,0.8344086021505376,0.9354838709677419,0.7333333333333333,0.9354838709677419,0.7333333333333333,0.9354838709677419,0.7333333333333333,0.8344086021505376,0.8924731182795699
276,10,53,4,10,0.8181818181818182,0.7149122807017544,0.9298245614035088,0.5,0.8833333333333333,0.5,0.9298245614035088,0.5882352941176471,0.7357843137254902,0.7535087719298246
277,15,53,3,6,0.8831168831168831,0.8303571428571428,0.9464285714285714,0.7142857142857143,0.9217391304347826,0.7142857142857143,0.9464285714285714,0.7692307692307693,0.8454849498327759,0.8894557823129251
278,16,50,3,8,0.8571428571428571,0.8050314465408805,0.9433962264150944,0.6666666666666666,0.9009009009009009,0.6666666666666666,0.9433962264150944,0.7441860465116279,0.8225434737062645,0.8875786163522013
279,7,62,3,5,0.8961038961038961,0.7685897435897436,0.9538461538461539,0.5833333333333334,0.9393939393939394,0.5833333333333334,0.9538461538461539,0.6363636363636364,0.7878787878787878,0.9307692307692308
280,11,54,5,7,0.8441558441558441,0.7631826741996234,0.9152542372881356,0.6111111111111112,0.9,0.6111111111111112,0.9152542372881356,0.6470588235294118,0.7735294117647059,0.8305084745762712
281,12,54,5,6,0.8571428571428571,0.7909604519774012,0.9152542372881356,0.6666666666666666,0.907563025210084,0.6666666666666666,0.9152542372881356,0.6857142857142857,0.7966386554621849,0.8521657250470809
282,7,54,5,11,0.7922077922077922,0.6520715630885122,0.9152542372881356,0.3888888888888889,0.8709677419354839,0.3888888888888889,0.9152542372881356,0.4666666666666667,0.6688172043010753,0.783427495291902
283,16,42,6,13,0.7532467532467533,0.7133620689655172,0.875,0.5517241379310345,0.8155339805825242,0.5517241379310345,0.875,0.6274509803921569,0.7214924804873406,0.7974137931034483
284,11,56,1,9,0.8701298701298701,0.7662280701754386,0.9824561403508771,0.55,0.9180327868852459,0.55,0.9824561403508771,0.6875,0.802766393442623,0.786842105263158
285,12,54,4,7,0.8571428571428571,0.7813067150635209,0.9310344827586207,0.631578947368421,0.907563025210084,0.631578947368421,0.9310344827586207,0.6857142857142857,0.7966386554621849,0.8058076225045372
286,16,53,2,6,0.8961038961038961,0.8454545454545455,0.9636363636363636,0.7272727272727273,0.9298245614035088,0.7272727272727273,0.9636363636363636,0.8,0.8649122807017544,0.8925619834710744
287,12,47,6,12,0.7662337662337663,0.6933962264150944,0.8867924528301887,0.5,0.8392857142857143,0.5,0.8867924528301887,0.5714285714285714,0.7053571428571428,0.7979559748427673
288,15,48,7,7,0.8181818181818182,0.7772727272727272,0.8727272727272727,0.6818181818181818,0.8727272727272727,0.6818181818181818,0.8727272727272727,0.6818181818181818,0.7772727272727272,0.7834710743801654
289,11,55,7,4,0.8571428571428571,0.8102150537634408,0.8870967741935484,0.7333333333333333,0.9090909090909091,0.7333333333333333,0.8870967741935484,0.6666666666666666,0.7878787878787878,0.8956989247311828
290,14,58,1,4,0.935064935064935,0.8804143126177024,0.9830508474576272,0.7777777777777778,0.9586776859504132,0.7777777777777778,0.9830508474576272,0.8484848484848485,0.9035812672176309,0.9265536723163842
291,15,50,5,7,0.8441558441558441,0.7954545454545454,0.9090909090909091,0.6818181818181818,0.8928571428571429,0.6818181818181818,0.9090909090909091,0.7142857142857143,0.8035714285714286,0.8677685950413222
292,11,52,4,10,0.8181818181818182,0.7261904761904763,0.9285714285714286,0.5238095238095238,0.8813559322033898,0.5238095238095238,0.9285714285714286,0.6111111111111112,0.7462335216572504,0.770408163265306
293,16,51,3,7,0.8701298701298701,0.8200483091787439,0.9444444444444444,0.6956521739130435,0.9107142857142857,0.6956521739130435,0.9444444444444444,0.7619047619047619,0.8363095238095237,0.8454106280193237
294,11,47,6,13,0.7532467532467533,0.672562893081761,0.8867924528301887,0.4583333333333333,0.831858407079646,0.4583333333333333,0.8867924528301887,0.5365853658536586,0.6842218864666523,0.7240566037735849
295,19,46,5,7,0.8441558441558441,0.8163650075414781,0.9019607843137255,0.7307692307692307,0.8846153846153846,0.7307692307692307,0.9019607843137255,0.76,0.8223076923076923,0.8597285067873303
296,9,58,4,6,0.8701298701298701,0.7677419354838709,0.9354838709677419,0.6,0.9206349206349206,0.6,0.9354838709677419,0.6428571428571429,0.7817460317460317,0.8
297,11,53,5,8,0.8311688311688312,0.7463702359346642,0.9137931034482759,0.5789473684210527,0.8907563025210085,0.5789473684210527,0.9137931034482759,0.6285714285714286,0.7596638655462185,0.7686025408348457
298,9,59,4,5,0.8831168831168831,0.7896825396825398,0.9365079365079365,0.6428571428571429,0.9291338582677166,0.6428571428571429,0.9365079365079365,0.6666666666666666,0.7979002624671916,0.7777777777777778
299,18,47,4,8,0.8441558441558441,0.8069381598793364,0.9215686274509803,0.6923076923076923,0.8867924528301887,0.6923076923076923,0.9215686274509803,0.75,0.8183962264150944,0.8717948717948718
300,13,56,3,5,0.8961038961038961,0.8356873822975518,0.9491525423728814,0.7222222222222222,0.9333333333333333,0.7222222222222222,0.9491525423728814,0.7647058823529411,0.8490196078431372,0.8813559322033899
301,13,58,3,3,0.922077922077922,0.8816598360655737,0.9508196721311475,0.8125,0.9508196721311475,0.8125,0.9508196721311475,0.8125,0.8816598360655737,0.9077868852459017
302,13,54,3,7,0.8701298701298701,0.7986842105263158,0.9473684210526315,0.65,0.9152542372881356,0.65,0.9473684210526315,0.7222222222222222,0.8187382297551788,0.8894736842105263
303,15,54,4,4,0.8961038961038961,0.8602540834845736,0.9310344827586207,0.7894736842105263,0.9310344827586207,0.7894736842105263,0.9310344827586207,0.7894736842105263,0.8602540834845736,0.9174228675136115
304,14,47,4,12,0.7922077922077922,0.7300150829562594,0.9215686274509803,0.5384615384615384,0.8545454545454545,0.5384615384615384,0.9215686274509803,0.6363636363636364,0.7454545454545454,0.8152337858220211
305,17,51,3,6,0.8831168831168831,0.8417874396135265,0.9444444444444444,0.7391304347826086,0.918918918918919,0.7391304347826086,0.9444444444444444,0.7906976744186046,0.8548082966687618,0.8880837359098229
306,11,58,2,6,0.8961038961038961,0.8068627450980392,0.9666666666666667,0.6470588235294118,0.9354838709677419,0.6470588235294118,0.9666666666666667,0.7333333333333333,0.8344086021505376,0.8764705882352941
307,5,58,3,11,0.8181818181818182,0.6316598360655737,0.9508196721311475,0.3125,0.8923076923076924,0.3125,0.9508196721311475,0.4166666666666667,0.6544871794871795,0.6239754098360656
308,12,55,5,5,0.8701298701298701,0.8112745098039216,0.9166666666666666,0.7058823529411765,0.9166666666666666,0.7058823529411765,0.9166666666666666,0.7058823529411765,0.8112745098039216,0.8823529411764706
309,10,58,3,6,0.8831168831168831,0.7879098360655737,0.9508196721311475,0.625,0.928,0.625,0.9508196721311475,0.6896551724137931,0.8088275862068965,0.8422131147540984
310,8,54,4,11,0.8051948051948052,0.676043557168784,0.9310344827586207,0.42105263157894735,0.8780487804878049,0.42105263157894735,0.9310344827586207,0.5161290322580645,0.6970889063729346,0.6724137931034483
311,9,55,5,8,0.8311688311688312,0.7230392156862745,0.9166666666666666,0.5294117647058824,0.8943089430894309,0.5294117647058824,0.9166666666666666,0.5806451612903226,0.7374770521898768,0.7539215686274509
312,9,53,8,7,0.8051948051948052,0.7156762295081966,0.8688524590163934,0.5625,0.8760330578512396,0.5625,0.8688524590163934,0.5454545454545454,0.7107438016528925,0.8176229508196722
313,13,49,5,10,0.8051948051948052,0.7363123993558776,0.9074074074074074,0.5652173913043478,0.8672566371681416,0.5652173913043478,0.9074074074074074,0.6341463414634146,0.7507014893157782,0.7737520128824475
314,9,54,5,9,0.8181818181818182,0.7076271186440678,0.9152542372881356,0.5,0.8852459016393442,0.5,0.9152542372881356,0.5625,0.7238729508196722,0.7824858757062146
315,16,52,3,6,0.8831168831168831,0.8363636363636364,0.9454545454545454,0.7272727272727273,0.9203539823008849,0.7272727272727273,0.9454545454545454,0.7804878048780488,0.8504208935894668,0.8429752066115702
316,12,53,6,6,0.8441558441558441,0.7824858757062148,0.8983050847457628,0.6666666666666666,0.8983050847457628,0.6666666666666666,0.8983050847457628,0.6666666666666666,0.7824858757062148,0.8634651600753296
317,12,49,8,8,0.7922077922077922,0.7298245614035088,0.8596491228070176,0.6,0.8596491228070176,0.6,0.8596491228070176,0.6,0.7298245614035088,0.7754385964912281
318,11,51,4,11,0.8051948051948052,0.7136363636363636,0.9272727272727272,0.5,0.8717948717948718,0.5,0.9272727272727272,0.5945945945945946,0.7331947331947333,0.7809917355371901
319,13,54,3,7,0.8701298701298701,0.7986842105263158,0.9473684210526315,0.65,0.9152542372881356,0.65,0.9473684210526315,0.7222222222222222,0.8187382297551788,0.8289473684210527
320,9,55,6,7,0.8311688311688312,0.7320696721311475,0.9016393442622951,0.5625,0.8943089430894309,0.5625,0.9016393442622951,0.5806451612903226,0.7374770521898768,0.7735655737704917
321,15,47,2,13,0.8051948051948052,0.7474489795918366,0.9591836734693877,0.5357142857142857,0.8623853211009175,0.5357142857142857,0.9591836734693877,0.6666666666666666,0.764525993883792,0.7667638483965014
322,12,59,1,5,0.922077922077922,0.8446078431372549,0.9833333333333333,0.7058823529411765,0.9516129032258065,0.7058823529411765,0.9833333333333333,0.8,0.8758064516129033,0.9254901960784314
323,14,54,5,4,0.8831168831168831,0.8465160075329567,0.9152542372881356,0.7777777777777778,0.9230769230769231,0.7777777777777778,0.9152542372881356,0.7567567567567568,0.83991683991684,0.8502824858757062
324,21,46,2,8,0.8701298701298701,0.8412356321839081,0.9583333333333334,0.7241379310344828,0.9019607843137255,0.7241379310344828,0.9583333333333334,0.8076923076923077,0.8548265460030167,0.9252873563218391
325,20,47,2,8,0.8701298701298701,0.8367346938775511,0.9591836734693877,0.7142857142857143,0.9038461538461539,0.7142857142857143,0.9591836734693877,0.8,0.851923076923077,0.9008746355685131
326,10,56,0,11,0.8571428571428571,0.7380952380952381,1.0,0.47619047619047616,0.9105691056910569,0.47619047619047616,1.0,0.6451612903225806,0.7778651980068187,0.8239795918367346
327,15,57,5,0,0.935064935064935,0.9596774193548387,0.9193548387096774,1.0,0.957983193277311,1.0,0.9193548387096774,0.8571428571428571,0.907563025210084,0.9709677419354839
328,11,55,3,8,0.8571428571428571,0.7636116152450091,0.9482758620689655,0.5789473684210527,0.9090909090909091,0.5789473684210527,0.9482758620689655,0.6666666666666666,0.7878787878787878,0.7976406533575319
329,11,48,9,9,0.7662337662337663,0.6960526315789474,0.8421052631578947,0.55,0.8421052631578947,0.55,0.8421052631578947,0.55,0.6960526315789474,0.8017543859649122
330,15,47,8,7,0.8051948051948052,0.7681818181818181,0.8545454545454545,0.6818181818181818,0.8623853211009175,0.6818181818181818,0.8545454545454545,0.6666666666666666,0.764525993883792,0.8611570247933884
331,13,45,7,12,0.7532467532467533,0.6926923076923077,0.8653846153846154,0.52,0.8256880733944955,0.52,0.8653846153846154,0.5777777777777777,0.7017329255861366,0.8238461538461539
332,12,52,4,9,0.8311688311688312,0.75,0.9285714285714286,0.5714285714285714,0.8888888888888888,0.5714285714285714,0.9285714285714286,0.6486486486486487,0.7687687687687688,0.7814625850340137
333,22,42,8,5,0.8311688311688312,0.8274074074074074,0.84,0.8148148148148148,0.865979381443299,0.8148148148148148,0.84,0.7719298245614035,0.8189546030023512,0.8585185185185186
334,15,49,4,9,0.8311688311688312,0.7747641509433962,0.9245283018867925,0.625,0.8828828828828829,0.625,0.9245283018867925,0.6976744186046512,0.790278650743767,0.8396226415094339
335,11,52,7,7,0.8181818181818182,0.7462335216572504,0.8813559322033898,0.6111111111111112,0.8813559322033898,0.6111111111111112,0.8813559322033898,0.6111111111111112,0.7462335216572504,0.8474576271186441
336,14,48,2,13,0.8051948051948052,0.7392592592592593,0.96,0.5185185185185185,0.8648648648648649,0.5185185185185185,0.96,0.6511627906976745,0.7580138277812697,0.8066666666666666
337,10,56,7,4,0.8571428571428571,0.8015873015873016,0.8888888888888888,0.7142857142857143,0.9105691056910569,0.7142857142857143,0.8888888888888888,0.6451612903225806,0.7778651980068187,0.8786848072562358
338,10,55,4,8,0.8441558441558441,0.743879472693032,0.9322033898305084,0.5555555555555556,0.9016393442622951,0.5555555555555556,0.9322033898305084,0.625,0.7633196721311475,0.815442561205273
339,10,55,2,10,0.8441558441558441,0.7324561403508771,0.9649122807017544,0.5,0.9016393442622951,0.5,0.9649122807017544,0.625,0.7633196721311475,0.8096491228070175
340,9,52,6,10,0.7922077922077922,0.6851179673321234,0.896551724137931,0.47368421052631576,0.8666666666666667,0.47368421052631576,0.896551724137931,0.5294117647058824,0.6980392156862745,0.7577132486388384
341,13,54,5,5,0.8701298701298701,0.8187382297551788,0.9152542372881356,0.7222222222222222,0.9152542372881356,0.7222222222222222,0.9152542372881356,0.7222222222222222,0.8187382297551788,0.8700564971751412
342,7,57,0,13,0.8311688311688312,0.675,1.0,0.35,0.8976377952755905,0.35,1.0,0.5185185185185185,0.7080781568970544,0.6499999999999999
343,7,55,10,5,0.8051948051948052,0.7147435897435898,0.8461538461538461,0.5833333333333334,0.88,0.5833333333333334,0.8461538461538461,0.4827586206896552,0.6813793103448276,0.791025641025641
344,10,52,3,12,0.8051948051948052,0.7,0.9454545454545454,0.45454545454545453,0.8739495798319328,0.45454545454545453,0.9454545454545454,0.5714285714285714,0.7226890756302521,0.7851239669421487
345,12,50,5,10,0.8051948051948052,0.7272727272727273,0.9090909090909091,0.5454545454545454,0.8695652173913043,0.5454545454545454,0.9090909090909091,0.6153846153846154,0.7424749163879598,0.7090909090909091
346,19,45,4,9,0.8311688311688312,0.7984693877551021,0.9183673469387755,0.6785714285714286,0.8737864077669902,0.6785714285714286,0.9183673469387755,0.7450980392156863,0.8094422234913383,0.8564139941690962
347,11,55,4,7,0.8571428571428571,0.7716572504708098,0.9322033898305084,0.6111111111111112,0.9090909090909091,0.6111111111111112,0.9322033898305084,0.6666666666666666,0.7878787878787878,0.8323917137476459
348,9,58,6,4,0.8701298701298701,0.7992788461538461,0.90625,0.6923076923076923,0.9206349206349206,0.6923076923076923,0.90625,0.6428571428571429,0.7817460317460317,0.9038461538461537
349,20,44,4,9,0.8311688311688312,0.8031609195402298,0.9166666666666666,0.6896551724137931,0.8712871287128713,0.6896551724137931,0.9166666666666666,0.7547169811320755,0.8130020549224735,0.853448275862069
350,25,43,3,6,0.8831168831168831,0.8706171107994389,0.9347826086956522,0.8064516129032258,0.9052631578947369,0.8064516129032258,0.9347826086956522,0.847457627118644,0.8763603925066905,0.9375876577840112
351,19,48,4,6,0.8701298701298701,0.8415384615384616,0.9230769230769231,0.76,0.9056603773584906,0.76,0.9230769230769231,0.7916666666666666,0.8486635220125787,0.8838461538461538
352,18,48,3,8,0.8571428571428571,0.8167420814479638,0.9411764705882353,0.6923076923076923,0.897196261682243,0.6923076923076923,0.9411764705882353,0.7659574468085106,0.8315768542453768,0.9260935143288084
353,8,60,2,7,0.8831168831168831,0.7505376344086021,0.967741935483871,0.5333333333333333,0.9302325581395349,0.5333333333333333,0.967741935483871,0.64,0.7851162790697674,0.7752688172043012
354,15,49,4,9,0.8311688311688312,0.7747641509433962,0.9245283018867925,0.625,0.8828828828828829,0.625,0.9245283018867925,0.6976744186046512,0.790278650743767,0.8938679245283019
355,9,51,2,15,0.7792207792207793,0.6686320754716981,0.9622641509433962,0.375,0.8571428571428571,0.375,0.9622641509433962,0.5142857142857142,0.6857142857142857,0.7790880503144655
356,20,46,5,6,0.8571428571428571,0.8355957767722474,0.9019607843137255,0.7692307692307693,0.8932038834951457,0.7692307692307693,0.9019607843137255,0.7843137254901961,0.8387588044926708,0.9132730015082956
357,13,51,1,12,0.8311688311688312,0.7503846153846154,0.9807692307692307,0.52,0.8869565217391304,0.52,0.9807692307692307,0.6666666666666666,0.7768115942028986,0.8084615384615386
358,12,51,6,8,0.8181818181818182,0.7473684210526316,0.8947368421052632,0.6,0.8793103448275862,0.6,0.8947368421052632,0.631578947368421,0.7554446460980035,0.8157894736842105
359,12,51,5,9,0.8181818181818182,0.7410714285714286,0.9107142857142857,0.5714285714285714,0.8793103448275862,0.5714285714285714,0.9107142857142857,0.631578947368421,0.7554446460980035,0.7925170068027211
360,13,55,4,5,0.8831168831168831,0.8272128060263653,0.9322033898305084,0.7222222222222222,0.9243697478991597,0.7222222222222222,0.9322033898305084,0.7428571428571429,0.8336134453781513,0.8870056497175142
361,11,59,3,4,0.9090909090909091,0.8424731182795699,0.9516129032258065,0.7333333333333333,0.944,0.7333333333333333,0.9516129032258065,0.7586206896551724,0.8513103448275862,0.8956989247311828
362,13,55,4,5,0.8831168831168831,0.8272128060263653,0.9322033898305084,0.7222222222222222,0.9243697478991597,0.7222222222222222,0.9322033898305084,0.7428571428571429,0.8336134453781513,0.8107344632768362
363,7,51,6,13,0.7532467532467533,0.6223684210526316,0.8947368421052632,0.35,0.8429752066115702,0.35,0.8947368421052632,0.42424242424242425,0.6336088154269972,0.8535087719298246
364,9,55,6,7,0.8311688311688312,0.7320696721311475,0.9016393442622951,0.5625,0.8943089430894309,0.5625,0.9016393442622951,0.5806451612903226,0.7374770521898768,0.860655737704918
365,20,48,5,4,0.8831168831168831,0.8694968553459119,0.9056603773584906,0.8333333333333334,0.9142857142857143,0.8333333333333334,0.9056603773584906,0.8163265306122449,0.8653061224489795,0.9119496855345912
366,9,58,4,6,0.8701298701298701,0.7677419354838709,0.9354838709677419,0.6,0.9206349206349206,0.6,0.9354838709677419,0.6428571428571429,0.7817460317460317,0.7849462365591398
367,12,50,5,10,0.8051948051948052,0.7272727272727273,0.9090909090909091,0.5454545454545454,0.8695652173913043,0.5454545454545454,0.9090909090909091,0.6153846153846154,0.7424749163879598,0.715702479338843
368,11,48,3,15,0.7662337662337663,0.6821266968325792,0.9411764705882353,0.4230769230769231,0.8421052631578947,0.4230769230769231,0.9411764705882353,0.55,0.6960526315789474,0.7933634992458523
369,9,56,4,8,0.8441558441558441,0.7313725490196079,0.9333333333333333,0.5294117647058824,0.9032258064516129,0.5294117647058824,0.9333333333333333,0.6,0.7516129032258064,0.8529411764705882
370,13,55,3,6,0.8831168831168831,0.8162431941923776,0.9482758620689655,0.6842105263157895,0.9243697478991597,0.6842105263157895,0.9482758620689655,0.7428571428571429,0.8336134453781513,0.8983666061705989
371,10,53,5,9,0.8181818181818182,0.72005444646098,0.9137931034482759,0.5263157894736842,0.8833333333333333,0.5263157894736842,0.9137931034482759,0.5882352941176471,0.7357843137254902,0.8402903811252268
372,14,51,2,10,0.8441558441558441,0.7727987421383649,0.9622641509433962,0.5833333333333334,0.8947368421052632,0.5833333333333334,0.9622641509433962,0.7,0.7973684210526315,0.7987421383647799
373,13,56,1,7,0.8961038961038961,0.8162280701754385,0.9824561403508771,0.65,0.9333333333333333,0.65,0.9824561403508771,0.7647058823529411,0.8490196078431372,0.8850877192982457
374,17,47,4,9,0.8311688311688312,0.7877073906485671,0.9215686274509803,0.6538461538461539,0.8785046728971962,0.6538461538461539,0.9215686274509803,0.723404255319149,0.8009544641081726,0.8340874811463047
375,17,46,4,10,0.8181818181818182,0.7748148148148148,0.92,0.6296296296296297,0.8679245283018868,0.6296296296296297,0.92,0.7083333333333334,0.78812893081761,0.8325925925925926
376,15,56,0,6,0.922077922077922,0.8571428571428572,1.0,0.7142857142857143,0.9491525423728814,0.7142857142857143,1.0,0.8333333333333334,0.8912429378531074,0.8954081632653061
377,18,47,5,7,0.8441558441558441,0.811923076923077,0.9038461538461539,0.72,0.8867924528301887,0.72,0.9038461538461539,0.75,0.8183962264150944,0.8969230769230769
378,17,44,6,10,0.7922077922077922,0.7548148148148148,0.88,0.6296296296296297,0.8461538461538461,0.6296296296296297,0.88,0.68,0.7630769230769231,0.8214814814814815
379,17,50,4,6,0.8701298701298701,0.8325281803542672,0.9259259259259259,0.7391304347826086,0.9090909090909091,0.7391304347826086,0.9259259259259259,0.7727272727272727,0.8409090909090908,0.859098228663446
380,7,54,6,10,0.7922077922077922,0.6558823529411765,0.9,0.4117647058823529,0.8709677419354839,0.4117647058823529,0.9,0.4666666666666667,0.6688172043010753,0.7068627450980391
381,11,54,4,8,0.8441558441558441,0.7549909255898366,0.9310344827586207,0.5789473684210527,0.9,0.5789473684210527,0.9310344827586207,0.6470588235294118,0.7735294117647059,0.8130671506352087
382,14,55,4,4,0.8961038961038961,0.8549905838041432,0.9322033898305084,0.7777777777777778,0.9322033898305084,0.7777777777777778,0.9322033898305084,0.7777777777777778,0.8549905838041432,0.9171374764595104
383,12,51,5,9,0.8181818181818182,0.7410714285714286,0.9107142857142857,0.5714285714285714,0.8793103448275862,0.5714285714285714,0.9107142857142857,0.631578947368421,0.7554446460980035,0.8061224489795918
384,10,59,4,4,0.8961038961038961,0.8253968253968254,0.9365079365079365,0.7142857142857143,0.9365079365079365,0.7142857142857143,0.9365079365079365,0.7142857142857143,0.8253968253968254,0.8163265306122449
385,17,51,6,3,0.8831168831168831,0.8723684210526316,0.8947368421052632,0.85,0.918918918918919,0.85,0.8947368421052632,0.7906976744186046,0.8548082966687618,0.9394736842105263
386,17,50,3,7,0.8701298701298701,0.8258647798742138,0.9433962264150944,0.7083333333333334,0.9090909090909091,0.7083333333333334,0.9433962264150944,0.7727272727272727,0.8409090909090908,0.8867924528301887
387,10,52,5,10,0.8051948051948052,0.706140350877193,0.9122807017543859,0.5,0.8739495798319328,0.5,0.9122807017543859,0.5714285714285714,0.7226890756302521,0.7903508771929825
388,13,46,4,14,0.7662337662337663,0.7007407407407408,0.92,0.48148148148148145,0.8363636363636363,0.48148148148148145,0.92,0.5909090909090909,0.7136363636363636,0.7859259259259259
389,10,51,5,11,0.7922077922077922,0.6934523809523809,0.9107142857142857,0.47619047619047616,0.864406779661017,0.47619047619047616,0.9107142857142857,0.5555555555555556,0.7099811676082863,0.7568027210884353
390,10,62,3,2,0.935064935064935,0.8935897435897436,0.9538461538461539,0.8333333333333334,0.9612403100775194,0.8333333333333334,0.9538461538461539,0.8,0.8806201550387598,0.9653846153846154
391,10,45,7,15,0.7142857142857143,0.6326923076923077,0.8653846153846154,0.4,0.8035714285714286,0.4,0.8653846153846154,0.47619047619047616,0.6398809523809523,0.6646153846153846
392,13,50,3,11,0.8181818181818182,0.7425314465408805,0.9433962264150944,0.5416666666666666,0.8771929824561403,0.5416666666666666,0.9433962264150944,0.65,0.7635964912280702,0.8639937106918238
393,16,50,5,6,0.8571428571428571,0.8181818181818181,0.9090909090909091,0.7272727272727273,0.9009009009009009,0.7272727272727273,0.9090909090909091,0.7441860465116279,0.8225434737062645,0.8933884297520661
394,11,56,4,6,0.8701298701298701,0.7901960784313726,0.9333333333333333,0.6470588235294118,0.9180327868852459,0.6470588235294118,0.9333333333333333,0.6875,0.802766393442623,0.8333333333333334
395,13,54,3,7,0.8701298701298701,0.7986842105263158,0.9473684210526315,0.65,0.9152542372881356,0.65,0.9473684210526315,0.7222222222222222,0.8187382297551788,0.8991228070175439
396,16,56,1,4,0.935064935064935,0.8912280701754386,0.9824561403508771,0.8,0.9572649572649573,0.8,0.9824561403508771,0.8648648648648649,0.9110649110649112,0.8973684210526316
397,9,56,5,7,0.8441558441558441,0.740266393442623,0.9180327868852459,0.5625,0.9032258064516129,0.5625,0.9180327868852459,0.6,0.7516129032258064,0.8831967213114754
398,13,49,7,8,0.8051948051948052,0.7470238095238095,0.875,0.6190476190476191,0.8672566371681416,0.6190476190476191,0.875,0.6341463414634146,0.7507014893157782,0.7644557823129251
399,15,56,1,5,0.922077922077922,0.8662280701754386,0.9824561403508771,0.75,0.9491525423728814,0.75,0.9824561403508771,0.8333333333333334,0.8912429378531074,0.9026315789473685
400,15,48,1,13,0.8181818181818182,0.7576530612244898,0.9795918367346939,0.5357142857142857,0.8727272727272727,0.5357142857142857,0.9795918367346939,0.6818181818181818,0.7772727272727272,0.8644314868804664
401,11,51,4,11,0.8051948051948052,0.7136363636363636,0.9272727272727272,0.5,0.8717948717948718,0.5,0.9272727272727272,0.5945945945945946,0.7331947331947333,0.7603305785123968
402,11,49,9,8,0.7792207792207793,0.7118874773139746,0.8448275862068966,0.5789473684210527,0.8521739130434782,0.5789473684210527,0.8448275862068966,0.5641025641025641,0.7081382385730212,0.8257713248638838
403,15,48,3,11,0.8181818181818182,0.7590497737556561,0.9411764705882353,0.5769230769230769,0.8727272727272727,0.5769230769230769,0.9411764705882353,0.6818181818181818,0.7772727272727272,0.8695324283559579
404,18,50,0,9,0.8831168831168831,0.8333333333333333,1.0,0.6666666666666666,0.9174311926605505,0.6666666666666666,1.0,0.8,0.8587155963302753,0.9740740740740741
405,10,58,2,7,0.8831168831168831,0.7774509803921569,0.9666666666666667,0.5882352941176471,0.928,0.5882352941176471,0.9666666666666667,0.6896551724137931,0.8088275862068965,0.9127450980392158
406,11,58,3,5,0.8961038961038961,0.8191598360655737,0.9508196721311475,0.6875,0.9354838709677419,0.6875,0.9508196721311475,0.7333333333333333,0.8344086021505376,0.8422131147540983
407,13,57,1,6,0.9090909090909091,0.8334845735027223,0.9827586206896551,0.6842105263157895,0.9421487603305785,0.6842105263157895,0.9827586206896551,0.7878787878787878,0.8650137741046832,0.8720508166969148
408,17,49,3,8,0.8571428571428571,0.8111538461538461,0.9423076923076923,0.68,0.8990825688073395,0.68,0.9423076923076923,0.7555555555555555,0.8273190621814475,0.8907692307692309
409,9,52,6,10,0.7922077922077922,0.6851179673321234,0.896551724137931,0.47368421052631576,0.8666666666666667,0.47368421052631576,0.896551724137931,0.5294117647058824,0.6980392156862745,0.793103448275862
410,11,54,3,9,0.8441558441558441,0.7486842105263158,0.9473684210526315,0.55,0.9,0.55,0.9473684210526315,0.6470588235294118,0.7735294117647059,0.8333333333333333
411,14,51,2,10,0.8441558441558441,0.7727987421383649,0.9622641509433962,0.5833333333333334,0.8947368421052632,0.5833333333333334,0.9622641509433962,0.7,0.7973684210526315,0.8317610062893082
412,13,56,3,5,0.8961038961038961,0.8356873822975518,0.9491525423728814,0.7222222222222222,0.9333333333333333,0.7222222222222222,0.9491525423728814,0.7647058823529411,0.8490196078431372,0.9180790960451977
413,11,54,4,8,0.8441558441558441,0.7549909255898366,0.9310344827586207,0.5789473684210527,0.9,0.5789473684210527,0.9310344827586207,0.6470588235294118,0.7735294117647059,0.8266787658802178
414,14,50,5,8,0.8311688311688312,0.7727272727272727,0.9090909090909091,0.6363636363636364,0.8849557522123894,0.6363636363636364,0.9090909090909091,0.6829268292682927,0.7839412907403411,0.7991735537190082
415,6,62,2,7,0.8831168831168831,0.7151442307692308,0.96875,0.46153846153846156,0.9323308270676691,0.46153846153846156,0.96875,0.5714285714285714,0.7518796992481203,0.8004807692307694
416,14,54,6,3,0.8831168831168831,0.861764705882353,0.9,0.8235294117647058,0.9230769230769231,0.8235294117647058,0.9,0.7567567567567568,0.83991683991684,0.8892156862745098
417,12,56,5,4,0.8831168831168831,0.834016393442623,0.9180327868852459,0.75,0.9256198347107438,0.75,0.9180327868852459,0.7272727272727273,0.8264462809917356,0.867827868852459
418,17,49,3,8,0.8571428571428571,0.8111538461538461,0.9423076923076923,0.68,0.8990825688073395,0.68,0.9423076923076923,0.7555555555555555,0.8273190621814475,0.8400000000000001
419,10,48,6,13,0.7532467532467533,0.6618357487922705,0.8888888888888888,0.43478260869565216,0.8347826086956521,0.43478260869565216,0.8888888888888888,0.5128205128205128,0.6738015607580825,0.7463768115942029
420,15,49,5,8,0.8311688311688312,0.7797906602254429,0.9074074074074074,0.6521739130434783,0.8828828828828829,0.6521739130434783,0.9074074074074074,0.6976744186046512,0.790278650743767,0.7954911433172303
421,9,55,5,8,0.8311688311688312,0.7230392156862745,0.9166666666666666,0.5294117647058824,0.8943089430894309,0.5294117647058824,0.9166666666666666,0.5806451612903226,0.7374770521898768,0.907843137254902
422,16,52,4,5,0.8831168831168831,0.8452380952380952,0.9285714285714286,0.7619047619047619,0.9203539823008849,0.7619047619047619,0.9285714285714286,0.7804878048780488,0.8504208935894668,0.8095238095238095
423,9,59,3,6,0.8831168831168831,0.7758064516129033,0.9516129032258065,0.6,0.9291338582677166,0.6,0.9516129032258065,0.6666666666666666,0.7979002624671916,0.8290322580645161
424,18,46,4,9,0.8311688311688312,0.7933333333333333,0.92,0.6666666666666666,0.8761904761904762,0.6666666666666666,0.92,0.7346938775510204,0.8054421768707483,0.8325925925925926
425,11,50,4,12,0.7922077922077922,0.7020933977455717,0.9259259259259259,0.4782608695652174,0.8620689655172413,0.4782608695652174,0.9259259259259259,0.5789473684210527,0.720508166969147,0.784219001610306
426,15,51,4,7,0.8571428571428571,0.8045454545454545,0.9272727272727272,0.6818181818181818,0.9026548672566371,0.6818181818181818,0.9272727272727272,0.7317073170731707,0.8171810921649039,0.7801652892561984
427,9,60,4,4,0.8961038961038961,0.8149038461538461,0.9375,0.6923076923076923,0.9375,0.6923076923076923,0.9375,0.6923076923076923,0.8149038461538461,0.8161057692307692
428,10,51,7,9,0.7922077922077922,0.7028130671506352,0.8793103448275862,0.5263157894736842,0.864406779661017,0.5263157894736842,0.8793103448275862,0.5555555555555556,0.7099811676082863,0.7377495462794917
429,16,47,4,10,0.8181818181818182,0.7684766214177978,0.9215686274509803,0.6153846153846154,0.8703703703703703,0.6153846153846154,0.9215686274509803,0.6956521739130435,0.7830112721417068,0.8733031674208145
430,15,49,4,9,0.8311688311688312,0.7747641509433962,0.9245283018867925,0.625,0.8828828828828829,0.625,0.9245283018867925,0.6976744186046512,0.790278650743767,0.809748427672956
431,14,49,6,8,0.8181818181818182,0.7636363636363637,0.8909090909090909,0.6363636363636364,0.875,0.6363636363636364,0.8909090909090909,0.6666666666666666,0.7708333333333333,0.8107438016528926
432,14,53,5,5,0.8701298701298701,0.8253176043557169,0.9137931034482759,0.7368421052631579,0.9137931034482759,0.7368421052631579,0.9137931034482759,0.7368421052631579,0.8253176043557169,0.9029038112522686
433,9,52,3,13,0.7922077922077922,0.6772727272727272,0.9454545454545454,0.4090909090909091,0.8666666666666667,0.4090909090909091,0.9454545454545454,0.5294117647058824,0.6980392156862745,0.8066115702479338
434,14,55,3,5,0.8961038961038961,0.8425589836660616,0.9482758620689655,0.7368421052631579,0.9322033898305084,0.7368421052631579,0.9482758620689655,0.7777777777777778,0.8549905838041432,0.8929219600725953
435,10,53,5,9,0.8181818181818182,0.72005444646098,0.9137931034482759,0.5263157894736842,0.8833333333333333,0.5263157894736842,0.9137931034482759,0.5882352941176471,0.7357843137254902,0.7676950998185118
436,11,54,3,9,0.8441558441558441,0.7486842105263158,0.9473684210526315,0.55,0.9,0.55,0.9473684210526315,0.6470588235294118,0.7735294117647059,0.6991228070175439
437,8,57,6,6,0.8441558441558441,0.7380952380952381,0.9047619047619048,0.5714285714285714,0.9047619047619048,0.5714285714285714,0.9047619047619048,0.5714285714285714,0.7380952380952381,0.782312925170068
438,11,53,3,10,0.8311688311688312,0.7351190476190477,0.9464285714285714,0.5238095238095238,0.8907563025210085,0.5238095238095238,0.9464285714285714,0.6285714285714286,0.7596638655462185,0.8656462585034013
439,14,54,2,7,0.8831168831168831,0.8154761904761905,0.9642857142857143,0.6666666666666666,0.9230769230769231,0.6666666666666666,0.9642857142857143,0.7567567567567568,0.83991683991684,0.9047619047619048
440,8,54,5,10,0.8051948051948052,0.67984934086629,0.9152542372881356,0.4444444444444444,0.8780487804878049,0.4444444444444444,0.9152542372881356,0.5161290322580645,0.6970889063729346,0.6826741996233522
441,13,49,5,10,0.8051948051948052,0.7363123993558776,0.9074074074074074,0.5652173913043478,0.8672566371681416,0.5652173913043478,0.9074074074074074,0.6341463414634146,0.7507014893157782,0.822061191626409
442,12,49,4,12,0.7922077922077922,0.7122641509433962,0.9245283018867925,0.5,0.8596491228070176,0.5,0.9245283018867925,0.6,0.7298245614035088,0.804245283018868
443,16,47,6,8,0.8181818181818182,0.7767295597484276,0.8867924528301887,0.6666666666666666,0.8703703703703703,0.6666666666666666,0.8867924528301887,0.6956521739130435,0.7830112721417068,0.7987421383647798
444,16,52,2,7,0.8831168831168831,0.8293075684380031,0.9629629629629629,0.6956521739130435,0.9203539823008849,0.6956521739130435,0.9629629629629629,0.7804878048780488,0.8504208935894668,0.8607085346215781
445,13,48,10,6,0.7922077922077922,0.7558983666061706,0.8275862068965517,0.6842105263157895,0.8571428571428571,0.6842105263157895,0.8275862068965517,0.6190476190476191,0.7380952380952381,0.7577132486388385
446,15,48,1,13,0.8181818181818182,0.7576530612244898,0.9795918367346939,0.5357142857142857,0.8727272727272727,0.5357142857142857,0.9795918367346939,0.6818181818181818,0.7772727272727272,0.8097667638483965
447,15,53,3,6,0.8831168831168831,0.8303571428571428,0.9464285714285714,0.7142857142857143,0.9217391304347826,0.7142857142857143,0.9464285714285714,0.7692307692307693,0.8454849498327759,0.891156462585034
448,11,53,0,13,0.8311688311688312,0.7291666666666666,1.0,0.4583333333333333,0.8907563025210085,0.4583333333333333,1.0,0.6285714285714286,0.7596638655462185,0.7814465408805031
449,14,52,4,7,0.8571428571428571,0.7976190476190477,0.9285714285714286,0.6666666666666666,0.9043478260869565,0.6666666666666666,0.9285714285714286,0.717948717948718,0.8111482720178372,0.8078231292517006
450,18,44,5,10,0.8051948051948052,0.7704081632653061,0.8979591836734694,0.6428571428571429,0.8543689320388349,0.6428571428571429,0.8979591836734694,0.7058823529411765,0.7801256424900057,0.8403790087463557
451,18,47,3,9,0.8441558441558441,0.8033333333333332,0.94,0.6666666666666666,0.8867924528301887,0.6666666666666666,0.94,0.75,0.8183962264150944,0.8711111111111111
452,15,52,4,6,0.8701298701298701,0.8214285714285714,0.9285714285714286,0.7142857142857143,0.9122807017543859,0.7142857142857143,0.9285714285714286,0.75,0.831140350877193,0.8877551020408163
453,12,51,4,10,0.8181818181818182,0.7363636363636363,0.9272727272727272,0.5454545454545454,0.8793103448275862,0.5454545454545454,0.9272727272727272,0.631578947368421,0.7554446460980035,0.8305785123966942
454,17,51,2,7,0.8831168831168831,0.8352987421383649,0.9622641509433962,0.7083333333333334,0.918918918918919,0.7083333333333334,0.9622641509433962,0.7906976744186046,0.8548082966687618,0.8938679245283019
455,15,47,6,9,0.8051948051948052,0.7558962264150944,0.8867924528301887,0.625,0.8623853211009175,0.625,0.8867924528301887,0.6666666666666666,0.764525993883792,0.8018867924528301
456,8,55,7,7,0.8181818181818182,0.7102150537634409,0.8870967741935484,0.5333333333333333,0.8870967741935484,0.5333333333333333,0.8870967741935484,0.5333333333333333,0.7102150537634409,0.8225806451612903
457,14,50,5,8,0.8311688311688312,0.7727272727272727,0.9090909090909091,0.6363636363636364,0.8849557522123894,0.6363636363636364,0.9090909090909091,0.6829268292682927,0.7839412907403411,0.8297520661157023
458,18,53,2,4,0.922077922077922,0.8909090909090909,0.9636363636363636,0.8181818181818182,0.9464285714285714,0.8181818181818182,0.9636363636363636,0.8571428571428571,0.9017857142857142,0.9082644628099174
459,12,47,7,11,0.7662337662337663,0.6960547504025765,0.8703703703703703,0.5217391304347826,0.8392857142857143,0.5217391304347826,0.8703703703703703,0.5714285714285714,0.7053571428571428,0.7624798711755234
460,12,55,3,7,0.8701298701298701,0.7899274047186933,0.9482758620689655,0.631578947368421,0.9166666666666666,0.631578947368421,0.9482758620689655,0.7058823529411765,0.8112745098039216,0.8148820326678765
461,17,49,2,9,0.8571428571428571,0.807315233785822,0.9607843137254902,0.6538461538461539,0.8990825688073395,0.6538461538461539,0.9607843137254902,0.7555555555555555,0.8273190621814475,0.8650075414781297
462,9,55,5,8,0.8311688311688312,0.7230392156862745,0.9166666666666666,0.5294117647058824,0.8943089430894309,0.5294117647058824,0.9166666666666666,0.5806451612903226,0.7374770521898768,0.8617647058823529
463,9,58,2,8,0.8701298701298701,0.7480392156862745,0.9666666666666667,0.5294117647058824,0.9206349206349206,0.5294117647058824,0.9666666666666667,0.6428571428571429,0.7817460317460317,0.7627450980392158
464,19,49,4,5,0.8831168831168831,0.8580974842767295,0.9245283018867925,0.7916666666666666,0.9158878504672897,0.7916666666666666,0.9245283018867925,0.8085106382978723,0.862199244382581,0.8805031446540881
465,17,49,4,7,0.8571428571428571,0.816430817610063,0.9245283018867925,0.7083333333333334,0.8990825688073395,0.7083333333333334,0.9245283018867925,0.7555555555555555,0.8273190621814475,0.8632075471698113
466,7,58,5,7,0.8441558441558441,0.7103174603174602,0.9206349206349206,0.5,0.90625,0.5,0.9206349206349206,0.5384615384615384,0.7223557692307692,0.6961451247165533
467,15,54,1,7,0.8961038961038961,0.8318181818181818,0.9818181818181818,0.6818181818181818,0.9310344827586207,0.6818181818181818,0.9818181818181818,0.7894736842105263,0.8602540834845736,0.9132231404958678
468,9,53,5,10,0.8051948051948052,0.6937386569872959,0.9137931034482759,0.47368421052631576,0.8760330578512396,0.47368421052631576,0.9137931034482759,0.5454545454545454,0.7107438016528925,0.7259528130671506
469,19,48,4,6,0.8701298701298701,0.8415384615384616,0.9230769230769231,0.76,0.9056603773584906,0.76,0.9230769230769231,0.7916666666666666,0.8486635220125787,0.9392307692307691
470,22,46,2,7,0.8831168831168831,0.8584770114942528,0.9583333333333334,0.7586206896551724,0.9108910891089109,0.7586206896551724,0.9583333333333334,0.8301886792452831,0.870539884177097,0.8462643678160918
471,15,48,5,9,0.8181818181818182,0.7653301886792453,0.9056603773584906,0.625,0.8727272727272727,0.625,0.9056603773584906,0.6818181818181818,0.7772727272727272,0.8498427672955975
472,15,52,2,8,0.8701298701298701,0.8075684380032206,0.9629629629629629,0.6521739130434783,0.9122807017543859,0.6521739130434783,0.9629629629629629,0.75,0.831140350877193,0.8357487922705313
473,13,56,1,7,0.8961038961038961,0.8162280701754385,0.9824561403508771,0.65,0.9333333333333333,0.65,0.9824561403508771,0.7647058823529411,0.8490196078431372,0.9508771929824561
474,17,51,4,5,0.8831168831168831,0.85,0.9272727272727272,0.7727272727272727,0.918918918918919,0.7727272727272727,0.9272727272727272,0.7906976744186046,0.8548082966687618,0.8793388429752067
475,9,55,4,9,0.8311688311688312,0.7161016949152542,0.9322033898305084,0.5,0.8943089430894309,0.5,0.9322033898305084,0.5806451612903226,0.7374770521898768,0.7815442561205272
476,14,51,5,7,0.8441558441558441,0.7886904761904762,0.9107142857142857,0.6666666666666666,0.8947368421052632,0.6666666666666666,0.9107142857142857,0.7,0.7973684210526315,0.9285714285714285
477,13,51,3,10,0.8311688311688312,0.7548309178743962,0.9444444444444444,0.5652173913043478,0.8869565217391304,0.5652173913043478,0.9444444444444444,0.6666666666666666,0.7768115942028986,0.788244766505636
478,15,48,6,8,0.8181818181818182,0.7705314009661836,0.8888888888888888,0.6521739130434783,0.8727272727272727,0.6521739130434783,0.8888888888888888,0.6818181818181818,0.7772727272727272,0.8091787439613527
479,17,42,8,10,0.7662337662337663,0.7348148148148148,0.84,0.6296296296296297,0.8235294117647058,0.6296296296296297,0.84,0.6538461538461539,0.7386877828054299,0.8362962962962963
480,18,48,3,8,0.8571428571428571,0.8167420814479638,0.9411764705882353,0.6923076923076923,0.897196261682243,0.6923076923076923,0.9411764705882353,0.7659574468085106,0.8315768542453768,0.8740573152337858
481,14,53,4,6,0.8701298701298701,0.8149122807017544,0.9298245614035088,0.7,0.9137931034482759,0.7,0.9298245614035088,0.7368421052631579,0.8253176043557169,0.8578947368421053
482,12,53,6,6,0.8441558441558441,0.7824858757062148,0.8983050847457628,0.6666666666666666,0.8983050847457628,0.6666666666666666,0.8983050847457628,0.6666666666666666,0.7824858757062148,0.8493408662900189
483,18,49,5,5,0.8701298701298701,0.8450080515297906,0.9074074074074074,0.782608695652174,0.9074074074074074,0.782608695652174,0.9074074074074074,0.782608695652174,0.8450080515297906,0.888888888888889
484,8,55,3,11,0.8181818181818182,0.6846642468239564,0.9482758620689655,0.42105263157894735,0.8870967741935484,0.42105263157894735,0.9482758620689655,0.5333333333333333,0.7102150537634409,0.7695099818511797
485,12,48,7,10,0.7792207792207793,0.709090909090909,0.8727272727272727,0.5454545454545454,0.8495575221238938,0.5454545454545454,0.8727272727272727,0.5853658536585366,0.7174616878912152,0.840495867768595
486,11,54,7,5,0.8441558441558441,0.7863729508196722,0.8852459016393442,0.6875,0.9,0.6875,0.8852459016393442,0.6470588235294118,0.7735294117647059,0.9088114754098361
487,15,47,6,9,0.8051948051948052,0.7558962264150944,0.8867924528301887,0.625,0.8623853211009175,0.625,0.8867924528301887,0.6666666666666666,0.764525993883792,0.8333333333333334
488,16,47,5,9,0.8181818181818182,0.7719230769230769,0.9038461538461539,0.64,0.8703703703703703,0.64,0.9038461538461539,0.6956521739130435,0.7830112721417068,0.7753846153846153
489,14,51,3,9,0.8441558441558441,0.7765700483091788,0.9444444444444444,0.6086956521739131,0.8947368421052632,0.6086956521739131,0.9444444444444444,0.7,0.7973684210526315,0.8115942028985508
490,15,49,6,7,0.8311688311688312,0.7863636363636364,0.8909090909090909,0.6818181818181818,0.8828828828828829,0.6818181818181818,0.8909090909090909,0.6976744186046512,0.790278650743767,0.7975206611570248
491,10,46,7,14,0.7272727272727273,0.6422955974842768,0.8679245283018868,0.4166666666666667,0.8141592920353983,0.4166666666666667,0.8679245283018868,0.4878048780487805,0.6509820850420893,0.6029874213836478
492,19,47,4,7,0.8571428571428571,0.8261689291101055,0.9215686274509803,0.7307692307692307,0.8952380952380953,0.7307692307692307,0.9215686274509803,0.7755102040816326,0.8353741496598639,0.8431372549019608
493,14,50,2,11,0.8311688311688312,0.7607692307692309,0.9615384615384616,0.56,0.8849557522123894,0.56,0.9615384615384616,0.6829268292682927,0.7839412907403411,0.8546153846153846
494,12,55,5,5,0.8701298701298701,0.8112745098039216,0.9166666666666666,0.7058823529411765,0.9166666666666666,0.7058823529411765,0.9166666666666666,0.7058823529411765,0.8112745098039216,0.8441176470588234
495,13,50,8,6,0.8181818181818182,0.7731397459165155,0.8620689655172413,0.6842105263157895,0.8771929824561403,0.6842105263157895,0.8620689655172413,0.65,0.7635964912280702,0.7704174228675137
496,13,53,4,7,0.8571428571428571,0.7899122807017545,0.9298245614035088,0.65,0.905982905982906,0.65,0.9298245614035088,0.7027027027027027,0.8043428043428044,0.8526315789473684
497,9,58,3,7,0.8701298701298701,0.7566598360655737,0.9508196721311475,0.5625,0.9206349206349206,0.5625,0.9508196721311475,0.6428571428571429,0.7817460317460317,0.9405737704918032
498,17,47,3,10,0.8311688311688312,0.7848148148148149,0.94,0.6296296296296297,0.8785046728971962,0.6296296296296297,0.94,0.723404255319149,0.8009544641081726,0.86
499,11,56,3,7,0.8701298701298701,0.7801318267419963,0.9491525423728814,0.6111111111111112,0.9180327868852459,0.6111111111111112,0.9491525423728814,0.6875,0.802766393442623,0.8389830508474577
500,18,44,4,11,0.8051948051948052,0.7686781609195402,0.9166666666666666,0.6206896551724138,0.8543689320388349,0.6206896551724138,0.9166666666666666,0.7058823529411765,0.7801256424900057,0.853448275862069
501,9,53,4,11,0.8051948051948052,0.6899122807017544,0.9298245614035088,0.45,0.8760330578512396,0.45,0.9298245614035088,0.5454545454545454,0.7107438016528925,0.7377192982456141
502,9,57,0,11,0.8571428571428571,0.725,1.0,0.45,0.912,0.45,1.0,0.6206896551724138,0.7663448275862069,0.8201754385964912
503,5,60,4,8,0.8441558441558441,0.6610576923076923,0.9375,0.38461538461538464,0.9090909090909091,0.38461538461538464,0.9375,0.45454545454545453,0.6818181818181818,0.7247596153846154
504,14,50,6,7,0.8311688311688312,0.7797619047619048,0.8928571428571429,0.6666666666666666,0.8849557522123894,0.6666666666666666,0.8928571428571429,0.6829268292682927,0.7839412907403411,0.8324829931972789
505,17,46,6,8,0.8181818181818182,0.7823076923076924,0.8846153846153846,0.68,0.8679245283018868,0.68,0.8846153846153846,0.7083333333333334,0.78812893081761,0.8530769230769232
506,12,48,4,13,0.7792207792207793,0.7015384615384616,0.9230769230769231,0.48,0.8495575221238938,0.48,0.9230769230769231,0.5853658536585366,0.7174616878912152,0.7907692307692309
507,21,49,4,3,0.9090909090909091,0.8997641509433962,0.9245283018867925,0.875,0.9333333333333333,0.875,0.9245283018867925,0.8571428571428571,0.8952380952380952,0.9488993710691824
508,11,56,5,5,0.8701298701298701,0.802766393442623,0.9180327868852459,0.6875,0.9180327868852459,0.6875,0.9180327868852459,0.6875,0.802766393442623,0.8063524590163935
509,19,52,1,5,0.922077922077922,0.8863993710691824,0.9811320754716981,0.7916666666666666,0.9454545454545454,0.7916666666666666,0.9811320754716981,0.8636363636363636,0.9045454545454545,0.8844339622641508
510,17,56,0,4,0.948051948051948,0.9047619047619048,1.0,0.8095238095238095,0.9655172413793104,0.8095238095238095,1.0,0.8947368421052632,0.9301270417422868,0.9285714285714285
511,15,53,1,8,0.8831168831168831,0.81682769726248,0.9814814814814815,0.6521739130434783,0.9217391304347826,0.6521739130434783,0.9814814814814815,0.7692307692307693,0.8454849498327759,0.863929146537842
512,13,48,7,9,0.7922077922077922,0.7318181818181818,0.8727272727272727,0.5909090909090909,0.8571428571428571,0.5909090909090909,0.8727272727272727,0.6190476190476191,0.7380952380952381,0.8239669421487602
513,11,45,7,14,0.7272727272727273,0.6526923076923077,0.8653846153846154,0.44,0.8108108108108109,0.44,0.8653846153846154,0.5116279069767442,0.6612193588937776,0.7746153846153846
514,17,44,6,10,0.7922077922077922,0.7548148148148148,0.88,0.6296296296296297,0.8461538461538461,0.6296296296296297,0.88,0.68,0.7630769230769231,0.8229629629629629
515,15,52,3,7,0.8701298701298701,0.8136363636363636,0.9454545454545454,0.6818181818181818,0.9122807017543859,0.6818181818181818,0.9454545454545454,0.75,0.831140350877193,0.9140495867768597
516,15,52,3,7,0.8701298701298701,0.8136363636363636,0.9454545454545454,0.6818181818181818,0.9122807017543859,0.6818181818181818,0.9454545454545454,0.75,0.831140350877193,0.8504132231404958
517,11,54,5,7,0.8441558441558441,0.7631826741996234,0.9152542372881356,0.6111111111111112,0.9,0.6111111111111112,0.9152542372881356,0.6470588235294118,0.7735294117647059,0.8427495291902072
518,14,54,3,6,0.8831168831168831,0.8236842105263158,0.9473684210526315,0.7,0.9230769230769231,0.7,0.9473684210526315,0.7567567567567568,0.83991683991684,0.868421052631579
519,9,61,4,3,0.9090909090909091,0.8442307692307692,0.9384615384615385,0.75,0.9457364341085271,0.75,0.9384615384615385,0.72,0.8328682170542636,0.8692307692307693
520,13,53,7,4,0.8571428571428571,0.8240196078431372,0.8833333333333333,0.7647058823529411,0.905982905982906,0.7647058823529411,0.8833333333333333,0.7027027027027027,0.8043428043428044,0.8715686274509804
521,19,42,5,11,0.7922077922077922,0.7634751773049645,0.8936170212765957,0.6333333333333333,0.84,0.6333333333333333,0.8936170212765957,0.7037037037037037,0.7718518518518518,0.8553191489361702
522,9,53,7,8,0.8051948051948052,0.7063725490196078,0.8833333333333333,0.5294117647058824,0.8760330578512396,0.5294117647058824,0.8833333333333333,0.5454545454545454,0.7107438016528925,0.6892156862745098
523,5,58,4,10,0.8181818181818182,0.6344086021505376,0.9354838709677419,0.3333333333333333,0.8923076923076924,0.3333333333333333,0.9354838709677419,0.4166666666666667,0.6544871794871795,0.6817204301075269
524,17,47,5,8,0.8311688311688312,0.791923076923077,0.9038461538461539,0.68,0.8785046728971962,0.68,0.9038461538461539,0.723404255319149,0.8009544641081726,0.8792307692307693
525,13,48,6,10,0.7922077922077922,0.7270531400966183,0.8888888888888888,0.5652173913043478,0.8571428571428571,0.5652173913043478,0.8888888888888888,0.6190476190476191,0.7380952380952381,0.7971014492753623
526,8,53,5,11,0.7922077922077922,0.6674228675136116,0.9137931034482759,0.42105263157894735,0.8688524590163934,0.42105263157894735,0.9137931034482759,0.5,0.6844262295081966,0.794010889292196
527,17,51,4,5,0.8831168831168831,0.85,0.9272727272727272,0.7727272727272727,0.918918918918919,0.7727272727272727,0.9272727272727272,0.7906976744186046,0.8548082966687618,0.8677685950413223
528,16,48,4,9,0.8311688311688312,0.7815384615384615,0.9230769230769231,0.64,0.8807339449541285,0.64,0.9230769230769231,0.7111111111111111,0.7959225280326199,0.7738461538461539
529,17,46,5,9,0.8181818181818182,0.7779034690799397,0.9019607843137255,0.6538461538461539,0.8679245283018868,0.6538461538461539,0.9019607843137255,0.7083333333333334,0.78812893081761,0.8220211161387632
530,17,49,4,7,0.8571428571428571,0.816430817610063,0.9245283018867925,0.7083333333333334,0.8990825688073395,0.7083333333333334,0.9245283018867925,0.7555555555555555,0.8273190621814475,0.8726415094339621
531,8,57,4,8,0.8441558441558441,0.7172131147540983,0.9344262295081968,0.5,0.9047619047619048,0.5,0.9344262295081968,0.5714285714285714,0.7380952380952381,0.7889344262295083
532,12,59,1,5,0.922077922077922,0.8446078431372549,0.9833333333333333,0.7058823529411765,0.9516129032258065,0.7058823529411765,0.9833333333333333,0.8,0.8758064516129033,0.9705882352941178
533,13,53,4,7,0.8571428571428571,0.7899122807017545,0.9298245614035088,0.65,0.905982905982906,0.65,0.9298245614035088,0.7027027027027027,0.8043428043428044,0.7912280701754385
534,16,57,1,3,0.948051948051948,0.912431941923775,0.9827586206896551,0.8421052631578947,0.9661016949152542,0.8421052631578947,0.9827586206896551,0.8888888888888888,0.9274952919020716,0.9292196007259528
535,13,50,3,11,0.8181818181818182,0.7425314465408805,0.9433962264150944,0.5416666666666666,0.8771929824561403,0.5416666666666666,0.9433962264150944,0.65,0.7635964912280702,0.7838050314465409
536,12,48,9,8,0.7792207792207793,0.7210526315789474,0.8421052631578947,0.6,0.8495575221238938,0.6,0.8421052631578947,0.5853658536585366,0.7174616878912152,0.7771929824561403
537,12,62,2,1,0.961038961038961,0.9459134615384616,0.96875,0.9230769230769231,0.9763779527559056,0.9230769230769231,0.96875,0.8888888888888888,0.9326334208223972,0.9675480769230769
538,7,60,5,5,0.8701298701298701,0.7532051282051282,0.9230769230769231,0.5833333333333334,0.9230769230769231,0.5833333333333334,0.9230769230769231,0.5833333333333334,0.7532051282051282,0.8692307692307693
539,16,55,1,5,0.922077922077922,0.8720238095238095,0.9821428571428571,0.7619047619047619,0.9482758620689655,0.7619047619047619,0.9821428571428571,0.8421052631578947,0.8951905626134301,0.8945578231292517
540,6,58,7,6,0.8311688311688312,0.6961538461538461,0.8923076923076924,0.5,0.8992248062015504,0.5,0.8923076923076924,0.48,0.6896124031007752,0.7371794871794872
541,12,57,2,6,0.8961038961038961,0.8163841807909604,0.9661016949152542,0.6666666666666666,0.9344262295081968,0.6666666666666666,0.9661016949152542,0.75,0.8422131147540983,0.8615819209039548
542,13,54,4,6,0.8701298701298701,0.8076225045372051,0.9310344827586207,0.6842105263157895,0.9152542372881356,0.6842105263157895,0.9310344827586207,0.7222222222222222,0.8187382297551788,0.8765880217785844
543,13,52,3,9,0.8441558441558441,0.7681818181818182,0.9454545454545454,0.5909090909090909,0.896551724137931,0.5909090909090909,0.9454545454545454,0.6842105263157895,0.7903811252268602,0.8801652892561983
544,13,53,2,9,0.8571428571428571,0.7772727272727273,0.9636363636363636,0.5909090909090909,0.905982905982906,0.5909090909090909,0.9636363636363636,0.7027027027027027,0.8043428043428044,0.8727272727272727
545,7,57,4,9,0.8311688311688312,0.6859631147540983,0.9344262295081968,0.4375,0.8976377952755905,0.4375,0.9344262295081968,0.5185185185185185,0.7080781568970544,0.7868852459016394
546,11,56,4,6,0.8701298701298701,0.7901960784313726,0.9333333333333333,0.6470588235294118,0.9180327868852459,0.6470588235294118,0.9333333333333333,0.6875,0.802766393442623,0.9019607843137255
547,15,48,5,9,0.8181818181818182,0.7653301886792453,0.9056603773584906,0.625,0.8727272727272727,0.625,0.9056603773584906,0.6818181818181818,0.7772727272727272,0.7578616352201258
548,14,54,4,5,0.8831168831168831,0.8339382940108893,0.9310344827586207,0.7368421052631579,0.9230769230769231,0.7368421052631579,0.9310344827586207,0.7567567567567568,0.83991683991684,0.8865698729582577
549,16,48,4,9,0.8311688311688312,0.7815384615384615,0.9230769230769231,0.64,0.8807339449541285,0.64,0.9230769230769231,0.7111111111111111,0.7959225280326199,0.8207692307692309
550,11,55,3,8,0.8571428571428571,0.7636116152450091,0.9482758620689655,0.5789473684210527,0.9090909090909091,0.5789473684210527,0.9482758620689655,0.6666666666666666,0.7878787878787878,0.8666061705989111
551,16,46,2,13,0.8051948051948052,0.7550287356321839,0.9583333333333334,0.5517241379310345,0.8598130841121495,0.5517241379310345,0.9583333333333334,0.6808510638297872,0.7703320739709684,0.8354885057471265
552,10,54,5,8,0.8311688311688312,0.7354048964218456,0.9152542372881356,0.5555555555555556,0.8925619834710744,0.5555555555555556,0.9152542372881356,0.6060606060606061,0.7493112947658402,0.8013182674199623
553,16,52,4,5,0.8831168831168831,0.8452380952380952,0.9285714285714286,0.7619047619047619,0.9203539823008849,0.7619047619047619,0.9285714285714286,0.7804878048780488,0.8504208935894668,0.8801020408163265
554,9,56,4,8,0.8441558441558441,0.7313725490196079,0.9333333333333333,0.5294117647058824,0.9032258064516129,0.5294117647058824,0.9333333333333333,0.6,0.7516129032258064,0.7931372549019607
555,15,49,5,8,0.8311688311688312,0.7797906602254429,0.9074074074074074,0.6521739130434783,0.8828828828828829,0.6521739130434783,0.9074074074074074,0.6976744186046512,0.790278650743767,0.8776167471819646
556,16,50,4,7,0.8571428571428571,0.8107890499194848,0.9259259259259259,0.6956521739130435,0.9009009009009009,0.6956521739130435,0.9259259259259259,0.7441860465116279,0.8225434737062645,0.9162640901771337
557,13,51,7,6,0.8311688311688312,0.7817604355716878,0.8793103448275862,0.6842105263157895,0.8869565217391304,0.6842105263157895,0.8793103448275862,0.6666666666666666,0.7768115942028986,0.8257713248638838
558,13,49,5,10,0.8051948051948052,0.7363123993558776,0.9074074074074074,0.5652173913043478,0.8672566371681416,0.5652173913043478,0.9074074074074074,0.6341463414634146,0.7507014893157782,0.7681159420289856
559,12,51,4,10,0.8181818181818182,0.7363636363636363,0.9272727272727272,0.5454545454545454,0.8793103448275862,0.5454545454545454,0.9272727272727272,0.631578947368421,0.7554446460980035,0.8115702479338842
560,20,46,3,8,0.8571428571428571,0.826530612244898,0.9387755102040817,0.7142857142857143,0.8932038834951457,0.7142857142857143,0.9387755102040817,0.7843137254901961,0.8387588044926708,0.869533527696793
561,9,55,4,9,0.8311688311688312,0.7161016949152542,0.9322033898305084,0.5,0.8943089430894309,0.5,0.9322033898305084,0.5806451612903226,0.7374770521898768,0.7655367231638418
562,14,52,6,5,0.8571428571428571,0.8166969147005445,0.896551724137931,0.7368421052631579,0.9043478260869565,0.7368421052631579,0.896551724137931,0.717948717948718,0.8111482720178372,0.8076225045372051
563,18,53,4,2,0.922077922077922,0.9149122807017545,0.9298245614035088,0.9,0.9464285714285714,0.9,0.9298245614035088,0.8571428571428571,0.9017857142857142,0.9140350877192983
564,9,59,2,7,0.8831168831168831,0.7648565573770492,0.9672131147540983,0.5625,0.9291338582677166,0.5625,0.9672131147540983,0.6666666666666666,0.7979002624671916,0.8565573770491803
565,12,55,3,7,0.8701298701298701,0.7899274047186933,0.9482758620689655,0.631578947368421,0.9166666666666666,0.631578947368421,0.9482758620689655,0.7058823529411765,0.8112745098039216,0.8784029038112522
566,14,51,4,8,0.8441558441558441,0.7818181818181817,0.9272727272727272,0.6363636363636364,0.8947368421052632,0.6363636363636364,0.9272727272727272,0.7,0.7973684210526315,0.8958677685950414
567,12,56,3,6,0.8831168831168831,0.807909604519774,0.9491525423728814,0.6666666666666666,0.9256198347107438,0.6666666666666666,0.9491525423728814,0.7272727272727273,0.8264462809917356,0.8427495291902072
568,9,59,4,5,0.8831168831168831,0.7896825396825398,0.9365079365079365,0.6428571428571429,0.9291338582677166,0.6428571428571429,0.9365079365079365,0.6666666666666666,0.7979002624671916,0.8072562358276644
569,14,53,2,8,0.8701298701298701,0.8,0.9636363636363636,0.6363636363636364,0.9137931034482759,0.6363636363636364,0.9636363636363636,0.7368421052631579,0.8253176043557169,0.88099173553719
570,10,58,2,7,0.8831168831168831,0.7774509803921569,0.9666666666666667,0.5882352941176471,0.928,0.5882352941176471,0.9666666666666667,0.6896551724137931,0.8088275862068965,0.8470588235294118
571,12,50,2,13,0.8051948051948052,0.7207692307692308,0.9615384615384616,0.48,0.8695652173913043,0.48,0.9615384615384616,0.6153846153846154,0.7424749163879598,0.803076923076923
572,13,47,4,13,0.7792207792207793,0.7107843137254901,0.9215686274509803,0.5,0.8468468468468469,0.5,0.9215686274509803,0.6046511627906976,0.7257490048187722,0.7752639517345399
573,9,58,2,8,0.8701298701298701,0.7480392156862745,0.9666666666666667,0.5294117647058824,0.9206349206349206,0.5294117647058824,0.9666666666666667,0.6428571428571429,0.7817460317460317,0.8294117647058823
574,15,54,4,4,0.8961038961038961,0.8602540834845736,0.9310344827586207,0.7894736842105263,0.9310344827586207,0.7894736842105263,0.9310344827586207,0.7894736842105263,0.8602540834845736,0.8938294010889292
575,12,51,3,11,0.8181818181818182,0.7330917874396135,0.9444444444444444,0.5217391304347826,0.8793103448275862,0.5217391304347826,0.9444444444444444,0.631578947368421,0.7554446460980035,0.7745571658615136
576,7,50,6,14,0.7402597402597403,0.6130952380952381,0.8928571428571429,0.3333333333333333,0.8333333333333334,0.3333333333333333,0.8928571428571429,0.4117647058823529,0.6225490196078431,0.625
577,11,52,5,9,0.8181818181818182,0.731140350877193,0.9122807017543859,0.55,0.8813559322033898,0.55,0.9122807017543859,0.6111111111111112,0.7462335216572504,0.7833333333333333
578,20,40,4,13,0.7792207792207793,0.7575757575757576,0.9090909090909091,0.6060606060606061,0.8247422680412371,0.6060606060606061,0.9090909090909091,0.7017543859649122,0.7632483270030747,0.7672176308539945
579,10,56,4,7,0.8571428571428571,0.7607843137254902,0.9333333333333333,0.5882352941176471,0.9105691056910569,0.5882352941176471,0.9333333333333333,0.6451612903225806,0.7778651980068187,0.7941176470588236
580,15,45,5,12,0.7792207792207793,0.7277777777777779,0.9,0.5555555555555556,0.8411214953271028,0.5555555555555556,0.9,0.6382978723404256,0.7397096838337642,0.7918518518518518
581,15,49,6,7,0.8311688311688312,0.7863636363636364,0.8909090909090909,0.6818181818181818,0.8828828828828829,0.6818181818181818,0.8909090909090909,0.6976744186046512,0.790278650743767,0.8264462809917356
582,11,60,1,5,0.922077922077922,0.8355532786885246,0.9836065573770492,0.6875,0.9523809523809523,0.6875,0.9836065573770492,0.7857142857142857,0.8690476190476191,0.8801229508196722
583,10,59,3,5,0.8961038961038961,0.8091397849462365,0.9516129032258065,0.6666666666666666,0.9365079365079365,0.6666666666666666,0.9516129032258065,0.7142857142857143,0.8253968253968254,0.7849462365591399
584,9,51,4,13,0.7792207792207793,0.6681818181818182,0.9272727272727272,0.4090909090909091,0.8571428571428571,0.4090909090909091,0.9272727272727272,0.5142857142857142,0.6857142857142857,0.7446280991735538
585,21,46,5,5,0.8701298701298701,0.8548265460030167,0.9019607843137255,0.8076923076923077,0.9019607843137255,0.8076923076923077,0.9019607843137255,0.8076923076923077,0.8548265460030167,0.9019607843137255
586,12,54,2,9,0.8571428571428571,0.7678571428571428,0.9642857142857143,0.5714285714285714,0.907563025210084,0.5714285714285714,0.9642857142857143,0.6857142857142857,0.7966386554621849,0.8282312925170067
587,9,58,4,6,0.8701298701298701,0.7677419354838709,0.9354838709677419,0.6,0.9206349206349206,0.6,0.9354838709677419,0.6428571428571429,0.7817460317460317,0.7838709677419354
588,18,47,5,7,0.8441558441558441,0.811923076923077,0.9038461538461539,0.72,0.8867924528301887,0.72,0.9038461538461539,0.75,0.8183962264150944,0.9146153846153846
589,16,51,4,6,0.8701298701298701,0.8272727272727273,0.9272727272727272,0.7272727272727273,0.9107142857142857,0.7272727272727273,0.9272727272727272,0.7619047619047619,0.8363095238095237,0.8768595041322313
590,12,52,6,7,0.8311688311688312,0.764065335753176,0.896551724137931,0.631578947368421,0.8888888888888888,0.631578947368421,0.896551724137931,0.6486486486486487,0.7687687687687688,0.7658802177858439
591,6,55,5,11,0.7922077922077922,0.6348039215686274,0.9166666666666666,0.35294117647058826,0.873015873015873,0.35294117647058826,0.9166666666666666,0.42857142857142855,0.6507936507936508,0.6431372549019608
592,13,56,2,6,0.8961038961038961,0.8248638838475499,0.9655172413793104,0.6842105263157895,0.9333333333333333,0.6842105263157895,0.9655172413793104,0.7647058823529411,0.8490196078431372,0.9010889292196007
593,14,52,4,7,0.8571428571428571,0.7976190476190477,0.9285714285714286,0.6666666666666666,0.9043478260869565,0.6666666666666666,0.9285714285714286,0.717948717948718,0.8111482720178372,0.8231292517006803
594,15,53,2,7,0.8831168831168831,0.8227272727272728,0.9636363636363636,0.6818181818181818,0.9217391304347826,0.6818181818181818,0.9636363636363636,0.7692307692307693,0.8454849498327759,0.7768595041322315
595,19,50,4,4,0.8961038961038961,0.8760064412238325,0.9259259259259259,0.8260869565217391,0.9259259259259259,0.8260869565217391,0.9259259259259259,0.8260869565217391,0.8760064412238325,0.8719806763285023
596,7,62,3,5,0.8961038961038961,0.7685897435897436,0.9538461538461539,0.5833333333333334,0.9393939393939394,0.5833333333333334,0.9538461538461539,0.6363636363636364,0.7878787878787878,0.7923076923076923
597,10,50,4,13,0.7792207792207793,0.6803542673107891,0.9259259259259259,0.43478260869565216,0.8547008547008547,0.43478260869565216,0.9259259259259259,0.5405405405405406,0.6976206976206976,0.751207729468599
598,6,58,8,5,0.8311688311688312,0.7121212121212122,0.8787878787878788,0.5454545454545454,0.8992248062015504,0.5454545454545454,0.8787878787878788,0.48,0.6896124031007752,0.6831955922865014
599,14,52,3,8,0.8571428571428571,0.7909090909090909,0.9454545454545454,0.6363636363636364,0.9043478260869565,0.6363636363636364,0.9454545454545454,0.717948717948718,0.8111482720178372,0.8099173553719008
600,18,47,4,8,0.8441558441558441,0.8069381598793364,0.9215686274509803,0.6923076923076923,0.8867924528301887,0.6923076923076923,0.9215686274509803,0.75,0.8183962264150944,0.8506787330316742
601,10,56,7,4,0.8571428571428571,0.8015873015873016,0.8888888888888888,0.7142857142857143,0.9105691056910569,0.7142857142857143,0.8888888888888888,0.6451612903225806,0.7778651980068187,0.7993197278911565
602,13,54,5,5,0.8701298701298701,0.8187382297551788,0.9152542372881356,0.7222222222222222,0.9152542372881356,0.7222222222222222,0.9152542372881356,0.7222222222222222,0.8187382297551788,0.8248587570621468
603,15,50,8,4,0.8441558441558441,0.8257713248638838,0.8620689655172413,0.7894736842105263,0.8928571428571429,0.7894736842105263,0.8620689655172413,0.7142857142857143,0.8035714285714286,0.8729582577132486
604,16,54,5,2,0.9090909090909091,0.9020715630885122,0.9152542372881356,0.8888888888888888,0.9391304347826087,0.8888888888888888,0.9152542372881356,0.8205128205128205,0.8798216276477147,0.9227871939736346
605,15,45,2,15,0.7792207792207793,0.7287234042553192,0.9574468085106383,0.5,0.8411214953271028,0.5,0.9574468085106383,0.6382978723404256,0.7397096838337642,0.8290780141843972
606,11,53,6,7,0.8311688311688312,0.754708097928437,0.8983050847457628,0.6111111111111112,0.8907563025210085,0.6111111111111112,0.8983050847457628,0.6285714285714286,0.7596638655462185,0.9020715630885122
607,11,52,6,8,0.8181818181818182,0.7377495462794919,0.896551724137931,0.5789473684210527,0.8813559322033898,0.5789473684210527,0.896551724137931,0.6111111111111112,0.7462335216572504,0.7087114337568058
608,17,53,2,5,0.9090909090909091,0.8681818181818182,0.9636363636363636,0.7727272727272727,0.9380530973451328,0.7727272727272727,0.9636363636363636,0.8292682926829268,0.8836606950140298,0.9363636363636363
609,5,59,4,9,0.8311688311688312,0.6468253968253969,0.9365079365079365,0.35714285714285715,0.9007633587786259,0.35714285714285715,0.9365079365079365,0.43478260869565216,0.667772983737139,0.8197278911564625
610,9,55,4,9,0.8311688311688312,0.7161016949152542,0.9322033898305084,0.5,0.8943089430894309,0.5,0.9322033898305084,0.5806451612903226,0.7374770521898768,0.8483992467043314
611,7,55,4,11,0.8051948051948052,0.6605461393596986,0.9322033898305084,0.3888888888888889,0.88,0.3888888888888889,0.9322033898305084,0.4827586206896552,0.6813793103448276,0.7052730696798493
612,13,51,4,9,0.8311688311688312,0.759090909090909,0.9272727272727272,0.5909090909090909,0.8869565217391304,0.5909090909090909,0.9272727272727272,0.6666666666666666,0.7768115942028986,0.8239669421487603
613,14,54,5,4,0.8831168831168831,0.8465160075329567,0.9152542372881356,0.7777777777777778,0.9230769230769231,0.7777777777777778,0.9152542372881356,0.7567567567567568,0.83991683991684,0.8483992467043314
614,11,53,1,12,0.8311688311688312,0.7298711755233495,0.9814814814814815,0.4782608695652174,0.8907563025210085,0.4782608695652174,0.9814814814814815,0.6285714285714286,0.7596638655462185,0.8872785829307567
615,14,50,5,8,0.8311688311688312,0.7727272727272727,0.9090909090909091,0.6363636363636364,0.8849557522123894,0.6363636363636364,0.9090909090909091,0.6829268292682927,0.7839412907403411,0.8148760330578512
616,11,55,2,9,0.8571428571428571,0.7574561403508773,0.9649122807017544,0.55,0.9090909090909091,0.55,0.9649122807017544,0.6666666666666666,0.7878787878787878,0.763157894736842
617,11,53,6,7,0.8311688311688312,0.754708097928437,0.8983050847457628,0.6111111111111112,0.8907563025210085,0.6111111111111112,0.8983050847457628,0.6285714285714286,0.7596638655462185,0.832391713747646
618,11,52,6,8,0.8181818181818182,0.7377495462794919,0.896551724137931,0.5789473684210527,0.8813559322033898,0.5789473684210527,0.896551724137931,0.6111111111111112,0.7462335216572504,0.8275862068965517
619,16,55,3,3,0.922077922077922,0.8951905626134301,0.9482758620689655,0.8421052631578947,0.9482758620689655,0.8421052631578947,0.9482758620689655,0.8421052631578947,0.8951905626134301,0.8929219600725953
620,13,53,4,7,0.8571428571428571,0.7899122807017545,0.9298245614035088,0.65,0.905982905982906,0.65,0.9298245614035088,0.7027027027027027,0.8043428043428044,0.8780701754385966
621,8,55,7,7,0.8181818181818182,0.7102150537634409,0.8870967741935484,0.5333333333333333,0.8870967741935484,0.5333333333333333,0.8870967741935484,0.5333333333333333,0.7102150537634409,0.7301075268817204
622,20,45,1,11,0.8441558441558441,0.811711079943899,0.9782608695652174,0.6451612903225806,0.8823529411764706,0.6451612903225806,0.9782608695652174,0.7692307692307693,0.8257918552036199,0.8604488078541375
623,14,51,5,7,0.8441558441558441,0.7886904761904762,0.9107142857142857,0.6666666666666666,0.8947368421052632,0.6666666666666666,0.9107142857142857,0.7,0.7973684210526315,0.78656462585034
624,19,51,5,2,0.9090909090909091,0.9077380952380952,0.9107142857142857,0.9047619047619048,0.9357798165137615,0.9047619047619048,0.9107142857142857,0.8444444444444444,0.890112130479103,0.9234693877551019
625,6,59,5,7,0.8441558441558441,0.6917067307692308,0.921875,0.46153846153846156,0.9076923076923077,0.46153846153846156,0.921875,0.5,0.7038461538461538,0.7680288461538461
626,15,49,6,7,0.8311688311688312,0.7863636363636364,0.8909090909090909,0.6818181818181818,0.8828828828828829,0.6818181818181818,0.8909090909090909,0.6976744186046512,0.790278650743767,0.8553719008264464
627,6,57,5,9,0.8181818181818182,0.6596774193548387,0.9193548387096774,0.4,0.890625,0.4,0.9193548387096774,0.46153846153846156,0.6760817307692308,0.8290322580645162
628,13,56,5,3,0.8961038961038961,0.865266393442623,0.9180327868852459,0.8125,0.9333333333333333,0.8125,0.9180327868852459,0.7647058823529411,0.8490196078431372,0.8862704918032788
629,9,58,2,8,0.8701298701298701,0.7480392156862745,0.9666666666666667,0.5294117647058824,0.9206349206349206,0.5294117647058824,0.9666666666666667,0.6428571428571429,0.7817460317460317,0.8696078431372548
630,20,44,4,9,0.8311688311688312,0.8031609195402298,0.9166666666666666,0.6896551724137931,0.8712871287128713,0.6896551724137931,0.9166666666666666,0.7547169811320755,0.8130020549224735,0.8254310344827586
631,12,51,5,9,0.8181818181818182,0.7410714285714286,0.9107142857142857,0.5714285714285714,0.8793103448275862,0.5714285714285714,0.9107142857142857,0.631578947368421,0.7554446460980035,0.7874149659863946
632,14,51,3,9,0.8441558441558441,0.7765700483091788,0.9444444444444444,0.6086956521739131,0.8947368421052632,0.6086956521739131,0.9444444444444444,0.7,0.7973684210526315,0.8438003220611916
633,8,59,2,8,0.8701298701298701,0.7336065573770492,0.9672131147540983,0.5,0.921875,0.5,0.9672131147540983,0.6153846153846154,0.7686298076923077,0.7295081967213114
634,10,50,8,9,0.7792207792207793,0.6941923774954628,0.8620689655172413,0.5263157894736842,0.8547008547008547,0.5263157894736842,0.8620689655172413,0.5405405405405406,0.6976206976206976,0.7223230490018148
635,5,58,6,8,0.8181818181818182,0.6454326923076923,0.90625,0.38461538461538464,0.8923076923076924,0.38461538461538464,0.90625,0.4166666666666667,0.6544871794871795,0.7980769230769231
636,15,51,4,7,0.8571428571428571,0.8045454545454545,0.9272727272727272,0.6818181818181818,0.9026548672566371,0.6818181818181818,0.9272727272727272,0.7317073170731707,0.8171810921649039,0.790909090909091
637,12,51,6,8,0.8181818181818182,0.7473684210526316,0.8947368421052632,0.6,0.8793103448275862,0.6,0.8947368421052632,0.631578947368421,0.7554446460980035,0.8421052631578947
638,13,55,6,3,0.8831168831168831,0.8570696721311475,0.9016393442622951,0.8125,0.9243697478991597,0.8125,0.9016393442622951,0.7428571428571429,0.8336134453781513,0.8278688524590163
639,14,51,2,10,0.8441558441558441,0.7727987421383649,0.9622641509433962,0.5833333333333334,0.8947368421052632,0.5833333333333334,0.9622641509433962,0.7,0.7973684210526315,0.8710691823899371
640,13,51,4,9,0.8311688311688312,0.759090909090909,0.9272727272727272,0.5909090909090909,0.8869565217391304,0.5909090909090909,0.9272727272727272,0.6666666666666666,0.7768115942028986,0.8785123966942149
641,8,55,2,12,0.8181818181818182,0.6824561403508772,0.9649122807017544,0.4,0.8870967741935484,0.4,0.9649122807017544,0.5333333333333333,0.7102150537634409,0.7526315789473684
642,14,57,0,6,0.922077922077922,0.85,1.0,0.7,0.95,0.7,1.0,0.8235294117647058,0.8867647058823529,0.9491228070175438
643,16,43,7,11,0.7662337662337663,0.7262962962962962,0.86,0.5925925925925926,0.8269230769230769,0.5925925925925926,0.86,0.64,0.7334615384615384,0.74
644,12,55,2,8,0.8701298701298701,0.7824561403508772,0.9649122807017544,0.6,0.9166666666666666,0.6,0.9649122807017544,0.7058823529411765,0.8112745098039216,0.8307017543859648
645,14,47,2,14,0.7922077922077922,0.7295918367346939,0.9591836734693877,0.5,0.8545454545454545,0.5,0.9591836734693877,0.6363636363636364,0.7454545454545454,0.83600583090379
646,13,52,0,12,0.8441558441558441,0.76,1.0,0.52,0.896551724137931,0.52,1.0,0.6842105263157895,0.7903811252268602,0.8384615384615385
647,12,54,3,8,0.8571428571428571,0.7736842105263158,0.9473684210526315,0.6,0.907563025210084,0.6,0.9473684210526315,0.6857142857142857,0.7966386554621849,0.8324561403508772
648,15,50,5,7,0.8441558441558441,0.7954545454545454,0.9090909090909091,0.6818181818181818,0.8928571428571429,0.6818181818181818,0.9090909090909091,0.7142857142857143,0.8035714285714286,0.815702479338843
649,15,52,3,7,0.8701298701298701,0.8136363636363636,0.9454545454545454,0.6818181818181818,0.9122807017543859,0.6818181818181818,0.9454545454545454,0.75,0.831140350877193,0.8206611570247934
650,9,58,1,9,0.8701298701298701,0.7415254237288136,0.9830508474576272,0.5,0.9206349206349206,0.5,0.9830508474576272,0.6428571428571429,0.7817460317460317,0.8502824858757062
651,20,46,3,8,0.8571428571428571,0.826530612244898,0.9387755102040817,0.7142857142857143,0.8932038834951457,0.7142857142857143,0.9387755102040817,0.7843137254901961,0.8387588044926708,0.8126822157434402
652,14,50,5,8,0.8311688311688312,0.7727272727272727,0.9090909090909091,0.6363636363636364,0.8849557522123894,0.6363636363636364,0.9090909090909091,0.6829268292682927,0.7839412907403411,0.8504132231404959
653,7,55,4,11,0.8051948051948052,0.6605461393596986,0.9322033898305084,0.3888888888888889,0.88,0.3888888888888889,0.9322033898305084,0.4827586206896552,0.6813793103448276,0.7448210922787194
654,11,57,4,5,0.8831168831168831,0.8109631147540983,0.9344262295081968,0.6875,0.926829268292683,0.6875,0.9344262295081968,0.7096774193548387,0.8182533438237609,0.8801229508196722
655,12,54,1,10,0.8571428571428571,0.7636363636363637,0.9818181818181818,0.5454545454545454,0.907563025210084,0.5454545454545454,0.9818181818181818,0.6857142857142857,0.7966386554621849,0.8561983471074381
656,9,58,2,8,0.8701298701298701,0.7480392156862745,0.9666666666666667,0.5294117647058824,0.9206349206349206,0.5294117647058824,0.9666666666666667,0.6428571428571429,0.7817460317460317,0.6941176470588235
657,12,55,2,8,0.8701298701298701,0.7824561403508772,0.9649122807017544,0.6,0.9166666666666666,0.6,0.9649122807017544,0.7058823529411765,0.8112745098039216,0.7745614035087719
658,16,48,4,9,0.8311688311688312,0.7815384615384615,0.9230769230769231,0.64,0.8807339449541285,0.64,0.9230769230769231,0.7111111111111111,0.7959225280326199,0.8630769230769233
659,14,54,3,6,0.8831168831168831,0.8236842105263158,0.9473684210526315,0.7,0.9230769230769231,0.7,0.9473684210526315,0.7567567567567568,0.83991683991684,0.8815789473684211
660,14,55,1,7,0.8961038961038961,0.8244047619047619,0.9821428571428571,0.6666666666666666,0.9322033898305084,0.6666666666666666,0.9821428571428571,0.7777777777777778,0.8549905838041432,0.8741496598639454
661,11,58,2,6,0.8961038961038961,0.8068627450980392,0.9666666666666667,0.6470588235294118,0.9354838709677419,0.6470588235294118,0.9666666666666667,0.7333333333333333,0.8344086021505376,0.873529411764706
662,10,53,4,10,0.8181818181818182,0.7149122807017544,0.9298245614035088,0.5,0.8833333333333333,0.5,0.9298245614035088,0.5882352941176471,0.7357843137254902,0.7842105263157895
663,8,50,9,10,0.7532467532467533,0.6459510357815442,0.847457627118644,0.4444444444444444,0.8403361344537815,0.4444444444444444,0.847457627118644,0.45714285714285713,0.6487394957983194,0.7137476459510357
664,11,53,6,7,0.8311688311688312,0.754708097928437,0.8983050847457628,0.6111111111111112,0.8907563025210085,0.6111111111111112,0.8983050847457628,0.6285714285714286,0.7596638655462185,0.8832391713747646
665,11,55,3,8,0.8571428571428571,0.7636116152450091,0.9482758620689655,0.5789473684210527,0.9090909090909091,0.5789473684210527,0.9482758620689655,0.6666666666666666,0.7878787878787878,0.7577132486388384
666,15,49,4,9,0.8311688311688312,0.7747641509433962,0.9245283018867925,0.625,0.8828828828828829,0.625,0.9245283018867925,0.6976744186046512,0.790278650743767,0.8687106918238994
667,11,51,3,12,0.8051948051948052,0.711352657004831,0.9444444444444444,0.4782608695652174,0.8717948717948718,0.4782608695652174,0.9444444444444444,0.5945945945945946,0.7331947331947333,0.8502415458937198
668,8,63,2,4,0.922077922077922,0.8179487179487179,0.9692307692307692,0.6666666666666666,0.9545454545454546,0.6666666666666666,0.9692307692307692,0.7272727272727273,0.8409090909090909,0.8666666666666667
669,15,51,4,7,0.8571428571428571,0.8045454545454545,0.9272727272727272,0.6818181818181818,0.9026548672566371,0.6818181818181818,0.9272727272727272,0.7317073170731707,0.8171810921649039,0.8578512396694213
670,16,49,2,10,0.8441558441558441,0.7880844645550529,0.9607843137254902,0.6153846153846154,0.8909090909090909,0.6153846153846154,0.9607843137254902,0.7272727272727273,0.8090909090909091,0.9057315233785822
671,12,48,5,12,0.7792207792207793,0.7028301886792453,0.9056603773584906,0.5,0.8495575221238938,0.5,0.9056603773584906,0.5853658536585366,0.7174616878912152,0.7712264150943395
672,14,54,3,6,0.8831168831168831,0.8236842105263158,0.9473684210526315,0.7,0.9230769230769231,0.7,0.9473684210526315,0.7567567567567568,0.83991683991684,0.8701754385964913
673,12,54,4,7,0.8571428571428571,0.7813067150635209,0.9310344827586207,0.631578947368421,0.907563025210084,0.631578947368421,0.9310344827586207,0.6857142857142857,0.7966386554621849,0.8421052631578947
674,17,44,4,12,0.7922077922077922,0.7514367816091954,0.9166666666666666,0.5862068965517241,0.8461538461538461,0.5862068965517241,0.9166666666666666,0.68,0.7630769230769231,0.7988505747126435
675,8,54,1,14,0.8051948051948052,0.6727272727272727,0.9818181818181818,0.36363636363636365,0.8780487804878049,0.36363636363636365,0.9818181818181818,0.5161290322580645,0.6970889063729346,0.7611570247933884
676,12,51,4,10,0.8181818181818182,0.7363636363636363,0.9272727272727272,0.5454545454545454,0.8793103448275862,0.5454545454545454,0.9272727272727272,0.631578947368421,0.7554446460980035,0.8041322314049587
677,10,55,3,9,0.8441558441558441,0.7372958257713249,0.9482758620689655,0.5263157894736842,0.9016393442622951,0.5263157894736842,0.9482758620689655,0.625,0.7633196721311475,0.8239564428312159
678,18,49,2,8,0.8701298701298701,0.8265460030165912,0.9607843137254902,0.6923076923076923,0.9074074074074074,0.6923076923076923,0.9607843137254902,0.782608695652174,0.8450080515297906,0.8906485671191553
679,13,48,6,10,0.7922077922077922,0.7270531400966183,0.8888888888888888,0.5652173913043478,0.8571428571428571,0.5652173913043478,0.8888888888888888,0.6190476190476191,0.7380952380952381,0.8888888888888888
680,13,50,6,8,0.8181818181818182,0.7559523809523809,0.8928571428571429,0.6190476190476191,0.8771929824561403,0.6190476190476191,0.8928571428571429,0.65,0.7635964912280702,0.8078231292517006
681,12,58,0,7,0.9090909090909091,0.8157894736842105,1.0,0.631578947368421,0.943089430894309,0.631578947368421,1.0,0.7741935483870968,0.8586414896407029,0.852994555353902
682,6,60,3,8,0.8571428571428571,0.6904761904761905,0.9523809523809523,0.42857142857142855,0.916030534351145,0.42857142857142855,0.9523809523809523,0.5217391304347826,0.7188848323929637,0.8310657596371883
683,16,44,8,9,0.7792207792207793,0.7430769230769231,0.8461538461538461,0.64,0.8380952380952381,0.64,0.8461538461538461,0.6530612244897959,0.745578231292517,0.7707692307692308
684,16,49,5,7,0.8441558441558441,0.8015297906602254,0.9074074074074074,0.6956521739130435,0.8909090909090909,0.6956521739130435,0.9074074074074074,0.7272727272727273,0.8090909090909091,0.8824476650563607
685,8,55,3,11,0.8181818181818182,0.6846642468239564,0.9482758620689655,0.42105263157894735,0.8870967741935484,0.42105263157894735,0.9482758620689655,0.5333333333333333,0.7102150537634409,0.8711433756805806
686,15,52,3,7,0.8701298701298701,0.8136363636363636,0.9454545454545454,0.6818181818181818,0.9122807017543859,0.6818181818181818,0.9454545454545454,0.75,0.831140350877193,0.9024793388429753
687,17,47,2,11,0.8311688311688312,0.7831632653061225,0.9591836734693877,0.6071428571428571,0.8785046728971962,0.6071428571428571,0.9591836734693877,0.723404255319149,0.8009544641081726,0.8505830903790088
688,17,40,5,15,0.7402597402597403,0.7100694444444444,0.8888888888888888,0.53125,0.8,0.53125,0.8888888888888888,0.6296296296296297,0.7148148148148148,0.7284722222222223
689,11,51,7,8,0.8051948051948052,0.7291288566243195,0.8793103448275862,0.5789473684210527,0.8717948717948718,0.5789473684210527,0.8793103448275862,0.5945945945945946,0.7331947331947333,0.7849364791288566
690,11,51,4,11,0.8051948051948052,0.7136363636363636,0.9272727272727272,0.5,0.8717948717948718,0.5,0.9272727272727272,0.5945945945945946,0.7331947331947333,0.8446280991735537
691,14,52,6,5,0.8571428571428571,0.8166969147005445,0.896551724137931,0.7368421052631579,0.9043478260869565,0.7368421052631579,0.896551724137931,0.717948717948718,0.8111482720178372,0.8711433756805808
692,9,55,2,11,0.8311688311688312,0.7074561403508772,0.9649122807017544,0.45,0.8943089430894309,0.45,0.9649122807017544,0.5806451612903226,0.7374770521898768,0.7912280701754386
693,15,49,5,8,0.8311688311688312,0.7797906602254429,0.9074074074074074,0.6521739130434783,0.8828828828828829,0.6521739130434783,0.9074074074074074,0.6976744186046512,0.790278650743767,0.9138486312399356
694,14,50,3,10,0.8311688311688312,0.7633647798742138,0.9433962264150944,0.5833333333333334,0.8849557522123894,0.5833333333333334,0.9433962264150944,0.6829268292682927,0.7839412907403411,0.8443396226415094
695,13,49,6,9,0.8051948051948052,0.740909090909091,0.8909090909090909,0.5909090909090909,0.8672566371681416,0.5909090909090909,0.8909090909090909,0.6341463414634146,0.7507014893157782,0.8173553719008264
696,13,52,4,8,0.8441558441558441,0.7738095238095238,0.9285714285714286,0.6190476190476191,0.896551724137931,0.6190476190476191,0.9285714285714286,0.6842105263157895,0.7903811252268602,0.8248299319727891
697,15,49,4,9,0.8311688311688312,0.7747641509433962,0.9245283018867925,0.625,0.8828828828828829,0.625,0.9245283018867925,0.6976744186046512,0.790278650743767,0.8325471698113207
698,12,57,2,6,0.8961038961038961,0.8163841807909604,0.9661016949152542,0.6666666666666666,0.9344262295081968,0.6666666666666666,0.9661016949152542,0.75,0.8422131147540983,0.864406779661017
699,14,55,2,6,0.8961038961038961,0.8324561403508772,0.9649122807017544,0.7,0.9322033898305084,0.7,0.9649122807017544,0.7777777777777778,0.8549905838041432,0.893859649122807
700,9,56,1,11,0.8441558441558441,0.7162280701754385,0.9824561403508771,0.45,0.9032258064516129,0.45,0.9824561403508771,0.6,0.7516129032258064,0.8087719298245614
701,19,52,2,4,0.922077922077922,0.894524959742351,0.9629629629629629,0.8260869565217391,0.9454545454545454,0.8260869565217391,0.9629629629629629,0.8636363636363636,0.9045454545454545,0.9186795491143316
702,12,51,5,9,0.8181818181818182,0.7410714285714286,0.9107142857142857,0.5714285714285714,0.8793103448275862,0.5714285714285714,0.9107142857142857,0.631578947368421,0.7554446460980035,0.8027210884353743
703,13,50,5,9,0.8181818181818182,0.75,0.9090909090909091,0.5909090909090909,0.8771929824561403,0.5909090909090909,0.9090909090909091,0.65,0.7635964912280702,0.8652892561983471
704,12,52,5,8,0.8311688311688312,0.7561403508771929,0.9122807017543859,0.6,0.8888888888888888,0.6,0.9122807017543859,0.6486486486486487,0.7687687687687688,0.8535087719298246
705,10,55,3,9,0.8441558441558441,0.7372958257713249,0.9482758620689655,0.5263157894736842,0.9016393442622951,0.5263157894736842,0.9482758620689655,0.625,0.7633196721311475,0.8457350272232305
706,12,55,4,6,0.8701298701298701,0.7994350282485876,0.9322033898305084,0.6666666666666666,0.9166666666666666,0.6666666666666666,0.9322033898305084,0.7058823529411765,0.8112745098039216,0.8512241054613936
707,13,53,3,8,0.8571428571428571,0.7827380952380952,0.9464285714285714,0.6190476190476191,0.905982905982906,0.6190476190476191,0.9464285714285714,0.7027027027027027,0.8043428043428044,0.79421768707483
708,10,52,5,10,0.8051948051948052,0.706140350877193,0.9122807017543859,0.5,0.8739495798319328,0.5,0.9122807017543859,0.5714285714285714,0.7226890756302521,0.806140350877193
709,8,55,2,12,0.8181818181818182,0.6824561403508772,0.9649122807017544,0.4,0.8870967741935484,0.4,0.9649122807017544,0.5333333333333333,0.7102150537634409,0.6535087719298246
710,15,55,0,7,0.9090909090909091,0.8409090909090908,1.0,0.6818181818181818,0.9401709401709402,0.6818181818181818,1.0,0.8108108108108109,0.8754908754908755,0.8760330578512396
711,9,56,2,10,0.8441558441558441,0.7196007259528131,0.9655172413793104,0.47368421052631576,0.9032258064516129,0.47368421052631576,0.9655172413793104,0.6,0.7516129032258064,0.8148820326678766
712,12,54,5,6,0.8571428571428571,0.7909604519774012,0.9152542372881356,0.6666666666666666,0.907563025210084,0.6666666666666666,0.9152542372881356,0.6857142857142857,0.7966386554621849,0.8578154425612052
713,12,52,3,10,0.8311688311688312,0.7454545454545454,0.9454545454545454,0.5454545454545454,0.8888888888888888,0.5454545454545454,0.9454545454545454,0.6486486486486487,0.7687687687687688,0.8107438016528925
714,16,52,2,7,0.8831168831168831,0.8293075684380031,0.9629629629629629,0.6956521739130435,0.9203539823008849,0.6956521739130435,0.9629629629629629,0.7804878048780488,0.8504208935894668,0.8953301127214172
715,12,47,5,13,0.7662337662337663,0.6919230769230769,0.9038461538461539,0.48,0.8392857142857143,0.48,0.9038461538461539,0.5714285714285714,0.7053571428571428,0.7161538461538461
716,16,45,5,11,0.7922077922077922,0.7462962962962962,0.9,0.5925925925925926,0.8490566037735849,0.5925925925925926,0.9,0.6666666666666666,0.7578616352201257,0.8422222222222221
717,11,50,7,9,0.7922077922077922,0.7135964912280701,0.8771929824561403,0.55,0.8620689655172413,0.55,0.8771929824561403,0.5789473684210527,0.720508166969147,0.7842105263157896
718,13,56,2,6,0.8961038961038961,0.8248638838475499,0.9655172413793104,0.6842105263157895,0.9333333333333333,0.6842105263157895,0.9655172413793104,0.7647058823529411,0.8490196078431372,0.9029038112522686
719,7,54,7,9,0.7922077922077922,0.6613729508196722,0.8852459016393442,0.4375,0.8709677419354839,0.4375,0.8852459016393442,0.4666666666666667,0.6688172043010753,0.8278688524590164
720,12,55,2,8,0.8701298701298701,0.7824561403508772,0.9649122807017544,0.6,0.9166666666666666,0.6,0.9649122807017544,0.7058823529411765,0.8112745098039216,0.9052631578947368
721,20,46,5,6,0.8571428571428571,0.8355957767722474,0.9019607843137255,0.7692307692307693,0.8932038834951457,0.7692307692307693,0.9019607843137255,0.7843137254901961,0.8387588044926708,0.8506787330316743
722,12,57,2,6,0.8961038961038961,0.8163841807909604,0.9661016949152542,0.6666666666666666,0.9344262295081968,0.6666666666666666,0.9661016949152542,0.75,0.8422131147540983,0.844632768361582
723,15,57,1,4,0.935064935064935,0.8861161524500907,0.9827586206896551,0.7894736842105263,0.957983193277311,0.7894736842105263,0.9827586206896551,0.8571428571428571,0.907563025210084,0.9491833030852994
724,11,54,8,4,0.8441558441558441,0.8021505376344086,0.8709677419354839,0.7333333333333333,0.9,0.7333333333333333,0.8709677419354839,0.6470588235294118,0.7735294117647059,0.8849462365591397
725,22,43,5,7,0.8441558441558441,0.8272270114942528,0.8958333333333334,0.7586206896551724,0.8775510204081632,0.7586206896551724,0.8958333333333334,0.7857142857142857,0.8316326530612245,0.8857758620689654
726,11,53,4,9,0.8311688311688312,0.7399122807017544,0.9298245614035088,0.55,0.8907563025210085,0.55,0.9298245614035088,0.6285714285714286,0.7596638655462185,0.7964912280701754
727,10,57,4,6,0.8701298701298701,0.7797131147540983,0.9344262295081968,0.625,0.9193548387096774,0.625,0.9344262295081968,0.6666666666666666,0.793010752688172,0.8709016393442622
728,16,48,4,9,0.8311688311688312,0.7815384615384615,0.9230769230769231,0.64,0.8807339449541285,0.64,0.9230769230769231,0.7111111111111111,0.7959225280326199,0.8823076923076923
729,10,49,3,15,0.7662337662337663,0.6711538461538462,0.9423076923076923,0.4,0.8448275862068966,0.4,0.9423076923076923,0.5263157894736842,0.6855716878402904,0.7238461538461539
730,14,47,9,7,0.7922077922077922,0.7529761904761905,0.8392857142857143,0.6666666666666666,0.8545454545454545,0.6666666666666666,0.8392857142857143,0.6363636363636364,0.7454545454545454,0.760204081632653
731,8,53,7,9,0.7922077922077922,0.6769607843137255,0.8833333333333333,0.47058823529411764,0.8688524590163934,0.47058823529411764,0.8833333333333333,0.5,0.6844262295081966,0.8176470588235294
732,13,56,2,6,0.8961038961038961,0.8248638838475499,0.9655172413793104,0.6842105263157895,0.9333333333333333,0.6842105263157895,0.9655172413793104,0.7647058823529411,0.8490196078431372,0.9201451905626133
733,11,51,2,13,0.8051948051948052,0.7102987421383647,0.9622641509433962,0.4583333333333333,0.8717948717948718,0.4583333333333333,0.9622641509433962,0.5945945945945946,0.7331947331947333,0.7963836477987422
734,14,51,4,8,0.8441558441558441,0.7818181818181817,0.9272727272727272,0.6363636363636364,0.8947368421052632,0.6363636363636364,0.9272727272727272,0.7,0.7973684210526315,0.9057851239669421
735,11,53,5,8,0.8311688311688312,0.7463702359346642,0.9137931034482759,0.5789473684210527,0.8907563025210085,0.5789473684210527,0.9137931034482759,0.6285714285714286,0.7596638655462185,0.8021778584392014
736,4,59,4,10,0.8181818181818182,0.6111111111111112,0.9365079365079365,0.2857142857142857,0.8939393939393939,0.2857142857142857,0.9365079365079365,0.36363636363636365,0.6287878787878788,0.8151927437641723
737,12,53,6,6,0.8441558441558441,0.7824858757062148,0.8983050847457628,0.6666666666666666,0.8983050847457628,0.6666666666666666,0.8983050847457628,0.6666666666666666,0.7824858757062148,0.8342749529190207
738,10,56,5,6,0.8571428571428571,0.771516393442623,0.9180327868852459,0.625,0.9105691056910569,0.625,0.9180327868852459,0.6451612903225806,0.7778651980068187,0.8729508196721312
739,17,46,9,5,0.8181818181818182,0.8045454545454545,0.8363636363636363,0.7727272727272727,0.8679245283018868,0.7727272727272727,0.8363636363636363,0.7083333333333334,0.78812893081761,0.8214876033057852
740,12,54,5,6,0.8571428571428571,0.7909604519774012,0.9152542372881356,0.6666666666666666,0.907563025210084,0.6666666666666666,0.9152542372881356,0.6857142857142857,0.7966386554621849,0.7862523540489642
741,12,52,6,7,0.8311688311688312,0.764065335753176,0.896551724137931,0.631578947368421,0.8888888888888888,0.631578947368421,0.896551724137931,0.6486486486486487,0.7687687687687688,0.8774954627949183
742,12,60,4,1,0.935064935064935,0.9302884615384616,0.9375,0.9230769230769231,0.96,0.9230769230769231,0.9375,0.8275862068965517,0.8937931034482758,0.9567307692307692
743,14,55,3,5,0.8961038961038961,0.8425589836660616,0.9482758620689655,0.7368421052631579,0.9322033898305084,0.7368421052631579,0.9482758620689655,0.7777777777777778,0.8549905838041432,0.8847549909255898
744,6,60,3,8,0.8571428571428571,0.6904761904761905,0.9523809523809523,0.42857142857142855,0.916030534351145,0.42857142857142855,0.9523809523809523,0.5217391304347826,0.7188848323929637,0.7210884353741497
745,13,48,7,9,0.7922077922077922,0.7318181818181818,0.8727272727272727,0.5909090909090909,0.8571428571428571,0.5909090909090909,0.8727272727272727,0.6190476190476191,0.7380952380952381,0.8661157024793389
746,11,60,3,3,0.922077922077922,0.8690476190476191,0.9523809523809523,0.7857142857142857,0.9523809523809523,0.7857142857142857,0.9523809523809523,0.7857142857142857,0.8690476190476191,0.927437641723356
747,9,56,4,8,0.8441558441558441,0.7313725490196079,0.9333333333333333,0.5294117647058824,0.9032258064516129,0.5294117647058824,0.9333333333333333,0.6,0.7516129032258064,0.7215686274509803
748,15,47,4,11,0.8051948051948052,0.7492458521870287,0.9215686274509803,0.5769230769230769,0.8623853211009175,0.5769230769230769,0.9215686274509803,0.6666666666666666,0.764525993883792,0.801659125188537
749,14,54,4,5,0.8831168831168831,0.8339382940108893,0.9310344827586207,0.7368421052631579,0.9230769230769231,0.7368421052631579,0.9310344827586207,0.7567567567567568,0.83991683991684,0.866606170598911
750,13,54,6,4,0.8701298701298701,0.8323529411764705,0.9,0.7647058823529411,0.9152542372881356,0.7647058823529411,0.9,0.7222222222222222,0.8187382297551788,0.8519607843137255
751,7,61,2,7,0.8831168831168831,0.7341269841269842,0.9682539682539683,0.5,0.9312977099236641,0.5,0.9682539682539683,0.6086956521739131,0.7699966810487886,0.8854875283446713
752,12,54,5,6,0.8571428571428571,0.7909604519774012,0.9152542372881356,0.6666666666666666,0.907563025210084,0.6666666666666666,0.9152542372881356,0.6857142857142857,0.7966386554621849,0.908662900188324
753,10,56,2,9,0.8571428571428571,0.7459165154264973,0.9655172413793104,0.5263157894736842,0.9105691056910569,0.5263157894736842,0.9655172413793104,0.6451612903225806,0.7778651980068187,0.7876588021778584
754,16,53,5,3,0.8961038961038961,0.8779491833030852,0.9137931034482759,0.8421052631578947,0.9298245614035088,0.8421052631578947,0.9137931034482759,0.8,0.8649122807017544,0.9047186932849365
755,15,49,7,6,0.8311688311688312,0.7946428571428572,0.875,0.7142857142857143,0.8828828828828829,0.7142857142857143,0.875,0.6976744186046512,0.790278650743767,0.7780612244897959
756,12,53,3,9,0.8441558441558441,0.7589285714285714,0.9464285714285714,0.5714285714285714,0.8983050847457628,0.5714285714285714,0.9464285714285714,0.6666666666666666,0.7824858757062148,0.8052721088435374
757,16,48,4,9,0.8311688311688312,0.7815384615384615,0.9230769230769231,0.64,0.8807339449541285,0.64,0.9230769230769231,0.7111111111111111,0.7959225280326199,0.8115384615384615
758,11,56,2,8,0.8701298701298701,0.7722323049001816,0.9655172413793104,0.5789473684210527,0.9180327868852459,0.5789473684210527,0.9655172413793104,0.6875,0.802766393442623,0.8248638838475498
759,14,57,1,5,0.922077922077922,0.8598003629764065,0.9827586206896551,0.7368421052631579,0.95,0.7368421052631579,0.9827586206896551,0.8235294117647058,0.8867647058823529,0.9110707803992739
760,15,53,4,5,0.8831168831168831,0.8399122807017544,0.9298245614035088,0.75,0.9217391304347826,0.75,0.9298245614035088,0.7692307692307693,0.8454849498327759,0.8956140350877193
761,11,54,4,8,0.8441558441558441,0.7549909255898366,0.9310344827586207,0.5789473684210527,0.9,0.5789473684210527,0.9310344827586207,0.6470588235294118,0.7735294117647059,0.8793103448275862
762,17,49,1,10,0.8571428571428571,0.8048148148148149,0.98,0.6296296296296297,0.8990825688073395,0.6296296296296297,0.98,0.7555555555555555,0.8273190621814475,0.8200000000000001
763,13,51,6,7,0.8311688311688312,0.7723684210526316,0.8947368421052632,0.65,0.8869565217391304,0.65,0.8947368421052632,0.6666666666666666,0.7768115942028986,0.8517543859649123
764,13,50,4,10,0.8181818181818182,0.7455716586151369,0.9259259259259259,0.5652173913043478,0.8771929824561403,0.5652173913043478,0.9259259259259259,0.65,0.7635964912280702,0.7665056360708534
765,16,47,2,12,0.8181818181818182,0.7653061224489796,0.9591836734693877,0.5714285714285714,0.8703703703703703,0.5714285714285714,0.9591836734693877,0.6956521739130435,0.7830112721417068,0.8134110787172012
766,9,55,5,8,0.8311688311688312,0.7230392156862745,0.9166666666666666,0.5294117647058824,0.8943089430894309,0.5294117647058824,0.9166666666666666,0.5806451612903226,0.7374770521898768,0.7980392156862745
767,14,51,5,7,0.8441558441558441,0.7886904761904762,0.9107142857142857,0.6666666666666666,0.8947368421052632,0.6666666666666666,0.9107142857142857,0.7,0.7973684210526315,0.8197278911564625
768,15,52,3,7,0.8701298701298701,0.8136363636363636,0.9454545454545454,0.6818181818181818,0.9122807017543859,0.6818181818181818,0.9454545454545454,0.75,0.831140350877193,0.8950413223140496
769,10,55,7,5,0.8441558441558441,0.7768817204301075,0.8870967741935484,0.6666666666666666,0.9016393442622951,0.6666666666666666,0.8870967741935484,0.625,0.7633196721311475,0.7688172043010753
770,11,48,8,10,0.7662337662337663,0.6904761904761905,0.8571428571428571,0.5238095238095238,0.8421052631578947,0.5238095238095238,0.8571428571428571,0.55,0.6960526315789474,0.7721088435374149
771,15,51,4,7,0.8571428571428571,0.8045454545454545,0.9272727272727272,0.6818181818181818,0.9026548672566371,0.6818181818181818,0.9272727272727272,0.7317073170731707,0.8171810921649039,0.8867768595041323
772,12,55,3,7,0.8701298701298701,0.7899274047186933,0.9482758620689655,0.631578947368421,0.9166666666666666,0.631578947368421,0.9482758620689655,0.7058823529411765,0.8112745098039216,0.8793103448275862
773,11,57,2,7,0.8831168831168831,0.7886064030131827,0.9661016949152542,0.6111111111111112,0.926829268292683,0.6111111111111112,0.9661016949152542,0.7096774193548387,0.8182533438237609,0.8606403013182673
774,15,56,0,6,0.922077922077922,0.8571428571428572,1.0,0.7142857142857143,0.9491525423728814,0.7142857142857143,1.0,0.8333333333333334,0.8912429378531074,0.8971088435374149
775,14,50,5,8,0.8311688311688312,0.7727272727272727,0.9090909090909091,0.6363636363636364,0.8849557522123894,0.6363636363636364,0.9090909090909091,0.6829268292682927,0.7839412907403411,0.8429752066115702
776,14,53,5,5,0.8701298701298701,0.8253176043557169,0.9137931034482759,0.7368421052631579,0.9137931034482759,0.7368421052631579,0.9137931034482759,0.7368421052631579,0.8253176043557169,0.8430127041742287
777,19,48,2,8,0.8701298701298701,0.8318518518518518,0.96,0.7037037037037037,0.9056603773584906,0.7037037037037037,0.96,0.7916666666666666,0.8486635220125787,0.8696296296296295
778,12,52,6,7,0.8311688311688312,0.764065335753176,0.896551724137931,0.631578947368421,0.8888888888888888,0.631578947368421,0.896551724137931,0.6486486486486487,0.7687687687687688,0.8312159709618875
779,12,52,6,7,0.8311688311688312,0.764065335753176,0.896551724137931,0.631578947368421,0.8888888888888888,0.631578947368421,0.896551724137931,0.6486486486486487,0.7687687687687688,0.8103448275862069
780,10,56,4,7,0.8571428571428571,0.7607843137254902,0.9333333333333333,0.5882352941176471,0.9105691056910569,0.5882352941176471,0.9333333333333333,0.6451612903225806,0.7778651980068187,0.9058823529411765
781,17,55,2,3,0.935064935064935,0.9074561403508772,0.9649122807017544,0.85,0.9565217391304348,0.85,0.9649122807017544,0.8717948717948718,0.9141583054626533,0.8956140350877193
782,12,48,6,11,0.7792207792207793,0.7053140096618358,0.8888888888888888,0.5217391304347826,0.8495575221238938,0.5217391304347826,0.8888888888888888,0.5853658536585366,0.7174616878912152,0.7737520128824475
783,13,56,3,5,0.8961038961038961,0.8356873822975518,0.9491525423728814,0.7222222222222222,0.9333333333333333,0.7222222222222222,0.9491525423728814,0.7647058823529411,0.8490196078431372,0.9595103578154425
784,10,57,4,6,0.8701298701298701,0.7797131147540983,0.9344262295081968,0.625,0.9193548387096774,0.625,0.9344262295081968,0.6666666666666666,0.793010752688172,0.9077868852459016
785,15,45,5,12,0.7792207792207793,0.7277777777777779,0.9,0.5555555555555556,0.8411214953271028,0.5555555555555556,0.9,0.6382978723404256,0.7397096838337642,0.8155555555555556
786,12,56,2,7,0.8831168831168831,0.7985480943738656,0.9655172413793104,0.631578947368421,0.9256198347107438,0.631578947368421,0.9655172413793104,0.7272727272727273,0.8264462809917356,0.838475499092559
787,10,55,6,6,0.8441558441558441,0.7633196721311475,0.9016393442622951,0.625,0.9016393442622951,0.625,0.9016393442622951,0.625,0.7633196721311475,0.9036885245901639
788,12,49,5,11,0.7922077922077922,0.7145732689210951,0.9074074074074074,0.5217391304347826,0.8596491228070176,0.5217391304347826,0.9074074074074074,0.6,0.7298245614035088,0.855072463768116
789,17,46,5,9,0.8181818181818182,0.7779034690799397,0.9019607843137255,0.6538461538461539,0.8679245283018868,0.6538461538461539,0.9019607843137255,0.7083333333333334,0.78812893081761,0.7858220211161387
790,15,48,4,10,0.8181818181818182,0.7615384615384615,0.9230769230769231,0.6,0.8727272727272727,0.6,0.9230769230769231,0.6818181818181818,0.7772727272727272,0.8684615384615385
791,10,57,2,8,0.8701298701298701,0.7608286252354048,0.9661016949152542,0.5555555555555556,0.9193548387096774,0.5555555555555556,0.9661016949152542,0.6666666666666666,0.793010752688172,0.7777777777777778
792,12,59,1,5,0.922077922077922,0.8446078431372549,0.9833333333333333,0.7058823529411765,0.9516129032258065,0.7058823529411765,0.9833333333333333,0.8,0.8758064516129033,0.930392156862745
793,13,52,3,9,0.8441558441558441,0.7681818181818182,0.9454545454545454,0.5909090909090909,0.896551724137931,0.5909090909090909,0.9454545454545454,0.6842105263157895,0.7903811252268602,0.7909090909090909
794,14,52,1,10,0.8571428571428571,0.7822327044025157,0.9811320754716981,0.5833333333333334,0.9043478260869565,0.5833333333333334,0.9811320754716981,0.717948717948718,0.8111482720178372,0.8160377358490566
795,14,53,2,8,0.8701298701298701,0.8,0.9636363636363636,0.6363636363636364,0.9137931034482759,0.6363636363636364,0.9636363636363636,0.7368421052631579,0.8253176043557169,0.903305785123967
796,12,49,2,14,0.7922077922077922,0.7111613876319759,0.9607843137254902,0.46153846153846156,0.8596491228070176,0.46153846153846156,0.9607843137254902,0.6,0.7298245614035088,0.7669683257918553
797,16,53,2,6,0.8961038961038961,0.8454545454545455,0.9636363636363636,0.7272727272727273,0.9298245614035088,0.7272727272727273,0.9636363636363636,0.8,0.8649122807017544,0.8479338842975207
798,11,53,0,13,0.8311688311688312,0.7291666666666666,1.0,0.4583333333333333,0.8907563025210085,0.4583333333333333,1.0,0.6285714285714286,0.7596638655462185,0.8490566037735849
799,15,51,4,7,0.8571428571428571,0.8045454545454545,0.9272727272727272,0.6818181818181818,0.9026548672566371,0.6818181818181818,0.9272727272727272,0.7317073170731707,0.8171810921649039,0.8966942148760331
800,13,45,9,10,0.7532467532467533,0.6992753623188406,0.8333333333333334,0.5652173913043478,0.8256880733944955,0.5652173913043478,0.8333333333333334,0.5777777777777777,0.7017329255861366,0.7721417069243155
801,11,55,4,7,0.8571428571428571,0.7716572504708098,0.9322033898305084,0.6111111111111112,0.9090909090909091,0.6111111111111112,0.9322033898305084,0.6666666666666666,0.7878787878787878,0.85969868173258
802,11,56,5,5,0.8701298701298701,0.802766393442623,0.9180327868852459,0.6875,0.9180327868852459,0.6875,0.9180327868852459,0.6875,0.802766393442623,0.9067622950819672
803,10,58,2,7,0.8831168831168831,0.7774509803921569,0.9666666666666667,0.5882352941176471,0.928,0.5882352941176471,0.9666666666666667,0.6896551724137931,0.8088275862068965,0.8794117647058823
804,17,48,3,9,0.8441558441558441,0.7975113122171946,0.9411764705882353,0.6538461538461539,0.8888888888888888,0.6538461538461539,0.9411764705882353,0.7391304347826086,0.8140096618357487,0.8604826546003017
805,19,47,2,9,0.8571428571428571,0.8188775510204082,0.9591836734693877,0.6785714285714286,0.8952380952380953,0.6785714285714286,0.9591836734693877,0.7755102040816326,0.8353741496598639,0.8994169096209912
806,16,47,5,9,0.8181818181818182,0.7719230769230769,0.9038461538461539,0.64,0.8703703703703703,0.64,0.9038461538461539,0.6956521739130435,0.7830112721417068,0.8123076923076923
807,13,50,5,9,0.8181818181818182,0.75,0.9090909090909091,0.5909090909090909,0.8771929824561403,0.5909090909090909,0.9090909090909091,0.65,0.7635964912280702,0.8446280991735537
808,14,45,4,14,0.7662337662337663,0.7091836734693877,0.9183673469387755,0.5,0.8333333333333334,0.5,0.9183673469387755,0.6086956521739131,0.7210144927536233,0.827259475218659
809,10,56,7,4,0.8571428571428571,0.8015873015873016,0.8888888888888888,0.7142857142857143,0.9105691056910569,0.7142857142857143,0.8888888888888888,0.6451612903225806,0.7778651980068187,0.7619047619047618
810,14,52,4,7,0.8571428571428571,0.7976190476190477,0.9285714285714286,0.6666666666666666,0.9043478260869565,0.6666666666666666,0.9285714285714286,0.717948717948718,0.8111482720178372,0.8095238095238095
811,18,49,4,6,0.8701298701298701,0.8372641509433962,0.9245283018867925,0.75,0.9074074074074074,0.75,0.9245283018867925,0.782608695652174,0.8450080515297906,0.8356918238993711
812,13,55,0,9,0.8831168831168831,0.7954545454545454,1.0,0.5909090909090909,0.9243697478991597,0.5909090909090909,1.0,0.7428571428571429,0.8336134453781513,0.9173553719008265
813,19,47,4,7,0.8571428571428571,0.8261689291101055,0.9215686274509803,0.7307692307692307,0.8952380952380953,0.7307692307692307,0.9215686274509803,0.7755102040816326,0.8353741496598639,0.8936651583710408
814,8,58,4,7,0.8571428571428571,0.7344086021505376,0.9354838709677419,0.5333333333333333,0.9133858267716536,0.5333333333333333,0.9354838709677419,0.5925925925925926,0.7529892096821231,0.8795698924731182
815,13,49,4,11,0.8051948051948052,0.7330974842767295,0.9245283018867925,0.5416666666666666,0.8672566371681416,0.5416666666666666,0.9245283018867925,0.6341463414634146,0.7507014893157782,0.7625786163522013
816,11,52,6,8,0.8181818181818182,0.7377495462794919,0.896551724137931,0.5789473684210527,0.8813559322033898,0.5789473684210527,0.896551724137931,0.6111111111111112,0.7462335216572504,0.8121597096188748
817,12,50,6,9,0.8051948051948052,0.7321428571428572,0.8928571428571429,0.5714285714285714,0.8695652173913043,0.5714285714285714,0.8928571428571429,0.6153846153846154,0.7424749163879598,0.7508503401360546
818,15,49,2,11,0.8311688311688312,0.7688536953242835,0.9607843137254902,0.5769230769230769,0.8828828828828829,0.5769230769230769,0.9607843137254902,0.6976744186046512,0.790278650743767,0.8416289592760181
819,11,54,3,9,0.8441558441558441,0.7486842105263158,0.9473684210526315,0.55,0.9,0.55,0.9473684210526315,0.6470588235294118,0.7735294117647059,0.8184210526315789
820,8,56,5,8,0.8311688311688312,0.709016393442623,0.9180327868852459,0.5,0.896,0.5,0.9180327868852459,0.5517241379310345,0.7238620689655173,0.7602459016393444
821,11,55,3,8,0.8571428571428571,0.7636116152450091,0.9482758620689655,0.5789473684210527,0.9090909090909091,0.5789473684210527,0.9482758620689655,0.6666666666666666,0.7878787878787878,0.8747731397459165
822,11,52,5,9,0.8181818181818182,0.731140350877193,0.9122807017543859,0.55,0.8813559322033898,0.55,0.9122807017543859,0.6111111111111112,0.7462335216572504,0.8035087719298245
823,13,49,4,11,0.8051948051948052,0.7330974842767295,0.9245283018867925,0.5416666666666666,0.8672566371681416,0.5416666666666666,0.9245283018867925,0.6341463414634146,0.7507014893157782,0.8136792452830188
824,14,49,5,9,0.8181818181818182,0.7580515297906603,0.9074074074074074,0.6086956521739131,0.875,0.6086956521739131,0.9074074074074074,0.6666666666666666,0.7708333333333333,0.8542673107890498
825,9,58,5,5,0.8701298701298701,0.7817460317460317,0.9206349206349206,0.6428571428571429,0.9206349206349206,0.6428571428571429,0.9206349206349206,0.6428571428571429,0.7817460317460317,0.8310657596371881
826,8,55,4,10,0.8181818181818182,0.6883239171374764,0.9322033898305084,0.4444444444444444,0.8870967741935484,0.4444444444444444,0.9322033898305084,0.5333333333333333,0.7102150537634409,0.6760828625235404
827,12,51,7,7,0.8181818181818182,0.7554446460980035,0.8793103448275862,0.631578947368421,0.8793103448275862,0.631578947368421,0.8793103448275862,0.631578947368421,0.7554446460980035,0.808529945553539
828,9,58,5,5,0.8701298701298701,0.7817460317460317,0.9206349206349206,0.6428571428571429,0.9206349206349206,0.6428571428571429,0.9206349206349206,0.6428571428571429,0.7817460317460317,0.8696145124716552
829,14,52,3,8,0.8571428571428571,0.7909090909090909,0.9454545454545454,0.6363636363636364,0.9043478260869565,0.6363636363636364,0.9454545454545454,0.717948717948718,0.8111482720178372,0.856198347107438
830,11,52,4,10,0.8181818181818182,0.7261904761904763,0.9285714285714286,0.5238095238095238,0.8813559322033898,0.5238095238095238,0.9285714285714286,0.6111111111111112,0.7462335216572504,0.8418367346938775
831,17,53,2,5,0.9090909090909091,0.8681818181818182,0.9636363636363636,0.7727272727272727,0.9380530973451328,0.7727272727272727,0.9636363636363636,0.8292682926829268,0.8836606950140298,0.8669421487603306
832,15,49,6,7,0.8311688311688312,0.7863636363636364,0.8909090909090909,0.6818181818181818,0.8828828828828829,0.6818181818181818,0.8909090909090909,0.6976744186046512,0.790278650743767,0.8082644628099175
833,12,51,6,8,0.8181818181818182,0.7473684210526316,0.8947368421052632,0.6,0.8793103448275862,0.6,0.8947368421052632,0.631578947368421,0.7554446460980035,0.774561403508772
834,16,49,7,5,0.8441558441558441,0.8184523809523809,0.875,0.7619047619047619,0.8909090909090909,0.7619047619047619,0.875,0.7272727272727273,0.8090909090909091,0.8511904761904762
835,15,49,4,9,0.8311688311688312,0.7747641509433962,0.9245283018867925,0.625,0.8828828828828829,0.625,0.9245283018867925,0.6976744186046512,0.790278650743767,0.7389937106918238
836,14,54,3,6,0.8831168831168831,0.8236842105263158,0.9473684210526315,0.7,0.9230769230769231,0.7,0.9473684210526315,0.7567567567567568,0.83991683991684,0.8517543859649123
837,14,52,3,8,0.8571428571428571,0.7909090909090909,0.9454545454545454,0.6363636363636364,0.9043478260869565,0.6363636363636364,0.9454545454545454,0.717948717948718,0.8111482720178372,0.9041322314049588
838,14,48,5,10,0.8051948051948052,0.7444968553459119,0.9056603773584906,0.5833333333333334,0.8648648648648649,0.5833333333333334,0.9056603773584906,0.6511627906976745,0.7580138277812697,0.8309748427672956
839,13,52,6,6,0.8441558441558441,0.7903811252268602,0.896551724137931,0.6842105263157895,0.896551724137931,0.6842105263157895,0.896551724137931,0.6842105263157895,0.7903811252268602,0.8330308529945555
840,7,54,4,12,0.7922077922077922,0.6497277676950998,0.9310344827586207,0.3684210526315789,0.8709677419354839,0.3684210526315789,0.9310344827586207,0.4666666666666667,0.6688172043010753,0.6932849364791288
841,12,51,6,8,0.8181818181818182,0.7473684210526316,0.8947368421052632,0.6,0.8793103448275862,0.6,0.8947368421052632,0.631578947368421,0.7554446460980035,0.7736842105263158
842,12,47,5,13,0.7662337662337663,0.6919230769230769,0.9038461538461539,0.48,0.8392857142857143,0.48,0.9038461538461539,0.5714285714285714,0.7053571428571428,0.8415384615384616
843,11,53,6,7,0.8311688311688312,0.754708097928437,0.8983050847457628,0.6111111111111112,0.8907563025210085,0.6111111111111112,0.8983050847457628,0.6285714285714286,0.7596638655462185,0.8060263653483991
844,5,64,3,5,0.8961038961038961,0.7276119402985075,0.9552238805970149,0.5,0.9411764705882353,0.5,0.9552238805970149,0.5555555555555556,0.7483660130718954,0.9074626865671641
845,14,50,5,8,0.8311688311688312,0.7727272727272727,0.9090909090909091,0.6363636363636364,0.8849557522123894,0.6363636363636364,0.9090909090909091,0.6829268292682927,0.7839412907403411,0.8909090909090909
846,14,52,6,5,0.8571428571428571,0.8166969147005445,0.896551724137931,0.7368421052631579,0.9043478260869565,0.7368421052631579,0.896551724137931,0.717948717948718,0.8111482720178372,0.9010889292196007
847,14,47,6,10,0.7922077922077922,0.7350628930817611,0.8867924528301887,0.5833333333333334,0.8545454545454545,0.5833333333333334,0.8867924528301887,0.6363636363636364,0.7454545454545454,0.8459119496855345
848,11,55,2,9,0.8571428571428571,0.7574561403508773,0.9649122807017544,0.55,0.9090909090909091,0.55,0.9649122807017544,0.6666666666666666,0.7878787878787878,0.8087719298245615
849,12,61,4,0,0.948051948051948,0.9692307692307692,0.9384615384615385,1.0,0.9682539682539683,1.0,0.9384615384615385,0.8571428571428571,0.9126984126984127,0.9833333333333333
850,12,55,4,6,0.8701298701298701,0.7994350282485876,0.9322033898305084,0.6666666666666666,0.9166666666666666,0.6666666666666666,0.9322033898305084,0.7058823529411765,0.8112745098039216,0.8634651600753295
851,8,56,3,10,0.8311688311688312,0.6967984934086628,0.9491525423728814,0.4444444444444444,0.896,0.4444444444444444,0.9491525423728814,0.5517241379310345,0.7238620689655173,0.707156308851224
852,19,48,4,6,0.8701298701298701,0.8415384615384616,0.9230769230769231,0.76,0.9056603773584906,0.76,0.9230769230769231,0.7916666666666666,0.8486635220125787,0.8492307692307692
853,17,50,3,7,0.8701298701298701,0.8258647798742138,0.9433962264150944,0.7083333333333334,0.9090909090909091,0.7083333333333334,0.9433962264150944,0.7727272727272727,0.8409090909090908,0.854559748427673
854,12,55,2,8,0.8701298701298701,0.7824561403508772,0.9649122807017544,0.6,0.9166666666666666,0.6,0.9649122807017544,0.7058823529411765,0.8112745098039216,0.7745614035087719
855,15,55,1,6,0.9090909090909091,0.8482142857142857,0.9821428571428571,0.7142857142857143,0.9401709401709402,0.7142857142857143,0.9821428571428571,0.8108108108108109,0.8754908754908755,0.9362244897959183
856,16,54,2,5,0.9090909090909091,0.8630952380952381,0.9642857142857143,0.7619047619047619,0.9391304347826087,0.7619047619047619,0.9642857142857143,0.8205128205128205,0.8798216276477147,0.895408163265306
857,8,61,2,6,0.8961038961038961,0.7698412698412698,0.9682539682539683,0.5714285714285714,0.9384615384615385,0.5714285714285714,0.9682539682539683,0.6666666666666666,0.8025641025641026,0.8004535147392291
858,12,58,3,4,0.9090909090909091,0.8504098360655737,0.9508196721311475,0.75,0.943089430894309,0.75,0.9508196721311475,0.7741935483870968,0.8586414896407029,0.8586065573770492
859,11,52,4,10,0.8181818181818182,0.7261904761904763,0.9285714285714286,0.5238095238095238,0.8813559322033898,0.5238095238095238,0.9285714285714286,0.6111111111111112,0.7462335216572504,0.8324829931972789
860,14,51,3,9,0.8441558441558441,0.7765700483091788,0.9444444444444444,0.6086956521739131,0.8947368421052632,0.6086956521739131,0.9444444444444444,0.7,0.7973684210526315,0.8132045088566827
861,16,52,1,8,0.8831168831168831,0.8238993710691824,0.9811320754716981,0.6666666666666666,0.9203539823008849,0.6666666666666666,0.9811320754716981,0.7804878048780488,0.8504208935894668,0.8710691823899371
862,6,63,2,6,0.8961038961038961,0.7346153846153847,0.9692307692307692,0.5,0.9402985074626866,0.5,0.9692307692307692,0.6,0.7701492537313432,0.8179487179487179
863,13,53,5,6,0.8571428571428571,0.7990018148820327,0.9137931034482759,0.6842105263157895,0.905982905982906,0.6842105263157895,0.9137931034482759,0.7027027027027027,0.8043428043428044,0.9092558983666061
864,19,45,3,10,0.8311688311688312,0.7963362068965517,0.9375,0.6551724137931034,0.8737864077669902,0.6551724137931034,0.9375,0.7450980392156863,0.8094422234913383,0.8663793103448275
865,7,60,1,9,0.8701298701298701,0.7105532786885246,0.9836065573770492,0.4375,0.9230769230769231,0.4375,0.9836065573770492,0.5833333333333334,0.7532051282051282,0.6956967213114754
866,13,49,6,9,0.8051948051948052,0.740909090909091,0.8909090909090909,0.5909090909090909,0.8672566371681416,0.5909090909090909,0.8909090909090909,0.6341463414634146,0.7507014893157782,0.8165289256198347
867,13,46,7,11,0.7662337662337663,0.7047955974842768,0.8679245283018868,0.5416666666666666,0.8363636363636363,0.5416666666666666,0.8679245283018868,0.5909090909090909,0.7136363636363636,0.7798742138364779
868,12,57,4,4,0.8961038961038961,0.8422131147540983,0.9344262295081968,0.75,0.9344262295081968,0.75,0.9344262295081968,0.75,0.8422131147540983,0.9303278688524591
869,13,57,1,6,0.9090909090909091,0.8334845735027223,0.9827586206896551,0.6842105263157895,0.9421487603305785,0.6842105263157895,0.9827586206896551,0.7878787878787878,0.8650137741046832,0.868421052631579
870,18,53,0,6,0.922077922077922,0.875,1.0,0.75,0.9464285714285714,0.75,1.0,0.8571428571428571,0.9017857142857142,0.9190251572327044
871,11,50,6,10,0.7922077922077922,0.7083333333333334,0.8928571428571429,0.5238095238095238,0.8620689655172413,0.5238095238095238,0.8928571428571429,0.5789473684210527,0.720508166969147,0.7738095238095237
872,10,51,4,12,0.7922077922077922,0.6909090909090909,0.9272727272727272,0.45454545454545453,0.864406779661017,0.45454545454545453,0.9272727272727272,0.5555555555555556,0.7099811676082863,0.7553719008264462
873,16,52,3,6,0.8831168831168831,0.8363636363636364,0.9454545454545454,0.7272727272727273,0.9203539823008849,0.7272727272727273,0.9454545454545454,0.7804878048780488,0.8504208935894668,0.9231404958677686
874,15,52,3,7,0.8701298701298701,0.8136363636363636,0.9454545454545454,0.6818181818181818,0.9122807017543859,0.6818181818181818,0.9454545454545454,0.75,0.831140350877193,0.8371900826446281
875,13,53,3,8,0.8571428571428571,0.7827380952380952,0.9464285714285714,0.6190476190476191,0.905982905982906,0.6190476190476191,0.9464285714285714,0.7027027027027027,0.8043428043428044,0.8460884353741497
876,11,53,6,7,0.8311688311688312,0.754708097928437,0.8983050847457628,0.6111111111111112,0.8907563025210085,0.6111111111111112,0.8983050847457628,0.6285714285714286,0.7596638655462185,0.8295668549905838
877,9,55,6,7,0.8311688311688312,0.7320696721311475,0.9016393442622951,0.5625,0.8943089430894309,0.5625,0.9016393442622951,0.5806451612903226,0.7374770521898768,0.7090163934426229
878,17,51,3,6,0.8831168831168831,0.8417874396135265,0.9444444444444444,0.7391304347826086,0.918918918918919,0.7391304347826086,0.9444444444444444,0.7906976744186046,0.8548082966687618,0.8405797101449275
879,9,59,3,6,0.8831168831168831,0.7758064516129033,0.9516129032258065,0.6,0.9291338582677166,0.6,0.9516129032258065,0.6666666666666666,0.7979002624671916,0.8774193548387096
880,14,54,3,6,0.8831168831168831,0.8236842105263158,0.9473684210526315,0.7,0.9230769230769231,0.7,0.9473684210526315,0.7567567567567568,0.83991683991684,0.8842105263157894
881,17,52,3,5,0.8961038961038961,0.8590909090909091,0.9454545454545454,0.7727272727272727,0.9285714285714286,0.7727272727272727,0.9454545454545454,0.8095238095238095,0.8690476190476191,0.9264462809917355
882,20,49,1,7,0.8961038961038961,0.8603703703703703,0.98,0.7407407407407407,0.9245283018867925,0.7407407407407407,0.98,0.8333333333333334,0.878930817610063,0.977037037037037
883,16,49,4,8,0.8441558441558441,0.7955974842767295,0.9245283018867925,0.6666666666666666,0.8909090909090909,0.6666666666666666,0.9245283018867925,0.7272727272727273,0.8090909090909091,0.8018867924528301
884,11,58,3,5,0.8961038961038961,0.8191598360655737,0.9508196721311475,0.6875,0.9354838709677419,0.6875,0.9508196721311475,0.7333333333333333,0.8344086021505376,0.8872950819672132
885,14,54,3,6,0.8831168831168831,0.8236842105263158,0.9473684210526315,0.7,0.9230769230769231,0.7,0.9473684210526315,0.7567567567567568,0.83991683991684,0.8587719298245613
886,11,52,5,9,0.8181818181818182,0.731140350877193,0.9122807017543859,0.55,0.8813559322033898,0.55,0.9122807017543859,0.6111111111111112,0.7462335216572504,0.7850877192982455
887,15,50,5,7,0.8441558441558441,0.7954545454545454,0.9090909090909091,0.6818181818181818,0.8928571428571429,0.6818181818181818,0.9090909090909091,0.7142857142857143,0.8035714285714286,0.7975206611570247
888,18,49,3,7,0.8701298701298701,0.8311538461538461,0.9423076923076923,0.72,0.9074074074074074,0.72,0.9423076923076923,0.782608695652174,0.8450080515297906,0.883076923076923
889,9,54,4,10,0.8181818181818182,0.7023593466424682,0.9310344827586207,0.47368421052631576,0.8852459016393442,0.47368421052631576,0.9310344827586207,0.5625,0.7238729508196722,0.8203266787658803
890,14,57,4,2,0.922077922077922,0.9047131147540983,0.9344262295081968,0.875,0.95,0.875,0.9344262295081968,0.8235294117647058,0.8867647058823529,0.9293032786885246
891,13,54,3,7,0.8701298701298701,0.7986842105263158,0.9473684210526315,0.65,0.9152542372881356,0.65,0.9473684210526315,0.7222222222222222,0.8187382297551788,0.8166666666666665
892,10,53,2,12,0.8181818181818182,0.7090909090909091,0.9636363636363636,0.45454545454545453,0.8833333333333333,0.45454545454545453,0.9636363636363636,0.5882352941176471,0.7357843137254902,0.7586776859504133
893,17,54,2,4,0.922077922077922,0.8869047619047619,0.9642857142857143,0.8095238095238095,0.9473684210526315,0.8095238095238095,0.9642857142857143,0.85,0.8986842105263158,0.9506802721088435
894,11,57,1,8,0.8831168831168831,0.780852994555354,0.9827586206896551,0.5789473684210527,0.926829268292683,0.5789473684210527,0.9827586206896551,0.7096774193548387,0.8182533438237609,0.808529945553539
895,12,53,6,6,0.8441558441558441,0.7824858757062148,0.8983050847457628,0.6666666666666666,0.8983050847457628,0.6666666666666666,0.8983050847457628,0.6666666666666666,0.7824858757062148,0.8549905838041432
896,17,46,7,7,0.8181818181818182,0.78812893081761,0.8679245283018868,0.7083333333333334,0.8679245283018868,0.7083333333333334,0.8679245283018868,0.7083333333333334,0.78812893081761,0.8459119496855345
897,16,51,2,8,0.8701298701298701,0.8144654088050314,0.9622641509433962,0.6666666666666666,0.9107142857142857,0.6666666666666666,0.9622641509433962,0.7619047619047619,0.8363095238095237,0.8561320754716981
898,12,48,6,11,0.7792207792207793,0.7053140096618358,0.8888888888888888,0.5217391304347826,0.8495575221238938,0.5217391304347826,0.8888888888888888,0.5853658536585366,0.7174616878912152,0.8003220611916265
899,18,54,2,3,0.935064935064935,0.9107142857142857,0.9642857142857143,0.8571428571428571,0.9557522123893806,0.8571428571428571,0.9642857142857143,0.8780487804878049,0.9169004964385927,0.9668367346938775
900,15,54,4,4,0.8961038961038961,0.8602540834845736,0.9310344827586207,0.7894736842105263,0.9310344827586207,0.7894736842105263,0.9310344827586207,0.7894736842105263,0.8602540834845736,0.9482758620689655
901,10,51,5,11,0.7922077922077922,0.6934523809523809,0.9107142857142857,0.47619047619047616,0.864406779661017,0.47619047619047616,0.9107142857142857,0.5555555555555556,0.7099811676082863,0.7644557823129252
902,12,46,6,13,0.7532467532467533,0.6823076923076923,0.8846153846153846,0.48,0.8288288288288288,0.48,0.8846153846153846,0.5581395348837209,0.6934841818562749,0.6838461538461539
903,5,59,6,7,0.8311688311688312,0.6621794871794872,0.9076923076923077,0.4166666666666667,0.9007633587786259,0.4166666666666667,0.9076923076923077,0.43478260869565216,0.667772983737139,0.6807692307692308
904,11,54,3,9,0.8441558441558441,0.7486842105263158,0.9473684210526315,0.55,0.9,0.55,0.9473684210526315,0.6470588235294118,0.7735294117647059,0.8894736842105263
905,7,57,2,11,0.8311688311688312,0.6774952919020716,0.9661016949152542,0.3888888888888889,0.8976377952755905,0.3888888888888889,0.9661016949152542,0.5185185185185185,0.7080781568970544,0.7740112994350281
906,16,47,6,8,0.8181818181818182,0.7767295597484276,0.8867924528301887,0.6666666666666666,0.8703703703703703,0.6666666666666666,0.8867924528301887,0.6956521739130435,0.7830112721417068,0.8380503144654088
907,11,56,3,7,0.8701298701298701,0.7801318267419963,0.9491525423728814,0.6111111111111112,0.9180327868852459,0.6111111111111112,0.9491525423728814,0.6875,0.802766393442623,0.8512241054613936
908,15,51,3,8,0.8571428571428571,0.7983091787439613,0.9444444444444444,0.6521739130434783,0.9026548672566371,0.6521739130434783,0.9444444444444444,0.7317073170731707,0.8171810921649039,0.8421900161030595
909,5,60,5,7,0.8441558441558441,0.6698717948717949,0.9230769230769231,0.4166666666666667,0.9090909090909091,0.4166666666666667,0.9230769230769231,0.45454545454545453,0.6818181818181818,0.7346153846153847
910,18,49,5,5,0.8701298701298701,0.8450080515297906,0.9074074074074074,0.782608695652174,0.9074074074074074,0.782608695652174,0.9074074074074074,0.782608695652174,0.8450080515297906,0.8510466988727857
911,11,53,1,12,0.8311688311688312,0.7298711755233495,0.9814814814814815,0.4782608695652174,0.8907563025210085,0.4782608695652174,0.9814814814814815,0.6285714285714286,0.7596638655462185,0.745571658615137
912,9,57,3,8,0.8571428571428571,0.7397058823529412,0.95,0.5294117647058824,0.912,0.5294117647058824,0.95,0.6206896551724138,0.7663448275862069,0.8588235294117648
913,12,58,3,4,0.9090909090909091,0.8504098360655737,0.9508196721311475,0.75,0.943089430894309,0.75,0.9508196721311475,0.7741935483870968,0.8586414896407029,0.8862704918032787
914,8,48,5,16,0.7272727272727273,0.6194968553459119,0.9056603773584906,0.3333333333333333,0.8205128205128205,0.3333333333333333,0.9056603773584906,0.43243243243243246,0.6264726264726265,0.6863207547169812
915,13,54,5,5,0.8701298701298701,0.8187382297551788,0.9152542372881356,0.7222222222222222,0.9152542372881356,0.7222222222222222,0.9152542372881356,0.7222222222222222,0.8187382297551788,0.8738229755178908
916,12,50,4,11,0.8051948051948052,0.7238325281803543,0.9259259259259259,0.5217391304347826,0.8695652173913043,0.5217391304347826,0.9259259259259259,0.6153846153846154,0.7424749163879598,0.7713365539452496
917,15,49,3,10,0.8311688311688312,0.7711538461538461,0.9423076923076923,0.6,0.8828828828828829,0.6,0.9423076923076923,0.6976744186046512,0.790278650743767,0.8123076923076924
918,11,51,3,12,0.8051948051948052,0.711352657004831,0.9444444444444444,0.4782608695652174,0.8717948717948718,0.4782608695652174,0.9444444444444444,0.5945945945945946,0.7331947331947333,0.8083735909822866
919,17,44,5,11,0.7922077922077922,0.7525510204081632,0.8979591836734694,0.6071428571428571,0.8461538461538461,0.6071428571428571,0.8979591836734694,0.68,0.7630769230769231,0.762390670553936
920,17,49,0,11,0.8571428571428571,0.8035714285714286,1.0,0.6071428571428571,0.8990825688073395,0.6071428571428571,1.0,0.7555555555555555,0.8273190621814475,0.8447521865889213
921,9,55,6,7,0.8311688311688312,0.7320696721311475,0.9016393442622951,0.5625,0.8943089430894309,0.5625,0.9016393442622951,0.5806451612903226,0.7374770521898768,0.8176229508196722
922,15,51,2,9,0.8571428571428571,0.7936320754716981,0.9622641509433962,0.625,0.9026548672566371,0.625,0.9622641509433962,0.7317073170731707,0.8171810921649039,0.7900943396226415
923,18,53,1,5,0.922077922077922,0.8820450885668277,0.9814814814814815,0.782608695652174,0.9464285714285714,0.782608695652174,0.9814814814814815,0.8571428571428571,0.9017857142857142,0.9460547504025765
924,5,59,4,9,0.8311688311688312,0.6468253968253969,0.9365079365079365,0.35714285714285715,0.9007633587786259,0.35714285714285715,0.9365079365079365,0.43478260869565216,0.667772983737139,0.7709750566893423
925,13,56,4,4,0.8961038961038961,0.8490196078431372,0.9333333333333333,0.7647058823529411,0.9333333333333333,0.7647058823529411,0.9333333333333333,0.7647058823529411,0.8490196078431372,0.9333333333333335
926,22,46,3,6,0.8831168831168831,0.8622448979591837,0.9387755102040817,0.7857142857142857,0.9108910891089109,0.7857142857142857,0.9387755102040817,0.8301886792452831,0.870539884177097,0.9147230320699709
927,19,49,1,8,0.8831168831168831,0.8418518518518519,0.98,0.7037037037037037,0.9158878504672897,0.7037037037037037,0.98,0.8085106382978723,0.862199244382581,0.9585185185185185
928,10,52,3,12,0.8051948051948052,0.7,0.9454545454545454,0.45454545454545453,0.8739495798319328,0.45454545454545453,0.9454545454545454,0.5714285714285714,0.7226890756302521,0.7305785123966942
929,13,55,3,6,0.8831168831168831,0.8162431941923776,0.9482758620689655,0.6842105263157895,0.9243697478991597,0.6842105263157895,0.9482758620689655,0.7428571428571429,0.8336134453781513,0.8638838475499092
930,23,45,3,6,0.8831168831168831,0.865301724137931,0.9375,0.7931034482758621,0.9090909090909091,0.7931034482758621,0.9375,0.8363636363636363,0.8727272727272727,0.9130747126436781
931,11,51,4,11,0.8051948051948052,0.7136363636363636,0.9272727272727272,0.5,0.8717948717948718,0.5,0.9272727272727272,0.5945945945945946,0.7331947331947333,0.6966942148760331
932,11,50,6,10,0.7922077922077922,0.7083333333333334,0.8928571428571429,0.5238095238095238,0.8620689655172413,0.5238095238095238,0.8928571428571429,0.5789473684210527,0.720508166969147,0.8690476190476191
933,16,52,1,8,0.8831168831168831,0.8238993710691824,0.9811320754716981,0.6666666666666666,0.9203539823008849,0.6666666666666666,0.9811320754716981,0.7804878048780488,0.8504208935894668,0.8922955974842767
934,17,46,4,10,0.8181818181818182,0.7748148148148148,0.92,0.6296296296296297,0.8679245283018868,0.6296296296296297,0.92,0.7083333333333334,0.78812893081761,0.8325925925925926
935,15,51,5,6,0.8571428571428571,0.8125,0.9107142857142857,0.7142857142857143,0.9026548672566371,0.7142857142857143,0.9107142857142857,0.7317073170731707,0.8171810921649039,0.903061224489796
936,14,53,5,5,0.8701298701298701,0.8253176043557169,0.9137931034482759,0.7368421052631579,0.9137931034482759,0.7368421052631579,0.9137931034482759,0.7368421052631579,0.8253176043557169,0.8257713248638837
937,12,57,2,6,0.8961038961038961,0.8163841807909604,0.9661016949152542,0.6666666666666666,0.9344262295081968,0.6666666666666666,0.9661016949152542,0.75,0.8422131147540983,0.8851224105461394
938,14,47,6,10,0.7922077922077922,0.7350628930817611,0.8867924528301887,0.5833333333333334,0.8545454545454545,0.5833333333333334,0.8867924528301887,0.6363636363636364,0.7454545454545454,0.8443396226415094
939,7,55,6,9,0.8051948051948052,0.6695696721311475,0.9016393442622951,0.4375,0.88,0.4375,0.9016393442622951,0.4827586206896552,0.6813793103448276,0.7920081967213115
940,11,51,4,11,0.8051948051948052,0.7136363636363636,0.9272727272727272,0.5,0.8717948717948718,0.5,0.9272727272727272,0.5945945945945946,0.7331947331947333,0.8462809917355374
941,13,53,3,8,0.8571428571428571,0.7827380952380952,0.9464285714285714,0.6190476190476191,0.905982905982906,0.6190476190476191,0.9464285714285714,0.7027027027027027,0.8043428043428044,0.826530612244898
942,12,54,6,5,0.8571428571428571,0.8029411764705883,0.9,0.7058823529411765,0.907563025210084,0.7058823529411765,0.9,0.6857142857142857,0.7966386554621849,0.8127450980392156
943,18,50,2,7,0.8831168831168831,0.8407692307692307,0.9615384615384616,0.72,0.9174311926605505,0.72,0.9615384615384616,0.8,0.8587155963302753,0.8653846153846154
944,10,54,6,7,0.8311688311688312,0.7441176470588236,0.9,0.5882352941176471,0.8925619834710744,0.5882352941176471,0.9,0.6060606060606061,0.7493112947658402,0.7774509803921569
945,12,58,3,4,0.9090909090909091,0.8504098360655737,0.9508196721311475,0.75,0.943089430894309,0.75,0.9508196721311475,0.7741935483870968,0.8586414896407029,0.8463114754098361
946,10,59,4,4,0.8961038961038961,0.8253968253968254,0.9365079365079365,0.7142857142857143,0.9365079365079365,0.7142857142857143,0.9365079365079365,0.7142857142857143,0.8253968253968254,0.8401360544217688
947,11,55,1,10,0.8571428571428571,0.7529761904761905,0.9821428571428571,0.5238095238095238,0.9090909090909091,0.5238095238095238,0.9821428571428571,0.6666666666666666,0.7878787878787878,0.8494897959183673
948,12,51,5,9,0.8181818181818182,0.7410714285714286,0.9107142857142857,0.5714285714285714,0.8793103448275862,0.5714285714285714,0.9107142857142857,0.631578947368421,0.7554446460980035,0.8231292517006803
949,9,55,6,7,0.8311688311688312,0.7320696721311475,0.9016393442622951,0.5625,0.8943089430894309,0.5625,0.9016393442622951,0.5806451612903226,0.7374770521898768,0.8524590163934427
950,9,53,6,9,0.8051948051948052,0.6991525423728814,0.8983050847457628,0.5,0.8760330578512396,0.5,0.8983050847457628,0.5454545454545454,0.7107438016528925,0.7269303201506592
951,14,49,5,9,0.8181818181818182,0.7580515297906603,0.9074074074074074,0.6086956521739131,0.875,0.6086956521739131,0.9074074074074074,0.6666666666666666,0.7708333333333333,0.8196457326892108
952,10,57,7,3,0.8701298701298701,0.8299278846153846,0.890625,0.7692307692307693,0.9193548387096774,0.7692307692307693,0.890625,0.6666666666666666,0.793010752688172,0.8293269230769231
953,8,55,2,12,0.8181818181818182,0.6824561403508772,0.9649122807017544,0.4,0.8870967741935484,0.4,0.9649122807017544,0.5333333333333333,0.7102150537634409,0.7464912280701754
954,10,55,3,9,0.8441558441558441,0.7372958257713249,0.9482758620689655,0.5263157894736842,0.9016393442622951,0.5263157894736842,0.9482758620689655,0.625,0.7633196721311475,0.8756805807622504
955,11,56,4,6,0.8701298701298701,0.7901960784313726,0.9333333333333333,0.6470588235294118,0.9180327868852459,0.6470588235294118,0.9333333333333333,0.6875,0.802766393442623,0.9088235294117647
956,11,52,8,6,0.8181818181818182,0.7568627450980392,0.8666666666666667,0.6470588235294118,0.8813559322033898,0.6470588235294118,0.8666666666666667,0.6111111111111112,0.7462335216572504,0.8127450980392157
957,18,44,6,9,0.8051948051948052,0.7733333333333333,0.88,0.6666666666666666,0.8543689320388349,0.6666666666666666,0.88,0.7058823529411765,0.7801256424900057,0.8799999999999999
958,12,57,1,7,0.8961038961038961,0.807168784029038,0.9827586206896551,0.631578947368421,0.9344262295081968,0.631578947368421,0.9827586206896551,0.75,0.8422131147540983,0.8847549909255898
959,13,52,5,7,0.8441558441558441,0.781140350877193,0.9122807017543859,0.65,0.896551724137931,0.65,0.9122807017543859,0.6842105263157895,0.7903811252268602,0.8114035087719298
960,15,54,6,2,0.8961038961038961,0.8911764705882352,0.9,0.8823529411764706,0.9310344827586207,0.8823529411764706,0.9,0.7894736842105263,0.8602540834845736,0.9068627450980392
961,13,55,5,4,0.8831168831168831,0.8406862745098038,0.9166666666666666,0.7647058823529411,0.9243697478991597,0.7647058823529411,0.9166666666666666,0.7428571428571429,0.8336134453781513,0.9284313725490196
962,13,54,3,7,0.8701298701298701,0.7986842105263158,0.9473684210526315,0.65,0.9152542372881356,0.65,0.9473684210526315,0.7222222222222222,0.8187382297551788,0.8464912280701754
963,12,53,4,8,0.8441558441558441,0.7649122807017543,0.9298245614035088,0.6,0.8983050847457628,0.6,0.9298245614035088,0.6666666666666666,0.7824858757062148,0.8342105263157895
964,14,47,5,11,0.7922077922077922,0.7319230769230769,0.9038461538461539,0.56,0.8545454545454545,0.56,0.9038461538461539,0.6363636363636364,0.7454545454545454,0.7353846153846153
965,14,50,2,11,0.8311688311688312,0.7607692307692309,0.9615384615384616,0.56,0.8849557522123894,0.56,0.9615384615384616,0.6829268292682927,0.7839412907403411,0.8169230769230769
966,11,47,7,12,0.7532467532467533,0.6743156199677939,0.8703703703703703,0.4782608695652174,0.831858407079646,0.4782608695652174,0.8703703703703703,0.5365853658536586,0.6842218864666523,0.7351046698872786
967,14,53,5,5,0.8701298701298701,0.8253176043557169,0.9137931034482759,0.7368421052631579,0.9137931034482759,0.7368421052631579,0.9137931034482759,0.7368421052631579,0.8253176043557169,0.9355716878402904
968,12,57,1,7,0.8961038961038961,0.807168784029038,0.9827586206896551,0.631578947368421,0.9344262295081968,0.631578947368421,0.9827586206896551,0.75,0.8422131147540983,0.883847549909256
969,4,60,3,10,0.8311688311688312,0.6190476190476191,0.9523809523809523,0.2857142857142857,0.9022556390977443,0.2857142857142857,0.9523809523809523,0.38095238095238093,0.6416040100250626,0.8197278911564626
970,14,53,3,7,0.8701298701298701,0.8065476190476191,0.9464285714285714,0.6666666666666666,0.9137931034482759,0.6666666666666666,0.9464285714285714,0.7368421052631579,0.8253176043557169,0.8911564625850339
971,14,51,5,7,0.8441558441558441,0.7886904761904762,0.9107142857142857,0.6666666666666666,0.8947368421052632,0.6666666666666666,0.9107142857142857,0.7,0.7973684210526315,0.7797619047619048
972,13,45,5,14,0.7532467532467533,0.6907407407407408,0.9,0.48148148148148145,0.8256880733944955,0.48148148148148145,0.9,0.5777777777777777,0.7017329255861366,0.797037037037037
973,13,55,2,7,0.8831168831168831,0.8074561403508772,0.9649122807017544,0.65,0.9243697478991597,0.65,0.9649122807017544,0.7428571428571429,0.8336134453781513,0.8771929824561403
974,9,58,4,6,0.8701298701298701,0.7677419354838709,0.9354838709677419,0.6,0.9206349206349206,0.6,0.9354838709677419,0.6428571428571429,0.7817460317460317,0.8311827956989246
975,10,50,5,12,0.7792207792207793,0.6818181818181818,0.9090909090909091,0.45454545454545453,0.8547008547008547,0.45454545454545453,0.9090909090909091,0.5405405405405406,0.6976206976206976,0.7900826446280992
976,9,54,4,10,0.8181818181818182,0.7023593466424682,0.9310344827586207,0.47368421052631576,0.8852459016393442,0.47368421052631576,0.9310344827586207,0.5625,0.7238729508196722,0.7068965517241379
977,15,51,1,10,0.8571428571428571,0.7903846153846154,0.9807692307692307,0.6,0.9026548672566371,0.6,0.9807692307692307,0.7317073170731707,0.8171810921649039,0.8692307692307691
978,13,50,2,12,0.8181818181818182,0.7407692307692308,0.9615384615384616,0.52,0.8771929824561403,0.52,0.9615384615384616,0.65,0.7635964912280702,0.8707692307692307
979,16,49,3,9,0.8441558441558441,0.7911538461538461,0.9423076923076923,0.64,0.8909090909090909,0.64,0.9423076923076923,0.7272727272727273,0.8090909090909091,0.823076923076923
980,6,57,5,9,0.8181818181818182,0.6596774193548387,0.9193548387096774,0.4,0.890625,0.4,0.9193548387096774,0.46153846153846156,0.6760817307692308,0.6881720430107527
981,17,45,4,11,0.8051948051948052,0.7627551020408163,0.9183673469387755,0.6071428571428571,0.8571428571428571,0.6071428571428571,0.9183673469387755,0.6938775510204082,0.7755102040816326,0.760932944606414
982,16,55,5,1,0.922077922077922,0.928921568627451,0.9166666666666666,0.9411764705882353,0.9482758620689655,0.9411764705882353,0.9166666666666666,0.8421052631578947,0.8951905626134301,0.9470588235294117
983,17,51,4,5,0.8831168831168831,0.85,0.9272727272727272,0.7727272727272727,0.918918918918919,0.7727272727272727,0.9272727272727272,0.7906976744186046,0.8548082966687618,0.8264462809917357
984,10,55,3,9,0.8441558441558441,0.7372958257713249,0.9482758620689655,0.5263157894736842,0.9016393442622951,0.5263157894736842,0.9482758620689655,0.625,0.7633196721311475,0.893829401088929
985,9,51,8,9,0.7792207792207793,0.6822033898305084,0.864406779661017,0.5,0.8571428571428571,0.5,0.864406779661017,0.5142857142857142,0.6857142857142857,0.7608286252354048
986,15,47,2,13,0.8051948051948052,0.7474489795918366,0.9591836734693877,0.5357142857142857,0.8623853211009175,0.5357142857142857,0.9591836734693877,0.6666666666666666,0.764525993883792,0.8228862973760933
987,12,51,7,7,0.8181818181818182,0.7554446460980035,0.8793103448275862,0.631578947368421,0.8793103448275862,0.631578947368421,0.8793103448275862,0.631578947368421,0.7554446460980035,0.8303085299455535
988,14,56,4,3,0.9090909090909091,0.8784313725490196,0.9333333333333333,0.8235294117647058,0.9411764705882353,0.8235294117647058,0.9333333333333333,0.8,0.8705882352941177,0.888235294117647
989,15,50,6,6,0.8441558441558441,0.8035714285714286,0.8928571428571429,0.7142857142857143,0.8928571428571429,0.7142857142857143,0.8928571428571429,0.7142857142857143,0.8035714285714286,0.8784013605442176
990,13,44,9,11,0.7402597402597403,0.6859276729559749,0.8301886792452831,0.5416666666666666,0.8148148148148148,0.5416666666666666,0.8301886792452831,0.5652173913043478,0.6900161030595813,0.7735849056603773
991,12,53,2,10,0.8441558441558441,0.7545454545454545,0.9636363636363636,0.5454545454545454,0.8983050847457628,0.5454545454545454,0.9636363636363636,0.6666666666666666,0.7824858757062148,0.8256198347107437
992,13,51,4,9,0.8311688311688312,0.759090909090909,0.9272727272727272,0.5909090909090909,0.8869565217391304,0.5909090909090909,0.9272727272727272,0.6666666666666666,0.7768115942028986,0.837190082644628
993,10,54,4,9,0.8311688311688312,0.7286751361161524,0.9310344827586207,0.5263157894736842,0.8925619834710744,0.5263157894736842,0.9310344827586207,0.6060606060606061,0.7493112947658402,0.7241379310344827
994,12,45,5,15,0.7402597402597403,0.6722222222222223,0.9,0.4444444444444444,0.8181818181818182,0.4444444444444444,0.9,0.5454545454545454,0.6818181818181819,0.7911111111111111
995,9,51,7,10,0.7792207792207793,0.676497277676951,0.8793103448275862,0.47368421052631576,0.8571428571428571,0.47368421052631576,0.8793103448275862,0.5142857142857142,0.6857142857142857,0.7050816696914701
996,15,53,3,6,0.8831168831168831,0.8303571428571428,0.9464285714285714,0.7142857142857143,0.9217391304347826,0.7142857142857143,0.9464285714285714,0.7692307692307693,0.8454849498327759,0.907312925170068
997,10,47,8,12,0.7402597402597403,0.6545454545454545,0.8545454545454545,0.45454545454545453,0.8245614035087719,0.45454545454545453,0.8545454545454545,0.5,0.6622807017543859,0.7082644628099173
998,10,55,3,9,0.8441558441558441,0.7372958257713249,0.9482758620689655,0.5263157894736842,0.9016393442622951,0.5263157894736842,0.9482758620689655,0.625,0.7633196721311475,0.8393829401088929
999,15,47,5,10,0.8051948051948052,0.7519230769230769,0.9038461538461539,0.6,0.8623853211009175,0.6,0.9038461538461539,0.6666666666666666,0.764525993883792,0.7607692307692309
1000,13,47,5,12,0.7792207792207793,0.7119230769230769,0.9038461538461539,0.52,0.8468468468468469,0.52,0.9038461538461539,0.6046511627906976,0.7257490048187722,0.823846153846154
