round,TP,TN,FP,FN,Accuracy,BalancedAccuracy,Sensitivity_Class0,Specificity_Class0,F1_Class0,Sensitivity_Class1,Specificity_Class1,F1_Class1,F1_macro,AUC
1,10,52,1,14,0.8051948051948052,0.6988993710691824,0.9811320754716981,0.4166666666666667,0.8739495798319328,0.4166666666666667,0.9811320754716981,0.5714285714285714,0.7226890756302521,0.7051886792452831
2,15,52,4,6,0.8701298701298701,0.8214285714285714,0.9285714285714286,0.7142857142857143,0.9122807017543859,0.7142857142857143,0.9285714285714286,0.75,0.831140350877193,0.7253401360544217
3,13,54,4,6,0.8701298701298701,0.8076225045372051,0.9310344827586207,0.6842105263157895,0.9152542372881356,0.6842105263157895,0.9310344827586207,0.7222222222222222,0.8187382297551788,0.8148820326678766
4,7,55,4,11,0.8051948051948052,0.6605461393596986,0.9322033898305084,0.3888888888888889,0.88,0.3888888888888889,0.9322033898305084,0.4827586206896552,0.6813793103448276,0.7570621468926554
5,14,51,3,9,0.8441558441558441,0.7765700483091788,0.9444444444444444,0.6086956521739131,0.8947368421052632,0.6086956521739131,0.9444444444444444,0.7,0.7973684210526315,0.786634460547504
6,9,53,3,12,0.8051948051948052,0.6875,0.9464285714285714,0.42857142857142855,0.8760330578512396,0.42857142857142855,0.9464285714285714,0.5454545454545454,0.7107438016528925,0.8112244897959182
7,13,52,4,8,0.8441558441558441,0.7738095238095238,0.9285714285714286,0.6190476190476191,0.896551724137931,0.6190476190476191,0.9285714285714286,0.6842105263157895,0.7903811252268602,0.83078231292517
8,14,50,5,8,0.8311688311688312,0.7727272727272727,0.9090909090909091,0.6363636363636364,0.8849557522123894,0.6363636363636364,0.9090909090909091,0.6829268292682927,0.7839412907403411,0.8082644628099175
9,13,51,4,9,0.8311688311688312,0.759090909090909,0.9272727272727272,0.5909090909090909,0.8869565217391304,0.5909090909090909,0.9272727272727272,0.6666666666666666,0.7768115942028986,0.7371900826446282
10,7,59,3,8,0.8571428571428571,0.7091397849462366,0.9516129032258065,0.4666666666666667,0.9147286821705426,0.4666666666666667,0.9516129032258065,0.56,0.7373643410852713,0.8666666666666667
11,16,50,4,7,0.8571428571428571,0.8107890499194848,0.9259259259259259,0.6956521739130435,0.9009009009009009,0.6956521739130435,0.9259259259259259,0.7441860465116279,0.8225434737062645,0.7383252818035426
12,9,52,3,13,0.7922077922077922,0.6772727272727272,0.9454545454545454,0.4090909090909091,0.8666666666666667,0.4090909090909091,0.9454545454545454,0.5294117647058824,0.6980392156862745,0.6454545454545455
13,12,53,7,5,0.8441558441558441,0.794607843137255,0.8833333333333333,0.7058823529411765,0.8983050847457628,0.7058823529411765,0.8833333333333333,0.6666666666666666,0.7824858757062148,0.8333333333333334
14,13,57,1,6,0.9090909090909091,0.8334845735027223,0.9827586206896551,0.6842105263157895,0.9421487603305785,0.6842105263157895,0.9827586206896551,0.7878787878787878,0.8650137741046832,0.8557168784029037
15,9,55,5,8,0.8311688311688312,0.7230392156862745,0.9166666666666666,0.5294117647058824,0.8943089430894309,0.5294117647058824,0.9166666666666666,0.5806451612903226,0.7374770521898768,0.7588235294117647
16,12,50,8,7,0.8051948051948052,0.7468239564428312,0.8620689655172413,0.631578947368421,0.8695652173913043,0.631578947368421,0.8620689655172413,0.6153846153846154,0.7424749163879598,0.7586206896551725
17,13,55,2,7,0.8831168831168831,0.8074561403508772,0.9649122807017544,0.65,0.9243697478991597,0.65,0.9649122807017544,0.7428571428571429,0.8336134453781513,0.7359649122807018
18,16,47,5,9,0.8181818181818182,0.7719230769230769,0.9038461538461539,0.64,0.8703703703703703,0.64,0.9038461538461539,0.6956521739130435,0.7830112721417068,0.8261538461538461
19,13,51,5,8,0.8311688311688312,0.7648809523809523,0.9107142857142857,0.6190476190476191,0.8869565217391304,0.6190476190476191,0.9107142857142857,0.6666666666666666,0.7768115942028986,0.7219387755102041
20,11,48,8,10,0.7662337662337663,0.6904761904761905,0.8571428571428571,0.5238095238095238,0.8421052631578947,0.5238095238095238,0.8571428571428571,0.55,0.6960526315789474,0.766156462585034
21,13,53,2,9,0.8571428571428571,0.7772727272727273,0.9636363636363636,0.5909090909090909,0.905982905982906,0.5909090909090909,0.9636363636363636,0.7027027027027027,0.8043428043428044,0.8181818181818181
22,9,52,6,10,0.7922077922077922,0.6851179673321234,0.896551724137931,0.47368421052631576,0.8666666666666667,0.47368421052631576,0.896551724137931,0.5294117647058824,0.6980392156862745,0.7150635208711434
23,12,56,2,7,0.8831168831168831,0.7985480943738656,0.9655172413793104,0.631578947368421,0.9256198347107438,0.631578947368421,0.9655172413793104,0.7272727272727273,0.8264462809917356,0.8230490018148819
24,17,53,3,4,0.9090909090909091,0.8779761904761905,0.9464285714285714,0.8095238095238095,0.9380530973451328,0.8095238095238095,0.9464285714285714,0.8292682926829268,0.8836606950140298,0.8656462585034014
25,11,55,3,8,0.8571428571428571,0.7636116152450091,0.9482758620689655,0.5789473684210527,0.9090909090909091,0.5789473684210527,0.9482758620689655,0.6666666666666666,0.7878787878787878,0.8284936479128856
26,14,51,6,6,0.8441558441558441,0.7973684210526315,0.8947368421052632,0.7,0.8947368421052632,0.7,0.8947368421052632,0.7,0.7973684210526315,0.8429824561403509
27,9,56,3,9,0.8441558441558441,0.7245762711864407,0.9491525423728814,0.5,0.9032258064516129,0.5,0.9491525423728814,0.6,0.7516129032258064,0.7655367231638418
28,9,54,7,7,0.8181818181818182,0.7238729508196722,0.8852459016393442,0.5625,0.8852459016393442,0.5625,0.8852459016393442,0.5625,0.7238729508196722,0.6690573770491803
29,12,50,8,7,0.8051948051948052,0.7468239564428312,0.8620689655172413,0.631578947368421,0.8695652173913043,0.631578947368421,0.8620689655172413,0.6153846153846154,0.7424749163879598,0.7813067150635208
30,11,61,2,3,0.935064935064935,0.876984126984127,0.9682539682539683,0.7857142857142857,0.9606299212598425,0.7857142857142857,0.9682539682539683,0.8148148148148148,0.8877223680373286,0.8900226757369615
31,14,54,2,7,0.8831168831168831,0.8154761904761905,0.9642857142857143,0.6666666666666666,0.9230769230769231,0.6666666666666666,0.9642857142857143,0.7567567567567568,0.83991683991684,0.8571428571428571
32,16,50,3,8,0.8571428571428571,0.8050314465408805,0.9433962264150944,0.6666666666666666,0.9009009009009009,0.6666666666666666,0.9433962264150944,0.7441860465116279,0.8225434737062645,0.8388364779874214
33,13,47,5,12,0.7792207792207793,0.7119230769230769,0.9038461538461539,0.52,0.8468468468468469,0.52,0.9038461538461539,0.6046511627906976,0.7257490048187722,0.7753846153846154
34,10,56,5,6,0.8571428571428571,0.771516393442623,0.9180327868852459,0.625,0.9105691056910569,0.625,0.9180327868852459,0.6451612903225806,0.7778651980068187,0.8002049180327869
35,19,50,3,5,0.8961038961038961,0.8675314465408805,0.9433962264150944,0.7916666666666666,0.9259259259259259,0.7916666666666666,0.9433962264150944,0.8260869565217391,0.8760064412238325,0.8805031446540881
36,10,56,3,8,0.8571428571428571,0.7523540489642184,0.9491525423728814,0.5555555555555556,0.9105691056910569,0.5555555555555556,0.9491525423728814,0.6451612903225806,0.7778651980068187,0.8380414312617702
37,11,48,7,11,0.7662337662337663,0.6863636363636363,0.8727272727272727,0.5,0.8421052631578947,0.5,0.8727272727272727,0.55,0.6960526315789474,0.7008264462809917
38,11,54,4,8,0.8441558441558441,0.7549909255898366,0.9310344827586207,0.5789473684210527,0.9,0.5789473684210527,0.9310344827586207,0.6470588235294118,0.7735294117647059,0.809437386569873
39,10,54,8,5,0.8311688311688312,0.7688172043010753,0.8709677419354839,0.6666666666666666,0.8925619834710744,0.6666666666666666,0.8709677419354839,0.6060606060606061,0.7493112947658402,0.7881720430107526
40,13,51,4,9,0.8311688311688312,0.759090909090909,0.9272727272727272,0.5909090909090909,0.8869565217391304,0.5909090909090909,0.9272727272727272,0.6666666666666666,0.7768115942028986,0.8140495867768595
41,11,52,3,11,0.8181818181818182,0.7227272727272727,0.9454545454545454,0.5,0.8813559322033898,0.5,0.9454545454545454,0.6111111111111112,0.7462335216572504,0.7214876033057852
42,13,54,7,3,0.8701298701298701,0.8488729508196722,0.8852459016393442,0.8125,0.9152542372881356,0.8125,0.8852459016393442,0.7222222222222222,0.8187382297551788,0.8575819672131147
43,12,61,2,2,0.948051948051948,0.9126984126984127,0.9682539682539683,0.8571428571428571,0.9682539682539683,0.8571428571428571,0.9682539682539683,0.8571428571428571,0.9126984126984127,0.9251700680272109
44,17,50,3,7,0.8701298701298701,0.8258647798742138,0.9433962264150944,0.7083333333333334,0.9090909090909091,0.7083333333333334,0.9433962264150944,0.7727272727272727,0.8409090909090908,0.8537735849056605
45,14,48,8,7,0.8051948051948052,0.7619047619047619,0.8571428571428571,0.6666666666666666,0.8648648648648649,0.6666666666666666,0.8571428571428571,0.6511627906976745,0.7580138277812697,0.7593537414965987
46,14,46,6,11,0.7792207792207793,0.7223076923076923,0.8846153846153846,0.56,0.8440366972477065,0.56,0.8846153846153846,0.6222222222222222,0.7331294597349644,0.8215384615384616
47,17,48,4,8,0.8441558441558441,0.8015384615384615,0.9230769230769231,0.68,0.8888888888888888,0.68,0.9230769230769231,0.7391304347826086,0.8140096618357487,0.8192307692307692
48,14,45,4,14,0.7662337662337663,0.7091836734693877,0.9183673469387755,0.5,0.8333333333333334,0.5,0.9183673469387755,0.6086956521739131,0.7210144927536233,0.7638483965014577
49,11,57,6,3,0.8831168831168831,0.8452380952380952,0.9047619047619048,0.7857142857142857,0.926829268292683,0.7857142857142857,0.9047619047619048,0.7096774193548387,0.8182533438237609,0.8537414965986394
50,17,46,3,11,0.8181818181818182,0.7729591836734694,0.9387755102040817,0.6071428571428571,0.8679245283018868,0.6071428571428571,0.9387755102040817,0.7083333333333334,0.78812893081761,0.8476676384839649
51,10,53,5,9,0.8181818181818182,0.72005444646098,0.9137931034482759,0.5263157894736842,0.8833333333333333,0.5263157894736842,0.9137931034482759,0.5882352941176471,0.7357843137254902,0.8176043557168785
52,12,49,6,10,0.7922077922077922,0.7181818181818181,0.8909090909090909,0.5454545454545454,0.8596491228070176,0.5454545454545454,0.8909090909090909,0.6,0.7298245614035088,0.7074380165289257
53,13,44,5,15,0.7402597402597403,0.6811224489795918,0.8979591836734694,0.4642857142857143,0.8148148148148148,0.4642857142857143,0.8979591836734694,0.5652173913043478,0.6900161030595813,0.684402332361516
54,13,53,0,11,0.8571428571428571,0.7708333333333333,1.0,0.5416666666666666,0.905982905982906,0.5416666666666666,1.0,0.7027027027027027,0.8043428043428044,0.8679245283018867
55,13,54,4,6,0.8701298701298701,0.8076225045372051,0.9310344827586207,0.6842105263157895,0.9152542372881356,0.6842105263157895,0.9310344827586207,0.7222222222222222,0.8187382297551788,0.8085299455535391
56,6,56,6,9,0.8051948051948052,0.6516129032258065,0.9032258064516129,0.4,0.8818897637795275,0.4,0.9032258064516129,0.4444444444444444,0.663167104111986,0.603225806451613
57,22,45,2,8,0.8701298701298701,0.8453900709219858,0.9574468085106383,0.7333333333333333,0.9,0.7333333333333333,0.9574468085106383,0.8148148148148148,0.8574074074074074,0.8375886524822694
58,13,54,6,4,0.8701298701298701,0.8323529411764705,0.9,0.7647058823529411,0.9152542372881356,0.7647058823529411,0.9,0.7222222222222222,0.8187382297551788,0.8215686274509805
59,13,52,3,9,0.8441558441558441,0.7681818181818182,0.9454545454545454,0.5909090909090909,0.896551724137931,0.5909090909090909,0.9454545454545454,0.6842105263157895,0.7903811252268602,0.7727272727272727
60,17,46,4,10,0.8181818181818182,0.7748148148148148,0.92,0.6296296296296297,0.8679245283018868,0.6296296296296297,0.92,0.7083333333333334,0.78812893081761,0.7785185185185185
61,12,54,3,8,0.8571428571428571,0.7736842105263158,0.9473684210526315,0.6,0.907563025210084,0.6,0.9473684210526315,0.6857142857142857,0.7966386554621849,0.7842105263157895
62,15,44,6,12,0.7662337662337663,0.7177777777777778,0.88,0.5555555555555556,0.8301886792452831,0.5555555555555556,0.88,0.625,0.7275943396226415,0.8014814814814815
63,14,52,4,7,0.8571428571428571,0.7976190476190477,0.9285714285714286,0.6666666666666666,0.9043478260869565,0.6666666666666666,0.9285714285714286,0.717948717948718,0.8111482720178372,0.8520408163265305
64,16,50,3,8,0.8571428571428571,0.8050314465408805,0.9433962264150944,0.6666666666666666,0.9009009009009009,0.6666666666666666,0.9433962264150944,0.7441860465116279,0.8225434737062645,0.8388364779874213
65,13,51,5,8,0.8311688311688312,0.7648809523809523,0.9107142857142857,0.6190476190476191,0.8869565217391304,0.6190476190476191,0.9107142857142857,0.6666666666666666,0.7768115942028986,0.8316326530612245
66,14,51,3,9,0.8441558441558441,0.7765700483091788,0.9444444444444444,0.6086956521739131,0.8947368421052632,0.6086956521739131,0.9444444444444444,0.7,0.7973684210526315,0.8140096618357487
67,8,56,7,6,0.8311688311688312,0.7301587301587301,0.8888888888888888,0.5714285714285714,0.896,0.5714285714285714,0.8888888888888888,0.5517241379310345,0.7238620689655173,0.7471655328798187
68,10,58,4,5,0.8831168831168831,0.8010752688172043,0.9354838709677419,0.6666666666666666,0.928,0.6666666666666666,0.9354838709677419,0.6896551724137931,0.8088275862068965,0.7913978494623656
69,13,54,2,8,0.8701298701298701,0.7916666666666667,0.9642857142857143,0.6190476190476191,0.9152542372881356,0.6190476190476191,0.9642857142857143,0.7222222222222222,0.8187382297551788,0.9192176870748299
70,12,54,2,9,0.8571428571428571,0.7678571428571428,0.9642857142857143,0.5714285714285714,0.907563025210084,0.5714285714285714,0.9642857142857143,0.6857142857142857,0.7966386554621849,0.8469387755102041
71,10,58,3,6,0.8831168831168831,0.7879098360655737,0.9508196721311475,0.625,0.928,0.625,0.9508196721311475,0.6896551724137931,0.8088275862068965,0.7479508196721311
72,10,55,2,10,0.8441558441558441,0.7324561403508771,0.9649122807017544,0.5,0.9016393442622951,0.5,0.9649122807017544,0.625,0.7633196721311475,0.8570175438596491
73,17,52,3,5,0.8961038961038961,0.8590909090909091,0.9454545454545454,0.7727272727272727,0.9285714285714286,0.7727272727272727,0.9454545454545454,0.8095238095238095,0.8690476190476191,0.8644628099173554
74,10,51,3,13,0.7922077922077922,0.6896135265700483,0.9444444444444444,0.43478260869565216,0.864406779661017,0.43478260869565216,0.9444444444444444,0.5555555555555556,0.7099811676082863,0.6940418679549115
75,18,51,2,6,0.8961038961038961,0.8561320754716981,0.9622641509433962,0.75,0.9272727272727272,0.75,0.9622641509433962,0.8181818181818182,0.8727272727272728,0.8553459119496856
76,13,52,4,8,0.8441558441558441,0.7738095238095238,0.9285714285714286,0.6190476190476191,0.896551724137931,0.6190476190476191,0.9285714285714286,0.6842105263157895,0.7903811252268602,0.8596938775510203
77,15,45,7,10,0.7792207792207793,0.7326923076923078,0.8653846153846154,0.6,0.8411214953271028,0.6,0.8653846153846154,0.6382978723404256,0.7397096838337642,0.7223076923076923
78,11,60,1,5,0.922077922077922,0.8355532786885246,0.9836065573770492,0.6875,0.9523809523809523,0.6875,0.9836065573770492,0.7857142857142857,0.8690476190476191,0.8288934426229507
79,9,54,6,8,0.8181818181818182,0.7147058823529412,0.9,0.5294117647058824,0.8852459016393442,0.5294117647058824,0.9,0.5625,0.7238729508196722,0.7813725490196078
80,14,53,4,6,0.8701298701298701,0.8149122807017544,0.9298245614035088,0.7,0.9137931034482759,0.7,0.9298245614035088,0.7368421052631579,0.8253176043557169,0.8350877192982455
81,16,53,4,4,0.8961038961038961,0.8649122807017544,0.9298245614035088,0.8,0.9298245614035088,0.8,0.9298245614035088,0.8,0.8649122807017544,0.8789473684210526
82,11,54,4,8,0.8441558441558441,0.7549909255898366,0.9310344827586207,0.5789473684210527,0.9,0.5789473684210527,0.9310344827586207,0.6470588235294118,0.7735294117647059,0.8774954627949184
83,16,46,5,10,0.8051948051948052,0.7586726998491704,0.9019607843137255,0.6153846153846154,0.8598130841121495,0.6153846153846154,0.9019607843137255,0.6808510638297872,0.7703320739709684,0.8122171945701357
84,17,50,4,6,0.8701298701298701,0.8325281803542672,0.9259259259259259,0.7391304347826086,0.9090909090909091,0.7391304347826086,0.9259259259259259,0.7727272727272727,0.8409090909090908,0.8293075684380032
85,15,55,2,5,0.9090909090909091,0.8574561403508771,0.9649122807017544,0.75,0.9401709401709402,0.75,0.9649122807017544,0.8108108108108109,0.8754908754908755,0.8473684210526315
86,13,45,6,13,0.7532467532467533,0.6911764705882353,0.8823529411764706,0.5,0.8256880733944955,0.5,0.8823529411764706,0.5777777777777777,0.7017329255861366,0.72473604826546
87,15,50,6,6,0.8441558441558441,0.8035714285714286,0.8928571428571429,0.7142857142857143,0.8928571428571429,0.7142857142857143,0.8928571428571429,0.7142857142857143,0.8035714285714286,0.8503401360544217
88,10,51,3,13,0.7922077922077922,0.6896135265700483,0.9444444444444444,0.43478260869565216,0.864406779661017,0.43478260869565216,0.9444444444444444,0.5555555555555556,0.7099811676082863,0.7391304347826086
89,19,47,4,7,0.8571428571428571,0.8261689291101055,0.9215686274509803,0.7307692307692307,0.8952380952380953,0.7307692307692307,0.9215686274509803,0.7755102040816326,0.8353741496598639,0.7926093514328809
90,14,48,8,7,0.8051948051948052,0.7619047619047619,0.8571428571428571,0.6666666666666666,0.8648648648648649,0.6666666666666666,0.8571428571428571,0.6511627906976745,0.7580138277812697,0.7840136054421768
91,14,54,1,8,0.8831168831168831,0.8090909090909091,0.9818181818181818,0.6363636363636364,0.9230769230769231,0.6363636363636364,0.9818181818181818,0.7567567567567568,0.83991683991684,0.8223140495867769
92,14,51,3,9,0.8441558441558441,0.7765700483091788,0.9444444444444444,0.6086956521739131,0.8947368421052632,0.6086956521739131,0.9444444444444444,0.7,0.7973684210526315,0.821256038647343
93,13,54,3,7,0.8701298701298701,0.7986842105263158,0.9473684210526315,0.65,0.9152542372881356,0.65,0.9473684210526315,0.7222222222222222,0.8187382297551788,0.8657894736842106
94,9,51,5,12,0.7792207792207793,0.6696428571428571,0.9107142857142857,0.42857142857142855,0.8571428571428571,0.42857142857142855,0.9107142857142857,0.5142857142857142,0.6857142857142857,0.7244897959183673
95,12,53,4,8,0.8441558441558441,0.7649122807017543,0.9298245614035088,0.6,0.8983050847457628,0.6,0.9298245614035088,0.6666666666666666,0.7824858757062148,0.9131578947368422
96,12,51,6,8,0.8181818181818182,0.7473684210526316,0.8947368421052632,0.6,0.8793103448275862,0.6,0.8947368421052632,0.631578947368421,0.7554446460980035,0.7552631578947369
97,9,58,3,7,0.8701298701298701,0.7566598360655737,0.9508196721311475,0.5625,0.9206349206349206,0.5625,0.9508196721311475,0.6428571428571429,0.7817460317460317,0.8473360655737705
98,14,54,3,6,0.8831168831168831,0.8236842105263158,0.9473684210526315,0.7,0.9230769230769231,0.7,0.9473684210526315,0.7567567567567568,0.83991683991684,0.8982456140350877
99,11,54,4,8,0.8441558441558441,0.7549909255898366,0.9310344827586207,0.5789473684210527,0.9,0.5789473684210527,0.9310344827586207,0.6470588235294118,0.7735294117647059,0.8566243194192378
100,11,55,4,7,0.8571428571428571,0.7716572504708098,0.9322033898305084,0.6111111111111112,0.9090909090909091,0.6111111111111112,0.9322033898305084,0.6666666666666666,0.7878787878787878,0.7146892655367231
101,12,55,3,7,0.8701298701298701,0.7899274047186933,0.9482758620689655,0.631578947368421,0.9166666666666666,0.631578947368421,0.9482758620689655,0.7058823529411765,0.8112745098039216,0.7667876588021778
102,18,50,4,5,0.8831168831168831,0.8542673107890499,0.9259259259259259,0.782608695652174,0.9174311926605505,0.782608695652174,0.9259259259259259,0.8,0.8587155963302753,0.8236714975845411
103,19,44,6,8,0.8181818181818182,0.7918518518518518,0.88,0.7037037037037037,0.8627450980392157,0.7037037037037037,0.88,0.7307692307692307,0.7967571644042233,0.82
104,20,45,6,6,0.8441558441558441,0.8257918552036199,0.8823529411764706,0.7692307692307693,0.8823529411764706,0.7692307692307693,0.8823529411764706,0.7692307692307693,0.8257918552036199,0.8446455505279036
105,14,57,2,4,0.922077922077922,0.871939736346516,0.9661016949152542,0.7777777777777778,0.95,0.7777777777777778,0.9661016949152542,0.8235294117647058,0.8867647058823529,0.8945386064030132
106,14,44,5,14,0.7532467532467533,0.6989795918367347,0.8979591836734694,0.5,0.822429906542056,0.5,0.8979591836734694,0.5957446808510638,0.70908729369656,0.7135568513119533
107,14,50,3,10,0.8311688311688312,0.7633647798742138,0.9433962264150944,0.5833333333333334,0.8849557522123894,0.5833333333333334,0.9433962264150944,0.6829268292682927,0.7839412907403411,0.7861635220125787
108,17,46,5,9,0.8181818181818182,0.7779034690799397,0.9019607843137255,0.6538461538461539,0.8679245283018868,0.6538461538461539,0.9019607843137255,0.7083333333333334,0.78812893081761,0.7956259426847663
109,21,46,5,5,0.8701298701298701,0.8548265460030167,0.9019607843137255,0.8076923076923077,0.9019607843137255,0.8076923076923077,0.9019607843137255,0.8076923076923077,0.8548265460030167,0.8446455505279035
110,17,47,2,11,0.8311688311688312,0.7831632653061225,0.9591836734693877,0.6071428571428571,0.8785046728971962,0.6071428571428571,0.9591836734693877,0.723404255319149,0.8009544641081726,0.75
111,11,58,3,5,0.8961038961038961,0.8191598360655737,0.9508196721311475,0.6875,0.9354838709677419,0.6875,0.9508196721311475,0.7333333333333333,0.8344086021505376,0.7858606557377049
112,22,44,3,8,0.8571428571428571,0.8347517730496454,0.9361702127659575,0.7333333333333333,0.8888888888888888,0.7333333333333333,0.9361702127659575,0.8,0.8444444444444444,0.8503546099290781
113,14,54,3,6,0.8831168831168831,0.8236842105263158,0.9473684210526315,0.7,0.9230769230769231,0.7,0.9473684210526315,0.7567567567567568,0.83991683991684,0.8728070175438597
114,17,46,7,7,0.8181818181818182,0.78812893081761,0.8679245283018868,0.7083333333333334,0.8679245283018868,0.7083333333333334,0.8679245283018868,0.7083333333333334,0.78812893081761,0.7586477987421383
115,15,45,6,11,0.7792207792207793,0.7296380090497737,0.8823529411764706,0.5769230769230769,0.8411214953271028,0.5769230769230769,0.8823529411764706,0.6382978723404256,0.7397096838337642,0.7631975867269984
116,11,55,4,7,0.8571428571428571,0.7716572504708098,0.9322033898305084,0.6111111111111112,0.9090909090909091,0.6111111111111112,0.9322033898305084,0.6666666666666666,0.7878787878787878,0.847457627118644
117,11,49,5,12,0.7792207792207793,0.6928341384863124,0.9074074074074074,0.4782608695652174,0.8521739130434782,0.4782608695652174,0.9074074074074074,0.5641025641025641,0.7081382385730212,0.8180354267310789
118,12,52,1,12,0.8311688311688312,0.7405660377358491,0.9811320754716981,0.5,0.8888888888888888,0.5,0.9811320754716981,0.6486486486486487,0.7687687687687688,0.889937106918239
119,13,55,3,6,0.8831168831168831,0.8162431941923776,0.9482758620689655,0.6842105263157895,0.9243697478991597,0.6842105263157895,0.9482758620689655,0.7428571428571429,0.8336134453781513,0.7894736842105263
120,10,53,6,8,0.8181818181818182,0.7269303201506592,0.8983050847457628,0.5555555555555556,0.8833333333333333,0.5555555555555556,0.8983050847457628,0.5882352941176471,0.7357843137254902,0.867231638418079
121,15,46,5,11,0.7922077922077922,0.7394419306184012,0.9019607843137255,0.5769230769230769,0.8518518518518519,0.5769230769230769,0.9019607843137255,0.6521739130434783,0.7520128824476651,0.8137254901960784
122,16,47,4,10,0.8181818181818182,0.7684766214177978,0.9215686274509803,0.6153846153846154,0.8703703703703703,0.6153846153846154,0.9215686274509803,0.6956521739130435,0.7830112721417068,0.7835595776772247
123,13,49,4,11,0.8051948051948052,0.7330974842767295,0.9245283018867925,0.5416666666666666,0.8672566371681416,0.5416666666666666,0.9245283018867925,0.6341463414634146,0.7507014893157782,0.7523584905660377
124,9,55,7,6,0.8311688311688312,0.7435483870967742,0.8870967741935484,0.6,0.8943089430894309,0.6,0.8870967741935484,0.5806451612903226,0.7374770521898768,0.689247311827957
125,9,56,5,7,0.8441558441558441,0.740266393442623,0.9180327868852459,0.5625,0.9032258064516129,0.5625,0.9180327868852459,0.6,0.7516129032258064,0.7920081967213115
126,9,52,7,9,0.7922077922077922,0.6906779661016949,0.8813559322033898,0.5,0.8666666666666667,0.5,0.8813559322033898,0.5294117647058824,0.6980392156862745,0.687382297551789
127,27,37,5,8,0.8311688311688312,0.8261904761904761,0.8809523809523809,0.7714285714285715,0.8505747126436781,0.7714285714285715,0.8809523809523809,0.8059701492537313,0.8282724309487047,0.8217687074829932
128,16,50,3,8,0.8571428571428571,0.8050314465408805,0.9433962264150944,0.6666666666666666,0.9009009009009009,0.6666666666666666,0.9433962264150944,0.7441860465116279,0.8225434737062645,0.7963836477987422
129,12,52,4,9,0.8311688311688312,0.75,0.9285714285714286,0.5714285714285714,0.8888888888888888,0.5714285714285714,0.9285714285714286,0.6486486486486487,0.7687687687687688,0.7508503401360545
130,11,51,5,10,0.8051948051948052,0.7172619047619048,0.9107142857142857,0.5238095238095238,0.8717948717948718,0.5238095238095238,0.9107142857142857,0.5945945945945946,0.7331947331947333,0.6981292517006803
131,15,51,3,8,0.8571428571428571,0.7983091787439613,0.9444444444444444,0.6521739130434783,0.9026548672566371,0.6521739130434783,0.9444444444444444,0.7317073170731707,0.8171810921649039,0.8518518518518517
132,13,55,5,4,0.8831168831168831,0.8406862745098038,0.9166666666666666,0.7647058823529411,0.9243697478991597,0.7647058823529411,0.9166666666666666,0.7428571428571429,0.8336134453781513,0.8892156862745098
133,12,59,2,4,0.922077922077922,0.8586065573770492,0.9672131147540983,0.75,0.9516129032258065,0.75,0.9672131147540983,0.8,0.8758064516129033,0.8801229508196721
134,12,54,4,7,0.8571428571428571,0.7813067150635209,0.9310344827586207,0.631578947368421,0.907563025210084,0.631578947368421,0.9310344827586207,0.6857142857142857,0.7966386554621849,0.8647912885662432
135,14,53,3,7,0.8701298701298701,0.8065476190476191,0.9464285714285714,0.6666666666666666,0.9137931034482759,0.6666666666666666,0.9464285714285714,0.7368421052631579,0.8253176043557169,0.8622448979591836
136,8,56,2,11,0.8311688311688312,0.6932849364791289,0.9655172413793104,0.42105263157894735,0.896,0.42105263157894735,0.9655172413793104,0.5517241379310345,0.7238620689655173,0.8039927404718693
137,14,47,5,11,0.7922077922077922,0.7319230769230769,0.9038461538461539,0.56,0.8545454545454545,0.56,0.9038461538461539,0.6363636363636364,0.7454545454545454,0.8
138,10,57,4,6,0.8701298701298701,0.7797131147540983,0.9344262295081968,0.625,0.9193548387096774,0.625,0.9344262295081968,0.6666666666666666,0.793010752688172,0.8401639344262295
139,16,52,3,6,0.8831168831168831,0.8363636363636364,0.9454545454545454,0.7272727272727273,0.9203539823008849,0.7272727272727273,0.9454545454545454,0.7804878048780488,0.8504208935894668,0.843801652892562
140,9,61,1,6,0.9090909090909091,0.7919354838709678,0.9838709677419355,0.6,0.9457364341085271,0.6,0.9838709677419355,0.72,0.8328682170542636,0.8548387096774194
141,16,50,5,6,0.8571428571428571,0.8181818181818181,0.9090909090909091,0.7272727272727273,0.9009009009009009,0.7272727272727273,0.9090909090909091,0.7441860465116279,0.8225434737062645,0.7900826446280992
142,10,59,0,8,0.8961038961038961,0.7777777777777778,1.0,0.5555555555555556,0.9365079365079365,0.5555555555555556,1.0,0.7142857142857143,0.8253968253968254,0.7721280602636534
143,14,51,3,9,0.8441558441558441,0.7765700483091788,0.9444444444444444,0.6086956521739131,0.8947368421052632,0.6086956521739131,0.9444444444444444,0.7,0.7973684210526315,0.8647342995169082
144,10,53,3,11,0.8181818181818182,0.7113095238095237,0.9464285714285714,0.47619047619047616,0.8833333333333333,0.47619047619047616,0.9464285714285714,0.5882352941176471,0.7357843137254902,0.6989795918367346
145,8,54,7,8,0.8051948051948052,0.6926229508196722,0.8852459016393442,0.5,0.8780487804878049,0.5,0.8852459016393442,0.5161290322580645,0.6970889063729346,0.7592213114754098
146,10,54,6,7,0.8311688311688312,0.7441176470588236,0.9,0.5882352941176471,0.8925619834710744,0.5882352941176471,0.9,0.6060606060606061,0.7493112947658402,0.7411764705882353
147,18,54,0,5,0.935064935064935,0.8913043478260869,1.0,0.782608695652174,0.9557522123893806,0.782608695652174,1.0,0.8780487804878049,0.9169004964385927,0.9219001610305958
148,11,61,1,4,0.935064935064935,0.8586021505376344,0.9838709677419355,0.7333333333333333,0.9606299212598425,0.7333333333333333,0.9838709677419355,0.8148148148148148,0.8877223680373286,0.9075268817204301
149,12,54,1,10,0.8571428571428571,0.7636363636363637,0.9818181818181818,0.5454545454545454,0.907563025210084,0.5454545454545454,0.9818181818181818,0.6857142857142857,0.7966386554621849,0.8652892561983471
150,18,46,3,10,0.8311688311688312,0.7908163265306123,0.9387755102040817,0.6428571428571429,0.8761904761904762,0.6428571428571429,0.9387755102040817,0.7346938775510204,0.8054421768707483,0.8374635568513119
151,6,56,2,13,0.8051948051948052,0.6406533575317604,0.9655172413793104,0.3157894736842105,0.8818897637795275,0.3157894736842105,0.9655172413793104,0.4444444444444444,0.663167104111986,0.5989110707803992
152,8,59,4,6,0.8701298701298701,0.753968253968254,0.9365079365079365,0.5714285714285714,0.921875,0.5714285714285714,0.9365079365079365,0.6153846153846154,0.7686298076923077,0.826530612244898
153,21,41,5,10,0.8051948051948052,0.7843618513323982,0.8913043478260869,0.6774193548387096,0.845360824742268,0.6774193548387096,0.8913043478260869,0.7368421052631579,0.791101465002713,0.8036465638148667
154,18,48,4,7,0.8571428571428571,0.8215384615384616,0.9230769230769231,0.72,0.897196261682243,0.72,0.9230769230769231,0.7659574468085106,0.8315768542453768,0.8300000000000001
155,20,50,1,6,0.9090909090909091,0.8748114630467572,0.9803921568627451,0.7692307692307693,0.9345794392523364,0.7692307692307693,0.9803921568627451,0.851063829787234,0.8928216345197852,0.896681749622926
156,10,53,5,9,0.8181818181818182,0.72005444646098,0.9137931034482759,0.5263157894736842,0.8833333333333333,0.5263157894736842,0.9137931034482759,0.5882352941176471,0.7357843137254902,0.7767695099818512
157,13,51,6,7,0.8311688311688312,0.7723684210526316,0.8947368421052632,0.65,0.8869565217391304,0.65,0.8947368421052632,0.6666666666666666,0.7768115942028986,0.8394736842105263
158,10,59,3,5,0.8961038961038961,0.8091397849462365,0.9516129032258065,0.6666666666666666,0.9365079365079365,0.6666666666666666,0.9516129032258065,0.7142857142857143,0.8253968253968254,0.7526881720430109
159,8,59,3,7,0.8701298701298701,0.7424731182795699,0.9516129032258065,0.5333333333333333,0.921875,0.5333333333333333,0.9516129032258065,0.6153846153846154,0.7686298076923077,0.7526881720430108
160,13,51,4,9,0.8311688311688312,0.759090909090909,0.9272727272727272,0.5909090909090909,0.8869565217391304,0.5909090909090909,0.9272727272727272,0.6666666666666666,0.7768115942028986,0.7082644628099174
161,11,51,7,8,0.8051948051948052,0.7291288566243195,0.8793103448275862,0.5789473684210527,0.8717948717948718,0.5789473684210527,0.8793103448275862,0.5945945945945946,0.7331947331947333,0.7459165154264972
162,11,54,4,8,0.8441558441558441,0.7549909255898366,0.9310344827586207,0.5789473684210527,0.9,0.5789473684210527,0.9310344827586207,0.6470588235294118,0.7735294117647059,0.8021778584392013
163,11,55,7,4,0.8571428571428571,0.8102150537634408,0.8870967741935484,0.7333333333333333,0.9090909090909091,0.7333333333333333,0.8870967741935484,0.6666666666666666,0.7878787878787878,0.8645161290322579
164,12,59,3,3,0.922077922077922,0.8758064516129033,0.9516129032258065,0.8,0.9516129032258065,0.8,0.9516129032258065,0.8,0.8758064516129033,0.9344086021505376
165,17,50,1,9,0.8701298701298701,0.8171191553544495,0.9803921568627451,0.6538461538461539,0.9090909090909091,0.6538461538461539,0.9803921568627451,0.7727272727272727,0.8409090909090908,0.8273001508295627
166,17,56,3,1,0.948051948051948,0.9467984934086628,0.9491525423728814,0.9444444444444444,0.9655172413793104,0.9444444444444444,0.9491525423728814,0.8947368421052632,0.9301270417422868,0.9387947269303202
167,15,48,6,8,0.8181818181818182,0.7705314009661836,0.8888888888888888,0.6521739130434783,0.8727272727272727,0.6521739130434783,0.8888888888888888,0.6818181818181818,0.7772727272727272,0.7938808373590982
168,8,50,6,13,0.7532467532467533,0.6369047619047619,0.8928571428571429,0.38095238095238093,0.8403361344537815,0.38095238095238093,0.8928571428571429,0.45714285714285713,0.6487394957983194,0.6394557823129252
169,15,48,3,11,0.8181818181818182,0.7590497737556561,0.9411764705882353,0.5769230769230769,0.8727272727272727,0.5769230769230769,0.9411764705882353,0.6818181818181818,0.7772727272727272,0.7933634992458523
170,10,55,6,6,0.8441558441558441,0.7633196721311475,0.9016393442622951,0.625,0.9016393442622951,0.625,0.9016393442622951,0.625,0.7633196721311475,0.8063524590163934
171,11,54,3,9,0.8441558441558441,0.7486842105263158,0.9473684210526315,0.55,0.9,0.55,0.9473684210526315,0.6470588235294118,0.7735294117647059,0.8429824561403508
172,16,46,4,11,0.8051948051948052,0.7562962962962962,0.92,0.5925925925925926,0.8598130841121495,0.5925925925925926,0.92,0.6808510638297872,0.7703320739709684,0.7792592592592592
173,14,54,3,6,0.8831168831168831,0.8236842105263158,0.9473684210526315,0.7,0.9230769230769231,0.7,0.9473684210526315,0.7567567567567568,0.83991683991684,0.8842105263157896
174,16,50,2,9,0.8571428571428571,0.8007692307692308,0.9615384615384616,0.64,0.9009009009009009,0.64,0.9615384615384616,0.7441860465116279,0.8225434737062645,0.8853846153846154
175,14,55,3,5,0.8961038961038961,0.8425589836660616,0.9482758620689655,0.7368421052631579,0.9322033898305084,0.7368421052631579,0.9482758620689655,0.7777777777777778,0.8549905838041432,0.8448275862068965
176,11,56,3,7,0.8701298701298701,0.7801318267419963,0.9491525423728814,0.6111111111111112,0.9180327868852459,0.6111111111111112,0.9491525423728814,0.6875,0.802766393442623,0.8192090395480227
177,8,59,2,8,0.8701298701298701,0.7336065573770492,0.9672131147540983,0.5,0.921875,0.5,0.9672131147540983,0.6153846153846154,0.7686298076923077,0.7551229508196722
178,10,58,2,7,0.8831168831168831,0.7774509803921569,0.9666666666666667,0.5882352941176471,0.928,0.5882352941176471,0.9666666666666667,0.6896551724137931,0.8088275862068965,0.8225490196078431
179,15,46,6,10,0.7922077922077922,0.7423076923076923,0.8846153846153846,0.6,0.8518518518518519,0.6,0.8846153846153846,0.6521739130434783,0.7520128824476651,0.7561538461538461
180,11,54,4,8,0.8441558441558441,0.7549909255898366,0.9310344827586207,0.5789473684210527,0.9,0.5789473684210527,0.9310344827586207,0.6470588235294118,0.7735294117647059,0.7840290381125228
181,11,60,2,4,0.922077922077922,0.8505376344086022,0.967741935483871,0.7333333333333333,0.9523809523809523,0.7333333333333333,0.967741935483871,0.7857142857142857,0.8690476190476191,0.8516129032258065
182,12,55,3,7,0.8701298701298701,0.7899274047186933,0.9482758620689655,0.631578947368421,0.9166666666666666,0.631578947368421,0.9482758620689655,0.7058823529411765,0.8112745098039216,0.7931034482758621
183,13,52,4,8,0.8441558441558441,0.7738095238095238,0.9285714285714286,0.6190476190476191,0.896551724137931,0.6190476190476191,0.9285714285714286,0.6842105263157895,0.7903811252268602,0.7704081632653061
184,17,52,2,6,0.8961038961038961,0.8510466988727858,0.9629629629629629,0.7391304347826086,0.9285714285714286,0.7391304347826086,0.9629629629629629,0.8095238095238095,0.8690476190476191,0.8816425120772946
185,10,54,5,8,0.8311688311688312,0.7354048964218456,0.9152542372881356,0.5555555555555556,0.8925619834710744,0.5555555555555556,0.9152542372881356,0.6060606060606061,0.7493112947658402,0.7589453860640301
186,13,55,2,7,0.8831168831168831,0.8074561403508772,0.9649122807017544,0.65,0.9243697478991597,0.65,0.9649122807017544,0.7428571428571429,0.8336134453781513,0.8535087719298247
187,12,57,1,7,0.8961038961038961,0.807168784029038,0.9827586206896551,0.631578947368421,0.9344262295081968,0.631578947368421,0.9827586206896551,0.75,0.8422131147540983,0.8076225045372051
188,13,46,3,15,0.7662337662337663,0.701530612244898,0.9387755102040817,0.4642857142857143,0.8363636363636363,0.4642857142857143,0.9387755102040817,0.5909090909090909,0.7136363636363636,0.738338192419825
189,7,59,0,11,0.8571428571428571,0.6944444444444444,1.0,0.3888888888888889,0.9147286821705426,0.3888888888888889,1.0,0.56,0.7373643410852713,0.7448210922787194
190,6,54,5,12,0.7792207792207793,0.6242937853107344,0.9152542372881356,0.3333333333333333,0.864,0.3333333333333333,0.9152542372881356,0.41379310344827586,0.638896551724138,0.608286252354049
191,13,53,3,8,0.8571428571428571,0.7827380952380952,0.9464285714285714,0.6190476190476191,0.905982905982906,0.6190476190476191,0.9464285714285714,0.7027027027027027,0.8043428043428044,0.8273809523809524
192,16,44,5,12,0.7792207792207793,0.7346938775510203,0.8979591836734694,0.5714285714285714,0.8380952380952381,0.5714285714285714,0.8979591836734694,0.6530612244897959,0.745578231292517,0.7244897959183674
193,11,52,3,11,0.8181818181818182,0.7227272727272727,0.9454545454545454,0.5,0.8813559322033898,0.5,0.9454545454545454,0.6111111111111112,0.7462335216572504,0.8355371900826446
194,18,53,2,4,0.922077922077922,0.8909090909090909,0.9636363636363636,0.8181818181818182,0.9464285714285714,0.8181818181818182,0.9636363636363636,0.8571428571428571,0.9017857142857142,0.8834710743801654
195,12,47,6,12,0.7662337662337663,0.6933962264150944,0.8867924528301887,0.5,0.8392857142857143,0.5,0.8867924528301887,0.5714285714285714,0.7053571428571428,0.7578616352201258
196,10,50,5,12,0.7792207792207793,0.6818181818181818,0.9090909090909091,0.45454545454545453,0.8547008547008547,0.45454545454545453,0.9090909090909091,0.5405405405405406,0.6976206976206976,0.7231404958677686
197,11,53,4,9,0.8311688311688312,0.7399122807017544,0.9298245614035088,0.55,0.8907563025210085,0.55,0.9298245614035088,0.6285714285714286,0.7596638655462185,0.8728070175438596
198,9,58,5,5,0.8701298701298701,0.7817460317460317,0.9206349206349206,0.6428571428571429,0.9206349206349206,0.6428571428571429,0.9206349206349206,0.6428571428571429,0.7817460317460317,0.8253968253968254
199,13,56,1,7,0.8961038961038961,0.8162280701754385,0.9824561403508771,0.65,0.9333333333333333,0.65,0.9824561403508771,0.7647058823529411,0.8490196078431372,0.9043859649122807
200,11,47,5,14,0.7532467532467533,0.671923076923077,0.9038461538461539,0.44,0.831858407079646,0.44,0.9038461538461539,0.5365853658536586,0.6842218864666523,0.7046153846153846
201,9,55,8,5,0.8311688311688312,0.7579365079365079,0.873015873015873,0.6428571428571429,0.8943089430894309,0.6428571428571429,0.873015873015873,0.5806451612903226,0.7374770521898768,0.8673469387755102
202,17,51,2,7,0.8831168831168831,0.8352987421383649,0.9622641509433962,0.7083333333333334,0.918918918918919,0.7083333333333334,0.9622641509433962,0.7906976744186046,0.8548082966687618,0.9150943396226415
203,10,55,1,11,0.8441558441558441,0.7291666666666666,0.9821428571428571,0.47619047619047616,0.9016393442622951,0.47619047619047616,0.9821428571428571,0.625,0.7633196721311475,0.7083333333333333
204,10,59,1,7,0.8961038961038961,0.7857843137254902,0.9833333333333333,0.5882352941176471,0.9365079365079365,0.5882352941176471,0.9833333333333333,0.7142857142857143,0.8253968253968254,0.857843137254902
205,10,52,6,9,0.8051948051948052,0.7114337568058076,0.896551724137931,0.5263157894736842,0.8739495798319328,0.5263157894736842,0.896551724137931,0.5714285714285714,0.7226890756302521,0.7776769509981851
206,15,53,0,9,0.8831168831168831,0.8125,1.0,0.625,0.9217391304347826,0.625,1.0,0.7692307692307693,0.8454849498327759,0.8844339622641508
207,18,52,1,6,0.9090909090909091,0.8655660377358491,0.9811320754716981,0.75,0.9369369369369369,0.75,0.9811320754716981,0.8372093023255814,0.8870731196312591,0.8655660377358492
208,10,58,5,4,0.8831168831168831,0.8174603174603174,0.9206349206349206,0.7142857142857143,0.928,0.7142857142857143,0.9206349206349206,0.6896551724137931,0.8088275862068965,0.86281179138322
209,16,52,3,6,0.8831168831168831,0.8363636363636364,0.9454545454545454,0.7272727272727273,0.9203539823008849,0.7272727272727273,0.9454545454545454,0.7804878048780488,0.8504208935894668,0.8388429752066116
210,15,45,6,11,0.7792207792207793,0.7296380090497737,0.8823529411764706,0.5769230769230769,0.8411214953271028,0.5769230769230769,0.8823529411764706,0.6382978723404256,0.7397096838337642,0.7352941176470588
211,11,54,5,7,0.8441558441558441,0.7631826741996234,0.9152542372881356,0.6111111111111112,0.9,0.6111111111111112,0.9152542372881356,0.6470588235294118,0.7735294117647059,0.8229755178907721
212,14,46,6,11,0.7792207792207793,0.7223076923076923,0.8846153846153846,0.56,0.8440366972477065,0.56,0.8846153846153846,0.6222222222222222,0.7331294597349644,0.7592307692307693
213,12,52,2,11,0.8311688311688312,0.7423510466988728,0.9629629629629629,0.5217391304347826,0.8888888888888888,0.5217391304347826,0.9629629629629629,0.6486486486486487,0.7687687687687688,0.7318840579710145
214,12,52,5,8,0.8311688311688312,0.7561403508771929,0.9122807017543859,0.6,0.8888888888888888,0.6,0.9122807017543859,0.6486486486486487,0.7687687687687688,0.7763157894736842
215,14,55,2,6,0.8961038961038961,0.8324561403508772,0.9649122807017544,0.7,0.9322033898305084,0.7,0.9649122807017544,0.7777777777777778,0.8549905838041432,0.8289473684210525
216,9,58,1,9,0.8701298701298701,0.7415254237288136,0.9830508474576272,0.5,0.9206349206349206,0.5,0.9830508474576272,0.6428571428571429,0.7817460317460317,0.7693032015065913
217,8,57,5,7,0.8441558441558441,0.7263440860215054,0.9193548387096774,0.5333333333333333,0.9047619047619048,0.5333333333333333,0.9193548387096774,0.5714285714285714,0.7380952380952381,0.7043010752688171
218,17,45,6,9,0.8051948051948052,0.7680995475113122,0.8823529411764706,0.6538461538461539,0.8571428571428571,0.6538461538461539,0.8823529411764706,0.6938775510204082,0.7755102040816326,0.7714932126696833
219,9,54,6,8,0.8181818181818182,0.7147058823529412,0.9,0.5294117647058824,0.8852459016393442,0.5294117647058824,0.9,0.5625,0.7238729508196722,0.7833333333333333
220,10,50,2,15,0.7792207792207793,0.6807692307692308,0.9615384615384616,0.4,0.8547008547008547,0.4,0.9615384615384616,0.5405405405405406,0.6976206976206976,0.8353846153846154
221,12,55,3,7,0.8701298701298701,0.7899274047186933,0.9482758620689655,0.631578947368421,0.9166666666666666,0.631578947368421,0.9482758620689655,0.7058823529411765,0.8112745098039216,0.8049001814882033
222,13,53,6,5,0.8571428571428571,0.8102636534839924,0.8983050847457628,0.7222222222222222,0.905982905982906,0.7222222222222222,0.8983050847457628,0.7027027027027027,0.8043428043428044,0.8427495291902072
223,12,56,6,3,0.8831168831168831,0.8516129032258064,0.9032258064516129,0.8,0.9256198347107438,0.8,0.9032258064516129,0.7272727272727273,0.8264462809917356,0.8709677419354839
224,20,44,8,5,0.8311688311688312,0.823076923076923,0.8461538461538461,0.8,0.8712871287128713,0.8,0.8461538461538461,0.7547169811320755,0.8130020549224735,0.8184615384615384
225,12,53,4,8,0.8441558441558441,0.7649122807017543,0.9298245614035088,0.6,0.8983050847457628,0.6,0.9298245614035088,0.6666666666666666,0.7824858757062148,0.8403508771929825
226,17,49,5,6,0.8571428571428571,0.823268921095008,0.9074074074074074,0.7391304347826086,0.8990825688073395,0.7391304347826086,0.9074074074074074,0.7555555555555555,0.8273190621814475,0.7801932367149758
227,16,51,1,9,0.8701298701298701,0.8103846153846154,0.9807692307692307,0.64,0.9107142857142857,0.64,0.9807692307692307,0.7619047619047619,0.8363095238095237,0.8530769230769231
228,11,48,9,9,0.7662337662337663,0.6960526315789474,0.8421052631578947,0.55,0.8421052631578947,0.55,0.8421052631578947,0.55,0.6960526315789474,0.7008771929824561
229,19,45,5,8,0.8311688311688312,0.8018518518518518,0.9,0.7037037037037037,0.8737864077669902,0.7037037037037037,0.9,0.7450980392156863,0.8094422234913383,0.7822222222222222
230,17,51,2,7,0.8831168831168831,0.8352987421383649,0.9622641509433962,0.7083333333333334,0.918918918918919,0.7083333333333334,0.9622641509433962,0.7906976744186046,0.8548082966687618,0.8136792452830189
231,19,43,1,14,0.8051948051948052,0.7765151515151516,0.9772727272727273,0.5757575757575758,0.8514851485148515,0.5757575757575758,0.9772727272727273,0.7169811320754716,0.7842331402951616,0.8367768595041323
232,19,48,2,8,0.8701298701298701,0.8318518518518518,0.96,0.7037037037037037,0.9056603773584906,0.7037037037037037,0.96,0.7916666666666666,0.8486635220125787,0.8548148148148147
233,10,52,6,9,0.8051948051948052,0.7114337568058076,0.896551724137931,0.5263157894736842,0.8739495798319328,0.5263157894736842,0.896551724137931,0.5714285714285714,0.7226890756302521,0.7822141560798548
234,11,54,1,11,0.8441558441558441,0.740909090909091,0.9818181818181818,0.5,0.9,0.5,0.9818181818181818,0.6470588235294118,0.7735294117647059,0.7950413223140494
235,16,47,3,11,0.8181818181818182,0.7662962962962963,0.94,0.5925925925925926,0.8703703703703703,0.5925925925925926,0.94,0.6956521739130435,0.7830112721417068,0.8333333333333334
236,9,52,5,11,0.7922077922077922,0.6811403508771929,0.9122807017543859,0.45,0.8666666666666667,0.45,0.9122807017543859,0.5294117647058824,0.6980392156862745,0.7666666666666666
237,9,52,4,12,0.7922077922077922,0.6785714285714286,0.9285714285714286,0.42857142857142855,0.8666666666666667,0.42857142857142855,0.9285714285714286,0.5294117647058824,0.6980392156862745,0.7967687074829932
238,18,46,7,6,0.8311688311688312,0.8089622641509434,0.8679245283018868,0.75,0.8761904761904762,0.75,0.8679245283018868,0.7346938775510204,0.8054421768707483,0.8301886792452831
239,14,50,6,7,0.8311688311688312,0.7797619047619048,0.8928571428571429,0.6666666666666666,0.8849557522123894,0.6666666666666666,0.8928571428571429,0.6829268292682927,0.7839412907403411,0.7925170068027211
240,11,52,5,9,0.8181818181818182,0.731140350877193,0.9122807017543859,0.55,0.8813559322033898,0.55,0.9122807017543859,0.6111111111111112,0.7462335216572504,0.7526315789473684
241,15,50,5,7,0.8441558441558441,0.7954545454545454,0.9090909090909091,0.6818181818181818,0.8928571428571429,0.6818181818181818,0.9090909090909091,0.7142857142857143,0.8035714285714286,0.7925619834710744
242,9,56,4,8,0.8441558441558441,0.7313725490196079,0.9333333333333333,0.5294117647058824,0.9032258064516129,0.5294117647058824,0.9333333333333333,0.6,0.7516129032258064,0.8147058823529412
243,18,50,3,6,0.8831168831168831,0.8466981132075472,0.9433962264150944,0.75,0.9174311926605505,0.75,0.9433962264150944,0.8,0.8587155963302753,0.8742138364779874
244,13,48,5,11,0.7922077922077922,0.7236635220125787,0.9056603773584906,0.5416666666666666,0.8571428571428571,0.5416666666666666,0.9056603773584906,0.6190476190476191,0.7380952380952381,0.7641509433962265
245,12,54,6,5,0.8571428571428571,0.8029411764705883,0.9,0.7058823529411765,0.907563025210084,0.7058823529411765,0.9,0.6857142857142857,0.7966386554621849,0.8686274509803922
246,15,52,2,8,0.8701298701298701,0.8075684380032206,0.9629629629629629,0.6521739130434783,0.9122807017543859,0.6521739130434783,0.9629629629629629,0.75,0.831140350877193,0.8027375201288245
247,12,54,5,6,0.8571428571428571,0.7909604519774012,0.9152542372881356,0.6666666666666666,0.907563025210084,0.6666666666666666,0.9152542372881356,0.6857142857142857,0.7966386554621849,0.8606403013182674
248,12,52,6,7,0.8311688311688312,0.764065335753176,0.896551724137931,0.631578947368421,0.8888888888888888,0.631578947368421,0.896551724137931,0.6486486486486487,0.7687687687687688,0.7731397459165155
249,15,48,4,10,0.8181818181818182,0.7615384615384615,0.9230769230769231,0.6,0.8727272727272727,0.6,0.9230769230769231,0.6818181818181818,0.7772727272727272,0.7630769230769231
250,9,59,4,5,0.8831168831168831,0.7896825396825398,0.9365079365079365,0.6428571428571429,0.9291338582677166,0.6428571428571429,0.9365079365079365,0.6666666666666666,0.7979002624671916,0.8140589569160999
251,13,55,3,6,0.8831168831168831,0.8162431941923776,0.9482758620689655,0.6842105263157895,0.9243697478991597,0.6842105263157895,0.9482758620689655,0.7428571428571429,0.8336134453781513,0.8856624319419237
252,10,53,2,12,0.8181818181818182,0.7090909090909091,0.9636363636363636,0.45454545454545453,0.8833333333333333,0.45454545454545453,0.9636363636363636,0.5882352941176471,0.7357843137254902,0.771900826446281
253,12,51,7,7,0.8181818181818182,0.7554446460980035,0.8793103448275862,0.631578947368421,0.8793103448275862,0.631578947368421,0.8793103448275862,0.631578947368421,0.7554446460980035,0.7531760435571687
254,19,48,5,5,0.8701298701298701,0.8486635220125787,0.9056603773584906,0.7916666666666666,0.9056603773584906,0.7916666666666666,0.9056603773584906,0.7916666666666666,0.8486635220125787,0.8317610062893082
255,16,52,5,4,0.8831168831168831,0.856140350877193,0.9122807017543859,0.8,0.9203539823008849,0.8,0.9122807017543859,0.7804878048780488,0.8504208935894668,0.8587719298245614
256,15,48,6,8,0.8181818181818182,0.7705314009661836,0.8888888888888888,0.6521739130434783,0.8727272727272727,0.6521739130434783,0.8888888888888888,0.6818181818181818,0.7772727272727272,0.71658615136876
257,17,47,3,10,0.8311688311688312,0.7848148148148149,0.94,0.6296296296296297,0.8785046728971962,0.6296296296296297,0.94,0.723404255319149,0.8009544641081726,0.7748148148148148
258,10,55,5,7,0.8441558441558441,0.7524509803921569,0.9166666666666666,0.5882352941176471,0.9016393442622951,0.5882352941176471,0.9166666666666666,0.625,0.7633196721311475,0.7803921568627451
259,13,47,4,13,0.7792207792207793,0.7107843137254901,0.9215686274509803,0.5,0.8468468468468469,0.5,0.9215686274509803,0.6046511627906976,0.7257490048187722,0.8446455505279035
260,13,57,5,2,0.9090909090909091,0.8930107526881721,0.9193548387096774,0.8666666666666667,0.9421487603305785,0.8666666666666667,0.9193548387096774,0.7878787878787878,0.8650137741046832,0.9043010752688172
261,18,40,12,7,0.7532467532467533,0.7446153846153847,0.7692307692307693,0.72,0.8080808080808081,0.72,0.7692307692307693,0.6545454545454545,0.7313131313131314,0.7992307692307693
262,18,48,3,8,0.8571428571428571,0.8167420814479638,0.9411764705882353,0.6923076923076923,0.897196261682243,0.6923076923076923,0.9411764705882353,0.7659574468085106,0.8315768542453768,0.8476621417797888
263,13,56,3,5,0.8961038961038961,0.8356873822975518,0.9491525423728814,0.7222222222222222,0.9333333333333333,0.7222222222222222,0.9491525423728814,0.7647058823529411,0.8490196078431372,0.8060263653483992
264,14,48,6,9,0.8051948051948052,0.748792270531401,0.8888888888888888,0.6086956521739131,0.8648648648648649,0.6086956521739131,0.8888888888888888,0.6511627906976745,0.7580138277812697,0.8132045088566828
265,11,53,2,11,0.8311688311688312,0.7318181818181818,0.9636363636363636,0.5,0.8907563025210085,0.5,0.9636363636363636,0.6285714285714286,0.7596638655462185,0.8132231404958677
266,16,51,7,3,0.8701298701298701,0.8607078039927405,0.8793103448275862,0.8421052631578947,0.9107142857142857,0.8421052631578947,0.8793103448275862,0.7619047619047619,0.8363095238095237,0.8847549909255898
267,10,58,3,6,0.8831168831168831,0.7879098360655737,0.9508196721311475,0.625,0.928,0.625,0.9508196721311475,0.6896551724137931,0.8088275862068965,0.7776639344262295
268,16,44,3,14,0.7792207792207793,0.7347517730496453,0.9361702127659575,0.5333333333333333,0.8380952380952381,0.5333333333333333,0.9361702127659575,0.6530612244897959,0.745578231292517,0.7851063829787235
269,9,57,4,7,0.8571428571428571,0.7484631147540983,0.9344262295081968,0.5625,0.912,0.5625,0.9344262295081968,0.6206896551724138,0.7663448275862069,0.8104508196721311
270,16,55,2,4,0.922077922077922,0.8824561403508773,0.9649122807017544,0.8,0.9482758620689655,0.8,0.9649122807017544,0.8421052631578947,0.8951905626134301,0.9026315789473683
271,10,54,4,9,0.8311688311688312,0.7286751361161524,0.9310344827586207,0.5263157894736842,0.8925619834710744,0.5263157894736842,0.9310344827586207,0.6060606060606061,0.7493112947658402,0.6987295825771325
272,14,53,0,10,0.8701298701298701,0.7916666666666667,1.0,0.5833333333333334,0.9137931034482759,0.5833333333333334,1.0,0.7368421052631579,0.8253176043557169,0.8356918238993711
273,13,51,2,11,0.8311688311688312,0.7519654088050314,0.9622641509433962,0.5416666666666666,0.8869565217391304,0.5416666666666666,0.9622641509433962,0.6666666666666666,0.7768115942028986,0.7869496855345912
274,10,52,5,10,0.8051948051948052,0.706140350877193,0.9122807017543859,0.5,0.8739495798319328,0.5,0.9122807017543859,0.5714285714285714,0.7226890756302521,0.8254385964912281
275,11,57,5,4,0.8831168831168831,0.8263440860215053,0.9193548387096774,0.7333333333333333,0.926829268292683,0.7333333333333333,0.9193548387096774,0.7096774193548387,0.8182533438237609,0.8462365591397849
276,10,54,3,10,0.8311688311688312,0.7236842105263157,0.9473684210526315,0.5,0.8925619834710744,0.5,0.9473684210526315,0.6060606060606061,0.7493112947658402,0.7315789473684211
277,15,53,3,6,0.8831168831168831,0.8303571428571428,0.9464285714285714,0.7142857142857143,0.9217391304347826,0.7142857142857143,0.9464285714285714,0.7692307692307693,0.8454849498327759,0.8835034013605443
278,16,49,4,8,0.8441558441558441,0.7955974842767295,0.9245283018867925,0.6666666666666666,0.8909090909090909,0.6666666666666666,0.9245283018867925,0.7272727272727273,0.8090909090909091,0.8404088050314464
279,7,60,5,5,0.8701298701298701,0.7532051282051282,0.9230769230769231,0.5833333333333334,0.9230769230769231,0.5833333333333334,0.9230769230769231,0.5833333333333334,0.7532051282051282,0.8628205128205129
280,11,53,6,7,0.8311688311688312,0.754708097928437,0.8983050847457628,0.6111111111111112,0.8907563025210085,0.6111111111111112,0.8983050847457628,0.6285714285714286,0.7596638655462185,0.8126177024482107
281,12,56,3,6,0.8831168831168831,0.807909604519774,0.9491525423728814,0.6666666666666666,0.9256198347107438,0.6666666666666666,0.9491525423728814,0.7272727272727273,0.8264462809917356,0.8229755178907721
282,7,53,6,11,0.7792207792207793,0.6435969868173258,0.8983050847457628,0.3888888888888889,0.8617886178861789,0.3888888888888889,0.8983050847457628,0.45161290322580644,0.6567007605559927,0.7984934086629001
283,16,42,6,13,0.7532467532467533,0.7133620689655172,0.875,0.5517241379310345,0.8155339805825242,0.5517241379310345,0.875,0.6274509803921569,0.7214924804873406,0.7916666666666666
284,11,55,2,9,0.8571428571428571,0.7574561403508773,0.9649122807017544,0.55,0.9090909090909091,0.55,0.9649122807017544,0.6666666666666666,0.7878787878787878,0.7666666666666667
285,12,52,6,7,0.8311688311688312,0.764065335753176,0.896551724137931,0.631578947368421,0.8888888888888888,0.631578947368421,0.896551724137931,0.6486486486486487,0.7687687687687688,0.7758620689655172
286,16,52,3,6,0.8831168831168831,0.8363636363636364,0.9454545454545454,0.7272727272727273,0.9203539823008849,0.7272727272727273,0.9454545454545454,0.7804878048780488,0.8504208935894668,0.8355371900826445
287,12,49,4,12,0.7922077922077922,0.7122641509433962,0.9245283018867925,0.5,0.8596491228070176,0.5,0.9245283018867925,0.6,0.7298245614035088,0.8042452830188679
288,15,48,7,7,0.8181818181818182,0.7772727272727272,0.8727272727272727,0.6818181818181818,0.8727272727272727,0.6818181818181818,0.8727272727272727,0.6818181818181818,0.7772727272727272,0.7479338842975207
289,11,57,5,4,0.8831168831168831,0.8263440860215053,0.9193548387096774,0.7333333333333333,0.926829268292683,0.7333333333333333,0.9193548387096774,0.7096774193548387,0.8182533438237609,0.8440860215053763
290,14,58,1,4,0.935064935064935,0.8804143126177024,0.9830508474576272,0.7777777777777778,0.9586776859504132,0.7777777777777778,0.9830508474576272,0.8484848484848485,0.9035812672176309,0.9114877589453861
291,15,50,5,7,0.8441558441558441,0.7954545454545454,0.9090909090909091,0.6818181818181818,0.8928571428571429,0.6818181818181818,0.9090909090909091,0.7142857142857143,0.8035714285714286,0.8545454545454546
292,11,50,6,10,0.7922077922077922,0.7083333333333334,0.8928571428571429,0.5238095238095238,0.8620689655172413,0.5238095238095238,0.8928571428571429,0.5789473684210527,0.720508166969147,0.7576530612244897
293,16,51,3,7,0.8701298701298701,0.8200483091787439,0.9444444444444444,0.6956521739130435,0.9107142857142857,0.6956521739130435,0.9444444444444444,0.7619047619047619,0.8363095238095237,0.8196457326892109
294,11,46,7,13,0.7402597402597403,0.66312893081761,0.8679245283018868,0.4583333333333333,0.8214285714285714,0.4583333333333333,0.8679245283018868,0.5238095238095238,0.6726190476190477,0.6698113207547169
295,19,47,4,7,0.8571428571428571,0.8261689291101055,0.9215686274509803,0.7307692307692307,0.8952380952380953,0.7307692307692307,0.9215686274509803,0.7755102040816326,0.8353741496598639,0.8257918552036199
296,9,59,3,6,0.8831168831168831,0.7758064516129033,0.9516129032258065,0.6,0.9291338582677166,0.6,0.9516129032258065,0.6666666666666666,0.7979002624671916,0.7784946236559139
297,11,51,7,8,0.8051948051948052,0.7291288566243195,0.8793103448275862,0.5789473684210527,0.8717948717948718,0.5789473684210527,0.8793103448275862,0.5945945945945946,0.7331947331947333,0.7268602540834845
298,9,60,3,5,0.8961038961038961,0.7976190476190477,0.9523809523809523,0.6428571428571429,0.9375,0.6428571428571429,0.9523809523809523,0.6923076923076923,0.8149038461538461,0.7426303854875284
299,18,49,2,8,0.8701298701298701,0.8265460030165912,0.9607843137254902,0.6923076923076923,0.9074074074074074,0.6923076923076923,0.9607843137254902,0.782608695652174,0.8450080515297906,0.8861236802413273
300,13,54,5,5,0.8701298701298701,0.8187382297551788,0.9152542372881356,0.7222222222222222,0.9152542372881356,0.7222222222222222,0.9152542372881356,0.7222222222222222,0.8187382297551788,0.8606403013182674
301,13,54,7,3,0.8701298701298701,0.8488729508196722,0.8852459016393442,0.8125,0.9152542372881356,0.8125,0.8852459016393442,0.7222222222222222,0.8187382297551788,0.8698770491803278
302,13,52,5,7,0.8441558441558441,0.781140350877193,0.9122807017543859,0.65,0.896551724137931,0.65,0.9122807017543859,0.6842105263157895,0.7903811252268602,0.8192982456140351
303,15,55,3,4,0.9090909090909091,0.8688747731397459,0.9482758620689655,0.7894736842105263,0.9401709401709402,0.7894736842105263,0.9482758620689655,0.8108108108108109,0.8754908754908755,0.8811252268602541
304,14,46,5,12,0.7792207792207793,0.720211161387632,0.9019607843137255,0.5384615384615384,0.8440366972477065,0.5384615384615384,0.9019607843137255,0.6222222222222222,0.7331294597349644,0.7390648567119156
305,17,49,5,6,0.8571428571428571,0.823268921095008,0.9074074074074074,0.7391304347826086,0.8990825688073395,0.7391304347826086,0.9074074074074074,0.7555555555555555,0.8273190621814475,0.855877616747182
306,11,58,2,6,0.8961038961038961,0.8068627450980392,0.9666666666666667,0.6470588235294118,0.9354838709677419,0.6470588235294118,0.9666666666666667,0.7333333333333333,0.8344086021505376,0.8686274509803922
307,5,59,2,11,0.8311688311688312,0.6398565573770492,0.9672131147540983,0.3125,0.9007633587786259,0.3125,0.9672131147540983,0.43478260869565216,0.667772983737139,0.680327868852459
308,12,54,6,5,0.8571428571428571,0.8029411764705883,0.9,0.7058823529411765,0.907563025210084,0.7058823529411765,0.9,0.6857142857142857,0.7966386554621849,0.8421568627450979
309,10,56,5,6,0.8571428571428571,0.771516393442623,0.9180327868852459,0.625,0.9105691056910569,0.625,0.9180327868852459,0.6451612903225806,0.7778651980068187,0.8206967213114755
310,8,53,5,11,0.7922077922077922,0.6674228675136116,0.9137931034482759,0.42105263157894735,0.8688524590163934,0.42105263157894735,0.9137931034482759,0.5,0.6844262295081966,0.6007259528130672
311,9,55,5,8,0.8311688311688312,0.7230392156862745,0.9166666666666666,0.5294117647058824,0.8943089430894309,0.5294117647058824,0.9166666666666666,0.5806451612903226,0.7374770521898768,0.7303921568627452
312,9,52,9,7,0.7922077922077922,0.7074795081967213,0.8524590163934426,0.5625,0.8666666666666667,0.5625,0.8524590163934426,0.5294117647058824,0.6980392156862745,0.7766393442622951
313,13,48,6,10,0.7922077922077922,0.7270531400966183,0.8888888888888888,0.5652173913043478,0.8571428571428571,0.5652173913043478,0.8888888888888888,0.6190476190476191,0.7380952380952381,0.7648953301127214
314,9,53,6,9,0.8051948051948052,0.6991525423728814,0.8983050847457628,0.5,0.8760330578512396,0.5,0.8983050847457628,0.5454545454545454,0.7107438016528925,0.7919020715630886
315,16,52,3,6,0.8831168831168831,0.8363636363636364,0.9454545454545454,0.7272727272727273,0.9203539823008849,0.7272727272727273,0.9454545454545454,0.7804878048780488,0.8504208935894668,0.843801652892562
316,12,54,5,6,0.8571428571428571,0.7909604519774012,0.9152542372881356,0.6666666666666666,0.907563025210084,0.6666666666666666,0.9152542372881356,0.6857142857142857,0.7966386554621849,0.8634651600753296
317,12,51,6,8,0.8181818181818182,0.7473684210526316,0.8947368421052632,0.6,0.8793103448275862,0.6,0.8947368421052632,0.631578947368421,0.7554446460980035,0.737719298245614
318,11,50,5,11,0.7922077922077922,0.7045454545454546,0.9090909090909091,0.5,0.8620689655172413,0.5,0.9090909090909091,0.5789473684210527,0.720508166969147,0.7528925619834711
319,13,54,3,7,0.8701298701298701,0.7986842105263158,0.9473684210526315,0.65,0.9152542372881356,0.65,0.9473684210526315,0.7222222222222222,0.8187382297551788,0.8052631578947369
320,9,56,5,7,0.8441558441558441,0.740266393442623,0.9180327868852459,0.5625,0.9032258064516129,0.5625,0.9180327868852459,0.6,0.7516129032258064,0.7643442622950819
321,15,44,5,13,0.7662337662337663,0.7168367346938775,0.8979591836734694,0.5357142857142857,0.8301886792452831,0.5357142857142857,0.8979591836734694,0.625,0.7275943396226415,0.717930029154519
322,12,57,3,5,0.8961038961038961,0.8279411764705882,0.95,0.7058823529411765,0.9344262295081968,0.7058823529411765,0.95,0.75,0.8422131147540983,0.8431372549019609
323,14,53,6,4,0.8701298701298701,0.8380414312617703,0.8983050847457628,0.7777777777777778,0.9137931034482759,0.7777777777777778,0.8983050847457628,0.7368421052631579,0.8253176043557169,0.8540489642184557
324,21,46,2,8,0.8701298701298701,0.8412356321839081,0.9583333333333334,0.7241379310344828,0.9019607843137255,0.7241379310344828,0.9583333333333334,0.8076923076923077,0.8548265460030167,0.9015804597701149
325,20,47,2,8,0.8701298701298701,0.8367346938775511,0.9591836734693877,0.7142857142857143,0.9038461538461539,0.7142857142857143,0.9591836734693877,0.8,0.851923076923077,0.8855685131195336
326,10,54,2,11,0.8311688311688312,0.7202380952380952,0.9642857142857143,0.47619047619047616,0.8925619834710744,0.47619047619047616,0.9642857142857143,0.6060606060606061,0.7493112947658402,0.7933673469387755
327,15,58,4,0,0.948051948051948,0.967741935483871,0.9354838709677419,1.0,0.9666666666666667,1.0,0.9354838709677419,0.8823529411764706,0.9245098039215687,0.9569892473118279
328,11,53,5,8,0.8311688311688312,0.7463702359346642,0.9137931034482759,0.5789473684210527,0.8907563025210085,0.5789473684210527,0.9137931034482759,0.6285714285714286,0.7596638655462185,0.7431941923774955
329,11,52,5,9,0.8181818181818182,0.731140350877193,0.9122807017543859,0.55,0.8813559322033898,0.55,0.9122807017543859,0.6111111111111112,0.7462335216572504,0.7526315789473684
330,15,48,7,7,0.8181818181818182,0.7772727272727272,0.8727272727272727,0.6818181818181818,0.8727272727272727,0.6818181818181818,0.8727272727272727,0.6818181818181818,0.7772727272727272,0.8322314049586776
331,13,45,7,12,0.7532467532467533,0.6926923076923077,0.8653846153846154,0.52,0.8256880733944955,0.52,0.8653846153846154,0.5777777777777777,0.7017329255861366,0.7569230769230769
332,12,52,4,9,0.8311688311688312,0.75,0.9285714285714286,0.5714285714285714,0.8888888888888888,0.5714285714285714,0.9285714285714286,0.6486486486486487,0.7687687687687688,0.7661564625850339
333,22,42,8,5,0.8311688311688312,0.8274074074074074,0.84,0.8148148148148148,0.865979381443299,0.8148148148148148,0.84,0.7719298245614035,0.8189546030023512,0.8474074074074074
334,15,48,5,9,0.8181818181818182,0.7653301886792453,0.9056603773584906,0.625,0.8727272727272727,0.625,0.9056603773584906,0.6818181818181818,0.7772727272727272,0.8404088050314465
335,11,54,5,7,0.8441558441558441,0.7631826741996234,0.9152542372881356,0.6111111111111112,0.9,0.6111111111111112,0.9152542372881356,0.6470588235294118,0.7735294117647059,0.8154425612052731
336,14,47,3,13,0.7922077922077922,0.7292592592592593,0.94,0.5185185185185185,0.8545454545454545,0.5185185185185185,0.94,0.6363636363636364,0.7454545454545454,0.8125925925925926
337,10,57,6,4,0.8701298701298701,0.8095238095238095,0.9047619047619048,0.7142857142857143,0.9193548387096774,0.7142857142857143,0.9047619047619048,0.6666666666666666,0.793010752688172,0.8367346938775511
338,10,55,4,8,0.8441558441558441,0.743879472693032,0.9322033898305084,0.5555555555555556,0.9016393442622951,0.5555555555555556,0.9322033898305084,0.625,0.7633196721311475,0.7815442561205272
339,10,53,4,10,0.8181818181818182,0.7149122807017544,0.9298245614035088,0.5,0.8833333333333333,0.5,0.9298245614035088,0.5882352941176471,0.7357843137254902,0.7894736842105263
340,9,52,6,10,0.7922077922077922,0.6851179673321234,0.896551724137931,0.47368421052631576,0.8666666666666667,0.47368421052631576,0.896551724137931,0.5294117647058824,0.6980392156862745,0.7150635208711434
341,13,53,6,5,0.8571428571428571,0.8102636534839924,0.8983050847457628,0.7222222222222222,0.905982905982906,0.7222222222222222,0.8983050847457628,0.7027027027027027,0.8043428043428044,0.8258003766478341
342,7,55,2,13,0.8051948051948052,0.6574561403508772,0.9649122807017544,0.35,0.88,0.35,0.9649122807017544,0.4827586206896552,0.6813793103448276,0.5868421052631579
343,7,55,10,5,0.8051948051948052,0.7147435897435898,0.8461538461538461,0.5833333333333334,0.88,0.5833333333333334,0.8461538461538461,0.4827586206896552,0.6813793103448276,0.7423076923076922
344,10,51,4,12,0.7922077922077922,0.6909090909090909,0.9272727272727272,0.45454545454545453,0.864406779661017,0.45454545454545453,0.9272727272727272,0.5555555555555556,0.7099811676082863,0.7454545454545455
345,12,52,3,10,0.8311688311688312,0.7454545454545454,0.9454545454545454,0.5454545454545454,0.8888888888888888,0.5454545454545454,0.9454545454545454,0.6486486486486487,0.7687687687687688,0.7272727272727272
346,19,44,5,9,0.8181818181818182,0.7882653061224489,0.8979591836734694,0.6785714285714286,0.8627450980392157,0.6785714285714286,0.8979591836734694,0.7307692307692307,0.7967571644042233,0.8272594752186588
347,11,55,4,7,0.8571428571428571,0.7716572504708098,0.9322033898305084,0.6111111111111112,0.9090909090909091,0.6111111111111112,0.9322033898305084,0.6666666666666666,0.7878787878787878,0.8295668549905838
348,9,59,5,4,0.8831168831168831,0.8070913461538461,0.921875,0.6923076923076923,0.9291338582677166,0.6923076923076923,0.921875,0.6666666666666666,0.7979002624671916,0.9158653846153847
349,20,44,4,9,0.8311688311688312,0.8031609195402298,0.9166666666666666,0.6896551724137931,0.8712871287128713,0.6896551724137931,0.9166666666666666,0.7547169811320755,0.8130020549224735,0.8498563218390804
350,25,43,3,6,0.8831168831168831,0.8706171107994389,0.9347826086956522,0.8064516129032258,0.9052631578947369,0.8064516129032258,0.9347826086956522,0.847457627118644,0.8763603925066905,0.9200561009817672
351,19,49,3,6,0.8831168831168831,0.8511538461538461,0.9423076923076923,0.76,0.9158878504672897,0.76,0.9423076923076923,0.8085106382978723,0.862199244382581,0.866923076923077
352,18,50,1,8,0.8831168831168831,0.8363499245852186,0.9803921568627451,0.6923076923076923,0.9174311926605505,0.6923076923076923,0.9803921568627451,0.8,0.8587155963302753,0.9019607843137256
353,8,59,3,7,0.8701298701298701,0.7424731182795699,0.9516129032258065,0.5333333333333333,0.921875,0.5333333333333333,0.9516129032258065,0.6153846153846154,0.7686298076923077,0.7419354838709676
354,15,47,6,9,0.8051948051948052,0.7558962264150944,0.8867924528301887,0.625,0.8623853211009175,0.625,0.8867924528301887,0.6666666666666666,0.764525993883792,0.8663522012578616
355,9,51,2,15,0.7792207792207793,0.6686320754716981,0.9622641509433962,0.375,0.8571428571428571,0.375,0.9622641509433962,0.5142857142857142,0.6857142857142857,0.6902515723270441
356,20,45,6,6,0.8441558441558441,0.8257918552036199,0.8823529411764706,0.7692307692307693,0.8823529411764706,0.7692307692307693,0.8823529411764706,0.7692307692307693,0.8257918552036199,0.8295625942684767
357,13,51,1,12,0.8311688311688312,0.7503846153846154,0.9807692307692307,0.52,0.8869565217391304,0.52,0.9807692307692307,0.6666666666666666,0.7768115942028986,0.7946153846153847
358,12,50,7,8,0.8051948051948052,0.7385964912280701,0.8771929824561403,0.6,0.8695652173913043,0.6,0.8771929824561403,0.6153846153846154,0.7424749163879598,0.7833333333333334
359,12,53,3,9,0.8441558441558441,0.7589285714285714,0.9464285714285714,0.5714285714285714,0.8983050847457628,0.5714285714285714,0.9464285714285714,0.6666666666666666,0.7824858757062148,0.7865646258503401
360,13,55,4,5,0.8831168831168831,0.8272128060263653,0.9322033898305084,0.7222222222222222,0.9243697478991597,0.7222222222222222,0.9322033898305084,0.7428571428571429,0.8336134453781513,0.8785310734463276
361,11,59,3,4,0.9090909090909091,0.8424731182795699,0.9516129032258065,0.7333333333333333,0.944,0.7333333333333333,0.9516129032258065,0.7586206896551724,0.8513103448275862,0.8784946236559139
362,13,54,5,5,0.8701298701298701,0.8187382297551788,0.9152542372881356,0.7222222222222222,0.9152542372881356,0.7222222222222222,0.9152542372881356,0.7222222222222222,0.8187382297551788,0.803201506591337
363,7,50,7,13,0.7402597402597403,0.6135964912280701,0.8771929824561403,0.35,0.8333333333333334,0.35,0.8771929824561403,0.4117647058823529,0.6225490196078431,0.7640350877192983
364,9,56,5,7,0.8441558441558441,0.740266393442623,0.9180327868852459,0.5625,0.9032258064516129,0.5625,0.9180327868852459,0.6,0.7516129032258064,0.8084016393442622
365,20,47,6,4,0.8701298701298701,0.8600628930817611,0.8867924528301887,0.8333333333333334,0.9038461538461539,0.8333333333333334,0.8867924528301887,0.8,0.851923076923077,0.8632075471698113
366,9,57,5,6,0.8571428571428571,0.7596774193548387,0.9193548387096774,0.6,0.912,0.6,0.9193548387096774,0.6206896551724138,0.7663448275862069,0.7612903225806452
367,12,50,5,10,0.8051948051948052,0.7272727272727273,0.9090909090909091,0.5454545454545454,0.8695652173913043,0.5454545454545454,0.9090909090909091,0.6153846153846154,0.7424749163879598,0.6710743801652893
368,11,48,3,15,0.7662337662337663,0.6821266968325792,0.9411764705882353,0.4230769230769231,0.8421052631578947,0.4230769230769231,0.9411764705882353,0.55,0.6960526315789474,0.7828054298642533
369,9,55,5,8,0.8311688311688312,0.7230392156862745,0.9166666666666666,0.5294117647058824,0.8943089430894309,0.5294117647058824,0.9166666666666666,0.5806451612903226,0.7374770521898768,0.8186274509803921
370,13,53,5,6,0.8571428571428571,0.7990018148820327,0.9137931034482759,0.6842105263157895,0.905982905982906,0.6842105263157895,0.9137931034482759,0.7027027027027027,0.8043428043428044,0.9065335753176043
371,10,53,5,9,0.8181818181818182,0.72005444646098,0.9137931034482759,0.5263157894736842,0.8833333333333333,0.5263157894736842,0.9137931034482759,0.5882352941176471,0.7357843137254902,0.7976406533575316
372,14,52,1,10,0.8571428571428571,0.7822327044025157,0.9811320754716981,0.5833333333333334,0.9043478260869565,0.5833333333333334,0.9811320754716981,0.717948717948718,0.8111482720178372,0.8333333333333333
373,13,56,1,7,0.8961038961038961,0.8162280701754385,0.9824561403508771,0.65,0.9333333333333333,0.65,0.9824561403508771,0.7647058823529411,0.8490196078431372,0.8456140350877193
374,17,47,4,9,0.8311688311688312,0.7877073906485671,0.9215686274509803,0.6538461538461539,0.8785046728971962,0.6538461538461539,0.9215686274509803,0.723404255319149,0.8009544641081726,0.8295625942684767
375,17,45,5,10,0.8051948051948052,0.7648148148148148,0.9,0.6296296296296297,0.8571428571428571,0.6296296296296297,0.9,0.6938775510204082,0.7755102040816326,0.7851851851851852
376,15,55,1,6,0.9090909090909091,0.8482142857142857,0.9821428571428571,0.7142857142857143,0.9401709401709402,0.7142857142857143,0.9821428571428571,0.8108108108108109,0.8754908754908755,0.8767006802721088
377,18,49,3,7,0.8701298701298701,0.8311538461538461,0.9423076923076923,0.72,0.9074074074074074,0.72,0.9423076923076923,0.782608695652174,0.8450080515297906,0.8838461538461538
378,17,45,5,10,0.8051948051948052,0.7648148148148148,0.9,0.6296296296296297,0.8571428571428571,0.6296296296296297,0.9,0.6938775510204082,0.7755102040816326,0.8103703703703703
379,17,53,1,6,0.9090909090909091,0.8603059581320451,0.9814814814814815,0.7391304347826086,0.9380530973451328,0.7391304347826086,0.9814814814814815,0.8292682926829268,0.8836606950140298,0.8776167471819646
380,7,56,4,10,0.8181818181818182,0.6725490196078432,0.9333333333333333,0.4117647058823529,0.8888888888888888,0.4117647058823529,0.9333333333333333,0.5,0.6944444444444444,0.6990196078431373
381,11,56,2,8,0.8701298701298701,0.7722323049001816,0.9655172413793104,0.5789473684210527,0.9180327868852459,0.5789473684210527,0.9655172413793104,0.6875,0.802766393442623,0.7976406533575318
382,14,56,3,4,0.9090909090909091,0.8634651600753296,0.9491525423728814,0.7777777777777778,0.9411764705882353,0.7777777777777778,0.9491525423728814,0.8,0.8705882352941177,0.9067796610169491
383,12,52,4,9,0.8311688311688312,0.75,0.9285714285714286,0.5714285714285714,0.8888888888888888,0.5714285714285714,0.9285714285714286,0.6486486486486487,0.7687687687687688,0.7789115646258504
384,10,57,6,4,0.8701298701298701,0.8095238095238095,0.9047619047619048,0.7142857142857143,0.9193548387096774,0.7142857142857143,0.9047619047619048,0.6666666666666666,0.793010752688172,0.7596371882086168
385,17,51,6,3,0.8831168831168831,0.8723684210526316,0.8947368421052632,0.85,0.918918918918919,0.85,0.8947368421052632,0.7906976744186046,0.8548082966687618,0.9114035087719298
386,17,51,2,7,0.8831168831168831,0.8352987421383649,0.9622641509433962,0.7083333333333334,0.918918918918919,0.7083333333333334,0.9622641509433962,0.7906976744186046,0.8548082966687618,0.8852201257861635
387,10,53,4,10,0.8181818181818182,0.7149122807017544,0.9298245614035088,0.5,0.8833333333333333,0.5,0.9298245614035088,0.5882352941176471,0.7357843137254902,0.7596491228070176
388,13,48,2,14,0.7922077922077922,0.7207407407407407,0.96,0.48148148148148145,0.8571428571428571,0.48148148148148145,0.96,0.6190476190476191,0.7380952380952381,0.7585185185185185
389,10,50,6,11,0.7792207792207793,0.6845238095238095,0.8928571428571429,0.47619047619047616,0.8547008547008547,0.47619047619047616,0.8928571428571429,0.5405405405405406,0.6976206976206976,0.7159863945578231
390,10,63,2,2,0.948051948051948,0.9012820512820513,0.9692307692307692,0.8333333333333334,0.9692307692307692,0.8333333333333334,0.9692307692307692,0.8333333333333334,0.9012820512820513,0.9512820512820512
391,10,47,5,15,0.7402597402597403,0.6519230769230769,0.9038461538461539,0.4,0.8245614035087719,0.4,0.9038461538461539,0.5,0.6622807017543859,0.6292307692307693
392,13,52,1,11,0.8441558441558441,0.7613993710691824,0.9811320754716981,0.5416666666666666,0.896551724137931,0.5416666666666666,0.9811320754716981,0.6842105263157895,0.7903811252268602,0.8427672955974843
393,16,50,5,6,0.8571428571428571,0.8181818181818181,0.9090909090909091,0.7272727272727273,0.9009009009009009,0.7272727272727273,0.9090909090909091,0.7441860465116279,0.8225434737062645,0.8818181818181818
394,11,55,5,6,0.8571428571428571,0.7818627450980392,0.9166666666666666,0.6470588235294118,0.9090909090909091,0.6470588235294118,0.9166666666666666,0.6666666666666666,0.7878787878787878,0.788235294117647
395,13,54,3,7,0.8701298701298701,0.7986842105263158,0.9473684210526315,0.65,0.9152542372881356,0.65,0.9473684210526315,0.7222222222222222,0.8187382297551788,0.886842105263158
396,16,56,1,4,0.935064935064935,0.8912280701754386,0.9824561403508771,0.8,0.9572649572649573,0.8,0.9824561403508771,0.8648648648648649,0.9110649110649112,0.8833333333333334
397,9,58,3,7,0.8701298701298701,0.7566598360655737,0.9508196721311475,0.5625,0.9206349206349206,0.5625,0.9508196721311475,0.6428571428571429,0.7817460317460317,0.8319672131147541
398,13,50,6,8,0.8181818181818182,0.7559523809523809,0.8928571428571429,0.6190476190476191,0.8771929824561403,0.6190476190476191,0.8928571428571429,0.65,0.7635964912280702,0.7185374149659863
399,15,57,0,5,0.935064935064935,0.875,1.0,0.75,0.957983193277311,0.75,1.0,0.8571428571428571,0.907563025210084,0.9210526315789473
400,15,47,2,13,0.8051948051948052,0.7474489795918366,0.9591836734693877,0.5357142857142857,0.8623853211009175,0.5357142857142857,0.9591836734693877,0.6666666666666666,0.764525993883792,0.8177842565597667
401,11,52,3,11,0.8181818181818182,0.7227272727272727,0.9454545454545454,0.5,0.8813559322033898,0.5,0.9454545454545454,0.6111111111111112,0.7462335216572504,0.759504132231405
402,11,52,6,8,0.8181818181818182,0.7377495462794919,0.896551724137931,0.5789473684210527,0.8813559322033898,0.5789473684210527,0.896551724137931,0.6111111111111112,0.7462335216572504,0.8039927404718694
403,15,48,3,11,0.8181818181818182,0.7590497737556561,0.9411764705882353,0.5769230769230769,0.8727272727272727,0.5769230769230769,0.9411764705882353,0.6818181818181818,0.7772727272727272,0.801659125188537
404,18,49,1,9,0.8701298701298701,0.8233333333333333,0.98,0.6666666666666666,0.9074074074074074,0.6666666666666666,0.98,0.782608695652174,0.8450080515297906,0.9422222222222222
405,10,57,3,7,0.8701298701298701,0.7691176470588235,0.95,0.5882352941176471,0.9193548387096774,0.5882352941176471,0.95,0.6666666666666666,0.793010752688172,0.8725490196078431
406,11,58,3,5,0.8961038961038961,0.8191598360655737,0.9508196721311475,0.6875,0.9354838709677419,0.6875,0.9508196721311475,0.7333333333333333,0.8344086021505376,0.8278688524590164
407,13,56,2,6,0.8961038961038961,0.8248638838475499,0.9655172413793104,0.6842105263157895,0.9333333333333333,0.6842105263157895,0.9655172413793104,0.7647058823529411,0.8490196078431372,0.8303085299455535
408,17,48,4,8,0.8441558441558441,0.8015384615384615,0.9230769230769231,0.68,0.8888888888888888,0.68,0.9230769230769231,0.7391304347826086,0.8140096618357487,0.8538461538461539
409,9,52,6,10,0.7922077922077922,0.6851179673321234,0.896551724137931,0.47368421052631576,0.8666666666666667,0.47368421052631576,0.896551724137931,0.5294117647058824,0.6980392156862745,0.7840290381125226
410,11,53,4,9,0.8311688311688312,0.7399122807017544,0.9298245614035088,0.55,0.8907563025210085,0.55,0.9298245614035088,0.6285714285714286,0.7596638655462185,0.8210526315789474
411,14,50,3,10,0.8311688311688312,0.7633647798742138,0.9433962264150944,0.5833333333333334,0.8849557522123894,0.5833333333333334,0.9433962264150944,0.6829268292682927,0.7839412907403411,0.770440251572327
412,13,56,3,5,0.8961038961038961,0.8356873822975518,0.9491525423728814,0.7222222222222222,0.9333333333333333,0.7222222222222222,0.9491525423728814,0.7647058823529411,0.8490196078431372,0.89924670433145
413,11,54,4,8,0.8441558441558441,0.7549909255898366,0.9310344827586207,0.5789473684210527,0.9,0.5789473684210527,0.9310344827586207,0.6470588235294118,0.7735294117647059,0.8076225045372051
414,14,49,6,8,0.8181818181818182,0.7636363636363637,0.8909090909090909,0.6363636363636364,0.875,0.6363636363636364,0.8909090909090909,0.6666666666666666,0.7708333333333333,0.7512396694214876
415,6,64,0,7,0.9090909090909091,0.7307692307692308,1.0,0.46153846153846156,0.9481481481481482,0.46153846153846156,1.0,0.631578947368421,0.7898635477582846,0.7896634615384616
416,14,52,8,3,0.8571428571428571,0.8450980392156863,0.8666666666666667,0.8235294117647058,0.9043478260869565,0.8235294117647058,0.8666666666666667,0.717948717948718,0.8111482720178372,0.8352941176470589
417,12,56,5,4,0.8831168831168831,0.834016393442623,0.9180327868852459,0.75,0.9256198347107438,0.75,0.9180327868852459,0.7272727272727273,0.8264462809917356,0.8319672131147541
418,17,50,2,8,0.8701298701298701,0.8207692307692308,0.9615384615384616,0.68,0.9090909090909091,0.68,0.9615384615384616,0.7727272727272727,0.8409090909090908,0.8138461538461539
419,10,49,5,13,0.7662337662337663,0.6710950080515298,0.9074074074074074,0.43478260869565216,0.8448275862068966,0.43478260869565216,0.9074074074074074,0.5263157894736842,0.6855716878402904,0.7367149758454106
420,15,48,6,8,0.8181818181818182,0.7705314009661836,0.8888888888888888,0.6521739130434783,0.8727272727272727,0.6521739130434783,0.8888888888888888,0.6818181818181818,0.7772727272727272,0.7624798711755234
421,9,55,5,8,0.8311688311688312,0.7230392156862745,0.9166666666666666,0.5294117647058824,0.8943089430894309,0.5294117647058824,0.9166666666666666,0.5806451612903226,0.7374770521898768,0.8666666666666667
422,16,51,5,5,0.8701298701298701,0.8363095238095237,0.9107142857142857,0.7619047619047619,0.9107142857142857,0.7619047619047619,0.9107142857142857,0.7619047619047619,0.8363095238095237,0.8154761904761906
423,9,60,2,6,0.8961038961038961,0.7838709677419355,0.967741935483871,0.6,0.9375,0.6,0.967741935483871,0.6923076923076923,0.8149038461538461,0.8086021505376344
424,18,46,4,9,0.8311688311688312,0.7933333333333333,0.92,0.6666666666666666,0.8761904761904762,0.6666666666666666,0.92,0.7346938775510204,0.8054421768707483,0.8237037037037037
425,11,51,3,12,0.8051948051948052,0.711352657004831,0.9444444444444444,0.4782608695652174,0.8717948717948718,0.4782608695652174,0.9444444444444444,0.5945945945945946,0.7331947331947333,0.7479871175523349
426,15,50,5,7,0.8441558441558441,0.7954545454545454,0.9090909090909091,0.6818181818181818,0.8928571428571429,0.6818181818181818,0.9090909090909091,0.7142857142857143,0.8035714285714286,0.78099173553719
427,9,60,4,4,0.8961038961038961,0.8149038461538461,0.9375,0.6923076923076923,0.9375,0.6923076923076923,0.9375,0.6923076923076923,0.8149038461538461,0.7920673076923077
428,10,51,7,9,0.7922077922077922,0.7028130671506352,0.8793103448275862,0.5263157894736842,0.864406779661017,0.5263157894736842,0.8793103448275862,0.5555555555555556,0.7099811676082863,0.6851179673321234
429,16,49,2,10,0.8441558441558441,0.7880844645550529,0.9607843137254902,0.6153846153846154,0.8909090909090909,0.6153846153846154,0.9607843137254902,0.7272727272727273,0.8090909090909091,0.8627450980392157
430,15,50,3,9,0.8441558441558441,0.7841981132075472,0.9433962264150944,0.625,0.8928571428571429,0.625,0.9433962264150944,0.7142857142857143,0.8035714285714286,0.7492138364779874
431,14,50,5,8,0.8311688311688312,0.7727272727272727,0.9090909090909091,0.6363636363636364,0.8849557522123894,0.6363636363636364,0.9090909090909091,0.6829268292682927,0.7839412907403411,0.8016528925619835
432,14,54,4,5,0.8831168831168831,0.8339382940108893,0.9310344827586207,0.7368421052631579,0.9230769230769231,0.7368421052631579,0.9310344827586207,0.7567567567567568,0.83991683991684,0.8838475499092558
433,9,53,2,13,0.8051948051948052,0.6863636363636364,0.9636363636363636,0.4090909090909091,0.8760330578512396,0.4090909090909091,0.9636363636363636,0.5454545454545454,0.7107438016528925,0.8107438016528925
434,14,55,3,5,0.8961038961038961,0.8425589836660616,0.9482758620689655,0.7368421052631579,0.9322033898305084,0.7368421052631579,0.9482758620689655,0.7777777777777778,0.8549905838041432,0.8729582577132488
435,10,54,4,9,0.8311688311688312,0.7286751361161524,0.9310344827586207,0.5263157894736842,0.8925619834710744,0.5263157894736842,0.9310344827586207,0.6060606060606061,0.7493112947658402,0.7713248638838476
436,11,54,3,9,0.8441558441558441,0.7486842105263158,0.9473684210526315,0.55,0.9,0.55,0.9473684210526315,0.6470588235294118,0.7735294117647059,0.6614035087719298
437,8,60,3,6,0.8831168831168831,0.7619047619047619,0.9523809523809523,0.5714285714285714,0.9302325581395349,0.5714285714285714,0.9523809523809523,0.64,0.7851162790697674,0.7585034013605443
438,11,53,3,10,0.8311688311688312,0.7351190476190477,0.9464285714285714,0.5238095238095238,0.8907563025210085,0.5238095238095238,0.9464285714285714,0.6285714285714286,0.7596638655462185,0.869047619047619
439,14,54,2,7,0.8831168831168831,0.8154761904761905,0.9642857142857143,0.6666666666666666,0.9230769230769231,0.6666666666666666,0.9642857142857143,0.7567567567567568,0.83991683991684,0.9090136054421768
440,8,53,6,10,0.7922077922077922,0.6713747645951036,0.8983050847457628,0.4444444444444444,0.8688524590163934,0.4444444444444444,0.8983050847457628,0.5,0.6844262295081966,0.6619585687382297
441,13,49,5,10,0.8051948051948052,0.7363123993558776,0.9074074074074074,0.5652173913043478,0.8672566371681416,0.5652173913043478,0.9074074074074074,0.6341463414634146,0.7507014893157782,0.7721417069243156
442,12,50,3,12,0.8051948051948052,0.7216981132075472,0.9433962264150944,0.5,0.8695652173913043,0.5,0.9433962264150944,0.6153846153846154,0.7424749163879598,0.8128930817610063
443,16,45,8,8,0.7922077922077922,0.7578616352201257,0.8490566037735849,0.6666666666666666,0.8490566037735849,0.6666666666666666,0.8490566037735849,0.6666666666666666,0.7578616352201257,0.7775157232704404
444,16,51,3,7,0.8701298701298701,0.8200483091787439,0.9444444444444444,0.6956521739130435,0.9107142857142857,0.6956521739130435,0.9444444444444444,0.7619047619047619,0.8363095238095237,0.8325281803542672
445,13,51,7,6,0.8311688311688312,0.7817604355716878,0.8793103448275862,0.6842105263157895,0.8869565217391304,0.6842105263157895,0.8793103448275862,0.6666666666666666,0.7768115942028986,0.7577132486388386
446,15,48,1,13,0.8181818181818182,0.7576530612244898,0.9795918367346939,0.5357142857142857,0.8727272727272727,0.5357142857142857,0.9795918367346939,0.6818181818181818,0.7772727272727272,0.7660349854227405
447,15,53,3,6,0.8831168831168831,0.8303571428571428,0.9464285714285714,0.7142857142857143,0.9217391304347826,0.7142857142857143,0.9464285714285714,0.7692307692307693,0.8454849498327759,0.8860544217687074
448,11,52,1,13,0.8181818181818182,0.7197327044025157,0.9811320754716981,0.4583333333333333,0.8813559322033898,0.4583333333333333,0.9811320754716981,0.6111111111111112,0.7462335216572504,0.7515723270440251
449,14,51,5,7,0.8441558441558441,0.7886904761904762,0.9107142857142857,0.6666666666666666,0.8947368421052632,0.6666666666666666,0.9107142857142857,0.7,0.7973684210526315,0.7755102040816326
450,18,45,4,10,0.8181818181818182,0.7806122448979592,0.9183673469387755,0.6428571428571429,0.8653846153846154,0.6428571428571429,0.9183673469387755,0.72,0.7926923076923077,0.8002915451895044
451,18,47,3,9,0.8441558441558441,0.8033333333333332,0.94,0.6666666666666666,0.8867924528301887,0.6666666666666666,0.94,0.75,0.8183962264150944,0.8733333333333334
452,15,52,4,6,0.8701298701298701,0.8214285714285714,0.9285714285714286,0.7142857142857143,0.9122807017543859,0.7142857142857143,0.9285714285714286,0.75,0.831140350877193,0.8571428571428571
453,12,51,4,10,0.8181818181818182,0.7363636363636363,0.9272727272727272,0.5454545454545454,0.8793103448275862,0.5454545454545454,0.9272727272727272,0.631578947368421,0.7554446460980035,0.8
454,17,50,3,7,0.8701298701298701,0.8258647798742138,0.9433962264150944,0.7083333333333334,0.9090909090909091,0.7083333333333334,0.9433962264150944,0.7727272727272727,0.8409090909090908,0.8592767295597484
455,15,47,6,9,0.8051948051948052,0.7558962264150944,0.8867924528301887,0.625,0.8623853211009175,0.625,0.8867924528301887,0.6666666666666666,0.764525993883792,0.7900943396226416
456,8,56,6,7,0.8311688311688312,0.7182795698924731,0.9032258064516129,0.5333333333333333,0.896,0.5333333333333333,0.9032258064516129,0.5517241379310345,0.7238620689655173,0.7946236559139785
457,14,50,5,8,0.8311688311688312,0.7727272727272727,0.9090909090909091,0.6363636363636364,0.8849557522123894,0.6363636363636364,0.9090909090909091,0.6829268292682927,0.7839412907403411,0.8082644628099174
458,18,50,5,4,0.8831168831168831,0.8636363636363636,0.9090909090909091,0.8181818181818182,0.9174311926605505,0.8181818181818182,0.9090909090909091,0.8,0.8587155963302753,0.8429752066115702
459,12,46,8,11,0.7532467532467533,0.6867954911433172,0.8518518518518519,0.5217391304347826,0.8288288288288288,0.5217391304347826,0.8518518518518519,0.5581395348837209,0.6934841818562749,0.7238325281803543
460,12,56,2,7,0.8831168831168831,0.7985480943738656,0.9655172413793104,0.631578947368421,0.9256198347107438,0.631578947368421,0.9655172413793104,0.7272727272727273,0.8264462809917356,0.8203266787658802
461,17,46,5,9,0.8181818181818182,0.7779034690799397,0.9019607843137255,0.6538461538461539,0.8679245283018868,0.6538461538461539,0.9019607843137255,0.7083333333333334,0.78812893081761,0.7616892911010559
462,9,56,4,8,0.8441558441558441,0.7313725490196079,0.9333333333333333,0.5294117647058824,0.9032258064516129,0.5294117647058824,0.9333333333333333,0.6,0.7516129032258064,0.8490196078431372
463,9,58,2,8,0.8701298701298701,0.7480392156862745,0.9666666666666667,0.5294117647058824,0.9206349206349206,0.5294117647058824,0.9666666666666667,0.6428571428571429,0.7817460317460317,0.7647058823529411
464,19,50,3,5,0.8961038961038961,0.8675314465408805,0.9433962264150944,0.7916666666666666,0.9259259259259259,0.7916666666666666,0.9433962264150944,0.8260869565217391,0.8760064412238325,0.880503144654088
465,17,50,3,7,0.8701298701298701,0.8258647798742138,0.9433962264150944,0.7083333333333334,0.9090909090909091,0.7083333333333334,0.9433962264150944,0.7727272727272727,0.8409090909090908,0.8404088050314465
466,7,59,4,7,0.8571428571428571,0.7182539682539683,0.9365079365079365,0.5,0.9147286821705426,0.5,0.9365079365079365,0.56,0.7373643410852713,0.6904761904761906
467,15,53,2,7,0.8831168831168831,0.8227272727272728,0.9636363636363636,0.6818181818181818,0.9217391304347826,0.6818181818181818,0.9636363636363636,0.7692307692307693,0.8454849498327759,0.8834710743801653
468,9,53,5,10,0.8051948051948052,0.6937386569872959,0.9137931034482759,0.47368421052631576,0.8760330578512396,0.47368421052631576,0.9137931034482759,0.5454545454545454,0.7107438016528925,0.6950998185117967
469,19,48,4,6,0.8701298701298701,0.8415384615384616,0.9230769230769231,0.76,0.9056603773584906,0.76,0.9230769230769231,0.7916666666666666,0.8486635220125787,0.8876923076923077
470,22,47,1,7,0.8961038961038961,0.8688936781609196,0.9791666666666666,0.7586206896551724,0.9215686274509803,0.7586206896551724,0.9791666666666666,0.8461538461538461,0.8838612368024132,0.8433908045977011
471,15,49,4,9,0.8311688311688312,0.7747641509433962,0.9245283018867925,0.625,0.8828828828828829,0.625,0.9245283018867925,0.6976744186046512,0.790278650743767,0.8018867924528302
472,15,49,5,8,0.8311688311688312,0.7797906602254429,0.9074074074074074,0.6521739130434783,0.8828828828828829,0.6521739130434783,0.9074074074074074,0.6976744186046512,0.790278650743767,0.8019323671497585
473,13,55,2,7,0.8831168831168831,0.8074561403508772,0.9649122807017544,0.65,0.9243697478991597,0.65,0.9649122807017544,0.7428571428571429,0.8336134453781513,0.9192982456140352
474,17,52,3,5,0.8961038961038961,0.8590909090909091,0.9454545454545454,0.7727272727272727,0.9285714285714286,0.7727272727272727,0.9454545454545454,0.8095238095238095,0.8690476190476191,0.8338842975206611
475,9,55,4,9,0.8311688311688312,0.7161016949152542,0.9322033898305084,0.5,0.8943089430894309,0.5,0.9322033898305084,0.5806451612903226,0.7374770521898768,0.7288135593220338
476,14,52,4,7,0.8571428571428571,0.7976190476190477,0.9285714285714286,0.6666666666666666,0.9043478260869565,0.6666666666666666,0.9285714285714286,0.717948717948718,0.8111482720178372,0.8911564625850339
477,13,51,3,10,0.8311688311688312,0.7548309178743962,0.9444444444444444,0.5652173913043478,0.8869565217391304,0.5652173913043478,0.9444444444444444,0.6666666666666666,0.7768115942028986,0.7463768115942028
478,15,48,6,8,0.8181818181818182,0.7705314009661836,0.8888888888888888,0.6521739130434783,0.8727272727272727,0.6521739130434783,0.8888888888888888,0.6818181818181818,0.7772727272727272,0.7665056360708535
479,17,44,6,10,0.7922077922077922,0.7548148148148148,0.88,0.6296296296296297,0.8461538461538461,0.6296296296296297,0.88,0.68,0.7630769230769231,0.8288888888888889
480,18,48,3,8,0.8571428571428571,0.8167420814479638,0.9411764705882353,0.6923076923076923,0.897196261682243,0.6923076923076923,0.9411764705882353,0.7659574468085106,0.8315768542453768,0.8408748114630467
481,14,54,3,6,0.8831168831168831,0.8236842105263158,0.9473684210526315,0.7,0.9230769230769231,0.7,0.9473684210526315,0.7567567567567568,0.83991683991684,0.8210526315789474
482,12,55,4,6,0.8701298701298701,0.7994350282485876,0.9322033898305084,0.6666666666666666,0.9166666666666666,0.6666666666666666,0.9322033898305084,0.7058823529411765,0.8112745098039216,0.8239171374764594
483,18,48,6,5,0.8571428571428571,0.8357487922705313,0.8888888888888888,0.782608695652174,0.897196261682243,0.782608695652174,0.8888888888888888,0.7659574468085106,0.8315768542453768,0.8301127214170693
484,8,54,4,11,0.8051948051948052,0.676043557168784,0.9310344827586207,0.42105263157894735,0.8780487804878049,0.42105263157894735,0.9310344827586207,0.5161290322580645,0.6970889063729346,0.7068965517241379
485,12,48,7,10,0.7792207792207793,0.709090909090909,0.8727272727272727,0.5454545454545454,0.8495575221238938,0.5454545454545454,0.8727272727272727,0.5853658536585366,0.7174616878912152,0.8314049586776859
486,11,57,4,5,0.8831168831168831,0.8109631147540983,0.9344262295081968,0.6875,0.926829268292683,0.6875,0.9344262295081968,0.7096774193548387,0.8182533438237609,0.9252049180327869
487,15,46,7,9,0.7922077922077922,0.7464622641509434,0.8679245283018868,0.625,0.8518518518518519,0.625,0.8679245283018868,0.6521739130434783,0.7520128824476651,0.8183962264150944
488,16,47,5,9,0.8181818181818182,0.7719230769230769,0.9038461538461539,0.64,0.8703703703703703,0.64,0.9038461538461539,0.6956521739130435,0.7830112721417068,0.7523076923076922
489,14,51,3,9,0.8441558441558441,0.7765700483091788,0.9444444444444444,0.6086956521739131,0.8947368421052632,0.6086956521739131,0.9444444444444444,0.7,0.7973684210526315,0.7954911433172301
490,15,50,5,7,0.8441558441558441,0.7954545454545454,0.9090909090909091,0.6818181818181818,0.8928571428571429,0.6818181818181818,0.9090909090909091,0.7142857142857143,0.8035714285714286,0.7867768595041322
491,10,48,5,14,0.7532467532467533,0.6611635220125787,0.9056603773584906,0.4166666666666667,0.8347826086956521,0.4166666666666667,0.9056603773584906,0.5128205128205128,0.6738015607580825,0.6147798742138365
492,19,47,4,7,0.8571428571428571,0.8261689291101055,0.9215686274509803,0.7307692307692307,0.8952380952380953,0.7307692307692307,0.9215686274509803,0.7755102040816326,0.8353741496598639,0.8190045248868778
493,14,47,5,11,0.7922077922077922,0.7319230769230769,0.9038461538461539,0.56,0.8545454545454545,0.56,0.9038461538461539,0.6363636363636364,0.7454545454545454,0.7484615384615385
494,12,57,3,5,0.8961038961038961,0.8279411764705882,0.95,0.7058823529411765,0.9344262295081968,0.7058823529411765,0.95,0.75,0.8422131147540983,0.8539215686274509
495,13,52,6,6,0.8441558441558441,0.7903811252268602,0.896551724137931,0.6842105263157895,0.896551724137931,0.6842105263157895,0.896551724137931,0.6842105263157895,0.7903811252268602,0.7686025408348457
496,13,54,3,7,0.8701298701298701,0.7986842105263158,0.9473684210526315,0.65,0.9152542372881356,0.65,0.9473684210526315,0.7222222222222222,0.8187382297551788,0.8350877192982455
497,9,57,4,7,0.8571428571428571,0.7484631147540983,0.9344262295081968,0.5625,0.912,0.5625,0.9344262295081968,0.6206896551724138,0.7663448275862069,0.8842213114754097
498,17,48,2,10,0.8441558441558441,0.7948148148148149,0.96,0.6296296296296297,0.8888888888888888,0.6296296296296297,0.96,0.7391304347826086,0.8140096618357487,0.8548148148148148
499,11,55,4,7,0.8571428571428571,0.7716572504708098,0.9322033898305084,0.6111111111111112,0.9090909090909091,0.6111111111111112,0.9322033898305084,0.6666666666666666,0.7878787878787878,0.7758945386064031
500,18,45,3,11,0.8181818181818182,0.7790948275862069,0.9375,0.6206896551724138,0.8653846153846154,0.6206896551724138,0.9375,0.72,0.7926923076923077,0.807471264367816
501,9,51,6,11,0.7792207792207793,0.6723684210526316,0.8947368421052632,0.45,0.8571428571428571,0.45,0.8947368421052632,0.5142857142857142,0.6857142857142857,0.6938596491228071
502,9,54,3,11,0.8181818181818182,0.6986842105263158,0.9473684210526315,0.45,0.8852459016393442,0.45,0.9473684210526315,0.5625,0.7238729508196722,0.7728070175438597
503,5,60,4,8,0.8441558441558441,0.6610576923076923,0.9375,0.38461538461538464,0.9090909090909091,0.38461538461538464,0.9375,0.45454545454545453,0.6818181818181818,0.703125
504,14,50,6,7,0.8311688311688312,0.7797619047619048,0.8928571428571429,0.6666666666666666,0.8849557522123894,0.6666666666666666,0.8928571428571429,0.6829268292682927,0.7839412907403411,0.8052721088435375
505,17,49,3,8,0.8571428571428571,0.8111538461538461,0.9423076923076923,0.68,0.8990825688073395,0.68,0.9423076923076923,0.7555555555555555,0.8273190621814475,0.8184615384615385
506,12,47,5,13,0.7662337662337663,0.6919230769230769,0.9038461538461539,0.48,0.8392857142857143,0.48,0.9038461538461539,0.5714285714285714,0.7053571428571428,0.706923076923077
507,21,51,2,3,0.935064935064935,0.9186320754716981,0.9622641509433962,0.875,0.9532710280373832,0.875,0.9622641509433962,0.8936170212765957,0.9234440246569895,0.9426100628930818
508,11,56,5,5,0.8701298701298701,0.802766393442623,0.9180327868852459,0.6875,0.9180327868852459,0.6875,0.9180327868852459,0.6875,0.802766393442623,0.7920081967213115
509,19,52,1,5,0.922077922077922,0.8863993710691824,0.9811320754716981,0.7916666666666666,0.9454545454545454,0.7916666666666666,0.9811320754716981,0.8636363636363636,0.9045454545454545,0.8805031446540881
510,17,56,0,4,0.948051948051948,0.9047619047619048,1.0,0.8095238095238095,0.9655172413793104,0.8095238095238095,1.0,0.8947368421052632,0.9301270417422868,0.9268707482993197
511,15,53,1,8,0.8831168831168831,0.81682769726248,0.9814814814814815,0.6521739130434783,0.9217391304347826,0.6521739130434783,0.9814814814814815,0.7692307692307693,0.8454849498327759,0.8341384863123993
512,13,51,4,9,0.8311688311688312,0.759090909090909,0.9272727272727272,0.5909090909090909,0.8869565217391304,0.5909090909090909,0.9272727272727272,0.6666666666666666,0.7768115942028986,0.7702479338842976
513,11,46,6,14,0.7402597402597403,0.6623076923076923,0.8846153846153846,0.44,0.8214285714285714,0.44,0.8846153846153846,0.5238095238095238,0.6726190476190477,0.7646153846153846
514,17,43,7,10,0.7792207792207793,0.7448148148148148,0.86,0.6296296296296297,0.8349514563106796,0.6296296296296297,0.86,0.6666666666666666,0.7508090614886731,0.8059259259259259
515,15,50,5,7,0.8441558441558441,0.7954545454545454,0.9090909090909091,0.6818181818181818,0.8928571428571429,0.6818181818181818,0.9090909090909091,0.7142857142857143,0.8035714285714286,0.8917355371900827
516,15,54,1,7,0.8961038961038961,0.8318181818181818,0.9818181818181818,0.6818181818181818,0.9310344827586207,0.6818181818181818,0.9818181818181818,0.7894736842105263,0.8602540834845736,0.8008264462809918
517,11,54,5,7,0.8441558441558441,0.7631826741996234,0.9152542372881356,0.6111111111111112,0.9,0.6111111111111112,0.9152542372881356,0.6470588235294118,0.7735294117647059,0.8239171374764596
518,14,53,4,6,0.8701298701298701,0.8149122807017544,0.9298245614035088,0.7,0.9137931034482759,0.7,0.9298245614035088,0.7368421052631579,0.8253176043557169,0.8614035087719298
519,9,60,5,3,0.8961038961038961,0.8365384615384616,0.9230769230769231,0.75,0.9375,0.75,0.9230769230769231,0.6923076923076923,0.8149038461538461,0.8358974358974359
520,13,52,8,4,0.8441558441558441,0.8156862745098039,0.8666666666666667,0.7647058823529411,0.896551724137931,0.7647058823529411,0.8666666666666667,0.6842105263157895,0.7903811252268602,0.830392156862745
521,19,41,6,11,0.7792207792207793,0.7528368794326241,0.8723404255319149,0.6333333333333333,0.8282828282828283,0.6333333333333333,0.8723404255319149,0.6909090909090909,0.7595959595959596,0.8134751773049644
522,9,53,7,8,0.8051948051948052,0.7063725490196078,0.8833333333333333,0.5294117647058824,0.8760330578512396,0.5294117647058824,0.8833333333333333,0.5454545454545454,0.7107438016528925,0.6392156862745099
523,5,58,4,10,0.8181818181818182,0.6344086021505376,0.9354838709677419,0.3333333333333333,0.8923076923076924,0.3333333333333333,0.9354838709677419,0.4166666666666667,0.6544871794871795,0.6709677419354839
524,17,48,4,8,0.8441558441558441,0.8015384615384615,0.9230769230769231,0.68,0.8888888888888888,0.68,0.9230769230769231,0.7391304347826086,0.8140096618357487,0.8684615384615384
525,13,50,4,10,0.8181818181818182,0.7455716586151369,0.9259259259259259,0.5652173913043478,0.8771929824561403,0.5652173913043478,0.9259259259259259,0.65,0.7635964912280702,0.7681159420289855
526,8,53,5,11,0.7922077922077922,0.6674228675136116,0.9137931034482759,0.42105263157894735,0.8688524590163934,0.42105263157894735,0.9137931034482759,0.5,0.6844262295081966,0.735934664246824
527,17,49,6,5,0.8571428571428571,0.8318181818181818,0.8909090909090909,0.7727272727272727,0.8990825688073395,0.7727272727272727,0.8909090909090909,0.7555555555555555,0.8273190621814475,0.8404958677685951
528,16,45,7,9,0.7922077922077922,0.7526923076923078,0.8653846153846154,0.64,0.8490566037735849,0.64,0.8653846153846154,0.6666666666666666,0.7578616352201257,0.7507692307692309
529,17,43,8,9,0.7792207792207793,0.7484917043740573,0.8431372549019608,0.6538461538461539,0.8349514563106796,0.6538461538461539,0.8431372549019608,0.6666666666666666,0.7508090614886731,0.7760180995475113
530,17,49,4,7,0.8571428571428571,0.816430817610063,0.9245283018867925,0.7083333333333334,0.8990825688073395,0.7083333333333334,0.9245283018867925,0.7555555555555555,0.8273190621814475,0.8537735849056604
531,8,58,3,8,0.8571428571428571,0.7254098360655737,0.9508196721311475,0.5,0.9133858267716536,0.5,0.9508196721311475,0.5925925925925926,0.7529892096821231,0.7704918032786885
532,12,59,1,5,0.922077922077922,0.8446078431372549,0.9833333333333333,0.7058823529411765,0.9516129032258065,0.7058823529411765,0.9833333333333333,0.8,0.8758064516129033,0.961764705882353
533,13,52,5,7,0.8441558441558441,0.781140350877193,0.9122807017543859,0.65,0.896551724137931,0.65,0.9122807017543859,0.6842105263157895,0.7903811252268602,0.774561403508772
534,16,55,3,3,0.922077922077922,0.8951905626134301,0.9482758620689655,0.8421052631578947,0.9482758620689655,0.8421052631578947,0.9482758620689655,0.8421052631578947,0.8951905626134301,0.8965517241379309
535,13,48,5,11,0.7922077922077922,0.7236635220125787,0.9056603773584906,0.5416666666666666,0.8571428571428571,0.5416666666666666,0.9056603773584906,0.6190476190476191,0.7380952380952381,0.7570754716981132
536,12,49,8,8,0.7922077922077922,0.7298245614035088,0.8596491228070176,0.6,0.8596491228070176,0.6,0.8596491228070176,0.6,0.7298245614035088,0.7991228070175439
537,12,60,4,1,0.935064935064935,0.9302884615384616,0.9375,0.9230769230769231,0.96,0.9230769230769231,0.9375,0.8275862068965517,0.8937931034482758,0.9423076923076923
538,7,61,4,5,0.8831168831168831,0.7608974358974359,0.9384615384615385,0.5833333333333334,0.9312977099236641,0.5833333333333334,0.9384615384615385,0.6086956521739131,0.7699966810487886,0.8166666666666668
539,16,55,1,5,0.922077922077922,0.8720238095238095,0.9821428571428571,0.7619047619047619,0.9482758620689655,0.7619047619047619,0.9821428571428571,0.8421052631578947,0.8951905626134301,0.8962585034013605
540,6,57,8,6,0.8181818181818182,0.6884615384615385,0.8769230769230769,0.5,0.890625,0.5,0.8769230769230769,0.46153846153846156,0.6760817307692308,0.7153846153846154
541,12,57,2,6,0.8961038961038961,0.8163841807909604,0.9661016949152542,0.6666666666666666,0.9344262295081968,0.6666666666666666,0.9661016949152542,0.75,0.8422131147540983,0.8719397363465159
542,13,56,2,6,0.8961038961038961,0.8248638838475499,0.9655172413793104,0.6842105263157895,0.9333333333333333,0.6842105263157895,0.9655172413793104,0.7647058823529411,0.8490196078431372,0.8575317604355717
543,13,51,4,9,0.8311688311688312,0.759090909090909,0.9272727272727272,0.5909090909090909,0.8869565217391304,0.5909090909090909,0.9272727272727272,0.6666666666666666,0.7768115942028986,0.8355371900826447
544,13,54,1,9,0.8701298701298701,0.7863636363636364,0.9818181818181818,0.5909090909090909,0.9152542372881356,0.5909090909090909,0.9818181818181818,0.7222222222222222,0.8187382297551788,0.8644628099173555
545,7,57,4,9,0.8311688311688312,0.6859631147540983,0.9344262295081968,0.4375,0.8976377952755905,0.4375,0.9344262295081968,0.5185185185185185,0.7080781568970544,0.7581967213114754
546,11,55,5,6,0.8571428571428571,0.7818627450980392,0.9166666666666666,0.6470588235294118,0.9090909090909091,0.6470588235294118,0.9166666666666666,0.6666666666666666,0.7878787878787878,0.8735294117647059
547,15,49,4,9,0.8311688311688312,0.7747641509433962,0.9245283018867925,0.625,0.8828828828828829,0.625,0.9245283018867925,0.6976744186046512,0.790278650743767,0.7657232704402516
548,14,55,3,5,0.8961038961038961,0.8425589836660616,0.9482758620689655,0.7368421052631579,0.9322033898305084,0.7368421052631579,0.9482758620689655,0.7777777777777778,0.8549905838041432,0.9019963702359346
549,16,49,3,9,0.8441558441558441,0.7911538461538461,0.9423076923076923,0.64,0.8909090909090909,0.64,0.9423076923076923,0.7272727272727273,0.8090909090909091,0.8015384615384616
550,11,54,4,8,0.8441558441558441,0.7549909255898366,0.9310344827586207,0.5789473684210527,0.9,0.5789473684210527,0.9310344827586207,0.6470588235294118,0.7735294117647059,0.8067150635208711
551,16,46,2,13,0.8051948051948052,0.7550287356321839,0.9583333333333334,0.5517241379310345,0.8598130841121495,0.5517241379310345,0.9583333333333334,0.6808510638297872,0.7703320739709684,0.8010057471264368
552,10,53,6,8,0.8181818181818182,0.7269303201506592,0.8983050847457628,0.5555555555555556,0.8833333333333333,0.5555555555555556,0.8983050847457628,0.5882352941176471,0.7357843137254902,0.7900188323917138
553,16,53,3,5,0.8961038961038961,0.8541666666666666,0.9464285714285714,0.7619047619047619,0.9298245614035088,0.7619047619047619,0.9464285714285714,0.8,0.8649122807017544,0.864795918367347
554,9,54,6,8,0.8181818181818182,0.7147058823529412,0.9,0.5294117647058824,0.8852459016393442,0.5294117647058824,0.9,0.5625,0.7238729508196722,0.7637254901960784
555,15,49,5,8,0.8311688311688312,0.7797906602254429,0.9074074074074074,0.6521739130434783,0.8828828828828829,0.6521739130434783,0.9074074074074074,0.6976744186046512,0.790278650743767,0.8800322061191627
556,16,51,3,7,0.8701298701298701,0.8200483091787439,0.9444444444444444,0.6956521739130435,0.9107142857142857,0.6956521739130435,0.9444444444444444,0.7619047619047619,0.8363095238095237,0.894524959742351
557,13,50,8,6,0.8181818181818182,0.7731397459165155,0.8620689655172413,0.6842105263157895,0.8771929824561403,0.6842105263157895,0.8620689655172413,0.65,0.7635964912280702,0.7749546279491832
558,13,52,2,10,0.8441558441558441,0.7640901771336553,0.9629629629629629,0.5652173913043478,0.896551724137931,0.5652173913043478,0.9629629629629629,0.6842105263157895,0.7903811252268602,0.7632850241545893
559,12,51,4,10,0.8181818181818182,0.7363636363636363,0.9272727272727272,0.5454545454545454,0.8793103448275862,0.5454545454545454,0.9272727272727272,0.631578947368421,0.7554446460980035,0.7752066115702478
560,20,46,3,8,0.8571428571428571,0.826530612244898,0.9387755102040817,0.7142857142857143,0.8932038834951457,0.7142857142857143,0.9387755102040817,0.7843137254901961,0.8387588044926708,0.8432944606413995
561,9,55,4,9,0.8311688311688312,0.7161016949152542,0.9322033898305084,0.5,0.8943089430894309,0.5,0.9322033898305084,0.5806451612903226,0.7374770521898768,0.7627118644067796
562,14,52,6,5,0.8571428571428571,0.8166969147005445,0.896551724137931,0.7368421052631579,0.9043478260869565,0.7368421052631579,0.896551724137931,0.717948717948718,0.8111482720178372,0.7858439201451907
563,18,53,4,2,0.922077922077922,0.9149122807017545,0.9298245614035088,0.9,0.9464285714285714,0.9,0.9298245614035088,0.8571428571428571,0.9017857142857142,0.9070175438596492
564,9,59,2,7,0.8831168831168831,0.7648565573770492,0.9672131147540983,0.5625,0.9291338582677166,0.5625,0.9672131147540983,0.6666666666666666,0.7979002624671916,0.8125
565,12,53,5,7,0.8441558441558441,0.7726860254083485,0.9137931034482759,0.631578947368421,0.8983050847457628,0.631578947368421,0.9137931034482759,0.6666666666666666,0.7824858757062148,0.8212341197822142
566,14,51,4,8,0.8441558441558441,0.7818181818181817,0.9272727272727272,0.6363636363636364,0.8947368421052632,0.6363636363636364,0.9272727272727272,0.7,0.7973684210526315,0.8900826446280992
567,12,53,6,6,0.8441558441558441,0.7824858757062148,0.8983050847457628,0.6666666666666666,0.8983050847457628,0.6666666666666666,0.8983050847457628,0.6666666666666666,0.7824858757062148,0.803201506591337
568,9,59,4,5,0.8831168831168831,0.7896825396825398,0.9365079365079365,0.6428571428571429,0.9291338582677166,0.6428571428571429,0.9365079365079365,0.6666666666666666,0.7979002624671916,0.7868480725623582
569,14,54,1,8,0.8831168831168831,0.8090909090909091,0.9818181818181818,0.6363636363636364,0.9230769230769231,0.6363636363636364,0.9818181818181818,0.7567567567567568,0.83991683991684,0.9049586776859504
570,10,56,4,7,0.8571428571428571,0.7607843137254902,0.9333333333333333,0.5882352941176471,0.9105691056910569,0.5882352941176471,0.9333333333333333,0.6451612903225806,0.7778651980068187,0.8049019607843138
571,12,51,1,13,0.8181818181818182,0.7303846153846154,0.9807692307692307,0.48,0.8793103448275862,0.48,0.9807692307692307,0.631578947368421,0.7554446460980035,0.7707692307692308
572,13,46,5,13,0.7662337662337663,0.7009803921568627,0.9019607843137255,0.5,0.8363636363636363,0.5,0.9019607843137255,0.5909090909090909,0.7136363636363636,0.7360482654600301
573,9,56,4,8,0.8441558441558441,0.7313725490196079,0.9333333333333333,0.5294117647058824,0.9032258064516129,0.5294117647058824,0.9333333333333333,0.6,0.7516129032258064,0.8127450980392157
574,15,53,5,4,0.8831168831168831,0.8516333938294012,0.9137931034482759,0.7894736842105263,0.9217391304347826,0.7894736842105263,0.9137931034482759,0.7692307692307693,0.8454849498327759,0.882940108892922
575,12,52,2,11,0.8311688311688312,0.7423510466988728,0.9629629629629629,0.5217391304347826,0.8888888888888888,0.5217391304347826,0.9629629629629629,0.6486486486486487,0.7687687687687688,0.748792270531401
576,7,48,8,14,0.7142857142857143,0.5952380952380952,0.8571428571428571,0.3333333333333333,0.8135593220338984,0.3333333333333333,0.8571428571428571,0.3888888888888889,0.6012241054613936,0.570578231292517
577,11,53,4,9,0.8311688311688312,0.7399122807017544,0.9298245614035088,0.55,0.8907563025210085,0.55,0.9298245614035088,0.6285714285714286,0.7596638655462185,0.7649122807017544
578,20,40,4,13,0.7792207792207793,0.7575757575757576,0.9090909090909091,0.6060606060606061,0.8247422680412371,0.6060606060606061,0.9090909090909091,0.7017543859649122,0.7632483270030747,0.7568870523415978
579,10,57,3,7,0.8701298701298701,0.7691176470588235,0.95,0.5882352941176471,0.9193548387096774,0.5882352941176471,0.95,0.6666666666666666,0.793010752688172,0.7911764705882353
580,15,45,5,12,0.7792207792207793,0.7277777777777779,0.9,0.5555555555555556,0.8411214953271028,0.5555555555555556,0.9,0.6382978723404256,0.7397096838337642,0.7859259259259259
581,15,46,9,7,0.7922077922077922,0.759090909090909,0.8363636363636363,0.6818181818181818,0.8518518518518519,0.6818181818181818,0.8363636363636363,0.6521739130434783,0.7520128824476651,0.7669421487603306
582,11,59,2,5,0.9090909090909091,0.8273565573770492,0.9672131147540983,0.6875,0.944,0.6875,0.9672131147540983,0.7586206896551724,0.8513103448275862,0.8565573770491803
583,10,59,3,5,0.8961038961038961,0.8091397849462365,0.9516129032258065,0.6666666666666666,0.9365079365079365,0.6666666666666666,0.9516129032258065,0.7142857142857143,0.8253968253968254,0.7645161290322582
584,9,49,6,13,0.7532467532467533,0.65,0.8909090909090909,0.4090909090909091,0.8376068376068376,0.4090909090909091,0.8909090909090909,0.4864864864864865,0.6620466620466621,0.7041322314049587
585,21,46,5,5,0.8701298701298701,0.8548265460030167,0.9019607843137255,0.8076923076923077,0.9019607843137255,0.8076923076923077,0.9019607843137255,0.8076923076923077,0.8548265460030167,0.8529411764705882
586,12,53,3,9,0.8441558441558441,0.7589285714285714,0.9464285714285714,0.5714285714285714,0.8983050847457628,0.5714285714285714,0.9464285714285714,0.6666666666666666,0.7824858757062148,0.8078231292517006
587,9,56,6,6,0.8441558441558441,0.7516129032258064,0.9032258064516129,0.6,0.9032258064516129,0.6,0.9032258064516129,0.6,0.7516129032258064,0.7161290322580646
588,18,48,4,7,0.8571428571428571,0.8215384615384616,0.9230769230769231,0.72,0.897196261682243,0.72,0.9230769230769231,0.7659574468085106,0.8315768542453768,0.8884615384615384
589,16,50,5,6,0.8571428571428571,0.8181818181818181,0.9090909090909091,0.7272727272727273,0.9009009009009009,0.7272727272727273,0.9090909090909091,0.7441860465116279,0.8225434737062645,0.8578512396694216
590,12,53,5,7,0.8441558441558441,0.7726860254083485,0.9137931034482759,0.631578947368421,0.8983050847457628,0.631578947368421,0.9137931034482759,0.6666666666666666,0.7824858757062148,0.7740471869328495
591,6,55,5,11,0.7922077922077922,0.6348039215686274,0.9166666666666666,0.35294117647058826,0.873015873015873,0.35294117647058826,0.9166666666666666,0.42857142857142855,0.6507936507936508,0.5833333333333334
592,13,56,2,6,0.8961038961038961,0.8248638838475499,0.9655172413793104,0.6842105263157895,0.9333333333333333,0.6842105263157895,0.9655172413793104,0.7647058823529411,0.8490196078431372,0.8638838475499093
593,14,52,4,7,0.8571428571428571,0.7976190476190477,0.9285714285714286,0.6666666666666666,0.9043478260869565,0.6666666666666666,0.9285714285714286,0.717948717948718,0.8111482720178372,0.8197278911564626
594,15,53,2,7,0.8831168831168831,0.8227272727272728,0.9636363636363636,0.6818181818181818,0.9217391304347826,0.6818181818181818,0.9636363636363636,0.7692307692307693,0.8454849498327759,0.768595041322314
595,19,50,4,4,0.8961038961038961,0.8760064412238325,0.9259259259259259,0.8260869565217391,0.9259259259259259,0.8260869565217391,0.9259259259259259,0.8260869565217391,0.8760064412238325,0.8542673107890499
596,7,63,2,5,0.9090909090909091,0.7762820512820513,0.9692307692307692,0.5833333333333334,0.9473684210526315,0.5833333333333334,0.9692307692307692,0.6666666666666666,0.8070175438596491,0.7628205128205129
597,10,51,3,13,0.7922077922077922,0.6896135265700483,0.9444444444444444,0.43478260869565216,0.864406779661017,0.43478260869565216,0.9444444444444444,0.5555555555555556,0.7099811676082863,0.6859903381642511
598,6,60,6,5,0.8571428571428571,0.7272727272727273,0.9090909090909091,0.5454545454545454,0.916030534351145,0.5454545454545454,0.9090909090909091,0.5217391304347826,0.7188848323929637,0.6749311294765841
599,14,52,3,8,0.8571428571428571,0.7909090909090909,0.9454545454545454,0.6363636363636364,0.9043478260869565,0.6363636363636364,0.9454545454545454,0.717948717948718,0.8111482720178372,0.8223140495867769
600,18,48,3,8,0.8571428571428571,0.8167420814479638,0.9411764705882353,0.6923076923076923,0.897196261682243,0.6923076923076923,0.9411764705882353,0.7659574468085106,0.8315768542453768,0.8552036199095023
601,10,56,7,4,0.8571428571428571,0.8015873015873016,0.8888888888888888,0.7142857142857143,0.9105691056910569,0.7142857142857143,0.8888888888888888,0.6451612903225806,0.7778651980068187,0.8378684807256236
602,13,53,6,5,0.8571428571428571,0.8102636534839924,0.8983050847457628,0.7222222222222222,0.905982905982906,0.7222222222222222,0.8983050847457628,0.7027027027027027,0.8043428043428044,0.8116760828625236
603,15,50,8,4,0.8441558441558441,0.8257713248638838,0.8620689655172413,0.7894736842105263,0.8928571428571429,0.7894736842105263,0.8620689655172413,0.7142857142857143,0.8035714285714286,0.836660617059891
604,16,53,6,2,0.8961038961038961,0.8935969868173258,0.8983050847457628,0.8888888888888888,0.9298245614035088,0.8888888888888888,0.8983050847457628,0.8,0.8649122807017544,0.8907721280602636
605,15,45,2,15,0.7792207792207793,0.7287234042553192,0.9574468085106383,0.5,0.8411214953271028,0.5,0.9574468085106383,0.6382978723404256,0.7397096838337642,0.8
606,11,51,8,7,0.8051948051948052,0.737758945386064,0.864406779661017,0.6111111111111112,0.8717948717948718,0.6111111111111112,0.864406779661017,0.5945945945945946,0.7331947331947333,0.8587570621468927
607,11,52,6,8,0.8181818181818182,0.7377495462794919,0.896551724137931,0.5789473684210527,0.8813559322033898,0.5789473684210527,0.896551724137931,0.6111111111111112,0.7462335216572504,0.6715063520871142
608,17,54,1,5,0.922077922077922,0.8772727272727272,0.9818181818181818,0.7727272727272727,0.9473684210526315,0.7727272727272727,0.9818181818181818,0.85,0.8986842105263158,0.9396694214876034
609,5,59,4,9,0.8311688311688312,0.6468253968253969,0.9365079365079365,0.35714285714285715,0.9007633587786259,0.35714285714285715,0.9365079365079365,0.43478260869565216,0.667772983737139,0.7721088435374149
610,9,56,3,9,0.8441558441558441,0.7245762711864407,0.9491525423728814,0.5,0.9032258064516129,0.5,0.9491525423728814,0.6,0.7516129032258064,0.8549905838041432
611,7,57,2,11,0.8311688311688312,0.6774952919020716,0.9661016949152542,0.3888888888888889,0.8976377952755905,0.3888888888888889,0.9661016949152542,0.5185185185185185,0.7080781568970544,0.6516007532956686
612,13,51,4,9,0.8311688311688312,0.759090909090909,0.9272727272727272,0.5909090909090909,0.8869565217391304,0.5909090909090909,0.9272727272727272,0.6666666666666666,0.7768115942028986,0.8330578512396695
613,14,57,2,4,0.922077922077922,0.871939736346516,0.9661016949152542,0.7777777777777778,0.95,0.7777777777777778,0.9661016949152542,0.8235294117647058,0.8867647058823529,0.844632768361582
614,11,53,1,12,0.8311688311688312,0.7298711755233495,0.9814814814814815,0.4782608695652174,0.8907563025210085,0.4782608695652174,0.9814814814814815,0.6285714285714286,0.7596638655462185,0.8703703703703703
615,14,49,6,8,0.8181818181818182,0.7636363636363637,0.8909090909090909,0.6363636363636364,0.875,0.6363636363636364,0.8909090909090909,0.6666666666666666,0.7708333333333333,0.7578512396694215
616,11,54,3,9,0.8441558441558441,0.7486842105263158,0.9473684210526315,0.55,0.9,0.55,0.9473684210526315,0.6470588235294118,0.7735294117647059,0.7780701754385965
617,11,53,6,7,0.8311688311688312,0.754708097928437,0.8983050847457628,0.6111111111111112,0.8907563025210085,0.6111111111111112,0.8983050847457628,0.6285714285714286,0.7596638655462185,0.8239171374764594
618,11,53,5,8,0.8311688311688312,0.7463702359346642,0.9137931034482759,0.5789473684210527,0.8907563025210085,0.5789473684210527,0.9137931034482759,0.6285714285714286,0.7596638655462185,0.8484573502722322
619,16,53,5,3,0.8961038961038961,0.8779491833030852,0.9137931034482759,0.8421052631578947,0.9298245614035088,0.8421052631578947,0.9137931034482759,0.8,0.8649122807017544,0.8520871143375681
620,13,54,3,7,0.8701298701298701,0.7986842105263158,0.9473684210526315,0.65,0.9152542372881356,0.65,0.9473684210526315,0.7222222222222222,0.8187382297551788,0.8640350877192983
621,8,56,6,7,0.8311688311688312,0.7182795698924731,0.9032258064516129,0.5333333333333333,0.896,0.5333333333333333,0.9032258064516129,0.5517241379310345,0.7238620689655173,0.6795698924731183
622,20,44,2,11,0.8311688311688312,0.8008415147265078,0.9565217391304348,0.6451612903225806,0.8712871287128713,0.6451612903225806,0.9565217391304348,0.7547169811320755,0.8130020549224735,0.788218793828892
623,14,51,5,7,0.8441558441558441,0.7886904761904762,0.9107142857142857,0.6666666666666666,0.8947368421052632,0.6666666666666666,0.9107142857142857,0.7,0.7973684210526315,0.7925170068027211
624,19,55,1,2,0.961038961038961,0.9434523809523809,0.9821428571428571,0.9047619047619048,0.9734513274336283,0.9047619047619048,0.9821428571428571,0.926829268292683,0.9501402978631557,0.9413265306122449
625,6,60,4,7,0.8571428571428571,0.6995192307692308,0.9375,0.46153846153846156,0.916030534351145,0.46153846153846156,0.9375,0.5217391304347826,0.7188848323929637,0.7572115384615384
626,15,49,6,7,0.8311688311688312,0.7863636363636364,0.8909090909090909,0.6818181818181818,0.8828828828828829,0.6818181818181818,0.8909090909090909,0.6976744186046512,0.790278650743767,0.8677685950413224
627,6,57,5,9,0.8181818181818182,0.6596774193548387,0.9193548387096774,0.4,0.890625,0.4,0.9193548387096774,0.46153846153846156,0.6760817307692308,0.7827956989247312
628,13,55,6,3,0.8831168831168831,0.8570696721311475,0.9016393442622951,0.8125,0.9243697478991597,0.8125,0.9016393442622951,0.7428571428571429,0.8336134453781513,0.8452868852459017
629,9,56,4,8,0.8441558441558441,0.7313725490196079,0.9333333333333333,0.5294117647058824,0.9032258064516129,0.5294117647058824,0.9333333333333333,0.6,0.7516129032258064,0.8509803921568628
630,20,46,2,9,0.8571428571428571,0.8239942528735633,0.9583333333333334,0.6896551724137931,0.8932038834951457,0.6896551724137931,0.9583333333333334,0.7843137254901961,0.8387588044926708,0.826867816091954
631,12,49,7,9,0.7922077922077922,0.7232142857142857,0.875,0.5714285714285714,0.8596491228070176,0.5714285714285714,0.875,0.6,0.7298245614035088,0.7474489795918368
632,14,51,3,9,0.8441558441558441,0.7765700483091788,0.9444444444444444,0.6086956521739131,0.8947368421052632,0.6086956521739131,0.9444444444444444,0.7,0.7973684210526315,0.7826086956521738
633,8,59,2,8,0.8701298701298701,0.7336065573770492,0.9672131147540983,0.5,0.921875,0.5,0.9672131147540983,0.6153846153846154,0.7686298076923077,0.7120901639344263
634,10,50,8,9,0.7792207792207793,0.6941923774954628,0.8620689655172413,0.5263157894736842,0.8547008547008547,0.5263157894736842,0.8620689655172413,0.5405405405405406,0.6976206976206976,0.7096188747731397
635,5,58,6,8,0.8181818181818182,0.6454326923076923,0.90625,0.38461538461538464,0.8923076923076924,0.38461538461538464,0.90625,0.4166666666666667,0.6544871794871795,0.7776442307692308
636,15,51,4,7,0.8571428571428571,0.8045454545454545,0.9272727272727272,0.6818181818181818,0.9026548672566371,0.6818181818181818,0.9272727272727272,0.7317073170731707,0.8171810921649039,0.7776859504132231
637,12,52,5,8,0.8311688311688312,0.7561403508771929,0.9122807017543859,0.6,0.8888888888888888,0.6,0.9122807017543859,0.6486486486486487,0.7687687687687688,0.8570175438596491
638,13,57,4,3,0.9090909090909091,0.8734631147540983,0.9344262295081968,0.8125,0.9421487603305785,0.8125,0.9344262295081968,0.7878787878787878,0.8650137741046832,0.8104508196721312
639,14,51,2,10,0.8441558441558441,0.7727987421383649,0.9622641509433962,0.5833333333333334,0.8947368421052632,0.5833333333333334,0.9622641509433962,0.7,0.7973684210526315,0.8223270440251571
640,13,52,3,9,0.8441558441558441,0.7681818181818182,0.9454545454545454,0.5909090909090909,0.896551724137931,0.5909090909090909,0.9454545454545454,0.6842105263157895,0.7903811252268602,0.824793388429752
641,8,55,2,12,0.8181818181818182,0.6824561403508772,0.9649122807017544,0.4,0.8870967741935484,0.4,0.9649122807017544,0.5333333333333333,0.7102150537634409,0.7403508771929825
642,14,56,1,6,0.9090909090909091,0.8412280701754385,0.9824561403508771,0.7,0.9411764705882353,0.7,0.9824561403508771,0.8,0.8705882352941177,0.9324561403508772
643,16,45,5,11,0.7922077922077922,0.7462962962962962,0.9,0.5925925925925926,0.8490566037735849,0.5925925925925926,0.9,0.6666666666666666,0.7578616352201257,0.7133333333333334
644,12,56,1,8,0.8831168831168831,0.7912280701754386,0.9824561403508771,0.6,0.9256198347107438,0.6,0.9824561403508771,0.7272727272727273,0.8264462809917356,0.8236842105263158
645,14,46,3,14,0.7792207792207793,0.7193877551020409,0.9387755102040817,0.5,0.8440366972477065,0.5,0.9387755102040817,0.6222222222222222,0.7331294597349644,0.8061224489795918
646,13,52,0,12,0.8441558441558441,0.76,1.0,0.52,0.896551724137931,0.52,1.0,0.6842105263157895,0.7903811252268602,0.7938461538461539
647,12,54,3,8,0.8571428571428571,0.7736842105263158,0.9473684210526315,0.6,0.907563025210084,0.6,0.9473684210526315,0.6857142857142857,0.7966386554621849,0.8359649122807017
648,15,52,3,7,0.8701298701298701,0.8136363636363636,0.9454545454545454,0.6818181818181818,0.9122807017543859,0.6818181818181818,0.9454545454545454,0.75,0.831140350877193,0.8099173553719009
649,15,52,3,7,0.8701298701298701,0.8136363636363636,0.9454545454545454,0.6818181818181818,0.9122807017543859,0.6818181818181818,0.9454545454545454,0.75,0.831140350877193,0.8198347107438015
650,9,57,2,9,0.8571428571428571,0.7330508474576272,0.9661016949152542,0.5,0.912,0.5,0.9661016949152542,0.6206896551724138,0.7663448275862069,0.8220338983050848
651,20,46,3,8,0.8571428571428571,0.826530612244898,0.9387755102040817,0.7142857142857143,0.8932038834951457,0.7142857142857143,0.9387755102040817,0.7843137254901961,0.8387588044926708,0.7886297376093294
652,14,52,3,8,0.8571428571428571,0.7909090909090909,0.9454545454545454,0.6363636363636364,0.9043478260869565,0.6363636363636364,0.9454545454545454,0.717948717948718,0.8111482720178372,0.7801652892561983
653,7,53,6,11,0.7792207792207793,0.6435969868173258,0.8983050847457628,0.3888888888888889,0.8617886178861789,0.3888888888888889,0.8983050847457628,0.45161290322580644,0.6567007605559927,0.6854990583804143
654,11,55,6,5,0.8571428571428571,0.7945696721311475,0.9016393442622951,0.6875,0.9090909090909091,0.6875,0.9016393442622951,0.6666666666666666,0.7878787878787878,0.8442622950819672
655,12,54,1,10,0.8571428571428571,0.7636363636363637,0.9818181818181818,0.5454545454545454,0.907563025210084,0.5454545454545454,0.9818181818181818,0.6857142857142857,0.7966386554621849,0.7851239669421487
656,9,56,4,8,0.8441558441558441,0.7313725490196079,0.9333333333333333,0.5294117647058824,0.9032258064516129,0.5294117647058824,0.9333333333333333,0.6,0.7516129032258064,0.6901960784313725
657,12,55,2,8,0.8701298701298701,0.7824561403508772,0.9649122807017544,0.6,0.9166666666666666,0.6,0.9649122807017544,0.7058823529411765,0.8112745098039216,0.7289473684210526
658,16,50,2,9,0.8571428571428571,0.8007692307692308,0.9615384615384616,0.64,0.9009009009009009,0.64,0.9615384615384616,0.7441860465116279,0.8225434737062645,0.8438461538461539
659,14,55,2,6,0.8961038961038961,0.8324561403508772,0.9649122807017544,0.7,0.9322033898305084,0.7,0.9649122807017544,0.7777777777777778,0.8549905838041432,0.874561403508772
660,14,53,3,7,0.8701298701298701,0.8065476190476191,0.9464285714285714,0.6666666666666666,0.9137931034482759,0.6666666666666666,0.9464285714285714,0.7368421052631579,0.8253176043557169,0.8392857142857143
661,11,59,1,6,0.9090909090909091,0.8151960784313725,0.9833333333333333,0.6470588235294118,0.944,0.6470588235294118,0.9833333333333333,0.7586206896551724,0.8513103448275862,0.8098039215686276
662,10,53,4,10,0.8181818181818182,0.7149122807017544,0.9298245614035088,0.5,0.8833333333333333,0.5,0.9298245614035088,0.5882352941176471,0.7357843137254902,0.7701754385964913
663,8,51,8,10,0.7662337662337663,0.6544256120527308,0.864406779661017,0.4444444444444444,0.85,0.4444444444444444,0.864406779661017,0.47058823529411764,0.6602941176470588,0.6563088512241054
664,11,54,5,7,0.8441558441558441,0.7631826741996234,0.9152542372881356,0.6111111111111112,0.9,0.6111111111111112,0.9152542372881356,0.6470588235294118,0.7735294117647059,0.8822975517890772
665,11,56,2,8,0.8701298701298701,0.7722323049001816,0.9655172413793104,0.5789473684210527,0.9180327868852459,0.5789473684210527,0.9655172413793104,0.6875,0.802766393442623,0.7731397459165154
666,15,49,4,9,0.8311688311688312,0.7747641509433962,0.9245283018867925,0.625,0.8828828828828829,0.625,0.9245283018867925,0.6976744186046512,0.790278650743767,0.85062893081761
667,11,50,4,12,0.7922077922077922,0.7020933977455717,0.9259259259259259,0.4782608695652174,0.8620689655172413,0.4782608695652174,0.9259259259259259,0.5789473684210527,0.720508166969147,0.8019323671497585
668,8,63,2,4,0.922077922077922,0.8179487179487179,0.9692307692307692,0.6666666666666666,0.9545454545454546,0.6666666666666666,0.9692307692307692,0.7272727272727273,0.8409090909090909,0.8371794871794872
669,15,52,3,7,0.8701298701298701,0.8136363636363636,0.9454545454545454,0.6818181818181818,0.9122807017543859,0.6818181818181818,0.9454545454545454,0.75,0.831140350877193,0.8661157024793389
670,16,50,1,10,0.8571428571428571,0.7978883861236803,0.9803921568627451,0.6153846153846154,0.9009009009009009,0.6153846153846154,0.9803921568627451,0.7441860465116279,0.8225434737062645,0.8853695324283559
671,12,49,4,12,0.7922077922077922,0.7122641509433962,0.9245283018867925,0.5,0.8596491228070176,0.5,0.9245283018867925,0.6,0.7298245614035088,0.7303459119496856
672,14,53,4,6,0.8701298701298701,0.8149122807017544,0.9298245614035088,0.7,0.9137931034482759,0.7,0.9298245614035088,0.7368421052631579,0.8253176043557169,0.8
673,12,55,3,7,0.8701298701298701,0.7899274047186933,0.9482758620689655,0.631578947368421,0.9166666666666666,0.631578947368421,0.9482758620689655,0.7058823529411765,0.8112745098039216,0.8393829401088929
674,17,45,3,12,0.8051948051948052,0.7618534482758621,0.9375,0.5862068965517241,0.8571428571428571,0.5862068965517241,0.9375,0.6938775510204082,0.7755102040816326,0.7830459770114943
675,8,53,2,14,0.7922077922077922,0.6636363636363636,0.9636363636363636,0.36363636363636365,0.8688524590163934,0.36363636363636365,0.9636363636363636,0.5,0.6844262295081966,0.7991735537190082
676,12,52,3,10,0.8311688311688312,0.7454545454545454,0.9454545454545454,0.5454545454545454,0.8888888888888888,0.5454545454545454,0.9454545454545454,0.6486486486486487,0.7687687687687688,0.7661157024793389
677,10,54,4,9,0.8311688311688312,0.7286751361161524,0.9310344827586207,0.5263157894736842,0.8925619834710744,0.5263157894736842,0.9310344827586207,0.6060606060606061,0.7493112947658402,0.7849364791288567
678,18,49,2,8,0.8701298701298701,0.8265460030165912,0.9607843137254902,0.6923076923076923,0.9074074074074074,0.6923076923076923,0.9607843137254902,0.782608695652174,0.8450080515297906,0.8823529411764706
679,13,50,4,10,0.8181818181818182,0.7455716586151369,0.9259259259259259,0.5652173913043478,0.8771929824561403,0.5652173913043478,0.9259259259259259,0.65,0.7635964912280702,0.8840579710144928
680,13,52,4,8,0.8441558441558441,0.7738095238095238,0.9285714285714286,0.6190476190476191,0.896551724137931,0.6190476190476191,0.9285714285714286,0.6842105263157895,0.7903811252268602,0.8120748299319728
681,12,57,1,7,0.8961038961038961,0.807168784029038,0.9827586206896551,0.631578947368421,0.9344262295081968,0.631578947368421,0.9827586206896551,0.75,0.8422131147540983,0.8421052631578947
682,6,58,5,8,0.8311688311688312,0.6746031746031745,0.9206349206349206,0.42857142857142855,0.8992248062015504,0.42857142857142855,0.9206349206349206,0.48,0.6896124031007752,0.8310657596371882
683,16,47,5,9,0.8181818181818182,0.7719230769230769,0.9038461538461539,0.64,0.8703703703703703,0.64,0.9038461538461539,0.6956521739130435,0.7830112721417068,0.763076923076923
684,16,49,5,7,0.8441558441558441,0.8015297906602254,0.9074074074074074,0.6956521739130435,0.8909090909090909,0.6956521739130435,0.9074074074074074,0.7272727272727273,0.8090909090909091,0.8260869565217391
685,8,54,4,11,0.8051948051948052,0.676043557168784,0.9310344827586207,0.42105263157894735,0.8780487804878049,0.42105263157894735,0.9310344827586207,0.5161290322580645,0.6970889063729346,0.8366606170598911
686,15,50,5,7,0.8441558441558441,0.7954545454545454,0.9090909090909091,0.6818181818181818,0.8928571428571429,0.6818181818181818,0.9090909090909091,0.7142857142857143,0.8035714285714286,0.8479338842975206
687,17,48,1,11,0.8441558441558441,0.7933673469387754,0.9795918367346939,0.6071428571428571,0.8888888888888888,0.6071428571428571,0.9795918367346939,0.7391304347826086,0.8140096618357487,0.8462099125364432
688,17,40,5,15,0.7402597402597403,0.7100694444444444,0.8888888888888888,0.53125,0.8,0.53125,0.8888888888888888,0.6296296296296297,0.7148148148148148,0.7000000000000001
689,11,50,8,8,0.7922077922077922,0.720508166969147,0.8620689655172413,0.5789473684210527,0.8620689655172413,0.5789473684210527,0.8620689655172413,0.5789473684210527,0.720508166969147,0.7141560798548093
690,11,50,5,11,0.7922077922077922,0.7045454545454546,0.9090909090909091,0.5,0.8620689655172413,0.5,0.9090909090909091,0.5789473684210527,0.720508166969147,0.7793388429752067
691,14,52,6,5,0.8571428571428571,0.8166969147005445,0.896551724137931,0.7368421052631579,0.9043478260869565,0.7368421052631579,0.896551724137931,0.717948717948718,0.8111482720178372,0.852087114337568
692,9,55,2,11,0.8311688311688312,0.7074561403508772,0.9649122807017544,0.45,0.8943089430894309,0.45,0.9649122807017544,0.5806451612903226,0.7374770521898768,0.8122807017543859
693,15,49,5,8,0.8311688311688312,0.7797906602254429,0.9074074074074074,0.6521739130434783,0.8828828828828829,0.6521739130434783,0.9074074074074074,0.6976744186046512,0.790278650743767,0.8671497584541062
694,14,50,3,10,0.8311688311688312,0.7633647798742138,0.9433962264150944,0.5833333333333334,0.8849557522123894,0.5833333333333334,0.9433962264150944,0.6829268292682927,0.7839412907403411,0.8066037735849056
695,13,51,4,9,0.8311688311688312,0.759090909090909,0.9272727272727272,0.5909090909090909,0.8869565217391304,0.5909090909090909,0.9272727272727272,0.6666666666666666,0.7768115942028986,0.7727272727272727
696,13,53,3,8,0.8571428571428571,0.7827380952380952,0.9464285714285714,0.6190476190476191,0.905982905982906,0.6190476190476191,0.9464285714285714,0.7027027027027027,0.8043428043428044,0.8443877551020409
697,15,50,3,9,0.8441558441558441,0.7841981132075472,0.9433962264150944,0.625,0.8928571428571429,0.625,0.9433962264150944,0.7142857142857143,0.8035714285714286,0.8404088050314467
698,12,56,3,6,0.8831168831168831,0.807909604519774,0.9491525423728814,0.6666666666666666,0.9256198347107438,0.6666666666666666,0.9491525423728814,0.7272727272727273,0.8264462809917356,0.8389830508474576
699,14,54,3,6,0.8831168831168831,0.8236842105263158,0.9473684210526315,0.7,0.9230769230769231,0.7,0.9473684210526315,0.7567567567567568,0.83991683991684,0.868421052631579
700,9,55,2,11,0.8311688311688312,0.7074561403508772,0.9649122807017544,0.45,0.8943089430894309,0.45,0.9649122807017544,0.5806451612903226,0.7374770521898768,0.7315789473684211
701,19,53,1,4,0.935064935064935,0.9037842190016103,0.9814814814814815,0.8260869565217391,0.954954954954955,0.8260869565217391,0.9814814814814815,0.8837209302325582,0.9193379425937566,0.9170692431561996
702,12,51,5,9,0.8181818181818182,0.7410714285714286,0.9107142857142857,0.5714285714285714,0.8793103448275862,0.5714285714285714,0.9107142857142857,0.631578947368421,0.7554446460980035,0.7593537414965987
703,13,51,4,9,0.8311688311688312,0.759090909090909,0.9272727272727272,0.5909090909090909,0.8869565217391304,0.5909090909090909,0.9272727272727272,0.6666666666666666,0.7768115942028986,0.8371900826446281
704,12,54,3,8,0.8571428571428571,0.7736842105263158,0.9473684210526315,0.6,0.907563025210084,0.6,0.9473684210526315,0.6857142857142857,0.7966386554621849,0.8649122807017544
705,10,51,7,9,0.7922077922077922,0.7028130671506352,0.8793103448275862,0.5263157894736842,0.864406779661017,0.5263157894736842,0.8793103448275862,0.5555555555555556,0.7099811676082863,0.7912885662431942
706,12,54,5,6,0.8571428571428571,0.7909604519774012,0.9152542372881356,0.6666666666666666,0.907563025210084,0.6666666666666666,0.9152542372881356,0.6857142857142857,0.7966386554621849,0.847457627118644
707,13,52,4,8,0.8441558441558441,0.7738095238095238,0.9285714285714286,0.6190476190476191,0.896551724137931,0.6190476190476191,0.9285714285714286,0.6842105263157895,0.7903811252268602,0.7406462585034014
708,10,51,6,10,0.7922077922077922,0.6973684210526316,0.8947368421052632,0.5,0.864406779661017,0.5,0.8947368421052632,0.5555555555555556,0.7099811676082863,0.781578947368421
709,8,53,4,12,0.7922077922077922,0.6649122807017545,0.9298245614035088,0.4,0.8688524590163934,0.4,0.9298245614035088,0.5,0.6844262295081966,0.6210526315789474
710,15,54,1,7,0.8961038961038961,0.8318181818181818,0.9818181818181818,0.6818181818181818,0.9310344827586207,0.6818181818181818,0.9818181818181818,0.7894736842105263,0.8602540834845736,0.8570247933884297
711,9,53,5,10,0.8051948051948052,0.6937386569872959,0.9137931034482759,0.47368421052631576,0.8760330578512396,0.47368421052631576,0.9137931034482759,0.5454545454545454,0.7107438016528925,0.7341197822141561
712,12,54,5,6,0.8571428571428571,0.7909604519774012,0.9152542372881356,0.6666666666666666,0.907563025210084,0.6666666666666666,0.9152542372881356,0.6857142857142857,0.7966386554621849,0.8135593220338982
713,12,53,2,10,0.8441558441558441,0.7545454545454545,0.9636363636363636,0.5454545454545454,0.8983050847457628,0.5454545454545454,0.9636363636363636,0.6666666666666666,0.7824858757062148,0.7818181818181817
714,16,52,2,7,0.8831168831168831,0.8293075684380031,0.9629629629629629,0.6956521739130435,0.9203539823008849,0.6956521739130435,0.9629629629629629,0.7804878048780488,0.8504208935894668,0.8711755233494364
715,12,48,4,13,0.7792207792207793,0.7015384615384616,0.9230769230769231,0.48,0.8495575221238938,0.48,0.9230769230769231,0.5853658536585366,0.7174616878912152,0.7161538461538461
716,16,45,5,11,0.7922077922077922,0.7462962962962962,0.9,0.5925925925925926,0.8490566037735849,0.5925925925925926,0.9,0.6666666666666666,0.7578616352201257,0.7992592592592592
717,11,51,6,9,0.8051948051948052,0.7223684210526315,0.8947368421052632,0.55,0.8717948717948718,0.55,0.8947368421052632,0.5945945945945946,0.7331947331947333,0.7464912280701755
718,13,53,5,6,0.8571428571428571,0.7990018148820327,0.9137931034482759,0.6842105263157895,0.905982905982906,0.6842105263157895,0.9137931034482759,0.7027027027027027,0.8043428043428044,0.8457350272232305
719,7,54,7,9,0.7922077922077922,0.6613729508196722,0.8852459016393442,0.4375,0.8709677419354839,0.4375,0.8852459016393442,0.4666666666666667,0.6688172043010753,0.8104508196721312
720,12,54,3,8,0.8571428571428571,0.7736842105263158,0.9473684210526315,0.6,0.907563025210084,0.6,0.9473684210526315,0.6857142857142857,0.7966386554621849,0.8640350877192983
721,20,48,3,6,0.8831168831168831,0.8552036199095023,0.9411764705882353,0.7692307692307693,0.9142857142857143,0.7692307692307693,0.9411764705882353,0.8163265306122449,0.8653061224489795,0.8469079939668175
722,12,58,1,6,0.9090909090909091,0.8248587570621468,0.9830508474576272,0.6666666666666666,0.943089430894309,0.6666666666666666,0.9830508474576272,0.7741935483870968,0.8586414896407029,0.864406779661017
723,15,57,1,4,0.935064935064935,0.8861161524500907,0.9827586206896551,0.7894736842105263,0.957983193277311,0.7894736842105263,0.9827586206896551,0.8571428571428571,0.907563025210084,0.9283121597096189
724,11,54,8,4,0.8441558441558441,0.8021505376344086,0.8709677419354839,0.7333333333333333,0.9,0.7333333333333333,0.8709677419354839,0.6470588235294118,0.7735294117647059,0.8333333333333333
725,22,42,6,7,0.8311688311688312,0.8168103448275862,0.875,0.7586206896551724,0.865979381443299,0.7586206896551724,0.875,0.7719298245614035,0.8189546030023512,0.8520114942528736
726,11,50,7,9,0.7922077922077922,0.7135964912280701,0.8771929824561403,0.55,0.8620689655172413,0.55,0.8771929824561403,0.5789473684210527,0.720508166969147,0.7631578947368421
727,10,56,5,6,0.8571428571428571,0.771516393442623,0.9180327868852459,0.625,0.9105691056910569,0.625,0.9180327868852459,0.6451612903225806,0.7778651980068187,0.8422131147540983
728,16,48,4,9,0.8311688311688312,0.7815384615384615,0.9230769230769231,0.64,0.8807339449541285,0.64,0.9230769230769231,0.7111111111111111,0.7959225280326199,0.8823076923076923
729,10,47,5,15,0.7402597402597403,0.6519230769230769,0.9038461538461539,0.4,0.8245614035087719,0.4,0.9038461538461539,0.5,0.6622807017543859,0.6784615384615384
730,14,48,8,7,0.8051948051948052,0.7619047619047619,0.8571428571428571,0.6666666666666666,0.8648648648648649,0.6666666666666666,0.8571428571428571,0.6511627906976745,0.7580138277812697,0.7125850340136054
731,8,52,8,9,0.7792207792207793,0.6686274509803922,0.8666666666666667,0.47058823529411764,0.859504132231405,0.47058823529411764,0.8666666666666667,0.48484848484848486,0.6721763085399449,0.8147058823529412
732,13,54,4,6,0.8701298701298701,0.8076225045372051,0.9310344827586207,0.6842105263157895,0.9152542372881356,0.6842105263157895,0.9310344827586207,0.7222222222222222,0.8187382297551788,0.8575317604355717
733,11,50,3,13,0.7922077922077922,0.7008647798742138,0.9433962264150944,0.4583333333333333,0.8620689655172413,0.4583333333333333,0.9433962264150944,0.5789473684210527,0.720508166969147,0.7437106918238994
734,14,51,4,8,0.8441558441558441,0.7818181818181817,0.9272727272727272,0.6363636363636364,0.8947368421052632,0.6363636363636364,0.9272727272727272,0.7,0.7973684210526315,0.8942148760330579
735,11,53,5,8,0.8311688311688312,0.7463702359346642,0.9137931034482759,0.5789473684210527,0.8907563025210085,0.5789473684210527,0.9137931034482759,0.6285714285714286,0.7596638655462185,0.7740471869328494
736,4,60,3,10,0.8311688311688312,0.6190476190476191,0.9523809523809523,0.2857142857142857,0.9022556390977443,0.2857142857142857,0.9523809523809523,0.38095238095238093,0.6416040100250626,0.7346938775510203
737,12,53,6,6,0.8441558441558441,0.7824858757062148,0.8983050847457628,0.6666666666666666,0.8983050847457628,0.6666666666666666,0.8983050847457628,0.6666666666666666,0.7824858757062148,0.795668549905838
738,10,57,4,6,0.8701298701298701,0.7797131147540983,0.9344262295081968,0.625,0.9193548387096774,0.625,0.9344262295081968,0.6666666666666666,0.793010752688172,0.8227459016393442
739,17,47,8,5,0.8311688311688312,0.8136363636363636,0.8545454545454545,0.7727272727272727,0.8785046728971962,0.7727272727272727,0.8545454545454545,0.723404255319149,0.8009544641081726,0.790909090909091
740,12,53,6,6,0.8441558441558441,0.7824858757062148,0.8983050847457628,0.6666666666666666,0.8983050847457628,0.6666666666666666,0.8983050847457628,0.6666666666666666,0.7824858757062148,0.7627118644067797
741,12,54,4,7,0.8571428571428571,0.7813067150635209,0.9310344827586207,0.631578947368421,0.907563025210084,0.631578947368421,0.9310344827586207,0.6857142857142857,0.7966386554621849,0.8793103448275863
742,12,61,3,1,0.948051948051948,0.9381009615384616,0.953125,0.9230769230769231,0.9682539682539683,0.9230769230769231,0.953125,0.8571428571428571,0.9126984126984127,0.9591346153846154
743,14,53,5,5,0.8701298701298701,0.8253176043557169,0.9137931034482759,0.7368421052631579,0.9137931034482759,0.7368421052631579,0.9137931034482759,0.7368421052631579,0.8253176043557169,0.8557168784029038
744,6,57,6,8,0.8181818181818182,0.6666666666666666,0.9047619047619048,0.42857142857142855,0.890625,0.42857142857142855,0.9047619047619048,0.46153846153846156,0.6760817307692308,0.6995464852607709
745,13,48,7,9,0.7922077922077922,0.7318181818181818,0.8727272727272727,0.5909090909090909,0.8571428571428571,0.5909090909090909,0.8727272727272727,0.6190476190476191,0.7380952380952381,0.7950413223140497
746,11,59,4,3,0.9090909090909091,0.8611111111111112,0.9365079365079365,0.7857142857142857,0.944,0.7857142857142857,0.9365079365079365,0.7586206896551724,0.8513103448275862,0.8809523809523809
747,9,57,3,8,0.8571428571428571,0.7397058823529412,0.95,0.5294117647058824,0.912,0.5294117647058824,0.95,0.6206896551724138,0.7663448275862069,0.6852941176470588
748,15,46,5,11,0.7922077922077922,0.7394419306184012,0.9019607843137255,0.5769230769230769,0.8518518518518519,0.5769230769230769,0.9019607843137255,0.6521739130434783,0.7520128824476651,0.7684766214177979
749,14,52,6,5,0.8571428571428571,0.8166969147005445,0.896551724137931,0.7368421052631579,0.9043478260869565,0.7368421052631579,0.896551724137931,0.717948717948718,0.8111482720178372,0.8457350272232304
750,13,57,3,4,0.9090909090909091,0.8573529411764705,0.95,0.7647058823529411,0.9421487603305785,0.7647058823529411,0.95,0.7878787878787878,0.8650137741046832,0.8245098039215687
751,7,57,6,7,0.8311688311688312,0.7023809523809523,0.9047619047619048,0.5,0.8976377952755905,0.5,0.9047619047619048,0.5185185185185185,0.7080781568970544,0.8424036281179138
752,12,54,5,6,0.8571428571428571,0.7909604519774012,0.9152542372881356,0.6666666666666666,0.907563025210084,0.6666666666666666,0.9152542372881356,0.6857142857142857,0.7966386554621849,0.8342749529190208
753,10,55,3,9,0.8441558441558441,0.7372958257713249,0.9482758620689655,0.5263157894736842,0.9016393442622951,0.5263157894736842,0.9482758620689655,0.625,0.7633196721311475,0.7504537205081668
754,16,51,7,3,0.8701298701298701,0.8607078039927405,0.8793103448275862,0.8421052631578947,0.9107142857142857,0.8421052631578947,0.8793103448275862,0.7619047619047619,0.8363095238095237,0.8557168784029038
755,15,49,7,6,0.8311688311688312,0.7946428571428572,0.875,0.7142857142857143,0.8828828828828829,0.7142857142857143,0.875,0.6976744186046512,0.790278650743767,0.7610544217687075
756,12,55,1,9,0.8701298701298701,0.7767857142857142,0.9821428571428571,0.5714285714285714,0.9166666666666666,0.5714285714285714,0.9821428571428571,0.7058823529411765,0.8112745098039216,0.8180272108843536
757,16,48,4,9,0.8311688311688312,0.7815384615384615,0.9230769230769231,0.64,0.8807339449541285,0.64,0.9230769230769231,0.7111111111111111,0.7959225280326199,0.7592307692307692
758,11,56,2,8,0.8701298701298701,0.7722323049001816,0.9655172413793104,0.5789473684210527,0.9180327868852459,0.5789473684210527,0.9655172413793104,0.6875,0.802766393442623,0.8266787658802178
759,14,57,1,5,0.922077922077922,0.8598003629764065,0.9827586206896551,0.7368421052631579,0.95,0.7368421052631579,0.9827586206896551,0.8235294117647058,0.8867647058823529,0.8856624319419237
760,15,51,6,5,0.8571428571428571,0.8223684210526316,0.8947368421052632,0.75,0.9026548672566371,0.75,0.8947368421052632,0.7317073170731707,0.8171810921649039,0.8526315789473684
761,11,55,3,8,0.8571428571428571,0.7636116152450091,0.9482758620689655,0.5789473684210527,0.9090909090909091,0.5789473684210527,0.9482758620689655,0.6666666666666666,0.7878787878787878,0.8457350272232305
762,17,49,1,10,0.8571428571428571,0.8048148148148149,0.98,0.6296296296296297,0.8990825688073395,0.6296296296296297,0.98,0.7555555555555555,0.8273190621814475,0.7725925925925926
763,13,53,4,7,0.8571428571428571,0.7899122807017545,0.9298245614035088,0.65,0.905982905982906,0.65,0.9298245614035088,0.7027027027027027,0.8043428043428044,0.8201754385964912
764,13,51,3,10,0.8311688311688312,0.7548309178743962,0.9444444444444444,0.5652173913043478,0.8869565217391304,0.5652173913043478,0.9444444444444444,0.6666666666666666,0.7768115942028986,0.7463768115942029
765,16,46,3,12,0.8051948051948052,0.7551020408163265,0.9387755102040817,0.5714285714285714,0.8598130841121495,0.5714285714285714,0.9387755102040817,0.6808510638297872,0.7703320739709684,0.7565597667638484
766,9,55,5,8,0.8311688311688312,0.7230392156862745,0.9166666666666666,0.5294117647058824,0.8943089430894309,0.5294117647058824,0.9166666666666666,0.5806451612903226,0.7374770521898768,0.7558823529411764
767,14,50,6,7,0.8311688311688312,0.7797619047619048,0.8928571428571429,0.6666666666666666,0.8849557522123894,0.6666666666666666,0.8928571428571429,0.6829268292682927,0.7839412907403411,0.7738095238095237
768,15,52,3,7,0.8701298701298701,0.8136363636363636,0.9454545454545454,0.6818181818181818,0.9122807017543859,0.6818181818181818,0.9454545454545454,0.75,0.831140350877193,0.8545454545454545
769,10,53,9,5,0.8181818181818182,0.760752688172043,0.8548387096774194,0.6666666666666666,0.8833333333333333,0.6666666666666666,0.8548387096774194,0.5882352941176471,0.7357843137254902,0.7623655913978495
770,11,50,6,10,0.7922077922077922,0.7083333333333334,0.8928571428571429,0.5238095238095238,0.8620689655172413,0.5238095238095238,0.8928571428571429,0.5789473684210527,0.720508166969147,0.7474489795918366
771,15,51,4,7,0.8571428571428571,0.8045454545454545,0.9272727272727272,0.6818181818181818,0.9026548672566371,0.6818181818181818,0.9272727272727272,0.7317073170731707,0.8171810921649039,0.8446280991735536
772,12,55,3,7,0.8701298701298701,0.7899274047186933,0.9482758620689655,0.631578947368421,0.9166666666666666,0.631578947368421,0.9482758620689655,0.7058823529411765,0.8112745098039216,0.9128856624319419
773,11,55,4,7,0.8571428571428571,0.7716572504708098,0.9322033898305084,0.6111111111111112,0.9090909090909091,0.6111111111111112,0.9322033898305084,0.6666666666666666,0.7878787878787878,0.8361581920903954
774,15,56,0,6,0.922077922077922,0.8571428571428572,1.0,0.7142857142857143,0.9491525423728814,0.7142857142857143,1.0,0.8333333333333334,0.8912429378531074,0.9005102040816326
775,14,50,5,8,0.8311688311688312,0.7727272727272727,0.9090909090909091,0.6363636363636364,0.8849557522123894,0.6363636363636364,0.9090909090909091,0.6829268292682927,0.7839412907403411,0.8231404958677686
776,14,52,6,5,0.8571428571428571,0.8166969147005445,0.896551724137931,0.7368421052631579,0.9043478260869565,0.7368421052631579,0.896551724137931,0.717948717948718,0.8111482720178372,0.7958257713248638
777,19,48,2,8,0.8701298701298701,0.8318518518518518,0.96,0.7037037037037037,0.9056603773584906,0.7037037037037037,0.96,0.7916666666666666,0.8486635220125787,0.8355555555555554
778,12,50,8,7,0.8051948051948052,0.7468239564428312,0.8620689655172413,0.631578947368421,0.8695652173913043,0.631578947368421,0.8620689655172413,0.6153846153846154,0.7424749163879598,0.8085299455535391
779,12,53,5,7,0.8441558441558441,0.7726860254083485,0.9137931034482759,0.631578947368421,0.8983050847457628,0.631578947368421,0.9137931034482759,0.6666666666666666,0.7824858757062148,0.7586206896551724
780,10,57,3,7,0.8701298701298701,0.7691176470588235,0.95,0.5882352941176471,0.9193548387096774,0.5882352941176471,0.95,0.6666666666666666,0.793010752688172,0.9176470588235294
781,17,54,3,3,0.922077922077922,0.8986842105263158,0.9473684210526315,0.85,0.9473684210526315,0.85,0.9473684210526315,0.85,0.8986842105263158,0.8631578947368421
782,12,48,6,11,0.7792207792207793,0.7053140096618358,0.8888888888888888,0.5217391304347826,0.8495575221238938,0.5217391304347826,0.8888888888888888,0.5853658536585366,0.7174616878912152,0.7552334943639291
783,13,56,3,5,0.8961038961038961,0.8356873822975518,0.9491525423728814,0.7222222222222222,0.9333333333333333,0.7222222222222222,0.9491525423728814,0.7647058823529411,0.8490196078431372,0.9030131826741996
784,10,57,4,6,0.8701298701298701,0.7797131147540983,0.9344262295081968,0.625,0.9193548387096774,0.625,0.9344262295081968,0.6666666666666666,0.793010752688172,0.8586065573770493
785,15,44,6,12,0.7662337662337663,0.7177777777777778,0.88,0.5555555555555556,0.8301886792452831,0.5555555555555556,0.88,0.625,0.7275943396226415,0.7555555555555555
786,12,55,3,7,0.8701298701298701,0.7899274047186933,0.9482758620689655,0.631578947368421,0.9166666666666666,0.631578947368421,0.9482758620689655,0.7058823529411765,0.8112745098039216,0.7613430127041741
787,10,54,7,6,0.8311688311688312,0.7551229508196722,0.8852459016393442,0.625,0.8925619834710744,0.625,0.8852459016393442,0.6060606060606061,0.7493112947658402,0.860655737704918
788,12,53,1,11,0.8441558441558441,0.751610305958132,0.9814814814814815,0.5217391304347826,0.8983050847457628,0.5217391304347826,0.9814814814814815,0.6666666666666666,0.7824858757062148,0.8582930756843801
789,17,47,4,9,0.8311688311688312,0.7877073906485671,0.9215686274509803,0.6538461538461539,0.8785046728971962,0.6538461538461539,0.9215686274509803,0.723404255319149,0.8009544641081726,0.8069381598793364
790,15,50,2,10,0.8441558441558441,0.7807692307692308,0.9615384615384616,0.6,0.8928571428571429,0.6,0.9615384615384616,0.7142857142857143,0.8035714285714286,0.8069230769230769
791,10,56,3,8,0.8571428571428571,0.7523540489642184,0.9491525423728814,0.5555555555555556,0.9105691056910569,0.5555555555555556,0.9491525423728814,0.6451612903225806,0.7778651980068187,0.7448210922787193
792,12,57,3,5,0.8961038961038961,0.8279411764705882,0.95,0.7058823529411765,0.9344262295081968,0.7058823529411765,0.95,0.75,0.8422131147540983,0.9186274509803921
793,13,52,3,9,0.8441558441558441,0.7681818181818182,0.9454545454545454,0.5909090909090909,0.896551724137931,0.5909090909090909,0.9454545454545454,0.6842105263157895,0.7903811252268602,0.7669421487603305
794,14,50,3,10,0.8311688311688312,0.7633647798742138,0.9433962264150944,0.5833333333333334,0.8849557522123894,0.5833333333333334,0.9433962264150944,0.6829268292682927,0.7839412907403411,0.7688679245283019
795,14,51,4,8,0.8441558441558441,0.7818181818181817,0.9272727272727272,0.6363636363636364,0.8947368421052632,0.6363636363636364,0.9272727272727272,0.7,0.7973684210526315,0.8314049586776859
796,12,48,3,14,0.7792207792207793,0.7013574660633484,0.9411764705882353,0.46153846153846156,0.8495575221238938,0.46153846153846156,0.9411764705882353,0.5853658536585366,0.7174616878912152,0.7254901960784313
797,16,52,3,6,0.8831168831168831,0.8363636363636364,0.9454545454545454,0.7272727272727273,0.9203539823008849,0.7272727272727273,0.9454545454545454,0.7804878048780488,0.8504208935894668,0.8570247933884297
798,11,53,0,13,0.8311688311688312,0.7291666666666666,1.0,0.4583333333333333,0.8907563025210085,0.4583333333333333,1.0,0.6285714285714286,0.7596638655462185,0.854559748427673
799,15,53,2,7,0.8831168831168831,0.8227272727272728,0.9636363636363636,0.6818181818181818,0.9217391304347826,0.6818181818181818,0.9636363636363636,0.7692307692307693,0.8454849498327759,0.8884297520661157
800,13,43,11,10,0.7272727272727273,0.680756843800322,0.7962962962962963,0.5652173913043478,0.8037383177570093,0.5652173913043478,0.7962962962962963,0.5531914893617021,0.6784649035593557,0.6940418679549114
801,11,54,5,7,0.8441558441558441,0.7631826741996234,0.9152542372881356,0.6111111111111112,0.9,0.6111111111111112,0.9152542372881356,0.6470588235294118,0.7735294117647059,0.7796610169491525
802,11,59,2,5,0.9090909090909091,0.8273565573770492,0.9672131147540983,0.6875,0.944,0.6875,0.9672131147540983,0.7586206896551724,0.8513103448275862,0.9129098360655737
803,10,58,2,7,0.8831168831168831,0.7774509803921569,0.9666666666666667,0.5882352941176471,0.928,0.5882352941176471,0.9666666666666667,0.6896551724137931,0.8088275862068965,0.8362745098039216
804,17,49,2,9,0.8571428571428571,0.807315233785822,0.9607843137254902,0.6538461538461539,0.8990825688073395,0.6538461538461539,0.9607843137254902,0.7555555555555555,0.8273190621814475,0.8604826546003016
805,19,44,5,9,0.8181818181818182,0.7882653061224489,0.8979591836734694,0.6785714285714286,0.8627450980392157,0.6785714285714286,0.8979591836734694,0.7307692307692307,0.7967571644042233,0.8360058309037901
806,16,46,6,9,0.8051948051948052,0.7623076923076924,0.8846153846153846,0.64,0.8598130841121495,0.64,0.8846153846153846,0.6808510638297872,0.7703320739709684,0.7976923076923077
807,13,51,4,9,0.8311688311688312,0.759090909090909,0.9272727272727272,0.5909090909090909,0.8869565217391304,0.5909090909090909,0.9272727272727272,0.6666666666666666,0.7768115942028986,0.8297520661157025
808,14,42,7,14,0.7272727272727273,0.6785714285714286,0.8571428571428571,0.5,0.8,0.5,0.8571428571428571,0.5714285714285714,0.6857142857142857,0.7514577259475218
809,10,56,7,4,0.8571428571428571,0.8015873015873016,0.8888888888888888,0.7142857142857143,0.9105691056910569,0.7142857142857143,0.8888888888888888,0.6451612903225806,0.7778651980068187,0.7154195011337868
810,14,52,4,7,0.8571428571428571,0.7976190476190477,0.9285714285714286,0.6666666666666666,0.9043478260869565,0.6666666666666666,0.9285714285714286,0.717948717948718,0.8111482720178372,0.7806122448979591
811,18,47,6,6,0.8441558441558441,0.8183962264150944,0.8867924528301887,0.75,0.8867924528301887,0.75,0.8867924528301887,0.75,0.8183962264150944,0.8011006289308177
812,13,55,0,9,0.8831168831168831,0.7954545454545454,1.0,0.5909090909090909,0.9243697478991597,0.5909090909090909,1.0,0.7428571428571429,0.8336134453781513,0.8743801652892562
813,19,47,4,7,0.8571428571428571,0.8261689291101055,0.9215686274509803,0.7307692307692307,0.8952380952380953,0.7307692307692307,0.9215686274509803,0.7755102040816326,0.8353741496598639,0.8672699849170438
814,8,56,6,7,0.8311688311688312,0.7182795698924731,0.9032258064516129,0.5333333333333333,0.896,0.5333333333333333,0.9032258064516129,0.5517241379310345,0.7238620689655173,0.8139784946236559
815,13,50,3,11,0.8181818181818182,0.7425314465408805,0.9433962264150944,0.5416666666666666,0.8771929824561403,0.5416666666666666,0.9433962264150944,0.65,0.7635964912280702,0.7460691823899371
816,11,54,4,8,0.8441558441558441,0.7549909255898366,0.9310344827586207,0.5789473684210527,0.9,0.5789473684210527,0.9310344827586207,0.6470588235294118,0.7735294117647059,0.7558983666061706
817,12,49,7,9,0.7922077922077922,0.7232142857142857,0.875,0.5714285714285714,0.8596491228070176,0.5714285714285714,0.875,0.6,0.7298245614035088,0.7117346938775511
818,15,48,3,11,0.8181818181818182,0.7590497737556561,0.9411764705882353,0.5769230769230769,0.8727272727272727,0.5769230769230769,0.9411764705882353,0.6818181818181818,0.7772727272727272,0.8242835595776772
819,11,52,5,9,0.8181818181818182,0.731140350877193,0.9122807017543859,0.55,0.8813559322033898,0.55,0.9122807017543859,0.6111111111111112,0.7462335216572504,0.7877192982456139
820,8,56,5,8,0.8311688311688312,0.709016393442623,0.9180327868852459,0.5,0.896,0.5,0.9180327868852459,0.5517241379310345,0.7238620689655173,0.709016393442623
821,11,56,2,8,0.8701298701298701,0.7722323049001816,0.9655172413793104,0.5789473684210527,0.9180327868852459,0.5789473684210527,0.9655172413793104,0.6875,0.802766393442623,0.8511796733212341
822,11,54,3,9,0.8441558441558441,0.7486842105263158,0.9473684210526315,0.55,0.9,0.55,0.9473684210526315,0.6470588235294118,0.7735294117647059,0.7684210526315789
823,13,51,2,11,0.8311688311688312,0.7519654088050314,0.9622641509433962,0.5416666666666666,0.8869565217391304,0.5416666666666666,0.9622641509433962,0.6666666666666666,0.7768115942028986,0.8317610062893082
824,14,48,6,9,0.8051948051948052,0.748792270531401,0.8888888888888888,0.6086956521739131,0.8648648648648649,0.6086956521739131,0.8888888888888888,0.6511627906976745,0.7580138277812697,0.8148148148148148
825,9,58,5,5,0.8701298701298701,0.7817460317460317,0.9206349206349206,0.6428571428571429,0.9206349206349206,0.6428571428571429,0.9206349206349206,0.6428571428571429,0.7817460317460317,0.8106575963718821
826,8,54,5,10,0.8051948051948052,0.67984934086629,0.9152542372881356,0.4444444444444444,0.8780487804878049,0.4444444444444444,0.9152542372881356,0.5161290322580645,0.6970889063729346,0.6393596986817326
827,12,51,7,7,0.8181818181818182,0.7554446460980035,0.8793103448275862,0.631578947368421,0.8793103448275862,0.631578947368421,0.8793103448275862,0.631578947368421,0.7554446460980035,0.7413793103448276
828,9,57,6,5,0.8571428571428571,0.7738095238095238,0.9047619047619048,0.6428571428571429,0.912,0.6428571428571429,0.9047619047619048,0.6206896551724138,0.7663448275862069,0.8390022675736962
829,14,52,3,8,0.8571428571428571,0.7909090909090909,0.9454545454545454,0.6363636363636364,0.9043478260869565,0.6363636363636364,0.9454545454545454,0.717948717948718,0.8111482720178372,0.8404958677685951
830,11,52,4,10,0.8181818181818182,0.7261904761904763,0.9285714285714286,0.5238095238095238,0.8813559322033898,0.5238095238095238,0.9285714285714286,0.6111111111111112,0.7462335216572504,0.778061224489796
831,17,52,3,5,0.8961038961038961,0.8590909090909091,0.9454545454545454,0.7727272727272727,0.9285714285714286,0.7727272727272727,0.9454545454545454,0.8095238095238095,0.8690476190476191,0.8330578512396694
832,15,51,4,7,0.8571428571428571,0.8045454545454545,0.9272727272727272,0.6818181818181818,0.9026548672566371,0.6818181818181818,0.9272727272727272,0.7317073170731707,0.8171810921649039,0.7652892561983471
833,12,52,5,8,0.8311688311688312,0.7561403508771929,0.9122807017543859,0.6,0.8888888888888888,0.6,0.9122807017543859,0.6486486486486487,0.7687687687687688,0.763157894736842
834,16,50,6,5,0.8571428571428571,0.8273809523809523,0.8928571428571429,0.7619047619047619,0.9009009009009009,0.7619047619047619,0.8928571428571429,0.7441860465116279,0.8225434737062645,0.7976190476190476
835,15,50,3,9,0.8441558441558441,0.7841981132075472,0.9433962264150944,0.625,0.8928571428571429,0.625,0.9433962264150944,0.7142857142857143,0.8035714285714286,0.7272012578616351
836,14,53,4,6,0.8701298701298701,0.8149122807017544,0.9298245614035088,0.7,0.9137931034482759,0.7,0.9298245614035088,0.7368421052631579,0.8253176043557169,0.8149122807017545
837,14,52,3,8,0.8571428571428571,0.7909090909090909,0.9454545454545454,0.6363636363636364,0.9043478260869565,0.6363636363636364,0.9454545454545454,0.717948717948718,0.8111482720178372,0.8735537190082645
838,14,48,5,10,0.8051948051948052,0.7444968553459119,0.9056603773584906,0.5833333333333334,0.8648648648648649,0.5833333333333334,0.9056603773584906,0.6511627906976745,0.7580138277812697,0.7995283018867925
839,13,52,6,6,0.8441558441558441,0.7903811252268602,0.896551724137931,0.6842105263157895,0.896551724137931,0.6842105263157895,0.896551724137931,0.6842105263157895,0.7903811252268602,0.7976406533575318
840,7,52,6,12,0.7662337662337663,0.632486388384755,0.896551724137931,0.3684210526315789,0.8524590163934426,0.3684210526315789,0.896551724137931,0.4375,0.6449795081967213,0.6524500907441017
841,12,50,7,8,0.8051948051948052,0.7385964912280701,0.8771929824561403,0.6,0.8695652173913043,0.6,0.8771929824561403,0.6153846153846154,0.7424749163879598,0.7745614035087719
842,12,46,6,13,0.7532467532467533,0.6823076923076923,0.8846153846153846,0.48,0.8288288288288288,0.48,0.8846153846153846,0.5581395348837209,0.6934841818562749,0.8153846153846155
843,11,54,5,7,0.8441558441558441,0.7631826741996234,0.9152542372881356,0.6111111111111112,0.9,0.6111111111111112,0.9152542372881356,0.6470588235294118,0.7735294117647059,0.7937853107344632
844,5,65,2,5,0.9090909090909091,0.7350746268656716,0.9701492537313433,0.5,0.948905109489051,0.5,0.9701492537313433,0.5882352941176471,0.7685702018033491,0.8477611940298507
845,14,49,6,8,0.8181818181818182,0.7636363636363637,0.8909090909090909,0.6363636363636364,0.875,0.6363636363636364,0.8909090909090909,0.6666666666666666,0.7708333333333333,0.8289256198347108
846,14,53,5,5,0.8701298701298701,0.8253176043557169,0.9137931034482759,0.7368421052631579,0.9137931034482759,0.7368421052631579,0.9137931034482759,0.7368421052631579,0.8253176043557169,0.8983666061705989
847,14,51,2,10,0.8441558441558441,0.7727987421383649,0.9622641509433962,0.5833333333333334,0.8947368421052632,0.5833333333333334,0.9622641509433962,0.7,0.7973684210526315,0.8435534591194969
848,11,56,1,9,0.8701298701298701,0.7662280701754386,0.9824561403508771,0.55,0.9180327868852459,0.55,0.9824561403508771,0.6875,0.802766393442623,0.780701754385965
849,12,60,5,0,0.935064935064935,0.9615384615384616,0.9230769230769231,1.0,0.96,1.0,0.9230769230769231,0.8275862068965517,0.8937931034482758,0.9525641025641025
850,12,54,5,6,0.8571428571428571,0.7909604519774012,0.9152542372881356,0.6666666666666666,0.907563025210084,0.6666666666666666,0.9152542372881356,0.6857142857142857,0.7966386554621849,0.8483992467043315
851,8,57,2,10,0.8441558441558441,0.7052730696798493,0.9661016949152542,0.4444444444444444,0.9047619047619048,0.4444444444444444,0.9661016949152542,0.5714285714285714,0.7380952380952381,0.7231638418079096
852,19,50,2,6,0.8961038961038961,0.8607692307692307,0.9615384615384616,0.76,0.9259259259259259,0.76,0.9615384615384616,0.8260869565217391,0.8760064412238325,0.876923076923077
853,17,48,5,7,0.8441558441558441,0.8069968553459119,0.9056603773584906,0.7083333333333334,0.8888888888888888,0.7083333333333334,0.9056603773584906,0.7391304347826086,0.8140096618357487,0.8490566037735848
854,12,52,5,8,0.8311688311688312,0.7561403508771929,0.9122807017543859,0.6,0.8888888888888888,0.6,0.9122807017543859,0.6486486486486487,0.7687687687687688,0.7192982456140351
855,15,55,1,6,0.9090909090909091,0.8482142857142857,0.9821428571428571,0.7142857142857143,0.9401709401709402,0.7142857142857143,0.9821428571428571,0.8108108108108109,0.8754908754908755,0.9294217687074829
856,16,55,1,5,0.922077922077922,0.8720238095238095,0.9821428571428571,0.7619047619047619,0.9482758620689655,0.7619047619047619,0.9821428571428571,0.8421052631578947,0.8951905626134301,0.8741496598639454
857,8,61,2,6,0.8961038961038961,0.7698412698412698,0.9682539682539683,0.5714285714285714,0.9384615384615385,0.5714285714285714,0.9682539682539683,0.6666666666666666,0.8025641025641026,0.7335600907029478
858,12,60,1,4,0.935064935064935,0.8668032786885246,0.9836065573770492,0.75,0.96,0.75,0.9836065573770492,0.8275862068965517,0.8937931034482758,0.8493852459016393
859,11,50,6,10,0.7922077922077922,0.7083333333333334,0.8928571428571429,0.5238095238095238,0.8620689655172413,0.5238095238095238,0.8928571428571429,0.5789473684210527,0.720508166969147,0.7908163265306123
860,14,53,1,9,0.8701298701298701,0.7950885668276972,0.9814814814814815,0.6086956521739131,0.9137931034482759,0.6086956521739131,0.9814814814814815,0.7368421052631579,0.8253176043557169,0.7866344605475041
861,16,52,1,8,0.8831168831168831,0.8238993710691824,0.9811320754716981,0.6666666666666666,0.9203539823008849,0.6666666666666666,0.9811320754716981,0.7804878048780488,0.8504208935894668,0.8844339622641509
862,6,62,3,6,0.8831168831168831,0.726923076923077,0.9538461538461539,0.5,0.9323308270676691,0.5,0.9538461538461539,0.5714285714285714,0.7518796992481203,0.7910256410256411
863,13,54,4,6,0.8701298701298701,0.8076225045372051,0.9310344827586207,0.6842105263157895,0.9152542372881356,0.6842105263157895,0.9310344827586207,0.7222222222222222,0.8187382297551788,0.8811252268602541
864,19,45,3,10,0.8311688311688312,0.7963362068965517,0.9375,0.6551724137931034,0.8737864077669902,0.6551724137931034,0.9375,0.7450980392156863,0.8094422234913383,0.8405172413793104
865,7,59,2,9,0.8571428571428571,0.7023565573770492,0.9672131147540983,0.4375,0.9147286821705426,0.4375,0.9672131147540983,0.56,0.7373643410852713,0.7213114754098361
866,13,51,4,9,0.8311688311688312,0.759090909090909,0.9272727272727272,0.5909090909090909,0.8869565217391304,0.5909090909090909,0.9272727272727272,0.6666666666666666,0.7768115942028986,0.8
867,13,47,6,11,0.7792207792207793,0.7142295597484276,0.8867924528301887,0.5416666666666666,0.8468468468468469,0.5416666666666666,0.8867924528301887,0.6046511627906976,0.7257490048187722,0.7413522012578617
868,12,57,4,4,0.8961038961038961,0.8422131147540983,0.9344262295081968,0.75,0.9344262295081968,0.75,0.9344262295081968,0.75,0.8422131147540983,0.930327868852459
869,13,56,2,6,0.8961038961038961,0.8248638838475499,0.9655172413793104,0.6842105263157895,0.9333333333333333,0.6842105263157895,0.9655172413793104,0.7647058823529411,0.8490196078431372,0.837568058076225
870,18,53,0,6,0.922077922077922,0.875,1.0,0.75,0.9464285714285714,0.75,1.0,0.8571428571428571,0.9017857142857142,0.8915094339622642
871,11,49,7,10,0.7792207792207793,0.6994047619047619,0.875,0.5238095238095238,0.8521739130434782,0.5238095238095238,0.875,0.5641025641025641,0.7081382385730212,0.7151360544217686
872,10,52,3,12,0.8051948051948052,0.7,0.9454545454545454,0.45454545454545453,0.8739495798319328,0.45454545454545453,0.9454545454545454,0.5714285714285714,0.7226890756302521,0.715702479338843
873,16,51,4,6,0.8701298701298701,0.8272727272727273,0.9272727272727272,0.7272727272727273,0.9107142857142857,0.7272727272727273,0.9272727272727272,0.7619047619047619,0.8363095238095237,0.8917355371900827
874,15,52,3,7,0.8701298701298701,0.8136363636363636,0.9454545454545454,0.6818181818181818,0.9122807017543859,0.6818181818181818,0.9454545454545454,0.75,0.831140350877193,0.815702479338843
875,13,53,3,8,0.8571428571428571,0.7827380952380952,0.9464285714285714,0.6190476190476191,0.905982905982906,0.6190476190476191,0.9464285714285714,0.7027027027027027,0.8043428043428044,0.7729591836734694
876,11,54,5,7,0.8441558441558441,0.7631826741996234,0.9152542372881356,0.6111111111111112,0.9,0.6111111111111112,0.9152542372881356,0.6470588235294118,0.7735294117647059,0.827683615819209
877,9,56,5,7,0.8441558441558441,0.740266393442623,0.9180327868852459,0.5625,0.9032258064516129,0.5625,0.9180327868852459,0.6,0.7516129032258064,0.6967213114754098
878,17,50,4,6,0.8701298701298701,0.8325281803542672,0.9259259259259259,0.7391304347826086,0.9090909090909091,0.7391304347826086,0.9259259259259259,0.7727272727272727,0.8409090909090908,0.8381642512077294
879,9,58,4,6,0.8701298701298701,0.7677419354838709,0.9354838709677419,0.6,0.9206349206349206,0.6,0.9354838709677419,0.6428571428571429,0.7817460317460317,0.8333333333333334
880,14,53,4,6,0.8701298701298701,0.8149122807017544,0.9298245614035088,0.7,0.9137931034482759,0.7,0.9298245614035088,0.7368421052631579,0.8253176043557169,0.8587719298245614
881,17,52,3,5,0.8961038961038961,0.8590909090909091,0.9454545454545454,0.7727272727272727,0.9285714285714286,0.7727272727272727,0.9454545454545454,0.8095238095238095,0.8690476190476191,0.9181818181818182
882,20,48,2,7,0.8831168831168831,0.8503703703703703,0.96,0.7407407407407407,0.9142857142857143,0.7407407407407407,0.96,0.8163265306122449,0.8653061224489795,0.9459259259259261
883,16,47,6,8,0.8181818181818182,0.7767295597484276,0.8867924528301887,0.6666666666666666,0.8703703703703703,0.6666666666666666,0.8867924528301887,0.6956521739130435,0.7830112721417068,0.7877358490566038
884,11,59,2,5,0.9090909090909091,0.8273565573770492,0.9672131147540983,0.6875,0.944,0.6875,0.9672131147540983,0.7586206896551724,0.8513103448275862,0.8934426229508197
885,14,53,4,6,0.8701298701298701,0.8149122807017544,0.9298245614035088,0.7,0.9137931034482759,0.7,0.9298245614035088,0.7368421052631579,0.8253176043557169,0.8289473684210527
886,11,53,4,9,0.8311688311688312,0.7399122807017544,0.9298245614035088,0.55,0.8907563025210085,0.55,0.9298245614035088,0.6285714285714286,0.7596638655462185,0.7552631578947369
887,15,48,7,7,0.8181818181818182,0.7772727272727272,0.8727272727272727,0.6818181818181818,0.8727272727272727,0.6818181818181818,0.8727272727272727,0.6818181818181818,0.7772727272727272,0.7685950413223142
888,18,47,5,7,0.8441558441558441,0.811923076923077,0.9038461538461539,0.72,0.8867924528301887,0.72,0.9038461538461539,0.75,0.8183962264150944,0.8384615384615385
889,9,56,2,10,0.8441558441558441,0.7196007259528131,0.9655172413793104,0.47368421052631576,0.9032258064516129,0.47368421052631576,0.9655172413793104,0.6,0.7516129032258064,0.7921960072595281
890,14,55,6,2,0.8961038961038961,0.8883196721311475,0.9016393442622951,0.875,0.9322033898305084,0.875,0.9016393442622951,0.7777777777777778,0.8549905838041432,0.9006147540983606
891,13,55,2,7,0.8831168831168831,0.8074561403508772,0.9649122807017544,0.65,0.9243697478991597,0.65,0.9649122807017544,0.7428571428571429,0.8336134453781513,0.8456140350877193
892,10,54,1,12,0.8311688311688312,0.7181818181818181,0.9818181818181818,0.45454545454545453,0.8925619834710744,0.45454545454545453,0.9818181818181818,0.6060606060606061,0.7493112947658402,0.756198347107438
893,17,54,2,4,0.922077922077922,0.8869047619047619,0.9642857142857143,0.8095238095238095,0.9473684210526315,0.8095238095238095,0.9642857142857143,0.85,0.8986842105263158,0.9668367346938774
894,11,57,1,8,0.8831168831168831,0.780852994555354,0.9827586206896551,0.5789473684210527,0.926829268292683,0.5789473684210527,0.9827586206896551,0.7096774193548387,0.8182533438237609,0.779491833030853
895,12,51,8,6,0.8181818181818182,0.7655367231638418,0.864406779661017,0.6666666666666666,0.8793103448275862,0.6666666666666666,0.864406779661017,0.631578947368421,0.7554446460980035,0.7956685499058381
896,17,49,4,7,0.8571428571428571,0.816430817610063,0.9245283018867925,0.7083333333333334,0.8990825688073395,0.7083333333333334,0.9245283018867925,0.7555555555555555,0.8273190621814475,0.8443396226415094
897,16,51,2,8,0.8701298701298701,0.8144654088050314,0.9622641509433962,0.6666666666666666,0.9107142857142857,0.6666666666666666,0.9622641509433962,0.7619047619047619,0.8363095238095237,0.824685534591195
898,12,49,5,11,0.7922077922077922,0.7145732689210951,0.9074074074074074,0.5217391304347826,0.8596491228070176,0.5217391304347826,0.9074074074074074,0.6,0.7298245614035088,0.7818035426731079
899,18,54,2,3,0.935064935064935,0.9107142857142857,0.9642857142857143,0.8571428571428571,0.9557522123893806,0.8571428571428571,0.9642857142857143,0.8780487804878049,0.9169004964385927,0.9591836734693877
900,15,52,6,4,0.8701298701298701,0.8430127041742287,0.896551724137931,0.7894736842105263,0.9122807017543859,0.7894736842105263,0.896551724137931,0.75,0.831140350877193,0.9128856624319418
901,10,51,5,11,0.7922077922077922,0.6934523809523809,0.9107142857142857,0.47619047619047616,0.864406779661017,0.47619047619047616,0.9107142857142857,0.5555555555555556,0.7099811676082863,0.7355442176870748
902,12,48,4,13,0.7792207792207793,0.7015384615384616,0.9230769230769231,0.48,0.8495575221238938,0.48,0.9230769230769231,0.5853658536585366,0.7174616878912152,0.6746153846153846
903,5,62,3,7,0.8701298701298701,0.6852564102564103,0.9538461538461539,0.4166666666666667,0.9253731343283582,0.4166666666666667,0.9538461538461539,0.5,0.7126865671641791,0.6551282051282051
904,11,55,2,9,0.8571428571428571,0.7574561403508773,0.9649122807017544,0.55,0.9090909090909091,0.55,0.9649122807017544,0.6666666666666666,0.7878787878787878,0.886842105263158
905,7,54,5,11,0.7922077922077922,0.6520715630885122,0.9152542372881356,0.3888888888888889,0.8709677419354839,0.3888888888888889,0.9152542372881356,0.4666666666666667,0.6688172043010753,0.7212806026365347
906,16,49,4,8,0.8441558441558441,0.7955974842767295,0.9245283018867925,0.6666666666666666,0.8909090909090909,0.6666666666666666,0.9245283018867925,0.7272727272727273,0.8090909090909091,0.8183962264150944
907,11,55,4,7,0.8571428571428571,0.7716572504708098,0.9322033898305084,0.6111111111111112,0.9090909090909091,0.6111111111111112,0.9322033898305084,0.6666666666666666,0.7878787878787878,0.8239171374764594
908,15,52,2,8,0.8701298701298701,0.8075684380032206,0.9629629629629629,0.6521739130434783,0.9122807017543859,0.6521739130434783,0.9629629629629629,0.75,0.831140350877193,0.8397745571658616
909,5,60,5,7,0.8441558441558441,0.6698717948717949,0.9230769230769231,0.4166666666666667,0.9090909090909091,0.4166666666666667,0.9230769230769231,0.45454545454545453,0.6818181818181818,0.7076923076923076
910,18,49,5,5,0.8701298701298701,0.8450080515297906,0.9074074074074074,0.782608695652174,0.9074074074074074,0.782608695652174,0.9074074074074074,0.782608695652174,0.8450080515297906,0.8333333333333333
911,11,51,3,12,0.8051948051948052,0.711352657004831,0.9444444444444444,0.4782608695652174,0.8717948717948718,0.4782608695652174,0.9444444444444444,0.5945945945945946,0.7331947331947333,0.7004830917874396
912,9,58,2,8,0.8701298701298701,0.7480392156862745,0.9666666666666667,0.5294117647058824,0.9206349206349206,0.5294117647058824,0.9666666666666667,0.6428571428571429,0.7817460317460317,0.8509803921568628
913,12,56,5,4,0.8831168831168831,0.834016393442623,0.9180327868852459,0.75,0.9256198347107438,0.75,0.9180327868852459,0.7272727272727273,0.8264462809917356,0.8401639344262296
914,8,47,6,16,0.7142857142857143,0.610062893081761,0.8867924528301887,0.3333333333333333,0.8103448275862069,0.3333333333333333,0.8867924528301887,0.42105263157894735,0.6156987295825771,0.6312893081761006
915,13,54,5,5,0.8701298701298701,0.8187382297551788,0.9152542372881356,0.7222222222222222,0.9152542372881356,0.7222222222222222,0.9152542372881356,0.7222222222222222,0.8187382297551788,0.8700564971751412
916,12,49,5,11,0.7922077922077922,0.7145732689210951,0.9074074074074074,0.5217391304347826,0.8596491228070176,0.5217391304347826,0.9074074074074074,0.6,0.7298245614035088,0.7729468599033815
917,15,48,4,10,0.8181818181818182,0.7615384615384615,0.9230769230769231,0.6,0.8727272727272727,0.6,0.9230769230769231,0.6818181818181818,0.7772727272727272,0.7953846153846154
918,11,50,4,12,0.7922077922077922,0.7020933977455717,0.9259259259259259,0.4782608695652174,0.8620689655172413,0.4782608695652174,0.9259259259259259,0.5789473684210527,0.720508166969147,0.7326892109500805
919,17,43,6,11,0.7792207792207793,0.7423469387755102,0.8775510204081632,0.6071428571428571,0.8349514563106796,0.6071428571428571,0.8775510204081632,0.6666666666666666,0.7508090614886731,0.7259475218658893
920,17,48,1,11,0.8441558441558441,0.7933673469387754,0.9795918367346939,0.6071428571428571,0.8888888888888888,0.6071428571428571,0.9795918367346939,0.7391304347826086,0.8140096618357487,0.8163265306122448
921,9,56,5,7,0.8441558441558441,0.740266393442623,0.9180327868852459,0.5625,0.9032258064516129,0.5625,0.9180327868852459,0.6,0.7516129032258064,0.7971311475409836
922,15,50,3,9,0.8441558441558441,0.7841981132075472,0.9433962264150944,0.625,0.8928571428571429,0.625,0.9433962264150944,0.7142857142857143,0.8035714285714286,0.7586477987421384
923,18,51,3,5,0.8961038961038961,0.8635265700483092,0.9444444444444444,0.782608695652174,0.9272727272727272,0.782608695652174,0.9444444444444444,0.8181818181818182,0.8727272727272728,0.9009661835748792
924,5,58,5,9,0.8181818181818182,0.6388888888888888,0.9206349206349206,0.35714285714285715,0.8923076923076924,0.35714285714285715,0.9206349206349206,0.4166666666666667,0.6544871794871795,0.7607709750566892
925,13,57,3,4,0.9090909090909091,0.8573529411764705,0.95,0.7647058823529411,0.9421487603305785,0.7647058823529411,0.95,0.7878787878787878,0.8650137741046832,0.8745098039215686
926,22,45,4,6,0.8701298701298701,0.8520408163265306,0.9183673469387755,0.7857142857142857,0.9,0.7857142857142857,0.9183673469387755,0.8148148148148148,0.8574074074074074,0.8811953352769679
927,19,48,2,8,0.8701298701298701,0.8318518518518518,0.96,0.7037037037037037,0.9056603773584906,0.7037037037037037,0.96,0.7916666666666666,0.8486635220125787,0.9466666666666667
928,10,52,3,12,0.8051948051948052,0.7,0.9454545454545454,0.45454545454545453,0.8739495798319328,0.45454545454545453,0.9454545454545454,0.5714285714285714,0.7226890756302521,0.7123966942148761
929,13,54,4,6,0.8701298701298701,0.8076225045372051,0.9310344827586207,0.6842105263157895,0.9152542372881356,0.6842105263157895,0.9310344827586207,0.7222222222222222,0.8187382297551788,0.8157894736842105
930,23,45,3,6,0.8831168831168831,0.865301724137931,0.9375,0.7931034482758621,0.9090909090909091,0.7931034482758621,0.9375,0.8363636363636363,0.8727272727272727,0.9037356321839081
931,11,53,2,11,0.8311688311688312,0.7318181818181818,0.9636363636363636,0.5,0.8907563025210085,0.5,0.9636363636363636,0.6285714285714286,0.7596638655462185,0.6768595041322313
932,11,50,6,10,0.7922077922077922,0.7083333333333334,0.8928571428571429,0.5238095238095238,0.8620689655172413,0.5238095238095238,0.8928571428571429,0.5789473684210527,0.720508166969147,0.8358843537414966
933,16,52,1,8,0.8831168831168831,0.8238993710691824,0.9811320754716981,0.6666666666666666,0.9203539823008849,0.6666666666666666,0.9811320754716981,0.7804878048780488,0.8504208935894668,0.8734276729559749
934,17,44,6,10,0.7922077922077922,0.7548148148148148,0.88,0.6296296296296297,0.8461538461538461,0.6296296296296297,0.88,0.68,0.7630769230769231,0.7837037037037037
935,15,53,3,6,0.8831168831168831,0.8303571428571428,0.9464285714285714,0.7142857142857143,0.9217391304347826,0.7142857142857143,0.9464285714285714,0.7692307692307693,0.8454849498327759,0.8792517006802721
936,14,53,5,5,0.8701298701298701,0.8253176043557169,0.9137931034482759,0.7368421052631579,0.9137931034482759,0.7368421052631579,0.9137931034482759,0.7368421052631579,0.8253176043557169,0.8039927404718693
937,12,56,3,6,0.8831168831168831,0.807909604519774,0.9491525423728814,0.6666666666666666,0.9256198347107438,0.6666666666666666,0.9491525423728814,0.7272727272727273,0.8264462809917356,0.8446327683615819
938,14,47,6,10,0.7922077922077922,0.7350628930817611,0.8867924528301887,0.5833333333333334,0.8545454545454545,0.5833333333333334,0.8867924528301887,0.6363636363636364,0.7454545454545454,0.785377358490566
939,7,59,2,9,0.8571428571428571,0.7023565573770492,0.9672131147540983,0.4375,0.9147286821705426,0.4375,0.9672131147540983,0.56,0.7373643410852713,0.778688524590164
940,11,50,5,11,0.7922077922077922,0.7045454545454546,0.9090909090909091,0.5,0.8620689655172413,0.5,0.9090909090909091,0.5789473684210527,0.720508166969147,0.7925619834710744
941,13,54,2,8,0.8701298701298701,0.7916666666666667,0.9642857142857143,0.6190476190476191,0.9152542372881356,0.6190476190476191,0.9642857142857143,0.7222222222222222,0.8187382297551788,0.8282312925170069
942,12,58,2,5,0.9090909090909091,0.8362745098039216,0.9666666666666667,0.7058823529411765,0.943089430894309,0.7058823529411765,0.9666666666666667,0.7741935483870968,0.8586414896407029,0.7970588235294117
943,18,49,3,7,0.8701298701298701,0.8311538461538461,0.9423076923076923,0.72,0.9074074074074074,0.72,0.9423076923076923,0.782608695652174,0.8450080515297906,0.8115384615384615
944,10,53,7,7,0.8181818181818182,0.7357843137254902,0.8833333333333333,0.5882352941176471,0.8833333333333333,0.5882352941176471,0.8833333333333333,0.5882352941176471,0.7357843137254902,0.7627450980392156
945,12,58,3,4,0.9090909090909091,0.8504098360655737,0.9508196721311475,0.75,0.943089430894309,0.75,0.9508196721311475,0.7741935483870968,0.8586414896407029,0.8637295081967213
946,10,60,3,4,0.9090909090909091,0.8333333333333333,0.9523809523809523,0.7142857142857143,0.9448818897637795,0.7142857142857143,0.9523809523809523,0.7407407407407407,0.84281131525226,0.8129251700680272
947,11,54,2,10,0.8441558441558441,0.7440476190476191,0.9642857142857143,0.5238095238095238,0.9,0.5238095238095238,0.9642857142857143,0.6470588235294118,0.7735294117647059,0.8248299319727891
948,12,50,6,9,0.8051948051948052,0.7321428571428572,0.8928571428571429,0.5714285714285714,0.8695652173913043,0.5714285714285714,0.8928571428571429,0.6153846153846154,0.7424749163879598,0.7661564625850339
949,9,57,4,7,0.8571428571428571,0.7484631147540983,0.9344262295081968,0.5625,0.912,0.5625,0.9344262295081968,0.6206896551724138,0.7663448275862069,0.7776639344262295
950,9,52,7,9,0.7922077922077922,0.6906779661016949,0.8813559322033898,0.5,0.8666666666666667,0.5,0.8813559322033898,0.5294117647058824,0.6980392156862745,0.6854990583804143
951,14,50,4,9,0.8311688311688312,0.7673107890499196,0.9259259259259259,0.6086956521739131,0.8849557522123894,0.6086956521739131,0.9259259259259259,0.6829268292682927,0.7839412907403411,0.822866344605475
952,10,57,7,3,0.8701298701298701,0.8299278846153846,0.890625,0.7692307692307693,0.9193548387096774,0.7692307692307693,0.890625,0.6666666666666666,0.793010752688172,0.8149038461538461
953,8,55,2,12,0.8181818181818182,0.6824561403508772,0.9649122807017544,0.4,0.8870967741935484,0.4,0.9649122807017544,0.5333333333333333,0.7102150537634409,0.7315789473684211
954,10,55,3,9,0.8441558441558441,0.7372958257713249,0.9482758620689655,0.5263157894736842,0.9016393442622951,0.5263157894736842,0.9482758620689655,0.625,0.7633196721311475,0.8457350272232305
955,11,57,3,6,0.8831168831168831,0.7985294117647059,0.95,0.6470588235294118,0.926829268292683,0.6470588235294118,0.95,0.7096774193548387,0.8182533438237609,0.8911764705882352
956,11,52,8,6,0.8181818181818182,0.7568627450980392,0.8666666666666667,0.6470588235294118,0.8813559322033898,0.6470588235294118,0.8666666666666667,0.6111111111111112,0.7462335216572504,0.7813725490196078
957,18,45,5,9,0.8181818181818182,0.7833333333333333,0.9,0.6666666666666666,0.8653846153846154,0.6666666666666666,0.9,0.72,0.7926923076923077,0.8792592592592593
958,12,55,3,7,0.8701298701298701,0.7899274047186933,0.9482758620689655,0.631578947368421,0.9166666666666666,0.631578947368421,0.9482758620689655,0.7058823529411765,0.8112745098039216,0.8702359346642469
959,13,53,4,7,0.8571428571428571,0.7899122807017545,0.9298245614035088,0.65,0.905982905982906,0.65,0.9298245614035088,0.7027027027027027,0.8043428043428044,0.8263157894736842
960,15,51,9,2,0.8571428571428571,0.8661764705882353,0.85,0.8823529411764706,0.9026548672566371,0.8823529411764706,0.85,0.7317073170731707,0.8171810921649039,0.8637254901960785
961,13,56,4,4,0.8961038961038961,0.8490196078431372,0.9333333333333333,0.7647058823529411,0.9333333333333333,0.7647058823529411,0.9333333333333333,0.7647058823529411,0.8490196078431372,0.8980392156862745
962,13,53,4,7,0.8571428571428571,0.7899122807017545,0.9298245614035088,0.65,0.905982905982906,0.65,0.9298245614035088,0.7027027027027027,0.8043428043428044,0.8394736842105264
963,12,54,3,8,0.8571428571428571,0.7736842105263158,0.9473684210526315,0.6,0.907563025210084,0.6,0.9473684210526315,0.6857142857142857,0.7966386554621849,0.8210526315789474
964,14,47,5,11,0.7922077922077922,0.7319230769230769,0.9038461538461539,0.56,0.8545454545454545,0.56,0.9038461538461539,0.6363636363636364,0.7454545454545454,0.7253846153846154
965,14,48,4,11,0.8051948051948052,0.7415384615384616,0.9230769230769231,0.56,0.8648648648648649,0.56,0.9230769230769231,0.6511627906976745,0.7580138277812697,0.7561538461538462
966,11,48,6,12,0.7662337662337663,0.6835748792270531,0.8888888888888888,0.4782608695652174,0.8421052631578947,0.4782608695652174,0.8888888888888888,0.55,0.6960526315789474,0.6996779388083736
967,14,55,3,5,0.8961038961038961,0.8425589836660616,0.9482758620689655,0.7368421052631579,0.9322033898305084,0.7368421052631579,0.9482758620689655,0.7777777777777778,0.8549905838041432,0.9128856624319419
968,12,56,2,7,0.8831168831168831,0.7985480943738656,0.9655172413793104,0.631578947368421,0.9256198347107438,0.631578947368421,0.9655172413793104,0.7272727272727273,0.8264462809917356,0.8294010889292196
969,4,59,4,10,0.8181818181818182,0.6111111111111112,0.9365079365079365,0.2857142857142857,0.8939393939393939,0.2857142857142857,0.9365079365079365,0.36363636363636365,0.6287878787878788,0.8027210884353742
970,14,54,2,7,0.8831168831168831,0.8154761904761905,0.9642857142857143,0.6666666666666666,0.9230769230769231,0.6666666666666666,0.9642857142857143,0.7567567567567568,0.83991683991684,0.9124149659863946
971,14,49,7,7,0.8181818181818182,0.7708333333333333,0.875,0.6666666666666666,0.875,0.6666666666666666,0.875,0.6666666666666666,0.7708333333333333,0.7721088435374149
972,13,48,2,14,0.7922077922077922,0.7207407407407407,0.96,0.48148148148148145,0.8571428571428571,0.48148148148148145,0.96,0.6190476190476191,0.7380952380952381,0.7637037037037037
973,13,54,3,7,0.8701298701298701,0.7986842105263158,0.9473684210526315,0.65,0.9152542372881356,0.65,0.9473684210526315,0.7222222222222222,0.8187382297551788,0.8403508771929825
974,9,58,4,6,0.8701298701298701,0.7677419354838709,0.9354838709677419,0.6,0.9206349206349206,0.6,0.9354838709677419,0.6428571428571429,0.7817460317460317,0.789247311827957
975,10,49,6,12,0.7662337662337663,0.6727272727272727,0.8909090909090909,0.45454545454545453,0.8448275862068966,0.45454545454545453,0.8909090909090909,0.5263157894736842,0.6855716878402904,0.740495867768595
976,9,53,5,10,0.8051948051948052,0.6937386569872959,0.9137931034482759,0.47368421052631576,0.8760330578512396,0.47368421052631576,0.9137931034482759,0.5454545454545454,0.7107438016528925,0.6225045372050817
977,15,51,1,10,0.8571428571428571,0.7903846153846154,0.9807692307692307,0.6,0.9026548672566371,0.6,0.9807692307692307,0.7317073170731707,0.8171810921649039,0.8792307692307693
978,13,48,4,12,0.7922077922077922,0.7215384615384616,0.9230769230769231,0.52,0.8571428571428571,0.52,0.9230769230769231,0.6190476190476191,0.7380952380952381,0.8530769230769231
979,16,48,4,9,0.8311688311688312,0.7815384615384615,0.9230769230769231,0.64,0.8807339449541285,0.64,0.9230769230769231,0.7111111111111111,0.7959225280326199,0.7938461538461539
980,6,56,6,9,0.8051948051948052,0.6516129032258065,0.9032258064516129,0.4,0.8818897637795275,0.4,0.9032258064516129,0.4444444444444444,0.663167104111986,0.6451612903225806
981,17,45,4,11,0.8051948051948052,0.7627551020408163,0.9183673469387755,0.6071428571428571,0.8571428571428571,0.6071428571428571,0.9183673469387755,0.6938775510204082,0.7755102040816326,0.7580174927113702
982,16,56,4,1,0.935064935064935,0.9372549019607843,0.9333333333333333,0.9411764705882353,0.9572649572649573,0.9411764705882353,0.9333333333333333,0.8648648648648649,0.9110649110649112,0.9352941176470588
983,17,49,6,5,0.8571428571428571,0.8318181818181818,0.8909090909090909,0.7727272727272727,0.8990825688073395,0.7727272727272727,0.8909090909090909,0.7555555555555555,0.8273190621814475,0.8090909090909091
984,10,57,1,9,0.8701298701298701,0.7545372050816697,0.9827586206896551,0.5263157894736842,0.9193548387096774,0.5263157894736842,0.9827586206896551,0.6666666666666666,0.793010752688172,0.8756805807622505
985,9,53,6,9,0.8051948051948052,0.6991525423728814,0.8983050847457628,0.5,0.8760330578512396,0.5,0.8983050847457628,0.5454545454545454,0.7107438016528925,0.7344632768361581
986,15,47,2,13,0.8051948051948052,0.7474489795918366,0.9591836734693877,0.5357142857142857,0.8623853211009175,0.5357142857142857,0.9591836734693877,0.6666666666666666,0.764525993883792,0.8017492711370262
987,12,50,8,7,0.8051948051948052,0.7468239564428312,0.8620689655172413,0.631578947368421,0.8695652173913043,0.631578947368421,0.8620689655172413,0.6153846153846154,0.7424749163879598,0.7813067150635209
988,14,55,5,3,0.8961038961038961,0.8700980392156863,0.9166666666666666,0.8235294117647058,0.9322033898305084,0.8235294117647058,0.9166666666666666,0.7777777777777778,0.8549905838041432,0.8725490196078431
989,15,49,7,6,0.8311688311688312,0.7946428571428572,0.875,0.7142857142857143,0.8828828828828829,0.7142857142857143,0.875,0.6976744186046512,0.790278650743767,0.8452380952380952
990,13,45,8,11,0.7532467532467533,0.6953616352201257,0.8490566037735849,0.5416666666666666,0.8256880733944955,0.5416666666666666,0.8490566037735849,0.5777777777777777,0.7017329255861366,0.7908805031446541
991,12,54,1,10,0.8571428571428571,0.7636363636363637,0.9818181818181818,0.5454545454545454,0.907563025210084,0.5454545454545454,0.9818181818181818,0.6857142857142857,0.7966386554621849,0.7900826446280991
992,13,49,6,9,0.8051948051948052,0.740909090909091,0.8909090909090909,0.5909090909090909,0.8672566371681416,0.5909090909090909,0.8909090909090909,0.6341463414634146,0.7507014893157782,0.7834710743801654
993,10,52,6,9,0.8051948051948052,0.7114337568058076,0.896551724137931,0.5263157894736842,0.8739495798319328,0.5263157894736842,0.896551724137931,0.5714285714285714,0.7226890756302521,0.6960072595281307
994,12,43,7,15,0.7142857142857143,0.6522222222222223,0.86,0.4444444444444444,0.7962962962962963,0.4444444444444444,0.86,0.5217391304347826,0.6590177133655395,0.7214814814814814
995,9,53,5,10,0.8051948051948052,0.6937386569872959,0.9137931034482759,0.47368421052631576,0.8760330578512396,0.47368421052631576,0.9137931034482759,0.5454545454545454,0.7107438016528925,0.690562613430127
996,15,54,2,6,0.8961038961038961,0.8392857142857143,0.9642857142857143,0.7142857142857143,0.9310344827586207,0.7142857142857143,0.9642857142857143,0.7894736842105263,0.8602540834845736,0.8962585034013606
997,10,49,6,12,0.7662337662337663,0.6727272727272727,0.8909090909090909,0.45454545454545453,0.8448275862068966,0.45454545454545453,0.8909090909090909,0.5263157894736842,0.6855716878402904,0.7016528925619836
998,10,56,2,9,0.8571428571428571,0.7459165154264973,0.9655172413793104,0.5263157894736842,0.9105691056910569,0.5263157894736842,0.9655172413793104,0.6451612903225806,0.7778651980068187,0.8430127041742287
999,15,47,5,10,0.8051948051948052,0.7519230769230769,0.9038461538461539,0.6,0.8623853211009175,0.6,0.9038461538461539,0.6666666666666666,0.764525993883792,0.7484615384615385
1000,13,47,5,12,0.7792207792207793,0.7119230769230769,0.9038461538461539,0.52,0.8468468468468469,0.52,0.9038461538461539,0.6046511627906976,0.7257490048187722,0.7961538461538461
