round,TP,TN,FP,FN,Accuracy,BalancedAccuracy,Sensitivity_Class0,Specificity_Class0,F1_Class0,Sensitivity_Class1,Specificity_Class1,F1_Class1,F1_macro,AUC
1,10,44,9,14,0.7012987012987013,0.6234276729559749,0.8301886792452831,0.4166666666666667,0.7927927927927928,0.4166666666666667,0.8301886792452831,0.46511627906976744,0.6289545359312801,0.7814465408805031
2,15,48,8,6,0.8181818181818182,0.7857142857142857,0.8571428571428571,0.7142857142857143,0.8727272727272727,0.7142857142857143,0.8571428571428571,0.6818181818181818,0.7772727272727272,0.7346938775510203
3,13,51,7,6,0.8311688311688312,0.7817604355716878,0.8793103448275862,0.6842105263157895,0.8869565217391304,0.6842105263157895,0.8793103448275862,0.6666666666666666,0.7768115942028986,0.8430127041742287
4,7,47,12,11,0.7012987012987013,0.5927495291902072,0.7966101694915254,0.3888888888888889,0.8034188034188035,0.3888888888888889,0.7966101694915254,0.3783783783783784,0.5908985908985909,0.7768361581920904
5,14,47,7,9,0.7922077922077922,0.7395330112721417,0.8703703703703703,0.6086956521739131,0.8545454545454545,0.6086956521739131,0.8703703703703703,0.6363636363636364,0.7454545454545454,0.8035426731078905
6,9,49,7,12,0.7532467532467533,0.6517857142857143,0.875,0.42857142857142855,0.8376068376068376,0.42857142857142855,0.875,0.4864864864864865,0.6620466620466621,0.7857142857142858
7,13,49,7,8,0.8051948051948052,0.7470238095238095,0.875,0.6190476190476191,0.8672566371681416,0.6190476190476191,0.875,0.6341463414634146,0.7507014893157782,0.8290816326530612
8,14,50,5,8,0.8311688311688312,0.7727272727272727,0.9090909090909091,0.6363636363636364,0.8849557522123894,0.6363636363636364,0.9090909090909091,0.6829268292682927,0.7839412907403411,0.862809917355372
9,13,43,12,9,0.7272727272727273,0.6863636363636364,0.7818181818181819,0.5909090909090909,0.8037383177570093,0.5909090909090909,0.7818181818181819,0.5531914893617021,0.6784649035593557,0.7925619834710744
10,7,56,6,8,0.8181818181818182,0.6849462365591398,0.9032258064516129,0.4666666666666667,0.8888888888888888,0.4666666666666667,0.9032258064516129,0.5,0.6944444444444444,0.8612903225806452
11,16,44,10,7,0.7792207792207793,0.7552334943639292,0.8148148148148148,0.6956521739130435,0.8380952380952381,0.6956521739130435,0.8148148148148148,0.6530612244897959,0.745578231292517,0.7826086956521738
12,9,44,11,13,0.6883116883116883,0.6045454545454546,0.8,0.4090909090909091,0.7857142857142857,0.4090909090909091,0.8,0.42857142857142855,0.6071428571428571,0.7223140495867769
13,12,55,5,5,0.8701298701298701,0.8112745098039216,0.9166666666666666,0.7058823529411765,0.9166666666666666,0.7058823529411765,0.9166666666666666,0.7058823529411765,0.8112745098039216,0.8803921568627451
14,13,49,9,6,0.8051948051948052,0.7645190562613431,0.8448275862068966,0.6842105263157895,0.8672566371681416,0.6842105263157895,0.8448275862068966,0.6341463414634146,0.7507014893157782,0.8484573502722322
15,9,51,9,8,0.7792207792207793,0.6897058823529412,0.85,0.5294117647058824,0.8571428571428571,0.5294117647058824,0.85,0.5142857142857142,0.6857142857142857,0.8147058823529412
16,12,50,8,7,0.8051948051948052,0.7468239564428312,0.8620689655172413,0.631578947368421,0.8695652173913043,0.631578947368421,0.8620689655172413,0.6153846153846154,0.7424749163879598,0.7903811252268602
17,13,47,10,7,0.7792207792207793,0.737280701754386,0.8245614035087719,0.65,0.8468468468468469,0.65,0.8245614035087719,0.6046511627906976,0.7257490048187722,0.7280701754385964
18,16,45,7,9,0.7922077922077922,0.7526923076923078,0.8653846153846154,0.64,0.8490566037735849,0.64,0.8653846153846154,0.6666666666666666,0.7578616352201257,0.8284615384615385
19,13,47,9,8,0.7792207792207793,0.7291666666666667,0.8392857142857143,0.6190476190476191,0.8468468468468469,0.6190476190476191,0.8392857142857143,0.6046511627906976,0.7257490048187722,0.8333333333333333
20,11,45,11,10,0.7272727272727273,0.6636904761904763,0.8035714285714286,0.5238095238095238,0.8108108108108109,0.5238095238095238,0.8035714285714286,0.5116279069767442,0.6612193588937776,0.8494897959183673
21,13,50,5,9,0.8181818181818182,0.75,0.9090909090909091,0.5909090909090909,0.8771929824561403,0.5909090909090909,0.9090909090909091,0.65,0.7635964912280702,0.840495867768595
22,9,49,9,10,0.7532467532467533,0.6592558983666061,0.8448275862068966,0.47368421052631576,0.8376068376068376,0.47368421052631576,0.8448275862068966,0.4864864864864865,0.6620466620466621,0.7649727767695099
23,12,54,4,7,0.8571428571428571,0.7813067150635209,0.9310344827586207,0.631578947368421,0.907563025210084,0.631578947368421,0.9310344827586207,0.6857142857142857,0.7966386554621849,0.866606170598911
24,17,53,3,4,0.9090909090909091,0.8779761904761905,0.9464285714285714,0.8095238095238095,0.9380530973451328,0.8095238095238095,0.9464285714285714,0.8292682926829268,0.8836606950140298,0.9098639455782312
25,11,50,8,8,0.7922077922077922,0.720508166969147,0.8620689655172413,0.5789473684210527,0.8620689655172413,0.5789473684210527,0.8620689655172413,0.5789473684210527,0.720508166969147,0.8729582577132486
26,14,47,10,6,0.7922077922077922,0.762280701754386,0.8245614035087719,0.7,0.8545454545454545,0.7,0.8245614035087719,0.6363636363636364,0.7454545454545454,0.8842105263157896
27,9,55,4,9,0.8311688311688312,0.7161016949152542,0.9322033898305084,0.5,0.8943089430894309,0.5,0.9322033898305084,0.5806451612903226,0.7374770521898768,0.7994350282485876
28,9,52,9,7,0.7922077922077922,0.7074795081967213,0.8524590163934426,0.5625,0.8666666666666667,0.5625,0.8524590163934426,0.5294117647058824,0.6980392156862745,0.7418032786885246
29,12,48,10,7,0.7792207792207793,0.7295825771324864,0.8275862068965517,0.631578947368421,0.8495575221238938,0.631578947368421,0.8275862068965517,0.5853658536585366,0.7174616878912152,0.8166969147005445
30,11,58,5,3,0.8961038961038961,0.8531746031746031,0.9206349206349206,0.7857142857142857,0.9354838709677419,0.7857142857142857,0.9206349206349206,0.7333333333333333,0.8344086021505376,0.9138321995464853
31,14,41,15,7,0.7142857142857143,0.6994047619047619,0.7321428571428571,0.6666666666666666,0.7884615384615384,0.6666666666666666,0.7321428571428571,0.56,0.6742307692307692,0.8886054421768708
32,16,44,9,8,0.7792207792207793,0.7484276729559749,0.8301886792452831,0.6666666666666666,0.8380952380952381,0.6666666666666666,0.8301886792452831,0.6530612244897959,0.745578231292517,0.9158805031446541
33,13,42,10,12,0.7142857142857143,0.6638461538461539,0.8076923076923077,0.52,0.7924528301886793,0.52,0.8076923076923077,0.5416666666666666,0.667059748427673,0.8153846153846154
34,10,51,10,6,0.7922077922077922,0.7305327868852459,0.8360655737704918,0.625,0.864406779661017,0.625,0.8360655737704918,0.5555555555555556,0.7099811676082863,0.8247950819672132
35,19,46,7,5,0.8441558441558441,0.8297955974842768,0.8679245283018868,0.7916666666666666,0.8846153846153846,0.7916666666666666,0.8679245283018868,0.76,0.8223076923076923,0.9088050314465409
36,10,51,8,8,0.7922077922077922,0.7099811676082863,0.864406779661017,0.5555555555555556,0.864406779661017,0.5555555555555556,0.864406779661017,0.5555555555555556,0.7099811676082863,0.8512241054613935
37,11,45,10,11,0.7272727272727273,0.6590909090909092,0.8181818181818182,0.5,0.8108108108108109,0.5,0.8181818181818182,0.5116279069767442,0.6612193588937776,0.7528925619834711
38,11,52,6,8,0.8181818181818182,0.7377495462794919,0.896551724137931,0.5789473684210527,0.8813559322033898,0.5789473684210527,0.896551724137931,0.6111111111111112,0.7462335216572504,0.8475499092558983
39,10,42,20,5,0.6753246753246753,0.6720430107526881,0.6774193548387096,0.6666666666666666,0.7706422018348624,0.6666666666666666,0.6774193548387096,0.4444444444444444,0.6075433231396534,0.8075268817204301
40,13,45,10,9,0.7532467532467533,0.7045454545454546,0.8181818181818182,0.5909090909090909,0.8256880733944955,0.5909090909090909,0.8181818181818182,0.5777777777777777,0.7017329255861366,0.815702479338843
41,11,47,8,11,0.7532467532467533,0.6772727272727272,0.8545454545454545,0.5,0.831858407079646,0.5,0.8545454545454545,0.5365853658536586,0.6842218864666523,0.7652892561983471
42,13,50,11,3,0.8181818181818182,0.8160860655737705,0.819672131147541,0.8125,0.8771929824561403,0.8125,0.819672131147541,0.65,0.7635964912280702,0.9006147540983607
43,12,58,5,2,0.9090909090909091,0.8888888888888888,0.9206349206349206,0.8571428571428571,0.943089430894309,0.8571428571428571,0.9206349206349206,0.7741935483870968,0.8586414896407029,0.9569160997732427
44,17,48,5,7,0.8441558441558441,0.8069968553459119,0.9056603773584906,0.7083333333333334,0.8888888888888888,0.7083333333333334,0.9056603773584906,0.7391304347826086,0.8140096618357487,0.8710691823899371
45,14,46,10,7,0.7792207792207793,0.7440476190476191,0.8214285714285714,0.6666666666666666,0.8440366972477065,0.6666666666666666,0.8214285714285714,0.6222222222222222,0.7331294597349644,0.7891156462585034
46,14,39,13,11,0.6883116883116883,0.655,0.75,0.56,0.7647058823529411,0.56,0.75,0.5384615384615384,0.6515837104072397,0.7976923076923077
47,17,46,6,8,0.8181818181818182,0.7823076923076924,0.8846153846153846,0.68,0.8679245283018868,0.68,0.8846153846153846,0.7083333333333334,0.78812893081761,0.8553846153846154
48,14,42,7,14,0.7272727272727273,0.6785714285714286,0.8571428571428571,0.5,0.8,0.5,0.8571428571428571,0.5714285714285714,0.6857142857142857,0.7959183673469388
49,11,54,9,3,0.8441558441558441,0.8214285714285714,0.8571428571428571,0.7857142857142857,0.9,0.7857142857142857,0.8571428571428571,0.6470588235294118,0.7735294117647059,0.8990929705215419
50,17,46,3,11,0.8181818181818182,0.7729591836734694,0.9387755102040817,0.6071428571428571,0.8679245283018868,0.6071428571428571,0.9387755102040817,0.7083333333333334,0.78812893081761,0.892128279883382
51,10,50,8,9,0.7792207792207793,0.6941923774954628,0.8620689655172413,0.5263157894736842,0.8547008547008547,0.5263157894736842,0.8620689655172413,0.5405405405405406,0.6976206976206976,0.7931034482758621
52,12,47,8,10,0.7662337662337663,0.7,0.8545454545454545,0.5454545454545454,0.8392857142857143,0.5454545454545454,0.8545454545454545,0.5714285714285714,0.7053571428571428,0.7636363636363637
53,13,42,7,15,0.7142857142857143,0.6607142857142857,0.8571428571428571,0.4642857142857143,0.7924528301886793,0.4642857142857143,0.8571428571428571,0.5416666666666666,0.667059748427673,0.7164723032069972
54,13,50,3,11,0.8181818181818182,0.7425314465408805,0.9433962264150944,0.5416666666666666,0.8771929824561403,0.5416666666666666,0.9433962264150944,0.65,0.7635964912280702,0.9025157232704403
55,13,50,8,6,0.8181818181818182,0.7731397459165155,0.8620689655172413,0.6842105263157895,0.8771929824561403,0.6842105263157895,0.8620689655172413,0.65,0.7635964912280702,0.8439201451905627
56,6,53,9,9,0.7662337662337663,0.6274193548387097,0.8548387096774194,0.4,0.8548387096774194,0.4,0.8548387096774194,0.4,0.6274193548387097,0.7193548387096774
57,22,44,3,8,0.8571428571428571,0.8347517730496454,0.9361702127659575,0.7333333333333333,0.8888888888888888,0.7333333333333333,0.9361702127659575,0.8,0.8444444444444444,0.8531914893617021
58,13,49,11,4,0.8051948051948052,0.7906862745098039,0.8166666666666667,0.7647058823529411,0.8672566371681416,0.7647058823529411,0.8166666666666667,0.6341463414634146,0.7507014893157782,0.8225490196078431
59,13,48,7,9,0.7922077922077922,0.7318181818181818,0.8727272727272727,0.5909090909090909,0.8571428571428571,0.5909090909090909,0.8727272727272727,0.6190476190476191,0.7380952380952381,0.8115702479338843
60,17,42,8,10,0.7662337662337663,0.7348148148148148,0.84,0.6296296296296297,0.8235294117647058,0.6296296296296297,0.84,0.6538461538461539,0.7386877828054299,0.8251851851851852
61,12,51,6,8,0.8181818181818182,0.7473684210526316,0.8947368421052632,0.6,0.8793103448275862,0.6,0.8947368421052632,0.631578947368421,0.7554446460980035,0.8192982456140351
62,15,39,11,12,0.7012987012987013,0.6677777777777778,0.78,0.5555555555555556,0.7722772277227723,0.5555555555555556,0.78,0.5660377358490566,0.6691574817859145,0.8155555555555556
63,14,51,5,7,0.8441558441558441,0.7886904761904762,0.9107142857142857,0.6666666666666666,0.8947368421052632,0.6666666666666666,0.9107142857142857,0.7,0.7973684210526315,0.8860544217687073
64,16,46,7,8,0.8051948051948052,0.7672955974842768,0.8679245283018868,0.6666666666666666,0.8598130841121495,0.6666666666666666,0.8679245283018868,0.6808510638297872,0.7703320739709684,0.8624213836477987
65,13,49,7,8,0.8051948051948052,0.7470238095238095,0.875,0.6190476190476191,0.8672566371681416,0.6190476190476191,0.875,0.6341463414634146,0.7507014893157782,0.8503401360544217
66,14,48,6,9,0.8051948051948052,0.748792270531401,0.8888888888888888,0.6086956521739131,0.8648648648648649,0.6086956521739131,0.8888888888888888,0.6511627906976745,0.7580138277812697,0.8341384863123994
67,8,49,14,6,0.7402597402597403,0.6746031746031746,0.7777777777777778,0.5714285714285714,0.8305084745762712,0.5714285714285714,0.7777777777777778,0.4444444444444444,0.6374764595103578,0.8095238095238095
68,10,49,13,5,0.7662337662337663,0.728494623655914,0.7903225806451613,0.6666666666666666,0.8448275862068966,0.6666666666666666,0.7903225806451613,0.5263157894736842,0.6855716878402904,0.8333333333333333
69,13,48,8,8,0.7922077922077922,0.7380952380952381,0.8571428571428571,0.6190476190476191,0.8571428571428571,0.6190476190476191,0.8571428571428571,0.6190476190476191,0.7380952380952381,0.9030612244897959
70,12,52,4,9,0.8311688311688312,0.75,0.9285714285714286,0.5714285714285714,0.8888888888888888,0.5714285714285714,0.9285714285714286,0.6486486486486487,0.7687687687687688,0.8579931972789115
71,10,54,7,6,0.8311688311688312,0.7551229508196722,0.8852459016393442,0.625,0.8925619834710744,0.625,0.8852459016393442,0.6060606060606061,0.7493112947658402,0.8227459016393444
72,10,48,9,10,0.7532467532467533,0.6710526315789473,0.8421052631578947,0.5,0.8347826086956521,0.5,0.8421052631578947,0.5128205128205128,0.6738015607580825,0.8429824561403509
73,17,45,10,5,0.8051948051948052,0.7954545454545454,0.8181818181818182,0.7727272727272727,0.8571428571428571,0.7727272727272727,0.8181818181818182,0.6938775510204082,0.7755102040816326,0.9049586776859504
74,10,48,6,13,0.7532467532467533,0.6618357487922705,0.8888888888888888,0.43478260869565216,0.8347826086956521,0.43478260869565216,0.8888888888888888,0.5128205128205128,0.6738015607580825,0.7495974235104669
75,18,40,13,6,0.7532467532467533,0.7523584905660378,0.7547169811320755,0.75,0.8080808080808081,0.75,0.7547169811320755,0.6545454545454545,0.7313131313131314,0.8419811320754716
76,13,52,4,8,0.8441558441558441,0.7738095238095238,0.9285714285714286,0.6190476190476191,0.896551724137931,0.6190476190476191,0.9285714285714286,0.6842105263157895,0.7903811252268602,0.9158163265306123
77,15,41,11,10,0.7272727272727273,0.6942307692307692,0.7884615384615384,0.6,0.7961165048543689,0.6,0.7884615384615384,0.5882352941176471,0.692175899486008,0.7876923076923077
78,11,56,5,5,0.8701298701298701,0.802766393442623,0.9180327868852459,0.6875,0.9180327868852459,0.6875,0.9180327868852459,0.6875,0.802766393442623,0.8473360655737704
79,9,50,10,8,0.7662337662337663,0.6813725490196079,0.8333333333333334,0.5294117647058824,0.847457627118644,0.5294117647058824,0.8333333333333334,0.5,0.673728813559322,0.8127450980392157
80,14,47,10,6,0.7922077922077922,0.762280701754386,0.8245614035087719,0.7,0.8545454545454545,0.7,0.8245614035087719,0.6363636363636364,0.7454545454545454,0.8763157894736842
81,16,49,8,4,0.8441558441558441,0.8298245614035088,0.8596491228070176,0.8,0.8909090909090909,0.8,0.8596491228070176,0.7272727272727273,0.8090909090909091,0.894736842105263
82,11,48,10,8,0.7662337662337663,0.7032667876588021,0.8275862068965517,0.5789473684210527,0.8421052631578947,0.5789473684210527,0.8275862068965517,0.55,0.6960526315789474,0.8457350272232305
83,16,42,9,10,0.7532467532467533,0.7194570135746606,0.8235294117647058,0.6153846153846154,0.8155339805825242,0.6153846153846154,0.8235294117647058,0.6274509803921569,0.7214924804873406,0.8333333333333333
84,17,47,7,6,0.8311688311688312,0.8047504025764896,0.8703703703703703,0.7391304347826086,0.8785046728971962,0.7391304347826086,0.8703703703703703,0.723404255319149,0.8009544641081726,0.8357487922705313
85,15,48,9,5,0.8181818181818182,0.7960526315789473,0.8421052631578947,0.75,0.8727272727272727,0.75,0.8421052631578947,0.6818181818181818,0.7772727272727272,0.886842105263158
86,13,39,12,13,0.6753246753246753,0.6323529411764706,0.7647058823529411,0.5,0.7572815533980582,0.5,0.7647058823529411,0.5098039215686274,0.6335427374833429,0.7549019607843137
87,15,47,9,6,0.8051948051948052,0.7767857142857143,0.8392857142857143,0.7142857142857143,0.8623853211009175,0.7142857142857143,0.8392857142857143,0.6666666666666666,0.764525993883792,0.8741496598639455
88,10,50,4,13,0.7792207792207793,0.6803542673107891,0.9259259259259259,0.43478260869565216,0.8547008547008547,0.43478260869565216,0.9259259259259259,0.5405405405405406,0.6976206976206976,0.8502415458937198
89,19,44,7,7,0.8181818181818182,0.7967571644042233,0.8627450980392157,0.7307692307692307,0.8627450980392157,0.7307692307692307,0.8627450980392157,0.7307692307692307,0.7967571644042233,0.8371040723981901
90,14,47,9,7,0.7922077922077922,0.7529761904761905,0.8392857142857143,0.6666666666666666,0.8545454545454545,0.6666666666666666,0.8392857142857143,0.6363636363636364,0.7454545454545454,0.8647959183673469
91,14,48,7,8,0.8051948051948052,0.7545454545454545,0.8727272727272727,0.6363636363636364,0.8648648648648649,0.6363636363636364,0.8727272727272727,0.6511627906976745,0.7580138277812697,0.8396694214876033
92,14,45,9,9,0.7662337662337663,0.7210144927536233,0.8333333333333334,0.6086956521739131,0.8333333333333334,0.6086956521739131,0.8333333333333334,0.6086956521739131,0.7210144927536233,0.8470209339774557
93,13,51,6,7,0.8311688311688312,0.7723684210526316,0.8947368421052632,0.65,0.8869565217391304,0.65,0.8947368421052632,0.6666666666666666,0.7768115942028986,0.8833333333333334
94,9,47,9,12,0.7272727272727273,0.6339285714285714,0.8392857142857143,0.42857142857142855,0.8173913043478261,0.42857142857142855,0.8392857142857143,0.46153846153846156,0.6394648829431439,0.7772108843537415
95,12,50,7,8,0.8051948051948052,0.7385964912280701,0.8771929824561403,0.6,0.8695652173913043,0.6,0.8771929824561403,0.6153846153846154,0.7424749163879598,0.9271929824561405
96,12,50,7,8,0.8051948051948052,0.7385964912280701,0.8771929824561403,0.6,0.8695652173913043,0.6,0.8771929824561403,0.6153846153846154,0.7424749163879598,0.8149122807017544
97,9,55,6,7,0.8311688311688312,0.7320696721311475,0.9016393442622951,0.5625,0.8943089430894309,0.5625,0.9016393442622951,0.5806451612903226,0.7374770521898768,0.8442622950819672
98,14,46,11,6,0.7792207792207793,0.7535087719298246,0.8070175438596491,0.7,0.8440366972477065,0.7,0.8070175438596491,0.6222222222222222,0.7331294597349644,0.8649122807017544
99,11,52,6,8,0.8181818181818182,0.7377495462794919,0.896551724137931,0.5789473684210527,0.8813559322033898,0.5789473684210527,0.896551724137931,0.6111111111111112,0.7462335216572504,0.8793103448275862
100,11,52,7,7,0.8181818181818182,0.7462335216572504,0.8813559322033898,0.6111111111111112,0.8813559322033898,0.6111111111111112,0.8813559322033898,0.6111111111111112,0.7462335216572504,0.7702448210922789
101,12,52,6,7,0.8311688311688312,0.764065335753176,0.896551724137931,0.631578947368421,0.8888888888888888,0.631578947368421,0.896551724137931,0.6486486486486487,0.7687687687687688,0.8121597096188747
102,18,49,5,5,0.8701298701298701,0.8450080515297906,0.9074074074074074,0.782608695652174,0.9074074074074074,0.782608695652174,0.9074074074074074,0.782608695652174,0.8450080515297906,0.8478260869565217
103,19,43,7,8,0.8051948051948052,0.7818518518518518,0.86,0.7037037037037037,0.8514851485148515,0.7037037037037037,0.86,0.7169811320754716,0.7842331402951616,0.8518518518518519
104,20,44,7,6,0.8311688311688312,0.8159879336349924,0.8627450980392157,0.7692307692307693,0.8712871287128713,0.7692307692307693,0.8627450980392157,0.7547169811320755,0.8130020549224735,0.885369532428356
105,14,47,12,4,0.7922077922077922,0.7871939736346516,0.7966101694915254,0.7777777777777778,0.8545454545454545,0.7777777777777778,0.7966101694915254,0.6363636363636364,0.7454545454545454,0.8832391713747646
106,14,41,8,14,0.7142857142857143,0.6683673469387755,0.8367346938775511,0.5,0.7884615384615384,0.5,0.8367346938775511,0.56,0.6742307692307692,0.7776967930029155
107,14,44,9,10,0.7532467532467533,0.7067610062893082,0.8301886792452831,0.5833333333333334,0.822429906542056,0.5833333333333334,0.8301886792452831,0.5957446808510638,0.70908729369656,0.8199685534591195
108,17,40,11,9,0.7402597402597403,0.719079939668175,0.7843137254901961,0.6538461538461539,0.8,0.6538461538461539,0.7843137254901961,0.6296296296296297,0.7148148148148148,0.8159879336349924
109,21,42,9,5,0.8181818181818182,0.8156108597285068,0.8235294117647058,0.8076923076923077,0.8571428571428571,0.8076923076923077,0.8235294117647058,0.75,0.8035714285714286,0.856711915535445
110,17,44,5,11,0.7922077922077922,0.7525510204081632,0.8979591836734694,0.6071428571428571,0.8461538461538461,0.6071428571428571,0.8979591836734694,0.68,0.7630769230769231,0.7587463556851312
111,11,54,7,5,0.8441558441558441,0.7863729508196722,0.8852459016393442,0.6875,0.9,0.6875,0.8852459016393442,0.6470588235294118,0.7735294117647059,0.8411885245901639
112,22,39,8,8,0.7922077922077922,0.7815602836879432,0.8297872340425532,0.7333333333333333,0.8297872340425532,0.7333333333333333,0.8297872340425532,0.7333333333333333,0.7815602836879432,0.8553191489361702
113,14,49,8,6,0.8181818181818182,0.7798245614035088,0.8596491228070176,0.7,0.875,0.7,0.8596491228070176,0.6666666666666666,0.7708333333333333,0.9096491228070176
114,17,42,11,7,0.7662337662337663,0.7503930817610063,0.7924528301886793,0.7083333333333334,0.8235294117647058,0.7083333333333334,0.7924528301886793,0.6538461538461539,0.7386877828054299,0.8215408805031447
115,15,41,10,11,0.7272727272727273,0.6904223227752639,0.803921568627451,0.5769230769230769,0.7961165048543689,0.5769230769230769,0.803921568627451,0.5882352941176471,0.692175899486008,0.8318250377073907
116,11,51,8,7,0.8051948051948052,0.737758945386064,0.864406779661017,0.6111111111111112,0.8717948717948718,0.6111111111111112,0.864406779661017,0.5945945945945946,0.7331947331947333,0.8493408662900187
117,11,47,7,12,0.7532467532467533,0.6743156199677939,0.8703703703703703,0.4782608695652174,0.831858407079646,0.4782608695652174,0.8703703703703703,0.5365853658536586,0.6842218864666523,0.8381642512077295
118,12,46,7,12,0.7532467532467533,0.6839622641509434,0.8679245283018868,0.5,0.8288288288288288,0.5,0.8679245283018868,0.5581395348837209,0.6934841818562749,0.8867924528301887
119,13,50,8,6,0.8181818181818182,0.7731397459165155,0.8620689655172413,0.6842105263157895,0.8771929824561403,0.6842105263157895,0.8620689655172413,0.65,0.7635964912280702,0.8620689655172413
120,10,53,6,8,0.8181818181818182,0.7269303201506592,0.8983050847457628,0.5555555555555556,0.8833333333333333,0.5555555555555556,0.8983050847457628,0.5882352941176471,0.7357843137254902,0.8983050847457628
121,15,44,7,11,0.7662337662337663,0.7198340874811463,0.8627450980392157,0.5769230769230769,0.8301886792452831,0.5769230769230769,0.8627450980392157,0.625,0.7275943396226415,0.8469079939668175
122,16,44,7,10,0.7792207792207793,0.7390648567119156,0.8627450980392157,0.6153846153846154,0.8380952380952381,0.6153846153846154,0.8627450980392157,0.6530612244897959,0.745578231292517,0.8092006033182504
123,13,45,8,11,0.7532467532467533,0.6953616352201257,0.8490566037735849,0.5416666666666666,0.8256880733944955,0.5416666666666666,0.8490566037735849,0.5777777777777777,0.7017329255861366,0.8089622641509434
124,9,52,10,6,0.7922077922077922,0.7193548387096774,0.8387096774193549,0.6,0.8666666666666667,0.6,0.8387096774193549,0.5294117647058824,0.6980392156862745,0.7795698924731183
125,9,52,9,7,0.7922077922077922,0.7074795081967213,0.8524590163934426,0.5625,0.8666666666666667,0.5625,0.8524590163934426,0.5294117647058824,0.6980392156862745,0.8104508196721311
126,9,48,11,9,0.7402597402597403,0.6567796610169492,0.8135593220338984,0.5,0.8275862068965517,0.5,0.8135593220338984,0.47368421052631576,0.6506352087114338,0.760828625235405
127,27,35,7,8,0.8051948051948052,0.8023809523809524,0.8333333333333334,0.7714285714285715,0.8235294117647058,0.7714285714285715,0.8333333333333334,0.782608695652174,0.80306905370844,0.8734693877551021
128,16,44,9,8,0.7792207792207793,0.7484276729559749,0.8301886792452831,0.6666666666666666,0.8380952380952381,0.6666666666666666,0.8301886792452831,0.6530612244897959,0.745578231292517,0.796383647798742
129,12,50,6,9,0.8051948051948052,0.7321428571428572,0.8928571428571429,0.5714285714285714,0.8695652173913043,0.5714285714285714,0.8928571428571429,0.6153846153846154,0.7424749163879598,0.8154761904761905
130,11,50,6,10,0.7922077922077922,0.7083333333333334,0.8928571428571429,0.5238095238095238,0.8620689655172413,0.5238095238095238,0.8928571428571429,0.5789473684210527,0.720508166969147,0.798469387755102
131,15,45,9,8,0.7792207792207793,0.7427536231884058,0.8333333333333334,0.6521739130434783,0.8411214953271028,0.6521739130434783,0.8333333333333334,0.6382978723404256,0.7397096838337642,0.855877616747182
132,13,45,15,4,0.7532467532467533,0.7573529411764706,0.75,0.7647058823529411,0.8256880733944955,0.7647058823529411,0.75,0.5777777777777777,0.7017329255861366,0.9
133,12,59,2,4,0.922077922077922,0.8586065573770492,0.9672131147540983,0.75,0.9516129032258065,0.75,0.9672131147540983,0.8,0.8758064516129033,0.9170081967213115
134,12,46,12,7,0.7532467532467533,0.7123411978221416,0.7931034482758621,0.631578947368421,0.8288288288288288,0.631578947368421,0.7931034482758621,0.5581395348837209,0.6934841818562749,0.8602540834845734
135,14,48,8,7,0.8051948051948052,0.7619047619047619,0.8571428571428571,0.6666666666666666,0.8648648648648649,0.6666666666666666,0.8571428571428571,0.6511627906976745,0.7580138277812697,0.8801020408163266
136,8,52,6,11,0.7792207792207793,0.6588021778584392,0.896551724137931,0.42105263157894735,0.859504132231405,0.42105263157894735,0.896551724137931,0.48484848484848486,0.6721763085399449,0.8484573502722323
137,14,43,9,11,0.7402597402597403,0.6934615384615385,0.8269230769230769,0.56,0.8113207547169812,0.56,0.8269230769230769,0.5833333333333334,0.6973270440251573,0.8330769230769232
138,10,57,4,6,0.8701298701298701,0.7797131147540983,0.9344262295081968,0.625,0.9193548387096774,0.625,0.9344262295081968,0.6666666666666666,0.793010752688172,0.9129098360655737
139,16,49,6,6,0.8441558441558441,0.8090909090909091,0.8909090909090909,0.7272727272727273,0.8909090909090909,0.7272727272727273,0.8909090909090909,0.7272727272727273,0.8090909090909091,0.8768595041322313
140,9,57,5,6,0.8571428571428571,0.7596774193548387,0.9193548387096774,0.6,0.912,0.6,0.9193548387096774,0.6206896551724138,0.7663448275862069,0.864516129032258
141,16,44,11,6,0.7792207792207793,0.7636363636363637,0.8,0.7272727272727273,0.8380952380952381,0.7272727272727273,0.8,0.6530612244897959,0.745578231292517,0.8421487603305786
142,10,54,5,8,0.8311688311688312,0.7354048964218456,0.9152542372881356,0.5555555555555556,0.8925619834710744,0.5555555555555556,0.9152542372881356,0.6060606060606061,0.7493112947658402,0.7777777777777778
143,14,47,7,9,0.7922077922077922,0.7395330112721417,0.8703703703703703,0.6086956521739131,0.8545454545454545,0.6086956521739131,0.8703703703703703,0.6363636363636364,0.7454545454545454,0.8776167471819646
144,10,45,11,11,0.7142857142857143,0.6398809523809523,0.8035714285714286,0.47619047619047616,0.8035714285714286,0.47619047619047616,0.8035714285714286,0.47619047619047616,0.6398809523809523,0.7023809523809524
145,8,52,9,8,0.7792207792207793,0.6762295081967213,0.8524590163934426,0.5,0.859504132231405,0.5,0.8524590163934426,0.48484848484848486,0.6721763085399449,0.8002049180327868
146,10,52,8,7,0.8051948051948052,0.7274509803921569,0.8666666666666667,0.5882352941176471,0.8739495798319328,0.5882352941176471,0.8666666666666667,0.5714285714285714,0.7226890756302521,0.7598039215686274
147,18,46,8,5,0.8311688311688312,0.817230273752013,0.8518518518518519,0.782608695652174,0.8761904761904762,0.782608695652174,0.8518518518518519,0.7346938775510204,0.8054421768707483,0.9299516908212562
148,11,60,2,4,0.922077922077922,0.8505376344086022,0.967741935483871,0.7333333333333333,0.9523809523809523,0.7333333333333333,0.967741935483871,0.7857142857142857,0.8690476190476191,0.9666666666666667
149,12,49,6,10,0.7922077922077922,0.7181818181818181,0.8909090909090909,0.5454545454545454,0.8596491228070176,0.5454545454545454,0.8909090909090909,0.6,0.7298245614035088,0.8553719008264463
150,18,43,6,10,0.7922077922077922,0.7602040816326531,0.8775510204081632,0.6428571428571429,0.8431372549019608,0.6428571428571429,0.8775510204081632,0.6923076923076923,0.7677224736048265,0.8462099125364431
151,6,49,9,13,0.7142857142857143,0.5803085299455535,0.8448275862068966,0.3157894736842105,0.8166666666666667,0.3157894736842105,0.8448275862068966,0.35294117647058826,0.5848039215686275,0.6333938294010889
152,8,52,11,6,0.7792207792207793,0.6984126984126984,0.8253968253968254,0.5714285714285714,0.859504132231405,0.5714285714285714,0.8253968253968254,0.48484848484848486,0.6721763085399449,0.8299319727891157
153,21,40,6,10,0.7922077922077922,0.773492286115007,0.8695652173913043,0.6774193548387096,0.8333333333333334,0.6774193548387096,0.8695652173913043,0.7241379310344828,0.7787356321839081,0.8513323983169705
154,18,45,7,7,0.8181818181818182,0.7926923076923077,0.8653846153846154,0.72,0.8653846153846154,0.72,0.8653846153846154,0.72,0.7926923076923077,0.8815384615384616
155,20,48,3,6,0.8831168831168831,0.8552036199095023,0.9411764705882353,0.7692307692307693,0.9142857142857143,0.7692307692307693,0.9411764705882353,0.8163265306122449,0.8653061224489795,0.8989441930618401
156,10,49,9,9,0.7662337662337663,0.6855716878402904,0.8448275862068966,0.5263157894736842,0.8448275862068966,0.5263157894736842,0.8448275862068966,0.5263157894736842,0.6855716878402904,0.8121597096188748
157,13,47,10,7,0.7792207792207793,0.737280701754386,0.8245614035087719,0.65,0.8468468468468469,0.65,0.8245614035087719,0.6046511627906976,0.7257490048187722,0.8771929824561403
158,10,54,8,5,0.8311688311688312,0.7688172043010753,0.8709677419354839,0.6666666666666666,0.8925619834710744,0.6666666666666666,0.8709677419354839,0.6060606060606061,0.7493112947658402,0.7967741935483871
159,8,57,5,7,0.8441558441558441,0.7263440860215054,0.9193548387096774,0.5333333333333333,0.9047619047619048,0.5333333333333333,0.9193548387096774,0.5714285714285714,0.7380952380952381,0.8494623655913979
160,13,48,7,9,0.7922077922077922,0.7318181818181818,0.8727272727272727,0.5909090909090909,0.8571428571428571,0.5909090909090909,0.8727272727272727,0.6190476190476191,0.7380952380952381,0.771900826446281
161,11,49,9,8,0.7792207792207793,0.7118874773139746,0.8448275862068966,0.5789473684210527,0.8521739130434782,0.5789473684210527,0.8448275862068966,0.5641025641025641,0.7081382385730212,0.7876588021778583
162,11,46,12,8,0.7402597402597403,0.6860254083484574,0.7931034482758621,0.5789473684210527,0.8214285714285714,0.5789473684210527,0.7931034482758621,0.5238095238095238,0.6726190476190477,0.8212341197822142
163,11,51,11,4,0.8051948051948052,0.7779569892473118,0.8225806451612904,0.7333333333333333,0.8717948717948718,0.7333333333333333,0.8225806451612904,0.5945945945945946,0.7331947331947333,0.8870967741935484
164,12,52,10,3,0.8311688311688312,0.8193548387096774,0.8387096774193549,0.8,0.8888888888888888,0.8,0.8387096774193549,0.6486486486486487,0.7687687687687688,0.9451612903225806
165,17,48,3,9,0.8441558441558441,0.7975113122171946,0.9411764705882353,0.6538461538461539,0.8888888888888888,0.6538461538461539,0.9411764705882353,0.7391304347826086,0.8140096618357487,0.8597285067873303
166,17,54,5,1,0.922077922077922,0.92984934086629,0.9152542372881356,0.9444444444444444,0.9473684210526315,0.9444444444444444,0.9152542372881356,0.85,0.8986842105263158,0.952919020715631
167,15,49,5,8,0.8311688311688312,0.7797906602254429,0.9074074074074074,0.6521739130434783,0.8828828828828829,0.6521739130434783,0.9074074074074074,0.6976744186046512,0.790278650743767,0.8921095008051529
168,8,45,11,13,0.6883116883116883,0.5922619047619048,0.8035714285714286,0.38095238095238093,0.7894736842105263,0.38095238095238093,0.8035714285714286,0.4,0.5947368421052632,0.6802721088435374
169,15,46,5,11,0.7922077922077922,0.7394419306184012,0.9019607843137255,0.5769230769230769,0.8518518518518519,0.5769230769230769,0.9019607843137255,0.6521739130434783,0.7520128824476651,0.8514328808446456
170,10,54,7,6,0.8311688311688312,0.7551229508196722,0.8852459016393442,0.625,0.8925619834710744,0.625,0.8852459016393442,0.6060606060606061,0.7493112947658402,0.9149590163934427
171,11,45,12,9,0.7272727272727273,0.6697368421052632,0.7894736842105263,0.55,0.8108108108108109,0.55,0.7894736842105263,0.5116279069767442,0.6612193588937776,0.8245614035087719
172,16,46,4,11,0.8051948051948052,0.7562962962962962,0.92,0.5925925925925926,0.8598130841121495,0.5925925925925926,0.92,0.6808510638297872,0.7703320739709684,0.8207407407407407
173,14,51,6,6,0.8441558441558441,0.7973684210526315,0.8947368421052632,0.7,0.8947368421052632,0.7,0.8947368421052632,0.7,0.7973684210526315,0.8719298245614036
174,16,45,7,9,0.7922077922077922,0.7526923076923078,0.8653846153846154,0.64,0.8490566037735849,0.64,0.8653846153846154,0.6666666666666666,0.7578616352201257,0.8784615384615383
175,14,49,9,5,0.8181818181818182,0.7908348457350272,0.8448275862068966,0.7368421052631579,0.875,0.7368421052631579,0.8448275862068966,0.6666666666666666,0.7708333333333333,0.8430127041742287
176,11,52,7,7,0.8181818181818182,0.7462335216572504,0.8813559322033898,0.6111111111111112,0.8813559322033898,0.6111111111111112,0.8813559322033898,0.6111111111111112,0.7462335216572504,0.8220338983050847
177,8,55,6,8,0.8181818181818182,0.7008196721311475,0.9016393442622951,0.5,0.8870967741935484,0.5,0.9016393442622951,0.5333333333333333,0.7102150537634409,0.8165983606557378
178,10,50,10,7,0.7792207792207793,0.7107843137254902,0.8333333333333334,0.5882352941176471,0.8547008547008547,0.5882352941176471,0.8333333333333334,0.5405405405405406,0.6976206976206976,0.8725490196078431
179,15,44,8,10,0.7662337662337663,0.7230769230769231,0.8461538461538461,0.6,0.8301886792452831,0.6,0.8461538461538461,0.625,0.7275943396226415,0.8184615384615385
180,11,51,7,8,0.8051948051948052,0.7291288566243195,0.8793103448275862,0.5789473684210527,0.8717948717948718,0.5789473684210527,0.8793103448275862,0.5945945945945946,0.7331947331947333,0.8402903811252268
181,11,57,5,4,0.8831168831168831,0.8263440860215053,0.9193548387096774,0.7333333333333333,0.926829268292683,0.7333333333333333,0.9193548387096774,0.7096774193548387,0.8182533438237609,0.856989247311828
182,12,48,10,7,0.7792207792207793,0.7295825771324864,0.8275862068965517,0.631578947368421,0.8495575221238938,0.631578947368421,0.8275862068965517,0.5853658536585366,0.7174616878912152,0.823049001814882
183,13,51,5,8,0.8311688311688312,0.7648809523809523,0.9107142857142857,0.6190476190476191,0.8869565217391304,0.6190476190476191,0.9107142857142857,0.6666666666666666,0.7768115942028986,0.8418367346938775
184,17,49,5,6,0.8571428571428571,0.823268921095008,0.9074074074074074,0.7391304347826086,0.8990825688073395,0.7391304347826086,0.9074074074074074,0.7555555555555555,0.8273190621814475,0.9106280193236715
185,10,50,9,8,0.7792207792207793,0.7015065913370998,0.847457627118644,0.5555555555555556,0.8547008547008547,0.5555555555555556,0.847457627118644,0.5405405405405406,0.6976206976206976,0.7824858757062148
186,13,49,8,7,0.8051948051948052,0.7548245614035087,0.8596491228070176,0.65,0.8672566371681416,0.65,0.8596491228070176,0.6341463414634146,0.7507014893157782,0.8429824561403509
187,12,48,10,7,0.7792207792207793,0.7295825771324864,0.8275862068965517,0.631578947368421,0.8495575221238938,0.631578947368421,0.8275862068965517,0.5853658536585366,0.7174616878912152,0.8257713248638838
188,13,42,7,15,0.7142857142857143,0.6607142857142857,0.8571428571428571,0.4642857142857143,0.7924528301886793,0.4642857142857143,0.8571428571428571,0.5416666666666666,0.667059748427673,0.8083090379008746
189,7,57,2,11,0.8311688311688312,0.6774952919020716,0.9661016949152542,0.3888888888888889,0.8976377952755905,0.3888888888888889,0.9661016949152542,0.5185185185185185,0.7080781568970544,0.7617702448210922
190,6,49,10,12,0.7142857142857143,0.5819209039548022,0.8305084745762712,0.3333333333333333,0.8166666666666667,0.3333333333333333,0.8305084745762712,0.35294117647058826,0.5848039215686275,0.6657250470809792
191,13,53,3,8,0.8571428571428571,0.7827380952380952,0.9464285714285714,0.6190476190476191,0.905982905982906,0.6190476190476191,0.9464285714285714,0.7027027027027027,0.8043428043428044,0.8605442176870748
192,16,40,9,12,0.7272727272727273,0.6938775510204082,0.8163265306122449,0.5714285714285714,0.7920792079207921,0.5714285714285714,0.8163265306122449,0.6037735849056604,0.6979263964132263,0.7689504373177842
193,11,44,11,11,0.7142857142857143,0.65,0.8,0.5,0.8,0.5,0.8,0.5,0.65,0.8595041322314049
194,18,51,4,4,0.8961038961038961,0.8727272727272728,0.9272727272727272,0.8181818181818182,0.9272727272727272,0.8181818181818182,0.9272727272727272,0.8181818181818182,0.8727272727272728,0.9041322314049588
195,12,44,9,12,0.7272727272727273,0.6650943396226415,0.8301886792452831,0.5,0.8073394495412844,0.5,0.8301886792452831,0.5333333333333333,0.6703363914373088,0.7775157232704403
196,10,49,6,12,0.7662337662337663,0.6727272727272727,0.8909090909090909,0.45454545454545453,0.8448275862068966,0.45454545454545453,0.8909090909090909,0.5263157894736842,0.6855716878402904,0.762809917355372
197,11,46,11,9,0.7402597402597403,0.6785087719298246,0.8070175438596491,0.55,0.8214285714285714,0.55,0.8070175438596491,0.5238095238095238,0.6726190476190477,0.8508771929824562
198,9,51,12,5,0.7792207792207793,0.7261904761904763,0.8095238095238095,0.6428571428571429,0.8571428571428571,0.6428571428571429,0.8095238095238095,0.5142857142857142,0.6857142857142857,0.8809523809523809
199,13,51,6,7,0.8311688311688312,0.7723684210526316,0.8947368421052632,0.65,0.8869565217391304,0.65,0.8947368421052632,0.6666666666666666,0.7768115942028986,0.9061403508771929
200,11,43,9,14,0.7012987012987013,0.6334615384615384,0.8269230769230769,0.44,0.7889908256880734,0.44,0.8269230769230769,0.4888888888888889,0.6389398572884811,0.8092307692307692
201,9,54,9,5,0.8181818181818182,0.75,0.8571428571428571,0.6428571428571429,0.8852459016393442,0.6428571428571429,0.8571428571428571,0.5625,0.7238729508196722,0.9024943310657596
202,17,47,6,7,0.8311688311688312,0.7975628930817611,0.8867924528301887,0.7083333333333334,0.8785046728971962,0.7083333333333334,0.8867924528301887,0.723404255319149,0.8009544641081726,0.930817610062893
203,10,52,4,11,0.8051948051948052,0.7023809523809523,0.9285714285714286,0.47619047619047616,0.8739495798319328,0.47619047619047616,0.9285714285714286,0.5714285714285714,0.7226890756302521,0.7831632653061225
204,10,53,7,7,0.8181818181818182,0.7357843137254902,0.8833333333333333,0.5882352941176471,0.8833333333333333,0.5882352941176471,0.8833333333333333,0.5882352941176471,0.7357843137254902,0.8431372549019608
205,10,50,8,9,0.7792207792207793,0.6941923774954628,0.8620689655172413,0.5263157894736842,0.8547008547008547,0.5263157894736842,0.8620689655172413,0.5405405405405406,0.6976206976206976,0.8756805807622504
206,15,47,6,9,0.8051948051948052,0.7558962264150944,0.8867924528301887,0.625,0.8623853211009175,0.625,0.8867924528301887,0.6666666666666666,0.764525993883792,0.8694968553459119
207,18,50,3,6,0.8831168831168831,0.8466981132075472,0.9433962264150944,0.75,0.9174311926605505,0.75,0.9433962264150944,0.8,0.8587155963302753,0.8970125786163523
208,10,51,12,4,0.7922077922077922,0.7619047619047619,0.8095238095238095,0.7142857142857143,0.864406779661017,0.7142857142857143,0.8095238095238095,0.5555555555555556,0.7099811676082863,0.8707482993197279
209,16,45,10,6,0.7922077922077922,0.7727272727272727,0.8181818181818182,0.7272727272727273,0.8490566037735849,0.7272727272727273,0.8181818181818182,0.6666666666666666,0.7578616352201257,0.8231404958677686
210,15,42,9,11,0.7402597402597403,0.7002262443438914,0.8235294117647058,0.5769230769230769,0.8076923076923077,0.5769230769230769,0.8235294117647058,0.6,0.7038461538461538,0.8250377073906485
211,11,51,8,7,0.8051948051948052,0.737758945386064,0.864406779661017,0.6111111111111112,0.8717948717948718,0.6111111111111112,0.864406779661017,0.5945945945945946,0.7331947331947333,0.8286252354048963
212,14,44,8,11,0.7532467532467533,0.7030769230769232,0.8461538461538461,0.56,0.822429906542056,0.56,0.8461538461538461,0.5957446808510638,0.70908729369656,0.8092307692307692
213,12,45,9,11,0.7402597402597403,0.677536231884058,0.8333333333333334,0.5217391304347826,0.8181818181818182,0.5217391304347826,0.8333333333333334,0.5454545454545454,0.6818181818181819,0.8115942028985508
214,12,48,9,8,0.7792207792207793,0.7210526315789474,0.8421052631578947,0.6,0.8495575221238938,0.6,0.8421052631578947,0.5853658536585366,0.7174616878912152,0.818421052631579
215,14,54,3,6,0.8831168831168831,0.8236842105263158,0.9473684210526315,0.7,0.9230769230769231,0.7,0.9473684210526315,0.7567567567567568,0.83991683991684,0.868421052631579
216,9,48,11,9,0.7402597402597403,0.6567796610169492,0.8135593220338984,0.5,0.8275862068965517,0.5,0.8135593220338984,0.47368421052631576,0.6506352087114338,0.7956685499058379
217,8,52,10,7,0.7792207792207793,0.6860215053763441,0.8387096774193549,0.5333333333333333,0.859504132231405,0.5333333333333333,0.8387096774193549,0.48484848484848486,0.6721763085399449,0.7677419354838709
218,17,44,7,9,0.7922077922077922,0.7582956259426847,0.8627450980392157,0.6538461538461539,0.8461538461538461,0.6538461538461539,0.8627450980392157,0.68,0.7630769230769231,0.8318250377073907
219,9,50,10,8,0.7662337662337663,0.6813725490196079,0.8333333333333334,0.5294117647058824,0.847457627118644,0.5294117647058824,0.8333333333333334,0.5,0.673728813559322,0.811764705882353
220,10,44,8,15,0.7012987012987013,0.6230769230769231,0.8461538461538461,0.4,0.7927927927927928,0.4,0.8461538461538461,0.46511627906976744,0.6289545359312801,0.8415384615384615
221,12,50,8,7,0.8051948051948052,0.7468239564428312,0.8620689655172413,0.631578947368421,0.8695652173913043,0.631578947368421,0.8620689655172413,0.6153846153846154,0.7424749163879598,0.8647912885662432
222,13,49,10,5,0.8051948051948052,0.7763653483992468,0.8305084745762712,0.7222222222222222,0.8672566371681416,0.7222222222222222,0.8305084745762712,0.6341463414634146,0.7507014893157782,0.8512241054613936
223,12,56,6,3,0.8831168831168831,0.8516129032258064,0.9032258064516129,0.8,0.9256198347107438,0.8,0.9032258064516129,0.7272727272727273,0.8264462809917356,0.9086021505376345
224,20,43,9,5,0.8181818181818182,0.8134615384615385,0.8269230769230769,0.8,0.86,0.8,0.8269230769230769,0.7407407407407407,0.8003703703703704,0.8546153846153847
225,12,53,4,8,0.8441558441558441,0.7649122807017543,0.9298245614035088,0.6,0.8983050847457628,0.6,0.9298245614035088,0.6666666666666666,0.7824858757062148,0.862280701754386
226,17,43,11,6,0.7792207792207793,0.7677133655394525,0.7962962962962963,0.7391304347826086,0.8349514563106796,0.7391304347826086,0.7962962962962963,0.6666666666666666,0.7508090614886731,0.8043478260869564
227,16,46,6,9,0.8051948051948052,0.7623076923076924,0.8846153846153846,0.64,0.8598130841121495,0.64,0.8846153846153846,0.6808510638297872,0.7703320739709684,0.886923076923077
228,11,46,11,9,0.7402597402597403,0.6785087719298246,0.8070175438596491,0.55,0.8214285714285714,0.55,0.8070175438596491,0.5238095238095238,0.6726190476190477,0.7508771929824561
229,19,37,13,8,0.7272727272727273,0.7218518518518519,0.74,0.7037037037037037,0.7789473684210526,0.7037037037037037,0.74,0.6440677966101694,0.711507582515611,0.8074074074074075
230,17,49,4,7,0.8571428571428571,0.816430817610063,0.9245283018867925,0.7083333333333334,0.8990825688073395,0.7083333333333334,0.9245283018867925,0.7555555555555555,0.8273190621814475,0.8600628930817609
231,19,42,2,14,0.7922077922077922,0.7651515151515151,0.9545454545454546,0.5757575757575758,0.84,0.5757575757575758,0.9545454545454546,0.7037037037037037,0.7718518518518518,0.849862258953168
232,19,42,8,8,0.7922077922077922,0.7718518518518518,0.84,0.7037037037037037,0.84,0.7037037037037037,0.84,0.7037037037037037,0.7718518518518518,0.88
233,10,52,6,9,0.8051948051948052,0.7114337568058076,0.896551724137931,0.5263157894736842,0.8739495798319328,0.5263157894736842,0.896551724137931,0.5714285714285714,0.7226890756302521,0.8475499092558983
234,11,48,7,11,0.7662337662337663,0.6863636363636363,0.8727272727272727,0.5,0.8421052631578947,0.5,0.8727272727272727,0.55,0.6960526315789474,0.8528925619834711
235,16,43,7,11,0.7662337662337663,0.7262962962962962,0.86,0.5925925925925926,0.8269230769230769,0.5925925925925926,0.86,0.64,0.7334615384615384,0.8562962962962962
236,9,47,10,11,0.7272727272727273,0.637280701754386,0.8245614035087719,0.45,0.8173913043478261,0.45,0.8245614035087719,0.46153846153846156,0.6394648829431439,0.7640350877192983
237,9,54,2,12,0.8181818181818182,0.6964285714285714,0.9642857142857143,0.42857142857142855,0.8852459016393442,0.42857142857142855,0.9642857142857143,0.5625,0.7238729508196722,0.8681972789115645
238,18,46,7,6,0.8311688311688312,0.8089622641509434,0.8679245283018868,0.75,0.8761904761904762,0.75,0.8679245283018868,0.7346938775510204,0.8054421768707483,0.8891509433962264
239,14,48,8,7,0.8051948051948052,0.7619047619047619,0.8571428571428571,0.6666666666666666,0.8648648648648649,0.6666666666666666,0.8571428571428571,0.6511627906976745,0.7580138277812697,0.8341836734693877
240,11,48,9,9,0.7662337662337663,0.6960526315789474,0.8421052631578947,0.55,0.8421052631578947,0.55,0.8421052631578947,0.55,0.6960526315789474,0.7710526315789474
241,15,45,10,7,0.7792207792207793,0.75,0.8181818181818182,0.6818181818181818,0.8411214953271028,0.6818181818181818,0.8181818181818182,0.6382978723404256,0.7397096838337642,0.8115702479338843
242,9,54,6,8,0.8181818181818182,0.7147058823529412,0.9,0.5294117647058824,0.8852459016393442,0.5294117647058824,0.9,0.5625,0.7238729508196722,0.8656862745098038
243,18,46,7,6,0.8311688311688312,0.8089622641509434,0.8679245283018868,0.75,0.8761904761904762,0.75,0.8679245283018868,0.7346938775510204,0.8054421768707483,0.8962264150943396
244,13,50,3,11,0.8181818181818182,0.7425314465408805,0.9433962264150944,0.5416666666666666,0.8771929824561403,0.5416666666666666,0.9433962264150944,0.65,0.7635964912280702,0.8223270440251572
245,12,52,8,5,0.8311688311688312,0.7862745098039217,0.8666666666666667,0.7058823529411765,0.8888888888888888,0.7058823529411765,0.8666666666666667,0.6486486486486487,0.7687687687687688,0.907843137254902
246,15,47,7,8,0.8051948051948052,0.7612721417069244,0.8703703703703703,0.6521739130434783,0.8623853211009175,0.6521739130434783,0.8703703703703703,0.6666666666666666,0.764525993883792,0.8510466988727858
247,12,49,10,6,0.7922077922077922,0.7485875706214689,0.8305084745762712,0.6666666666666666,0.8596491228070176,0.6666666666666666,0.8305084745762712,0.6,0.7298245614035088,0.8606403013182674
248,12,49,9,7,0.7922077922077922,0.7382032667876588,0.8448275862068966,0.631578947368421,0.8596491228070176,0.631578947368421,0.8448275862068966,0.6,0.7298245614035088,0.8266787658802176
249,15,44,8,10,0.7662337662337663,0.7230769230769231,0.8461538461538461,0.6,0.8301886792452831,0.6,0.8461538461538461,0.625,0.7275943396226415,0.8
250,9,55,8,5,0.8311688311688312,0.7579365079365079,0.873015873015873,0.6428571428571429,0.8943089430894309,0.6428571428571429,0.873015873015873,0.5806451612903226,0.7374770521898768,0.8548752834467122
251,13,51,7,6,0.8311688311688312,0.7817604355716878,0.8793103448275862,0.6842105263157895,0.8869565217391304,0.6842105263157895,0.8793103448275862,0.6666666666666666,0.7768115942028986,0.8938294010889292
252,10,49,6,12,0.7662337662337663,0.6727272727272727,0.8909090909090909,0.45454545454545453,0.8448275862068966,0.45454545454545453,0.8909090909090909,0.5263157894736842,0.6855716878402904,0.8115702479338842
253,12,48,10,7,0.7792207792207793,0.7295825771324864,0.8275862068965517,0.631578947368421,0.8495575221238938,0.631578947368421,0.8275862068965517,0.5853658536585366,0.7174616878912152,0.7722323049001814
254,19,42,11,5,0.7922077922077922,0.792059748427673,0.7924528301886793,0.7916666666666666,0.84,0.7916666666666666,0.7924528301886793,0.7037037037037037,0.7718518518518518,0.845125786163522
255,16,45,12,4,0.7922077922077922,0.7947368421052632,0.7894736842105263,0.8,0.8490566037735849,0.8,0.7894736842105263,0.6666666666666666,0.7578616352201257,0.9087719298245615
256,15,43,11,8,0.7532467532467533,0.7242351046698873,0.7962962962962963,0.6521739130434783,0.819047619047619,0.6521739130434783,0.7962962962962963,0.6122448979591837,0.7156462585034014,0.7809983896940418
257,17,41,9,10,0.7532467532467533,0.7248148148148148,0.82,0.6296296296296297,0.8118811881188119,0.6296296296296297,0.82,0.6415094339622641,0.7266953110405381,0.8066666666666668
258,10,53,7,7,0.8181818181818182,0.7357843137254902,0.8833333333333333,0.5882352941176471,0.8833333333333333,0.5882352941176471,0.8833333333333333,0.5882352941176471,0.7357843137254902,0.8411764705882353
259,13,41,10,13,0.7012987012987013,0.6519607843137255,0.803921568627451,0.5,0.780952380952381,0.5,0.803921568627451,0.5306122448979592,0.6557823129251701,0.8650075414781297
260,13,50,12,2,0.8181818181818182,0.8365591397849462,0.8064516129032258,0.8666666666666667,0.8771929824561403,0.8666666666666667,0.8064516129032258,0.65,0.7635964912280702,0.9279569892473118
261,18,43,9,7,0.7922077922077922,0.7734615384615384,0.8269230769230769,0.72,0.8431372549019608,0.72,0.8269230769230769,0.6923076923076923,0.7677224736048265,0.8607692307692307
262,18,44,7,8,0.8051948051948052,0.777526395173454,0.8627450980392157,0.6923076923076923,0.8543689320388349,0.6923076923076923,0.8627450980392157,0.7058823529411765,0.7801256424900057,0.8725490196078431
263,13,54,5,5,0.8701298701298701,0.8187382297551788,0.9152542372881356,0.7222222222222222,0.9152542372881356,0.7222222222222222,0.9152542372881356,0.7222222222222222,0.8187382297551788,0.8512241054613936
264,14,45,9,9,0.7662337662337663,0.7210144927536233,0.8333333333333334,0.6086956521739131,0.8333333333333334,0.6086956521739131,0.8333333333333334,0.6086956521739131,0.7210144927536233,0.889694041867955
265,11,48,7,11,0.7662337662337663,0.6863636363636363,0.8727272727272727,0.5,0.8421052631578947,0.5,0.8727272727272727,0.55,0.6960526315789474,0.8429752066115703
266,16,48,10,3,0.8311688311688312,0.8348457350272231,0.8275862068965517,0.8421052631578947,0.8807339449541285,0.8421052631578947,0.8275862068965517,0.7111111111111111,0.7959225280326199,0.9137931034482758
267,10,52,9,6,0.8051948051948052,0.7387295081967213,0.8524590163934426,0.625,0.8739495798319328,0.625,0.8524590163934426,0.5714285714285714,0.7226890756302521,0.8411885245901639
268,16,41,6,14,0.7402597402597403,0.7028368794326241,0.8723404255319149,0.5333333333333333,0.803921568627451,0.5333333333333333,0.8723404255319149,0.6153846153846154,0.7096530920060332,0.825531914893617
269,9,48,13,7,0.7402597402597403,0.6746926229508197,0.7868852459016393,0.5625,0.8275862068965517,0.5625,0.7868852459016393,0.47368421052631576,0.6506352087114338,0.8217213114754098
270,16,49,8,4,0.8441558441558441,0.8298245614035088,0.8596491228070176,0.8,0.8909090909090909,0.8,0.8596491228070176,0.7272727272727273,0.8090909090909091,0.9307017543859649
271,10,49,9,9,0.7662337662337663,0.6855716878402904,0.8448275862068966,0.5263157894736842,0.8448275862068966,0.5263157894736842,0.8448275862068966,0.5263157894736842,0.6855716878402904,0.7223230490018149
272,14,48,5,10,0.8051948051948052,0.7444968553459119,0.9056603773584906,0.5833333333333334,0.8648648648648649,0.5833333333333334,0.9056603773584906,0.6511627906976745,0.7580138277812697,0.8639937106918238
273,13,45,8,11,0.7532467532467533,0.6953616352201257,0.8490566037735849,0.5416666666666666,0.8256880733944955,0.5416666666666666,0.8490566037735849,0.5777777777777777,0.7017329255861366,0.8207547169811321
274,10,47,10,10,0.7402597402597403,0.6622807017543859,0.8245614035087719,0.5,0.8245614035087719,0.5,0.8245614035087719,0.5,0.6622807017543859,0.8500000000000001
275,11,54,8,4,0.8441558441558441,0.8021505376344086,0.8709677419354839,0.7333333333333333,0.9,0.7333333333333333,0.8709677419354839,0.6470588235294118,0.7735294117647059,0.9086021505376344
276,10,48,9,10,0.7532467532467533,0.6710526315789473,0.8421052631578947,0.5,0.8347826086956521,0.5,0.8421052631578947,0.5128205128205128,0.6738015607580825,0.768421052631579
277,15,51,5,6,0.8571428571428571,0.8125,0.9107142857142857,0.7142857142857143,0.9026548672566371,0.7142857142857143,0.9107142857142857,0.7317073170731707,0.8171810921649039,0.8903061224489796
278,16,48,5,8,0.8311688311688312,0.7861635220125787,0.9056603773584906,0.6666666666666666,0.8807339449541285,0.6666666666666666,0.9056603773584906,0.7111111111111111,0.7959225280326199,0.8820754716981132
279,7,59,6,5,0.8571428571428571,0.7455128205128205,0.9076923076923077,0.5833333333333334,0.9147286821705426,0.5833333333333334,0.9076923076923077,0.56,0.7373643410852713,0.9192307692307693
280,11,51,8,7,0.8051948051948052,0.737758945386064,0.864406779661017,0.6111111111111112,0.8717948717948718,0.6111111111111112,0.864406779661017,0.5945945945945946,0.7331947331947333,0.8210922787193974
281,12,51,8,6,0.8181818181818182,0.7655367231638418,0.864406779661017,0.6666666666666666,0.8793103448275862,0.6666666666666666,0.864406779661017,0.631578947368421,0.7554446460980035,0.8549905838041432
282,7,48,11,11,0.7142857142857143,0.6012241054613936,0.8135593220338984,0.3888888888888889,0.8135593220338984,0.3888888888888889,0.8135593220338984,0.3888888888888889,0.6012241054613936,0.7787193973634652
283,16,37,11,13,0.6883116883116883,0.6612787356321839,0.7708333333333334,0.5517241379310345,0.7551020408163265,0.5517241379310345,0.7708333333333334,0.5714285714285714,0.6632653061224489,0.7895114942528736
284,11,51,6,9,0.8051948051948052,0.7223684210526315,0.8947368421052632,0.55,0.8717948717948718,0.55,0.8947368421052632,0.5945945945945946,0.7331947331947333,0.7710526315789474
285,12,52,6,7,0.8311688311688312,0.764065335753176,0.896551724137931,0.631578947368421,0.8888888888888888,0.631578947368421,0.896551724137931,0.6486486486486487,0.7687687687687688,0.8039927404718693
286,16,46,9,6,0.8051948051948052,0.7818181818181817,0.8363636363636363,0.7272727272727273,0.8598130841121495,0.7272727272727273,0.8363636363636363,0.6808510638297872,0.7703320739709684,0.9024793388429753
287,12,44,9,12,0.7272727272727273,0.6650943396226415,0.8301886792452831,0.5,0.8073394495412844,0.5,0.8301886792452831,0.5333333333333333,0.6703363914373088,0.7995283018867925
288,15,48,7,7,0.8181818181818182,0.7772727272727272,0.8727272727272727,0.6818181818181818,0.8727272727272727,0.6818181818181818,0.8727272727272727,0.6818181818181818,0.7772727272727272,0.8140495867768595
289,11,49,13,4,0.7792207792207793,0.7618279569892472,0.7903225806451613,0.7333333333333333,0.8521739130434782,0.7333333333333333,0.7903225806451613,0.5641025641025641,0.7081382385730212,0.8946236559139785
290,14,54,5,4,0.8831168831168831,0.8465160075329567,0.9152542372881356,0.7777777777777778,0.9230769230769231,0.7777777777777778,0.9152542372881356,0.7567567567567568,0.83991683991684,0.9246704331450094
291,15,49,6,7,0.8311688311688312,0.7863636363636364,0.8909090909090909,0.6818181818181818,0.8828828828828829,0.6818181818181818,0.8909090909090909,0.6976744186046512,0.790278650743767,0.8545454545454546
292,11,47,9,10,0.7532467532467533,0.6815476190476191,0.8392857142857143,0.5238095238095238,0.831858407079646,0.5238095238095238,0.8392857142857143,0.5365853658536586,0.6842218864666523,0.7763605442176871
293,16,46,8,7,0.8051948051948052,0.7737520128824477,0.8518518518518519,0.6956521739130435,0.8598130841121495,0.6956521739130435,0.8518518518518519,0.6808510638297872,0.7703320739709684,0.8607085346215781
294,11,41,12,13,0.6753246753246753,0.6159591194968553,0.7735849056603774,0.4583333333333333,0.7663551401869159,0.4583333333333333,0.7735849056603774,0.46808510638297873,0.6172201232849472,0.7264150943396226
295,19,42,9,7,0.7922077922077922,0.7771493212669682,0.8235294117647058,0.7307692307692307,0.84,0.7307692307692307,0.8235294117647058,0.7037037037037037,0.7718518518518518,0.8650075414781297
296,9,54,8,6,0.8181818181818182,0.7354838709677419,0.8709677419354839,0.6,0.8852459016393442,0.6,0.8709677419354839,0.5625,0.7238729508196722,0.8086021505376345
297,11,49,9,8,0.7792207792207793,0.7118874773139746,0.8448275862068966,0.5789473684210527,0.8521739130434782,0.5789473684210527,0.8448275862068966,0.5641025641025641,0.7081382385730212,0.7794918330308529
298,9,53,10,5,0.8051948051948052,0.7420634920634921,0.8412698412698413,0.6428571428571429,0.8760330578512396,0.6428571428571429,0.8412698412698413,0.5454545454545454,0.7107438016528925,0.7970521541950113
299,18,43,8,8,0.7922077922077922,0.7677224736048265,0.8431372549019608,0.6923076923076923,0.8431372549019608,0.6923076923076923,0.8431372549019608,0.6923076923076923,0.7677224736048265,0.861236802413273
300,13,56,3,5,0.8961038961038961,0.8356873822975518,0.9491525423728814,0.7222222222222222,0.9333333333333333,0.7222222222222222,0.9491525423728814,0.7647058823529411,0.8490196078431372,0.8860640301318268
301,13,54,7,3,0.8701298701298701,0.8488729508196722,0.8852459016393442,0.8125,0.9152542372881356,0.8125,0.8852459016393442,0.7222222222222222,0.8187382297551788,0.9036885245901639
302,13,52,5,7,0.8441558441558441,0.781140350877193,0.9122807017543859,0.65,0.896551724137931,0.65,0.9122807017543859,0.6842105263157895,0.7903811252268602,0.9017543859649123
303,15,50,8,4,0.8441558441558441,0.8257713248638838,0.8620689655172413,0.7894736842105263,0.8928571428571429,0.7894736842105263,0.8620689655172413,0.7142857142857143,0.8035714285714286,0.9110707803992739
304,14,43,8,12,0.7402597402597403,0.6907993966817496,0.8431372549019608,0.5384615384615384,0.8113207547169812,0.5384615384615384,0.8431372549019608,0.5833333333333334,0.6973270440251573,0.8205128205128205
305,17,49,5,6,0.8571428571428571,0.823268921095008,0.9074074074074074,0.7391304347826086,0.8990825688073395,0.7391304347826086,0.9074074074074074,0.7555555555555555,0.8273190621814475,0.9041867954911432
306,11,54,6,6,0.8441558441558441,0.7735294117647059,0.9,0.6470588235294118,0.9,0.6470588235294118,0.9,0.6470588235294118,0.7735294117647059,0.8950980392156862
307,5,50,11,11,0.7142857142857143,0.5660860655737705,0.819672131147541,0.3125,0.819672131147541,0.3125,0.819672131147541,0.3125,0.5660860655737705,0.6280737704918034
308,12,52,8,5,0.8311688311688312,0.7862745098039217,0.8666666666666667,0.7058823529411765,0.8888888888888888,0.7058823529411765,0.8666666666666667,0.6486486486486487,0.7687687687687688,0.8676470588235294
309,10,53,8,6,0.8181818181818182,0.7469262295081966,0.8688524590163934,0.625,0.8833333333333333,0.625,0.8688524590163934,0.5882352941176471,0.7357843137254902,0.8350409836065574
310,8,54,4,11,0.8051948051948052,0.676043557168784,0.9310344827586207,0.42105263157894735,0.8780487804878049,0.42105263157894735,0.9310344827586207,0.5161290322580645,0.6970889063729346,0.7177858439201452
311,9,47,13,8,0.7272727272727273,0.6563725490196078,0.7833333333333333,0.5294117647058824,0.8173913043478261,0.5294117647058824,0.7833333333333333,0.46153846153846156,0.6394648829431439,0.7480392156862745
312,9,52,9,7,0.7922077922077922,0.7074795081967213,0.8524590163934426,0.5625,0.8666666666666667,0.5625,0.8524590163934426,0.5294117647058824,0.6980392156862745,0.8176229508196722
313,13,45,9,10,0.7532467532467533,0.6992753623188406,0.8333333333333334,0.5652173913043478,0.8256880733944955,0.5652173913043478,0.8333333333333334,0.5777777777777777,0.7017329255861366,0.788244766505636
314,9,49,10,9,0.7532467532467533,0.6652542372881356,0.8305084745762712,0.5,0.8376068376068376,0.5,0.8305084745762712,0.4864864864864865,0.6620466620466621,0.771186440677966
315,16,48,7,6,0.8311688311688312,0.8,0.8727272727272727,0.7272727272727273,0.8807339449541285,0.7272727272727273,0.8727272727272727,0.7111111111111111,0.7959225280326199,0.8636363636363636
316,12,49,10,6,0.7922077922077922,0.7485875706214689,0.8305084745762712,0.6666666666666666,0.8596491228070176,0.6666666666666666,0.8305084745762712,0.6,0.7298245614035088,0.8691148775894538
317,12,47,10,8,0.7662337662337663,0.712280701754386,0.8245614035087719,0.6,0.8392857142857143,0.6,0.8245614035087719,0.5714285714285714,0.7053571428571428,0.8026315789473685
318,11,45,10,11,0.7272727272727273,0.6590909090909092,0.8181818181818182,0.5,0.8108108108108109,0.5,0.8181818181818182,0.5116279069767442,0.6612193588937776,0.7785123966942149
319,13,50,7,7,0.8181818181818182,0.7635964912280702,0.8771929824561403,0.65,0.8771929824561403,0.65,0.8771929824561403,0.65,0.7635964912280702,0.8491228070175438
320,9,53,8,7,0.8051948051948052,0.7156762295081966,0.8688524590163934,0.5625,0.8760330578512396,0.5625,0.8688524590163934,0.5454545454545454,0.7107438016528925,0.7920081967213115
321,15,42,7,13,0.7402597402597403,0.6964285714285714,0.8571428571428571,0.5357142857142857,0.8076923076923077,0.5357142857142857,0.8571428571428571,0.6,0.7038461538461538,0.7842565597667638
322,12,57,3,5,0.8961038961038961,0.8279411764705882,0.95,0.7058823529411765,0.9344262295081968,0.7058823529411765,0.95,0.75,0.8422131147540983,0.9382352941176471
323,14,48,11,4,0.8051948051948052,0.795668549905838,0.8135593220338984,0.7777777777777778,0.8648648648648649,0.7777777777777778,0.8135593220338984,0.6511627906976745,0.7580138277812697,0.8587570621468926
324,21,42,6,8,0.8181818181818182,0.7995689655172413,0.875,0.7241379310344828,0.8571428571428571,0.7241379310344828,0.875,0.75,0.8035714285714286,0.9252873563218391
325,20,44,5,8,0.8311688311688312,0.8061224489795918,0.8979591836734694,0.7142857142857143,0.8712871287128713,0.7142857142857143,0.8979591836734694,0.7547169811320755,0.8130020549224735,0.8855685131195334
326,10,53,3,11,0.8181818181818182,0.7113095238095237,0.9464285714285714,0.47619047619047616,0.8833333333333333,0.47619047619047616,0.9464285714285714,0.5882352941176471,0.7357843137254902,0.8358843537414966
327,15,49,13,0,0.8311688311688312,0.8951612903225806,0.7903225806451613,1.0,0.8828828828828829,1.0,0.7903225806451613,0.6976744186046512,0.790278650743767,0.9731182795698925
328,11,52,6,8,0.8181818181818182,0.7377495462794919,0.896551724137931,0.5789473684210527,0.8813559322033898,0.5789473684210527,0.896551724137931,0.6111111111111112,0.7462335216572504,0.7976406533575318
329,11,44,13,9,0.7142857142857143,0.6609649122807018,0.7719298245614035,0.55,0.8,0.55,0.7719298245614035,0.5,0.65,0.8096491228070175
330,15,45,10,7,0.7792207792207793,0.75,0.8181818181818182,0.6818181818181818,0.8411214953271028,0.6818181818181818,0.8181818181818182,0.6382978723404256,0.7397096838337642,0.868595041322314
331,13,40,12,12,0.6883116883116883,0.6446153846153846,0.7692307692307693,0.52,0.7692307692307693,0.52,0.7692307692307693,0.52,0.6446153846153846,0.8076923076923077
332,12,50,6,9,0.8051948051948052,0.7321428571428572,0.8928571428571429,0.5714285714285714,0.8695652173913043,0.5714285714285714,0.8928571428571429,0.6153846153846154,0.7424749163879598,0.8214285714285714
333,22,39,11,5,0.7922077922077922,0.7974074074074073,0.78,0.8148148148148148,0.8297872340425532,0.8148148148148148,0.78,0.7333333333333333,0.7815602836879432,0.8703703703703703
334,15,45,8,9,0.7792207792207793,0.7370283018867925,0.8490566037735849,0.625,0.8411214953271028,0.625,0.8490566037735849,0.6382978723404256,0.7397096838337642,0.8411949685534591
335,11,47,12,7,0.7532467532467533,0.7038606403013183,0.7966101694915254,0.6111111111111112,0.831858407079646,0.6111111111111112,0.7966101694915254,0.5365853658536586,0.6842218864666523,0.8474576271186441
336,14,43,7,13,0.7402597402597403,0.6892592592592592,0.86,0.5185185185185185,0.8113207547169812,0.5185185185185185,0.86,0.5833333333333334,0.6973270440251573,0.8118518518518518
337,10,51,12,4,0.7922077922077922,0.7619047619047619,0.8095238095238095,0.7142857142857143,0.864406779661017,0.7142857142857143,0.8095238095238095,0.5555555555555556,0.7099811676082863,0.8798185941043085
338,10,48,11,8,0.7532467532467533,0.684557438794727,0.8135593220338984,0.5555555555555556,0.8347826086956521,0.5555555555555556,0.8135593220338984,0.5128205128205128,0.6738015607580825,0.827683615819209
339,10,51,6,10,0.7922077922077922,0.6973684210526316,0.8947368421052632,0.5,0.864406779661017,0.5,0.8947368421052632,0.5555555555555556,0.7099811676082863,0.7947368421052632
340,9,47,11,10,0.7272727272727273,0.6420145190562613,0.8103448275862069,0.47368421052631576,0.8173913043478261,0.47368421052631576,0.8103448275862069,0.46153846153846156,0.6394648829431439,0.7649727767695099
341,13,52,7,5,0.8441558441558441,0.801789077212806,0.8813559322033898,0.7222222222222222,0.896551724137931,0.7222222222222222,0.8813559322033898,0.6842105263157895,0.7903811252268602,0.8907721280602636
342,7,53,4,13,0.7792207792207793,0.6399122807017543,0.9298245614035088,0.35,0.8617886178861789,0.35,0.9298245614035088,0.45161290322580644,0.6567007605559927,0.7035087719298245
343,7,50,15,5,0.7402597402597403,0.6762820512820513,0.7692307692307693,0.5833333333333334,0.8333333333333334,0.5833333333333334,0.7692307692307693,0.4117647058823529,0.6225490196078431,0.7833333333333332
344,10,51,4,12,0.7922077922077922,0.6909090909090909,0.9272727272727272,0.45454545454545453,0.864406779661017,0.45454545454545453,0.9272727272727272,0.5555555555555556,0.7099811676082863,0.7752066115702478
345,12,45,10,10,0.7402597402597403,0.6818181818181819,0.8181818181818182,0.5454545454545454,0.8181818181818182,0.5454545454545454,0.8181818181818182,0.5454545454545454,0.6818181818181819,0.7355371900826446
346,19,40,9,9,0.7662337662337663,0.7474489795918368,0.8163265306122449,0.6785714285714286,0.8163265306122449,0.6785714285714286,0.8163265306122449,0.6785714285714286,0.7474489795918368,0.8658892128279883
347,11,51,8,7,0.8051948051948052,0.737758945386064,0.864406779661017,0.6111111111111112,0.8717948717948718,0.6111111111111112,0.864406779661017,0.5945945945945946,0.7331947331947333,0.8436911487758946
348,9,53,11,4,0.8051948051948052,0.7602163461538461,0.828125,0.6923076923076923,0.8760330578512396,0.6923076923076923,0.828125,0.5454545454545454,0.7107438016528925,0.9050480769230769
349,20,41,7,9,0.7922077922077922,0.7719109195402298,0.8541666666666666,0.6896551724137931,0.8367346938775511,0.6896551724137931,0.8541666666666666,0.7142857142857143,0.7755102040816326,0.8405172413793103
350,25,40,6,6,0.8441558441558441,0.8380084151472651,0.8695652173913043,0.8064516129032258,0.8695652173913043,0.8064516129032258,0.8695652173913043,0.8064516129032258,0.8380084151472651,0.9263674614305749
351,19,44,8,6,0.8181818181818182,0.803076923076923,0.8461538461538461,0.76,0.8627450980392157,0.76,0.8461538461538461,0.7307692307692307,0.7967571644042233,0.8807692307692307
352,18,46,5,8,0.8311688311688312,0.797134238310709,0.9019607843137255,0.6923076923076923,0.8761904761904762,0.6923076923076923,0.9019607843137255,0.7346938775510204,0.8054421768707483,0.9245852187028658
353,8,53,9,7,0.7922077922077922,0.6940860215053763,0.8548387096774194,0.5333333333333333,0.8688524590163934,0.5333333333333333,0.8548387096774194,0.5,0.6844262295081966,0.7903225806451614
354,15,47,6,9,0.8051948051948052,0.7558962264150944,0.8867924528301887,0.625,0.8623853211009175,0.625,0.8867924528301887,0.6666666666666666,0.764525993883792,0.8663522012578617
355,9,48,5,15,0.7402597402597403,0.6403301886792453,0.9056603773584906,0.375,0.8275862068965517,0.375,0.9056603773584906,0.47368421052631576,0.6506352087114338,0.7688679245283019
356,20,45,6,6,0.8441558441558441,0.8257918552036199,0.8823529411764706,0.7692307692307693,0.8823529411764706,0.7692307692307693,0.8823529411764706,0.7692307692307693,0.8257918552036199,0.9049773755656109
357,13,44,8,12,0.7402597402597403,0.6830769230769231,0.8461538461538461,0.52,0.8148148148148148,0.52,0.8461538461538461,0.5652173913043478,0.6900161030595813,0.8123076923076924
358,12,49,8,8,0.7922077922077922,0.7298245614035088,0.8596491228070176,0.6,0.8596491228070176,0.6,0.8596491228070176,0.6,0.7298245614035088,0.8245614035087719
359,12,46,10,9,0.7532467532467533,0.6964285714285714,0.8214285714285714,0.5714285714285714,0.8288288288288288,0.5714285714285714,0.8214285714285714,0.5581395348837209,0.6934841818562749,0.8163265306122449
360,13,48,11,5,0.7922077922077922,0.7678907721280603,0.8135593220338984,0.7222222222222222,0.8571428571428571,0.7222222222222222,0.8135593220338984,0.6190476190476191,0.7380952380952381,0.8898305084745762
361,11,53,9,4,0.8311688311688312,0.7940860215053763,0.8548387096774194,0.7333333333333333,0.8907563025210085,0.7333333333333333,0.8548387096774194,0.6285714285714286,0.7596638655462185,0.8978494623655915
362,13,48,11,5,0.7922077922077922,0.7678907721280603,0.8135593220338984,0.7222222222222222,0.8571428571428571,0.7222222222222222,0.8135593220338984,0.6190476190476191,0.7380952380952381,0.8361581920903954
363,7,50,7,13,0.7402597402597403,0.6135964912280701,0.8771929824561403,0.35,0.8333333333333334,0.35,0.8771929824561403,0.4117647058823529,0.6225490196078431,0.8456140350877194
364,9,53,8,7,0.8051948051948052,0.7156762295081966,0.8688524590163934,0.5625,0.8760330578512396,0.5625,0.8688524590163934,0.5454545454545454,0.7107438016528925,0.8555327868852459
365,20,45,8,4,0.8441558441558441,0.8411949685534592,0.8490566037735849,0.8333333333333334,0.8823529411764706,0.8333333333333334,0.8490566037735849,0.7692307692307693,0.8257918552036199,0.910377358490566
366,9,53,9,6,0.8051948051948052,0.7274193548387097,0.8548387096774194,0.6,0.8760330578512396,0.6,0.8548387096774194,0.5454545454545454,0.7107438016528925,0.7827956989247312
367,12,46,9,10,0.7532467532467533,0.6909090909090909,0.8363636363636363,0.5454545454545454,0.8288288288288288,0.5454545454545454,0.8363636363636363,0.5581395348837209,0.6934841818562749,0.728099173553719
368,11,44,7,15,0.7142857142857143,0.6429110105580694,0.8627450980392157,0.4230769230769231,0.8,0.4230769230769231,0.8627450980392157,0.5,0.65,0.7843137254901961
369,9,51,9,8,0.7792207792207793,0.6897058823529412,0.85,0.5294117647058824,0.8571428571428571,0.5294117647058824,0.85,0.5142857142857142,0.6857142857142857,0.8441176470588235
370,13,50,8,6,0.8181818181818182,0.7731397459165155,0.8620689655172413,0.6842105263157895,0.8771929824561403,0.6842105263157895,0.8620689655172413,0.65,0.7635964912280702,0.8448275862068966
371,10,50,8,9,0.7792207792207793,0.6941923774954628,0.8620689655172413,0.5263157894736842,0.8547008547008547,0.5263157894736842,0.8620689655172413,0.5405405405405406,0.6976206976206976,0.8448275862068966
372,14,47,6,10,0.7922077922077922,0.7350628930817611,0.8867924528301887,0.5833333333333334,0.8545454545454545,0.5833333333333334,0.8867924528301887,0.6363636363636364,0.7454545454545454,0.8121069182389937
373,13,55,2,7,0.8831168831168831,0.8074561403508772,0.9649122807017544,0.65,0.9243697478991597,0.65,0.9649122807017544,0.7428571428571429,0.8336134453781513,0.8894736842105263
374,17,42,9,9,0.7662337662337663,0.7386877828054299,0.8235294117647058,0.6538461538461539,0.8235294117647058,0.6538461538461539,0.8235294117647058,0.6538461538461539,0.7386877828054299,0.8506787330316743
375,17,46,4,10,0.8181818181818182,0.7748148148148148,0.92,0.6296296296296297,0.8679245283018868,0.6296296296296297,0.92,0.7083333333333334,0.78812893081761,0.8503703703703703
376,15,48,8,6,0.8181818181818182,0.7857142857142857,0.8571428571428571,0.7142857142857143,0.8727272727272727,0.7142857142857143,0.8571428571428571,0.6818181818181818,0.7772727272727272,0.9081632653061225
377,18,43,9,7,0.7922077922077922,0.7734615384615384,0.8269230769230769,0.72,0.8431372549019608,0.72,0.8269230769230769,0.6923076923076923,0.7677224736048265,0.8869230769230769
378,17,43,7,10,0.7792207792207793,0.7448148148148148,0.86,0.6296296296296297,0.8349514563106796,0.6296296296296297,0.86,0.6666666666666666,0.7508090614886731,0.822962962962963
379,17,42,12,6,0.7662337662337663,0.7584541062801933,0.7777777777777778,0.7391304347826086,0.8235294117647058,0.7391304347826086,0.7777777777777778,0.6538461538461539,0.7386877828054299,0.8413848631239935
380,7,50,10,10,0.7402597402597403,0.6225490196078431,0.8333333333333334,0.4117647058823529,0.8333333333333334,0.4117647058823529,0.8333333333333334,0.4117647058823529,0.6225490196078431,0.7333333333333334
381,11,48,10,8,0.7662337662337663,0.7032667876588021,0.8275862068965517,0.5789473684210527,0.8421052631578947,0.5789473684210527,0.8275862068965517,0.55,0.6960526315789474,0.8248638838475498
382,14,51,8,4,0.8441558441558441,0.8210922787193974,0.864406779661017,0.7777777777777778,0.8947368421052632,0.7777777777777778,0.864406779661017,0.7,0.7973684210526315,0.9246704331450094
383,12,48,8,9,0.7792207792207793,0.7142857142857142,0.8571428571428571,0.5714285714285714,0.8495575221238938,0.5714285714285714,0.8571428571428571,0.5853658536585366,0.7174616878912152,0.8112244897959183
384,10,52,11,4,0.8051948051948052,0.7698412698412698,0.8253968253968254,0.7142857142857143,0.8739495798319328,0.7142857142857143,0.8253968253968254,0.5714285714285714,0.7226890756302521,0.8231292517006803
385,17,50,7,3,0.8701298701298701,0.8635964912280701,0.8771929824561403,0.85,0.9090909090909091,0.85,0.8771929824561403,0.7727272727272727,0.8409090909090908,0.9412280701754386
386,17,46,7,7,0.8181818181818182,0.78812893081761,0.8679245283018868,0.7083333333333334,0.8679245283018868,0.7083333333333334,0.8679245283018868,0.7083333333333334,0.78812893081761,0.8907232704402516
387,10,48,9,10,0.7532467532467533,0.6710526315789473,0.8421052631578947,0.5,0.8347826086956521,0.5,0.8421052631578947,0.5128205128205128,0.6738015607580825,0.7964912280701754
388,13,43,7,14,0.7272727272727273,0.6707407407407407,0.86,0.48148148148148145,0.8037383177570093,0.48148148148148145,0.86,0.5531914893617021,0.6784649035593557,0.7748148148148147
389,10,46,10,11,0.7272727272727273,0.6488095238095237,0.8214285714285714,0.47619047619047616,0.8141592920353983,0.47619047619047616,0.8214285714285714,0.4878048780487805,0.6509820850420893,0.7789115646258503
390,10,58,7,2,0.8831168831168831,0.8628205128205129,0.8923076923076924,0.8333333333333334,0.928,0.8333333333333334,0.8923076923076924,0.6896551724137931,0.8088275862068965,0.9576923076923077
391,10,43,9,15,0.6883116883116883,0.6134615384615385,0.8269230769230769,0.4,0.7818181818181819,0.4,0.8269230769230769,0.45454545454545453,0.6181818181818182,0.6807692307692307
392,13,45,8,11,0.7532467532467533,0.6953616352201257,0.8490566037735849,0.5416666666666666,0.8256880733944955,0.5416666666666666,0.8490566037735849,0.5777777777777777,0.7017329255861366,0.8553459119496856
393,16,42,13,6,0.7532467532467533,0.7454545454545455,0.7636363636363637,0.7272727272727273,0.8155339805825242,0.7272727272727273,0.7636363636363637,0.6274509803921569,0.7214924804873406,0.8793388429752066
394,11,53,7,6,0.8311688311688312,0.7651960784313725,0.8833333333333333,0.6470588235294118,0.8907563025210085,0.6470588235294118,0.8833333333333333,0.6285714285714286,0.7596638655462185,0.8421568627450982
395,13,50,7,7,0.8181818181818182,0.7635964912280702,0.8771929824561403,0.65,0.8771929824561403,0.65,0.8771929824561403,0.65,0.7635964912280702,0.9043859649122806
396,16,54,3,4,0.9090909090909091,0.8736842105263158,0.9473684210526315,0.8,0.9391304347826087,0.8,0.9473684210526315,0.8205128205128205,0.8798216276477147,0.892982456140351
397,9,53,8,7,0.8051948051948052,0.7156762295081966,0.8688524590163934,0.5625,0.8760330578512396,0.5625,0.8688524590163934,0.5454545454545454,0.7107438016528925,0.8770491803278688
398,13,44,12,8,0.7402597402597403,0.7023809523809523,0.7857142857142857,0.6190476190476191,0.8148148148148148,0.6190476190476191,0.7857142857142857,0.5652173913043478,0.6900161030595813,0.7755102040816326
399,15,52,5,5,0.8701298701298701,0.831140350877193,0.9122807017543859,0.75,0.9122807017543859,0.75,0.9122807017543859,0.75,0.831140350877193,0.918421052631579
400,15,46,3,13,0.7922077922077922,0.7372448979591837,0.9387755102040817,0.5357142857142857,0.8518518518518519,0.5357142857142857,0.9387755102040817,0.6521739130434783,0.7520128824476651,0.8935860058309038
401,11,46,9,11,0.7402597402597403,0.6681818181818182,0.8363636363636363,0.5,0.8214285714285714,0.5,0.8363636363636363,0.5238095238095238,0.6726190476190477,0.7611570247933884
402,11,43,15,8,0.7012987012987013,0.6601633393829401,0.7413793103448276,0.5789473684210527,0.7889908256880734,0.5789473684210527,0.7413793103448276,0.4888888888888889,0.6389398572884811,0.8058076225045372
403,15,42,9,11,0.7402597402597403,0.7002262443438914,0.8235294117647058,0.5769230769230769,0.8076923076923077,0.5769230769230769,0.8235294117647058,0.6,0.7038461538461538,0.8657616892911011
404,18,48,2,9,0.8571428571428571,0.8133333333333332,0.96,0.6666666666666666,0.897196261682243,0.6666666666666666,0.96,0.7659574468085106,0.8315768542453768,0.971111111111111
405,10,56,4,7,0.8571428571428571,0.7607843137254902,0.9333333333333333,0.5882352941176471,0.9105691056910569,0.5882352941176471,0.9333333333333333,0.6451612903225806,0.7778651980068187,0.8960784313725491
406,11,53,8,5,0.8311688311688312,0.7781762295081966,0.8688524590163934,0.6875,0.8907563025210085,0.6875,0.8688524590163934,0.6285714285714286,0.7596638655462185,0.8278688524590164
407,13,53,5,6,0.8571428571428571,0.7990018148820327,0.9137931034482759,0.6842105263157895,0.905982905982906,0.6842105263157895,0.9137931034482759,0.7027027027027027,0.8043428043428044,0.8874773139745916
408,17,45,7,8,0.8051948051948052,0.7726923076923078,0.8653846153846154,0.68,0.8571428571428571,0.68,0.8653846153846154,0.6938775510204082,0.7755102040816326,0.8761538461538463
409,9,50,8,10,0.7662337662337663,0.6678765880217785,0.8620689655172413,0.47368421052631576,0.847457627118644,0.47368421052631576,0.8620689655172413,0.5,0.673728813559322,0.7958257713248639
410,11,48,9,9,0.7662337662337663,0.6960526315789474,0.8421052631578947,0.55,0.8421052631578947,0.55,0.8421052631578947,0.55,0.6960526315789474,0.8254385964912281
411,14,41,12,10,0.7142857142857143,0.6784591194968554,0.7735849056603774,0.5833333333333334,0.7884615384615384,0.5833333333333334,0.7735849056603774,0.56,0.6742307692307692,0.8231132075471697
412,13,54,5,5,0.8701298701298701,0.8187382297551788,0.9152542372881356,0.7222222222222222,0.9152542372881356,0.7222222222222222,0.9152542372881356,0.7222222222222222,0.8187382297551788,0.928436911487759
413,11,51,7,8,0.8051948051948052,0.7291288566243195,0.8793103448275862,0.5789473684210527,0.8717948717948718,0.5789473684210527,0.8793103448275862,0.5945945945945946,0.7331947331947333,0.8312159709618876
414,14,48,7,8,0.8051948051948052,0.7545454545454545,0.8727272727272727,0.6363636363636364,0.8648648648648649,0.6363636363636364,0.8727272727272727,0.6511627906976745,0.7580138277812697,0.8256198347107437
415,6,53,11,7,0.7662337662337663,0.6448317307692308,0.828125,0.46153846153846156,0.8548387096774194,0.46153846153846156,0.828125,0.4,0.6274193548387097,0.7932692307692308
416,14,53,7,3,0.8701298701298701,0.8534313725490196,0.8833333333333333,0.8235294117647058,0.9137931034482759,0.8235294117647058,0.8833333333333333,0.7368421052631579,0.8253176043557169,0.892156862745098
417,12,54,7,4,0.8571428571428571,0.8176229508196722,0.8852459016393442,0.75,0.907563025210084,0.75,0.8852459016393442,0.6857142857142857,0.7966386554621849,0.8770491803278688
418,17,45,7,8,0.8051948051948052,0.7726923076923078,0.8653846153846154,0.68,0.8571428571428571,0.68,0.8653846153846154,0.6938775510204082,0.7755102040816326,0.8492307692307692
419,10,46,8,13,0.7272727272727273,0.643317230273752,0.8518518518518519,0.43478260869565216,0.8141592920353983,0.43478260869565216,0.8518518518518519,0.4878048780487805,0.6509820850420893,0.7318840579710145
420,15,46,8,8,0.7922077922077922,0.7520128824476651,0.8518518518518519,0.6521739130434783,0.8518518518518519,0.6521739130434783,0.8518518518518519,0.6521739130434783,0.7520128824476651,0.822866344605475
421,9,48,12,8,0.7402597402597403,0.6647058823529413,0.8,0.5294117647058824,0.8275862068965517,0.5294117647058824,0.8,0.47368421052631576,0.6506352087114338,0.8715686274509804
422,16,45,11,5,0.7922077922077922,0.7827380952380952,0.8035714285714286,0.7619047619047619,0.8490566037735849,0.7619047619047619,0.8035714285714286,0.6666666666666666,0.7578616352201257,0.8078231292517006
423,9,56,6,6,0.8441558441558441,0.7516129032258064,0.9032258064516129,0.6,0.9032258064516129,0.6,0.9032258064516129,0.6,0.7516129032258064,0.835483870967742
424,18,43,7,9,0.7922077922077922,0.7633333333333333,0.86,0.6666666666666666,0.8431372549019608,0.6666666666666666,0.86,0.6923076923076923,0.7677224736048265,0.8540740740740741
425,11,47,7,12,0.7532467532467533,0.6743156199677939,0.8703703703703703,0.4782608695652174,0.831858407079646,0.4782608695652174,0.8703703703703703,0.5365853658536586,0.6842218864666523,0.8003220611916264
426,15,47,8,7,0.8051948051948052,0.7681818181818181,0.8545454545454545,0.6818181818181818,0.8623853211009175,0.6818181818181818,0.8545454545454545,0.6666666666666666,0.764525993883792,0.8132231404958679
427,9,55,9,4,0.8311688311688312,0.7758413461538461,0.859375,0.6923076923076923,0.8943089430894309,0.6923076923076923,0.859375,0.5806451612903226,0.7374770521898768,0.8389423076923077
428,10,48,10,9,0.7532467532467533,0.676950998185118,0.8275862068965517,0.5263157894736842,0.8347826086956521,0.5263157894736842,0.8275862068965517,0.5128205128205128,0.6738015607580825,0.7568058076225045
429,16,47,4,10,0.8181818181818182,0.7684766214177978,0.9215686274509803,0.6153846153846154,0.8703703703703703,0.6153846153846154,0.9215686274509803,0.6956521739130435,0.7830112721417068,0.8823529411764707
430,15,43,10,9,0.7532467532467533,0.7181603773584906,0.8113207547169812,0.625,0.819047619047619,0.625,0.8113207547169812,0.6122448979591837,0.7156462585034014,0.8238993710691827
431,14,44,11,8,0.7532467532467533,0.7181818181818183,0.8,0.6363636363636364,0.822429906542056,0.6363636363636364,0.8,0.5957446808510638,0.70908729369656,0.8148760330578513
432,14,47,11,5,0.7922077922077922,0.7735934664246824,0.8103448275862069,0.7368421052631579,0.8545454545454545,0.7368421052631579,0.8103448275862069,0.6363636363636364,0.7454545454545454,0.8874773139745916
433,9,49,6,13,0.7532467532467533,0.65,0.8909090909090909,0.4090909090909091,0.8376068376068376,0.4090909090909091,0.8909090909090909,0.4864864864864865,0.6620466620466621,0.8198347107438017
434,14,54,4,5,0.8831168831168831,0.8339382940108893,0.9310344827586207,0.7368421052631579,0.9230769230769231,0.7368421052631579,0.9310344827586207,0.7567567567567568,0.83991683991684,0.8983666061705989
435,10,50,8,9,0.7792207792207793,0.6941923774954628,0.8620689655172413,0.5263157894736842,0.8547008547008547,0.5263157894736842,0.8620689655172413,0.5405405405405406,0.6976206976206976,0.8030852994555354
436,11,53,4,9,0.8311688311688312,0.7399122807017544,0.9298245614035088,0.55,0.8907563025210085,0.55,0.9298245614035088,0.6285714285714286,0.7596638655462185,0.7403508771929824
437,8,52,11,6,0.7792207792207793,0.6984126984126984,0.8253968253968254,0.5714285714285714,0.859504132231405,0.5714285714285714,0.8253968253968254,0.48484848484848486,0.6721763085399449,0.7936507936507937
438,11,50,6,10,0.7922077922077922,0.7083333333333334,0.8928571428571429,0.5238095238095238,0.8620689655172413,0.5238095238095238,0.8928571428571429,0.5789473684210527,0.720508166969147,0.8741496598639455
439,14,49,7,7,0.8181818181818182,0.7708333333333333,0.875,0.6666666666666666,0.875,0.6666666666666666,0.875,0.6666666666666666,0.7708333333333333,0.8920068027210885
440,8,53,6,10,0.7922077922077922,0.6713747645951036,0.8983050847457628,0.4444444444444444,0.8688524590163934,0.4444444444444444,0.8983050847457628,0.5,0.6844262295081966,0.7297551789077212
441,13,45,9,10,0.7532467532467533,0.6992753623188406,0.8333333333333334,0.5652173913043478,0.8256880733944955,0.5652173913043478,0.8333333333333334,0.5777777777777777,0.7017329255861366,0.8397745571658615
442,12,48,5,12,0.7792207792207793,0.7028301886792453,0.9056603773584906,0.5,0.8495575221238938,0.5,0.9056603773584906,0.5853658536585366,0.7174616878912152,0.8097484276729561
443,16,43,10,8,0.7662337662337663,0.7389937106918238,0.8113207547169812,0.6666666666666666,0.8269230769230769,0.6666666666666666,0.8113207547169812,0.64,0.7334615384615384,0.7995283018867925
444,16,48,6,7,0.8311688311688312,0.7922705314009661,0.8888888888888888,0.6956521739130435,0.8807339449541285,0.6956521739130435,0.8888888888888888,0.7111111111111111,0.7959225280326199,0.8719806763285024
445,13,39,19,6,0.6753246753246753,0.6783121597096189,0.6724137931034483,0.6842105263157895,0.7572815533980582,0.6842105263157895,0.6724137931034483,0.5098039215686274,0.6335427374833429,0.7667876588021779
446,15,47,2,13,0.8051948051948052,0.7474489795918366,0.9591836734693877,0.5357142857142857,0.8623853211009175,0.5357142857142857,0.9591836734693877,0.6666666666666666,0.764525993883792,0.8243440233236151
447,15,50,6,6,0.8441558441558441,0.8035714285714286,0.8928571428571429,0.7142857142857143,0.8928571428571429,0.7142857142857143,0.8928571428571429,0.7142857142857143,0.8035714285714286,0.8758503401360543
448,11,47,6,13,0.7532467532467533,0.672562893081761,0.8867924528301887,0.4583333333333333,0.831858407079646,0.4583333333333333,0.8867924528301887,0.5365853658536586,0.6842218864666523,0.8034591194968553
449,14,48,8,7,0.8051948051948052,0.7619047619047619,0.8571428571428571,0.6666666666666666,0.8648648648648649,0.6666666666666666,0.8571428571428571,0.6511627906976745,0.7580138277812697,0.8299319727891157
450,18,38,11,10,0.7272727272727273,0.7091836734693877,0.7755102040816326,0.6428571428571429,0.7835051546391752,0.6428571428571429,0.7755102040816326,0.631578947368421,0.7075420510037982,0.8425655976676384
451,18,43,7,9,0.7922077922077922,0.7633333333333333,0.86,0.6666666666666666,0.8431372549019608,0.6666666666666666,0.86,0.6923076923076923,0.7677224736048265,0.8807407407407407
452,15,47,9,6,0.8051948051948052,0.7767857142857143,0.8392857142857143,0.7142857142857143,0.8623853211009175,0.7142857142857143,0.8392857142857143,0.6666666666666666,0.764525993883792,0.9030612244897959
453,12,44,11,10,0.7272727272727273,0.6727272727272727,0.8,0.5454545454545454,0.8073394495412844,0.5454545454545454,0.8,0.5333333333333333,0.6703363914373088,0.8115702479338842
454,17,48,5,7,0.8441558441558441,0.8069968553459119,0.9056603773584906,0.7083333333333334,0.8888888888888888,0.7083333333333334,0.9056603773584906,0.7391304347826086,0.8140096618357487,0.8938679245283019
455,15,44,9,9,0.7662337662337663,0.7275943396226415,0.8301886792452831,0.625,0.8301886792452831,0.625,0.8301886792452831,0.625,0.7275943396226415,0.8081761006289307
456,8,47,15,7,0.7142857142857143,0.6456989247311828,0.7580645161290323,0.5333333333333333,0.8103448275862069,0.5333333333333333,0.7580645161290323,0.42105263157894735,0.6156987295825771,0.8204301075268817
457,14,45,10,8,0.7662337662337663,0.7272727272727273,0.8181818181818182,0.6363636363636364,0.8333333333333334,0.6363636363636364,0.8181818181818182,0.6086956521739131,0.7210144927536233,0.8495867768595041
458,18,51,4,4,0.8961038961038961,0.8727272727272728,0.9272727272727272,0.8181818181818182,0.9272727272727272,0.8181818181818182,0.9272727272727272,0.8181818181818182,0.8727272727272728,0.9140495867768597
459,12,45,9,11,0.7402597402597403,0.677536231884058,0.8333333333333334,0.5217391304347826,0.8181818181818182,0.5217391304347826,0.8333333333333334,0.5454545454545454,0.6818181818181819,0.7657004830917874
460,12,53,5,7,0.8441558441558441,0.7726860254083485,0.9137931034482759,0.631578947368421,0.8983050847457628,0.631578947368421,0.9137931034482759,0.6666666666666666,0.7824858757062148,0.8212341197822142
461,17,40,11,9,0.7402597402597403,0.719079939668175,0.7843137254901961,0.6538461538461539,0.8,0.6538461538461539,0.7843137254901961,0.6296296296296297,0.7148148148148148,0.8552036199095022
462,9,53,7,8,0.8051948051948052,0.7063725490196078,0.8833333333333333,0.5294117647058824,0.8760330578512396,0.5294117647058824,0.8833333333333333,0.5454545454545454,0.7107438016528925,0.8647058823529412
463,9,52,8,8,0.7922077922077922,0.6980392156862745,0.8666666666666667,0.5294117647058824,0.8666666666666667,0.5294117647058824,0.8666666666666667,0.5294117647058824,0.6980392156862745,0.7960784313725491
464,19,40,13,5,0.7662337662337663,0.7731918238993711,0.7547169811320755,0.7916666666666666,0.8163265306122449,0.7916666666666666,0.7547169811320755,0.6785714285714286,0.7474489795918368,0.875
465,17,45,8,7,0.8051948051948052,0.7786949685534592,0.8490566037735849,0.7083333333333334,0.8571428571428571,0.7083333333333334,0.8490566037735849,0.6938775510204082,0.7755102040816326,0.8671383647798743
466,7,57,6,7,0.8311688311688312,0.7023809523809523,0.9047619047619048,0.5,0.8976377952755905,0.5,0.9047619047619048,0.5185185185185185,0.7080781568970544,0.7040816326530612
467,15,50,5,7,0.8441558441558441,0.7954545454545454,0.9090909090909091,0.6818181818181818,0.8928571428571429,0.6818181818181818,0.9090909090909091,0.7142857142857143,0.8035714285714286,0.9033057851239669
468,9,47,11,10,0.7272727272727273,0.6420145190562613,0.8103448275862069,0.47368421052631576,0.8173913043478261,0.47368421052631576,0.8103448275862069,0.46153846153846156,0.6394648829431439,0.7277676950998184
469,19,46,6,6,0.8441558441558441,0.8223076923076923,0.8846153846153846,0.76,0.8846153846153846,0.76,0.8846153846153846,0.76,0.8223076923076923,0.9438461538461539
470,22,38,10,7,0.7792207792207793,0.7751436781609196,0.7916666666666666,0.7586206896551724,0.8172043010752689,0.7586206896551724,0.7916666666666666,0.7213114754098361,0.7692578882425525,0.8498563218390804
471,15,42,11,9,0.7402597402597403,0.7087264150943396,0.7924528301886793,0.625,0.8076923076923077,0.625,0.7924528301886793,0.6,0.7038461538461538,0.8490566037735849
472,15,48,6,8,0.8181818181818182,0.7705314009661836,0.8888888888888888,0.6521739130434783,0.8727272727272727,0.6521739130434783,0.8888888888888888,0.6818181818181818,0.7772727272727272,0.8268921095008052
473,13,53,4,7,0.8571428571428571,0.7899122807017545,0.9298245614035088,0.65,0.905982905982906,0.65,0.9298245614035088,0.7027027027027027,0.8043428043428044,0.9421052631578947
474,17,49,6,5,0.8571428571428571,0.8318181818181818,0.8909090909090909,0.7727272727272727,0.8990825688073395,0.7727272727272727,0.8909090909090909,0.7555555555555555,0.8273190621814475,0.8909090909090909
475,9,49,10,9,0.7532467532467533,0.6652542372881356,0.8305084745762712,0.5,0.8376068376068376,0.5,0.8305084745762712,0.4864864864864865,0.6620466620466621,0.800376647834275
476,14,47,9,7,0.7922077922077922,0.7529761904761905,0.8392857142857143,0.6666666666666666,0.8545454545454545,0.6666666666666666,0.8392857142857143,0.6363636363636364,0.7454545454545454,0.9243197278911565
477,13,47,7,10,0.7792207792207793,0.7177938808373591,0.8703703703703703,0.5652173913043478,0.8468468468468469,0.5652173913043478,0.8703703703703703,0.6046511627906976,0.7257490048187722,0.7906602254428341
478,15,45,9,8,0.7792207792207793,0.7427536231884058,0.8333333333333334,0.6521739130434783,0.8411214953271028,0.6521739130434783,0.8333333333333334,0.6382978723404256,0.7397096838337642,0.8244766505636072
479,17,36,14,10,0.6883116883116883,0.6748148148148148,0.72,0.6296296296296297,0.75,0.6296296296296297,0.72,0.5862068965517241,0.6681034482758621,0.8192592592592592
480,18,46,5,8,0.8311688311688312,0.797134238310709,0.9019607843137255,0.6923076923076923,0.8761904761904762,0.6923076923076923,0.9019607843137255,0.7346938775510204,0.8054421768707483,0.8838612368024132
481,14,52,5,6,0.8571428571428571,0.8061403508771929,0.9122807017543859,0.7,0.9043478260869565,0.7,0.9122807017543859,0.717948717948718,0.8111482720178372,0.8675438596491228
482,12,43,16,6,0.7142857142857143,0.6977401129943502,0.7288135593220338,0.6666666666666666,0.7962962962962963,0.6666666666666666,0.7288135593220338,0.5217391304347826,0.6590177133655395,0.8342749529190208
483,18,47,7,5,0.8441558441558441,0.8264895330112721,0.8703703703703703,0.782608695652174,0.8867924528301887,0.782608695652174,0.8703703703703703,0.75,0.8183962264150944,0.894524959742351
484,8,49,9,11,0.7402597402597403,0.632940108892922,0.8448275862068966,0.42105263157894735,0.8305084745762712,0.42105263157894735,0.8448275862068966,0.4444444444444444,0.6374764595103578,0.7713248638838476
485,12,43,12,10,0.7142857142857143,0.6636363636363636,0.7818181818181819,0.5454545454545454,0.7962962962962963,0.5454545454545454,0.7818181818181819,0.5217391304347826,0.6590177133655395,0.8421487603305785
486,11,52,9,5,0.8181818181818182,0.7699795081967213,0.8524590163934426,0.6875,0.8813559322033898,0.6875,0.8524590163934426,0.6111111111111112,0.7462335216572504,0.9026639344262295
487,15,42,11,9,0.7402597402597403,0.7087264150943396,0.7924528301886793,0.625,0.8076923076923077,0.625,0.7924528301886793,0.6,0.7038461538461538,0.845125786163522
488,16,41,11,9,0.7402597402597403,0.7142307692307692,0.7884615384615384,0.64,0.803921568627451,0.64,0.7884615384615384,0.6153846153846154,0.7096530920060332,0.7838461538461539
489,14,47,7,9,0.7922077922077922,0.7395330112721417,0.8703703703703703,0.6086956521739131,0.8545454545454545,0.6086956521739131,0.8703703703703703,0.6363636363636364,0.7454545454545454,0.8244766505636071
490,15,49,6,7,0.8311688311688312,0.7863636363636364,0.8909090909090909,0.6818181818181818,0.8828828828828829,0.6818181818181818,0.8909090909090909,0.6976744186046512,0.790278650743767,0.8165289256198347
491,10,41,12,14,0.6623376623376623,0.5951257861635221,0.7735849056603774,0.4166666666666667,0.7592592592592593,0.4166666666666667,0.7735849056603774,0.43478260869565216,0.5970209339774557,0.6501572327044025
492,19,45,6,7,0.8311688311688312,0.8065610859728507,0.8823529411764706,0.7307692307692307,0.8737864077669902,0.7307692307692307,0.8823529411764706,0.7450980392156863,0.8094422234913383,0.8529411764705883
493,14,50,2,11,0.8311688311688312,0.7607692307692309,0.9615384615384616,0.56,0.8849557522123894,0.56,0.9615384615384616,0.6829268292682927,0.7839412907403411,0.8792307692307691
494,12,52,8,5,0.8311688311688312,0.7862745098039217,0.8666666666666667,0.7058823529411765,0.8888888888888888,0.7058823529411765,0.8666666666666667,0.6486486486486487,0.7687687687687688,0.823529411764706
495,13,45,13,6,0.7532467532467533,0.7300362976406534,0.7758620689655172,0.6842105263157895,0.8256880733944955,0.6842105263157895,0.7758620689655172,0.5777777777777777,0.7017329255861366,0.7903811252268603
496,13,47,10,7,0.7792207792207793,0.737280701754386,0.8245614035087719,0.65,0.8468468468468469,0.65,0.8245614035087719,0.6046511627906976,0.7257490048187722,0.8350877192982455
497,9,56,5,7,0.8441558441558441,0.740266393442623,0.9180327868852459,0.5625,0.9032258064516129,0.5625,0.9180327868852459,0.6,0.7516129032258064,0.9375000000000001
498,17,46,4,10,0.8181818181818182,0.7748148148148148,0.92,0.6296296296296297,0.8679245283018868,0.6296296296296297,0.92,0.7083333333333334,0.78812893081761,0.8592592592592593
499,11,51,8,7,0.8051948051948052,0.737758945386064,0.864406779661017,0.6111111111111112,0.8717948717948718,0.6111111111111112,0.864406779661017,0.5945945945945946,0.7331947331947333,0.8578154425612052
500,18,39,9,11,0.7402597402597403,0.7165948275862069,0.8125,0.6206896551724138,0.7959183673469388,0.6206896551724138,0.8125,0.6428571428571429,0.7193877551020409,0.8397988505747126
501,9,48,9,11,0.7402597402597403,0.6460526315789473,0.8421052631578947,0.45,0.8275862068965517,0.45,0.8421052631578947,0.47368421052631576,0.6506352087114338,0.7350877192982456
502,9,55,2,11,0.8311688311688312,0.7074561403508772,0.9649122807017544,0.45,0.8943089430894309,0.45,0.9649122807017544,0.5806451612903226,0.7374770521898768,0.8298245614035088
503,5,54,10,8,0.7662337662337663,0.6141826923076923,0.84375,0.38461538461538464,0.8571428571428571,0.38461538461538464,0.84375,0.35714285714285715,0.6071428571428571,0.7355769230769231
504,14,45,11,7,0.7662337662337663,0.7351190476190477,0.8035714285714286,0.6666666666666666,0.8333333333333334,0.6666666666666666,0.8035714285714286,0.6086956521739131,0.7210144927536233,0.8443877551020407
505,17,44,8,8,0.7922077922077922,0.7630769230769231,0.8461538461538461,0.68,0.8461538461538461,0.68,0.8461538461538461,0.68,0.7630769230769231,0.8707692307692309
506,12,45,7,13,0.7402597402597403,0.6726923076923077,0.8653846153846154,0.48,0.8181818181818182,0.48,0.8653846153846154,0.5454545454545454,0.6818181818181819,0.7984615384615386
507,21,44,9,3,0.8441558441558441,0.8525943396226415,0.8301886792452831,0.875,0.88,0.875,0.8301886792452831,0.7777777777777778,0.8288888888888889,0.9504716981132075
508,11,47,14,5,0.7532467532467533,0.7289959016393442,0.7704918032786885,0.6875,0.831858407079646,0.6875,0.7704918032786885,0.5365853658536586,0.6842218864666523,0.8145491803278688
509,19,50,3,5,0.8961038961038961,0.8675314465408805,0.9433962264150944,0.7916666666666666,0.9259259259259259,0.7916666666666666,0.9433962264150944,0.8260869565217391,0.8760064412238325,0.9064465408805031
510,17,48,8,4,0.8441558441558441,0.8333333333333333,0.8571428571428571,0.8095238095238095,0.8888888888888888,0.8095238095238095,0.8571428571428571,0.7391304347826086,0.8140096618357487,0.9353741496598639
511,15,51,3,8,0.8571428571428571,0.7983091787439613,0.9444444444444444,0.6521739130434783,0.9026548672566371,0.6521739130434783,0.9444444444444444,0.7317073170731707,0.8171810921649039,0.8703703703703703
512,13,47,8,9,0.7792207792207793,0.7227272727272727,0.8545454545454545,0.5909090909090909,0.8468468468468469,0.5909090909090909,0.8545454545454545,0.6046511627906976,0.7257490048187722,0.8338842975206612
513,11,41,11,14,0.6753246753246753,0.6142307692307692,0.7884615384615384,0.44,0.7663551401869159,0.44,0.7884615384615384,0.46808510638297873,0.6172201232849472,0.7792307692307693
514,17,39,11,10,0.7272727272727273,0.7048148148148148,0.78,0.6296296296296297,0.7878787878787878,0.6296296296296297,0.78,0.6181818181818182,0.703030303030303,0.8207407407407408
515,15,48,7,7,0.8181818181818182,0.7772727272727272,0.8727272727272727,0.6818181818181818,0.8727272727272727,0.6818181818181818,0.8727272727272727,0.6818181818181818,0.7772727272727272,0.871900826446281
516,15,48,7,7,0.8181818181818182,0.7772727272727272,0.8727272727272727,0.6818181818181818,0.8727272727272727,0.6818181818181818,0.8727272727272727,0.6818181818181818,0.7772727272727272,0.871900826446281
517,11,50,9,7,0.7922077922077922,0.7292843691148776,0.847457627118644,0.6111111111111112,0.8620689655172413,0.6111111111111112,0.847457627118644,0.5789473684210527,0.720508166969147,0.8465160075329567
518,14,49,8,6,0.8181818181818182,0.7798245614035088,0.8596491228070176,0.7,0.875,0.7,0.8596491228070176,0.6666666666666666,0.7708333333333333,0.8736842105263158
519,9,56,9,3,0.8441558441558441,0.8057692307692308,0.8615384615384616,0.75,0.9032258064516129,0.75,0.8615384615384616,0.6,0.7516129032258064,0.8602564102564102
520,13,49,11,4,0.8051948051948052,0.7906862745098039,0.8166666666666667,0.7647058823529411,0.8672566371681416,0.7647058823529411,0.8166666666666667,0.6341463414634146,0.7507014893157782,0.8794117647058823
521,19,41,6,11,0.7792207792207793,0.7528368794326241,0.8723404255319149,0.6333333333333333,0.8282828282828283,0.6333333333333333,0.8723404255319149,0.6909090909090909,0.7595959595959596,0.8382978723404255
522,9,48,12,8,0.7402597402597403,0.6647058823529413,0.8,0.5294117647058824,0.8275862068965517,0.5294117647058824,0.8,0.47368421052631576,0.6506352087114338,0.7264705882352941
523,5,52,10,10,0.7402597402597403,0.5860215053763441,0.8387096774193549,0.3333333333333333,0.8387096774193549,0.3333333333333333,0.8387096774193549,0.3333333333333333,0.5860215053763441,0.6752688172043011
524,17,41,11,8,0.7532467532467533,0.7342307692307692,0.7884615384615384,0.68,0.8118811881188119,0.68,0.7884615384615384,0.6415094339622641,0.7266953110405381,0.87
525,13,44,10,10,0.7402597402597403,0.6900161030595813,0.8148148148148148,0.5652173913043478,0.8148148148148148,0.5652173913043478,0.8148148148148148,0.5652173913043478,0.6900161030595813,0.8091787439613525
526,8,49,9,11,0.7402597402597403,0.632940108892922,0.8448275862068966,0.42105263157894735,0.8305084745762712,0.42105263157894735,0.8448275862068966,0.4444444444444444,0.6374764595103578,0.8112522686025408
527,17,49,6,5,0.8571428571428571,0.8318181818181818,0.8909090909090909,0.7727272727272727,0.8990825688073395,0.7727272727272727,0.8909090909090909,0.7555555555555555,0.8273190621814475,0.8661157024793388
528,16,43,9,9,0.7662337662337663,0.7334615384615384,0.8269230769230769,0.64,0.8269230769230769,0.64,0.8269230769230769,0.64,0.7334615384615384,0.8084615384615386
529,17,45,6,9,0.8051948051948052,0.7680995475113122,0.8823529411764706,0.6538461538461539,0.8571428571428571,0.6538461538461539,0.8823529411764706,0.6938775510204082,0.7755102040816326,0.8227752639517346
530,17,47,6,7,0.8311688311688312,0.7975628930817611,0.8867924528301887,0.7083333333333334,0.8785046728971962,0.7083333333333334,0.8867924528301887,0.723404255319149,0.8009544641081726,0.8663522012578616
531,8,51,10,8,0.7662337662337663,0.6680327868852459,0.8360655737704918,0.5,0.85,0.5,0.8360655737704918,0.47058823529411764,0.6602941176470588,0.8032786885245902
532,12,54,6,5,0.8571428571428571,0.8029411764705883,0.9,0.7058823529411765,0.907563025210084,0.7058823529411765,0.9,0.6857142857142857,0.7966386554621849,0.9549019607843137
533,13,50,7,7,0.8181818181818182,0.7635964912280702,0.8771929824561403,0.65,0.8771929824561403,0.65,0.8771929824561403,0.65,0.7635964912280702,0.8105263157894738
534,16,51,7,3,0.8701298701298701,0.8607078039927405,0.8793103448275862,0.8421052631578947,0.9107142857142857,0.8421052631578947,0.8793103448275862,0.7619047619047619,0.8363095238095237,0.9355716878402904
535,13,46,7,11,0.7662337662337663,0.7047955974842768,0.8679245283018868,0.5416666666666666,0.8363636363636363,0.5416666666666666,0.8679245283018868,0.5909090909090909,0.7136363636363636,0.7869496855345912
536,12,46,11,8,0.7532467532467533,0.7035087719298245,0.8070175438596491,0.6,0.8288288288288288,0.6,0.8070175438596491,0.5581395348837209,0.6934841818562749,0.7956140350877193
537,12,57,7,1,0.8961038961038961,0.9068509615384616,0.890625,0.9230769230769231,0.9344262295081968,0.9230769230769231,0.890625,0.75,0.8422131147540983,0.9723557692307693
538,7,50,15,5,0.7402597402597403,0.6762820512820513,0.7692307692307693,0.5833333333333334,0.8333333333333334,0.5833333333333334,0.7692307692307693,0.4117647058823529,0.6225490196078431,0.85
539,16,51,5,5,0.8701298701298701,0.8363095238095237,0.9107142857142857,0.7619047619047619,0.9107142857142857,0.7619047619047619,0.9107142857142857,0.7619047619047619,0.8363095238095237,0.9047619047619048
540,6,52,13,6,0.7532467532467533,0.65,0.8,0.5,0.8455284552845529,0.5,0.8,0.3870967741935484,0.6163126147390506,0.7794871794871794
541,12,49,10,6,0.7922077922077922,0.7485875706214689,0.8305084745762712,0.6666666666666666,0.8596491228070176,0.6666666666666666,0.8305084745762712,0.6,0.7298245614035088,0.8549905838041431
542,13,50,8,6,0.8181818181818182,0.7731397459165155,0.8620689655172413,0.6842105263157895,0.8771929824561403,0.6842105263157895,0.8620689655172413,0.65,0.7635964912280702,0.8756805807622504
543,13,47,8,9,0.7792207792207793,0.7227272727272727,0.8545454545454545,0.5909090909090909,0.8468468468468469,0.5909090909090909,0.8545454545454545,0.6046511627906976,0.7257490048187722,0.8776859504132231
544,13,46,9,9,0.7662337662337663,0.7136363636363636,0.8363636363636363,0.5909090909090909,0.8363636363636363,0.5909090909090909,0.8363636363636363,0.5909090909090909,0.7136363636363636,0.8561983471074379
545,7,54,7,9,0.7922077922077922,0.6613729508196722,0.8852459016393442,0.4375,0.8709677419354839,0.4375,0.8852459016393442,0.4666666666666667,0.6688172043010753,0.7827868852459017
546,11,47,13,6,0.7532467532467533,0.7151960784313726,0.7833333333333333,0.6470588235294118,0.831858407079646,0.6470588235294118,0.7833333333333333,0.5365853658536586,0.6842218864666523,0.8852941176470588
547,15,39,14,9,0.7012987012987013,0.6804245283018868,0.7358490566037735,0.625,0.7722772277227723,0.625,0.7358490566037735,0.5660377358490566,0.6691574817859145,0.7437106918238994
548,14,48,10,5,0.8051948051948052,0.7822141560798548,0.8275862068965517,0.7368421052631579,0.8648648648648649,0.7368421052631579,0.8275862068965517,0.6511627906976745,0.7580138277812697,0.8938294010889292
549,16,42,10,9,0.7532467532467533,0.7238461538461538,0.8076923076923077,0.64,0.8155339805825242,0.64,0.8076923076923077,0.6274509803921569,0.7214924804873406,0.82
550,11,52,6,8,0.8181818181818182,0.7377495462794919,0.896551724137931,0.5789473684210527,0.8813559322033898,0.5789473684210527,0.896551724137931,0.6111111111111112,0.7462335216572504,0.8430127041742287
551,16,41,7,13,0.7402597402597403,0.7029454022988506,0.8541666666666666,0.5517241379310345,0.803921568627451,0.5517241379310345,0.8541666666666666,0.6153846153846154,0.7096530920060332,0.8649425287356322
552,10,43,16,8,0.6883116883116883,0.6421845574387948,0.7288135593220338,0.5555555555555556,0.7818181818181819,0.5555555555555556,0.7288135593220338,0.45454545454545453,0.6181818181818182,0.7975517890772128
553,16,46,10,5,0.8051948051948052,0.7916666666666666,0.8214285714285714,0.7619047619047619,0.8598130841121495,0.7619047619047619,0.8214285714285714,0.6808510638297872,0.7703320739709684,0.8860544217687075
554,9,51,9,8,0.7792207792207793,0.6897058823529412,0.85,0.5294117647058824,0.8571428571428571,0.5294117647058824,0.85,0.5142857142857142,0.6857142857142857,0.8039215686274509
555,15,47,7,8,0.8051948051948052,0.7612721417069244,0.8703703703703703,0.6521739130434783,0.8623853211009175,0.6521739130434783,0.8703703703703703,0.6666666666666666,0.764525993883792,0.8494363929146538
556,16,47,7,7,0.8181818181818182,0.7830112721417068,0.8703703703703703,0.6956521739130435,0.8703703703703703,0.6956521739130435,0.8703703703703703,0.6956521739130435,0.7830112721417068,0.9017713365539453
557,13,45,13,6,0.7532467532467533,0.7300362976406534,0.7758620689655172,0.6842105263157895,0.8256880733944955,0.6842105263157895,0.7758620689655172,0.5777777777777777,0.7017329255861366,0.8275862068965517
558,13,43,11,10,0.7272727272727273,0.680756843800322,0.7962962962962963,0.5652173913043478,0.8037383177570093,0.5652173913043478,0.7962962962962963,0.5531914893617021,0.6784649035593557,0.7705314009661836
559,12,45,10,10,0.7402597402597403,0.6818181818181819,0.8181818181818182,0.5454545454545454,0.8181818181818182,0.5454545454545454,0.8181818181818182,0.5454545454545454,0.6818181818181819,0.8132231404958677
560,20,40,9,8,0.7792207792207793,0.7653061224489797,0.8163265306122449,0.7142857142857143,0.8247422680412371,0.7142857142857143,0.8163265306122449,0.7017543859649122,0.7632483270030747,0.8724489795918368
561,9,49,10,9,0.7532467532467533,0.6652542372881356,0.8305084745762712,0.5,0.8376068376068376,0.5,0.8305084745762712,0.4864864864864865,0.6620466620466621,0.7815442561205274
562,14,48,10,5,0.8051948051948052,0.7822141560798548,0.8275862068965517,0.7368421052631579,0.8648648648648649,0.7368421052631579,0.8275862068965517,0.6511627906976745,0.7580138277812697,0.8085299455535391
563,18,45,12,2,0.8181818181818182,0.8447368421052632,0.7894736842105263,0.9,0.8653846153846154,0.9,0.7894736842105263,0.72,0.7926923076923077,0.9192982456140351
564,9,53,8,7,0.8051948051948052,0.7156762295081966,0.8688524590163934,0.5625,0.8760330578512396,0.5625,0.8688524590163934,0.5454545454545454,0.7107438016528925,0.8657786885245902
565,12,50,8,7,0.8051948051948052,0.7468239564428312,0.8620689655172413,0.631578947368421,0.8695652173913043,0.631578947368421,0.8620689655172413,0.6153846153846154,0.7424749163879598,0.8856624319419238
566,14,45,10,8,0.7662337662337663,0.7272727272727273,0.8181818181818182,0.6363636363636364,0.8333333333333334,0.6363636363636364,0.8181818181818182,0.6086956521739131,0.7210144927536233,0.8727272727272728
567,12,53,6,6,0.8441558441558441,0.7824858757062148,0.8983050847457628,0.6666666666666666,0.8983050847457628,0.6666666666666666,0.8983050847457628,0.6666666666666666,0.7824858757062148,0.8418079096045198
568,9,52,11,5,0.7922077922077922,0.7341269841269842,0.8253968253968254,0.6428571428571429,0.8666666666666667,0.6428571428571429,0.8253968253968254,0.5294117647058824,0.6980392156862745,0.7959183673469388
569,14,50,5,8,0.8311688311688312,0.7727272727272727,0.9090909090909091,0.6363636363636364,0.8849557522123894,0.6363636363636364,0.9090909090909091,0.6829268292682927,0.7839412907403411,0.8809917355371899
570,10,57,3,7,0.8701298701298701,0.7691176470588235,0.95,0.5882352941176471,0.9193548387096774,0.5882352941176471,0.95,0.6666666666666666,0.793010752688172,0.8490196078431373
571,12,46,6,13,0.7532467532467533,0.6823076923076923,0.8846153846153846,0.48,0.8288288288288288,0.48,0.8846153846153846,0.5581395348837209,0.6934841818562749,0.7900000000000001
572,13,44,7,13,0.7402597402597403,0.6813725490196079,0.8627450980392157,0.5,0.8148148148148148,0.5,0.8627450980392157,0.5652173913043478,0.6900161030595813,0.7956259426847662
573,9,51,9,8,0.7792207792207793,0.6897058823529412,0.85,0.5294117647058824,0.8571428571428571,0.5294117647058824,0.85,0.5142857142857142,0.6857142857142857,0.8137254901960784
574,15,51,7,4,0.8571428571428571,0.8343920145190562,0.8793103448275862,0.7894736842105263,0.9026548672566371,0.7894736842105263,0.8793103448275862,0.7317073170731707,0.8171810921649039,0.9029038112522686
575,12,47,7,11,0.7662337662337663,0.6960547504025765,0.8703703703703703,0.5217391304347826,0.8392857142857143,0.5217391304347826,0.8703703703703703,0.5714285714285714,0.7053571428571428,0.7906602254428341
576,7,44,12,14,0.6623376623376623,0.5595238095238095,0.7857142857142857,0.3333333333333333,0.7719298245614035,0.3333333333333333,0.7857142857142857,0.35,0.5609649122807017,0.6420068027210885
577,11,48,9,9,0.7662337662337663,0.6960526315789474,0.8421052631578947,0.55,0.8421052631578947,0.55,0.8421052631578947,0.55,0.6960526315789474,0.8096491228070175
578,20,35,9,13,0.7142857142857143,0.7007575757575757,0.7954545454545454,0.6060606060606061,0.7608695652173914,0.6060606060606061,0.7954545454545454,0.6451612903225806,0.703015427769986,0.7789256198347108
579,10,48,12,7,0.7532467532467533,0.6941176470588235,0.8,0.5882352941176471,0.8347826086956521,0.5882352941176471,0.8,0.5128205128205128,0.6738015607580825,0.8107843137254902
580,15,39,11,12,0.7012987012987013,0.6677777777777778,0.78,0.5555555555555556,0.7722772277227723,0.5555555555555556,0.78,0.5660377358490566,0.6691574817859145,0.7762962962962963
581,15,49,6,7,0.8311688311688312,0.7863636363636364,0.8909090909090909,0.6818181818181818,0.8828828828828829,0.6818181818181818,0.8909090909090909,0.6976744186046512,0.790278650743767,0.8413223140495867
582,11,54,7,5,0.8441558441558441,0.7863729508196722,0.8852459016393442,0.6875,0.9,0.6875,0.8852459016393442,0.6470588235294118,0.7735294117647059,0.8995901639344261
583,10,54,8,5,0.8311688311688312,0.7688172043010753,0.8709677419354839,0.6666666666666666,0.8925619834710744,0.6666666666666666,0.8709677419354839,0.6060606060606061,0.7493112947658402,0.7795698924731184
584,9,48,7,13,0.7402597402597403,0.6409090909090909,0.8727272727272727,0.4090909090909091,0.8275862068965517,0.4090909090909091,0.8727272727272727,0.47368421052631576,0.6506352087114338,0.7578512396694215
585,21,43,8,5,0.8311688311688312,0.8254147812971342,0.8431372549019608,0.8076923076923077,0.8686868686868687,0.8076923076923077,0.8431372549019608,0.7636363636363637,0.8161616161616162,0.8951734539969834
586,12,52,4,9,0.8311688311688312,0.75,0.9285714285714286,0.5714285714285714,0.8888888888888888,0.5714285714285714,0.9285714285714286,0.6486486486486487,0.7687687687687688,0.8001700680272108
587,9,54,8,6,0.8181818181818182,0.7354838709677419,0.8709677419354839,0.6,0.8852459016393442,0.6,0.8709677419354839,0.5625,0.7238729508196722,0.7870967741935484
588,18,45,7,7,0.8181818181818182,0.7926923076923077,0.8653846153846154,0.72,0.8653846153846154,0.72,0.8653846153846154,0.72,0.7926923076923077,0.8984615384615384
589,16,48,7,6,0.8311688311688312,0.8,0.8727272727272727,0.7272727272727273,0.8807339449541285,0.7272727272727273,0.8727272727272727,0.7111111111111111,0.7959225280326199,0.8760330578512396
590,12,47,11,7,0.7662337662337663,0.7209618874773139,0.8103448275862069,0.631578947368421,0.8392857142857143,0.631578947368421,0.8103448275862069,0.5714285714285714,0.7053571428571428,0.7667876588021778
591,6,53,7,11,0.7662337662337663,0.6181372549019608,0.8833333333333333,0.35294117647058826,0.8548387096774194,0.35294117647058826,0.8833333333333333,0.4,0.6274193548387097,0.696078431372549
592,13,51,7,6,0.8311688311688312,0.7817604355716878,0.8793103448275862,0.6842105263157895,0.8869565217391304,0.6842105263157895,0.8793103448275862,0.6666666666666666,0.7768115942028986,0.9092558983666063
593,14,49,7,7,0.8181818181818182,0.7708333333333333,0.875,0.6666666666666666,0.875,0.6666666666666666,0.875,0.6666666666666666,0.7708333333333333,0.8392857142857142
594,15,47,8,7,0.8051948051948052,0.7681818181818181,0.8545454545454545,0.6818181818181818,0.8623853211009175,0.6818181818181818,0.8545454545454545,0.6666666666666666,0.764525993883792,0.8214876033057852
595,19,46,8,4,0.8441558441558441,0.8389694041867954,0.8518518518518519,0.8260869565217391,0.8846153846153846,0.8260869565217391,0.8518518518518519,0.76,0.8223076923076923,0.8768115942028984
596,7,53,12,5,0.7792207792207793,0.6993589743589743,0.8153846153846154,0.5833333333333334,0.8617886178861789,0.5833333333333334,0.8153846153846154,0.45161290322580644,0.6567007605559927,0.7961538461538462
597,10,45,9,13,0.7142857142857143,0.6340579710144928,0.8333333333333334,0.43478260869565216,0.8035714285714286,0.43478260869565216,0.8333333333333334,0.47619047619047616,0.6398809523809523,0.7423510466988728
598,6,55,11,5,0.7922077922077922,0.6893939393939394,0.8333333333333334,0.5454545454545454,0.873015873015873,0.5454545454545454,0.8333333333333334,0.42857142857142855,0.6507936507936508,0.6914600550964187
599,14,49,6,8,0.8181818181818182,0.7636363636363637,0.8909090909090909,0.6363636363636364,0.875,0.6363636363636364,0.8909090909090909,0.6666666666666666,0.7708333333333333,0.8206611570247933
600,18,45,6,8,0.8181818181818182,0.7873303167420814,0.8823529411764706,0.6923076923076923,0.8653846153846154,0.6923076923076923,0.8823529411764706,0.72,0.7926923076923077,0.8514328808446455
601,10,50,13,4,0.7792207792207793,0.753968253968254,0.7936507936507936,0.7142857142857143,0.8547008547008547,0.7142857142857143,0.7936507936507936,0.5405405405405406,0.6976206976206976,0.8117913832199546
602,13,50,9,5,0.8181818181818182,0.7848399246704332,0.847457627118644,0.7222222222222222,0.8771929824561403,0.7222222222222222,0.847457627118644,0.65,0.7635964912280702,0.835216572504708
603,15,43,15,4,0.7532467532467533,0.765426497277677,0.7413793103448276,0.7894736842105263,0.819047619047619,0.7894736842105263,0.7413793103448276,0.6122448979591837,0.7156462585034014,0.8756805807622504
604,16,48,11,2,0.8311688311688312,0.8512241054613936,0.8135593220338984,0.8888888888888888,0.8807339449541285,0.8888888888888888,0.8135593220338984,0.7111111111111111,0.7959225280326199,0.9246704331450094
605,15,42,5,15,0.7402597402597403,0.6968085106382979,0.8936170212765957,0.5,0.8076923076923077,0.5,0.8936170212765957,0.6,0.7038461538461538,0.7865248226950354
606,11,49,10,7,0.7792207792207793,0.7208097928436912,0.8305084745762712,0.6111111111111112,0.8521739130434782,0.6111111111111112,0.8305084745762712,0.5641025641025641,0.7081382385730212,0.884180790960452
607,11,49,9,8,0.7792207792207793,0.7118874773139746,0.8448275862068966,0.5789473684210527,0.8521739130434782,0.5789473684210527,0.8448275862068966,0.5641025641025641,0.7081382385730212,0.7250453720508166
608,17,47,8,5,0.8311688311688312,0.8136363636363636,0.8545454545454545,0.7727272727272727,0.8785046728971962,0.7727272727272727,0.8545454545454545,0.723404255319149,0.8009544641081726,0.9314049586776859
609,5,55,8,9,0.7792207792207793,0.6150793650793651,0.873015873015873,0.35714285714285715,0.8661417322834646,0.35714285714285715,0.873015873015873,0.37037037037037035,0.6182560513269175,0.8151927437641723
610,9,52,7,9,0.7922077922077922,0.6906779661016949,0.8813559322033898,0.5,0.8666666666666667,0.5,0.8813559322033898,0.5294117647058824,0.6980392156862745,0.8540489642184558
611,7,53,6,11,0.7792207792207793,0.6435969868173258,0.8983050847457628,0.3888888888888889,0.8617886178861789,0.3888888888888889,0.8983050847457628,0.45161290322580644,0.6567007605559927,0.7156308851224105
612,13,48,7,9,0.7922077922077922,0.7318181818181818,0.8727272727272727,0.5909090909090909,0.8571428571428571,0.5909090909090909,0.8727272727272727,0.6190476190476191,0.7380952380952381,0.8181818181818181
613,14,47,12,4,0.7922077922077922,0.7871939736346516,0.7966101694915254,0.7777777777777778,0.8545454545454545,0.7777777777777778,0.7966101694915254,0.6363636363636364,0.7454545454545454,0.8549905838041431
614,11,52,2,12,0.8181818181818182,0.7206119162640902,0.9629629629629629,0.4782608695652174,0.8813559322033898,0.4782608695652174,0.9629629629629629,0.6111111111111112,0.7462335216572504,0.8945249597423511
615,14,46,9,8,0.7792207792207793,0.7363636363636363,0.8363636363636363,0.6363636363636364,0.8440366972477065,0.6363636363636364,0.8363636363636363,0.6222222222222222,0.7331294597349644,0.8280991735537189
616,11,47,10,9,0.7532467532467533,0.687280701754386,0.8245614035087719,0.55,0.831858407079646,0.55,0.8245614035087719,0.5365853658536586,0.6842218864666523,0.7736842105263159
617,11,48,11,7,0.7662337662337663,0.7123352165725048,0.8135593220338984,0.6111111111111112,0.8421052631578947,0.6111111111111112,0.8135593220338984,0.55,0.6960526315789474,0.82015065913371
618,11,48,10,8,0.7662337662337663,0.7032667876588021,0.8275862068965517,0.5789473684210527,0.8421052631578947,0.5789473684210527,0.8275862068965517,0.55,0.6960526315789474,0.8384754990925589
619,16,50,8,3,0.8571428571428571,0.852087114337568,0.8620689655172413,0.8421052631578947,0.9009009009009009,0.8421052631578947,0.8620689655172413,0.7441860465116279,0.8225434737062645,0.8974591651542649
620,13,46,11,7,0.7662337662337663,0.7285087719298246,0.8070175438596491,0.65,0.8363636363636363,0.65,0.8070175438596491,0.5909090909090909,0.7136363636363636,0.8850877192982456
621,8,54,8,7,0.8051948051948052,0.7021505376344086,0.8709677419354839,0.5333333333333333,0.8780487804878049,0.5333333333333333,0.8709677419354839,0.5161290322580645,0.6970889063729346,0.7387096774193549
622,20,41,5,11,0.7922077922077922,0.7682328190743337,0.8913043478260869,0.6451612903225806,0.8367346938775511,0.6451612903225806,0.8913043478260869,0.7142857142857143,0.7755102040816326,0.8632538569424966
623,14,49,7,7,0.8181818181818182,0.7708333333333333,0.875,0.6666666666666666,0.875,0.6666666666666666,0.875,0.6666666666666666,0.7708333333333333,0.8120748299319728
624,19,45,11,2,0.8311688311688312,0.8541666666666667,0.8035714285714286,0.9047619047619048,0.8737864077669902,0.9047619047619048,0.8035714285714286,0.7450980392156863,0.8094422234913383,0.9132653061224488
625,6,53,11,7,0.7662337662337663,0.6448317307692308,0.828125,0.46153846153846156,0.8548387096774194,0.46153846153846156,0.828125,0.4,0.6274193548387097,0.7884615384615385
626,15,47,8,7,0.8051948051948052,0.7681818181818181,0.8545454545454545,0.6818181818181818,0.8623853211009175,0.6818181818181818,0.8545454545454545,0.6666666666666666,0.764525993883792,0.8479338842975207
627,6,53,9,9,0.7662337662337663,0.6274193548387097,0.8548387096774194,0.4,0.8548387096774194,0.4,0.8548387096774194,0.4,0.6274193548387097,0.8333333333333334
628,13,54,7,3,0.8701298701298701,0.8488729508196722,0.8852459016393442,0.8125,0.9152542372881356,0.8125,0.8852459016393442,0.7222222222222222,0.8187382297551788,0.8944672131147542
629,9,51,9,8,0.7792207792207793,0.6897058823529412,0.85,0.5294117647058824,0.8571428571428571,0.5294117647058824,0.85,0.5142857142857142,0.6857142857142857,0.8549019607843137
630,20,39,9,9,0.7662337662337663,0.7510775862068966,0.8125,0.6896551724137931,0.8125,0.6896551724137931,0.8125,0.6896551724137931,0.7510775862068966,0.8340517241379309
631,12,48,8,9,0.7792207792207793,0.7142857142857142,0.8571428571428571,0.5714285714285714,0.8495575221238938,0.5714285714285714,0.8571428571428571,0.5853658536585366,0.7174616878912152,0.7942176870748299
632,14,48,6,9,0.8051948051948052,0.748792270531401,0.8888888888888888,0.6086956521739131,0.8648648648648649,0.6086956521739131,0.8888888888888888,0.6511627906976745,0.7580138277812697,0.8494363929146538
633,8,57,4,8,0.8441558441558441,0.7172131147540983,0.9344262295081968,0.5,0.9047619047619048,0.5,0.9344262295081968,0.5714285714285714,0.7380952380952381,0.7418032786885246
634,10,44,14,9,0.7012987012987013,0.6424682395644283,0.7586206896551724,0.5263157894736842,0.7927927927927928,0.5263157894736842,0.7586206896551724,0.46511627906976744,0.6289545359312801,0.7313974591651542
635,5,53,11,8,0.7532467532467533,0.6063701923076923,0.828125,0.38461538461538464,0.848,0.38461538461538464,0.828125,0.3448275862068966,0.5964137931034483,0.7848557692307693
636,15,46,9,7,0.7922077922077922,0.759090909090909,0.8363636363636363,0.6818181818181818,0.8518518518518519,0.6818181818181818,0.8363636363636363,0.6521739130434783,0.7520128824476651,0.8330578512396695
637,12,45,12,8,0.7402597402597403,0.6947368421052631,0.7894736842105263,0.6,0.8181818181818182,0.6,0.7894736842105263,0.5454545454545454,0.6818181818181819,0.8412280701754385
638,13,51,10,3,0.8311688311688312,0.8242827868852459,0.8360655737704918,0.8125,0.8869565217391304,0.8125,0.8360655737704918,0.6666666666666666,0.7768115942028986,0.834016393442623
639,14,48,5,10,0.8051948051948052,0.7444968553459119,0.9056603773584906,0.5833333333333334,0.8648648648648649,0.5833333333333334,0.9056603773584906,0.6511627906976745,0.7580138277812697,0.8891509433962265
640,13,49,6,9,0.8051948051948052,0.740909090909091,0.8909090909090909,0.5909090909090909,0.8672566371681416,0.5909090909090909,0.8909090909090909,0.6341463414634146,0.7507014893157782,0.8760330578512396
641,8,52,5,12,0.7792207792207793,0.656140350877193,0.9122807017543859,0.4,0.859504132231405,0.4,0.9122807017543859,0.48484848484848486,0.6721763085399449,0.7543859649122807
642,14,55,2,6,0.8961038961038961,0.8324561403508772,0.9649122807017544,0.7,0.9322033898305084,0.7,0.9649122807017544,0.7777777777777778,0.8549905838041432,0.9359649122807018
643,16,42,8,11,0.7532467532467533,0.7162962962962962,0.84,0.5925925925925926,0.8155339805825242,0.5925925925925926,0.84,0.6274509803921569,0.7214924804873406,0.7422222222222222
644,12,49,8,8,0.7922077922077922,0.7298245614035088,0.8596491228070176,0.6,0.8596491228070176,0.6,0.8596491228070176,0.6,0.7298245614035088,0.8429824561403509
645,14,45,4,14,0.7662337662337663,0.7091836734693877,0.9183673469387755,0.5,0.8333333333333334,0.5,0.9183673469387755,0.6086956521739131,0.7210144927536233,0.8432944606413996
646,13,48,4,12,0.7922077922077922,0.7215384615384616,0.9230769230769231,0.52,0.8571428571428571,0.52,0.9230769230769231,0.6190476190476191,0.7380952380952381,0.87
647,12,50,7,8,0.8051948051948052,0.7385964912280701,0.8771929824561403,0.6,0.8695652173913043,0.6,0.8771929824561403,0.6153846153846154,0.7424749163879598,0.8315789473684211
648,15,43,12,7,0.7532467532467533,0.7318181818181818,0.7818181818181819,0.6818181818181818,0.819047619047619,0.6818181818181818,0.7818181818181819,0.6122448979591837,0.7156462585034014,0.8314049586776859
649,15,49,6,7,0.8311688311688312,0.7863636363636364,0.8909090909090909,0.6818181818181818,0.8828828828828829,0.6818181818181818,0.8909090909090909,0.6976744186046512,0.790278650743767,0.8528925619834711
650,9,55,4,9,0.8311688311688312,0.7161016949152542,0.9322033898305084,0.5,0.8943089430894309,0.5,0.9322033898305084,0.5806451612903226,0.7374770521898768,0.8606403013182673
651,20,40,9,8,0.7792207792207793,0.7653061224489797,0.8163265306122449,0.7142857142857143,0.8247422680412371,0.7142857142857143,0.8163265306122449,0.7017543859649122,0.7632483270030747,0.8236151603498542
652,14,46,9,8,0.7792207792207793,0.7363636363636363,0.8363636363636363,0.6363636363636364,0.8440366972477065,0.6363636363636364,0.8363636363636363,0.6222222222222222,0.7331294597349644,0.8636363636363636
653,7,49,10,11,0.7272727272727273,0.60969868173258,0.8305084745762712,0.3888888888888889,0.8235294117647058,0.3888888888888889,0.8305084745762712,0.4,0.611764705882353,0.743879472693032
654,11,49,12,5,0.7792207792207793,0.7453893442622951,0.8032786885245902,0.6875,0.8521739130434782,0.6875,0.8032786885245902,0.5641025641025641,0.7081382385730212,0.860655737704918
655,12,49,6,10,0.7922077922077922,0.7181818181818181,0.8909090909090909,0.5454545454545454,0.8596491228070176,0.5454545454545454,0.8909090909090909,0.6,0.7298245614035088,0.8719008264462811
656,9,53,7,8,0.8051948051948052,0.7063725490196078,0.8833333333333333,0.5294117647058824,0.8760330578512396,0.5294117647058824,0.8833333333333333,0.5454545454545454,0.7107438016528925,0.7049019607843138
657,12,48,9,8,0.7792207792207793,0.7210526315789474,0.8421052631578947,0.6,0.8495575221238938,0.6,0.8421052631578947,0.5853658536585366,0.7174616878912152,0.7929824561403509
658,16,47,5,9,0.8181818181818182,0.7719230769230769,0.9038461538461539,0.64,0.8703703703703703,0.64,0.9038461538461539,0.6956521739130435,0.7830112721417068,0.8769230769230769
659,14,50,7,6,0.8311688311688312,0.7885964912280701,0.8771929824561403,0.7,0.8849557522123894,0.7,0.8771929824561403,0.6829268292682927,0.7839412907403411,0.8640350877192983
660,14,49,7,7,0.8181818181818182,0.7708333333333333,0.875,0.6666666666666666,0.875,0.6666666666666666,0.875,0.6666666666666666,0.7708333333333333,0.8698979591836734
661,11,54,6,6,0.8441558441558441,0.7735294117647059,0.9,0.6470588235294118,0.9,0.6470588235294118,0.9,0.6470588235294118,0.7735294117647059,0.8852941176470589
662,10,51,6,10,0.7922077922077922,0.6973684210526316,0.8947368421052632,0.5,0.864406779661017,0.5,0.8947368421052632,0.5555555555555556,0.7099811676082863,0.781578947368421
663,8,46,13,10,0.7012987012987013,0.6120527306967984,0.7796610169491526,0.4444444444444444,0.8,0.4444444444444444,0.7796610169491526,0.41025641025641024,0.6051282051282052,0.7269303201506592
664,11,50,9,7,0.7922077922077922,0.7292843691148776,0.847457627118644,0.6111111111111112,0.8620689655172413,0.6111111111111112,0.847457627118644,0.5789473684210527,0.720508166969147,0.884180790960452
665,11,51,7,8,0.8051948051948052,0.7291288566243195,0.8793103448275862,0.5789473684210527,0.8717948717948718,0.5789473684210527,0.8793103448275862,0.5945945945945946,0.7331947331947333,0.7776769509981851
666,15,47,6,9,0.8051948051948052,0.7558962264150944,0.8867924528301887,0.625,0.8623853211009175,0.625,0.8867924528301887,0.6666666666666666,0.764525993883792,0.886006289308176
667,11,49,5,12,0.7792207792207793,0.6928341384863124,0.9074074074074074,0.4782608695652174,0.8521739130434782,0.4782608695652174,0.9074074074074074,0.5641025641025641,0.7081382385730212,0.8582930756843801
668,8,56,9,4,0.8311688311688312,0.764102564102564,0.8615384615384616,0.6666666666666666,0.896,0.6666666666666666,0.8615384615384616,0.5517241379310345,0.7238620689655173,0.8794871794871794
669,15,48,7,7,0.8181818181818182,0.7772727272727272,0.8727272727272727,0.6818181818181818,0.8727272727272727,0.6818181818181818,0.8727272727272727,0.6818181818181818,0.7772727272727272,0.8760330578512396
670,16,44,7,10,0.7792207792207793,0.7390648567119156,0.8627450980392157,0.6153846153846154,0.8380952380952381,0.6153846153846154,0.8627450980392157,0.6530612244897959,0.745578231292517,0.8936651583710408
671,12,44,9,12,0.7272727272727273,0.6650943396226415,0.8301886792452831,0.5,0.8073394495412844,0.5,0.8301886792452831,0.5333333333333333,0.6703363914373088,0.7948113207547169
672,14,53,4,6,0.8701298701298701,0.8149122807017544,0.9298245614035088,0.7,0.9137931034482759,0.7,0.9298245614035088,0.7368421052631579,0.8253176043557169,0.8771929824561403
673,12,53,5,7,0.8441558441558441,0.7726860254083485,0.9137931034482759,0.631578947368421,0.8983050847457628,0.631578947368421,0.9137931034482759,0.6666666666666666,0.7824858757062148,0.8584392014519056
674,17,41,7,12,0.7532467532467533,0.7201867816091954,0.8541666666666666,0.5862068965517241,0.8118811881188119,0.5862068965517241,0.8541666666666666,0.6415094339622641,0.7266953110405381,0.8089080459770114
675,8,50,5,14,0.7532467532467533,0.6363636363636364,0.9090909090909091,0.36363636363636365,0.8403361344537815,0.36363636363636365,0.9090909090909091,0.45714285714285713,0.6487394957983194,0.7462809917355371
676,12,48,7,10,0.7792207792207793,0.709090909090909,0.8727272727272727,0.5454545454545454,0.8495575221238938,0.5454545454545454,0.8727272727272727,0.5853658536585366,0.7174616878912152,0.812396694214876
677,10,50,8,9,0.7792207792207793,0.6941923774954628,0.8620689655172413,0.5263157894736842,0.8547008547008547,0.5263157894736842,0.8620689655172413,0.5405405405405406,0.6976206976206976,0.8493647912885661
678,18,45,6,8,0.8181818181818182,0.7873303167420814,0.8823529411764706,0.6923076923076923,0.8653846153846154,0.6923076923076923,0.8823529411764706,0.72,0.7926923076923077,0.8921568627450981
679,13,44,10,10,0.7402597402597403,0.6900161030595813,0.8148148148148148,0.5652173913043478,0.8148148148148148,0.5652173913043478,0.8148148148148148,0.5652173913043478,0.6900161030595813,0.8389694041867956
680,13,47,9,8,0.7792207792207793,0.7291666666666667,0.8392857142857143,0.6190476190476191,0.8468468468468469,0.6190476190476191,0.8392857142857143,0.6046511627906976,0.7257490048187722,0.8112244897959183
681,12,49,9,7,0.7922077922077922,0.7382032667876588,0.8448275862068966,0.631578947368421,0.8596491228070176,0.631578947368421,0.8448275862068966,0.6,0.7298245614035088,0.8493647912885663
682,6,53,10,8,0.7662337662337663,0.6349206349206349,0.8412698412698413,0.42857142857142855,0.8548387096774194,0.42857142857142855,0.8412698412698413,0.4,0.6274193548387097,0.7857142857142857
683,16,42,10,9,0.7532467532467533,0.7238461538461538,0.8076923076923077,0.64,0.8155339805825242,0.64,0.8076923076923077,0.6274509803921569,0.7214924804873406,0.7738461538461539
684,16,47,7,7,0.8181818181818182,0.7830112721417068,0.8703703703703703,0.6956521739130435,0.8703703703703703,0.6956521739130435,0.8703703703703703,0.6956521739130435,0.7830112721417068,0.890499194847021
685,8,52,6,11,0.7792207792207793,0.6588021778584392,0.896551724137931,0.42105263157894735,0.859504132231405,0.42105263157894735,0.896551724137931,0.48484848484848486,0.6721763085399449,0.8484573502722323
686,15,49,6,7,0.8311688311688312,0.7863636363636364,0.8909090909090909,0.6818181818181818,0.8828828828828829,0.6818181818181818,0.8909090909090909,0.6976744186046512,0.790278650743767,0.9008264462809917
687,17,46,3,11,0.8181818181818182,0.7729591836734694,0.9387755102040817,0.6071428571428571,0.8679245283018868,0.6071428571428571,0.9387755102040817,0.7083333333333334,0.78812893081761,0.8330903790087464
688,17,35,10,15,0.6753246753246753,0.6545138888888888,0.7777777777777778,0.53125,0.7368421052631579,0.53125,0.7777777777777778,0.576271186440678,0.6565566458519179,0.7354166666666667
689,11,49,9,8,0.7792207792207793,0.7118874773139746,0.8448275862068966,0.5789473684210527,0.8521739130434782,0.5789473684210527,0.8448275862068966,0.5641025641025641,0.7081382385730212,0.7985480943738658
690,11,47,8,11,0.7532467532467533,0.6772727272727272,0.8545454545454545,0.5,0.831858407079646,0.5,0.8545454545454545,0.5365853658536586,0.6842218864666523,0.8462809917355372
691,14,49,9,5,0.8181818181818182,0.7908348457350272,0.8448275862068966,0.7368421052631579,0.875,0.7368421052631579,0.8448275862068966,0.6666666666666666,0.7708333333333333,0.8838475499092558
692,9,50,7,11,0.7662337662337663,0.6635964912280702,0.8771929824561403,0.45,0.847457627118644,0.45,0.8771929824561403,0.5,0.673728813559322,0.787719298245614
693,15,49,5,8,0.8311688311688312,0.7797906602254429,0.9074074074074074,0.6521739130434783,0.8828828828828829,0.6521739130434783,0.9074074074074074,0.6976744186046512,0.790278650743767,0.9202898550724637
694,14,47,6,10,0.7922077922077922,0.7350628930817611,0.8867924528301887,0.5833333333333334,0.8545454545454545,0.5833333333333334,0.8867924528301887,0.6363636363636364,0.7454545454545454,0.8498427672955975
695,13,45,10,9,0.7532467532467533,0.7045454545454546,0.8181818181818182,0.5909090909090909,0.8256880733944955,0.5909090909090909,0.8181818181818182,0.5777777777777777,0.7017329255861366,0.8289256198347107
696,13,48,8,8,0.7922077922077922,0.7380952380952381,0.8571428571428571,0.6190476190476191,0.8571428571428571,0.6190476190476191,0.8571428571428571,0.6190476190476191,0.7380952380952381,0.8350340136054422
697,15,45,8,9,0.7792207792207793,0.7370283018867925,0.8490566037735849,0.625,0.8411214953271028,0.625,0.8490566037735849,0.6382978723404256,0.7397096838337642,0.8191823899371069
698,12,53,6,6,0.8441558441558441,0.7824858757062148,0.8983050847457628,0.6666666666666666,0.8983050847457628,0.6666666666666666,0.8983050847457628,0.6666666666666666,0.7824858757062148,0.8738229755178907
699,14,53,4,6,0.8701298701298701,0.8149122807017544,0.9298245614035088,0.7,0.9137931034482759,0.7,0.9298245614035088,0.7368421052631579,0.8253176043557169,0.9140350877192983
700,9,54,3,11,0.8181818181818182,0.6986842105263158,0.9473684210526315,0.45,0.8852459016393442,0.45,0.9473684210526315,0.5625,0.7238729508196722,0.8228070175438597
701,19,50,4,4,0.8961038961038961,0.8760064412238325,0.9259259259259259,0.8260869565217391,0.9259259259259259,0.8260869565217391,0.9259259259259259,0.8260869565217391,0.8760064412238325,0.926731078904992
702,12,47,9,9,0.7662337662337663,0.7053571428571428,0.8392857142857143,0.5714285714285714,0.8392857142857143,0.5714285714285714,0.8392857142857143,0.5714285714285714,0.7053571428571428,0.8095238095238095
703,13,44,11,9,0.7402597402597403,0.6954545454545455,0.8,0.5909090909090909,0.8148148148148148,0.5909090909090909,0.8,0.5652173913043478,0.6900161030595813,0.847107438016529
704,12,46,11,8,0.7532467532467533,0.7035087719298245,0.8070175438596491,0.6,0.8288288288288288,0.6,0.8070175438596491,0.5581395348837209,0.6934841818562749,0.8587719298245614
705,10,51,7,9,0.7922077922077922,0.7028130671506352,0.8793103448275862,0.5263157894736842,0.864406779661017,0.5263157894736842,0.8793103448275862,0.5555555555555556,0.7099811676082863,0.8430127041742286
706,12,52,7,6,0.8311688311688312,0.7740112994350282,0.8813559322033898,0.6666666666666666,0.8888888888888888,0.6666666666666666,0.8813559322033898,0.6486486486486487,0.7687687687687688,0.8653483992467044
707,13,46,10,8,0.7662337662337663,0.7202380952380952,0.8214285714285714,0.6190476190476191,0.8363636363636363,0.6190476190476191,0.8214285714285714,0.5909090909090909,0.7136363636363636,0.8273809523809523
708,10,50,7,10,0.7792207792207793,0.6885964912280702,0.8771929824561403,0.5,0.8547008547008547,0.5,0.8771929824561403,0.5405405405405406,0.6976206976206976,0.8157894736842106
709,8,51,6,12,0.7662337662337663,0.6473684210526316,0.8947368421052632,0.4,0.85,0.4,0.8947368421052632,0.47058823529411764,0.6602941176470588,0.6815789473684211
710,15,53,2,7,0.8831168831168831,0.8227272727272728,0.9636363636363636,0.6818181818181818,0.9217391304347826,0.6818181818181818,0.9636363636363636,0.7692307692307693,0.8454849498327759,0.8876033057851239
711,9,53,5,10,0.8051948051948052,0.6937386569872959,0.9137931034482759,0.47368421052631576,0.8760330578512396,0.47368421052631576,0.9137931034482759,0.5454545454545454,0.7107438016528925,0.8157894736842106
712,12,54,5,6,0.8571428571428571,0.7909604519774012,0.9152542372881356,0.6666666666666666,0.907563025210084,0.6666666666666666,0.9152542372881356,0.6857142857142857,0.7966386554621849,0.8822975517890772
713,12,51,4,10,0.8181818181818182,0.7363636363636363,0.9272727272727272,0.5454545454545454,0.8793103448275862,0.5454545454545454,0.9272727272727272,0.631578947368421,0.7554446460980035,0.8396694214876033
714,16,50,4,7,0.8571428571428571,0.8107890499194848,0.9259259259259259,0.6956521739130435,0.9009009009009009,0.6956521739130435,0.9259259259259259,0.7441860465116279,0.8225434737062645,0.8856682769726248
715,12,47,5,13,0.7662337662337663,0.6919230769230769,0.9038461538461539,0.48,0.8392857142857143,0.48,0.9038461538461539,0.5714285714285714,0.7053571428571428,0.7423076923076922
716,16,43,7,11,0.7662337662337663,0.7262962962962962,0.86,0.5925925925925926,0.8269230769230769,0.5925925925925926,0.86,0.64,0.7334615384615384,0.8437037037037038
717,11,47,10,9,0.7532467532467533,0.687280701754386,0.8245614035087719,0.55,0.831858407079646,0.55,0.8245614035087719,0.5365853658536586,0.6842218864666523,0.8114035087719298
718,13,52,6,6,0.8441558441558441,0.7903811252268602,0.896551724137931,0.6842105263157895,0.896551724137931,0.6842105263157895,0.896551724137931,0.6842105263157895,0.7903811252268602,0.9029038112522686
719,7,49,12,9,0.7272727272727273,0.6203893442622951,0.8032786885245902,0.4375,0.8235294117647058,0.4375,0.8032786885245902,0.4,0.611764705882353,0.8319672131147541
720,12,51,6,8,0.8181818181818182,0.7473684210526316,0.8947368421052632,0.6,0.8793103448275862,0.6,0.8947368421052632,0.631578947368421,0.7554446460980035,0.8964912280701753
721,20,42,9,6,0.8051948051948052,0.7963800904977376,0.8235294117647058,0.7692307692307693,0.8484848484848485,0.7692307692307693,0.8235294117647058,0.7272727272727273,0.7878787878787878,0.8529411764705883
722,12,52,7,6,0.8311688311688312,0.7740112994350282,0.8813559322033898,0.6666666666666666,0.8888888888888888,0.6666666666666666,0.8813559322033898,0.6486486486486487,0.7687687687687688,0.8587570621468926
723,15,53,5,4,0.8831168831168831,0.8516333938294012,0.9137931034482759,0.7894736842105263,0.9217391304347826,0.7894736842105263,0.9137931034482759,0.7692307692307693,0.8454849498327759,0.9382940108892922
724,11,50,12,4,0.7922077922077922,0.7698924731182795,0.8064516129032258,0.7333333333333333,0.8620689655172413,0.7333333333333333,0.8064516129032258,0.5789473684210527,0.720508166969147,0.8666666666666667
725,22,40,8,7,0.8051948051948052,0.7959770114942528,0.8333333333333334,0.7586206896551724,0.8421052631578947,0.7586206896551724,0.8333333333333334,0.7457627118644068,0.7939339875111507,0.8850574712643678
726,11,48,9,9,0.7662337662337663,0.6960526315789474,0.8421052631578947,0.55,0.8421052631578947,0.55,0.8421052631578947,0.55,0.6960526315789474,0.7578947368421052
727,10,49,12,6,0.7662337662337663,0.7141393442622951,0.8032786885245902,0.625,0.8448275862068966,0.625,0.8032786885245902,0.5263157894736842,0.6855716878402904,0.8493852459016394
728,16,44,8,9,0.7792207792207793,0.7430769230769231,0.8461538461538461,0.64,0.8380952380952381,0.64,0.8461538461538461,0.6530612244897959,0.745578231292517,0.8753846153846153
729,10,42,10,15,0.6753246753246753,0.6038461538461539,0.8076923076923077,0.4,0.7706422018348624,0.4,0.8076923076923077,0.4444444444444444,0.6075433231396534,0.6961538461538461
730,14,43,13,7,0.7402597402597403,0.7172619047619048,0.7678571428571429,0.6666666666666666,0.8113207547169812,0.6666666666666666,0.7678571428571429,0.5833333333333334,0.6973270440251573,0.7840136054421768
731,8,48,12,9,0.7272727272727273,0.6352941176470588,0.8,0.47058823529411764,0.8205128205128205,0.47058823529411764,0.8,0.43243243243243246,0.6264726264726265,0.811764705882353
732,13,56,2,6,0.8961038961038961,0.8248638838475499,0.9655172413793104,0.6842105263157895,0.9333333333333333,0.6842105263157895,0.9655172413793104,0.7647058823529411,0.8490196078431372,0.9147005444646097
733,11,48,5,13,0.7662337662337663,0.6819968553459119,0.9056603773584906,0.4583333333333333,0.8421052631578947,0.4583333333333333,0.9056603773584906,0.55,0.6960526315789474,0.7908805031446541
734,14,45,10,8,0.7662337662337663,0.7272727272727273,0.8181818181818182,0.6363636363636364,0.8333333333333334,0.6363636363636364,0.8181818181818182,0.6086956521739131,0.7210144927536233,0.8909090909090909
735,11,49,9,8,0.7792207792207793,0.7118874773139746,0.8448275862068966,0.5789473684210527,0.8521739130434782,0.5789473684210527,0.8448275862068966,0.5641025641025641,0.7081382385730212,0.8194192377495462
736,4,56,7,10,0.7792207792207793,0.5873015873015872,0.8888888888888888,0.2857142857142857,0.8682170542635659,0.2857142857142857,0.8888888888888888,0.32,0.594108527131783,0.8185941043083901
737,12,50,9,6,0.8051948051948052,0.7570621468926553,0.847457627118644,0.6666666666666666,0.8695652173913043,0.6666666666666666,0.847457627118644,0.6153846153846154,0.7424749163879598,0.8408662900188324
738,10,54,7,6,0.8311688311688312,0.7551229508196722,0.8852459016393442,0.625,0.8925619834710744,0.625,0.8852459016393442,0.6060606060606061,0.7493112947658402,0.8678278688524591
739,17,45,10,5,0.8051948051948052,0.7954545454545454,0.8181818181818182,0.7727272727272727,0.8571428571428571,0.7727272727272727,0.8181818181818182,0.6938775510204082,0.7755102040816326,0.8462809917355372
740,12,50,9,6,0.8051948051948052,0.7570621468926553,0.847457627118644,0.6666666666666666,0.8695652173913043,0.6666666666666666,0.847457627118644,0.6153846153846154,0.7424749163879598,0.7871939736346516
741,12,47,11,7,0.7662337662337663,0.7209618874773139,0.8103448275862069,0.631578947368421,0.8392857142857143,0.631578947368421,0.8103448275862069,0.5714285714285714,0.7053571428571428,0.8566243194192378
742,12,55,9,1,0.8701298701298701,0.8912259615384616,0.859375,0.9230769230769231,0.9166666666666666,0.9230769230769231,0.859375,0.7058823529411765,0.8112745098039216,0.9543269230769231
743,14,51,7,5,0.8441558441558441,0.808076225045372,0.8793103448275862,0.7368421052631579,0.8947368421052632,0.7368421052631579,0.8793103448275862,0.7,0.7973684210526315,0.8883847549909256
744,6,54,9,8,0.7792207792207793,0.6428571428571428,0.8571428571428571,0.42857142857142855,0.864,0.42857142857142855,0.8571428571428571,0.41379310344827586,0.638896551724138,0.7267573696145124
745,13,46,9,9,0.7662337662337663,0.7136363636363636,0.8363636363636363,0.5909090909090909,0.8363636363636363,0.5909090909090909,0.8363636363636363,0.5909090909090909,0.7136363636363636,0.8785123966942149
746,11,55,8,3,0.8571428571428571,0.8293650793650793,0.873015873015873,0.7857142857142857,0.9090909090909091,0.7857142857142857,0.873015873015873,0.6666666666666666,0.7878787878787878,0.9240362811791383
747,9,53,7,8,0.8051948051948052,0.7063725490196078,0.8833333333333333,0.5294117647058824,0.8760330578512396,0.5294117647058824,0.8833333333333333,0.5454545454545454,0.7107438016528925,0.7637254901960784
748,15,41,10,11,0.7272727272727273,0.6904223227752639,0.803921568627451,0.5769230769230769,0.7961165048543689,0.5769230769230769,0.803921568627451,0.5882352941176471,0.692175899486008,0.803921568627451
749,14,51,7,5,0.8441558441558441,0.808076225045372,0.8793103448275862,0.7368421052631579,0.8947368421052632,0.7368421052631579,0.8793103448275862,0.7,0.7973684210526315,0.882940108892922
750,13,49,11,4,0.8051948051948052,0.7906862745098039,0.8166666666666667,0.7647058823529411,0.8672566371681416,0.7647058823529411,0.8166666666666667,0.6341463414634146,0.7507014893157782,0.8656862745098038
751,7,56,7,7,0.8181818181818182,0.6944444444444444,0.8888888888888888,0.5,0.8888888888888888,0.5,0.8888888888888888,0.5,0.6944444444444444,0.870748299319728
752,12,51,8,6,0.8181818181818182,0.7655367231638418,0.864406779661017,0.6666666666666666,0.8793103448275862,0.6666666666666666,0.864406779661017,0.631578947368421,0.7554446460980035,0.9133709981167608
753,10,50,8,9,0.7792207792207793,0.6941923774954628,0.8620689655172413,0.5263157894736842,0.8547008547008547,0.5263157894736842,0.8620689655172413,0.5405405405405406,0.6976206976206976,0.7994555353901996
754,16,52,6,3,0.8831168831168831,0.8693284936479129,0.896551724137931,0.8421052631578947,0.9203539823008849,0.8421052631578947,0.896551724137931,0.7804878048780488,0.8504208935894668,0.9047186932849365
755,15,45,11,6,0.7792207792207793,0.7589285714285714,0.8035714285714286,0.7142857142857143,0.8411214953271028,0.7142857142857143,0.8035714285714286,0.6382978723404256,0.7397096838337642,0.7933673469387755
756,12,49,7,9,0.7922077922077922,0.7232142857142857,0.875,0.5714285714285714,0.8596491228070176,0.5714285714285714,0.875,0.6,0.7298245614035088,0.8120748299319728
757,16,42,10,9,0.7532467532467533,0.7238461538461538,0.8076923076923077,0.64,0.8155339805825242,0.64,0.8076923076923077,0.6274509803921569,0.7214924804873406,0.8184615384615385
758,11,51,7,8,0.8051948051948052,0.7291288566243195,0.8793103448275862,0.5789473684210527,0.8717948717948718,0.5789473684210527,0.8793103448275862,0.5945945945945946,0.7331947331947333,0.8257713248638838
759,14,49,9,5,0.8181818181818182,0.7908348457350272,0.8448275862068966,0.7368421052631579,0.875,0.7368421052631579,0.8448275862068966,0.6666666666666666,0.7708333333333333,0.911978221415608
760,15,47,10,5,0.8051948051948052,0.7872807017543859,0.8245614035087719,0.75,0.8623853211009175,0.75,0.8245614035087719,0.6666666666666666,0.764525993883792,0.8885964912280703
761,11,50,8,8,0.7922077922077922,0.720508166969147,0.8620689655172413,0.5789473684210527,0.8620689655172413,0.5789473684210527,0.8620689655172413,0.5789473684210527,0.720508166969147,0.8784029038112522
762,17,46,4,10,0.8181818181818182,0.7748148148148148,0.92,0.6296296296296297,0.8679245283018868,0.6296296296296297,0.92,0.7083333333333334,0.78812893081761,0.8407407407407408
763,13,44,13,7,0.7402597402597403,0.7109649122807018,0.7719298245614035,0.65,0.8148148148148148,0.65,0.7719298245614035,0.5652173913043478,0.6900161030595813,0.856140350877193
764,13,46,8,10,0.7662337662337663,0.7085346215780999,0.8518518518518519,0.5652173913043478,0.8363636363636363,0.5652173913043478,0.8518518518518519,0.5909090909090909,0.7136363636363636,0.7818035426731079
765,16,44,5,12,0.7792207792207793,0.7346938775510203,0.8979591836734694,0.5714285714285714,0.8380952380952381,0.5714285714285714,0.8979591836734694,0.6530612244897959,0.745578231292517,0.8243440233236151
766,9,52,8,8,0.7922077922077922,0.6980392156862745,0.8666666666666667,0.5294117647058824,0.8666666666666667,0.5294117647058824,0.8666666666666667,0.5294117647058824,0.6980392156862745,0.8098039215686275
767,14,43,13,7,0.7402597402597403,0.7172619047619048,0.7678571428571429,0.6666666666666666,0.8113207547169812,0.6666666666666666,0.7678571428571429,0.5833333333333334,0.6973270440251573,0.8299319727891156
768,15,50,5,7,0.8441558441558441,0.7954545454545454,0.9090909090909091,0.6818181818181818,0.8928571428571429,0.6818181818181818,0.9090909090909091,0.7142857142857143,0.8035714285714286,0.9066115702479339
769,10,54,8,5,0.8311688311688312,0.7688172043010753,0.8709677419354839,0.6666666666666666,0.8925619834710744,0.6666666666666666,0.8709677419354839,0.6060606060606061,0.7493112947658402,0.7967741935483871
770,11,46,10,10,0.7402597402597403,0.6726190476190477,0.8214285714285714,0.5238095238095238,0.8214285714285714,0.5238095238095238,0.8214285714285714,0.5238095238095238,0.6726190476190477,0.7950680272108844
771,15,44,11,7,0.7662337662337663,0.740909090909091,0.8,0.6818181818181818,0.8301886792452831,0.6818181818181818,0.8,0.625,0.7275943396226415,0.8851239669421488
772,12,48,10,7,0.7792207792207793,0.7295825771324864,0.8275862068965517,0.631578947368421,0.8495575221238938,0.631578947368421,0.8275862068965517,0.5853658536585366,0.7174616878912152,0.882940108892922
773,11,52,7,7,0.8181818181818182,0.7462335216572504,0.8813559322033898,0.6111111111111112,0.8813559322033898,0.6111111111111112,0.8813559322033898,0.6111111111111112,0.7462335216572504,0.8446327683615819
774,15,53,3,6,0.8831168831168831,0.8303571428571428,0.9464285714285714,0.7142857142857143,0.9217391304347826,0.7142857142857143,0.9464285714285714,0.7692307692307693,0.8454849498327759,0.9098639455782312
775,14,47,8,8,0.7922077922077922,0.7454545454545454,0.8545454545454545,0.6363636363636364,0.8545454545454545,0.6363636363636364,0.8545454545454545,0.6363636363636364,0.7454545454545454,0.8396694214876033
776,14,52,6,5,0.8571428571428571,0.8166969147005445,0.896551724137931,0.7368421052631579,0.9043478260869565,0.7368421052631579,0.896551724137931,0.717948717948718,0.8111482720178372,0.8529945553539019
777,19,45,5,8,0.8311688311688312,0.8018518518518518,0.9,0.7037037037037037,0.8737864077669902,0.7037037037037037,0.9,0.7450980392156863,0.8094422234913383,0.8614814814814815
778,12,49,9,7,0.7922077922077922,0.7382032667876588,0.8448275862068966,0.631578947368421,0.8596491228070176,0.631578947368421,0.8448275862068966,0.6,0.7298245614035088,0.8303085299455535
779,12,48,10,7,0.7792207792207793,0.7295825771324864,0.8275862068965517,0.631578947368421,0.8495575221238938,0.631578947368421,0.8275862068965517,0.5853658536585366,0.7174616878912152,0.8275862068965517
780,10,51,9,7,0.7922077922077922,0.7191176470588235,0.85,0.5882352941176471,0.864406779661017,0.5882352941176471,0.85,0.5555555555555556,0.7099811676082863,0.9107843137254902
781,17,49,8,3,0.8571428571428571,0.8548245614035088,0.8596491228070176,0.85,0.8990825688073395,0.85,0.8596491228070176,0.7555555555555555,0.8273190621814475,0.8956140350877193
782,12,46,8,11,0.7532467532467533,0.6867954911433172,0.8518518518518519,0.5217391304347826,0.8288288288288288,0.5217391304347826,0.8518518518518519,0.5581395348837209,0.6934841818562749,0.7987117552334944
783,13,50,9,5,0.8181818181818182,0.7848399246704332,0.847457627118644,0.7222222222222222,0.8771929824561403,0.7222222222222222,0.847457627118644,0.65,0.7635964912280702,0.9406779661016949
784,10,50,11,6,0.7792207792207793,0.7223360655737705,0.819672131147541,0.625,0.8547008547008547,0.625,0.819672131147541,0.5405405405405406,0.6976206976206976,0.8944672131147542
785,15,41,9,12,0.7272727272727273,0.6877777777777778,0.82,0.5555555555555556,0.7961165048543689,0.5555555555555556,0.82,0.5882352941176471,0.692175899486008,0.822962962962963
786,12,54,4,7,0.8571428571428571,0.7813067150635209,0.9310344827586207,0.631578947368421,0.907563025210084,0.631578947368421,0.9310344827586207,0.6857142857142857,0.7966386554621849,0.8684210526315789
787,10,51,10,6,0.7922077922077922,0.7305327868852459,0.8360655737704918,0.625,0.864406779661017,0.625,0.8360655737704918,0.5555555555555556,0.7099811676082863,0.8719262295081968
788,12,46,8,11,0.7532467532467533,0.6867954911433172,0.8518518518518519,0.5217391304347826,0.8288288288288288,0.5217391304347826,0.8518518518518519,0.5581395348837209,0.6934841818562749,0.8760064412238325
789,17,37,14,9,0.7012987012987013,0.6896681749622926,0.7254901960784313,0.6538461538461539,0.7628865979381443,0.6538461538461539,0.7254901960784313,0.5964912280701754,0.6796889130041599,0.7843137254901961
790,15,46,6,10,0.7922077922077922,0.7423076923076923,0.8846153846153846,0.6,0.8518518518518519,0.6,0.8846153846153846,0.6521739130434783,0.7520128824476651,0.8769230769230771
791,10,54,5,8,0.8311688311688312,0.7354048964218456,0.9152542372881356,0.5555555555555556,0.8925619834710744,0.5555555555555556,0.9152542372881356,0.6060606060606061,0.7493112947658402,0.8107344632768363
792,12,54,6,5,0.8571428571428571,0.8029411764705883,0.9,0.7058823529411765,0.907563025210084,0.7058823529411765,0.9,0.6857142857142857,0.7966386554621849,0.903921568627451
793,13,44,11,9,0.7402597402597403,0.6954545454545455,0.8,0.5909090909090909,0.8148148148148148,0.5909090909090909,0.8,0.5652173913043478,0.6900161030595813,0.7966942148760331
794,14,47,6,10,0.7922077922077922,0.7350628930817611,0.8867924528301887,0.5833333333333334,0.8545454545454545,0.5833333333333334,0.8867924528301887,0.6363636363636364,0.7454545454545454,0.8199685534591195
795,14,49,6,8,0.8181818181818182,0.7636363636363637,0.8909090909090909,0.6363636363636364,0.875,0.6363636363636364,0.8909090909090909,0.6666666666666666,0.7708333333333333,0.9041322314049587
796,12,44,7,14,0.7272727272727273,0.6621417797888387,0.8627450980392157,0.46153846153846156,0.8073394495412844,0.46153846153846156,0.8627450980392157,0.5333333333333333,0.6703363914373088,0.7843137254901961
797,16,48,7,6,0.8311688311688312,0.8,0.8727272727272727,0.7272727272727273,0.8807339449541285,0.7272727272727273,0.8727272727272727,0.7111111111111111,0.7959225280326199,0.8446280991735537
798,11,45,8,13,0.7272727272727273,0.6536949685534591,0.8490566037735849,0.4583333333333333,0.8108108108108109,0.4583333333333333,0.8490566037735849,0.5116279069767442,0.6612193588937776,0.8144654088050315
799,15,49,6,7,0.8311688311688312,0.7863636363636364,0.8909090909090909,0.6818181818181818,0.8828828828828829,0.6818181818181818,0.8909090909090909,0.6976744186046512,0.790278650743767,0.8966942148760331
800,13,44,10,10,0.7402597402597403,0.6900161030595813,0.8148148148148148,0.5652173913043478,0.8148148148148148,0.5652173913043478,0.8148148148148148,0.5652173913043478,0.6900161030595813,0.7713365539452496
801,11,54,5,7,0.8441558441558441,0.7631826741996234,0.9152542372881356,0.6111111111111112,0.9,0.6111111111111112,0.9152542372881356,0.6470588235294118,0.7735294117647059,0.8785310734463276
802,11,54,7,5,0.8441558441558441,0.7863729508196722,0.8852459016393442,0.6875,0.9,0.6875,0.8852459016393442,0.6470588235294118,0.7735294117647059,0.9129098360655737
803,10,57,3,7,0.8701298701298701,0.7691176470588235,0.95,0.5882352941176471,0.9193548387096774,0.5882352941176471,0.95,0.6666666666666666,0.793010752688172,0.8990196078431373
804,17,44,7,9,0.7922077922077922,0.7582956259426847,0.8627450980392157,0.6538461538461539,0.8461538461538461,0.6538461538461539,0.8627450980392157,0.68,0.7630769230769231,0.8733031674208145
805,19,43,6,9,0.8051948051948052,0.778061224489796,0.8775510204081632,0.6785714285714286,0.8514851485148515,0.6785714285714286,0.8775510204081632,0.7169811320754716,0.7842331402951616,0.8994169096209913
806,16,43,9,9,0.7662337662337663,0.7334615384615384,0.8269230769230769,0.64,0.8269230769230769,0.64,0.8269230769230769,0.64,0.7334615384615384,0.8161538461538461
807,13,48,7,9,0.7922077922077922,0.7318181818181818,0.8727272727272727,0.5909090909090909,0.8571428571428571,0.5909090909090909,0.8727272727272727,0.6190476190476191,0.7380952380952381,0.8603305785123968
808,14,43,6,14,0.7402597402597403,0.6887755102040816,0.8775510204081632,0.5,0.8113207547169812,0.5,0.8775510204081632,0.5833333333333334,0.6973270440251573,0.8316326530612245
809,10,52,11,4,0.8051948051948052,0.7698412698412698,0.8253968253968254,0.7142857142857143,0.8739495798319328,0.7142857142857143,0.8253968253968254,0.5714285714285714,0.7226890756302521,0.782312925170068
810,14,45,11,7,0.7662337662337663,0.7351190476190477,0.8035714285714286,0.6666666666666666,0.8333333333333334,0.6666666666666666,0.8035714285714286,0.6086956521739131,0.7210144927536233,0.8282312925170069
811,18,48,5,6,0.8571428571428571,0.8278301886792453,0.9056603773584906,0.75,0.897196261682243,0.75,0.9056603773584906,0.7659574468085106,0.8315768542453768,0.8537735849056604
812,13,50,5,9,0.8181818181818182,0.75,0.9090909090909091,0.5909090909090909,0.8771929824561403,0.5909090909090909,0.9090909090909091,0.65,0.7635964912280702,0.9016528925619836
813,19,41,10,7,0.7792207792207793,0.7673453996983408,0.803921568627451,0.7307692307692307,0.8282828282828283,0.7307692307692307,0.803921568627451,0.6909090909090909,0.7595959595959596,0.9019607843137255
814,8,55,7,7,0.8181818181818182,0.7102150537634409,0.8870967741935484,0.5333333333333333,0.8870967741935484,0.5333333333333333,0.8870967741935484,0.5333333333333333,0.7102150537634409,0.8849462365591397
815,13,48,5,11,0.7922077922077922,0.7236635220125787,0.9056603773584906,0.5416666666666666,0.8571428571428571,0.5416666666666666,0.9056603773584906,0.6190476190476191,0.7380952380952381,0.7924528301886793
816,11,44,14,8,0.7142857142857143,0.6687840290381125,0.7586206896551724,0.5789473684210527,0.8,0.5789473684210527,0.7586206896551724,0.5,0.65,0.8021778584392014
817,12,45,11,9,0.7402597402597403,0.6875,0.8035714285714286,0.5714285714285714,0.8181818181818182,0.5714285714285714,0.8035714285714286,0.5454545454545454,0.6818181818181819,0.7746598639455783
818,15,46,5,11,0.7922077922077922,0.7394419306184012,0.9019607843137255,0.5769230769230769,0.8518518518518519,0.5769230769230769,0.9019607843137255,0.6521739130434783,0.7520128824476651,0.8476621417797888
819,11,51,6,9,0.8051948051948052,0.7223684210526315,0.8947368421052632,0.55,0.8717948717948718,0.55,0.8947368421052632,0.5945945945945946,0.7331947331947333,0.8017543859649122
820,8,50,11,8,0.7532467532467533,0.6598360655737705,0.819672131147541,0.5,0.8403361344537815,0.5,0.819672131147541,0.45714285714285713,0.6487394957983194,0.764344262295082
821,11,49,9,8,0.7792207792207793,0.7118874773139746,0.8448275862068966,0.5789473684210527,0.8521739130434782,0.5789473684210527,0.8448275862068966,0.5641025641025641,0.7081382385730212,0.8502722323049001
822,11,51,6,9,0.8051948051948052,0.7223684210526315,0.8947368421052632,0.55,0.8717948717948718,0.55,0.8947368421052632,0.5945945945945946,0.7331947331947333,0.8263157894736841
823,13,44,9,11,0.7402597402597403,0.6859276729559749,0.8301886792452831,0.5416666666666666,0.8148148148148148,0.5416666666666666,0.8301886792452831,0.5652173913043478,0.6900161030595813,0.7987421383647799
824,14,47,7,9,0.7922077922077922,0.7395330112721417,0.8703703703703703,0.6086956521739131,0.8545454545454545,0.6086956521739131,0.8703703703703703,0.6363636363636364,0.7454545454545454,0.8470209339774557
825,9,54,9,5,0.8181818181818182,0.75,0.8571428571428571,0.6428571428571429,0.8852459016393442,0.6428571428571429,0.8571428571428571,0.5625,0.7238729508196722,0.836734693877551
826,8,50,9,10,0.7532467532467533,0.6459510357815442,0.847457627118644,0.4444444444444444,0.8403361344537815,0.4444444444444444,0.847457627118644,0.45714285714285713,0.6487394957983194,0.6807909604519774
827,12,49,9,7,0.7922077922077922,0.7382032667876588,0.8448275862068966,0.631578947368421,0.8596491228070176,0.631578947368421,0.8448275862068966,0.6,0.7298245614035088,0.8321234119782214
828,9,55,8,5,0.8311688311688312,0.7579365079365079,0.873015873015873,0.6428571428571429,0.8943089430894309,0.6428571428571429,0.873015873015873,0.5806451612903226,0.7374770521898768,0.8673469387755103
829,14,47,8,8,0.7922077922077922,0.7454545454545454,0.8545454545454545,0.6363636363636364,0.8545454545454545,0.6363636363636364,0.8545454545454545,0.6363636363636364,0.7454545454545454,0.8636363636363636
830,11,51,5,10,0.8051948051948052,0.7172619047619048,0.9107142857142857,0.5238095238095238,0.8717948717948718,0.5238095238095238,0.9107142857142857,0.5945945945945946,0.7331947331947333,0.8520408163265306
831,17,49,6,5,0.8571428571428571,0.8318181818181818,0.8909090909090909,0.7727272727272727,0.8990825688073395,0.7727272727272727,0.8909090909090909,0.7555555555555555,0.8273190621814475,0.8793388429752067
832,15,43,12,7,0.7532467532467533,0.7318181818181818,0.7818181818181819,0.6818181818181818,0.819047619047619,0.6818181818181818,0.7818181818181819,0.6122448979591837,0.7156462585034014,0.8115702479338842
833,12,44,13,8,0.7272727272727273,0.6859649122807017,0.7719298245614035,0.6,0.8073394495412844,0.6,0.7719298245614035,0.5333333333333333,0.6703363914373088,0.775438596491228
834,16,46,10,5,0.8051948051948052,0.7916666666666666,0.8214285714285714,0.7619047619047619,0.8598130841121495,0.7619047619047619,0.8214285714285714,0.6808510638297872,0.7703320739709684,0.8707482993197279
835,15,46,7,9,0.7922077922077922,0.7464622641509434,0.8679245283018868,0.625,0.8518518518518519,0.625,0.8679245283018868,0.6521739130434783,0.7520128824476651,0.7562893081761006
836,14,54,3,6,0.8831168831168831,0.8236842105263158,0.9473684210526315,0.7,0.9230769230769231,0.7,0.9473684210526315,0.7567567567567568,0.83991683991684,0.8631578947368421
837,14,49,6,8,0.8181818181818182,0.7636363636363637,0.8909090909090909,0.6363636363636364,0.875,0.6363636363636364,0.8909090909090909,0.6666666666666666,0.7708333333333333,0.8975206611570248
838,14,47,6,10,0.7922077922077922,0.7350628930817611,0.8867924528301887,0.5833333333333334,0.8545454545454545,0.5833333333333334,0.8867924528301887,0.6363636363636364,0.7454545454545454,0.8364779874213836
839,13,47,11,6,0.7792207792207793,0.7472776769509981,0.8103448275862069,0.6842105263157895,0.8468468468468469,0.6842105263157895,0.8103448275862069,0.6046511627906976,0.7257490048187722,0.8275862068965518
840,7,49,9,12,0.7272727272727273,0.6066243194192378,0.8448275862068966,0.3684210526315789,0.8235294117647058,0.3684210526315789,0.8448275862068966,0.4,0.611764705882353,0.6941923774954627
841,12,41,16,8,0.6883116883116883,0.6596491228070176,0.7192982456140351,0.6,0.7735849056603774,0.6,0.7192982456140351,0.5,0.6367924528301887,0.7789473684210526
842,12,44,8,13,0.7272727272727273,0.6630769230769231,0.8461538461538461,0.48,0.8073394495412844,0.48,0.8461538461538461,0.5333333333333333,0.6703363914373088,0.833076923076923
843,11,47,12,7,0.7532467532467533,0.7038606403013183,0.7966101694915254,0.6111111111111112,0.831858407079646,0.6111111111111112,0.7966101694915254,0.5365853658536586,0.6842218864666523,0.7937853107344632
844,5,59,8,5,0.8311688311688312,0.6902985074626866,0.8805970149253731,0.5,0.9007633587786259,0.5,0.8805970149253731,0.43478260869565216,0.667772983737139,0.9044776119402985
845,14,47,8,8,0.7922077922077922,0.7454545454545454,0.8545454545454545,0.6363636363636364,0.8545454545454545,0.6363636363636364,0.8545454545454545,0.6363636363636364,0.7454545454545454,0.8818181818181818
846,14,49,9,5,0.8181818181818182,0.7908348457350272,0.8448275862068966,0.7368421052631579,0.875,0.7368421052631579,0.8448275862068966,0.6666666666666666,0.7708333333333333,0.8865698729582577
847,14,44,9,10,0.7532467532467533,0.7067610062893082,0.8301886792452831,0.5833333333333334,0.822429906542056,0.5833333333333334,0.8301886792452831,0.5957446808510638,0.70908729369656,0.8372641509433962
848,11,49,8,9,0.7792207792207793,0.7048245614035088,0.8596491228070176,0.55,0.8521739130434782,0.55,0.8596491228070176,0.5641025641025641,0.7081382385730212,0.8210526315789474
849,12,53,12,0,0.8441558441558441,0.9076923076923077,0.8153846153846154,1.0,0.8983050847457628,1.0,0.8153846153846154,0.6666666666666666,0.7824858757062148,0.9807692307692307
850,12,49,10,6,0.7922077922077922,0.7485875706214689,0.8305084745762712,0.6666666666666666,0.8596491228070176,0.6666666666666666,0.8305084745762712,0.6,0.7298245614035088,0.867231638418079
851,8,51,8,10,0.7662337662337663,0.6544256120527308,0.864406779661017,0.4444444444444444,0.85,0.4444444444444444,0.864406779661017,0.47058823529411764,0.6602941176470588,0.751412429378531
852,19,44,8,6,0.8181818181818182,0.803076923076923,0.8461538461538461,0.76,0.8627450980392157,0.76,0.8461538461538461,0.7307692307692307,0.7967571644042233,0.8746153846153847
853,17,44,9,7,0.7922077922077922,0.7692610062893082,0.8301886792452831,0.7083333333333334,0.8461538461538461,0.7083333333333334,0.8301886792452831,0.68,0.7630769230769231,0.8522012578616353
854,12,51,6,8,0.8181818181818182,0.7473684210526316,0.8947368421052632,0.6,0.8793103448275862,0.6,0.8947368421052632,0.631578947368421,0.7554446460980035,0.7956140350877192
855,15,50,6,6,0.8441558441558441,0.8035714285714286,0.8928571428571429,0.7142857142857143,0.8928571428571429,0.7142857142857143,0.8928571428571429,0.7142857142857143,0.8035714285714286,0.923469387755102
856,16,50,6,5,0.8571428571428571,0.8273809523809523,0.8928571428571429,0.7619047619047619,0.9009009009009009,0.7619047619047619,0.8928571428571429,0.7441860465116279,0.8225434737062645,0.897108843537415
857,8,57,6,6,0.8441558441558441,0.7380952380952381,0.9047619047619048,0.5714285714285714,0.9047619047619048,0.5714285714285714,0.9047619047619048,0.5714285714285714,0.7380952380952381,0.826530612244898
858,12,53,8,4,0.8441558441558441,0.8094262295081966,0.8688524590163934,0.75,0.8983050847457628,0.75,0.8688524590163934,0.6666666666666666,0.7824858757062148,0.8565573770491803
859,11,49,7,10,0.7792207792207793,0.6994047619047619,0.875,0.5238095238095238,0.8521739130434782,0.5238095238095238,0.875,0.5641025641025641,0.7081382385730212,0.7908163265306122
860,14,48,6,9,0.8051948051948052,0.748792270531401,0.8888888888888888,0.6086956521739131,0.8648648648648649,0.6086956521739131,0.8888888888888888,0.6511627906976745,0.7580138277812697,0.8293075684380032
861,16,49,4,8,0.8441558441558441,0.7955974842767295,0.9245283018867925,0.6666666666666666,0.8909090909090909,0.6666666666666666,0.9245283018867925,0.7272727272727273,0.8090909090909091,0.9025157232704404
862,6,61,4,6,0.8701298701298701,0.7192307692307692,0.9384615384615385,0.5,0.9242424242424242,0.5,0.9384615384615385,0.5454545454545454,0.7348484848484849,0.823076923076923
863,13,51,7,6,0.8311688311688312,0.7817604355716878,0.8793103448275862,0.6842105263157895,0.8869565217391304,0.6842105263157895,0.8793103448275862,0.6666666666666666,0.7768115942028986,0.8992740471869328
864,19,40,8,10,0.7662337662337663,0.7442528735632183,0.8333333333333334,0.6551724137931034,0.8163265306122449,0.6551724137931034,0.8333333333333334,0.6785714285714286,0.7474489795918368,0.8599137931034482
865,7,56,5,9,0.8181818181818182,0.677766393442623,0.9180327868852459,0.4375,0.8888888888888888,0.4375,0.9180327868852459,0.5,0.6944444444444444,0.7264344262295083
866,13,46,9,9,0.7662337662337663,0.7136363636363636,0.8363636363636363,0.5909090909090909,0.8363636363636363,0.5909090909090909,0.8363636363636363,0.5909090909090909,0.7136363636363636,0.8231404958677686
867,13,40,13,11,0.6883116883116883,0.6481918238993711,0.7547169811320755,0.5416666666666666,0.7692307692307693,0.5416666666666666,0.7547169811320755,0.52,0.6446153846153846,0.7720125786163522
868,12,51,10,4,0.8181818181818182,0.7930327868852459,0.8360655737704918,0.75,0.8793103448275862,0.75,0.8360655737704918,0.631578947368421,0.7554446460980035,0.9272540983606558
869,13,53,5,6,0.8571428571428571,0.7990018148820327,0.9137931034482759,0.6842105263157895,0.905982905982906,0.6842105263157895,0.9137931034482759,0.7027027027027027,0.8043428043428044,0.8729582577132488
870,18,51,2,6,0.8961038961038961,0.8561320754716981,0.9622641509433962,0.75,0.9272727272727272,0.75,0.9622641509433962,0.8181818181818182,0.8727272727272728,0.9339622641509434
871,11,44,12,10,0.7142857142857143,0.6547619047619048,0.7857142857142857,0.5238095238095238,0.8,0.5238095238095238,0.7857142857142857,0.5,0.65,0.7797619047619048
872,10,45,10,12,0.7142857142857143,0.6363636363636364,0.8181818181818182,0.45454545454545453,0.8035714285714286,0.45454545454545453,0.8181818181818182,0.47619047619047616,0.6398809523809523,0.7710743801652893
873,16,47,8,6,0.8181818181818182,0.7909090909090909,0.8545454545454545,0.7272727272727273,0.8703703703703703,0.7272727272727273,0.8545454545454545,0.6956521739130435,0.7830112721417068,0.9198347107438017
874,15,48,7,7,0.8181818181818182,0.7772727272727272,0.8727272727272727,0.6818181818181818,0.8727272727272727,0.6818181818181818,0.8727272727272727,0.6818181818181818,0.7772727272727272,0.8537190082644628
875,13,48,8,8,0.7922077922077922,0.7380952380952381,0.8571428571428571,0.6190476190476191,0.8571428571428571,0.6190476190476191,0.8571428571428571,0.6190476190476191,0.7380952380952381,0.8605442176870748
876,11,50,9,7,0.7922077922077922,0.7292843691148776,0.847457627118644,0.6111111111111112,0.8620689655172413,0.6111111111111112,0.847457627118644,0.5789473684210527,0.720508166969147,0.8418079096045198
877,9,51,10,7,0.7792207792207793,0.6992827868852459,0.8360655737704918,0.5625,0.8571428571428571,0.5625,0.8360655737704918,0.5142857142857142,0.6857142857142857,0.7336065573770492
878,17,48,6,6,0.8441558441558441,0.8140096618357487,0.8888888888888888,0.7391304347826086,0.8888888888888888,0.7391304347826086,0.8888888888888888,0.7391304347826086,0.8140096618357487,0.8478260869565217
879,9,53,9,6,0.8051948051948052,0.7274193548387097,0.8548387096774194,0.6,0.8760330578512396,0.6,0.8548387096774194,0.5454545454545454,0.7107438016528925,0.8913978494623656
880,14,49,8,6,0.8181818181818182,0.7798245614035088,0.8596491228070176,0.7,0.875,0.7,0.8596491228070176,0.6666666666666666,0.7708333333333333,0.8728070175438597
881,17,46,9,5,0.8181818181818182,0.8045454545454545,0.8363636363636363,0.7727272727272727,0.8679245283018868,0.7727272727272727,0.8363636363636363,0.7083333333333334,0.78812893081761,0.9223140495867769
882,20,49,1,7,0.8961038961038961,0.8603703703703703,0.98,0.7407407407407407,0.9245283018867925,0.7407407407407407,0.98,0.8333333333333334,0.878930817610063,0.9481481481481482
883,16,44,9,8,0.7792207792207793,0.7484276729559749,0.8301886792452831,0.6666666666666666,0.8380952380952381,0.6666666666666666,0.8301886792452831,0.6530612244897959,0.745578231292517,0.8058176100628931
884,11,54,7,5,0.8441558441558441,0.7863729508196722,0.8852459016393442,0.6875,0.9,0.6875,0.8852459016393442,0.6470588235294118,0.7735294117647059,0.8862704918032787
885,14,46,11,6,0.7792207792207793,0.7535087719298246,0.8070175438596491,0.7,0.8440366972477065,0.7,0.8070175438596491,0.6222222222222222,0.7331294597349644,0.8710526315789473
886,11,48,9,9,0.7662337662337663,0.6960526315789474,0.8421052631578947,0.55,0.8421052631578947,0.55,0.8421052631578947,0.55,0.6960526315789474,0.8026315789473685
887,15,47,8,7,0.8051948051948052,0.7681818181818181,0.8545454545454545,0.6818181818181818,0.8623853211009175,0.6818181818181818,0.8545454545454545,0.6666666666666666,0.764525993883792,0.8256198347107438
888,18,45,7,7,0.8181818181818182,0.7926923076923077,0.8653846153846154,0.72,0.8653846153846154,0.72,0.8653846153846154,0.72,0.7926923076923077,0.8738461538461538
889,9,50,8,10,0.7662337662337663,0.6678765880217785,0.8620689655172413,0.47368421052631576,0.847457627118644,0.47368421052631576,0.8620689655172413,0.5,0.673728813559322,0.8266787658802178
890,14,54,7,2,0.8831168831168831,0.8801229508196722,0.8852459016393442,0.875,0.9230769230769231,0.875,0.8852459016393442,0.7567567567567568,0.83991683991684,0.9395491803278689
891,13,50,7,7,0.8181818181818182,0.7635964912280702,0.8771929824561403,0.65,0.8771929824561403,0.65,0.8771929824561403,0.65,0.7635964912280702,0.8245614035087719
892,10,47,8,12,0.7402597402597403,0.6545454545454545,0.8545454545454545,0.45454545454545453,0.8245614035087719,0.45454545454545453,0.8545454545454545,0.5,0.6622807017543859,0.7743801652892562
893,17,50,6,4,0.8701298701298701,0.8511904761904763,0.8928571428571429,0.8095238095238095,0.9090909090909091,0.8095238095238095,0.8928571428571429,0.7727272727272727,0.8409090909090908,0.9362244897959184
894,11,51,7,8,0.8051948051948052,0.7291288566243195,0.8793103448275862,0.5789473684210527,0.8717948717948718,0.5789473684210527,0.8793103448275862,0.5945945945945946,0.7331947331947333,0.8121597096188747
895,12,50,9,6,0.8051948051948052,0.7570621468926553,0.847457627118644,0.6666666666666666,0.8695652173913043,0.6666666666666666,0.847457627118644,0.6153846153846154,0.7424749163879598,0.8540489642184557
896,17,42,11,7,0.7662337662337663,0.7503930817610063,0.7924528301886793,0.7083333333333334,0.8235294117647058,0.7083333333333334,0.7924528301886793,0.6538461538461539,0.7386877828054299,0.85062893081761
897,16,46,7,8,0.8051948051948052,0.7672955974842768,0.8679245283018868,0.6666666666666666,0.8598130841121495,0.6666666666666666,0.8679245283018868,0.6808510638297872,0.7703320739709684,0.8726415094339622
898,12,41,13,11,0.6883116883116883,0.6404991948470209,0.7592592592592593,0.5217391304347826,0.7735849056603774,0.5217391304347826,0.7592592592592593,0.5,0.6367924528301887,0.7801932367149759
899,18,52,4,3,0.9090909090909091,0.8928571428571428,0.9285714285714286,0.8571428571428571,0.9369369369369369,0.8571428571428571,0.9285714285714286,0.8372093023255814,0.8870731196312591,0.9761904761904762
900,15,52,6,4,0.8701298701298701,0.8430127041742287,0.896551724137931,0.7894736842105263,0.9122807017543859,0.7894736842105263,0.896551724137931,0.75,0.831140350877193,0.9464609800362976
901,10,49,7,11,0.7662337662337663,0.6755952380952381,0.875,0.47619047619047616,0.8448275862068966,0.47619047619047616,0.875,0.5263157894736842,0.6855716878402904,0.7465986394557823
902,12,40,12,13,0.6753246753246753,0.6246153846153846,0.7692307692307693,0.48,0.7619047619047619,0.48,0.7692307692307693,0.4897959183673469,0.6258503401360545,0.6838461538461539
903,5,55,10,7,0.7792207792207793,0.6314102564102564,0.8461538461538461,0.4166666666666667,0.8661417322834646,0.4166666666666667,0.8461538461538461,0.37037037037037035,0.6182560513269175,0.7243589743589743
904,11,47,10,9,0.7532467532467533,0.687280701754386,0.8245614035087719,0.55,0.831858407079646,0.55,0.8245614035087719,0.5365853658536586,0.6842218864666523,0.874561403508772
905,7,54,5,11,0.7922077922077922,0.6520715630885122,0.9152542372881356,0.3888888888888889,0.8709677419354839,0.3888888888888889,0.9152542372881356,0.4666666666666667,0.6688172043010753,0.7259887005649717
906,16,45,8,8,0.7922077922077922,0.7578616352201257,0.8490566037735849,0.6666666666666666,0.8490566037735849,0.6666666666666666,0.8490566037735849,0.6666666666666666,0.7578616352201257,0.8522012578616353
907,11,50,9,7,0.7922077922077922,0.7292843691148776,0.847457627118644,0.6111111111111112,0.8620689655172413,0.6111111111111112,0.847457627118644,0.5789473684210527,0.720508166969147,0.8568738229755178
908,15,47,7,8,0.8051948051948052,0.7612721417069244,0.8703703703703703,0.6521739130434783,0.8623853211009175,0.6521739130434783,0.8703703703703703,0.6666666666666666,0.764525993883792,0.8526570048309179
909,5,56,9,7,0.7922077922077922,0.6391025641025642,0.8615384615384616,0.4166666666666667,0.875,0.4166666666666667,0.8615384615384616,0.38461538461538464,0.6298076923076923,0.7423076923076924
910,18,47,7,5,0.8441558441558441,0.8264895330112721,0.8703703703703703,0.782608695652174,0.8867924528301887,0.782608695652174,0.8703703703703703,0.75,0.8183962264150944,0.8558776167471819
911,11,49,5,12,0.7792207792207793,0.6928341384863124,0.9074074074074074,0.4782608695652174,0.8521739130434782,0.4782608695652174,0.9074074074074074,0.5641025641025641,0.7081382385730212,0.7721417069243156
912,9,51,9,8,0.7792207792207793,0.6897058823529412,0.85,0.5294117647058824,0.8571428571428571,0.5294117647058824,0.85,0.5142857142857142,0.6857142857142857,0.8647058823529412
913,12,56,5,4,0.8831168831168831,0.834016393442623,0.9180327868852459,0.75,0.9256198347107438,0.75,0.9180327868852459,0.7272727272727273,0.8264462809917356,0.8944672131147541
914,8,45,8,16,0.6883116883116883,0.5911949685534591,0.8490566037735849,0.3333333333333333,0.7894736842105263,0.3333333333333333,0.8490566037735849,0.4,0.5947368421052632,0.7272012578616351
915,13,46,13,5,0.7662337662337663,0.7509416195856874,0.7796610169491526,0.7222222222222222,0.8363636363636363,0.7222222222222222,0.7796610169491526,0.5909090909090909,0.7136363636363636,0.8606403013182674
916,12,45,9,11,0.7402597402597403,0.677536231884058,0.8333333333333334,0.5217391304347826,0.8181818181818182,0.5217391304347826,0.8333333333333334,0.5454545454545454,0.6818181818181819,0.7777777777777777
917,15,45,7,10,0.7792207792207793,0.7326923076923078,0.8653846153846154,0.6,0.8411214953271028,0.6,0.8653846153846154,0.6382978723404256,0.7397096838337642,0.8176923076923076
918,11,44,10,12,0.7142857142857143,0.6465378421900161,0.8148148148148148,0.4782608695652174,0.8,0.4782608695652174,0.8148148148148148,0.5,0.65,0.8148148148148148
919,17,43,6,11,0.7792207792207793,0.7423469387755102,0.8775510204081632,0.6071428571428571,0.8349514563106796,0.6071428571428571,0.8775510204081632,0.6666666666666666,0.7508090614886731,0.7820699708454811
920,17,47,2,11,0.8311688311688312,0.7831632653061225,0.9591836734693877,0.6071428571428571,0.8785046728971962,0.6071428571428571,0.9591836734693877,0.723404255319149,0.8009544641081726,0.8556851311953354
921,9,51,10,7,0.7792207792207793,0.6992827868852459,0.8360655737704918,0.5625,0.8571428571428571,0.5625,0.8360655737704918,0.5142857142857142,0.6857142857142857,0.8237704918032788
922,15,46,7,9,0.7922077922077922,0.7464622641509434,0.8679245283018868,0.625,0.8518518518518519,0.625,0.8679245283018868,0.6521739130434783,0.7520128824476651,0.7940251572327044
923,18,49,5,5,0.8701298701298701,0.8450080515297906,0.9074074074074074,0.782608695652174,0.9074074074074074,0.782608695652174,0.9074074074074074,0.782608695652174,0.8450080515297906,0.9541062801932366
924,5,52,11,9,0.7402597402597403,0.5912698412698413,0.8253968253968254,0.35714285714285715,0.8387096774193549,0.35714285714285715,0.8253968253968254,0.3333333333333333,0.5860215053763441,0.7607709750566893
925,13,53,7,4,0.8571428571428571,0.8240196078431372,0.8833333333333333,0.7647058823529411,0.905982905982906,0.7647058823529411,0.8833333333333333,0.7027027027027027,0.8043428043428044,0.9352941176470588
926,22,46,3,6,0.8831168831168831,0.8622448979591837,0.9387755102040817,0.7857142857142857,0.9108910891089109,0.7857142857142857,0.9387755102040817,0.8301886792452831,0.870539884177097,0.924927113702624
927,19,45,5,8,0.8311688311688312,0.8018518518518518,0.9,0.7037037037037037,0.8737864077669902,0.7037037037037037,0.9,0.7450980392156863,0.8094422234913383,0.9451851851851851
928,10,50,5,12,0.7792207792207793,0.6818181818181818,0.9090909090909091,0.45454545454545453,0.8547008547008547,0.45454545454545453,0.9090909090909091,0.5405405405405406,0.6976206976206976,0.7429752066115702
929,13,54,4,6,0.8701298701298701,0.8076225045372051,0.9310344827586207,0.6842105263157895,0.9152542372881356,0.6842105263157895,0.9310344827586207,0.7222222222222222,0.8187382297551788,0.8729582577132486
930,23,41,7,6,0.8311688311688312,0.8236350574712643,0.8541666666666666,0.7931034482758621,0.8631578947368421,0.7931034482758621,0.8541666666666666,0.7796610169491526,0.8214094558429974,0.9145114942528736
931,11,48,7,11,0.7662337662337663,0.6863636363636363,0.8727272727272727,0.5,0.8421052631578947,0.5,0.8727272727272727,0.55,0.6960526315789474,0.715702479338843
932,11,44,12,10,0.7142857142857143,0.6547619047619048,0.7857142857142857,0.5238095238095238,0.8,0.5238095238095238,0.7857142857142857,0.5,0.65,0.8486394557823129
933,16,46,7,8,0.8051948051948052,0.7672955974842768,0.8679245283018868,0.6666666666666666,0.8598130841121495,0.6666666666666666,0.8679245283018868,0.6808510638297872,0.7703320739709684,0.889937106918239
934,17,45,5,10,0.8051948051948052,0.7648148148148148,0.9,0.6296296296296297,0.8571428571428571,0.6296296296296297,0.9,0.6938775510204082,0.7755102040816326,0.8437037037037037
935,15,49,7,6,0.8311688311688312,0.7946428571428572,0.875,0.7142857142857143,0.8828828828828829,0.7142857142857143,0.875,0.6976744186046512,0.790278650743767,0.9115646258503401
936,14,49,9,5,0.8181818181818182,0.7908348457350272,0.8448275862068966,0.7368421052631579,0.875,0.7368421052631579,0.8448275862068966,0.6666666666666666,0.7708333333333333,0.8357531760435571
937,12,55,4,6,0.8701298701298701,0.7994350282485876,0.9322033898305084,0.6666666666666666,0.9166666666666666,0.6666666666666666,0.9322033898305084,0.7058823529411765,0.8112745098039216,0.8973634651600754
938,14,45,8,10,0.7662337662337663,0.7161949685534592,0.8490566037735849,0.5833333333333334,0.8333333333333334,0.5833333333333334,0.8490566037735849,0.6086956521739131,0.7210144927536233,0.8309748427672956
939,7,55,6,9,0.8051948051948052,0.6695696721311475,0.9016393442622951,0.4375,0.88,0.4375,0.9016393442622951,0.4827586206896552,0.6813793103448276,0.8073770491803279
940,11,47,8,11,0.7532467532467533,0.6772727272727272,0.8545454545454545,0.5,0.831858407079646,0.5,0.8545454545454545,0.5365853658536586,0.6842218864666523,0.8471074380165289
941,13,48,8,8,0.7922077922077922,0.7380952380952381,0.8571428571428571,0.6190476190476191,0.8571428571428571,0.6190476190476191,0.8571428571428571,0.6190476190476191,0.7380952380952381,0.8137755102040816
942,12,49,11,5,0.7922077922077922,0.7612745098039215,0.8166666666666667,0.7058823529411765,0.8596491228070176,0.7058823529411765,0.8166666666666667,0.6,0.7298245614035088,0.8392156862745097
943,18,44,8,7,0.8051948051948052,0.783076923076923,0.8461538461538461,0.72,0.8543689320388349,0.72,0.8461538461538461,0.7058823529411765,0.7801256424900057,0.8700000000000001
944,10,50,10,7,0.7792207792207793,0.7107843137254902,0.8333333333333334,0.5882352941176471,0.8547008547008547,0.5882352941176471,0.8333333333333334,0.5405405405405406,0.6976206976206976,0.7872549019607843
945,12,53,8,4,0.8441558441558441,0.8094262295081966,0.8688524590163934,0.75,0.8983050847457628,0.75,0.8688524590163934,0.6666666666666666,0.7824858757062148,0.8760245901639343
946,10,52,11,4,0.8051948051948052,0.7698412698412698,0.8253968253968254,0.7142857142857143,0.8739495798319328,0.7142857142857143,0.8253968253968254,0.5714285714285714,0.7226890756302521,0.8480725623582765
947,11,50,6,10,0.7922077922077922,0.7083333333333334,0.8928571428571429,0.5238095238095238,0.8620689655172413,0.5238095238095238,0.8928571428571429,0.5789473684210527,0.720508166969147,0.8384353741496599
948,12,47,9,9,0.7662337662337663,0.7053571428571428,0.8392857142857143,0.5714285714285714,0.8392857142857143,0.5714285714285714,0.8392857142857143,0.5714285714285714,0.7053571428571428,0.8231292517006802
949,9,49,12,7,0.7532467532467533,0.6828893442622951,0.8032786885245902,0.5625,0.8376068376068376,0.5625,0.8032786885245902,0.4864864864864865,0.6620466620466621,0.8606557377049181
950,9,49,10,9,0.7532467532467533,0.6652542372881356,0.8305084745762712,0.5,0.8376068376068376,0.5,0.8305084745762712,0.4864864864864865,0.6620466620466621,0.756120527306968
951,14,42,12,9,0.7272727272727273,0.6932367149758454,0.7777777777777778,0.6086956521739131,0.8,0.6086956521739131,0.7777777777777778,0.5714285714285714,0.6857142857142857,0.8381642512077295
952,10,55,9,3,0.8441558441558441,0.8143028846153846,0.859375,0.7692307692307693,0.9016393442622951,0.7692307692307693,0.859375,0.625,0.7633196721311475,0.8341346153846154
953,8,50,7,12,0.7532467532467533,0.6385964912280702,0.8771929824561403,0.4,0.8403361344537815,0.4,0.8771929824561403,0.45714285714285713,0.6487394957983194,0.7903508771929825
954,10,51,7,9,0.7922077922077922,0.7028130671506352,0.8793103448275862,0.5263157894736842,0.864406779661017,0.5263157894736842,0.8793103448275862,0.5555555555555556,0.7099811676082863,0.8548094373865699
955,11,54,6,6,0.8441558441558441,0.7735294117647059,0.9,0.6470588235294118,0.9,0.6470588235294118,0.9,0.6470588235294118,0.7735294117647059,0.8794117647058823
956,11,48,12,6,0.7662337662337663,0.723529411764706,0.8,0.6470588235294118,0.8421052631578947,0.6470588235294118,0.8,0.55,0.6960526315789474,0.8254901960784313
957,18,39,11,9,0.7402597402597403,0.7233333333333334,0.78,0.6666666666666666,0.7959183673469388,0.6666666666666666,0.78,0.6428571428571429,0.7193877551020409,0.8733333333333332
958,12,52,6,7,0.8311688311688312,0.764065335753176,0.896551724137931,0.631578947368421,0.8888888888888888,0.631578947368421,0.896551724137931,0.6486486486486487,0.7687687687687688,0.8756805807622505
959,13,48,9,7,0.7922077922077922,0.7460526315789473,0.8421052631578947,0.65,0.8571428571428571,0.65,0.8421052631578947,0.6190476190476191,0.7380952380952381,0.8078947368421053
960,15,50,10,2,0.8441558441558441,0.857843137254902,0.8333333333333334,0.8823529411764706,0.8928571428571429,0.8823529411764706,0.8333333333333334,0.7142857142857143,0.8035714285714286,0.903921568627451
961,13,51,9,4,0.8311688311688312,0.8073529411764706,0.85,0.7647058823529411,0.8869565217391304,0.7647058823529411,0.85,0.6666666666666666,0.7768115942028986,0.9343137254901961
962,13,52,5,7,0.8441558441558441,0.781140350877193,0.9122807017543859,0.65,0.896551724137931,0.65,0.9122807017543859,0.6842105263157895,0.7903811252268602,0.8473684210526315
963,12,49,8,8,0.7922077922077922,0.7298245614035088,0.8596491228070176,0.6,0.8596491228070176,0.6,0.8596491228070176,0.6,0.7298245614035088,0.8500000000000001
964,14,45,7,11,0.7662337662337663,0.7126923076923077,0.8653846153846154,0.56,0.8333333333333334,0.56,0.8653846153846154,0.6086956521739131,0.7210144927536233,0.7607692307692308
965,14,47,5,11,0.7922077922077922,0.7319230769230769,0.9038461538461539,0.56,0.8545454545454545,0.56,0.9038461538461539,0.6363636363636364,0.7454545454545454,0.8238461538461538
966,11,43,11,12,0.7012987012987013,0.6372785829307568,0.7962962962962963,0.4782608695652174,0.7889908256880734,0.4782608695652174,0.7962962962962963,0.4888888888888889,0.6389398572884811,0.748792270531401
967,14,48,10,5,0.8051948051948052,0.7822141560798548,0.8275862068965517,0.7368421052631579,0.8648648648648649,0.7368421052631579,0.8275862068965517,0.6511627906976745,0.7580138277812697,0.9183303085299456
968,12,55,3,7,0.8701298701298701,0.7899274047186933,0.9482758620689655,0.631578947368421,0.9166666666666666,0.631578947368421,0.9482758620689655,0.7058823529411765,0.8112745098039216,0.8956442831215972
969,4,58,5,10,0.8051948051948052,0.6031746031746031,0.9206349206349206,0.2857142857142857,0.8854961832061069,0.2857142857142857,0.9206349206349206,0.34782608695652173,0.6166611350813143,0.8049886621315193
970,14,44,12,7,0.7532467532467533,0.7261904761904762,0.7857142857142857,0.6666666666666666,0.822429906542056,0.6666666666666666,0.7857142857142857,0.5957446808510638,0.70908729369656,0.8681972789115646
971,14,42,14,7,0.7272727272727273,0.7083333333333333,0.75,0.6666666666666666,0.8,0.6666666666666666,0.75,0.5714285714285714,0.6857142857142857,0.7704081632653061
972,13,40,10,14,0.6883116883116883,0.6407407407407407,0.8,0.48148148148148145,0.7692307692307693,0.48148148148148145,0.8,0.52,0.6446153846153846,0.794074074074074
973,13,54,3,7,0.8701298701298701,0.7986842105263158,0.9473684210526315,0.65,0.9152542372881356,0.65,0.9473684210526315,0.7222222222222222,0.8187382297551788,0.8859649122807017
974,9,55,7,6,0.8311688311688312,0.7435483870967742,0.8870967741935484,0.6,0.8943089430894309,0.6,0.8870967741935484,0.5806451612903226,0.7374770521898768,0.8258064516129032
975,10,49,6,12,0.7662337662337663,0.6727272727272727,0.8909090909090909,0.45454545454545453,0.8448275862068966,0.45454545454545453,0.8909090909090909,0.5263157894736842,0.6855716878402904,0.8074380165289257
976,9,49,9,10,0.7532467532467533,0.6592558983666061,0.8448275862068966,0.47368421052631576,0.8376068376068376,0.47368421052631576,0.8448275862068966,0.4864864864864865,0.6620466620466621,0.7395644283121596
977,15,49,3,10,0.8311688311688312,0.7711538461538461,0.9423076923076923,0.6,0.8828828828828829,0.6,0.9423076923076923,0.6976744186046512,0.790278650743767,0.8823076923076923
978,13,49,3,12,0.8051948051948052,0.7311538461538462,0.9423076923076923,0.52,0.8672566371681416,0.52,0.9423076923076923,0.6341463414634146,0.7507014893157782,0.8653846153846154
979,16,45,7,9,0.7922077922077922,0.7526923076923078,0.8653846153846154,0.64,0.8490566037735849,0.64,0.8653846153846154,0.6666666666666666,0.7578616352201257,0.8246153846153846
980,6,53,9,9,0.7662337662337663,0.6274193548387097,0.8548387096774194,0.4,0.8548387096774194,0.4,0.8548387096774194,0.4,0.6274193548387097,0.7043010752688172
981,17,40,9,11,0.7402597402597403,0.7117346938775511,0.8163265306122449,0.6071428571428571,0.8,0.6071428571428571,0.8163265306122449,0.6296296296296297,0.7148148148148148,0.7798833819241981
982,16,52,8,1,0.8831168831168831,0.903921568627451,0.8666666666666667,0.9411764705882353,0.9203539823008849,0.9411764705882353,0.8666666666666667,0.7804878048780488,0.8504208935894668,0.9480392156862745
983,17,47,8,5,0.8311688311688312,0.8136363636363636,0.8545454545454545,0.7727272727272727,0.8785046728971962,0.7727272727272727,0.8545454545454545,0.723404255319149,0.8009544641081726,0.8396694214876034
984,10,51,7,9,0.7922077922077922,0.7028130671506352,0.8793103448275862,0.5263157894736842,0.864406779661017,0.5263157894736842,0.8793103448275862,0.5555555555555556,0.7099811676082863,0.8584392014519056
985,9,47,12,9,0.7272727272727273,0.6483050847457628,0.7966101694915254,0.5,0.8173913043478261,0.5,0.7966101694915254,0.46153846153846156,0.6394648829431439,0.775894538606403
986,15,41,8,13,0.7272727272727273,0.6862244897959184,0.8367346938775511,0.5357142857142857,0.7961165048543689,0.5357142857142857,0.8367346938775511,0.5882352941176471,0.692175899486008,0.8309037900874636
987,12,47,11,7,0.7662337662337663,0.7209618874773139,0.8103448275862069,0.631578947368421,0.8392857142857143,0.631578947368421,0.8103448275862069,0.5714285714285714,0.7053571428571428,0.838475499092559
988,14,50,10,3,0.8311688311688312,0.8284313725490196,0.8333333333333334,0.8235294117647058,0.8849557522123894,0.8235294117647058,0.8333333333333334,0.6829268292682927,0.7839412907403411,0.892156862745098
989,15,48,8,6,0.8181818181818182,0.7857142857142857,0.8571428571428571,0.7142857142857143,0.8727272727272727,0.7142857142857143,0.8571428571428571,0.6818181818181818,0.7772727272727272,0.8818027210884354
990,13,38,15,11,0.6623376623376623,0.6293238993710691,0.7169811320754716,0.5416666666666666,0.7450980392156863,0.5416666666666666,0.7169811320754716,0.5,0.6225490196078431,0.779874213836478
991,12,49,6,10,0.7922077922077922,0.7181818181818181,0.8909090909090909,0.5454545454545454,0.8596491228070176,0.5454545454545454,0.8909090909090909,0.6,0.7298245614035088,0.8322314049586776
992,13,49,6,9,0.8051948051948052,0.740909090909091,0.8909090909090909,0.5909090909090909,0.8672566371681416,0.5909090909090909,0.8909090909090909,0.6341463414634146,0.7507014893157782,0.8446280991735537
993,10,51,7,9,0.7922077922077922,0.7028130671506352,0.8793103448275862,0.5263157894736842,0.864406779661017,0.5263157894736842,0.8793103448275862,0.5555555555555556,0.7099811676082863,0.7486388384754991
994,12,44,6,15,0.7272727272727273,0.6622222222222223,0.88,0.4444444444444444,0.8073394495412844,0.4444444444444444,0.88,0.5333333333333333,0.6703363914373088,0.8177777777777778
995,9,46,12,10,0.7142857142857143,0.6333938294010889,0.7931034482758621,0.47368421052631576,0.8070175438596491,0.47368421052631576,0.7931034482758621,0.45,0.6285087719298246,0.7087114337568058
996,15,51,5,6,0.8571428571428571,0.8125,0.9107142857142857,0.7142857142857143,0.9026548672566371,0.7142857142857143,0.9107142857142857,0.7317073170731707,0.8171810921649039,0.9124149659863945
997,10,41,14,12,0.6623376623376623,0.6,0.7454545454545455,0.45454545454545453,0.7592592592592593,0.45454545454545453,0.7454545454545455,0.43478260869565216,0.5970209339774557,0.7289256198347107
998,10,50,8,9,0.7792207792207793,0.6941923774954628,0.8620689655172413,0.5263157894736842,0.8547008547008547,0.5263157894736842,0.8620689655172413,0.5405405405405406,0.6976206976206976,0.8548094373865698
999,15,40,12,10,0.7142857142857143,0.6846153846153846,0.7692307692307693,0.6,0.7843137254901961,0.6,0.7692307692307693,0.5769230769230769,0.6806184012066365,0.7646153846153846
1000,13,43,9,12,0.7272727272727273,0.6734615384615384,0.8269230769230769,0.52,0.8037383177570093,0.52,0.8269230769230769,0.5531914893617021,0.6784649035593557,0.8092307692307694
