round,TP,TN,FP,FN,Accuracy,BalancedAccuracy,Sensitivity_Class0,Specificity_Class0,F1_Class0,Sensitivity_Class1,Specificity_Class1,F1_Class1,F1_macro,AUC
1,20,37,4,12,0.7808219178082192,0.7637195121951219,0.9024390243902439,0.625,0.8222222222222222,0.625,0.9024390243902439,0.7142857142857143,0.7682539682539682,0.857469512195122
2,20,44,8,1,0.8767123287671232,0.8992673992673992,0.8461538461538461,0.9523809523809523,0.9072164948453608,0.9523809523809523,0.8461538461538461,0.8163265306122449,0.8617715127288028,0.9551282051282051
3,23,32,12,6,0.7534246575342466,0.7601880877742947,0.7272727272727273,0.7931034482758621,0.7804878048780488,0.7931034482758621,0.7272727272727273,0.71875,0.7496189024390244,0.84717868338558
4,13,37,10,13,0.684931506849315,0.6436170212765957,0.7872340425531915,0.5,0.7628865979381443,0.5,0.7872340425531915,0.5306122448979592,0.6467494214180518,0.7160392798690671
5,23,33,11,6,0.7671232876712328,0.771551724137931,0.75,0.7931034482758621,0.7951807228915663,0.7931034482758621,0.75,0.7301587301587301,0.7626697265251482,0.872257053291536
6,18,39,10,6,0.7808219178082192,0.7729591836734694,0.7959183673469388,0.75,0.8297872340425532,0.75,0.7959183673469388,0.6923076923076923,0.7610474631751227,0.8622448979591837
7,19,34,15,5,0.726027397260274,0.7427721088435374,0.6938775510204082,0.7916666666666666,0.7727272727272727,0.7916666666666666,0.6938775510204082,0.6551724137931034,0.7139498432601881,0.8613945578231292
8,15,37,13,8,0.7123287671232876,0.6960869565217391,0.74,0.6521739130434783,0.7789473684210526,0.6521739130434783,0.74,0.5882352941176471,0.6835913312693498,0.7956521739130434
9,25,29,13,6,0.7397260273972602,0.7484639016897081,0.6904761904761905,0.8064516129032258,0.7532467532467533,0.8064516129032258,0.6904761904761905,0.7246376811594203,0.7389422172030868,0.8748079877112135
10,13,38,12,10,0.6986301369863014,0.662608695652174,0.76,0.5652173913043478,0.7755102040816326,0.5652173913043478,0.76,0.5416666666666666,0.6585884353741496,0.7660869565217391
11,21,39,9,4,0.821917808219178,0.8262499999999999,0.8125,0.84,0.8571428571428571,0.84,0.8125,0.7636363636363637,0.8103896103896104,0.9333333333333332
12,20,38,8,7,0.7945205479452054,0.7834138486312399,0.8260869565217391,0.7407407407407407,0.8351648351648352,0.7407407407407407,0.8260869565217391,0.7272727272727273,0.7812187812187812,0.8752012882447664
13,16,40,13,4,0.7671232876712328,0.7773584905660378,0.7547169811320755,0.8,0.8247422680412371,0.8,0.7547169811320755,0.6530612244897959,0.7389017462655165,0.8773584905660377
14,28,33,7,5,0.8356164383561644,0.8367424242424242,0.825,0.8484848484848485,0.8461538461538461,0.8484848484848485,0.825,0.8235294117647058,0.8348416289592759,0.8795454545454544
15,14,42,13,4,0.7671232876712328,0.7707070707070707,0.7636363636363637,0.7777777777777778,0.8316831683168316,0.7777777777777778,0.7636363636363637,0.6222222222222222,0.7269526952695269,0.8808080808080808
16,21,35,12,5,0.7671232876712328,0.7761865793780687,0.7446808510638298,0.8076923076923077,0.8045977011494253,0.8076923076923077,0.7446808510638298,0.711864406779661,0.7582310539645432,0.8592471358428805
17,20,36,12,5,0.7671232876712328,0.775,0.75,0.8,0.8089887640449438,0.8,0.75,0.7017543859649122,0.755371575004928,0.8858333333333334
18,21,34,8,10,0.7534246575342466,0.7434715821812596,0.8095238095238095,0.6774193548387096,0.7906976744186046,0.6774193548387096,0.8095238095238095,0.7,0.7453488372093022,0.8364055299539171
19,16,35,14,8,0.6986301369863014,0.6904761904761905,0.7142857142857143,0.6666666666666666,0.7608695652173914,0.6666666666666666,0.7142857142857143,0.5925925925925926,0.676731078904992,0.8418367346938775
20,13,37,12,11,0.684931506849315,0.6483843537414966,0.7551020408163265,0.5416666666666666,0.7628865979381443,0.5416666666666666,0.7551020408163265,0.5306122448979592,0.6467494214180518,0.754251700680272
21,15,43,10,5,0.7945205479452054,0.7806603773584906,0.8113207547169812,0.75,0.8514851485148515,0.75,0.8113207547169812,0.6666666666666666,0.759075907590759,0.8330188679245283
22,13,39,14,7,0.7123287671232876,0.6929245283018868,0.7358490566037735,0.65,0.7878787878787878,0.65,0.7358490566037735,0.5531914893617021,0.6705351386202449,0.7849056603773585
23,18,29,17,9,0.6438356164383562,0.6485507246376812,0.6304347826086957,0.6666666666666666,0.6904761904761905,0.6666666666666666,0.6304347826086957,0.5806451612903226,0.6355606758832566,0.7697262479871175
24,20,38,9,6,0.7945205479452054,0.7888707037643208,0.8085106382978723,0.7692307692307693,0.8351648351648352,0.7692307692307693,0.8085106382978723,0.7272727272727273,0.7812187812187812,0.8756137479541736
25,13,45,7,8,0.7945205479452054,0.7422161172161172,0.8653846153846154,0.6190476190476191,0.8571428571428571,0.6190476190476191,0.8653846153846154,0.6341463414634146,0.7456445993031359,0.8177655677655676
26,18,43,8,4,0.8356164383561644,0.8306595365418895,0.8431372549019608,0.8181818181818182,0.8775510204081632,0.8181818181818182,0.8431372549019608,0.75,0.8137755102040816,0.9073083778966132
27,18,39,12,4,0.7808219178082192,0.7914438502673797,0.7647058823529411,0.8181818181818182,0.8297872340425532,0.8181818181818182,0.7647058823529411,0.6923076923076923,0.7610474631751227,0.8877005347593583
28,21,39,7,6,0.821917808219178,0.8128019323671498,0.8478260869565217,0.7777777777777778,0.8571428571428571,0.7777777777777778,0.8478260869565217,0.7636363636363637,0.8103896103896104,0.9259259259259259
29,19,38,9,7,0.7808219178082192,0.7696399345335515,0.8085106382978723,0.7307692307692307,0.8260869565217391,0.7307692307692307,0.8085106382978723,0.7037037037037037,0.7648953301127215,0.8723404255319148
30,10,45,14,4,0.7534246575342466,0.7384987893462469,0.7627118644067796,0.7142857142857143,0.8333333333333334,0.7142857142857143,0.7627118644067796,0.5263157894736842,0.6798245614035088,0.824455205811138
31,17,37,11,8,0.7397260273972602,0.7254166666666667,0.7708333333333334,0.68,0.7956989247311828,0.68,0.7708333333333334,0.6415094339622641,0.7186041793467235,0.8683333333333333
32,19,37,6,11,0.7671232876712328,0.7468992248062015,0.8604651162790697,0.6333333333333333,0.8131868131868132,0.6333333333333333,0.8604651162790697,0.6909090909090909,0.752047952047952,0.8085271317829457
33,22,32,11,8,0.7397260273972602,0.7387596899224806,0.7441860465116279,0.7333333333333333,0.7710843373493976,0.7333333333333333,0.7441860465116279,0.6984126984126984,0.734748517881048,0.8317829457364341
34,12,48,7,6,0.821917808219178,0.7696969696969697,0.8727272727272727,0.6666666666666666,0.8807339449541285,0.6666666666666666,0.8727272727272727,0.6486486486486487,0.7646912968013886,0.8272727272727273
35,22,38,11,2,0.821917808219178,0.8460884353741496,0.7755102040816326,0.9166666666666666,0.8539325842696629,0.9166666666666666,0.7755102040816326,0.7719298245614035,0.8129312044155332,0.9549319727891157
36,22,38,5,8,0.821917808219178,0.8085271317829457,0.8837209302325582,0.7333333333333333,0.8539325842696629,0.7333333333333333,0.8837209302325582,0.7719298245614035,0.8129312044155332,0.862015503875969
37,17,31,16,9,0.6575342465753424,0.65671031096563,0.6595744680851063,0.6538461538461539,0.7126436781609196,0.6538461538461539,0.6595744680851063,0.576271186440678,0.6444574323007988,0.7667757774140752
38,19,41,8,5,0.821917808219178,0.8142006802721089,0.8367346938775511,0.7916666666666666,0.8631578947368421,0.7916666666666666,0.8367346938775511,0.7450980392156863,0.8041279669762642,0.9175170068027211
39,20,35,11,7,0.7534246575342466,0.750805152979066,0.7608695652173914,0.7407407407407407,0.7954545454545454,0.7407407407407407,0.7608695652173914,0.6896551724137931,0.7425548589341693,0.8719806763285025
40,18,36,9,10,0.7397260273972602,0.7214285714285715,0.8,0.6428571428571429,0.7912087912087912,0.6428571428571429,0.8,0.6545454545454545,0.7228771228771229,0.8476190476190477
41,18,39,11,5,0.7808219178082192,0.781304347826087,0.78,0.782608695652174,0.8297872340425532,0.782608695652174,0.78,0.6923076923076923,0.7610474631751227,0.862608695652174
42,19,39,9,6,0.7945205479452054,0.78625,0.8125,0.76,0.8387096774193549,0.76,0.8125,0.7169811320754716,0.7778454047474133,0.8683333333333333
43,12,45,8,8,0.7808219178082192,0.7245283018867925,0.8490566037735849,0.6,0.8490566037735849,0.6,0.8490566037735849,0.6,0.7245283018867925,0.8386792452830188
44,20,38,8,7,0.7945205479452054,0.7834138486312399,0.8260869565217391,0.7407407407407407,0.8351648351648352,0.7407407407407407,0.8260869565217391,0.7272727272727273,0.7812187812187812,0.8429951690821256
45,17,37,13,6,0.7397260273972602,0.7395652173913043,0.74,0.7391304347826086,0.7956989247311828,0.7391304347826086,0.74,0.6415094339622641,0.7186041793467235,0.8747826086956522
46,24,36,7,6,0.821917808219178,0.8186046511627907,0.8372093023255814,0.8,0.8470588235294118,0.8,0.8372093023255814,0.7868852459016393,0.8169720347155256,0.8852713178294573
47,27,32,10,4,0.8082191780821918,0.8164362519201229,0.7619047619047619,0.8709677419354839,0.8205128205128205,0.8709677419354839,0.7619047619047619,0.7941176470588235,0.807315233785822,0.9185867895545314
48,24,30,13,6,0.7397260273972602,0.7488372093023257,0.6976744186046512,0.8,0.759493670886076,0.8,0.6976744186046512,0.7164179104477612,0.7379557906669185,0.8651162790697675
49,24,37,8,4,0.8356164383561644,0.8396825396825396,0.8222222222222222,0.8571428571428571,0.8604651162790697,0.8571428571428571,0.8222222222222222,0.8,0.8302325581395349,0.9246031746031746
50,17,34,10,12,0.6986301369863014,0.6794670846394983,0.7727272727272727,0.5862068965517241,0.7555555555555555,0.5862068965517241,0.7727272727272727,0.6071428571428571,0.6813492063492064,0.7993730407523512
51,17,36,14,6,0.726027397260274,0.7295652173913043,0.72,0.7391304347826086,0.782608695652174,0.7391304347826086,0.72,0.6296296296296297,0.7061191626409018,0.7991304347826086
52,21,38,7,7,0.8082191780821918,0.7972222222222223,0.8444444444444444,0.75,0.8444444444444444,0.75,0.8444444444444444,0.75,0.7972222222222223,0.8857142857142857
53,24,31,7,11,0.7534246575342466,0.7507518796992481,0.8157894736842105,0.6857142857142857,0.775,0.6857142857142857,0.8157894736842105,0.7272727272727273,0.7511363636363637,0.8857142857142857
54,12,36,13,12,0.6575342465753424,0.6173469387755102,0.7346938775510204,0.5,0.7422680412371134,0.5,0.7346938775510204,0.4897959183673469,0.6160319798022302,0.7006802721088435
55,17,35,11,10,0.7123287671232876,0.6952495974235104,0.7608695652173914,0.6296296296296297,0.7692307692307693,0.6296296296296297,0.7608695652173914,0.6181818181818182,0.6937062937062937,0.7270531400966184
56,18,35,9,11,0.726027397260274,0.7080721003134796,0.7954545454545454,0.6206896551724138,0.7777777777777778,0.6206896551724138,0.7954545454545454,0.6428571428571429,0.7103174603174603,0.8487460815047022
57,20,33,11,9,0.726027397260274,0.7198275862068966,0.75,0.6896551724137931,0.7674418604651163,0.6896551724137931,0.75,0.6666666666666666,0.7170542635658914,0.8471786833855799
58,24,33,13,3,0.7808219178082192,0.8031400966183575,0.717391304347826,0.8888888888888888,0.8048780487804879,0.8888888888888888,0.717391304347826,0.75,0.7774390243902439,0.8752012882447664
59,21,31,11,10,0.7123287671232876,0.7077572964669738,0.7380952380952381,0.6774193548387096,0.7469879518072289,0.6774193548387096,0.7380952380952381,0.6666666666666666,0.7068273092369477,0.8433179723502304
60,27,27,8,11,0.7397260273972602,0.7409774436090226,0.7714285714285715,0.7105263157894737,0.7397260273972602,0.7105263157894737,0.7714285714285715,0.7397260273972602,0.7397260273972602,0.8270676691729324
61,13,38,14,8,0.6986301369863014,0.674908424908425,0.7307692307692307,0.6190476190476191,0.7755102040816326,0.6190476190476191,0.7307692307692307,0.5416666666666666,0.6585884353741496,0.7454212454212454
62,20,34,16,3,0.7397260273972602,0.7747826086956522,0.68,0.8695652173913043,0.7816091954022989,0.8695652173913043,0.68,0.6779661016949152,0.729787648548607,0.9321739130434783
63,16,41,9,7,0.7808219178082192,0.7578260869565216,0.82,0.6956521739130435,0.8367346938775511,0.6956521739130435,0.82,0.6666666666666666,0.7517006802721089,0.8860869565217391
64,19,37,12,5,0.7671232876712328,0.7733843537414966,0.7551020408163265,0.7916666666666666,0.8131868131868132,0.7916666666666666,0.7551020408163265,0.6909090909090909,0.752047952047952,0.8622448979591837
65,15,41,8,9,0.7671232876712328,0.7308673469387755,0.8367346938775511,0.625,0.8282828282828283,0.625,0.8367346938775511,0.6382978723404256,0.7332903503116269,0.8409863945578231
66,20,32,15,6,0.7123287671232876,0.7250409165302782,0.6808510638297872,0.7692307692307693,0.7529411764705882,0.7692307692307693,0.6808510638297872,0.6557377049180327,0.7043394406943104,0.8076923076923077
67,18,32,16,7,0.684931506849315,0.6933333333333334,0.6666666666666666,0.72,0.735632183908046,0.72,0.6666666666666666,0.6101694915254238,0.6729008377167349,0.8216666666666667
68,13,35,16,9,0.6575342465753424,0.6385918003565063,0.6862745098039216,0.5909090909090909,0.7368421052631579,0.5909090909090909,0.6862745098039216,0.5098039215686274,0.6233230134158927,0.7566844919786097
69,20,42,10,1,0.8493150684931506,0.88003663003663,0.8076923076923077,0.9523809523809523,0.8842105263157894,0.9523809523809523,0.8076923076923077,0.7843137254901961,0.8342621259029928,0.9633699633699633
70,19,35,12,7,0.7397260273972602,0.7377250409165302,0.7446808510638298,0.7307692307692307,0.7865168539325843,0.7307692307692307,0.7446808510638298,0.6666666666666666,0.7265917602996255,0.8518821603927987
71,16,35,15,7,0.6986301369863014,0.6978260869565217,0.7,0.6956521739130435,0.7608695652173914,0.6956521739130435,0.7,0.5925925925925926,0.676731078904992,0.8443478260869565
72,14,41,12,6,0.7534246575342466,0.7367924528301887,0.7735849056603774,0.7,0.82,0.7,0.7735849056603774,0.6086956521739131,0.7143478260869565,0.8547169811320754
73,24,30,10,9,0.7397260273972602,0.7386363636363636,0.75,0.7272727272727273,0.759493670886076,0.7272727272727273,0.75,0.7164179104477612,0.7379557906669185,0.8257575757575757
74,15,34,11,13,0.6712328767123288,0.6456349206349206,0.7555555555555555,0.5357142857142857,0.7391304347826086,0.5357142857142857,0.7555555555555555,0.5555555555555556,0.6473429951690821,0.7166666666666667
75,26,27,11,9,0.726027397260274,0.7266917293233083,0.7105263157894737,0.7428571428571429,0.7297297297297297,0.7428571428571429,0.7105263157894737,0.7222222222222222,0.725975975975976,0.8481203007518797
76,22,29,13,9,0.6986301369863014,0.7000768049155146,0.6904761904761905,0.7096774193548387,0.725,0.7096774193548387,0.6904761904761905,0.6666666666666666,0.6958333333333333,0.8018433179723502
77,17,38,9,9,0.7534246575342466,0.7311783960720131,0.8085106382978723,0.6538461538461539,0.8085106382978723,0.6538461538461539,0.8085106382978723,0.6538461538461539,0.7311783960720131,0.8265139116202946
78,21,34,14,4,0.7534246575342466,0.7741666666666667,0.7083333333333334,0.84,0.7906976744186046,0.84,0.7083333333333334,0.7,0.7453488372093022,0.8941666666666667
79,21,35,11,6,0.7671232876712328,0.7693236714975846,0.7608695652173914,0.7777777777777778,0.8045977011494253,0.7777777777777778,0.7608695652173914,0.711864406779661,0.7582310539645432,0.9049919484702094
80,17,37,15,4,0.7397260273972602,0.7605311355311355,0.7115384615384616,0.8095238095238095,0.7956989247311828,0.8095238095238095,0.7115384615384616,0.6415094339622641,0.7186041793467235,0.847985347985348
81,18,42,8,5,0.821917808219178,0.811304347826087,0.84,0.782608695652174,0.865979381443299,0.782608695652174,0.84,0.7346938775510204,0.8003366294971597,0.9121739130434783
82,18,35,10,10,0.726027397260274,0.7103174603174603,0.7777777777777778,0.6428571428571429,0.7777777777777778,0.6428571428571429,0.7777777777777778,0.6428571428571429,0.7103174603174603,0.7452380952380954
83,27,31,12,3,0.7945205479452054,0.8104651162790697,0.7209302325581395,0.9,0.8051948051948052,0.9,0.7209302325581395,0.782608695652174,0.7939017504234895,0.9263565891472869
84,27,31,9,6,0.7945205479452054,0.7965909090909091,0.775,0.8181818181818182,0.8051948051948052,0.8181818181818182,0.775,0.782608695652174,0.7939017504234895,0.9015151515151516
85,22,34,15,2,0.7671232876712328,0.8052721088435374,0.6938775510204082,0.9166666666666666,0.8,0.9166666666666666,0.6938775510204082,0.7213114754098361,0.7606557377049181,0.9175170068027211
86,21,31,13,8,0.7123287671232876,0.7143416927899686,0.7045454545454546,0.7241379310344828,0.7469879518072289,0.7241379310344828,0.7045454545454546,0.6666666666666666,0.7068273092369477,0.8385579937304075
87,24,31,13,5,0.7534246575342466,0.7660658307210031,0.7045454545454546,0.8275862068965517,0.775,0.8275862068965517,0.7045454545454546,0.7272727272727273,0.7511363636363637,0.9098746081504703
88,20,35,8,10,0.7534246575342466,0.7403100775193798,0.813953488372093,0.6666666666666666,0.7954545454545454,0.6666666666666666,0.813953488372093,0.6896551724137931,0.7425548589341693,0.8139534883720929
89,20,38,10,5,0.7945205479452054,0.7958333333333334,0.7916666666666666,0.8,0.8351648351648352,0.8,0.7916666666666666,0.7272727272727273,0.7812187812187812,0.8899999999999999
90,25,33,8,7,0.7945205479452054,0.7930640243902439,0.8048780487804879,0.78125,0.8148148148148148,0.78125,0.8048780487804879,0.7692307692307693,0.792022792022792,0.8666158536585367
91,22,36,10,5,0.7945205479452054,0.7987117552334944,0.782608695652174,0.8148148148148148,0.8275862068965517,0.8148148148148148,0.782608695652174,0.7457627118644068,0.7866744593804793,0.9017713365539453
92,23,38,8,4,0.8356164383561644,0.8389694041867954,0.8260869565217391,0.8518518518518519,0.8636363636363636,0.8518518518518519,0.8260869565217391,0.7931034482758621,0.8283699059561129,0.9106280193236714
93,14,39,14,6,0.726027397260274,0.7179245283018867,0.7358490566037735,0.7,0.7959183673469388,0.7,0.7358490566037735,0.5833333333333334,0.689625850340136,0.8481132075471698
94,21,37,8,7,0.7945205479452054,0.7861111111111111,0.8222222222222222,0.75,0.8314606741573034,0.75,0.8222222222222222,0.7368421052631579,0.7841513897102306,0.9031746031746032
95,17,36,12,8,0.726027397260274,0.7150000000000001,0.75,0.68,0.782608695652174,0.68,0.75,0.6296296296296297,0.7061191626409018,0.7758333333333333
96,15,35,16,7,0.684931506849315,0.6840463458110517,0.6862745098039216,0.6818181818181818,0.7526881720430108,0.6818181818181818,0.6862745098039216,0.5660377358490566,0.6593629539460337,0.7540106951871658
97,16,37,12,8,0.726027397260274,0.7108843537414966,0.7551020408163265,0.6666666666666666,0.7872340425531915,0.6666666666666666,0.7551020408163265,0.6153846153846154,0.7013093289689034,0.8027210884353742
98,20,40,12,1,0.821917808219178,0.8608058608058609,0.7692307692307693,0.9523809523809523,0.8602150537634409,0.9523809523809523,0.7692307692307693,0.7547169811320755,0.8074660174477581,0.9423076923076923
99,14,41,10,8,0.7534246575342466,0.7201426024955437,0.803921568627451,0.6363636363636364,0.82,0.6363636363636364,0.803921568627451,0.6086956521739131,0.7143478260869565,0.8226381461675579
100,20,31,15,7,0.6986301369863014,0.7073268921095008,0.6739130434782609,0.7407407407407407,0.7380952380952381,0.7407407407407407,0.6739130434782609,0.6451612903225806,0.6916282642089093,0.8196457326892109
101,14,29,21,9,0.589041095890411,0.5943478260869566,0.58,0.6086956521739131,0.6590909090909091,0.6086956521739131,0.58,0.4827586206896552,0.5709247648902821,0.768695652173913
102,25,29,14,5,0.7397260273972602,0.7538759689922481,0.6744186046511628,0.8333333333333334,0.7532467532467533,0.8333333333333334,0.6744186046511628,0.7246376811594203,0.7389422172030868,0.8852713178294574
103,23,37,10,3,0.821917808219178,0.835924713584288,0.7872340425531915,0.8846153846153846,0.8505747126436781,0.8846153846153846,0.7872340425531915,0.7796610169491526,0.8151178647964153,0.9279869067103109
104,22,28,16,7,0.684931506849315,0.6974921630094044,0.6363636363636364,0.7586206896551724,0.7088607594936709,0.7586206896551724,0.6363636363636364,0.6567164179104478,0.6827885887020593,0.8612852664576802
105,13,42,11,7,0.7534246575342466,0.7212264150943397,0.7924528301886793,0.65,0.8235294117647058,0.65,0.7924528301886793,0.5909090909090909,0.7072192513368984,0.8028301886792453
106,22,30,11,10,0.7123287671232876,0.7096036585365854,0.7317073170731707,0.6875,0.7407407407407407,0.6875,0.7317073170731707,0.676923076923077,0.7088319088319088,0.8170731707317073
107,12,38,12,11,0.684931506849315,0.6408695652173912,0.76,0.5217391304347826,0.7676767676767676,0.5217391304347826,0.76,0.5106382978723404,0.639157532774554,0.7460869565217391
108,21,34,10,8,0.7534246575342466,0.7484326018808778,0.7727272727272727,0.7241379310344828,0.7906976744186046,0.7241379310344828,0.7727272727272727,0.7,0.7453488372093022,0.8119122257053291
109,21,40,9,3,0.8356164383561644,0.8456632653061225,0.8163265306122449,0.875,0.8695652173913043,0.875,0.8163265306122449,0.7777777777777778,0.8236714975845411,0.9396258503401361
110,27,31,8,7,0.7945205479452054,0.7944947209653092,0.7948717948717948,0.7941176470588235,0.8051948051948052,0.7941176470588235,0.7948717948717948,0.782608695652174,0.7939017504234895,0.8748114630467572
111,19,38,12,4,0.7808219178082192,0.7930434782608695,0.76,0.8260869565217391,0.8260869565217391,0.8260869565217391,0.76,0.7037037037037037,0.7648953301127215,0.8791304347826087
112,26,34,8,5,0.821917808219178,0.8241167434715821,0.8095238095238095,0.8387096774193549,0.8395061728395061,0.8387096774193549,0.8095238095238095,0.8,0.8197530864197531,0.9001536098310292
113,22,37,7,7,0.8082191780821918,0.7997648902821317,0.8409090909090909,0.7586206896551724,0.8409090909090909,0.7586206896551724,0.8409090909090909,0.7586206896551724,0.7997648902821317,0.8706896551724137
114,19,36,12,6,0.7534246575342466,0.755,0.75,0.76,0.8,0.76,0.75,0.6785714285714286,0.7392857142857143,0.885
115,18,28,11,16,0.6301369863013698,0.6236802413273002,0.717948717948718,0.5294117647058824,0.6746987951807228,0.5294117647058824,0.717948717948718,0.5714285714285714,0.6230636833046471,0.7171945701357467
116,11,37,15,10,0.6575342465753424,0.6176739926739927,0.7115384615384616,0.5238095238095238,0.7474747474747475,0.5238095238095238,0.7115384615384616,0.46808510638297873,0.6077799269288631,0.6364468864468864
117,24,27,13,9,0.6986301369863014,0.7011363636363637,0.675,0.7272727272727273,0.7105263157894737,0.7272727272727273,0.675,0.6857142857142857,0.6981203007518797,0.8318181818181818
118,24,30,13,6,0.7397260273972602,0.7488372093023257,0.6976744186046512,0.8,0.759493670886076,0.8,0.6976744186046512,0.7164179104477612,0.7379557906669185,0.834108527131783
119,16,42,8,7,0.7945205479452054,0.7678260869565217,0.84,0.6956521739130435,0.8484848484848485,0.6956521739130435,0.84,0.6808510638297872,0.7646679561573179,0.8982608695652174
120,18,32,11,12,0.684931506849315,0.672093023255814,0.7441860465116279,0.6,0.735632183908046,0.6,0.7441860465116279,0.6101694915254238,0.6729008377167349,0.7542635658914728
121,16,39,11,7,0.7534246575342466,0.7378260869565217,0.78,0.6956521739130435,0.8125,0.6956521739130435,0.78,0.64,0.7262500000000001,0.8069565217391305
122,22,34,5,12,0.7671232876712328,0.7594268476621417,0.8717948717948718,0.6470588235294118,0.8,0.6470588235294118,0.8717948717948718,0.7213114754098361,0.7606557377049181,0.8144796380090498
123,17,33,14,9,0.684931506849315,0.677986906710311,0.7021276595744681,0.6538461538461539,0.7415730337078652,0.6538461538461539,0.7021276595744681,0.5964912280701754,0.6690321308890204,0.7708674304418985
124,14,43,10,6,0.7808219178082192,0.7556603773584906,0.8113207547169812,0.7,0.8431372549019608,0.7,0.8113207547169812,0.6363636363636364,0.7397504456327986,0.8311320754716981
125,20,39,10,4,0.8082191780821918,0.814625850340136,0.7959183673469388,0.8333333333333334,0.8478260869565217,0.8333333333333334,0.7959183673469388,0.7407407407407407,0.7942834138486312,0.8801020408163266
126,14,40,11,8,0.7397260273972602,0.7103386809269162,0.7843137254901961,0.6363636363636364,0.8080808080808081,0.6363636363636364,0.7843137254901961,0.5957446808510638,0.7019127444659359,0.8021390374331551
127,30,29,8,6,0.8082191780821918,0.8085585585585586,0.7837837837837838,0.8333333333333334,0.8055555555555556,0.8333333333333334,0.7837837837837838,0.8108108108108109,0.8081831831831832,0.9151651651651652
128,29,30,7,7,0.8082191780821918,0.8081831831831832,0.8108108108108109,0.8055555555555556,0.8108108108108109,0.8055555555555556,0.8108108108108109,0.8055555555555556,0.8081831831831832,0.8971471471471472
129,18,32,13,10,0.684931506849315,0.676984126984127,0.7111111111111111,0.6428571428571429,0.735632183908046,0.6428571428571429,0.7111111111111111,0.6101694915254238,0.6729008377167349,0.761904761904762
130,13,33,13,14,0.6301369863013698,0.5994363929146538,0.717391304347826,0.48148148148148145,0.7096774193548387,0.48148148148148145,0.717391304347826,0.49056603773584906,0.600121728545344,0.7407407407407407
131,24,36,9,4,0.821917808219178,0.8285714285714285,0.8,0.8571428571428571,0.8470588235294118,0.8571428571428571,0.8,0.7868852459016393,0.8169720347155256,0.9015873015873016
132,20,39,9,5,0.8082191780821918,0.80625,0.8125,0.8,0.8478260869565217,0.8,0.8125,0.7407407407407407,0.7942834138486312,0.865
133,16,43,6,8,0.8082191780821918,0.7721088435374149,0.8775510204081632,0.6666666666666666,0.86,0.6666666666666666,0.8775510204081632,0.6956521739130435,0.7778260869565217,0.814625850340136
134,21,36,11,5,0.7808219178082192,0.7868248772504092,0.7659574468085106,0.8076923076923077,0.8181818181818182,0.8076923076923077,0.7659574468085106,0.7241379310344828,0.7711598746081505,0.8674304418985269
135,24,36,11,2,0.821917808219178,0.8445171849427169,0.7659574468085106,0.9230769230769231,0.8470588235294118,0.9230769230769231,0.7659574468085106,0.7868852459016393,0.8169720347155256,0.9304418985270049
136,16,42,9,6,0.7945205479452054,0.7754010695187166,0.8235294117647058,0.7272727272727273,0.8484848484848485,0.7272727272727273,0.8235294117647058,0.6808510638297872,0.7646679561573179,0.8859180035650623
137,16,36,11,10,0.7123287671232876,0.690671031096563,0.7659574468085106,0.6153846153846154,0.7741935483870968,0.6153846153846154,0.7659574468085106,0.6037735849056604,0.6889835666463786,0.8027823240589198
138,16,37,14,6,0.726027397260274,0.7263814616755793,0.7254901960784313,0.7272727272727273,0.7872340425531915,0.7272727272727273,0.7254901960784313,0.6153846153846154,0.7013093289689034,0.8431372549019609
139,17,41,11,4,0.7945205479452054,0.798992673992674,0.7884615384615384,0.8095238095238095,0.845360824742268,0.8095238095238095,0.7884615384615384,0.6938775510204082,0.7696191878813381,0.8937728937728937
140,13,38,10,12,0.6986301369863014,0.6558333333333333,0.7916666666666666,0.52,0.7755102040816326,0.52,0.7916666666666666,0.5416666666666666,0.6585884353741496,0.7708333333333334
141,21,34,12,6,0.7534246575342466,0.7584541062801933,0.7391304347826086,0.7777777777777778,0.7906976744186046,0.7777777777777778,0.7391304347826086,0.7,0.7453488372093022,0.8333333333333333
142,19,34,10,10,0.726027397260274,0.7139498432601881,0.7727272727272727,0.6551724137931034,0.7727272727272727,0.6551724137931034,0.7727272727272727,0.6551724137931034,0.7139498432601881,0.8362068965517241
143,20,32,13,8,0.7123287671232876,0.7126984126984127,0.7111111111111111,0.7142857142857143,0.7529411764705882,0.7142857142857143,0.7111111111111111,0.6557377049180327,0.7043394406943104,0.8865079365079366
144,20,38,10,5,0.7945205479452054,0.7958333333333334,0.7916666666666666,0.8,0.8351648351648352,0.8,0.7916666666666666,0.7272727272727273,0.7812187812187812,0.915
145,11,43,11,8,0.7397260273972602,0.6876218323586745,0.7962962962962963,0.5789473684210527,0.819047619047619,0.5789473684210527,0.7962962962962963,0.5365853658536586,0.6778164924506388,0.8109161793372319
146,20,37,7,9,0.7808219178082192,0.765282131661442,0.8409090909090909,0.6896551724137931,0.8222222222222222,0.6896551724137931,0.8409090909090909,0.7142857142857143,0.7682539682539682,0.8918495297805642
147,24,31,10,8,0.7534246575342466,0.7530487804878049,0.7560975609756098,0.75,0.775,0.75,0.7560975609756098,0.7272727272727273,0.7511363636363637,0.8567073170731707
148,18,35,8,12,0.726027397260274,0.7069767441860465,0.813953488372093,0.6,0.7777777777777778,0.6,0.813953488372093,0.6428571428571429,0.7103174603174603,0.8534883720930233
149,16,37,10,10,0.726027397260274,0.7013093289689034,0.7872340425531915,0.6153846153846154,0.7872340425531915,0.6153846153846154,0.7872340425531915,0.6153846153846154,0.7013093289689034,0.7864157119476269
150,22,37,7,7,0.8082191780821918,0.7997648902821317,0.8409090909090909,0.7586206896551724,0.8409090909090909,0.7586206896551724,0.8409090909090909,0.7586206896551724,0.7997648902821317,0.9020376175548589
151,16,42,8,7,0.7945205479452054,0.7678260869565217,0.84,0.6956521739130435,0.8484848484848485,0.6956521739130435,0.84,0.6808510638297872,0.7646679561573179,0.8826086956521739
152,13,45,10,5,0.7945205479452054,0.7702020202020202,0.8181818181818182,0.7222222222222222,0.8571428571428571,0.7222222222222222,0.8181818181818182,0.6341463414634146,0.7456445993031359,0.8464646464646465
153,24,29,14,6,0.726027397260274,0.7372093023255815,0.6744186046511628,0.8,0.7435897435897436,0.8,0.6744186046511628,0.7058823529411765,0.7247360482654601,0.8596899224806202
154,20,41,8,4,0.8356164383561644,0.8350340136054422,0.8367346938775511,0.8333333333333334,0.8723404255319149,0.8333333333333334,0.8367346938775511,0.7692307692307693,0.820785597381342,0.8971088435374149
155,25,32,9,7,0.7808219178082192,0.7808689024390244,0.7804878048780488,0.78125,0.8,0.78125,0.7804878048780488,0.7575757575757576,0.7787878787878788,0.8902439024390243
156,14,35,14,10,0.6712328767123288,0.6488095238095238,0.7142857142857143,0.5833333333333334,0.7446808510638298,0.5833333333333334,0.7142857142857143,0.5384615384615384,0.6415711947626841,0.7551020408163266
157,13,39,11,10,0.7123287671232876,0.672608695652174,0.78,0.5652173913043478,0.7878787878787878,0.5652173913043478,0.78,0.5531914893617021,0.6705351386202449,0.7965217391304348
158,20,32,16,5,0.7123287671232876,0.7333333333333334,0.6666666666666666,0.8,0.7529411764705882,0.8,0.6666666666666666,0.6557377049180327,0.7043394406943104,0.8558333333333333
159,18,31,12,12,0.6712328767123288,0.6604651162790698,0.7209302325581395,0.6,0.7209302325581395,0.6,0.7209302325581395,0.6,0.6604651162790698,0.7744186046511629
160,26,29,11,7,0.7534246575342466,0.7564393939393939,0.725,0.7878787878787878,0.7631578947368421,0.7878787878787878,0.725,0.7428571428571429,0.7530075187969925,0.8871212121212121
161,16,41,12,4,0.7808219178082192,0.7867924528301887,0.7735849056603774,0.8,0.8367346938775511,0.8,0.7735849056603774,0.6666666666666666,0.7517006802721089,0.8433962264150943
162,21,37,7,8,0.7945205479452054,0.7825235109717869,0.8409090909090909,0.7241379310344828,0.8314606741573034,0.7241379310344828,0.8409090909090909,0.7368421052631579,0.7841513897102306,0.8424764890282131
163,11,50,11,1,0.8356164383561644,0.8681693989071038,0.819672131147541,0.9166666666666666,0.8928571428571429,0.9166666666666666,0.819672131147541,0.6470588235294118,0.7699579831932774,0.9603825136612022
164,16,37,12,8,0.726027397260274,0.7108843537414966,0.7551020408163265,0.6666666666666666,0.7872340425531915,0.6666666666666666,0.7551020408163265,0.6153846153846154,0.7013093289689034,0.8248299319727891
165,22,32,11,8,0.7397260273972602,0.7387596899224806,0.7441860465116279,0.7333333333333333,0.7710843373493976,0.7333333333333333,0.7441860465116279,0.6984126984126984,0.734748517881048,0.882170542635659
166,18,37,13,5,0.7534246575342466,0.761304347826087,0.74,0.782608695652174,0.8043478260869565,0.782608695652174,0.74,0.6666666666666666,0.7355072463768115,0.871304347826087
167,18,34,12,9,0.7123287671232876,0.7028985507246377,0.7391304347826086,0.6666666666666666,0.7640449438202247,0.6666666666666666,0.7391304347826086,0.631578947368421,0.6978119455943228,0.8301127214170693
168,19,35,9,10,0.7397260273972602,0.7253134796238244,0.7954545454545454,0.6551724137931034,0.7865168539325843,0.6551724137931034,0.7954545454545454,0.6666666666666666,0.7265917602996255,0.8275862068965517
169,19,34,10,10,0.726027397260274,0.7139498432601881,0.7727272727272727,0.6551724137931034,0.7727272727272727,0.6551724137931034,0.7727272727272727,0.6551724137931034,0.7139498432601881,0.8134796238244514
170,12,44,11,6,0.7671232876712328,0.7333333333333334,0.8,0.6666666666666666,0.8380952380952381,0.6666666666666666,0.8,0.5853658536585366,0.7117305458768873,0.7898989898989899
171,18,36,9,10,0.7397260273972602,0.7214285714285715,0.8,0.6428571428571429,0.7912087912087912,0.6428571428571429,0.8,0.6545454545454545,0.7228771228771229,0.780952380952381
172,19,41,8,5,0.821917808219178,0.8142006802721089,0.8367346938775511,0.7916666666666666,0.8631578947368421,0.7916666666666666,0.8367346938775511,0.7450980392156863,0.8041279669762642,0.8596938775510204
173,19,40,11,3,0.8082191780821918,0.8239750445632799,0.7843137254901961,0.8636363636363636,0.851063829787234,0.8636363636363636,0.7843137254901961,0.7307692307692307,0.7909165302782324,0.9081996434937613
174,23,37,10,3,0.821917808219178,0.835924713584288,0.7872340425531915,0.8846153846153846,0.8505747126436781,0.8846153846153846,0.7872340425531915,0.7796610169491526,0.8151178647964153,0.9337152209492635
175,21,38,8,6,0.8082191780821918,0.8019323671497585,0.8260869565217391,0.7777777777777778,0.8444444444444444,0.7777777777777778,0.8260869565217391,0.75,0.7972222222222223,0.9082125603864735
176,20,29,16,8,0.6712328767123288,0.6793650793650794,0.6444444444444445,0.7142857142857143,0.7073170731707317,0.7142857142857143,0.6444444444444445,0.625,0.6661585365853658,0.8150793650793651
177,15,40,11,7,0.7534246575342466,0.7330659536541889,0.7843137254901961,0.6818181818181818,0.8163265306122449,0.6818181818181818,0.7843137254901961,0.625,0.7206632653061225,0.8048128342245989
178,18,34,11,10,0.7123287671232876,0.6992063492063492,0.7555555555555555,0.6428571428571429,0.7640449438202247,0.6428571428571429,0.7555555555555555,0.631578947368421,0.6978119455943228,0.7626984126984128
179,20,35,15,3,0.7534246575342466,0.7847826086956522,0.7,0.8695652173913043,0.7954545454545454,0.8695652173913043,0.7,0.6896551724137931,0.7425548589341693,0.8826086956521739
180,13,38,11,11,0.6986301369863014,0.6585884353741496,0.7755102040816326,0.5416666666666666,0.7755102040816326,0.5416666666666666,0.7755102040816326,0.5416666666666666,0.6585884353741496,0.8086734693877551
181,19,34,13,7,0.726027397260274,0.7270867430441899,0.723404255319149,0.7307692307692307,0.7727272727272727,0.7307692307692307,0.723404255319149,0.6551724137931034,0.7139498432601881,0.8330605564648117
182,21,39,10,3,0.821917808219178,0.8354591836734694,0.7959183673469388,0.875,0.8571428571428571,0.875,0.7959183673469388,0.7636363636363637,0.8103896103896104,0.9243197278911564
183,18,41,9,5,0.8082191780821918,0.801304347826087,0.82,0.782608695652174,0.8541666666666666,0.782608695652174,0.82,0.72,0.7870833333333334,0.8904347826086957
184,19,37,11,6,0.7671232876712328,0.7654166666666666,0.7708333333333334,0.76,0.8131868131868132,0.76,0.7708333333333334,0.6909090909090909,0.752047952047952,0.8391666666666667
185,19,33,14,7,0.7123287671232876,0.7164484451718494,0.7021276595744681,0.7307692307692307,0.7586206896551724,0.7307692307692307,0.7021276595744681,0.6440677966101694,0.7013442431326709,0.8518821603927987
186,18,36,14,5,0.7397260273972602,0.751304347826087,0.72,0.782608695652174,0.7912087912087912,0.782608695652174,0.72,0.6545454545454545,0.7228771228771229,0.8417391304347827
187,18,41,8,6,0.8082191780821918,0.7933673469387755,0.8367346938775511,0.75,0.8541666666666666,0.75,0.8367346938775511,0.72,0.7870833333333334,0.875
188,24,34,7,8,0.7945205479452054,0.7896341463414633,0.8292682926829268,0.75,0.8192771084337349,0.75,0.8292682926829268,0.7619047619047619,0.7905909351692484,0.8650914634146342
189,18,35,17,3,0.726027397260274,0.7651098901098901,0.6730769230769231,0.8571428571428571,0.7777777777777778,0.8571428571428571,0.6730769230769231,0.6428571428571429,0.7103174603174603,0.9010989010989011
190,15,33,19,6,0.6575342465753424,0.6744505494505495,0.6346153846153846,0.7142857142857143,0.7252747252747253,0.7142857142857143,0.6346153846153846,0.5454545454545454,0.6353646353646354,0.7866300366300366
191,25,38,4,6,0.863013698630137,0.8556067588325653,0.9047619047619048,0.8064516129032258,0.8837209302325582,0.8064516129032258,0.9047619047619048,0.8333333333333334,0.8585271317829457,0.9170506912442395
192,20,34,10,9,0.7397260273972602,0.7311912225705329,0.7727272727272727,0.6896551724137931,0.7816091954022989,0.6896551724137931,0.7727272727272727,0.6779661016949152,0.729787648548607,0.8236677115987461
193,21,35,11,6,0.7671232876712328,0.7693236714975846,0.7608695652173914,0.7777777777777778,0.8045977011494253,0.7777777777777778,0.7608695652173914,0.711864406779661,0.7582310539645432,0.8768115942028986
194,20,36,12,5,0.7671232876712328,0.775,0.75,0.8,0.8089887640449438,0.8,0.75,0.7017543859649122,0.755371575004928,0.8558333333333333
195,22,31,12,8,0.726027397260274,0.7271317829457364,0.7209302325581395,0.7333333333333333,0.7560975609756098,0.7333333333333333,0.7209302325581395,0.6875,0.7217987804878049,0.8193798449612403
196,19,30,11,13,0.6712328767123288,0.6627286585365854,0.7317073170731707,0.59375,0.7142857142857143,0.59375,0.7317073170731707,0.6129032258064516,0.663594470046083,0.7278963414634146
197,18,40,6,9,0.7945205479452054,0.7681159420289855,0.8695652173913043,0.6666666666666666,0.8421052631578947,0.6666666666666666,0.8695652173913043,0.7058823529411765,0.7739938080495357,0.7898550724637682
198,17,44,7,5,0.8356164383561644,0.8177361853832442,0.8627450980392157,0.7727272727272727,0.88,0.7727272727272727,0.8627450980392157,0.7391304347826086,0.8095652173913044,0.9001782531194296
199,19,36,10,8,0.7534246575342466,0.7431561996779388,0.782608695652174,0.7037037037037037,0.8,0.7037037037037037,0.782608695652174,0.6785714285714286,0.7392857142857143,0.8260869565217392
200,21,36,10,6,0.7808219178082192,0.7801932367149759,0.782608695652174,0.7777777777777778,0.8181818181818182,0.7777777777777778,0.782608695652174,0.7241379310344828,0.7711598746081505,0.8397745571658615
201,22,28,17,6,0.684931506849315,0.7039682539682539,0.6222222222222222,0.7857142857142857,0.7088607594936709,0.7857142857142857,0.6222222222222222,0.6567164179104478,0.6827885887020593,0.823015873015873
202,22,28,16,7,0.684931506849315,0.6974921630094044,0.6363636363636364,0.7586206896551724,0.7088607594936709,0.7586206896551724,0.6363636363636364,0.6567164179104478,0.6827885887020593,0.8040752351097178
203,20,35,11,7,0.7534246575342466,0.750805152979066,0.7608695652173914,0.7407407407407407,0.7954545454545454,0.7407407407407407,0.7608695652173914,0.6896551724137931,0.7425548589341693,0.8663446054750402
204,19,39,11,4,0.7945205479452054,0.8030434782608695,0.78,0.8260869565217391,0.8387096774193549,0.8260869565217391,0.78,0.7169811320754716,0.7778454047474133,0.8817391304347826
205,18,35,11,9,0.726027397260274,0.713768115942029,0.7608695652173914,0.6666666666666666,0.7777777777777778,0.6666666666666666,0.7608695652173914,0.6428571428571429,0.7103174603174603,0.8413848631239935
206,20,32,10,11,0.7123287671232876,0.7035330261136712,0.7619047619047619,0.6451612903225806,0.7529411764705882,0.6451612903225806,0.7619047619047619,0.6557377049180327,0.7043394406943104,0.8087557603686636
207,24,29,12,8,0.726027397260274,0.7286585365853658,0.7073170731707317,0.75,0.7435897435897436,0.75,0.7073170731707317,0.7058823529411765,0.7247360482654601,0.8673780487804879
208,18,39,11,5,0.7808219178082192,0.781304347826087,0.78,0.782608695652174,0.8297872340425532,0.782608695652174,0.78,0.6923076923076923,0.7610474631751227,0.88
209,18,36,10,9,0.7397260273972602,0.7246376811594203,0.782608695652174,0.6666666666666666,0.7912087912087912,0.6666666666666666,0.782608695652174,0.6545454545454545,0.7228771228771229,0.8470209339774557
210,23,35,9,6,0.7945205479452054,0.7942789968652038,0.7954545454545454,0.7931034482758621,0.8235294117647058,0.7931034482758621,0.7954545454545454,0.7540983606557377,0.7888138862102217,0.902037617554859
211,18,39,10,6,0.7808219178082192,0.7729591836734694,0.7959183673469388,0.75,0.8297872340425532,0.75,0.7959183673469388,0.6923076923076923,0.7610474631751227,0.9039115646258503
212,21,35,12,5,0.7671232876712328,0.7761865793780687,0.7446808510638298,0.8076923076923077,0.8045977011494253,0.8076923076923077,0.7446808510638298,0.711864406779661,0.7582310539645432,0.8805237315875614
213,14,36,12,11,0.684931506849315,0.655,0.75,0.56,0.7578947368421053,0.56,0.75,0.5490196078431373,0.6534571723426212,0.8058333333333334
214,19,35,10,9,0.7397260273972602,0.7281746031746033,0.7777777777777778,0.6785714285714286,0.7865168539325843,0.6785714285714286,0.7777777777777778,0.6666666666666666,0.7265917602996255,0.826984126984127
215,19,38,7,9,0.7808219178082192,0.7615079365079365,0.8444444444444444,0.6785714285714286,0.8260869565217391,0.6785714285714286,0.8444444444444444,0.7037037037037037,0.7648953301127215,0.8841269841269841
216,19,33,14,7,0.7123287671232876,0.7164484451718494,0.7021276595744681,0.7307692307692307,0.7586206896551724,0.7307692307692307,0.7021276595744681,0.6440677966101694,0.7013442431326709,0.8191489361702129
217,17,32,16,8,0.6712328767123288,0.6733333333333333,0.6666666666666666,0.68,0.7272727272727273,0.68,0.6666666666666666,0.5862068965517241,0.6567398119122256,0.75
218,21,36,10,6,0.7808219178082192,0.7801932367149759,0.782608695652174,0.7777777777777778,0.8181818181818182,0.7777777777777778,0.782608695652174,0.7241379310344828,0.7711598746081505,0.8703703703703705
219,19,39,9,6,0.7945205479452054,0.78625,0.8125,0.76,0.8387096774193549,0.76,0.8125,0.7169811320754716,0.7778454047474133,0.8633333333333334
220,18,35,14,6,0.726027397260274,0.7321428571428572,0.7142857142857143,0.75,0.7777777777777778,0.75,0.7142857142857143,0.6428571428571429,0.7103174603174603,0.8078231292517006
221,18,36,8,11,0.7397260273972602,0.719435736677116,0.8181818181818182,0.6206896551724138,0.7912087912087912,0.6206896551724138,0.8181818181818182,0.6545454545454545,0.7228771228771229,0.7923197492163009
222,9,43,15,6,0.7123287671232876,0.6706896551724137,0.7413793103448276,0.6,0.8037383177570093,0.6,0.7413793103448276,0.46153846153846156,0.6326383896477354,0.764367816091954
223,23,32,12,6,0.7534246575342466,0.7601880877742947,0.7272727272727273,0.7931034482758621,0.7804878048780488,0.7931034482758621,0.7272727272727273,0.71875,0.7496189024390244,0.8894984326018809
224,22,36,9,6,0.7945205479452054,0.7928571428571429,0.8,0.7857142857142857,0.8275862068965517,0.7857142857142857,0.8,0.7457627118644068,0.7866744593804793,0.8579365079365079
225,21,28,17,7,0.6712328767123288,0.6861111111111111,0.6222222222222222,0.75,0.7,0.75,0.6222222222222222,0.6363636363636364,0.6681818181818182,0.8182539682539682
226,24,34,7,8,0.7945205479452054,0.7896341463414633,0.8292682926829268,0.75,0.8192771084337349,0.75,0.8292682926829268,0.7619047619047619,0.7905909351692484,0.8528963414634146
227,21,30,14,8,0.6986301369863014,0.7029780564263323,0.6818181818181818,0.7241379310344828,0.7317073170731707,0.7241379310344828,0.6818181818181818,0.65625,0.6939786585365854,0.7962382445141065
228,16,40,7,10,0.7671232876712328,0.7332242225859247,0.851063829787234,0.6153846153846154,0.8247422680412371,0.6153846153846154,0.851063829787234,0.6530612244897959,0.7389017462655165,0.8322422258592472
229,19,37,10,7,0.7671232876712328,0.7590016366612111,0.7872340425531915,0.7307692307692307,0.8131868131868132,0.7307692307692307,0.7872340425531915,0.6909090909090909,0.752047952047952,0.8960720130932898
230,18,36,12,7,0.7397260273972602,0.735,0.75,0.72,0.7912087912087912,0.72,0.75,0.6545454545454545,0.7228771228771229,0.8125
231,29,25,14,5,0.7397260273972602,0.7469834087481146,0.6410256410256411,0.8529411764705882,0.7246376811594203,0.8529411764705882,0.6410256410256411,0.7532467532467533,0.7389422172030868,0.8815987933634992
232,24,35,9,5,0.8082191780821918,0.8115203761755485,0.7954545454545454,0.8275862068965517,0.8333333333333334,0.8275862068965517,0.7954545454545454,0.7741935483870968,0.803763440860215,0.9114420062695925
233,21,31,10,11,0.7123287671232876,0.7061737804878049,0.7560975609756098,0.65625,0.7469879518072289,0.65625,0.7560975609756098,0.6666666666666666,0.7068273092369477,0.8285060975609756
234,13,39,13,8,0.7123287671232876,0.6845238095238095,0.75,0.6190476190476191,0.7878787878787878,0.6190476190476191,0.75,0.5531914893617021,0.6705351386202449,0.7939560439560439
235,22,31,9,11,0.726027397260274,0.7208333333333333,0.775,0.6666666666666666,0.7560975609756098,0.6666666666666666,0.775,0.6875,0.7217987804878049,0.8257575757575758
236,19,38,12,4,0.7808219178082192,0.7930434782608695,0.76,0.8260869565217391,0.8260869565217391,0.8260869565217391,0.76,0.7037037037037037,0.7648953301127215,0.828695652173913
237,18,35,14,6,0.726027397260274,0.7321428571428572,0.7142857142857143,0.75,0.7777777777777778,0.75,0.7142857142857143,0.6428571428571429,0.7103174603174603,0.8613945578231292
238,19,34,12,8,0.726027397260274,0.7214170692431562,0.7391304347826086,0.7037037037037037,0.7727272727272727,0.7037037037037037,0.7391304347826086,0.6551724137931034,0.7139498432601881,0.8397745571658615
239,18,39,10,6,0.7808219178082192,0.7729591836734694,0.7959183673469388,0.75,0.8297872340425532,0.75,0.7959183673469388,0.6923076923076923,0.7610474631751227,0.8673469387755102
240,20,36,10,7,0.7671232876712328,0.7616747181964574,0.782608695652174,0.7407407407407407,0.8089887640449438,0.7407407407407407,0.782608695652174,0.7017543859649122,0.755371575004928,0.8534621578099838
241,24,40,8,1,0.8767123287671232,0.8966666666666667,0.8333333333333334,0.96,0.898876404494382,0.96,0.8333333333333334,0.8421052631578947,0.8704908338261383,0.9641666666666666
242,14,45,8,6,0.8082191780821918,0.7745283018867924,0.8490566037735849,0.7,0.8653846153846154,0.7,0.8490566037735849,0.6666666666666666,0.766025641025641,0.879245283018868
243,27,30,8,8,0.7808219178082192,0.780451127819549,0.7894736842105263,0.7714285714285715,0.7894736842105263,0.7714285714285715,0.7894736842105263,0.7714285714285715,0.780451127819549,0.8932330827067669
244,22,33,10,8,0.7534246575342466,0.7503875968992249,0.7674418604651163,0.7333333333333333,0.7857142857142857,0.7333333333333333,0.7674418604651163,0.7096774193548387,0.7476958525345623,0.8573643410852713
245,13,39,11,10,0.7123287671232876,0.672608695652174,0.78,0.5652173913043478,0.7878787878787878,0.5652173913043478,0.78,0.5531914893617021,0.6705351386202449,0.7921739130434783
246,22,30,11,10,0.7123287671232876,0.7096036585365854,0.7317073170731707,0.6875,0.7407407407407407,0.6875,0.7317073170731707,0.676923076923077,0.7088319088319088,0.8185975609756097
247,17,34,13,9,0.6986301369863014,0.6886252045826514,0.723404255319149,0.6538461538461539,0.7555555555555555,0.6538461538461539,0.723404255319149,0.6071428571428571,0.6813492063492064,0.8011456628477905
248,17,40,7,9,0.7808219178082192,0.752454991816694,0.851063829787234,0.6538461538461539,0.8333333333333334,0.6538461538461539,0.851063829787234,0.68,0.7566666666666667,0.8649754500818331
249,25,31,13,4,0.7671232876712328,0.783307210031348,0.7045454545454546,0.8620689655172413,0.7848101265822784,0.8620689655172413,0.7045454545454546,0.746268656716418,0.7655393916493483,0.9075235109717869
250,14,40,12,7,0.7397260273972602,0.717948717948718,0.7692307692307693,0.6666666666666666,0.8080808080808081,0.6666666666666666,0.7692307692307693,0.5957446808510638,0.7019127444659359,0.8498168498168498
251,17,40,10,6,0.7808219178082192,0.7695652173913043,0.8,0.7391304347826086,0.8333333333333334,0.7391304347826086,0.8,0.68,0.7566666666666667,0.846086956521739
252,20,31,14,8,0.6986301369863014,0.7015873015873015,0.6888888888888889,0.7142857142857143,0.7380952380952381,0.7142857142857143,0.6888888888888889,0.6451612903225806,0.6916282642089093,0.7944444444444445
253,16,40,10,7,0.7671232876712328,0.7478260869565218,0.8,0.6956521739130435,0.8247422680412371,0.6956521739130435,0.8,0.6530612244897959,0.7389017462655165,0.8034782608695652
254,19,35,10,9,0.7397260273972602,0.7281746031746033,0.7777777777777778,0.6785714285714286,0.7865168539325843,0.6785714285714286,0.7777777777777778,0.6666666666666666,0.7265917602996255,0.8317460317460318
255,23,38,10,2,0.8356164383561644,0.8558333333333333,0.7916666666666666,0.92,0.8636363636363636,0.92,0.7916666666666666,0.7931034482758621,0.8283699059561129,0.9541666666666667
256,22,34,13,4,0.7671232876712328,0.7847790507364976,0.723404255319149,0.8461538461538461,0.8,0.8461538461538461,0.723404255319149,0.7213114754098361,0.7606557377049181,0.9108019639934535
257,29,29,7,8,0.7945205479452054,0.7946696696696697,0.8055555555555556,0.7837837837837838,0.7945205479452054,0.7837837837837838,0.8055555555555556,0.7945205479452054,0.7945205479452054,0.8993993993993994
258,17,33,15,8,0.684931506849315,0.6837500000000001,0.6875,0.68,0.7415730337078652,0.68,0.6875,0.5964912280701754,0.6690321308890204,0.79
259,21,31,14,7,0.7123287671232876,0.7194444444444444,0.6888888888888889,0.75,0.7469879518072289,0.75,0.6888888888888889,0.6666666666666666,0.7068273092369477,0.8277777777777777
260,16,32,19,6,0.6575342465753424,0.6773618538324421,0.6274509803921569,0.7272727272727273,0.7191011235955056,0.7272727272727273,0.6274509803921569,0.5614035087719298,0.6402523161837177,0.8181818181818182
261,18,37,12,6,0.7534246575342466,0.7525510204081632,0.7551020408163265,0.75,0.8043478260869565,0.75,0.7551020408163265,0.6666666666666666,0.7355072463768115,0.8520408163265306
262,21,33,9,10,0.7397260273972602,0.7315668202764977,0.7857142857142857,0.6774193548387096,0.7764705882352941,0.6774193548387096,0.7857142857142857,0.6885245901639344,0.7324975891996143,0.8325652841781874
263,13,42,8,10,0.7534246575342466,0.7026086956521739,0.84,0.5652173913043478,0.8235294117647058,0.5652173913043478,0.84,0.5909090909090909,0.7072192513368984,0.8182608695652174
264,19,27,15,12,0.6301369863013698,0.6278801843317973,0.6428571428571429,0.6129032258064516,0.6666666666666666,0.6129032258064516,0.6428571428571429,0.5846153846153846,0.6256410256410256,0.7818740399385561
265,22,37,7,7,0.8082191780821918,0.7997648902821317,0.8409090909090909,0.7586206896551724,0.8409090909090909,0.7586206896551724,0.8409090909090909,0.7586206896551724,0.7997648902821317,0.9028213166144201
266,19,39,9,6,0.7945205479452054,0.78625,0.8125,0.76,0.8387096774193549,0.76,0.8125,0.7169811320754716,0.7778454047474133,0.8566666666666667
267,21,38,10,4,0.8082191780821918,0.8158333333333333,0.7916666666666666,0.84,0.8444444444444444,0.84,0.7916666666666666,0.75,0.7972222222222223,0.9075
268,17,36,9,11,0.726027397260274,0.7035714285714285,0.8,0.6071428571428571,0.782608695652174,0.6071428571428571,0.8,0.6296296296296297,0.7061191626409018,0.726190476190476
269,19,36,9,9,0.7534246575342466,0.7392857142857143,0.8,0.6785714285714286,0.8,0.6785714285714286,0.8,0.6785714285714286,0.7392857142857143,0.8396825396825398
270,20,30,18,5,0.684931506849315,0.7125,0.625,0.8,0.7228915662650602,0.8,0.625,0.6349206349206349,0.6789061005928476,0.8258333333333333
271,15,40,11,7,0.7534246575342466,0.7330659536541889,0.7843137254901961,0.6818181818181818,0.8163265306122449,0.6818181818181818,0.7843137254901961,0.625,0.7206632653061225,0.8547237076648841
272,20,31,13,9,0.6986301369863014,0.6971003134796239,0.7045454545454546,0.6896551724137931,0.7380952380952381,0.6896551724137931,0.7045454545454546,0.6451612903225806,0.6916282642089093,0.7672413793103449
273,22,33,10,8,0.7534246575342466,0.7503875968992249,0.7674418604651163,0.7333333333333333,0.7857142857142857,0.7333333333333333,0.7674418604651163,0.7096774193548387,0.7476958525345623,0.8209302325581396
274,15,32,15,11,0.6438356164383562,0.628887070376432,0.6808510638297872,0.5769230769230769,0.7111111111111111,0.5769230769230769,0.6808510638297872,0.5357142857142857,0.6234126984126984,0.7381342062193126
275,16,40,7,10,0.7671232876712328,0.7332242225859247,0.851063829787234,0.6153846153846154,0.8247422680412371,0.6153846153846154,0.851063829787234,0.6530612244897959,0.7389017462655165,0.8363338788870703
276,18,38,10,7,0.7671232876712328,0.7558333333333334,0.7916666666666666,0.72,0.8172043010752689,0.72,0.7916666666666666,0.6792452830188679,0.7482247920470684,0.8666666666666667
277,18,43,9,3,0.8356164383561644,0.8420329670329669,0.8269230769230769,0.8571428571428571,0.8775510204081632,0.8571428571428571,0.8269230769230769,0.75,0.8137755102040816,0.9203296703296703
278,22,35,11,5,0.7808219178082192,0.787842190016103,0.7608695652173914,0.8148148148148148,0.813953488372093,0.8148148148148148,0.7608695652173914,0.7333333333333333,0.7736434108527132,0.8776167471819646
279,13,39,11,10,0.7123287671232876,0.672608695652174,0.78,0.5652173913043478,0.7878787878787878,0.5652173913043478,0.78,0.5531914893617021,0.6705351386202449,0.7321739130434782
280,18,38,9,8,0.7671232876712328,0.7504091653027822,0.8085106382978723,0.6923076923076923,0.8172043010752689,0.6923076923076923,0.8085106382978723,0.6792452830188679,0.7482247920470684,0.8649754500818331
281,15,44,7,7,0.8082191780821918,0.7722816399286987,0.8627450980392157,0.6818181818181818,0.8627450980392157,0.6818181818181818,0.8627450980392157,0.6818181818181818,0.7722816399286987,0.8422459893048129
282,15,41,10,7,0.7671232876712328,0.7428698752228164,0.803921568627451,0.6818181818181818,0.8282828282828283,0.6818181818181818,0.803921568627451,0.6382978723404256,0.7332903503116269,0.7896613190730838
283,25,37,5,6,0.8493150684931506,0.8437019969278033,0.8809523809523809,0.8064516129032258,0.8705882352941177,0.8064516129032258,0.8809523809523809,0.819672131147541,0.8451301832208293,0.9147465437788018
284,22,32,10,9,0.7397260273972602,0.7357910906298003,0.7619047619047619,0.7096774193548387,0.7710843373493976,0.7096774193548387,0.7619047619047619,0.6984126984126984,0.734748517881048,0.8602150537634408
285,21,32,16,4,0.726027397260274,0.7533333333333333,0.6666666666666666,0.84,0.7619047619047619,0.84,0.6666666666666666,0.6774193548387096,0.7196620583717357,0.8958333333333333
286,15,34,12,12,0.6712328767123288,0.6473429951690821,0.7391304347826086,0.5555555555555556,0.7391304347826086,0.5555555555555556,0.7391304347826086,0.5555555555555556,0.6473429951690821,0.7624798711755233
287,20,37,14,2,0.7808219178082192,0.8172905525846702,0.7254901960784313,0.9090909090909091,0.8222222222222222,0.9090909090909091,0.7254901960784313,0.7142857142857143,0.7682539682539682,0.9224598930481285
288,17,38,11,7,0.7534246575342466,0.741921768707483,0.7755102040816326,0.7083333333333334,0.8085106382978723,0.7083333333333334,0.7755102040816326,0.6538461538461539,0.7311783960720131,0.8690476190476191
289,15,38,15,5,0.726027397260274,0.7334905660377358,0.7169811320754716,0.75,0.7916666666666666,0.75,0.7169811320754716,0.6,0.6958333333333333,0.8339622641509434
290,17,43,9,4,0.821917808219178,0.8182234432234432,0.8269230769230769,0.8095238095238095,0.8686868686868687,0.8095238095238095,0.8269230769230769,0.723404255319149,0.7960455620030089,0.9029304029304029
291,27,33,8,5,0.821917808219178,0.8243140243902439,0.8048780487804879,0.84375,0.8354430379746836,0.84375,0.8048780487804879,0.8059701492537313,0.8207065936142075,0.9214939024390244
292,21,33,11,8,0.7397260273972602,0.7370689655172413,0.75,0.7241379310344828,0.7764705882352941,0.7241379310344828,0.75,0.6885245901639344,0.7324975891996143,0.835423197492163
293,15,39,10,9,0.7397260273972602,0.7104591836734694,0.7959183673469388,0.625,0.8041237113402062,0.625,0.7959183673469388,0.6122448979591837,0.708184304649695,0.8069727891156463
294,25,31,6,11,0.7671232876712328,0.7661411411411412,0.8378378378378378,0.6944444444444444,0.7848101265822784,0.6944444444444444,0.8378378378378378,0.746268656716418,0.7655393916493483,0.8400900900900901
295,21,30,12,10,0.6986301369863014,0.695852534562212,0.7142857142857143,0.6774193548387096,0.7317073170731707,0.6774193548387096,0.7142857142857143,0.65625,0.6939786585365854,0.8486943164362519
296,13,34,16,10,0.6438356164383562,0.6226086956521739,0.68,0.5652173913043478,0.723404255319149,0.5652173913043478,0.68,0.5,0.6117021276595744,0.7130434782608696
297,19,38,8,8,0.7808219178082192,0.7648953301127215,0.8260869565217391,0.7037037037037037,0.8260869565217391,0.7037037037037037,0.8260869565217391,0.7037037037037037,0.7648953301127215,0.8317230273752013
298,12,47,9,5,0.8082191780821918,0.7725840336134454,0.8392857142857143,0.7058823529411765,0.8703703703703703,0.7058823529411765,0.8392857142857143,0.631578947368421,0.7509746588693957,0.8792016806722689
299,22,36,12,3,0.7945205479452054,0.815,0.75,0.88,0.8275862068965517,0.88,0.75,0.7457627118644068,0.7866744593804793,0.9016666666666666
300,16,35,12,10,0.6986301369863014,0.6800327332242226,0.7446808510638298,0.6153846153846154,0.7608695652173914,0.6153846153846154,0.7446808510638298,0.5925925925925926,0.676731078904992,0.7463175122749591
301,14,41,14,4,0.7534246575342466,0.7616161616161616,0.7454545454545455,0.7777777777777778,0.82,0.7777777777777778,0.7454545454545455,0.6086956521739131,0.7143478260869565,0.8686868686868687
302,14,36,14,9,0.684931506849315,0.6643478260869565,0.72,0.6086956521739131,0.7578947368421053,0.6086956521739131,0.72,0.5490196078431373,0.6534571723426212,0.7860869565217392
303,18,43,10,2,0.8356164383561644,0.8556603773584905,0.8113207547169812,0.9,0.8775510204081632,0.9,0.8113207547169812,0.75,0.8137755102040816,0.9330188679245283
304,23,29,9,12,0.7123287671232876,0.7101503759398496,0.7631578947368421,0.6571428571428571,0.7341772151898734,0.6571428571428571,0.7631578947368421,0.6865671641791045,0.710372189684489,0.7984962406015038
305,22,36,10,5,0.7945205479452054,0.7987117552334944,0.782608695652174,0.8148148148148148,0.8275862068965517,0.8148148148148148,0.782608695652174,0.7457627118644068,0.7866744593804793,0.8961352657004831
306,18,39,11,5,0.7808219178082192,0.781304347826087,0.78,0.782608695652174,0.8297872340425532,0.782608695652174,0.78,0.6923076923076923,0.7610474631751227,0.8200000000000001
307,18,31,17,7,0.6712328767123288,0.6829166666666666,0.6458333333333334,0.72,0.7209302325581395,0.72,0.6458333333333334,0.6,0.6604651162790698,0.7725
308,13,38,13,9,0.6986301369863014,0.6680035650623886,0.7450980392156863,0.5909090909090909,0.7755102040816326,0.5909090909090909,0.7450980392156863,0.5416666666666666,0.6585884353741496,0.7638146167557933
309,17,40,12,4,0.7808219178082192,0.7893772893772895,0.7692307692307693,0.8095238095238095,0.8333333333333334,0.8095238095238095,0.7692307692307693,0.68,0.7566666666666667,0.8809523809523809
310,20,33,14,6,0.726027397260274,0.7356792144026187,0.7021276595744681,0.7692307692307693,0.7674418604651163,0.7692307692307693,0.7021276595744681,0.6666666666666666,0.7170542635658914,0.8297872340425532
311,20,37,13,3,0.7808219178082192,0.8047826086956522,0.74,0.8695652173913043,0.8222222222222222,0.8695652173913043,0.74,0.7142857142857143,0.7682539682539682,0.9139130434782609
312,16,40,10,7,0.7671232876712328,0.7478260869565218,0.8,0.6956521739130435,0.8247422680412371,0.6956521739130435,0.8,0.6530612244897959,0.7389017462655165,0.8295652173913044
313,19,34,11,9,0.726027397260274,0.7170634920634921,0.7555555555555555,0.6785714285714286,0.7727272727272727,0.6785714285714286,0.7555555555555555,0.6551724137931034,0.7139498432601881,0.7976190476190477
314,18,41,10,4,0.8082191780821918,0.8110516934046346,0.803921568627451,0.8181818181818182,0.8541666666666666,0.8181818181818182,0.803921568627451,0.72,0.7870833333333334,0.8449197860962567
315,19,39,5,10,0.7945205479452054,0.77076802507837,0.8863636363636364,0.6551724137931034,0.8387096774193549,0.6551724137931034,0.8863636363636364,0.7169811320754716,0.7778454047474133,0.8777429467084639
316,20,43,6,4,0.863013698630137,0.8554421768707483,0.8775510204081632,0.8333333333333334,0.8958333333333334,0.8333333333333334,0.8775510204081632,0.8,0.8479166666666667,0.939625850340136
317,12,43,12,6,0.7534246575342466,0.7242424242424242,0.7818181818181819,0.6666666666666666,0.8269230769230769,0.6666666666666666,0.7818181818181819,0.5714285714285714,0.6991758241758241,0.8070707070707072
318,17,37,12,7,0.7397260273972602,0.7317176870748299,0.7551020408163265,0.7083333333333334,0.7956989247311828,0.7083333333333334,0.7551020408163265,0.6415094339622641,0.7186041793467235,0.8341836734693878
319,18,31,17,7,0.6712328767123288,0.6829166666666666,0.6458333333333334,0.72,0.7209302325581395,0.72,0.6458333333333334,0.6,0.6604651162790698,0.75
320,17,35,18,3,0.7123287671232876,0.755188679245283,0.660377358490566,0.85,0.7692307692307693,0.85,0.660377358490566,0.6181818181818182,0.6937062937062937,0.9075471698113207
321,25,31,12,5,0.7671232876712328,0.7771317829457365,0.7209302325581395,0.8333333333333334,0.7848101265822784,0.8333333333333334,0.7209302325581395,0.746268656716418,0.7655393916493483,0.892248062015504
322,12,38,10,13,0.684931506849315,0.6358333333333333,0.7916666666666666,0.48,0.7676767676767676,0.48,0.7916666666666666,0.5106382978723404,0.639157532774554,0.7258333333333333
323,19,40,8,6,0.8082191780821918,0.7966666666666666,0.8333333333333334,0.76,0.851063829787234,0.76,0.8333333333333334,0.7307692307692307,0.7909165302782324,0.8474999999999999
324,21,37,9,6,0.7945205479452054,0.7910628019323671,0.8043478260869565,0.7777777777777778,0.8314606741573034,0.7777777777777778,0.8043478260869565,0.7368421052631579,0.7841513897102306,0.8679549114331723
325,23,30,15,5,0.726027397260274,0.7440476190476191,0.6666666666666666,0.8214285714285714,0.75,0.8214285714285714,0.6666666666666666,0.696969696969697,0.7234848484848485,0.8761904761904762
326,24,30,13,6,0.7397260273972602,0.7488372093023257,0.6976744186046512,0.8,0.759493670886076,0.8,0.6976744186046512,0.7164179104477612,0.7379557906669185,0.8333333333333334
327,18,38,7,10,0.7671232876712328,0.7436507936507937,0.8444444444444444,0.6428571428571429,0.8172043010752689,0.6428571428571429,0.8444444444444444,0.6792452830188679,0.7482247920470684,0.8158730158730159
328,18,31,14,10,0.6712328767123288,0.665873015873016,0.6888888888888889,0.6428571428571429,0.7209302325581395,0.6428571428571429,0.6888888888888889,0.6,0.6604651162790698,0.8063492063492064
329,16,45,7,5,0.8356164383561644,0.8136446886446886,0.8653846153846154,0.7619047619047619,0.8823529411764706,0.7619047619047619,0.8653846153846154,0.7272727272727273,0.8048128342245989,0.8882783882783883
330,16,37,9,11,0.726027397260274,0.6984702093397746,0.8043478260869565,0.5925925925925926,0.7872340425531915,0.5925925925925926,0.8043478260869565,0.6153846153846154,0.7013093289689034,0.8019323671497584
331,21,35,8,9,0.7671232876712328,0.7569767441860464,0.813953488372093,0.7,0.8045977011494253,0.7,0.813953488372093,0.711864406779661,0.7582310539645432,0.8565891472868217
332,25,29,12,7,0.7397260273972602,0.7442835365853658,0.7073170731707317,0.78125,0.7532467532467533,0.78125,0.7073170731707317,0.7246376811594203,0.7389422172030868,0.8551829268292682
333,24,40,8,1,0.8767123287671232,0.8966666666666667,0.8333333333333334,0.96,0.898876404494382,0.96,0.8333333333333334,0.8421052631578947,0.8704908338261383,0.9758333333333333
334,17,41,9,6,0.7945205479452054,0.7795652173913044,0.82,0.7391304347826086,0.845360824742268,0.7391304347826086,0.82,0.6938775510204082,0.7696191878813381,0.8530434782608695
335,14,41,12,6,0.7534246575342466,0.7367924528301887,0.7735849056603774,0.7,0.82,0.7,0.7735849056603774,0.6086956521739131,0.7143478260869565,0.8358490566037736
336,21,29,16,7,0.684931506849315,0.6972222222222222,0.6444444444444445,0.75,0.7160493827160493,0.75,0.6444444444444445,0.6461538461538462,0.6811016144349478,0.7492063492063492
337,17,35,8,13,0.7123287671232876,0.6903100775193798,0.813953488372093,0.5666666666666667,0.7692307692307693,0.5666666666666667,0.813953488372093,0.6181818181818182,0.6937062937062937,0.7953488372093024
338,11,43,9,10,0.7397260273972602,0.6753663003663004,0.8269230769230769,0.5238095238095238,0.819047619047619,0.5238095238095238,0.8269230769230769,0.5365853658536586,0.6778164924506388,0.7673992673992673
339,19,41,6,7,0.821917808219178,0.8015548281505729,0.8723404255319149,0.7307692307692307,0.8631578947368421,0.7307692307692307,0.8723404255319149,0.7450980392156863,0.8041279669762642,0.8682487725040916
340,14,42,10,7,0.7671232876712328,0.7371794871794872,0.8076923076923077,0.6666666666666666,0.8316831683168316,0.6666666666666666,0.8076923076923077,0.6222222222222222,0.7269526952695269,0.8040293040293041
341,15,40,12,6,0.7534246575342466,0.7417582417582418,0.7692307692307693,0.7142857142857143,0.8163265306122449,0.7142857142857143,0.7692307692307693,0.625,0.7206632653061225,0.8095238095238095
342,13,36,16,8,0.6712328767123288,0.6556776556776557,0.6923076923076923,0.6190476190476191,0.75,0.6190476190476191,0.6923076923076923,0.52,0.635,0.7793040293040293
343,13,35,17,8,0.6575342465753424,0.6460622710622711,0.6730769230769231,0.6190476190476191,0.7368421052631579,0.6190476190476191,0.6730769230769231,0.5098039215686274,0.6233230134158927,0.7664835164835164
344,16,34,15,8,0.684931506849315,0.6802721088435374,0.6938775510204082,0.6666666666666666,0.7472527472527473,0.6666666666666666,0.6938775510204082,0.5818181818181818,0.6645354645354645,0.7831632653061225
345,20,36,12,5,0.7671232876712328,0.775,0.75,0.8,0.8089887640449438,0.8,0.75,0.7017543859649122,0.755371575004928,0.86
346,25,30,9,9,0.7534246575342466,0.752262443438914,0.7692307692307693,0.7352941176470589,0.7692307692307693,0.7352941176470589,0.7692307692307693,0.7352941176470589,0.752262443438914,0.8318250377073906
347,16,43,8,6,0.8082191780821918,0.785204991087344,0.8431372549019608,0.7272727272727273,0.86,0.7272727272727273,0.8431372549019608,0.6956521739130435,0.7778260869565217,0.857397504456328
348,12,50,6,5,0.8493150684931506,0.7993697478991597,0.8928571428571429,0.7058823529411765,0.9009009009009009,0.7058823529411765,0.8928571428571429,0.6857142857142857,0.7933075933075933,0.8130252100840336
349,25,29,13,6,0.7397260273972602,0.7484639016897081,0.6904761904761905,0.8064516129032258,0.7532467532467533,0.8064516129032258,0.6904761904761905,0.7246376811594203,0.7389422172030868,0.8463901689708141
350,27,34,7,5,0.8356164383561644,0.8365091463414633,0.8292682926829268,0.84375,0.85,0.84375,0.8292682926829268,0.8181818181818182,0.8340909090909091,0.930640243902439
351,21,34,11,7,0.7534246575342466,0.7527777777777778,0.7555555555555555,0.75,0.7906976744186046,0.75,0.7555555555555555,0.7,0.7453488372093022,0.861904761904762
352,20,38,9,6,0.7945205479452054,0.7888707037643208,0.8085106382978723,0.7692307692307693,0.8351648351648352,0.7692307692307693,0.8085106382978723,0.7272727272727273,0.7812187812187812,0.8600654664484453
353,19,39,10,5,0.7945205479452054,0.7937925170068028,0.7959183673469388,0.7916666666666666,0.8387096774193549,0.7916666666666666,0.7959183673469388,0.7169811320754716,0.7778454047474133,0.8979591836734693
354,14,43,7,9,0.7808219178082192,0.7343478260869565,0.86,0.6086956521739131,0.8431372549019608,0.6086956521739131,0.86,0.6363636363636364,0.7397504456327986,0.8208695652173913
355,22,33,8,10,0.7534246575342466,0.7461890243902439,0.8048780487804879,0.6875,0.7857142857142857,0.6875,0.8048780487804879,0.7096774193548387,0.7476958525345623,0.8628048780487805
356,17,38,11,7,0.7534246575342466,0.741921768707483,0.7755102040816326,0.7083333333333334,0.8085106382978723,0.7083333333333334,0.7755102040816326,0.6538461538461539,0.7311783960720131,0.8579931972789115
357,20,36,6,11,0.7671232876712328,0.7511520737327189,0.8571428571428571,0.6451612903225806,0.8089887640449438,0.6451612903225806,0.8571428571428571,0.7017543859649122,0.755371575004928,0.8049155145929339
358,19,36,9,9,0.7534246575342466,0.7392857142857143,0.8,0.6785714285714286,0.8,0.6785714285714286,0.8,0.6785714285714286,0.7392857142857143,0.8126984126984128
359,19,31,14,9,0.684931506849315,0.6837301587301587,0.6888888888888889,0.6785714285714286,0.7294117647058823,0.6785714285714286,0.6888888888888889,0.6229508196721312,0.6761812921890067,0.7785714285714286
360,19,38,8,8,0.7808219178082192,0.7648953301127215,0.8260869565217391,0.7037037037037037,0.8260869565217391,0.7037037037037037,0.8260869565217391,0.7037037037037037,0.7648953301127215,0.8236714975845411
361,16,44,8,5,0.821917808219178,0.8040293040293041,0.8461538461538461,0.7619047619047619,0.8712871287128713,0.7619047619047619,0.8461538461538461,0.7111111111111111,0.7911991199119912,0.8864468864468864
362,13,41,12,7,0.7397260273972602,0.7117924528301887,0.7735849056603774,0.65,0.8118811881188119,0.65,0.7735849056603774,0.5777777777777777,0.6948294829482948,0.8150943396226416
363,23,33,9,8,0.7671232876712328,0.7638248847926268,0.7857142857142857,0.7419354838709677,0.7951807228915663,0.7419354838709677,0.7857142857142857,0.7301587301587301,0.7626697265251482,0.8463901689708142
364,13,39,10,11,0.7123287671232876,0.6687925170068028,0.7959183673469388,0.5416666666666666,0.7878787878787878,0.5416666666666666,0.7959183673469388,0.5531914893617021,0.6705351386202449,0.7551020408163266
365,20,35,11,7,0.7534246575342466,0.750805152979066,0.7608695652173914,0.7407407407407407,0.7954545454545454,0.7407407407407407,0.7608695652173914,0.6896551724137931,0.7425548589341693,0.8534621578099838
366,18,38,10,7,0.7671232876712328,0.7558333333333334,0.7916666666666666,0.72,0.8172043010752689,0.72,0.7916666666666666,0.6792452830188679,0.7482247920470684,0.8675
367,16,44,8,5,0.821917808219178,0.8040293040293041,0.8461538461538461,0.7619047619047619,0.8712871287128713,0.7619047619047619,0.8461538461538461,0.7111111111111111,0.7911991199119912,0.88003663003663
368,24,28,12,9,0.7123287671232876,0.7136363636363636,0.7,0.7272727272727273,0.7272727272727273,0.7272727272727273,0.7,0.6956521739130435,0.7114624505928854,0.8522727272727272
369,16,35,12,10,0.6986301369863014,0.6800327332242226,0.7446808510638298,0.6153846153846154,0.7608695652173914,0.6153846153846154,0.7446808510638298,0.5925925925925926,0.676731078904992,0.7520458265139116
370,21,43,6,3,0.8767123287671232,0.8762755102040816,0.8775510204081632,0.875,0.9052631578947369,0.875,0.8775510204081632,0.8235294117647058,0.8643962848297213,0.9200680272108843
371,18,41,8,6,0.8082191780821918,0.7933673469387755,0.8367346938775511,0.75,0.8541666666666666,0.75,0.8367346938775511,0.72,0.7870833333333334,0.8333333333333333
372,22,37,8,6,0.8082191780821918,0.803968253968254,0.8222222222222222,0.7857142857142857,0.8409090909090909,0.7857142857142857,0.8222222222222222,0.7586206896551724,0.7997648902821317,0.8674603174603176
373,23,33,12,5,0.7671232876712328,0.7773809523809523,0.7333333333333333,0.8214285714285714,0.7951807228915663,0.8214285714285714,0.7333333333333333,0.7301587301587301,0.7626697265251482,0.8761904761904762
374,16,37,9,11,0.726027397260274,0.6984702093397746,0.8043478260869565,0.5925925925925926,0.7872340425531915,0.5925925925925926,0.8043478260869565,0.6153846153846154,0.7013093289689034,0.7616747181964573
375,25,34,5,9,0.8082191780821918,0.8035444947209653,0.8717948717948718,0.7352941176470589,0.8292682926829268,0.7352941176470589,0.8717948717948718,0.78125,0.8052591463414633,0.8733031674208145
376,19,45,5,4,0.8767123287671232,0.8630434782608696,0.9,0.8260869565217391,0.9090909090909091,0.8260869565217391,0.9,0.8085106382978723,0.8588007736943907,0.9208695652173913
377,23,36,8,6,0.8082191780821918,0.8056426332288402,0.8181818181818182,0.7931034482758621,0.8372093023255814,0.7931034482758621,0.8181818181818182,0.7666666666666667,0.8019379844961241,0.8871473354231976
378,26,31,10,6,0.7808219178082192,0.7842987804878049,0.7560975609756098,0.8125,0.7948717948717948,0.8125,0.7560975609756098,0.7647058823529411,0.7797888386123679,0.8978658536585366
379,26,32,9,6,0.7945205479452054,0.7964939024390244,0.7804878048780488,0.8125,0.810126582278481,0.8125,0.7804878048780488,0.7761194029850746,0.7931229926317778,0.8849085365853658
380,10,43,12,8,0.726027397260274,0.6686868686868688,0.7818181818181819,0.5555555555555556,0.8113207547169812,0.5555555555555556,0.7818181818181819,0.5,0.6556603773584906,0.7414141414141414
381,15,42,8,8,0.7808219178082192,0.7460869565217392,0.84,0.6521739130434783,0.84,0.6521739130434783,0.84,0.6521739130434783,0.7460869565217392,0.8669565217391304
382,19,38,12,4,0.7808219178082192,0.7930434782608695,0.76,0.8260869565217391,0.8260869565217391,0.8260869565217391,0.76,0.7037037037037037,0.7648953301127215,0.8443478260869565
383,21,36,11,5,0.7808219178082192,0.7868248772504092,0.7659574468085106,0.8076923076923077,0.8181818181818182,0.8076923076923077,0.7659574468085106,0.7241379310344828,0.7711598746081505,0.876432078559738
384,16,43,10,4,0.8082191780821918,0.8056603773584906,0.8113207547169812,0.8,0.86,0.8,0.8113207547169812,0.6956521739130435,0.7778260869565217,0.9141509433962265
385,16,41,11,5,0.7808219178082192,0.7751831501831501,0.7884615384615384,0.7619047619047619,0.8367346938775511,0.7619047619047619,0.7884615384615384,0.6666666666666666,0.7517006802721089,0.8809523809523809
386,21,39,7,6,0.821917808219178,0.8128019323671498,0.8478260869565217,0.7777777777777778,0.8571428571428571,0.7777777777777778,0.8478260869565217,0.7636363636363637,0.8103896103896104,0.8776167471819646
387,21,34,14,4,0.7534246575342466,0.7741666666666667,0.7083333333333334,0.84,0.7906976744186046,0.84,0.7083333333333334,0.7,0.7453488372093022,0.8516666666666667
388,21,31,13,8,0.7123287671232876,0.7143416927899686,0.7045454545454546,0.7241379310344828,0.7469879518072289,0.7241379310344828,0.7045454545454546,0.6666666666666666,0.7068273092369477,0.8495297805642633
389,13,39,13,8,0.7123287671232876,0.6845238095238095,0.75,0.6190476190476191,0.7878787878787878,0.6190476190476191,0.75,0.5531914893617021,0.6705351386202449,0.8223443223443224
390,13,38,12,10,0.6986301369863014,0.662608695652174,0.76,0.5652173913043478,0.7755102040816326,0.5652173913043478,0.76,0.5416666666666666,0.6585884353741496,0.7930434782608696
391,17,39,9,8,0.7671232876712328,0.7462500000000001,0.8125,0.68,0.8210526315789474,0.68,0.8125,0.6666666666666666,0.743859649122807,0.8308333333333334
392,19,42,6,6,0.8356164383561644,0.8175,0.875,0.76,0.875,0.76,0.875,0.76,0.8175,0.8516666666666667
393,23,34,11,5,0.7808219178082192,0.7884920634920635,0.7555555555555555,0.8214285714285714,0.8095238095238095,0.8214285714285714,0.7555555555555555,0.7419354838709677,0.7757296466973886,0.8626984126984127
394,17,40,12,4,0.7808219178082192,0.7893772893772895,0.7692307692307693,0.8095238095238095,0.8333333333333334,0.8095238095238095,0.7692307692307693,0.68,0.7566666666666667,0.86996336996337
395,15,35,12,11,0.684931506849315,0.6608019639934533,0.7446808510638298,0.5769230769230769,0.7526881720430108,0.5769230769230769,0.7446808510638298,0.5660377358490566,0.6593629539460337,0.7446808510638299
396,17,40,10,6,0.7808219178082192,0.7695652173913043,0.8,0.7391304347826086,0.8333333333333334,0.7391304347826086,0.8,0.68,0.7566666666666667,0.8721739130434782
397,12,40,15,6,0.7123287671232876,0.696969696969697,0.7272727272727273,0.6666666666666666,0.7920792079207921,0.6666666666666666,0.7272727272727273,0.5333333333333333,0.6627062706270628,0.8212121212121212
398,18,36,10,9,0.7397260273972602,0.7246376811594203,0.782608695652174,0.6666666666666666,0.7912087912087912,0.6666666666666666,0.782608695652174,0.6545454545454545,0.7228771228771229,0.822866344605475
399,19,38,8,8,0.7808219178082192,0.7648953301127215,0.8260869565217391,0.7037037037037037,0.8260869565217391,0.7037037037037037,0.8260869565217391,0.7037037037037037,0.7648953301127215,0.8180354267310789
400,12,38,13,10,0.684931506849315,0.6452762923351159,0.7450980392156863,0.5454545454545454,0.7676767676767676,0.5454545454545454,0.7450980392156863,0.5106382978723404,0.639157532774554,0.7130124777183601
401,16,37,10,10,0.726027397260274,0.7013093289689034,0.7872340425531915,0.6153846153846154,0.7872340425531915,0.6153846153846154,0.7872340425531915,0.6153846153846154,0.7013093289689034,0.7725040916530278
402,22,36,7,8,0.7945205479452054,0.7852713178294574,0.8372093023255814,0.7333333333333333,0.8275862068965517,0.7333333333333333,0.8372093023255814,0.7457627118644068,0.7866744593804793,0.8798449612403102
403,19,39,6,9,0.7945205479452054,0.7726190476190476,0.8666666666666667,0.6785714285714286,0.8387096774193549,0.6785714285714286,0.8666666666666667,0.7169811320754716,0.7778454047474133,0.8182539682539683
404,28,26,15,4,0.7397260273972602,0.7545731707317074,0.6341463414634146,0.875,0.7323943661971831,0.875,0.6341463414634146,0.7466666666666667,0.7395305164319249,0.8917682926829268
405,18,35,12,8,0.726027397260274,0.718494271685761,0.7446808510638298,0.6923076923076923,0.7777777777777778,0.6923076923076923,0.7446808510638298,0.6428571428571429,0.7103174603174603,0.8576104746317512
406,16,45,6,6,0.8356164383561644,0.8048128342245989,0.8823529411764706,0.7272727272727273,0.8823529411764706,0.7272727272727273,0.8823529411764706,0.7272727272727273,0.8048128342245989,0.8823529411764707
407,20,37,8,8,0.7808219178082192,0.7682539682539682,0.8222222222222222,0.7142857142857143,0.8222222222222222,0.7142857142857143,0.8222222222222222,0.7142857142857143,0.7682539682539682,0.857936507936508
408,18,34,12,9,0.7123287671232876,0.7028985507246377,0.7391304347826086,0.6666666666666666,0.7640449438202247,0.6666666666666666,0.7391304347826086,0.631578947368421,0.6978119455943228,0.7383252818035426
409,16,40,10,7,0.7671232876712328,0.7478260869565218,0.8,0.6956521739130435,0.8247422680412371,0.6956521739130435,0.8,0.6530612244897959,0.7389017462655165,0.8008695652173913
410,22,33,12,6,0.7534246575342466,0.7595238095238095,0.7333333333333333,0.7857142857142857,0.7857142857142857,0.7857142857142857,0.7333333333333333,0.7096774193548387,0.7476958525345623,0.8603174603174604
411,18,38,9,8,0.7671232876712328,0.7504091653027822,0.8085106382978723,0.6923076923076923,0.8172043010752689,0.6923076923076923,0.8085106382978723,0.6792452830188679,0.7482247920470684,0.8436988543371522
412,17,42,8,6,0.8082191780821918,0.7895652173913044,0.84,0.7391304347826086,0.8571428571428571,0.7391304347826086,0.84,0.7083333333333334,0.7827380952380952,0.8704347826086957
413,21,36,10,6,0.7808219178082192,0.7801932367149759,0.782608695652174,0.7777777777777778,0.8181818181818182,0.7777777777777778,0.782608695652174,0.7241379310344828,0.7711598746081505,0.8792270531400966
414,20,34,10,9,0.7397260273972602,0.7311912225705329,0.7727272727272727,0.6896551724137931,0.7816091954022989,0.6896551724137931,0.7727272727272727,0.6779661016949152,0.729787648548607,0.8252351097178684
415,17,39,12,5,0.7671232876712328,0.7687165775401069,0.7647058823529411,0.7727272727272727,0.8210526315789474,0.7727272727272727,0.7647058823529411,0.6666666666666666,0.743859649122807,0.8725490196078431
416,16,42,13,2,0.7945205479452054,0.8262626262626263,0.7636363636363637,0.8888888888888888,0.8484848484848485,0.8888888888888888,0.7636363636363637,0.6808510638297872,0.7646679561573179,0.9292929292929293
417,13,42,15,3,0.7534246575342466,0.774671052631579,0.7368421052631579,0.8125,0.8235294117647058,0.8125,0.7368421052631579,0.5909090909090909,0.7072192513368984,0.8804824561403508
418,28,30,8,7,0.7945205479452054,0.7947368421052632,0.7894736842105263,0.8,0.8,0.8,0.7894736842105263,0.7887323943661971,0.7943661971830986,0.8864661654135338
419,18,36,15,4,0.7397260273972602,0.7620320855614974,0.7058823529411765,0.8181818181818182,0.7912087912087912,0.8181818181818182,0.7058823529411765,0.6545454545454545,0.7228771228771229,0.8707664884135472
420,23,32,12,6,0.7534246575342466,0.7601880877742947,0.7272727272727273,0.7931034482758621,0.7804878048780488,0.7931034482758621,0.7272727272727273,0.71875,0.7496189024390244,0.8659874608150471
421,23,32,9,9,0.7534246575342466,0.7496189024390244,0.7804878048780488,0.71875,0.7804878048780488,0.71875,0.7804878048780488,0.71875,0.7496189024390244,0.8551829268292682
422,19,39,8,7,0.7945205479452054,0.7802782324058919,0.8297872340425532,0.7307692307692307,0.8387096774193549,0.7307692307692307,0.8297872340425532,0.7169811320754716,0.7778454047474133,0.851063829787234
423,20,31,17,5,0.6986301369863014,0.7229166666666667,0.6458333333333334,0.8,0.7380952380952381,0.8,0.6458333333333334,0.6451612903225806,0.6916282642089093,0.8716666666666667
424,21,28,12,12,0.6712328767123288,0.6681818181818182,0.7,0.6363636363636364,0.7,0.6363636363636364,0.7,0.6363636363636364,0.6681818181818182,0.7659090909090909
425,18,39,9,7,0.7808219178082192,0.76625,0.8125,0.72,0.8297872340425532,0.72,0.8125,0.6923076923076923,0.7610474631751227,0.8466666666666667
426,20,41,11,1,0.8356164383561644,0.8704212454212454,0.7884615384615384,0.9523809523809523,0.8723404255319149,0.9523809523809523,0.7884615384615384,0.7692307692307693,0.820785597381342,0.9313186813186813
427,16,43,8,6,0.8082191780821918,0.785204991087344,0.8431372549019608,0.7272727272727273,0.86,0.7272727272727273,0.8431372549019608,0.6956521739130435,0.7778260869565217,0.8716577540106951
428,12,36,16,9,0.6575342465753424,0.6318681318681318,0.6923076923076923,0.5714285714285714,0.7422680412371134,0.5714285714285714,0.6923076923076923,0.4897959183673469,0.6160319798022302,0.7628205128205129
429,21,34,10,8,0.7534246575342466,0.7484326018808778,0.7727272727272727,0.7241379310344828,0.7906976744186046,0.7241379310344828,0.7727272727272727,0.7,0.7453488372093022,0.8534482758620691
430,16,39,13,5,0.7534246575342466,0.7559523809523809,0.75,0.7619047619047619,0.8125,0.7619047619047619,0.75,0.64,0.7262500000000001,0.8736263736263736
431,21,31,11,10,0.7123287671232876,0.7077572964669738,0.7380952380952381,0.6774193548387096,0.7469879518072289,0.6774193548387096,0.7380952380952381,0.6666666666666666,0.7068273092369477,0.8425499231950845
432,18,36,13,6,0.7397260273972602,0.7423469387755102,0.7346938775510204,0.75,0.7912087912087912,0.75,0.7346938775510204,0.6545454545454545,0.7228771228771229,0.7993197278911564
433,19,41,5,8,0.821917808219178,0.7975040257648953,0.8913043478260869,0.7037037037037037,0.8631578947368421,0.7037037037037037,0.8913043478260869,0.7450980392156863,0.8041279669762642,0.8083735909822866
434,20,36,14,3,0.7671232876712328,0.7947826086956522,0.72,0.8695652173913043,0.8089887640449438,0.8695652173913043,0.72,0.7017543859649122,0.755371575004928,0.9234782608695652
435,16,36,14,7,0.7123287671232876,0.7078260869565217,0.72,0.6956521739130435,0.7741935483870968,0.6956521739130435,0.72,0.6037735849056604,0.6889835666463786,0.8069565217391305
436,18,36,14,5,0.7397260273972602,0.751304347826087,0.72,0.782608695652174,0.7912087912087912,0.782608695652174,0.72,0.6545454545454545,0.7228771228771229,0.8721739130434782
437,17,38,12,6,0.7534246575342466,0.7495652173913043,0.76,0.7391304347826086,0.8085106382978723,0.7391304347826086,0.76,0.6538461538461539,0.7311783960720131,0.8347826086956522
438,19,39,4,11,0.7945205479452054,0.7701550387596898,0.9069767441860465,0.6333333333333333,0.8387096774193549,0.6333333333333333,0.9069767441860465,0.7169811320754716,0.7778454047474133,0.7914728682170543
439,18,37,11,7,0.7534246575342466,0.7454166666666666,0.7708333333333334,0.72,0.8043478260869565,0.72,0.7708333333333334,0.6666666666666666,0.7355072463768115,0.84
440,16,32,16,9,0.6575342465753424,0.6533333333333333,0.6666666666666666,0.64,0.7191011235955056,0.64,0.6666666666666666,0.5614035087719298,0.6402523161837177,0.7675
441,18,37,11,7,0.7534246575342466,0.7454166666666666,0.7708333333333334,0.72,0.8043478260869565,0.72,0.7708333333333334,0.6666666666666666,0.7355072463768115,0.8466666666666667
442,23,36,10,4,0.8082191780821918,0.817230273752013,0.782608695652174,0.8518518518518519,0.8372093023255814,0.8518518518518519,0.782608695652174,0.7666666666666667,0.8019379844961241,0.8937198067632849
443,18,35,14,6,0.726027397260274,0.7321428571428572,0.7142857142857143,0.75,0.7777777777777778,0.75,0.7142857142857143,0.6428571428571429,0.7103174603174603,0.8460884353741496
444,22,31,8,12,0.726027397260274,0.7209653092006033,0.7948717948717948,0.6470588235294118,0.7560975609756098,0.6470588235294118,0.7948717948717948,0.6875,0.7217987804878049,0.8152337858220211
445,15,42,11,5,0.7808219178082192,0.7712264150943396,0.7924528301886793,0.75,0.84,0.75,0.7924528301886793,0.6521739130434783,0.7460869565217392,0.9056603773584906
446,26,30,11,6,0.7671232876712328,0.7721036585365854,0.7317073170731707,0.8125,0.7792207792207793,0.8125,0.7317073170731707,0.7536231884057971,0.7664219838132882,0.8765243902439025
447,25,30,9,9,0.7534246575342466,0.752262443438914,0.7692307692307693,0.7352941176470589,0.7692307692307693,0.7352941176470589,0.7692307692307693,0.7352941176470589,0.752262443438914,0.8453996983408748
448,14,36,10,13,0.684931506849315,0.6505636070853462,0.782608695652174,0.5185185185185185,0.7578947368421053,0.5185185185185185,0.782608695652174,0.5490196078431373,0.6534571723426212,0.6988727858293076
449,20,34,12,7,0.7397260273972602,0.7399355877616747,0.7391304347826086,0.7407407407407407,0.7816091954022989,0.7407407407407407,0.7391304347826086,0.6779661016949152,0.729787648548607,0.8373590982286634
450,19,34,11,9,0.726027397260274,0.7170634920634921,0.7555555555555555,0.6785714285714286,0.7727272727272727,0.6785714285714286,0.7555555555555555,0.6551724137931034,0.7139498432601881,0.8095238095238095
451,23,28,15,7,0.6986301369863014,0.7089147286821706,0.6511627906976745,0.7666666666666667,0.717948717948718,0.7666666666666667,0.6511627906976745,0.6764705882352942,0.697209653092006,0.7984496124031009
452,16,28,17,12,0.6027397260273972,0.5968253968253968,0.6222222222222222,0.5714285714285714,0.6588235294117647,0.5714285714285714,0.6222222222222222,0.5245901639344263,0.5917068466730955,0.7119047619047619
453,21,32,11,9,0.726027397260274,0.7220930232558139,0.7441860465116279,0.7,0.7619047619047619,0.7,0.7441860465116279,0.6774193548387096,0.7196620583717357,0.8294573643410854
454,21,30,16,6,0.6986301369863014,0.7149758454106281,0.6521739130434783,0.7777777777777778,0.7317073170731707,0.7777777777777778,0.6521739130434783,0.65625,0.6939786585365854,0.8236714975845411
455,16,39,11,7,0.7534246575342466,0.7378260869565217,0.78,0.6956521739130435,0.8125,0.6956521739130435,0.78,0.64,0.7262500000000001,0.837391304347826
456,11,38,13,11,0.6712328767123288,0.6225490196078431,0.7450980392156863,0.5,0.76,0.5,0.7450980392156863,0.4782608695652174,0.6191304347826088,0.6916221033868093
457,23,35,7,8,0.7945205479452054,0.7876344086021505,0.8333333333333334,0.7419354838709677,0.8235294117647058,0.7419354838709677,0.8333333333333334,0.7540983606557377,0.7888138862102217,0.8279569892473119
458,17,35,11,10,0.7123287671232876,0.6952495974235104,0.7608695652173914,0.6296296296296297,0.7692307692307693,0.6296296296296297,0.7608695652173914,0.6181818181818182,0.6937062937062937,0.8043478260869565
459,21,32,10,10,0.726027397260274,0.7196620583717357,0.7619047619047619,0.6774193548387096,0.7619047619047619,0.6774193548387096,0.7619047619047619,0.6774193548387096,0.7196620583717357,0.8471582181259601
460,20,29,19,5,0.6712328767123288,0.7020833333333334,0.6041666666666666,0.8,0.7073170731707317,0.8,0.6041666666666666,0.625,0.6661585365853658,0.8591666666666666
461,21,38,5,9,0.8082191780821918,0.791860465116279,0.8837209302325582,0.7,0.8444444444444444,0.7,0.8837209302325582,0.75,0.7972222222222223,0.8713178294573644
462,18,35,12,8,0.726027397260274,0.718494271685761,0.7446808510638298,0.6923076923076923,0.7777777777777778,0.6923076923076923,0.7446808510638298,0.6428571428571429,0.7103174603174603,0.8404255319148936
463,15,41,9,8,0.7671232876712328,0.7360869565217392,0.82,0.6521739130434783,0.8282828282828283,0.6521739130434783,0.82,0.6382978723404256,0.7332903503116269,0.8139130434782609
464,24,30,10,9,0.7397260273972602,0.7386363636363636,0.75,0.7272727272727273,0.759493670886076,0.7272727272727273,0.75,0.7164179104477612,0.7379557906669185,0.8174242424242424
465,22,32,12,7,0.7397260273972602,0.7429467084639498,0.7272727272727273,0.7586206896551724,0.7710843373493976,0.7586206896551724,0.7272727272727273,0.6984126984126984,0.734748517881048,0.8283699059561127
466,19,37,12,5,0.7671232876712328,0.7733843537414966,0.7551020408163265,0.7916666666666666,0.8131868131868132,0.7916666666666666,0.7551020408163265,0.6909090909090909,0.752047952047952,0.8715986394557823
467,18,40,11,4,0.7945205479452054,0.8012477718360071,0.7843137254901961,0.8181818181818182,0.8421052631578947,0.8181818181818182,0.7843137254901961,0.7058823529411765,0.7739938080495357,0.893939393939394
468,19,38,11,5,0.7808219178082192,0.7835884353741496,0.7755102040816326,0.7916666666666666,0.8260869565217391,0.7916666666666666,0.7755102040816326,0.7037037037037037,0.7648953301127215,0.863095238095238
469,26,28,15,4,0.7397260273972602,0.7589147286821706,0.6511627906976745,0.8666666666666667,0.7466666666666667,0.8666666666666667,0.6511627906976745,0.7323943661971831,0.7395305164319249,0.8689922480620156
470,27,36,4,6,0.863013698630137,0.8590909090909091,0.9,0.8181818181818182,0.8780487804878049,0.8181818181818182,0.9,0.84375,0.8608993902439024,0.9181818181818182
471,23,30,10,10,0.726027397260274,0.7234848484848485,0.75,0.696969696969697,0.75,0.696969696969697,0.75,0.696969696969697,0.7234848484848485,0.8583333333333334
472,22,35,7,9,0.7808219178082192,0.771505376344086,0.8333333333333334,0.7096774193548387,0.813953488372093,0.7096774193548387,0.8333333333333334,0.7333333333333333,0.7736434108527132,0.8417818740399384
473,15,40,10,8,0.7534246575342466,0.7260869565217392,0.8,0.6521739130434783,0.8163265306122449,0.6521739130434783,0.8,0.625,0.7206632653061225,0.831304347826087
474,18,37,7,11,0.7534246575342466,0.7307993730407524,0.8409090909090909,0.6206896551724138,0.8043478260869565,0.6206896551724138,0.8409090909090909,0.6666666666666666,0.7355072463768115,0.8087774294670846
475,19,37,15,2,0.7671232876712328,0.8081501831501832,0.7115384615384616,0.9047619047619048,0.8131868131868132,0.9047619047619048,0.7115384615384616,0.6909090909090909,0.752047952047952,0.9102564102564102
476,24,35,10,4,0.8082191780821918,0.8174603174603174,0.7777777777777778,0.8571428571428571,0.8333333333333334,0.8571428571428571,0.7777777777777778,0.7741935483870968,0.803763440860215,0.9158730158730158
477,23,26,12,12,0.6712328767123288,0.6706766917293233,0.6842105263157895,0.6571428571428571,0.6842105263157895,0.6571428571428571,0.6842105263157895,0.6571428571428571,0.6706766917293233,0.8135338345864661
478,19,31,15,8,0.684931506849315,0.6888083735909822,0.6739130434782609,0.7037037037037037,0.7294117647058823,0.7037037037037037,0.6739130434782609,0.6229508196721312,0.6761812921890067,0.8365539452495975
479,22,28,16,7,0.684931506849315,0.6974921630094044,0.6363636363636364,0.7586206896551724,0.7088607594936709,0.7586206896551724,0.6363636363636364,0.6567164179104478,0.6827885887020593,0.8401253918495297
480,22,30,14,7,0.7123287671232876,0.7202194357366771,0.6818181818181818,0.7586206896551724,0.7407407407407407,0.7586206896551724,0.6818181818181818,0.676923076923077,0.7088319088319088,0.8730407523510971
481,22,32,14,5,0.7397260273972602,0.7552334943639292,0.6956521739130435,0.8148148148148148,0.7710843373493976,0.8148148148148148,0.6956521739130435,0.6984126984126984,0.734748517881048,0.8880837359098228
482,18,42,7,6,0.821917808219178,0.8035714285714286,0.8571428571428571,0.75,0.865979381443299,0.75,0.8571428571428571,0.7346938775510204,0.8003366294971597,0.8639455782312926
483,23,38,8,4,0.8356164383561644,0.8389694041867954,0.8260869565217391,0.8518518518518519,0.8636363636363636,0.8518518518518519,0.8260869565217391,0.7931034482758621,0.8283699059561129,0.8880837359098228
484,15,39,9,10,0.7397260273972602,0.70625,0.8125,0.6,0.8041237113402062,0.6,0.8125,0.6122448979591837,0.708184304649695,0.8266666666666667
485,16,32,14,11,0.6575342465753424,0.644122383252818,0.6956521739130435,0.5925925925925926,0.7191011235955056,0.5925925925925926,0.6956521739130435,0.5614035087719298,0.6402523161837177,0.7157809983896939
486,16,36,18,3,0.7123287671232876,0.7543859649122806,0.6666666666666666,0.8421052631578947,0.7741935483870968,0.8421052631578947,0.6666666666666666,0.6037735849056604,0.6889835666463786,0.8801169590643275
487,20,33,13,7,0.726027397260274,0.7290660225442833,0.717391304347826,0.7407407407407407,0.7674418604651163,0.7407407407407407,0.717391304347826,0.6666666666666666,0.7170542635658914,0.8333333333333333
488,19,37,8,9,0.7671232876712328,0.7503968253968254,0.8222222222222222,0.6785714285714286,0.8131868131868132,0.6785714285714286,0.8222222222222222,0.6909090909090909,0.752047952047952,0.8198412698412699
489,23,32,10,8,0.7534246575342466,0.7519201228878648,0.7619047619047619,0.7419354838709677,0.7804878048780488,0.7419354838709677,0.7619047619047619,0.71875,0.7496189024390244,0.8540706605222734
490,24,25,15,9,0.6712328767123288,0.6761363636363636,0.625,0.7272727272727273,0.6756756756756757,0.7272727272727273,0.625,0.6666666666666666,0.6711711711711712,0.8151515151515152
491,20,39,7,7,0.8082191780821918,0.7942834138486312,0.8478260869565217,0.7407407407407407,0.8478260869565217,0.7407407407407407,0.8478260869565217,0.7407407407407407,0.7942834138486312,0.8518518518518519
492,20,34,11,8,0.7397260273972602,0.734920634920635,0.7555555555555555,0.7142857142857143,0.7816091954022989,0.7142857142857143,0.7555555555555555,0.6779661016949152,0.729787648548607,0.8595238095238095
493,13,32,15,13,0.6164383561643836,0.5904255319148937,0.6808510638297872,0.5,0.6956521739130435,0.5,0.6808510638297872,0.48148148148148145,0.5885668276972624,0.6898527004909983
494,23,34,13,3,0.7808219178082192,0.8040098199672667,0.723404255319149,0.8846153846153846,0.8095238095238095,0.8846153846153846,0.723404255319149,0.7419354838709677,0.7757296466973886,0.9148936170212766
495,18,44,9,2,0.8493150684931506,0.8650943396226416,0.8301886792452831,0.9,0.8888888888888888,0.9,0.8301886792452831,0.7659574468085106,0.8274231678486997,0.9330188679245284
496,21,31,16,5,0.7123287671232876,0.733633387888707,0.6595744680851063,0.8076923076923077,0.7469879518072289,0.8076923076923077,0.6595744680851063,0.6666666666666666,0.7068273092369477,0.8412438625204582
497,17,38,14,4,0.7534246575342466,0.7701465201465201,0.7307692307692307,0.8095238095238095,0.8085106382978723,0.8095238095238095,0.7307692307692307,0.6538461538461539,0.7311783960720131,0.8580586080586081
498,26,31,8,8,0.7808219178082192,0.7797888386123679,0.7948717948717948,0.7647058823529411,0.7948717948717948,0.7647058823529411,0.7948717948717948,0.7647058823529411,0.7797888386123679,0.8446455505279035
499,14,37,11,11,0.6986301369863014,0.6654166666666668,0.7708333333333334,0.56,0.7708333333333334,0.56,0.7708333333333334,0.56,0.6654166666666668,0.77
500,23,29,10,11,0.7123287671232876,0.7100301659125189,0.7435897435897436,0.6764705882352942,0.7341772151898734,0.6764705882352942,0.7435897435897436,0.6865671641791045,0.710372189684489,0.8687782805429864
501,19,41,7,6,0.821917808219178,0.8070833333333334,0.8541666666666666,0.76,0.8631578947368421,0.76,0.8541666666666666,0.7450980392156863,0.8041279669762642,0.9125
502,17,34,11,11,0.6986301369863014,0.6813492063492064,0.7555555555555555,0.6071428571428571,0.7555555555555555,0.6071428571428571,0.7555555555555555,0.6071428571428571,0.6813492063492064,0.8055555555555556
503,11,43,12,7,0.7397260273972602,0.6964646464646465,0.7818181818181819,0.6111111111111112,0.819047619047619,0.6111111111111112,0.7818181818181819,0.5365853658536586,0.6778164924506388,0.7919191919191919
504,18,34,13,8,0.7123287671232876,0.7078559738134207,0.723404255319149,0.6923076923076923,0.7640449438202247,0.6923076923076923,0.723404255319149,0.631578947368421,0.6978119455943228,0.8363338788870704
505,22,33,12,6,0.7534246575342466,0.7595238095238095,0.7333333333333333,0.7857142857142857,0.7857142857142857,0.7857142857142857,0.7333333333333333,0.7096774193548387,0.7476958525345623,0.8388888888888889
506,18,31,14,10,0.6712328767123288,0.665873015873016,0.6888888888888889,0.6428571428571429,0.7209302325581395,0.6428571428571429,0.6888888888888889,0.6,0.6604651162790698,0.8111111111111111
507,25,33,11,4,0.7945205479452054,0.8060344827586207,0.75,0.8620689655172413,0.8148148148148148,0.8620689655172413,0.75,0.7692307692307693,0.792022792022792,0.8816614420062695
508,15,44,10,4,0.8082191780821918,0.8021442495126705,0.8148148148148148,0.7894736842105263,0.8627450980392157,0.7894736842105263,0.8148148148148148,0.6818181818181818,0.7722816399286987,0.8411306042884991
509,24,38,6,5,0.8493150684931506,0.8456112852664577,0.8636363636363636,0.8275862068965517,0.8735632183908046,0.8275862068965517,0.8636363636363636,0.8135593220338984,0.8435612702123515,0.9302507836990597
510,19,41,7,6,0.821917808219178,0.8070833333333334,0.8541666666666666,0.76,0.8631578947368421,0.76,0.8541666666666666,0.7450980392156863,0.8041279669762642,0.8766666666666667
511,18,30,12,13,0.6575342465753424,0.6474654377880185,0.7142857142857143,0.5806451612903226,0.7058823529411765,0.5806451612903226,0.7142857142857143,0.5901639344262295,0.648023143683703,0.7626728110599079
512,19,33,13,8,0.7123287671232876,0.7105475040257649,0.717391304347826,0.7037037037037037,0.7586206896551724,0.7037037037037037,0.717391304347826,0.6440677966101694,0.7013442431326709,0.8639291465378423
513,12,42,10,9,0.7397260273972602,0.6895604395604396,0.8076923076923077,0.5714285714285714,0.8155339805825242,0.5714285714285714,0.8076923076923077,0.5581395348837209,0.6868367577331226,0.7673992673992673
514,28,34,8,3,0.8493150684931506,0.8563748079877112,0.8095238095238095,0.9032258064516129,0.8607594936708861,0.9032258064516129,0.8095238095238095,0.835820895522388,0.848290194596637,0.9508448540706606
515,19,39,11,4,0.7945205479452054,0.8030434782608695,0.78,0.8260869565217391,0.8387096774193549,0.8260869565217391,0.78,0.7169811320754716,0.7778454047474133,0.913913043478261
516,20,31,13,9,0.6986301369863014,0.6971003134796239,0.7045454545454546,0.6896551724137931,0.7380952380952381,0.6896551724137931,0.7045454545454546,0.6451612903225806,0.6916282642089093,0.7938871473354232
517,17,33,17,6,0.684931506849315,0.6995652173913043,0.66,0.7391304347826086,0.7415730337078652,0.7391304347826086,0.66,0.5964912280701754,0.6690321308890204,0.837391304347826
518,28,31,10,4,0.8082191780821918,0.8155487804878049,0.7560975609756098,0.875,0.8157894736842105,0.875,0.7560975609756098,0.8,0.8078947368421052,0.9199695121951219
519,14,40,10,9,0.7397260273972602,0.7043478260869566,0.8,0.6086956521739131,0.8080808080808081,0.6086956521739131,0.8,0.5957446808510638,0.7019127444659359,0.7965217391304349
520,12,45,9,7,0.7808219178082192,0.7324561403508771,0.8333333333333334,0.631578947368421,0.8490566037735849,0.631578947368421,0.8333333333333334,0.6,0.7245283018867925,0.8469785575048733
521,22,33,15,3,0.7534246575342466,0.78375,0.6875,0.88,0.7857142857142857,0.88,0.6875,0.7096774193548387,0.7476958525345623,0.9116666666666666
522,20,35,9,9,0.7534246575342466,0.7425548589341693,0.7954545454545454,0.6896551724137931,0.7954545454545454,0.6896551724137931,0.7954545454545454,0.6896551724137931,0.7425548589341693,0.8448275862068967
523,14,41,13,5,0.7534246575342466,0.7480506822612085,0.7592592592592593,0.7368421052631579,0.82,0.7368421052631579,0.7592592592592593,0.6086956521739131,0.7143478260869565,0.9044834307992202
524,18,36,13,6,0.7397260273972602,0.7423469387755102,0.7346938775510204,0.75,0.7912087912087912,0.75,0.7346938775510204,0.6545454545454545,0.7228771228771229,0.8418367346938775
525,18,39,10,6,0.7808219178082192,0.7729591836734694,0.7959183673469388,0.75,0.8297872340425532,0.75,0.7959183673469388,0.6923076923076923,0.7610474631751227,0.8443877551020408
526,16,42,11,4,0.7945205479452054,0.7962264150943397,0.7924528301886793,0.8,0.8484848484848485,0.8,0.7924528301886793,0.6808510638297872,0.7646679561573179,0.8584905660377359
527,20,29,16,8,0.6712328767123288,0.6793650793650794,0.6444444444444445,0.7142857142857143,0.7073170731707317,0.7142857142857143,0.6444444444444445,0.625,0.6661585365853658,0.8365079365079364
528,17,36,11,9,0.726027397260274,0.7099018003273323,0.7659574468085106,0.6538461538461539,0.782608695652174,0.6538461538461539,0.7659574468085106,0.6296296296296297,0.7061191626409018,0.8101472995090017
529,22,34,11,6,0.7671232876712328,0.7706349206349206,0.7555555555555555,0.7857142857142857,0.8,0.7857142857142857,0.7555555555555555,0.7213114754098361,0.7606557377049181,0.8793650793650793
530,24,27,13,9,0.6986301369863014,0.7011363636363637,0.675,0.7272727272727273,0.7105263157894737,0.7272727272727273,0.675,0.6857142857142857,0.6981203007518797,0.8568181818181818
531,16,41,11,5,0.7808219178082192,0.7751831501831501,0.7884615384615384,0.7619047619047619,0.8367346938775511,0.7619047619047619,0.7884615384615384,0.6666666666666666,0.7517006802721089,0.8791208791208791
532,22,35,10,6,0.7808219178082192,0.7817460317460317,0.7777777777777778,0.7857142857142857,0.813953488372093,0.7857142857142857,0.7777777777777778,0.7333333333333333,0.7736434108527132,0.8896825396825396
533,15,44,8,6,0.8082191780821918,0.7802197802197802,0.8461538461538461,0.7142857142857143,0.8627450980392157,0.7142857142857143,0.8461538461538461,0.6818181818181818,0.7722816399286987,0.8782051282051282
534,15,39,13,6,0.7397260273972602,0.7321428571428572,0.75,0.7142857142857143,0.8041237113402062,0.7142857142857143,0.75,0.6122448979591837,0.708184304649695,0.848901098901099
535,26,31,11,5,0.7808219178082192,0.7884024577572966,0.7380952380952381,0.8387096774193549,0.7948717948717948,0.8387096774193549,0.7380952380952381,0.7647058823529411,0.7797888386123679,0.8886328725038403
536,15,39,12,7,0.7397260273972602,0.7232620320855614,0.7647058823529411,0.6818181818181818,0.8041237113402062,0.6818181818181818,0.7647058823529411,0.6122448979591837,0.708184304649695,0.8306595365418895
537,21,41,6,5,0.8493150684931506,0.8400163666121113,0.8723404255319149,0.8076923076923077,0.8817204301075269,0.8076923076923077,0.8723404255319149,0.7924528301886793,0.837086630148103,0.9042553191489362
538,12,48,9,4,0.821917808219178,0.7960526315789473,0.8421052631578947,0.75,0.8807339449541285,0.75,0.8421052631578947,0.6486486486486487,0.7646912968013886,0.8640350877192983
539,14,37,16,6,0.6986301369863014,0.6990566037735848,0.6981132075471698,0.7,0.7708333333333334,0.7,0.6981132075471698,0.56,0.6654166666666668,0.8037735849056604
540,14,41,12,6,0.7534246575342466,0.7367924528301887,0.7735849056603774,0.7,0.82,0.7,0.7735849056603774,0.6086956521739131,0.7143478260869565,0.8160377358490565
541,14,37,12,10,0.6986301369863014,0.6692176870748299,0.7551020408163265,0.5833333333333334,0.7708333333333334,0.5833333333333334,0.7551020408163265,0.56,0.6654166666666668,0.7355442176870748
542,15,38,12,8,0.726027397260274,0.7060869565217391,0.76,0.6521739130434783,0.7916666666666666,0.6521739130434783,0.76,0.6,0.6958333333333333,0.7782608695652173
543,25,35,5,8,0.821917808219178,0.8162878787878788,0.875,0.7575757575757576,0.8433734939759037,0.7575757575757576,0.875,0.7936507936507936,0.8185121438133487,0.8659090909090909
544,23,27,12,11,0.684931506849315,0.6843891402714932,0.6923076923076923,0.6764705882352942,0.7012987012987013,0.6764705882352942,0.6923076923076923,0.6666666666666666,0.6839826839826839,0.7880844645550529
545,16,41,12,4,0.7808219178082192,0.7867924528301887,0.7735849056603774,0.8,0.8367346938775511,0.8,0.7735849056603774,0.6666666666666666,0.7517006802721089,0.8849056603773585
546,19,38,13,3,0.7808219178082192,0.804367201426025,0.7450980392156863,0.8636363636363636,0.8260869565217391,0.8636363636363636,0.7450980392156863,0.7037037037037037,0.7648953301127215,0.8832442067736186
547,22,35,13,3,0.7808219178082192,0.8045833333333333,0.7291666666666666,0.88,0.813953488372093,0.88,0.7291666666666666,0.7333333333333333,0.7736434108527132,0.9075000000000001
548,25,34,9,5,0.8082191780821918,0.812015503875969,0.7906976744186046,0.8333333333333334,0.8292682926829268,0.8333333333333334,0.7906976744186046,0.78125,0.8052591463414633,0.8968992248062015
549,21,36,8,8,0.7808219178082192,0.7711598746081505,0.8181818181818182,0.7241379310344828,0.8181818181818182,0.7241379310344828,0.8181818181818182,0.7241379310344828,0.7711598746081505,0.847962382445141
550,16,39,9,9,0.7534246575342466,0.7262500000000001,0.8125,0.64,0.8125,0.64,0.8125,0.64,0.7262500000000001,0.8516666666666667
551,23,28,13,9,0.6986301369863014,0.7008384146341464,0.6829268292682927,0.71875,0.717948717948718,0.71875,0.6829268292682927,0.6764705882352942,0.697209653092006,0.7835365853658536
552,21,32,9,11,0.726027397260274,0.7183689024390244,0.7804878048780488,0.65625,0.7619047619047619,0.65625,0.7804878048780488,0.6774193548387096,0.7196620583717357,0.7621951219512195
553,20,40,9,4,0.821917808219178,0.8248299319727892,0.8163265306122449,0.8333333333333334,0.8602150537634409,0.8333333333333334,0.8163265306122449,0.7547169811320755,0.8074660174477581,0.9166666666666666
554,14,39,13,7,0.726027397260274,0.7083333333333333,0.75,0.6666666666666666,0.7959183673469388,0.6666666666666666,0.75,0.5833333333333334,0.689625850340136,0.7930402930402931
555,16,38,13,6,0.7397260273972602,0.7361853832442068,0.7450980392156863,0.7272727272727273,0.8,0.7272727272727273,0.7450980392156863,0.6274509803921569,0.7137254901960784,0.8627450980392156
556,26,31,10,6,0.7808219178082192,0.7842987804878049,0.7560975609756098,0.8125,0.7948717948717948,0.8125,0.7560975609756098,0.7647058823529411,0.7797888386123679,0.8978658536585366
557,17,42,9,5,0.8082191780821918,0.7981283422459893,0.8235294117647058,0.7727272727272727,0.8571428571428571,0.7727272727272727,0.8235294117647058,0.7083333333333334,0.7827380952380952,0.85650623885918
558,23,29,14,7,0.7123287671232876,0.7205426356589147,0.6744186046511628,0.7666666666666667,0.7341772151898734,0.7666666666666667,0.6744186046511628,0.6865671641791045,0.710372189684489,0.8124031007751938
559,17,38,13,5,0.7534246575342466,0.7589126559714795,0.7450980392156863,0.7727272727272727,0.8085106382978723,0.7727272727272727,0.7450980392156863,0.6538461538461539,0.7311783960720131,0.8440285204991088
560,20,35,11,7,0.7534246575342466,0.750805152979066,0.7608695652173914,0.7407407407407407,0.7954545454545454,0.7407407407407407,0.7608695652173914,0.6896551724137931,0.7425548589341693,0.8800322061191627
561,24,33,7,9,0.7808219178082192,0.7761363636363636,0.825,0.7272727272727273,0.8048780487804879,0.7272727272727273,0.825,0.75,0.7774390243902439,0.8575757575757575
562,14,40,16,3,0.7397260273972602,0.76890756302521,0.7142857142857143,0.8235294117647058,0.8080808080808081,0.8235294117647058,0.7142857142857143,0.5957446808510638,0.7019127444659359,0.8886554621848739
563,22,41,7,3,0.863013698630137,0.8670833333333333,0.8541666666666666,0.88,0.8913043478260869,0.88,0.8541666666666666,0.8148148148148148,0.8530595813204509,0.9533333333333333
564,17,39,10,7,0.7671232876712328,0.752125850340136,0.7959183673469388,0.7083333333333334,0.8210526315789474,0.7083333333333334,0.7959183673469388,0.6666666666666666,0.743859649122807,0.8358843537414966
565,13,37,11,12,0.684931506849315,0.6454166666666667,0.7708333333333334,0.52,0.7628865979381443,0.52,0.7708333333333334,0.5306122448979592,0.6467494214180518,0.7333333333333334
566,25,31,10,7,0.7671232876712328,0.7686737804878049,0.7560975609756098,0.78125,0.7848101265822784,0.78125,0.7560975609756098,0.746268656716418,0.7655393916493483,0.8742378048780488
567,17,36,12,8,0.726027397260274,0.7150000000000001,0.75,0.68,0.782608695652174,0.68,0.75,0.6296296296296297,0.7061191626409018,0.8516666666666667
568,17,41,11,4,0.7945205479452054,0.798992673992674,0.7884615384615384,0.8095238095238095,0.845360824742268,0.8095238095238095,0.7884615384615384,0.6938775510204082,0.7696191878813381,0.8836996336996337
569,24,31,11,7,0.7534246575342466,0.7561443932411674,0.7380952380952381,0.7741935483870968,0.775,0.7741935483870968,0.7380952380952381,0.7272727272727273,0.7511363636363637,0.8448540706605223
570,22,35,14,2,0.7808219178082192,0.8154761904761905,0.7142857142857143,0.9166666666666666,0.813953488372093,0.9166666666666666,0.7142857142857143,0.7333333333333333,0.7736434108527132,0.9090136054421769
571,21,31,12,9,0.7123287671232876,0.7104651162790697,0.7209302325581395,0.7,0.7469879518072289,0.7,0.7209302325581395,0.6666666666666666,0.7068273092369477,0.8372093023255813
572,20,31,8,14,0.6986301369863014,0.691553544494721,0.7948717948717948,0.5882352941176471,0.7380952380952381,0.5882352941176471,0.7948717948717948,0.6451612903225806,0.6916282642089093,0.751131221719457
573,19,37,6,11,0.7671232876712328,0.7468992248062015,0.8604651162790697,0.6333333333333333,0.8131868131868132,0.6333333333333333,0.8604651162790697,0.6909090909090909,0.752047952047952,0.8162790697674419
574,19,39,9,6,0.7945205479452054,0.78625,0.8125,0.76,0.8387096774193549,0.76,0.8125,0.7169811320754716,0.7778454047474133,0.8741666666666666
575,20,33,14,6,0.726027397260274,0.7356792144026187,0.7021276595744681,0.7692307692307693,0.7674418604651163,0.7692307692307693,0.7021276595744681,0.6666666666666666,0.7170542635658914,0.8355155482815056
576,18,38,6,11,0.7671232876712328,0.7421630094043887,0.8636363636363636,0.6206896551724138,0.8172043010752689,0.6206896551724138,0.8636363636363636,0.6792452830188679,0.7482247920470684,0.8095611285266459
577,22,36,12,3,0.7945205479452054,0.815,0.75,0.88,0.8275862068965517,0.88,0.75,0.7457627118644068,0.7866744593804793,0.9333333333333333
578,23,34,9,7,0.7808219178082192,0.7786821705426357,0.7906976744186046,0.7666666666666667,0.8095238095238095,0.7666666666666667,0.7906976744186046,0.7419354838709677,0.7757296466973886,0.8682170542635659
579,20,38,9,6,0.7945205479452054,0.7888707037643208,0.8085106382978723,0.7692307692307693,0.8351648351648352,0.7692307692307693,0.8085106382978723,0.7272727272727273,0.7812187812187812,0.8248772504091653
580,20,38,11,4,0.7945205479452054,0.804421768707483,0.7755102040816326,0.8333333333333334,0.8351648351648352,0.8333333333333334,0.7755102040816326,0.7272727272727273,0.7812187812187812,0.91921768707483
581,25,34,9,5,0.8082191780821918,0.812015503875969,0.7906976744186046,0.8333333333333334,0.8292682926829268,0.8333333333333334,0.7906976744186046,0.78125,0.8052591463414633,0.8937984496124032
582,15,41,11,6,0.7671232876712328,0.7513736263736264,0.7884615384615384,0.7142857142857143,0.8282828282828283,0.7142857142857143,0.7884615384615384,0.6382978723404256,0.7332903503116269,0.8562271062271062
583,19,36,10,8,0.7534246575342466,0.7431561996779388,0.782608695652174,0.7037037037037037,0.8,0.7037037037037037,0.782608695652174,0.6785714285714286,0.7392857142857143,0.8067632850241545
584,15,36,12,10,0.6986301369863014,0.675,0.75,0.6,0.7659574468085106,0.6,0.75,0.5769230769230769,0.6714402618657938,0.7624999999999998
585,23,36,10,4,0.8082191780821918,0.817230273752013,0.782608695652174,0.8518518518518519,0.8372093023255814,0.8518518518518519,0.782608695652174,0.7666666666666667,0.8019379844961241,0.9138486312399355
586,24,36,11,2,0.821917808219178,0.8445171849427169,0.7659574468085106,0.9230769230769231,0.8470588235294118,0.9230769230769231,0.7659574468085106,0.7868852459016393,0.8169720347155256,0.9484451718494272
587,22,35,12,4,0.7808219178082192,0.795417348608838,0.7446808510638298,0.8461538461538461,0.813953488372093,0.8461538461538461,0.7446808510638298,0.7333333333333333,0.7736434108527132,0.8887070376432079
588,12,40,9,12,0.7123287671232876,0.6581632653061225,0.8163265306122449,0.5,0.7920792079207921,0.5,0.8163265306122449,0.5333333333333333,0.6627062706270628,0.8044217687074829
589,21,34,15,3,0.7534246575342466,0.784438775510204,0.6938775510204082,0.875,0.7906976744186046,0.875,0.6938775510204082,0.7,0.7453488372093022,0.9328231292517006
590,17,36,12,8,0.726027397260274,0.7150000000000001,0.75,0.68,0.782608695652174,0.68,0.75,0.6296296296296297,0.7061191626409018,0.8166666666666668
591,15,45,10,3,0.821917808219178,0.8257575757575758,0.8181818181818182,0.8333333333333334,0.8737864077669902,0.8333333333333334,0.8181818181818182,0.6976744186046512,0.7857304131858207,0.9404040404040405
592,20,36,7,10,0.7671232876712328,0.751937984496124,0.8372093023255814,0.6666666666666666,0.8089887640449438,0.6666666666666666,0.8372093023255814,0.7017543859649122,0.755371575004928,0.8627906976744186
593,11,42,11,9,0.726027397260274,0.6712264150943397,0.7924528301886793,0.55,0.8076923076923077,0.55,0.7924528301886793,0.5238095238095238,0.6657509157509158,0.7990566037735849
594,24,37,9,3,0.8356164383561644,0.8466183574879227,0.8043478260869565,0.8888888888888888,0.8604651162790697,0.8888888888888888,0.8043478260869565,0.8,0.8302325581395349,0.9355877616747181
595,22,35,14,2,0.7808219178082192,0.8154761904761905,0.7142857142857143,0.9166666666666666,0.813953488372093,0.9166666666666666,0.7142857142857143,0.7333333333333333,0.7736434108527132,0.9379251700680272
596,17,38,12,6,0.7534246575342466,0.7495652173913043,0.76,0.7391304347826086,0.8085106382978723,0.7391304347826086,0.76,0.6538461538461539,0.7311783960720131,0.8600000000000001
597,20,26,19,8,0.6301369863013698,0.646031746031746,0.5777777777777777,0.7142857142857143,0.6582278481012658,0.7142857142857143,0.5777777777777777,0.5970149253731343,0.6276213867372,0.780952380952381
598,22,35,11,5,0.7808219178082192,0.787842190016103,0.7608695652173914,0.8148148148148148,0.813953488372093,0.8148148148148148,0.7608695652173914,0.7333333333333333,0.7736434108527132,0.8389694041867954
599,15,43,11,4,0.7945205479452054,0.7928849902534113,0.7962962962962963,0.7894736842105263,0.8514851485148515,0.7894736842105263,0.7962962962962963,0.6666666666666666,0.759075907590759,0.8732943469785576
600,16,36,14,7,0.7123287671232876,0.7078260869565217,0.72,0.6956521739130435,0.7741935483870968,0.6956521739130435,0.72,0.6037735849056604,0.6889835666463786,0.8260869565217391
601,22,38,9,4,0.821917808219178,0.8273322422258592,0.8085106382978723,0.8461538461538461,0.8539325842696629,0.8461538461538461,0.8085106382978723,0.7719298245614035,0.8129312044155332,0.8952536824877251
602,17,39,17,0,0.7671232876712328,0.8482142857142857,0.6964285714285714,1.0,0.8210526315789474,1.0,0.6964285714285714,0.6666666666666666,0.743859649122807,0.9621848739495799
603,19,39,10,5,0.7945205479452054,0.7937925170068028,0.7959183673469388,0.7916666666666666,0.8387096774193549,0.7916666666666666,0.7959183673469388,0.7169811320754716,0.7778454047474133,0.8596938775510204
604,23,37,8,5,0.821917808219178,0.8218253968253968,0.8222222222222222,0.8214285714285714,0.8505747126436781,0.8214285714285714,0.8222222222222222,0.7796610169491526,0.8151178647964153,0.9031746031746032
605,21,38,9,5,0.8082191780821918,0.8081014729950899,0.8085106382978723,0.8076923076923077,0.8444444444444444,0.8076923076923077,0.8085106382978723,0.75,0.7972222222222223,0.9091653027823241
606,24,30,8,11,0.7397260273972602,0.737593984962406,0.7894736842105263,0.6857142857142857,0.759493670886076,0.6857142857142857,0.7894736842105263,0.7164179104477612,0.7379557906669185,0.824812030075188
607,24,36,12,1,0.821917808219178,0.855,0.75,0.96,0.8470588235294118,0.96,0.75,0.7868852459016393,0.8169720347155256,0.9516666666666667
608,21,37,9,6,0.7945205479452054,0.7910628019323671,0.8043478260869565,0.7777777777777778,0.8314606741573034,0.7777777777777778,0.8043478260869565,0.7368421052631579,0.7841513897102306,0.8599033816425121
609,19,43,6,5,0.8493150684931506,0.8346088435374149,0.8775510204081632,0.7916666666666666,0.8865979381443299,0.7916666666666666,0.8775510204081632,0.7755102040816326,0.8310540711129812,0.9124149659863946
610,12,43,10,8,0.7534246575342466,0.7056603773584906,0.8113207547169812,0.6,0.8269230769230769,0.6,0.8113207547169812,0.5714285714285714,0.6991758241758241,0.7518867924528301
611,15,35,14,9,0.684931506849315,0.6696428571428572,0.7142857142857143,0.625,0.7526881720430108,0.625,0.7142857142857143,0.5660377358490566,0.6593629539460337,0.7500000000000001
612,20,40,10,3,0.821917808219178,0.8347826086956522,0.8,0.8695652173913043,0.8602150537634409,0.8695652173913043,0.8,0.7547169811320755,0.8074660174477581,0.9060869565217391
613,18,33,19,3,0.6986301369863014,0.7458791208791209,0.6346153846153846,0.8571428571428571,0.75,0.8571428571428571,0.6346153846153846,0.6206896551724138,0.6853448275862069,0.8891941391941391
614,14,42,12,5,0.7671232876712328,0.7573099415204678,0.7777777777777778,0.7368421052631579,0.8316831683168316,0.7368421052631579,0.7777777777777778,0.6222222222222222,0.7269526952695269,0.831384015594542
615,21,32,14,6,0.726027397260274,0.7367149758454106,0.6956521739130435,0.7777777777777778,0.7619047619047619,0.7777777777777778,0.6956521739130435,0.6774193548387096,0.7196620583717357,0.8486312399355878
616,18,39,8,8,0.7808219178082192,0.7610474631751227,0.8297872340425532,0.6923076923076923,0.8297872340425532,0.6923076923076923,0.8297872340425532,0.6923076923076923,0.7610474631751227,0.8404255319148937
617,17,39,7,10,0.7671232876712328,0.7387278582930756,0.8478260869565217,0.6296296296296297,0.8210526315789474,0.6296296296296297,0.8478260869565217,0.6666666666666666,0.743859649122807,0.8212560386473431
618,19,40,12,2,0.8082191780821918,0.836996336996337,0.7692307692307693,0.9047619047619048,0.851063829787234,0.9047619047619048,0.7692307692307693,0.7307692307692307,0.7909165302782324,0.9459706959706959
619,17,35,13,8,0.7123287671232876,0.7045833333333333,0.7291666666666666,0.68,0.7692307692307693,0.68,0.7291666666666666,0.6181818181818182,0.6937062937062937,0.8283333333333334
620,19,37,12,5,0.7671232876712328,0.7733843537414966,0.7551020408163265,0.7916666666666666,0.8131868131868132,0.7916666666666666,0.7551020408163265,0.6909090909090909,0.752047952047952,0.8639455782312925
621,16,42,8,7,0.7945205479452054,0.7678260869565217,0.84,0.6956521739130435,0.8484848484848485,0.6956521739130435,0.84,0.6808510638297872,0.7646679561573179,0.8713043478260869
622,23,33,11,6,0.7671232876712328,0.771551724137931,0.75,0.7931034482758621,0.7951807228915663,0.7931034482758621,0.75,0.7301587301587301,0.7626697265251482,0.8918495297805642
623,23,27,10,13,0.684931506849315,0.6843093093093093,0.7297297297297297,0.6388888888888888,0.7012987012987013,0.6388888888888888,0.7297297297297297,0.6666666666666666,0.6839826839826839,0.8295795795795796
624,21,38,10,4,0.8082191780821918,0.8158333333333333,0.7916666666666666,0.84,0.8444444444444444,0.84,0.7916666666666666,0.75,0.7972222222222223,0.8866666666666666
625,19,43,6,5,0.8493150684931506,0.8346088435374149,0.8775510204081632,0.7916666666666666,0.8865979381443299,0.7916666666666666,0.8775510204081632,0.7755102040816326,0.8310540711129812,0.9022108843537415
626,14,40,13,6,0.7397260273972602,0.7273584905660377,0.7547169811320755,0.7,0.8080808080808081,0.7,0.7547169811320755,0.5957446808510638,0.7019127444659359,0.8660377358490566
627,23,32,11,7,0.7534246575342466,0.7554263565891473,0.7441860465116279,0.7666666666666667,0.7804878048780488,0.7666666666666667,0.7441860465116279,0.71875,0.7496189024390244,0.858139534883721
628,13,40,12,8,0.726027397260274,0.6941391941391941,0.7692307692307693,0.6190476190476191,0.8,0.6190476190476191,0.7692307692307693,0.5652173913043478,0.682608695652174,0.7939560439560439
629,21,34,12,6,0.7534246575342466,0.7584541062801933,0.7391304347826086,0.7777777777777778,0.7906976744186046,0.7777777777777778,0.7391304347826086,0.7,0.7453488372093022,0.859903381642512
630,24,35,5,9,0.8082191780821918,0.8011363636363636,0.875,0.7272727272727273,0.8333333333333334,0.7272727272727273,0.875,0.7741935483870968,0.803763440860215,0.846969696969697
631,27,33,8,5,0.821917808219178,0.8243140243902439,0.8048780487804879,0.84375,0.8354430379746836,0.84375,0.8048780487804879,0.8059701492537313,0.8207065936142075,0.8910060975609756
632,19,34,19,1,0.726027397260274,0.7957547169811321,0.6415094339622641,0.95,0.7727272727272727,0.95,0.6415094339622641,0.6551724137931034,0.7139498432601881,0.9188679245283019
633,23,28,10,12,0.6986301369863014,0.6969924812030075,0.7368421052631579,0.6571428571428571,0.717948717948718,0.6571428571428571,0.7368421052631579,0.6764705882352942,0.697209653092006,0.8082706766917293
634,18,32,18,5,0.684931506849315,0.711304347826087,0.64,0.782608695652174,0.735632183908046,0.782608695652174,0.64,0.6101694915254238,0.6729008377167349,0.8226086956521739
635,18,45,6,4,0.863013698630137,0.8502673796791445,0.8823529411764706,0.8181818181818182,0.9,0.8181818181818182,0.8823529411764706,0.782608695652174,0.841304347826087,0.8966131907308379
636,13,48,9,3,0.8356164383561644,0.8273026315789473,0.8421052631578947,0.8125,0.8888888888888888,0.8125,0.8421052631578947,0.6842105263157895,0.7865497076023391,0.9089912280701755
637,19,40,9,5,0.8082191780821918,0.8039965986394557,0.8163265306122449,0.7916666666666666,0.851063829787234,0.7916666666666666,0.8163265306122449,0.7307692307692307,0.7909165302782324,0.907312925170068
638,18,35,8,12,0.726027397260274,0.7069767441860465,0.813953488372093,0.6,0.7777777777777778,0.6,0.813953488372093,0.6428571428571429,0.7103174603174603,0.7294573643410853
639,17,36,11,9,0.726027397260274,0.7099018003273323,0.7659574468085106,0.6538461538461539,0.782608695652174,0.6538461538461539,0.7659574468085106,0.6296296296296297,0.7061191626409018,0.8052373158756138
640,18,34,10,11,0.7123287671232876,0.6967084639498433,0.7727272727272727,0.6206896551724138,0.7640449438202247,0.6206896551724138,0.7727272727272727,0.631578947368421,0.6978119455943228,0.7813479623824451
641,20,37,9,7,0.7808219178082192,0.7725442834138486,0.8043478260869565,0.7407407407407407,0.8222222222222222,0.7407407407407407,0.8043478260869565,0.7142857142857143,0.7682539682539682,0.8880837359098228
642,16,39,12,6,0.7534246575342466,0.7459893048128342,0.7647058823529411,0.7272727272727273,0.8125,0.7272727272727273,0.7647058823529411,0.64,0.7262500000000001,0.8360071301247771
643,24,33,12,4,0.7808219178082192,0.7952380952380952,0.7333333333333333,0.8571428571428571,0.8048780487804879,0.8571428571428571,0.7333333333333333,0.75,0.7774390243902439,0.9071428571428571
644,28,32,9,4,0.821917808219178,0.8277439024390244,0.7804878048780488,0.875,0.8311688311688312,0.875,0.7804878048780488,0.8115942028985508,0.821381517033691,0.9352134146341463
645,14,40,11,8,0.7397260273972602,0.7103386809269162,0.7843137254901961,0.6363636363636364,0.8080808080808081,0.6363636363636364,0.7843137254901961,0.5957446808510638,0.7019127444659359,0.7736185383244205
646,25,35,6,7,0.821917808219178,0.8174542682926829,0.8536585365853658,0.78125,0.8433734939759037,0.78125,0.8536585365853658,0.7936507936507936,0.8185121438133487,0.8635670731707317
647,21,32,9,11,0.726027397260274,0.7183689024390244,0.7804878048780488,0.65625,0.7619047619047619,0.65625,0.7804878048780488,0.6774193548387096,0.7196620583717357,0.8285060975609757
648,18,39,10,6,0.7808219178082192,0.7729591836734694,0.7959183673469388,0.75,0.8297872340425532,0.75,0.7959183673469388,0.6923076923076923,0.7610474631751227,0.8069727891156462
649,22,34,9,8,0.7671232876712328,0.762015503875969,0.7906976744186046,0.7333333333333333,0.8,0.7333333333333333,0.7906976744186046,0.7213114754098361,0.7606557377049181,0.8635658914728682
650,22,33,9,9,0.7534246575342466,0.7476958525345623,0.7857142857142857,0.7096774193548387,0.7857142857142857,0.7096774193548387,0.7857142857142857,0.7096774193548387,0.7476958525345623,0.8233486943164362
651,14,35,12,12,0.6712328767123288,0.6415711947626841,0.7446808510638298,0.5384615384615384,0.7446808510638298,0.5384615384615384,0.7446808510638298,0.5384615384615384,0.6415711947626841,0.7119476268412439
652,23,37,9,4,0.821917808219178,0.8280998389694042,0.8043478260869565,0.8518518518518519,0.8505747126436781,0.8518518518518519,0.8043478260869565,0.7796610169491526,0.8151178647964153,0.930756843800322
653,15,42,8,8,0.7808219178082192,0.7460869565217392,0.84,0.6521739130434783,0.84,0.6521739130434783,0.84,0.6521739130434783,0.7460869565217392,0.8539130434782609
654,13,42,11,7,0.7534246575342466,0.7212264150943397,0.7924528301886793,0.65,0.8235294117647058,0.65,0.7924528301886793,0.5909090909090909,0.7072192513368984,0.8009433962264152
655,14,46,10,3,0.821917808219178,0.8224789915966386,0.8214285714285714,0.8235294117647058,0.8761904761904762,0.8235294117647058,0.8214285714285714,0.6829268292682927,0.7795586527293845,0.8981092436974789
656,20,36,4,13,0.7671232876712328,0.753030303030303,0.9,0.6060606060606061,0.8089887640449438,0.6060606060606061,0.9,0.7017543859649122,0.755371575004928,0.8719696969696971
657,15,46,10,2,0.8356164383561644,0.851890756302521,0.8214285714285714,0.8823529411764706,0.8846153846153846,0.8823529411764706,0.8214285714285714,0.7142857142857143,0.7994505494505495,0.9548319327731093
658,24,32,12,5,0.7671232876712328,0.7774294670846396,0.7272727272727273,0.8275862068965517,0.7901234567901234,0.8275862068965517,0.7272727272727273,0.7384615384615385,0.764292497625831,0.896551724137931
659,21,35,11,6,0.7671232876712328,0.7693236714975846,0.7608695652173914,0.7777777777777778,0.8045977011494253,0.7777777777777778,0.7608695652173914,0.711864406779661,0.7582310539645432,0.8784219001610306
660,20,31,14,8,0.6986301369863014,0.7015873015873015,0.6888888888888889,0.7142857142857143,0.7380952380952381,0.7142857142857143,0.6888888888888889,0.6451612903225806,0.6916282642089093,0.8365079365079364
661,16,36,16,5,0.7123287671232876,0.7271062271062271,0.6923076923076923,0.7619047619047619,0.7741935483870968,0.7619047619047619,0.6923076923076923,0.6037735849056604,0.6889835666463786,0.8507326007326007
662,19,37,9,8,0.7671232876712328,0.7540257648953301,0.8043478260869565,0.7037037037037037,0.8131868131868132,0.7037037037037037,0.8043478260869565,0.6909090909090909,0.752047952047952,0.8832528180354268
663,16,44,9,4,0.821917808219178,0.8150943396226416,0.8301886792452831,0.8,0.8712871287128713,0.8,0.8301886792452831,0.7111111111111111,0.7911991199119912,0.8839622641509433
664,18,35,12,8,0.726027397260274,0.718494271685761,0.7446808510638298,0.6923076923076923,0.7777777777777778,0.6923076923076923,0.7446808510638298,0.6428571428571429,0.7103174603174603,0.8715220949263502
665,15,42,11,5,0.7808219178082192,0.7712264150943396,0.7924528301886793,0.75,0.84,0.75,0.7924528301886793,0.6521739130434783,0.7460869565217392,0.8264150943396227
666,21,33,13,6,0.7397260273972602,0.7475845410628019,0.717391304347826,0.7777777777777778,0.7764705882352941,0.7777777777777778,0.717391304347826,0.6885245901639344,0.7324975891996143,0.8244766505636071
667,18,38,10,7,0.7671232876712328,0.7558333333333334,0.7916666666666666,0.72,0.8172043010752689,0.72,0.7916666666666666,0.6792452830188679,0.7482247920470684,0.8391666666666667
668,17,40,10,6,0.7808219178082192,0.7695652173913043,0.8,0.7391304347826086,0.8333333333333334,0.7391304347826086,0.8,0.68,0.7566666666666667,0.871304347826087
669,17,39,11,6,0.7671232876712328,0.7595652173913043,0.78,0.7391304347826086,0.8210526315789474,0.7391304347826086,0.78,0.6666666666666666,0.743859649122807,0.8626086956521739
670,18,38,9,8,0.7671232876712328,0.7504091653027822,0.8085106382978723,0.6923076923076923,0.8172043010752689,0.6923076923076923,0.8085106382978723,0.6792452830188679,0.7482247920470684,0.8175122749590834
671,19,40,7,7,0.8082191780821918,0.7909165302782324,0.851063829787234,0.7307692307692307,0.851063829787234,0.7307692307692307,0.851063829787234,0.7307692307692307,0.7909165302782324,0.867430441898527
672,18,35,9,11,0.726027397260274,0.7080721003134796,0.7954545454545454,0.6206896551724138,0.7777777777777778,0.6206896551724138,0.7954545454545454,0.6428571428571429,0.7103174603174603,0.8166144200626959
673,19,38,9,7,0.7808219178082192,0.7696399345335515,0.8085106382978723,0.7307692307692307,0.8260869565217391,0.7307692307692307,0.8085106382978723,0.7037037037037037,0.7648953301127215,0.8338788870703765
674,19,37,12,5,0.7671232876712328,0.7733843537414966,0.7551020408163265,0.7916666666666666,0.8131868131868132,0.7916666666666666,0.7551020408163265,0.6909090909090909,0.752047952047952,0.8486394557823128
675,21,34,10,8,0.7534246575342466,0.7484326018808778,0.7727272727272727,0.7241379310344828,0.7906976744186046,0.7241379310344828,0.7727272727272727,0.7,0.7453488372093022,0.7789968652037617
676,22,35,10,6,0.7808219178082192,0.7817460317460317,0.7777777777777778,0.7857142857142857,0.813953488372093,0.7857142857142857,0.7777777777777778,0.7333333333333333,0.7736434108527132,0.8539682539682539
677,17,39,9,8,0.7671232876712328,0.7462500000000001,0.8125,0.68,0.8210526315789474,0.68,0.8125,0.6666666666666666,0.743859649122807,0.8525000000000001
678,12,36,15,10,0.6575342465753424,0.625668449197861,0.7058823529411765,0.5454545454545454,0.7422680412371134,0.5454545454545454,0.7058823529411765,0.4897959183673469,0.6160319798022302,0.770053475935829
679,23,32,9,9,0.7534246575342466,0.7496189024390244,0.7804878048780488,0.71875,0.7804878048780488,0.71875,0.7804878048780488,0.71875,0.7496189024390244,0.8643292682926829
680,23,31,16,3,0.7397260273972602,0.7720949263502455,0.6595744680851063,0.8846153846153846,0.7654320987654321,0.8846153846153846,0.6595744680851063,0.7076923076923077,0.7365622032288699,0.9009819967266776
681,25,33,9,6,0.7945205479452054,0.7960829493087558,0.7857142857142857,0.8064516129032258,0.8148148148148148,0.8064516129032258,0.7857142857142857,0.7692307692307693,0.792022792022792,0.8870967741935483
682,17,43,8,5,0.821917808219178,0.8079322638146167,0.8431372549019608,0.7727272727272727,0.8686868686868687,0.7727272727272727,0.8431372549019608,0.723404255319149,0.7960455620030089,0.8850267379679145
683,16,34,15,8,0.684931506849315,0.6802721088435374,0.6938775510204082,0.6666666666666666,0.7472527472527473,0.6666666666666666,0.6938775510204082,0.5818181818181818,0.6645354645354645,0.7712585034013605
684,23,31,8,11,0.7397260273972602,0.7356711915535445,0.7948717948717948,0.6764705882352942,0.7654320987654321,0.6764705882352942,0.7948717948717948,0.7076923076923077,0.7365622032288699,0.8461538461538461
685,16,41,10,6,0.7808219178082192,0.7655971479500892,0.803921568627451,0.7272727272727273,0.8367346938775511,0.7272727272727273,0.803921568627451,0.6666666666666666,0.7517006802721089,0.838680926916221
686,16,39,13,5,0.7534246575342466,0.7559523809523809,0.75,0.7619047619047619,0.8125,0.7619047619047619,0.75,0.64,0.7262500000000001,0.8498168498168498
687,17,37,10,9,0.7397260273972602,0.7205400981996727,0.7872340425531915,0.6538461538461539,0.7956989247311828,0.6538461538461539,0.7872340425531915,0.6415094339622641,0.7186041793467235,0.8265139116202946
688,24,28,12,9,0.7123287671232876,0.7136363636363636,0.7,0.7272727272727273,0.7272727272727273,0.7272727272727273,0.7,0.6956521739130435,0.7114624505928854,0.8265151515151514
689,25,33,6,9,0.7945205479452054,0.7907239819004526,0.8461538461538461,0.7352941176470589,0.8148148148148148,0.7352941176470589,0.8461538461538461,0.7692307692307693,0.792022792022792,0.8793363499245853
690,16,43,7,7,0.8082191780821918,0.7778260869565217,0.86,0.6956521739130435,0.86,0.6956521739130435,0.86,0.6956521739130435,0.7778260869565217,0.9260869565217391
691,19,37,12,5,0.7671232876712328,0.7733843537414966,0.7551020408163265,0.7916666666666666,0.8131868131868132,0.7916666666666666,0.7551020408163265,0.6909090909090909,0.752047952047952,0.8937074829931972
692,21,28,20,4,0.6712328767123288,0.7116666666666667,0.5833333333333334,0.84,0.7,0.84,0.5833333333333334,0.6363636363636364,0.6681818181818182,0.8566666666666667
693,20,40,7,6,0.821917808219178,0.8101472995090017,0.851063829787234,0.7692307692307693,0.8602150537634409,0.7692307692307693,0.851063829787234,0.7547169811320755,0.8074660174477581,0.8600654664484452
694,22,34,7,10,0.7671232876712328,0.7583841463414633,0.8292682926829268,0.6875,0.8,0.6875,0.8292682926829268,0.7213114754098361,0.7606557377049181,0.7949695121951218
695,19,37,7,10,0.7671232876712328,0.7480407523510972,0.8409090909090909,0.6551724137931034,0.8131868131868132,0.6551724137931034,0.8409090909090909,0.6909090909090909,0.752047952047952,0.8526645768025077
696,16,37,10,10,0.726027397260274,0.7013093289689034,0.7872340425531915,0.6153846153846154,0.7872340425531915,0.6153846153846154,0.7872340425531915,0.6153846153846154,0.7013093289689034,0.7577741407528641
697,18,37,12,6,0.7534246575342466,0.7525510204081632,0.7551020408163265,0.75,0.8043478260869565,0.75,0.7551020408163265,0.6666666666666666,0.7355072463768115,0.7933673469387755
698,22,35,8,8,0.7808219178082192,0.7736434108527132,0.813953488372093,0.7333333333333333,0.813953488372093,0.7333333333333333,0.813953488372093,0.7333333333333333,0.7736434108527132,0.8356589147286821
699,14,43,7,9,0.7808219178082192,0.7343478260869565,0.86,0.6086956521739131,0.8431372549019608,0.6086956521739131,0.86,0.6363636363636364,0.7397504456327986,0.8208695652173914
700,15,46,5,7,0.8356164383561644,0.7918894830659536,0.9019607843137255,0.6818181818181818,0.8846153846153846,0.6818181818181818,0.9019607843137255,0.7142857142857143,0.7994505494505495,0.8725490196078431
701,19,32,13,9,0.6986301369863014,0.6948412698412698,0.7111111111111111,0.6785714285714286,0.7441860465116279,0.6785714285714286,0.7111111111111111,0.6333333333333333,0.6887596899224806,0.7666666666666666
702,22,36,14,1,0.7945205479452054,0.8382608695652174,0.72,0.9565217391304348,0.8275862068965517,0.9565217391304348,0.72,0.7457627118644068,0.7866744593804793,0.9634782608695652
703,20,38,10,5,0.7945205479452054,0.7958333333333334,0.7916666666666666,0.8,0.8351648351648352,0.8,0.7916666666666666,0.7272727272727273,0.7812187812187812,0.8875
704,22,34,12,5,0.7671232876712328,0.7769726247987117,0.7391304347826086,0.8148148148148148,0.8,0.8148148148148148,0.7391304347826086,0.7213114754098361,0.7606557377049181,0.8913043478260869
705,16,42,9,6,0.7945205479452054,0.7754010695187166,0.8235294117647058,0.7272727272727273,0.8484848484848485,0.7272727272727273,0.8235294117647058,0.6808510638297872,0.7646679561573179,0.8868092691622104
706,17,35,10,11,0.7123287671232876,0.6924603174603174,0.7777777777777778,0.6071428571428571,0.7692307692307693,0.6071428571428571,0.7777777777777778,0.6181818181818182,0.6937062937062937,0.7484126984126984
707,21,33,15,4,0.7397260273972602,0.7637499999999999,0.6875,0.84,0.7764705882352941,0.84,0.6875,0.6885245901639344,0.7324975891996143,0.9216666666666666
708,16,35,11,11,0.6986301369863014,0.676731078904992,0.7608695652173914,0.5925925925925926,0.7608695652173914,0.5925925925925926,0.7608695652173914,0.5925925925925926,0.676731078904992,0.820450885668277
709,21,34,13,5,0.7534246575342466,0.7655482815057284,0.723404255319149,0.8076923076923077,0.7906976744186046,0.8076923076923077,0.723404255319149,0.7,0.7453488372093022,0.8731587561374795
710,16,37,9,11,0.726027397260274,0.6984702093397746,0.8043478260869565,0.5925925925925926,0.7872340425531915,0.5925925925925926,0.8043478260869565,0.6153846153846154,0.7013093289689034,0.8244766505636071
711,21,33,10,9,0.7397260273972602,0.7337209302325581,0.7674418604651163,0.7,0.7764705882352941,0.7,0.7674418604651163,0.6885245901639344,0.7324975891996143,0.8294573643410853
712,19,30,16,8,0.6712328767123288,0.677938808373591,0.6521739130434783,0.7037037037037037,0.7142857142857143,0.7037037037037037,0.6521739130434783,0.6129032258064516,0.663594470046083,0.8276972624798712
713,21,32,13,7,0.726027397260274,0.7305555555555556,0.7111111111111111,0.75,0.7619047619047619,0.75,0.7111111111111111,0.6774193548387096,0.7196620583717357,0.7904761904761906
714,13,43,8,9,0.7671232876712328,0.7170231729055259,0.8431372549019608,0.5909090909090909,0.8349514563106796,0.5909090909090909,0.8431372549019608,0.6046511627906976,0.7198013095506886,0.8172905525846703
715,22,41,8,2,0.863013698630137,0.8767006802721089,0.8367346938775511,0.9166666666666666,0.8913043478260869,0.9166666666666666,0.8367346938775511,0.8148148148148148,0.8530595813204509,0.9421768707482991
716,19,37,8,9,0.7671232876712328,0.7503968253968254,0.8222222222222222,0.6785714285714286,0.8131868131868132,0.6785714285714286,0.8222222222222222,0.6909090909090909,0.752047952047952,0.8436507936507938
717,22,37,7,7,0.8082191780821918,0.7997648902821317,0.8409090909090909,0.7586206896551724,0.8409090909090909,0.7586206896551724,0.8409090909090909,0.7586206896551724,0.7997648902821317,0.8824451410658307
718,15,42,10,6,0.7808219178082192,0.760989010989011,0.8076923076923077,0.7142857142857143,0.84,0.7142857142857143,0.8076923076923077,0.6521739130434783,0.7460869565217392,0.8296703296703296
719,15,34,14,10,0.6712328767123288,0.6541666666666667,0.7083333333333334,0.6,0.7391304347826086,0.6,0.7083333333333334,0.5555555555555556,0.6473429951690821,0.7358333333333333
720,11,41,13,8,0.7123287671232876,0.669103313840156,0.7592592592592593,0.5789473684210527,0.7961165048543689,0.5789473684210527,0.7592592592592593,0.5116279069767442,0.6538722059155566,0.7699805068226121
721,19,35,12,7,0.7397260273972602,0.7377250409165302,0.7446808510638298,0.7307692307692307,0.7865168539325843,0.7307692307692307,0.7446808510638298,0.6666666666666666,0.7265917602996255,0.8731587561374795
722,18,44,7,4,0.8493150684931506,0.840463458110517,0.8627450980392157,0.8181818181818182,0.8888888888888888,0.8181818181818182,0.8627450980392157,0.7659574468085106,0.8274231678486997,0.9081996434937611
723,16,41,13,3,0.7808219178082192,0.800682261208577,0.7592592592592593,0.8421052631578947,0.8367346938775511,0.8421052631578947,0.7592592592592593,0.6666666666666666,0.7517006802721089,0.8908382066276803
724,22,34,13,4,0.7671232876712328,0.7847790507364976,0.723404255319149,0.8461538461538461,0.8,0.8461538461538461,0.723404255319149,0.7213114754098361,0.7606557377049181,0.8887070376432078
725,17,39,13,4,0.7671232876712328,0.7797619047619048,0.75,0.8095238095238095,0.8210526315789474,0.8095238095238095,0.75,0.6666666666666666,0.743859649122807,0.8983516483516484
726,22,33,13,5,0.7534246575342466,0.7661030595813204,0.717391304347826,0.8148148148148148,0.7857142857142857,0.8148148148148148,0.717391304347826,0.7096774193548387,0.7476958525345623,0.8792270531400965
727,21,41,8,3,0.8493150684931506,0.8558673469387755,0.8367346938775511,0.875,0.8817204301075269,0.875,0.8367346938775511,0.7924528301886793,0.837086630148103,0.9107142857142857
728,18,44,6,5,0.8493150684931506,0.831304347826087,0.88,0.782608695652174,0.8888888888888888,0.782608695652174,0.88,0.7659574468085106,0.8274231678486997,0.8573913043478261
729,21,35,8,9,0.7671232876712328,0.7569767441860464,0.813953488372093,0.7,0.8045977011494253,0.7,0.813953488372093,0.711864406779661,0.7582310539645432,0.8449612403100775
730,20,34,9,10,0.7397260273972602,0.7286821705426356,0.7906976744186046,0.6666666666666666,0.7816091954022989,0.6666666666666666,0.7906976744186046,0.6779661016949152,0.729787648548607,0.897674418604651
731,19,35,12,7,0.7397260273972602,0.7377250409165302,0.7446808510638298,0.7307692307692307,0.7865168539325843,0.7307692307692307,0.7446808510638298,0.6666666666666666,0.7265917602996255,0.7847790507364976
732,15,35,14,9,0.684931506849315,0.6696428571428572,0.7142857142857143,0.625,0.7526881720430108,0.625,0.7142857142857143,0.5660377358490566,0.6593629539460337,0.7687074829931974
733,26,30,11,6,0.7671232876712328,0.7721036585365854,0.7317073170731707,0.8125,0.7792207792207793,0.8125,0.7317073170731707,0.7536231884057971,0.7664219838132882,0.9199695121951219
734,19,36,10,8,0.7534246575342466,0.7431561996779388,0.782608695652174,0.7037037037037037,0.8,0.7037037037037037,0.782608695652174,0.6785714285714286,0.7392857142857143,0.8083735909822867
735,18,36,12,7,0.7397260273972602,0.735,0.75,0.72,0.7912087912087912,0.72,0.75,0.6545454545454545,0.7228771228771229,0.8658333333333335
736,12,44,9,8,0.7671232876712328,0.7150943396226415,0.8301886792452831,0.6,0.8380952380952381,0.6,0.8301886792452831,0.5853658536585366,0.7117305458768873,0.8226415094339623
737,17,35,14,7,0.7123287671232876,0.7113095238095238,0.7142857142857143,0.7083333333333334,0.7692307692307693,0.7083333333333334,0.7142857142857143,0.6181818181818182,0.6937062937062937,0.8154761904761905
738,19,38,9,7,0.7808219178082192,0.7696399345335515,0.8085106382978723,0.7307692307692307,0.8260869565217391,0.7307692307692307,0.8085106382978723,0.7037037037037037,0.7648953301127215,0.8494271685761048
739,16,36,13,8,0.7123287671232876,0.7006802721088435,0.7346938775510204,0.6666666666666666,0.7741935483870968,0.6666666666666666,0.7346938775510204,0.6037735849056604,0.6889835666463786,0.7848639455782312
740,19,35,12,7,0.7397260273972602,0.7377250409165302,0.7446808510638298,0.7307692307692307,0.7865168539325843,0.7307692307692307,0.7446808510638298,0.6666666666666666,0.7265917602996255,0.8085106382978723
741,16,39,11,7,0.7534246575342466,0.7378260869565217,0.78,0.6956521739130435,0.8125,0.6956521739130435,0.78,0.64,0.7262500000000001,0.8130434782608695
742,19,42,8,4,0.8356164383561644,0.8330434782608696,0.84,0.8260869565217391,0.875,0.8260869565217391,0.84,0.76,0.8175,0.9252173913043478
743,19,33,14,7,0.7123287671232876,0.7164484451718494,0.7021276595744681,0.7307692307692307,0.7586206896551724,0.7307692307692307,0.7021276595744681,0.6440677966101694,0.7013442431326709,0.8126022913256956
744,18,34,15,6,0.7123287671232876,0.721938775510204,0.6938775510204082,0.75,0.7640449438202247,0.75,0.6938775510204082,0.631578947368421,0.6978119455943228,0.8052721088435374
745,18,31,14,10,0.6712328767123288,0.665873015873016,0.6888888888888889,0.6428571428571429,0.7209302325581395,0.6428571428571429,0.6888888888888889,0.6,0.6604651162790698,0.7333333333333334
746,19,36,11,7,0.7534246575342466,0.7483633387888706,0.7659574468085106,0.7307692307692307,0.8,0.7307692307692307,0.7659574468085106,0.6785714285714286,0.7392857142857143,0.8338788870703764
747,15,43,11,4,0.7945205479452054,0.7928849902534113,0.7962962962962963,0.7894736842105263,0.8514851485148515,0.7894736842105263,0.7962962962962963,0.6666666666666666,0.759075907590759,0.8840155945419103
748,16,37,13,7,0.726027397260274,0.7178260869565217,0.74,0.6956521739130435,0.7872340425531915,0.6956521739130435,0.74,0.6153846153846154,0.7013093289689034,0.8495652173913043
749,23,34,8,8,0.7808219178082192,0.7757296466973886,0.8095238095238095,0.7419354838709677,0.8095238095238095,0.7419354838709677,0.8095238095238095,0.7419354838709677,0.7757296466973886,0.8533026113671274
750,12,41,12,8,0.726027397260274,0.6867924528301887,0.7735849056603774,0.6,0.803921568627451,0.6,0.7735849056603774,0.5454545454545454,0.6746880570409982,0.8188679245283019
751,19,38,13,3,0.7808219178082192,0.804367201426025,0.7450980392156863,0.8636363636363636,0.8260869565217391,0.8636363636363636,0.7450980392156863,0.7037037037037037,0.7648953301127215,0.8841354723707665
752,15,45,11,2,0.821917808219178,0.8429621848739496,0.8035714285714286,0.8823529411764706,0.8737864077669902,0.8823529411764706,0.8035714285714286,0.6976744186046512,0.7857304131858207,0.9086134453781513
753,18,36,10,9,0.7397260273972602,0.7246376811594203,0.782608695652174,0.6666666666666666,0.7912087912087912,0.6666666666666666,0.782608695652174,0.6545454545454545,0.7228771228771229,0.7971014492753623
754,23,32,11,7,0.7534246575342466,0.7554263565891473,0.7441860465116279,0.7666666666666667,0.7804878048780488,0.7666666666666667,0.7441860465116279,0.71875,0.7496189024390244,0.8666666666666667
755,17,43,7,6,0.821917808219178,0.7995652173913044,0.86,0.7391304347826086,0.8686868686868687,0.7391304347826086,0.86,0.723404255319149,0.7960455620030089,0.8478260869565217
756,23,33,12,5,0.7671232876712328,0.7773809523809523,0.7333333333333333,0.8214285714285714,0.7951807228915663,0.8214285714285714,0.7333333333333333,0.7301587301587301,0.7626697265251482,0.8603174603174604
757,20,39,10,4,0.8082191780821918,0.814625850340136,0.7959183673469388,0.8333333333333334,0.8478260869565217,0.8333333333333334,0.7959183673469388,0.7407407407407407,0.7942834138486312,0.9124149659863946
758,25,36,7,5,0.8356164383561644,0.8352713178294574,0.8372093023255814,0.8333333333333334,0.8571428571428571,0.8333333333333334,0.8372093023255814,0.8064516129032258,0.8317972350230414,0.9186046511627907
759,19,35,12,7,0.7397260273972602,0.7377250409165302,0.7446808510638298,0.7307692307692307,0.7865168539325843,0.7307692307692307,0.7446808510638298,0.6666666666666666,0.7265917602996255,0.8543371522094927
760,16,42,6,9,0.7945205479452054,0.7575000000000001,0.875,0.64,0.8484848484848485,0.64,0.875,0.6808510638297872,0.7646679561573179,0.8183333333333334
761,17,37,12,7,0.7397260273972602,0.7317176870748299,0.7551020408163265,0.7083333333333334,0.7956989247311828,0.7083333333333334,0.7551020408163265,0.6415094339622641,0.7186041793467235,0.8758503401360546
762,19,36,11,7,0.7534246575342466,0.7483633387888706,0.7659574468085106,0.7307692307692307,0.8,0.7307692307692307,0.7659574468085106,0.6785714285714286,0.7392857142857143,0.851063829787234
763,21,36,8,8,0.7808219178082192,0.7711598746081505,0.8181818181818182,0.7241379310344828,0.8181818181818182,0.7241379310344828,0.8181818181818182,0.7241379310344828,0.7711598746081505,0.8620689655172413
764,23,34,11,5,0.7808219178082192,0.7884920634920635,0.7555555555555555,0.8214285714285714,0.8095238095238095,0.8214285714285714,0.7555555555555555,0.7419354838709677,0.7757296466973886,0.8857142857142857
765,25,30,14,4,0.7534246575342466,0.7719435736677116,0.6818181818181818,0.8620689655172413,0.7692307692307693,0.8620689655172413,0.6818181818181818,0.7352941176470589,0.752262443438914,0.9043887147335424
766,23,31,9,10,0.7397260273972602,0.7359848484848486,0.775,0.696969696969697,0.7654320987654321,0.696969696969697,0.775,0.7076923076923077,0.7365622032288699,0.8227272727272728
767,11,40,13,9,0.6986301369863014,0.6523584905660378,0.7547169811320755,0.55,0.7843137254901961,0.55,0.7547169811320755,0.5,0.642156862745098,0.7773584905660378
768,16,36,14,7,0.7123287671232876,0.7078260869565217,0.72,0.6956521739130435,0.7741935483870968,0.6956521739130435,0.72,0.6037735849056604,0.6889835666463786,0.7713043478260869
769,16,38,11,8,0.7397260273972602,0.7210884353741496,0.7755102040816326,0.6666666666666666,0.8,0.6666666666666666,0.7755102040816326,0.6274509803921569,0.7137254901960784,0.836734693877551
770,16,34,17,6,0.684931506849315,0.696969696969697,0.6666666666666666,0.7272727272727273,0.7472527472527473,0.7272727272727273,0.6666666666666666,0.5818181818181818,0.6645354645354645,0.839572192513369
771,11,42,14,6,0.726027397260274,0.6985294117647058,0.75,0.6470588235294118,0.8076923076923077,0.6470588235294118,0.75,0.5238095238095238,0.6657509157509158,0.819327731092437
772,17,37,13,6,0.7397260273972602,0.7395652173913043,0.74,0.7391304347826086,0.7956989247311828,0.7391304347826086,0.74,0.6415094339622641,0.7186041793467235,0.8217391304347824
773,17,38,9,9,0.7534246575342466,0.7311783960720131,0.8085106382978723,0.6538461538461539,0.8085106382978723,0.6538461538461539,0.8085106382978723,0.6538461538461539,0.7311783960720131,0.7986906710310965
774,18,42,12,1,0.821917808219178,0.8625730994152047,0.7777777777777778,0.9473684210526315,0.865979381443299,0.9473684210526315,0.7777777777777778,0.7346938775510204,0.8003366294971597,0.9532163742690059
775,18,37,13,5,0.7534246575342466,0.761304347826087,0.74,0.782608695652174,0.8043478260869565,0.782608695652174,0.74,0.6666666666666666,0.7355072463768115,0.8608695652173913
776,19,38,9,7,0.7808219178082192,0.7696399345335515,0.8085106382978723,0.7307692307692307,0.8260869565217391,0.7307692307692307,0.8085106382978723,0.7037037037037037,0.7648953301127215,0.8445171849427169
777,23,36,8,6,0.8082191780821918,0.8056426332288402,0.8181818181818182,0.7931034482758621,0.8372093023255814,0.7931034482758621,0.8181818181818182,0.7666666666666667,0.8019379844961241,0.8934169278996865
778,21,29,11,12,0.684931506849315,0.6806818181818182,0.725,0.6363636363636364,0.7160493827160493,0.6363636363636364,0.725,0.6461538461538462,0.6811016144349478,0.7378787878787878
779,20,35,13,5,0.7534246575342466,0.7645833333333334,0.7291666666666666,0.8,0.7954545454545454,0.8,0.7291666666666666,0.6896551724137931,0.7425548589341693,0.8833333333333334
780,13,39,6,15,0.7123287671232876,0.6654761904761906,0.8666666666666667,0.4642857142857143,0.7878787878787878,0.4642857142857143,0.8666666666666667,0.5531914893617021,0.6705351386202449,0.7785714285714286
781,16,43,8,6,0.8082191780821918,0.785204991087344,0.8431372549019608,0.7272727272727273,0.86,0.7272727272727273,0.8431372549019608,0.6956521739130435,0.7778260869565217,0.803030303030303
782,13,36,16,8,0.6712328767123288,0.6556776556776557,0.6923076923076923,0.6190476190476191,0.75,0.6190476190476191,0.6923076923076923,0.52,0.635,0.7793040293040293
783,22,36,8,7,0.7945205479452054,0.7884012539184952,0.8181818181818182,0.7586206896551724,0.8275862068965517,0.7586206896551724,0.8181818181818182,0.7457627118644068,0.7866744593804793,0.877742946708464
784,11,46,8,8,0.7808219178082192,0.7153996101364523,0.8518518518518519,0.5789473684210527,0.8518518518518519,0.5789473684210527,0.8518518518518519,0.5789473684210527,0.7153996101364523,0.7729044834307992
785,21,33,8,11,0.7397260273972602,0.7305640243902439,0.8048780487804879,0.65625,0.7764705882352941,0.65625,0.8048780487804879,0.6885245901639344,0.7324975891996143,0.8025914634146343
786,21,37,8,7,0.7945205479452054,0.7861111111111111,0.8222222222222222,0.75,0.8314606741573034,0.75,0.8222222222222222,0.7368421052631579,0.7841513897102306,0.861904761904762
787,14,41,10,8,0.7534246575342466,0.7201426024955437,0.803921568627451,0.6363636363636364,0.82,0.6363636363636364,0.803921568627451,0.6086956521739131,0.7143478260869565,0.8244206773618539
788,24,33,12,4,0.7808219178082192,0.7952380952380952,0.7333333333333333,0.8571428571428571,0.8048780487804879,0.8571428571428571,0.7333333333333333,0.75,0.7774390243902439,0.8849206349206349
789,16,38,11,8,0.7397260273972602,0.7210884353741496,0.7755102040816326,0.6666666666666666,0.8,0.6666666666666666,0.7755102040816326,0.6274509803921569,0.7137254901960784,0.7848639455782312
790,19,31,13,10,0.684931506849315,0.679858934169279,0.7045454545454546,0.6551724137931034,0.7294117647058823,0.6551724137931034,0.7045454545454546,0.6229508196721312,0.6761812921890067,0.7641065830721003
791,21,36,6,10,0.7808219178082192,0.7672811059907834,0.8571428571428571,0.6774193548387096,0.8181818181818182,0.6774193548387096,0.8571428571428571,0.7241379310344828,0.7711598746081505,0.8740399385560675
792,15,39,15,4,0.7397260273972602,0.7558479532163742,0.7222222222222222,0.7894736842105263,0.8041237113402062,0.7894736842105263,0.7222222222222222,0.6122448979591837,0.708184304649695,0.8810916179337231
793,21,39,10,3,0.821917808219178,0.8354591836734694,0.7959183673469388,0.875,0.8571428571428571,0.875,0.7959183673469388,0.7636363636363637,0.8103896103896104,0.8869047619047619
794,25,27,8,13,0.7123287671232876,0.7146616541353383,0.7714285714285715,0.6578947368421053,0.72,0.6578947368421053,0.7714285714285715,0.704225352112676,0.712112676056338,0.7887218045112782
795,19,32,12,10,0.6986301369863014,0.6912225705329154,0.7272727272727273,0.6551724137931034,0.7441860465116279,0.6551724137931034,0.7272727272727273,0.6333333333333333,0.6887596899224806,0.7884012539184952
796,23,31,8,11,0.7397260273972602,0.7356711915535445,0.7948717948717948,0.6764705882352942,0.7654320987654321,0.6764705882352942,0.7948717948717948,0.7076923076923077,0.7365622032288699,0.7993966817496229
797,23,37,8,5,0.821917808219178,0.8218253968253968,0.8222222222222222,0.8214285714285714,0.8505747126436781,0.8214285714285714,0.8222222222222222,0.7796610169491526,0.8151178647964153,0.9103174603174603
798,22,33,11,7,0.7534246575342466,0.7543103448275862,0.75,0.7586206896551724,0.7857142857142857,0.7586206896551724,0.75,0.7096774193548387,0.7476958525345623,0.8691222570532916
799,21,34,8,10,0.7534246575342466,0.7434715821812596,0.8095238095238095,0.6774193548387096,0.7906976744186046,0.6774193548387096,0.8095238095238095,0.7,0.7453488372093022,0.8387096774193548
800,21,32,13,7,0.726027397260274,0.7305555555555556,0.7111111111111111,0.75,0.7619047619047619,0.75,0.7111111111111111,0.6774193548387096,0.7196620583717357,0.8166666666666667
801,18,37,13,5,0.7534246575342466,0.761304347826087,0.74,0.782608695652174,0.8043478260869565,0.782608695652174,0.74,0.6666666666666666,0.7355072463768115,0.8904347826086957
802,18,42,8,5,0.821917808219178,0.811304347826087,0.84,0.782608695652174,0.865979381443299,0.782608695652174,0.84,0.7346938775510204,0.8003366294971597,0.9043478260869566
803,11,35,18,9,0.6301369863013698,0.605188679245283,0.660377358490566,0.55,0.7216494845360825,0.55,0.660377358490566,0.4489795918367347,0.5853145381864086,0.7113207547169811
804,16,37,11,9,0.726027397260274,0.7054166666666667,0.7708333333333334,0.64,0.7872340425531915,0.64,0.7708333333333334,0.6153846153846154,0.7013093289689034,0.7816666666666667
805,26,31,8,8,0.7808219178082192,0.7797888386123679,0.7948717948717948,0.7647058823529411,0.7948717948717948,0.7647058823529411,0.7948717948717948,0.7647058823529411,0.7797888386123679,0.803921568627451
806,31,28,7,7,0.8082191780821918,0.8078947368421052,0.8,0.8157894736842105,0.8,0.8157894736842105,0.8,0.8157894736842105,0.8078947368421052,0.9263157894736842
807,15,39,11,8,0.7397260273972602,0.7160869565217391,0.78,0.6521739130434783,0.8041237113402062,0.6521739130434783,0.78,0.6122448979591837,0.708184304649695,0.8130434782608695
808,16,40,8,9,0.7671232876712328,0.7366666666666667,0.8333333333333334,0.64,0.8247422680412371,0.64,0.8333333333333334,0.6530612244897959,0.7389017462655165,0.8075
809,16,32,12,13,0.6575342465753424,0.6394984326018809,0.7272727272727273,0.5517241379310345,0.7191011235955056,0.5517241379310345,0.7272727272727273,0.5614035087719298,0.6402523161837177,0.6731974921630094
810,20,34,14,5,0.7397260273972602,0.7541666666666667,0.7083333333333334,0.8,0.7816091954022989,0.8,0.7083333333333334,0.6779661016949152,0.729787648548607,0.8983333333333333
811,28,25,16,4,0.726027397260274,0.7423780487804879,0.6097560975609756,0.875,0.7142857142857143,0.875,0.6097560975609756,0.7368421052631579,0.7255639097744361,0.8894817073170732
812,23,32,13,5,0.7534246575342466,0.7662698412698412,0.7111111111111111,0.8214285714285714,0.7804878048780488,0.8214285714285714,0.7111111111111111,0.71875,0.7496189024390244,0.9111111111111111
813,20,34,7,12,0.7397260273972602,0.7271341463414633,0.8292682926829268,0.625,0.7816091954022989,0.625,0.8292682926829268,0.6779661016949152,0.729787648548607,0.8208841463414634
814,23,27,15,8,0.684931506849315,0.6923963133640554,0.6428571428571429,0.7419354838709677,0.7012987012987013,0.7419354838709677,0.6428571428571429,0.6666666666666666,0.6839826839826839,0.7841781874039938
815,11,44,11,7,0.7534246575342466,0.7055555555555556,0.8,0.6111111111111112,0.8301886792452831,0.6111111111111112,0.8,0.55,0.6900943396226416,0.8373737373737374
816,20,36,8,9,0.7671232876712328,0.7539184952978057,0.8181818181818182,0.6896551724137931,0.8089887640449438,0.6896551724137931,0.8181818181818182,0.7017543859649122,0.755371575004928,0.8111285266457681
817,22,34,10,7,0.7671232876712328,0.7656739811912225,0.7727272727272727,0.7586206896551724,0.8,0.7586206896551724,0.7727272727272727,0.7213114754098361,0.7606557377049181,0.8605015673981191
818,20,37,11,5,0.7808219178082192,0.7854166666666667,0.7708333333333334,0.8,0.8222222222222222,0.8,0.7708333333333334,0.7142857142857143,0.7682539682539682,0.8741666666666665
819,22,34,8,9,0.7671232876712328,0.7596006144393241,0.8095238095238095,0.7096774193548387,0.8,0.7096774193548387,0.8095238095238095,0.7213114754098361,0.7606557377049181,0.8356374807987711
820,19,38,8,8,0.7808219178082192,0.7648953301127215,0.8260869565217391,0.7037037037037037,0.8260869565217391,0.7037037037037037,0.8260869565217391,0.7037037037037037,0.7648953301127215,0.8429951690821256
821,15,42,15,1,0.7808219178082192,0.837171052631579,0.7368421052631579,0.9375,0.84,0.9375,0.7368421052631579,0.6521739130434783,0.7460869565217392,0.9451754385964912
822,19,35,13,6,0.7397260273972602,0.7445833333333334,0.7291666666666666,0.76,0.7865168539325843,0.76,0.7291666666666666,0.6666666666666666,0.7265917602996255,0.8591666666666667
823,17,34,16,6,0.6986301369863014,0.7095652173913043,0.68,0.7391304347826086,0.7555555555555555,0.7391304347826086,0.68,0.6071428571428571,0.6813492063492064,0.831304347826087
824,24,28,14,7,0.7123287671232876,0.7204301075268817,0.6666666666666666,0.7741935483870968,0.7272727272727273,0.7741935483870968,0.6666666666666666,0.6956521739130435,0.7114624505928854,0.847926267281106
825,15,43,12,3,0.7945205479452054,0.8075757575757576,0.7818181818181819,0.8333333333333334,0.8514851485148515,0.8333333333333334,0.7818181818181819,0.6666666666666666,0.759075907590759,0.88989898989899
826,16,38,14,5,0.7397260273972602,0.7463369963369964,0.7307692307692307,0.7619047619047619,0.8,0.7619047619047619,0.7307692307692307,0.6274509803921569,0.7137254901960784,0.8672161172161174
827,13,45,14,1,0.7945205479452054,0.8456416464891041,0.7627118644067796,0.9285714285714286,0.8571428571428571,0.9285714285714286,0.7627118644067796,0.6341463414634146,0.7456445993031359,0.950363196125908
828,13,41,10,9,0.7397260273972602,0.697415329768271,0.803921568627451,0.5909090909090909,0.8118811881188119,0.5909090909090909,0.803921568627451,0.5777777777777777,0.6948294829482948,0.8092691622103387
829,18,32,18,5,0.684931506849315,0.711304347826087,0.64,0.782608695652174,0.735632183908046,0.782608695652174,0.64,0.6101694915254238,0.6729008377167349,0.8582608695652174
830,20,37,7,9,0.7808219178082192,0.765282131661442,0.8409090909090909,0.6896551724137931,0.8222222222222222,0.6896551724137931,0.8409090909090909,0.7142857142857143,0.7682539682539682,0.8510971786833856
831,20,34,11,8,0.7397260273972602,0.734920634920635,0.7555555555555555,0.7142857142857143,0.7816091954022989,0.7142857142857143,0.7555555555555555,0.6779661016949152,0.729787648548607,0.8428571428571427
832,23,30,11,9,0.726027397260274,0.7252286585365854,0.7317073170731707,0.71875,0.75,0.71875,0.7317073170731707,0.696969696969697,0.7234848484848485,0.8681402439024389
833,19,34,14,6,0.726027397260274,0.7341666666666666,0.7083333333333334,0.76,0.7727272727272727,0.76,0.7083333333333334,0.6551724137931034,0.7139498432601881,0.8383333333333334
834,22,23,14,14,0.6164383561643836,0.6163663663663663,0.6216216216216216,0.6111111111111112,0.6216216216216216,0.6111111111111112,0.6216216216216216,0.6111111111111112,0.6163663663663663,0.7590090090090089
835,21,35,13,4,0.7671232876712328,0.7845833333333333,0.7291666666666666,0.84,0.8045977011494253,0.84,0.7291666666666666,0.711864406779661,0.7582310539645432,0.9249999999999999
836,18,40,10,5,0.7945205479452054,0.791304347826087,0.8,0.782608695652174,0.8421052631578947,0.782608695652174,0.8,0.7058823529411765,0.7739938080495357,0.8765217391304349
837,21,32,12,8,0.726027397260274,0.7257053291536051,0.7272727272727273,0.7241379310344828,0.7619047619047619,0.7241379310344828,0.7272727272727273,0.6774193548387096,0.7196620583717357,0.8275862068965517
838,21,38,12,2,0.8082191780821918,0.8365217391304347,0.76,0.9130434782608695,0.8444444444444444,0.9130434782608695,0.76,0.75,0.7972222222222223,0.9121739130434782
839,21,33,12,7,0.7397260273972602,0.7416666666666667,0.7333333333333333,0.75,0.7764705882352941,0.75,0.7333333333333333,0.6885245901639344,0.7324975891996143,0.8190476190476191
840,15,41,10,7,0.7671232876712328,0.7428698752228164,0.803921568627451,0.6818181818181818,0.8282828282828283,0.6818181818181818,0.803921568627451,0.6382978723404256,0.7332903503116269,0.8288770053475937
841,17,37,12,7,0.7397260273972602,0.7317176870748299,0.7551020408163265,0.7083333333333334,0.7956989247311828,0.7083333333333334,0.7551020408163265,0.6415094339622641,0.7186041793467235,0.8469387755102041
842,15,41,9,8,0.7671232876712328,0.7360869565217392,0.82,0.6521739130434783,0.8282828282828283,0.6521739130434783,0.82,0.6382978723404256,0.7332903503116269,0.7869565217391304
843,22,40,7,4,0.8493150684931506,0.8486088379705401,0.851063829787234,0.8461538461538461,0.8791208791208791,0.8461538461538461,0.851063829787234,0.8,0.8395604395604396,0.8936170212765957
844,15,41,13,4,0.7671232876712328,0.7743664717348928,0.7592592592592593,0.7894736842105263,0.8282828282828283,0.7894736842105263,0.7592592592592593,0.6382978723404256,0.7332903503116269,0.8830409356725145
845,15,38,11,9,0.726027397260274,0.7002551020408163,0.7755102040816326,0.625,0.7916666666666666,0.625,0.7755102040816326,0.6,0.6958333333333333,0.7840136054421769
846,18,38,8,9,0.7671232876712328,0.7463768115942029,0.8260869565217391,0.6666666666666666,0.8172043010752689,0.6666666666666666,0.8260869565217391,0.6792452830188679,0.7482247920470684,0.8454106280193237
847,23,40,6,4,0.863013698630137,0.8607085346215781,0.8695652173913043,0.8518518518518519,0.8888888888888888,0.8518518518518519,0.8695652173913043,0.8214285714285714,0.8551587301587301,0.8711755233494365
848,16,39,11,7,0.7534246575342466,0.7378260869565217,0.78,0.6956521739130435,0.8125,0.6956521739130435,0.78,0.64,0.7262500000000001,0.8634782608695653
849,14,37,15,7,0.6986301369863014,0.6891025641025641,0.7115384615384616,0.6666666666666666,0.7708333333333334,0.6666666666666666,0.7115384615384616,0.56,0.6654166666666668,0.7637362637362637
850,11,45,13,4,0.7671232876712328,0.7545977011494253,0.7758620689655172,0.7333333333333333,0.8411214953271028,0.7333333333333333,0.7758620689655172,0.5641025641025641,0.7026120297148335,0.8448275862068965
851,17,29,18,9,0.6301369863013698,0.6354337152209493,0.6170212765957447,0.6538461538461539,0.6823529411764706,0.6538461538461539,0.6170212765957447,0.5573770491803278,0.6198649951783992,0.7806873977086743
852,17,38,9,9,0.7534246575342466,0.7311783960720131,0.8085106382978723,0.6538461538461539,0.8085106382978723,0.6538461538461539,0.8085106382978723,0.6538461538461539,0.7311783960720131,0.8297872340425533
853,19,32,13,9,0.6986301369863014,0.6948412698412698,0.7111111111111111,0.6785714285714286,0.7441860465116279,0.6785714285714286,0.7111111111111111,0.6333333333333333,0.6887596899224806,0.7611111111111111
854,17,41,7,8,0.7945205479452054,0.7670833333333333,0.8541666666666666,0.68,0.845360824742268,0.68,0.8541666666666666,0.6938775510204082,0.7696191878813381,0.86
855,16,39,12,6,0.7534246575342466,0.7459893048128342,0.7647058823529411,0.7272727272727273,0.8125,0.7272727272727273,0.7647058823529411,0.64,0.7262500000000001,0.8511586452762924
856,22,40,6,5,0.8493150684931506,0.8421900161030595,0.8695652173913043,0.8148148148148148,0.8791208791208791,0.8148148148148148,0.8695652173913043,0.8,0.8395604395604396,0.9033816425120772
857,19,38,10,6,0.7808219178082192,0.7758333333333334,0.7916666666666666,0.76,0.8260869565217391,0.76,0.7916666666666666,0.7037037037037037,0.7648953301127215,0.875
858,13,41,12,7,0.7397260273972602,0.7117924528301887,0.7735849056603774,0.65,0.8118811881188119,0.65,0.7735849056603774,0.5777777777777777,0.6948294829482948,0.8150943396226416
859,22,39,10,2,0.8356164383561644,0.8562925170068028,0.7959183673469388,0.9166666666666666,0.8666666666666667,0.9166666666666666,0.7959183673469388,0.7857142857142857,0.8261904761904761,0.9464285714285714
860,21,31,14,7,0.7123287671232876,0.7194444444444444,0.6888888888888889,0.75,0.7469879518072289,0.75,0.6888888888888889,0.6666666666666666,0.7068273092369477,0.819047619047619
861,18,39,9,7,0.7808219178082192,0.76625,0.8125,0.72,0.8297872340425532,0.72,0.8125,0.6923076923076923,0.7610474631751227,0.8525
862,14,37,11,11,0.6986301369863014,0.6654166666666668,0.7708333333333334,0.56,0.7708333333333334,0.56,0.7708333333333334,0.56,0.6654166666666668,0.7908333333333334
863,13,43,15,2,0.7671232876712328,0.8040229885057472,0.7413793103448276,0.8666666666666667,0.8349514563106796,0.8666666666666667,0.7413793103448276,0.6046511627906976,0.7198013095506886,0.9310344827586207
864,16,40,11,6,0.7671232876712328,0.7557932263814617,0.7843137254901961,0.7272727272727273,0.8247422680412371,0.7272727272727273,0.7843137254901961,0.6530612244897959,0.7389017462655165,0.8698752228163994
865,24,33,10,6,0.7808219178082192,0.7837209302325582,0.7674418604651163,0.8,0.8048780487804879,0.8,0.7674418604651163,0.75,0.7774390243902439,0.9031007751937985
866,15,36,12,10,0.6986301369863014,0.675,0.75,0.6,0.7659574468085106,0.6,0.75,0.5769230769230769,0.6714402618657938,0.77
867,23,35,9,6,0.7945205479452054,0.7942789968652038,0.7954545454545454,0.7931034482758621,0.8235294117647058,0.7931034482758621,0.7954545454545454,0.7540983606557377,0.7888138862102217,0.8887147335423197
868,16,43,8,6,0.8082191780821918,0.785204991087344,0.8431372549019608,0.7272727272727273,0.86,0.7272727272727273,0.8431372549019608,0.6956521739130435,0.7778260869565217,0.910873440285205
869,12,45,11,5,0.7808219178082192,0.7547268907563025,0.8035714285714286,0.7058823529411765,0.8490566037735849,0.7058823529411765,0.8035714285714286,0.6,0.7245283018867925,0.8088235294117647
870,19,31,14,9,0.684931506849315,0.6837301587301587,0.6888888888888889,0.6785714285714286,0.7294117647058823,0.6785714285714286,0.6888888888888889,0.6229508196721312,0.6761812921890067,0.8142857142857143
871,21,30,10,12,0.6986301369863014,0.6931818181818181,0.75,0.6363636363636364,0.7317073170731707,0.6363636363636364,0.75,0.65625,0.6939786585365854,0.8174242424242424
872,14,40,11,8,0.7397260273972602,0.7103386809269162,0.7843137254901961,0.6363636363636364,0.8080808080808081,0.6363636363636364,0.7843137254901961,0.5957446808510638,0.7019127444659359,0.783422459893048
873,16,38,9,10,0.7397260273972602,0.7119476268412439,0.8085106382978723,0.6153846153846154,0.8,0.6153846153846154,0.8085106382978723,0.6274509803921569,0.7137254901960784,0.8412438625204582
874,26,30,10,7,0.7671232876712328,0.7689393939393939,0.75,0.7878787878787878,0.7792207792207793,0.7878787878787878,0.75,0.7536231884057971,0.7664219838132882,0.8962121212121212
875,17,41,7,8,0.7945205479452054,0.7670833333333333,0.8541666666666666,0.68,0.845360824742268,0.68,0.8541666666666666,0.6938775510204082,0.7696191878813381,0.8658333333333332
876,20,34,8,11,0.7397260273972602,0.7273425499231951,0.8095238095238095,0.6451612903225806,0.7816091954022989,0.6451612903225806,0.8095238095238095,0.6779661016949152,0.729787648548607,0.8164362519201229
877,14,43,9,7,0.7808219178082192,0.7467948717948718,0.8269230769230769,0.6666666666666666,0.8431372549019608,0.6666666666666666,0.8269230769230769,0.6363636363636364,0.7397504456327986,0.7902930402930403
878,16,40,11,6,0.7671232876712328,0.7557932263814617,0.7843137254901961,0.7272727272727273,0.8247422680412371,0.7272727272727273,0.7843137254901961,0.6530612244897959,0.7389017462655165,0.8538324420677362
879,25,33,11,4,0.7945205479452054,0.8060344827586207,0.75,0.8620689655172413,0.8148148148148148,0.8620689655172413,0.75,0.7692307692307693,0.792022792022792,0.9090909090909091
880,11,36,17,9,0.6438356164383562,0.614622641509434,0.6792452830188679,0.55,0.7346938775510204,0.55,0.6792452830188679,0.4583333333333333,0.5965136054421769,0.7283018867924528
881,22,40,8,3,0.8493150684931506,0.8566666666666667,0.8333333333333334,0.88,0.8791208791208791,0.88,0.8333333333333334,0.8,0.8395604395604396,0.9091666666666667
882,20,38,8,7,0.7945205479452054,0.7834138486312399,0.8260869565217391,0.7407407407407407,0.8351648351648352,0.7407407407407407,0.8260869565217391,0.7272727272727273,0.7812187812187812,0.8558776167471819
883,22,29,20,2,0.6986301369863014,0.754251700680272,0.5918367346938775,0.9166666666666666,0.725,0.9166666666666666,0.5918367346938775,0.6666666666666666,0.6958333333333333,0.9413265306122448
884,23,39,8,3,0.8493150684931506,0.8572013093289689,0.8297872340425532,0.8846153846153846,0.8764044943820225,0.8846153846153846,0.8297872340425532,0.8070175438596491,0.8417110191208358,0.9026186579378068
885,16,35,15,7,0.6986301369863014,0.6978260869565217,0.7,0.6956521739130435,0.7608695652173914,0.6956521739130435,0.7,0.5925925925925926,0.676731078904992,0.811304347826087
886,18,38,8,9,0.7671232876712328,0.7463768115942029,0.8260869565217391,0.6666666666666666,0.8172043010752689,0.6666666666666666,0.8260869565217391,0.6792452830188679,0.7482247920470684,0.8631239935587761
887,22,33,14,4,0.7534246575342466,0.7741407528641571,0.7021276595744681,0.8461538461538461,0.7857142857142857,0.8461538461538461,0.7021276595744681,0.7096774193548387,0.7476958525345623,0.8985270049099837
888,17,36,13,7,0.726027397260274,0.7215136054421769,0.7346938775510204,0.7083333333333334,0.782608695652174,0.7083333333333334,0.7346938775510204,0.6296296296296297,0.7061191626409018,0.7967687074829932
889,27,33,9,4,0.821917808219178,0.8283410138248848,0.7857142857142857,0.8709677419354839,0.8354430379746836,0.8709677419354839,0.7857142857142857,0.8059701492537313,0.8207065936142075,0.9116743471582182
890,17,40,9,7,0.7808219178082192,0.7623299319727892,0.8163265306122449,0.7083333333333334,0.8333333333333334,0.7083333333333334,0.8163265306122449,0.68,0.7566666666666667,0.8724489795918368
891,15,40,10,8,0.7534246575342466,0.7260869565217392,0.8,0.6521739130434783,0.8163265306122449,0.6521739130434783,0.8,0.625,0.7206632653061225,0.8434782608695652
892,22,33,8,10,0.7534246575342466,0.7461890243902439,0.8048780487804879,0.6875,0.7857142857142857,0.6875,0.8048780487804879,0.7096774193548387,0.7476958525345623,0.7858231707317074
893,19,41,8,5,0.821917808219178,0.8142006802721089,0.8367346938775511,0.7916666666666666,0.8631578947368421,0.7916666666666666,0.8367346938775511,0.7450980392156863,0.8041279669762642,0.8937074829931972
894,16,38,10,9,0.7397260273972602,0.7158333333333333,0.7916666666666666,0.64,0.8,0.64,0.7916666666666666,0.6274509803921569,0.7137254901960784,0.8116666666666666
895,16,39,10,8,0.7534246575342466,0.7312925170068028,0.7959183673469388,0.6666666666666666,0.8125,0.6666666666666666,0.7959183673469388,0.64,0.7262500000000001,0.8120748299319728
896,19,39,10,5,0.7945205479452054,0.7937925170068028,0.7959183673469388,0.7916666666666666,0.8387096774193549,0.7916666666666666,0.7959183673469388,0.7169811320754716,0.7778454047474133,0.8741496598639454
897,23,41,6,3,0.8767123287671232,0.8784779050736498,0.8723404255319149,0.8846153846153846,0.9010989010989011,0.8846153846153846,0.8723404255319149,0.8363636363636363,0.8687312687312687,0.9230769230769231
898,24,31,9,9,0.7534246575342466,0.7511363636363637,0.775,0.7272727272727273,0.775,0.7272727272727273,0.775,0.7272727272727273,0.7511363636363637,0.8590909090909091
899,20,39,7,7,0.8082191780821918,0.7942834138486312,0.8478260869565217,0.7407407407407407,0.8478260869565217,0.7407407407407407,0.8478260869565217,0.7407407407407407,0.7942834138486312,0.8478260869565216
900,23,34,9,7,0.7808219178082192,0.7786821705426357,0.7906976744186046,0.7666666666666667,0.8095238095238095,0.7666666666666667,0.7906976744186046,0.7419354838709677,0.7757296466973886,0.8744186046511628
901,20,39,10,4,0.8082191780821918,0.814625850340136,0.7959183673469388,0.8333333333333334,0.8478260869565217,0.8333333333333334,0.7959183673469388,0.7407407407407407,0.7942834138486312,0.8954081632653061
902,20,34,13,6,0.7397260273972602,0.7463175122749591,0.723404255319149,0.7692307692307693,0.7816091954022989,0.7692307692307693,0.723404255319149,0.6779661016949152,0.729787648548607,0.8608837970540099
903,19,35,12,7,0.7397260273972602,0.7377250409165302,0.7446808510638298,0.7307692307692307,0.7865168539325843,0.7307692307692307,0.7446808510638298,0.6666666666666666,0.7265917602996255,0.8551554828150573
904,16,44,8,5,0.821917808219178,0.8040293040293041,0.8461538461538461,0.7619047619047619,0.8712871287128713,0.7619047619047619,0.8461538461538461,0.7111111111111111,0.7911991199119912,0.8873626373626373
905,12,40,14,7,0.7123287671232876,0.6861598440545809,0.7407407407407407,0.631578947368421,0.7920792079207921,0.631578947368421,0.7407407407407407,0.5333333333333333,0.6627062706270628,0.8128654970760234
906,18,35,10,10,0.726027397260274,0.7103174603174603,0.7777777777777778,0.6428571428571429,0.7777777777777778,0.6428571428571429,0.7777777777777778,0.6428571428571429,0.7103174603174603,0.7944444444444444
907,18,35,14,6,0.726027397260274,0.7321428571428572,0.7142857142857143,0.75,0.7777777777777778,0.75,0.7142857142857143,0.6428571428571429,0.7103174603174603,0.8341836734693878
908,23,36,7,7,0.8082191780821918,0.8019379844961241,0.8372093023255814,0.7666666666666667,0.8372093023255814,0.7666666666666667,0.8372093023255814,0.7666666666666667,0.8019379844961241,0.8480620155038759
909,21,36,12,4,0.7808219178082192,0.7949999999999999,0.75,0.84,0.8181818181818182,0.84,0.75,0.7241379310344828,0.7711598746081505,0.8908333333333334
910,13,40,13,7,0.726027397260274,0.7023584905660378,0.7547169811320755,0.65,0.8,0.65,0.7547169811320755,0.5652173913043478,0.682608695652174,0.8
911,23,37,9,4,0.821917808219178,0.8280998389694042,0.8043478260869565,0.8518518518518519,0.8505747126436781,0.8518518518518519,0.8043478260869565,0.7796610169491526,0.8151178647964153,0.9130434782608696
912,19,34,11,9,0.726027397260274,0.7170634920634921,0.7555555555555555,0.6785714285714286,0.7727272727272727,0.6785714285714286,0.7555555555555555,0.6551724137931034,0.7139498432601881,0.8206349206349207
913,15,46,8,4,0.8356164383561644,0.8206627680311891,0.8518518518518519,0.7894736842105263,0.8846153846153846,0.7894736842105263,0.8518518518518519,0.7142857142857143,0.7994505494505495,0.8840155945419103
914,16,37,14,6,0.726027397260274,0.7263814616755793,0.7254901960784313,0.7272727272727273,0.7872340425531915,0.7272727272727273,0.7254901960784313,0.6153846153846154,0.7013093289689034,0.8431372549019608
915,18,34,8,13,0.7123287671232876,0.6950844854070661,0.8095238095238095,0.5806451612903226,0.7640449438202247,0.5806451612903226,0.8095238095238095,0.631578947368421,0.6978119455943228,0.7880184331797234
916,18,43,8,4,0.8356164383561644,0.8306595365418895,0.8431372549019608,0.8181818181818182,0.8775510204081632,0.8181818181818182,0.8431372549019608,0.75,0.8137755102040816,0.9064171122994653
917,25,35,10,3,0.821917808219178,0.8353174603174603,0.7777777777777778,0.8928571428571429,0.8433734939759037,0.8928571428571429,0.7777777777777778,0.7936507936507936,0.8185121438133487,0.9095238095238096
918,22,33,8,10,0.7534246575342466,0.7461890243902439,0.8048780487804879,0.6875,0.7857142857142857,0.6875,0.8048780487804879,0.7096774193548387,0.7476958525345623,0.8064024390243902
919,19,39,6,9,0.7945205479452054,0.7726190476190476,0.8666666666666667,0.6785714285714286,0.8387096774193549,0.6785714285714286,0.8666666666666667,0.7169811320754716,0.7778454047474133,0.8611111111111112
920,26,24,13,10,0.684931506849315,0.6854354354354355,0.6486486486486487,0.7222222222222222,0.676056338028169,0.7222222222222222,0.6486486486486487,0.6933333333333334,0.6846948356807512,0.7867867867867868
921,18,34,10,11,0.7123287671232876,0.6967084639498433,0.7727272727272727,0.6206896551724138,0.7640449438202247,0.6206896551724138,0.7727272727272727,0.631578947368421,0.6978119455943228,0.7789968652037618
922,17,37,13,6,0.7397260273972602,0.7395652173913043,0.74,0.7391304347826086,0.7956989247311828,0.7391304347826086,0.74,0.6415094339622641,0.7186041793467235,0.8295652173913044
923,20,37,13,3,0.7808219178082192,0.8047826086956522,0.74,0.8695652173913043,0.8222222222222222,0.8695652173913043,0.74,0.7142857142857143,0.7682539682539682,0.9547826086956521
924,20,31,9,13,0.6986301369863014,0.690530303030303,0.775,0.6060606060606061,0.7380952380952381,0.6060606060606061,0.775,0.6451612903225806,0.6916282642089093,0.8015151515151515
925,14,42,12,5,0.7671232876712328,0.7573099415204678,0.7777777777777778,0.7368421052631579,0.8316831683168316,0.7368421052631579,0.7777777777777778,0.6222222222222222,0.7269526952695269,0.8148148148148148
926,15,37,16,5,0.7123287671232876,0.7240566037735849,0.6981132075471698,0.75,0.7789473684210526,0.75,0.6981132075471698,0.5882352941176471,0.6835913312693498,0.85
927,19,33,13,8,0.7123287671232876,0.7105475040257649,0.717391304347826,0.7037037037037037,0.7586206896551724,0.7037037037037037,0.717391304347826,0.6440677966101694,0.7013442431326709,0.7922705314009661
928,22,36,9,6,0.7945205479452054,0.7928571428571429,0.8,0.7857142857142857,0.8275862068965517,0.7857142857142857,0.8,0.7457627118644068,0.7866744593804793,0.8595238095238095
929,18,35,14,6,0.726027397260274,0.7321428571428572,0.7142857142857143,0.75,0.7777777777777778,0.75,0.7142857142857143,0.6428571428571429,0.7103174603174603,0.8205782312925171
930,18,33,15,7,0.6986301369863014,0.70375,0.6875,0.72,0.75,0.72,0.6875,0.6206896551724138,0.6853448275862069,0.8183333333333334
931,18,41,10,4,0.8082191780821918,0.8110516934046346,0.803921568627451,0.8181818181818182,0.8541666666666666,0.8181818181818182,0.803921568627451,0.72,0.7870833333333334,0.8850267379679144
932,22,35,7,9,0.7808219178082192,0.771505376344086,0.8333333333333334,0.7096774193548387,0.813953488372093,0.7096774193548387,0.8333333333333334,0.7333333333333333,0.7736434108527132,0.8333333333333334
933,18,37,8,10,0.7534246575342466,0.7325396825396826,0.8222222222222222,0.6428571428571429,0.8043478260869565,0.6428571428571429,0.8222222222222222,0.6666666666666666,0.7355072463768115,0.8007936507936508
934,21,30,12,10,0.6986301369863014,0.695852534562212,0.7142857142857143,0.6774193548387096,0.7317073170731707,0.6774193548387096,0.7142857142857143,0.65625,0.6939786585365854,0.8195084485407066
935,22,34,11,6,0.7671232876712328,0.7706349206349206,0.7555555555555555,0.7857142857142857,0.8,0.7857142857142857,0.7555555555555555,0.7213114754098361,0.7606557377049181,0.9
936,24,34,10,5,0.7945205479452054,0.8001567398119123,0.7727272727272727,0.8275862068965517,0.8192771084337349,0.8275862068965517,0.7727272727272727,0.7619047619047619,0.7905909351692484,0.9098746081504702
937,16,41,10,6,0.7808219178082192,0.7655971479500892,0.803921568627451,0.7272727272727273,0.8367346938775511,0.7272727272727273,0.803921568627451,0.6666666666666666,0.7517006802721089,0.8493761140819965
938,15,39,12,7,0.7397260273972602,0.7232620320855614,0.7647058823529411,0.6818181818181818,0.8041237113402062,0.6818181818181818,0.7647058823529411,0.6122448979591837,0.708184304649695,0.8511586452762923
939,13,42,10,8,0.7534246575342466,0.7133699633699634,0.8076923076923077,0.6190476190476191,0.8235294117647058,0.6190476190476191,0.8076923076923077,0.5909090909090909,0.7072192513368984,0.8324175824175825
940,18,38,10,7,0.7671232876712328,0.7558333333333334,0.7916666666666666,0.72,0.8172043010752689,0.72,0.7916666666666666,0.6792452830188679,0.7482247920470684,0.8641666666666666
941,16,37,12,8,0.726027397260274,0.7108843537414966,0.7551020408163265,0.6666666666666666,0.7872340425531915,0.6666666666666666,0.7551020408163265,0.6153846153846154,0.7013093289689034,0.7933673469387755
942,22,32,11,8,0.7397260273972602,0.7387596899224806,0.7441860465116279,0.7333333333333333,0.7710843373493976,0.7333333333333333,0.7441860465116279,0.6984126984126984,0.734748517881048,0.8224806201550389
943,15,44,9,5,0.8082191780821918,0.7900943396226415,0.8301886792452831,0.75,0.8627450980392157,0.75,0.8301886792452831,0.6818181818181818,0.7722816399286987,0.8849056603773584
944,21,38,11,3,0.8082191780821918,0.8252551020408163,0.7755102040816326,0.875,0.8444444444444444,0.875,0.7755102040816326,0.75,0.7972222222222223,0.9515306122448979
945,21,33,12,7,0.7397260273972602,0.7416666666666667,0.7333333333333333,0.75,0.7764705882352941,0.75,0.7333333333333333,0.6885245901639344,0.7324975891996143,0.8071428571428572
946,14,44,10,5,0.7945205479452054,0.7758284600389863,0.8148148148148148,0.7368421052631579,0.8543689320388349,0.7368421052631579,0.8148148148148148,0.6511627906976745,0.7527658613682546,0.9054580896686161
947,15,43,9,6,0.7945205479452054,0.7706043956043955,0.8269230769230769,0.7142857142857143,0.8514851485148515,0.7142857142857143,0.8269230769230769,0.6666666666666666,0.759075907590759,0.8626373626373627
948,16,38,11,8,0.7397260273972602,0.7210884353741496,0.7755102040816326,0.6666666666666666,0.8,0.6666666666666666,0.7755102040816326,0.6274509803921569,0.7137254901960784,0.8299319727891157
949,16,43,8,6,0.8082191780821918,0.785204991087344,0.8431372549019608,0.7272727272727273,0.86,0.7272727272727273,0.8431372549019608,0.6956521739130435,0.7778260869565217,0.8663101604278076
950,12,33,21,7,0.6164383561643836,0.6213450292397661,0.6111111111111112,0.631578947368421,0.7021276595744681,0.631578947368421,0.6111111111111112,0.46153846153846156,0.5818330605564648,0.7173489278752437
951,15,42,12,4,0.7808219178082192,0.7836257309941521,0.7777777777777778,0.7894736842105263,0.84,0.7894736842105263,0.7777777777777778,0.6521739130434783,0.7460869565217392,0.8791423001949319
952,26,30,12,5,0.7671232876712328,0.7764976958525346,0.7142857142857143,0.8387096774193549,0.7792207792207793,0.8387096774193549,0.7142857142857143,0.7536231884057971,0.7664219838132882,0.8763440860215055
953,13,38,15,7,0.6986301369863014,0.6834905660377358,0.7169811320754716,0.65,0.7755102040816326,0.65,0.7169811320754716,0.5416666666666666,0.6585884353741496,0.8490566037735849
954,17,38,14,4,0.7534246575342466,0.7701465201465201,0.7307692307692307,0.8095238095238095,0.8085106382978723,0.8095238095238095,0.7307692307692307,0.6538461538461539,0.7311783960720131,0.847985347985348
955,14,40,10,9,0.7397260273972602,0.7043478260869566,0.8,0.6086956521739131,0.8080808080808081,0.6086956521739131,0.8,0.5957446808510638,0.7019127444659359,0.8017391304347826
956,19,44,5,5,0.863013698630137,0.844812925170068,0.8979591836734694,0.7916666666666666,0.8979591836734694,0.7916666666666666,0.8979591836734694,0.7916666666666666,0.844812925170068,0.898809523809524
957,17,36,11,9,0.726027397260274,0.7099018003273323,0.7659574468085106,0.6538461538461539,0.782608695652174,0.6538461538461539,0.7659574468085106,0.6296296296296297,0.7061191626409018,0.8314238952536825
958,24,37,10,2,0.8356164383561644,0.8551554828150574,0.7872340425531915,0.9230769230769231,0.8604651162790697,0.9230769230769231,0.7872340425531915,0.8,0.8302325581395349,0.9492635024549918
959,19,40,7,7,0.8082191780821918,0.7909165302782324,0.851063829787234,0.7307692307692307,0.851063829787234,0.7307692307692307,0.851063829787234,0.7307692307692307,0.7909165302782324,0.8494271685761048
960,19,42,9,3,0.8356164383561644,0.8435828877005347,0.8235294117647058,0.8636363636363636,0.875,0.8636363636363636,0.8235294117647058,0.76,0.8175,0.9108734402852051
961,17,45,8,3,0.8493150684931506,0.8495283018867925,0.8490566037735849,0.85,0.8910891089108911,0.85,0.8490566037735849,0.7555555555555555,0.8233223322332233,0.9169811320754717
962,16,35,12,10,0.6986301369863014,0.6800327332242226,0.7446808510638298,0.6153846153846154,0.7608695652173914,0.6153846153846154,0.7446808510638298,0.5925925925925926,0.676731078904992,0.734860883797054
963,17,42,8,6,0.8082191780821918,0.7895652173913044,0.84,0.7391304347826086,0.8571428571428571,0.7391304347826086,0.84,0.7083333333333334,0.7827380952380952,0.8904347826086957
964,18,36,12,7,0.7397260273972602,0.735,0.75,0.72,0.7912087912087912,0.72,0.75,0.6545454545454545,0.7228771228771229,0.8508333333333333
965,19,31,16,7,0.684931506849315,0.6951718494271686,0.6595744680851063,0.7307692307692307,0.7294117647058823,0.7307692307692307,0.6595744680851063,0.6229508196721312,0.6761812921890067,0.8101472995090017
966,20,33,11,9,0.726027397260274,0.7198275862068966,0.75,0.6896551724137931,0.7674418604651163,0.6896551724137931,0.75,0.6666666666666666,0.7170542635658914,0.8299373040752352
967,19,42,4,8,0.8356164383561644,0.8083735909822867,0.9130434782608695,0.7037037037037037,0.875,0.7037037037037037,0.9130434782608695,0.76,0.8175,0.8341384863123993
968,23,38,8,4,0.8356164383561644,0.8389694041867954,0.8260869565217391,0.8518518518518519,0.8636363636363636,0.8518518518518519,0.8260869565217391,0.7931034482758621,0.8283699059561129,0.9178743961352657
969,13,43,12,5,0.7671232876712328,0.752020202020202,0.7818181818181819,0.7222222222222222,0.8349514563106796,0.7222222222222222,0.7818181818181819,0.6046511627906976,0.7198013095506886,0.8414141414141414
970,16,37,13,7,0.726027397260274,0.7178260869565217,0.74,0.6956521739130435,0.7872340425531915,0.6956521739130435,0.74,0.6153846153846154,0.7013093289689034,0.7799999999999999
971,18,38,9,8,0.7671232876712328,0.7504091653027822,0.8085106382978723,0.6923076923076923,0.8172043010752689,0.6923076923076923,0.8085106382978723,0.6792452830188679,0.7482247920470684,0.8150572831423895
972,21,40,7,5,0.8356164383561644,0.8293780687397709,0.851063829787234,0.8076923076923077,0.8695652173913043,0.8076923076923077,0.851063829787234,0.7777777777777778,0.8236714975845411,0.9058919803600655
973,26,34,8,5,0.821917808219178,0.8241167434715821,0.8095238095238095,0.8387096774193549,0.8395061728395061,0.8387096774193549,0.8095238095238095,0.8,0.8197530864197531,0.8932411674347158
974,18,37,12,6,0.7534246575342466,0.7525510204081632,0.7551020408163265,0.75,0.8043478260869565,0.75,0.7551020408163265,0.6666666666666666,0.7355072463768115,0.8613945578231292
975,14,39,11,9,0.726027397260274,0.6943478260869566,0.78,0.6086956521739131,0.7959183673469388,0.6086956521739131,0.78,0.5833333333333334,0.689625850340136,0.8217391304347826
976,22,36,9,6,0.7945205479452054,0.7928571428571429,0.8,0.7857142857142857,0.8275862068965517,0.7857142857142857,0.8,0.7457627118644068,0.7866744593804793,0.9031746031746033
977,17,34,12,10,0.6986301369863014,0.6843800322061191,0.7391304347826086,0.6296296296296297,0.7555555555555555,0.6296296296296297,0.7391304347826086,0.6071428571428571,0.6813492063492064,0.7898550724637682
978,21,34,3,15,0.7534246575342466,0.7511261261261262,0.918918918918919,0.5833333333333334,0.7906976744186046,0.5833333333333334,0.918918918918919,0.7,0.7453488372093022,0.7807807807807807
979,25,38,3,7,0.863013698630137,0.8540396341463414,0.926829268292683,0.78125,0.8837209302325582,0.78125,0.926829268292683,0.8333333333333334,0.8585271317829457,0.9184451219512195
980,23,32,15,3,0.7534246575342466,0.782733224222586,0.6808510638297872,0.8846153846153846,0.7804878048780488,0.8846153846153846,0.6808510638297872,0.71875,0.7496189024390244,0.9247135842880525
981,11,46,11,5,0.7808219178082192,0.7472587719298245,0.8070175438596491,0.6875,0.8518518518518519,0.6875,0.8070175438596491,0.5789473684210527,0.7153996101364523,0.8004385964912281
982,26,33,6,8,0.8082191780821918,0.8054298642533937,0.8461538461538461,0.7647058823529411,0.825,0.7647058823529411,0.8461538461538461,0.7878787878787878,0.8064393939393939,0.8650075414781296
983,17,37,13,6,0.7397260273972602,0.7395652173913043,0.74,0.7391304347826086,0.7956989247311828,0.7391304347826086,0.74,0.6415094339622641,0.7186041793467235,0.8504347826086956
984,19,34,12,8,0.726027397260274,0.7214170692431562,0.7391304347826086,0.7037037037037037,0.7727272727272727,0.7037037037037037,0.7391304347826086,0.6551724137931034,0.7139498432601881,0.8397745571658615
985,16,37,13,7,0.726027397260274,0.7178260869565217,0.74,0.6956521739130435,0.7872340425531915,0.6956521739130435,0.74,0.6153846153846154,0.7013093289689034,0.8573913043478261
986,12,44,9,8,0.7671232876712328,0.7150943396226415,0.8301886792452831,0.6,0.8380952380952381,0.6,0.8301886792452831,0.5853658536585366,0.7117305458768873,0.769811320754717
987,26,27,11,9,0.726027397260274,0.7266917293233083,0.7105263157894737,0.7428571428571429,0.7297297297297297,0.7428571428571429,0.7105263157894737,0.7222222222222222,0.725975975975976,0.8240601503759398
988,15,45,7,6,0.821917808219178,0.7898351648351649,0.8653846153846154,0.7142857142857143,0.8737864077669902,0.7142857142857143,0.8653846153846154,0.6976744186046512,0.7857304131858207,0.8205128205128205
989,17,35,16,5,0.7123287671232876,0.7295008912655971,0.6862745098039216,0.7727272727272727,0.7692307692307693,0.7727272727272727,0.6862745098039216,0.6181818181818182,0.6937062937062937,0.857397504456328
990,17,41,8,7,0.7945205479452054,0.7725340136054422,0.8367346938775511,0.7083333333333334,0.845360824742268,0.7083333333333334,0.8367346938775511,0.6938775510204082,0.7696191878813381,0.8333333333333333
991,21,36,9,7,0.7808219178082192,0.775,0.8,0.75,0.8181818181818182,0.75,0.8,0.7241379310344828,0.7711598746081505,0.8055555555555555
992,19,29,17,8,0.6575342465753424,0.6670692431561998,0.6304347826086957,0.7037037037037037,0.6987951807228916,0.7037037037037037,0.6304347826086957,0.6031746031746031,0.6509848919487473,0.7657004830917874
993,20,37,8,8,0.7808219178082192,0.7682539682539682,0.8222222222222222,0.7142857142857143,0.8222222222222222,0.7142857142857143,0.8222222222222222,0.7142857142857143,0.7682539682539682,0.8706349206349208
994,15,38,10,10,0.726027397260274,0.6958333333333333,0.7916666666666666,0.6,0.7916666666666666,0.6,0.7916666666666666,0.6,0.6958333333333333,0.8116666666666668
995,16,31,11,15,0.6438356164383562,0.6271121351766513,0.7380952380952381,0.5161290322580645,0.7045454545454546,0.5161290322580645,0.7380952380952381,0.5517241379310345,0.6281347962382445,0.7480798771121352
996,16,40,10,7,0.7671232876712328,0.7478260869565218,0.8,0.6956521739130435,0.8247422680412371,0.6956521739130435,0.8,0.6530612244897959,0.7389017462655165,0.8695652173913044
997,16,39,9,9,0.7534246575342466,0.7262500000000001,0.8125,0.64,0.8125,0.64,0.8125,0.64,0.7262500000000001,0.7575000000000001
998,19,33,12,9,0.7123287671232876,0.7059523809523809,0.7333333333333333,0.6785714285714286,0.7586206896551724,0.6785714285714286,0.7333333333333333,0.6440677966101694,0.7013442431326709,0.8190476190476191
999,14,38,9,12,0.7123287671232876,0.6734860883797054,0.8085106382978723,0.5384615384615384,0.7835051546391752,0.5384615384615384,0.8085106382978723,0.5714285714285714,0.6774668630338734,0.737315875613748
1000,21,38,8,6,0.8082191780821918,0.8019323671497585,0.8260869565217391,0.7777777777777778,0.8444444444444444,0.7777777777777778,0.8260869565217391,0.75,0.7972222222222223,0.8760064412238325
