round,TP,TN,FP,FN,Accuracy,BalancedAccuracy,Sensitivity_Class0,Specificity_Class0,F1_Class0,Sensitivity_Class1,Specificity_Class1,F1_Class1,F1_macro,AUC
1,20,34,7,12,0.7397260273972602,0.7271341463414633,0.8292682926829268,0.625,0.7816091954022989,0.625,0.8292682926829268,0.6779661016949152,0.729787648548607,0.8597560975609756
2,20,41,11,1,0.8356164383561644,0.8704212454212454,0.7884615384615384,0.9523809523809523,0.8723404255319149,0.9523809523809523,0.7884615384615384,0.7692307692307693,0.820785597381342,0.9661172161172161
3,23,32,12,6,0.7534246575342466,0.7601880877742947,0.7272727272727273,0.7931034482758621,0.7804878048780488,0.7931034482758621,0.7272727272727273,0.71875,0.7496189024390244,0.8699059561128527
4,13,37,10,13,0.684931506849315,0.6436170212765957,0.7872340425531915,0.5,0.7628865979381443,0.5,0.7872340425531915,0.5306122448979592,0.6467494214180518,0.720949263502455
5,23,31,13,6,0.7397260273972602,0.7488244514106583,0.7045454545454546,0.7931034482758621,0.7654320987654321,0.7931034482758621,0.7045454545454546,0.7076923076923077,0.7365622032288699,0.8808777429467085
6,18,39,10,6,0.7808219178082192,0.7729591836734694,0.7959183673469388,0.75,0.8297872340425532,0.75,0.7959183673469388,0.6923076923076923,0.7610474631751227,0.8630952380952381
7,19,34,15,5,0.726027397260274,0.7427721088435374,0.6938775510204082,0.7916666666666666,0.7727272727272727,0.7916666666666666,0.6938775510204082,0.6551724137931034,0.7139498432601881,0.8622448979591837
8,15,36,14,8,0.6986301369863014,0.6860869565217391,0.72,0.6521739130434783,0.7659574468085106,0.6521739130434783,0.72,0.5769230769230769,0.6714402618657938,0.8034782608695652
9,25,29,13,6,0.7397260273972602,0.7484639016897081,0.6904761904761905,0.8064516129032258,0.7532467532467533,0.8064516129032258,0.6904761904761905,0.7246376811594203,0.7389422172030868,0.880184331797235
10,13,37,13,10,0.684931506849315,0.6526086956521739,0.74,0.5652173913043478,0.7628865979381443,0.5652173913043478,0.74,0.5306122448979592,0.6467494214180518,0.78
11,21,39,9,4,0.821917808219178,0.8262499999999999,0.8125,0.84,0.8571428571428571,0.84,0.8125,0.7636363636363637,0.8103896103896104,0.94
12,20,35,11,7,0.7534246575342466,0.750805152979066,0.7608695652173914,0.7407407407407407,0.7954545454545454,0.7407407407407407,0.7608695652173914,0.6896551724137931,0.7425548589341693,0.8792270531400966
13,16,38,15,4,0.7397260273972602,0.7584905660377359,0.7169811320754716,0.8,0.8,0.8,0.7169811320754716,0.6274509803921569,0.7137254901960784,0.8764150943396226
14,28,33,7,5,0.8356164383561644,0.8367424242424242,0.825,0.8484848484848485,0.8461538461538461,0.8484848484848485,0.825,0.8235294117647058,0.8348416289592759,0.8924242424242425
15,14,42,13,4,0.7671232876712328,0.7707070707070707,0.7636363636363637,0.7777777777777778,0.8316831683168316,0.7777777777777778,0.7636363636363637,0.6222222222222222,0.7269526952695269,0.8898989898989899
16,21,34,13,5,0.7534246575342466,0.7655482815057284,0.723404255319149,0.8076923076923077,0.7906976744186046,0.8076923076923077,0.723404255319149,0.7,0.7453488372093022,0.8625204582651391
17,20,34,14,5,0.7397260273972602,0.7541666666666667,0.7083333333333334,0.8,0.7816091954022989,0.8,0.7083333333333334,0.6779661016949152,0.729787648548607,0.8941666666666667
18,21,34,8,10,0.7534246575342466,0.7434715821812596,0.8095238095238095,0.6774193548387096,0.7906976744186046,0.6774193548387096,0.8095238095238095,0.7,0.7453488372093022,0.8348694316436251
19,16,35,14,8,0.6986301369863014,0.6904761904761905,0.7142857142857143,0.6666666666666666,0.7608695652173914,0.6666666666666666,0.7142857142857143,0.5925925925925926,0.676731078904992,0.8528911564625851
20,13,33,16,11,0.6301369863013698,0.6075680272108843,0.673469387755102,0.5416666666666666,0.7096774193548387,0.5416666666666666,0.673469387755102,0.49056603773584906,0.600121728545344,0.7729591836734695
21,15,42,11,5,0.7808219178082192,0.7712264150943396,0.7924528301886793,0.75,0.84,0.75,0.7924528301886793,0.6521739130434783,0.7460869565217392,0.8443396226415094
22,13,38,15,7,0.6986301369863014,0.6834905660377358,0.7169811320754716,0.65,0.7755102040816326,0.65,0.7169811320754716,0.5416666666666666,0.6585884353741496,0.7924528301886793
23,18,29,17,9,0.6438356164383562,0.6485507246376812,0.6304347826086957,0.6666666666666666,0.6904761904761905,0.6666666666666666,0.6304347826086957,0.5806451612903226,0.6355606758832566,0.788244766505636
24,20,33,14,6,0.726027397260274,0.7356792144026187,0.7021276595744681,0.7692307692307693,0.7674418604651163,0.7692307692307693,0.7021276595744681,0.6666666666666666,0.7170542635658914,0.8854337152209494
25,13,43,9,8,0.7671232876712328,0.722985347985348,0.8269230769230769,0.6190476190476191,0.8349514563106796,0.6190476190476191,0.8269230769230769,0.6046511627906976,0.7198013095506886,0.8232600732600733
26,18,43,8,4,0.8356164383561644,0.8306595365418895,0.8431372549019608,0.8181818181818182,0.8775510204081632,0.8181818181818182,0.8431372549019608,0.75,0.8137755102040816,0.9313725490196079
27,18,37,14,4,0.7534246575342466,0.7718360071301248,0.7254901960784313,0.8181818181818182,0.8043478260869565,0.8181818181818182,0.7254901960784313,0.6666666666666666,0.7355072463768115,0.8903743315508021
28,21,39,7,6,0.821917808219178,0.8128019323671498,0.8478260869565217,0.7777777777777778,0.8571428571428571,0.7777777777777778,0.8478260869565217,0.7636363636363637,0.8103896103896104,0.927536231884058
29,19,37,10,7,0.7671232876712328,0.7590016366612111,0.7872340425531915,0.7307692307692307,0.8131868131868132,0.7307692307692307,0.7872340425531915,0.6909090909090909,0.752047952047952,0.8846153846153846
30,10,44,15,4,0.7397260273972602,0.7300242130750605,0.7457627118644068,0.7142857142857143,0.822429906542056,0.7142857142857143,0.7457627118644068,0.5128205128205128,0.6676252096812845,0.8341404358353511
31,17,36,12,8,0.726027397260274,0.7150000000000001,0.75,0.68,0.782608695652174,0.68,0.75,0.6296296296296297,0.7061191626409018,0.8716666666666667
32,19,35,8,11,0.7397260273972602,0.7236434108527132,0.813953488372093,0.6333333333333333,0.7865168539325843,0.6333333333333333,0.813953488372093,0.6666666666666666,0.7265917602996255,0.8147286821705426
33,22,31,12,8,0.726027397260274,0.7271317829457364,0.7209302325581395,0.7333333333333333,0.7560975609756098,0.7333333333333333,0.7209302325581395,0.6875,0.7217987804878049,0.8356589147286821
34,12,47,8,6,0.8082191780821918,0.7606060606060605,0.8545454545454545,0.6666666666666666,0.8703703703703703,0.6666666666666666,0.8545454545454545,0.631578947368421,0.7509746588693957,0.8535353535353536
35,22,36,13,2,0.7945205479452054,0.8256802721088435,0.7346938775510204,0.9166666666666666,0.8275862068965517,0.9166666666666666,0.7346938775510204,0.7457627118644068,0.7866744593804793,0.9617346938775511
36,22,37,6,8,0.8082191780821918,0.7968992248062015,0.8604651162790697,0.7333333333333333,0.8409090909090909,0.7333333333333333,0.8604651162790697,0.7586206896551724,0.7997648902821317,0.8666666666666667
37,17,31,16,9,0.6575342465753424,0.65671031096563,0.6595744680851063,0.6538461538461539,0.7126436781609196,0.6538461538461539,0.6595744680851063,0.576271186440678,0.6444574323007988,0.7774140752864158
38,19,40,9,5,0.8082191780821918,0.8039965986394557,0.8163265306122449,0.7916666666666666,0.851063829787234,0.7916666666666666,0.8163265306122449,0.7307692307692307,0.7909165302782324,0.9183673469387755
39,20,34,12,7,0.7397260273972602,0.7399355877616747,0.7391304347826086,0.7407407407407407,0.7816091954022989,0.7407407407407407,0.7391304347826086,0.6779661016949152,0.729787648548607,0.8824476650563606
40,18,35,10,10,0.726027397260274,0.7103174603174603,0.7777777777777778,0.6428571428571429,0.7777777777777778,0.6428571428571429,0.7777777777777778,0.6428571428571429,0.7103174603174603,0.8428571428571429
41,18,38,12,5,0.7671232876712328,0.771304347826087,0.76,0.782608695652174,0.8172043010752689,0.782608695652174,0.76,0.6792452830188679,0.7482247920470684,0.8739130434782609
42,19,38,10,6,0.7808219178082192,0.7758333333333334,0.7916666666666666,0.76,0.8260869565217391,0.76,0.7916666666666666,0.7037037037037037,0.7648953301127215,0.88
43,12,45,8,8,0.7808219178082192,0.7245283018867925,0.8490566037735849,0.6,0.8490566037735849,0.6,0.8490566037735849,0.6,0.7245283018867925,0.8056603773584906
44,20,36,10,7,0.7671232876712328,0.7616747181964574,0.782608695652174,0.7407407407407407,0.8089887640449438,0.7407407407407407,0.782608695652174,0.7017543859649122,0.755371575004928,0.8462157809983897
45,17,37,13,6,0.7397260273972602,0.7395652173913043,0.74,0.7391304347826086,0.7956989247311828,0.7391304347826086,0.74,0.6415094339622641,0.7186041793467235,0.8834782608695652
46,24,34,9,6,0.7945205479452054,0.7953488372093023,0.7906976744186046,0.8,0.8192771084337349,0.8,0.7906976744186046,0.7619047619047619,0.7905909351692484,0.8914728682170543
47,27,30,12,4,0.7808219178082192,0.7926267281105991,0.7142857142857143,0.8709677419354839,0.7894736842105263,0.8709677419354839,0.7142857142857143,0.7714285714285715,0.780451127819549,0.9201228878648232
48,24,30,13,6,0.7397260273972602,0.7488372093023257,0.6976744186046512,0.8,0.759493670886076,0.8,0.6976744186046512,0.7164179104477612,0.7379557906669185,0.8782945736434108
49,24,37,8,4,0.8356164383561644,0.8396825396825396,0.8222222222222222,0.8571428571428571,0.8604651162790697,0.8571428571428571,0.8222222222222222,0.8,0.8302325581395349,0.9357142857142857
50,17,33,11,12,0.684931506849315,0.6681034482758621,0.75,0.5862068965517241,0.7415730337078652,0.5862068965517241,0.75,0.5964912280701754,0.6690321308890204,0.7915360501567398
51,17,36,14,6,0.726027397260274,0.7295652173913043,0.72,0.7391304347826086,0.782608695652174,0.7391304347826086,0.72,0.6296296296296297,0.7061191626409018,0.8060869565217391
52,21,36,9,7,0.7808219178082192,0.775,0.8,0.75,0.8181818181818182,0.75,0.8,0.7241379310344828,0.7711598746081505,0.8857142857142858
53,24,31,7,11,0.7534246575342466,0.7507518796992481,0.8157894736842105,0.6857142857142857,0.775,0.6857142857142857,0.8157894736842105,0.7272727272727273,0.7511363636363637,0.8849624060150376
54,12,35,14,12,0.6438356164383562,0.6071428571428572,0.7142857142857143,0.5,0.7291666666666666,0.5,0.7142857142857143,0.48,0.6045833333333333,0.7125850340136053
55,17,34,12,10,0.6986301369863014,0.6843800322061191,0.7391304347826086,0.6296296296296297,0.7555555555555555,0.6296296296296297,0.7391304347826086,0.6071428571428571,0.6813492063492064,0.7399355877616747
56,18,34,10,11,0.7123287671232876,0.6967084639498433,0.7727272727272727,0.6206896551724138,0.7640449438202247,0.6206896551724138,0.7727272727272727,0.631578947368421,0.6978119455943228,0.8487460815047022
57,20,31,13,9,0.6986301369863014,0.6971003134796239,0.7045454545454546,0.6896551724137931,0.7380952380952381,0.6896551724137931,0.7045454545454546,0.6451612903225806,0.6916282642089093,0.8495297805642634
58,24,30,16,3,0.7397260273972602,0.7705314009661836,0.6521739130434783,0.8888888888888888,0.759493670886076,0.8888888888888888,0.6521739130434783,0.7164179104477612,0.7379557906669185,0.8921095008051529
59,21,31,11,10,0.7123287671232876,0.7077572964669738,0.7380952380952381,0.6774193548387096,0.7469879518072289,0.6774193548387096,0.7380952380952381,0.6666666666666666,0.7068273092369477,0.8602150537634408
60,27,25,10,11,0.7123287671232876,0.7124060150375939,0.7142857142857143,0.7105263157894737,0.704225352112676,0.7105263157894737,0.7142857142857143,0.72,0.712112676056338,0.8353383458646616
61,13,36,16,8,0.6712328767123288,0.6556776556776557,0.6923076923076923,0.6190476190476191,0.75,0.6190476190476191,0.6923076923076923,0.52,0.635,0.7472527472527473
62,20,32,18,3,0.7123287671232876,0.7547826086956522,0.64,0.8695652173913043,0.7529411764705882,0.8695652173913043,0.64,0.6557377049180327,0.7043394406943104,0.9356521739130435
63,16,40,10,7,0.7671232876712328,0.7478260869565218,0.8,0.6956521739130435,0.8247422680412371,0.6956521739130435,0.8,0.6530612244897959,0.7389017462655165,0.8869565217391304
64,19,37,12,5,0.7671232876712328,0.7733843537414966,0.7551020408163265,0.7916666666666666,0.8131868131868132,0.7916666666666666,0.7551020408163265,0.6909090909090909,0.752047952047952,0.8724489795918368
65,15,40,9,9,0.7534246575342466,0.7206632653061225,0.8163265306122449,0.625,0.8163265306122449,0.625,0.8163265306122449,0.625,0.7206632653061225,0.842687074829932
66,20,31,16,6,0.6986301369863014,0.7144026186579377,0.6595744680851063,0.7692307692307693,0.7380952380952381,0.7692307692307693,0.6595744680851063,0.6451612903225806,0.6916282642089093,0.8126022913256957
67,18,32,16,7,0.684931506849315,0.6933333333333334,0.6666666666666666,0.72,0.735632183908046,0.72,0.6666666666666666,0.6101694915254238,0.6729008377167349,0.8350000000000001
68,13,35,16,9,0.6575342465753424,0.6385918003565063,0.6862745098039216,0.5909090909090909,0.7368421052631579,0.5909090909090909,0.6862745098039216,0.5098039215686274,0.6233230134158927,0.768270944741533
69,20,40,12,1,0.821917808219178,0.8608058608058609,0.7692307692307693,0.9523809523809523,0.8602150537634409,0.9523809523809523,0.7692307692307693,0.7547169811320755,0.8074660174477581,0.967032967032967
70,19,34,13,7,0.726027397260274,0.7270867430441899,0.723404255319149,0.7307692307692307,0.7727272727272727,0.7307692307692307,0.723404255319149,0.6551724137931034,0.7139498432601881,0.8666121112929623
71,16,35,15,7,0.6986301369863014,0.6978260869565217,0.7,0.6956521739130435,0.7608695652173914,0.6956521739130435,0.7,0.5925925925925926,0.676731078904992,0.8434782608695652
72,14,39,14,6,0.726027397260274,0.7179245283018867,0.7358490566037735,0.7,0.7959183673469388,0.7,0.7358490566037735,0.5833333333333334,0.689625850340136,0.8594339622641509
73,24,29,11,9,0.726027397260274,0.7261363636363636,0.725,0.7272727272727273,0.7435897435897436,0.7272727272727273,0.725,0.7058823529411765,0.7247360482654601,0.8340909090909091
74,15,33,12,13,0.6575342465753424,0.6345238095238095,0.7333333333333333,0.5357142857142857,0.7252747252747253,0.5357142857142857,0.7333333333333333,0.5454545454545454,0.6353646353646354,0.7277777777777777
75,26,27,11,9,0.726027397260274,0.7266917293233083,0.7105263157894737,0.7428571428571429,0.7297297297297297,0.7428571428571429,0.7105263157894737,0.7222222222222222,0.725975975975976,0.855639097744361
76,22,29,13,9,0.6986301369863014,0.7000768049155146,0.6904761904761905,0.7096774193548387,0.725,0.7096774193548387,0.6904761904761905,0.6666666666666666,0.6958333333333333,0.8033794162826421
77,17,36,11,9,0.726027397260274,0.7099018003273323,0.7659574468085106,0.6538461538461539,0.782608695652174,0.6538461538461539,0.7659574468085106,0.6296296296296297,0.7061191626409018,0.8314238952536825
78,21,33,15,4,0.7397260273972602,0.7637499999999999,0.6875,0.84,0.7764705882352941,0.84,0.6875,0.6885245901639344,0.7324975891996143,0.8983333333333333
79,21,33,13,6,0.7397260273972602,0.7475845410628019,0.717391304347826,0.7777777777777778,0.7764705882352941,0.7777777777777778,0.717391304347826,0.6885245901639344,0.7324975891996143,0.9178743961352657
80,17,37,15,4,0.7397260273972602,0.7605311355311355,0.7115384615384616,0.8095238095238095,0.7956989247311828,0.8095238095238095,0.7115384615384616,0.6415094339622641,0.7186041793467235,0.8617216117216118
81,18,41,9,5,0.8082191780821918,0.801304347826087,0.82,0.782608695652174,0.8541666666666666,0.782608695652174,0.82,0.72,0.7870833333333334,0.9052173913043479
82,18,31,14,10,0.6712328767123288,0.665873015873016,0.6888888888888889,0.6428571428571429,0.7209302325581395,0.6428571428571429,0.6888888888888889,0.6,0.6604651162790698,0.734920634920635
83,27,30,13,3,0.7808219178082192,0.7988372093023256,0.6976744186046512,0.9,0.7894736842105263,0.9,0.6976744186046512,0.7714285714285715,0.780451127819549,0.9387596899224807
84,27,31,9,6,0.7945205479452054,0.7965909090909091,0.775,0.8181818181818182,0.8051948051948052,0.8181818181818182,0.775,0.782608695652174,0.7939017504234895,0.9037878787878787
85,22,33,16,2,0.7534246575342466,0.7950680272108843,0.673469387755102,0.9166666666666666,0.7857142857142857,0.9166666666666666,0.673469387755102,0.7096774193548387,0.7476958525345623,0.929421768707483
86,21,30,14,8,0.6986301369863014,0.7029780564263323,0.6818181818181818,0.7241379310344828,0.7317073170731707,0.7241379310344828,0.6818181818181818,0.65625,0.6939786585365854,0.8448275862068965
87,24,31,13,5,0.7534246575342466,0.7660658307210031,0.7045454545454546,0.8275862068965517,0.775,0.8275862068965517,0.7045454545454546,0.7272727272727273,0.7511363636363637,0.920846394984326
88,20,34,9,10,0.7397260273972602,0.7286821705426356,0.7906976744186046,0.6666666666666666,0.7816091954022989,0.6666666666666666,0.7906976744186046,0.6779661016949152,0.729787648548607,0.8209302325581396
89,20,36,12,5,0.7671232876712328,0.775,0.75,0.8,0.8089887640449438,0.8,0.75,0.7017543859649122,0.755371575004928,0.8875000000000001
90,25,32,9,7,0.7808219178082192,0.7808689024390244,0.7804878048780488,0.78125,0.8,0.78125,0.7804878048780488,0.7575757575757576,0.7787878787878788,0.8772865853658536
91,22,35,11,5,0.7808219178082192,0.787842190016103,0.7608695652173914,0.8148148148148148,0.813953488372093,0.8148148148148148,0.7608695652173914,0.7333333333333333,0.7736434108527132,0.9074074074074073
92,23,38,8,4,0.8356164383561644,0.8389694041867954,0.8260869565217391,0.8518518518518519,0.8636363636363636,0.8518518518518519,0.8260869565217391,0.7931034482758621,0.8283699059561129,0.9170692431561996
93,14,39,14,6,0.726027397260274,0.7179245283018867,0.7358490566037735,0.7,0.7959183673469388,0.7,0.7358490566037735,0.5833333333333334,0.689625850340136,0.8726415094339622
94,21,36,9,7,0.7808219178082192,0.775,0.8,0.75,0.8181818181818182,0.75,0.8,0.7241379310344828,0.7711598746081505,0.9087301587301587
95,17,35,13,8,0.7123287671232876,0.7045833333333333,0.7291666666666666,0.68,0.7692307692307693,0.68,0.7291666666666666,0.6181818181818182,0.6937062937062937,0.7941666666666667
96,15,35,16,7,0.684931506849315,0.6840463458110517,0.6862745098039216,0.6818181818181818,0.7526881720430108,0.6818181818181818,0.6862745098039216,0.5660377358490566,0.6593629539460337,0.7531194295900178
97,16,34,15,8,0.684931506849315,0.6802721088435374,0.6938775510204082,0.6666666666666666,0.7472527472527473,0.6666666666666666,0.6938775510204082,0.5818181818181818,0.6645354645354645,0.8137755102040817
98,20,39,13,1,0.8082191780821918,0.8511904761904762,0.75,0.9523809523809523,0.8478260869565217,0.9523809523809523,0.75,0.7407407407407407,0.7942834138486312,0.956043956043956
99,14,41,10,8,0.7534246575342466,0.7201426024955437,0.803921568627451,0.6363636363636364,0.82,0.6363636363636364,0.803921568627451,0.6086956521739131,0.7143478260869565,0.8253119429590017
100,20,30,16,7,0.684931506849315,0.6964573268921095,0.6521739130434783,0.7407407407407407,0.7228915662650602,0.7407407407407407,0.6521739130434783,0.6349206349206349,0.6789061005928476,0.8421900161030595
101,14,29,21,9,0.589041095890411,0.5943478260869566,0.58,0.6086956521739131,0.6590909090909091,0.6086956521739131,0.58,0.4827586206896552,0.5709247648902821,0.7652173913043478
102,25,29,14,5,0.7397260273972602,0.7538759689922481,0.6744186046511628,0.8333333333333334,0.7532467532467533,0.8333333333333334,0.6744186046511628,0.7246376811594203,0.7389422172030868,0.8945736434108527
103,23,36,11,3,0.8082191780821918,0.8252864157119476,0.7659574468085106,0.8846153846153846,0.8372093023255814,0.8846153846153846,0.7659574468085106,0.7666666666666667,0.8019379844961241,0.927986906710311
104,22,27,17,7,0.6712328767123288,0.686128526645768,0.6136363636363636,0.7586206896551724,0.6923076923076923,0.7586206896551724,0.6136363636363636,0.6470588235294118,0.6696832579185521,0.8753918495297806
105,13,40,13,7,0.726027397260274,0.7023584905660378,0.7547169811320755,0.65,0.8,0.65,0.7547169811320755,0.5652173913043478,0.682608695652174,0.8075471698113208
106,22,29,12,10,0.6986301369863014,0.6974085365853658,0.7073170731707317,0.6875,0.725,0.6875,0.7073170731707317,0.6666666666666666,0.6958333333333333,0.8346036585365854
107,12,36,14,11,0.6575342465753424,0.6208695652173912,0.72,0.5217391304347826,0.7422680412371134,0.5217391304347826,0.72,0.4897959183673469,0.6160319798022302,0.7504347826086956
108,21,33,11,8,0.7397260273972602,0.7370689655172413,0.75,0.7241379310344828,0.7764705882352941,0.7241379310344828,0.75,0.6885245901639344,0.7324975891996143,0.8119122257053292
109,21,39,10,3,0.821917808219178,0.8354591836734694,0.7959183673469388,0.875,0.8571428571428571,0.875,0.7959183673469388,0.7636363636363637,0.8103896103896104,0.9404761904761905
110,27,27,12,7,0.7397260273972602,0.7432126696832579,0.6923076923076923,0.7941176470588235,0.7397260273972602,0.7941176470588235,0.6923076923076923,0.7397260273972602,0.7397260273972602,0.8695324283559578
111,19,37,13,4,0.7671232876712328,0.7830434782608695,0.74,0.8260869565217391,0.8131868131868132,0.8260869565217391,0.74,0.6909090909090909,0.752047952047952,0.8921739130434783
112,26,33,9,5,0.8082191780821918,0.8122119815668203,0.7857142857142857,0.8387096774193549,0.825,0.8387096774193549,0.7857142857142857,0.7878787878787878,0.8064393939393939,0.9001536098310291
113,22,34,10,7,0.7671232876712328,0.7656739811912225,0.7727272727272727,0.7586206896551724,0.8,0.7586206896551724,0.7727272727272727,0.7213114754098361,0.7606557377049181,0.8746081504702193
114,19,35,13,6,0.7397260273972602,0.7445833333333334,0.7291666666666666,0.76,0.7865168539325843,0.76,0.7291666666666666,0.6666666666666666,0.7265917602996255,0.8999999999999999
115,18,26,13,16,0.6027397260273972,0.5980392156862745,0.6666666666666666,0.5294117647058824,0.6419753086419753,0.5294117647058824,0.6666666666666666,0.5538461538461539,0.5979107312440646,0.7413273001508296
116,11,37,15,10,0.6575342465753424,0.6176739926739927,0.7115384615384616,0.5238095238095238,0.7474747474747475,0.5238095238095238,0.7115384615384616,0.46808510638297873,0.6077799269288631,0.6327838827838828
117,24,27,13,9,0.6986301369863014,0.7011363636363637,0.675,0.7272727272727273,0.7105263157894737,0.7272727272727273,0.675,0.6857142857142857,0.6981203007518797,0.8378787878787879
118,24,30,13,6,0.7397260273972602,0.7488372093023257,0.6976744186046512,0.8,0.759493670886076,0.8,0.6976744186046512,0.7164179104477612,0.7379557906669185,0.8503875968992247
119,16,42,8,7,0.7945205479452054,0.7678260869565217,0.84,0.6956521739130435,0.8484848484848485,0.6956521739130435,0.84,0.6808510638297872,0.7646679561573179,0.9060869565217391
120,18,32,11,12,0.684931506849315,0.672093023255814,0.7441860465116279,0.6,0.735632183908046,0.6,0.7441860465116279,0.6101694915254238,0.6729008377167349,0.7534883720930233
121,16,37,13,7,0.726027397260274,0.7178260869565217,0.74,0.6956521739130435,0.7872340425531915,0.6956521739130435,0.74,0.6153846153846154,0.7013093289689034,0.8017391304347826
122,22,33,6,12,0.7534246575342466,0.746606334841629,0.8461538461538461,0.6470588235294118,0.7857142857142857,0.6470588235294118,0.8461538461538461,0.7096774193548387,0.7476958525345623,0.8220211161387632
123,17,33,14,9,0.684931506849315,0.677986906710311,0.7021276595744681,0.6538461538461539,0.7415730337078652,0.6538461538461539,0.7021276595744681,0.5964912280701754,0.6690321308890204,0.776595744680851
124,14,40,13,6,0.7397260273972602,0.7273584905660377,0.7547169811320755,0.7,0.8080808080808081,0.7,0.7547169811320755,0.5957446808510638,0.7019127444659359,0.8254716981132074
125,20,39,10,4,0.8082191780821918,0.814625850340136,0.7959183673469388,0.8333333333333334,0.8478260869565217,0.8333333333333334,0.7959183673469388,0.7407407407407407,0.7942834138486312,0.8894557823129252
126,14,39,12,8,0.726027397260274,0.7005347593582887,0.7647058823529411,0.6363636363636364,0.7959183673469388,0.6363636363636364,0.7647058823529411,0.5833333333333334,0.689625850340136,0.802139037433155
127,30,28,9,6,0.7945205479452054,0.795045045045045,0.7567567567567568,0.8333333333333334,0.7887323943661971,0.8333333333333334,0.7567567567567568,0.8,0.7943661971830986,0.9181681681681682
128,29,30,7,7,0.8082191780821918,0.8081831831831832,0.8108108108108109,0.8055555555555556,0.8108108108108109,0.8055555555555556,0.8108108108108109,0.8055555555555556,0.8081831831831832,0.8933933933933934
129,18,31,14,10,0.6712328767123288,0.665873015873016,0.6888888888888889,0.6428571428571429,0.7209302325581395,0.6428571428571429,0.6888888888888889,0.6,0.6604651162790698,0.7698412698412699
130,13,32,14,14,0.6164383561643836,0.5885668276972624,0.6956521739130435,0.48148148148148145,0.6956521739130435,0.48148148148148145,0.6956521739130435,0.48148148148148145,0.5885668276972624,0.7367149758454107
131,24,36,9,4,0.821917808219178,0.8285714285714285,0.8,0.8571428571428571,0.8470588235294118,0.8571428571428571,0.8,0.7868852459016393,0.8169720347155256,0.9166666666666666
132,20,39,9,5,0.8082191780821918,0.80625,0.8125,0.8,0.8478260869565217,0.8,0.8125,0.7407407407407407,0.7942834138486312,0.8708333333333332
133,16,41,8,8,0.7808219178082192,0.7517006802721089,0.8367346938775511,0.6666666666666666,0.8367346938775511,0.6666666666666666,0.8367346938775511,0.6666666666666666,0.7517006802721089,0.814625850340136
134,21,30,17,5,0.6986301369863014,0.7229950900163666,0.6382978723404256,0.8076923076923077,0.7317073170731707,0.8076923076923077,0.6382978723404256,0.65625,0.6939786585365854,0.8821603927986907
135,24,34,13,2,0.7945205479452054,0.8232405891980361,0.723404255319149,0.9230769230769231,0.8192771084337349,0.9230769230769231,0.723404255319149,0.7619047619047619,0.7905909351692484,0.9435351882160392
136,16,39,12,6,0.7534246575342466,0.7459893048128342,0.7647058823529411,0.7272727272727273,0.8125,0.7272727272727273,0.7647058823529411,0.64,0.7262500000000001,0.8894830659536542
137,16,34,13,10,0.684931506849315,0.6693944353518821,0.723404255319149,0.6153846153846154,0.7472527472527473,0.6153846153846154,0.723404255319149,0.5818181818181818,0.6645354645354645,0.8109656301145662
138,16,37,14,6,0.726027397260274,0.7263814616755793,0.7254901960784313,0.7272727272727273,0.7872340425531915,0.7272727272727273,0.7254901960784313,0.6153846153846154,0.7013093289689034,0.839572192513369
139,17,41,11,4,0.7945205479452054,0.798992673992674,0.7884615384615384,0.8095238095238095,0.845360824742268,0.8095238095238095,0.7884615384615384,0.6938775510204082,0.7696191878813381,0.8919413919413921
140,13,37,11,12,0.684931506849315,0.6454166666666667,0.7708333333333334,0.52,0.7628865979381443,0.52,0.7708333333333334,0.5306122448979592,0.6467494214180518,0.7841666666666667
141,21,32,14,6,0.726027397260274,0.7367149758454106,0.6956521739130435,0.7777777777777778,0.7619047619047619,0.7777777777777778,0.6956521739130435,0.6774193548387096,0.7196620583717357,0.8446054750402576
142,19,32,12,10,0.6986301369863014,0.6912225705329154,0.7272727272727273,0.6551724137931034,0.7441860465116279,0.6551724137931034,0.7272727272727273,0.6333333333333333,0.6887596899224806,0.8409090909090909
143,20,32,13,8,0.7123287671232876,0.7126984126984127,0.7111111111111111,0.7142857142857143,0.7529411764705882,0.7142857142857143,0.7111111111111111,0.6557377049180327,0.7043394406943104,0.8912698412698413
144,20,37,11,5,0.7808219178082192,0.7854166666666667,0.7708333333333334,0.8,0.8222222222222222,0.8,0.7708333333333334,0.7142857142857143,0.7682539682539682,0.9308333333333333
145,11,41,13,8,0.7123287671232876,0.669103313840156,0.7592592592592593,0.5789473684210527,0.7961165048543689,0.5789473684210527,0.7592592592592593,0.5116279069767442,0.6538722059155566,0.8021442495126706
146,20,37,7,9,0.7808219178082192,0.765282131661442,0.8409090909090909,0.6896551724137931,0.8222222222222222,0.6896551724137931,0.8409090909090909,0.7142857142857143,0.7682539682539682,0.9028213166144201
147,24,31,10,8,0.7534246575342466,0.7530487804878049,0.7560975609756098,0.75,0.775,0.75,0.7560975609756098,0.7272727272727273,0.7511363636363637,0.8810975609756098
148,18,35,8,12,0.726027397260274,0.7069767441860465,0.813953488372093,0.6,0.7777777777777778,0.6,0.813953488372093,0.6428571428571429,0.7103174603174603,0.851937984496124
149,16,36,11,10,0.7123287671232876,0.690671031096563,0.7659574468085106,0.6153846153846154,0.7741935483870968,0.6153846153846154,0.7659574468085106,0.6037735849056604,0.6889835666463786,0.7847790507364976
150,22,36,8,7,0.7945205479452054,0.7884012539184952,0.8181818181818182,0.7586206896551724,0.8275862068965517,0.7586206896551724,0.8181818181818182,0.7457627118644068,0.7866744593804793,0.9051724137931034
151,16,42,8,7,0.7945205479452054,0.7678260869565217,0.84,0.6956521739130435,0.8484848484848485,0.6956521739130435,0.84,0.6808510638297872,0.7646679561573179,0.8869565217391304
152,13,45,10,5,0.7945205479452054,0.7702020202020202,0.8181818181818182,0.7222222222222222,0.8571428571428571,0.7222222222222222,0.8181818181818182,0.6341463414634146,0.7456445993031359,0.8595959595959596
153,24,28,15,6,0.7123287671232876,0.7255813953488373,0.6511627906976745,0.8,0.7272727272727273,0.8,0.6511627906976745,0.6956521739130435,0.7114624505928854,0.8767441860465117
154,20,41,8,4,0.8356164383561644,0.8350340136054422,0.8367346938775511,0.8333333333333334,0.8723404255319149,0.8333333333333334,0.8367346938775511,0.7692307692307693,0.820785597381342,0.9022108843537415
155,25,32,9,7,0.7808219178082192,0.7808689024390244,0.7804878048780488,0.78125,0.8,0.78125,0.7804878048780488,0.7575757575757576,0.7787878787878788,0.8963414634146342
156,14,33,16,10,0.6438356164383562,0.6284013605442177,0.673469387755102,0.5833333333333334,0.717391304347826,0.5833333333333334,0.673469387755102,0.5185185185185185,0.6179549114331723,0.7670068027210885
157,13,39,11,10,0.7123287671232876,0.672608695652174,0.78,0.5652173913043478,0.7878787878787878,0.5652173913043478,0.78,0.5531914893617021,0.6705351386202449,0.797391304347826
158,20,31,17,5,0.6986301369863014,0.7229166666666667,0.6458333333333334,0.8,0.7380952380952381,0.8,0.6458333333333334,0.6451612903225806,0.6916282642089093,0.8575
159,18,29,14,12,0.6438356164383562,0.6372093023255814,0.6744186046511628,0.6,0.6904761904761905,0.6,0.6744186046511628,0.5806451612903226,0.6355606758832566,0.7790697674418605
160,26,28,12,7,0.7397260273972602,0.7439393939393939,0.7,0.7878787878787878,0.7466666666666667,0.7878787878787878,0.7,0.7323943661971831,0.7395305164319249,0.8893939393939393
161,16,41,12,4,0.7808219178082192,0.7867924528301887,0.7735849056603774,0.8,0.8367346938775511,0.8,0.7735849056603774,0.6666666666666666,0.7517006802721089,0.8745283018867925
162,21,36,8,8,0.7808219178082192,0.7711598746081505,0.8181818181818182,0.7241379310344828,0.8181818181818182,0.7241379310344828,0.8181818181818182,0.7241379310344828,0.7711598746081505,0.8557993730407524
163,11,48,13,1,0.8082191780821918,0.8517759562841529,0.7868852459016393,0.9166666666666666,0.8727272727272727,0.9166666666666666,0.7868852459016393,0.6111111111111112,0.7419191919191919,0.9672131147540983
164,16,37,12,8,0.726027397260274,0.7108843537414966,0.7551020408163265,0.6666666666666666,0.7872340425531915,0.6666666666666666,0.7551020408163265,0.6153846153846154,0.7013093289689034,0.8231292517006803
165,22,30,13,8,0.7123287671232876,0.7155038759689922,0.6976744186046512,0.7333333333333333,0.7407407407407407,0.7333333333333333,0.6976744186046512,0.676923076923077,0.7088319088319088,0.8968992248062015
166,18,37,13,5,0.7534246575342466,0.761304347826087,0.74,0.782608695652174,0.8043478260869565,0.782608695652174,0.74,0.6666666666666666,0.7355072463768115,0.8747826086956522
167,18,33,13,9,0.6986301369863014,0.6920289855072463,0.717391304347826,0.6666666666666666,0.75,0.6666666666666666,0.717391304347826,0.6206896551724138,0.6853448275862069,0.8373590982286634
168,19,35,9,10,0.7397260273972602,0.7253134796238244,0.7954545454545454,0.6551724137931034,0.7865168539325843,0.6551724137931034,0.7954545454545454,0.6666666666666666,0.7265917602996255,0.8346394984326019
169,19,32,12,10,0.6986301369863014,0.6912225705329154,0.7272727272727273,0.6551724137931034,0.7441860465116279,0.6551724137931034,0.7272727272727273,0.6333333333333333,0.6887596899224806,0.8236677115987461
170,12,42,13,6,0.7397260273972602,0.7151515151515151,0.7636363636363637,0.6666666666666666,0.8155339805825242,0.6666666666666666,0.7636363636363637,0.5581395348837209,0.6868367577331226,0.796969696969697
171,18,35,10,10,0.726027397260274,0.7103174603174603,0.7777777777777778,0.6428571428571429,0.7777777777777778,0.6428571428571429,0.7777777777777778,0.6428571428571429,0.7103174603174603,0.7865079365079366
172,19,38,11,5,0.7808219178082192,0.7835884353741496,0.7755102040816326,0.7916666666666666,0.8260869565217391,0.7916666666666666,0.7755102040816326,0.7037037037037037,0.7648953301127215,0.8673469387755103
173,19,38,13,3,0.7808219178082192,0.804367201426025,0.7450980392156863,0.8636363636363636,0.8260869565217391,0.8636363636363636,0.7450980392156863,0.7037037037037037,0.7648953301127215,0.9135472370766489
174,23,34,13,3,0.7808219178082192,0.8040098199672667,0.723404255319149,0.8846153846153846,0.8095238095238095,0.8846153846153846,0.723404255319149,0.7419354838709677,0.7757296466973886,0.9378068739770867
175,21,36,10,6,0.7808219178082192,0.7801932367149759,0.782608695652174,0.7777777777777778,0.8181818181818182,0.7777777777777778,0.782608695652174,0.7241379310344828,0.7711598746081505,0.9130434782608696
176,20,29,16,8,0.6712328767123288,0.6793650793650794,0.6444444444444445,0.7142857142857143,0.7073170731707317,0.7142857142857143,0.6444444444444445,0.625,0.6661585365853658,0.8317460317460318
177,15,40,11,7,0.7534246575342466,0.7330659536541889,0.7843137254901961,0.6818181818181818,0.8163265306122449,0.6818181818181818,0.7843137254901961,0.625,0.7206632653061225,0.803921568627451
178,18,33,12,10,0.6986301369863014,0.6880952380952381,0.7333333333333333,0.6428571428571429,0.75,0.6428571428571429,0.7333333333333333,0.6206896551724138,0.6853448275862069,0.7817460317460316
179,20,33,17,3,0.726027397260274,0.7647826086956522,0.66,0.8695652173913043,0.7674418604651163,0.8695652173913043,0.66,0.6666666666666666,0.7170542635658914,0.8913043478260869
180,13,35,14,11,0.6575342465753424,0.6279761904761905,0.7142857142857143,0.5416666666666666,0.7368421052631579,0.5416666666666666,0.7142857142857143,0.5098039215686274,0.6233230134158927,0.8180272108843537
181,19,32,15,7,0.6986301369863014,0.705810147299509,0.6808510638297872,0.7307692307692307,0.7441860465116279,0.7307692307692307,0.6808510638297872,0.6333333333333333,0.6887596899224806,0.8420621931260229
182,21,36,13,3,0.7808219178082192,0.8048469387755102,0.7346938775510204,0.875,0.8181818181818182,0.875,0.7346938775510204,0.7241379310344828,0.7711598746081505,0.9209183673469388
183,18,40,10,5,0.7945205479452054,0.791304347826087,0.8,0.782608695652174,0.8421052631578947,0.782608695652174,0.8,0.7058823529411765,0.7739938080495357,0.9
184,19,35,13,6,0.7397260273972602,0.7445833333333334,0.7291666666666666,0.76,0.7865168539325843,0.76,0.7291666666666666,0.6666666666666666,0.7265917602996255,0.86
185,19,31,16,7,0.684931506849315,0.6951718494271686,0.6595744680851063,0.7307692307692307,0.7294117647058823,0.7307692307692307,0.6595744680851063,0.6229508196721312,0.6761812921890067,0.8584288052373159
186,18,34,16,5,0.7123287671232876,0.731304347826087,0.68,0.782608695652174,0.7640449438202247,0.782608695652174,0.68,0.631578947368421,0.6978119455943228,0.8486956521739131
187,18,41,8,6,0.8082191780821918,0.7933673469387755,0.8367346938775511,0.75,0.8541666666666666,0.75,0.8367346938775511,0.72,0.7870833333333334,0.8809523809523809
188,24,33,8,8,0.7808219178082192,0.7774390243902439,0.8048780487804879,0.75,0.8048780487804879,0.75,0.8048780487804879,0.75,0.7774390243902439,0.8765243902439025
189,18,33,19,3,0.6986301369863014,0.7458791208791209,0.6346153846153846,0.8571428571428571,0.75,0.8571428571428571,0.6346153846153846,0.6206896551724138,0.6853448275862069,0.9093406593406593
190,15,33,19,6,0.6575342465753424,0.6744505494505495,0.6346153846153846,0.7142857142857143,0.7252747252747253,0.7142857142857143,0.6346153846153846,0.5454545454545454,0.6353646353646354,0.7912087912087912
191,25,38,4,6,0.863013698630137,0.8556067588325653,0.9047619047619048,0.8064516129032258,0.8837209302325582,0.8064516129032258,0.9047619047619048,0.8333333333333334,0.8585271317829457,0.9254992319508448
192,20,34,10,9,0.7397260273972602,0.7311912225705329,0.7727272727272727,0.6896551724137931,0.7816091954022989,0.6896551724137931,0.7727272727272727,0.6779661016949152,0.729787648548607,0.8283699059561127
193,21,32,14,6,0.726027397260274,0.7367149758454106,0.6956521739130435,0.7777777777777778,0.7619047619047619,0.7777777777777778,0.6956521739130435,0.6774193548387096,0.7196620583717357,0.8808373590982286
194,20,34,14,5,0.7397260273972602,0.7541666666666667,0.7083333333333334,0.8,0.7816091954022989,0.8,0.7083333333333334,0.6779661016949152,0.729787648548607,0.8608333333333333
195,22,30,13,8,0.7123287671232876,0.7155038759689922,0.6976744186046512,0.7333333333333333,0.7407407407407407,0.7333333333333333,0.6976744186046512,0.676923076923077,0.7088319088319088,0.8310077519379845
196,19,27,14,13,0.6301369863013698,0.6261432926829269,0.6585365853658537,0.59375,0.6666666666666666,0.59375,0.6585365853658537,0.5846153846153846,0.6256410256410256,0.7492378048780487
197,18,40,6,9,0.7945205479452054,0.7681159420289855,0.8695652173913043,0.6666666666666666,0.8421052631578947,0.6666666666666666,0.8695652173913043,0.7058823529411765,0.7739938080495357,0.7930756843800322
198,17,43,8,5,0.821917808219178,0.8079322638146167,0.8431372549019608,0.7727272727272727,0.8686868686868687,0.7727272727272727,0.8431372549019608,0.723404255319149,0.7960455620030089,0.9073083778966132
199,19,34,12,8,0.726027397260274,0.7214170692431562,0.7391304347826086,0.7037037037037037,0.7727272727272727,0.7037037037037037,0.7391304347826086,0.6551724137931034,0.7139498432601881,0.8341384863123993
200,21,32,14,6,0.726027397260274,0.7367149758454106,0.6956521739130435,0.7777777777777778,0.7619047619047619,0.7777777777777778,0.6956521739130435,0.6774193548387096,0.7196620583717357,0.8510466988727858
201,22,27,18,6,0.6712328767123288,0.6928571428571428,0.6,0.7857142857142857,0.6923076923076923,0.7857142857142857,0.6,0.6470588235294118,0.6696832579185521,0.838095238095238
202,22,24,20,7,0.6301369863013698,0.6520376175548589,0.5454545454545454,0.7586206896551724,0.64,0.7586206896551724,0.5454545454545454,0.6197183098591549,0.6298591549295774,0.8150470219435736
203,20,32,14,7,0.7123287671232876,0.7181964573268921,0.6956521739130435,0.7407407407407407,0.7529411764705882,0.7407407407407407,0.6956521739130435,0.6557377049180327,0.7043394406943104,0.8727858293075684
204,19,37,13,4,0.7671232876712328,0.7830434782608695,0.74,0.8260869565217391,0.8131868131868132,0.8260869565217391,0.74,0.6909090909090909,0.752047952047952,0.891304347826087
205,18,33,13,9,0.6986301369863014,0.6920289855072463,0.717391304347826,0.6666666666666666,0.75,0.6666666666666666,0.717391304347826,0.6206896551724138,0.6853448275862069,0.8526570048309178
206,20,30,12,11,0.684931506849315,0.6797235023041475,0.7142857142857143,0.6451612903225806,0.7228915662650602,0.6451612903225806,0.7142857142857143,0.6349206349206349,0.6789061005928476,0.8079877112135176
207,24,28,13,8,0.7123287671232876,0.7164634146341464,0.6829268292682927,0.75,0.7272727272727273,0.75,0.6829268292682927,0.6956521739130435,0.7114624505928854,0.8689024390243903
208,18,37,13,5,0.7534246575342466,0.761304347826087,0.74,0.782608695652174,0.8043478260869565,0.782608695652174,0.74,0.6666666666666666,0.7355072463768115,0.8921739130434784
209,18,35,11,9,0.726027397260274,0.713768115942029,0.7608695652173914,0.6666666666666666,0.7777777777777778,0.6666666666666666,0.7608695652173914,0.6428571428571429,0.7103174603174603,0.8405797101449274
210,23,33,11,6,0.7671232876712328,0.771551724137931,0.75,0.7931034482758621,0.7951807228915663,0.7931034482758621,0.75,0.7301587301587301,0.7626697265251482,0.9114420062695925
211,18,37,12,6,0.7534246575342466,0.7525510204081632,0.7551020408163265,0.75,0.8043478260869565,0.75,0.7551020408163265,0.6666666666666666,0.7355072463768115,0.9056122448979592
212,21,33,14,5,0.7397260273972602,0.7549099836333879,0.7021276595744681,0.8076923076923077,0.7764705882352941,0.8076923076923077,0.7021276595744681,0.6885245901639344,0.7324975891996143,0.8878887070376432
213,14,36,12,11,0.684931506849315,0.655,0.75,0.56,0.7578947368421053,0.56,0.75,0.5490196078431373,0.6534571723426212,0.8216666666666667
214,19,34,11,9,0.726027397260274,0.7170634920634921,0.7555555555555555,0.6785714285714286,0.7727272727272727,0.6785714285714286,0.7555555555555555,0.6551724137931034,0.7139498432601881,0.8246031746031746
215,19,37,8,9,0.7671232876712328,0.7503968253968254,0.8222222222222222,0.6785714285714286,0.8131868131868132,0.6785714285714286,0.8222222222222222,0.6909090909090909,0.752047952047952,0.8960317460317461
216,19,32,15,7,0.6986301369863014,0.705810147299509,0.6808510638297872,0.7307692307692307,0.7441860465116279,0.7307692307692307,0.6808510638297872,0.6333333333333333,0.6887596899224806,0.8232405891980359
217,17,30,18,8,0.6438356164383562,0.6525000000000001,0.625,0.68,0.6976744186046512,0.68,0.625,0.5666666666666667,0.632170542635659,0.7508333333333334
218,21,35,11,6,0.7671232876712328,0.7693236714975846,0.7608695652173914,0.7777777777777778,0.8045977011494253,0.7777777777777778,0.7608695652173914,0.711864406779661,0.7582310539645432,0.8816425120772947
219,19,38,10,6,0.7808219178082192,0.7758333333333334,0.7916666666666666,0.76,0.8260869565217391,0.76,0.7916666666666666,0.7037037037037037,0.7648953301127215,0.8633333333333334
220,18,33,16,6,0.6986301369863014,0.7117346938775511,0.673469387755102,0.75,0.75,0.75,0.673469387755102,0.6206896551724138,0.6853448275862069,0.8180272108843537
221,18,34,10,11,0.7123287671232876,0.6967084639498433,0.7727272727272727,0.6206896551724138,0.7640449438202247,0.6206896551724138,0.7727272727272727,0.631578947368421,0.6978119455943228,0.7931034482758621
222,9,42,16,6,0.6986301369863014,0.6620689655172414,0.7241379310344828,0.6,0.7924528301886793,0.6,0.7241379310344828,0.45,0.6212264150943396,0.767816091954023
223,23,28,16,6,0.6986301369863014,0.7147335423197492,0.6363636363636364,0.7931034482758621,0.717948717948718,0.7931034482758621,0.6363636363636364,0.6764705882352942,0.697209653092006,0.8949843260188088
224,22,35,10,6,0.7808219178082192,0.7817460317460317,0.7777777777777778,0.7857142857142857,0.813953488372093,0.7857142857142857,0.7777777777777778,0.7333333333333333,0.7736434108527132,0.8595238095238096
225,21,28,17,7,0.6712328767123288,0.6861111111111111,0.6222222222222222,0.75,0.7,0.75,0.6222222222222222,0.6363636363636364,0.6681818181818182,0.8269841269841269
226,24,34,7,8,0.7945205479452054,0.7896341463414633,0.8292682926829268,0.75,0.8192771084337349,0.75,0.8292682926829268,0.7619047619047619,0.7905909351692484,0.8483231707317073
227,21,28,16,8,0.6712328767123288,0.6802507836990596,0.6363636363636364,0.7241379310344828,0.7,0.7241379310344828,0.6363636363636364,0.6363636363636364,0.6681818181818182,0.793103448275862
228,16,38,9,10,0.7397260273972602,0.7119476268412439,0.8085106382978723,0.6153846153846154,0.8,0.6153846153846154,0.8085106382978723,0.6274509803921569,0.7137254901960784,0.8387888707037644
229,19,37,10,7,0.7671232876712328,0.7590016366612111,0.7872340425531915,0.7307692307692307,0.8131868131868132,0.7307692307692307,0.7872340425531915,0.6909090909090909,0.752047952047952,0.9067103109656302
230,18,35,13,7,0.726027397260274,0.7245833333333334,0.7291666666666666,0.72,0.7777777777777778,0.72,0.7291666666666666,0.6428571428571429,0.7103174603174603,0.8216666666666665
231,29,25,14,5,0.7397260273972602,0.7469834087481146,0.6410256410256411,0.8529411764705882,0.7246376811594203,0.8529411764705882,0.6410256410256411,0.7532467532467533,0.7389422172030868,0.8891402714932126
232,24,34,10,5,0.7945205479452054,0.8001567398119123,0.7727272727272727,0.8275862068965517,0.8192771084337349,0.8275862068965517,0.7727272727272727,0.7619047619047619,0.7905909351692484,0.908307210031348
233,21,31,10,11,0.7123287671232876,0.7061737804878049,0.7560975609756098,0.65625,0.7469879518072289,0.65625,0.7560975609756098,0.6666666666666666,0.7068273092369477,0.8239329268292682
234,13,37,15,8,0.684931506849315,0.6652930402930404,0.7115384615384616,0.6190476190476191,0.7628865979381443,0.6190476190476191,0.7115384615384616,0.5306122448979592,0.6467494214180518,0.8131868131868132
235,22,29,11,11,0.6986301369863014,0.6958333333333333,0.725,0.6666666666666666,0.725,0.6666666666666666,0.725,0.6666666666666666,0.6958333333333333,0.8242424242424243
236,19,37,13,4,0.7671232876712328,0.7830434782608695,0.74,0.8260869565217391,0.8131868131868132,0.8260869565217391,0.74,0.6909090909090909,0.752047952047952,0.8434782608695652
237,18,34,15,6,0.7123287671232876,0.721938775510204,0.6938775510204082,0.75,0.7640449438202247,0.75,0.6938775510204082,0.631578947368421,0.6978119455943228,0.8596938775510203
238,19,34,12,8,0.726027397260274,0.7214170692431562,0.7391304347826086,0.7037037037037037,0.7727272727272727,0.7037037037037037,0.7391304347826086,0.6551724137931034,0.7139498432601881,0.8429951690821257
239,18,38,11,6,0.7671232876712328,0.7627551020408163,0.7755102040816326,0.75,0.8172043010752689,0.75,0.7755102040816326,0.6792452830188679,0.7482247920470684,0.8767006802721088
240,20,34,12,7,0.7397260273972602,0.7399355877616747,0.7391304347826086,0.7407407407407407,0.7816091954022989,0.7407407407407407,0.7391304347826086,0.6779661016949152,0.729787648548607,0.8542673107890498
241,24,40,8,1,0.8767123287671232,0.8966666666666667,0.8333333333333334,0.96,0.898876404494382,0.96,0.8333333333333334,0.8421052631578947,0.8704908338261383,0.9725
242,14,43,10,6,0.7808219178082192,0.7556603773584906,0.8113207547169812,0.7,0.8431372549019608,0.7,0.8113207547169812,0.6363636363636364,0.7397504456327986,0.8943396226415095
243,27,30,8,8,0.7808219178082192,0.780451127819549,0.7894736842105263,0.7714285714285715,0.7894736842105263,0.7714285714285715,0.7894736842105263,0.7714285714285715,0.780451127819549,0.8857142857142858
244,22,32,11,8,0.7397260273972602,0.7387596899224806,0.7441860465116279,0.7333333333333333,0.7710843373493976,0.7333333333333333,0.7441860465116279,0.6984126984126984,0.734748517881048,0.8651162790697675
245,13,39,11,10,0.7123287671232876,0.672608695652174,0.78,0.5652173913043478,0.7878787878787878,0.5652173913043478,0.78,0.5531914893617021,0.6705351386202449,0.7982608695652174
246,22,30,11,10,0.7123287671232876,0.7096036585365854,0.7317073170731707,0.6875,0.7407407407407407,0.6875,0.7317073170731707,0.676923076923077,0.7088319088319088,0.8269817073170732
247,17,34,13,9,0.6986301369863014,0.6886252045826514,0.723404255319149,0.6538461538461539,0.7555555555555555,0.6538461538461539,0.723404255319149,0.6071428571428571,0.6813492063492064,0.809328968903437
248,17,39,8,9,0.7671232876712328,0.7418166939443536,0.8297872340425532,0.6538461538461539,0.8210526315789474,0.6538461538461539,0.8297872340425532,0.6666666666666666,0.743859649122807,0.8723404255319149
249,25,31,13,4,0.7671232876712328,0.783307210031348,0.7045454545454546,0.8620689655172413,0.7848101265822784,0.8620689655172413,0.7045454545454546,0.746268656716418,0.7655393916493483,0.908307210031348
250,14,40,12,7,0.7397260273972602,0.717948717948718,0.7692307692307693,0.6666666666666666,0.8080808080808081,0.6666666666666666,0.7692307692307693,0.5957446808510638,0.7019127444659359,0.8534798534798534
251,17,40,10,6,0.7808219178082192,0.7695652173913043,0.8,0.7391304347826086,0.8333333333333334,0.7391304347826086,0.8,0.68,0.7566666666666667,0.8347826086956522
252,20,30,15,8,0.684931506849315,0.6904761904761905,0.6666666666666666,0.7142857142857143,0.7228915662650602,0.7142857142857143,0.6666666666666666,0.6349206349206349,0.6789061005928476,0.807142857142857
253,16,40,10,7,0.7671232876712328,0.7478260869565218,0.8,0.6956521739130435,0.8247422680412371,0.6956521739130435,0.8,0.6530612244897959,0.7389017462655165,0.8156521739130435
254,19,34,11,9,0.726027397260274,0.7170634920634921,0.7555555555555555,0.6785714285714286,0.7727272727272727,0.6785714285714286,0.7555555555555555,0.6551724137931034,0.7139498432601881,0.8388888888888889
255,23,36,12,2,0.8082191780821918,0.835,0.75,0.92,0.8372093023255814,0.92,0.75,0.7666666666666667,0.8019379844961241,0.9641666666666666
256,22,33,14,4,0.7534246575342466,0.7741407528641571,0.7021276595744681,0.8461538461538461,0.7857142857142857,0.8461538461538461,0.7021276595744681,0.7096774193548387,0.7476958525345623,0.9140752864157119
257,29,29,7,8,0.7945205479452054,0.7946696696696697,0.8055555555555556,0.7837837837837838,0.7945205479452054,0.7837837837837838,0.8055555555555556,0.7945205479452054,0.7945205479452054,0.9084084084084085
258,17,30,18,8,0.6438356164383562,0.6525000000000001,0.625,0.68,0.6976744186046512,0.68,0.625,0.5666666666666667,0.632170542635659,0.8
259,21,27,18,7,0.6575342465753424,0.675,0.6,0.75,0.6835443037974683,0.75,0.6,0.6268656716417911,0.6552049877196298,0.8547619047619047
260,16,32,19,6,0.6575342465753424,0.6773618538324421,0.6274509803921569,0.7272727272727273,0.7191011235955056,0.7272727272727273,0.6274509803921569,0.5614035087719298,0.6402523161837177,0.8163992869875223
261,18,36,13,6,0.7397260273972602,0.7423469387755102,0.7346938775510204,0.75,0.7912087912087912,0.75,0.7346938775510204,0.6545454545454545,0.7228771228771229,0.8622448979591837
262,21,32,10,10,0.726027397260274,0.7196620583717357,0.7619047619047619,0.6774193548387096,0.7619047619047619,0.6774193548387096,0.7619047619047619,0.6774193548387096,0.7196620583717357,0.8049155145929339
263,13,40,10,10,0.726027397260274,0.682608695652174,0.8,0.5652173913043478,0.8,0.5652173913043478,0.8,0.5652173913043478,0.682608695652174,0.822608695652174
264,19,27,15,12,0.6301369863013698,0.6278801843317973,0.6428571428571429,0.6129032258064516,0.6666666666666666,0.6129032258064516,0.6428571428571429,0.5846153846153846,0.6256410256410256,0.7926267281105991
265,22,35,9,7,0.7808219178082192,0.7770376175548589,0.7954545454545454,0.7586206896551724,0.813953488372093,0.7586206896551724,0.7954545454545454,0.7333333333333333,0.7736434108527132,0.8989028213166144
266,19,39,9,6,0.7945205479452054,0.78625,0.8125,0.76,0.8387096774193549,0.76,0.8125,0.7169811320754716,0.7778454047474133,0.8725
267,21,35,13,4,0.7671232876712328,0.7845833333333333,0.7291666666666666,0.84,0.8045977011494253,0.84,0.7291666666666666,0.711864406779661,0.7582310539645432,0.9133333333333333
268,17,36,9,11,0.726027397260274,0.7035714285714285,0.8,0.6071428571428571,0.782608695652174,0.6071428571428571,0.8,0.6296296296296297,0.7061191626409018,0.7119047619047618
269,19,36,9,9,0.7534246575342466,0.7392857142857143,0.8,0.6785714285714286,0.8,0.6785714285714286,0.8,0.6785714285714286,0.7392857142857143,0.8523809523809525
270,20,29,19,5,0.6712328767123288,0.7020833333333334,0.6041666666666666,0.8,0.7073170731707317,0.8,0.6041666666666666,0.625,0.6661585365853658,0.8291666666666666
271,15,39,12,7,0.7397260273972602,0.7232620320855614,0.7647058823529411,0.6818181818181818,0.8041237113402062,0.6818181818181818,0.7647058823529411,0.6122448979591837,0.708184304649695,0.8493761140819964
272,20,29,15,9,0.6712328767123288,0.6743730407523512,0.6590909090909091,0.6896551724137931,0.7073170731707317,0.6896551724137931,0.6590909090909091,0.625,0.6661585365853658,0.7711598746081505
273,22,33,10,8,0.7534246575342466,0.7503875968992249,0.7674418604651163,0.7333333333333333,0.7857142857142857,0.7333333333333333,0.7674418604651163,0.7096774193548387,0.7476958525345623,0.8426356589147287
274,15,31,16,11,0.6301369863013698,0.6182487725040916,0.6595744680851063,0.5769230769230769,0.6966292134831461,0.5769230769230769,0.6595744680851063,0.5263157894736842,0.6114725014784151,0.7528641571194763
275,16,37,10,10,0.726027397260274,0.7013093289689034,0.7872340425531915,0.6153846153846154,0.7872340425531915,0.6153846153846154,0.7872340425531915,0.6153846153846154,0.7013093289689034,0.8265139116202946
276,18,36,12,7,0.7397260273972602,0.735,0.75,0.72,0.7912087912087912,0.72,0.75,0.6545454545454545,0.7228771228771229,0.8816666666666667
277,18,43,9,3,0.8356164383561644,0.8420329670329669,0.8269230769230769,0.8571428571428571,0.8775510204081632,0.8571428571428571,0.8269230769230769,0.75,0.8137755102040816,0.9249084249084248
278,22,34,12,5,0.7671232876712328,0.7769726247987117,0.7391304347826086,0.8148148148148148,0.8,0.8148148148148148,0.7391304347826086,0.7213114754098361,0.7606557377049181,0.8832528180354267
279,13,38,12,10,0.6986301369863014,0.662608695652174,0.76,0.5652173913043478,0.7755102040816326,0.5652173913043478,0.76,0.5416666666666666,0.6585884353741496,0.7339130434782608
280,18,38,9,8,0.7671232876712328,0.7504091653027822,0.8085106382978723,0.6923076923076923,0.8172043010752689,0.6923076923076923,0.8085106382978723,0.6792452830188679,0.7482247920470684,0.8600654664484452
281,15,44,7,7,0.8082191780821918,0.7722816399286987,0.8627450980392157,0.6818181818181818,0.8627450980392157,0.6818181818181818,0.8627450980392157,0.6818181818181818,0.7722816399286987,0.8360071301247771
282,15,41,10,7,0.7671232876712328,0.7428698752228164,0.803921568627451,0.6818181818181818,0.8282828282828283,0.6818181818181818,0.803921568627451,0.6382978723404256,0.7332903503116269,0.7959001782531194
283,25,37,5,6,0.8493150684931506,0.8437019969278033,0.8809523809523809,0.8064516129032258,0.8705882352941177,0.8064516129032258,0.8809523809523809,0.819672131147541,0.8451301832208293,0.923195084485407
284,22,31,11,9,0.726027397260274,0.7238863287250384,0.7380952380952381,0.7096774193548387,0.7560975609756098,0.7096774193548387,0.7380952380952381,0.6875,0.7217987804878049,0.8678955453149002
285,21,32,16,4,0.726027397260274,0.7533333333333333,0.6666666666666666,0.84,0.7619047619047619,0.84,0.6666666666666666,0.6774193548387096,0.7196620583717357,0.9041666666666667
286,15,33,13,12,0.6575342465753424,0.6364734299516908,0.717391304347826,0.5555555555555556,0.7252747252747253,0.5555555555555556,0.717391304347826,0.5454545454545454,0.6353646353646354,0.7673107890499195
287,20,37,14,2,0.7808219178082192,0.8172905525846702,0.7254901960784313,0.9090909090909091,0.8222222222222222,0.9090909090909091,0.7254901960784313,0.7142857142857143,0.7682539682539682,0.9313725490196079
288,17,37,12,7,0.7397260273972602,0.7317176870748299,0.7551020408163265,0.7083333333333334,0.7956989247311828,0.7083333333333334,0.7551020408163265,0.6415094339622641,0.7186041793467235,0.8724489795918368
289,15,38,15,5,0.726027397260274,0.7334905660377358,0.7169811320754716,0.75,0.7916666666666666,0.75,0.7169811320754716,0.6,0.6958333333333333,0.8452830188679246
290,17,41,11,4,0.7945205479452054,0.798992673992674,0.7884615384615384,0.8095238095238095,0.845360824742268,0.8095238095238095,0.7884615384615384,0.6938775510204082,0.7696191878813381,0.913919413919414
291,27,32,9,5,0.8082191780821918,0.8121189024390244,0.7804878048780488,0.84375,0.8205128205128205,0.84375,0.7804878048780488,0.7941176470588235,0.807315233785822,0.919969512195122
292,21,31,13,8,0.7123287671232876,0.7143416927899686,0.7045454545454546,0.7241379310344828,0.7469879518072289,0.7241379310344828,0.7045454545454546,0.6666666666666666,0.7068273092369477,0.8393416927899686
293,15,38,11,9,0.726027397260274,0.7002551020408163,0.7755102040816326,0.625,0.7916666666666666,0.625,0.7755102040816326,0.6,0.6958333333333333,0.798469387755102
294,25,31,6,11,0.7671232876712328,0.7661411411411412,0.8378378378378378,0.6944444444444444,0.7848101265822784,0.6944444444444444,0.8378378378378378,0.746268656716418,0.7655393916493483,0.8513513513513513
295,21,30,12,10,0.6986301369863014,0.695852534562212,0.7142857142857143,0.6774193548387096,0.7317073170731707,0.6774193548387096,0.7142857142857143,0.65625,0.6939786585365854,0.8594470046082949
296,13,32,18,10,0.6164383561643836,0.6026086956521739,0.64,0.5652173913043478,0.6956521739130435,0.5652173913043478,0.64,0.48148148148148145,0.5885668276972624,0.7147826086956521
297,19,38,8,8,0.7808219178082192,0.7648953301127215,0.8260869565217391,0.7037037037037037,0.8260869565217391,0.7037037037037037,0.8260869565217391,0.7037037037037037,0.7648953301127215,0.8389694041867954
298,12,46,10,5,0.7945205479452054,0.7636554621848739,0.8214285714285714,0.7058823529411765,0.8598130841121495,0.7058823529411765,0.8214285714285714,0.6153846153846154,0.7375988497483825,0.880252100840336
299,22,34,14,3,0.7671232876712328,0.7941666666666667,0.7083333333333334,0.88,0.8,0.88,0.7083333333333334,0.7213114754098361,0.7606557377049181,0.9041666666666666
300,16,32,15,10,0.6575342465753424,0.6481178396072014,0.6808510638297872,0.6153846153846154,0.7191011235955056,0.6153846153846154,0.6808510638297872,0.5614035087719298,0.6402523161837177,0.7594108019639935
301,14,38,17,4,0.7123287671232876,0.7343434343434343,0.6909090909090909,0.7777777777777778,0.7835051546391752,0.7777777777777778,0.6909090909090909,0.5714285714285714,0.6774668630338734,0.8828282828282829
302,14,34,16,9,0.6575342465753424,0.6443478260869566,0.68,0.6086956521739131,0.7311827956989247,0.6086956521739131,0.68,0.5283018867924528,0.6297423412456888,0.7965217391304348
303,18,42,11,2,0.821917808219178,0.8462264150943397,0.7924528301886793,0.9,0.865979381443299,0.9,0.7924528301886793,0.7346938775510204,0.8003366294971597,0.9452830188679245
304,23,28,10,12,0.6986301369863014,0.6969924812030075,0.7368421052631579,0.6571428571428571,0.717948717948718,0.6571428571428571,0.7368421052631579,0.6764705882352942,0.697209653092006,0.8135338345864661
305,22,34,12,5,0.7671232876712328,0.7769726247987117,0.7391304347826086,0.8148148148148148,0.8,0.8148148148148148,0.7391304347826086,0.7213114754098361,0.7606557377049181,0.8969404186795491
306,18,38,12,5,0.7671232876712328,0.771304347826087,0.76,0.782608695652174,0.8172043010752689,0.782608695652174,0.76,0.6792452830188679,0.7482247920470684,0.831304347826087
307,18,30,18,7,0.6575342465753424,0.6725,0.625,0.72,0.7058823529411765,0.72,0.625,0.5901639344262295,0.648023143683703,0.7825000000000001
308,13,37,14,9,0.684931506849315,0.6581996434937611,0.7254901960784313,0.5909090909090909,0.7628865979381443,0.5909090909090909,0.7254901960784313,0.5306122448979592,0.6467494214180518,0.7771836007130124
309,17,39,13,4,0.7671232876712328,0.7797619047619048,0.75,0.8095238095238095,0.8210526315789474,0.8095238095238095,0.75,0.6666666666666666,0.743859649122807,0.8873626373626373
310,20,32,15,6,0.7123287671232876,0.7250409165302782,0.6808510638297872,0.7692307692307693,0.7529411764705882,0.7692307692307693,0.6808510638297872,0.6557377049180327,0.7043394406943104,0.8289689034369886
311,20,36,14,3,0.7671232876712328,0.7947826086956522,0.72,0.8695652173913043,0.8089887640449438,0.8695652173913043,0.72,0.7017543859649122,0.755371575004928,0.922608695652174
312,16,38,12,7,0.7397260273972602,0.7278260869565217,0.76,0.6956521739130435,0.8,0.6956521739130435,0.76,0.6274509803921569,0.7137254901960784,0.8339130434782609
313,19,33,12,9,0.7123287671232876,0.7059523809523809,0.7333333333333333,0.6785714285714286,0.7586206896551724,0.6785714285714286,0.7333333333333333,0.6440677966101694,0.7013442431326709,0.8015873015873016
314,18,40,11,4,0.7945205479452054,0.8012477718360071,0.7843137254901961,0.8181818181818182,0.8421052631578947,0.8181818181818182,0.7843137254901961,0.7058823529411765,0.7739938080495357,0.857397504456328
315,19,39,5,10,0.7945205479452054,0.77076802507837,0.8863636363636364,0.6551724137931034,0.8387096774193549,0.6551724137931034,0.8863636363636364,0.7169811320754716,0.7778454047474133,0.8691222570532916
316,20,41,8,4,0.8356164383561644,0.8350340136054422,0.8367346938775511,0.8333333333333334,0.8723404255319149,0.8333333333333334,0.8367346938775511,0.7692307692307693,0.820785597381342,0.9404761904761905
317,12,42,13,6,0.7397260273972602,0.7151515151515151,0.7636363636363637,0.6666666666666666,0.8155339805825242,0.6666666666666666,0.7636363636363637,0.5581395348837209,0.6868367577331226,0.8111111111111111
318,17,36,13,7,0.726027397260274,0.7215136054421769,0.7346938775510204,0.7083333333333334,0.782608695652174,0.7083333333333334,0.7346938775510204,0.6296296296296297,0.7061191626409018,0.8418367346938775
319,18,29,19,7,0.6438356164383562,0.6620833333333334,0.6041666666666666,0.72,0.6904761904761905,0.72,0.6041666666666666,0.5806451612903226,0.6355606758832566,0.7808333333333334
320,17,35,18,3,0.7123287671232876,0.755188679245283,0.660377358490566,0.85,0.7692307692307693,0.85,0.660377358490566,0.6181818181818182,0.6937062937062937,0.9264150943396227
321,25,31,12,5,0.7671232876712328,0.7771317829457365,0.7209302325581395,0.8333333333333334,0.7848101265822784,0.8333333333333334,0.7209302325581395,0.746268656716418,0.7655393916493483,0.9085271317829459
322,12,38,10,13,0.684931506849315,0.6358333333333333,0.7916666666666666,0.48,0.7676767676767676,0.48,0.7916666666666666,0.5106382978723404,0.639157532774554,0.7216666666666667
323,19,38,10,6,0.7808219178082192,0.7758333333333334,0.7916666666666666,0.76,0.8260869565217391,0.76,0.7916666666666666,0.7037037037037037,0.7648953301127215,0.8591666666666666
324,21,36,10,6,0.7808219178082192,0.7801932367149759,0.782608695652174,0.7777777777777778,0.8181818181818182,0.7777777777777778,0.782608695652174,0.7241379310344828,0.7711598746081505,0.8687600644122384
325,23,29,16,5,0.7123287671232876,0.732936507936508,0.6444444444444445,0.8214285714285714,0.7341772151898734,0.8214285714285714,0.6444444444444445,0.6865671641791045,0.710372189684489,0.8857142857142857
326,24,26,17,6,0.684931506849315,0.7023255813953488,0.6046511627906976,0.8,0.6933333333333334,0.8,0.6046511627906976,0.676056338028169,0.6846948356807512,0.8434108527131783
327,18,36,9,10,0.7397260273972602,0.7214285714285715,0.8,0.6428571428571429,0.7912087912087912,0.6428571428571429,0.8,0.6545454545454545,0.7228771228771229,0.830952380952381
328,18,30,15,10,0.6575342465753424,0.6547619047619048,0.6666666666666666,0.6428571428571429,0.7058823529411765,0.6428571428571429,0.6666666666666666,0.5901639344262295,0.648023143683703,0.8063492063492064
329,16,45,7,5,0.8356164383561644,0.8136446886446886,0.8653846153846154,0.7619047619047619,0.8823529411764706,0.7619047619047619,0.8653846153846154,0.7272727272727273,0.8048128342245989,0.8901098901098902
330,16,34,12,11,0.684931506849315,0.6658615136876006,0.7391304347826086,0.5925925925925926,0.7472527472527473,0.5925925925925926,0.7391304347826086,0.5818181818181818,0.6645354645354645,0.8091787439613526
331,21,33,10,9,0.7397260273972602,0.7337209302325581,0.7674418604651163,0.7,0.7764705882352941,0.7,0.7674418604651163,0.6885245901639344,0.7324975891996143,0.8705426356589148
332,25,26,15,7,0.6986301369863014,0.7076981707317074,0.6341463414634146,0.78125,0.7027027027027027,0.78125,0.6341463414634146,0.6944444444444444,0.6985735735735736,0.8628048780487805
333,24,40,8,1,0.8767123287671232,0.8966666666666667,0.8333333333333334,0.96,0.898876404494382,0.96,0.8333333333333334,0.8421052631578947,0.8704908338261383,0.9816666666666666
334,17,40,10,6,0.7808219178082192,0.7695652173913043,0.8,0.7391304347826086,0.8333333333333334,0.7391304347826086,0.8,0.68,0.7566666666666667,0.8582608695652173
335,14,40,13,6,0.7397260273972602,0.7273584905660377,0.7547169811320755,0.7,0.8080808080808081,0.7,0.7547169811320755,0.5957446808510638,0.7019127444659359,0.840566037735849
336,21,28,17,7,0.6712328767123288,0.6861111111111111,0.6222222222222222,0.75,0.7,0.75,0.6222222222222222,0.6363636363636364,0.6681818181818182,0.7706349206349207
337,17,33,10,13,0.684931506849315,0.6670542635658915,0.7674418604651163,0.5666666666666667,0.7415730337078652,0.5666666666666667,0.7674418604651163,0.5964912280701754,0.6690321308890204,0.7914728682170543
338,11,41,11,10,0.7123287671232876,0.6561355311355311,0.7884615384615384,0.5238095238095238,0.7961165048543689,0.5238095238095238,0.7884615384615384,0.5116279069767442,0.6538722059155566,0.7866300366300366
339,19,38,9,7,0.7808219178082192,0.7696399345335515,0.8085106382978723,0.7307692307692307,0.8260869565217391,0.7307692307692307,0.8085106382978723,0.7037037037037037,0.7648953301127215,0.8707037643207856
340,14,40,12,7,0.7397260273972602,0.717948717948718,0.7692307692307693,0.6666666666666666,0.8080808080808081,0.6666666666666666,0.7692307692307693,0.5957446808510638,0.7019127444659359,0.8076923076923076
341,15,38,14,6,0.726027397260274,0.7225274725274725,0.7307692307692307,0.7142857142857143,0.7916666666666666,0.7142857142857143,0.7307692307692307,0.6,0.6958333333333333,0.8104395604395603
342,13,35,17,8,0.6575342465753424,0.6460622710622711,0.6730769230769231,0.6190476190476191,0.7368421052631579,0.6190476190476191,0.6730769230769231,0.5098039215686274,0.6233230134158927,0.7902930402930403
343,13,33,19,8,0.6301369863013698,0.6268315018315018,0.6346153846153846,0.6190476190476191,0.7096774193548387,0.6190476190476191,0.6346153846153846,0.49056603773584906,0.600121728545344,0.7847985347985348
344,16,32,17,8,0.6575342465753424,0.6598639455782312,0.6530612244897959,0.6666666666666666,0.7191011235955056,0.6666666666666666,0.6530612244897959,0.5614035087719298,0.6402523161837177,0.8069727891156463
345,20,35,13,5,0.7534246575342466,0.7645833333333334,0.7291666666666666,0.8,0.7954545454545454,0.8,0.7291666666666666,0.6896551724137931,0.7425548589341693,0.8674999999999999
346,25,29,10,9,0.7397260273972602,0.7394419306184012,0.7435897435897436,0.7352941176470589,0.7532467532467533,0.7352941176470589,0.7435897435897436,0.7246376811594203,0.7389422172030868,0.8408748114630467
347,16,43,8,6,0.8082191780821918,0.785204991087344,0.8431372549019608,0.7272727272727273,0.86,0.7272727272727273,0.8431372549019608,0.6956521739130435,0.7778260869565217,0.8609625668449198
348,12,49,7,5,0.8356164383561644,0.7904411764705883,0.875,0.7058823529411765,0.8909090909090909,0.7058823529411765,0.875,0.6666666666666666,0.7787878787878788,0.8214285714285714
349,25,28,14,6,0.726027397260274,0.7365591397849462,0.6666666666666666,0.8064516129032258,0.7368421052631579,0.8064516129032258,0.6666666666666666,0.7142857142857143,0.7255639097744361,0.8525345622119815
350,27,34,7,5,0.8356164383561644,0.8365091463414633,0.8292682926829268,0.84375,0.85,0.84375,0.8292682926829268,0.8181818181818182,0.8340909090909091,0.9374999999999999
351,21,34,11,7,0.7534246575342466,0.7527777777777778,0.7555555555555555,0.75,0.7906976744186046,0.75,0.7555555555555555,0.7,0.7453488372093022,0.8595238095238096
352,20,37,10,6,0.7808219178082192,0.7782324058919804,0.7872340425531915,0.7692307692307693,0.8222222222222222,0.7692307692307693,0.7872340425531915,0.7142857142857143,0.7682539682539682,0.8543371522094927
353,19,39,10,5,0.7945205479452054,0.7937925170068028,0.7959183673469388,0.7916666666666666,0.8387096774193549,0.7916666666666666,0.7959183673469388,0.7169811320754716,0.7778454047474133,0.9090136054421769
354,14,42,8,9,0.7671232876712328,0.7243478260869565,0.84,0.6086956521739131,0.8316831683168316,0.6086956521739131,0.84,0.6222222222222222,0.7269526952695269,0.8269565217391305
355,22,33,8,10,0.7534246575342466,0.7461890243902439,0.8048780487804879,0.6875,0.7857142857142857,0.6875,0.8048780487804879,0.7096774193548387,0.7476958525345623,0.8536585365853657
356,17,36,13,7,0.726027397260274,0.7215136054421769,0.7346938775510204,0.7083333333333334,0.782608695652174,0.7083333333333334,0.7346938775510204,0.6296296296296297,0.7061191626409018,0.8486394557823129
357,20,34,8,11,0.7397260273972602,0.7273425499231951,0.8095238095238095,0.6451612903225806,0.7816091954022989,0.6451612903225806,0.8095238095238095,0.6779661016949152,0.729787648548607,0.8087557603686636
358,19,34,11,9,0.726027397260274,0.7170634920634921,0.7555555555555555,0.6785714285714286,0.7727272727272727,0.6785714285714286,0.7555555555555555,0.6551724137931034,0.7139498432601881,0.8119047619047619
359,19,31,14,9,0.684931506849315,0.6837301587301587,0.6888888888888889,0.6785714285714286,0.7294117647058823,0.6785714285714286,0.6888888888888889,0.6229508196721312,0.6761812921890067,0.7984126984126985
360,19,37,9,8,0.7671232876712328,0.7540257648953301,0.8043478260869565,0.7037037037037037,0.8131868131868132,0.7037037037037037,0.8043478260869565,0.6909090909090909,0.752047952047952,0.821256038647343
361,16,41,11,5,0.7808219178082192,0.7751831501831501,0.7884615384615384,0.7619047619047619,0.8367346938775511,0.7619047619047619,0.7884615384615384,0.6666666666666666,0.7517006802721089,0.8818681318681318
362,13,39,14,7,0.7123287671232876,0.6929245283018868,0.7358490566037735,0.65,0.7878787878787878,0.65,0.7358490566037735,0.5531914893617021,0.6705351386202449,0.8283018867924529
363,23,32,10,8,0.7534246575342466,0.7519201228878648,0.7619047619047619,0.7419354838709677,0.7804878048780488,0.7419354838709677,0.7619047619047619,0.71875,0.7496189024390244,0.8486943164362519
364,13,38,11,11,0.6986301369863014,0.6585884353741496,0.7755102040816326,0.5416666666666666,0.7755102040816326,0.5416666666666666,0.7755102040816326,0.5416666666666666,0.6585884353741496,0.7678571428571428
365,20,33,13,7,0.726027397260274,0.7290660225442833,0.717391304347826,0.7407407407407407,0.7674418604651163,0.7407407407407407,0.717391304347826,0.6666666666666666,0.7170542635658914,0.8550724637681159
366,18,38,10,7,0.7671232876712328,0.7558333333333334,0.7916666666666666,0.72,0.8172043010752689,0.72,0.7916666666666666,0.6792452830188679,0.7482247920470684,0.875
367,16,44,8,5,0.821917808219178,0.8040293040293041,0.8461538461538461,0.7619047619047619,0.8712871287128713,0.7619047619047619,0.8461538461538461,0.7111111111111111,0.7911991199119912,0.8910256410256411
368,24,26,14,9,0.684931506849315,0.6886363636363637,0.65,0.7272727272727273,0.6933333333333334,0.7272727272727273,0.65,0.676056338028169,0.6846948356807512,0.8583333333333334
369,16,33,14,10,0.6712328767123288,0.6587561374795418,0.7021276595744681,0.6153846153846154,0.7333333333333333,0.6153846153846154,0.7021276595744681,0.5714285714285714,0.6523809523809523,0.7651391162029461
370,21,42,7,3,0.863013698630137,0.8660714285714286,0.8571428571428571,0.875,0.8936170212765957,0.875,0.8571428571428571,0.8076923076923077,0.8506546644844517,0.9268707482993197
371,18,38,11,6,0.7671232876712328,0.7627551020408163,0.7755102040816326,0.75,0.8172043010752689,0.75,0.7755102040816326,0.6792452830188679,0.7482247920470684,0.8392857142857142
372,22,37,8,6,0.8082191780821918,0.803968253968254,0.8222222222222222,0.7857142857142857,0.8409090909090909,0.7857142857142857,0.8222222222222222,0.7586206896551724,0.7997648902821317,0.8730158730158731
373,23,32,13,5,0.7534246575342466,0.7662698412698412,0.7111111111111111,0.8214285714285714,0.7804878048780488,0.8214285714285714,0.7111111111111111,0.71875,0.7496189024390244,0.8849206349206349
374,16,33,13,11,0.6712328767123288,0.6549919484702094,0.717391304347826,0.5925925925925926,0.7333333333333333,0.5925925925925926,0.717391304347826,0.5714285714285714,0.6523809523809523,0.7705314009661836
375,25,32,7,9,0.7808219178082192,0.7779034690799397,0.8205128205128205,0.7352941176470589,0.8,0.7352941176470589,0.8205128205128205,0.7575757575757576,0.7787878787878788,0.8778280542986425
376,19,44,6,4,0.863013698630137,0.8530434782608696,0.88,0.8260869565217391,0.8979591836734694,0.8260869565217391,0.88,0.7916666666666666,0.844812925170068,0.9347826086956522
377,23,36,8,6,0.8082191780821918,0.8056426332288402,0.8181818181818182,0.7931034482758621,0.8372093023255814,0.7931034482758621,0.8181818181818182,0.7666666666666667,0.8019379844961241,0.8871473354231976
378,26,31,10,6,0.7808219178082192,0.7842987804878049,0.7560975609756098,0.8125,0.7948717948717948,0.8125,0.7560975609756098,0.7647058823529411,0.7797888386123679,0.90625
379,26,29,12,6,0.7534246575342466,0.7599085365853658,0.7073170731707317,0.8125,0.7631578947368421,0.8125,0.7073170731707317,0.7428571428571429,0.7530075187969925,0.9009146341463414
380,10,43,12,8,0.726027397260274,0.6686868686868688,0.7818181818181819,0.5555555555555556,0.8113207547169812,0.5555555555555556,0.7818181818181819,0.5,0.6556603773584906,0.7323232323232324
381,15,41,9,8,0.7671232876712328,0.7360869565217392,0.82,0.6521739130434783,0.8282828282828283,0.6521739130434783,0.82,0.6382978723404256,0.7332903503116269,0.8756521739130435
382,19,37,13,4,0.7671232876712328,0.7830434782608695,0.74,0.8260869565217391,0.8131868131868132,0.8260869565217391,0.74,0.6909090909090909,0.752047952047952,0.8660869565217391
383,21,33,14,5,0.7397260273972602,0.7549099836333879,0.7021276595744681,0.8076923076923077,0.7764705882352941,0.8076923076923077,0.7021276595744681,0.6885245901639344,0.7324975891996143,0.8870703764320785
384,16,43,10,4,0.8082191780821918,0.8056603773584906,0.8113207547169812,0.8,0.86,0.8,0.8113207547169812,0.6956521739130435,0.7778260869565217,0.9226415094339623
385,16,40,12,5,0.7671232876712328,0.7655677655677655,0.7692307692307693,0.7619047619047619,0.8247422680412371,0.7619047619047619,0.7692307692307693,0.6530612244897959,0.7389017462655165,0.8901098901098901
386,21,38,8,6,0.8082191780821918,0.8019323671497585,0.8260869565217391,0.7777777777777778,0.8444444444444444,0.7777777777777778,0.8260869565217391,0.75,0.7972222222222223,0.8856682769726247
387,21,32,16,4,0.726027397260274,0.7533333333333333,0.6666666666666666,0.84,0.7619047619047619,0.84,0.6666666666666666,0.6774193548387096,0.7196620583717357,0.8716666666666667
388,21,30,14,8,0.6986301369863014,0.7029780564263323,0.6818181818181818,0.7241379310344828,0.7317073170731707,0.7241379310344828,0.6818181818181818,0.65625,0.6939786585365854,0.859717868338558
389,13,38,14,8,0.6986301369863014,0.674908424908425,0.7307692307692307,0.6190476190476191,0.7755102040816326,0.6190476190476191,0.7307692307692307,0.5416666666666666,0.6585884353741496,0.826923076923077
390,13,37,13,10,0.684931506849315,0.6526086956521739,0.74,0.5652173913043478,0.7628865979381443,0.5652173913043478,0.74,0.5306122448979592,0.6467494214180518,0.797391304347826
391,17,39,9,8,0.7671232876712328,0.7462500000000001,0.8125,0.68,0.8210526315789474,0.68,0.8125,0.6666666666666666,0.743859649122807,0.8349999999999999
392,19,42,6,6,0.8356164383561644,0.8175,0.875,0.76,0.875,0.76,0.875,0.76,0.8175,0.8558333333333333
393,23,33,12,5,0.7671232876712328,0.7773809523809523,0.7333333333333333,0.8214285714285714,0.7951807228915663,0.8214285714285714,0.7333333333333333,0.7301587301587301,0.7626697265251482,0.8722222222222222
394,17,40,12,4,0.7808219178082192,0.7893772893772895,0.7692307692307693,0.8095238095238095,0.8333333333333334,0.8095238095238095,0.7692307692307693,0.68,0.7566666666666667,0.8855311355311355
395,15,33,14,11,0.6575342465753424,0.6395253682487725,0.7021276595744681,0.5769230769230769,0.7252747252747253,0.5769230769230769,0.7021276595744681,0.5454545454545454,0.6353646353646354,0.7725040916530279
396,17,39,11,6,0.7671232876712328,0.7595652173913043,0.78,0.7391304347826086,0.8210526315789474,0.7391304347826086,0.78,0.6666666666666666,0.743859649122807,0.877391304347826
397,12,40,15,6,0.7123287671232876,0.696969696969697,0.7272727272727273,0.6666666666666666,0.7920792079207921,0.6666666666666666,0.7272727272727273,0.5333333333333333,0.6627062706270628,0.8282828282828282
398,18,35,11,9,0.726027397260274,0.713768115942029,0.7608695652173914,0.6666666666666666,0.7777777777777778,0.6666666666666666,0.7608695652173914,0.6428571428571429,0.7103174603174603,0.8421900161030597
399,19,38,8,8,0.7808219178082192,0.7648953301127215,0.8260869565217391,0.7037037037037037,0.8260869565217391,0.7037037037037037,0.8260869565217391,0.7037037037037037,0.7648953301127215,0.8333333333333333
400,12,37,14,10,0.6712328767123288,0.6354723707664884,0.7254901960784313,0.5454545454545454,0.7551020408163265,0.5454545454545454,0.7254901960784313,0.5,0.6275510204081632,0.7183600713012477
401,16,37,10,10,0.726027397260274,0.7013093289689034,0.7872340425531915,0.6153846153846154,0.7872340425531915,0.6153846153846154,0.7872340425531915,0.6153846153846154,0.7013093289689034,0.7798690671031098
402,22,35,8,8,0.7808219178082192,0.7736434108527132,0.813953488372093,0.7333333333333333,0.813953488372093,0.7333333333333333,0.813953488372093,0.7333333333333333,0.7736434108527132,0.8806201550387597
403,19,38,7,9,0.7808219178082192,0.7615079365079365,0.8444444444444444,0.6785714285714286,0.8260869565217391,0.6785714285714286,0.8444444444444444,0.7037037037037037,0.7648953301127215,0.8261904761904761
404,28,23,18,4,0.6986301369863014,0.7179878048780488,0.5609756097560976,0.875,0.6764705882352942,0.875,0.5609756097560976,0.717948717948718,0.697209653092006,0.9039634146341463
405,18,33,14,8,0.6986301369863014,0.6972176759410802,0.7021276595744681,0.6923076923076923,0.75,0.6923076923076923,0.7021276595744681,0.6206896551724138,0.6853448275862069,0.8641571194762685
406,16,45,6,6,0.8356164383561644,0.8048128342245989,0.8823529411764706,0.7272727272727273,0.8823529411764706,0.7272727272727273,0.8823529411764706,0.7272727272727273,0.8048128342245989,0.8894830659536542
407,20,37,8,8,0.7808219178082192,0.7682539682539682,0.8222222222222222,0.7142857142857143,0.8222222222222222,0.7142857142857143,0.8222222222222222,0.7142857142857143,0.7682539682539682,0.8761904761904762
408,18,32,14,9,0.684931506849315,0.681159420289855,0.6956521739130435,0.6666666666666666,0.735632183908046,0.6666666666666666,0.6956521739130435,0.6101694915254238,0.6729008377167349,0.753623188405797
409,16,40,10,7,0.7671232876712328,0.7478260869565218,0.8,0.6956521739130435,0.8247422680412371,0.6956521739130435,0.8,0.6530612244897959,0.7389017462655165,0.7991304347826087
410,22,33,12,6,0.7534246575342466,0.7595238095238095,0.7333333333333333,0.7857142857142857,0.7857142857142857,0.7857142857142857,0.7333333333333333,0.7096774193548387,0.7476958525345623,0.8706349206349207
411,18,37,10,8,0.7534246575342466,0.739770867430442,0.7872340425531915,0.6923076923076923,0.8043478260869565,0.6923076923076923,0.7872340425531915,0.6666666666666666,0.7355072463768115,0.8649754500818331
412,17,41,9,6,0.7945205479452054,0.7795652173913044,0.82,0.7391304347826086,0.845360824742268,0.7391304347826086,0.82,0.6938775510204082,0.7696191878813381,0.8834782608695653
413,21,35,11,6,0.7671232876712328,0.7693236714975846,0.7608695652173914,0.7777777777777778,0.8045977011494253,0.7777777777777778,0.7608695652173914,0.711864406779661,0.7582310539645432,0.8840579710144928
414,20,33,11,9,0.726027397260274,0.7198275862068966,0.75,0.6896551724137931,0.7674418604651163,0.6896551724137931,0.75,0.6666666666666666,0.7170542635658914,0.8448275862068966
415,17,39,12,5,0.7671232876712328,0.7687165775401069,0.7647058823529411,0.7727272727272727,0.8210526315789474,0.7727272727272727,0.7647058823529411,0.6666666666666666,0.743859649122807,0.8663101604278075
416,16,40,15,2,0.7671232876712328,0.8080808080808081,0.7272727272727273,0.8888888888888888,0.8247422680412371,0.8888888888888888,0.7272727272727273,0.6530612244897959,0.7389017462655165,0.9232323232323232
417,13,42,15,3,0.7534246575342466,0.774671052631579,0.7368421052631579,0.8125,0.8235294117647058,0.8125,0.7368421052631579,0.5909090909090909,0.7072192513368984,0.8859649122807017
418,28,30,8,7,0.7945205479452054,0.7947368421052632,0.7894736842105263,0.8,0.8,0.8,0.7894736842105263,0.7887323943661971,0.7943661971830986,0.8857142857142857
419,18,36,15,4,0.7397260273972602,0.7620320855614974,0.7058823529411765,0.8181818181818182,0.7912087912087912,0.8181818181818182,0.7058823529411765,0.6545454545454545,0.7228771228771229,0.8778966131907309
420,23,32,12,6,0.7534246575342466,0.7601880877742947,0.7272727272727273,0.7931034482758621,0.7804878048780488,0.7931034482758621,0.7272727272727273,0.71875,0.7496189024390244,0.8706896551724138
421,23,32,9,9,0.7534246575342466,0.7496189024390244,0.7804878048780488,0.71875,0.7804878048780488,0.71875,0.7804878048780488,0.71875,0.7496189024390244,0.8605182926829269
422,19,39,8,7,0.7945205479452054,0.7802782324058919,0.8297872340425532,0.7307692307692307,0.8387096774193549,0.7307692307692307,0.8297872340425532,0.7169811320754716,0.7778454047474133,0.853518821603928
423,20,31,17,5,0.6986301369863014,0.7229166666666667,0.6458333333333334,0.8,0.7380952380952381,0.8,0.6458333333333334,0.6451612903225806,0.6916282642089093,0.8808333333333334
424,21,26,14,12,0.6438356164383562,0.6431818181818182,0.65,0.6363636363636364,0.6666666666666666,0.6363636363636364,0.65,0.6176470588235294,0.642156862745098,0.7757575757575758
425,18,39,9,7,0.7808219178082192,0.76625,0.8125,0.72,0.8297872340425532,0.72,0.8125,0.6923076923076923,0.7610474631751227,0.8475
426,20,40,12,1,0.821917808219178,0.8608058608058609,0.7692307692307693,0.9523809523809523,0.8602150537634409,0.9523809523809523,0.7692307692307693,0.7547169811320755,0.8074660174477581,0.9368131868131868
427,16,42,9,6,0.7945205479452054,0.7754010695187166,0.8235294117647058,0.7272727272727273,0.8484848484848485,0.7272727272727273,0.8235294117647058,0.6808510638297872,0.7646679561573179,0.877005347593583
428,12,34,18,9,0.6301369863013698,0.6126373626373627,0.6538461538461539,0.5714285714285714,0.7157894736842105,0.5714285714285714,0.6538461538461539,0.47058823529411764,0.5931888544891641,0.7765567765567766
429,21,32,12,8,0.726027397260274,0.7257053291536051,0.7272727272727273,0.7241379310344828,0.7619047619047619,0.7241379310344828,0.7272727272727273,0.6774193548387096,0.7196620583717357,0.8605015673981191
430,16,36,16,5,0.7123287671232876,0.7271062271062271,0.6923076923076923,0.7619047619047619,0.7741935483870968,0.7619047619047619,0.6923076923076923,0.6037735849056604,0.6889835666463786,0.891025641025641
431,21,30,12,10,0.6986301369863014,0.695852534562212,0.7142857142857143,0.6774193548387096,0.7317073170731707,0.6774193548387096,0.7142857142857143,0.65625,0.6939786585365854,0.8533026113671275
432,18,34,15,6,0.7123287671232876,0.721938775510204,0.6938775510204082,0.75,0.7640449438202247,0.75,0.6938775510204082,0.631578947368421,0.6978119455943228,0.8086734693877551
433,19,38,8,8,0.7808219178082192,0.7648953301127215,0.8260869565217391,0.7037037037037037,0.8260869565217391,0.7037037037037037,0.8260869565217391,0.7037037037037037,0.7648953301127215,0.8107890499194848
434,20,36,14,3,0.7671232876712328,0.7947826086956522,0.72,0.8695652173913043,0.8089887640449438,0.8695652173913043,0.72,0.7017543859649122,0.755371575004928,0.9304347826086956
435,16,35,15,7,0.6986301369863014,0.6978260869565217,0.7,0.6956521739130435,0.7608695652173914,0.6956521739130435,0.7,0.5925925925925926,0.676731078904992,0.8139130434782608
436,18,35,15,5,0.726027397260274,0.741304347826087,0.7,0.782608695652174,0.7777777777777778,0.782608695652174,0.7,0.6428571428571429,0.7103174603174603,0.8747826086956522
437,17,37,13,6,0.7397260273972602,0.7395652173913043,0.74,0.7391304347826086,0.7956989247311828,0.7391304347826086,0.74,0.6415094339622641,0.7186041793467235,0.8417391304347825
438,19,39,4,11,0.7945205479452054,0.7701550387596898,0.9069767441860465,0.6333333333333333,0.8387096774193549,0.6333333333333333,0.9069767441860465,0.7169811320754716,0.7778454047474133,0.7968992248062016
439,18,37,11,7,0.7534246575342466,0.7454166666666666,0.7708333333333334,0.72,0.8043478260869565,0.72,0.7708333333333334,0.6666666666666666,0.7355072463768115,0.8483333333333334
440,16,32,16,9,0.6575342465753424,0.6533333333333333,0.6666666666666666,0.64,0.7191011235955056,0.64,0.6666666666666666,0.5614035087719298,0.6402523161837177,0.7774999999999999
441,18,34,14,7,0.7123287671232876,0.7141666666666666,0.7083333333333334,0.72,0.7640449438202247,0.72,0.7083333333333334,0.631578947368421,0.6978119455943228,0.8625
442,23,35,11,4,0.7945205479452054,0.8063607085346216,0.7608695652173914,0.8518518518518519,0.8235294117647058,0.8518518518518519,0.7608695652173914,0.7540983606557377,0.7888138862102217,0.9066022544283413
443,18,33,16,6,0.6986301369863014,0.7117346938775511,0.673469387755102,0.75,0.75,0.75,0.673469387755102,0.6206896551724138,0.6853448275862069,0.8477891156462585
444,22,30,9,12,0.7123287671232876,0.7081447963800905,0.7692307692307693,0.6470588235294118,0.7407407407407407,0.6470588235294118,0.7692307692307693,0.676923076923077,0.7088319088319088,0.8257918552036199
445,15,42,11,5,0.7808219178082192,0.7712264150943396,0.7924528301886793,0.75,0.84,0.75,0.7924528301886793,0.6521739130434783,0.7460869565217392,0.9122641509433962
446,26,30,11,6,0.7671232876712328,0.7721036585365854,0.7317073170731707,0.8125,0.7792207792207793,0.8125,0.7317073170731707,0.7536231884057971,0.7664219838132882,0.8826219512195121
447,25,28,11,9,0.726027397260274,0.7266214177978885,0.717948717948718,0.7352941176470589,0.7368421052631579,0.7352941176470589,0.717948717948718,0.7142857142857143,0.7255639097744361,0.8514328808446456
448,14,34,12,13,0.6575342465753424,0.6288244766505635,0.7391304347826086,0.5185185185185185,0.7311827956989247,0.5185185185185185,0.7391304347826086,0.5283018867924528,0.6297423412456888,0.6964573268921095
449,20,33,13,7,0.726027397260274,0.7290660225442833,0.717391304347826,0.7407407407407407,0.7674418604651163,0.7407407407407407,0.717391304347826,0.6666666666666666,0.7170542635658914,0.8413848631239935
450,19,34,11,9,0.726027397260274,0.7170634920634921,0.7555555555555555,0.6785714285714286,0.7727272727272727,0.6785714285714286,0.7555555555555555,0.6551724137931034,0.7139498432601881,0.8166666666666667
451,23,25,18,7,0.6575342465753424,0.674031007751938,0.5813953488372093,0.7666666666666667,0.6666666666666666,0.7666666666666667,0.5813953488372093,0.647887323943662,0.6572769953051643,0.8116279069767443
452,16,28,17,12,0.6027397260273972,0.5968253968253968,0.6222222222222222,0.5714285714285714,0.6588235294117647,0.5714285714285714,0.6222222222222222,0.5245901639344263,0.5917068466730955,0.7087301587301588
453,21,31,12,9,0.7123287671232876,0.7104651162790697,0.7209302325581395,0.7,0.7469879518072289,0.7,0.7209302325581395,0.6666666666666666,0.7068273092369477,0.837984496124031
454,21,29,17,6,0.684931506849315,0.7041062801932367,0.6304347826086957,0.7777777777777778,0.7160493827160493,0.7777777777777778,0.6304347826086957,0.6461538461538462,0.6811016144349478,0.8285024154589371
455,16,38,12,7,0.7397260273972602,0.7278260869565217,0.76,0.6956521739130435,0.8,0.6956521739130435,0.76,0.6274509803921569,0.7137254901960784,0.8408695652173913
456,11,37,14,11,0.6575342465753424,0.6127450980392157,0.7254901960784313,0.5,0.7474747474747475,0.5,0.7254901960784313,0.46808510638297873,0.6077799269288631,0.714795008912656
457,23,33,9,8,0.7671232876712328,0.7638248847926268,0.7857142857142857,0.7419354838709677,0.7951807228915663,0.7419354838709677,0.7857142857142857,0.7301587301587301,0.7626697265251482,0.8287250384024577
458,17,35,11,10,0.7123287671232876,0.6952495974235104,0.7608695652173914,0.6296296296296297,0.7692307692307693,0.6296296296296297,0.7608695652173914,0.6181818181818182,0.6937062937062937,0.8075684380032206
459,21,32,10,10,0.726027397260274,0.7196620583717357,0.7619047619047619,0.6774193548387096,0.7619047619047619,0.6774193548387096,0.7619047619047619,0.6774193548387096,0.7196620583717357,0.8548387096774193
460,20,28,20,5,0.6575342465753424,0.6916666666666667,0.5833333333333334,0.8,0.691358024691358,0.8,0.5833333333333334,0.6153846153846154,0.6533713200379867,0.8716666666666667
461,21,37,6,9,0.7945205479452054,0.7802325581395348,0.8604651162790697,0.7,0.8314606741573034,0.7,0.8604651162790697,0.7368421052631579,0.7841513897102306,0.8713178294573644
462,18,34,13,8,0.7123287671232876,0.7078559738134207,0.723404255319149,0.6923076923076923,0.7640449438202247,0.6923076923076923,0.723404255319149,0.631578947368421,0.6978119455943228,0.8477905073649754
463,15,40,10,8,0.7534246575342466,0.7260869565217392,0.8,0.6521739130434783,0.8163265306122449,0.6521739130434783,0.8,0.625,0.7206632653061225,0.8104347826086956
464,24,29,11,9,0.726027397260274,0.7261363636363636,0.725,0.7272727272727273,0.7435897435897436,0.7272727272727273,0.725,0.7058823529411765,0.7247360482654601,0.8181818181818182
465,22,32,12,7,0.7397260273972602,0.7429467084639498,0.7272727272727273,0.7586206896551724,0.7710843373493976,0.7586206896551724,0.7272727272727273,0.6984126984126984,0.734748517881048,0.8362068965517241
466,19,36,13,5,0.7534246575342466,0.7631802721088435,0.7346938775510204,0.7916666666666666,0.8,0.7916666666666666,0.7346938775510204,0.6785714285714286,0.7392857142857143,0.8656462585034014
467,18,39,12,4,0.7808219178082192,0.7914438502673797,0.7647058823529411,0.8181818181818182,0.8297872340425532,0.8181818181818182,0.7647058823529411,0.6923076923076923,0.7610474631751227,0.9090909090909091
468,19,38,11,5,0.7808219178082192,0.7835884353741496,0.7755102040816326,0.7916666666666666,0.8260869565217391,0.7916666666666666,0.7755102040816326,0.7037037037037037,0.7648953301127215,0.876700680272109
469,26,28,15,4,0.7397260273972602,0.7589147286821706,0.6511627906976745,0.8666666666666667,0.7466666666666667,0.8666666666666667,0.6511627906976745,0.7323943661971831,0.7395305164319249,0.8767441860465116
470,27,36,4,6,0.863013698630137,0.8590909090909091,0.9,0.8181818181818182,0.8780487804878049,0.8181818181818182,0.9,0.84375,0.8608993902439024,0.9159090909090909
471,23,29,11,10,0.7123287671232876,0.7109848484848484,0.725,0.696969696969697,0.7341772151898734,0.696969696969697,0.725,0.6865671641791045,0.710372189684489,0.8636363636363636
472,22,34,8,9,0.7671232876712328,0.7596006144393241,0.8095238095238095,0.7096774193548387,0.8,0.7096774193548387,0.8095238095238095,0.7213114754098361,0.7606557377049181,0.8517665130568357
473,15,38,12,8,0.726027397260274,0.7060869565217391,0.76,0.6521739130434783,0.7916666666666666,0.6521739130434783,0.76,0.6,0.6958333333333333,0.837391304347826
474,18,37,7,11,0.7534246575342466,0.7307993730407524,0.8409090909090909,0.6206896551724138,0.8043478260869565,0.6206896551724138,0.8409090909090909,0.6666666666666666,0.7355072463768115,0.8134796238244515
475,19,36,16,2,0.7534246575342466,0.7985347985347986,0.6923076923076923,0.9047619047619048,0.8,0.9047619047619048,0.6923076923076923,0.6785714285714286,0.7392857142857143,0.9285714285714286
476,24,33,12,4,0.7808219178082192,0.7952380952380952,0.7333333333333333,0.8571428571428571,0.8048780487804879,0.8571428571428571,0.7333333333333333,0.75,0.7774390243902439,0.9198412698412698
477,23,26,12,12,0.6712328767123288,0.6706766917293233,0.6842105263157895,0.6571428571428571,0.6842105263157895,0.6571428571428571,0.6842105263157895,0.6571428571428571,0.6706766917293233,0.8210526315789474
478,19,30,16,8,0.6712328767123288,0.677938808373591,0.6521739130434783,0.7037037037037037,0.7142857142857143,0.7037037037037037,0.6521739130434783,0.6129032258064516,0.663594470046083,0.8518518518518519
479,22,27,17,7,0.6712328767123288,0.686128526645768,0.6136363636363636,0.7586206896551724,0.6923076923076923,0.7586206896551724,0.6136363636363636,0.6470588235294118,0.6696832579185521,0.8565830721003135
480,22,30,14,7,0.7123287671232876,0.7202194357366771,0.6818181818181818,0.7586206896551724,0.7407407407407407,0.7586206896551724,0.6818181818181818,0.676923076923077,0.7088319088319088,0.8730407523510971
481,22,32,14,5,0.7397260273972602,0.7552334943639292,0.6956521739130435,0.8148148148148148,0.7710843373493976,0.8148148148148148,0.6956521739130435,0.6984126984126984,0.734748517881048,0.8993558776167472
482,18,40,9,6,0.7945205479452054,0.7831632653061225,0.8163265306122449,0.75,0.8421052631578947,0.75,0.8163265306122449,0.7058823529411765,0.7739938080495357,0.869047619047619
483,23,37,9,4,0.821917808219178,0.8280998389694042,0.8043478260869565,0.8518518518518519,0.8505747126436781,0.8518518518518519,0.8043478260869565,0.7796610169491526,0.8151178647964153,0.8961352657004831
484,15,39,9,10,0.7397260273972602,0.70625,0.8125,0.6,0.8041237113402062,0.6,0.8125,0.6122448979591837,0.708184304649695,0.83
485,16,31,15,11,0.6438356164383562,0.6332528180354267,0.6739130434782609,0.5925925925925926,0.7045454545454546,0.5925925925925926,0.6739130434782609,0.5517241379310345,0.6281347962382445,0.7286634460547503
486,16,35,19,3,0.6986301369863014,0.7451267056530214,0.6481481481481481,0.8421052631578947,0.7608695652173914,0.8421052631578947,0.6481481481481481,0.5925925925925926,0.676731078904992,0.898635477582846
487,20,33,13,7,0.726027397260274,0.7290660225442833,0.717391304347826,0.7407407407407407,0.7674418604651163,0.7407407407407407,0.717391304347826,0.6666666666666666,0.7170542635658914,0.8534621578099838
488,19,37,8,9,0.7671232876712328,0.7503968253968254,0.8222222222222222,0.6785714285714286,0.8131868131868132,0.6785714285714286,0.8222222222222222,0.6909090909090909,0.752047952047952,0.8206349206349207
489,23,31,11,8,0.7397260273972602,0.7400153609831029,0.7380952380952381,0.7419354838709677,0.7654320987654321,0.7419354838709677,0.7380952380952381,0.7076923076923077,0.7365622032288699,0.8671274961597543
490,24,23,17,9,0.6438356164383562,0.6511363636363636,0.575,0.7272727272727273,0.6388888888888888,0.7272727272727273,0.575,0.6486486486486487,0.6437687687687688,0.8151515151515153
491,20,39,7,7,0.8082191780821918,0.7942834138486312,0.8478260869565217,0.7407407407407407,0.8478260869565217,0.7407407407407407,0.8478260869565217,0.7407407407407407,0.7942834138486312,0.8671497584541062
492,20,34,11,8,0.7397260273972602,0.734920634920635,0.7555555555555555,0.7142857142857143,0.7816091954022989,0.7142857142857143,0.7555555555555555,0.6779661016949152,0.729787648548607,0.8626984126984127
493,13,31,16,13,0.6027397260273972,0.5797872340425532,0.6595744680851063,0.5,0.6813186813186813,0.5,0.6595744680851063,0.4727272727272727,0.577022977022977,0.6882160392798691
494,23,34,13,3,0.7808219178082192,0.8040098199672667,0.723404255319149,0.8846153846153846,0.8095238095238095,0.8846153846153846,0.723404255319149,0.7419354838709677,0.7757296466973886,0.930441898527005
495,18,43,10,2,0.8356164383561644,0.8556603773584905,0.8113207547169812,0.9,0.8775510204081632,0.9,0.8113207547169812,0.75,0.8137755102040816,0.939622641509434
496,21,30,17,5,0.6986301369863014,0.7229950900163666,0.6382978723404256,0.8076923076923077,0.7317073170731707,0.8076923076923077,0.6382978723404256,0.65625,0.6939786585365854,0.8576104746317513
497,17,36,16,4,0.726027397260274,0.7509157509157509,0.6923076923076923,0.8095238095238095,0.782608695652174,0.8095238095238095,0.6923076923076923,0.6296296296296297,0.7061191626409018,0.8681318681318682
498,26,31,8,8,0.7808219178082192,0.7797888386123679,0.7948717948717948,0.7647058823529411,0.7948717948717948,0.7647058823529411,0.7948717948717948,0.7647058823529411,0.7797888386123679,0.8506787330316742
499,14,36,12,11,0.684931506849315,0.655,0.75,0.56,0.7578947368421053,0.56,0.75,0.5490196078431373,0.6534571723426212,0.7766666666666666
500,23,29,10,11,0.7123287671232876,0.7100301659125189,0.7435897435897436,0.6764705882352942,0.7341772151898734,0.6764705882352942,0.7435897435897436,0.6865671641791045,0.710372189684489,0.8710407239819004
501,19,40,8,6,0.8082191780821918,0.7966666666666666,0.8333333333333334,0.76,0.851063829787234,0.76,0.8333333333333334,0.7307692307692307,0.7909165302782324,0.92
502,17,32,13,11,0.6712328767123288,0.6591269841269841,0.7111111111111111,0.6071428571428571,0.7272727272727273,0.6071428571428571,0.7111111111111111,0.5862068965517241,0.6567398119122256,0.8126984126984127
503,11,43,12,7,0.7397260273972602,0.6964646464646465,0.7818181818181819,0.6111111111111112,0.819047619047619,0.6111111111111112,0.7818181818181819,0.5365853658536586,0.6778164924506388,0.793939393939394
504,18,33,14,8,0.6986301369863014,0.6972176759410802,0.7021276595744681,0.6923076923076923,0.75,0.6923076923076923,0.7021276595744681,0.6206896551724138,0.6853448275862069,0.8428805237315875
505,22,33,12,6,0.7534246575342466,0.7595238095238095,0.7333333333333333,0.7857142857142857,0.7857142857142857,0.7857142857142857,0.7333333333333333,0.7096774193548387,0.7476958525345623,0.8650793650793651
506,18,30,15,10,0.6575342465753424,0.6547619047619048,0.6666666666666666,0.6428571428571429,0.7058823529411765,0.6428571428571429,0.6666666666666666,0.5901639344262295,0.648023143683703,0.8174603174603174
507,25,30,14,4,0.7534246575342466,0.7719435736677116,0.6818181818181818,0.8620689655172413,0.7692307692307693,0.8620689655172413,0.6818181818181818,0.7352941176470589,0.752262443438914,0.8973354231974922
508,15,42,12,4,0.7808219178082192,0.7836257309941521,0.7777777777777778,0.7894736842105263,0.84,0.7894736842105263,0.7777777777777778,0.6521739130434783,0.7460869565217392,0.8538011695906433
509,24,36,8,5,0.821917808219178,0.822884012539185,0.8181818181818182,0.8275862068965517,0.8470588235294118,0.8275862068965517,0.8181818181818182,0.7868852459016393,0.8169720347155256,0.9380877742946708
510,19,39,9,6,0.7945205479452054,0.78625,0.8125,0.76,0.8387096774193549,0.76,0.8125,0.7169811320754716,0.7778454047474133,0.8891666666666668
511,18,27,15,13,0.6164383561643836,0.6117511520737328,0.6428571428571429,0.5806451612903226,0.6585365853658537,0.5806451612903226,0.6428571428571429,0.5625,0.6105182926829269,0.7680491551459294
512,19,33,13,8,0.7123287671232876,0.7105475040257649,0.717391304347826,0.7037037037037037,0.7586206896551724,0.7037037037037037,0.717391304347826,0.6440677966101694,0.7013442431326709,0.8727858293075684
513,12,42,10,9,0.7397260273972602,0.6895604395604396,0.8076923076923077,0.5714285714285714,0.8155339805825242,0.5714285714285714,0.8076923076923077,0.5581395348837209,0.6868367577331226,0.7637362637362638
514,28,34,8,3,0.8493150684931506,0.8563748079877112,0.8095238095238095,0.9032258064516129,0.8607594936708861,0.9032258064516129,0.8095238095238095,0.835820895522388,0.848290194596637,0.956989247311828
515,19,38,12,4,0.7808219178082192,0.7930434782608695,0.76,0.8260869565217391,0.8260869565217391,0.8260869565217391,0.76,0.7037037037037037,0.7648953301127215,0.9165217391304348
516,20,30,14,9,0.684931506849315,0.6857366771159874,0.6818181818181818,0.6896551724137931,0.7228915662650602,0.6896551724137931,0.6818181818181818,0.6349206349206349,0.6789061005928476,0.8095611285266457
517,17,32,18,6,0.6712328767123288,0.6895652173913043,0.64,0.7391304347826086,0.7272727272727273,0.7391304347826086,0.64,0.5862068965517241,0.6567398119122256,0.8426086956521739
518,28,31,10,4,0.8082191780821918,0.8155487804878049,0.7560975609756098,0.875,0.8157894736842105,0.875,0.7560975609756098,0.8,0.8078947368421052,0.9260670731707317
519,14,38,12,9,0.7123287671232876,0.6843478260869565,0.76,0.6086956521739131,0.7835051546391752,0.6086956521739131,0.76,0.5714285714285714,0.6774668630338734,0.8104347826086956
520,12,45,9,7,0.7808219178082192,0.7324561403508771,0.8333333333333334,0.631578947368421,0.8490566037735849,0.631578947368421,0.8333333333333334,0.6,0.7245283018867925,0.8518518518518519
521,22,33,15,3,0.7534246575342466,0.78375,0.6875,0.88,0.7857142857142857,0.88,0.6875,0.7096774193548387,0.7476958525345623,0.9208333333333333
522,20,33,11,9,0.726027397260274,0.7198275862068966,0.75,0.6896551724137931,0.7674418604651163,0.6896551724137931,0.75,0.6666666666666666,0.7170542635658914,0.834639498432602
523,14,40,14,5,0.7397260273972602,0.7387914230019492,0.7407407407407407,0.7368421052631579,0.8080808080808081,0.7368421052631579,0.7407407407407407,0.5957446808510638,0.7019127444659359,0.9132553606237817
524,18,36,13,6,0.7397260273972602,0.7423469387755102,0.7346938775510204,0.75,0.7912087912087912,0.75,0.7346938775510204,0.6545454545454545,0.7228771228771229,0.8520408163265306
525,18,39,10,6,0.7808219178082192,0.7729591836734694,0.7959183673469388,0.75,0.8297872340425532,0.75,0.7959183673469388,0.6923076923076923,0.7610474631751227,0.8579931972789115
526,16,42,11,4,0.7945205479452054,0.7962264150943397,0.7924528301886793,0.8,0.8484848484848485,0.8,0.7924528301886793,0.6808510638297872,0.7646679561573179,0.8698113207547169
527,20,29,16,8,0.6712328767123288,0.6793650793650794,0.6444444444444445,0.7142857142857143,0.7073170731707317,0.7142857142857143,0.6444444444444445,0.625,0.6661585365853658,0.8436507936507937
528,17,36,11,9,0.726027397260274,0.7099018003273323,0.7659574468085106,0.6538461538461539,0.782608695652174,0.6538461538461539,0.7659574468085106,0.6296296296296297,0.7061191626409018,0.8166939443535188
529,22,33,12,6,0.7534246575342466,0.7595238095238095,0.7333333333333333,0.7857142857142857,0.7857142857142857,0.7857142857142857,0.7333333333333333,0.7096774193548387,0.7476958525345623,0.8888888888888888
530,24,27,13,9,0.6986301369863014,0.7011363636363637,0.675,0.7272727272727273,0.7105263157894737,0.7272727272727273,0.675,0.6857142857142857,0.6981203007518797,0.8651515151515151
531,16,40,12,5,0.7671232876712328,0.7655677655677655,0.7692307692307693,0.7619047619047619,0.8247422680412371,0.7619047619047619,0.7692307692307693,0.6530612244897959,0.7389017462655165,0.8946886446886447
532,22,35,10,6,0.7808219178082192,0.7817460317460317,0.7777777777777778,0.7857142857142857,0.813953488372093,0.7857142857142857,0.7777777777777778,0.7333333333333333,0.7736434108527132,0.903968253968254
533,15,43,9,6,0.7945205479452054,0.7706043956043955,0.8269230769230769,0.7142857142857143,0.8514851485148515,0.7142857142857143,0.8269230769230769,0.6666666666666666,0.759075907590759,0.88003663003663
534,15,39,13,6,0.7397260273972602,0.7321428571428572,0.75,0.7142857142857143,0.8041237113402062,0.7142857142857143,0.75,0.6122448979591837,0.708184304649695,0.8644688644688644
535,26,31,11,5,0.7808219178082192,0.7884024577572966,0.7380952380952381,0.8387096774193549,0.7948717948717948,0.8387096774193549,0.7380952380952381,0.7647058823529411,0.7797888386123679,0.8940092165898617
536,15,39,12,7,0.7397260273972602,0.7232620320855614,0.7647058823529411,0.6818181818181818,0.8041237113402062,0.6818181818181818,0.7647058823529411,0.6122448979591837,0.708184304649695,0.8351158645276293
537,21,41,6,5,0.8493150684931506,0.8400163666121113,0.8723404255319149,0.8076923076923077,0.8817204301075269,0.8076923076923077,0.8723404255319149,0.7924528301886793,0.837086630148103,0.9075286415711947
538,12,48,9,4,0.821917808219178,0.7960526315789473,0.8421052631578947,0.75,0.8807339449541285,0.75,0.8421052631578947,0.6486486486486487,0.7646912968013886,0.8771929824561403
539,14,36,17,6,0.684931506849315,0.689622641509434,0.6792452830188679,0.7,0.7578947368421053,0.7,0.6792452830188679,0.5490196078431373,0.6534571723426212,0.8301886792452831
540,14,41,12,6,0.7534246575342466,0.7367924528301887,0.7735849056603774,0.7,0.82,0.7,0.7735849056603774,0.6086956521739131,0.7143478260869565,0.8311320754716981
541,14,37,12,10,0.6986301369863014,0.6692176870748299,0.7551020408163265,0.5833333333333334,0.7708333333333334,0.5833333333333334,0.7551020408163265,0.56,0.6654166666666668,0.7329931972789115
542,15,37,13,8,0.7123287671232876,0.6960869565217391,0.74,0.6521739130434783,0.7789473684210526,0.6521739130434783,0.74,0.5882352941176471,0.6835913312693498,0.7730434782608696
543,25,33,7,8,0.7945205479452054,0.7912878787878788,0.825,0.7575757575757576,0.8148148148148148,0.7575757575757576,0.825,0.7692307692307693,0.792022792022792,0.8787878787878789
544,23,27,12,11,0.684931506849315,0.6843891402714932,0.6923076923076923,0.6764705882352942,0.7012987012987013,0.6764705882352942,0.6923076923076923,0.6666666666666666,0.6839826839826839,0.8009049773755655
545,16,39,14,4,0.7534246575342466,0.7679245283018867,0.7358490566037735,0.8,0.8125,0.8,0.7358490566037735,0.64,0.7262500000000001,0.8933962264150943
546,19,35,16,3,0.7397260273972602,0.7749554367201426,0.6862745098039216,0.8636363636363636,0.7865168539325843,0.8636363636363636,0.6862745098039216,0.6666666666666666,0.7265917602996255,0.8983957219251336
547,22,35,13,3,0.7808219178082192,0.8045833333333333,0.7291666666666666,0.88,0.813953488372093,0.88,0.7291666666666666,0.7333333333333333,0.7736434108527132,0.9108333333333334
548,25,34,9,5,0.8082191780821918,0.812015503875969,0.7906976744186046,0.8333333333333334,0.8292682926829268,0.8333333333333334,0.7906976744186046,0.78125,0.8052591463414633,0.9023255813953489
549,21,36,8,8,0.7808219178082192,0.7711598746081505,0.8181818181818182,0.7241379310344828,0.8181818181818182,0.7241379310344828,0.8181818181818182,0.7241379310344828,0.7711598746081505,0.8644200626959248
550,16,38,10,9,0.7397260273972602,0.7158333333333333,0.7916666666666666,0.64,0.8,0.64,0.7916666666666666,0.6274509803921569,0.7137254901960784,0.8574999999999999
551,23,25,16,9,0.6575342465753424,0.6642530487804879,0.6097560975609756,0.71875,0.6666666666666666,0.71875,0.6097560975609756,0.647887323943662,0.6572769953051643,0.7957317073170732
552,21,32,9,11,0.726027397260274,0.7183689024390244,0.7804878048780488,0.65625,0.7619047619047619,0.65625,0.7804878048780488,0.6774193548387096,0.7196620583717357,0.7774390243902439
553,20,39,10,4,0.8082191780821918,0.814625850340136,0.7959183673469388,0.8333333333333334,0.8478260869565217,0.8333333333333334,0.7959183673469388,0.7407407407407407,0.7942834138486312,0.9243197278911565
554,14,38,14,7,0.7123287671232876,0.6987179487179487,0.7307692307692307,0.6666666666666666,0.7835051546391752,0.6666666666666666,0.7307692307692307,0.5714285714285714,0.6774668630338734,0.8003663003663004
555,16,36,15,6,0.7123287671232876,0.7165775401069518,0.7058823529411765,0.7272727272727273,0.7741935483870968,0.7272727272727273,0.7058823529411765,0.6037735849056604,0.6889835666463786,0.8672014260249554
556,26,31,10,6,0.7808219178082192,0.7842987804878049,0.7560975609756098,0.8125,0.7948717948717948,0.8125,0.7560975609756098,0.7647058823529411,0.7797888386123679,0.9039634146341463
557,17,42,9,5,0.8082191780821918,0.7981283422459893,0.8235294117647058,0.7727272727272727,0.8571428571428571,0.7727272727272727,0.8235294117647058,0.7083333333333334,0.7827380952380952,0.8805704099821747
558,23,29,14,7,0.7123287671232876,0.7205426356589147,0.6744186046511628,0.7666666666666667,0.7341772151898734,0.7666666666666667,0.6744186046511628,0.6865671641791045,0.710372189684489,0.8217054263565892
559,17,37,14,5,0.7397260273972602,0.749108734402852,0.7254901960784313,0.7727272727272727,0.7956989247311828,0.7727272727272727,0.7254901960784313,0.6415094339622641,0.7186041793467235,0.8609625668449198
560,20,34,12,7,0.7397260273972602,0.7399355877616747,0.7391304347826086,0.7407407407407407,0.7816091954022989,0.7407407407407407,0.7391304347826086,0.6779661016949152,0.729787648548607,0.892914653784219
561,24,32,8,9,0.7671232876712328,0.7636363636363637,0.8,0.7272727272727273,0.7901234567901234,0.7272727272727273,0.8,0.7384615384615385,0.764292497625831,0.8727272727272728
562,14,39,17,3,0.726027397260274,0.7599789915966386,0.6964285714285714,0.8235294117647058,0.7959183673469388,0.8235294117647058,0.6964285714285714,0.5833333333333334,0.689625850340136,0.8949579831932774
563,22,40,8,3,0.8493150684931506,0.8566666666666667,0.8333333333333334,0.88,0.8791208791208791,0.88,0.8333333333333334,0.8,0.8395604395604396,0.9525
564,17,38,11,7,0.7534246575342466,0.741921768707483,0.7755102040816326,0.7083333333333334,0.8085106382978723,0.7083333333333334,0.7755102040816326,0.6538461538461539,0.7311783960720131,0.8384353741496599
565,13,34,14,12,0.6438356164383562,0.6141666666666667,0.7083333333333334,0.52,0.723404255319149,0.52,0.7083333333333334,0.5,0.6117021276595744,0.7333333333333333
566,25,31,10,7,0.7671232876712328,0.7686737804878049,0.7560975609756098,0.78125,0.7848101265822784,0.78125,0.7560975609756098,0.746268656716418,0.7655393916493483,0.8887195121951219
567,17,35,13,8,0.7123287671232876,0.7045833333333333,0.7291666666666666,0.68,0.7692307692307693,0.68,0.7291666666666666,0.6181818181818182,0.6937062937062937,0.8683333333333333
568,17,40,12,4,0.7808219178082192,0.7893772893772895,0.7692307692307693,0.8095238095238095,0.8333333333333334,0.8095238095238095,0.7692307692307693,0.68,0.7566666666666667,0.8992673992673993
569,24,29,13,7,0.726027397260274,0.7323348694316436,0.6904761904761905,0.7741935483870968,0.7435897435897436,0.7741935483870968,0.6904761904761905,0.7058823529411765,0.7247360482654601,0.8525345622119815
570,22,33,16,2,0.7534246575342466,0.7950680272108843,0.673469387755102,0.9166666666666666,0.7857142857142857,0.9166666666666666,0.673469387755102,0.7096774193548387,0.7476958525345623,0.9209183673469388
571,21,30,13,9,0.6986301369863014,0.6988372093023256,0.6976744186046512,0.7,0.7317073170731707,0.7,0.6976744186046512,0.65625,0.6939786585365854,0.8534883720930233
572,20,28,11,14,0.6575342465753424,0.6530920060331825,0.717948717948718,0.5882352941176471,0.691358024691358,0.5882352941176471,0.717948717948718,0.6153846153846154,0.6533713200379867,0.7707390648567121
573,19,37,6,11,0.7671232876712328,0.7468992248062015,0.8604651162790697,0.6333333333333333,0.8131868131868132,0.6333333333333333,0.8604651162790697,0.6909090909090909,0.752047952047952,0.8124031007751938
574,19,38,10,6,0.7808219178082192,0.7758333333333334,0.7916666666666666,0.76,0.8260869565217391,0.76,0.7916666666666666,0.7037037037037037,0.7648953301127215,0.8866666666666667
575,20,30,17,6,0.684931506849315,0.7037643207855975,0.6382978723404256,0.7692307692307693,0.7228915662650602,0.7692307692307693,0.6382978723404256,0.6349206349206349,0.6789061005928476,0.8477905073649754
576,18,37,7,11,0.7534246575342466,0.7307993730407524,0.8409090909090909,0.6206896551724138,0.8043478260869565,0.6206896551724138,0.8409090909090909,0.6666666666666666,0.7355072463768115,0.8134796238244515
577,22,36,12,3,0.7945205479452054,0.815,0.75,0.88,0.8275862068965517,0.88,0.75,0.7457627118644068,0.7866744593804793,0.9400000000000001
578,23,33,10,7,0.7671232876712328,0.7670542635658915,0.7674418604651163,0.7666666666666667,0.7951807228915663,0.7666666666666667,0.7674418604651163,0.7301587301587301,0.7626697265251482,0.8775193798449613
579,20,38,9,6,0.7945205479452054,0.7888707037643208,0.8085106382978723,0.7692307692307693,0.8351648351648352,0.7692307692307693,0.8085106382978723,0.7272727272727273,0.7812187812187812,0.8289689034369886
580,20,37,12,4,0.7808219178082192,0.7942176870748299,0.7551020408163265,0.8333333333333334,0.8222222222222222,0.8333333333333334,0.7551020408163265,0.7142857142857143,0.7682539682539682,0.925170068027211
581,25,34,9,5,0.8082191780821918,0.812015503875969,0.7906976744186046,0.8333333333333334,0.8292682926829268,0.8333333333333334,0.7906976744186046,0.78125,0.8052591463414633,0.9000000000000001
582,15,40,12,6,0.7534246575342466,0.7417582417582418,0.7692307692307693,0.7142857142857143,0.8163265306122449,0.7142857142857143,0.7692307692307693,0.625,0.7206632653061225,0.8617216117216117
583,19,36,10,8,0.7534246575342466,0.7431561996779388,0.782608695652174,0.7037037037037037,0.8,0.7037037037037037,0.782608695652174,0.6785714285714286,0.7392857142857143,0.8051529790660226
584,15,35,13,10,0.684931506849315,0.6645833333333333,0.7291666666666666,0.6,0.7526881720430108,0.6,0.7291666666666666,0.5660377358490566,0.6593629539460337,0.765
585,23,36,10,4,0.8082191780821918,0.817230273752013,0.782608695652174,0.8518518518518519,0.8372093023255814,0.8518518518518519,0.782608695652174,0.7666666666666667,0.8019379844961241,0.9219001610305959
586,24,36,11,2,0.821917808219178,0.8445171849427169,0.7659574468085106,0.9230769230769231,0.8470588235294118,0.9230769230769231,0.7659574468085106,0.7868852459016393,0.8169720347155256,0.955810147299509
587,22,35,12,4,0.7808219178082192,0.795417348608838,0.7446808510638298,0.8461538461538461,0.813953488372093,0.8461538461538461,0.7446808510638298,0.7333333333333333,0.7736434108527132,0.8985270049099837
588,12,38,11,12,0.684931506849315,0.6377551020408163,0.7755102040816326,0.5,0.7676767676767676,0.5,0.7755102040816326,0.5106382978723404,0.639157532774554,0.8112244897959184
589,21,34,15,3,0.7534246575342466,0.784438775510204,0.6938775510204082,0.875,0.7906976744186046,0.875,0.6938775510204082,0.7,0.7453488372093022,0.935374149659864
590,17,36,12,8,0.726027397260274,0.7150000000000001,0.75,0.68,0.782608695652174,0.68,0.75,0.6296296296296297,0.7061191626409018,0.8208333333333334
591,15,45,10,3,0.821917808219178,0.8257575757575758,0.8181818181818182,0.8333333333333334,0.8737864077669902,0.8333333333333334,0.8181818181818182,0.6976744186046512,0.7857304131858207,0.9484848484848485
592,20,35,8,10,0.7534246575342466,0.7403100775193798,0.813953488372093,0.6666666666666666,0.7954545454545454,0.6666666666666666,0.813953488372093,0.6896551724137931,0.7425548589341693,0.8643410852713178
593,11,41,12,9,0.7123287671232876,0.6617924528301887,0.7735849056603774,0.55,0.7961165048543689,0.55,0.7735849056603774,0.5116279069767442,0.6538722059155566,0.8075471698113208
594,24,37,9,3,0.8356164383561644,0.8466183574879227,0.8043478260869565,0.8888888888888888,0.8604651162790697,0.8888888888888888,0.8043478260869565,0.8,0.8302325581395349,0.9524959742351046
595,22,34,15,2,0.7671232876712328,0.8052721088435374,0.6938775510204082,0.9166666666666666,0.8,0.9166666666666666,0.6938775510204082,0.7213114754098361,0.7606557377049181,0.9421768707482994
596,17,38,12,6,0.7534246575342466,0.7495652173913043,0.76,0.7391304347826086,0.8085106382978723,0.7391304347826086,0.76,0.6538461538461539,0.7311783960720131,0.8643478260869565
597,20,26,19,8,0.6301369863013698,0.646031746031746,0.5777777777777777,0.7142857142857143,0.6582278481012658,0.7142857142857143,0.5777777777777777,0.5970149253731343,0.6276213867372,0.8142857142857143
598,22,34,12,5,0.7671232876712328,0.7769726247987117,0.7391304347826086,0.8148148148148148,0.8,0.8148148148148148,0.7391304347826086,0.7213114754098361,0.7606557377049181,0.8478260869565217
599,15,41,13,4,0.7671232876712328,0.7743664717348928,0.7592592592592593,0.7894736842105263,0.8282828282828283,0.7894736842105263,0.7592592592592593,0.6382978723404256,0.7332903503116269,0.8723196881091617
600,16,35,15,7,0.6986301369863014,0.6978260869565217,0.7,0.6956521739130435,0.7608695652173914,0.6956521739130435,0.7,0.5925925925925926,0.676731078904992,0.8313043478260869
601,22,37,10,4,0.8082191780821918,0.8166939443535188,0.7872340425531915,0.8461538461538461,0.8409090909090909,0.8461538461538461,0.7872340425531915,0.7586206896551724,0.7997648902821317,0.8944353518821604
602,17,37,19,0,0.7397260273972602,0.8303571428571428,0.6607142857142857,1.0,0.7956989247311828,1.0,0.6607142857142857,0.6415094339622641,0.7186041793467235,0.9716386554621849
603,19,38,11,5,0.7808219178082192,0.7835884353741496,0.7755102040816326,0.7916666666666666,0.8260869565217391,0.7916666666666666,0.7755102040816326,0.7037037037037037,0.7648953301127215,0.8741496598639455
604,23,37,8,5,0.821917808219178,0.8218253968253968,0.8222222222222222,0.8214285714285714,0.8505747126436781,0.8214285714285714,0.8222222222222222,0.7796610169491526,0.8151178647964153,0.9198412698412699
605,21,37,10,5,0.7945205479452054,0.7974631751227497,0.7872340425531915,0.8076923076923077,0.8314606741573034,0.8076923076923077,0.7872340425531915,0.7368421052631579,0.7841513897102306,0.9189852700490998
606,24,29,9,11,0.726027397260274,0.724436090225564,0.7631578947368421,0.6857142857142857,0.7435897435897436,0.6857142857142857,0.7631578947368421,0.7058823529411765,0.7247360482654601,0.8218045112781955
607,24,36,12,1,0.821917808219178,0.855,0.75,0.96,0.8470588235294118,0.96,0.75,0.7868852459016393,0.8169720347155256,0.9633333333333333
608,21,36,10,6,0.7808219178082192,0.7801932367149759,0.782608695652174,0.7777777777777778,0.8181818181818182,0.7777777777777778,0.782608695652174,0.7241379310344828,0.7711598746081505,0.8663446054750402
609,19,41,8,5,0.821917808219178,0.8142006802721089,0.8367346938775511,0.7916666666666666,0.8631578947368421,0.7916666666666666,0.8367346938775511,0.7450980392156863,0.8041279669762642,0.9124149659863946
610,12,39,14,8,0.6986301369863014,0.6679245283018868,0.7358490566037735,0.6,0.78,0.6,0.7358490566037735,0.5217391304347826,0.6508695652173913,0.7707547169811321
611,15,33,16,9,0.6575342465753424,0.6492346938775511,0.673469387755102,0.625,0.7252747252747253,0.625,0.673469387755102,0.5454545454545454,0.6353646353646354,0.7636054421768708
612,20,40,10,3,0.821917808219178,0.8347826086956522,0.8,0.8695652173913043,0.8602150537634409,0.8695652173913043,0.8,0.7547169811320755,0.8074660174477581,0.9069565217391303
613,18,33,19,3,0.6986301369863014,0.7458791208791209,0.6346153846153846,0.8571428571428571,0.75,0.8571428571428571,0.6346153846153846,0.6206896551724138,0.6853448275862069,0.8983516483516484
614,14,41,13,5,0.7534246575342466,0.7480506822612085,0.7592592592592593,0.7368421052631579,0.82,0.7368421052631579,0.7592592592592593,0.6086956521739131,0.7143478260869565,0.8333333333333334
615,21,31,15,6,0.7123287671232876,0.7258454106280193,0.6739130434782609,0.7777777777777778,0.7469879518072289,0.7777777777777778,0.6739130434782609,0.6666666666666666,0.7068273092369477,0.8526570048309179
616,18,37,10,8,0.7534246575342466,0.739770867430442,0.7872340425531915,0.6923076923076923,0.8043478260869565,0.6923076923076923,0.7872340425531915,0.6666666666666666,0.7355072463768115,0.8461538461538461
617,17,38,8,10,0.7534246575342466,0.7278582930756844,0.8260869565217391,0.6296296296296297,0.8085106382978723,0.6296296296296297,0.8260869565217391,0.6538461538461539,0.7311783960720131,0.8180354267310789
618,19,39,13,2,0.7945205479452054,0.8273809523809523,0.75,0.9047619047619048,0.8387096774193549,0.9047619047619048,0.75,0.7169811320754716,0.7778454047474133,0.9542124542124542
619,17,34,14,8,0.6986301369863014,0.6941666666666667,0.7083333333333334,0.68,0.7555555555555555,0.68,0.7083333333333334,0.6071428571428571,0.6813492063492064,0.82
620,19,37,12,5,0.7671232876712328,0.7733843537414966,0.7551020408163265,0.7916666666666666,0.8131868131868132,0.7916666666666666,0.7551020408163265,0.6909090909090909,0.752047952047952,0.8741496598639455
621,16,41,9,7,0.7808219178082192,0.7578260869565216,0.82,0.6956521739130435,0.8367346938775511,0.6956521739130435,0.82,0.6666666666666666,0.7517006802721089,0.8739130434782608
622,23,33,11,6,0.7671232876712328,0.771551724137931,0.75,0.7931034482758621,0.7951807228915663,0.7931034482758621,0.75,0.7301587301587301,0.7626697265251482,0.8973354231974922
623,23,27,10,13,0.684931506849315,0.6843093093093093,0.7297297297297297,0.6388888888888888,0.7012987012987013,0.6388888888888888,0.7297297297297297,0.6666666666666666,0.6839826839826839,0.8243243243243242
624,21,38,10,4,0.8082191780821918,0.8158333333333333,0.7916666666666666,0.84,0.8444444444444444,0.84,0.7916666666666666,0.75,0.7972222222222223,0.8825000000000001
625,19,42,7,5,0.8356164383561644,0.8244047619047619,0.8571428571428571,0.7916666666666666,0.875,0.7916666666666666,0.8571428571428571,0.76,0.8175,0.9098639455782312
626,14,38,15,6,0.7123287671232876,0.7084905660377359,0.7169811320754716,0.7,0.7835051546391752,0.7,0.7169811320754716,0.5714285714285714,0.6774668630338734,0.8679245283018868
627,23,32,11,7,0.7534246575342466,0.7554263565891473,0.7441860465116279,0.7666666666666667,0.7804878048780488,0.7666666666666667,0.7441860465116279,0.71875,0.7496189024390244,0.8697674418604652
628,13,39,13,8,0.7123287671232876,0.6845238095238095,0.75,0.6190476190476191,0.7878787878787878,0.6190476190476191,0.75,0.5531914893617021,0.6705351386202449,0.8049450549450549
629,21,34,12,6,0.7534246575342466,0.7584541062801933,0.7391304347826086,0.7777777777777778,0.7906976744186046,0.7777777777777778,0.7391304347826086,0.7,0.7453488372093022,0.8679549114331723
630,24,34,6,9,0.7945205479452054,0.7886363636363636,0.85,0.7272727272727273,0.8192771084337349,0.7272727272727273,0.85,0.7619047619047619,0.7905909351692484,0.8545454545454545
631,27,33,8,5,0.821917808219178,0.8243140243902439,0.8048780487804879,0.84375,0.8354430379746836,0.84375,0.8048780487804879,0.8059701492537313,0.8207065936142075,0.9024390243902439
632,19,34,19,1,0.726027397260274,0.7957547169811321,0.6415094339622641,0.95,0.7727272727272727,0.95,0.6415094339622641,0.6551724137931034,0.7139498432601881,0.9367924528301886
633,23,28,10,12,0.6986301369863014,0.6969924812030075,0.7368421052631579,0.6571428571428571,0.717948717948718,0.6571428571428571,0.7368421052631579,0.6764705882352942,0.697209653092006,0.8218045112781955
634,18,29,21,5,0.6438356164383562,0.681304347826087,0.58,0.782608695652174,0.6904761904761905,0.782608695652174,0.58,0.5806451612903226,0.6355606758832566,0.8321739130434782
635,18,44,7,4,0.8493150684931506,0.840463458110517,0.8627450980392157,0.8181818181818182,0.8888888888888888,0.8181818181818182,0.8627450980392157,0.7659574468085106,0.8274231678486997,0.8877005347593584
636,13,48,9,3,0.8356164383561644,0.8273026315789473,0.8421052631578947,0.8125,0.8888888888888888,0.8125,0.8421052631578947,0.6842105263157895,0.7865497076023391,0.9177631578947368
637,19,39,10,5,0.7945205479452054,0.7937925170068028,0.7959183673469388,0.7916666666666666,0.8387096774193549,0.7916666666666666,0.7959183673469388,0.7169811320754716,0.7778454047474133,0.913265306122449
638,18,33,10,12,0.6986301369863014,0.6837209302325582,0.7674418604651163,0.6,0.75,0.6,0.7674418604651163,0.6206896551724138,0.6853448275862069,0.7348837209302326
639,17,35,12,9,0.7123287671232876,0.6992635024549918,0.7446808510638298,0.6538461538461539,0.7692307692307693,0.6538461538461539,0.7446808510638298,0.6181818181818182,0.6937062937062937,0.7986906710310966
640,18,34,10,11,0.7123287671232876,0.6967084639498433,0.7727272727272727,0.6206896551724138,0.7640449438202247,0.6206896551724138,0.7727272727272727,0.631578947368421,0.6978119455943228,0.7766457680250783
641,20,36,10,7,0.7671232876712328,0.7616747181964574,0.782608695652174,0.7407407407407407,0.8089887640449438,0.7407407407407407,0.782608695652174,0.7017543859649122,0.755371575004928,0.894524959742351
642,16,38,13,6,0.7397260273972602,0.7361853832442068,0.7450980392156863,0.7272727272727273,0.8,0.7272727272727273,0.7450980392156863,0.6274509803921569,0.7137254901960784,0.8529411764705883
643,24,33,12,4,0.7808219178082192,0.7952380952380952,0.7333333333333333,0.8571428571428571,0.8048780487804879,0.8571428571428571,0.7333333333333333,0.75,0.7774390243902439,0.9055555555555554
644,28,31,10,4,0.8082191780821918,0.8155487804878049,0.7560975609756098,0.875,0.8157894736842105,0.875,0.7560975609756098,0.8,0.8078947368421052,0.9382621951219512
645,14,38,13,8,0.7123287671232876,0.6907308377896613,0.7450980392156863,0.6363636363636364,0.7835051546391752,0.6363636363636364,0.7450980392156863,0.5714285714285714,0.6774668630338734,0.7736185383244206
646,25,33,8,7,0.7945205479452054,0.7930640243902439,0.8048780487804879,0.78125,0.8148148148148148,0.78125,0.8048780487804879,0.7692307692307693,0.792022792022792,0.8658536585365854
647,21,30,11,11,0.6986301369863014,0.6939786585365854,0.7317073170731707,0.65625,0.7317073170731707,0.65625,0.7317073170731707,0.65625,0.6939786585365854,0.8353658536585366
648,18,35,14,6,0.726027397260274,0.7321428571428572,0.7142857142857143,0.75,0.7777777777777778,0.75,0.7142857142857143,0.6428571428571429,0.7103174603174603,0.8086734693877552
649,22,33,10,8,0.7534246575342466,0.7503875968992249,0.7674418604651163,0.7333333333333333,0.7857142857142857,0.7333333333333333,0.7674418604651163,0.7096774193548387,0.7476958525345623,0.8651162790697675
650,22,31,11,9,0.726027397260274,0.7238863287250384,0.7380952380952381,0.7096774193548387,0.7560975609756098,0.7096774193548387,0.7380952380952381,0.6875,0.7217987804878049,0.8202764976958525
651,14,32,15,12,0.6301369863013698,0.6096563011456628,0.6808510638297872,0.5384615384615384,0.7032967032967034,0.5384615384615384,0.6808510638297872,0.509090909090909,0.6061938061938061,0.7103109656301145
652,23,37,9,4,0.821917808219178,0.8280998389694042,0.8043478260869565,0.8518518518518519,0.8505747126436781,0.8518518518518519,0.8043478260869565,0.7796610169491526,0.8151178647964153,0.9347826086956522
653,15,40,10,8,0.7534246575342466,0.7260869565217392,0.8,0.6521739130434783,0.8163265306122449,0.6521739130434783,0.8,0.625,0.7206632653061225,0.8530434782608696
654,13,41,12,7,0.7397260273972602,0.7117924528301887,0.7735849056603774,0.65,0.8118811881188119,0.65,0.7735849056603774,0.5777777777777777,0.6948294829482948,0.8028301886792453
655,14,44,12,3,0.7945205479452054,0.8046218487394958,0.7857142857142857,0.8235294117647058,0.8543689320388349,0.8235294117647058,0.7857142857142857,0.6511627906976745,0.7527658613682546,0.9033613445378151
656,20,34,6,13,0.7397260273972602,0.728030303030303,0.85,0.6060606060606061,0.7816091954022989,0.6060606060606061,0.85,0.6779661016949152,0.729787648548607,0.8696969696969697
657,15,46,10,2,0.8356164383561644,0.851890756302521,0.8214285714285714,0.8823529411764706,0.8846153846153846,0.8823529411764706,0.8214285714285714,0.7142857142857143,0.7994505494505495,0.9653361344537815
658,24,32,12,5,0.7671232876712328,0.7774294670846396,0.7272727272727273,0.8275862068965517,0.7901234567901234,0.8275862068965517,0.7272727272727273,0.7384615384615385,0.764292497625831,0.9043887147335423
659,21,35,11,6,0.7671232876712328,0.7693236714975846,0.7608695652173914,0.7777777777777778,0.8045977011494253,0.7777777777777778,0.7608695652173914,0.711864406779661,0.7582310539645432,0.8864734299516908
660,20,28,17,8,0.6575342465753424,0.6682539682539683,0.6222222222222222,0.7142857142857143,0.691358024691358,0.7142857142857143,0.6222222222222222,0.6153846153846154,0.6533713200379867,0.8642857142857143
661,16,36,16,5,0.7123287671232876,0.7271062271062271,0.6923076923076923,0.7619047619047619,0.7741935483870968,0.7619047619047619,0.6923076923076923,0.6037735849056604,0.6889835666463786,0.8663003663003662
662,19,36,10,8,0.7534246575342466,0.7431561996779388,0.782608695652174,0.7037037037037037,0.8,0.7037037037037037,0.782608695652174,0.6785714285714286,0.7392857142857143,0.8792270531400966
663,16,44,9,4,0.821917808219178,0.8150943396226416,0.8301886792452831,0.8,0.8712871287128713,0.8,0.8301886792452831,0.7111111111111111,0.7911991199119912,0.8820754716981132
664,18,35,12,8,0.726027397260274,0.718494271685761,0.7446808510638298,0.6923076923076923,0.7777777777777778,0.6923076923076923,0.7446808510638298,0.6428571428571429,0.7103174603174603,0.8764320785597381
665,15,42,11,5,0.7808219178082192,0.7712264150943396,0.7924528301886793,0.75,0.84,0.75,0.7924528301886793,0.6521739130434783,0.7460869565217392,0.8415094339622642
666,21,32,14,6,0.726027397260274,0.7367149758454106,0.6956521739130435,0.7777777777777778,0.7619047619047619,0.7777777777777778,0.6956521739130435,0.6774193548387096,0.7196620583717357,0.8357487922705313
667,18,37,11,7,0.7534246575342466,0.7454166666666666,0.7708333333333334,0.72,0.8043478260869565,0.72,0.7708333333333334,0.6666666666666666,0.7355072463768115,0.8466666666666667
668,17,40,10,6,0.7808219178082192,0.7695652173913043,0.8,0.7391304347826086,0.8333333333333334,0.7391304347826086,0.8,0.68,0.7566666666666667,0.877391304347826
669,17,39,11,6,0.7671232876712328,0.7595652173913043,0.78,0.7391304347826086,0.8210526315789474,0.7391304347826086,0.78,0.6666666666666666,0.743859649122807,0.8617391304347827
670,18,37,10,8,0.7534246575342466,0.739770867430442,0.7872340425531915,0.6923076923076923,0.8043478260869565,0.6923076923076923,0.7872340425531915,0.6666666666666666,0.7355072463768115,0.8314238952536824
671,19,39,8,7,0.7945205479452054,0.7802782324058919,0.8297872340425532,0.7307692307692307,0.8387096774193549,0.7307692307692307,0.8297872340425532,0.7169811320754716,0.7778454047474133,0.8731587561374796
672,18,34,10,11,0.7123287671232876,0.6967084639498433,0.7727272727272727,0.6206896551724138,0.7640449438202247,0.6206896551724138,0.7727272727272727,0.631578947368421,0.6978119455943228,0.8228840125391849
673,19,36,11,7,0.7534246575342466,0.7483633387888706,0.7659574468085106,0.7307692307692307,0.8,0.7307692307692307,0.7659574468085106,0.6785714285714286,0.7392857142857143,0.8363338788870704
674,19,37,12,5,0.7671232876712328,0.7733843537414966,0.7551020408163265,0.7916666666666666,0.8131868131868132,0.7916666666666666,0.7551020408163265,0.6909090909090909,0.752047952047952,0.8545918367346939
675,21,34,10,8,0.7534246575342466,0.7484326018808778,0.7727272727272727,0.7241379310344828,0.7906976744186046,0.7241379310344828,0.7727272727272727,0.7,0.7453488372093022,0.786833855799373
676,22,34,11,6,0.7671232876712328,0.7706349206349206,0.7555555555555555,0.7857142857142857,0.8,0.7857142857142857,0.7555555555555555,0.7213114754098361,0.7606557377049181,0.8539682539682539
677,17,38,10,8,0.7534246575342466,0.7358333333333333,0.7916666666666666,0.68,0.8085106382978723,0.68,0.7916666666666666,0.6538461538461539,0.7311783960720131,0.85
678,12,35,16,10,0.6438356164383562,0.6158645276292335,0.6862745098039216,0.5454545454545454,0.7291666666666666,0.5454545454545454,0.6862745098039216,0.48,0.6045833333333333,0.7789661319073083
679,23,30,11,9,0.726027397260274,0.7252286585365854,0.7317073170731707,0.71875,0.75,0.71875,0.7317073170731707,0.696969696969697,0.7234848484848485,0.8711890243902438
680,23,31,16,3,0.7397260273972602,0.7720949263502455,0.6595744680851063,0.8846153846153846,0.7654320987654321,0.8846153846153846,0.6595744680851063,0.7076923076923077,0.7365622032288699,0.9255319148936171
681,25,32,10,6,0.7808219178082192,0.7841781874039938,0.7619047619047619,0.8064516129032258,0.8,0.8064516129032258,0.7619047619047619,0.7575757575757576,0.7787878787878788,0.8924731182795699
682,17,40,11,5,0.7808219178082192,0.7785204991087344,0.7843137254901961,0.7727272727272727,0.8333333333333334,0.7727272727272727,0.7843137254901961,0.68,0.7566666666666667,0.9055258467023173
683,16,34,15,8,0.684931506849315,0.6802721088435374,0.6938775510204082,0.6666666666666666,0.7472527472527473,0.6666666666666666,0.6938775510204082,0.5818181818181818,0.6645354645354645,0.782312925170068
684,23,31,8,11,0.7397260273972602,0.7356711915535445,0.7948717948717948,0.6764705882352942,0.7654320987654321,0.6764705882352942,0.7948717948717948,0.7076923076923077,0.7365622032288699,0.8431372549019608
685,16,41,10,6,0.7808219178082192,0.7655971479500892,0.803921568627451,0.7272727272727273,0.8367346938775511,0.7272727272727273,0.803921568627451,0.6666666666666666,0.7517006802721089,0.8547237076648843
686,16,37,15,5,0.726027397260274,0.7367216117216118,0.7115384615384616,0.7619047619047619,0.7872340425531915,0.7619047619047619,0.7115384615384616,0.6153846153846154,0.7013093289689034,0.8617216117216117
687,17,37,10,9,0.7397260273972602,0.7205400981996727,0.7872340425531915,0.6538461538461539,0.7956989247311828,0.6538461538461539,0.7872340425531915,0.6415094339622641,0.7186041793467235,0.8256955810147301
688,24,27,13,9,0.6986301369863014,0.7011363636363637,0.675,0.7272727272727273,0.7105263157894737,0.7272727272727273,0.675,0.6857142857142857,0.6981203007518797,0.8333333333333334
689,25,32,7,9,0.7808219178082192,0.7779034690799397,0.8205128205128205,0.7352941176470589,0.8,0.7352941176470589,0.8205128205128205,0.7575757575757576,0.7787878787878788,0.8891402714932126
690,16,42,8,7,0.7945205479452054,0.7678260869565217,0.84,0.6956521739130435,0.8484848484848485,0.6956521739130435,0.84,0.6808510638297872,0.7646679561573179,0.9278260869565218
691,19,37,12,5,0.7671232876712328,0.7733843537414966,0.7551020408163265,0.7916666666666666,0.8131868131868132,0.7916666666666666,0.7551020408163265,0.6909090909090909,0.752047952047952,0.9022108843537414
692,21,26,22,4,0.6438356164383562,0.6908333333333333,0.5416666666666666,0.84,0.6666666666666666,0.84,0.5416666666666666,0.6176470588235294,0.642156862745098,0.8683333333333334
693,20,38,9,6,0.7945205479452054,0.7888707037643208,0.8085106382978723,0.7692307692307693,0.8351648351648352,0.7692307692307693,0.8085106382978723,0.7272727272727273,0.7812187812187812,0.8567921440261865
694,22,34,7,10,0.7671232876712328,0.7583841463414633,0.8292682926829268,0.6875,0.8,0.6875,0.8292682926829268,0.7213114754098361,0.7606557377049181,0.7980182926829268
695,19,37,7,10,0.7671232876712328,0.7480407523510972,0.8409090909090909,0.6551724137931034,0.8131868131868132,0.6551724137931034,0.8409090909090909,0.6909090909090909,0.752047952047952,0.8683385579937305
696,16,37,10,10,0.726027397260274,0.7013093289689034,0.7872340425531915,0.6153846153846154,0.7872340425531915,0.6153846153846154,0.7872340425531915,0.6153846153846154,0.7013093289689034,0.7692307692307692
697,18,33,16,6,0.6986301369863014,0.7117346938775511,0.673469387755102,0.75,0.75,0.75,0.673469387755102,0.6206896551724138,0.6853448275862069,0.8018707482993197
698,22,33,10,8,0.7534246575342466,0.7503875968992249,0.7674418604651163,0.7333333333333333,0.7857142857142857,0.7333333333333333,0.7674418604651163,0.7096774193548387,0.7476958525345623,0.8379844961240311
699,14,42,8,9,0.7671232876712328,0.7243478260869565,0.84,0.6086956521739131,0.8316831683168316,0.6086956521739131,0.84,0.6222222222222222,0.7269526952695269,0.8156521739130435
700,15,46,5,7,0.8356164383561644,0.7918894830659536,0.9019607843137255,0.6818181818181818,0.8846153846153846,0.6818181818181818,0.9019607843137255,0.7142857142857143,0.7994505494505495,0.8787878787878788
701,19,30,15,9,0.6712328767123288,0.6726190476190477,0.6666666666666666,0.6785714285714286,0.7142857142857143,0.6785714285714286,0.6666666666666666,0.6129032258064516,0.663594470046083,0.7833333333333334
702,22,35,15,1,0.7808219178082192,0.8282608695652174,0.7,0.9565217391304348,0.813953488372093,0.9565217391304348,0.7,0.7333333333333333,0.7736434108527132,0.9739130434782609
703,20,37,11,5,0.7808219178082192,0.7854166666666667,0.7708333333333334,0.8,0.8222222222222222,0.8,0.7708333333333334,0.7142857142857143,0.7682539682539682,0.8941666666666667
704,22,33,13,5,0.7534246575342466,0.7661030595813204,0.717391304347826,0.8148148148148148,0.7857142857142857,0.8148148148148148,0.717391304347826,0.7096774193548387,0.7476958525345623,0.9106280193236715
705,16,42,9,6,0.7945205479452054,0.7754010695187166,0.8235294117647058,0.7272727272727273,0.8484848484848485,0.7272727272727273,0.8235294117647058,0.6808510638297872,0.7646679561573179,0.8966131907308378
706,17,35,10,11,0.7123287671232876,0.6924603174603174,0.7777777777777778,0.6071428571428571,0.7692307692307693,0.6071428571428571,0.7777777777777778,0.6181818181818182,0.6937062937062937,0.7365079365079366
707,21,31,17,4,0.7123287671232876,0.7429166666666667,0.6458333333333334,0.84,0.7469879518072289,0.84,0.6458333333333334,0.6666666666666666,0.7068273092369477,0.9275
708,16,34,12,11,0.684931506849315,0.6658615136876006,0.7391304347826086,0.5925925925925926,0.7472527472527473,0.5925925925925926,0.7391304347826086,0.5818181818181818,0.6645354645354645,0.8188405797101449
709,21,33,14,5,0.7397260273972602,0.7549099836333879,0.7021276595744681,0.8076923076923077,0.7764705882352941,0.8076923076923077,0.7021276595744681,0.6885245901639344,0.7324975891996143,0.881342062193126
710,16,37,9,11,0.726027397260274,0.6984702093397746,0.8043478260869565,0.5925925925925926,0.7872340425531915,0.5925925925925926,0.8043478260869565,0.6153846153846154,0.7013093289689034,0.8397745571658615
711,21,32,11,9,0.726027397260274,0.7220930232558139,0.7441860465116279,0.7,0.7619047619047619,0.7,0.7441860465116279,0.6774193548387096,0.7196620583717357,0.8387596899224806
712,19,29,17,8,0.6575342465753424,0.6670692431561998,0.6304347826086957,0.7037037037037037,0.6987951807228916,0.7037037037037037,0.6304347826086957,0.6031746031746031,0.6509848919487473,0.8470209339774558
713,21,31,14,7,0.7123287671232876,0.7194444444444444,0.6888888888888889,0.75,0.7469879518072289,0.75,0.6888888888888889,0.6666666666666666,0.7068273092369477,0.8198412698412699
714,13,40,11,9,0.726027397260274,0.6876114081996435,0.7843137254901961,0.5909090909090909,0.8,0.5909090909090909,0.7843137254901961,0.5652173913043478,0.682608695652174,0.8181818181818182
715,22,41,8,2,0.863013698630137,0.8767006802721089,0.8367346938775511,0.9166666666666666,0.8913043478260869,0.9166666666666666,0.8367346938775511,0.8148148148148148,0.8530595813204509,0.9617346938775511
716,19,35,10,9,0.7397260273972602,0.7281746031746033,0.7777777777777778,0.6785714285714286,0.7865168539325843,0.6785714285714286,0.7777777777777778,0.6666666666666666,0.7265917602996255,0.8523809523809525
717,22,36,8,7,0.7945205479452054,0.7884012539184952,0.8181818181818182,0.7586206896551724,0.8275862068965517,0.7586206896551724,0.8181818181818182,0.7457627118644068,0.7866744593804793,0.8840125391849529
718,15,40,12,6,0.7534246575342466,0.7417582417582418,0.7692307692307693,0.7142857142857143,0.8163265306122449,0.7142857142857143,0.7692307692307693,0.625,0.7206632653061225,0.8415750915750916
719,15,33,15,10,0.6575342465753424,0.64375,0.6875,0.6,0.7252747252747253,0.6,0.6875,0.5454545454545454,0.6353646353646354,0.7616666666666666
720,11,40,14,8,0.6986301369863014,0.6598440545808967,0.7407407407407407,0.5789473684210527,0.7843137254901961,0.5789473684210527,0.7407407407407407,0.5,0.642156862745098,0.7699805068226121
721,19,32,15,7,0.6986301369863014,0.705810147299509,0.6808510638297872,0.7307692307692307,0.7441860465116279,0.7307692307692307,0.6808510638297872,0.6333333333333333,0.6887596899224806,0.8756137479541736
722,18,44,7,4,0.8493150684931506,0.840463458110517,0.8627450980392157,0.8181818181818182,0.8888888888888888,0.8181818181818182,0.8627450980392157,0.7659574468085106,0.8274231678486997,0.9099821746880571
723,16,41,13,3,0.7808219178082192,0.800682261208577,0.7592592592592593,0.8421052631578947,0.8367346938775511,0.8421052631578947,0.7592592592592593,0.6666666666666666,0.7517006802721089,0.8996101364522417
724,22,34,13,4,0.7671232876712328,0.7847790507364976,0.723404255319149,0.8461538461538461,0.8,0.8461538461538461,0.723404255319149,0.7213114754098361,0.7606557377049181,0.9042553191489362
725,17,38,14,4,0.7534246575342466,0.7701465201465201,0.7307692307692307,0.8095238095238095,0.8085106382978723,0.8095238095238095,0.7307692307692307,0.6538461538461539,0.7311783960720131,0.902014652014652
726,22,33,13,5,0.7534246575342466,0.7661030595813204,0.717391304347826,0.8148148148148148,0.7857142857142857,0.8148148148148148,0.717391304347826,0.7096774193548387,0.7476958525345623,0.8824476650563607
727,21,40,9,3,0.8356164383561644,0.8456632653061225,0.8163265306122449,0.875,0.8695652173913043,0.875,0.8163265306122449,0.7777777777777778,0.8236714975845411,0.9149659863945577
728,18,41,9,5,0.8082191780821918,0.801304347826087,0.82,0.782608695652174,0.8541666666666666,0.782608695652174,0.82,0.72,0.7870833333333334,0.8617391304347827
729,21,35,8,9,0.7671232876712328,0.7569767441860464,0.813953488372093,0.7,0.8045977011494253,0.7,0.813953488372093,0.711864406779661,0.7582310539645432,0.844186046511628
730,20,34,9,10,0.7397260273972602,0.7286821705426356,0.7906976744186046,0.6666666666666666,0.7816091954022989,0.6666666666666666,0.7906976744186046,0.6779661016949152,0.729787648548607,0.9038759689922481
731,19,35,12,7,0.7397260273972602,0.7377250409165302,0.7446808510638298,0.7307692307692307,0.7865168539325843,0.7307692307692307,0.7446808510638298,0.6666666666666666,0.7265917602996255,0.792962356792144
732,15,34,15,9,0.6712328767123288,0.659438775510204,0.6938775510204082,0.625,0.7391304347826086,0.625,0.6938775510204082,0.5555555555555556,0.6473429951690821,0.7721088435374149
733,26,30,11,6,0.7671232876712328,0.7721036585365854,0.7317073170731707,0.8125,0.7792207792207793,0.8125,0.7317073170731707,0.7536231884057971,0.7664219838132882,0.9153963414634146
734,19,33,13,8,0.7123287671232876,0.7105475040257649,0.717391304347826,0.7037037037037037,0.7586206896551724,0.7037037037037037,0.717391304347826,0.6440677966101694,0.7013442431326709,0.8107890499194848
735,18,36,12,7,0.7397260273972602,0.735,0.75,0.72,0.7912087912087912,0.72,0.75,0.6545454545454545,0.7228771228771229,0.8808333333333334
736,12,44,9,8,0.7671232876712328,0.7150943396226415,0.8301886792452831,0.6,0.8380952380952381,0.6,0.8301886792452831,0.5853658536585366,0.7117305458768873,0.8264150943396226
737,17,35,14,7,0.7123287671232876,0.7113095238095238,0.7142857142857143,0.7083333333333334,0.7692307692307693,0.7083333333333334,0.7142857142857143,0.6181818181818182,0.6937062937062937,0.8265306122448981
738,19,37,10,7,0.7671232876712328,0.7590016366612111,0.7872340425531915,0.7307692307692307,0.8131868131868132,0.7307692307692307,0.7872340425531915,0.6909090909090909,0.752047952047952,0.8633387888707038
739,16,34,15,8,0.684931506849315,0.6802721088435374,0.6938775510204082,0.6666666666666666,0.7472527472527473,0.6666666666666666,0.6938775510204082,0.5818181818181818,0.6645354645354645,0.7933673469387755
740,19,35,12,7,0.7397260273972602,0.7377250409165302,0.7446808510638298,0.7307692307692307,0.7865168539325843,0.7307692307692307,0.7446808510638298,0.6666666666666666,0.7265917602996255,0.8093289689034371
741,16,38,12,7,0.7397260273972602,0.7278260869565217,0.76,0.6956521739130435,0.8,0.6956521739130435,0.76,0.6274509803921569,0.7137254901960784,0.8356521739130435
742,19,42,8,4,0.8356164383561644,0.8330434782608696,0.84,0.8260869565217391,0.875,0.8260869565217391,0.84,0.76,0.8175,0.9339130434782609
743,19,33,14,7,0.7123287671232876,0.7164484451718494,0.7021276595744681,0.7307692307692307,0.7586206896551724,0.7307692307692307,0.7021276595744681,0.6440677966101694,0.7013442431326709,0.8134206219312602
744,18,33,16,6,0.6986301369863014,0.7117346938775511,0.673469387755102,0.75,0.75,0.75,0.673469387755102,0.6206896551724138,0.6853448275862069,0.8248299319727892
745,18,30,15,10,0.6575342465753424,0.6547619047619048,0.6666666666666666,0.6428571428571429,0.7058823529411765,0.6428571428571429,0.6666666666666666,0.5901639344262295,0.648023143683703,0.7388888888888889
746,19,35,12,7,0.7397260273972602,0.7377250409165302,0.7446808510638298,0.7307692307692307,0.7865168539325843,0.7307692307692307,0.7446808510638298,0.6666666666666666,0.7265917602996255,0.8436988543371522
747,15,41,13,4,0.7671232876712328,0.7743664717348928,0.7592592592592593,0.7894736842105263,0.8282828282828283,0.7894736842105263,0.7592592592592593,0.6382978723404256,0.7332903503116269,0.8908382066276803
748,16,37,13,7,0.726027397260274,0.7178260869565217,0.74,0.6956521739130435,0.7872340425531915,0.6956521739130435,0.74,0.6153846153846154,0.7013093289689034,0.8530434782608695
749,23,32,10,8,0.7534246575342466,0.7519201228878648,0.7619047619047619,0.7419354838709677,0.7804878048780488,0.7419354838709677,0.7619047619047619,0.71875,0.7496189024390244,0.8632872503840245
750,12,40,13,8,0.7123287671232876,0.6773584905660377,0.7547169811320755,0.6,0.7920792079207921,0.6,0.7547169811320755,0.5333333333333333,0.6627062706270628,0.8226415094339623
751,19,36,15,3,0.7534246575342466,0.7847593582887701,0.7058823529411765,0.8636363636363636,0.8,0.8636363636363636,0.7058823529411765,0.6785714285714286,0.7392857142857143,0.8983957219251337
752,15,45,11,2,0.821917808219178,0.8429621848739496,0.8035714285714286,0.8823529411764706,0.8737864077669902,0.8823529411764706,0.8035714285714286,0.6976744186046512,0.7857304131858207,0.9096638655462185
753,18,34,12,9,0.7123287671232876,0.7028985507246377,0.7391304347826086,0.6666666666666666,0.7640449438202247,0.6666666666666666,0.7391304347826086,0.631578947368421,0.6978119455943228,0.7979066022544283
754,23,32,11,7,0.7534246575342466,0.7554263565891473,0.7441860465116279,0.7666666666666667,0.7804878048780488,0.7666666666666667,0.7441860465116279,0.71875,0.7496189024390244,0.8604651162790697
755,17,41,9,6,0.7945205479452054,0.7795652173913044,0.82,0.7391304347826086,0.845360824742268,0.7391304347826086,0.82,0.6938775510204082,0.7696191878813381,0.8539130434782608
756,23,31,14,5,0.7397260273972602,0.7551587301587301,0.6888888888888889,0.8214285714285714,0.7654320987654321,0.8214285714285714,0.6888888888888889,0.7076923076923077,0.7365622032288699,0.8722222222222222
757,20,39,10,4,0.8082191780821918,0.814625850340136,0.7959183673469388,0.8333333333333334,0.8478260869565217,0.8333333333333334,0.7959183673469388,0.7407407407407407,0.7942834138486312,0.9175170068027212
758,25,36,7,5,0.8356164383561644,0.8352713178294574,0.8372093023255814,0.8333333333333334,0.8571428571428571,0.8333333333333334,0.8372093023255814,0.8064516129032258,0.8317972350230414,0.9333333333333333
759,19,34,13,7,0.726027397260274,0.7270867430441899,0.723404255319149,0.7307692307692307,0.7727272727272727,0.7307692307692307,0.723404255319149,0.6551724137931034,0.7139498432601881,0.8649754500818331
760,16,40,8,9,0.7671232876712328,0.7366666666666667,0.8333333333333334,0.64,0.8247422680412371,0.64,0.8333333333333334,0.6530612244897959,0.7389017462655165,0.8183333333333334
761,17,37,12,7,0.7397260273972602,0.7317176870748299,0.7551020408163265,0.7083333333333334,0.7956989247311828,0.7083333333333334,0.7551020408163265,0.6415094339622641,0.7186041793467235,0.8715986394557823
762,19,34,13,7,0.726027397260274,0.7270867430441899,0.723404255319149,0.7307692307692307,0.7727272727272727,0.7307692307692307,0.723404255319149,0.6551724137931034,0.7139498432601881,0.8608837970540097
763,21,35,9,8,0.7671232876712328,0.759796238244514,0.7954545454545454,0.7241379310344828,0.8045977011494253,0.7241379310344828,0.7954545454545454,0.711864406779661,0.7582310539645432,0.8620689655172413
764,23,33,12,5,0.7671232876712328,0.7773809523809523,0.7333333333333333,0.8214285714285714,0.7951807228915663,0.8214285714285714,0.7333333333333333,0.7301587301587301,0.7626697265251482,0.9047619047619048
765,25,29,15,4,0.7397260273972602,0.7605799373040751,0.6590909090909091,0.8620689655172413,0.7532467532467533,0.8620689655172413,0.6590909090909091,0.7246376811594203,0.7389422172030868,0.90282131661442
766,23,29,11,10,0.7123287671232876,0.7109848484848484,0.725,0.696969696969697,0.7341772151898734,0.696969696969697,0.725,0.6865671641791045,0.710372189684489,0.8318181818181819
767,11,40,13,9,0.6986301369863014,0.6523584905660378,0.7547169811320755,0.55,0.7843137254901961,0.55,0.7547169811320755,0.5,0.642156862745098,0.7886792452830189
768,16,36,14,7,0.7123287671232876,0.7078260869565217,0.72,0.6956521739130435,0.7741935483870968,0.6956521739130435,0.72,0.6037735849056604,0.6889835666463786,0.768695652173913
769,16,38,11,8,0.7397260273972602,0.7210884353741496,0.7755102040816326,0.6666666666666666,0.8,0.6666666666666666,0.7755102040816326,0.6274509803921569,0.7137254901960784,0.8299319727891156
770,16,34,17,6,0.684931506849315,0.696969696969697,0.6666666666666666,0.7272727272727273,0.7472527472527473,0.7272727272727273,0.6666666666666666,0.5818181818181818,0.6645354645354645,0.8529411764705882
771,11,42,14,6,0.726027397260274,0.6985294117647058,0.75,0.6470588235294118,0.8076923076923077,0.6470588235294118,0.75,0.5238095238095238,0.6657509157509158,0.8224789915966387
772,17,35,15,6,0.7123287671232876,0.7195652173913043,0.7,0.7391304347826086,0.7692307692307693,0.7391304347826086,0.7,0.6181818181818182,0.6937062937062937,0.8304347826086956
773,17,38,9,9,0.7534246575342466,0.7311783960720131,0.8085106382978723,0.6538461538461539,0.8085106382978723,0.6538461538461539,0.8085106382978723,0.6538461538461539,0.7311783960720131,0.8109656301145662
774,18,42,12,1,0.821917808219178,0.8625730994152047,0.7777777777777778,0.9473684210526315,0.865979381443299,0.9473684210526315,0.7777777777777778,0.7346938775510204,0.8003366294971597,0.9707602339181286
775,18,35,15,5,0.726027397260274,0.741304347826087,0.7,0.782608695652174,0.7777777777777778,0.782608695652174,0.7,0.6428571428571429,0.7103174603174603,0.8521739130434782
776,19,37,10,7,0.7671232876712328,0.7590016366612111,0.7872340425531915,0.7307692307692307,0.8131868131868132,0.7307692307692307,0.7872340425531915,0.6909090909090909,0.752047952047952,0.8576104746317512
777,23,36,8,6,0.8082191780821918,0.8056426332288402,0.8181818181818182,0.7931034482758621,0.8372093023255814,0.7931034482758621,0.8181818181818182,0.7666666666666667,0.8019379844961241,0.896551724137931
778,21,29,11,12,0.684931506849315,0.6806818181818182,0.725,0.6363636363636364,0.7160493827160493,0.6363636363636364,0.725,0.6461538461538462,0.6811016144349478,0.7363636363636363
779,20,32,16,5,0.7123287671232876,0.7333333333333334,0.6666666666666666,0.8,0.7529411764705882,0.8,0.6666666666666666,0.6557377049180327,0.7043394406943104,0.8975
780,13,39,6,15,0.7123287671232876,0.6654761904761906,0.8666666666666667,0.4642857142857143,0.7878787878787878,0.4642857142857143,0.8666666666666667,0.5531914893617021,0.6705351386202449,0.7873015873015874
781,16,43,8,6,0.8082191780821918,0.785204991087344,0.8431372549019608,0.7272727272727273,0.86,0.7272727272727273,0.8431372549019608,0.6956521739130435,0.7778260869565217,0.82174688057041
782,13,35,17,8,0.6575342465753424,0.6460622710622711,0.6730769230769231,0.6190476190476191,0.7368421052631579,0.6190476190476191,0.6730769230769231,0.5098039215686274,0.6233230134158927,0.7893772893772895
783,22,33,11,7,0.7534246575342466,0.7543103448275862,0.75,0.7586206896551724,0.7857142857142857,0.7586206896551724,0.75,0.7096774193548387,0.7476958525345623,0.877742946708464
784,11,44,10,8,0.7534246575342466,0.6968810916179338,0.8148148148148148,0.5789473684210527,0.8301886792452831,0.5789473684210527,0.8148148148148148,0.55,0.6900943396226416,0.7777777777777778
785,21,32,9,11,0.726027397260274,0.7183689024390244,0.7804878048780488,0.65625,0.7619047619047619,0.65625,0.7804878048780488,0.6774193548387096,0.7196620583717357,0.805640243902439
786,21,37,8,7,0.7945205479452054,0.7861111111111111,0.8222222222222222,0.75,0.8314606741573034,0.75,0.8222222222222222,0.7368421052631579,0.7841513897102306,0.8801587301587301
787,14,40,11,8,0.7397260273972602,0.7103386809269162,0.7843137254901961,0.6363636363636364,0.8080808080808081,0.6363636363636364,0.7843137254901961,0.5957446808510638,0.7019127444659359,0.839572192513369
788,24,33,12,4,0.7808219178082192,0.7952380952380952,0.7333333333333333,0.8571428571428571,0.8048780487804879,0.8571428571428571,0.7333333333333333,0.75,0.7774390243902439,0.9126984126984127
789,16,37,12,8,0.726027397260274,0.7108843537414966,0.7551020408163265,0.6666666666666666,0.7872340425531915,0.6666666666666666,0.7551020408163265,0.6153846153846154,0.7013093289689034,0.7993197278911565
790,19,30,14,10,0.6712328767123288,0.6684952978056427,0.6818181818181818,0.6551724137931034,0.7142857142857143,0.6551724137931034,0.6818181818181818,0.6129032258064516,0.663594470046083,0.7695924764890282
791,21,33,9,10,0.7397260273972602,0.7315668202764977,0.7857142857142857,0.6774193548387096,0.7764705882352941,0.6774193548387096,0.7857142857142857,0.6885245901639344,0.7324975891996143,0.8778801843317973
792,15,37,17,4,0.7123287671232876,0.7373294346978558,0.6851851851851852,0.7894736842105263,0.7789473684210526,0.7894736842105263,0.6851851851851852,0.5882352941176471,0.6835913312693498,0.878167641325536
793,21,38,11,3,0.8082191780821918,0.8252551020408163,0.7755102040816326,0.875,0.8444444444444444,0.875,0.7755102040816326,0.75,0.7972222222222223,0.9030612244897959
794,25,26,9,13,0.6986301369863014,0.7003759398496241,0.7428571428571429,0.6578947368421053,0.7027027027027027,0.6578947368421053,0.7428571428571429,0.6944444444444444,0.6985735735735736,0.8090225563909774
795,19,32,12,10,0.6986301369863014,0.6912225705329154,0.7272727272727273,0.6551724137931034,0.7441860465116279,0.6551724137931034,0.7272727272727273,0.6333333333333333,0.6887596899224806,0.7938871473354232
796,23,30,9,11,0.726027397260274,0.7228506787330318,0.7692307692307693,0.6764705882352942,0.75,0.6764705882352942,0.7692307692307693,0.696969696969697,0.7234848484848485,0.808446455505279
797,23,35,10,5,0.7945205479452054,0.7996031746031746,0.7777777777777778,0.8214285714285714,0.8235294117647058,0.8214285714285714,0.7777777777777778,0.7540983606557377,0.7888138862102217,0.9087301587301587
798,22,33,11,7,0.7534246575342466,0.7543103448275862,0.75,0.7586206896551724,0.7857142857142857,0.7586206896551724,0.75,0.7096774193548387,0.7476958525345623,0.876959247648903
799,21,33,9,10,0.7397260273972602,0.7315668202764977,0.7857142857142857,0.6774193548387096,0.7764705882352941,0.6774193548387096,0.7857142857142857,0.6885245901639344,0.7324975891996143,0.8440860215053763
800,21,32,13,7,0.726027397260274,0.7305555555555556,0.7111111111111111,0.75,0.7619047619047619,0.75,0.7111111111111111,0.6774193548387096,0.7196620583717357,0.834920634920635
801,18,37,13,5,0.7534246575342466,0.761304347826087,0.74,0.782608695652174,0.8043478260869565,0.782608695652174,0.74,0.6666666666666666,0.7355072463768115,0.8965217391304349
802,18,40,10,5,0.7945205479452054,0.791304347826087,0.8,0.782608695652174,0.8421052631578947,0.782608695652174,0.8,0.7058823529411765,0.7739938080495357,0.9069565217391304
803,11,33,20,9,0.6027397260273972,0.5863207547169811,0.6226415094339622,0.55,0.6947368421052632,0.55,0.6226415094339622,0.43137254901960786,0.5630546955624356,0.7292452830188678
804,16,35,13,9,0.6986301369863014,0.6845833333333333,0.7291666666666666,0.64,0.7608695652173914,0.64,0.7291666666666666,0.5925925925925926,0.676731078904992,0.7775000000000001
805,26,30,9,8,0.7671232876712328,0.7669683257918551,0.7692307692307693,0.7647058823529411,0.7792207792207793,0.7647058823529411,0.7692307692307693,0.7536231884057971,0.7664219838132882,0.8159879336349923
806,31,28,7,7,0.8082191780821918,0.8078947368421052,0.8,0.8157894736842105,0.8,0.8157894736842105,0.8,0.8157894736842105,0.8078947368421052,0.9293233082706767
807,15,38,12,8,0.726027397260274,0.7060869565217391,0.76,0.6521739130434783,0.7916666666666666,0.6521739130434783,0.76,0.6,0.6958333333333333,0.8191304347826088
808,16,40,8,9,0.7671232876712328,0.7366666666666667,0.8333333333333334,0.64,0.8247422680412371,0.64,0.8333333333333334,0.6530612244897959,0.7389017462655165,0.8066666666666666
809,16,30,14,13,0.6301369863013698,0.6167711598746082,0.6818181818181818,0.5517241379310345,0.6896551724137931,0.5517241379310345,0.6818181818181818,0.5423728813559322,0.6160140268848626,0.6731974921630094
810,20,33,15,5,0.726027397260274,0.74375,0.6875,0.8,0.7674418604651163,0.8,0.6875,0.6666666666666666,0.7170542635658914,0.8916666666666666
811,28,25,16,4,0.726027397260274,0.7423780487804879,0.6097560975609756,0.875,0.7142857142857143,0.875,0.6097560975609756,0.7368421052631579,0.7255639097744361,0.9085365853658537
812,23,32,13,5,0.7534246575342466,0.7662698412698412,0.7111111111111111,0.8214285714285714,0.7804878048780488,0.8214285714285714,0.7111111111111111,0.71875,0.7496189024390244,0.9174603174603175
813,20,33,8,12,0.726027397260274,0.7149390243902439,0.8048780487804879,0.625,0.7674418604651163,0.625,0.8048780487804879,0.6666666666666666,0.7170542635658914,0.8216463414634146
814,23,26,16,8,0.6712328767123288,0.6804915514592934,0.6190476190476191,0.7419354838709677,0.6842105263157895,0.7419354838709677,0.6190476190476191,0.6571428571428571,0.6706766917293233,0.8018433179723503
815,11,44,11,7,0.7534246575342466,0.7055555555555556,0.8,0.6111111111111112,0.8301886792452831,0.6111111111111112,0.8,0.55,0.6900943396226416,0.8505050505050505
816,20,36,8,9,0.7671232876712328,0.7539184952978057,0.8181818181818182,0.6896551724137931,0.8089887640449438,0.6896551724137931,0.8181818181818182,0.7017543859649122,0.755371575004928,0.8173981191222571
817,22,34,10,7,0.7671232876712328,0.7656739811912225,0.7727272727272727,0.7586206896551724,0.8,0.7586206896551724,0.7727272727272727,0.7213114754098361,0.7606557377049181,0.8683385579937305
818,20,35,13,5,0.7534246575342466,0.7645833333333334,0.7291666666666666,0.8,0.7954545454545454,0.8,0.7291666666666666,0.6896551724137931,0.7425548589341693,0.8858333333333334
819,22,31,11,9,0.726027397260274,0.7238863287250384,0.7380952380952381,0.7096774193548387,0.7560975609756098,0.7096774193548387,0.7380952380952381,0.6875,0.7217987804878049,0.8387096774193549
820,19,36,10,8,0.7534246575342466,0.7431561996779388,0.782608695652174,0.7037037037037037,0.8,0.7037037037037037,0.782608695652174,0.6785714285714286,0.7392857142857143,0.8462157809983897
821,15,39,18,1,0.7397260273972602,0.8108552631578947,0.6842105263157895,0.9375,0.8041237113402062,0.9375,0.6842105263157895,0.6122448979591837,0.708184304649695,0.9583333333333334
822,19,33,15,6,0.7123287671232876,0.72375,0.6875,0.76,0.7586206896551724,0.76,0.6875,0.6440677966101694,0.7013442431326709,0.86
823,17,32,18,6,0.6712328767123288,0.6895652173913043,0.64,0.7391304347826086,0.7272727272727273,0.7391304347826086,0.64,0.5862068965517241,0.6567398119122256,0.837391304347826
824,24,28,14,7,0.7123287671232876,0.7204301075268817,0.6666666666666666,0.7741935483870968,0.7272727272727273,0.7741935483870968,0.6666666666666666,0.6956521739130435,0.7114624505928854,0.8594470046082948
825,15,40,15,3,0.7534246575342466,0.7803030303030303,0.7272727272727273,0.8333333333333334,0.8163265306122449,0.8333333333333334,0.7272727272727273,0.625,0.7206632653061225,0.898989898989899
826,16,38,14,5,0.7397260273972602,0.7463369963369964,0.7307692307692307,0.7619047619047619,0.8,0.7619047619047619,0.7307692307692307,0.6274509803921569,0.7137254901960784,0.8736263736263736
827,13,44,15,1,0.7808219178082192,0.8371670702179177,0.7457627118644068,0.9285714285714286,0.8461538461538461,0.9285714285714286,0.7457627118644068,0.6190476190476191,0.7326007326007327,0.9588377723970944
828,13,39,12,9,0.7123287671232876,0.677807486631016,0.7647058823529411,0.5909090909090909,0.7878787878787878,0.5909090909090909,0.7647058823529411,0.5531914893617021,0.6705351386202449,0.8119429590017826
829,18,31,19,5,0.6712328767123288,0.701304347826087,0.62,0.782608695652174,0.7209302325581395,0.782608695652174,0.62,0.6,0.6604651162790698,0.8660869565217391
830,20,37,7,9,0.7808219178082192,0.765282131661442,0.8409090909090909,0.6896551724137931,0.8222222222222222,0.6896551724137931,0.8409090909090909,0.7142857142857143,0.7682539682539682,0.8612852664576802
831,20,33,12,8,0.726027397260274,0.7238095238095238,0.7333333333333333,0.7142857142857143,0.7674418604651163,0.7142857142857143,0.7333333333333333,0.6666666666666666,0.7170542635658914,0.85
832,23,30,11,9,0.726027397260274,0.7252286585365854,0.7317073170731707,0.71875,0.75,0.71875,0.7317073170731707,0.696969696969697,0.7234848484848485,0.8757621951219512
833,19,34,14,6,0.726027397260274,0.7341666666666666,0.7083333333333334,0.76,0.7727272727272727,0.76,0.7083333333333334,0.6551724137931034,0.7139498432601881,0.8441666666666666
834,22,23,14,14,0.6164383561643836,0.6163663663663663,0.6216216216216216,0.6111111111111112,0.6216216216216216,0.6111111111111112,0.6216216216216216,0.6111111111111112,0.6163663663663663,0.7582582582582582
835,21,35,13,4,0.7671232876712328,0.7845833333333333,0.7291666666666666,0.84,0.8045977011494253,0.84,0.7291666666666666,0.711864406779661,0.7582310539645432,0.9283333333333333
836,18,38,12,5,0.7671232876712328,0.771304347826087,0.76,0.782608695652174,0.8172043010752689,0.782608695652174,0.76,0.6792452830188679,0.7482247920470684,0.8765217391304347
837,21,31,13,8,0.7123287671232876,0.7143416927899686,0.7045454545454546,0.7241379310344828,0.7469879518072289,0.7241379310344828,0.7045454545454546,0.6666666666666666,0.7068273092369477,0.8518808777429467
838,21,37,13,2,0.7945205479452054,0.8265217391304347,0.74,0.9130434782608695,0.8314606741573034,0.9130434782608695,0.74,0.7368421052631579,0.7841513897102306,0.9304347826086956
839,21,32,13,7,0.726027397260274,0.7305555555555556,0.7111111111111111,0.75,0.7619047619047619,0.75,0.7111111111111111,0.6774193548387096,0.7196620583717357,0.842857142857143
840,15,38,13,7,0.726027397260274,0.713458110516934,0.7450980392156863,0.6818181818181818,0.7916666666666666,0.6818181818181818,0.7450980392156863,0.6,0.6958333333333333,0.8404634581105169
841,17,36,13,7,0.726027397260274,0.7215136054421769,0.7346938775510204,0.7083333333333334,0.782608695652174,0.7083333333333334,0.7346938775510204,0.6296296296296297,0.7061191626409018,0.8562925170068026
842,15,41,9,8,0.7671232876712328,0.7360869565217392,0.82,0.6521739130434783,0.8282828282828283,0.6521739130434783,0.82,0.6382978723404256,0.7332903503116269,0.808695652173913
843,22,38,9,4,0.821917808219178,0.8273322422258592,0.8085106382978723,0.8461538461538461,0.8539325842696629,0.8461538461538461,0.8085106382978723,0.7719298245614035,0.8129312044155332,0.900163666121113
844,15,37,17,4,0.7123287671232876,0.7373294346978558,0.6851851851851852,0.7894736842105263,0.7789473684210526,0.7894736842105263,0.6851851851851852,0.5882352941176471,0.6835913312693498,0.8840155945419104
845,15,36,13,9,0.6986301369863014,0.6798469387755102,0.7346938775510204,0.625,0.7659574468085106,0.625,0.7346938775510204,0.5769230769230769,0.6714402618657938,0.7933673469387755
846,18,36,10,9,0.7397260273972602,0.7246376811594203,0.782608695652174,0.6666666666666666,0.7912087912087912,0.6666666666666666,0.782608695652174,0.6545454545454545,0.7228771228771229,0.85829307568438
847,23,38,8,4,0.8356164383561644,0.8389694041867954,0.8260869565217391,0.8518518518518519,0.8636363636363636,0.8518518518518519,0.8260869565217391,0.7931034482758621,0.8283699059561129,0.8808373590982287
848,16,37,13,7,0.726027397260274,0.7178260869565217,0.74,0.6956521739130435,0.7872340425531915,0.6956521739130435,0.74,0.6153846153846154,0.7013093289689034,0.8721739130434782
849,14,36,16,7,0.684931506849315,0.6794871794871795,0.6923076923076923,0.6666666666666666,0.7578947368421053,0.6666666666666666,0.6923076923076923,0.5490196078431373,0.6534571723426212,0.7673992673992674
850,11,45,13,4,0.7671232876712328,0.7545977011494253,0.7758620689655172,0.7333333333333333,0.8411214953271028,0.7333333333333333,0.7758620689655172,0.5641025641025641,0.7026120297148335,0.8517241379310344
851,17,29,18,9,0.6301369863013698,0.6354337152209493,0.6170212765957447,0.6538461538461539,0.6823529411764706,0.6538461538461539,0.6170212765957447,0.5573770491803278,0.6198649951783992,0.7913256955810147
852,17,36,11,9,0.726027397260274,0.7099018003273323,0.7659574468085106,0.6538461538461539,0.782608695652174,0.6538461538461539,0.7659574468085106,0.6296296296296297,0.7061191626409018,0.8346972176759411
853,19,32,13,9,0.6986301369863014,0.6948412698412698,0.7111111111111111,0.6785714285714286,0.7441860465116279,0.6785714285714286,0.7111111111111111,0.6333333333333333,0.6887596899224806,0.7666666666666667
854,17,38,10,8,0.7534246575342466,0.7358333333333333,0.7916666666666666,0.68,0.8085106382978723,0.68,0.7916666666666666,0.6538461538461539,0.7311783960720131,0.86
855,16,37,14,6,0.726027397260274,0.7263814616755793,0.7254901960784313,0.7272727272727273,0.7872340425531915,0.7272727272727273,0.7254901960784313,0.6153846153846154,0.7013093289689034,0.8618538324420678
856,22,39,7,5,0.8356164383561644,0.8313204508856682,0.8478260869565217,0.8148148148148148,0.8666666666666667,0.8148148148148148,0.8478260869565217,0.7857142857142857,0.8261904761904761,0.9001610305958132
857,19,37,11,6,0.7671232876712328,0.7654166666666666,0.7708333333333334,0.76,0.8131868131868132,0.76,0.7708333333333334,0.6909090909090909,0.752047952047952,0.8825
858,13,39,14,7,0.7123287671232876,0.6929245283018868,0.7358490566037735,0.65,0.7878787878787878,0.65,0.7358490566037735,0.5531914893617021,0.6705351386202449,0.819811320754717
859,22,39,10,2,0.8356164383561644,0.8562925170068028,0.7959183673469388,0.9166666666666666,0.8666666666666667,0.9166666666666666,0.7959183673469388,0.7857142857142857,0.8261904761904761,0.9506802721088434
860,21,29,16,7,0.684931506849315,0.6972222222222222,0.6444444444444445,0.75,0.7160493827160493,0.75,0.6444444444444445,0.6461538461538462,0.6811016144349478,0.8246031746031746
861,18,38,10,7,0.7671232876712328,0.7558333333333334,0.7916666666666666,0.72,0.8172043010752689,0.72,0.7916666666666666,0.6792452830188679,0.7482247920470684,0.8441666666666666
862,14,36,12,11,0.684931506849315,0.655,0.75,0.56,0.7578947368421053,0.56,0.75,0.5490196078431373,0.6534571723426212,0.7991666666666667
863,13,42,16,2,0.7534246575342466,0.7954022988505747,0.7241379310344828,0.8666666666666667,0.8235294117647058,0.8666666666666667,0.7241379310344828,0.5909090909090909,0.7072192513368984,0.9425287356321839
864,16,38,13,6,0.7397260273972602,0.7361853832442068,0.7450980392156863,0.7272727272727273,0.8,0.7272727272727273,0.7450980392156863,0.6274509803921569,0.7137254901960784,0.8796791443850268
865,24,33,10,6,0.7808219178082192,0.7837209302325582,0.7674418604651163,0.8,0.8048780487804879,0.8,0.7674418604651163,0.75,0.7774390243902439,0.9069767441860465
866,15,36,12,10,0.6986301369863014,0.675,0.75,0.6,0.7659574468085106,0.6,0.75,0.5769230769230769,0.6714402618657938,0.7741666666666668
867,23,34,10,6,0.7808219178082192,0.7829153605015674,0.7727272727272727,0.7931034482758621,0.8095238095238095,0.7931034482758621,0.7727272727272727,0.7419354838709677,0.7757296466973886,0.9028213166144201
868,16,41,10,6,0.7808219178082192,0.7655971479500892,0.803921568627451,0.7272727272727273,0.8367346938775511,0.7272727272727273,0.803921568627451,0.6666666666666666,0.7517006802721089,0.9171122994652406
869,12,44,12,5,0.7671232876712328,0.7457983193277311,0.7857142857142857,0.7058823529411765,0.8380952380952381,0.7058823529411765,0.7857142857142857,0.5853658536585366,0.7117305458768873,0.8098739495798319
870,19,30,15,9,0.6712328767123288,0.6726190476190477,0.6666666666666666,0.6785714285714286,0.7142857142857143,0.6785714285714286,0.6666666666666666,0.6129032258064516,0.663594470046083,0.8214285714285714
871,21,29,11,12,0.684931506849315,0.6806818181818182,0.725,0.6363636363636364,0.7160493827160493,0.6363636363636364,0.725,0.6461538461538462,0.6811016144349478,0.8303030303030302
872,14,40,11,8,0.7397260273972602,0.7103386809269162,0.7843137254901961,0.6363636363636364,0.8080808080808081,0.6363636363636364,0.7843137254901961,0.5957446808510638,0.7019127444659359,0.803921568627451
873,16,37,10,10,0.726027397260274,0.7013093289689034,0.7872340425531915,0.6153846153846154,0.7872340425531915,0.6153846153846154,0.7872340425531915,0.6153846153846154,0.7013093289689034,0.8477905073649754
874,26,30,10,7,0.7671232876712328,0.7689393939393939,0.75,0.7878787878787878,0.7792207792207793,0.7878787878787878,0.75,0.7536231884057971,0.7664219838132882,0.9060606060606061
875,17,41,7,8,0.7945205479452054,0.7670833333333333,0.8541666666666666,0.68,0.845360824742268,0.68,0.8541666666666666,0.6938775510204082,0.7696191878813381,0.8641666666666666
876,20,34,8,11,0.7397260273972602,0.7273425499231951,0.8095238095238095,0.6451612903225806,0.7816091954022989,0.6451612903225806,0.8095238095238095,0.6779661016949152,0.729787648548607,0.8133640552995391
877,14,40,12,7,0.7397260273972602,0.717948717948718,0.7692307692307693,0.6666666666666666,0.8080808080808081,0.6666666666666666,0.7692307692307693,0.5957446808510638,0.7019127444659359,0.793956043956044
878,16,38,13,6,0.7397260273972602,0.7361853832442068,0.7450980392156863,0.7272727272727273,0.8,0.7272727272727273,0.7450980392156863,0.6274509803921569,0.7137254901960784,0.8600713012477719
879,25,33,11,4,0.7945205479452054,0.8060344827586207,0.75,0.8620689655172413,0.8148148148148148,0.8620689655172413,0.75,0.7692307692307693,0.792022792022792,0.9153605015673981
880,11,34,19,9,0.6164383561643836,0.5957547169811321,0.6415094339622641,0.55,0.7083333333333334,0.55,0.6415094339622641,0.44,0.5741666666666667,0.7339622641509435
881,22,40,8,3,0.8493150684931506,0.8566666666666667,0.8333333333333334,0.88,0.8791208791208791,0.88,0.8333333333333334,0.8,0.8395604395604396,0.9091666666666666
882,20,35,11,7,0.7534246575342466,0.750805152979066,0.7608695652173914,0.7407407407407407,0.7954545454545454,0.7407407407407407,0.7608695652173914,0.6896551724137931,0.7425548589341693,0.8615136876006442
883,22,29,20,2,0.6986301369863014,0.754251700680272,0.5918367346938775,0.9166666666666666,0.725,0.9166666666666666,0.5918367346938775,0.6666666666666666,0.6958333333333333,0.9481292517006803
884,23,38,9,3,0.8356164383561644,0.8465630114566285,0.8085106382978723,0.8846153846153846,0.8636363636363636,0.8846153846153846,0.8085106382978723,0.7931034482758621,0.8283699059561129,0.916530278232406
885,16,32,18,7,0.6575342465753424,0.6678260869565218,0.64,0.6956521739130435,0.7191011235955056,0.6956521739130435,0.64,0.5614035087719298,0.6402523161837177,0.8182608695652174
886,18,37,9,9,0.7534246575342466,0.7355072463768115,0.8043478260869565,0.6666666666666666,0.8043478260869565,0.6666666666666666,0.8043478260869565,0.6666666666666666,0.7355072463768115,0.8542673107890498
887,22,31,16,4,0.726027397260274,0.7528641571194763,0.6595744680851063,0.8461538461538461,0.7560975609756098,0.8461538461538461,0.6595744680851063,0.6875,0.7217987804878049,0.9050736497545008
888,17,35,14,7,0.7123287671232876,0.7113095238095238,0.7142857142857143,0.7083333333333334,0.7692307692307693,0.7083333333333334,0.7142857142857143,0.6181818181818182,0.6937062937062937,0.8120748299319729
889,27,31,11,4,0.7945205479452054,0.8045314900153611,0.7380952380952381,0.8709677419354839,0.8051948051948052,0.8709677419354839,0.7380952380952381,0.782608695652174,0.7939017504234895,0.9262672811059909
890,17,40,9,7,0.7808219178082192,0.7623299319727892,0.8163265306122449,0.7083333333333334,0.8333333333333334,0.7083333333333334,0.8163265306122449,0.68,0.7566666666666667,0.8826530612244898
891,15,39,11,8,0.7397260273972602,0.7160869565217391,0.78,0.6521739130434783,0.8041237113402062,0.6521739130434783,0.78,0.6122448979591837,0.708184304649695,0.8521739130434782
892,22,31,10,10,0.726027397260274,0.7217987804878049,0.7560975609756098,0.6875,0.7560975609756098,0.6875,0.7560975609756098,0.6875,0.7217987804878049,0.7820121951219513
893,19,41,8,5,0.821917808219178,0.8142006802721089,0.8367346938775511,0.7916666666666666,0.8631578947368421,0.7916666666666666,0.8367346938775511,0.7450980392156863,0.8041279669762642,0.8894557823129252
894,16,38,10,9,0.7397260273972602,0.7158333333333333,0.7916666666666666,0.64,0.8,0.64,0.7916666666666666,0.6274509803921569,0.7137254901960784,0.8216666666666667
895,16,37,12,8,0.726027397260274,0.7108843537414966,0.7551020408163265,0.6666666666666666,0.7872340425531915,0.6666666666666666,0.7551020408163265,0.6153846153846154,0.7013093289689034,0.8154761904761905
896,19,38,11,5,0.7808219178082192,0.7835884353741496,0.7755102040816326,0.7916666666666666,0.8260869565217391,0.7916666666666666,0.7755102040816326,0.7037037037037037,0.7648953301127215,0.8724489795918368
897,23,41,6,3,0.8767123287671232,0.8784779050736498,0.8723404255319149,0.8846153846153846,0.9010989010989011,0.8846153846153846,0.8723404255319149,0.8363636363636363,0.8687312687312687,0.939443535188216
898,24,29,11,9,0.726027397260274,0.7261363636363636,0.725,0.7272727272727273,0.7435897435897436,0.7272727272727273,0.725,0.7058823529411765,0.7247360482654601,0.8712121212121213
899,20,38,8,7,0.7945205479452054,0.7834138486312399,0.8260869565217391,0.7407407407407407,0.8351648351648352,0.7407407407407407,0.8260869565217391,0.7272727272727273,0.7812187812187812,0.8478260869565217
900,23,31,12,7,0.7397260273972602,0.743798449612403,0.7209302325581395,0.7666666666666667,0.7654320987654321,0.7666666666666667,0.7209302325581395,0.7076923076923077,0.7365622032288699,0.8899224806201551
901,20,37,12,4,0.7808219178082192,0.7942176870748299,0.7551020408163265,0.8333333333333334,0.8222222222222222,0.8333333333333334,0.7551020408163265,0.7142857142857143,0.7682539682539682,0.9107142857142858
902,20,33,14,6,0.726027397260274,0.7356792144026187,0.7021276595744681,0.7692307692307693,0.7674418604651163,0.7692307692307693,0.7021276595744681,0.6666666666666666,0.7170542635658914,0.8682487725040917
903,19,34,13,7,0.726027397260274,0.7270867430441899,0.723404255319149,0.7307692307692307,0.7727272727272727,0.7307692307692307,0.723404255319149,0.6551724137931034,0.7139498432601881,0.8657937806873977
904,16,42,10,5,0.7945205479452054,0.7847985347985348,0.8076923076923077,0.7619047619047619,0.8484848484848485,0.7619047619047619,0.8076923076923077,0.6808510638297872,0.7646679561573179,0.8754578754578755
905,12,40,14,7,0.7123287671232876,0.6861598440545809,0.7407407407407407,0.631578947368421,0.7920792079207921,0.631578947368421,0.7407407407407407,0.5333333333333333,0.6627062706270628,0.8031189083820662
906,18,34,11,10,0.7123287671232876,0.6992063492063492,0.7555555555555555,0.6428571428571429,0.7640449438202247,0.6428571428571429,0.7555555555555555,0.631578947368421,0.6978119455943228,0.807936507936508
907,18,33,16,6,0.6986301369863014,0.7117346938775511,0.673469387755102,0.75,0.75,0.75,0.673469387755102,0.6206896551724138,0.6853448275862069,0.8460884353741498
908,23,35,8,7,0.7945205479452054,0.7903100775193799,0.813953488372093,0.7666666666666667,0.8235294117647058,0.7666666666666667,0.813953488372093,0.7540983606557377,0.7888138862102217,0.8612403100775194
909,21,34,14,4,0.7534246575342466,0.7741666666666667,0.7083333333333334,0.84,0.7906976744186046,0.84,0.7083333333333334,0.7,0.7453488372093022,0.8941666666666668
910,13,40,13,7,0.726027397260274,0.7023584905660378,0.7547169811320755,0.65,0.8,0.65,0.7547169811320755,0.5652173913043478,0.682608695652174,0.8066037735849056
911,23,34,12,4,0.7808219178082192,0.7954911433172303,0.7391304347826086,0.8518518518518519,0.8095238095238095,0.8518518518518519,0.7391304347826086,0.7419354838709677,0.7757296466973886,0.9186795491143317
912,19,33,12,9,0.7123287671232876,0.7059523809523809,0.7333333333333333,0.6785714285714286,0.7586206896551724,0.6785714285714286,0.7333333333333333,0.6440677966101694,0.7013442431326709,0.8246031746031746
913,15,42,12,4,0.7808219178082192,0.7836257309941521,0.7777777777777778,0.7894736842105263,0.84,0.7894736842105263,0.7777777777777778,0.6521739130434783,0.7460869565217392,0.8947368421052632
914,16,36,15,6,0.7123287671232876,0.7165775401069518,0.7058823529411765,0.7272727272727273,0.7741935483870968,0.7272727272727273,0.7058823529411765,0.6037735849056604,0.6889835666463786,0.8520499108734403
915,18,34,8,13,0.7123287671232876,0.6950844854070661,0.8095238095238095,0.5806451612903226,0.7640449438202247,0.5806451612903226,0.8095238095238095,0.631578947368421,0.6978119455943228,0.8003072196620584
916,18,41,10,4,0.8082191780821918,0.8110516934046346,0.803921568627451,0.8181818181818182,0.8541666666666666,0.8181818181818182,0.803921568627451,0.72,0.7870833333333334,0.910873440285205
917,25,35,10,3,0.821917808219178,0.8353174603174603,0.7777777777777778,0.8928571428571429,0.8433734939759037,0.8928571428571429,0.7777777777777778,0.7936507936507936,0.8185121438133487,0.9158730158730158
918,22,32,9,10,0.7397260273972602,0.7339939024390244,0.7804878048780488,0.6875,0.7710843373493976,0.6875,0.7804878048780488,0.6984126984126984,0.734748517881048,0.8041158536585367
919,19,39,6,9,0.7945205479452054,0.7726190476190476,0.8666666666666667,0.6785714285714286,0.8387096774193549,0.6785714285714286,0.8666666666666667,0.7169811320754716,0.7778454047474133,0.8738095238095238
920,26,24,13,10,0.684931506849315,0.6854354354354355,0.6486486486486487,0.7222222222222222,0.676056338028169,0.7222222222222222,0.6486486486486487,0.6933333333333334,0.6846948356807512,0.8003003003003003
921,18,33,11,11,0.6986301369863014,0.6853448275862069,0.75,0.6206896551724138,0.75,0.6206896551724138,0.75,0.6206896551724138,0.6853448275862069,0.7860501567398119
922,17,36,14,6,0.726027397260274,0.7295652173913043,0.72,0.7391304347826086,0.782608695652174,0.7391304347826086,0.72,0.6296296296296297,0.7061191626409018,0.8356521739130435
923,20,37,13,3,0.7808219178082192,0.8047826086956522,0.74,0.8695652173913043,0.8222222222222222,0.8695652173913043,0.74,0.7142857142857143,0.7682539682539682,0.9556521739130435
924,20,30,10,13,0.684931506849315,0.678030303030303,0.75,0.6060606060606061,0.7228915662650602,0.6060606060606061,0.75,0.6349206349206349,0.6789061005928476,0.8007575757575757
925,14,41,13,5,0.7534246575342466,0.7480506822612085,0.7592592592592593,0.7368421052631579,0.82,0.7368421052631579,0.7592592592592593,0.6086956521739131,0.7143478260869565,0.817738791423002
926,15,37,16,5,0.7123287671232876,0.7240566037735849,0.6981132075471698,0.75,0.7789473684210526,0.75,0.6981132075471698,0.5882352941176471,0.6835913312693498,0.8641509433962264
927,19,30,16,8,0.6712328767123288,0.677938808373591,0.6521739130434783,0.7037037037037037,0.7142857142857143,0.7037037037037037,0.6521739130434783,0.6129032258064516,0.663594470046083,0.8075684380032205
928,22,35,10,6,0.7808219178082192,0.7817460317460317,0.7777777777777778,0.7857142857142857,0.813953488372093,0.7857142857142857,0.7777777777777778,0.7333333333333333,0.7736434108527132,0.8698412698412699
929,18,33,16,6,0.6986301369863014,0.7117346938775511,0.673469387755102,0.75,0.75,0.75,0.673469387755102,0.6206896551724138,0.6853448275862069,0.8214285714285714
930,18,32,16,7,0.684931506849315,0.6933333333333334,0.6666666666666666,0.72,0.735632183908046,0.72,0.6666666666666666,0.6101694915254238,0.6729008377167349,0.815
931,18,39,12,4,0.7808219178082192,0.7914438502673797,0.7647058823529411,0.8181818181818182,0.8297872340425532,0.8181818181818182,0.7647058823529411,0.6923076923076923,0.7610474631751227,0.8992869875222816
932,22,33,9,9,0.7534246575342466,0.7476958525345623,0.7857142857142857,0.7096774193548387,0.7857142857142857,0.7096774193548387,0.7857142857142857,0.7096774193548387,0.7476958525345623,0.8410138248847926
933,18,35,10,10,0.726027397260274,0.7103174603174603,0.7777777777777778,0.6428571428571429,0.7777777777777778,0.6428571428571429,0.7777777777777778,0.6428571428571429,0.7103174603174603,0.8142857142857143
934,21,29,13,10,0.684931506849315,0.6839477726574501,0.6904761904761905,0.6774193548387096,0.7160493827160493,0.6774193548387096,0.6904761904761905,0.6461538461538462,0.6811016144349478,0.8271889400921659
935,22,33,12,6,0.7534246575342466,0.7595238095238095,0.7333333333333333,0.7857142857142857,0.7857142857142857,0.7857142857142857,0.7333333333333333,0.7096774193548387,0.7476958525345623,0.9055555555555556
936,24,32,12,5,0.7671232876712328,0.7774294670846396,0.7272727272727273,0.8275862068965517,0.7901234567901234,0.8275862068965517,0.7272727272727273,0.7384615384615385,0.764292497625831,0.9216300940438871
937,16,41,10,6,0.7808219178082192,0.7655971479500892,0.803921568627451,0.7272727272727273,0.8367346938775511,0.7272727272727273,0.803921568627451,0.6666666666666666,0.7517006802721089,0.8511586452762924
938,15,38,13,7,0.726027397260274,0.713458110516934,0.7450980392156863,0.6818181818181818,0.7916666666666666,0.6818181818181818,0.7450980392156863,0.6,0.6958333333333333,0.8547237076648841
939,13,42,10,8,0.7534246575342466,0.7133699633699634,0.8076923076923077,0.6190476190476191,0.8235294117647058,0.6190476190476191,0.8076923076923077,0.5909090909090909,0.7072192513368984,0.836996336996337
940,18,37,11,7,0.7534246575342466,0.7454166666666666,0.7708333333333334,0.72,0.8043478260869565,0.72,0.7708333333333334,0.6666666666666666,0.7355072463768115,0.8691666666666666
941,16,36,13,8,0.7123287671232876,0.7006802721088435,0.7346938775510204,0.6666666666666666,0.7741935483870968,0.6666666666666666,0.7346938775510204,0.6037735849056604,0.6889835666463786,0.8112244897959183
942,22,32,11,8,0.7397260273972602,0.7387596899224806,0.7441860465116279,0.7333333333333333,0.7710843373493976,0.7333333333333333,0.7441860465116279,0.6984126984126984,0.734748517881048,0.8333333333333334
943,15,44,9,5,0.8082191780821918,0.7900943396226415,0.8301886792452831,0.75,0.8627450980392157,0.75,0.8301886792452831,0.6818181818181818,0.7722816399286987,0.8858490566037736
944,21,37,12,3,0.7945205479452054,0.8150510204081632,0.7551020408163265,0.875,0.8314606741573034,0.875,0.7551020408163265,0.7368421052631579,0.7841513897102306,0.95578231292517
945,21,32,13,7,0.726027397260274,0.7305555555555556,0.7111111111111111,0.75,0.7619047619047619,0.75,0.7111111111111111,0.6774193548387096,0.7196620583717357,0.823015873015873
946,14,44,10,5,0.7945205479452054,0.7758284600389863,0.8148148148148148,0.7368421052631579,0.8543689320388349,0.7368421052631579,0.8148148148148148,0.6511627906976745,0.7527658613682546,0.9171539961013645
947,15,41,11,6,0.7671232876712328,0.7513736263736264,0.7884615384615384,0.7142857142857143,0.8282828282828283,0.7142857142857143,0.7884615384615384,0.6382978723404256,0.7332903503116269,0.8672161172161172
948,16,38,11,8,0.7397260273972602,0.7210884353741496,0.7755102040816326,0.6666666666666666,0.8,0.6666666666666666,0.7755102040816326,0.6274509803921569,0.7137254901960784,0.8333333333333334
949,16,40,11,6,0.7671232876712328,0.7557932263814617,0.7843137254901961,0.7272727272727273,0.8247422680412371,0.7272727272727273,0.7843137254901961,0.6530612244897959,0.7389017462655165,0.8698752228163993
950,12,26,28,7,0.5205479452054794,0.5565302144249512,0.48148148148148145,0.631578947368421,0.5977011494252874,0.631578947368421,0.48148148148148145,0.4067796610169492,0.5022404052211182,0.7261208576998052
951,15,42,12,4,0.7808219178082192,0.7836257309941521,0.7777777777777778,0.7894736842105263,0.84,0.7894736842105263,0.7777777777777778,0.6521739130434783,0.7460869565217392,0.878167641325536
952,26,30,12,5,0.7671232876712328,0.7764976958525346,0.7142857142857143,0.8387096774193549,0.7792207792207793,0.8387096774193549,0.7142857142857143,0.7536231884057971,0.7664219838132882,0.890168970814132
953,13,38,15,7,0.6986301369863014,0.6834905660377358,0.7169811320754716,0.65,0.7755102040816326,0.65,0.7169811320754716,0.5416666666666666,0.6585884353741496,0.8584905660377359
954,17,38,14,4,0.7534246575342466,0.7701465201465201,0.7307692307692307,0.8095238095238095,0.8085106382978723,0.8095238095238095,0.7307692307692307,0.6538461538461539,0.7311783960720131,0.8562271062271063
955,14,39,11,9,0.726027397260274,0.6943478260869566,0.78,0.6086956521739131,0.7959183673469388,0.6086956521739131,0.78,0.5833333333333334,0.689625850340136,0.808695652173913
956,19,44,5,5,0.863013698630137,0.844812925170068,0.8979591836734694,0.7916666666666666,0.8979591836734694,0.7916666666666666,0.8979591836734694,0.7916666666666666,0.844812925170068,0.9005102040816327
957,17,35,12,9,0.7123287671232876,0.6992635024549918,0.7446808510638298,0.6538461538461539,0.7692307692307693,0.6538461538461539,0.7446808510638298,0.6181818181818182,0.6937062937062937,0.8363338788870704
958,24,37,10,2,0.8356164383561644,0.8551554828150574,0.7872340425531915,0.9230769230769231,0.8604651162790697,0.9230769230769231,0.7872340425531915,0.8,0.8302325581395349,0.953355155482815
959,19,38,9,7,0.7808219178082192,0.7696399345335515,0.8085106382978723,0.7307692307692307,0.8260869565217391,0.7307692307692307,0.8085106382978723,0.7037037037037037,0.7648953301127215,0.8535188216039279
960,19,41,10,3,0.821917808219178,0.8337789661319073,0.803921568627451,0.8636363636363636,0.8631578947368421,0.8636363636363636,0.803921568627451,0.7450980392156863,0.8041279669762642,0.9117647058823529
961,17,44,9,3,0.8356164383561644,0.8400943396226415,0.8301886792452831,0.85,0.88,0.85,0.8301886792452831,0.7391304347826086,0.8095652173913044,0.9207547169811321
962,16,34,13,10,0.684931506849315,0.6693944353518821,0.723404255319149,0.6153846153846154,0.7472527472527473,0.6153846153846154,0.723404255319149,0.5818181818181818,0.6645354645354645,0.7414075286415712
963,17,42,8,6,0.8082191780821918,0.7895652173913044,0.84,0.7391304347826086,0.8571428571428571,0.7391304347826086,0.84,0.7083333333333334,0.7827380952380952,0.8939130434782608
964,18,36,12,7,0.7397260273972602,0.735,0.75,0.72,0.7912087912087912,0.72,0.75,0.6545454545454545,0.7228771228771229,0.8633333333333333
965,19,30,17,7,0.6712328767123288,0.6845335515548281,0.6382978723404256,0.7307692307692307,0.7142857142857143,0.7307692307692307,0.6382978723404256,0.6129032258064516,0.663594470046083,0.8256955810147298
966,20,32,12,9,0.7123287671232876,0.7084639498432602,0.7272727272727273,0.6896551724137931,0.7529411764705882,0.6896551724137931,0.7272727272727273,0.6557377049180327,0.7043394406943104,0.8495297805642634
967,19,41,5,8,0.821917808219178,0.7975040257648953,0.8913043478260869,0.7037037037037037,0.8631578947368421,0.7037037037037037,0.8913043478260869,0.7450980392156863,0.8041279669762642,0.8349436392914653
968,23,37,9,4,0.821917808219178,0.8280998389694042,0.8043478260869565,0.8518518518518519,0.8505747126436781,0.8518518518518519,0.8043478260869565,0.7796610169491526,0.8151178647964153,0.9170692431561996
969,13,43,12,5,0.7671232876712328,0.752020202020202,0.7818181818181819,0.7222222222222222,0.8349514563106796,0.7222222222222222,0.7818181818181819,0.6046511627906976,0.7198013095506886,0.8525252525252525
970,16,35,15,7,0.6986301369863014,0.6978260869565217,0.7,0.6956521739130435,0.7608695652173914,0.6956521739130435,0.7,0.5925925925925926,0.676731078904992,0.7756521739130434
971,18,37,10,8,0.7534246575342466,0.739770867430442,0.7872340425531915,0.6923076923076923,0.8043478260869565,0.6923076923076923,0.7872340425531915,0.6666666666666666,0.7355072463768115,0.8085106382978724
972,21,40,7,5,0.8356164383561644,0.8293780687397709,0.851063829787234,0.8076923076923077,0.8695652173913043,0.8076923076923077,0.851063829787234,0.7777777777777778,0.8236714975845411,0.9165302782324058
973,26,34,8,5,0.821917808219178,0.8241167434715821,0.8095238095238095,0.8387096774193549,0.8395061728395061,0.8387096774193549,0.8095238095238095,0.8,0.8197530864197531,0.9070660522273425
974,18,36,13,6,0.7397260273972602,0.7423469387755102,0.7346938775510204,0.75,0.7912087912087912,0.75,0.7346938775510204,0.6545454545454545,0.7228771228771229,0.8801020408163265
975,14,39,11,9,0.726027397260274,0.6943478260869566,0.78,0.6086956521739131,0.7959183673469388,0.6086956521739131,0.78,0.5833333333333334,0.689625850340136,0.8321739130434782
976,22,34,11,6,0.7671232876712328,0.7706349206349206,0.7555555555555555,0.7857142857142857,0.8,0.7857142857142857,0.7555555555555555,0.7213114754098361,0.7606557377049181,0.9103174603174602
977,17,34,12,10,0.6986301369863014,0.6843800322061191,0.7391304347826086,0.6296296296296297,0.7555555555555555,0.6296296296296297,0.7391304347826086,0.6071428571428571,0.6813492063492064,0.7930756843800322
978,21,33,4,15,0.7397260273972602,0.7376126126126126,0.8918918918918919,0.5833333333333334,0.7764705882352941,0.5833333333333334,0.8918918918918919,0.6885245901639344,0.7324975891996143,0.7867867867867867
979,25,38,3,7,0.863013698630137,0.8540396341463414,0.926829268292683,0.78125,0.8837209302325582,0.78125,0.926829268292683,0.8333333333333334,0.8585271317829457,0.9253048780487805
980,23,32,15,3,0.7534246575342466,0.782733224222586,0.6808510638297872,0.8846153846153846,0.7804878048780488,0.8846153846153846,0.6808510638297872,0.71875,0.7496189024390244,0.9263502454991817
981,11,44,13,5,0.7534246575342466,0.7297149122807017,0.7719298245614035,0.6875,0.8301886792452831,0.6875,0.7719298245614035,0.55,0.6900943396226416,0.8103070175438597
982,26,31,8,8,0.7808219178082192,0.7797888386123679,0.7948717948717948,0.7647058823529411,0.7948717948717948,0.7647058823529411,0.7948717948717948,0.7647058823529411,0.7797888386123679,0.8778280542986425
983,17,36,14,6,0.726027397260274,0.7295652173913043,0.72,0.7391304347826086,0.782608695652174,0.7391304347826086,0.72,0.6296296296296297,0.7061191626409018,0.8582608695652174
984,19,33,13,8,0.7123287671232876,0.7105475040257649,0.717391304347826,0.7037037037037037,0.7586206896551724,0.7037037037037037,0.717391304347826,0.6440677966101694,0.7013442431326709,0.857487922705314
985,16,37,13,7,0.726027397260274,0.7178260869565217,0.74,0.6956521739130435,0.7872340425531915,0.6956521739130435,0.74,0.6153846153846154,0.7013093289689034,0.8652173913043478
986,12,42,11,8,0.7397260273972602,0.6962264150943396,0.7924528301886793,0.6,0.8155339805825242,0.6,0.7924528301886793,0.5581395348837209,0.6868367577331226,0.7632075471698113
987,26,25,13,9,0.6986301369863014,0.7003759398496241,0.6578947368421053,0.7428571428571429,0.6944444444444444,0.7428571428571429,0.6578947368421053,0.7027027027027027,0.6985735735735736,0.8345864661654135
988,15,44,8,6,0.8082191780821918,0.7802197802197802,0.8461538461538461,0.7142857142857143,0.8627450980392157,0.7142857142857143,0.8461538461538461,0.6818181818181818,0.7722816399286987,0.8186813186813185
989,17,34,17,5,0.6986301369863014,0.7196969696969697,0.6666666666666666,0.7727272727272727,0.7555555555555555,0.7727272727272727,0.6666666666666666,0.6071428571428571,0.6813492063492064,0.8725490196078431
990,17,38,11,7,0.7534246575342466,0.741921768707483,0.7755102040816326,0.7083333333333334,0.8085106382978723,0.7083333333333334,0.7755102040816326,0.6538461538461539,0.7311783960720131,0.83843537414966
991,21,36,9,7,0.7808219178082192,0.775,0.8,0.75,0.8181818181818182,0.75,0.8,0.7241379310344828,0.7711598746081505,0.8182539682539682
992,19,29,17,8,0.6575342465753424,0.6670692431561998,0.6304347826086957,0.7037037037037037,0.6987951807228916,0.7037037037037037,0.6304347826086957,0.6031746031746031,0.6509848919487473,0.7777777777777778
993,20,37,8,8,0.7808219178082192,0.7682539682539682,0.8222222222222222,0.7142857142857143,0.8222222222222222,0.7142857142857143,0.8222222222222222,0.7142857142857143,0.7682539682539682,0.8896825396825396
994,15,37,11,10,0.7123287671232876,0.6854166666666667,0.7708333333333334,0.6,0.7789473684210526,0.6,0.7708333333333334,0.5882352941176471,0.6835913312693498,0.8166666666666667
995,16,30,12,15,0.6301369863013698,0.6152073732718895,0.7142857142857143,0.5161290322580645,0.6896551724137931,0.5161290322580645,0.7142857142857143,0.5423728813559322,0.6160140268848626,0.750384024577573
996,16,39,11,7,0.7534246575342466,0.7378260869565217,0.78,0.6956521739130435,0.8125,0.6956521739130435,0.78,0.64,0.7262500000000001,0.88
997,16,37,11,9,0.726027397260274,0.7054166666666667,0.7708333333333334,0.64,0.7872340425531915,0.64,0.7708333333333334,0.6153846153846154,0.7013093289689034,0.7625000000000001
998,19,33,12,9,0.7123287671232876,0.7059523809523809,0.7333333333333333,0.6785714285714286,0.7586206896551724,0.6785714285714286,0.7333333333333333,0.6440677966101694,0.7013442431326709,0.8317460317460318
999,14,37,10,12,0.6986301369863014,0.662847790507365,0.7872340425531915,0.5384615384615384,0.7708333333333334,0.5384615384615384,0.7872340425531915,0.56,0.6654166666666668,0.7430441898527005
1000,21,37,9,6,0.7945205479452054,0.7910628019323671,0.8043478260869565,0.7777777777777778,0.8314606741573034,0.7777777777777778,0.8043478260869565,0.7368421052631579,0.7841513897102306,0.8880837359098228
