round,TP,TN,FP,FN,Accuracy,BalancedAccuracy,Sensitivity_Class0,Specificity_Class0,F1_Class0,Sensitivity_Class1,Specificity_Class1,F1_Class1,F1_macro,AUC
1,14,52,1,10,0.8571428571428571,0.7822327044025157,0.9811320754716981,0.5833333333333334,0.9043478260869565,0.5833333333333334,0.9811320754716981,0.717948717948718,0.8111482720178372,0.8011006289308177
2,11,53,3,10,0.8311688311688312,0.7351190476190477,0.9464285714285714,0.5238095238095238,0.8907563025210085,0.5238095238095238,0.9464285714285714,0.6285714285714286,0.7596638655462185,0.755952380952381
3,14,54,4,5,0.8831168831168831,0.8339382940108893,0.9310344827586207,0.7368421052631579,0.9230769230769231,0.7368421052631579,0.9310344827586207,0.7567567567567568,0.83991683991684,0.8566243194192378
4,7,56,3,11,0.8181818181818182,0.6690207156308852,0.9491525423728814,0.3888888888888889,0.8888888888888888,0.3888888888888889,0.9491525423728814,0.5,0.6944444444444444,0.8060263653483992
5,12,49,5,11,0.7922077922077922,0.7145732689210951,0.9074074074074074,0.5217391304347826,0.8596491228070176,0.5217391304347826,0.9074074074074074,0.6,0.7298245614035088,0.8252818035426731
6,8,52,4,13,0.7792207792207793,0.6547619047619048,0.9285714285714286,0.38095238095238093,0.859504132231405,0.38095238095238093,0.9285714285714286,0.48484848484848486,0.6721763085399449,0.8290816326530612
7,12,48,8,9,0.7792207792207793,0.7142857142857142,0.8571428571428571,0.5714285714285714,0.8495575221238938,0.5714285714285714,0.8571428571428571,0.5853658536585366,0.7174616878912152,0.8562925170068028
8,12,50,5,10,0.8051948051948052,0.7272727272727273,0.9090909090909091,0.5454545454545454,0.8695652173913043,0.5454545454545454,0.9090909090909091,0.6153846153846154,0.7424749163879598,0.8545454545454546
9,9,51,4,13,0.7792207792207793,0.6681818181818182,0.9272727272727272,0.4090909090909091,0.8571428571428571,0.4090909090909091,0.9272727272727272,0.5142857142857142,0.6857142857142857,0.7851239669421487
10,6,58,4,9,0.8311688311688312,0.667741935483871,0.9354838709677419,0.4,0.8992248062015504,0.4,0.9354838709677419,0.48,0.6896124031007752,0.9043010752688172
11,14,50,4,9,0.8311688311688312,0.7673107890499196,0.9259259259259259,0.6086956521739131,0.8849557522123894,0.6086956521739131,0.9259259259259259,0.6829268292682927,0.7839412907403411,0.7673107890499196
12,11,51,4,11,0.8051948051948052,0.7136363636363636,0.9272727272727272,0.5,0.8717948717948718,0.5,0.9272727272727272,0.5945945945945946,0.7331947331947333,0.7322314049586778
13,11,54,6,6,0.8441558441558441,0.7735294117647059,0.9,0.6470588235294118,0.9,0.6470588235294118,0.9,0.6470588235294118,0.7735294117647059,0.8598039215686274
14,9,56,2,10,0.8441558441558441,0.7196007259528131,0.9655172413793104,0.47368421052631576,0.9032258064516129,0.47368421052631576,0.9655172413793104,0.6,0.7516129032258064,0.8593466424682396
15,9,56,4,8,0.8441558441558441,0.7313725490196079,0.9333333333333333,0.5294117647058824,0.9032258064516129,0.5294117647058824,0.9333333333333333,0.6,0.7516129032258064,0.8156862745098039
16,12,50,8,7,0.8051948051948052,0.7468239564428312,0.8620689655172413,0.631578947368421,0.8695652173913043,0.631578947368421,0.8620689655172413,0.6153846153846154,0.7424749163879598,0.7921960072595281
17,11,52,5,9,0.8181818181818182,0.731140350877193,0.9122807017543859,0.55,0.8813559322033898,0.55,0.9122807017543859,0.6111111111111112,0.7462335216572504,0.749122807017544
18,15,47,5,10,0.8051948051948052,0.7519230769230769,0.9038461538461539,0.6,0.8623853211009175,0.6,0.9038461538461539,0.6666666666666666,0.764525993883792,0.8569230769230769
19,14,49,7,7,0.8181818181818182,0.7708333333333333,0.875,0.6666666666666666,0.875,0.6666666666666666,0.875,0.6666666666666666,0.7708333333333333,0.8231292517006803
20,13,50,6,8,0.8181818181818182,0.7559523809523809,0.8928571428571429,0.6190476190476191,0.8771929824561403,0.6190476190476191,0.8928571428571429,0.65,0.7635964912280702,0.8401360544217686
21,13,54,1,9,0.8701298701298701,0.7863636363636364,0.9818181818181818,0.5909090909090909,0.9152542372881356,0.5909090909090909,0.9818181818181818,0.7222222222222222,0.8187382297551788,0.8785123966942149
22,10,53,5,9,0.8181818181818182,0.72005444646098,0.9137931034482759,0.5263157894736842,0.8833333333333333,0.5263157894736842,0.9137931034482759,0.5882352941176471,0.7357843137254902,0.79491833030853
23,10,57,1,9,0.8701298701298701,0.7545372050816697,0.9827586206896551,0.5263157894736842,0.9193548387096774,0.5263157894736842,0.9827586206896551,0.6666666666666666,0.793010752688172,0.8684210526315789
24,17,50,6,4,0.8701298701298701,0.8511904761904763,0.8928571428571429,0.8095238095238095,0.9090909090909091,0.8095238095238095,0.8928571428571429,0.7727272727272727,0.8409090909090908,0.8835034013605443
25,11,53,5,8,0.8311688311688312,0.7463702359346642,0.9137931034482759,0.5789473684210527,0.8907563025210085,0.5789473684210527,0.9137931034482759,0.6285714285714286,0.7596638655462185,0.894736842105263
26,16,52,5,4,0.8831168831168831,0.856140350877193,0.9122807017543859,0.8,0.9203539823008849,0.8,0.9122807017543859,0.7804878048780488,0.8504208935894668,0.9157894736842105
27,9,55,4,9,0.8311688311688312,0.7161016949152542,0.9322033898305084,0.5,0.8943089430894309,0.5,0.9322033898305084,0.5806451612903226,0.7374770521898768,0.7966101694915254
28,8,53,8,8,0.7922077922077922,0.6844262295081966,0.8688524590163934,0.5,0.8688524590163934,0.5,0.8688524590163934,0.5,0.6844262295081966,0.7120901639344263
29,13,50,8,6,0.8181818181818182,0.7731397459165155,0.8620689655172413,0.6842105263157895,0.8771929824561403,0.6842105263157895,0.8620689655172413,0.65,0.7635964912280702,0.8239564428312159
30,9,59,4,5,0.8831168831168831,0.7896825396825398,0.9365079365079365,0.6428571428571429,0.9291338582677166,0.6428571428571429,0.9365079365079365,0.6666666666666666,0.7979002624671916,0.8820861678004535
31,15,54,2,6,0.8961038961038961,0.8392857142857143,0.9642857142857143,0.7142857142857143,0.9310344827586207,0.7142857142857143,0.9642857142857143,0.7894736842105263,0.8602540834845736,0.9421768707482993
32,18,52,1,6,0.9090909090909091,0.8655660377358491,0.9811320754716981,0.75,0.9369369369369369,0.75,0.9811320754716981,0.8372093023255814,0.8870731196312591,0.9300314465408805
33,12,49,3,13,0.7922077922077922,0.7111538461538461,0.9423076923076923,0.48,0.8596491228070176,0.48,0.9423076923076923,0.6,0.7298245614035088,0.8369230769230769
34,10,56,5,6,0.8571428571428571,0.771516393442623,0.9180327868852459,0.625,0.9105691056910569,0.625,0.9180327868852459,0.6451612903225806,0.7778651980068187,0.8381147540983607
35,16,51,2,8,0.8701298701298701,0.8144654088050314,0.9622641509433962,0.6666666666666666,0.9107142857142857,0.6666666666666666,0.9622641509433962,0.7619047619047619,0.8363095238095237,0.89937106918239
36,8,57,2,10,0.8441558441558441,0.7052730696798493,0.9661016949152542,0.4444444444444444,0.9047619047619048,0.4444444444444444,0.9661016949152542,0.5714285714285714,0.7380952380952381,0.8634651600753296
37,10,49,6,12,0.7662337662337663,0.6727272727272727,0.8909090909090909,0.45454545454545453,0.8448275862068966,0.45454545454545453,0.8909090909090909,0.5263157894736842,0.6855716878402904,0.7330578512396695
38,8,56,2,11,0.8311688311688312,0.6932849364791289,0.9655172413793104,0.42105263157894735,0.896,0.42105263157894735,0.9655172413793104,0.5517241379310345,0.7238620689655173,0.8901996370235934
39,9,52,10,6,0.7922077922077922,0.7193548387096774,0.8387096774193549,0.6,0.8666666666666667,0.6,0.8387096774193549,0.5294117647058824,0.6980392156862745,0.8204301075268817
40,11,51,4,11,0.8051948051948052,0.7136363636363636,0.9272727272727272,0.5,0.8717948717948718,0.5,0.9272727272727272,0.5945945945945946,0.7331947331947333,0.824793388429752
41,11,50,5,11,0.7922077922077922,0.7045454545454546,0.9090909090909091,0.5,0.8620689655172413,0.5,0.9090909090909091,0.5789473684210527,0.720508166969147,0.7785123966942149
42,13,52,9,3,0.8441558441558441,0.8324795081967213,0.8524590163934426,0.8125,0.896551724137931,0.8125,0.8524590163934426,0.6842105263157895,0.7903811252268602,0.908811475409836
43,11,59,4,3,0.9090909090909091,0.8611111111111112,0.9365079365079365,0.7857142857142857,0.944,0.7857142857142857,0.9365079365079365,0.7586206896551724,0.8513103448275862,0.9637188208616779
44,17,49,4,7,0.8571428571428571,0.816430817610063,0.9245283018867925,0.7083333333333334,0.8990825688073395,0.7083333333333334,0.9245283018867925,0.7555555555555555,0.8273190621814475,0.8867924528301887
45,11,49,7,10,0.7792207792207793,0.6994047619047619,0.875,0.5238095238095238,0.8521739130434782,0.5238095238095238,0.875,0.5641025641025641,0.7081382385730212,0.802721088435374
46,15,48,4,10,0.8181818181818182,0.7615384615384615,0.9230769230769231,0.6,0.8727272727272727,0.6,0.9230769230769231,0.6818181818181818,0.7772727272727272,0.8676923076923078
47,12,47,5,13,0.7662337662337663,0.6919230769230769,0.9038461538461539,0.48,0.8392857142857143,0.48,0.9038461538461539,0.5714285714285714,0.7053571428571428,0.8307692307692307
48,13,46,3,15,0.7662337662337663,0.701530612244898,0.9387755102040817,0.4642857142857143,0.8363636363636363,0.4642857142857143,0.9387755102040817,0.5909090909090909,0.7136363636363636,0.8119533527696793
49,9,59,4,5,0.8831168831168831,0.7896825396825398,0.9365079365079365,0.6428571428571429,0.9291338582677166,0.6428571428571429,0.9365079365079365,0.6666666666666666,0.7979002624671916,0.8911564625850341
50,15,46,3,13,0.7922077922077922,0.7372448979591837,0.9387755102040817,0.5357142857142857,0.8518518518518519,0.5357142857142857,0.9387755102040817,0.6521739130434783,0.7520128824476651,0.9067055393586005
51,9,53,5,10,0.8051948051948052,0.6937386569872959,0.9137931034482759,0.47368421052631576,0.8760330578512396,0.47368421052631576,0.9137931034482759,0.5454545454545454,0.7107438016528925,0.8457350272232305
52,10,49,6,12,0.7662337662337663,0.6727272727272727,0.8909090909090909,0.45454545454545453,0.8448275862068966,0.45454545454545453,0.8909090909090909,0.5263157894736842,0.6855716878402904,0.756198347107438
53,14,42,7,14,0.7272727272727273,0.6785714285714286,0.8571428571428571,0.5,0.8,0.5,0.8571428571428571,0.5714285714285714,0.6857142857142857,0.7179300291545189
54,13,52,1,11,0.8441558441558441,0.7613993710691824,0.9811320754716981,0.5416666666666666,0.896551724137931,0.5416666666666666,0.9811320754716981,0.6842105263157895,0.7903811252268602,0.9355345911949685
55,10,54,4,9,0.8311688311688312,0.7286751361161524,0.9310344827586207,0.5263157894736842,0.8925619834710744,0.5263157894736842,0.9310344827586207,0.6060606060606061,0.7493112947658402,0.838475499092559
56,8,55,7,7,0.8181818181818182,0.7102150537634409,0.8870967741935484,0.5333333333333333,0.8870967741935484,0.5333333333333333,0.8870967741935484,0.5333333333333333,0.7102150537634409,0.7279569892473119
57,20,42,5,10,0.8051948051948052,0.7801418439716312,0.8936170212765957,0.6666666666666666,0.8484848484848485,0.6666666666666666,0.8936170212765957,0.7272727272727273,0.7878787878787878,0.8709219858156028
58,12,51,9,5,0.8181818181818182,0.7779411764705882,0.85,0.7058823529411765,0.8793103448275862,0.7058823529411765,0.85,0.631578947368421,0.7554446460980035,0.8460784313725489
59,12,51,4,10,0.8181818181818182,0.7363636363636363,0.9272727272727272,0.5454545454545454,0.8793103448275862,0.5454545454545454,0.9272727272727272,0.631578947368421,0.7554446460980035,0.812396694214876
60,14,45,5,13,0.7662337662337663,0.7092592592592593,0.9,0.5185185185185185,0.8333333333333334,0.5185185185185185,0.9,0.6086956521739131,0.7210144927536233,0.8133333333333332
61,11,51,6,9,0.8051948051948052,0.7223684210526315,0.8947368421052632,0.55,0.8717948717948718,0.55,0.8947368421052632,0.5945945945945946,0.7331947331947333,0.8245614035087719
62,14,46,4,13,0.7792207792207793,0.7192592592592593,0.92,0.5185185185185185,0.8440366972477065,0.5185185185185185,0.92,0.6222222222222222,0.7331294597349644,0.86
63,11,50,6,10,0.7922077922077922,0.7083333333333334,0.8928571428571429,0.5238095238095238,0.8620689655172413,0.5238095238095238,0.8928571428571429,0.5789473684210527,0.720508166969147,0.8758503401360543
64,17,50,3,7,0.8701298701298701,0.8258647798742138,0.9433962264150944,0.7083333333333334,0.9090909090909091,0.7083333333333334,0.9433962264150944,0.7727272727272727,0.8409090909090908,0.8718553459119497
65,14,52,4,7,0.8571428571428571,0.7976190476190477,0.9285714285714286,0.6666666666666666,0.9043478260869565,0.6666666666666666,0.9285714285714286,0.717948717948718,0.8111482720178372,0.8647959183673469
66,15,49,5,8,0.8311688311688312,0.7797906602254429,0.9074074074074074,0.6521739130434783,0.8828828828828829,0.6521739130434783,0.9074074074074074,0.6976744186046512,0.790278650743767,0.8486312399355878
67,7,56,7,7,0.8181818181818182,0.6944444444444444,0.8888888888888888,0.5,0.8888888888888888,0.5,0.8888888888888888,0.5,0.6944444444444444,0.7857142857142857
68,11,58,4,4,0.8961038961038961,0.8344086021505376,0.9354838709677419,0.7333333333333333,0.9354838709677419,0.7333333333333333,0.9354838709677419,0.7333333333333333,0.8344086021505376,0.8591397849462366
69,14,55,1,7,0.8961038961038961,0.8244047619047619,0.9821428571428571,0.6666666666666666,0.9322033898305084,0.6666666666666666,0.9821428571428571,0.7777777777777778,0.8549905838041432,0.9302721088435374
70,12,53,3,9,0.8441558441558441,0.7589285714285714,0.9464285714285714,0.5714285714285714,0.8983050847457628,0.5714285714285714,0.9464285714285714,0.6666666666666666,0.7824858757062148,0.8937074829931974
71,10,60,1,6,0.9090909090909091,0.8043032786885246,0.9836065573770492,0.625,0.9448818897637795,0.625,0.9836065573770492,0.7407407407407407,0.84281131525226,0.790983606557377
72,10,51,6,10,0.7922077922077922,0.6973684210526316,0.8947368421052632,0.5,0.864406779661017,0.5,0.8947368421052632,0.5555555555555556,0.7099811676082863,0.8780701754385966
73,15,53,2,7,0.8831168831168831,0.8227272727272728,0.9636363636363636,0.6818181818181818,0.9217391304347826,0.6818181818181818,0.9636363636363636,0.7692307692307693,0.8454849498327759,0.9123966942148761
74,8,50,4,15,0.7532467532467533,0.6368760064412238,0.9259259259259259,0.34782608695652173,0.8403361344537815,0.34782608695652173,0.9259259259259259,0.45714285714285713,0.6487394957983194,0.7592592592592592
75,16,51,2,8,0.8701298701298701,0.8144654088050314,0.9622641509433962,0.6666666666666666,0.9107142857142857,0.6666666666666666,0.9622641509433962,0.7619047619047619,0.8363095238095237,0.9072327044025157
76,11,54,2,10,0.8441558441558441,0.7440476190476191,0.9642857142857143,0.5238095238095238,0.9,0.5238095238095238,0.9642857142857143,0.6470588235294118,0.7735294117647059,0.9064625850340136
77,15,46,6,10,0.7922077922077922,0.7423076923076923,0.8846153846153846,0.6,0.8518518518518519,0.6,0.8846153846153846,0.6521739130434783,0.7520128824476651,0.8176923076923077
78,9,59,2,7,0.8831168831168831,0.7648565573770492,0.9672131147540983,0.5625,0.9291338582677166,0.5625,0.9672131147540983,0.6666666666666666,0.7979002624671916,0.8258196721311475
79,9,54,6,8,0.8181818181818182,0.7147058823529412,0.9,0.5294117647058824,0.8852459016393442,0.5294117647058824,0.9,0.5625,0.7238729508196722,0.8117647058823529
80,13,53,4,7,0.8571428571428571,0.7899122807017545,0.9298245614035088,0.65,0.905982905982906,0.65,0.9298245614035088,0.7027027027027027,0.8043428043428044,0.8728070175438596
81,15,51,6,5,0.8571428571428571,0.8223684210526316,0.8947368421052632,0.75,0.9026548672566371,0.75,0.8947368421052632,0.7317073170731707,0.8171810921649039,0.906140350877193
82,10,55,3,9,0.8441558441558441,0.7372958257713249,0.9482758620689655,0.5263157894736842,0.9016393442622951,0.5263157894736842,0.9482758620689655,0.625,0.7633196721311475,0.9128856624319418
83,16,47,4,10,0.8181818181818182,0.7684766214177978,0.9215686274509803,0.6153846153846154,0.8703703703703703,0.6153846153846154,0.9215686274509803,0.6956521739130435,0.7830112721417068,0.8589743589743589
84,13,49,5,10,0.8051948051948052,0.7363123993558776,0.9074074074074074,0.5652173913043478,0.8672566371681416,0.5652173913043478,0.9074074074074074,0.6341463414634146,0.7507014893157782,0.8413848631239935
85,15,55,2,5,0.9090909090909091,0.8574561403508771,0.9649122807017544,0.75,0.9401709401709402,0.75,0.9649122807017544,0.8108108108108109,0.8754908754908755,0.8859649122807016
86,14,43,8,12,0.7402597402597403,0.6907993966817496,0.8431372549019608,0.5384615384615384,0.8113207547169812,0.5384615384615384,0.8431372549019608,0.5833333333333334,0.6973270440251573,0.7654600301659125
87,14,51,5,7,0.8441558441558441,0.7886904761904762,0.9107142857142857,0.6666666666666666,0.8947368421052632,0.6666666666666666,0.9107142857142857,0.7,0.7973684210526315,0.8801020408163265
88,8,50,4,15,0.7532467532467533,0.6368760064412238,0.9259259259259259,0.34782608695652173,0.8403361344537815,0.34782608695652173,0.9259259259259259,0.45714285714285713,0.6487394957983194,0.7938808373590982
89,16,48,3,10,0.8311688311688312,0.7782805429864253,0.9411764705882353,0.6153846153846154,0.8807339449541285,0.6153846153846154,0.9411764705882353,0.7111111111111111,0.7959225280326199,0.8107088989441931
90,13,49,7,8,0.8051948051948052,0.7470238095238095,0.875,0.6190476190476191,0.8672566371681416,0.6190476190476191,0.875,0.6341463414634146,0.7507014893157782,0.8622448979591836
91,14,55,0,8,0.8961038961038961,0.8181818181818181,1.0,0.6363636363636364,0.9322033898305084,0.6363636363636364,1.0,0.7777777777777778,0.8549905838041432,0.8545454545454546
92,16,51,3,7,0.8701298701298701,0.8200483091787439,0.9444444444444444,0.6956521739130435,0.9107142857142857,0.6956521739130435,0.9444444444444444,0.7619047619047619,0.8363095238095237,0.8687600644122383
93,12,52,5,8,0.8311688311688312,0.7561403508771929,0.9122807017543859,0.6,0.8888888888888888,0.6,0.9122807017543859,0.6486486486486487,0.7687687687687688,0.8780701754385966
94,8,52,4,13,0.7792207792207793,0.6547619047619048,0.9285714285714286,0.38095238095238093,0.859504132231405,0.38095238095238093,0.9285714285714286,0.48484848484848486,0.6721763085399449,0.7619047619047619
95,13,54,3,7,0.8701298701298701,0.7986842105263158,0.9473684210526315,0.65,0.9152542372881356,0.65,0.9473684210526315,0.7222222222222222,0.8187382297551788,0.9491228070175439
96,11,52,5,9,0.8181818181818182,0.731140350877193,0.9122807017543859,0.55,0.8813559322033898,0.55,0.9122807017543859,0.6111111111111112,0.7462335216572504,0.8157894736842105
97,8,57,4,8,0.8441558441558441,0.7172131147540983,0.9344262295081968,0.5,0.9047619047619048,0.5,0.9344262295081968,0.5714285714285714,0.7380952380952381,0.8627049180327869
98,11,55,2,9,0.8571428571428571,0.7574561403508773,0.9649122807017544,0.55,0.9090909090909091,0.55,0.9649122807017544,0.6666666666666666,0.7878787878787878,0.9157894736842105
99,12,53,5,7,0.8441558441558441,0.7726860254083485,0.9137931034482759,0.631578947368421,0.8983050847457628,0.631578947368421,0.9137931034482759,0.6666666666666666,0.7824858757062148,0.8865698729582577
100,12,53,6,6,0.8441558441558441,0.7824858757062148,0.8983050847457628,0.6666666666666666,0.8983050847457628,0.6666666666666666,0.8983050847457628,0.6666666666666666,0.7824858757062148,0.7702448210922787
101,12,55,3,7,0.8701298701298701,0.7899274047186933,0.9482758620689655,0.631578947368421,0.9166666666666666,0.631578947368421,0.9482758620689655,0.7058823529411765,0.8112745098039216,0.8493647912885662
102,17,48,6,6,0.8441558441558441,0.8140096618357487,0.8888888888888888,0.7391304347826086,0.8888888888888888,0.7391304347826086,0.8888888888888888,0.7391304347826086,0.8140096618357487,0.8405797101449276
103,14,44,6,13,0.7532467532467533,0.6992592592592592,0.88,0.5185185185185185,0.822429906542056,0.5185185185185185,0.88,0.5957446808510638,0.70908729369656,0.8281481481481481
104,19,45,6,7,0.8311688311688312,0.8065610859728507,0.8823529411764706,0.7307692307692307,0.8737864077669902,0.7307692307692307,0.8823529411764706,0.7450980392156863,0.8094422234913383,0.9012066365007542
105,13,57,2,5,0.9090909090909091,0.8441619585687382,0.9661016949152542,0.7222222222222222,0.9421487603305785,0.7222222222222222,0.9661016949152542,0.7878787878787878,0.8650137741046832,0.928436911487759
106,16,46,3,12,0.8051948051948052,0.7551020408163265,0.9387755102040817,0.5714285714285714,0.8598130841121495,0.5714285714285714,0.9387755102040817,0.6808510638297872,0.7703320739709684,0.8112244897959183
107,13,49,4,11,0.8051948051948052,0.7330974842767295,0.9245283018867925,0.5416666666666666,0.8672566371681416,0.5416666666666666,0.9245283018867925,0.6341463414634146,0.7507014893157782,0.8411949685534592
108,15,47,4,11,0.8051948051948052,0.7492458521870287,0.9215686274509803,0.5769230769230769,0.8623853211009175,0.5769230769230769,0.9215686274509803,0.6666666666666666,0.764525993883792,0.8355957767722474
109,20,47,4,6,0.8701298701298701,0.8453996983408748,0.9215686274509803,0.7692307692307693,0.9038461538461539,0.7692307692307693,0.9215686274509803,0.8,0.851923076923077,0.8597285067873304
110,14,46,3,14,0.7792207792207793,0.7193877551020409,0.9387755102040817,0.5,0.8440366972477065,0.5,0.9387755102040817,0.6222222222222222,0.7331294597349644,0.771865889212828
111,8,57,4,8,0.8441558441558441,0.7172131147540983,0.9344262295081968,0.5,0.9047619047619048,0.5,0.9344262295081968,0.5714285714285714,0.7380952380952381,0.8002049180327869
112,17,44,3,13,0.7922077922077922,0.7514184397163121,0.9361702127659575,0.5666666666666667,0.8461538461538461,0.5666666666666667,0.9361702127659575,0.68,0.7630769230769231,0.8773049645390071
113,14,54,3,6,0.8831168831168831,0.8236842105263158,0.9473684210526315,0.7,0.9230769230769231,0.7,0.9473684210526315,0.7567567567567568,0.83991683991684,0.918421052631579
114,16,45,8,8,0.7922077922077922,0.7578616352201257,0.8490566037735849,0.6666666666666666,0.8490566037735849,0.6666666666666666,0.8490566037735849,0.6666666666666666,0.7578616352201257,0.809748427672956
115,15,45,6,11,0.7792207792207793,0.7296380090497737,0.8823529411764706,0.5769230769230769,0.8411214953271028,0.5769230769230769,0.8823529411764706,0.6382978723404256,0.7397096838337642,0.8883861236802414
116,9,54,5,9,0.8181818181818182,0.7076271186440678,0.9152542372881356,0.5,0.8852459016393442,0.5,0.9152542372881356,0.5625,0.7238729508196722,0.8945386064030132
117,11,50,4,12,0.7922077922077922,0.7020933977455717,0.9259259259259259,0.4782608695652174,0.8620689655172413,0.4782608695652174,0.9259259259259259,0.5789473684210527,0.720508166969147,0.8743961352657005
118,12,52,1,12,0.8311688311688312,0.7405660377358491,0.9811320754716981,0.5,0.8888888888888888,0.5,0.9811320754716981,0.6486486486486487,0.7687687687687688,0.9339622641509434
119,14,54,4,5,0.8831168831168831,0.8339382940108893,0.9310344827586207,0.7368421052631579,0.9230769230769231,0.7368421052631579,0.9310344827586207,0.7567567567567568,0.83991683991684,0.836660617059891
120,8,56,3,10,0.8311688311688312,0.6967984934086628,0.9491525423728814,0.4444444444444444,0.896,0.4444444444444444,0.9491525423728814,0.5517241379310345,0.7238620689655173,0.9227871939736346
121,15,48,3,11,0.8181818181818182,0.7590497737556561,0.9411764705882353,0.5769230769230769,0.8727272727272727,0.5769230769230769,0.9411764705882353,0.6818181818181818,0.7772727272727272,0.8755656108597285
122,16,46,5,10,0.8051948051948052,0.7586726998491704,0.9019607843137255,0.6153846153846154,0.8598130841121495,0.6153846153846154,0.9019607843137255,0.6808510638297872,0.7703320739709684,0.8340874811463046
123,14,48,5,10,0.8051948051948052,0.7444968553459119,0.9056603773584906,0.5833333333333334,0.8648648648648649,0.5833333333333334,0.9056603773584906,0.6511627906976745,0.7580138277812697,0.8136792452830188
124,9,56,6,6,0.8441558441558441,0.7516129032258064,0.9032258064516129,0.6,0.9032258064516129,0.6,0.9032258064516129,0.6,0.7516129032258064,0.7473118279569892
125,9,58,3,7,0.8701298701298701,0.7566598360655737,0.9508196721311475,0.5625,0.9206349206349206,0.5625,0.9508196721311475,0.6428571428571429,0.7817460317460317,0.8309426229508197
126,6,52,7,12,0.7532467532467533,0.6073446327683616,0.8813559322033898,0.3333333333333333,0.8455284552845529,0.3333333333333333,0.8813559322033898,0.3870967741935484,0.6163126147390506,0.7382297551789078
127,23,38,4,12,0.7922077922077922,0.780952380952381,0.9047619047619048,0.6571428571428571,0.8260869565217391,0.6571428571428571,0.9047619047619048,0.7419354838709677,0.7840112201963534,0.8571428571428572
128,12,51,2,12,0.8181818181818182,0.7311320754716981,0.9622641509433962,0.5,0.8793103448275862,0.5,0.9622641509433962,0.631578947368421,0.7554446460980035,0.8286163522012577
129,11,51,5,10,0.8051948051948052,0.7172619047619048,0.9107142857142857,0.5238095238095238,0.8717948717948718,0.5238095238095238,0.9107142857142857,0.5945945945945946,0.7331947331947333,0.8273809523809523
130,9,49,7,12,0.7532467532467533,0.6517857142857143,0.875,0.42857142857142855,0.8376068376068376,0.42857142857142855,0.875,0.4864864864864865,0.6620466620466621,0.8163265306122449
131,14,52,2,9,0.8571428571428571,0.7858293075684379,0.9629629629629629,0.6086956521739131,0.9043478260869565,0.6086956521739131,0.9629629629629629,0.717948717948718,0.8111482720178372,0.8792270531400966
132,12,57,3,5,0.8961038961038961,0.8279411764705882,0.95,0.7058823529411765,0.9344262295081968,0.7058823529411765,0.95,0.75,0.8422131147540983,0.9215686274509803
133,10,57,4,6,0.8701298701298701,0.7797131147540983,0.9344262295081968,0.625,0.9193548387096774,0.625,0.9344262295081968,0.6666666666666666,0.793010752688172,0.9098360655737705
134,12,55,3,7,0.8701298701298701,0.7899274047186933,0.9482758620689655,0.631578947368421,0.9166666666666666,0.631578947368421,0.9482758620689655,0.7058823529411765,0.8112745098039216,0.9156079854809438
135,10,54,2,11,0.8311688311688312,0.7202380952380952,0.9642857142857143,0.47619047619047616,0.8925619834710744,0.47619047619047616,0.9642857142857143,0.6060606060606061,0.7493112947658402,0.9039115646258503
136,12,54,4,7,0.8571428571428571,0.7813067150635209,0.9310344827586207,0.631578947368421,0.907563025210084,0.631578947368421,0.9310344827586207,0.6857142857142857,0.7966386554621849,0.8711433756805806
137,16,45,7,9,0.7922077922077922,0.7526923076923078,0.8653846153846154,0.64,0.8490566037735849,0.64,0.8653846153846154,0.6666666666666666,0.7578616352201257,0.8638461538461538
138,8,58,3,8,0.8571428571428571,0.7254098360655737,0.9508196721311475,0.5,0.9133858267716536,0.5,0.9508196721311475,0.5925925925925926,0.7529892096821231,0.8616803278688525
139,14,51,4,8,0.8441558441558441,0.7818181818181817,0.9272727272727272,0.6363636363636364,0.8947368421052632,0.6363636363636364,0.9272727272727272,0.7,0.7973684210526315,0.868595041322314
140,9,58,4,6,0.8701298701298701,0.7677419354838709,0.9354838709677419,0.6,0.9206349206349206,0.6,0.9354838709677419,0.6428571428571429,0.7817460317460317,0.9053763440860215
141,14,47,8,8,0.7922077922077922,0.7454545454545454,0.8545454545454545,0.6363636363636364,0.8545454545454545,0.6363636363636364,0.8545454545454545,0.6363636363636364,0.7454545454545454,0.8388429752066116
142,6,56,3,12,0.8051948051948052,0.6412429378531074,0.9491525423728814,0.3333333333333333,0.8818897637795275,0.3333333333333333,0.9491525423728814,0.4444444444444444,0.663167104111986,0.7815442561205274
143,16,51,3,7,0.8701298701298701,0.8200483091787439,0.9444444444444444,0.6956521739130435,0.9107142857142857,0.6956521739130435,0.9444444444444444,0.7619047619047619,0.8363095238095237,0.9098228663446055
144,8,52,4,13,0.7792207792207793,0.6547619047619048,0.9285714285714286,0.38095238095238093,0.859504132231405,0.38095238095238093,0.9285714285714286,0.48484848484848486,0.6721763085399449,0.7508503401360543
145,10,53,8,6,0.8181818181818182,0.7469262295081966,0.8688524590163934,0.625,0.8833333333333333,0.625,0.8688524590163934,0.5882352941176471,0.7357843137254902,0.826844262295082
146,9,53,7,8,0.8051948051948052,0.7063725490196078,0.8833333333333333,0.5294117647058824,0.8760330578512396,0.5294117647058824,0.8833333333333333,0.5454545454545454,0.7107438016528925,0.738235294117647
147,19,54,0,4,0.948051948051948,0.9130434782608696,1.0,0.8260869565217391,0.9642857142857143,0.8260869565217391,1.0,0.9047619047619048,0.9345238095238095,0.9589371980676328
148,13,58,4,2,0.922077922077922,0.9010752688172043,0.9354838709677419,0.8666666666666667,0.9508196721311475,0.8666666666666667,0.9354838709677419,0.8125,0.8816598360655737,0.9870967741935484
149,10,53,2,12,0.8181818181818182,0.7090909090909091,0.9636363636363636,0.45454545454545453,0.8833333333333333,0.45454545454545453,0.9636363636363636,0.5882352941176471,0.7357843137254902,0.8867768595041322
150,16,47,2,12,0.8181818181818182,0.7653061224489796,0.9591836734693877,0.5714285714285714,0.8703703703703703,0.5714285714285714,0.9591836734693877,0.6956521739130435,0.7830112721417068,0.858600583090379
151,5,55,3,14,0.7792207792207793,0.6057168784029038,0.9482758620689655,0.2631578947368421,0.8661417322834646,0.2631578947368421,0.9482758620689655,0.37037037037037035,0.6182560513269175,0.647912885662432
152,9,55,8,5,0.8311688311688312,0.7579365079365079,0.873015873015873,0.6428571428571429,0.8943089430894309,0.6428571428571429,0.873015873015873,0.5806451612903226,0.7374770521898768,0.8412698412698413
153,20,42,4,11,0.8051948051948052,0.7791023842917251,0.9130434782608695,0.6451612903225806,0.8484848484848485,0.6451612903225806,0.9130434782608695,0.7272727272727273,0.7878787878787878,0.85273492286115
154,14,46,6,11,0.7792207792207793,0.7223076923076923,0.8846153846153846,0.56,0.8440366972477065,0.56,0.8846153846153846,0.6222222222222222,0.7331294597349644,0.866153846153846
155,18,48,3,8,0.8571428571428571,0.8167420814479638,0.9411764705882353,0.6923076923076923,0.897196261682243,0.6923076923076923,0.9411764705882353,0.7659574468085106,0.8315768542453768,0.892156862745098
156,11,54,4,8,0.8441558441558441,0.7549909255898366,0.9310344827586207,0.5789473684210527,0.9,0.5789473684210527,0.9310344827586207,0.6470588235294118,0.7735294117647059,0.8593466424682396
157,13,50,7,7,0.8181818181818182,0.7635964912280702,0.8771929824561403,0.65,0.8771929824561403,0.65,0.8771929824561403,0.65,0.7635964912280702,0.8877192982456141
158,9,56,6,6,0.8441558441558441,0.7516129032258064,0.9032258064516129,0.6,0.9032258064516129,0.6,0.9032258064516129,0.6,0.7516129032258064,0.7870967741935484
159,9,59,3,6,0.8831168831168831,0.7758064516129033,0.9516129032258065,0.6,0.9291338582677166,0.6,0.9516129032258065,0.6666666666666666,0.7979002624671916,0.8
160,11,51,4,11,0.8051948051948052,0.7136363636363636,0.9272727272727272,0.5,0.8717948717948718,0.5,0.9272727272727272,0.5945945945945946,0.7331947331947333,0.7355371900826446
161,10,50,8,9,0.7792207792207793,0.6941923774954628,0.8620689655172413,0.5263157894736842,0.8547008547008547,0.5263157894736842,0.8620689655172413,0.5405405405405406,0.6976206976206976,0.7876588021778583
162,11,54,4,8,0.8441558441558441,0.7549909255898366,0.9310344827586207,0.5789473684210527,0.9,0.5789473684210527,0.9310344827586207,0.6470588235294118,0.7735294117647059,0.8520871143375679
163,11,58,4,4,0.8961038961038961,0.8344086021505376,0.9354838709677419,0.7333333333333333,0.9354838709677419,0.7333333333333333,0.9354838709677419,0.7333333333333333,0.8344086021505376,0.9032258064516129
164,11,60,2,4,0.922077922077922,0.8505376344086022,0.967741935483871,0.7333333333333333,0.9523809523809523,0.7333333333333333,0.967741935483871,0.7857142857142857,0.8690476190476191,0.9655913978494624
165,17,50,1,9,0.8701298701298701,0.8171191553544495,0.9803921568627451,0.6538461538461539,0.9090909090909091,0.6538461538461539,0.9803921568627451,0.7727272727272727,0.8409090909090908,0.8793363499245852
166,14,56,3,4,0.9090909090909091,0.8634651600753296,0.9491525423728814,0.7777777777777778,0.9411764705882353,0.7777777777777778,0.9491525423728814,0.8,0.8705882352941177,0.9369114877589454
167,14,49,5,9,0.8181818181818182,0.7580515297906603,0.9074074074074074,0.6086956521739131,0.875,0.6086956521739131,0.9074074074074074,0.6666666666666666,0.7708333333333333,0.8550724637681159
168,8,49,7,13,0.7402597402597403,0.6279761904761905,0.875,0.38095238095238093,0.8305084745762712,0.38095238095238093,0.875,0.4444444444444444,0.6374764595103578,0.7389455782312925
169,13,48,3,13,0.7922077922077922,0.7205882352941176,0.9411764705882353,0.5,0.8571428571428571,0.5,0.9411764705882353,0.6190476190476191,0.7380952380952381,0.8438914027149321
170,10,58,3,6,0.8831168831168831,0.7879098360655737,0.9508196721311475,0.625,0.928,0.625,0.9508196721311475,0.6896551724137931,0.8088275862068965,0.8954918032786885
171,12,54,3,8,0.8571428571428571,0.7736842105263158,0.9473684210526315,0.6,0.907563025210084,0.6,0.9473684210526315,0.6857142857142857,0.7966386554621849,0.8868421052631579
172,15,46,4,12,0.7922077922077922,0.7377777777777779,0.92,0.5555555555555556,0.8518518518518519,0.5555555555555556,0.92,0.6521739130434783,0.7520128824476651,0.825925925925926
173,9,54,3,11,0.8181818181818182,0.6986842105263158,0.9473684210526315,0.45,0.8852459016393442,0.45,0.9473684210526315,0.5625,0.7238729508196722,0.8947368421052633
174,13,48,4,12,0.7922077922077922,0.7215384615384616,0.9230769230769231,0.52,0.8571428571428571,0.52,0.9230769230769231,0.6190476190476191,0.7380952380952381,0.8923076923076922
175,11,55,3,8,0.8571428571428571,0.7636116152450091,0.9482758620689655,0.5789473684210527,0.9090909090909091,0.5789473684210527,0.9482758620689655,0.6666666666666666,0.7878787878787878,0.8656987295825771
176,10,56,3,8,0.8571428571428571,0.7523540489642184,0.9491525423728814,0.5555555555555556,0.9105691056910569,0.5555555555555556,0.9491525423728814,0.6451612903225806,0.7778651980068187,0.8455743879472694
177,5,59,2,11,0.8311688311688312,0.6398565573770492,0.9672131147540983,0.3125,0.9007633587786259,0.3125,0.9672131147540983,0.43478260869565216,0.667772983737139,0.7735655737704917
178,9,58,2,8,0.8701298701298701,0.7480392156862745,0.9666666666666667,0.5294117647058824,0.9206349206349206,0.5294117647058824,0.9666666666666667,0.6428571428571429,0.7817460317460317,0.8950980392156863
179,13,50,2,12,0.8181818181818182,0.7407692307692308,0.9615384615384616,0.52,0.8771929824561403,0.52,0.9615384615384616,0.65,0.7635964912280702,0.8423076923076923
180,12,54,4,7,0.8571428571428571,0.7813067150635209,0.9310344827586207,0.631578947368421,0.907563025210084,0.631578947368421,0.9310344827586207,0.6857142857142857,0.7966386554621849,0.837568058076225
181,10,60,2,5,0.9090909090909091,0.8172043010752688,0.967741935483871,0.6666666666666666,0.9448818897637795,0.6666666666666666,0.967741935483871,0.7407407407407407,0.84281131525226,0.8655913978494624
182,9,54,4,10,0.8181818181818182,0.7023593466424682,0.9310344827586207,0.47368421052631576,0.8852459016393442,0.47368421052631576,0.9310344827586207,0.5625,0.7238729508196722,0.8185117967332124
183,14,53,3,7,0.8701298701298701,0.8065476190476191,0.9464285714285714,0.6666666666666666,0.9137931034482759,0.6666666666666666,0.9464285714285714,0.7368421052631579,0.8253176043557169,0.8316326530612245
184,12,51,3,11,0.8181818181818182,0.7330917874396135,0.9444444444444444,0.5217391304347826,0.8793103448275862,0.5217391304347826,0.9444444444444444,0.631578947368421,0.7554446460980035,0.9106280193236714
185,10,53,6,8,0.8181818181818182,0.7269303201506592,0.8983050847457628,0.5555555555555556,0.8833333333333333,0.5555555555555556,0.8983050847457628,0.5882352941176471,0.7357843137254902,0.7937853107344632
186,10,52,5,10,0.8051948051948052,0.706140350877193,0.9122807017543859,0.5,0.8739495798319328,0.5,0.9122807017543859,0.5714285714285714,0.7226890756302521,0.8473684210526317
187,11,53,5,8,0.8311688311688312,0.7463702359346642,0.9137931034482759,0.5789473684210527,0.8907563025210085,0.5789473684210527,0.9137931034482759,0.6285714285714286,0.7596638655462185,0.8511796733212341
188,12,45,4,16,0.7402597402597403,0.673469387755102,0.9183673469387755,0.42857142857142855,0.8181818181818182,0.42857142857142855,0.9183673469387755,0.5454545454545454,0.6818181818181819,0.8017492711370262
189,6,59,0,12,0.8441558441558441,0.6666666666666666,1.0,0.3333333333333333,0.9076923076923077,0.3333333333333333,1.0,0.5,0.7038461538461538,0.7627118644067796
190,8,54,5,10,0.8051948051948052,0.67984934086629,0.9152542372881356,0.4444444444444444,0.8780487804878049,0.4444444444444444,0.9152542372881356,0.5161290322580645,0.6970889063729346,0.6713747645951036
191,10,53,3,11,0.8181818181818182,0.7113095238095237,0.9464285714285714,0.47619047619047616,0.8833333333333333,0.47619047619047616,0.9464285714285714,0.5882352941176471,0.7357843137254902,0.8392857142857142
192,13,45,4,15,0.7532467532467533,0.6913265306122449,0.9183673469387755,0.4642857142857143,0.8256880733944955,0.4642857142857143,0.9183673469387755,0.5777777777777777,0.7017329255861366,0.7915451895043731
193,8,53,2,14,0.7922077922077922,0.6636363636363636,0.9636363636363636,0.36363636363636365,0.8688524590163934,0.36363636363636365,0.9636363636363636,0.5,0.6844262295081966,0.8553719008264463
194,14,54,1,8,0.8831168831168831,0.8090909090909091,0.9818181818181818,0.6363636363636364,0.9230769230769231,0.6363636363636364,0.9818181818181818,0.7567567567567568,0.83991683991684,0.8917355371900826
195,9,48,5,15,0.7402597402597403,0.6403301886792453,0.9056603773584906,0.375,0.8275862068965517,0.375,0.9056603773584906,0.47368421052631576,0.6506352087114338,0.8073899371069182
196,9,52,3,13,0.7922077922077922,0.6772727272727272,0.9454545454545454,0.4090909090909091,0.8666666666666667,0.4090909090909091,0.9454545454545454,0.5294117647058824,0.6980392156862745,0.7950413223140497
197,10,52,5,10,0.8051948051948052,0.706140350877193,0.9122807017543859,0.5,0.8739495798319328,0.5,0.9122807017543859,0.5714285714285714,0.7226890756302521,0.9131578947368421
198,9,56,7,5,0.8441558441558441,0.7658730158730158,0.8888888888888888,0.6428571428571429,0.9032258064516129,0.6428571428571429,0.8888888888888888,0.6,0.7516129032258064,0.9149659863945578
199,13,57,0,7,0.9090909090909091,0.825,1.0,0.65,0.9421487603305785,0.65,1.0,0.7878787878787878,0.8650137741046832,0.9245614035087719
200,13,48,4,12,0.7922077922077922,0.7215384615384616,0.9230769230769231,0.52,0.8571428571428571,0.52,0.9230769230769231,0.6190476190476191,0.7380952380952381,0.8046153846153846
201,8,55,8,6,0.8181818181818182,0.7222222222222222,0.873015873015873,0.5714285714285714,0.8870967741935484,0.5714285714285714,0.873015873015873,0.5333333333333333,0.7102150537634409,0.9149659863945578
202,15,51,2,9,0.8571428571428571,0.7936320754716981,0.9622641509433962,0.625,0.9026548672566371,0.625,0.9622641509433962,0.7317073170731707,0.8171810921649039,0.9591194968553459
203,10,55,1,11,0.8441558441558441,0.7291666666666666,0.9821428571428571,0.47619047619047616,0.9016393442622951,0.47619047619047616,0.9821428571428571,0.625,0.7633196721311475,0.7687074829931972
204,8,58,2,9,0.8571428571428571,0.7186274509803922,0.9666666666666667,0.47058823529411764,0.9133858267716536,0.47058823529411764,0.9666666666666667,0.5925925925925926,0.7529892096821231,0.8558823529411764
205,7,54,4,12,0.7922077922077922,0.6497277676950998,0.9310344827586207,0.3684210526315789,0.8709677419354839,0.3684210526315789,0.9310344827586207,0.4666666666666667,0.6688172043010753,0.8448275862068966
206,12,52,1,12,0.8311688311688312,0.7405660377358491,0.9811320754716981,0.5,0.8888888888888888,0.5,0.9811320754716981,0.6486486486486487,0.7687687687687688,0.8970125786163522
207,15,49,4,9,0.8311688311688312,0.7747641509433962,0.9245283018867925,0.625,0.8828828828828829,0.625,0.9245283018867925,0.6976744186046512,0.790278650743767,0.8812893081761006
208,10,59,4,4,0.8961038961038961,0.8253968253968254,0.9365079365079365,0.7142857142857143,0.9365079365079365,0.7142857142857143,0.9365079365079365,0.7142857142857143,0.8253968253968254,0.8877551020408163
209,13,52,3,9,0.8441558441558441,0.7681818181818182,0.9454545454545454,0.5909090909090909,0.896551724137931,0.5909090909090909,0.9454545454545454,0.6842105263157895,0.7903811252268602,0.8479338842975206
210,15,45,6,11,0.7792207792207793,0.7296380090497737,0.8823529411764706,0.5769230769230769,0.8411214953271028,0.5769230769230769,0.8823529411764706,0.6382978723404256,0.7397096838337642,0.8129713423831071
211,10,54,5,8,0.8311688311688312,0.7354048964218456,0.9152542372881356,0.5555555555555556,0.8925619834710744,0.5555555555555556,0.9152542372881356,0.6060606060606061,0.7493112947658402,0.8399246704331451
212,11,48,4,14,0.7662337662337663,0.6815384615384615,0.9230769230769231,0.44,0.8421052631578947,0.44,0.9230769230769231,0.55,0.6960526315789474,0.7938461538461539
213,13,51,3,10,0.8311688311688312,0.7548309178743962,0.9444444444444444,0.5652173913043478,0.8869565217391304,0.5652173913043478,0.9444444444444444,0.6666666666666666,0.7768115942028986,0.8140096618357489
214,11,56,1,9,0.8701298701298701,0.7662280701754386,0.9824561403508771,0.55,0.9180327868852459,0.55,0.9824561403508771,0.6875,0.802766393442623,0.8210526315789474
215,14,54,3,6,0.8831168831168831,0.8236842105263158,0.9473684210526315,0.7,0.9230769230769231,0.7,0.9473684210526315,0.7567567567567568,0.83991683991684,0.880701754385965
216,9,55,4,9,0.8311688311688312,0.7161016949152542,0.9322033898305084,0.5,0.8943089430894309,0.5,0.9322033898305084,0.5806451612903226,0.7374770521898768,0.8163841807909604
217,8,57,5,7,0.8441558441558441,0.7263440860215054,0.9193548387096774,0.5333333333333333,0.9047619047619048,0.5333333333333333,0.9193548387096774,0.5714285714285714,0.7380952380952381,0.7376344086021506
218,17,45,6,9,0.8051948051948052,0.7680995475113122,0.8823529411764706,0.6538461538461539,0.8571428571428571,0.6538461538461539,0.8823529411764706,0.6938775510204082,0.7755102040816326,0.8431372549019608
219,9,55,5,8,0.8311688311688312,0.7230392156862745,0.9166666666666666,0.5294117647058824,0.8943089430894309,0.5294117647058824,0.9166666666666666,0.5806451612903226,0.7374770521898768,0.8205882352941176
220,9,51,1,16,0.7792207792207793,0.6703846153846154,0.9807692307692307,0.36,0.8571428571428571,0.36,0.9807692307692307,0.5142857142857142,0.6857142857142857,0.8823076923076922
221,11,54,4,8,0.8441558441558441,0.7549909255898366,0.9310344827586207,0.5789473684210527,0.9,0.5789473684210527,0.9310344827586207,0.6470588235294118,0.7735294117647059,0.8620689655172413
222,10,53,6,8,0.8181818181818182,0.7269303201506592,0.8983050847457628,0.5555555555555556,0.8833333333333333,0.5555555555555556,0.8983050847457628,0.5882352941176471,0.7357843137254902,0.8888888888888888
223,10,55,7,5,0.8441558441558441,0.7768817204301075,0.8870967741935484,0.6666666666666666,0.9016393442622951,0.6666666666666666,0.8870967741935484,0.625,0.7633196721311475,0.910752688172043
224,20,47,5,5,0.8701298701298701,0.851923076923077,0.9038461538461539,0.8,0.9038461538461539,0.8,0.9038461538461539,0.8,0.851923076923077,0.8476923076923076
225,10,50,7,10,0.7792207792207793,0.6885964912280702,0.8771929824561403,0.5,0.8547008547008547,0.5,0.8771929824561403,0.5405405405405406,0.6976206976206976,0.8543859649122807
226,13,51,3,10,0.8311688311688312,0.7548309178743962,0.9444444444444444,0.5652173913043478,0.8869565217391304,0.5652173913043478,0.9444444444444444,0.6666666666666666,0.7768115942028986,0.8180354267310789
227,16,51,1,9,0.8701298701298701,0.8103846153846154,0.9807692307692307,0.64,0.9107142857142857,0.64,0.9807692307692307,0.7619047619047619,0.8363095238095237,0.9076923076923078
228,9,49,8,11,0.7532467532467533,0.6548245614035088,0.8596491228070176,0.45,0.8376068376068376,0.45,0.8596491228070176,0.4864864864864865,0.6620466620466621,0.75
229,17,43,7,10,0.7792207792207793,0.7448148148148148,0.86,0.6296296296296297,0.8349514563106796,0.6296296296296297,0.86,0.6666666666666666,0.7508090614886731,0.8185185185185185
230,14,48,5,10,0.8051948051948052,0.7444968553459119,0.9056603773584906,0.5833333333333334,0.8648648648648649,0.5833333333333334,0.9056603773584906,0.6511627906976745,0.7580138277812697,0.8396226415094339
231,16,43,1,17,0.7662337662337663,0.7310606060606061,0.9772727272727273,0.48484848484848486,0.8269230769230769,0.48484848484848486,0.9772727272727273,0.64,0.7334615384615384,0.8698347107438016
232,18,47,3,9,0.8441558441558441,0.8033333333333332,0.94,0.6666666666666666,0.8867924528301887,0.6666666666666666,0.94,0.75,0.8183962264150944,0.8837037037037037
233,11,53,5,8,0.8311688311688312,0.7463702359346642,0.9137931034482759,0.5789473684210527,0.8907563025210085,0.5789473684210527,0.9137931034482759,0.6285714285714286,0.7596638655462185,0.8557168784029039
234,14,52,3,8,0.8571428571428571,0.7909090909090909,0.9454545454545454,0.6363636363636364,0.9043478260869565,0.6363636363636364,0.9454545454545454,0.717948717948718,0.8111482720178372,0.8785123966942149
235,12,46,4,15,0.7532467532467533,0.6822222222222223,0.92,0.4444444444444444,0.8288288288288288,0.4444444444444444,0.92,0.5581395348837209,0.6934841818562749,0.8348148148148148
236,6,52,5,14,0.7532467532467533,0.606140350877193,0.9122807017543859,0.3,0.8455284552845529,0.3,0.9122807017543859,0.3870967741935484,0.6163126147390506,0.8
237,10,52,4,11,0.8051948051948052,0.7023809523809523,0.9285714285714286,0.47619047619047616,0.8739495798319328,0.47619047619047616,0.9285714285714286,0.5714285714285714,0.7226890756302521,0.852891156462585
238,17,48,5,7,0.8441558441558441,0.8069968553459119,0.9056603773584906,0.7083333333333334,0.8888888888888888,0.7083333333333334,0.9056603773584906,0.7391304347826086,0.8140096618357487,0.8828616352201258
239,13,50,6,8,0.8181818181818182,0.7559523809523809,0.8928571428571429,0.6190476190476191,0.8771929824561403,0.6190476190476191,0.8928571428571429,0.65,0.7635964912280702,0.8180272108843538
240,7,53,4,13,0.7792207792207793,0.6399122807017543,0.9298245614035088,0.35,0.8617886178861789,0.35,0.9298245614035088,0.45161290322580644,0.6567007605559927,0.7736842105263158
241,13,50,5,9,0.8181818181818182,0.75,0.9090909090909091,0.5909090909090909,0.8771929824561403,0.5909090909090909,0.9090909090909091,0.65,0.7635964912280702,0.8033057851239669
242,9,55,5,8,0.8311688311688312,0.7230392156862745,0.9166666666666666,0.5294117647058824,0.8943089430894309,0.5294117647058824,0.9166666666666666,0.5806451612903226,0.7374770521898768,0.8627450980392157
243,15,49,4,9,0.8311688311688312,0.7747641509433962,0.9245283018867925,0.625,0.8828828828828829,0.625,0.9245283018867925,0.6976744186046512,0.790278650743767,0.8836477987421383
244,11,47,6,13,0.7532467532467533,0.672562893081761,0.8867924528301887,0.4583333333333333,0.831858407079646,0.4583333333333333,0.8867924528301887,0.5365853658536586,0.6842218864666523,0.7940251572327044
245,12,55,5,5,0.8701298701298701,0.8112745098039216,0.9166666666666666,0.7058823529411765,0.9166666666666666,0.7058823529411765,0.9166666666666666,0.7058823529411765,0.8112745098039216,0.9372549019607843
246,13,52,2,10,0.8441558441558441,0.7640901771336553,0.9629629629629629,0.5652173913043478,0.896551724137931,0.5652173913043478,0.9629629629629629,0.6842105263157895,0.7903811252268602,0.8735909822866345
247,11,54,5,7,0.8441558441558441,0.7631826741996234,0.9152542372881356,0.6111111111111112,0.9,0.6111111111111112,0.9152542372881356,0.6470588235294118,0.7735294117647059,0.8766478342749529
248,13,52,6,6,0.8441558441558441,0.7903811252268602,0.896551724137931,0.6842105263157895,0.896551724137931,0.6842105263157895,0.896551724137931,0.6842105263157895,0.7903811252268602,0.8275862068965517
249,11,48,4,14,0.7662337662337663,0.6815384615384615,0.9230769230769231,0.44,0.8421052631578947,0.44,0.9230769230769231,0.55,0.6960526315789474,0.8023076923076923
250,6,58,5,8,0.8311688311688312,0.6746031746031745,0.9206349206349206,0.42857142857142855,0.8992248062015504,0.42857142857142855,0.9206349206349206,0.48,0.6896124031007752,0.8741496598639455
251,12,55,3,7,0.8701298701298701,0.7899274047186933,0.9482758620689655,0.631578947368421,0.9166666666666666,0.631578947368421,0.9482758620689655,0.7058823529411765,0.8112745098039216,0.9237749546279491
252,9,53,2,13,0.8051948051948052,0.6863636363636364,0.9636363636363636,0.4090909090909091,0.8760330578512396,0.4090909090909091,0.9636363636363636,0.5454545454545454,0.7107438016528925,0.815702479338843
253,10,52,6,9,0.8051948051948052,0.7114337568058076,0.896551724137931,0.5263157894736842,0.8739495798319328,0.5263157894736842,0.896551724137931,0.5714285714285714,0.7226890756302521,0.7921960072595281
254,19,46,7,5,0.8441558441558441,0.8297955974842768,0.8679245283018868,0.7916666666666666,0.8846153846153846,0.7916666666666666,0.8679245283018868,0.76,0.8223076923076923,0.8529874213836478
255,13,54,3,7,0.8701298701298701,0.7986842105263158,0.9473684210526315,0.65,0.9152542372881356,0.65,0.9473684210526315,0.7222222222222222,0.8187382297551788,0.8912280701754387
256,15,48,6,8,0.8181818181818182,0.7705314009661836,0.8888888888888888,0.6521739130434783,0.8727272727272727,0.6521739130434783,0.8888888888888888,0.6818181818181818,0.7772727272727272,0.7922705314009661
257,13,48,2,14,0.7922077922077922,0.7207407407407407,0.96,0.48148148148148145,0.8571428571428571,0.48148148148148145,0.96,0.6190476190476191,0.7380952380952381,0.7888888888888889
258,12,54,6,5,0.8571428571428571,0.8029411764705883,0.9,0.7058823529411765,0.907563025210084,0.7058823529411765,0.9,0.6857142857142857,0.7966386554621849,0.8490196078431372
259,17,47,4,9,0.8311688311688312,0.7877073906485671,0.9215686274509803,0.6538461538461539,0.8785046728971962,0.6538461538461539,0.9215686274509803,0.723404255319149,0.8009544641081726,0.889894419306184
260,13,58,4,2,0.922077922077922,0.9010752688172043,0.9354838709677419,0.8666666666666667,0.9508196721311475,0.8666666666666667,0.9354838709677419,0.8125,0.8816598360655737,0.9548387096774194
261,16,44,8,9,0.7792207792207793,0.7430769230769231,0.8461538461538461,0.64,0.8380952380952381,0.64,0.8461538461538461,0.6530612244897959,0.745578231292517,0.8484615384615385
262,15,48,3,11,0.8181818181818182,0.7590497737556561,0.9411764705882353,0.5769230769230769,0.8727272727272727,0.5769230769230769,0.9411764705882353,0.6818181818181818,0.7772727272727272,0.8853695324283559
263,10,53,6,8,0.8181818181818182,0.7269303201506592,0.8983050847457628,0.5555555555555556,0.8833333333333333,0.5555555555555556,0.8983050847457628,0.5882352941176471,0.7357843137254902,0.8276836158192091
264,15,51,3,8,0.8571428571428571,0.7983091787439613,0.9444444444444444,0.6521739130434783,0.9026548672566371,0.6521739130434783,0.9444444444444444,0.7317073170731707,0.8171810921649039,0.9210950080515298
265,9,53,2,13,0.8051948051948052,0.6863636363636364,0.9636363636363636,0.4090909090909091,0.8760330578512396,0.4090909090909091,0.9636363636363636,0.5454545454545454,0.7107438016528925,0.8421487603305785
266,15,51,7,4,0.8571428571428571,0.8343920145190562,0.8793103448275862,0.7894736842105263,0.9026548672566371,0.7894736842105263,0.8793103448275862,0.7317073170731707,0.8171810921649039,0.9355716878402903
267,11,59,2,5,0.9090909090909091,0.8273565573770492,0.9672131147540983,0.6875,0.944,0.6875,0.9672131147540983,0.7586206896551724,0.8513103448275862,0.8504098360655739
268,16,45,2,14,0.7922077922077922,0.7453900709219858,0.9574468085106383,0.5333333333333333,0.8490566037735849,0.5333333333333333,0.9574468085106383,0.6666666666666666,0.7578616352201257,0.8503546099290781
269,8,57,4,8,0.8441558441558441,0.7172131147540983,0.9344262295081968,0.5,0.9047619047619048,0.5,0.9344262295081968,0.5714285714285714,0.7380952380952381,0.8831967213114754
270,15,54,3,5,0.8961038961038961,0.8486842105263157,0.9473684210526315,0.75,0.9310344827586207,0.75,0.9473684210526315,0.7894736842105263,0.8602540834845736,0.9254385964912281
271,7,52,6,12,0.7662337662337663,0.632486388384755,0.896551724137931,0.3684210526315789,0.8524590163934426,0.3684210526315789,0.896551724137931,0.4375,0.6449795081967213,0.7186932849364791
272,13,53,0,11,0.8571428571428571,0.7708333333333333,1.0,0.5416666666666666,0.905982905982906,0.5416666666666666,1.0,0.7027027027027027,0.8043428043428044,0.860062893081761
273,12,50,3,12,0.8051948051948052,0.7216981132075472,0.9433962264150944,0.5,0.8695652173913043,0.5,0.9433962264150944,0.6153846153846154,0.7424749163879598,0.8522012578616351
274,10,54,3,10,0.8311688311688312,0.7236842105263157,0.9473684210526315,0.5,0.8925619834710744,0.5,0.9473684210526315,0.6060606060606061,0.7493112947658402,0.8912280701754387
275,12,58,4,3,0.9090909090909091,0.8677419354838709,0.9354838709677419,0.8,0.943089430894309,0.8,0.9354838709677419,0.7741935483870968,0.8586414896407029,0.910752688172043
276,13,52,5,7,0.8441558441558441,0.781140350877193,0.9122807017543859,0.65,0.896551724137931,0.65,0.9122807017543859,0.6842105263157895,0.7903811252268602,0.7903508771929825
277,14,52,4,7,0.8571428571428571,0.7976190476190477,0.9285714285714286,0.6666666666666666,0.9043478260869565,0.6666666666666666,0.9285714285714286,0.717948717948718,0.8111482720178372,0.9022108843537414
278,12,48,5,12,0.7792207792207793,0.7028301886792453,0.9056603773584906,0.5,0.8495575221238938,0.5,0.9056603773584906,0.5853658536585366,0.7174616878912152,0.8820754716981132
279,9,58,7,3,0.8701298701298701,0.8211538461538461,0.8923076923076924,0.75,0.9206349206349206,0.75,0.8923076923076924,0.6428571428571429,0.7817460317460317,0.9333333333333332
280,12,52,7,6,0.8311688311688312,0.7740112994350282,0.8813559322033898,0.6666666666666666,0.8888888888888888,0.6666666666666666,0.8813559322033898,0.6486486486486487,0.7687687687687688,0.835216572504708
281,12,55,4,6,0.8701298701298701,0.7994350282485876,0.9322033898305084,0.6666666666666666,0.9166666666666666,0.6666666666666666,0.9322033898305084,0.7058823529411765,0.8112745098039216,0.8615819209039548
282,6,52,7,12,0.7532467532467533,0.6073446327683616,0.8813559322033898,0.3333333333333333,0.8455284552845529,0.3333333333333333,0.8813559322033898,0.3870967741935484,0.6163126147390506,0.8013182674199623
283,16,44,4,13,0.7792207792207793,0.7341954022988506,0.9166666666666666,0.5517241379310345,0.8380952380952381,0.5517241379310345,0.9166666666666666,0.6530612244897959,0.745578231292517,0.8232758620689655
284,9,54,3,11,0.8181818181818182,0.6986842105263158,0.9473684210526315,0.45,0.8852459016393442,0.45,0.9473684210526315,0.5625,0.7238729508196722,0.7824561403508773
285,10,52,6,9,0.8051948051948052,0.7114337568058076,0.896551724137931,0.5263157894736842,0.8739495798319328,0.5263157894736842,0.896551724137931,0.5714285714285714,0.7226890756302521,0.7849364791288567
286,16,50,5,6,0.8571428571428571,0.8181818181818181,0.9090909090909091,0.7272727272727273,0.9009009009009009,0.7272727272727273,0.9090909090909091,0.7441860465116279,0.8225434737062645,0.8950413223140496
287,11,50,3,13,0.7922077922077922,0.7008647798742138,0.9433962264150944,0.4583333333333333,0.8620689655172413,0.4583333333333333,0.9433962264150944,0.5789473684210527,0.720508166969147,0.8215408805031447
288,13,45,10,9,0.7532467532467533,0.7045454545454546,0.8181818181818182,0.5909090909090909,0.8256880733944955,0.5909090909090909,0.8181818181818182,0.5777777777777777,0.7017329255861366,0.7867768595041321
289,12,57,5,3,0.8961038961038961,0.8596774193548387,0.9193548387096774,0.8,0.9344262295081968,0.8,0.9193548387096774,0.75,0.8422131147540983,0.910752688172043
290,14,56,3,4,0.9090909090909091,0.8634651600753296,0.9491525423728814,0.7777777777777778,0.9411764705882353,0.7777777777777778,0.9491525423728814,0.8,0.8705882352941177,0.928436911487759
291,13,49,6,9,0.8051948051948052,0.740909090909091,0.8909090909090909,0.5909090909090909,0.8672566371681416,0.5909090909090909,0.8909090909090909,0.6341463414634146,0.7507014893157782,0.8743801652892561
292,11,50,6,10,0.7922077922077922,0.7083333333333334,0.8928571428571429,0.5238095238095238,0.8620689655172413,0.5238095238095238,0.8928571428571429,0.5789473684210527,0.720508166969147,0.8010204081632654
293,10,49,5,13,0.7662337662337663,0.6710950080515298,0.9074074074074074,0.43478260869565216,0.8448275862068966,0.43478260869565216,0.9074074074074074,0.5263157894736842,0.6855716878402904,0.8615136876006442
294,10,49,4,14,0.7662337662337663,0.6705974842767296,0.9245283018867925,0.4166666666666667,0.8448275862068966,0.4166666666666667,0.9245283018867925,0.5263157894736842,0.6855716878402904,0.753930817610063
295,19,47,4,7,0.8571428571428571,0.8261689291101055,0.9215686274509803,0.7307692307692307,0.8952380952380953,0.7307692307692307,0.9215686274509803,0.7755102040816326,0.8353741496598639,0.858974358974359
296,10,57,5,5,0.8701298701298701,0.793010752688172,0.9193548387096774,0.6666666666666666,0.9193548387096774,0.6666666666666666,0.9193548387096774,0.6666666666666666,0.793010752688172,0.8516129032258065
297,8,52,6,11,0.7792207792207793,0.6588021778584392,0.896551724137931,0.42105263157894735,0.859504132231405,0.42105263157894735,0.896551724137931,0.48484848484848486,0.6721763085399449,0.7903811252268602
298,9,60,3,5,0.8961038961038961,0.7976190476190477,0.9523809523809523,0.6428571428571429,0.9375,0.6428571428571429,0.9523809523809523,0.6923076923076923,0.8149038461538461,0.8004535147392291
299,14,49,2,12,0.8181818181818182,0.7496229260935143,0.9607843137254902,0.5384615384615384,0.875,0.5384615384615384,0.9607843137254902,0.6666666666666666,0.7708333333333333,0.9102564102564102
300,12,52,7,6,0.8311688311688312,0.7740112994350282,0.8813559322033898,0.6666666666666666,0.8888888888888888,0.6666666666666666,0.8813559322033898,0.6486486486486487,0.7687687687687688,0.8954802259887006
301,13,54,7,3,0.8701298701298701,0.8488729508196722,0.8852459016393442,0.8125,0.9152542372881356,0.8125,0.8852459016393442,0.7222222222222222,0.8187382297551788,0.9129098360655739
302,17,53,4,3,0.9090909090909091,0.8899122807017543,0.9298245614035088,0.85,0.9380530973451328,0.85,0.9298245614035088,0.8292682926829268,0.8836606950140298,0.9175438596491229
303,16,55,3,3,0.922077922077922,0.8951905626134301,0.9482758620689655,0.8421052631578947,0.9482758620689655,0.8421052631578947,0.9482758620689655,0.8421052631578947,0.8951905626134301,0.9255898366606171
304,15,46,5,11,0.7922077922077922,0.7394419306184012,0.9019607843137255,0.5769230769230769,0.8518518518518519,0.5769230769230769,0.9019607843137255,0.6521739130434783,0.7520128824476651,0.8318250377073906
305,15,49,5,8,0.8311688311688312,0.7797906602254429,0.9074074074074074,0.6521739130434783,0.8828828828828829,0.6521739130434783,0.9074074074074074,0.6976744186046512,0.790278650743767,0.8872785829307568
306,6,58,2,11,0.8311688311688312,0.6598039215686274,0.9666666666666667,0.35294117647058826,0.8992248062015504,0.35294117647058826,0.9666666666666667,0.48,0.6896124031007752,0.8872549019607843
307,5,58,3,11,0.8181818181818182,0.6316598360655737,0.9508196721311475,0.3125,0.8923076923076924,0.3125,0.9508196721311475,0.4166666666666667,0.6544871794871795,0.7069672131147541
308,12,54,6,5,0.8571428571428571,0.8029411764705883,0.9,0.7058823529411765,0.907563025210084,0.7058823529411765,0.9,0.6857142857142857,0.7966386554621849,0.8696078431372549
309,9,56,5,7,0.8441558441558441,0.740266393442623,0.9180327868852459,0.5625,0.9032258064516129,0.5625,0.9180327868852459,0.6,0.7516129032258064,0.8555327868852459
310,8,53,5,11,0.7922077922077922,0.6674228675136116,0.9137931034482759,0.42105263157894735,0.8688524590163934,0.42105263157894735,0.9137931034482759,0.5,0.6844262295081966,0.6442831215970962
311,7,56,4,10,0.8181818181818182,0.6725490196078432,0.9333333333333333,0.4117647058823529,0.8888888888888888,0.4117647058823529,0.9333333333333333,0.5,0.6944444444444444,0.7705882352941176
312,7,52,9,9,0.7662337662337663,0.6449795081967213,0.8524590163934426,0.4375,0.8524590163934426,0.4375,0.8524590163934426,0.4375,0.6449795081967213,0.8022540983606558
313,12,47,7,11,0.7662337662337663,0.6960547504025765,0.8703703703703703,0.5217391304347826,0.8392857142857143,0.5217391304347826,0.8703703703703703,0.5714285714285714,0.7053571428571428,0.7922705314009661
314,6,52,7,12,0.7532467532467533,0.6073446327683616,0.8813559322033898,0.3333333333333333,0.8455284552845529,0.3333333333333333,0.8813559322033898,0.3870967741935484,0.6163126147390506,0.8097928436911487
315,15,54,1,7,0.8961038961038961,0.8318181818181818,0.9818181818181818,0.6818181818181818,0.9310344827586207,0.6818181818181818,0.9818181818181818,0.7894736842105263,0.8602540834845736,0.871900826446281
316,10,54,5,8,0.8311688311688312,0.7354048964218456,0.9152542372881356,0.5555555555555556,0.8925619834710744,0.5555555555555556,0.9152542372881356,0.6060606060606061,0.7493112947658402,0.8907721280602636
317,14,51,6,6,0.8441558441558441,0.7973684210526315,0.8947368421052632,0.7,0.8947368421052632,0.7,0.8947368421052632,0.7,0.7973684210526315,0.8210526315789474
318,11,52,3,11,0.8181818181818182,0.7227272727272727,0.9454545454545454,0.5,0.8813559322033898,0.5,0.9454545454545454,0.6111111111111112,0.7462335216572504,0.8049586776859504
319,10,53,4,10,0.8181818181818182,0.7149122807017544,0.9298245614035088,0.5,0.8833333333333333,0.5,0.9298245614035088,0.5882352941176471,0.7357843137254902,0.8333333333333334
320,8,56,5,8,0.8311688311688312,0.709016393442623,0.9180327868852459,0.5,0.896,0.5,0.9180327868852459,0.5517241379310345,0.7238620689655173,0.8094262295081968
321,17,43,6,11,0.7792207792207793,0.7423469387755102,0.8775510204081632,0.6071428571428571,0.8349514563106796,0.6071428571428571,0.8775510204081632,0.6666666666666666,0.7508090614886731,0.7791545189504374
322,13,56,4,4,0.8961038961038961,0.8490196078431372,0.9333333333333333,0.7647058823529411,0.9333333333333333,0.7647058823529411,0.9333333333333333,0.7647058823529411,0.8490196078431372,0.919607843137255
323,11,53,6,7,0.8311688311688312,0.754708097928437,0.8983050847457628,0.6111111111111112,0.8907563025210085,0.6111111111111112,0.8983050847457628,0.6285714285714286,0.7596638655462185,0.867231638418079
324,19,45,3,10,0.8311688311688312,0.7963362068965517,0.9375,0.6551724137931034,0.8737864077669902,0.6551724137931034,0.9375,0.7450980392156863,0.8094422234913383,0.9224137931034482
325,17,47,2,11,0.8311688311688312,0.7831632653061225,0.9591836734693877,0.6071428571428571,0.8785046728971962,0.6071428571428571,0.9591836734693877,0.723404255319149,0.8009544641081726,0.9088921282798833
326,10,52,4,11,0.8051948051948052,0.7023809523809523,0.9285714285714286,0.47619047619047616,0.8739495798319328,0.47619047619047616,0.9285714285714286,0.5714285714285714,0.7226890756302521,0.8299319727891156
327,11,60,2,4,0.922077922077922,0.8505376344086022,0.967741935483871,0.7333333333333333,0.9523809523809523,0.7333333333333333,0.967741935483871,0.7857142857142857,0.8690476190476191,0.9741935483870968
328,10,54,4,9,0.8311688311688312,0.7286751361161524,0.9310344827586207,0.5263157894736842,0.8925619834710744,0.5263157894736842,0.9310344827586207,0.6060606060606061,0.7493112947658402,0.8021778584392015
329,12,53,4,8,0.8441558441558441,0.7649122807017543,0.9298245614035088,0.6,0.8983050847457628,0.6,0.9298245614035088,0.6666666666666666,0.7824858757062148,0.8315789473684211
330,15,50,5,7,0.8441558441558441,0.7954545454545454,0.9090909090909091,0.6818181818181818,0.8928571428571429,0.6818181818181818,0.9090909090909091,0.7142857142857143,0.8035714285714286,0.8884297520661156
331,15,45,7,10,0.7792207792207793,0.7326923076923078,0.8653846153846154,0.6,0.8411214953271028,0.6,0.8653846153846154,0.6382978723404256,0.7397096838337642,0.8507692307692308
332,12,52,4,9,0.8311688311688312,0.75,0.9285714285714286,0.5714285714285714,0.8888888888888888,0.5714285714285714,0.9285714285714286,0.6486486486486487,0.7687687687687688,0.7848639455782312
333,21,46,4,6,0.8701298701298701,0.8488888888888889,0.92,0.7777777777777778,0.9019607843137255,0.7777777777777778,0.92,0.8076923076923077,0.8548265460030167,0.871111111111111
334,17,48,5,7,0.8441558441558441,0.8069968553459119,0.9056603773584906,0.7083333333333334,0.8888888888888888,0.7083333333333334,0.9056603773584906,0.7391304347826086,0.8140096618357487,0.8930817610062893
335,11,56,3,7,0.8701298701298701,0.7801318267419963,0.9491525423728814,0.6111111111111112,0.9180327868852459,0.6111111111111112,0.9491525423728814,0.6875,0.802766393442623,0.867231638418079
336,12,47,3,15,0.7662337662337663,0.6922222222222222,0.94,0.4444444444444444,0.8392857142857143,0.4444444444444444,0.94,0.5714285714285714,0.7053571428571428,0.8466666666666666
337,10,58,5,4,0.8831168831168831,0.8174603174603174,0.9206349206349206,0.7142857142857143,0.928,0.7142857142857143,0.9206349206349206,0.6896551724137931,0.8088275862068965,0.9183673469387755
338,11,57,2,7,0.8831168831168831,0.7886064030131827,0.9661016949152542,0.6111111111111112,0.926829268292683,0.6111111111111112,0.9661016949152542,0.7096774193548387,0.8182533438237609,0.8606403013182674
339,11,53,4,9,0.8311688311688312,0.7399122807017544,0.9298245614035088,0.55,0.8907563025210085,0.55,0.9298245614035088,0.6285714285714286,0.7596638655462185,0.8315789473684211
340,9,52,6,10,0.7922077922077922,0.6851179673321234,0.896551724137931,0.47368421052631576,0.8666666666666667,0.47368421052631576,0.896551724137931,0.5294117647058824,0.6980392156862745,0.7822141560798548
341,11,54,5,7,0.8441558441558441,0.7631826741996234,0.9152542372881356,0.6111111111111112,0.9,0.6111111111111112,0.9152542372881356,0.6470588235294118,0.7735294117647059,0.871939736346516
342,8,55,2,12,0.8181818181818182,0.6824561403508772,0.9649122807017544,0.4,0.8870967741935484,0.4,0.9649122807017544,0.5333333333333333,0.7102150537634409,0.6815789473684211
343,8,58,7,4,0.8571428571428571,0.7794871794871795,0.8923076923076924,0.6666666666666666,0.9133858267716536,0.6666666666666666,0.8923076923076924,0.5925925925925926,0.7529892096821231,0.8192307692307693
344,11,49,6,11,0.7792207792207793,0.6954545454545454,0.8909090909090909,0.5,0.8521739130434782,0.5,0.8909090909090909,0.5641025641025641,0.7081382385730212,0.8
345,9,51,4,13,0.7792207792207793,0.6681818181818182,0.9272727272727272,0.4090909090909091,0.8571428571428571,0.4090909090909091,0.9272727272727272,0.5142857142857142,0.6857142857142857,0.7793388429752066
346,17,42,7,11,0.7662337662337663,0.7321428571428571,0.8571428571428571,0.6071428571428571,0.8235294117647058,0.6071428571428571,0.8571428571428571,0.6538461538461539,0.7386877828054299,0.879737609329446
347,10,53,6,8,0.8181818181818182,0.7269303201506592,0.8983050847457628,0.5555555555555556,0.8833333333333333,0.5555555555555556,0.8983050847457628,0.5882352941176471,0.7357843137254902,0.8427495291902072
348,8,61,3,5,0.8961038961038961,0.7842548076923077,0.953125,0.6153846153846154,0.9384615384615385,0.6153846153846154,0.953125,0.6666666666666666,0.8025641025641026,0.9663461538461539
349,15,42,6,14,0.7402597402597403,0.6961206896551724,0.875,0.5172413793103449,0.8076923076923077,0.5172413793103449,0.875,0.6,0.7038461538461538,0.8455459770114943
350,21,41,5,10,0.8051948051948052,0.7843618513323982,0.8913043478260869,0.6774193548387096,0.845360824742268,0.6774193548387096,0.8913043478260869,0.7368421052631579,0.791101465002713,0.9424964936886395
351,14,48,4,11,0.8051948051948052,0.7415384615384616,0.9230769230769231,0.56,0.8648648648648649,0.56,0.9230769230769231,0.6511627906976745,0.7580138277812697,0.8753846153846153
352,17,51,0,9,0.8831168831168831,0.8269230769230769,1.0,0.6538461538461539,0.918918918918919,0.6538461538461539,1.0,0.7906976744186046,0.8548082966687618,0.9381598793363499
353,7,59,3,8,0.8571428571428571,0.7091397849462366,0.9516129032258065,0.4666666666666667,0.9147286821705426,0.4666666666666667,0.9516129032258065,0.56,0.7373643410852713,0.7924731182795698
354,15,45,8,9,0.7792207792207793,0.7370283018867925,0.8490566037735849,0.625,0.8411214953271028,0.625,0.8490566037735849,0.6382978723404256,0.7397096838337642,0.8899371069182389
355,8,49,4,16,0.7402597402597403,0.6289308176100629,0.9245283018867925,0.3333333333333333,0.8305084745762712,0.3333333333333333,0.9245283018867925,0.4444444444444444,0.6374764595103578,0.7507861635220126
356,17,45,6,9,0.8051948051948052,0.7680995475113122,0.8823529411764706,0.6538461538461539,0.8571428571428571,0.6538461538461539,0.8823529411764706,0.6938775510204082,0.7755102040816326,0.8981900452488688
357,13,51,1,12,0.8311688311688312,0.7503846153846154,0.9807692307692307,0.52,0.8869565217391304,0.52,0.9807692307692307,0.6666666666666666,0.7768115942028986,0.8561538461538463
358,10,50,7,10,0.7792207792207793,0.6885964912280702,0.8771929824561403,0.5,0.8547008547008547,0.5,0.8771929824561403,0.5405405405405406,0.6976206976206976,0.8078947368421052
359,14,50,6,7,0.8311688311688312,0.7797619047619048,0.8928571428571429,0.6666666666666666,0.8849557522123894,0.6666666666666666,0.8928571428571429,0.6829268292682927,0.7839412907403411,0.8477891156462585
360,13,52,7,5,0.8441558441558441,0.801789077212806,0.8813559322033898,0.7222222222222222,0.896551724137931,0.7222222222222222,0.8813559322033898,0.6842105263157895,0.7903811252268602,0.9058380414312617
361,9,61,1,6,0.9090909090909091,0.7919354838709678,0.9838709677419355,0.6,0.9457364341085271,0.6,0.9838709677419355,0.72,0.8328682170542636,0.924731182795699
362,13,55,4,5,0.8831168831168831,0.8272128060263653,0.9322033898305084,0.7222222222222222,0.9243697478991597,0.7222222222222222,0.9322033898305084,0.7428571428571429,0.8336134453781513,0.8446327683615819
363,7,52,5,13,0.7662337662337663,0.6311403508771929,0.9122807017543859,0.35,0.8524590163934426,0.35,0.9122807017543859,0.4375,0.6449795081967213,0.8403508771929824
364,10,58,3,6,0.8831168831168831,0.7879098360655737,0.9508196721311475,0.625,0.928,0.625,0.9508196721311475,0.6896551724137931,0.8088275862068965,0.8821721311475409
365,18,45,8,6,0.8181818181818182,0.7995283018867925,0.8490566037735849,0.75,0.8653846153846154,0.75,0.8490566037735849,0.72,0.7926923076923077,0.9182389937106918
366,8,55,7,7,0.8181818181818182,0.7102150537634409,0.8870967741935484,0.5333333333333333,0.8870967741935484,0.5333333333333333,0.8870967741935484,0.5333333333333333,0.7102150537634409,0.8021505376344087
367,10,50,5,12,0.7792207792207793,0.6818181818181818,0.9090909090909091,0.45454545454545453,0.8547008547008547,0.45454545454545453,0.9090909090909091,0.5405405405405406,0.6976206976206976,0.7132231404958678
368,9,48,3,17,0.7402597402597403,0.6436651583710407,0.9411764705882353,0.34615384615384615,0.8275862068965517,0.34615384615384615,0.9411764705882353,0.47368421052631576,0.6506352087114338,0.8273001508295625
369,10,55,5,7,0.8441558441558441,0.7524509803921569,0.9166666666666666,0.5882352941176471,0.9016393442622951,0.5882352941176471,0.9166666666666666,0.625,0.7633196721311475,0.8980392156862745
370,10,52,6,9,0.8051948051948052,0.7114337568058076,0.896551724137931,0.5263157894736842,0.8739495798319328,0.5263157894736842,0.896551724137931,0.5714285714285714,0.7226890756302521,0.8829401088929218
371,10,52,6,9,0.8051948051948052,0.7114337568058076,0.896551724137931,0.5263157894736842,0.8739495798319328,0.5263157894736842,0.896551724137931,0.5714285714285714,0.7226890756302521,0.8393829401088929
372,13,50,3,11,0.8181818181818182,0.7425314465408805,0.9433962264150944,0.5416666666666666,0.8771929824561403,0.5416666666666666,0.9433962264150944,0.65,0.7635964912280702,0.8443396226415094
373,12,57,0,8,0.8961038961038961,0.8,1.0,0.6,0.9344262295081968,0.6,1.0,0.75,0.8422131147540983,0.8850877192982457
374,17,48,3,9,0.8441558441558441,0.7975113122171946,0.9411764705882353,0.6538461538461539,0.8888888888888888,0.6538461538461539,0.9411764705882353,0.7391304347826086,0.8140096618357487,0.8906485671191554
375,15,44,6,12,0.7662337662337663,0.7177777777777778,0.88,0.5555555555555556,0.8301886792452831,0.5555555555555556,0.88,0.625,0.7275943396226415,0.8044444444444444
376,15,55,1,6,0.9090909090909091,0.8482142857142857,0.9821428571428571,0.7142857142857143,0.9401709401709402,0.7142857142857143,0.9821428571428571,0.8108108108108109,0.8754908754908755,0.8954081632653061
377,15,49,3,10,0.8311688311688312,0.7711538461538461,0.9423076923076923,0.6,0.8828828828828829,0.6,0.9423076923076923,0.6976744186046512,0.790278650743767,0.8876923076923077
378,14,47,3,13,0.7922077922077922,0.7292592592592593,0.94,0.5185185185185185,0.8545454545454545,0.5185185185185185,0.94,0.6363636363636364,0.7454545454545454,0.825925925925926
379,13,52,2,10,0.8441558441558441,0.7640901771336553,0.9629629629629629,0.5652173913043478,0.896551724137931,0.5652173913043478,0.9629629629629629,0.6842105263157895,0.7903811252268602,0.8880837359098228
380,6,55,5,11,0.7922077922077922,0.6348039215686274,0.9166666666666666,0.35294117647058826,0.873015873015873,0.35294117647058826,0.9166666666666666,0.42857142857142855,0.6507936507936508,0.7392156862745097
381,10,56,2,9,0.8571428571428571,0.7459165154264973,0.9655172413793104,0.5263157894736842,0.9105691056910569,0.5263157894736842,0.9655172413793104,0.6451612903225806,0.7778651980068187,0.8393829401088929
382,14,56,3,4,0.9090909090909091,0.8634651600753296,0.9491525423728814,0.7777777777777778,0.9411764705882353,0.7777777777777778,0.9491525423728814,0.8,0.8705882352941177,0.9246704331450094
383,13,53,3,8,0.8571428571428571,0.7827380952380952,0.9464285714285714,0.6190476190476191,0.905982905982906,0.6190476190476191,0.9464285714285714,0.7027027027027027,0.8043428043428044,0.8137755102040816
384,8,56,7,6,0.8311688311688312,0.7301587301587301,0.8888888888888888,0.5714285714285714,0.896,0.5714285714285714,0.8888888888888888,0.5517241379310345,0.7238620689655173,0.8253968253968254
385,15,53,4,5,0.8831168831168831,0.8399122807017544,0.9298245614035088,0.75,0.9217391304347826,0.75,0.9298245614035088,0.7692307692307693,0.8454849498327759,0.9403508771929825
386,15,51,2,9,0.8571428571428571,0.7936320754716981,0.9622641509433962,0.625,0.9026548672566371,0.625,0.9622641509433962,0.7317073170731707,0.8171810921649039,0.8962264150943395
387,9,55,2,11,0.8311688311688312,0.7074561403508772,0.9649122807017544,0.45,0.8943089430894309,0.45,0.9649122807017544,0.5806451612903226,0.7374770521898768,0.8
388,12,46,4,15,0.7532467532467533,0.6822222222222223,0.92,0.4444444444444444,0.8288288288288288,0.4444444444444444,0.92,0.5581395348837209,0.6934841818562749,0.8118518518518519
389,12,51,5,9,0.8181818181818182,0.7410714285714286,0.9107142857142857,0.5714285714285714,0.8793103448275862,0.5714285714285714,0.9107142857142857,0.631578947368421,0.7554446460980035,0.7891156462585033
390,10,62,3,2,0.935064935064935,0.8935897435897436,0.9538461538461539,0.8333333333333334,0.9612403100775194,0.8333333333333334,0.9538461538461539,0.8,0.8806201550387598,0.9743589743589743
391,9,45,7,16,0.7012987012987013,0.6126923076923076,0.8653846153846154,0.36,0.7964601769911505,0.36,0.8653846153846154,0.43902439024390244,0.6177422836175265,0.7115384615384616
392,14,50,3,10,0.8311688311688312,0.7633647798742138,0.9433962264150944,0.5833333333333334,0.8849557522123894,0.5833333333333334,0.9433962264150944,0.6829268292682927,0.7839412907403411,0.8742138364779874
393,15,53,2,7,0.8831168831168831,0.8227272727272728,0.9636363636363636,0.6818181818181818,0.9217391304347826,0.6818181818181818,0.9636363636363636,0.7692307692307693,0.8454849498327759,0.9223140495867769
394,8,54,6,9,0.8051948051948052,0.6852941176470588,0.9,0.47058823529411764,0.8780487804878049,0.47058823529411764,0.9,0.5161290322580645,0.6970889063729346,0.7980392156862745
395,12,53,4,8,0.8441558441558441,0.7649122807017543,0.9298245614035088,0.6,0.8983050847457628,0.6,0.9298245614035088,0.6666666666666666,0.7824858757062148,0.9140350877192982
396,12,55,2,8,0.8701298701298701,0.7824561403508772,0.9649122807017544,0.6,0.9166666666666666,0.6,0.9649122807017544,0.7058823529411765,0.8112745098039216,0.8885964912280702
397,9,58,3,7,0.8701298701298701,0.7566598360655737,0.9508196721311475,0.5625,0.9206349206349206,0.5625,0.9508196721311475,0.6428571428571429,0.7817460317460317,0.9252049180327868
398,10,50,6,11,0.7792207792207793,0.6845238095238095,0.8928571428571429,0.47619047619047616,0.8547008547008547,0.47619047619047616,0.8928571428571429,0.5405405405405406,0.6976206976206976,0.7772108843537414
399,13,56,1,7,0.8961038961038961,0.8162280701754385,0.9824561403508771,0.65,0.9333333333333333,0.65,0.9824561403508771,0.7647058823529411,0.8490196078431372,0.9236842105263159
400,16,48,1,12,0.8311688311688312,0.7755102040816326,0.9795918367346939,0.5714285714285714,0.8807339449541285,0.5714285714285714,0.9795918367346939,0.7111111111111111,0.7959225280326199,0.8892128279883381
401,11,51,4,11,0.8051948051948052,0.7136363636363636,0.9272727272727272,0.5,0.8717948717948718,0.5,0.9272727272727272,0.5945945945945946,0.7331947331947333,0.8223140495867769
402,10,52,6,9,0.8051948051948052,0.7114337568058076,0.896551724137931,0.5263157894736842,0.8739495798319328,0.5263157894736842,0.896551724137931,0.5714285714285714,0.7226890756302521,0.866606170598911
403,16,46,5,10,0.8051948051948052,0.7586726998491704,0.9019607843137255,0.6153846153846154,0.8598130841121495,0.6153846153846154,0.9019607843137255,0.6808510638297872,0.7703320739709684,0.8514328808446455
404,18,49,1,9,0.8701298701298701,0.8233333333333333,0.98,0.6666666666666666,0.9074074074074074,0.6666666666666666,0.98,0.782608695652174,0.8450080515297906,0.9733333333333334
405,11,54,6,6,0.8441558441558441,0.7735294117647059,0.9,0.6470588235294118,0.9,0.6470588235294118,0.9,0.6470588235294118,0.7735294117647059,0.9098039215686274
406,9,56,5,7,0.8441558441558441,0.740266393442623,0.9180327868852459,0.5625,0.9032258064516129,0.5625,0.9180327868852459,0.6,0.7516129032258064,0.8452868852459017
407,11,56,2,8,0.8701298701298701,0.7722323049001816,0.9655172413793104,0.5789473684210527,0.9180327868852459,0.5789473684210527,0.9655172413793104,0.6875,0.802766393442623,0.8793103448275862
408,16,48,4,9,0.8311688311688312,0.7815384615384615,0.9230769230769231,0.64,0.8807339449541285,0.64,0.9230769230769231,0.7111111111111111,0.7959225280326199,0.903076923076923
409,8,51,7,11,0.7662337662337663,0.6501814882032668,0.8793103448275862,0.42105263157894735,0.85,0.42105263157894735,0.8793103448275862,0.47058823529411764,0.6602941176470588,0.836660617059891
410,9,52,5,11,0.7922077922077922,0.6811403508771929,0.9122807017543859,0.45,0.8666666666666667,0.45,0.9122807017543859,0.5294117647058824,0.6980392156862745,0.8535087719298246
411,16,49,4,8,0.8441558441558441,0.7955974842767295,0.9245283018867925,0.6666666666666666,0.8909090909090909,0.6666666666666666,0.9245283018867925,0.7272727272727273,0.8090909090909091,0.8655660377358491
412,11,54,5,7,0.8441558441558441,0.7631826741996234,0.9152542372881356,0.6111111111111112,0.9,0.6111111111111112,0.9152542372881356,0.6470588235294118,0.7735294117647059,0.9274952919020715
413,9,55,3,10,0.8311688311688312,0.7109800362976406,0.9482758620689655,0.47368421052631576,0.8943089430894309,0.47368421052631576,0.9482758620689655,0.5806451612903226,0.7374770521898768,0.8294010889292196
414,11,49,6,11,0.7792207792207793,0.6954545454545454,0.8909090909090909,0.5,0.8521739130434782,0.5,0.8909090909090909,0.5641025641025641,0.7081382385730212,0.7785123966942149
415,7,64,0,6,0.922077922077922,0.7692307692307692,1.0,0.5384615384615384,0.9552238805970149,0.5384615384615384,1.0,0.7,0.8276119402985074,0.8389423076923077
416,11,51,9,6,0.8051948051948052,0.7485294117647059,0.85,0.6470588235294118,0.8717948717948718,0.6470588235294118,0.85,0.5945945945945946,0.7331947331947333,0.884313725490196
417,10,57,4,6,0.8701298701298701,0.7797131147540983,0.9344262295081968,0.625,0.9193548387096774,0.625,0.9344262295081968,0.6666666666666666,0.793010752688172,0.8698770491803278
418,16,49,3,9,0.8441558441558441,0.7911538461538461,0.9423076923076923,0.64,0.8909090909090909,0.64,0.9423076923076923,0.7272727272727273,0.8090909090909091,0.8438461538461538
419,10,49,5,13,0.7662337662337663,0.6710950080515298,0.9074074074074074,0.43478260869565216,0.8448275862068966,0.43478260869565216,0.9074074074074074,0.5263157894736842,0.6855716878402904,0.7777777777777777
420,12,51,3,11,0.8181818181818182,0.7330917874396135,0.9444444444444444,0.5217391304347826,0.8793103448275862,0.5217391304347826,0.9444444444444444,0.631578947368421,0.7554446460980035,0.7995169082125604
421,7,58,2,10,0.8441558441558441,0.6892156862745098,0.9666666666666667,0.4117647058823529,0.90625,0.4117647058823529,0.9666666666666667,0.5384615384615384,0.7223557692307692,0.9098039215686274
422,12,51,5,9,0.8181818181818182,0.7410714285714286,0.9107142857142857,0.5714285714285714,0.8793103448275862,0.5714285714285714,0.9107142857142857,0.631578947368421,0.7554446460980035,0.8324829931972789
423,8,58,4,7,0.8571428571428571,0.7344086021505376,0.9354838709677419,0.5333333333333333,0.9133858267716536,0.5333333333333333,0.9354838709677419,0.5925925925925926,0.7529892096821231,0.832258064516129
424,16,44,6,11,0.7792207792207793,0.7362962962962962,0.88,0.5925925925925926,0.8380952380952381,0.5925925925925926,0.88,0.6530612244897959,0.745578231292517,0.8607407407407406
425,11,51,3,12,0.8051948051948052,0.711352657004831,0.9444444444444444,0.4782608695652174,0.8717948717948718,0.4782608695652174,0.9444444444444444,0.5945945945945946,0.7331947331947333,0.8115942028985507
426,12,49,6,10,0.7922077922077922,0.7181818181818181,0.8909090909090909,0.5454545454545454,0.8596491228070176,0.5454545454545454,0.8909090909090909,0.6,0.7298245614035088,0.771900826446281
427,6,59,5,7,0.8441558441558441,0.6917067307692308,0.921875,0.46153846153846156,0.9076923076923077,0.46153846153846156,0.921875,0.5,0.7038461538461538,0.7980769230769231
428,10,50,8,9,0.7792207792207793,0.6941923774954628,0.8620689655172413,0.5263157894736842,0.8547008547008547,0.5263157894736842,0.8620689655172413,0.5405405405405406,0.6976206976206976,0.7858439201451904
429,15,49,2,11,0.8311688311688312,0.7688536953242835,0.9607843137254902,0.5769230769230769,0.8828828828828829,0.5769230769230769,0.9607843137254902,0.6976744186046512,0.790278650743767,0.8936651583710408
430,15,49,4,9,0.8311688311688312,0.7747641509433962,0.9245283018867925,0.625,0.8828828828828829,0.625,0.9245283018867925,0.6976744186046512,0.790278650743767,0.8183962264150944
431,14,51,4,8,0.8441558441558441,0.7818181818181817,0.9272727272727272,0.6363636363636364,0.8947368421052632,0.6363636363636364,0.9272727272727272,0.7,0.7973684210526315,0.8487603305785124
432,10,56,2,9,0.8571428571428571,0.7459165154264973,0.9655172413793104,0.5263157894736842,0.9105691056910569,0.5263157894736842,0.9655172413793104,0.6451612903225806,0.7778651980068187,0.9192377495462796
433,8,55,0,14,0.8181818181818182,0.6818181818181819,1.0,0.36363636363636365,0.8870967741935484,0.36363636363636365,1.0,0.5333333333333333,0.7102150537634409,0.8710743801652893
434,14,54,4,5,0.8831168831168831,0.8339382940108893,0.9310344827586207,0.7368421052631579,0.9230769230769231,0.7368421052631579,0.9310344827586207,0.7567567567567568,0.83991683991684,0.8965517241379309
435,9,55,3,10,0.8311688311688312,0.7109800362976406,0.9482758620689655,0.47368421052631576,0.8943089430894309,0.47368421052631576,0.9482758620689655,0.5806451612903226,0.7374770521898768,0.8067150635208712
436,10,52,5,10,0.8051948051948052,0.706140350877193,0.9122807017543859,0.5,0.8739495798319328,0.5,0.9122807017543859,0.5714285714285714,0.7226890756302521,0.6973684210526316
437,7,61,2,7,0.8831168831168831,0.7341269841269842,0.9682539682539683,0.5,0.9312977099236641,0.5,0.9682539682539683,0.6086956521739131,0.7699966810487886,0.7857142857142857
438,11,54,2,10,0.8441558441558441,0.7440476190476191,0.9642857142857143,0.5238095238095238,0.9,0.5238095238095238,0.9642857142857143,0.6470588235294118,0.7735294117647059,0.927721088435374
439,15,53,3,6,0.8831168831168831,0.8303571428571428,0.9464285714285714,0.7142857142857143,0.9217391304347826,0.7142857142857143,0.9464285714285714,0.7692307692307693,0.8454849498327759,0.9591836734693878
440,8,54,5,10,0.8051948051948052,0.67984934086629,0.9152542372881356,0.4444444444444444,0.8780487804878049,0.4444444444444444,0.9152542372881356,0.5161290322580645,0.6970889063729346,0.7269303201506592
441,14,50,4,9,0.8311688311688312,0.7673107890499196,0.9259259259259259,0.6086956521739131,0.8849557522123894,0.6086956521739131,0.9259259259259259,0.6829268292682927,0.7839412907403411,0.821256038647343
442,12,49,4,12,0.7922077922077922,0.7122641509433962,0.9245283018867925,0.5,0.8596491228070176,0.5,0.9245283018867925,0.6,0.7298245614035088,0.8419811320754718
443,15,48,5,9,0.8181818181818182,0.7653301886792453,0.9056603773584906,0.625,0.8727272727272727,0.625,0.9056603773584906,0.6818181818181818,0.7772727272727272,0.8223270440251571
444,16,51,3,7,0.8701298701298701,0.8200483091787439,0.9444444444444444,0.6956521739130435,0.9107142857142857,0.6956521739130435,0.9444444444444444,0.7619047619047619,0.8363095238095237,0.8848631239935587
445,12,52,6,7,0.8311688311688312,0.764065335753176,0.896551724137931,0.631578947368421,0.8888888888888888,0.631578947368421,0.896551724137931,0.6486486486486487,0.7687687687687688,0.8012704174228674
446,11,48,1,17,0.7662337662337663,0.6862244897959183,0.9795918367346939,0.39285714285714285,0.8421052631578947,0.39285714285714285,0.9795918367346939,0.55,0.6960526315789474,0.7806122448979592
447,13,53,3,8,0.8571428571428571,0.7827380952380952,0.9464285714285714,0.6190476190476191,0.905982905982906,0.6190476190476191,0.9464285714285714,0.7027027027027027,0.8043428043428044,0.9030612244897959
448,13,51,2,11,0.8311688311688312,0.7519654088050314,0.9622641509433962,0.5416666666666666,0.8869565217391304,0.5416666666666666,0.9622641509433962,0.6666666666666666,0.7768115942028986,0.830188679245283
449,12,52,4,9,0.8311688311688312,0.75,0.9285714285714286,0.5714285714285714,0.8888888888888888,0.5714285714285714,0.9285714285714286,0.6486486486486487,0.7687687687687688,0.8129251700680272
450,16,44,5,12,0.7792207792207793,0.7346938775510203,0.8979591836734694,0.5714285714285714,0.8380952380952381,0.5714285714285714,0.8979591836734694,0.6530612244897959,0.745578231292517,0.8651603498542274
451,16,49,1,11,0.8441558441558441,0.7862962962962963,0.98,0.5925925925925926,0.8909090909090909,0.5925925925925926,0.98,0.7272727272727273,0.8090909090909091,0.8992592592592593
452,13,54,2,8,0.8701298701298701,0.7916666666666667,0.9642857142857143,0.6190476190476191,0.9152542372881356,0.6190476190476191,0.9642857142857143,0.7222222222222222,0.8187382297551788,0.9090136054421769
453,12,51,4,10,0.8181818181818182,0.7363636363636363,0.9272727272727272,0.5454545454545454,0.8793103448275862,0.5454545454545454,0.9272727272727272,0.631578947368421,0.7554446460980035,0.8487603305785124
454,13,50,3,11,0.8181818181818182,0.7425314465408805,0.9433962264150944,0.5416666666666666,0.8771929824561403,0.5416666666666666,0.9433962264150944,0.65,0.7635964912280702,0.9127358490566039
455,13,49,4,11,0.8051948051948052,0.7330974842767295,0.9245283018867925,0.5416666666666666,0.8672566371681416,0.5416666666666666,0.9245283018867925,0.6341463414634146,0.7507014893157782,0.8254716981132076
456,9,56,6,6,0.8441558441558441,0.7516129032258064,0.9032258064516129,0.6,0.9032258064516129,0.6,0.9032258064516129,0.6,0.7516129032258064,0.9172043010752687
457,13,51,4,9,0.8311688311688312,0.759090909090909,0.9272727272727272,0.5909090909090909,0.8869565217391304,0.5909090909090909,0.9272727272727272,0.6666666666666666,0.7768115942028986,0.8644628099173554
458,16,50,5,6,0.8571428571428571,0.8181818181818181,0.9090909090909091,0.7272727272727273,0.9009009009009009,0.7272727272727273,0.9090909090909091,0.7441860465116279,0.8225434737062645,0.8958677685950414
459,12,48,6,11,0.7792207792207793,0.7053140096618358,0.8888888888888888,0.5217391304347826,0.8495575221238938,0.5217391304347826,0.8888888888888888,0.5853658536585366,0.7174616878912152,0.7761674718196457
460,8,56,2,11,0.8311688311688312,0.6932849364791289,0.9655172413793104,0.42105263157894735,0.896,0.42105263157894735,0.9655172413793104,0.5517241379310345,0.7238620689655173,0.8085299455535391
461,15,47,4,11,0.8051948051948052,0.7492458521870287,0.9215686274509803,0.5769230769230769,0.8623853211009175,0.5769230769230769,0.9215686274509803,0.6666666666666666,0.764525993883792,0.8484162895927602
462,9,56,4,8,0.8441558441558441,0.7313725490196079,0.9333333333333333,0.5294117647058824,0.9032258064516129,0.5294117647058824,0.9333333333333333,0.6,0.7516129032258064,0.8911764705882352
463,10,56,4,7,0.8571428571428571,0.7607843137254902,0.9333333333333333,0.5882352941176471,0.9105691056910569,0.5882352941176471,0.9333333333333333,0.6451612903225806,0.7778651980068187,0.8088235294117647
464,15,52,1,9,0.8701298701298701,0.8030660377358491,0.9811320754716981,0.625,0.9122807017543859,0.625,0.9811320754716981,0.75,0.831140350877193,0.9056603773584906
465,14,50,3,10,0.8311688311688312,0.7633647798742138,0.9433962264150944,0.5833333333333334,0.8849557522123894,0.5833333333333334,0.9433962264150944,0.6829268292682927,0.7839412907403411,0.8757861635220127
466,5,60,3,9,0.8441558441558441,0.6547619047619048,0.9523809523809523,0.35714285714285715,0.9090909090909091,0.35714285714285715,0.9523809523809523,0.45454545454545453,0.6818181818181818,0.7244897959183674
467,13,52,3,9,0.8441558441558441,0.7681818181818182,0.9454545454545454,0.5909090909090909,0.896551724137931,0.5909090909090909,0.9454545454545454,0.6842105263157895,0.7903811252268602,0.9256198347107438
468,9,52,6,10,0.7922077922077922,0.6851179673321234,0.896551724137931,0.47368421052631576,0.8666666666666667,0.47368421052631576,0.896551724137931,0.5294117647058824,0.6980392156862745,0.7422867513611615
469,18,49,3,7,0.8701298701298701,0.8311538461538461,0.9423076923076923,0.72,0.9074074074074074,0.72,0.9423076923076923,0.782608695652174,0.8450080515297906,0.9176923076923077
470,19,47,1,10,0.8571428571428571,0.8171695402298851,0.9791666666666666,0.6551724137931034,0.8952380952380953,0.6551724137931034,0.9791666666666666,0.7755102040816326,0.8353741496598639,0.8642241379310345
471,15,49,4,9,0.8311688311688312,0.7747641509433962,0.9245283018867925,0.625,0.8828828828828829,0.625,0.9245283018867925,0.6976744186046512,0.790278650743767,0.8616352201257862
472,12,49,5,11,0.7922077922077922,0.7145732689210951,0.9074074074074074,0.5217391304347826,0.8596491228070176,0.5217391304347826,0.9074074074074074,0.6,0.7298245614035088,0.8413848631239935
473,14,55,2,6,0.8961038961038961,0.8324561403508772,0.9649122807017544,0.7,0.9322033898305084,0.7,0.9649122807017544,0.7777777777777778,0.8549905838041432,0.9675438596491228
474,14,53,2,8,0.8701298701298701,0.8,0.9636363636363636,0.6363636363636364,0.9137931034482759,0.6363636363636364,0.9636363636363636,0.7368421052631579,0.8253176043557169,0.8710743801652893
475,8,56,3,10,0.8311688311688312,0.6967984934086628,0.9491525423728814,0.4444444444444444,0.896,0.4444444444444444,0.9491525423728814,0.5517241379310345,0.7238620689655173,0.7843691148775894
476,14,55,1,7,0.8961038961038961,0.8244047619047619,0.9821428571428571,0.6666666666666666,0.9322033898305084,0.6666666666666666,0.9821428571428571,0.7777777777777778,0.8549905838041432,0.923469387755102
477,15,51,3,8,0.8571428571428571,0.7983091787439613,0.9444444444444444,0.6521739130434783,0.9026548672566371,0.6521739130434783,0.9444444444444444,0.7317073170731707,0.8171810921649039,0.822866344605475
478,15,48,6,8,0.8181818181818182,0.7705314009661836,0.8888888888888888,0.6521739130434783,0.8727272727272727,0.6521739130434783,0.8888888888888888,0.6818181818181818,0.7772727272727272,0.8115942028985508
479,15,45,5,12,0.7792207792207793,0.7277777777777779,0.9,0.5555555555555556,0.8411214953271028,0.5555555555555556,0.9,0.6382978723404256,0.7397096838337642,0.8666666666666667
480,17,48,3,9,0.8441558441558441,0.7975113122171946,0.9411764705882353,0.6538461538461539,0.8888888888888888,0.6538461538461539,0.9411764705882353,0.7391304347826086,0.8140096618357487,0.8808446455505279
481,10,52,5,10,0.8051948051948052,0.706140350877193,0.9122807017543859,0.5,0.8739495798319328,0.5,0.9122807017543859,0.5714285714285714,0.7226890756302521,0.8596491228070176
482,11,56,3,7,0.8701298701298701,0.7801318267419963,0.9491525423728814,0.6111111111111112,0.9180327868852459,0.6111111111111112,0.9491525423728814,0.6875,0.802766393442623,0.8813559322033899
483,16,46,8,7,0.8051948051948052,0.7737520128824477,0.8518518518518519,0.6956521739130435,0.8598130841121495,0.6956521739130435,0.8518518518518519,0.6808510638297872,0.7703320739709684,0.8582930756843801
484,9,53,5,10,0.8051948051948052,0.6937386569872959,0.9137931034482759,0.47368421052631576,0.8760330578512396,0.47368421052631576,0.9137931034482759,0.5454545454545454,0.7107438016528925,0.7731397459165154
485,10,48,7,12,0.7532467532467533,0.6636363636363636,0.8727272727272727,0.45454545454545453,0.8347826086956521,0.45454545454545453,0.8727272727272727,0.5128205128205128,0.6738015607580825,0.8603305785123967
486,11,59,2,5,0.9090909090909091,0.8273565573770492,0.9672131147540983,0.6875,0.944,0.6875,0.9672131147540983,0.7586206896551724,0.8513103448275862,0.9467213114754098
487,15,48,5,9,0.8181818181818182,0.7653301886792453,0.9056603773584906,0.625,0.8727272727272727,0.625,0.9056603773584906,0.6818181818181818,0.7772727272727272,0.8435534591194969
488,13,45,7,12,0.7532467532467533,0.6926923076923077,0.8653846153846154,0.52,0.8256880733944955,0.52,0.8653846153846154,0.5777777777777777,0.7017329255861366,0.773846153846154
489,10,52,2,13,0.8051948051948052,0.6988727858293076,0.9629629629629629,0.43478260869565216,0.8739495798319328,0.43478260869565216,0.9629629629629629,0.5714285714285714,0.7226890756302521,0.8341384863123994
490,14,51,4,8,0.8441558441558441,0.7818181818181817,0.9272727272727272,0.6363636363636364,0.8947368421052632,0.6363636363636364,0.9272727272727272,0.7,0.7973684210526315,0.8314049586776859
491,8,49,4,16,0.7402597402597403,0.6289308176100629,0.9245283018867925,0.3333333333333333,0.8305084745762712,0.3333333333333333,0.9245283018867925,0.4444444444444444,0.6374764595103578,0.6572327044025157
492,18,45,6,8,0.8181818181818182,0.7873303167420814,0.8823529411764706,0.6923076923076923,0.8653846153846154,0.6923076923076923,0.8823529411764706,0.72,0.7926923076923077,0.8619909502262444
493,16,47,5,9,0.8181818181818182,0.7719230769230769,0.9038461538461539,0.64,0.8703703703703703,0.64,0.9038461538461539,0.6956521739130435,0.7830112721417068,0.8415384615384615
494,10,57,3,7,0.8701298701298701,0.7691176470588235,0.95,0.5882352941176471,0.9193548387096774,0.5882352941176471,0.95,0.6666666666666666,0.793010752688172,0.8647058823529412
495,12,53,5,7,0.8441558441558441,0.7726860254083485,0.9137931034482759,0.631578947368421,0.8983050847457628,0.631578947368421,0.9137931034482759,0.6666666666666666,0.7824858757062148,0.794010889292196
496,11,53,4,9,0.8311688311688312,0.7399122807017544,0.9298245614035088,0.55,0.8907563025210085,0.55,0.9298245614035088,0.6285714285714286,0.7596638655462185,0.8587719298245614
497,9,59,2,7,0.8831168831168831,0.7648565573770492,0.9672131147540983,0.5625,0.9291338582677166,0.5625,0.9672131147540983,0.6666666666666666,0.7979002624671916,0.9344262295081966
498,12,46,4,15,0.7532467532467533,0.6822222222222223,0.92,0.4444444444444444,0.8288288288288288,0.4444444444444444,0.92,0.5581395348837209,0.6934841818562749,0.8807407407407407
499,11,54,5,7,0.8441558441558441,0.7631826741996234,0.9152542372881356,0.6111111111111112,0.9,0.6111111111111112,0.9152542372881356,0.6470588235294118,0.7735294117647059,0.8540489642184558
500,20,45,3,9,0.8441558441558441,0.8135775862068966,0.9375,0.6896551724137931,0.8823529411764706,0.6896551724137931,0.9375,0.7692307692307693,0.8257918552036199,0.8778735632183908
501,9,51,6,11,0.7792207792207793,0.6723684210526316,0.8947368421052632,0.45,0.8571428571428571,0.45,0.8947368421052632,0.5142857142857142,0.6857142857142857,0.7605263157894737
502,11,53,4,9,0.8311688311688312,0.7399122807017544,0.9298245614035088,0.55,0.8907563025210085,0.55,0.9298245614035088,0.6285714285714286,0.7596638655462185,0.8263157894736842
503,5,60,4,8,0.8441558441558441,0.6610576923076923,0.9375,0.38461538461538464,0.9090909090909091,0.38461538461538464,0.9375,0.45454545454545453,0.6818181818181818,0.78125
504,14,51,5,7,0.8441558441558441,0.7886904761904762,0.9107142857142857,0.6666666666666666,0.8947368421052632,0.6666666666666666,0.9107142857142857,0.7,0.7973684210526315,0.8673469387755102
505,18,49,3,7,0.8701298701298701,0.8311538461538461,0.9423076923076923,0.72,0.9074074074074074,0.72,0.9423076923076923,0.782608695652174,0.8450080515297906,0.8576923076923076
506,11,46,6,14,0.7402597402597403,0.6623076923076923,0.8846153846153846,0.44,0.8214285714285714,0.44,0.8846153846153846,0.5238095238095238,0.6726190476190477,0.7776923076923078
507,21,52,1,3,0.948051948051948,0.9280660377358491,0.9811320754716981,0.875,0.9629629629629629,0.875,0.9811320754716981,0.9130434782608695,0.9380032206119162,0.9740566037735848
508,10,56,5,6,0.8571428571428571,0.771516393442623,0.9180327868852459,0.625,0.9105691056910569,0.625,0.9180327868852459,0.6451612903225806,0.7778651980068187,0.8217213114754099
509,18,50,3,6,0.8831168831168831,0.8466981132075472,0.9433962264150944,0.75,0.9174311926605505,0.75,0.9433962264150944,0.8,0.8587155963302753,0.8852201257861636
510,13,55,1,8,0.8831168831168831,0.8005952380952381,0.9821428571428571,0.6190476190476191,0.9243697478991597,0.6190476190476191,0.9821428571428571,0.7428571428571429,0.8336134453781513,0.9362244897959184
511,14,49,5,9,0.8181818181818182,0.7580515297906603,0.9074074074074074,0.6086956521739131,0.875,0.6086956521739131,0.9074074074074074,0.6666666666666666,0.7708333333333333,0.8719806763285024
512,14,53,2,8,0.8701298701298701,0.8,0.9636363636363636,0.6363636363636364,0.9137931034482759,0.6363636363636364,0.9636363636363636,0.7368421052631579,0.8253176043557169,0.8446280991735537
513,12,46,6,13,0.7532467532467533,0.6823076923076923,0.8846153846153846,0.48,0.8288288288288288,0.48,0.8846153846153846,0.5581395348837209,0.6934841818562749,0.8123076923076924
514,15,47,3,12,0.8051948051948052,0.7477777777777778,0.94,0.5555555555555556,0.8623853211009175,0.5555555555555556,0.94,0.6666666666666666,0.764525993883792,0.8318518518518517
515,14,51,4,8,0.8441558441558441,0.7818181818181817,0.9272727272727272,0.6363636363636364,0.8947368421052632,0.6363636363636364,0.9272727272727272,0.7,0.7973684210526315,0.9066115702479339
516,16,55,0,6,0.922077922077922,0.8636363636363636,1.0,0.7272727272727273,0.9482758620689655,0.7272727272727273,1.0,0.8421052631578947,0.8951905626134301,0.8719008264462811
517,11,54,5,7,0.8441558441558441,0.7631826741996234,0.9152542372881356,0.6111111111111112,0.9,0.6111111111111112,0.9152542372881356,0.6470588235294118,0.7735294117647059,0.8493408662900188
518,12,52,5,8,0.8311688311688312,0.7561403508771929,0.9122807017543859,0.6,0.8888888888888888,0.6,0.9122807017543859,0.6486486486486487,0.7687687687687688,0.8666666666666666
519,7,61,4,5,0.8831168831168831,0.7608974358974359,0.9384615384615385,0.5833333333333334,0.9312977099236641,0.5833333333333334,0.9384615384615385,0.6086956521739131,0.7699966810487886,0.8743589743589744
520,10,52,8,7,0.8051948051948052,0.7274509803921569,0.8666666666666667,0.5882352941176471,0.8739495798319328,0.5882352941176471,0.8666666666666667,0.5714285714285714,0.7226890756302521,0.8754901960784314
521,15,39,8,15,0.7012987012987013,0.6648936170212766,0.8297872340425532,0.5,0.7722772277227723,0.5,0.8297872340425532,0.5660377358490566,0.6691574817859145,0.8304964539007091
522,11,56,4,6,0.8701298701298701,0.7901960784313726,0.9333333333333333,0.6470588235294118,0.9180327868852459,0.6470588235294118,0.9333333333333333,0.6875,0.802766393442623,0.6931372549019608
523,5,57,5,10,0.8051948051948052,0.6263440860215054,0.9193548387096774,0.3333333333333333,0.8837209302325582,0.3333333333333333,0.9193548387096774,0.4,0.6418604651162791,0.7118279569892473
524,13,51,1,12,0.8311688311688312,0.7503846153846154,0.9807692307692307,0.52,0.8869565217391304,0.52,0.9807692307692307,0.6666666666666666,0.7768115942028986,0.8953846153846153
525,14,50,4,9,0.8311688311688312,0.7673107890499196,0.9259259259259259,0.6086956521739131,0.8849557522123894,0.6086956521739131,0.9259259259259259,0.6829268292682927,0.7839412907403411,0.8276972624798712
526,9,52,6,10,0.7922077922077922,0.6851179673321234,0.896551724137931,0.47368421052631576,0.8666666666666667,0.47368421052631576,0.896551724137931,0.5294117647058824,0.6980392156862745,0.8121597096188748
527,16,48,7,6,0.8311688311688312,0.8,0.8727272727272727,0.7272727272727273,0.8807339449541285,0.7272727272727273,0.8727272727272727,0.7111111111111111,0.7959225280326199,0.8776859504132232
528,13,45,7,12,0.7532467532467533,0.6926923076923077,0.8653846153846154,0.52,0.8256880733944955,0.52,0.8653846153846154,0.5777777777777777,0.7017329255861366,0.7946153846153846
529,16,44,7,10,0.7792207792207793,0.7390648567119156,0.8627450980392157,0.6153846153846154,0.8380952380952381,0.6153846153846154,0.8627450980392157,0.6530612244897959,0.745578231292517,0.8197586726998491
530,17,51,2,7,0.8831168831168831,0.8352987421383649,0.9622641509433962,0.7083333333333334,0.918918918918919,0.7083333333333334,0.9622641509433962,0.7906976744186046,0.8548082966687618,0.9025157232704403
531,8,58,3,8,0.8571428571428571,0.7254098360655737,0.9508196721311475,0.5,0.9133858267716536,0.5,0.9508196721311475,0.5925925925925926,0.7529892096821231,0.8401639344262295
532,13,58,2,4,0.922077922077922,0.865686274509804,0.9666666666666667,0.7647058823529411,0.9508196721311475,0.7647058823529411,0.9666666666666667,0.8125,0.8816598360655737,0.9754901960784313
533,11,52,5,9,0.8181818181818182,0.731140350877193,0.9122807017543859,0.55,0.8813559322033898,0.55,0.9122807017543859,0.6111111111111112,0.7462335216572504,0.8096491228070175
534,12,55,3,7,0.8701298701298701,0.7899274047186933,0.9482758620689655,0.631578947368421,0.9166666666666666,0.631578947368421,0.9482758620689655,0.7058823529411765,0.8112745098039216,0.925589836660617
535,14,45,8,10,0.7662337662337663,0.7161949685534592,0.8490566037735849,0.5833333333333334,0.8333333333333334,0.5833333333333334,0.8490566037735849,0.6086956521739131,0.7210144927536233,0.7720125786163521
536,10,49,8,10,0.7662337662337663,0.6798245614035088,0.8596491228070176,0.5,0.8448275862068966,0.5,0.8596491228070176,0.5263157894736842,0.6855716878402904,0.8315789473684211
537,9,61,3,4,0.9090909090909091,0.8227163461538461,0.953125,0.6923076923076923,0.9457364341085271,0.6923076923076923,0.953125,0.72,0.8328682170542636,0.9603365384615384
538,7,62,3,5,0.8961038961038961,0.7685897435897436,0.9538461538461539,0.5833333333333334,0.9393939393939394,0.5833333333333334,0.9538461538461539,0.6363636363636364,0.7878787878787878,0.873076923076923
539,13,54,2,8,0.8701298701298701,0.7916666666666667,0.9642857142857143,0.6190476190476191,0.9152542372881356,0.6190476190476191,0.9642857142857143,0.7222222222222222,0.8187382297551788,0.9124149659863946
540,8,58,7,4,0.8571428571428571,0.7794871794871795,0.8923076923076924,0.6666666666666666,0.9133858267716536,0.6666666666666666,0.8923076923076924,0.5925925925925926,0.7529892096821231,0.8435897435897436
541,8,55,4,10,0.8181818181818182,0.6883239171374764,0.9322033898305084,0.4444444444444444,0.8870967741935484,0.4444444444444444,0.9322033898305084,0.5333333333333333,0.7102150537634409,0.8832391713747645
542,12,55,3,7,0.8701298701298701,0.7899274047186933,0.9482758620689655,0.631578947368421,0.9166666666666666,0.631578947368421,0.9482758620689655,0.7058823529411765,0.8112745098039216,0.9147005444646098
543,12,51,4,10,0.8181818181818182,0.7363636363636363,0.9272727272727272,0.5454545454545454,0.8793103448275862,0.5454545454545454,0.9272727272727272,0.631578947368421,0.7554446460980035,0.8818181818181818
544,13,52,3,9,0.8441558441558441,0.7681818181818182,0.9454545454545454,0.5909090909090909,0.896551724137931,0.5909090909090909,0.9454545454545454,0.6842105263157895,0.7903811252268602,0.884297520661157
545,4,56,5,12,0.7792207792207793,0.584016393442623,0.9180327868852459,0.25,0.8682170542635659,0.25,0.9180327868852459,0.32,0.594108527131783,0.7745901639344263
546,12,56,4,5,0.8831168831168831,0.8196078431372549,0.9333333333333333,0.7058823529411765,0.9256198347107438,0.7058823529411765,0.9333333333333333,0.7272727272727273,0.8264462809917356,0.9147058823529411
547,10,47,6,14,0.7402597402597403,0.6517295597484277,0.8867924528301887,0.4166666666666667,0.8245614035087719,0.4166666666666667,0.8867924528301887,0.5,0.6622807017543859,0.7555031446540881
548,13,57,1,6,0.9090909090909091,0.8334845735027223,0.9827586206896551,0.6842105263157895,0.9421487603305785,0.6842105263157895,0.9827586206896551,0.7878787878787878,0.8650137741046832,0.9346642468239564
549,14,48,4,11,0.8051948051948052,0.7415384615384616,0.9230769230769231,0.56,0.8648648648648649,0.56,0.9230769230769231,0.6511627906976745,0.7580138277812697,0.8300000000000001
550,11,53,5,8,0.8311688311688312,0.7463702359346642,0.9137931034482759,0.5789473684210527,0.8907563025210085,0.5789473684210527,0.9137931034482759,0.6285714285714286,0.7596638655462185,0.852087114337568
551,12,48,0,17,0.7792207792207793,0.7068965517241379,1.0,0.41379310344827586,0.8495575221238938,0.41379310344827586,1.0,0.5853658536585366,0.7174616878912152,0.8591954022988506
552,10,53,6,8,0.8181818181818182,0.7269303201506592,0.8983050847457628,0.5555555555555556,0.8833333333333333,0.5555555555555556,0.8983050847457628,0.5882352941176471,0.7357843137254902,0.8418079096045198
553,16,54,2,5,0.9090909090909091,0.8630952380952381,0.9642857142857143,0.7619047619047619,0.9391304347826087,0.7619047619047619,0.9642857142857143,0.8205128205128205,0.8798216276477147,0.8945578231292517
554,8,54,6,9,0.8051948051948052,0.6852941176470588,0.9,0.47058823529411764,0.8780487804878049,0.47058823529411764,0.9,0.5161290322580645,0.6970889063729346,0.8019607843137255
555,9,47,7,14,0.7272727272727273,0.6308373590982287,0.8703703703703703,0.391304347826087,0.8173913043478261,0.391304347826087,0.8703703703703703,0.46153846153846156,0.6394648829431439,0.8711755233494364
556,16,51,3,7,0.8701298701298701,0.8200483091787439,0.9444444444444444,0.6956521739130435,0.9107142857142857,0.6956521739130435,0.9444444444444444,0.7619047619047619,0.8363095238095237,0.9299516908212561
557,10,51,7,9,0.7922077922077922,0.7028130671506352,0.8793103448275862,0.5263157894736842,0.864406779661017,0.5263157894736842,0.8793103448275862,0.5555555555555556,0.7099811676082863,0.8239564428312159
558,10,52,2,13,0.8051948051948052,0.6988727858293076,0.9629629629629629,0.43478260869565216,0.8739495798319328,0.43478260869565216,0.9629629629629629,0.5714285714285714,0.7226890756302521,0.78341384863124
559,14,52,3,8,0.8571428571428571,0.7909090909090909,0.9454545454545454,0.6363636363636364,0.9043478260869565,0.6363636363636364,0.9454545454545454,0.717948717948718,0.8111482720178372,0.8446280991735537
560,21,47,2,7,0.8831168831168831,0.8545918367346939,0.9591836734693877,0.75,0.912621359223301,0.75,0.9591836734693877,0.8235294117647058,0.8680753854940034,0.9183673469387754
561,10,56,3,8,0.8571428571428571,0.7523540489642184,0.9491525423728814,0.5555555555555556,0.9105691056910569,0.5555555555555556,0.9491525423728814,0.6451612903225806,0.7778651980068187,0.800376647834275
562,9,53,5,10,0.8051948051948052,0.6937386569872959,0.9137931034482759,0.47368421052631576,0.8760330578512396,0.47368421052631576,0.9137931034482759,0.5454545454545454,0.7107438016528925,0.8257713248638839
563,18,53,4,2,0.922077922077922,0.9149122807017545,0.9298245614035088,0.9,0.9464285714285714,0.9,0.9298245614035088,0.8571428571428571,0.9017857142857142,0.9192982456140352
564,11,58,3,5,0.8961038961038961,0.8191598360655737,0.9508196721311475,0.6875,0.9354838709677419,0.6875,0.9508196721311475,0.7333333333333333,0.8344086021505376,0.8872950819672132
565,13,55,3,6,0.8831168831168831,0.8162431941923776,0.9482758620689655,0.6842105263157895,0.9243697478991597,0.6842105263157895,0.9482758620689655,0.7428571428571429,0.8336134453781513,0.8983666061705989
566,14,50,5,8,0.8311688311688312,0.7727272727272727,0.9090909090909091,0.6363636363636364,0.8849557522123894,0.6363636363636364,0.9090909090909091,0.6829268292682927,0.7839412907403411,0.9041322314049587
567,10,52,7,8,0.8051948051948052,0.7184557438794728,0.8813559322033898,0.5555555555555556,0.8739495798319328,0.5555555555555556,0.8813559322033898,0.5714285714285714,0.7226890756302521,0.8455743879472694
568,7,58,5,7,0.8441558441558441,0.7103174603174602,0.9206349206349206,0.5,0.90625,0.5,0.9206349206349206,0.5384615384615384,0.7223557692307692,0.8072562358276644
569,13,55,0,9,0.8831168831168831,0.7954545454545454,1.0,0.5909090909090909,0.9243697478991597,0.5909090909090909,1.0,0.7428571428571429,0.8336134453781513,0.9223140495867769
570,10,56,4,7,0.8571428571428571,0.7607843137254902,0.9333333333333333,0.5882352941176471,0.9105691056910569,0.5882352941176471,0.9333333333333333,0.6451612903225806,0.7778651980068187,0.8499999999999999
571,14,51,1,11,0.8441558441558441,0.7703846153846154,0.9807692307692307,0.56,0.8947368421052632,0.56,0.9807692307692307,0.7,0.7973684210526315,0.8461538461538461
572,11,45,6,15,0.7272727272727273,0.6527149321266968,0.8823529411764706,0.4230769230769231,0.8108108108108109,0.4230769230769231,0.8823529411764706,0.5116279069767442,0.6612193588937776,0.7993966817496229
573,11,58,2,6,0.8961038961038961,0.8068627450980392,0.9666666666666667,0.6470588235294118,0.9354838709677419,0.6470588235294118,0.9666666666666667,0.7333333333333333,0.8344086021505376,0.8725490196078431
574,12,51,7,7,0.8181818181818182,0.7554446460980035,0.8793103448275862,0.631578947368421,0.8793103448275862,0.631578947368421,0.8793103448275862,0.631578947368421,0.7554446460980035,0.9047186932849364
575,12,51,3,11,0.8181818181818182,0.7330917874396135,0.9444444444444444,0.5217391304347826,0.8793103448275862,0.5217391304347826,0.9444444444444444,0.631578947368421,0.7554446460980035,0.7842190016103059
576,7,51,5,14,0.7532467532467533,0.6220238095238095,0.9107142857142857,0.3333333333333333,0.8429752066115702,0.3333333333333333,0.9107142857142857,0.42424242424242425,0.6336088154269972,0.6258503401360545
577,10,54,3,10,0.8311688311688312,0.7236842105263157,0.9473684210526315,0.5,0.8925619834710744,0.5,0.9473684210526315,0.6060606060606061,0.7493112947658402,0.8008771929824561
578,17,39,5,16,0.7272727272727273,0.7007575757575757,0.8863636363636364,0.5151515151515151,0.7878787878787878,0.5151515151515151,0.8863636363636364,0.6181818181818182,0.703030303030303,0.7933884297520661
579,10,58,2,7,0.8831168831168831,0.7774509803921569,0.9666666666666667,0.5882352941176471,0.928,0.5882352941176471,0.9666666666666667,0.6896551724137931,0.8088275862068965,0.8088235294117647
580,17,46,4,10,0.8181818181818182,0.7748148148148148,0.92,0.6296296296296297,0.8679245283018868,0.6296296296296297,0.92,0.7083333333333334,0.78812893081761,0.84
581,12,46,9,10,0.7532467532467533,0.6909090909090909,0.8363636363636363,0.5454545454545454,0.8288288288288288,0.5454545454545454,0.8363636363636363,0.5581395348837209,0.6934841818562749,0.8049586776859504
582,11,57,4,5,0.8831168831168831,0.8109631147540983,0.9344262295081968,0.6875,0.926829268292683,0.6875,0.9344262295081968,0.7096774193548387,0.8182533438237609,0.9149590163934426
583,7,59,3,8,0.8571428571428571,0.7091397849462366,0.9516129032258065,0.4666666666666667,0.9147286821705426,0.4666666666666667,0.9516129032258065,0.56,0.7373643410852713,0.8043010752688172
584,10,50,5,12,0.7792207792207793,0.6818181818181818,0.9090909090909091,0.45454545454545453,0.8547008547008547,0.45454545454545453,0.9090909090909091,0.5405405405405406,0.6976206976206976,0.7611570247933884
585,19,45,6,7,0.8311688311688312,0.8065610859728507,0.8823529411764706,0.7307692307692307,0.8737864077669902,0.7307692307692307,0.8823529411764706,0.7450980392156863,0.8094422234913383,0.8959276018099548
586,10,48,8,11,0.7532467532467533,0.6666666666666666,0.8571428571428571,0.47619047619047616,0.8347826086956521,0.47619047619047616,0.8571428571428571,0.5128205128205128,0.6738015607580825,0.8137755102040817
587,11,54,8,4,0.8441558441558441,0.8021505376344086,0.8709677419354839,0.7333333333333333,0.9,0.7333333333333333,0.8709677419354839,0.6470588235294118,0.7735294117647059,0.8344086021505376
588,14,48,4,11,0.8051948051948052,0.7415384615384616,0.9230769230769231,0.56,0.8648648648648649,0.56,0.9230769230769231,0.6511627906976745,0.7580138277812697,0.9246153846153845
589,15,51,4,7,0.8571428571428571,0.8045454545454545,0.9272727272727272,0.6818181818181818,0.9026548672566371,0.6818181818181818,0.9272727272727272,0.7317073170731707,0.8171810921649039,0.8793388429752066
590,9,54,4,10,0.8181818181818182,0.7023593466424682,0.9310344827586207,0.47368421052631576,0.8852459016393442,0.47368421052631576,0.9310344827586207,0.5625,0.7238729508196722,0.7967332123411979
591,6,53,7,11,0.7662337662337663,0.6181372549019608,0.8833333333333333,0.35294117647058826,0.8548387096774194,0.35294117647058826,0.8833333333333333,0.4,0.6274193548387097,0.6754901960784313
592,12,55,3,7,0.8701298701298701,0.7899274047186933,0.9482758620689655,0.631578947368421,0.9166666666666666,0.631578947368421,0.9482758620689655,0.7058823529411765,0.8112745098039216,0.9174228675136117
593,12,52,4,9,0.8311688311688312,0.75,0.9285714285714286,0.5714285714285714,0.8888888888888888,0.5714285714285714,0.9285714285714286,0.6486486486486487,0.7687687687687688,0.814625850340136
594,13,52,3,9,0.8441558441558441,0.7681818181818182,0.9454545454545454,0.5909090909090909,0.896551724137931,0.5909090909090909,0.9454545454545454,0.6842105263157895,0.7903811252268602,0.7892561983471075
595,18,49,5,5,0.8701298701298701,0.8450080515297906,0.9074074074074074,0.782608695652174,0.9074074074074074,0.782608695652174,0.9074074074074074,0.782608695652174,0.8450080515297906,0.8727858293075684
596,6,62,3,6,0.8831168831168831,0.726923076923077,0.9538461538461539,0.5,0.9323308270676691,0.5,0.9538461538461539,0.5714285714285714,0.7518796992481203,0.7743589743589744
597,9,50,4,14,0.7662337662337663,0.6586151368760065,0.9259259259259259,0.391304347826087,0.847457627118644,0.391304347826087,0.9259259259259259,0.5,0.673728813559322,0.7351046698872786
598,5,58,8,6,0.8181818181818182,0.6666666666666666,0.8787878787878788,0.45454545454545453,0.8923076923076924,0.45454545454545453,0.8787878787878788,0.4166666666666667,0.6544871794871795,0.7011019283746556
599,12,50,5,10,0.8051948051948052,0.7272727272727273,0.9090909090909091,0.5454545454545454,0.8695652173913043,0.5454545454545454,0.9090909090909091,0.6153846153846154,0.7424749163879598,0.8388429752066117
600,16,46,5,10,0.8051948051948052,0.7586726998491704,0.9019607843137255,0.6153846153846154,0.8598130841121495,0.6153846153846154,0.9019607843137255,0.6808510638297872,0.7703320739709684,0.863499245852187
601,9,54,9,5,0.8181818181818182,0.75,0.8571428571428571,0.6428571428571429,0.8852459016393442,0.6428571428571429,0.8571428571428571,0.5625,0.7238729508196722,0.8072562358276645
602,10,52,7,8,0.8051948051948052,0.7184557438794728,0.8813559322033898,0.5555555555555556,0.8739495798319328,0.5555555555555556,0.8813559322033898,0.5714285714285714,0.7226890756302521,0.8370998116760828
603,12,52,6,7,0.8311688311688312,0.764065335753176,0.896551724137931,0.631578947368421,0.8888888888888888,0.631578947368421,0.896551724137931,0.6486486486486487,0.7687687687687688,0.8448275862068966
604,15,55,4,3,0.9090909090909091,0.8827683615819208,0.9322033898305084,0.8333333333333334,0.9401709401709402,0.8333333333333334,0.9322033898305084,0.8108108108108109,0.8754908754908755,0.923728813559322
605,14,42,5,16,0.7272727272727273,0.6801418439716311,0.8936170212765957,0.4666666666666667,0.8,0.4666666666666667,0.8936170212765957,0.5714285714285714,0.6857142857142857,0.8184397163120567
606,11,52,7,7,0.8181818181818182,0.7462335216572504,0.8813559322033898,0.6111111111111112,0.8813559322033898,0.6111111111111112,0.8813559322033898,0.6111111111111112,0.7462335216572504,0.8822975517890772
607,9,52,6,10,0.7922077922077922,0.6851179673321234,0.896551724137931,0.47368421052631576,0.8666666666666667,0.47368421052631576,0.896551724137931,0.5294117647058824,0.6980392156862745,0.73502722323049
608,15,54,1,7,0.8961038961038961,0.8318181818181818,0.9818181818181818,0.6818181818181818,0.9310344827586207,0.6818181818181818,0.9818181818181818,0.7894736842105263,0.8602540834845736,0.9694214876033058
609,7,57,6,7,0.8311688311688312,0.7023809523809523,0.9047619047619048,0.5,0.8976377952755905,0.5,0.9047619047619048,0.5185185185185185,0.7080781568970544,0.8401360544217688
610,12,55,4,6,0.8701298701298701,0.7994350282485876,0.9322033898305084,0.6666666666666666,0.9166666666666666,0.6666666666666666,0.9322033898305084,0.7058823529411765,0.8112745098039216,0.8945386064030131
611,8,57,2,10,0.8441558441558441,0.7052730696798493,0.9661016949152542,0.4444444444444444,0.9047619047619048,0.4444444444444444,0.9661016949152542,0.5714285714285714,0.7380952380952381,0.7495291902071562
612,11,50,5,11,0.7922077922077922,0.7045454545454546,0.9090909090909091,0.5,0.8620689655172413,0.5,0.9090909090909091,0.5789473684210527,0.720508166969147,0.8471074380165289
613,14,57,2,4,0.922077922077922,0.871939736346516,0.9661016949152542,0.7777777777777778,0.95,0.7777777777777778,0.9661016949152542,0.8235294117647058,0.8867647058823529,0.8926553672316384
614,12,54,0,11,0.8571428571428571,0.7608695652173914,1.0,0.5217391304347826,0.907563025210084,0.5217391304347826,1.0,0.6857142857142857,0.7966386554621849,0.9017713365539453
615,13,50,5,9,0.8181818181818182,0.75,0.9090909090909091,0.5909090909090909,0.8771929824561403,0.5909090909090909,0.9090909090909091,0.65,0.7635964912280702,0.8173553719008265
616,9,54,3,11,0.8181818181818182,0.6986842105263158,0.9473684210526315,0.45,0.8852459016393442,0.45,0.9473684210526315,0.5625,0.7238729508196722,0.8131578947368422
617,10,54,5,8,0.8311688311688312,0.7354048964218456,0.9152542372881356,0.5555555555555556,0.8925619834710744,0.5555555555555556,0.9152542372881356,0.6060606060606061,0.7493112947658402,0.8370998116760828
618,8,55,3,11,0.8181818181818182,0.6846642468239564,0.9482758620689655,0.42105263157894735,0.8870967741935484,0.42105263157894735,0.9482758620689655,0.5333333333333333,0.7102150537634409,0.851179673321234
619,15,53,5,4,0.8831168831168831,0.8516333938294012,0.9137931034482759,0.7894736842105263,0.9217391304347826,0.7894736842105263,0.9137931034482759,0.7692307692307693,0.8454849498327759,0.9065335753176043
620,13,55,2,7,0.8831168831168831,0.8074561403508772,0.9649122807017544,0.65,0.9243697478991597,0.65,0.9649122807017544,0.7428571428571429,0.8336134453781513,0.9219298245614036
621,5,57,5,10,0.8051948051948052,0.6263440860215054,0.9193548387096774,0.3333333333333333,0.8837209302325582,0.3333333333333333,0.9193548387096774,0.4,0.6418604651162791,0.7301075268817204
622,15,43,3,16,0.7532467532467533,0.7093267882187939,0.9347826086956522,0.4838709677419355,0.819047619047619,0.4838709677419355,0.9347826086956522,0.6122448979591837,0.7156462585034014,0.8373071528751753
623,10,51,5,11,0.7922077922077922,0.6934523809523809,0.9107142857142857,0.47619047619047616,0.864406779661017,0.47619047619047616,0.9107142857142857,0.5555555555555556,0.7099811676082863,0.8001700680272109
624,17,54,2,4,0.922077922077922,0.8869047619047619,0.9642857142857143,0.8095238095238095,0.9473684210526315,0.8095238095238095,0.9642857142857143,0.85,0.8986842105263158,0.9353741496598639
625,6,61,3,7,0.8701298701298701,0.7073317307692308,0.953125,0.46153846153846156,0.9242424242424242,0.46153846153846156,0.953125,0.5454545454545454,0.7348484848484849,0.765625
626,14,49,6,8,0.8181818181818182,0.7636363636363637,0.8909090909090909,0.6363636363636364,0.875,0.6363636363636364,0.8909090909090909,0.6666666666666666,0.7708333333333333,0.8826446280991735
627,5,60,2,10,0.8441558441558441,0.6505376344086021,0.967741935483871,0.3333333333333333,0.9090909090909091,0.3333333333333333,0.967741935483871,0.45454545454545453,0.6818181818181818,0.8419354838709678
628,13,56,5,3,0.8961038961038961,0.865266393442623,0.9180327868852459,0.8125,0.9333333333333333,0.8125,0.9180327868852459,0.7647058823529411,0.8490196078431372,0.8954918032786885
629,9,57,3,8,0.8571428571428571,0.7397058823529412,0.95,0.5294117647058824,0.912,0.5294117647058824,0.95,0.6206896551724138,0.7663448275862069,0.9058823529411765
630,14,46,2,15,0.7792207792207793,0.7205459770114943,0.9583333333333334,0.4827586206896552,0.8440366972477065,0.4827586206896552,0.9583333333333334,0.6222222222222222,0.7331294597349644,0.8620689655172414
631,12,48,8,9,0.7792207792207793,0.7142857142857142,0.8571428571428571,0.5714285714285714,0.8495575221238938,0.5714285714285714,0.8571428571428571,0.5853658536585366,0.7174616878912152,0.7908163265306122
632,15,51,3,8,0.8571428571428571,0.7983091787439613,0.9444444444444444,0.6521739130434783,0.9026548672566371,0.6521739130434783,0.9444444444444444,0.7317073170731707,0.8171810921649039,0.8333333333333333
633,9,57,4,7,0.8571428571428571,0.7484631147540983,0.9344262295081968,0.5625,0.912,0.5625,0.9344262295081968,0.6206896551724138,0.7663448275862069,0.7633196721311476
634,9,52,6,10,0.7922077922077922,0.6851179673321234,0.896551724137931,0.47368421052631576,0.8666666666666667,0.47368421052631576,0.896551724137931,0.5294117647058824,0.6980392156862745,0.7422867513611615
635,6,59,5,7,0.8441558441558441,0.6917067307692308,0.921875,0.46153846153846156,0.9076923076923077,0.46153846153846156,0.921875,0.5,0.7038461538461538,0.8125000000000001
636,14,49,6,8,0.8181818181818182,0.7636363636363637,0.8909090909090909,0.6363636363636364,0.875,0.6363636363636364,0.8909090909090909,0.6666666666666666,0.7708333333333333,0.7776859504132231
637,12,55,2,8,0.8701298701298701,0.7824561403508772,0.9649122807017544,0.6,0.9166666666666666,0.6,0.9649122807017544,0.7058823529411765,0.8112745098039216,0.9228070175438596
638,12,57,4,4,0.8961038961038961,0.8422131147540983,0.9344262295081968,0.75,0.9344262295081968,0.75,0.9344262295081968,0.75,0.8422131147540983,0.8299180327868851
639,15,51,2,9,0.8571428571428571,0.7936320754716981,0.9622641509433962,0.625,0.9026548672566371,0.625,0.9622641509433962,0.7317073170731707,0.8171810921649039,0.880503144654088
640,13,51,4,9,0.8311688311688312,0.759090909090909,0.9272727272727272,0.5909090909090909,0.8869565217391304,0.5909090909090909,0.9272727272727272,0.6666666666666666,0.7768115942028986,0.8859504132231405
641,7,54,3,13,0.7922077922077922,0.6486842105263158,0.9473684210526315,0.35,0.8709677419354839,0.35,0.9473684210526315,0.4666666666666667,0.6688172043010753,0.8149122807017544
642,11,54,3,9,0.8441558441558441,0.7486842105263158,0.9473684210526315,0.55,0.9,0.55,0.9473684210526315,0.6470588235294118,0.7735294117647059,0.9271929824561403
643,16,46,4,11,0.8051948051948052,0.7562962962962962,0.92,0.5925925925925926,0.8598130841121495,0.5925925925925926,0.92,0.6808510638297872,0.7703320739709684,0.7651851851851852
644,10,56,1,10,0.8571428571428571,0.7412280701754386,0.9824561403508771,0.5,0.9105691056910569,0.5,0.9824561403508771,0.6451612903225806,0.7778651980068187,0.837719298245614
645,12,42,7,16,0.7012987012987013,0.6428571428571428,0.8571428571428571,0.42857142857142855,0.7850467289719626,0.42857142857142855,0.8571428571428571,0.5106382978723404,0.6478425134221515,0.8134110787172012
646,13,52,0,12,0.8441558441558441,0.76,1.0,0.52,0.896551724137931,0.52,1.0,0.6842105263157895,0.7903811252268602,0.8761538461538462
647,9,51,6,11,0.7792207792207793,0.6723684210526316,0.8947368421052632,0.45,0.8571428571428571,0.45,0.8947368421052632,0.5142857142857142,0.6857142857142857,0.8175438596491228
648,14,53,2,8,0.8701298701298701,0.8,0.9636363636363636,0.6363636363636364,0.9137931034482759,0.6363636363636364,0.9636363636363636,0.7368421052631579,0.8253176043557169,0.843801652892562
649,12,50,5,10,0.8051948051948052,0.7272727272727273,0.9090909090909091,0.5454545454545454,0.8695652173913043,0.5454545454545454,0.9090909090909091,0.6153846153846154,0.7424749163879598,0.8462809917355372
650,8,56,3,10,0.8311688311688312,0.6967984934086628,0.9491525423728814,0.4444444444444444,0.896,0.4444444444444444,0.9491525423728814,0.5517241379310345,0.7238620689655173,0.8860640301318267
651,16,48,1,12,0.8311688311688312,0.7755102040816326,0.9795918367346939,0.5714285714285714,0.8807339449541285,0.5714285714285714,0.9795918367346939,0.7111111111111111,0.7959225280326199,0.8265306122448979
652,13,53,2,9,0.8571428571428571,0.7772727272727273,0.9636363636363636,0.5909090909090909,0.905982905982906,0.5909090909090909,0.9636363636363636,0.7027027027027027,0.8043428043428044,0.8842975206611571
653,9,52,7,9,0.7922077922077922,0.6906779661016949,0.8813559322033898,0.5,0.8666666666666667,0.5,0.8813559322033898,0.5294117647058824,0.6980392156862745,0.7730696798493408
654,7,51,10,9,0.7532467532467533,0.6367827868852459,0.8360655737704918,0.4375,0.8429752066115702,0.4375,0.8360655737704918,0.42424242424242425,0.6336088154269972,0.8350409836065573
655,12,54,1,10,0.8571428571428571,0.7636363636363637,0.9818181818181818,0.5454545454545454,0.907563025210084,0.5454545454545454,0.9818181818181818,0.6857142857142857,0.7966386554621849,0.8297520661157024
656,9,55,5,8,0.8311688311688312,0.7230392156862745,0.9166666666666666,0.5294117647058824,0.8943089430894309,0.5294117647058824,0.9166666666666666,0.5806451612903226,0.7374770521898768,0.7294117647058824
657,9,55,2,11,0.8311688311688312,0.7074561403508772,0.9649122807017544,0.45,0.8943089430894309,0.45,0.9649122807017544,0.5806451612903226,0.7374770521898768,0.7649122807017543
658,12,50,2,13,0.8051948051948052,0.7207692307692308,0.9615384615384616,0.48,0.8695652173913043,0.48,0.9615384615384616,0.6153846153846154,0.7424749163879598,0.8807692307692307
659,15,56,1,5,0.922077922077922,0.8662280701754386,0.9824561403508771,0.75,0.9491525423728814,0.75,0.9824561403508771,0.8333333333333334,0.8912429378531074,0.9087719298245615
660,12,52,4,9,0.8311688311688312,0.75,0.9285714285714286,0.5714285714285714,0.8888888888888888,0.5714285714285714,0.9285714285714286,0.6486486486486487,0.7687687687687688,0.8503401360544218
661,12,57,3,5,0.8961038961038961,0.8279411764705882,0.95,0.7058823529411765,0.9344262295081968,0.7058823529411765,0.95,0.75,0.8422131147540983,0.8676470588235294
662,9,51,6,11,0.7792207792207793,0.6723684210526316,0.8947368421052632,0.45,0.8571428571428571,0.45,0.8947368421052632,0.5142857142857142,0.6857142857142857,0.7947368421052632
663,8,48,11,10,0.7272727272727273,0.6290018832391714,0.8135593220338984,0.4444444444444444,0.8205128205128205,0.4444444444444444,0.8135593220338984,0.43243243243243246,0.6264726264726265,0.7033898305084745
664,12,54,5,6,0.8571428571428571,0.7909604519774012,0.9152542372881356,0.6666666666666666,0.907563025210084,0.6666666666666666,0.9152542372881356,0.6857142857142857,0.7966386554621849,0.92090395480226
665,8,57,1,11,0.8441558441558441,0.7019056261343013,0.9827586206896551,0.42105263157894735,0.9047619047619048,0.42105263157894735,0.9827586206896551,0.5714285714285714,0.7380952380952381,0.7912885662431941
666,15,50,3,9,0.8441558441558441,0.7841981132075472,0.9433962264150944,0.625,0.8928571428571429,0.625,0.9433962264150944,0.7142857142857143,0.8035714285714286,0.8844339622641509
667,11,50,4,12,0.7922077922077922,0.7020933977455717,0.9259259259259259,0.4782608695652174,0.8620689655172413,0.4782608695652174,0.9259259259259259,0.5789473684210527,0.720508166969147,0.8494363929146538
668,4,65,0,8,0.8961038961038961,0.6666666666666666,1.0,0.3333333333333333,0.9420289855072463,0.3333333333333333,1.0,0.5,0.7210144927536232,0.8602564102564103
669,14,50,5,8,0.8311688311688312,0.7727272727272727,0.9090909090909091,0.6363636363636364,0.8849557522123894,0.6363636363636364,0.9090909090909091,0.6829268292682927,0.7839412907403411,0.8859504132231405
670,17,48,3,9,0.8441558441558441,0.7975113122171946,0.9411764705882353,0.6538461538461539,0.8888888888888888,0.6538461538461539,0.9411764705882353,0.7391304347826086,0.8140096618357487,0.9276018099547512
671,12,48,5,12,0.7792207792207793,0.7028301886792453,0.9056603773584906,0.5,0.8495575221238938,0.5,0.9056603773584906,0.5853658536585366,0.7174616878912152,0.7720125786163523
672,12,52,5,8,0.8311688311688312,0.7561403508771929,0.9122807017543859,0.6,0.8888888888888888,0.6,0.9122807017543859,0.6486486486486487,0.7687687687687688,0.8657894736842106
673,13,55,3,6,0.8831168831168831,0.8162431941923776,0.9482758620689655,0.6842105263157895,0.9243697478991597,0.6842105263157895,0.9482758620689655,0.7428571428571429,0.8336134453781513,0.8938294010889293
674,15,45,3,14,0.7792207792207793,0.7273706896551724,0.9375,0.5172413793103449,0.8411214953271028,0.5172413793103449,0.9375,0.6382978723404256,0.7397096838337642,0.8124999999999999
675,7,51,4,15,0.7532467532467533,0.6227272727272727,0.9272727272727272,0.3181818181818182,0.8429752066115702,0.3181818181818182,0.9272727272727272,0.42424242424242425,0.6336088154269972,0.806611570247934
676,9,51,4,13,0.7792207792207793,0.6681818181818182,0.9272727272727272,0.4090909090909091,0.8571428571428571,0.4090909090909091,0.9272727272727272,0.5142857142857142,0.6857142857142857,0.7958677685950414
677,11,54,4,8,0.8441558441558441,0.7549909255898366,0.9310344827586207,0.5789473684210527,0.9,0.5789473684210527,0.9310344827586207,0.6470588235294118,0.7735294117647059,0.8539019963702359
678,16,51,0,10,0.8701298701298701,0.8076923076923077,1.0,0.6153846153846154,0.9107142857142857,0.6153846153846154,1.0,0.7619047619047619,0.8363095238095237,0.9095022624434389
679,10,50,4,13,0.7792207792207793,0.6803542673107891,0.9259259259259259,0.43478260869565216,0.8547008547008547,0.43478260869565216,0.9259259259259259,0.5405405405405406,0.6976206976206976,0.9122383252818035
680,12,53,3,9,0.8441558441558441,0.7589285714285714,0.9464285714285714,0.5714285714285714,0.8983050847457628,0.5714285714285714,0.9464285714285714,0.6666666666666666,0.7824858757062148,0.8273809523809523
681,10,56,2,9,0.8571428571428571,0.7459165154264973,0.9655172413793104,0.5263157894736842,0.9105691056910569,0.5263157894736842,0.9655172413793104,0.6451612903225806,0.7778651980068187,0.8765880217785844
682,6,59,4,8,0.8441558441558441,0.6825396825396826,0.9365079365079365,0.42857142857142855,0.9076923076923077,0.42857142857142855,0.9365079365079365,0.5,0.7038461538461538,0.8310657596371881
683,15,45,7,10,0.7792207792207793,0.7326923076923078,0.8653846153846154,0.6,0.8411214953271028,0.6,0.8653846153846154,0.6382978723404256,0.7397096838337642,0.7953846153846154
684,18,51,3,5,0.8961038961038961,0.8635265700483092,0.9444444444444444,0.782608695652174,0.9272727272727272,0.782608695652174,0.9444444444444444,0.8181818181818182,0.8727272727272728,0.9098228663446055
685,6,52,6,13,0.7532467532467533,0.6061705989110708,0.896551724137931,0.3157894736842105,0.8455284552845529,0.3157894736842105,0.896551724137931,0.3870967741935484,0.6163126147390506,0.8348457350272233
686,13,50,5,9,0.8181818181818182,0.75,0.9090909090909091,0.5909090909090909,0.8771929824561403,0.5909090909090909,0.9090909090909091,0.65,0.7635964912280702,0.9041322314049586
687,13,48,1,15,0.7922077922077922,0.721938775510204,0.9795918367346939,0.4642857142857143,0.8571428571428571,0.4642857142857143,0.9795918367346939,0.6190476190476191,0.7380952380952381,0.8870262390670555
688,16,40,5,16,0.7272727272727273,0.6944444444444444,0.8888888888888888,0.5,0.7920792079207921,0.5,0.8888888888888888,0.6037735849056604,0.6979263964132263,0.7402777777777778
689,9,52,6,10,0.7922077922077922,0.6851179673321234,0.896551724137931,0.47368421052631576,0.8666666666666667,0.47368421052631576,0.896551724137931,0.5294117647058824,0.6980392156862745,0.792196007259528
690,12,51,4,10,0.8181818181818182,0.7363636363636363,0.9272727272727272,0.5454545454545454,0.8793103448275862,0.5454545454545454,0.9272727272727272,0.631578947368421,0.7554446460980035,0.8619834710743801
691,12,53,5,7,0.8441558441558441,0.7726860254083485,0.9137931034482759,0.631578947368421,0.8983050847457628,0.631578947368421,0.9137931034482759,0.6666666666666666,0.7824858757062148,0.8847549909255897
692,7,55,2,13,0.8051948051948052,0.6574561403508772,0.9649122807017544,0.35,0.88,0.35,0.9649122807017544,0.4827586206896552,0.6813793103448276,0.8201754385964912
693,15,49,5,8,0.8311688311688312,0.7797906602254429,0.9074074074074074,0.6521739130434783,0.8828828828828829,0.6521739130434783,0.9074074074074074,0.6976744186046512,0.790278650743767,0.9170692431561998
694,16,50,3,8,0.8571428571428571,0.8050314465408805,0.9433962264150944,0.6666666666666666,0.9009009009009009,0.6666666666666666,0.9433962264150944,0.7441860465116279,0.8225434737062645,0.8734276729559749
695,12,52,3,10,0.8311688311688312,0.7454545454545454,0.9454545454545454,0.5454545454545454,0.8888888888888888,0.5454545454545454,0.9454545454545454,0.6486486486486487,0.7687687687687688,0.8396694214876033
696,13,53,3,8,0.8571428571428571,0.7827380952380952,0.9464285714285714,0.6190476190476191,0.905982905982906,0.6190476190476191,0.9464285714285714,0.7027027027027027,0.8043428043428044,0.8852040816326531
697,14,51,2,10,0.8441558441558441,0.7727987421383649,0.9622641509433962,0.5833333333333334,0.8947368421052632,0.5833333333333334,0.9622641509433962,0.7,0.7973684210526315,0.8577044025157233
698,7,55,4,11,0.8051948051948052,0.6605461393596986,0.9322033898305084,0.3888888888888889,0.88,0.3888888888888889,0.9322033898305084,0.4827586206896552,0.6813793103448276,0.8860640301318268
699,11,55,2,9,0.8571428571428571,0.7574561403508773,0.9649122807017544,0.55,0.9090909090909091,0.55,0.9649122807017544,0.6666666666666666,0.7878787878787878,0.9087719298245615
700,11,54,3,9,0.8441558441558441,0.7486842105263158,0.9473684210526315,0.55,0.9,0.55,0.9473684210526315,0.6470588235294118,0.7735294117647059,0.8184210526315789
701,17,52,2,6,0.8961038961038961,0.8510466988727858,0.9629629629629629,0.7391304347826086,0.9285714285714286,0.7391304347826086,0.9629629629629629,0.8095238095238095,0.8690476190476191,0.9186795491143317
702,10,52,4,11,0.8051948051948052,0.7023809523809523,0.9285714285714286,0.47619047619047616,0.8739495798319328,0.47619047619047616,0.9285714285714286,0.5714285714285714,0.7226890756302521,0.8137755102040817
703,12,52,3,10,0.8311688311688312,0.7454545454545454,0.9454545454545454,0.5454545454545454,0.8888888888888888,0.5454545454545454,0.9454545454545454,0.6486486486486487,0.7687687687687688,0.8876033057851239
704,10,54,3,10,0.8311688311688312,0.7236842105263157,0.9473684210526315,0.5,0.8925619834710744,0.5,0.9473684210526315,0.6060606060606061,0.7493112947658402,0.8719298245614034
705,8,50,8,11,0.7532467532467533,0.6415607985480943,0.8620689655172413,0.42105263157894735,0.8403361344537815,0.42105263157894735,0.8620689655172413,0.45714285714285713,0.6487394957983194,0.8448275862068966
706,11,57,2,7,0.8831168831168831,0.7886064030131827,0.9661016949152542,0.6111111111111112,0.926829268292683,0.6111111111111112,0.9661016949152542,0.7096774193548387,0.8182533438237609,0.8757062146892656
707,12,53,3,9,0.8441558441558441,0.7589285714285714,0.9464285714285714,0.5714285714285714,0.8983050847457628,0.5714285714285714,0.9464285714285714,0.6666666666666666,0.7824858757062148,0.8018707482993197
708,9,54,3,11,0.8181818181818182,0.6986842105263158,0.9473684210526315,0.45,0.8852459016393442,0.45,0.9473684210526315,0.5625,0.7238729508196722,0.8175438596491228
709,7,52,5,13,0.7662337662337663,0.6311403508771929,0.9122807017543859,0.35,0.8524590163934426,0.35,0.9122807017543859,0.4375,0.6449795081967213,0.7017543859649122
710,14,54,1,8,0.8831168831168831,0.8090909090909091,0.9818181818181818,0.6363636363636364,0.9230769230769231,0.6363636363636364,0.9818181818181818,0.7567567567567568,0.83991683991684,0.8826446280991735
711,12,53,5,7,0.8441558441558441,0.7726860254083485,0.9137931034482759,0.631578947368421,0.8983050847457628,0.631578947368421,0.9137931034482759,0.6666666666666666,0.7824858757062148,0.8085299455535391
712,9,56,3,9,0.8441558441558441,0.7245762711864407,0.9491525423728814,0.5,0.9032258064516129,0.5,0.9491525423728814,0.6,0.7516129032258064,0.8455743879472694
713,12,50,5,10,0.8051948051948052,0.7272727272727273,0.9090909090909091,0.5454545454545454,0.8695652173913043,0.5454545454545454,0.9090909090909091,0.6153846153846154,0.7424749163879598,0.7983471074380166
714,15,50,4,8,0.8441558441558441,0.789049919484702,0.9259259259259259,0.6521739130434783,0.8928571428571429,0.6521739130434783,0.9259259259259259,0.7142857142857143,0.8035714285714286,0.8840579710144927
715,11,46,6,14,0.7402597402597403,0.6623076923076923,0.8846153846153846,0.44,0.8214285714285714,0.44,0.8846153846153846,0.5238095238095238,0.6726190476190477,0.7538461538461538
716,13,44,6,14,0.7402597402597403,0.6807407407407408,0.88,0.48148148148148145,0.8148148148148148,0.48148148148148145,0.88,0.5652173913043478,0.6900161030595813,0.8562962962962962
717,10,52,5,10,0.8051948051948052,0.706140350877193,0.9122807017543859,0.5,0.8739495798319328,0.5,0.9122807017543859,0.5714285714285714,0.7226890756302521,0.7929824561403509
718,15,55,3,4,0.9090909090909091,0.8688747731397459,0.9482758620689655,0.7894736842105263,0.9401709401709402,0.7894736842105263,0.9482758620689655,0.8108108108108109,0.8754908754908755,0.9246823956442831
719,10,56,5,6,0.8571428571428571,0.771516393442623,0.9180327868852459,0.625,0.9105691056910569,0.625,0.9180327868852459,0.6451612903225806,0.7778651980068187,0.8862704918032787
720,13,53,4,7,0.8571428571428571,0.7899122807017545,0.9298245614035088,0.65,0.905982905982906,0.65,0.9298245614035088,0.7027027027027027,0.8043428043428044,0.9017543859649123
721,17,47,4,9,0.8311688311688312,0.7877073906485671,0.9215686274509803,0.6538461538461539,0.8785046728971962,0.6538461538461539,0.9215686274509803,0.723404255319149,0.8009544641081726,0.8665158371040724
722,11,57,2,7,0.8831168831168831,0.7886064030131827,0.9661016949152542,0.6111111111111112,0.926829268292683,0.6111111111111112,0.9661016949152542,0.7096774193548387,0.8182533438237609,0.867231638418079
723,15,56,2,4,0.922077922077922,0.8774954627949183,0.9655172413793104,0.7894736842105263,0.9491525423728814,0.7894736842105263,0.9655172413793104,0.8333333333333334,0.8912429378531074,0.9392014519056261
724,10,54,8,5,0.8311688311688312,0.7688172043010753,0.8709677419354839,0.6666666666666666,0.8925619834710744,0.6666666666666666,0.8709677419354839,0.6060606060606061,0.7493112947658402,0.8817204301075269
725,15,45,3,14,0.7792207792207793,0.7273706896551724,0.9375,0.5172413793103449,0.8411214953271028,0.5172413793103449,0.9375,0.6382978723404256,0.7397096838337642,0.8922413793103449
726,10,51,6,10,0.7922077922077922,0.6973684210526316,0.8947368421052632,0.5,0.864406779661017,0.5,0.8947368421052632,0.5555555555555556,0.7099811676082863,0.8035087719298246
727,9,56,5,7,0.8441558441558441,0.740266393442623,0.9180327868852459,0.5625,0.9032258064516129,0.5625,0.9180327868852459,0.6,0.7516129032258064,0.8872950819672131
728,14,50,2,11,0.8311688311688312,0.7607692307692309,0.9615384615384616,0.56,0.8849557522123894,0.56,0.9615384615384616,0.6829268292682927,0.7839412907403411,0.8923076923076924
729,10,46,6,15,0.7272727272727273,0.6423076923076922,0.8846153846153846,0.4,0.8141592920353983,0.4,0.8846153846153846,0.4878048780487805,0.6509820850420893,0.7138461538461539
730,14,49,7,7,0.8181818181818182,0.7708333333333333,0.875,0.6666666666666666,0.875,0.6666666666666666,0.875,0.6666666666666666,0.7708333333333333,0.7874149659863946
731,8,53,7,9,0.7922077922077922,0.6769607843137255,0.8833333333333333,0.47058823529411764,0.8688524590163934,0.47058823529411764,0.8833333333333333,0.5,0.6844262295081966,0.8470588235294118
732,11,51,7,8,0.8051948051948052,0.7291288566243195,0.8793103448275862,0.5789473684210527,0.8717948717948718,0.5789473684210527,0.8793103448275862,0.5945945945945946,0.7331947331947333,0.897459165154265
733,10,51,2,14,0.7922077922077922,0.6894654088050315,0.9622641509433962,0.4166666666666667,0.864406779661017,0.4166666666666667,0.9622641509433962,0.5555555555555556,0.7099811676082863,0.7940251572327044
734,16,50,5,6,0.8571428571428571,0.8181818181818181,0.9090909090909091,0.7272727272727273,0.9009009009009009,0.7272727272727273,0.9090909090909091,0.7441860465116279,0.8225434737062645,0.9479338842975207
735,12,54,4,7,0.8571428571428571,0.7813067150635209,0.9310344827586207,0.631578947368421,0.907563025210084,0.631578947368421,0.9310344827586207,0.6857142857142857,0.7966386554621849,0.8439201451905627
736,5,61,2,9,0.8571428571428571,0.6626984126984127,0.9682539682539683,0.35714285714285715,0.9172932330827067,0.35714285714285715,0.9682539682539683,0.47619047619047616,0.6967418546365914,0.7981859410430838
737,10,54,5,8,0.8311688311688312,0.7354048964218456,0.9152542372881356,0.5555555555555556,0.8925619834710744,0.5555555555555556,0.9152542372881356,0.6060606060606061,0.7493112947658402,0.8333333333333334
738,10,59,2,6,0.8961038961038961,0.7961065573770492,0.9672131147540983,0.625,0.9365079365079365,0.625,0.9672131147540983,0.7142857142857143,0.8253968253968254,0.9170081967213115
739,15,51,4,7,0.8571428571428571,0.8045454545454545,0.9272727272727272,0.6818181818181818,0.9026548672566371,0.6818181818181818,0.9272727272727272,0.7317073170731707,0.8171810921649039,0.8570247933884297
740,11,52,7,7,0.8181818181818182,0.7462335216572504,0.8813559322033898,0.6111111111111112,0.8813559322033898,0.6111111111111112,0.8813559322033898,0.6111111111111112,0.7462335216572504,0.8116760828625236
741,10,55,3,9,0.8441558441558441,0.7372958257713249,0.9482758620689655,0.5263157894736842,0.9016393442622951,0.5263157894736842,0.9482758620689655,0.625,0.7633196721311475,0.9219600725952812
742,10,59,5,3,0.8961038961038961,0.8455528846153846,0.921875,0.7692307692307693,0.9365079365079365,0.7692307692307693,0.921875,0.7142857142857143,0.8253968253968254,0.9555288461538461
743,15,50,8,4,0.8441558441558441,0.8257713248638838,0.8620689655172413,0.7894736842105263,0.8928571428571429,0.7894736842105263,0.8620689655172413,0.7142857142857143,0.8035714285714286,0.9156079854809437
744,2,58,5,12,0.7792207792207793,0.5317460317460317,0.9206349206349206,0.14285714285714285,0.8721804511278195,0.14285714285714285,0.9206349206349206,0.19047619047619047,0.531328320802005,0.735827664399093
745,14,51,4,8,0.8441558441558441,0.7818181818181817,0.9272727272727272,0.6363636363636364,0.8947368421052632,0.6363636363636364,0.9272727272727272,0.7,0.7973684210526315,0.8834710743801653
746,10,57,6,4,0.8701298701298701,0.8095238095238095,0.9047619047619048,0.7142857142857143,0.9193548387096774,0.7142857142857143,0.9047619047619048,0.6666666666666666,0.793010752688172,0.9229024943310657
747,8,57,3,9,0.8441558441558441,0.7102941176470587,0.95,0.47058823529411764,0.9047619047619048,0.47058823529411764,0.95,0.5714285714285714,0.7380952380952381,0.7294117647058824
748,15,45,6,11,0.7792207792207793,0.7296380090497737,0.8823529411764706,0.5769230769230769,0.8411214953271028,0.5769230769230769,0.8823529411764706,0.6382978723404256,0.7397096838337642,0.808446455505279
749,13,52,6,6,0.8441558441558441,0.7903811252268602,0.896551724137931,0.6842105263157895,0.896551724137931,0.6842105263157895,0.896551724137931,0.6842105263157895,0.7903811252268602,0.8992740471869328
750,10,57,3,7,0.8701298701298701,0.7691176470588235,0.95,0.5882352941176471,0.9193548387096774,0.5882352941176471,0.95,0.6666666666666666,0.793010752688172,0.842156862745098
751,6,58,5,8,0.8311688311688312,0.6746031746031745,0.9206349206349206,0.42857142857142855,0.8992248062015504,0.42857142857142855,0.9206349206349206,0.48,0.6896124031007752,0.8503401360544218
752,12,56,3,6,0.8831168831168831,0.807909604519774,0.9491525423728814,0.6666666666666666,0.9256198347107438,0.6666666666666666,0.9491525423728814,0.7272727272727273,0.8264462809917356,0.9067796610169491
753,7,55,3,12,0.8051948051948052,0.6583484573502723,0.9482758620689655,0.3684210526315789,0.88,0.3684210526315789,0.9482758620689655,0.4827586206896552,0.6813793103448276,0.7840290381125226
754,14,52,6,5,0.8571428571428571,0.8166969147005445,0.896551724137931,0.7368421052631579,0.9043478260869565,0.7368421052631579,0.896551724137931,0.717948717948718,0.8111482720178372,0.8883847549909256
755,13,51,5,8,0.8311688311688312,0.7648809523809523,0.9107142857142857,0.6190476190476191,0.8869565217391304,0.6190476190476191,0.9107142857142857,0.6666666666666666,0.7768115942028986,0.7933673469387754
756,12,54,2,9,0.8571428571428571,0.7678571428571428,0.9642857142857143,0.5714285714285714,0.907563025210084,0.5714285714285714,0.9642857142857143,0.6857142857142857,0.7966386554621849,0.8112244897959183
757,15,48,4,10,0.8181818181818182,0.7615384615384615,0.9230769230769231,0.6,0.8727272727272727,0.6,0.9230769230769231,0.6818181818181818,0.7772727272727272,0.8230769230769229
758,10,57,1,9,0.8701298701298701,0.7545372050816697,0.9827586206896551,0.5263157894736842,0.9193548387096774,0.5263157894736842,0.9827586206896551,0.6666666666666666,0.793010752688172,0.8457350272232305
759,14,58,0,5,0.935064935064935,0.868421052631579,1.0,0.7368421052631579,0.9586776859504132,0.7368421052631579,1.0,0.8484848484848485,0.9035812672176309,0.9219600725952812
760,15,51,6,5,0.8571428571428571,0.8223684210526316,0.8947368421052632,0.75,0.9026548672566371,0.75,0.8947368421052632,0.7317073170731707,0.8171810921649039,0.8850877192982456
761,13,55,3,6,0.8831168831168831,0.8162431941923776,0.9482758620689655,0.6842105263157895,0.9243697478991597,0.6842105263157895,0.9482758620689655,0.7428571428571429,0.8336134453781513,0.91016333938294
762,19,49,1,8,0.8831168831168831,0.8418518518518519,0.98,0.7037037037037037,0.9158878504672897,0.7037037037037037,0.98,0.8085106382978723,0.862199244382581,0.8474074074074074
763,13,55,2,7,0.8831168831168831,0.8074561403508772,0.9649122807017544,0.65,0.9243697478991597,0.65,0.9649122807017544,0.7428571428571429,0.8336134453781513,0.8710526315789474
764,11,50,4,12,0.7922077922077922,0.7020933977455717,0.9259259259259259,0.4782608695652174,0.8620689655172413,0.4782608695652174,0.9259259259259259,0.5789473684210527,0.720508166969147,0.7552334943639291
765,16,47,2,12,0.8181818181818182,0.7653061224489796,0.9591836734693877,0.5714285714285714,0.8703703703703703,0.5714285714285714,0.9591836734693877,0.6956521739130435,0.7830112721417068,0.8199708454810496
766,10,53,7,7,0.8181818181818182,0.7357843137254902,0.8833333333333333,0.5882352941176471,0.8833333333333333,0.5882352941176471,0.8833333333333333,0.5882352941176471,0.7357843137254902,0.8137254901960784
767,13,51,5,8,0.8311688311688312,0.7648809523809523,0.9107142857142857,0.6190476190476191,0.8869565217391304,0.6190476190476191,0.9107142857142857,0.6666666666666666,0.7768115942028986,0.8316326530612245
768,15,52,3,7,0.8701298701298701,0.8136363636363636,0.9454545454545454,0.6818181818181818,0.9122807017543859,0.6818181818181818,0.9454545454545454,0.75,0.831140350877193,0.9008264462809918
769,9,54,8,6,0.8181818181818182,0.7354838709677419,0.8709677419354839,0.6,0.8852459016393442,0.6,0.8709677419354839,0.5625,0.7238729508196722,0.7698924731182796
770,9,50,6,12,0.7662337662337663,0.6607142857142857,0.8928571428571429,0.42857142857142855,0.847457627118644,0.42857142857142855,0.8928571428571429,0.5,0.673728813559322,0.7857142857142857
771,14,53,2,8,0.8701298701298701,0.8,0.9636363636363636,0.6363636363636364,0.9137931034482759,0.6363636363636364,0.9636363636363636,0.7368421052631579,0.8253176043557169,0.9190082644628099
772,12,54,4,7,0.8571428571428571,0.7813067150635209,0.9310344827586207,0.631578947368421,0.907563025210084,0.631578947368421,0.9310344827586207,0.6857142857142857,0.7966386554621849,0.9382940108892921
773,11,53,6,7,0.8311688311688312,0.754708097928437,0.8983050847457628,0.6111111111111112,0.8907563025210085,0.6111111111111112,0.8983050847457628,0.6285714285714286,0.7596638655462185,0.8408662900188324
774,15,56,0,6,0.922077922077922,0.8571428571428572,1.0,0.7142857142857143,0.9491525423728814,0.7142857142857143,1.0,0.8333333333333334,0.8912429378531074,0.9183673469387755
775,9,50,5,13,0.7662337662337663,0.6590909090909091,0.9090909090909091,0.4090909090909091,0.847457627118644,0.4090909090909091,0.9090909090909091,0.5,0.673728813559322,0.824793388429752
776,13,52,6,6,0.8441558441558441,0.7903811252268602,0.896551724137931,0.6842105263157895,0.896551724137931,0.6842105263157895,0.896551724137931,0.6842105263157895,0.7903811252268602,0.8366606170598911
777,16,48,2,11,0.8311688311688312,0.7762962962962963,0.96,0.5925925925925926,0.8807339449541285,0.5925925925925926,0.96,0.7111111111111111,0.7959225280326199,0.8562962962962962
778,9,50,8,10,0.7662337662337663,0.6678765880217785,0.8620689655172413,0.47368421052631576,0.847457627118644,0.47368421052631576,0.8620689655172413,0.5,0.673728813559322,0.8738656987295826
779,13,54,4,6,0.8701298701298701,0.8076225045372051,0.9310344827586207,0.6842105263157895,0.9152542372881356,0.6842105263157895,0.9310344827586207,0.7222222222222222,0.8187382297551788,0.8439201451905626
780,9,59,1,8,0.8831168831168831,0.7563725490196078,0.9833333333333333,0.5294117647058824,0.9291338582677166,0.5294117647058824,0.9833333333333333,0.6666666666666666,0.7979002624671916,0.9784313725490197
781,13,54,3,7,0.8701298701298701,0.7986842105263158,0.9473684210526315,0.65,0.9152542372881356,0.65,0.9473684210526315,0.7222222222222222,0.8187382297551788,0.8991228070175439
782,12,51,3,11,0.8181818181818182,0.7330917874396135,0.9444444444444444,0.5217391304347826,0.8793103448275862,0.5217391304347826,0.9444444444444444,0.631578947368421,0.7554446460980035,0.8003220611916264
783,15,56,3,3,0.922077922077922,0.8912429378531074,0.9491525423728814,0.8333333333333334,0.9491525423728814,0.8333333333333334,0.9491525423728814,0.8333333333333334,0.8912429378531074,0.9708097928436912
784,10,59,2,6,0.8961038961038961,0.7961065573770492,0.9672131147540983,0.625,0.9365079365079365,0.625,0.9672131147540983,0.7142857142857143,0.8253968253968254,0.9026639344262295
785,14,45,5,13,0.7662337662337663,0.7092592592592593,0.9,0.5185185185185185,0.8333333333333334,0.5185185185185185,0.9,0.6086956521739131,0.7210144927536233,0.825925925925926
786,14,54,4,5,0.8831168831168831,0.8339382940108893,0.9310344827586207,0.7368421052631579,0.9230769230769231,0.7368421052631579,0.9310344827586207,0.7567567567567568,0.83991683991684,0.8475499092558983
787,11,54,7,5,0.8441558441558441,0.7863729508196722,0.8852459016393442,0.6875,0.9,0.6875,0.8852459016393442,0.6470588235294118,0.7735294117647059,0.9006147540983607
788,12,53,1,11,0.8441558441558441,0.751610305958132,0.9814814814814815,0.5217391304347826,0.8983050847457628,0.5217391304347826,0.9814814814814815,0.6666666666666666,0.7824858757062148,0.9194847020933977
789,13,47,4,13,0.7792207792207793,0.7107843137254901,0.9215686274509803,0.5,0.8468468468468469,0.5,0.9215686274509803,0.6046511627906976,0.7257490048187722,0.8484162895927602
790,16,51,1,9,0.8701298701298701,0.8103846153846154,0.9807692307692307,0.64,0.9107142857142857,0.64,0.9807692307692307,0.7619047619047619,0.8363095238095237,0.8623076923076922
791,9,56,3,9,0.8441558441558441,0.7245762711864407,0.9491525423728814,0.5,0.9032258064516129,0.5,0.9491525423728814,0.6,0.7516129032258064,0.7608286252354048
792,10,57,3,7,0.8701298701298701,0.7691176470588235,0.95,0.5882352941176471,0.9193548387096774,0.5882352941176471,0.95,0.6666666666666666,0.793010752688172,0.9176470588235294
793,12,53,2,10,0.8441558441558441,0.7545454545454545,0.9636363636363636,0.5454545454545454,0.8983050847457628,0.5454545454545454,0.9636363636363636,0.6666666666666666,0.7824858757062148,0.8388429752066116
794,13,48,5,11,0.7922077922077922,0.7236635220125787,0.9056603773584906,0.5416666666666666,0.8571428571428571,0.5416666666666666,0.9056603773584906,0.6190476190476191,0.7380952380952381,0.8294025157232705
795,13,51,4,9,0.8311688311688312,0.759090909090909,0.9272727272727272,0.5909090909090909,0.8869565217391304,0.5909090909090909,0.9272727272727272,0.6666666666666666,0.7768115942028986,0.8826446280991735
796,10,50,1,16,0.7792207792207793,0.6825037707390649,0.9803921568627451,0.38461538461538464,0.8547008547008547,0.38461538461538464,0.9803921568627451,0.5405405405405406,0.6976206976206976,0.8107088989441931
797,10,51,4,12,0.7922077922077922,0.6909090909090909,0.9272727272727272,0.45454545454545453,0.864406779661017,0.45454545454545453,0.9272727272727272,0.5555555555555556,0.7099811676082863,0.8504132231404958
798,10,50,3,14,0.7792207792207793,0.6800314465408805,0.9433962264150944,0.4166666666666667,0.8547008547008547,0.4166666666666667,0.9433962264150944,0.5405405405405406,0.6976206976206976,0.8875786163522013
799,15,51,4,7,0.8571428571428571,0.8045454545454545,0.9272727272727272,0.6818181818181818,0.9026548672566371,0.6818181818181818,0.9272727272727272,0.7317073170731707,0.8171810921649039,0.9289256198347107
800,10,47,7,13,0.7402597402597403,0.6525764895330113,0.8703703703703703,0.43478260869565216,0.8245614035087719,0.43478260869565216,0.8703703703703703,0.5,0.6622807017543859,0.749597423510467
801,8,54,5,10,0.8051948051948052,0.67984934086629,0.9152542372881356,0.4444444444444444,0.8780487804878049,0.4444444444444444,0.9152542372881356,0.5161290322580645,0.6970889063729346,0.8483992467043315
802,11,59,2,5,0.9090909090909091,0.8273565573770492,0.9672131147540983,0.6875,0.944,0.6875,0.9672131147540983,0.7586206896551724,0.8513103448275862,0.9375
803,12,58,2,5,0.9090909090909091,0.8362745098039216,0.9666666666666667,0.7058823529411765,0.943089430894309,0.7058823529411765,0.9666666666666667,0.7741935483870968,0.8586414896407029,0.9009803921568628
804,18,47,4,8,0.8441558441558441,0.8069381598793364,0.9215686274509803,0.6923076923076923,0.8867924528301887,0.6923076923076923,0.9215686274509803,0.75,0.8183962264150944,0.896681749622926
805,15,46,3,13,0.7922077922077922,0.7372448979591837,0.9387755102040817,0.5357142857142857,0.8518518518518519,0.5357142857142857,0.9387755102040817,0.6521739130434783,0.7520128824476651,0.8870262390670554
806,15,48,4,10,0.8181818181818182,0.7615384615384615,0.9230769230769231,0.6,0.8727272727272727,0.6,0.9230769230769231,0.6818181818181818,0.7772727272727272,0.8415384615384615
807,11,52,3,11,0.8181818181818182,0.7227272727272727,0.9454545454545454,0.5,0.8813559322033898,0.5,0.9454545454545454,0.6111111111111112,0.7462335216572504,0.887603305785124
808,15,43,6,13,0.7532467532467533,0.7066326530612245,0.8775510204081632,0.5357142857142857,0.819047619047619,0.5357142857142857,0.8775510204081632,0.6122448979591837,0.7156462585034014,0.8367346938775511
809,8,57,6,6,0.8441558441558441,0.7380952380952381,0.9047619047619048,0.5714285714285714,0.9047619047619048,0.5714285714285714,0.9047619047619048,0.5714285714285714,0.7380952380952381,0.7891156462585034
810,14,52,4,7,0.8571428571428571,0.7976190476190477,0.9285714285714286,0.6666666666666666,0.9043478260869565,0.6666666666666666,0.9285714285714286,0.717948717948718,0.8111482720178372,0.8239795918367347
811,16,49,4,8,0.8441558441558441,0.7955974842767295,0.9245283018867925,0.6666666666666666,0.8909090909090909,0.6666666666666666,0.9245283018867925,0.7272727272727273,0.8090909090909091,0.8396226415094341
812,13,55,0,9,0.8831168831168831,0.7954545454545454,1.0,0.5909090909090909,0.9243697478991597,0.5909090909090909,1.0,0.7428571428571429,0.8336134453781513,0.9305785123966942
813,20,47,4,6,0.8701298701298701,0.8453996983408748,0.9215686274509803,0.7692307692307693,0.9038461538461539,0.7692307692307693,0.9215686274509803,0.8,0.851923076923077,0.9291101055806938
814,6,56,6,9,0.8051948051948052,0.6516129032258065,0.9032258064516129,0.4,0.8818897637795275,0.4,0.9032258064516129,0.4444444444444444,0.663167104111986,0.8774193548387096
815,11,50,3,13,0.7922077922077922,0.7008647798742138,0.9433962264150944,0.4583333333333333,0.8620689655172413,0.4583333333333333,0.9433962264150944,0.5789473684210527,0.720508166969147,0.8026729559748427
816,9,52,6,10,0.7922077922077922,0.6851179673321234,0.896551724137931,0.47368421052631576,0.8666666666666667,0.47368421052631576,0.896551724137931,0.5294117647058824,0.6980392156862745,0.808529945553539
817,11,50,6,10,0.7922077922077922,0.7083333333333334,0.8928571428571429,0.5238095238095238,0.8620689655172413,0.5238095238095238,0.8928571428571429,0.5789473684210527,0.720508166969147,0.7491496598639457
818,14,48,3,12,0.8051948051948052,0.7398190045248869,0.9411764705882353,0.5384615384615384,0.8648648648648649,0.5384615384615384,0.9411764705882353,0.6511627906976745,0.7580138277812697,0.8665158371040724
819,10,53,4,10,0.8181818181818182,0.7149122807017544,0.9298245614035088,0.5,0.8833333333333333,0.5,0.9298245614035088,0.5882352941176471,0.7357843137254902,0.8280701754385965
820,7,54,7,9,0.7922077922077922,0.6613729508196722,0.8852459016393442,0.4375,0.8709677419354839,0.4375,0.8852459016393442,0.4666666666666667,0.6688172043010753,0.7469262295081966
821,9,55,3,10,0.8311688311688312,0.7109800362976406,0.9482758620689655,0.47368421052631576,0.8943089430894309,0.47368421052631576,0.9482758620689655,0.5806451612903226,0.7374770521898768,0.8892921960072595
822,12,53,4,8,0.8441558441558441,0.7649122807017543,0.9298245614035088,0.6,0.8983050847457628,0.6,0.9298245614035088,0.6666666666666666,0.7824858757062148,0.8236842105263158
823,11,52,1,13,0.8181818181818182,0.7197327044025157,0.9811320754716981,0.4583333333333333,0.8813559322033898,0.4583333333333333,0.9811320754716981,0.6111111111111112,0.7462335216572504,0.8561320754716981
824,13,49,5,10,0.8051948051948052,0.7363123993558776,0.9074074074074074,0.5652173913043478,0.8672566371681416,0.5652173913043478,0.9074074074074074,0.6341463414634146,0.7507014893157782,0.8784219001610305
825,10,58,5,4,0.8831168831168831,0.8174603174603174,0.9206349206349206,0.7142857142857143,0.928,0.7142857142857143,0.9206349206349206,0.6896551724137931,0.8088275862068965,0.8526077097505669
826,7,54,5,11,0.7922077922077922,0.6520715630885122,0.9152542372881356,0.3888888888888889,0.8709677419354839,0.3888888888888889,0.9152542372881356,0.4666666666666667,0.6688172043010753,0.692090395480226
827,12,53,5,7,0.8441558441558441,0.7726860254083485,0.9137931034482759,0.631578947368421,0.8983050847457628,0.631578947368421,0.9137931034482759,0.6666666666666666,0.7824858757062148,0.8076225045372051
828,8,57,6,6,0.8441558441558441,0.7380952380952381,0.9047619047619048,0.5714285714285714,0.9047619047619048,0.5714285714285714,0.9047619047619048,0.5714285714285714,0.7380952380952381,0.8775510204081634
829,13,54,1,9,0.8701298701298701,0.7863636363636364,0.9818181818181818,0.5909090909090909,0.9152542372881356,0.5909090909090909,0.9818181818181818,0.7222222222222222,0.8187382297551788,0.8669421487603306
830,10,53,3,11,0.8181818181818182,0.7113095238095237,0.9464285714285714,0.47619047619047616,0.8833333333333333,0.47619047619047616,0.9464285714285714,0.5882352941176471,0.7357843137254902,0.8358843537414966
831,18,47,8,4,0.8441558441558441,0.8363636363636364,0.8545454545454545,0.8181818181818182,0.8867924528301887,0.8181818181818182,0.8545454545454545,0.75,0.8183962264150944,0.8702479338842976
832,14,50,5,8,0.8311688311688312,0.7727272727272727,0.9090909090909091,0.6363636363636364,0.8849557522123894,0.6363636363636364,0.9090909090909091,0.6829268292682927,0.7839412907403411,0.8297520661157025
833,11,51,6,9,0.8051948051948052,0.7223684210526315,0.8947368421052632,0.55,0.8717948717948718,0.55,0.8947368421052632,0.5945945945945946,0.7331947331947333,0.8096491228070176
834,11,51,5,10,0.8051948051948052,0.7172619047619048,0.9107142857142857,0.5238095238095238,0.8717948717948718,0.5238095238095238,0.9107142857142857,0.5945945945945946,0.7331947331947333,0.8630952380952381
835,15,49,4,9,0.8311688311688312,0.7747641509433962,0.9245283018867925,0.625,0.8828828828828829,0.625,0.9245283018867925,0.6976744186046512,0.790278650743767,0.7877358490566038
836,11,48,9,9,0.7662337662337663,0.6960526315789474,0.8421052631578947,0.55,0.8421052631578947,0.55,0.8421052631578947,0.55,0.6960526315789474,0.8052631578947369
837,12,52,3,10,0.8311688311688312,0.7454545454545454,0.9454545454545454,0.5454545454545454,0.8888888888888888,0.5454545454545454,0.9454545454545454,0.6486486486486487,0.7687687687687688,0.9223140495867769
838,15,49,4,9,0.8311688311688312,0.7747641509433962,0.9245283018867925,0.625,0.8828828828828829,0.625,0.9245283018867925,0.6976744186046512,0.790278650743767,0.8561320754716981
839,13,53,5,6,0.8571428571428571,0.7990018148820327,0.9137931034482759,0.6842105263157895,0.905982905982906,0.6842105263157895,0.9137931034482759,0.7027027027027027,0.8043428043428044,0.852994555353902
840,8,53,5,11,0.7922077922077922,0.6674228675136116,0.9137931034482759,0.42105263157894735,0.8688524590163934,0.42105263157894735,0.9137931034482759,0.5,0.6844262295081966,0.7431941923774954
841,10,49,8,10,0.7662337662337663,0.6798245614035088,0.8596491228070176,0.5,0.8448275862068966,0.5,0.8596491228070176,0.5263157894736842,0.6855716878402904,0.7885964912280702
842,10,45,7,15,0.7142857142857143,0.6326923076923077,0.8653846153846154,0.4,0.8035714285714286,0.4,0.8653846153846154,0.47619047619047616,0.6398809523809523,0.8392307692307692
843,12,54,5,6,0.8571428571428571,0.7909604519774012,0.9152542372881356,0.6666666666666666,0.907563025210084,0.6666666666666666,0.9152542372881356,0.6857142857142857,0.7966386554621849,0.8502824858757062
844,6,66,1,4,0.935064935064935,0.7925373134328357,0.9850746268656716,0.6,0.9635036496350365,0.6,0.9850746268656716,0.7058823529411765,0.8346930012881065,0.9059701492537313
845,12,50,5,10,0.8051948051948052,0.7272727272727273,0.9090909090909091,0.5454545454545454,0.8695652173913043,0.5454545454545454,0.9090909090909091,0.6153846153846154,0.7424749163879598,0.8793388429752066
846,13,53,5,6,0.8571428571428571,0.7990018148820327,0.9137931034482759,0.6842105263157895,0.905982905982906,0.6842105263157895,0.9137931034482759,0.7027027027027027,0.8043428043428044,0.9183303085299456
847,14,51,2,10,0.8441558441558441,0.7727987421383649,0.9622641509433962,0.5833333333333334,0.8947368421052632,0.5833333333333334,0.9622641509433962,0.7,0.7973684210526315,0.8702830188679246
848,8,55,2,12,0.8181818181818182,0.6824561403508772,0.9649122807017544,0.4,0.8870967741935484,0.4,0.9649122807017544,0.5333333333333333,0.7102150537634409,0.8526315789473684
849,10,61,4,2,0.922077922077922,0.8858974358974359,0.9384615384615385,0.8333333333333334,0.953125,0.8333333333333334,0.9384615384615385,0.7692307692307693,0.8611778846153846,0.9615384615384616
850,11,56,3,7,0.8701298701298701,0.7801318267419963,0.9491525423728814,0.6111111111111112,0.9180327868852459,0.6111111111111112,0.9491525423728814,0.6875,0.802766393442623,0.8954802259887005
851,8,55,4,10,0.8181818181818182,0.6883239171374764,0.9322033898305084,0.4444444444444444,0.8870967741935484,0.4444444444444444,0.9322033898305084,0.5333333333333333,0.7102150537634409,0.7693032015065914
852,14,49,3,11,0.8181818181818182,0.7511538461538462,0.9423076923076923,0.56,0.875,0.56,0.9423076923076923,0.6666666666666666,0.7708333333333333,0.8969230769230769
853,13,47,6,11,0.7792207792207793,0.7142295597484276,0.8867924528301887,0.5416666666666666,0.8468468468468469,0.5416666666666666,0.8867924528301887,0.6046511627906976,0.7257490048187722,0.8789308176100629
854,11,51,6,9,0.8051948051948052,0.7223684210526315,0.8947368421052632,0.55,0.8717948717948718,0.55,0.8947368421052632,0.5945945945945946,0.7331947331947333,0.7719298245614036
855,15,53,3,6,0.8831168831168831,0.8303571428571428,0.9464285714285714,0.7142857142857143,0.9217391304347826,0.7142857142857143,0.9464285714285714,0.7692307692307693,0.8454849498327759,0.9387755102040816
856,16,55,1,5,0.922077922077922,0.8720238095238095,0.9821428571428571,0.7619047619047619,0.9482758620689655,0.7619047619047619,0.9821428571428571,0.8421052631578947,0.8951905626134301,0.8894557823129251
857,9,60,3,5,0.8961038961038961,0.7976190476190477,0.9523809523809523,0.6428571428571429,0.9375,0.6428571428571429,0.9523809523809523,0.6923076923076923,0.8149038461538461,0.8151927437641724
858,11,60,1,5,0.922077922077922,0.8355532786885246,0.9836065573770492,0.6875,0.9523809523809523,0.6875,0.9836065573770492,0.7857142857142857,0.8690476190476191,0.8719262295081968
859,10,50,6,11,0.7792207792207793,0.6845238095238095,0.8928571428571429,0.47619047619047616,0.8547008547008547,0.47619047619047616,0.8928571428571429,0.5405405405405406,0.6976206976206976,0.8197278911564625
860,10,50,4,13,0.7792207792207793,0.6803542673107891,0.9259259259259259,0.43478260869565216,0.8547008547008547,0.43478260869565216,0.9259259259259259,0.5405405405405406,0.6976206976206976,0.8027375201288245
861,16,52,1,8,0.8831168831168831,0.8238993710691824,0.9811320754716981,0.6666666666666666,0.9203539823008849,0.6666666666666666,0.9811320754716981,0.7804878048780488,0.8504208935894668,0.9331761006289307
862,6,63,2,6,0.8961038961038961,0.7346153846153847,0.9692307692307692,0.5,0.9402985074626866,0.5,0.9692307692307692,0.6,0.7701492537313432,0.841025641025641
863,14,52,6,5,0.8571428571428571,0.8166969147005445,0.896551724137931,0.7368421052631579,0.9043478260869565,0.7368421052631579,0.896551724137931,0.717948717948718,0.8111482720178372,0.941016333938294
864,18,44,4,11,0.8051948051948052,0.7686781609195402,0.9166666666666666,0.6206896551724138,0.8543689320388349,0.6206896551724138,0.9166666666666666,0.7058823529411765,0.7801256424900057,0.8872126436781609
865,6,59,2,10,0.8441558441558441,0.6711065573770492,0.9672131147540983,0.375,0.9076923076923077,0.375,0.9672131147540983,0.5,0.7038461538461538,0.7704918032786885
866,14,51,4,8,0.8441558441558441,0.7818181818181817,0.9272727272727272,0.6363636363636364,0.8947368421052632,0.6363636363636364,0.9272727272727272,0.7,0.7973684210526315,0.8413223140495868
867,11,45,8,13,0.7272727272727273,0.6536949685534591,0.8490566037735849,0.4583333333333333,0.8108108108108109,0.4583333333333333,0.8490566037735849,0.5116279069767442,0.6612193588937776,0.7759433962264151
868,9,57,4,7,0.8571428571428571,0.7484631147540983,0.9344262295081968,0.5625,0.912,0.5625,0.9344262295081968,0.6206896551724138,0.7663448275862069,0.9631147540983606
869,11,56,2,8,0.8701298701298701,0.7722323049001816,0.9655172413793104,0.5789473684210527,0.9180327868852459,0.5789473684210527,0.9655172413793104,0.6875,0.802766393442623,0.8938294010889293
870,19,51,2,5,0.9090909090909091,0.8769654088050314,0.9622641509433962,0.7916666666666666,0.9357798165137615,0.7916666666666666,0.9622641509433962,0.8444444444444444,0.890112130479103,0.9410377358490567
871,11,49,7,10,0.7792207792207793,0.6994047619047619,0.875,0.5238095238095238,0.8521739130434782,0.5238095238095238,0.875,0.5641025641025641,0.7081382385730212,0.7789115646258504
872,11,52,3,11,0.8181818181818182,0.7227272727272727,0.9454545454545454,0.5,0.8813559322033898,0.5,0.9454545454545454,0.6111111111111112,0.7462335216572504,0.7983471074380165
873,14,53,2,8,0.8701298701298701,0.8,0.9636363636363636,0.6363636363636364,0.9137931034482759,0.6363636363636364,0.9636363636363636,0.7368421052631579,0.8253176043557169,0.9363636363636364
874,14,52,3,8,0.8571428571428571,0.7909090909090909,0.9454545454545454,0.6363636363636364,0.9043478260869565,0.6363636363636364,0.9454545454545454,0.717948717948718,0.8111482720178372,0.8495867768595041
875,13,53,3,8,0.8571428571428571,0.7827380952380952,0.9464285714285714,0.6190476190476191,0.905982905982906,0.6190476190476191,0.9464285714285714,0.7027027027027027,0.8043428043428044,0.8613945578231292
876,11,55,4,7,0.8571428571428571,0.7716572504708098,0.9322033898305084,0.6111111111111112,0.9090909090909091,0.6111111111111112,0.9322033898305084,0.6666666666666666,0.7878787878787878,0.8427495291902072
877,8,56,5,8,0.8311688311688312,0.709016393442623,0.9180327868852459,0.5,0.896,0.5,0.9180327868852459,0.5517241379310345,0.7238620689655173,0.757172131147541
878,16,51,3,7,0.8701298701298701,0.8200483091787439,0.9444444444444444,0.6956521739130435,0.9107142857142857,0.6956521739130435,0.9444444444444444,0.7619047619047619,0.8363095238095237,0.8719806763285024
879,8,59,3,7,0.8701298701298701,0.7424731182795699,0.9516129032258065,0.5333333333333333,0.921875,0.5333333333333333,0.9516129032258065,0.6153846153846154,0.7686298076923077,0.9193548387096775
880,11,51,6,9,0.8051948051948052,0.7223684210526315,0.8947368421052632,0.55,0.8717948717948718,0.55,0.8947368421052632,0.5945945945945946,0.7331947331947333,0.8850877192982456
881,16,51,4,6,0.8701298701298701,0.8272727272727273,0.9272727272727272,0.7272727272727273,0.9107142857142857,0.7272727272727273,0.9272727272727272,0.7619047619047619,0.8363095238095237,0.9462809917355371
882,19,47,3,8,0.8571428571428571,0.8218518518518518,0.94,0.7037037037037037,0.8952380952380953,0.7037037037037037,0.94,0.7755102040816326,0.8353741496598639,0.9622222222222222
883,13,47,6,11,0.7792207792207793,0.7142295597484276,0.8867924528301887,0.5416666666666666,0.8468468468468469,0.5416666666666666,0.8867924528301887,0.6046511627906976,0.7257490048187722,0.8238993710691823
884,11,58,3,5,0.8961038961038961,0.8191598360655737,0.9508196721311475,0.6875,0.9354838709677419,0.6875,0.9508196721311475,0.7333333333333333,0.8344086021505376,0.9282786885245902
885,11,53,4,9,0.8311688311688312,0.7399122807017544,0.9298245614035088,0.55,0.8907563025210085,0.55,0.9298245614035088,0.6285714285714286,0.7596638655462185,0.8657894736842106
886,9,54,3,11,0.8181818181818182,0.6986842105263158,0.9473684210526315,0.45,0.8852459016393442,0.45,0.9473684210526315,0.5625,0.7238729508196722,0.8043859649122808
887,15,46,9,7,0.7922077922077922,0.759090909090909,0.8363636363636363,0.6818181818181818,0.8518518518518519,0.6818181818181818,0.8363636363636363,0.6521739130434783,0.7520128824476651,0.8099173553719008
888,17,46,6,8,0.8181818181818182,0.7823076923076924,0.8846153846153846,0.68,0.8679245283018868,0.68,0.8846153846153846,0.7083333333333334,0.78812893081761,0.8638461538461539
889,6,55,3,13,0.7922077922077922,0.632032667876588,0.9482758620689655,0.3157894736842105,0.873015873015873,0.3157894736842105,0.9482758620689655,0.42857142857142855,0.6507936507936508,0.8312159709618875
890,13,56,5,3,0.8961038961038961,0.865266393442623,0.9180327868852459,0.8125,0.9333333333333333,0.8125,0.9180327868852459,0.7647058823529411,0.8490196078431372,0.9426229508196721
891,11,54,3,9,0.8441558441558441,0.7486842105263158,0.9473684210526315,0.55,0.9,0.55,0.9473684210526315,0.6470588235294118,0.7735294117647059,0.8403508771929824
892,8,54,1,14,0.8051948051948052,0.6727272727272727,0.9818181818181818,0.36363636363636365,0.8780487804878049,0.36363636363636365,0.9818181818181818,0.5161290322580645,0.6970889063729346,0.7867768595041322
893,15,53,3,6,0.8831168831168831,0.8303571428571428,0.9464285714285714,0.7142857142857143,0.9217391304347826,0.7142857142857143,0.9464285714285714,0.7692307692307693,0.8454849498327759,0.9668367346938775
894,10,56,2,9,0.8571428571428571,0.7459165154264973,0.9655172413793104,0.5263157894736842,0.9105691056910569,0.5263157894736842,0.9655172413793104,0.6451612903225806,0.7778651980068187,0.8312159709618875
895,9,51,8,9,0.7792207792207793,0.6822033898305084,0.864406779661017,0.5,0.8571428571428571,0.5,0.864406779661017,0.5142857142857142,0.6857142857142857,0.856873822975518
896,14,48,5,10,0.8051948051948052,0.7444968553459119,0.9056603773584906,0.5833333333333334,0.8648648648648649,0.5833333333333334,0.9056603773584906,0.6511627906976745,0.7580138277812697,0.8569182389937107
897,15,51,2,9,0.8571428571428571,0.7936320754716981,0.9622641509433962,0.625,0.9026548672566371,0.625,0.9622641509433962,0.7317073170731707,0.8171810921649039,0.8592767295597485
898,8,50,4,15,0.7532467532467533,0.6368760064412238,0.9259259259259259,0.34782608695652173,0.8403361344537815,0.34782608695652173,0.9259259259259259,0.45714285714285713,0.6487394957983194,0.8470209339774557
899,15,55,1,6,0.9090909090909091,0.8482142857142857,0.9821428571428571,0.7142857142857143,0.9401709401709402,0.7142857142857143,0.9821428571428571,0.8108108108108109,0.8754908754908755,0.9872448979591837
900,15,53,5,4,0.8831168831168831,0.8516333938294012,0.9137931034482759,0.7894736842105263,0.9217391304347826,0.7894736842105263,0.9137931034482759,0.7692307692307693,0.8454849498327759,0.9500907441016334
901,7,50,6,14,0.7402597402597403,0.6130952380952381,0.8928571428571429,0.3333333333333333,0.8333333333333334,0.3333333333333333,0.8928571428571429,0.4117647058823529,0.6225490196078431,0.7687074829931974
902,14,48,4,11,0.8051948051948052,0.7415384615384616,0.9230769230769231,0.56,0.8648648648648649,0.56,0.9230769230769231,0.6511627906976745,0.7580138277812697,0.6984615384615385
903,5,61,4,7,0.8571428571428571,0.6775641025641026,0.9384615384615385,0.4166666666666667,0.9172932330827067,0.4166666666666667,0.9384615384615385,0.47619047619047616,0.6967418546365914,0.6538461538461539
904,11,53,4,9,0.8311688311688312,0.7399122807017544,0.9298245614035088,0.55,0.8907563025210085,0.55,0.9298245614035088,0.6285714285714286,0.7596638655462185,0.9087719298245613
905,7,55,4,11,0.8051948051948052,0.6605461393596986,0.9322033898305084,0.3888888888888889,0.88,0.3888888888888889,0.9322033898305084,0.4827586206896552,0.6813793103448276,0.7984934086629001
906,17,49,4,7,0.8571428571428571,0.816430817610063,0.9245283018867925,0.7083333333333334,0.8990825688073395,0.7083333333333334,0.9245283018867925,0.7555555555555555,0.8273190621814475,0.8569182389937107
907,11,53,6,7,0.8311688311688312,0.754708097928437,0.8983050847457628,0.6111111111111112,0.8907563025210085,0.6111111111111112,0.8983050847457628,0.6285714285714286,0.7596638655462185,0.8700564971751412
908,11,53,1,12,0.8311688311688312,0.7298711755233495,0.9814814814814815,0.4782608695652174,0.8907563025210085,0.4782608695652174,0.9814814814814815,0.6285714285714286,0.7596638655462185,0.8655394524959742
909,3,60,5,9,0.8181818181818182,0.5865384615384616,0.9230769230769231,0.25,0.8955223880597015,0.25,0.9230769230769231,0.3,0.5977611940298507,0.7551282051282051
910,14,47,7,9,0.7922077922077922,0.7395330112721417,0.8703703703703703,0.6086956521739131,0.8545454545454545,0.6086956521739131,0.8703703703703703,0.6363636363636364,0.7454545454545454,0.8647342995169081
911,9,51,3,14,0.7792207792207793,0.6678743961352657,0.9444444444444444,0.391304347826087,0.8571428571428571,0.391304347826087,0.9444444444444444,0.5142857142857142,0.6857142857142857,0.7270531400966183
912,10,58,2,7,0.8831168831168831,0.7774509803921569,0.9666666666666667,0.5882352941176471,0.928,0.5882352941176471,0.9666666666666667,0.6896551724137931,0.8088275862068965,0.8901960784313725
913,10,55,6,6,0.8441558441558441,0.7633196721311475,0.9016393442622951,0.625,0.9016393442622951,0.625,0.9016393442622951,0.625,0.7633196721311475,0.8985655737704917
914,10,48,5,14,0.7532467532467533,0.6611635220125787,0.9056603773584906,0.4166666666666667,0.8347826086956521,0.4166666666666667,0.9056603773584906,0.5128205128205128,0.6738015607580825,0.6965408805031447
915,13,55,4,5,0.8831168831168831,0.8272128060263653,0.9322033898305084,0.7222222222222222,0.9243697478991597,0.7222222222222222,0.9322033898305084,0.7428571428571429,0.8336134453781513,0.8832391713747647
916,10,50,4,13,0.7792207792207793,0.6803542673107891,0.9259259259259259,0.43478260869565216,0.8547008547008547,0.43478260869565216,0.9259259259259259,0.5405405405405406,0.6976206976206976,0.7914653784219001
917,12,49,3,13,0.7922077922077922,0.7111538461538461,0.9423076923076923,0.48,0.8596491228070176,0.48,0.9423076923076923,0.6,0.7298245614035088,0.8284615384615385
918,12,51,3,11,0.8181818181818182,0.7330917874396135,0.9444444444444444,0.5217391304347826,0.8793103448275862,0.5217391304347826,0.9444444444444444,0.631578947368421,0.7554446460980035,0.8011272141706924
919,14,44,5,14,0.7532467532467533,0.6989795918367347,0.8979591836734694,0.5,0.822429906542056,0.5,0.8979591836734694,0.5957446808510638,0.70908729369656,0.7849854227405247
920,16,47,2,12,0.8181818181818182,0.7653061224489796,0.9591836734693877,0.5714285714285714,0.8703703703703703,0.5714285714285714,0.9591836734693877,0.6956521739130435,0.7830112721417068,0.8862973760932944
921,7,56,5,9,0.8181818181818182,0.677766393442623,0.9180327868852459,0.4375,0.8888888888888888,0.4375,0.9180327868852459,0.5,0.6944444444444444,0.8350409836065573
922,12,50,3,12,0.8051948051948052,0.7216981132075472,0.9433962264150944,0.5,0.8695652173913043,0.5,0.9433962264150944,0.6153846153846154,0.7424749163879598,0.8097484276729561
923,19,51,3,4,0.9090909090909091,0.8852657004830917,0.9444444444444444,0.8260869565217391,0.9357798165137615,0.8260869565217391,0.9444444444444444,0.8444444444444444,0.890112130479103,0.9533011272141707
924,6,58,5,8,0.8311688311688312,0.6746031746031745,0.9206349206349206,0.42857142857142855,0.8992248062015504,0.42857142857142855,0.9206349206349206,0.48,0.6896124031007752,0.8061224489795918
925,11,58,2,6,0.8961038961038961,0.8068627450980392,0.9666666666666667,0.6470588235294118,0.9354838709677419,0.6470588235294118,0.9666666666666667,0.7333333333333333,0.8344086021505376,0.9323529411764705
926,22,45,4,6,0.8701298701298701,0.8520408163265306,0.9183673469387755,0.7857142857142857,0.9,0.7857142857142857,0.9183673469387755,0.8148148148148148,0.8574074074074074,0.9110787172011662
927,16,49,1,11,0.8441558441558441,0.7862962962962963,0.98,0.5925925925925926,0.8909090909090909,0.5925925925925926,0.98,0.7272727272727273,0.8090909090909091,0.971111111111111
928,7,52,3,15,0.7662337662337663,0.6318181818181818,0.9454545454545454,0.3181818181818182,0.8524590163934426,0.3181818181818182,0.9454545454545454,0.4375,0.6449795081967213,0.7487603305785124
929,11,53,5,8,0.8311688311688312,0.7463702359346642,0.9137931034482759,0.5789473684210527,0.8907563025210085,0.5789473684210527,0.9137931034482759,0.6285714285714286,0.7596638655462185,0.8448275862068965
930,20,48,0,9,0.8831168831168831,0.8448275862068966,1.0,0.6896551724137931,0.9142857142857143,0.6896551724137931,1.0,0.8163265306122449,0.8653061224489795,0.9310344827586207
931,10,53,2,12,0.8181818181818182,0.7090909090909091,0.9636363636363636,0.45454545454545453,0.8833333333333333,0.45454545454545453,0.9636363636363636,0.5882352941176471,0.7357843137254902,0.7636363636363636
932,13,52,4,8,0.8441558441558441,0.7738095238095238,0.9285714285714286,0.6190476190476191,0.896551724137931,0.6190476190476191,0.9285714285714286,0.6842105263157895,0.7903811252268602,0.9209183673469388
933,11,52,1,13,0.8181818181818182,0.7197327044025157,0.9811320754716981,0.4583333333333333,0.8813559322033898,0.4583333333333333,0.9811320754716981,0.6111111111111112,0.7462335216572504,0.9182389937106918
934,18,44,6,9,0.8051948051948052,0.7733333333333333,0.88,0.6666666666666666,0.8543689320388349,0.6666666666666666,0.88,0.7058823529411765,0.7801256424900057,0.8148148148148148
935,15,55,1,6,0.9090909090909091,0.8482142857142857,0.9821428571428571,0.7142857142857143,0.9401709401709402,0.7142857142857143,0.9821428571428571,0.8108108108108109,0.8754908754908755,0.923469387755102
936,13,55,3,6,0.8831168831168831,0.8162431941923776,0.9482758620689655,0.6842105263157895,0.9243697478991597,0.6842105263157895,0.9482758620689655,0.7428571428571429,0.8336134453781513,0.8475499092558982
937,12,56,3,6,0.8831168831168831,0.807909604519774,0.9491525423728814,0.6666666666666666,0.9256198347107438,0.6666666666666666,0.9491525423728814,0.7272727272727273,0.8264462809917356,0.9030131826741996
938,14,45,8,10,0.7662337662337663,0.7161949685534592,0.8490566037735849,0.5833333333333334,0.8333333333333334,0.5833333333333334,0.8490566037735849,0.6086956521739131,0.7210144927536233,0.8443396226415094
939,9,57,4,7,0.8571428571428571,0.7484631147540983,0.9344262295081968,0.5625,0.912,0.5625,0.9344262295081968,0.6206896551724138,0.7663448275862069,0.8360655737704918
940,12,51,4,10,0.8181818181818182,0.7363636363636363,0.9272727272727272,0.5454545454545454,0.8793103448275862,0.5454545454545454,0.9272727272727272,0.631578947368421,0.7554446460980035,0.8826446280991735
941,9,52,4,12,0.7922077922077922,0.6785714285714286,0.9285714285714286,0.42857142857142855,0.8666666666666667,0.42857142857142855,0.9285714285714286,0.5294117647058824,0.6980392156862745,0.8350340136054422
942,11,58,2,6,0.8961038961038961,0.8068627450980392,0.9666666666666667,0.6470588235294118,0.9354838709677419,0.6470588235294118,0.9666666666666667,0.7333333333333333,0.8344086021505376,0.834313725490196
943,15,48,4,10,0.8181818181818182,0.7615384615384615,0.9230769230769231,0.6,0.8727272727272727,0.6,0.9230769230769231,0.6818181818181818,0.7772727272727272,0.8446153846153847
944,9,52,8,8,0.7922077922077922,0.6980392156862745,0.8666666666666667,0.5294117647058824,0.8666666666666667,0.5294117647058824,0.8666666666666667,0.5294117647058824,0.6980392156862745,0.7784313725490196
945,11,59,2,5,0.9090909090909091,0.8273565573770492,0.9672131147540983,0.6875,0.944,0.6875,0.9672131147540983,0.7586206896551724,0.8513103448275862,0.8811475409836065
946,12,61,2,2,0.948051948051948,0.9126984126984127,0.9682539682539683,0.8571428571428571,0.9682539682539683,0.8571428571428571,0.9682539682539683,0.8571428571428571,0.9126984126984127,0.875283446712018
947,11,54,2,10,0.8441558441558441,0.7440476190476191,0.9642857142857143,0.5238095238095238,0.9,0.5238095238095238,0.9642857142857143,0.6470588235294118,0.7735294117647059,0.8732993197278912
948,11,50,6,10,0.7922077922077922,0.7083333333333334,0.8928571428571429,0.5238095238095238,0.8620689655172413,0.5238095238095238,0.8928571428571429,0.5789473684210527,0.720508166969147,0.8214285714285714
949,10,57,4,6,0.8701298701298701,0.7797131147540983,0.9344262295081968,0.625,0.9193548387096774,0.625,0.9344262295081968,0.6666666666666666,0.793010752688172,0.8627049180327869
950,9,54,5,9,0.8181818181818182,0.7076271186440678,0.9152542372881356,0.5,0.8852459016393442,0.5,0.9152542372881356,0.5625,0.7238729508196722,0.7410546139359698
951,15,52,2,8,0.8701298701298701,0.8075684380032206,0.9629629629629629,0.6521739130434783,0.9122807017543859,0.6521739130434783,0.9629629629629629,0.75,0.831140350877193,0.8470209339774557
952,10,54,10,3,0.8311688311688312,0.8064903846153846,0.84375,0.7692307692307693,0.8925619834710744,0.7692307692307693,0.84375,0.6060606060606061,0.7493112947658402,0.8569711538461539
953,7,57,0,13,0.8311688311688312,0.675,1.0,0.35,0.8976377952755905,0.35,1.0,0.5185185185185185,0.7080781568970544,0.742982456140351
954,8,54,4,11,0.8051948051948052,0.676043557168784,0.9310344827586207,0.42105263157894735,0.8780487804878049,0.42105263157894735,0.9310344827586207,0.5161290322580645,0.6970889063729346,0.8992740471869328
955,10,54,6,7,0.8311688311688312,0.7441176470588236,0.9,0.5882352941176471,0.8925619834710744,0.5882352941176471,0.9,0.6060606060606061,0.7493112947658402,0.903921568627451
956,12,55,5,5,0.8701298701298701,0.8112745098039216,0.9166666666666666,0.7058823529411765,0.9166666666666666,0.7058823529411765,0.9166666666666666,0.7058823529411765,0.8112745098039216,0.8392156862745097
957,16,48,2,11,0.8311688311688312,0.7762962962962963,0.96,0.5925925925925926,0.8807339449541285,0.5925925925925926,0.96,0.7111111111111111,0.7959225280326199,0.9066666666666666
958,13,54,4,6,0.8701298701298701,0.8076225045372051,0.9310344827586207,0.6842105263157895,0.9152542372881356,0.6842105263157895,0.9310344827586207,0.7222222222222222,0.8187382297551788,0.8793103448275863
959,12,50,7,8,0.8051948051948052,0.7385964912280701,0.8771929824561403,0.6,0.8695652173913043,0.6,0.8771929824561403,0.6153846153846154,0.7424749163879598,0.8447368421052632
960,15,51,9,2,0.8571428571428571,0.8661764705882353,0.85,0.8823529411764706,0.9026548672566371,0.8823529411764706,0.85,0.7317073170731707,0.8171810921649039,0.8862745098039216
961,11,58,2,6,0.8961038961038961,0.8068627450980392,0.9666666666666667,0.6470588235294118,0.9354838709677419,0.6470588235294118,0.9666666666666667,0.7333333333333333,0.8344086021505376,0.9705882352941175
962,12,53,4,8,0.8441558441558441,0.7649122807017543,0.9298245614035088,0.6,0.8983050847457628,0.6,0.9298245614035088,0.6666666666666666,0.7824858757062148,0.8763157894736842
963,13,53,4,7,0.8571428571428571,0.7899122807017545,0.9298245614035088,0.65,0.905982905982906,0.65,0.9298245614035088,0.7027027027027027,0.8043428043428044,0.8649122807017544
964,12,49,3,13,0.7922077922077922,0.7111538461538461,0.9423076923076923,0.48,0.8596491228070176,0.48,0.9423076923076923,0.6,0.7298245614035088,0.7607692307692309
965,14,48,4,11,0.8051948051948052,0.7415384615384616,0.9230769230769231,0.56,0.8648648648648649,0.56,0.9230769230769231,0.6511627906976745,0.7580138277812697,0.8207692307692307
966,10,51,3,13,0.7922077922077922,0.6896135265700483,0.9444444444444444,0.43478260869565216,0.864406779661017,0.43478260869565216,0.9444444444444444,0.5555555555555556,0.7099811676082863,0.8164251207729468
967,12,56,2,7,0.8831168831168831,0.7985480943738656,0.9655172413793104,0.631578947368421,0.9256198347107438,0.631578947368421,0.9655172413793104,0.7272727272727273,0.8264462809917356,0.9283121597096189
968,12,54,4,7,0.8571428571428571,0.7813067150635209,0.9310344827586207,0.631578947368421,0.907563025210084,0.631578947368421,0.9310344827586207,0.6857142857142857,0.7966386554621849,0.8702359346642468
969,2,59,4,12,0.7922077922077922,0.5396825396825397,0.9365079365079365,0.14285714285714285,0.8805970149253731,0.14285714285714285,0.9365079365079365,0.2,0.5402985074626866,0.8321995464852608
970,11,53,3,10,0.8311688311688312,0.7351190476190477,0.9464285714285714,0.5238095238095238,0.8907563025210085,0.5238095238095238,0.9464285714285714,0.6285714285714286,0.7596638655462185,0.935374149659864
971,11,49,7,10,0.7792207792207793,0.6994047619047619,0.875,0.5238095238095238,0.8521739130434782,0.5238095238095238,0.875,0.5641025641025641,0.7081382385730212,0.804421768707483
972,12,47,3,15,0.7662337662337663,0.6922222222222222,0.94,0.4444444444444444,0.8392857142857143,0.4444444444444444,0.94,0.5714285714285714,0.7053571428571428,0.8414814814814815
973,11,52,5,9,0.8181818181818182,0.731140350877193,0.9122807017543859,0.55,0.8813559322033898,0.55,0.9122807017543859,0.6111111111111112,0.7462335216572504,0.8605263157894737
974,9,58,4,6,0.8701298701298701,0.7677419354838709,0.9354838709677419,0.6,0.9206349206349206,0.6,0.9354838709677419,0.6428571428571429,0.7817460317460317,0.8440860215053764
975,9,51,4,13,0.7792207792207793,0.6681818181818182,0.9272727272727272,0.4090909090909091,0.8571428571428571,0.4090909090909091,0.9272727272727272,0.5142857142857142,0.6857142857142857,0.7933884297520661
976,9,53,5,10,0.8051948051948052,0.6937386569872959,0.9137931034482759,0.47368421052631576,0.8760330578512396,0.47368421052631576,0.9137931034482759,0.5454545454545454,0.7107438016528925,0.6878402903811253
977,13,48,4,12,0.7922077922077922,0.7215384615384616,0.9230769230769231,0.52,0.8571428571428571,0.52,0.9230769230769231,0.6190476190476191,0.7380952380952381,0.9
978,11,48,4,14,0.7662337662337663,0.6815384615384615,0.9230769230769231,0.44,0.8421052631578947,0.44,0.9230769230769231,0.55,0.6960526315789474,0.886923076923077
979,12,49,3,13,0.7922077922077922,0.7111538461538461,0.9423076923076923,0.48,0.8596491228070176,0.48,0.9423076923076923,0.6,0.7298245614035088,0.8138461538461539
980,8,54,8,7,0.8051948051948052,0.7021505376344086,0.8709677419354839,0.5333333333333333,0.8780487804878049,0.5333333333333333,0.8709677419354839,0.5161290322580645,0.6970889063729346,0.753763440860215
981,18,45,4,10,0.8181818181818182,0.7806122448979592,0.9183673469387755,0.6428571428571429,0.8653846153846154,0.6428571428571429,0.9183673469387755,0.72,0.7926923076923077,0.8126822157434402
982,16,55,5,1,0.922077922077922,0.928921568627451,0.9166666666666666,0.9411764705882353,0.9482758620689655,0.9411764705882353,0.9166666666666666,0.8421052631578947,0.8951905626134301,0.9598039215686274
983,15,48,7,7,0.8181818181818182,0.7772727272727272,0.8727272727272727,0.6818181818181818,0.8727272727272727,0.6818181818181818,0.8727272727272727,0.6818181818181818,0.7772727272727272,0.8454545454545455
984,9,57,1,10,0.8571428571428571,0.7282214156079855,0.9827586206896551,0.47368421052631576,0.912,0.47368421052631576,0.9827586206896551,0.6206896551724138,0.7663448275862069,0.9128856624319419
985,9,54,5,9,0.8181818181818182,0.7076271186440678,0.9152542372881356,0.5,0.8852459016393442,0.5,0.9152542372881356,0.5625,0.7238729508196722,0.803201506591337
986,14,45,4,14,0.7662337662337663,0.7091836734693877,0.9183673469387755,0.5,0.8333333333333334,0.5,0.9183673469387755,0.6086956521739131,0.7210144927536233,0.8338192419825073
987,9,53,5,10,0.8051948051948052,0.6937386569872959,0.9137931034482759,0.47368421052631576,0.8760330578512396,0.47368421052631576,0.9137931034482759,0.5454545454545454,0.7107438016528925,0.8357531760435573
988,11,54,6,6,0.8441558441558441,0.7735294117647059,0.9,0.6470588235294118,0.9,0.6470588235294118,0.9,0.6470588235294118,0.7735294117647059,0.8862745098039215
989,15,53,3,6,0.8831168831168831,0.8303571428571428,0.9464285714285714,0.7142857142857143,0.9217391304347826,0.7142857142857143,0.9464285714285714,0.7692307692307693,0.8454849498327759,0.8962585034013605
990,14,46,7,10,0.7792207792207793,0.72562893081761,0.8679245283018868,0.5833333333333334,0.8440366972477065,0.5833333333333334,0.8679245283018868,0.6222222222222222,0.7331294597349644,0.8309748427672956
991,7,55,0,15,0.8051948051948052,0.6590909090909091,1.0,0.3181818181818182,0.88,0.3181818181818182,1.0,0.4827586206896552,0.6813793103448276,0.8289256198347108
992,14,49,6,8,0.8181818181818182,0.7636363636363637,0.8909090909090909,0.6363636363636364,0.875,0.6363636363636364,0.8909090909090909,0.6666666666666666,0.7708333333333333,0.8545454545454545
993,10,50,8,9,0.7792207792207793,0.6941923774954628,0.8620689655172413,0.5263157894736842,0.8547008547008547,0.5263157894736842,0.8620689655172413,0.5405405405405406,0.6976206976206976,0.7767695099818512
994,15,44,6,12,0.7662337662337663,0.7177777777777778,0.88,0.5555555555555556,0.8301886792452831,0.5555555555555556,0.88,0.625,0.7275943396226415,0.8066666666666666
995,9,52,6,10,0.7922077922077922,0.6851179673321234,0.896551724137931,0.47368421052631576,0.8666666666666667,0.47368421052631576,0.896551724137931,0.5294117647058824,0.6980392156862745,0.6960072595281307
996,15,53,3,6,0.8831168831168831,0.8303571428571428,0.9464285714285714,0.7142857142857143,0.9217391304347826,0.7142857142857143,0.9464285714285714,0.7692307692307693,0.8454849498327759,0.9438775510204082
997,11,52,3,11,0.8181818181818182,0.7227272727272727,0.9454545454545454,0.5,0.8813559322033898,0.5,0.9454545454545454,0.6111111111111112,0.7462335216572504,0.796694214876033
998,10,56,2,9,0.8571428571428571,0.7459165154264973,0.9655172413793104,0.5263157894736842,0.9105691056910569,0.5263157894736842,0.9655172413793104,0.6451612903225806,0.7778651980068187,0.9246823956442831
999,10,48,4,15,0.7532467532467533,0.6615384615384616,0.9230769230769231,0.4,0.8347826086956521,0.4,0.9230769230769231,0.5128205128205128,0.6738015607580825,0.8015384615384615
1000,8,49,3,17,0.7402597402597403,0.6311538461538462,0.9423076923076923,0.32,0.8305084745762712,0.32,0.9423076923076923,0.4444444444444444,0.6374764595103578,0.8484615384615385
