round,TP,TN,FP,FN,Accuracy,BalancedAccuracy,Sensitivity_Class0,Specificity_Class0,F1_Class0,Sensitivity_Class1,Specificity_Class1,F1_Class1,F1_macro,AUC
1,10,52,1,14,0.8051948051948052,0.6988993710691824,0.9811320754716981,0.4166666666666667,0.8739495798319328,0.4166666666666667,0.9811320754716981,0.5714285714285714,0.7226890756302521,0.8317610062893083
2,13,53,3,8,0.8571428571428571,0.7827380952380952,0.9464285714285714,0.6190476190476191,0.905982905982906,0.6190476190476191,0.9464285714285714,0.7027027027027027,0.8043428043428044,0.7831632653061226
3,13,54,4,6,0.8701298701298701,0.8076225045372051,0.9310344827586207,0.6842105263157895,0.9152542372881356,0.6842105263157895,0.9310344827586207,0.7222222222222222,0.8187382297551788,0.8520871143375681
4,7,57,2,11,0.8311688311688312,0.6774952919020716,0.9661016949152542,0.3888888888888889,0.8976377952755905,0.3888888888888889,0.9661016949152542,0.5185185185185185,0.7080781568970544,0.756120527306968
5,13,50,4,10,0.8181818181818182,0.7455716586151369,0.9259259259259259,0.5652173913043478,0.8771929824561403,0.5652173913043478,0.9259259259259259,0.65,0.7635964912280702,0.8454106280193238
6,8,56,0,13,0.8311688311688312,0.6904761904761905,1.0,0.38095238095238093,0.896,0.38095238095238093,1.0,0.5517241379310345,0.7238620689655173,0.7933673469387754
7,12,51,5,9,0.8181818181818182,0.7410714285714286,0.9107142857142857,0.5714285714285714,0.8793103448275862,0.5714285714285714,0.9107142857142857,0.631578947368421,0.7554446460980035,0.8537414965986395
8,13,53,2,9,0.8571428571428571,0.7772727272727273,0.9636363636363636,0.5909090909090909,0.905982905982906,0.5909090909090909,0.9636363636363636,0.7027027027027027,0.8043428043428044,0.8752066115702479
9,11,51,4,11,0.8051948051948052,0.7136363636363636,0.9272727272727272,0.5,0.8717948717948718,0.5,0.9272727272727272,0.5945945945945946,0.7331947331947333,0.7826446280991736
10,7,59,3,8,0.8571428571428571,0.7091397849462366,0.9516129032258065,0.4666666666666667,0.9147286821705426,0.4666666666666667,0.9516129032258065,0.56,0.7373643410852713,0.8623655913978494
11,15,51,3,8,0.8571428571428571,0.7983091787439613,0.9444444444444444,0.6521739130434783,0.9026548672566371,0.6521739130434783,0.9444444444444444,0.7317073170731707,0.8171810921649039,0.7648953301127214
12,9,51,4,13,0.7792207792207793,0.6681818181818182,0.9272727272727272,0.4090909090909091,0.8571428571428571,0.4090909090909091,0.9272727272727272,0.5142857142857142,0.6857142857142857,0.7438016528925621
13,12,58,2,5,0.9090909090909091,0.8362745098039216,0.9666666666666667,0.7058823529411765,0.943089430894309,0.7058823529411765,0.9666666666666667,0.7741935483870968,0.8586414896407029,0.8970588235294117
14,12,57,1,7,0.8961038961038961,0.807168784029038,0.9827586206896551,0.631578947368421,0.9344262295081968,0.631578947368421,0.9827586206896551,0.75,0.8422131147540983,0.8439201451905626
15,8,56,4,9,0.8311688311688312,0.7019607843137254,0.9333333333333333,0.47058823529411764,0.896,0.47058823529411764,0.9333333333333333,0.5517241379310345,0.7238620689655173,0.7970588235294118
16,12,52,6,7,0.8311688311688312,0.764065335753176,0.896551724137931,0.631578947368421,0.8888888888888888,0.631578947368421,0.896551724137931,0.6486486486486487,0.7687687687687688,0.8003629764065336
17,11,53,4,9,0.8311688311688312,0.7399122807017544,0.9298245614035088,0.55,0.8907563025210085,0.55,0.9298245614035088,0.6285714285714286,0.7596638655462185,0.7789473684210526
18,16,47,5,9,0.8181818181818182,0.7719230769230769,0.9038461538461539,0.64,0.8703703703703703,0.64,0.9038461538461539,0.6956521739130435,0.7830112721417068,0.8338461538461538
19,12,51,5,9,0.8181818181818182,0.7410714285714286,0.9107142857142857,0.5714285714285714,0.8793103448275862,0.5714285714285714,0.9107142857142857,0.631578947368421,0.7554446460980035,0.8248299319727892
20,11,50,6,10,0.7922077922077922,0.7083333333333334,0.8928571428571429,0.5238095238095238,0.8620689655172413,0.5238095238095238,0.8928571428571429,0.5789473684210527,0.720508166969147,0.8324829931972789
21,13,55,0,9,0.8831168831168831,0.7954545454545454,1.0,0.5909090909090909,0.9243697478991597,0.5909090909090909,1.0,0.7428571428571429,0.8336134453781513,0.871900826446281
22,8,54,4,11,0.8051948051948052,0.676043557168784,0.9310344827586207,0.42105263157894735,0.8780487804878049,0.42105263157894735,0.9310344827586207,0.5161290322580645,0.6970889063729346,0.7622504537205081
23,11,57,1,8,0.8831168831168831,0.780852994555354,0.9827586206896551,0.5789473684210527,0.926829268292683,0.5789473684210527,0.9827586206896551,0.7096774193548387,0.8182533438237609,0.8711433756805808
24,16,55,1,5,0.922077922077922,0.8720238095238095,0.9821428571428571,0.7619047619047619,0.9482758620689655,0.7619047619047619,0.9821428571428571,0.8421052631578947,0.8951905626134301,0.9149659863945578
25,11,54,4,8,0.8441558441558441,0.7549909255898366,0.9310344827586207,0.5789473684210527,0.9,0.5789473684210527,0.9310344827586207,0.6470588235294118,0.7735294117647059,0.867513611615245
26,13,54,3,7,0.8701298701298701,0.7986842105263158,0.9473684210526315,0.65,0.9152542372881356,0.65,0.9473684210526315,0.7222222222222222,0.8187382297551788,0.9166666666666667
27,7,58,1,11,0.8441558441558441,0.685969868173258,0.9830508474576272,0.3888888888888889,0.90625,0.3888888888888889,0.9830508474576272,0.5384615384615384,0.7223557692307692,0.8032015065913372
28,8,55,6,8,0.8181818181818182,0.7008196721311475,0.9016393442622951,0.5,0.8870967741935484,0.5,0.9016393442622951,0.5333333333333333,0.7102150537634409,0.7756147540983607
29,11,53,5,8,0.8311688311688312,0.7463702359346642,0.9137931034482759,0.5789473684210527,0.8907563025210085,0.5789473684210527,0.9137931034482759,0.6285714285714286,0.7596638655462185,0.8176043557168784
30,10,63,0,4,0.948051948051948,0.8571428571428572,1.0,0.7142857142857143,0.9692307692307692,0.7142857142857143,1.0,0.8333333333333334,0.9012820512820513,0.9195011337868481
31,14,53,3,7,0.8701298701298701,0.8065476190476191,0.9464285714285714,0.6666666666666666,0.9137931034482759,0.6666666666666666,0.9464285714285714,0.7368421052631579,0.8253176043557169,0.9192176870748299
32,16,52,1,8,0.8831168831168831,0.8238993710691824,0.9811320754716981,0.6666666666666666,0.9203539823008849,0.6666666666666666,0.9811320754716981,0.7804878048780488,0.8504208935894668,0.9245283018867925
33,12,48,4,13,0.7792207792207793,0.7015384615384616,0.9230769230769231,0.48,0.8495575221238938,0.48,0.9230769230769231,0.5853658536585366,0.7174616878912152,0.8284615384615385
34,10,57,4,6,0.8701298701298701,0.7797131147540983,0.9344262295081968,0.625,0.9193548387096774,0.625,0.9344262295081968,0.6666666666666666,0.793010752688172,0.8596311475409836
35,19,51,2,5,0.9090909090909091,0.8769654088050314,0.9622641509433962,0.7916666666666666,0.9357798165137615,0.7916666666666666,0.9622641509433962,0.8444444444444444,0.890112130479103,0.9158805031446541
36,8,57,2,10,0.8441558441558441,0.7052730696798493,0.9661016949152542,0.4444444444444444,0.9047619047619048,0.4444444444444444,0.9661016949152542,0.5714285714285714,0.7380952380952381,0.8559322033898306
37,11,52,3,11,0.8181818181818182,0.7227272727272727,0.9454545454545454,0.5,0.8813559322033898,0.5,0.9454545454545454,0.6111111111111112,0.7462335216572504,0.7876033057851239
38,7,57,1,12,0.8311688311688312,0.675589836660617,0.9827586206896551,0.3684210526315789,0.8976377952755905,0.3684210526315789,0.9827586206896551,0.5185185185185185,0.7080781568970544,0.852994555353902
39,10,52,10,5,0.8051948051948052,0.7526881720430108,0.8387096774193549,0.6666666666666666,0.8739495798319328,0.6666666666666666,0.8387096774193549,0.5714285714285714,0.7226890756302521,0.7967741935483872
40,12,53,2,10,0.8441558441558441,0.7545454545454545,0.9636363636363636,0.5454545454545454,0.8983050847457628,0.5454545454545454,0.9636363636363636,0.6666666666666666,0.7824858757062148,0.8041322314049586
41,10,53,2,12,0.8181818181818182,0.7090909090909091,0.9636363636363636,0.45454545454545453,0.8833333333333333,0.45454545454545453,0.9636363636363636,0.5882352941176471,0.7357843137254902,0.7900826446280991
42,12,55,6,4,0.8701298701298701,0.8258196721311475,0.9016393442622951,0.75,0.9166666666666666,0.75,0.9016393442622951,0.7058823529411765,0.8112745098039216,0.8985655737704918
43,10,61,2,4,0.922077922077922,0.8412698412698413,0.9682539682539683,0.7142857142857143,0.953125,0.7142857142857143,0.9682539682539683,0.7692307692307693,0.8611778846153846,0.9603174603174603
44,16,50,3,8,0.8571428571428571,0.8050314465408805,0.9433962264150944,0.6666666666666666,0.9009009009009009,0.6666666666666666,0.9433962264150944,0.7441860465116279,0.8225434737062645,0.8907232704402516
45,11,50,6,10,0.7922077922077922,0.7083333333333334,0.8928571428571429,0.5238095238095238,0.8620689655172413,0.5238095238095238,0.8928571428571429,0.5789473684210527,0.720508166969147,0.7610544217687074
46,14,51,1,11,0.8441558441558441,0.7703846153846154,0.9807692307692307,0.56,0.8947368421052632,0.56,0.9807692307692307,0.7,0.7973684210526315,0.8492307692307692
47,14,49,3,11,0.8181818181818182,0.7511538461538462,0.9423076923076923,0.56,0.875,0.56,0.9423076923076923,0.6666666666666666,0.7708333333333333,0.8430769230769231
48,14,47,2,14,0.7922077922077922,0.7295918367346939,0.9591836734693877,0.5,0.8545454545454545,0.5,0.9591836734693877,0.6363636363636364,0.7454545454545454,0.8002915451895044
49,9,60,3,5,0.8961038961038961,0.7976190476190477,0.9523809523809523,0.6428571428571429,0.9375,0.6428571428571429,0.9523809523809523,0.6923076923076923,0.8149038461538461,0.8696145124716553
50,16,48,1,12,0.8311688311688312,0.7755102040816326,0.9795918367346939,0.5714285714285714,0.8807339449541285,0.5714285714285714,0.9795918367346939,0.7111111111111111,0.7959225280326199,0.9052478134110787
51,9,54,4,10,0.8181818181818182,0.7023593466424682,0.9310344827586207,0.47368421052631576,0.8852459016393442,0.47368421052631576,0.9310344827586207,0.5625,0.7238729508196722,0.8312159709618875
52,10,52,3,12,0.8051948051948052,0.7,0.9454545454545454,0.45454545454545453,0.8739495798319328,0.45454545454545453,0.9454545454545454,0.5714285714285714,0.7226890756302521,0.7380165289256199
53,13,44,5,15,0.7402597402597403,0.6811224489795918,0.8979591836734694,0.4642857142857143,0.8148148148148148,0.4642857142857143,0.8979591836734694,0.5652173913043478,0.6900161030595813,0.7419825072886297
54,13,53,0,11,0.8571428571428571,0.7708333333333333,1.0,0.5416666666666666,0.905982905982906,0.5416666666666666,1.0,0.7027027027027027,0.8043428043428044,0.9166666666666667
55,11,55,3,8,0.8571428571428571,0.7636116152450091,0.9482758620689655,0.5789473684210527,0.9090909090909091,0.5789473684210527,0.9482758620689655,0.6666666666666666,0.7878787878787878,0.8421052631578947
56,6,57,5,9,0.8181818181818182,0.6596774193548387,0.9193548387096774,0.4,0.890625,0.4,0.9193548387096774,0.46153846153846156,0.6760817307692308,0.7075268817204301
57,21,45,2,9,0.8571428571428571,0.8287234042553191,0.9574468085106383,0.7,0.8910891089108911,0.7,0.9574468085106383,0.7924528301886793,0.8417709695497853,0.8872340425531915
58,12,54,6,5,0.8571428571428571,0.8029411764705883,0.9,0.7058823529411765,0.907563025210084,0.7058823529411765,0.9,0.6857142857142857,0.7966386554621849,0.8480392156862745
59,13,52,3,9,0.8441558441558441,0.7681818181818182,0.9454545454545454,0.5909090909090909,0.896551724137931,0.5909090909090909,0.9454545454545454,0.6842105263157895,0.7903811252268602,0.7760330578512397
60,15,45,5,12,0.7792207792207793,0.7277777777777779,0.9,0.5555555555555556,0.8411214953271028,0.5555555555555556,0.9,0.6382978723404256,0.7397096838337642,0.8244444444444445
61,11,55,2,9,0.8571428571428571,0.7574561403508773,0.9649122807017544,0.55,0.9090909090909091,0.55,0.9649122807017544,0.6666666666666666,0.7878787878787878,0.8307017543859649
62,14,45,5,13,0.7662337662337663,0.7092592592592593,0.9,0.5185185185185185,0.8333333333333334,0.5185185185185185,0.9,0.6086956521739131,0.7210144927536233,0.8296296296296296
63,14,54,2,7,0.8831168831168831,0.8154761904761905,0.9642857142857143,0.6666666666666666,0.9230769230769231,0.6666666666666666,0.9642857142857143,0.7567567567567568,0.83991683991684,0.8928571428571428
64,15,50,3,9,0.8441558441558441,0.7841981132075472,0.9433962264150944,0.625,0.8928571428571429,0.625,0.9433962264150944,0.7142857142857143,0.8035714285714286,0.8616352201257862
65,12,54,2,9,0.8571428571428571,0.7678571428571428,0.9642857142857143,0.5714285714285714,0.907563025210084,0.5714285714285714,0.9642857142857143,0.6857142857142857,0.7966386554621849,0.8537414965986393
66,13,51,3,10,0.8311688311688312,0.7548309178743962,0.9444444444444444,0.5652173913043478,0.8869565217391304,0.5652173913043478,0.9444444444444444,0.6666666666666666,0.7768115942028986,0.8518518518518519
67,7,56,7,7,0.8181818181818182,0.6944444444444444,0.8888888888888888,0.5,0.8888888888888888,0.5,0.8888888888888888,0.5,0.6944444444444444,0.7891156462585034
68,10,59,3,5,0.8961038961038961,0.8091397849462365,0.9516129032258065,0.6666666666666666,0.9365079365079365,0.6666666666666666,0.9516129032258065,0.7142857142857143,0.8253968253968254,0.8526881720430108
69,13,53,3,8,0.8571428571428571,0.7827380952380952,0.9464285714285714,0.6190476190476191,0.905982905982906,0.6190476190476191,0.9464285714285714,0.7027027027027027,0.8043428043428044,0.8996598639455782
70,11,56,0,10,0.8701298701298701,0.7619047619047619,1.0,0.5238095238095238,0.9180327868852459,0.5238095238095238,1.0,0.6875,0.802766393442623,0.8835034013605442
71,9,59,2,7,0.8831168831168831,0.7648565573770492,0.9672131147540983,0.5625,0.9291338582677166,0.5625,0.9672131147540983,0.6666666666666666,0.7979002624671916,0.8165983606557378
72,10,53,4,10,0.8181818181818182,0.7149122807017544,0.9298245614035088,0.5,0.8833333333333333,0.5,0.9298245614035088,0.5882352941176471,0.7357843137254902,0.8552631578947368
73,17,52,3,5,0.8961038961038961,0.8590909090909091,0.9454545454545454,0.7727272727272727,0.9285714285714286,0.7727272727272727,0.9454545454545454,0.8095238095238095,0.8690476190476191,0.9148760330578513
74,9,51,3,14,0.7792207792207793,0.6678743961352657,0.9444444444444444,0.391304347826087,0.8571428571428571,0.391304347826087,0.9444444444444444,0.5142857142857142,0.6857142857142857,0.7689210950080516
75,15,49,4,9,0.8311688311688312,0.7747641509433962,0.9245283018867925,0.625,0.8828828828828829,0.625,0.9245283018867925,0.6976744186046512,0.790278650743767,0.880503144654088
76,11,55,1,10,0.8571428571428571,0.7529761904761905,0.9821428571428571,0.5238095238095238,0.9090909090909091,0.5238095238095238,0.9821428571428571,0.6666666666666666,0.7878787878787878,0.8928571428571429
77,15,46,6,10,0.7922077922077922,0.7423076923076923,0.8846153846153846,0.6,0.8518518518518519,0.6,0.8846153846153846,0.6521739130434783,0.7520128824476651,0.7899999999999999
78,11,59,2,5,0.9090909090909091,0.8273565573770492,0.9672131147540983,0.6875,0.944,0.6875,0.9672131147540983,0.7586206896551724,0.8513103448275862,0.8299180327868853
79,9,54,6,8,0.8181818181818182,0.7147058823529412,0.9,0.5294117647058824,0.8852459016393442,0.5294117647058824,0.9,0.5625,0.7238729508196722,0.7784313725490196
80,14,52,5,6,0.8571428571428571,0.8061403508771929,0.9122807017543859,0.7,0.9043478260869565,0.7,0.9122807017543859,0.717948717948718,0.8111482720178372,0.8736842105263158
81,14,54,3,6,0.8831168831168831,0.8236842105263158,0.9473684210526315,0.7,0.9230769230769231,0.7,0.9473684210526315,0.7567567567567568,0.83991683991684,0.9131578947368421
82,11,54,4,8,0.8441558441558441,0.7549909255898366,0.9310344827586207,0.5789473684210527,0.9,0.5789473684210527,0.9310344827586207,0.6470588235294118,0.7735294117647059,0.8911070780399274
83,15,48,3,11,0.8181818181818182,0.7590497737556561,0.9411764705882353,0.5769230769230769,0.8727272727272727,0.5769230769230769,0.9411764705882353,0.6818181818181818,0.7772727272727272,0.843891402714932
84,16,49,5,7,0.8441558441558441,0.8015297906602254,0.9074074074074074,0.6956521739130435,0.8909090909090909,0.6956521739130435,0.9074074074074074,0.7272727272727273,0.8090909090909091,0.8542673107890498
85,14,55,2,6,0.8961038961038961,0.8324561403508772,0.9649122807017544,0.7,0.9322033898305084,0.7,0.9649122807017544,0.7777777777777778,0.8549905838041432,0.8885964912280702
86,13,46,5,13,0.7662337662337663,0.7009803921568627,0.9019607843137255,0.5,0.8363636363636363,0.5,0.9019607843137255,0.5909090909090909,0.7136363636363636,0.7194570135746607
87,15,51,5,6,0.8571428571428571,0.8125,0.9107142857142857,0.7142857142857143,0.9026548672566371,0.7142857142857143,0.9107142857142857,0.7317073170731707,0.8171810921649039,0.869047619047619
88,9,53,1,14,0.8051948051948052,0.6863929146537843,0.9814814814814815,0.391304347826087,0.8760330578512396,0.391304347826087,0.9814814814814815,0.5454545454545454,0.7107438016528925,0.8244766505636071
89,17,47,4,9,0.8311688311688312,0.7877073906485671,0.9215686274509803,0.6538461538461539,0.8785046728971962,0.6538461538461539,0.9215686274509803,0.723404255319149,0.8009544641081726,0.8114630467571644
90,11,54,2,10,0.8441558441558441,0.7440476190476191,0.9642857142857143,0.5238095238095238,0.9,0.5238095238095238,0.9642857142857143,0.6470588235294118,0.7735294117647059,0.8647959183673469
91,14,54,1,8,0.8831168831168831,0.8090909090909091,0.9818181818181818,0.6363636363636364,0.9230769230769231,0.6363636363636364,0.9818181818181818,0.7567567567567568,0.83991683991684,0.8495867768595041
92,14,51,3,9,0.8441558441558441,0.7765700483091788,0.9444444444444444,0.6086956521739131,0.8947368421052632,0.6086956521739131,0.9444444444444444,0.7,0.7973684210526315,0.8679549114331723
93,12,55,2,8,0.8701298701298701,0.7824561403508772,0.9649122807017544,0.6,0.9166666666666666,0.6,0.9649122807017544,0.7058823529411765,0.8112745098039216,0.8719298245614034
94,7,51,5,14,0.7532467532467533,0.6220238095238095,0.9107142857142857,0.3333333333333333,0.8429752066115702,0.3333333333333333,0.9107142857142857,0.42424242424242425,0.6336088154269972,0.754251700680272
95,12,56,1,8,0.8831168831168831,0.7912280701754386,0.9824561403508771,0.6,0.9256198347107438,0.6,0.9824561403508771,0.7272727272727273,0.8264462809917356,0.9438596491228071
96,12,53,4,8,0.8441558441558441,0.7649122807017543,0.9298245614035088,0.6,0.8983050847457628,0.6,0.9298245614035088,0.6666666666666666,0.7824858757062148,0.8280701754385965
97,9,58,3,7,0.8701298701298701,0.7566598360655737,0.9508196721311475,0.5625,0.9206349206349206,0.5625,0.9508196721311475,0.6428571428571429,0.7817460317460317,0.8391393442622951
98,13,54,3,7,0.8701298701298701,0.7986842105263158,0.9473684210526315,0.65,0.9152542372881356,0.65,0.9473684210526315,0.7222222222222222,0.8187382297551788,0.8815789473684211
99,10,53,5,9,0.8181818181818182,0.72005444646098,0.9137931034482759,0.5263157894736842,0.8833333333333333,0.5263157894736842,0.9137931034482759,0.5882352941176471,0.7357843137254902,0.867513611615245
100,11,55,4,7,0.8571428571428571,0.7716572504708098,0.9322033898305084,0.6111111111111112,0.9090909090909091,0.6111111111111112,0.9322033898305084,0.6666666666666666,0.7878787878787878,0.771186440677966
101,12,54,4,7,0.8571428571428571,0.7813067150635209,0.9310344827586207,0.631578947368421,0.907563025210084,0.631578947368421,0.9310344827586207,0.6857142857142857,0.7966386554621849,0.8321234119782214
102,18,51,3,5,0.8961038961038961,0.8635265700483092,0.9444444444444444,0.782608695652174,0.9272727272727272,0.782608695652174,0.9444444444444444,0.8181818181818182,0.8727272727272728,0.8462157809983897
103,16,47,3,11,0.8181818181818182,0.7662962962962963,0.94,0.5925925925925926,0.8703703703703703,0.5925925925925926,0.94,0.6956521739130435,0.7830112721417068,0.8422222222222222
104,18,47,4,8,0.8441558441558441,0.8069381598793364,0.9215686274509803,0.6923076923076923,0.8867924528301887,0.6923076923076923,0.9215686274509803,0.75,0.8183962264150944,0.8770739064856712
105,12,54,5,6,0.8571428571428571,0.7909604519774012,0.9152542372881356,0.6666666666666666,0.907563025210084,0.6666666666666666,0.9152542372881356,0.6857142857142857,0.7966386554621849,0.896421845574388
106,13,48,1,15,0.7922077922077922,0.721938775510204,0.9795918367346939,0.4642857142857143,0.8571428571428571,0.4642857142857143,0.9795918367346939,0.6190476190476191,0.7380952380952381,0.8192419825072886
107,12,48,5,12,0.7792207792207793,0.7028301886792453,0.9056603773584906,0.5,0.8495575221238938,0.5,0.9056603773584906,0.5853658536585366,0.7174616878912152,0.8294025157232705
108,16,47,4,10,0.8181818181818182,0.7684766214177978,0.9215686274509803,0.6153846153846154,0.8703703703703703,0.6153846153846154,0.9215686274509803,0.6956521739130435,0.7830112721417068,0.8431372549019608
109,21,46,5,5,0.8701298701298701,0.8548265460030167,0.9019607843137255,0.8076923076923077,0.9019607843137255,0.8076923076923077,0.9019607843137255,0.8076923076923077,0.8548265460030167,0.8529411764705881
110,15,48,1,13,0.8181818181818182,0.7576530612244898,0.9795918367346939,0.5357142857142857,0.8727272727272727,0.5357142857142857,0.9795918367346939,0.6818181818181818,0.7772727272727272,0.7776967930029154
111,10,60,1,6,0.9090909090909091,0.8043032786885246,0.9836065573770492,0.625,0.9448818897637795,0.625,0.9836065573770492,0.7407407407407407,0.84281131525226,0.8483606557377049
112,20,45,2,10,0.8441558441558441,0.8120567375886525,0.9574468085106383,0.6666666666666666,0.8823529411764706,0.6666666666666666,0.9574468085106383,0.7692307692307693,0.8257918552036199,0.8666666666666666
113,14,56,1,6,0.9090909090909091,0.8412280701754385,0.9824561403508771,0.7,0.9411764705882353,0.7,0.9824561403508771,0.8,0.8705882352941177,0.9105263157894737
114,16,48,5,8,0.8311688311688312,0.7861635220125787,0.9056603773584906,0.6666666666666666,0.8807339449541285,0.6666666666666666,0.9056603773584906,0.7111111111111111,0.7959225280326199,0.8058176100628932
115,11,46,5,15,0.7402597402597403,0.6625188536953243,0.9019607843137255,0.4230769230769231,0.8214285714285714,0.4230769230769231,0.9019607843137255,0.5238095238095238,0.6726190476190477,0.8650075414781297
116,10,55,4,8,0.8441558441558441,0.743879472693032,0.9322033898305084,0.5555555555555556,0.9016393442622951,0.5555555555555556,0.9322033898305084,0.625,0.7633196721311475,0.8747645951035783
117,10,51,3,13,0.7922077922077922,0.6896135265700483,0.9444444444444444,0.43478260869565216,0.864406779661017,0.43478260869565216,0.9444444444444444,0.5555555555555556,0.7099811676082863,0.8244766505636071
118,11,52,1,13,0.8181818181818182,0.7197327044025157,0.9811320754716981,0.4583333333333333,0.8813559322033898,0.4583333333333333,0.9811320754716981,0.6111111111111112,0.7462335216572504,0.9150943396226415
119,13,54,4,6,0.8701298701298701,0.8076225045372051,0.9310344827586207,0.6842105263157895,0.9152542372881356,0.6842105263157895,0.9310344827586207,0.7222222222222222,0.8187382297551788,0.8475499092558983
120,9,57,2,9,0.8571428571428571,0.7330508474576272,0.9661016949152542,0.5,0.912,0.5,0.9661016949152542,0.6206896551724138,0.7663448275862069,0.9067796610169492
121,13,51,0,13,0.8311688311688312,0.75,1.0,0.5,0.8869565217391304,0.5,1.0,0.6666666666666666,0.7768115942028986,0.8559577677224736
122,14,48,3,12,0.8051948051948052,0.7398190045248869,0.9411764705882353,0.5384615384615384,0.8648648648648649,0.5384615384615384,0.9411764705882353,0.6511627906976745,0.7580138277812697,0.8491704374057315
123,13,50,3,11,0.8181818181818182,0.7425314465408805,0.9433962264150944,0.5416666666666666,0.8771929824561403,0.5416666666666666,0.9433962264150944,0.65,0.7635964912280702,0.8498427672955975
124,8,57,5,7,0.8441558441558441,0.7263440860215054,0.9193548387096774,0.5333333333333333,0.9047619047619048,0.5333333333333333,0.9193548387096774,0.5714285714285714,0.7380952380952381,0.7946236559139784
125,9,60,1,7,0.8961038961038961,0.7730532786885246,0.9836065573770492,0.5625,0.9375,0.5625,0.9836065573770492,0.6923076923076923,0.8149038461538461,0.8012295081967213
126,8,54,5,10,0.8051948051948052,0.67984934086629,0.9152542372881356,0.4444444444444444,0.8780487804878049,0.4444444444444444,0.9152542372881356,0.5161290322580645,0.6970889063729346,0.7551789077212806
127,25,39,3,10,0.8311688311688312,0.8214285714285714,0.9285714285714286,0.7142857142857143,0.8571428571428571,0.7142857142857143,0.9285714285714286,0.7936507936507936,0.8253968253968254,0.8714285714285714
128,15,51,2,9,0.8571428571428571,0.7936320754716981,0.9622641509433962,0.625,0.9026548672566371,0.625,0.9622641509433962,0.7317073170731707,0.8171810921649039,0.8553459119496856
129,11,51,5,10,0.8051948051948052,0.7172619047619048,0.9107142857142857,0.5238095238095238,0.8717948717948718,0.5238095238095238,0.9107142857142857,0.5945945945945946,0.7331947331947333,0.8103741496598639
130,11,52,4,10,0.8181818181818182,0.7261904761904763,0.9285714285714286,0.5238095238095238,0.8813559322033898,0.5238095238095238,0.9285714285714286,0.6111111111111112,0.7462335216572504,0.7738095238095237
131,15,51,3,8,0.8571428571428571,0.7983091787439613,0.9444444444444444,0.6521739130434783,0.9026548672566371,0.6521739130434783,0.9444444444444444,0.7317073170731707,0.8171810921649039,0.8558776167471819
132,12,56,4,5,0.8831168831168831,0.8196078431372549,0.9333333333333333,0.7058823529411765,0.9256198347107438,0.7058823529411765,0.9333333333333333,0.7272727272727273,0.8264462809917356,0.907843137254902
133,10,61,0,6,0.922077922077922,0.8125,1.0,0.625,0.953125,0.625,1.0,0.7692307692307693,0.8611778846153846,0.9190573770491803
134,12,53,5,7,0.8441558441558441,0.7726860254083485,0.9137931034482759,0.631578947368421,0.8983050847457628,0.631578947368421,0.9137931034482759,0.6666666666666666,0.7824858757062148,0.8874773139745916
135,12,53,3,9,0.8441558441558441,0.7589285714285714,0.9464285714285714,0.5714285714285714,0.8983050847457628,0.5714285714285714,0.9464285714285714,0.6666666666666666,0.7824858757062148,0.8818027210884354
136,8,56,2,11,0.8311688311688312,0.6932849364791289,0.9655172413793104,0.42105263157894735,0.896,0.42105263157894735,0.9655172413793104,0.5517241379310345,0.7238620689655173,0.8393829401088929
137,14,48,4,11,0.8051948051948052,0.7415384615384616,0.9230769230769231,0.56,0.8648648648648649,0.56,0.9230769230769231,0.6511627906976745,0.7580138277812697,0.8284615384615385
138,10,59,2,6,0.8961038961038961,0.7961065573770492,0.9672131147540983,0.625,0.9365079365079365,0.625,0.9672131147540983,0.7142857142857143,0.8253968253968254,0.8647540983606556
139,16,53,2,6,0.8961038961038961,0.8454545454545455,0.9636363636363636,0.7272727272727273,0.9298245614035088,0.7272727272727273,0.9636363636363636,0.8,0.8649122807017544,0.8826446280991735
140,9,62,0,6,0.922077922077922,0.8,1.0,0.6,0.9538461538461539,0.6,1.0,0.75,0.851923076923077,0.9225806451612903
141,15,49,6,7,0.8311688311688312,0.7863636363636364,0.8909090909090909,0.6818181818181818,0.8828828828828829,0.6818181818181818,0.8909090909090909,0.6976744186046512,0.790278650743767,0.837190082644628
142,8,58,1,10,0.8571428571428571,0.7137476459510358,0.9830508474576272,0.4444444444444444,0.9133858267716536,0.4444444444444444,0.9830508474576272,0.5925925925925926,0.7529892096821231,0.7834274952919021
143,11,50,4,12,0.7922077922077922,0.7020933977455717,0.9259259259259259,0.4782608695652174,0.8620689655172413,0.4782608695652174,0.9259259259259259,0.5789473684210527,0.720508166969147,0.8792270531400966
144,8,50,6,13,0.7532467532467533,0.6369047619047619,0.8928571428571429,0.38095238095238093,0.8403361344537815,0.38095238095238093,0.8928571428571429,0.45714285714285713,0.6487394957983194,0.6981292517006803
145,8,56,5,8,0.8311688311688312,0.709016393442623,0.9180327868852459,0.5,0.896,0.5,0.9180327868852459,0.5517241379310345,0.7238620689655173,0.7868852459016393
146,10,55,5,7,0.8441558441558441,0.7524509803921569,0.9166666666666666,0.5882352941176471,0.9016393442622951,0.5882352941176471,0.9166666666666666,0.625,0.7633196721311475,0.7519607843137255
147,17,52,2,6,0.8961038961038961,0.8510466988727858,0.9629629629629629,0.7391304347826086,0.9285714285714286,0.7391304347826086,0.9629629629629629,0.8095238095238095,0.8690476190476191,0.9347826086956521
148,11,61,1,4,0.935064935064935,0.8586021505376344,0.9838709677419355,0.7333333333333333,0.9606299212598425,0.7333333333333333,0.9838709677419355,0.8148148148148148,0.8877223680373286,0.9956989247311828
149,9,55,0,13,0.8311688311688312,0.7045454545454546,1.0,0.4090909090909091,0.8943089430894309,0.4090909090909091,1.0,0.5806451612903226,0.7374770521898768,0.868595041322314
150,15,47,2,13,0.8051948051948052,0.7474489795918366,0.9591836734693877,0.5357142857142857,0.8623853211009175,0.5357142857142857,0.9591836734693877,0.6666666666666666,0.764525993883792,0.8469387755102041
151,5,56,2,14,0.7922077922077922,0.6143375680580763,0.9655172413793104,0.2631578947368421,0.875,0.2631578947368421,0.9655172413793104,0.38461538461538464,0.6298076923076923,0.6678765880217785
152,8,60,3,6,0.8831168831168831,0.7619047619047619,0.9523809523809523,0.5714285714285714,0.9302325581395349,0.5714285714285714,0.9523809523809523,0.64,0.7851162790697674,0.8242630385487529
153,21,42,4,10,0.8181818181818182,0.7952314165497896,0.9130434782608695,0.6774193548387096,0.8571428571428571,0.6774193548387096,0.9130434782608695,0.75,0.8035714285714286,0.8478260869565217
154,14,51,1,11,0.8441558441558441,0.7703846153846154,0.9807692307692307,0.56,0.8947368421052632,0.56,0.9807692307692307,0.7,0.7973684210526315,0.876923076923077
155,19,51,0,7,0.9090909090909091,0.8653846153846154,1.0,0.7307692307692307,0.9357798165137615,0.7307692307692307,1.0,0.8444444444444444,0.890112130479103,0.9019607843137255
156,10,56,2,9,0.8571428571428571,0.7459165154264973,0.9655172413793104,0.5263157894736842,0.9105691056910569,0.5263157894736842,0.9655172413793104,0.6451612903225806,0.7778651980068187,0.8357531760435573
157,12,51,6,8,0.8181818181818182,0.7473684210526316,0.8947368421052632,0.6,0.8793103448275862,0.6,0.8947368421052632,0.631578947368421,0.7554446460980035,0.8710526315789473
158,10,60,2,5,0.9090909090909091,0.8172043010752688,0.967741935483871,0.6666666666666666,0.9448818897637795,0.6666666666666666,0.967741935483871,0.7407407407407407,0.84281131525226,0.8086021505376345
159,8,61,1,7,0.8961038961038961,0.7586021505376344,0.9838709677419355,0.5333333333333333,0.9384615384615385,0.5333333333333333,0.9838709677419355,0.6666666666666666,0.8025641025641026,0.8268817204301075
160,11,53,2,11,0.8311688311688312,0.7318181818181818,0.9636363636363636,0.5,0.8907563025210085,0.5,0.9636363636363636,0.6285714285714286,0.7596638655462185,0.775206611570248
161,9,53,5,10,0.8051948051948052,0.6937386569872959,0.9137931034482759,0.47368421052631576,0.8760330578512396,0.47368421052631576,0.9137931034482759,0.5454545454545454,0.7107438016528925,0.8030852994555353
162,9,57,1,10,0.8571428571428571,0.7282214156079855,0.9827586206896551,0.47368421052631576,0.912,0.47368421052631576,0.9827586206896551,0.6206896551724138,0.7663448275862069,0.8439201451905626
163,10,60,2,5,0.9090909090909091,0.8172043010752688,0.967741935483871,0.6666666666666666,0.9448818897637795,0.6666666666666666,0.967741935483871,0.7407407407407407,0.84281131525226,0.9021505376344087
164,12,59,3,3,0.922077922077922,0.8758064516129033,0.9516129032258065,0.8,0.9516129032258065,0.8,0.9516129032258065,0.8,0.8758064516129033,0.9591397849462366
165,16,50,1,10,0.8571428571428571,0.7978883861236803,0.9803921568627451,0.6153846153846154,0.9009009009009009,0.6153846153846154,0.9803921568627451,0.7441860465116279,0.8225434737062645,0.8996983408748115
166,16,57,2,2,0.948051948051948,0.9274952919020716,0.9661016949152542,0.8888888888888888,0.9661016949152542,0.8888888888888888,0.9661016949152542,0.8888888888888888,0.9274952919020716,0.9500941619585688
167,14,52,2,9,0.8571428571428571,0.7858293075684379,0.9629629629629629,0.6086956521739131,0.9043478260869565,0.6086956521739131,0.9629629629629629,0.717948717948718,0.8111482720178372,0.8727858293075685
168,5,51,5,16,0.7272727272727273,0.5744047619047619,0.9107142857142857,0.23809523809523808,0.8292682926829268,0.23809523809523808,0.9107142857142857,0.3225806451612903,0.5759244689221086,0.7244897959183674
169,13,46,5,13,0.7662337662337663,0.7009803921568627,0.9019607843137255,0.5,0.8363636363636363,0.5,0.9019607843137255,0.5909090909090909,0.7136363636363636,0.8355957767722474
170,10,59,2,6,0.8961038961038961,0.7961065573770492,0.9672131147540983,0.625,0.9365079365079365,0.625,0.9672131147540983,0.7142857142857143,0.8253968253968254,0.9006147540983607
171,11,56,1,9,0.8701298701298701,0.7662280701754386,0.9824561403508771,0.55,0.9180327868852459,0.55,0.9824561403508771,0.6875,0.802766393442623,0.8798245614035088
172,16,47,3,11,0.8181818181818182,0.7662962962962963,0.94,0.5925925925925926,0.8703703703703703,0.5925925925925926,0.94,0.6956521739130435,0.7830112721417068,0.845925925925926
173,11,55,2,9,0.8571428571428571,0.7574561403508773,0.9649122807017544,0.55,0.9090909090909091,0.55,0.9649122807017544,0.6666666666666666,0.7878787878787878,0.881578947368421
174,14,52,0,11,0.8571428571428571,0.78,1.0,0.56,0.9043478260869565,0.56,1.0,0.717948717948718,0.8111482720178372,0.8692307692307693
175,13,54,4,6,0.8701298701298701,0.8076225045372051,0.9310344827586207,0.6842105263157895,0.9152542372881356,0.6842105263157895,0.9310344827586207,0.7222222222222222,0.8187382297551788,0.8457350272232305
176,10,56,3,8,0.8571428571428571,0.7523540489642184,0.9491525423728814,0.5555555555555556,0.9105691056910569,0.5555555555555556,0.9491525423728814,0.6451612903225806,0.7778651980068187,0.8248587570621468
177,7,61,0,9,0.8831168831168831,0.71875,1.0,0.4375,0.9312977099236641,0.4375,1.0,0.6086956521739131,0.7699966810487886,0.8278688524590164
178,8,56,4,9,0.8311688311688312,0.7019607843137254,0.9333333333333333,0.47058823529411764,0.896,0.47058823529411764,0.9333333333333333,0.5517241379310345,0.7238620689655173,0.857843137254902
179,13,50,2,12,0.8181818181818182,0.7407692307692308,0.9615384615384616,0.52,0.8771929824561403,0.52,0.9615384615384616,0.65,0.7635964912280702,0.806923076923077
180,11,56,2,8,0.8701298701298701,0.7722323049001816,0.9655172413793104,0.5789473684210527,0.9180327868852459,0.5789473684210527,0.9655172413793104,0.6875,0.802766393442623,0.8248638838475498
181,10,61,1,5,0.922077922077922,0.825268817204301,0.9838709677419355,0.6666666666666666,0.953125,0.6666666666666666,0.9838709677419355,0.7692307692307693,0.8611778846153846,0.8591397849462366
182,12,56,2,7,0.8831168831168831,0.7985480943738656,0.9655172413793104,0.631578947368421,0.9256198347107438,0.631578947368421,0.9655172413793104,0.7272727272727273,0.8264462809917356,0.8475499092558985
183,13,55,1,8,0.8831168831168831,0.8005952380952381,0.9821428571428571,0.6190476190476191,0.9243697478991597,0.6190476190476191,0.9821428571428571,0.7428571428571429,0.8336134453781513,0.8503401360544217
184,14,52,2,9,0.8571428571428571,0.7858293075684379,0.9629629629629629,0.6086956521739131,0.9043478260869565,0.6086956521739131,0.9629629629629629,0.717948717948718,0.8111482720178372,0.9082125603864734
185,10,54,5,8,0.8311688311688312,0.7354048964218456,0.9152542372881356,0.5555555555555556,0.8925619834710744,0.5555555555555556,0.9152542372881356,0.6060606060606061,0.7493112947658402,0.788135593220339
186,12,56,1,8,0.8831168831168831,0.7912280701754386,0.9824561403508771,0.6,0.9256198347107438,0.6,0.9824561403508771,0.7272727272727273,0.8264462809917356,0.8517543859649123
187,11,55,3,8,0.8571428571428571,0.7636116152450091,0.9482758620689655,0.5789473684210527,0.9090909090909091,0.5789473684210527,0.9482758620689655,0.6666666666666666,0.7878787878787878,0.8484573502722322
188,12,46,3,16,0.7532467532467533,0.6836734693877551,0.9387755102040817,0.42857142857142855,0.8288288288288288,0.42857142857142855,0.9387755102040817,0.5581395348837209,0.6934841818562749,0.7879008746355686
189,7,59,0,11,0.8571428571428571,0.6944444444444444,1.0,0.3888888888888889,0.9147286821705426,0.3888888888888889,1.0,0.56,0.7373643410852713,0.7109227871939736
190,6,55,4,12,0.7922077922077922,0.6327683615819208,0.9322033898305084,0.3333333333333333,0.873015873015873,0.3333333333333333,0.9322033898305084,0.42857142857142855,0.6507936507936508,0.7071563088512242
191,11,55,1,10,0.8571428571428571,0.7529761904761905,0.9821428571428571,0.5238095238095238,0.9090909090909091,0.5238095238095238,0.9821428571428571,0.6666666666666666,0.7878787878787878,0.8341836734693877
192,13,46,3,15,0.7662337662337663,0.701530612244898,0.9387755102040817,0.4642857142857143,0.8363636363636363,0.4642857142857143,0.9387755102040817,0.5909090909090909,0.7136363636363636,0.7842565597667638
193,9,54,1,13,0.8181818181818182,0.6954545454545454,0.9818181818181818,0.4090909090909091,0.8852459016393442,0.4090909090909091,0.9818181818181818,0.5625,0.7238729508196722,0.8421487603305785
194,16,53,2,6,0.8961038961038961,0.8454545454545455,0.9636363636363636,0.7272727272727273,0.9298245614035088,0.7272727272727273,0.9636363636363636,0.8,0.8649122807017544,0.912396694214876
195,10,51,2,14,0.7922077922077922,0.6894654088050315,0.9622641509433962,0.4166666666666667,0.864406779661017,0.4166666666666667,0.9622641509433962,0.5555555555555556,0.7099811676082863,0.7916666666666667
196,9,54,1,13,0.8181818181818182,0.6954545454545454,0.9818181818181818,0.4090909090909091,0.8852459016393442,0.4090909090909091,0.9818181818181818,0.5625,0.7238729508196722,0.8190082644628099
197,10,53,4,10,0.8181818181818182,0.7149122807017544,0.9298245614035088,0.5,0.8833333333333333,0.5,0.9298245614035088,0.5882352941176471,0.7357843137254902,0.8982456140350877
198,8,59,4,6,0.8701298701298701,0.753968253968254,0.9365079365079365,0.5714285714285714,0.921875,0.5714285714285714,0.9365079365079365,0.6153846153846154,0.7686298076923077,0.8956916099773242
199,13,55,2,7,0.8831168831168831,0.8074561403508772,0.9649122807017544,0.65,0.9243697478991597,0.65,0.9649122807017544,0.7428571428571429,0.8336134453781513,0.9236842105263159
200,11,48,4,14,0.7662337662337663,0.6815384615384615,0.9230769230769231,0.44,0.8421052631578947,0.44,0.9230769230769231,0.55,0.6960526315789474,0.7861538461538461
201,9,58,5,5,0.8701298701298701,0.7817460317460317,0.9206349206349206,0.6428571428571429,0.9206349206349206,0.6428571428571429,0.9206349206349206,0.6428571428571429,0.7817460317460317,0.8786848072562359
202,16,51,2,8,0.8701298701298701,0.8144654088050314,0.9622641509433962,0.6666666666666666,0.9107142857142857,0.6666666666666666,0.9622641509433962,0.7619047619047619,0.8363095238095237,0.9166666666666666
203,9,54,2,12,0.8181818181818182,0.6964285714285714,0.9642857142857143,0.42857142857142855,0.8852459016393442,0.42857142857142855,0.9642857142857143,0.5625,0.7238729508196722,0.8052721088435374
204,9,59,1,8,0.8831168831168831,0.7563725490196078,0.9833333333333333,0.5294117647058824,0.9291338582677166,0.5294117647058824,0.9833333333333333,0.6666666666666666,0.7979002624671916,0.8127450980392157
205,9,55,3,10,0.8311688311688312,0.7109800362976406,0.9482758620689655,0.47368421052631576,0.8943089430894309,0.47368421052631576,0.9482758620689655,0.5806451612903226,0.7374770521898768,0.8520871143375681
206,13,51,2,11,0.8311688311688312,0.7519654088050314,0.9622641509433962,0.5416666666666666,0.8869565217391304,0.5416666666666666,0.9622641509433962,0.6666666666666666,0.7768115942028986,0.8466981132075472
207,16,52,1,8,0.8831168831168831,0.8238993710691824,0.9811320754716981,0.6666666666666666,0.9203539823008849,0.6666666666666666,0.9811320754716981,0.7804878048780488,0.8504208935894668,0.875
208,10,57,6,4,0.8701298701298701,0.8095238095238095,0.9047619047619048,0.7142857142857143,0.9193548387096774,0.7142857142857143,0.9047619047619048,0.6666666666666666,0.793010752688172,0.8412698412698412
209,14,52,3,8,0.8571428571428571,0.7909090909090909,0.9454545454545454,0.6363636363636364,0.9043478260869565,0.6363636363636364,0.9454545454545454,0.717948717948718,0.8111482720178372,0.840495867768595
210,14,46,5,12,0.7792207792207793,0.720211161387632,0.9019607843137255,0.5384615384615384,0.8440366972477065,0.5384615384615384,0.9019607843137255,0.6222222222222222,0.7331294597349644,0.7865761689291101
211,10,57,2,8,0.8701298701298701,0.7608286252354048,0.9661016949152542,0.5555555555555556,0.9193548387096774,0.5555555555555556,0.9661016949152542,0.6666666666666666,0.793010752688172,0.8540489642184558
212,12,50,2,13,0.8051948051948052,0.7207692307692308,0.9615384615384616,0.48,0.8695652173913043,0.48,0.9615384615384616,0.6153846153846154,0.7424749163879598,0.7861538461538461
213,11,51,3,12,0.8051948051948052,0.711352657004831,0.9444444444444444,0.4782608695652174,0.8717948717948718,0.4782608695652174,0.9444444444444444,0.5945945945945946,0.7331947331947333,0.7946859903381642
214,11,56,1,9,0.8701298701298701,0.7662280701754386,0.9824561403508771,0.55,0.9180327868852459,0.55,0.9824561403508771,0.6875,0.802766393442623,0.8245614035087719
215,14,54,3,6,0.8831168831168831,0.8236842105263158,0.9473684210526315,0.7,0.9230769230769231,0.7,0.9473684210526315,0.7567567567567568,0.83991683991684,0.8763157894736843
216,8,55,4,10,0.8181818181818182,0.6883239171374764,0.9322033898305084,0.4444444444444444,0.8870967741935484,0.4444444444444444,0.9322033898305084,0.5333333333333333,0.7102150537634409,0.815442561205273
217,7,59,3,8,0.8571428571428571,0.7091397849462366,0.9516129032258065,0.4666666666666667,0.9147286821705426,0.4666666666666667,0.9516129032258065,0.56,0.7373643410852713,0.7311827956989247
218,16,46,5,10,0.8051948051948052,0.7586726998491704,0.9019607843137255,0.6153846153846154,0.8598130841121495,0.6153846153846154,0.9019607843137255,0.6808510638297872,0.7703320739709684,0.8273001508295625
219,8,56,4,9,0.8311688311688312,0.7019607843137254,0.9333333333333333,0.47058823529411764,0.896,0.47058823529411764,0.9333333333333333,0.5517241379310345,0.7238620689655173,0.8137254901960783
220,10,49,3,15,0.7662337662337663,0.6711538461538462,0.9423076923076923,0.4,0.8448275862068966,0.4,0.9423076923076923,0.5263157894736842,0.6855716878402904,0.8384615384615384
221,10,54,4,9,0.8311688311688312,0.7286751361161524,0.9310344827586207,0.5263157894736842,0.8925619834710744,0.5263157894736842,0.9310344827586207,0.6060606060606061,0.7493112947658402,0.8548094373865699
222,12,56,3,6,0.8831168831168831,0.807909604519774,0.9491525423728814,0.6666666666666666,0.9256198347107438,0.6666666666666666,0.9491525423728814,0.7272727272727273,0.8264462809917356,0.8766478342749529
223,11,60,2,4,0.922077922077922,0.8505376344086022,0.967741935483871,0.7333333333333333,0.9523809523809523,0.7333333333333333,0.967741935483871,0.7857142857142857,0.8690476190476191,0.9172043010752688
224,20,49,3,5,0.8961038961038961,0.8711538461538462,0.9423076923076923,0.8,0.9245283018867925,0.8,0.9423076923076923,0.8333333333333334,0.878930817610063,0.8430769230769231
225,11,55,2,9,0.8571428571428571,0.7574561403508773,0.9649122807017544,0.55,0.9090909090909091,0.55,0.9649122807017544,0.6666666666666666,0.7878787878787878,0.8385964912280702
226,15,51,3,8,0.8571428571428571,0.7983091787439613,0.9444444444444444,0.6521739130434783,0.9026548672566371,0.6521739130434783,0.9444444444444444,0.7317073170731707,0.8171810921649039,0.820450885668277
227,15,51,1,10,0.8571428571428571,0.7903846153846154,0.9807692307692307,0.6,0.9026548672566371,0.6,0.9807692307692307,0.7317073170731707,0.8171810921649039,0.9092307692307693
228,9,50,7,11,0.7662337662337663,0.6635964912280702,0.8771929824561403,0.45,0.847457627118644,0.45,0.8771929824561403,0.5,0.673728813559322,0.7456140350877193
229,17,45,5,10,0.8051948051948052,0.7648148148148148,0.9,0.6296296296296297,0.8571428571428571,0.6296296296296297,0.9,0.6938775510204082,0.7755102040816326,0.7962962962962963
230,15,52,1,9,0.8701298701298701,0.8030660377358491,0.9811320754716981,0.625,0.9122807017543859,0.625,0.9811320754716981,0.75,0.831140350877193,0.8632075471698113
231,17,43,1,16,0.7792207792207793,0.7462121212121212,0.9772727272727273,0.5151515151515151,0.8349514563106796,0.5151515151515151,0.9772727272727273,0.6666666666666666,0.7508090614886731,0.859504132231405
232,19,48,2,8,0.8701298701298701,0.8318518518518518,0.96,0.7037037037037037,0.9056603773584906,0.7037037037037037,0.96,0.7916666666666666,0.8486635220125787,0.8940740740740741
233,9,55,3,10,0.8311688311688312,0.7109800362976406,0.9482758620689655,0.47368421052631576,0.8943089430894309,0.47368421052631576,0.9482758620689655,0.5806451612903226,0.7374770521898768,0.837568058076225
234,11,54,1,11,0.8441558441558441,0.740909090909091,0.9818181818181818,0.5,0.9,0.5,0.9818181818181818,0.6470588235294118,0.7735294117647059,0.8743801652892562
235,14,49,1,13,0.8181818181818182,0.7492592592592593,0.98,0.5185185185185185,0.875,0.5185185185185185,0.98,0.6666666666666666,0.7708333333333333,0.8355555555555555
236,6,52,5,14,0.7532467532467533,0.606140350877193,0.9122807017543859,0.3,0.8455284552845529,0.3,0.9122807017543859,0.3870967741935484,0.6163126147390506,0.7736842105263158
237,9,55,1,12,0.8311688311688312,0.7053571428571428,0.9821428571428571,0.42857142857142855,0.8943089430894309,0.42857142857142855,0.9821428571428571,0.5806451612903226,0.7374770521898768,0.8341836734693877
238,18,49,4,6,0.8701298701298701,0.8372641509433962,0.9245283018867925,0.75,0.9074074074074074,0.75,0.9245283018867925,0.782608695652174,0.8450080515297906,0.8899371069182389
239,14,52,4,7,0.8571428571428571,0.7976190476190477,0.9285714285714286,0.6666666666666666,0.9043478260869565,0.6666666666666666,0.9285714285714286,0.717948717948718,0.8111482720178372,0.8299319727891157
240,9,53,4,11,0.8051948051948052,0.6899122807017544,0.9298245614035088,0.45,0.8760330578512396,0.45,0.9298245614035088,0.5454545454545454,0.7107438016528925,0.8026315789473684
241,14,53,2,8,0.8701298701298701,0.8,0.9636363636363636,0.6363636363636364,0.9137931034482759,0.6363636363636364,0.9636363636363636,0.7368421052631579,0.8253176043557169,0.8214876033057852
242,9,58,2,8,0.8701298701298701,0.7480392156862745,0.9666666666666667,0.5294117647058824,0.9206349206349206,0.5294117647058824,0.9666666666666667,0.6428571428571429,0.7817460317460317,0.834313725490196
243,16,51,2,8,0.8701298701298701,0.8144654088050314,0.9622641509433962,0.6666666666666666,0.9107142857142857,0.6666666666666666,0.9622641509433962,0.7619047619047619,0.8363095238095237,0.8930817610062893
244,13,50,3,11,0.8181818181818182,0.7425314465408805,0.9433962264150944,0.5416666666666666,0.8771929824561403,0.5416666666666666,0.9433962264150944,0.65,0.7635964912280702,0.8333333333333333
245,10,57,3,7,0.8701298701298701,0.7691176470588235,0.95,0.5882352941176471,0.9193548387096774,0.5882352941176471,0.95,0.6666666666666666,0.793010752688172,0.9303921568627452
246,12,53,1,11,0.8441558441558441,0.751610305958132,0.9814814814814815,0.5217391304347826,0.8983050847457628,0.5217391304347826,0.9814814814814815,0.6666666666666666,0.7824858757062148,0.8784219001610305
247,12,56,3,6,0.8831168831168831,0.807909604519774,0.9491525423728814,0.6666666666666666,0.9256198347107438,0.6666666666666666,0.9491525423728814,0.7272727272727273,0.8264462809917356,0.8389830508474576
248,12,53,5,7,0.8441558441558441,0.7726860254083485,0.9137931034482759,0.631578947368421,0.8983050847457628,0.631578947368421,0.9137931034482759,0.6666666666666666,0.7824858757062148,0.7985480943738656
249,13,50,2,12,0.8181818181818182,0.7407692307692308,0.9615384615384616,0.52,0.8771929824561403,0.52,0.9615384615384616,0.65,0.7635964912280702,0.8
250,6,61,2,8,0.8701298701298701,0.6984126984126984,0.9682539682539683,0.42857142857142855,0.9242424242424242,0.42857142857142855,0.9682539682539683,0.5454545454545454,0.7348484848484849,0.8764172335600907
251,12,52,6,7,0.8311688311688312,0.764065335753176,0.896551724137931,0.631578947368421,0.8888888888888888,0.631578947368421,0.896551724137931,0.6486486486486487,0.7687687687687688,0.9047186932849365
252,9,52,3,13,0.7922077922077922,0.6772727272727272,0.9454545454545454,0.4090909090909091,0.8666666666666667,0.4090909090909091,0.9454545454545454,0.5294117647058824,0.6980392156862745,0.7661157024793388
253,11,53,5,8,0.8311688311688312,0.7463702359346642,0.9137931034482759,0.5789473684210527,0.8907563025210085,0.5789473684210527,0.9137931034482759,0.6285714285714286,0.7596638655462185,0.8039927404718693
254,19,47,6,5,0.8571428571428571,0.8392295597484276,0.8867924528301887,0.7916666666666666,0.8952380952380953,0.7916666666666666,0.8867924528301887,0.7755102040816326,0.8353741496598639,0.8356918238993711
255,15,53,4,5,0.8831168831168831,0.8399122807017544,0.9298245614035088,0.75,0.9217391304347826,0.75,0.9298245614035088,0.7692307692307693,0.8454849498327759,0.8929824561403509
256,15,50,4,8,0.8441558441558441,0.789049919484702,0.9259259259259259,0.6521739130434783,0.8928571428571429,0.6521739130434783,0.9259259259259259,0.7142857142857143,0.8035714285714286,0.7954911433172303
257,15,48,2,12,0.8181818181818182,0.7577777777777778,0.96,0.5555555555555556,0.8727272727272727,0.5555555555555556,0.96,0.6818181818181818,0.7772727272727272,0.8207407407407407
258,10,55,5,7,0.8441558441558441,0.7524509803921569,0.9166666666666666,0.5882352941176471,0.9016393442622951,0.5882352941176471,0.9166666666666666,0.625,0.7633196721311475,0.8235294117647058
259,13,46,5,13,0.7662337662337663,0.7009803921568627,0.9019607843137255,0.5,0.8363636363636363,0.5,0.9019607843137255,0.5909090909090909,0.7136363636363636,0.8582202111613877
260,11,57,5,4,0.8831168831168831,0.8263440860215053,0.9193548387096774,0.7333333333333333,0.926829268292683,0.7333333333333333,0.9193548387096774,0.7096774193548387,0.8182533438237609,0.9473118279569892
261,17,48,4,8,0.8441558441558441,0.8015384615384615,0.9230769230769231,0.68,0.8888888888888888,0.68,0.9230769230769231,0.7391304347826086,0.8140096618357487,0.87
262,17,49,2,9,0.8571428571428571,0.807315233785822,0.9607843137254902,0.6538461538461539,0.8990825688073395,0.6538461538461539,0.9607843137254902,0.7555555555555555,0.8273190621814475,0.8702865761689292
263,11,57,2,7,0.8831168831168831,0.7886064030131827,0.9661016949152542,0.6111111111111112,0.926829268292683,0.6111111111111112,0.9661016949152542,0.7096774193548387,0.8182533438237609,0.864406779661017
264,13,51,3,10,0.8311688311688312,0.7548309178743962,0.9444444444444444,0.5652173913043478,0.8869565217391304,0.5652173913043478,0.9444444444444444,0.6666666666666666,0.7768115942028986,0.9001610305958132
265,10,54,1,12,0.8311688311688312,0.7181818181818181,0.9818181818181818,0.45454545454545453,0.8925619834710744,0.45454545454545453,0.9818181818181818,0.6060606060606061,0.7493112947658402,0.8330578512396695
266,15,51,7,4,0.8571428571428571,0.8343920145190562,0.8793103448275862,0.7894736842105263,0.9026548672566371,0.7894736842105263,0.8793103448275862,0.7317073170731707,0.8171810921649039,0.9074410163339384
267,10,59,2,6,0.8961038961038961,0.7961065573770492,0.9672131147540983,0.625,0.9365079365079365,0.625,0.9672131147540983,0.7142857142857143,0.8253968253968254,0.8452868852459016
268,15,45,2,15,0.7792207792207793,0.7287234042553192,0.9574468085106383,0.5,0.8411214953271028,0.5,0.9574468085106383,0.6382978723404256,0.7397096838337642,0.8560283687943263
269,9,56,5,7,0.8441558441558441,0.740266393442623,0.9180327868852459,0.5625,0.9032258064516129,0.5625,0.9180327868852459,0.6,0.7516129032258064,0.8565573770491804
270,16,56,1,4,0.935064935064935,0.8912280701754386,0.9824561403508771,0.8,0.9572649572649573,0.8,0.9824561403508771,0.8648648648648649,0.9110649110649112,0.9324561403508772
271,9,54,4,10,0.8181818181818182,0.7023593466424682,0.9310344827586207,0.47368421052631576,0.8852459016393442,0.47368421052631576,0.9310344827586207,0.5625,0.7238729508196722,0.7359346642468239
272,14,51,2,10,0.8441558441558441,0.7727987421383649,0.9622641509433962,0.5833333333333334,0.8947368421052632,0.5833333333333334,0.9622641509433962,0.7,0.7973684210526315,0.860062893081761
273,11,47,6,13,0.7532467532467533,0.672562893081761,0.8867924528301887,0.4583333333333333,0.831858407079646,0.4583333333333333,0.8867924528301887,0.5365853658536586,0.6842218864666523,0.8309748427672956
274,10,53,4,10,0.8181818181818182,0.7149122807017544,0.9298245614035088,0.5,0.8833333333333333,0.5,0.9298245614035088,0.5882352941176471,0.7357843137254902,0.8692982456140351
275,10,60,2,5,0.9090909090909091,0.8172043010752688,0.967741935483871,0.6666666666666666,0.9448818897637795,0.6666666666666666,0.967741935483871,0.7407407407407407,0.84281131525226,0.9182795698924732
276,10,54,3,10,0.8311688311688312,0.7236842105263157,0.9473684210526315,0.5,0.8925619834710744,0.5,0.9473684210526315,0.6060606060606061,0.7493112947658402,0.7833333333333332
277,15,53,3,6,0.8831168831168831,0.8303571428571428,0.9464285714285714,0.7142857142857143,0.9217391304347826,0.7142857142857143,0.9464285714285714,0.7692307692307693,0.8454849498327759,0.8996598639455783
278,14,50,3,10,0.8311688311688312,0.7633647798742138,0.9433962264150944,0.5833333333333334,0.8849557522123894,0.5833333333333334,0.9433962264150944,0.6829268292682927,0.7839412907403411,0.8639937106918238
279,7,62,3,5,0.8961038961038961,0.7685897435897436,0.9538461538461539,0.5833333333333334,0.9393939393939394,0.5833333333333334,0.9538461538461539,0.6363636363636364,0.7878787878787878,0.9256410256410257
280,11,55,4,7,0.8571428571428571,0.7716572504708098,0.9322033898305084,0.6111111111111112,0.9090909090909091,0.6111111111111112,0.9322033898305084,0.6666666666666666,0.7878787878787878,0.8210922787193974
281,12,55,4,6,0.8701298701298701,0.7994350282485876,0.9322033898305084,0.6666666666666666,0.9166666666666666,0.6666666666666666,0.9322033898305084,0.7058823529411765,0.8112745098039216,0.8728813559322034
282,7,54,5,11,0.7922077922077922,0.6520715630885122,0.9152542372881356,0.3888888888888889,0.8709677419354839,0.3888888888888889,0.9152542372881356,0.4666666666666667,0.6688172043010753,0.7937853107344632
283,15,44,4,14,0.7662337662337663,0.7169540229885057,0.9166666666666666,0.5172413793103449,0.8301886792452831,0.5172413793103449,0.9166666666666666,0.625,0.7275943396226415,0.819683908045977
284,10,57,0,10,0.8701298701298701,0.75,1.0,0.5,0.9193548387096774,0.5,1.0,0.6666666666666666,0.793010752688172,0.7473684210526315
285,11,57,1,8,0.8831168831168831,0.780852994555354,0.9827586206896551,0.5789473684210527,0.926829268292683,0.5789473684210527,0.9827586206896551,0.7096774193548387,0.8182533438237609,0.8212341197822142
286,15,54,1,7,0.8961038961038961,0.8318181818181818,0.9818181818181818,0.6818181818181818,0.9310344827586207,0.6818181818181818,0.9818181818181818,0.7894736842105263,0.8602540834845736,0.8917355371900827
287,12,48,5,12,0.7792207792207793,0.7028301886792453,0.9056603773584906,0.5,0.8495575221238938,0.5,0.9056603773584906,0.5853658536585366,0.7174616878912152,0.8011006289308176
288,15,48,7,7,0.8181818181818182,0.7772727272727272,0.8727272727272727,0.6818181818181818,0.8727272727272727,0.6818181818181818,0.8727272727272727,0.6818181818181818,0.7772727272727272,0.7768595041322314
289,11,56,6,4,0.8701298701298701,0.8182795698924731,0.9032258064516129,0.7333333333333333,0.9180327868852459,0.7333333333333333,0.9032258064516129,0.6875,0.802766393442623,0.8763440860215054
290,14,59,0,4,0.948051948051948,0.8888888888888888,1.0,0.7777777777777778,0.9672131147540983,0.7777777777777778,1.0,0.875,0.9211065573770492,0.940677966101695
291,13,52,3,9,0.8441558441558441,0.7681818181818182,0.9454545454545454,0.5909090909090909,0.896551724137931,0.5909090909090909,0.9454545454545454,0.6842105263157895,0.7903811252268602,0.8710743801652892
292,11,53,3,10,0.8311688311688312,0.7351190476190477,0.9464285714285714,0.5238095238095238,0.8907563025210085,0.5238095238095238,0.9464285714285714,0.6285714285714286,0.7596638655462185,0.7670068027210885
293,12,51,3,11,0.8181818181818182,0.7330917874396135,0.9444444444444444,0.5217391304347826,0.8793103448275862,0.5217391304347826,0.9444444444444444,0.631578947368421,0.7554446460980035,0.855877616747182
294,11,50,3,13,0.7922077922077922,0.7008647798742138,0.9433962264150944,0.4583333333333333,0.8620689655172413,0.4583333333333333,0.9433962264150944,0.5789473684210527,0.720508166969147,0.7444968553459119
295,19,46,5,7,0.8441558441558441,0.8163650075414781,0.9019607843137255,0.7307692307692307,0.8846153846153846,0.7307692307692307,0.9019607843137255,0.76,0.8223076923076923,0.8484162895927602
296,8,58,4,7,0.8571428571428571,0.7344086021505376,0.9354838709677419,0.5333333333333333,0.9133858267716536,0.5333333333333333,0.9354838709677419,0.5925925925925926,0.7529892096821231,0.8440860215053764
297,9,55,3,10,0.8311688311688312,0.7109800362976406,0.9482758620689655,0.47368421052631576,0.8943089430894309,0.47368421052631576,0.9482758620689655,0.5806451612903226,0.7374770521898768,0.8058076225045372
298,9,60,3,5,0.8961038961038961,0.7976190476190477,0.9523809523809523,0.6428571428571429,0.9375,0.6428571428571429,0.9523809523809523,0.6923076923076923,0.8149038461538461,0.808390022675737
299,16,47,4,10,0.8181818181818182,0.7684766214177978,0.9215686274509803,0.6153846153846154,0.8703703703703703,0.6153846153846154,0.9215686274509803,0.6956521739130435,0.7830112721417068,0.8748114630467572
300,12,56,3,6,0.8831168831168831,0.807909604519774,0.9491525423728814,0.6666666666666666,0.9256198347107438,0.6666666666666666,0.9491525423728814,0.7272727272727273,0.8264462809917356,0.9190207156308852
301,13,59,2,3,0.935064935064935,0.8898565573770492,0.9672131147540983,0.8125,0.959349593495935,0.8125,0.9672131147540983,0.8387096774193549,0.8990296354576449,0.9282786885245902
302,12,56,1,8,0.8831168831168831,0.7912280701754386,0.9824561403508771,0.6,0.9256198347107438,0.6,0.9824561403508771,0.7272727272727273,0.8264462809917356,0.9342105263157895
303,15,55,3,4,0.9090909090909091,0.8688747731397459,0.9482758620689655,0.7894736842105263,0.9401709401709402,0.7894736842105263,0.9482758620689655,0.8108108108108109,0.8754908754908755,0.8956442831215969
304,12,49,2,14,0.7922077922077922,0.7111613876319759,0.9607843137254902,0.46153846153846156,0.8596491228070176,0.46153846153846156,0.9607843137254902,0.6,0.7298245614035088,0.8099547511312217
305,15,52,2,8,0.8701298701298701,0.8075684380032206,0.9629629629629629,0.6521739130434783,0.9122807017543859,0.6521739130434783,0.9629629629629629,0.75,0.831140350877193,0.8913043478260869
306,10,58,2,7,0.8831168831168831,0.7774509803921569,0.9666666666666667,0.5882352941176471,0.928,0.5882352941176471,0.9666666666666667,0.6896551724137931,0.8088275862068965,0.896078431372549
307,5,58,3,11,0.8181818181818182,0.6316598360655737,0.9508196721311475,0.3125,0.8923076923076924,0.3125,0.9508196721311475,0.4166666666666667,0.6544871794871795,0.7100409836065573
308,12,56,4,5,0.8831168831168831,0.8196078431372549,0.9333333333333333,0.7058823529411765,0.9256198347107438,0.7058823529411765,0.9333333333333333,0.7272727272727273,0.8264462809917356,0.8617647058823529
309,10,58,3,6,0.8831168831168831,0.7879098360655737,0.9508196721311475,0.625,0.928,0.625,0.9508196721311475,0.6896551724137931,0.8088275862068965,0.8657786885245902
310,8,55,3,11,0.8181818181818182,0.6846642468239564,0.9482758620689655,0.42105263157894735,0.8870967741935484,0.42105263157894735,0.9482758620689655,0.5333333333333333,0.7102150537634409,0.7132486388384756
311,9,56,4,8,0.8441558441558441,0.7313725490196079,0.9333333333333333,0.5294117647058824,0.9032258064516129,0.5294117647058824,0.9333333333333333,0.6,0.7516129032258064,0.7784313725490196
312,9,54,7,7,0.8181818181818182,0.7238729508196722,0.8852459016393442,0.5625,0.8852459016393442,0.5625,0.8852459016393442,0.5625,0.7238729508196722,0.7971311475409836
313,12,49,5,11,0.7922077922077922,0.7145732689210951,0.9074074074074074,0.5217391304347826,0.8596491228070176,0.5217391304347826,0.9074074074074074,0.6,0.7298245614035088,0.7793880837359098
314,8,55,4,10,0.8181818181818182,0.6883239171374764,0.9322033898305084,0.4444444444444444,0.8870967741935484,0.4444444444444444,0.9322033898305084,0.5333333333333333,0.7102150537634409,0.7871939736346516
315,14,54,1,8,0.8831168831168831,0.8090909090909091,0.9818181818181818,0.6363636363636364,0.9230769230769231,0.6363636363636364,0.9818181818181818,0.7567567567567568,0.83991683991684,0.8950413223140496
316,10,54,5,8,0.8311688311688312,0.7354048964218456,0.9152542372881356,0.5555555555555556,0.8925619834710744,0.5555555555555556,0.9152542372881356,0.6060606060606061,0.7493112947658402,0.8926553672316384
317,12,50,7,8,0.8051948051948052,0.7385964912280701,0.8771929824561403,0.6,0.8695652173913043,0.6,0.8771929824561403,0.6153846153846154,0.7424749163879598,0.8017543859649123
318,11,53,2,11,0.8311688311688312,0.7318181818181818,0.9636363636363636,0.5,0.8907563025210085,0.5,0.9636363636363636,0.6285714285714286,0.7596638655462185,0.7958677685950413
319,13,54,3,7,0.8701298701298701,0.7986842105263158,0.9473684210526315,0.65,0.9152542372881356,0.65,0.9473684210526315,0.7222222222222222,0.8187382297551788,0.8289473684210527
320,8,55,6,8,0.8181818181818182,0.7008196721311475,0.9016393442622951,0.5,0.8870967741935484,0.5,0.9016393442622951,0.5333333333333333,0.7102150537634409,0.7950819672131149
321,15,47,2,13,0.8051948051948052,0.7474489795918366,0.9591836734693877,0.5357142857142857,0.8623853211009175,0.5357142857142857,0.9591836734693877,0.6666666666666666,0.764525993883792,0.7900874635568513
322,12,59,1,5,0.922077922077922,0.8446078431372549,0.9833333333333333,0.7058823529411765,0.9516129032258065,0.7058823529411765,0.9833333333333333,0.8,0.8758064516129033,0.9352941176470588
323,12,56,3,6,0.8831168831168831,0.807909604519774,0.9491525423728814,0.6666666666666666,0.9256198347107438,0.6666666666666666,0.9491525423728814,0.7272727272727273,0.8264462809917356,0.8615819209039548
324,19,46,2,10,0.8441558441558441,0.8067528735632183,0.9583333333333334,0.6551724137931034,0.8846153846153846,0.6551724137931034,0.9583333333333334,0.76,0.8223076923076923,0.9403735632183908
325,17,48,1,11,0.8441558441558441,0.7933673469387754,0.9795918367346939,0.6071428571428571,0.8888888888888888,0.6071428571428571,0.9795918367346939,0.7391304347826086,0.8140096618357487,0.8943148688046648
326,9,56,0,12,0.8441558441558441,0.7142857142857143,1.0,0.42857142857142855,0.9032258064516129,0.42857142857142855,1.0,0.6,0.7516129032258064,0.8163265306122449
327,13,59,3,2,0.935064935064935,0.9091397849462366,0.9516129032258065,0.8666666666666667,0.959349593495935,0.8666666666666667,0.9516129032258065,0.8387096774193549,0.8990296354576449,0.967741935483871
328,8,56,2,11,0.8311688311688312,0.6932849364791289,0.9655172413793104,0.42105263157894735,0.896,0.42105263157894735,0.9655172413793104,0.5517241379310345,0.7238620689655173,0.7967332123411978
329,11,50,7,9,0.7922077922077922,0.7135964912280701,0.8771929824561403,0.55,0.8620689655172413,0.55,0.8771929824561403,0.5789473684210527,0.720508166969147,0.8052631578947368
330,14,50,5,8,0.8311688311688312,0.7727272727272727,0.9090909090909091,0.6363636363636364,0.8849557522123894,0.6363636363636364,0.9090909090909091,0.6829268292682927,0.7839412907403411,0.8809917355371901
331,12,46,6,13,0.7532467532467533,0.6823076923076923,0.8846153846153846,0.48,0.8288288288288288,0.48,0.8846153846153846,0.5581395348837209,0.6934841818562749,0.8038461538461539
332,12,54,2,9,0.8571428571428571,0.7678571428571428,0.9642857142857143,0.5714285714285714,0.907563025210084,0.5714285714285714,0.9642857142857143,0.6857142857142857,0.7966386554621849,0.78656462585034
333,22,46,4,5,0.8831168831168831,0.8674074074074074,0.92,0.8148148148148148,0.9108910891089109,0.8148148148148148,0.92,0.8301886792452831,0.870539884177097,0.8911111111111111
334,15,51,2,9,0.8571428571428571,0.7936320754716981,0.9622641509433962,0.625,0.9026548672566371,0.625,0.9622641509433962,0.7317073170731707,0.8171810921649039,0.8820754716981132
335,11,55,4,7,0.8571428571428571,0.7716572504708098,0.9322033898305084,0.6111111111111112,0.9090909090909091,0.6111111111111112,0.9322033898305084,0.6666666666666666,0.7878787878787878,0.8163841807909605
336,12,49,1,15,0.7922077922077922,0.7122222222222222,0.98,0.4444444444444444,0.8596491228070176,0.4444444444444444,0.98,0.6,0.7298245614035088,0.8288888888888888
337,9,57,6,5,0.8571428571428571,0.7738095238095238,0.9047619047619048,0.6428571428571429,0.912,0.6428571428571429,0.9047619047619048,0.6206896551724138,0.7663448275862069,0.8900226757369615
338,10,57,2,8,0.8701298701298701,0.7608286252354048,0.9661016949152542,0.5555555555555556,0.9193548387096774,0.5555555555555556,0.9661016949152542,0.6666666666666666,0.793010752688172,0.8455743879472692
339,10,55,2,10,0.8441558441558441,0.7324561403508771,0.9649122807017544,0.5,0.9016393442622951,0.5,0.9649122807017544,0.625,0.7633196721311475,0.8236842105263158
340,9,55,3,10,0.8311688311688312,0.7109800362976406,0.9482758620689655,0.47368421052631576,0.8943089430894309,0.47368421052631576,0.9482758620689655,0.5806451612903226,0.7374770521898768,0.8148820326678766
341,11,57,2,7,0.8831168831168831,0.7886064030131827,0.9661016949152542,0.6111111111111112,0.926829268292683,0.6111111111111112,0.9661016949152542,0.7096774193548387,0.8182533438237609,0.9058380414312618
342,7,57,0,13,0.8311688311688312,0.675,1.0,0.35,0.8976377952755905,0.35,1.0,0.5185185185185185,0.7080781568970544,0.706140350877193
343,7,58,7,5,0.8441558441558441,0.7378205128205129,0.8923076923076924,0.5833333333333334,0.90625,0.5833333333333334,0.8923076923076924,0.5384615384615384,0.7223557692307692,0.7807692307692308
344,8,52,3,14,0.7792207792207793,0.6545454545454545,0.9454545454545454,0.36363636363636365,0.859504132231405,0.36363636363636365,0.9454545454545454,0.48484848484848486,0.6721763085399449,0.8049586776859504
345,11,50,5,11,0.7922077922077922,0.7045454545454546,0.9090909090909091,0.5,0.8620689655172413,0.5,0.9090909090909091,0.5789473684210527,0.720508166969147,0.7892561983471075
346,18,45,4,10,0.8181818181818182,0.7806122448979592,0.9183673469387755,0.6428571428571429,0.8653846153846154,0.6428571428571429,0.9183673469387755,0.72,0.7926923076923077,0.8658892128279884
347,10,55,4,8,0.8441558441558441,0.743879472693032,0.9322033898305084,0.5555555555555556,0.9016393442622951,0.5555555555555556,0.9322033898305084,0.625,0.7633196721311475,0.8389830508474576
348,8,61,3,5,0.8961038961038961,0.7842548076923077,0.953125,0.6153846153846154,0.9384615384615385,0.6153846153846154,0.953125,0.6666666666666666,0.8025641025641026,0.9507211538461537
349,18,45,3,11,0.8181818181818182,0.7790948275862069,0.9375,0.6206896551724138,0.8653846153846154,0.6206896551724138,0.9375,0.72,0.7926923076923077,0.8520114942528736
350,23,43,3,8,0.8571428571428571,0.8383590462833099,0.9347826086956522,0.7419354838709677,0.8865979381443299,0.7419354838709677,0.9347826086956522,0.8070175438596491,0.8468077410019894,0.9298737727910239
351,18,49,3,7,0.8701298701298701,0.8311538461538461,0.9423076923076923,0.72,0.9074074074074074,0.72,0.9423076923076923,0.782608695652174,0.8450080515297906,0.8730769230769231
352,17,49,2,9,0.8571428571428571,0.807315233785822,0.9607843137254902,0.6538461538461539,0.8990825688073395,0.6538461538461539,0.9607843137254902,0.7555555555555555,0.8273190621814475,0.9298642533936652
353,8,62,0,7,0.9090909090909091,0.7666666666666666,1.0,0.5333333333333333,0.9465648854961832,0.5333333333333333,1.0,0.6956521739130435,0.8211085297046133,0.8064516129032258
354,13,49,4,11,0.8051948051948052,0.7330974842767295,0.9245283018867925,0.5416666666666666,0.8672566371681416,0.5416666666666666,0.9245283018867925,0.6341463414634146,0.7507014893157782,0.8812893081761006
355,9,51,2,15,0.7792207792207793,0.6686320754716981,0.9622641509433962,0.375,0.8571428571428571,0.375,0.9622641509433962,0.5142857142857142,0.6857142857142857,0.7177672955974843
356,20,46,5,6,0.8571428571428571,0.8355957767722474,0.9019607843137255,0.7692307692307693,0.8932038834951457,0.7692307692307693,0.9019607843137255,0.7843137254901961,0.8387588044926708,0.8974358974358975
357,12,51,1,13,0.8181818181818182,0.7303846153846154,0.9807692307692307,0.48,0.8793103448275862,0.48,0.9807692307692307,0.631578947368421,0.7554446460980035,0.8453846153846155
358,11,52,5,9,0.8181818181818182,0.731140350877193,0.9122807017543859,0.55,0.8813559322033898,0.55,0.9122807017543859,0.6111111111111112,0.7462335216572504,0.831578947368421
359,12,52,4,9,0.8311688311688312,0.75,0.9285714285714286,0.5714285714285714,0.8888888888888888,0.5714285714285714,0.9285714285714286,0.6486486486486487,0.7687687687687688,0.8350340136054422
360,13,56,3,5,0.8961038961038961,0.8356873822975518,0.9491525423728814,0.7222222222222222,0.9333333333333333,0.7222222222222222,0.9491525423728814,0.7647058823529411,0.8490196078431372,0.9105461393596987
361,9,61,1,6,0.9090909090909091,0.7919354838709678,0.9838709677419355,0.6,0.9457364341085271,0.6,0.9838709677419355,0.72,0.8328682170542636,0.9247311827956989
362,13,57,2,5,0.9090909090909091,0.8441619585687382,0.9661016949152542,0.7222222222222222,0.9421487603305785,0.7222222222222222,0.9661016949152542,0.7878787878787878,0.8650137741046832,0.8578154425612053
363,7,53,4,13,0.7792207792207793,0.6399122807017543,0.9298245614035088,0.35,0.8617886178861789,0.35,0.9298245614035088,0.45161290322580644,0.6567007605559927,0.8385964912280701
364,9,57,4,7,0.8571428571428571,0.7484631147540983,0.9344262295081968,0.5625,0.912,0.5625,0.9344262295081968,0.6206896551724138,0.7663448275862069,0.8790983606557378
365,18,48,5,6,0.8571428571428571,0.8278301886792453,0.9056603773584906,0.75,0.897196261682243,0.75,0.9056603773584906,0.7659574468085106,0.8315768542453768,0.9017295597484276
366,8,58,4,7,0.8571428571428571,0.7344086021505376,0.9354838709677419,0.5333333333333333,0.9133858267716536,0.5333333333333333,0.9354838709677419,0.5925925925925926,0.7529892096821231,0.7870967741935484
367,11,53,2,11,0.8311688311688312,0.7318181818181818,0.9636363636363636,0.5,0.8907563025210085,0.5,0.9636363636363636,0.6285714285714286,0.7596638655462185,0.7272727272727273
368,9,49,2,17,0.7532467532467533,0.6534690799396682,0.9607843137254902,0.34615384615384615,0.8376068376068376,0.34615384615384615,0.9607843137254902,0.4864864864864865,0.6620466620466621,0.8114630467571645
369,8,57,3,9,0.8441558441558441,0.7102941176470587,0.95,0.47058823529411764,0.9047619047619048,0.47058823529411764,0.95,0.5714285714285714,0.7380952380952381,0.861764705882353
370,13,57,1,6,0.9090909090909091,0.8334845735027223,0.9827586206896551,0.6842105263157895,0.9421487603305785,0.6842105263157895,0.9827586206896551,0.7878787878787878,0.8650137741046832,0.8511796733212341
371,10,54,4,9,0.8311688311688312,0.7286751361161524,0.9310344827586207,0.5263157894736842,0.8925619834710744,0.5263157894736842,0.9310344827586207,0.6060606060606061,0.7493112947658402,0.8611615245009074
372,14,51,2,10,0.8441558441558441,0.7727987421383649,0.9622641509433962,0.5833333333333334,0.8947368421052632,0.5833333333333334,0.9622641509433962,0.7,0.7973684210526315,0.8537735849056604
373,13,57,0,7,0.9090909090909091,0.825,1.0,0.65,0.9421487603305785,0.65,1.0,0.7878787878787878,0.8650137741046832,0.9
374,15,49,2,11,0.8311688311688312,0.7688536953242835,0.9607843137254902,0.5769230769230769,0.8828828828828829,0.5769230769230769,0.9607843137254902,0.6976744186046512,0.790278650743767,0.9110105580693816
375,15,46,4,12,0.7922077922077922,0.7377777777777779,0.92,0.5555555555555556,0.8518518518518519,0.5555555555555556,0.92,0.6521739130434783,0.7520128824476651,0.8177777777777777
376,15,56,0,6,0.922077922077922,0.8571428571428572,1.0,0.7142857142857143,0.9491525423728814,0.7142857142857143,1.0,0.8333333333333334,0.8912429378531074,0.891156462585034
377,15,48,4,10,0.8181818181818182,0.7615384615384615,0.9230769230769231,0.6,0.8727272727272727,0.6,0.9230769230769231,0.6818181818181818,0.7772727272727272,0.8446153846153845
378,15,46,4,12,0.7922077922077922,0.7377777777777779,0.92,0.5555555555555556,0.8518518518518519,0.5555555555555556,0.92,0.6521739130434783,0.7520128824476651,0.8014814814814815
379,17,50,4,6,0.8701298701298701,0.8325281803542672,0.9259259259259259,0.7391304347826086,0.9090909090909091,0.7391304347826086,0.9259259259259259,0.7727272727272727,0.8409090909090908,0.85829307568438
380,7,54,6,10,0.7922077922077922,0.6558823529411765,0.9,0.4117647058823529,0.8709677419354839,0.4117647058823529,0.9,0.4666666666666667,0.6688172043010753,0.753921568627451
381,10,55,3,9,0.8441558441558441,0.7372958257713249,0.9482758620689655,0.5263157894736842,0.9016393442622951,0.5263157894736842,0.9482758620689655,0.625,0.7633196721311475,0.8257713248638839
382,14,55,4,4,0.8961038961038961,0.8549905838041432,0.9322033898305084,0.7777777777777778,0.9322033898305084,0.7777777777777778,0.9322033898305084,0.7777777777777778,0.8549905838041432,0.9067796610169492
383,12,52,4,9,0.8311688311688312,0.75,0.9285714285714286,0.5714285714285714,0.8888888888888888,0.5714285714285714,0.9285714285714286,0.6486486486486487,0.7687687687687688,0.7891156462585034
384,10,59,4,4,0.8961038961038961,0.8253968253968254,0.9365079365079365,0.7142857142857143,0.9365079365079365,0.7142857142857143,0.9365079365079365,0.7142857142857143,0.8253968253968254,0.8344671201814059
385,17,53,4,3,0.9090909090909091,0.8899122807017543,0.9298245614035088,0.85,0.9380530973451328,0.85,0.9298245614035088,0.8292682926829268,0.8836606950140298,0.943859649122807
386,16,51,2,8,0.8701298701298701,0.8144654088050314,0.9622641509433962,0.6666666666666666,0.9107142857142857,0.6666666666666666,0.9622641509433962,0.7619047619047619,0.8363095238095237,0.8860062893081762
387,9,54,3,11,0.8181818181818182,0.6986842105263158,0.9473684210526315,0.45,0.8852459016393442,0.45,0.9473684210526315,0.5625,0.7238729508196722,0.8035087719298245
388,12,46,4,15,0.7532467532467533,0.6822222222222223,0.92,0.4444444444444444,0.8288288288288288,0.4444444444444444,0.92,0.5581395348837209,0.6934841818562749,0.7925925925925925
389,10,52,4,11,0.8051948051948052,0.7023809523809523,0.9285714285714286,0.47619047619047616,0.8739495798319328,0.47619047619047616,0.9285714285714286,0.5714285714285714,0.7226890756302521,0.7789115646258503
390,10,62,3,2,0.935064935064935,0.8935897435897436,0.9538461538461539,0.8333333333333334,0.9612403100775194,0.8333333333333334,0.9538461538461539,0.8,0.8806201550387598,0.9743589743589743
391,8,45,7,17,0.6883116883116883,0.5926923076923077,0.8653846153846154,0.32,0.7894736842105263,0.32,0.8653846153846154,0.4,0.5947368421052632,0.6892307692307693
392,13,50,3,11,0.8181818181818182,0.7425314465408805,0.9433962264150944,0.5416666666666666,0.8771929824561403,0.5416666666666666,0.9433962264150944,0.65,0.7635964912280702,0.8577044025157232
393,15,53,2,7,0.8831168831168831,0.8227272727272728,0.9636363636363636,0.6818181818181818,0.9217391304347826,0.6818181818181818,0.9636363636363636,0.7692307692307693,0.8454849498327759,0.903305785123967
394,10,59,1,7,0.8961038961038961,0.7857843137254902,0.9833333333333333,0.5882352941176471,0.9365079365079365,0.5882352941176471,0.9833333333333333,0.7142857142857143,0.8253968253968254,0.8411764705882353
395,13,55,2,7,0.8831168831168831,0.8074561403508772,0.9649122807017544,0.65,0.9243697478991597,0.65,0.9649122807017544,0.7428571428571429,0.8336134453781513,0.912280701754386
396,15,56,1,5,0.922077922077922,0.8662280701754386,0.9824561403508771,0.75,0.9491525423728814,0.75,0.9824561403508771,0.8333333333333334,0.8912429378531074,0.8973684210526316
397,9,57,4,7,0.8571428571428571,0.7484631147540983,0.9344262295081968,0.5625,0.912,0.5625,0.9344262295081968,0.6206896551724138,0.7663448275862069,0.8985655737704918
398,11,50,6,10,0.7922077922077922,0.7083333333333334,0.8928571428571429,0.5238095238095238,0.8620689655172413,0.5238095238095238,0.8928571428571429,0.5789473684210527,0.720508166969147,0.7950680272108843
399,14,56,1,6,0.9090909090909091,0.8412280701754385,0.9824561403508771,0.7,0.9411764705882353,0.7,0.9824561403508771,0.8,0.8705882352941177,0.9219298245614036
400,15,49,0,13,0.8311688311688312,0.7678571428571428,1.0,0.5357142857142857,0.8828828828828829,0.5357142857142857,1.0,0.6976744186046512,0.790278650743767,0.9001457725947521
401,10,52,3,12,0.8051948051948052,0.7,0.9454545454545454,0.45454545454545453,0.8739495798319328,0.45454545454545453,0.9454545454545454,0.5714285714285714,0.7226890756302521,0.7818181818181819
402,9,50,8,10,0.7662337662337663,0.6678765880217785,0.8620689655172413,0.47368421052631576,0.847457627118644,0.47368421052631576,0.8620689655172413,0.5,0.673728813559322,0.8021778584392014
403,15,48,3,11,0.8181818181818182,0.7590497737556561,0.9411764705882353,0.5769230769230769,0.8727272727272727,0.5769230769230769,0.9411764705882353,0.6818181818181818,0.7772727272727272,0.8725490196078431
404,16,50,0,11,0.8571428571428571,0.7962962962962963,1.0,0.5925925925925926,0.9009009009009009,0.5925925925925926,1.0,0.7441860465116279,0.8225434737062645,0.9814814814814815
405,9,59,1,8,0.8831168831168831,0.7563725490196078,0.9833333333333333,0.5294117647058824,0.9291338582677166,0.5294117647058824,0.9833333333333333,0.6666666666666666,0.7979002624671916,0.9009803921568627
406,9,58,3,7,0.8701298701298701,0.7566598360655737,0.9508196721311475,0.5625,0.9206349206349206,0.5625,0.9508196721311475,0.6428571428571429,0.7817460317460317,0.8432377049180327
407,11,57,1,8,0.8831168831168831,0.780852994555354,0.9827586206896551,0.5789473684210527,0.926829268292683,0.5789473684210527,0.9827586206896551,0.7096774193548387,0.8182533438237609,0.882032667876588
408,16,49,3,9,0.8441558441558441,0.7911538461538461,0.9423076923076923,0.64,0.8909090909090909,0.64,0.9423076923076923,0.7272727272727273,0.8090909090909091,0.8838461538461538
409,9,52,6,10,0.7922077922077922,0.6851179673321234,0.896551724137931,0.47368421052631576,0.8666666666666667,0.47368421052631576,0.896551724137931,0.5294117647058824,0.6980392156862745,0.8112522686025408
410,11,54,3,9,0.8441558441558441,0.7486842105263158,0.9473684210526315,0.55,0.9,0.55,0.9473684210526315,0.6470588235294118,0.7735294117647059,0.8447368421052632
411,13,52,1,11,0.8441558441558441,0.7613993710691824,0.9811320754716981,0.5416666666666666,0.896551724137931,0.5416666666666666,0.9811320754716981,0.6842105263157895,0.7903811252268602,0.8639937106918238
412,12,57,2,6,0.8961038961038961,0.8163841807909604,0.9661016949152542,0.6666666666666666,0.9344262295081968,0.6666666666666666,0.9661016949152542,0.75,0.8422131147540983,0.9340866290018832
413,9,55,3,10,0.8311688311688312,0.7109800362976406,0.9482758620689655,0.47368421052631576,0.8943089430894309,0.47368421052631576,0.9482758620689655,0.5806451612903226,0.7374770521898768,0.8257713248638838
414,12,51,4,10,0.8181818181818182,0.7363636363636363,0.9272727272727272,0.5454545454545454,0.8793103448275862,0.5454545454545454,0.9272727272727272,0.631578947368421,0.7554446460980035,0.8132231404958677
415,6,62,2,7,0.8831168831168831,0.7151442307692308,0.96875,0.46153846153846156,0.9323308270676691,0.46153846153846156,0.96875,0.5714285714285714,0.7518796992481203,0.8028846153846154
416,13,55,5,4,0.8831168831168831,0.8406862745098038,0.9166666666666666,0.7647058823529411,0.9243697478991597,0.7647058823529411,0.9166666666666666,0.7428571428571429,0.8336134453781513,0.8754901960784314
417,11,58,3,5,0.8961038961038961,0.8191598360655737,0.9508196721311475,0.6875,0.9354838709677419,0.6875,0.9508196721311475,0.7333333333333333,0.8344086021505376,0.8903688524590164
418,16,49,3,9,0.8441558441558441,0.7911538461538461,0.9423076923076923,0.64,0.8909090909090909,0.64,0.9423076923076923,0.7272727272727273,0.8090909090909091,0.8561538461538462
419,9,50,4,14,0.7662337662337663,0.6586151368760065,0.9259259259259259,0.391304347826087,0.847457627118644,0.391304347826087,0.9259259259259259,0.5,0.673728813559322,0.7560386473429952
420,13,52,2,10,0.8441558441558441,0.7640901771336553,0.9629629629629629,0.5652173913043478,0.896551724137931,0.5652173913043478,0.9629629629629629,0.6842105263157895,0.7903811252268602,0.8043478260869565
421,8,58,2,9,0.8571428571428571,0.7186274509803922,0.9666666666666667,0.47058823529411764,0.9133858267716536,0.47058823529411764,0.9666666666666667,0.5925925925925926,0.7529892096821231,0.8705882352941177
422,13,53,3,8,0.8571428571428571,0.7827380952380952,0.9464285714285714,0.6190476190476191,0.905982905982906,0.6190476190476191,0.9464285714285714,0.7027027027027027,0.8043428043428044,0.8231292517006802
423,8,59,3,7,0.8701298701298701,0.7424731182795699,0.9516129032258065,0.5333333333333333,0.921875,0.5333333333333333,0.9516129032258065,0.6153846153846154,0.7686298076923077,0.8172043010752689
424,16,46,4,11,0.8051948051948052,0.7562962962962962,0.92,0.5925925925925926,0.8598130841121495,0.5925925925925926,0.92,0.6808510638297872,0.7703320739709684,0.8688888888888888
425,11,50,4,12,0.7922077922077922,0.7020933977455717,0.9259259259259259,0.4782608695652174,0.8620689655172413,0.4782608695652174,0.9259259259259259,0.5789473684210527,0.720508166969147,0.8011272141706924
426,13,52,3,9,0.8441558441558441,0.7681818181818182,0.9454545454545454,0.5909090909090909,0.896551724137931,0.5909090909090909,0.9454545454545454,0.6842105263157895,0.7903811252268602,0.7966942148760331
427,7,61,3,6,0.8831168831168831,0.7457932692307692,0.953125,0.5384615384615384,0.9312977099236641,0.5384615384615384,0.953125,0.6086956521739131,0.7699966810487886,0.8185096153846154
428,9,51,7,10,0.7792207792207793,0.676497277676951,0.8793103448275862,0.47368421052631576,0.8571428571428571,0.47368421052631576,0.8793103448275862,0.5142857142857142,0.6857142857142857,0.7568058076225045
429,14,47,4,12,0.7922077922077922,0.7300150829562594,0.9215686274509803,0.5384615384615384,0.8545454545454545,0.5384615384615384,0.9215686274509803,0.6363636363636364,0.7454545454545454,0.8951734539969834
430,14,50,3,10,0.8311688311688312,0.7633647798742138,0.9433962264150944,0.5833333333333334,0.8849557522123894,0.5833333333333334,0.9433962264150944,0.6829268292682927,0.7839412907403411,0.8176100628930818
431,14,51,4,8,0.8441558441558441,0.7818181818181817,0.9272727272727272,0.6363636363636364,0.8947368421052632,0.6363636363636364,0.9272727272727272,0.7,0.7973684210526315,0.8479338842975207
432,11,55,3,8,0.8571428571428571,0.7636116152450091,0.9482758620689655,0.5789473684210527,0.9090909090909091,0.5789473684210527,0.9482758620689655,0.6666666666666666,0.7878787878787878,0.8629764065335753
433,8,54,1,14,0.8051948051948052,0.6727272727272727,0.9818181818181818,0.36363636363636365,0.8780487804878049,0.36363636363636365,0.9818181818181818,0.5161290322580645,0.6970889063729346,0.8214876033057851
434,14,56,2,5,0.9090909090909091,0.8511796733212341,0.9655172413793104,0.7368421052631579,0.9411764705882353,0.7368421052631579,0.9655172413793104,0.8,0.8705882352941177,0.9029038112522686
435,9,55,3,10,0.8311688311688312,0.7109800362976406,0.9482758620689655,0.47368421052631576,0.8943089430894309,0.47368421052631576,0.9482758620689655,0.5806451612903226,0.7374770521898768,0.808529945553539
436,11,55,2,9,0.8571428571428571,0.7574561403508773,0.9649122807017544,0.55,0.9090909090909091,0.55,0.9649122807017544,0.6666666666666666,0.7878787878787878,0.7482456140350877
437,7,58,5,7,0.8441558441558441,0.7103174603174602,0.9206349206349206,0.5,0.90625,0.5,0.9206349206349206,0.5384615384615384,0.7223557692307692,0.7664399092970521
438,10,54,2,11,0.8311688311688312,0.7202380952380952,0.9642857142857143,0.47619047619047616,0.8925619834710744,0.47619047619047616,0.9642857142857143,0.6060606060606061,0.7493112947658402,0.913265306122449
439,12,54,2,9,0.8571428571428571,0.7678571428571428,0.9642857142857143,0.5714285714285714,0.907563025210084,0.5714285714285714,0.9642857142857143,0.6857142857142857,0.7966386554621849,0.9336734693877551
440,8,56,3,10,0.8311688311688312,0.6967984934086628,0.9491525423728814,0.4444444444444444,0.896,0.4444444444444444,0.9491525423728814,0.5517241379310345,0.7238620689655173,0.7354048964218456
441,12,50,4,11,0.8051948051948052,0.7238325281803543,0.9259259259259259,0.5217391304347826,0.8695652173913043,0.5217391304347826,0.9259259259259259,0.6153846153846154,0.7424749163879598,0.826086956521739
442,12,49,4,12,0.7922077922077922,0.7122641509433962,0.9245283018867925,0.5,0.8596491228070176,0.5,0.9245283018867925,0.6,0.7298245614035088,0.8168238993710693
443,15,50,3,9,0.8441558441558441,0.7841981132075472,0.9433962264150944,0.625,0.8928571428571429,0.625,0.9433962264150944,0.7142857142857143,0.8035714285714286,0.8301886792452831
444,16,53,1,7,0.8961038961038961,0.8385668276972624,0.9814814814814815,0.6956521739130435,0.9298245614035088,0.6956521739130435,0.9814814814814815,0.8,0.8649122807017544,0.8695652173913043
445,11,50,8,8,0.7922077922077922,0.720508166969147,0.8620689655172413,0.5789473684210527,0.8620689655172413,0.5789473684210527,0.8620689655172413,0.5789473684210527,0.720508166969147,0.7640653357531759
446,14,49,0,14,0.8181818181818182,0.75,1.0,0.5,0.875,0.5,1.0,0.6666666666666666,0.7708333333333333,0.7922740524781341
447,15,54,2,6,0.8961038961038961,0.8392857142857143,0.9642857142857143,0.7142857142857143,0.9310344827586207,0.7142857142857143,0.9642857142857143,0.7894736842105263,0.8602540834845736,0.8639455782312925
448,11,53,0,13,0.8311688311688312,0.7291666666666666,1.0,0.4583333333333333,0.8907563025210085,0.4583333333333333,1.0,0.6285714285714286,0.7596638655462185,0.8411949685534592
449,13,53,3,8,0.8571428571428571,0.7827380952380952,0.9464285714285714,0.6190476190476191,0.905982905982906,0.6190476190476191,0.9464285714285714,0.7027027027027027,0.8043428043428044,0.8307823129251701
450,16,44,5,12,0.7792207792207793,0.7346938775510203,0.8979591836734694,0.5714285714285714,0.8380952380952381,0.5714285714285714,0.8979591836734694,0.6530612244897959,0.745578231292517,0.8411078717201167
451,16,49,1,11,0.8441558441558441,0.7862962962962963,0.98,0.5925925925925926,0.8909090909090909,0.5925925925925926,0.98,0.7272727272727273,0.8090909090909091,0.8888888888888888
452,14,54,2,7,0.8831168831168831,0.8154761904761905,0.9642857142857143,0.6666666666666666,0.9230769230769231,0.6666666666666666,0.9642857142857143,0.7567567567567568,0.83991683991684,0.8911564625850339
453,12,52,3,10,0.8311688311688312,0.7454545454545454,0.9454545454545454,0.5454545454545454,0.8888888888888888,0.5454545454545454,0.9454545454545454,0.6486486486486487,0.7687687687687688,0.8057851239669421
454,15,51,2,9,0.8571428571428571,0.7936320754716981,0.9622641509433962,0.625,0.9026548672566371,0.625,0.9622641509433962,0.7317073170731707,0.8171810921649039,0.8828616352201257
455,14,49,4,10,0.8181818181818182,0.753930817610063,0.9245283018867925,0.5833333333333334,0.875,0.5833333333333334,0.9245283018867925,0.6666666666666666,0.7708333333333333,0.8238993710691824
456,7,56,6,8,0.8181818181818182,0.6849462365591398,0.9032258064516129,0.4666666666666667,0.8888888888888888,0.4666666666666667,0.9032258064516129,0.5,0.6944444444444444,0.8870967741935484
457,12,53,2,10,0.8441558441558441,0.7545454545454545,0.9636363636363636,0.5454545454545454,0.8983050847457628,0.5454545454545454,0.9636363636363636,0.6666666666666666,0.7824858757062148,0.8595041322314049
458,17,53,2,5,0.9090909090909091,0.8681818181818182,0.9636363636363636,0.7727272727272727,0.9380530973451328,0.7727272727272727,0.9636363636363636,0.8292682926829268,0.8836606950140298,0.9239669421487603
459,12,50,4,11,0.8051948051948052,0.7238325281803543,0.9259259259259259,0.5217391304347826,0.8695652173913043,0.5217391304347826,0.9259259259259259,0.6153846153846154,0.7424749163879598,0.7777777777777777
460,12,55,3,7,0.8701298701298701,0.7899274047186933,0.9482758620689655,0.631578947368421,0.9166666666666666,0.631578947368421,0.9482758620689655,0.7058823529411765,0.8112745098039216,0.8230490018148819
461,15,50,1,11,0.8441558441558441,0.7786576168929109,0.9803921568627451,0.5769230769230769,0.8928571428571429,0.5769230769230769,0.9803921568627451,0.7142857142857143,0.8035714285714286,0.8665158371040724
462,9,57,3,8,0.8571428571428571,0.7397058823529412,0.95,0.5294117647058824,0.912,0.5294117647058824,0.95,0.6206896551724138,0.7663448275862069,0.8892156862745098
463,9,58,2,8,0.8701298701298701,0.7480392156862745,0.9666666666666667,0.5294117647058824,0.9206349206349206,0.5294117647058824,0.9666666666666667,0.6428571428571429,0.7817460317460317,0.8254901960784313
464,18,51,2,6,0.8961038961038961,0.8561320754716981,0.9622641509433962,0.75,0.9272727272727272,0.75,0.9622641509433962,0.8181818181818182,0.8727272727272728,0.9009433962264152
465,15,50,3,9,0.8441558441558441,0.7841981132075472,0.9433962264150944,0.625,0.8928571428571429,0.625,0.9433962264150944,0.7142857142857143,0.8035714285714286,0.8828616352201258
466,5,59,4,9,0.8311688311688312,0.6468253968253969,0.9365079365079365,0.35714285714285715,0.9007633587786259,0.35714285714285715,0.9365079365079365,0.43478260869565216,0.667772983737139,0.7585034013605443
467,13,54,1,9,0.8701298701298701,0.7863636363636364,0.9818181818181818,0.5909090909090909,0.9152542372881356,0.5909090909090909,0.9818181818181818,0.7222222222222222,0.8187382297551788,0.9338842975206612
468,9,53,5,10,0.8051948051948052,0.6937386569872959,0.9137931034482759,0.47368421052631576,0.8760330578512396,0.47368421052631576,0.9137931034482759,0.5454545454545454,0.7107438016528925,0.7431941923774955
469,18,50,2,7,0.8831168831168831,0.8407692307692307,0.9615384615384616,0.72,0.9174311926605505,0.72,0.9615384615384616,0.8,0.8587155963302753,0.9238461538461538
470,20,46,2,9,0.8571428571428571,0.8239942528735633,0.9583333333333334,0.6896551724137931,0.8932038834951457,0.6896551724137931,0.9583333333333334,0.7843137254901961,0.8387588044926708,0.8498563218390804
471,15,49,4,9,0.8311688311688312,0.7747641509433962,0.9245283018867925,0.625,0.8828828828828829,0.625,0.9245283018867925,0.6976744186046512,0.790278650743767,0.8553459119496855
472,13,53,1,10,0.8571428571428571,0.7733494363929146,0.9814814814814815,0.5652173913043478,0.905982905982906,0.5652173913043478,0.9814814814814815,0.7027027027027027,0.8043428043428044,0.8542673107890499
473,13,56,1,7,0.8961038961038961,0.8162280701754385,0.9824561403508771,0.65,0.9333333333333333,0.65,0.9824561403508771,0.7647058823529411,0.8490196078431372,0.9333333333333335
474,17,52,3,5,0.8961038961038961,0.8590909090909091,0.9454545454545454,0.7727272727272727,0.9285714285714286,0.7727272727272727,0.9454545454545454,0.8095238095238095,0.8690476190476191,0.8859504132231405
475,8,56,3,10,0.8311688311688312,0.6967984934086628,0.9491525423728814,0.4444444444444444,0.896,0.4444444444444444,0.9491525423728814,0.5517241379310345,0.7238620689655173,0.7900188323917138
476,13,55,1,8,0.8831168831168831,0.8005952380952381,0.9821428571428571,0.6190476190476191,0.9243697478991597,0.6190476190476191,0.9821428571428571,0.7428571428571429,0.8336134453781513,0.8937074829931974
477,13,52,2,10,0.8441558441558441,0.7640901771336553,0.9629629629629629,0.5652173913043478,0.896551724137931,0.5652173913043478,0.9629629629629629,0.6842105263157895,0.7903811252268602,0.8027375201288245
478,15,49,5,8,0.8311688311688312,0.7797906602254429,0.9074074074074074,0.6521739130434783,0.8828828828828829,0.6521739130434783,0.9074074074074074,0.6976744186046512,0.790278650743767,0.7962962962962963
479,15,44,6,12,0.7662337662337663,0.7177777777777778,0.88,0.5555555555555556,0.8301886792452831,0.5555555555555556,0.88,0.625,0.7275943396226415,0.8185185185185185
480,18,49,2,8,0.8701298701298701,0.8265460030165912,0.9607843137254902,0.6923076923076923,0.9074074074074074,0.6923076923076923,0.9607843137254902,0.782608695652174,0.8450080515297906,0.8552036199095022
481,10,54,3,10,0.8311688311688312,0.7236842105263157,0.9473684210526315,0.5,0.8925619834710744,0.5,0.9473684210526315,0.6060606060606061,0.7493112947658402,0.8605263157894737
482,11,54,5,7,0.8441558441558441,0.7631826741996234,0.9152542372881356,0.6111111111111112,0.9,0.6111111111111112,0.9152542372881356,0.6470588235294118,0.7735294117647059,0.8540489642184558
483,16,51,3,7,0.8701298701298701,0.8200483091787439,0.9444444444444444,0.6956521739130435,0.9107142857142857,0.6956521739130435,0.9444444444444444,0.7619047619047619,0.8363095238095237,0.8784219001610306
484,8,55,3,11,0.8181818181818182,0.6846642468239564,0.9482758620689655,0.42105263157894735,0.8870967741935484,0.42105263157894735,0.9482758620689655,0.5333333333333333,0.7102150537634409,0.7459165154264973
485,12,49,6,10,0.7922077922077922,0.7181818181818181,0.8909090909090909,0.5454545454545454,0.8596491228070176,0.5454545454545454,0.8909090909090909,0.6,0.7298245614035088,0.8446280991735537
486,11,56,5,5,0.8701298701298701,0.802766393442623,0.9180327868852459,0.6875,0.9180327868852459,0.6875,0.9180327868852459,0.6875,0.802766393442623,0.9067622950819672
487,15,50,3,9,0.8441558441558441,0.7841981132075472,0.9433962264150944,0.625,0.8928571428571429,0.625,0.9433962264150944,0.7142857142857143,0.8035714285714286,0.845125786163522
488,14,48,4,11,0.8051948051948052,0.7415384615384616,0.9230769230769231,0.56,0.8648648648648649,0.56,0.9230769230769231,0.6511627906976745,0.7580138277812697,0.7623076923076924
489,14,53,1,9,0.8701298701298701,0.7950885668276972,0.9814814814814815,0.6086956521739131,0.9137931034482759,0.6086956521739131,0.9814814814814815,0.7368421052631579,0.8253176043557169,0.8607085346215781
490,14,50,5,8,0.8311688311688312,0.7727272727272727,0.9090909090909091,0.6363636363636364,0.8849557522123894,0.6363636363636364,0.9090909090909091,0.6829268292682927,0.7839412907403411,0.815702479338843
491,8,49,4,16,0.7402597402597403,0.6289308176100629,0.9245283018867925,0.3333333333333333,0.8305084745762712,0.3333333333333333,0.9245283018867925,0.4444444444444444,0.6374764595103578,0.679245283018868
492,18,47,4,8,0.8441558441558441,0.8069381598793364,0.9215686274509803,0.6923076923076923,0.8867924528301887,0.6923076923076923,0.9215686274509803,0.75,0.8183962264150944,0.8755656108597285
493,13,50,2,12,0.8181818181818182,0.7407692307692308,0.9615384615384616,0.52,0.8771929824561403,0.52,0.9615384615384616,0.65,0.7635964912280702,0.8707692307692307
494,12,55,5,5,0.8701298701298701,0.8112745098039216,0.9166666666666666,0.7058823529411765,0.9166666666666666,0.7058823529411765,0.9166666666666666,0.7058823529411765,0.8112745098039216,0.8274509803921568
495,12,51,7,7,0.8181818181818182,0.7554446460980035,0.8793103448275862,0.631578947368421,0.8793103448275862,0.631578947368421,0.8793103448275862,0.631578947368421,0.7554446460980035,0.7876588021778584
496,11,55,2,9,0.8571428571428571,0.7574561403508773,0.9649122807017544,0.55,0.9090909090909091,0.55,0.9649122807017544,0.6666666666666666,0.7878787878787878,0.8350877192982457
497,9,60,1,7,0.8961038961038961,0.7730532786885246,0.9836065573770492,0.5625,0.9375,0.5625,0.9836065573770492,0.6923076923076923,0.8149038461538461,0.9497950819672131
498,13,47,3,14,0.7792207792207793,0.7107407407407407,0.94,0.48148148148148145,0.8468468468468469,0.48148148148148145,0.94,0.6046511627906976,0.7257490048187722,0.8651851851851853
499,11,56,3,7,0.8701298701298701,0.7801318267419963,0.9491525423728814,0.6111111111111112,0.9180327868852459,0.6111111111111112,0.9491525423728814,0.6875,0.802766393442623,0.8606403013182675
500,17,45,3,12,0.8051948051948052,0.7618534482758621,0.9375,0.5862068965517241,0.8571428571428571,0.5862068965517241,0.9375,0.6938775510204082,0.7755102040816326,0.8261494252873564
501,8,55,2,12,0.8181818181818182,0.6824561403508772,0.9649122807017544,0.4,0.8870967741935484,0.4,0.9649122807017544,0.5333333333333333,0.7102150537634409,0.7815789473684212
502,9,57,0,11,0.8571428571428571,0.725,1.0,0.45,0.912,0.45,1.0,0.6206896551724138,0.7663448275862069,0.85
503,5,61,3,8,0.8571428571428571,0.6688701923076923,0.953125,0.38461538461538464,0.9172932330827067,0.38461538461538464,0.953125,0.47619047619047616,0.6967418546365914,0.7764423076923077
504,14,51,5,7,0.8441558441558441,0.7886904761904762,0.9107142857142857,0.6666666666666666,0.8947368421052632,0.6666666666666666,0.9107142857142857,0.7,0.7973684210526315,0.8511904761904762
505,16,46,6,9,0.8051948051948052,0.7623076923076924,0.8846153846153846,0.64,0.8598130841121495,0.64,0.8846153846153846,0.6808510638297872,0.7703320739709684,0.86
506,9,48,4,16,0.7402597402597403,0.6415384615384616,0.9230769230769231,0.36,0.8275862068965517,0.36,0.9230769230769231,0.47368421052631576,0.6506352087114338,0.7684615384615385
507,20,50,3,4,0.9090909090909091,0.8883647798742138,0.9433962264150944,0.8333333333333334,0.9345794392523364,0.8333333333333334,0.9433962264150944,0.851063829787234,0.8928216345197852,0.9622641509433962
508,10,58,3,6,0.8831168831168831,0.7879098360655737,0.9508196721311475,0.625,0.928,0.625,0.9508196721311475,0.6896551724137931,0.8088275862068965,0.8360655737704917
509,18,52,1,6,0.9090909090909091,0.8655660377358491,0.9811320754716981,0.75,0.9369369369369369,0.75,0.9811320754716981,0.8372093023255814,0.8870731196312591,0.8915094339622642
510,15,56,0,6,0.922077922077922,0.8571428571428572,1.0,0.7142857142857143,0.9491525423728814,0.7142857142857143,1.0,0.8333333333333334,0.8912429378531074,0.9379251700680272
511,13,53,1,10,0.8571428571428571,0.7733494363929146,0.9814814814814815,0.5652173913043478,0.905982905982906,0.5652173913043478,0.9814814814814815,0.7027027027027027,0.8043428043428044,0.8969404186795491
512,13,50,5,9,0.8181818181818182,0.75,0.9090909090909091,0.5909090909090909,0.8771929824561403,0.5909090909090909,0.9090909090909091,0.65,0.7635964912280702,0.8471074380165289
513,10,46,6,15,0.7272727272727273,0.6423076923076922,0.8846153846153846,0.4,0.8141592920353983,0.4,0.8846153846153846,0.4878048780487805,0.6509820850420893,0.8176923076923077
514,16,48,2,11,0.8311688311688312,0.7762962962962963,0.96,0.5925925925925926,0.8807339449541285,0.5925925925925926,0.96,0.7111111111111111,0.7959225280326199,0.8237037037037037
515,14,55,0,8,0.8961038961038961,0.8181818181818181,1.0,0.6363636363636364,0.9322033898305084,0.6363636363636364,1.0,0.7777777777777778,0.8549905838041432,0.8851239669421488
516,13,53,2,9,0.8571428571428571,0.7772727272727273,0.9636363636363636,0.5909090909090909,0.905982905982906,0.5909090909090909,0.9636363636363636,0.7027027027027027,0.8043428043428044,0.8611570247933884
517,11,56,3,7,0.8701298701298701,0.7801318267419963,0.9491525423728814,0.6111111111111112,0.9180327868852459,0.6111111111111112,0.9491525423728814,0.6875,0.802766393442623,0.8389830508474576
518,14,55,2,6,0.8961038961038961,0.8324561403508772,0.9649122807017544,0.7,0.9322033898305084,0.7,0.9649122807017544,0.7777777777777778,0.8549905838041432,0.8771929824561405
519,8,62,3,4,0.9090909090909091,0.8102564102564103,0.9538461538461539,0.6666666666666666,0.9465648854961832,0.6666666666666666,0.9538461538461539,0.6956521739130435,0.8211085297046133,0.8833333333333334
520,10,54,6,7,0.8311688311688312,0.7441176470588236,0.9,0.5882352941176471,0.8925619834710744,0.5882352941176471,0.9,0.6060606060606061,0.7493112947658402,0.8833333333333333
521,18,42,5,12,0.7792207792207793,0.7468085106382978,0.8936170212765957,0.6,0.8316831683168316,0.6,0.8936170212765957,0.6792452830188679,0.7554642256678498,0.8141843971631205
522,9,56,4,8,0.8441558441558441,0.7313725490196079,0.9333333333333333,0.5294117647058824,0.9032258064516129,0.5294117647058824,0.9333333333333333,0.6,0.7516129032258064,0.7186274509803922
523,5,59,3,10,0.8311688311688312,0.6424731182795699,0.9516129032258065,0.3333333333333333,0.9007633587786259,0.3333333333333333,0.9516129032258065,0.43478260869565216,0.667772983737139,0.6655913978494623
524,15,50,2,10,0.8441558441558441,0.7807692307692308,0.9615384615384616,0.6,0.8928571428571429,0.6,0.9615384615384616,0.7142857142857143,0.8035714285714286,0.8707692307692307
525,13,49,5,10,0.8051948051948052,0.7363123993558776,0.9074074074074074,0.5652173913043478,0.8672566371681416,0.5652173913043478,0.9074074074074074,0.6341463414634146,0.7507014893157782,0.8180354267310789
526,8,54,4,11,0.8051948051948052,0.676043557168784,0.9310344827586207,0.42105263157894735,0.8780487804878049,0.42105263157894735,0.9310344827586207,0.5161290322580645,0.6970889063729346,0.808529945553539
527,16,51,4,6,0.8701298701298701,0.8272727272727273,0.9272727272727272,0.7272727272727273,0.9107142857142857,0.7272727272727273,0.9272727272727272,0.7619047619047619,0.8363095238095237,0.8826446280991735
528,13,49,3,12,0.8051948051948052,0.7311538461538462,0.9423076923076923,0.52,0.8672566371681416,0.52,0.9423076923076923,0.6341463414634146,0.7507014893157782,0.8092307692307692
529,17,47,4,9,0.8311688311688312,0.7877073906485671,0.9215686274509803,0.6538461538461539,0.8785046728971962,0.6538461538461539,0.9215686274509803,0.723404255319149,0.8009544641081726,0.7926093514328808
530,16,51,2,8,0.8701298701298701,0.8144654088050314,0.9622641509433962,0.6666666666666666,0.9107142857142857,0.6666666666666666,0.9622641509433962,0.7619047619047619,0.8363095238095237,0.8718553459119497
531,6,59,2,10,0.8441558441558441,0.6711065573770492,0.9672131147540983,0.375,0.9076923076923077,0.375,0.9672131147540983,0.5,0.7038461538461538,0.8217213114754098
532,12,59,1,5,0.922077922077922,0.8446078431372549,0.9833333333333333,0.7058823529411765,0.9516129032258065,0.7058823529411765,0.9833333333333333,0.8,0.8758064516129033,0.9470588235294117
533,13,53,4,7,0.8571428571428571,0.7899122807017545,0.9298245614035088,0.65,0.905982905982906,0.65,0.9298245614035088,0.7027027027027027,0.8043428043428044,0.8052631578947368
534,14,57,1,5,0.922077922077922,0.8598003629764065,0.9827586206896551,0.7368421052631579,0.95,0.7368421052631579,0.9827586206896551,0.8235294117647058,0.8867647058823529,0.9464609800362975
535,13,50,3,11,0.8181818181818182,0.7425314465408805,0.9433962264150944,0.5416666666666666,0.8771929824561403,0.5416666666666666,0.9433962264150944,0.65,0.7635964912280702,0.7696540880503144
536,10,50,7,10,0.7792207792207793,0.6885964912280702,0.8771929824561403,0.5,0.8547008547008547,0.5,0.8771929824561403,0.5405405405405406,0.6976206976206976,0.8052631578947369
537,11,63,1,2,0.961038961038961,0.9152644230769231,0.984375,0.8461538461538461,0.9767441860465116,0.8461538461538461,0.984375,0.88,0.9283720930232557,0.96875
538,7,63,2,5,0.9090909090909091,0.7762820512820513,0.9692307692307692,0.5833333333333334,0.9473684210526315,0.5833333333333334,0.9692307692307692,0.6666666666666666,0.8070175438596491,0.8833333333333332
539,14,55,1,7,0.8961038961038961,0.8244047619047619,0.9821428571428571,0.6666666666666666,0.9322033898305084,0.6666666666666666,0.9821428571428571,0.7777777777777778,0.8549905838041432,0.8996598639455782
540,6,59,6,6,0.8441558441558441,0.7038461538461538,0.9076923076923077,0.5,0.9076923076923077,0.5,0.9076923076923077,0.5,0.7038461538461538,0.8371794871794871
541,11,57,2,7,0.8831168831168831,0.7886064030131827,0.9661016949152542,0.6111111111111112,0.926829268292683,0.6111111111111112,0.9661016949152542,0.7096774193548387,0.8182533438237609,0.8728813559322034
542,12,54,4,7,0.8571428571428571,0.7813067150635209,0.9310344827586207,0.631578947368421,0.907563025210084,0.631578947368421,0.9310344827586207,0.6857142857142857,0.7966386554621849,0.8938294010889292
543,12,53,2,10,0.8441558441558441,0.7545454545454545,0.9636363636363636,0.5454545454545454,0.8983050847457628,0.5454545454545454,0.9636363636363636,0.6666666666666666,0.7824858757062148,0.8776859504132231
544,13,54,1,9,0.8701298701298701,0.7863636363636364,0.9818181818181818,0.5909090909090909,0.9152542372881356,0.5909090909090909,0.9818181818181818,0.7222222222222222,0.8187382297551788,0.8421487603305785
545,5,57,4,11,0.8051948051948052,0.6234631147540983,0.9344262295081968,0.3125,0.8837209302325582,0.3125,0.9344262295081968,0.4,0.6418604651162791,0.7879098360655737
546,11,58,2,6,0.8961038961038961,0.8068627450980392,0.9666666666666667,0.6470588235294118,0.9354838709677419,0.6470588235294118,0.9666666666666667,0.7333333333333333,0.8344086021505376,0.9058823529411765
547,13,48,5,11,0.7922077922077922,0.7236635220125787,0.9056603773584906,0.5416666666666666,0.8571428571428571,0.5416666666666666,0.9056603773584906,0.6190476190476191,0.7380952380952381,0.7507861635220126
548,13,56,2,6,0.8961038961038961,0.8248638838475499,0.9655172413793104,0.6842105263157895,0.9333333333333333,0.6842105263157895,0.9655172413793104,0.7647058823529411,0.8490196078431372,0.9165154264972776
549,15,49,3,10,0.8311688311688312,0.7711538461538461,0.9423076923076923,0.6,0.8828828828828829,0.6,0.9423076923076923,0.6976744186046512,0.790278650743767,0.8200000000000001
550,10,56,2,9,0.8571428571428571,0.7459165154264973,0.9655172413793104,0.5263157894736842,0.9105691056910569,0.5263157894736842,0.9655172413793104,0.6451612903225806,0.7778651980068187,0.852994555353902
551,12,48,0,17,0.7792207792207793,0.7068965517241379,1.0,0.41379310344827586,0.8495575221238938,0.41379310344827586,1.0,0.5853658536585366,0.7174616878912152,0.8556034482758621
552,10,55,4,8,0.8441558441558441,0.743879472693032,0.9322033898305084,0.5555555555555556,0.9016393442622951,0.5555555555555556,0.9322033898305084,0.625,0.7633196721311475,0.8305084745762712
553,16,54,2,5,0.9090909090909091,0.8630952380952381,0.9642857142857143,0.7619047619047619,0.9391304347826087,0.7619047619047619,0.9642857142857143,0.8205128205128205,0.8798216276477147,0.9056122448979592
554,9,57,3,8,0.8571428571428571,0.7397058823529412,0.95,0.5294117647058824,0.912,0.5294117647058824,0.95,0.6206896551724138,0.7663448275862069,0.8098039215686275
555,14,49,5,9,0.8181818181818182,0.7580515297906603,0.9074074074074074,0.6086956521739131,0.875,0.6086956521739131,0.9074074074074074,0.6666666666666666,0.7708333333333333,0.8446054750402577
556,15,51,3,8,0.8571428571428571,0.7983091787439613,0.9444444444444444,0.6521739130434783,0.9026548672566371,0.6521739130434783,0.9444444444444444,0.7317073170731707,0.8171810921649039,0.8840579710144928
557,11,52,6,8,0.8181818181818182,0.7377495462794919,0.896551724137931,0.5789473684210527,0.8813559322033898,0.5789473684210527,0.896551724137931,0.6111111111111112,0.7462335216572504,0.8103448275862069
558,13,49,5,10,0.8051948051948052,0.7363123993558776,0.9074074074074074,0.5652173913043478,0.8672566371681416,0.5652173913043478,0.9074074074074074,0.6341463414634146,0.7507014893157782,0.7640901771336553
559,12,52,3,10,0.8311688311688312,0.7454545454545454,0.9454545454545454,0.5454545454545454,0.8888888888888888,0.5454545454545454,0.9454545454545454,0.6486486486486487,0.7687687687687688,0.8074380165289256
560,19,47,2,9,0.8571428571428571,0.8188775510204082,0.9591836734693877,0.6785714285714286,0.8952380952380953,0.6785714285714286,0.9591836734693877,0.7755102040816326,0.8353741496598639,0.9067055393586005
561,9,56,3,9,0.8441558441558441,0.7245762711864407,0.9491525423728814,0.5,0.9032258064516129,0.5,0.9491525423728814,0.6,0.7516129032258064,0.7956685499058381
562,10,53,5,9,0.8181818181818182,0.72005444646098,0.9137931034482759,0.5263157894736842,0.8833333333333333,0.5263157894736842,0.9137931034482759,0.5882352941176471,0.7357843137254902,0.8157894736842106
563,18,54,3,2,0.935064935064935,0.9236842105263158,0.9473684210526315,0.9,0.9557522123893806,0.9,0.9473684210526315,0.8780487804878049,0.9169004964385927,0.9254385964912281
564,9,60,1,7,0.8961038961038961,0.7730532786885246,0.9836065573770492,0.5625,0.9375,0.5625,0.9836065573770492,0.6923076923076923,0.8149038461538461,0.8801229508196721
565,12,57,1,7,0.8961038961038961,0.807168784029038,0.9827586206896551,0.631578947368421,0.9344262295081968,0.631578947368421,0.9827586206896551,0.75,0.8422131147540983,0.9029038112522686
566,12,52,3,10,0.8311688311688312,0.7454545454545454,0.9454545454545454,0.5454545454545454,0.8888888888888888,0.5454545454545454,0.9454545454545454,0.6486486486486487,0.7687687687687688,0.8611570247933885
567,10,58,1,8,0.8831168831168831,0.7693032015065914,0.9830508474576272,0.5555555555555556,0.928,0.5555555555555556,0.9830508474576272,0.6896551724137931,0.8088275862068965,0.8361581920903955
568,9,60,3,5,0.8961038961038961,0.7976190476190477,0.9523809523809523,0.6428571428571429,0.9375,0.6428571428571429,0.9523809523809523,0.6923076923076923,0.8149038461538461,0.7959183673469388
569,13,54,1,9,0.8701298701298701,0.7863636363636364,0.9818181818181818,0.5909090909090909,0.9152542372881356,0.5909090909090909,0.9818181818181818,0.7222222222222222,0.8187382297551788,0.8999999999999999
570,10,58,2,7,0.8831168831168831,0.7774509803921569,0.9666666666666667,0.5882352941176471,0.928,0.5882352941176471,0.9666666666666667,0.6896551724137931,0.8088275862068965,0.865686274509804
571,10,51,1,15,0.7922077922077922,0.6903846153846154,0.9807692307692307,0.4,0.864406779661017,0.4,0.9807692307692307,0.5555555555555556,0.7099811676082863,0.8215384615384616
572,11,47,4,15,0.7532467532467533,0.6723227752639517,0.9215686274509803,0.4230769230769231,0.831858407079646,0.4230769230769231,0.9215686274509803,0.5365853658536586,0.6842218864666523,0.7812971342383107
573,9,60,0,8,0.8961038961038961,0.7647058823529411,1.0,0.5294117647058824,0.9375,0.5294117647058824,1.0,0.6923076923076923,0.8149038461538461,0.8519607843137255
574,12,54,4,7,0.8571428571428571,0.7813067150635209,0.9310344827586207,0.631578947368421,0.907563025210084,0.631578947368421,0.9310344827586207,0.6857142857142857,0.7966386554621849,0.9038112522686025
575,12,51,3,11,0.8181818181818182,0.7330917874396135,0.9444444444444444,0.5217391304347826,0.8793103448275862,0.5217391304347826,0.9444444444444444,0.631578947368421,0.7554446460980035,0.7745571658615137
576,7,53,3,14,0.7792207792207793,0.6398809523809523,0.9464285714285714,0.3333333333333333,0.8617886178861789,0.3333333333333333,0.9464285714285714,0.45161290322580644,0.6567007605559927,0.6845238095238095
577,9,53,4,11,0.8051948051948052,0.6899122807017544,0.9298245614035088,0.45,0.8760330578512396,0.45,0.9298245614035088,0.5454545454545454,0.7107438016528925,0.7973684210526315
578,18,40,4,15,0.7532467532467533,0.7272727272727273,0.9090909090909091,0.5454545454545454,0.8080808080808081,0.5454545454545454,0.9090909090909091,0.6545454545454545,0.7313131313131314,0.7775482093663912
579,10,57,3,7,0.8701298701298701,0.7691176470588235,0.95,0.5882352941176471,0.9193548387096774,0.5882352941176471,0.95,0.6666666666666666,0.793010752688172,0.8186274509803922
580,15,46,4,12,0.7922077922077922,0.7377777777777779,0.92,0.5555555555555556,0.8518518518518519,0.5555555555555556,0.92,0.6521739130434783,0.7520128824476651,0.8096296296296296
581,13,50,5,9,0.8181818181818182,0.75,0.9090909090909091,0.5909090909090909,0.8771929824561403,0.5909090909090909,0.9090909090909091,0.65,0.7635964912280702,0.8256198347107438
582,11,60,1,5,0.922077922077922,0.8355532786885246,0.9836065573770492,0.6875,0.9523809523809523,0.6875,0.9836065573770492,0.7857142857142857,0.8690476190476191,0.9282786885245901
583,8,59,3,7,0.8701298701298701,0.7424731182795699,0.9516129032258065,0.5333333333333333,0.921875,0.5333333333333333,0.9516129032258065,0.6153846153846154,0.7686298076923077,0.8150537634408602
584,8,52,3,14,0.7792207792207793,0.6545454545454545,0.9454545454545454,0.36363636363636365,0.859504132231405,0.36363636363636365,0.9454545454545454,0.48484848484848486,0.6721763085399449,0.743801652892562
585,21,46,5,5,0.8701298701298701,0.8548265460030167,0.9019607843137255,0.8076923076923077,0.9019607843137255,0.8076923076923077,0.9019607843137255,0.8076923076923077,0.8548265460030167,0.9004524886877828
586,11,55,1,10,0.8571428571428571,0.7529761904761905,0.9821428571428571,0.5238095238095238,0.9090909090909091,0.5238095238095238,0.9821428571428571,0.6666666666666666,0.7878787878787878,0.8061224489795918
587,8,58,4,7,0.8571428571428571,0.7344086021505376,0.9354838709677419,0.5333333333333333,0.9133858267716536,0.5333333333333333,0.9354838709677419,0.5925925925925926,0.7529892096821231,0.8376344086021505
588,16,47,5,9,0.8181818181818182,0.7719230769230769,0.9038461538461539,0.64,0.8703703703703703,0.64,0.9038461538461539,0.6956521739130435,0.7830112721417068,0.8807692307692307
589,15,52,3,7,0.8701298701298701,0.8136363636363636,0.9454545454545454,0.6818181818181818,0.9122807017543859,0.6818181818181818,0.9454545454545454,0.75,0.831140350877193,0.8768595041322313
590,11,53,5,8,0.8311688311688312,0.7463702359346642,0.9137931034482759,0.5789473684210527,0.8907563025210085,0.5789473684210527,0.9137931034482759,0.6285714285714286,0.7596638655462185,0.7586206896551724
591,6,56,4,11,0.8051948051948052,0.6431372549019608,0.9333333333333333,0.35294117647058826,0.8818897637795275,0.35294117647058826,0.9333333333333333,0.4444444444444444,0.663167104111986,0.6735294117647058
592,12,56,2,7,0.8831168831168831,0.7985480943738656,0.9655172413793104,0.631578947368421,0.9256198347107438,0.631578947368421,0.9655172413793104,0.7272727272727273,0.8264462809917356,0.9001814882032668
593,13,54,2,8,0.8701298701298701,0.7916666666666667,0.9642857142857143,0.6190476190476191,0.9152542372881356,0.6190476190476191,0.9642857142857143,0.7222222222222222,0.8187382297551788,0.8324829931972789
594,15,54,1,7,0.8961038961038961,0.8318181818181818,0.9818181818181818,0.6818181818181818,0.9310344827586207,0.6818181818181818,0.9818181818181818,0.7894736842105263,0.8602540834845736,0.8165289256198347
595,19,50,4,4,0.8961038961038961,0.8760064412238325,0.9259259259259259,0.8260869565217391,0.9259259259259259,0.8260869565217391,0.9259259259259259,0.8260869565217391,0.8760064412238325,0.8647342995169083
596,6,62,3,6,0.8831168831168831,0.726923076923077,0.9538461538461539,0.5,0.9323308270676691,0.5,0.9538461538461539,0.5714285714285714,0.7518796992481203,0.7564102564102565
597,10,50,4,13,0.7792207792207793,0.6803542673107891,0.9259259259259259,0.43478260869565216,0.8547008547008547,0.43478260869565216,0.9259259259259259,0.5405405405405406,0.6976206976206976,0.7230273752012882
598,6,59,7,5,0.8441558441558441,0.7196969696969697,0.8939393939393939,0.5454545454545454,0.9076923076923077,0.5454545454545454,0.8939393939393939,0.5,0.7038461538461538,0.731404958677686
599,13,52,3,9,0.8441558441558441,0.7681818181818182,0.9454545454545454,0.5909090909090909,0.896551724137931,0.5909090909090909,0.9454545454545454,0.6842105263157895,0.7903811252268602,0.8446280991735537
600,17,47,4,9,0.8311688311688312,0.7877073906485671,0.9215686274509803,0.6538461538461539,0.8785046728971962,0.6538461538461539,0.9215686274509803,0.723404255319149,0.8009544641081726,0.8733031674208145
601,9,57,6,5,0.8571428571428571,0.7738095238095238,0.9047619047619048,0.6428571428571429,0.912,0.6428571428571429,0.9047619047619048,0.6206896551724138,0.7663448275862069,0.7993197278911565
602,12,54,5,6,0.8571428571428571,0.7909604519774012,0.9152542372881356,0.6666666666666666,0.907563025210084,0.6666666666666666,0.9152542372881356,0.6857142857142857,0.7966386554621849,0.8568738229755178
603,15,53,5,4,0.8831168831168831,0.8516333938294012,0.9137931034482759,0.7894736842105263,0.9217391304347826,0.7894736842105263,0.9137931034482759,0.7692307692307693,0.8454849498327759,0.8638838475499092
604,16,56,3,2,0.935064935064935,0.9190207156308852,0.9491525423728814,0.8888888888888888,0.9572649572649573,0.8888888888888888,0.9491525423728814,0.8648648648648649,0.9110649110649112,0.9274952919020716
605,15,45,2,15,0.7792207792207793,0.7287234042553192,0.9574468085106383,0.5,0.8411214953271028,0.5,0.9574468085106383,0.6382978723404256,0.7397096838337642,0.7780141843971632
606,11,55,4,7,0.8571428571428571,0.7716572504708098,0.9322033898305084,0.6111111111111112,0.9090909090909091,0.6111111111111112,0.9322033898305084,0.6666666666666666,0.7878787878787878,0.8785310734463277
607,10,52,6,9,0.8051948051948052,0.7114337568058076,0.896551724137931,0.5263157894736842,0.8739495798319328,0.5263157894736842,0.896551724137931,0.5714285714285714,0.7226890756302521,0.7168784029038112
608,15,53,2,7,0.8831168831168831,0.8227272727272728,0.9636363636363636,0.6818181818181818,0.9217391304347826,0.6818181818181818,0.9636363636363636,0.7692307692307693,0.8454849498327759,0.9462809917355371
609,5,59,4,9,0.8311688311688312,0.6468253968253969,0.9365079365079365,0.35714285714285715,0.9007633587786259,0.35714285714285715,0.9365079365079365,0.43478260869565216,0.667772983737139,0.8560090702947847
610,9,55,4,9,0.8311688311688312,0.7161016949152542,0.9322033898305084,0.5,0.8943089430894309,0.5,0.9322033898305084,0.5806451612903226,0.7374770521898768,0.884180790960452
611,7,56,3,11,0.8181818181818182,0.6690207156308852,0.9491525423728814,0.3888888888888889,0.8888888888888888,0.3888888888888889,0.9491525423728814,0.5,0.6944444444444444,0.760828625235405
612,11,52,3,11,0.8181818181818182,0.7227272727272727,0.9454545454545454,0.5,0.8813559322033898,0.5,0.9454545454545454,0.6111111111111112,0.7462335216572504,0.8396694214876034
613,14,54,5,4,0.8831168831168831,0.8465160075329567,0.9152542372881356,0.7777777777777778,0.9230769230769231,0.7777777777777778,0.9152542372881356,0.7567567567567568,0.83991683991684,0.8898305084745762
614,9,54,0,14,0.8181818181818182,0.6956521739130435,1.0,0.391304347826087,0.8852459016393442,0.391304347826087,1.0,0.5625,0.7238729508196722,0.9114331723027375
615,12,52,3,10,0.8311688311688312,0.7454545454545454,0.9454545454545454,0.5454545454545454,0.8888888888888888,0.5454545454545454,0.9454545454545454,0.6486486486486487,0.7687687687687688,0.8429752066115702
616,9,55,2,11,0.8311688311688312,0.7074561403508772,0.9649122807017544,0.45,0.8943089430894309,0.45,0.9649122807017544,0.5806451612903226,0.7374770521898768,0.7991228070175439
617,11,54,5,7,0.8441558441558441,0.7631826741996234,0.9152542372881356,0.6111111111111112,0.9,0.6111111111111112,0.9152542372881356,0.6470588235294118,0.7735294117647059,0.8163841807909604
618,11,54,4,8,0.8441558441558441,0.7549909255898366,0.9310344827586207,0.5789473684210527,0.9,0.5789473684210527,0.9310344827586207,0.6470588235294118,0.7735294117647059,0.8484573502722323
619,15,55,3,4,0.9090909090909091,0.8688747731397459,0.9482758620689655,0.7894736842105263,0.9401709401709402,0.7894736842105263,0.9482758620689655,0.8108108108108109,0.8754908754908755,0.9001814882032667
620,13,55,2,7,0.8831168831168831,0.8074561403508772,0.9649122807017544,0.65,0.9243697478991597,0.65,0.9649122807017544,0.7428571428571429,0.8336134453781513,0.9184210526315789
621,8,56,6,7,0.8311688311688312,0.7182795698924731,0.9032258064516129,0.5333333333333333,0.896,0.5333333333333333,0.9032258064516129,0.5517241379310345,0.7238620689655173,0.7634408602150539
622,16,45,1,15,0.7922077922077922,0.7471949509116409,0.9782608695652174,0.5161290322580645,0.8490566037735849,0.5161290322580645,0.9782608695652174,0.6666666666666666,0.7578616352201257,0.8464235624123422
623,13,52,4,8,0.8441558441558441,0.7738095238095238,0.9285714285714286,0.6190476190476191,0.896551724137931,0.6190476190476191,0.9285714285714286,0.6842105263157895,0.7903811252268602,0.8010204081632654
624,18,51,5,3,0.8961038961038961,0.8839285714285714,0.9107142857142857,0.8571428571428571,0.9272727272727272,0.8571428571428571,0.9107142857142857,0.8181818181818182,0.8727272727272728,0.9200680272108843
625,6,60,4,7,0.8571428571428571,0.6995192307692308,0.9375,0.46153846153846156,0.916030534351145,0.46153846153846156,0.9375,0.5217391304347826,0.7188848323929637,0.7235576923076923
626,14,50,5,8,0.8311688311688312,0.7727272727272727,0.9090909090909091,0.6363636363636364,0.8849557522123894,0.6363636363636364,0.9090909090909091,0.6829268292682927,0.7839412907403411,0.8652892561983471
627,5,60,2,10,0.8441558441558441,0.6505376344086021,0.967741935483871,0.3333333333333333,0.9090909090909091,0.3333333333333333,0.967741935483871,0.45454545454545453,0.6818181818181818,0.8279569892473118
628,13,57,4,3,0.9090909090909091,0.8734631147540983,0.9344262295081968,0.8125,0.9421487603305785,0.8125,0.9344262295081968,0.7878787878787878,0.8650137741046832,0.8924180327868853
629,9,59,1,8,0.8831168831168831,0.7563725490196078,0.9833333333333333,0.5294117647058824,0.9291338582677166,0.5294117647058824,0.9833333333333333,0.6666666666666666,0.7979002624671916,0.8970588235294118
630,17,45,3,12,0.8051948051948052,0.7618534482758621,0.9375,0.5862068965517241,0.8571428571428571,0.5862068965517241,0.9375,0.6938775510204082,0.7755102040816326,0.8433908045977011
631,11,52,4,10,0.8181818181818182,0.7261904761904763,0.9285714285714286,0.5238095238095238,0.8813559322033898,0.5238095238095238,0.9285714285714286,0.6111111111111112,0.7462335216572504,0.7857142857142857
632,14,52,2,9,0.8571428571428571,0.7858293075684379,0.9629629629629629,0.6086956521739131,0.9043478260869565,0.6086956521739131,0.9629629629629629,0.717948717948718,0.8111482720178372,0.8333333333333334
633,8,59,2,8,0.8701298701298701,0.7336065573770492,0.9672131147540983,0.5,0.921875,0.5,0.9672131147540983,0.6153846153846154,0.7686298076923077,0.728483606557377
634,10,53,5,9,0.8181818181818182,0.72005444646098,0.9137931034482759,0.5263157894736842,0.8833333333333333,0.5263157894736842,0.9137931034482759,0.5882352941176471,0.7357843137254902,0.7704174228675136
635,5,60,4,8,0.8441558441558441,0.6610576923076923,0.9375,0.38461538461538464,0.9090909090909091,0.38461538461538464,0.9375,0.45454545454545453,0.6818181818181818,0.7632211538461539
636,14,51,4,8,0.8441558441558441,0.7818181818181817,0.9272727272727272,0.6363636363636364,0.8947368421052632,0.6363636363636364,0.9272727272727272,0.7,0.7973684210526315,0.8090909090909091
637,12,54,3,8,0.8571428571428571,0.7736842105263158,0.9473684210526315,0.6,0.907563025210084,0.6,0.9473684210526315,0.6857142857142857,0.7966386554621849,0.9052631578947369
638,12,56,5,4,0.8831168831168831,0.834016393442623,0.9180327868852459,0.75,0.9256198347107438,0.75,0.9180327868852459,0.7272727272727273,0.8264462809917356,0.8350409836065573
639,14,51,2,10,0.8441558441558441,0.7727987421383649,0.9622641509433962,0.5833333333333334,0.8947368421052632,0.5833333333333334,0.9622641509433962,0.7,0.7973684210526315,0.8907232704402515
640,11,52,3,11,0.8181818181818182,0.7227272727272727,0.9454545454545454,0.5,0.8813559322033898,0.5,0.9454545454545454,0.6111111111111112,0.7462335216572504,0.8636363636363636
641,6,56,1,14,0.8051948051948052,0.6412280701754386,0.9824561403508771,0.3,0.8818897637795275,0.3,0.9824561403508771,0.4444444444444444,0.663167104111986,0.7842105263157895
642,11,57,0,9,0.8831168831168831,0.775,1.0,0.55,0.926829268292683,0.55,1.0,0.7096774193548387,0.8182533438237609,0.9166666666666666
643,16,44,6,11,0.7792207792207793,0.7362962962962962,0.88,0.5925925925925926,0.8380952380952381,0.5925925925925926,0.88,0.6530612244897959,0.745578231292517,0.7844444444444444
644,11,56,1,9,0.8701298701298701,0.7662280701754386,0.9824561403508771,0.55,0.9180327868852459,0.55,0.9824561403508771,0.6875,0.802766393442623,0.8350877192982457
645,12,47,2,16,0.7662337662337663,0.6938775510204082,0.9591836734693877,0.42857142857142855,0.8392857142857143,0.42857142857142855,0.9591836734693877,0.5714285714285714,0.7053571428571428,0.8411078717201166
646,12,52,0,13,0.8311688311688312,0.74,1.0,0.48,0.8888888888888888,0.48,1.0,0.6486486486486487,0.7687687687687688,0.8753846153846154
647,11,54,3,9,0.8441558441558441,0.7486842105263158,0.9473684210526315,0.55,0.9,0.55,0.9473684210526315,0.6470588235294118,0.7735294117647059,0.8324561403508771
648,14,52,3,8,0.8571428571428571,0.7909090909090909,0.9454545454545454,0.6363636363636364,0.9043478260869565,0.6363636363636364,0.9454545454545454,0.717948717948718,0.8111482720178372,0.8471074380165289
649,13,53,2,9,0.8571428571428571,0.7772727272727273,0.9636363636363636,0.5909090909090909,0.905982905982906,0.5909090909090909,0.9636363636363636,0.7027027027027027,0.8043428043428044,0.8752066115702479
650,7,58,1,11,0.8441558441558441,0.685969868173258,0.9830508474576272,0.3888888888888889,0.90625,0.3888888888888889,0.9830508474576272,0.5384615384615384,0.7223557692307692,0.9020715630885122
651,18,48,1,10,0.8571428571428571,0.8112244897959184,0.9795918367346939,0.6428571428571429,0.897196261682243,0.6428571428571429,0.9795918367346939,0.7659574468085106,0.8315768542453768,0.8163265306122448
652,13,51,4,9,0.8311688311688312,0.759090909090909,0.9272727272727272,0.5909090909090909,0.8869565217391304,0.5909090909090909,0.9272727272727272,0.6666666666666666,0.7768115942028986,0.8702479338842976
653,7,56,3,11,0.8181818181818182,0.6690207156308852,0.9491525423728814,0.3888888888888889,0.8888888888888888,0.3888888888888889,0.9491525423728814,0.5,0.6944444444444444,0.7664783427495292
654,9,58,3,7,0.8701298701298701,0.7566598360655737,0.9508196721311475,0.5625,0.9206349206349206,0.5625,0.9508196721311475,0.6428571428571429,0.7817460317460317,0.8401639344262295
655,11,54,1,11,0.8441558441558441,0.740909090909091,0.9818181818181818,0.5,0.9,0.5,0.9818181818181818,0.6470588235294118,0.7735294117647059,0.8553719008264463
656,9,59,1,8,0.8831168831168831,0.7563725490196078,0.9833333333333333,0.5294117647058824,0.9291338582677166,0.5294117647058824,0.9833333333333333,0.6666666666666666,0.7979002624671916,0.7784313725490196
657,11,56,1,9,0.8701298701298701,0.7662280701754386,0.9824561403508771,0.55,0.9180327868852459,0.55,0.9824561403508771,0.6875,0.802766393442623,0.7885964912280702
658,13,49,3,12,0.8051948051948052,0.7311538461538462,0.9423076923076923,0.52,0.8672566371681416,0.52,0.9423076923076923,0.6341463414634146,0.7507014893157782,0.8807692307692307
659,14,55,2,6,0.8961038961038961,0.8324561403508772,0.9649122807017544,0.7,0.9322033898305084,0.7,0.9649122807017544,0.7777777777777778,0.8549905838041432,0.8771929824561404
660,13,55,1,8,0.8831168831168831,0.8005952380952381,0.9821428571428571,0.6190476190476191,0.9243697478991597,0.6190476190476191,0.9821428571428571,0.7428571428571429,0.8336134453781513,0.8299319727891156
661,11,58,2,6,0.8961038961038961,0.8068627450980392,0.9666666666666667,0.6470588235294118,0.9354838709677419,0.6470588235294118,0.9666666666666667,0.7333333333333333,0.8344086021505376,0.8715686274509803
662,10,53,4,10,0.8181818181818182,0.7149122807017544,0.9298245614035088,0.5,0.8833333333333333,0.5,0.9298245614035088,0.5882352941176471,0.7357843137254902,0.8026315789473685
663,7,51,8,11,0.7532467532467533,0.626647834274953,0.864406779661017,0.3888888888888889,0.8429752066115702,0.3888888888888889,0.864406779661017,0.42424242424242425,0.6336088154269972,0.7015065913370999
664,11,55,4,7,0.8571428571428571,0.7716572504708098,0.9322033898305084,0.6111111111111112,0.9090909090909091,0.6111111111111112,0.9322033898305084,0.6666666666666666,0.7878787878787878,0.9369114877589454
665,8,56,2,11,0.8311688311688312,0.6932849364791289,0.9655172413793104,0.42105263157894735,0.896,0.42105263157894735,0.9655172413793104,0.5517241379310345,0.7238620689655173,0.7477313974591652
666,15,51,2,9,0.8571428571428571,0.7936320754716981,0.9622641509433962,0.625,0.9026548672566371,0.625,0.9622641509433962,0.7317073170731707,0.8171810921649039,0.8883647798742138
667,11,51,3,12,0.8051948051948052,0.711352657004831,0.9444444444444444,0.4782608695652174,0.8717948717948718,0.4782608695652174,0.9444444444444444,0.5945945945945946,0.7331947331947333,0.857487922705314
668,6,65,0,6,0.922077922077922,0.75,1.0,0.5,0.9558823529411765,0.5,1.0,0.6666666666666666,0.8112745098039216,0.8717948717948718
669,15,51,4,7,0.8571428571428571,0.8045454545454545,0.9272727272727272,0.6818181818181818,0.9026548672566371,0.6818181818181818,0.9272727272727272,0.7317073170731707,0.8171810921649039,0.9057851239669421
670,15,49,2,11,0.8311688311688312,0.7688536953242835,0.9607843137254902,0.5769230769230769,0.8828828828828829,0.5769230769230769,0.9607843137254902,0.6976744186046512,0.790278650743767,0.9004524886877829
671,12,48,5,12,0.7792207792207793,0.7028301886792453,0.9056603773584906,0.5,0.8495575221238938,0.5,0.9056603773584906,0.5853658536585366,0.7174616878912152,0.7562893081761006
672,13,54,3,7,0.8701298701298701,0.7986842105263158,0.9473684210526315,0.65,0.9152542372881356,0.65,0.9473684210526315,0.7222222222222222,0.8187382297551788,0.8736842105263157
673,12,54,4,7,0.8571428571428571,0.7813067150635209,0.9310344827586207,0.631578947368421,0.907563025210084,0.631578947368421,0.9310344827586207,0.6857142857142857,0.7966386554621849,0.8765880217785844
674,15,45,3,14,0.7792207792207793,0.7273706896551724,0.9375,0.5172413793103449,0.8411214953271028,0.5172413793103449,0.9375,0.6382978723404256,0.7397096838337642,0.82183908045977
675,7,54,1,15,0.7922077922077922,0.65,0.9818181818181818,0.3181818181818182,0.8709677419354839,0.3181818181818182,0.9818181818181818,0.4666666666666667,0.6688172043010753,0.7983471074380166
676,10,51,4,12,0.7922077922077922,0.6909090909090909,0.9272727272727272,0.45454545454545453,0.864406779661017,0.45454545454545453,0.9272727272727272,0.5555555555555556,0.7099811676082863,0.7652892561983471
677,10,56,2,9,0.8571428571428571,0.7459165154264973,0.9655172413793104,0.5263157894736842,0.9105691056910569,0.5263157894736842,0.9655172413793104,0.6451612903225806,0.7778651980068187,0.8511796733212341
678,15,51,0,11,0.8571428571428571,0.7884615384615384,1.0,0.5769230769230769,0.9026548672566371,0.5769230769230769,1.0,0.7317073170731707,0.8171810921649039,0.8996983408748115
679,12,48,6,11,0.7792207792207793,0.7053140096618358,0.8888888888888888,0.5217391304347826,0.8495575221238938,0.5217391304347826,0.8888888888888888,0.5853658536585366,0.7174616878912152,0.8228663446054751
680,12,52,4,9,0.8311688311688312,0.75,0.9285714285714286,0.5714285714285714,0.8888888888888888,0.5714285714285714,0.9285714285714286,0.6486486486486487,0.7687687687687688,0.8069727891156462
681,11,58,0,8,0.8961038961038961,0.7894736842105263,1.0,0.5789473684210527,0.9354838709677419,0.5789473684210527,1.0,0.7333333333333333,0.8344086021505376,0.8502722323049001
682,6,61,2,8,0.8701298701298701,0.6984126984126984,0.9682539682539683,0.42857142857142855,0.9242424242424242,0.42857142857142855,0.9682539682539683,0.5454545454545454,0.7348484848484849,0.7698412698412698
683,15,44,8,10,0.7662337662337663,0.7230769230769231,0.8461538461538461,0.6,0.8301886792452831,0.6,0.8461538461538461,0.625,0.7275943396226415,0.7723076923076924
684,16,51,3,7,0.8701298701298701,0.8200483091787439,0.9444444444444444,0.6956521739130435,0.9107142857142857,0.6956521739130435,0.9444444444444444,0.7619047619047619,0.8363095238095237,0.9090177133655394
685,7,55,3,12,0.8051948051948052,0.6583484573502723,0.9482758620689655,0.3684210526315789,0.88,0.3684210526315789,0.9482758620689655,0.4827586206896552,0.6813793103448276,0.8194192377495463
686,12,52,3,10,0.8311688311688312,0.7454545454545454,0.9454545454545454,0.5454545454545454,0.8888888888888888,0.5454545454545454,0.9454545454545454,0.6486486486486487,0.7687687687687688,0.9016528925619834
687,14,47,2,14,0.7922077922077922,0.7295918367346939,0.9591836734693877,0.5,0.8545454545454545,0.5,0.9591836734693877,0.6363636363636364,0.7454545454545454,0.8316326530612246
688,17,41,4,15,0.7532467532467533,0.7211805555555555,0.9111111111111111,0.53125,0.8118811881188119,0.53125,0.9111111111111111,0.6415094339622641,0.7266953110405381,0.7451388888888889
689,10,54,4,9,0.8311688311688312,0.7286751361161524,0.9310344827586207,0.5263157894736842,0.8925619834710744,0.5263157894736842,0.9310344827586207,0.6060606060606061,0.7493112947658402,0.8112522686025407
690,10,53,2,12,0.8181818181818182,0.7090909090909091,0.9636363636363636,0.45454545454545453,0.8833333333333333,0.45454545454545453,0.9636363636363636,0.5882352941176471,0.7357843137254902,0.871900826446281
691,13,53,5,6,0.8571428571428571,0.7990018148820327,0.9137931034482759,0.6842105263157895,0.905982905982906,0.6842105263157895,0.9137931034482759,0.7027027027027027,0.8043428043428044,0.8938294010889292
692,9,56,1,11,0.8441558441558441,0.7162280701754385,0.9824561403508771,0.45,0.9032258064516129,0.45,0.9824561403508771,0.6,0.7516129032258064,0.8271929824561404
693,14,50,4,9,0.8311688311688312,0.7673107890499196,0.9259259259259259,0.6086956521739131,0.8849557522123894,0.6086956521739131,0.9259259259259259,0.6829268292682927,0.7839412907403411,0.9090177133655395
694,14,51,2,10,0.8441558441558441,0.7727987421383649,0.9622641509433962,0.5833333333333334,0.8947368421052632,0.5833333333333334,0.9622641509433962,0.7,0.7973684210526315,0.8687106918238995
695,12,50,5,10,0.8051948051948052,0.7272727272727273,0.9090909090909091,0.5454545454545454,0.8695652173913043,0.5454545454545454,0.9090909090909091,0.6153846153846154,0.7424749163879598,0.8190082644628098
696,12,53,3,9,0.8441558441558441,0.7589285714285714,0.9464285714285714,0.5714285714285714,0.8983050847457628,0.5714285714285714,0.9464285714285714,0.6666666666666666,0.7824858757062148,0.8801020408163265
697,14,50,3,10,0.8311688311688312,0.7633647798742138,0.9433962264150944,0.5833333333333334,0.8849557522123894,0.5833333333333334,0.9433962264150944,0.6829268292682927,0.7839412907403411,0.8223270440251573
698,10,57,2,8,0.8701298701298701,0.7608286252354048,0.9661016949152542,0.5555555555555556,0.9193548387096774,0.5555555555555556,0.9661016949152542,0.6666666666666666,0.793010752688172,0.8888888888888888
699,13,57,0,7,0.9090909090909091,0.825,1.0,0.65,0.9421487603305785,0.65,1.0,0.7878787878787878,0.8650137741046832,0.918421052631579
700,9,56,1,11,0.8441558441558441,0.7162280701754385,0.9824561403508771,0.45,0.9032258064516129,0.45,0.9824561403508771,0.6,0.7516129032258064,0.8359649122807017
701,17,52,2,6,0.8961038961038961,0.8510466988727858,0.9629629629629629,0.7391304347826086,0.9285714285714286,0.7391304347826086,0.9629629629629629,0.8095238095238095,0.8690476190476191,0.9138486312399355
702,11,53,3,10,0.8311688311688312,0.7351190476190477,0.9464285714285714,0.5238095238095238,0.8907563025210085,0.5238095238095238,0.9464285714285714,0.6285714285714286,0.7596638655462185,0.8052721088435374
703,12,51,4,10,0.8181818181818182,0.7363636363636363,0.9272727272727272,0.5454545454545454,0.8793103448275862,0.5454545454545454,0.9272727272727272,0.631578947368421,0.7554446460980035,0.8611570247933884
704,12,52,5,8,0.8311688311688312,0.7561403508771929,0.9122807017543859,0.6,0.8888888888888888,0.6,0.9122807017543859,0.6486486486486487,0.7687687687687688,0.856140350877193
705,9,55,3,10,0.8311688311688312,0.7109800362976406,0.9482758620689655,0.47368421052631576,0.8943089430894309,0.47368421052631576,0.9482758620689655,0.5806451612903226,0.7374770521898768,0.8185117967332124
706,11,58,1,7,0.8961038961038961,0.7970809792843692,0.9830508474576272,0.6111111111111112,0.9354838709677419,0.6111111111111112,0.9830508474576272,0.7333333333333333,0.8344086021505376,0.8653483992467044
707,13,55,1,8,0.8831168831168831,0.8005952380952381,0.9821428571428571,0.6190476190476191,0.9243697478991597,0.6190476190476191,0.9821428571428571,0.7428571428571429,0.8336134453781513,0.798469387755102
708,8,55,2,12,0.8181818181818182,0.6824561403508772,0.9649122807017544,0.4,0.8870967741935484,0.4,0.9649122807017544,0.5333333333333333,0.7102150537634409,0.8078947368421052
709,7,55,2,13,0.8051948051948052,0.6574561403508772,0.9649122807017544,0.35,0.88,0.35,0.9649122807017544,0.4827586206896552,0.6813793103448276,0.6991228070175438
710,15,55,0,7,0.9090909090909091,0.8409090909090908,1.0,0.6818181818181818,0.9401709401709402,0.6818181818181818,1.0,0.8108108108108109,0.8754908754908755,0.884297520661157
711,9,56,2,10,0.8441558441558441,0.7196007259528131,0.9655172413793104,0.47368421052631576,0.9032258064516129,0.47368421052631576,0.9655172413793104,0.6,0.7516129032258064,0.8176043557168784
712,12,57,2,6,0.8961038961038961,0.8163841807909604,0.9661016949152542,0.6666666666666666,0.9344262295081968,0.6666666666666666,0.9661016949152542,0.75,0.8422131147540983,0.8719397363465161
713,12,52,3,10,0.8311688311688312,0.7454545454545454,0.9454545454545454,0.5454545454545454,0.8888888888888888,0.5454545454545454,0.9454545454545454,0.6486486486486487,0.7687687687687688,0.8289256198347107
714,15,52,2,8,0.8701298701298701,0.8075684380032206,0.9629629629629629,0.6521739130434783,0.9122807017543859,0.6521739130434783,0.9629629629629629,0.75,0.831140350877193,0.8848631239935587
715,10,49,3,15,0.7662337662337663,0.6711538461538462,0.9423076923076923,0.4,0.8448275862068966,0.4,0.9423076923076923,0.5263157894736842,0.6855716878402904,0.7753846153846154
716,14,46,4,13,0.7792207792207793,0.7192592592592593,0.92,0.5185185185185185,0.8440366972477065,0.5185185185185185,0.92,0.6222222222222222,0.7331294597349644,0.8281481481481482
717,10,52,5,10,0.8051948051948052,0.706140350877193,0.9122807017543859,0.5,0.8739495798319328,0.5,0.9122807017543859,0.5714285714285714,0.7226890756302521,0.8105263157894738
718,13,58,0,6,0.922077922077922,0.8421052631578947,1.0,0.6842105263157895,0.9508196721311475,0.6842105263157895,1.0,0.8125,0.8816598360655737,0.9137931034482758
719,7,57,4,9,0.8311688311688312,0.6859631147540983,0.9344262295081968,0.4375,0.8976377952755905,0.4375,0.9344262295081968,0.5185185185185185,0.7080781568970544,0.8668032786885246
720,12,56,1,8,0.8831168831168831,0.7912280701754386,0.9824561403508771,0.6,0.9256198347107438,0.6,0.9824561403508771,0.7272727272727273,0.8264462809917356,0.8903508771929824
721,19,46,5,7,0.8441558441558441,0.8163650075414781,0.9019607843137255,0.7307692307692307,0.8846153846153846,0.7307692307692307,0.9019607843137255,0.76,0.8223076923076923,0.8733031674208145
722,11,58,1,7,0.8961038961038961,0.7970809792843692,0.9830508474576272,0.6111111111111112,0.9354838709677419,0.6111111111111112,0.9830508474576272,0.7333333333333333,0.8344086021505376,0.8757062146892656
723,15,57,1,4,0.935064935064935,0.8861161524500907,0.9827586206896551,0.7894736842105263,0.957983193277311,0.7894736842105263,0.9827586206896551,0.8571428571428571,0.907563025210084,0.911070780399274
724,11,54,8,4,0.8441558441558441,0.8021505376344086,0.8709677419354839,0.7333333333333333,0.9,0.7333333333333333,0.8709677419354839,0.6470588235294118,0.7735294117647059,0.8698924731182796
725,17,46,2,12,0.8181818181818182,0.7722701149425287,0.9583333333333334,0.5862068965517241,0.8679245283018868,0.5862068965517241,0.9583333333333334,0.7083333333333334,0.78812893081761,0.8714080459770115
726,11,54,3,9,0.8441558441558441,0.7486842105263158,0.9473684210526315,0.55,0.9,0.55,0.9473684210526315,0.6470588235294118,0.7735294117647059,0.7701754385964912
727,9,58,3,7,0.8701298701298701,0.7566598360655737,0.9508196721311475,0.5625,0.9206349206349206,0.5625,0.9508196721311475,0.6428571428571429,0.7817460317460317,0.8668032786885246
728,14,51,1,11,0.8441558441558441,0.7703846153846154,0.9807692307692307,0.56,0.8947368421052632,0.56,0.9807692307692307,0.7,0.7973684210526315,0.8707692307692307
729,9,49,3,16,0.7532467532467533,0.6511538461538462,0.9423076923076923,0.36,0.8376068376068376,0.36,0.9423076923076923,0.4864864864864865,0.6620466620466621,0.7015384615384616
730,14,50,6,7,0.8311688311688312,0.7797619047619048,0.8928571428571429,0.6666666666666666,0.8849557522123894,0.6666666666666666,0.8928571428571429,0.6829268292682927,0.7839412907403411,0.7882653061224489
731,7,56,4,10,0.8181818181818182,0.6725490196078432,0.9333333333333333,0.4117647058823529,0.8888888888888888,0.4117647058823529,0.9333333333333333,0.5,0.6944444444444444,0.823529411764706
732,11,56,2,8,0.8701298701298701,0.7722323049001816,0.9655172413793104,0.5789473684210527,0.9180327868852459,0.5789473684210527,0.9655172413793104,0.6875,0.802766393442623,0.8793103448275862
733,10,52,1,14,0.8051948051948052,0.6988993710691824,0.9811320754716981,0.4166666666666667,0.8739495798319328,0.4166666666666667,0.9811320754716981,0.5714285714285714,0.7226890756302521,0.800314465408805
734,13,54,1,9,0.8701298701298701,0.7863636363636364,0.9818181818181818,0.5909090909090909,0.9152542372881356,0.5909090909090909,0.9818181818181818,0.7222222222222222,0.8187382297551788,0.9165289256198348
735,11,55,3,8,0.8571428571428571,0.7636116152450091,0.9482758620689655,0.5789473684210527,0.9090909090909091,0.5789473684210527,0.9482758620689655,0.6666666666666666,0.7878787878787878,0.8266787658802177
736,4,60,3,10,0.8311688311688312,0.6190476190476191,0.9523809523809523,0.2857142857142857,0.9022556390977443,0.2857142857142857,0.9523809523809523,0.38095238095238093,0.6416040100250626,0.7891156462585034
737,11,55,4,7,0.8571428571428571,0.7716572504708098,0.9322033898305084,0.6111111111111112,0.9090909090909091,0.6111111111111112,0.9322033898305084,0.6666666666666666,0.7878787878787878,0.8248587570621468
738,9,58,3,7,0.8701298701298701,0.7566598360655737,0.9508196721311475,0.5625,0.9206349206349206,0.5625,0.9508196721311475,0.6428571428571429,0.7817460317460317,0.9170081967213115
739,15,50,5,7,0.8441558441558441,0.7954545454545454,0.9090909090909091,0.6818181818181818,0.8928571428571429,0.6818181818181818,0.9090909090909091,0.7142857142857143,0.8035714285714286,0.8694214876033058
740,10,55,4,8,0.8441558441558441,0.743879472693032,0.9322033898305084,0.5555555555555556,0.9016393442622951,0.5555555555555556,0.9322033898305084,0.625,0.7633196721311475,0.8370998116760829
741,11,53,5,8,0.8311688311688312,0.7463702359346642,0.9137931034482759,0.5789473684210527,0.8907563025210085,0.5789473684210527,0.9137931034482759,0.6285714285714286,0.7596638655462185,0.8756805807622504
742,11,60,4,2,0.922077922077922,0.8918269230769231,0.9375,0.8461538461538461,0.9523809523809523,0.8461538461538461,0.9375,0.7857142857142857,0.8690476190476191,0.9555288461538463
743,13,56,2,6,0.8961038961038961,0.8248638838475499,0.9655172413793104,0.6842105263157895,0.9333333333333333,0.6842105263157895,0.9655172413793104,0.7647058823529411,0.8490196078431372,0.9165154264972777
744,6,61,2,8,0.8701298701298701,0.6984126984126984,0.9682539682539683,0.42857142857142855,0.9242424242424242,0.42857142857142855,0.9682539682539683,0.5454545454545454,0.7348484848484849,0.746031746031746
745,13,51,4,9,0.8311688311688312,0.759090909090909,0.9272727272727272,0.5909090909090909,0.8869565217391304,0.5909090909090909,0.9272727272727272,0.6666666666666666,0.7768115942028986,0.8644628099173554
746,11,60,3,3,0.922077922077922,0.8690476190476191,0.9523809523809523,0.7857142857142857,0.9523809523809523,0.7857142857142857,0.9523809523809523,0.7857142857142857,0.8690476190476191,0.917233560090703
747,8,57,3,9,0.8441558441558441,0.7102941176470587,0.95,0.47058823529411764,0.9047619047619048,0.47058823529411764,0.95,0.5714285714285714,0.7380952380952381,0.7647058823529412
748,15,48,3,11,0.8181818181818182,0.7590497737556561,0.9411764705882353,0.5769230769230769,0.8727272727272727,0.5769230769230769,0.9411764705882353,0.6818181818181818,0.7772727272727272,0.7926093514328809
749,11,56,2,8,0.8701298701298701,0.7722323049001816,0.9655172413793104,0.5789473684210527,0.9180327868852459,0.5789473684210527,0.9655172413793104,0.6875,0.802766393442623,0.9210526315789472
750,10,54,6,7,0.8311688311688312,0.7441176470588236,0.9,0.5882352941176471,0.8925619834710744,0.5882352941176471,0.9,0.6060606060606061,0.7493112947658402,0.8411764705882354
751,6,62,1,8,0.8831168831168831,0.7063492063492063,0.9841269841269841,0.42857142857142855,0.9323308270676691,0.42857142857142855,0.9841269841269841,0.5714285714285714,0.7518796992481203,0.8367346938775511
752,11,56,3,7,0.8701298701298701,0.7801318267419963,0.9491525423728814,0.6111111111111112,0.9180327868852459,0.6111111111111112,0.9491525423728814,0.6875,0.802766393442623,0.9077212806026366
753,8,56,2,11,0.8311688311688312,0.6932849364791289,0.9655172413793104,0.42105263157894735,0.896,0.42105263157894735,0.9655172413793104,0.5517241379310345,0.7238620689655173,0.8139745916515425
754,14,54,4,5,0.8831168831168831,0.8339382940108893,0.9310344827586207,0.7368421052631579,0.9230769230769231,0.7368421052631579,0.9310344827586207,0.7567567567567568,0.83991683991684,0.9047186932849365
755,14,51,5,7,0.8441558441558441,0.7886904761904762,0.9107142857142857,0.6666666666666666,0.8947368421052632,0.6666666666666666,0.9107142857142857,0.7,0.7973684210526315,0.8222789115646258
756,12,54,2,9,0.8571428571428571,0.7678571428571428,0.9642857142857143,0.5714285714285714,0.907563025210084,0.5714285714285714,0.9642857142857143,0.6857142857142857,0.7966386554621849,0.8018707482993197
757,14,48,4,11,0.8051948051948052,0.7415384615384616,0.9230769230769231,0.56,0.8648648648648649,0.56,0.9230769230769231,0.6511627906976745,0.7580138277812697,0.8184615384615385
758,10,57,1,9,0.8701298701298701,0.7545372050816697,0.9827586206896551,0.5263157894736842,0.9193548387096774,0.5263157894736842,0.9827586206896551,0.6666666666666666,0.793010752688172,0.8312159709618875
759,13,58,0,6,0.922077922077922,0.8421052631578947,1.0,0.6842105263157895,0.9508196721311475,0.6842105263157895,1.0,0.8125,0.8816598360655737,0.897459165154265
760,15,55,2,5,0.9090909090909091,0.8574561403508771,0.9649122807017544,0.75,0.9401709401709402,0.75,0.9649122807017544,0.8108108108108109,0.8754908754908755,0.8728070175438597
761,11,54,4,8,0.8441558441558441,0.7549909255898366,0.9310344827586207,0.5789473684210527,0.9,0.5789473684210527,0.9310344827586207,0.6470588235294118,0.7735294117647059,0.8965517241379309
762,16,49,1,11,0.8441558441558441,0.7862962962962963,0.98,0.5925925925925926,0.8909090909090909,0.5925925925925926,0.98,0.7272727272727273,0.8090909090909091,0.874074074074074
763,12,53,4,8,0.8441558441558441,0.7649122807017543,0.9298245614035088,0.6,0.8983050847457628,0.6,0.9298245614035088,0.6666666666666666,0.7824858757062148,0.8508771929824561
764,12,51,3,11,0.8181818181818182,0.7330917874396135,0.9444444444444444,0.5217391304347826,0.8793103448275862,0.5217391304347826,0.9444444444444444,0.631578947368421,0.7554446460980035,0.748792270531401
765,15,48,1,13,0.8181818181818182,0.7576530612244898,0.9795918367346939,0.5357142857142857,0.8727272727272727,0.5357142857142857,0.9795918367346939,0.6818181818181818,0.7772727272727272,0.8177842565597667
766,8,55,5,9,0.8181818181818182,0.6936274509803921,0.9166666666666666,0.47058823529411764,0.8870967741935484,0.47058823529411764,0.9166666666666666,0.5333333333333333,0.7102150537634409,0.8186274509803922
767,14,52,4,7,0.8571428571428571,0.7976190476190477,0.9285714285714286,0.6666666666666666,0.9043478260869565,0.6666666666666666,0.9285714285714286,0.717948717948718,0.8111482720178372,0.8299319727891157
768,15,53,2,7,0.8831168831168831,0.8227272727272728,0.9636363636363636,0.6818181818181818,0.9217391304347826,0.6818181818181818,0.9636363636363636,0.7692307692307693,0.8454849498327759,0.8983471074380165
769,10,58,4,5,0.8831168831168831,0.8010752688172043,0.9354838709677419,0.6666666666666666,0.928,0.6666666666666666,0.9354838709677419,0.6896551724137931,0.8088275862068965,0.7870967741935483
770,10,50,6,11,0.7792207792207793,0.6845238095238095,0.8928571428571429,0.47619047619047616,0.8547008547008547,0.47619047619047616,0.8928571428571429,0.5405405405405406,0.6976206976206976,0.8052721088435374
771,12,53,2,10,0.8441558441558441,0.7545454545454545,0.9636363636363636,0.5454545454545454,0.8983050847457628,0.5454545454545454,0.9636363636363636,0.6666666666666666,0.7824858757062148,0.8958677685950414
772,12,55,3,7,0.8701298701298701,0.7899274047186933,0.9482758620689655,0.631578947368421,0.9166666666666666,0.631578947368421,0.9482758620689655,0.7058823529411765,0.8112745098039216,0.9074410163339384
773,10,57,2,8,0.8701298701298701,0.7608286252354048,0.9661016949152542,0.5555555555555556,0.9193548387096774,0.5555555555555556,0.9661016949152542,0.6666666666666666,0.793010752688172,0.8427495291902072
774,15,56,0,6,0.922077922077922,0.8571428571428572,1.0,0.7142857142857143,0.9491525423728814,0.7142857142857143,1.0,0.8333333333333334,0.8912429378531074,0.9200680272108844
775,11,52,3,11,0.8181818181818182,0.7227272727272727,0.9454545454545454,0.5,0.8813559322033898,0.5,0.9454545454545454,0.6111111111111112,0.7462335216572504,0.7925619834710743
776,13,54,4,6,0.8701298701298701,0.8076225045372051,0.9310344827586207,0.6842105263157895,0.9152542372881356,0.6842105263157895,0.9310344827586207,0.7222222222222222,0.8187382297551788,0.8511796733212341
777,17,49,1,10,0.8571428571428571,0.8048148148148149,0.98,0.6296296296296297,0.8990825688073395,0.6296296296296297,0.98,0.7555555555555555,0.8273190621814475,0.84
778,11,52,6,8,0.8181818181818182,0.7377495462794919,0.896551724137931,0.5789473684210527,0.8813559322033898,0.5789473684210527,0.896551724137931,0.6111111111111112,0.7462335216572504,0.8421052631578948
779,12,53,5,7,0.8441558441558441,0.7726860254083485,0.9137931034482759,0.631578947368421,0.8983050847457628,0.631578947368421,0.9137931034482759,0.6666666666666666,0.7824858757062148,0.8284936479128856
780,9,58,2,8,0.8701298701298701,0.7480392156862745,0.9666666666666667,0.5294117647058824,0.9206349206349206,0.5294117647058824,0.9666666666666667,0.6428571428571429,0.7817460317460317,0.9558823529411764
781,14,55,2,6,0.8961038961038961,0.8324561403508772,0.9649122807017544,0.7,0.9322033898305084,0.7,0.9649122807017544,0.7777777777777778,0.8549905838041432,0.8938596491228071
782,12,51,3,11,0.8181818181818182,0.7330917874396135,0.9444444444444444,0.5217391304347826,0.8793103448275862,0.5217391304347826,0.9444444444444444,0.631578947368421,0.7554446460980035,0.7818035426731078
783,13,57,2,5,0.9090909090909091,0.8441619585687382,0.9661016949152542,0.7222222222222222,0.9421487603305785,0.7222222222222222,0.9661016949152542,0.7878787878787878,0.8650137741046832,0.9585687382297552
784,9,59,2,7,0.8831168831168831,0.7648565573770492,0.9672131147540983,0.5625,0.9291338582677166,0.5625,0.9672131147540983,0.6666666666666666,0.7979002624671916,0.882172131147541
785,14,46,4,13,0.7792207792207793,0.7192592592592593,0.92,0.5185185185185185,0.8440366972477065,0.5185185185185185,0.92,0.6222222222222222,0.7331294597349644,0.8118518518518518
786,11,57,1,8,0.8831168831168831,0.780852994555354,0.9827586206896551,0.5789473684210527,0.926829268292683,0.5789473684210527,0.9827586206896551,0.7096774193548387,0.8182533438237609,0.8738656987295826
787,10,56,5,6,0.8571428571428571,0.771516393442623,0.9180327868852459,0.625,0.9105691056910569,0.625,0.9180327868852459,0.6451612903225806,0.7778651980068187,0.8852459016393444
788,12,49,5,11,0.7922077922077922,0.7145732689210951,0.9074074074074074,0.5217391304347826,0.8596491228070176,0.5217391304347826,0.9074074074074074,0.6,0.7298245614035088,0.8687600644122383
789,15,46,5,11,0.7922077922077922,0.7394419306184012,0.9019607843137255,0.5769230769230769,0.8518518518518519,0.5769230769230769,0.9019607843137255,0.6521739130434783,0.7520128824476651,0.8393665158371041
790,15,49,3,10,0.8311688311688312,0.7711538461538461,0.9423076923076923,0.6,0.8828828828828829,0.6,0.9423076923076923,0.6976744186046512,0.790278650743767,0.8515384615384615
791,10,59,0,8,0.8961038961038961,0.7777777777777778,1.0,0.5555555555555556,0.9365079365079365,0.5555555555555556,1.0,0.7142857142857143,0.8253968253968254,0.8060263653483992
792,10,59,1,7,0.8961038961038961,0.7857843137254902,0.9833333333333333,0.5882352941176471,0.9365079365079365,0.5882352941176471,0.9833333333333333,0.7142857142857143,0.8253968253968254,0.9029411764705882
793,12,53,2,10,0.8441558441558441,0.7545454545454545,0.9636363636363636,0.5454545454545454,0.8983050847457628,0.5454545454545454,0.9636363636363636,0.6666666666666666,0.7824858757062148,0.8239669421487604
794,13,52,1,11,0.8441558441558441,0.7613993710691824,0.9811320754716981,0.5416666666666666,0.896551724137931,0.5416666666666666,0.9811320754716981,0.6842105263157895,0.7903811252268602,0.8333333333333333
795,13,53,2,9,0.8571428571428571,0.7772727272727273,0.9636363636363636,0.5909090909090909,0.905982905982906,0.5909090909090909,0.9636363636363636,0.7027027027027027,0.8043428043428044,0.8917355371900827
796,9,51,0,17,0.7792207792207793,0.6730769230769231,1.0,0.34615384615384615,0.8571428571428571,0.34615384615384615,1.0,0.5142857142857142,0.6857142857142857,0.806184012066365
797,11,53,2,11,0.8311688311688312,0.7318181818181818,0.9636363636363636,0.5,0.8907563025210085,0.5,0.9636363636363636,0.6285714285714286,0.7596638655462185,0.8404958677685951
798,10,53,0,14,0.8181818181818182,0.7083333333333334,1.0,0.4166666666666667,0.8833333333333333,0.4166666666666667,1.0,0.5882352941176471,0.7357843137254902,0.8199685534591196
799,15,52,3,7,0.8701298701298701,0.8136363636363636,0.9454545454545454,0.6818181818181818,0.9122807017543859,0.6818181818181818,0.9454545454545454,0.75,0.831140350877193,0.9256198347107437
800,13,49,5,10,0.8051948051948052,0.7363123993558776,0.9074074074074074,0.5652173913043478,0.8672566371681416,0.5652173913043478,0.9074074074074074,0.6341463414634146,0.7507014893157782,0.7600644122383252
801,7,55,4,11,0.8051948051948052,0.6605461393596986,0.9322033898305084,0.3888888888888889,0.88,0.3888888888888889,0.9322033898305084,0.4827586206896552,0.6813793103448276,0.8314500941619586
802,11,57,4,5,0.8831168831168831,0.8109631147540983,0.9344262295081968,0.6875,0.926829268292683,0.6875,0.9344262295081968,0.7096774193548387,0.8182533438237609,0.9282786885245902
803,10,58,2,7,0.8831168831168831,0.7774509803921569,0.9666666666666667,0.5882352941176471,0.928,0.5882352941176471,0.9666666666666667,0.6896551724137931,0.8088275862068965,0.9078431372549021
804,17,48,3,9,0.8441558441558441,0.7975113122171946,0.9411764705882353,0.6538461538461539,0.8888888888888888,0.6538461538461539,0.9411764705882353,0.7391304347826086,0.8140096618357487,0.8906485671191554
805,17,49,0,11,0.8571428571428571,0.8035714285714286,1.0,0.6071428571428571,0.8990825688073395,0.6071428571428571,1.0,0.7555555555555555,0.8273190621814475,0.8877551020408163
806,14,49,3,11,0.8181818181818182,0.7511538461538462,0.9423076923076923,0.56,0.875,0.56,0.9423076923076923,0.6666666666666666,0.7708333333333333,0.8261538461538461
807,11,51,4,11,0.8051948051948052,0.7136363636363636,0.9272727272727272,0.5,0.8717948717948718,0.5,0.9272727272727272,0.5945945945945946,0.7331947331947333,0.8603305785123967
808,12,46,3,16,0.7532467532467533,0.6836734693877551,0.9387755102040817,0.42857142857142855,0.8288288288288288,0.42857142857142855,0.9387755102040817,0.5581395348837209,0.6934841818562749,0.8403790087463557
809,9,58,5,5,0.8701298701298701,0.7817460317460317,0.9206349206349206,0.6428571428571429,0.9206349206349206,0.6428571428571429,0.9206349206349206,0.6428571428571429,0.7817460317460317,0.7857142857142858
810,14,52,4,7,0.8571428571428571,0.7976190476190477,0.9285714285714286,0.6666666666666666,0.9043478260869565,0.6666666666666666,0.9285714285714286,0.717948717948718,0.8111482720178372,0.8299319727891157
811,16,51,2,8,0.8701298701298701,0.8144654088050314,0.9622641509433962,0.6666666666666666,0.9107142857142857,0.6666666666666666,0.9622641509433962,0.7619047619047619,0.8363095238095237,0.8781446540880503
812,12,55,0,10,0.8701298701298701,0.7727272727272727,1.0,0.5454545454545454,0.9166666666666666,0.5454545454545454,1.0,0.7058823529411765,0.8112745098039216,0.9008264462809917
813,18,48,3,8,0.8571428571428571,0.8167420814479638,0.9411764705882353,0.6923076923076923,0.897196261682243,0.6923076923076923,0.9411764705882353,0.7659574468085106,0.8315768542453768,0.9110105580693816
814,6,58,4,9,0.8311688311688312,0.667741935483871,0.9354838709677419,0.4,0.8992248062015504,0.4,0.9354838709677419,0.48,0.6896124031007752,0.8580645161290322
815,11,51,2,13,0.8051948051948052,0.7102987421383647,0.9622641509433962,0.4583333333333333,0.8717948717948718,0.4583333333333333,0.9622641509433962,0.5945945945945946,0.7331947331947333,0.8388364779874213
816,11,52,6,8,0.8181818181818182,0.7377495462794919,0.896551724137931,0.5789473684210527,0.8813559322033898,0.5789473684210527,0.896551724137931,0.6111111111111112,0.7462335216572504,0.7803992740471869
817,12,51,5,9,0.8181818181818182,0.7410714285714286,0.9107142857142857,0.5714285714285714,0.8793103448275862,0.5714285714285714,0.9107142857142857,0.631578947368421,0.7554446460980035,0.7482993197278912
818,15,50,1,11,0.8441558441558441,0.7786576168929109,0.9803921568627451,0.5769230769230769,0.8928571428571429,0.5769230769230769,0.9803921568627451,0.7142857142857143,0.8035714285714286,0.8770739064856712
819,10,55,2,10,0.8441558441558441,0.7324561403508771,0.9649122807017544,0.5,0.9016393442622951,0.5,0.9649122807017544,0.625,0.7633196721311475,0.8131578947368422
820,7,57,4,9,0.8311688311688312,0.6859631147540983,0.9344262295081968,0.4375,0.8976377952755905,0.4375,0.9344262295081968,0.5185185185185185,0.7080781568970544,0.7602459016393442
821,8,55,3,11,0.8181818181818182,0.6846642468239564,0.9482758620689655,0.42105263157894735,0.8870967741935484,0.42105263157894735,0.9482758620689655,0.5333333333333333,0.7102150537634409,0.8593466424682396
822,11,52,5,9,0.8181818181818182,0.731140350877193,0.9122807017543859,0.55,0.8813559322033898,0.55,0.9122807017543859,0.6111111111111112,0.7462335216572504,0.8228070175438597
823,13,50,3,11,0.8181818181818182,0.7425314465408805,0.9433962264150944,0.5416666666666666,0.8771929824561403,0.5416666666666666,0.9433962264150944,0.65,0.7635964912280702,0.8066037735849056
824,12,50,4,11,0.8051948051948052,0.7238325281803543,0.9259259259259259,0.5217391304347826,0.8695652173913043,0.5217391304347826,0.9259259259259259,0.6153846153846154,0.7424749163879598,0.8494363929146538
825,9,59,4,5,0.8831168831168831,0.7896825396825398,0.9365079365079365,0.6428571428571429,0.9291338582677166,0.6428571428571429,0.9365079365079365,0.6666666666666666,0.7979002624671916,0.8594104308390023
826,8,57,2,10,0.8441558441558441,0.7052730696798493,0.9661016949152542,0.4444444444444444,0.9047619047619048,0.4444444444444444,0.9661016949152542,0.5714285714285714,0.7380952380952381,0.6949152542372882
827,12,53,5,7,0.8441558441558441,0.7726860254083485,0.9137931034482759,0.631578947368421,0.8983050847457628,0.631578947368421,0.9137931034482759,0.6666666666666666,0.7824858757062148,0.7931034482758621
828,9,60,3,5,0.8961038961038961,0.7976190476190477,0.9523809523809523,0.6428571428571429,0.9375,0.6428571428571429,0.9523809523809523,0.6923076923076923,0.8149038461538461,0.8594104308390023
829,14,54,1,8,0.8831168831168831,0.8090909090909091,0.9818181818181818,0.6363636363636364,0.9230769230769231,0.6363636363636364,0.9818181818181818,0.7567567567567568,0.83991683991684,0.8702479338842974
830,10,53,3,11,0.8181818181818182,0.7113095238095237,0.9464285714285714,0.47619047619047616,0.8833333333333333,0.47619047619047616,0.9464285714285714,0.5882352941176471,0.7357843137254902,0.8443877551020409
831,17,53,2,5,0.9090909090909091,0.8681818181818182,0.9636363636363636,0.7727272727272727,0.9380530973451328,0.7727272727272727,0.9636363636363636,0.8292682926829268,0.8836606950140298,0.8793388429752067
832,12,49,6,10,0.7922077922077922,0.7181818181818181,0.8909090909090909,0.5454545454545454,0.8596491228070176,0.5454545454545454,0.8909090909090909,0.6,0.7298245614035088,0.8148760330578512
833,11,51,6,9,0.8051948051948052,0.7223684210526315,0.8947368421052632,0.55,0.8717948717948718,0.55,0.8947368421052632,0.5945945945945946,0.7331947331947333,0.7973684210526316
834,12,51,5,9,0.8181818181818182,0.7410714285714286,0.9107142857142857,0.5714285714285714,0.8793103448275862,0.5714285714285714,0.9107142857142857,0.631578947368421,0.7554446460980035,0.8520408163265306
835,15,50,3,9,0.8441558441558441,0.7841981132075472,0.9433962264150944,0.625,0.8928571428571429,0.625,0.9433962264150944,0.7142857142857143,0.8035714285714286,0.7995283018867925
836,12,54,3,8,0.8571428571428571,0.7736842105263158,0.9473684210526315,0.6,0.907563025210084,0.6,0.9473684210526315,0.6857142857142857,0.7966386554621849,0.8508771929824561
837,13,52,3,9,0.8441558441558441,0.7681818181818182,0.9454545454545454,0.5909090909090909,0.896551724137931,0.5909090909090909,0.9454545454545454,0.6842105263157895,0.7903811252268602,0.9173553719008264
838,14,49,4,10,0.8181818181818182,0.753930817610063,0.9245283018867925,0.5833333333333334,0.875,0.5833333333333334,0.9245283018867925,0.6666666666666666,0.7708333333333333,0.8474842767295598
839,12,53,5,7,0.8441558441558441,0.7726860254083485,0.9137931034482759,0.631578947368421,0.8983050847457628,0.631578947368421,0.9137931034482759,0.6666666666666666,0.7824858757062148,0.8575317604355717
840,6,56,2,13,0.8051948051948052,0.6406533575317604,0.9655172413793104,0.3157894736842105,0.8818897637795275,0.3157894736842105,0.9655172413793104,0.4444444444444444,0.663167104111986,0.7304900181488203
841,11,53,4,9,0.8311688311688312,0.7399122807017544,0.9298245614035088,0.55,0.8907563025210085,0.55,0.9298245614035088,0.6285714285714286,0.7596638655462185,0.7850877192982456
842,10,48,4,15,0.7532467532467533,0.6615384615384616,0.9230769230769231,0.4,0.8347826086956521,0.4,0.9230769230769231,0.5128205128205128,0.6738015607580825,0.8430769230769231
843,11,54,5,7,0.8441558441558441,0.7631826741996234,0.9152542372881356,0.6111111111111112,0.9,0.6111111111111112,0.9152542372881356,0.6470588235294118,0.7735294117647059,0.8258003766478343
844,5,65,2,5,0.9090909090909091,0.7350746268656716,0.9701492537313433,0.5,0.948905109489051,0.5,0.9701492537313433,0.5882352941176471,0.7685702018033491,0.8716417910447761
845,12,51,4,10,0.8181818181818182,0.7363636363636363,0.9272727272727272,0.5454545454545454,0.8793103448275862,0.5454545454545454,0.9272727272727272,0.631578947368421,0.7554446460980035,0.8702479338842974
846,13,53,5,6,0.8571428571428571,0.7990018148820327,0.9137931034482759,0.6842105263157895,0.905982905982906,0.6842105263157895,0.9137931034482759,0.7027027027027027,0.8043428043428044,0.895644283121597
847,14,48,5,10,0.8051948051948052,0.7444968553459119,0.9056603773584906,0.5833333333333334,0.8648648648648649,0.5833333333333334,0.9056603773584906,0.6511627906976745,0.7580138277812697,0.8419811320754718
848,9,55,2,11,0.8311688311688312,0.7074561403508772,0.9649122807017544,0.45,0.8943089430894309,0.45,0.9649122807017544,0.5806451612903226,0.7374770521898768,0.8605263157894738
849,12,62,3,0,0.961038961038961,0.976923076923077,0.9538461538461539,1.0,0.9763779527559056,1.0,0.9538461538461539,0.8888888888888888,0.9326334208223972,0.9846153846153847
850,11,58,1,7,0.8961038961038961,0.7970809792843692,0.9830508474576272,0.6111111111111112,0.9354838709677419,0.6111111111111112,0.9830508474576272,0.7333333333333333,0.8344086021505376,0.8841807909604521
851,8,56,3,10,0.8311688311688312,0.6967984934086628,0.9491525423728814,0.4444444444444444,0.896,0.4444444444444444,0.9491525423728814,0.5517241379310345,0.7238620689655173,0.7749529190207156
852,16,48,4,9,0.8311688311688312,0.7815384615384615,0.9230769230769231,0.64,0.8807339449541285,0.64,0.9230769230769231,0.7111111111111111,0.7959225280326199,0.9115384615384615
853,15,51,2,9,0.8571428571428571,0.7936320754716981,0.9622641509433962,0.625,0.9026548672566371,0.625,0.9622641509433962,0.7317073170731707,0.8171810921649039,0.8797169811320755
854,11,55,2,9,0.8571428571428571,0.7574561403508773,0.9649122807017544,0.55,0.9090909090909091,0.55,0.9649122807017544,0.6666666666666666,0.7878787878787878,0.7912280701754386
855,14,55,1,7,0.8961038961038961,0.8244047619047619,0.9821428571428571,0.6666666666666666,0.9322033898305084,0.6666666666666666,0.9821428571428571,0.7777777777777778,0.8549905838041432,0.923469387755102
856,16,55,1,5,0.922077922077922,0.8720238095238095,0.9821428571428571,0.7619047619047619,0.9482758620689655,0.7619047619047619,0.9821428571428571,0.8421052631578947,0.8951905626134301,0.8988095238095238
857,8,61,2,6,0.8961038961038961,0.7698412698412698,0.9682539682539683,0.5714285714285714,0.9384615384615385,0.5714285714285714,0.9682539682539683,0.6666666666666666,0.8025641025641026,0.7959183673469388
858,12,58,3,4,0.9090909090909091,0.8504098360655737,0.9508196721311475,0.75,0.943089430894309,0.75,0.9508196721311475,0.7741935483870968,0.8586414896407029,0.8586065573770493
859,10,53,3,11,0.8181818181818182,0.7113095238095237,0.9464285714285714,0.47619047619047616,0.8833333333333333,0.47619047619047616,0.9464285714285714,0.5882352941176471,0.7357843137254902,0.7576530612244898
860,10,51,3,13,0.7922077922077922,0.6896135265700483,0.9444444444444444,0.43478260869565216,0.864406779661017,0.43478260869565216,0.9444444444444444,0.5555555555555556,0.7099811676082863,0.8478260869565217
861,16,53,0,8,0.8961038961038961,0.8333333333333333,1.0,0.6666666666666666,0.9298245614035088,0.6666666666666666,1.0,0.8,0.8649122807017544,0.9166666666666667
862,6,65,0,6,0.922077922077922,0.75,1.0,0.5,0.9558823529411765,0.5,1.0,0.6666666666666666,0.8112745098039216,0.8282051282051281
863,13,55,3,6,0.8831168831168831,0.8162431941923776,0.9482758620689655,0.6842105263157895,0.9243697478991597,0.6842105263157895,0.9482758620689655,0.7428571428571429,0.8336134453781513,0.911070780399274
864,18,46,2,11,0.8311688311688312,0.7895114942528736,0.9583333333333334,0.6206896551724138,0.8761904761904762,0.6206896551724138,0.9583333333333334,0.7346938775510204,0.8054421768707483,0.8591954022988506
865,7,60,1,9,0.8701298701298701,0.7105532786885246,0.9836065573770492,0.4375,0.9230769230769231,0.4375,0.9836065573770492,0.5833333333333334,0.7532051282051282,0.7715163934426229
866,13,50,5,9,0.8181818181818182,0.75,0.9090909090909091,0.5909090909090909,0.8771929824561403,0.5909090909090909,0.9090909090909091,0.65,0.7635964912280702,0.8214876033057852
867,12,46,7,12,0.7532467532467533,0.6839622641509434,0.8679245283018868,0.5,0.8288288288288288,0.5,0.8679245283018868,0.5581395348837209,0.6934841818562749,0.7649371069182389
868,10,58,3,6,0.8831168831168831,0.7879098360655737,0.9508196721311475,0.625,0.928,0.625,0.9508196721311475,0.6896551724137931,0.8088275862068965,0.9497950819672131
869,12,57,1,7,0.8961038961038961,0.807168784029038,0.9827586206896551,0.631578947368421,0.9344262295081968,0.631578947368421,0.9827586206896551,0.75,0.8422131147540983,0.8992740471869328
870,17,53,0,7,0.9090909090909091,0.8541666666666667,1.0,0.7083333333333334,0.9380530973451328,0.7083333333333334,1.0,0.8292682926829268,0.8836606950140298,0.9363207547169812
871,9,52,4,12,0.7922077922077922,0.6785714285714286,0.9285714285714286,0.42857142857142855,0.8666666666666667,0.42857142857142855,0.9285714285714286,0.5294117647058824,0.6980392156862745,0.7916666666666666
872,10,52,3,12,0.8051948051948052,0.7,0.9454545454545454,0.45454545454545453,0.8739495798319328,0.45454545454545453,0.9454545454545454,0.5714285714285714,0.7226890756302521,0.7776859504132232
873,14,54,1,8,0.8831168831168831,0.8090909090909091,0.9818181818181818,0.6363636363636364,0.9230769230769231,0.6363636363636364,0.9818181818181818,0.7567567567567568,0.83991683991684,0.9148760330578513
874,14,53,2,8,0.8701298701298701,0.8,0.9636363636363636,0.6363636363636364,0.9137931034482759,0.6363636363636364,0.9636363636363636,0.7368421052631579,0.8253176043557169,0.868595041322314
875,13,54,2,8,0.8701298701298701,0.7916666666666667,0.9642857142857143,0.6190476190476191,0.9152542372881356,0.6190476190476191,0.9642857142857143,0.7222222222222222,0.8187382297551788,0.8554421768707483
876,11,55,4,7,0.8571428571428571,0.7716572504708098,0.9322033898305084,0.6111111111111112,0.9090909090909091,0.6111111111111112,0.9322033898305084,0.6666666666666666,0.7878787878787878,0.8521657250470809
877,8,56,5,8,0.8311688311688312,0.709016393442623,0.9180327868852459,0.5,0.896,0.5,0.9180327868852459,0.5517241379310345,0.7238620689655173,0.7592213114754098
878,16,52,2,7,0.8831168831168831,0.8293075684380031,0.9629629629629629,0.6956521739130435,0.9203539823008849,0.6956521739130435,0.9629629629629629,0.7804878048780488,0.8504208935894668,0.8655394524959742
879,9,60,2,6,0.8961038961038961,0.7838709677419355,0.967741935483871,0.6,0.9375,0.6,0.967741935483871,0.6923076923076923,0.8149038461538461,0.9075268817204301
880,12,54,3,8,0.8571428571428571,0.7736842105263158,0.9473684210526315,0.6,0.907563025210084,0.6,0.9473684210526315,0.6857142857142857,0.7966386554621849,0.8789473684210527
881,15,52,3,7,0.8701298701298701,0.8136363636363636,0.9454545454545454,0.6818181818181818,0.9122807017543859,0.6818181818181818,0.9454545454545454,0.75,0.831140350877193,0.9388429752066115
882,20,49,1,7,0.8961038961038961,0.8603703703703703,0.98,0.7407407407407407,0.9245283018867925,0.7407407407407407,0.98,0.8333333333333334,0.878930817610063,0.9340740740740741
883,15,49,4,9,0.8311688311688312,0.7747641509433962,0.9245283018867925,0.625,0.8828828828828829,0.625,0.9245283018867925,0.6976744186046512,0.790278650743767,0.824685534591195
884,11,59,2,5,0.9090909090909091,0.8273565573770492,0.9672131147540983,0.6875,0.944,0.6875,0.9672131147540983,0.7586206896551724,0.8513103448275862,0.9436475409836066
885,13,54,3,7,0.8701298701298701,0.7986842105263158,0.9473684210526315,0.65,0.9152542372881356,0.65,0.9473684210526315,0.7222222222222222,0.8187382297551788,0.875438596491228
886,9,54,3,11,0.8181818181818182,0.6986842105263158,0.9473684210526315,0.45,0.8852459016393442,0.45,0.9473684210526315,0.5625,0.7238729508196722,0.7956140350877193
887,15,50,5,7,0.8441558441558441,0.7954545454545454,0.9090909090909091,0.6818181818181818,0.8928571428571429,0.6818181818181818,0.9090909090909091,0.7142857142857143,0.8035714285714286,0.8380165289256198
888,17,49,3,8,0.8571428571428571,0.8111538461538461,0.9423076923076923,0.68,0.8990825688073395,0.68,0.9423076923076923,0.7555555555555555,0.8273190621814475,0.8661538461538462
889,7,54,4,12,0.7922077922077922,0.6497277676950998,0.9310344827586207,0.3684210526315789,0.8709677419354839,0.3684210526315789,0.9310344827586207,0.4666666666666667,0.6688172043010753,0.8248638838475499
890,14,58,3,2,0.935064935064935,0.9129098360655737,0.9508196721311475,0.875,0.9586776859504132,0.875,0.9508196721311475,0.8484848484848485,0.9035812672176309,0.9405737704918032
891,11,54,3,9,0.8441558441558441,0.7486842105263158,0.9473684210526315,0.55,0.9,0.55,0.9473684210526315,0.6470588235294118,0.7735294117647059,0.7973684210526316
892,9,54,1,13,0.8181818181818182,0.6954545454545454,0.9818181818181818,0.4090909090909091,0.8852459016393442,0.4090909090909091,0.9818181818181818,0.5625,0.7238729508196722,0.7785123966942148
893,15,54,2,6,0.8961038961038961,0.8392857142857143,0.9642857142857143,0.7142857142857143,0.9310344827586207,0.7142857142857143,0.9642857142857143,0.7894736842105263,0.8602540834845736,0.939625850340136
894,9,57,1,10,0.8571428571428571,0.7282214156079855,0.9827586206896551,0.47368421052631576,0.912,0.47368421052631576,0.9827586206896551,0.6206896551724138,0.7663448275862069,0.8248638838475499
895,12,53,6,6,0.8441558441558441,0.7824858757062148,0.8983050847457628,0.6666666666666666,0.8983050847457628,0.6666666666666666,0.8983050847457628,0.6666666666666666,0.7824858757062148,0.8531073446327684
896,16,46,7,8,0.8051948051948052,0.7672955974842768,0.8679245283018868,0.6666666666666666,0.8598130841121495,0.6666666666666666,0.8679245283018868,0.6808510638297872,0.7703320739709684,0.8443396226415094
897,15,52,1,9,0.8701298701298701,0.8030660377358491,0.9811320754716981,0.625,0.9122807017543859,0.625,0.9811320754716981,0.75,0.831140350877193,0.8561320754716981
898,9,50,4,14,0.7662337662337663,0.6586151368760065,0.9259259259259259,0.391304347826087,0.847457627118644,0.391304347826087,0.9259259259259259,0.5,0.673728813559322,0.8051529790660226
899,16,56,0,5,0.935064935064935,0.8809523809523809,1.0,0.7619047619047619,0.9572649572649573,0.7619047619047619,1.0,0.8648648648648649,0.9110649110649112,0.9957482993197277
900,15,55,3,4,0.9090909090909091,0.8688747731397459,0.9482758620689655,0.7894736842105263,0.9401709401709402,0.7894736842105263,0.9482758620689655,0.8108108108108109,0.8754908754908755,0.9509981851179674
901,8,51,5,13,0.7662337662337663,0.6458333333333333,0.9107142857142857,0.38095238095238093,0.85,0.38095238095238093,0.9107142857142857,0.47058823529411764,0.6602941176470588,0.7253401360544218
902,12,47,5,13,0.7662337662337663,0.6919230769230769,0.9038461538461539,0.48,0.8392857142857143,0.48,0.9038461538461539,0.5714285714285714,0.7053571428571428,0.6784615384615384
903,5,60,5,7,0.8441558441558441,0.6698717948717949,0.9230769230769231,0.4166666666666667,0.9090909090909091,0.4166666666666667,0.9230769230769231,0.45454545454545453,0.6818181818181818,0.6884615384615385
904,10,54,3,10,0.8311688311688312,0.7236842105263157,0.9473684210526315,0.5,0.8925619834710744,0.5,0.9473684210526315,0.6060606060606061,0.7493112947658402,0.8587719298245614
905,7,58,1,11,0.8441558441558441,0.685969868173258,0.9830508474576272,0.3888888888888889,0.90625,0.3888888888888889,0.9830508474576272,0.5384615384615384,0.7223557692307692,0.756120527306968
906,15,49,4,9,0.8311688311688312,0.7747641509433962,0.9245283018867925,0.625,0.8828828828828829,0.625,0.9245283018867925,0.6976744186046512,0.790278650743767,0.8632075471698113
907,11,56,3,7,0.8701298701298701,0.7801318267419963,0.9491525423728814,0.6111111111111112,0.9180327868852459,0.6111111111111112,0.9491525423728814,0.6875,0.802766393442623,0.8502824858757063
908,13,52,2,10,0.8441558441558441,0.7640901771336553,0.9629629629629629,0.5652173913043478,0.896551724137931,0.5652173913043478,0.9629629629629629,0.6842105263157895,0.7903811252268602,0.8438003220611916
909,4,63,2,8,0.8701298701298701,0.6512820512820513,0.9692307692307692,0.3333333333333333,0.9264705882352942,0.3333333333333333,0.9692307692307692,0.4444444444444444,0.6854575163398693,0.7794871794871795
910,13,50,4,10,0.8181818181818182,0.7455716586151369,0.9259259259259259,0.5652173913043478,0.8771929824561403,0.5652173913043478,0.9259259259259259,0.65,0.7635964912280702,0.8800322061191627
911,10,54,0,13,0.8311688311688312,0.717391304347826,1.0,0.43478260869565216,0.8925619834710744,0.43478260869565216,1.0,0.6060606060606061,0.7493112947658402,0.7576489533011271
912,9,57,3,8,0.8571428571428571,0.7397058823529412,0.95,0.5294117647058824,0.912,0.5294117647058824,0.95,0.6206896551724138,0.7663448275862069,0.8549019607843137
913,8,59,2,8,0.8701298701298701,0.7336065573770492,0.9672131147540983,0.5,0.921875,0.5,0.9672131147540983,0.6153846153846154,0.7686298076923077,0.8975409836065573
914,8,50,3,16,0.7532467532467533,0.6383647798742138,0.9433962264150944,0.3333333333333333,0.8403361344537815,0.3333333333333333,0.9433962264150944,0.45714285714285713,0.6487394957983194,0.7248427672955975
915,13,55,4,5,0.8831168831168831,0.8272128060263653,0.9322033898305084,0.7222222222222222,0.9243697478991597,0.7222222222222222,0.9322033898305084,0.7428571428571429,0.8336134453781513,0.8625235404896422
916,11,52,2,12,0.8181818181818182,0.7206119162640902,0.9629629629629629,0.4782608695652174,0.8813559322033898,0.4782608695652174,0.9629629629629629,0.6111111111111112,0.7462335216572504,0.7858293075684379
917,13,52,0,12,0.8441558441558441,0.76,1.0,0.52,0.896551724137931,0.52,1.0,0.6842105263157895,0.7903811252268602,0.813076923076923
918,11,53,1,12,0.8311688311688312,0.7298711755233495,0.9814814814814815,0.4782608695652174,0.8907563025210085,0.4782608695652174,0.9814814814814815,0.6285714285714286,0.7596638655462185,0.8043478260869564
919,16,46,3,12,0.8051948051948052,0.7551020408163265,0.9387755102040817,0.5714285714285714,0.8598130841121495,0.5714285714285714,0.9387755102040817,0.6808510638297872,0.7703320739709684,0.7827988338192421
920,14,49,0,14,0.8181818181818182,0.75,1.0,0.5,0.875,0.5,1.0,0.6666666666666666,0.7708333333333333,0.8957725947521866
921,8,55,6,8,0.8181818181818182,0.7008196721311475,0.9016393442622951,0.5,0.8870967741935484,0.5,0.9016393442622951,0.5333333333333333,0.7102150537634409,0.8186475409836066
922,14,51,2,10,0.8441558441558441,0.7727987421383649,0.9622641509433962,0.5833333333333334,0.8947368421052632,0.5833333333333334,0.9622641509433962,0.7,0.7973684210526315,0.8050314465408805
923,17,54,0,6,0.922077922077922,0.8695652173913043,1.0,0.7391304347826086,0.9473684210526315,0.7391304347826086,1.0,0.85,0.8986842105263158,0.965378421900161
924,4,60,3,10,0.8311688311688312,0.6190476190476191,0.9523809523809523,0.2857142857142857,0.9022556390977443,0.2857142857142857,0.9523809523809523,0.38095238095238093,0.6416040100250626,0.7811791383219955
925,11,57,3,6,0.8831168831168831,0.7985294117647059,0.95,0.6470588235294118,0.926829268292683,0.6470588235294118,0.95,0.7096774193548387,0.8182533438237609,0.9225490196078432
926,22,47,2,6,0.8961038961038961,0.8724489795918366,0.9591836734693877,0.7857142857142857,0.9215686274509803,0.7857142857142857,0.9591836734693877,0.8461538461538461,0.8838612368024132,0.912536443148688
927,18,50,0,9,0.8831168831168831,0.8333333333333333,1.0,0.6666666666666666,0.9174311926605505,0.6666666666666666,1.0,0.8,0.8587155963302753,0.962962962962963
928,8,53,2,14,0.7922077922077922,0.6636363636363636,0.9636363636363636,0.36363636363636365,0.8688524590163934,0.36363636363636365,0.9636363636363636,0.5,0.6844262295081966,0.7669421487603306
929,13,56,2,6,0.8961038961038961,0.8248638838475499,0.9655172413793104,0.6842105263157895,0.9333333333333333,0.6842105263157895,0.9655172413793104,0.7647058823529411,0.8490196078431372,0.8720508166969146
930,21,48,0,8,0.8961038961038961,0.8620689655172413,1.0,0.7241379310344828,0.9230769230769231,0.7241379310344828,1.0,0.84,0.8815384615384616,0.9238505747126438
931,9,53,2,13,0.8051948051948052,0.6863636363636364,0.9636363636363636,0.4090909090909091,0.8760330578512396,0.4090909090909091,0.9636363636363636,0.5454545454545454,0.7107438016528925,0.7743801652892562
932,11,53,3,10,0.8311688311688312,0.7351190476190477,0.9464285714285714,0.5238095238095238,0.8907563025210085,0.5238095238095238,0.9464285714285714,0.6285714285714286,0.7596638655462185,0.8715986394557823
933,13,52,1,11,0.8441558441558441,0.7613993710691824,0.9811320754716981,0.5416666666666666,0.896551724137931,0.5416666666666666,0.9811320754716981,0.6842105263157895,0.7903811252268602,0.8883647798742138
934,16,47,3,11,0.8181818181818182,0.7662962962962963,0.94,0.5925925925925926,0.8703703703703703,0.5925925925925926,0.94,0.6956521739130435,0.7830112721417068,0.8125925925925925
935,14,53,3,7,0.8701298701298701,0.8065476190476191,0.9464285714285714,0.6666666666666666,0.9137931034482759,0.6666666666666666,0.9464285714285714,0.7368421052631579,0.8253176043557169,0.9081632653061225
936,13,55,3,6,0.8831168831168831,0.8162431941923776,0.9482758620689655,0.6842105263157895,0.9243697478991597,0.6842105263157895,0.9482758620689655,0.7428571428571429,0.8336134453781513,0.8493647912885662
937,10,58,1,8,0.8831168831168831,0.7693032015065914,0.9830508474576272,0.5555555555555556,0.928,0.5555555555555556,0.9830508474576272,0.6896551724137931,0.8088275862068965,0.9246704331450094
938,14,48,5,10,0.8051948051948052,0.7444968553459119,0.9056603773584906,0.5833333333333334,0.8648648648648649,0.5833333333333334,0.9056603773584906,0.6511627906976745,0.7580138277812697,0.8270440251572327
939,7,56,5,9,0.8181818181818182,0.677766393442623,0.9180327868852459,0.4375,0.8888888888888888,0.4375,0.9180327868852459,0.5,0.6944444444444444,0.8237704918032787
940,11,52,3,11,0.8181818181818182,0.7227272727272727,0.9454545454545454,0.5,0.8813559322033898,0.5,0.9454545454545454,0.6111111111111112,0.7462335216572504,0.8677685950413223
941,11,53,3,10,0.8311688311688312,0.7351190476190477,0.9464285714285714,0.5238095238095238,0.8907563025210085,0.5238095238095238,0.9464285714285714,0.6285714285714286,0.7596638655462185,0.8520408163265306
942,11,54,6,6,0.8441558441558441,0.7735294117647059,0.9,0.6470588235294118,0.9,0.6470588235294118,0.9,0.6470588235294118,0.7735294117647059,0.838235294117647
943,17,50,2,8,0.8701298701298701,0.8207692307692308,0.9615384615384616,0.68,0.9090909090909091,0.68,0.9615384615384616,0.7727272727272727,0.8409090909090908,0.8653846153846154
944,9,55,5,8,0.8311688311688312,0.7230392156862745,0.9166666666666666,0.5294117647058824,0.8943089430894309,0.5294117647058824,0.9166666666666666,0.5806451612903226,0.7374770521898768,0.7745098039215685
945,12,59,2,4,0.922077922077922,0.8586065573770492,0.9672131147540983,0.75,0.9516129032258065,0.75,0.9672131147540983,0.8,0.8758064516129033,0.9026639344262295
946,10,61,2,4,0.922077922077922,0.8412698412698413,0.9682539682539683,0.7142857142857143,0.953125,0.7142857142857143,0.9682539682539683,0.7692307692307693,0.8611778846153846,0.8854875283446711
947,10,55,1,11,0.8441558441558441,0.7291666666666666,0.9821428571428571,0.47619047619047616,0.9016393442622951,0.47619047619047616,0.9821428571428571,0.625,0.7633196721311475,0.8367346938775511
948,12,51,5,9,0.8181818181818182,0.7410714285714286,0.9107142857142857,0.5714285714285714,0.8793103448275862,0.5714285714285714,0.9107142857142857,0.631578947368421,0.7554446460980035,0.8596938775510203
949,8,56,5,8,0.8311688311688312,0.709016393442623,0.9180327868852459,0.5,0.896,0.5,0.9180327868852459,0.5517241379310345,0.7238620689655173,0.8186475409836066
950,9,55,4,9,0.8311688311688312,0.7161016949152542,0.9322033898305084,0.5,0.8943089430894309,0.5,0.9322033898305084,0.5806451612903226,0.7374770521898768,0.7504708097928436
951,14,51,3,9,0.8441558441558441,0.7765700483091788,0.9444444444444444,0.6086956521739131,0.8947368421052632,0.6086956521739131,0.9444444444444444,0.7,0.7973684210526315,0.8276972624798712
952,10,57,7,3,0.8701298701298701,0.8299278846153846,0.890625,0.7692307692307693,0.9193548387096774,0.7692307692307693,0.890625,0.6666666666666666,0.793010752688172,0.8749999999999999
953,7,57,0,13,0.8311688311688312,0.675,1.0,0.35,0.8976377952755905,0.35,1.0,0.5185185185185185,0.7080781568970544,0.7771929824561403
954,7,56,2,12,0.8181818181818182,0.6669691470054446,0.9655172413793104,0.3684210526315789,0.8888888888888888,0.3684210526315789,0.9655172413793104,0.5,0.6944444444444444,0.8593466424682397
955,10,56,4,7,0.8571428571428571,0.7607843137254902,0.9333333333333333,0.5882352941176471,0.9105691056910569,0.5882352941176471,0.9333333333333333,0.6451612903225806,0.7778651980068187,0.8509803921568627
956,11,55,5,6,0.8571428571428571,0.7818627450980392,0.9166666666666666,0.6470588235294118,0.9090909090909091,0.6470588235294118,0.9166666666666666,0.6666666666666666,0.7878787878787878,0.8441176470588235
957,16,47,3,11,0.8181818181818182,0.7662962962962963,0.94,0.5925925925925926,0.8703703703703703,0.5925925925925926,0.94,0.6956521739130435,0.7830112721417068,0.8955555555555555
958,12,57,1,7,0.8961038961038961,0.807168784029038,0.9827586206896551,0.631578947368421,0.9344262295081968,0.631578947368421,0.9827586206896551,0.75,0.8422131147540983,0.8793103448275862
959,11,52,5,9,0.8181818181818182,0.731140350877193,0.9122807017543859,0.55,0.8813559322033898,0.55,0.9122807017543859,0.6111111111111112,0.7462335216572504,0.8149122807017544
960,15,56,4,2,0.922077922077922,0.907843137254902,0.9333333333333333,0.8823529411764706,0.9491525423728814,0.8823529411764706,0.9333333333333333,0.8333333333333334,0.8912429378531074,0.8921568627450981
961,11,57,3,6,0.8831168831168831,0.7985294117647059,0.95,0.6470588235294118,0.926829268292683,0.6470588235294118,0.95,0.7096774193548387,0.8182533438237609,0.9676470588235294
962,13,55,2,7,0.8831168831168831,0.8074561403508772,0.9649122807017544,0.65,0.9243697478991597,0.65,0.9649122807017544,0.7428571428571429,0.8336134453781513,0.8675438596491228
963,11,54,3,9,0.8441558441558441,0.7486842105263158,0.9473684210526315,0.55,0.9,0.55,0.9473684210526315,0.6470588235294118,0.7735294117647059,0.8473684210526315
964,13,49,3,12,0.8051948051948052,0.7311538461538462,0.9423076923076923,0.52,0.8672566371681416,0.52,0.9423076923076923,0.6341463414634146,0.7507014893157782,0.7838461538461539
965,14,52,0,11,0.8571428571428571,0.78,1.0,0.56,0.9043478260869565,0.56,1.0,0.717948717948718,0.8111482720178372,0.8353846153846154
966,9,51,3,14,0.7792207792207793,0.6678743961352657,0.9444444444444444,0.391304347826087,0.8571428571428571,0.391304347826087,0.9444444444444444,0.5142857142857142,0.6857142857142857,0.8156199677938809
967,14,54,4,5,0.8831168831168831,0.8339382940108893,0.9310344827586207,0.7368421052631579,0.9230769230769231,0.7368421052631579,0.9310344827586207,0.7567567567567568,0.83991683991684,0.9019963702359346
968,11,57,1,8,0.8831168831168831,0.780852994555354,0.9827586206896551,0.5789473684210527,0.926829268292683,0.5789473684210527,0.9827586206896551,0.7096774193548387,0.8182533438237609,0.8874773139745917
969,4,61,2,10,0.8441558441558441,0.626984126984127,0.9682539682539683,0.2857142857142857,0.9104477611940298,0.2857142857142857,0.9682539682539683,0.4,0.655223880597015,0.828798185941043
970,11,53,3,10,0.8311688311688312,0.7351190476190477,0.9464285714285714,0.5238095238095238,0.8907563025210085,0.5238095238095238,0.9464285714285714,0.6285714285714286,0.7596638655462185,0.8630952380952381
971,11,52,4,10,0.8181818181818182,0.7261904761904763,0.9285714285714286,0.5238095238095238,0.8813559322033898,0.5238095238095238,0.9285714285714286,0.6111111111111112,0.7462335216572504,0.8197278911564626
972,11,45,5,16,0.7272727272727273,0.6537037037037037,0.9,0.4074074074074074,0.8108108108108109,0.4074074074074074,0.9,0.5116279069767442,0.6612193588937776,0.8066666666666666
973,12,55,2,8,0.8701298701298701,0.7824561403508772,0.9649122807017544,0.6,0.9166666666666666,0.6,0.9649122807017544,0.7058823529411765,0.8112745098039216,0.8728070175438597
974,8,59,3,7,0.8701298701298701,0.7424731182795699,0.9516129032258065,0.5333333333333333,0.921875,0.5333333333333333,0.9516129032258065,0.6153846153846154,0.7686298076923077,0.7881720430107526
975,9,52,3,13,0.7922077922077922,0.6772727272727272,0.9454545454545454,0.4090909090909091,0.8666666666666667,0.4090909090909091,0.9454545454545454,0.5294117647058824,0.6980392156862745,0.7677685950413222
976,9,55,3,10,0.8311688311688312,0.7109800362976406,0.9482758620689655,0.47368421052631576,0.8943089430894309,0.47368421052631576,0.9482758620689655,0.5806451612903226,0.7374770521898768,0.7068965517241379
977,15,52,0,10,0.8701298701298701,0.8,1.0,0.6,0.9122807017543859,0.6,1.0,0.75,0.831140350877193,0.9430769230769231
978,13,50,2,12,0.8181818181818182,0.7407692307692308,0.9615384615384616,0.52,0.8771929824561403,0.52,0.9615384615384616,0.65,0.7635964912280702,0.8623076923076922
979,16,50,2,9,0.8571428571428571,0.8007692307692308,0.9615384615384616,0.64,0.9009009009009009,0.64,0.9615384615384616,0.7441860465116279,0.8225434737062645,0.8246153846153846
980,6,58,4,9,0.8311688311688312,0.667741935483871,0.9354838709677419,0.4,0.8992248062015504,0.4,0.9354838709677419,0.48,0.6896124031007752,0.7838709677419355
981,16,46,3,12,0.8051948051948052,0.7551020408163265,0.9387755102040817,0.5714285714285714,0.8598130841121495,0.5714285714285714,0.9387755102040817,0.6808510638297872,0.7703320739709684,0.8185131195335277
982,15,56,4,2,0.922077922077922,0.907843137254902,0.9333333333333333,0.8823529411764706,0.9491525423728814,0.8823529411764706,0.9333333333333333,0.8333333333333334,0.8912429378531074,0.9656862745098039
983,16,51,4,6,0.8701298701298701,0.8272727272727273,0.9272727272727272,0.7272727272727273,0.9107142857142857,0.7272727272727273,0.9272727272727272,0.7619047619047619,0.8363095238095237,0.8413223140495868
984,10,56,2,9,0.8571428571428571,0.7459165154264973,0.9655172413793104,0.5263157894736842,0.9105691056910569,0.5263157894736842,0.9655172413793104,0.6451612903225806,0.7778651980068187,0.8393829401088929
985,9,54,5,9,0.8181818181818182,0.7076271186440678,0.9152542372881356,0.5,0.8852459016393442,0.5,0.9152542372881356,0.5625,0.7238729508196722,0.7947269303201507
986,14,47,2,14,0.7922077922077922,0.7295918367346939,0.9591836734693877,0.5,0.8545454545454545,0.5,0.9591836734693877,0.6363636363636364,0.7454545454545454,0.8192419825072886
987,9,55,3,10,0.8311688311688312,0.7109800362976406,0.9482758620689655,0.47368421052631576,0.8943089430894309,0.47368421052631576,0.9482758620689655,0.5806451612903226,0.7374770521898768,0.8393829401088929
988,12,56,4,5,0.8831168831168831,0.8196078431372549,0.9333333333333333,0.7058823529411765,0.9256198347107438,0.7058823529411765,0.9333333333333333,0.7272727272727273,0.8264462809917356,0.8970588235294118
989,15,54,2,6,0.8961038961038961,0.8392857142857143,0.9642857142857143,0.7142857142857143,0.9310344827586207,0.7142857142857143,0.9642857142857143,0.7894736842105263,0.8602540834845736,0.9090136054421768
990,13,46,7,11,0.7662337662337663,0.7047955974842768,0.8679245283018868,0.5416666666666666,0.8363636363636363,0.5416666666666666,0.8679245283018868,0.5909090909090909,0.7136363636363636,0.8128930817610063
991,10,54,1,12,0.8311688311688312,0.7181818181818181,0.9818181818181818,0.45454545454545453,0.8925619834710744,0.45454545454545453,0.9818181818181818,0.6060606060606061,0.7493112947658402,0.8289256198347107
992,13,53,2,9,0.8571428571428571,0.7772727272727273,0.9636363636363636,0.5909090909090909,0.905982905982906,0.5909090909090909,0.9636363636363636,0.7027027027027027,0.8043428043428044,0.8545454545454544
993,10,54,4,9,0.8311688311688312,0.7286751361161524,0.9310344827586207,0.5263157894736842,0.8925619834710744,0.5263157894736842,0.9310344827586207,0.6060606060606061,0.7493112947658402,0.778584392014519
994,11,47,3,16,0.7532467532467533,0.6737037037037037,0.94,0.4074074074074074,0.831858407079646,0.4074074074074074,0.94,0.5365853658536586,0.6842218864666523,0.8303703703703703
995,9,52,6,10,0.7922077922077922,0.6851179673321234,0.896551724137931,0.47368421052631576,0.8666666666666667,0.47368421052631576,0.896551724137931,0.5294117647058824,0.6980392156862745,0.6642468239564427
996,14,54,2,7,0.8831168831168831,0.8154761904761905,0.9642857142857143,0.6666666666666666,0.9230769230769231,0.6666666666666666,0.9642857142857143,0.7567567567567568,0.83991683991684,0.939625850340136
997,9,51,4,13,0.7792207792207793,0.6681818181818182,0.9272727272727272,0.4090909090909091,0.8571428571428571,0.4090909090909091,0.9272727272727272,0.5142857142857142,0.6857142857142857,0.768595041322314
998,9,55,3,10,0.8311688311688312,0.7109800362976406,0.9482758620689655,0.47368421052631576,0.8943089430894309,0.47368421052631576,0.9482758620689655,0.5806451612903226,0.7374770521898768,0.9038112522686025
999,12,49,3,13,0.7922077922077922,0.7111538461538461,0.9423076923076923,0.48,0.8596491228070176,0.48,0.9423076923076923,0.6,0.7298245614035088,0.8
1000,10,49,3,15,0.7662337662337663,0.6711538461538462,0.9423076923076923,0.4,0.8448275862068966,0.4,0.9423076923076923,0.5263157894736842,0.6855716878402904,0.8053846153846154
