round,TP,TN,FP,FN,Accuracy,BalancedAccuracy,Sensitivity_Class0,Specificity_Class0,F1_Class0,Sensitivity_Class1,Specificity_Class1,F1_Class1,F1_macro,AUC
1,15,52,1,9,0.8701298701298701,0.8030660377358491,0.9811320754716981,0.625,0.9122807017543859,0.625,0.9811320754716981,0.75,0.831140350877193,0.8435534591194969
2,10,51,5,11,0.7922077922077922,0.6934523809523809,0.9107142857142857,0.47619047619047616,0.864406779661017,0.47619047619047616,0.9107142857142857,0.5555555555555556,0.7099811676082863,0.7346938775510203
3,11,51,7,8,0.8051948051948052,0.7291288566243195,0.8793103448275862,0.5789473684210527,0.8717948717948718,0.5789473684210527,0.8793103448275862,0.5945945945945946,0.7331947331947333,0.853901996370236
4,9,56,3,9,0.8441558441558441,0.7245762711864407,0.9491525423728814,0.5,0.9032258064516129,0.5,0.9491525423728814,0.6,0.7516129032258064,0.8295668549905838
5,12,48,6,11,0.7792207792207793,0.7053140096618358,0.8888888888888888,0.5217391304347826,0.8495575221238938,0.5217391304347826,0.8888888888888888,0.5853658536585366,0.7174616878912152,0.7995169082125604
6,9,52,4,12,0.7922077922077922,0.6785714285714286,0.9285714285714286,0.42857142857142855,0.8666666666666667,0.42857142857142855,0.9285714285714286,0.5294117647058824,0.6980392156862745,0.83078231292517
7,13,52,4,8,0.8441558441558441,0.7738095238095238,0.9285714285714286,0.6190476190476191,0.896551724137931,0.6190476190476191,0.9285714285714286,0.6842105263157895,0.7903811252268602,0.858843537414966
8,14,49,6,8,0.8181818181818182,0.7636363636363637,0.8909090909090909,0.6363636363636364,0.875,0.6363636363636364,0.8909090909090909,0.6666666666666666,0.7708333333333333,0.8338842975206612
9,9,49,6,13,0.7532467532467533,0.65,0.8909090909090909,0.4090909090909091,0.8376068376068376,0.4090909090909091,0.8909090909090909,0.4864864864864865,0.6620466620466621,0.7396694214876033
10,8,57,5,7,0.8441558441558441,0.7263440860215054,0.9193548387096774,0.5333333333333333,0.9047619047619048,0.5333333333333333,0.9193548387096774,0.5714285714285714,0.7380952380952381,0.8634408602150537
11,10,50,4,13,0.7792207792207793,0.6803542673107891,0.9259259259259259,0.43478260869565216,0.8547008547008547,0.43478260869565216,0.9259259259259259,0.5405405405405406,0.6976206976206976,0.7858293075684379
12,10,51,4,12,0.7922077922077922,0.6909090909090909,0.9272727272727272,0.45454545454545453,0.864406779661017,0.45454545454545453,0.9272727272727272,0.5555555555555556,0.7099811676082863,0.7380165289256199
13,11,53,7,6,0.8311688311688312,0.7651960784313725,0.8833333333333333,0.6470588235294118,0.8907563025210085,0.6470588235294118,0.8833333333333333,0.6285714285714286,0.7596638655462185,0.8068627450980392
14,9,54,4,10,0.8181818181818182,0.7023593466424682,0.9310344827586207,0.47368421052631576,0.8852459016393442,0.47368421052631576,0.9310344827586207,0.5625,0.7238729508196722,0.7813067150635209
15,8,55,5,9,0.8181818181818182,0.6936274509803921,0.9166666666666666,0.47058823529411764,0.8870967741935484,0.47058823529411764,0.9166666666666666,0.5333333333333333,0.7102150537634409,0.8107843137254902
16,13,49,9,6,0.8051948051948052,0.7645190562613431,0.8448275862068966,0.6842105263157895,0.8672566371681416,0.6842105263157895,0.8448275862068966,0.6341463414634146,0.7507014893157782,0.8157894736842105
17,11,55,2,9,0.8571428571428571,0.7574561403508773,0.9649122807017544,0.55,0.9090909090909091,0.55,0.9649122807017544,0.6666666666666666,0.7878787878787878,0.787719298245614
18,15,49,3,10,0.8311688311688312,0.7711538461538461,0.9423076923076923,0.6,0.8828828828828829,0.6,0.9423076923076923,0.6976744186046512,0.790278650743767,0.8115384615384615
19,13,51,5,8,0.8311688311688312,0.7648809523809523,0.9107142857142857,0.6190476190476191,0.8869565217391304,0.6190476190476191,0.9107142857142857,0.6666666666666666,0.7768115942028986,0.8018707482993198
20,14,49,7,7,0.8181818181818182,0.7708333333333333,0.875,0.6666666666666666,0.875,0.6666666666666666,0.875,0.6666666666666666,0.7708333333333333,0.8129251700680272
21,14,55,0,8,0.8961038961038961,0.8181818181818181,1.0,0.6363636363636364,0.9322033898305084,0.6363636363636364,1.0,0.7777777777777778,0.8549905838041432,0.8512396694214875
22,10,51,7,9,0.7922077922077922,0.7028130671506352,0.8793103448275862,0.5263157894736842,0.864406779661017,0.5263157894736842,0.8793103448275862,0.5555555555555556,0.7099811676082863,0.8321234119782214
23,9,54,4,10,0.8181818181818182,0.7023593466424682,0.9310344827586207,0.47368421052631576,0.8852459016393442,0.47368421052631576,0.9310344827586207,0.5625,0.7238729508196722,0.8402903811252268
24,14,52,4,7,0.8571428571428571,0.7976190476190477,0.9285714285714286,0.6666666666666666,0.9043478260869565,0.6666666666666666,0.9285714285714286,0.717948717948718,0.8111482720178372,0.9039115646258503
25,12,54,4,7,0.8571428571428571,0.7813067150635209,0.9310344827586207,0.631578947368421,0.907563025210084,0.631578947368421,0.9310344827586207,0.6857142857142857,0.7966386554621849,0.8475499092558983
26,13,53,4,7,0.8571428571428571,0.7899122807017545,0.9298245614035088,0.65,0.905982905982906,0.65,0.9298245614035088,0.7027027027027027,0.8043428043428044,0.9245614035087719
27,9,57,2,9,0.8571428571428571,0.7330508474576272,0.9661016949152542,0.5,0.912,0.5,0.9661016949152542,0.6206896551724138,0.7663448275862069,0.8549905838041431
28,8,54,7,8,0.8051948051948052,0.6926229508196722,0.8852459016393442,0.5,0.8780487804878049,0.5,0.8852459016393442,0.5161290322580645,0.6970889063729346,0.7213114754098361
29,13,50,8,6,0.8181818181818182,0.7731397459165155,0.8620689655172413,0.6842105263157895,0.8771929824561403,0.6842105263157895,0.8620689655172413,0.65,0.7635964912280702,0.8393829401088928
30,9,61,2,5,0.9090909090909091,0.8055555555555556,0.9682539682539683,0.6428571428571429,0.9457364341085271,0.6428571428571429,0.9682539682539683,0.72,0.8328682170542636,0.8798185941043084
31,13,54,2,8,0.8701298701298701,0.7916666666666667,0.9642857142857143,0.6190476190476191,0.9152542372881356,0.6190476190476191,0.9642857142857143,0.7222222222222222,0.8187382297551788,0.8767006802721088
32,15,51,2,9,0.8571428571428571,0.7936320754716981,0.9622641509433962,0.625,0.9026548672566371,0.625,0.9622641509433962,0.7317073170731707,0.8171810921649039,0.9150943396226415
33,12,49,3,13,0.7922077922077922,0.7111538461538461,0.9423076923076923,0.48,0.8596491228070176,0.48,0.9423076923076923,0.6,0.7298245614035088,0.8269230769230769
34,9,55,6,7,0.8311688311688312,0.7320696721311475,0.9016393442622951,0.5625,0.8943089430894309,0.5625,0.9016393442622951,0.5806451612903226,0.7374770521898768,0.8268442622950819
35,16,50,3,8,0.8571428571428571,0.8050314465408805,0.9433962264150944,0.6666666666666666,0.9009009009009009,0.6666666666666666,0.9433962264150944,0.7441860465116279,0.8225434737062645,0.8970125786163522
36,10,56,3,8,0.8571428571428571,0.7523540489642184,0.9491525423728814,0.5555555555555556,0.9105691056910569,0.5555555555555556,0.9491525423728814,0.6451612903225806,0.7778651980068187,0.8851224105461394
37,13,50,5,9,0.8181818181818182,0.75,0.9090909090909091,0.5909090909090909,0.8771929824561403,0.5909090909090909,0.9090909090909091,0.65,0.7635964912280702,0.7917355371900826
38,7,56,2,12,0.8181818181818182,0.6669691470054446,0.9655172413793104,0.3684210526315789,0.8888888888888888,0.3684210526315789,0.9655172413793104,0.5,0.6944444444444444,0.8656987295825771
39,9,53,9,6,0.8051948051948052,0.7274193548387097,0.8548387096774194,0.6,0.8760330578512396,0.6,0.8548387096774194,0.5454545454545454,0.7107438016528925,0.7731182795698924
40,10,52,3,12,0.8051948051948052,0.7,0.9454545454545454,0.45454545454545453,0.8739495798319328,0.45454545454545453,0.9454545454545454,0.5714285714285714,0.7226890756302521,0.8264462809917356
41,12,51,4,10,0.8181818181818182,0.7363636363636363,0.9272727272727272,0.5454545454545454,0.8793103448275862,0.5454545454545454,0.9272727272727272,0.631578947368421,0.7554446460980035,0.7867768595041323
42,12,56,5,4,0.8831168831168831,0.834016393442623,0.9180327868852459,0.75,0.9256198347107438,0.75,0.9180327868852459,0.7272727272727273,0.8264462809917356,0.9036885245901639
43,10,61,2,4,0.922077922077922,0.8412698412698413,0.9682539682539683,0.7142857142857143,0.953125,0.7142857142857143,0.9682539682539683,0.7692307692307693,0.8611778846153846,0.9467120181405897
44,17,50,3,7,0.8701298701298701,0.8258647798742138,0.9433962264150944,0.7083333333333334,0.9090909090909091,0.7083333333333334,0.9433962264150944,0.7727272727272727,0.8409090909090908,0.8828616352201258
45,11,49,7,10,0.7792207792207793,0.6994047619047619,0.875,0.5238095238095238,0.8521739130434782,0.5238095238095238,0.875,0.5641025641025641,0.7081382385730212,0.8103741496598639
46,16,48,4,9,0.8311688311688312,0.7815384615384615,0.9230769230769231,0.64,0.8807339449541285,0.64,0.9230769230769231,0.7111111111111111,0.7959225280326199,0.8623076923076923
47,11,48,4,14,0.7662337662337663,0.6815384615384615,0.9230769230769231,0.44,0.8421052631578947,0.44,0.9230769230769231,0.55,0.6960526315789474,0.8361538461538461
48,13,47,2,15,0.7792207792207793,0.7117346938775511,0.9591836734693877,0.4642857142857143,0.8468468468468469,0.4642857142857143,0.9591836734693877,0.6046511627906976,0.7257490048187722,0.7835276967930029
49,8,58,5,6,0.8571428571428571,0.746031746031746,0.9206349206349206,0.5714285714285714,0.9133858267716536,0.5714285714285714,0.9206349206349206,0.5925925925925926,0.7529892096821231,0.8798185941043083
50,18,44,5,10,0.8051948051948052,0.7704081632653061,0.8979591836734694,0.6428571428571429,0.8543689320388349,0.6428571428571429,0.8979591836734694,0.7058823529411765,0.7801256424900057,0.8709912536443148
51,11,53,5,8,0.8311688311688312,0.7463702359346642,0.9137931034482759,0.5789473684210527,0.8907563025210085,0.5789473684210527,0.9137931034482759,0.6285714285714286,0.7596638655462185,0.8430127041742287
52,11,50,5,11,0.7922077922077922,0.7045454545454546,0.9090909090909091,0.5,0.8620689655172413,0.5,0.9090909090909091,0.5789473684210527,0.720508166969147,0.7876033057851239
53,17,43,6,11,0.7792207792207793,0.7423469387755102,0.8775510204081632,0.6071428571428571,0.8349514563106796,0.6071428571428571,0.8775510204081632,0.6666666666666666,0.7508090614886731,0.7806122448979591
54,15,52,1,9,0.8701298701298701,0.8030660377358491,0.9811320754716981,0.625,0.9122807017543859,0.625,0.9811320754716981,0.75,0.831140350877193,0.8820754716981132
55,11,55,3,8,0.8571428571428571,0.7636116152450091,0.9482758620689655,0.5789473684210527,0.9090909090909091,0.5789473684210527,0.9482758620689655,0.6666666666666666,0.7878787878787878,0.8284936479128856
56,8,56,6,7,0.8311688311688312,0.7182795698924731,0.9032258064516129,0.5333333333333333,0.896,0.5333333333333333,0.9032258064516129,0.5517241379310345,0.7238620689655173,0.7537634408602151
57,20,45,2,10,0.8441558441558441,0.8120567375886525,0.9574468085106383,0.6666666666666666,0.8823529411764706,0.6666666666666666,0.9574468085106383,0.7692307692307693,0.8257918552036199,0.8680851063829788
58,13,53,7,4,0.8571428571428571,0.8240196078431372,0.8833333333333333,0.7647058823529411,0.905982905982906,0.7647058823529411,0.8833333333333333,0.7027027027027027,0.8043428043428044,0.853921568627451
59,12,50,5,10,0.8051948051948052,0.7272727272727273,0.9090909090909091,0.5454545454545454,0.8695652173913043,0.5454545454545454,0.9090909090909091,0.6153846153846154,0.7424749163879598,0.8173553719008263
60,15,44,6,12,0.7662337662337663,0.7177777777777778,0.88,0.5555555555555556,0.8301886792452831,0.5555555555555556,0.88,0.625,0.7275943396226415,0.8192592592592594
61,11,54,3,9,0.8441558441558441,0.7486842105263158,0.9473684210526315,0.55,0.9,0.55,0.9473684210526315,0.6470588235294118,0.7735294117647059,0.8464912280701754
62,13,46,4,14,0.7662337662337663,0.7007407407407408,0.92,0.48148148148148145,0.8363636363636363,0.48148148148148145,0.92,0.5909090909090909,0.7136363636363636,0.8066666666666666
63,10,52,4,11,0.8051948051948052,0.7023809523809523,0.9285714285714286,0.47619047619047616,0.8739495798319328,0.47619047619047616,0.9285714285714286,0.5714285714285714,0.7226890756302521,0.8273809523809523
64,17,49,4,7,0.8571428571428571,0.816430817610063,0.9245283018867925,0.7083333333333334,0.8990825688073395,0.7083333333333334,0.9245283018867925,0.7555555555555555,0.8273190621814475,0.9064465408805031
65,13,52,4,8,0.8441558441558441,0.7738095238095238,0.9285714285714286,0.6190476190476191,0.896551724137931,0.6190476190476191,0.9285714285714286,0.6842105263157895,0.7903811252268602,0.9124149659863945
66,14,50,4,9,0.8311688311688312,0.7673107890499196,0.9259259259259259,0.6086956521739131,0.8849557522123894,0.6086956521739131,0.9259259259259259,0.6829268292682927,0.7839412907403411,0.8518518518518519
67,8,57,6,6,0.8441558441558441,0.7380952380952381,0.9047619047619048,0.5714285714285714,0.9047619047619048,0.5714285714285714,0.9047619047619048,0.5714285714285714,0.7380952380952381,0.8015873015873016
68,11,55,7,4,0.8571428571428571,0.8102150537634408,0.8870967741935484,0.7333333333333333,0.9090909090909091,0.7333333333333333,0.8870967741935484,0.6666666666666666,0.7878787878787878,0.8709677419354839
69,14,54,2,7,0.8831168831168831,0.8154761904761905,0.9642857142857143,0.6666666666666666,0.9230769230769231,0.6666666666666666,0.9642857142857143,0.7567567567567568,0.83991683991684,0.9234693877551021
70,12,55,1,9,0.8701298701298701,0.7767857142857142,0.9821428571428571,0.5714285714285714,0.9166666666666666,0.5714285714285714,0.9821428571428571,0.7058823529411765,0.8112745098039216,0.8758503401360545
71,10,59,2,6,0.8961038961038961,0.7961065573770492,0.9672131147540983,0.625,0.9365079365079365,0.625,0.9672131147540983,0.7142857142857143,0.8253968253968254,0.8616803278688525
72,9,54,3,11,0.8181818181818182,0.6986842105263158,0.9473684210526315,0.45,0.8852459016393442,0.45,0.9473684210526315,0.5625,0.7238729508196722,0.8175438596491228
73,16,51,4,6,0.8701298701298701,0.8272727272727273,0.9272727272727272,0.7272727272727273,0.9107142857142857,0.7272727272727273,0.9272727272727272,0.7619047619047619,0.8363095238095237,0.8338842975206612
74,10,49,5,13,0.7662337662337663,0.6710950080515298,0.9074074074074074,0.43478260869565216,0.8448275862068966,0.43478260869565216,0.9074074074074074,0.5263157894736842,0.6855716878402904,0.7793880837359098
75,14,52,1,10,0.8571428571428571,0.7822327044025157,0.9811320754716981,0.5833333333333334,0.9043478260869565,0.5833333333333334,0.9811320754716981,0.717948717948718,0.8111482720178372,0.8773584905660378
76,10,51,5,11,0.7922077922077922,0.6934523809523809,0.9107142857142857,0.47619047619047616,0.864406779661017,0.47619047619047616,0.9107142857142857,0.5555555555555556,0.7099811676082863,0.8732993197278912
77,16,46,6,9,0.8051948051948052,0.7623076923076924,0.8846153846153846,0.64,0.8598130841121495,0.64,0.8846153846153846,0.6808510638297872,0.7703320739709684,0.786923076923077
78,10,59,2,6,0.8961038961038961,0.7961065573770492,0.9672131147540983,0.625,0.9365079365079365,0.625,0.9672131147540983,0.7142857142857143,0.8253968253968254,0.8657786885245902
79,8,54,6,9,0.8051948051948052,0.6852941176470588,0.9,0.47058823529411764,0.8780487804878049,0.47058823529411764,0.9,0.5161290322580645,0.6970889063729346,0.8303921568627451
80,13,52,5,7,0.8441558441558441,0.781140350877193,0.9122807017543859,0.65,0.896551724137931,0.65,0.9122807017543859,0.6842105263157895,0.7903811252268602,0.8447368421052632
81,15,54,3,5,0.8961038961038961,0.8486842105263157,0.9473684210526315,0.75,0.9310344827586207,0.75,0.9473684210526315,0.7894736842105263,0.8602540834845736,0.9210526315789473
82,12,54,4,7,0.8571428571428571,0.7813067150635209,0.9310344827586207,0.631578947368421,0.907563025210084,0.631578947368421,0.9310344827586207,0.6857142857142857,0.7966386554621849,0.8765880217785844
83,17,47,4,9,0.8311688311688312,0.7877073906485671,0.9215686274509803,0.6538461538461539,0.8785046728971962,0.6538461538461539,0.9215686274509803,0.723404255319149,0.8009544641081726,0.8891402714932126
84,11,49,5,12,0.7792207792207793,0.6928341384863124,0.9074074074074074,0.4782608695652174,0.8521739130434782,0.4782608695652174,0.9074074074074074,0.5641025641025641,0.7081382385730212,0.8083735909822866
85,15,52,5,5,0.8701298701298701,0.831140350877193,0.9122807017543859,0.75,0.9122807017543859,0.75,0.9122807017543859,0.75,0.831140350877193,0.9
86,12,46,5,14,0.7532467532467533,0.6817496229260935,0.9019607843137255,0.46153846153846156,0.8288288288288288,0.46153846153846156,0.9019607843137255,0.5581395348837209,0.6934841818562749,0.7616892911010559
87,12,53,3,9,0.8441558441558441,0.7589285714285714,0.9464285714285714,0.5714285714285714,0.8983050847457628,0.5714285714285714,0.9464285714285714,0.6666666666666666,0.7824858757062148,0.858843537414966
88,9,49,5,14,0.7532467532467533,0.6493558776167472,0.9074074074074074,0.391304347826087,0.8376068376068376,0.391304347826087,0.9074074074074074,0.4864864864864865,0.6620466620466621,0.7785829307568438
89,15,46,5,11,0.7922077922077922,0.7394419306184012,0.9019607843137255,0.5769230769230769,0.8518518518518519,0.5769230769230769,0.9019607843137255,0.6521739130434783,0.7520128824476651,0.8046757164404222
90,13,49,7,8,0.8051948051948052,0.7470238095238095,0.875,0.6190476190476191,0.8672566371681416,0.6190476190476191,0.875,0.6341463414634146,0.7507014893157782,0.8579931972789115
91,14,55,0,8,0.8961038961038961,0.8181818181818181,1.0,0.6363636363636364,0.9322033898305084,0.6363636363636364,1.0,0.7777777777777778,0.8549905838041432,0.8570247933884299
92,15,53,1,8,0.8831168831168831,0.81682769726248,0.9814814814814815,0.6521739130434783,0.9217391304347826,0.6521739130434783,0.9814814814814815,0.7692307692307693,0.8454849498327759,0.8711755233494364
93,10,54,3,10,0.8311688311688312,0.7236842105263157,0.9473684210526315,0.5,0.8925619834710744,0.5,0.9473684210526315,0.6060606060606061,0.7493112947658402,0.8640350877192983
94,7,52,4,14,0.7662337662337663,0.6309523809523809,0.9285714285714286,0.3333333333333333,0.8524590163934426,0.3333333333333333,0.9285714285714286,0.4375,0.6449795081967213,0.7865646258503401
95,13,54,3,7,0.8701298701298701,0.7986842105263158,0.9473684210526315,0.65,0.9152542372881356,0.65,0.9473684210526315,0.7222222222222222,0.8187382297551788,0.9043859649122808
96,11,51,6,9,0.8051948051948052,0.7223684210526315,0.8947368421052632,0.55,0.8717948717948718,0.55,0.8947368421052632,0.5945945945945946,0.7331947331947333,0.7789473684210527
97,8,58,3,8,0.8571428571428571,0.7254098360655737,0.9508196721311475,0.5,0.9133858267716536,0.5,0.9508196721311475,0.5925925925925926,0.7529892096821231,0.8381147540983607
98,11,55,2,9,0.8571428571428571,0.7574561403508773,0.9649122807017544,0.55,0.9090909090909091,0.55,0.9649122807017544,0.6666666666666666,0.7878787878787878,0.880701754385965
99,12,53,5,7,0.8441558441558441,0.7726860254083485,0.9137931034482759,0.631578947368421,0.8983050847457628,0.631578947368421,0.9137931034482759,0.6666666666666666,0.7824858757062148,0.8911070780399274
100,12,54,5,6,0.8571428571428571,0.7909604519774012,0.9152542372881356,0.6666666666666666,0.907563025210084,0.6666666666666666,0.9152542372881356,0.6857142857142857,0.7966386554621849,0.8050847457627118
101,12,55,3,7,0.8701298701298701,0.7899274047186933,0.9482758620689655,0.631578947368421,0.9166666666666666,0.631578947368421,0.9482758620689655,0.7058823529411765,0.8112745098039216,0.8393829401088929
102,16,49,5,7,0.8441558441558441,0.8015297906602254,0.9074074074074074,0.6956521739130435,0.8909090909090909,0.6956521739130435,0.9074074074074074,0.7272727272727273,0.8090909090909091,0.8695652173913043
103,13,45,5,14,0.7532467532467533,0.6907407407407408,0.9,0.48148148148148145,0.8256880733944955,0.48148148148148145,0.9,0.5777777777777777,0.7017329255861366,0.8214814814814815
104,16,46,5,10,0.8051948051948052,0.7586726998491704,0.9019607843137255,0.6153846153846154,0.8598130841121495,0.6153846153846154,0.9019607843137255,0.6808510638297872,0.7703320739709684,0.8740573152337858
105,14,53,6,4,0.8701298701298701,0.8380414312617703,0.8983050847457628,0.7777777777777778,0.9137931034482759,0.7777777777777778,0.8983050847457628,0.7368421052631579,0.8253176043557169,0.9340866290018832
106,16,45,4,12,0.7922077922077922,0.7448979591836735,0.9183673469387755,0.5714285714285714,0.8490566037735849,0.5714285714285714,0.9183673469387755,0.6666666666666666,0.7578616352201257,0.8454810495626822
107,14,46,7,10,0.7792207792207793,0.72562893081761,0.8679245283018868,0.5833333333333334,0.8440366972477065,0.5833333333333334,0.8679245283018868,0.6222222222222222,0.7331294597349644,0.8396226415094339
108,15,49,2,11,0.8311688311688312,0.7688536953242835,0.9607843137254902,0.5769230769230769,0.8828828828828829,0.5769230769230769,0.9607843137254902,0.6976744186046512,0.790278650743767,0.8159879336349924
109,20,47,4,6,0.8701298701298701,0.8453996983408748,0.9215686274509803,0.7692307692307693,0.9038461538461539,0.7692307692307693,0.9215686274509803,0.8,0.851923076923077,0.8748114630467572
110,16,47,2,12,0.8181818181818182,0.7653061224489796,0.9591836734693877,0.5714285714285714,0.8703703703703703,0.5714285714285714,0.9591836734693877,0.6956521739130435,0.7830112721417068,0.825801749271137
111,8,57,4,8,0.8441558441558441,0.7172131147540983,0.9344262295081968,0.5,0.9047619047619048,0.5,0.9344262295081968,0.5714285714285714,0.7380952380952381,0.798155737704918
112,16,45,2,14,0.7922077922077922,0.7453900709219858,0.9574468085106383,0.5333333333333333,0.8490566037735849,0.5333333333333333,0.9574468085106383,0.6666666666666666,0.7578616352201257,0.8468085106382979
113,14,55,2,6,0.8961038961038961,0.8324561403508772,0.9649122807017544,0.7,0.9322033898305084,0.7,0.9649122807017544,0.7777777777777778,0.8549905838041432,0.9026315789473683
114,14,45,8,10,0.7662337662337663,0.7161949685534592,0.8490566037735849,0.5833333333333334,0.8333333333333334,0.5833333333333334,0.8490566037735849,0.6086956521739131,0.7210144927536233,0.7900943396226415
115,18,44,7,8,0.8051948051948052,0.777526395173454,0.8627450980392157,0.6923076923076923,0.8543689320388349,0.6923076923076923,0.8627450980392157,0.7058823529411765,0.7801256424900057,0.868024132730015
116,13,55,4,5,0.8831168831168831,0.8272128060263653,0.9322033898305084,0.7222222222222222,0.9243697478991597,0.7222222222222222,0.9322033898305084,0.7428571428571429,0.8336134453781513,0.8851224105461393
117,13,47,7,10,0.7792207792207793,0.7177938808373591,0.8703703703703703,0.5652173913043478,0.8468468468468469,0.5652173913043478,0.8703703703703703,0.6046511627906976,0.7257490048187722,0.8615136876006441
118,13,52,1,11,0.8441558441558441,0.7613993710691824,0.9811320754716981,0.5416666666666666,0.896551724137931,0.5416666666666666,0.9811320754716981,0.6842105263157895,0.7903811252268602,0.9017295597484277
119,13,54,4,6,0.8701298701298701,0.8076225045372051,0.9310344827586207,0.6842105263157895,0.9152542372881356,0.6842105263157895,0.9310344827586207,0.7222222222222222,0.8187382297551788,0.8629764065335752
120,11,57,2,7,0.8831168831168831,0.7886064030131827,0.9661016949152542,0.6111111111111112,0.926829268292683,0.6111111111111112,0.9661016949152542,0.7096774193548387,0.8182533438237609,0.8879472693032014
121,15,46,5,11,0.7922077922077922,0.7394419306184012,0.9019607843137255,0.5769230769230769,0.8518518518518519,0.5769230769230769,0.9019607843137255,0.6521739130434783,0.7520128824476651,0.8544494720965309
122,17,48,3,9,0.8441558441558441,0.7975113122171946,0.9411764705882353,0.6538461538461539,0.8888888888888888,0.6538461538461539,0.9411764705882353,0.7391304347826086,0.8140096618357487,0.8627450980392157
123,13,48,5,11,0.7922077922077922,0.7236635220125787,0.9056603773584906,0.5416666666666666,0.8571428571428571,0.5416666666666666,0.9056603773584906,0.6190476190476191,0.7380952380952381,0.8058176100628931
124,9,57,5,6,0.8571428571428571,0.7596774193548387,0.9193548387096774,0.6,0.912,0.6,0.9193548387096774,0.6206896551724138,0.7663448275862069,0.7741935483870968
125,9,55,6,7,0.8311688311688312,0.7320696721311475,0.9016393442622951,0.5625,0.8943089430894309,0.5625,0.9016393442622951,0.5806451612903226,0.7374770521898768,0.8247950819672131
126,7,54,5,11,0.7922077922077922,0.6520715630885122,0.9152542372881356,0.3888888888888889,0.8709677419354839,0.3888888888888889,0.9152542372881356,0.4666666666666667,0.6688172043010753,0.6836158192090396
127,21,37,5,14,0.7532467532467533,0.7404761904761905,0.8809523809523809,0.6,0.7956989247311828,0.6,0.8809523809523809,0.6885245901639344,0.7421117574475586,0.8414965986394558
128,12,51,2,12,0.8181818181818182,0.7311320754716981,0.9622641509433962,0.5,0.8793103448275862,0.5,0.9622641509433962,0.631578947368421,0.7554446460980035,0.7971698113207546
129,12,50,6,9,0.8051948051948052,0.7321428571428572,0.8928571428571429,0.5714285714285714,0.8695652173913043,0.5714285714285714,0.8928571428571429,0.6153846153846154,0.7424749163879598,0.8010204081632653
130,10,51,5,11,0.7922077922077922,0.6934523809523809,0.9107142857142857,0.47619047619047616,0.864406779661017,0.47619047619047616,0.9107142857142857,0.5555555555555556,0.7099811676082863,0.7414965986394558
131,12,52,2,11,0.8311688311688312,0.7423510466988728,0.9629629629629629,0.5217391304347826,0.8888888888888888,0.5217391304347826,0.9629629629629629,0.6486486486486487,0.7687687687687688,0.8743961352657005
132,11,55,5,6,0.8571428571428571,0.7818627450980392,0.9166666666666666,0.6470588235294118,0.9090909090909091,0.6470588235294118,0.9166666666666666,0.6666666666666666,0.7878787878787878,0.8813725490196078
133,12,58,3,4,0.9090909090909091,0.8504098360655737,0.9508196721311475,0.75,0.943089430894309,0.75,0.9508196721311475,0.7741935483870968,0.8586414896407029,0.930327868852459
134,13,55,3,6,0.8831168831168831,0.8162431941923776,0.9482758620689655,0.6842105263157895,0.9243697478991597,0.6842105263157895,0.9482758620689655,0.7428571428571429,0.8336134453781513,0.8865698729582577
135,9,53,3,12,0.8051948051948052,0.6875,0.9464285714285714,0.42857142857142855,0.8760330578512396,0.42857142857142855,0.9464285714285714,0.5454545454545454,0.7107438016528925,0.8554421768707482
136,12,54,4,7,0.8571428571428571,0.7813067150635209,0.9310344827586207,0.631578947368421,0.907563025210084,0.631578947368421,0.9310344827586207,0.6857142857142857,0.7966386554621849,0.8838475499092558
137,17,47,5,8,0.8311688311688312,0.791923076923077,0.9038461538461539,0.68,0.8785046728971962,0.68,0.9038461538461539,0.723404255319149,0.8009544641081726,0.8792307692307693
138,8,56,5,8,0.8311688311688312,0.709016393442623,0.9180327868852459,0.5,0.896,0.5,0.9180327868852459,0.5517241379310345,0.7238620689655173,0.8370901639344263
139,13,53,2,9,0.8571428571428571,0.7772727272727273,0.9636363636363636,0.5909090909090909,0.905982905982906,0.5909090909090909,0.9636363636363636,0.7027027027027027,0.8043428043428044,0.828099173553719
140,11,62,0,4,0.948051948051948,0.8666666666666667,1.0,0.7333333333333333,0.96875,0.7333333333333333,1.0,0.8461538461538461,0.9074519230769231,0.8881720430107527
141,13,48,7,9,0.7922077922077922,0.7318181818181818,0.8727272727272727,0.5909090909090909,0.8571428571428571,0.5909090909090909,0.8727272727272727,0.6190476190476191,0.7380952380952381,0.8041322314049587
142,6,59,0,12,0.8441558441558441,0.6666666666666666,1.0,0.3333333333333333,0.9076923076923077,0.3333333333333333,1.0,0.5,0.7038461538461538,0.8210922787193974
143,13,51,3,10,0.8311688311688312,0.7548309178743962,0.9444444444444444,0.5652173913043478,0.8869565217391304,0.5652173913043478,0.9444444444444444,0.6666666666666666,0.7768115942028986,0.9074074074074074
144,7,53,3,14,0.7792207792207793,0.6398809523809523,0.9464285714285714,0.3333333333333333,0.8617886178861789,0.3333333333333333,0.9464285714285714,0.45161290322580644,0.6567007605559927,0.7568027210884354
145,8,55,6,8,0.8181818181818182,0.7008196721311475,0.9016393442622951,0.5,0.8870967741935484,0.5,0.9016393442622951,0.5333333333333333,0.7102150537634409,0.8237704918032787
146,6,53,7,11,0.7662337662337663,0.6181372549019608,0.8833333333333333,0.35294117647058826,0.8548387096774194,0.35294117647058826,0.8833333333333333,0.4,0.6274193548387097,0.753921568627451
147,17,52,2,6,0.8961038961038961,0.8510466988727858,0.9629629629629629,0.7391304347826086,0.9285714285714286,0.7391304347826086,0.9629629629629629,0.8095238095238095,0.8690476190476191,0.9436392914653784
148,13,61,1,2,0.961038961038961,0.9252688172043011,0.9838709677419355,0.8666666666666667,0.976,0.8666666666666667,0.9838709677419355,0.896551724137931,0.9362758620689655,0.9440860215053763
149,11,54,1,11,0.8441558441558441,0.740909090909091,0.9818181818181818,0.5,0.9,0.5,0.9818181818181818,0.6470588235294118,0.7735294117647059,0.915702479338843
150,16,46,3,12,0.8051948051948052,0.7551020408163265,0.9387755102040817,0.5714285714285714,0.8598130841121495,0.5714285714285714,0.9387755102040817,0.6808510638297872,0.7703320739709684,0.8811953352769679
151,6,57,1,13,0.8181818181818182,0.6492740471869328,0.9827586206896551,0.3157894736842105,0.890625,0.3157894736842105,0.9827586206896551,0.46153846153846156,0.6760817307692308,0.7386569872958257
152,9,57,6,5,0.8571428571428571,0.7738095238095238,0.9047619047619048,0.6428571428571429,0.912,0.6428571428571429,0.9047619047619048,0.6206896551724138,0.7663448275862069,0.8616780045351474
153,20,41,5,11,0.7922077922077922,0.7682328190743337,0.8913043478260869,0.6451612903225806,0.8367346938775511,0.6451612903225806,0.8913043478260869,0.7142857142857143,0.7755102040816326,0.8330995792426368
154,14,46,6,11,0.7792207792207793,0.7223076923076923,0.8846153846153846,0.56,0.8440366972477065,0.56,0.8846153846153846,0.6222222222222222,0.7331294597349644,0.8192307692307693
155,18,50,1,8,0.8831168831168831,0.8363499245852186,0.9803921568627451,0.6923076923076923,0.9174311926605505,0.6923076923076923,0.9803921568627451,0.8,0.8587155963302753,0.9177978883861236
156,13,54,4,6,0.8701298701298701,0.8076225045372051,0.9310344827586207,0.6842105263157895,0.9152542372881356,0.6842105263157895,0.9310344827586207,0.7222222222222222,0.8187382297551788,0.8720508166969148
157,14,51,6,6,0.8441558441558441,0.7973684210526315,0.8947368421052632,0.7,0.8947368421052632,0.7,0.8947368421052632,0.7,0.7973684210526315,0.9000000000000001
158,9,59,3,6,0.8831168831168831,0.7758064516129033,0.9516129032258065,0.6,0.9291338582677166,0.6,0.9516129032258065,0.6666666666666666,0.7979002624671916,0.7559139784946236
159,8,60,2,7,0.8831168831168831,0.7505376344086021,0.967741935483871,0.5333333333333333,0.9302325581395349,0.5333333333333333,0.967741935483871,0.64,0.7851162790697674,0.8419354838709677
160,10,52,3,12,0.8051948051948052,0.7,0.9454545454545454,0.45454545454545453,0.8739495798319328,0.45454545454545453,0.9454545454545454,0.5714285714285714,0.7226890756302521,0.8024793388429752
161,9,51,7,10,0.7792207792207793,0.676497277676951,0.8793103448275862,0.47368421052631576,0.8571428571428571,0.47368421052631576,0.8793103448275862,0.5142857142857142,0.6857142857142857,0.7713248638838475
162,11,56,2,8,0.8701298701298701,0.7722323049001816,0.9655172413793104,0.5789473684210527,0.9180327868852459,0.5789473684210527,0.9655172413793104,0.6875,0.802766393442623,0.8874773139745916
163,11,58,4,4,0.8961038961038961,0.8344086021505376,0.9354838709677419,0.7333333333333333,0.9354838709677419,0.7333333333333333,0.9354838709677419,0.7333333333333333,0.8344086021505376,0.9043010752688171
164,12,61,1,3,0.948051948051948,0.8919354838709678,0.9838709677419355,0.8,0.9682539682539683,0.8,0.9838709677419355,0.8571428571428571,0.9126984126984127,0.9150537634408603
165,16,49,2,10,0.8441558441558441,0.7880844645550529,0.9607843137254902,0.6153846153846154,0.8909090909090909,0.6153846153846154,0.9607843137254902,0.7272727272727273,0.8090909090909091,0.8514328808446455
166,13,57,2,5,0.9090909090909091,0.8441619585687382,0.9661016949152542,0.7222222222222222,0.9421487603305785,0.7222222222222222,0.9661016949152542,0.7878787878787878,0.8650137741046832,0.9114877589453861
167,13,49,5,10,0.8051948051948052,0.7363123993558776,0.9074074074074074,0.5652173913043478,0.8672566371681416,0.5652173913043478,0.9074074074074074,0.6341463414634146,0.7507014893157782,0.8397745571658615
168,9,50,6,12,0.7662337662337663,0.6607142857142857,0.8928571428571429,0.42857142857142855,0.847457627118644,0.42857142857142855,0.8928571428571429,0.5,0.673728813559322,0.7559523809523809
169,13,47,4,13,0.7792207792207793,0.7107843137254901,0.9215686274509803,0.5,0.8468468468468469,0.5,0.9215686274509803,0.6046511627906976,0.7257490048187722,0.8333333333333333
170,11,57,4,5,0.8831168831168831,0.8109631147540983,0.9344262295081968,0.6875,0.926829268292683,0.6875,0.9344262295081968,0.7096774193548387,0.8182533438237609,0.8627049180327868
171,14,56,1,6,0.9090909090909091,0.8412280701754385,0.9824561403508771,0.7,0.9411764705882353,0.7,0.9824561403508771,0.8,0.8705882352941177,0.9026315789473685
172,14,45,5,13,0.7662337662337663,0.7092592592592593,0.9,0.5185185185185185,0.8333333333333334,0.5185185185185185,0.9,0.6086956521739131,0.7210144927536233,0.8051851851851852
173,9,55,2,11,0.8311688311688312,0.7074561403508772,0.9649122807017544,0.45,0.8943089430894309,0.45,0.9649122807017544,0.5806451612903226,0.7374770521898768,0.875438596491228
174,13,50,2,12,0.8181818181818182,0.7407692307692308,0.9615384615384616,0.52,0.8771929824561403,0.52,0.9615384615384616,0.65,0.7635964912280702,0.8561538461538462
175,9,54,4,10,0.8181818181818182,0.7023593466424682,0.9310344827586207,0.47368421052631576,0.8852459016393442,0.47368421052631576,0.9310344827586207,0.5625,0.7238729508196722,0.8439201451905626
176,9,54,5,9,0.8181818181818182,0.7076271186440678,0.9152542372881356,0.5,0.8852459016393442,0.5,0.9152542372881356,0.5625,0.7238729508196722,0.8427495291902071
177,7,60,1,9,0.8701298701298701,0.7105532786885246,0.9836065573770492,0.4375,0.9230769230769231,0.4375,0.9836065573770492,0.5833333333333334,0.7532051282051282,0.7756147540983607
178,11,56,4,6,0.8701298701298701,0.7901960784313726,0.9333333333333333,0.6470588235294118,0.9180327868852459,0.6470588235294118,0.9333333333333333,0.6875,0.802766393442623,0.8960784313725491
179,14,49,3,11,0.8181818181818182,0.7511538461538462,0.9423076923076923,0.56,0.875,0.56,0.9423076923076923,0.6666666666666666,0.7708333333333333,0.8338461538461538
180,12,54,4,7,0.8571428571428571,0.7813067150635209,0.9310344827586207,0.631578947368421,0.907563025210084,0.631578947368421,0.9310344827586207,0.6857142857142857,0.7966386554621849,0.8402903811252269
181,9,58,4,6,0.8701298701298701,0.7677419354838709,0.9354838709677419,0.6,0.9206349206349206,0.6,0.9354838709677419,0.6428571428571429,0.7817460317460317,0.8720430107526881
182,8,55,3,11,0.8181818181818182,0.6846642468239564,0.9482758620689655,0.42105263157894735,0.8870967741935484,0.42105263157894735,0.9482758620689655,0.5333333333333333,0.7102150537634409,0.7586206896551724
183,13,50,6,8,0.8181818181818182,0.7559523809523809,0.8928571428571429,0.6190476190476191,0.8771929824561403,0.6190476190476191,0.8928571428571429,0.65,0.7635964912280702,0.7993197278911565
184,13,50,4,10,0.8181818181818182,0.7455716586151369,0.9259259259259259,0.5652173913043478,0.8771929824561403,0.5652173913043478,0.9259259259259259,0.65,0.7635964912280702,0.8590982286634461
185,10,54,5,8,0.8311688311688312,0.7354048964218456,0.9152542372881356,0.5555555555555556,0.8925619834710744,0.5555555555555556,0.9152542372881356,0.6060606060606061,0.7493112947658402,0.8210922787193974
186,10,54,3,10,0.8311688311688312,0.7236842105263157,0.9473684210526315,0.5,0.8925619834710744,0.5,0.9473684210526315,0.6060606060606061,0.7493112947658402,0.8114035087719298
187,12,57,1,7,0.8961038961038961,0.807168784029038,0.9827586206896551,0.631578947368421,0.9344262295081968,0.631578947368421,0.9827586206896551,0.75,0.8422131147540983,0.8439201451905626
188,11,45,4,17,0.7272727272727273,0.6556122448979592,0.9183673469387755,0.39285714285714285,0.8108108108108109,0.39285714285714285,0.9183673469387755,0.5116279069767442,0.6612193588937776,0.7755102040816326
189,6,57,2,12,0.8181818181818182,0.6497175141242938,0.9661016949152542,0.3333333333333333,0.890625,0.3333333333333333,0.9661016949152542,0.46153846153846156,0.6760817307692308,0.7966101694915254
190,8,51,8,10,0.7662337662337663,0.6544256120527308,0.864406779661017,0.4444444444444444,0.85,0.4444444444444444,0.864406779661017,0.47058823529411764,0.6602941176470588,0.6836158192090395
191,10,52,4,11,0.8051948051948052,0.7023809523809523,0.9285714285714286,0.47619047619047616,0.8739495798319328,0.47619047619047616,0.9285714285714286,0.5714285714285714,0.7226890756302521,0.8537414965986394
192,14,42,7,14,0.7272727272727273,0.6785714285714286,0.8571428571428571,0.5,0.8,0.5,0.8571428571428571,0.5714285714285714,0.6857142857142857,0.7667638483965015
193,9,53,2,13,0.8051948051948052,0.6863636363636364,0.9636363636363636,0.4090909090909091,0.8760330578512396,0.4090909090909091,0.9636363636363636,0.5454545454545454,0.7107438016528925,0.8520661157024794
194,13,52,3,9,0.8441558441558441,0.7681818181818182,0.9454545454545454,0.5909090909090909,0.896551724137931,0.5909090909090909,0.9454545454545454,0.6842105263157895,0.7903811252268602,0.8785123966942149
195,12,48,5,12,0.7792207792207793,0.7028301886792453,0.9056603773584906,0.5,0.8495575221238938,0.5,0.9056603773584906,0.5853658536585366,0.7174616878912152,0.8333333333333334
196,11,51,4,11,0.8051948051948052,0.7136363636363636,0.9272727272727272,0.5,0.8717948717948718,0.5,0.9272727272727272,0.5945945945945946,0.7331947331947333,0.7909090909090909
197,13,54,3,7,0.8701298701298701,0.7986842105263158,0.9473684210526315,0.65,0.9152542372881356,0.65,0.9473684210526315,0.7222222222222222,0.8187382297551788,0.893859649122807
198,9,58,5,5,0.8701298701298701,0.7817460317460317,0.9206349206349206,0.6428571428571429,0.9206349206349206,0.6428571428571429,0.9206349206349206,0.6428571428571429,0.7817460317460317,0.86281179138322
199,14,57,0,6,0.922077922077922,0.85,1.0,0.7,0.95,0.7,1.0,0.8235294117647058,0.8867647058823529,0.9368421052631579
200,12,46,6,13,0.7532467532467533,0.6823076923076923,0.8846153846153846,0.48,0.8288288288288288,0.48,0.8846153846153846,0.5581395348837209,0.6934841818562749,0.7653846153846153
201,9,53,10,5,0.8051948051948052,0.7420634920634921,0.8412698412698413,0.6428571428571429,0.8760330578512396,0.6428571428571429,0.8412698412698413,0.5454545454545454,0.7107438016528925,0.854875283446712
202,16,50,3,8,0.8571428571428571,0.8050314465408805,0.9433962264150944,0.6666666666666666,0.9009009009009009,0.6666666666666666,0.9433962264150944,0.7441860465116279,0.8225434737062645,0.9182389937106917
203,10,55,1,11,0.8441558441558441,0.7291666666666666,0.9821428571428571,0.47619047619047616,0.9016393442622951,0.47619047619047616,0.9821428571428571,0.625,0.7633196721311475,0.8129251700680272
204,7,57,3,10,0.8311688311688312,0.6808823529411765,0.95,0.4117647058823529,0.8976377952755905,0.4117647058823529,0.95,0.5185185185185185,0.7080781568970544,0.8362745098039215
205,8,52,6,11,0.7792207792207793,0.6588021778584392,0.896551724137931,0.42105263157894735,0.859504132231405,0.42105263157894735,0.896551724137931,0.48484848484848486,0.6721763085399449,0.7858439201451906
206,14,52,1,10,0.8571428571428571,0.7822327044025157,0.9811320754716981,0.5833333333333334,0.9043478260869565,0.5833333333333334,0.9811320754716981,0.717948717948718,0.8111482720178372,0.9048742138364779
207,13,52,1,11,0.8441558441558441,0.7613993710691824,0.9811320754716981,0.5416666666666666,0.896551724137931,0.5416666666666666,0.9811320754716981,0.6842105263157895,0.7903811252268602,0.8812893081761006
208,11,59,4,3,0.9090909090909091,0.8611111111111112,0.9365079365079365,0.7857142857142857,0.944,0.7857142857142857,0.9365079365079365,0.7586206896551724,0.8513103448275862,0.9126984126984127
209,14,54,1,8,0.8831168831168831,0.8090909090909091,0.9818181818181818,0.6363636363636364,0.9230769230769231,0.6363636363636364,0.9818181818181818,0.7567567567567568,0.83991683991684,0.8479338842975206
210,14,47,4,12,0.7922077922077922,0.7300150829562594,0.9215686274509803,0.5384615384615384,0.8545454545454545,0.5384615384615384,0.9215686274509803,0.6363636363636364,0.7454545454545454,0.8318250377073907
211,9,55,4,9,0.8311688311688312,0.7161016949152542,0.9322033898305084,0.5,0.8943089430894309,0.5,0.9322033898305084,0.5806451612903226,0.7374770521898768,0.8483992467043314
212,9,48,4,16,0.7402597402597403,0.6415384615384616,0.9230769230769231,0.36,0.8275862068965517,0.36,0.9230769230769231,0.47368421052631576,0.6506352087114338,0.7876923076923077
213,13,50,4,10,0.8181818181818182,0.7455716586151369,0.9259259259259259,0.5652173913043478,0.8771929824561403,0.5652173913043478,0.9259259259259259,0.65,0.7635964912280702,0.8188405797101449
214,10,55,2,10,0.8441558441558441,0.7324561403508771,0.9649122807017544,0.5,0.9016393442622951,0.5,0.9649122807017544,0.625,0.7633196721311475,0.8078947368421053
215,12,54,3,8,0.8571428571428571,0.7736842105263158,0.9473684210526315,0.6,0.907563025210084,0.6,0.9473684210526315,0.6857142857142857,0.7966386554621849,0.856140350877193
216,11,56,3,7,0.8701298701298701,0.7801318267419963,0.9491525423728814,0.6111111111111112,0.9180327868852459,0.6111111111111112,0.9491525423728814,0.6875,0.802766393442623,0.8672316384180792
217,8,57,5,7,0.8441558441558441,0.7263440860215054,0.9193548387096774,0.5333333333333333,0.9047619047619048,0.5333333333333333,0.9193548387096774,0.5714285714285714,0.7380952380952381,0.7827956989247312
218,17,44,7,9,0.7922077922077922,0.7582956259426847,0.8627450980392157,0.6538461538461539,0.8461538461538461,0.6538461538461539,0.8627450980392157,0.68,0.7630769230769231,0.8197586726998491
219,8,56,4,9,0.8311688311688312,0.7019607843137254,0.9333333333333333,0.47058823529411764,0.896,0.47058823529411764,0.9333333333333333,0.5517241379310345,0.7238620689655173,0.8372549019607842
220,12,49,3,13,0.7922077922077922,0.7111538461538461,0.9423076923076923,0.48,0.8596491228070176,0.48,0.9423076923076923,0.6,0.7298245614035088,0.8523076923076923
221,11,54,4,8,0.8441558441558441,0.7549909255898366,0.9310344827586207,0.5789473684210527,0.9,0.5789473684210527,0.9310344827586207,0.6470588235294118,0.7735294117647059,0.8339382940108893
222,12,54,5,6,0.8571428571428571,0.7909604519774012,0.9152542372881356,0.6666666666666666,0.907563025210084,0.6666666666666666,0.9152542372881356,0.6857142857142857,0.7966386554621849,0.8709981167608286
223,11,56,6,4,0.8701298701298701,0.8182795698924731,0.9032258064516129,0.7333333333333333,0.9180327868852459,0.7333333333333333,0.9032258064516129,0.6875,0.802766393442623,0.9064516129032258
224,19,46,6,6,0.8441558441558441,0.8223076923076923,0.8846153846153846,0.76,0.8846153846153846,0.76,0.8846153846153846,0.76,0.8223076923076923,0.8707692307692307
225,11,51,6,9,0.8051948051948052,0.7223684210526315,0.8947368421052632,0.55,0.8717948717948718,0.55,0.8947368421052632,0.5945945945945946,0.7331947331947333,0.8333333333333334
226,14,51,3,9,0.8441558441558441,0.7765700483091788,0.9444444444444444,0.6086956521739131,0.8947368421052632,0.6086956521739131,0.9444444444444444,0.7,0.7973684210526315,0.8172302737520128
227,16,52,0,9,0.8831168831168831,0.8200000000000001,1.0,0.64,0.9203539823008849,0.64,1.0,0.7804878048780488,0.8504208935894668,0.893076923076923
228,10,49,8,10,0.7662337662337663,0.6798245614035088,0.8596491228070176,0.5,0.8448275862068966,0.5,0.8596491228070176,0.5263157894736842,0.6855716878402904,0.7728070175438597
229,15,44,6,12,0.7662337662337663,0.7177777777777778,0.88,0.5555555555555556,0.8301886792452831,0.5555555555555556,0.88,0.625,0.7275943396226415,0.7903703703703704
230,14,49,4,10,0.8181818181818182,0.753930817610063,0.9245283018867925,0.5833333333333334,0.875,0.5833333333333334,0.9245283018867925,0.6666666666666666,0.7708333333333333,0.85062893081761
231,16,43,1,17,0.7662337662337663,0.7310606060606061,0.9772727272727273,0.48484848484848486,0.8269230769230769,0.48484848484848486,0.9772727272727273,0.64,0.7334615384615384,0.821625344352617
232,18,48,2,9,0.8571428571428571,0.8133333333333332,0.96,0.6666666666666666,0.897196261682243,0.6666666666666666,0.96,0.7659574468085106,0.8315768542453768,0.8844444444444444
233,12,54,4,7,0.8571428571428571,0.7813067150635209,0.9310344827586207,0.631578947368421,0.907563025210084,0.631578947368421,0.9310344827586207,0.6857142857142857,0.7966386554621849,0.8793103448275862
234,16,53,2,6,0.8961038961038961,0.8454545454545455,0.9636363636363636,0.7272727272727273,0.9298245614035088,0.7272727272727273,0.9636363636363636,0.8,0.8649122807017544,0.8760330578512396
235,12,47,3,15,0.7662337662337663,0.6922222222222222,0.94,0.4444444444444444,0.8392857142857143,0.4444444444444444,0.94,0.5714285714285714,0.7053571428571428,0.8333333333333334
236,7,51,6,13,0.7532467532467533,0.6223684210526316,0.8947368421052632,0.35,0.8429752066115702,0.35,0.8947368421052632,0.42424242424242425,0.6336088154269972,0.7807017543859649
237,10,51,5,11,0.7922077922077922,0.6934523809523809,0.9107142857142857,0.47619047619047616,0.864406779661017,0.47619047619047616,0.9107142857142857,0.5555555555555556,0.7099811676082863,0.8494897959183674
238,17,47,6,7,0.8311688311688312,0.7975628930817611,0.8867924528301887,0.7083333333333334,0.8785046728971962,0.7083333333333334,0.8867924528301887,0.723404255319149,0.8009544641081726,0.8569182389937107
239,12,49,7,9,0.7922077922077922,0.7232142857142857,0.875,0.5714285714285714,0.8596491228070176,0.5714285714285714,0.875,0.6,0.7298245614035088,0.8018707482993197
240,7,51,6,13,0.7532467532467533,0.6223684210526316,0.8947368421052632,0.35,0.8429752066115702,0.35,0.8947368421052632,0.42424242424242425,0.6336088154269972,0.7254385964912281
241,11,50,5,11,0.7922077922077922,0.7045454545454546,0.9090909090909091,0.5,0.8620689655172413,0.5,0.9090909090909091,0.5789473684210527,0.720508166969147,0.812396694214876
242,9,55,5,8,0.8311688311688312,0.7230392156862745,0.9166666666666666,0.5294117647058824,0.8943089430894309,0.5294117647058824,0.9166666666666666,0.5806451612903226,0.7374770521898768,0.8284313725490196
243,14,52,1,10,0.8571428571428571,0.7822327044025157,0.9811320754716981,0.5833333333333334,0.9043478260869565,0.5833333333333334,0.9811320754716981,0.717948717948718,0.8111482720178372,0.8592767295597484
244,9,47,6,15,0.7272727272727273,0.6308962264150944,0.8867924528301887,0.375,0.8173913043478261,0.375,0.8867924528301887,0.46153846153846156,0.6394648829431439,0.7523584905660378
245,11,56,4,6,0.8701298701298701,0.7901960784313726,0.9333333333333333,0.6470588235294118,0.9180327868852459,0.6470588235294118,0.9333333333333333,0.6875,0.802766393442623,0.9088235294117648
246,14,51,3,9,0.8441558441558441,0.7765700483091788,0.9444444444444444,0.6086956521739131,0.8947368421052632,0.6086956521739131,0.9444444444444444,0.7,0.7973684210526315,0.8518518518518519
247,10,54,5,8,0.8311688311688312,0.7354048964218456,0.9152542372881356,0.5555555555555556,0.8925619834710744,0.5555555555555556,0.9152542372881356,0.6060606060606061,0.7493112947658402,0.8512241054613936
248,12,52,6,7,0.8311688311688312,0.764065335753176,0.896551724137931,0.631578947368421,0.8888888888888888,0.631578947368421,0.896551724137931,0.6486486486486487,0.7687687687687688,0.8312159709618874
249,10,49,3,15,0.7662337662337663,0.6711538461538462,0.9423076923076923,0.4,0.8448275862068966,0.4,0.9423076923076923,0.5263157894736842,0.6855716878402904,0.7484615384615385
250,6,59,4,8,0.8441558441558441,0.6825396825396826,0.9365079365079365,0.42857142857142855,0.9076923076923077,0.42857142857142855,0.9365079365079365,0.5,0.7038461538461538,0.8287981859410432
251,13,55,3,6,0.8831168831168831,0.8162431941923776,0.9482758620689655,0.6842105263157895,0.9243697478991597,0.6842105263157895,0.9482758620689655,0.7428571428571429,0.8336134453781513,0.9373865698729583
252,10,49,6,12,0.7662337662337663,0.6727272727272727,0.8909090909090909,0.45454545454545453,0.8448275862068966,0.45454545454545453,0.8909090909090909,0.5263157894736842,0.6855716878402904,0.7975206611570248
253,11,52,6,8,0.8181818181818182,0.7377495462794919,0.896551724137931,0.5789473684210527,0.8813559322033898,0.5789473684210527,0.896551724137931,0.6111111111111112,0.7462335216572504,0.7849364791288566
254,17,46,7,7,0.8181818181818182,0.78812893081761,0.8679245283018868,0.7083333333333334,0.8679245283018868,0.7083333333333334,0.8679245283018868,0.7083333333333334,0.78812893081761,0.8294025157232705
255,11,53,4,9,0.8311688311688312,0.7399122807017544,0.9298245614035088,0.55,0.8907563025210085,0.55,0.9298245614035088,0.6285714285714286,0.7596638655462185,0.8526315789473684
256,14,49,5,9,0.8181818181818182,0.7580515297906603,0.9074074074074074,0.6086956521739131,0.875,0.6086956521739131,0.9074074074074074,0.6666666666666666,0.7708333333333333,0.8059581320450885
257,13,48,2,14,0.7922077922077922,0.7207407407407407,0.96,0.48148148148148145,0.8571428571428571,0.48148148148148145,0.96,0.6190476190476191,0.7380952380952381,0.802962962962963
258,12,54,6,5,0.8571428571428571,0.8029411764705883,0.9,0.7058823529411765,0.907563025210084,0.7058823529411765,0.9,0.6857142857142857,0.7966386554621849,0.8333333333333333
259,17,47,4,9,0.8311688311688312,0.7877073906485671,0.9215686274509803,0.6538461538461539,0.8785046728971962,0.6538461538461539,0.9215686274509803,0.723404255319149,0.8009544641081726,0.8657616892911011
260,12,58,4,3,0.9090909090909091,0.8677419354838709,0.9354838709677419,0.8,0.943089430894309,0.8,0.9354838709677419,0.7741935483870968,0.8586414896407029,0.9494623655913978
261,14,44,8,11,0.7532467532467533,0.7030769230769232,0.8461538461538461,0.56,0.822429906542056,0.56,0.8461538461538461,0.5957446808510638,0.70908729369656,0.8246153846153845
262,18,48,3,8,0.8571428571428571,0.8167420814479638,0.9411764705882353,0.6923076923076923,0.897196261682243,0.6923076923076923,0.9411764705882353,0.7659574468085106,0.8315768542453768,0.8929110105580694
263,8,56,3,10,0.8311688311688312,0.6967984934086628,0.9491525423728814,0.4444444444444444,0.896,0.4444444444444444,0.9491525423728814,0.5517241379310345,0.7238620689655173,0.8022598870056497
264,14,50,4,9,0.8311688311688312,0.7673107890499196,0.9259259259259259,0.6086956521739131,0.8849557522123894,0.6086956521739131,0.9259259259259259,0.6829268292682927,0.7839412907403411,0.8663446054750403
265,8,54,1,14,0.8051948051948052,0.6727272727272727,0.9818181818181818,0.36363636363636365,0.8780487804878049,0.36363636363636365,0.9818181818181818,0.5161290322580645,0.6970889063729346,0.8545454545454546
266,18,51,7,1,0.8961038961038961,0.9133393829401089,0.8793103448275862,0.9473684210526315,0.9272727272727272,0.9473684210526315,0.8793103448275862,0.8181818181818182,0.8727272727272728,0.9428312159709619
267,9,59,2,7,0.8831168831168831,0.7648565573770492,0.9672131147540983,0.5625,0.9291338582677166,0.5625,0.9672131147540983,0.6666666666666666,0.7979002624671916,0.8370901639344263
268,20,45,2,10,0.8441558441558441,0.8120567375886525,0.9574468085106383,0.6666666666666666,0.8823529411764706,0.6666666666666666,0.9574468085106383,0.7692307692307693,0.8257918552036199,0.8574468085106383
269,9,56,5,7,0.8441558441558441,0.740266393442623,0.9180327868852459,0.5625,0.9032258064516129,0.5625,0.9180327868852459,0.6,0.7516129032258064,0.8073770491803278
270,15,52,5,5,0.8701298701298701,0.831140350877193,0.9122807017543859,0.75,0.9122807017543859,0.75,0.9122807017543859,0.75,0.831140350877193,0.8991228070175439
271,8,55,3,11,0.8181818181818182,0.6846642468239564,0.9482758620689655,0.42105263157894735,0.8870967741935484,0.42105263157894735,0.9482758620689655,0.5333333333333333,0.7102150537634409,0.778584392014519
272,13,50,3,11,0.8181818181818182,0.7425314465408805,0.9433962264150944,0.5416666666666666,0.8771929824561403,0.5416666666666666,0.9433962264150944,0.65,0.7635964912280702,0.8388364779874213
273,13,49,4,11,0.8051948051948052,0.7330974842767295,0.9245283018867925,0.5416666666666666,0.8672566371681416,0.5416666666666666,0.9245283018867925,0.6341463414634146,0.7507014893157782,0.8333333333333334
274,13,53,4,7,0.8571428571428571,0.7899122807017545,0.9298245614035088,0.65,0.905982905982906,0.65,0.9298245614035088,0.7027027027027027,0.8043428043428044,0.8517543859649124
275,12,59,3,3,0.922077922077922,0.8758064516129033,0.9516129032258065,0.8,0.9516129032258065,0.8,0.9516129032258065,0.8,0.8758064516129033,0.9096774193548387
276,13,53,4,7,0.8571428571428571,0.7899122807017545,0.9298245614035088,0.65,0.905982905982906,0.65,0.9298245614035088,0.7027027027027027,0.8043428043428044,0.8122807017543859
277,13,53,3,8,0.8571428571428571,0.7827380952380952,0.9464285714285714,0.6190476190476191,0.905982905982906,0.6190476190476191,0.9464285714285714,0.7027027027027027,0.8043428043428044,0.8877551020408163
278,12,48,5,12,0.7792207792207793,0.7028301886792453,0.9056603773584906,0.5,0.8495575221238938,0.5,0.9056603773584906,0.5853658536585366,0.7174616878912152,0.8191823899371069
279,9,58,7,3,0.8701298701298701,0.8211538461538461,0.8923076923076924,0.75,0.9206349206349206,0.75,0.8923076923076924,0.6428571428571429,0.7817460317460317,0.9423076923076924
280,11,54,5,7,0.8441558441558441,0.7631826741996234,0.9152542372881356,0.6111111111111112,0.9,0.6111111111111112,0.9152542372881356,0.6470588235294118,0.7735294117647059,0.8418079096045199
281,11,56,3,7,0.8701298701298701,0.7801318267419963,0.9491525423728814,0.6111111111111112,0.9180327868852459,0.6111111111111112,0.9491525423728814,0.6875,0.802766393442623,0.8361581920903955
282,8,50,9,10,0.7532467532467533,0.6459510357815442,0.847457627118644,0.4444444444444444,0.8403361344537815,0.4444444444444444,0.847457627118644,0.45714285714285713,0.6487394957983194,0.7862523540489642
283,16,44,4,13,0.7792207792207793,0.7341954022988506,0.9166666666666666,0.5517241379310345,0.8380952380952381,0.5517241379310345,0.9166666666666666,0.6530612244897959,0.745578231292517,0.8038793103448276
284,8,54,3,12,0.8051948051948052,0.6736842105263158,0.9473684210526315,0.4,0.8780487804878049,0.4,0.9473684210526315,0.5161290322580645,0.6970889063729346,0.787719298245614
285,9,55,3,10,0.8311688311688312,0.7109800362976406,0.9482758620689655,0.47368421052631576,0.8943089430894309,0.47368421052631576,0.9482758620689655,0.5806451612903226,0.7374770521898768,0.8012704174228675
286,16,51,4,6,0.8701298701298701,0.8272727272727273,0.9272727272727272,0.7272727272727273,0.9107142857142857,0.7272727272727273,0.9272727272727272,0.7619047619047619,0.8363095238095237,0.8851239669421487
287,11,49,4,13,0.7792207792207793,0.6914308176100629,0.9245283018867925,0.4583333333333333,0.8521739130434782,0.4583333333333333,0.9245283018867925,0.5641025641025641,0.7081382385730212,0.8199685534591195
288,11,47,8,11,0.7532467532467533,0.6772727272727272,0.8545454545454545,0.5,0.831858407079646,0.5,0.8545454545454545,0.5365853658536586,0.6842218864666523,0.7702479338842976
289,11,53,9,4,0.8311688311688312,0.7940860215053763,0.8548387096774194,0.7333333333333333,0.8907563025210085,0.7333333333333333,0.8548387096774194,0.6285714285714286,0.7596638655462185,0.8655913978494624
290,12,59,0,6,0.922077922077922,0.8333333333333333,1.0,0.6666666666666666,0.9516129032258065,0.6666666666666666,1.0,0.8,0.8758064516129033,0.9039548022598871
291,13,52,3,9,0.8441558441558441,0.7681818181818182,0.9454545454545454,0.5909090909090909,0.896551724137931,0.5909090909090909,0.9454545454545454,0.6842105263157895,0.7903811252268602,0.8826446280991735
292,13,51,5,8,0.8311688311688312,0.7648809523809523,0.9107142857142857,0.6190476190476191,0.8869565217391304,0.6190476190476191,0.9107142857142857,0.6666666666666666,0.7768115942028986,0.8333333333333333
293,12,50,4,11,0.8051948051948052,0.7238325281803543,0.9259259259259259,0.5217391304347826,0.8695652173913043,0.5217391304347826,0.9259259259259259,0.6153846153846154,0.7424749163879598,0.8317230273752013
294,11,48,5,13,0.7662337662337663,0.6819968553459119,0.9056603773584906,0.4583333333333333,0.8421052631578947,0.4583333333333333,0.9056603773584906,0.55,0.6960526315789474,0.7224842767295597
295,19,46,5,7,0.8441558441558441,0.8163650075414781,0.9019607843137255,0.7307692307692307,0.8846153846153846,0.7307692307692307,0.9019607843137255,0.76,0.8223076923076923,0.8785822021116139
296,11,57,5,4,0.8831168831168831,0.8263440860215053,0.9193548387096774,0.7333333333333333,0.926829268292683,0.7333333333333333,0.9193548387096774,0.7096774193548387,0.8182533438237609,0.8741935483870968
297,8,52,6,11,0.7792207792207793,0.6588021778584392,0.896551724137931,0.42105263157894735,0.859504132231405,0.42105263157894735,0.896551724137931,0.48484848484848486,0.6721763085399449,0.7450090744101633
298,9,61,2,5,0.9090909090909091,0.8055555555555556,0.9682539682539683,0.6428571428571429,0.9457364341085271,0.6428571428571429,0.9682539682539683,0.72,0.8328682170542636,0.8208616780045352
299,15,48,3,11,0.8181818181818182,0.7590497737556561,0.9411764705882353,0.5769230769230769,0.8727272727272727,0.5769230769230769,0.9411764705882353,0.6818181818181818,0.7772727272727272,0.8733031674208145
300,14,54,5,4,0.8831168831168831,0.8465160075329567,0.9152542372881356,0.7777777777777778,0.9230769230769231,0.7777777777777778,0.9152542372881356,0.7567567567567568,0.83991683991684,0.8888888888888888
301,13,55,6,3,0.8831168831168831,0.8570696721311475,0.9016393442622951,0.8125,0.9243697478991597,0.8125,0.9016393442622951,0.7428571428571429,0.8336134453781513,0.8965163934426229
302,15,54,3,5,0.8961038961038961,0.8486842105263157,0.9473684210526315,0.75,0.9310344827586207,0.75,0.9473684210526315,0.7894736842105263,0.8602540834845736,0.9157894736842105
303,16,55,3,3,0.922077922077922,0.8951905626134301,0.9482758620689655,0.8421052631578947,0.9482758620689655,0.8421052631578947,0.9482758620689655,0.8421052631578947,0.8951905626134301,0.9201451905626133
304,16,48,3,10,0.8311688311688312,0.7782805429864253,0.9411764705882353,0.6153846153846154,0.8807339449541285,0.6153846153846154,0.9411764705882353,0.7111111111111111,0.7959225280326199,0.8514328808446456
305,16,49,5,7,0.8441558441558441,0.8015297906602254,0.9074074074074074,0.6956521739130435,0.8909090909090909,0.6956521739130435,0.9074074074074074,0.7272727272727273,0.8090909090909091,0.8856682769726248
306,8,57,3,9,0.8441558441558441,0.7102941176470587,0.95,0.47058823529411764,0.9047619047619048,0.47058823529411764,0.95,0.5714285714285714,0.7380952380952381,0.8166666666666667
307,7,58,3,9,0.8441558441558441,0.6941598360655737,0.9508196721311475,0.4375,0.90625,0.4375,0.9508196721311475,0.5384615384615384,0.7223557692307692,0.7264344262295082
308,11,53,7,6,0.8311688311688312,0.7651960784313725,0.8833333333333333,0.6470588235294118,0.8907563025210085,0.6470588235294118,0.8833333333333333,0.6285714285714286,0.7596638655462185,0.8294117647058823
309,8,54,7,8,0.8051948051948052,0.6926229508196722,0.8852459016393442,0.5,0.8780487804878049,0.5,0.8852459016393442,0.5161290322580645,0.6970889063729346,0.8575819672131147
310,8,53,5,11,0.7922077922077922,0.6674228675136116,0.9137931034482759,0.42105263157894735,0.8688524590163934,0.42105263157894735,0.9137931034482759,0.5,0.6844262295081966,0.7087114337568058
311,7,55,5,10,0.8051948051948052,0.6642156862745098,0.9166666666666666,0.4117647058823529,0.88,0.4117647058823529,0.9166666666666666,0.4827586206896552,0.6813793103448276,0.7431372549019608
312,8,52,9,8,0.7792207792207793,0.6762295081967213,0.8524590163934426,0.5,0.859504132231405,0.5,0.8524590163934426,0.48484848484848486,0.6721763085399449,0.7551229508196722
313,13,47,7,10,0.7792207792207793,0.7177938808373591,0.8703703703703703,0.5652173913043478,0.8468468468468469,0.5652173913043478,0.8703703703703703,0.6046511627906976,0.7257490048187722,0.8115942028985508
314,8,54,5,10,0.8051948051948052,0.67984934086629,0.9152542372881356,0.4444444444444444,0.8780487804878049,0.4444444444444444,0.9152542372881356,0.5161290322580645,0.6970889063729346,0.7919020715630884
315,15,54,1,7,0.8961038961038961,0.8318181818181818,0.9818181818181818,0.6818181818181818,0.9310344827586207,0.6818181818181818,0.9818181818181818,0.7894736842105263,0.8602540834845736,0.9090909090909091
316,11,54,5,7,0.8441558441558441,0.7631826741996234,0.9152542372881356,0.6111111111111112,0.9,0.6111111111111112,0.9152542372881356,0.6470588235294118,0.7735294117647059,0.867231638418079
317,14,52,5,6,0.8571428571428571,0.8061403508771929,0.9122807017543859,0.7,0.9043478260869565,0.7,0.9122807017543859,0.717948717948718,0.8111482720178372,0.8087719298245614
318,11,51,4,11,0.8051948051948052,0.7136363636363636,0.9272727272727272,0.5,0.8717948717948718,0.5,0.9272727272727272,0.5945945945945946,0.7331947331947333,0.7900826446280992
319,10,51,6,10,0.7922077922077922,0.6973684210526316,0.8947368421052632,0.5,0.864406779661017,0.5,0.8947368421052632,0.5555555555555556,0.7099811676082863,0.774561403508772
320,8,56,5,8,0.8311688311688312,0.709016393442623,0.9180327868852459,0.5,0.896,0.5,0.9180327868852459,0.5517241379310345,0.7238620689655173,0.8381147540983607
321,16,42,7,12,0.7532467532467533,0.7142857142857142,0.8571428571428571,0.5714285714285714,0.8155339805825242,0.5714285714285714,0.8571428571428571,0.6274509803921569,0.7214924804873406,0.8316326530612245
322,12,56,4,5,0.8831168831168831,0.8196078431372549,0.9333333333333333,0.7058823529411765,0.9256198347107438,0.7058823529411765,0.9333333333333333,0.7272727272727273,0.8264462809917356,0.8803921568627451
323,12,55,4,6,0.8701298701298701,0.7994350282485876,0.9322033898305084,0.6666666666666666,0.9166666666666666,0.6666666666666666,0.9322033898305084,0.7058823529411765,0.8112745098039216,0.8653483992467044
324,20,45,3,9,0.8441558441558441,0.8135775862068966,0.9375,0.6896551724137931,0.8823529411764706,0.6896551724137931,0.9375,0.7692307692307693,0.8257918552036199,0.9195402298850575
325,16,48,1,12,0.8311688311688312,0.7755102040816326,0.9795918367346939,0.5714285714285714,0.8807339449541285,0.5714285714285714,0.9795918367346939,0.7111111111111111,0.7959225280326199,0.8782798833819243
326,10,52,4,11,0.8051948051948052,0.7023809523809523,0.9285714285714286,0.47619047619047616,0.8739495798319328,0.47619047619047616,0.9285714285714286,0.5714285714285714,0.7226890756302521,0.8290816326530612
327,11,59,3,4,0.9090909090909091,0.8424731182795699,0.9516129032258065,0.7333333333333333,0.944,0.7333333333333333,0.9516129032258065,0.7586206896551724,0.8513103448275862,0.9139784946236559
328,10,53,5,9,0.8181818181818182,0.72005444646098,0.9137931034482759,0.5263157894736842,0.8833333333333333,0.5263157894736842,0.9137931034482759,0.5882352941176471,0.7357843137254902,0.8257713248638837
329,11,53,4,9,0.8311688311688312,0.7399122807017544,0.9298245614035088,0.55,0.8907563025210085,0.55,0.9298245614035088,0.6285714285714286,0.7596638655462185,0.819298245614035
330,16,51,4,6,0.8701298701298701,0.8272727272727273,0.9272727272727272,0.7272727272727273,0.9107142857142857,0.7272727272727273,0.9272727272727272,0.7619047619047619,0.8363095238095237,0.9057851239669421
331,14,46,6,11,0.7792207792207793,0.7223076923076923,0.8846153846153846,0.56,0.8440366972477065,0.56,0.8846153846153846,0.6222222222222222,0.7331294597349644,0.8223076923076922
332,13,52,4,8,0.8441558441558441,0.7738095238095238,0.9285714285714286,0.6190476190476191,0.896551724137931,0.6190476190476191,0.9285714285714286,0.6842105263157895,0.7903811252268602,0.8681972789115646
333,21,45,5,6,0.8571428571428571,0.8388888888888889,0.9,0.7777777777777778,0.8910891089108911,0.7777777777777778,0.9,0.7924528301886793,0.8417709695497853,0.8637037037037038
334,20,50,3,4,0.9090909090909091,0.8883647798742138,0.9433962264150944,0.8333333333333334,0.9345794392523364,0.8333333333333334,0.9433962264150944,0.851063829787234,0.8928216345197852,0.9213836477987422
335,11,56,3,7,0.8701298701298701,0.7801318267419963,0.9491525423728814,0.6111111111111112,0.9180327868852459,0.6111111111111112,0.9491525423728814,0.6875,0.802766393442623,0.8418079096045198
336,16,46,4,11,0.8051948051948052,0.7562962962962962,0.92,0.5925925925925926,0.8598130841121495,0.5925925925925926,0.92,0.6808510638297872,0.7703320739709684,0.8614814814814814
337,10,57,6,4,0.8701298701298701,0.8095238095238095,0.9047619047619048,0.7142857142857143,0.9193548387096774,0.7142857142857143,0.9047619047619048,0.6666666666666666,0.793010752688172,0.9195011337868482
338,12,57,2,6,0.8961038961038961,0.8163841807909604,0.9661016949152542,0.6666666666666666,0.9344262295081968,0.6666666666666666,0.9661016949152542,0.75,0.8422131147540983,0.8625235404896422
339,12,52,5,8,0.8311688311688312,0.7561403508771929,0.9122807017543859,0.6,0.8888888888888888,0.6,0.9122807017543859,0.6486486486486487,0.7687687687687688,0.8473684210526317
340,10,54,4,9,0.8311688311688312,0.7286751361161524,0.9310344827586207,0.5263157894736842,0.8925619834710744,0.5263157894736842,0.9310344827586207,0.6060606060606061,0.7493112947658402,0.7676950998185118
341,11,51,8,7,0.8051948051948052,0.737758945386064,0.864406779661017,0.6111111111111112,0.8717948717948718,0.6111111111111112,0.864406779661017,0.5945945945945946,0.7331947331947333,0.8474576271186441
342,9,51,6,11,0.7792207792207793,0.6723684210526316,0.8947368421052632,0.45,0.8571428571428571,0.45,0.8947368421052632,0.5142857142857142,0.6857142857142857,0.7447368421052631
343,7,56,9,5,0.8181818181818182,0.7224358974358975,0.8615384615384616,0.5833333333333334,0.8888888888888888,0.5833333333333334,0.8615384615384616,0.5,0.6944444444444444,0.7923076923076923
344,11,51,4,11,0.8051948051948052,0.7136363636363636,0.9272727272727272,0.5,0.8717948717948718,0.5,0.9272727272727272,0.5945945945945946,0.7331947331947333,0.8355371900826447
345,11,50,5,11,0.7922077922077922,0.7045454545454546,0.9090909090909091,0.5,0.8620689655172413,0.5,0.9090909090909091,0.5789473684210527,0.720508166969147,0.7553719008264463
346,18,43,6,10,0.7922077922077922,0.7602040816326531,0.8775510204081632,0.6428571428571429,0.8431372549019608,0.6428571428571429,0.8775510204081632,0.6923076923076923,0.7677224736048265,0.858600583090379
347,10,54,5,8,0.8311688311688312,0.7354048964218456,0.9152542372881356,0.5555555555555556,0.8925619834710744,0.5555555555555556,0.9152542372881356,0.6060606060606061,0.7493112947658402,0.8587570621468927
348,10,61,3,3,0.922077922077922,0.8611778846153846,0.953125,0.7692307692307693,0.953125,0.7692307692307693,0.953125,0.7692307692307693,0.8611778846153846,0.9411057692307693
349,15,44,4,14,0.7662337662337663,0.7169540229885057,0.9166666666666666,0.5172413793103449,0.8301886792452831,0.5172413793103449,0.9166666666666666,0.625,0.7275943396226415,0.8218390804597702
350,22,43,3,9,0.8441558441558441,0.8222300140252454,0.9347826086956522,0.7096774193548387,0.8775510204081632,0.7096774193548387,0.9347826086956522,0.7857142857142857,0.8316326530612245,0.8962131837307153
351,13,49,3,12,0.8051948051948052,0.7311538461538462,0.9423076923076923,0.52,0.8672566371681416,0.52,0.9423076923076923,0.6341463414634146,0.7507014893157782,0.833076923076923
352,17,51,0,9,0.8831168831168831,0.8269230769230769,1.0,0.6538461538461539,0.918918918918919,0.6538461538461539,1.0,0.7906976744186046,0.8548082966687618,0.8951734539969834
353,8,61,1,7,0.8961038961038961,0.7586021505376344,0.9838709677419355,0.5333333333333333,0.9384615384615385,0.5333333333333333,0.9838709677419355,0.6666666666666666,0.8025641025641026,0.7795698924731183
354,16,46,7,8,0.8051948051948052,0.7672955974842768,0.8679245283018868,0.6666666666666666,0.8598130841121495,0.6666666666666666,0.8679245283018868,0.6808510638297872,0.7703320739709684,0.8836477987421384
355,8,49,4,16,0.7402597402597403,0.6289308176100629,0.9245283018867925,0.3333333333333333,0.8305084745762712,0.3333333333333333,0.9245283018867925,0.4444444444444444,0.6374764595103578,0.7342767295597484
356,16,45,6,10,0.7922077922077922,0.748868778280543,0.8823529411764706,0.6153846153846154,0.8490566037735849,0.6153846153846154,0.8823529411764706,0.6666666666666666,0.7578616352201257,0.7941176470588235
357,14,51,1,11,0.8441558441558441,0.7703846153846154,0.9807692307692307,0.56,0.8947368421052632,0.56,0.9807692307692307,0.7,0.7973684210526315,0.8684615384615384
358,11,50,7,9,0.7922077922077922,0.7135964912280701,0.8771929824561403,0.55,0.8620689655172413,0.55,0.8771929824561403,0.5789473684210527,0.720508166969147,0.7982456140350878
359,15,53,3,6,0.8831168831168831,0.8303571428571428,0.9464285714285714,0.7142857142857143,0.9217391304347826,0.7142857142857143,0.9464285714285714,0.7692307692307693,0.8454849498327759,0.8767006802721089
360,14,54,5,4,0.8831168831168831,0.8465160075329567,0.9152542372881356,0.7777777777777778,0.9230769230769231,0.7777777777777778,0.9152542372881356,0.7567567567567568,0.83991683991684,0.8662900188323918
361,9,61,1,6,0.9090909090909091,0.7919354838709678,0.9838709677419355,0.6,0.9457364341085271,0.6,0.9838709677419355,0.72,0.8328682170542636,0.903225806451613
362,13,56,3,5,0.8961038961038961,0.8356873822975518,0.9491525423728814,0.7222222222222222,0.9333333333333333,0.7222222222222222,0.9491525423728814,0.7647058823529411,0.8490196078431372,0.8587570621468926
363,9,52,5,11,0.7922077922077922,0.6811403508771929,0.9122807017543859,0.45,0.8666666666666667,0.45,0.9122807017543859,0.5294117647058824,0.6980392156862745,0.787719298245614
364,10,58,3,6,0.8831168831168831,0.7879098360655737,0.9508196721311475,0.625,0.928,0.625,0.9508196721311475,0.6896551724137931,0.8088275862068965,0.8217213114754098
365,18,45,8,6,0.8181818181818182,0.7995283018867925,0.8490566037735849,0.75,0.8653846153846154,0.75,0.8490566037735849,0.72,0.7926923076923077,0.9033018867924529
366,7,56,6,8,0.8181818181818182,0.6849462365591398,0.9032258064516129,0.4666666666666667,0.8888888888888888,0.4666666666666667,0.9032258064516129,0.5,0.6944444444444444,0.7946236559139784
367,10,50,5,12,0.7792207792207793,0.6818181818181818,0.9090909090909091,0.45454545454545453,0.8547008547008547,0.45454545454545453,0.9090909090909091,0.5405405405405406,0.6976206976206976,0.6710743801652892
368,10,48,3,16,0.7532467532467533,0.6628959276018099,0.9411764705882353,0.38461538461538464,0.8347826086956521,0.38461538461538464,0.9411764705882353,0.5128205128205128,0.6738015607580825,0.8227752639517345
369,11,56,4,6,0.8701298701298701,0.7901960784313726,0.9333333333333333,0.6470588235294118,0.9180327868852459,0.6470588235294118,0.9333333333333333,0.6875,0.802766393442623,0.8941176470588235
370,11,54,4,8,0.8441558441558441,0.7549909255898366,0.9310344827586207,0.5789473684210527,0.9,0.5789473684210527,0.9310344827586207,0.6470588235294118,0.7735294117647059,0.8411978221415608
371,10,53,5,9,0.8181818181818182,0.72005444646098,0.9137931034482759,0.5263157894736842,0.8833333333333333,0.5263157894736842,0.9137931034482759,0.5882352941176471,0.7357843137254902,0.8275862068965517
372,15,52,1,9,0.8701298701298701,0.8030660377358491,0.9811320754716981,0.625,0.9122807017543859,0.625,0.9811320754716981,0.75,0.831140350877193,0.8765723270440252
373,12,56,1,8,0.8831168831168831,0.7912280701754386,0.9824561403508771,0.6,0.9256198347107438,0.6,0.9824561403508771,0.7272727272727273,0.8264462809917356,0.8403508771929825
374,18,47,4,8,0.8441558441558441,0.8069381598793364,0.9215686274509803,0.6923076923076923,0.8867924528301887,0.6923076923076923,0.9215686274509803,0.75,0.8183962264150944,0.8800904977375567
375,14,45,5,13,0.7662337662337663,0.7092592592592593,0.9,0.5185185185185185,0.8333333333333334,0.5185185185185185,0.9,0.6086956521739131,0.7210144927536233,0.8251851851851851
376,14,53,3,7,0.8701298701298701,0.8065476190476191,0.9464285714285714,0.6666666666666666,0.9137931034482759,0.6666666666666666,0.9464285714285714,0.7368421052631579,0.8253176043557169,0.891156462585034
377,14,50,2,11,0.8311688311688312,0.7607692307692309,0.9615384615384616,0.56,0.8849557522123894,0.56,0.9615384615384616,0.6829268292682927,0.7839412907403411,0.8907692307692308
378,12,46,4,15,0.7532467532467533,0.6822222222222223,0.92,0.4444444444444444,0.8288288288288288,0.4444444444444444,0.92,0.5581395348837209,0.6934841818562749,0.8177777777777777
379,13,53,1,10,0.8571428571428571,0.7733494363929146,0.9814814814814815,0.5652173913043478,0.905982905982906,0.5652173913043478,0.9814814814814815,0.7027027027027027,0.8043428043428044,0.8019323671497585
380,8,54,6,9,0.8051948051948052,0.6852941176470588,0.9,0.47058823529411764,0.8780487804878049,0.47058823529411764,0.9,0.5161290322580645,0.6970889063729346,0.7598039215686274
381,9,57,1,10,0.8571428571428571,0.7282214156079855,0.9827586206896551,0.47368421052631576,0.912,0.47368421052631576,0.9827586206896551,0.6206896551724138,0.7663448275862069,0.8421052631578947
382,14,52,7,4,0.8571428571428571,0.8295668549905838,0.8813559322033898,0.7777777777777778,0.9043478260869565,0.7777777777777778,0.8813559322033898,0.717948717948718,0.8111482720178372,0.9274952919020716
383,11,52,4,10,0.8181818181818182,0.7261904761904763,0.9285714285714286,0.5238095238095238,0.8813559322033898,0.5238095238095238,0.9285714285714286,0.6111111111111112,0.7462335216572504,0.8511904761904762
384,7,57,6,7,0.8311688311688312,0.7023809523809523,0.9047619047619048,0.5,0.8976377952755905,0.5,0.9047619047619048,0.5185185185185185,0.7080781568970544,0.7369614512471655
385,14,53,4,6,0.8701298701298701,0.8149122807017544,0.9298245614035088,0.7,0.9137931034482759,0.7,0.9298245614035088,0.7368421052631579,0.8253176043557169,0.8719298245614034
386,16,52,1,8,0.8831168831168831,0.8238993710691824,0.9811320754716981,0.6666666666666666,0.9203539823008849,0.6666666666666666,0.9811320754716981,0.7804878048780488,0.8504208935894668,0.9111635220125786
387,7,53,4,13,0.7792207792207793,0.6399122807017543,0.9298245614035088,0.35,0.8617886178861789,0.35,0.9298245614035088,0.45161290322580644,0.6567007605559927,0.8271929824561404
388,10,46,4,17,0.7272727272727273,0.6451851851851852,0.92,0.37037037037037035,0.8141592920353983,0.37037037037037035,0.92,0.4878048780487805,0.6509820850420893,0.7644444444444445
389,10,51,5,11,0.7922077922077922,0.6934523809523809,0.9107142857142857,0.47619047619047616,0.864406779661017,0.47619047619047616,0.9107142857142857,0.5555555555555556,0.7099811676082863,0.7755102040816326
390,10,62,3,2,0.935064935064935,0.8935897435897436,0.9538461538461539,0.8333333333333334,0.9612403100775194,0.8333333333333334,0.9538461538461539,0.8,0.8806201550387598,0.9435897435897436
391,10,46,6,15,0.7272727272727273,0.6423076923076922,0.8846153846153846,0.4,0.8141592920353983,0.4,0.8846153846153846,0.4878048780487805,0.6509820850420893,0.7238461538461539
392,15,52,1,9,0.8701298701298701,0.8030660377358491,0.9811320754716981,0.625,0.9122807017543859,0.625,0.9811320754716981,0.75,0.831140350877193,0.8632075471698113
393,16,52,3,6,0.8831168831168831,0.8363636363636364,0.9454545454545454,0.7272727272727273,0.9203539823008849,0.7272727272727273,0.9454545454545454,0.7804878048780488,0.8504208935894668,0.9115702479338842
394,6,56,4,11,0.8051948051948052,0.6431372549019608,0.9333333333333333,0.35294117647058826,0.8818897637795275,0.35294117647058826,0.9333333333333333,0.4444444444444444,0.663167104111986,0.6892156862745098
395,13,54,3,7,0.8701298701298701,0.7986842105263158,0.9473684210526315,0.65,0.9152542372881356,0.65,0.9473684210526315,0.7222222222222222,0.8187382297551788,0.874561403508772
396,12,54,3,8,0.8571428571428571,0.7736842105263158,0.9473684210526315,0.6,0.907563025210084,0.6,0.9473684210526315,0.6857142857142857,0.7966386554621849,0.8271929824561404
397,8,59,2,8,0.8701298701298701,0.7336065573770492,0.9672131147540983,0.5,0.921875,0.5,0.9672131147540983,0.6153846153846154,0.7686298076923077,0.846311475409836
398,10,50,6,11,0.7792207792207793,0.6845238095238095,0.8928571428571429,0.47619047619047616,0.8547008547008547,0.47619047619047616,0.8928571428571429,0.5405405405405406,0.6976206976206976,0.6887755102040817
399,12,56,1,8,0.8831168831168831,0.7912280701754386,0.9824561403508771,0.6,0.9256198347107438,0.6,0.9824561403508771,0.7272727272727273,0.8264462809917356,0.912280701754386
400,19,47,2,9,0.8571428571428571,0.8188775510204082,0.9591836734693877,0.6785714285714286,0.8952380952380953,0.6785714285714286,0.9591836734693877,0.7755102040816326,0.8353741496598639,0.8855685131195336
401,14,53,2,8,0.8701298701298701,0.8,0.9636363636363636,0.6363636363636364,0.9137931034482759,0.6363636363636364,0.9636363636363636,0.7368421052631579,0.8253176043557169,0.8190082644628098
402,9,53,5,10,0.8051948051948052,0.6937386569872959,0.9137931034482759,0.47368421052631576,0.8760330578512396,0.47368421052631576,0.9137931034482759,0.5454545454545454,0.7107438016528925,0.8430127041742287
403,17,48,3,9,0.8441558441558441,0.7975113122171946,0.9411764705882353,0.6538461538461539,0.8888888888888888,0.6538461538461539,0.9411764705882353,0.7391304347826086,0.8140096618357487,0.8212669683257918
404,19,48,2,8,0.8701298701298701,0.8318518518518518,0.96,0.7037037037037037,0.9056603773584906,0.7037037037037037,0.96,0.7916666666666666,0.8486635220125787,0.9407407407407408
405,10,57,3,7,0.8701298701298701,0.7691176470588235,0.95,0.5882352941176471,0.9193548387096774,0.5882352941176471,0.95,0.6666666666666666,0.793010752688172,0.9215686274509804
406,9,58,3,7,0.8701298701298701,0.7566598360655737,0.9508196721311475,0.5625,0.9206349206349206,0.5625,0.9508196721311475,0.6428571428571429,0.7817460317460317,0.8586065573770492
407,12,54,4,7,0.8571428571428571,0.7813067150635209,0.9310344827586207,0.631578947368421,0.907563025210084,0.631578947368421,0.9310344827586207,0.6857142857142857,0.7966386554621849,0.8756805807622504
408,15,47,5,10,0.8051948051948052,0.7519230769230769,0.9038461538461539,0.6,0.8623853211009175,0.6,0.9038461538461539,0.6666666666666666,0.764525993883792,0.8615384615384615
409,11,51,7,8,0.8051948051948052,0.7291288566243195,0.8793103448275862,0.5789473684210527,0.8717948717948718,0.5789473684210527,0.8793103448275862,0.5945945945945946,0.7331947331947333,0.8275862068965517
410,10,52,5,10,0.8051948051948052,0.706140350877193,0.9122807017543859,0.5,0.8739495798319328,0.5,0.9122807017543859,0.5714285714285714,0.7226890756302521,0.7991228070175439
411,16,50,3,8,0.8571428571428571,0.8050314465408805,0.9433962264150944,0.6666666666666666,0.9009009009009009,0.6666666666666666,0.9433962264150944,0.7441860465116279,0.8225434737062645,0.8262578616352201
412,11,57,2,7,0.8831168831168831,0.7886064030131827,0.9661016949152542,0.6111111111111112,0.926829268292683,0.6111111111111112,0.9661016949152542,0.7096774193548387,0.8182533438237609,0.8841807909604521
413,9,54,4,10,0.8181818181818182,0.7023593466424682,0.9310344827586207,0.47368421052631576,0.8852459016393442,0.47368421052631576,0.9310344827586207,0.5625,0.7238729508196722,0.8457350272232305
414,9,49,6,13,0.7532467532467533,0.65,0.8909090909090909,0.4090909090909091,0.8376068376068376,0.4090909090909091,0.8909090909090909,0.4864864864864865,0.6620466620466621,0.7495867768595041
415,7,64,0,6,0.922077922077922,0.7692307692307692,1.0,0.5384615384615384,0.9552238805970149,0.5384615384615384,1.0,0.7,0.8276119402985074,0.8918269230769231
416,11,52,8,6,0.8181818181818182,0.7568627450980392,0.8666666666666667,0.6470588235294118,0.8813559322033898,0.6470588235294118,0.8666666666666667,0.6111111111111112,0.7462335216572504,0.819607843137255
417,9,58,3,7,0.8701298701298701,0.7566598360655737,0.9508196721311475,0.5625,0.9206349206349206,0.5625,0.9508196721311475,0.6428571428571429,0.7817460317460317,0.8370901639344261
418,15,49,3,10,0.8311688311688312,0.7711538461538461,0.9423076923076923,0.6,0.8828828828828829,0.6,0.9423076923076923,0.6976744186046512,0.790278650743767,0.8430769230769232
419,10,51,3,13,0.7922077922077922,0.6896135265700483,0.9444444444444444,0.43478260869565216,0.864406779661017,0.43478260869565216,0.9444444444444444,0.5555555555555556,0.7099811676082863,0.8091787439613526
420,12,49,5,11,0.7922077922077922,0.7145732689210951,0.9074074074074074,0.5217391304347826,0.8596491228070176,0.5217391304347826,0.9074074074074074,0.6,0.7298245614035088,0.8244766505636071
421,6,58,2,11,0.8311688311688312,0.6598039215686274,0.9666666666666667,0.35294117647058826,0.8992248062015504,0.35294117647058826,0.9666666666666667,0.48,0.6896124031007752,0.8186274509803921
422,13,51,5,8,0.8311688311688312,0.7648809523809523,0.9107142857142857,0.6190476190476191,0.8869565217391304,0.6190476190476191,0.9107142857142857,0.6666666666666666,0.7768115942028986,0.8239795918367346
423,8,59,3,7,0.8701298701298701,0.7424731182795699,0.9516129032258065,0.5333333333333333,0.921875,0.5333333333333333,0.9516129032258065,0.6153846153846154,0.7686298076923077,0.8591397849462366
424,17,46,4,10,0.8181818181818182,0.7748148148148148,0.92,0.6296296296296297,0.8679245283018868,0.6296296296296297,0.92,0.7083333333333334,0.78812893081761,0.8748148148148148
425,11,50,4,12,0.7922077922077922,0.7020933977455717,0.9259259259259259,0.4782608695652174,0.8620689655172413,0.4782608695652174,0.9259259259259259,0.5789473684210527,0.720508166969147,0.8099838969404187
426,13,49,6,9,0.8051948051948052,0.740909090909091,0.8909090909090909,0.5909090909090909,0.8672566371681416,0.5909090909090909,0.8909090909090909,0.6341463414634146,0.7507014893157782,0.8256198347107438
427,5,61,3,8,0.8571428571428571,0.6688701923076923,0.953125,0.38461538461538464,0.9172932330827067,0.38461538461538464,0.953125,0.47619047619047616,0.6967418546365914,0.7800480769230769
428,10,50,8,9,0.7792207792207793,0.6941923774954628,0.8620689655172413,0.5263157894736842,0.8547008547008547,0.5263157894736842,0.8620689655172413,0.5405405405405406,0.6976206976206976,0.7667876588021779
429,15,48,3,11,0.8181818181818182,0.7590497737556561,0.9411764705882353,0.5769230769230769,0.8727272727272727,0.5769230769230769,0.9411764705882353,0.6818181818181818,0.7772727272727272,0.8657616892911011
430,14,50,3,10,0.8311688311688312,0.7633647798742138,0.9433962264150944,0.5833333333333334,0.8849557522123894,0.5833333333333334,0.9433962264150944,0.6829268292682927,0.7839412907403411,0.8073899371069182
431,14,52,3,8,0.8571428571428571,0.7909090909090909,0.9454545454545454,0.6363636363636364,0.9043478260869565,0.6363636363636364,0.9454545454545454,0.717948717948718,0.8111482720178372,0.8537190082644628
432,9,55,3,10,0.8311688311688312,0.7109800362976406,0.9482758620689655,0.47368421052631576,0.8943089430894309,0.47368421052631576,0.9482758620689655,0.5806451612903226,0.7374770521898768,0.8484573502722322
433,10,54,1,12,0.8311688311688312,0.7181818181818181,0.9818181818181818,0.45454545454545453,0.8925619834710744,0.45454545454545453,0.9818181818181818,0.6060606060606061,0.7493112947658402,0.8553719008264463
434,13,56,2,6,0.8961038961038961,0.8248638838475499,0.9655172413793104,0.6842105263157895,0.9333333333333333,0.6842105263157895,0.9655172413793104,0.7647058823529411,0.8490196078431372,0.8811252268602541
435,9,55,3,10,0.8311688311688312,0.7109800362976406,0.9482758620689655,0.47368421052631576,0.8943089430894309,0.47368421052631576,0.9482758620689655,0.5806451612903226,0.7374770521898768,0.8312159709618874
436,10,54,3,10,0.8311688311688312,0.7236842105263157,0.9473684210526315,0.5,0.8925619834710744,0.5,0.9473684210526315,0.6060606060606061,0.7493112947658402,0.7350877192982457
437,8,61,2,6,0.8961038961038961,0.7698412698412698,0.9682539682539683,0.5714285714285714,0.9384615384615385,0.5714285714285714,0.9682539682539683,0.6666666666666666,0.8025641025641026,0.8390022675736961
438,15,54,2,6,0.8961038961038961,0.8392857142857143,0.9642857142857143,0.7142857142857143,0.9310344827586207,0.7142857142857143,0.9642857142857143,0.7894736842105263,0.8602540834845736,0.9328231292517006
439,17,54,2,4,0.922077922077922,0.8869047619047619,0.9642857142857143,0.8095238095238095,0.9473684210526315,0.8095238095238095,0.9642857142857143,0.85,0.8986842105263158,0.9591836734693877
440,11,52,7,7,0.8181818181818182,0.7462335216572504,0.8813559322033898,0.6111111111111112,0.8813559322033898,0.6111111111111112,0.8813559322033898,0.6111111111111112,0.7462335216572504,0.7900188323917138
441,12,47,7,11,0.7662337662337663,0.6960547504025765,0.8703703703703703,0.5217391304347826,0.8392857142857143,0.5217391304347826,0.8703703703703703,0.5714285714285714,0.7053571428571428,0.8132045088566827
442,13,50,3,11,0.8181818181818182,0.7425314465408805,0.9433962264150944,0.5416666666666666,0.8771929824561403,0.5416666666666666,0.9433962264150944,0.65,0.7635964912280702,0.8608490566037735
443,17,48,5,7,0.8441558441558441,0.8069968553459119,0.9056603773584906,0.7083333333333334,0.8888888888888888,0.7083333333333334,0.9056603773584906,0.7391304347826086,0.8140096618357487,0.8474842767295597
444,17,52,2,6,0.8961038961038961,0.8510466988727858,0.9629629629629629,0.7391304347826086,0.9285714285714286,0.7391304347826086,0.9629629629629629,0.8095238095238095,0.8690476190476191,0.8719806763285025
445,11,52,6,8,0.8181818181818182,0.7377495462794919,0.896551724137931,0.5789473684210527,0.8813559322033898,0.5789473684210527,0.896551724137931,0.6111111111111112,0.7462335216572504,0.8166969147005445
446,11,48,1,17,0.7662337662337663,0.6862244897959183,0.9795918367346939,0.39285714285714285,0.8421052631578947,0.39285714285714285,0.9795918367346939,0.55,0.6960526315789474,0.7325072886297376
447,13,53,3,8,0.8571428571428571,0.7827380952380952,0.9464285714285714,0.6190476190476191,0.905982905982906,0.6190476190476191,0.9464285714285714,0.7027027027027027,0.8043428043428044,0.8681972789115646
448,16,49,4,8,0.8441558441558441,0.7955974842767295,0.9245283018867925,0.6666666666666666,0.8909090909090909,0.6666666666666666,0.9245283018867925,0.7272727272727273,0.8090909090909091,0.8639937106918238
449,13,52,4,8,0.8441558441558441,0.7738095238095238,0.9285714285714286,0.6190476190476191,0.896551724137931,0.6190476190476191,0.9285714285714286,0.6842105263157895,0.7903811252268602,0.8112244897959184
450,17,45,4,11,0.8051948051948052,0.7627551020408163,0.9183673469387755,0.6071428571428571,0.8571428571428571,0.6071428571428571,0.9183673469387755,0.6938775510204082,0.7755102040816326,0.8330903790087463
451,18,48,2,9,0.8571428571428571,0.8133333333333332,0.96,0.6666666666666666,0.897196261682243,0.6666666666666666,0.96,0.7659574468085106,0.8315768542453768,0.8888888888888888
452,14,53,3,7,0.8701298701298701,0.8065476190476191,0.9464285714285714,0.6666666666666666,0.9137931034482759,0.6666666666666666,0.9464285714285714,0.7368421052631579,0.8253176043557169,0.8852040816326531
453,11,50,5,11,0.7922077922077922,0.7045454545454546,0.9090909090909091,0.5,0.8620689655172413,0.5,0.9090909090909091,0.5789473684210527,0.720508166969147,0.8280991735537191
454,14,49,4,10,0.8181818181818182,0.753930817610063,0.9245283018867925,0.5833333333333334,0.875,0.5833333333333334,0.9245283018867925,0.6666666666666666,0.7708333333333333,0.8270440251572327
455,11,49,4,13,0.7792207792207793,0.6914308176100629,0.9245283018867925,0.4583333333333333,0.8521739130434782,0.4583333333333333,0.9245283018867925,0.5641025641025641,0.7081382385730212,0.8254716981132076
456,12,55,7,3,0.8701298701298701,0.8435483870967742,0.8870967741935484,0.8,0.9166666666666666,0.8,0.8870967741935484,0.7058823529411765,0.8112745098039216,0.886021505376344
457,14,52,3,8,0.8571428571428571,0.7909090909090909,0.9454545454545454,0.6363636363636364,0.9043478260869565,0.6363636363636364,0.9454545454545454,0.717948717948718,0.8111482720178372,0.8743801652892562
458,14,47,8,8,0.7922077922077922,0.7454545454545454,0.8545454545454545,0.6363636363636364,0.8545454545454545,0.6363636363636364,0.8545454545454545,0.6363636363636364,0.7454545454545454,0.8338842975206611
459,12,49,5,11,0.7922077922077922,0.7145732689210951,0.9074074074074074,0.5217391304347826,0.8596491228070176,0.5217391304347826,0.9074074074074074,0.6,0.7298245614035088,0.7648953301127214
460,7,54,4,12,0.7922077922077922,0.6497277676950998,0.9310344827586207,0.3684210526315789,0.8709677419354839,0.3684210526315789,0.9310344827586207,0.4666666666666667,0.6688172043010753,0.809437386569873
461,14,46,5,12,0.7792207792207793,0.720211161387632,0.9019607843137255,0.5384615384615384,0.8440366972477065,0.5384615384615384,0.9019607843137255,0.6222222222222222,0.7331294597349644,0.7880844645550528
462,9,58,2,8,0.8701298701298701,0.7480392156862745,0.9666666666666667,0.5294117647058824,0.9206349206349206,0.5294117647058824,0.9666666666666667,0.6428571428571429,0.7817460317460317,0.8666666666666668
463,12,58,2,5,0.9090909090909091,0.8362745098039216,0.9666666666666667,0.7058823529411765,0.943089430894309,0.7058823529411765,0.9666666666666667,0.7741935483870968,0.8586414896407029,0.8784313725490196
464,15,52,1,9,0.8701298701298701,0.8030660377358491,0.9811320754716981,0.625,0.9122807017543859,0.625,0.9811320754716981,0.75,0.831140350877193,0.835691823899371
465,13,50,3,11,0.8181818181818182,0.7425314465408805,0.9433962264150944,0.5416666666666666,0.8771929824561403,0.5416666666666666,0.9433962264150944,0.65,0.7635964912280702,0.8474842767295598
466,6,58,5,8,0.8311688311688312,0.6746031746031745,0.9206349206349206,0.42857142857142855,0.8992248062015504,0.42857142857142855,0.9206349206349206,0.48,0.6896124031007752,0.764172335600907
467,14,53,2,8,0.8701298701298701,0.8,0.9636363636363636,0.6363636363636364,0.9137931034482759,0.6363636363636364,0.9636363636363636,0.7368421052631579,0.8253176043557169,0.8917355371900827
468,9,52,6,10,0.7922077922077922,0.6851179673321234,0.896551724137931,0.47368421052631576,0.8666666666666667,0.47368421052631576,0.896551724137931,0.5294117647058824,0.6980392156862745,0.7649727767695099
469,17,47,5,8,0.8311688311688312,0.791923076923077,0.9038461538461539,0.68,0.8785046728971962,0.68,0.9038461538461539,0.723404255319149,0.8009544641081726,0.8838461538461538
470,16,47,1,13,0.8181818181818182,0.7654454022988506,0.9791666666666666,0.5517241379310345,0.8703703703703703,0.5517241379310345,0.9791666666666666,0.6956521739130435,0.7830112721417068,0.8699712643678161
471,14,49,4,10,0.8181818181818182,0.753930817610063,0.9245283018867925,0.5833333333333334,0.875,0.5833333333333334,0.9245283018867925,0.6666666666666666,0.7708333333333333,0.8294025157232705
472,12,50,4,11,0.8051948051948052,0.7238325281803543,0.9259259259259259,0.5217391304347826,0.8695652173913043,0.5217391304347826,0.9259259259259259,0.6153846153846154,0.7424749163879598,0.8244766505636071
473,14,55,2,6,0.8961038961038961,0.8324561403508772,0.9649122807017544,0.7,0.9322033898305084,0.7,0.9649122807017544,0.7777777777777778,0.8549905838041432,0.9333333333333335
474,11,52,3,11,0.8181818181818182,0.7227272727272727,0.9454545454545454,0.5,0.8813559322033898,0.5,0.9454545454545454,0.6111111111111112,0.7462335216572504,0.8322314049586776
475,8,56,3,10,0.8311688311688312,0.6967984934086628,0.9491525423728814,0.4444444444444444,0.896,0.4444444444444444,0.9491525423728814,0.5517241379310345,0.7238620689655173,0.7937853107344632
476,14,52,4,7,0.8571428571428571,0.7976190476190477,0.9285714285714286,0.6666666666666666,0.9043478260869565,0.6666666666666666,0.9285714285714286,0.717948717948718,0.8111482720178372,0.9098639455782312
477,11,51,3,12,0.8051948051948052,0.711352657004831,0.9444444444444444,0.4782608695652174,0.8717948717948718,0.4782608695652174,0.9444444444444444,0.5945945945945946,0.7331947331947333,0.8099838969404186
478,14,48,6,9,0.8051948051948052,0.748792270531401,0.8888888888888888,0.6086956521739131,0.8648648648648649,0.6086956521739131,0.8888888888888888,0.6511627906976745,0.7580138277812697,0.826892109500805
479,14,46,4,13,0.7792207792207793,0.7192592592592593,0.92,0.5185185185185185,0.8440366972477065,0.5185185185185185,0.92,0.6222222222222222,0.7331294597349644,0.8392592592592593
480,16,49,2,10,0.8441558441558441,0.7880844645550529,0.9607843137254902,0.6153846153846154,0.8909090909090909,0.6153846153846154,0.9607843137254902,0.7272727272727273,0.8090909090909091,0.8951734539969833
481,10,54,3,10,0.8311688311688312,0.7236842105263157,0.9473684210526315,0.5,0.8925619834710744,0.5,0.9473684210526315,0.6060606060606061,0.7493112947658402,0.8508771929824561
482,11,55,4,7,0.8571428571428571,0.7716572504708098,0.9322033898305084,0.6111111111111112,0.9090909090909091,0.6111111111111112,0.9322033898305084,0.6666666666666666,0.7878787878787878,0.8427495291902072
483,13,48,6,10,0.7922077922077922,0.7270531400966183,0.8888888888888888,0.5652173913043478,0.8571428571428571,0.5652173913043478,0.8888888888888888,0.6190476190476191,0.7380952380952381,0.8244766505636071
484,8,53,5,11,0.7922077922077922,0.6674228675136116,0.9137931034482759,0.42105263157894735,0.8688524590163934,0.42105263157894735,0.9137931034482759,0.5,0.6844262295081966,0.7903811252268602
485,13,48,7,9,0.7922077922077922,0.7318181818181818,0.8727272727272727,0.5909090909090909,0.8571428571428571,0.5909090909090909,0.8727272727272727,0.6190476190476191,0.7380952380952381,0.8223140495867768
486,11,58,3,5,0.8961038961038961,0.8191598360655737,0.9508196721311475,0.6875,0.9354838709677419,0.6875,0.9508196721311475,0.7333333333333333,0.8344086021505376,0.9313524590163935
487,13,46,7,11,0.7662337662337663,0.7047955974842768,0.8679245283018868,0.5416666666666666,0.8363636363636363,0.5416666666666666,0.8679245283018868,0.5909090909090909,0.7136363636363636,0.8349056603773585
488,13,47,5,12,0.7792207792207793,0.7119230769230769,0.9038461538461539,0.52,0.8468468468468469,0.52,0.9038461538461539,0.6046511627906976,0.7257490048187722,0.7761538461538462
489,10,53,1,13,0.8181818181818182,0.7081320450885669,0.9814814814814815,0.43478260869565216,0.8833333333333333,0.43478260869565216,0.9814814814814815,0.5882352941176471,0.7357843137254902,0.7544283413848631
490,13,49,6,9,0.8051948051948052,0.740909090909091,0.8909090909090909,0.5909090909090909,0.8672566371681416,0.5909090909090909,0.8909090909090909,0.6341463414634146,0.7507014893157782,0.8471074380165289
491,10,49,4,14,0.7662337662337663,0.6705974842767296,0.9245283018867925,0.4166666666666667,0.8448275862068966,0.4166666666666667,0.9245283018867925,0.5263157894736842,0.6855716878402904,0.7327044025157232
492,19,45,6,7,0.8311688311688312,0.8065610859728507,0.8823529411764706,0.7307692307692307,0.8737864077669902,0.7307692307692307,0.8823529411764706,0.7450980392156863,0.8094422234913383,0.8559577677224736
493,18,46,6,7,0.8311688311688312,0.8023076923076923,0.8846153846153846,0.72,0.8761904761904762,0.72,0.8846153846153846,0.7346938775510204,0.8054421768707483,0.87
494,8,56,4,9,0.8311688311688312,0.7019607843137254,0.9333333333333333,0.47058823529411764,0.896,0.47058823529411764,0.9333333333333333,0.5517241379310345,0.7238620689655173,0.8058823529411764
495,13,53,5,6,0.8571428571428571,0.7990018148820327,0.9137931034482759,0.6842105263157895,0.905982905982906,0.6842105263157895,0.9137931034482759,0.7027027027027027,0.8043428043428044,0.8348457350272233
496,10,55,2,10,0.8441558441558441,0.7324561403508771,0.9649122807017544,0.5,0.9016393442622951,0.5,0.9649122807017544,0.625,0.7633196721311475,0.85
497,10,58,3,6,0.8831168831168831,0.7879098360655737,0.9508196721311475,0.625,0.928,0.625,0.9508196721311475,0.6896551724137931,0.8088275862068965,0.9129098360655737
498,13,47,3,14,0.7792207792207793,0.7107407407407407,0.94,0.48148148148148145,0.8468468468468469,0.48148148148148145,0.94,0.6046511627906976,0.7257490048187722,0.8718518518518519
499,11,54,5,7,0.8441558441558441,0.7631826741996234,0.9152542372881356,0.6111111111111112,0.9,0.6111111111111112,0.9152542372881356,0.6470588235294118,0.7735294117647059,0.82015065913371
500,19,46,2,10,0.8441558441558441,0.8067528735632183,0.9583333333333334,0.6551724137931034,0.8846153846153846,0.6551724137931034,0.9583333333333334,0.76,0.8223076923076923,0.9037356321839081
501,9,53,4,11,0.8051948051948052,0.6899122807017544,0.9298245614035088,0.45,0.8760330578512396,0.45,0.9298245614035088,0.5454545454545454,0.7107438016528925,0.793859649122807
502,12,53,4,8,0.8441558441558441,0.7649122807017543,0.9298245614035088,0.6,0.8983050847457628,0.6,0.9298245614035088,0.6666666666666666,0.7824858757062148,0.8771929824561404
503,7,61,3,6,0.8831168831168831,0.7457932692307692,0.953125,0.5384615384615384,0.9312977099236641,0.5384615384615384,0.953125,0.6086956521739131,0.7699966810487886,0.7572115384615384
504,15,49,7,6,0.8311688311688312,0.7946428571428572,0.875,0.7142857142857143,0.8828828828828829,0.7142857142857143,0.875,0.6976744186046512,0.790278650743767,0.8477891156462585
505,17,47,5,8,0.8311688311688312,0.791923076923077,0.9038461538461539,0.68,0.8785046728971962,0.68,0.9038461538461539,0.723404255319149,0.8009544641081726,0.8692307692307693
506,12,46,6,13,0.7532467532467533,0.6823076923076923,0.8846153846153846,0.48,0.8288288288288288,0.48,0.8846153846153846,0.5581395348837209,0.6934841818562749,0.803076923076923
507,19,51,2,5,0.9090909090909091,0.8769654088050314,0.9622641509433962,0.7916666666666666,0.9357798165137615,0.7916666666666666,0.9622641509433962,0.8444444444444444,0.890112130479103,0.949685534591195
508,9,56,5,7,0.8441558441558441,0.740266393442623,0.9180327868852459,0.5625,0.9032258064516129,0.5625,0.9180327868852459,0.6,0.7516129032258064,0.834016393442623
509,13,52,1,11,0.8441558441558441,0.7613993710691824,0.9811320754716981,0.5416666666666666,0.896551724137931,0.5416666666666666,0.9811320754716981,0.6842105263157895,0.7903811252268602,0.9056603773584906
510,14,54,2,7,0.8831168831168831,0.8154761904761905,0.9642857142857143,0.6666666666666666,0.9230769230769231,0.6666666666666666,0.9642857142857143,0.7567567567567568,0.83991683991684,0.8996598639455783
511,14,52,2,9,0.8571428571428571,0.7858293075684379,0.9629629629629629,0.6086956521739131,0.9043478260869565,0.6086956521739131,0.9629629629629629,0.717948717948718,0.8111482720178372,0.8687600644122384
512,14,53,2,8,0.8701298701298701,0.8,0.9636363636363636,0.6363636363636364,0.9137931034482759,0.6363636363636364,0.9636363636363636,0.7368421052631579,0.8253176043557169,0.8272727272727273
513,15,46,6,10,0.7922077922077922,0.7423076923076923,0.8846153846153846,0.6,0.8518518518518519,0.6,0.8846153846153846,0.6521739130434783,0.7520128824476651,0.8076923076923077
514,14,46,4,13,0.7792207792207793,0.7192592592592593,0.92,0.5185185185185185,0.8440366972477065,0.5185185185185185,0.92,0.6222222222222222,0.7331294597349644,0.8148148148148149
515,13,52,3,9,0.8441558441558441,0.7681818181818182,0.9454545454545454,0.5909090909090909,0.896551724137931,0.5909090909090909,0.9454545454545454,0.6842105263157895,0.7903811252268602,0.8851239669421488
516,16,54,1,6,0.9090909090909091,0.8545454545454545,0.9818181818181818,0.7272727272727273,0.9391304347826087,0.7272727272727273,0.9818181818181818,0.8205128205128205,0.8798216276477147,0.9115702479338844
517,11,56,3,7,0.8701298701298701,0.7801318267419963,0.9491525423728814,0.6111111111111112,0.9180327868852459,0.6111111111111112,0.9491525423728814,0.6875,0.802766393442623,0.8512241054613936
518,11,53,4,9,0.8311688311688312,0.7399122807017544,0.9298245614035088,0.55,0.8907563025210085,0.55,0.9298245614035088,0.6285714285714286,0.7596638655462185,0.8508771929824562
519,5,61,4,7,0.8571428571428571,0.6775641025641026,0.9384615384615385,0.4166666666666667,0.9172932330827067,0.4166666666666667,0.9384615384615385,0.47619047619047616,0.6967418546365914,0.7884615384615384
520,9,51,9,8,0.7792207792207793,0.6897058823529412,0.85,0.5294117647058824,0.8571428571428571,0.5294117647058824,0.85,0.5142857142857142,0.6857142857142857,0.8127450980392157
521,15,40,7,15,0.7142857142857143,0.675531914893617,0.851063829787234,0.5,0.7843137254901961,0.5,0.851063829787234,0.5769230769230769,0.6806184012066365,0.8035460992907802
522,9,55,5,8,0.8311688311688312,0.7230392156862745,0.9166666666666666,0.5294117647058824,0.8943089430894309,0.5294117647058824,0.9166666666666666,0.5806451612903226,0.7374770521898768,0.7784313725490196
523,3,58,4,12,0.7922077922077922,0.567741935483871,0.9354838709677419,0.2,0.8787878787878788,0.2,0.9354838709677419,0.2727272727272727,0.5757575757575757,0.667741935483871
524,14,50,2,11,0.8311688311688312,0.7607692307692309,0.9615384615384616,0.56,0.8849557522123894,0.56,0.9615384615384616,0.6829268292682927,0.7839412907403411,0.8546153846153846
525,15,50,4,8,0.8441558441558441,0.789049919484702,0.9259259259259259,0.6521739130434783,0.8928571428571429,0.6521739130434783,0.9259259259259259,0.7142857142857143,0.8035714285714286,0.7971014492753623
526,10,54,4,9,0.8311688311688312,0.7286751361161524,0.9310344827586207,0.5263157894736842,0.8925619834710744,0.5263157894736842,0.9310344827586207,0.6060606060606061,0.7493112947658402,0.7840290381125227
527,16,49,6,6,0.8441558441558441,0.8090909090909091,0.8909090909090909,0.7272727272727273,0.8909090909090909,0.7272727272727273,0.8909090909090909,0.7272727272727273,0.8090909090909091,0.8710743801652892
528,16,44,8,9,0.7792207792207793,0.7430769230769231,0.8461538461538461,0.64,0.8380952380952381,0.64,0.8461538461538461,0.6530612244897959,0.745578231292517,0.8169230769230769
529,15,44,7,11,0.7662337662337663,0.7198340874811463,0.8627450980392157,0.5769230769230769,0.8301886792452831,0.5769230769230769,0.8627450980392157,0.625,0.7275943396226415,0.8333333333333333
530,16,50,3,8,0.8571428571428571,0.8050314465408805,0.9433962264150944,0.6666666666666666,0.9009009009009009,0.6666666666666666,0.9433962264150944,0.7441860465116279,0.8225434737062645,0.875
531,7,58,3,9,0.8441558441558441,0.6941598360655737,0.9508196721311475,0.4375,0.90625,0.4375,0.9508196721311475,0.5384615384615384,0.7223557692307692,0.8586065573770492
532,12,58,2,5,0.9090909090909091,0.8362745098039216,0.9666666666666667,0.7058823529411765,0.943089430894309,0.7058823529411765,0.9666666666666667,0.7741935483870968,0.8586414896407029,0.9509803921568628
533,12,52,5,8,0.8311688311688312,0.7561403508771929,0.9122807017543859,0.6,0.8888888888888888,0.6,0.9122807017543859,0.6486486486486487,0.7687687687687688,0.8289473684210527
534,12,51,7,7,0.8181818181818182,0.7554446460980035,0.8793103448275862,0.631578947368421,0.8793103448275862,0.631578947368421,0.8793103448275862,0.631578947368421,0.7554446460980035,0.8620689655172414
535,12,46,7,12,0.7532467532467533,0.6839622641509434,0.8679245283018868,0.5,0.8288288288288288,0.5,0.8679245283018868,0.5581395348837209,0.6934841818562749,0.7893081761006289
536,11,51,6,9,0.8051948051948052,0.7223684210526315,0.8947368421052632,0.55,0.8717948717948718,0.55,0.8947368421052632,0.5945945945945946,0.7331947331947333,0.8368421052631579
537,9,60,4,4,0.8961038961038961,0.8149038461538461,0.9375,0.6923076923076923,0.9375,0.6923076923076923,0.9375,0.6923076923076923,0.8149038461538461,0.8810096153846154
538,5,63,2,7,0.8831168831168831,0.6929487179487179,0.9692307692307692,0.4166666666666667,0.9333333333333333,0.4166666666666667,0.9692307692307692,0.5263157894736842,0.7298245614035088,0.8012820512820513
539,14,55,1,7,0.8961038961038961,0.8244047619047619,0.9821428571428571,0.6666666666666666,0.9322033898305084,0.6666666666666666,0.9821428571428571,0.7777777777777778,0.8549905838041432,0.9149659863945577
540,10,56,9,2,0.8571428571428571,0.8474358974358975,0.8615384615384616,0.8333333333333334,0.9105691056910569,0.8333333333333334,0.8615384615384616,0.6451612903225806,0.7778651980068187,0.8589743589743589
541,10,56,3,8,0.8571428571428571,0.7523540489642184,0.9491525423728814,0.5555555555555556,0.9105691056910569,0.5555555555555556,0.9491525423728814,0.6451612903225806,0.7778651980068187,0.8220338983050848
542,12,56,2,7,0.8831168831168831,0.7985480943738656,0.9655172413793104,0.631578947368421,0.9256198347107438,0.631578947368421,0.9655172413793104,0.7272727272727273,0.8264462809917356,0.9029038112522686
543,12,50,5,10,0.8051948051948052,0.7272727272727273,0.9090909090909091,0.5454545454545454,0.8695652173913043,0.5454545454545454,0.9090909090909091,0.6153846153846154,0.7424749163879598,0.8380165289256198
544,12,55,0,10,0.8701298701298701,0.7727272727272727,1.0,0.5454545454545454,0.9166666666666666,0.5454545454545454,1.0,0.7058823529411765,0.8112745098039216,0.8479338842975207
545,4,56,5,12,0.7792207792207793,0.584016393442623,0.9180327868852459,0.25,0.8682170542635659,0.25,0.9180327868852459,0.32,0.594108527131783,0.7704918032786885
546,11,55,5,6,0.8571428571428571,0.7818627450980392,0.9166666666666666,0.6470588235294118,0.9090909090909091,0.6470588235294118,0.9166666666666666,0.6666666666666666,0.7878787878787878,0.8882352941176471
547,9,48,5,15,0.7402597402597403,0.6403301886792453,0.9056603773584906,0.375,0.8275862068965517,0.375,0.9056603773584906,0.47368421052631576,0.6506352087114338,0.714622641509434
548,15,56,2,4,0.922077922077922,0.8774954627949183,0.9655172413793104,0.7894736842105263,0.9491525423728814,0.7894736842105263,0.9655172413793104,0.8333333333333334,0.8912429378531074,0.9310344827586207
549,12,48,4,13,0.7792207792207793,0.7015384615384616,0.9230769230769231,0.48,0.8495575221238938,0.48,0.9230769230769231,0.5853658536585366,0.7174616878912152,0.7923076923076923
550,10,55,3,9,0.8441558441558441,0.7372958257713249,0.9482758620689655,0.5263157894736842,0.9016393442622951,0.5263157894736842,0.9482758620689655,0.625,0.7633196721311475,0.8548094373865698
551,14,45,3,15,0.7662337662337663,0.7101293103448276,0.9375,0.4827586206896552,0.8333333333333334,0.4827586206896552,0.9375,0.6086956521739131,0.7210144927536233,0.8570402298850576
552,12,53,6,6,0.8441558441558441,0.7824858757062148,0.8983050847457628,0.6666666666666666,0.8983050847457628,0.6666666666666666,0.8983050847457628,0.6666666666666666,0.7824858757062148,0.844632768361582
553,13,55,1,8,0.8831168831168831,0.8005952380952381,0.9821428571428571,0.6190476190476191,0.9243697478991597,0.6190476190476191,0.9821428571428571,0.7428571428571429,0.8336134453781513,0.8758503401360545
554,9,54,6,8,0.8181818181818182,0.7147058823529412,0.9,0.5294117647058824,0.8852459016393442,0.5294117647058824,0.9,0.5625,0.7238729508196722,0.7921568627450981
555,11,48,6,12,0.7662337662337663,0.6835748792270531,0.8888888888888888,0.4782608695652174,0.8421052631578947,0.4782608695652174,0.8888888888888888,0.55,0.6960526315789474,0.8123993558776168
556,15,51,3,8,0.8571428571428571,0.7983091787439613,0.9444444444444444,0.6521739130434783,0.9026548672566371,0.6521739130434783,0.9444444444444444,0.7317073170731707,0.8171810921649039,0.9202898550724637
557,12,50,8,7,0.8051948051948052,0.7468239564428312,0.8620689655172413,0.631578947368421,0.8695652173913043,0.631578947368421,0.8620689655172413,0.6153846153846154,0.7424749163879598,0.8185117967332124
558,10,48,6,13,0.7532467532467533,0.6618357487922705,0.8888888888888888,0.43478260869565216,0.8347826086956521,0.43478260869565216,0.8888888888888888,0.5128205128205128,0.6738015607580825,0.7133655394524959
559,14,52,3,8,0.8571428571428571,0.7909090909090909,0.9454545454545454,0.6363636363636364,0.9043478260869565,0.6363636363636364,0.9454545454545454,0.717948717948718,0.8111482720178372,0.8537190082644628
560,22,46,3,6,0.8831168831168831,0.8622448979591837,0.9387755102040817,0.7857142857142857,0.9108910891089109,0.7857142857142857,0.9387755102040817,0.8301886792452831,0.870539884177097,0.9074344023323616
561,10,54,5,8,0.8311688311688312,0.7354048964218456,0.9152542372881356,0.5555555555555556,0.8925619834710744,0.5555555555555556,0.9152542372881356,0.6060606060606061,0.7493112947658402,0.8295668549905838
562,9,50,8,10,0.7662337662337663,0.6678765880217785,0.8620689655172413,0.47368421052631576,0.847457627118644,0.47368421052631576,0.8620689655172413,0.5,0.673728813559322,0.8067150635208711
563,18,54,3,2,0.935064935064935,0.9236842105263158,0.9473684210526315,0.9,0.9557522123893806,0.9,0.9473684210526315,0.8780487804878049,0.9169004964385927,0.918421052631579
564,11,60,1,5,0.922077922077922,0.8355532786885246,0.9836065573770492,0.6875,0.9523809523809523,0.6875,0.9836065573770492,0.7857142857142857,0.8690476190476191,0.8965163934426229
565,15,54,4,4,0.8961038961038961,0.8602540834845736,0.9310344827586207,0.7894736842105263,0.9310344827586207,0.7894736842105263,0.9310344827586207,0.7894736842105263,0.8602540834845736,0.896551724137931
566,12,50,5,10,0.8051948051948052,0.7272727272727273,0.9090909090909091,0.5454545454545454,0.8695652173913043,0.5454545454545454,0.9090909090909091,0.6153846153846154,0.7424749163879598,0.8966942148760331
567,11,55,4,7,0.8571428571428571,0.7716572504708098,0.9322033898305084,0.6111111111111112,0.9090909090909091,0.6111111111111112,0.9322033898305084,0.6666666666666666,0.7878787878787878,0.8662900188323918
568,7,58,5,7,0.8441558441558441,0.7103174603174602,0.9206349206349206,0.5,0.90625,0.5,0.9206349206349206,0.5384615384615384,0.7223557692307692,0.7573696145124718
569,14,54,1,8,0.8831168831168831,0.8090909090909091,0.9818181818181818,0.6363636363636364,0.9230769230769231,0.6363636363636364,0.9818181818181818,0.7567567567567568,0.83991683991684,0.9371900826446281
570,10,54,6,7,0.8311688311688312,0.7441176470588236,0.9,0.5882352941176471,0.8925619834710744,0.5882352941176471,0.9,0.6060606060606061,0.7493112947658402,0.8411764705882353
571,14,51,1,11,0.8441558441558441,0.7703846153846154,0.9807692307692307,0.56,0.8947368421052632,0.56,0.9807692307692307,0.7,0.7973684210526315,0.8592307692307692
572,13,45,6,13,0.7532467532467533,0.6911764705882353,0.8823529411764706,0.5,0.8256880733944955,0.5,0.8823529411764706,0.5777777777777777,0.7017329255861366,0.8122171945701357
573,11,58,2,6,0.8961038961038961,0.8068627450980392,0.9666666666666667,0.6470588235294118,0.9354838709677419,0.6470588235294118,0.9666666666666667,0.7333333333333333,0.8344086021505376,0.8823529411764706
574,13,52,6,6,0.8441558441558441,0.7903811252268602,0.896551724137931,0.6842105263157895,0.896551724137931,0.6842105263157895,0.896551724137931,0.6842105263157895,0.7903811252268602,0.9156079854809437
575,12,51,3,11,0.8181818181818182,0.7330917874396135,0.9444444444444444,0.5217391304347826,0.8793103448275862,0.5217391304347826,0.9444444444444444,0.631578947368421,0.7554446460980035,0.8019323671497585
576,6,49,7,15,0.7142857142857143,0.5803571428571428,0.875,0.2857142857142857,0.8166666666666667,0.2857142857142857,0.875,0.35294117647058826,0.5848039215686275,0.6488095238095238
577,11,51,6,9,0.8051948051948052,0.7223684210526315,0.8947368421052632,0.55,0.8717948717948718,0.55,0.8947368421052632,0.5945945945945946,0.7331947331947333,0.8236842105263158
578,17,40,4,16,0.7402597402597403,0.7121212121212122,0.9090909090909091,0.5151515151515151,0.8,0.5151515151515151,0.9090909090909091,0.6296296296296297,0.7148148148148148,0.7865013774104684
579,10,56,4,7,0.8571428571428571,0.7607843137254902,0.9333333333333333,0.5882352941176471,0.9105691056910569,0.5882352941176471,0.9333333333333333,0.6451612903225806,0.7778651980068187,0.8235294117647058
580,17,46,4,10,0.8181818181818182,0.7748148148148148,0.92,0.6296296296296297,0.8679245283018868,0.6296296296296297,0.92,0.7083333333333334,0.78812893081761,0.8333333333333334
581,11,47,8,11,0.7532467532467533,0.6772727272727272,0.8545454545454545,0.5,0.831858407079646,0.5,0.8545454545454545,0.5365853658536586,0.6842218864666523,0.824793388429752
582,12,57,4,4,0.8961038961038961,0.8422131147540983,0.9344262295081968,0.75,0.9344262295081968,0.75,0.9344262295081968,0.75,0.8422131147540983,0.875
583,5,58,4,10,0.8181818181818182,0.6344086021505376,0.9354838709677419,0.3333333333333333,0.8923076923076924,0.3333333333333333,0.9354838709677419,0.4166666666666667,0.6544871794871795,0.8086021505376345
584,11,47,8,11,0.7532467532467533,0.6772727272727272,0.8545454545454545,0.5,0.831858407079646,0.5,0.8545454545454545,0.5365853658536586,0.6842218864666523,0.768595041322314
585,18,46,5,8,0.8311688311688312,0.797134238310709,0.9019607843137255,0.6923076923076923,0.8761904761904762,0.6923076923076923,0.9019607843137255,0.7346938775510204,0.8054421768707483,0.8461538461538461
586,10,53,3,11,0.8181818181818182,0.7113095238095237,0.9464285714285714,0.47619047619047616,0.8833333333333333,0.47619047619047616,0.9464285714285714,0.5882352941176471,0.7357843137254902,0.8222789115646258
587,11,55,7,4,0.8571428571428571,0.8102150537634408,0.8870967741935484,0.7333333333333333,0.9090909090909091,0.7333333333333333,0.8870967741935484,0.6666666666666666,0.7878787878787878,0.8462365591397849
588,14,47,5,11,0.7922077922077922,0.7319230769230769,0.9038461538461539,0.56,0.8545454545454545,0.56,0.9038461538461539,0.6363636363636364,0.7454545454545454,0.8923076923076922
589,15,51,4,7,0.8571428571428571,0.8045454545454545,0.9272727272727272,0.6818181818181818,0.9026548672566371,0.6818181818181818,0.9272727272727272,0.7317073170731707,0.8171810921649039,0.9074380165289256
590,10,54,4,9,0.8311688311688312,0.7286751361161524,0.9310344827586207,0.5263157894736842,0.8925619834710744,0.5263157894736842,0.9310344827586207,0.6060606060606061,0.7493112947658402,0.7813067150635209
591,5,53,7,12,0.7532467532467533,0.5887254901960784,0.8833333333333333,0.29411764705882354,0.848,0.29411764705882354,0.8833333333333333,0.3448275862068966,0.5964137931034483,0.6490196078431372
592,13,56,2,6,0.8961038961038961,0.8248638838475499,0.9655172413793104,0.6842105263157895,0.9333333333333333,0.6842105263157895,0.9655172413793104,0.7647058823529411,0.8490196078431372,0.8956442831215972
593,11,51,5,10,0.8051948051948052,0.7172619047619048,0.9107142857142857,0.5238095238095238,0.8717948717948718,0.5238095238095238,0.9107142857142857,0.5945945945945946,0.7331947331947333,0.8163265306122449
594,11,54,1,11,0.8441558441558441,0.740909090909091,0.9818181818181818,0.5,0.9,0.5,0.9818181818181818,0.6470588235294118,0.7735294117647059,0.8057851239669421
595,18,50,4,5,0.8831168831168831,0.8542673107890499,0.9259259259259259,0.782608695652174,0.9174311926605505,0.782608695652174,0.9259259259259259,0.8,0.8587155963302753,0.8760064412238325
596,5,60,5,7,0.8441558441558441,0.6698717948717949,0.9230769230769231,0.4166666666666667,0.9090909090909091,0.4166666666666667,0.9230769230769231,0.45454545454545453,0.6818181818181818,0.7589743589743589
597,9,47,7,14,0.7272727272727273,0.6308373590982287,0.8703703703703703,0.391304347826087,0.8173913043478261,0.391304347826087,0.8703703703703703,0.46153846153846156,0.6394648829431439,0.6835748792270531
598,5,59,7,6,0.8311688311688312,0.6742424242424242,0.8939393939393939,0.45454545454545453,0.9007633587786259,0.45454545454545453,0.8939393939393939,0.43478260869565216,0.667772983737139,0.709366391184573
599,13,52,3,9,0.8441558441558441,0.7681818181818182,0.9454545454545454,0.5909090909090909,0.896551724137931,0.5909090909090909,0.9454545454545454,0.6842105263157895,0.7903811252268602,0.8289256198347107
600,16,48,3,10,0.8311688311688312,0.7782805429864253,0.9411764705882353,0.6153846153846154,0.8807339449541285,0.6153846153846154,0.9411764705882353,0.7111111111111111,0.7959225280326199,0.8710407239819005
601,8,54,9,6,0.8051948051948052,0.7142857142857142,0.8571428571428571,0.5714285714285714,0.8780487804878049,0.5714285714285714,0.8571428571428571,0.5161290322580645,0.6970889063729346,0.8401360544217688
602,10,52,7,8,0.8051948051948052,0.7184557438794728,0.8813559322033898,0.5555555555555556,0.8739495798319328,0.5555555555555556,0.8813559322033898,0.5714285714285714,0.7226890756302521,0.775894538606403
603,12,52,6,7,0.8311688311688312,0.764065335753176,0.896551724137931,0.631578947368421,0.8888888888888888,0.631578947368421,0.896551724137931,0.6486486486486487,0.7687687687687688,0.79491833030853
604,12,53,6,6,0.8441558441558441,0.7824858757062148,0.8983050847457628,0.6666666666666666,0.8983050847457628,0.6666666666666666,0.8983050847457628,0.6666666666666666,0.7824858757062148,0.8540489642184558
605,16,45,2,14,0.7922077922077922,0.7453900709219858,0.9574468085106383,0.5333333333333333,0.8490566037735849,0.5333333333333333,0.9574468085106383,0.6666666666666666,0.7578616352201257,0.8262411347517731
606,10,52,7,8,0.8051948051948052,0.7184557438794728,0.8813559322033898,0.5555555555555556,0.8739495798319328,0.5555555555555556,0.8813559322033898,0.5714285714285714,0.7226890756302521,0.8549905838041432
607,10,50,8,9,0.7792207792207793,0.6941923774954628,0.8620689655172413,0.5263157894736842,0.8547008547008547,0.5263157894736842,0.8620689655172413,0.5405405405405406,0.6976206976206976,0.7513611615245008
608,14,54,1,8,0.8831168831168831,0.8090909090909091,0.9818181818181818,0.6363636363636364,0.9230769230769231,0.6363636363636364,0.9818181818181818,0.7567567567567568,0.83991683991684,0.9256198347107438
609,8,58,5,6,0.8571428571428571,0.746031746031746,0.9206349206349206,0.5714285714285714,0.9133858267716536,0.5714285714285714,0.9206349206349206,0.5925925925925926,0.7529892096821231,0.8117913832199546
610,14,55,4,4,0.8961038961038961,0.8549905838041432,0.9322033898305084,0.7777777777777778,0.9322033898305084,0.7777777777777778,0.9322033898305084,0.7777777777777778,0.8549905838041432,0.9011299435028248
611,8,56,3,10,0.8311688311688312,0.6967984934086628,0.9491525423728814,0.4444444444444444,0.896,0.4444444444444444,0.9491525423728814,0.5517241379310345,0.7238620689655173,0.7062146892655367
612,11,51,4,11,0.8051948051948052,0.7136363636363636,0.9272727272727272,0.5,0.8717948717948718,0.5,0.9272727272727272,0.5945945945945946,0.7331947331947333,0.840495867768595
613,15,55,4,3,0.9090909090909091,0.8827683615819208,0.9322033898305084,0.8333333333333334,0.9401709401709402,0.8333333333333334,0.9322033898305084,0.8108108108108109,0.8754908754908755,0.884180790960452
614,12,54,0,11,0.8571428571428571,0.7608695652173914,1.0,0.5217391304347826,0.907563025210084,0.5217391304347826,1.0,0.6857142857142857,0.7966386554621849,0.9138486312399355
615,12,51,4,10,0.8181818181818182,0.7363636363636363,0.9272727272727272,0.5454545454545454,0.8793103448275862,0.5454545454545454,0.9272727272727272,0.631578947368421,0.7554446460980035,0.8090909090909091
616,11,53,4,9,0.8311688311688312,0.7399122807017544,0.9298245614035088,0.55,0.8907563025210085,0.55,0.9298245614035088,0.6285714285714286,0.7596638655462185,0.8421052631578948
617,8,54,5,10,0.8051948051948052,0.67984934086629,0.9152542372881356,0.4444444444444444,0.8780487804878049,0.4444444444444444,0.9152542372881356,0.5161290322580645,0.6970889063729346,0.8069679849340866
618,10,54,4,9,0.8311688311688312,0.7286751361161524,0.9310344827586207,0.5263157894736842,0.8925619834710744,0.5263157894736842,0.9310344827586207,0.6060606060606061,0.7493112947658402,0.8593466424682396
619,15,53,5,4,0.8831168831168831,0.8516333938294012,0.9137931034482759,0.7894736842105263,0.9217391304347826,0.7894736842105263,0.9137931034482759,0.7692307692307693,0.8454849498327759,0.9237749546279492
620,14,55,2,6,0.8961038961038961,0.8324561403508772,0.9649122807017544,0.7,0.9322033898305084,0.7,0.9649122807017544,0.7777777777777778,0.8549905838041432,0.8885964912280702
621,5,56,6,10,0.7922077922077922,0.6182795698924731,0.9032258064516129,0.3333333333333333,0.875,0.3333333333333333,0.9032258064516129,0.38461538461538464,0.6298076923076923,0.7064516129032259
622,14,43,3,17,0.7402597402597403,0.6931977559607293,0.9347826086956522,0.45161290322580644,0.8113207547169812,0.45161290322580644,0.9347826086956522,0.5833333333333334,0.6973270440251573,0.8169705469845723
623,11,52,4,10,0.8181818181818182,0.7261904761904763,0.9285714285714286,0.5238095238095238,0.8813559322033898,0.5238095238095238,0.9285714285714286,0.6111111111111112,0.7462335216572504,0.8010204081632653
624,13,55,1,8,0.8831168831168831,0.8005952380952381,0.9821428571428571,0.6190476190476191,0.9243697478991597,0.6190476190476191,0.9821428571428571,0.7428571428571429,0.8336134453781513,0.9013605442176871
625,6,60,4,7,0.8571428571428571,0.6995192307692308,0.9375,0.46153846153846156,0.916030534351145,0.46153846153846156,0.9375,0.5217391304347826,0.7188848323929637,0.8052884615384616
626,15,49,6,7,0.8311688311688312,0.7863636363636364,0.8909090909090909,0.6818181818181818,0.8828828828828829,0.6818181818181818,0.8909090909090909,0.6976744186046512,0.790278650743767,0.878512396694215
627,6,60,2,9,0.8571428571428571,0.6838709677419355,0.967741935483871,0.4,0.916030534351145,0.4,0.967741935483871,0.5217391304347826,0.7188848323929637,0.8322580645161289
628,13,55,6,3,0.8831168831168831,0.8570696721311475,0.9016393442622951,0.8125,0.9243697478991597,0.8125,0.9016393442622951,0.7428571428571429,0.8336134453781513,0.8688524590163934
629,11,57,3,6,0.8831168831168831,0.7985294117647059,0.95,0.6470588235294118,0.926829268292683,0.6470588235294118,0.95,0.7096774193548387,0.8182533438237609,0.8872549019607844
630,13,45,3,16,0.7532467532467533,0.6928879310344828,0.9375,0.4482758620689655,0.8256880733944955,0.4482758620689655,0.9375,0.5777777777777777,0.7017329255861366,0.8168103448275863
631,10,47,9,11,0.7402597402597403,0.6577380952380952,0.8392857142857143,0.47619047619047616,0.8245614035087719,0.47619047619047616,0.8392857142857143,0.5,0.6622807017543859,0.766156462585034
632,14,50,4,9,0.8311688311688312,0.7673107890499196,0.9259259259259259,0.6086956521739131,0.8849557522123894,0.6086956521739131,0.9259259259259259,0.6829268292682927,0.7839412907403411,0.8478260869565217
633,8,54,7,8,0.8051948051948052,0.6926229508196722,0.8852459016393442,0.5,0.8780487804878049,0.5,0.8852459016393442,0.5161290322580645,0.6970889063729346,0.819672131147541
634,9,53,5,10,0.8051948051948052,0.6937386569872959,0.9137931034482759,0.47368421052631576,0.8760330578512396,0.47368421052631576,0.9137931034482759,0.5454545454545454,0.7107438016528925,0.73502722323049
635,6,59,5,7,0.8441558441558441,0.6917067307692308,0.921875,0.46153846153846156,0.9076923076923077,0.46153846153846156,0.921875,0.5,0.7038461538461538,0.8245192307692308
636,12,47,8,10,0.7662337662337663,0.7,0.8545454545454545,0.5454545454545454,0.8392857142857143,0.5454545454545454,0.8545454545454545,0.5714285714285714,0.7053571428571428,0.8165289256198347
637,15,55,2,5,0.9090909090909091,0.8574561403508771,0.9649122807017544,0.75,0.9401709401709402,0.75,0.9649122807017544,0.8108108108108109,0.8754908754908755,0.8982456140350876
638,12,56,5,4,0.8831168831168831,0.834016393442623,0.9180327868852459,0.75,0.9256198347107438,0.75,0.9180327868852459,0.7272727272727273,0.8264462809917356,0.8668032786885246
639,15,51,2,9,0.8571428571428571,0.7936320754716981,0.9622641509433962,0.625,0.9026548672566371,0.625,0.9622641509433962,0.7317073170731707,0.8171810921649039,0.8616352201257862
640,11,53,2,11,0.8311688311688312,0.7318181818181818,0.9636363636363636,0.5,0.8907563025210085,0.5,0.9636363636363636,0.6285714285714286,0.7596638655462185,0.8710743801652893
641,8,55,2,12,0.8181818181818182,0.6824561403508772,0.9649122807017544,0.4,0.8870967741935484,0.4,0.9649122807017544,0.5333333333333333,0.7102150537634409,0.8122807017543859
642,9,56,1,11,0.8441558441558441,0.7162280701754385,0.9824561403508771,0.45,0.9032258064516129,0.45,0.9824561403508771,0.6,0.7516129032258064,0.9192982456140352
643,15,46,4,12,0.7922077922077922,0.7377777777777779,0.92,0.5555555555555556,0.8518518518518519,0.5555555555555556,0.92,0.6521739130434783,0.7520128824476651,0.7555555555555555
644,11,56,1,9,0.8701298701298701,0.7662280701754386,0.9824561403508771,0.55,0.9180327868852459,0.55,0.9824561403508771,0.6875,0.802766393442623,0.8675438596491228
645,15,43,6,13,0.7532467532467533,0.7066326530612245,0.8775510204081632,0.5357142857142857,0.819047619047619,0.5357142857142857,0.8775510204081632,0.6122448979591837,0.7156462585034014,0.8352769679300291
646,14,52,0,11,0.8571428571428571,0.78,1.0,0.56,0.9043478260869565,0.56,1.0,0.717948717948718,0.8111482720178372,0.8869230769230769
647,10,52,5,10,0.8051948051948052,0.706140350877193,0.9122807017543859,0.5,0.8739495798319328,0.5,0.9122807017543859,0.5714285714285714,0.7226890756302521,0.7964912280701754
648,14,54,1,8,0.8831168831168831,0.8090909090909091,0.9818181818181818,0.6363636363636364,0.9230769230769231,0.6363636363636364,0.9818181818181818,0.7567567567567568,0.83991683991684,0.868595041322314
649,13,53,2,9,0.8571428571428571,0.7772727272727273,0.9636363636363636,0.5909090909090909,0.905982905982906,0.5909090909090909,0.9636363636363636,0.7027027027027027,0.8043428043428044,0.8628099173553719
650,8,56,3,10,0.8311688311688312,0.6967984934086628,0.9491525423728814,0.4444444444444444,0.896,0.4444444444444444,0.9491525423728814,0.5517241379310345,0.7238620689655173,0.879472693032015
651,15,47,2,13,0.8051948051948052,0.7474489795918366,0.9591836734693877,0.5357142857142857,0.8623853211009175,0.5357142857142857,0.9591836734693877,0.6666666666666666,0.764525993883792,0.8083090379008746
652,14,53,2,8,0.8701298701298701,0.8,0.9636363636363636,0.6363636363636364,0.9137931034482759,0.6363636363636364,0.9636363636363636,0.7368421052631579,0.8253176043557169,0.7950413223140496
653,10,53,6,8,0.8181818181818182,0.7269303201506592,0.8983050847457628,0.5555555555555556,0.8833333333333333,0.5555555555555556,0.8983050847457628,0.5882352941176471,0.7357843137254902,0.7674199623352166
654,6,55,6,10,0.7922077922077922,0.6383196721311475,0.9016393442622951,0.375,0.873015873015873,0.375,0.9016393442622951,0.42857142857142855,0.6507936507936508,0.771516393442623
655,12,54,1,10,0.8571428571428571,0.7636363636363637,0.9818181818181818,0.5454545454545454,0.907563025210084,0.5454545454545454,0.9818181818181818,0.6857142857142857,0.7966386554621849,0.8603305785123968
656,8,57,3,9,0.8441558441558441,0.7102941176470587,0.95,0.47058823529411764,0.9047619047619048,0.47058823529411764,0.95,0.5714285714285714,0.7380952380952381,0.7470588235294118
657,6,56,1,14,0.8051948051948052,0.6412280701754386,0.9824561403508771,0.3,0.8818897637795275,0.3,0.9824561403508771,0.4444444444444444,0.663167104111986,0.7701754385964913
658,13,50,2,12,0.8181818181818182,0.7407692307692308,0.9615384615384616,0.52,0.8771929824561403,0.52,0.9615384615384616,0.65,0.7635964912280702,0.8653846153846154
659,13,55,2,7,0.8831168831168831,0.8074561403508772,0.9649122807017544,0.65,0.9243697478991597,0.65,0.9649122807017544,0.7428571428571429,0.8336134453781513,0.8824561403508772
660,10,49,7,11,0.7662337662337663,0.6755952380952381,0.875,0.47619047619047616,0.8448275862068966,0.47619047619047616,0.875,0.5263157894736842,0.6855716878402904,0.8069727891156463
661,12,58,2,5,0.9090909090909091,0.8362745098039216,0.9666666666666667,0.7058823529411765,0.943089430894309,0.7058823529411765,0.9666666666666667,0.7741935483870968,0.8586414896407029,0.8892156862745098
662,10,52,5,10,0.8051948051948052,0.706140350877193,0.9122807017543859,0.5,0.8739495798319328,0.5,0.9122807017543859,0.5714285714285714,0.7226890756302521,0.8201754385964912
663,8,52,7,10,0.7792207792207793,0.6629001883239172,0.8813559322033898,0.4444444444444444,0.859504132231405,0.4444444444444444,0.8813559322033898,0.48484848484848486,0.6721763085399449,0.7306967984934086
664,13,54,5,5,0.8701298701298701,0.8187382297551788,0.9152542372881356,0.7222222222222222,0.9152542372881356,0.7222222222222222,0.9152542372881356,0.7222222222222222,0.8187382297551788,0.8785310734463276
665,8,57,1,11,0.8441558441558441,0.7019056261343013,0.9827586206896551,0.42105263157894735,0.9047619047619048,0.42105263157894735,0.9827586206896551,0.5714285714285714,0.7380952380952381,0.809437386569873
666,16,50,3,8,0.8571428571428571,0.8050314465408805,0.9433962264150944,0.6666666666666666,0.9009009009009009,0.6666666666666666,0.9433962264150944,0.7441860465116279,0.8225434737062645,0.8663522012578616
667,12,50,4,11,0.8051948051948052,0.7238325281803543,0.9259259259259259,0.5217391304347826,0.8695652173913043,0.5217391304347826,0.9259259259259259,0.6153846153846154,0.7424749163879598,0.8647342995169083
668,4,64,1,8,0.8831168831168831,0.658974358974359,0.9846153846153847,0.3333333333333333,0.9343065693430657,0.3333333333333333,0.9846153846153847,0.47058823529411764,0.7024474023185916,0.7833333333333333
669,13,50,5,9,0.8181818181818182,0.75,0.9090909090909091,0.5909090909090909,0.8771929824561403,0.5909090909090909,0.9090909090909091,0.65,0.7635964912280702,0.8603305785123967
670,17,50,1,9,0.8701298701298701,0.8171191553544495,0.9803921568627451,0.6538461538461539,0.9090909090909091,0.6538461538461539,0.9803921568627451,0.7727272727272727,0.8409090909090908,0.920814479638009
671,12,48,5,12,0.7792207792207793,0.7028301886792453,0.9056603773584906,0.5,0.8495575221238938,0.5,0.9056603773584906,0.5853658536585366,0.7174616878912152,0.7979559748427673
672,11,53,4,9,0.8311688311688312,0.7399122807017544,0.9298245614035088,0.55,0.8907563025210085,0.55,0.9298245614035088,0.6285714285714286,0.7596638655462185,0.7982456140350878
673,15,54,4,4,0.8961038961038961,0.8602540834845736,0.9310344827586207,0.7894736842105263,0.9310344827586207,0.7894736842105263,0.9310344827586207,0.7894736842105263,0.8602540834845736,0.9001814882032667
674,17,43,5,12,0.7792207792207793,0.7410201149425287,0.8958333333333334,0.5862068965517241,0.8349514563106796,0.5862068965517241,0.8958333333333334,0.6666666666666666,0.7508090614886731,0.819683908045977
675,12,53,2,10,0.8441558441558441,0.7545454545454545,0.9636363636363636,0.5454545454545454,0.8983050847457628,0.5454545454545454,0.9636363636363636,0.6666666666666666,0.7824858757062148,0.859504132231405
676,8,52,3,14,0.7792207792207793,0.6545454545454545,0.9454545454545454,0.36363636363636365,0.859504132231405,0.36363636363636365,0.9454545454545454,0.48484848484848486,0.6721763085399449,0.8049586776859504
677,10,54,4,9,0.8311688311688312,0.7286751361161524,0.9310344827586207,0.5263157894736842,0.8925619834710744,0.5263157894736842,0.9310344827586207,0.6060606060606061,0.7493112947658402,0.8321234119782214
678,16,50,1,10,0.8571428571428571,0.7978883861236803,0.9803921568627451,0.6153846153846154,0.9009009009009009,0.6153846153846154,0.9803921568627451,0.7441860465116279,0.8225434737062645,0.916289592760181
679,10,50,4,13,0.7792207792207793,0.6803542673107891,0.9259259259259259,0.43478260869565216,0.8547008547008547,0.43478260869565216,0.9259259259259259,0.5405405405405406,0.6976206976206976,0.8421900161030597
680,12,50,6,9,0.8051948051948052,0.7321428571428572,0.8928571428571429,0.5714285714285714,0.8695652173913043,0.5714285714285714,0.8928571428571429,0.6153846153846154,0.7424749163879598,0.8392857142857143
681,11,57,1,8,0.8831168831168831,0.780852994555354,0.9827586206896551,0.5789473684210527,0.926829268292683,0.5789473684210527,0.9827586206896551,0.7096774193548387,0.8182533438237609,0.8702359346642468
682,7,57,6,7,0.8311688311688312,0.7023809523809523,0.9047619047619048,0.5,0.8976377952755905,0.5,0.9047619047619048,0.5185185185185185,0.7080781568970544,0.8582766439909297
683,15,46,6,10,0.7922077922077922,0.7423076923076923,0.8846153846153846,0.6,0.8518518518518519,0.6,0.8846153846153846,0.6521739130434783,0.7520128824476651,0.8084615384615386
684,18,51,3,5,0.8961038961038961,0.8635265700483092,0.9444444444444444,0.782608695652174,0.9272727272727272,0.782608695652174,0.9444444444444444,0.8181818181818182,0.8727272727272728,0.895330112721417
685,6,52,6,13,0.7532467532467533,0.6061705989110708,0.896551724137931,0.3157894736842105,0.8455284552845529,0.3157894736842105,0.896551724137931,0.3870967741935484,0.6163126147390506,0.7767695099818512
686,14,50,5,8,0.8311688311688312,0.7727272727272727,0.9090909090909091,0.6363636363636364,0.8849557522123894,0.6363636363636364,0.9090909090909091,0.6829268292682927,0.7839412907403411,0.9099173553719008
687,13,45,4,15,0.7532467532467533,0.6913265306122449,0.9183673469387755,0.4642857142857143,0.8256880733944955,0.4642857142857143,0.9183673469387755,0.5777777777777777,0.7017329255861366,0.8330903790087464
688,15,41,4,17,0.7272727272727273,0.6899305555555555,0.9111111111111111,0.46875,0.7961165048543689,0.46875,0.9111111111111111,0.5882352941176471,0.692175899486008,0.7437499999999999
689,7,53,5,12,0.7792207792207793,0.6411070780399274,0.9137931034482759,0.3684210526315789,0.8617886178861789,0.3684210526315789,0.9137931034482759,0.45161290322580644,0.6567007605559927,0.7214156079854809
690,10,52,3,12,0.8051948051948052,0.7,0.9454545454545454,0.45454545454545453,0.8739495798319328,0.45454545454545453,0.9454545454545454,0.5714285714285714,0.7226890756302521,0.8016528925619835
691,10,51,7,9,0.7922077922077922,0.7028130671506352,0.8793103448275862,0.5263157894736842,0.864406779661017,0.5263157894736842,0.8793103448275862,0.5555555555555556,0.7099811676082863,0.8557168784029038
692,9,55,2,11,0.8311688311688312,0.7074561403508772,0.9649122807017544,0.45,0.8943089430894309,0.45,0.9649122807017544,0.5806451612903226,0.7374770521898768,0.781578947368421
693,17,50,4,6,0.8701298701298701,0.8325281803542672,0.9259259259259259,0.7391304347826086,0.9090909090909091,0.7391304347826086,0.9259259259259259,0.7727272727272727,0.8409090909090908,0.9090177133655394
694,18,49,4,6,0.8701298701298701,0.8372641509433962,0.9245283018867925,0.75,0.9074074074074074,0.75,0.9245283018867925,0.782608695652174,0.8450080515297906,0.8891509433962264
695,12,50,5,10,0.8051948051948052,0.7272727272727273,0.9090909090909091,0.5454545454545454,0.8695652173913043,0.5454545454545454,0.9090909090909091,0.6153846153846154,0.7424749163879598,0.8198347107438017
696,16,54,2,5,0.9090909090909091,0.8630952380952381,0.9642857142857143,0.7619047619047619,0.9391304347826087,0.7619047619047619,0.9642857142857143,0.8205128205128205,0.8798216276477147,0.9158163265306123
697,15,49,4,9,0.8311688311688312,0.7747641509433962,0.9245283018867925,0.625,0.8828828828828829,0.625,0.9245283018867925,0.6976744186046512,0.790278650743767,0.8616352201257862
698,8,56,3,10,0.8311688311688312,0.6967984934086628,0.9491525423728814,0.4444444444444444,0.896,0.4444444444444444,0.9491525423728814,0.5517241379310345,0.7238620689655173,0.8220338983050847
699,12,55,2,8,0.8701298701298701,0.7824561403508772,0.9649122807017544,0.6,0.9166666666666666,0.6,0.9649122807017544,0.7058823529411765,0.8112745098039216,0.8833333333333334
700,13,53,4,7,0.8571428571428571,0.7899122807017545,0.9298245614035088,0.65,0.905982905982906,0.65,0.9298245614035088,0.7027027027027027,0.8043428043428044,0.856140350877193
701,15,53,1,8,0.8831168831168831,0.81682769726248,0.9814814814814815,0.6521739130434783,0.9217391304347826,0.6521739130434783,0.9814814814814815,0.7692307692307693,0.8454849498327759,0.9347826086956522
702,10,53,3,11,0.8181818181818182,0.7113095238095237,0.9464285714285714,0.47619047619047616,0.8833333333333333,0.47619047619047616,0.9464285714285714,0.5882352941176471,0.7357843137254902,0.7916666666666666
703,11,51,4,11,0.8051948051948052,0.7136363636363636,0.9272727272727272,0.5,0.8717948717948718,0.5,0.9272727272727272,0.5945945945945946,0.7331947331947333,0.8388429752066116
704,10,53,4,10,0.8181818181818182,0.7149122807017544,0.9298245614035088,0.5,0.8833333333333333,0.5,0.9298245614035088,0.5882352941176471,0.7357843137254902,0.8394736842105264
705,10,49,9,9,0.7662337662337663,0.6855716878402904,0.8448275862068966,0.5263157894736842,0.8448275862068966,0.5263157894736842,0.8448275862068966,0.5263157894736842,0.6855716878402904,0.8348457350272233
706,12,57,2,6,0.8961038961038961,0.8163841807909604,0.9661016949152542,0.6666666666666666,0.9344262295081968,0.6666666666666666,0.9661016949152542,0.75,0.8422131147540983,0.8954802259887006
707,13,54,2,8,0.8701298701298701,0.7916666666666667,0.9642857142857143,0.6190476190476191,0.9152542372881356,0.6190476190476191,0.9642857142857143,0.7222222222222222,0.8187382297551788,0.8018707482993196
708,10,52,5,10,0.8051948051948052,0.706140350877193,0.9122807017543859,0.5,0.8739495798319328,0.5,0.9122807017543859,0.5714285714285714,0.7226890756302521,0.8535087719298247
709,8,52,5,12,0.7792207792207793,0.656140350877193,0.9122807017543859,0.4,0.859504132231405,0.4,0.9122807017543859,0.48484848484848486,0.6721763085399449,0.7605263157894737
710,13,54,1,9,0.8701298701298701,0.7863636363636364,0.9818181818181818,0.5909090909090909,0.9152542372881356,0.5909090909090909,0.9818181818181818,0.7222222222222222,0.8187382297551788,0.9024793388429752
711,12,51,7,7,0.8181818181818182,0.7554446460980035,0.8793103448275862,0.631578947368421,0.8793103448275862,0.631578947368421,0.8793103448275862,0.631578947368421,0.7554446460980035,0.8248638838475498
712,11,54,5,7,0.8441558441558441,0.7631826741996234,0.9152542372881356,0.6111111111111112,0.9,0.6111111111111112,0.9152542372881356,0.6470588235294118,0.7735294117647059,0.8145009416195857
713,11,52,3,11,0.8181818181818182,0.7227272727272727,0.9454545454545454,0.5,0.8813559322033898,0.5,0.9454545454545454,0.6111111111111112,0.7462335216572504,0.8355371900826446
714,14,50,4,9,0.8311688311688312,0.7673107890499196,0.9259259259259259,0.6086956521739131,0.8849557522123894,0.6086956521739131,0.9259259259259259,0.6829268292682927,0.7839412907403411,0.8462157809983897
715,13,50,2,12,0.8181818181818182,0.7407692307692308,0.9615384615384616,0.52,0.8771929824561403,0.52,0.9615384615384616,0.65,0.7635964912280702,0.7653846153846154
716,15,46,4,12,0.7922077922077922,0.7377777777777779,0.92,0.5555555555555556,0.8518518518518519,0.5555555555555556,0.92,0.6521739130434783,0.7520128824476651,0.8281481481481481
717,11,52,5,9,0.8181818181818182,0.731140350877193,0.9122807017543859,0.55,0.8813559322033898,0.55,0.9122807017543859,0.6111111111111112,0.7462335216572504,0.7956140350877193
718,14,54,4,5,0.8831168831168831,0.8339382940108893,0.9310344827586207,0.7368421052631579,0.9230769230769231,0.7368421052631579,0.9310344827586207,0.7567567567567568,0.83991683991684,0.9210526315789473
719,12,55,6,4,0.8701298701298701,0.8258196721311475,0.9016393442622951,0.75,0.9166666666666666,0.75,0.9016393442622951,0.7058823529411765,0.8112745098039216,0.8862704918032787
720,12,55,2,8,0.8701298701298701,0.7824561403508772,0.9649122807017544,0.6,0.9166666666666666,0.6,0.9649122807017544,0.7058823529411765,0.8112745098039216,0.9052631578947369
721,17,47,4,9,0.8311688311688312,0.7877073906485671,0.9215686274509803,0.6538461538461539,0.8785046728971962,0.6538461538461539,0.9215686274509803,0.723404255319149,0.8009544641081726,0.8431372549019608
722,12,59,0,6,0.922077922077922,0.8333333333333333,1.0,0.6666666666666666,0.9516129032258065,0.6666666666666666,1.0,0.8,0.8758064516129033,0.9171374764595104
723,15,55,3,4,0.9090909090909091,0.8688747731397459,0.9482758620689655,0.7894736842105263,0.9401709401709402,0.7894736842105263,0.9482758620689655,0.8108108108108109,0.8754908754908755,0.9228675136116152
724,8,54,8,7,0.8051948051948052,0.7021505376344086,0.8709677419354839,0.5333333333333333,0.8780487804878049,0.5333333333333333,0.8709677419354839,0.5161290322580645,0.6970889063729346,0.853763440860215
725,15,44,4,14,0.7662337662337663,0.7169540229885057,0.9166666666666666,0.5172413793103449,0.8301886792452831,0.5172413793103449,0.9166666666666666,0.625,0.7275943396226415,0.8757183908045977
726,9,51,6,11,0.7792207792207793,0.6723684210526316,0.8947368421052632,0.45,0.8571428571428571,0.45,0.8947368421052632,0.5142857142857142,0.6857142857142857,0.7798245614035088
727,9,56,5,7,0.8441558441558441,0.740266393442623,0.9180327868852459,0.5625,0.9032258064516129,0.5625,0.9180327868852459,0.6,0.7516129032258064,0.8647540983606558
728,14,49,3,11,0.8181818181818182,0.7511538461538462,0.9423076923076923,0.56,0.875,0.56,0.9423076923076923,0.6666666666666666,0.7708333333333333,0.8969230769230769
729,9,47,5,16,0.7272727272727273,0.6319230769230769,0.9038461538461539,0.36,0.8173913043478261,0.36,0.9038461538461539,0.46153846153846156,0.6394648829431439,0.7307692307692307
730,16,48,8,5,0.8311688311688312,0.8095238095238095,0.8571428571428571,0.7619047619047619,0.8807339449541285,0.7619047619047619,0.8571428571428571,0.7111111111111111,0.7959225280326199,0.818877551020408
731,9,55,5,8,0.8311688311688312,0.7230392156862745,0.9166666666666666,0.5294117647058824,0.8943089430894309,0.5294117647058824,0.9166666666666666,0.5806451612903226,0.7374770521898768,0.8568627450980392
732,11,53,5,8,0.8311688311688312,0.7463702359346642,0.9137931034482759,0.5789473684210527,0.8907563025210085,0.5789473684210527,0.9137931034482759,0.6285714285714286,0.7596638655462185,0.8765880217785844
733,11,48,5,13,0.7662337662337663,0.6819968553459119,0.9056603773584906,0.4583333333333333,0.8421052631578947,0.4583333333333333,0.9056603773584906,0.55,0.6960526315789474,0.7845911949685533
734,17,53,2,5,0.9090909090909091,0.8681818181818182,0.9636363636363636,0.7727272727272727,0.9380530973451328,0.7727272727272727,0.9636363636363636,0.8292682926829268,0.8836606950140298,0.9520661157024793
735,14,54,4,5,0.8831168831168831,0.8339382940108893,0.9310344827586207,0.7368421052631579,0.9230769230769231,0.7368421052631579,0.9310344827586207,0.7567567567567568,0.83991683991684,0.8575317604355717
736,5,59,4,9,0.8311688311688312,0.6468253968253969,0.9365079365079365,0.35714285714285715,0.9007633587786259,0.35714285714285715,0.9365079365079365,0.43478260869565216,0.667772983737139,0.7981859410430839
737,8,55,4,10,0.8181818181818182,0.6883239171374764,0.9322033898305084,0.4444444444444444,0.8870967741935484,0.4444444444444444,0.9322033898305084,0.5333333333333333,0.7102150537634409,0.7984934086629002
738,11,58,3,5,0.8961038961038961,0.8191598360655737,0.9508196721311475,0.6875,0.9354838709677419,0.6875,0.9508196721311475,0.7333333333333333,0.8344086021505376,0.8934426229508197
739,16,51,4,6,0.8701298701298701,0.8272727272727273,0.9272727272727272,0.7272727272727273,0.9107142857142857,0.7272727272727273,0.9272727272727272,0.7619047619047619,0.8363095238095237,0.8553719008264463
740,11,52,7,7,0.8181818181818182,0.7462335216572504,0.8813559322033898,0.6111111111111112,0.8813559322033898,0.6111111111111112,0.8813559322033898,0.6111111111111112,0.7462335216572504,0.8361581920903955
741,11,55,3,8,0.8571428571428571,0.7636116152450091,0.9482758620689655,0.5789473684210527,0.9090909090909091,0.5789473684210527,0.9482758620689655,0.6666666666666666,0.7878787878787878,0.8784029038112523
742,9,61,3,4,0.9090909090909091,0.8227163461538461,0.953125,0.6923076923076923,0.9457364341085271,0.6923076923076923,0.953125,0.72,0.8328682170542636,0.920673076923077
743,16,51,7,3,0.8701298701298701,0.8607078039927405,0.8793103448275862,0.8421052631578947,0.9107142857142857,0.8421052631578947,0.8793103448275862,0.7619047619047619,0.8363095238095237,0.9237749546279491
744,4,56,7,10,0.7792207792207793,0.5873015873015872,0.8888888888888888,0.2857142857142857,0.8682170542635659,0.2857142857142857,0.8888888888888888,0.32,0.594108527131783,0.6167800453514739
745,13,50,5,9,0.8181818181818182,0.75,0.9090909090909091,0.5909090909090909,0.8771929824561403,0.5909090909090909,0.9090909090909091,0.65,0.7635964912280702,0.8578512396694215
746,8,58,5,6,0.8571428571428571,0.746031746031746,0.9206349206349206,0.5714285714285714,0.9133858267716536,0.5714285714285714,0.9206349206349206,0.5925925925925926,0.7529892096821231,0.844671201814059
747,8,57,3,9,0.8441558441558441,0.7102941176470587,0.95,0.47058823529411764,0.9047619047619048,0.47058823529411764,0.95,0.5714285714285714,0.7380952380952381,0.7960784313725491
748,13,45,6,13,0.7532467532467533,0.6911764705882353,0.8823529411764706,0.5,0.8256880733944955,0.5,0.8823529411764706,0.5777777777777777,0.7017329255861366,0.7677224736048265
749,12,53,5,7,0.8441558441558441,0.7726860254083485,0.9137931034482759,0.631578947368421,0.8983050847457628,0.631578947368421,0.9137931034482759,0.6666666666666666,0.7824858757062148,0.9147005444646097
750,9,56,4,8,0.8441558441558441,0.7313725490196079,0.9333333333333333,0.5294117647058824,0.9032258064516129,0.5294117647058824,0.9333333333333333,0.6,0.7516129032258064,0.8372549019607843
751,6,57,6,8,0.8181818181818182,0.6666666666666666,0.9047619047619048,0.42857142857142855,0.890625,0.42857142857142855,0.9047619047619048,0.46153846153846156,0.6760817307692308,0.8333333333333334
752,11,55,4,7,0.8571428571428571,0.7716572504708098,0.9322033898305084,0.6111111111111112,0.9090909090909091,0.6111111111111112,0.9322033898305084,0.6666666666666666,0.7878787878787878,0.8775894538606402
753,6,55,3,13,0.7922077922077922,0.632032667876588,0.9482758620689655,0.3157894736842105,0.873015873015873,0.3157894736842105,0.9482758620689655,0.42857142857142855,0.6507936507936508,0.7958257713248639
754,13,51,7,6,0.8311688311688312,0.7817604355716878,0.8793103448275862,0.6842105263157895,0.8869565217391304,0.6842105263157895,0.8793103448275862,0.6666666666666666,0.7768115942028986,0.8421052631578947
755,11,50,6,10,0.7922077922077922,0.7083333333333334,0.8928571428571429,0.5238095238095238,0.8620689655172413,0.5238095238095238,0.8928571428571429,0.5789473684210527,0.720508166969147,0.7865646258503401
756,12,56,0,9,0.8831168831168831,0.7857142857142857,1.0,0.5714285714285714,0.9256198347107438,0.5714285714285714,1.0,0.7272727272727273,0.8264462809917356,0.8579931972789115
757,14,48,4,11,0.8051948051948052,0.7415384615384616,0.9230769230769231,0.56,0.8648648648648649,0.56,0.9230769230769231,0.6511627906976745,0.7580138277812697,0.816923076923077
758,11,56,2,8,0.8701298701298701,0.7722323049001816,0.9655172413793104,0.5789473684210527,0.9180327868852459,0.5789473684210527,0.9655172413793104,0.6875,0.802766393442623,0.8666061705989111
759,12,57,1,7,0.8961038961038961,0.807168784029038,0.9827586206896551,0.631578947368421,0.9344262295081968,0.631578947368421,0.9827586206896551,0.75,0.8422131147540983,0.927404718693285
760,14,53,4,6,0.8701298701298701,0.8149122807017544,0.9298245614035088,0.7,0.9137931034482759,0.7,0.9298245614035088,0.7368421052631579,0.8253176043557169,0.8842105263157896
761,12,54,4,7,0.8571428571428571,0.7813067150635209,0.9310344827586207,0.631578947368421,0.907563025210084,0.631578947368421,0.9310344827586207,0.6857142857142857,0.7966386554621849,0.8847549909255897
762,19,48,2,8,0.8701298701298701,0.8318518518518518,0.96,0.7037037037037037,0.9056603773584906,0.7037037037037037,0.96,0.7916666666666666,0.8486635220125787,0.8711111111111112
763,13,53,4,7,0.8571428571428571,0.7899122807017545,0.9298245614035088,0.65,0.905982905982906,0.65,0.9298245614035088,0.7027027027027027,0.8043428043428044,0.8912280701754387
764,9,51,3,14,0.7792207792207793,0.6678743961352657,0.9444444444444444,0.391304347826087,0.8571428571428571,0.391304347826087,0.9444444444444444,0.5142857142857142,0.6857142857142857,0.7890499194847022
765,17,47,2,11,0.8311688311688312,0.7831632653061225,0.9591836734693877,0.6071428571428571,0.8785046728971962,0.6071428571428571,0.9591836734693877,0.723404255319149,0.8009544641081726,0.8221574344023324
766,10,55,5,7,0.8441558441558441,0.7524509803921569,0.9166666666666666,0.5882352941176471,0.9016393442622951,0.5882352941176471,0.9166666666666666,0.625,0.7633196721311475,0.8441176470588235
767,14,51,5,7,0.8441558441558441,0.7886904761904762,0.9107142857142857,0.6666666666666666,0.8947368421052632,0.6666666666666666,0.9107142857142857,0.7,0.7973684210526315,0.804421768707483
768,13,52,3,9,0.8441558441558441,0.7681818181818182,0.9454545454545454,0.5909090909090909,0.896551724137931,0.5909090909090909,0.9454545454545454,0.6842105263157895,0.7903811252268602,0.871900826446281
769,9,54,8,6,0.8181818181818182,0.7354838709677419,0.8709677419354839,0.6,0.8852459016393442,0.6,0.8709677419354839,0.5625,0.7238729508196722,0.8096774193548387
770,10,52,4,11,0.8051948051948052,0.7023809523809523,0.9285714285714286,0.47619047619047616,0.8739495798319328,0.47619047619047616,0.9285714285714286,0.5714285714285714,0.7226890756302521,0.8069727891156462
771,14,52,3,8,0.8571428571428571,0.7909090909090909,0.9454545454545454,0.6363636363636364,0.9043478260869565,0.6363636363636364,0.9454545454545454,0.717948717948718,0.8111482720178372,0.9223140495867769
772,16,55,3,3,0.922077922077922,0.8951905626134301,0.9482758620689655,0.8421052631578947,0.9482758620689655,0.8421052631578947,0.9482758620689655,0.8421052631578947,0.8951905626134301,0.9491833030852995
773,9,53,6,9,0.8051948051948052,0.6991525423728814,0.8983050847457628,0.5,0.8760330578512396,0.5,0.8983050847457628,0.5454545454545454,0.7107438016528925,0.8493408662900189
774,13,56,0,8,0.8961038961038961,0.8095238095238095,1.0,0.6190476190476191,0.9333333333333333,0.6190476190476191,1.0,0.7647058823529411,0.8490196078431372,0.929421768707483
775,8,50,5,14,0.7532467532467533,0.6363636363636364,0.9090909090909091,0.36363636363636365,0.8403361344537815,0.36363636363636365,0.9090909090909091,0.45714285714285713,0.6487394957983194,0.7694214876033058
776,11,53,5,8,0.8311688311688312,0.7463702359346642,0.9137931034482759,0.5789473684210527,0.8907563025210085,0.5789473684210527,0.9137931034482759,0.6285714285714286,0.7596638655462185,0.8566243194192378
777,13,46,4,14,0.7662337662337663,0.7007407407407408,0.92,0.48148148148148145,0.8363636363636363,0.48148148148148145,0.92,0.5909090909090909,0.7136363636363636,0.8333333333333333
778,11,49,9,8,0.7792207792207793,0.7118874773139746,0.8448275862068966,0.5789473684210527,0.8521739130434782,0.5789473684210527,0.8448275862068966,0.5641025641025641,0.7081382385730212,0.7985480943738658
779,13,53,5,6,0.8571428571428571,0.7990018148820327,0.9137931034482759,0.6842105263157895,0.905982905982906,0.6842105263157895,0.9137931034482759,0.7027027027027027,0.8043428043428044,0.8257713248638838
780,12,58,2,5,0.9090909090909091,0.8362745098039216,0.9666666666666667,0.7058823529411765,0.943089430894309,0.7058823529411765,0.9666666666666667,0.7741935483870968,0.8586414896407029,0.9490196078431372
781,12,51,6,8,0.8181818181818182,0.7473684210526316,0.8947368421052632,0.6,0.8793103448275862,0.6,0.8947368421052632,0.631578947368421,0.7554446460980035,0.8596491228070176
782,14,50,4,9,0.8311688311688312,0.7673107890499196,0.9259259259259259,0.6086956521739131,0.8849557522123894,0.6086956521739131,0.9259259259259259,0.6829268292682927,0.7839412907403411,0.8196457326892109
783,15,54,5,3,0.8961038961038961,0.8742937853107344,0.9152542372881356,0.8333333333333334,0.9310344827586207,0.8333333333333334,0.9152542372881356,0.7894736842105263,0.8602540834845736,0.9689265536723164
784,10,59,2,6,0.8961038961038961,0.7961065573770492,0.9672131147540983,0.625,0.9365079365079365,0.625,0.9672131147540983,0.7142857142857143,0.8253968253968254,0.9067622950819672
785,15,45,5,12,0.7792207792207793,0.7277777777777779,0.9,0.5555555555555556,0.8411214953271028,0.5555555555555556,0.9,0.6382978723404256,0.7397096838337642,0.7851851851851852
786,14,55,3,5,0.8961038961038961,0.8425589836660616,0.9482758620689655,0.7368421052631579,0.9322033898305084,0.7368421052631579,0.9482758620689655,0.7777777777777778,0.8549905838041432,0.883847549909256
787,10,54,7,6,0.8311688311688312,0.7551229508196722,0.8852459016393442,0.625,0.8925619834710744,0.625,0.8852459016393442,0.6060606060606061,0.7493112947658402,0.8831967213114754
788,14,50,4,9,0.8311688311688312,0.7673107890499196,0.9259259259259259,0.6086956521739131,0.8849557522123894,0.6086956521739131,0.9259259259259259,0.6829268292682927,0.7839412907403411,0.8760064412238325
789,14,47,4,12,0.7922077922077922,0.7300150829562594,0.9215686274509803,0.5384615384615384,0.8545454545454545,0.5384615384615384,0.9215686274509803,0.6363636363636364,0.7454545454545454,0.7835595776772247
790,15,51,1,10,0.8571428571428571,0.7903846153846154,0.9807692307692307,0.6,0.9026548672566371,0.6,0.9807692307692307,0.7317073170731707,0.8171810921649039,0.8638461538461539
791,9,57,2,9,0.8571428571428571,0.7330508474576272,0.9661016949152542,0.5,0.912,0.5,0.9661016949152542,0.6206896551724138,0.7663448275862069,0.8116760828625235
792,9,56,4,8,0.8441558441558441,0.7313725490196079,0.9333333333333333,0.5294117647058824,0.9032258064516129,0.5294117647058824,0.9333333333333333,0.6,0.7516129032258064,0.9088235294117647
793,12,51,4,10,0.8181818181818182,0.7363636363636363,0.9272727272727272,0.5454545454545454,0.8793103448275862,0.5454545454545454,0.9272727272727272,0.631578947368421,0.7554446460980035,0.7950413223140496
794,14,50,3,10,0.8311688311688312,0.7633647798742138,0.9433962264150944,0.5833333333333334,0.8849557522123894,0.5833333333333334,0.9433962264150944,0.6829268292682927,0.7839412907403411,0.8498427672955975
795,12,50,5,10,0.8051948051948052,0.7272727272727273,0.9090909090909091,0.5454545454545454,0.8695652173913043,0.5454545454545454,0.9090909090909091,0.6153846153846154,0.7424749163879598,0.8578512396694216
796,11,49,2,15,0.7792207792207793,0.6919306184012066,0.9607843137254902,0.4230769230769231,0.8521739130434782,0.4230769230769231,0.9607843137254902,0.5641025641025641,0.7081382385730212,0.8205128205128205
797,11,50,5,11,0.7922077922077922,0.7045454545454546,0.9090909090909091,0.5,0.8620689655172413,0.5,0.9090909090909091,0.5789473684210527,0.720508166969147,0.8710743801652893
798,11,53,0,13,0.8311688311688312,0.7291666666666666,1.0,0.4583333333333333,0.8907563025210085,0.4583333333333333,1.0,0.6285714285714286,0.7596638655462185,0.8624213836477987
799,17,54,1,5,0.922077922077922,0.8772727272727272,0.9818181818181818,0.7727272727272727,0.9473684210526315,0.7727272727272727,0.9818181818181818,0.85,0.8986842105263158,0.9074380165289256
800,10,47,7,13,0.7402597402597403,0.6525764895330113,0.8703703703703703,0.43478260869565216,0.8245614035087719,0.43478260869565216,0.8703703703703703,0.5,0.6622807017543859,0.7222222222222222
801,8,54,5,10,0.8051948051948052,0.67984934086629,0.9152542372881356,0.4444444444444444,0.8780487804878049,0.4444444444444444,0.9152542372881356,0.5161290322580645,0.6970889063729346,0.8822975517890773
802,12,58,3,4,0.9090909090909091,0.8504098360655737,0.9508196721311475,0.75,0.943089430894309,0.75,0.9508196721311475,0.7741935483870968,0.8586414896407029,0.9323770491803279
803,13,56,4,4,0.8961038961038961,0.8490196078431372,0.9333333333333333,0.7647058823529411,0.9333333333333333,0.7647058823529411,0.9333333333333333,0.7647058823529411,0.8490196078431372,0.9225490196078431
804,18,48,3,8,0.8571428571428571,0.8167420814479638,0.9411764705882353,0.6923076923076923,0.897196261682243,0.6923076923076923,0.9411764705882353,0.7659574468085106,0.8315768542453768,0.9004524886877828
805,14,46,3,14,0.7792207792207793,0.7193877551020409,0.9387755102040817,0.5,0.8440366972477065,0.5,0.9387755102040817,0.6222222222222222,0.7331294597349644,0.8214285714285714
806,13,48,4,12,0.7922077922077922,0.7215384615384616,0.9230769230769231,0.52,0.8571428571428571,0.52,0.9230769230769231,0.6190476190476191,0.7380952380952381,0.8630769230769231
807,14,51,4,8,0.8441558441558441,0.7818181818181817,0.9272727272727272,0.6363636363636364,0.8947368421052632,0.6363636363636364,0.9272727272727272,0.7,0.7973684210526315,0.8776859504132232
808,17,43,6,11,0.7792207792207793,0.7423469387755102,0.8775510204081632,0.6071428571428571,0.8349514563106796,0.6071428571428571,0.8775510204081632,0.6666666666666666,0.7508090614886731,0.8549562682215743
809,8,55,8,6,0.8181818181818182,0.7222222222222222,0.873015873015873,0.5714285714285714,0.8870967741935484,0.5714285714285714,0.873015873015873,0.5333333333333333,0.7102150537634409,0.772108843537415
810,14,51,5,7,0.8441558441558441,0.7886904761904762,0.9107142857142857,0.6666666666666666,0.8947368421052632,0.6666666666666666,0.9107142857142857,0.7,0.7973684210526315,0.814625850340136
811,13,47,6,11,0.7792207792207793,0.7142295597484276,0.8867924528301887,0.5416666666666666,0.8468468468468469,0.5416666666666666,0.8867924528301887,0.6046511627906976,0.7257490048187722,0.8223270440251572
812,11,55,0,11,0.8571428571428571,0.75,1.0,0.5,0.9090909090909091,0.5,1.0,0.6666666666666666,0.7878787878787878,0.9148760330578511
813,21,48,3,5,0.8961038961038961,0.8744343891402715,0.9411764705882353,0.8076923076923077,0.9230769230769231,0.8076923076923077,0.9411764705882353,0.84,0.8815384615384616,0.9147812971342383
814,6,54,8,9,0.7792207792207793,0.635483870967742,0.8709677419354839,0.4,0.864,0.4,0.8709677419354839,0.41379310344827586,0.638896551724138,0.8021505376344086
815,13,51,2,11,0.8311688311688312,0.7519654088050314,0.9622641509433962,0.5416666666666666,0.8869565217391304,0.5416666666666666,0.9622641509433962,0.6666666666666666,0.7768115942028986,0.8058176100628931
816,8,54,4,11,0.8051948051948052,0.676043557168784,0.9310344827586207,0.42105263157894735,0.8780487804878049,0.42105263157894735,0.9310344827586207,0.5161290322580645,0.6970889063729346,0.7531760435571687
817,11,46,10,10,0.7402597402597403,0.6726190476190477,0.8214285714285714,0.5238095238095238,0.8214285714285714,0.5238095238095238,0.8214285714285714,0.5238095238095238,0.6726190476190477,0.744047619047619
818,16,49,2,10,0.8441558441558441,0.7880844645550529,0.9607843137254902,0.6153846153846154,0.8909090909090909,0.6153846153846154,0.9607843137254902,0.7272727272727273,0.8090909090909091,0.84841628959276
819,10,52,5,10,0.8051948051948052,0.706140350877193,0.9122807017543859,0.5,0.8739495798319328,0.5,0.9122807017543859,0.5714285714285714,0.7226890756302521,0.8175438596491228
820,7,57,4,9,0.8311688311688312,0.6859631147540983,0.9344262295081968,0.4375,0.8976377952755905,0.4375,0.9344262295081968,0.5185185185185185,0.7080781568970544,0.7520491803278688
821,9,56,2,10,0.8441558441558441,0.7196007259528131,0.9655172413793104,0.47368421052631576,0.9032258064516129,0.47368421052631576,0.9655172413793104,0.6,0.7516129032258064,0.8874773139745916
822,12,51,6,8,0.8181818181818182,0.7473684210526316,0.8947368421052632,0.6,0.8793103448275862,0.6,0.8947368421052632,0.631578947368421,0.7554446460980035,0.8035087719298246
823,10,51,2,14,0.7922077922077922,0.6894654088050315,0.9622641509433962,0.4166666666666667,0.864406779661017,0.4166666666666667,0.9622641509433962,0.5555555555555556,0.7099811676082863,0.8144654088050314
824,14,48,6,9,0.8051948051948052,0.748792270531401,0.8888888888888888,0.6086956521739131,0.8648648648648649,0.6086956521739131,0.8888888888888888,0.6511627906976745,0.7580138277812697,0.8784219001610306
825,10,58,5,4,0.8831168831168831,0.8174603174603174,0.9206349206349206,0.7142857142857143,0.928,0.7142857142857143,0.9206349206349206,0.6896551724137931,0.8088275862068965,0.8662131519274376
826,6,55,4,12,0.7922077922077922,0.6327683615819208,0.9322033898305084,0.3333333333333333,0.873015873015873,0.3333333333333333,0.9322033898305084,0.42857142857142855,0.6507936507936508,0.6619585687382297
827,10,53,5,9,0.8181818181818182,0.72005444646098,0.9137931034482759,0.5263157894736842,0.8833333333333333,0.5263157894736842,0.9137931034482759,0.5882352941176471,0.7357843137254902,0.7831215970961888
828,8,58,5,6,0.8571428571428571,0.746031746031746,0.9206349206349206,0.5714285714285714,0.9133858267716536,0.5714285714285714,0.9206349206349206,0.5925925925925926,0.7529892096821231,0.8378684807256236
829,14,54,1,8,0.8831168831168831,0.8090909090909091,0.9818181818181818,0.6363636363636364,0.9230769230769231,0.6363636363636364,0.9818181818181818,0.7567567567567568,0.83991683991684,0.8735537190082645
830,9,51,5,12,0.7792207792207793,0.6696428571428571,0.9107142857142857,0.42857142857142855,0.8571428571428571,0.42857142857142855,0.9107142857142857,0.5142857142857142,0.6857142857142857,0.7916666666666666
831,16,52,3,6,0.8831168831168831,0.8363636363636364,0.9454545454545454,0.7272727272727273,0.9203539823008849,0.7272727272727273,0.9454545454545454,0.7804878048780488,0.8504208935894668,0.884297520661157
832,13,51,4,9,0.8311688311688312,0.759090909090909,0.9272727272727272,0.5909090909090909,0.8869565217391304,0.5909090909090909,0.9272727272727272,0.6666666666666666,0.7768115942028986,0.8487603305785124
833,11,51,6,9,0.8051948051948052,0.7223684210526315,0.8947368421052632,0.55,0.8717948717948718,0.55,0.8947368421052632,0.5945945945945946,0.7331947331947333,0.8052631578947369
834,10,52,4,11,0.8051948051948052,0.7023809523809523,0.9285714285714286,0.47619047619047616,0.8739495798319328,0.47619047619047616,0.9285714285714286,0.5714285714285714,0.7226890756302521,0.8375850340136054
835,15,51,2,9,0.8571428571428571,0.7936320754716981,0.9622641509433962,0.625,0.9026548672566371,0.625,0.9622641509433962,0.7317073170731707,0.8171810921649039,0.7979559748427674
836,8,51,6,12,0.7662337662337663,0.6473684210526316,0.8947368421052632,0.4,0.85,0.4,0.8947368421052632,0.47058823529411764,0.6602941176470588,0.7929824561403509
837,11,51,4,11,0.8051948051948052,0.7136363636363636,0.9272727272727272,0.5,0.8717948717948718,0.5,0.9272727272727272,0.5945945945945946,0.7331947331947333,0.8975206611570248
838,16,48,5,8,0.8311688311688312,0.7861635220125787,0.9056603773584906,0.6666666666666666,0.8807339449541285,0.6666666666666666,0.9056603773584906,0.7111111111111111,0.7959225280326199,0.8411949685534592
839,11,52,6,8,0.8181818181818182,0.7377495462794919,0.896551724137931,0.5789473684210527,0.8813559322033898,0.5789473684210527,0.896551724137931,0.6111111111111112,0.7462335216572504,0.8294010889292196
840,8,54,4,11,0.8051948051948052,0.676043557168784,0.9310344827586207,0.42105263157894735,0.8780487804878049,0.42105263157894735,0.9310344827586207,0.5161290322580645,0.6970889063729346,0.7395644283121597
841,11,51,6,9,0.8051948051948052,0.7223684210526315,0.8947368421052632,0.55,0.8717948717948718,0.55,0.8947368421052632,0.5945945945945946,0.7331947331947333,0.8
842,13,46,6,12,0.7662337662337663,0.7023076923076923,0.8846153846153846,0.52,0.8363636363636363,0.52,0.8846153846153846,0.5909090909090909,0.7136363636363636,0.8246153846153846
843,11,55,4,7,0.8571428571428571,0.7716572504708098,0.9322033898305084,0.6111111111111112,0.9090909090909091,0.6111111111111112,0.9322033898305084,0.6666666666666666,0.7878787878787878,0.8568738229755178
844,5,64,3,5,0.8961038961038961,0.7276119402985075,0.9552238805970149,0.5,0.9411764705882353,0.5,0.9552238805970149,0.5555555555555556,0.7483660130718954,0.8835820895522389
845,11,49,6,11,0.7792207792207793,0.6954545454545454,0.8909090909090909,0.5,0.8521739130434782,0.5,0.8909090909090909,0.5641025641025641,0.7081382385730212,0.828099173553719
846,12,53,5,7,0.8441558441558441,0.7726860254083485,0.9137931034482759,0.631578947368421,0.8983050847457628,0.631578947368421,0.9137931034482759,0.6666666666666666,0.7824858757062148,0.8974591651542649
847,14,50,3,10,0.8311688311688312,0.7633647798742138,0.9433962264150944,0.5833333333333334,0.8849557522123894,0.5833333333333334,0.9433962264150944,0.6829268292682927,0.7839412907403411,0.8608490566037735
848,10,55,2,10,0.8441558441558441,0.7324561403508771,0.9649122807017544,0.5,0.9016393442622951,0.5,0.9649122807017544,0.625,0.7633196721311475,0.8359649122807018
849,7,60,5,5,0.8701298701298701,0.7532051282051282,0.9230769230769231,0.5833333333333334,0.9230769230769231,0.5833333333333334,0.9230769230769231,0.5833333333333334,0.7532051282051282,0.8589743589743589
850,11,56,3,7,0.8701298701298701,0.7801318267419963,0.9491525423728814,0.6111111111111112,0.9180327868852459,0.6111111111111112,0.9491525423728814,0.6875,0.802766393442623,0.9020715630885122
851,10,56,3,8,0.8571428571428571,0.7523540489642184,0.9491525423728814,0.5555555555555556,0.9105691056910569,0.5555555555555556,0.9491525423728814,0.6451612903225806,0.7778651980068187,0.8173258003766479
852,16,45,7,9,0.7922077922077922,0.7526923076923078,0.8653846153846154,0.64,0.8490566037735849,0.64,0.8653846153846154,0.6666666666666666,0.7578616352201257,0.8761538461538462
853,14,49,4,10,0.8181818181818182,0.753930817610063,0.9245283018867925,0.5833333333333334,0.875,0.5833333333333334,0.9245283018867925,0.6666666666666666,0.7708333333333333,0.8577044025157232
854,11,51,6,9,0.8051948051948052,0.7223684210526315,0.8947368421052632,0.55,0.8717948717948718,0.55,0.8947368421052632,0.5945945945945946,0.7331947331947333,0.7885964912280702
855,15,53,3,6,0.8831168831168831,0.8303571428571428,0.9464285714285714,0.7142857142857143,0.9217391304347826,0.7142857142857143,0.9464285714285714,0.7692307692307693,0.8454849498327759,0.9430272108843537
856,14,56,0,7,0.9090909090909091,0.8333333333333333,1.0,0.6666666666666666,0.9411764705882353,0.6666666666666666,1.0,0.8,0.8705882352941177,0.8877551020408163
857,9,60,3,5,0.8961038961038961,0.7976190476190477,0.9523809523809523,0.6428571428571429,0.9375,0.6428571428571429,0.9523809523809523,0.6923076923076923,0.8149038461538461,0.8310657596371882
858,10,58,3,6,0.8831168831168831,0.7879098360655737,0.9508196721311475,0.625,0.928,0.625,0.9508196721311475,0.6896551724137931,0.8088275862068965,0.8596311475409836
859,9,51,5,12,0.7792207792207793,0.6696428571428571,0.9107142857142857,0.42857142857142855,0.8571428571428571,0.42857142857142855,0.9107142857142857,0.5142857142857142,0.6857142857142857,0.7585034013605442
860,10,53,1,13,0.8181818181818182,0.7081320450885669,0.9814814814814815,0.43478260869565216,0.8833333333333333,0.43478260869565216,0.9814814814814815,0.5882352941176471,0.7357843137254902,0.8285024154589372
861,18,51,2,6,0.8961038961038961,0.8561320754716981,0.9622641509433962,0.75,0.9272727272727272,0.75,0.9622641509433962,0.8181818181818182,0.8727272727272728,0.9182389937106918
862,5,64,1,7,0.8961038961038961,0.7006410256410257,0.9846153846153847,0.4166666666666667,0.9411764705882353,0.4166666666666667,0.9846153846153847,0.5555555555555556,0.7483660130718954,0.8294871794871794
863,14,56,2,5,0.9090909090909091,0.8511796733212341,0.9655172413793104,0.7368421052631579,0.9411764705882353,0.7368421052631579,0.9655172413793104,0.8,0.8705882352941177,0.9137931034482759
864,17,46,2,12,0.8181818181818182,0.7722701149425287,0.9583333333333334,0.5862068965517241,0.8679245283018868,0.5862068965517241,0.9583333333333334,0.7083333333333334,0.78812893081761,0.8441091954022988
865,8,59,2,8,0.8701298701298701,0.7336065573770492,0.9672131147540983,0.5,0.921875,0.5,0.9672131147540983,0.6153846153846154,0.7686298076923077,0.8309426229508197
866,14,49,6,8,0.8181818181818182,0.7636363636363637,0.8909090909090909,0.6363636363636364,0.875,0.6363636363636364,0.8909090909090909,0.6666666666666666,0.7708333333333333,0.8396694214876034
867,10,47,6,14,0.7402597402597403,0.6517295597484277,0.8867924528301887,0.4166666666666667,0.8245614035087719,0.4166666666666667,0.8867924528301887,0.5,0.6622807017543859,0.7507861635220126
868,11,58,3,5,0.8961038961038961,0.8191598360655737,0.9508196721311475,0.6875,0.9354838709677419,0.6875,0.9508196721311475,0.7333333333333333,0.8344086021505376,0.9344262295081968
869,12,56,2,7,0.8831168831168831,0.7985480943738656,0.9655172413793104,0.631578947368421,0.9256198347107438,0.631578947368421,0.9655172413793104,0.7272727272727273,0.8264462809917356,0.8584392014519056
870,20,52,1,4,0.935064935064935,0.9072327044025157,0.9811320754716981,0.8333333333333334,0.9541284403669725,0.8333333333333334,0.9811320754716981,0.8888888888888888,0.9215086646279307,0.9551886792452831
871,12,50,6,9,0.8051948051948052,0.7321428571428572,0.8928571428571429,0.5714285714285714,0.8695652173913043,0.5714285714285714,0.8928571428571429,0.6153846153846154,0.7424749163879598,0.7865646258503401
872,12,53,2,10,0.8441558441558441,0.7545454545454545,0.9636363636363636,0.5454545454545454,0.8983050847457628,0.5454545454545454,0.9636363636363636,0.6666666666666666,0.7824858757062148,0.7842975206611571
873,13,53,2,9,0.8571428571428571,0.7772727272727273,0.9636363636363636,0.5909090909090909,0.905982905982906,0.5909090909090909,0.9636363636363636,0.7027027027027027,0.8043428043428044,0.8966942148760331
874,14,51,4,8,0.8441558441558441,0.7818181818181817,0.9272727272727272,0.6363636363636364,0.8947368421052632,0.6363636363636364,0.9272727272727272,0.7,0.7973684210526315,0.8785123966942149
875,14,53,3,7,0.8701298701298701,0.8065476190476191,0.9464285714285714,0.6666666666666666,0.9137931034482759,0.6666666666666666,0.9464285714285714,0.7368421052631579,0.8253176043557169,0.8511904761904763
876,12,55,4,6,0.8701298701298701,0.7994350282485876,0.9322033898305084,0.6666666666666666,0.9166666666666666,0.6666666666666666,0.9322033898305084,0.7058823529411765,0.8112745098039216,0.8738229755178908
877,9,54,7,7,0.8181818181818182,0.7238729508196722,0.8852459016393442,0.5625,0.8852459016393442,0.5625,0.8852459016393442,0.5625,0.7238729508196722,0.7745901639344261
878,17,51,3,6,0.8831168831168831,0.8417874396135265,0.9444444444444444,0.7391304347826086,0.918918918918919,0.7391304347826086,0.9444444444444444,0.7906976744186046,0.8548082966687618,0.9122383252818035
879,10,58,4,5,0.8831168831168831,0.8010752688172043,0.9354838709677419,0.6666666666666666,0.928,0.6666666666666666,0.9354838709677419,0.6896551724137931,0.8088275862068965,0.8333333333333333
880,11,52,5,9,0.8181818181818182,0.731140350877193,0.9122807017543859,0.55,0.8813559322033898,0.55,0.9122807017543859,0.6111111111111112,0.7462335216572504,0.8473684210526317
881,15,51,4,7,0.8571428571428571,0.8045454545454545,0.9272727272727272,0.6818181818181818,0.9026548672566371,0.6818181818181818,0.9272727272727272,0.7317073170731707,0.8171810921649039,0.9206611570247933
882,17,47,3,10,0.8311688311688312,0.7848148148148149,0.94,0.6296296296296297,0.8785046728971962,0.6296296296296297,0.94,0.723404255319149,0.8009544641081726,0.9237037037037037
883,12,47,6,12,0.7662337662337663,0.6933962264150944,0.8867924528301887,0.5,0.8392857142857143,0.5,0.8867924528301887,0.5714285714285714,0.7053571428571428,0.7845911949685535
884,11,59,2,5,0.9090909090909091,0.8273565573770492,0.9672131147540983,0.6875,0.944,0.6875,0.9672131147540983,0.7586206896551724,0.8513103448275862,0.8831967213114754
885,9,53,4,11,0.8051948051948052,0.6899122807017544,0.9298245614035088,0.45,0.8760330578512396,0.45,0.9298245614035088,0.5454545454545454,0.7107438016528925,0.8280701754385965
886,10,53,4,10,0.8181818181818182,0.7149122807017544,0.9298245614035088,0.5,0.8833333333333333,0.5,0.9298245614035088,0.5882352941176471,0.7357843137254902,0.8140350877192983
887,14,48,7,8,0.8051948051948052,0.7545454545454545,0.8727272727272727,0.6363636363636364,0.8648648648648649,0.6363636363636364,0.8727272727272727,0.6511627906976745,0.7580138277812697,0.7999999999999999
888,15,45,7,10,0.7792207792207793,0.7326923076923078,0.8653846153846154,0.6,0.8411214953271028,0.6,0.8653846153846154,0.6382978723404256,0.7397096838337642,0.8315384615384616
889,7,56,2,12,0.8181818181818182,0.6669691470054446,0.9655172413793104,0.3684210526315789,0.8888888888888888,0.3684210526315789,0.9655172413793104,0.5,0.6944444444444444,0.8448275862068966
890,14,55,6,2,0.8961038961038961,0.8883196721311475,0.9016393442622951,0.875,0.9322033898305084,0.875,0.9016393442622951,0.7777777777777778,0.8549905838041432,0.9323770491803278
891,12,53,4,8,0.8441558441558441,0.7649122807017543,0.9298245614035088,0.6,0.8983050847457628,0.6,0.9298245614035088,0.6666666666666666,0.7824858757062148,0.8692982456140351
892,9,55,0,13,0.8311688311688312,0.7045454545454546,1.0,0.4090909090909091,0.8943089430894309,0.4090909090909091,1.0,0.5806451612903226,0.7374770521898768,0.806611570247934
893,16,54,2,5,0.9090909090909091,0.8630952380952381,0.9642857142857143,0.7619047619047619,0.9391304347826087,0.7619047619047619,0.9642857142857143,0.8205128205128205,0.8798216276477147,0.9719387755102041
894,11,56,2,8,0.8701298701298701,0.7722323049001816,0.9655172413793104,0.5789473684210527,0.9180327868852459,0.5789473684210527,0.9655172413793104,0.6875,0.802766393442623,0.8421052631578947
895,8,51,8,10,0.7662337662337663,0.6544256120527308,0.864406779661017,0.4444444444444444,0.85,0.4444444444444444,0.864406779661017,0.47058823529411764,0.6602941176470588,0.7278719397363466
896,14,47,6,10,0.7922077922077922,0.7350628930817611,0.8867924528301887,0.5833333333333334,0.8545454545454545,0.5833333333333334,0.8867924528301887,0.6363636363636364,0.7454545454545454,0.8105345911949686
897,12,51,2,12,0.8181818181818182,0.7311320754716981,0.9622641509433962,0.5,0.8793103448275862,0.5,0.9622641509433962,0.631578947368421,0.7554446460980035,0.8419811320754716
898,10,51,3,13,0.7922077922077922,0.6896135265700483,0.9444444444444444,0.43478260869565216,0.864406779661017,0.43478260869565216,0.9444444444444444,0.5555555555555556,0.7099811676082863,0.8164251207729468
899,14,55,1,7,0.8961038961038961,0.8244047619047619,0.9821428571428571,0.6666666666666666,0.9322033898305084,0.6666666666666666,0.9821428571428571,0.7777777777777778,0.8549905838041432,0.9489795918367347
900,13,53,5,6,0.8571428571428571,0.7990018148820327,0.9137931034482759,0.6842105263157895,0.905982905982906,0.6842105263157895,0.9137931034482759,0.7027027027027027,0.8043428043428044,0.9038112522686026
901,5,50,6,16,0.7142857142857143,0.5654761904761905,0.8928571428571429,0.23809523809523808,0.819672131147541,0.23809523809523808,0.8928571428571429,0.3125,0.5660860655737705,0.7185374149659863
902,11,48,4,14,0.7662337662337663,0.6815384615384615,0.9230769230769231,0.44,0.8421052631578947,0.44,0.9230769230769231,0.55,0.6960526315789474,0.7630769230769231
903,5,62,3,7,0.8701298701298701,0.6852564102564103,0.9538461538461539,0.4166666666666667,0.9253731343283582,0.4166666666666667,0.9538461538461539,0.5,0.7126865671641791,0.7320512820512821
904,11,54,3,9,0.8441558441558441,0.7486842105263158,0.9473684210526315,0.55,0.9,0.55,0.9473684210526315,0.6470588235294118,0.7735294117647059,0.8999999999999999
905,7,54,5,11,0.7922077922077922,0.6520715630885122,0.9152542372881356,0.3888888888888889,0.8709677419354839,0.3888888888888889,0.9152542372881356,0.4666666666666667,0.6688172043010753,0.736346516007533
906,17,49,4,7,0.8571428571428571,0.816430817610063,0.9245283018867925,0.7083333333333334,0.8990825688073395,0.7083333333333334,0.9245283018867925,0.7555555555555555,0.8273190621814475,0.8561320754716981
907,12,55,4,6,0.8701298701298701,0.7994350282485876,0.9322033898305084,0.6666666666666666,0.9166666666666666,0.6666666666666666,0.9322033898305084,0.7058823529411765,0.8112745098039216,0.8606403013182674
908,12,52,2,11,0.8311688311688312,0.7423510466988728,0.9629629629629629,0.5217391304347826,0.8888888888888888,0.5217391304347826,0.9629629629629629,0.6486486486486487,0.7687687687687688,0.8599033816425121
909,4,62,3,8,0.8571428571428571,0.6435897435897436,0.9538461538461539,0.3333333333333333,0.9185185185185185,0.3333333333333333,0.9538461538461539,0.42105263157894735,0.6697855750487329,0.7217948717948718
910,14,50,4,9,0.8311688311688312,0.7673107890499196,0.9259259259259259,0.6086956521739131,0.8849557522123894,0.6086956521739131,0.9259259259259259,0.6829268292682927,0.7839412907403411,0.8816425120772947
911,8,51,3,15,0.7662337662337663,0.6461352657004831,0.9444444444444444,0.34782608695652173,0.85,0.34782608695652173,0.9444444444444444,0.47058823529411764,0.6602941176470588,0.7576489533011271
912,12,58,2,5,0.9090909090909091,0.8362745098039216,0.9666666666666667,0.7058823529411765,0.943089430894309,0.7058823529411765,0.9666666666666667,0.7741935483870968,0.8586414896407029,0.8970588235294117
913,10,55,6,6,0.8441558441558441,0.7633196721311475,0.9016393442622951,0.625,0.9016393442622951,0.625,0.9016393442622951,0.625,0.7633196721311475,0.9006147540983607
914,12,47,6,12,0.7662337662337663,0.6933962264150944,0.8867924528301887,0.5,0.8392857142857143,0.5,0.8867924528301887,0.5714285714285714,0.7053571428571428,0.7586477987421383
915,13,53,6,5,0.8571428571428571,0.8102636534839924,0.8983050847457628,0.7222222222222222,0.905982905982906,0.7222222222222222,0.8983050847457628,0.7027027027027027,0.8043428043428044,0.879472693032015
916,12,50,4,11,0.8051948051948052,0.7238325281803543,0.9259259259259259,0.5217391304347826,0.8695652173913043,0.5217391304347826,0.9259259259259259,0.6153846153846154,0.7424749163879598,0.8164251207729468
917,13,50,2,12,0.8181818181818182,0.7407692307692308,0.9615384615384616,0.52,0.8771929824561403,0.52,0.9615384615384616,0.65,0.7635964912280702,0.8507692307692308
918,12,50,4,11,0.8051948051948052,0.7238325281803543,0.9259259259259259,0.5217391304347826,0.8695652173913043,0.5217391304347826,0.9259259259259259,0.6153846153846154,0.7424749163879598,0.8067632850241545
919,15,45,4,13,0.7792207792207793,0.7270408163265306,0.9183673469387755,0.5357142857142857,0.8411214953271028,0.5357142857142857,0.9183673469387755,0.6382978723404256,0.7397096838337642,0.7361516034985423
920,16,48,1,12,0.8311688311688312,0.7755102040816326,0.9795918367346939,0.5714285714285714,0.8807339449541285,0.5714285714285714,0.9795918367346939,0.7111111111111111,0.7959225280326199,0.9008746355685131
921,8,54,7,8,0.8051948051948052,0.6926229508196722,0.8852459016393442,0.5,0.8780487804878049,0.5,0.8852459016393442,0.5161290322580645,0.6970889063729346,0.8002049180327869
922,10,50,3,14,0.7792207792207793,0.6800314465408805,0.9433962264150944,0.4166666666666667,0.8547008547008547,0.4166666666666667,0.9433962264150944,0.5405405405405406,0.6976206976206976,0.8435534591194969
923,17,52,2,6,0.8961038961038961,0.8510466988727858,0.9629629629629629,0.7391304347826086,0.9285714285714286,0.7391304347826086,0.9629629629629629,0.8095238095238095,0.8690476190476191,0.9452495974235106
924,7,58,5,7,0.8441558441558441,0.7103174603174602,0.9206349206349206,0.5,0.90625,0.5,0.9206349206349206,0.5384615384615384,0.7223557692307692,0.852607709750567
925,9,56,4,8,0.8441558441558441,0.7313725490196079,0.9333333333333333,0.5294117647058824,0.9032258064516129,0.5294117647058824,0.9333333333333333,0.6,0.7516129032258064,0.8578431372549019
926,20,45,4,8,0.8441558441558441,0.8163265306122449,0.9183673469387755,0.7142857142857143,0.8823529411764706,0.7142857142857143,0.9183673469387755,0.7692307692307693,0.8257918552036199,0.8986880466472302
927,19,49,1,8,0.8831168831168831,0.8418518518518519,0.98,0.7037037037037037,0.9158878504672897,0.7037037037037037,0.98,0.8085106382978723,0.862199244382581,0.9518518518518518
928,7,52,3,15,0.7662337662337663,0.6318181818181818,0.9454545454545454,0.3181818181818182,0.8524590163934426,0.3181818181818182,0.9454545454545454,0.4375,0.6449795081967213,0.7404958677685951
929,11,53,5,8,0.8311688311688312,0.7463702359346642,0.9137931034482759,0.5789473684210527,0.8907563025210085,0.5789473684210527,0.9137931034482759,0.6285714285714286,0.7596638655462185,0.7949183303085299
930,18,47,1,11,0.8441558441558441,0.7999281609195402,0.9791666666666666,0.6206896551724138,0.8867924528301887,0.6206896551724138,0.9791666666666666,0.75,0.8183962264150944,0.9051724137931034
931,11,54,1,11,0.8441558441558441,0.740909090909091,0.9818181818181818,0.5,0.9,0.5,0.9818181818181818,0.6470588235294118,0.7735294117647059,0.7801652892561984
932,15,53,3,6,0.8831168831168831,0.8303571428571428,0.9464285714285714,0.7142857142857143,0.9217391304347826,0.7142857142857143,0.9464285714285714,0.7692307692307693,0.8454849498327759,0.9183673469387754
933,11,52,1,13,0.8181818181818182,0.7197327044025157,0.9811320754716981,0.4583333333333333,0.8813559322033898,0.4583333333333333,0.9811320754716981,0.6111111111111112,0.7462335216572504,0.8459119496855345
934,16,44,6,11,0.7792207792207793,0.7362962962962962,0.88,0.5925925925925926,0.8380952380952381,0.5925925925925926,0.88,0.6530612244897959,0.745578231292517,0.8622222222222222
935,14,54,2,7,0.8831168831168831,0.8154761904761905,0.9642857142857143,0.6666666666666666,0.9230769230769231,0.6666666666666666,0.9642857142857143,0.7567567567567568,0.83991683991684,0.9107142857142857
936,10,55,3,9,0.8441558441558441,0.7372958257713249,0.9482758620689655,0.5263157894736842,0.9016393442622951,0.5263157894736842,0.9482758620689655,0.625,0.7633196721311475,0.822141560798548
937,13,57,2,5,0.9090909090909091,0.8441619585687382,0.9661016949152542,0.7222222222222222,0.9421487603305785,0.7222222222222222,0.9661016949152542,0.7878787878787878,0.8650137741046832,0.9067796610169492
938,14,48,5,10,0.8051948051948052,0.7444968553459119,0.9056603773584906,0.5833333333333334,0.8648648648648649,0.5833333333333334,0.9056603773584906,0.6511627906976745,0.7580138277812697,0.8105345911949685
939,9,59,2,7,0.8831168831168831,0.7648565573770492,0.9672131147540983,0.5625,0.9291338582677166,0.5625,0.9672131147540983,0.6666666666666666,0.7979002624671916,0.8606557377049181
940,13,51,4,9,0.8311688311688312,0.759090909090909,0.9272727272727272,0.5909090909090909,0.8869565217391304,0.5909090909090909,0.9272727272727272,0.6666666666666666,0.7768115942028986,0.8504132231404958
941,9,52,4,12,0.7922077922077922,0.6785714285714286,0.9285714285714286,0.42857142857142855,0.8666666666666667,0.42857142857142855,0.9285714285714286,0.5294117647058824,0.6980392156862745,0.7823129251700681
942,11,58,2,6,0.8961038961038961,0.8068627450980392,0.9666666666666667,0.6470588235294118,0.9354838709677419,0.6470588235294118,0.9666666666666667,0.7333333333333333,0.8344086021505376,0.8205882352941177
943,15,49,3,10,0.8311688311688312,0.7711538461538461,0.9423076923076923,0.6,0.8828828828828829,0.6,0.9423076923076923,0.6976744186046512,0.790278650743767,0.8207692307692308
944,10,51,9,7,0.7922077922077922,0.7191176470588235,0.85,0.5882352941176471,0.864406779661017,0.5882352941176471,0.85,0.5555555555555556,0.7099811676082863,0.8196078431372549
945,10,58,3,6,0.8831168831168831,0.7879098360655737,0.9508196721311475,0.625,0.928,0.625,0.9508196721311475,0.6896551724137931,0.8088275862068965,0.8811475409836065
946,12,61,2,2,0.948051948051948,0.9126984126984127,0.9682539682539683,0.8571428571428571,0.9682539682539683,0.8571428571428571,0.9682539682539683,0.8571428571428571,0.9126984126984127,0.9092970521541949
947,11,54,2,10,0.8441558441558441,0.7440476190476191,0.9642857142857143,0.5238095238095238,0.9,0.5238095238095238,0.9642857142857143,0.6470588235294118,0.7735294117647059,0.8758503401360545
948,9,49,7,12,0.7532467532467533,0.6517857142857143,0.875,0.42857142857142855,0.8376068376068376,0.42857142857142855,0.875,0.4864864864864865,0.6620466620466621,0.7202380952380952
949,10,55,6,6,0.8441558441558441,0.7633196721311475,0.9016393442622951,0.625,0.9016393442622951,0.625,0.9016393442622951,0.625,0.7633196721311475,0.8616803278688525
950,9,50,9,9,0.7662337662337663,0.673728813559322,0.847457627118644,0.5,0.847457627118644,0.5,0.847457627118644,0.5,0.673728813559322,0.7532956685499058
951,13,51,3,10,0.8311688311688312,0.7548309178743962,0.9444444444444444,0.5652173913043478,0.8869565217391304,0.5652173913043478,0.9444444444444444,0.6666666666666666,0.7768115942028986,0.860708534621578
952,10,57,7,3,0.8701298701298701,0.8299278846153846,0.890625,0.7692307692307693,0.9193548387096774,0.7692307692307693,0.890625,0.6666666666666666,0.793010752688172,0.8461538461538461
953,7,57,0,13,0.8311688311688312,0.675,1.0,0.35,0.8976377952755905,0.35,1.0,0.5185185185185185,0.7080781568970544,0.7973684210526317
954,10,55,3,9,0.8441558441558441,0.7372958257713249,0.9482758620689655,0.5263157894736842,0.9016393442622951,0.5263157894736842,0.9482758620689655,0.625,0.7633196721311475,0.8847549909255897
955,10,56,4,7,0.8571428571428571,0.7607843137254902,0.9333333333333333,0.5882352941176471,0.9105691056910569,0.5882352941176471,0.9333333333333333,0.6451612903225806,0.7778651980068187,0.9
956,12,54,6,5,0.8571428571428571,0.8029411764705883,0.9,0.7058823529411765,0.907563025210084,0.7058823529411765,0.9,0.6857142857142857,0.7966386554621849,0.8588235294117647
957,16,48,2,11,0.8311688311688312,0.7762962962962963,0.96,0.5925925925925926,0.8807339449541285,0.5925925925925926,0.96,0.7111111111111111,0.7959225280326199,0.8866666666666667
958,12,55,3,7,0.8701298701298701,0.7899274047186933,0.9482758620689655,0.631578947368421,0.9166666666666666,0.631578947368421,0.9482758620689655,0.7058823529411765,0.8112745098039216,0.8747731397459164
959,14,53,4,6,0.8701298701298701,0.8149122807017544,0.9298245614035088,0.7,0.9137931034482759,0.7,0.9298245614035088,0.7368421052631579,0.8253176043557169,0.8824561403508772
960,12,52,8,5,0.8311688311688312,0.7862745098039217,0.8666666666666667,0.7058823529411765,0.8888888888888888,0.7058823529411765,0.8666666666666667,0.6486486486486487,0.7687687687687688,0.8774509803921569
961,13,57,3,4,0.9090909090909091,0.8573529411764705,0.95,0.7647058823529411,0.9421487603305785,0.7647058823529411,0.95,0.7878787878787878,0.8650137741046832,0.9166666666666666
962,12,53,4,8,0.8441558441558441,0.7649122807017543,0.9298245614035088,0.6,0.8983050847457628,0.6,0.9298245614035088,0.6666666666666666,0.7824858757062148,0.8333333333333333
963,13,52,5,7,0.8441558441558441,0.781140350877193,0.9122807017543859,0.65,0.896551724137931,0.65,0.9122807017543859,0.6842105263157895,0.7903811252268602,0.875438596491228
964,13,46,6,12,0.7662337662337663,0.7023076923076923,0.8846153846153846,0.52,0.8363636363636363,0.52,0.8846153846153846,0.5909090909090909,0.7136363636363636,0.7884615384615385
965,13,48,4,12,0.7922077922077922,0.7215384615384616,0.9230769230769231,0.52,0.8571428571428571,0.52,0.9230769230769231,0.6190476190476191,0.7380952380952381,0.8
966,13,52,2,10,0.8441558441558441,0.7640901771336553,0.9629629629629629,0.5652173913043478,0.896551724137931,0.5652173913043478,0.9629629629629629,0.6842105263157895,0.7903811252268602,0.8035426731078905
967,11,56,2,8,0.8701298701298701,0.7722323049001816,0.9655172413793104,0.5789473684210527,0.9180327868852459,0.5789473684210527,0.9655172413793104,0.6875,0.802766393442623,0.8729582577132486
968,11,56,2,8,0.8701298701298701,0.7722323049001816,0.9655172413793104,0.5789473684210527,0.9180327868852459,0.5789473684210527,0.9655172413793104,0.6875,0.802766393442623,0.8720508166969146
969,3,58,5,11,0.7922077922077922,0.5674603174603174,0.9206349206349206,0.21428571428571427,0.8787878787878788,0.21428571428571427,0.9206349206349206,0.2727272727272727,0.5757575757575757,0.7936507936507936
970,12,54,2,9,0.8571428571428571,0.7678571428571428,0.9642857142857143,0.5714285714285714,0.907563025210084,0.5714285714285714,0.9642857142857143,0.6857142857142857,0.7966386554621849,0.923469387755102
971,12,50,6,9,0.8051948051948052,0.7321428571428572,0.8928571428571429,0.5714285714285714,0.8695652173913043,0.5714285714285714,0.8928571428571429,0.6153846153846154,0.7424749163879598,0.8129251700680272
972,12,48,2,15,0.7792207792207793,0.7022222222222222,0.96,0.4444444444444444,0.8495575221238938,0.4444444444444444,0.96,0.5853658536585366,0.7174616878912152,0.7999999999999999
973,11,53,4,9,0.8311688311688312,0.7399122807017544,0.9298245614035088,0.55,0.8907563025210085,0.55,0.9298245614035088,0.6285714285714286,0.7596638655462185,0.856140350877193
974,9,59,3,6,0.8831168831168831,0.7758064516129033,0.9516129032258065,0.6,0.9291338582677166,0.6,0.9516129032258065,0.6666666666666666,0.7979002624671916,0.8666666666666667
975,10,50,5,12,0.7792207792207793,0.6818181818181818,0.9090909090909091,0.45454545454545453,0.8547008547008547,0.45454545454545453,0.9090909090909091,0.5405405405405406,0.6976206976206976,0.8206611570247934
976,6,53,5,13,0.7662337662337663,0.6147912885662432,0.9137931034482759,0.3157894736842105,0.8548387096774194,0.3157894736842105,0.9137931034482759,0.4,0.6274193548387097,0.6823956442831216
977,17,52,0,8,0.8961038961038961,0.8400000000000001,1.0,0.68,0.9285714285714286,0.68,1.0,0.8095238095238095,0.8690476190476191,0.8923076923076924
978,14,48,4,11,0.8051948051948052,0.7415384615384616,0.9230769230769231,0.56,0.8648648648648649,0.56,0.9230769230769231,0.6511627906976745,0.7580138277812697,0.8884615384615385
979,12,49,3,13,0.7922077922077922,0.7111538461538461,0.9423076923076923,0.48,0.8596491228070176,0.48,0.9423076923076923,0.6,0.7298245614035088,0.7915384615384616
980,9,56,6,6,0.8441558441558441,0.7516129032258064,0.9032258064516129,0.6,0.9032258064516129,0.6,0.9032258064516129,0.6,0.7516129032258064,0.7268817204301075
981,18,46,3,10,0.8311688311688312,0.7908163265306123,0.9387755102040817,0.6428571428571429,0.8761904761904762,0.6428571428571429,0.9387755102040817,0.7346938775510204,0.8054421768707483,0.846938775510204
982,15,56,4,2,0.922077922077922,0.907843137254902,0.9333333333333333,0.8823529411764706,0.9491525423728814,0.8823529411764706,0.9333333333333333,0.8333333333333334,0.8912429378531074,0.9568627450980391
983,16,49,6,6,0.8441558441558441,0.8090909090909091,0.8909090909090909,0.7272727272727273,0.8909090909090909,0.7272727272727273,0.8909090909090909,0.7272727272727273,0.8090909090909091,0.8553719008264462
984,9,57,1,10,0.8571428571428571,0.7282214156079855,0.9827586206896551,0.47368421052631576,0.912,0.47368421052631576,0.9827586206896551,0.6206896551724138,0.7663448275862069,0.852087114337568
985,11,55,4,7,0.8571428571428571,0.7716572504708098,0.9322033898305084,0.6111111111111112,0.9090909090909091,0.6111111111111112,0.9322033898305084,0.6666666666666666,0.7878787878787878,0.7824858757062146
986,15,46,3,13,0.7922077922077922,0.7372448979591837,0.9387755102040817,0.5357142857142857,0.8518518518518519,0.5357142857142857,0.9387755102040817,0.6521739130434783,0.7520128824476651,0.8622448979591837
987,10,53,5,9,0.8181818181818182,0.72005444646098,0.9137931034482759,0.5263157894736842,0.8833333333333333,0.5263157894736842,0.9137931034482759,0.5882352941176471,0.7357843137254902,0.8248638838475499
988,10,53,7,7,0.8181818181818182,0.7357843137254902,0.8833333333333333,0.5882352941176471,0.8833333333333333,0.5882352941176471,0.8833333333333333,0.5882352941176471,0.7357843137254902,0.8539215686274509
989,15,53,3,6,0.8831168831168831,0.8303571428571428,0.9464285714285714,0.7142857142857143,0.9217391304347826,0.7142857142857143,0.9464285714285714,0.7692307692307693,0.8454849498327759,0.8698979591836735
990,16,46,7,8,0.8051948051948052,0.7672955974842768,0.8679245283018868,0.6666666666666666,0.8598130841121495,0.6666666666666666,0.8679245283018868,0.6808510638297872,0.7703320739709684,0.854559748427673
991,7,52,3,15,0.7662337662337663,0.6318181818181818,0.9454545454545454,0.3181818181818182,0.8524590163934426,0.3181818181818182,0.9454545454545454,0.4375,0.6449795081967213,0.7057851239669422
992,14,50,5,8,0.8311688311688312,0.7727272727272727,0.9090909090909091,0.6363636363636364,0.8849557522123894,0.6363636363636364,0.9090909090909091,0.6829268292682927,0.7839412907403411,0.8272727272727273
993,8,52,6,11,0.7792207792207793,0.6588021778584392,0.896551724137931,0.42105263157894735,0.859504132231405,0.42105263157894735,0.896551724137931,0.48484848484848486,0.6721763085399449,0.7840290381125227
994,18,43,7,9,0.7922077922077922,0.7633333333333333,0.86,0.6666666666666666,0.8431372549019608,0.6666666666666666,0.86,0.6923076923076923,0.7677224736048265,0.8429629629629629
995,9,53,5,10,0.8051948051948052,0.6937386569872959,0.9137931034482759,0.47368421052631576,0.8760330578512396,0.47368421052631576,0.9137931034482759,0.5454545454545454,0.7107438016528925,0.7313974591651542
996,17,55,1,4,0.935064935064935,0.8958333333333333,0.9821428571428571,0.8095238095238095,0.9565217391304348,0.8095238095238095,0.9821428571428571,0.8717948717948718,0.9141583054626533,0.9574829931972789
997,13,50,5,9,0.8181818181818182,0.75,0.9090909090909091,0.5909090909090909,0.8771929824561403,0.5909090909090909,0.9090909090909091,0.65,0.7635964912280702,0.8074380165289257
998,11,56,2,8,0.8701298701298701,0.7722323049001816,0.9655172413793104,0.5789473684210527,0.9180327868852459,0.5789473684210527,0.9655172413793104,0.6875,0.802766393442623,0.9065335753176044
999,12,48,4,13,0.7792207792207793,0.7015384615384616,0.9230769230769231,0.48,0.8495575221238938,0.48,0.9230769230769231,0.5853658536585366,0.7174616878912152,0.7815384615384616
1000,10,48,4,15,0.7532467532467533,0.6615384615384616,0.9230769230769231,0.4,0.8347826086956521,0.4,0.9230769230769231,0.5128205128205128,0.6738015607580825,0.7846153846153847
