Feature,Mean,Scale
x_0,-0.9351621807407097,0.0763457171658315
y_0,-0.1582798489913799,0.06395063276631534
z_0,-1.2192937303929112,0.49078901215394705
x_1,0.9027300677318154,0.07690323450163618
y_1,0.10266205464631466,0.10532242581436486
z_1,-1.1529582911779832,0.33212172393175426
x_2,-0.882186458353813,0.08337235529818951
y_2,0.13444250473099745,0.08871311311364237
z_2,1.3105876526955433,0.2785065165543169
x_3,0.9178977633508305,0.06899679249418463
y_3,-0.15954759704349744,0.07372112203264702
z_3,0.9362371960662401,0.5450529999216532
x_4,0.02883549488364537,0.12510371829057731
y_4,0.6993764957767388,0.37465659222682707
z_4,-0.9515365609728054,0.3946706266278912
x_5,-0.07823614238862053,0.12196340442560716
y_5,0.6661465869699871,0.35711283486765416
z_5,0.7148423033942053,0.4427358119289074
x_6,-0.006924915236754197,0.07629105706368812
y_6,-1.37149896801169,0.37351990207365066
z_6,-0.9010321671437163,0.2829469924877935
x_7,-0.025854497614049392,0.07080418794133547
y_7,-1.4180589178702934,0.3754307819432363
z_7,0.9621396931382946,0.25578872883487513
x_8,1.4855458946204225,0.07804652956048136
y_8,1.6864251466013074,0.4175805833181042
z_8,0.343701576562996,0.528881671175031
x_9,-1.4676815520473474,0.0865160984485913
y_9,1.670072296878266,0.3703016001999526
z_9,-0.03887316968366643,0.4438999315919654
x_10,1.4949624215371295,0.06987718225582348
y_10,-0.8711803017564462,0.42295428224231457
z_10,-0.09159823330119897,0.29849630906398844
x_11,-1.461074297880234,0.06394093544052913
y_11,-0.9119314702667649,0.389481329874248
z_11,0.0250881167692017,0.21496441130815305
x_12,-0.7879742205987547,0.07984636586700451
y_12,-0.21543207082807783,0.10105424130791937
z_12,-1.2454737552704076,0.5091376707438391
x_13,-0.6167331119114756,0.08823645954494432
y_13,-0.2645123693507414,0.15401273671161378
z_13,-1.2749316840877762,0.4829537151036249
x_14,-0.42437060469796484,0.0951093411205889
y_14,-0.2948778211642974,0.20776698999552778
z_14,-1.301960157724745,0.39072107916044624
x_15,-0.21364951364702867,0.09515669431294257
y_15,-0.2992857056582512,0.2507004816594777
z_15,-1.3242110405838183,0.2559121919487443
x_16,0.00971218867322242,0.08689950293952213
y_16,-0.2734098649860378,0.27024537886622274
z_16,-1.343059980228328,0.20569809022343402
x_17,0.2323361791679927,0.07179519814090041
y_17,-0.21613179873017993,0.2607532561954191
z_17,-1.3562846077388215,0.27962368557854006
x_18,0.43821939506855284,0.05397134258021558
y_18,-0.13573708153077105,0.22736247197490309
z_18,-1.350760466567104,0.3526616458754741
x_19,0.6185197691528299,0.044154670479184796
y_19,-0.048693346833549735,0.18048369587232294
z_19,-1.3116706992085074,0.3841967066297024
x_20,0.7725629257913994,0.05478383034463319
y_20,0.03205734483833524,0.13310039169406726
z_20,-1.2399354261484723,0.3725128828455719
x_21,-0.8928556336952416,0.07536943598214708
y_21,-0.0506025295083113,0.08432979156723541
z_21,-1.2009443530915966,0.5082277200188082
x_22,-0.8363427337766259,0.07528347031740378
y_22,0.0601256700464164,0.11564300168950807
z_22,-1.183838941849919,0.5269295175897212
x_23,-0.7646807537394879,0.0785188270279144
y_23,0.17092334584502528,0.15416867298861064
z_23,-1.1678851656315576,0.5381502364360222
x_24,-0.6774080933016547,0.08753017729594123
y_24,0.27588786687389055,0.19908871400684833
z_24,-1.147121103789329,0.534910445054066
x_25,-0.5741587158178589,0.10275297767616738
y_25,0.3668322534428189,0.24888842288721555
z_25,-1.1191572065661914,0.5323582635887324
x_26,-0.4568284398317424,0.12102020656429191
y_26,0.44006945634847483,0.2977055399348634
z_26,-1.0880728902215269,0.5430674613754906
x_27,-0.3312257658221211,0.1360786164736938
y_27,0.500909175181608,0.3370716435090857
z_27,-1.0556337208420745,0.5447329699711553
x_28,-0.20468114112902788,0.1420867621058264
y_28,0.5595174108657363,0.3620454148435926
z_28,-1.020879959756767,0.5137869858706392
x_29,-0.08320576367421353,0.1373712998446221
y_29,0.6244970457542787,0.37365396938193063
z_29,-0.9856797463031307,0.4565288814390472
x_30,-0.8807611870702287,0.07681359291321965
y_30,-0.3048887459996172,0.06427828620441832
z_30,-1.2494873221288159,0.49273091727414337
x_31,-0.8121058969013463,0.0769068169183088
y_31,-0.45977520115261145,0.0701947012749011
z_31,-1.2787688289803976,0.49146259847931867
x_32,-0.7300671149921601,0.07696706528321902
y_32,-0.6174913507991567,0.08444556092148146
z_32,-1.3055408875139687,0.4843508533938815
x_33,-0.6365157793490539,0.07649098028370013
y_33,-0.7717316776280324,0.10703322598512086
z_33,-1.3187881010092275,0.4554781256985584
x_34,-0.5344191540826148,0.07547875279302703
y_34,-0.9160513945760935,0.13851761672547616
z_34,-1.3014572156895916,0.3890636196731617
x_35,-0.4275487375861898,0.07515734991033932
y_35,-1.04497478336047,0.18170432908971976
z_35,-1.2460819708928075,0.2995331678908841
x_36,-0.3190526941405651,0.07636150606724731
y_36,-1.1546607702653784,0.23484041286020707
z_36,-1.1633532161127138,0.22771849953410875
x_37,-0.21114019168192055,0.07823190783478426
y_37,-1.2436557218227213,0.2897098972162692
z_37,-1.0711843246615698,0.20892450177828867
x_38,-0.10618315709287067,0.07869255597633541
y_38,-1.3142025366186347,0.3377388543016971
z_38,-0.9818723948415625,0.2384881481575643
x_39,-1.047646415910181,0.0774511533665753
y_39,-0.024343933193726918,0.0662779221096475
z_39,-1.1829324667580225,0.4549011768770048
x_40,-1.1554777634240434,0.08076371241238663
y_40,0.12957465599217408,0.09321819412520678
z_40,-1.1362639920193893,0.38591392652075407
x_41,-1.251516747481414,0.08357235399132747
y_41,0.30089514314889687,0.13304797845583308
z_41,-1.0741770824406822,0.2865234135922431
x_42,-1.3300908704573298,0.08306253810694487
y_42,0.4917000784559086,0.17797692945840404
z_42,-0.9996271315727823,0.21172199863976612
x_43,-1.388582687559366,0.0784451134225342
y_43,0.7062558511011736,0.22506644416027782
z_43,-0.9207659488264702,0.23520796752800432
x_44,-1.4293161741502278,0.07313076535239005
y_44,0.9419545846443854,0.27307423531237107
z_44,-0.8321387284629244,0.3085471192122751
x_45,-1.4578846824769585,0.07182438316978855
y_45,1.1823793833667684,0.31731138192751446
z_45,-0.7092456793853603,0.3825506560288625
x_46,-1.4764460487165516,0.07491680130679851
y_46,1.3993247620064257,0.3495215859369911
z_46,-0.5310915743825729,0.4358714351268438
x_47,-1.4811140369625544,0.07994005519978208
y_47,1.5657479152163496,0.36611935943628
z_47,-0.29993862204422,0.4539525248665948
x_48,-1.0407999705876436,0.07954515408062782
y_48,-0.19300510361130668,0.07235719399100721
z_48,-1.2185498467689675,0.4521684409954056
x_49,-1.144284303141304,0.08712408193613444
y_49,-0.24117898614579578,0.12490470832012074
z_49,-1.2194373513181562,0.3958703229764464
x_50,-1.2430678258739212,0.09587856872255117
y_50,-0.3055688307771793,0.18715017243326346
z_50,-1.2122197338207794,0.32548645076815474
x_51,-1.3364908772325907,0.10201622049896282
y_51,-0.3872189193428526,0.24377189522599965
z_51,-1.183044394076562,0.2658077814921663
x_52,-1.4204964521747199,0.10265430990369385
y_52,-0.48744625279637704,0.2930698193472422
z_52,-1.1119734770052332,0.24197212948318936
x_53,-1.4842244776307765,0.09530362122490581
y_53,-0.6025692269210905,0.338256658991079
z_53,-0.9749126685311638,0.23741267328570287
x_54,-1.5171695166304568,0.08049962485397535
y_54,-0.7166411063651902,0.37695623680417345
z_54,-0.763849233638306,0.2370879360741103
x_55,-1.5185563032339409,0.06538382968082353
y_55,-0.8099273656641756,0.4011038813725387
z_55,-0.5018522858922444,0.2338852220757994
x_56,-1.4965495737207823,0.05956899283379843
y_56,-0.8738130063493823,0.40482950319264865
z_56,-0.22818366567026818,0.22459874293019197
x_57,0.8646203393283628,0.07366432437121759
y_57,0.21365098987658446,0.11952397280416202
z_57,-1.1682601486855668,0.38778398112447376
x_58,0.8153703230369996,0.07019773864057609
y_58,0.3220009896419078,0.13598658655805884
z_58,-1.2103518711647112,0.47704691659079607
x_59,0.7524824768349161,0.06726058188997754
y_59,0.4250957696102247,0.15587215293240755
z_59,-1.2728026079176933,0.56955199477736
x_60,0.674756079607676,0.06489625355085364
y_60,0.520813429315003,0.1797065590741707
z_60,-1.320794459987614,0.6118430433528947
x_61,0.5832572278295961,0.06172975617597615
y_61,0.6007463317995986,0.2088032407428014
z_61,-1.3122692125836397,0.5670265262188181
x_62,0.4808088467257113,0.05899800251692823
y_62,0.6517930319712254,0.24472364856882675
z_62,-1.246694682130683,0.4424458509949788
x_63,0.3709248809149276,0.0645834912152654
y_63,0.6718517545624059,0.2837690826071753
z_63,-1.1658913058533502,0.2815368767280182
x_64,0.25699602530406046,0.08302498596649517
y_64,0.6758983030252629,0.31892858416149833
z_64,-1.097471073468109,0.1885025177153341
x_65,0.14195864643003123,0.10621873506118151
y_65,0.6820203065704158,0.34851231066354194
z_65,-1.0317465293823351,0.2730876083578795
x_66,0.8567096071770296,0.06514091922580041
y_66,-0.05691182419411396,0.10303570312803934
z_66,-1.2146455033660803,0.3444250511880084
x_67,0.7986378315774688,0.05273540504617324
y_67,-0.23111397483761706,0.11556845443952096
z_67,-1.292957498683358,0.3840477068410108
x_68,0.7282174512879093,0.0414738371780356
y_68,-0.41426711593116994,0.1446722964520388
z_68,-1.360659035859678,0.4211411179039426
x_69,0.6447028257432006,0.038761298312755946
y_69,-0.5968889538563609,0.1851310045051312
z_69,-1.3824903699839615,0.431304348490077
x_70,0.5468706002338684,0.04682935801734997
y_70,-0.7695580273143725,0.23282039661293022
z_70,-1.344059126505209,0.41477290655580745
x_71,0.4359672257272109,0.05699937641919684
y_71,-0.92669543091753,0.2840067107695923
z_71,-1.2631970065316835,0.39433789175765616
x_72,0.3180900129321005,0.06559103491198724
y_72,-1.066025561761175,0.33019613533876385
z_72,-1.1690936925210262,0.38028732535381693
x_73,0.20149483038051735,0.07177550241366157
y_73,-1.1865738107012689,0.361967071899778
z_73,-1.0782011360205432,0.3603704485256604
x_74,0.09223147691136928,0.0751022634302583
y_74,-1.2881833775891354,0.37555951651758684
z_74,-0.9907453272459473,0.3260312641966687
x_75,1.0017437270051275,0.09975949409887434
y_75,0.24751857573488234,0.11979292490525549
z_75,-1.0668991196090156,0.311565135635005
x_76,1.0996268287881665,0.12255462499277729
y_76,0.41521820904535256,0.16033423376071224
z_76,-0.9782528257052419,0.3037708862587096
x_77,1.1942209752116983,0.1395321737309003
y_77,0.6044307379169936,0.209890395524408
z_77,-0.8836030615392265,0.32068761960704995
x_78,1.28458294852333,0.14630165451855642
y_78,0.8073422883218333,0.2573645135733793
z_78,-0.7875003115040278,0.3864602019071185
x_79,1.368474240556848,0.14399571695451
y_79,1.0155655849864673,0.302439660793728
z_79,-0.7020140308502045,0.4821278082295142
x_80,1.4400993050823905,0.13643515944801665
y_80,1.2244403325884095,0.34870918010359053
z_80,-0.6114467705186493,0.54848791457141
x_81,1.4907554911303236,0.12428056688903526
y_81,1.4211565703018287,0.39293614627438356
z_81,-0.46212023368197674,0.5648354823205919
x_82,1.5134864342927399,0.10743909094079823
y_82,1.5774213526621277,0.42388071993093474
z_82,-0.22246625154812838,0.5579301784155617
x_83,1.5089591754739635,0.09013350785455723
y_83,1.66731201517054,0.432214285316221
z_83,0.0703926781689966,0.5487717030791972
x_84,0.99893412513734,0.09374653230010224
y_84,0.06717574996571676,0.10191048789096667
z_84,-1.0953409447152762,0.27555910327311817
x_85,1.0967737084885334,0.10976082522284401
y_85,0.01545260919260581,0.12206965641598716
z_85,-1.0395901135024905,0.21661345737095547
x_86,1.1915187837269299,0.12226508426322391
y_86,-0.05458781469272925,0.15776629937984213
z_86,-0.9843421497880847,0.16875048930534275
x_87,1.2792999029256402,0.12943757483526966
y_87,-0.1483280469936444,0.20044429434309904
z_87,-0.9231458033708507,0.16684492351071753
x_88,1.358750782599617,0.13101063310209526
y_88,-0.2701168874317534,0.24605325861516564
z_88,-0.8558018909771855,0.2199207334925726
x_89,1.4265282602816034,0.12843503910195794
y_89,-0.4126344107984379,0.2941167986855919
z_89,-0.782305396631009,0.27637549277953183
x_90,1.4751918845891274,0.12124094456828544
y_90,-0.5575153368424562,0.34332825994409194
z_90,-0.6807457285582287,0.3092254055035851
x_91,1.5004272437908313,0.10756845275742451
y_91,-0.6876167558858971,0.3864926689625589
z_91,-0.5225652106448693,0.3217750855802324
x_92,1.505211009974034,0.08875027340696102
y_92,-0.793283018762088,0.41434373477687475
z_92,-0.3133253277717101,0.31768551734542055
x_93,-0.7648312093064702,0.05685899154592975
y_93,0.06230969098341576,0.11015410279078534
z_93,1.3929988141798544,0.3008500638051728
x_94,-0.623385718205809,0.0362475997781601
y_94,-0.021546174798030737,0.15750197305367614
z_94,1.4500322430575203,0.3030684995787198
x_95,-0.4551551514119101,0.03845083477002498
y_95,-0.11570572949101181,0.21028419345761418
z_95,1.465179643775415,0.2757108073237447
x_96,-0.2602950735510877,0.06029264660350008
y_96,-0.20609240245511132,0.25304211162652024
z_96,1.422354856250391,0.2208421497228394
x_97,-0.04630660129060106,0.08304739597306868
y_97,-0.2717373013509295,0.27278921780201526
z_97,1.3158696864637018,0.18927497276443137
x_98,0.17228188294728483,0.09754143182639421
y_98,-0.30250299998553476,0.262815091226848
z_98,1.1726053903086193,0.30062255519171555
x_99,0.3829230233386834,0.10099403306357699
y_99,-0.3016771192925663,0.2273394884326838
z_99,1.0449639911227393,0.4661241376759736
x_100,0.58007726988267,0.09417953436426969
y_100,-0.27388433771610377,0.17688730967578217
z_100,0.967033227643011,0.5657969152417657
x_101,0.7601255635513104,0.08133950652167939
y_101,-0.2234412383570838,0.12103792488551057
z_101,0.9361688326989379,0.5811707798041424
x_102,-0.845396922082395,0.07688315731525829
y_102,0.25751411721374734,0.10216358444844627
z_102,1.3614009629213057,0.32999360977170156
x_103,-0.7991192135311561,0.06746685467576247
y_103,0.37401198196583396,0.11745869400796591
z_103,1.4596076946295662,0.4192050485952398
x_104,-0.7403658340784809,0.05710883591344903
y_104,0.48028513780987264,0.13652433082910453
z_104,1.5798158289413164,0.5207620860080753
x_105,-0.6661686251455639,0.04864050600842234
y_105,0.5755140482011666,0.1606245340372461
z_105,1.651703614393287,0.5765438963408323
x_106,-0.577897733573813,0.043139499586189456
y_106,0.6527677642442626,0.1899116081946313
z_106,1.6096431208078938,0.5415918225386298
x_107,-0.48203354109155366,0.04331591180503183
y_107,0.6988428520753422,0.22420406189211226
z_107,1.4587141743491123,0.424716148536601
x_108,-0.38407946268310056,0.05613740529705635
y_108,0.7092226123740026,0.26092956813359375
z_108,1.2609354142144011,0.2858022974710294
x_109,-0.2845785781191161,0.07943958424131012
y_109,0.6955549504714353,0.295752733358982
z_109,1.064921766777774,0.24042833299132216
x_110,-0.18232325382688855,0.10353879044001596
y_110,0.6762616103757129,0.32778622419333
z_110,0.8826834847546786,0.3322357010495227
x_111,-0.8436418304920473,0.07144853971974284
y_111,-0.03974041741851097,0.08231957736507432
z_111,1.3596964194573984,0.27912111937773676
x_112,-0.7941660418862261,0.058558036400445865
y_112,-0.22673745142706725,0.09275609312784715
z_112,1.4459784697448925,0.3070556066849607
x_113,-0.7336003060088677,0.04617447721035503
y_113,-0.41852610022616243,0.11986085872845348
z_113,1.522815939837429,0.3366005708524573
x_114,-0.6595138098505261,0.04056690679949017
y_114,-0.6073025967854103,0.1563628186336868
z_114,1.529064979387576,0.33900174374192704
x_115,-0.5682117010974987,0.045983986006087614
y_115,-0.7869664106985997,0.1990975533267673
z_115,1.4533843052107285,0.31380947017623817
x_116,-0.46093648927594816,0.055581884920200456
y_116,-0.9532769309884789,0.24775667711379354
z_116,1.3444854152359274,0.29392991978104943
x_117,-0.3458738977734282,0.0635887669022929
y_117,-1.1025715921225905,0.2975580523589842
z_117,1.2458201253753574,0.29292113011559867
x_118,-0.23206651015676882,0.06848506017612897
y_118,-1.2309301725169595,0.3396331829509077
z_118,1.158192085931182,0.2912866483709948
x_119,-0.12467877079191372,0.07042123321799042
y_119,-1.3358759606995734,0.3664694699841718
z_119,1.0657450061798943,0.2768330021642413
x_120,-0.9678566680669973,0.10893124979186151
y_120,0.2898889573877194,0.1103330274794036
z_120,1.238948206382471,0.27903262709942095
x_121,-1.0515707041845217,0.1361218308429069
y_121,0.4678563389162857,0.15280503214766683
z_121,1.1591973533188031,0.28989133484896024
x_122,-1.1356469194561813,0.158169450153019
y_122,0.6615408184638716,0.20085042547493237
z_122,1.0639311291701017,0.3044245737103069
x_123,-1.2239195895223538,0.16875888529477756
y_123,0.8587721776990767,0.24668966151647442
z_123,0.974936401664301,0.3387600063935112
x_124,-1.313231047087175,0.16768236678678095
y_124,1.0546056412589502,0.28945516688886147
z_124,0.9228680510294819,0.4007229196192589
x_125,-1.3919207615024114,0.1585376694975243
y_125,1.2523642836849664,0.329385857214025
z_125,0.8771595926698925,0.45638700657122916
x_126,-1.448889987043599,0.14296112990532756
y_126,1.4404569468478405,0.36282437055159167
z_126,0.7559918465418368,0.47738196996658094
x_127,-1.4793132329751082,0.1223287211789209
y_127,1.5856277972370667,0.38305146430024245
z_127,0.5265135528262204,0.4748403900674923
x_128,-1.4838429153537473,0.10157719046234404
y_128,1.6616301904679802,0.38530721147924724
z_128,0.23793973689243345,0.46523340987424994
x_129,-0.9697127398768924,0.10230780501856188
y_129,0.0910508582563692,0.09021061900235511
z_129,1.2321014175253044,0.2388769016135013
x_130,-1.057913336595494,0.11885643638922323
y_130,0.03065621871167293,0.11180885719154701
z_130,1.142069031508098,0.19727294655331115
x_131,-1.1427395283907757,0.13085610272006082
y_131,-0.04704545569115682,0.14552956016907653
z_131,1.0383024160784513,0.15991531888281318
x_132,-1.222531565759064,0.13601775221464105
y_132,-0.1461939948364654,0.183730987106433
z_132,0.9275169471405459,0.14177234266887334
x_133,-1.29749912303001,0.13312860940920204
y_133,-0.27178780762697025,0.22265821134013372
z_133,0.8240278891158413,0.1564195749483513
x_134,-1.3638870932486866,0.12412223424040857
y_134,-0.4184805902231666,0.26379186668027327
z_134,0.7259431074983604,0.1866950447579968
x_135,-1.4144907515255238,0.11153945588432389
y_135,-0.5694274202314201,0.3083934490052397
z_135,0.6059519520700416,0.2106618671566232
x_136,-1.4463084341913914,0.09564734262475037
y_136,-0.7079402111695322,0.34982878317410476
z_136,0.44091223478287495,0.22134460465823008
x_137,-1.4612386515434768,0.07813683775779515
y_137,-0.8237827568324303,0.3781891441120348
z_137,0.23800820710853599,0.21977015898417276
x_138,0.8726047303143875,0.06885617810749683
y_138,-0.061781824210223754,0.09345722028969514
z_138,0.9041932553197143,0.5598037270837983
x_139,0.8129138572367083,0.07058733198629867
y_139,0.03870188316187003,0.1240386976353722
z_139,0.8704181223147104,0.5789517385014663
x_140,0.7371282711430944,0.07572507378560772
y_140,0.1390735976333955,0.1632646628011866
z_140,0.8474781144664348,0.5940243203956915
x_141,0.6434062631490779,0.0863220161122631
y_141,0.2330572896295817,0.20838249993429592
z_141,0.8334371150233401,0.5984349917154408
x_142,0.5305321182768777,0.10246933458036353
y_142,0.31238462570730985,0.2573343119975373
z_142,0.8111021829891679,0.5994107857425421
x_143,0.40206083659688513,0.12076093351552504
y_143,0.3752448242306469,0.30560816811704405
z_143,0.7732397377200978,0.6049708777008396
x_144,0.26823157348995186,0.13502052361836045
y_144,0.43186117444646394,0.34363255196902437
z_144,0.7353764542917333,0.6009945093323461
x_145,0.14029709836072207,0.13975748446877523
y_145,0.4965624742446107,0.3633628133123988
z_145,0.7151093339939121,0.569177480470069
x_146,0.024377011513167738,0.1342013365567804
y_146,0.5758229843660898,0.3657017983416107
z_146,0.712599086489993,0.5109849845427891
x_147,0.8599031600709459,0.07646905229635571
y_147,-0.3030603679101863,0.0829836035937383
z_147,0.9520525631058315,0.5636717320100745
x_148,0.7876805962850733,0.08421972853409732
y_148,-0.4561126369585448,0.09812488997925728
z_148,0.9637360687135846,0.5710367014132937
x_149,0.7027857269376265,0.09056271043027125
y_149,-0.6112197418278246,0.11846318367150992
z_149,0.9842301322252085,0.5474197987170674
x_150,0.6081832395993761,0.09321835758153714
y_150,-0.7612065954665547,0.1425565806349397
z_150,1.0243355857832068,0.4773125470614798
x_151,0.506665235240051,0.09106803732462755
y_151,-0.9030775727192615,0.17289974101169606
z_151,1.072198921092131,0.37119719111148664
x_152,0.4000190673372283,0.08593398256830488
y_152,-1.036182634127465,0.214742148209806
z_152,1.098887990262963,0.2662636983740005
x_153,0.2901258047693046,0.08098946349239176
y_153,-1.1575393719541316,0.26649770628307623
z_153,1.090536173514649,0.2025410510721495
x_154,0.18013703763061345,0.07746217282254217
y_154,-1.262470662784833,0.3166504137819234
z_154,1.0573564954299772,0.19789982888312702
x_155,0.07379016293871103,0.074327788832796
y_155,-1.3487993665756823,0.35404080493523793
z_155,1.0129287717828748,0.2278042066476608
x_156,1.0394227989722462,0.059881470003154594
y_156,-0.022080287233627056,0.06496219712990148
z_156,0.9361695611743664,0.48829753240326923
x_157,1.1557960507038387,0.05543654530983151
y_157,0.13611157944839028,0.09451458664544958
z_157,0.9492384644193907,0.40115203466480265
x_158,1.2584085540217367,0.05496427819298432
y_158,0.312134500326988,0.1420868495757684
z_158,0.9806852688853986,0.28378880157349273
x_159,1.3410182178283228,0.05614687811584463
y_159,0.507120813386555,0.1930629730601065
z_159,1.0241659670182155,0.20096640755677286
x_160,1.400898574160017,0.058567582569452006
y_160,0.7245844137106586,0.24466619585231741
z_160,1.054832827846511,0.26614021696776763
x_161,1.440434874014342,0.06303383317530532
y_161,0.962971727641655,0.29728560405875676
z_161,1.0445623934147847,0.3788787296442669
x_162,1.4665965436335247,0.06811938972184878
y_162,1.2067794363812034,0.34714031357044284
z_162,0.9741541393115514,0.4674762824408408
x_163,1.4843964848089795,0.07131969315954335
y_163,1.4257289085141107,0.386536964344034
z_163,0.8300154119891812,0.5235605309501385
x_164,1.4921444211982726,0.07355662967055622
y_164,1.5896985691979981,0.4101871149276567
z_164,0.611658031321431,0.54239390499479
x_165,1.0321593112485392,0.06498399986788006
y_165,-0.1806118766828022,0.06788895795495462
z_165,0.9659052675897133,0.5003672159428867
x_166,1.1436373451705162,0.06522598810972662
y_166,-0.21381946875009294,0.11216248738932712
z_166,1.006042490475845,0.4432806223958701
x_167,1.2480112028533585,0.06833585886192792
y_167,-0.26867078806249994,0.1731009872795211
z_167,1.0526985175578352,0.37823819702445005
x_168,1.3445556344244063,0.07112016898409393
y_168,-0.34872534634460023,0.2324787036364946
z_168,1.0859819521141938,0.3353948860075484
x_169,1.4310790862624656,0.07116625331980296
y_169,-0.4487462781095304,0.286198392009185
z_169,1.0613656698972271,0.33632293727859014
x_170,1.4981573311941292,0.06691729802396218
y_170,-0.5581579241566003,0.336823117973687
z_170,0.9407370666582279,0.3426282910535454
x_171,1.535221863144274,0.05946639303926189
y_171,-0.6640753143678911,0.3837478839202063
z_171,0.7295529873392307,0.33131628142116043
x_172,1.5413155639913965,0.05504326647523646
y_172,-0.7547186287319405,0.4188247049310175
z_172,0.4637347700693292,0.31483538488603974
x_173,1.5247265344061258,0.05950864115200704
y_173,-0.8238843599916088,0.43283756921548666
z_173,0.1797045202449725,0.3051145944962147
x_174,0.024360045167670732,0.1259232230505837
y_174,0.7604900100797232,0.3880540325502331
z_174,-0.8530272253180488,0.4182724776177588
x_175,0.01618287048174197,0.12740809682372722
y_175,0.8094027216385965,0.4016749333961778
z_175,-0.7062102271052718,0.4256278478981194
x_176,0.004372250342208398,0.12894306563226085
y_176,0.8364598810132623,0.4135964460726518
z_176,-0.5183480229684686,0.41845347628600976
x_177,-0.009652893512747814,0.13004187276845305
y_177,0.8401440690933059,0.4212463043318797
z_177,-0.3142301266469921,0.4101500625740576
x_178,-0.024471486860898374,0.13069106138558825
y_178,0.8302887341300601,0.4211858241921908
z_178,-0.11682817082128959,0.4136974401936097
x_179,-0.03928622066536512,0.1305027162856489
y_179,0.8166199693730437,0.41162684410628797
z_179,0.07254250729151834,0.4277880975268857
x_180,-0.05298219323252141,0.12871961242076513
y_180,0.7974146288586464,0.3960250237734676
z_180,0.2617308065761696,0.4434514955308996
x_181,-0.0641726779995048,0.12572919012269765
y_181,0.7656499666650874,0.3802821927414552
z_181,0.44315389318915505,0.4541336749372094
x_182,-0.07239741895609782,0.12310756471569667
y_182,0.7201910950721294,0.3674012917184472
z_182,0.597751456813063,0.45453013520121605
x_183,0.20926528646819748,0.09479802103214742
y_183,0.7981700935607566,0.34538430271316395
z_183,-0.9791957307177832,0.2731211205115579
x_184,0.392516392145679,0.06460070722221614
y_184,0.9596677963830433,0.2897180354942808
z_184,-1.0055856649014245,0.20843854793846936
x_185,0.5670854276372824,0.05361123301414854
y_185,1.1532025162567883,0.2104430794561845
z_185,-0.9996603433732313,0.22443215321669516
x_186,0.7295803743290918,0.053449687697596025
y_186,1.3362883222552484,0.13870072331356767
z_186,-0.9396329269736114,0.25529827038491604
x_187,0.8861588141488222,0.06023446982159523
y_187,1.4868878376573471,0.13278073039754557
z_187,-0.8255129014456233,0.27897824194646015
x_188,1.0422134353910688,0.07715277445149181
y_188,1.6079915159994445,0.19328763683260447
z_188,-0.6588547196930802,0.29984213076364763
x_189,1.191836967809632,0.09030216000000695
y_189,1.7018562846556213,0.26700367599816915
z_189,-0.43396820107845324,0.3250380525029114
x_190,1.3209321552102131,0.08957438259286453
y_190,1.7552810715549565,0.33379150396649165
z_190,-0.1644787816398805,0.3748306682129257
x_191,1.4190097226094174,0.08218999936310334
y_191,1.7513614639499122,0.38481900144167447
z_191,0.10822296905779348,0.45114770165941326
x_192,-0.16033928919410986,0.13931440913243653
y_192,0.7061083385193424,0.394724017250129
z_192,-0.8811667837660244,0.5168080663424519
x_193,-0.3657729640855305,0.1273741268362386
y_193,0.7887224731023252,0.3889355104052964
z_193,-0.8073689998995535,0.5556458419313415
x_194,-0.5694524882578551,0.09366159723050767
y_194,0.9365863738355358,0.3395859790832913
z_194,-0.72414176328711,0.4895121341363517
x_195,-0.7559606544239601,0.05927611829188915
y_195,1.1071050973733985,0.2585519364657791
z_195,-0.6232735465240992,0.38179981892233983
x_196,-0.9203727220262093,0.041626536442256154
y_196,1.2653186606951248,0.1901844855136386
z_196,-0.5165666747251837,0.3047866549941796
x_197,-1.064932148363971,0.04447066937615094
y_197,1.4090728147577347,0.17704449522416635
z_197,-0.4314209326659872,0.24129842306622834
x_198,-1.1922852816708003,0.05896539940358409
y_198,1.5406195948681116,0.21260097267024528
z_198,-0.3680948682250298,0.18404973440266262
x_199,-1.3030786415677984,0.07122282173134414
y_199,1.6407357346628164,0.2670414380613441
z_199,-0.29207672620929315,0.23566092401718827
x_200,-1.395674491124628,0.07836169911316707
y_200,1.6858267026234743,0.3247871305286537
z_200,-0.1790228137298178,0.353676642118743
x_201,0.10251812470475767,0.13575436504039343
y_201,0.6381865221659218,0.3847832791578656
z_201,0.5699589996748835,0.5589188065140693
x_202,0.31224917672327107,0.12427640551309455
y_202,0.6973984012543116,0.38267781368478865
z_202,0.4764749295241177,0.5929425555266625
x_203,0.5317320628877712,0.09075300515198671
y_203,0.844335644328263,0.33103501202903984
z_203,0.43720118364739735,0.525910005914128
x_204,0.7379821892756657,0.0567330322288216
y_204,1.027451541414374,0.24381666573766608
z_204,0.410190959859544,0.41841440291040616
x_205,0.9202506312097809,0.04436677911995611
y_205,1.1945032595456662,0.17355797175800117
z_205,0.3724198320722699,0.3374121318663182
x_206,1.0791821779384227,0.04959713913875523
y_206,1.3460751603169394,0.1691274531105696
z_206,0.3636895184594496,0.2652673498617494
x_207,1.2147720593977391,0.059503414118977485
y_207,1.498876370315166,0.21967543272054274
z_207,0.40832991395457585,0.216717717553561
x_208,1.3259169809793552,0.06729016237009061
y_208,1.6295929293928288,0.2934712080535537
z_208,0.45287350075778166,0.29784724413273966
x_209,1.4150244803864815,0.07216481525538994
y_209,1.696713498543626,0.36562410103152765
z_209,0.43324072893196086,0.4310308030397158
x_210,-0.24037873464578532,0.09222639254003938
y_210,0.7914589237043388,0.31948722411708214
z_210,0.8255242678201627,0.31179480157514106
x_211,-0.40265739915696147,0.06081900734388322
y_211,0.9637430086303641,0.2631222429880522
z_211,0.9290654391976917,0.2202402481906087
x_212,-0.561812601212688,0.04873534394145405
y_212,1.15059139531005,0.19312920744180306
z_212,0.9772517626571403,0.2133717865717278
x_213,-0.7157741227488946,0.05089294959367501
y_213,1.3280109358913426,0.13786555122621488
z_213,0.9553346186680571,0.23661332038908123
x_214,-0.8636473118401076,0.06029332082829739
y_214,1.490765440503615,0.14372482014277785
z_214,0.8807658663198698,0.2597652426109232
x_215,-1.008139751901052,0.07899866100043305
y_215,1.6310227267594315,0.20209702186661566
z_215,0.7602472305891391,0.2845925359800366
x_216,-1.15087176174091,0.09389581288140304
y_216,1.7289464605809035,0.2638211866513682
z_216,0.5865852633065024,0.3061540992572063
x_217,-1.2834741876274645,0.09531069727027602
y_217,1.7688258011237137,0.3105210361859295
z_217,0.3731698826144226,0.3341304847087578
x_218,-1.3915880190676013,0.08969291740361413
y_218,1.7472095746000105,0.3444132706187851
z_218,0.15483121943198677,0.38319003436173515
x_219,-0.005719854219293383,0.07405427783926373
y_219,-1.4508347948816287,0.3865435024534098
z_219,-0.7822752717645985,0.28055634227996035
x_220,-0.0048581033971207555,0.07144651643006378
y_220,-1.5290666489548392,0.3999638640597525
z_220,-0.630738312246641,0.2736632546891057
x_221,-0.005509517938379223,0.06853659513927222
y_221,-1.5996801033375365,0.412689411259428
z_221,-0.44622437626423256,0.26259424354148453
x_222,-0.008862431163582575,0.06606705651181642
y_222,-1.652419716022415,0.4211998333986903
z_222,-0.23402338465808423,0.2482683076782567
x_223,-0.01482575185301503,0.06458526046190051
y_223,-1.6766624412709352,0.4214962112393167
z_223,-0.002135793056782275,0.23163455087309723
x_224,-0.02127766401606228,0.06388984895745305
y_224,-1.6681386862747687,0.41420598371938216
z_224,0.23931561804386467,0.22198730115214219
x_225,-0.025621424299278495,0.06424440514682281
y_225,-1.6308396928777296,0.4034360761431672
z_225,0.47372486533803415,0.2281235152522764
x_226,-0.027082541491938946,0.06595511691364017
y_226,-1.5720996562783147,0.39296340420783765
z_226,0.6797034758392609,0.24207285902766118
x_227,-0.02672588607052256,0.06840562881480967
y_227,-1.498924335360846,0.384067499743992
z_227,0.8427066784703395,0.25254008982937315
x_228,0.15669522340421138,0.06873744957256314
y_228,-1.3783682766790393,0.391619210785487
z_228,-0.8909271877046443,0.3477714198324225
x_229,0.3365832215288712,0.05663168162960202
y_229,-1.3896193457604658,0.36772988989391026
z_229,-0.9012766534321188,0.3800565700101693
x_230,0.5230639431480635,0.04804479381293247
y_230,-1.4005624749026977,0.29874523962695204
z_230,-0.9159679930051016,0.37063005198517224
x_231,0.7061423342484405,0.04803091896331247
y_231,-1.3908269372005209,0.20513565059400002
z_231,-0.895309563166511,0.34724257753720006
x_232,0.8804921750595558,0.056449863565840266
y_232,-1.345037397752322,0.12029826109354945
z_232,-0.8185655426315183,0.3280439880397338
x_233,1.0431547697167733,0.06933526393524633
y_233,-1.2734211209933815,0.1032092955935971
z_233,-0.7091295249265845,0.29569578023767706
x_234,1.18908319462208,0.07627161386096928
y_234,-1.1924980729039119,0.18351442646321012
z_234,-0.5907951538088813,0.24795214627779164
x_235,1.3132001249021195,0.07523186220637762
y_235,-1.1011151453376404,0.287230185350132
z_235,-0.4541463485016056,0.23014772344202922
x_236,1.414381010193808,0.07188691280093473
y_236,-0.9925914030386078,0.3721550742427359
z_236,-0.285254406419362,0.25892811457848935
x_237,-0.16613040076546706,0.0764879616903068
y_237,-1.4112850014343452,0.33215793762405865
z_237,-0.8529798833135633,0.21535539974401754
x_238,-0.336070508756905,0.07143660031710934
y_238,-1.4397884527703741,0.2642814405979178
z_238,-0.7906403623247085,0.18878681516583035
x_239,-0.5139353054117476,0.06302768644698716
y_239,-1.4491734850652453,0.18409447459976924
z_239,-0.7080856271032682,0.21607982123807237
x_240,-0.6951218468393459,0.054913218274874664
y_240,-1.4385128531560387,0.11699445028007677
z_240,-0.6172904972343143,0.2505321774619206
x_241,-0.8714304553748888,0.05146355831689826
y_241,-1.40881592170785,0.11851717885214669
z_241,-0.5301596517364898,0.27096664335680243
x_242,-1.0347860250787722,0.05382672862348745
y_242,-1.3564033956226256,0.1859938799030475
z_242,-0.4374738893509465,0.2726570394341693
x_243,-1.1801590185955402,0.05623941584272285
y_243,-1.2782245640310312,0.25958350566003535
z_243,-0.3269110378022306,0.2513960643820746
x_244,-1.3024278590113147,0.05581613323121914
y_244,-1.1760594841110943,0.31990140498596864
z_244,-0.20428277942316836,0.22188936334777526
x_245,-1.396293620647635,0.056874877607167654
y_245,-1.0526776702874399,0.3635257854677905
z_245,-0.08366779430750987,0.20820890988655075
x_246,0.13520038271542217,0.07289201391424682
y_246,-1.4477243247180465,0.34828606741125223
z_246,0.8792002800903773,0.22510817923022647
x_247,0.3095392267878331,0.0725541213392022
y_247,-1.465170742406387,0.28287056037649494
z_247,0.7794826666985657,0.2172217121074604
x_248,0.49263942343893574,0.06701562141407337
y_248,-1.4644427528967638,0.19391334217996198
z_248,0.667308027501176,0.23723032714397682
x_249,0.6796610350168968,0.05918037949338699
y_249,-1.4417762977466948,0.11180274650846714
z_249,0.5532381819582264,0.2621025590137235
x_250,0.8655295141641849,0.05436383461077992
y_250,-1.3949484018709981,0.09075322675304386
z_250,0.44286770693704075,0.27621915475634856
x_251,1.0424163811050309,0.05250994206681024
y_251,-1.3246866822029577,0.15764920861036846
z_251,0.33322186229996353,0.268781925475015
x_252,1.1989663301415214,0.0513125165358953
y_252,-1.235366797495115,0.2481129806102951
z_252,0.22232289200689687,0.23886182825508254
x_253,1.3262913564404426,0.051318115087856636
y_253,-1.129725698997459,0.33008883384681315
z_253,0.11224723456401851,0.22168966152958403
x_254,1.4234433686143018,0.05674828449048712
y_254,-1.0074610897760257,0.38950885005506725
z_254,0.005924753385873463,0.24960955794439293
x_255,-0.18852534161570195,0.06683621862168503
y_255,-1.4340896995362113,0.37241496831136306
z_255,0.9760504640996267,0.28140426456351214
x_256,-0.36516832525469434,0.06234779555701583
y_256,-1.4495088799690645,0.33391235613568293
z_256,0.9895743556515212,0.2825552800128866
x_257,-0.5459574424004777,0.05679882630726128
y_257,-1.46034317368373,0.26647041109201286
z_257,0.9885970173884203,0.26132271269446133
x_258,-0.7191605995884458,0.05193613122420308
y_258,-1.4485589469949656,0.18545205785848115
z_258,0.9447925175318267,0.24115444770400316
x_259,-0.8780409202258803,0.056151401843454525
y_259,-1.398058839359868,0.1185499319533385
z_259,0.8410387719048658,0.23646459175159132
x_260,-1.023484296444137,0.06682117132406318
y_260,-1.3172090487700143,0.12914291937624797
z_260,0.6942077800963371,0.22946582040493174
x_261,-1.1577395489327915,0.07082071144319288
y_261,-1.226597351627146,0.20275660741110377
z_261,0.5336521604236151,0.20697908233041645
x_262,-1.2782074951684999,0.06837570574205615
y_262,-1.131935568754938,0.28101217540312734
z_262,0.3697958751972912,0.1913684105714492
x_263,-1.3799208672671803,0.06548375920637593
y_263,-1.0272774523090762,0.3453313015105615
z_263,0.1996415254734241,0.19894658692336098
x_264,1.5523856810345353,0.08451034911497987
y_264,1.5619672837675838,0.44942608422362557
z_264,0.38690735015956557,0.6081972640517268
x_265,1.6084696792289068,0.09455104169424722
y_265,1.3566701254556834,0.46123806962793207
z_265,0.4000454515421525,0.6601016199439652
x_266,1.6500352796093893,0.09861694225868871
y_266,1.0802491157364869,0.4511062104467132
z_266,0.3977570760085409,0.6847708598132471
x_267,1.6775824837640934,0.08831889191693704
y_267,0.7532417039724257,0.4293444500045495
z_267,0.3912262316637684,0.6866693885652309
x_268,1.695801227013575,0.07596315875031795
y_268,0.40689601541872383,0.41484437643967526
z_268,0.3691395143025151,0.6580418303727025
x_269,1.702915830979017,0.07960337593461057
y_269,0.07747526517138321,0.4191146751797349
z_269,0.3114954575470505,0.5914147456754074
x_270,1.6872806717394595,0.09003437168830469
y_270,-0.2143833491606622,0.43520714588481024
z_270,0.21565200221877134,0.5044540027892449
x_271,1.6420833647455793,0.0907628478191066
y_271,-0.4686706893437232,0.4479574201319328
z_271,0.10014877076938186,0.4233370972319346
x_272,1.5740452379480125,0.0809734641165957
y_272,-0.6882934928090263,0.4461160280748731
z_272,-0.008666128679561862,0.35613013226676704
x_273,-1.536731387419683,0.09469403996380352
y_273,1.5455427359508023,0.4028205062025748
z_273,-0.054220468844538176,0.5099992738802576
x_274,-1.5904201511059126,0.1050543251143054
y_274,1.345339058092636,0.423327063082737
z_274,-0.06546330610934473,0.5383186479727714
x_275,-1.6293499780129646,0.10810236824073594
y_275,1.0717197864838144,0.4263281901518661
z_275,-0.08165891943776427,0.5230681535570592
x_276,-1.6568973455363118,0.09514364281450914
y_276,0.7437175165759707,0.41381923318012864
z_276,-0.10778582674979073,0.47974200342017675
x_277,-1.6710751324378523,0.07476484473638247
y_277,0.39766599787953966,0.3997113882597318
z_277,-0.13647122529004924,0.424905726891143
x_278,-1.6653196894275983,0.06707019456549024
y_278,0.0687132993759963,0.3997368768710025
z_278,-0.1505556411569071,0.36422440803392286
x_279,-1.637877705222539,0.07147311945055577
y_279,-0.22952370033532787,0.41261536120750464
z_279,-0.1343358640645695,0.3077281053950122
x_280,-1.59251467233357,0.07407574684348245
y_280,-0.49607091559599437,0.4210824859083929
z_280,-0.08753475155113928,0.2658232792416335
x_281,-1.5326345493366302,0.07013896816704475
y_281,-0.725653416460574,0.4136992234462062
z_281,-0.027704113386630307,0.2364151313071769
x_282,-0.7317700987704985,0.08272906678612388
y_282,-0.11095314496542154,0.1323916704838019
z_282,-1.2322636776455744,0.517476767810013
x_283,-0.6608460117741689,0.08807414271781738
y_283,-0.003378915775314441,0.16936920304592762
z_283,-1.2154030043799502,0.5179660393198543
x_284,-0.5445875221219562,0.09403899469569611
y_284,-0.16103626818401448,0.1874519008692424
z_284,-1.2589594412776977,0.4681348760647214
x_285,-0.5738320734525005,0.09822990791607218
y_285,0.10299892239128824,0.2119919879549207
z_285,-1.1855666454328142,0.5035030424016858
x_286,-0.45665510762526085,0.10326538037367178
y_286,-0.054662083196830066,0.2246018975579111
z_286,-1.2267377307678715,0.43982168697356727
x_287,-0.33395205410955514,0.10169222644286925
y_287,-0.18771117029240153,0.23753501122562468
z_287,-1.2761855400593143,0.3484290374019052
x_288,-0.46944356645413604,0.113728733544037
y_288,0.20176746517226726,0.257715375653139
z_288,-1.1403370674798383,0.48266428561579566
x_289,-0.3510758622249914,0.11644192942514169
y_289,0.05115200760305603,0.26311503092745836
z_289,-1.1713792445658893,0.40147550654801983
x_290,-0.2267827451027754,0.11048338919792698
y_290,-0.07500891414792693,0.2658866560231144
z_290,-1.2257562165439773,0.3010742584714511
x_291,-0.10480635439253726,0.0991974169142754
y_291,-0.18023633111983248,0.2679341514834685
z_291,-1.289312588985219,0.21789002133387755
x_292,-0.3490721746386876,0.13047367680157618
y_292,0.2907941767544263,0.2993338103738503
z_292,-1.0955401708223451,0.4695802099966376
x_293,-0.22869500327777142,0.1291706827532018
y_293,0.15653644561427493,0.29628549702269236
z_293,-1.112412761252963,0.3629535990398481
x_294,-0.10358904405538062,0.11759537926556944
y_294,0.0453221542004872,0.28835283200894635
z_294,-1.1643416922008631,0.2533693704209477
x_295,0.017878460486257238,0.10113685814339238
y_295,-0.04767981101294428,0.2784587705206588
z_295,-1.2380565803482215,0.1948746882935659
x_296,0.1307456982114574,0.08500309353734814
y_296,-0.13315236944646164,0.2690266517510554
z_296,-1.3056737261712787,0.2215093842986321
x_297,-0.21960443804486762,0.14080307025458624
y_297,0.3770368705347365,0.32937438327145424
z_297,-1.06713600538486,0.4484580045344516
x_298,-0.09717843340071118,0.1334158547200349
y_298,0.2692870225000188,0.31749627968737454
z_298,-1.081233943139191,0.3182148003092388
x_299,0.02825697832364269,0.11591410390677416
y_299,0.1808496205670722,0.3005214535517124
z_299,-1.130286795177875,0.21015261817799408
x_300,0.14813004449241848,0.09573223441153084
y_300,0.10385191367499227,0.2809111904114254
z_300,-1.205389786520199,0.20419187093713814
x_301,0.2576215079418185,0.07834728571637839
y_301,0.027561030149902663,0.2615860905871825
z_301,-1.2720151805554005,0.26413395426919667
x_302,0.3547331256059568,0.06461194856592489
y_302,-0.05262444295902671,0.2437339776033818
z_302,-1.3179350246665755,0.3148219060384647
x_303,-0.09042458244799734,0.13888826165368778
y_303,0.46962990045999126,0.34608187401514556
z_303,-1.0530210670717077,0.3978356404614794
x_304,0.03194409311543028,0.12418955077988561
y_304,0.3965056402405176,0.3267358087404952
z_304,-1.0814058485310163,0.25860506475512934
x_305,0.15596955021714584,0.10206621964534533
y_305,0.33700389154456273,0.30253406018245355
z_305,-1.1372535729363986,0.20004804620373956
x_306,0.27397340190310826,0.08148419862023118
y_306,0.27790326626515405,0.2754194559376919
z_306,-1.2157714637522474,0.2778393993974916
x_307,0.3808225573539133,0.06714420084702656
y_307,0.20877127144174945,0.24927671881946797
z_307,-1.2757602530601684,0.3635697428115978
x_308,0.47433152427463965,0.05690360740878943
y_308,0.12917570560202024,0.22476875130497573
z_308,-1.2985977511287101,0.39440210781911983
x_309,0.5534399463345536,0.048939086230697766
y_309,0.04254543676177902,0.20163230610772057
z_309,-1.3041823781155881,0.3888575011237674
x_310,0.0314866469006884,0.12526596621488578
y_310,0.5719705535505898,0.35201692232968884
z_310,-1.0434569583857076,0.3298611853558896
x_311,0.15097041203560138,0.10439138356082928
y_311,0.5349631737369142,0.32721901413277815
z_311,-1.0921288368501436,0.20744274118370876
x_312,0.27071009377627603,0.08127080554335317
y_312,0.5058058786073723,0.2969488901289347
z_312,-1.157651361357848,0.2411792058358478
x_313,0.38541973264948765,0.06556161183011076
y_313,0.46650551566474596,0.262977364939123
z_313,-1.2422920462302178,0.3784026379173658
x_314,0.49044872070431933,0.05927483097340128
y_314,0.40444805103006637,0.23131616866466306
z_314,-1.3048361860269215,0.48583879901998867
x_315,0.5826528924026706,0.05610153333127056
y_315,0.32306496488074476,0.20366653058158563
z_315,-1.3113349789223754,0.5151339394855506
x_316,0.6601297223081956,0.053348479712858214
y_316,0.23150386491642205,0.17790198040476196
z_316,-1.2803928837278065,0.47333870974785625
x_317,0.7227718437033887,0.05279330634257378
y_317,0.13389680426350897,0.15401381267582695
z_317,-1.2509514141112885,0.4118005440125205
x_318,-1.0054567143850257,0.0723627250638967
y_318,0.09873627696427807,0.0697873542557166
z_318,-1.1497867173126761,0.4761745787625277
x_319,-1.1117463728519585,0.07155988910552981
y_319,0.26872251034597944,0.07685888460762487
z_319,-1.0779684620016154,0.40816297511821464
x_320,-0.9466683996931677,0.06756857680947753
y_320,0.22275823271038186,0.09575631739831494
z_320,-1.121377417873148,0.5052723102137993
x_321,-1.2050629698735662,0.0714488849456498
y_321,0.45739809456419833,0.10674810542162651
z_321,-0.9896808521612975,0.30932927947704164
x_322,-1.0503268649397877,0.061887345047607796
y_322,0.40599942656799404,0.08672028902203227
z_322,-1.0315281232564684,0.449478588161445
x_323,-0.8708276947593223,0.0667114163856156
y_323,0.3438991926551846,0.13432754611625775
z_323,-1.1036493532772542,0.528313764404466
x_324,-1.2804225324493772,0.07041131634324384
y_324,0.6695968709931583,0.14917666340932023
z_324,-0.9061678370769655,0.21797549919858422
x_325,-1.141679090019197,0.058543817430547054
y_325,0.6095862334363289,0.09956478108663552
z_325,-0.9288725612346915,0.3665563254924366
x_326,-0.9705125641514436,0.05648162044436657
y_326,0.5366921902395755,0.11992053591412495
z_326,-1.0086601279898737,0.48561228875237444
x_327,-0.7780064537930255,0.07294712649780387
y_327,0.4547220085358591,0.18205320191312707
z_327,-1.0922662517262827,0.5347034249841792
x_328,-1.335402828924739,0.06940585123474993
y_328,0.9073464372582729,0.1968952669812451
z_328,-0.8387017230576607,0.18825955236040662
x_329,-1.2147878258532894,0.0575983989942659
y_329,0.8380863368963176,0.1334130207730133
z_329,-0.8427549247207978,0.28003230038461346
x_330,-1.058114495453197,0.04991015998998481
y_330,0.7486020853830965,0.12136947054061802
z_330,-0.8998858617780845,0.4193596518603843
x_331,-0.8717500454091557,0.05918667404531161
y_331,0.6513808360236356,0.1684926217114935
z_331,-1.0025371456710002,0.4997926898538624
x_332,-0.6685896907399893,0.0868891196167718
y_332,0.5444068484932939,0.23864623682460037
z_332,-1.077773937149373,0.5446600755991426
x_333,-1.3722123750178836,0.07056954773536549
y_333,1.1555989647180416,0.24392016854970586
z_333,-0.7599063456385721,0.22659518882624394
x_334,-1.2652273394954796,0.060542540590956775
y_334,1.0831180205886008,0.1757600119019125
z_334,-0.7715859932078166,0.212795916458932
x_335,-1.1259136671807133,0.04780300082944088
y_335,0.977277534324935,0.1414564292383664
z_335,-0.8000865102197116,0.3478466683844003
x_336,-0.9525351510716235,0.049433278443771336
y_336,0.8603979510571257,0.16366416229525885
z_336,-0.8867709760039255,0.4412407618282322
x_337,-0.7557976973555445,0.0703768254384456
y_337,0.7364505601106249,0.22917908965274436
z_337,-0.9922524670278682,0.5133458715389906
x_338,-0.5457546671109973,0.10610989327694663
y_338,0.6064250285976589,0.29770038314544944
z_338,-1.049785895257667,0.5698744192656786
x_339,-1.3950742927305562,0.07288953533640354
y_339,1.3843963081451158,0.2832197065348288
z_339,-0.6278859413668388,0.28880371782635306
x_340,-1.2944979857474785,0.0656481108140936
y_340,1.3159194147087354,0.21526064235801948
z_340,-0.6723681141517172,0.18396672740182649
x_341,-1.1688657760638672,0.050944298857212404
y_341,1.2028215454878834,0.1690201978194656
z_341,-0.6966371393666054,0.2782290224692786
x_342,-1.0128751374344056,0.04409330329504777
y_342,1.0701524642519866,0.1658610595195452
z_342,-0.7576516949091763,0.37557224685177876
x_343,-0.8301412649788921,0.05708942098150811
y_343,0.9310901268502558,0.21871567247968984
z_343,-0.8623380783766977,0.4497470788607229
x_344,-0.6285623008991982,0.088733906367538
y_344,0.7828050424121157,0.2940896840921383
z_344,-0.9558444024191711,0.5403543362029823
x_345,-0.41588312039542885,0.12502814451850636
y_345,0.6450566554569961,0.34725051451278766
z_345,-1.002373481339535,0.5841758469651405
x_346,-1.4039699612775363,0.07486947187322625
y_346,1.5655050359925395,0.31005487711191093
z_346,-0.4283213501896042,0.33565466599498267
x_347,-1.306751445941057,0.06889550884166736
y_347,1.5063958900357213,0.24613206015987932
z_347,-0.5113031791795917,0.20211441172769123
x_348,-1.189352784161337,0.05575974103552043
y_348,1.3960317993490374,0.19401131398606156
z_348,-0.5562679842370101,0.21614221131608338
x_349,-1.0493827228416839,0.04311857565851087
y_349,1.2588429633428202,0.17091538647511242
z_349,-0.6086652010569727,0.30702818100333046
x_350,-0.8858096500552098,0.04754979578236554
y_350,1.1123831839475977,0.2046446160905545
z_350,-0.700363018412094,0.37616508170619084
x_351,-0.700379103832232,0.07272925391985133
y_351,0.9542585503234386,0.28087814160486696
z_351,-0.80691412061704,0.4676975298494512
x_352,-0.4969156721120603,0.10998880187430371
y_352,0.7945573603256881,0.3503432387464575
z_352,-0.8887095314971365,0.5612322071133445
x_353,-0.2856200996254273,0.13718638417244045
y_353,0.6735196828995166,0.37940082259065583
z_353,-0.9419077420919524,0.5647729598638846
x_354,-1.304621415238626,0.07967264022495277
y_354,1.7373356981659742,0.2933528885167703
z_354,0.011908061518236864,0.2870741085697073
x_355,-1.1827237313909125,0.07815947660151183
y_355,1.7274035098225629,0.2519018435418391
z_355,0.22241490347225418,0.2438255775871957
x_356,-1.197209323865658,0.06565719562309438
y_356,1.6593240215629457,0.23385723822758633
z_356,-0.10990920226069086,0.19757906090170235
x_357,-1.0406244482942704,0.06771481377853797
y_357,1.6608392182561222,0.19861267021521228
z_357,0.41934594796367913,0.22466731778136284
x_358,-1.0648831352970027,0.055694574900930535
y_358,1.6247800957706189,0.19180180839010766
z_358,0.0800456481935067,0.18649271597385939
x_359,-1.0737032633178234,0.048085968795679
y_359,1.5352006920820134,0.18476417181269902
z_359,-0.20677211138189597,0.1908631185807828
x_360,-0.8916052798942284,0.05295176470294492
y_360,1.550555817363,0.1476433104295801
z_360,0.5782621973180614,0.2128703160449302
x_361,-0.9173461720193689,0.04553668968945736
y_361,1.5501975024648273,0.1546225687387876
z_361,0.2507670809284919,0.18217680859137234
x_362,-0.9347089090648972,0.04047237125439044
y_362,1.4920561020467429,0.1662009164792075
z_362,-0.04932236821758635,0.18967228468140115
x_363,-0.9364495017573177,0.03921191051042005
y_363,1.392003474969246,0.17799061984944073
z_363,-0.30436515086388305,0.23809378663698116
x_364,-0.7406604764321132,0.04586158226740204
y_364,1.4069319335491708,0.13972874161161983
z_364,0.6958946090692515,0.2052474399319323
x_365,-0.7637875028261568,0.042321356449137953
y_365,1.438495861991583,0.15552159180124625
z_365,0.3919495786836516,0.18047130368236278
x_366,-0.7832148528427545,0.0414970657443233
y_366,1.4116380285956045,0.18309216504166242
z_366,0.09061100405184358,0.18455507210354927
x_367,-0.7913387563043721,0.04389120476477169
y_367,1.3359079878568418,0.21257145883162723
z_367,-0.18046407462181635,0.23099764856304372
x_368,-0.7820189765138389,0.05014346654308285
y_368,1.2297989535306464,0.23772928513717026
z_368,-0.41900289107245037,0.30342970970093214
x_369,-0.584644007074966,0.04817482881455852
y_369,1.2324010815772335,0.19103289265781204
z_369,0.7636910922449516,0.20400193388830123
x_370,-0.604512127252498,0.04847503079072875
y_370,1.28072044558228,0.2059791954096168
z_370,0.4942627279823152,0.19518833705548416
x_371,-0.6212219668799752,0.051444507928923515
y_371,1.2781123438077426,0.23749492870812408
z_371,0.20551619767343568,0.20152815873764593
x_372,-0.6300769256902871,0.05845742724110932
y_372,1.2259938619281607,0.2748262048052874
z_372,-0.06710165607858688,0.24617752202898835
x_373,-0.624334057640997,0.06957371694870462
y_373,1.142493488857434,0.30621799626688606
z_373,-0.31427521139822323,0.3232893659988428
x_374,-0.602446468387663,0.0821618144607419
y_374,1.0436110666617453,0.3277996353894373
z_374,-0.5360285364104127,0.4105683887485762
x_375,-0.41993581526754375,0.06341039462195443
y_375,1.036079772441579,0.2640475372135316
z_375,0.7588792581188337,0.2343403730343629
x_376,-0.4342638258097982,0.06807415853013439
y_376,1.0850395063590197,0.27730576467368157
z_376,0.5324123745852467,0.24645575611573348
x_377,-0.4446646291640093,0.075055527359173
y_377,1.0956672809300563,0.3052965607045962
z_377,0.2741728184934949,0.2614091647039779
x_378,-0.4488482866526804,0.08474521062695017
y_378,1.0664766489183097,0.34042820489105535
z_378,0.018469970096869483,0.2971699695188629
x_379,-0.4426629113634004,0.09714001822386781
y_379,1.0118658233933255,0.37044354189310924
z_379,-0.22013941058022657,0.360328082470817
x_380,-0.42408092487687243,0.10989443704968388
y_380,0.9456429458584285,0.38842604329366137
z_380,-0.4431043567735719,0.4374409694101276
x_381,-0.3964614511446233,0.12012091574131327
y_381,0.8711143745306291,0.3938086571351027
z_381,-0.6439949106591596,0.5078295159211178
x_382,-0.2472083008701688,0.0945153407981157
y_382,0.8515311827548036,0.3262315787330811
z_382,0.687461372840504,0.33065058446179746
x_383,-0.2515823700968044,0.09953488309889835
y_383,0.8958527580460292,0.33964537879094214
z_383,0.5014921334178373,0.3438145864634585
x_384,-0.252157139279171,0.1064546211282437
y_384,0.9150033543684359,0.36157186426073523
z_384,0.28342667272393984,0.35296424029400386
x_385,-0.2480049251739681,0.11413636514724694
y_385,0.9089193706267482,0.3877094898898738
z_385,0.05995503153214192,0.36677679959217635
x_386,-0.23810319877788175,0.12204434125252693
y_386,0.8881206221365652,0.40915321604809773
z_386,-0.15628035545807692,0.39428122537923216
x_387,-0.22185677981491617,0.12941015420362628
y_387,0.8603788182670942,0.4197652872877739
z_387,-0.3688027923762776,0.4366889156681597
x_388,-0.20104196148088327,0.13479014443346504
y_388,0.8226459392251926,0.4190035772553838
z_388,-0.5729519368978054,0.48140540326170367
x_389,-0.17951380425380273,0.13777943535128573
y_389,0.7703537648394743,0.4093615887466139
z_389,-0.7492563735936085,0.5111787111997653
x_390,0.21632329792223917,0.0961840161379351
y_390,0.8683886060565662,0.35282693600453074
z_390,-0.871203319201904,0.3072452750493201
x_391,0.2187149197543884,0.09935751896132815
y_391,0.9183093090371665,0.3639507795023406
z_391,-0.7028639083781413,0.32924414955462317
x_392,0.4079861377114932,0.06491627830418738
y_392,1.045757206252484,0.2879960779433638
z_392,-0.8736235953804025,0.23721362571899274
x_393,0.2159463728722264,0.10416134155323156
y_393,0.9312783519490115,0.3798394099770533
z_393,-0.4880746268998839,0.34410821586978846
x_394,0.41835884124289485,0.06670040447237001
y_394,1.0987160979926742,0.29585568600146667
z_394,-0.6673568160163807,0.25801196250987896
x_395,0.5853769580497148,0.049042531903262764
y_395,1.2470475979378313,0.2020583011447295
z_395,-0.824556440574951,0.2288470930234576
x_396,0.20779538766325126,0.11091548330014886
y_396,0.9055696601239924,0.397548893282878
z_396,-0.26711774119581466,0.3707447014506936
x_397,0.42386665849590854,0.07132386539449401
y_397,1.096301060422671,0.31647299062190676
z_397,-0.41700875231699286,0.2804499907714028
x_398,0.600072105275507,0.046462493054695214
y_398,1.2901857838975075,0.2094010612068055
z_398,-0.5706255925058935,0.23143948370518566
x_399,0.7483091035128469,0.04488889351390871
y_399,1.4171201187261169,0.13329398718706373
z_399,-0.7126242344168119,0.23833941866043795
x_400,0.19316678371750848,0.11936667531144916
y_400,0.8587732035195419,0.40953455454831633
z_400,-0.0699112289778279,0.4161026733594029
x_401,0.42205814582866863,0.08037160811356998
y_401,1.041533295279811,0.34408469695819166
z_401,-0.18003197465926515,0.3284840552339095
x_402,0.6123102315455479,0.04807076155010304
y_402,1.2649705159689815,0.23484649929423138
z_402,-0.2920342712118963,0.2480474695690544
x_403,0.7665459382466148,0.040126385886441
y_403,1.4321730242827195,0.14454649558794982
z_403,-0.4210234180615826,0.22823112157296685
x_404,0.9080925901582229,0.05171485697628934
y_404,1.539355254749258,0.1372594090635558
z_404,-0.5510445439917732,0.24387037966768035
x_405,0.17212545051063693,0.1272779791383004
y_405,0.808283213407014,0.41093732121690674
z_405,0.10866833282128366,0.4672853764136577
x_406,0.40813852994962896,0.09323843691611418
y_406,0.9601675864496243,0.36660952380546247
z_406,0.01635035701564024,0.3990280865875954
x_407,0.6158276996743384,0.054430894619476804
y_407,1.1855833444027162,0.2680789755671635
z_407,-0.05101300814737931,0.29798324613496524
x_408,0.7832164298576056,0.03940244625804679
y_408,1.3800194807843829,0.17055907092261646
z_408,-0.1369893177096149,0.24137826370733453
x_409,0.9296411449356771,0.04609131163716373
y_409,1.5207501990649328,0.14491895352195924
z_409,-0.24047412477456978,0.22525090728224959
x_410,1.0683012960415161,0.06770504450590932
y_410,1.6322657661792759,0.19656828580441604
z_410,-0.34317511358608094,0.24889505858707267
x_411,0.1477666813771653,0.13231113631481214
y_411,0.7564868073737758,0.4046028241359308
z_411,0.28116275136268387,0.5128896196455228
x_412,0.38151934205167504,0.10650839979511856
y_412,0.8727671938953987,0.37872958780668237
z_412,0.18662271442534437,0.47384561985427026
x_413,0.6023439095013299,0.06538511284551218
y_413,1.0795372767769345,0.29578093897540725
z_413,0.1404777781355935,0.36995608408702296
x_414,0.7877761733652232,0.04173246028451495
y_414,1.2833600608320443,0.19856352969791555
z_414,0.09067117394194656,0.2846112730784984
x_415,0.9448728712963369,0.04351148900943819
y_415,1.44403239987387,0.15507767837916203
z_415,0.028400963631611785,0.2360266560576381
x_416,1.0876500300879062,0.05902702903078459
y_416,1.5854550849216058,0.19175905852034633
z_416,-0.028113744394139772,0.2208573660907347
x_417,1.2154988818574186,0.07705562918176818
y_417,1.702729034854089,0.26497548233735635
z_417,-0.08804613472826028,0.2780209196805561
x_418,0.12391233183759126,0.1345621140367082
y_418,0.6995861916892598,0.3952887281756373
z_418,0.4400057740161628,0.5456608168747723
x_419,0.34756585330665646,0.11697372485128762
y_419,0.7846555342078451,0.38335860458256976
z_419,0.34255297482341573,0.5420034312026032
x_420,0.571918534504527,0.07856899584420021
y_420,0.9631688015773129,0.3160827259401655
z_420,0.30113207864602304,0.44926178839561026
x_421,0.771915917794568,0.04774092358738789
y_421,1.1622232945634539,0.22204379425697204
z_421,0.26723593035996657,0.3472435041991011
x_422,0.9430645618554634,0.04301734656141316
y_422,1.3307834013096953,0.1640494800969827
z_422,0.22643274778849565,0.27827476640171783
x_423,1.0930384799653678,0.05316374669829041
y_423,1.483640111526953,0.18138613807382986
z_423,0.21073827587149357,0.22366091334951957
x_424,1.2239275309304518,0.06618930597590614
y_424,1.629728829670786,0.2473195482919787
z_424,0.21375397615105537,0.24125871554670042
x_425,1.3328800619765082,0.07555636099575368
y_425,1.7306856622061966,0.3237370936105178
z_425,0.18615775167073093,0.3463674564714343
x_426,0.32817140239003895,0.07146442933966532
y_426,0.8183812806710993,0.308280839324725
z_426,-1.0710902060034149,0.19006919111062612
x_427,0.5130128938548023,0.0570442153397269
y_427,1.0009727764889556,0.23986432255039813
z_427,-1.1000194133203578,0.23070513334331197
x_428,0.44557976101244456,0.05877209995675842
y_428,0.836051750838611,0.2669312577720784
z_428,-1.1459803604683843,0.26250839878997545
x_429,0.6896785028193322,0.06181789425286117
y_429,1.1930476399633005,0.16252028296707538
z_429,-1.0878443293501632,0.2885411010894884
x_430,0.6321442428732796,0.06511404278972832
y_430,1.0184747962616618,0.19463318692846548
z_430,-1.168797140934798,0.35929557710214166
x_431,0.5596926514010269,0.06197642325415618
y_431,0.8349424679246934,0.22344372495152676
z_431,-1.217312126222494,0.42909590322716773
x_432,0.8581661516505144,0.06960630395257764
y_432,1.3677462929089548,0.1337601766595638
z_432,-1.0208384446002101,0.33036989855788035
x_433,0.8130122124771785,0.07635694218535347
y_433,1.1953935256259574,0.14468136935388168
z_433,-1.1378376451425982,0.41484403257770164
x_434,0.7469908771036992,0.07675883160327095
y_434,0.9988631780923259,0.16268651546456148
z_434,-1.213657671757698,0.5146634421078212
x_435,0.6674429254475659,0.07022301134443926
y_435,0.7975224450871199,0.18485240901681038
z_435,-1.2773727629303409,0.5775090425102543
x_436,1.0212166275906878,0.0862448111932084
y_436,1.517511661051041,0.18691838652290851
z_436,-0.8977862110708353,0.368906041230179
x_437,0.9852383797714273,0.09125085832047385
y_437,1.356357873735066,0.17293781152506066
z_437,-1.0481169449402303,0.4550274525246646
x_438,0.9275126099086091,0.09130037706567239
y_438,1.1515773280656845,0.1555866805028024
z_438,-1.1342795484372281,0.5451893589523886
x_439,0.8506763529705552,0.08660291129487983
y_439,0.9336988379980202,0.14594632063943921
z_439,-1.2141153349463776,0.6176835829337662
x_440,0.7643186703953664,0.07696262540397623
y_440,0.7201199809287192,0.15583819688763256
z_440,-1.2879490301187988,0.6472050303538917
x_441,1.1771963462125143,0.10268542951440476
y_441,1.6354089856654066,0.26505212109533693
z_441,-0.7117476089847891,0.3982647852874127
x_442,1.1462019747708643,0.1095184210103271
y_442,1.489916635638545,0.24719470961286097
z_442,-0.9039332206987698,0.4827119388626646
x_443,1.0945082332261011,0.10953608595054734
y_443,1.285988591501249,0.21383020048572293
z_443,-0.9981120415437196,0.5519066797602347
x_444,1.0226996301791944,0.10530309387835096
y_444,1.057628383934773,0.1723809153348947
z_444,-1.0659382188391384,0.5905904711449436
x_445,0.937670351407099,0.09722045343513917
y_445,0.8298208201183365,0.14049837919614083
z_445,-1.1546641860214253,0.614596098603619
x_446,0.8465728222602606,0.08378724711263591
y_446,0.6163417846925937,0.1366722897740356
z_446,-1.2339555088000915,0.615897133651759
x_447,1.317132798012672,0.1045507588617482
y_447,1.7067906992685153,0.3368244782798005
z_447,-0.46488806111694886,0.4267199805198045
x_448,1.293032152866627,0.11683835369639753
y_448,1.5769874266601398,0.3194951812894925
z_448,-0.7072975392638665,0.49160735278426965
x_449,1.2460005703893795,0.12270289941235252
y_449,1.3824788205634244,0.28429834744639637
z_449,-0.8354106951057967,0.5418190711808081
x_450,1.178540513495195,0.12343294280370931
y_450,1.1566450752555006,0.2375650741176815
z_450,-0.8944228787850765,0.5456469080948937
x_451,1.0968479098511303,0.11999828951501103
y_451,0.9253422192215701,0.18761098939676787
z_451,-0.9681260179900258,0.5250963049393197
x_452,1.007143411766059,0.10952894103226919
y_452,0.7028686485713276,0.14578138402777285
z_452,-1.0681303664575064,0.5216821586534767
x_453,0.912760137632622,0.09124507604088772
y_453,0.49989273692794417,0.12758144962931822
z_453,-1.1537964452447071,0.5140938820453134
x_454,1.4295673877511825,0.09624988890362698
y_454,1.7184622438319965,0.3941348434846805
z_454,-0.18927981118064674,0.4792487750229702
x_455,1.418474372583343,0.11232039668828483
y_455,1.6064438665199874,0.3797083925692611
z_455,-0.4706483652761046,0.5104006277028895
x_456,1.3806982787667634,0.1250322466378375
y_456,1.4272609944074597,0.3445535685446021
z_456,-0.6573916640646851,0.5374501283213022
x_457,1.318872686227025,0.1328373792810528
y_457,1.2130563357774966,0.29872779102843605
z_457,-0.7461388001478977,0.5246803641614233
x_458,1.240680336680102,0.136378017115282
y_458,0.9905235200128292,0.25046466710984505
z_458,-0.8100748270900476,0.465043070811531
x_459,1.1533118343835496,0.1328718672153639
y_459,0.7708405434513323,0.20174089747323823
z_459,-0.9009827486871955,0.41398319422282154
x_460,1.0605552575110353,0.11887040966107329
y_460,0.5626891761854564,0.1557038859891394
z_460,-1.0041128952406835,0.4030206982455734
x_461,0.9637351031155545,0.09688113087914563
y_461,0.37577359441411207,0.1241825332438288
z_461,-1.0934585916839223,0.39922892931613824
x_462,1.577167153585949,0.1018348419470199
y_462,1.5090696705157223,0.4539124151439453
z_462,0.09506132601824344,0.6169944622574258
x_463,1.6279298731053216,0.11660535460352786
y_463,1.2710836890530763,0.45497128690833194
z_463,0.1027092571908945,0.6654177577222713
x_464,1.5766759357262567,0.12268327580411541
y_464,1.3859026319133243,0.4340734878306387
z_464,-0.19851435596757086,0.6173321146777037
x_465,1.6569003922447572,0.11889888516743058
y_465,0.9647284322782791,0.43868159805088586
z_465,0.10327637666943394,0.688281003122638
x_466,1.6168300911838753,0.13631324045362833
y_466,1.1239274024159125,0.4279491400949715
z_466,-0.1849036969279146,0.6619271450778242
x_467,1.5436889527106556,0.13873272934504544
y_467,1.206489072636288,0.394661685756493
z_467,-0.43267254677622796,0.6056473454900927
x_468,1.6700796693471835,0.10424522058132804
y_468,0.614353413454955,0.41769088175666214
z_468,0.09397755397207867,0.6721797432195201
x_469,1.6332216243556676,0.13262550782413038
y_469,0.803065733182969,0.4116992980899255
z_469,-0.18081697854914636,0.6695729200052206
x_470,1.5728891570445485,0.1466449401552855
y_470,0.9351447563953995,0.3870977788948162
z_470,-0.42336256762438507,0.627700724125605
x_471,1.4814816110837283,0.14760686060561018
y_471,1.0009768012679725,0.347498108800145
z_471,-0.5936371574848789,0.5516197040316179
x_472,1.676423231420965,0.09516774653469617
y_472,0.2612851491357002,0.40866459921100945
z_472,0.055685816147471374,0.6093926222401578
x_473,1.6370454564475205,0.11817611314588398
y_473,0.4524671363913479,0.3960326011344077
z_473,-0.19541892193971025,0.6220573923246638
x_474,1.5815849772183181,0.1398763904249651
y_474,0.6186814441334492,0.3750371059169817
z_474,-0.429169675916251,0.6040643765694768
x_475,1.5022885630943597,0.1507166027382855
y_475,0.7328578774573162,0.34153999951642955
z_475,-0.6075609452997831,0.5352345369524828
x_476,1.399458460746937,0.1516812180359892
y_476,0.7921408998490781,0.3011093153021167
z_476,-0.7125283484311589,0.4423824710230388
x_477,1.6706604726597236,0.10424502447187045
y_477,-0.058959830713588866,0.4173057761565692
z_477,-0.023902063750198006,0.5211465426600566
x_478,1.6343455597252905,0.11748841456056074
y_478,0.11465772746961768,0.3921511801451048
z_478,-0.24760075528608452,0.5369946196283135
x_479,1.579399765298845,0.13255888218660464
y_479,0.28775786408741016,0.3647230531534706
z_479,-0.45328558750633313,0.5351143723165476
x_480,1.5056376860843539,0.1459659527575806
y_480,0.4334500958948981,0.3322776586385528
z_480,-0.629759494710321,0.485610804078018
x_481,1.413096373434875,0.1518622073871712
y_481,0.5334975828226277,0.29435745299581334
z_481,-0.7476205504662636,0.3946632526378476
x_482,1.306345995128615,0.14947271421422223
y_482,0.5875612467227241,0.2538079212011816
z_482,-0.8157468940165742,0.3194978097992982
x_483,1.6392586859144875,0.11086439429864518
y_483,-0.3396704094880371,0.4308752393569332
z_483,-0.13179568170930697,0.43972692974338223
x_484,1.6145242417368886,0.12550500815939522
y_484,-0.18816076949636662,0.3985360494305446
z_484,-0.34061039928787645,0.45175626905052974
x_485,1.5657596777883738,0.13504496638179395
y_485,-0.02511388592466983,0.36042705976695033
z_485,-0.5131302194342394,0.45186493449710746
x_486,1.4957905278568493,0.14273802900256097
y_486,0.13050330250805908,0.32201198334051484
z_486,-0.6606307751370877,0.41490241190523036
x_487,1.4102366105740525,0.14747581497199358
y_487,0.2568464454713272,0.2822993368203977
z_487,-0.777811273302043,0.33463492011778156
x_488,1.3127775938393367,0.14596452190326092
y_488,0.3433445733674273,0.24156267725829617
z_488,-0.8534413894985041,0.2555926507320744
x_489,1.2072830709999491,0.1374183124607469
y_489,0.393409365533119,0.20048408711072283
z_489,-0.9092256577480843,0.24247599711248116
x_490,1.5805954606430184,0.10304243093039342
y_490,-0.5854787007877156,0.4332620495400119
z_490,-0.23709964090749472,0.37475298238657107
x_491,1.568177795392003,0.12185909172504844
y_491,-0.45646198730110693,0.4010923014597347
z_491,-0.4451447403854004,0.3819092353386377
x_492,1.531478791446583,0.13340555052253997
y_492,-0.3083747465911027,0.3570017067893673
z_492,-0.6021243334007216,0.37584824811022294
x_493,1.47039808062593,0.13902287636818572
y_493,-0.1547330929851322,0.3109620853708144
z_493,-0.716578798655379,0.3418281678164814
x_494,1.3921828860924932,0.1412776752953534
y_494,-0.015558807629664183,0.26655907134035334
z_494,-0.8106749307918271,0.2716462768687667
x_495,1.3034630314802014,0.13906203779526485
y_495,0.09299327238072033,0.22309658981736918
z_495,-0.8862074127666377,0.19766988564593832
x_496,1.2064766830186906,0.13083583653003322
y_496,0.1689077387194553,0.18156523020062576
z_496,-0.9436661803951885,0.18293940081433627
x_497,1.1042246878001272,0.1171295302055156
y_497,0.218540139989488,0.14472690378725372
z_497,-0.9996933606439329,0.23510379035222145
x_498,1.5536577826241809,0.07823265203282724
y_498,1.4303910054012237,0.44052045829498476
z_498,0.6637011223143425,0.6236649721866749
x_499,1.5407702218505017,0.07280333000322405
y_499,1.231801301236316,0.4123464325409801
z_499,0.8977592858802605,0.6057785606706036
x_500,1.6073647381698128,0.08076340524099987
y_500,1.1883045856354284,0.44661306544308765
z_500,0.6805793228701787,0.666633694122579
x_501,1.519262483994625,0.06767865435295162
y_501,0.9921717607485224,0.36764642390302865
z_501,1.069300657668518,0.5509009030683658
x_502,1.5946654721876117,0.068085445927787
y_502,0.9664425190756301,0.4129448954273767
z_502,0.9373747948921918,0.6470038329505461
x_503,1.6525940194378173,0.07352816749765785
y_503,0.8835687310990475,0.4308560563474831
z_503,0.685027087043127,0.6801134582552976
x_504,1.48839756082734,0.0640629147313478
y_504,0.746784563824356,0.31603698251022844
z_504,1.167653894053054,0.45490183048669663
x_505,1.5727429658545284,0.06447513537562977
y_505,0.7252381145769065,0.3685492655151597
z_505,1.147483761482154,0.5966770059211031
x_506,1.6462916756344461,0.05834938227283621
y_506,0.6561322022512005,0.39944696355074816
z_506,0.9684267327547086,0.6609213720884496
x_507,1.6890354575884854,0.06155127813723237
y_507,0.543632429241974,0.4128327773145123
z_507,0.6834117465254217,0.6753660705914649
x_508,1.4402255736721368,0.06312757585044766
y_508,0.5184638439498647,0.2649173624492918
z_508,1.183068244259084,0.3193954582930505
x_509,1.5346531015648661,0.06880659013283393
y_509,0.49318574083682326,0.3231235791079468
z_509,1.2699551820505617,0.49597610253095203
x_510,1.6241142111747822,0.06575277317125759
y_510,0.4279130390584092,0.3653957502006162
z_510,1.2036952387798638,0.6102606258591493
x_511,1.688702364148744,0.05856531365324786
y_511,0.3252066063182715,0.3940170552384185
z_511,0.9756685332207666,0.6518215717088154
x_512,1.712520283181813,0.06236921134656439
y_512,0.20017455072070447,0.41141342993267127
z_512,0.651119359151921,0.6390531678414615
x_513,1.3683051468005123,0.06279132976044705
y_513,0.31392070624870844,0.21322416277011816
z_513,1.130126610993648,0.23472617119003977
x_514,1.4712666187868304,0.07216050051626983
y_514,0.2829583443661454,0.27715574791679165
z_514,1.2717081568197999,0.35185993581673575
x_515,1.5723107522175601,0.07670718105324596
y_515,0.21618779423424797,0.32871944336526976
z_515,1.3163190988167948,0.49891710386072097
x_516,1.6585139500942478,0.07155291503636214
y_516,0.11761781569493127,0.3701667813014703
z_516,1.1951797109462985,0.58568410142538
x_517,1.7061852591497189,0.06469061685740991
y_517,-0.0005612953303876556,0.4026142074472489
z_517,0.9190771816013612,0.5992805074482274
x_518,1.7107392606824634,0.07074134415451792
y_518,-0.11651988730169141,0.42518338841938774
z_518,0.5665666556337733,0.5609766478597727
x_519,1.2726309778805034,0.061385105330889554
y_519,0.13115099481668882,0.15857989960241356
z_519,1.0552544928891985,0.3094820296545706
x_520,1.3812741637956927,0.07066550487124335
y_520,0.09774408360672857,0.22606331432608157
z_520,1.1840178914663761,0.2802788141038588
x_521,1.4863779696890425,0.0785944559470338
y_521,0.030215067953379766,0.28494247956820007
z_521,1.280182597710125,0.36270585790632004
x_522,1.58485733437504,0.07907382425027862
y_522,-0.06649658123792988,0.334832904519347
z_522,1.264059702158273,0.4666781262233203
x_523,1.6563393341647203,0.07128704386832618
y_523,-0.18082884571184948,0.378430549186537
z_523,1.0897146111065368,0.5154160069183331
x_524,1.6840780723678923,0.06543706415974358
y_524,-0.29487362272458156,0.4151745915461754
z_524,0.7897055754083281,0.5039280288095775
x_525,1.6738640312097959,0.0738445927761064
y_525,-0.3922284011874864,0.4403194782744105
z_525,0.43940200355160336,0.46381167555264796
x_526,1.1579027648454132,0.06085770619459462
y_526,-0.0337665922737792,0.10533507370562882
z_526,0.9975122750380039,0.41913538238714937
x_527,1.2697173022091977,0.06669487073740517
y_527,-0.06625671108631517,0.16924780247447388
z_527,1.0801495602452496,0.34938366830151685
x_528,1.3747422477618112,0.07352475956426546
y_528,-0.1287689072617581,0.23259771022255255
z_528,1.1635087354264548,0.31805215271936643
x_529,1.474316143423343,0.07703685802206606
y_529,-0.2199408682432422,0.2882721155697566
z_529,1.1970424034095715,0.3573280144177201
x_530,1.558991865887777,0.07398379488986614
y_530,-0.3296995525891128,0.3380604559450052
z_530,1.1197186094453253,0.40794894635682416
x_531,1.6110817285280612,0.06569987234341904
y_531,-0.4434581104376758,0.38431246691297005
z_531,0.9147236333908066,0.41852584848398644
x_532,1.6239032170890035,0.06112877751475341
y_532,-0.545678212709934,0.42307519510880265
z_532,0.622933311777029,0.3992673008547199
x_533,1.607114323266464,0.06805581293238178
y_533,-0.6273804497668315,0.44573926047001866
z_533,0.30056372985268665,0.3753804501347286
x_534,0.2259607638730165,0.1341624616648579
y_534,0.59121091439623,0.37844111012336373
z_534,0.6038476033580199,0.6104505591248636
x_535,0.36037074629118704,0.12306902431598539
y_535,0.5579255985790262,0.3522263404474486
z_535,0.6539301335098457,0.6329918800664559
x_536,0.450201607698424,0.10751949794820977
y_536,0.6984445045087291,0.34889689529555507
z_536,0.5554782805777169,0.6018412318217023
x_537,0.49998247447520383,0.1045859210754439
y_537,0.5270928898776852,0.3039155341758049
z_537,0.7125072051052213,0.6247543829774935
x_538,0.5925238467749455,0.08625977162533777
y_538,0.694039914062672,0.2936322467381489
z_538,0.6354579202340919,0.584988084780387
x_539,0.6733546296540078,0.06997182165897665
y_539,0.8656815243141798,0.27181371816650135
z_539,0.5337582109113791,0.504585505537535
x_540,0.6346006600614732,0.08465767065209392
y_540,0.4801808905859362,0.24376771383468532
z_540,0.7603108258061895,0.6061640916676687
x_541,0.7311313808000383,0.06690273671287662
y_541,0.6634343513657907,0.22695813869263493
z_541,0.693110140041628,0.5621905924418941
x_542,0.8134138910265012,0.05449922737944668
y_542,0.8523029462401274,0.20726885828270467
z_542,0.6041061177472234,0.48435981628609803
x_543,0.8772581845238885,0.047799867611414
y_543,1.0347081145033523,0.1879104163652604
z_543,0.49513757823306853,0.4049081620352656
x_544,0.7539889144125912,0.06880594005594542
y_544,0.4053819310478413,0.18586254983078906
z_544,0.7858303018066223,0.5940103006363989
x_545,0.8565452495602672,0.05383910347363951
y_545,0.5956067937120889,0.16432161708779588
z_545,0.723564933446865,0.5478880894530558
x_546,0.9440245385242447,0.04658008001808676
y_546,0.7954162218043157,0.1507888843525698
z_546,0.6468618028609167,0.4706789976700226
x_547,1.0114665441266548,0.04595489795945134
y_547,0.9980720112501429,0.15043235027678759
z_547,0.5627367291542217,0.3914541495714608
x_548,1.0564463693589958,0.04756929769795357
y_548,1.1880065205658374,0.15899825386192457
z_548,0.4718701625610928,0.32312685115388473
x_549,0.8536074492869841,0.059553264942965325
y_549,0.30715536951682937,0.13567592690399363
z_549,0.8026359851569758,0.5766316344407233
x_550,0.9625796658621361,0.04762007470496569
y_550,0.4967030279028362,0.11330463082590457
z_550,0.7496632920148724,0.5245108026960335
x_551,1.0567144516489324,0.044074985369039185
y_551,0.7018578215080459,0.10966218822803901
z_551,0.6925863097679367,0.44058262157533956
x_552,1.130200754047377,0.04683587508562216
y_552,0.9208783400563143,0.13214310946695337
z_552,0.6414706462417031,0.35162841973075437
x_553,1.1800108033696566,0.05144355321143406
y_553,1.1432077444042772,0.1660698086161463
z_553,0.5940795600531453,0.2797307013421829
x_554,1.2071622781196494,0.05571992201451629
y_554,1.343520673556241,0.19641985322852115
z_554,0.5263294473795812,0.2308200242156178
x_555,0.9336537952503596,0.056742663557805495
y_555,0.1983410951256516,0.09464129722140135
z_555,0.8344307596091796,0.5443870879237558
x_556,1.0475163697461585,0.04771505717161245
y_556,0.3813507943505696,0.0799216661829594
z_556,0.7985147221084481,0.4783139591183915
x_557,1.1465648483327944,0.04585409932180115
y_557,0.5841399880892031,0.09535615404328782
z_557,0.76935898787829,0.3795788048576432
x_558,1.2246980745682488,0.0492439300281568
y_558,0.8079334406198105,0.1355743279371248
z_558,0.7538034204062899,0.2779283970593004
x_559,1.2788613843260173,0.05483325518620579
y_559,1.049465674682822,0.18447633756466097
z_559,0.7454580220630366,0.21893078078113082
x_560,1.3111948610368298,0.060037678721699635
y_560,1.287195662418962,0.23012183795678823
z_560,0.7157683769165673,0.21791435136303997
x_561,1.3261517729219419,0.06374836653017119
y_561,1.4880596746870363,0.267284073518499
z_561,0.6248715624438617,0.25677315961274955
x_562,0.9951192853576659,0.05750477197494134
y_562,0.0876370845889472,0.06901912082134296
z_562,0.8848950605532308,0.5102486937648538
x_563,1.1114517520158513,0.051010546530546215
y_563,0.25986302433060277,0.07661609203685565
z_563,0.8725211636390344,0.42914552401461414
x_564,1.2129924717372862,0.04994277365624617
y_564,0.4521119795526865,0.11377635097431515
z_564,0.8742658855497888,0.3146716289505903
x_565,1.2935266669836312,0.05237883106660374
y_565,0.6661852443036257,0.16205621081079882
z_565,0.8905143714750519,0.21159953945910143
x_566,1.3503884467114464,0.05695719332925959
y_566,0.9041179529737582,0.214807441327382
z_566,0.9067207113067985,0.2132745305999566
x_567,1.386532094248485,0.062433112661624025
y_567,1.1554696713538775,0.2672243253401374
z_567,0.896161980874283,0.28617855666173714
x_568,1.4083019723552033,0.06654975260040107
y_568,1.3912952796692188,0.31305355155240755
z_568,0.8249257814408069,0.36120014201497186
x_569,1.4184304911111374,0.068824689129997
y_569,1.5777302299362463,0.34685548759271895
z_569,0.6681151157075743,0.41340550708328716
x_570,-0.08554390700414537,0.12290102079945098
y_570,0.5524228137019359,0.34050251672367565
z_570,0.8571919734265422,0.3965699319646252
x_571,-0.1944984145697427,0.10208079492377999
y_571,0.5438628303577527,0.31177948508781633
z_571,1.0250414278903086,0.2762974165327182
x_572,0.02602199081770766,0.13736671862654887
y_572,0.4341404237104145,0.3438382890177358
z_572,0.8270294431401685,0.46170536187199696
x_573,-0.2999146275143902,0.07613122525994473
y_573,0.5367288799284938,0.28006243032719597
z_573,1.2171093290522417,0.2656650597387575
x_574,-0.0890591855117302,0.12282338143478697
y_574,0.38981078482401427,0.31989958039555677
z_574,0.966846608303283,0.3285103508747322
x_575,0.15275832252224802,0.14048913651193184
y_575,0.33096126519805824,0.332836536813365
z_575,0.8158737726457771,0.5094738685594671
x_576,-0.40217069106162406,0.05402851971019712
y_576,0.5118555319905485,0.24621912618785918
z_576,1.4087149228466316,0.36629679469566434
x_577,-0.2002982011594349,0.09864810465120451
y_577,0.35521101714078523,0.29307239195234436
z_577,1.1358070792836163,0.25146304770333117
x_578,0.03403040568759039,0.13300066000028557
y_578,0.24887876644612722,0.3172013293013091
z_578,0.9240214380690925,0.3838236470601027
x_579,0.28820425709178155,0.131243982765096
y_579,0.24317259066266278,0.305939366809958
z_579,0.8333254316281332,0.5341439862781476
x_580,-0.5000939191401644,0.04167971766476716
y_580,0.4574390802324198,0.2134673442102504
z_580,1.5387743076524938,0.45184944617361955
x_581,-0.30617872959278636,0.0733469561881103
y_581,0.31352607366946694,0.2640244979926041
z_581,1.3042783082407887,0.2805887088765044
x_582,-0.08154410211185538,0.11355038481753653
y_582,0.18405257307749148,0.29777383846568184
z_582,1.065369641643235,0.2724461024800289
x_583,0.16817830915679927,0.1301003289764264
y_583,0.1294493289221718,0.3014745693214568
z_583,0.9194642353044321,0.42760178712226393
x_584,0.4185880144260856,0.11534365416257655
y_584,0.1601770434348886,0.2677914184092825
z_584,0.8624492457403848,0.5501521329869656
x_585,-0.5878433103335275,0.037471209651890144
y_585,0.37742716119259745,0.1831311284591353
z_585,1.5608586449082453,0.4622683725353569
x_586,-0.40452717592024084,0.053312071036181914
y_586,0.25209554107024795,0.23451046614464438
z_586,1.4191425352305524,0.33123375058564697
x_587,-0.19039917161132308,0.08943920711077546
y_587,0.12293593383967988,0.2752538897653752
z_587,1.2178588962069623,0.22605479425974118
x_588,0.04943556757447977,0.11699814042516625
y_588,0.03736470587996795,0.29202907416145363
z_588,1.044291684600874,0.3101881848620939
x_589,0.29795238260983836,0.11916346730819191
y_589,0.025801239755448322,0.27418064359986455
z_589,0.9387127491427437,0.46561204943183093
x_590,0.5319881973783968,0.1002143582892903
y_590,0.07112654123482995,0.22563621927965055
z_590,0.8828034595785493,0.5693979754783932
x_591,-0.660292523889244,0.04017870072886949
y_591,0.28182512669431636,0.15521708870885442
z_591,1.5014122641415357,0.4076505279106718
x_592,-0.4908946672390736,0.03940343726076128
y_592,0.17159890613853832,0.20597577625421346
z_592,1.4578516560515247,0.33944839164065876
x_593,-0.29004001695624654,0.0669671222427339
y_593,0.05257627630116138,0.25175013461245477
z_593,1.341668135789306,0.23911743938942928
x_594,-0.06291557843720362,0.09715158616144995
y_594,-0.043633266262886786,0.278906171692303
z_594,1.1924854029325231,0.21885973425829552
x_595,0.17684406556511245,0.11239785622942827
y_595,-0.08613868060360327,0.27575833186562626
z_595,1.0538332779414301,0.3553026207303824
x_596,0.41087404668465055,0.10750655742601462
y_596,-0.07359610666080209,0.24060231321116451
z_596,0.954224757684799,0.507694714646963
x_597,0.625188832400393,0.08986634886968592
y_597,-0.025752075965425513,0.18501910505110142
z_597,0.8965234724622733,0.5842141971880462
x_598,-0.7180773510812847,0.04820183147800148
y_598,0.17573574113130092,0.1307499533501275
z_598,1.4306520439991206,0.3409214640444183
x_599,-0.5631896867483229,0.03353193830213752
y_599,0.07878808866018235,0.1800287099387618
z_599,1.4533907641697568,0.3184603690179113
x_600,-0.3783535754707121,0.0491329002781391
y_600,-0.028416462508167453,0.229842385108337
z_600,1.419112498052092,0.2591744730440506
x_601,-0.1664515569680377,0.07670341949292334
y_601,-0.12423252975287312,0.265299065667409
z_601,1.3266056627644818,0.1951701444611857
x_602,0.06130160234747836,0.09843983175584445
y_602,-0.18297327583402676,0.2743526277818682
z_602,1.19162292422332,0.2466753485435999
x_603,0.2888988721021321,0.1058626724090408
y_603,-0.1968310761561867,0.25244894006206475
z_603,1.0560570469502446,0.41192639200651376
x_604,0.5041121752085438,0.09914348325992989
y_604,-0.17418762238363322,0.2067588723873891
z_604,0.9609923931347348,0.5447403313499456
x_605,0.7003556870302341,0.08412252637887321
y_605,-0.12565553356947007,0.14954544282151744
z_605,0.9147158535310737,0.586871170797753
x_606,-0.711843104533377,0.047199450462040736
y_606,-0.11492481027691487,0.12403574110424061
z_606,1.4483097180352447,0.30261532379739714
x_607,-0.6476913970251523,0.03983075289819985
y_607,-0.3028777777919224,0.14988582226916441
z_607,1.5217333703891909,0.32237444881270644
x_608,-0.5534412180315165,0.034992592122471355
y_608,-0.19978424011876583,0.1816514691512744
z_608,1.498443708640757,0.2992820693530566
x_609,-0.5711363202334938,0.040373878174394806
y_609,-0.4919492251797731,0.1843279132082942
z_609,1.545044506352628,0.3316959111216749
x_610,-0.4714719049112779,0.041697012881085294
y_610,-0.3832964056190066,0.21269054641567228
z_610,1.52930204349682,0.30376077470225016
x_611,-0.36609049296561397,0.04778144744898968
y_611,-0.2877805446953478,0.23612525023130237
z_611,1.488855124665938,0.26345417423981493
x_612,-0.4782263690387443,0.04982260948528619
y_612,-0.6740131322236542,0.22396690664443591
z_612,1.480239479926148,0.31069063811639375
x_613,-0.37513603635440707,0.054289485583664435
y_613,-0.5629771249253448,0.24706442256699204
z_613,1.4856143397026567,0.28950782833820615
x_614,-0.2644283286668527,0.06039541542423687
y_614,-0.45781373581751966,0.2632258587929043
z_614,1.4645445241684945,0.24834559224820768
x_615,-0.15303858345849117,0.06987768093750724
y_615,-0.36090858072775234,0.2705294667514556
z_615,1.4085903617591478,0.2020353438428724
x_616,-0.36843523879854395,0.06032976905836983
y_616,-0.8445817980709756,0.26707116793711744
z_616,1.3683978881278265,0.279409526847812
x_617,-0.2632663946688269,0.06587613438180423
y_617,-0.733932181297856,0.28125174346635573
z_617,1.3847204580593335,0.256299106673823
x_618,-0.15041846504277137,0.07176263747754646
y_618,-0.6217527818428736,0.28648227537409526
z_618,1.3832178405044793,0.22283697957198972
x_619,-0.036830277252558934,0.07868082101293847
y_619,-0.5110992765617216,0.2821760161780279
z_619,1.3471840228876306,0.1942141480338056
x_620,0.07164459048720154,0.08763836519426434
y_620,-0.404476815898168,0.2723692567599319
z_620,1.2719877416355114,0.21932544828863765
x_621,-0.249822791469499,0.06770785871242646
y_621,-1.000821704736802,0.30871548878634697
z_621,1.26900681079475,0.26613853809856586
x_622,-0.14281198999909892,0.0725970196642134
y_622,-0.893360842686117,0.3104244543866651
z_622,1.2900653377278168,0.23179621925866095
x_623,-0.029709550528813154,0.07822276966937375
y_623,-0.7782589165015427,0.30086850082861627
z_623,1.2977813132177602,0.20483512522960196
x_624,0.08315901344226218,0.08440444564370672
y_624,-0.6578124493666537,0.2833025425711073
z_624,1.2717640828942223,0.2099746578341962
x_625,0.1908073823954826,0.09101590654741777
y_625,-0.5369920567268217,0.26234209336073055
z_625,1.2085003484350785,0.2773449654829497
x_626,0.29095104438215874,0.09720710754820439
y_626,-0.41810234464610935,0.24279328173932924
z_626,1.1260169953448917,0.37765171556952376
x_627,-0.13319835748695955,0.0720678319930483
y_627,-1.138921497199398,0.3404365818271291
z_627,1.189950841397219,0.2606608544034414
x_628,-0.025178157808811445,0.07573020405952631
y_628,-1.0368938208864287,0.327673818781904
z_628,1.2193816067781713,0.22008247747209986
x_629,0.08742244337753921,0.08047014554322819
y_629,-0.9227277049052426,0.3019555909181811
z_629,1.2356419967013956,0.197893916886805
x_630,0.19896655680517797,0.08661201348637061
y_630,-0.7980571282552519,0.27094226327342724
z_630,1.2164470980819657,0.231476097407183
x_631,0.3054132712873986,0.0927329478305791
y_631,-0.6683926927048025,0.2414821325178406
z_631,1.1580997173253391,0.32716496264677425
x_632,0.40511565052801185,0.09676798774547901
y_632,-0.5369985496270084,0.21563853995345156
z_632,1.0847399956560249,0.4381108061286414
x_633,0.4971892230942185,0.09730872832304806
y_633,-0.4046677314544012,0.1939832751718181
z_633,1.0193354383317093,0.5210181477720897
x_634,-0.024694534877944308,0.0739447810265268
y_634,-1.255234826471967,0.3559434199754147
z_634,1.1085055212310215,0.2463339547188823
x_635,0.08296063428901462,0.0771762200682839
y_635,-1.1603305133439479,0.3292973364631552
z_635,1.1468340816465725,0.2084702141555191
x_636,0.1944289992847959,0.0812100898034949
y_636,-1.0496111272737843,0.28904943333898286
z_636,1.172582472516887,0.19817575819698519
x_637,0.30502276062941114,0.08695628777115468
y_637,-0.9250698204340267,0.24602175385659628
z_637,1.1658323613591863,0.2515327162516424
x_638,0.4112711040734013,0.09280442134408175
y_638,-0.7918756518785258,0.20997410216510082
z_638,1.1188904297294138,0.35838217383027116
x_639,0.5116213781641924,0.09566589762394373
y_639,-0.6531961750843095,0.181516082547784
z_639,1.0548194333414018,0.4702134464974702
x_640,0.6047798380950808,0.09404493185769972
y_640,-0.5096281651783088,0.1573584037121039
z_640,1.0020779914775766,0.546094906119579
x_641,0.688450522129102,0.08868075576618938
y_641,-0.3642919994126474,0.136826804144265
z_641,0.9657721603692105,0.577750924444758
x_642,0.24630434342491866,0.07575342878745733
y_642,-1.3712077164450718,0.30399168284161043
z_642,0.9346928120622935,0.20178859598088236
x_643,0.431318162518394,0.07343184861026704
y_643,-1.3768575037772919,0.22172563401716427
z_643,0.8402883186219595,0.21778342996192912
x_644,0.36267841943897683,0.07837434041054496
y_644,-1.271795889824973,0.2466399411606659
z_644,0.9809244911245907,0.20478123295670267
x_645,0.6240470877913263,0.06719080742043171
y_645,-1.362270658502898,0.1325437915129069
z_645,0.7414867115707802,0.2540676016719609
x_646,0.5570554170068243,0.07573173487690488
y_646,-1.2621796682397755,0.1580827066842974
z_646,0.8936433274548036,0.25206305533240003
x_647,0.48069942953315814,0.08229013976917511
y_647,-1.1503204475556126,0.18604326745191582
z_647,1.0105307703213169,0.2617084679839135
x_648,0.8185529532596285,0.06148192284572427
y_648,-1.323873101342514,0.08488166086946078
z_648,0.6467652998585872,0.2810791060790014
x_649,0.7572571998234563,0.07071187351868118
y_649,-1.230751872333756,0.08622536909710474
z_649,0.813832095944945,0.29154793325794026
x_650,0.682162277660371,0.0797912207004448
y_650,-1.1225598883915242,0.10428497197203805
z_650,0.9309326784317079,0.32316023938114297
x_651,0.5964961555326227,0.08686143429822565
y_651,-1.010847184935225,0.13589787409286153
z_651,1.0114746883097139,0.3582144575394297
x_652,1.0076663407616306,0.058208870603093314
y_652,-1.2588742968243665,0.14079637381683544
z_652,0.5505483350693269,0.2888961304137102
x_653,0.9548673316660753,0.06534697963476942
y_653,-1.1714425359315486,0.11047870595567763
z_653,0.7401527130978159,0.3060381083742255
x_654,0.8858135430361278,0.07329727919858253
y_654,-1.068310936458516,0.0799235275595302
z_654,0.871541769138546,0.34328317673308817
x_655,0.8019611590313808,0.08150245096806852
y_655,-0.9600807320291112,0.0743714259340851
z_655,0.9421765159205665,0.40406584593637823
x_656,0.7070228834301788,0.08854851701501243
y_656,-0.8568020723118766,0.10192586257081236
z_656,0.9857393795181588,0.4584893356452186
x_657,1.1812583151315599,0.05569869062175836
y_657,-1.1719403106412363,0.23765220609267404
z_657,0.4510749306844692,0.2700338720011467
x_658,1.14117587244498,0.06122952911239429
y_658,-1.0853712025324898,0.20423325176760243
z_658,0.661479609487194,0.2963793897285524
x_659,1.0809590929618356,0.06582648108829688
y_659,-0.98395483284757,0.1568374409753792
z_659,0.8227190680465284,0.3266904228737299
x_660,1.004155134022169,0.07142025226991035
y_660,-0.8782652549114858,0.10718735218533747
z_660,0.9078870304843516,0.3830700416683793
x_661,0.9124072169088896,0.07837023429630197
y_661,-0.7785808021527606,0.07170141961557928
z_661,0.9386726081813203,0.46280541142463655
x_662,0.8094521845257322,0.0851556174327037
y_662,-0.6901968844562739,0.07968227404519108
z_662,0.9595106689854844,0.5256942457971572
x_663,1.3279790585167786,0.052031472487856154
y_663,-1.070388042889258,0.32840732852816906
z_663,0.3570022677894492,0.24256447377229703
x_664,1.3065163293418907,0.05760094246814159
y_664,-0.9847377010325294,0.2996707233941279
z_664,0.587663356899874,0.27249410366045873
x_665,1.2597175282355506,0.06222662432113837
y_665,-0.8816704684648763,0.25171647799740776
z_665,0.779716837154638,0.29947139825675007
x_666,1.191715926738532,0.0650764904423053
y_666,-0.7738143681307084,0.1956480875868206
z_666,0.8996086212345432,0.33422582953539326
x_667,1.1073377317852222,0.06847361748974333
y_667,-0.6727186718699394,0.1374191286266432
z_667,0.9419790311296677,0.3995975207878385
x_668,1.0088485206008386,0.07294985134513046
y_668,-0.5862425786719058,0.08435881011784761
z_668,0.9481456585643652,0.4841276259414333
x_669,0.8999558736743014,0.0783659321998379
y_669,-0.5157271856343127,0.06692847428565062
z_669,0.9543628080977453,0.5448138140525343
x_670,1.441911790676906,0.05121026995930229
y_670,-0.954691753482045,0.394695024484208
z_670,0.2688978074861594,0.254354412380305
x_671,1.4413673287382287,0.05402254948629707
y_671,-0.8757261400647297,0.3730395054267233
z_671,0.5270926990726695,0.2706625305111973
x_672,1.4141268200401442,0.060745764369007416
y_672,-0.7755281810496033,0.32984630958635297
z_672,0.7533880189618662,0.29314850558227046
x_673,1.3587240861749141,0.06540640605545324
y_673,-0.6653963139332446,0.2765945368517514
z_673,0.9149636072482842,0.3114931317620939
x_674,1.2814996410687163,0.06723026959059446
y_674,-0.5585497779800517,0.22003750932185256
z_674,0.9884880701096248,0.3370923691864463
x_675,1.1897254993706463,0.06777216992432823
y_675,-0.46602560778917856,0.15977775254758997
z_675,0.993927396410744,0.3974724750466525
x_676,1.086573707371472,0.0684544456019579
y_676,-0.3944150900203029,0.10010454823472992
z_676,0.9773444732187412,0.47321364492886764
x_677,0.9747397269961254,0.07117654522578293
y_677,-0.3426285498761769,0.06459711188090053
z_677,0.9630016353419844,0.529353168623387
x_678,0.14452598871911082,0.07039625751134083
y_678,-1.5279622611460089,0.3517497410184384
z_678,0.7350492142856507,0.23074146314259386
x_679,0.15388942974791586,0.06763946067368282
y_679,-1.597579740178961,0.35756097329381337
z_679,0.5439580053794899,0.2294659171272803
x_680,0.32883537489407394,0.06913589153589837
y_680,-1.5434009808913585,0.2777788543303752
z_680,0.6091818860645636,0.22846725588480446
x_681,0.16379375054231182,0.06513910793567128
y_681,-1.6489599359732492,0.3704668124141092
z_681,0.31113092231071315,0.2272176894961799
x_682,0.3471367826703316,0.0656150460505132
y_682,-1.6080706425532367,0.27978852256336556
z_682,0.3896091677314692,0.22874910512374252
x_683,0.5201906643859147,0.06194750508026423
y_683,-1.537442793880462,0.18346473404758745
z_683,0.47118984172346473,0.24293337984402272
x_684,0.17372025144052092,0.06291105763195481
y_684,-1.6737927436242617,0.38924475349217386
z_684,0.05693751992499259,0.2393124242639352
x_685,0.36402004772081853,0.06211885480370019
y_685,-1.6508418794393271,0.2957018964217712
z_685,0.13045065321088423,0.23195078163460003
x_686,0.544867221469338,0.05771609896636822
y_686,-1.5943675774790758,0.18651011876461704
z_686,0.22565839230259768,0.2382253412284197
x_687,0.7128778993777282,0.053811071611130176
y_687,-1.505446718613965,0.10545983330765812
z_687,0.3343065360836573,0.25860315038694587
x_688,0.1809785400067629,0.06069364089646556
y_688,-1.6644540879161658,0.40606496918901924
z_688,-0.19330475461893906,0.2674042614783823
x_689,0.37682296036268675,0.058519109476607156
y_689,-1.6622272185818212,0.3214225046225232
z_689,-0.14305441100694058,0.25532112429831605
x_690,0.5645307773413359,0.0547068201363247
y_690,-1.6265628859706844,0.20663159750490026
z_690,-0.05613004250322377,0.24457006790505403
x_691,0.7392523115828955,0.050646289663507774
y_691,-1.550525459663619,0.1144616186333901
z_691,0.06899459021517655,0.25146753032918434
x_692,0.9003178892440492,0.05015996615497208
y_692,-1.446180525249291,0.09716376670373252
z_692,0.2057469428204845,0.26206673128625924
x_693,0.18241833145247288,0.05997216941498694
y_693,-1.6199117826350227,0.4134650701328879
z_693,-0.42046424618663764,0.2989945717988914
x_694,0.38093074341905314,0.05548526920533106
y_694,-1.6349075233719228,0.34658291560715426
z_694,-0.3990708553334171,0.29379264494935636
x_695,0.5743408236428331,0.053841346660681036
y_695,-1.6233243546768399,0.23660339330705688
z_695,-0.34309308485707674,0.2724491230158854
x_696,0.7545547753948773,0.05041809566611719
y_696,-1.5671357485965227,0.13521596486072823
z_696,-0.22652874374573617,0.2621181780459588
x_697,0.9215991658651743,0.049258462519416964
y_697,-1.474398582121115,0.09965453954570695
z_697,-0.07281305958492168,0.2528781753554861
x_698,1.0720675296204485,0.05005090373612067
y_698,-1.3618700198270643,0.16291874159074474
z_698,0.0804228310888287,0.24239763329481998
x_699,0.17737742087649788,0.06192926109899133
y_699,-1.5490312539238593,0.4109207140983393
z_699,-0.6137914922994324,0.32499019225144254
x_700,0.3738017389495937,0.05411547740339738
y_700,-1.5713052384671058,0.36248043145524866
z_700,-0.6129659853388153,0.33386518588548914
x_701,0.5697029752093218,0.05346536231115187
y_701,-1.578354581635007,0.26555148468571327
z_701,-0.5934579505623502,0.3120027248039259
x_702,0.7542259749448942,0.0527303961174919
y_702,-1.5445552539257468,0.16125457843769037
z_702,-0.511104790255697,0.29275498005285194
x_703,0.9254862157733695,0.052652234875632184
y_703,-1.4684823771114133,0.10038903770763923
z_703,-0.3687380519580835,0.2700030400827631
x_704,1.0817808272214915,0.054089712037616894
y_704,-1.3693665001956925,0.14808972345271443
z_704,-0.20673280209902462,0.23670718592111878
x_705,1.2167263964203718,0.05333626532789328
y_705,-1.25657622834685,0.2463660902566045
z_705,-0.04737015765504431,0.21617122214820259
x_706,0.16790397862398568,0.06526379066633867
y_706,-1.4650442568952797,0.4026368994995162
z_706,-0.7697667247025743,0.34142871273495284
x_707,0.35751113032129667,0.05456599593893652
y_707,-1.4844684007124047,0.36843550027260885
z_707,-0.7778085048976745,0.3638519502493516
x_708,0.5509068405211776,0.050918673145670425
y_708,-1.4984731448718436,0.2858926177875275
z_708,-0.7822763740908228,0.34753336726713724
x_709,0.7368582231143078,0.05244424351465639
y_709,-1.4814681386126567,0.18513492276481977
z_709,-0.7376087802875732,0.32583362138826666
x_710,0.9110018898143856,0.05689011051821062
y_710,-1.4227617703103925,0.10725389583872957
z_710,-0.6294473734935343,0.3036724626891968
x_711,1.0712914960165116,0.06298736599105399
y_711,-1.3387027941433813,0.1237352565005379
z_711,-0.4880253849716154,0.2627439397191317
x_712,1.2124394567077803,0.06398740808593396
y_712,-1.242848981723651,0.22099324050404384
z_712,-0.33698786106703127,0.2228887270147154
x_713,1.329719621129695,0.06029254305873707
y_713,-1.1326377115047164,0.3208319983097854
z_713,-0.17336917650376002,0.2218213642181247
x_714,-0.19953813143440505,0.06462633632745779
y_714,-1.5190856001207445,0.38141625171295607
z_714,0.8431170828608275,0.2651605288880527
x_715,-0.3854436827453681,0.0616055073448075
y_715,-1.5387618501083071,0.33731183422062844
z_715,0.8385820181354673,0.2539126442573632
x_716,-0.2083609379064714,0.0632545621020665
y_716,-1.5930013831693148,0.3891321678336916
z_716,0.6605639103824926,0.23920988936007923
x_717,-0.5719067413270262,0.05815272132393658
y_717,-1.5493178433602008,0.2599460331675073
z_717,0.8121768788762429,0.22979449297265542
x_718,-0.40014814782643043,0.06235502009858634
y_718,-1.6117464343527512,0.33475350607787885
z_718,0.6331171060677209,0.21681483889466496
x_719,-0.2120258438123537,0.06359225335555946
y_719,-1.6478418900497591,0.3927173019099542
z_719,0.4347385582523602,0.21175096466897678
x_720,-0.7465180865399771,0.05440331591593098
y_720,-1.5281550296469606,0.17189686985126695
z_720,0.7358990075859055,0.22156027832030606
x_721,-0.5881551107774974,0.05981481861729367
y_721,-1.6146318632092094,0.24329371506571495
z_721,0.5782964506353968,0.1992529426511391
x_722,-0.40489611040576906,0.06368025800881512
y_722,-1.6583659939786402,0.3216122748690875
z_722,0.38436179819597943,0.1844248532409699
x_723,-0.20897176524832103,0.06536568143651399
y_723,-1.6753664914242272,0.3895491815819953
z_723,0.18552271368997894,0.19714454424632405
x_724,-0.9050635582150496,0.05538899449737148
y_724,-1.4640392524738046,0.11699495254498782
z_724,0.6010013874313688,0.22416240088218634
x_725,-0.7617967297650567,0.053810282099812416
y_725,-1.5786758460904986,0.15062380658581487
z_725,0.47144110283053703,0.20525483074117765
x_726,-0.5907361301771724,0.05874458652549793
y_726,-1.645069440834771,0.21655726118621701
z_726,0.3029945373468189,0.18008529437860551
x_727,-0.39901855381194273,0.06467868137190592
y_727,-1.669722957612679,0.3024406274158017
z_727,0.11564048064554897,0.17008998985901363
x_728,-0.20104010531144076,0.06801339182405972
y_728,-1.6688126477112892,0.380957481634265
z_728,-0.06588733867907763,0.19766932904032408
x_729,-1.050569268750798,0.059119270576835886
y_729,-1.3734348826007308,0.15248958753324168
z_729,0.4325305581780076,0.21282022891453847
x_730,-0.9197554691127705,0.05013924657760118
y_730,-1.501245473542435,0.11563152663955698
z_730,0.31393618037389803,0.20988940425938182
x_731,-0.762488436613783,0.05035225704196005
y_731,-1.5907433492259344,0.12818509422817134
z_731,0.17460629665206887,0.19582294798158792
x_732,-0.580842141855321,0.0573309005788205
y_732,-1.6346393855480503,0.19482146272526896
z_732,0.015275790605132643,0.17733227861764234
x_733,-0.3863601609439508,0.06652410454459955
y_733,-1.6434742998227525,0.28653215271912874
z_733,-0.1501260752685976,0.17001740015336755
x_734,-0.19175076798223378,0.07093209834575748
y_734,-1.6289781775171646,0.36857507373859033
z_734,-0.30530433775137367,0.20153818900920636
x_735,-1.1839327238391186,0.05913819456185996
y_735,-1.275075237842199,0.231774526439431
z_735,0.25862054692770964,0.1945822005198468
x_736,-1.064197730873979,0.050867447844781366
y_736,-1.40231548686552,0.17020265319597164
z_736,0.13535551132228582,0.20553240203249407
x_737,-0.9191482317679948,0.04737058560332504
y_737,-1.502002151683685,0.11756303646071427
z_737,0.009356483736460239,0.21126098427594214
x_738,-0.7496803424727805,0.049888482634925777
y_738,-1.5633842951916321,0.11894643350016851
z_738,-0.12030225503283641,0.20487044404515145
x_739,-0.562934919971332,0.0585703840007449
y_739,-1.5892450051585023,0.18511741994217687
z_739,-0.2581256829757882,0.1890081222461041
x_740,-0.37097197190966935,0.06844470942905759
y_740,-1.5882732579656238,0.27550871551554906
z_740,-0.3967911764799708,0.17711899039680062
x_741,-0.18299340387181767,0.07330701835711016
y_741,-1.5656753075517023,0.35492263504604243
z_741,-0.5219335970276641,0.20649476256569294
x_742,-1.300600078509514,0.05740960779807005
y_742,-1.16960705677379,0.307523354210239
z_742,0.08693298649586444,0.19421919991872713
x_743,-1.1932097097369827,0.0530522216802197
y_743,-1.2944099957822517,0.25097929506858685
z_743,-0.039532204920887326,0.20805820088764884
x_744,-1.0593776147739415,0.05051967712003405
y_744,-1.3959897363774942,0.1827046730571482
z_744,-0.16486122772555645,0.2298074920649
x_745,-0.9022215221659899,0.049293464554741095
y_745,-1.4673919891791831,0.12160462860895736
z_745,-0.27897467972781054,0.23810867876614766
x_746,-0.726247217837095,0.05209019521945736
y_746,-1.5078144479265794,0.11677096006453101
z_746,-0.3878214774027883,0.22850443802494358
x_747,-0.5402113154638314,0.06057647271056257
y_747,-1.5235005392879502,0.18249356193435826
z_747,-0.501748658860878,0.20563920927582136
x_748,-0.3541938783938759,0.06987410696081953
y_748,-1.5173107247104343,0.26859403058038567
z_748,-0.6127807750456554,0.18472609989392033
x_749,-0.17463643534828033,0.07504577146979095
y_749,-1.4905116438248545,0.34267135679278043
z_749,-0.7060208286936479,0.21151472191746848
x_750,-1.4192409166935824,0.05902779866825036
y_750,-1.0086029235334768,0.3755940339348626
z_750,-0.34445068164870973,0.22790115870772717
x_751,-1.4217534093458828,0.06889770180366382
y_751,-0.9316687416329017,0.36773491597428415
z_751,-0.6079287178349895,0.24460002959893637
x_752,-1.307217289338437,0.06184013206829275
y_752,-1.1223378555932344,0.32946676349812754
z_752,-0.4632100434811095,0.25843221003468303
x_753,-1.396850081693631,0.08042222703316548
y_753,-0.8244616046127132,0.3375328227215138
z_753,-0.8378205737635794,0.24669553840119524
x_754,-1.2884970186729219,0.06883053800283145
y_754,-1.0340109162506281,0.3178162093926835
z_754,-0.7082769709363621,0.2840085639950059
x_755,-1.1659348990425715,0.06090222261781946
y_755,-1.2147393945883396,0.26389294458793633
z_755,-0.5778446600121634,0.2947545329142714
x_756,-1.3444163286202409,0.08791647651552406
y_756,-0.7045627745485997,0.29021051006223536
z_756,-1.0053354854777057,0.24593205791050265
x_757,-1.2456729204670736,0.07319277525057183
y_757,-0.9212191972119047,0.2798154110387911
z_757,-0.9071396308922863,0.28858579664722567
x_758,-1.1307271056000845,0.06271125975034765
y_758,-1.1215952234630457,0.24427848223100754
z_758,-0.8041595487218991,0.32133203748788397
x_759,-1.0045177801669114,0.05553161181015866
y_759,-1.2854760241017376,0.17940118021143037
z_759,-0.6747252535145808,0.30914442308555784
x_760,-1.2712897506790515,0.09000222550879575
y_760,-0.5932191242297856,0.2345508330019511
z_760,-1.111215425869691,0.26874701496778447
x_761,-1.1835157442699544,0.0754608417796766
y_761,-0.8047859113010284,0.2217229157601528
z_761,-1.0468854977063302,0.29885036940118653
x_762,-1.0773528711355795,0.06380425543543243
y_762,-1.0116794484616596,0.19731179380915265
z_762,-0.9824084710479379,0.3359848989149729
x_763,-0.9573046396036223,0.057035375411863425
y_763,-1.1923327524726666,0.15211671930240725
z_763,-0.8841887414044205,0.33494230459305924
x_764,-0.8279904341329184,0.054065658111230624
y_764,-1.333049627966218,0.10813732431988723
z_764,-0.7518566261047238,0.29699307716644724
x_765,-1.18499010480408,0.08751181463245954
y_765,-0.49941148198504987,0.1755059793224818
z_765,-1.1772628480756198,0.3295287017354438
x_766,-1.1062287974032983,0.07615803429105282
y_766,-0.7001919910284554,0.1575544141304311
z_766,-1.1427361323172838,0.3459377017747547
x_767,-1.0083690016690166,0.06632257668925097
y_767,-0.901052225109777,0.13603129217380414
z_767,-1.1112212941469617,0.37006678814763017
x_768,-0.8946369776713703,0.0608897704485617
y_768,-1.0864210901825473,0.10979546149303376
z_768,-1.051636607799052,0.3657604417036187
x_769,-0.770299067471095,0.05883958148939416
y_769,-1.240173256526032,0.09574087231776233
z_769,-0.9483356852487956,0.3221094450422615
x_770,-0.641487354147398,0.05950207486190407
y_770,-1.3592062402943574,0.12538660555660996
z_770,-0.825063095591761,0.26423056534982936
x_771,-1.089308088435249,0.08205695194009135
y_771,-0.4214880868364481,0.11539970169997972
z_771,-1.2184918638059212,0.4035560810267256
x_772,-1.0158474995993334,0.07509209722289235
y_772,-0.6096481578910484,0.09850554450916449
z_772,-1.212112677793685,0.41511357855526804
x_773,-0.924513231182805,0.06918162659559443
y_773,-0.7984869712986226,0.08181445990562758
z_773,-1.2051566737815589,0.4285699559104231
x_774,-0.8174286902148302,0.06594568885101244
y_774,-0.9776886895480741,0.07543538185630966
z_774,-1.1775370769674063,0.4139731885458638
x_775,-0.6995030584510105,0.06469969408007697
y_775,-1.135261267912223,0.09315132265054253
z_775,-1.1082432975683372,0.35675041644042094
x_776,-0.5769218677138512,0.06508790899002757
y_776,-1.264355359052204,0.13887799748066162
z_776,-1.006463251410419,0.28033630344361493
x_777,-0.4546163616670511,0.06752580730943389
y_777,-1.3648208269751425,0.19991226857305652
z_777,-0.8962061686164986,0.21754123444143325
x_778,-0.9865662007318262,0.07736791824302705
y_778,-0.3571630692631955,0.06636218792456175
z_778,-1.240092715520981,0.459818570728128
x_779,-0.9158720014621686,0.07445263934594702
y_779,-0.5300501533486845,0.059098666247552153
z_779,-1.2570196065382289,0.46757243649350194
x_780,-0.8294298258525016,0.07231329443487199
y_780,-0.7044811679250198,0.05996733997656523
z_780,-1.2703031115678847,0.4735691083992793
x_781,-0.7291550313552896,0.0710427655842862
y_781,-0.8723110588386543,0.0766764742202003
z_781,-1.2664739661353155,0.45304604917311214
x_782,-0.6189998046189319,0.07021501646748918
y_782,-1.0253998910487105,0.10910920271363606
z_782,-1.226381809213495,0.38752668723629935
x_783,-0.5041605098396771,0.07035804591807764
y_783,-1.1574985588858908,0.15749241348799814
z_783,-1.1486170821085908,0.297609668534042
x_784,-0.38867153032996554,0.07208562974724124
y_784,-1.265200542160676,0.21680674471517447
z_784,-1.050649118771048,0.22313240993080638
x_785,-0.2751693443339415,0.074831652345155
y_785,-1.3484577638997792,0.2778221394792018
z_785,-0.9492484941740332,0.19514928659116407
x_786,-0.7195440645261425,0.08191733255619782
y_786,-0.35947567196580865,0.10937519679993808
z_786,-1.2792682727256712,0.4957448759356965
x_787,-0.5350875228182388,0.08921667316494443
y_787,-0.39935725699756347,0.1675969034850367
z_787,-1.3102233429137198,0.4403048038794461
x_788,-0.6380324631209714,0.08299154896386532
y_788,-0.5083266347059325,0.12412897059170766
z_788,-1.313668339672547,0.47182182336518314
x_789,-0.33069567668230204,0.0916980907654344
y_789,-0.4160083180719013,0.22331643772473614
z_789,-1.3372245457642378,0.3174943474927305
x_790,-0.44261828157238975,0.0877933742493515
y_790,-0.536865823379714,0.18701615546497713
z_790,-1.3416234151342281,0.37998631980661857
x_791,-0.5452640931926087,0.08245030419144803
y_791,-0.6574785889093177,0.14578593634317613
z_791,-1.3399322211774733,0.4287687060221764
x_792,-0.1087394030595428,0.08697761052530231
y_792,-0.40534445202562236,0.26292414877467085
z_792,-1.3603566394252502,0.21085809716106407
x_793,-0.2279377071687005,0.08652643354454803
y_793,-0.539525099987839,0.24402495837229446
z_793,-1.3600508618194578,0.24982686253379774
x_794,-0.3411074429124922,0.08473062163085372
y_794,-0.6735838712356901,0.21317459469812153
z_794,-1.3548236054214169,0.30573427394562896
x_795,-0.4436461058747286,0.08068925339318717
y_795,-0.801003580415849,0.17512261760287665
z_795,-1.340632147431702,0.35791633957427865
x_796,0.12209618109752285,0.07620620455548954
y_796,-0.36468304703092963,0.2725655202720094
z_796,-1.3815761524098389,0.25548944271534935
x_797,0.003277817632071055,0.08001022791725877
y_797,-0.5134956663364634,0.27739876073457975
z_797,-1.3777799010207796,0.23122159905938025
x_798,-0.11772517710000163,0.08253257235965056
y_798,-0.6608485746988065,0.26931404951549837
z_798,-1.3563407942314427,0.22359739500084552
x_799,-0.23259815466929012,0.08261529170235173
y_799,-0.8027320234164724,0.24654504690235296
z_799,-1.3336118128249466,0.24048951439842672
x_800,-0.3361629500982564,0.07968291833677221
y_800,-0.9321706621025201,0.21428993360393295
z_800,-1.3020512249314022,0.2737000988739555
x_801,0.343981870068604,0.06012553151364406
y_801,-0.29642563113368553,0.24918773305429165
z_801,-1.3916522110850467,0.34279004456567785
x_802,0.23684742712704585,0.06823769009274568
y_802,-0.45932290953892313,0.27248651912394356
z_802,-1.4003937928303538,0.32282035836740613
x_803,0.11902989289370804,0.07601962954265669
y_803,-0.619239687587877,0.29043957070709586
z_803,-1.3681130016292715,0.2891246658758684
x_804,-0.00298353446027356,0.0813230739109706
y_804,-0.7736673713212554,0.29568023988518427
z_804,-1.3203882715216952,0.2504396650187145
x_805,-0.1199996340803384,0.08288985430459259
y_805,-0.9180149270881957,0.28500810512233926
z_805,-1.277036359552685,0.22460521832303598
x_806,-0.22583973976191818,0.0805726756774482
y_806,-1.046071418974295,0.2620582718031796
z_806,-1.2297614944257342,0.22127369750735093
x_807,0.5419672849983957,0.04420641374296373
y_807,-0.2135496282842353,0.20283342084547518
z_807,-1.3695184871620836,0.38929980232324174
x_808,0.45226963143501403,0.0506733917253141
y_808,-0.38601590539625885,0.23269104306376048
z_808,-1.4085557809371902,0.39335252697617273
x_809,0.3491011315490191,0.06169605603507436
y_809,-0.5573073465992455,0.26635335112528163
z_809,-1.3958720282874224,0.3767857315489806
x_810,0.23352305148720512,0.0725351247325138
y_810,-0.7218275552714997,0.2971212014988942
z_810,-1.3369032275589192,0.3411538073117493
x_811,0.11156826599398023,0.08008041097171643
y_811,-0.8768974277754521,0.317511880394896
z_811,-1.2664656936650796,0.2998596024699831
x_812,-0.007135315226406016,0.08302009115837021
y_812,-1.0183481490148905,0.32164901909159127
z_812,-1.2047436918723267,0.26305442544084184
x_813,-0.11545405247057125,0.08165963830178508
y_813,-1.1413924184000461,0.31025906116271734
z_813,-1.1443643621080548,0.2319755843469962
x_814,0.7122048310969433,0.045273231915867525
y_814,-0.1313209944743259,0.14802079342536487
z_814,-1.3055262432456194,0.385550739385065
x_815,0.6393112128423704,0.03973808640103698
y_815,-0.30716984171027406,0.17447731206115383
z_815,-1.3734079651673259,0.4126244744493439
x_816,0.5536347512035967,0.043112430067664125
y_816,-0.4869652080758355,0.2107465822483333
z_816,-1.4047008601199593,0.42308234708016795
x_817,0.45399905090712517,0.054432252674743095
y_817,-0.6612415221186776,0.25248865953734456
z_817,-1.375245712184741,0.40592154161617966
x_818,0.3408825584250066,0.06629314982741662
y_818,-0.8243936561150481,0.29477530318020534
z_818,-1.300376879687341,0.3754660359619662
x_819,0.2202089265837044,0.07490340156160523
y_819,-0.9738049618425635,0.32959127863260773
z_819,-1.2147080178541008,0.3475539896459783
x_820,0.10144928849443595,0.07943564331293679
y_820,-1.106721462842325,0.34852229792001405
z_820,-1.1368207160549373,0.3175226614868077
x_821,-0.008251927395664932,0.08014437798116344
y_821,-1.2205396425158703,0.34975772792897075
z_821,-1.0627636723714233,0.27889933662055955
x_822,0.2701161036596965,0.06359858554118664
y_822,-1.2889148220645787,0.3698480486396931
z_822,-0.9965708814872467,0.37911724092040755
x_823,0.3906752298841869,0.05620660548503451
y_823,-1.1781729084561225,0.3281227672010875
z_823,-1.1022744830729136,0.39256111968186175
x_824,0.4599735751020944,0.049470702279128746
y_824,-1.2922655389060542,0.31789817516282
z_824,-1.0181050174445274,0.38761697960409736
x_825,0.5133113177552671,0.04765900572053237
y_825,-1.0433455382290369,0.2708713296946171
z_825,-1.205121814116275,0.3972638539545147
x_826,0.5855948001427485,0.04225743053366443
y_826,-1.1649877533117445,0.2529603242268148
z_826,-1.1214221584806778,0.3849378534210824
x_827,0.6508830998858403,0.043183378342990124
y_827,-1.284282041187031,0.23068930237824098
z_827,-1.0171499403573694,0.36527322830988035
x_828,0.6305734082478672,0.04041629982362938
y_828,-0.8837643607503821,0.20925389447665815
z_828,-1.2914613430222865,0.4090435037170978
x_829,0.7079241460537886,0.039441872423230676
y_829,-1.0050822271734097,0.1841579402544361
z_829,-1.2018276352109112,0.38919124538268524
x_830,0.7769452565786369,0.04486847701836619
y_830,-1.1275177535534393,0.1611420517511861
z_830,-1.0839778827251705,0.36237143727911847
x_831,0.8356492160104371,0.05154888594277848
y_831,-1.2444778014720004,0.13921726454953562
z_831,-0.9582585983115153,0.3421645013517133
x_832,0.7352575124283451,0.039215064083600794
y_832,-0.7020628905271432,0.15354635829769916
z_832,-1.3359154502564157,0.4220582425946512
x_833,0.8200745070786938,0.04578931497321693
y_833,-0.816599592097175,0.12244592897772581
z_833,-1.2470980733460117,0.39626501745493864
x_834,0.8956824292684117,0.05615383028305278
y_834,-0.9360155520160405,0.10111940051549138
z_834,-1.1202919569715513,0.36096157987218414
x_835,0.960239261951568,0.0654475799129475
y_835,-1.0581797144728458,0.09301409838589376
z_835,-0.9882751981445548,0.33082645079689127
x_836,1.010413137552084,0.07035671687014948
y_836,-1.1753914642342855,0.09388081285627352
z_836,-0.8612086026995608,0.3136623954169438
x_837,0.8239934511305733,0.04983156269199518
y_837,-0.5051913950756909,0.10860326520437952
z_837,-1.3188116269826475,0.40943075816953295
x_838,0.9162444861613134,0.0612913945988262
y_838,-0.6083480813989262,0.07668558497179626
z_838,-1.2421257601763531,0.38047572273242986
x_839,0.9998039951740395,0.07273449576318634
y_839,-0.721445001562298,0.06789287488388246
z_839,-1.1279607095022377,0.3385344660500614
x_840,1.0721446087187854,0.08199691744697793
y_840,-0.8457376321644926,0.0903706328853658
z_840,-1.0035745014555788,0.2990643535481163
x_841,1.1300650937408334,0.08675418218222399
y_841,-0.97626685734422,0.12353125501597634
z_841,-0.8915826434039821,0.2768999633106885
x_842,1.1692734281565855,0.08475050473333219
y_842,-1.0973585923985991,0.15600757162976467
z_842,-0.7654216846791948,0.2652715465695783
x_843,0.8969067206175544,0.06632941772838215
y_843,-0.30445999234351184,0.0814264045559495
z_843,-1.2502079966603519,0.3635286795513928
x_844,0.9940236490703218,0.08038091326650175
y_844,-0.392468687526997,0.065139428186673
z_844,-1.1870249639733217,0.3291400647584227
x_845,1.0840466550336647,0.091560790189745
y_845,-0.49514092236970936,0.08517560301164671
z_845,-1.0995351756084266,0.28336040450244754
x_846,1.1637565158190895,0.09843844494619247
y_846,-0.6167508489346745,0.12597912284293286
z_846,-1.0006927803692038,0.2406943479393125
x_847,1.2305330302073683,0.10107402701602478
y_847,-0.7550557360423071,0.17295800984841062
z_847,-0.9100522009930457,0.22422827453350366
x_848,1.2789432583073945,0.09829101228511206
y_848,-0.893925413632891,0.21979051409744865
z_848,-0.8105207557485735,0.22961391395258407
x_849,1.305659019145628,0.0888893440808534
y_849,-1.013272588090755,0.2599140914379183
z_849,-0.6601778455750175,0.23533311640211352
x_850,0.9548995666487453,0.08126777183169981
y_850,-0.11130582524791204,0.08245113623666134
z_850,-1.1655795923302874,0.3076038298267347
x_851,1.0536565887790248,0.09699084780179733
y_851,-0.181714963807499,0.0896634702048319
z_851,-1.1091144496611958,0.2624148333207562
x_852,1.1473229486140306,0.10903100487286925
y_852,-0.2693543073567941,0.12291345495663188
z_852,-1.0430081233975943,0.2137766178458025
x_853,1.2322533959758517,0.11537945028894163
y_853,-0.38004624889461913,0.16730869479233973
z_853,-0.9690896640409234,0.18288780611352592
x_854,1.3067362636559876,0.1163665677899279
y_854,-0.5154835230058349,0.2160933697822271
z_854,-0.8972046461038542,0.19693459327387916
x_855,1.3656495331417444,0.11292712159668317
y_855,-0.6624683792838589,0.26743008222528886
z_855,-0.8192154120331608,0.23115167886916907
x_856,1.402529004389329,0.10374472456819352
y_856,-0.7997572628525449,0.3161898522891796
z_856,-0.6972657627590185,0.2574603376440176
x_857,1.4171202109795262,0.08878036888253277
y_857,-0.9117780198987395,0.35322979504618895
z_857,-0.5102955750131585,0.2672520395568198
x_858,-1.544505623762875,0.08294348510444573
y_858,1.40536565528635,0.4010025422304426
z_858,-0.3235984753618887,0.5216904727471553
x_859,-1.5353839976916346,0.07178641557053249
y_859,1.2013835943840439,0.381642580650733
z_859,-0.5644194089995943,0.4982307242427382
x_860,-1.5964441037943666,0.08215297214898198
y_860,1.1675791711018575,0.41891661754116816
z_860,-0.3416661195361515,0.5346859321381598
x_861,-1.5151128983173716,0.07011821235723488
y_861,0.9602613084603038,0.34398527496312836
z_861,-0.7611342340968436,0.44171857699442235
x_862,-1.5909353590267201,0.06608390282941075
y_862,0.9384162010495997,0.394128482181765
z_862,-0.6016454386067093,0.4996943719144599
x_863,-1.6407803750973469,0.07403891502735743
y_863,0.865430913677337,0.41584302276039653
z_863,-0.3682826305766616,0.49975348154652294
x_864,-1.4842564715419841,0.0800349609645788
y_864,0.7160329740059074,0.2974885812313138
z_864,-0.9159559002588334,0.36668558527424006
x_865,-1.5752596081371921,0.07613763540161568
y_865,0.6940541101164727,0.35511503611544937
z_865,-0.8370307084624432,0.4484588678935729
x_866,-1.6450586461153516,0.06681442119478176
y_866,0.6309719268744473,0.3898474657306213
z_866,-0.6585245303875383,0.4628553485677346
x_867,-1.6762249720520808,0.0638644313507145
y_867,0.5255160591323115,0.40215787392627184
z_867,-0.40544276059708045,0.4496499781740973
x_868,-1.4357042365709947,0.09126010822503144
y_868,0.4895012004410644,0.2510276843683857
z_868,-1.034969558591928,0.27893187388452745
x_869,-1.54030805334209,0.09584528921301821
y_869,0.46129894453251213,0.31386275104112527
z_869,-1.0335354418964438,0.38091851913330393
x_870,-1.6319311541439352,0.09165861859843387
y_870,0.39933085455710937,0.35826232166227995
z_870,-0.934452453979344,0.42426260206737904
x_871,-1.6854566723659845,0.07674729123928968
y_871,0.30045714057322975,0.38442721513352357
z_871,-0.7197296176206042,0.42055658310007404
x_872,-1.691553208683266,0.06300632302267015
y_872,0.18142931732792222,0.39712378634890105
z_872,-0.4348333779602792,0.39963382156353927
x_873,-1.363344732769108,0.09571514537334232
y_873,0.28680249732061036,0.2049431987951424
z_873,-1.11762110788625,0.2372345144113792
x_874,-1.4750256275183218,0.10644902119111986
y_874,0.24956474598906794,0.27321524345257064
z_874,-1.1617424627065813,0.29083072093598644
x_875,-1.5825151716909207,0.1113213267725803
y_875,0.18454853128997328,0.32587743613583886
z_875,-1.141795599177255,0.3599102423769895
x_876,-1.6627849493157547,0.1032729743160407
y_876,0.08791398201313691,0.3628669491485981
z_876,-1.0012022661312088,0.3841223550479534
x_877,-1.6929335103733751,0.0835382273584827
y_877,-0.029133981299309972,0.3898231577572376
z_877,-0.7427408657725452,0.3723978355964914
x_878,-1.677326087353236,0.06672621955670796
y_878,-0.14019269645171595,0.4079059711518374
z_878,-0.4308210158835039,0.3443914913360661
x_879,-1.268761669300775,0.09290779573959321
y_879,0.1069628964349448,0.1576992043322346
z_879,-1.1662728529952304,0.30671927458828296
x_880,-1.3801521581933336,0.10553844972485939
y_880,0.0625158339904272,0.22886009931001902
z_880,-1.2124298797227373,0.25968811536017117
x_881,-1.490776209948095,0.1151306290913319
y_881,-0.006097607102314467,0.28872403153991044
z_881,-1.2326995050970508,0.2794901329746128
x_882,-1.5889438143626287,0.11574616905657763
y_882,-0.10089556610912846,0.3336438322262951
z_882,-1.1684353167925914,0.31867143268418713
x_883,-1.6498879587256778,0.10265664704546422
y_883,-0.2168657525470139,0.3703639475387801
z_883,-0.9834436279585774,0.3281081151495193
x_884,-1.6611973922373893,0.0805664887562138
y_884,-0.3327463473523841,0.40180518647255486
z_884,-0.7000635706168439,0.31334190764201436
x_885,-1.6354457563905302,0.06710983549691993
y_885,-0.42692036589801813,0.4212630636767622
z_885,-0.3828034602468875,0.2902535991643669
x_886,-1.1586441478797238,0.08618347340837758
y_886,-0.052899815158884256,0.11106220454624077
z_886,-1.1946679226621932,0.3947439069508223
x_887,-1.2664395890385451,0.09757733521544983
y_887,-0.10000547766240397,0.17834182823649497
z_887,-1.217950743385859,0.32466354710005574
x_888,-1.371463832972202,0.10784144990401813
y_888,-0.16815476036481727,0.24250358406852554
z_888,-1.2329817917041181,0.2692510586059333
x_889,-1.4714414317886901,0.11303923012703616
y_889,-0.2581395324498761,0.29413410197212086
z_889,-1.2051222338451575,0.26055594999610227
x_890,-1.5523828629631762,0.10855862149483889
y_890,-0.36902595856053905,0.3371865551001633
z_890,-1.0954533275468814,0.2710313863208161
x_891,-1.5961767743600996,0.09251956902928272
y_891,-0.4885838461118951,0.3767747460587732
z_891,-0.8872285997539552,0.26912638508512715
x_892,-1.599038759420653,0.07253527510511797
y_892,-0.59444782264655,0.40821010100931515
z_892,-0.6068994277163167,0.26052586640878966
x_893,-1.5730734087322036,0.06389659697019436
y_893,-0.6728272403619406,0.4218860550203649
z_893,-0.30620345871643373,0.24876862229296132
x_894,-1.5522742768766415,0.11703884750028898
y_894,1.5064303134359287,0.4077773434984943
z_894,0.2293560042538047,0.5093850447375537
x_895,-1.6004797719165678,0.13501505259850774
y_895,1.2719491417893778,0.41800332642537996
z_895,0.2151293767579121,0.5206872034942569
x_896,-1.5428102377754196,0.14362069566416863
y_896,1.3951927903610737,0.3930747348940391
z_896,0.5091340165594592,0.4938524696769174
x_897,-1.629680700271278,0.1381029449922794
y_897,0.9646942708661357,0.413736982673623
z_897,0.18854979409682984,0.4973921702776582
x_898,-1.583426021950463,0.16304216824887982
y_898,1.1327155859643092,0.3949233848802389
z_898,0.48125943015706774,0.48729679836239964
x_899,-1.5034926984471904,0.16532770542775946
y_899,1.223786177582491,0.36336134032477313
z_899,0.7183518941487667,0.4648680558679234
x_900,-1.6435832107734696,0.11799358186050411
y_900,0.6137126147294615,0.3993376850844702
z_900,0.1500563304459174,0.44616235903577317
x_901,-1.6030112064354352,0.16013100131754363
y_901,0.8107714600412058,0.388380369171835
z_901,0.4369243545611701,0.4502645514969494
x_902,-1.5354050519318498,0.17913406715378433
y_902,0.9519868901258678,0.3619179960062517
z_902,0.6791817246587228,0.4335298600398701
x_903,-1.4345613882254182,0.1770997246907886
y_903,1.0287627424756725,0.3266992189303154
z_903,0.8303475644137415,0.40994142239345077
x_904,-1.640594665841053,0.09422997008571551
y_904,0.2640549100584541,0.38830316044808766
z_904,0.11550932594896864,0.3766836381744886
x_905,-1.6041032870984695,0.13619457218982903
y_905,0.46355115748159337,0.3756412201237116
z_905,0.3792662418773117,0.38474437916798343
x_906,-1.5454836119991247,0.1700468305223684
y_906,0.6380028081266272,0.35565163119583393
z_906,0.6236697977278499,0.37960718669264043
x_907,-1.4566885252796837,0.18283841410371265
y_907,0.7635630952261597,0.3244119046414836
z_907,0.7973716117891797,0.35832581505704547
x_908,-1.343756078040677,0.17963838786181296
y_908,0.835256666758271,0.2870760768043193
z_908,0.890382748491405,0.3353028750894168
x_909,-1.6182005532521613,0.08850811552743575
y_909,-0.05701984316562947,0.39161286482579044
z_909,0.10896043577523935,0.30951776806038284
x_910,-1.5861273089650627,0.1168887638979252
y_910,0.1290218146258907,0.36624226886706535
z_910,0.33821969537662666,0.3115448040757523
x_911,-1.5347180278293975,0.14888754035693896
y_911,0.3100935032270431,0.3426659517329861
z_911,0.5567342552980717,0.31267531953248906
x_912,-1.457400108820121,0.17151944899861937
y_912,0.4648067903849314,0.3155921323061116
z_912,0.7460217416492799,0.30023103268148627
x_913,-1.3573035688304529,0.17841199619201728
y_913,0.5767799097264166,0.2813579184969688
z_913,0.871997086957933,0.2788303015963116
x_914,-1.2458662437566235,0.17288041948179816
y_914,0.6407986897096041,0.24259700503581433
z_914,0.956596538992526,0.27304620427720433
x_915,-1.579078344075255,0.09152782130934188
y_915,-0.34855960264688635,0.39988020243357464
z_915,0.13990187287748712,0.2660738540911084
x_916,-1.5514465701932016,0.11241022366618988
y_916,-0.18058820572780876,0.36509807799112104
z_916,0.3449963468594629,0.2619310862153092
x_917,-1.5058562107316853,0.13466517435292413
y_917,-0.0070415363808752985,0.3294948958988324
z_917,0.5241824413600888,0.2576039009419791
x_918,-1.4381963679194423,0.15491273678059045
y_918,0.15539375583973514,0.29832564888186486
z_918,0.6896514840100775,0.24540108677331315
x_919,-1.3516978978544516,0.16630326397773765
y_919,0.2898665194697205,0.26593187632439147
z_919,0.8328965548979873,0.22482036453660176
x_920,-1.253801925734421,0.16585609038838345
y_920,0.38594034277705996,0.22942110039840843
z_920,0.9421668113806762,0.21931099535423793
x_921,-1.1516770889958166,0.15509369969876488
y_921,0.4431053024825381,0.19071630018435845
z_921,1.040550781365554,0.2409123477529576
x_922,-1.5263961397048158,0.08769049560246496
y_922,-0.6079445000173601,0.39725637300026223
z_922,0.191543829339956,0.24126020919863833
x_923,-1.5044892844753814,0.10742403601422484
y_923,-0.46376940485516904,0.3627477582962147
z_923,0.3913530448995761,0.23949050089534862
x_924,-1.4648429833064371,0.12520932730526094
y_924,-0.3040915580084643,0.31967661879275083
z_924,0.5512144623854819,0.22825212648031049
x_925,-1.4052236103310793,0.14036880243849945
y_925,-0.14362503241291424,0.27966750568943655
z_925,0.681036533849865,0.2061930277857525
x_926,-1.3296035151384529,0.15068743016544955
y_926,0.0003267946117248825,0.24385304064115812
z_926,0.8030988237288454,0.17800617454269502
x_927,-1.2449356527958253,0.15233588040328988
y_927,0.11499861163808478,0.20736845800680612
z_927,0.9211548621156449,0.16828328213743415
x_928,-1.1545811485417437,0.1446340552802522
y_928,0.198593375207711,0.1700594347363672
z_928,1.0292103964654775,0.18944214351653574
x_929,-1.060874724140305,0.12937380240308227
y_929,0.2554325152321307,0.13570246713474743
z_929,1.1326390974912226,0.22850002753951748
x_930,-1.3939343260246155,0.1061658364423112
y_930,1.725245765537724,0.3595442771376843
z_930,0.46207946281539153,0.4223804884548855
x_931,-1.3743186784584023,0.1246580226863138
y_931,1.6273487056398357,0.3570390008624969
z_931,0.7510482134248149,0.4622294161524041
x_932,-1.2708963379433287,0.11256055198592481
y_932,1.730601789647552,0.32491837522276784
z_932,0.6956729551232576,0.39971392538292017
x_933,-1.3305143440826752,0.1395567396721434
y_933,1.4591452396888698,0.333813301697429
z_933,0.9374126830692776,0.4903141215840864
x_934,-1.2401655574969732,0.12611142930955008
y_934,1.6133051266509533,0.3205629618908362
z_934,0.9648979831291106,0.4714588082671775
x_935,-1.1284876309106981,0.10772117144248211
y_935,1.6693456046600375,0.2728189884596747
z_935,0.9011903918883235,0.38695741851492865
x_936,-1.2642651049998699,0.14958938674110395
y_936,1.2524846472915465,0.29341090818766125
z_936,1.0060133546918824,0.4771192010266765
x_937,-1.1909216445858966,0.1328232187526901
y_937,1.4268480044328176,0.29105266956863657
z_937,1.1111095744121176,0.5202137378410012
x_938,-1.0940171919154724,0.1144114026020548
y_938,1.5324396206495787,0.2614488748972712
z_938,1.140191508821045,0.47274732186837637
x_939,-0.9813075110167127,0.0873310170004309
y_939,1.5435048208506763,0.2007257116140244
z_939,1.045623401641548,0.3592934642111549
x_940,-1.1823998528883832,0.15431558536497472
y_940,1.0375833892312896,0.24455485170178545
z_940,1.046849817353445,0.42992875398747676
x_941,-1.123913566572188,0.1349600342332795
y_941,1.203579872790262,0.24118235578329097
z_941,1.1752782725116633,0.5234603959724357
x_942,-1.044253736702772,0.11429635597210058
y_942,1.3324564378593164,0.22527865272551345
z_942,1.2775729164009542,0.5369465541043199
x_943,-0.9437792742870378,0.09025083259511654
y_943,1.3898694524415505,0.18484318459782514
z_943,1.258796084272933,0.44439191814732965
x_944,-0.830562837544432,0.06613363618310186
y_944,1.3779862025338088,0.14072559917128855
z_944,1.1282791210905114,0.31950920160819274
x_945,-1.0962118250219377,0.14899589650235606
y_945,0.8248134291255346,0.19505122292732538
z_945,1.136805719731484,0.39590362517075195
x_946,-1.0449756446297314,0.13134290883111152
y_946,0.9739379711636247,0.18604111557568362
z_946,1.2617772870311432,0.5111132156237036
x_947,-0.9774142645281415,0.10977767558222865
y_947,1.1032265880232275,0.17599857304801741
z_947,1.3855538513023469,0.5765801644890932
x_948,-0.8891752180783885,0.08816028652043828
y_948,1.190697972240152,0.15905293997632083
z_948,1.413295024936525,0.5303539880566209
x_949,-0.7838331792804636,0.06860142119417947
y_949,1.219840481121009,0.14240806462285038
z_949,1.3200499868423927,0.4039837117979034
x_950,-0.6719271665951894,0.05417898208955964
y_950,1.2013464207161193,0.15240903621336857
z_950,1.1603452374903611,0.28039971735831515
x_951,-1.0128243355600555,0.1304230641932242
y_951,0.6186368736238786,0.14958199502866712
z_951,1.2462943139799771,0.38194561580041875
x_952,-0.9633490663235503,0.1170479183249859
y_952,0.7548130464275093,0.14107376056881665
z_952,1.3788742178968818,0.5057289024387579
x_953,-0.9001042786853142,0.09861000257513128
y_953,0.876410460786402,0.13618412755244078
z_953,1.5101350426040034,0.60395948388058
x_954,-0.8188261873926238,0.08038012642632748
y_954,0.9762752054122169,0.13952912552443358
z_954,1.5538018507477414,0.6044448379317573
x_955,-0.7210276821993705,0.06496662658670377
y_955,1.0359202184376264,0.15129564685552216
z_955,1.472951727659898,0.4995611239202343
x_956,-0.6150520764806398,0.052579672420150075
y_956,1.0471465779124707,0.17709748606578865
z_956,1.313806430135215,0.349853475756623
x_957,-0.5083956398864783,0.04835903576080072
y_957,1.0188596824768419,0.21668326604526406
z_957,1.1279574732555493,0.23179273614479287
x_958,-0.930402286296193,0.1035156204157288
y_958,0.42758222008705976,0.11489774955549546
z_958,1.3206062987287313,0.35974037490682764
x_959,-0.8822855985499194,0.09311836343093569
y_959,0.5541579197628951,0.11724099034442388
z_959,1.4519009403317042,0.47806607181165806
x_960,-0.8207084109511164,0.07931897184886799
y_960,0.6680744327828453,0.12413516191381474
z_960,1.5907991138015238,0.5913965592491881
x_961,-0.742564221857207,0.06583857205003742
y_961,0.7685431603608106,0.14131444033826823
z_961,1.6524470074432376,0.6294352867625173
x_962,-0.6496521024570776,0.05458774705993378
y_962,0.8433084763092257,0.16778265092209987
z_962,1.5836370153870098,0.558820063004241
x_963,-0.5492770628658832,0.04621664681255645
y_963,0.876862550221842,0.2022559136591185
z_963,1.4181489366509803,0.412815421697838
x_964,-0.4474304001427138,0.04862380733686683
y_964,0.8691650740077648,0.2416144256855753
z_964,1.2215946390515,0.2646729089538744
x_965,-0.34490368149182243,0.06718957609061676
y_965,0.8347456032576819,0.28124640487492775
z_965,1.0229200609564058,0.22496908048987632
x_966,-0.2998113959209884,0.06528298323466897
y_966,-1.344414348577489,0.3391746842016135
z_966,1.0913838391032835,0.29822391077831223
x_967,-0.41711958468123717,0.060710900368892644
y_967,-1.2269445855639978,0.28948568326304713
z_967,1.196897391748882,0.30172684697756164
x_968,-0.4849710926698819,0.05812515906720641
y_968,-1.3511499862413727,0.27954715160718074
z_968,1.1153877291208698,0.28936007861455065
x_969,-0.5360337026186917,0.05260896614194113
y_969,-1.0804267435084902,0.23136784291098103
z_969,1.2994594946477163,0.2973985104032379
x_970,-0.6060103276294041,0.050666124061132176
y_970,-1.2163747611846574,0.21648707540466594
z_970,1.2255361484461795,0.2878252504691114
x_971,-0.6681248099565187,0.05028883737796742
y_971,-1.3448085102445828,0.20200801325691498
z_971,1.10838137472433,0.2664288807844401
x_972,-0.6485526213178614,0.0433956926213294
y_972,-0.9083345009828957,0.1752208028611423
z_972,1.4025799945831856,0.30689389746476076
x_973,-0.7223151691833567,0.04366601234671198
y_973,-1.0443081266649452,0.15490960325202802
z_973,1.3190180504537101,0.29532789399496573
x_974,-0.7866594444196406,0.04714000523741748
y_974,-1.1829166537671498,0.13994626923629203
z_974,1.197824729847572,0.27810622547033403
x_975,-0.8391335165246968,0.05228662343693469
y_975,-1.3050526190118463,0.12674855001755428
z_975,1.0375332256293321,0.2541181138102837
x_976,-0.7454918505641643,0.04176860120480496
y_976,-0.7173196423183852,0.12773389376713332
z_976,1.477543650372603,0.33025227177104893
x_977,-0.8252380100295276,0.046229360047927694
y_977,-0.8430041634541758,0.10388161716226622
z_977,1.382051599505224,0.3157014075769583
x_978,-0.8952629594169572,0.05449604953884424
y_978,-0.9801674748876572,0.09291764387407558
z_978,1.2505262821534977,0.3005771941336865
x_979,-0.9526206544589096,0.0632734463984083
y_979,-1.1147236018463778,0.09657919941819858
z_979,1.0926358937181708,0.2752170558640923
x_980,-0.995266961394204,0.06844863813631276
y_980,-1.2297406554833834,0.10951365173327453
z_980,0.9075107172065031,0.2468902063380483
x_981,-0.823283650338847,0.05388190074255261
y_981,-0.5150227957388511,0.08946808464700337
z_981,1.4767271899683765,0.3315795928826276
x_982,-0.9084293310618338,0.06208458916503986
y_982,-0.6256078683782493,0.06991588950082267
z_982,1.3813239181971697,0.3159371509552186
x_983,-0.9855993763328115,0.07065088759175722
y_983,-0.7517947758308637,0.0760646314532728
z_983,1.2498654698040672,0.30020385902889474
x_984,-1.0518710405642502,0.07821664769904962
y_984,-0.8901241237438879,0.10625679602360409
z_984,1.104151826021304,0.2798997448492496
x_985,-1.1033761589160467,0.08215886041511403
y_985,-1.0248370915157694,0.1429752247998803
z_985,0.9437478085511413,0.24869362640078754
x_986,-1.1381377588388286,0.07970774163930532
y_986,-1.1392434838826808,0.17669637025103704
z_986,0.7534973984434631,0.22287544142710639
x_987,-0.8849214943511108,0.07147677149585457
y_987,-0.3084022786003346,0.0651354961865679
z_987,1.3985250048305604,0.29638880740253903
x_988,-0.9727705197163694,0.0830342252948174
y_988,-0.4035736967582068,0.06212101165937117
z_988,1.3092691859986705,0.27549100680721905
x_989,-1.0543965805998727,0.0914588907652856
y_989,-0.5140667224452712,0.08998640248746956
z_989,1.1878617239424902,0.2546645778010715
x_990,-1.1285789779210202,0.09541924123316436
y_990,-0.6452924906809103,0.1319082283029586
z_990,1.0618973681006563,0.23844044243283616
x_991,-1.191768770220256,0.09515506610946753
y_991,-0.7905055143046557,0.17791965199919071
z_991,0.9369753585579614,0.22102199890571853
x_992,-1.2382481059717407,0.09061061070457369
y_992,-0.9291486374474603,0.22201921040274042
z_992,0.7867534890477487,0.2049082890313748
x_993,-1.266277699302379,0.08087901917885902
y_993,-1.0447273679526616,0.2579028208009815
z_993,0.593220283712974,0.19724179209325832
x_994,-0.9335196351040762,0.08797520792590699
y_994,-0.1038088358638529,0.06774723801601734
z_994,1.299460104337936,0.25336190293803473
x_995,-1.0220953215284043,0.10249918156571809
y_995,-0.18308896210481687,0.08162970694646321
z_995,1.2123630617772965,0.2201592074556096
x_996,-1.105498659763521,0.11276694593955902
y_996,-0.2774460186224956,0.11621658852297671
z_996,1.1005210354796038,0.1896566701277779
x_997,-1.183291753423749,0.11630581752861902
y_997,-0.3935797765542261,0.15820277062761975
z_997,0.9859583793981093,0.17363996628436118
x_998,-1.2546699307256264,0.11299354297827688
y_998,-0.5341594446622698,0.20273147195320154
z_998,0.884004274919835,0.17628480356534565
x_999,-1.3134683269565088,0.1053634619830114
y_999,-0.6850123433898633,0.2492616297808335
z_999,0.7737384401429211,0.18731297337103733
x_1000,-1.3535528975733546,0.09407740903189953
y_1000,-0.8247599510368024,0.29355242383479446
z_1000,0.6211935483135559,0.1984299142614466
x_1001,-1.3748211355196622,0.07947732883098572
y_1001,-0.9402818673410559,0.3272983149297591
z_1001,0.4214527027265995,0.20165993845561994
