round,TP,TN,FP,FN,Accuracy,BalancedAccuracy,Sensitivity_Class0,Specificity_Class0,F1_Class0,Sensitivity_Class1,Specificity_Class1,F1_Class1,F1_macro,AUC
1,17,40,1,15,0.7808219178082192,0.7534298780487805,0.975609756097561,0.53125,0.8333333333333334,0.53125,0.975609756097561,0.68,0.7566666666666667,0.8323170731707317
2,20,46,6,1,0.9041095890410958,0.9184981684981685,0.8846153846153846,0.9523809523809523,0.9292929292929293,0.9523809523809523,0.8846153846153846,0.851063829787234,0.8901783795400817,0.9441391941391941
3,22,35,9,7,0.7808219178082192,0.7770376175548589,0.7954545454545454,0.7586206896551724,0.813953488372093,0.7586206896551724,0.7954545454545454,0.7333333333333333,0.7736434108527132,0.8424764890282131
4,12,37,10,14,0.6712328767123288,0.6243862520458265,0.7872340425531915,0.46153846153846156,0.7551020408163265,0.46153846153846156,0.7872340425531915,0.5,0.6275510204081632,0.7438625204582652
5,22,34,10,7,0.7671232876712328,0.7656739811912225,0.7727272727272727,0.7586206896551724,0.8,0.7586206896551724,0.7727272727272727,0.7213114754098361,0.7606557377049181,0.7954545454545454
6,18,41,8,6,0.8082191780821918,0.7933673469387755,0.8367346938775511,0.75,0.8541666666666666,0.75,0.8367346938775511,0.72,0.7870833333333334,0.9013605442176871
7,17,40,9,7,0.7808219178082192,0.7623299319727892,0.8163265306122449,0.7083333333333334,0.8333333333333334,0.7083333333333334,0.8163265306122449,0.68,0.7566666666666667,0.8477891156462585
8,15,38,12,8,0.726027397260274,0.7060869565217391,0.76,0.6521739130434783,0.7916666666666666,0.6521739130434783,0.76,0.6,0.6958333333333333,0.7826086956521738
9,22,33,9,9,0.7534246575342466,0.7476958525345623,0.7857142857142857,0.7096774193548387,0.7857142857142857,0.7096774193548387,0.7857142857142857,0.7096774193548387,0.7476958525345623,0.7864823348694316
10,13,40,10,10,0.726027397260274,0.682608695652174,0.8,0.5652173913043478,0.8,0.5652173913043478,0.8,0.5652173913043478,0.682608695652174,0.7643478260869565
11,20,40,8,5,0.821917808219178,0.8166666666666667,0.8333333333333334,0.8,0.8602150537634409,0.8,0.8333333333333334,0.7547169811320755,0.8074660174477581,0.8891666666666667
12,19,41,5,8,0.821917808219178,0.7975040257648953,0.8913043478260869,0.7037037037037037,0.8631578947368421,0.7037037037037037,0.8913043478260869,0.7450980392156863,0.8041279669762642,0.8373590982286634
13,15,41,12,5,0.7671232876712328,0.7617924528301887,0.7735849056603774,0.75,0.8282828282828283,0.75,0.7735849056603774,0.6382978723404256,0.7332903503116269,0.8443396226415094
14,28,33,7,5,0.8356164383561644,0.8367424242424242,0.825,0.8484848484848485,0.8461538461538461,0.8484848484848485,0.825,0.8235294117647058,0.8348416289592759,0.8628787878787879
15,12,42,13,6,0.7397260273972602,0.7151515151515151,0.7636363636363637,0.6666666666666666,0.8155339805825242,0.6666666666666666,0.7636363636363637,0.5581395348837209,0.6868367577331226,0.8333333333333334
16,20,36,11,6,0.7671232876712328,0.76759410801964,0.7659574468085106,0.7692307692307693,0.8089887640449438,0.7692307692307693,0.7659574468085106,0.7017543859649122,0.755371575004928,0.8396072013093289
17,19,39,9,6,0.7945205479452054,0.78625,0.8125,0.76,0.8387096774193549,0.76,0.8125,0.7169811320754716,0.7778454047474133,0.8283333333333334
18,21,33,9,10,0.7397260273972602,0.7315668202764977,0.7857142857142857,0.6774193548387096,0.7764705882352941,0.6774193548387096,0.7857142857142857,0.6885245901639344,0.7324975891996143,0.8087557603686636
19,14,38,11,10,0.7123287671232876,0.679421768707483,0.7755102040816326,0.5833333333333334,0.7835051546391752,0.5833333333333334,0.7755102040816326,0.5714285714285714,0.6774668630338734,0.782312925170068
20,11,38,11,13,0.6712328767123288,0.6169217687074829,0.7755102040816326,0.4583333333333333,0.76,0.4583333333333333,0.7755102040816326,0.4782608695652174,0.6191304347826088,0.7321428571428572
21,14,43,10,6,0.7808219178082192,0.7556603773584906,0.8113207547169812,0.7,0.8431372549019608,0.7,0.8113207547169812,0.6363636363636364,0.7397504456327986,0.8349056603773585
22,13,42,11,7,0.7534246575342466,0.7212264150943397,0.7924528301886793,0.65,0.8235294117647058,0.65,0.7924528301886793,0.5909090909090909,0.7072192513368984,0.7830188679245282
23,16,32,14,11,0.6575342465753424,0.644122383252818,0.6956521739130435,0.5925925925925926,0.7191011235955056,0.5925925925925926,0.6956521739130435,0.5614035087719298,0.6402523161837177,0.7318840579710145
24,20,38,9,6,0.7945205479452054,0.7888707037643208,0.8085106382978723,0.7692307692307693,0.8351648351648352,0.7692307692307693,0.8085106382978723,0.7272727272727273,0.7812187812187812,0.8805237315875614
25,13,49,3,8,0.8493150684931506,0.7806776556776557,0.9423076923076923,0.6190476190476191,0.8990825688073395,0.6190476190476191,0.9423076923076923,0.7027027027027027,0.8008926357550211,0.8434065934065934
26,18,46,5,4,0.8767123287671232,0.8600713012477719,0.9019607843137255,0.8181818181818182,0.9108910891089109,0.8181818181818182,0.9019607843137255,0.8,0.8554455445544555,0.8832442067736186
27,18,38,13,4,0.7671232876712328,0.7816399286987523,0.7450980392156863,0.8181818181818182,0.8172043010752689,0.8181818181818182,0.7450980392156863,0.6792452830188679,0.7482247920470684,0.8181818181818182
28,20,41,5,7,0.8356164383561644,0.8160225442834138,0.8913043478260869,0.7407407407407407,0.8723404255319149,0.7407407407407407,0.8913043478260869,0.7692307692307693,0.820785597381342,0.8913043478260869
29,18,37,10,8,0.7534246575342466,0.739770867430442,0.7872340425531915,0.6923076923076923,0.8043478260869565,0.6923076923076923,0.7872340425531915,0.6666666666666666,0.7355072463768115,0.8306055646481179
30,10,50,9,4,0.821917808219178,0.7808716707021792,0.847457627118644,0.7142857142857143,0.8849557522123894,0.7142857142857143,0.847457627118644,0.6060606060606061,0.7455081791364977,0.8280871670702179
31,16,38,10,9,0.7397260273972602,0.7158333333333333,0.7916666666666666,0.64,0.8,0.64,0.7916666666666666,0.6274509803921569,0.7137254901960784,0.8325
32,19,38,5,11,0.7808219178082192,0.7585271317829457,0.8837209302325582,0.6333333333333333,0.8260869565217391,0.6333333333333333,0.8837209302325582,0.7037037037037037,0.7648953301127215,0.8465116279069768
33,22,35,8,8,0.7808219178082192,0.7736434108527132,0.813953488372093,0.7333333333333333,0.813953488372093,0.7333333333333333,0.813953488372093,0.7333333333333333,0.7736434108527132,0.872093023255814
34,12,46,9,6,0.7945205479452054,0.7515151515151515,0.8363636363636363,0.6666666666666666,0.8598130841121495,0.6666666666666666,0.8363636363636363,0.6153846153846154,0.7375988497483825,0.8272727272727273
35,21,40,9,3,0.8356164383561644,0.8456632653061225,0.8163265306122449,0.875,0.8695652173913043,0.875,0.8163265306122449,0.7777777777777778,0.8236714975845411,0.8852040816326531
36,20,38,5,10,0.7945205479452054,0.7751937984496124,0.8837209302325582,0.6666666666666666,0.8351648351648352,0.6666666666666666,0.8837209302325582,0.7272727272727273,0.7812187812187812,0.8813953488372094
37,17,33,14,9,0.684931506849315,0.677986906710311,0.7021276595744681,0.6538461538461539,0.7415730337078652,0.6538461538461539,0.7021276595744681,0.5964912280701754,0.6690321308890204,0.7356792144026187
38,18,46,3,6,0.8767123287671232,0.8443877551020409,0.9387755102040817,0.75,0.9108910891089109,0.75,0.9387755102040817,0.8,0.8554455445544555,0.9141156462585034
39,19,37,9,8,0.7671232876712328,0.7540257648953301,0.8043478260869565,0.7037037037037037,0.8131868131868132,0.7037037037037037,0.8043478260869565,0.6909090909090909,0.752047952047952,0.8003220611916264
40,17,37,8,11,0.7397260273972602,0.7146825396825396,0.8222222222222222,0.6071428571428571,0.7956989247311828,0.6071428571428571,0.8222222222222222,0.6415094339622641,0.7186041793467235,0.8571428571428572
41,15,41,9,8,0.7671232876712328,0.7360869565217392,0.82,0.6521739130434783,0.8282828282828283,0.6521739130434783,0.82,0.6382978723404256,0.7332903503116269,0.7747826086956522
42,18,40,8,7,0.7945205479452054,0.7766666666666666,0.8333333333333334,0.72,0.8421052631578947,0.72,0.8333333333333334,0.7058823529411765,0.7739938080495357,0.8541666666666666
43,9,45,8,11,0.7397260273972602,0.6495283018867924,0.8490566037735849,0.45,0.8256880733944955,0.45,0.8490566037735849,0.4864864864864865,0.656087279940491,0.8056603773584906
44,19,36,10,8,0.7534246575342466,0.7431561996779388,0.782608695652174,0.7037037037037037,0.8,0.7037037037037037,0.782608695652174,0.6785714285714286,0.7392857142857143,0.8357487922705313
45,17,40,10,6,0.7808219178082192,0.7695652173913043,0.8,0.7391304347826086,0.8333333333333334,0.7391304347826086,0.8,0.68,0.7566666666666667,0.8382608695652174
46,21,38,5,9,0.8082191780821918,0.791860465116279,0.8837209302325582,0.7,0.8444444444444444,0.7,0.8837209302325582,0.75,0.7972222222222223,0.9007751937984496
47,27,35,7,4,0.8493150684931506,0.8521505376344086,0.8333333333333334,0.8709677419354839,0.8641975308641975,0.8709677419354839,0.8333333333333334,0.8307692307692308,0.8474833808167141,0.8786482334869432
48,23,32,11,7,0.7534246575342466,0.7554263565891473,0.7441860465116279,0.7666666666666667,0.7804878048780488,0.7666666666666667,0.7441860465116279,0.71875,0.7496189024390244,0.8573643410852714
49,22,37,8,6,0.8082191780821918,0.803968253968254,0.8222222222222222,0.7857142857142857,0.8409090909090909,0.7857142857142857,0.8222222222222222,0.7586206896551724,0.7997648902821317,0.8825396825396824
50,17,37,7,12,0.7397260273972602,0.7135579937304075,0.8409090909090909,0.5862068965517241,0.7956989247311828,0.5862068965517241,0.8409090909090909,0.6415094339622641,0.7186041793467235,0.8252351097178683
51,17,39,11,6,0.7671232876712328,0.7595652173913043,0.78,0.7391304347826086,0.8210526315789474,0.7391304347826086,0.78,0.6666666666666666,0.743859649122807,0.7860869565217391
52,19,38,7,9,0.7808219178082192,0.7615079365079365,0.8444444444444444,0.6785714285714286,0.8260869565217391,0.6785714285714286,0.8444444444444444,0.7037037037037037,0.7648953301127215,0.8658730158730159
53,24,32,6,11,0.7671232876712328,0.7639097744360902,0.8421052631578947,0.6857142857142857,0.7901234567901234,0.6857142857142857,0.8421052631578947,0.7384615384615385,0.764292497625831,0.8526315789473684
54,11,40,9,13,0.6986301369863014,0.6373299319727891,0.8163265306122449,0.4583333333333333,0.7843137254901961,0.4583333333333333,0.8163265306122449,0.5,0.642156862745098,0.7746598639455782
55,17,33,13,10,0.684931506849315,0.6735104669887279,0.717391304347826,0.6296296296296297,0.7415730337078652,0.6296296296296297,0.717391304347826,0.5964912280701754,0.6690321308890204,0.7681159420289855
56,16,37,7,13,0.726027397260274,0.6963166144200628,0.8409090909090909,0.5517241379310345,0.7872340425531915,0.5517241379310345,0.8409090909090909,0.6153846153846154,0.7013093289689034,0.853448275862069
57,18,37,7,11,0.7534246575342466,0.7307993730407524,0.8409090909090909,0.6206896551724138,0.8043478260869565,0.6206896551724138,0.8409090909090909,0.6666666666666666,0.7355072463768115,0.8103448275862069
58,23,35,11,4,0.7945205479452054,0.8063607085346216,0.7608695652173914,0.8518518518518519,0.8235294117647058,0.8518518518518519,0.7608695652173914,0.7540983606557377,0.7888138862102217,0.8429951690821256
59,21,31,11,10,0.7123287671232876,0.7077572964669738,0.7380952380952381,0.6774193548387096,0.7469879518072289,0.6774193548387096,0.7380952380952381,0.6666666666666666,0.7068273092369477,0.8026113671274961
60,25,29,6,13,0.7397260273972602,0.743233082706767,0.8285714285714286,0.6578947368421053,0.7532467532467533,0.6578947368421053,0.8285714285714286,0.7246376811594203,0.7389422172030868,0.7992481203007519
61,13,40,12,8,0.726027397260274,0.6941391941391941,0.7692307692307693,0.6190476190476191,0.8,0.6190476190476191,0.7692307692307693,0.5652173913043478,0.682608695652174,0.76007326007326
62,20,41,9,3,0.8356164383561644,0.8447826086956521,0.82,0.8695652173913043,0.8723404255319149,0.8695652173913043,0.82,0.7692307692307693,0.820785597381342,0.8930434782608696
63,16,39,11,7,0.7534246575342466,0.7378260869565217,0.78,0.6956521739130435,0.8125,0.6956521739130435,0.78,0.64,0.7262500000000001,0.8217391304347826
64,17,39,10,7,0.7671232876712328,0.752125850340136,0.7959183673469388,0.7083333333333334,0.8210526315789474,0.7083333333333334,0.7959183673469388,0.6666666666666666,0.743859649122807,0.8596938775510204
65,15,42,7,9,0.7808219178082192,0.7410714285714286,0.8571428571428571,0.625,0.84,0.625,0.8571428571428571,0.6521739130434783,0.7460869565217392,0.8554421768707483
66,19,34,13,7,0.726027397260274,0.7270867430441899,0.723404255319149,0.7307692307692307,0.7727272727272727,0.7307692307692307,0.723404255319149,0.6551724137931034,0.7139498432601881,0.8166939443535189
67,16,34,14,9,0.684931506849315,0.6741666666666667,0.7083333333333334,0.64,0.7472527472527473,0.64,0.7083333333333334,0.5818181818181818,0.6645354645354645,0.7891666666666667
68,10,39,12,12,0.6712328767123288,0.6096256684491979,0.7647058823529411,0.45454545454545453,0.7647058823529411,0.45454545454545453,0.7647058823529411,0.45454545454545453,0.6096256684491979,0.7192513368983957
69,19,46,6,2,0.8904109589041096,0.8946886446886446,0.8846153846153846,0.9047619047619048,0.92,0.9047619047619048,0.8846153846153846,0.8260869565217391,0.8730434782608696,0.9432234432234432
70,18,36,11,8,0.7397260273972602,0.7291325695581015,0.7659574468085106,0.6923076923076923,0.7912087912087912,0.6923076923076923,0.7659574468085106,0.6545454545454545,0.7228771228771229,0.7855973813420623
71,16,38,12,7,0.7397260273972602,0.7278260869565217,0.76,0.6956521739130435,0.8,0.6956521739130435,0.76,0.6274509803921569,0.7137254901960784,0.751304347826087
72,14,45,8,6,0.8082191780821918,0.7745283018867924,0.8490566037735849,0.7,0.8653846153846154,0.7,0.8490566037735849,0.6666666666666666,0.766025641025641,0.8330188679245283
73,24,30,10,9,0.7397260273972602,0.7386363636363636,0.75,0.7272727272727273,0.759493670886076,0.7272727272727273,0.75,0.7164179104477612,0.7379557906669185,0.75
74,15,35,10,13,0.684931506849315,0.6567460317460317,0.7777777777777778,0.5357142857142857,0.7526881720430108,0.5357142857142857,0.7777777777777778,0.5660377358490566,0.6593629539460337,0.7619047619047619
75,26,33,5,9,0.8082191780821918,0.8056390977443609,0.868421052631579,0.7428571428571429,0.825,0.7428571428571429,0.868421052631579,0.7878787878787878,0.8064393939393939,0.8556390977443609
76,20,32,10,11,0.7123287671232876,0.7035330261136712,0.7619047619047619,0.6451612903225806,0.7529411764705882,0.6451612903225806,0.7619047619047619,0.6557377049180327,0.7043394406943104,0.7749615975422427
77,17,40,7,9,0.7808219178082192,0.752454991816694,0.851063829787234,0.6538461538461539,0.8333333333333334,0.6538461538461539,0.851063829787234,0.68,0.7566666666666667,0.8445171849427169
78,20,35,13,5,0.7534246575342466,0.7645833333333334,0.7291666666666666,0.8,0.7954545454545454,0.8,0.7291666666666666,0.6896551724137931,0.7425548589341693,0.8083333333333332
79,19,38,8,8,0.7808219178082192,0.7648953301127215,0.8260869565217391,0.7037037037037037,0.8260869565217391,0.7037037037037037,0.8260869565217391,0.7037037037037037,0.7648953301127215,0.8655394524959743
80,16,40,12,5,0.7671232876712328,0.7655677655677655,0.7692307692307693,0.7619047619047619,0.8247422680412371,0.7619047619047619,0.7692307692307693,0.6530612244897959,0.7389017462655165,0.8406593406593407
81,16,47,3,7,0.863013698630137,0.8178260869565217,0.94,0.6956521739130435,0.9038461538461539,0.6956521739130435,0.94,0.7619047619047619,0.8328754578754578,0.8947826086956522
82,14,37,8,14,0.6986301369863014,0.6611111111111111,0.8222222222222222,0.5,0.7708333333333334,0.5,0.8222222222222222,0.56,0.6654166666666668,0.8023809523809524
83,26,36,7,4,0.8493150684931506,0.8519379844961241,0.8372093023255814,0.8666666666666667,0.8674698795180723,0.8666666666666667,0.8372093023255814,0.8253968253968254,0.8464333524574488,0.8829457364341085
84,27,30,10,6,0.7808219178082192,0.7840909090909092,0.75,0.8181818181818182,0.7894736842105263,0.8181818181818182,0.75,0.7714285714285715,0.780451127819549,0.8393939393939394
85,22,41,8,2,0.863013698630137,0.8767006802721089,0.8367346938775511,0.9166666666666666,0.8913043478260869,0.9166666666666666,0.8367346938775511,0.8148148148148148,0.8530595813204509,0.8818027210884354
86,21,33,11,8,0.7397260273972602,0.7370689655172413,0.75,0.7241379310344828,0.7764705882352941,0.7241379310344828,0.75,0.6885245901639344,0.7324975891996143,0.8244514106583073
87,23,34,10,6,0.7808219178082192,0.7829153605015674,0.7727272727272727,0.7931034482758621,0.8095238095238095,0.7931034482758621,0.7727272727272727,0.7419354838709677,0.7757296466973886,0.8824451410658307
88,17,36,7,13,0.726027397260274,0.701937984496124,0.8372093023255814,0.5666666666666667,0.782608695652174,0.5666666666666667,0.8372093023255814,0.6296296296296297,0.7061191626409018,0.8364341085271317
89,20,37,11,5,0.7808219178082192,0.7854166666666667,0.7708333333333334,0.8,0.8222222222222222,0.8,0.7708333333333334,0.7142857142857143,0.7682539682539682,0.8441666666666667
90,23,34,7,9,0.7808219178082192,0.7740091463414633,0.8292682926829268,0.71875,0.8095238095238095,0.71875,0.8292682926829268,0.7419354838709677,0.7757296466973886,0.8612804878048781
91,21,38,8,6,0.8082191780821918,0.8019323671497585,0.8260869565217391,0.7777777777777778,0.8444444444444444,0.7777777777777778,0.8260869565217391,0.75,0.7972222222222223,0.8880837359098229
92,21,37,9,6,0.7945205479452054,0.7910628019323671,0.8043478260869565,0.7777777777777778,0.8314606741573034,0.7777777777777778,0.8043478260869565,0.7368421052631579,0.7841513897102306,0.8478260869565216
93,14,46,7,6,0.821917808219178,0.7839622641509434,0.8679245283018868,0.7,0.8761904761904762,0.7,0.8679245283018868,0.6829268292682927,0.7795586527293845,0.8481132075471698
94,20,37,8,8,0.7808219178082192,0.7682539682539682,0.8222222222222222,0.7142857142857143,0.8222222222222222,0.7142857142857143,0.8222222222222222,0.7142857142857143,0.7682539682539682,0.8555555555555555
95,16,37,11,9,0.726027397260274,0.7054166666666667,0.7708333333333334,0.64,0.7872340425531915,0.64,0.7708333333333334,0.6153846153846154,0.7013093289689034,0.7816666666666666
96,13,36,15,9,0.6712328767123288,0.6483957219251337,0.7058823529411765,0.5909090909090909,0.75,0.5909090909090909,0.7058823529411765,0.52,0.635,0.7629233511586453
97,14,41,8,10,0.7534246575342466,0.7100340136054422,0.8367346938775511,0.5833333333333334,0.82,0.5833333333333334,0.8367346938775511,0.6086956521739131,0.7143478260869565,0.7874149659863946
98,18,45,7,3,0.863013698630137,0.8612637362637363,0.8653846153846154,0.8571428571428571,0.9,0.8571428571428571,0.8653846153846154,0.782608695652174,0.841304347826087,0.9194139194139194
99,13,40,11,9,0.726027397260274,0.6876114081996435,0.7843137254901961,0.5909090909090909,0.8,0.5909090909090909,0.7843137254901961,0.5652173913043478,0.682608695652174,0.78698752228164
100,19,31,15,8,0.684931506849315,0.6888083735909822,0.6739130434782609,0.7037037037037037,0.7294117647058823,0.7037037037037037,0.6739130434782609,0.6229508196721312,0.6761812921890067,0.7818035426731079
101,13,36,14,10,0.6712328767123288,0.6426086956521739,0.72,0.5652173913043478,0.75,0.5652173913043478,0.72,0.52,0.635,0.7582608695652174
102,24,33,10,6,0.7808219178082192,0.7837209302325582,0.7674418604651163,0.8,0.8048780487804879,0.8,0.7674418604651163,0.75,0.7774390243902439,0.8550387596899224
103,22,38,9,4,0.821917808219178,0.8273322422258592,0.8085106382978723,0.8461538461538461,0.8539325842696629,0.8461538461538461,0.8085106382978723,0.7719298245614035,0.8129312044155332,0.8854337152209493
104,22,30,14,7,0.7123287671232876,0.7202194357366771,0.6818181818181818,0.7586206896551724,0.7407407407407407,0.7586206896551724,0.6818181818181818,0.676923076923077,0.7088319088319088,0.8032915360501567
105,13,44,9,7,0.7808219178082192,0.7400943396226416,0.8301886792452831,0.65,0.8461538461538461,0.65,0.8301886792452831,0.6190476190476191,0.7326007326007327,0.8056603773584906
106,21,33,8,11,0.7397260273972602,0.7305640243902439,0.8048780487804879,0.65625,0.7764705882352941,0.65625,0.8048780487804879,0.6885245901639344,0.7324975891996143,0.7957317073170731
107,12,40,10,11,0.7123287671232876,0.6608695652173913,0.8,0.5217391304347826,0.7920792079207921,0.5217391304347826,0.8,0.5333333333333333,0.6627062706270628,0.7869565217391304
108,20,34,10,9,0.7397260273972602,0.7311912225705329,0.7727272727272727,0.6896551724137931,0.7816091954022989,0.6896551724137931,0.7727272727272727,0.6779661016949152,0.729787648548607,0.8134796238244514
109,20,41,8,4,0.8356164383561644,0.8350340136054422,0.8367346938775511,0.8333333333333334,0.8723404255319149,0.8333333333333334,0.8367346938775511,0.7692307692307693,0.820785597381342,0.9166666666666667
110,27,31,8,7,0.7945205479452054,0.7944947209653092,0.7948717948717948,0.7941176470588235,0.8051948051948052,0.7941176470588235,0.7948717948717948,0.782608695652174,0.7939017504234895,0.8717948717948718
111,19,41,9,4,0.821917808219178,0.8230434782608695,0.82,0.8260869565217391,0.8631578947368421,0.8260869565217391,0.82,0.7450980392156863,0.8041279669762642,0.8539130434782608
112,25,38,4,6,0.863013698630137,0.8556067588325653,0.9047619047619048,0.8064516129032258,0.8837209302325582,0.8064516129032258,0.9047619047619048,0.8333333333333334,0.8585271317829457,0.9047619047619048
113,21,37,7,8,0.7945205479452054,0.7825235109717869,0.8409090909090909,0.7241379310344828,0.8314606741573034,0.7241379310344828,0.8409090909090909,0.7368421052631579,0.7841513897102306,0.8793103448275862
114,19,39,9,6,0.7945205479452054,0.78625,0.8125,0.76,0.8387096774193549,0.76,0.8125,0.7169811320754716,0.7778454047474133,0.86
115,18,26,13,16,0.6027397260273972,0.5980392156862745,0.6666666666666666,0.5294117647058824,0.6419753086419753,0.5294117647058824,0.6666666666666666,0.5538461538461539,0.5979107312440646,0.6689291101055806
116,9,37,15,12,0.6301369863013698,0.570054945054945,0.7115384615384616,0.42857142857142855,0.7326732673267327,0.42857142857142855,0.7115384615384616,0.4,0.5663366336633664,0.7115384615384616
117,22,32,8,11,0.7397260273972602,0.7333333333333334,0.8,0.6666666666666666,0.7710843373493976,0.6666666666666666,0.8,0.6984126984126984,0.734748517881048,0.8159090909090909
118,23,34,9,7,0.7808219178082192,0.7786821705426357,0.7906976744186046,0.7666666666666667,0.8095238095238095,0.7666666666666667,0.7906976744186046,0.7419354838709677,0.7757296466973886,0.8480620155038759
119,16,43,7,7,0.8082191780821918,0.7778260869565217,0.86,0.6956521739130435,0.86,0.6956521739130435,0.86,0.6956521739130435,0.7778260869565217,0.8895652173913043
120,17,36,7,13,0.726027397260274,0.701937984496124,0.8372093023255814,0.5666666666666667,0.782608695652174,0.5666666666666667,0.8372093023255814,0.6296296296296297,0.7061191626409018,0.8046511627906977
121,15,40,10,8,0.7534246575342466,0.7260869565217392,0.8,0.6521739130434783,0.8163265306122449,0.6521739130434783,0.8,0.625,0.7206632653061225,0.8260869565217391
122,22,34,5,12,0.7671232876712328,0.7594268476621417,0.8717948717948718,0.6470588235294118,0.8,0.6470588235294118,0.8717948717948718,0.7213114754098361,0.7606557377049181,0.8212669683257918
123,17,37,10,9,0.7397260273972602,0.7205400981996727,0.7872340425531915,0.6538461538461539,0.7956989247311828,0.6538461538461539,0.7872340425531915,0.6415094339622641,0.7186041793467235,0.760229132569558
124,14,45,8,6,0.8082191780821918,0.7745283018867924,0.8490566037735849,0.7,0.8653846153846154,0.7,0.8490566037735849,0.6666666666666666,0.766025641025641,0.8226415094339623
125,19,41,8,5,0.821917808219178,0.8142006802721089,0.8367346938775511,0.7916666666666666,0.8631578947368421,0.7916666666666666,0.8367346938775511,0.7450980392156863,0.8041279669762642,0.8877551020408163
126,14,41,10,8,0.7534246575342466,0.7201426024955437,0.803921568627451,0.6363636363636364,0.82,0.6363636363636364,0.803921568627451,0.6086956521739131,0.7143478260869565,0.8306595365418895
127,30,30,7,6,0.821917808219178,0.8220720720720721,0.8108108108108109,0.8333333333333334,0.821917808219178,0.8333333333333334,0.8108108108108109,0.821917808219178,0.821917808219178,0.8626126126126126
128,28,33,4,8,0.8356164383561644,0.8348348348348349,0.8918918918918919,0.7777777777777778,0.8461538461538461,0.7777777777777778,0.8918918918918919,0.8235294117647058,0.8348416289592759,0.8836336336336337
129,17,31,14,11,0.6575342465753424,0.6480158730158729,0.6888888888888889,0.6071428571428571,0.7126436781609196,0.6071428571428571,0.6888888888888889,0.576271186440678,0.6444574323007988,0.7571428571428571
130,13,36,10,14,0.6712328767123288,0.6320450885668277,0.782608695652174,0.48148148148148145,0.75,0.48148148148148145,0.782608695652174,0.52,0.635,0.7930756843800322
131,21,37,8,7,0.7945205479452054,0.7861111111111111,0.8222222222222222,0.75,0.8314606741573034,0.75,0.8222222222222222,0.7368421052631579,0.7841513897102306,0.8738095238095238
132,17,40,8,8,0.7808219178082192,0.7566666666666667,0.8333333333333334,0.68,0.8333333333333334,0.68,0.8333333333333334,0.68,0.7566666666666667,0.8200000000000001
133,15,43,6,9,0.7945205479452054,0.7512755102040816,0.8775510204081632,0.625,0.8514851485148515,0.625,0.8775510204081632,0.6666666666666666,0.759075907590759,0.8554421768707483
134,19,37,10,7,0.7671232876712328,0.7590016366612111,0.7872340425531915,0.7307692307692307,0.8131868131868132,0.7307692307692307,0.7872340425531915,0.6909090909090909,0.752047952047952,0.8412438625204582
135,20,38,9,6,0.7945205479452054,0.7888707037643208,0.8085106382978723,0.7692307692307693,0.8351648351648352,0.7692307692307693,0.8085106382978723,0.7272727272727273,0.7812187812187812,0.88379705400982
136,15,43,8,7,0.7945205479452054,0.7624777183600713,0.8431372549019608,0.6818181818181818,0.8514851485148515,0.6818181818181818,0.8431372549019608,0.6666666666666666,0.759075907590759,0.8279857397504456
137,16,38,9,10,0.7397260273972602,0.7119476268412439,0.8085106382978723,0.6153846153846154,0.8,0.6153846153846154,0.8085106382978723,0.6274509803921569,0.7137254901960784,0.8224222585924714
138,13,38,13,9,0.6986301369863014,0.6680035650623886,0.7450980392156863,0.5909090909090909,0.7755102040816326,0.5909090909090909,0.7450980392156863,0.5416666666666666,0.6585884353741496,0.7647058823529411
139,16,45,7,5,0.8356164383561644,0.8136446886446886,0.8653846153846154,0.7619047619047619,0.8823529411764706,0.7619047619047619,0.8653846153846154,0.7272727272727273,0.8048128342245989,0.8562271062271063
140,13,38,10,12,0.6986301369863014,0.6558333333333333,0.7916666666666666,0.52,0.7755102040816326,0.52,0.7916666666666666,0.5416666666666666,0.6585884353741496,0.7708333333333334
141,19,34,12,8,0.726027397260274,0.7214170692431562,0.7391304347826086,0.7037037037037037,0.7727272727272727,0.7037037037037037,0.7391304347826086,0.6551724137931034,0.7139498432601881,0.8148148148148149
142,18,39,5,11,0.7808219178082192,0.7535266457680251,0.8863636363636364,0.6206896551724138,0.8297872340425532,0.6206896551724138,0.8863636363636364,0.6923076923076923,0.7610474631751227,0.8526645768025078
143,20,38,7,8,0.7945205479452054,0.7793650793650794,0.8444444444444444,0.7142857142857143,0.8351648351648352,0.7142857142857143,0.8444444444444444,0.7272727272727273,0.7812187812187812,0.8261904761904761
144,19,40,8,6,0.8082191780821918,0.7966666666666666,0.8333333333333334,0.76,0.851063829787234,0.76,0.8333333333333334,0.7307692307692307,0.7909165302782324,0.8700000000000001
145,11,45,9,8,0.7671232876712328,0.7061403508771931,0.8333333333333334,0.5789473684210527,0.8411214953271028,0.5789473684210527,0.8333333333333334,0.5641025641025641,0.7026120297148335,0.8304093567251462
146,19,37,7,10,0.7671232876712328,0.7480407523510972,0.8409090909090909,0.6551724137931034,0.8131868131868132,0.6551724137931034,0.8409090909090909,0.6909090909090909,0.752047952047952,0.8683385579937304
147,21,33,8,11,0.7397260273972602,0.7305640243902439,0.8048780487804879,0.65625,0.7764705882352941,0.65625,0.8048780487804879,0.6885245901639344,0.7324975891996143,0.8147865853658537
148,15,36,7,15,0.6986301369863014,0.6686046511627908,0.8372093023255814,0.5,0.7659574468085106,0.5,0.8372093023255814,0.5769230769230769,0.6714402618657938,0.827906976744186
149,15,39,8,11,0.7397260273972602,0.703355155482815,0.8297872340425532,0.5769230769230769,0.8041237113402062,0.5769230769230769,0.8297872340425532,0.6122448979591837,0.708184304649695,0.8076923076923077
150,21,39,5,8,0.821917808219178,0.8052507836990596,0.8863636363636364,0.7241379310344828,0.8571428571428571,0.7241379310344828,0.8863636363636364,0.7636363636363637,0.8103896103896104,0.8644200626959248
151,16,48,2,7,0.8767123287671232,0.8278260869565217,0.96,0.6956521739130435,0.9142857142857143,0.6956521739130435,0.96,0.7804878048780488,0.8473867595818816,0.8921739130434783
152,11,48,7,7,0.8082191780821918,0.7419191919191919,0.8727272727272727,0.6111111111111112,0.8727272727272727,0.6111111111111112,0.8727272727272727,0.6111111111111112,0.7419191919191919,0.8171717171717172
153,22,31,12,8,0.726027397260274,0.7271317829457364,0.7209302325581395,0.7333333333333333,0.7560975609756098,0.7333333333333333,0.7209302325581395,0.6875,0.7217987804878049,0.8015503875968992
154,20,40,9,4,0.821917808219178,0.8248299319727892,0.8163265306122449,0.8333333333333334,0.8602150537634409,0.8333333333333334,0.8163265306122449,0.7547169811320755,0.8074660174477581,0.8571428571428571
155,25,34,7,7,0.8082191780821918,0.8052591463414633,0.8292682926829268,0.78125,0.8292682926829268,0.78125,0.8292682926829268,0.78125,0.8052591463414633,0.8757621951219512
156,13,39,10,11,0.7123287671232876,0.6687925170068028,0.7959183673469388,0.5416666666666666,0.7878787878787878,0.5416666666666666,0.7959183673469388,0.5531914893617021,0.6705351386202449,0.7874149659863945
157,13,42,8,10,0.7534246575342466,0.7026086956521739,0.84,0.5652173913043478,0.8235294117647058,0.5652173913043478,0.84,0.5909090909090909,0.7072192513368984,0.8173913043478261
158,19,37,11,6,0.7671232876712328,0.7654166666666666,0.7708333333333334,0.76,0.8131868131868132,0.76,0.7708333333333334,0.6909090909090909,0.752047952047952,0.78
159,17,36,7,13,0.726027397260274,0.701937984496124,0.8372093023255814,0.5666666666666667,0.782608695652174,0.5666666666666667,0.8372093023255814,0.6296296296296297,0.7061191626409018,0.8069767441860465
160,24,34,6,9,0.7945205479452054,0.7886363636363636,0.85,0.7272727272727273,0.8192771084337349,0.7272727272727273,0.85,0.7619047619047619,0.7905909351692484,0.871969696969697
161,16,40,13,4,0.7671232876712328,0.7773584905660378,0.7547169811320755,0.8,0.8247422680412371,0.8,0.7547169811320755,0.6530612244897959,0.7389017462655165,0.7962264150943397
162,18,36,8,11,0.7397260273972602,0.719435736677116,0.8181818181818182,0.6206896551724138,0.7912087912087912,0.6206896551724138,0.8181818181818182,0.6545454545454545,0.7228771228771229,0.780564263322884
163,10,53,8,2,0.863013698630137,0.8510928961748634,0.8688524590163934,0.8333333333333334,0.9137931034482759,0.8333333333333334,0.8688524590163934,0.6666666666666666,0.7902298850574713,0.912568306010929
164,16,40,9,8,0.7671232876712328,0.7414965986394557,0.8163265306122449,0.6666666666666666,0.8247422680412371,0.6666666666666666,0.8163265306122449,0.6530612244897959,0.7389017462655165,0.8443877551020408
165,22,37,6,8,0.8082191780821918,0.7968992248062015,0.8604651162790697,0.7333333333333333,0.8409090909090909,0.7333333333333333,0.8604651162790697,0.7586206896551724,0.7997648902821317,0.8441860465116279
166,18,39,11,5,0.7808219178082192,0.781304347826087,0.78,0.782608695652174,0.8297872340425532,0.782608695652174,0.78,0.6923076923076923,0.7610474631751227,0.8443478260869566
167,18,38,8,9,0.7671232876712328,0.7463768115942029,0.8260869565217391,0.6666666666666666,0.8172043010752689,0.6666666666666666,0.8260869565217391,0.6792452830188679,0.7482247920470684,0.8429951690821256
168,19,36,8,10,0.7534246575342466,0.7366771159874608,0.8181818181818182,0.6551724137931034,0.8,0.6551724137931034,0.8181818181818182,0.6785714285714286,0.7392857142857143,0.8275862068965517
169,15,33,11,14,0.6575342465753424,0.6336206896551724,0.75,0.5172413793103449,0.7252747252747253,0.5172413793103449,0.75,0.5454545454545454,0.6353646353646354,0.75705329153605
170,12,44,11,6,0.7671232876712328,0.7333333333333334,0.8,0.6666666666666666,0.8380952380952381,0.6666666666666666,0.8,0.5853658536585366,0.7117305458768873,0.8090909090909091
171,18,39,6,10,0.7808219178082192,0.7547619047619047,0.8666666666666667,0.6428571428571429,0.8297872340425532,0.6428571428571429,0.8666666666666667,0.6923076923076923,0.7610474631751227,0.7817460317460317
172,18,40,9,6,0.7945205479452054,0.7831632653061225,0.8163265306122449,0.75,0.8421052631578947,0.75,0.8163265306122449,0.7058823529411765,0.7739938080495357,0.8562925170068028
173,17,44,7,5,0.8356164383561644,0.8177361853832442,0.8627450980392157,0.7727272727272727,0.88,0.7727272727272727,0.8627450980392157,0.7391304347826086,0.8095652173913044,0.8680926916221035
174,23,38,9,3,0.8356164383561644,0.8465630114566285,0.8085106382978723,0.8846153846153846,0.8636363636363636,0.8846153846153846,0.8085106382978723,0.7931034482758621,0.8283699059561129,0.8772504091653028
175,20,39,7,7,0.8082191780821918,0.7942834138486312,0.8478260869565217,0.7407407407407407,0.8478260869565217,0.7407407407407407,0.8478260869565217,0.7407407407407407,0.7942834138486312,0.8695652173913043
176,18,33,12,10,0.6986301369863014,0.6880952380952381,0.7333333333333333,0.6428571428571429,0.75,0.6428571428571429,0.7333333333333333,0.6206896551724138,0.6853448275862069,0.7738095238095238
177,14,44,7,8,0.7945205479452054,0.749554367201426,0.8627450980392157,0.6363636363636364,0.8543689320388349,0.6363636363636364,0.8627450980392157,0.6511627906976745,0.7527658613682546,0.8324420677361853
178,16,35,10,12,0.6986301369863014,0.6746031746031746,0.7777777777777778,0.5714285714285714,0.7608695652173914,0.5714285714285714,0.7777777777777778,0.5925925925925926,0.676731078904992,0.7674603174603174
179,18,39,11,5,0.7808219178082192,0.781304347826087,0.78,0.782608695652174,0.8297872340425532,0.782608695652174,0.78,0.6923076923076923,0.7610474631751227,0.86
180,12,43,6,12,0.7534246575342466,0.6887755102040816,0.8775510204081632,0.5,0.8269230769230769,0.5,0.8775510204081632,0.5714285714285714,0.6991758241758241,0.8256802721088435
181,19,36,11,7,0.7534246575342466,0.7483633387888706,0.7659574468085106,0.7307692307692307,0.8,0.7307692307692307,0.7659574468085106,0.6785714285714286,0.7392857142857143,0.8101472995090016
182,19,43,6,5,0.8493150684931506,0.8346088435374149,0.8775510204081632,0.7916666666666666,0.8865979381443299,0.7916666666666666,0.8775510204081632,0.7755102040816326,0.8310540711129812,0.9013605442176872
183,18,40,10,5,0.7945205479452054,0.791304347826087,0.8,0.782608695652174,0.8421052631578947,0.782608695652174,0.8,0.7058823529411765,0.7739938080495357,0.8304347826086957
184,16,39,9,9,0.7534246575342466,0.7262500000000001,0.8125,0.64,0.8125,0.64,0.8125,0.64,0.7262500000000001,0.8091666666666667
185,19,37,10,7,0.7671232876712328,0.7590016366612111,0.7872340425531915,0.7307692307692307,0.8131868131868132,0.7307692307692307,0.7872340425531915,0.6909090909090909,0.752047952047952,0.8199672667757775
186,18,41,9,5,0.8082191780821918,0.801304347826087,0.82,0.782608695652174,0.8541666666666666,0.782608695652174,0.82,0.72,0.7870833333333334,0.8339130434782609
187,17,42,7,7,0.8082191780821918,0.7827380952380952,0.8571428571428571,0.7083333333333334,0.8571428571428571,0.7083333333333334,0.8571428571428571,0.7083333333333334,0.7827380952380952,0.8511904761904762
188,22,33,8,10,0.7534246575342466,0.7461890243902439,0.8048780487804879,0.6875,0.7857142857142857,0.6875,0.8048780487804879,0.7096774193548387,0.7476958525345623,0.850609756097561
189,18,39,13,3,0.7808219178082192,0.8035714285714286,0.75,0.8571428571428571,0.8297872340425532,0.8571428571428571,0.75,0.6923076923076923,0.7610474631751227,0.8315018315018315
190,12,38,14,9,0.684931506849315,0.651098901098901,0.7307692307692307,0.5714285714285714,0.7676767676767676,0.5714285714285714,0.7307692307692307,0.5106382978723404,0.639157532774554,0.7152014652014652
191,24,38,4,7,0.8493150684931506,0.8394777265745008,0.9047619047619048,0.7741935483870968,0.8735632183908046,0.7741935483870968,0.9047619047619048,0.8135593220338984,0.8435612702123515,0.9208909370199693
192,20,34,10,9,0.7397260273972602,0.7311912225705329,0.7727272727272727,0.6896551724137931,0.7816091954022989,0.6896551724137931,0.7727272727272727,0.6779661016949152,0.729787648548607,0.8205329153605015
193,20,39,7,7,0.8082191780821918,0.7942834138486312,0.8478260869565217,0.7407407407407407,0.8478260869565217,0.7407407407407407,0.8478260869565217,0.7407407407407407,0.7942834138486312,0.8357487922705313
194,19,39,9,6,0.7945205479452054,0.78625,0.8125,0.76,0.8387096774193549,0.76,0.8125,0.7169811320754716,0.7778454047474133,0.8566666666666667
195,22,33,10,8,0.7534246575342466,0.7503875968992249,0.7674418604651163,0.7333333333333333,0.7857142857142857,0.7333333333333333,0.7674418604651163,0.7096774193548387,0.7476958525345623,0.8333333333333333
196,18,29,12,14,0.6438356164383562,0.6349085365853658,0.7073170731707317,0.5625,0.6904761904761905,0.5625,0.7073170731707317,0.5806451612903226,0.6355606758832566,0.7347560975609756
197,16,41,5,11,0.7808219178082192,0.7419484702093397,0.8913043478260869,0.5925925925925926,0.8367346938775511,0.5925925925925926,0.8913043478260869,0.6666666666666666,0.7517006802721089,0.8349436392914654
198,16,45,6,6,0.8356164383561644,0.8048128342245989,0.8823529411764706,0.7272727272727273,0.8823529411764706,0.7272727272727273,0.8823529411764706,0.7272727272727273,0.8048128342245989,0.8894830659536542
199,17,37,9,10,0.7397260273972602,0.7169887278582932,0.8043478260869565,0.6296296296296297,0.7956989247311828,0.6296296296296297,0.8043478260869565,0.6415094339622641,0.7186041793467235,0.8582930756843801
200,21,36,10,6,0.7808219178082192,0.7801932367149759,0.782608695652174,0.7777777777777778,0.8181818181818182,0.7777777777777778,0.782608695652174,0.7241379310344828,0.7711598746081505,0.8204508856682771
201,20,30,15,8,0.684931506849315,0.6904761904761905,0.6666666666666666,0.7142857142857143,0.7228915662650602,0.7142857142857143,0.6666666666666666,0.6349206349206349,0.6789061005928476,0.7682539682539683
202,20,33,11,9,0.726027397260274,0.7198275862068966,0.75,0.6896551724137931,0.7674418604651163,0.6896551724137931,0.75,0.6666666666666666,0.7170542635658914,0.7719435736677115
203,19,36,10,8,0.7534246575342466,0.7431561996779388,0.782608695652174,0.7037037037037037,0.8,0.7037037037037037,0.782608695652174,0.6785714285714286,0.7392857142857143,0.820450885668277
204,17,40,10,6,0.7808219178082192,0.7695652173913043,0.8,0.7391304347826086,0.8333333333333334,0.7391304347826086,0.8,0.68,0.7566666666666667,0.8104347826086956
205,16,38,8,11,0.7397260273972602,0.7093397745571659,0.8260869565217391,0.5925925925925926,0.8,0.5925925925925926,0.8260869565217391,0.6274509803921569,0.7137254901960784,0.8140096618357487
206,19,35,7,12,0.7397260273972602,0.7231182795698925,0.8333333333333334,0.6129032258064516,0.7865168539325843,0.6129032258064516,0.8333333333333334,0.6666666666666666,0.7265917602996255,0.7857142857142857
207,24,34,7,8,0.7945205479452054,0.7896341463414633,0.8292682926829268,0.75,0.8192771084337349,0.75,0.8292682926829268,0.7619047619047619,0.7905909351692484,0.8719512195121951
208,17,40,10,6,0.7808219178082192,0.7695652173913043,0.8,0.7391304347826086,0.8333333333333334,0.7391304347826086,0.8,0.68,0.7566666666666667,0.8173913043478261
209,18,36,10,9,0.7397260273972602,0.7246376811594203,0.782608695652174,0.6666666666666666,0.7912087912087912,0.6666666666666666,0.782608695652174,0.6545454545454545,0.7228771228771229,0.8196457326892109
210,22,39,5,7,0.8356164383561644,0.8224921630094044,0.8863636363636364,0.7586206896551724,0.8666666666666667,0.7586206896551724,0.8863636363636364,0.7857142857142857,0.8261904761904761,0.8753918495297806
211,17,42,7,7,0.8082191780821918,0.7827380952380952,0.8571428571428571,0.7083333333333334,0.8571428571428571,0.7083333333333334,0.8571428571428571,0.7083333333333334,0.7827380952380952,0.8775510204081632
212,20,37,10,6,0.7808219178082192,0.7782324058919804,0.7872340425531915,0.7692307692307693,0.8222222222222222,0.7692307692307693,0.7872340425531915,0.7142857142857143,0.7682539682539682,0.8322422258592471
213,14,39,9,11,0.726027397260274,0.68625,0.8125,0.56,0.7959183673469388,0.56,0.8125,0.5833333333333334,0.689625850340136,0.7816666666666667
214,19,37,8,9,0.7671232876712328,0.7503968253968254,0.8222222222222222,0.6785714285714286,0.8131868131868132,0.6785714285714286,0.8222222222222222,0.6909090909090909,0.752047952047952,0.8388888888888889
215,18,42,3,10,0.821917808219178,0.7880952380952382,0.9333333333333333,0.6428571428571429,0.865979381443299,0.6428571428571429,0.9333333333333333,0.7346938775510204,0.8003366294971597,0.8658730158730159
216,19,36,11,7,0.7534246575342466,0.7483633387888706,0.7659574468085106,0.7307692307692307,0.8,0.7307692307692307,0.7659574468085106,0.6785714285714286,0.7392857142857143,0.8109656301145662
217,15,33,15,10,0.6575342465753424,0.64375,0.6875,0.6,0.7252747252747253,0.6,0.6875,0.5454545454545454,0.6353646353646354,0.6933333333333332
218,20,37,9,7,0.7808219178082192,0.7725442834138486,0.8043478260869565,0.7407407407407407,0.8222222222222222,0.7407407407407407,0.8043478260869565,0.7142857142857143,0.7682539682539682,0.8317230273752013
219,16,39,9,9,0.7534246575342466,0.7262500000000001,0.8125,0.64,0.8125,0.64,0.8125,0.64,0.7262500000000001,0.8350000000000001
220,16,39,10,8,0.7534246575342466,0.7312925170068028,0.7959183673469388,0.6666666666666666,0.8125,0.6666666666666666,0.7959183673469388,0.64,0.7262500000000001,0.8018707482993197
221,17,36,8,12,0.726027397260274,0.7021943573667712,0.8181818181818182,0.5862068965517241,0.782608695652174,0.5862068965517241,0.8181818181818182,0.6296296296296297,0.7061191626409018,0.7946708463949843
222,9,45,13,6,0.7397260273972602,0.6879310344827586,0.7758620689655172,0.6,0.8256880733944955,0.6,0.7758620689655172,0.4864864864864865,0.656087279940491,0.8080459770114942
223,21,34,10,8,0.7534246575342466,0.7484326018808778,0.7727272727272727,0.7241379310344828,0.7906976744186046,0.7241379310344828,0.7727272727272727,0.7,0.7453488372093022,0.8659874608150471
224,22,35,10,6,0.7808219178082192,0.7817460317460317,0.7777777777777778,0.7857142857142857,0.813953488372093,0.7857142857142857,0.7777777777777778,0.7333333333333333,0.7736434108527132,0.8523809523809524
225,19,33,12,9,0.7123287671232876,0.7059523809523809,0.7333333333333333,0.6785714285714286,0.7586206896551724,0.6785714285714286,0.7333333333333333,0.6440677966101694,0.7013442431326709,0.7904761904761904
226,23,36,5,9,0.8082191780821918,0.7983993902439024,0.8780487804878049,0.71875,0.8372093023255814,0.71875,0.8780487804878049,0.7666666666666667,0.8019379844961241,0.899390243902439
227,21,34,10,8,0.7534246575342466,0.7484326018808778,0.7727272727272727,0.7241379310344828,0.7906976744186046,0.7241379310344828,0.7727272727272727,0.7,0.7453488372093022,0.8197492163009404
228,15,40,7,11,0.7534246575342466,0.7139934533551555,0.851063829787234,0.5769230769230769,0.8163265306122449,0.5769230769230769,0.851063829787234,0.625,0.7206632653061225,0.837152209492635
229,19,39,8,7,0.7945205479452054,0.7802782324058919,0.8297872340425532,0.7307692307692307,0.8387096774193549,0.7307692307692307,0.8297872340425532,0.7169811320754716,0.7778454047474133,0.8346972176759411
230,18,39,9,7,0.7808219178082192,0.76625,0.8125,0.72,0.8297872340425532,0.72,0.8125,0.6923076923076923,0.7610474631751227,0.825
231,29,28,11,5,0.7808219178082192,0.7854449472096531,0.717948717948718,0.8529411764705882,0.7777777777777778,0.8529411764705882,0.717948717948718,0.7837837837837838,0.7807807807807807,0.801659125188537
232,24,40,4,5,0.8767123287671232,0.8683385579937304,0.9090909090909091,0.8275862068965517,0.898876404494382,0.8275862068965517,0.9090909090909091,0.8421052631578947,0.8704908338261383,0.9028213166144201
233,19,34,7,13,0.726027397260274,0.7115091463414633,0.8292682926829268,0.59375,0.7727272727272727,0.59375,0.8292682926829268,0.6551724137931034,0.7139498432601881,0.8330792682926829
234,11,41,11,10,0.7123287671232876,0.6561355311355311,0.7884615384615384,0.5238095238095238,0.7961165048543689,0.5238095238095238,0.7884615384615384,0.5116279069767442,0.6538722059155566,0.76007326007326
235,20,32,8,13,0.7123287671232876,0.7030303030303031,0.8,0.6060606060606061,0.7529411764705882,0.6060606060606061,0.8,0.6557377049180327,0.7043394406943104,0.8378787878787879
236,19,40,10,4,0.8082191780821918,0.8130434782608695,0.8,0.8260869565217391,0.851063829787234,0.8260869565217391,0.8,0.7307692307692307,0.7909165302782324,0.8626086956521739
237,17,41,8,7,0.7945205479452054,0.7725340136054422,0.8367346938775511,0.7083333333333334,0.845360824742268,0.7083333333333334,0.8367346938775511,0.6938775510204082,0.7696191878813381,0.8537414965986394
238,18,36,10,9,0.7397260273972602,0.7246376811594203,0.782608695652174,0.6666666666666666,0.7912087912087912,0.6666666666666666,0.782608695652174,0.6545454545454545,0.7228771228771229,0.8075684380032205
239,15,40,9,9,0.7534246575342466,0.7206632653061225,0.8163265306122449,0.625,0.8163265306122449,0.625,0.8163265306122449,0.625,0.7206632653061225,0.8443877551020408
240,18,35,11,9,0.726027397260274,0.713768115942029,0.7608695652173914,0.6666666666666666,0.7777777777777778,0.6666666666666666,0.7608695652173914,0.6428571428571429,0.7103174603174603,0.8123993558776168
241,23,40,8,2,0.863013698630137,0.8766666666666667,0.8333333333333334,0.92,0.8888888888888888,0.92,0.8333333333333334,0.8214285714285714,0.8551587301587301,0.9091666666666667
242,13,48,5,7,0.8356164383561644,0.7778301886792454,0.9056603773584906,0.65,0.8888888888888888,0.65,0.9056603773584906,0.6842105263157895,0.7865497076023391,0.8688679245283019
243,27,33,5,8,0.821917808219178,0.8199248120300753,0.868421052631579,0.7714285714285715,0.8354430379746836,0.7714285714285715,0.868421052631579,0.8059701492537313,0.8207065936142075,0.8654135338345864
244,19,34,9,11,0.726027397260274,0.712015503875969,0.7906976744186046,0.6333333333333333,0.7727272727272727,0.6333333333333333,0.7906976744186046,0.6551724137931034,0.7139498432601881,0.8217054263565893
245,13,41,9,10,0.7397260273972602,0.6926086956521739,0.82,0.5652173913043478,0.8118811881188119,0.5652173913043478,0.82,0.5777777777777777,0.6948294829482948,0.7869565217391303
246,21,33,8,11,0.7397260273972602,0.7305640243902439,0.8048780487804879,0.65625,0.7764705882352941,0.65625,0.8048780487804879,0.6885245901639344,0.7324975891996143,0.7766768292682927
247,17,36,11,9,0.726027397260274,0.7099018003273323,0.7659574468085106,0.6538461538461539,0.782608695652174,0.6538461538461539,0.7659574468085106,0.6296296296296297,0.7061191626409018,0.7921440261865794
248,17,40,7,9,0.7808219178082192,0.752454991816694,0.851063829787234,0.6538461538461539,0.8333333333333334,0.6538461538461539,0.851063829787234,0.68,0.7566666666666667,0.8682487725040916
249,25,32,12,4,0.7808219178082192,0.7946708463949843,0.7272727272727273,0.8620689655172413,0.8,0.8620689655172413,0.7272727272727273,0.7575757575757576,0.7787878787878788,0.8706896551724137
250,13,44,8,8,0.7808219178082192,0.7326007326007327,0.8461538461538461,0.6190476190476191,0.8461538461538461,0.6190476190476191,0.8461538461538461,0.6190476190476191,0.7326007326007327,0.825091575091575
251,15,40,10,8,0.7534246575342466,0.7260869565217392,0.8,0.6521739130434783,0.8163265306122449,0.6521739130434783,0.8,0.625,0.7206632653061225,0.817391304347826
252,20,34,11,8,0.7397260273972602,0.734920634920635,0.7555555555555555,0.7142857142857143,0.7816091954022989,0.7142857142857143,0.7555555555555555,0.6779661016949152,0.729787648548607,0.7507936507936509
253,15,40,10,8,0.7534246575342466,0.7260869565217392,0.8,0.6521739130434783,0.8163265306122449,0.6521739130434783,0.8,0.625,0.7206632653061225,0.7869565217391304
254,19,36,9,9,0.7534246575342466,0.7392857142857143,0.8,0.6785714285714286,0.8,0.6785714285714286,0.8,0.6785714285714286,0.7392857142857143,0.8357142857142857
255,23,39,9,2,0.8493150684931506,0.86625,0.8125,0.92,0.8764044943820225,0.92,0.8125,0.8070175438596491,0.8417110191208358,0.9166666666666666
256,21,37,10,5,0.7945205479452054,0.7974631751227497,0.7872340425531915,0.8076923076923077,0.8314606741573034,0.8076923076923077,0.7872340425531915,0.7368421052631579,0.7841513897102306,0.869885433715221
257,28,31,5,9,0.8082191780821918,0.808933933933934,0.8611111111111112,0.7567567567567568,0.8157894736842105,0.7567567567567568,0.8611111111111112,0.8,0.8078947368421052,0.897897897897898
258,15,33,15,10,0.6575342465753424,0.64375,0.6875,0.6,0.7252747252747253,0.6,0.6875,0.5454545454545454,0.6353646353646354,0.7383333333333333
259,20,33,12,8,0.726027397260274,0.7238095238095238,0.7333333333333333,0.7142857142857143,0.7674418604651163,0.7142857142857143,0.7333333333333333,0.6666666666666666,0.7170542635658914,0.7523809523809524
260,16,41,10,6,0.7808219178082192,0.7655971479500892,0.803921568627451,0.7272727272727273,0.8367346938775511,0.7272727272727273,0.803921568627451,0.6666666666666666,0.7517006802721089,0.7780748663101603
261,17,38,11,7,0.7534246575342466,0.741921768707483,0.7755102040816326,0.7083333333333334,0.8085106382978723,0.7083333333333334,0.7755102040816326,0.6538461538461539,0.7311783960720131,0.8163265306122448
262,21,35,7,10,0.7671232876712328,0.7553763440860215,0.8333333333333334,0.6774193548387096,0.8045977011494253,0.6774193548387096,0.8333333333333334,0.711864406779661,0.7582310539645432,0.8640552995391706
263,13,42,8,10,0.7534246575342466,0.7026086956521739,0.84,0.5652173913043478,0.8235294117647058,0.5652173913043478,0.84,0.5909090909090909,0.7072192513368984,0.828695652173913
264,19,35,7,12,0.7397260273972602,0.7231182795698925,0.8333333333333334,0.6129032258064516,0.7865168539325843,0.6129032258064516,0.8333333333333334,0.6666666666666666,0.7265917602996255,0.7803379416282642
265,22,39,5,7,0.8356164383561644,0.8224921630094044,0.8863636363636364,0.7586206896551724,0.8666666666666667,0.7586206896551724,0.8863636363636364,0.7857142857142857,0.8261904761904761,0.890282131661442
266,18,41,7,7,0.8082191780821918,0.7870833333333334,0.8541666666666666,0.72,0.8541666666666666,0.72,0.8541666666666666,0.72,0.7870833333333334,0.8766666666666667
267,19,43,5,6,0.8493150684931506,0.8279166666666666,0.8958333333333334,0.76,0.8865979381443299,0.76,0.8958333333333334,0.7755102040816326,0.8310540711129812,0.8858333333333334
268,16,35,10,12,0.6986301369863014,0.6746031746031746,0.7777777777777778,0.5714285714285714,0.7608695652173914,0.5714285714285714,0.7777777777777778,0.5925925925925926,0.676731078904992,0.7888888888888889
269,19,37,8,9,0.7671232876712328,0.7503968253968254,0.8222222222222222,0.6785714285714286,0.8131868131868132,0.6785714285714286,0.8222222222222222,0.6909090909090909,0.752047952047952,0.8246031746031746
270,20,33,15,5,0.726027397260274,0.74375,0.6875,0.8,0.7674418604651163,0.8,0.6875,0.6666666666666666,0.7170542635658914,0.7933333333333334
271,14,45,6,8,0.8082191780821918,0.7593582887700534,0.8823529411764706,0.6363636363636364,0.8653846153846154,0.6363636363636364,0.8823529411764706,0.6666666666666666,0.766025641025641,0.8511586452762923
272,20,36,8,9,0.7671232876712328,0.7539184952978057,0.8181818181818182,0.6896551724137931,0.8089887640449438,0.6896551724137931,0.8181818181818182,0.7017543859649122,0.755371575004928,0.7398119122257053
273,21,34,9,9,0.7534246575342466,0.7453488372093022,0.7906976744186046,0.7,0.7906976744186046,0.7,0.7906976744186046,0.7,0.7453488372093022,0.7837209302325582
274,13,37,10,13,0.684931506849315,0.6436170212765957,0.7872340425531915,0.5,0.7628865979381443,0.5,0.7872340425531915,0.5306122448979592,0.6467494214180518,0.7520458265139116
275,14,42,5,12,0.7671232876712328,0.7160392798690671,0.8936170212765957,0.5384615384615384,0.8316831683168316,0.5384615384615384,0.8936170212765957,0.6222222222222222,0.7269526952695269,0.8379705400981997
276,18,40,8,7,0.7945205479452054,0.7766666666666666,0.8333333333333334,0.72,0.8421052631578947,0.72,0.8333333333333334,0.7058823529411765,0.7739938080495357,0.8366666666666667
277,17,45,7,4,0.8493150684931506,0.8374542124542125,0.8653846153846154,0.8095238095238095,0.8910891089108911,0.8095238095238095,0.8653846153846154,0.7555555555555555,0.8233223322332233,0.9084249084249084
278,20,34,12,7,0.7397260273972602,0.7399355877616747,0.7391304347826086,0.7407407407407407,0.7816091954022989,0.7407407407407407,0.7391304347826086,0.6779661016949152,0.729787648548607,0.8027375201288245
279,11,39,11,12,0.684931506849315,0.6291304347826088,0.78,0.4782608695652174,0.7722772277227723,0.4782608695652174,0.78,0.4888888888888889,0.6305830583058306,0.7321739130434782
280,16,38,9,10,0.7397260273972602,0.7119476268412439,0.8085106382978723,0.6153846153846154,0.8,0.6153846153846154,0.8085106382978723,0.6274509803921569,0.7137254901960784,0.839607201309329
281,15,46,5,7,0.8356164383561644,0.7918894830659536,0.9019607843137255,0.6818181818181818,0.8846153846153846,0.6818181818181818,0.9019607843137255,0.7142857142857143,0.7994505494505495,0.8645276292335116
282,15,40,11,7,0.7534246575342466,0.7330659536541889,0.7843137254901961,0.6818181818181818,0.8163265306122449,0.6818181818181818,0.7843137254901961,0.625,0.7206632653061225,0.7967914438502673
283,24,37,5,7,0.8356164383561644,0.8275729646697388,0.8809523809523809,0.7741935483870968,0.8604651162790697,0.7741935483870968,0.8809523809523809,0.8,0.8302325581395349,0.8970814132104454
284,21,35,7,10,0.7671232876712328,0.7553763440860215,0.8333333333333334,0.6774193548387096,0.8045977011494253,0.6774193548387096,0.8333333333333334,0.711864406779661,0.7582310539645432,0.8440860215053764
285,20,37,11,5,0.7808219178082192,0.7854166666666667,0.7708333333333334,0.8,0.8222222222222222,0.8,0.7708333333333334,0.7142857142857143,0.7682539682539682,0.8558333333333332
286,15,38,8,12,0.726027397260274,0.6908212560386473,0.8260869565217391,0.5555555555555556,0.7916666666666666,0.5555555555555556,0.8260869565217391,0.6,0.6958333333333333,0.819645732689211
287,19,41,10,3,0.821917808219178,0.8337789661319073,0.803921568627451,0.8636363636363636,0.8631578947368421,0.8636363636363636,0.803921568627451,0.7450980392156863,0.8041279669762642,0.9055258467023173
288,16,38,11,8,0.7397260273972602,0.7210884353741496,0.7755102040816326,0.6666666666666666,0.8,0.6666666666666666,0.7755102040816326,0.6274509803921569,0.7137254901960784,0.8333333333333334
289,13,38,15,7,0.6986301369863014,0.6834905660377358,0.7169811320754716,0.65,0.7755102040816326,0.65,0.7169811320754716,0.5416666666666666,0.6585884353741496,0.7783018867924528
290,14,47,5,7,0.8356164383561644,0.7852564102564102,0.9038461538461539,0.6666666666666666,0.8867924528301887,0.6666666666666666,0.9038461538461539,0.7,0.7933962264150943,0.8882783882783882
291,25,34,7,7,0.8082191780821918,0.8052591463414633,0.8292682926829268,0.78125,0.8292682926829268,0.78125,0.8292682926829268,0.78125,0.8052591463414633,0.8567073170731706
292,19,35,9,10,0.7397260273972602,0.7253134796238244,0.7954545454545454,0.6551724137931034,0.7865168539325843,0.6551724137931034,0.7954545454545454,0.6666666666666666,0.7265917602996255,0.8189655172413793
293,14,41,8,10,0.7534246575342466,0.7100340136054422,0.8367346938775511,0.5833333333333334,0.82,0.5833333333333334,0.8367346938775511,0.6086956521739131,0.7143478260869565,0.8035714285714286
294,23,30,7,13,0.726027397260274,0.7248498498498499,0.8108108108108109,0.6388888888888888,0.75,0.6388888888888888,0.8108108108108109,0.696969696969697,0.7234848484848485,0.8085585585585585
295,21,34,8,10,0.7534246575342466,0.7434715821812596,0.8095238095238095,0.6774193548387096,0.7906976744186046,0.6774193548387096,0.8095238095238095,0.7,0.7453488372093022,0.8279569892473118
296,12,36,14,11,0.6575342465753424,0.6208695652173912,0.72,0.5217391304347826,0.7422680412371134,0.5217391304347826,0.72,0.4897959183673469,0.6160319798022302,0.7530434782608696
297,19,41,5,8,0.821917808219178,0.7975040257648953,0.8913043478260869,0.7037037037037037,0.8631578947368421,0.7037037037037037,0.8913043478260869,0.7450980392156863,0.8041279669762642,0.8631239935587761
298,12,53,3,5,0.8904109589041096,0.8261554621848739,0.9464285714285714,0.7058823529411765,0.9298245614035088,0.7058823529411765,0.9464285714285714,0.75,0.8399122807017544,0.9002100840336135
299,21,40,8,4,0.8356164383561644,0.8366666666666667,0.8333333333333334,0.84,0.8695652173913043,0.84,0.8333333333333334,0.7777777777777778,0.8236714975845411,0.87
300,15,35,12,11,0.684931506849315,0.6608019639934533,0.7446808510638298,0.5769230769230769,0.7526881720430108,0.5769230769230769,0.7446808510638298,0.5660377358490566,0.6593629539460337,0.7356792144026186
301,14,44,11,4,0.7945205479452054,0.788888888888889,0.8,0.7777777777777778,0.8543689320388349,0.7777777777777778,0.8,0.6511627906976745,0.7527658613682546,0.8474747474747475
302,11,39,11,12,0.684931506849315,0.6291304347826088,0.78,0.4782608695652174,0.7722772277227723,0.4782608695652174,0.78,0.4888888888888889,0.6305830583058306,0.7443478260869565
303,17,44,9,3,0.8356164383561644,0.8400943396226415,0.8301886792452831,0.85,0.88,0.85,0.8301886792452831,0.7391304347826086,0.8095652173913044,0.8811320754716981
304,22,31,7,13,0.726027397260274,0.7221804511278196,0.8157894736842105,0.6285714285714286,0.7560975609756098,0.6285714285714286,0.8157894736842105,0.6875,0.7217987804878049,0.7984962406015037
305,20,37,9,7,0.7808219178082192,0.7725442834138486,0.8043478260869565,0.7407407407407407,0.8222222222222222,0.7407407407407407,0.8043478260869565,0.7142857142857143,0.7682539682539682,0.8607085346215781
306,16,38,12,7,0.7397260273972602,0.7278260869565217,0.76,0.6956521739130435,0.8,0.6956521739130435,0.76,0.6274509803921569,0.7137254901960784,0.788695652173913
307,18,38,10,7,0.7671232876712328,0.7558333333333334,0.7916666666666666,0.72,0.8172043010752689,0.72,0.7916666666666666,0.6792452830188679,0.7482247920470684,0.8275
308,13,39,12,9,0.7123287671232876,0.677807486631016,0.7647058823529411,0.5909090909090909,0.7878787878787878,0.5909090909090909,0.7647058823529411,0.5531914893617021,0.6705351386202449,0.7950089126559715
309,16,43,9,5,0.8082191780821918,0.7944139194139194,0.8269230769230769,0.7619047619047619,0.86,0.7619047619047619,0.8269230769230769,0.6956521739130435,0.7778260869565217,0.8598901098901098
310,15,35,12,11,0.684931506849315,0.6608019639934533,0.7446808510638298,0.5769230769230769,0.7526881720430108,0.5769230769230769,0.7446808510638298,0.5660377358490566,0.6593629539460337,0.7823240589198035
311,18,37,13,5,0.7534246575342466,0.761304347826087,0.74,0.782608695652174,0.8043478260869565,0.782608695652174,0.74,0.6666666666666666,0.7355072463768115,0.8252173913043479
312,16,43,7,7,0.8082191780821918,0.7778260869565217,0.86,0.6956521739130435,0.86,0.6956521739130435,0.86,0.6956521739130435,0.7778260869565217,0.8173913043478261
313,17,36,9,11,0.726027397260274,0.7035714285714285,0.8,0.6071428571428571,0.782608695652174,0.6071428571428571,0.8,0.6296296296296297,0.7061191626409018,0.8166666666666667
314,18,40,11,4,0.7945205479452054,0.8012477718360071,0.7843137254901961,0.8181818181818182,0.8421052631578947,0.8181818181818182,0.7843137254901961,0.7058823529411765,0.7739938080495357,0.8360071301247772
315,19,40,4,10,0.8082191780821918,0.7821316614420062,0.9090909090909091,0.6551724137931034,0.851063829787234,0.6551724137931034,0.9090909090909091,0.7307692307692307,0.7909165302782324,0.8918495297805643
316,20,45,4,4,0.8904109589041096,0.8758503401360545,0.9183673469387755,0.8333333333333334,0.9183673469387755,0.8333333333333334,0.9183673469387755,0.8333333333333334,0.8758503401360545,0.91921768707483
317,12,43,12,6,0.7534246575342466,0.7242424242424242,0.7818181818181819,0.6666666666666666,0.8269230769230769,0.6666666666666666,0.7818181818181819,0.5714285714285714,0.6991758241758241,0.8181818181818181
318,16,42,7,8,0.7945205479452054,0.7619047619047619,0.8571428571428571,0.6666666666666666,0.8484848484848485,0.6666666666666666,0.8571428571428571,0.6808510638297872,0.7646679561573179,0.846938775510204
319,17,34,14,8,0.6986301369863014,0.6941666666666667,0.7083333333333334,0.68,0.7555555555555555,0.68,0.7083333333333334,0.6071428571428571,0.6813492063492064,0.6991666666666667
320,16,40,13,4,0.7671232876712328,0.7773584905660378,0.7547169811320755,0.8,0.8247422680412371,0.8,0.7547169811320755,0.6530612244897959,0.7389017462655165,0.850943396226415
321,22,35,8,8,0.7808219178082192,0.7736434108527132,0.813953488372093,0.7333333333333333,0.813953488372093,0.7333333333333333,0.813953488372093,0.7333333333333333,0.7736434108527132,0.8736434108527132
322,12,41,7,13,0.726027397260274,0.6670833333333333,0.8541666666666666,0.48,0.803921568627451,0.48,0.8541666666666666,0.5454545454545454,0.6746880570409982,0.75
323,19,41,7,6,0.821917808219178,0.8070833333333334,0.8541666666666666,0.76,0.8631578947368421,0.76,0.8541666666666666,0.7450980392156863,0.8041279669762642,0.845
324,21,39,7,6,0.821917808219178,0.8128019323671498,0.8478260869565217,0.7777777777777778,0.8571428571428571,0.7777777777777778,0.8478260869565217,0.7636363636363637,0.8103896103896104,0.8888888888888888
325,23,34,11,5,0.7808219178082192,0.7884920634920635,0.7555555555555555,0.8214285714285714,0.8095238095238095,0.8214285714285714,0.7555555555555555,0.7419354838709677,0.7757296466973886,0.8412698412698413
326,23,32,11,7,0.7534246575342466,0.7554263565891473,0.7441860465116279,0.7666666666666667,0.7804878048780488,0.7666666666666667,0.7441860465116279,0.71875,0.7496189024390244,0.8193798449612404
327,17,38,7,11,0.7534246575342466,0.7257936507936508,0.8444444444444444,0.6071428571428571,0.8085106382978723,0.6071428571428571,0.8444444444444444,0.6538461538461539,0.7311783960720131,0.8023809523809523
328,18,33,12,10,0.6986301369863014,0.6880952380952381,0.7333333333333333,0.6428571428571429,0.75,0.6428571428571429,0.7333333333333333,0.6206896551724138,0.6853448275862069,0.792063492063492
329,16,46,6,5,0.8493150684931506,0.8232600732600732,0.8846153846153846,0.7619047619047619,0.8932038834951457,0.7619047619047619,0.8846153846153846,0.7441860465116279,0.8186949650033868,0.891941391941392
330,16,39,7,11,0.7534246575342466,0.7202093397745571,0.8478260869565217,0.5925925925925926,0.8125,0.5925925925925926,0.8478260869565217,0.64,0.7262500000000001,0.8325281803542673
331,20,36,7,10,0.7671232876712328,0.751937984496124,0.8372093023255814,0.6666666666666666,0.8089887640449438,0.6666666666666666,0.8372093023255814,0.7017543859649122,0.755371575004928,0.8457364341085271
332,23,32,9,9,0.7534246575342466,0.7496189024390244,0.7804878048780488,0.71875,0.7804878048780488,0.71875,0.7804878048780488,0.71875,0.7496189024390244,0.8003048780487805
333,24,45,3,1,0.9452054794520548,0.94875,0.9375,0.96,0.9574468085106383,0.96,0.9375,0.9230769230769231,0.9402618657937807,0.9625
334,16,43,7,7,0.8082191780821918,0.7778260869565217,0.86,0.6956521739130435,0.86,0.6956521739130435,0.86,0.6956521739130435,0.7778260869565217,0.8939130434782608
335,13,44,9,7,0.7808219178082192,0.7400943396226416,0.8301886792452831,0.65,0.8461538461538461,0.65,0.8301886792452831,0.6190476190476191,0.7326007326007327,0.8349056603773585
336,19,30,15,9,0.6712328767123288,0.6726190476190477,0.6666666666666666,0.6785714285714286,0.7142857142857143,0.6785714285714286,0.6666666666666666,0.6129032258064516,0.663594470046083,0.7333333333333333
337,15,36,7,15,0.6986301369863014,0.6686046511627908,0.8372093023255814,0.5,0.7659574468085106,0.5,0.8372093023255814,0.5769230769230769,0.6714402618657938,0.8186046511627907
338,11,46,6,10,0.7808219178082192,0.7042124542124542,0.8846153846153846,0.5238095238095238,0.8518518518518519,0.5238095238095238,0.8846153846153846,0.5789473684210527,0.7153996101364523,0.7838827838827839
339,18,39,8,8,0.7808219178082192,0.7610474631751227,0.8297872340425532,0.6923076923076923,0.8297872340425532,0.6923076923076923,0.8297872340425532,0.6923076923076923,0.7610474631751227,0.8346972176759411
340,13,43,9,8,0.7671232876712328,0.722985347985348,0.8269230769230769,0.6190476190476191,0.8349514563106796,0.6190476190476191,0.8269230769230769,0.6046511627906976,0.7198013095506886,0.8067765567765568
341,14,39,13,7,0.726027397260274,0.7083333333333333,0.75,0.6666666666666666,0.7959183673469388,0.6666666666666666,0.75,0.5833333333333334,0.689625850340136,0.8031135531135531
342,13,37,15,8,0.684931506849315,0.6652930402930404,0.7115384615384616,0.6190476190476191,0.7628865979381443,0.6190476190476191,0.7115384615384616,0.5306122448979592,0.6467494214180518,0.7664835164835165
343,11,40,12,10,0.6986301369863014,0.6465201465201466,0.7692307692307693,0.5238095238095238,0.7843137254901961,0.5238095238095238,0.7692307692307693,0.5,0.642156862745098,0.7619047619047619
344,16,39,10,8,0.7534246575342466,0.7312925170068028,0.7959183673469388,0.6666666666666666,0.8125,0.6666666666666666,0.7959183673469388,0.64,0.7262500000000001,0.8035714285714286
345,20,39,9,5,0.8082191780821918,0.80625,0.8125,0.8,0.8478260869565217,0.8,0.8125,0.7407407407407407,0.7942834138486312,0.8500000000000001
346,25,31,8,9,0.7671232876712328,0.7650829562594268,0.7948717948717948,0.7352941176470589,0.7848101265822784,0.7352941176470589,0.7948717948717948,0.746268656716418,0.7655393916493483,0.8567119155354449
347,15,47,4,7,0.8493150684931506,0.801693404634581,0.9215686274509803,0.6818181818181818,0.8952380952380953,0.6818181818181818,0.9215686274509803,0.7317073170731707,0.813472706155633,0.85650623885918
348,12,51,5,5,0.863013698630137,0.8082983193277311,0.9107142857142857,0.7058823529411765,0.9107142857142857,0.7058823529411765,0.9107142857142857,0.7058823529411765,0.8082983193277311,0.8813025210084033
349,24,32,10,7,0.7671232876712328,0.7680491551459293,0.7619047619047619,0.7741935483870968,0.7901234567901234,0.7741935483870968,0.7619047619047619,0.7384615384615385,0.764292497625831,0.8079877112135178
350,26,35,6,6,0.8356164383561644,0.8330792682926829,0.8536585365853658,0.8125,0.8536585365853658,0.8125,0.8536585365853658,0.8125,0.8330792682926829,0.8894817073170731
351,19,38,7,9,0.7808219178082192,0.7615079365079365,0.8444444444444444,0.6785714285714286,0.8260869565217391,0.6785714285714286,0.8444444444444444,0.7037037037037037,0.7648953301127215,0.8198412698412698
352,19,39,8,7,0.7945205479452054,0.7802782324058919,0.8297872340425532,0.7307692307692307,0.8387096774193549,0.7307692307692307,0.8297872340425532,0.7169811320754716,0.7778454047474133,0.839607201309329
353,19,43,6,5,0.8493150684931506,0.8346088435374149,0.8775510204081632,0.7916666666666666,0.8865979381443299,0.7916666666666666,0.8775510204081632,0.7755102040816326,0.8310540711129812,0.8818027210884353
354,13,41,9,10,0.7397260273972602,0.6926086956521739,0.82,0.5652173913043478,0.8118811881188119,0.5652173913043478,0.82,0.5777777777777777,0.6948294829482948,0.8034782608695652
355,21,37,4,11,0.7945205479452054,0.7793445121951219,0.9024390243902439,0.65625,0.8314606741573034,0.65625,0.9024390243902439,0.7368421052631579,0.7841513897102306,0.8620426829268293
356,17,41,8,7,0.7945205479452054,0.7725340136054422,0.8367346938775511,0.7083333333333334,0.845360824742268,0.7083333333333334,0.8367346938775511,0.6938775510204082,0.7696191878813381,0.8511904761904762
357,19,36,6,12,0.7534246575342466,0.7350230414746544,0.8571428571428571,0.6129032258064516,0.8,0.6129032258064516,0.8571428571428571,0.6785714285714286,0.7392857142857143,0.8425499231950845
358,17,41,4,11,0.7945205479452054,0.7591269841269841,0.9111111111111111,0.6071428571428571,0.845360824742268,0.6071428571428571,0.9111111111111111,0.6938775510204082,0.7696191878813381,0.8571428571428571
359,15,32,13,13,0.6438356164383562,0.6234126984126984,0.7111111111111111,0.5357142857142857,0.7111111111111111,0.5357142857142857,0.7111111111111111,0.5357142857142857,0.6234126984126984,0.7277777777777777
360,16,37,9,11,0.726027397260274,0.6984702093397746,0.8043478260869565,0.5925925925925926,0.7872340425531915,0.5925925925925926,0.8043478260869565,0.6153846153846154,0.7013093289689034,0.7962962962962963
361,15,47,5,6,0.8493150684931506,0.8090659340659341,0.9038461538461539,0.7142857142857143,0.8952380952380953,0.7142857142857143,0.9038461538461539,0.7317073170731707,0.813472706155633,0.8901098901098901
362,13,44,9,7,0.7808219178082192,0.7400943396226416,0.8301886792452831,0.65,0.8461538461538461,0.65,0.8301886792452831,0.6190476190476191,0.7326007326007327,0.839622641509434
363,17,36,6,14,0.726027397260274,0.7027649769585254,0.8571428571428571,0.5483870967741935,0.782608695652174,0.5483870967741935,0.8571428571428571,0.6296296296296297,0.7061191626409018,0.8294930875576036
364,11,40,9,13,0.6986301369863014,0.6373299319727891,0.8163265306122449,0.4583333333333333,0.7843137254901961,0.4583333333333333,0.8163265306122449,0.5,0.642156862745098,0.760204081632653
365,20,36,10,7,0.7671232876712328,0.7616747181964574,0.782608695652174,0.7407407407407407,0.8089887640449438,0.7407407407407407,0.782608695652174,0.7017543859649122,0.755371575004928,0.820450885668277
366,17,37,11,8,0.7397260273972602,0.7254166666666667,0.7708333333333334,0.68,0.7956989247311828,0.68,0.7708333333333334,0.6415094339622641,0.7186041793467235,0.8216666666666667
367,15,45,7,6,0.821917808219178,0.7898351648351649,0.8653846153846154,0.7142857142857143,0.8737864077669902,0.7142857142857143,0.8653846153846154,0.6976744186046512,0.7857304131858207,0.8708791208791209
368,24,30,10,9,0.7397260273972602,0.7386363636363636,0.75,0.7272727272727273,0.759493670886076,0.7272727272727273,0.75,0.7164179104477612,0.7379557906669185,0.8227272727272728
369,14,38,9,12,0.7123287671232876,0.6734860883797054,0.8085106382978723,0.5384615384615384,0.7835051546391752,0.5384615384615384,0.8085106382978723,0.5714285714285714,0.6774668630338734,0.753682487725041
370,19,41,8,5,0.821917808219178,0.8142006802721089,0.8367346938775511,0.7916666666666666,0.8631578947368421,0.7916666666666666,0.8367346938775511,0.7450980392156863,0.8041279669762642,0.8690476190476191
371,16,42,7,8,0.7945205479452054,0.7619047619047619,0.8571428571428571,0.6666666666666666,0.8484848484848485,0.6666666666666666,0.8571428571428571,0.6808510638297872,0.7646679561573179,0.8435374149659864
372,21,39,6,7,0.821917808219178,0.8083333333333333,0.8666666666666667,0.75,0.8571428571428571,0.75,0.8666666666666667,0.7636363636363637,0.8103896103896104,0.8785714285714286
373,20,35,10,8,0.7534246575342466,0.746031746031746,0.7777777777777778,0.7142857142857143,0.7954545454545454,0.7142857142857143,0.7777777777777778,0.6896551724137931,0.7425548589341693,0.834920634920635
374,16,39,7,11,0.7534246575342466,0.7202093397745571,0.8478260869565217,0.5925925925925926,0.8125,0.5925925925925926,0.8478260869565217,0.64,0.7262500000000001,0.7632850241545893
375,24,35,4,10,0.8082191780821918,0.801659125188537,0.8974358974358975,0.7058823529411765,0.8333333333333334,0.7058823529411765,0.8974358974358975,0.7741935483870968,0.803763440860215,0.8815987933634992
376,18,44,6,5,0.8493150684931506,0.831304347826087,0.88,0.782608695652174,0.8888888888888888,0.782608695652174,0.88,0.7659574468085106,0.8274231678486997,0.8860869565217391
377,23,34,10,6,0.7808219178082192,0.7829153605015674,0.7727272727272727,0.7931034482758621,0.8095238095238095,0.7931034482758621,0.7727272727272727,0.7419354838709677,0.7757296466973886,0.841692789968652
378,25,32,9,7,0.7808219178082192,0.7808689024390244,0.7804878048780488,0.78125,0.8,0.78125,0.7804878048780488,0.7575757575757576,0.7787878787878788,0.8689024390243902
379,26,32,9,6,0.7945205479452054,0.7964939024390244,0.7804878048780488,0.8125,0.810126582278481,0.8125,0.7804878048780488,0.7761194029850746,0.7931229926317778,0.8269817073170732
380,10,47,8,8,0.7808219178082192,0.705050505050505,0.8545454545454545,0.5555555555555556,0.8545454545454545,0.5555555555555556,0.8545454545454545,0.5555555555555556,0.705050505050505,0.8151515151515151
381,15,44,6,8,0.8082191780821918,0.7660869565217392,0.88,0.6521739130434783,0.8627450980392157,0.6521739130434783,0.88,0.6818181818181818,0.7722816399286987,0.8626086956521739
382,17,39,11,6,0.7671232876712328,0.7595652173913043,0.78,0.7391304347826086,0.8210526315789474,0.7391304347826086,0.78,0.6666666666666666,0.743859649122807,0.7869565217391304
383,19,37,10,7,0.7671232876712328,0.7590016366612111,0.7872340425531915,0.7307692307692307,0.8131868131868132,0.7307692307692307,0.7872340425531915,0.6909090909090909,0.752047952047952,0.8404255319148936
384,15,46,7,5,0.8356164383561644,0.8089622641509434,0.8679245283018868,0.75,0.8846153846153846,0.75,0.8679245283018868,0.7142857142857143,0.7994505494505495,0.8849056603773585
385,16,44,8,5,0.821917808219178,0.8040293040293041,0.8461538461538461,0.7619047619047619,0.8712871287128713,0.7619047619047619,0.8461538461538461,0.7111111111111111,0.7911991199119912,0.8736263736263735
386,21,39,7,6,0.821917808219178,0.8128019323671498,0.8478260869565217,0.7777777777777778,0.8571428571428571,0.7777777777777778,0.8478260869565217,0.7636363636363637,0.8103896103896104,0.8558776167471819
387,18,38,10,7,0.7671232876712328,0.7558333333333334,0.7916666666666666,0.72,0.8172043010752689,0.72,0.7916666666666666,0.6792452830188679,0.7482247920470684,0.8541666666666666
388,21,36,8,8,0.7808219178082192,0.7711598746081505,0.8181818181818182,0.7241379310344828,0.8181818181818182,0.7241379310344828,0.8181818181818182,0.7241379310344828,0.7711598746081505,0.8448275862068965
389,13,44,8,8,0.7808219178082192,0.7326007326007327,0.8461538461538461,0.6190476190476191,0.8461538461538461,0.6190476190476191,0.8461538461538461,0.6190476190476191,0.7326007326007327,0.8095238095238095
390,9,40,10,14,0.6712328767123288,0.5956521739130435,0.8,0.391304347826087,0.7692307692307693,0.391304347826087,0.8,0.42857142857142855,0.5989010989010989,0.7382608695652173
391,16,41,7,9,0.7808219178082192,0.7470833333333333,0.8541666666666666,0.64,0.8367346938775511,0.64,0.8541666666666666,0.6666666666666666,0.7517006802721089,0.8275
392,18,43,5,7,0.8356164383561644,0.8079166666666666,0.8958333333333334,0.72,0.8775510204081632,0.72,0.8958333333333334,0.75,0.8137755102040816,0.8583333333333334
393,22,35,10,6,0.7808219178082192,0.7817460317460317,0.7777777777777778,0.7857142857142857,0.813953488372093,0.7857142857142857,0.7777777777777778,0.7333333333333333,0.7736434108527132,0.8317460317460318
394,17,42,10,4,0.8082191780821918,0.8086080586080586,0.8076923076923077,0.8095238095238095,0.8571428571428571,0.8095238095238095,0.8076923076923077,0.7083333333333334,0.7827380952380952,0.8516483516483517
395,14,38,9,12,0.7123287671232876,0.6734860883797054,0.8085106382978723,0.5384615384615384,0.7835051546391752,0.5384615384615384,0.8085106382978723,0.5714285714285714,0.6774668630338734,0.751227495908347
396,17,42,8,6,0.8082191780821918,0.7895652173913044,0.84,0.7391304347826086,0.8571428571428571,0.7391304347826086,0.84,0.7083333333333334,0.7827380952380952,0.8504347826086956
397,12,42,13,6,0.7397260273972602,0.7151515151515151,0.7636363636363637,0.6666666666666666,0.8155339805825242,0.6666666666666666,0.7636363636363637,0.5581395348837209,0.6868367577331226,0.8131313131313131
398,16,34,12,11,0.684931506849315,0.6658615136876006,0.7391304347826086,0.5925925925925926,0.7472527472527473,0.5925925925925926,0.7391304347826086,0.5818181818181818,0.6645354645354645,0.7254428341384863
399,18,40,6,9,0.7945205479452054,0.7681159420289855,0.8695652173913043,0.6666666666666666,0.8421052631578947,0.6666666666666666,0.8695652173913043,0.7058823529411765,0.7739938080495357,0.8397745571658615
400,12,40,11,10,0.7123287671232876,0.6648841354723707,0.7843137254901961,0.5454545454545454,0.7920792079207921,0.5454545454545454,0.7843137254901961,0.5333333333333333,0.6627062706270628,0.8083778966131907
401,16,38,9,10,0.7397260273972602,0.7119476268412439,0.8085106382978723,0.6153846153846154,0.8,0.6153846153846154,0.8085106382978723,0.6274509803921569,0.7137254901960784,0.7864157119476268
402,20,38,5,10,0.7945205479452054,0.7751937984496124,0.8837209302325582,0.6666666666666666,0.8351648351648352,0.6666666666666666,0.8837209302325582,0.7272727272727273,0.7812187812187812,0.8348837209302326
403,17,40,5,11,0.7808219178082192,0.748015873015873,0.8888888888888888,0.6071428571428571,0.8333333333333334,0.6071428571428571,0.8888888888888888,0.68,0.7566666666666667,0.8507936507936508
404,25,30,11,7,0.7534246575342466,0.7564786585365854,0.7317073170731707,0.78125,0.7692307692307693,0.78125,0.7317073170731707,0.7352941176470589,0.752262443438914,0.8346036585365854
405,17,41,6,9,0.7945205479452054,0.7630932896890343,0.8723404255319149,0.6538461538461539,0.845360824742268,0.6538461538461539,0.8723404255319149,0.6938775510204082,0.7696191878813381,0.853518821603928
406,15,45,6,7,0.821917808219178,0.7820855614973261,0.8823529411764706,0.6818181818181818,0.8737864077669902,0.6818181818181818,0.8823529411764706,0.6976744186046512,0.7857304131858207,0.8467023172905527
407,19,39,6,9,0.7945205479452054,0.7726190476190476,0.8666666666666667,0.6785714285714286,0.8387096774193549,0.6785714285714286,0.8666666666666667,0.7169811320754716,0.7778454047474133,0.8642857142857142
408,18,36,10,9,0.7397260273972602,0.7246376811594203,0.782608695652174,0.6666666666666666,0.7912087912087912,0.6666666666666666,0.782608695652174,0.6545454545454545,0.7228771228771229,0.8188405797101449
409,16,40,10,7,0.7671232876712328,0.7478260869565218,0.8,0.6956521739130435,0.8247422680412371,0.6956521739130435,0.8,0.6530612244897959,0.7389017462655165,0.8208695652173914
410,21,37,8,7,0.7945205479452054,0.7861111111111111,0.8222222222222222,0.75,0.8314606741573034,0.75,0.8222222222222222,0.7368421052631579,0.7841513897102306,0.8555555555555555
411,17,38,9,9,0.7534246575342466,0.7311783960720131,0.8085106382978723,0.6538461538461539,0.8085106382978723,0.6538461538461539,0.8085106382978723,0.6538461538461539,0.7311783960720131,0.8109656301145662
412,16,44,6,7,0.821917808219178,0.7878260869565217,0.88,0.6956521739130435,0.8712871287128713,0.6956521739130435,0.88,0.7111111111111111,0.7911991199119912,0.8747826086956522
413,20,36,10,7,0.7671232876712328,0.7616747181964574,0.782608695652174,0.7407407407407407,0.8089887640449438,0.7407407407407407,0.782608695652174,0.7017543859649122,0.755371575004928,0.8776167471819646
414,20,37,7,9,0.7808219178082192,0.765282131661442,0.8409090909090909,0.6896551724137931,0.8222222222222222,0.6896551724137931,0.8409090909090909,0.7142857142857143,0.7682539682539682,0.8111285266457681
415,15,41,10,7,0.7671232876712328,0.7428698752228164,0.803921568627451,0.6818181818181818,0.8282828282828283,0.6818181818181818,0.803921568627451,0.6382978723404256,0.7332903503116269,0.8511586452762924
416,16,46,9,2,0.8493150684931506,0.8626262626262626,0.8363636363636363,0.8888888888888888,0.8932038834951457,0.8888888888888888,0.8363636363636363,0.7441860465116279,0.8186949650033868,0.898989898989899
417,13,45,12,3,0.7945205479452054,0.8009868421052632,0.7894736842105263,0.8125,0.8571428571428571,0.8125,0.7894736842105263,0.6341463414634146,0.7456445993031359,0.8618421052631579
418,25,31,7,10,0.7671232876712328,0.7650375939849624,0.8157894736842105,0.7142857142857143,0.7848101265822784,0.7142857142857143,0.8157894736842105,0.746268656716418,0.7655393916493483,0.8225563909774436
419,18,39,12,4,0.7808219178082192,0.7914438502673797,0.7647058823529411,0.8181818181818182,0.8297872340425532,0.8181818181818182,0.7647058823529411,0.6923076923076923,0.7610474631751227,0.8529411764705883
420,23,33,11,6,0.7671232876712328,0.771551724137931,0.75,0.7931034482758621,0.7951807228915663,0.7931034482758621,0.75,0.7301587301587301,0.7626697265251482,0.8056426332288401
421,18,32,9,14,0.684931506849315,0.6714939024390244,0.7804878048780488,0.5625,0.735632183908046,0.5625,0.7804878048780488,0.6101694915254238,0.6729008377167349,0.8003048780487805
422,18,37,10,8,0.7534246575342466,0.739770867430442,0.7872340425531915,0.6923076923076923,0.8043478260869565,0.6923076923076923,0.7872340425531915,0.6666666666666666,0.7355072463768115,0.8265139116202945
423,18,33,15,7,0.6986301369863014,0.70375,0.6875,0.72,0.75,0.72,0.6875,0.6206896551724138,0.6853448275862069,0.7733333333333333
424,20,29,11,13,0.6712328767123288,0.665530303030303,0.725,0.6060606060606061,0.7073170731707317,0.6060606060606061,0.725,0.625,0.6661585365853658,0.7871212121212121
425,16,40,8,9,0.7671232876712328,0.7366666666666667,0.8333333333333334,0.64,0.8247422680412371,0.64,0.8333333333333334,0.6530612244897959,0.7389017462655165,0.8424999999999999
426,18,43,9,3,0.8356164383561644,0.8420329670329669,0.8269230769230769,0.8571428571428571,0.8775510204081632,0.8571428571428571,0.8269230769230769,0.75,0.8137755102040816,0.8727106227106227
427,15,42,9,7,0.7808219178082192,0.7526737967914439,0.8235294117647058,0.6818181818181818,0.84,0.6818181818181818,0.8235294117647058,0.6521739130434783,0.7460869565217392,0.823529411764706
428,11,36,16,10,0.6438356164383562,0.6080586080586081,0.6923076923076923,0.5238095238095238,0.7346938775510204,0.5238095238095238,0.6923076923076923,0.4583333333333333,0.5965136054421769,0.7518315018315017
429,20,38,6,9,0.7945205479452054,0.7766457680250785,0.8636363636363636,0.6896551724137931,0.8351648351648352,0.6896551724137931,0.8636363636363636,0.7272727272727273,0.7812187812187812,0.8667711598746082
430,15,44,8,6,0.8082191780821918,0.7802197802197802,0.8461538461538461,0.7142857142857143,0.8627450980392157,0.7142857142857143,0.8461538461538461,0.6818181818181818,0.7722816399286987,0.8296703296703297
431,20,33,9,11,0.726027397260274,0.7154377880184332,0.7857142857142857,0.6451612903225806,0.7674418604651163,0.6451612903225806,0.7857142857142857,0.6666666666666666,0.7170542635658914,0.8118279569892474
432,17,41,8,7,0.7945205479452054,0.7725340136054422,0.8367346938775511,0.7083333333333334,0.845360824742268,0.7083333333333334,0.8367346938775511,0.6938775510204082,0.7696191878813381,0.8095238095238095
433,19,41,5,8,0.821917808219178,0.7975040257648953,0.8913043478260869,0.7037037037037037,0.8631578947368421,0.7037037037037037,0.8913043478260869,0.7450980392156863,0.8041279669762642,0.8824476650563606
434,18,39,11,5,0.7808219178082192,0.781304347826087,0.78,0.782608695652174,0.8297872340425532,0.782608695652174,0.78,0.6923076923076923,0.7610474631751227,0.842608695652174
435,15,36,14,8,0.6986301369863014,0.6860869565217391,0.72,0.6521739130434783,0.7659574468085106,0.6521739130434783,0.72,0.5769230769230769,0.6714402618657938,0.8243478260869566
436,18,43,7,5,0.8356164383561644,0.821304347826087,0.86,0.782608695652174,0.8775510204081632,0.782608695652174,0.86,0.75,0.8137755102040816,0.8739130434782608
437,16,41,9,7,0.7808219178082192,0.7578260869565216,0.82,0.6956521739130435,0.8367346938775511,0.6956521739130435,0.82,0.6666666666666666,0.7517006802721089,0.831304347826087
438,17,39,4,13,0.7671232876712328,0.7368217054263566,0.9069767441860465,0.5666666666666667,0.8210526315789474,0.5666666666666667,0.9069767441860465,0.6666666666666666,0.743859649122807,0.8395348837209302
439,17,39,9,8,0.7671232876712328,0.7462500000000001,0.8125,0.68,0.8210526315789474,0.68,0.8125,0.6666666666666666,0.743859649122807,0.8333333333333334
440,15,36,12,10,0.6986301369863014,0.675,0.75,0.6,0.7659574468085106,0.6,0.75,0.5769230769230769,0.6714402618657938,0.7975
441,18,37,11,7,0.7534246575342466,0.7454166666666666,0.7708333333333334,0.72,0.8043478260869565,0.72,0.7708333333333334,0.6666666666666666,0.7355072463768115,0.8066666666666668
442,22,37,9,5,0.8082191780821918,0.8095813204508857,0.8043478260869565,0.8148148148148148,0.8409090909090909,0.8148148148148148,0.8043478260869565,0.7586206896551724,0.7997648902821317,0.8800322061191627
443,17,43,6,7,0.821917808219178,0.7929421768707483,0.8775510204081632,0.7083333333333334,0.8686868686868687,0.7083333333333334,0.8775510204081632,0.723404255319149,0.7960455620030089,0.8545918367346939
444,20,32,7,14,0.7123287671232876,0.7043740573152337,0.8205128205128205,0.5882352941176471,0.7529411764705882,0.5882352941176471,0.8205128205128205,0.6557377049180327,0.7043394406943104,0.8438914027149322
445,15,44,9,5,0.8082191780821918,0.7900943396226415,0.8301886792452831,0.75,0.8627450980392157,0.75,0.8301886792452831,0.6818181818181818,0.7722816399286987,0.8754716981132076
446,25,32,9,7,0.7808219178082192,0.7808689024390244,0.7804878048780488,0.78125,0.8,0.78125,0.7804878048780488,0.7575757575757576,0.7787878787878788,0.8292682926829269
447,22,29,10,12,0.6986301369863014,0.6953242835595776,0.7435897435897436,0.6470588235294118,0.725,0.6470588235294118,0.7435897435897436,0.6666666666666666,0.6958333333333333,0.8220211161387632
448,14,37,9,13,0.6986301369863014,0.6614331723027376,0.8043478260869565,0.5185185185185185,0.7708333333333334,0.5185185185185185,0.8043478260869565,0.56,0.6654166666666668,0.751207729468599
449,19,35,11,8,0.7397260273972602,0.7322866344605475,0.7608695652173914,0.7037037037037037,0.7865168539325843,0.7037037037037037,0.7608695652173914,0.6666666666666666,0.7265917602996255,0.7971014492753623
450,18,34,11,10,0.7123287671232876,0.6992063492063492,0.7555555555555555,0.6428571428571429,0.7640449438202247,0.6428571428571429,0.7555555555555555,0.631578947368421,0.6978119455943228,0.7785714285714286
451,21,31,12,9,0.7123287671232876,0.7104651162790697,0.7209302325581395,0.7,0.7469879518072289,0.7,0.7209302325581395,0.6666666666666666,0.7068273092369477,0.7937984496124031
452,14,31,14,14,0.6164383561643836,0.5944444444444444,0.6888888888888889,0.5,0.6888888888888889,0.5,0.6888888888888889,0.5,0.5944444444444444,0.6547619047619048
453,20,31,12,10,0.6986301369863014,0.693798449612403,0.7209302325581395,0.6666666666666666,0.7380952380952381,0.6666666666666666,0.7209302325581395,0.6451612903225806,0.6916282642089093,0.8
454,18,31,15,9,0.6712328767123288,0.6702898550724637,0.6739130434782609,0.6666666666666666,0.7209302325581395,0.6666666666666666,0.6739130434782609,0.6,0.6604651162790698,0.7866344605475041
455,16,39,11,7,0.7534246575342466,0.7378260869565217,0.78,0.6956521739130435,0.8125,0.6956521739130435,0.78,0.64,0.7262500000000001,0.7999999999999999
456,10,36,15,12,0.6301369863013698,0.5802139037433155,0.7058823529411765,0.45454545454545453,0.7272727272727273,0.45454545454545453,0.7058823529411765,0.425531914893617,0.5764023210831721,0.6942959001782532
457,23,33,9,8,0.7671232876712328,0.7638248847926268,0.7857142857142857,0.7419354838709677,0.7951807228915663,0.7419354838709677,0.7857142857142857,0.7301587301587301,0.7626697265251482,0.8394777265745008
458,17,37,9,10,0.7397260273972602,0.7169887278582932,0.8043478260869565,0.6296296296296297,0.7956989247311828,0.6296296296296297,0.8043478260869565,0.6415094339622641,0.7186041793467235,0.7962962962962963
459,18,34,8,13,0.7123287671232876,0.6950844854070661,0.8095238095238095,0.5806451612903226,0.7640449438202247,0.5806451612903226,0.8095238095238095,0.631578947368421,0.6978119455943228,0.7987711213517665
460,20,40,8,5,0.821917808219178,0.8166666666666667,0.8333333333333334,0.8,0.8602150537634409,0.8,0.8333333333333334,0.7547169811320755,0.8074660174477581,0.8566666666666666
461,19,38,5,11,0.7808219178082192,0.7585271317829457,0.8837209302325582,0.6333333333333333,0.8260869565217391,0.6333333333333333,0.8837209302325582,0.7037037037037037,0.7648953301127215,0.8472868217054264
462,18,40,7,8,0.7945205479452054,0.7716857610474632,0.851063829787234,0.6923076923076923,0.8421052631578947,0.6923076923076923,0.851063829787234,0.7058823529411765,0.7739938080495357,0.867430441898527
463,13,43,7,10,0.7671232876712328,0.7126086956521739,0.86,0.5652173913043478,0.8349514563106796,0.5652173913043478,0.86,0.6046511627906976,0.7198013095506886,0.8365217391304347
464,24,30,10,9,0.7397260273972602,0.7386363636363636,0.75,0.7272727272727273,0.759493670886076,0.7272727272727273,0.75,0.7164179104477612,0.7379557906669185,0.7992424242424242
465,18,32,12,11,0.684931506849315,0.6739811912225706,0.7272727272727273,0.6206896551724138,0.735632183908046,0.6206896551724138,0.7272727272727273,0.6101694915254238,0.6729008377167349,0.7539184952978056
466,18,40,9,6,0.7945205479452054,0.7831632653061225,0.8163265306122449,0.75,0.8421052631578947,0.75,0.8163265306122449,0.7058823529411765,0.7739938080495357,0.836734693877551
467,18,41,10,4,0.8082191780821918,0.8110516934046346,0.803921568627451,0.8181818181818182,0.8541666666666666,0.8181818181818182,0.803921568627451,0.72,0.7870833333333334,0.8609625668449198
468,18,39,10,6,0.7808219178082192,0.7729591836734694,0.7959183673469388,0.75,0.8297872340425532,0.75,0.7959183673469388,0.6923076923076923,0.7610474631751227,0.8418367346938775
469,26,30,13,4,0.7671232876712328,0.7821705426356589,0.6976744186046512,0.8666666666666667,0.7792207792207793,0.8666666666666667,0.6976744186046512,0.7536231884057971,0.7664219838132882,0.8488372093023256
470,25,37,3,8,0.8493150684931506,0.8412878787878788,0.925,0.7575757575757576,0.8705882352941177,0.7575757575757576,0.925,0.819672131147541,0.8451301832208293,0.8871212121212121
471,22,34,6,11,0.7671232876712328,0.7583333333333333,0.85,0.6666666666666666,0.8,0.6666666666666666,0.85,0.7213114754098361,0.7606557377049181,0.8727272727272727
472,19,36,6,12,0.7534246575342466,0.7350230414746544,0.8571428571428571,0.6129032258064516,0.8,0.6129032258064516,0.8571428571428571,0.6785714285714286,0.7392857142857143,0.8279569892473119
473,14,43,7,9,0.7808219178082192,0.7343478260869565,0.86,0.6086956521739131,0.8431372549019608,0.6086956521739131,0.86,0.6363636363636364,0.7397504456327986,0.8669565217391304
474,17,35,9,12,0.7123287671232876,0.6908307210031348,0.7954545454545454,0.5862068965517241,0.7692307692307693,0.5862068965517241,0.7954545454545454,0.6181818181818182,0.6937062937062937,0.8236677115987461
475,18,42,10,3,0.821917808219178,0.8324175824175823,0.8076923076923077,0.8571428571428571,0.865979381443299,0.8571428571428571,0.8076923076923077,0.7346938775510204,0.8003366294971597,0.8708791208791209
476,24,37,8,4,0.8356164383561644,0.8396825396825396,0.8222222222222222,0.8571428571428571,0.8604651162790697,0.8571428571428571,0.8222222222222222,0.8,0.8302325581395349,0.9047619047619048
477,22,30,8,13,0.7123287671232876,0.7090225563909774,0.7894736842105263,0.6285714285714286,0.7407407407407407,0.6285714285714286,0.7894736842105263,0.676923076923077,0.7088319088319088,0.8090225563909774
478,19,33,13,8,0.7123287671232876,0.7105475040257649,0.717391304347826,0.7037037037037037,0.7586206896551724,0.7037037037037037,0.717391304347826,0.6440677966101694,0.7013442431326709,0.7898550724637682
479,22,34,10,7,0.7671232876712328,0.7656739811912225,0.7727272727272727,0.7586206896551724,0.8,0.7586206896551724,0.7727272727272727,0.7213114754098361,0.7606557377049181,0.7680250783699059
480,21,37,7,8,0.7945205479452054,0.7825235109717869,0.8409090909090909,0.7241379310344828,0.8314606741573034,0.7241379310344828,0.8409090909090909,0.7368421052631579,0.7841513897102306,0.8667711598746082
481,20,33,13,7,0.726027397260274,0.7290660225442833,0.717391304347826,0.7407407407407407,0.7674418604651163,0.7407407407407407,0.717391304347826,0.6666666666666666,0.7170542635658914,0.7946859903381642
482,17,44,5,7,0.8356164383561644,0.8031462585034014,0.8979591836734694,0.7083333333333334,0.88,0.7083333333333334,0.8979591836734694,0.7391304347826086,0.8095652173913044,0.8554421768707483
483,22,36,10,5,0.7945205479452054,0.7987117552334944,0.782608695652174,0.8148148148148148,0.8275862068965517,0.8148148148148148,0.782608695652174,0.7457627118644068,0.7866744593804793,0.8381642512077294
484,14,39,9,11,0.726027397260274,0.68625,0.8125,0.56,0.7959183673469388,0.56,0.8125,0.5833333333333334,0.689625850340136,0.7975
485,15,36,10,12,0.6986301369863014,0.6690821256038648,0.782608695652174,0.5555555555555556,0.7659574468085106,0.5555555555555556,0.782608695652174,0.5769230769230769,0.6714402618657938,0.7399355877616747
486,15,43,11,4,0.7945205479452054,0.7928849902534113,0.7962962962962963,0.7894736842105263,0.8514851485148515,0.7894736842105263,0.7962962962962963,0.6666666666666666,0.759075907590759,0.8606237816764132
487,20,37,9,7,0.7808219178082192,0.7725442834138486,0.8043478260869565,0.7407407407407407,0.8222222222222222,0.7407407407407407,0.8043478260869565,0.7142857142857143,0.7682539682539682,0.822866344605475
488,19,40,5,9,0.8082191780821918,0.7837301587301587,0.8888888888888888,0.6785714285714286,0.851063829787234,0.6785714285714286,0.8888888888888888,0.7307692307692307,0.7909165302782324,0.823015873015873
489,21,35,7,10,0.7671232876712328,0.7553763440860215,0.8333333333333334,0.6774193548387096,0.8045977011494253,0.6774193548387096,0.8333333333333334,0.711864406779661,0.7582310539645432,0.8410138248847926
490,24,29,11,9,0.726027397260274,0.7261363636363636,0.725,0.7272727272727273,0.7435897435897436,0.7272727272727273,0.725,0.7058823529411765,0.7247360482654601,0.7590909090909091
491,18,38,8,9,0.7671232876712328,0.7463768115942029,0.8260869565217391,0.6666666666666666,0.8172043010752689,0.6666666666666666,0.8260869565217391,0.6792452830188679,0.7482247920470684,0.8188405797101449
492,19,35,10,9,0.7397260273972602,0.7281746031746033,0.7777777777777778,0.6785714285714286,0.7865168539325843,0.6785714285714286,0.7777777777777778,0.6666666666666666,0.7265917602996255,0.8238095238095239
493,12,36,11,14,0.6575342465753424,0.613747954173486,0.7659574468085106,0.46153846153846156,0.7422680412371134,0.46153846153846156,0.7659574468085106,0.4897959183673469,0.6160319798022302,0.6857610474631751
494,22,36,11,4,0.7945205479452054,0.8060556464811783,0.7659574468085106,0.8461538461538461,0.8275862068965517,0.8461538461538461,0.7659574468085106,0.7457627118644068,0.7866744593804793,0.8715220949263502
495,16,46,7,4,0.8493150684931506,0.8339622641509434,0.8679245283018868,0.8,0.8932038834951457,0.8,0.8679245283018868,0.7441860465116279,0.8186949650033868,0.909433962264151
496,20,33,14,6,0.726027397260274,0.7356792144026187,0.7021276595744681,0.7692307692307693,0.7674418604651163,0.7692307692307693,0.7021276595744681,0.6666666666666666,0.7170542635658914,0.7626841243862521
497,17,40,12,4,0.7808219178082192,0.7893772893772895,0.7692307692307693,0.8095238095238095,0.8333333333333334,0.8095238095238095,0.7692307692307693,0.68,0.7566666666666667,0.869047619047619
498,25,31,8,9,0.7671232876712328,0.7650829562594268,0.7948717948717948,0.7352941176470589,0.7848101265822784,0.7352941176470589,0.7948717948717948,0.746268656716418,0.7655393916493483,0.832579185520362
499,13,37,11,12,0.684931506849315,0.6454166666666667,0.7708333333333334,0.52,0.7628865979381443,0.52,0.7708333333333334,0.5306122448979592,0.6467494214180518,0.7474999999999999
500,23,35,4,11,0.7945205479452054,0.7869532428355959,0.8974358974358975,0.6764705882352942,0.8235294117647058,0.6764705882352942,0.8974358974358975,0.7540983606557377,0.7888138862102217,0.8582202111613877
501,19,43,5,6,0.8493150684931506,0.8279166666666666,0.8958333333333334,0.76,0.8865979381443299,0.76,0.8958333333333334,0.7755102040816326,0.8310540711129812,0.8875
502,17,39,6,11,0.7671232876712328,0.736904761904762,0.8666666666666667,0.6071428571428571,0.8210526315789474,0.6071428571428571,0.8666666666666667,0.6666666666666666,0.743859649122807,0.7968253968253969
503,11,45,10,7,0.7671232876712328,0.7146464646464648,0.8181818181818182,0.6111111111111112,0.8411214953271028,0.6111111111111112,0.8181818181818182,0.5641025641025641,0.7026120297148335,0.8
504,17,36,11,9,0.726027397260274,0.7099018003273323,0.7659574468085106,0.6538461538461539,0.782608695652174,0.6538461538461539,0.7659574468085106,0.6296296296296297,0.7061191626409018,0.8166939443535188
505,22,33,12,6,0.7534246575342466,0.7595238095238095,0.7333333333333333,0.7857142857142857,0.7857142857142857,0.7857142857142857,0.7333333333333333,0.7096774193548387,0.7476958525345623,0.7817460317460317
506,17,35,10,11,0.7123287671232876,0.6924603174603174,0.7777777777777778,0.6071428571428571,0.7692307692307693,0.6071428571428571,0.7777777777777778,0.6181818181818182,0.6937062937062937,0.7785714285714286
507,24,34,10,5,0.7945205479452054,0.8001567398119123,0.7727272727272727,0.8275862068965517,0.8192771084337349,0.8275862068965517,0.7727272727272727,0.7619047619047619,0.7905909351692484,0.8463949843260188
508,15,43,11,4,0.7945205479452054,0.7928849902534113,0.7962962962962963,0.7894736842105263,0.8514851485148515,0.7894736842105263,0.7962962962962963,0.6666666666666666,0.759075907590759,0.8294346978557505
509,23,38,6,6,0.8356164383561644,0.8283699059561129,0.8636363636363636,0.7931034482758621,0.8636363636363636,0.7931034482758621,0.8636363636363636,0.7931034482758621,0.8283699059561129,0.9365203761755486
510,19,42,6,6,0.8356164383561644,0.8175,0.875,0.76,0.875,0.76,0.875,0.76,0.8175,0.8833333333333333
511,16,35,7,15,0.6986301369863014,0.674731182795699,0.8333333333333334,0.5161290322580645,0.7608695652173914,0.5161290322580645,0.8333333333333334,0.5925925925925926,0.676731078904992,0.7949308755760369
512,17,35,11,10,0.7123287671232876,0.6952495974235104,0.7608695652173914,0.6296296296296297,0.7692307692307693,0.6296296296296297,0.7608695652173914,0.6181818181818182,0.6937062937062937,0.8341384863123994
513,10,42,10,11,0.7123287671232876,0.6419413919413919,0.8076923076923077,0.47619047619047616,0.8,0.47619047619047616,0.8076923076923077,0.4878048780487805,0.6439024390243903,0.7380952380952381
514,27,35,7,4,0.8493150684931506,0.8521505376344086,0.8333333333333334,0.8709677419354839,0.8641975308641975,0.8709677419354839,0.8333333333333334,0.8307692307692308,0.8474833808167141,0.9055299539170507
515,18,42,8,5,0.821917808219178,0.811304347826087,0.84,0.782608695652174,0.865979381443299,0.782608695652174,0.84,0.7346938775510204,0.8003366294971597,0.8886956521739131
516,20,38,6,9,0.7945205479452054,0.7766457680250785,0.8636363636363636,0.6896551724137931,0.8351648351648352,0.6896551724137931,0.8636363636363636,0.7272727272727273,0.7812187812187812,0.7970219435736677
517,17,40,10,6,0.7808219178082192,0.7695652173913043,0.8,0.7391304347826086,0.8333333333333334,0.7391304347826086,0.8,0.68,0.7566666666666667,0.8130434782608696
518,25,33,8,7,0.7945205479452054,0.7930640243902439,0.8048780487804879,0.78125,0.8148148148148148,0.78125,0.8048780487804879,0.7692307692307693,0.792022792022792,0.8551829268292683
519,14,42,8,9,0.7671232876712328,0.7243478260869565,0.84,0.6086956521739131,0.8316831683168316,0.6086956521739131,0.84,0.6222222222222222,0.7269526952695269,0.808695652173913
520,12,45,9,7,0.7808219178082192,0.7324561403508771,0.8333333333333334,0.631578947368421,0.8490566037735849,0.631578947368421,0.8333333333333334,0.6,0.7245283018867925,0.8070175438596491
521,22,37,11,3,0.8082191780821918,0.8254166666666667,0.7708333333333334,0.88,0.8409090909090909,0.88,0.7708333333333334,0.7586206896551724,0.7997648902821317,0.8883333333333333
522,20,36,8,9,0.7671232876712328,0.7539184952978057,0.8181818181818182,0.6896551724137931,0.8089887640449438,0.6896551724137931,0.8181818181818182,0.7017543859649122,0.755371575004928,0.8330721003134796
523,13,44,10,6,0.7808219178082192,0.7495126705653021,0.8148148148148148,0.6842105263157895,0.8461538461538461,0.6842105263157895,0.8148148148148148,0.6190476190476191,0.7326007326007327,0.8528265107212476
524,17,38,11,7,0.7534246575342466,0.741921768707483,0.7755102040816326,0.7083333333333334,0.8085106382978723,0.7083333333333334,0.7755102040816326,0.6538461538461539,0.7311783960720131,0.8035714285714286
525,18,39,10,6,0.7808219178082192,0.7729591836734694,0.7959183673469388,0.75,0.8297872340425532,0.75,0.7959183673469388,0.6923076923076923,0.7610474631751227,0.8409863945578232
526,16,43,10,4,0.8082191780821918,0.8056603773584906,0.8113207547169812,0.8,0.86,0.8,0.8113207547169812,0.6956521739130435,0.7778260869565217,0.8745283018867924
527,20,34,11,8,0.7397260273972602,0.734920634920635,0.7555555555555555,0.7142857142857143,0.7816091954022989,0.7142857142857143,0.7555555555555555,0.6779661016949152,0.729787648548607,0.8142857142857143
528,16,38,9,10,0.7397260273972602,0.7119476268412439,0.8085106382978723,0.6153846153846154,0.8,0.6153846153846154,0.8085106382978723,0.6274509803921569,0.7137254901960784,0.8428805237315876
529,22,32,13,6,0.7397260273972602,0.7484126984126984,0.7111111111111111,0.7857142857142857,0.7710843373493976,0.7857142857142857,0.7111111111111111,0.6984126984126984,0.734748517881048,0.8007936507936508
530,24,27,13,9,0.6986301369863014,0.7011363636363637,0.675,0.7272727272727273,0.7105263157894737,0.7272727272727273,0.675,0.6857142857142857,0.6981203007518797,0.8212121212121212
531,15,44,8,6,0.8082191780821918,0.7802197802197802,0.8461538461538461,0.7142857142857143,0.8627450980392157,0.7142857142857143,0.8461538461538461,0.6818181818181818,0.7722816399286987,0.8672161172161172
532,18,33,12,10,0.6986301369863014,0.6880952380952381,0.7333333333333333,0.6428571428571429,0.75,0.6428571428571429,0.7333333333333333,0.6206896551724138,0.6853448275862069,0.8
533,14,46,6,7,0.821917808219178,0.7756410256410255,0.8846153846153846,0.6666666666666666,0.8761904761904762,0.6666666666666666,0.8846153846153846,0.6829268292682927,0.7795586527293845,0.8763736263736264
534,15,39,13,6,0.7397260273972602,0.7321428571428572,0.75,0.7142857142857143,0.8041237113402062,0.7142857142857143,0.75,0.6122448979591837,0.708184304649695,0.7875457875457875
535,22,31,11,9,0.726027397260274,0.7238863287250384,0.7380952380952381,0.7096774193548387,0.7560975609756098,0.7096774193548387,0.7380952380952381,0.6875,0.7217987804878049,0.8241167434715823
536,12,39,12,10,0.6986301369863014,0.6550802139037433,0.7647058823529411,0.5454545454545454,0.78,0.5454545454545454,0.7647058823529411,0.5217391304347826,0.6508695652173913,0.7967914438502675
537,19,44,3,7,0.863013698630137,0.8334697217675942,0.9361702127659575,0.7307692307692307,0.8979591836734694,0.7307692307692307,0.9361702127659575,0.7916666666666666,0.844812925170068,0.9042553191489361
538,12,48,9,4,0.821917808219178,0.7960526315789473,0.8421052631578947,0.75,0.8807339449541285,0.75,0.8421052631578947,0.6486486486486487,0.7646912968013886,0.8289473684210527
539,12,43,10,8,0.7534246575342466,0.7056603773584906,0.8113207547169812,0.6,0.8269230769230769,0.6,0.8113207547169812,0.5714285714285714,0.6991758241758241,0.7707547169811321
540,13,45,8,7,0.7945205479452054,0.7495283018867924,0.8490566037735849,0.65,0.8571428571428571,0.65,0.8490566037735849,0.6341463414634146,0.7456445993031359,0.8226415094339622
541,14,39,10,10,0.726027397260274,0.689625850340136,0.7959183673469388,0.5833333333333334,0.7959183673469388,0.5833333333333334,0.7959183673469388,0.5833333333333334,0.689625850340136,0.7857142857142857
542,12,40,10,11,0.7123287671232876,0.6608695652173913,0.8,0.5217391304347826,0.7920792079207921,0.5217391304347826,0.8,0.5333333333333333,0.6627062706270628,0.7765217391304348
543,23,38,2,10,0.8356164383561644,0.8234848484848485,0.95,0.696969696969697,0.8636363636363636,0.696969696969697,0.95,0.7931034482758621,0.8283699059561129,0.8901515151515151
544,22,30,9,12,0.7123287671232876,0.7081447963800905,0.7692307692307693,0.6470588235294118,0.7407407407407407,0.6470588235294118,0.7692307692307693,0.676923076923077,0.7088319088319088,0.8031674208144796
545,14,42,11,6,0.7671232876712328,0.7462264150943396,0.7924528301886793,0.7,0.8316831683168316,0.7,0.7924528301886793,0.6222222222222222,0.7269526952695269,0.8254716981132075
546,17,45,6,5,0.8493150684931506,0.8275401069518716,0.8823529411764706,0.7727272727272727,0.8910891089108911,0.7727272727272727,0.8823529411764706,0.7555555555555555,0.8233223322332233,0.8609625668449197
547,22,41,7,3,0.863013698630137,0.8670833333333333,0.8541666666666666,0.88,0.8913043478260869,0.88,0.8541666666666666,0.8148148148148148,0.8530595813204509,0.8891666666666667
548,24,37,6,6,0.8356164383561644,0.8302325581395349,0.8604651162790697,0.8,0.8604651162790697,0.8,0.8604651162790697,0.8,0.8302325581395349,0.8829457364341085
549,21,40,4,8,0.8356164383561644,0.8166144200626959,0.9090909090909091,0.7241379310344828,0.8695652173913043,0.7241379310344828,0.9090909090909091,0.7777777777777778,0.8236714975845411,0.8565830721003135
550,16,40,8,9,0.7671232876712328,0.7366666666666667,0.8333333333333334,0.64,0.8247422680412371,0.64,0.8333333333333334,0.6530612244897959,0.7389017462655165,0.8341666666666666
551,22,30,11,10,0.7123287671232876,0.7096036585365854,0.7317073170731707,0.6875,0.7407407407407407,0.6875,0.7317073170731707,0.676923076923077,0.7088319088319088,0.7774390243902439
552,21,34,7,11,0.7534246575342466,0.7427591463414633,0.8292682926829268,0.65625,0.7906976744186046,0.65625,0.8292682926829268,0.7,0.7453488372093022,0.7759146341463415
553,19,42,7,5,0.8356164383561644,0.8244047619047619,0.8571428571428571,0.7916666666666666,0.875,0.7916666666666666,0.8571428571428571,0.76,0.8175,0.8894557823129252
554,14,41,11,7,0.7534246575342466,0.7275641025641025,0.7884615384615384,0.6666666666666666,0.82,0.6666666666666666,0.7884615384615384,0.6086956521739131,0.7143478260869565,0.8452380952380952
555,15,42,9,7,0.7808219178082192,0.7526737967914439,0.8235294117647058,0.6818181818181818,0.84,0.6818181818181818,0.8235294117647058,0.6521739130434783,0.7460869565217392,0.8529411764705882
556,25,32,9,7,0.7808219178082192,0.7808689024390244,0.7804878048780488,0.78125,0.8,0.78125,0.7804878048780488,0.7575757575757576,0.7787878787878788,0.8521341463414634
557,16,44,7,6,0.821917808219178,0.7950089126559715,0.8627450980392157,0.7272727272727273,0.8712871287128713,0.7272727272727273,0.8627450980392157,0.7111111111111111,0.7911991199119912,0.8529411764705882
558,23,31,12,7,0.7397260273972602,0.743798449612403,0.7209302325581395,0.7666666666666667,0.7654320987654321,0.7666666666666667,0.7209302325581395,0.7076923076923077,0.7365622032288699,0.7790697674418604
559,14,37,14,8,0.6986301369863014,0.6809269162210339,0.7254901960784313,0.6363636363636364,0.7708333333333334,0.6363636363636364,0.7254901960784313,0.56,0.6654166666666668,0.749554367201426
560,20,36,10,7,0.7671232876712328,0.7616747181964574,0.782608695652174,0.7407407407407407,0.8089887640449438,0.7407407407407407,0.782608695652174,0.7017543859649122,0.755371575004928,0.855072463768116
561,21,34,6,12,0.7534246575342466,0.7431818181818182,0.85,0.6363636363636364,0.7906976744186046,0.6363636363636364,0.85,0.7,0.7453488372093022,0.8196969696969697
562,14,43,13,3,0.7808219178082192,0.7956932773109244,0.7678571428571429,0.8235294117647058,0.8431372549019608,0.8235294117647058,0.7678571428571429,0.6363636363636364,0.7397504456327986,0.8308823529411764
563,21,42,6,4,0.863013698630137,0.8574999999999999,0.875,0.84,0.8936170212765957,0.84,0.875,0.8076923076923077,0.8506546644844517,0.9116666666666666
564,14,42,7,10,0.7671232876712328,0.7202380952380952,0.8571428571428571,0.5833333333333334,0.8316831683168316,0.5833333333333334,0.8571428571428571,0.6222222222222222,0.7269526952695269,0.8350340136054422
565,12,43,5,13,0.7534246575342466,0.6879166666666667,0.8958333333333334,0.48,0.8269230769230769,0.48,0.8958333333333334,0.5714285714285714,0.6991758241758241,0.8175
566,24,31,10,8,0.7534246575342466,0.7530487804878049,0.7560975609756098,0.75,0.775,0.75,0.7560975609756098,0.7272727272727273,0.7511363636363637,0.8460365853658536
567,17,40,8,8,0.7808219178082192,0.7566666666666667,0.8333333333333334,0.68,0.8333333333333334,0.68,0.8333333333333334,0.68,0.7566666666666667,0.8441666666666666
568,17,43,9,4,0.821917808219178,0.8182234432234432,0.8269230769230769,0.8095238095238095,0.8686868686868687,0.8095238095238095,0.8269230769230769,0.723404255319149,0.7960455620030089,0.8470695970695971
569,22,34,8,9,0.7671232876712328,0.7596006144393241,0.8095238095238095,0.7096774193548387,0.8,0.7096774193548387,0.8095238095238095,0.7213114754098361,0.7606557377049181,0.8832565284178188
570,18,40,9,6,0.7945205479452054,0.7831632653061225,0.8163265306122449,0.75,0.8421052631578947,0.75,0.8163265306122449,0.7058823529411765,0.7739938080495357,0.8503401360544218
571,21,34,9,9,0.7534246575342466,0.7453488372093022,0.7906976744186046,0.7,0.7906976744186046,0.7,0.7906976744186046,0.7,0.7453488372093022,0.8372093023255813
572,20,30,9,14,0.684931506849315,0.6787330316742082,0.7692307692307693,0.5882352941176471,0.7228915662650602,0.5882352941176471,0.7692307692307693,0.6349206349206349,0.6789061005928476,0.7413273001508296
573,17,37,6,13,0.7397260273972602,0.7135658914728682,0.8604651162790697,0.5666666666666667,0.7956989247311828,0.5666666666666667,0.8604651162790697,0.6415094339622641,0.7186041793467235,0.882170542635659
574,18,41,7,7,0.8082191780821918,0.7870833333333334,0.8541666666666666,0.72,0.8541666666666666,0.72,0.8541666666666666,0.72,0.7870833333333334,0.8158333333333333
575,19,38,9,7,0.7808219178082192,0.7696399345335515,0.8085106382978723,0.7307692307692307,0.8260869565217391,0.7307692307692307,0.8085106382978723,0.7037037037037037,0.7648953301127215,0.8617021276595745
576,17,41,3,12,0.7945205479452054,0.7590125391849529,0.9318181818181818,0.5862068965517241,0.845360824742268,0.5862068965517241,0.9318181818181818,0.6938775510204082,0.7696191878813381,0.8299373040752351
577,19,41,7,6,0.821917808219178,0.8070833333333334,0.8541666666666666,0.76,0.8631578947368421,0.76,0.8541666666666666,0.7450980392156863,0.8041279669762642,0.885
578,23,36,7,7,0.8082191780821918,0.8019379844961241,0.8372093023255814,0.7666666666666667,0.8372093023255814,0.7666666666666667,0.8372093023255814,0.7666666666666667,0.8019379844961241,0.8697674418604652
579,19,40,7,7,0.8082191780821918,0.7909165302782324,0.851063829787234,0.7307692307692307,0.851063829787234,0.7307692307692307,0.851063829787234,0.7307692307692307,0.7909165302782324,0.8576104746317512
580,20,43,6,4,0.863013698630137,0.8554421768707483,0.8775510204081632,0.8333333333333334,0.8958333333333334,0.8333333333333334,0.8775510204081632,0.8,0.8479166666666667,0.9005102040816327
581,24,35,8,6,0.8082191780821918,0.8069767441860465,0.813953488372093,0.8,0.8333333333333334,0.8,0.813953488372093,0.7741935483870968,0.803763440860215,0.8612403100775194
582,15,43,9,6,0.7945205479452054,0.7706043956043955,0.8269230769230769,0.7142857142857143,0.8514851485148515,0.7142857142857143,0.8269230769230769,0.6666666666666666,0.759075907590759,0.8589743589743589
583,18,37,9,9,0.7534246575342466,0.7355072463768115,0.8043478260869565,0.6666666666666666,0.8043478260869565,0.6666666666666666,0.8043478260869565,0.6666666666666666,0.7355072463768115,0.8059581320450886
584,15,37,11,10,0.7123287671232876,0.6854166666666667,0.7708333333333334,0.6,0.7789473684210526,0.6,0.7708333333333334,0.5882352941176471,0.6835913312693498,0.7816666666666667
585,22,39,7,5,0.8356164383561644,0.8313204508856682,0.8478260869565217,0.8148148148148148,0.8666666666666667,0.8148148148148148,0.8478260869565217,0.7857142857142857,0.8261904761904761,0.8848631239935588
586,22,40,7,4,0.8493150684931506,0.8486088379705401,0.851063829787234,0.8461538461538461,0.8791208791208791,0.8461538461538461,0.851063829787234,0.8,0.8395604395604396,0.9214402618657939
587,21,37,10,5,0.7945205479452054,0.7974631751227497,0.7872340425531915,0.8076923076923077,0.8314606741573034,0.8076923076923077,0.7872340425531915,0.7368421052631579,0.7841513897102306,0.8346972176759411
588,12,41,8,12,0.726027397260274,0.6683673469387755,0.8367346938775511,0.5,0.803921568627451,0.5,0.8367346938775511,0.5454545454545454,0.6746880570409982,0.7959183673469388
589,21,40,9,3,0.8356164383561644,0.8456632653061225,0.8163265306122449,0.875,0.8695652173913043,0.875,0.8163265306122449,0.7777777777777778,0.8236714975845411,0.8835034013605443
590,16,40,8,9,0.7671232876712328,0.7366666666666667,0.8333333333333334,0.64,0.8247422680412371,0.64,0.8333333333333334,0.6530612244897959,0.7389017462655165,0.8008333333333334
591,14,48,7,4,0.8493150684931506,0.8252525252525252,0.8727272727272727,0.7777777777777778,0.897196261682243,0.7777777777777778,0.8727272727272727,0.717948717948718,0.8075724898154805,0.9151515151515152
592,19,38,5,11,0.7808219178082192,0.7585271317829457,0.8837209302325582,0.6333333333333333,0.8260869565217391,0.6333333333333333,0.8837209302325582,0.7037037037037037,0.7648953301127215,0.8651162790697674
593,11,44,9,9,0.7534246575342466,0.6900943396226416,0.8301886792452831,0.55,0.8301886792452831,0.55,0.8301886792452831,0.55,0.6900943396226416,0.7669811320754717
594,23,38,8,4,0.8356164383561644,0.8389694041867954,0.8260869565217391,0.8518518518518519,0.8636363636363636,0.8518518518518519,0.8260869565217391,0.7931034482758621,0.8283699059561129,0.9154589371980676
595,22,37,12,2,0.8082191780821918,0.8358843537414966,0.7551020408163265,0.9166666666666666,0.8409090909090909,0.9166666666666666,0.7551020408163265,0.7586206896551724,0.7997648902821317,0.8707482993197279
596,17,39,11,6,0.7671232876712328,0.7595652173913043,0.78,0.7391304347826086,0.8210526315789474,0.7391304347826086,0.78,0.6666666666666666,0.743859649122807,0.8217391304347826
597,18,30,15,10,0.6575342465753424,0.6547619047619048,0.6666666666666666,0.6428571428571429,0.7058823529411765,0.6428571428571429,0.6666666666666666,0.5901639344262295,0.648023143683703,0.7063492063492064
598,20,37,9,7,0.7808219178082192,0.7725442834138486,0.8043478260869565,0.7407407407407407,0.8222222222222222,0.7407407407407407,0.8043478260869565,0.7142857142857143,0.7682539682539682,0.8091787439613526
599,15,43,11,4,0.7945205479452054,0.7928849902534113,0.7962962962962963,0.7894736842105263,0.8514851485148515,0.7894736842105263,0.7962962962962963,0.6666666666666666,0.759075907590759,0.854775828460039
600,15,40,10,8,0.7534246575342466,0.7260869565217392,0.8,0.6521739130434783,0.8163265306122449,0.6521739130434783,0.8,0.625,0.7206632653061225,0.8208695652173913
601,22,41,6,4,0.863013698630137,0.8592471358428806,0.8723404255319149,0.8461538461538461,0.8913043478260869,0.8461538461538461,0.8723404255319149,0.8148148148148148,0.8530595813204509,0.8960720130932898
602,16,41,15,1,0.7808219178082192,0.8366596638655461,0.7321428571428571,0.9411764705882353,0.8367346938775511,0.9411764705882353,0.7321428571428571,0.6666666666666666,0.7517006802721089,0.8907563025210085
603,19,39,10,5,0.7945205479452054,0.7937925170068028,0.7959183673469388,0.7916666666666666,0.8387096774193549,0.7916666666666666,0.7959183673469388,0.7169811320754716,0.7778454047474133,0.8537414965986395
604,21,36,9,7,0.7808219178082192,0.775,0.8,0.75,0.8181818181818182,0.75,0.8,0.7241379310344828,0.7711598746081505,0.8555555555555556
605,21,41,6,5,0.8493150684931506,0.8400163666121113,0.8723404255319149,0.8076923076923077,0.8817204301075269,0.8076923076923077,0.8723404255319149,0.7924528301886793,0.837086630148103,0.9206219312602291
606,22,31,7,13,0.726027397260274,0.7221804511278196,0.8157894736842105,0.6285714285714286,0.7560975609756098,0.6285714285714286,0.8157894736842105,0.6875,0.7217987804878049,0.8330827067669172
607,23,38,10,2,0.8356164383561644,0.8558333333333333,0.7916666666666666,0.92,0.8636363636363636,0.92,0.7916666666666666,0.7931034482758621,0.8283699059561129,0.8891666666666667
608,21,35,11,6,0.7671232876712328,0.7693236714975846,0.7608695652173914,0.7777777777777778,0.8045977011494253,0.7777777777777778,0.7608695652173914,0.711864406779661,0.7582310539645432,0.8123993558776167
609,19,43,6,5,0.8493150684931506,0.8346088435374149,0.8775510204081632,0.7916666666666666,0.8865979381443299,0.7916666666666666,0.8775510204081632,0.7755102040816326,0.8310540711129812,0.9115646258503403
610,10,45,8,10,0.7534246575342466,0.6745283018867925,0.8490566037735849,0.5,0.8333333333333334,0.5,0.8490566037735849,0.5263157894736842,0.6798245614035088,0.789622641509434
611,15,40,9,9,0.7534246575342466,0.7206632653061225,0.8163265306122449,0.625,0.8163265306122449,0.625,0.8163265306122449,0.625,0.7206632653061225,0.7346938775510204
612,20,40,10,3,0.821917808219178,0.8347826086956522,0.8,0.8695652173913043,0.8602150537634409,0.8695652173913043,0.8,0.7547169811320755,0.8074660174477581,0.8999999999999999
613,16,36,16,5,0.7123287671232876,0.7271062271062271,0.6923076923076923,0.7619047619047619,0.7741935483870968,0.7619047619047619,0.6923076923076923,0.6037735849056604,0.6889835666463786,0.7847985347985348
614,13,45,9,6,0.7945205479452054,0.7587719298245614,0.8333333333333334,0.6842105263157895,0.8571428571428571,0.6842105263157895,0.8333333333333334,0.6341463414634146,0.7456445993031359,0.797270955165692
615,21,36,10,6,0.7808219178082192,0.7801932367149759,0.782608695652174,0.7777777777777778,0.8181818181818182,0.7777777777777778,0.782608695652174,0.7241379310344828,0.7711598746081505,0.8140096618357487
616,18,41,6,8,0.8082191780821918,0.7823240589198036,0.8723404255319149,0.6923076923076923,0.8541666666666666,0.6923076923076923,0.8723404255319149,0.72,0.7870833333333334,0.8232405891980361
617,16,42,4,11,0.7945205479452054,0.7528180354267311,0.9130434782608695,0.5925925925925926,0.8484848484848485,0.5925925925925926,0.9130434782608695,0.6808510638297872,0.7646679561573179,0.8856682769726248
618,19,45,7,2,0.8767123287671232,0.88507326007326,0.8653846153846154,0.9047619047619048,0.9090909090909091,0.9047619047619048,0.8653846153846154,0.8085106382978723,0.8588007736943907,0.9102564102564102
619,16,38,10,9,0.7397260273972602,0.7158333333333333,0.7916666666666666,0.64,0.8,0.64,0.7916666666666666,0.6274509803921569,0.7137254901960784,0.8158333333333333
620,19,37,12,5,0.7671232876712328,0.7733843537414966,0.7551020408163265,0.7916666666666666,0.8131868131868132,0.7916666666666666,0.7551020408163265,0.6909090909090909,0.752047952047952,0.8392857142857143
621,15,45,5,8,0.821917808219178,0.7760869565217392,0.9,0.6521739130434783,0.8737864077669902,0.6521739130434783,0.9,0.6976744186046512,0.7857304131858207,0.8556521739130435
622,21,36,8,8,0.7808219178082192,0.7711598746081505,0.8181818181818182,0.7241379310344828,0.8181818181818182,0.7241379310344828,0.8181818181818182,0.7241379310344828,0.7711598746081505,0.822884012539185
623,21,30,7,15,0.6986301369863014,0.6970720720720721,0.8108108108108109,0.5833333333333334,0.7317073170731707,0.5833333333333334,0.8108108108108109,0.65625,0.6939786585365854,0.8228228228228227
624,20,40,8,5,0.821917808219178,0.8166666666666667,0.8333333333333334,0.8,0.8602150537634409,0.8,0.8333333333333334,0.7547169811320755,0.8074660174477581,0.8708333333333332
625,19,45,4,5,0.8767123287671232,0.8550170068027211,0.9183673469387755,0.7916666666666666,0.9090909090909091,0.7916666666666666,0.9183673469387755,0.8085106382978723,0.8588007736943907,0.9013605442176871
626,14,44,9,6,0.7945205479452054,0.7650943396226415,0.8301886792452831,0.7,0.8543689320388349,0.7,0.8301886792452831,0.6511627906976745,0.7527658613682546,0.8452830188679246
627,23,37,6,7,0.821917808219178,0.8135658914728683,0.8604651162790697,0.7666666666666667,0.8505747126436781,0.7666666666666667,0.8604651162790697,0.7796610169491526,0.8151178647964153,0.8899224806201551
628,10,41,11,11,0.6986301369863014,0.6323260073260073,0.7884615384615384,0.47619047619047616,0.7884615384615384,0.47619047619047616,0.7884615384615384,0.47619047619047616,0.6323260073260073,0.7857142857142857
629,20,38,8,7,0.7945205479452054,0.7834138486312399,0.8260869565217391,0.7407407407407407,0.8351648351648352,0.7407407407407407,0.8260869565217391,0.7272727272727273,0.7812187812187812,0.8260869565217392
630,23,35,5,10,0.7945205479452054,0.7859848484848485,0.875,0.696969696969697,0.8235294117647058,0.696969696969697,0.875,0.7540983606557377,0.7888138862102217,0.8628787878787879
631,27,35,6,5,0.8493150684931506,0.8487042682926829,0.8536585365853658,0.84375,0.8641975308641975,0.84375,0.8536585365853658,0.8307692307692308,0.8474833808167141,0.8772865853658537
632,19,38,15,1,0.7808219178082192,0.8334905660377359,0.7169811320754716,0.95,0.8260869565217391,0.95,0.7169811320754716,0.7037037037037037,0.7648953301127215,0.8349056603773585
633,22,29,9,13,0.6986301369863014,0.6958646616541353,0.7631578947368421,0.6285714285714286,0.725,0.6285714285714286,0.7631578947368421,0.6666666666666666,0.6958333333333333,0.7962406015037594
634,17,35,15,6,0.7123287671232876,0.7195652173913043,0.7,0.7391304347826086,0.7692307692307693,0.7391304347826086,0.7,0.6181818181818182,0.6937062937062937,0.78
635,17,46,5,5,0.863013698630137,0.8373440285204992,0.9019607843137255,0.7727272727272727,0.9019607843137255,0.7727272727272727,0.9019607843137255,0.7727272727272727,0.8373440285204992,0.9491978609625669
636,12,50,7,4,0.8493150684931506,0.8135964912280702,0.8771929824561403,0.75,0.9009009009009009,0.75,0.8771929824561403,0.6857142857142857,0.7933075933075933,0.8475877192982456
637,18,43,6,6,0.8356164383561644,0.8137755102040816,0.8775510204081632,0.75,0.8775510204081632,0.75,0.8775510204081632,0.75,0.8137755102040816,0.8954081632653061
638,17,34,9,13,0.6986301369863014,0.6786821705426356,0.7906976744186046,0.5666666666666667,0.7555555555555555,0.5666666666666667,0.7906976744186046,0.6071428571428571,0.6813492063492064,0.7666666666666666
639,17,37,10,9,0.7397260273972602,0.7205400981996727,0.7872340425531915,0.6538461538461539,0.7956989247311828,0.6538461538461539,0.7872340425531915,0.6415094339622641,0.7186041793467235,0.837152209492635
640,18,39,5,11,0.7808219178082192,0.7535266457680251,0.8863636363636364,0.6206896551724138,0.8297872340425532,0.6206896551724138,0.8863636363636364,0.6923076923076923,0.7610474631751227,0.8142633228840126
641,19,39,7,8,0.7945205479452054,0.7757648953301127,0.8478260869565217,0.7037037037037037,0.8387096774193549,0.7037037037037037,0.8478260869565217,0.7169811320754716,0.7778454047474133,0.8639291465378423
642,15,42,9,7,0.7808219178082192,0.7526737967914439,0.8235294117647058,0.6818181818181818,0.84,0.6818181818181818,0.8235294117647058,0.6521739130434783,0.7460869565217392,0.8431372549019608
643,22,36,9,6,0.7945205479452054,0.7928571428571429,0.8,0.7857142857142857,0.8275862068965517,0.7857142857142857,0.8,0.7457627118644068,0.7866744593804793,0.8650793650793651
644,27,31,10,5,0.7945205479452054,0.7999237804878049,0.7560975609756098,0.84375,0.8051948051948052,0.84375,0.7560975609756098,0.782608695652174,0.7939017504234895,0.854420731707317
645,14,43,8,8,0.7808219178082192,0.7397504456327986,0.8431372549019608,0.6363636363636364,0.8431372549019608,0.6363636363636364,0.8431372549019608,0.6363636363636364,0.7397504456327986,0.8181818181818182
646,23,37,4,9,0.821917808219178,0.8105945121951219,0.9024390243902439,0.71875,0.8505747126436781,0.71875,0.9024390243902439,0.7796610169491526,0.8151178647964153,0.8887195121951219
647,19,36,5,13,0.7534246575342466,0.7358993902439024,0.8780487804878049,0.59375,0.8,0.59375,0.8780487804878049,0.6785714285714286,0.7392857142857143,0.8117378048780488
648,18,41,8,6,0.8082191780821918,0.7933673469387755,0.8367346938775511,0.75,0.8541666666666666,0.75,0.8367346938775511,0.72,0.7870833333333334,0.8120748299319728
649,22,38,5,8,0.821917808219178,0.8085271317829457,0.8837209302325582,0.7333333333333333,0.8539325842696629,0.7333333333333333,0.8837209302325582,0.7719298245614035,0.8129312044155332,0.8658914728682171
650,22,36,6,9,0.7945205479452054,0.7834101382488479,0.8571428571428571,0.7096774193548387,0.8275862068965517,0.7096774193548387,0.8571428571428571,0.7457627118644068,0.7866744593804793,0.8325652841781875
651,12,40,7,14,0.7123287671232876,0.6563011456628478,0.851063829787234,0.46153846153846156,0.7920792079207921,0.46153846153846156,0.851063829787234,0.5333333333333333,0.6627062706270628,0.7945990180032734
652,21,36,10,6,0.7808219178082192,0.7801932367149759,0.782608695652174,0.7777777777777778,0.8181818181818182,0.7777777777777778,0.782608695652174,0.7241379310344828,0.7711598746081505,0.8752012882447665
653,15,45,5,8,0.821917808219178,0.7760869565217392,0.9,0.6521739130434783,0.8737864077669902,0.6521739130434783,0.9,0.6976744186046512,0.7857304131858207,0.8443478260869566
654,11,45,8,9,0.7671232876712328,0.6995283018867925,0.8490566037735849,0.55,0.8411214953271028,0.55,0.8490566037735849,0.5641025641025641,0.7026120297148335,0.7962264150943397
655,14,50,6,3,0.8767123287671232,0.8581932773109244,0.8928571428571429,0.8235294117647058,0.9174311926605505,0.8235294117647058,0.8928571428571429,0.7567567567567568,0.8370939747086537,0.898109243697479
656,18,37,3,15,0.7534246575342466,0.7352272727272727,0.925,0.5454545454545454,0.8043478260869565,0.5454545454545454,0.925,0.6666666666666666,0.7355072463768115,0.9121212121212121
657,14,44,12,3,0.7945205479452054,0.8046218487394958,0.7857142857142857,0.8235294117647058,0.8543689320388349,0.8235294117647058,0.7857142857142857,0.6511627906976745,0.7527658613682546,0.8876050420168068
658,22,37,7,7,0.8082191780821918,0.7997648902821317,0.8409090909090909,0.7586206896551724,0.8409090909090909,0.7586206896551724,0.8409090909090909,0.7586206896551724,0.7997648902821317,0.8800940438871473
659,21,37,9,6,0.7945205479452054,0.7910628019323671,0.8043478260869565,0.7777777777777778,0.8314606741573034,0.7777777777777778,0.8043478260869565,0.7368421052631579,0.7841513897102306,0.8607085346215781
660,20,35,10,8,0.7534246575342466,0.746031746031746,0.7777777777777778,0.7142857142857143,0.7954545454545454,0.7142857142857143,0.7777777777777778,0.6896551724137931,0.7425548589341693,0.823015873015873
661,16,37,15,5,0.726027397260274,0.7367216117216118,0.7115384615384616,0.7619047619047619,0.7872340425531915,0.7619047619047619,0.7115384615384616,0.6153846153846154,0.7013093289689034,0.7884615384615384
662,17,39,7,10,0.7671232876712328,0.7387278582930756,0.8478260869565217,0.6296296296296297,0.8210526315789474,0.6296296296296297,0.8478260869565217,0.6666666666666666,0.743859649122807,0.8816425120772946
663,15,47,6,5,0.8493150684931506,0.8183962264150944,0.8867924528301887,0.75,0.8952380952380953,0.75,0.8867924528301887,0.7317073170731707,0.813472706155633,0.9160377358490567
664,18,40,7,8,0.7945205479452054,0.7716857610474632,0.851063829787234,0.6923076923076923,0.8421052631578947,0.6923076923076923,0.851063829787234,0.7058823529411765,0.7739938080495357,0.8265139116202946
665,13,42,11,7,0.7534246575342466,0.7212264150943397,0.7924528301886793,0.65,0.8235294117647058,0.65,0.7924528301886793,0.5909090909090909,0.7072192513368984,0.8160377358490566
666,18,34,12,9,0.7123287671232876,0.7028985507246377,0.7391304347826086,0.6666666666666666,0.7640449438202247,0.6666666666666666,0.7391304347826086,0.631578947368421,0.6978119455943228,0.7560386473429951
667,17,40,8,8,0.7808219178082192,0.7566666666666667,0.8333333333333334,0.68,0.8333333333333334,0.68,0.8333333333333334,0.68,0.7566666666666667,0.8408333333333333
668,14,40,10,9,0.7397260273972602,0.7043478260869566,0.8,0.6086956521739131,0.8080808080808081,0.6086956521739131,0.8,0.5957446808510638,0.7019127444659359,0.8234782608695653
669,16,43,7,7,0.8082191780821918,0.7778260869565217,0.86,0.6956521739130435,0.86,0.6956521739130435,0.86,0.6956521739130435,0.7778260869565217,0.8252173913043478
670,17,41,6,9,0.7945205479452054,0.7630932896890343,0.8723404255319149,0.6538461538461539,0.845360824742268,0.6538461538461539,0.8723404255319149,0.6938775510204082,0.7696191878813381,0.823240589198036
671,18,41,6,8,0.8082191780821918,0.7823240589198036,0.8723404255319149,0.6923076923076923,0.8541666666666666,0.6923076923076923,0.8723404255319149,0.72,0.7870833333333334,0.8747954173486089
672,18,37,7,11,0.7534246575342466,0.7307993730407524,0.8409090909090909,0.6206896551724138,0.8043478260869565,0.6206896551724138,0.8409090909090909,0.6666666666666666,0.7355072463768115,0.8158307210031348
673,17,38,9,9,0.7534246575342466,0.7311783960720131,0.8085106382978723,0.6538461538461539,0.8085106382978723,0.6538461538461539,0.8085106382978723,0.6538461538461539,0.7311783960720131,0.8150572831423895
674,17,38,11,7,0.7534246575342466,0.741921768707483,0.7755102040816326,0.7083333333333334,0.8085106382978723,0.7083333333333334,0.7755102040816326,0.6538461538461539,0.7311783960720131,0.8545918367346939
675,21,33,11,8,0.7397260273972602,0.7370689655172413,0.75,0.7241379310344828,0.7764705882352941,0.7241379310344828,0.75,0.6885245901639344,0.7324975891996143,0.7946708463949843
676,22,36,9,6,0.7945205479452054,0.7928571428571429,0.8,0.7857142857142857,0.8275862068965517,0.7857142857142857,0.8,0.7457627118644068,0.7866744593804793,0.8452380952380952
677,17,42,6,8,0.8082191780821918,0.7775000000000001,0.875,0.68,0.8571428571428571,0.68,0.875,0.7083333333333334,0.7827380952380952,0.8516666666666667
678,10,38,13,12,0.6575342465753424,0.5998217468805704,0.7450980392156863,0.45454545454545453,0.7524752475247525,0.45454545454545453,0.7450980392156863,0.4444444444444444,0.5984598459845984,0.7192513368983957
679,22,34,7,10,0.7671232876712328,0.7583841463414633,0.8292682926829268,0.6875,0.8,0.6875,0.8292682926829268,0.7213114754098361,0.7606557377049181,0.8185975609756098
680,22,34,13,4,0.7671232876712328,0.7847790507364976,0.723404255319149,0.8461538461538461,0.8,0.8461538461538461,0.723404255319149,0.7213114754098361,0.7606557377049181,0.8265139116202945
681,24,36,6,7,0.821917808219178,0.8156682027649769,0.8571428571428571,0.7741935483870968,0.8470588235294118,0.7741935483870968,0.8571428571428571,0.7868852459016393,0.8169720347155256,0.8602150537634408
682,17,46,5,5,0.863013698630137,0.8373440285204992,0.9019607843137255,0.7727272727272727,0.9019607843137255,0.7727272727272727,0.9019607843137255,0.7727272727272727,0.8373440285204992,0.9090909090909092
683,16,41,8,8,0.7808219178082192,0.7517006802721089,0.8367346938775511,0.6666666666666666,0.8367346938775511,0.6666666666666666,0.8367346938775511,0.6666666666666666,0.7517006802721089,0.8180272108843537
684,23,34,5,11,0.7808219178082192,0.774132730015083,0.8717948717948718,0.6764705882352942,0.8095238095238095,0.6764705882352942,0.8717948717948718,0.7419354838709677,0.7757296466973886,0.8612368024132729
685,15,42,9,7,0.7808219178082192,0.7526737967914439,0.8235294117647058,0.6818181818181818,0.84,0.6818181818181818,0.8235294117647058,0.6521739130434783,0.7460869565217392,0.8431372549019609
686,16,39,13,5,0.7534246575342466,0.7559523809523809,0.75,0.7619047619047619,0.8125,0.7619047619047619,0.75,0.64,0.7262500000000001,0.8223443223443223
687,17,39,8,9,0.7671232876712328,0.7418166939443536,0.8297872340425532,0.6538461538461539,0.8210526315789474,0.6538461538461539,0.8297872340425532,0.6666666666666666,0.743859649122807,0.88379705400982
688,22,29,11,11,0.6986301369863014,0.6958333333333333,0.725,0.6666666666666666,0.725,0.6666666666666666,0.725,0.6666666666666666,0.6958333333333333,0.8068181818181819
689,25,31,8,9,0.7671232876712328,0.7650829562594268,0.7948717948717948,0.7352941176470589,0.7848101265822784,0.7352941176470589,0.7948717948717948,0.746268656716418,0.7655393916493483,0.8597285067873303
690,16,44,6,7,0.821917808219178,0.7878260869565217,0.88,0.6956521739130435,0.8712871287128713,0.6956521739130435,0.88,0.7111111111111111,0.7911991199119912,0.9069565217391304
691,18,41,8,6,0.8082191780821918,0.7933673469387755,0.8367346938775511,0.75,0.8541666666666666,0.75,0.8367346938775511,0.72,0.7870833333333334,0.8401360544217688
692,19,32,16,6,0.6986301369863014,0.7133333333333334,0.6666666666666666,0.76,0.7441860465116279,0.76,0.6666666666666666,0.6333333333333333,0.6887596899224806,0.7858333333333333
693,20,43,4,6,0.863013698630137,0.8420621931260229,0.9148936170212766,0.7692307692307693,0.8958333333333334,0.7692307692307693,0.9148936170212766,0.8,0.8479166666666667,0.8617021276595745
694,18,35,6,14,0.726027397260274,0.7080792682926829,0.8536585365853658,0.5625,0.7777777777777778,0.5625,0.8536585365853658,0.6428571428571429,0.7103174603174603,0.801829268292683
695,18,41,3,11,0.8082191780821918,0.7762539184952978,0.9318181818181818,0.6206896551724138,0.8541666666666666,0.6206896551724138,0.9318181818181818,0.72,0.7870833333333334,0.8636363636363636
696,15,35,12,11,0.684931506849315,0.6608019639934533,0.7446808510638298,0.5769230769230769,0.7526881720430108,0.5769230769230769,0.7446808510638298,0.5660377358490566,0.6593629539460337,0.7103109656301146
697,17,38,11,7,0.7534246575342466,0.741921768707483,0.7755102040816326,0.7083333333333334,0.8085106382978723,0.7083333333333334,0.7755102040816326,0.6538461538461539,0.7311783960720131,0.8129251700680272
698,22,38,5,8,0.821917808219178,0.8085271317829457,0.8837209302325582,0.7333333333333333,0.8539325842696629,0.7333333333333333,0.8837209302325582,0.7719298245614035,0.8129312044155332,0.8852713178294573
699,14,44,6,9,0.7945205479452054,0.7443478260869565,0.88,0.6086956521739131,0.8543689320388349,0.6086956521739131,0.88,0.6511627906976745,0.7527658613682546,0.8626086956521739
700,14,42,9,8,0.7671232876712328,0.7299465240641712,0.8235294117647058,0.6363636363636364,0.8316831683168316,0.6363636363636364,0.8235294117647058,0.6222222222222222,0.7269526952695269,0.8707664884135473
701,18,35,10,10,0.726027397260274,0.7103174603174603,0.7777777777777778,0.6428571428571429,0.7777777777777778,0.6428571428571429,0.7777777777777778,0.6428571428571429,0.7103174603174603,0.7761904761904762
702,21,38,12,2,0.8082191780821918,0.8365217391304347,0.76,0.9130434782608695,0.8444444444444444,0.9130434782608695,0.76,0.75,0.7972222222222223,0.8947826086956522
703,19,39,9,6,0.7945205479452054,0.78625,0.8125,0.76,0.8387096774193549,0.76,0.8125,0.7169811320754716,0.7778454047474133,0.8900000000000001
704,18,34,12,9,0.7123287671232876,0.7028985507246377,0.7391304347826086,0.6666666666666666,0.7640449438202247,0.6666666666666666,0.7391304347826086,0.631578947368421,0.6978119455943228,0.8164251207729468
705,15,41,10,7,0.7671232876712328,0.7428698752228164,0.803921568627451,0.6818181818181818,0.8282828282828283,0.6818181818181818,0.803921568627451,0.6382978723404256,0.7332903503116269,0.8244206773618539
706,16,36,9,12,0.7123287671232876,0.6857142857142857,0.8,0.5714285714285714,0.7741935483870968,0.5714285714285714,0.8,0.6037735849056604,0.6889835666463786,0.788888888888889
707,21,35,13,4,0.7671232876712328,0.7845833333333333,0.7291666666666666,0.84,0.8045977011494253,0.84,0.7291666666666666,0.711864406779661,0.7582310539645432,0.8416666666666667
708,16,36,10,11,0.7123287671232876,0.6876006441223832,0.782608695652174,0.5925925925925926,0.7741935483870968,0.5925925925925926,0.782608695652174,0.6037735849056604,0.6889835666463786,0.7793880837359098
709,21,37,10,5,0.7945205479452054,0.7974631751227497,0.7872340425531915,0.8076923076923077,0.8314606741573034,0.8076923076923077,0.7872340425531915,0.7368421052631579,0.7841513897102306,0.839607201309329
710,15,37,9,12,0.7123287671232876,0.6799516908212561,0.8043478260869565,0.5555555555555556,0.7789473684210526,0.5555555555555556,0.8043478260869565,0.5882352941176471,0.6835913312693498,0.8429951690821256
711,20,35,8,10,0.7534246575342466,0.7403100775193798,0.813953488372093,0.6666666666666666,0.7954545454545454,0.6666666666666666,0.813953488372093,0.6896551724137931,0.7425548589341693,0.8224806201550388
712,17,33,13,10,0.684931506849315,0.6735104669887279,0.717391304347826,0.6296296296296297,0.7415730337078652,0.6296296296296297,0.717391304347826,0.5964912280701754,0.6690321308890204,0.7407407407407407
713,17,32,13,11,0.6712328767123288,0.6591269841269841,0.7111111111111111,0.6071428571428571,0.7272727272727273,0.6071428571428571,0.7111111111111111,0.5862068965517241,0.6567398119122256,0.7468253968253968
714,13,43,8,9,0.7671232876712328,0.7170231729055259,0.8431372549019608,0.5909090909090909,0.8349514563106796,0.5909090909090909,0.8431372549019608,0.6046511627906976,0.7198013095506886,0.8253119429590017
715,22,40,9,2,0.8493150684931506,0.8664965986394557,0.8163265306122449,0.9166666666666666,0.8791208791208791,0.9166666666666666,0.8163265306122449,0.8,0.8395604395604396,0.8792517006802721
716,18,39,6,10,0.7808219178082192,0.7547619047619047,0.8666666666666667,0.6428571428571429,0.8297872340425532,0.6428571428571429,0.8666666666666667,0.6923076923076923,0.7610474631751227,0.8357142857142857
717,22,38,6,7,0.821917808219178,0.811128526645768,0.8636363636363636,0.7586206896551724,0.8539325842696629,0.7586206896551724,0.8636363636363636,0.7719298245614035,0.8129312044155332,0.9169278996865203
718,15,40,12,6,0.7534246575342466,0.7417582417582418,0.7692307692307693,0.7142857142857143,0.8163265306122449,0.7142857142857143,0.7692307692307693,0.625,0.7206632653061225,0.7847985347985348
719,15,37,11,10,0.7123287671232876,0.6854166666666667,0.7708333333333334,0.6,0.7789473684210526,0.6,0.7708333333333334,0.5882352941176471,0.6835913312693498,0.75
720,11,43,11,8,0.7397260273972602,0.6876218323586745,0.7962962962962963,0.5789473684210527,0.819047619047619,0.5789473684210527,0.7962962962962963,0.5365853658536586,0.6778164924506388,0.767056530214425
721,19,39,8,7,0.7945205479452054,0.7802782324058919,0.8297872340425532,0.7307692307692307,0.8387096774193549,0.7307692307692307,0.8297872340425532,0.7169811320754716,0.7778454047474133,0.8412438625204582
722,18,46,5,4,0.8767123287671232,0.8600713012477719,0.9019607843137255,0.8181818181818182,0.9108910891089109,0.8181818181818182,0.9019607843137255,0.8,0.8554455445544555,0.9099821746880571
723,14,47,7,5,0.8356164383561644,0.8036062378167641,0.8703703703703703,0.7368421052631579,0.8867924528301887,0.7368421052631579,0.8703703703703703,0.7,0.7933962264150943,0.8830409356725146
724,21,35,12,5,0.7671232876712328,0.7761865793780687,0.7446808510638298,0.8076923076923077,0.8045977011494253,0.8076923076923077,0.7446808510638298,0.711864406779661,0.7582310539645432,0.8109656301145663
725,17,40,12,4,0.7808219178082192,0.7893772893772895,0.7692307692307693,0.8095238095238095,0.8333333333333334,0.8095238095238095,0.7692307692307693,0.68,0.7566666666666667,0.8763736263736264
726,21,33,13,6,0.7397260273972602,0.7475845410628019,0.717391304347826,0.7777777777777778,0.7764705882352941,0.7777777777777778,0.717391304347826,0.6885245901639344,0.7324975891996143,0.8317230273752012
727,20,43,6,4,0.863013698630137,0.8554421768707483,0.8775510204081632,0.8333333333333334,0.8958333333333334,0.8333333333333334,0.8775510204081632,0.8,0.8479166666666667,0.9234693877551021
728,18,43,7,5,0.8356164383561644,0.821304347826087,0.86,0.782608695652174,0.8775510204081632,0.782608695652174,0.86,0.75,0.8137755102040816,0.8704347826086957
729,19,38,5,11,0.7808219178082192,0.7585271317829457,0.8837209302325582,0.6333333333333333,0.8260869565217391,0.6333333333333333,0.8837209302325582,0.7037037037037037,0.7648953301127215,0.8612403100775193
730,19,37,6,11,0.7671232876712328,0.7468992248062015,0.8604651162790697,0.6333333333333333,0.8131868131868132,0.6333333333333333,0.8604651162790697,0.6909090909090909,0.752047952047952,0.8705426356589148
731,18,35,12,8,0.726027397260274,0.718494271685761,0.7446808510638298,0.6923076923076923,0.7777777777777778,0.6923076923076923,0.7446808510638298,0.6428571428571429,0.7103174603174603,0.7798690671031097
732,13,37,12,11,0.684931506849315,0.6483843537414966,0.7551020408163265,0.5416666666666666,0.7628865979381443,0.5416666666666666,0.7551020408163265,0.5306122448979592,0.6467494214180518,0.7653061224489796
733,25,34,7,7,0.8082191780821918,0.8052591463414633,0.8292682926829268,0.78125,0.8292682926829268,0.78125,0.8292682926829268,0.78125,0.8052591463414633,0.8795731707317073
734,17,38,8,10,0.7534246575342466,0.7278582930756844,0.8260869565217391,0.6296296296296297,0.8085106382978723,0.6296296296296297,0.8260869565217391,0.6538461538461539,0.7311783960720131,0.822866344605475
735,16,38,10,9,0.7397260273972602,0.7158333333333333,0.7916666666666666,0.64,0.8,0.64,0.7916666666666666,0.6274509803921569,0.7137254901960784,0.8183333333333334
736,12,47,6,8,0.8082191780821918,0.7433962264150944,0.8867924528301887,0.6,0.8703703703703703,0.6,0.8867924528301887,0.631578947368421,0.7509746588693957,0.8320754716981131
737,17,36,13,7,0.726027397260274,0.7215136054421769,0.7346938775510204,0.7083333333333334,0.782608695652174,0.7083333333333334,0.7346938775510204,0.6296296296296297,0.7061191626409018,0.792517006802721
738,19,38,9,7,0.7808219178082192,0.7696399345335515,0.8085106382978723,0.7307692307692307,0.8260869565217391,0.7307692307692307,0.8085106382978723,0.7037037037037037,0.7648953301127215,0.8379705400981997
739,15,42,7,9,0.7808219178082192,0.7410714285714286,0.8571428571428571,0.625,0.84,0.625,0.8571428571428571,0.6521739130434783,0.7460869565217392,0.8018707482993197
740,18,35,12,8,0.726027397260274,0.718494271685761,0.7446808510638298,0.6923076923076923,0.7777777777777778,0.6923076923076923,0.7446808510638298,0.6428571428571429,0.7103174603174603,0.7970540098199673
741,14,35,15,9,0.6712328767123288,0.6543478260869565,0.7,0.6086956521739131,0.7446808510638298,0.6086956521739131,0.7,0.5384615384615384,0.6415711947626841,0.7539130434782609
742,19,46,4,4,0.8904109589041096,0.8730434782608696,0.92,0.8260869565217391,0.92,0.8260869565217391,0.92,0.8260869565217391,0.8730434782608696,0.9086956521739131
743,17,35,12,9,0.7123287671232876,0.6992635024549918,0.7446808510638298,0.6538461538461539,0.7692307692307693,0.6538461538461539,0.7446808510638298,0.6181818181818182,0.6937062937062937,0.76759410801964
744,14,37,12,10,0.6986301369863014,0.6692176870748299,0.7551020408163265,0.5833333333333334,0.7708333333333334,0.5833333333333334,0.7551020408163265,0.56,0.6654166666666668,0.7644557823129252
745,15,32,13,13,0.6438356164383562,0.6234126984126984,0.7111111111111111,0.5357142857142857,0.7111111111111111,0.5357142857142857,0.7111111111111111,0.5357142857142857,0.6234126984126984,0.7150793650793651
746,16,36,11,10,0.7123287671232876,0.690671031096563,0.7659574468085106,0.6153846153846154,0.7741935483870968,0.6153846153846154,0.7659574468085106,0.6037735849056604,0.6889835666463786,0.8355155482815058
747,14,44,10,5,0.7945205479452054,0.7758284600389863,0.8148148148148148,0.7368421052631579,0.8543689320388349,0.7368421052631579,0.8148148148148148,0.6511627906976745,0.7527658613682546,0.868421052631579
748,14,41,9,9,0.7534246575342466,0.7143478260869565,0.82,0.6086956521739131,0.82,0.6086956521739131,0.82,0.6086956521739131,0.7143478260869565,0.7869565217391304
749,20,34,8,11,0.7397260273972602,0.7273425499231951,0.8095238095238095,0.6451612903225806,0.7816091954022989,0.6451612903225806,0.8095238095238095,0.6779661016949152,0.729787648548607,0.8394777265745007
750,12,47,6,8,0.8082191780821918,0.7433962264150944,0.8867924528301887,0.6,0.8703703703703703,0.6,0.8867924528301887,0.631578947368421,0.7509746588693957,0.8660377358490565
751,19,39,12,3,0.7945205479452054,0.8141711229946524,0.7647058823529411,0.8636363636363636,0.8387096774193549,0.8636363636363636,0.7647058823529411,0.7169811320754716,0.7778454047474133,0.8351158645276292
752,11,45,11,6,0.7671232876712328,0.7253151260504203,0.8035714285714286,0.6470588235294118,0.8411214953271028,0.6470588235294118,0.8035714285714286,0.5641025641025641,0.7026120297148335,0.8455882352941176
753,17,36,10,10,0.726027397260274,0.7061191626409018,0.782608695652174,0.6296296296296297,0.782608695652174,0.6296296296296297,0.782608695652174,0.6296296296296297,0.7061191626409018,0.7793880837359098
754,22,36,7,8,0.7945205479452054,0.7852713178294574,0.8372093023255814,0.7333333333333333,0.8275862068965517,0.7333333333333333,0.8372093023255814,0.7457627118644068,0.7866744593804793,0.837984496124031
755,17,44,6,6,0.8356164383561644,0.8095652173913044,0.88,0.7391304347826086,0.88,0.7391304347826086,0.88,0.7391304347826086,0.8095652173913044,0.8686956521739131
756,21,37,8,7,0.7945205479452054,0.7861111111111111,0.8222222222222222,0.75,0.8314606741573034,0.75,0.8222222222222222,0.7368421052631579,0.7841513897102306,0.8261904761904761
757,20,41,8,4,0.8356164383561644,0.8350340136054422,0.8367346938775511,0.8333333333333334,0.8723404255319149,0.8333333333333334,0.8367346938775511,0.7692307692307693,0.820785597381342,0.8886054421768708
758,24,38,5,6,0.8493150684931506,0.8418604651162791,0.8837209302325582,0.8,0.8735632183908046,0.8,0.8837209302325582,0.8135593220338984,0.8435612702123515,0.9023255813953488
759,18,39,8,8,0.7808219178082192,0.7610474631751227,0.8297872340425532,0.6923076923076923,0.8297872340425532,0.6923076923076923,0.8297872340425532,0.6923076923076923,0.7610474631751227,0.8240589198036006
760,15,42,6,10,0.7808219178082192,0.7375,0.875,0.6,0.84,0.6,0.875,0.6521739130434783,0.7460869565217392,0.8591666666666666
761,17,40,9,7,0.7808219178082192,0.7623299319727892,0.8163265306122449,0.7083333333333334,0.8333333333333334,0.7083333333333334,0.8163265306122449,0.68,0.7566666666666667,0.8579931972789117
762,18,38,9,8,0.7671232876712328,0.7504091653027822,0.8085106382978723,0.6923076923076923,0.8172043010752689,0.6923076923076923,0.8085106382978723,0.6792452830188679,0.7482247920470684,0.8248772504091653
763,19,37,7,10,0.7671232876712328,0.7480407523510972,0.8409090909090909,0.6551724137931034,0.8131868131868132,0.6551724137931034,0.8409090909090909,0.6909090909090909,0.752047952047952,0.8291536050156739
764,20,39,6,8,0.8082191780821918,0.7904761904761906,0.8666666666666667,0.7142857142857143,0.8478260869565217,0.7142857142857143,0.8666666666666667,0.7407407407407407,0.7942834138486312,0.8500000000000001
765,25,34,10,4,0.8082191780821918,0.817398119122257,0.7727272727272727,0.8620689655172413,0.8292682926829268,0.8620689655172413,0.7727272727272727,0.78125,0.8052591463414633,0.8824451410658306
766,21,31,9,12,0.7123287671232876,0.7056818181818182,0.775,0.6363636363636364,0.7469879518072289,0.6363636363636364,0.775,0.6666666666666666,0.7068273092369477,0.8075757575757576
767,10,43,10,10,0.726027397260274,0.6556603773584906,0.8113207547169812,0.5,0.8113207547169812,0.5,0.8113207547169812,0.5,0.6556603773584906,0.7764150943396226
768,16,40,10,7,0.7671232876712328,0.7478260869565218,0.8,0.6956521739130435,0.8247422680412371,0.6956521739130435,0.8,0.6530612244897959,0.7389017462655165,0.811304347826087
769,16,41,8,8,0.7808219178082192,0.7517006802721089,0.8367346938775511,0.6666666666666666,0.8367346938775511,0.6666666666666666,0.8367346938775511,0.6666666666666666,0.7517006802721089,0.8562925170068026
770,16,37,14,6,0.726027397260274,0.7263814616755793,0.7254901960784313,0.7272727272727273,0.7872340425531915,0.7272727272727273,0.7254901960784313,0.6153846153846154,0.7013093289689034,0.8074866310160428
771,11,42,14,6,0.726027397260274,0.6985294117647058,0.75,0.6470588235294118,0.8076923076923077,0.6470588235294118,0.75,0.5238095238095238,0.6657509157509158,0.8539915966386555
772,16,39,11,7,0.7534246575342466,0.7378260869565217,0.78,0.6956521739130435,0.8125,0.6956521739130435,0.78,0.64,0.7262500000000001,0.7695652173913043
773,16,40,7,10,0.7671232876712328,0.7332242225859247,0.851063829787234,0.6153846153846154,0.8247422680412371,0.6153846153846154,0.851063829787234,0.6530612244897959,0.7389017462655165,0.8011456628477904
774,17,42,12,2,0.8082191780821918,0.8362573099415205,0.7777777777777778,0.8947368421052632,0.8571428571428571,0.8947368421052632,0.7777777777777778,0.7083333333333334,0.7827380952380952,0.8840155945419104
775,18,42,8,5,0.821917808219178,0.811304347826087,0.84,0.782608695652174,0.865979381443299,0.782608695652174,0.84,0.7346938775510204,0.8003366294971597,0.8999999999999999
776,18,37,10,8,0.7534246575342466,0.739770867430442,0.7872340425531915,0.6923076923076923,0.8043478260869565,0.6923076923076923,0.7872340425531915,0.6666666666666666,0.7355072463768115,0.8216039279869067
777,20,34,10,9,0.7397260273972602,0.7311912225705329,0.7727272727272727,0.6896551724137931,0.7816091954022989,0.6896551724137931,0.7727272727272727,0.6779661016949152,0.729787648548607,0.8463949843260189
778,18,31,9,15,0.6712328767123288,0.6602272727272727,0.775,0.5454545454545454,0.7209302325581395,0.5454545454545454,0.775,0.6,0.6604651162790698,0.7537878787878788
779,20,35,13,5,0.7534246575342466,0.7645833333333334,0.7291666666666666,0.8,0.7954545454545454,0.8,0.7291666666666666,0.6896551724137931,0.7425548589341693,0.8333333333333334
780,13,39,6,15,0.7123287671232876,0.6654761904761906,0.8666666666666667,0.4642857142857143,0.7878787878787878,0.4642857142857143,0.8666666666666667,0.5531914893617021,0.6705351386202449,0.8174603174603174
781,15,45,6,7,0.821917808219178,0.7820855614973261,0.8823529411764706,0.6818181818181818,0.8737864077669902,0.6818181818181818,0.8823529411764706,0.6976744186046512,0.7857304131858207,0.8244206773618539
782,13,38,14,8,0.6986301369863014,0.674908424908425,0.7307692307692307,0.6190476190476191,0.7755102040816326,0.6190476190476191,0.7307692307692307,0.5416666666666666,0.6585884353741496,0.7902930402930404
783,22,39,5,7,0.8356164383561644,0.8224921630094044,0.8863636363636364,0.7586206896551724,0.8666666666666667,0.7586206896551724,0.8863636363636364,0.7857142857142857,0.8261904761904761,0.8934169278996865
784,10,46,8,9,0.7671232876712328,0.6890838206627681,0.8518518518518519,0.5263157894736842,0.8440366972477065,0.5263157894736842,0.8518518518518519,0.5405405405405406,0.6922886188941235,0.8031189083820662
785,19,33,8,13,0.7123287671232876,0.6993140243902439,0.8048780487804879,0.59375,0.7586206896551724,0.59375,0.8048780487804879,0.6440677966101694,0.7013442431326709,0.788109756097561
786,19,39,6,9,0.7945205479452054,0.7726190476190476,0.8666666666666667,0.6785714285714286,0.8387096774193549,0.6785714285714286,0.8666666666666667,0.7169811320754716,0.7778454047474133,0.8492063492063492
787,12,41,10,10,0.726027397260274,0.6746880570409982,0.803921568627451,0.5454545454545454,0.803921568627451,0.5454545454545454,0.803921568627451,0.5454545454545454,0.6746880570409982,0.7771836007130125
788,24,37,8,4,0.8356164383561644,0.8396825396825396,0.8222222222222222,0.8571428571428571,0.8604651162790697,0.8571428571428571,0.8222222222222222,0.8,0.8302325581395349,0.8555555555555555
789,15,39,10,9,0.7397260273972602,0.7104591836734694,0.7959183673469388,0.625,0.8041237113402062,0.625,0.7959183673469388,0.6122448979591837,0.708184304649695,0.8163265306122449
790,19,32,12,10,0.6986301369863014,0.6912225705329154,0.7272727272727273,0.6551724137931034,0.7441860465116279,0.6551724137931034,0.7272727272727273,0.6333333333333333,0.6887596899224806,0.7405956112852664
791,21,39,3,10,0.821917808219178,0.8029953917050692,0.9285714285714286,0.6774193548387096,0.8571428571428571,0.6774193548387096,0.9285714285714286,0.7636363636363637,0.8103896103896104,0.8955453149001537
792,15,43,11,4,0.7945205479452054,0.7928849902534113,0.7962962962962963,0.7894736842105263,0.8514851485148515,0.7894736842105263,0.7962962962962963,0.6666666666666666,0.759075907590759,0.8460038986354775
793,17,40,9,7,0.7808219178082192,0.7623299319727892,0.8163265306122449,0.7083333333333334,0.8333333333333334,0.7083333333333334,0.8163265306122449,0.68,0.7566666666666667,0.8409863945578232
794,24,29,6,14,0.726027397260274,0.7300751879699248,0.8285714285714286,0.631578947368421,0.7435897435897436,0.631578947368421,0.8285714285714286,0.7058823529411765,0.7247360482654601,0.8466165413533835
795,17,32,12,12,0.6712328767123288,0.6567398119122256,0.7272727272727273,0.5862068965517241,0.7272727272727273,0.5862068965517241,0.7272727272727273,0.5862068965517241,0.6567398119122256,0.7586206896551724
796,20,30,9,14,0.684931506849315,0.6787330316742082,0.7692307692307693,0.5882352941176471,0.7228915662650602,0.5882352941176471,0.7692307692307693,0.6349206349206349,0.6789061005928476,0.8159879336349924
797,22,39,6,6,0.8356164383561644,0.8261904761904761,0.8666666666666667,0.7857142857142857,0.8666666666666667,0.7857142857142857,0.8666666666666667,0.7857142857142857,0.8261904761904761,0.9142857142857143
798,21,35,9,8,0.7671232876712328,0.759796238244514,0.7954545454545454,0.7241379310344828,0.8045977011494253,0.7241379310344828,0.7954545454545454,0.711864406779661,0.7582310539645432,0.8040752351097179
799,20,36,6,11,0.7671232876712328,0.7511520737327189,0.8571428571428571,0.6451612903225806,0.8089887640449438,0.6451612903225806,0.8571428571428571,0.7017543859649122,0.755371575004928,0.837173579109063
800,18,35,10,10,0.726027397260274,0.7103174603174603,0.7777777777777778,0.6428571428571429,0.7777777777777778,0.6428571428571429,0.7777777777777778,0.6428571428571429,0.7103174603174603,0.8103174603174603
801,17,38,12,6,0.7534246575342466,0.7495652173913043,0.76,0.7391304347826086,0.8085106382978723,0.7391304347826086,0.76,0.6538461538461539,0.7311783960720131,0.8443478260869566
802,18,43,7,5,0.8356164383561644,0.821304347826087,0.86,0.782608695652174,0.8775510204081632,0.782608695652174,0.86,0.75,0.8137755102040816,0.8721739130434782
803,10,41,12,10,0.6986301369863014,0.6367924528301887,0.7735849056603774,0.5,0.7884615384615384,0.5,0.7735849056603774,0.47619047619047616,0.6323260073260073,0.6764150943396227
804,14,40,8,11,0.7397260273972602,0.6966666666666668,0.8333333333333334,0.56,0.8080808080808081,0.56,0.8333333333333334,0.5957446808510638,0.7019127444659359,0.7966666666666667
805,23,33,6,11,0.7671232876712328,0.7613122171945701,0.8461538461538461,0.6764705882352942,0.7951807228915663,0.6764705882352942,0.8461538461538461,0.7301587301587301,0.7626697265251482,0.8597285067873303
806,28,30,5,10,0.7945205479452054,0.7969924812030075,0.8571428571428571,0.7368421052631579,0.8,0.7368421052631579,0.8571428571428571,0.7887323943661971,0.7943661971830986,0.8909774436090225
807,14,42,8,9,0.7671232876712328,0.7243478260869565,0.84,0.6086956521739131,0.8316831683168316,0.6086956521739131,0.84,0.6222222222222222,0.7269526952695269,0.8608695652173912
808,16,40,8,9,0.7671232876712328,0.7366666666666667,0.8333333333333334,0.64,0.8247422680412371,0.64,0.8333333333333334,0.6530612244897959,0.7389017462655165,0.8775000000000001
809,15,32,12,14,0.6438356164383562,0.6222570532915361,0.7272727272727273,0.5172413793103449,0.7111111111111111,0.5172413793103449,0.7272727272727273,0.5357142857142857,0.6234126984126984,0.6567398119122256
810,20,39,9,5,0.8082191780821918,0.80625,0.8125,0.8,0.8478260869565217,0.8,0.8125,0.7407407407407407,0.7942834138486312,0.865
811,26,29,12,6,0.7534246575342466,0.7599085365853658,0.7073170731707317,0.8125,0.7631578947368421,0.8125,0.7073170731707317,0.7428571428571429,0.7530075187969925,0.8048780487804879
812,22,34,11,6,0.7671232876712328,0.7706349206349206,0.7555555555555555,0.7857142857142857,0.8,0.7857142857142857,0.7555555555555555,0.7213114754098361,0.7606557377049181,0.8944444444444445
813,20,35,6,12,0.7534246575342466,0.7393292682926829,0.8536585365853658,0.625,0.7954545454545454,0.625,0.8536585365853658,0.6896551724137931,0.7425548589341693,0.830030487804878
814,23,28,14,8,0.6986301369863014,0.7043010752688172,0.6666666666666666,0.7419354838709677,0.717948717948718,0.7419354838709677,0.6666666666666666,0.6764705882352942,0.697209653092006,0.7473118279569892
815,11,47,8,7,0.7945205479452054,0.7328282828282828,0.8545454545454545,0.6111111111111112,0.8623853211009175,0.6111111111111112,0.8545454545454545,0.5945945945945946,0.728489957847756,0.8171717171717171
816,19,34,10,10,0.726027397260274,0.7139498432601881,0.7727272727272727,0.6551724137931034,0.7727272727272727,0.6551724137931034,0.7727272727272727,0.6551724137931034,0.7139498432601881,0.7672413793103448
817,22,35,9,7,0.7808219178082192,0.7770376175548589,0.7954545454545454,0.7586206896551724,0.813953488372093,0.7586206896551724,0.7954545454545454,0.7333333333333333,0.7736434108527132,0.8268025078369906
818,20,36,12,5,0.7671232876712328,0.775,0.75,0.8,0.8089887640449438,0.8,0.75,0.7017543859649122,0.755371575004928,0.8283333333333334
819,21,35,7,10,0.7671232876712328,0.7553763440860215,0.8333333333333334,0.6774193548387096,0.8045977011494253,0.6774193548387096,0.8333333333333334,0.711864406779661,0.7582310539645432,0.8755760368663594
820,17,42,4,10,0.8082191780821918,0.7713365539452496,0.9130434782608695,0.6296296296296297,0.8571428571428571,0.6296296296296297,0.9130434782608695,0.7083333333333334,0.7827380952380952,0.8599033816425121
821,13,46,11,3,0.8082191780821918,0.8097587719298245,0.8070175438596491,0.8125,0.8679245283018868,0.8125,0.8070175438596491,0.65,0.7589622641509435,0.8662280701754386
822,18,41,7,7,0.8082191780821918,0.7870833333333334,0.8541666666666666,0.72,0.8541666666666666,0.72,0.8541666666666666,0.72,0.7870833333333334,0.8291666666666666
823,16,37,13,7,0.726027397260274,0.7178260869565217,0.74,0.6956521739130435,0.7872340425531915,0.6956521739130435,0.74,0.6153846153846154,0.7013093289689034,0.7513043478260869
824,24,33,9,7,0.7808219178082192,0.7799539170506913,0.7857142857142857,0.7741935483870968,0.8048780487804879,0.7741935483870968,0.7857142857142857,0.75,0.7774390243902439,0.8425499231950845
825,15,46,9,3,0.8356164383561644,0.8348484848484848,0.8363636363636363,0.8333333333333334,0.8846153846153846,0.8333333333333334,0.8363636363636363,0.7142857142857143,0.7994505494505495,0.8656565656565657
826,16,39,13,5,0.7534246575342466,0.7559523809523809,0.75,0.7619047619047619,0.8125,0.7619047619047619,0.75,0.64,0.7262500000000001,0.836080586080586
827,13,46,13,1,0.8082191780821918,0.8541162227602905,0.7796610169491526,0.9285714285714286,0.8679245283018868,0.9285714285714286,0.7796610169491526,0.65,0.7589622641509435,0.9249394673123487
828,13,41,10,9,0.7397260273972602,0.697415329768271,0.803921568627451,0.5909090909090909,0.8118811881188119,0.5909090909090909,0.803921568627451,0.5777777777777777,0.6948294829482948,0.8172905525846702
829,17,36,14,6,0.726027397260274,0.7295652173913043,0.72,0.7391304347826086,0.782608695652174,0.7391304347826086,0.72,0.6296296296296297,0.7061191626409018,0.8034782608695652
830,17,38,6,12,0.7534246575342466,0.7249216300940439,0.8636363636363636,0.5862068965517241,0.8085106382978723,0.5862068965517241,0.8636363636363636,0.6538461538461539,0.7311783960720131,0.8605015673981191
831,18,36,9,10,0.7397260273972602,0.7214285714285715,0.8,0.6428571428571429,0.7912087912087912,0.6428571428571429,0.8,0.6545454545454545,0.7228771228771229,0.803968253968254
832,22,32,9,10,0.7397260273972602,0.7339939024390244,0.7804878048780488,0.6875,0.7710843373493976,0.6875,0.7804878048780488,0.6984126984126984,0.734748517881048,0.8628048780487805
833,19,38,10,6,0.7808219178082192,0.7758333333333334,0.7916666666666666,0.76,0.8260869565217391,0.76,0.7916666666666666,0.7037037037037037,0.7648953301127215,0.8225
834,21,26,11,15,0.6438356164383562,0.6430180180180181,0.7027027027027027,0.5833333333333334,0.6666666666666666,0.5833333333333334,0.7027027027027027,0.6176470588235294,0.642156862745098,0.7184684684684685
835,21,41,7,4,0.8493150684931506,0.8470833333333333,0.8541666666666666,0.84,0.8817204301075269,0.84,0.8541666666666666,0.7924528301886793,0.837086630148103,0.8883333333333333
836,18,41,9,5,0.8082191780821918,0.801304347826087,0.82,0.782608695652174,0.8541666666666666,0.782608695652174,0.82,0.72,0.7870833333333334,0.888695652173913
837,20,34,10,9,0.7397260273972602,0.7311912225705329,0.7727272727272727,0.6896551724137931,0.7816091954022989,0.6896551724137931,0.7727272727272727,0.6779661016949152,0.729787648548607,0.7750783699059561
838,20,43,7,3,0.863013698630137,0.8647826086956522,0.86,0.8695652173913043,0.8958333333333334,0.8695652173913043,0.86,0.8,0.8479166666666667,0.8947826086956521
839,20,34,11,8,0.7397260273972602,0.734920634920635,0.7555555555555555,0.7142857142857143,0.7816091954022989,0.7142857142857143,0.7555555555555555,0.6779661016949152,0.729787648548607,0.8158730158730159
840,15,40,11,7,0.7534246575342466,0.7330659536541889,0.7843137254901961,0.6818181818181818,0.8163265306122449,0.6818181818181818,0.7843137254901961,0.625,0.7206632653061225,0.8155080213903744
841,17,41,8,7,0.7945205479452054,0.7725340136054422,0.8367346938775511,0.7083333333333334,0.845360824742268,0.7083333333333334,0.8367346938775511,0.6938775510204082,0.7696191878813381,0.8409863945578232
842,13,41,9,10,0.7397260273972602,0.6926086956521739,0.82,0.5652173913043478,0.8118811881188119,0.5652173913043478,0.82,0.5777777777777777,0.6948294829482948,0.797391304347826
843,22,39,8,4,0.8356164383561644,0.8379705400981996,0.8297872340425532,0.8461538461538461,0.8666666666666667,0.8461538461538461,0.8297872340425532,0.7857142857142857,0.8261904761904761,0.9058919803600655
844,14,43,11,5,0.7808219178082192,0.7665692007797271,0.7962962962962963,0.7368421052631579,0.8431372549019608,0.7368421052631579,0.7962962962962963,0.6363636363636364,0.7397504456327986,0.8576998050682262
845,15,39,10,9,0.7397260273972602,0.7104591836734694,0.7959183673469388,0.625,0.8041237113402062,0.625,0.7959183673469388,0.6122448979591837,0.708184304649695,0.7857142857142857
846,18,38,8,9,0.7671232876712328,0.7463768115942029,0.8260869565217391,0.6666666666666666,0.8172043010752689,0.6666666666666666,0.8260869565217391,0.6792452830188679,0.7482247920470684,0.8099838969404187
847,21,41,5,6,0.8493150684931506,0.8345410628019323,0.8913043478260869,0.7777777777777778,0.8817204301075269,0.7777777777777778,0.8913043478260869,0.7924528301886793,0.837086630148103,0.8904991948470209
848,15,43,7,8,0.7945205479452054,0.7560869565217392,0.86,0.6521739130434783,0.8514851485148515,0.6521739130434783,0.86,0.6666666666666666,0.759075907590759,0.8243478260869564
849,14,44,8,7,0.7945205479452054,0.7564102564102564,0.8461538461538461,0.6666666666666666,0.8543689320388349,0.6666666666666666,0.8461538461538461,0.6511627906976745,0.7527658613682546,0.8003663003663003
850,11,51,7,4,0.8493150684931506,0.8063218390804597,0.8793103448275862,0.7333333333333333,0.9026548672566371,0.7333333333333333,0.8793103448275862,0.6666666666666666,0.7846607669616519,0.8597701149425288
851,17,37,10,9,0.7397260273972602,0.7205400981996727,0.7872340425531915,0.6538461538461539,0.7956989247311828,0.6538461538461539,0.7872340425531915,0.6415094339622641,0.7186041793467235,0.7692307692307693
852,15,40,7,11,0.7534246575342466,0.7139934533551555,0.851063829787234,0.5769230769230769,0.8163265306122449,0.5769230769230769,0.851063829787234,0.625,0.7206632653061225,0.8322422258592471
853,19,32,13,9,0.6986301369863014,0.6948412698412698,0.7111111111111111,0.6785714285714286,0.7441860465116279,0.6785714285714286,0.7111111111111111,0.6333333333333333,0.6887596899224806,0.757936507936508
854,16,42,6,9,0.7945205479452054,0.7575000000000001,0.875,0.64,0.8484848484848485,0.64,0.875,0.6808510638297872,0.7646679561573179,0.8775000000000001
855,16,41,10,6,0.7808219178082192,0.7655971479500892,0.803921568627451,0.7272727272727273,0.8367346938775511,0.7272727272727273,0.803921568627451,0.6666666666666666,0.7517006802721089,0.7923351158645277
856,20,41,5,7,0.8356164383561644,0.8160225442834138,0.8913043478260869,0.7407407407407407,0.8723404255319149,0.7407407407407407,0.8913043478260869,0.7692307692307693,0.820785597381342,0.892914653784219
857,19,40,8,6,0.8082191780821918,0.7966666666666666,0.8333333333333334,0.76,0.851063829787234,0.76,0.8333333333333334,0.7307692307692307,0.7909165302782324,0.8291666666666667
858,13,41,12,7,0.7397260273972602,0.7117924528301887,0.7735849056603774,0.65,0.8118811881188119,0.65,0.7735849056603774,0.5777777777777777,0.6948294829482948,0.8113207547169811
859,21,46,3,3,0.9178082191780822,0.9068877551020409,0.9387755102040817,0.875,0.9387755102040817,0.875,0.9387755102040817,0.875,0.9068877551020409,0.9226190476190476
860,21,34,11,7,0.7534246575342466,0.7527777777777778,0.7555555555555555,0.75,0.7906976744186046,0.75,0.7555555555555555,0.7,0.7453488372093022,0.8007936507936508
861,16,40,8,9,0.7671232876712328,0.7366666666666667,0.8333333333333334,0.64,0.8247422680412371,0.64,0.8333333333333334,0.6530612244897959,0.7389017462655165,0.8516666666666667
862,13,41,7,12,0.7397260273972602,0.6870833333333333,0.8541666666666666,0.52,0.8118811881188119,0.52,0.8541666666666666,0.5777777777777777,0.6948294829482948,0.8216666666666667
863,13,47,11,2,0.821917808219178,0.8385057471264368,0.8103448275862069,0.8666666666666667,0.8785046728971962,0.8666666666666667,0.8103448275862069,0.6666666666666666,0.7725856697819314,0.925287356321839
864,15,41,10,7,0.7671232876712328,0.7428698752228164,0.803921568627451,0.6818181818181818,0.8282828282828283,0.6818181818181818,0.803921568627451,0.6382978723404256,0.7332903503116269,0.8529411764705882
865,24,36,7,6,0.821917808219178,0.8186046511627907,0.8372093023255814,0.8,0.8470588235294118,0.8,0.8372093023255814,0.7868852459016393,0.8169720347155256,0.8837209302325582
866,13,41,7,12,0.7397260273972602,0.6870833333333333,0.8541666666666666,0.52,0.8118811881188119,0.52,0.8541666666666666,0.5777777777777777,0.6948294829482948,0.7833333333333333
867,23,35,9,6,0.7945205479452054,0.7942789968652038,0.7954545454545454,0.7931034482758621,0.8235294117647058,0.7931034482758621,0.7954545454545454,0.7540983606557377,0.7888138862102217,0.8346394984326019
868,16,44,7,6,0.821917808219178,0.7950089126559715,0.8627450980392157,0.7272727272727273,0.8712871287128713,0.7272727272727273,0.8627450980392157,0.7111111111111111,0.7911991199119912,0.8752228163992869
869,12,46,10,5,0.7945205479452054,0.7636554621848739,0.8214285714285714,0.7058823529411765,0.8598130841121495,0.7058823529411765,0.8214285714285714,0.6153846153846154,0.7375988497483825,0.8823529411764707
870,19,33,12,9,0.7123287671232876,0.7059523809523809,0.7333333333333333,0.6785714285714286,0.7586206896551724,0.6785714285714286,0.7333333333333333,0.6440677966101694,0.7013442431326709,0.7880952380952381
871,21,33,7,12,0.7397260273972602,0.7306818181818182,0.825,0.6363636363636364,0.7764705882352941,0.6363636363636364,0.825,0.6885245901639344,0.7324975891996143,0.8196969696969697
872,14,39,12,8,0.726027397260274,0.7005347593582887,0.7647058823529411,0.6363636363636364,0.7959183673469388,0.6363636363636364,0.7647058823529411,0.5833333333333334,0.689625850340136,0.7905525846702317
873,15,40,7,11,0.7534246575342466,0.7139934533551555,0.851063829787234,0.5769230769230769,0.8163265306122449,0.5769230769230769,0.851063829787234,0.625,0.7206632653061225,0.7995090016366612
874,22,34,6,11,0.7671232876712328,0.7583333333333333,0.85,0.6666666666666666,0.8,0.6666666666666666,0.85,0.7213114754098361,0.7606557377049181,0.8772727272727272
875,15,43,5,10,0.7945205479452054,0.7479166666666667,0.8958333333333334,0.6,0.8514851485148515,0.6,0.8958333333333334,0.6666666666666666,0.759075907590759,0.8391666666666666
876,19,35,7,12,0.7397260273972602,0.7231182795698925,0.8333333333333334,0.6129032258064516,0.7865168539325843,0.6129032258064516,0.8333333333333334,0.6666666666666666,0.7265917602996255,0.8302611367127497
877,14,43,9,7,0.7808219178082192,0.7467948717948718,0.8269230769230769,0.6666666666666666,0.8431372549019608,0.6666666666666666,0.8269230769230769,0.6363636363636364,0.7397504456327986,0.8470695970695971
878,15,40,11,7,0.7534246575342466,0.7330659536541889,0.7843137254901961,0.6818181818181818,0.8163265306122449,0.6818181818181818,0.7843137254901961,0.625,0.7206632653061225,0.8074866310160428
879,21,37,7,8,0.7945205479452054,0.7825235109717869,0.8409090909090909,0.7241379310344828,0.8314606741573034,0.7241379310344828,0.8409090909090909,0.7368421052631579,0.7841513897102306,0.8644200626959248
880,11,38,15,9,0.6712328767123288,0.6334905660377359,0.7169811320754716,0.55,0.76,0.55,0.7169811320754716,0.4782608695652174,0.6191304347826088,0.7160377358490566
881,19,41,7,6,0.821917808219178,0.8070833333333334,0.8541666666666666,0.76,0.8631578947368421,0.76,0.8541666666666666,0.7450980392156863,0.8041279669762642,0.8541666666666666
882,19,38,8,8,0.7808219178082192,0.7648953301127215,0.8260869565217391,0.7037037037037037,0.8260869565217391,0.7037037037037037,0.8260869565217391,0.7037037037037037,0.7648953301127215,0.8590982286634461
883,22,36,13,2,0.7945205479452054,0.8256802721088435,0.7346938775510204,0.9166666666666666,0.8275862068965517,0.9166666666666666,0.7346938775510204,0.7457627118644068,0.7866744593804793,0.8562925170068028
884,22,37,10,4,0.8082191780821918,0.8166939443535188,0.7872340425531915,0.8461538461538461,0.8409090909090909,0.8461538461538461,0.7872340425531915,0.7586206896551724,0.7997648902821317,0.881342062193126
885,16,37,13,7,0.726027397260274,0.7178260869565217,0.74,0.6956521739130435,0.7872340425531915,0.6956521739130435,0.74,0.6153846153846154,0.7013093289689034,0.8043478260869565
886,16,41,5,11,0.7808219178082192,0.7419484702093397,0.8913043478260869,0.5925925925925926,0.8367346938775511,0.5925925925925926,0.8913043478260869,0.6666666666666666,0.7517006802721089,0.8325281803542673
887,20,37,10,6,0.7808219178082192,0.7782324058919804,0.7872340425531915,0.7692307692307693,0.8222222222222222,0.7692307692307693,0.7872340425531915,0.7142857142857143,0.7682539682539682,0.8191489361702128
888,17,36,13,7,0.726027397260274,0.7215136054421769,0.7346938775510204,0.7083333333333334,0.782608695652174,0.7083333333333334,0.7346938775510204,0.6296296296296297,0.7061191626409018,0.8035714285714285
889,26,36,6,5,0.8493150684931506,0.847926267281106,0.8571428571428571,0.8387096774193549,0.8674698795180723,0.8387096774193549,0.8571428571428571,0.8253968253968254,0.8464333524574488,0.8932411674347158
890,15,42,7,9,0.7808219178082192,0.7410714285714286,0.8571428571428571,0.625,0.84,0.625,0.8571428571428571,0.6521739130434783,0.7460869565217392,0.8630952380952381
891,14,41,9,9,0.7534246575342466,0.7143478260869565,0.82,0.6086956521739131,0.82,0.6086956521739131,0.82,0.6086956521739131,0.7143478260869565,0.8365217391304347
892,19,33,8,13,0.7123287671232876,0.6993140243902439,0.8048780487804879,0.59375,0.7586206896551724,0.59375,0.8048780487804879,0.6440677966101694,0.7013442431326709,0.7614329268292682
893,19,43,6,5,0.8493150684931506,0.8346088435374149,0.8775510204081632,0.7916666666666666,0.8865979381443299,0.7916666666666666,0.8775510204081632,0.7755102040816326,0.8310540711129812,0.9022108843537415
894,16,41,7,9,0.7808219178082192,0.7470833333333333,0.8541666666666666,0.64,0.8367346938775511,0.64,0.8541666666666666,0.6666666666666666,0.7517006802721089,0.83
895,15,41,8,9,0.7671232876712328,0.7308673469387755,0.8367346938775511,0.625,0.8282828282828283,0.625,0.8367346938775511,0.6382978723404256,0.7332903503116269,0.7993197278911565
896,18,40,9,6,0.7945205479452054,0.7831632653061225,0.8163265306122449,0.75,0.8421052631578947,0.75,0.8163265306122449,0.7058823529411765,0.7739938080495357,0.8358843537414966
897,22,38,9,4,0.821917808219178,0.8273322422258592,0.8085106382978723,0.8461538461538461,0.8539325842696629,0.8461538461538461,0.8085106382978723,0.7719298245614035,0.8129312044155332,0.8731587561374795
898,22,31,9,11,0.726027397260274,0.7208333333333333,0.775,0.6666666666666666,0.7560975609756098,0.6666666666666666,0.775,0.6875,0.7217987804878049,0.8151515151515152
899,20,42,4,7,0.8493150684931506,0.826892109500805,0.9130434782608695,0.7407407407407407,0.8842105263157894,0.7407407407407407,0.9130434782608695,0.7843137254901961,0.8342621259029928,0.8985507246376812
900,20,34,9,10,0.7397260273972602,0.7286821705426356,0.7906976744186046,0.6666666666666666,0.7816091954022989,0.6666666666666666,0.7906976744186046,0.6779661016949152,0.729787648548607,0.8496124031007752
901,20,38,11,4,0.7945205479452054,0.804421768707483,0.7755102040816326,0.8333333333333334,0.8351648351648352,0.8333333333333334,0.7755102040816326,0.7272727272727273,0.7812187812187812,0.8622448979591837
902,20,32,15,6,0.7123287671232876,0.7250409165302782,0.6808510638297872,0.7692307692307693,0.7529411764705882,0.7692307692307693,0.6808510638297872,0.6557377049180327,0.7043394406943104,0.8142389525368249
903,19,35,12,7,0.7397260273972602,0.7377250409165302,0.7446808510638298,0.7307692307692307,0.7865168539325843,0.7307692307692307,0.7446808510638298,0.6666666666666666,0.7265917602996255,0.8175122749590834
904,16,46,6,5,0.8493150684931506,0.8232600732600732,0.8846153846153846,0.7619047619047619,0.8932038834951457,0.7619047619047619,0.8846153846153846,0.7441860465116279,0.8186949650033868,0.8782051282051281
905,10,43,11,9,0.726027397260274,0.6613060428849902,0.7962962962962963,0.5263157894736842,0.8113207547169812,0.5263157894736842,0.7962962962962963,0.5,0.6556603773584906,0.7875243664717348
906,18,36,9,10,0.7397260273972602,0.7214285714285715,0.8,0.6428571428571429,0.7912087912087912,0.6428571428571429,0.8,0.6545454545454545,0.7228771228771229,0.7849206349206349
907,18,39,10,6,0.7808219178082192,0.7729591836734694,0.7959183673469388,0.75,0.8297872340425532,0.75,0.7959183673469388,0.6923076923076923,0.7610474631751227,0.8095238095238095
908,21,38,5,9,0.8082191780821918,0.791860465116279,0.8837209302325582,0.7,0.8444444444444444,0.7,0.8837209302325582,0.75,0.7972222222222223,0.8891472868217055
909,19,42,6,6,0.8356164383561644,0.8175,0.875,0.76,0.875,0.76,0.875,0.76,0.8175,0.8875
910,10,44,9,10,0.7397260273972602,0.6650943396226415,0.8301886792452831,0.5,0.822429906542056,0.5,0.8301886792452831,0.5128205128205128,0.6676252096812845,0.7820754716981132
911,21,37,9,6,0.7945205479452054,0.7910628019323671,0.8043478260869565,0.7777777777777778,0.8314606741573034,0.7777777777777778,0.8043478260869565,0.7368421052631579,0.7841513897102306,0.8792270531400966
912,18,36,9,10,0.7397260273972602,0.7214285714285715,0.8,0.6428571428571429,0.7912087912087912,0.6428571428571429,0.8,0.6545454545454545,0.7228771228771229,0.8158730158730159
913,15,47,7,4,0.8493150684931506,0.8299220272904484,0.8703703703703703,0.7894736842105263,0.8952380952380953,0.7894736842105263,0.8703703703703703,0.7317073170731707,0.813472706155633,0.8771929824561404
914,15,40,11,7,0.7534246575342466,0.7330659536541889,0.7843137254901961,0.6818181818181818,0.8163265306122449,0.6818181818181818,0.7843137254901961,0.625,0.7206632653061225,0.805704099821747
915,15,35,7,16,0.684931506849315,0.6586021505376345,0.8333333333333334,0.4838709677419355,0.7526881720430108,0.4838709677419355,0.8333333333333334,0.5660377358490566,0.6593629539460337,0.7780337941628264
916,17,45,6,5,0.8493150684931506,0.8275401069518716,0.8823529411764706,0.7727272727272727,0.8910891089108911,0.7727272727272727,0.8823529411764706,0.7555555555555555,0.8233223322332233,0.8912655971479501
917,24,36,9,4,0.821917808219178,0.8285714285714285,0.8,0.8571428571428571,0.8470588235294118,0.8571428571428571,0.8,0.7868852459016393,0.8169720347155256,0.8492063492063492
918,22,34,7,10,0.7671232876712328,0.7583841463414633,0.8292682926829268,0.6875,0.8,0.6875,0.8292682926829268,0.7213114754098361,0.7606557377049181,0.8635670731707317
919,19,38,7,9,0.7808219178082192,0.7615079365079365,0.8444444444444444,0.6785714285714286,0.8260869565217391,0.6785714285714286,0.8444444444444444,0.7037037037037037,0.7648953301127215,0.8507936507936509
920,23,27,10,13,0.684931506849315,0.6843093093093093,0.7297297297297297,0.6388888888888888,0.7012987012987013,0.6388888888888888,0.7297297297297297,0.6666666666666666,0.6839826839826839,0.7567567567567568
921,18,35,9,11,0.726027397260274,0.7080721003134796,0.7954545454545454,0.6206896551724138,0.7777777777777778,0.6206896551724138,0.7954545454545454,0.6428571428571429,0.7103174603174603,0.835423197492163
922,16,38,12,7,0.7397260273972602,0.7278260869565217,0.76,0.6956521739130435,0.8,0.6956521739130435,0.76,0.6274509803921569,0.7137254901960784,0.8565217391304347
923,18,40,10,5,0.7945205479452054,0.791304347826087,0.8,0.782608695652174,0.8421052631578947,0.782608695652174,0.8,0.7058823529411765,0.7739938080495357,0.9060869565217392
924,20,36,4,13,0.7671232876712328,0.753030303030303,0.9,0.6060606060606061,0.8089887640449438,0.6060606060606061,0.9,0.7017543859649122,0.755371575004928,0.853030303030303
925,14,43,11,5,0.7808219178082192,0.7665692007797271,0.7962962962962963,0.7368421052631579,0.8431372549019608,0.7368421052631579,0.7962962962962963,0.6363636363636364,0.7397504456327986,0.7923976608187134
926,15,38,15,5,0.726027397260274,0.7334905660377358,0.7169811320754716,0.75,0.7916666666666666,0.75,0.7169811320754716,0.6,0.6958333333333333,0.8179245283018868
927,18,33,13,9,0.6986301369863014,0.6920289855072463,0.717391304347826,0.6666666666666666,0.75,0.6666666666666666,0.717391304347826,0.6206896551724138,0.6853448275862069,0.8172302737520128
928,21,38,7,7,0.8082191780821918,0.7972222222222223,0.8444444444444444,0.75,0.8444444444444444,0.75,0.8444444444444444,0.75,0.7972222222222223,0.8484126984126984
929,18,37,12,6,0.7534246575342466,0.7525510204081632,0.7551020408163265,0.75,0.8043478260869565,0.75,0.7551020408163265,0.6666666666666666,0.7355072463768115,0.8248299319727891
930,18,42,6,7,0.821917808219178,0.7975,0.875,0.72,0.865979381443299,0.72,0.875,0.7346938775510204,0.8003366294971597,0.8541666666666666
931,17,42,9,5,0.8082191780821918,0.7981283422459893,0.8235294117647058,0.7727272727272727,0.8571428571428571,0.7727272727272727,0.8235294117647058,0.7083333333333334,0.7827380952380952,0.8921568627450981
932,19,34,8,12,0.726027397260274,0.7112135176651306,0.8095238095238095,0.6129032258064516,0.7727272727272727,0.6129032258064516,0.8095238095238095,0.6551724137931034,0.7139498432601881,0.7918586789554531
933,17,41,4,11,0.7945205479452054,0.7591269841269841,0.9111111111111111,0.6071428571428571,0.845360824742268,0.6071428571428571,0.9111111111111111,0.6938775510204082,0.7696191878813381,0.8404761904761905
934,20,34,8,11,0.7397260273972602,0.7273425499231951,0.8095238095238095,0.6451612903225806,0.7816091954022989,0.6451612903225806,0.8095238095238095,0.6779661016949152,0.729787648548607,0.804147465437788
935,21,38,7,7,0.8082191780821918,0.7972222222222223,0.8444444444444444,0.75,0.8444444444444444,0.75,0.8444444444444444,0.75,0.7972222222222223,0.8809523809523809
936,24,38,6,5,0.8493150684931506,0.8456112852664577,0.8636363636363636,0.8275862068965517,0.8735632183908046,0.8275862068965517,0.8636363636363636,0.8135593220338984,0.8435612702123515,0.8738244514106583
937,14,41,10,8,0.7534246575342466,0.7201426024955437,0.803921568627451,0.6363636363636364,0.82,0.6363636363636364,0.803921568627451,0.6086956521739131,0.7143478260869565,0.8199643493761141
938,15,40,11,7,0.7534246575342466,0.7330659536541889,0.7843137254901961,0.6818181818181818,0.8163265306122449,0.6818181818181818,0.7843137254901961,0.625,0.7206632653061225,0.8190730837789661
939,13,43,9,8,0.7671232876712328,0.722985347985348,0.8269230769230769,0.6190476190476191,0.8349514563106796,0.6190476190476191,0.8269230769230769,0.6046511627906976,0.7198013095506886,0.8278388278388278
940,16,39,9,9,0.7534246575342466,0.7262500000000001,0.8125,0.64,0.8125,0.64,0.8125,0.64,0.7262500000000001,0.84
941,15,41,8,9,0.7671232876712328,0.7308673469387755,0.8367346938775511,0.625,0.8282828282828283,0.625,0.8367346938775511,0.6382978723404256,0.7332903503116269,0.8112244897959183
942,21,34,9,9,0.7534246575342466,0.7453488372093022,0.7906976744186046,0.7,0.7906976744186046,0.7,0.7906976744186046,0.7,0.7453488372093022,0.8170542635658915
943,15,47,6,5,0.8493150684931506,0.8183962264150944,0.8867924528301887,0.75,0.8952380952380953,0.75,0.8867924528301887,0.7317073170731707,0.813472706155633,0.8490566037735848
944,21,41,8,3,0.8493150684931506,0.8558673469387755,0.8367346938775511,0.875,0.8817204301075269,0.875,0.8367346938775511,0.7924528301886793,0.837086630148103,0.8996598639455783
945,21,34,11,7,0.7534246575342466,0.7527777777777778,0.7555555555555555,0.75,0.7906976744186046,0.75,0.7555555555555555,0.7,0.7453488372093022,0.7690476190476191
946,13,48,6,6,0.8356164383561644,0.7865497076023391,0.8888888888888888,0.6842105263157895,0.8888888888888888,0.6842105263157895,0.8888888888888888,0.6842105263157895,0.7865497076023391,0.8654970760233919
947,13,43,9,8,0.7671232876712328,0.722985347985348,0.8269230769230769,0.6190476190476191,0.8349514563106796,0.6190476190476191,0.8269230769230769,0.6046511627906976,0.7198013095506886,0.8122710622710623
948,16,41,8,8,0.7808219178082192,0.7517006802721089,0.8367346938775511,0.6666666666666666,0.8367346938775511,0.6666666666666666,0.8367346938775511,0.6666666666666666,0.7517006802721089,0.8103741496598639
949,16,45,6,6,0.8356164383561644,0.8048128342245989,0.8823529411764706,0.7272727272727273,0.8823529411764706,0.7272727272727273,0.8823529411764706,0.7272727272727273,0.8048128342245989,0.8440285204991087
950,12,35,19,7,0.6438356164383562,0.6398635477582846,0.6481481481481481,0.631578947368421,0.7291666666666666,0.631578947368421,0.6481481481481481,0.48,0.6045833333333333,0.7115009746588694
951,12,45,9,7,0.7808219178082192,0.7324561403508771,0.8333333333333334,0.631578947368421,0.8490566037735849,0.631578947368421,0.8333333333333334,0.6,0.7245283018867925,0.8635477582846004
952,24,32,10,7,0.7671232876712328,0.7680491551459293,0.7619047619047619,0.7741935483870968,0.7901234567901234,0.7741935483870968,0.7619047619047619,0.7384615384615385,0.764292497625831,0.858678955453149
953,12,45,8,8,0.7808219178082192,0.7245283018867925,0.8490566037735849,0.6,0.8490566037735849,0.6,0.8490566037735849,0.6,0.7245283018867925,0.8141509433962264
954,17,46,6,4,0.863013698630137,0.8470695970695971,0.8846153846153846,0.8095238095238095,0.9019607843137255,0.8095238095238095,0.8846153846153846,0.7727272727272727,0.8373440285204992,0.8745421245421244
955,14,42,8,9,0.7671232876712328,0.7243478260869565,0.84,0.6086956521739131,0.8316831683168316,0.6086956521739131,0.84,0.6222222222222222,0.7269526952695269,0.7808695652173914
956,19,44,5,5,0.863013698630137,0.844812925170068,0.8979591836734694,0.7916666666666666,0.8979591836734694,0.7916666666666666,0.8979591836734694,0.7916666666666666,0.844812925170068,0.9047619047619048
957,16,36,11,10,0.7123287671232876,0.690671031096563,0.7659574468085106,0.6153846153846154,0.7741935483870968,0.6153846153846154,0.7659574468085106,0.6037735849056604,0.6889835666463786,0.7839607201309329
958,24,37,10,2,0.8356164383561644,0.8551554828150574,0.7872340425531915,0.9230769230769231,0.8604651162790697,0.9230769230769231,0.7872340425531915,0.8,0.8302325581395349,0.8707037643207856
959,17,38,9,9,0.7534246575342466,0.7311783960720131,0.8085106382978723,0.6538461538461539,0.8085106382978723,0.6538461538461539,0.8085106382978723,0.6538461538461539,0.7311783960720131,0.8207855973813422
960,17,41,10,5,0.7945205479452054,0.7883244206773619,0.803921568627451,0.7727272727272727,0.845360824742268,0.7727272727272727,0.803921568627451,0.6938775510204082,0.7696191878813381,0.877005347593583
961,17,45,8,3,0.8493150684931506,0.8495283018867925,0.8490566037735849,0.85,0.8910891089108911,0.85,0.8490566037735849,0.7555555555555555,0.8233223322332233,0.9037735849056603
962,15,34,13,11,0.6712328767123288,0.650163666121113,0.723404255319149,0.5769230769230769,0.7391304347826086,0.5769230769230769,0.723404255319149,0.5555555555555556,0.6473429951690821,0.7356792144026186
963,15,39,11,8,0.7397260273972602,0.7160869565217391,0.78,0.6521739130434783,0.8041237113402062,0.6521739130434783,0.78,0.6122448979591837,0.708184304649695,0.8252173913043479
964,17,39,9,8,0.7671232876712328,0.7462500000000001,0.8125,0.68,0.8210526315789474,0.68,0.8125,0.6666666666666666,0.743859649122807,0.8058333333333333
965,19,35,12,7,0.7397260273972602,0.7377250409165302,0.7446808510638298,0.7307692307692307,0.7865168539325843,0.7307692307692307,0.7446808510638298,0.6666666666666666,0.7265917602996255,0.7888707037643208
966,20,38,6,9,0.7945205479452054,0.7766457680250785,0.8636363636363636,0.6896551724137931,0.8351648351648352,0.6896551724137931,0.8636363636363636,0.7272727272727273,0.7812187812187812,0.8189655172413793
967,17,40,6,10,0.7808219178082192,0.749597423510467,0.8695652173913043,0.6296296296296297,0.8333333333333334,0.6296296296296297,0.8695652173913043,0.68,0.7566666666666667,0.8534621578099839
968,23,39,7,4,0.8493150684931506,0.8498389694041868,0.8478260869565217,0.8518518518518519,0.8764044943820225,0.8518518518518519,0.8478260869565217,0.8070175438596491,0.8417110191208358,0.927536231884058
969,12,47,8,6,0.8082191780821918,0.7606060606060605,0.8545454545454545,0.6666666666666666,0.8703703703703703,0.6666666666666666,0.8545454545454545,0.631578947368421,0.7509746588693957,0.8666666666666667
970,16,41,9,7,0.7808219178082192,0.7578260869565216,0.82,0.6956521739130435,0.8367346938775511,0.6956521739130435,0.82,0.6666666666666666,0.7517006802721089,0.8260869565217391
971,18,39,8,8,0.7808219178082192,0.7610474631751227,0.8297872340425532,0.6923076923076923,0.8297872340425532,0.6923076923076923,0.8297872340425532,0.6923076923076923,0.7610474631751227,0.8477905073649754
972,21,40,7,5,0.8356164383561644,0.8293780687397709,0.851063829787234,0.8076923076923077,0.8695652173913043,0.8076923076923077,0.851063829787234,0.7777777777777778,0.8236714975845411,0.8657937806873978
973,26,35,7,5,0.8356164383561644,0.8360215053763441,0.8333333333333334,0.8387096774193549,0.8536585365853658,0.8387096774193549,0.8333333333333334,0.8125,0.8330792682926829,0.8817204301075269
974,17,40,9,7,0.7808219178082192,0.7623299319727892,0.8163265306122449,0.7083333333333334,0.8333333333333334,0.7083333333333334,0.8163265306122449,0.68,0.7566666666666667,0.8554421768707483
975,13,41,9,10,0.7397260273972602,0.6926086956521739,0.82,0.5652173913043478,0.8118811881188119,0.5652173913043478,0.82,0.5777777777777777,0.6948294829482948,0.8156521739130435
976,21,36,9,7,0.7808219178082192,0.775,0.8,0.75,0.8181818181818182,0.75,0.8,0.7241379310344828,0.7711598746081505,0.8785714285714286
977,16,35,11,11,0.6986301369863014,0.676731078904992,0.7608695652173914,0.5925925925925926,0.7608695652173914,0.5925925925925926,0.7608695652173914,0.5925925925925926,0.676731078904992,0.7809983896940419
978,18,33,4,18,0.6986301369863014,0.6959459459459459,0.8918918918918919,0.5,0.75,0.5,0.8918918918918919,0.6206896551724138,0.6853448275862069,0.8708708708708709
979,23,38,3,9,0.8356164383561644,0.8227896341463414,0.926829268292683,0.71875,0.8636363636363636,0.71875,0.926829268292683,0.7931034482758621,0.8283699059561129,0.930640243902439
980,22,36,11,4,0.7945205479452054,0.8060556464811783,0.7659574468085106,0.8461538461538461,0.8275862068965517,0.8461538461538461,0.7659574468085106,0.7457627118644068,0.7866744593804793,0.8764320785597381
981,11,44,13,5,0.7534246575342466,0.7297149122807017,0.7719298245614035,0.6875,0.8301886792452831,0.6875,0.7719298245614035,0.55,0.6900943396226416,0.8048245614035088
982,25,36,3,9,0.8356164383561644,0.829185520361991,0.9230769230769231,0.7352941176470589,0.8571428571428571,0.7352941176470589,0.9230769230769231,0.8064516129032258,0.8317972350230414,0.8959276018099547
983,17,41,9,6,0.7945205479452054,0.7795652173913044,0.82,0.7391304347826086,0.845360824742268,0.7391304347826086,0.82,0.6938775510204082,0.7696191878813381,0.846086956521739
984,19,36,10,8,0.7534246575342466,0.7431561996779388,0.782608695652174,0.7037037037037037,0.8,0.7037037037037037,0.782608695652174,0.6785714285714286,0.7392857142857143,0.8446054750402576
985,15,42,8,8,0.7808219178082192,0.7460869565217392,0.84,0.6521739130434783,0.84,0.6521739130434783,0.84,0.6521739130434783,0.7460869565217392,0.8173913043478261
986,11,47,6,9,0.7945205479452054,0.7183962264150944,0.8867924528301887,0.55,0.8623853211009175,0.55,0.8867924528301887,0.5945945945945946,0.728489957847756,0.8084905660377358
987,25,29,9,10,0.7397260273972602,0.7387218045112782,0.7631578947368421,0.7142857142857143,0.7532467532467533,0.7142857142857143,0.7631578947368421,0.7246376811594203,0.7389422172030868,0.8578947368421053
988,15,48,4,6,0.863013698630137,0.8186813186813187,0.9230769230769231,0.7142857142857143,0.9056603773584906,0.7142857142857143,0.9230769230769231,0.75,0.8278301886792453,0.9056776556776557
989,16,40,11,6,0.7671232876712328,0.7557932263814617,0.7843137254901961,0.7272727272727273,0.8247422680412371,0.7272727272727273,0.7843137254901961,0.6530612244897959,0.7389017462655165,0.803921568627451
990,16,44,5,8,0.821917808219178,0.782312925170068,0.8979591836734694,0.6666666666666666,0.8712871287128713,0.6666666666666666,0.8979591836734694,0.7111111111111111,0.7911991199119912,0.858843537414966
991,21,38,7,7,0.8082191780821918,0.7972222222222223,0.8444444444444444,0.75,0.8444444444444444,0.75,0.8444444444444444,0.75,0.7972222222222223,0.8658730158730159
992,19,33,13,8,0.7123287671232876,0.7105475040257649,0.717391304347826,0.7037037037037037,0.7586206896551724,0.7037037037037037,0.717391304347826,0.6440677966101694,0.7013442431326709,0.7431561996779388
993,19,37,8,9,0.7671232876712328,0.7503968253968254,0.8222222222222222,0.6785714285714286,0.8131868131868132,0.6785714285714286,0.8222222222222222,0.6909090909090909,0.752047952047952,0.826984126984127
994,15,40,8,10,0.7534246575342466,0.7166666666666667,0.8333333333333334,0.6,0.8163265306122449,0.6,0.8333333333333334,0.625,0.7206632653061225,0.8566666666666667
995,15,33,9,16,0.6575342465753424,0.6347926267281105,0.7857142857142857,0.4838709677419355,0.7252747252747253,0.4838709677419355,0.7857142857142857,0.5454545454545454,0.6353646353646354,0.7450076804915515
996,16,43,7,7,0.8082191780821918,0.7778260869565217,0.86,0.6956521739130435,0.86,0.6956521739130435,0.86,0.6956521739130435,0.7778260869565217,0.8617391304347827
997,16,37,11,9,0.726027397260274,0.7054166666666667,0.7708333333333334,0.64,0.7872340425531915,0.64,0.7708333333333334,0.6153846153846154,0.7013093289689034,0.7725
998,19,36,9,9,0.7534246575342466,0.7392857142857143,0.8,0.6785714285714286,0.8,0.6785714285714286,0.8,0.6785714285714286,0.7392857142857143,0.8150793650793651
999,13,42,5,13,0.7534246575342466,0.6968085106382979,0.8936170212765957,0.5,0.8235294117647058,0.5,0.8936170212765957,0.5909090909090909,0.7072192513368984,0.7806873977086743
1000,21,38,8,6,0.8082191780821918,0.8019323671497585,0.8260869565217391,0.7777777777777778,0.8444444444444444,0.7777777777777778,0.8260869565217391,0.75,0.7972222222222223,0.8607085346215781
