subject_id,split,side,dataset_partition,spharm_status,included_in_split,hemisphere_label_original,person_group_inferred,cohort_inferred,spharm_coefficients_available,spharm_grid_available,input_filename,spharm_mesh_filename,split_mesh_path,status_source
sub-00373,train,left,train_left,passed,1,Healthy,Control,Control,1,1,left_Healthy_sub-00373_hippocampus_lh_aligned.nii.gz,left_Healthy_sub-00373_hippocampus_lh_aligned_SPHARM.vtk,train/SPHARM_LEFT/spharm_results/left_Healthy_sub-00373_hippocampus_lh_aligned_SPHARM.vtk,SPHARM/SPHARM_LEFT/spharm_status_shard0.json
sub-04004,train,left,train_left,passed,1,Healthy,Control,Control,1,1,left_Healthy_sub-04004_hippocampus_lh_aligned.nii.gz,left_Healthy_sub-04004_hippocampus_lh_aligned_SPHARM.vtk,train/SPHARM_LEFT/spharm_results/left_Healthy_sub-04004_hippocampus_lh_aligned_SPHARM.vtk,SPHARM/SPHARM_LEFT/spharm_status_shard2.json
sub-04005,train,left,train_left,passed,1,Healthy,Control,Control,1,1,left_Healthy_sub-04005_hippocampus_lh_aligned.nii.gz,left_Healthy_sub-04005_hippocampus_lh_aligned_SPHARM.vtk,train/SPHARM_LEFT/spharm_results/left_Healthy_sub-04005_hippocampus_lh_aligned_SPHARM.vtk,SPHARM/SPHARM_LEFT/spharm_status_shard0.json
sub-04009,train,left,train_left,passed,1,Healthy,Control,Control,1,1,left_Healthy_sub-04009_hippocampus_lh_aligned.nii.gz,left_Healthy_sub-04009_hippocampus_lh_aligned_SPHARM.vtk,train/SPHARM_LEFT/spharm_results/left_Healthy_sub-04009_hippocampus_lh_aligned_SPHARM.vtk,SPHARM/SPHARM_LEFT/spharm_status_shard1.json
sub-04013,train,left,train_left,passed,1,Healthy,Control,Control,1,1,left_Healthy_sub-04013_hippocampus_lh_aligned.nii.gz,left_Healthy_sub-04013_hippocampus_lh_aligned_SPHARM.vtk,train/SPHARM_LEFT/spharm_results/left_Healthy_sub-04013_hippocampus_lh_aligned_SPHARM.vtk,SPHARM/SPHARM_LEFT/spharm_status_shard2.json
sub-04015,train,left,train_left,passed,1,Healthy,Control,Control,1,1,left_Healthy_sub-04015_hippocampus_lh_aligned.nii.gz,left_Healthy_sub-04015_hippocampus_lh_aligned_SPHARM.vtk,train/SPHARM_LEFT/spharm_results/left_Healthy_sub-04015_hippocampus_lh_aligned_SPHARM.vtk,SPHARM/SPHARM_LEFT/spharm_status_shard0.json
sub-04027,train,left,train_left,passed,1,Healthy,Control,Control,1,1,left_Healthy_sub-04027_hippocampus_lh_aligned.nii.gz,left_Healthy_sub-04027_hippocampus_lh_aligned_SPHARM.vtk,train/SPHARM_LEFT/spharm_results/left_Healthy_sub-04027_hippocampus_lh_aligned_SPHARM.vtk,SPHARM/SPHARM_LEFT/spharm_status_shard2.json
sub-04164,train,left,train_left,passed,1,Healthy,Control,Control,1,1,left_Healthy_sub-04164_hippocampus_lh_aligned.nii.gz,left_Healthy_sub-04164_hippocampus_lh_aligned_SPHARM.vtk,train/SPHARM_LEFT/spharm_results/left_Healthy_sub-04164_hippocampus_lh_aligned_SPHARM.vtk,SPHARM/SPHARM_LEFT/spharm_status_shard1.json
sub-04165,train,left,train_left,passed,1,Healthy,Control,Control,1,1,left_Healthy_sub-04165_hippocampus_lh_aligned.nii.gz,left_Healthy_sub-04165_hippocampus_lh_aligned_SPHARM.vtk,train/SPHARM_LEFT/spharm_results/left_Healthy_sub-04165_hippocampus_lh_aligned_SPHARM.vtk,SPHARM/SPHARM_LEFT/spharm_status_shard2.json
sub-04166,train,left,train_left,passed,1,Healthy,Control,Control,1,1,left_Healthy_sub-04166_hippocampus_lh_aligned.nii.gz,left_Healthy_sub-04166_hippocampus_lh_aligned_SPHARM.vtk,train/SPHARM_LEFT/spharm_results/left_Healthy_sub-04166_hippocampus_lh_aligned_SPHARM.vtk,SPHARM/SPHARM_LEFT/spharm_status_shard0.json
sub-04169,train,left,train_left,passed,1,Healthy,Control,Control,1,1,left_Healthy_sub-04169_hippocampus_lh_aligned.nii.gz,left_Healthy_sub-04169_hippocampus_lh_aligned_SPHARM.vtk,train/SPHARM_LEFT/spharm_results/left_Healthy_sub-04169_hippocampus_lh_aligned_SPHARM.vtk,SPHARM/SPHARM_LEFT/spharm_status_shard1.json
sub-04170,train,left,train_left,passed,1,Healthy,Control,Control,1,1,left_Healthy_sub-04170_hippocampus_lh_aligned.nii.gz,left_Healthy_sub-04170_hippocampus_lh_aligned_SPHARM.vtk,train/SPHARM_LEFT/spharm_results/left_Healthy_sub-04170_hippocampus_lh_aligned_SPHARM.vtk,SPHARM/SPHARM_LEFT/spharm_status_shard2.json
sub-04171,train,left,train_left,passed,1,Healthy,Control,Control,1,1,left_Healthy_sub-04171_hippocampus_lh_aligned.nii.gz,left_Healthy_sub-04171_hippocampus_lh_aligned_SPHARM.vtk,train/SPHARM_LEFT/spharm_results/left_Healthy_sub-04171_hippocampus_lh_aligned_SPHARM.vtk,SPHARM/SPHARM_LEFT/spharm_status_shard0.json
sub-04178,train,left,train_left,passed,1,Healthy,Control,Control,1,1,left_Healthy_sub-04178_hippocampus_lh_aligned.nii.gz,left_Healthy_sub-04178_hippocampus_lh_aligned_SPHARM.vtk,train/SPHARM_LEFT/spharm_results/left_Healthy_sub-04178_hippocampus_lh_aligned_SPHARM.vtk,SPHARM/SPHARM_LEFT/spharm_status_shard2.json
sub-04201,train,left,train_left,passed,1,Healthy,Control,Control,1,1,left_Healthy_sub-04201_hippocampus_lh_aligned.nii.gz,left_Healthy_sub-04201_hippocampus_lh_aligned_SPHARM.vtk,train/SPHARM_LEFT/spharm_results/left_Healthy_sub-04201_hippocampus_lh_aligned_SPHARM.vtk,SPHARM/SPHARM_LEFT/spharm_status_shard1.json
sub-04202,train,left,train_left,passed,1,Healthy,Control,Control,1,1,left_Healthy_sub-04202_hippocampus_lh_aligned.nii.gz,left_Healthy_sub-04202_hippocampus_lh_aligned_SPHARM.vtk,train/SPHARM_LEFT/spharm_results/left_Healthy_sub-04202_hippocampus_lh_aligned_SPHARM.vtk,SPHARM/SPHARM_LEFT/spharm_status_shard2.json
sub-04209,train,left,train_left,passed,1,Healthy,Control,Control,1,1,left_Healthy_sub-04209_hippocampus_lh_aligned.nii.gz,left_Healthy_sub-04209_hippocampus_lh_aligned_SPHARM.vtk,train/SPHARM_LEFT/spharm_results/left_Healthy_sub-04209_hippocampus_lh_aligned_SPHARM.vtk,SPHARM/SPHARM_LEFT/spharm_status_shard1.json
sub-04211,train,left,train_left,passed,1,Healthy,Control,Control,1,1,left_Healthy_sub-04211_hippocampus_lh_aligned.nii.gz,left_Healthy_sub-04211_hippocampus_lh_aligned_SPHARM.vtk,train/SPHARM_LEFT/spharm_results/left_Healthy_sub-04211_hippocampus_lh_aligned_SPHARM.vtk,SPHARM/SPHARM_LEFT/spharm_status_shard0.json
sub-04215,train,left,train_left,passed,1,Healthy,Control,Control,1,1,left_Healthy_sub-04215_hippocampus_lh_aligned.nii.gz,left_Healthy_sub-04215_hippocampus_lh_aligned_SPHARM.vtk,train/SPHARM_LEFT/spharm_results/left_Healthy_sub-04215_hippocampus_lh_aligned_SPHARM.vtk,SPHARM/SPHARM_LEFT/spharm_status_shard1.json
sub-04216,train,left,train_left,passed,1,Healthy,Control,Control,1,1,left_Healthy_sub-04216_hippocampus_lh_aligned.nii.gz,left_Healthy_sub-04216_hippocampus_lh_aligned_SPHARM.vtk,train/SPHARM_LEFT/spharm_results/left_Healthy_sub-04216_hippocampus_lh_aligned_SPHARM.vtk,SPHARM/SPHARM_LEFT/spharm_status_shard2.json
sub-04217,train,left,train_left,passed,1,Healthy,Control,Control,1,1,left_Healthy_sub-04217_hippocampus_lh_aligned.nii.gz,left_Healthy_sub-04217_hippocampus_lh_aligned_SPHARM.vtk,train/SPHARM_LEFT/spharm_results/left_Healthy_sub-04217_hippocampus_lh_aligned_SPHARM.vtk,SPHARM/SPHARM_LEFT/spharm_status_shard0.json
sub-04221,train,left,train_left,passed,1,Healthy,Control,Control,1,1,left_Healthy_sub-04221_hippocampus_lh_aligned.nii.gz,left_Healthy_sub-04221_hippocampus_lh_aligned_SPHARM.vtk,train/SPHARM_LEFT/spharm_results/left_Healthy_sub-04221_hippocampus_lh_aligned_SPHARM.vtk,SPHARM/SPHARM_LEFT/spharm_status_shard1.json
sub-04245,train,left,train_left,passed,1,Healthy,Control,Control,1,1,left_Healthy_sub-04245_hippocampus_lh_aligned.nii.gz,left_Healthy_sub-04245_hippocampus_lh_aligned_SPHARM.vtk,train/SPHARM_LEFT/spharm_results/left_Healthy_sub-04245_hippocampus_lh_aligned_SPHARM.vtk,SPHARM/SPHARM_LEFT/spharm_status_shard2.json
sub-101,train,left,train_left,passed,1,Healthy,TLE,Right_TLE,1,1,left_Healthy_sub-101_hippocampus_lh_aligned.nii.gz,left_Healthy_sub-101_hippocampus_lh_aligned_SPHARM.vtk,train/SPHARM_LEFT/spharm_results/left_Healthy_sub-101_hippocampus_lh_aligned_SPHARM.vtk,SPHARM/SPHARM_LEFT/spharm_status_shard0.json
sub-105,train,left,train_left,passed,1,Healthy,TLE,Right_TLE,1,1,left_Healthy_sub-105_hippocampus_lh_aligned.nii.gz,left_Healthy_sub-105_hippocampus_lh_aligned_SPHARM.vtk,train/SPHARM_LEFT/spharm_results/left_Healthy_sub-105_hippocampus_lh_aligned_SPHARM.vtk,SPHARM/SPHARM_LEFT/spharm_status_shard1.json
sub-106,train,left,train_left,passed,1,TLE,TLE,Left_TLE,1,1,left_TLE_sub-106_hippocampus_lh_aligned.nii.gz,left_TLE_sub-106_hippocampus_lh_aligned_SPHARM.vtk,train/SPHARM_LEFT/spharm_results/left_TLE_sub-106_hippocampus_lh_aligned_SPHARM.vtk,SPHARM/SPHARM_LEFT/spharm_status_shard0.json
sub-11,train,left,train_left,passed,1,Healthy,TLE,Right_TLE,1,1,left_Healthy_sub-11_hippocampus_lh_aligned.nii.gz,left_Healthy_sub-11_hippocampus_lh_aligned_SPHARM.vtk,train/SPHARM_LEFT/spharm_results/left_Healthy_sub-11_hippocampus_lh_aligned_SPHARM.vtk,SPHARM/SPHARM_LEFT/spharm_status_shard1.json
sub-114,train,left,train_left,passed,1,Healthy,TLE,Right_TLE,1,1,left_Healthy_sub-114_hippocampus_lh_aligned.nii.gz,left_Healthy_sub-114_hippocampus_lh_aligned_SPHARM.vtk,train/SPHARM_LEFT/spharm_results/left_Healthy_sub-114_hippocampus_lh_aligned_SPHARM.vtk,SPHARM/SPHARM_LEFT/spharm_status_shard2.json
sub-115,train,left,train_left,passed,1,Healthy,TLE,Right_TLE,1,1,left_Healthy_sub-115_hippocampus_lh_aligned.nii.gz,left_Healthy_sub-115_hippocampus_lh_aligned_SPHARM.vtk,train/SPHARM_LEFT/spharm_results/left_Healthy_sub-115_hippocampus_lh_aligned_SPHARM.vtk,SPHARM/SPHARM_LEFT/spharm_status_shard0.json
sub-118,train,left,train_left,passed,1,TLE,TLE,Left_TLE,1,1,left_TLE_sub-118_hippocampus_lh_aligned.nii.gz,left_TLE_sub-118_hippocampus_lh_aligned_SPHARM.vtk,train/SPHARM_LEFT/spharm_results/left_TLE_sub-118_hippocampus_lh_aligned_SPHARM.vtk,SPHARM/SPHARM_LEFT/spharm_status_shard2.json
sub-120,train,left,train_left,passed,1,TLE,TLE,Left_TLE,1,1,left_TLE_sub-120_hippocampus_lh_aligned.nii.gz,left_TLE_sub-120_hippocampus_lh_aligned_SPHARM.vtk,train/SPHARM_LEFT/spharm_results/left_TLE_sub-120_hippocampus_lh_aligned_SPHARM.vtk,SPHARM/SPHARM_LEFT/spharm_status_shard0.json
sub-125,train,left,train_left,passed,1,TLE,TLE,Left_TLE,1,1,left_TLE_sub-125_hippocampus_lh_aligned.nii.gz,left_TLE_sub-125_hippocampus_lh_aligned_SPHARM.vtk,train/SPHARM_LEFT/spharm_results/left_TLE_sub-125_hippocampus_lh_aligned_SPHARM.vtk,SPHARM/SPHARM_LEFT/spharm_status_shard1.json
sub-126,train,left,train_left,passed,1,Healthy,TLE,Right_TLE,1,1,left_Healthy_sub-126_hippocampus_lh_aligned.nii.gz,left_Healthy_sub-126_hippocampus_lh_aligned_SPHARM.vtk,train/SPHARM_LEFT/spharm_results/left_Healthy_sub-126_hippocampus_lh_aligned_SPHARM.vtk,SPHARM/SPHARM_LEFT/spharm_status_shard2.json
sub-135,train,left,train_left,passed,1,Healthy,TLE,Right_TLE,1,1,left_Healthy_sub-135_hippocampus_lh_aligned.nii.gz,left_Healthy_sub-135_hippocampus_lh_aligned_SPHARM.vtk,train/SPHARM_LEFT/spharm_results/left_Healthy_sub-135_hippocampus_lh_aligned_SPHARM.vtk,SPHARM/SPHARM_LEFT/spharm_status_shard0.json
sub-143,train,left,train_left,passed,1,TLE,TLE,Left_TLE,1,1,left_TLE_sub-143_hippocampus_lh_aligned.nii.gz,left_TLE_sub-143_hippocampus_lh_aligned_SPHARM.vtk,train/SPHARM_LEFT/spharm_results/left_TLE_sub-143_hippocampus_lh_aligned_SPHARM.vtk,SPHARM/SPHARM_LEFT/spharm_status_shard0.json
sub-144,train,left,train_left,passed,1,Healthy,TLE,Right_TLE,1,1,left_Healthy_sub-144_hippocampus_lh_aligned.nii.gz,left_Healthy_sub-144_hippocampus_lh_aligned_SPHARM.vtk,train/SPHARM_LEFT/spharm_results/left_Healthy_sub-144_hippocampus_lh_aligned_SPHARM.vtk,SPHARM/SPHARM_LEFT/spharm_status_shard1.json
sub-147,train,left,train_left,passed,1,Healthy,TLE,Right_TLE,1,1,left_Healthy_sub-147_hippocampus_lh_aligned.nii.gz,left_Healthy_sub-147_hippocampus_lh_aligned_SPHARM.vtk,train/SPHARM_LEFT/spharm_results/left_Healthy_sub-147_hippocampus_lh_aligned_SPHARM.vtk,SPHARM/SPHARM_LEFT/spharm_status_shard2.json
sub-149,train,left,train_left,passed,1,TLE,TLE,Left_TLE,1,1,left_TLE_sub-149_hippocampus_lh_aligned.nii.gz,left_TLE_sub-149_hippocampus_lh_aligned_SPHARM.vtk,train/SPHARM_LEFT/spharm_results/left_TLE_sub-149_hippocampus_lh_aligned_SPHARM.vtk,SPHARM/SPHARM_LEFT/spharm_status_shard1.json
sub-153,train,left,train_left,passed,1,Healthy,TLE,Right_TLE,1,1,left_Healthy_sub-153_hippocampus_lh_aligned.nii.gz,left_Healthy_sub-153_hippocampus_lh_aligned_SPHARM.vtk,train/SPHARM_LEFT/spharm_results/left_Healthy_sub-153_hippocampus_lh_aligned_SPHARM.vtk,SPHARM/SPHARM_LEFT/spharm_status_shard1.json
sub-154,train,left,train_left,passed,1,TLE,TLE,Left_TLE,1,1,left_TLE_sub-154_hippocampus_lh_aligned.nii.gz,left_TLE_sub-154_hippocampus_lh_aligned_SPHARM.vtk,train/SPHARM_LEFT/spharm_results/left_TLE_sub-154_hippocampus_lh_aligned_SPHARM.vtk,SPHARM/SPHARM_LEFT/spharm_status_shard2.json
sub-155,train,left,train_left,passed,1,Healthy,TLE,Right_TLE,1,1,left_Healthy_sub-155_hippocampus_lh_aligned.nii.gz,left_Healthy_sub-155_hippocampus_lh_aligned_SPHARM.vtk,train/SPHARM_LEFT/spharm_results/left_Healthy_sub-155_hippocampus_lh_aligned_SPHARM.vtk,SPHARM/SPHARM_LEFT/spharm_status_shard2.json
sub-161,train,left,train_left,passed,1,Healthy,TLE,Right_TLE,1,1,left_Healthy_sub-161_hippocampus_lh_aligned.nii.gz,left_Healthy_sub-161_hippocampus_lh_aligned_SPHARM.vtk,train/SPHARM_LEFT/spharm_results/left_Healthy_sub-161_hippocampus_lh_aligned_SPHARM.vtk,SPHARM/SPHARM_LEFT/spharm_status_shard0.json
sub-162,train,left,train_left,passed,1,TLE,TLE,Left_TLE,1,1,left_TLE_sub-162_hippocampus_lh_aligned.nii.gz,left_TLE_sub-162_hippocampus_lh_aligned_SPHARM.vtk,train/SPHARM_LEFT/spharm_results/left_TLE_sub-162_hippocampus_lh_aligned_SPHARM.vtk,SPHARM/SPHARM_LEFT/spharm_status_shard1.json
sub-165,train,left,train_left,passed,1,TLE,TLE,Left_TLE,1,1,left_TLE_sub-165_hippocampus_lh_aligned.nii.gz,left_TLE_sub-165_hippocampus_lh_aligned_SPHARM.vtk,train/SPHARM_LEFT/spharm_results/left_TLE_sub-165_hippocampus_lh_aligned_SPHARM.vtk,SPHARM/SPHARM_LEFT/spharm_status_shard0.json
sub-167,train,left,train_left,passed,1,TLE,TLE,Left_TLE,1,1,left_TLE_sub-167_hippocampus_lh_aligned.nii.gz,left_TLE_sub-167_hippocampus_lh_aligned_SPHARM.vtk,train/SPHARM_LEFT/spharm_results/left_TLE_sub-167_hippocampus_lh_aligned_SPHARM.vtk,SPHARM/SPHARM_LEFT/spharm_status_shard1.json
sub-168,train,left,train_left,passed,1,TLE,TLE,Left_TLE,1,1,left_TLE_sub-168_hippocampus_lh_aligned.nii.gz,left_TLE_sub-168_hippocampus_lh_aligned_SPHARM.vtk,train/SPHARM_LEFT/spharm_results/left_TLE_sub-168_hippocampus_lh_aligned_SPHARM.vtk,SPHARM/SPHARM_LEFT/spharm_status_shard2.json
sub-174,train,left,train_left,passed,1,TLE,TLE,Left_TLE,1,1,left_TLE_sub-174_hippocampus_lh_aligned.nii.gz,left_TLE_sub-174_hippocampus_lh_aligned_SPHARM.vtk,train/SPHARM_LEFT/spharm_results/left_TLE_sub-174_hippocampus_lh_aligned_SPHARM.vtk,SPHARM/SPHARM_LEFT/spharm_status_shard0.json
sub-175,train,left,train_left,passed,1,Healthy,TLE,Right_TLE,1,1,left_Healthy_sub-175_hippocampus_lh_aligned.nii.gz,left_Healthy_sub-175_hippocampus_lh_aligned_SPHARM.vtk,train/SPHARM_LEFT/spharm_results/left_Healthy_sub-175_hippocampus_lh_aligned_SPHARM.vtk,SPHARM/SPHARM_LEFT/spharm_status_shard2.json
sub-176,train,left,train_left,passed,1,TLE,TLE,Left_TLE,1,1,left_TLE_sub-176_hippocampus_lh_aligned.nii.gz,left_TLE_sub-176_hippocampus_lh_aligned_SPHARM.vtk,train/SPHARM_LEFT/spharm_results/left_TLE_sub-176_hippocampus_lh_aligned_SPHARM.vtk,SPHARM/SPHARM_LEFT/spharm_status_shard1.json
sub-183,train,left,train_left,passed,1,TLE,TLE,Left_TLE,1,1,left_TLE_sub-183_hippocampus_lh_aligned.nii.gz,left_TLE_sub-183_hippocampus_lh_aligned_SPHARM.vtk,train/SPHARM_LEFT/spharm_results/left_TLE_sub-183_hippocampus_lh_aligned_SPHARM.vtk,SPHARM/SPHARM_LEFT/spharm_status_shard2.json
sub-188,train,left,train_left,passed,1,TLE,TLE,Left_TLE,1,1,left_TLE_sub-188_hippocampus_lh_aligned.nii.gz,left_TLE_sub-188_hippocampus_lh_aligned_SPHARM.vtk,train/SPHARM_LEFT/spharm_results/left_TLE_sub-188_hippocampus_lh_aligned_SPHARM.vtk,SPHARM/SPHARM_LEFT/spharm_status_shard1.json
sub-191,train,left,train_left,passed,1,TLE,TLE,Left_TLE,1,1,left_TLE_sub-191_hippocampus_lh_aligned.nii.gz,left_TLE_sub-191_hippocampus_lh_aligned_SPHARM.vtk,train/SPHARM_LEFT/spharm_results/left_TLE_sub-191_hippocampus_lh_aligned_SPHARM.vtk,SPHARM/SPHARM_LEFT/spharm_status_shard2.json
sub-193,train,left,train_left,passed,1,Healthy,TLE,Right_TLE,1,1,left_Healthy_sub-193_hippocampus_lh_aligned.nii.gz,left_Healthy_sub-193_hippocampus_lh_aligned_SPHARM.vtk,train/SPHARM_LEFT/spharm_results/left_Healthy_sub-193_hippocampus_lh_aligned_SPHARM.vtk,SPHARM/SPHARM_LEFT/spharm_status_shard0.json
sub-196,train,left,train_left,passed,1,TLE,TLE,Left_TLE,1,1,left_TLE_sub-196_hippocampus_lh_aligned.nii.gz,left_TLE_sub-196_hippocampus_lh_aligned_SPHARM.vtk,train/SPHARM_LEFT/spharm_results/left_TLE_sub-196_hippocampus_lh_aligned_SPHARM.vtk,SPHARM/SPHARM_LEFT/spharm_status_shard0.json
sub-197,train,left,train_left,passed,1,Healthy,TLE,Right_TLE,1,1,left_Healthy_sub-197_hippocampus_lh_aligned.nii.gz,left_Healthy_sub-197_hippocampus_lh_aligned_SPHARM.vtk,train/SPHARM_LEFT/spharm_results/left_Healthy_sub-197_hippocampus_lh_aligned_SPHARM.vtk,SPHARM/SPHARM_LEFT/spharm_status_shard1.json
sub-199,train,left,train_left,passed,1,TLE,TLE,Left_TLE,1,1,left_TLE_sub-199_hippocampus_lh_aligned.nii.gz,left_TLE_sub-199_hippocampus_lh_aligned_SPHARM.vtk,train/SPHARM_LEFT/spharm_results/left_TLE_sub-199_hippocampus_lh_aligned_SPHARM.vtk,SPHARM/SPHARM_LEFT/spharm_status_shard1.json
sub-2,train,left,train_left,passed,1,Healthy,TLE,Right_TLE,1,1,left_Healthy_sub-2_hippocampus_lh_aligned.nii.gz,left_Healthy_sub-2_hippocampus_lh_aligned_SPHARM.vtk,train/SPHARM_LEFT/spharm_results/left_Healthy_sub-2_hippocampus_lh_aligned_SPHARM.vtk,SPHARM/SPHARM_LEFT/spharm_status_shard2.json
sub-201,train,left,train_left,passed,1,Healthy,TLE,Right_TLE,1,1,left_Healthy_sub-201_hippocampus_lh_aligned.nii.gz,left_Healthy_sub-201_hippocampus_lh_aligned_SPHARM.vtk,train/SPHARM_LEFT/spharm_results/left_Healthy_sub-201_hippocampus_lh_aligned_SPHARM.vtk,SPHARM/SPHARM_LEFT/spharm_status_shard2.json
sub-203,train,left,train_left,passed,1,Healthy,TLE,Right_TLE,1,1,left_Healthy_sub-203_hippocampus_lh_aligned.nii.gz,left_Healthy_sub-203_hippocampus_lh_aligned_SPHARM.vtk,train/SPHARM_LEFT/spharm_results/left_Healthy_sub-203_hippocampus_lh_aligned_SPHARM.vtk,SPHARM/SPHARM_LEFT/spharm_status_shard0.json
sub-207,train,left,train_left,passed,1,Healthy,TLE,Right_TLE,1,1,left_Healthy_sub-207_hippocampus_lh_aligned.nii.gz,left_Healthy_sub-207_hippocampus_lh_aligned_SPHARM.vtk,train/SPHARM_LEFT/spharm_results/left_Healthy_sub-207_hippocampus_lh_aligned_SPHARM.vtk,SPHARM/SPHARM_LEFT/spharm_status_shard1.json
sub-208,train,left,train_left,passed,1,TLE,TLE,Left_TLE,1,1,left_TLE_sub-208_hippocampus_lh_aligned.nii.gz,left_TLE_sub-208_hippocampus_lh_aligned_SPHARM.vtk,train/SPHARM_LEFT/spharm_results/left_TLE_sub-208_hippocampus_lh_aligned_SPHARM.vtk,SPHARM/SPHARM_LEFT/spharm_status_shard1.json
sub-215,train,left,train_left,passed,1,TLE,TLE,Left_TLE,1,1,left_TLE_sub-215_hippocampus_lh_aligned.nii.gz,left_TLE_sub-215_hippocampus_lh_aligned_SPHARM.vtk,train/SPHARM_LEFT/spharm_results/left_TLE_sub-215_hippocampus_lh_aligned_SPHARM.vtk,SPHARM/SPHARM_LEFT/spharm_status_shard2.json
sub-217,train,left,train_left,passed,1,TLE,TLE,Left_TLE,1,1,left_TLE_sub-217_hippocampus_lh_aligned.nii.gz,left_TLE_sub-217_hippocampus_lh_aligned_SPHARM.vtk,train/SPHARM_LEFT/spharm_results/left_TLE_sub-217_hippocampus_lh_aligned_SPHARM.vtk,SPHARM/SPHARM_LEFT/spharm_status_shard0.json
sub-218,train,left,train_left,passed,1,TLE,TLE,Left_TLE,1,1,left_TLE_sub-218_hippocampus_lh_aligned.nii.gz,left_TLE_sub-218_hippocampus_lh_aligned_SPHARM.vtk,train/SPHARM_LEFT/spharm_results/left_TLE_sub-218_hippocampus_lh_aligned_SPHARM.vtk,SPHARM/SPHARM_LEFT/spharm_status_shard1.json
sub-219,train,left,train_left,passed,1,Healthy,TLE,Right_TLE,1,1,left_Healthy_sub-219_hippocampus_lh_aligned.nii.gz,left_Healthy_sub-219_hippocampus_lh_aligned_SPHARM.vtk,train/SPHARM_LEFT/spharm_results/left_Healthy_sub-219_hippocampus_lh_aligned_SPHARM.vtk,SPHARM/SPHARM_LEFT/spharm_status_shard2.json
sub-220,train,left,train_left,passed,1,TLE,TLE,Left_TLE,1,1,left_TLE_sub-220_hippocampus_lh_aligned.nii.gz,left_TLE_sub-220_hippocampus_lh_aligned_SPHARM.vtk,train/SPHARM_LEFT/spharm_results/left_TLE_sub-220_hippocampus_lh_aligned_SPHARM.vtk,SPHARM/SPHARM_LEFT/spharm_status_shard2.json
sub-227,train,left,train_left,passed,1,TLE,TLE,Left_TLE,1,1,left_TLE_sub-227_hippocampus_lh_aligned.nii.gz,left_TLE_sub-227_hippocampus_lh_aligned_SPHARM.vtk,train/SPHARM_LEFT/spharm_results/left_TLE_sub-227_hippocampus_lh_aligned_SPHARM.vtk,SPHARM/SPHARM_LEFT/spharm_status_shard0.json
sub-229,train,left,train_left,passed,1,TLE,TLE,Left_TLE,1,1,left_TLE_sub-229_hippocampus_lh_aligned.nii.gz,left_TLE_sub-229_hippocampus_lh_aligned_SPHARM.vtk,train/SPHARM_LEFT/spharm_results/left_TLE_sub-229_hippocampus_lh_aligned_SPHARM.vtk,SPHARM/SPHARM_LEFT/spharm_status_shard1.json
sub-23,train,left,train_left,passed,1,TLE,TLE,Left_TLE,1,1,left_TLE_sub-23_hippocampus_lh_aligned.nii.gz,left_TLE_sub-23_hippocampus_lh_aligned_SPHARM.vtk,train/SPHARM_LEFT/spharm_results/left_TLE_sub-23_hippocampus_lh_aligned_SPHARM.vtk,SPHARM/SPHARM_LEFT/spharm_status_shard1.json
sub-233,train,left,train_left,passed,1,Healthy,TLE,Right_TLE,1,1,left_Healthy_sub-233_hippocampus_lh_aligned.nii.gz,left_Healthy_sub-233_hippocampus_lh_aligned_SPHARM.vtk,train/SPHARM_LEFT/spharm_results/left_Healthy_sub-233_hippocampus_lh_aligned_SPHARM.vtk,SPHARM/SPHARM_LEFT/spharm_status_shard1.json
sub-235,train,left,train_left,passed,1,TLE,TLE,Left_TLE,1,1,left_TLE_sub-235_hippocampus_lh_aligned.nii.gz,left_TLE_sub-235_hippocampus_lh_aligned_SPHARM.vtk,train/SPHARM_LEFT/spharm_results/left_TLE_sub-235_hippocampus_lh_aligned_SPHARM.vtk,SPHARM/SPHARM_LEFT/spharm_status_shard2.json
sub-236,train,left,train_left,passed,1,TLE,TLE,Left_TLE,1,1,left_TLE_sub-236_hippocampus_lh_aligned.nii.gz,left_TLE_sub-236_hippocampus_lh_aligned_SPHARM.vtk,train/SPHARM_LEFT/spharm_results/left_TLE_sub-236_hippocampus_lh_aligned_SPHARM.vtk,SPHARM/SPHARM_LEFT/spharm_status_shard0.json
sub-237,train,left,train_left,passed,1,Healthy,TLE,Right_TLE,1,1,left_Healthy_sub-237_hippocampus_lh_aligned.nii.gz,left_Healthy_sub-237_hippocampus_lh_aligned_SPHARM.vtk,train/SPHARM_LEFT/spharm_results/left_Healthy_sub-237_hippocampus_lh_aligned_SPHARM.vtk,SPHARM/SPHARM_LEFT/spharm_status_shard2.json
sub-238,train,left,train_left,passed,1,Healthy,TLE,Right_TLE,1,1,left_Healthy_sub-238_hippocampus_lh_aligned.nii.gz,left_Healthy_sub-238_hippocampus_lh_aligned_SPHARM.vtk,train/SPHARM_LEFT/spharm_results/left_Healthy_sub-238_hippocampus_lh_aligned_SPHARM.vtk,SPHARM/SPHARM_LEFT/spharm_status_shard0.json
sub-240,train,left,train_left,passed,1,TLE,TLE,Left_TLE,1,1,left_TLE_sub-240_hippocampus_lh_aligned.nii.gz,left_TLE_sub-240_hippocampus_lh_aligned_SPHARM.vtk,train/SPHARM_LEFT/spharm_results/left_TLE_sub-240_hippocampus_lh_aligned_SPHARM.vtk,SPHARM/SPHARM_LEFT/spharm_status_shard2.json
sub-246,train,left,train_left,passed,1,Healthy,TLE,Right_TLE,1,1,left_Healthy_sub-246_hippocampus_lh_aligned.nii.gz,left_Healthy_sub-246_hippocampus_lh_aligned_SPHARM.vtk,train/SPHARM_LEFT/spharm_results/left_Healthy_sub-246_hippocampus_lh_aligned_SPHARM.vtk,SPHARM/SPHARM_LEFT/spharm_status_shard1.json
sub-247,train,left,train_left,passed,1,Healthy,TLE,Right_TLE,1,1,left_Healthy_sub-247_hippocampus_lh_aligned.nii.gz,left_Healthy_sub-247_hippocampus_lh_aligned_SPHARM.vtk,train/SPHARM_LEFT/spharm_results/left_Healthy_sub-247_hippocampus_lh_aligned_SPHARM.vtk,SPHARM/SPHARM_LEFT/spharm_status_shard2.json
sub-25,train,left,train_left,passed,1,TLE,TLE,Left_TLE,1,1,left_TLE_sub-25_hippocampus_lh_aligned.nii.gz,left_TLE_sub-25_hippocampus_lh_aligned_SPHARM.vtk,train/SPHARM_LEFT/spharm_results/left_TLE_sub-25_hippocampus_lh_aligned_SPHARM.vtk,SPHARM/SPHARM_LEFT/spharm_status_shard2.json
sub-251,train,left,train_left,passed,1,TLE,TLE,Left_TLE,1,1,left_TLE_sub-251_hippocampus_lh_aligned.nii.gz,left_TLE_sub-251_hippocampus_lh_aligned_SPHARM.vtk,train/SPHARM_LEFT/spharm_results/left_TLE_sub-251_hippocampus_lh_aligned_SPHARM.vtk,SPHARM/SPHARM_LEFT/spharm_status_shard0.json
sub-255,train,left,train_left,passed,1,Healthy,TLE,Right_TLE,1,1,left_Healthy_sub-255_hippocampus_lh_aligned.nii.gz,left_Healthy_sub-255_hippocampus_lh_aligned_SPHARM.vtk,train/SPHARM_LEFT/spharm_results/left_Healthy_sub-255_hippocampus_lh_aligned_SPHARM.vtk,SPHARM/SPHARM_LEFT/spharm_status_shard1.json
sub-259,train,left,train_left,passed,1,TLE,TLE,Left_TLE,1,1,left_TLE_sub-259_hippocampus_lh_aligned.nii.gz,left_TLE_sub-259_hippocampus_lh_aligned_SPHARM.vtk,train/SPHARM_LEFT/spharm_results/left_TLE_sub-259_hippocampus_lh_aligned_SPHARM.vtk,SPHARM/SPHARM_LEFT/spharm_status_shard1.json
sub-263,train,left,train_left,passed,1,TLE,TLE,Left_TLE,1,1,left_TLE_sub-263_hippocampus_lh_aligned.nii.gz,left_TLE_sub-263_hippocampus_lh_aligned_SPHARM.vtk,train/SPHARM_LEFT/spharm_results/left_TLE_sub-263_hippocampus_lh_aligned_SPHARM.vtk,SPHARM/SPHARM_LEFT/spharm_status_shard0.json
sub-264,train,left,train_left,passed,1,TLE,TLE,Left_TLE,1,1,left_TLE_sub-264_hippocampus_lh_aligned.nii.gz,left_TLE_sub-264_hippocampus_lh_aligned_SPHARM.vtk,train/SPHARM_LEFT/spharm_results/left_TLE_sub-264_hippocampus_lh_aligned_SPHARM.vtk,SPHARM/SPHARM_LEFT/spharm_status_shard1.json
sub-265,train,left,train_left,passed,1,TLE,TLE,Left_TLE,1,1,left_TLE_sub-265_hippocampus_lh_aligned.nii.gz,left_TLE_sub-265_hippocampus_lh_aligned_SPHARM.vtk,train/SPHARM_LEFT/spharm_results/left_TLE_sub-265_hippocampus_lh_aligned_SPHARM.vtk,SPHARM/SPHARM_LEFT/spharm_status_shard2.json
sub-266,train,left,train_left,passed,1,TLE,TLE,Left_TLE,1,1,left_TLE_sub-266_hippocampus_lh_aligned.nii.gz,left_TLE_sub-266_hippocampus_lh_aligned_SPHARM.vtk,train/SPHARM_LEFT/spharm_results/left_TLE_sub-266_hippocampus_lh_aligned_SPHARM.vtk,SPHARM/SPHARM_LEFT/spharm_status_shard0.json
sub-267,train,left,train_left,passed,1,TLE,TLE,Left_TLE,1,1,left_TLE_sub-267_hippocampus_lh_aligned.nii.gz,left_TLE_sub-267_hippocampus_lh_aligned_SPHARM.vtk,train/SPHARM_LEFT/spharm_results/left_TLE_sub-267_hippocampus_lh_aligned_SPHARM.vtk,SPHARM/SPHARM_LEFT/spharm_status_shard1.json
sub-26896,train,left,train_left,passed,1,TLE,TLE,Left_TLE,1,1,left_TLE_sub-26896_hippocampus_lh_aligned.nii.gz,left_TLE_sub-26896_hippocampus_lh_aligned_SPHARM.vtk,train/SPHARM_LEFT/spharm_results/left_TLE_sub-26896_hippocampus_lh_aligned_SPHARM.vtk,SPHARM/SPHARM_LEFT/spharm_status_shard2.json
sub-269,train,left,train_left,passed,1,Healthy,TLE,Right_TLE,1,1,left_Healthy_sub-269_hippocampus_lh_aligned.nii.gz,left_Healthy_sub-269_hippocampus_lh_aligned_SPHARM.vtk,train/SPHARM_LEFT/spharm_results/left_Healthy_sub-269_hippocampus_lh_aligned_SPHARM.vtk,SPHARM/SPHARM_LEFT/spharm_status_shard2.json
sub-27,train,left,train_left,passed,1,TLE,TLE,Left_TLE,1,1,left_TLE_sub-27_hippocampus_lh_aligned.nii.gz,left_TLE_sub-27_hippocampus_lh_aligned_SPHARM.vtk,train/SPHARM_LEFT/spharm_results/left_TLE_sub-27_hippocampus_lh_aligned_SPHARM.vtk,SPHARM/SPHARM_LEFT/spharm_status_shard2.json
sub-270,train,left,train_left,passed,1,TLE,TLE,Left_TLE,1,1,left_TLE_sub-270_hippocampus_lh_aligned.nii.gz,left_TLE_sub-270_hippocampus_lh_aligned_SPHARM.vtk,train/SPHARM_LEFT/spharm_results/left_TLE_sub-270_hippocampus_lh_aligned_SPHARM.vtk,SPHARM/SPHARM_LEFT/spharm_status_shard0.json
sub-273,train,left,train_left,passed,1,TLE,TLE,Left_TLE,1,1,left_TLE_sub-273_hippocampus_lh_aligned.nii.gz,left_TLE_sub-273_hippocampus_lh_aligned_SPHARM.vtk,train/SPHARM_LEFT/spharm_results/left_TLE_sub-273_hippocampus_lh_aligned_SPHARM.vtk,SPHARM/SPHARM_LEFT/spharm_status_shard1.json
sub-27872,train,left,train_left,passed,1,TLE,TLE,Left_TLE,1,1,left_TLE_sub-27872_hippocampus_lh_aligned.nii.gz,left_TLE_sub-27872_hippocampus_lh_aligned_SPHARM.vtk,train/SPHARM_LEFT/spharm_results/left_TLE_sub-27872_hippocampus_lh_aligned_SPHARM.vtk,SPHARM/SPHARM_LEFT/spharm_status_shard0.json
sub-27934,train,left,train_left,passed,1,TLE,TLE,Left_TLE,1,1,left_TLE_sub-27934_hippocampus_lh_aligned.nii.gz,left_TLE_sub-27934_hippocampus_lh_aligned_SPHARM.vtk,train/SPHARM_LEFT/spharm_results/left_TLE_sub-27934_hippocampus_lh_aligned_SPHARM.vtk,SPHARM/SPHARM_LEFT/spharm_status_shard1.json
sub-282,train,left,train_left,passed,1,TLE,TLE,Left_TLE,1,1,left_TLE_sub-282_hippocampus_lh_aligned.nii.gz,left_TLE_sub-282_hippocampus_lh_aligned_SPHARM.vtk,train/SPHARM_LEFT/spharm_results/left_TLE_sub-282_hippocampus_lh_aligned_SPHARM.vtk,SPHARM/SPHARM_LEFT/spharm_status_shard0.json
sub-290,train,left,train_left,passed,1,TLE,TLE,Left_TLE,1,1,left_TLE_sub-290_hippocampus_lh_aligned.nii.gz,left_TLE_sub-290_hippocampus_lh_aligned_SPHARM.vtk,train/SPHARM_LEFT/spharm_results/left_TLE_sub-290_hippocampus_lh_aligned_SPHARM.vtk,SPHARM/SPHARM_LEFT/spharm_status_shard0.json
sub-29073,train,left,train_left,passed,1,TLE,TLE,Left_TLE,1,1,left_TLE_sub-29073_hippocampus_lh_aligned.nii.gz,left_TLE_sub-29073_hippocampus_lh_aligned_SPHARM.vtk,train/SPHARM_LEFT/spharm_results/left_TLE_sub-29073_hippocampus_lh_aligned_SPHARM.vtk,SPHARM/SPHARM_LEFT/spharm_status_shard1.json
sub-29096,train,left,train_left,passed,1,TLE,TLE,Left_TLE,1,1,left_TLE_sub-29096_hippocampus_lh_aligned.nii.gz,left_TLE_sub-29096_hippocampus_lh_aligned_SPHARM.vtk,train/SPHARM_LEFT/spharm_results/left_TLE_sub-29096_hippocampus_lh_aligned_SPHARM.vtk,SPHARM/SPHARM_LEFT/spharm_status_shard2.json
sub-292,train,left,train_left,passed,1,Healthy,TLE,Right_TLE,1,1,left_Healthy_sub-292_hippocampus_lh_aligned.nii.gz,left_Healthy_sub-292_hippocampus_lh_aligned_SPHARM.vtk,train/SPHARM_LEFT/spharm_results/left_Healthy_sub-292_hippocampus_lh_aligned_SPHARM.vtk,SPHARM/SPHARM_LEFT/spharm_status_shard2.json
sub-293,train,left,train_left,passed,1,TLE,TLE,Left_TLE,1,1,left_TLE_sub-293_hippocampus_lh_aligned.nii.gz,left_TLE_sub-293_hippocampus_lh_aligned_SPHARM.vtk,train/SPHARM_LEFT/spharm_results/left_TLE_sub-293_hippocampus_lh_aligned_SPHARM.vtk,SPHARM/SPHARM_LEFT/spharm_status_shard1.json
sub-29332,train,left,train_left,passed,1,Healthy,TLE,Right_TLE,1,1,left_Healthy_sub-29332_hippocampus_lh_aligned.nii.gz,left_Healthy_sub-29332_hippocampus_lh_aligned_SPHARM.vtk,train/SPHARM_LEFT/spharm_results/left_Healthy_sub-29332_hippocampus_lh_aligned_SPHARM.vtk,SPHARM/SPHARM_LEFT/spharm_status_shard0.json
sub-294,train,left,train_left,passed,1,TLE,TLE,Left_TLE,1,1,left_TLE_sub-294_hippocampus_lh_aligned.nii.gz,left_TLE_sub-294_hippocampus_lh_aligned_SPHARM.vtk,train/SPHARM_LEFT/spharm_results/left_TLE_sub-294_hippocampus_lh_aligned_SPHARM.vtk,SPHARM/SPHARM_LEFT/spharm_status_shard2.json
sub-296,train,left,train_left,passed,1,Healthy,TLE,Right_TLE,1,1,left_Healthy_sub-296_hippocampus_lh_aligned.nii.gz,left_Healthy_sub-296_hippocampus_lh_aligned_SPHARM.vtk,train/SPHARM_LEFT/spharm_results/left_Healthy_sub-296_hippocampus_lh_aligned_SPHARM.vtk,SPHARM/SPHARM_LEFT/spharm_status_shard1.json
sub-300,train,left,train_left,passed,1,Healthy,TLE,Right_TLE,1,1,left_Healthy_sub-300_hippocampus_lh_aligned.nii.gz,left_Healthy_sub-300_hippocampus_lh_aligned_SPHARM.vtk,train/SPHARM_LEFT/spharm_results/left_Healthy_sub-300_hippocampus_lh_aligned_SPHARM.vtk,SPHARM/SPHARM_LEFT/spharm_status_shard0.json
sub-301,train,left,train_left,passed,1,Healthy,TLE,Right_TLE,1,1,left_Healthy_sub-301_hippocampus_lh_aligned.nii.gz,left_Healthy_sub-301_hippocampus_lh_aligned_SPHARM.vtk,train/SPHARM_LEFT/spharm_results/left_Healthy_sub-301_hippocampus_lh_aligned_SPHARM.vtk,SPHARM/SPHARM_LEFT/spharm_status_shard1.json
sub-302,train,left,train_left,passed,1,TLE,TLE,Left_TLE,1,1,left_TLE_sub-302_hippocampus_lh_aligned.nii.gz,left_TLE_sub-302_hippocampus_lh_aligned_SPHARM.vtk,train/SPHARM_LEFT/spharm_results/left_TLE_sub-302_hippocampus_lh_aligned_SPHARM.vtk,SPHARM/SPHARM_LEFT/spharm_status_shard2.json
sub-305,train,left,train_left,passed,1,Healthy,TLE,Right_TLE,1,1,left_Healthy_sub-305_hippocampus_lh_aligned.nii.gz,left_Healthy_sub-305_hippocampus_lh_aligned_SPHARM.vtk,train/SPHARM_LEFT/spharm_results/left_Healthy_sub-305_hippocampus_lh_aligned_SPHARM.vtk,SPHARM/SPHARM_LEFT/spharm_status_shard2.json
sub-31,train,left,train_left,passed,1,Healthy,TLE,Right_TLE,1,1,left_Healthy_sub-31_hippocampus_lh_aligned.nii.gz,left_Healthy_sub-31_hippocampus_lh_aligned_SPHARM.vtk,train/SPHARM_LEFT/spharm_results/left_Healthy_sub-31_hippocampus_lh_aligned_SPHARM.vtk,SPHARM/SPHARM_LEFT/spharm_status_shard2.json
sub-310,train,left,train_left,passed,1,TLE,TLE,Left_TLE,1,1,left_TLE_sub-310_hippocampus_lh_aligned.nii.gz,left_TLE_sub-310_hippocampus_lh_aligned_SPHARM.vtk,train/SPHARM_LEFT/spharm_results/left_TLE_sub-310_hippocampus_lh_aligned_SPHARM.vtk,SPHARM/SPHARM_LEFT/spharm_status_shard0.json
sub-314,train,left,train_left,passed,1,TLE,TLE,Left_TLE,1,1,left_TLE_sub-314_hippocampus_lh_aligned.nii.gz,left_TLE_sub-314_hippocampus_lh_aligned_SPHARM.vtk,train/SPHARM_LEFT/spharm_results/left_TLE_sub-314_hippocampus_lh_aligned_SPHARM.vtk,SPHARM/SPHARM_LEFT/spharm_status_shard1.json
sub-316,train,left,train_left,passed,1,TLE,TLE,Left_TLE,1,1,left_TLE_sub-316_hippocampus_lh_aligned.nii.gz,left_TLE_sub-316_hippocampus_lh_aligned_SPHARM.vtk,train/SPHARM_LEFT/spharm_results/left_TLE_sub-316_hippocampus_lh_aligned_SPHARM.vtk,SPHARM/SPHARM_LEFT/spharm_status_shard2.json
sub-317,train,left,train_left,passed,1,Healthy,TLE,Right_TLE,1,1,left_Healthy_sub-317_hippocampus_lh_aligned.nii.gz,left_Healthy_sub-317_hippocampus_lh_aligned_SPHARM.vtk,train/SPHARM_LEFT/spharm_results/left_Healthy_sub-317_hippocampus_lh_aligned_SPHARM.vtk,SPHARM/SPHARM_LEFT/spharm_status_shard1.json
sub-31730,train,left,train_left,passed,1,Healthy,TLE,Right_TLE,1,1,left_Healthy_sub-31730_hippocampus_lh_aligned.nii.gz,left_Healthy_sub-31730_hippocampus_lh_aligned_SPHARM.vtk,train/SPHARM_LEFT/spharm_results/left_Healthy_sub-31730_hippocampus_lh_aligned_SPHARM.vtk,SPHARM/SPHARM_LEFT/spharm_status_shard0.json
sub-320,train,left,train_left,passed,1,TLE,TLE,Left_TLE,1,1,left_TLE_sub-320_hippocampus_lh_aligned.nii.gz,left_TLE_sub-320_hippocampus_lh_aligned_SPHARM.vtk,train/SPHARM_LEFT/spharm_results/left_TLE_sub-320_hippocampus_lh_aligned_SPHARM.vtk,SPHARM/SPHARM_LEFT/spharm_status_shard0.json
sub-32159,train,left,train_left,passed,1,TLE,TLE,Left_TLE,1,1,left_TLE_sub-32159_hippocampus_lh_aligned.nii.gz,left_TLE_sub-32159_hippocampus_lh_aligned_SPHARM.vtk,train/SPHARM_LEFT/spharm_results/left_TLE_sub-32159_hippocampus_lh_aligned_SPHARM.vtk,SPHARM/SPHARM_LEFT/spharm_status_shard1.json
sub-32231,train,left,train_left,passed,1,Healthy,TLE,Right_TLE,1,1,left_Healthy_sub-32231_hippocampus_lh_aligned.nii.gz,left_Healthy_sub-32231_hippocampus_lh_aligned_SPHARM.vtk,train/SPHARM_LEFT/spharm_results/left_Healthy_sub-32231_hippocampus_lh_aligned_SPHARM.vtk,SPHARM/SPHARM_LEFT/spharm_status_shard0.json
sub-32310,train,left,train_left,passed,1,Healthy,TLE,Right_TLE,1,1,left_Healthy_sub-32310_hippocampus_lh_aligned.nii.gz,left_Healthy_sub-32310_hippocampus_lh_aligned_SPHARM.vtk,train/SPHARM_LEFT/spharm_results/left_Healthy_sub-32310_hippocampus_lh_aligned_SPHARM.vtk,SPHARM/SPHARM_LEFT/spharm_status_shard1.json
sub-32436,train,left,train_left,passed,1,Healthy,TLE,Right_TLE,1,1,left_Healthy_sub-32436_hippocampus_lh_aligned.nii.gz,left_Healthy_sub-32436_hippocampus_lh_aligned_SPHARM.vtk,train/SPHARM_LEFT/spharm_results/left_Healthy_sub-32436_hippocampus_lh_aligned_SPHARM.vtk,SPHARM/SPHARM_LEFT/spharm_status_shard2.json
sub-325,train,left,train_left,passed,1,Healthy,TLE,Right_TLE,1,1,left_Healthy_sub-325_hippocampus_lh_aligned.nii.gz,left_Healthy_sub-325_hippocampus_lh_aligned_SPHARM.vtk,train/SPHARM_LEFT/spharm_results/left_Healthy_sub-325_hippocampus_lh_aligned_SPHARM.vtk,SPHARM/SPHARM_LEFT/spharm_status_shard1.json
sub-329,train,left,train_left,passed,1,TLE,TLE,Left_TLE,1,1,left_TLE_sub-329_hippocampus_lh_aligned.nii.gz,left_TLE_sub-329_hippocampus_lh_aligned_SPHARM.vtk,train/SPHARM_LEFT/spharm_results/left_TLE_sub-329_hippocampus_lh_aligned_SPHARM.vtk,SPHARM/SPHARM_LEFT/spharm_status_shard0.json
sub-32907,train,left,train_left,passed,1,TLE,TLE,Left_TLE,1,1,left_TLE_sub-32907_hippocampus_lh_aligned.nii.gz,left_TLE_sub-32907_hippocampus_lh_aligned_SPHARM.vtk,train/SPHARM_LEFT/spharm_results/left_TLE_sub-32907_hippocampus_lh_aligned_SPHARM.vtk,SPHARM/SPHARM_LEFT/spharm_status_shard2.json
sub-33,train,left,train_left,passed,1,TLE,TLE,Left_TLE,1,1,left_TLE_sub-33_hippocampus_lh_aligned.nii.gz,left_TLE_sub-33_hippocampus_lh_aligned_SPHARM.vtk,train/SPHARM_LEFT/spharm_results/left_TLE_sub-33_hippocampus_lh_aligned_SPHARM.vtk,SPHARM/SPHARM_LEFT/spharm_status_shard0.json
sub-330,train,left,train_left,passed,1,Healthy,TLE,Right_TLE,1,1,left_Healthy_sub-330_hippocampus_lh_aligned.nii.gz,left_Healthy_sub-330_hippocampus_lh_aligned_SPHARM.vtk,train/SPHARM_LEFT/spharm_results/left_Healthy_sub-330_hippocampus_lh_aligned_SPHARM.vtk,SPHARM/SPHARM_LEFT/spharm_status_shard0.json
sub-332,train,left,train_left,passed,1,Healthy,TLE,Right_TLE,1,1,left_Healthy_sub-332_hippocampus_lh_aligned.nii.gz,left_Healthy_sub-332_hippocampus_lh_aligned_SPHARM.vtk,train/SPHARM_LEFT/spharm_results/left_Healthy_sub-332_hippocampus_lh_aligned_SPHARM.vtk,SPHARM/SPHARM_LEFT/spharm_status_shard1.json
sub-334,train,left,train_left,passed,1,Healthy,TLE,Right_TLE,1,1,left_Healthy_sub-334_hippocampus_lh_aligned.nii.gz,left_Healthy_sub-334_hippocampus_lh_aligned_SPHARM.vtk,train/SPHARM_LEFT/spharm_results/left_Healthy_sub-334_hippocampus_lh_aligned_SPHARM.vtk,SPHARM/SPHARM_LEFT/spharm_status_shard2.json
sub-336,train,left,train_left,passed,1,TLE,TLE,Left_TLE,1,1,left_TLE_sub-336_hippocampus_lh_aligned.nii.gz,left_TLE_sub-336_hippocampus_lh_aligned_SPHARM.vtk,train/SPHARM_LEFT/spharm_results/left_TLE_sub-336_hippocampus_lh_aligned_SPHARM.vtk,SPHARM/SPHARM_LEFT/spharm_status_shard1.json
sub-337,train,left,train_left,passed,1,TLE,TLE,Left_TLE,1,1,left_TLE_sub-337_hippocampus_lh_aligned.nii.gz,left_TLE_sub-337_hippocampus_lh_aligned_SPHARM.vtk,train/SPHARM_LEFT/spharm_results/left_TLE_sub-337_hippocampus_lh_aligned_SPHARM.vtk,SPHARM/SPHARM_LEFT/spharm_status_shard2.json
sub-340,train,left,train_left,passed,1,Healthy,TLE,Right_TLE,1,1,left_Healthy_sub-340_hippocampus_lh_aligned.nii.gz,left_Healthy_sub-340_hippocampus_lh_aligned_SPHARM.vtk,train/SPHARM_LEFT/spharm_results/left_Healthy_sub-340_hippocampus_lh_aligned_SPHARM.vtk,SPHARM/SPHARM_LEFT/spharm_status_shard0.json
sub-34273,train,left,train_left,passed,1,TLE,TLE,Left_TLE,1,1,left_TLE_sub-34273_hippocampus_lh_aligned.nii.gz,left_TLE_sub-34273_hippocampus_lh_aligned_SPHARM.vtk,train/SPHARM_LEFT/spharm_results/left_TLE_sub-34273_hippocampus_lh_aligned_SPHARM.vtk,SPHARM/SPHARM_LEFT/spharm_status_shard1.json
sub-343,train,left,train_left,passed,1,Healthy,TLE,Right_TLE,1,1,left_Healthy_sub-343_hippocampus_lh_aligned.nii.gz,left_Healthy_sub-343_hippocampus_lh_aligned_SPHARM.vtk,train/SPHARM_LEFT/spharm_results/left_Healthy_sub-343_hippocampus_lh_aligned_SPHARM.vtk,SPHARM/SPHARM_LEFT/spharm_status_shard1.json
sub-34359,train,left,train_left,passed,1,TLE,TLE,Left_TLE,1,1,left_TLE_sub-34359_hippocampus_lh_aligned.nii.gz,left_TLE_sub-34359_hippocampus_lh_aligned_SPHARM.vtk,train/SPHARM_LEFT/spharm_results/left_TLE_sub-34359_hippocampus_lh_aligned_SPHARM.vtk,SPHARM/SPHARM_LEFT/spharm_status_shard2.json
sub-344,train,left,train_left,passed,1,Healthy,TLE,Right_TLE,1,1,left_Healthy_sub-344_hippocampus_lh_aligned.nii.gz,left_Healthy_sub-344_hippocampus_lh_aligned_SPHARM.vtk,train/SPHARM_LEFT/spharm_results/left_Healthy_sub-344_hippocampus_lh_aligned_SPHARM.vtk,SPHARM/SPHARM_LEFT/spharm_status_shard0.json
sub-34437,train,left,train_left,passed,1,Healthy,TLE,Right_TLE,1,1,left_Healthy_sub-34437_hippocampus_lh_aligned.nii.gz,left_Healthy_sub-34437_hippocampus_lh_aligned_SPHARM.vtk,train/SPHARM_LEFT/spharm_results/left_Healthy_sub-34437_hippocampus_lh_aligned_SPHARM.vtk,SPHARM/SPHARM_LEFT/spharm_status_shard2.json
sub-346,train,left,train_left,passed,1,Healthy,TLE,Right_TLE,1,1,left_Healthy_sub-346_hippocampus_lh_aligned.nii.gz,left_Healthy_sub-346_hippocampus_lh_aligned_SPHARM.vtk,train/SPHARM_LEFT/spharm_results/left_Healthy_sub-346_hippocampus_lh_aligned_SPHARM.vtk,SPHARM/SPHARM_LEFT/spharm_status_shard1.json
sub-347,train,left,train_left,passed,1,TLE,TLE,Left_TLE,1,1,left_TLE_sub-347_hippocampus_lh_aligned.nii.gz,left_TLE_sub-347_hippocampus_lh_aligned_SPHARM.vtk,train/SPHARM_LEFT/spharm_results/left_TLE_sub-347_hippocampus_lh_aligned_SPHARM.vtk,SPHARM/SPHARM_LEFT/spharm_status_shard1.json
sub-34736,train,left,train_left,passed,1,TLE,TLE,Left_TLE,1,1,left_TLE_sub-34736_hippocampus_lh_aligned.nii.gz,left_TLE_sub-34736_hippocampus_lh_aligned_SPHARM.vtk,train/SPHARM_LEFT/spharm_results/left_TLE_sub-34736_hippocampus_lh_aligned_SPHARM.vtk,SPHARM/SPHARM_LEFT/spharm_status_shard0.json
sub-348,train,left,train_left,passed,1,TLE,TLE,Left_TLE,1,1,left_TLE_sub-348_hippocampus_lh_aligned.nii.gz,left_TLE_sub-348_hippocampus_lh_aligned_SPHARM.vtk,train/SPHARM_LEFT/spharm_results/left_TLE_sub-348_hippocampus_lh_aligned_SPHARM.vtk,SPHARM/SPHARM_LEFT/spharm_status_shard0.json
sub-351,train,left,train_left,passed,1,TLE,TLE,Left_TLE,1,1,left_TLE_sub-351_hippocampus_lh_aligned.nii.gz,left_TLE_sub-351_hippocampus_lh_aligned_SPHARM.vtk,train/SPHARM_LEFT/spharm_results/left_TLE_sub-351_hippocampus_lh_aligned_SPHARM.vtk,SPHARM/SPHARM_LEFT/spharm_status_shard2.json
sub-352,train,left,train_left,passed,1,Healthy,TLE,Right_TLE,1,1,left_Healthy_sub-352_hippocampus_lh_aligned.nii.gz,left_Healthy_sub-352_hippocampus_lh_aligned_SPHARM.vtk,train/SPHARM_LEFT/spharm_results/left_Healthy_sub-352_hippocampus_lh_aligned_SPHARM.vtk,SPHARM/SPHARM_LEFT/spharm_status_shard0.json
sub-35232,train,left,train_left,passed,1,Healthy,TLE,Right_TLE,1,1,left_Healthy_sub-35232_hippocampus_lh_aligned.nii.gz,left_Healthy_sub-35232_hippocampus_lh_aligned_SPHARM.vtk,train/SPHARM_LEFT/spharm_results/left_Healthy_sub-35232_hippocampus_lh_aligned_SPHARM.vtk,SPHARM/SPHARM_LEFT/spharm_status_shard2.json
sub-35272,train,left,train_left,passed,1,TLE,TLE,Left_TLE,1,1,left_TLE_sub-35272_hippocampus_lh_aligned.nii.gz,left_TLE_sub-35272_hippocampus_lh_aligned_SPHARM.vtk,train/SPHARM_LEFT/spharm_results/left_TLE_sub-35272_hippocampus_lh_aligned_SPHARM.vtk,SPHARM/SPHARM_LEFT/spharm_status_shard0.json
sub-353,train,left,train_left,passed,1,TLE,TLE,Left_TLE,1,1,left_TLE_sub-353_hippocampus_lh_aligned.nii.gz,left_TLE_sub-353_hippocampus_lh_aligned_SPHARM.vtk,train/SPHARM_LEFT/spharm_results/left_TLE_sub-353_hippocampus_lh_aligned_SPHARM.vtk,SPHARM/SPHARM_LEFT/spharm_status_shard2.json
sub-354,train,left,train_left,passed,1,TLE,TLE,Left_TLE,1,1,left_TLE_sub-354_hippocampus_lh_aligned.nii.gz,left_TLE_sub-354_hippocampus_lh_aligned_SPHARM.vtk,train/SPHARM_LEFT/spharm_results/left_TLE_sub-354_hippocampus_lh_aligned_SPHARM.vtk,SPHARM/SPHARM_LEFT/spharm_status_shard0.json
sub-35538,train,left,train_left,passed,1,Healthy,TLE,Right_TLE,1,1,left_Healthy_sub-35538_hippocampus_lh_aligned.nii.gz,left_Healthy_sub-35538_hippocampus_lh_aligned_SPHARM.vtk,train/SPHARM_LEFT/spharm_results/left_Healthy_sub-35538_hippocampus_lh_aligned_SPHARM.vtk,SPHARM/SPHARM_LEFT/spharm_status_shard1.json
sub-35557,train,left,train_left,passed,1,Healthy,Control,Control,1,1,left_Healthy_sub-35557_hippocampus_lh_aligned.nii.gz,left_Healthy_sub-35557_hippocampus_lh_aligned_SPHARM.vtk,train/SPHARM_LEFT/spharm_results/left_Healthy_sub-35557_hippocampus_lh_aligned_SPHARM.vtk,SPHARM/SPHARM_LEFT/spharm_status_shard2.json
sub-358,train,left,train_left,passed,1,TLE,TLE,Left_TLE,1,1,left_TLE_sub-358_hippocampus_lh_aligned.nii.gz,left_TLE_sub-358_hippocampus_lh_aligned_SPHARM.vtk,train/SPHARM_LEFT/spharm_results/left_TLE_sub-358_hippocampus_lh_aligned_SPHARM.vtk,SPHARM/SPHARM_LEFT/spharm_status_shard1.json
sub-362,train,left,train_left,passed,1,Healthy,TLE,Right_TLE,1,1,left_Healthy_sub-362_hippocampus_lh_aligned.nii.gz,left_Healthy_sub-362_hippocampus_lh_aligned_SPHARM.vtk,train/SPHARM_LEFT/spharm_results/left_Healthy_sub-362_hippocampus_lh_aligned_SPHARM.vtk,SPHARM/SPHARM_LEFT/spharm_status_shard1.json
sub-36387,train,left,train_left,passed,1,Healthy,TLE,Right_TLE,1,1,left_Healthy_sub-36387_hippocampus_lh_aligned.nii.gz,left_Healthy_sub-36387_hippocampus_lh_aligned_SPHARM.vtk,train/SPHARM_LEFT/spharm_results/left_Healthy_sub-36387_hippocampus_lh_aligned_SPHARM.vtk,SPHARM/SPHARM_LEFT/spharm_status_shard2.json
sub-364,train,left,train_left,passed,1,TLE,TLE,Left_TLE,1,1,left_TLE_sub-364_hippocampus_lh_aligned.nii.gz,left_TLE_sub-364_hippocampus_lh_aligned_SPHARM.vtk,train/SPHARM_LEFT/spharm_results/left_TLE_sub-364_hippocampus_lh_aligned_SPHARM.vtk,SPHARM/SPHARM_LEFT/spharm_status_shard1.json
sub-36487,train,left,train_left,passed,1,TLE,TLE,Left_TLE,1,1,left_TLE_sub-36487_hippocampus_lh_aligned.nii.gz,left_TLE_sub-36487_hippocampus_lh_aligned_SPHARM.vtk,train/SPHARM_LEFT/spharm_results/left_TLE_sub-36487_hippocampus_lh_aligned_SPHARM.vtk,SPHARM/SPHARM_LEFT/spharm_status_shard0.json
sub-365,train,left,train_left,passed,1,Healthy,TLE,Right_TLE,1,1,left_Healthy_sub-365_hippocampus_lh_aligned.nii.gz,left_Healthy_sub-365_hippocampus_lh_aligned_SPHARM.vtk,train/SPHARM_LEFT/spharm_results/left_Healthy_sub-365_hippocampus_lh_aligned_SPHARM.vtk,SPHARM/SPHARM_LEFT/spharm_status_shard0.json
sub-366,train,left,train_left,passed,1,TLE,TLE,Left_TLE,1,1,left_TLE_sub-366_hippocampus_lh_aligned.nii.gz,left_TLE_sub-366_hippocampus_lh_aligned_SPHARM.vtk,train/SPHARM_LEFT/spharm_results/left_TLE_sub-366_hippocampus_lh_aligned_SPHARM.vtk,SPHARM/SPHARM_LEFT/spharm_status_shard2.json
sub-36737,train,left,train_left,passed,1,TLE,TLE,Left_TLE,1,1,left_TLE_sub-36737_hippocampus_lh_aligned.nii.gz,left_TLE_sub-36737_hippocampus_lh_aligned_SPHARM.vtk,train/SPHARM_LEFT/spharm_results/left_TLE_sub-36737_hippocampus_lh_aligned_SPHARM.vtk,SPHARM/SPHARM_LEFT/spharm_status_shard0.json
sub-36866,train,left,train_left,passed,1,TLE,TLE,Left_TLE,1,1,left_TLE_sub-36866_hippocampus_lh_aligned.nii.gz,left_TLE_sub-36866_hippocampus_lh_aligned_SPHARM.vtk,train/SPHARM_LEFT/spharm_results/left_TLE_sub-36866_hippocampus_lh_aligned_SPHARM.vtk,SPHARM/SPHARM_LEFT/spharm_status_shard1.json
sub-37,train,left,train_left,failed,0,TLE,TLE,Left_TLE,0,0,left_TLE_sub-37_hippocampus_lh_aligned.nii.gz,left_TLE_sub-37_hippocampus_lh_aligned_SPHARM.vtk,,SPHARM/SPHARM_LEFT/spharm_status_shard1.json
sub-37117,train,left,train_left,passed,1,Healthy,Control,Control,1,1,left_Healthy_sub-37117_hippocampus_lh_aligned.nii.gz,left_Healthy_sub-37117_hippocampus_lh_aligned_SPHARM.vtk,train/SPHARM_LEFT/spharm_results/left_Healthy_sub-37117_hippocampus_lh_aligned_SPHARM.vtk,SPHARM/SPHARM_LEFT/spharm_status_shard0.json
sub-37130,train,left,train_left,passed,1,Healthy,TLE,Right_TLE,1,1,left_Healthy_sub-37130_hippocampus_lh_aligned.nii.gz,left_Healthy_sub-37130_hippocampus_lh_aligned_SPHARM.vtk,train/SPHARM_LEFT/spharm_results/left_Healthy_sub-37130_hippocampus_lh_aligned_SPHARM.vtk,SPHARM/SPHARM_LEFT/spharm_status_shard1.json
sub-37149,train,left,train_left,passed,1,Healthy,Control,Control,1,1,left_Healthy_sub-37149_hippocampus_lh_aligned.nii.gz,left_Healthy_sub-37149_hippocampus_lh_aligned_SPHARM.vtk,train/SPHARM_LEFT/spharm_results/left_Healthy_sub-37149_hippocampus_lh_aligned_SPHARM.vtk,SPHARM/SPHARM_LEFT/spharm_status_shard2.json
sub-372,train,left,train_left,passed,1,TLE,TLE,Left_TLE,1,1,left_TLE_sub-372_hippocampus_lh_aligned.nii.gz,left_TLE_sub-372_hippocampus_lh_aligned_SPHARM.vtk,train/SPHARM_LEFT/spharm_results/left_TLE_sub-372_hippocampus_lh_aligned_SPHARM.vtk,SPHARM/SPHARM_LEFT/spharm_status_shard0.json
sub-37289,train,left,train_left,passed,1,Healthy,Control,Control,1,1,left_Healthy_sub-37289_hippocampus_lh_aligned.nii.gz,left_Healthy_sub-37289_hippocampus_lh_aligned_SPHARM.vtk,train/SPHARM_LEFT/spharm_results/left_Healthy_sub-37289_hippocampus_lh_aligned_SPHARM.vtk,SPHARM/SPHARM_LEFT/spharm_status_shard0.json
sub-374,train,left,train_left,passed,1,Healthy,TLE,Right_TLE,1,1,left_Healthy_sub-374_hippocampus_lh_aligned.nii.gz,left_Healthy_sub-374_hippocampus_lh_aligned_SPHARM.vtk,train/SPHARM_LEFT/spharm_results/left_Healthy_sub-374_hippocampus_lh_aligned_SPHARM.vtk,SPHARM/SPHARM_LEFT/spharm_status_shard1.json
sub-375,train,left,train_left,passed,1,TLE,TLE,Left_TLE,1,1,left_TLE_sub-375_hippocampus_lh_aligned.nii.gz,left_TLE_sub-375_hippocampus_lh_aligned_SPHARM.vtk,train/SPHARM_LEFT/spharm_results/left_TLE_sub-375_hippocampus_lh_aligned_SPHARM.vtk,SPHARM/SPHARM_LEFT/spharm_status_shard2.json
sub-376,train,left,train_left,passed,1,Healthy,TLE,Right_TLE,1,1,left_Healthy_sub-376_hippocampus_lh_aligned.nii.gz,left_Healthy_sub-376_hippocampus_lh_aligned_SPHARM.vtk,train/SPHARM_LEFT/spharm_results/left_Healthy_sub-376_hippocampus_lh_aligned_SPHARM.vtk,SPHARM/SPHARM_LEFT/spharm_status_shard2.json
sub-377,train,left,train_left,passed,1,Healthy,TLE,Right_TLE,1,1,left_Healthy_sub-377_hippocampus_lh_aligned.nii.gz,left_Healthy_sub-377_hippocampus_lh_aligned_SPHARM.vtk,train/SPHARM_LEFT/spharm_results/left_Healthy_sub-377_hippocampus_lh_aligned_SPHARM.vtk,SPHARM/SPHARM_LEFT/spharm_status_shard0.json
sub-379,train,left,train_left,passed,1,TLE,TLE,Left_TLE,1,1,left_TLE_sub-379_hippocampus_lh_aligned.nii.gz,left_TLE_sub-379_hippocampus_lh_aligned_SPHARM.vtk,train/SPHARM_LEFT/spharm_results/left_TLE_sub-379_hippocampus_lh_aligned_SPHARM.vtk,SPHARM/SPHARM_LEFT/spharm_status_shard0.json
sub-380,train,left,train_left,passed,1,Healthy,TLE,Right_TLE,1,1,left_Healthy_sub-380_hippocampus_lh_aligned.nii.gz,left_Healthy_sub-380_hippocampus_lh_aligned_SPHARM.vtk,train/SPHARM_LEFT/spharm_results/left_Healthy_sub-380_hippocampus_lh_aligned_SPHARM.vtk,SPHARM/SPHARM_LEFT/spharm_status_shard1.json
sub-382,train,left,train_left,passed,1,Healthy,TLE,Right_TLE,1,1,left_Healthy_sub-382_hippocampus_lh_aligned.nii.gz,left_Healthy_sub-382_hippocampus_lh_aligned_SPHARM.vtk,train/SPHARM_LEFT/spharm_results/left_Healthy_sub-382_hippocampus_lh_aligned_SPHARM.vtk,SPHARM/SPHARM_LEFT/spharm_status_shard2.json
sub-385,train,left,train_left,passed,1,Healthy,TLE,Right_TLE,1,1,left_Healthy_sub-385_hippocampus_lh_aligned.nii.gz,left_Healthy_sub-385_hippocampus_lh_aligned_SPHARM.vtk,train/SPHARM_LEFT/spharm_results/left_Healthy_sub-385_hippocampus_lh_aligned_SPHARM.vtk,SPHARM/SPHARM_LEFT/spharm_status_shard0.json
sub-387,train,left,train_left,passed,1,TLE,TLE,Left_TLE,1,1,left_TLE_sub-387_hippocampus_lh_aligned.nii.gz,left_TLE_sub-387_hippocampus_lh_aligned_SPHARM.vtk,train/SPHARM_LEFT/spharm_results/left_TLE_sub-387_hippocampus_lh_aligned_SPHARM.vtk,SPHARM/SPHARM_LEFT/spharm_status_shard2.json
sub-388,train,left,train_left,failed,0,TLE,TLE,Left_TLE,0,0,left_TLE_sub-388_hippocampus_lh_aligned.nii.gz,left_TLE_sub-388_hippocampus_lh_aligned_SPHARM.vtk,,SPHARM/SPHARM_LEFT/spharm_status_shard0.json
sub-389,train,left,train_left,passed,1,TLE,TLE,Left_TLE,1,1,left_TLE_sub-389_hippocampus_lh_aligned.nii.gz,left_TLE_sub-389_hippocampus_lh_aligned_SPHARM.vtk,train/SPHARM_LEFT/spharm_results/left_TLE_sub-389_hippocampus_lh_aligned_SPHARM.vtk,SPHARM/SPHARM_LEFT/spharm_status_shard1.json
sub-39,train,left,train_left,passed,1,TLE,TLE,Left_TLE,1,1,left_TLE_sub-39_hippocampus_lh_aligned.nii.gz,left_TLE_sub-39_hippocampus_lh_aligned_SPHARM.vtk,train/SPHARM_LEFT/spharm_results/left_TLE_sub-39_hippocampus_lh_aligned_SPHARM.vtk,SPHARM/SPHARM_LEFT/spharm_status_shard1.json
sub-399,train,left,train_left,passed,1,Healthy,TLE,Right_TLE,1,1,left_Healthy_sub-399_hippocampus_lh_aligned.nii.gz,left_Healthy_sub-399_hippocampus_lh_aligned_SPHARM.vtk,train/SPHARM_LEFT/spharm_results/left_Healthy_sub-399_hippocampus_lh_aligned_SPHARM.vtk,SPHARM/SPHARM_LEFT/spharm_status_shard0.json
sub-40,train,left,train_left,passed,1,Healthy,TLE,Right_TLE,1,1,left_Healthy_sub-40_hippocampus_lh_aligned.nii.gz,left_Healthy_sub-40_hippocampus_lh_aligned_SPHARM.vtk,train/SPHARM_LEFT/spharm_results/left_Healthy_sub-40_hippocampus_lh_aligned_SPHARM.vtk,SPHARM/SPHARM_LEFT/spharm_status_shard0.json
sub-400,train,left,train_left,passed,1,Healthy,TLE,Right_TLE,1,1,left_Healthy_sub-400_hippocampus_lh_aligned.nii.gz,left_Healthy_sub-400_hippocampus_lh_aligned_SPHARM.vtk,train/SPHARM_LEFT/spharm_results/left_Healthy_sub-400_hippocampus_lh_aligned_SPHARM.vtk,SPHARM/SPHARM_LEFT/spharm_status_shard1.json
sub-4001,train,left,train_left,passed,1,Healthy,Control,Control,1,1,left_Healthy_sub-4001_hippocampus_lh_aligned.nii.gz,left_Healthy_sub-4001_hippocampus_lh_aligned_SPHARM.vtk,train/SPHARM_LEFT/spharm_results/left_Healthy_sub-4001_hippocampus_lh_aligned_SPHARM.vtk,SPHARM/SPHARM_LEFT/spharm_status_shard1.json
sub-4003,train,left,train_left,passed,1,Healthy,Control,Control,1,1,left_Healthy_sub-4003_hippocampus_lh_aligned.nii.gz,left_Healthy_sub-4003_hippocampus_lh_aligned_SPHARM.vtk,train/SPHARM_LEFT/spharm_results/left_Healthy_sub-4003_hippocampus_lh_aligned_SPHARM.vtk,SPHARM/SPHARM_LEFT/spharm_status_shard0.json
sub-4004,train,left,train_left,passed,1,Healthy,Control,Control,1,1,left_Healthy_sub-4004_hippocampus_lh_aligned.nii.gz,left_Healthy_sub-4004_hippocampus_lh_aligned_SPHARM.vtk,train/SPHARM_LEFT/spharm_results/left_Healthy_sub-4004_hippocampus_lh_aligned_SPHARM.vtk,SPHARM/SPHARM_LEFT/spharm_status_shard1.json
sub-4006,train,left,train_left,passed,1,Healthy,Control,Control,1,1,left_Healthy_sub-4006_hippocampus_lh_aligned.nii.gz,left_Healthy_sub-4006_hippocampus_lh_aligned_SPHARM.vtk,train/SPHARM_LEFT/spharm_results/left_Healthy_sub-4006_hippocampus_lh_aligned_SPHARM.vtk,SPHARM/SPHARM_LEFT/spharm_status_shard0.json
sub-4007,train,left,train_left,passed,1,Healthy,Control,Control,1,1,left_Healthy_sub-4007_hippocampus_lh_aligned.nii.gz,left_Healthy_sub-4007_hippocampus_lh_aligned_SPHARM.vtk,train/SPHARM_LEFT/spharm_results/left_Healthy_sub-4007_hippocampus_lh_aligned_SPHARM.vtk,SPHARM/SPHARM_LEFT/spharm_status_shard1.json
sub-4008,train,left,train_left,passed,1,Healthy,Control,Control,1,1,left_Healthy_sub-4008_hippocampus_lh_aligned.nii.gz,left_Healthy_sub-4008_hippocampus_lh_aligned_SPHARM.vtk,train/SPHARM_LEFT/spharm_results/left_Healthy_sub-4008_hippocampus_lh_aligned_SPHARM.vtk,SPHARM/SPHARM_LEFT/spharm_status_shard2.json
sub-4009,train,left,train_left,passed,1,Healthy,Control,Control,1,1,left_Healthy_sub-4009_hippocampus_lh_aligned.nii.gz,left_Healthy_sub-4009_hippocampus_lh_aligned_SPHARM.vtk,train/SPHARM_LEFT/spharm_results/left_Healthy_sub-4009_hippocampus_lh_aligned_SPHARM.vtk,SPHARM/SPHARM_LEFT/spharm_status_shard0.json
sub-401,train,left,train_left,passed,1,TLE,TLE,Left_TLE,1,1,left_TLE_sub-401_hippocampus_lh_aligned.nii.gz,left_TLE_sub-401_hippocampus_lh_aligned_SPHARM.vtk,train/SPHARM_LEFT/spharm_results/left_TLE_sub-401_hippocampus_lh_aligned_SPHARM.vtk,SPHARM/SPHARM_LEFT/spharm_status_shard2.json
sub-4010,train,left,train_left,passed,1,Healthy,Control,Control,1,1,left_Healthy_sub-4010_hippocampus_lh_aligned.nii.gz,left_Healthy_sub-4010_hippocampus_lh_aligned_SPHARM.vtk,train/SPHARM_LEFT/spharm_results/left_Healthy_sub-4010_hippocampus_lh_aligned_SPHARM.vtk,SPHARM/SPHARM_LEFT/spharm_status_shard2.json
sub-4011,train,left,train_left,passed,1,Healthy,Control,Control,1,1,left_Healthy_sub-4011_hippocampus_lh_aligned.nii.gz,left_Healthy_sub-4011_hippocampus_lh_aligned_SPHARM.vtk,train/SPHARM_LEFT/spharm_results/left_Healthy_sub-4011_hippocampus_lh_aligned_SPHARM.vtk,SPHARM/SPHARM_LEFT/spharm_status_shard0.json
sub-4012,train,left,train_left,passed,1,Healthy,Control,Control,1,1,left_Healthy_sub-4012_hippocampus_lh_aligned.nii.gz,left_Healthy_sub-4012_hippocampus_lh_aligned_SPHARM.vtk,train/SPHARM_LEFT/spharm_results/left_Healthy_sub-4012_hippocampus_lh_aligned_SPHARM.vtk,SPHARM/SPHARM_LEFT/spharm_status_shard1.json
sub-4013,train,left,train_left,passed,1,Healthy,Control,Control,1,1,left_Healthy_sub-4013_hippocampus_lh_aligned.nii.gz,left_Healthy_sub-4013_hippocampus_lh_aligned_SPHARM.vtk,train/SPHARM_LEFT/spharm_results/left_Healthy_sub-4013_hippocampus_lh_aligned_SPHARM.vtk,SPHARM/SPHARM_LEFT/spharm_status_shard2.json
sub-4014,train,left,train_left,passed,1,Healthy,Control,Control,1,1,left_Healthy_sub-4014_hippocampus_lh_aligned.nii.gz,left_Healthy_sub-4014_hippocampus_lh_aligned_SPHARM.vtk,train/SPHARM_LEFT/spharm_results/left_Healthy_sub-4014_hippocampus_lh_aligned_SPHARM.vtk,SPHARM/SPHARM_LEFT/spharm_status_shard0.json
sub-4015,train,left,train_left,passed,1,Healthy,Control,Control,1,1,left_Healthy_sub-4015_hippocampus_lh_aligned.nii.gz,left_Healthy_sub-4015_hippocampus_lh_aligned_SPHARM.vtk,train/SPHARM_LEFT/spharm_results/left_Healthy_sub-4015_hippocampus_lh_aligned_SPHARM.vtk,SPHARM/SPHARM_LEFT/spharm_status_shard1.json
sub-4018,train,left,train_left,passed,1,Healthy,Control,Control,1,1,left_Healthy_sub-4018_hippocampus_lh_aligned.nii.gz,left_Healthy_sub-4018_hippocampus_lh_aligned_SPHARM.vtk,train/SPHARM_LEFT/spharm_results/left_Healthy_sub-4018_hippocampus_lh_aligned_SPHARM.vtk,SPHARM/SPHARM_LEFT/spharm_status_shard1.json
sub-4019,train,left,train_left,passed,1,Healthy,Control,Control,1,1,left_Healthy_sub-4019_hippocampus_lh_aligned.nii.gz,left_Healthy_sub-4019_hippocampus_lh_aligned_SPHARM.vtk,train/SPHARM_LEFT/spharm_results/left_Healthy_sub-4019_hippocampus_lh_aligned_SPHARM.vtk,SPHARM/SPHARM_LEFT/spharm_status_shard2.json
sub-402,train,left,train_left,passed,1,Healthy,TLE,Right_TLE,1,1,left_Healthy_sub-402_hippocampus_lh_aligned.nii.gz,left_Healthy_sub-402_hippocampus_lh_aligned_SPHARM.vtk,train/SPHARM_LEFT/spharm_results/left_Healthy_sub-402_hippocampus_lh_aligned_SPHARM.vtk,SPHARM/SPHARM_LEFT/spharm_status_shard1.json
sub-4020,train,left,train_left,passed,1,Healthy,Control,Control,1,1,left_Healthy_sub-4020_hippocampus_lh_aligned.nii.gz,left_Healthy_sub-4020_hippocampus_lh_aligned_SPHARM.vtk,train/SPHARM_LEFT/spharm_results/left_Healthy_sub-4020_hippocampus_lh_aligned_SPHARM.vtk,SPHARM/SPHARM_LEFT/spharm_status_shard0.json
sub-4021,train,left,train_left,passed,1,Healthy,Control,Control,1,1,left_Healthy_sub-4021_hippocampus_lh_aligned.nii.gz,left_Healthy_sub-4021_hippocampus_lh_aligned_SPHARM.vtk,train/SPHARM_LEFT/spharm_results/left_Healthy_sub-4021_hippocampus_lh_aligned_SPHARM.vtk,SPHARM/SPHARM_LEFT/spharm_status_shard1.json
sub-4022,train,left,train_left,passed,1,Healthy,Control,Control,1,1,left_Healthy_sub-4022_hippocampus_lh_aligned.nii.gz,left_Healthy_sub-4022_hippocampus_lh_aligned_SPHARM.vtk,train/SPHARM_LEFT/spharm_results/left_Healthy_sub-4022_hippocampus_lh_aligned_SPHARM.vtk,SPHARM/SPHARM_LEFT/spharm_status_shard2.json
sub-4023,train,left,train_left,passed,1,Healthy,Control,Control,1,1,left_Healthy_sub-4023_hippocampus_lh_aligned.nii.gz,left_Healthy_sub-4023_hippocampus_lh_aligned_SPHARM.vtk,train/SPHARM_LEFT/spharm_results/left_Healthy_sub-4023_hippocampus_lh_aligned_SPHARM.vtk,SPHARM/SPHARM_LEFT/spharm_status_shard0.json
sub-4024,train,left,train_left,passed,1,Healthy,Control,Control,1,1,left_Healthy_sub-4024_hippocampus_lh_aligned.nii.gz,left_Healthy_sub-4024_hippocampus_lh_aligned_SPHARM.vtk,train/SPHARM_LEFT/spharm_results/left_Healthy_sub-4024_hippocampus_lh_aligned_SPHARM.vtk,SPHARM/SPHARM_LEFT/spharm_status_shard1.json
sub-4025,train,left,train_left,passed,1,Healthy,Control,Control,1,1,left_Healthy_sub-4025_hippocampus_lh_aligned.nii.gz,left_Healthy_sub-4025_hippocampus_lh_aligned_SPHARM.vtk,train/SPHARM_LEFT/spharm_results/left_Healthy_sub-4025_hippocampus_lh_aligned_SPHARM.vtk,SPHARM/SPHARM_LEFT/spharm_status_shard2.json
sub-4026,train,left,train_left,passed,1,Healthy,Control,Control,1,1,left_Healthy_sub-4026_hippocampus_lh_aligned.nii.gz,left_Healthy_sub-4026_hippocampus_lh_aligned_SPHARM.vtk,train/SPHARM_LEFT/spharm_results/left_Healthy_sub-4026_hippocampus_lh_aligned_SPHARM.vtk,SPHARM/SPHARM_LEFT/spharm_status_shard0.json
sub-4027,train,left,train_left,passed,1,Healthy,Control,Control,1,1,left_Healthy_sub-4027_hippocampus_lh_aligned.nii.gz,left_Healthy_sub-4027_hippocampus_lh_aligned_SPHARM.vtk,train/SPHARM_LEFT/spharm_results/left_Healthy_sub-4027_hippocampus_lh_aligned_SPHARM.vtk,SPHARM/SPHARM_LEFT/spharm_status_shard1.json
sub-4028,train,left,train_left,passed,1,Healthy,Control,Control,1,1,left_Healthy_sub-4028_hippocampus_lh_aligned.nii.gz,left_Healthy_sub-4028_hippocampus_lh_aligned_SPHARM.vtk,train/SPHARM_LEFT/spharm_results/left_Healthy_sub-4028_hippocampus_lh_aligned_SPHARM.vtk,SPHARM/SPHARM_LEFT/spharm_status_shard2.json
sub-4030,train,left,train_left,passed,1,Healthy,Control,Control,1,1,left_Healthy_sub-4030_hippocampus_lh_aligned.nii.gz,left_Healthy_sub-4030_hippocampus_lh_aligned_SPHARM.vtk,train/SPHARM_LEFT/spharm_results/left_Healthy_sub-4030_hippocampus_lh_aligned_SPHARM.vtk,SPHARM/SPHARM_LEFT/spharm_status_shard2.json
sub-4031,train,left,train_left,passed,1,Healthy,Control,Control,1,1,left_Healthy_sub-4031_hippocampus_lh_aligned.nii.gz,left_Healthy_sub-4031_hippocampus_lh_aligned_SPHARM.vtk,train/SPHARM_LEFT/spharm_results/left_Healthy_sub-4031_hippocampus_lh_aligned_SPHARM.vtk,SPHARM/SPHARM_LEFT/spharm_status_shard0.json
sub-4033,train,left,train_left,passed,1,Healthy,Control,Control,1,1,left_Healthy_sub-4033_hippocampus_lh_aligned.nii.gz,left_Healthy_sub-4033_hippocampus_lh_aligned_SPHARM.vtk,train/SPHARM_LEFT/spharm_results/left_Healthy_sub-4033_hippocampus_lh_aligned_SPHARM.vtk,SPHARM/SPHARM_LEFT/spharm_status_shard2.json
sub-4034,train,left,train_left,passed,1,Healthy,Control,Control,1,1,left_Healthy_sub-4034_hippocampus_lh_aligned.nii.gz,left_Healthy_sub-4034_hippocampus_lh_aligned_SPHARM.vtk,train/SPHARM_LEFT/spharm_results/left_Healthy_sub-4034_hippocampus_lh_aligned_SPHARM.vtk,SPHARM/SPHARM_LEFT/spharm_status_shard0.json
sub-4035,train,left,train_left,passed,1,Healthy,Control,Control,1,1,left_Healthy_sub-4035_hippocampus_lh_aligned.nii.gz,left_Healthy_sub-4035_hippocampus_lh_aligned_SPHARM.vtk,train/SPHARM_LEFT/spharm_results/left_Healthy_sub-4035_hippocampus_lh_aligned_SPHARM.vtk,SPHARM/SPHARM_LEFT/spharm_status_shard1.json
sub-4036,train,left,train_left,passed,1,Healthy,Control,Control,1,1,left_Healthy_sub-4036_hippocampus_lh_aligned.nii.gz,left_Healthy_sub-4036_hippocampus_lh_aligned_SPHARM.vtk,train/SPHARM_LEFT/spharm_results/left_Healthy_sub-4036_hippocampus_lh_aligned_SPHARM.vtk,SPHARM/SPHARM_LEFT/spharm_status_shard2.json
sub-4037,train,left,train_left,passed,1,Healthy,Control,Control,1,1,left_Healthy_sub-4037_hippocampus_lh_aligned.nii.gz,left_Healthy_sub-4037_hippocampus_lh_aligned_SPHARM.vtk,train/SPHARM_LEFT/spharm_results/left_Healthy_sub-4037_hippocampus_lh_aligned_SPHARM.vtk,SPHARM/SPHARM_LEFT/spharm_status_shard0.json
sub-4038,train,left,train_left,passed,1,Healthy,Control,Control,1,1,left_Healthy_sub-4038_hippocampus_lh_aligned.nii.gz,left_Healthy_sub-4038_hippocampus_lh_aligned_SPHARM.vtk,train/SPHARM_LEFT/spharm_results/left_Healthy_sub-4038_hippocampus_lh_aligned_SPHARM.vtk,SPHARM/SPHARM_LEFT/spharm_status_shard1.json
sub-4039,train,left,train_left,passed,1,Healthy,Control,Control,1,1,left_Healthy_sub-4039_hippocampus_lh_aligned.nii.gz,left_Healthy_sub-4039_hippocampus_lh_aligned_SPHARM.vtk,train/SPHARM_LEFT/spharm_results/left_Healthy_sub-4039_hippocampus_lh_aligned_SPHARM.vtk,SPHARM/SPHARM_LEFT/spharm_status_shard2.json
sub-4041,train,left,train_left,passed,1,Healthy,Control,Control,1,1,left_Healthy_sub-4041_hippocampus_lh_aligned.nii.gz,left_Healthy_sub-4041_hippocampus_lh_aligned_SPHARM.vtk,train/SPHARM_LEFT/spharm_results/left_Healthy_sub-4041_hippocampus_lh_aligned_SPHARM.vtk,SPHARM/SPHARM_LEFT/spharm_status_shard1.json
sub-4042,train,left,train_left,passed,1,Healthy,Control,Control,1,1,left_Healthy_sub-4042_hippocampus_lh_aligned.nii.gz,left_Healthy_sub-4042_hippocampus_lh_aligned_SPHARM.vtk,train/SPHARM_LEFT/spharm_results/left_Healthy_sub-4042_hippocampus_lh_aligned_SPHARM.vtk,SPHARM/SPHARM_LEFT/spharm_status_shard2.json
sub-4043,train,left,train_left,passed,1,Healthy,Control,Control,1,1,left_Healthy_sub-4043_hippocampus_lh_aligned.nii.gz,left_Healthy_sub-4043_hippocampus_lh_aligned_SPHARM.vtk,train/SPHARM_LEFT/spharm_results/left_Healthy_sub-4043_hippocampus_lh_aligned_SPHARM.vtk,SPHARM/SPHARM_LEFT/spharm_status_shard0.json
sub-4044,train,left,train_left,passed,1,Healthy,Control,Control,1,1,left_Healthy_sub-4044_hippocampus_lh_aligned.nii.gz,left_Healthy_sub-4044_hippocampus_lh_aligned_SPHARM.vtk,train/SPHARM_LEFT/spharm_results/left_Healthy_sub-4044_hippocampus_lh_aligned_SPHARM.vtk,SPHARM/SPHARM_LEFT/spharm_status_shard1.json
sub-4045,train,left,train_left,passed,1,Healthy,Control,Control,1,1,left_Healthy_sub-4045_hippocampus_lh_aligned.nii.gz,left_Healthy_sub-4045_hippocampus_lh_aligned_SPHARM.vtk,train/SPHARM_LEFT/spharm_results/left_Healthy_sub-4045_hippocampus_lh_aligned_SPHARM.vtk,SPHARM/SPHARM_LEFT/spharm_status_shard2.json
sub-4046,train,left,train_left,passed,1,Healthy,Control,Control,1,1,left_Healthy_sub-4046_hippocampus_lh_aligned.nii.gz,left_Healthy_sub-4046_hippocampus_lh_aligned_SPHARM.vtk,train/SPHARM_LEFT/spharm_results/left_Healthy_sub-4046_hippocampus_lh_aligned_SPHARM.vtk,SPHARM/SPHARM_LEFT/spharm_status_shard0.json
sub-4047,train,left,train_left,passed,1,Healthy,Control,Control,1,1,left_Healthy_sub-4047_hippocampus_lh_aligned.nii.gz,left_Healthy_sub-4047_hippocampus_lh_aligned_SPHARM.vtk,train/SPHARM_LEFT/spharm_results/left_Healthy_sub-4047_hippocampus_lh_aligned_SPHARM.vtk,SPHARM/SPHARM_LEFT/spharm_status_shard1.json
sub-4048,train,left,train_left,passed,1,Healthy,Control,Control,1,1,left_Healthy_sub-4048_hippocampus_lh_aligned.nii.gz,left_Healthy_sub-4048_hippocampus_lh_aligned_SPHARM.vtk,train/SPHARM_LEFT/spharm_results/left_Healthy_sub-4048_hippocampus_lh_aligned_SPHARM.vtk,SPHARM/SPHARM_LEFT/spharm_status_shard2.json
sub-4049,train,left,train_left,passed,1,Healthy,Control,Control,1,1,left_Healthy_sub-4049_hippocampus_lh_aligned.nii.gz,left_Healthy_sub-4049_hippocampus_lh_aligned_SPHARM.vtk,train/SPHARM_LEFT/spharm_results/left_Healthy_sub-4049_hippocampus_lh_aligned_SPHARM.vtk,SPHARM/SPHARM_LEFT/spharm_status_shard0.json
sub-405,train,left,train_left,passed,1,Healthy,TLE,Right_TLE,1,1,left_Healthy_sub-405_hippocampus_lh_aligned.nii.gz,left_Healthy_sub-405_hippocampus_lh_aligned_SPHARM.vtk,train/SPHARM_LEFT/spharm_results/left_Healthy_sub-405_hippocampus_lh_aligned_SPHARM.vtk,SPHARM/SPHARM_LEFT/spharm_status_shard0.json
sub-4051,train,left,train_left,passed,1,Healthy,Control,Control,1,1,left_Healthy_sub-4051_hippocampus_lh_aligned.nii.gz,left_Healthy_sub-4051_hippocampus_lh_aligned_SPHARM.vtk,train/SPHARM_LEFT/spharm_results/left_Healthy_sub-4051_hippocampus_lh_aligned_SPHARM.vtk,SPHARM/SPHARM_LEFT/spharm_status_shard0.json
sub-4052,train,left,train_left,passed,1,Healthy,Control,Control,1,1,left_Healthy_sub-4052_hippocampus_lh_aligned.nii.gz,left_Healthy_sub-4052_hippocampus_lh_aligned_SPHARM.vtk,train/SPHARM_LEFT/spharm_results/left_Healthy_sub-4052_hippocampus_lh_aligned_SPHARM.vtk,SPHARM/SPHARM_LEFT/spharm_status_shard1.json
sub-4053,train,left,train_left,passed,1,Healthy,Control,Control,1,1,left_Healthy_sub-4053_hippocampus_lh_aligned.nii.gz,left_Healthy_sub-4053_hippocampus_lh_aligned_SPHARM.vtk,train/SPHARM_LEFT/spharm_results/left_Healthy_sub-4053_hippocampus_lh_aligned_SPHARM.vtk,SPHARM/SPHARM_LEFT/spharm_status_shard2.json
sub-4054,train,left,train_left,passed,1,Healthy,Control,Control,1,1,left_Healthy_sub-4054_hippocampus_lh_aligned.nii.gz,left_Healthy_sub-4054_hippocampus_lh_aligned_SPHARM.vtk,train/SPHARM_LEFT/spharm_results/left_Healthy_sub-4054_hippocampus_lh_aligned_SPHARM.vtk,SPHARM/SPHARM_LEFT/spharm_status_shard0.json
sub-4055,train,left,train_left,passed,1,Healthy,Control,Control,1,1,left_Healthy_sub-4055_hippocampus_lh_aligned.nii.gz,left_Healthy_sub-4055_hippocampus_lh_aligned_SPHARM.vtk,train/SPHARM_LEFT/spharm_results/left_Healthy_sub-4055_hippocampus_lh_aligned_SPHARM.vtk,SPHARM/SPHARM_LEFT/spharm_status_shard1.json
sub-4056,train,left,train_left,passed,1,Healthy,Control,Control,1,1,left_Healthy_sub-4056_hippocampus_lh_aligned.nii.gz,left_Healthy_sub-4056_hippocampus_lh_aligned_SPHARM.vtk,train/SPHARM_LEFT/spharm_results/left_Healthy_sub-4056_hippocampus_lh_aligned_SPHARM.vtk,SPHARM/SPHARM_LEFT/spharm_status_shard2.json
sub-4057,train,left,train_left,passed,1,Healthy,Control,Control,1,1,left_Healthy_sub-4057_hippocampus_lh_aligned.nii.gz,left_Healthy_sub-4057_hippocampus_lh_aligned_SPHARM.vtk,train/SPHARM_LEFT/spharm_results/left_Healthy_sub-4057_hippocampus_lh_aligned_SPHARM.vtk,SPHARM/SPHARM_LEFT/spharm_status_shard0.json
sub-4058,train,left,train_left,passed,1,Healthy,Control,Control,1,1,left_Healthy_sub-4058_hippocampus_lh_aligned.nii.gz,left_Healthy_sub-4058_hippocampus_lh_aligned_SPHARM.vtk,train/SPHARM_LEFT/spharm_results/left_Healthy_sub-4058_hippocampus_lh_aligned_SPHARM.vtk,SPHARM/SPHARM_LEFT/spharm_status_shard1.json
sub-4060,train,left,train_left,passed,1,Healthy,Control,Control,1,1,left_Healthy_sub-4060_hippocampus_lh_aligned.nii.gz,left_Healthy_sub-4060_hippocampus_lh_aligned_SPHARM.vtk,train/SPHARM_LEFT/spharm_results/left_Healthy_sub-4060_hippocampus_lh_aligned_SPHARM.vtk,SPHARM/SPHARM_LEFT/spharm_status_shard1.json
sub-4061,train,left,train_left,passed,1,Healthy,Control,Control,1,1,left_Healthy_sub-4061_hippocampus_lh_aligned.nii.gz,left_Healthy_sub-4061_hippocampus_lh_aligned_SPHARM.vtk,train/SPHARM_LEFT/spharm_results/left_Healthy_sub-4061_hippocampus_lh_aligned_SPHARM.vtk,SPHARM/SPHARM_LEFT/spharm_status_shard2.json
sub-4063,train,left,train_left,passed,1,Healthy,Control,Control,1,1,left_Healthy_sub-4063_hippocampus_lh_aligned.nii.gz,left_Healthy_sub-4063_hippocampus_lh_aligned_SPHARM.vtk,train/SPHARM_LEFT/spharm_results/left_Healthy_sub-4063_hippocampus_lh_aligned_SPHARM.vtk,SPHARM/SPHARM_LEFT/spharm_status_shard1.json
sub-4064,train,left,train_left,passed,1,Healthy,Control,Control,1,1,left_Healthy_sub-4064_hippocampus_lh_aligned.nii.gz,left_Healthy_sub-4064_hippocampus_lh_aligned_SPHARM.vtk,train/SPHARM_LEFT/spharm_results/left_Healthy_sub-4064_hippocampus_lh_aligned_SPHARM.vtk,SPHARM/SPHARM_LEFT/spharm_status_shard2.json
sub-4065,train,left,train_left,passed,1,Healthy,Control,Control,1,1,left_Healthy_sub-4065_hippocampus_lh_aligned.nii.gz,left_Healthy_sub-4065_hippocampus_lh_aligned_SPHARM.vtk,train/SPHARM_LEFT/spharm_results/left_Healthy_sub-4065_hippocampus_lh_aligned_SPHARM.vtk,SPHARM/SPHARM_LEFT/spharm_status_shard0.json
sub-4067,train,left,train_left,passed,1,Healthy,Control,Control,1,1,left_Healthy_sub-4067_hippocampus_lh_aligned.nii.gz,left_Healthy_sub-4067_hippocampus_lh_aligned_SPHARM.vtk,train/SPHARM_LEFT/spharm_results/left_Healthy_sub-4067_hippocampus_lh_aligned_SPHARM.vtk,SPHARM/SPHARM_LEFT/spharm_status_shard2.json
sub-4068,train,left,train_left,passed,1,Healthy,Control,Control,1,1,left_Healthy_sub-4068_hippocampus_lh_aligned.nii.gz,left_Healthy_sub-4068_hippocampus_lh_aligned_SPHARM.vtk,train/SPHARM_LEFT/spharm_results/left_Healthy_sub-4068_hippocampus_lh_aligned_SPHARM.vtk,SPHARM/SPHARM_LEFT/spharm_status_shard0.json
sub-4069,train,left,train_left,passed,1,Healthy,Control,Control,1,1,left_Healthy_sub-4069_hippocampus_lh_aligned.nii.gz,left_Healthy_sub-4069_hippocampus_lh_aligned_SPHARM.vtk,train/SPHARM_LEFT/spharm_results/left_Healthy_sub-4069_hippocampus_lh_aligned_SPHARM.vtk,SPHARM/SPHARM_LEFT/spharm_status_shard1.json
sub-407,train,left,train_left,passed,1,TLE,TLE,Left_TLE,1,1,left_TLE_sub-407_hippocampus_lh_aligned.nii.gz,left_TLE_sub-407_hippocampus_lh_aligned_SPHARM.vtk,train/SPHARM_LEFT/spharm_results/left_TLE_sub-407_hippocampus_lh_aligned_SPHARM.vtk,SPHARM/SPHARM_LEFT/spharm_status_shard0.json
sub-4072,train,left,train_left,passed,1,Healthy,Control,Control,1,1,left_Healthy_sub-4072_hippocampus_lh_aligned.nii.gz,left_Healthy_sub-4072_hippocampus_lh_aligned_SPHARM.vtk,train/SPHARM_LEFT/spharm_results/left_Healthy_sub-4072_hippocampus_lh_aligned_SPHARM.vtk,SPHARM/SPHARM_LEFT/spharm_status_shard2.json
sub-4076,train,left,train_left,passed,1,Healthy,Control,Control,1,1,left_Healthy_sub-4076_hippocampus_lh_aligned.nii.gz,left_Healthy_sub-4076_hippocampus_lh_aligned_SPHARM.vtk,train/SPHARM_LEFT/spharm_results/left_Healthy_sub-4076_hippocampus_lh_aligned_SPHARM.vtk,SPHARM/SPHARM_LEFT/spharm_status_shard0.json
sub-4077,train,left,train_left,passed,1,Healthy,Control,Control,1,1,left_Healthy_sub-4077_hippocampus_lh_aligned.nii.gz,left_Healthy_sub-4077_hippocampus_lh_aligned_SPHARM.vtk,train/SPHARM_LEFT/spharm_results/left_Healthy_sub-4077_hippocampus_lh_aligned_SPHARM.vtk,SPHARM/SPHARM_LEFT/spharm_status_shard1.json
sub-4078,train,left,train_left,passed,1,Healthy,Control,Control,1,1,left_Healthy_sub-4078_hippocampus_lh_aligned.nii.gz,left_Healthy_sub-4078_hippocampus_lh_aligned_SPHARM.vtk,train/SPHARM_LEFT/spharm_results/left_Healthy_sub-4078_hippocampus_lh_aligned_SPHARM.vtk,SPHARM/SPHARM_LEFT/spharm_status_shard2.json
sub-4079,train,left,train_left,passed,1,Healthy,Control,Control,1,1,left_Healthy_sub-4079_hippocampus_lh_aligned.nii.gz,left_Healthy_sub-4079_hippocampus_lh_aligned_SPHARM.vtk,train/SPHARM_LEFT/spharm_results/left_Healthy_sub-4079_hippocampus_lh_aligned_SPHARM.vtk,SPHARM/SPHARM_LEFT/spharm_status_shard0.json
sub-408,train,left,train_left,passed,1,TLE,TLE,Left_TLE,1,1,left_TLE_sub-408_hippocampus_lh_aligned.nii.gz,left_TLE_sub-408_hippocampus_lh_aligned_SPHARM.vtk,train/SPHARM_LEFT/spharm_results/left_TLE_sub-408_hippocampus_lh_aligned_SPHARM.vtk,SPHARM/SPHARM_LEFT/spharm_status_shard1.json
sub-4080,train,left,train_left,passed,1,Healthy,Control,Control,1,1,left_Healthy_sub-4080_hippocampus_lh_aligned.nii.gz,left_Healthy_sub-4080_hippocampus_lh_aligned_SPHARM.vtk,train/SPHARM_LEFT/spharm_results/left_Healthy_sub-4080_hippocampus_lh_aligned_SPHARM.vtk,SPHARM/SPHARM_LEFT/spharm_status_shard1.json
sub-4081,train,left,train_left,passed,1,Healthy,Control,Control,1,1,left_Healthy_sub-4081_hippocampus_lh_aligned.nii.gz,left_Healthy_sub-4081_hippocampus_lh_aligned_SPHARM.vtk,train/SPHARM_LEFT/spharm_results/left_Healthy_sub-4081_hippocampus_lh_aligned_SPHARM.vtk,SPHARM/SPHARM_LEFT/spharm_status_shard2.json
sub-4082,train,left,train_left,passed,1,Healthy,Control,Control,1,1,left_Healthy_sub-4082_hippocampus_lh_aligned.nii.gz,left_Healthy_sub-4082_hippocampus_lh_aligned_SPHARM.vtk,train/SPHARM_LEFT/spharm_results/left_Healthy_sub-4082_hippocampus_lh_aligned_SPHARM.vtk,SPHARM/SPHARM_LEFT/spharm_status_shard0.json
sub-4083,train,left,train_left,passed,1,Healthy,Control,Control,1,1,left_Healthy_sub-4083_hippocampus_lh_aligned.nii.gz,left_Healthy_sub-4083_hippocampus_lh_aligned_SPHARM.vtk,train/SPHARM_LEFT/spharm_results/left_Healthy_sub-4083_hippocampus_lh_aligned_SPHARM.vtk,SPHARM/SPHARM_LEFT/spharm_status_shard1.json
sub-4084,train,left,train_left,passed,1,Healthy,Control,Control,1,1,left_Healthy_sub-4084_hippocampus_lh_aligned.nii.gz,left_Healthy_sub-4084_hippocampus_lh_aligned_SPHARM.vtk,train/SPHARM_LEFT/spharm_results/left_Healthy_sub-4084_hippocampus_lh_aligned_SPHARM.vtk,SPHARM/SPHARM_LEFT/spharm_status_shard2.json
sub-4085,train,left,train_left,passed,1,Healthy,Control,Control,1,1,left_Healthy_sub-4085_hippocampus_lh_aligned.nii.gz,left_Healthy_sub-4085_hippocampus_lh_aligned_SPHARM.vtk,train/SPHARM_LEFT/spharm_results/left_Healthy_sub-4085_hippocampus_lh_aligned_SPHARM.vtk,SPHARM/SPHARM_LEFT/spharm_status_shard0.json
sub-4086,train,left,train_left,passed,1,Healthy,Control,Control,1,1,left_Healthy_sub-4086_hippocampus_lh_aligned.nii.gz,left_Healthy_sub-4086_hippocampus_lh_aligned_SPHARM.vtk,train/SPHARM_LEFT/spharm_results/left_Healthy_sub-4086_hippocampus_lh_aligned_SPHARM.vtk,SPHARM/SPHARM_LEFT/spharm_status_shard1.json
sub-4087,train,left,train_left,passed,1,Healthy,Control,Control,1,1,left_Healthy_sub-4087_hippocampus_lh_aligned.nii.gz,left_Healthy_sub-4087_hippocampus_lh_aligned_SPHARM.vtk,train/SPHARM_LEFT/spharm_results/left_Healthy_sub-4087_hippocampus_lh_aligned_SPHARM.vtk,SPHARM/SPHARM_LEFT/spharm_status_shard2.json
sub-4088,train,left,train_left,passed,1,Healthy,Control,Control,1,1,left_Healthy_sub-4088_hippocampus_lh_aligned.nii.gz,left_Healthy_sub-4088_hippocampus_lh_aligned_SPHARM.vtk,train/SPHARM_LEFT/spharm_results/left_Healthy_sub-4088_hippocampus_lh_aligned_SPHARM.vtk,SPHARM/SPHARM_LEFT/spharm_status_shard0.json
sub-4089,train,left,train_left,passed,1,Healthy,Control,Control,1,1,left_Healthy_sub-4089_hippocampus_lh_aligned.nii.gz,left_Healthy_sub-4089_hippocampus_lh_aligned_SPHARM.vtk,train/SPHARM_LEFT/spharm_results/left_Healthy_sub-4089_hippocampus_lh_aligned_SPHARM.vtk,SPHARM/SPHARM_LEFT/spharm_status_shard1.json
sub-4090,train,left,train_left,passed,1,Healthy,Control,Control,1,1,left_Healthy_sub-4090_hippocampus_lh_aligned.nii.gz,left_Healthy_sub-4090_hippocampus_lh_aligned_SPHARM.vtk,train/SPHARM_LEFT/spharm_results/left_Healthy_sub-4090_hippocampus_lh_aligned_SPHARM.vtk,SPHARM/SPHARM_LEFT/spharm_status_shard2.json
sub-4091,train,left,train_left,passed,1,Healthy,Control,Control,1,1,left_Healthy_sub-4091_hippocampus_lh_aligned.nii.gz,left_Healthy_sub-4091_hippocampus_lh_aligned_SPHARM.vtk,train/SPHARM_LEFT/spharm_results/left_Healthy_sub-4091_hippocampus_lh_aligned_SPHARM.vtk,SPHARM/SPHARM_LEFT/spharm_status_shard0.json
sub-4092,train,left,train_left,passed,1,Healthy,Control,Control,1,1,left_Healthy_sub-4092_hippocampus_lh_aligned.nii.gz,left_Healthy_sub-4092_hippocampus_lh_aligned_SPHARM.vtk,train/SPHARM_LEFT/spharm_results/left_Healthy_sub-4092_hippocampus_lh_aligned_SPHARM.vtk,SPHARM/SPHARM_LEFT/spharm_status_shard1.json
sub-4093,train,left,train_left,passed,1,Healthy,Control,Control,1,1,left_Healthy_sub-4093_hippocampus_lh_aligned.nii.gz,left_Healthy_sub-4093_hippocampus_lh_aligned_SPHARM.vtk,train/SPHARM_LEFT/spharm_results/left_Healthy_sub-4093_hippocampus_lh_aligned_SPHARM.vtk,SPHARM/SPHARM_LEFT/spharm_status_shard2.json
sub-4095,train,left,train_left,passed,1,Healthy,Control,Control,1,1,left_Healthy_sub-4095_hippocampus_lh_aligned.nii.gz,left_Healthy_sub-4095_hippocampus_lh_aligned_SPHARM.vtk,train/SPHARM_LEFT/spharm_results/left_Healthy_sub-4095_hippocampus_lh_aligned_SPHARM.vtk,SPHARM/SPHARM_LEFT/spharm_status_shard1.json
sub-4096,train,left,train_left,passed,1,Healthy,Control,Control,1,1,left_Healthy_sub-4096_hippocampus_lh_aligned.nii.gz,left_Healthy_sub-4096_hippocampus_lh_aligned_SPHARM.vtk,train/SPHARM_LEFT/spharm_results/left_Healthy_sub-4096_hippocampus_lh_aligned_SPHARM.vtk,SPHARM/SPHARM_LEFT/spharm_status_shard2.json
sub-4098,train,left,train_left,passed,1,Healthy,Control,Control,1,1,left_Healthy_sub-4098_hippocampus_lh_aligned.nii.gz,left_Healthy_sub-4098_hippocampus_lh_aligned_SPHARM.vtk,train/SPHARM_LEFT/spharm_results/left_Healthy_sub-4098_hippocampus_lh_aligned_SPHARM.vtk,SPHARM/SPHARM_LEFT/spharm_status_shard1.json
sub-41,train,left,train_left,passed,1,Healthy,TLE,Right_TLE,1,1,left_Healthy_sub-41_hippocampus_lh_aligned.nii.gz,left_Healthy_sub-41_hippocampus_lh_aligned_SPHARM.vtk,train/SPHARM_LEFT/spharm_results/left_Healthy_sub-41_hippocampus_lh_aligned_SPHARM.vtk,SPHARM/SPHARM_LEFT/spharm_status_shard2.json
sub-4100,train,left,train_left,passed,1,Healthy,Control,Control,1,1,left_Healthy_sub-4100_hippocampus_lh_aligned.nii.gz,left_Healthy_sub-4100_hippocampus_lh_aligned_SPHARM.vtk,train/SPHARM_LEFT/spharm_results/left_Healthy_sub-4100_hippocampus_lh_aligned_SPHARM.vtk,SPHARM/SPHARM_LEFT/spharm_status_shard1.json
sub-413,train,left,train_left,passed,1,Healthy,TLE,Right_TLE,1,1,left_Healthy_sub-413_hippocampus_lh_aligned.nii.gz,left_Healthy_sub-413_hippocampus_lh_aligned_SPHARM.vtk,train/SPHARM_LEFT/spharm_results/left_Healthy_sub-413_hippocampus_lh_aligned_SPHARM.vtk,SPHARM/SPHARM_LEFT/spharm_status_shard2.json
sub-416,train,left,train_left,passed,1,TLE,TLE,Left_TLE,1,1,left_TLE_sub-416_hippocampus_lh_aligned.nii.gz,left_TLE_sub-416_hippocampus_lh_aligned_SPHARM.vtk,train/SPHARM_LEFT/spharm_results/left_TLE_sub-416_hippocampus_lh_aligned_SPHARM.vtk,SPHARM/SPHARM_LEFT/spharm_status_shard2.json
sub-417,train,left,train_left,passed,1,Healthy,TLE,Right_TLE,1,1,left_Healthy_sub-417_hippocampus_lh_aligned.nii.gz,left_Healthy_sub-417_hippocampus_lh_aligned_SPHARM.vtk,train/SPHARM_LEFT/spharm_results/left_Healthy_sub-417_hippocampus_lh_aligned_SPHARM.vtk,SPHARM/SPHARM_LEFT/spharm_status_shard0.json
sub-419,train,left,train_left,passed,1,Healthy,TLE,Right_TLE,1,1,left_Healthy_sub-419_hippocampus_lh_aligned.nii.gz,left_Healthy_sub-419_hippocampus_lh_aligned_SPHARM.vtk,train/SPHARM_LEFT/spharm_results/left_Healthy_sub-419_hippocampus_lh_aligned_SPHARM.vtk,SPHARM/SPHARM_LEFT/spharm_status_shard1.json
sub-420,train,left,train_left,passed,1,TLE,TLE,Left_TLE,1,1,left_TLE_sub-420_hippocampus_lh_aligned.nii.gz,left_TLE_sub-420_hippocampus_lh_aligned_SPHARM.vtk,train/SPHARM_LEFT/spharm_results/left_TLE_sub-420_hippocampus_lh_aligned_SPHARM.vtk,SPHARM/SPHARM_LEFT/spharm_status_shard1.json
sub-421,train,left,train_left,passed,1,TLE,TLE,Left_TLE,1,1,left_TLE_sub-421_hippocampus_lh_aligned.nii.gz,left_TLE_sub-421_hippocampus_lh_aligned_SPHARM.vtk,train/SPHARM_LEFT/spharm_results/left_TLE_sub-421_hippocampus_lh_aligned_SPHARM.vtk,SPHARM/SPHARM_LEFT/spharm_status_shard2.json
sub-423,train,left,train_left,passed,1,TLE,TLE,Left_TLE,1,1,left_TLE_sub-423_hippocampus_lh_aligned.nii.gz,left_TLE_sub-423_hippocampus_lh_aligned_SPHARM.vtk,train/SPHARM_LEFT/spharm_results/left_TLE_sub-423_hippocampus_lh_aligned_SPHARM.vtk,SPHARM/SPHARM_LEFT/spharm_status_shard0.json
sub-425,train,left,train_left,passed,1,TLE,TLE,Left_TLE,1,1,left_TLE_sub-425_hippocampus_lh_aligned.nii.gz,left_TLE_sub-425_hippocampus_lh_aligned_SPHARM.vtk,train/SPHARM_LEFT/spharm_results/left_TLE_sub-425_hippocampus_lh_aligned_SPHARM.vtk,SPHARM/SPHARM_LEFT/spharm_status_shard1.json
sub-426,train,left,train_left,passed,1,TLE,TLE,Left_TLE,1,1,left_TLE_sub-426_hippocampus_lh_aligned.nii.gz,left_TLE_sub-426_hippocampus_lh_aligned_SPHARM.vtk,train/SPHARM_LEFT/spharm_results/left_TLE_sub-426_hippocampus_lh_aligned_SPHARM.vtk,SPHARM/SPHARM_LEFT/spharm_status_shard2.json
sub-427,train,left,train_left,passed,1,Healthy,TLE,Right_TLE,1,1,left_Healthy_sub-427_hippocampus_lh_aligned.nii.gz,left_Healthy_sub-427_hippocampus_lh_aligned_SPHARM.vtk,train/SPHARM_LEFT/spharm_results/left_Healthy_sub-427_hippocampus_lh_aligned_SPHARM.vtk,SPHARM/SPHARM_LEFT/spharm_status_shard0.json
sub-433,train,left,train_left,passed,1,TLE,TLE,Left_TLE,1,1,left_TLE_sub-433_hippocampus_lh_aligned.nii.gz,left_TLE_sub-433_hippocampus_lh_aligned_SPHARM.vtk,train/SPHARM_LEFT/spharm_results/left_TLE_sub-433_hippocampus_lh_aligned_SPHARM.vtk,SPHARM/SPHARM_LEFT/spharm_status_shard1.json
sub-437,train,left,train_left,passed,1,Healthy,TLE,Right_TLE,1,1,left_Healthy_sub-437_hippocampus_lh_aligned.nii.gz,left_Healthy_sub-437_hippocampus_lh_aligned_SPHARM.vtk,train/SPHARM_LEFT/spharm_results/left_Healthy_sub-437_hippocampus_lh_aligned_SPHARM.vtk,SPHARM/SPHARM_LEFT/spharm_status_shard2.json
sub-442,train,left,train_left,passed,1,Healthy,TLE,Right_TLE,1,1,left_Healthy_sub-442_hippocampus_lh_aligned.nii.gz,left_Healthy_sub-442_hippocampus_lh_aligned_SPHARM.vtk,train/SPHARM_LEFT/spharm_results/left_Healthy_sub-442_hippocampus_lh_aligned_SPHARM.vtk,SPHARM/SPHARM_LEFT/spharm_status_shard0.json
sub-444,train,left,train_left,passed,1,TLE,TLE,Left_TLE,1,1,left_TLE_sub-444_hippocampus_lh_aligned.nii.gz,left_TLE_sub-444_hippocampus_lh_aligned_SPHARM.vtk,train/SPHARM_LEFT/spharm_results/left_TLE_sub-444_hippocampus_lh_aligned_SPHARM.vtk,SPHARM/SPHARM_LEFT/spharm_status_shard1.json
sub-445,train,left,train_left,passed,1,TLE,TLE,Left_TLE,1,1,left_TLE_sub-445_hippocampus_lh_aligned.nii.gz,left_TLE_sub-445_hippocampus_lh_aligned_SPHARM.vtk,train/SPHARM_LEFT/spharm_results/left_TLE_sub-445_hippocampus_lh_aligned_SPHARM.vtk,SPHARM/SPHARM_LEFT/spharm_status_shard2.json
sub-446,train,left,train_left,passed,1,TLE,TLE,Left_TLE,1,1,left_TLE_sub-446_hippocampus_lh_aligned.nii.gz,left_TLE_sub-446_hippocampus_lh_aligned_SPHARM.vtk,train/SPHARM_LEFT/spharm_results/left_TLE_sub-446_hippocampus_lh_aligned_SPHARM.vtk,SPHARM/SPHARM_LEFT/spharm_status_shard0.json
sub-447,train,left,train_left,passed,1,Healthy,TLE,Right_TLE,1,1,left_Healthy_sub-447_hippocampus_lh_aligned.nii.gz,left_Healthy_sub-447_hippocampus_lh_aligned_SPHARM.vtk,train/SPHARM_LEFT/spharm_results/left_Healthy_sub-447_hippocampus_lh_aligned_SPHARM.vtk,SPHARM/SPHARM_LEFT/spharm_status_shard1.json
sub-450,train,left,train_left,passed,1,TLE,TLE,Left_TLE,1,1,left_TLE_sub-450_hippocampus_lh_aligned.nii.gz,left_TLE_sub-450_hippocampus_lh_aligned_SPHARM.vtk,train/SPHARM_LEFT/spharm_results/left_TLE_sub-450_hippocampus_lh_aligned_SPHARM.vtk,SPHARM/SPHARM_LEFT/spharm_status_shard1.json
sub-452,train,left,train_left,passed,1,TLE,TLE,Left_TLE,1,1,left_TLE_sub-452_hippocampus_lh_aligned.nii.gz,left_TLE_sub-452_hippocampus_lh_aligned_SPHARM.vtk,train/SPHARM_LEFT/spharm_results/left_TLE_sub-452_hippocampus_lh_aligned_SPHARM.vtk,SPHARM/SPHARM_LEFT/spharm_status_shard2.json
sub-455,train,left,train_left,passed,1,Healthy,TLE,Right_TLE,1,1,left_Healthy_sub-455_hippocampus_lh_aligned.nii.gz,left_Healthy_sub-455_hippocampus_lh_aligned_SPHARM.vtk,train/SPHARM_LEFT/spharm_results/left_Healthy_sub-455_hippocampus_lh_aligned_SPHARM.vtk,SPHARM/SPHARM_LEFT/spharm_status_shard0.json
sub-46,train,left,train_left,passed,1,TLE,TLE,Left_TLE,1,1,left_TLE_sub-46_hippocampus_lh_aligned.nii.gz,left_TLE_sub-46_hippocampus_lh_aligned_SPHARM.vtk,train/SPHARM_LEFT/spharm_results/left_TLE_sub-46_hippocampus_lh_aligned_SPHARM.vtk,SPHARM/SPHARM_LEFT/spharm_status_shard0.json
sub-460,train,left,train_left,failed,0,TLE,TLE,Left_TLE,0,0,left_TLE_sub-460_hippocampus_lh_aligned.nii.gz,left_TLE_sub-460_hippocampus_lh_aligned_SPHARM.vtk,,SPHARM/SPHARM_LEFT/spharm_status_shard1.json
sub-461,train,left,train_left,passed,1,TLE,TLE,Left_TLE,1,1,left_TLE_sub-461_hippocampus_lh_aligned.nii.gz,left_TLE_sub-461_hippocampus_lh_aligned_SPHARM.vtk,train/SPHARM_LEFT/spharm_results/left_TLE_sub-461_hippocampus_lh_aligned_SPHARM.vtk,SPHARM/SPHARM_LEFT/spharm_status_shard2.json
sub-5,train,left,train_left,passed,1,TLE,TLE,Left_TLE,1,1,left_TLE_sub-5_hippocampus_lh_aligned.nii.gz,left_TLE_sub-5_hippocampus_lh_aligned_SPHARM.vtk,train/SPHARM_LEFT/spharm_results/left_TLE_sub-5_hippocampus_lh_aligned_SPHARM.vtk,SPHARM/SPHARM_LEFT/spharm_status_shard0.json
sub-55,train,left,train_left,passed,1,TLE,TLE,Left_TLE,1,1,left_TLE_sub-55_hippocampus_lh_aligned.nii.gz,left_TLE_sub-55_hippocampus_lh_aligned_SPHARM.vtk,train/SPHARM_LEFT/spharm_results/left_TLE_sub-55_hippocampus_lh_aligned_SPHARM.vtk,SPHARM/SPHARM_LEFT/spharm_status_shard1.json
sub-56,train,left,train_left,passed,1,TLE,TLE,Left_TLE,1,1,left_TLE_sub-56_hippocampus_lh_aligned.nii.gz,left_TLE_sub-56_hippocampus_lh_aligned_SPHARM.vtk,train/SPHARM_LEFT/spharm_results/left_TLE_sub-56_hippocampus_lh_aligned_SPHARM.vtk,SPHARM/SPHARM_LEFT/spharm_status_shard2.json
sub-57,train,left,train_left,passed,1,Healthy,TLE,Right_TLE,1,1,left_Healthy_sub-57_hippocampus_lh_aligned.nii.gz,left_Healthy_sub-57_hippocampus_lh_aligned_SPHARM.vtk,train/SPHARM_LEFT/spharm_results/left_Healthy_sub-57_hippocampus_lh_aligned_SPHARM.vtk,SPHARM/SPHARM_LEFT/spharm_status_shard0.json
sub-61,train,left,train_left,passed,1,Healthy,TLE,Right_TLE,1,1,left_Healthy_sub-61_hippocampus_lh_aligned.nii.gz,left_Healthy_sub-61_hippocampus_lh_aligned_SPHARM.vtk,train/SPHARM_LEFT/spharm_results/left_Healthy_sub-61_hippocampus_lh_aligned_SPHARM.vtk,SPHARM/SPHARM_LEFT/spharm_status_shard1.json
sub-64,train,left,train_left,passed,1,Healthy,TLE,Right_TLE,1,1,left_Healthy_sub-64_hippocampus_lh_aligned.nii.gz,left_Healthy_sub-64_hippocampus_lh_aligned_SPHARM.vtk,train/SPHARM_LEFT/spharm_results/left_Healthy_sub-64_hippocampus_lh_aligned_SPHARM.vtk,SPHARM/SPHARM_LEFT/spharm_status_shard2.json
sub-67,train,left,train_left,passed,1,TLE,TLE,Left_TLE,1,1,left_TLE_sub-67_hippocampus_lh_aligned.nii.gz,left_TLE_sub-67_hippocampus_lh_aligned_SPHARM.vtk,train/SPHARM_LEFT/spharm_results/left_TLE_sub-67_hippocampus_lh_aligned_SPHARM.vtk,SPHARM/SPHARM_LEFT/spharm_status_shard1.json
sub-68,train,left,train_left,passed,1,TLE,TLE,Left_TLE,1,1,left_TLE_sub-68_hippocampus_lh_aligned.nii.gz,left_TLE_sub-68_hippocampus_lh_aligned_SPHARM.vtk,train/SPHARM_LEFT/spharm_results/left_TLE_sub-68_hippocampus_lh_aligned_SPHARM.vtk,SPHARM/SPHARM_LEFT/spharm_status_shard2.json
sub-7,train,left,train_left,passed,1,Healthy,TLE,Right_TLE,1,1,left_Healthy_sub-7_hippocampus_lh_aligned.nii.gz,left_Healthy_sub-7_hippocampus_lh_aligned_SPHARM.vtk,train/SPHARM_LEFT/spharm_results/left_Healthy_sub-7_hippocampus_lh_aligned_SPHARM.vtk,SPHARM/SPHARM_LEFT/spharm_status_shard0.json
sub-70,train,left,train_left,passed,1,Healthy,TLE,Right_TLE,1,1,left_Healthy_sub-70_hippocampus_lh_aligned.nii.gz,left_Healthy_sub-70_hippocampus_lh_aligned_SPHARM.vtk,train/SPHARM_LEFT/spharm_results/left_Healthy_sub-70_hippocampus_lh_aligned_SPHARM.vtk,SPHARM/SPHARM_LEFT/spharm_status_shard0.json
sub-74,train,left,train_left,passed,1,TLE,TLE,Left_TLE,1,1,left_TLE_sub-74_hippocampus_lh_aligned.nii.gz,left_TLE_sub-74_hippocampus_lh_aligned_SPHARM.vtk,train/SPHARM_LEFT/spharm_results/left_TLE_sub-74_hippocampus_lh_aligned_SPHARM.vtk,SPHARM/SPHARM_LEFT/spharm_status_shard1.json
sub-76,train,left,train_left,passed,1,Healthy,TLE,Right_TLE,1,1,left_Healthy_sub-76_hippocampus_lh_aligned.nii.gz,left_Healthy_sub-76_hippocampus_lh_aligned_SPHARM.vtk,train/SPHARM_LEFT/spharm_results/left_Healthy_sub-76_hippocampus_lh_aligned_SPHARM.vtk,SPHARM/SPHARM_LEFT/spharm_status_shard2.json
sub-77,train,left,train_left,passed,1,TLE,TLE,Left_TLE,1,1,left_TLE_sub-77_hippocampus_lh_aligned.nii.gz,left_TLE_sub-77_hippocampus_lh_aligned_SPHARM.vtk,train/SPHARM_LEFT/spharm_results/left_TLE_sub-77_hippocampus_lh_aligned_SPHARM.vtk,SPHARM/SPHARM_LEFT/spharm_status_shard2.json
sub-78,train,left,train_left,passed,1,TLE,TLE,Left_TLE,1,1,left_TLE_sub-78_hippocampus_lh_aligned.nii.gz,left_TLE_sub-78_hippocampus_lh_aligned_SPHARM.vtk,train/SPHARM_LEFT/spharm_results/left_TLE_sub-78_hippocampus_lh_aligned_SPHARM.vtk,SPHARM/SPHARM_LEFT/spharm_status_shard0.json
sub-87,train,left,train_left,passed,1,TLE,TLE,Left_TLE,1,1,left_TLE_sub-87_hippocampus_lh_aligned.nii.gz,left_TLE_sub-87_hippocampus_lh_aligned_SPHARM.vtk,train/SPHARM_LEFT/spharm_results/left_TLE_sub-87_hippocampus_lh_aligned_SPHARM.vtk,SPHARM/SPHARM_LEFT/spharm_status_shard2.json
sub-90,train,left,train_left,passed,1,TLE,TLE,Left_TLE,1,1,left_TLE_sub-90_hippocampus_lh_aligned.nii.gz,left_TLE_sub-90_hippocampus_lh_aligned_SPHARM.vtk,train/SPHARM_LEFT/spharm_results/left_TLE_sub-90_hippocampus_lh_aligned_SPHARM.vtk,SPHARM/SPHARM_LEFT/spharm_status_shard0.json
sub-92,train,left,train_left,failed,0,TLE,TLE,Left_TLE,0,0,left_TLE_sub-92_hippocampus_lh_aligned.nii.gz,left_TLE_sub-92_hippocampus_lh_aligned_SPHARM.vtk,,SPHARM/SPHARM_LEFT/spharm_status_shard1.json
sub-94,train,left,train_left,passed,1,Healthy,TLE,Right_TLE,1,1,left_Healthy_sub-94_hippocampus_lh_aligned.nii.gz,left_Healthy_sub-94_hippocampus_lh_aligned_SPHARM.vtk,train/SPHARM_LEFT/spharm_results/left_Healthy_sub-94_hippocampus_lh_aligned_SPHARM.vtk,SPHARM/SPHARM_LEFT/spharm_status_shard0.json
sub-95,train,left,train_left,passed,1,Healthy,TLE,Right_TLE,1,1,left_Healthy_sub-95_hippocampus_lh_aligned.nii.gz,left_Healthy_sub-95_hippocampus_lh_aligned_SPHARM.vtk,train/SPHARM_LEFT/spharm_results/left_Healthy_sub-95_hippocampus_lh_aligned_SPHARM.vtk,SPHARM/SPHARM_LEFT/spharm_status_shard1.json
sub-97,train,left,train_left,passed,1,Healthy,TLE,Right_TLE,1,1,left_Healthy_sub-97_hippocampus_lh_aligned.nii.gz,left_Healthy_sub-97_hippocampus_lh_aligned_SPHARM.vtk,train/SPHARM_LEFT/spharm_results/left_Healthy_sub-97_hippocampus_lh_aligned_SPHARM.vtk,SPHARM/SPHARM_LEFT/spharm_status_shard2.json
sub-00373,train,right,train_right,passed,1,Healthy,Control,Control,1,1,right_Healthy_sub-00373_hippocampus_rh_aligned.nii.gz,right_Healthy_sub-00373_hippocampus_rh_aligned_SPHARM.vtk,train/SPHARM_RIGHT/spharm_results/right_Healthy_sub-00373_hippocampus_rh_aligned_SPHARM.vtk,SPHARM/SPHARM_RIGHT/spharm_status_shard0.json
sub-04004,train,right,train_right,passed,1,Healthy,Control,Control,1,1,right_Healthy_sub-04004_hippocampus_rh_aligned.nii.gz,right_Healthy_sub-04004_hippocampus_rh_aligned_SPHARM.vtk,train/SPHARM_RIGHT/spharm_results/right_Healthy_sub-04004_hippocampus_rh_aligned_SPHARM.vtk,SPHARM/SPHARM_RIGHT/spharm_status_shard2.json
sub-04005,train,right,train_right,passed,1,Healthy,Control,Control,1,1,right_Healthy_sub-04005_hippocampus_rh_aligned.nii.gz,right_Healthy_sub-04005_hippocampus_rh_aligned_SPHARM.vtk,train/SPHARM_RIGHT/spharm_results/right_Healthy_sub-04005_hippocampus_rh_aligned_SPHARM.vtk,SPHARM/SPHARM_RIGHT/spharm_status_shard3.json
sub-04009,train,right,train_right,passed,1,Healthy,Control,Control,1,1,right_Healthy_sub-04009_hippocampus_rh_aligned.nii.gz,right_Healthy_sub-04009_hippocampus_rh_aligned_SPHARM.vtk,train/SPHARM_RIGHT/spharm_results/right_Healthy_sub-04009_hippocampus_rh_aligned_SPHARM.vtk,SPHARM/SPHARM_RIGHT/spharm_status_shard0.json
sub-04013,train,right,train_right,passed,1,Healthy,Control,Control,1,1,right_Healthy_sub-04013_hippocampus_rh_aligned.nii.gz,right_Healthy_sub-04013_hippocampus_rh_aligned_SPHARM.vtk,train/SPHARM_RIGHT/spharm_results/right_Healthy_sub-04013_hippocampus_rh_aligned_SPHARM.vtk,SPHARM/SPHARM_RIGHT/spharm_status_shard1.json
sub-04015,train,right,train_right,passed,1,Healthy,Control,Control,1,1,right_Healthy_sub-04015_hippocampus_rh_aligned.nii.gz,right_Healthy_sub-04015_hippocampus_rh_aligned_SPHARM.vtk,train/SPHARM_RIGHT/spharm_results/right_Healthy_sub-04015_hippocampus_rh_aligned_SPHARM.vtk,SPHARM/SPHARM_RIGHT/spharm_status_shard2.json
sub-04027,train,right,train_right,passed,1,Healthy,Control,Control,1,1,right_Healthy_sub-04027_hippocampus_rh_aligned.nii.gz,right_Healthy_sub-04027_hippocampus_rh_aligned_SPHARM.vtk,train/SPHARM_RIGHT/spharm_results/right_Healthy_sub-04027_hippocampus_rh_aligned_SPHARM.vtk,SPHARM/SPHARM_RIGHT/spharm_status_shard0.json
sub-04164,train,right,train_right,passed,1,Healthy,Control,Control,1,1,right_Healthy_sub-04164_hippocampus_rh_aligned.nii.gz,right_Healthy_sub-04164_hippocampus_rh_aligned_SPHARM.vtk,train/SPHARM_RIGHT/spharm_results/right_Healthy_sub-04164_hippocampus_rh_aligned_SPHARM.vtk,SPHARM/SPHARM_RIGHT/spharm_status_shard2.json
sub-04165,train,right,train_right,passed,1,Healthy,Control,Control,1,1,right_Healthy_sub-04165_hippocampus_rh_aligned.nii.gz,right_Healthy_sub-04165_hippocampus_rh_aligned_SPHARM.vtk,train/SPHARM_RIGHT/spharm_results/right_Healthy_sub-04165_hippocampus_rh_aligned_SPHARM.vtk,SPHARM/SPHARM_RIGHT/spharm_status_shard3.json
sub-04166,train,right,train_right,passed,1,Healthy,Control,Control,1,1,right_Healthy_sub-04166_hippocampus_rh_aligned.nii.gz,right_Healthy_sub-04166_hippocampus_rh_aligned_SPHARM.vtk,train/SPHARM_RIGHT/spharm_results/right_Healthy_sub-04166_hippocampus_rh_aligned_SPHARM.vtk,SPHARM/SPHARM_RIGHT/spharm_status_shard0.json
sub-04169,train,right,train_right,passed,1,Healthy,Control,Control,1,1,right_Healthy_sub-04169_hippocampus_rh_aligned.nii.gz,right_Healthy_sub-04169_hippocampus_rh_aligned_SPHARM.vtk,train/SPHARM_RIGHT/spharm_results/right_Healthy_sub-04169_hippocampus_rh_aligned_SPHARM.vtk,SPHARM/SPHARM_RIGHT/spharm_status_shard1.json
sub-04170,train,right,train_right,passed,1,Healthy,Control,Control,1,1,right_Healthy_sub-04170_hippocampus_rh_aligned.nii.gz,right_Healthy_sub-04170_hippocampus_rh_aligned_SPHARM.vtk,train/SPHARM_RIGHT/spharm_results/right_Healthy_sub-04170_hippocampus_rh_aligned_SPHARM.vtk,SPHARM/SPHARM_RIGHT/spharm_status_shard2.json
sub-04171,train,right,train_right,passed,1,Healthy,Control,Control,1,1,right_Healthy_sub-04171_hippocampus_rh_aligned.nii.gz,right_Healthy_sub-04171_hippocampus_rh_aligned_SPHARM.vtk,train/SPHARM_RIGHT/spharm_results/right_Healthy_sub-04171_hippocampus_rh_aligned_SPHARM.vtk,SPHARM/SPHARM_RIGHT/spharm_status_shard3.json
sub-04178,train,right,train_right,passed,1,Healthy,Control,Control,1,1,right_Healthy_sub-04178_hippocampus_rh_aligned.nii.gz,right_Healthy_sub-04178_hippocampus_rh_aligned_SPHARM.vtk,train/SPHARM_RIGHT/spharm_results/right_Healthy_sub-04178_hippocampus_rh_aligned_SPHARM.vtk,SPHARM/SPHARM_RIGHT/spharm_status_shard1.json
sub-04201,train,right,train_right,passed,1,Healthy,Control,Control,1,1,right_Healthy_sub-04201_hippocampus_rh_aligned.nii.gz,right_Healthy_sub-04201_hippocampus_rh_aligned_SPHARM.vtk,train/SPHARM_RIGHT/spharm_results/right_Healthy_sub-04201_hippocampus_rh_aligned_SPHARM.vtk,SPHARM/SPHARM_RIGHT/spharm_status_shard3.json
sub-04202,train,right,train_right,passed,1,Healthy,Control,Control,1,1,right_Healthy_sub-04202_hippocampus_rh_aligned.nii.gz,right_Healthy_sub-04202_hippocampus_rh_aligned_SPHARM.vtk,train/SPHARM_RIGHT/spharm_results/right_Healthy_sub-04202_hippocampus_rh_aligned_SPHARM.vtk,SPHARM/SPHARM_RIGHT/spharm_status_shard0.json
sub-04209,train,right,train_right,passed,1,Healthy,Control,Control,1,1,right_Healthy_sub-04209_hippocampus_rh_aligned.nii.gz,right_Healthy_sub-04209_hippocampus_rh_aligned_SPHARM.vtk,train/SPHARM_RIGHT/spharm_results/right_Healthy_sub-04209_hippocampus_rh_aligned_SPHARM.vtk,SPHARM/SPHARM_RIGHT/spharm_status_shard2.json
sub-04211,train,right,train_right,passed,1,Healthy,Control,Control,1,1,right_Healthy_sub-04211_hippocampus_rh_aligned.nii.gz,right_Healthy_sub-04211_hippocampus_rh_aligned_SPHARM.vtk,train/SPHARM_RIGHT/spharm_results/right_Healthy_sub-04211_hippocampus_rh_aligned_SPHARM.vtk,SPHARM/SPHARM_RIGHT/spharm_status_shard0.json
sub-04215,train,right,train_right,passed,1,Healthy,Control,Control,1,1,right_Healthy_sub-04215_hippocampus_rh_aligned.nii.gz,right_Healthy_sub-04215_hippocampus_rh_aligned_SPHARM.vtk,train/SPHARM_RIGHT/spharm_results/right_Healthy_sub-04215_hippocampus_rh_aligned_SPHARM.vtk,SPHARM/SPHARM_RIGHT/spharm_status_shard1.json
sub-04216,train,right,train_right,passed,1,Healthy,Control,Control,1,1,right_Healthy_sub-04216_hippocampus_rh_aligned.nii.gz,right_Healthy_sub-04216_hippocampus_rh_aligned_SPHARM.vtk,train/SPHARM_RIGHT/spharm_results/right_Healthy_sub-04216_hippocampus_rh_aligned_SPHARM.vtk,SPHARM/SPHARM_RIGHT/spharm_status_shard2.json
sub-04217,train,right,train_right,passed,1,Healthy,Control,Control,1,1,right_Healthy_sub-04217_hippocampus_rh_aligned.nii.gz,right_Healthy_sub-04217_hippocampus_rh_aligned_SPHARM.vtk,train/SPHARM_RIGHT/spharm_results/right_Healthy_sub-04217_hippocampus_rh_aligned_SPHARM.vtk,SPHARM/SPHARM_RIGHT/spharm_status_shard3.json
sub-04221,train,right,train_right,passed,1,Healthy,Control,Control,1,1,right_Healthy_sub-04221_hippocampus_rh_aligned.nii.gz,right_Healthy_sub-04221_hippocampus_rh_aligned_SPHARM.vtk,train/SPHARM_RIGHT/spharm_results/right_Healthy_sub-04221_hippocampus_rh_aligned_SPHARM.vtk,SPHARM/SPHARM_RIGHT/spharm_status_shard0.json
sub-04245,train,right,train_right,passed,1,Healthy,Control,Control,1,1,right_Healthy_sub-04245_hippocampus_rh_aligned.nii.gz,right_Healthy_sub-04245_hippocampus_rh_aligned_SPHARM.vtk,train/SPHARM_RIGHT/spharm_results/right_Healthy_sub-04245_hippocampus_rh_aligned_SPHARM.vtk,SPHARM/SPHARM_RIGHT/spharm_status_shard1.json
sub-101,train,right,train_right,passed,1,TLE,TLE,Right_TLE,1,1,right_TLE_sub-101_hippocampus_rh_aligned.nii.gz,right_TLE_sub-101_hippocampus_rh_aligned_SPHARM.vtk,train/SPHARM_RIGHT/spharm_results/right_TLE_sub-101_hippocampus_rh_aligned_SPHARM.vtk,SPHARM/SPHARM_RIGHT/spharm_status_shard0.json
sub-105,train,right,train_right,passed,1,TLE,TLE,Right_TLE,1,1,right_TLE_sub-105_hippocampus_rh_aligned.nii.gz,right_TLE_sub-105_hippocampus_rh_aligned_SPHARM.vtk,train/SPHARM_RIGHT/spharm_results/right_TLE_sub-105_hippocampus_rh_aligned_SPHARM.vtk,SPHARM/SPHARM_RIGHT/spharm_status_shard1.json
sub-106,train,right,train_right,passed,1,Healthy,TLE,Left_TLE,1,1,right_Healthy_sub-106_hippocampus_rh_aligned.nii.gz,right_Healthy_sub-106_hippocampus_rh_aligned_SPHARM.vtk,train/SPHARM_RIGHT/spharm_results/right_Healthy_sub-106_hippocampus_rh_aligned_SPHARM.vtk,SPHARM/SPHARM_RIGHT/spharm_status_shard2.json
sub-11,train,right,train_right,passed,1,TLE,TLE,Right_TLE,1,1,right_TLE_sub-11_hippocampus_rh_aligned.nii.gz,right_TLE_sub-11_hippocampus_rh_aligned_SPHARM.vtk,train/SPHARM_RIGHT/spharm_results/right_TLE_sub-11_hippocampus_rh_aligned_SPHARM.vtk,SPHARM/SPHARM_RIGHT/spharm_status_shard0.json
sub-114,train,right,train_right,passed,1,TLE,TLE,Right_TLE,1,1,right_TLE_sub-114_hippocampus_rh_aligned.nii.gz,right_TLE_sub-114_hippocampus_rh_aligned_SPHARM.vtk,train/SPHARM_RIGHT/spharm_results/right_TLE_sub-114_hippocampus_rh_aligned_SPHARM.vtk,SPHARM/SPHARM_RIGHT/spharm_status_shard2.json
sub-115,train,right,train_right,passed,1,TLE,TLE,Right_TLE,1,1,right_TLE_sub-115_hippocampus_rh_aligned.nii.gz,right_TLE_sub-115_hippocampus_rh_aligned_SPHARM.vtk,train/SPHARM_RIGHT/spharm_results/right_TLE_sub-115_hippocampus_rh_aligned_SPHARM.vtk,SPHARM/SPHARM_RIGHT/spharm_status_shard3.json
sub-118,train,right,train_right,passed,1,Healthy,TLE,Left_TLE,1,1,right_Healthy_sub-118_hippocampus_rh_aligned.nii.gz,right_Healthy_sub-118_hippocampus_rh_aligned_SPHARM.vtk,train/SPHARM_RIGHT/spharm_results/right_Healthy_sub-118_hippocampus_rh_aligned_SPHARM.vtk,SPHARM/SPHARM_RIGHT/spharm_status_shard0.json
sub-120,train,right,train_right,passed,1,Healthy,TLE,Left_TLE,1,1,right_Healthy_sub-120_hippocampus_rh_aligned.nii.gz,right_Healthy_sub-120_hippocampus_rh_aligned_SPHARM.vtk,train/SPHARM_RIGHT/spharm_results/right_Healthy_sub-120_hippocampus_rh_aligned_SPHARM.vtk,SPHARM/SPHARM_RIGHT/spharm_status_shard1.json
sub-125,train,right,train_right,passed,1,Healthy,TLE,Left_TLE,1,1,right_Healthy_sub-125_hippocampus_rh_aligned.nii.gz,right_Healthy_sub-125_hippocampus_rh_aligned_SPHARM.vtk,train/SPHARM_RIGHT/spharm_results/right_Healthy_sub-125_hippocampus_rh_aligned_SPHARM.vtk,SPHARM/SPHARM_RIGHT/spharm_status_shard2.json
sub-126,train,right,train_right,passed,1,TLE,TLE,Right_TLE,1,1,right_TLE_sub-126_hippocampus_rh_aligned.nii.gz,right_TLE_sub-126_hippocampus_rh_aligned_SPHARM.vtk,train/SPHARM_RIGHT/spharm_results/right_TLE_sub-126_hippocampus_rh_aligned_SPHARM.vtk,SPHARM/SPHARM_RIGHT/spharm_status_shard1.json
sub-135,train,right,train_right,passed,1,TLE,TLE,Right_TLE,1,1,right_TLE_sub-135_hippocampus_rh_aligned.nii.gz,right_TLE_sub-135_hippocampus_rh_aligned_SPHARM.vtk,train/SPHARM_RIGHT/spharm_results/right_TLE_sub-135_hippocampus_rh_aligned_SPHARM.vtk,SPHARM/SPHARM_RIGHT/spharm_status_shard2.json
sub-143,train,right,train_right,passed,1,Healthy,TLE,Left_TLE,1,1,right_Healthy_sub-143_hippocampus_rh_aligned.nii.gz,right_Healthy_sub-143_hippocampus_rh_aligned_SPHARM.vtk,train/SPHARM_RIGHT/spharm_results/right_Healthy_sub-143_hippocampus_rh_aligned_SPHARM.vtk,SPHARM/SPHARM_RIGHT/spharm_status_shard0.json
sub-144,train,right,train_right,passed,1,TLE,TLE,Right_TLE,1,1,right_TLE_sub-144_hippocampus_rh_aligned.nii.gz,right_TLE_sub-144_hippocampus_rh_aligned_SPHARM.vtk,train/SPHARM_RIGHT/spharm_results/right_TLE_sub-144_hippocampus_rh_aligned_SPHARM.vtk,SPHARM/SPHARM_RIGHT/spharm_status_shard3.json
sub-147,train,right,train_right,passed,1,TLE,TLE,Right_TLE,1,1,right_TLE_sub-147_hippocampus_rh_aligned.nii.gz,right_TLE_sub-147_hippocampus_rh_aligned_SPHARM.vtk,train/SPHARM_RIGHT/spharm_results/right_TLE_sub-147_hippocampus_rh_aligned_SPHARM.vtk,SPHARM/SPHARM_RIGHT/spharm_status_shard0.json
sub-149,train,right,train_right,passed,1,Healthy,TLE,Left_TLE,1,1,right_Healthy_sub-149_hippocampus_rh_aligned.nii.gz,right_Healthy_sub-149_hippocampus_rh_aligned_SPHARM.vtk,train/SPHARM_RIGHT/spharm_results/right_Healthy_sub-149_hippocampus_rh_aligned_SPHARM.vtk,SPHARM/SPHARM_RIGHT/spharm_status_shard1.json
sub-153,train,right,train_right,passed,1,TLE,TLE,Right_TLE,1,1,right_TLE_sub-153_hippocampus_rh_aligned.nii.gz,right_TLE_sub-153_hippocampus_rh_aligned_SPHARM.vtk,train/SPHARM_RIGHT/spharm_results/right_TLE_sub-153_hippocampus_rh_aligned_SPHARM.vtk,SPHARM/SPHARM_RIGHT/spharm_status_shard2.json
sub-154,train,right,train_right,passed,1,Healthy,TLE,Left_TLE,1,1,right_Healthy_sub-154_hippocampus_rh_aligned.nii.gz,right_Healthy_sub-154_hippocampus_rh_aligned_SPHARM.vtk,train/SPHARM_RIGHT/spharm_results/right_Healthy_sub-154_hippocampus_rh_aligned_SPHARM.vtk,SPHARM/SPHARM_RIGHT/spharm_status_shard2.json
sub-155,train,right,train_right,passed,1,TLE,TLE,Right_TLE,1,1,right_TLE_sub-155_hippocampus_rh_aligned.nii.gz,right_TLE_sub-155_hippocampus_rh_aligned_SPHARM.vtk,train/SPHARM_RIGHT/spharm_results/right_TLE_sub-155_hippocampus_rh_aligned_SPHARM.vtk,SPHARM/SPHARM_RIGHT/spharm_status_shard3.json
sub-161,train,right,train_right,passed,1,TLE,TLE,Right_TLE,1,1,right_TLE_sub-161_hippocampus_rh_aligned.nii.gz,right_TLE_sub-161_hippocampus_rh_aligned_SPHARM.vtk,train/SPHARM_RIGHT/spharm_results/right_TLE_sub-161_hippocampus_rh_aligned_SPHARM.vtk,SPHARM/SPHARM_RIGHT/spharm_status_shard0.json
sub-162,train,right,train_right,passed,1,Healthy,TLE,Left_TLE,1,1,right_Healthy_sub-162_hippocampus_rh_aligned.nii.gz,right_Healthy_sub-162_hippocampus_rh_aligned_SPHARM.vtk,train/SPHARM_RIGHT/spharm_results/right_Healthy_sub-162_hippocampus_rh_aligned_SPHARM.vtk,SPHARM/SPHARM_RIGHT/spharm_status_shard0.json
sub-165,train,right,train_right,passed,1,Healthy,TLE,Left_TLE,1,1,right_Healthy_sub-165_hippocampus_rh_aligned.nii.gz,right_Healthy_sub-165_hippocampus_rh_aligned_SPHARM.vtk,train/SPHARM_RIGHT/spharm_results/right_Healthy_sub-165_hippocampus_rh_aligned_SPHARM.vtk,SPHARM/SPHARM_RIGHT/spharm_status_shard2.json
sub-167,train,right,train_right,passed,1,Healthy,TLE,Left_TLE,1,1,right_Healthy_sub-167_hippocampus_rh_aligned.nii.gz,right_Healthy_sub-167_hippocampus_rh_aligned_SPHARM.vtk,train/SPHARM_RIGHT/spharm_results/right_Healthy_sub-167_hippocampus_rh_aligned_SPHARM.vtk,SPHARM/SPHARM_RIGHT/spharm_status_shard3.json
sub-168,train,right,train_right,passed,1,Healthy,TLE,Left_TLE,1,1,right_Healthy_sub-168_hippocampus_rh_aligned.nii.gz,right_Healthy_sub-168_hippocampus_rh_aligned_SPHARM.vtk,train/SPHARM_RIGHT/spharm_results/right_Healthy_sub-168_hippocampus_rh_aligned_SPHARM.vtk,SPHARM/SPHARM_RIGHT/spharm_status_shard0.json
sub-174,train,right,train_right,passed,1,Healthy,TLE,Left_TLE,1,1,right_Healthy_sub-174_hippocampus_rh_aligned.nii.gz,right_Healthy_sub-174_hippocampus_rh_aligned_SPHARM.vtk,train/SPHARM_RIGHT/spharm_results/right_Healthy_sub-174_hippocampus_rh_aligned_SPHARM.vtk,SPHARM/SPHARM_RIGHT/spharm_status_shard1.json
sub-175,train,right,train_right,passed,1,TLE,TLE,Right_TLE,1,1,right_TLE_sub-175_hippocampus_rh_aligned.nii.gz,right_TLE_sub-175_hippocampus_rh_aligned_SPHARM.vtk,train/SPHARM_RIGHT/spharm_results/right_TLE_sub-175_hippocampus_rh_aligned_SPHARM.vtk,SPHARM/SPHARM_RIGHT/spharm_status_shard2.json
sub-176,train,right,train_right,passed,1,Healthy,TLE,Left_TLE,1,1,right_Healthy_sub-176_hippocampus_rh_aligned.nii.gz,right_Healthy_sub-176_hippocampus_rh_aligned_SPHARM.vtk,train/SPHARM_RIGHT/spharm_results/right_Healthy_sub-176_hippocampus_rh_aligned_SPHARM.vtk,SPHARM/SPHARM_RIGHT/spharm_status_shard2.json
sub-183,train,right,train_right,passed,1,Healthy,TLE,Left_TLE,1,1,right_Healthy_sub-183_hippocampus_rh_aligned.nii.gz,right_Healthy_sub-183_hippocampus_rh_aligned_SPHARM.vtk,train/SPHARM_RIGHT/spharm_results/right_Healthy_sub-183_hippocampus_rh_aligned_SPHARM.vtk,SPHARM/SPHARM_RIGHT/spharm_status_shard3.json
sub-188,train,right,train_right,passed,1,Healthy,TLE,Left_TLE,1,1,right_Healthy_sub-188_hippocampus_rh_aligned.nii.gz,right_Healthy_sub-188_hippocampus_rh_aligned_SPHARM.vtk,train/SPHARM_RIGHT/spharm_results/right_Healthy_sub-188_hippocampus_rh_aligned_SPHARM.vtk,SPHARM/SPHARM_RIGHT/spharm_status_shard1.json
sub-191,train,right,train_right,passed,1,Healthy,TLE,Left_TLE,1,1,right_Healthy_sub-191_hippocampus_rh_aligned.nii.gz,right_Healthy_sub-191_hippocampus_rh_aligned_SPHARM.vtk,train/SPHARM_RIGHT/spharm_results/right_Healthy_sub-191_hippocampus_rh_aligned_SPHARM.vtk,SPHARM/SPHARM_RIGHT/spharm_status_shard2.json
sub-193,train,right,train_right,passed,1,TLE,TLE,Right_TLE,1,1,right_TLE_sub-193_hippocampus_rh_aligned.nii.gz,right_TLE_sub-193_hippocampus_rh_aligned_SPHARM.vtk,train/SPHARM_RIGHT/spharm_results/right_TLE_sub-193_hippocampus_rh_aligned_SPHARM.vtk,SPHARM/SPHARM_RIGHT/spharm_status_shard3.json
sub-196,train,right,train_right,passed,1,Healthy,TLE,Left_TLE,1,1,right_Healthy_sub-196_hippocampus_rh_aligned.nii.gz,right_Healthy_sub-196_hippocampus_rh_aligned_SPHARM.vtk,train/SPHARM_RIGHT/spharm_results/right_Healthy_sub-196_hippocampus_rh_aligned_SPHARM.vtk,SPHARM/SPHARM_RIGHT/spharm_status_shard3.json
sub-197,train,right,train_right,passed,1,TLE,TLE,Right_TLE,1,1,right_TLE_sub-197_hippocampus_rh_aligned.nii.gz,right_TLE_sub-197_hippocampus_rh_aligned_SPHARM.vtk,train/SPHARM_RIGHT/spharm_results/right_TLE_sub-197_hippocampus_rh_aligned_SPHARM.vtk,SPHARM/SPHARM_RIGHT/spharm_status_shard0.json
sub-199,train,right,train_right,passed,1,Healthy,TLE,Left_TLE,1,1,right_Healthy_sub-199_hippocampus_rh_aligned.nii.gz,right_Healthy_sub-199_hippocampus_rh_aligned_SPHARM.vtk,train/SPHARM_RIGHT/spharm_results/right_Healthy_sub-199_hippocampus_rh_aligned_SPHARM.vtk,SPHARM/SPHARM_RIGHT/spharm_status_shard0.json
sub-2,train,right,train_right,passed,1,TLE,TLE,Right_TLE,1,1,right_TLE_sub-2_hippocampus_rh_aligned.nii.gz,right_TLE_sub-2_hippocampus_rh_aligned_SPHARM.vtk,train/SPHARM_RIGHT/spharm_results/right_TLE_sub-2_hippocampus_rh_aligned_SPHARM.vtk,SPHARM/SPHARM_RIGHT/spharm_status_shard3.json
sub-201,train,right,train_right,passed,1,TLE,TLE,Right_TLE,1,1,right_TLE_sub-201_hippocampus_rh_aligned.nii.gz,right_TLE_sub-201_hippocampus_rh_aligned_SPHARM.vtk,train/SPHARM_RIGHT/spharm_results/right_TLE_sub-201_hippocampus_rh_aligned_SPHARM.vtk,SPHARM/SPHARM_RIGHT/spharm_status_shard1.json
sub-203,train,right,train_right,failed,0,TLE,TLE,Right_TLE,0,0,right_TLE_sub-203_hippocampus_rh_aligned.nii.gz,right_TLE_sub-203_hippocampus_rh_aligned_SPHARM.vtk,,SPHARM/SPHARM_RIGHT/spharm_status_shard2.json
sub-207,train,right,train_right,passed,1,TLE,TLE,Right_TLE,1,1,right_TLE_sub-207_hippocampus_rh_aligned.nii.gz,right_TLE_sub-207_hippocampus_rh_aligned_SPHARM.vtk,train/SPHARM_RIGHT/spharm_results/right_TLE_sub-207_hippocampus_rh_aligned_SPHARM.vtk,SPHARM/SPHARM_RIGHT/spharm_status_shard3.json
sub-208,train,right,train_right,passed,1,Healthy,TLE,Left_TLE,1,1,right_Healthy_sub-208_hippocampus_rh_aligned.nii.gz,right_Healthy_sub-208_hippocampus_rh_aligned_SPHARM.vtk,train/SPHARM_RIGHT/spharm_results/right_Healthy_sub-208_hippocampus_rh_aligned_SPHARM.vtk,SPHARM/SPHARM_RIGHT/spharm_status_shard3.json
sub-215,train,right,train_right,passed,1,Healthy,TLE,Left_TLE,1,1,right_Healthy_sub-215_hippocampus_rh_aligned.nii.gz,right_Healthy_sub-215_hippocampus_rh_aligned_SPHARM.vtk,train/SPHARM_RIGHT/spharm_results/right_Healthy_sub-215_hippocampus_rh_aligned_SPHARM.vtk,SPHARM/SPHARM_RIGHT/spharm_status_shard0.json
sub-217,train,right,train_right,passed,1,Healthy,TLE,Left_TLE,1,1,right_Healthy_sub-217_hippocampus_rh_aligned.nii.gz,right_Healthy_sub-217_hippocampus_rh_aligned_SPHARM.vtk,train/SPHARM_RIGHT/spharm_results/right_Healthy_sub-217_hippocampus_rh_aligned_SPHARM.vtk,SPHARM/SPHARM_RIGHT/spharm_status_shard1.json
sub-218,train,right,train_right,passed,1,Healthy,TLE,Left_TLE,1,1,right_Healthy_sub-218_hippocampus_rh_aligned.nii.gz,right_Healthy_sub-218_hippocampus_rh_aligned_SPHARM.vtk,train/SPHARM_RIGHT/spharm_results/right_Healthy_sub-218_hippocampus_rh_aligned_SPHARM.vtk,SPHARM/SPHARM_RIGHT/spharm_status_shard2.json
sub-219,train,right,train_right,passed,1,TLE,TLE,Right_TLE,1,1,right_TLE_sub-219_hippocampus_rh_aligned.nii.gz,right_TLE_sub-219_hippocampus_rh_aligned_SPHARM.vtk,train/SPHARM_RIGHT/spharm_results/right_TLE_sub-219_hippocampus_rh_aligned_SPHARM.vtk,SPHARM/SPHARM_RIGHT/spharm_status_shard0.json
sub-220,train,right,train_right,passed,1,Healthy,TLE,Left_TLE,1,1,right_Healthy_sub-220_hippocampus_rh_aligned.nii.gz,right_Healthy_sub-220_hippocampus_rh_aligned_SPHARM.vtk,train/SPHARM_RIGHT/spharm_results/right_Healthy_sub-220_hippocampus_rh_aligned_SPHARM.vtk,SPHARM/SPHARM_RIGHT/spharm_status_shard3.json
sub-227,train,right,train_right,passed,1,Healthy,TLE,Left_TLE,1,1,right_Healthy_sub-227_hippocampus_rh_aligned.nii.gz,right_Healthy_sub-227_hippocampus_rh_aligned_SPHARM.vtk,train/SPHARM_RIGHT/spharm_results/right_Healthy_sub-227_hippocampus_rh_aligned_SPHARM.vtk,SPHARM/SPHARM_RIGHT/spharm_status_shard0.json
sub-229,train,right,train_right,passed,1,Healthy,TLE,Left_TLE,1,1,right_Healthy_sub-229_hippocampus_rh_aligned.nii.gz,right_Healthy_sub-229_hippocampus_rh_aligned_SPHARM.vtk,train/SPHARM_RIGHT/spharm_results/right_Healthy_sub-229_hippocampus_rh_aligned_SPHARM.vtk,SPHARM/SPHARM_RIGHT/spharm_status_shard1.json
sub-23,train,right,train_right,passed,1,Healthy,TLE,Left_TLE,1,1,right_Healthy_sub-23_hippocampus_rh_aligned.nii.gz,right_Healthy_sub-23_hippocampus_rh_aligned_SPHARM.vtk,train/SPHARM_RIGHT/spharm_results/right_Healthy_sub-23_hippocampus_rh_aligned_SPHARM.vtk,SPHARM/SPHARM_RIGHT/spharm_status_shard0.json
sub-233,train,right,train_right,passed,1,TLE,TLE,Right_TLE,1,1,right_TLE_sub-233_hippocampus_rh_aligned.nii.gz,right_TLE_sub-233_hippocampus_rh_aligned_SPHARM.vtk,train/SPHARM_RIGHT/spharm_results/right_TLE_sub-233_hippocampus_rh_aligned_SPHARM.vtk,SPHARM/SPHARM_RIGHT/spharm_status_shard2.json
sub-235,train,right,train_right,passed,1,Healthy,TLE,Left_TLE,1,1,right_Healthy_sub-235_hippocampus_rh_aligned.nii.gz,right_Healthy_sub-235_hippocampus_rh_aligned_SPHARM.vtk,train/SPHARM_RIGHT/spharm_results/right_Healthy_sub-235_hippocampus_rh_aligned_SPHARM.vtk,SPHARM/SPHARM_RIGHT/spharm_status_shard2.json
sub-236,train,right,train_right,passed,1,Healthy,TLE,Left_TLE,1,1,right_Healthy_sub-236_hippocampus_rh_aligned.nii.gz,right_Healthy_sub-236_hippocampus_rh_aligned_SPHARM.vtk,train/SPHARM_RIGHT/spharm_results/right_Healthy_sub-236_hippocampus_rh_aligned_SPHARM.vtk,SPHARM/SPHARM_RIGHT/spharm_status_shard3.json
sub-237,train,right,train_right,passed,1,TLE,TLE,Right_TLE,1,1,right_TLE_sub-237_hippocampus_rh_aligned.nii.gz,right_TLE_sub-237_hippocampus_rh_aligned_SPHARM.vtk,train/SPHARM_RIGHT/spharm_results/right_TLE_sub-237_hippocampus_rh_aligned_SPHARM.vtk,SPHARM/SPHARM_RIGHT/spharm_status_shard3.json
sub-238,train,right,train_right,passed,1,TLE,TLE,Right_TLE,1,1,right_TLE_sub-238_hippocampus_rh_aligned.nii.gz,right_TLE_sub-238_hippocampus_rh_aligned_SPHARM.vtk,train/SPHARM_RIGHT/spharm_results/right_TLE_sub-238_hippocampus_rh_aligned_SPHARM.vtk,SPHARM/SPHARM_RIGHT/spharm_status_shard0.json
sub-240,train,right,train_right,passed,1,Healthy,TLE,Left_TLE,1,1,right_Healthy_sub-240_hippocampus_rh_aligned.nii.gz,right_Healthy_sub-240_hippocampus_rh_aligned_SPHARM.vtk,train/SPHARM_RIGHT/spharm_results/right_Healthy_sub-240_hippocampus_rh_aligned_SPHARM.vtk,SPHARM/SPHARM_RIGHT/spharm_status_shard1.json
sub-246,train,right,train_right,passed,1,TLE,TLE,Right_TLE,1,1,right_TLE_sub-246_hippocampus_rh_aligned.nii.gz,right_TLE_sub-246_hippocampus_rh_aligned_SPHARM.vtk,train/SPHARM_RIGHT/spharm_results/right_TLE_sub-246_hippocampus_rh_aligned_SPHARM.vtk,SPHARM/SPHARM_RIGHT/spharm_status_shard1.json
sub-247,train,right,train_right,passed,1,TLE,TLE,Right_TLE,1,1,right_TLE_sub-247_hippocampus_rh_aligned.nii.gz,right_TLE_sub-247_hippocampus_rh_aligned_SPHARM.vtk,train/SPHARM_RIGHT/spharm_results/right_TLE_sub-247_hippocampus_rh_aligned_SPHARM.vtk,SPHARM/SPHARM_RIGHT/spharm_status_shard2.json
sub-25,train,right,train_right,passed,1,Healthy,TLE,Left_TLE,1,1,right_Healthy_sub-25_hippocampus_rh_aligned.nii.gz,right_Healthy_sub-25_hippocampus_rh_aligned_SPHARM.vtk,train/SPHARM_RIGHT/spharm_results/right_Healthy_sub-25_hippocampus_rh_aligned_SPHARM.vtk,SPHARM/SPHARM_RIGHT/spharm_status_shard0.json
sub-251,train,right,train_right,passed,1,Healthy,TLE,Left_TLE,1,1,right_Healthy_sub-251_hippocampus_rh_aligned.nii.gz,right_Healthy_sub-251_hippocampus_rh_aligned_SPHARM.vtk,train/SPHARM_RIGHT/spharm_results/right_Healthy_sub-251_hippocampus_rh_aligned_SPHARM.vtk,SPHARM/SPHARM_RIGHT/spharm_status_shard2.json
sub-255,train,right,train_right,passed,1,TLE,TLE,Right_TLE,1,1,right_TLE_sub-255_hippocampus_rh_aligned.nii.gz,right_TLE_sub-255_hippocampus_rh_aligned_SPHARM.vtk,train/SPHARM_RIGHT/spharm_results/right_TLE_sub-255_hippocampus_rh_aligned_SPHARM.vtk,SPHARM/SPHARM_RIGHT/spharm_status_shard0.json
sub-259,train,right,train_right,passed,1,Healthy,TLE,Left_TLE,1,1,right_Healthy_sub-259_hippocampus_rh_aligned.nii.gz,right_Healthy_sub-259_hippocampus_rh_aligned_SPHARM.vtk,train/SPHARM_RIGHT/spharm_results/right_Healthy_sub-259_hippocampus_rh_aligned_SPHARM.vtk,SPHARM/SPHARM_RIGHT/spharm_status_shard3.json
sub-263,train,right,train_right,passed,1,Healthy,TLE,Left_TLE,1,1,right_Healthy_sub-263_hippocampus_rh_aligned.nii.gz,right_Healthy_sub-263_hippocampus_rh_aligned_SPHARM.vtk,train/SPHARM_RIGHT/spharm_results/right_Healthy_sub-263_hippocampus_rh_aligned_SPHARM.vtk,SPHARM/SPHARM_RIGHT/spharm_status_shard1.json
sub-264,train,right,train_right,passed,1,Healthy,TLE,Left_TLE,1,1,right_Healthy_sub-264_hippocampus_rh_aligned.nii.gz,right_Healthy_sub-264_hippocampus_rh_aligned_SPHARM.vtk,train/SPHARM_RIGHT/spharm_results/right_Healthy_sub-264_hippocampus_rh_aligned_SPHARM.vtk,SPHARM/SPHARM_RIGHT/spharm_status_shard2.json
sub-265,train,right,train_right,passed,1,Healthy,TLE,Left_TLE,1,1,right_Healthy_sub-265_hippocampus_rh_aligned.nii.gz,right_Healthy_sub-265_hippocampus_rh_aligned_SPHARM.vtk,train/SPHARM_RIGHT/spharm_results/right_Healthy_sub-265_hippocampus_rh_aligned_SPHARM.vtk,SPHARM/SPHARM_RIGHT/spharm_status_shard3.json
sub-266,train,right,train_right,passed,1,Healthy,TLE,Left_TLE,1,1,right_Healthy_sub-266_hippocampus_rh_aligned.nii.gz,right_Healthy_sub-266_hippocampus_rh_aligned_SPHARM.vtk,train/SPHARM_RIGHT/spharm_results/right_Healthy_sub-266_hippocampus_rh_aligned_SPHARM.vtk,SPHARM/SPHARM_RIGHT/spharm_status_shard0.json
sub-267,train,right,train_right,passed,1,Healthy,TLE,Left_TLE,1,1,right_Healthy_sub-267_hippocampus_rh_aligned.nii.gz,right_Healthy_sub-267_hippocampus_rh_aligned_SPHARM.vtk,train/SPHARM_RIGHT/spharm_results/right_Healthy_sub-267_hippocampus_rh_aligned_SPHARM.vtk,SPHARM/SPHARM_RIGHT/spharm_status_shard1.json
sub-26896,train,right,train_right,passed,1,Healthy,TLE,Left_TLE,1,1,right_Healthy_sub-26896_hippocampus_rh_aligned.nii.gz,right_Healthy_sub-26896_hippocampus_rh_aligned_SPHARM.vtk,train/SPHARM_RIGHT/spharm_results/right_Healthy_sub-26896_hippocampus_rh_aligned_SPHARM.vtk,SPHARM/SPHARM_RIGHT/spharm_status_shard2.json
sub-269,train,right,train_right,passed,1,TLE,TLE,Right_TLE,1,1,right_TLE_sub-269_hippocampus_rh_aligned.nii.gz,right_TLE_sub-269_hippocampus_rh_aligned_SPHARM.vtk,train/SPHARM_RIGHT/spharm_results/right_TLE_sub-269_hippocampus_rh_aligned_SPHARM.vtk,SPHARM/SPHARM_RIGHT/spharm_status_shard1.json
sub-27,train,right,train_right,passed,1,Healthy,TLE,Left_TLE,1,1,right_Healthy_sub-27_hippocampus_rh_aligned.nii.gz,right_Healthy_sub-27_hippocampus_rh_aligned_SPHARM.vtk,train/SPHARM_RIGHT/spharm_results/right_Healthy_sub-27_hippocampus_rh_aligned_SPHARM.vtk,SPHARM/SPHARM_RIGHT/spharm_status_shard3.json
sub-270,train,right,train_right,passed,1,Healthy,TLE,Left_TLE,1,1,right_Healthy_sub-270_hippocampus_rh_aligned.nii.gz,right_Healthy_sub-270_hippocampus_rh_aligned_SPHARM.vtk,train/SPHARM_RIGHT/spharm_results/right_Healthy_sub-270_hippocampus_rh_aligned_SPHARM.vtk,SPHARM/SPHARM_RIGHT/spharm_status_shard3.json
sub-273,train,right,train_right,passed,1,Healthy,TLE,Left_TLE,1,1,right_Healthy_sub-273_hippocampus_rh_aligned.nii.gz,right_Healthy_sub-273_hippocampus_rh_aligned_SPHARM.vtk,train/SPHARM_RIGHT/spharm_results/right_Healthy_sub-273_hippocampus_rh_aligned_SPHARM.vtk,SPHARM/SPHARM_RIGHT/spharm_status_shard0.json
sub-27872,train,right,train_right,passed,1,Healthy,TLE,Left_TLE,1,1,right_Healthy_sub-27872_hippocampus_rh_aligned.nii.gz,right_Healthy_sub-27872_hippocampus_rh_aligned_SPHARM.vtk,train/SPHARM_RIGHT/spharm_results/right_Healthy_sub-27872_hippocampus_rh_aligned_SPHARM.vtk,SPHARM/SPHARM_RIGHT/spharm_status_shard2.json
sub-27934,train,right,train_right,passed,1,Healthy,TLE,Left_TLE,1,1,right_Healthy_sub-27934_hippocampus_rh_aligned.nii.gz,right_Healthy_sub-27934_hippocampus_rh_aligned_SPHARM.vtk,train/SPHARM_RIGHT/spharm_results/right_Healthy_sub-27934_hippocampus_rh_aligned_SPHARM.vtk,SPHARM/SPHARM_RIGHT/spharm_status_shard3.json
sub-282,train,right,train_right,passed,1,Healthy,TLE,Left_TLE,1,1,right_Healthy_sub-282_hippocampus_rh_aligned.nii.gz,right_Healthy_sub-282_hippocampus_rh_aligned_SPHARM.vtk,train/SPHARM_RIGHT/spharm_results/right_Healthy_sub-282_hippocampus_rh_aligned_SPHARM.vtk,SPHARM/SPHARM_RIGHT/spharm_status_shard0.json
sub-290,train,right,train_right,passed,1,Healthy,TLE,Left_TLE,1,1,right_Healthy_sub-290_hippocampus_rh_aligned.nii.gz,right_Healthy_sub-290_hippocampus_rh_aligned_SPHARM.vtk,train/SPHARM_RIGHT/spharm_results/right_Healthy_sub-290_hippocampus_rh_aligned_SPHARM.vtk,SPHARM/SPHARM_RIGHT/spharm_status_shard3.json
sub-29073,train,right,train_right,passed,1,Healthy,TLE,Left_TLE,1,1,right_Healthy_sub-29073_hippocampus_rh_aligned.nii.gz,right_Healthy_sub-29073_hippocampus_rh_aligned_SPHARM.vtk,train/SPHARM_RIGHT/spharm_results/right_Healthy_sub-29073_hippocampus_rh_aligned_SPHARM.vtk,SPHARM/SPHARM_RIGHT/spharm_status_shard1.json
sub-29096,train,right,train_right,passed,1,Healthy,TLE,Left_TLE,1,1,right_Healthy_sub-29096_hippocampus_rh_aligned.nii.gz,right_Healthy_sub-29096_hippocampus_rh_aligned_SPHARM.vtk,train/SPHARM_RIGHT/spharm_results/right_Healthy_sub-29096_hippocampus_rh_aligned_SPHARM.vtk,SPHARM/SPHARM_RIGHT/spharm_status_shard2.json
sub-292,train,right,train_right,passed,1,TLE,TLE,Right_TLE,1,1,right_TLE_sub-292_hippocampus_rh_aligned.nii.gz,right_TLE_sub-292_hippocampus_rh_aligned_SPHARM.vtk,train/SPHARM_RIGHT/spharm_results/right_TLE_sub-292_hippocampus_rh_aligned_SPHARM.vtk,SPHARM/SPHARM_RIGHT/spharm_status_shard0.json
sub-293,train,right,train_right,passed,1,Healthy,TLE,Left_TLE,1,1,right_Healthy_sub-293_hippocampus_rh_aligned.nii.gz,right_Healthy_sub-293_hippocampus_rh_aligned_SPHARM.vtk,train/SPHARM_RIGHT/spharm_results/right_Healthy_sub-293_hippocampus_rh_aligned_SPHARM.vtk,SPHARM/SPHARM_RIGHT/spharm_status_shard0.json
sub-29332,train,right,train_right,passed,1,TLE,TLE,Right_TLE,1,1,right_TLE_sub-29332_hippocampus_rh_aligned.nii.gz,right_TLE_sub-29332_hippocampus_rh_aligned_SPHARM.vtk,train/SPHARM_RIGHT/spharm_results/right_TLE_sub-29332_hippocampus_rh_aligned_SPHARM.vtk,SPHARM/SPHARM_RIGHT/spharm_status_shard1.json
sub-294,train,right,train_right,passed,1,Healthy,TLE,Left_TLE,1,1,right_Healthy_sub-294_hippocampus_rh_aligned.nii.gz,right_Healthy_sub-294_hippocampus_rh_aligned_SPHARM.vtk,train/SPHARM_RIGHT/spharm_results/right_Healthy_sub-294_hippocampus_rh_aligned_SPHARM.vtk,SPHARM/SPHARM_RIGHT/spharm_status_shard1.json
sub-296,train,right,train_right,passed,1,TLE,TLE,Right_TLE,1,1,right_TLE_sub-296_hippocampus_rh_aligned.nii.gz,right_TLE_sub-296_hippocampus_rh_aligned_SPHARM.vtk,train/SPHARM_RIGHT/spharm_results/right_TLE_sub-296_hippocampus_rh_aligned_SPHARM.vtk,SPHARM/SPHARM_RIGHT/spharm_status_shard2.json
sub-300,train,right,train_right,passed,1,TLE,TLE,Right_TLE,1,1,right_TLE_sub-300_hippocampus_rh_aligned.nii.gz,right_TLE_sub-300_hippocampus_rh_aligned_SPHARM.vtk,train/SPHARM_RIGHT/spharm_results/right_TLE_sub-300_hippocampus_rh_aligned_SPHARM.vtk,SPHARM/SPHARM_RIGHT/spharm_status_shard0.json
sub-301,train,right,train_right,passed,1,TLE,TLE,Right_TLE,1,1,right_TLE_sub-301_hippocampus_rh_aligned.nii.gz,right_TLE_sub-301_hippocampus_rh_aligned_SPHARM.vtk,train/SPHARM_RIGHT/spharm_results/right_TLE_sub-301_hippocampus_rh_aligned_SPHARM.vtk,SPHARM/SPHARM_RIGHT/spharm_status_shard1.json
sub-302,train,right,train_right,passed,1,Healthy,TLE,Left_TLE,1,1,right_Healthy_sub-302_hippocampus_rh_aligned.nii.gz,right_Healthy_sub-302_hippocampus_rh_aligned_SPHARM.vtk,train/SPHARM_RIGHT/spharm_results/right_Healthy_sub-302_hippocampus_rh_aligned_SPHARM.vtk,SPHARM/SPHARM_RIGHT/spharm_status_shard0.json
sub-305,train,right,train_right,passed,1,TLE,TLE,Right_TLE,1,1,right_TLE_sub-305_hippocampus_rh_aligned.nii.gz,right_TLE_sub-305_hippocampus_rh_aligned_SPHARM.vtk,train/SPHARM_RIGHT/spharm_results/right_TLE_sub-305_hippocampus_rh_aligned_SPHARM.vtk,SPHARM/SPHARM_RIGHT/spharm_status_shard2.json
sub-31,train,right,train_right,passed,1,TLE,TLE,Right_TLE,1,1,right_TLE_sub-31_hippocampus_rh_aligned.nii.gz,right_TLE_sub-31_hippocampus_rh_aligned_SPHARM.vtk,train/SPHARM_RIGHT/spharm_results/right_TLE_sub-31_hippocampus_rh_aligned_SPHARM.vtk,SPHARM/SPHARM_RIGHT/spharm_status_shard1.json
sub-310,train,right,train_right,passed,1,Healthy,TLE,Left_TLE,1,1,right_Healthy_sub-310_hippocampus_rh_aligned.nii.gz,right_Healthy_sub-310_hippocampus_rh_aligned_SPHARM.vtk,train/SPHARM_RIGHT/spharm_results/right_Healthy_sub-310_hippocampus_rh_aligned_SPHARM.vtk,SPHARM/SPHARM_RIGHT/spharm_status_shard1.json
sub-314,train,right,train_right,passed,1,Healthy,TLE,Left_TLE,1,1,right_Healthy_sub-314_hippocampus_rh_aligned.nii.gz,right_Healthy_sub-314_hippocampus_rh_aligned_SPHARM.vtk,train/SPHARM_RIGHT/spharm_results/right_Healthy_sub-314_hippocampus_rh_aligned_SPHARM.vtk,SPHARM/SPHARM_RIGHT/spharm_status_shard2.json
sub-316,train,right,train_right,passed,1,Healthy,TLE,Left_TLE,1,1,right_Healthy_sub-316_hippocampus_rh_aligned.nii.gz,right_Healthy_sub-316_hippocampus_rh_aligned_SPHARM.vtk,train/SPHARM_RIGHT/spharm_results/right_Healthy_sub-316_hippocampus_rh_aligned_SPHARM.vtk,SPHARM/SPHARM_RIGHT/spharm_status_shard3.json
sub-317,train,right,train_right,passed,1,TLE,TLE,Right_TLE,1,1,right_TLE_sub-317_hippocampus_rh_aligned.nii.gz,right_TLE_sub-317_hippocampus_rh_aligned_SPHARM.vtk,train/SPHARM_RIGHT/spharm_results/right_TLE_sub-317_hippocampus_rh_aligned_SPHARM.vtk,SPHARM/SPHARM_RIGHT/spharm_status_shard0.json
sub-31730,train,right,train_right,passed,1,TLE,TLE,Right_TLE,1,1,right_TLE_sub-31730_hippocampus_rh_aligned.nii.gz,right_TLE_sub-31730_hippocampus_rh_aligned_SPHARM.vtk,train/SPHARM_RIGHT/spharm_results/right_TLE_sub-31730_hippocampus_rh_aligned_SPHARM.vtk,SPHARM/SPHARM_RIGHT/spharm_status_shard3.json
sub-320,train,right,train_right,passed,1,Healthy,TLE,Left_TLE,1,1,right_Healthy_sub-320_hippocampus_rh_aligned.nii.gz,right_Healthy_sub-320_hippocampus_rh_aligned_SPHARM.vtk,train/SPHARM_RIGHT/spharm_results/right_Healthy_sub-320_hippocampus_rh_aligned_SPHARM.vtk,SPHARM/SPHARM_RIGHT/spharm_status_shard0.json
sub-32159,train,right,train_right,passed,1,Healthy,TLE,Left_TLE,1,1,right_Healthy_sub-32159_hippocampus_rh_aligned.nii.gz,right_Healthy_sub-32159_hippocampus_rh_aligned_SPHARM.vtk,train/SPHARM_RIGHT/spharm_results/right_Healthy_sub-32159_hippocampus_rh_aligned_SPHARM.vtk,SPHARM/SPHARM_RIGHT/spharm_status_shard1.json
sub-32231,train,right,train_right,passed,1,TLE,TLE,Right_TLE,1,1,right_TLE_sub-32231_hippocampus_rh_aligned.nii.gz,right_TLE_sub-32231_hippocampus_rh_aligned_SPHARM.vtk,train/SPHARM_RIGHT/spharm_results/right_TLE_sub-32231_hippocampus_rh_aligned_SPHARM.vtk,SPHARM/SPHARM_RIGHT/spharm_status_shard2.json
sub-32310,train,right,train_right,passed,1,TLE,TLE,Right_TLE,1,1,right_TLE_sub-32310_hippocampus_rh_aligned.nii.gz,right_TLE_sub-32310_hippocampus_rh_aligned_SPHARM.vtk,train/SPHARM_RIGHT/spharm_results/right_TLE_sub-32310_hippocampus_rh_aligned_SPHARM.vtk,SPHARM/SPHARM_RIGHT/spharm_status_shard3.json
sub-32436,train,right,train_right,passed,1,TLE,TLE,Right_TLE,1,1,right_TLE_sub-32436_hippocampus_rh_aligned.nii.gz,right_TLE_sub-32436_hippocampus_rh_aligned_SPHARM.vtk,train/SPHARM_RIGHT/spharm_results/right_TLE_sub-32436_hippocampus_rh_aligned_SPHARM.vtk,SPHARM/SPHARM_RIGHT/spharm_status_shard0.json
sub-325,train,right,train_right,passed,1,TLE,TLE,Right_TLE,1,1,right_TLE_sub-325_hippocampus_rh_aligned.nii.gz,right_TLE_sub-325_hippocampus_rh_aligned_SPHARM.vtk,train/SPHARM_RIGHT/spharm_results/right_TLE_sub-325_hippocampus_rh_aligned_SPHARM.vtk,SPHARM/SPHARM_RIGHT/spharm_status_shard2.json
sub-329,train,right,train_right,passed,1,Healthy,TLE,Left_TLE,1,1,right_Healthy_sub-329_hippocampus_rh_aligned.nii.gz,right_Healthy_sub-329_hippocampus_rh_aligned_SPHARM.vtk,train/SPHARM_RIGHT/spharm_results/right_Healthy_sub-329_hippocampus_rh_aligned_SPHARM.vtk,SPHARM/SPHARM_RIGHT/spharm_status_shard3.json
sub-32907,train,right,train_right,passed,1,Healthy,TLE,Left_TLE,1,1,right_Healthy_sub-32907_hippocampus_rh_aligned.nii.gz,right_Healthy_sub-32907_hippocampus_rh_aligned_SPHARM.vtk,train/SPHARM_RIGHT/spharm_results/right_Healthy_sub-32907_hippocampus_rh_aligned_SPHARM.vtk,SPHARM/SPHARM_RIGHT/spharm_status_shard2.json
sub-33,train,right,train_right,passed,1,Healthy,TLE,Left_TLE,1,1,right_Healthy_sub-33_hippocampus_rh_aligned.nii.gz,right_Healthy_sub-33_hippocampus_rh_aligned_SPHARM.vtk,train/SPHARM_RIGHT/spharm_results/right_Healthy_sub-33_hippocampus_rh_aligned_SPHARM.vtk,SPHARM/SPHARM_RIGHT/spharm_status_shard2.json
sub-330,train,right,train_right,passed,1,TLE,TLE,Right_TLE,1,1,right_TLE_sub-330_hippocampus_rh_aligned.nii.gz,right_TLE_sub-330_hippocampus_rh_aligned_SPHARM.vtk,train/SPHARM_RIGHT/spharm_results/right_TLE_sub-330_hippocampus_rh_aligned_SPHARM.vtk,SPHARM/SPHARM_RIGHT/spharm_status_shard0.json
sub-332,train,right,train_right,passed,1,TLE,TLE,Right_TLE,1,1,right_TLE_sub-332_hippocampus_rh_aligned.nii.gz,right_TLE_sub-332_hippocampus_rh_aligned_SPHARM.vtk,train/SPHARM_RIGHT/spharm_results/right_TLE_sub-332_hippocampus_rh_aligned_SPHARM.vtk,SPHARM/SPHARM_RIGHT/spharm_status_shard1.json
sub-334,train,right,train_right,passed,1,TLE,TLE,Right_TLE,1,1,right_TLE_sub-334_hippocampus_rh_aligned.nii.gz,right_TLE_sub-334_hippocampus_rh_aligned_SPHARM.vtk,train/SPHARM_RIGHT/spharm_results/right_TLE_sub-334_hippocampus_rh_aligned_SPHARM.vtk,SPHARM/SPHARM_RIGHT/spharm_status_shard2.json
sub-336,train,right,train_right,passed,1,Healthy,TLE,Left_TLE,1,1,right_Healthy_sub-336_hippocampus_rh_aligned.nii.gz,right_Healthy_sub-336_hippocampus_rh_aligned_SPHARM.vtk,train/SPHARM_RIGHT/spharm_results/right_Healthy_sub-336_hippocampus_rh_aligned_SPHARM.vtk,SPHARM/SPHARM_RIGHT/spharm_status_shard0.json
sub-337,train,right,train_right,passed,1,Healthy,TLE,Left_TLE,1,1,right_Healthy_sub-337_hippocampus_rh_aligned.nii.gz,right_Healthy_sub-337_hippocampus_rh_aligned_SPHARM.vtk,train/SPHARM_RIGHT/spharm_results/right_Healthy_sub-337_hippocampus_rh_aligned_SPHARM.vtk,SPHARM/SPHARM_RIGHT/spharm_status_shard1.json
sub-340,train,right,train_right,passed,1,TLE,TLE,Right_TLE,1,1,right_TLE_sub-340_hippocampus_rh_aligned.nii.gz,right_TLE_sub-340_hippocampus_rh_aligned_SPHARM.vtk,train/SPHARM_RIGHT/spharm_results/right_TLE_sub-340_hippocampus_rh_aligned_SPHARM.vtk,SPHARM/SPHARM_RIGHT/spharm_status_shard3.json
sub-34273,train,right,train_right,passed,1,Healthy,TLE,Left_TLE,1,1,right_Healthy_sub-34273_hippocampus_rh_aligned.nii.gz,right_Healthy_sub-34273_hippocampus_rh_aligned_SPHARM.vtk,train/SPHARM_RIGHT/spharm_results/right_Healthy_sub-34273_hippocampus_rh_aligned_SPHARM.vtk,SPHARM/SPHARM_RIGHT/spharm_status_shard3.json
sub-343,train,right,train_right,passed,1,TLE,TLE,Right_TLE,1,1,right_TLE_sub-343_hippocampus_rh_aligned.nii.gz,right_TLE_sub-343_hippocampus_rh_aligned_SPHARM.vtk,train/SPHARM_RIGHT/spharm_results/right_TLE_sub-343_hippocampus_rh_aligned_SPHARM.vtk,SPHARM/SPHARM_RIGHT/spharm_status_shard0.json
sub-34359,train,right,train_right,passed,1,Healthy,TLE,Left_TLE,1,1,right_Healthy_sub-34359_hippocampus_rh_aligned.nii.gz,right_Healthy_sub-34359_hippocampus_rh_aligned_SPHARM.vtk,train/SPHARM_RIGHT/spharm_results/right_Healthy_sub-34359_hippocampus_rh_aligned_SPHARM.vtk,SPHARM/SPHARM_RIGHT/spharm_status_shard0.json
sub-344,train,right,train_right,passed,1,TLE,TLE,Right_TLE,1,1,right_TLE_sub-344_hippocampus_rh_aligned.nii.gz,right_TLE_sub-344_hippocampus_rh_aligned_SPHARM.vtk,train/SPHARM_RIGHT/spharm_results/right_TLE_sub-344_hippocampus_rh_aligned_SPHARM.vtk,SPHARM/SPHARM_RIGHT/spharm_status_shard2.json
sub-34437,train,right,train_right,passed,1,TLE,TLE,Right_TLE,1,1,right_TLE_sub-34437_hippocampus_rh_aligned.nii.gz,right_TLE_sub-34437_hippocampus_rh_aligned_SPHARM.vtk,train/SPHARM_RIGHT/spharm_results/right_TLE_sub-34437_hippocampus_rh_aligned_SPHARM.vtk,SPHARM/SPHARM_RIGHT/spharm_status_shard1.json
sub-346,train,right,train_right,passed,1,TLE,TLE,Right_TLE,1,1,right_TLE_sub-346_hippocampus_rh_aligned.nii.gz,right_TLE_sub-346_hippocampus_rh_aligned_SPHARM.vtk,train/SPHARM_RIGHT/spharm_results/right_TLE_sub-346_hippocampus_rh_aligned_SPHARM.vtk,SPHARM/SPHARM_RIGHT/spharm_status_shard3.json
sub-347,train,right,train_right,passed,1,Healthy,TLE,Left_TLE,1,1,right_Healthy_sub-347_hippocampus_rh_aligned.nii.gz,right_Healthy_sub-347_hippocampus_rh_aligned_SPHARM.vtk,train/SPHARM_RIGHT/spharm_results/right_Healthy_sub-347_hippocampus_rh_aligned_SPHARM.vtk,SPHARM/SPHARM_RIGHT/spharm_status_shard2.json
sub-34736,train,right,train_right,passed,1,Healthy,TLE,Left_TLE,1,1,right_Healthy_sub-34736_hippocampus_rh_aligned.nii.gz,right_Healthy_sub-34736_hippocampus_rh_aligned_SPHARM.vtk,train/SPHARM_RIGHT/spharm_results/right_Healthy_sub-34736_hippocampus_rh_aligned_SPHARM.vtk,SPHARM/SPHARM_RIGHT/spharm_status_shard1.json
sub-348,train,right,train_right,passed,1,Healthy,TLE,Left_TLE,1,1,right_Healthy_sub-348_hippocampus_rh_aligned.nii.gz,right_Healthy_sub-348_hippocampus_rh_aligned_SPHARM.vtk,train/SPHARM_RIGHT/spharm_results/right_Healthy_sub-348_hippocampus_rh_aligned_SPHARM.vtk,SPHARM/SPHARM_RIGHT/spharm_status_shard0.json
sub-351,train,right,train_right,passed,1,Healthy,TLE,Left_TLE,1,1,right_Healthy_sub-351_hippocampus_rh_aligned.nii.gz,right_Healthy_sub-351_hippocampus_rh_aligned_SPHARM.vtk,train/SPHARM_RIGHT/spharm_results/right_Healthy_sub-351_hippocampus_rh_aligned_SPHARM.vtk,SPHARM/SPHARM_RIGHT/spharm_status_shard2.json
sub-352,train,right,train_right,passed,1,TLE,TLE,Right_TLE,1,1,right_TLE_sub-352_hippocampus_rh_aligned.nii.gz,right_TLE_sub-352_hippocampus_rh_aligned_SPHARM.vtk,train/SPHARM_RIGHT/spharm_results/right_TLE_sub-352_hippocampus_rh_aligned_SPHARM.vtk,SPHARM/SPHARM_RIGHT/spharm_status_shard1.json
sub-35232,train,right,train_right,passed,1,TLE,TLE,Right_TLE,1,1,right_TLE_sub-35232_hippocampus_rh_aligned.nii.gz,right_TLE_sub-35232_hippocampus_rh_aligned_SPHARM.vtk,train/SPHARM_RIGHT/spharm_results/right_TLE_sub-35232_hippocampus_rh_aligned_SPHARM.vtk,SPHARM/SPHARM_RIGHT/spharm_status_shard0.json
sub-35272,train,right,train_right,passed,1,Healthy,TLE,Left_TLE,1,1,right_Healthy_sub-35272_hippocampus_rh_aligned.nii.gz,right_Healthy_sub-35272_hippocampus_rh_aligned_SPHARM.vtk,train/SPHARM_RIGHT/spharm_results/right_Healthy_sub-35272_hippocampus_rh_aligned_SPHARM.vtk,SPHARM/SPHARM_RIGHT/spharm_status_shard3.json
sub-353,train,right,train_right,passed,1,Healthy,TLE,Left_TLE,1,1,right_Healthy_sub-353_hippocampus_rh_aligned.nii.gz,right_Healthy_sub-353_hippocampus_rh_aligned_SPHARM.vtk,train/SPHARM_RIGHT/spharm_results/right_Healthy_sub-353_hippocampus_rh_aligned_SPHARM.vtk,SPHARM/SPHARM_RIGHT/spharm_status_shard1.json
sub-354,train,right,train_right,passed,1,Healthy,TLE,Left_TLE,1,1,right_Healthy_sub-354_hippocampus_rh_aligned.nii.gz,right_Healthy_sub-354_hippocampus_rh_aligned_SPHARM.vtk,train/SPHARM_RIGHT/spharm_results/right_Healthy_sub-354_hippocampus_rh_aligned_SPHARM.vtk,SPHARM/SPHARM_RIGHT/spharm_status_shard2.json
sub-35538,train,right,train_right,passed,1,TLE,TLE,Right_TLE,1,1,right_TLE_sub-35538_hippocampus_rh_aligned.nii.gz,right_TLE_sub-35538_hippocampus_rh_aligned_SPHARM.vtk,train/SPHARM_RIGHT/spharm_results/right_TLE_sub-35538_hippocampus_rh_aligned_SPHARM.vtk,SPHARM/SPHARM_RIGHT/spharm_status_shard2.json
sub-35557,train,right,train_right,passed,1,Healthy,Control,Control,1,1,right_Healthy_sub-35557_hippocampus_rh_aligned.nii.gz,right_Healthy_sub-35557_hippocampus_rh_aligned_SPHARM.vtk,train/SPHARM_RIGHT/spharm_results/right_Healthy_sub-35557_hippocampus_rh_aligned_SPHARM.vtk,SPHARM/SPHARM_RIGHT/spharm_status_shard3.json
sub-358,train,right,train_right,passed,1,Healthy,TLE,Left_TLE,1,1,right_Healthy_sub-358_hippocampus_rh_aligned.nii.gz,right_Healthy_sub-358_hippocampus_rh_aligned_SPHARM.vtk,train/SPHARM_RIGHT/spharm_results/right_Healthy_sub-358_hippocampus_rh_aligned_SPHARM.vtk,SPHARM/SPHARM_RIGHT/spharm_status_shard0.json
sub-362,train,right,train_right,passed,1,TLE,TLE,Right_TLE,1,1,right_TLE_sub-362_hippocampus_rh_aligned.nii.gz,right_TLE_sub-362_hippocampus_rh_aligned_SPHARM.vtk,train/SPHARM_RIGHT/spharm_results/right_TLE_sub-362_hippocampus_rh_aligned_SPHARM.vtk,SPHARM/SPHARM_RIGHT/spharm_status_shard0.json
sub-36387,train,right,train_right,passed,1,TLE,TLE,Right_TLE,1,1,right_TLE_sub-36387_hippocampus_rh_aligned.nii.gz,right_TLE_sub-36387_hippocampus_rh_aligned_SPHARM.vtk,train/SPHARM_RIGHT/spharm_results/right_TLE_sub-36387_hippocampus_rh_aligned_SPHARM.vtk,SPHARM/SPHARM_RIGHT/spharm_status_shard1.json
sub-364,train,right,train_right,passed,1,Healthy,TLE,Left_TLE,1,1,right_Healthy_sub-364_hippocampus_rh_aligned.nii.gz,right_Healthy_sub-364_hippocampus_rh_aligned_SPHARM.vtk,train/SPHARM_RIGHT/spharm_results/right_Healthy_sub-364_hippocampus_rh_aligned_SPHARM.vtk,SPHARM/SPHARM_RIGHT/spharm_status_shard3.json
sub-36487,train,right,train_right,passed,1,Healthy,TLE,Left_TLE,1,1,right_Healthy_sub-36487_hippocampus_rh_aligned.nii.gz,right_Healthy_sub-36487_hippocampus_rh_aligned_SPHARM.vtk,train/SPHARM_RIGHT/spharm_results/right_Healthy_sub-36487_hippocampus_rh_aligned_SPHARM.vtk,SPHARM/SPHARM_RIGHT/spharm_status_shard2.json
sub-365,train,right,train_right,passed,1,TLE,TLE,Right_TLE,1,1,right_TLE_sub-365_hippocampus_rh_aligned.nii.gz,right_TLE_sub-365_hippocampus_rh_aligned_SPHARM.vtk,train/SPHARM_RIGHT/spharm_results/right_TLE_sub-365_hippocampus_rh_aligned_SPHARM.vtk,SPHARM/SPHARM_RIGHT/spharm_status_shard2.json
sub-366,train,right,train_right,passed,1,Healthy,TLE,Left_TLE,1,1,right_Healthy_sub-366_hippocampus_rh_aligned.nii.gz,right_Healthy_sub-366_hippocampus_rh_aligned_SPHARM.vtk,train/SPHARM_RIGHT/spharm_results/right_Healthy_sub-366_hippocampus_rh_aligned_SPHARM.vtk,SPHARM/SPHARM_RIGHT/spharm_status_shard0.json
sub-36737,train,right,train_right,passed,1,Healthy,TLE,Left_TLE,1,1,right_Healthy_sub-36737_hippocampus_rh_aligned.nii.gz,right_Healthy_sub-36737_hippocampus_rh_aligned_SPHARM.vtk,train/SPHARM_RIGHT/spharm_results/right_Healthy_sub-36737_hippocampus_rh_aligned_SPHARM.vtk,SPHARM/SPHARM_RIGHT/spharm_status_shard1.json
sub-36866,train,right,train_right,passed,1,Healthy,TLE,Left_TLE,1,1,right_Healthy_sub-36866_hippocampus_rh_aligned.nii.gz,right_Healthy_sub-36866_hippocampus_rh_aligned_SPHARM.vtk,train/SPHARM_RIGHT/spharm_results/right_Healthy_sub-36866_hippocampus_rh_aligned_SPHARM.vtk,SPHARM/SPHARM_RIGHT/spharm_status_shard2.json
sub-37,train,right,train_right,passed,1,Healthy,TLE,Left_TLE,1,1,right_Healthy_sub-37_hippocampus_rh_aligned.nii.gz,right_Healthy_sub-37_hippocampus_rh_aligned_SPHARM.vtk,train/SPHARM_RIGHT/spharm_results/right_Healthy_sub-37_hippocampus_rh_aligned_SPHARM.vtk,SPHARM/SPHARM_RIGHT/spharm_status_shard0.json
sub-37117,train,right,train_right,passed,1,Healthy,Control,Control,1,1,right_Healthy_sub-37117_hippocampus_rh_aligned.nii.gz,right_Healthy_sub-37117_hippocampus_rh_aligned_SPHARM.vtk,train/SPHARM_RIGHT/spharm_results/right_Healthy_sub-37117_hippocampus_rh_aligned_SPHARM.vtk,SPHARM/SPHARM_RIGHT/spharm_status_shard1.json
sub-37130,train,right,train_right,passed,1,TLE,TLE,Right_TLE,1,1,right_TLE_sub-37130_hippocampus_rh_aligned.nii.gz,right_TLE_sub-37130_hippocampus_rh_aligned_SPHARM.vtk,train/SPHARM_RIGHT/spharm_results/right_TLE_sub-37130_hippocampus_rh_aligned_SPHARM.vtk,SPHARM/SPHARM_RIGHT/spharm_status_shard0.json
sub-37149,train,right,train_right,failed,0,Healthy,Control,Control,0,0,right_Healthy_sub-37149_hippocampus_rh_aligned.nii.gz,right_Healthy_sub-37149_hippocampus_rh_aligned_SPHARM.vtk,,SPHARM/SPHARM_RIGHT/spharm_status_shard2.json
sub-372,train,right,train_right,passed,1,Healthy,TLE,Left_TLE,1,1,right_Healthy_sub-372_hippocampus_rh_aligned.nii.gz,right_Healthy_sub-372_hippocampus_rh_aligned_SPHARM.vtk,train/SPHARM_RIGHT/spharm_results/right_Healthy_sub-372_hippocampus_rh_aligned_SPHARM.vtk,SPHARM/SPHARM_RIGHT/spharm_status_shard0.json
sub-37289,train,right,train_right,passed,1,Healthy,Control,Control,1,1,right_Healthy_sub-37289_hippocampus_rh_aligned.nii.gz,right_Healthy_sub-37289_hippocampus_rh_aligned_SPHARM.vtk,train/SPHARM_RIGHT/spharm_results/right_Healthy_sub-37289_hippocampus_rh_aligned_SPHARM.vtk,SPHARM/SPHARM_RIGHT/spharm_status_shard3.json
sub-374,train,right,train_right,passed,1,TLE,TLE,Right_TLE,1,1,right_TLE_sub-374_hippocampus_rh_aligned.nii.gz,right_TLE_sub-374_hippocampus_rh_aligned_SPHARM.vtk,train/SPHARM_RIGHT/spharm_results/right_TLE_sub-374_hippocampus_rh_aligned_SPHARM.vtk,SPHARM/SPHARM_RIGHT/spharm_status_shard1.json
sub-375,train,right,train_right,passed,1,Healthy,TLE,Left_TLE,1,1,right_Healthy_sub-375_hippocampus_rh_aligned.nii.gz,right_Healthy_sub-375_hippocampus_rh_aligned_SPHARM.vtk,train/SPHARM_RIGHT/spharm_results/right_Healthy_sub-375_hippocampus_rh_aligned_SPHARM.vtk,SPHARM/SPHARM_RIGHT/spharm_status_shard2.json
sub-376,train,right,train_right,passed,1,TLE,TLE,Right_TLE,1,1,right_TLE_sub-376_hippocampus_rh_aligned.nii.gz,right_TLE_sub-376_hippocampus_rh_aligned_SPHARM.vtk,train/SPHARM_RIGHT/spharm_results/right_TLE_sub-376_hippocampus_rh_aligned_SPHARM.vtk,SPHARM/SPHARM_RIGHT/spharm_status_shard2.json
sub-377,train,right,train_right,passed,1,TLE,TLE,Right_TLE,1,1,right_TLE_sub-377_hippocampus_rh_aligned.nii.gz,right_TLE_sub-377_hippocampus_rh_aligned_SPHARM.vtk,train/SPHARM_RIGHT/spharm_results/right_TLE_sub-377_hippocampus_rh_aligned_SPHARM.vtk,SPHARM/SPHARM_RIGHT/spharm_status_shard3.json
sub-379,train,right,train_right,passed,1,Healthy,TLE,Left_TLE,1,1,right_Healthy_sub-379_hippocampus_rh_aligned.nii.gz,right_Healthy_sub-379_hippocampus_rh_aligned_SPHARM.vtk,train/SPHARM_RIGHT/spharm_results/right_Healthy_sub-379_hippocampus_rh_aligned_SPHARM.vtk,SPHARM/SPHARM_RIGHT/spharm_status_shard3.json
sub-380,train,right,train_right,passed,1,TLE,TLE,Right_TLE,1,1,right_TLE_sub-380_hippocampus_rh_aligned.nii.gz,right_TLE_sub-380_hippocampus_rh_aligned_SPHARM.vtk,train/SPHARM_RIGHT/spharm_results/right_TLE_sub-380_hippocampus_rh_aligned_SPHARM.vtk,SPHARM/SPHARM_RIGHT/spharm_status_shard0.json
sub-382,train,right,train_right,passed,1,TLE,TLE,Right_TLE,1,1,right_TLE_sub-382_hippocampus_rh_aligned.nii.gz,right_TLE_sub-382_hippocampus_rh_aligned_SPHARM.vtk,train/SPHARM_RIGHT/spharm_results/right_TLE_sub-382_hippocampus_rh_aligned_SPHARM.vtk,SPHARM/SPHARM_RIGHT/spharm_status_shard1.json
sub-385,train,right,train_right,passed,1,TLE,TLE,Right_TLE,1,1,right_TLE_sub-385_hippocampus_rh_aligned.nii.gz,right_TLE_sub-385_hippocampus_rh_aligned_SPHARM.vtk,train/SPHARM_RIGHT/spharm_results/right_TLE_sub-385_hippocampus_rh_aligned_SPHARM.vtk,SPHARM/SPHARM_RIGHT/spharm_status_shard2.json
sub-387,train,right,train_right,passed,1,Healthy,TLE,Left_TLE,1,1,right_Healthy_sub-387_hippocampus_rh_aligned.nii.gz,right_Healthy_sub-387_hippocampus_rh_aligned_SPHARM.vtk,train/SPHARM_RIGHT/spharm_results/right_Healthy_sub-387_hippocampus_rh_aligned_SPHARM.vtk,SPHARM/SPHARM_RIGHT/spharm_status_shard1.json
sub-388,train,right,train_right,passed,1,Healthy,TLE,Left_TLE,1,1,right_Healthy_sub-388_hippocampus_rh_aligned.nii.gz,right_Healthy_sub-388_hippocampus_rh_aligned_SPHARM.vtk,train/SPHARM_RIGHT/spharm_results/right_Healthy_sub-388_hippocampus_rh_aligned_SPHARM.vtk,SPHARM/SPHARM_RIGHT/spharm_status_shard2.json
sub-389,train,right,train_right,passed,1,Healthy,TLE,Left_TLE,1,1,right_Healthy_sub-389_hippocampus_rh_aligned.nii.gz,right_Healthy_sub-389_hippocampus_rh_aligned_SPHARM.vtk,train/SPHARM_RIGHT/spharm_results/right_Healthy_sub-389_hippocampus_rh_aligned_SPHARM.vtk,SPHARM/SPHARM_RIGHT/spharm_status_shard3.json
sub-39,train,right,train_right,passed,1,Healthy,TLE,Left_TLE,1,1,right_Healthy_sub-39_hippocampus_rh_aligned.nii.gz,right_Healthy_sub-39_hippocampus_rh_aligned_SPHARM.vtk,train/SPHARM_RIGHT/spharm_results/right_Healthy_sub-39_hippocampus_rh_aligned_SPHARM.vtk,SPHARM/SPHARM_RIGHT/spharm_status_shard2.json
sub-399,train,right,train_right,passed,1,TLE,TLE,Right_TLE,1,1,right_TLE_sub-399_hippocampus_rh_aligned.nii.gz,right_TLE_sub-399_hippocampus_rh_aligned_SPHARM.vtk,train/SPHARM_RIGHT/spharm_results/right_TLE_sub-399_hippocampus_rh_aligned_SPHARM.vtk,SPHARM/SPHARM_RIGHT/spharm_status_shard1.json
sub-40,train,right,train_right,passed,1,TLE,TLE,Right_TLE,1,1,right_TLE_sub-40_hippocampus_rh_aligned.nii.gz,right_TLE_sub-40_hippocampus_rh_aligned_SPHARM.vtk,train/SPHARM_RIGHT/spharm_results/right_TLE_sub-40_hippocampus_rh_aligned_SPHARM.vtk,SPHARM/SPHARM_RIGHT/spharm_status_shard3.json
sub-400,train,right,train_right,passed,1,TLE,TLE,Right_TLE,1,1,right_TLE_sub-400_hippocampus_rh_aligned.nii.gz,right_TLE_sub-400_hippocampus_rh_aligned_SPHARM.vtk,train/SPHARM_RIGHT/spharm_results/right_TLE_sub-400_hippocampus_rh_aligned_SPHARM.vtk,SPHARM/SPHARM_RIGHT/spharm_status_shard2.json
sub-4001,train,right,train_right,passed,1,Healthy,Control,Control,1,1,right_Healthy_sub-4001_hippocampus_rh_aligned.nii.gz,right_Healthy_sub-4001_hippocampus_rh_aligned_SPHARM.vtk,train/SPHARM_RIGHT/spharm_results/right_Healthy_sub-4001_hippocampus_rh_aligned_SPHARM.vtk,SPHARM/SPHARM_RIGHT/spharm_status_shard3.json
sub-4003,train,right,train_right,passed,1,Healthy,Control,Control,1,1,right_Healthy_sub-4003_hippocampus_rh_aligned.nii.gz,right_Healthy_sub-4003_hippocampus_rh_aligned_SPHARM.vtk,train/SPHARM_RIGHT/spharm_results/right_Healthy_sub-4003_hippocampus_rh_aligned_SPHARM.vtk,SPHARM/SPHARM_RIGHT/spharm_status_shard1.json
sub-4004,train,right,train_right,passed,1,Healthy,Control,Control,1,1,right_Healthy_sub-4004_hippocampus_rh_aligned.nii.gz,right_Healthy_sub-4004_hippocampus_rh_aligned_SPHARM.vtk,train/SPHARM_RIGHT/spharm_results/right_Healthy_sub-4004_hippocampus_rh_aligned_SPHARM.vtk,SPHARM/SPHARM_RIGHT/spharm_status_shard2.json
sub-4006,train,right,train_right,passed,1,Healthy,Control,Control,1,1,right_Healthy_sub-4006_hippocampus_rh_aligned.nii.gz,right_Healthy_sub-4006_hippocampus_rh_aligned_SPHARM.vtk,train/SPHARM_RIGHT/spharm_results/right_Healthy_sub-4006_hippocampus_rh_aligned_SPHARM.vtk,SPHARM/SPHARM_RIGHT/spharm_status_shard0.json
sub-4007,train,right,train_right,passed,1,Healthy,Control,Control,1,1,right_Healthy_sub-4007_hippocampus_rh_aligned.nii.gz,right_Healthy_sub-4007_hippocampus_rh_aligned_SPHARM.vtk,train/SPHARM_RIGHT/spharm_results/right_Healthy_sub-4007_hippocampus_rh_aligned_SPHARM.vtk,SPHARM/SPHARM_RIGHT/spharm_status_shard1.json
sub-4008,train,right,train_right,passed,1,Healthy,Control,Control,1,1,right_Healthy_sub-4008_hippocampus_rh_aligned.nii.gz,right_Healthy_sub-4008_hippocampus_rh_aligned_SPHARM.vtk,train/SPHARM_RIGHT/spharm_results/right_Healthy_sub-4008_hippocampus_rh_aligned_SPHARM.vtk,SPHARM/SPHARM_RIGHT/spharm_status_shard2.json
sub-4009,train,right,train_right,passed,1,Healthy,Control,Control,1,1,right_Healthy_sub-4009_hippocampus_rh_aligned.nii.gz,right_Healthy_sub-4009_hippocampus_rh_aligned_SPHARM.vtk,train/SPHARM_RIGHT/spharm_results/right_Healthy_sub-4009_hippocampus_rh_aligned_SPHARM.vtk,SPHARM/SPHARM_RIGHT/spharm_status_shard3.json
sub-401,train,right,train_right,passed,1,Healthy,TLE,Left_TLE,1,1,right_Healthy_sub-401_hippocampus_rh_aligned.nii.gz,right_Healthy_sub-401_hippocampus_rh_aligned_SPHARM.vtk,train/SPHARM_RIGHT/spharm_results/right_Healthy_sub-401_hippocampus_rh_aligned_SPHARM.vtk,SPHARM/SPHARM_RIGHT/spharm_status_shard2.json
sub-4010,train,right,train_right,passed,1,Healthy,Control,Control,1,1,right_Healthy_sub-4010_hippocampus_rh_aligned.nii.gz,right_Healthy_sub-4010_hippocampus_rh_aligned_SPHARM.vtk,train/SPHARM_RIGHT/spharm_results/right_Healthy_sub-4010_hippocampus_rh_aligned_SPHARM.vtk,SPHARM/SPHARM_RIGHT/spharm_status_shard0.json
sub-4011,train,right,train_right,passed,1,Healthy,Control,Control,1,1,right_Healthy_sub-4011_hippocampus_rh_aligned.nii.gz,right_Healthy_sub-4011_hippocampus_rh_aligned_SPHARM.vtk,train/SPHARM_RIGHT/spharm_results/right_Healthy_sub-4011_hippocampus_rh_aligned_SPHARM.vtk,SPHARM/SPHARM_RIGHT/spharm_status_shard1.json
sub-4012,train,right,train_right,passed,1,Healthy,Control,Control,1,1,right_Healthy_sub-4012_hippocampus_rh_aligned.nii.gz,right_Healthy_sub-4012_hippocampus_rh_aligned_SPHARM.vtk,train/SPHARM_RIGHT/spharm_results/right_Healthy_sub-4012_hippocampus_rh_aligned_SPHARM.vtk,SPHARM/SPHARM_RIGHT/spharm_status_shard2.json
sub-4013,train,right,train_right,passed,1,Healthy,Control,Control,1,1,right_Healthy_sub-4013_hippocampus_rh_aligned.nii.gz,right_Healthy_sub-4013_hippocampus_rh_aligned_SPHARM.vtk,train/SPHARM_RIGHT/spharm_results/right_Healthy_sub-4013_hippocampus_rh_aligned_SPHARM.vtk,SPHARM/SPHARM_RIGHT/spharm_status_shard3.json
sub-4014,train,right,train_right,passed,1,Healthy,Control,Control,1,1,right_Healthy_sub-4014_hippocampus_rh_aligned.nii.gz,right_Healthy_sub-4014_hippocampus_rh_aligned_SPHARM.vtk,train/SPHARM_RIGHT/spharm_results/right_Healthy_sub-4014_hippocampus_rh_aligned_SPHARM.vtk,SPHARM/SPHARM_RIGHT/spharm_status_shard0.json
sub-4015,train,right,train_right,passed,1,Healthy,Control,Control,1,1,right_Healthy_sub-4015_hippocampus_rh_aligned.nii.gz,right_Healthy_sub-4015_hippocampus_rh_aligned_SPHARM.vtk,train/SPHARM_RIGHT/spharm_results/right_Healthy_sub-4015_hippocampus_rh_aligned_SPHARM.vtk,SPHARM/SPHARM_RIGHT/spharm_status_shard1.json
sub-4018,train,right,train_right,passed,1,Healthy,Control,Control,1,1,right_Healthy_sub-4018_hippocampus_rh_aligned.nii.gz,right_Healthy_sub-4018_hippocampus_rh_aligned_SPHARM.vtk,train/SPHARM_RIGHT/spharm_results/right_Healthy_sub-4018_hippocampus_rh_aligned_SPHARM.vtk,SPHARM/SPHARM_RIGHT/spharm_status_shard0.json
sub-4019,train,right,train_right,passed,1,Healthy,Control,Control,1,1,right_Healthy_sub-4019_hippocampus_rh_aligned.nii.gz,right_Healthy_sub-4019_hippocampus_rh_aligned_SPHARM.vtk,train/SPHARM_RIGHT/spharm_results/right_Healthy_sub-4019_hippocampus_rh_aligned_SPHARM.vtk,SPHARM/SPHARM_RIGHT/spharm_status_shard1.json
sub-402,train,right,train_right,passed,1,TLE,TLE,Right_TLE,1,1,right_TLE_sub-402_hippocampus_rh_aligned.nii.gz,right_TLE_sub-402_hippocampus_rh_aligned_SPHARM.vtk,train/SPHARM_RIGHT/spharm_results/right_TLE_sub-402_hippocampus_rh_aligned_SPHARM.vtk,SPHARM/SPHARM_RIGHT/spharm_status_shard3.json
sub-4020,train,right,train_right,passed,1,Healthy,Control,Control,1,1,right_Healthy_sub-4020_hippocampus_rh_aligned.nii.gz,right_Healthy_sub-4020_hippocampus_rh_aligned_SPHARM.vtk,train/SPHARM_RIGHT/spharm_results/right_Healthy_sub-4020_hippocampus_rh_aligned_SPHARM.vtk,SPHARM/SPHARM_RIGHT/spharm_status_shard3.json
sub-4021,train,right,train_right,passed,1,Healthy,Control,Control,1,1,right_Healthy_sub-4021_hippocampus_rh_aligned.nii.gz,right_Healthy_sub-4021_hippocampus_rh_aligned_SPHARM.vtk,train/SPHARM_RIGHT/spharm_results/right_Healthy_sub-4021_hippocampus_rh_aligned_SPHARM.vtk,SPHARM/SPHARM_RIGHT/spharm_status_shard0.json
sub-4022,train,right,train_right,passed,1,Healthy,Control,Control,1,1,right_Healthy_sub-4022_hippocampus_rh_aligned.nii.gz,right_Healthy_sub-4022_hippocampus_rh_aligned_SPHARM.vtk,train/SPHARM_RIGHT/spharm_results/right_Healthy_sub-4022_hippocampus_rh_aligned_SPHARM.vtk,SPHARM/SPHARM_RIGHT/spharm_status_shard1.json
sub-4023,train,right,train_right,passed,1,Healthy,Control,Control,1,1,right_Healthy_sub-4023_hippocampus_rh_aligned.nii.gz,right_Healthy_sub-4023_hippocampus_rh_aligned_SPHARM.vtk,train/SPHARM_RIGHT/spharm_results/right_Healthy_sub-4023_hippocampus_rh_aligned_SPHARM.vtk,SPHARM/SPHARM_RIGHT/spharm_status_shard2.json
sub-4024,train,right,train_right,passed,1,Healthy,Control,Control,1,1,right_Healthy_sub-4024_hippocampus_rh_aligned.nii.gz,right_Healthy_sub-4024_hippocampus_rh_aligned_SPHARM.vtk,train/SPHARM_RIGHT/spharm_results/right_Healthy_sub-4024_hippocampus_rh_aligned_SPHARM.vtk,SPHARM/SPHARM_RIGHT/spharm_status_shard3.json
sub-4025,train,right,train_right,passed,1,Healthy,Control,Control,1,1,right_Healthy_sub-4025_hippocampus_rh_aligned.nii.gz,right_Healthy_sub-4025_hippocampus_rh_aligned_SPHARM.vtk,train/SPHARM_RIGHT/spharm_results/right_Healthy_sub-4025_hippocampus_rh_aligned_SPHARM.vtk,SPHARM/SPHARM_RIGHT/spharm_status_shard0.json
sub-4026,train,right,train_right,passed,1,Healthy,Control,Control,1,1,right_Healthy_sub-4026_hippocampus_rh_aligned.nii.gz,right_Healthy_sub-4026_hippocampus_rh_aligned_SPHARM.vtk,train/SPHARM_RIGHT/spharm_results/right_Healthy_sub-4026_hippocampus_rh_aligned_SPHARM.vtk,SPHARM/SPHARM_RIGHT/spharm_status_shard1.json
sub-4027,train,right,train_right,passed,1,Healthy,Control,Control,1,1,right_Healthy_sub-4027_hippocampus_rh_aligned.nii.gz,right_Healthy_sub-4027_hippocampus_rh_aligned_SPHARM.vtk,train/SPHARM_RIGHT/spharm_results/right_Healthy_sub-4027_hippocampus_rh_aligned_SPHARM.vtk,SPHARM/SPHARM_RIGHT/spharm_status_shard2.json
sub-4028,train,right,train_right,passed,1,Healthy,Control,Control,1,1,right_Healthy_sub-4028_hippocampus_rh_aligned.nii.gz,right_Healthy_sub-4028_hippocampus_rh_aligned_SPHARM.vtk,train/SPHARM_RIGHT/spharm_results/right_Healthy_sub-4028_hippocampus_rh_aligned_SPHARM.vtk,SPHARM/SPHARM_RIGHT/spharm_status_shard3.json
sub-4030,train,right,train_right,passed,1,Healthy,Control,Control,1,1,right_Healthy_sub-4030_hippocampus_rh_aligned.nii.gz,right_Healthy_sub-4030_hippocampus_rh_aligned_SPHARM.vtk,train/SPHARM_RIGHT/spharm_results/right_Healthy_sub-4030_hippocampus_rh_aligned_SPHARM.vtk,SPHARM/SPHARM_RIGHT/spharm_status_shard1.json
sub-4031,train,right,train_right,passed,1,Healthy,Control,Control,1,1,right_Healthy_sub-4031_hippocampus_rh_aligned.nii.gz,right_Healthy_sub-4031_hippocampus_rh_aligned_SPHARM.vtk,train/SPHARM_RIGHT/spharm_results/right_Healthy_sub-4031_hippocampus_rh_aligned_SPHARM.vtk,SPHARM/SPHARM_RIGHT/spharm_status_shard2.json
sub-4033,train,right,train_right,passed,1,Healthy,Control,Control,1,1,right_Healthy_sub-4033_hippocampus_rh_aligned.nii.gz,right_Healthy_sub-4033_hippocampus_rh_aligned_SPHARM.vtk,train/SPHARM_RIGHT/spharm_results/right_Healthy_sub-4033_hippocampus_rh_aligned_SPHARM.vtk,SPHARM/SPHARM_RIGHT/spharm_status_shard0.json
sub-4034,train,right,train_right,passed,1,Healthy,Control,Control,1,1,right_Healthy_sub-4034_hippocampus_rh_aligned.nii.gz,right_Healthy_sub-4034_hippocampus_rh_aligned_SPHARM.vtk,train/SPHARM_RIGHT/spharm_results/right_Healthy_sub-4034_hippocampus_rh_aligned_SPHARM.vtk,SPHARM/SPHARM_RIGHT/spharm_status_shard1.json
sub-4035,train,right,train_right,passed,1,Healthy,Control,Control,1,1,right_Healthy_sub-4035_hippocampus_rh_aligned.nii.gz,right_Healthy_sub-4035_hippocampus_rh_aligned_SPHARM.vtk,train/SPHARM_RIGHT/spharm_results/right_Healthy_sub-4035_hippocampus_rh_aligned_SPHARM.vtk,SPHARM/SPHARM_RIGHT/spharm_status_shard2.json
sub-4036,train,right,train_right,passed,1,Healthy,Control,Control,1,1,right_Healthy_sub-4036_hippocampus_rh_aligned.nii.gz,right_Healthy_sub-4036_hippocampus_rh_aligned_SPHARM.vtk,train/SPHARM_RIGHT/spharm_results/right_Healthy_sub-4036_hippocampus_rh_aligned_SPHARM.vtk,SPHARM/SPHARM_RIGHT/spharm_status_shard3.json
sub-4037,train,right,train_right,passed,1,Healthy,Control,Control,1,1,right_Healthy_sub-4037_hippocampus_rh_aligned.nii.gz,right_Healthy_sub-4037_hippocampus_rh_aligned_SPHARM.vtk,train/SPHARM_RIGHT/spharm_results/right_Healthy_sub-4037_hippocampus_rh_aligned_SPHARM.vtk,SPHARM/SPHARM_RIGHT/spharm_status_shard0.json
sub-4038,train,right,train_right,passed,1,Healthy,Control,Control,1,1,right_Healthy_sub-4038_hippocampus_rh_aligned.nii.gz,right_Healthy_sub-4038_hippocampus_rh_aligned_SPHARM.vtk,train/SPHARM_RIGHT/spharm_results/right_Healthy_sub-4038_hippocampus_rh_aligned_SPHARM.vtk,SPHARM/SPHARM_RIGHT/spharm_status_shard1.json
sub-4039,train,right,train_right,passed,1,Healthy,Control,Control,1,1,right_Healthy_sub-4039_hippocampus_rh_aligned.nii.gz,right_Healthy_sub-4039_hippocampus_rh_aligned_SPHARM.vtk,train/SPHARM_RIGHT/spharm_results/right_Healthy_sub-4039_hippocampus_rh_aligned_SPHARM.vtk,SPHARM/SPHARM_RIGHT/spharm_status_shard2.json
sub-4041,train,right,train_right,passed,1,Healthy,Control,Control,1,1,right_Healthy_sub-4041_hippocampus_rh_aligned.nii.gz,right_Healthy_sub-4041_hippocampus_rh_aligned_SPHARM.vtk,train/SPHARM_RIGHT/spharm_results/right_Healthy_sub-4041_hippocampus_rh_aligned_SPHARM.vtk,SPHARM/SPHARM_RIGHT/spharm_status_shard0.json
sub-4042,train,right,train_right,passed,1,Healthy,Control,Control,1,1,right_Healthy_sub-4042_hippocampus_rh_aligned.nii.gz,right_Healthy_sub-4042_hippocampus_rh_aligned_SPHARM.vtk,train/SPHARM_RIGHT/spharm_results/right_Healthy_sub-4042_hippocampus_rh_aligned_SPHARM.vtk,SPHARM/SPHARM_RIGHT/spharm_status_shard1.json
sub-4043,train,right,train_right,passed,1,Healthy,Control,Control,1,1,right_Healthy_sub-4043_hippocampus_rh_aligned.nii.gz,right_Healthy_sub-4043_hippocampus_rh_aligned_SPHARM.vtk,train/SPHARM_RIGHT/spharm_results/right_Healthy_sub-4043_hippocampus_rh_aligned_SPHARM.vtk,SPHARM/SPHARM_RIGHT/spharm_status_shard2.json
sub-4044,train,right,train_right,passed,1,Healthy,Control,Control,1,1,right_Healthy_sub-4044_hippocampus_rh_aligned.nii.gz,right_Healthy_sub-4044_hippocampus_rh_aligned_SPHARM.vtk,train/SPHARM_RIGHT/spharm_results/right_Healthy_sub-4044_hippocampus_rh_aligned_SPHARM.vtk,SPHARM/SPHARM_RIGHT/spharm_status_shard3.json
sub-4045,train,right,train_right,passed,1,Healthy,Control,Control,1,1,right_Healthy_sub-4045_hippocampus_rh_aligned.nii.gz,right_Healthy_sub-4045_hippocampus_rh_aligned_SPHARM.vtk,train/SPHARM_RIGHT/spharm_results/right_Healthy_sub-4045_hippocampus_rh_aligned_SPHARM.vtk,SPHARM/SPHARM_RIGHT/spharm_status_shard0.json
sub-4046,train,right,train_right,passed,1,Healthy,Control,Control,1,1,right_Healthy_sub-4046_hippocampus_rh_aligned.nii.gz,right_Healthy_sub-4046_hippocampus_rh_aligned_SPHARM.vtk,train/SPHARM_RIGHT/spharm_results/right_Healthy_sub-4046_hippocampus_rh_aligned_SPHARM.vtk,SPHARM/SPHARM_RIGHT/spharm_status_shard1.json
sub-4047,train,right,train_right,passed,1,Healthy,Control,Control,1,1,right_Healthy_sub-4047_hippocampus_rh_aligned.nii.gz,right_Healthy_sub-4047_hippocampus_rh_aligned_SPHARM.vtk,train/SPHARM_RIGHT/spharm_results/right_Healthy_sub-4047_hippocampus_rh_aligned_SPHARM.vtk,SPHARM/SPHARM_RIGHT/spharm_status_shard2.json
sub-4048,train,right,train_right,passed,1,Healthy,Control,Control,1,1,right_Healthy_sub-4048_hippocampus_rh_aligned.nii.gz,right_Healthy_sub-4048_hippocampus_rh_aligned_SPHARM.vtk,train/SPHARM_RIGHT/spharm_results/right_Healthy_sub-4048_hippocampus_rh_aligned_SPHARM.vtk,SPHARM/SPHARM_RIGHT/spharm_status_shard3.json
sub-4049,train,right,train_right,passed,1,Healthy,Control,Control,1,1,right_Healthy_sub-4049_hippocampus_rh_aligned.nii.gz,right_Healthy_sub-4049_hippocampus_rh_aligned_SPHARM.vtk,train/SPHARM_RIGHT/spharm_results/right_Healthy_sub-4049_hippocampus_rh_aligned_SPHARM.vtk,SPHARM/SPHARM_RIGHT/spharm_status_shard0.json
sub-405,train,right,train_right,failed,0,TLE,TLE,Right_TLE,0,0,right_TLE_sub-405_hippocampus_rh_aligned.nii.gz,right_TLE_sub-405_hippocampus_rh_aligned_SPHARM.vtk,,SPHARM/SPHARM_RIGHT/spharm_status_shard1.json
sub-4051,train,right,train_right,passed,1,Healthy,Control,Control,1,1,right_Healthy_sub-4051_hippocampus_rh_aligned.nii.gz,right_Healthy_sub-4051_hippocampus_rh_aligned_SPHARM.vtk,train/SPHARM_RIGHT/spharm_results/right_Healthy_sub-4051_hippocampus_rh_aligned_SPHARM.vtk,SPHARM/SPHARM_RIGHT/spharm_status_shard2.json
sub-4052,train,right,train_right,passed,1,Healthy,Control,Control,1,1,right_Healthy_sub-4052_hippocampus_rh_aligned.nii.gz,right_Healthy_sub-4052_hippocampus_rh_aligned_SPHARM.vtk,train/SPHARM_RIGHT/spharm_results/right_Healthy_sub-4052_hippocampus_rh_aligned_SPHARM.vtk,SPHARM/SPHARM_RIGHT/spharm_status_shard3.json
sub-4053,train,right,train_right,passed,1,Healthy,Control,Control,1,1,right_Healthy_sub-4053_hippocampus_rh_aligned.nii.gz,right_Healthy_sub-4053_hippocampus_rh_aligned_SPHARM.vtk,train/SPHARM_RIGHT/spharm_results/right_Healthy_sub-4053_hippocampus_rh_aligned_SPHARM.vtk,SPHARM/SPHARM_RIGHT/spharm_status_shard0.json
sub-4054,train,right,train_right,passed,1,Healthy,Control,Control,1,1,right_Healthy_sub-4054_hippocampus_rh_aligned.nii.gz,right_Healthy_sub-4054_hippocampus_rh_aligned_SPHARM.vtk,train/SPHARM_RIGHT/spharm_results/right_Healthy_sub-4054_hippocampus_rh_aligned_SPHARM.vtk,SPHARM/SPHARM_RIGHT/spharm_status_shard1.json
sub-4055,train,right,train_right,passed,1,Healthy,Control,Control,1,1,right_Healthy_sub-4055_hippocampus_rh_aligned.nii.gz,right_Healthy_sub-4055_hippocampus_rh_aligned_SPHARM.vtk,train/SPHARM_RIGHT/spharm_results/right_Healthy_sub-4055_hippocampus_rh_aligned_SPHARM.vtk,SPHARM/SPHARM_RIGHT/spharm_status_shard2.json
sub-4056,train,right,train_right,passed,1,Healthy,Control,Control,1,1,right_Healthy_sub-4056_hippocampus_rh_aligned.nii.gz,right_Healthy_sub-4056_hippocampus_rh_aligned_SPHARM.vtk,train/SPHARM_RIGHT/spharm_results/right_Healthy_sub-4056_hippocampus_rh_aligned_SPHARM.vtk,SPHARM/SPHARM_RIGHT/spharm_status_shard3.json
sub-4057,train,right,train_right,passed,1,Healthy,Control,Control,1,1,right_Healthy_sub-4057_hippocampus_rh_aligned.nii.gz,right_Healthy_sub-4057_hippocampus_rh_aligned_SPHARM.vtk,train/SPHARM_RIGHT/spharm_results/right_Healthy_sub-4057_hippocampus_rh_aligned_SPHARM.vtk,SPHARM/SPHARM_RIGHT/spharm_status_shard0.json
sub-4058,train,right,train_right,passed,1,Healthy,Control,Control,1,1,right_Healthy_sub-4058_hippocampus_rh_aligned.nii.gz,right_Healthy_sub-4058_hippocampus_rh_aligned_SPHARM.vtk,train/SPHARM_RIGHT/spharm_results/right_Healthy_sub-4058_hippocampus_rh_aligned_SPHARM.vtk,SPHARM/SPHARM_RIGHT/spharm_status_shard1.json
sub-4060,train,right,train_right,passed,1,Healthy,Control,Control,1,1,right_Healthy_sub-4060_hippocampus_rh_aligned.nii.gz,right_Healthy_sub-4060_hippocampus_rh_aligned_SPHARM.vtk,train/SPHARM_RIGHT/spharm_results/right_Healthy_sub-4060_hippocampus_rh_aligned_SPHARM.vtk,SPHARM/SPHARM_RIGHT/spharm_status_shard3.json
sub-4061,train,right,train_right,passed,1,Healthy,Control,Control,1,1,right_Healthy_sub-4061_hippocampus_rh_aligned.nii.gz,right_Healthy_sub-4061_hippocampus_rh_aligned_SPHARM.vtk,train/SPHARM_RIGHT/spharm_results/right_Healthy_sub-4061_hippocampus_rh_aligned_SPHARM.vtk,SPHARM/SPHARM_RIGHT/spharm_status_shard0.json
sub-4063,train,right,train_right,passed,1,Healthy,Control,Control,1,1,right_Healthy_sub-4063_hippocampus_rh_aligned.nii.gz,right_Healthy_sub-4063_hippocampus_rh_aligned_SPHARM.vtk,train/SPHARM_RIGHT/spharm_results/right_Healthy_sub-4063_hippocampus_rh_aligned_SPHARM.vtk,SPHARM/SPHARM_RIGHT/spharm_status_shard2.json
sub-4064,train,right,train_right,passed,1,Healthy,Control,Control,1,1,right_Healthy_sub-4064_hippocampus_rh_aligned.nii.gz,right_Healthy_sub-4064_hippocampus_rh_aligned_SPHARM.vtk,train/SPHARM_RIGHT/spharm_results/right_Healthy_sub-4064_hippocampus_rh_aligned_SPHARM.vtk,SPHARM/SPHARM_RIGHT/spharm_status_shard3.json
sub-4065,train,right,train_right,passed,1,Healthy,Control,Control,1,1,right_Healthy_sub-4065_hippocampus_rh_aligned.nii.gz,right_Healthy_sub-4065_hippocampus_rh_aligned_SPHARM.vtk,train/SPHARM_RIGHT/spharm_results/right_Healthy_sub-4065_hippocampus_rh_aligned_SPHARM.vtk,SPHARM/SPHARM_RIGHT/spharm_status_shard0.json
sub-4067,train,right,train_right,passed,1,Healthy,Control,Control,1,1,right_Healthy_sub-4067_hippocampus_rh_aligned.nii.gz,right_Healthy_sub-4067_hippocampus_rh_aligned_SPHARM.vtk,train/SPHARM_RIGHT/spharm_results/right_Healthy_sub-4067_hippocampus_rh_aligned_SPHARM.vtk,SPHARM/SPHARM_RIGHT/spharm_status_shard2.json
sub-4068,train,right,train_right,passed,1,Healthy,Control,Control,1,1,right_Healthy_sub-4068_hippocampus_rh_aligned.nii.gz,right_Healthy_sub-4068_hippocampus_rh_aligned_SPHARM.vtk,train/SPHARM_RIGHT/spharm_results/right_Healthy_sub-4068_hippocampus_rh_aligned_SPHARM.vtk,SPHARM/SPHARM_RIGHT/spharm_status_shard3.json
sub-4069,train,right,train_right,passed,1,Healthy,Control,Control,1,1,right_Healthy_sub-4069_hippocampus_rh_aligned.nii.gz,right_Healthy_sub-4069_hippocampus_rh_aligned_SPHARM.vtk,train/SPHARM_RIGHT/spharm_results/right_Healthy_sub-4069_hippocampus_rh_aligned_SPHARM.vtk,SPHARM/SPHARM_RIGHT/spharm_status_shard0.json
sub-407,train,right,train_right,passed,1,Healthy,TLE,Left_TLE,1,1,right_Healthy_sub-407_hippocampus_rh_aligned.nii.gz,right_Healthy_sub-407_hippocampus_rh_aligned_SPHARM.vtk,train/SPHARM_RIGHT/spharm_results/right_Healthy_sub-407_hippocampus_rh_aligned_SPHARM.vtk,SPHARM/SPHARM_RIGHT/spharm_status_shard3.json
sub-4072,train,right,train_right,passed,1,Healthy,Control,Control,1,1,right_Healthy_sub-4072_hippocampus_rh_aligned.nii.gz,right_Healthy_sub-4072_hippocampus_rh_aligned_SPHARM.vtk,train/SPHARM_RIGHT/spharm_results/right_Healthy_sub-4072_hippocampus_rh_aligned_SPHARM.vtk,SPHARM/SPHARM_RIGHT/spharm_status_shard3.json
sub-4076,train,right,train_right,passed,1,Healthy,Control,Control,1,1,right_Healthy_sub-4076_hippocampus_rh_aligned.nii.gz,right_Healthy_sub-4076_hippocampus_rh_aligned_SPHARM.vtk,train/SPHARM_RIGHT/spharm_results/right_Healthy_sub-4076_hippocampus_rh_aligned_SPHARM.vtk,SPHARM/SPHARM_RIGHT/spharm_status_shard3.json
sub-4077,train,right,train_right,passed,1,Healthy,Control,Control,1,1,right_Healthy_sub-4077_hippocampus_rh_aligned.nii.gz,right_Healthy_sub-4077_hippocampus_rh_aligned_SPHARM.vtk,train/SPHARM_RIGHT/spharm_results/right_Healthy_sub-4077_hippocampus_rh_aligned_SPHARM.vtk,SPHARM/SPHARM_RIGHT/spharm_status_shard0.json
sub-4078,train,right,train_right,passed,1,Healthy,Control,Control,1,1,right_Healthy_sub-4078_hippocampus_rh_aligned.nii.gz,right_Healthy_sub-4078_hippocampus_rh_aligned_SPHARM.vtk,train/SPHARM_RIGHT/spharm_results/right_Healthy_sub-4078_hippocampus_rh_aligned_SPHARM.vtk,SPHARM/SPHARM_RIGHT/spharm_status_shard1.json
sub-4079,train,right,train_right,passed,1,Healthy,Control,Control,1,1,right_Healthy_sub-4079_hippocampus_rh_aligned.nii.gz,right_Healthy_sub-4079_hippocampus_rh_aligned_SPHARM.vtk,train/SPHARM_RIGHT/spharm_results/right_Healthy_sub-4079_hippocampus_rh_aligned_SPHARM.vtk,SPHARM/SPHARM_RIGHT/spharm_status_shard2.json
sub-408,train,right,train_right,passed,1,Healthy,TLE,Left_TLE,1,1,right_Healthy_sub-408_hippocampus_rh_aligned.nii.gz,right_Healthy_sub-408_hippocampus_rh_aligned_SPHARM.vtk,train/SPHARM_RIGHT/spharm_results/right_Healthy_sub-408_hippocampus_rh_aligned_SPHARM.vtk,SPHARM/SPHARM_RIGHT/spharm_status_shard2.json
sub-4080,train,right,train_right,passed,1,Healthy,Control,Control,1,1,right_Healthy_sub-4080_hippocampus_rh_aligned.nii.gz,right_Healthy_sub-4080_hippocampus_rh_aligned_SPHARM.vtk,train/SPHARM_RIGHT/spharm_results/right_Healthy_sub-4080_hippocampus_rh_aligned_SPHARM.vtk,SPHARM/SPHARM_RIGHT/spharm_status_shard0.json
sub-4081,train,right,train_right,passed,1,Healthy,Control,Control,1,1,right_Healthy_sub-4081_hippocampus_rh_aligned.nii.gz,right_Healthy_sub-4081_hippocampus_rh_aligned_SPHARM.vtk,train/SPHARM_RIGHT/spharm_results/right_Healthy_sub-4081_hippocampus_rh_aligned_SPHARM.vtk,SPHARM/SPHARM_RIGHT/spharm_status_shard1.json
sub-4082,train,right,train_right,passed,1,Healthy,Control,Control,1,1,right_Healthy_sub-4082_hippocampus_rh_aligned.nii.gz,right_Healthy_sub-4082_hippocampus_rh_aligned_SPHARM.vtk,train/SPHARM_RIGHT/spharm_results/right_Healthy_sub-4082_hippocampus_rh_aligned_SPHARM.vtk,SPHARM/SPHARM_RIGHT/spharm_status_shard2.json
sub-4083,train,right,train_right,passed,1,Healthy,Control,Control,1,1,right_Healthy_sub-4083_hippocampus_rh_aligned.nii.gz,right_Healthy_sub-4083_hippocampus_rh_aligned_SPHARM.vtk,train/SPHARM_RIGHT/spharm_results/right_Healthy_sub-4083_hippocampus_rh_aligned_SPHARM.vtk,SPHARM/SPHARM_RIGHT/spharm_status_shard3.json
sub-4084,train,right,train_right,passed,1,Healthy,Control,Control,1,1,right_Healthy_sub-4084_hippocampus_rh_aligned.nii.gz,right_Healthy_sub-4084_hippocampus_rh_aligned_SPHARM.vtk,train/SPHARM_RIGHT/spharm_results/right_Healthy_sub-4084_hippocampus_rh_aligned_SPHARM.vtk,SPHARM/SPHARM_RIGHT/spharm_status_shard0.json
sub-4085,train,right,train_right,passed,1,Healthy,Control,Control,1,1,right_Healthy_sub-4085_hippocampus_rh_aligned.nii.gz,right_Healthy_sub-4085_hippocampus_rh_aligned_SPHARM.vtk,train/SPHARM_RIGHT/spharm_results/right_Healthy_sub-4085_hippocampus_rh_aligned_SPHARM.vtk,SPHARM/SPHARM_RIGHT/spharm_status_shard1.json
sub-4086,train,right,train_right,passed,1,Healthy,Control,Control,1,1,right_Healthy_sub-4086_hippocampus_rh_aligned.nii.gz,right_Healthy_sub-4086_hippocampus_rh_aligned_SPHARM.vtk,train/SPHARM_RIGHT/spharm_results/right_Healthy_sub-4086_hippocampus_rh_aligned_SPHARM.vtk,SPHARM/SPHARM_RIGHT/spharm_status_shard2.json
sub-4087,train,right,train_right,passed,1,Healthy,Control,Control,1,1,right_Healthy_sub-4087_hippocampus_rh_aligned.nii.gz,right_Healthy_sub-4087_hippocampus_rh_aligned_SPHARM.vtk,train/SPHARM_RIGHT/spharm_results/right_Healthy_sub-4087_hippocampus_rh_aligned_SPHARM.vtk,SPHARM/SPHARM_RIGHT/spharm_status_shard3.json
sub-4088,train,right,train_right,passed,1,Healthy,Control,Control,1,1,right_Healthy_sub-4088_hippocampus_rh_aligned.nii.gz,right_Healthy_sub-4088_hippocampus_rh_aligned_SPHARM.vtk,train/SPHARM_RIGHT/spharm_results/right_Healthy_sub-4088_hippocampus_rh_aligned_SPHARM.vtk,SPHARM/SPHARM_RIGHT/spharm_status_shard0.json
sub-4089,train,right,train_right,passed,1,Healthy,Control,Control,1,1,right_Healthy_sub-4089_hippocampus_rh_aligned.nii.gz,right_Healthy_sub-4089_hippocampus_rh_aligned_SPHARM.vtk,train/SPHARM_RIGHT/spharm_results/right_Healthy_sub-4089_hippocampus_rh_aligned_SPHARM.vtk,SPHARM/SPHARM_RIGHT/spharm_status_shard1.json
sub-4090,train,right,train_right,passed,1,Healthy,Control,Control,1,1,right_Healthy_sub-4090_hippocampus_rh_aligned.nii.gz,right_Healthy_sub-4090_hippocampus_rh_aligned_SPHARM.vtk,train/SPHARM_RIGHT/spharm_results/right_Healthy_sub-4090_hippocampus_rh_aligned_SPHARM.vtk,SPHARM/SPHARM_RIGHT/spharm_status_shard3.json
sub-4091,train,right,train_right,passed,1,Healthy,Control,Control,1,1,right_Healthy_sub-4091_hippocampus_rh_aligned.nii.gz,right_Healthy_sub-4091_hippocampus_rh_aligned_SPHARM.vtk,train/SPHARM_RIGHT/spharm_results/right_Healthy_sub-4091_hippocampus_rh_aligned_SPHARM.vtk,SPHARM/SPHARM_RIGHT/spharm_status_shard0.json
sub-4092,train,right,train_right,passed,1,Healthy,Control,Control,1,1,right_Healthy_sub-4092_hippocampus_rh_aligned.nii.gz,right_Healthy_sub-4092_hippocampus_rh_aligned_SPHARM.vtk,train/SPHARM_RIGHT/spharm_results/right_Healthy_sub-4092_hippocampus_rh_aligned_SPHARM.vtk,SPHARM/SPHARM_RIGHT/spharm_status_shard1.json
sub-4093,train,right,train_right,passed,1,Healthy,Control,Control,1,1,right_Healthy_sub-4093_hippocampus_rh_aligned.nii.gz,right_Healthy_sub-4093_hippocampus_rh_aligned_SPHARM.vtk,train/SPHARM_RIGHT/spharm_results/right_Healthy_sub-4093_hippocampus_rh_aligned_SPHARM.vtk,SPHARM/SPHARM_RIGHT/spharm_status_shard2.json
sub-4095,train,right,train_right,passed,1,Healthy,Control,Control,1,1,right_Healthy_sub-4095_hippocampus_rh_aligned.nii.gz,right_Healthy_sub-4095_hippocampus_rh_aligned_SPHARM.vtk,train/SPHARM_RIGHT/spharm_results/right_Healthy_sub-4095_hippocampus_rh_aligned_SPHARM.vtk,SPHARM/SPHARM_RIGHT/spharm_status_shard0.json
sub-4096,train,right,train_right,passed,1,Healthy,Control,Control,1,1,right_Healthy_sub-4096_hippocampus_rh_aligned.nii.gz,right_Healthy_sub-4096_hippocampus_rh_aligned_SPHARM.vtk,train/SPHARM_RIGHT/spharm_results/right_Healthy_sub-4096_hippocampus_rh_aligned_SPHARM.vtk,SPHARM/SPHARM_RIGHT/spharm_status_shard1.json
sub-4098,train,right,train_right,passed,1,Healthy,Control,Control,1,1,right_Healthy_sub-4098_hippocampus_rh_aligned.nii.gz,right_Healthy_sub-4098_hippocampus_rh_aligned_SPHARM.vtk,train/SPHARM_RIGHT/spharm_results/right_Healthy_sub-4098_hippocampus_rh_aligned_SPHARM.vtk,SPHARM/SPHARM_RIGHT/spharm_status_shard3.json
sub-41,train,right,train_right,passed,1,TLE,TLE,Right_TLE,1,1,right_TLE_sub-41_hippocampus_rh_aligned.nii.gz,right_TLE_sub-41_hippocampus_rh_aligned_SPHARM.vtk,train/SPHARM_RIGHT/spharm_results/right_TLE_sub-41_hippocampus_rh_aligned_SPHARM.vtk,SPHARM/SPHARM_RIGHT/spharm_status_shard3.json
sub-4100,train,right,train_right,passed,1,Healthy,Control,Control,1,1,right_Healthy_sub-4100_hippocampus_rh_aligned.nii.gz,right_Healthy_sub-4100_hippocampus_rh_aligned_SPHARM.vtk,train/SPHARM_RIGHT/spharm_results/right_Healthy_sub-4100_hippocampus_rh_aligned_SPHARM.vtk,SPHARM/SPHARM_RIGHT/spharm_status_shard1.json
sub-413,train,right,train_right,passed,1,TLE,TLE,Right_TLE,1,1,right_TLE_sub-413_hippocampus_rh_aligned.nii.gz,right_TLE_sub-413_hippocampus_rh_aligned_SPHARM.vtk,train/SPHARM_RIGHT/spharm_results/right_TLE_sub-413_hippocampus_rh_aligned_SPHARM.vtk,SPHARM/SPHARM_RIGHT/spharm_status_shard0.json
sub-416,train,right,train_right,passed,1,Healthy,TLE,Left_TLE,1,1,right_Healthy_sub-416_hippocampus_rh_aligned.nii.gz,right_Healthy_sub-416_hippocampus_rh_aligned_SPHARM.vtk,train/SPHARM_RIGHT/spharm_results/right_Healthy_sub-416_hippocampus_rh_aligned_SPHARM.vtk,SPHARM/SPHARM_RIGHT/spharm_status_shard2.json
sub-417,train,right,train_right,passed,1,TLE,TLE,Right_TLE,1,1,right_TLE_sub-417_hippocampus_rh_aligned.nii.gz,right_TLE_sub-417_hippocampus_rh_aligned_SPHARM.vtk,train/SPHARM_RIGHT/spharm_results/right_TLE_sub-417_hippocampus_rh_aligned_SPHARM.vtk,SPHARM/SPHARM_RIGHT/spharm_status_shard1.json
sub-419,train,right,train_right,failed,0,TLE,TLE,Right_TLE,0,0,right_TLE_sub-419_hippocampus_rh_aligned.nii.gz,right_TLE_sub-419_hippocampus_rh_aligned_SPHARM.vtk,,SPHARM/SPHARM_RIGHT/spharm_status_shard2.json
sub-420,train,right,train_right,passed,1,Healthy,TLE,Left_TLE,1,1,right_Healthy_sub-420_hippocampus_rh_aligned.nii.gz,right_Healthy_sub-420_hippocampus_rh_aligned_SPHARM.vtk,train/SPHARM_RIGHT/spharm_results/right_Healthy_sub-420_hippocampus_rh_aligned_SPHARM.vtk,SPHARM/SPHARM_RIGHT/spharm_status_shard0.json
sub-421,train,right,train_right,passed,1,Healthy,TLE,Left_TLE,1,1,right_Healthy_sub-421_hippocampus_rh_aligned.nii.gz,right_Healthy_sub-421_hippocampus_rh_aligned_SPHARM.vtk,train/SPHARM_RIGHT/spharm_results/right_Healthy_sub-421_hippocampus_rh_aligned_SPHARM.vtk,SPHARM/SPHARM_RIGHT/spharm_status_shard1.json
sub-423,train,right,train_right,passed,1,Healthy,TLE,Left_TLE,1,1,right_Healthy_sub-423_hippocampus_rh_aligned.nii.gz,right_Healthy_sub-423_hippocampus_rh_aligned_SPHARM.vtk,train/SPHARM_RIGHT/spharm_results/right_Healthy_sub-423_hippocampus_rh_aligned_SPHARM.vtk,SPHARM/SPHARM_RIGHT/spharm_status_shard2.json
sub-425,train,right,train_right,passed,1,Healthy,TLE,Left_TLE,1,1,right_Healthy_sub-425_hippocampus_rh_aligned.nii.gz,right_Healthy_sub-425_hippocampus_rh_aligned_SPHARM.vtk,train/SPHARM_RIGHT/spharm_results/right_Healthy_sub-425_hippocampus_rh_aligned_SPHARM.vtk,SPHARM/SPHARM_RIGHT/spharm_status_shard3.json
sub-426,train,right,train_right,passed,1,Healthy,TLE,Left_TLE,1,1,right_Healthy_sub-426_hippocampus_rh_aligned.nii.gz,right_Healthy_sub-426_hippocampus_rh_aligned_SPHARM.vtk,train/SPHARM_RIGHT/spharm_results/right_Healthy_sub-426_hippocampus_rh_aligned_SPHARM.vtk,SPHARM/SPHARM_RIGHT/spharm_status_shard0.json
sub-427,train,right,train_right,passed,1,TLE,TLE,Right_TLE,1,1,right_TLE_sub-427_hippocampus_rh_aligned.nii.gz,right_TLE_sub-427_hippocampus_rh_aligned_SPHARM.vtk,train/SPHARM_RIGHT/spharm_results/right_TLE_sub-427_hippocampus_rh_aligned_SPHARM.vtk,SPHARM/SPHARM_RIGHT/spharm_status_shard0.json
sub-433,train,right,train_right,passed,1,Healthy,TLE,Left_TLE,1,1,right_Healthy_sub-433_hippocampus_rh_aligned.nii.gz,right_Healthy_sub-433_hippocampus_rh_aligned_SPHARM.vtk,train/SPHARM_RIGHT/spharm_results/right_Healthy_sub-433_hippocampus_rh_aligned_SPHARM.vtk,SPHARM/SPHARM_RIGHT/spharm_status_shard2.json
sub-437,train,right,train_right,passed,1,TLE,TLE,Right_TLE,1,1,right_TLE_sub-437_hippocampus_rh_aligned.nii.gz,right_TLE_sub-437_hippocampus_rh_aligned_SPHARM.vtk,train/SPHARM_RIGHT/spharm_results/right_TLE_sub-437_hippocampus_rh_aligned_SPHARM.vtk,SPHARM/SPHARM_RIGHT/spharm_status_shard2.json
sub-442,train,right,train_right,passed,1,TLE,TLE,Right_TLE,1,1,right_TLE_sub-442_hippocampus_rh_aligned.nii.gz,right_TLE_sub-442_hippocampus_rh_aligned_SPHARM.vtk,train/SPHARM_RIGHT/spharm_results/right_TLE_sub-442_hippocampus_rh_aligned_SPHARM.vtk,SPHARM/SPHARM_RIGHT/spharm_status_shard3.json
sub-444,train,right,train_right,passed,1,Healthy,TLE,Left_TLE,1,1,right_Healthy_sub-444_hippocampus_rh_aligned.nii.gz,right_Healthy_sub-444_hippocampus_rh_aligned_SPHARM.vtk,train/SPHARM_RIGHT/spharm_results/right_Healthy_sub-444_hippocampus_rh_aligned_SPHARM.vtk,SPHARM/SPHARM_RIGHT/spharm_status_shard1.json
sub-445,train,right,train_right,passed,1,Healthy,TLE,Left_TLE,1,1,right_Healthy_sub-445_hippocampus_rh_aligned.nii.gz,right_Healthy_sub-445_hippocampus_rh_aligned_SPHARM.vtk,train/SPHARM_RIGHT/spharm_results/right_Healthy_sub-445_hippocampus_rh_aligned_SPHARM.vtk,SPHARM/SPHARM_RIGHT/spharm_status_shard2.json
sub-446,train,right,train_right,passed,1,Healthy,TLE,Left_TLE,1,1,right_Healthy_sub-446_hippocampus_rh_aligned.nii.gz,right_Healthy_sub-446_hippocampus_rh_aligned_SPHARM.vtk,train/SPHARM_RIGHT/spharm_results/right_Healthy_sub-446_hippocampus_rh_aligned_SPHARM.vtk,SPHARM/SPHARM_RIGHT/spharm_status_shard3.json
sub-447,train,right,train_right,passed,1,TLE,TLE,Right_TLE,1,1,right_TLE_sub-447_hippocampus_rh_aligned.nii.gz,right_TLE_sub-447_hippocampus_rh_aligned_SPHARM.vtk,train/SPHARM_RIGHT/spharm_results/right_TLE_sub-447_hippocampus_rh_aligned_SPHARM.vtk,SPHARM/SPHARM_RIGHT/spharm_status_shard0.json
sub-450,train,right,train_right,passed,1,Healthy,TLE,Left_TLE,1,1,right_Healthy_sub-450_hippocampus_rh_aligned.nii.gz,right_Healthy_sub-450_hippocampus_rh_aligned_SPHARM.vtk,train/SPHARM_RIGHT/spharm_results/right_Healthy_sub-450_hippocampus_rh_aligned_SPHARM.vtk,SPHARM/SPHARM_RIGHT/spharm_status_shard0.json
sub-452,train,right,train_right,passed,1,Healthy,TLE,Left_TLE,1,1,right_Healthy_sub-452_hippocampus_rh_aligned.nii.gz,right_Healthy_sub-452_hippocampus_rh_aligned_SPHARM.vtk,train/SPHARM_RIGHT/spharm_results/right_Healthy_sub-452_hippocampus_rh_aligned_SPHARM.vtk,SPHARM/SPHARM_RIGHT/spharm_status_shard1.json
sub-455,train,right,train_right,passed,1,TLE,TLE,Right_TLE,1,1,right_TLE_sub-455_hippocampus_rh_aligned.nii.gz,right_TLE_sub-455_hippocampus_rh_aligned_SPHARM.vtk,train/SPHARM_RIGHT/spharm_results/right_TLE_sub-455_hippocampus_rh_aligned_SPHARM.vtk,SPHARM/SPHARM_RIGHT/spharm_status_shard2.json
sub-46,train,right,train_right,passed,1,Healthy,TLE,Left_TLE,1,1,right_Healthy_sub-46_hippocampus_rh_aligned.nii.gz,right_Healthy_sub-46_hippocampus_rh_aligned_SPHARM.vtk,train/SPHARM_RIGHT/spharm_results/right_Healthy_sub-46_hippocampus_rh_aligned_SPHARM.vtk,SPHARM/SPHARM_RIGHT/spharm_status_shard1.json
sub-460,train,right,train_right,passed,1,Healthy,TLE,Left_TLE,1,1,right_Healthy_sub-460_hippocampus_rh_aligned.nii.gz,right_Healthy_sub-460_hippocampus_rh_aligned_SPHARM.vtk,train/SPHARM_RIGHT/spharm_results/right_Healthy_sub-460_hippocampus_rh_aligned_SPHARM.vtk,SPHARM/SPHARM_RIGHT/spharm_status_shard3.json
sub-461,train,right,train_right,passed,1,Healthy,TLE,Left_TLE,1,1,right_Healthy_sub-461_hippocampus_rh_aligned.nii.gz,right_Healthy_sub-461_hippocampus_rh_aligned_SPHARM.vtk,train/SPHARM_RIGHT/spharm_results/right_Healthy_sub-461_hippocampus_rh_aligned_SPHARM.vtk,SPHARM/SPHARM_RIGHT/spharm_status_shard0.json
sub-5,train,right,train_right,passed,1,Healthy,TLE,Left_TLE,1,1,right_Healthy_sub-5_hippocampus_rh_aligned.nii.gz,right_Healthy_sub-5_hippocampus_rh_aligned_SPHARM.vtk,train/SPHARM_RIGHT/spharm_results/right_Healthy_sub-5_hippocampus_rh_aligned_SPHARM.vtk,SPHARM/SPHARM_RIGHT/spharm_status_shard0.json
sub-55,train,right,train_right,passed,1,Healthy,TLE,Left_TLE,1,1,right_Healthy_sub-55_hippocampus_rh_aligned.nii.gz,right_Healthy_sub-55_hippocampus_rh_aligned_SPHARM.vtk,train/SPHARM_RIGHT/spharm_results/right_Healthy_sub-55_hippocampus_rh_aligned_SPHARM.vtk,SPHARM/SPHARM_RIGHT/spharm_status_shard2.json
sub-56,train,right,train_right,passed,1,Healthy,TLE,Left_TLE,1,1,right_Healthy_sub-56_hippocampus_rh_aligned.nii.gz,right_Healthy_sub-56_hippocampus_rh_aligned_SPHARM.vtk,train/SPHARM_RIGHT/spharm_results/right_Healthy_sub-56_hippocampus_rh_aligned_SPHARM.vtk,SPHARM/SPHARM_RIGHT/spharm_status_shard3.json
sub-57,train,right,train_right,passed,1,TLE,TLE,Right_TLE,1,1,right_TLE_sub-57_hippocampus_rh_aligned.nii.gz,right_TLE_sub-57_hippocampus_rh_aligned_SPHARM.vtk,train/SPHARM_RIGHT/spharm_results/right_TLE_sub-57_hippocampus_rh_aligned_SPHARM.vtk,SPHARM/SPHARM_RIGHT/spharm_status_shard1.json
sub-61,train,right,train_right,passed,1,TLE,TLE,Right_TLE,1,1,right_TLE_sub-61_hippocampus_rh_aligned.nii.gz,right_TLE_sub-61_hippocampus_rh_aligned_SPHARM.vtk,train/SPHARM_RIGHT/spharm_results/right_TLE_sub-61_hippocampus_rh_aligned_SPHARM.vtk,SPHARM/SPHARM_RIGHT/spharm_status_shard2.json
sub-64,train,right,train_right,passed,1,TLE,TLE,Right_TLE,1,1,right_TLE_sub-64_hippocampus_rh_aligned.nii.gz,right_TLE_sub-64_hippocampus_rh_aligned_SPHARM.vtk,train/SPHARM_RIGHT/spharm_results/right_TLE_sub-64_hippocampus_rh_aligned_SPHARM.vtk,SPHARM/SPHARM_RIGHT/spharm_status_shard3.json
sub-67,train,right,train_right,passed,1,Healthy,TLE,Left_TLE,1,1,right_Healthy_sub-67_hippocampus_rh_aligned.nii.gz,right_Healthy_sub-67_hippocampus_rh_aligned_SPHARM.vtk,train/SPHARM_RIGHT/spharm_results/right_Healthy_sub-67_hippocampus_rh_aligned_SPHARM.vtk,SPHARM/SPHARM_RIGHT/spharm_status_shard1.json
sub-68,train,right,train_right,passed,1,Healthy,TLE,Left_TLE,1,1,right_Healthy_sub-68_hippocampus_rh_aligned.nii.gz,right_Healthy_sub-68_hippocampus_rh_aligned_SPHARM.vtk,train/SPHARM_RIGHT/spharm_results/right_Healthy_sub-68_hippocampus_rh_aligned_SPHARM.vtk,SPHARM/SPHARM_RIGHT/spharm_status_shard2.json
sub-7,train,right,train_right,passed,1,TLE,TLE,Right_TLE,1,1,right_TLE_sub-7_hippocampus_rh_aligned.nii.gz,right_TLE_sub-7_hippocampus_rh_aligned_SPHARM.vtk,train/SPHARM_RIGHT/spharm_results/right_TLE_sub-7_hippocampus_rh_aligned_SPHARM.vtk,SPHARM/SPHARM_RIGHT/spharm_status_shard3.json
sub-70,train,right,train_right,passed,1,TLE,TLE,Right_TLE,1,1,right_TLE_sub-70_hippocampus_rh_aligned.nii.gz,right_TLE_sub-70_hippocampus_rh_aligned_SPHARM.vtk,train/SPHARM_RIGHT/spharm_results/right_TLE_sub-70_hippocampus_rh_aligned_SPHARM.vtk,SPHARM/SPHARM_RIGHT/spharm_status_shard0.json
sub-74,train,right,train_right,passed,1,Healthy,TLE,Left_TLE,1,1,right_Healthy_sub-74_hippocampus_rh_aligned.nii.gz,right_Healthy_sub-74_hippocampus_rh_aligned_SPHARM.vtk,train/SPHARM_RIGHT/spharm_results/right_Healthy_sub-74_hippocampus_rh_aligned_SPHARM.vtk,SPHARM/SPHARM_RIGHT/spharm_status_shard0.json
sub-76,train,right,train_right,passed,1,TLE,TLE,Right_TLE,1,1,right_TLE_sub-76_hippocampus_rh_aligned.nii.gz,right_TLE_sub-76_hippocampus_rh_aligned_SPHARM.vtk,train/SPHARM_RIGHT/spharm_results/right_TLE_sub-76_hippocampus_rh_aligned_SPHARM.vtk,SPHARM/SPHARM_RIGHT/spharm_status_shard2.json
sub-77,train,right,train_right,passed,1,Healthy,TLE,Left_TLE,1,1,right_Healthy_sub-77_hippocampus_rh_aligned.nii.gz,right_Healthy_sub-77_hippocampus_rh_aligned_SPHARM.vtk,train/SPHARM_RIGHT/spharm_results/right_Healthy_sub-77_hippocampus_rh_aligned_SPHARM.vtk,SPHARM/SPHARM_RIGHT/spharm_status_shard1.json
sub-78,train,right,train_right,passed,1,Healthy,TLE,Left_TLE,1,1,right_Healthy_sub-78_hippocampus_rh_aligned.nii.gz,right_Healthy_sub-78_hippocampus_rh_aligned_SPHARM.vtk,train/SPHARM_RIGHT/spharm_results/right_Healthy_sub-78_hippocampus_rh_aligned_SPHARM.vtk,SPHARM/SPHARM_RIGHT/spharm_status_shard2.json
sub-87,train,right,train_right,passed,1,Healthy,TLE,Left_TLE,1,1,right_Healthy_sub-87_hippocampus_rh_aligned.nii.gz,right_Healthy_sub-87_hippocampus_rh_aligned_SPHARM.vtk,train/SPHARM_RIGHT/spharm_results/right_Healthy_sub-87_hippocampus_rh_aligned_SPHARM.vtk,SPHARM/SPHARM_RIGHT/spharm_status_shard0.json
sub-90,train,right,train_right,passed,1,Healthy,TLE,Left_TLE,1,1,right_Healthy_sub-90_hippocampus_rh_aligned.nii.gz,right_Healthy_sub-90_hippocampus_rh_aligned_SPHARM.vtk,train/SPHARM_RIGHT/spharm_results/right_Healthy_sub-90_hippocampus_rh_aligned_SPHARM.vtk,SPHARM/SPHARM_RIGHT/spharm_status_shard1.json
sub-92,train,right,train_right,passed,1,Healthy,TLE,Left_TLE,1,1,right_Healthy_sub-92_hippocampus_rh_aligned.nii.gz,right_Healthy_sub-92_hippocampus_rh_aligned_SPHARM.vtk,train/SPHARM_RIGHT/spharm_results/right_Healthy_sub-92_hippocampus_rh_aligned_SPHARM.vtk,SPHARM/SPHARM_RIGHT/spharm_status_shard2.json
sub-94,train,right,train_right,passed,1,TLE,TLE,Right_TLE,1,1,right_TLE_sub-94_hippocampus_rh_aligned.nii.gz,right_TLE_sub-94_hippocampus_rh_aligned_SPHARM.vtk,train/SPHARM_RIGHT/spharm_results/right_TLE_sub-94_hippocampus_rh_aligned_SPHARM.vtk,SPHARM/SPHARM_RIGHT/spharm_status_shard2.json
sub-95,train,right,train_right,passed,1,TLE,TLE,Right_TLE,1,1,right_TLE_sub-95_hippocampus_rh_aligned.nii.gz,right_TLE_sub-95_hippocampus_rh_aligned_SPHARM.vtk,train/SPHARM_RIGHT/spharm_results/right_TLE_sub-95_hippocampus_rh_aligned_SPHARM.vtk,SPHARM/SPHARM_RIGHT/spharm_status_shard3.json
sub-97,train,right,train_right,passed,1,TLE,TLE,Right_TLE,1,1,right_TLE_sub-97_hippocampus_rh_aligned.nii.gz,right_TLE_sub-97_hippocampus_rh_aligned_SPHARM.vtk,train/SPHARM_RIGHT/spharm_results/right_TLE_sub-97_hippocampus_rh_aligned_SPHARM.vtk,SPHARM/SPHARM_RIGHT/spharm_status_shard0.json
sub-04001,test,left,test_left,passed,1,Healthy,Control,Control,1,1,left_Healthy_sub-04001_hippocampus_lh_aligned.nii.gz,left_Healthy_sub-04001_hippocampus_lh_aligned_SPHARM.vtk,test/SPHARM_LEFT/spharm_results/left_Healthy_sub-04001_hippocampus_lh_aligned_SPHARM.vtk,SPHARM/SPHARM_LEFT/spharm_status_shard1.json
sub-04018,test,left,test_left,passed,1,Healthy,Control,Control,1,1,left_Healthy_sub-04018_hippocampus_lh_aligned.nii.gz,left_Healthy_sub-04018_hippocampus_lh_aligned_SPHARM.vtk,test/SPHARM_LEFT/spharm_results/left_Healthy_sub-04018_hippocampus_lh_aligned_SPHARM.vtk,SPHARM/SPHARM_LEFT/spharm_status_shard1.json
sub-04028,test,left,test_left,passed,1,Healthy,Control,Control,1,1,left_Healthy_sub-04028_hippocampus_lh_aligned.nii.gz,left_Healthy_sub-04028_hippocampus_lh_aligned_SPHARM.vtk,test/SPHARM_LEFT/spharm_results/left_Healthy_sub-04028_hippocampus_lh_aligned_SPHARM.vtk,SPHARM/SPHARM_LEFT/spharm_status_shard0.json
sub-04173,test,left,test_left,passed,1,Healthy,Control,Control,1,1,left_Healthy_sub-04173_hippocampus_lh_aligned.nii.gz,left_Healthy_sub-04173_hippocampus_lh_aligned_SPHARM.vtk,test/SPHARM_LEFT/spharm_results/left_Healthy_sub-04173_hippocampus_lh_aligned_SPHARM.vtk,SPHARM/SPHARM_LEFT/spharm_status_shard1.json
sub-04181,test,left,test_left,passed,1,Healthy,Control,Control,1,1,left_Healthy_sub-04181_hippocampus_lh_aligned.nii.gz,left_Healthy_sub-04181_hippocampus_lh_aligned_SPHARM.vtk,test/SPHARM_LEFT/spharm_results/left_Healthy_sub-04181_hippocampus_lh_aligned_SPHARM.vtk,SPHARM/SPHARM_LEFT/spharm_status_shard0.json
sub-04204,test,left,test_left,passed,1,Healthy,Control,Control,1,1,left_Healthy_sub-04204_hippocampus_lh_aligned.nii.gz,left_Healthy_sub-04204_hippocampus_lh_aligned_SPHARM.vtk,test/SPHARM_LEFT/spharm_results/left_Healthy_sub-04204_hippocampus_lh_aligned_SPHARM.vtk,SPHARM/SPHARM_LEFT/spharm_status_shard0.json
sub-04210,test,left,test_left,passed,1,Healthy,Control,Control,1,1,left_Healthy_sub-04210_hippocampus_lh_aligned.nii.gz,left_Healthy_sub-04210_hippocampus_lh_aligned_SPHARM.vtk,test/SPHARM_LEFT/spharm_results/left_Healthy_sub-04210_hippocampus_lh_aligned_SPHARM.vtk,SPHARM/SPHARM_LEFT/spharm_status_shard2.json
sub-109,test,left,test_left,failed,0,TLE,TLE,Left_TLE,0,0,left_TLE_sub-109_hippocampus_lh_aligned.nii.gz,left_TLE_sub-109_hippocampus_lh_aligned_SPHARM.vtk,,SPHARM/SPHARM_LEFT/spharm_status_shard1.json
sub-127,test,left,test_left,passed,1,TLE,TLE,Left_TLE,1,1,left_TLE_sub-127_hippocampus_lh_aligned.nii.gz,left_TLE_sub-127_hippocampus_lh_aligned_SPHARM.vtk,test/SPHARM_LEFT/spharm_results/left_TLE_sub-127_hippocampus_lh_aligned_SPHARM.vtk,SPHARM/SPHARM_LEFT/spharm_status_shard2.json
sub-152,test,left,test_left,passed,1,Healthy,TLE,Right_TLE,1,1,left_Healthy_sub-152_hippocampus_lh_aligned.nii.gz,left_Healthy_sub-152_hippocampus_lh_aligned_SPHARM.vtk,test/SPHARM_LEFT/spharm_results/left_Healthy_sub-152_hippocampus_lh_aligned_SPHARM.vtk,SPHARM/SPHARM_LEFT/spharm_status_shard0.json
sub-156,test,left,test_left,passed,1,TLE,TLE,Left_TLE,1,1,left_TLE_sub-156_hippocampus_lh_aligned.nii.gz,left_TLE_sub-156_hippocampus_lh_aligned_SPHARM.vtk,test/SPHARM_LEFT/spharm_results/left_TLE_sub-156_hippocampus_lh_aligned_SPHARM.vtk,SPHARM/SPHARM_LEFT/spharm_status_shard0.json
sub-16,test,left,test_left,passed,1,Healthy,TLE,Right_TLE,1,1,left_Healthy_sub-16_hippocampus_lh_aligned.nii.gz,left_Healthy_sub-16_hippocampus_lh_aligned_SPHARM.vtk,test/SPHARM_LEFT/spharm_results/left_Healthy_sub-16_hippocampus_lh_aligned_SPHARM.vtk,SPHARM/SPHARM_LEFT/spharm_status_shard1.json
sub-164,test,left,test_left,passed,1,TLE,TLE,Left_TLE,1,1,left_TLE_sub-164_hippocampus_lh_aligned.nii.gz,left_TLE_sub-164_hippocampus_lh_aligned_SPHARM.vtk,test/SPHARM_LEFT/spharm_results/left_TLE_sub-164_hippocampus_lh_aligned_SPHARM.vtk,SPHARM/SPHARM_LEFT/spharm_status_shard2.json
sub-186,test,left,test_left,passed,1,TLE,TLE,Left_TLE,1,1,left_TLE_sub-186_hippocampus_lh_aligned.nii.gz,left_TLE_sub-186_hippocampus_lh_aligned_SPHARM.vtk,test/SPHARM_LEFT/spharm_results/left_TLE_sub-186_hippocampus_lh_aligned_SPHARM.vtk,SPHARM/SPHARM_LEFT/spharm_status_shard0.json
sub-202,test,left,test_left,failed,0,TLE,TLE,Left_TLE,0,0,left_TLE_sub-202_hippocampus_lh_aligned.nii.gz,left_TLE_sub-202_hippocampus_lh_aligned_SPHARM.vtk,,SPHARM/SPHARM_LEFT/spharm_status_shard2.json
sub-205,test,left,test_left,passed,1,TLE,TLE,Left_TLE,1,1,left_TLE_sub-205_hippocampus_lh_aligned.nii.gz,left_TLE_sub-205_hippocampus_lh_aligned_SPHARM.vtk,test/SPHARM_LEFT/spharm_results/left_TLE_sub-205_hippocampus_lh_aligned_SPHARM.vtk,SPHARM/SPHARM_LEFT/spharm_status_shard0.json
sub-222,test,left,test_left,passed,1,Healthy,TLE,Right_TLE,1,1,left_Healthy_sub-222_hippocampus_lh_aligned.nii.gz,left_Healthy_sub-222_hippocampus_lh_aligned_SPHARM.vtk,test/SPHARM_LEFT/spharm_results/left_Healthy_sub-222_hippocampus_lh_aligned_SPHARM.vtk,SPHARM/SPHARM_LEFT/spharm_status_shard0.json
sub-250,test,left,test_left,passed,1,Healthy,TLE,Right_TLE,1,1,left_Healthy_sub-250_hippocampus_lh_aligned.nii.gz,left_Healthy_sub-250_hippocampus_lh_aligned_SPHARM.vtk,test/SPHARM_LEFT/spharm_results/left_Healthy_sub-250_hippocampus_lh_aligned_SPHARM.vtk,SPHARM/SPHARM_LEFT/spharm_status_shard0.json
sub-271,test,left,test_left,passed,1,Healthy,TLE,Right_TLE,1,1,left_Healthy_sub-271_hippocampus_lh_aligned.nii.gz,left_Healthy_sub-271_hippocampus_lh_aligned_SPHARM.vtk,test/SPHARM_LEFT/spharm_results/left_Healthy_sub-271_hippocampus_lh_aligned_SPHARM.vtk,SPHARM/SPHARM_LEFT/spharm_status_shard0.json
sub-275,test,left,test_left,passed,1,TLE,TLE,Left_TLE,1,1,left_TLE_sub-275_hippocampus_lh_aligned.nii.gz,left_TLE_sub-275_hippocampus_lh_aligned_SPHARM.vtk,test/SPHARM_LEFT/spharm_results/left_TLE_sub-275_hippocampus_lh_aligned_SPHARM.vtk,SPHARM/SPHARM_LEFT/spharm_status_shard2.json
sub-279,test,left,test_left,passed,1,TLE,TLE,Left_TLE,1,1,left_TLE_sub-279_hippocampus_lh_aligned.nii.gz,left_TLE_sub-279_hippocampus_lh_aligned_SPHARM.vtk,test/SPHARM_LEFT/spharm_results/left_TLE_sub-279_hippocampus_lh_aligned_SPHARM.vtk,SPHARM/SPHARM_LEFT/spharm_status_shard1.json
sub-27960,test,left,test_left,passed,1,TLE,TLE,Left_TLE,1,1,left_TLE_sub-27960_hippocampus_lh_aligned.nii.gz,left_TLE_sub-27960_hippocampus_lh_aligned_SPHARM.vtk,test/SPHARM_LEFT/spharm_results/left_TLE_sub-27960_hippocampus_lh_aligned_SPHARM.vtk,SPHARM/SPHARM_LEFT/spharm_status_shard2.json
sub-27974,test,left,test_left,passed,1,TLE,TLE,Left_TLE,1,1,left_TLE_sub-27974_hippocampus_lh_aligned.nii.gz,left_TLE_sub-27974_hippocampus_lh_aligned_SPHARM.vtk,test/SPHARM_LEFT/spharm_results/left_TLE_sub-27974_hippocampus_lh_aligned_SPHARM.vtk,SPHARM/SPHARM_LEFT/spharm_status_shard0.json
sub-28620,test,left,test_left,passed,1,Healthy,TLE,Right_TLE,1,1,left_Healthy_sub-28620_hippocampus_lh_aligned.nii.gz,left_Healthy_sub-28620_hippocampus_lh_aligned_SPHARM.vtk,test/SPHARM_LEFT/spharm_results/left_Healthy_sub-28620_hippocampus_lh_aligned_SPHARM.vtk,SPHARM/SPHARM_LEFT/spharm_status_shard1.json
sub-29,test,left,test_left,passed,1,TLE,TLE,Left_TLE,1,1,left_TLE_sub-29_hippocampus_lh_aligned.nii.gz,left_TLE_sub-29_hippocampus_lh_aligned_SPHARM.vtk,test/SPHARM_LEFT/spharm_results/left_TLE_sub-29_hippocampus_lh_aligned_SPHARM.vtk,SPHARM/SPHARM_LEFT/spharm_status_shard1.json
sub-297,test,left,test_left,passed,1,TLE,TLE,Left_TLE,1,1,left_TLE_sub-297_hippocampus_lh_aligned.nii.gz,left_TLE_sub-297_hippocampus_lh_aligned_SPHARM.vtk,test/SPHARM_LEFT/spharm_results/left_TLE_sub-297_hippocampus_lh_aligned_SPHARM.vtk,SPHARM/SPHARM_LEFT/spharm_status_shard0.json
sub-324,test,left,test_left,passed,1,Healthy,TLE,Right_TLE,1,1,left_Healthy_sub-324_hippocampus_lh_aligned.nii.gz,left_Healthy_sub-324_hippocampus_lh_aligned_SPHARM.vtk,test/SPHARM_LEFT/spharm_results/left_Healthy_sub-324_hippocampus_lh_aligned_SPHARM.vtk,SPHARM/SPHARM_LEFT/spharm_status_shard0.json
sub-327,test,left,test_left,passed,1,Healthy,TLE,Right_TLE,1,1,left_Healthy_sub-327_hippocampus_lh_aligned.nii.gz,left_Healthy_sub-327_hippocampus_lh_aligned_SPHARM.vtk,test/SPHARM_LEFT/spharm_results/left_Healthy_sub-327_hippocampus_lh_aligned_SPHARM.vtk,SPHARM/SPHARM_LEFT/spharm_status_shard2.json
sub-34826,test,left,test_left,passed,1,TLE,TLE,Left_TLE,1,1,left_TLE_sub-34826_hippocampus_lh_aligned.nii.gz,left_TLE_sub-34826_hippocampus_lh_aligned_SPHARM.vtk,test/SPHARM_LEFT/spharm_results/left_TLE_sub-34826_hippocampus_lh_aligned_SPHARM.vtk,SPHARM/SPHARM_LEFT/spharm_status_shard2.json
sub-349,test,left,test_left,passed,1,TLE,TLE,Left_TLE,1,1,left_TLE_sub-349_hippocampus_lh_aligned.nii.gz,left_TLE_sub-349_hippocampus_lh_aligned_SPHARM.vtk,test/SPHARM_LEFT/spharm_results/left_TLE_sub-349_hippocampus_lh_aligned_SPHARM.vtk,SPHARM/SPHARM_LEFT/spharm_status_shard1.json
sub-35353,test,left,test_left,passed,1,TLE,TLE,Left_TLE,1,1,left_TLE_sub-35353_hippocampus_lh_aligned.nii.gz,left_TLE_sub-35353_hippocampus_lh_aligned_SPHARM.vtk,test/SPHARM_LEFT/spharm_results/left_TLE_sub-35353_hippocampus_lh_aligned_SPHARM.vtk,SPHARM/SPHARM_LEFT/spharm_status_shard1.json
sub-356,test,left,test_left,passed,1,Healthy,TLE,Right_TLE,1,1,left_Healthy_sub-356_hippocampus_lh_aligned.nii.gz,left_Healthy_sub-356_hippocampus_lh_aligned_SPHARM.vtk,test/SPHARM_LEFT/spharm_results/left_Healthy_sub-356_hippocampus_lh_aligned_SPHARM.vtk,SPHARM/SPHARM_LEFT/spharm_status_shard0.json
sub-361,test,left,test_left,passed,1,TLE,TLE,Left_TLE,1,1,left_TLE_sub-361_hippocampus_lh_aligned.nii.gz,left_TLE_sub-361_hippocampus_lh_aligned_SPHARM.vtk,test/SPHARM_LEFT/spharm_results/left_TLE_sub-361_hippocampus_lh_aligned_SPHARM.vtk,SPHARM/SPHARM_LEFT/spharm_status_shard2.json
sub-36664,test,left,test_left,passed,1,Healthy,TLE,Right_TLE,1,1,left_Healthy_sub-36664_hippocampus_lh_aligned.nii.gz,left_Healthy_sub-36664_hippocampus_lh_aligned_SPHARM.vtk,test/SPHARM_LEFT/spharm_results/left_Healthy_sub-36664_hippocampus_lh_aligned_SPHARM.vtk,SPHARM/SPHARM_LEFT/spharm_status_shard1.json
sub-368,test,left,test_left,passed,1,TLE,TLE,Left_TLE,1,1,left_TLE_sub-368_hippocampus_lh_aligned.nii.gz,left_TLE_sub-368_hippocampus_lh_aligned_SPHARM.vtk,test/SPHARM_LEFT/spharm_results/left_TLE_sub-368_hippocampus_lh_aligned_SPHARM.vtk,SPHARM/SPHARM_LEFT/spharm_status_shard2.json
sub-36966,test,left,test_left,passed,1,Healthy,Control,Control,1,1,left_Healthy_sub-36966_hippocampus_lh_aligned.nii.gz,left_Healthy_sub-36966_hippocampus_lh_aligned_SPHARM.vtk,test/SPHARM_LEFT/spharm_results/left_Healthy_sub-36966_hippocampus_lh_aligned_SPHARM.vtk,SPHARM/SPHARM_LEFT/spharm_status_shard2.json
sub-37348,test,left,test_left,passed,1,TLE,TLE,Left_TLE,1,1,left_TLE_sub-37348_hippocampus_lh_aligned.nii.gz,left_TLE_sub-37348_hippocampus_lh_aligned_SPHARM.vtk,test/SPHARM_LEFT/spharm_results/left_TLE_sub-37348_hippocampus_lh_aligned_SPHARM.vtk,SPHARM/SPHARM_LEFT/spharm_status_shard1.json
sub-38,test,left,test_left,passed,1,Healthy,TLE,Right_TLE,1,1,left_Healthy_sub-38_hippocampus_lh_aligned.nii.gz,left_Healthy_sub-38_hippocampus_lh_aligned_SPHARM.vtk,test/SPHARM_LEFT/spharm_results/left_Healthy_sub-38_hippocampus_lh_aligned_SPHARM.vtk,SPHARM/SPHARM_LEFT/spharm_status_shard1.json
sub-390,test,left,test_left,passed,1,TLE,TLE,Left_TLE,1,1,left_TLE_sub-390_hippocampus_lh_aligned.nii.gz,left_TLE_sub-390_hippocampus_lh_aligned_SPHARM.vtk,test/SPHARM_LEFT/spharm_results/left_TLE_sub-390_hippocampus_lh_aligned_SPHARM.vtk,SPHARM/SPHARM_LEFT/spharm_status_shard2.json
sub-394,test,left,test_left,passed,1,Healthy,TLE,Right_TLE,1,1,left_Healthy_sub-394_hippocampus_lh_aligned.nii.gz,left_Healthy_sub-394_hippocampus_lh_aligned_SPHARM.vtk,test/SPHARM_LEFT/spharm_results/left_Healthy_sub-394_hippocampus_lh_aligned_SPHARM.vtk,SPHARM/SPHARM_LEFT/spharm_status_shard2.json
sub-397,test,left,test_left,passed,1,TLE,TLE,Left_TLE,1,1,left_TLE_sub-397_hippocampus_lh_aligned.nii.gz,left_TLE_sub-397_hippocampus_lh_aligned_SPHARM.vtk,test/SPHARM_LEFT/spharm_results/left_TLE_sub-397_hippocampus_lh_aligned_SPHARM.vtk,SPHARM/SPHARM_LEFT/spharm_status_shard0.json
sub-4002,test,left,test_left,passed,1,Healthy,Control,Control,1,1,left_Healthy_sub-4002_hippocampus_lh_aligned.nii.gz,left_Healthy_sub-4002_hippocampus_lh_aligned_SPHARM.vtk,test/SPHARM_LEFT/spharm_results/left_Healthy_sub-4002_hippocampus_lh_aligned_SPHARM.vtk,SPHARM/SPHARM_LEFT/spharm_status_shard2.json
sub-4005,test,left,test_left,passed,1,Healthy,Control,Control,1,1,left_Healthy_sub-4005_hippocampus_lh_aligned.nii.gz,left_Healthy_sub-4005_hippocampus_lh_aligned_SPHARM.vtk,test/SPHARM_LEFT/spharm_results/left_Healthy_sub-4005_hippocampus_lh_aligned_SPHARM.vtk,SPHARM/SPHARM_LEFT/spharm_status_shard2.json
sub-4016,test,left,test_left,passed,1,Healthy,Control,Control,1,1,left_Healthy_sub-4016_hippocampus_lh_aligned.nii.gz,left_Healthy_sub-4016_hippocampus_lh_aligned_SPHARM.vtk,test/SPHARM_LEFT/spharm_results/left_Healthy_sub-4016_hippocampus_lh_aligned_SPHARM.vtk,SPHARM/SPHARM_LEFT/spharm_status_shard2.json
sub-4017,test,left,test_left,passed,1,Healthy,Control,Control,1,1,left_Healthy_sub-4017_hippocampus_lh_aligned.nii.gz,left_Healthy_sub-4017_hippocampus_lh_aligned_SPHARM.vtk,test/SPHARM_LEFT/spharm_results/left_Healthy_sub-4017_hippocampus_lh_aligned_SPHARM.vtk,SPHARM/SPHARM_LEFT/spharm_status_shard0.json
sub-4029,test,left,test_left,passed,1,Healthy,Control,Control,1,1,left_Healthy_sub-4029_hippocampus_lh_aligned.nii.gz,left_Healthy_sub-4029_hippocampus_lh_aligned_SPHARM.vtk,test/SPHARM_LEFT/spharm_results/left_Healthy_sub-4029_hippocampus_lh_aligned_SPHARM.vtk,SPHARM/SPHARM_LEFT/spharm_status_shard0.json
sub-4032,test,left,test_left,passed,1,Healthy,Control,Control,1,1,left_Healthy_sub-4032_hippocampus_lh_aligned.nii.gz,left_Healthy_sub-4032_hippocampus_lh_aligned_SPHARM.vtk,test/SPHARM_LEFT/spharm_results/left_Healthy_sub-4032_hippocampus_lh_aligned_SPHARM.vtk,SPHARM/SPHARM_LEFT/spharm_status_shard1.json
sub-404,test,left,test_left,passed,1,Healthy,TLE,Right_TLE,1,1,left_Healthy_sub-404_hippocampus_lh_aligned.nii.gz,left_Healthy_sub-404_hippocampus_lh_aligned_SPHARM.vtk,test/SPHARM_LEFT/spharm_results/left_Healthy_sub-404_hippocampus_lh_aligned_SPHARM.vtk,SPHARM/SPHARM_LEFT/spharm_status_shard1.json
sub-4040,test,left,test_left,passed,1,Healthy,Control,Control,1,1,left_Healthy_sub-4040_hippocampus_lh_aligned.nii.gz,left_Healthy_sub-4040_hippocampus_lh_aligned_SPHARM.vtk,test/SPHARM_LEFT/spharm_results/left_Healthy_sub-4040_hippocampus_lh_aligned_SPHARM.vtk,SPHARM/SPHARM_LEFT/spharm_status_shard0.json
sub-4050,test,left,test_left,passed,1,Healthy,Control,Control,1,1,left_Healthy_sub-4050_hippocampus_lh_aligned.nii.gz,left_Healthy_sub-4050_hippocampus_lh_aligned_SPHARM.vtk,test/SPHARM_LEFT/spharm_results/left_Healthy_sub-4050_hippocampus_lh_aligned_SPHARM.vtk,SPHARM/SPHARM_LEFT/spharm_status_shard2.json
sub-4059,test,left,test_left,passed,1,Healthy,Control,Control,1,1,left_Healthy_sub-4059_hippocampus_lh_aligned.nii.gz,left_Healthy_sub-4059_hippocampus_lh_aligned_SPHARM.vtk,test/SPHARM_LEFT/spharm_results/left_Healthy_sub-4059_hippocampus_lh_aligned_SPHARM.vtk,SPHARM/SPHARM_LEFT/spharm_status_shard2.json
sub-406,test,left,test_left,passed,1,Healthy,TLE,Right_TLE,1,1,left_Healthy_sub-406_hippocampus_lh_aligned.nii.gz,left_Healthy_sub-406_hippocampus_lh_aligned_SPHARM.vtk,test/SPHARM_LEFT/spharm_results/left_Healthy_sub-406_hippocampus_lh_aligned_SPHARM.vtk,SPHARM/SPHARM_LEFT/spharm_status_shard2.json
sub-4062,test,left,test_left,passed,1,Healthy,Control,Control,1,1,left_Healthy_sub-4062_hippocampus_lh_aligned.nii.gz,left_Healthy_sub-4062_hippocampus_lh_aligned_SPHARM.vtk,test/SPHARM_LEFT/spharm_results/left_Healthy_sub-4062_hippocampus_lh_aligned_SPHARM.vtk,SPHARM/SPHARM_LEFT/spharm_status_shard0.json
sub-4066,test,left,test_left,passed,1,Healthy,Control,Control,1,1,left_Healthy_sub-4066_hippocampus_lh_aligned.nii.gz,left_Healthy_sub-4066_hippocampus_lh_aligned_SPHARM.vtk,test/SPHARM_LEFT/spharm_results/left_Healthy_sub-4066_hippocampus_lh_aligned_SPHARM.vtk,SPHARM/SPHARM_LEFT/spharm_status_shard1.json
sub-4070,test,left,test_left,passed,1,Healthy,Control,Control,1,1,left_Healthy_sub-4070_hippocampus_lh_aligned.nii.gz,left_Healthy_sub-4070_hippocampus_lh_aligned_SPHARM.vtk,test/SPHARM_LEFT/spharm_results/left_Healthy_sub-4070_hippocampus_lh_aligned_SPHARM.vtk,SPHARM/SPHARM_LEFT/spharm_status_shard0.json
sub-4071,test,left,test_left,passed,1,Healthy,Control,Control,1,1,left_Healthy_sub-4071_hippocampus_lh_aligned.nii.gz,left_Healthy_sub-4071_hippocampus_lh_aligned_SPHARM.vtk,test/SPHARM_LEFT/spharm_results/left_Healthy_sub-4071_hippocampus_lh_aligned_SPHARM.vtk,SPHARM/SPHARM_LEFT/spharm_status_shard1.json
sub-4073,test,left,test_left,passed,1,Healthy,Control,Control,1,1,left_Healthy_sub-4073_hippocampus_lh_aligned.nii.gz,left_Healthy_sub-4073_hippocampus_lh_aligned_SPHARM.vtk,test/SPHARM_LEFT/spharm_results/left_Healthy_sub-4073_hippocampus_lh_aligned_SPHARM.vtk,SPHARM/SPHARM_LEFT/spharm_status_shard0.json
sub-4074,test,left,test_left,passed,1,Healthy,Control,Control,1,1,left_Healthy_sub-4074_hippocampus_lh_aligned.nii.gz,left_Healthy_sub-4074_hippocampus_lh_aligned_SPHARM.vtk,test/SPHARM_LEFT/spharm_results/left_Healthy_sub-4074_hippocampus_lh_aligned_SPHARM.vtk,SPHARM/SPHARM_LEFT/spharm_status_shard1.json
sub-4075,test,left,test_left,passed,1,Healthy,Control,Control,1,1,left_Healthy_sub-4075_hippocampus_lh_aligned.nii.gz,left_Healthy_sub-4075_hippocampus_lh_aligned_SPHARM.vtk,test/SPHARM_LEFT/spharm_results/left_Healthy_sub-4075_hippocampus_lh_aligned_SPHARM.vtk,SPHARM/SPHARM_LEFT/spharm_status_shard2.json
sub-4094,test,left,test_left,passed,1,Healthy,Control,Control,1,1,left_Healthy_sub-4094_hippocampus_lh_aligned.nii.gz,left_Healthy_sub-4094_hippocampus_lh_aligned_SPHARM.vtk,test/SPHARM_LEFT/spharm_results/left_Healthy_sub-4094_hippocampus_lh_aligned_SPHARM.vtk,SPHARM/SPHARM_LEFT/spharm_status_shard0.json
sub-4097,test,left,test_left,passed,1,Healthy,Control,Control,1,1,left_Healthy_sub-4097_hippocampus_lh_aligned.nii.gz,left_Healthy_sub-4097_hippocampus_lh_aligned_SPHARM.vtk,test/SPHARM_LEFT/spharm_results/left_Healthy_sub-4097_hippocampus_lh_aligned_SPHARM.vtk,SPHARM/SPHARM_LEFT/spharm_status_shard0.json
sub-4099,test,left,test_left,passed,1,Healthy,Control,Control,1,1,left_Healthy_sub-4099_hippocampus_lh_aligned.nii.gz,left_Healthy_sub-4099_hippocampus_lh_aligned_SPHARM.vtk,test/SPHARM_LEFT/spharm_results/left_Healthy_sub-4099_hippocampus_lh_aligned_SPHARM.vtk,SPHARM/SPHARM_LEFT/spharm_status_shard2.json
sub-418,test,left,test_left,passed,1,TLE,TLE,Left_TLE,1,1,left_TLE_sub-418_hippocampus_lh_aligned.nii.gz,left_TLE_sub-418_hippocampus_lh_aligned_SPHARM.vtk,test/SPHARM_LEFT/spharm_results/left_TLE_sub-418_hippocampus_lh_aligned_SPHARM.vtk,SPHARM/SPHARM_LEFT/spharm_status_shard0.json
sub-43,test,left,test_left,passed,1,TLE,TLE,Left_TLE,1,1,left_TLE_sub-43_hippocampus_lh_aligned.nii.gz,left_TLE_sub-43_hippocampus_lh_aligned_SPHARM.vtk,test/SPHARM_LEFT/spharm_results/left_TLE_sub-43_hippocampus_lh_aligned_SPHARM.vtk,SPHARM/SPHARM_LEFT/spharm_status_shard2.json
sub-430,test,left,test_left,passed,1,TLE,TLE,Left_TLE,1,1,left_TLE_sub-430_hippocampus_lh_aligned.nii.gz,left_TLE_sub-430_hippocampus_lh_aligned_SPHARM.vtk,test/SPHARM_LEFT/spharm_results/left_TLE_sub-430_hippocampus_lh_aligned_SPHARM.vtk,SPHARM/SPHARM_LEFT/spharm_status_shard0.json
sub-432,test,left,test_left,passed,1,Healthy,TLE,Right_TLE,1,1,left_Healthy_sub-432_hippocampus_lh_aligned.nii.gz,left_Healthy_sub-432_hippocampus_lh_aligned_SPHARM.vtk,test/SPHARM_LEFT/spharm_results/left_Healthy_sub-432_hippocampus_lh_aligned_SPHARM.vtk,SPHARM/SPHARM_LEFT/spharm_status_shard1.json
sub-441,test,left,test_left,failed,0,TLE,TLE,Left_TLE,0,0,left_TLE_sub-441_hippocampus_lh_aligned.nii.gz,left_TLE_sub-441_hippocampus_lh_aligned_SPHARM.vtk,,SPHARM/SPHARM_LEFT/spharm_status_shard0.json
sub-45,test,left,test_left,passed,1,Healthy,TLE,Right_TLE,1,1,left_Healthy_sub-45_hippocampus_lh_aligned.nii.gz,left_Healthy_sub-45_hippocampus_lh_aligned_SPHARM.vtk,test/SPHARM_LEFT/spharm_results/left_Healthy_sub-45_hippocampus_lh_aligned_SPHARM.vtk,SPHARM/SPHARM_LEFT/spharm_status_shard1.json
sub-451,test,left,test_left,failed,0,Healthy,TLE,Right_TLE,0,0,left_Healthy_sub-451_hippocampus_lh_aligned.nii.gz,left_Healthy_sub-451_hippocampus_lh_aligned_SPHARM.vtk,,SPHARM/SPHARM_LEFT/spharm_status_shard2.json
sub-454,test,left,test_left,passed,1,TLE,TLE,Left_TLE,1,1,left_TLE_sub-454_hippocampus_lh_aligned.nii.gz,left_TLE_sub-454_hippocampus_lh_aligned_SPHARM.vtk,test/SPHARM_LEFT/spharm_results/left_TLE_sub-454_hippocampus_lh_aligned_SPHARM.vtk,SPHARM/SPHARM_LEFT/spharm_status_shard0.json
sub-49,test,left,test_left,passed,1,Healthy,TLE,Right_TLE,1,1,left_Healthy_sub-49_hippocampus_lh_aligned.nii.gz,left_Healthy_sub-49_hippocampus_lh_aligned_SPHARM.vtk,test/SPHARM_LEFT/spharm_results/left_Healthy_sub-49_hippocampus_lh_aligned_SPHARM.vtk,SPHARM/SPHARM_LEFT/spharm_status_shard2.json
sub-71,test,left,test_left,passed,1,TLE,TLE,Left_TLE,1,1,left_TLE_sub-71_hippocampus_lh_aligned.nii.gz,left_TLE_sub-71_hippocampus_lh_aligned_SPHARM.vtk,test/SPHARM_LEFT/spharm_results/left_TLE_sub-71_hippocampus_lh_aligned_SPHARM.vtk,SPHARM/SPHARM_LEFT/spharm_status_shard0.json
sub-75,test,left,test_left,passed,1,Healthy,TLE,Right_TLE,1,1,left_Healthy_sub-75_hippocampus_lh_aligned.nii.gz,left_Healthy_sub-75_hippocampus_lh_aligned_SPHARM.vtk,test/SPHARM_LEFT/spharm_results/left_Healthy_sub-75_hippocampus_lh_aligned_SPHARM.vtk,SPHARM/SPHARM_LEFT/spharm_status_shard1.json
sub-82,test,left,test_left,passed,1,Healthy,TLE,Right_TLE,1,1,left_Healthy_sub-82_hippocampus_lh_aligned.nii.gz,left_Healthy_sub-82_hippocampus_lh_aligned_SPHARM.vtk,test/SPHARM_LEFT/spharm_results/left_Healthy_sub-82_hippocampus_lh_aligned_SPHARM.vtk,SPHARM/SPHARM_LEFT/spharm_status_shard1.json
sub-84,test,left,test_left,passed,1,Healthy,TLE,Right_TLE,1,1,left_Healthy_sub-84_hippocampus_lh_aligned.nii.gz,left_Healthy_sub-84_hippocampus_lh_aligned_SPHARM.vtk,test/SPHARM_LEFT/spharm_results/left_Healthy_sub-84_hippocampus_lh_aligned_SPHARM.vtk,SPHARM/SPHARM_LEFT/spharm_status_shard2.json
sub-85,test,left,test_left,passed,1,TLE,TLE,Left_TLE,1,1,left_TLE_sub-85_hippocampus_lh_aligned.nii.gz,left_TLE_sub-85_hippocampus_lh_aligned_SPHARM.vtk,test/SPHARM_LEFT/spharm_results/left_TLE_sub-85_hippocampus_lh_aligned_SPHARM.vtk,SPHARM/SPHARM_LEFT/spharm_status_shard1.json
sub-93,test,left,test_left,passed,1,TLE,TLE,Left_TLE,1,1,left_TLE_sub-93_hippocampus_lh_aligned.nii.gz,left_TLE_sub-93_hippocampus_lh_aligned_SPHARM.vtk,test/SPHARM_LEFT/spharm_results/left_TLE_sub-93_hippocampus_lh_aligned_SPHARM.vtk,SPHARM/SPHARM_LEFT/spharm_status_shard2.json
sub-04001,test,right,test_right,passed,1,Healthy,Control,Control,1,1,right_Healthy_sub-04001_hippocampus_rh_aligned.nii.gz,right_Healthy_sub-04001_hippocampus_rh_aligned_SPHARM.vtk,test/SPHARM_RIGHT/spharm_results/right_Healthy_sub-04001_hippocampus_rh_aligned_SPHARM.vtk,SPHARM/SPHARM_RIGHT/spharm_status_shard1.json
sub-04018,test,right,test_right,passed,1,Healthy,Control,Control,1,1,right_Healthy_sub-04018_hippocampus_rh_aligned.nii.gz,right_Healthy_sub-04018_hippocampus_rh_aligned_SPHARM.vtk,test/SPHARM_RIGHT/spharm_results/right_Healthy_sub-04018_hippocampus_rh_aligned_SPHARM.vtk,SPHARM/SPHARM_RIGHT/spharm_status_shard3.json
sub-04028,test,right,test_right,passed,1,Healthy,Control,Control,1,1,right_Healthy_sub-04028_hippocampus_rh_aligned.nii.gz,right_Healthy_sub-04028_hippocampus_rh_aligned_SPHARM.vtk,test/SPHARM_RIGHT/spharm_results/right_Healthy_sub-04028_hippocampus_rh_aligned_SPHARM.vtk,SPHARM/SPHARM_RIGHT/spharm_status_shard1.json
sub-04173,test,right,test_right,passed,1,Healthy,Control,Control,1,1,right_Healthy_sub-04173_hippocampus_rh_aligned.nii.gz,right_Healthy_sub-04173_hippocampus_rh_aligned_SPHARM.vtk,test/SPHARM_RIGHT/spharm_results/right_Healthy_sub-04173_hippocampus_rh_aligned_SPHARM.vtk,SPHARM/SPHARM_RIGHT/spharm_status_shard0.json
sub-04181,test,right,test_right,passed,1,Healthy,Control,Control,1,1,right_Healthy_sub-04181_hippocampus_rh_aligned.nii.gz,right_Healthy_sub-04181_hippocampus_rh_aligned_SPHARM.vtk,test/SPHARM_RIGHT/spharm_results/right_Healthy_sub-04181_hippocampus_rh_aligned_SPHARM.vtk,SPHARM/SPHARM_RIGHT/spharm_status_shard2.json
sub-04204,test,right,test_right,passed,1,Healthy,Control,Control,1,1,right_Healthy_sub-04204_hippocampus_rh_aligned.nii.gz,right_Healthy_sub-04204_hippocampus_rh_aligned_SPHARM.vtk,test/SPHARM_RIGHT/spharm_results/right_Healthy_sub-04204_hippocampus_rh_aligned_SPHARM.vtk,SPHARM/SPHARM_RIGHT/spharm_status_shard1.json
sub-04210,test,right,test_right,passed,1,Healthy,Control,Control,1,1,right_Healthy_sub-04210_hippocampus_rh_aligned.nii.gz,right_Healthy_sub-04210_hippocampus_rh_aligned_SPHARM.vtk,test/SPHARM_RIGHT/spharm_results/right_Healthy_sub-04210_hippocampus_rh_aligned_SPHARM.vtk,SPHARM/SPHARM_RIGHT/spharm_status_shard3.json
sub-109,test,right,test_right,passed,1,Healthy,TLE,Left_TLE,1,1,right_Healthy_sub-109_hippocampus_rh_aligned.nii.gz,right_Healthy_sub-109_hippocampus_rh_aligned_SPHARM.vtk,test/SPHARM_RIGHT/spharm_results/right_Healthy_sub-109_hippocampus_rh_aligned_SPHARM.vtk,SPHARM/SPHARM_RIGHT/spharm_status_shard3.json
sub-127,test,right,test_right,passed,1,Healthy,TLE,Left_TLE,1,1,right_Healthy_sub-127_hippocampus_rh_aligned.nii.gz,right_Healthy_sub-127_hippocampus_rh_aligned_SPHARM.vtk,test/SPHARM_RIGHT/spharm_results/right_Healthy_sub-127_hippocampus_rh_aligned_SPHARM.vtk,SPHARM/SPHARM_RIGHT/spharm_status_shard3.json
sub-152,test,right,test_right,passed,1,TLE,TLE,Right_TLE,1,1,right_TLE_sub-152_hippocampus_rh_aligned.nii.gz,right_TLE_sub-152_hippocampus_rh_aligned_SPHARM.vtk,test/SPHARM_RIGHT/spharm_results/right_TLE_sub-152_hippocampus_rh_aligned_SPHARM.vtk,SPHARM/SPHARM_RIGHT/spharm_status_shard1.json
sub-156,test,right,test_right,passed,1,Healthy,TLE,Left_TLE,1,1,right_Healthy_sub-156_hippocampus_rh_aligned.nii.gz,right_Healthy_sub-156_hippocampus_rh_aligned_SPHARM.vtk,test/SPHARM_RIGHT/spharm_results/right_Healthy_sub-156_hippocampus_rh_aligned_SPHARM.vtk,SPHARM/SPHARM_RIGHT/spharm_status_shard3.json
sub-16,test,right,test_right,passed,1,TLE,TLE,Right_TLE,1,1,right_TLE_sub-16_hippocampus_rh_aligned.nii.gz,right_TLE_sub-16_hippocampus_rh_aligned_SPHARM.vtk,test/SPHARM_RIGHT/spharm_results/right_TLE_sub-16_hippocampus_rh_aligned_SPHARM.vtk,SPHARM/SPHARM_RIGHT/spharm_status_shard1.json
sub-164,test,right,test_right,passed,1,Healthy,TLE,Left_TLE,1,1,right_Healthy_sub-164_hippocampus_rh_aligned.nii.gz,right_Healthy_sub-164_hippocampus_rh_aligned_SPHARM.vtk,test/SPHARM_RIGHT/spharm_results/right_Healthy_sub-164_hippocampus_rh_aligned_SPHARM.vtk,SPHARM/SPHARM_RIGHT/spharm_status_shard1.json
sub-186,test,right,test_right,passed,1,Healthy,TLE,Left_TLE,1,1,right_Healthy_sub-186_hippocampus_rh_aligned.nii.gz,right_Healthy_sub-186_hippocampus_rh_aligned_SPHARM.vtk,test/SPHARM_RIGHT/spharm_results/right_Healthy_sub-186_hippocampus_rh_aligned_SPHARM.vtk,SPHARM/SPHARM_RIGHT/spharm_status_shard0.json
sub-202,test,right,test_right,passed,1,Healthy,TLE,Left_TLE,1,1,right_Healthy_sub-202_hippocampus_rh_aligned.nii.gz,right_Healthy_sub-202_hippocampus_rh_aligned_SPHARM.vtk,test/SPHARM_RIGHT/spharm_results/right_Healthy_sub-202_hippocampus_rh_aligned_SPHARM.vtk,SPHARM/SPHARM_RIGHT/spharm_status_shard1.json
sub-205,test,right,test_right,passed,1,Healthy,TLE,Left_TLE,1,1,right_Healthy_sub-205_hippocampus_rh_aligned.nii.gz,right_Healthy_sub-205_hippocampus_rh_aligned_SPHARM.vtk,test/SPHARM_RIGHT/spharm_results/right_Healthy_sub-205_hippocampus_rh_aligned_SPHARM.vtk,SPHARM/SPHARM_RIGHT/spharm_status_shard2.json
sub-222,test,right,test_right,passed,1,TLE,TLE,Right_TLE,1,1,right_TLE_sub-222_hippocampus_rh_aligned.nii.gz,right_TLE_sub-222_hippocampus_rh_aligned_SPHARM.vtk,test/SPHARM_RIGHT/spharm_results/right_TLE_sub-222_hippocampus_rh_aligned_SPHARM.vtk,SPHARM/SPHARM_RIGHT/spharm_status_shard1.json
sub-250,test,right,test_right,passed,1,TLE,TLE,Right_TLE,1,1,right_TLE_sub-250_hippocampus_rh_aligned.nii.gz,right_TLE_sub-250_hippocampus_rh_aligned_SPHARM.vtk,test/SPHARM_RIGHT/spharm_results/right_TLE_sub-250_hippocampus_rh_aligned_SPHARM.vtk,SPHARM/SPHARM_RIGHT/spharm_status_shard3.json
sub-271,test,right,test_right,passed,1,TLE,TLE,Right_TLE,1,1,right_TLE_sub-271_hippocampus_rh_aligned.nii.gz,right_TLE_sub-271_hippocampus_rh_aligned_SPHARM.vtk,test/SPHARM_RIGHT/spharm_results/right_TLE_sub-271_hippocampus_rh_aligned_SPHARM.vtk,SPHARM/SPHARM_RIGHT/spharm_status_shard2.json
sub-275,test,right,test_right,passed,1,Healthy,TLE,Left_TLE,1,1,right_Healthy_sub-275_hippocampus_rh_aligned.nii.gz,right_Healthy_sub-275_hippocampus_rh_aligned_SPHARM.vtk,test/SPHARM_RIGHT/spharm_results/right_Healthy_sub-275_hippocampus_rh_aligned_SPHARM.vtk,SPHARM/SPHARM_RIGHT/spharm_status_shard1.json
sub-279,test,right,test_right,passed,1,Healthy,TLE,Left_TLE,1,1,right_Healthy_sub-279_hippocampus_rh_aligned.nii.gz,right_Healthy_sub-279_hippocampus_rh_aligned_SPHARM.vtk,test/SPHARM_RIGHT/spharm_results/right_Healthy_sub-279_hippocampus_rh_aligned_SPHARM.vtk,SPHARM/SPHARM_RIGHT/spharm_status_shard2.json
sub-27960,test,right,test_right,passed,1,Healthy,TLE,Left_TLE,1,1,right_Healthy_sub-27960_hippocampus_rh_aligned.nii.gz,right_Healthy_sub-27960_hippocampus_rh_aligned_SPHARM.vtk,test/SPHARM_RIGHT/spharm_results/right_Healthy_sub-27960_hippocampus_rh_aligned_SPHARM.vtk,SPHARM/SPHARM_RIGHT/spharm_status_shard0.json
sub-27974,test,right,test_right,passed,1,Healthy,TLE,Left_TLE,1,1,right_Healthy_sub-27974_hippocampus_rh_aligned.nii.gz,right_Healthy_sub-27974_hippocampus_rh_aligned_SPHARM.vtk,test/SPHARM_RIGHT/spharm_results/right_Healthy_sub-27974_hippocampus_rh_aligned_SPHARM.vtk,SPHARM/SPHARM_RIGHT/spharm_status_shard1.json
sub-28620,test,right,test_right,passed,1,TLE,TLE,Right_TLE,1,1,right_TLE_sub-28620_hippocampus_rh_aligned.nii.gz,right_TLE_sub-28620_hippocampus_rh_aligned_SPHARM.vtk,test/SPHARM_RIGHT/spharm_results/right_TLE_sub-28620_hippocampus_rh_aligned_SPHARM.vtk,SPHARM/SPHARM_RIGHT/spharm_status_shard3.json
sub-29,test,right,test_right,passed,1,Healthy,TLE,Left_TLE,1,1,right_Healthy_sub-29_hippocampus_rh_aligned.nii.gz,right_Healthy_sub-29_hippocampus_rh_aligned_SPHARM.vtk,test/SPHARM_RIGHT/spharm_results/right_Healthy_sub-29_hippocampus_rh_aligned_SPHARM.vtk,SPHARM/SPHARM_RIGHT/spharm_status_shard3.json
sub-297,test,right,test_right,passed,1,Healthy,TLE,Left_TLE,1,1,right_Healthy_sub-297_hippocampus_rh_aligned.nii.gz,right_Healthy_sub-297_hippocampus_rh_aligned_SPHARM.vtk,test/SPHARM_RIGHT/spharm_results/right_Healthy_sub-297_hippocampus_rh_aligned_SPHARM.vtk,SPHARM/SPHARM_RIGHT/spharm_status_shard2.json
sub-324,test,right,test_right,passed,1,TLE,TLE,Right_TLE,1,1,right_TLE_sub-324_hippocampus_rh_aligned.nii.gz,right_TLE_sub-324_hippocampus_rh_aligned_SPHARM.vtk,test/SPHARM_RIGHT/spharm_results/right_TLE_sub-324_hippocampus_rh_aligned_SPHARM.vtk,SPHARM/SPHARM_RIGHT/spharm_status_shard1.json
sub-327,test,right,test_right,passed,1,TLE,TLE,Right_TLE,1,1,right_TLE_sub-327_hippocampus_rh_aligned.nii.gz,right_TLE_sub-327_hippocampus_rh_aligned_SPHARM.vtk,test/SPHARM_RIGHT/spharm_results/right_TLE_sub-327_hippocampus_rh_aligned_SPHARM.vtk,SPHARM/SPHARM_RIGHT/spharm_status_shard3.json
sub-34826,test,right,test_right,passed,1,Healthy,TLE,Left_TLE,1,1,right_Healthy_sub-34826_hippocampus_rh_aligned.nii.gz,right_Healthy_sub-34826_hippocampus_rh_aligned_SPHARM.vtk,test/SPHARM_RIGHT/spharm_results/right_Healthy_sub-34826_hippocampus_rh_aligned_SPHARM.vtk,SPHARM/SPHARM_RIGHT/spharm_status_shard3.json
sub-349,test,right,test_right,passed,1,Healthy,TLE,Left_TLE,1,1,right_Healthy_sub-349_hippocampus_rh_aligned.nii.gz,right_Healthy_sub-349_hippocampus_rh_aligned_SPHARM.vtk,test/SPHARM_RIGHT/spharm_results/right_Healthy_sub-349_hippocampus_rh_aligned_SPHARM.vtk,SPHARM/SPHARM_RIGHT/spharm_status_shard1.json
sub-35353,test,right,test_right,passed,1,Healthy,TLE,Left_TLE,1,1,right_Healthy_sub-35353_hippocampus_rh_aligned.nii.gz,right_Healthy_sub-35353_hippocampus_rh_aligned_SPHARM.vtk,test/SPHARM_RIGHT/spharm_results/right_Healthy_sub-35353_hippocampus_rh_aligned_SPHARM.vtk,SPHARM/SPHARM_RIGHT/spharm_status_shard0.json
sub-356,test,right,test_right,passed,1,TLE,TLE,Right_TLE,1,1,right_TLE_sub-356_hippocampus_rh_aligned.nii.gz,right_TLE_sub-356_hippocampus_rh_aligned_SPHARM.vtk,test/SPHARM_RIGHT/spharm_results/right_TLE_sub-356_hippocampus_rh_aligned_SPHARM.vtk,SPHARM/SPHARM_RIGHT/spharm_status_shard3.json
sub-361,test,right,test_right,passed,1,Healthy,TLE,Left_TLE,1,1,right_Healthy_sub-361_hippocampus_rh_aligned.nii.gz,right_Healthy_sub-361_hippocampus_rh_aligned_SPHARM.vtk,test/SPHARM_RIGHT/spharm_results/right_Healthy_sub-361_hippocampus_rh_aligned_SPHARM.vtk,SPHARM/SPHARM_RIGHT/spharm_status_shard1.json
sub-36664,test,right,test_right,passed,1,TLE,TLE,Right_TLE,1,1,right_TLE_sub-36664_hippocampus_rh_aligned.nii.gz,right_TLE_sub-36664_hippocampus_rh_aligned_SPHARM.vtk,test/SPHARM_RIGHT/spharm_results/right_TLE_sub-36664_hippocampus_rh_aligned_SPHARM.vtk,SPHARM/SPHARM_RIGHT/spharm_status_shard3.json
sub-368,test,right,test_right,passed,1,Healthy,TLE,Left_TLE,1,1,right_Healthy_sub-368_hippocampus_rh_aligned.nii.gz,right_Healthy_sub-368_hippocampus_rh_aligned_SPHARM.vtk,test/SPHARM_RIGHT/spharm_results/right_Healthy_sub-368_hippocampus_rh_aligned_SPHARM.vtk,SPHARM/SPHARM_RIGHT/spharm_status_shard3.json
sub-36966,test,right,test_right,passed,1,Healthy,Control,Control,1,1,right_Healthy_sub-36966_hippocampus_rh_aligned.nii.gz,right_Healthy_sub-36966_hippocampus_rh_aligned_SPHARM.vtk,test/SPHARM_RIGHT/spharm_results/right_Healthy_sub-36966_hippocampus_rh_aligned_SPHARM.vtk,SPHARM/SPHARM_RIGHT/spharm_status_shard0.json
sub-37348,test,right,test_right,passed,1,Healthy,TLE,Left_TLE,1,1,right_Healthy_sub-37348_hippocampus_rh_aligned.nii.gz,right_Healthy_sub-37348_hippocampus_rh_aligned_SPHARM.vtk,test/SPHARM_RIGHT/spharm_results/right_Healthy_sub-37348_hippocampus_rh_aligned_SPHARM.vtk,SPHARM/SPHARM_RIGHT/spharm_status_shard1.json
sub-38,test,right,test_right,passed,1,TLE,TLE,Right_TLE,1,1,right_TLE_sub-38_hippocampus_rh_aligned.nii.gz,right_TLE_sub-38_hippocampus_rh_aligned_SPHARM.vtk,test/SPHARM_RIGHT/spharm_results/right_TLE_sub-38_hippocampus_rh_aligned_SPHARM.vtk,SPHARM/SPHARM_RIGHT/spharm_status_shard3.json
sub-390,test,right,test_right,passed,1,Healthy,TLE,Left_TLE,1,1,right_Healthy_sub-390_hippocampus_rh_aligned.nii.gz,right_Healthy_sub-390_hippocampus_rh_aligned_SPHARM.vtk,test/SPHARM_RIGHT/spharm_results/right_Healthy_sub-390_hippocampus_rh_aligned_SPHARM.vtk,SPHARM/SPHARM_RIGHT/spharm_status_shard0.json
sub-394,test,right,test_right,passed,1,TLE,TLE,Right_TLE,1,1,right_TLE_sub-394_hippocampus_rh_aligned.nii.gz,right_TLE_sub-394_hippocampus_rh_aligned_SPHARM.vtk,test/SPHARM_RIGHT/spharm_results/right_TLE_sub-394_hippocampus_rh_aligned_SPHARM.vtk,SPHARM/SPHARM_RIGHT/spharm_status_shard0.json
sub-397,test,right,test_right,passed,1,Healthy,TLE,Left_TLE,1,1,right_Healthy_sub-397_hippocampus_rh_aligned.nii.gz,right_Healthy_sub-397_hippocampus_rh_aligned_SPHARM.vtk,test/SPHARM_RIGHT/spharm_results/right_Healthy_sub-397_hippocampus_rh_aligned_SPHARM.vtk,SPHARM/SPHARM_RIGHT/spharm_status_shard1.json
sub-4002,test,right,test_right,passed,1,Healthy,Control,Control,1,1,right_Healthy_sub-4002_hippocampus_rh_aligned.nii.gz,right_Healthy_sub-4002_hippocampus_rh_aligned_SPHARM.vtk,test/SPHARM_RIGHT/spharm_results/right_Healthy_sub-4002_hippocampus_rh_aligned_SPHARM.vtk,SPHARM/SPHARM_RIGHT/spharm_status_shard0.json
sub-4005,test,right,test_right,passed,1,Healthy,Control,Control,1,1,right_Healthy_sub-4005_hippocampus_rh_aligned.nii.gz,right_Healthy_sub-4005_hippocampus_rh_aligned_SPHARM.vtk,test/SPHARM_RIGHT/spharm_results/right_Healthy_sub-4005_hippocampus_rh_aligned_SPHARM.vtk,SPHARM/SPHARM_RIGHT/spharm_status_shard3.json
sub-4016,test,right,test_right,passed,1,Healthy,Control,Control,1,1,right_Healthy_sub-4016_hippocampus_rh_aligned.nii.gz,right_Healthy_sub-4016_hippocampus_rh_aligned_SPHARM.vtk,test/SPHARM_RIGHT/spharm_results/right_Healthy_sub-4016_hippocampus_rh_aligned_SPHARM.vtk,SPHARM/SPHARM_RIGHT/spharm_status_shard2.json
sub-4017,test,right,test_right,passed,1,Healthy,Control,Control,1,1,right_Healthy_sub-4017_hippocampus_rh_aligned.nii.gz,right_Healthy_sub-4017_hippocampus_rh_aligned_SPHARM.vtk,test/SPHARM_RIGHT/spharm_results/right_Healthy_sub-4017_hippocampus_rh_aligned_SPHARM.vtk,SPHARM/SPHARM_RIGHT/spharm_status_shard3.json
sub-4029,test,right,test_right,passed,1,Healthy,Control,Control,1,1,right_Healthy_sub-4029_hippocampus_rh_aligned.nii.gz,right_Healthy_sub-4029_hippocampus_rh_aligned_SPHARM.vtk,test/SPHARM_RIGHT/spharm_results/right_Healthy_sub-4029_hippocampus_rh_aligned_SPHARM.vtk,SPHARM/SPHARM_RIGHT/spharm_status_shard0.json
sub-4032,test,right,test_right,passed,1,Healthy,Control,Control,1,1,right_Healthy_sub-4032_hippocampus_rh_aligned.nii.gz,right_Healthy_sub-4032_hippocampus_rh_aligned_SPHARM.vtk,test/SPHARM_RIGHT/spharm_results/right_Healthy_sub-4032_hippocampus_rh_aligned_SPHARM.vtk,SPHARM/SPHARM_RIGHT/spharm_status_shard3.json
sub-404,test,right,test_right,passed,1,TLE,TLE,Right_TLE,1,1,right_TLE_sub-404_hippocampus_rh_aligned.nii.gz,right_TLE_sub-404_hippocampus_rh_aligned_SPHARM.vtk,test/SPHARM_RIGHT/spharm_results/right_TLE_sub-404_hippocampus_rh_aligned_SPHARM.vtk,SPHARM/SPHARM_RIGHT/spharm_status_shard0.json
sub-4040,test,right,test_right,passed,1,Healthy,Control,Control,1,1,right_Healthy_sub-4040_hippocampus_rh_aligned.nii.gz,right_Healthy_sub-4040_hippocampus_rh_aligned_SPHARM.vtk,test/SPHARM_RIGHT/spharm_results/right_Healthy_sub-4040_hippocampus_rh_aligned_SPHARM.vtk,SPHARM/SPHARM_RIGHT/spharm_status_shard3.json
sub-4050,test,right,test_right,passed,1,Healthy,Control,Control,1,1,right_Healthy_sub-4050_hippocampus_rh_aligned.nii.gz,right_Healthy_sub-4050_hippocampus_rh_aligned_SPHARM.vtk,test/SPHARM_RIGHT/spharm_results/right_Healthy_sub-4050_hippocampus_rh_aligned_SPHARM.vtk,SPHARM/SPHARM_RIGHT/spharm_status_shard1.json
sub-4059,test,right,test_right,passed,1,Healthy,Control,Control,1,1,right_Healthy_sub-4059_hippocampus_rh_aligned.nii.gz,right_Healthy_sub-4059_hippocampus_rh_aligned_SPHARM.vtk,test/SPHARM_RIGHT/spharm_results/right_Healthy_sub-4059_hippocampus_rh_aligned_SPHARM.vtk,SPHARM/SPHARM_RIGHT/spharm_status_shard2.json
sub-406,test,right,test_right,passed,1,TLE,TLE,Right_TLE,1,1,right_TLE_sub-406_hippocampus_rh_aligned.nii.gz,right_TLE_sub-406_hippocampus_rh_aligned_SPHARM.vtk,test/SPHARM_RIGHT/spharm_results/right_TLE_sub-406_hippocampus_rh_aligned_SPHARM.vtk,SPHARM/SPHARM_RIGHT/spharm_status_shard2.json
sub-4062,test,right,test_right,passed,1,Healthy,Control,Control,1,1,right_Healthy_sub-4062_hippocampus_rh_aligned.nii.gz,right_Healthy_sub-4062_hippocampus_rh_aligned_SPHARM.vtk,test/SPHARM_RIGHT/spharm_results/right_Healthy_sub-4062_hippocampus_rh_aligned_SPHARM.vtk,SPHARM/SPHARM_RIGHT/spharm_status_shard1.json
sub-4066,test,right,test_right,passed,1,Healthy,Control,Control,1,1,right_Healthy_sub-4066_hippocampus_rh_aligned.nii.gz,right_Healthy_sub-4066_hippocampus_rh_aligned_SPHARM.vtk,test/SPHARM_RIGHT/spharm_results/right_Healthy_sub-4066_hippocampus_rh_aligned_SPHARM.vtk,SPHARM/SPHARM_RIGHT/spharm_status_shard1.json
sub-4070,test,right,test_right,passed,1,Healthy,Control,Control,1,1,right_Healthy_sub-4070_hippocampus_rh_aligned.nii.gz,right_Healthy_sub-4070_hippocampus_rh_aligned_SPHARM.vtk,test/SPHARM_RIGHT/spharm_results/right_Healthy_sub-4070_hippocampus_rh_aligned_SPHARM.vtk,SPHARM/SPHARM_RIGHT/spharm_status_shard1.json
sub-4071,test,right,test_right,passed,1,Healthy,Control,Control,1,1,right_Healthy_sub-4071_hippocampus_rh_aligned.nii.gz,right_Healthy_sub-4071_hippocampus_rh_aligned_SPHARM.vtk,test/SPHARM_RIGHT/spharm_results/right_Healthy_sub-4071_hippocampus_rh_aligned_SPHARM.vtk,SPHARM/SPHARM_RIGHT/spharm_status_shard2.json
sub-4073,test,right,test_right,passed,1,Healthy,Control,Control,1,1,right_Healthy_sub-4073_hippocampus_rh_aligned.nii.gz,right_Healthy_sub-4073_hippocampus_rh_aligned_SPHARM.vtk,test/SPHARM_RIGHT/spharm_results/right_Healthy_sub-4073_hippocampus_rh_aligned_SPHARM.vtk,SPHARM/SPHARM_RIGHT/spharm_status_shard0.json
sub-4074,test,right,test_right,passed,1,Healthy,Control,Control,1,1,right_Healthy_sub-4074_hippocampus_rh_aligned.nii.gz,right_Healthy_sub-4074_hippocampus_rh_aligned_SPHARM.vtk,test/SPHARM_RIGHT/spharm_results/right_Healthy_sub-4074_hippocampus_rh_aligned_SPHARM.vtk,SPHARM/SPHARM_RIGHT/spharm_status_shard1.json
sub-4075,test,right,test_right,passed,1,Healthy,Control,Control,1,1,right_Healthy_sub-4075_hippocampus_rh_aligned.nii.gz,right_Healthy_sub-4075_hippocampus_rh_aligned_SPHARM.vtk,test/SPHARM_RIGHT/spharm_results/right_Healthy_sub-4075_hippocampus_rh_aligned_SPHARM.vtk,SPHARM/SPHARM_RIGHT/spharm_status_shard2.json
sub-4094,test,right,test_right,passed,1,Healthy,Control,Control,1,1,right_Healthy_sub-4094_hippocampus_rh_aligned.nii.gz,right_Healthy_sub-4094_hippocampus_rh_aligned_SPHARM.vtk,test/SPHARM_RIGHT/spharm_results/right_Healthy_sub-4094_hippocampus_rh_aligned_SPHARM.vtk,SPHARM/SPHARM_RIGHT/spharm_status_shard3.json
sub-4097,test,right,test_right,passed,1,Healthy,Control,Control,1,1,right_Healthy_sub-4097_hippocampus_rh_aligned.nii.gz,right_Healthy_sub-4097_hippocampus_rh_aligned_SPHARM.vtk,test/SPHARM_RIGHT/spharm_results/right_Healthy_sub-4097_hippocampus_rh_aligned_SPHARM.vtk,SPHARM/SPHARM_RIGHT/spharm_status_shard2.json
sub-4099,test,right,test_right,passed,1,Healthy,Control,Control,1,1,right_Healthy_sub-4099_hippocampus_rh_aligned.nii.gz,right_Healthy_sub-4099_hippocampus_rh_aligned_SPHARM.vtk,test/SPHARM_RIGHT/spharm_results/right_Healthy_sub-4099_hippocampus_rh_aligned_SPHARM.vtk,SPHARM/SPHARM_RIGHT/spharm_status_shard0.json
sub-418,test,right,test_right,passed,1,Healthy,TLE,Left_TLE,1,1,right_Healthy_sub-418_hippocampus_rh_aligned.nii.gz,right_Healthy_sub-418_hippocampus_rh_aligned_SPHARM.vtk,test/SPHARM_RIGHT/spharm_results/right_Healthy_sub-418_hippocampus_rh_aligned_SPHARM.vtk,SPHARM/SPHARM_RIGHT/spharm_status_shard3.json
sub-43,test,right,test_right,passed,1,Healthy,TLE,Left_TLE,1,1,right_Healthy_sub-43_hippocampus_rh_aligned.nii.gz,right_Healthy_sub-43_hippocampus_rh_aligned_SPHARM.vtk,test/SPHARM_RIGHT/spharm_results/right_Healthy_sub-43_hippocampus_rh_aligned_SPHARM.vtk,SPHARM/SPHARM_RIGHT/spharm_status_shard3.json
sub-430,test,right,test_right,passed,1,Healthy,TLE,Left_TLE,1,1,right_Healthy_sub-430_hippocampus_rh_aligned.nii.gz,right_Healthy_sub-430_hippocampus_rh_aligned_SPHARM.vtk,test/SPHARM_RIGHT/spharm_results/right_Healthy_sub-430_hippocampus_rh_aligned_SPHARM.vtk,SPHARM/SPHARM_RIGHT/spharm_status_shard1.json
sub-432,test,right,test_right,passed,1,TLE,TLE,Right_TLE,1,1,right_TLE_sub-432_hippocampus_rh_aligned.nii.gz,right_TLE_sub-432_hippocampus_rh_aligned_SPHARM.vtk,test/SPHARM_RIGHT/spharm_results/right_TLE_sub-432_hippocampus_rh_aligned_SPHARM.vtk,SPHARM/SPHARM_RIGHT/spharm_status_shard1.json
sub-441,test,right,test_right,passed,1,Healthy,TLE,Left_TLE,1,1,right_Healthy_sub-441_hippocampus_rh_aligned.nii.gz,right_Healthy_sub-441_hippocampus_rh_aligned_SPHARM.vtk,test/SPHARM_RIGHT/spharm_results/right_Healthy_sub-441_hippocampus_rh_aligned_SPHARM.vtk,SPHARM/SPHARM_RIGHT/spharm_status_shard0.json
sub-45,test,right,test_right,passed,1,TLE,TLE,Right_TLE,1,1,right_TLE_sub-45_hippocampus_rh_aligned.nii.gz,right_TLE_sub-45_hippocampus_rh_aligned_SPHARM.vtk,test/SPHARM_RIGHT/spharm_results/right_TLE_sub-45_hippocampus_rh_aligned_SPHARM.vtk,SPHARM/SPHARM_RIGHT/spharm_status_shard3.json
sub-451,test,right,test_right,passed,1,TLE,TLE,Right_TLE,1,1,right_TLE_sub-451_hippocampus_rh_aligned.nii.gz,right_TLE_sub-451_hippocampus_rh_aligned_SPHARM.vtk,test/SPHARM_RIGHT/spharm_results/right_TLE_sub-451_hippocampus_rh_aligned_SPHARM.vtk,SPHARM/SPHARM_RIGHT/spharm_status_shard1.json
sub-454,test,right,test_right,passed,1,Healthy,TLE,Left_TLE,1,1,right_Healthy_sub-454_hippocampus_rh_aligned.nii.gz,right_Healthy_sub-454_hippocampus_rh_aligned_SPHARM.vtk,test/SPHARM_RIGHT/spharm_results/right_Healthy_sub-454_hippocampus_rh_aligned_SPHARM.vtk,SPHARM/SPHARM_RIGHT/spharm_status_shard2.json
sub-49,test,right,test_right,passed,1,TLE,TLE,Right_TLE,1,1,right_TLE_sub-49_hippocampus_rh_aligned.nii.gz,right_TLE_sub-49_hippocampus_rh_aligned_SPHARM.vtk,test/SPHARM_RIGHT/spharm_results/right_TLE_sub-49_hippocampus_rh_aligned_SPHARM.vtk,SPHARM/SPHARM_RIGHT/spharm_status_shard0.json
sub-71,test,right,test_right,passed,1,Healthy,TLE,Left_TLE,1,1,right_Healthy_sub-71_hippocampus_rh_aligned.nii.gz,right_Healthy_sub-71_hippocampus_rh_aligned_SPHARM.vtk,test/SPHARM_RIGHT/spharm_results/right_Healthy_sub-71_hippocampus_rh_aligned_SPHARM.vtk,SPHARM/SPHARM_RIGHT/spharm_status_shard3.json
sub-75,test,right,test_right,passed,1,TLE,TLE,Right_TLE,1,1,right_TLE_sub-75_hippocampus_rh_aligned.nii.gz,right_TLE_sub-75_hippocampus_rh_aligned_SPHARM.vtk,test/SPHARM_RIGHT/spharm_results/right_TLE_sub-75_hippocampus_rh_aligned_SPHARM.vtk,SPHARM/SPHARM_RIGHT/spharm_status_shard1.json
sub-82,test,right,test_right,passed,1,TLE,TLE,Right_TLE,1,1,right_TLE_sub-82_hippocampus_rh_aligned.nii.gz,right_TLE_sub-82_hippocampus_rh_aligned_SPHARM.vtk,test/SPHARM_RIGHT/spharm_results/right_TLE_sub-82_hippocampus_rh_aligned_SPHARM.vtk,SPHARM/SPHARM_RIGHT/spharm_status_shard0.json
sub-84,test,right,test_right,passed,1,TLE,TLE,Right_TLE,1,1,right_TLE_sub-84_hippocampus_rh_aligned.nii.gz,right_TLE_sub-84_hippocampus_rh_aligned_SPHARM.vtk,test/SPHARM_RIGHT/spharm_results/right_TLE_sub-84_hippocampus_rh_aligned_SPHARM.vtk,SPHARM/SPHARM_RIGHT/spharm_status_shard1.json
sub-85,test,right,test_right,passed,1,Healthy,TLE,Left_TLE,1,1,right_Healthy_sub-85_hippocampus_rh_aligned.nii.gz,right_Healthy_sub-85_hippocampus_rh_aligned_SPHARM.vtk,test/SPHARM_RIGHT/spharm_results/right_Healthy_sub-85_hippocampus_rh_aligned_SPHARM.vtk,SPHARM/SPHARM_RIGHT/spharm_status_shard3.json
sub-93,test,right,test_right,passed,1,Healthy,TLE,Left_TLE,1,1,right_Healthy_sub-93_hippocampus_rh_aligned.nii.gz,right_Healthy_sub-93_hippocampus_rh_aligned_SPHARM.vtk,test/SPHARM_RIGHT/spharm_results/right_Healthy_sub-93_hippocampus_rh_aligned_SPHARM.vtk,SPHARM/SPHARM_RIGHT/spharm_status_shard3.json
