round,TP,TN,FP,FN,Accuracy,BalancedAccuracy,Sensitivity_Class0,Specificity_Class0,F1_Class0,Sensitivity_Class1,Specificity_Class1,F1_Class1,F1_macro,AUC
1,10,46,7,14,0.7272727272727273,0.6422955974842768,0.8679245283018868,0.4166666666666667,0.8141592920353983,0.4166666666666667,0.8679245283018868,0.4878048780487805,0.6509820850420893,0.7012578616352201
2,5,47,9,16,0.6753246753246753,0.5386904761904762,0.8392857142857143,0.23809523809523808,0.7899159663865546,0.23809523809523808,0.8392857142857143,0.2857142857142857,0.5378151260504201,0.5799319727891156
3,12,46,12,7,0.7532467532467533,0.7123411978221416,0.7931034482758621,0.631578947368421,0.8288288288288288,0.631578947368421,0.7931034482758621,0.5581395348837209,0.6934841818562749,0.8049001814882033
4,7,53,6,11,0.7792207792207793,0.6435969868173258,0.8983050847457628,0.3888888888888889,0.8617886178861789,0.3888888888888889,0.8983050847457628,0.45161290322580644,0.6567007605559927,0.8192090395480226
5,7,43,11,16,0.6493506493506493,0.5503220611916264,0.7962962962962963,0.30434782608695654,0.7610619469026548,0.30434782608695654,0.7962962962962963,0.34146341463414637,0.5512626807684006,0.7367149758454106
6,9,53,3,12,0.8051948051948052,0.6875,0.9464285714285714,0.42857142857142855,0.8760330578512396,0.42857142857142855,0.9464285714285714,0.5454545454545454,0.7107438016528925,0.8010204081632654
7,8,53,3,13,0.7922077922077922,0.6636904761904762,0.9464285714285714,0.38095238095238093,0.8688524590163934,0.38095238095238093,0.9464285714285714,0.5,0.6844262295081966,0.8086734693877552
8,9,44,11,13,0.6883116883116883,0.6045454545454546,0.8,0.4090909090909091,0.7857142857142857,0.4090909090909091,0.8,0.42857142857142855,0.6071428571428571,0.7669421487603307
9,11,46,9,11,0.7402597402597403,0.6681818181818182,0.8363636363636363,0.5,0.8214285714285714,0.5,0.8363636363636363,0.5238095238095238,0.6726190476190477,0.7578512396694215
10,8,49,13,7,0.7402597402597403,0.6618279569892473,0.7903225806451613,0.5333333333333333,0.8305084745762712,0.5333333333333333,0.7903225806451613,0.4444444444444444,0.6374764595103578,0.7494623655913978
11,12,48,6,11,0.7792207792207793,0.7053140096618358,0.8888888888888888,0.5217391304347826,0.8495575221238938,0.5217391304347826,0.8888888888888888,0.5853658536585366,0.7174616878912152,0.78743961352657
12,8,47,8,14,0.7142857142857143,0.6090909090909091,0.8545454545454545,0.36363636363636365,0.8103448275862069,0.36363636363636365,0.8545454545454545,0.42105263157894735,0.6156987295825771,0.7859504132231405
13,7,49,11,10,0.7272727272727273,0.6142156862745098,0.8166666666666667,0.4117647058823529,0.8235294117647058,0.4117647058823529,0.8166666666666667,0.4,0.611764705882353,0.7774509803921569
14,6,47,11,13,0.6883116883116883,0.5630671506352087,0.8103448275862069,0.3157894736842105,0.7966101694915254,0.3157894736842105,0.8103448275862069,0.3333333333333333,0.5649717514124294,0.7286751361161523
15,7,54,6,10,0.7922077922077922,0.6558823529411765,0.9,0.4117647058823529,0.8709677419354839,0.4117647058823529,0.9,0.4666666666666667,0.6688172043010753,0.7578431372549019
16,9,46,12,10,0.7142857142857143,0.6333938294010889,0.7931034482758621,0.47368421052631576,0.8070175438596491,0.47368421052631576,0.7931034482758621,0.45,0.6285087719298246,0.7096188747731397
17,9,50,7,11,0.7662337662337663,0.6635964912280702,0.8771929824561403,0.45,0.847457627118644,0.45,0.8771929824561403,0.5,0.673728813559322,0.6789473684210526
18,12,45,7,13,0.7402597402597403,0.6726923076923077,0.8653846153846154,0.48,0.8181818181818182,0.48,0.8653846153846154,0.5454545454545454,0.6818181818181819,0.7884615384615384
19,10,44,12,11,0.7012987012987013,0.6309523809523809,0.7857142857142857,0.47619047619047616,0.7927927927927928,0.47619047619047616,0.7857142857142857,0.46511627906976744,0.6289545359312801,0.7908163265306121
20,8,41,15,13,0.6363636363636364,0.5565476190476191,0.7321428571428571,0.38095238095238093,0.7454545454545455,0.38095238095238093,0.7321428571428571,0.36363636363636365,0.5545454545454546,0.6794217687074829
21,12,46,9,10,0.7532467532467533,0.6909090909090909,0.8363636363636363,0.5454545454545454,0.8288288288288288,0.5454545454545454,0.8363636363636363,0.5581395348837209,0.6934841818562749,0.8314049586776859
22,6,51,7,13,0.7402597402597403,0.5975499092558983,0.8793103448275862,0.3157894736842105,0.8360655737704918,0.3157894736842105,0.8793103448275862,0.375,0.6055327868852459,0.777676950998185
23,8,49,9,11,0.7402597402597403,0.632940108892922,0.8448275862068966,0.42105263157894735,0.8305084745762712,0.42105263157894735,0.8448275862068966,0.4444444444444444,0.6374764595103578,0.7386569872958259
24,12,48,8,9,0.7792207792207793,0.7142857142857142,0.8571428571428571,0.5714285714285714,0.8495575221238938,0.5714285714285714,0.8571428571428571,0.5853658536585366,0.7174616878912152,0.8027210884353742
25,11,47,11,8,0.7532467532467533,0.6946460980036298,0.8103448275862069,0.5789473684210527,0.831858407079646,0.5789473684210527,0.8103448275862069,0.5365853658536586,0.6842218864666523,0.7931034482758621
26,11,50,7,9,0.7922077922077922,0.7135964912280701,0.8771929824561403,0.55,0.8620689655172413,0.55,0.8771929824561403,0.5789473684210527,0.720508166969147,0.7789473684210527
27,7,54,5,11,0.7922077922077922,0.6520715630885122,0.9152542372881356,0.3888888888888889,0.8709677419354839,0.3888888888888889,0.9152542372881356,0.4666666666666667,0.6688172043010753,0.6760828625235404
28,4,54,7,12,0.7532467532467533,0.5676229508196722,0.8852459016393442,0.25,0.8503937007874016,0.25,0.8852459016393442,0.2962962962962963,0.573344998541849,0.5563524590163935
29,7,46,12,12,0.6883116883116883,0.5807622504537205,0.7931034482758621,0.3684210526315789,0.7931034482758621,0.3684210526315789,0.7931034482758621,0.3684210526315789,0.5807622504537205,0.6406533575317604
30,6,53,10,8,0.7662337662337663,0.6349206349206349,0.8412698412698413,0.42857142857142855,0.8548387096774194,0.42857142857142855,0.8412698412698413,0.4,0.6274193548387097,0.8015873015873016
31,12,49,7,9,0.7922077922077922,0.7232142857142857,0.875,0.5714285714285714,0.8596491228070176,0.5714285714285714,0.875,0.6,0.7298245614035088,0.9039115646258503
32,14,48,5,10,0.8051948051948052,0.7444968553459119,0.9056603773584906,0.5833333333333334,0.8648648648648649,0.5833333333333334,0.9056603773584906,0.6511627906976745,0.7580138277812697,0.884433962264151
33,12,45,7,13,0.7402597402597403,0.6726923076923077,0.8653846153846154,0.48,0.8181818181818182,0.48,0.8653846153846154,0.5454545454545454,0.6818181818181819,0.8469230769230769
34,9,49,12,7,0.7532467532467533,0.6828893442622951,0.8032786885245902,0.5625,0.8376068376068376,0.5625,0.8032786885245902,0.4864864864864865,0.6620466620466621,0.8114754098360657
35,8,46,7,16,0.7012987012987013,0.60062893081761,0.8679245283018868,0.3333333333333333,0.8,0.3333333333333333,0.8679245283018868,0.41025641025641024,0.6051282051282052,0.7397798742138364
36,4,50,9,14,0.7012987012987013,0.5348399246704332,0.847457627118644,0.2222222222222222,0.8130081300813008,0.2222222222222222,0.847457627118644,0.25806451612903225,0.5355363231051665,0.6308851224105461
37,10,48,7,12,0.7532467532467533,0.6636363636363636,0.8727272727272727,0.45454545454545453,0.8347826086956521,0.45454545454545453,0.8727272727272727,0.5128205128205128,0.6738015607580825,0.8231404958677685
38,7,51,7,12,0.7532467532467533,0.6238656987295825,0.8793103448275862,0.3684210526315789,0.8429752066115702,0.3684210526315789,0.8793103448275862,0.42424242424242425,0.6336088154269972,0.6143375680580763
39,10,48,14,5,0.7532467532467533,0.7204301075268817,0.7741935483870968,0.6666666666666666,0.8347826086956521,0.6666666666666666,0.7741935483870968,0.5128205128205128,0.6738015607580825,0.8215053763440859
40,7,46,9,15,0.6883116883116883,0.5772727272727273,0.8363636363636363,0.3181818181818182,0.7931034482758621,0.3181818181818182,0.8363636363636363,0.3684210526315789,0.5807622504537205,0.6983471074380165
41,9,48,7,13,0.7402597402597403,0.6409090909090909,0.8727272727272727,0.4090909090909091,0.8275862068965517,0.4090909090909091,0.8727272727272727,0.47368421052631576,0.6506352087114338,0.7190082644628099
42,7,51,10,9,0.7532467532467533,0.6367827868852459,0.8360655737704918,0.4375,0.8429752066115702,0.4375,0.8360655737704918,0.42424242424242425,0.6336088154269972,0.7459016393442623
43,6,57,6,8,0.8181818181818182,0.6666666666666666,0.9047619047619048,0.42857142857142855,0.890625,0.42857142857142855,0.9047619047619048,0.46153846153846156,0.6760817307692308,0.7755102040816326
44,15,43,10,9,0.7532467532467533,0.7181603773584906,0.8113207547169812,0.625,0.819047619047619,0.625,0.8113207547169812,0.6122448979591837,0.7156462585034014,0.7932389937106918
45,8,46,10,13,0.7012987012987013,0.6011904761904762,0.8214285714285714,0.38095238095238093,0.8,0.38095238095238093,0.8214285714285714,0.41025641025641024,0.6051282051282052,0.6403061224489797
46,11,45,7,14,0.7272727272727273,0.6526923076923077,0.8653846153846154,0.44,0.8108108108108109,0.44,0.8653846153846154,0.5116279069767442,0.6612193588937776,0.81
47,10,42,10,15,0.6753246753246753,0.6038461538461539,0.8076923076923077,0.4,0.7706422018348624,0.4,0.8076923076923077,0.4444444444444444,0.6075433231396534,0.6984615384615385
48,12,44,5,16,0.7272727272727273,0.6632653061224489,0.8979591836734694,0.42857142857142855,0.8073394495412844,0.42857142857142855,0.8979591836734694,0.5333333333333333,0.6703363914373088,0.8811953352769679
49,7,53,10,7,0.7792207792207793,0.6706349206349207,0.8412698412698413,0.5,0.8617886178861789,0.5,0.8412698412698413,0.45161290322580644,0.6567007605559927,0.6247165532879818
50,15,42,7,13,0.7402597402597403,0.6964285714285714,0.8571428571428571,0.5357142857142857,0.8076923076923077,0.5357142857142857,0.8571428571428571,0.6,0.7038461538461538,0.7959183673469388
51,7,45,13,12,0.6753246753246753,0.572141560798548,0.7758620689655172,0.3684210526315789,0.782608695652174,0.3684210526315789,0.7758620689655172,0.358974358974359,0.5707915273132664,0.6515426497277677
52,4,47,8,18,0.6623376623376623,0.5181818181818182,0.8545454545454545,0.18181818181818182,0.7833333333333333,0.18181818181818182,0.8545454545454545,0.23529411764705882,0.509313725490196,0.6578512396694216
53,9,45,4,19,0.7012987012987013,0.6198979591836735,0.9183673469387755,0.32142857142857145,0.7964601769911505,0.32142857142857145,0.9183673469387755,0.43902439024390244,0.6177422836175265,0.717201166180758
54,18,47,6,6,0.8441558441558441,0.8183962264150944,0.8867924528301887,0.75,0.8867924528301887,0.75,0.8867924528301887,0.75,0.8183962264150944,0.9261006289308176
55,10,49,9,9,0.7662337662337663,0.6855716878402904,0.8448275862068966,0.5263157894736842,0.8448275862068966,0.5263157894736842,0.8448275862068966,0.5263157894736842,0.6855716878402904,0.793103448275862
56,4,52,10,11,0.7272727272727273,0.5526881720430108,0.8387096774193549,0.26666666666666666,0.832,0.26666666666666666,0.8387096774193549,0.27586206896551724,0.5539310344827586,0.6688172043010753
57,11,37,10,19,0.6233766233766234,0.576950354609929,0.7872340425531915,0.36666666666666664,0.7184466019417476,0.36666666666666664,0.7872340425531915,0.43137254901960786,0.5749095754806777,0.6907801418439716
58,7,47,13,10,0.7012987012987013,0.5975490196078431,0.7833333333333333,0.4117647058823529,0.8034188034188035,0.4117647058823529,0.7833333333333333,0.3783783783783784,0.5908985908985909,0.7019607843137255
59,2,45,10,20,0.6103896103896104,0.4545454545454546,0.8181818181818182,0.09090909090909091,0.75,0.09090909090909091,0.8181818181818182,0.11764705882352941,0.4338235294117647,0.6909090909090909
60,10,37,13,17,0.6103896103896104,0.5551851851851852,0.74,0.37037037037037035,0.7115384615384616,0.37037037037037035,0.74,0.4,0.5557692307692308,0.6325925925925926
61,9,49,8,11,0.7532467532467533,0.6548245614035088,0.8596491228070176,0.45,0.8376068376068376,0.45,0.8596491228070176,0.4864864864864865,0.6620466620466621,0.781578947368421
62,14,38,12,13,0.6753246753246753,0.6392592592592592,0.76,0.5185185185185185,0.7524752475247525,0.5185185185185185,0.76,0.5283018867924528,0.6403885671586027,0.7377777777777779
63,9,49,7,12,0.7532467532467533,0.6517857142857143,0.875,0.42857142857142855,0.8376068376068376,0.42857142857142855,0.875,0.4864864864864865,0.6620466620466621,0.8052721088435374
64,12,46,7,12,0.7532467532467533,0.6839622641509434,0.8679245283018868,0.5,0.8288288288288288,0.5,0.8679245283018868,0.5581395348837209,0.6934841818562749,0.7822327044025157
65,9,49,7,12,0.7532467532467533,0.6517857142857143,0.875,0.42857142857142855,0.8376068376068376,0.42857142857142855,0.875,0.4864864864864865,0.6620466620466621,0.7499999999999999
66,9,46,8,14,0.7142857142857143,0.6215780998389694,0.8518518518518519,0.391304347826087,0.8070175438596491,0.391304347826087,0.8518518518518519,0.45,0.6285087719298246,0.7334943639291465
67,6,54,9,8,0.7792207792207793,0.6428571428571428,0.8571428571428571,0.42857142857142855,0.864,0.42857142857142855,0.8571428571428571,0.41379310344827586,0.638896551724138,0.7936507936507937
68,6,53,9,9,0.7662337662337663,0.6274193548387097,0.8548387096774194,0.4,0.8548387096774194,0.4,0.8548387096774194,0.4,0.6274193548387097,0.718279569892473
69,11,47,9,10,0.7532467532467533,0.6815476190476191,0.8392857142857143,0.5238095238095238,0.831858407079646,0.5238095238095238,0.8392857142857143,0.5365853658536586,0.6842218864666523,0.7840136054421769
70,11,51,5,10,0.8051948051948052,0.7172619047619048,0.9107142857142857,0.5238095238095238,0.8717948717948718,0.5238095238095238,0.9107142857142857,0.5945945945945946,0.7331947331947333,0.8273809523809524
71,6,57,4,10,0.8181818181818182,0.6547131147540983,0.9344262295081968,0.375,0.890625,0.375,0.9344262295081968,0.46153846153846156,0.6760817307692308,0.8237704918032787
72,10,52,5,10,0.8051948051948052,0.706140350877193,0.9122807017543859,0.5,0.8739495798319328,0.5,0.9122807017543859,0.5714285714285714,0.7226890756302521,0.7421052631578947
73,12,49,6,10,0.7922077922077922,0.7181818181818181,0.8909090909090909,0.5454545454545454,0.8596491228070176,0.5454545454545454,0.8909090909090909,0.6,0.7298245614035088,0.8776859504132232
74,9,43,11,14,0.6753246753246753,0.5938003220611916,0.7962962962962963,0.391304347826087,0.7747747747747747,0.391304347826087,0.7962962962962963,0.4186046511627907,0.5966897129687827,0.6948470209339773
75,11,44,9,13,0.7142857142857143,0.6442610062893082,0.8301886792452831,0.4583333333333333,0.8,0.4583333333333333,0.8301886792452831,0.5,0.65,0.6894654088050316
76,10,48,8,11,0.7532467532467533,0.6666666666666666,0.8571428571428571,0.47619047619047616,0.8347826086956521,0.47619047619047616,0.8571428571428571,0.5128205128205128,0.6738015607580825,0.7729591836734693
77,10,41,11,15,0.6623376623376623,0.5942307692307692,0.7884615384615384,0.4,0.7592592592592593,0.4,0.7884615384615384,0.43478260869565216,0.5970209339774557,0.7338461538461539
78,4,56,5,12,0.7792207792207793,0.584016393442623,0.9180327868852459,0.25,0.8682170542635659,0.25,0.9180327868852459,0.32,0.594108527131783,0.8114754098360656
79,8,51,9,9,0.7662337662337663,0.6602941176470588,0.85,0.47058823529411764,0.85,0.47058823529411764,0.85,0.47058823529411764,0.6602941176470588,0.7637254901960784
80,7,50,7,13,0.7402597402597403,0.6135964912280701,0.8771929824561403,0.35,0.8333333333333334,0.35,0.8771929824561403,0.4117647058823529,0.6225490196078431,0.8043859649122806
81,9,49,8,11,0.7532467532467533,0.6548245614035088,0.8596491228070176,0.45,0.8376068376068376,0.45,0.8596491228070176,0.4864864864864865,0.6620466620466621,0.7894736842105263
82,11,51,7,8,0.8051948051948052,0.7291288566243195,0.8793103448275862,0.5789473684210527,0.8717948717948718,0.5789473684210527,0.8793103448275862,0.5945945945945946,0.7331947331947333,0.8647912885662431
83,13,47,4,13,0.7792207792207793,0.7107843137254901,0.9215686274509803,0.5,0.8468468468468469,0.5,0.9215686274509803,0.6046511627906976,0.7257490048187722,0.7933634992458521
84,7,47,7,16,0.7012987012987013,0.5873590982286634,0.8703703703703703,0.30434782608695654,0.8034188034188035,0.30434782608695654,0.8703703703703703,0.3783783783783784,0.5908985908985909,0.7085346215780999
85,7,48,9,13,0.7142857142857143,0.5960526315789474,0.8421052631578947,0.35,0.8135593220338984,0.35,0.8421052631578947,0.3888888888888889,0.6012241054613936,0.7175438596491228
86,15,43,8,11,0.7532467532467533,0.7100301659125188,0.8431372549019608,0.5769230769230769,0.819047619047619,0.5769230769230769,0.8431372549019608,0.6122448979591837,0.7156462585034014,0.8190045248868777
87,8,49,7,13,0.7402597402597403,0.6279761904761905,0.875,0.38095238095238093,0.8305084745762712,0.38095238095238093,0.875,0.4444444444444444,0.6374764595103578,0.8299319727891157
88,11,48,6,12,0.7662337662337663,0.6835748792270531,0.8888888888888888,0.4782608695652174,0.8421052631578947,0.4782608695652174,0.8888888888888888,0.55,0.6960526315789474,0.8164251207729468
89,4,46,5,22,0.6493506493506493,0.5279034690799397,0.9019607843137255,0.15384615384615385,0.773109243697479,0.15384615384615385,0.9019607843137255,0.22857142857142856,0.5008403361344538,0.6802413273001509
90,12,46,10,9,0.7532467532467533,0.6964285714285714,0.8214285714285714,0.5714285714285714,0.8288288288288288,0.5714285714285714,0.8214285714285714,0.5581395348837209,0.6934841818562749,0.7321428571428572
91,7,52,3,15,0.7662337662337663,0.6318181818181818,0.9454545454545454,0.3181818181818182,0.8524590163934426,0.3181818181818182,0.9454545454545454,0.4375,0.6449795081967213,0.8173553719008265
92,11,50,4,12,0.7922077922077922,0.7020933977455717,0.9259259259259259,0.4782608695652174,0.8620689655172413,0.4782608695652174,0.9259259259259259,0.5789473684210527,0.720508166969147,0.8518518518518517
93,8,51,6,12,0.7662337662337663,0.6473684210526316,0.8947368421052632,0.4,0.85,0.4,0.8947368421052632,0.47058823529411764,0.6602941176470588,0.7596491228070175
94,7,49,7,14,0.7272727272727273,0.6041666666666666,0.875,0.3333333333333333,0.8235294117647058,0.3333333333333333,0.875,0.4,0.611764705882353,0.7125850340136054
95,11,50,7,9,0.7922077922077922,0.7135964912280701,0.8771929824561403,0.55,0.8620689655172413,0.55,0.8771929824561403,0.5789473684210527,0.720508166969147,0.8921052631578948
96,12,47,10,8,0.7662337662337663,0.712280701754386,0.8245614035087719,0.6,0.8392857142857143,0.6,0.8245614035087719,0.5714285714285714,0.7053571428571428,0.8456140350877193
97,6,53,8,10,0.7662337662337663,0.6219262295081966,0.8688524590163934,0.375,0.8548387096774194,0.375,0.8688524590163934,0.4,0.6274193548387097,0.7612704918032787
98,6,51,6,14,0.7402597402597403,0.5973684210526315,0.8947368421052632,0.3,0.8360655737704918,0.3,0.8947368421052632,0.375,0.6055327868852459,0.7614035087719297
99,7,50,8,12,0.7402597402597403,0.6152450090744102,0.8620689655172413,0.3684210526315789,0.8333333333333334,0.3684210526315789,0.8620689655172413,0.4117647058823529,0.6225490196078431,0.7014519056261342
100,6,50,9,12,0.7272727272727273,0.5903954802259886,0.847457627118644,0.3333333333333333,0.8264462809917356,0.3333333333333333,0.847457627118644,0.36363636363636365,0.5950413223140496,0.67984934086629
101,9,52,6,10,0.7922077922077922,0.6851179673321234,0.896551724137931,0.47368421052631576,0.8666666666666667,0.47368421052631576,0.896551724137931,0.5294117647058824,0.6980392156862745,0.8312159709618875
102,7,46,8,16,0.6883116883116883,0.5780998389694042,0.8518518518518519,0.30434782608695654,0.7931034482758621,0.30434782608695654,0.8518518518518519,0.3684210526315789,0.5807622504537205,0.7471819645732689
103,12,45,5,15,0.7402597402597403,0.6722222222222223,0.9,0.4444444444444444,0.8181818181818182,0.4444444444444444,0.9,0.5454545454545454,0.6818181818181819,0.7407407407407407
104,9,41,10,17,0.6493506493506493,0.5750377073906485,0.803921568627451,0.34615384615384615,0.7522935779816514,0.34615384615384615,0.803921568627451,0.4,0.5761467889908257,0.7254901960784315
105,10,47,12,8,0.7402597402597403,0.6760828625235404,0.7966101694915254,0.5555555555555556,0.8245614035087719,0.5555555555555556,0.7966101694915254,0.5,0.6622807017543859,0.7354048964218456
106,12,44,5,16,0.7272727272727273,0.6632653061224489,0.8979591836734694,0.42857142857142855,0.8073394495412844,0.42857142857142855,0.8979591836734694,0.5333333333333333,0.6703363914373088,0.750728862973761
107,13,42,11,11,0.7142857142857143,0.667059748427673,0.7924528301886793,0.5416666666666666,0.7924528301886793,0.5416666666666666,0.7924528301886793,0.5416666666666666,0.667059748427673,0.7382075471698114
108,16,43,8,10,0.7662337662337663,0.7292609351432882,0.8431372549019608,0.6153846153846154,0.8269230769230769,0.6153846153846154,0.8431372549019608,0.64,0.7334615384615384,0.8371040723981901
109,9,44,7,17,0.6883116883116883,0.604449472096531,0.8627450980392157,0.34615384615384615,0.7857142857142857,0.34615384615384615,0.8627450980392157,0.42857142857142855,0.6071428571428571,0.7435897435897436
110,6,40,9,22,0.5974025974025974,0.5153061224489796,0.8163265306122449,0.21428571428571427,0.7207207207207207,0.21428571428571427,0.8163265306122449,0.27906976744186046,0.4998952440812906,0.6800291545189503
111,4,56,5,12,0.7792207792207793,0.584016393442623,0.9180327868852459,0.25,0.8682170542635659,0.25,0.9180327868852459,0.32,0.594108527131783,0.7069672131147541
112,10,39,8,20,0.6363636363636364,0.5815602836879432,0.8297872340425532,0.3333333333333333,0.7358490566037735,0.3333333333333333,0.8297872340425532,0.4166666666666667,0.5762578616352201,0.7446808510638299
113,9,48,9,11,0.7402597402597403,0.6460526315789473,0.8421052631578947,0.45,0.8275862068965517,0.45,0.8421052631578947,0.47368421052631576,0.6506352087114338,0.7859649122807018
114,11,40,13,13,0.6623376623376623,0.6065251572327044,0.7547169811320755,0.4583333333333333,0.7547169811320755,0.4583333333333333,0.7547169811320755,0.4583333333333333,0.6065251572327044,0.6863207547169812
115,13,39,12,13,0.6753246753246753,0.6323529411764706,0.7647058823529411,0.5,0.7572815533980582,0.5,0.7647058823529411,0.5098039215686274,0.6335427374833429,0.6847662141779789
116,11,51,8,7,0.8051948051948052,0.737758945386064,0.864406779661017,0.6111111111111112,0.8717948717948718,0.6111111111111112,0.864406779661017,0.5945945945945946,0.7331947331947333,0.8531073446327683
117,11,44,10,12,0.7142857142857143,0.6465378421900161,0.8148148148148148,0.4782608695652174,0.8,0.4782608695652174,0.8148148148148148,0.5,0.65,0.7061191626409018
118,15,50,3,9,0.8441558441558441,0.7841981132075472,0.9433962264150944,0.625,0.8928571428571429,0.625,0.9433962264150944,0.7142857142857143,0.8035714285714286,0.8349056603773586
119,6,47,11,13,0.6883116883116883,0.5630671506352087,0.8103448275862069,0.3157894736842105,0.7966101694915254,0.3157894736842105,0.8103448275862069,0.3333333333333333,0.5649717514124294,0.676950998185118
120,9,52,7,9,0.7922077922077922,0.6906779661016949,0.8813559322033898,0.5,0.8666666666666667,0.5,0.8813559322033898,0.5294117647058824,0.6980392156862745,0.7796610169491525
121,17,44,7,9,0.7922077922077922,0.7582956259426847,0.8627450980392157,0.6538461538461539,0.8461538461538461,0.6538461538461539,0.8627450980392157,0.68,0.7630769230769231,0.7775263951734541
122,12,41,10,14,0.6883116883116883,0.6327300150829562,0.803921568627451,0.46153846153846156,0.7735849056603774,0.46153846153846156,0.803921568627451,0.5,0.6367924528301887,0.7375565610859729
123,13,43,10,11,0.7272727272727273,0.6764937106918238,0.8113207547169812,0.5416666666666666,0.8037383177570093,0.5416666666666666,0.8113207547169812,0.5531914893617021,0.6784649035593557,0.8207547169811321
124,7,50,12,8,0.7402597402597403,0.6365591397849462,0.8064516129032258,0.4666666666666667,0.8333333333333334,0.4666666666666667,0.8064516129032258,0.4117647058823529,0.6225490196078431,0.7376344086021506
125,7,54,7,9,0.7922077922077922,0.6613729508196722,0.8852459016393442,0.4375,0.8709677419354839,0.4375,0.8852459016393442,0.4666666666666667,0.6688172043010753,0.7264344262295083
126,7,50,9,11,0.7402597402597403,0.6181732580037664,0.847457627118644,0.3888888888888889,0.8333333333333334,0.3888888888888889,0.847457627118644,0.4117647058823529,0.6225490196078431,0.7768361581920903
127,15,33,9,20,0.6233766233766234,0.6071428571428571,0.7857142857142857,0.42857142857142855,0.6947368421052632,0.42857142857142855,0.7857142857142857,0.5084745762711864,0.6016057091882248,0.7428571428571429
128,14,47,6,10,0.7922077922077922,0.7350628930817611,0.8867924528301887,0.5833333333333334,0.8545454545454545,0.5833333333333334,0.8867924528301887,0.6363636363636364,0.7454545454545454,0.8191823899371069
129,10,44,12,11,0.7012987012987013,0.6309523809523809,0.7857142857142857,0.47619047619047616,0.7927927927927928,0.47619047619047616,0.7857142857142857,0.46511627906976744,0.6289545359312801,0.7559523809523809
130,9,49,7,12,0.7532467532467533,0.6517857142857143,0.875,0.42857142857142855,0.8376068376068376,0.42857142857142855,0.875,0.4864864864864865,0.6620466620466621,0.8214285714285714
131,8,49,5,15,0.7402597402597403,0.6276167471819646,0.9074074074074074,0.34782608695652173,0.8305084745762712,0.34782608695652173,0.9074074074074074,0.4444444444444444,0.6374764595103578,0.750402576489533
132,10,53,7,7,0.8181818181818182,0.7357843137254902,0.8833333333333333,0.5882352941176471,0.8833333333333333,0.5882352941176471,0.8833333333333333,0.5882352941176471,0.7357843137254902,0.8401960784313726
133,6,52,9,10,0.7532467532467533,0.6137295081967213,0.8524590163934426,0.375,0.8455284552845529,0.375,0.8524590163934426,0.3870967741935484,0.6163126147390506,0.6834016393442625
134,10,47,11,9,0.7402597402597403,0.6683303085299455,0.8103448275862069,0.5263157894736842,0.8245614035087719,0.5263157894736842,0.8103448275862069,0.5,0.6622807017543859,0.778584392014519
135,8,47,9,13,0.7142857142857143,0.6101190476190477,0.8392857142857143,0.38095238095238093,0.8103448275862069,0.38095238095238093,0.8392857142857143,0.42105263157894735,0.6156987295825771,0.6403061224489797
136,7,49,9,12,0.7272727272727273,0.6066243194192378,0.8448275862068966,0.3684210526315789,0.8235294117647058,0.3684210526315789,0.8448275862068966,0.4,0.611764705882353,0.7459165154264973
137,8,46,6,17,0.7012987012987013,0.6023076923076923,0.8846153846153846,0.32,0.8,0.32,0.8846153846153846,0.41025641025641024,0.6051282051282052,0.7815384615384615
138,3,51,10,13,0.7012987012987013,0.5117827868852459,0.8360655737704918,0.1875,0.816,0.1875,0.8360655737704918,0.20689655172413793,0.511448275862069,0.680327868852459
139,12,49,6,10,0.7922077922077922,0.7181818181818181,0.8909090909090909,0.5454545454545454,0.8596491228070176,0.5454545454545454,0.8909090909090909,0.6,0.7298245614035088,0.8743801652892562
140,6,55,7,9,0.7922077922077922,0.6435483870967742,0.8870967741935484,0.4,0.873015873015873,0.4,0.8870967741935484,0.42857142857142855,0.6507936507936508,0.8666666666666667
141,10,45,10,12,0.7142857142857143,0.6363636363636364,0.8181818181818182,0.45454545454545453,0.8035714285714286,0.45454545454545453,0.8181818181818182,0.47619047619047616,0.6398809523809523,0.7619834710743802
142,4,54,5,14,0.7532467532467533,0.5687382297551788,0.9152542372881356,0.2222222222222222,0.8503937007874016,0.2222222222222222,0.9152542372881356,0.2962962962962963,0.573344998541849,0.6619585687382298
143,16,46,8,7,0.8051948051948052,0.7737520128824477,0.8518518518518519,0.6956521739130435,0.8598130841121495,0.6956521739130435,0.8518518518518519,0.6808510638297872,0.7703320739709684,0.7624798711755234
144,9,48,8,12,0.7402597402597403,0.6428571428571428,0.8571428571428571,0.42857142857142855,0.8275862068965517,0.42857142857142855,0.8571428571428571,0.47368421052631576,0.6506352087114338,0.6190476190476191
145,10,52,9,6,0.8051948051948052,0.7387295081967213,0.8524590163934426,0.625,0.8739495798319328,0.625,0.8524590163934426,0.5714285714285714,0.7226890756302521,0.8022540983606558
146,7,51,9,10,0.7532467532467533,0.6308823529411764,0.85,0.4117647058823529,0.8429752066115702,0.4117647058823529,0.85,0.42424242424242425,0.6336088154269972,0.7431372549019607
147,9,49,5,14,0.7532467532467533,0.6493558776167472,0.9074074074074074,0.391304347826087,0.8376068376068376,0.391304347826087,0.9074074074074074,0.4864864864864865,0.6620466620466621,0.7544283413848631
148,6,57,5,9,0.8181818181818182,0.6596774193548387,0.9193548387096774,0.4,0.890625,0.4,0.9193548387096774,0.46153846153846156,0.6760817307692308,0.8892473118279569
149,10,51,4,12,0.7922077922077922,0.6909090909090909,0.9272727272727272,0.45454545454545453,0.864406779661017,0.45454545454545453,0.9272727272727272,0.5555555555555556,0.7099811676082863,0.6504132231404959
150,8,42,7,20,0.6493506493506493,0.5714285714285714,0.8571428571428571,0.2857142857142857,0.7567567567567568,0.2857142857142857,0.8571428571428571,0.37209302325581395,0.5644248900062854,0.6501457725947523
151,8,55,3,11,0.8181818181818182,0.6846642468239564,0.9482758620689655,0.42105263157894735,0.8870967741935484,0.42105263157894735,0.9482758620689655,0.5333333333333333,0.7102150537634409,0.737749546279492
152,6,55,8,8,0.7922077922077922,0.6507936507936508,0.873015873015873,0.42857142857142855,0.873015873015873,0.42857142857142855,0.873015873015873,0.42857142857142855,0.6507936507936508,0.7494331065759638
153,10,41,5,21,0.6623376623376623,0.6069424964936886,0.8913043478260869,0.3225806451612903,0.7592592592592593,0.3225806451612903,0.8913043478260869,0.43478260869565216,0.5970209339774557,0.7791023842917252
154,6,44,8,19,0.6493506493506493,0.543076923076923,0.8461538461538461,0.24,0.7652173913043478,0.24,0.8461538461538461,0.3076923076923077,0.5364548494983278,0.6469230769230769
155,8,45,6,18,0.6883116883116883,0.5950226244343891,0.8823529411764706,0.3076923076923077,0.7894736842105263,0.3076923076923077,0.8823529411764706,0.4,0.5947368421052632,0.7677224736048265
156,12,47,11,7,0.7662337662337663,0.7209618874773139,0.8103448275862069,0.631578947368421,0.8392857142857143,0.631578947368421,0.8103448275862069,0.5714285714285714,0.7053571428571428,0.8829401088929221
157,9,46,11,11,0.7142857142857143,0.6285087719298246,0.8070175438596491,0.45,0.8070175438596491,0.45,0.8070175438596491,0.45,0.6285087719298246,0.7578947368421053
158,4,56,6,11,0.7792207792207793,0.5849462365591398,0.9032258064516129,0.26666666666666666,0.8682170542635659,0.26666666666666666,0.9032258064516129,0.32,0.594108527131783,0.7688172043010753
159,6,50,12,9,0.7272727272727273,0.603225806451613,0.8064516129032258,0.4,0.8264462809917356,0.4,0.8064516129032258,0.36363636363636365,0.5950413223140496,0.7043010752688172
160,7,49,6,15,0.7272727272727273,0.6045454545454545,0.8909090909090909,0.3181818181818182,0.8235294117647058,0.3181818181818182,0.8909090909090909,0.4,0.611764705882353,0.6305785123966943
161,9,50,8,10,0.7662337662337663,0.6678765880217785,0.8620689655172413,0.47368421052631576,0.847457627118644,0.47368421052631576,0.8620689655172413,0.5,0.673728813559322,0.7504537205081669
162,8,54,4,11,0.8051948051948052,0.676043557168784,0.9310344827586207,0.42105263157894735,0.8780487804878049,0.42105263157894735,0.9310344827586207,0.5161290322580645,0.6970889063729346,0.8049001814882033
163,9,55,7,6,0.8311688311688312,0.7435483870967742,0.8870967741935484,0.6,0.8943089430894309,0.6,0.8870967741935484,0.5806451612903226,0.7374770521898768,0.8258064516129033
164,7,59,3,8,0.8571428571428571,0.7091397849462366,0.9516129032258065,0.4666666666666667,0.9147286821705426,0.4666666666666667,0.9516129032258065,0.56,0.7373643410852713,0.8688172043010753
165,11,44,7,15,0.7142857142857143,0.6429110105580694,0.8627450980392157,0.4230769230769231,0.8,0.4230769230769231,0.8627450980392157,0.5,0.65,0.7164404223227753
166,5,52,7,13,0.7402597402597403,0.5795668549905838,0.8813559322033898,0.2777777777777778,0.8387096774193549,0.2777777777777778,0.8813559322033898,0.3333333333333333,0.5860215053763441,0.7354048964218454
167,10,46,8,13,0.7272727272727273,0.643317230273752,0.8518518518518519,0.43478260869565216,0.8141592920353983,0.43478260869565216,0.8518518518518519,0.4878048780487805,0.6509820850420893,0.7238325281803543
168,11,46,10,10,0.7402597402597403,0.6726190476190477,0.8214285714285714,0.5238095238095238,0.8214285714285714,0.5238095238095238,0.8214285714285714,0.5238095238095238,0.6726190476190477,0.6615646258503401
169,13,42,9,13,0.7142857142857143,0.6617647058823529,0.8235294117647058,0.5,0.7924528301886793,0.5,0.8235294117647058,0.5416666666666666,0.667059748427673,0.7345399698340874
170,9,50,11,7,0.7662337662337663,0.6910860655737705,0.819672131147541,0.5625,0.847457627118644,0.5625,0.819672131147541,0.5,0.673728813559322,0.8698770491803279
171,12,54,3,8,0.8571428571428571,0.7736842105263158,0.9473684210526315,0.6,0.907563025210084,0.6,0.9473684210526315,0.6857142857142857,0.7966386554621849,0.887719298245614
172,14,42,8,13,0.7272727272727273,0.6792592592592592,0.84,0.5185185185185185,0.8,0.5185185185185185,0.84,0.5714285714285714,0.6857142857142857,0.8088888888888888
173,8,49,8,12,0.7402597402597403,0.6298245614035087,0.8596491228070176,0.4,0.8305084745762712,0.4,0.8596491228070176,0.4444444444444444,0.6374764595103578,0.6798245614035087
174,7,47,5,18,0.7012987012987013,0.591923076923077,0.9038461538461539,0.28,0.8034188034188035,0.28,0.9038461538461539,0.3783783783783784,0.5908985908985909,0.7453846153846154
175,7,49,9,12,0.7272727272727273,0.6066243194192378,0.8448275862068966,0.3684210526315789,0.8235294117647058,0.3684210526315789,0.8448275862068966,0.4,0.611764705882353,0.6560798548094374
176,8,50,9,10,0.7532467532467533,0.6459510357815442,0.847457627118644,0.4444444444444444,0.8403361344537815,0.4444444444444444,0.847457627118644,0.45714285714285713,0.6487394957983194,0.7033898305084746
177,6,56,5,10,0.8051948051948052,0.646516393442623,0.9180327868852459,0.375,0.8818897637795275,0.375,0.9180327868852459,0.4444444444444444,0.663167104111986,0.7653688524590165
178,7,53,7,10,0.7792207792207793,0.6475490196078431,0.8833333333333333,0.4117647058823529,0.8617886178861789,0.4117647058823529,0.8833333333333333,0.45161290322580644,0.6567007605559927,0.7549019607843137
179,10,45,7,15,0.7142857142857143,0.6326923076923077,0.8653846153846154,0.4,0.8035714285714286,0.4,0.8653846153846154,0.47619047619047616,0.6398809523809523,0.7123076923076923
180,8,47,11,11,0.7142857142857143,0.6156987295825771,0.8103448275862069,0.42105263157894735,0.8103448275862069,0.42105263157894735,0.8103448275862069,0.42105263157894735,0.6156987295825771,0.7250453720508166
181,3,55,7,12,0.7532467532467533,0.5435483870967742,0.8870967741935484,0.2,0.8527131782945736,0.2,0.8870967741935484,0.24,0.5463565891472868,0.6795698924731183
182,6,52,6,13,0.7532467532467533,0.6061705989110708,0.896551724137931,0.3157894736842105,0.8455284552845529,0.3157894736842105,0.896551724137931,0.3870967741935484,0.6163126147390506,0.7341197822141562
183,10,49,7,11,0.7662337662337663,0.6755952380952381,0.875,0.47619047619047616,0.8448275862068966,0.47619047619047616,0.875,0.5263157894736842,0.6855716878402904,0.8494897959183674
184,10,42,12,13,0.6753246753246753,0.606280193236715,0.7777777777777778,0.43478260869565216,0.7706422018348624,0.43478260869565216,0.7777777777777778,0.4444444444444444,0.6075433231396534,0.6618357487922705
185,8,52,7,10,0.7792207792207793,0.6629001883239172,0.8813559322033898,0.4444444444444444,0.859504132231405,0.4444444444444444,0.8813559322033898,0.48484848484848486,0.6721763085399449,0.7768361581920904
186,9,45,12,11,0.7012987012987013,0.6197368421052631,0.7894736842105263,0.45,0.7964601769911505,0.45,0.7894736842105263,0.43902439024390244,0.6177422836175265,0.7535087719298246
187,10,52,6,9,0.8051948051948052,0.7114337568058076,0.896551724137931,0.5263157894736842,0.8739495798319328,0.5263157894736842,0.896551724137931,0.5714285714285714,0.7226890756302521,0.8357531760435571
188,13,41,8,15,0.7012987012987013,0.6505102040816326,0.8367346938775511,0.4642857142857143,0.780952380952381,0.4642857142857143,0.8367346938775511,0.5306122448979592,0.6557823129251701,0.7346938775510202
189,6,52,7,12,0.7532467532467533,0.6073446327683616,0.8813559322033898,0.3333333333333333,0.8455284552845529,0.3333333333333333,0.8813559322033898,0.3870967741935484,0.6163126147390506,0.647834274952919
190,9,49,10,9,0.7532467532467533,0.6652542372881356,0.8305084745762712,0.5,0.8376068376068376,0.5,0.8305084745762712,0.4864864864864865,0.6620466620466621,0.7024482109227871
191,5,50,6,16,0.7142857142857143,0.5654761904761905,0.8928571428571429,0.23809523809523808,0.819672131147541,0.23809523809523808,0.8928571428571429,0.3125,0.5660860655737705,0.6198979591836734
192,8,38,11,20,0.5974025974025974,0.5306122448979591,0.7755102040816326,0.2857142857142857,0.7102803738317757,0.2857142857142857,0.7755102040816326,0.3404255319148936,0.5253529528733346,0.6304664723032071
193,8,45,10,14,0.6883116883116883,0.5909090909090909,0.8181818181818182,0.36363636363636365,0.7894736842105263,0.36363636363636365,0.8181818181818182,0.4,0.5947368421052632,0.6884297520661157
194,8,45,10,14,0.6883116883116883,0.5909090909090909,0.8181818181818182,0.36363636363636365,0.7894736842105263,0.36363636363636365,0.8181818181818182,0.4,0.5947368421052632,0.6958677685950414
195,9,46,7,15,0.7142857142857143,0.6214622641509434,0.8679245283018868,0.375,0.8070175438596491,0.375,0.8679245283018868,0.45,0.6285087719298246,0.779874213836478
196,9,46,9,13,0.7142857142857143,0.6227272727272727,0.8363636363636363,0.4090909090909091,0.8070175438596491,0.4090909090909091,0.8363636363636363,0.45,0.6285087719298246,0.7413223140495869
197,12,51,6,8,0.8181818181818182,0.7473684210526316,0.8947368421052632,0.6,0.8793103448275862,0.6,0.8947368421052632,0.631578947368421,0.7554446460980035,0.8026315789473685
198,6,56,7,8,0.8051948051948052,0.6587301587301587,0.8888888888888888,0.42857142857142855,0.8818897637795275,0.42857142857142855,0.8888888888888888,0.4444444444444444,0.663167104111986,0.6473922902494331
199,8,48,9,12,0.7272727272727273,0.6210526315789473,0.8421052631578947,0.4,0.8205128205128205,0.4,0.8421052631578947,0.43243243243243246,0.6264726264726265,0.7254385964912281
200,15,43,9,10,0.7532467532467533,0.7134615384615384,0.8269230769230769,0.6,0.819047619047619,0.6,0.8269230769230769,0.6122448979591837,0.7156462585034014,0.8415384615384616
201,8,50,13,6,0.7532467532467533,0.6825396825396826,0.7936507936507936,0.5714285714285714,0.8403361344537815,0.5714285714285714,0.7936507936507936,0.45714285714285713,0.6487394957983194,0.8197278911564626
202,8,45,8,16,0.6883116883116883,0.5911949685534591,0.8490566037735849,0.3333333333333333,0.7894736842105263,0.3333333333333333,0.8490566037735849,0.4,0.5947368421052632,0.6698113207547169
203,6,47,9,15,0.6883116883116883,0.5625,0.8392857142857143,0.2857142857142857,0.7966101694915254,0.2857142857142857,0.8392857142857143,0.3333333333333333,0.5649717514124294,0.6632653061224489
204,5,51,9,12,0.7272727272727273,0.5720588235294117,0.85,0.29411764705882354,0.8292682926829268,0.29411764705882354,0.85,0.3225806451612903,0.5759244689221086,0.6745098039215686
205,7,50,8,12,0.7402597402597403,0.6152450090744102,0.8620689655172413,0.3684210526315789,0.8333333333333334,0.3684210526315789,0.8620689655172413,0.4117647058823529,0.6225490196078431,0.7522686025408347
206,8,48,5,16,0.7272727272727273,0.6194968553459119,0.9056603773584906,0.3333333333333333,0.8205128205128205,0.3333333333333333,0.9056603773584906,0.43243243243243246,0.6264726264726265,0.6784591194968552
207,8,46,7,16,0.7012987012987013,0.60062893081761,0.8679245283018868,0.3333333333333333,0.8,0.3333333333333333,0.8679245283018868,0.41025641025641024,0.6051282051282052,0.7523584905660377
208,2,55,8,12,0.7402597402597403,0.5079365079365079,0.873015873015873,0.14285714285714285,0.8461538461538461,0.14285714285714285,0.873015873015873,0.16666666666666666,0.5064102564102564,0.6836734693877551
209,7,51,4,15,0.7532467532467533,0.6227272727272727,0.9272727272727272,0.3181818181818182,0.8429752066115702,0.3181818181818182,0.9272727272727272,0.42424242424242425,0.6336088154269972,0.7206611570247934
210,12,44,7,14,0.7272727272727273,0.6621417797888387,0.8627450980392157,0.46153846153846156,0.8073394495412844,0.46153846153846156,0.8627450980392157,0.5333333333333333,0.6703363914373088,0.7707390648567118
211,10,46,13,8,0.7272727272727273,0.667608286252354,0.7796610169491526,0.5555555555555556,0.8141592920353983,0.5555555555555556,0.7796610169491526,0.4878048780487805,0.6509820850420893,0.7241054613935969
212,8,46,6,17,0.7012987012987013,0.6023076923076923,0.8846153846153846,0.32,0.8,0.32,0.8846153846153846,0.41025641025641024,0.6051282051282052,0.686923076923077
213,8,46,8,15,0.7012987012987013,0.5998389694041868,0.8518518518518519,0.34782608695652173,0.8,0.34782608695652173,0.8518518518518519,0.41025641025641024,0.6051282051282052,0.7455716586151369
214,9,50,7,11,0.7662337662337663,0.6635964912280702,0.8771929824561403,0.45,0.847457627118644,0.45,0.8771929824561403,0.5,0.673728813559322,0.7771929824561403
215,10,52,5,10,0.8051948051948052,0.706140350877193,0.9122807017543859,0.5,0.8739495798319328,0.5,0.9122807017543859,0.5714285714285714,0.7226890756302521,0.8008771929824561
216,9,51,8,9,0.7792207792207793,0.6822033898305084,0.864406779661017,0.5,0.8571428571428571,0.5,0.864406779661017,0.5142857142857142,0.6857142857142857,0.7740112994350282
217,4,55,7,11,0.7662337662337663,0.5768817204301075,0.8870967741935484,0.26666666666666666,0.859375,0.26666666666666666,0.8870967741935484,0.3076923076923077,0.5835336538461539,0.7236559139784946
218,12,41,10,14,0.6883116883116883,0.6327300150829562,0.803921568627451,0.46153846153846156,0.7735849056603774,0.46153846153846156,0.803921568627451,0.5,0.6367924528301887,0.7858220211161389
219,8,52,8,9,0.7792207792207793,0.6686274509803922,0.8666666666666667,0.47058823529411764,0.859504132231405,0.47058823529411764,0.8666666666666667,0.48484848484848486,0.6721763085399449,0.7352941176470588
220,15,46,6,10,0.7922077922077922,0.7423076923076923,0.8846153846153846,0.6,0.8518518518518519,0.6,0.8846153846153846,0.6521739130434783,0.7520128824476651,0.84
221,8,49,9,11,0.7402597402597403,0.632940108892922,0.8448275862068966,0.42105263157894735,0.8305084745762712,0.42105263157894735,0.8448275862068966,0.4444444444444444,0.6374764595103578,0.6751361161524501
222,8,47,12,10,0.7142857142857143,0.6205273069679849,0.7966101694915254,0.4444444444444444,0.8103448275862069,0.4444444444444444,0.7966101694915254,0.42105263157894735,0.6156987295825771,0.7570621468926553
223,6,53,9,9,0.7662337662337663,0.6274193548387097,0.8548387096774194,0.4,0.8548387096774194,0.4,0.8548387096774194,0.4,0.6274193548387097,0.8021505376344087
224,7,44,8,18,0.6623376623376623,0.563076923076923,0.8461538461538461,0.28,0.7719298245614035,0.28,0.8461538461538461,0.35,0.5609649122807017,0.7653846153846153
225,6,49,8,14,0.7142857142857143,0.5798245614035088,0.8596491228070176,0.3,0.8166666666666667,0.3,0.8596491228070176,0.35294117647058826,0.5848039215686275,0.6614035087719298
226,6,47,7,17,0.6883116883116883,0.5656199677938808,0.8703703703703703,0.2608695652173913,0.7966101694915254,0.2608695652173913,0.8703703703703703,0.3333333333333333,0.5649717514124294,0.680354267310789
227,10,42,10,15,0.6753246753246753,0.6038461538461539,0.8076923076923077,0.4,0.7706422018348624,0.4,0.8076923076923077,0.4444444444444444,0.6075433231396534,0.7430769230769232
228,10,46,11,10,0.7272727272727273,0.6535087719298245,0.8070175438596491,0.5,0.8141592920353983,0.5,0.8070175438596491,0.4878048780487805,0.6509820850420893,0.6947368421052631
229,10,42,8,17,0.6753246753246753,0.6051851851851852,0.84,0.37037037037037035,0.7706422018348624,0.37037037037037035,0.84,0.4444444444444444,0.6075433231396534,0.7140740740740741
230,9,45,8,15,0.7012987012987013,0.6120283018867925,0.8490566037735849,0.375,0.7964601769911505,0.375,0.8490566037735849,0.43902439024390244,0.6177422836175265,0.7594339622641508
231,10,39,5,23,0.6363636363636364,0.5946969696969697,0.8863636363636364,0.30303030303030304,0.7358490566037735,0.30303030303030304,0.8863636363636364,0.4166666666666667,0.5762578616352201,0.7148760330578513
232,15,44,6,12,0.7662337662337663,0.7177777777777778,0.88,0.5555555555555556,0.8301886792452831,0.5555555555555556,0.88,0.625,0.7275943396226415,0.8237037037037037
233,11,49,9,8,0.7792207792207793,0.7118874773139746,0.8448275862068966,0.5789473684210527,0.8521739130434782,0.5789473684210527,0.8448275862068966,0.5641025641025641,0.7081382385730212,0.7468239564428312
234,12,48,7,10,0.7792207792207793,0.709090909090909,0.8727272727272727,0.5454545454545454,0.8495575221238938,0.5454545454545454,0.8727272727272727,0.5853658536585366,0.7174616878912152,0.856198347107438
235,10,44,6,17,0.7012987012987013,0.6251851851851852,0.88,0.37037037037037035,0.7927927927927928,0.37037037037037035,0.88,0.46511627906976744,0.6289545359312801,0.7407407407407407
236,12,47,10,8,0.7662337662337663,0.712280701754386,0.8245614035087719,0.6,0.8392857142857143,0.6,0.8245614035087719,0.5714285714285714,0.7053571428571428,0.75
237,9,49,7,12,0.7532467532467533,0.6517857142857143,0.875,0.42857142857142855,0.8376068376068376,0.42857142857142855,0.875,0.4864864864864865,0.6620466620466621,0.7474489795918368
238,16,45,8,8,0.7922077922077922,0.7578616352201257,0.8490566037735849,0.6666666666666666,0.8490566037735849,0.6666666666666666,0.8490566037735849,0.6666666666666666,0.7578616352201257,0.8805031446540881
239,7,49,7,14,0.7272727272727273,0.6041666666666666,0.875,0.3333333333333333,0.8235294117647058,0.3333333333333333,0.875,0.4,0.611764705882353,0.7168367346938775
240,8,46,11,12,0.7012987012987013,0.6035087719298246,0.8070175438596491,0.4,0.8,0.4,0.8070175438596491,0.41025641025641024,0.6051282051282052,0.6526315789473685
241,8,52,3,14,0.7792207792207793,0.6545454545454545,0.9454545454545454,0.36363636363636365,0.859504132231405,0.36363636363636365,0.9454545454545454,0.48484848484848486,0.6721763085399449,0.7958677685950414
242,9,52,8,8,0.7922077922077922,0.6980392156862745,0.8666666666666667,0.5294117647058824,0.8666666666666667,0.5294117647058824,0.8666666666666667,0.5294117647058824,0.6980392156862745,0.803921568627451
243,7,48,5,17,0.7142857142857143,0.5986635220125787,0.9056603773584906,0.2916666666666667,0.8135593220338984,0.2916666666666667,0.9056603773584906,0.3888888888888889,0.6012241054613936,0.7193396226415094
244,8,43,10,16,0.6623376623376623,0.5723270440251572,0.8113207547169812,0.3333333333333333,0.7678571428571429,0.3333333333333333,0.8113207547169812,0.38095238095238093,0.5744047619047619,0.6926100628930818
245,10,53,7,7,0.8181818181818182,0.7357843137254902,0.8833333333333333,0.5882352941176471,0.8833333333333333,0.5882352941176471,0.8833333333333333,0.5882352941176471,0.7357843137254902,0.803921568627451
246,8,47,7,15,0.7142857142857143,0.6090982286634461,0.8703703703703703,0.34782608695652173,0.8103448275862069,0.34782608695652173,0.8703703703703703,0.42105263157894735,0.6156987295825771,0.6843800322061191
247,9,50,9,9,0.7662337662337663,0.673728813559322,0.847457627118644,0.5,0.847457627118644,0.5,0.847457627118644,0.5,0.673728813559322,0.8050847457627119
248,4,52,6,15,0.7272727272727273,0.5535390199637024,0.896551724137931,0.21052631578947367,0.832,0.21052631578947367,0.896551724137931,0.27586206896551724,0.5539310344827586,0.677858439201452
249,12,48,4,13,0.7792207792207793,0.7015384615384616,0.9230769230769231,0.48,0.8495575221238938,0.48,0.9230769230769231,0.5853658536585366,0.7174616878912152,0.7915384615384616
250,5,60,3,9,0.8441558441558441,0.6547619047619048,0.9523809523809523,0.35714285714285715,0.9090909090909091,0.35714285714285715,0.9523809523809523,0.45454545454545453,0.6818181818181818,0.6417233560090703
251,12,47,11,7,0.7662337662337663,0.7209618874773139,0.8103448275862069,0.631578947368421,0.8392857142857143,0.631578947368421,0.8103448275862069,0.5714285714285714,0.7053571428571428,0.8185117967332123
252,9,44,11,13,0.6883116883116883,0.6045454545454546,0.8,0.4090909090909091,0.7857142857142857,0.4090909090909091,0.8,0.42857142857142855,0.6071428571428571,0.7413223140495868
253,8,51,7,11,0.7662337662337663,0.6501814882032668,0.8793103448275862,0.42105263157894735,0.85,0.42105263157894735,0.8793103448275862,0.47058823529411764,0.6602941176470588,0.7794918330308529
254,7,42,11,17,0.6363636363636364,0.542059748427673,0.7924528301886793,0.2916666666666667,0.75,0.2916666666666667,0.7924528301886793,0.3333333333333333,0.5416666666666666,0.6910377358490566
255,9,47,10,11,0.7272727272727273,0.637280701754386,0.8245614035087719,0.45,0.8173913043478261,0.45,0.8245614035087719,0.46153846153846156,0.6394648829431439,0.7666666666666667
256,9,48,6,14,0.7402597402597403,0.6400966183574879,0.8888888888888888,0.391304347826087,0.8275862068965517,0.391304347826087,0.8888888888888888,0.47368421052631576,0.6506352087114338,0.7809983896940418
257,10,45,5,17,0.7142857142857143,0.6351851851851852,0.9,0.37037037037037035,0.8035714285714286,0.37037037037037035,0.9,0.47619047619047616,0.6398809523809523,0.7362962962962962
258,9,42,18,8,0.6623376623376623,0.6147058823529412,0.7,0.5294117647058824,0.7636363636363637,0.5294117647058824,0.7,0.4090909090909091,0.5863636363636364,0.7186274509803922
259,14,43,8,12,0.7402597402597403,0.6907993966817496,0.8431372549019608,0.5384615384615384,0.8113207547169812,0.5384615384615384,0.8431372549019608,0.5833333333333334,0.6973270440251573,0.8144796380090498
260,7,52,10,8,0.7662337662337663,0.6526881720430108,0.8387096774193549,0.4666666666666667,0.8524590163934426,0.4666666666666667,0.8387096774193549,0.4375,0.6449795081967213,0.7
261,12,46,6,13,0.7532467532467533,0.6823076923076923,0.8846153846153846,0.48,0.8288288288288288,0.48,0.8846153846153846,0.5581395348837209,0.6934841818562749,0.8200000000000001
262,9,44,7,17,0.6883116883116883,0.604449472096531,0.8627450980392157,0.34615384615384615,0.7857142857142857,0.34615384615384615,0.8627450980392157,0.42857142857142855,0.6071428571428571,0.8182503770739066
263,9,52,7,9,0.7922077922077922,0.6906779661016949,0.8813559322033898,0.5,0.8666666666666667,0.5,0.8813559322033898,0.5294117647058824,0.6980392156862745,0.7674199623352166
264,15,47,7,8,0.8051948051948052,0.7612721417069244,0.8703703703703703,0.6521739130434783,0.8623853211009175,0.6521739130434783,0.8703703703703703,0.6666666666666666,0.764525993883792,0.855072463768116
265,7,48,7,15,0.7142857142857143,0.5954545454545455,0.8727272727272727,0.3181818181818182,0.8135593220338984,0.3181818181818182,0.8727272727272727,0.3888888888888889,0.6012241054613936,0.7330578512396695
266,10,46,12,9,0.7272727272727273,0.6597096188747731,0.7931034482758621,0.5263157894736842,0.8141592920353983,0.5263157894736842,0.7931034482758621,0.4878048780487805,0.6509820850420893,0.7332123411978222
267,9,53,8,7,0.8051948051948052,0.7156762295081966,0.8688524590163934,0.5625,0.8760330578512396,0.5625,0.8688524590163934,0.5454545454545454,0.7107438016528925,0.8258196721311475
268,17,39,8,13,0.7272727272727273,0.6982269503546099,0.8297872340425532,0.5666666666666667,0.7878787878787878,0.5666666666666667,0.8297872340425532,0.6181818181818182,0.703030303030303,0.8184397163120567
269,8,53,8,8,0.7922077922077922,0.6844262295081966,0.8688524590163934,0.5,0.8688524590163934,0.5,0.8688524590163934,0.5,0.6844262295081966,0.771516393442623
270,8,51,6,12,0.7662337662337663,0.6473684210526316,0.8947368421052632,0.4,0.85,0.4,0.8947368421052632,0.47058823529411764,0.6602941176470588,0.862280701754386
271,6,52,6,13,0.7532467532467533,0.6061705989110708,0.896551724137931,0.3157894736842105,0.8455284552845529,0.3157894736842105,0.896551724137931,0.3870967741935484,0.6163126147390506,0.7459165154264972
272,13,46,7,11,0.7662337662337663,0.7047955974842768,0.8679245283018868,0.5416666666666666,0.8363636363636363,0.5416666666666666,0.8679245283018868,0.5909090909090909,0.7136363636363636,0.8443396226415095
273,11,45,8,13,0.7272727272727273,0.6536949685534591,0.8490566037735849,0.4583333333333333,0.8108108108108109,0.4583333333333333,0.8490566037735849,0.5116279069767442,0.6612193588937776,0.7389937106918238
274,12,50,7,8,0.8051948051948052,0.7385964912280701,0.8771929824561403,0.6,0.8695652173913043,0.6,0.8771929824561403,0.6153846153846154,0.7424749163879598,0.8719298245614034
275,4,53,9,11,0.7402597402597403,0.560752688172043,0.8548387096774194,0.26666666666666666,0.8412698412698413,0.26666666666666666,0.8548387096774194,0.2857142857142857,0.5634920634920635,0.7279569892473119
276,9,47,10,11,0.7272727272727273,0.637280701754386,0.8245614035087719,0.45,0.8173913043478261,0.45,0.8245614035087719,0.46153846153846156,0.6394648829431439,0.7149122807017544
277,7,52,4,14,0.7662337662337663,0.6309523809523809,0.9285714285714286,0.3333333333333333,0.8524590163934426,0.3333333333333333,0.9285714285714286,0.4375,0.6449795081967213,0.8316326530612246
278,10,47,6,14,0.7402597402597403,0.6517295597484277,0.8867924528301887,0.4166666666666667,0.8245614035087719,0.4166666666666667,0.8867924528301887,0.5,0.6622807017543859,0.7617924528301887
279,8,56,9,4,0.8311688311688312,0.764102564102564,0.8615384615384616,0.6666666666666666,0.896,0.6666666666666666,0.8615384615384616,0.5517241379310345,0.7238620689655173,0.7730769230769231
280,7,50,9,11,0.7402597402597403,0.6181732580037664,0.847457627118644,0.3888888888888889,0.8333333333333334,0.3888888888888889,0.847457627118644,0.4117647058823529,0.6225490196078431,0.807909604519774
281,9,49,10,9,0.7532467532467533,0.6652542372881356,0.8305084745762712,0.5,0.8376068376068376,0.5,0.8305084745762712,0.4864864864864865,0.6620466620466621,0.8173258003766478
282,9,46,13,9,0.7142857142857143,0.6398305084745763,0.7796610169491526,0.5,0.8070175438596491,0.5,0.7796610169491526,0.45,0.6285087719298246,0.7853107344632768
283,17,43,5,12,0.7792207792207793,0.7410201149425287,0.8958333333333334,0.5862068965517241,0.8349514563106796,0.5862068965517241,0.8958333333333334,0.6666666666666666,0.7508090614886731,0.8318965517241381
284,6,51,6,14,0.7402597402597403,0.5973684210526315,0.8947368421052632,0.3,0.8360655737704918,0.3,0.8947368421052632,0.375,0.6055327868852459,0.6517543859649123
285,8,55,3,11,0.8181818181818182,0.6846642468239564,0.9482758620689655,0.42105263157894735,0.8870967741935484,0.42105263157894735,0.9482758620689655,0.5333333333333333,0.7102150537634409,0.7577132486388385
286,8,49,6,14,0.7402597402597403,0.6272727272727272,0.8909090909090909,0.36363636363636365,0.8305084745762712,0.36363636363636365,0.8909090909090909,0.4444444444444444,0.6374764595103578,0.7842975206611571
287,12,44,9,12,0.7272727272727273,0.6650943396226415,0.8301886792452831,0.5,0.8073394495412844,0.5,0.8301886792452831,0.5333333333333333,0.6703363914373088,0.8011006289308177
288,6,45,10,16,0.6623376623376623,0.5454545454545454,0.8181818181818182,0.2727272727272727,0.7758620689655172,0.2727272727272727,0.8181818181818182,0.3157894736842105,0.5458257713248639,0.7181818181818181
289,7,48,14,8,0.7142857142857143,0.6204301075268817,0.7741935483870968,0.4666666666666667,0.8135593220338984,0.4666666666666667,0.7741935483870968,0.3888888888888889,0.6012241054613936,0.7526881720430108
290,11,56,3,7,0.8701298701298701,0.7801318267419963,0.9491525423728814,0.6111111111111112,0.9180327868852459,0.6111111111111112,0.9491525423728814,0.6875,0.802766393442623,0.8380414312617702
291,7,46,9,15,0.6883116883116883,0.5772727272727273,0.8363636363636363,0.3181818181818182,0.7931034482758621,0.3181818181818182,0.8363636363636363,0.3684210526315789,0.5807622504537205,0.6710743801652893
292,8,48,8,13,0.7272727272727273,0.6190476190476191,0.8571428571428571,0.38095238095238093,0.8205128205128205,0.38095238095238093,0.8571428571428571,0.43243243243243246,0.6264726264726265,0.7576530612244898
293,6,47,7,17,0.6883116883116883,0.5656199677938808,0.8703703703703703,0.2608695652173913,0.7966101694915254,0.2608695652173913,0.8703703703703703,0.3333333333333333,0.5649717514124294,0.6578099838969405
294,11,47,6,13,0.7532467532467533,0.672562893081761,0.8867924528301887,0.4583333333333333,0.831858407079646,0.4583333333333333,0.8867924528301887,0.5365853658536586,0.6842218864666523,0.8011006289308176
295,9,43,8,17,0.6753246753246753,0.5946455505279035,0.8431372549019608,0.34615384615384615,0.7747747747747747,0.34615384615384615,0.8431372549019608,0.4186046511627907,0.5966897129687827,0.7096530920060332
296,9,52,10,6,0.7922077922077922,0.7193548387096774,0.8387096774193549,0.6,0.8666666666666667,0.6,0.8387096774193549,0.5294117647058824,0.6980392156862745,0.7494623655913979
297,6,49,9,13,0.7142857142857143,0.5803085299455535,0.8448275862068966,0.3157894736842105,0.8166666666666667,0.3157894736842105,0.8448275862068966,0.35294117647058826,0.5848039215686275,0.7132486388384756
298,7,57,6,7,0.8311688311688312,0.7023809523809523,0.9047619047619048,0.5,0.8976377952755905,0.5,0.9047619047619048,0.5185185185185185,0.7080781568970544,0.8344671201814059
299,13,42,9,13,0.7142857142857143,0.6617647058823529,0.8235294117647058,0.5,0.7924528301886793,0.5,0.8235294117647058,0.5416666666666666,0.667059748427673,0.7541478129713424
300,9,52,7,9,0.7922077922077922,0.6906779661016949,0.8813559322033898,0.5,0.8666666666666667,0.5,0.8813559322033898,0.5294117647058824,0.6980392156862745,0.7768361581920904
301,9,52,9,7,0.7922077922077922,0.7074795081967213,0.8524590163934426,0.5625,0.8666666666666667,0.5625,0.8524590163934426,0.5294117647058824,0.6980392156862745,0.8247950819672131
302,10,50,7,10,0.7792207792207793,0.6885964912280702,0.8771929824561403,0.5,0.8547008547008547,0.5,0.8771929824561403,0.5405405405405406,0.6976206976206976,0.7868421052631579
303,6,46,12,13,0.6753246753246753,0.5544464609800364,0.7931034482758621,0.3157894736842105,0.7863247863247863,0.3157894736842105,0.7931034482758621,0.32432432432432434,0.5553245553245554,0.6424682395644282
304,8,49,2,18,0.7402597402597403,0.6342383107088989,0.9607843137254902,0.3076923076923077,0.8305084745762712,0.3076923076923077,0.9607843137254902,0.4444444444444444,0.6374764595103578,0.7262443438914028
305,11,47,7,12,0.7532467532467533,0.6743156199677939,0.8703703703703703,0.4782608695652174,0.831858407079646,0.4782608695652174,0.8703703703703703,0.5365853658536586,0.6842218864666523,0.7648953301127213
306,8,50,10,9,0.7532467532467533,0.6519607843137255,0.8333333333333334,0.47058823529411764,0.8403361344537815,0.47058823529411764,0.8333333333333334,0.45714285714285713,0.6487394957983194,0.8019607843137255
307,7,54,7,9,0.7922077922077922,0.6613729508196722,0.8852459016393442,0.4375,0.8709677419354839,0.4375,0.8852459016393442,0.4666666666666667,0.6688172043010753,0.7622950819672131
308,9,47,13,8,0.7272727272727273,0.6563725490196078,0.7833333333333333,0.5294117647058824,0.8173913043478261,0.5294117647058824,0.7833333333333333,0.46153846153846156,0.6394648829431439,0.8254901960784313
309,7,50,11,9,0.7402597402597403,0.6285860655737705,0.819672131147541,0.4375,0.8333333333333334,0.4375,0.819672131147541,0.4117647058823529,0.6225490196078431,0.7889344262295082
310,7,46,12,12,0.6883116883116883,0.5807622504537205,0.7931034482758621,0.3684210526315789,0.7931034482758621,0.3684210526315789,0.7931034482758621,0.3684210526315789,0.5807622504537205,0.6878402903811252
311,6,52,8,11,0.7532467532467533,0.6098039215686275,0.8666666666666667,0.35294117647058826,0.8455284552845529,0.35294117647058826,0.8666666666666667,0.3870967741935484,0.6163126147390506,0.7519607843137255
312,11,50,11,5,0.7922077922077922,0.7535860655737705,0.819672131147541,0.6875,0.8620689655172413,0.6875,0.819672131147541,0.5789473684210527,0.720508166969147,0.875
313,10,47,7,13,0.7402597402597403,0.6525764895330113,0.8703703703703703,0.43478260869565216,0.8245614035087719,0.43478260869565216,0.8703703703703703,0.5,0.6622807017543859,0.7230273752012881
314,5,49,10,13,0.7012987012987013,0.5541431261770244,0.8305084745762712,0.2777777777777778,0.8099173553719008,0.2777777777777778,0.8305084745762712,0.30303030303030304,0.5564738292011019,0.684557438794727
315,11,43,12,11,0.7012987012987013,0.6409090909090909,0.7818181818181819,0.5,0.7889908256880734,0.5,0.7818181818181819,0.4888888888888889,0.6389398572884811,0.7264462809917355
316,6,48,11,12,0.7012987012987013,0.5734463276836158,0.8135593220338984,0.3333333333333333,0.8067226890756303,0.3333333333333333,0.8135593220338984,0.34285714285714286,0.5747899159663865,0.7128060263653483
317,9,46,11,11,0.7142857142857143,0.6285087719298246,0.8070175438596491,0.45,0.8070175438596491,0.45,0.8070175438596491,0.45,0.6285087719298246,0.7859649122807018
318,9,45,10,13,0.7012987012987013,0.6136363636363636,0.8181818181818182,0.4090909090909091,0.7964601769911505,0.4090909090909091,0.8181818181818182,0.43902439024390244,0.6177422836175265,0.747107438016529
319,6,46,11,14,0.6753246753246753,0.5535087719298245,0.8070175438596491,0.3,0.7863247863247863,0.3,0.8070175438596491,0.32432432432432434,0.5553245553245554,0.724561403508772
320,6,56,5,10,0.8051948051948052,0.646516393442623,0.9180327868852459,0.375,0.8818897637795275,0.375,0.9180327868852459,0.4444444444444444,0.663167104111986,0.819672131147541
321,11,43,6,17,0.7012987012987013,0.6352040816326531,0.8775510204081632,0.39285714285714285,0.7889908256880734,0.39285714285714285,0.8775510204081632,0.4888888888888889,0.6389398572884811,0.7922740524781341
322,8,55,5,9,0.8181818181818182,0.6936274509803921,0.9166666666666666,0.47058823529411764,0.8870967741935484,0.47058823529411764,0.9166666666666666,0.5333333333333333,0.7102150537634409,0.8254901960784313
323,8,51,8,10,0.7662337662337663,0.6544256120527308,0.864406779661017,0.4444444444444444,0.85,0.4444444444444444,0.864406779661017,0.47058823529411764,0.6602941176470588,0.7627118644067797
324,14,41,7,15,0.7142857142857143,0.6684626436781609,0.8541666666666666,0.4827586206896552,0.7884615384615384,0.4827586206896552,0.8541666666666666,0.56,0.6742307692307692,0.75
325,14,44,5,14,0.7532467532467533,0.6989795918367347,0.8979591836734694,0.5,0.822429906542056,0.5,0.8979591836734694,0.5957446808510638,0.70908729369656,0.6975218658892128
326,10,42,14,11,0.6753246753246753,0.6130952380952381,0.75,0.47619047619047616,0.7706422018348624,0.47619047619047616,0.75,0.4444444444444444,0.6075433231396534,0.7576530612244897
327,3,52,10,12,0.7142857142857143,0.5193548387096775,0.8387096774193549,0.2,0.8253968253968254,0.2,0.8387096774193549,0.21428571428571427,0.5198412698412698,0.546236559139785
328,5,49,9,14,0.7012987012987013,0.5539927404718693,0.8448275862068966,0.2631578947368421,0.8099173553719008,0.2631578947368421,0.8448275862068966,0.30303030303030304,0.5564738292011019,0.6243194192377495
329,9,50,7,11,0.7662337662337663,0.6635964912280702,0.8771929824561403,0.45,0.847457627118644,0.45,0.8771929824561403,0.5,0.673728813559322,0.8289473684210527
330,11,44,11,11,0.7142857142857143,0.65,0.8,0.5,0.8,0.5,0.8,0.5,0.65,0.7140495867768595
331,11,42,10,14,0.6883116883116883,0.6238461538461538,0.8076923076923077,0.44,0.7777777777777778,0.44,0.8076923076923077,0.4782608695652174,0.6280193236714976,0.6538461538461539
332,5,48,8,16,0.6883116883116883,0.5476190476190476,0.8571428571428571,0.23809523809523808,0.8,0.23809523809523808,0.8571428571428571,0.29411764705882354,0.5470588235294118,0.6215986394557823
333,15,41,9,12,0.7272727272727273,0.6877777777777778,0.82,0.5555555555555556,0.7961165048543689,0.5555555555555556,0.82,0.5882352941176471,0.692175899486008,0.7955555555555555
334,13,47,6,11,0.7792207792207793,0.7142295597484276,0.8867924528301887,0.5416666666666666,0.8468468468468469,0.5416666666666666,0.8867924528301887,0.6046511627906976,0.7257490048187722,0.7955974842767295
335,8,54,5,10,0.8051948051948052,0.67984934086629,0.9152542372881356,0.4444444444444444,0.8780487804878049,0.4444444444444444,0.9152542372881356,0.5161290322580645,0.6970889063729346,0.7871939736346516
336,14,44,6,13,0.7532467532467533,0.6992592592592592,0.88,0.5185185185185185,0.822429906542056,0.5185185185185185,0.88,0.5957446808510638,0.70908729369656,0.7422222222222222
337,5,51,12,9,0.7272727272727273,0.5833333333333334,0.8095238095238095,0.35714285714285715,0.8292682926829268,0.35714285714285715,0.8095238095238095,0.3225806451612903,0.5759244689221086,0.7142857142857142
338,8,51,8,10,0.7662337662337663,0.6544256120527308,0.864406779661017,0.4444444444444444,0.85,0.4444444444444444,0.864406779661017,0.47058823529411764,0.6602941176470588,0.7871939736346516
339,7,45,12,13,0.6753246753246753,0.5697368421052631,0.7894736842105263,0.35,0.782608695652174,0.35,0.7894736842105263,0.358974358974359,0.5707915273132664,0.7342105263157895
340,8,52,6,11,0.7792207792207793,0.6588021778584392,0.896551724137931,0.42105263157894735,0.859504132231405,0.42105263157894735,0.896551724137931,0.48484848484848486,0.6721763085399449,0.7722323049001815
341,9,47,12,9,0.7272727272727273,0.6483050847457628,0.7966101694915254,0.5,0.8173913043478261,0.5,0.7966101694915254,0.46153846153846156,0.6394648829431439,0.7674199623352165
342,8,49,8,12,0.7402597402597403,0.6298245614035087,0.8596491228070176,0.4,0.8305084745762712,0.4,0.8596491228070176,0.4444444444444444,0.6374764595103578,0.7543859649122807
343,6,50,15,6,0.7272727272727273,0.6346153846153846,0.7692307692307693,0.5,0.8264462809917356,0.5,0.7692307692307693,0.36363636363636365,0.5950413223140496,0.7166666666666667
344,9,42,13,13,0.6623376623376623,0.5863636363636364,0.7636363636363637,0.4090909090909091,0.7636363636363637,0.4090909090909091,0.7636363636363637,0.4090909090909091,0.5863636363636364,0.5933884297520662
345,7,43,12,15,0.6493506493506493,0.55,0.7818181818181819,0.3181818181818182,0.7610619469026548,0.3181818181818182,0.7818181818181819,0.34146341463414637,0.5512626807684006,0.7305785123966944
346,15,40,9,13,0.7142857142857143,0.6760204081632653,0.8163265306122449,0.5357142857142857,0.7843137254901961,0.5357142857142857,0.8163265306122449,0.5769230769230769,0.6806184012066365,0.8185131195335278
347,8,54,5,10,0.8051948051948052,0.67984934086629,0.9152542372881356,0.4444444444444444,0.8780487804878049,0.4444444444444444,0.9152542372881356,0.5161290322580645,0.6970889063729346,0.7448210922787193
348,8,53,11,5,0.7922077922077922,0.7217548076923077,0.828125,0.6153846153846154,0.8688524590163934,0.6153846153846154,0.828125,0.5,0.6844262295081966,0.8329326923076924
349,9,40,8,20,0.6363636363636364,0.5718390804597702,0.8333333333333334,0.3103448275862069,0.7407407407407407,0.3103448275862069,0.8333333333333334,0.391304347826087,0.5660225442834138,0.6932471264367815
350,14,40,6,17,0.7012987012987013,0.6605890603085554,0.8695652173913043,0.45161290322580644,0.7766990291262136,0.45161290322580644,0.8695652173913043,0.5490196078431373,0.6628593184846754,0.799438990182328
351,11,46,6,14,0.7402597402597403,0.6623076923076923,0.8846153846153846,0.44,0.8214285714285714,0.44,0.8846153846153846,0.5238095238095238,0.6726190476190477,0.7930769230769231
352,9,48,3,17,0.7402597402597403,0.6436651583710407,0.9411764705882353,0.34615384615384615,0.8275862068965517,0.34615384615384615,0.9411764705882353,0.47368421052631576,0.6506352087114338,0.7873303167420815
353,3,58,4,12,0.7922077922077922,0.567741935483871,0.9354838709677419,0.2,0.8787878787878788,0.2,0.9354838709677419,0.2727272727272727,0.5757575757575757,0.7881720430107527
354,10,48,5,14,0.7532467532467533,0.6611635220125787,0.9056603773584906,0.4166666666666667,0.8347826086956521,0.4166666666666667,0.9056603773584906,0.5128205128205128,0.6738015607580825,0.757861635220126
355,6,46,7,18,0.6753246753246753,0.5589622641509434,0.8679245283018868,0.25,0.7863247863247863,0.25,0.8679245283018868,0.32432432432432434,0.5553245553245554,0.7751572327044025
356,15,37,14,11,0.6753246753246753,0.651206636500754,0.7254901960784313,0.5769230769230769,0.7474747474747475,0.5769230769230769,0.7254901960784313,0.5454545454545454,0.6464646464646464,0.7956259426847662
357,13,45,7,12,0.7532467532467533,0.6926923076923077,0.8653846153846154,0.52,0.8256880733944955,0.52,0.8653846153846154,0.5777777777777777,0.7017329255861366,0.7553846153846154
358,10,46,11,10,0.7272727272727273,0.6535087719298245,0.8070175438596491,0.5,0.8141592920353983,0.5,0.8070175438596491,0.4878048780487805,0.6509820850420893,0.6789473684210526
359,10,47,9,11,0.7402597402597403,0.6577380952380952,0.8392857142857143,0.47619047619047616,0.8245614035087719,0.47619047619047616,0.8392857142857143,0.5,0.6622807017543859,0.8248299319727891
360,8,49,10,10,0.7402597402597403,0.6374764595103578,0.8305084745762712,0.4444444444444444,0.8305084745762712,0.4444444444444444,0.8305084745762712,0.4444444444444444,0.6374764595103578,0.8436911487758946
361,5,57,5,10,0.8051948051948052,0.6263440860215054,0.9193548387096774,0.3333333333333333,0.8837209302325582,0.3333333333333333,0.9193548387096774,0.4,0.6418604651162791,0.7301075268817203
362,9,51,8,9,0.7792207792207793,0.6822033898305084,0.864406779661017,0.5,0.8571428571428571,0.5,0.864406779661017,0.5142857142857142,0.6857142857142857,0.8775894538606402
363,11,50,7,9,0.7922077922077922,0.7135964912280701,0.8771929824561403,0.55,0.8620689655172413,0.55,0.8771929824561403,0.5789473684210527,0.720508166969147,0.8368421052631579
364,11,54,7,5,0.8441558441558441,0.7863729508196722,0.8852459016393442,0.6875,0.9,0.6875,0.8852459016393442,0.6470588235294118,0.7735294117647059,0.9088114754098361
365,10,42,11,14,0.6753246753246753,0.604559748427673,0.7924528301886793,0.4166666666666667,0.7706422018348624,0.4166666666666667,0.7924528301886793,0.4444444444444444,0.6075433231396534,0.746069182389937
366,5,55,7,10,0.7792207792207793,0.6102150537634409,0.8870967741935484,0.3333333333333333,0.8661417322834646,0.3333333333333333,0.8870967741935484,0.37037037037037035,0.6182560513269175,0.7720430107526881
367,12,48,7,10,0.7792207792207793,0.709090909090909,0.8727272727272727,0.5454545454545454,0.8495575221238938,0.5454545454545454,0.8727272727272727,0.5853658536585366,0.7174616878912152,0.7776859504132231
368,14,43,8,12,0.7402597402597403,0.6907993966817496,0.8431372549019608,0.5384615384615384,0.8113207547169812,0.5384615384615384,0.8431372549019608,0.5833333333333334,0.6973270440251573,0.7654600301659126
369,5,53,7,12,0.7532467532467533,0.5887254901960784,0.8833333333333333,0.29411764705882354,0.848,0.29411764705882354,0.8833333333333333,0.3448275862068966,0.5964137931034483,0.692156862745098
370,7,49,9,12,0.7272727272727273,0.6066243194192378,0.8448275862068966,0.3684210526315789,0.8235294117647058,0.3684210526315789,0.8448275862068966,0.4,0.611764705882353,0.7695099818511797
371,11,45,13,8,0.7272727272727273,0.677404718693285,0.7758620689655172,0.5789473684210527,0.8108108108108109,0.5789473684210527,0.7758620689655172,0.5116279069767442,0.6612193588937776,0.823956442831216
372,13,47,6,11,0.7792207792207793,0.7142295597484276,0.8867924528301887,0.5416666666666666,0.8468468468468469,0.5416666666666666,0.8867924528301887,0.6046511627906976,0.7257490048187722,0.815251572327044
373,9,50,7,11,0.7662337662337663,0.6635964912280702,0.8771929824561403,0.45,0.847457627118644,0.45,0.8771929824561403,0.5,0.673728813559322,0.8105263157894737
374,14,42,9,12,0.7272727272727273,0.6809954751131222,0.8235294117647058,0.5384615384615384,0.8,0.5384615384615384,0.8235294117647058,0.5714285714285714,0.6857142857142857,0.782051282051282
375,9,41,9,18,0.6493506493506493,0.5766666666666667,0.82,0.3333333333333333,0.7522935779816514,0.3333333333333333,0.82,0.4,0.5761467889908257,0.6585185185185185
376,9,50,6,12,0.7662337662337663,0.6607142857142857,0.8928571428571429,0.42857142857142855,0.847457627118644,0.42857142857142855,0.8928571428571429,0.5,0.673728813559322,0.7806122448979592
377,10,49,3,15,0.7662337662337663,0.6711538461538462,0.9423076923076923,0.4,0.8448275862068966,0.4,0.9423076923076923,0.5263157894736842,0.6855716878402904,0.6946153846153846
378,9,43,7,18,0.6753246753246753,0.5966666666666667,0.86,0.3333333333333333,0.7747747747747747,0.3333333333333333,0.86,0.4186046511627907,0.5966897129687827,0.7
379,10,43,11,13,0.6883116883116883,0.6155394524959742,0.7962962962962963,0.43478260869565216,0.7818181818181819,0.43478260869565216,0.7962962962962963,0.45454545454545453,0.6181818181818182,0.7310789049919484
380,8,46,14,9,0.7012987012987013,0.6186274509803922,0.7666666666666667,0.47058823529411764,0.8,0.47058823529411764,0.7666666666666667,0.41025641025641024,0.6051282051282052,0.8019607843137255
381,9,54,4,10,0.8181818181818182,0.7023593466424682,0.9310344827586207,0.47368421052631576,0.8852459016393442,0.47368421052631576,0.9310344827586207,0.5625,0.7238729508196722,0.7831215970961888
382,9,50,9,9,0.7662337662337663,0.673728813559322,0.847457627118644,0.5,0.847457627118644,0.5,0.847457627118644,0.5,0.673728813559322,0.748587570621469
383,7,46,10,14,0.6883116883116883,0.5773809523809523,0.8214285714285714,0.3333333333333333,0.7931034482758621,0.3333333333333333,0.8214285714285714,0.3684210526315789,0.5807622504537205,0.7134353741496599
384,6,55,8,8,0.7922077922077922,0.6507936507936508,0.873015873015873,0.42857142857142855,0.873015873015873,0.42857142857142855,0.873015873015873,0.42857142857142855,0.6507936507936508,0.8435374149659864
385,12,49,8,8,0.7922077922077922,0.7298245614035088,0.8596491228070176,0.6,0.8596491228070176,0.6,0.8596491228070176,0.6,0.7298245614035088,0.9070175438596492
386,10,47,6,14,0.7402597402597403,0.6517295597484277,0.8867924528301887,0.4166666666666667,0.8245614035087719,0.4166666666666667,0.8867924528301887,0.5,0.6622807017543859,0.7869496855345912
387,11,49,8,9,0.7792207792207793,0.7048245614035088,0.8596491228070176,0.55,0.8521739130434782,0.55,0.8596491228070176,0.5641025641025641,0.7081382385730212,0.8236842105263158
388,15,42,8,12,0.7402597402597403,0.6977777777777778,0.84,0.5555555555555556,0.8076923076923077,0.5555555555555556,0.84,0.6,0.7038461538461538,0.7444444444444444
389,13,48,8,8,0.7922077922077922,0.7380952380952381,0.8571428571428571,0.6190476190476191,0.8571428571428571,0.6190476190476191,0.8571428571428571,0.6190476190476191,0.7380952380952381,0.8962585034013605
390,8,56,9,4,0.8311688311688312,0.764102564102564,0.8615384615384616,0.6666666666666666,0.896,0.6666666666666666,0.8615384615384616,0.5517241379310345,0.7238620689655173,0.8743589743589744
391,11,42,10,14,0.6883116883116883,0.6238461538461538,0.8076923076923077,0.44,0.7777777777777778,0.44,0.8076923076923077,0.4782608695652174,0.6280193236714976,0.7000000000000001
392,10,47,6,14,0.7402597402597403,0.6517295597484277,0.8867924528301887,0.4166666666666667,0.8245614035087719,0.4166666666666667,0.8867924528301887,0.5,0.6622807017543859,0.7775157232704402
393,12,50,5,10,0.8051948051948052,0.7272727272727273,0.9090909090909091,0.5454545454545454,0.8695652173913043,0.5454545454545454,0.9090909090909091,0.6153846153846154,0.7424749163879598,0.7735537190082645
394,7,54,6,10,0.7922077922077922,0.6558823529411765,0.9,0.4117647058823529,0.8709677419354839,0.4117647058823529,0.9,0.4666666666666667,0.6688172043010753,0.8137254901960784
395,10,42,15,10,0.6753246753246753,0.618421052631579,0.7368421052631579,0.5,0.7706422018348624,0.5,0.7368421052631579,0.4444444444444444,0.6075433231396534,0.736842105263158
396,4,45,12,16,0.6363636363636364,0.49473684210526314,0.7894736842105263,0.2,0.7627118644067796,0.2,0.7894736842105263,0.2222222222222222,0.4924670433145009,0.6324561403508773
397,11,52,9,5,0.8181818181818182,0.7699795081967213,0.8524590163934426,0.6875,0.8813559322033898,0.6875,0.8524590163934426,0.6111111111111112,0.7462335216572504,0.9098360655737704
398,9,44,12,12,0.6883116883116883,0.6071428571428571,0.7857142857142857,0.42857142857142855,0.7857142857142857,0.42857142857142855,0.7857142857142857,0.42857142857142855,0.6071428571428571,0.7389455782312926
399,11,49,8,9,0.7792207792207793,0.7048245614035088,0.8596491228070176,0.55,0.8521739130434782,0.55,0.8596491228070176,0.5641025641025641,0.7081382385730212,0.843859649122807
400,14,47,2,14,0.7922077922077922,0.7295918367346939,0.9591836734693877,0.5,0.8545454545454545,0.5,0.9591836734693877,0.6363636363636364,0.7454545454545454,0.9169096209912536
401,11,50,5,11,0.7922077922077922,0.7045454545454546,0.9090909090909091,0.5,0.8620689655172413,0.5,0.9090909090909091,0.5789473684210527,0.720508166969147,0.7545454545454545
402,10,50,8,9,0.7792207792207793,0.6941923774954628,0.8620689655172413,0.5263157894736842,0.8547008547008547,0.5263157894736842,0.8620689655172413,0.5405405405405406,0.6976206976206976,0.7186932849364791
403,13,46,5,13,0.7662337662337663,0.7009803921568627,0.9019607843137255,0.5,0.8363636363636363,0.5,0.9019607843137255,0.5909090909090909,0.7136363636363636,0.8069381598793364
404,15,44,6,12,0.7662337662337663,0.7177777777777778,0.88,0.5555555555555556,0.8301886792452831,0.5555555555555556,0.88,0.625,0.7275943396226415,0.7992592592592593
405,9,54,6,8,0.8181818181818182,0.7147058823529412,0.9,0.5294117647058824,0.8852459016393442,0.5294117647058824,0.9,0.5625,0.7238729508196722,0.7480392156862745
406,6,54,7,10,0.7792207792207793,0.6301229508196722,0.8852459016393442,0.375,0.864,0.375,0.8852459016393442,0.41379310344827586,0.638896551724138,0.7028688524590165
407,8,52,6,11,0.7792207792207793,0.6588021778584392,0.896551724137931,0.42105263157894735,0.859504132231405,0.42105263157894735,0.896551724137931,0.48484848484848486,0.6721763085399449,0.7304900181488202
408,12,45,7,13,0.7402597402597403,0.6726923076923077,0.8653846153846154,0.48,0.8181818181818182,0.48,0.8653846153846154,0.5454545454545454,0.6818181818181819,0.7446153846153847
409,10,46,12,9,0.7272727272727273,0.6597096188747731,0.7931034482758621,0.5263157894736842,0.8141592920353983,0.5263157894736842,0.7931034482758621,0.4878048780487805,0.6509820850420893,0.838475499092559
410,10,47,10,10,0.7402597402597403,0.6622807017543859,0.8245614035087719,0.5,0.8245614035087719,0.5,0.8245614035087719,0.5,0.6622807017543859,0.8017543859649122
411,15,48,5,9,0.8181818181818182,0.7653301886792453,0.9056603773584906,0.625,0.8727272727272727,0.625,0.9056603773584906,0.6818181818181818,0.7772727272727272,0.8380503144654087
412,6,50,9,12,0.7272727272727273,0.5903954802259886,0.847457627118644,0.3333333333333333,0.8264462809917356,0.3333333333333333,0.847457627118644,0.36363636363636365,0.5950413223140496,0.7598870056497175
413,6,45,13,13,0.6623376623376623,0.5458257713248639,0.7758620689655172,0.3157894736842105,0.7758620689655172,0.3157894736842105,0.7758620689655172,0.3157894736842105,0.5458257713248639,0.5671506352087113
414,11,48,7,11,0.7662337662337663,0.6863636363636363,0.8727272727272727,0.5,0.8421052631578947,0.5,0.8727272727272727,0.55,0.6960526315789474,0.7421487603305785
415,7,58,6,6,0.8441558441558441,0.7223557692307692,0.90625,0.5384615384615384,0.90625,0.5384615384615384,0.90625,0.5384615384615384,0.7223557692307692,0.8076923076923077
416,6,46,14,11,0.6753246753246753,0.5598039215686275,0.7666666666666667,0.35294117647058826,0.7863247863247863,0.35294117647058826,0.7666666666666667,0.32432432432432434,0.5553245553245554,0.7156862745098039
417,9,53,8,7,0.8051948051948052,0.7156762295081966,0.8688524590163934,0.5625,0.8760330578512396,0.5625,0.8688524590163934,0.5454545454545454,0.7107438016528925,0.790983606557377
418,9,49,3,16,0.7532467532467533,0.6511538461538462,0.9423076923076923,0.36,0.8376068376068376,0.36,0.9423076923076923,0.4864864864864865,0.6620466620466621,0.7630769230769231
419,8,45,9,15,0.6883116883116883,0.5905797101449275,0.8333333333333334,0.34782608695652173,0.7894736842105263,0.34782608695652173,0.8333333333333334,0.4,0.5947368421052632,0.6731078904991948
420,10,48,6,13,0.7532467532467533,0.6618357487922705,0.8888888888888888,0.43478260869565216,0.8347826086956521,0.43478260869565216,0.8888888888888888,0.5128205128205128,0.6738015607580825,0.7809983896940418
421,10,54,6,7,0.8311688311688312,0.7441176470588236,0.9,0.5882352941176471,0.8925619834710744,0.5882352941176471,0.9,0.6060606060606061,0.7493112947658402,0.8098039215686273
422,3,48,8,18,0.6623376623376623,0.5,0.8571428571428571,0.14285714285714285,0.7868852459016393,0.14285714285714285,0.8571428571428571,0.1875,0.48719262295081966,0.6011904761904762
423,5,57,5,10,0.8051948051948052,0.6263440860215054,0.9193548387096774,0.3333333333333333,0.8837209302325582,0.3333333333333333,0.9193548387096774,0.4,0.6418604651162791,0.7365591397849462
424,12,43,7,15,0.7142857142857143,0.6522222222222223,0.86,0.4444444444444444,0.7962962962962963,0.4444444444444444,0.86,0.5217391304347826,0.6590177133655395,0.7585185185185186
425,11,46,8,12,0.7402597402597403,0.6650563607085347,0.8518518518518519,0.4782608695652174,0.8214285714285714,0.4782608695652174,0.8518518518518519,0.5238095238095238,0.6726190476190477,0.7455716586151367
426,7,45,10,15,0.6753246753246753,0.5681818181818182,0.8181818181818182,0.3181818181818182,0.782608695652174,0.3181818181818182,0.8181818181818182,0.358974358974359,0.5707915273132664,0.6884297520661158
427,5,56,8,8,0.7922077922077922,0.6298076923076923,0.875,0.38461538461538464,0.875,0.38461538461538464,0.875,0.38461538461538464,0.6298076923076923,0.7391826923076923
428,8,45,13,11,0.6883116883116883,0.5984573502722323,0.7758620689655172,0.42105263157894735,0.7894736842105263,0.42105263157894735,0.7758620689655172,0.4,0.5947368421052632,0.719600725952813
429,13,40,11,13,0.6883116883116883,0.642156862745098,0.7843137254901961,0.5,0.7692307692307693,0.5,0.7843137254901961,0.52,0.6446153846153846,0.7405731523378583
430,11,45,8,13,0.7272727272727273,0.6536949685534591,0.8490566037735849,0.4583333333333333,0.8108108108108109,0.4583333333333333,0.8490566037735849,0.5116279069767442,0.6612193588937776,0.8113207547169812
431,6,50,5,16,0.7272727272727273,0.5909090909090908,0.9090909090909091,0.2727272727272727,0.8264462809917356,0.2727272727272727,0.9090909090909091,0.36363636363636365,0.5950413223140496,0.7512396694214876
432,8,50,8,11,0.7532467532467533,0.6415607985480943,0.8620689655172413,0.42105263157894735,0.8403361344537815,0.42105263157894735,0.8620689655172413,0.45714285714285713,0.6487394957983194,0.7059891107078039
433,9,46,9,13,0.7142857142857143,0.6227272727272727,0.8363636363636363,0.4090909090909091,0.8070175438596491,0.4090909090909091,0.8363636363636363,0.45,0.6285087719298246,0.6421487603305785
434,8,51,7,11,0.7662337662337663,0.6501814882032668,0.8793103448275862,0.42105263157894735,0.85,0.42105263157894735,0.8793103448275862,0.47058823529411764,0.6602941176470588,0.8257713248638839
435,10,48,10,9,0.7532467532467533,0.676950998185118,0.8275862068965517,0.5263157894736842,0.8347826086956521,0.5263157894736842,0.8275862068965517,0.5128205128205128,0.6738015607580825,0.8230490018148819
436,5,49,8,15,0.7012987012987013,0.5548245614035088,0.8596491228070176,0.25,0.8099173553719008,0.25,0.8596491228070176,0.30303030303030304,0.5564738292011019,0.6921052631578948
437,5,56,7,9,0.7922077922077922,0.623015873015873,0.8888888888888888,0.35714285714285715,0.875,0.35714285714285715,0.8888888888888888,0.38461538461538464,0.6298076923076923,0.653061224489796
438,11,48,8,10,0.7662337662337663,0.6904761904761905,0.8571428571428571,0.5238095238095238,0.8421052631578947,0.5238095238095238,0.8571428571428571,0.55,0.6960526315789474,0.7431972789115646
439,11,50,6,10,0.7922077922077922,0.7083333333333334,0.8928571428571429,0.5238095238095238,0.8620689655172413,0.5238095238095238,0.8928571428571429,0.5789473684210527,0.720508166969147,0.7644557823129251
440,9,48,11,9,0.7402597402597403,0.6567796610169492,0.8135593220338984,0.5,0.8275862068965517,0.5,0.8135593220338984,0.47368421052631576,0.6506352087114338,0.7297551789077213
441,10,44,10,13,0.7012987012987013,0.6247987117552335,0.8148148148148148,0.43478260869565216,0.7927927927927928,0.43478260869565216,0.8148148148148148,0.46511627906976744,0.6289545359312801,0.7737520128824477
442,9,49,4,15,0.7532467532467533,0.6497641509433962,0.9245283018867925,0.375,0.8376068376068376,0.375,0.9245283018867925,0.4864864864864865,0.6620466620466621,0.7688679245283019
443,10,46,7,14,0.7272727272727273,0.6422955974842768,0.8679245283018868,0.4166666666666667,0.8141592920353983,0.4166666666666667,0.8679245283018868,0.4878048780487805,0.6509820850420893,0.7727987421383649
444,10,45,9,13,0.7142857142857143,0.6340579710144928,0.8333333333333334,0.43478260869565216,0.8035714285714286,0.43478260869565216,0.8333333333333334,0.47619047619047616,0.6398809523809523,0.7914653784219001
445,6,54,4,13,0.7792207792207793,0.6234119782214156,0.9310344827586207,0.3157894736842105,0.864,0.3157894736842105,0.9310344827586207,0.41379310344827586,0.638896551724138,0.7059891107078038
446,6,46,3,22,0.6753246753246753,0.576530612244898,0.9387755102040817,0.21428571428571427,0.7863247863247863,0.21428571428571427,0.9387755102040817,0.32432432432432434,0.5553245553245554,0.7463556851311953
447,8,43,13,13,0.6623376623376623,0.5744047619047619,0.7678571428571429,0.38095238095238093,0.7678571428571429,0.38095238095238093,0.7678571428571429,0.38095238095238093,0.5744047619047619,0.7295918367346937
448,14,43,10,10,0.7402597402597403,0.6973270440251573,0.8113207547169812,0.5833333333333334,0.8113207547169812,0.5833333333333334,0.8113207547169812,0.5833333333333334,0.6973270440251573,0.7869496855345912
449,8,49,7,13,0.7402597402597403,0.6279761904761905,0.875,0.38095238095238093,0.8305084745762712,0.38095238095238093,0.875,0.4444444444444444,0.6374764595103578,0.7746598639455782
450,13,39,10,15,0.6753246753246753,0.6301020408163265,0.7959183673469388,0.4642857142857143,0.7572815533980582,0.4642857142857143,0.7959183673469388,0.5098039215686274,0.6335427374833429,0.7427113702623906
451,13,43,7,14,0.7272727272727273,0.6707407407407407,0.86,0.48148148148148145,0.8037383177570093,0.48148148148148145,0.86,0.5531914893617021,0.6784649035593557,0.7851851851851852
452,7,49,7,14,0.7272727272727273,0.6041666666666666,0.875,0.3333333333333333,0.8235294117647058,0.3333333333333333,0.875,0.4,0.611764705882353,0.7576530612244897
453,10,46,9,12,0.7272727272727273,0.6454545454545454,0.8363636363636363,0.45454545454545453,0.8141592920353983,0.45454545454545453,0.8363636363636363,0.4878048780487805,0.6509820850420893,0.749586776859504
454,12,43,10,12,0.7142857142857143,0.6556603773584906,0.8113207547169812,0.5,0.7962962962962963,0.5,0.8113207547169812,0.5217391304347826,0.6590177133655395,0.8105345911949686
455,8,45,8,16,0.6883116883116883,0.5911949685534591,0.8490566037735849,0.3333333333333333,0.7894736842105263,0.3333333333333333,0.8490566037735849,0.4,0.5947368421052632,0.7185534591194969
456,8,50,12,7,0.7532467532467533,0.6698924731182796,0.8064516129032258,0.5333333333333333,0.8403361344537815,0.5333333333333333,0.8064516129032258,0.45714285714285713,0.6487394957983194,0.7709677419354838
457,8,51,4,14,0.7662337662337663,0.6454545454545455,0.9272727272727272,0.36363636363636365,0.85,0.36363636363636365,0.9272727272727272,0.47058823529411764,0.6602941176470588,0.6479338842975206
458,11,43,12,11,0.7012987012987013,0.6409090909090909,0.7818181818181819,0.5,0.7889908256880734,0.5,0.7818181818181819,0.4888888888888889,0.6389398572884811,0.7702479338842976
459,10,44,10,13,0.7012987012987013,0.6247987117552335,0.8148148148148148,0.43478260869565216,0.7927927927927928,0.43478260869565216,0.8148148148148148,0.46511627906976744,0.6289545359312801,0.7729468599033816
460,7,52,6,12,0.7662337662337663,0.632486388384755,0.896551724137931,0.3684210526315789,0.8524590163934426,0.3684210526315789,0.896551724137931,0.4375,0.6449795081967213,0.8094373865698731
461,13,43,8,13,0.7272727272727273,0.6715686274509804,0.8431372549019608,0.5,0.8037383177570093,0.5,0.8431372549019608,0.5531914893617021,0.6784649035593557,0.7518853695324283
462,11,54,6,6,0.8441558441558441,0.7735294117647059,0.9,0.6470588235294118,0.9,0.6470588235294118,0.9,0.6470588235294118,0.7735294117647059,0.8607843137254902
463,5,54,6,12,0.7662337662337663,0.5970588235294118,0.9,0.29411764705882354,0.8571428571428571,0.29411764705882354,0.9,0.35714285714285715,0.6071428571428571,0.7950980392156862
464,8,46,7,16,0.7012987012987013,0.60062893081761,0.8679245283018868,0.3333333333333333,0.8,0.3333333333333333,0.8679245283018868,0.41025641025641024,0.6051282051282052,0.7625786163522013
465,10,46,7,14,0.7272727272727273,0.6422955974842768,0.8679245283018868,0.4166666666666667,0.8141592920353983,0.4166666666666667,0.8679245283018868,0.4878048780487805,0.6509820850420893,0.720125786163522
466,6,56,7,8,0.8051948051948052,0.6587301587301587,0.8888888888888888,0.42857142857142855,0.8818897637795275,0.42857142857142855,0.8888888888888888,0.4444444444444444,0.663167104111986,0.5804988662131518
467,11,48,7,11,0.7662337662337663,0.6863636363636363,0.8727272727272727,0.5,0.8421052631578947,0.5,0.8727272727272727,0.55,0.6960526315789474,0.7504132231404959
468,8,47,11,11,0.7142857142857143,0.6156987295825771,0.8103448275862069,0.42105263157894735,0.8103448275862069,0.42105263157894735,0.8103448275862069,0.42105263157894735,0.6156987295825771,0.7477313974591652
469,13,44,8,12,0.7402597402597403,0.6830769230769231,0.8461538461538461,0.52,0.8148148148148148,0.52,0.8461538461538461,0.5652173913043478,0.6900161030595813,0.7723076923076924
470,12,44,4,17,0.7272727272727273,0.6652298850574713,0.9166666666666666,0.41379310344827586,0.8073394495412844,0.41379310344827586,0.9166666666666666,0.5333333333333333,0.6703363914373088,0.7435344827586207
471,14,44,9,10,0.7532467532467533,0.7067610062893082,0.8301886792452831,0.5833333333333334,0.822429906542056,0.5833333333333334,0.8301886792452831,0.5957446808510638,0.70908729369656,0.8592767295597484
472,13,41,13,10,0.7012987012987013,0.6622383252818036,0.7592592592592593,0.5652173913043478,0.780952380952381,0.5652173913043478,0.7592592592592593,0.5306122448979592,0.6557823129251701,0.7302737520128825
473,12,52,5,8,0.8311688311688312,0.7561403508771929,0.9122807017543859,0.6,0.8888888888888888,0.6,0.9122807017543859,0.6486486486486487,0.7687687687687688,0.8298245614035087
474,8,45,10,14,0.6883116883116883,0.5909090909090909,0.8181818181818182,0.36363636363636365,0.7894736842105263,0.36363636363636365,0.8181818181818182,0.4,0.5947368421052632,0.7785123966942149
475,10,56,3,8,0.8571428571428571,0.7523540489642184,0.9491525423728814,0.5555555555555556,0.9105691056910569,0.5555555555555556,0.9491525423728814,0.6451612903225806,0.7778651980068187,0.8333333333333333
476,9,45,11,12,0.7012987012987013,0.6160714285714286,0.8035714285714286,0.42857142857142855,0.7964601769911505,0.42857142857142855,0.8035714285714286,0.43902439024390244,0.6177422836175265,0.6658163265306122
477,12,49,5,11,0.7922077922077922,0.7145732689210951,0.9074074074074074,0.5217391304347826,0.8596491228070176,0.5217391304347826,0.9074074074074074,0.6,0.7298245614035088,0.7971014492753623
478,7,47,7,16,0.7012987012987013,0.5873590982286634,0.8703703703703703,0.30434782608695654,0.8034188034188035,0.30434782608695654,0.8703703703703703,0.3783783783783784,0.5908985908985909,0.7536231884057971
479,10,43,7,17,0.6883116883116883,0.6151851851851852,0.86,0.37037037037037035,0.7818181818181819,0.37037037037037035,0.86,0.45454545454545453,0.6181818181818182,0.742962962962963
480,10,43,8,16,0.6883116883116883,0.6138763197586727,0.8431372549019608,0.38461538461538464,0.7818181818181819,0.38461538461538464,0.8431372549019608,0.45454545454545453,0.6181818181818182,0.755656108597285
481,7,51,6,13,0.7532467532467533,0.6223684210526316,0.8947368421052632,0.35,0.8429752066115702,0.35,0.8947368421052632,0.42424242424242425,0.6336088154269972,0.6350877192982456
482,8,49,10,10,0.7402597402597403,0.6374764595103578,0.8305084745762712,0.4444444444444444,0.8305084745762712,0.4444444444444444,0.8305084745762712,0.4444444444444444,0.6374764595103578,0.7843691148775894
483,8,46,8,15,0.7012987012987013,0.5998389694041868,0.8518518518518519,0.34782608695652173,0.8,0.34782608695652173,0.8518518518518519,0.41025641025641024,0.6051282051282052,0.7407407407407407
484,8,52,6,11,0.7792207792207793,0.6588021778584392,0.896551724137931,0.42105263157894735,0.859504132231405,0.42105263157894735,0.896551724137931,0.48484848484848486,0.6721763085399449,0.7676950998185118
485,14,45,10,8,0.7662337662337663,0.7272727272727273,0.8181818181818182,0.6363636363636364,0.8333333333333334,0.6363636363636364,0.8181818181818182,0.6086956521739131,0.7210144927536233,0.8636363636363636
486,9,54,7,7,0.8181818181818182,0.7238729508196722,0.8852459016393442,0.5625,0.8852459016393442,0.5625,0.8852459016393442,0.5625,0.7238729508196722,0.7756147540983606
487,14,45,8,10,0.7662337662337663,0.7161949685534592,0.8490566037735849,0.5833333333333334,0.8333333333333334,0.5833333333333334,0.8490566037735849,0.6086956521739131,0.7210144927536233,0.8860062893081762
488,7,47,5,18,0.7012987012987013,0.591923076923077,0.9038461538461539,0.28,0.8034188034188035,0.28,0.9038461538461539,0.3783783783783784,0.5908985908985909,0.703076923076923
489,8,49,5,15,0.7402597402597403,0.6276167471819646,0.9074074074074074,0.34782608695652173,0.8305084745762712,0.34782608695652173,0.9074074074074074,0.4444444444444444,0.6374764595103578,0.8373590982286634
490,9,46,9,13,0.7142857142857143,0.6227272727272727,0.8363636363636363,0.4090909090909091,0.8070175438596491,0.4090909090909091,0.8363636363636363,0.45,0.6285087719298246,0.7801652892561983
491,8,43,10,16,0.6623376623376623,0.5723270440251572,0.8113207547169812,0.3333333333333333,0.7678571428571429,0.3333333333333333,0.8113207547169812,0.38095238095238093,0.5744047619047619,0.6643081761006289
492,13,42,9,13,0.7142857142857143,0.6617647058823529,0.8235294117647058,0.5,0.7924528301886793,0.5,0.8235294117647058,0.5416666666666666,0.667059748427673,0.7978883861236803
493,9,46,6,16,0.7142857142857143,0.6223076923076922,0.8846153846153846,0.36,0.8070175438596491,0.36,0.8846153846153846,0.45,0.6285087719298246,0.753076923076923
494,7,53,7,10,0.7792207792207793,0.6475490196078431,0.8833333333333333,0.4117647058823529,0.8617886178861789,0.4117647058823529,0.8833333333333333,0.45161290322580644,0.6567007605559927,0.7794117647058824
495,6,45,13,13,0.6623376623376623,0.5458257713248639,0.7758620689655172,0.3157894736842105,0.7758620689655172,0.3157894736842105,0.7758620689655172,0.3157894736842105,0.5458257713248639,0.6651542649727767
496,9,50,7,11,0.7662337662337663,0.6635964912280702,0.8771929824561403,0.45,0.847457627118644,0.45,0.8771929824561403,0.5,0.673728813559322,0.7140350877192981
497,10,54,7,6,0.8311688311688312,0.7551229508196722,0.8852459016393442,0.625,0.8925619834710744,0.625,0.8852459016393442,0.6060606060606061,0.7493112947658402,0.8299180327868853
498,10,43,7,17,0.6883116883116883,0.6151851851851852,0.86,0.37037037037037035,0.7818181818181819,0.37037037037037035,0.86,0.45454545454545453,0.6181818181818182,0.6311111111111111
499,8,50,9,10,0.7532467532467533,0.6459510357815442,0.847457627118644,0.4444444444444444,0.8403361344537815,0.4444444444444444,0.847457627118644,0.45714285714285713,0.6487394957983194,0.8512241054613936
500,12,45,3,17,0.7402597402597403,0.6756465517241379,0.9375,0.41379310344827586,0.8181818181818182,0.41379310344827586,0.9375,0.5454545454545454,0.6818181818181819,0.7456896551724138
501,8,51,6,12,0.7662337662337663,0.6473684210526316,0.8947368421052632,0.4,0.85,0.4,0.8947368421052632,0.47058823529411764,0.6602941176470588,0.7526315789473684
502,7,51,6,13,0.7532467532467533,0.6223684210526316,0.8947368421052632,0.35,0.8429752066115702,0.35,0.8947368421052632,0.42424242424242425,0.6336088154269972,0.6657894736842106
503,5,58,6,8,0.8181818181818182,0.6454326923076923,0.90625,0.38461538461538464,0.8923076923076924,0.38461538461538464,0.90625,0.4166666666666667,0.6544871794871795,0.78125
504,11,43,13,10,0.7012987012987013,0.6458333333333334,0.7678571428571429,0.5238095238095238,0.7889908256880734,0.5238095238095238,0.7678571428571429,0.4888888888888889,0.6389398572884811,0.782312925170068
505,10,46,6,15,0.7272727272727273,0.6423076923076922,0.8846153846153846,0.4,0.8141592920353983,0.4,0.8846153846153846,0.4878048780487805,0.6509820850420893,0.7215384615384617
506,7,41,11,18,0.6233766233766234,0.5342307692307693,0.7884615384615384,0.28,0.7387387387387387,0.28,0.7884615384615384,0.32558139534883723,0.532160067043788,0.6230769230769231
507,11,46,7,13,0.7402597402597403,0.66312893081761,0.8679245283018868,0.4583333333333333,0.8214285714285714,0.4583333333333333,0.8679245283018868,0.5238095238095238,0.6726190476190477,0.8301886792452831
508,9,51,10,7,0.7792207792207793,0.6992827868852459,0.8360655737704918,0.5625,0.8571428571428571,0.5625,0.8360655737704918,0.5142857142857142,0.6857142857142857,0.7694672131147541
509,13,46,7,11,0.7662337662337663,0.7047955974842768,0.8679245283018868,0.5416666666666666,0.8363636363636363,0.5416666666666666,0.8679245283018868,0.5909090909090909,0.7136363636363636,0.8380503144654087
510,7,46,10,14,0.6883116883116883,0.5773809523809523,0.8214285714285714,0.3333333333333333,0.7931034482758621,0.3333333333333333,0.8214285714285714,0.3684210526315789,0.5807622504537205,0.7772108843537414
511,8,48,6,15,0.7272727272727273,0.6183574879227053,0.8888888888888888,0.34782608695652173,0.8205128205128205,0.34782608695652173,0.8888888888888888,0.43243243243243246,0.6264726264726265,0.714170692431562
512,9,50,5,13,0.7662337662337663,0.6590909090909091,0.9090909090909091,0.4090909090909091,0.847457627118644,0.4090909090909091,0.9090909090909091,0.5,0.673728813559322,0.8239669421487604
513,15,44,8,10,0.7662337662337663,0.7230769230769231,0.8461538461538461,0.6,0.8301886792452831,0.6,0.8461538461538461,0.625,0.7275943396226415,0.8276923076923077
514,10,44,6,17,0.7012987012987013,0.6251851851851852,0.88,0.37037037037037035,0.7927927927927928,0.37037037037037035,0.88,0.46511627906976744,0.6289545359312801,0.6562962962962963
515,8,48,7,14,0.7272727272727273,0.6181818181818182,0.8727272727272727,0.36363636363636365,0.8205128205128205,0.36363636363636365,0.8727272727272727,0.43243243243243246,0.6264726264726265,0.7628099173553721
516,10,50,5,12,0.7792207792207793,0.6818181818181818,0.9090909090909091,0.45454545454545453,0.8547008547008547,0.45454545454545453,0.9090909090909091,0.5405405405405406,0.6976206976206976,0.6942148760330579
517,6,52,7,12,0.7532467532467533,0.6073446327683616,0.8813559322033898,0.3333333333333333,0.8455284552845529,0.3333333333333333,0.8813559322033898,0.3870967741935484,0.6163126147390506,0.7598870056497176
518,6,53,4,14,0.7662337662337663,0.6149122807017544,0.9298245614035088,0.3,0.8548387096774194,0.3,0.9298245614035088,0.4,0.6274193548387097,0.8175438596491228
519,5,56,9,7,0.7922077922077922,0.6391025641025642,0.8615384615384616,0.4166666666666667,0.875,0.4166666666666667,0.8615384615384616,0.38461538461538464,0.6298076923076923,0.6743589743589744
520,7,47,13,10,0.7012987012987013,0.5975490196078431,0.7833333333333333,0.4117647058823529,0.8034188034188035,0.4117647058823529,0.7833333333333333,0.3783783783783784,0.5908985908985909,0.6990196078431371
521,13,38,9,17,0.6623376623376623,0.6209219858156028,0.8085106382978723,0.43333333333333335,0.7450980392156863,0.43333333333333335,0.8085106382978723,0.5,0.6225490196078431,0.7453900709219858
522,8,49,11,9,0.7402597402597403,0.6436274509803921,0.8166666666666667,0.47058823529411764,0.8305084745762712,0.47058823529411764,0.8166666666666667,0.4444444444444444,0.6374764595103578,0.8176470588235294
523,6,51,11,9,0.7402597402597403,0.6112903225806452,0.8225806451612904,0.4,0.8360655737704918,0.4,0.8225806451612904,0.375,0.6055327868852459,0.6870967741935484
524,11,51,1,14,0.8051948051948052,0.7103846153846154,0.9807692307692307,0.44,0.8717948717948718,0.44,0.9807692307692307,0.5945945945945946,0.7331947331947333,0.7515384615384616
525,9,49,5,14,0.7532467532467533,0.6493558776167472,0.9074074074074074,0.391304347826087,0.8376068376068376,0.391304347826087,0.9074074074074074,0.4864864864864865,0.6620466620466621,0.7302737520128824
526,11,54,4,8,0.8441558441558441,0.7549909255898366,0.9310344827586207,0.5789473684210527,0.9,0.5789473684210527,0.9310344827586207,0.6470588235294118,0.7735294117647059,0.8865698729582578
527,5,48,7,17,0.6883116883116883,0.5499999999999999,0.8727272727272727,0.22727272727272727,0.8,0.22727272727272727,0.8727272727272727,0.29411764705882354,0.5470588235294118,0.7148760330578514
528,10,48,4,15,0.7532467532467533,0.6615384615384616,0.9230769230769231,0.4,0.8347826086956521,0.4,0.9230769230769231,0.5128205128205128,0.6738015607580825,0.7384615384615384
529,8,43,8,18,0.6623376623376623,0.5754147812971342,0.8431372549019608,0.3076923076923077,0.7678571428571429,0.3076923076923077,0.8431372549019608,0.38095238095238093,0.5744047619047619,0.7051282051282051
530,7,43,10,17,0.6493506493506493,0.551493710691824,0.8113207547169812,0.2916666666666667,0.7610619469026548,0.2916666666666667,0.8113207547169812,0.34146341463414637,0.5512626807684006,0.690251572327044
531,7,52,9,9,0.7662337662337663,0.6449795081967213,0.8524590163934426,0.4375,0.8524590163934426,0.4375,0.8524590163934426,0.4375,0.6449795081967213,0.6997950819672132
532,7,52,8,10,0.7662337662337663,0.6392156862745098,0.8666666666666667,0.4117647058823529,0.8524590163934426,0.4117647058823529,0.8666666666666667,0.4375,0.6449795081967213,0.7813725490196078
533,9,47,10,11,0.7272727272727273,0.637280701754386,0.8245614035087719,0.45,0.8173913043478261,0.45,0.8245614035087719,0.46153846153846156,0.6394648829431439,0.8307017543859649
534,7,51,7,12,0.7532467532467533,0.6238656987295825,0.8793103448275862,0.3684210526315789,0.8429752066115702,0.3684210526315789,0.8793103448275862,0.42424242424242425,0.6336088154269972,0.762250453720508
535,11,48,5,13,0.7662337662337663,0.6819968553459119,0.9056603773584906,0.4583333333333333,0.8421052631578947,0.4583333333333333,0.9056603773584906,0.55,0.6960526315789474,0.7908805031446541
536,12,47,10,8,0.7662337662337663,0.712280701754386,0.8245614035087719,0.6,0.8392857142857143,0.6,0.8245614035087719,0.5714285714285714,0.7053571428571428,0.8070175438596492
537,4,57,7,9,0.7922077922077922,0.5991586538461539,0.890625,0.3076923076923077,0.8769230769230769,0.3076923076923077,0.890625,0.3333333333333333,0.6051282051282051,0.7860576923076923
538,8,56,9,4,0.8311688311688312,0.764102564102564,0.8615384615384616,0.6666666666666666,0.896,0.6666666666666666,0.8615384615384616,0.5517241379310345,0.7238620689655173,0.8871794871794871
539,9,48,8,12,0.7402597402597403,0.6428571428571428,0.8571428571428571,0.42857142857142855,0.8275862068965517,0.42857142857142855,0.8571428571428571,0.47368421052631576,0.6506352087114338,0.766156462585034
540,5,54,11,7,0.7662337662337663,0.6237179487179487,0.8307692307692308,0.4166666666666667,0.8571428571428571,0.4166666666666667,0.8307692307692308,0.35714285714285715,0.6071428571428571,0.7564102564102564
541,4,54,5,14,0.7532467532467533,0.5687382297551788,0.9152542372881356,0.2222222222222222,0.8503937007874016,0.2222222222222222,0.9152542372881356,0.2962962962962963,0.573344998541849,0.7984934086629003
542,8,51,7,11,0.7662337662337663,0.6501814882032668,0.8793103448275862,0.42105263157894735,0.85,0.42105263157894735,0.8793103448275862,0.47058823529411764,0.6602941176470588,0.8511796733212341
543,11,43,12,11,0.7012987012987013,0.6409090909090909,0.7818181818181819,0.5,0.7889908256880734,0.5,0.7818181818181819,0.4888888888888889,0.6389398572884811,0.7537190082644628
544,11,50,5,11,0.7922077922077922,0.7045454545454546,0.9090909090909091,0.5,0.8620689655172413,0.5,0.9090909090909091,0.5789473684210527,0.720508166969147,0.8322314049586778
545,5,51,10,11,0.7272727272727273,0.5742827868852459,0.8360655737704918,0.3125,0.8292682926829268,0.3125,0.8360655737704918,0.3225806451612903,0.5759244689221086,0.5860655737704918
546,9,49,11,8,0.7532467532467533,0.6730392156862746,0.8166666666666667,0.5294117647058824,0.8376068376068376,0.5294117647058824,0.8166666666666667,0.4864864864864865,0.6620466620466621,0.7872549019607844
547,4,47,6,20,0.6623376623376623,0.5267295597484277,0.8867924528301887,0.16666666666666666,0.7833333333333333,0.16666666666666666,0.8867924528301887,0.23529411764705882,0.509313725490196,0.6705974842767296
548,12,54,4,7,0.8571428571428571,0.7813067150635209,0.9310344827586207,0.631578947368421,0.907563025210084,0.631578947368421,0.9310344827586207,0.6857142857142857,0.7966386554621849,0.866606170598911
549,9,45,7,16,0.7012987012987013,0.6126923076923076,0.8653846153846154,0.36,0.7964601769911505,0.36,0.8653846153846154,0.43902439024390244,0.6177422836175265,0.7307692307692308
550,5,46,12,14,0.6623376623376623,0.5281306715063521,0.7931034482758621,0.2631578947368421,0.7796610169491526,0.2631578947368421,0.7931034482758621,0.2777777777777778,0.5287193973634652,0.5816696914700544
551,14,39,9,15,0.6883116883116883,0.6476293103448276,0.8125,0.4827586206896552,0.7647058823529411,0.4827586206896552,0.8125,0.5384615384615384,0.6515837104072397,0.725574712643678
552,5,47,12,13,0.6753246753246753,0.5371939736346516,0.7966101694915254,0.2777777777777778,0.7899159663865546,0.2777777777777778,0.7966101694915254,0.2857142857142857,0.5378151260504201,0.7080979284369114
553,11,50,6,10,0.7922077922077922,0.7083333333333334,0.8928571428571429,0.5238095238095238,0.8620689655172413,0.5238095238095238,0.8928571428571429,0.5789473684210527,0.720508166969147,0.8316326530612245
554,7,51,9,10,0.7532467532467533,0.6308823529411764,0.85,0.4117647058823529,0.8429752066115702,0.4117647058823529,0.85,0.42424242424242425,0.6336088154269972,0.7421568627450981
555,9,45,9,14,0.7012987012987013,0.6123188405797102,0.8333333333333334,0.391304347826087,0.7964601769911505,0.391304347826087,0.8333333333333334,0.43902439024390244,0.6177422836175265,0.7447665056360708
556,9,48,6,14,0.7402597402597403,0.6400966183574879,0.8888888888888888,0.391304347826087,0.8275862068965517,0.391304347826087,0.8888888888888888,0.47368421052631576,0.6506352087114338,0.7198067632850242
557,9,50,8,10,0.7662337662337663,0.6678765880217785,0.8620689655172413,0.47368421052631576,0.847457627118644,0.47368421052631576,0.8620689655172413,0.5,0.673728813559322,0.6833030852994554
558,8,45,9,15,0.6883116883116883,0.5905797101449275,0.8333333333333334,0.34782608695652173,0.7894736842105263,0.34782608695652173,0.8333333333333334,0.4,0.5947368421052632,0.7568438003220612
559,8,45,10,14,0.6883116883116883,0.5909090909090909,0.8181818181818182,0.36363636363636365,0.7894736842105263,0.36363636363636365,0.8181818181818182,0.4,0.5947368421052632,0.7165289256198347
560,13,42,7,15,0.7142857142857143,0.6607142857142857,0.8571428571428571,0.4642857142857143,0.7924528301886793,0.4642857142857143,0.8571428571428571,0.5416666666666666,0.667059748427673,0.7558309037900874
561,8,52,7,10,0.7792207792207793,0.6629001883239172,0.8813559322033898,0.4444444444444444,0.859504132231405,0.4444444444444444,0.8813559322033898,0.48484848484848486,0.6721763085399449,0.7824858757062148
562,4,48,10,15,0.6753246753246753,0.5190562613430127,0.8275862068965517,0.21052631578947367,0.7933884297520661,0.21052631578947367,0.8275862068965517,0.24242424242424243,0.5179063360881543,0.5716878402903811
563,10,51,6,10,0.7922077922077922,0.6973684210526316,0.8947368421052632,0.5,0.864406779661017,0.5,0.8947368421052632,0.5555555555555556,0.7099811676082863,0.9254385964912281
564,8,52,9,8,0.7792207792207793,0.6762295081967213,0.8524590163934426,0.5,0.859504132231405,0.5,0.8524590163934426,0.48484848484848486,0.6721763085399449,0.8391393442622951
565,9,51,7,10,0.7792207792207793,0.676497277676951,0.8793103448275862,0.47368421052631576,0.8571428571428571,0.47368421052631576,0.8793103448275862,0.5142857142857142,0.6857142857142857,0.8130671506352087
566,12,45,10,10,0.7402597402597403,0.6818181818181819,0.8181818181818182,0.5454545454545454,0.8181818181818182,0.5454545454545454,0.8181818181818182,0.5454545454545454,0.6818181818181819,0.6909090909090909
567,6,52,7,12,0.7532467532467533,0.6073446327683616,0.8813559322033898,0.3333333333333333,0.8455284552845529,0.3333333333333333,0.8813559322033898,0.3870967741935484,0.6163126147390506,0.7344632768361582
568,2,53,10,12,0.7142857142857143,0.4920634920634921,0.8412698412698413,0.14285714285714285,0.828125,0.14285714285714285,0.8412698412698413,0.15384615384615385,0.4909855769230769,0.6961451247165533
569,8,47,8,14,0.7142857142857143,0.6090909090909091,0.8545454545454545,0.36363636363636365,0.8103448275862069,0.36363636363636365,0.8545454545454545,0.42105263157894735,0.6156987295825771,0.734710743801653
570,7,48,12,10,0.7142857142857143,0.6058823529411765,0.8,0.4117647058823529,0.8135593220338984,0.4117647058823529,0.8,0.3888888888888889,0.6012241054613936,0.7009803921568628
571,8,40,12,17,0.6233766233766234,0.5446153846153846,0.7692307692307693,0.32,0.7339449541284404,0.32,0.7692307692307693,0.35555555555555557,0.544750254841998,0.5338461538461539
572,10,43,8,16,0.6883116883116883,0.6138763197586727,0.8431372549019608,0.38461538461538464,0.7818181818181819,0.38461538461538464,0.8431372549019608,0.45454545454545453,0.6181818181818182,0.7104072398190046
573,9,53,7,8,0.8051948051948052,0.7063725490196078,0.8833333333333333,0.5294117647058824,0.8760330578512396,0.5294117647058824,0.8833333333333333,0.5454545454545454,0.7107438016528925,0.8107843137254902
574,7,47,11,12,0.7012987012987013,0.5893829401088929,0.8103448275862069,0.3684210526315789,0.8034188034188035,0.3684210526315789,0.8103448275862069,0.3783783783783784,0.5908985908985909,0.660617059891107
575,9,45,9,14,0.7012987012987013,0.6123188405797102,0.8333333333333334,0.391304347826087,0.7964601769911505,0.391304347826087,0.8333333333333334,0.43902439024390244,0.6177422836175265,0.7399355877616747
576,11,52,4,10,0.8181818181818182,0.7261904761904763,0.9285714285714286,0.5238095238095238,0.8813559322033898,0.5238095238095238,0.9285714285714286,0.6111111111111112,0.7462335216572504,0.8316326530612244
577,8,46,11,12,0.7012987012987013,0.6035087719298246,0.8070175438596491,0.4,0.8,0.4,0.8070175438596491,0.41025641025641024,0.6051282051282052,0.6622807017543859
578,11,39,5,22,0.6493506493506493,0.6098484848484849,0.8863636363636364,0.3333333333333333,0.7428571428571429,0.3333333333333333,0.8863636363636364,0.4489795918367347,0.5959183673469388,0.6769972451790633
579,8,54,6,9,0.8051948051948052,0.6852941176470588,0.9,0.47058823529411764,0.8780487804878049,0.47058823529411764,0.9,0.5161290322580645,0.6970889063729346,0.8352941176470589
580,14,42,8,13,0.7272727272727273,0.6792592592592592,0.84,0.5185185185185185,0.8,0.5185185185185185,0.84,0.5714285714285714,0.6857142857142857,0.7644444444444445
581,9,47,8,13,0.7272727272727273,0.6318181818181818,0.8545454545454545,0.4090909090909091,0.8173913043478261,0.4090909090909091,0.8545454545454545,0.46153846153846156,0.6394648829431439,0.7305785123966944
582,6,54,7,10,0.7792207792207793,0.6301229508196722,0.8852459016393442,0.375,0.864,0.375,0.8852459016393442,0.41379310344827586,0.638896551724138,0.8422131147540983
583,6,56,6,9,0.8051948051948052,0.6516129032258065,0.9032258064516129,0.4,0.8818897637795275,0.4,0.9032258064516129,0.4444444444444444,0.663167104111986,0.7
584,9,47,8,13,0.7272727272727273,0.6318181818181818,0.8545454545454545,0.4090909090909091,0.8173913043478261,0.4090909090909091,0.8545454545454545,0.46153846153846156,0.6394648829431439,0.7322314049586778
585,10,46,5,16,0.7272727272727273,0.6432880844645551,0.9019607843137255,0.38461538461538464,0.8141592920353983,0.38461538461538464,0.9019607843137255,0.4878048780487805,0.6509820850420893,0.7933634992458521
586,7,50,6,14,0.7402597402597403,0.6130952380952381,0.8928571428571429,0.3333333333333333,0.8333333333333334,0.3333333333333333,0.8928571428571429,0.4117647058823529,0.6225490196078431,0.6947278911564625
587,10,50,12,5,0.7792207792207793,0.7365591397849462,0.8064516129032258,0.6666666666666666,0.8547008547008547,0.6666666666666666,0.8064516129032258,0.5405405405405406,0.6976206976206976,0.7795698924731183
588,11,45,7,14,0.7272727272727273,0.6526923076923077,0.8653846153846154,0.44,0.8108108108108109,0.44,0.8653846153846154,0.5116279069767442,0.6612193588937776,0.7607692307692308
589,6,51,4,16,0.7402597402597403,0.6,0.9272727272727272,0.2727272727272727,0.8360655737704918,0.2727272727272727,0.9272727272727272,0.375,0.6055327868852459,0.7859504132231406
590,2,52,6,17,0.7012987012987013,0.5009074410163339,0.896551724137931,0.10526315789473684,0.8188976377952756,0.10526315789473684,0.896551724137931,0.14814814814814814,0.48352289297171186,0.6406533575317604
591,6,50,10,11,0.7272727272727273,0.5931372549019608,0.8333333333333334,0.35294117647058826,0.8264462809917356,0.35294117647058826,0.8333333333333334,0.36363636363636365,0.5950413223140496,0.7931372549019609
592,8,50,8,11,0.7532467532467533,0.6415607985480943,0.8620689655172413,0.42105263157894735,0.8403361344537815,0.42105263157894735,0.8620689655172413,0.45714285714285713,0.6487394957983194,0.7132486388384756
593,8,46,10,13,0.7012987012987013,0.6011904761904762,0.8214285714285714,0.38095238095238093,0.8,0.38095238095238093,0.8214285714285714,0.41025641025641024,0.6051282051282052,0.7108843537414966
594,7,48,7,15,0.7142857142857143,0.5954545454545455,0.8727272727272727,0.3181818181818182,0.8135593220338984,0.3181818181818182,0.8727272727272727,0.3888888888888889,0.6012241054613936,0.7636363636363637
595,8,48,6,15,0.7272727272727273,0.6183574879227053,0.8888888888888888,0.34782608695652173,0.8205128205128205,0.34782608695652173,0.8888888888888888,0.43243243243243246,0.6264726264726265,0.8341384863123993
596,3,60,5,9,0.8181818181818182,0.5865384615384616,0.9230769230769231,0.25,0.8955223880597015,0.25,0.9230769230769231,0.3,0.5977611940298507,0.6717948717948719
597,7,40,14,16,0.6103896103896104,0.5225442834138486,0.7407407407407407,0.30434782608695654,0.7272727272727273,0.30434782608695654,0.7407407407407407,0.3181818181818182,0.5227272727272727,0.6755233494363929
598,6,54,12,5,0.7792207792207793,0.6818181818181819,0.8181818181818182,0.5454545454545454,0.864,0.5454545454545454,0.8181818181818182,0.41379310344827586,0.638896551724138,0.7410468319559229
599,7,48,7,15,0.7142857142857143,0.5954545454545455,0.8727272727272727,0.3181818181818182,0.8135593220338984,0.3181818181818182,0.8727272727272727,0.3888888888888889,0.6012241054613936,0.7892561983471076
600,15,45,6,11,0.7792207792207793,0.7296380090497737,0.8823529411764706,0.5769230769230769,0.8411214953271028,0.5769230769230769,0.8823529411764706,0.6382978723404256,0.7397096838337642,0.8619909502262444
601,3,51,12,11,0.7012987012987013,0.5119047619047619,0.8095238095238095,0.21428571428571427,0.816,0.21428571428571427,0.8095238095238095,0.20689655172413793,0.511448275862069,0.7029478458049887
602,9,47,12,9,0.7272727272727273,0.6483050847457628,0.7966101694915254,0.5,0.8173913043478261,0.5,0.7966101694915254,0.46153846153846156,0.6394648829431439,0.7853107344632768
603,5,53,5,14,0.7532467532467533,0.588475499092559,0.9137931034482759,0.2631578947368421,0.848,0.2631578947368421,0.9137931034482759,0.3448275862068966,0.5964137931034483,0.7903811252268602
604,13,48,11,5,0.7922077922077922,0.7678907721280603,0.8135593220338984,0.7222222222222222,0.8571428571428571,0.7222222222222222,0.8135593220338984,0.6190476190476191,0.7380952380952381,0.903954802259887
605,8,41,6,22,0.6363636363636364,0.5695035460992908,0.8723404255319149,0.26666666666666666,0.7454545454545455,0.26666666666666666,0.8723404255319149,0.36363636363636365,0.5545454545454546,0.7056737588652483
606,7,51,8,11,0.7532467532467533,0.626647834274953,0.864406779661017,0.3888888888888889,0.8429752066115702,0.3888888888888889,0.864406779661017,0.42424242424242425,0.6336088154269972,0.7608286252354048
607,5,49,9,14,0.7012987012987013,0.5539927404718693,0.8448275862068966,0.2631578947368421,0.8099173553719008,0.2631578947368421,0.8448275862068966,0.30303030303030304,0.5564738292011019,0.689655172413793
608,11,44,11,11,0.7142857142857143,0.65,0.8,0.5,0.8,0.5,0.8,0.5,0.65,0.7330578512396695
609,10,52,11,4,0.8051948051948052,0.7698412698412698,0.8253968253968254,0.7142857142857143,0.8739495798319328,0.7142857142857143,0.8253968253968254,0.5714285714285714,0.7226890756302521,0.8129251700680272
610,9,50,9,9,0.7662337662337663,0.673728813559322,0.847457627118644,0.5,0.847457627118644,0.5,0.847457627118644,0.5,0.673728813559322,0.7372881355932203
611,10,45,14,8,0.7142857142857143,0.6591337099811676,0.7627118644067796,0.5555555555555556,0.8035714285714286,0.5555555555555556,0.7627118644067796,0.47619047619047616,0.6398809523809523,0.7335216572504708
612,11,48,7,11,0.7662337662337663,0.6863636363636363,0.8727272727272727,0.5,0.8421052631578947,0.5,0.8727272727272727,0.55,0.6960526315789474,0.7743801652892562
613,11,48,11,7,0.7662337662337663,0.7123352165725048,0.8135593220338984,0.6111111111111112,0.8421052631578947,0.6111111111111112,0.8135593220338984,0.55,0.6960526315789474,0.812617702448211
614,13,49,5,10,0.8051948051948052,0.7363123993558776,0.9074074074074074,0.5652173913043478,0.8672566371681416,0.5652173913043478,0.9074074074074074,0.6341463414634146,0.7507014893157782,0.753623188405797
615,7,46,9,15,0.6883116883116883,0.5772727272727273,0.8363636363636363,0.3181818181818182,0.7931034482758621,0.3181818181818182,0.8363636363636363,0.3684210526315789,0.5807622504537205,0.7272727272727273
616,7,51,6,13,0.7532467532467533,0.6223684210526316,0.8947368421052632,0.35,0.8429752066115702,0.35,0.8947368421052632,0.42424242424242425,0.6336088154269972,0.7271929824561404
617,9,51,8,9,0.7792207792207793,0.6822033898305084,0.864406779661017,0.5,0.8571428571428571,0.5,0.864406779661017,0.5142857142857142,0.6857142857142857,0.8370998116760829
618,8,49,9,11,0.7402597402597403,0.632940108892922,0.8448275862068966,0.42105263157894735,0.8305084745762712,0.42105263157894735,0.8448275862068966,0.4444444444444444,0.6374764595103578,0.7513611615245008
619,7,50,8,12,0.7402597402597403,0.6152450090744102,0.8620689655172413,0.3684210526315789,0.8333333333333334,0.3684210526315789,0.8620689655172413,0.4117647058823529,0.6225490196078431,0.7749546279491832
620,9,46,11,11,0.7142857142857143,0.6285087719298246,0.8070175438596491,0.45,0.8070175438596491,0.45,0.8070175438596491,0.45,0.6285087719298246,0.7763157894736843
621,2,51,11,13,0.6883116883116883,0.47795698924731184,0.8225806451612904,0.13333333333333333,0.8095238095238095,0.13333333333333333,0.8225806451612904,0.14285714285714285,0.47619047619047616,0.653763440860215
622,12,40,6,19,0.6753246753246753,0.6283309957924264,0.8695652173913043,0.3870967741935484,0.7619047619047619,0.3870967741935484,0.8695652173913043,0.4897959183673469,0.6258503401360545,0.6837307152875176
623,1,48,8,20,0.6363636363636364,0.45238095238095233,0.8571428571428571,0.047619047619047616,0.7741935483870968,0.047619047619047616,0.8571428571428571,0.06666666666666667,0.4204301075268817,0.5748299319727892
624,7,51,5,14,0.7532467532467533,0.6220238095238095,0.9107142857142857,0.3333333333333333,0.8429752066115702,0.3333333333333333,0.9107142857142857,0.42424242424242425,0.6336088154269972,0.7882653061224489
625,2,52,12,11,0.7012987012987013,0.4831730769230769,0.8125,0.15384615384615385,0.8188976377952756,0.15384615384615385,0.8125,0.14814814814814814,0.48352289297171186,0.6021634615384616
626,9,47,8,13,0.7272727272727273,0.6318181818181818,0.8545454545454545,0.4090909090909091,0.8173913043478261,0.4090909090909091,0.8545454545454545,0.46153846153846156,0.6394648829431439,0.768595041322314
627,5,54,8,10,0.7662337662337663,0.6021505376344086,0.8709677419354839,0.3333333333333333,0.8571428571428571,0.3333333333333333,0.8709677419354839,0.35714285714285715,0.6071428571428571,0.746236559139785
628,9,51,10,7,0.7792207792207793,0.6992827868852459,0.8360655737704918,0.5625,0.8571428571428571,0.5625,0.8360655737704918,0.5142857142857142,0.6857142857142857,0.8278688524590164
629,11,55,5,6,0.8571428571428571,0.7818627450980392,0.9166666666666666,0.6470588235294118,0.9090909090909091,0.6470588235294118,0.9166666666666666,0.6666666666666666,0.7878787878787878,0.8666666666666667
630,12,40,8,17,0.6753246753246753,0.6235632183908046,0.8333333333333334,0.41379310344827586,0.7619047619047619,0.41379310344827586,0.8333333333333334,0.4897959183673469,0.6258503401360545,0.7284482758620688
631,13,42,14,8,0.7142857142857143,0.6845238095238095,0.75,0.6190476190476191,0.7924528301886793,0.6190476190476191,0.75,0.5416666666666666,0.667059748427673,0.7797619047619048
632,8,46,8,15,0.7012987012987013,0.5998389694041868,0.8518518518518519,0.34782608695652173,0.8,0.34782608695652173,0.8518518518518519,0.41025641025641024,0.6051282051282052,0.8132045088566828
633,2,51,10,14,0.6883116883116883,0.4805327868852459,0.8360655737704918,0.125,0.8095238095238095,0.125,0.8360655737704918,0.14285714285714285,0.47619047619047616,0.6075819672131147
634,9,48,10,10,0.7402597402597403,0.6506352087114338,0.8275862068965517,0.47368421052631576,0.8275862068965517,0.47368421052631576,0.8275862068965517,0.47368421052631576,0.6506352087114338,0.7976406533575318
635,5,59,5,8,0.8311688311688312,0.6532451923076923,0.921875,0.38461538461538464,0.9007633587786259,0.38461538461538464,0.921875,0.43478260869565216,0.667772983737139,0.7235576923076923
636,8,41,14,14,0.6363636363636364,0.5545454545454546,0.7454545454545455,0.36363636363636365,0.7454545454545455,0.36363636363636365,0.7454545454545455,0.36363636363636365,0.5545454545454546,0.6520661157024795
637,14,48,9,6,0.8051948051948052,0.7710526315789473,0.8421052631578947,0.7,0.8648648648648649,0.7,0.8421052631578947,0.6511627906976745,0.7580138277812697,0.8973684210526316
638,3,54,7,13,0.7402597402597403,0.5363729508196722,0.8852459016393442,0.1875,0.84375,0.1875,0.8852459016393442,0.23076923076923078,0.5372596153846154,0.6454918032786885
639,13,45,8,11,0.7532467532467533,0.6953616352201257,0.8490566037735849,0.5416666666666666,0.8256880733944955,0.5416666666666666,0.8490566037735849,0.5777777777777777,0.7017329255861366,0.8522012578616351
640,12,47,8,10,0.7662337662337663,0.7,0.8545454545454545,0.5454545454545454,0.8392857142857143,0.5454545454545454,0.8545454545454545,0.5714285714285714,0.7053571428571428,0.752892561983471
641,10,49,8,10,0.7662337662337663,0.6798245614035088,0.8596491228070176,0.5,0.8448275862068966,0.5,0.8596491228070176,0.5263157894736842,0.6855716878402904,0.7210526315789473
642,9,54,3,11,0.8181818181818182,0.6986842105263158,0.9473684210526315,0.45,0.8852459016393442,0.45,0.9473684210526315,0.5625,0.7238729508196722,0.7210526315789474
643,10,41,9,17,0.6623376623376623,0.5951851851851852,0.82,0.37037037037037035,0.7592592592592593,0.37037037037037035,0.82,0.43478260869565216,0.5970209339774557,0.7362962962962963
644,9,51,6,11,0.7792207792207793,0.6723684210526316,0.8947368421052632,0.45,0.8571428571428571,0.45,0.8947368421052632,0.5142857142857142,0.6857142857142857,0.8114035087719298
645,14,41,8,14,0.7142857142857143,0.6683673469387755,0.8367346938775511,0.5,0.7884615384615384,0.5,0.8367346938775511,0.56,0.6742307692307692,0.7682215743440233
646,12,47,5,13,0.7662337662337663,0.6919230769230769,0.9038461538461539,0.48,0.8392857142857143,0.48,0.9038461538461539,0.5714285714285714,0.7053571428571428,0.826923076923077
647,9,46,11,11,0.7142857142857143,0.6285087719298246,0.8070175438596491,0.45,0.8070175438596491,0.45,0.8070175438596491,0.45,0.6285087719298246,0.7526315789473684
648,7,47,8,15,0.7012987012987013,0.5863636363636363,0.8545454545454545,0.3181818181818182,0.8034188034188035,0.3181818181818182,0.8545454545454545,0.3783783783783784,0.5908985908985909,0.7214876033057852
649,8,49,6,14,0.7402597402597403,0.6272727272727272,0.8909090909090909,0.36363636363636365,0.8305084745762712,0.36363636363636365,0.8909090909090909,0.4444444444444444,0.6374764595103578,0.7826446280991735
650,10,50,9,8,0.7792207792207793,0.7015065913370998,0.847457627118644,0.5555555555555556,0.8547008547008547,0.5555555555555556,0.847457627118644,0.5405405405405406,0.6976206976206976,0.6996233521657249
651,10,47,2,18,0.7402597402597403,0.6581632653061225,0.9591836734693877,0.35714285714285715,0.8245614035087719,0.35714285714285715,0.9591836734693877,0.5,0.6622807017543859,0.7725947521865888
652,12,48,7,10,0.7792207792207793,0.709090909090909,0.8727272727272727,0.5454545454545454,0.8495575221238938,0.5454545454545454,0.8727272727272727,0.5853658536585366,0.7174616878912152,0.8471074380165289
653,7,50,9,11,0.7402597402597403,0.6181732580037664,0.847457627118644,0.3888888888888889,0.8333333333333334,0.3888888888888889,0.847457627118644,0.4117647058823529,0.6225490196078431,0.7448210922787194
654,9,51,10,7,0.7792207792207793,0.6992827868852459,0.8360655737704918,0.5625,0.8571428571428571,0.5625,0.8360655737704918,0.5142857142857142,0.6857142857142857,0.7356557377049181
655,9,49,6,13,0.7532467532467533,0.65,0.8909090909090909,0.4090909090909091,0.8376068376068376,0.4090909090909091,0.8909090909090909,0.4864864864864865,0.6620466620466621,0.7553719008264462
656,8,54,6,9,0.8051948051948052,0.6852941176470588,0.9,0.47058823529411764,0.8780487804878049,0.47058823529411764,0.9,0.5161290322580645,0.6970889063729346,0.7774509803921569
657,8,54,3,12,0.8051948051948052,0.6736842105263158,0.9473684210526315,0.4,0.8780487804878049,0.4,0.9473684210526315,0.5161290322580645,0.6970889063729346,0.8096491228070175
658,10,48,4,15,0.7532467532467533,0.6615384615384616,0.9230769230769231,0.4,0.8347826086956521,0.4,0.9230769230769231,0.5128205128205128,0.6738015607580825,0.7676923076923077
659,9,45,12,11,0.7012987012987013,0.6197368421052631,0.7894736842105263,0.45,0.7964601769911505,0.45,0.7894736842105263,0.43902439024390244,0.6177422836175265,0.7394736842105263
660,6,47,9,15,0.6883116883116883,0.5625,0.8392857142857143,0.2857142857142857,0.7966101694915254,0.2857142857142857,0.8392857142857143,0.3333333333333333,0.5649717514124294,0.7168367346938775
661,5,53,7,12,0.7532467532467533,0.5887254901960784,0.8833333333333333,0.29411764705882354,0.848,0.29411764705882354,0.8833333333333333,0.3448275862068966,0.5964137931034483,0.7215686274509804
662,8,48,9,12,0.7272727272727273,0.6210526315789473,0.8421052631578947,0.4,0.8205128205128205,0.4,0.8421052631578947,0.43243243243243246,0.6264726264726265,0.7780701754385965
663,8,50,9,10,0.7532467532467533,0.6459510357815442,0.847457627118644,0.4444444444444444,0.8403361344537815,0.4444444444444444,0.847457627118644,0.45714285714285713,0.6487394957983194,0.7344632768361582
664,11,51,8,7,0.8051948051948052,0.737758945386064,0.864406779661017,0.6111111111111112,0.8717948717948718,0.6111111111111112,0.864406779661017,0.5945945945945946,0.7331947331947333,0.8907721280602636
665,7,50,8,12,0.7402597402597403,0.6152450090744102,0.8620689655172413,0.3684210526315789,0.8333333333333334,0.3684210526315789,0.8620689655172413,0.4117647058823529,0.6225490196078431,0.6660617059891106
666,11,43,10,13,0.7012987012987013,0.6348270440251572,0.8113207547169812,0.4583333333333333,0.7889908256880734,0.4583333333333333,0.8113207547169812,0.4888888888888889,0.6389398572884811,0.7940251572327044
667,11,46,8,12,0.7402597402597403,0.6650563607085347,0.8518518518518519,0.4782608695652174,0.8214285714285714,0.4782608695652174,0.8518518518518519,0.5238095238095238,0.6726190476190477,0.7914653784219001
668,3,56,9,9,0.7662337662337663,0.5557692307692308,0.8615384615384616,0.25,0.8615384615384616,0.25,0.8615384615384616,0.25,0.5557692307692308,0.6551282051282051
669,15,46,9,7,0.7922077922077922,0.759090909090909,0.8363636363636363,0.6818181818181818,0.8518518518518519,0.6818181818181818,0.8363636363636363,0.6521739130434783,0.7520128824476651,0.8958677685950414
670,13,46,5,13,0.7662337662337663,0.7009803921568627,0.9019607843137255,0.5,0.8363636363636363,0.5,0.9019607843137255,0.5909090909090909,0.7136363636363636,0.8009049773755657
671,8,43,10,16,0.6623376623376623,0.5723270440251572,0.8113207547169812,0.3333333333333333,0.7678571428571429,0.3333333333333333,0.8113207547169812,0.38095238095238093,0.5744047619047619,0.7350628930817609
672,10,49,8,10,0.7662337662337663,0.6798245614035088,0.8596491228070176,0.5,0.8448275862068966,0.5,0.8596491228070176,0.5263157894736842,0.6855716878402904,0.7692982456140351
673,7,48,10,12,0.7142857142857143,0.5980036297640653,0.8275862068965517,0.3684210526315789,0.8135593220338984,0.3684210526315789,0.8275862068965517,0.3888888888888889,0.6012241054613936,0.794010889292196
674,13,41,7,16,0.7012987012987013,0.6512212643678161,0.8541666666666666,0.4482758620689655,0.780952380952381,0.4482758620689655,0.8541666666666666,0.5306122448979592,0.6557823129251701,0.7241379310344828
675,9,50,5,13,0.7662337662337663,0.6590909090909091,0.9090909090909091,0.4090909090909091,0.847457627118644,0.4090909090909091,0.9090909090909091,0.5,0.673728813559322,0.7413223140495868
676,10,52,3,12,0.8051948051948052,0.7,0.9454545454545454,0.45454545454545453,0.8739495798319328,0.45454545454545453,0.9454545454545454,0.5714285714285714,0.7226890756302521,0.7388429752066115
677,11,51,7,8,0.8051948051948052,0.7291288566243195,0.8793103448275862,0.5789473684210527,0.8717948717948718,0.5789473684210527,0.8793103448275862,0.5945945945945946,0.7331947331947333,0.8756805807622504
678,10,46,5,16,0.7272727272727273,0.6432880844645551,0.9019607843137255,0.38461538461538464,0.8141592920353983,0.38461538461538464,0.9019607843137255,0.4878048780487805,0.6509820850420893,0.7398190045248869
679,6,47,7,17,0.6883116883116883,0.5656199677938808,0.8703703703703703,0.2608695652173913,0.7966101694915254,0.2608695652173913,0.8703703703703703,0.3333333333333333,0.5649717514124294,0.644122383252818
680,5,46,10,16,0.6623376623376623,0.5297619047619048,0.8214285714285714,0.23809523809523808,0.7796610169491526,0.23809523809523808,0.8214285714285714,0.2777777777777778,0.5287193973634652,0.6743197278911566
681,6,50,8,13,0.7272727272727273,0.5889292196007259,0.8620689655172413,0.3157894736842105,0.8264462809917356,0.3157894736842105,0.8620689655172413,0.36363636363636365,0.5950413223140496,0.7114337568058076
682,4,53,10,10,0.7402597402597403,0.5634920634920635,0.8412698412698413,0.2857142857142857,0.8412698412698413,0.2857142857142857,0.8412698412698413,0.2857142857142857,0.5634920634920635,0.5827664399092971
683,8,44,8,17,0.6753246753246753,0.583076923076923,0.8461538461538461,0.32,0.7787610619469026,0.32,0.8461538461538461,0.3902439024390244,0.5845024821929635,0.7815384615384615
684,11,48,6,12,0.7662337662337663,0.6835748792270531,0.8888888888888888,0.4782608695652174,0.8421052631578947,0.4782608695652174,0.8888888888888888,0.55,0.6960526315789474,0.822061191626409
685,9,48,10,10,0.7402597402597403,0.6506352087114338,0.8275862068965517,0.47368421052631576,0.8275862068965517,0.47368421052631576,0.8275862068965517,0.47368421052631576,0.6506352087114338,0.6705989110707803
686,10,47,8,12,0.7402597402597403,0.6545454545454545,0.8545454545454545,0.45454545454545453,0.8245614035087719,0.45454545454545453,0.8545454545454545,0.5,0.6622807017543859,0.7231404958677686
687,8,35,14,20,0.5584415584415584,0.5,0.7142857142857143,0.2857142857142857,0.6730769230769231,0.2857142857142857,0.7142857142857143,0.32,0.4965384615384616,0.5998542274052479
688,14,40,5,18,0.7012987012987013,0.6631944444444444,0.8888888888888888,0.4375,0.7766990291262136,0.4375,0.8888888888888888,0.5490196078431373,0.6628593184846754,0.7527777777777778
689,11,47,11,8,0.7532467532467533,0.6946460980036298,0.8103448275862069,0.5789473684210527,0.831858407079646,0.5789473684210527,0.8103448275862069,0.5365853658536586,0.6842218864666523,0.7622504537205081
690,14,52,3,8,0.8571428571428571,0.7909090909090909,0.9454545454545454,0.6363636363636364,0.9043478260869565,0.6363636363636364,0.9454545454545454,0.717948717948718,0.8111482720178372,0.8454545454545455
691,12,50,8,7,0.8051948051948052,0.7468239564428312,0.8620689655172413,0.631578947368421,0.8695652173913043,0.631578947368421,0.8620689655172413,0.6153846153846154,0.7424749163879598,0.8294010889292196
692,7,47,10,13,0.7012987012987013,0.587280701754386,0.8245614035087719,0.35,0.8034188034188035,0.35,0.8245614035087719,0.3783783783783784,0.5908985908985909,0.7482456140350877
693,12,48,6,11,0.7792207792207793,0.7053140096618358,0.8888888888888888,0.5217391304347826,0.8495575221238938,0.5217391304347826,0.8888888888888888,0.5853658536585366,0.7174616878912152,0.78743961352657
694,12,46,7,12,0.7532467532467533,0.6839622641509434,0.8679245283018868,0.5,0.8288288288288288,0.5,0.8679245283018868,0.5581395348837209,0.6934841818562749,0.7838050314465409
695,10,48,7,12,0.7532467532467533,0.6636363636363636,0.8727272727272727,0.45454545454545453,0.8347826086956521,0.45454545454545453,0.8727272727272727,0.5128205128205128,0.6738015607580825,0.8107438016528927
696,11,46,10,10,0.7402597402597403,0.6726190476190477,0.8214285714285714,0.5238095238095238,0.8214285714285714,0.5238095238095238,0.8214285714285714,0.5238095238095238,0.6726190476190477,0.7729591836734694
697,14,42,11,10,0.7272727272727273,0.6878930817610063,0.7924528301886793,0.5833333333333334,0.8,0.5833333333333334,0.7924528301886793,0.5714285714285714,0.6857142857142857,0.7531446540880503
698,5,50,9,13,0.7142857142857143,0.5626177024482109,0.847457627118644,0.2777777777777778,0.819672131147541,0.2777777777777778,0.847457627118644,0.3125,0.5660860655737705,0.6468926553672316
699,8,51,6,12,0.7662337662337663,0.6473684210526316,0.8947368421052632,0.4,0.85,0.4,0.8947368421052632,0.47058823529411764,0.6602941176470588,0.7491228070175437
700,10,47,10,10,0.7402597402597403,0.6622807017543859,0.8245614035087719,0.5,0.8245614035087719,0.5,0.8245614035087719,0.5,0.6622807017543859,0.7640350877192982
701,11,50,4,12,0.7922077922077922,0.7020933977455717,0.9259259259259259,0.4782608695652174,0.8620689655172413,0.4782608695652174,0.9259259259259259,0.5789473684210527,0.720508166969147,0.789049919484702
702,6,51,5,15,0.7402597402597403,0.5982142857142857,0.9107142857142857,0.2857142857142857,0.8360655737704918,0.2857142857142857,0.9107142857142857,0.375,0.6055327868852459,0.723639455782313
703,9,48,7,13,0.7402597402597403,0.6409090909090909,0.8727272727272727,0.4090909090909091,0.8275862068965517,0.4090909090909091,0.8727272727272727,0.47368421052631576,0.6506352087114338,0.7090909090909092
704,7,49,8,13,0.7272727272727273,0.6048245614035088,0.8596491228070176,0.35,0.8235294117647058,0.35,0.8596491228070176,0.4,0.611764705882353,0.7342105263157895
705,8,49,9,11,0.7402597402597403,0.632940108892922,0.8448275862068966,0.42105263157894735,0.8305084745762712,0.42105263157894735,0.8448275862068966,0.4444444444444444,0.6374764595103578,0.7413793103448275
706,5,49,10,13,0.7012987012987013,0.5541431261770244,0.8305084745762712,0.2777777777777778,0.8099173553719008,0.2777777777777778,0.8305084745762712,0.30303030303030304,0.5564738292011019,0.6967984934086628
707,6,48,8,15,0.7012987012987013,0.5714285714285714,0.8571428571428571,0.2857142857142857,0.8067226890756303,0.2857142857142857,0.8571428571428571,0.34285714285714286,0.5747899159663865,0.7831632653061225
708,5,49,8,15,0.7012987012987013,0.5548245614035088,0.8596491228070176,0.25,0.8099173553719008,0.25,0.8596491228070176,0.30303030303030304,0.5564738292011019,0.7052631578947369
709,6,48,9,14,0.7012987012987013,0.5710526315789474,0.8421052631578947,0.3,0.8067226890756303,0.3,0.8421052631578947,0.34285714285714286,0.5747899159663865,0.6403508771929824
710,10,51,4,12,0.7922077922077922,0.6909090909090909,0.9272727272727272,0.45454545454545453,0.864406779661017,0.45454545454545453,0.9272727272727272,0.5555555555555556,0.7099811676082863,0.856198347107438
711,10,48,10,9,0.7532467532467533,0.676950998185118,0.8275862068965517,0.5263157894736842,0.8347826086956521,0.5263157894736842,0.8275862068965517,0.5128205128205128,0.6738015607580825,0.793103448275862
712,5,50,9,13,0.7142857142857143,0.5626177024482109,0.847457627118644,0.2777777777777778,0.819672131147541,0.2777777777777778,0.847457627118644,0.3125,0.5660860655737705,0.711864406779661
713,9,48,7,13,0.7402597402597403,0.6409090909090909,0.8727272727272727,0.4090909090909091,0.8275862068965517,0.4090909090909091,0.8727272727272727,0.47368421052631576,0.6506352087114338,0.7950413223140496
714,6,44,10,17,0.6493506493506493,0.537842190016103,0.8148148148148148,0.2608695652173913,0.7652173913043478,0.2608695652173913,0.8148148148148148,0.3076923076923077,0.5364548494983278,0.6690821256038648
715,11,44,8,14,0.7142857142857143,0.6430769230769231,0.8461538461538461,0.44,0.8,0.44,0.8461538461538461,0.5,0.65,0.7376923076923078
716,8,43,7,19,0.6623376623376623,0.5781481481481481,0.86,0.2962962962962963,0.7678571428571429,0.2962962962962963,0.86,0.38095238095238093,0.5744047619047619,0.7037037037037036
717,10,49,8,10,0.7662337662337663,0.6798245614035088,0.8596491228070176,0.5,0.8448275862068966,0.5,0.8596491228070176,0.5263157894736842,0.6855716878402904,0.7798245614035088
718,10,51,7,9,0.7922077922077922,0.7028130671506352,0.8793103448275862,0.5263157894736842,0.864406779661017,0.5263157894736842,0.8793103448275862,0.5555555555555556,0.7099811676082863,0.8294010889292196
719,9,50,11,7,0.7662337662337663,0.6910860655737705,0.819672131147541,0.5625,0.847457627118644,0.5625,0.819672131147541,0.5,0.673728813559322,0.7694672131147541
720,8,48,9,12,0.7272727272727273,0.6210526315789473,0.8421052631578947,0.4,0.8205128205128205,0.4,0.8421052631578947,0.43243243243243246,0.6264726264726265,0.7543859649122807
721,10,44,7,16,0.7012987012987013,0.6236802413273002,0.8627450980392157,0.38461538461538464,0.7927927927927928,0.38461538461538464,0.8627450980392157,0.46511627906976744,0.6289545359312801,0.7926093514328808
722,7,56,3,11,0.8181818181818182,0.6690207156308852,0.9491525423728814,0.3888888888888889,0.8888888888888888,0.3888888888888889,0.9491525423728814,0.5,0.6944444444444444,0.792843691148776
723,5,51,7,14,0.7272727272727273,0.5712341197822142,0.8793103448275862,0.2631578947368421,0.8292682926829268,0.2631578947368421,0.8793103448275862,0.3225806451612903,0.5759244689221086,0.7413793103448276
724,7,54,8,8,0.7922077922077922,0.6688172043010753,0.8709677419354839,0.4666666666666667,0.8709677419354839,0.4666666666666667,0.8709677419354839,0.4666666666666667,0.6688172043010753,0.8172043010752688
725,10,43,5,19,0.6883116883116883,0.6203304597701149,0.8958333333333334,0.3448275862068966,0.7818181818181819,0.3448275862068966,0.8958333333333334,0.45454545454545453,0.6181818181818182,0.6724137931034483
726,9,51,6,11,0.7792207792207793,0.6723684210526316,0.8947368421052632,0.45,0.8571428571428571,0.45,0.8947368421052632,0.5142857142857142,0.6857142857142857,0.6991228070175439
727,7,52,9,9,0.7662337662337663,0.6449795081967213,0.8524590163934426,0.4375,0.8524590163934426,0.4375,0.8524590163934426,0.4375,0.6449795081967213,0.7581967213114755
728,10,45,7,15,0.7142857142857143,0.6326923076923077,0.8653846153846154,0.4,0.8035714285714286,0.4,0.8653846153846154,0.47619047619047616,0.6398809523809523,0.7184615384615385
729,6,45,7,19,0.6623376623376623,0.5526923076923077,0.8653846153846154,0.24,0.7758620689655172,0.24,0.8653846153846154,0.3157894736842105,0.5458257713248639,0.566923076923077
730,11,44,12,10,0.7142857142857143,0.6547619047619048,0.7857142857142857,0.5238095238095238,0.8,0.5238095238095238,0.7857142857142857,0.5,0.65,0.8103741496598639
731,9,54,6,8,0.8181818181818182,0.7147058823529412,0.9,0.5294117647058824,0.8852459016393442,0.5294117647058824,0.9,0.5625,0.7238729508196722,0.8088235294117647
732,5,52,6,14,0.7402597402597403,0.5798548094373865,0.896551724137931,0.2631578947368421,0.8387096774193549,0.2631578947368421,0.896551724137931,0.3333333333333333,0.5860215053763441,0.73502722323049
733,10,46,7,14,0.7272727272727273,0.6422955974842768,0.8679245283018868,0.4166666666666667,0.8141592920353983,0.4166666666666667,0.8679245283018868,0.4878048780487805,0.6509820850420893,0.7358490566037735
734,10,51,4,12,0.7922077922077922,0.6909090909090909,0.9272727272727272,0.45454545454545453,0.864406779661017,0.45454545454545453,0.9272727272727272,0.5555555555555556,0.7099811676082863,0.7834710743801653
735,9,52,6,10,0.7922077922077922,0.6851179673321234,0.896551724137931,0.47368421052631576,0.8666666666666667,0.47368421052631576,0.896551724137931,0.5294117647058824,0.6980392156862745,0.7903811252268602
736,6,58,5,8,0.8311688311688312,0.6746031746031745,0.9206349206349206,0.42857142857142855,0.8992248062015504,0.42857142857142855,0.9206349206349206,0.48,0.6896124031007752,0.7687074829931972
737,4,49,10,14,0.6883116883116883,0.5263653483992468,0.8305084745762712,0.2222222222222222,0.8032786885245902,0.2222222222222222,0.8305084745762712,0.25,0.5266393442622951,0.6817325800376648
738,6,50,11,10,0.7272727272727273,0.5973360655737705,0.819672131147541,0.375,0.8264462809917356,0.375,0.819672131147541,0.36363636363636365,0.5950413223140496,0.7131147540983608
739,9,46,9,13,0.7142857142857143,0.6227272727272727,0.8363636363636363,0.4090909090909091,0.8070175438596491,0.4090909090909091,0.8363636363636363,0.45,0.6285087719298246,0.7280991735537191
740,8,49,10,10,0.7402597402597403,0.6374764595103578,0.8305084745762712,0.4444444444444444,0.8305084745762712,0.4444444444444444,0.8305084745762712,0.4444444444444444,0.6374764595103578,0.7363465160075329
741,6,51,7,13,0.7402597402597403,0.5975499092558983,0.8793103448275862,0.3157894736842105,0.8360655737704918,0.3157894736842105,0.8793103448275862,0.375,0.6055327868852459,0.7595281306715065
742,5,59,5,8,0.8311688311688312,0.6532451923076923,0.921875,0.38461538461538464,0.9007633587786259,0.38461538461538464,0.921875,0.43478260869565216,0.667772983737139,0.8016826923076923
743,10,47,11,9,0.7402597402597403,0.6683303085299455,0.8103448275862069,0.5263157894736842,0.8245614035087719,0.5263157894736842,0.8103448275862069,0.5,0.6622807017543859,0.796733212341198
744,4,53,10,10,0.7402597402597403,0.5634920634920635,0.8412698412698413,0.2857142857142857,0.8412698412698413,0.2857142857142857,0.8412698412698413,0.2857142857142857,0.5634920634920635,0.7551020408163266
745,11,47,8,11,0.7532467532467533,0.6772727272727272,0.8545454545454545,0.5,0.831858407079646,0.5,0.8545454545454545,0.5365853658536586,0.6842218864666523,0.8322314049586776
746,11,53,10,3,0.8311688311688312,0.8134920634920635,0.8412698412698413,0.7857142857142857,0.8907563025210085,0.7857142857142857,0.8412698412698413,0.6285714285714286,0.7596638655462185,0.9546485260770976
747,3,55,5,14,0.7532467532467533,0.5465686274509803,0.9166666666666666,0.17647058823529413,0.8527131782945736,0.17647058823529413,0.9166666666666666,0.24,0.5463565891472868,0.7696078431372549
748,11,41,10,15,0.6753246753246753,0.6134992458521871,0.803921568627451,0.4230769230769231,0.7663551401869159,0.4230769230769231,0.803921568627451,0.46808510638297873,0.6172201232849472,0.7058823529411765
749,11,53,5,8,0.8311688311688312,0.7463702359346642,0.9137931034482759,0.5789473684210527,0.8907563025210085,0.5789473684210527,0.9137931034482759,0.6285714285714286,0.7596638655462185,0.7676950998185116
750,8,51,9,9,0.7662337662337663,0.6602941176470588,0.85,0.47058823529411764,0.85,0.47058823529411764,0.85,0.47058823529411764,0.6602941176470588,0.7392156862745097
751,6,59,4,8,0.8441558441558441,0.6825396825396826,0.9365079365079365,0.42857142857142855,0.9076923076923077,0.42857142857142855,0.9365079365079365,0.5,0.7038461538461538,0.6972789115646258
752,9,51,8,9,0.7792207792207793,0.6822033898305084,0.864406779661017,0.5,0.8571428571428571,0.5,0.864406779661017,0.5142857142857142,0.6857142857142857,0.7740112994350281
753,7,54,4,12,0.7922077922077922,0.6497277676950998,0.9310344827586207,0.3684210526315789,0.8709677419354839,0.3684210526315789,0.9310344827586207,0.4666666666666667,0.6688172043010753,0.7586206896551724
754,9,46,12,10,0.7142857142857143,0.6333938294010889,0.7931034482758621,0.47368421052631576,0.8070175438596491,0.47368421052631576,0.7931034482758621,0.45,0.6285087719298246,0.7468239564428312
755,9,42,14,12,0.6623376623376623,0.5892857142857143,0.75,0.42857142857142855,0.7636363636363637,0.42857142857142855,0.75,0.4090909090909091,0.5863636363636364,0.711734693877551
756,8,50,6,13,0.7532467532467533,0.6369047619047619,0.8928571428571429,0.38095238095238093,0.8403361344537815,0.38095238095238093,0.8928571428571429,0.45714285714285713,0.6487394957983194,0.7244897959183674
757,8,49,3,17,0.7402597402597403,0.6311538461538462,0.9423076923076923,0.32,0.8305084745762712,0.32,0.9423076923076923,0.4444444444444444,0.6374764595103578,0.6938461538461539
758,5,49,9,14,0.7012987012987013,0.5539927404718693,0.8448275862068966,0.2631578947368421,0.8099173553719008,0.2631578947368421,0.8448275862068966,0.30303030303030304,0.5564738292011019,0.661524500907441
759,10,51,7,9,0.7922077922077922,0.7028130671506352,0.8793103448275862,0.5263157894736842,0.864406779661017,0.5263157894736842,0.8793103448275862,0.5555555555555556,0.7099811676082863,0.8357531760435573
760,9,53,4,11,0.8051948051948052,0.6899122807017544,0.9298245614035088,0.45,0.8760330578512396,0.45,0.9298245614035088,0.5454545454545454,0.7107438016528925,0.8263157894736842
761,13,50,8,6,0.8181818181818182,0.7731397459165155,0.8620689655172413,0.6842105263157895,0.8771929824561403,0.6842105263157895,0.8620689655172413,0.65,0.7635964912280702,0.8339382940108893
762,14,46,4,13,0.7792207792207793,0.7192592592592593,0.92,0.5185185185185185,0.8440366972477065,0.5185185185185185,0.92,0.6222222222222222,0.7331294597349644,0.8125925925925925
763,9,50,7,11,0.7662337662337663,0.6635964912280702,0.8771929824561403,0.45,0.847457627118644,0.45,0.8771929824561403,0.5,0.673728813559322,0.7078947368421052
764,8,49,5,15,0.7402597402597403,0.6276167471819646,0.9074074074074074,0.34782608695652173,0.8305084745762712,0.34782608695652173,0.9074074074074074,0.4444444444444444,0.6374764595103578,0.7608695652173914
765,12,44,5,16,0.7272727272727273,0.6632653061224489,0.8979591836734694,0.42857142857142855,0.8073394495412844,0.42857142857142855,0.8979591836734694,0.5333333333333333,0.6703363914373088,0.7551020408163266
766,8,50,10,9,0.7532467532467533,0.6519607843137255,0.8333333333333334,0.47058823529411764,0.8403361344537815,0.47058823529411764,0.8333333333333334,0.45714285714285713,0.6487394957983194,0.7049019607843138
767,10,51,5,11,0.7922077922077922,0.6934523809523809,0.9107142857142857,0.47619047619047616,0.864406779661017,0.47619047619047616,0.9107142857142857,0.5555555555555556,0.7099811676082863,0.8562925170068028
768,12,48,7,10,0.7792207792207793,0.709090909090909,0.8727272727272727,0.5454545454545454,0.8495575221238938,0.5454545454545454,0.8727272727272727,0.5853658536585366,0.7174616878912152,0.8991735537190082
769,6,52,10,9,0.7532467532467533,0.6193548387096774,0.8387096774193549,0.4,0.8455284552845529,0.4,0.8387096774193549,0.3870967741935484,0.6163126147390506,0.7806451612903226
770,12,50,6,9,0.8051948051948052,0.7321428571428572,0.8928571428571429,0.5714285714285714,0.8695652173913043,0.5714285714285714,0.8928571428571429,0.6153846153846154,0.7424749163879598,0.8732993197278911
771,12,50,5,10,0.8051948051948052,0.7272727272727273,0.9090909090909091,0.5454545454545454,0.8695652173913043,0.5454545454545454,0.9090909090909091,0.6153846153846154,0.7424749163879598,0.771900826446281
772,8,51,7,11,0.7662337662337663,0.6501814882032668,0.8793103448275862,0.42105263157894735,0.85,0.42105263157894735,0.8793103448275862,0.47058823529411764,0.6602941176470588,0.7903811252268602
773,9,53,6,9,0.8051948051948052,0.6991525423728814,0.8983050847457628,0.5,0.8760330578512396,0.5,0.8983050847457628,0.5454545454545454,0.7107438016528925,0.8088512241054613
774,9,50,6,12,0.7662337662337663,0.6607142857142857,0.8928571428571429,0.42857142857142855,0.847457627118644,0.42857142857142855,0.8928571428571429,0.5,0.673728813559322,0.7363945578231292
775,5,41,14,17,0.5974025974025974,0.4863636363636364,0.7454545454545455,0.22727272727272727,0.7256637168141593,0.22727272727272727,0.7454545454545455,0.24390243902439024,0.4847830779192748,0.6198347107438017
776,6,51,7,13,0.7402597402597403,0.5975499092558983,0.8793103448275862,0.3157894736842105,0.8360655737704918,0.3157894736842105,0.8793103448275862,0.375,0.6055327868852459,0.7341197822141561
777,10,40,10,17,0.6493506493506493,0.5851851851851853,0.8,0.37037037037037035,0.7476635514018691,0.37037037037037035,0.8,0.425531914893617,0.5865977331477431,0.6659259259259259
778,9,44,14,10,0.6883116883116883,0.616152450090744,0.7586206896551724,0.47368421052631576,0.7857142857142857,0.47368421052631576,0.7586206896551724,0.42857142857142855,0.6071428571428571,0.7994555353901996
779,11,48,10,8,0.7662337662337663,0.7032667876588021,0.8275862068965517,0.5789473684210527,0.8421052631578947,0.5789473684210527,0.8275862068965517,0.55,0.6960526315789474,0.8602540834845734
780,12,54,6,5,0.8571428571428571,0.8029411764705883,0.9,0.7058823529411765,0.907563025210084,0.7058823529411765,0.9,0.6857142857142857,0.7966386554621849,0.8549019607843138
781,9,47,10,11,0.7272727272727273,0.637280701754386,0.8245614035087719,0.45,0.8173913043478261,0.45,0.8245614035087719,0.46153846153846156,0.6394648829431439,0.7192982456140351
782,7,44,10,16,0.6623376623376623,0.5595813204508857,0.8148148148148148,0.30434782608695654,0.7719298245614035,0.30434782608695654,0.8148148148148148,0.35,0.5609649122807017,0.7109500805152978
783,8,44,15,10,0.6753246753246753,0.5951035781544256,0.7457627118644068,0.4444444444444444,0.7787610619469026,0.4444444444444444,0.7457627118644068,0.3902439024390244,0.5845024821929635,0.6732580037664784
784,8,58,3,8,0.8571428571428571,0.7254098360655737,0.9508196721311475,0.5,0.9133858267716536,0.5,0.9508196721311475,0.5925925925925926,0.7529892096821231,0.8288934426229508
785,16,44,6,11,0.7792207792207793,0.7362962962962962,0.88,0.5925925925925926,0.8380952380952381,0.5925925925925926,0.88,0.6530612244897959,0.745578231292517,0.8592592592592592
786,6,52,6,13,0.7532467532467533,0.6061705989110708,0.896551724137931,0.3157894736842105,0.8455284552845529,0.3157894736842105,0.896551724137931,0.3870967741935484,0.6163126147390506,0.7395644283121597
787,9,49,12,7,0.7532467532467533,0.6828893442622951,0.8032786885245902,0.5625,0.8376068376068376,0.5625,0.8032786885245902,0.4864864864864865,0.6620466620466621,0.6721311475409836
788,14,43,11,9,0.7402597402597403,0.7024959742351047,0.7962962962962963,0.6086956521739131,0.8113207547169812,0.6086956521739131,0.7962962962962963,0.5833333333333334,0.6973270440251573,0.8454106280193237
789,14,44,7,12,0.7532467532467533,0.700603318250377,0.8627450980392157,0.5384615384615384,0.822429906542056,0.5384615384615384,0.8627450980392157,0.5957446808510638,0.70908729369656,0.797134238310709
790,10,44,8,15,0.7012987012987013,0.6230769230769231,0.8461538461538461,0.4,0.7927927927927928,0.4,0.8461538461538461,0.46511627906976744,0.6289545359312801,0.7915384615384615
791,4,54,5,14,0.7532467532467533,0.5687382297551788,0.9152542372881356,0.2222222222222222,0.8503937007874016,0.2222222222222222,0.9152542372881356,0.2962962962962963,0.573344998541849,0.7504708097928438
792,5,52,8,12,0.7402597402597403,0.5803921568627451,0.8666666666666667,0.29411764705882354,0.8387096774193549,0.29411764705882354,0.8666666666666667,0.3333333333333333,0.5860215053763441,0.6490196078431373
793,11,45,10,11,0.7272727272727273,0.6590909090909092,0.8181818181818182,0.5,0.8108108108108109,0.5,0.8181818181818182,0.5116279069767442,0.6612193588937776,0.7380165289256199
794,11,51,2,13,0.8051948051948052,0.7102987421383647,0.9622641509433962,0.4583333333333333,0.8717948717948718,0.4583333333333333,0.9622641509433962,0.5945945945945946,0.7331947331947333,0.8050314465408805
795,11,49,6,11,0.7792207792207793,0.6954545454545454,0.8909090909090909,0.5,0.8521739130434782,0.5,0.8909090909090909,0.5641025641025641,0.7081382385730212,0.7834710743801653
796,11,45,6,15,0.7272727272727273,0.6527149321266968,0.8823529411764706,0.4230769230769231,0.8108108108108109,0.4230769230769231,0.8823529411764706,0.5116279069767442,0.6612193588937776,0.6960784313725491
797,3,49,6,19,0.6753246753246753,0.5136363636363637,0.8909090909090909,0.13636363636363635,0.7967479674796748,0.13636363636363635,0.8909090909090909,0.1935483870967742,0.49514817728822447,0.5363636363636364
798,11,47,6,13,0.7532467532467533,0.672562893081761,0.8867924528301887,0.4583333333333333,0.831858407079646,0.4583333333333333,0.8867924528301887,0.5365853658536586,0.6842218864666523,0.7822327044025157
799,13,51,4,9,0.8311688311688312,0.759090909090909,0.9272727272727272,0.5909090909090909,0.8869565217391304,0.5909090909090909,0.9272727272727272,0.6666666666666666,0.7768115942028986,0.8876033057851239
800,6,45,9,17,0.6623376623376623,0.5471014492753623,0.8333333333333334,0.2608695652173913,0.7758620689655172,0.2608695652173913,0.8333333333333334,0.3157894736842105,0.5458257713248639,0.6996779388083736
801,3,52,7,15,0.7142857142857143,0.5240112994350282,0.8813559322033898,0.16666666666666666,0.8253968253968254,0.16666666666666666,0.8813559322033898,0.21428571428571427,0.5198412698412698,0.5451977401129944
802,7,50,11,9,0.7402597402597403,0.6285860655737705,0.819672131147541,0.4375,0.8333333333333334,0.4375,0.819672131147541,0.4117647058823529,0.6225490196078431,0.7930327868852458
803,11,55,5,6,0.8571428571428571,0.7818627450980392,0.9166666666666666,0.6470588235294118,0.9090909090909091,0.6470588235294118,0.9166666666666666,0.6666666666666666,0.7878787878787878,0.8598039215686275
804,14,43,8,12,0.7402597402597403,0.6907993966817496,0.8431372549019608,0.5384615384615384,0.8113207547169812,0.5384615384615384,0.8431372549019608,0.5833333333333334,0.6973270440251573,0.8793363499245852
805,17,45,4,11,0.8051948051948052,0.7627551020408163,0.9183673469387755,0.6071428571428571,0.8571428571428571,0.6071428571428571,0.9183673469387755,0.6938775510204082,0.7755102040816326,0.7915451895043732
806,11,46,6,14,0.7402597402597403,0.6623076923076923,0.8846153846153846,0.44,0.8214285714285714,0.44,0.8846153846153846,0.5238095238095238,0.6726190476190477,0.7284615384615385
807,10,50,5,12,0.7792207792207793,0.6818181818181818,0.9090909090909091,0.45454545454545453,0.8547008547008547,0.45454545454545453,0.9090909090909091,0.5405405405405406,0.6976206976206976,0.793388429752066
808,13,40,9,15,0.6883116883116883,0.6403061224489797,0.8163265306122449,0.4642857142857143,0.7692307692307693,0.4642857142857143,0.8163265306122449,0.52,0.6446153846153846,0.7230320699708455
809,3,49,14,11,0.6753246753246753,0.49603174603174605,0.7777777777777778,0.21428571428571427,0.7967479674796748,0.21428571428571427,0.7777777777777778,0.1935483870967742,0.49514817728822447,0.6496598639455782
810,6,46,10,15,0.6753246753246753,0.5535714285714286,0.8214285714285714,0.2857142857142857,0.7863247863247863,0.2857142857142857,0.8214285714285714,0.32432432432432434,0.5553245553245554,0.7874149659863945
811,11,44,9,13,0.7142857142857143,0.6442610062893082,0.8301886792452831,0.4583333333333333,0.8,0.4583333333333333,0.8301886792452831,0.5,0.65,0.7138364779874213
812,14,48,7,8,0.8051948051948052,0.7545454545454545,0.8727272727272727,0.6363636363636364,0.8648648648648649,0.6363636363636364,0.8727272727272727,0.6511627906976745,0.7580138277812697,0.8239669421487603
813,12,44,7,14,0.7272727272727273,0.6621417797888387,0.8627450980392157,0.46153846153846156,0.8073394495412844,0.46153846153846156,0.8627450980392157,0.5333333333333333,0.6703363914373088,0.8099547511312217
814,6,54,8,9,0.7792207792207793,0.635483870967742,0.8709677419354839,0.4,0.864,0.4,0.8709677419354839,0.41379310344827586,0.638896551724138,0.6655913978494623
815,10,47,6,14,0.7402597402597403,0.6517295597484277,0.8867924528301887,0.4166666666666667,0.8245614035087719,0.4166666666666667,0.8867924528301887,0.5,0.6622807017543859,0.7515723270440251
816,7,49,9,12,0.7272727272727273,0.6066243194192378,0.8448275862068966,0.3684210526315789,0.8235294117647058,0.3684210526315789,0.8448275862068966,0.4,0.611764705882353,0.7676950998185118
817,8,44,12,13,0.6753246753246753,0.5833333333333333,0.7857142857142857,0.38095238095238093,0.7787610619469026,0.38095238095238093,0.7857142857142857,0.3902439024390244,0.5845024821929635,0.7295918367346937
818,13,40,11,13,0.6883116883116883,0.642156862745098,0.7843137254901961,0.5,0.7692307692307693,0.5,0.7843137254901961,0.52,0.6446153846153846,0.8092006033182503
819,7,47,10,13,0.7012987012987013,0.587280701754386,0.8245614035087719,0.35,0.8034188034188035,0.35,0.8245614035087719,0.3783783783783784,0.5908985908985909,0.6385964912280702
820,5,51,10,11,0.7272727272727273,0.5742827868852459,0.8360655737704918,0.3125,0.8292682926829268,0.3125,0.8360655737704918,0.3225806451612903,0.5759244689221086,0.6629098360655737
821,7,52,6,12,0.7662337662337663,0.632486388384755,0.896551724137931,0.3684210526315789,0.8524590163934426,0.3684210526315789,0.896551724137931,0.4375,0.6449795081967213,0.6379310344827588
822,9,45,12,11,0.7012987012987013,0.6197368421052631,0.7894736842105263,0.45,0.7964601769911505,0.45,0.7894736842105263,0.43902439024390244,0.6177422836175265,0.7350877192982457
823,11,48,5,13,0.7662337662337663,0.6819968553459119,0.9056603773584906,0.4583333333333333,0.8421052631578947,0.4583333333333333,0.9056603773584906,0.55,0.6960526315789474,0.7672955974842767
824,10,43,11,13,0.6883116883116883,0.6155394524959742,0.7962962962962963,0.43478260869565216,0.7818181818181819,0.43478260869565216,0.7962962962962963,0.45454545454545453,0.6181818181818182,0.7222222222222221
825,6,51,12,8,0.7402597402597403,0.6190476190476191,0.8095238095238095,0.42857142857142855,0.8360655737704918,0.42857142857142855,0.8095238095238095,0.375,0.6055327868852459,0.761904761904762
826,7,50,9,11,0.7402597402597403,0.6181732580037664,0.847457627118644,0.3888888888888889,0.8333333333333334,0.3888888888888889,0.847457627118644,0.4117647058823529,0.6225490196078431,0.7222222222222222
827,7,48,10,12,0.7142857142857143,0.5980036297640653,0.8275862068965517,0.3684210526315789,0.8135593220338984,0.3684210526315789,0.8275862068965517,0.3888888888888889,0.6012241054613936,0.8039927404718692
828,4,52,11,10,0.7272727272727273,0.5555555555555556,0.8253968253968254,0.2857142857142857,0.832,0.2857142857142857,0.8253968253968254,0.27586206896551724,0.5539310344827586,0.7448979591836734
829,11,52,3,11,0.8181818181818182,0.7227272727272727,0.9454545454545454,0.5,0.8813559322033898,0.5,0.9454545454545454,0.6111111111111112,0.7462335216572504,0.8471074380165289
830,9,47,9,12,0.7272727272727273,0.6339285714285714,0.8392857142857143,0.42857142857142855,0.8173913043478261,0.42857142857142855,0.8392857142857143,0.46153846153846156,0.6394648829431439,0.7057823129251699
831,12,54,1,10,0.8571428571428571,0.7636363636363637,0.9818181818181818,0.5454545454545454,0.907563025210084,0.5454545454545454,0.9818181818181818,0.6857142857142857,0.7966386554621849,0.9099173553719009
832,10,49,6,12,0.7662337662337663,0.6727272727272727,0.8909090909090909,0.45454545454545453,0.8448275862068966,0.45454545454545453,0.8909090909090909,0.5263157894736842,0.6855716878402904,0.6595041322314049
833,6,50,7,14,0.7272727272727273,0.5885964912280701,0.8771929824561403,0.3,0.8264462809917356,0.3,0.8771929824561403,0.36363636363636365,0.5950413223140496,0.6973684210526315
834,8,49,7,13,0.7402597402597403,0.6279761904761905,0.875,0.38095238095238093,0.8305084745762712,0.38095238095238093,0.875,0.4444444444444444,0.6374764595103578,0.7372448979591836
835,10,43,10,14,0.6883116883116883,0.613993710691824,0.8113207547169812,0.4166666666666667,0.7818181818181819,0.4166666666666667,0.8113207547169812,0.45454545454545453,0.6181818181818182,0.7578616352201257
836,8,45,12,12,0.6883116883116883,0.5947368421052632,0.7894736842105263,0.4,0.7894736842105263,0.4,0.7894736842105263,0.4,0.5947368421052632,0.7114035087719298
837,12,47,8,10,0.7662337662337663,0.7,0.8545454545454545,0.5454545454545454,0.8392857142857143,0.5454545454545454,0.8545454545454545,0.5714285714285714,0.7053571428571428,0.8008264462809918
838,12,43,10,12,0.7142857142857143,0.6556603773584906,0.8113207547169812,0.5,0.7962962962962963,0.5,0.8113207547169812,0.5217391304347826,0.6590177133655395,0.7586477987421383
839,10,44,14,9,0.7012987012987013,0.6424682395644283,0.7586206896551724,0.5263157894736842,0.7927927927927928,0.5263157894736842,0.7586206896551724,0.46511627906976744,0.6289545359312801,0.7114337568058076
840,11,52,6,8,0.8181818181818182,0.7377495462794919,0.896551724137931,0.5789473684210527,0.8813559322033898,0.5789473684210527,0.896551724137931,0.6111111111111112,0.7462335216572504,0.7431941923774954
841,4,51,6,16,0.7142857142857143,0.5473684210526316,0.8947368421052632,0.2,0.8225806451612904,0.2,0.8947368421052632,0.26666666666666666,0.5446236559139785,0.7140350877192982
842,13,41,11,12,0.7012987012987013,0.6542307692307692,0.7884615384615384,0.52,0.780952380952381,0.52,0.7884615384615384,0.5306122448979592,0.6557823129251701,0.72
843,9,51,8,9,0.7792207792207793,0.6822033898305084,0.864406779661017,0.5,0.8571428571428571,0.5,0.864406779661017,0.5142857142857142,0.6857142857142857,0.7645951035781544
844,5,58,9,5,0.8181818181818182,0.6828358208955223,0.8656716417910447,0.5,0.8923076923076924,0.5,0.8656716417910447,0.4166666666666667,0.6544871794871795,0.7402985074626866
845,12,42,13,10,0.7012987012987013,0.6545454545454545,0.7636363636363637,0.5454545454545454,0.7850467289719626,0.5454545454545454,0.7636363636363637,0.5106382978723404,0.6478425134221515,0.6867768595041324
846,9,44,14,10,0.6883116883116883,0.616152450090744,0.7586206896551724,0.47368421052631576,0.7857142857142857,0.47368421052631576,0.7586206896551724,0.42857142857142855,0.6071428571428571,0.735934664246824
847,10,44,9,14,0.7012987012987013,0.6234276729559749,0.8301886792452831,0.4166666666666667,0.7927927927927928,0.4166666666666667,0.8301886792452831,0.46511627906976744,0.6289545359312801,0.7751572327044025
848,8,50,7,12,0.7532467532467533,0.6385964912280702,0.8771929824561403,0.4,0.8403361344537815,0.4,0.8771929824561403,0.45714285714285713,0.6487394957983194,0.7815789473684212
849,8,55,10,4,0.8181818181818182,0.7564102564102564,0.8461538461538461,0.6666666666666666,0.8870967741935484,0.6666666666666666,0.8461538461538461,0.5333333333333333,0.7102150537634409,0.941025641025641
850,10,55,4,8,0.8441558441558441,0.743879472693032,0.9322033898305084,0.5555555555555556,0.9016393442622951,0.5555555555555556,0.9322033898305084,0.625,0.7633196721311475,0.8408662900188323
851,8,48,11,10,0.7272727272727273,0.6290018832391714,0.8135593220338984,0.4444444444444444,0.8205128205128205,0.4444444444444444,0.8135593220338984,0.43243243243243246,0.6264726264726265,0.7627118644067796
852,11,41,11,14,0.6753246753246753,0.6142307692307692,0.7884615384615384,0.44,0.7663551401869159,0.44,0.7884615384615384,0.46808510638297873,0.6172201232849472,0.7446153846153847
853,8,41,12,16,0.6363636363636364,0.5534591194968553,0.7735849056603774,0.3333333333333333,0.7454545454545455,0.3333333333333333,0.7735849056603774,0.36363636363636365,0.5545454545454546,0.6863207547169812
854,7,49,8,13,0.7272727272727273,0.6048245614035088,0.8596491228070176,0.35,0.8235294117647058,0.35,0.8596491228070176,0.4,0.611764705882353,0.7377192982456141
855,9,52,4,12,0.7922077922077922,0.6785714285714286,0.9285714285714286,0.42857142857142855,0.8666666666666667,0.42857142857142855,0.9285714285714286,0.5294117647058824,0.6980392156862745,0.7772108843537415
856,8,49,7,13,0.7402597402597403,0.6279761904761905,0.875,0.38095238095238093,0.8305084745762712,0.38095238095238093,0.875,0.4444444444444444,0.6374764595103578,0.7542517006802721
857,4,53,10,10,0.7402597402597403,0.5634920634920635,0.8412698412698413,0.2857142857142857,0.8412698412698413,0.2857142857142857,0.8412698412698413,0.2857142857142857,0.5634920634920635,0.7630385487528345
858,3,54,7,13,0.7402597402597403,0.5363729508196722,0.8852459016393442,0.1875,0.84375,0.1875,0.8852459016393442,0.23076923076923078,0.5372596153846154,0.6700819672131147
859,8,46,10,13,0.7012987012987013,0.6011904761904762,0.8214285714285714,0.38095238095238093,0.8,0.38095238095238093,0.8214285714285714,0.41025641025641024,0.6051282051282052,0.6641156462585033
860,9,51,3,14,0.7792207792207793,0.6678743961352657,0.9444444444444444,0.391304347826087,0.8571428571428571,0.391304347826087,0.9444444444444444,0.5142857142857142,0.6857142857142857,0.7093397745571658
861,15,42,11,9,0.7402597402597403,0.7087264150943396,0.7924528301886793,0.625,0.8076923076923077,0.625,0.7924528301886793,0.6,0.7038461538461538,0.8773584905660378
862,5,60,5,7,0.8441558441558441,0.6698717948717949,0.9230769230769231,0.4166666666666667,0.9090909090909091,0.4166666666666667,0.9230769230769231,0.45454545454545453,0.6818181818181818,0.7961538461538462
863,9,51,7,10,0.7792207792207793,0.676497277676951,0.8793103448275862,0.47368421052631576,0.8571428571428571,0.47368421052631576,0.8793103448275862,0.5142857142857142,0.6857142857142857,0.8212341197822142
864,10,41,7,19,0.6623376623376623,0.5994971264367817,0.8541666666666666,0.3448275862068966,0.7592592592592593,0.3448275862068966,0.8541666666666666,0.43478260869565216,0.5970209339774557,0.7686781609195403
865,9,52,9,7,0.7922077922077922,0.7074795081967213,0.8524590163934426,0.5625,0.8666666666666667,0.5625,0.8524590163934426,0.5294117647058824,0.6980392156862745,0.8227459016393441
866,10,45,10,12,0.7142857142857143,0.6363636363636364,0.8181818181818182,0.45454545454545453,0.8035714285714286,0.45454545454545453,0.8181818181818182,0.47619047619047616,0.6398809523809523,0.7446280991735538
867,7,42,11,17,0.6363636363636364,0.542059748427673,0.7924528301886793,0.2916666666666667,0.75,0.2916666666666667,0.7924528301886793,0.3333333333333333,0.5416666666666666,0.6438679245283018
868,6,50,11,10,0.7272727272727273,0.5973360655737705,0.819672131147541,0.375,0.8264462809917356,0.375,0.819672131147541,0.36363636363636365,0.5950413223140496,0.7110655737704918
869,6,53,5,13,0.7662337662337663,0.6147912885662432,0.9137931034482759,0.3157894736842105,0.8548387096774194,0.3157894736842105,0.9137931034482759,0.4,0.6274193548387097,0.8176043557168784
870,8,50,3,16,0.7532467532467533,0.6383647798742138,0.9433962264150944,0.3333333333333333,0.8403361344537815,0.3333333333333333,0.9433962264150944,0.45714285714285713,0.6487394957983194,0.8176100628930818
871,7,49,7,14,0.7272727272727273,0.6041666666666666,0.875,0.3333333333333333,0.8235294117647058,0.3333333333333333,0.875,0.4,0.611764705882353,0.7210884353741497
872,11,50,5,11,0.7922077922077922,0.7045454545454546,0.9090909090909091,0.5,0.8620689655172413,0.5,0.9090909090909091,0.5789473684210527,0.720508166969147,0.8487603305785123
873,9,49,6,13,0.7532467532467533,0.65,0.8909090909090909,0.4090909090909091,0.8376068376068376,0.4090909090909091,0.8909090909090909,0.4864864864864865,0.6620466620466621,0.6892561983471074
874,10,50,5,12,0.7792207792207793,0.6818181818181818,0.9090909090909091,0.45454545454545453,0.8547008547008547,0.45454545454545453,0.9090909090909091,0.5405405405405406,0.6976206976206976,0.7669421487603305
875,9,49,7,12,0.7532467532467533,0.6517857142857143,0.875,0.42857142857142855,0.8376068376068376,0.42857142857142855,0.875,0.4864864864864865,0.6620466620466621,0.8248299319727891
876,8,50,9,10,0.7532467532467533,0.6459510357815442,0.847457627118644,0.4444444444444444,0.8403361344537815,0.4444444444444444,0.847457627118644,0.45714285714285713,0.6487394957983194,0.7570621468926554
877,9,47,14,7,0.7272727272727273,0.6664959016393442,0.7704918032786885,0.5625,0.8173913043478261,0.5625,0.7704918032786885,0.46153846153846156,0.6394648829431439,0.7797131147540984
878,7,50,4,16,0.7402597402597403,0.6151368760064413,0.9259259259259259,0.30434782608695654,0.8333333333333334,0.30434782608695654,0.9259259259259259,0.4117647058823529,0.6225490196078431,0.7721417069243157
879,6,55,7,9,0.7922077922077922,0.6435483870967742,0.8870967741935484,0.4,0.873015873015873,0.4,0.8870967741935484,0.42857142857142855,0.6507936507936508,0.8043010752688172
880,7,51,6,13,0.7532467532467533,0.6223684210526316,0.8947368421052632,0.35,0.8429752066115702,0.35,0.8947368421052632,0.42424242424242425,0.6336088154269972,0.7175438596491227
881,10,48,7,12,0.7532467532467533,0.6636363636363636,0.8727272727272727,0.45454545454545453,0.8347826086956521,0.45454545454545453,0.8727272727272727,0.5128205128205128,0.6738015607580825,0.7677685950413223
882,13,43,7,14,0.7272727272727273,0.6707407407407407,0.86,0.48148148148148145,0.8037383177570093,0.48148148148148145,0.86,0.5531914893617021,0.6784649035593557,0.8192592592592591
883,7,47,6,17,0.7012987012987013,0.5892295597484277,0.8867924528301887,0.2916666666666667,0.8034188034188035,0.2916666666666667,0.8867924528301887,0.3783783783783784,0.5908985908985909,0.7775157232704403
884,9,53,8,7,0.8051948051948052,0.7156762295081966,0.8688524590163934,0.5625,0.8760330578512396,0.5625,0.8688524590163934,0.5454545454545454,0.7107438016528925,0.8852459016393442
885,7,50,7,13,0.7402597402597403,0.6135964912280701,0.8771929824561403,0.35,0.8333333333333334,0.35,0.8771929824561403,0.4117647058823529,0.6225490196078431,0.8298245614035087
886,10,45,12,10,0.7142857142857143,0.6447368421052632,0.7894736842105263,0.5,0.8035714285714286,0.5,0.7894736842105263,0.47619047619047616,0.6398809523809523,0.6921052631578948
887,12,46,9,10,0.7532467532467533,0.6909090909090909,0.8363636363636363,0.5454545454545454,0.8288288288288288,0.5454545454545454,0.8363636363636363,0.5581395348837209,0.6934841818562749,0.7818181818181819
888,12,44,8,13,0.7272727272727273,0.6630769230769231,0.8461538461538461,0.48,0.8073394495412844,0.48,0.8461538461538461,0.5333333333333333,0.6703363914373088,0.756923076923077
889,8,47,11,11,0.7142857142857143,0.6156987295825771,0.8103448275862069,0.42105263157894735,0.8103448275862069,0.42105263157894735,0.8103448275862069,0.42105263157894735,0.6156987295825771,0.6733212341197822
890,10,51,10,6,0.7922077922077922,0.7305327868852459,0.8360655737704918,0.625,0.864406779661017,0.625,0.8360655737704918,0.5555555555555556,0.7099811676082863,0.8842213114754098
891,3,45,12,17,0.6233766233766234,0.4697368421052632,0.7894736842105263,0.15,0.7563025210084033,0.15,0.7894736842105263,0.17142857142857143,0.4638655462184874,0.5868421052631579
892,8,50,5,14,0.7532467532467533,0.6363636363636364,0.9090909090909091,0.36363636363636365,0.8403361344537815,0.36363636363636365,0.9090909090909091,0.45714285714285713,0.6487394957983194,0.7462809917355372
893,9,51,5,12,0.7792207792207793,0.6696428571428571,0.9107142857142857,0.42857142857142855,0.8571428571428571,0.42857142857142855,0.9107142857142857,0.5142857142857142,0.6857142857142857,0.7346938775510204
894,7,52,6,12,0.7662337662337663,0.632486388384755,0.896551724137931,0.3684210526315789,0.8524590163934426,0.3684210526315789,0.896551724137931,0.4375,0.6449795081967213,0.70508166969147
895,10,47,12,8,0.7402597402597403,0.6760828625235404,0.7966101694915254,0.5555555555555556,0.8245614035087719,0.5555555555555556,0.7966101694915254,0.5,0.6622807017543859,0.8559322033898304
896,10,42,11,14,0.6753246753246753,0.604559748427673,0.7924528301886793,0.4166666666666667,0.7706422018348624,0.4166666666666667,0.7924528301886793,0.4444444444444444,0.6075433231396534,0.7358490566037734
897,9,43,10,15,0.6753246753246753,0.5931603773584906,0.8113207547169812,0.375,0.7747747747747747,0.375,0.8113207547169812,0.4186046511627907,0.5966897129687827,0.7523584905660378
898,11,47,7,12,0.7532467532467533,0.6743156199677939,0.8703703703703703,0.4782608695652174,0.831858407079646,0.4782608695652174,0.8703703703703703,0.5365853658536586,0.6842218864666523,0.6859903381642513
899,9,51,5,12,0.7792207792207793,0.6696428571428571,0.9107142857142857,0.42857142857142855,0.8571428571428571,0.42857142857142855,0.9107142857142857,0.5142857142857142,0.6857142857142857,0.7959183673469388
900,9,46,12,10,0.7142857142857143,0.6333938294010889,0.7931034482758621,0.47368421052631576,0.8070175438596491,0.47368421052631576,0.7931034482758621,0.45,0.6285087719298246,0.8239564428312159
901,11,44,12,10,0.7142857142857143,0.6547619047619048,0.7857142857142857,0.5238095238095238,0.8,0.5238095238095238,0.7857142857142857,0.5,0.65,0.7006802721088435
902,12,45,7,13,0.7402597402597403,0.6726923076923077,0.8653846153846154,0.48,0.8181818181818182,0.48,0.8653846153846154,0.5454545454545454,0.6818181818181819,0.78
903,3,57,8,9,0.7792207792207793,0.5634615384615385,0.8769230769230769,0.25,0.8702290076335878,0.25,0.8769230769230769,0.2608695652173913,0.5655492864254895,0.7064102564102563
904,9,52,5,11,0.7922077922077922,0.6811403508771929,0.9122807017543859,0.45,0.8666666666666667,0.45,0.9122807017543859,0.5294117647058824,0.6980392156862745,0.7833333333333333
905,9,47,12,9,0.7272727272727273,0.6483050847457628,0.7966101694915254,0.5,0.8173913043478261,0.5,0.7966101694915254,0.46153846153846156,0.6394648829431439,0.7711864406779662
906,11,41,12,13,0.6753246753246753,0.6159591194968553,0.7735849056603774,0.4583333333333333,0.7663551401869159,0.4583333333333333,0.7735849056603774,0.46808510638297873,0.6172201232849472,0.7586477987421385
907,8,50,9,10,0.7532467532467533,0.6459510357815442,0.847457627118644,0.4444444444444444,0.8403361344537815,0.4444444444444444,0.847457627118644,0.45714285714285713,0.6487394957983194,0.7843691148775894
908,6,47,7,17,0.6883116883116883,0.5656199677938808,0.8703703703703703,0.2608695652173913,0.7966101694915254,0.2608695652173913,0.8703703703703703,0.3333333333333333,0.5649717514124294,0.7053140096618357
909,4,55,10,8,0.7662337662337663,0.5897435897435898,0.8461538461538461,0.3333333333333333,0.859375,0.3333333333333333,0.8461538461538461,0.3076923076923077,0.5835336538461539,0.7038461538461539
910,7,46,8,16,0.6883116883116883,0.5780998389694042,0.8518518518518519,0.30434782608695654,0.7931034482758621,0.30434782608695654,0.8518518518518519,0.3684210526315789,0.5807622504537205,0.5523349436392915
911,8,49,5,15,0.7402597402597403,0.6276167471819646,0.9074074074074074,0.34782608695652173,0.8305084745762712,0.34782608695652173,0.9074074074074074,0.4444444444444444,0.6374764595103578,0.7407407407407407
912,6,51,9,11,0.7402597402597403,0.6014705882352941,0.85,0.35294117647058826,0.8360655737704918,0.35294117647058826,0.85,0.375,0.6055327868852459,0.7803921568627451
913,6,52,9,10,0.7532467532467533,0.6137295081967213,0.8524590163934426,0.375,0.8455284552845529,0.375,0.8524590163934426,0.3870967741935484,0.6163126147390506,0.5665983606557377
914,11,46,7,13,0.7402597402597403,0.66312893081761,0.8679245283018868,0.4583333333333333,0.8214285714285714,0.4583333333333333,0.8679245283018868,0.5238095238095238,0.6726190476190477,0.7382075471698113
915,8,51,8,10,0.7662337662337663,0.6544256120527308,0.864406779661017,0.4444444444444444,0.85,0.4444444444444444,0.864406779661017,0.47058823529411764,0.6602941176470588,0.7796610169491525
916,12,50,4,11,0.8051948051948052,0.7238325281803543,0.9259259259259259,0.5217391304347826,0.8695652173913043,0.5217391304347826,0.9259259259259259,0.6153846153846154,0.7424749163879598,0.7809983896940418
917,6,47,5,19,0.6883116883116883,0.571923076923077,0.9038461538461539,0.24,0.7966101694915254,0.24,0.9038461538461539,0.3333333333333333,0.5649717514124294,0.7092307692307693
918,12,50,4,11,0.8051948051948052,0.7238325281803543,0.9259259259259259,0.5217391304347826,0.8695652173913043,0.5217391304347826,0.9259259259259259,0.6153846153846154,0.7424749163879598,0.8188405797101449
919,10,43,6,18,0.6883116883116883,0.6173469387755102,0.8775510204081632,0.35714285714285715,0.7818181818181819,0.35714285714285715,0.8775510204081632,0.45454545454545453,0.6181818181818182,0.7448979591836734
920,16,45,4,12,0.7922077922077922,0.7448979591836735,0.9183673469387755,0.5714285714285714,0.8490566037735849,0.5714285714285714,0.9183673469387755,0.6666666666666666,0.7578616352201257,0.7886297376093293
921,6,51,10,10,0.7402597402597403,0.6055327868852459,0.8360655737704918,0.375,0.8360655737704918,0.375,0.8360655737704918,0.375,0.6055327868852459,0.7049180327868853
922,6,49,4,18,0.7142857142857143,0.5872641509433962,0.9245283018867925,0.25,0.8166666666666667,0.25,0.9245283018867925,0.35294117647058826,0.5848039215686275,0.7672955974842766
923,12,48,6,11,0.7792207792207793,0.7053140096618358,0.8888888888888888,0.5217391304347826,0.8495575221238938,0.5217391304347826,0.8888888888888888,0.5853658536585366,0.7174616878912152,0.8389694041867954
924,7,56,7,7,0.8181818181818182,0.6944444444444444,0.8888888888888888,0.5,0.8888888888888888,0.5,0.8888888888888888,0.5,0.6944444444444444,0.7766439909297052
925,10,55,5,7,0.8441558441558441,0.7524509803921569,0.9166666666666666,0.5882352941176471,0.9016393442622951,0.5882352941176471,0.9166666666666666,0.625,0.7633196721311475,0.7803921568627451
926,16,39,10,12,0.7142857142857143,0.6836734693877551,0.7959183673469388,0.5714285714285714,0.78,0.5714285714285714,0.7959183673469388,0.5925925925925926,0.6862962962962963,0.8068513119533528
927,13,47,3,14,0.7792207792207793,0.7107407407407407,0.94,0.48148148148148145,0.8468468468468469,0.48148148148148145,0.94,0.6046511627906976,0.7257490048187722,0.8592592592592593
928,7,46,9,15,0.6883116883116883,0.5772727272727273,0.8363636363636363,0.3181818181818182,0.7931034482758621,0.3181818181818182,0.8363636363636363,0.3684210526315789,0.5807622504537205,0.6603305785123968
929,6,52,6,13,0.7532467532467533,0.6061705989110708,0.896551724137931,0.3157894736842105,0.8455284552845529,0.3157894736842105,0.896551724137931,0.3870967741935484,0.6163126147390506,0.794010889292196
930,12,43,5,17,0.7142857142857143,0.6548132183908046,0.8958333333333334,0.41379310344827586,0.7962962962962963,0.41379310344827586,0.8958333333333334,0.5217391304347826,0.6590177133655395,0.7995689655172414
931,10,48,7,12,0.7532467532467533,0.6636363636363636,0.8727272727272727,0.45454545454545453,0.8347826086956521,0.45454545454545453,0.8727272727272727,0.5128205128205128,0.6738015607580825,0.7595041322314049
932,11,49,7,10,0.7792207792207793,0.6994047619047619,0.875,0.5238095238095238,0.8521739130434782,0.5238095238095238,0.875,0.5641025641025641,0.7081382385730212,0.8290816326530612
933,9,43,10,15,0.6753246753246753,0.5931603773584906,0.8113207547169812,0.375,0.7747747747747747,0.375,0.8113207547169812,0.4186046511627907,0.5966897129687827,0.6839622641509432
934,12,42,8,15,0.7012987012987013,0.6422222222222222,0.84,0.4444444444444444,0.7850467289719626,0.4444444444444444,0.84,0.5106382978723404,0.6478425134221515,0.6807407407407406
935,6,49,7,15,0.7142857142857143,0.5803571428571428,0.875,0.2857142857142857,0.8166666666666667,0.2857142857142857,0.875,0.35294117647058826,0.5848039215686275,0.7406462585034013
936,9,50,8,10,0.7662337662337663,0.6678765880217785,0.8620689655172413,0.47368421052631576,0.847457627118644,0.47368421052631576,0.8620689655172413,0.5,0.673728813559322,0.7994555353901995
937,9,51,8,9,0.7792207792207793,0.6822033898305084,0.864406779661017,0.5,0.8571428571428571,0.5,0.864406779661017,0.5142857142857142,0.6857142857142857,0.7551789077212806
938,13,44,9,11,0.7402597402597403,0.6859276729559749,0.8301886792452831,0.5416666666666666,0.8148148148148148,0.5416666666666666,0.8301886792452831,0.5652173913043478,0.6900161030595813,0.8215408805031446
939,9,53,8,7,0.8051948051948052,0.7156762295081966,0.8688524590163934,0.5625,0.8760330578512396,0.5625,0.8688524590163934,0.5454545454545454,0.7107438016528925,0.8165983606557378
940,14,49,6,8,0.8181818181818182,0.7636363636363637,0.8909090909090909,0.6363636363636364,0.875,0.6363636363636364,0.8909090909090909,0.6666666666666666,0.7708333333333333,0.8454545454545455
941,8,50,6,13,0.7532467532467533,0.6369047619047619,0.8928571428571429,0.38095238095238093,0.8403361344537815,0.38095238095238093,0.8928571428571429,0.45714285714285713,0.6487394957983194,0.7142857142857143
942,4,55,5,13,0.7662337662337663,0.5759803921568627,0.9166666666666666,0.23529411764705882,0.859375,0.23529411764705882,0.9166666666666666,0.3076923076923077,0.5835336538461539,0.8088235294117648
943,7,51,1,18,0.7532467532467533,0.6303846153846153,0.9807692307692307,0.28,0.8429752066115702,0.28,0.9807692307692307,0.42424242424242425,0.6336088154269972,0.8276923076923078
944,9,46,14,8,0.7142857142857143,0.6480392156862745,0.7666666666666667,0.5294117647058824,0.8070175438596491,0.5294117647058824,0.7666666666666667,0.45,0.6285087719298246,0.7049019607843137
945,5,49,12,11,0.7012987012987013,0.5578893442622951,0.8032786885245902,0.3125,0.8099173553719008,0.3125,0.8032786885245902,0.30303030303030304,0.5564738292011019,0.7735655737704918
946,5,54,9,9,0.7662337662337663,0.6071428571428571,0.8571428571428571,0.35714285714285715,0.8571428571428571,0.35714285714285715,0.8571428571428571,0.35714285714285715,0.6071428571428571,0.7811791383219955
947,12,51,5,9,0.8181818181818182,0.7410714285714286,0.9107142857142857,0.5714285714285714,0.8793103448275862,0.5714285714285714,0.9107142857142857,0.631578947368421,0.7554446460980035,0.8205782312925171
948,14,46,10,7,0.7792207792207793,0.7440476190476191,0.8214285714285714,0.6666666666666666,0.8440366972477065,0.6666666666666666,0.8214285714285714,0.6222222222222222,0.7331294597349644,0.8843537414965986
949,5,46,15,11,0.6623376623376623,0.5332991803278688,0.7540983606557377,0.3125,0.7796610169491526,0.3125,0.7540983606557377,0.2777777777777778,0.5287193973634652,0.6444672131147541
950,7,47,12,11,0.7012987012987013,0.5927495291902072,0.7966101694915254,0.3888888888888889,0.8034188034188035,0.3888888888888889,0.7966101694915254,0.3783783783783784,0.5908985908985909,0.7881355932203391
951,11,48,6,12,0.7662337662337663,0.6835748792270531,0.8888888888888888,0.4782608695652174,0.8421052631578947,0.4782608695652174,0.8888888888888888,0.55,0.6960526315789474,0.8172302737520128
952,5,55,9,8,0.7792207792207793,0.6219951923076923,0.859375,0.38461538461538464,0.8661417322834646,0.38461538461538464,0.859375,0.37037037037037035,0.6182560513269175,0.7704326923076923
953,6,52,5,14,0.7532467532467533,0.606140350877193,0.9122807017543859,0.3,0.8455284552845529,0.3,0.9122807017543859,0.3870967741935484,0.6163126147390506,0.7649122807017543
954,9,50,8,10,0.7662337662337663,0.6678765880217785,0.8620689655172413,0.47368421052631576,0.847457627118644,0.47368421052631576,0.8620689655172413,0.5,0.673728813559322,0.6715063520871143
955,3,50,10,14,0.6883116883116883,0.5049019607843137,0.8333333333333334,0.17647058823529413,0.8064516129032258,0.17647058823529413,0.8333333333333334,0.2,0.5032258064516129,0.6303921568627451
956,5,49,11,12,0.7012987012987013,0.5553921568627451,0.8166666666666667,0.29411764705882354,0.8099173553719008,0.29411764705882354,0.8166666666666667,0.30303030303030304,0.5564738292011019,0.7294117647058823
957,13,48,2,14,0.7922077922077922,0.7207407407407407,0.96,0.48148148148148145,0.8571428571428571,0.48148148148148145,0.96,0.6190476190476191,0.7380952380952381,0.7874074074074074
958,8,51,7,11,0.7662337662337663,0.6501814882032668,0.8793103448275862,0.42105263157894735,0.85,0.42105263157894735,0.8793103448275862,0.47058823529411764,0.6602941176470588,0.7994555353901996
959,8,49,8,12,0.7402597402597403,0.6298245614035087,0.8596491228070176,0.4,0.8305084745762712,0.4,0.8596491228070176,0.4444444444444444,0.6374764595103578,0.6789473684210526
960,7,43,17,10,0.6493506493506493,0.5642156862745098,0.7166666666666667,0.4117647058823529,0.7610619469026548,0.4117647058823529,0.7166666666666667,0.34146341463414637,0.5512626807684006,0.7382352941176471
961,8,53,7,9,0.7922077922077922,0.6769607843137255,0.8833333333333333,0.47058823529411764,0.8688524590163934,0.47058823529411764,0.8833333333333333,0.5,0.6844262295081966,0.8147058823529412
962,12,48,9,8,0.7792207792207793,0.7210526315789474,0.8421052631578947,0.6,0.8495575221238938,0.6,0.8421052631578947,0.5853658536585366,0.7174616878912152,0.8236842105263158
963,10,48,9,10,0.7532467532467533,0.6710526315789473,0.8421052631578947,0.5,0.8347826086956521,0.5,0.8421052631578947,0.5128205128205128,0.6738015607580825,0.7666666666666666
964,10,43,9,15,0.6883116883116883,0.6134615384615385,0.8269230769230769,0.4,0.7818181818181819,0.4,0.8269230769230769,0.45454545454545453,0.6181818181818182,0.7769230769230769
965,17,41,11,8,0.7532467532467533,0.7342307692307692,0.7884615384615384,0.68,0.8118811881188119,0.68,0.7884615384615384,0.6415094339622641,0.7266953110405381,0.8284615384615385
966,10,46,8,13,0.7272727272727273,0.643317230273752,0.8518518518518519,0.43478260869565216,0.8141592920353983,0.43478260869565216,0.8518518518518519,0.4878048780487805,0.6509820850420893,0.7294685990338164
967,5,51,7,14,0.7272727272727273,0.5712341197822142,0.8793103448275862,0.2631578947368421,0.8292682926829268,0.2631578947368421,0.8793103448275862,0.3225806451612903,0.5759244689221086,0.6878402903811253
968,10,50,8,9,0.7792207792207793,0.6941923774954628,0.8620689655172413,0.5263157894736842,0.8547008547008547,0.5263157894736842,0.8620689655172413,0.5405405405405406,0.6976206976206976,0.7976406533575319
969,8,54,9,6,0.8051948051948052,0.7142857142857142,0.8571428571428571,0.5714285714285714,0.8780487804878049,0.5714285714285714,0.8571428571428571,0.5161290322580645,0.6970889063729346,0.800453514739229
970,10,48,8,11,0.7532467532467533,0.6666666666666666,0.8571428571428571,0.47619047619047616,0.8347826086956521,0.47619047619047616,0.8571428571428571,0.5128205128205128,0.6738015607580825,0.6488095238095238
971,9,51,5,12,0.7792207792207793,0.6696428571428571,0.9107142857142857,0.42857142857142855,0.8571428571428571,0.42857142857142855,0.9107142857142857,0.5142857142857142,0.6857142857142857,0.6836734693877551
972,14,47,3,13,0.7922077922077922,0.7292592592592593,0.94,0.5185185185185185,0.8545454545454545,0.5185185185185185,0.94,0.6363636363636364,0.7454545454545454,0.845925925925926
973,8,43,14,12,0.6623376623376623,0.5771929824561404,0.7543859649122807,0.4,0.7678571428571429,0.4,0.7543859649122807,0.38095238095238093,0.5744047619047619,0.6464912280701754
974,4,55,7,11,0.7662337662337663,0.5768817204301075,0.8870967741935484,0.26666666666666666,0.859375,0.26666666666666666,0.8870967741935484,0.3076923076923077,0.5835336538461539,0.6946236559139786
975,7,40,15,15,0.6103896103896104,0.5227272727272727,0.7272727272727273,0.3181818181818182,0.7272727272727273,0.3181818181818182,0.7272727272727273,0.3181818181818182,0.5227272727272727,0.6008264462809918
976,9,50,8,10,0.7662337662337663,0.6678765880217785,0.8620689655172413,0.47368421052631576,0.847457627118644,0.47368421052631576,0.8620689655172413,0.5,0.673728813559322,0.7921960072595281
977,9,46,6,16,0.7142857142857143,0.6223076923076922,0.8846153846153846,0.36,0.8070175438596491,0.36,0.8846153846153846,0.45,0.6285087719298246,0.7569230769230769
978,10,45,7,15,0.7142857142857143,0.6326923076923077,0.8653846153846154,0.4,0.8035714285714286,0.4,0.8653846153846154,0.47619047619047616,0.6398809523809523,0.686923076923077
979,8,50,2,17,0.7532467532467533,0.6407692307692308,0.9615384615384616,0.32,0.8403361344537815,0.32,0.9615384615384616,0.45714285714285713,0.6487394957983194,0.8676923076923075
980,7,50,12,8,0.7402597402597403,0.6365591397849462,0.8064516129032258,0.4666666666666667,0.8333333333333334,0.4666666666666667,0.8064516129032258,0.4117647058823529,0.6225490196078431,0.7548387096774193
981,11,41,8,17,0.6753246753246753,0.6147959183673469,0.8367346938775511,0.39285714285714285,0.7663551401869159,0.39285714285714285,0.8367346938775511,0.46808510638297873,0.6172201232849472,0.7018950437317784
982,7,55,5,10,0.8051948051948052,0.6642156862745098,0.9166666666666666,0.4117647058823529,0.88,0.4117647058823529,0.9166666666666666,0.4827586206896552,0.6813793103448276,0.8352941176470589
983,8,49,6,14,0.7402597402597403,0.6272727272727272,0.8909090909090909,0.36363636363636365,0.8305084745762712,0.36363636363636365,0.8909090909090909,0.4444444444444444,0.6374764595103578,0.7884297520661158
984,4,53,5,15,0.7402597402597403,0.5621597096188748,0.9137931034482759,0.21052631578947367,0.8412698412698413,0.21052631578947367,0.9137931034482759,0.2857142857142857,0.5634920634920635,0.7078039927404719
985,10,47,12,8,0.7402597402597403,0.6760828625235404,0.7966101694915254,0.5555555555555556,0.8245614035087719,0.5555555555555556,0.7966101694915254,0.5,0.6622807017543859,0.85969868173258
986,9,41,8,19,0.6493506493506493,0.5790816326530612,0.8367346938775511,0.32142857142857145,0.7522935779816514,0.32142857142857145,0.8367346938775511,0.4,0.5761467889908257,0.7223032069970845
987,9,50,8,10,0.7662337662337663,0.6678765880217785,0.8620689655172413,0.47368421052631576,0.847457627118644,0.47368421052631576,0.8620689655172413,0.5,0.673728813559322,0.6524500907441017
988,7,47,13,10,0.7012987012987013,0.5975490196078431,0.7833333333333333,0.4117647058823529,0.8034188034188035,0.4117647058823529,0.7833333333333333,0.3783783783783784,0.5908985908985909,0.7372549019607844
989,11,48,8,10,0.7662337662337663,0.6904761904761905,0.8571428571428571,0.5238095238095238,0.8421052631578947,0.5238095238095238,0.8571428571428571,0.55,0.6960526315789474,0.7925170068027211
990,14,45,8,10,0.7662337662337663,0.7161949685534592,0.8490566037735849,0.5833333333333334,0.8333333333333334,0.5833333333333334,0.8490566037735849,0.6086956521739131,0.7210144927536233,0.8183962264150944
991,9,48,7,13,0.7402597402597403,0.6409090909090909,0.8727272727272727,0.4090909090909091,0.8275862068965517,0.4090909090909091,0.8727272727272727,0.47368421052631576,0.6506352087114338,0.7661157024793388
992,14,46,9,8,0.7792207792207793,0.7363636363636363,0.8363636363636363,0.6363636363636364,0.8440366972477065,0.6363636363636364,0.8363636363636363,0.6222222222222222,0.7331294597349644,0.8644628099173554
993,10,49,9,9,0.7662337662337663,0.6855716878402904,0.8448275862068966,0.5263157894736842,0.8448275862068966,0.5263157894736842,0.8448275862068966,0.5263157894736842,0.6855716878402904,0.7722323049001815
994,17,43,7,10,0.7792207792207793,0.7448148148148148,0.86,0.6296296296296297,0.8349514563106796,0.6296296296296297,0.86,0.6666666666666666,0.7508090614886731,0.8074074074074074
995,4,47,11,15,0.6623376623376623,0.5104355716878403,0.8103448275862069,0.21052631578947367,0.7833333333333333,0.21052631578947367,0.8103448275862069,0.23529411764705882,0.509313725490196,0.6433756805807623
996,8,51,5,13,0.7662337662337663,0.6458333333333333,0.9107142857142857,0.38095238095238093,0.85,0.38095238095238093,0.9107142857142857,0.47058823529411764,0.6602941176470588,0.7525510204081634
997,7,47,8,15,0.7012987012987013,0.5863636363636363,0.8545454545454545,0.3181818181818182,0.8034188034188035,0.3181818181818182,0.8545454545454545,0.3783783783783784,0.5908985908985909,0.703305785123967
998,13,50,8,6,0.8181818181818182,0.7731397459165155,0.8620689655172413,0.6842105263157895,0.8771929824561403,0.6842105263157895,0.8620689655172413,0.65,0.7635964912280702,0.8548094373865699
999,8,46,6,17,0.7012987012987013,0.6023076923076923,0.8846153846153846,0.32,0.8,0.32,0.8846153846153846,0.41025641025641024,0.6051282051282052,0.7176923076923077
1000,8,47,5,17,0.7142857142857143,0.6119230769230769,0.9038461538461539,0.32,0.8103448275862069,0.32,0.9038461538461539,0.42105263157894735,0.6156987295825771,0.7284615384615386
