round,TP,TN,FP,FN,Accuracy,BalancedAccuracy,Sensitivity_Class0,Specificity_Class0,F1_Class0,Sensitivity_Class1,Specificity_Class1,F1_Class1,F1_macro,AUC
1,20,35,6,12,0.7534246575342466,0.7393292682926829,0.8536585365853658,0.625,0.7954545454545454,0.625,0.8536585365853658,0.6896551724137931,0.7425548589341693,0.8239329268292683
2,20,45,7,1,0.8904109589041096,0.9088827838827839,0.8653846153846154,0.9523809523809523,0.9183673469387755,0.9523809523809523,0.8653846153846154,0.8333333333333334,0.8758503401360545,0.9826007326007326
3,23,33,11,6,0.7671232876712328,0.771551724137931,0.75,0.7931034482758621,0.7951807228915663,0.7931034482758621,0.75,0.7301587301587301,0.7626697265251482,0.853448275862069
4,13,39,8,13,0.7123287671232876,0.6648936170212766,0.8297872340425532,0.5,0.7878787878787878,0.5,0.8297872340425532,0.5531914893617021,0.6705351386202449,0.7454991816693946
5,23,36,8,6,0.8082191780821918,0.8056426332288402,0.8181818181818182,0.7931034482758621,0.8372093023255814,0.7931034482758621,0.8181818181818182,0.7666666666666667,0.8019379844961241,0.8644200626959248
6,18,43,6,6,0.8356164383561644,0.8137755102040816,0.8775510204081632,0.75,0.8775510204081632,0.75,0.8775510204081632,0.75,0.8137755102040816,0.8639455782312926
7,19,41,8,5,0.821917808219178,0.8142006802721089,0.8367346938775511,0.7916666666666666,0.8631578947368421,0.7916666666666666,0.8367346938775511,0.7450980392156863,0.8041279669762642,0.8715986394557823
8,15,38,12,8,0.726027397260274,0.7060869565217391,0.76,0.6521739130434783,0.7916666666666666,0.6521739130434783,0.76,0.6,0.6958333333333333,0.8060869565217391
9,25,32,10,6,0.7808219178082192,0.7841781874039938,0.7619047619047619,0.8064516129032258,0.8,0.8064516129032258,0.7619047619047619,0.7575757575757576,0.7787878787878788,0.857910906298003
10,13,41,9,10,0.7397260273972602,0.6926086956521739,0.82,0.5652173913043478,0.8118811881188119,0.5652173913043478,0.82,0.5777777777777777,0.6948294829482948,0.773913043478261
11,21,39,9,4,0.821917808219178,0.8262499999999999,0.8125,0.84,0.8571428571428571,0.84,0.8125,0.7636363636363637,0.8103896103896104,0.9141666666666667
12,20,39,7,7,0.8082191780821918,0.7942834138486312,0.8478260869565217,0.7407407407407407,0.8478260869565217,0.7407407407407407,0.8478260869565217,0.7407407407407407,0.7942834138486312,0.8534621578099839
13,16,45,8,4,0.8356164383561644,0.8245283018867925,0.8490566037735849,0.8,0.8823529411764706,0.8,0.8490566037735849,0.7272727272727273,0.8048128342245989,0.8716981132075471
14,28,33,7,5,0.8356164383561644,0.8367424242424242,0.825,0.8484848484848485,0.8461538461538461,0.8484848484848485,0.825,0.8235294117647058,0.8348416289592759,0.8787878787878788
15,14,46,9,4,0.821917808219178,0.807070707070707,0.8363636363636363,0.7777777777777778,0.8761904761904762,0.7777777777777778,0.8363636363636363,0.6829268292682927,0.7795586527293845,0.8888888888888888
16,21,37,10,5,0.7945205479452054,0.7974631751227497,0.7872340425531915,0.8076923076923077,0.8314606741573034,0.8076923076923077,0.7872340425531915,0.7368421052631579,0.7841513897102306,0.8731587561374795
17,20,38,10,5,0.7945205479452054,0.7958333333333334,0.7916666666666666,0.8,0.8351648351648352,0.8,0.7916666666666666,0.7272727272727273,0.7812187812187812,0.8991666666666667
18,21,35,7,10,0.7671232876712328,0.7553763440860215,0.8333333333333334,0.6774193548387096,0.8045977011494253,0.6774193548387096,0.8333333333333334,0.711864406779661,0.7582310539645432,0.84715821812596
19,16,40,9,8,0.7671232876712328,0.7414965986394557,0.8163265306122449,0.6666666666666666,0.8247422680412371,0.6666666666666666,0.8163265306122449,0.6530612244897959,0.7389017462655165,0.8180272108843537
20,13,40,9,11,0.726027397260274,0.6789965986394557,0.8163265306122449,0.5416666666666666,0.8,0.5416666666666666,0.8163265306122449,0.5652173913043478,0.682608695652174,0.7568027210884353
21,15,45,8,5,0.821917808219178,0.7995283018867925,0.8490566037735849,0.75,0.8737864077669902,0.75,0.8490566037735849,0.6976744186046512,0.7857304131858207,0.8377358490566038
22,13,40,13,7,0.726027397260274,0.7023584905660378,0.7547169811320755,0.65,0.8,0.65,0.7547169811320755,0.5652173913043478,0.682608695652174,0.780188679245283
23,18,31,15,9,0.6712328767123288,0.6702898550724637,0.6739130434782609,0.6666666666666666,0.7209302325581395,0.6666666666666666,0.6739130434782609,0.6,0.6604651162790698,0.7479871175523349
24,20,41,6,6,0.8356164383561644,0.820785597381342,0.8723404255319149,0.7692307692307693,0.8723404255319149,0.7692307692307693,0.8723404255319149,0.7692307692307693,0.820785597381342,0.886252045826514
25,13,44,8,8,0.7808219178082192,0.7326007326007327,0.8461538461538461,0.6190476190476191,0.8461538461538461,0.6190476190476191,0.8461538461538461,0.6190476190476191,0.7326007326007327,0.8086080586080586
26,18,43,8,4,0.8356164383561644,0.8306595365418895,0.8431372549019608,0.8181818181818182,0.8775510204081632,0.8181818181818182,0.8431372549019608,0.75,0.8137755102040816,0.8877005347593583
27,18,43,8,4,0.8356164383561644,0.8306595365418895,0.8431372549019608,0.8181818181818182,0.8775510204081632,0.8181818181818182,0.8431372549019608,0.75,0.8137755102040816,0.875222816399287
28,21,40,6,6,0.8356164383561644,0.8236714975845411,0.8695652173913043,0.7777777777777778,0.8695652173913043,0.7777777777777778,0.8695652173913043,0.7777777777777778,0.8236714975845411,0.8695652173913044
29,19,38,9,7,0.7808219178082192,0.7696399345335515,0.8085106382978723,0.7307692307692307,0.8260869565217391,0.7307692307692307,0.8085106382978723,0.7037037037037037,0.7648953301127215,0.8592471358428806
30,10,50,9,4,0.821917808219178,0.7808716707021792,0.847457627118644,0.7142857142857143,0.8849557522123894,0.7142857142857143,0.847457627118644,0.6060606060606061,0.7455081791364977,0.8317191283292978
31,17,39,9,8,0.7671232876712328,0.7462500000000001,0.8125,0.68,0.8210526315789474,0.68,0.8125,0.6666666666666666,0.743859649122807,0.865
32,19,38,5,11,0.7808219178082192,0.7585271317829457,0.8837209302325582,0.6333333333333333,0.8260869565217391,0.6333333333333333,0.8837209302325582,0.7037037037037037,0.7648953301127215,0.8085271317829458
33,22,34,9,8,0.7671232876712328,0.762015503875969,0.7906976744186046,0.7333333333333333,0.8,0.7333333333333333,0.7906976744186046,0.7213114754098361,0.7606557377049181,0.8209302325581395
34,12,50,5,6,0.8493150684931506,0.7878787878787878,0.9090909090909091,0.6666666666666666,0.9009009009009009,0.6666666666666666,0.9090909090909091,0.6857142857142857,0.7933075933075933,0.8323232323232324
35,22,42,7,2,0.8767123287671232,0.8869047619047619,0.8571428571428571,0.9166666666666666,0.9032258064516129,0.9166666666666666,0.8571428571428571,0.8301886792452831,0.8667072428484479,0.9591836734693878
36,22,39,4,8,0.8356164383561644,0.8201550387596899,0.9069767441860465,0.7333333333333333,0.8666666666666667,0.7333333333333333,0.9069767441860465,0.7857142857142857,0.8261904761904761,0.8682170542635659
37,17,36,11,9,0.726027397260274,0.7099018003273323,0.7659574468085106,0.6538461538461539,0.782608695652174,0.6538461538461539,0.7659574468085106,0.6296296296296297,0.7061191626409018,0.7995090016366612
38,19,43,6,5,0.8493150684931506,0.8346088435374149,0.8775510204081632,0.7916666666666666,0.8865979381443299,0.7916666666666666,0.8775510204081632,0.7755102040816326,0.8310540711129812,0.9124149659863945
39,20,36,10,7,0.7671232876712328,0.7616747181964574,0.782608695652174,0.7407407407407407,0.8089887640449438,0.7407407407407407,0.782608695652174,0.7017543859649122,0.755371575004928,0.8293075684380032
40,18,40,5,10,0.7945205479452054,0.7658730158730158,0.8888888888888888,0.6428571428571429,0.8421052631578947,0.6428571428571429,0.8888888888888888,0.7058823529411765,0.7739938080495357,0.8642857142857143
41,18,42,8,5,0.821917808219178,0.811304347826087,0.84,0.782608695652174,0.865979381443299,0.782608695652174,0.84,0.7346938775510204,0.8003366294971597,0.8756521739130435
42,19,40,8,6,0.8082191780821918,0.7966666666666666,0.8333333333333334,0.76,0.851063829787234,0.76,0.8333333333333334,0.7307692307692307,0.7909165302782324,0.8366666666666667
43,12,45,8,8,0.7808219178082192,0.7245283018867925,0.8490566037735849,0.6,0.8490566037735849,0.6,0.8490566037735849,0.6,0.7245283018867925,0.830188679245283
44,20,40,6,7,0.821917808219178,0.8051529790660226,0.8695652173913043,0.7407407407407407,0.8602150537634409,0.7407407407407407,0.8695652173913043,0.7547169811320755,0.8074660174477581,0.821256038647343
45,17,36,14,6,0.726027397260274,0.7295652173913043,0.72,0.7391304347826086,0.782608695652174,0.7391304347826086,0.72,0.6296296296296297,0.7061191626409018,0.8756521739130435
46,24,39,4,6,0.863013698630137,0.8534883720930233,0.9069767441860465,0.8,0.8863636363636364,0.8,0.9069767441860465,0.8275862068965517,0.856974921630094,0.9170542635658915
47,27,33,9,4,0.821917808219178,0.8283410138248848,0.7857142857142857,0.8709677419354839,0.8354430379746836,0.8709677419354839,0.7857142857142857,0.8059701492537313,0.8207065936142075,0.8993855606758832
48,24,32,11,6,0.7671232876712328,0.772093023255814,0.7441860465116279,0.8,0.7901234567901234,0.8,0.7441860465116279,0.7384615384615385,0.764292497625831,0.8666666666666667
49,24,38,7,4,0.8493150684931506,0.8507936507936508,0.8444444444444444,0.8571428571428571,0.8735632183908046,0.8571428571428571,0.8444444444444444,0.8135593220338984,0.8435612702123515,0.9349206349206349
50,17,36,8,12,0.726027397260274,0.7021943573667712,0.8181818181818182,0.5862068965517241,0.782608695652174,0.5862068965517241,0.8181818181818182,0.6296296296296297,0.7061191626409018,0.7656739811912225
51,17,41,9,6,0.7945205479452054,0.7795652173913044,0.82,0.7391304347826086,0.845360824742268,0.7391304347826086,0.82,0.6938775510204082,0.7696191878813381,0.8417391304347825
52,21,39,6,7,0.821917808219178,0.8083333333333333,0.8666666666666667,0.75,0.8571428571428571,0.75,0.8666666666666667,0.7636363636363637,0.8103896103896104,0.8841269841269842
53,24,30,8,11,0.7397260273972602,0.737593984962406,0.7894736842105263,0.6857142857142857,0.759493670886076,0.6857142857142857,0.7894736842105263,0.7164179104477612,0.7379557906669185,0.8872180451127819
54,12,40,9,12,0.7123287671232876,0.6581632653061225,0.8163265306122449,0.5,0.7920792079207921,0.5,0.8163265306122449,0.5333333333333333,0.6627062706270628,0.7159863945578231
55,17,37,9,10,0.7397260273972602,0.7169887278582932,0.8043478260869565,0.6296296296296297,0.7956989247311828,0.6296296296296297,0.8043478260869565,0.6415094339622641,0.7186041793467235,0.7302737520128825
56,18,38,6,11,0.7671232876712328,0.7421630094043887,0.8636363636363636,0.6206896551724138,0.8172043010752689,0.6206896551724138,0.8636363636363636,0.6792452830188679,0.7482247920470684,0.8150470219435737
57,20,32,12,9,0.7123287671232876,0.7084639498432602,0.7272727272727273,0.6896551724137931,0.7529411764705882,0.6896551724137931,0.7272727272727273,0.6557377049180327,0.7043394406943104,0.8510971786833856
58,24,35,11,3,0.8082191780821918,0.8248792270531401,0.7608695652173914,0.8888888888888888,0.8333333333333334,0.8888888888888888,0.7608695652173914,0.7741935483870968,0.803763440860215,0.9130434782608696
59,21,33,9,10,0.7397260273972602,0.7315668202764977,0.7857142857142857,0.6774193548387096,0.7764705882352941,0.6774193548387096,0.7857142857142857,0.6885245901639344,0.7324975891996143,0.8494623655913978
60,27,29,6,11,0.7671232876712328,0.7695488721804511,0.8285714285714286,0.7105263157894737,0.7733333333333333,0.7105263157894737,0.8285714285714286,0.7605633802816901,0.7669483568075117,0.8406015037593985
61,13,37,15,8,0.684931506849315,0.6652930402930404,0.7115384615384616,0.6190476190476191,0.7628865979381443,0.6190476190476191,0.7115384615384616,0.5306122448979592,0.6467494214180518,0.7673992673992674
62,20,37,13,3,0.7808219178082192,0.8047826086956522,0.74,0.8695652173913043,0.8222222222222222,0.8695652173913043,0.74,0.7142857142857143,0.7682539682539682,0.9199999999999999
63,16,45,5,7,0.8356164383561644,0.7978260869565217,0.9,0.6956521739130435,0.8823529411764706,0.6956521739130435,0.9,0.7272727272727273,0.8048128342245989,0.8852173913043478
64,19,38,11,5,0.7808219178082192,0.7835884353741496,0.7755102040816326,0.7916666666666666,0.8260869565217391,0.7916666666666666,0.7755102040816326,0.7037037037037037,0.7648953301127215,0.8120748299319727
65,15,44,5,9,0.8082191780821918,0.7614795918367347,0.8979591836734694,0.625,0.8627450980392157,0.625,0.8979591836734694,0.6818181818181818,0.7722816399286987,0.8273809523809524
66,20,33,14,6,0.726027397260274,0.7356792144026187,0.7021276595744681,0.7692307692307693,0.7674418604651163,0.7692307692307693,0.7021276595744681,0.6666666666666666,0.7170542635658914,0.8387888707037643
67,18,39,9,7,0.7808219178082192,0.76625,0.8125,0.72,0.8297872340425532,0.72,0.8125,0.6923076923076923,0.7610474631751227,0.8300000000000001
68,13,37,14,9,0.684931506849315,0.6581996434937611,0.7254901960784313,0.5909090909090909,0.7628865979381443,0.5909090909090909,0.7254901960784313,0.5306122448979592,0.6467494214180518,0.7281639928698751
69,20,41,11,1,0.8356164383561644,0.8704212454212454,0.7884615384615384,0.9523809523809523,0.8723404255319149,0.9523809523809523,0.7884615384615384,0.7692307692307693,0.820785597381342,0.966117216117216
70,19,36,11,7,0.7534246575342466,0.7483633387888706,0.7659574468085106,0.7307692307692307,0.8,0.7307692307692307,0.7659574468085106,0.6785714285714286,0.7392857142857143,0.839607201309329
71,16,39,11,7,0.7534246575342466,0.7378260869565217,0.78,0.6956521739130435,0.8125,0.6956521739130435,0.78,0.64,0.7262500000000001,0.8147826086956522
72,14,43,10,6,0.7808219178082192,0.7556603773584906,0.8113207547169812,0.7,0.8431372549019608,0.7,0.8113207547169812,0.6363636363636364,0.7397504456327986,0.8679245283018868
73,24,33,7,9,0.7808219178082192,0.7761363636363636,0.825,0.7272727272727273,0.8048780487804879,0.7272727272727273,0.825,0.75,0.7774390243902439,0.8053030303030304
74,15,34,11,13,0.6712328767123288,0.6456349206349206,0.7555555555555555,0.5357142857142857,0.7391304347826086,0.5357142857142857,0.7555555555555555,0.5555555555555556,0.6473429951690821,0.7047619047619048
75,26,28,10,9,0.7397260273972602,0.7398496240601504,0.7368421052631579,0.7428571428571429,0.7466666666666667,0.7428571428571429,0.7368421052631579,0.7323943661971831,0.7395305164319249,0.8443609022556391
76,22,30,12,9,0.7123287671232876,0.7119815668202765,0.7142857142857143,0.7096774193548387,0.7407407407407407,0.7096774193548387,0.7142857142857143,0.676923076923077,0.7088319088319088,0.8179723502304148
77,17,40,7,9,0.7808219178082192,0.752454991816694,0.851063829787234,0.6538461538461539,0.8333333333333334,0.6538461538461539,0.851063829787234,0.68,0.7566666666666667,0.8445171849427168
78,21,37,11,4,0.7945205479452054,0.8054166666666667,0.7708333333333334,0.84,0.8314606741573034,0.84,0.7708333333333334,0.7368421052631579,0.7841513897102306,0.8783333333333333
79,21,39,7,6,0.821917808219178,0.8128019323671498,0.8478260869565217,0.7777777777777778,0.8571428571428571,0.7777777777777778,0.8478260869565217,0.7636363636363637,0.8103896103896104,0.9122383252818035
80,17,39,13,4,0.7671232876712328,0.7797619047619048,0.75,0.8095238095238095,0.8210526315789474,0.8095238095238095,0.75,0.6666666666666666,0.743859649122807,0.8507326007326007
81,18,45,5,5,0.863013698630137,0.841304347826087,0.9,0.782608695652174,0.9,0.782608695652174,0.9,0.782608695652174,0.841304347826087,0.9008695652173913
82,18,39,6,10,0.7808219178082192,0.7547619047619047,0.8666666666666667,0.6428571428571429,0.8297872340425532,0.6428571428571429,0.8666666666666667,0.6923076923076923,0.7610474631751227,0.7587301587301588
83,27,31,12,3,0.7945205479452054,0.8104651162790697,0.7209302325581395,0.9,0.8051948051948052,0.9,0.7209302325581395,0.782608695652174,0.7939017504234895,0.9193798449612404
84,27,30,10,6,0.7808219178082192,0.7840909090909092,0.75,0.8181818181818182,0.7894736842105263,0.8181818181818182,0.75,0.7714285714285715,0.780451127819549,0.8916666666666665
85,22,36,13,2,0.7945205479452054,0.8256802721088435,0.7346938775510204,0.9166666666666666,0.8275862068965517,0.9166666666666666,0.7346938775510204,0.7457627118644068,0.7866744593804793,0.9141156462585034
86,21,34,10,8,0.7534246575342466,0.7484326018808778,0.7727272727272727,0.7241379310344828,0.7906976744186046,0.7241379310344828,0.7727272727272727,0.7,0.7453488372093022,0.8166144200626959
87,24,34,10,5,0.7945205479452054,0.8001567398119123,0.7727272727272727,0.8275862068965517,0.8192771084337349,0.8275862068965517,0.7727272727272727,0.7619047619047619,0.7905909351692484,0.9012539184952977
88,20,36,7,10,0.7671232876712328,0.751937984496124,0.8372093023255814,0.6666666666666666,0.8089887640449438,0.6666666666666666,0.8372093023255814,0.7017543859649122,0.755371575004928,0.8224806201550388
89,20,42,6,5,0.8493150684931506,0.8375,0.875,0.8,0.8842105263157894,0.8,0.875,0.7843137254901961,0.8342621259029928,0.8975
90,25,34,7,7,0.8082191780821918,0.8052591463414633,0.8292682926829268,0.78125,0.8292682926829268,0.78125,0.8292682926829268,0.78125,0.8052591463414633,0.865091463414634
91,22,35,11,5,0.7808219178082192,0.787842190016103,0.7608695652173914,0.8148148148148148,0.813953488372093,0.8148148148148148,0.7608695652173914,0.7333333333333333,0.7736434108527132,0.8872785829307568
92,23,36,10,4,0.8082191780821918,0.817230273752013,0.782608695652174,0.8518518518518519,0.8372093023255814,0.8518518518518519,0.782608695652174,0.7666666666666667,0.8019379844961241,0.9017713365539451
93,14,45,8,6,0.8082191780821918,0.7745283018867924,0.8490566037735849,0.7,0.8653846153846154,0.7,0.8490566037735849,0.6666666666666666,0.766025641025641,0.8047169811320755
94,21,39,6,7,0.821917808219178,0.8083333333333333,0.8666666666666667,0.75,0.8571428571428571,0.75,0.8666666666666667,0.7636363636363637,0.8103896103896104,0.9182539682539682
95,17,38,10,8,0.7534246575342466,0.7358333333333333,0.7916666666666666,0.68,0.8085106382978723,0.68,0.7916666666666666,0.6538461538461539,0.7311783960720131,0.7591666666666667
96,15,40,11,7,0.7534246575342466,0.7330659536541889,0.7843137254901961,0.6818181818181818,0.8163265306122449,0.6818181818181818,0.7843137254901961,0.625,0.7206632653061225,0.7557932263814616
97,16,40,9,8,0.7671232876712328,0.7414965986394557,0.8163265306122449,0.6666666666666666,0.8247422680412371,0.6666666666666666,0.8163265306122449,0.6530612244897959,0.7389017462655165,0.7644557823129251
98,20,43,9,1,0.863013698630137,0.8896520146520146,0.8269230769230769,0.9523809523809523,0.8958333333333334,0.9523809523809523,0.8269230769230769,0.8,0.8479166666666667,0.9542124542124542
99,14,44,7,8,0.7945205479452054,0.749554367201426,0.8627450980392157,0.6363636363636364,0.8543689320388349,0.6363636363636364,0.8627450980392157,0.6511627906976745,0.7527658613682546,0.8449197860962567
100,20,36,10,7,0.7671232876712328,0.7616747181964574,0.782608695652174,0.7407407407407407,0.8089887640449438,0.7407407407407407,0.782608695652174,0.7017543859649122,0.755371575004928,0.825281803542673
101,14,33,17,9,0.6438356164383562,0.6343478260869566,0.66,0.6086956521739131,0.717391304347826,0.6086956521739131,0.66,0.5185185185185185,0.6179549114331723,0.7460869565217391
102,25,32,11,5,0.7808219178082192,0.7887596899224807,0.7441860465116279,0.8333333333333334,0.8,0.8333333333333334,0.7441860465116279,0.7575757575757576,0.7787878787878788,0.9000000000000001
103,23,37,10,3,0.821917808219178,0.835924713584288,0.7872340425531915,0.8846153846153846,0.8505747126436781,0.8846153846153846,0.7872340425531915,0.7796610169491526,0.8151178647964153,0.9263502454991817
104,22,32,12,7,0.7397260273972602,0.7429467084639498,0.7272727272727273,0.7586206896551724,0.7710843373493976,0.7586206896551724,0.7272727272727273,0.6984126984126984,0.734748517881048,0.8463949843260188
105,13,43,10,7,0.7671232876712328,0.7306603773584905,0.8113207547169812,0.65,0.8349514563106796,0.65,0.8113207547169812,0.6046511627906976,0.7198013095506886,0.7858490566037735
106,22,31,10,10,0.726027397260274,0.7217987804878049,0.7560975609756098,0.6875,0.7560975609756098,0.6875,0.7560975609756098,0.6875,0.7217987804878049,0.836890243902439
107,12,39,11,11,0.6986301369863014,0.6508695652173913,0.78,0.5217391304347826,0.78,0.5217391304347826,0.78,0.5217391304347826,0.6508695652173913,0.7643478260869565
108,21,35,9,8,0.7671232876712328,0.759796238244514,0.7954545454545454,0.7241379310344828,0.8045977011494253,0.7241379310344828,0.7954545454545454,0.711864406779661,0.7582310539645432,0.792319749216301
109,21,39,10,3,0.821917808219178,0.8354591836734694,0.7959183673469388,0.875,0.8571428571428571,0.875,0.7959183673469388,0.7636363636363637,0.8103896103896104,0.9430272108843537
110,27,35,4,7,0.8493150684931506,0.8457767722473605,0.8974358974358975,0.7941176470588235,0.8641975308641975,0.7941176470588235,0.8974358974358975,0.8307692307692308,0.8474833808167141,0.8800904977375565
111,19,41,9,4,0.821917808219178,0.8230434782608695,0.82,0.8260869565217391,0.8631578947368421,0.8260869565217391,0.82,0.7450980392156863,0.8041279669762642,0.8652173913043477
112,26,34,8,5,0.821917808219178,0.8241167434715821,0.8095238095238095,0.8387096774193549,0.8395061728395061,0.8387096774193549,0.8095238095238095,0.8,0.8197530864197531,0.8986175115207373
113,22,36,8,7,0.7945205479452054,0.7884012539184952,0.8181818181818182,0.7586206896551724,0.8275862068965517,0.7586206896551724,0.8181818181818182,0.7457627118644068,0.7866744593804793,0.8753918495297807
114,19,38,10,6,0.7808219178082192,0.7758333333333334,0.7916666666666666,0.76,0.8260869565217391,0.76,0.7916666666666666,0.7037037037037037,0.7648953301127215,0.8791666666666667
115,18,30,9,16,0.6575342465753424,0.6493212669683258,0.7692307692307693,0.5294117647058824,0.7058823529411765,0.5294117647058824,0.7692307692307693,0.5901639344262295,0.648023143683703,0.6945701357466063
116,11,40,12,10,0.6986301369863014,0.6465201465201466,0.7692307692307693,0.5238095238095238,0.7843137254901961,0.5238095238095238,0.7692307692307693,0.5,0.642156862745098,0.6620879120879121
117,24,30,10,9,0.7397260273972602,0.7386363636363636,0.75,0.7272727272727273,0.759493670886076,0.7272727272727273,0.75,0.7164179104477612,0.7379557906669185,0.8484848484848484
118,24,34,9,6,0.7945205479452054,0.7953488372093023,0.7906976744186046,0.8,0.8192771084337349,0.8,0.7906976744186046,0.7619047619047619,0.7905909351692484,0.8596899224806202
119,16,42,8,7,0.7945205479452054,0.7678260869565217,0.84,0.6956521739130435,0.8484848484848485,0.6956521739130435,0.84,0.6808510638297872,0.7646679561573179,0.8947826086956523
120,18,36,7,12,0.7397260273972602,0.7186046511627907,0.8372093023255814,0.6,0.7912087912087912,0.6,0.8372093023255814,0.6545454545454545,0.7228771228771229,0.7751937984496124
121,16,42,8,7,0.7945205479452054,0.7678260869565217,0.84,0.6956521739130435,0.8484848484848485,0.6956521739130435,0.84,0.6808510638297872,0.7646679561573179,0.8017391304347825
122,22,35,4,12,0.7808219178082192,0.7722473604826546,0.8974358974358975,0.6470588235294118,0.813953488372093,0.6470588235294118,0.8974358974358975,0.7333333333333333,0.7736434108527132,0.8310708898944194
123,17,33,14,9,0.684931506849315,0.677986906710311,0.7021276595744681,0.6538461538461539,0.7415730337078652,0.6538461538461539,0.7021276595744681,0.5964912280701754,0.6690321308890204,0.7855973813420621
124,14,41,12,6,0.7534246575342466,0.7367924528301887,0.7735849056603774,0.7,0.82,0.7,0.7735849056603774,0.6086956521739131,0.7143478260869565,0.8179245283018868
125,20,39,10,4,0.8082191780821918,0.814625850340136,0.7959183673469388,0.8333333333333334,0.8478260869565217,0.8333333333333334,0.7959183673469388,0.7407407407407407,0.7942834138486312,0.9013605442176871
126,14,44,7,8,0.7945205479452054,0.749554367201426,0.8627450980392157,0.6363636363636364,0.8543689320388349,0.6363636363636364,0.8627450980392157,0.6511627906976745,0.7527658613682546,0.7959001782531194
127,30,31,6,6,0.8356164383561644,0.8355855855855856,0.8378378378378378,0.8333333333333334,0.8378378378378378,0.8333333333333334,0.8378378378378378,0.8333333333333334,0.8355855855855856,0.9091591591591591
128,29,31,6,7,0.821917808219178,0.8216966966966968,0.8378378378378378,0.8055555555555556,0.8266666666666667,0.8055555555555556,0.8378378378378378,0.8169014084507042,0.8217840375586855,0.8836336336336337
129,18,35,10,10,0.726027397260274,0.7103174603174603,0.7777777777777778,0.6428571428571429,0.7777777777777778,0.6428571428571429,0.7777777777777778,0.6428571428571429,0.7103174603174603,0.7865079365079366
130,13,36,10,14,0.6712328767123288,0.6320450885668277,0.782608695652174,0.48148148148148145,0.75,0.48148148148148145,0.782608695652174,0.52,0.635,0.7342995169082125
131,24,35,10,4,0.8082191780821918,0.8174603174603174,0.7777777777777778,0.8571428571428571,0.8333333333333334,0.8571428571428571,0.7777777777777778,0.7741935483870968,0.803763440860215,0.9150793650793652
132,20,38,10,5,0.7945205479452054,0.7958333333333334,0.7916666666666666,0.8,0.8351648351648352,0.8,0.7916666666666666,0.7272727272727273,0.7812187812187812,0.8808333333333334
133,16,42,7,8,0.7945205479452054,0.7619047619047619,0.8571428571428571,0.6666666666666666,0.8484848484848485,0.6666666666666666,0.8571428571428571,0.6808510638297872,0.7646679561573179,0.8401360544217688
134,21,38,9,5,0.8082191780821918,0.8081014729950899,0.8085106382978723,0.8076923076923077,0.8444444444444444,0.8076923076923077,0.8085106382978723,0.75,0.7972222222222223,0.8486088379705402
135,24,39,8,2,0.863013698630137,0.8764320785597381,0.8297872340425532,0.9230769230769231,0.8863636363636364,0.9230769230769231,0.8297872340425532,0.8275862068965517,0.856974921630094,0.9451718494271686
136,16,44,7,6,0.821917808219178,0.7950089126559715,0.8627450980392157,0.7272727272727273,0.8712871287128713,0.7272727272727273,0.8627450980392157,0.7111111111111111,0.7911991199119912,0.8903743315508021
137,16,37,10,10,0.726027397260274,0.7013093289689034,0.7872340425531915,0.6153846153846154,0.7872340425531915,0.6153846153846154,0.7872340425531915,0.6153846153846154,0.7013093289689034,0.7855973813420623
138,16,37,14,6,0.726027397260274,0.7263814616755793,0.7254901960784313,0.7272727272727273,0.7872340425531915,0.7272727272727273,0.7254901960784313,0.6153846153846154,0.7013093289689034,0.837789661319073
139,17,43,9,4,0.821917808219178,0.8182234432234432,0.8269230769230769,0.8095238095238095,0.8686868686868687,0.8095238095238095,0.8269230769230769,0.723404255319149,0.7960455620030089,0.902014652014652
140,13,41,7,12,0.7397260273972602,0.6870833333333333,0.8541666666666666,0.52,0.8118811881188119,0.52,0.8541666666666666,0.5777777777777777,0.6948294829482948,0.7500000000000001
141,21,35,11,6,0.7671232876712328,0.7693236714975846,0.7608695652173914,0.7777777777777778,0.8045977011494253,0.7777777777777778,0.7608695652173914,0.711864406779661,0.7582310539645432,0.821256038647343
142,19,38,6,10,0.7808219178082192,0.7594043887147335,0.8636363636363636,0.6551724137931034,0.8260869565217391,0.6551724137931034,0.8636363636363636,0.7037037037037037,0.7648953301127215,0.8158307210031348
143,20,37,8,8,0.7808219178082192,0.7682539682539682,0.8222222222222222,0.7142857142857143,0.8222222222222222,0.7142857142857143,0.8222222222222222,0.7142857142857143,0.7682539682539682,0.8579365079365079
144,20,39,9,5,0.8082191780821918,0.80625,0.8125,0.8,0.8478260869565217,0.8,0.8125,0.7407407407407407,0.7942834138486312,0.9166666666666666
145,11,47,7,8,0.7945205479452054,0.7246588693957114,0.8703703703703703,0.5789473684210527,0.8623853211009175,0.5789473684210527,0.8703703703703703,0.5945945945945946,0.728489957847756,0.8157894736842105
146,20,38,6,9,0.7945205479452054,0.7766457680250785,0.8636363636363636,0.6896551724137931,0.8351648351648352,0.6896551724137931,0.8636363636363636,0.7272727272727273,0.7812187812187812,0.889498432601881
147,24,32,9,8,0.7671232876712328,0.7652439024390244,0.7804878048780488,0.75,0.7901234567901234,0.75,0.7804878048780488,0.7384615384615385,0.764292497625831,0.8513719512195121
148,18,36,7,12,0.7397260273972602,0.7186046511627907,0.8372093023255814,0.6,0.7912087912087912,0.6,0.8372093023255814,0.6545454545454545,0.7228771228771229,0.8488372093023255
149,16,38,9,10,0.7397260273972602,0.7119476268412439,0.8085106382978723,0.6153846153846154,0.8,0.6153846153846154,0.8085106382978723,0.6274509803921569,0.7137254901960784,0.7774140752864157
150,22,34,10,7,0.7671232876712328,0.7656739811912225,0.7727272727272727,0.7586206896551724,0.8,0.7586206896551724,0.7727272727272727,0.7213114754098361,0.7606557377049181,0.8785266457680251
151,16,42,8,7,0.7945205479452054,0.7678260869565217,0.84,0.6956521739130435,0.8484848484848485,0.6956521739130435,0.84,0.6808510638297872,0.7646679561573179,0.8565217391304348
152,13,47,8,5,0.821917808219178,0.7883838383838384,0.8545454545454545,0.7222222222222222,0.8785046728971962,0.7222222222222222,0.8545454545454545,0.6666666666666666,0.7725856697819314,0.8131313131313131
153,24,28,15,6,0.7123287671232876,0.7255813953488373,0.6511627906976745,0.8,0.7272727272727273,0.8,0.6511627906976745,0.6956521739130435,0.7114624505928854,0.851937984496124
154,20,39,10,4,0.8082191780821918,0.814625850340136,0.7959183673469388,0.8333333333333334,0.8478260869565217,0.8333333333333334,0.7959183673469388,0.7407407407407407,0.7942834138486312,0.8715986394557823
155,25,36,5,7,0.8356164383561644,0.8296493902439024,0.8780487804878049,0.78125,0.8571428571428571,0.78125,0.8780487804878049,0.8064516129032258,0.8317972350230414,0.9024390243902438
156,14,40,9,10,0.7397260273972602,0.6998299319727892,0.8163265306122449,0.5833333333333334,0.8080808080808081,0.5833333333333334,0.8163265306122449,0.5957446808510638,0.7019127444659359,0.7551020408163265
157,13,40,10,10,0.726027397260274,0.682608695652174,0.8,0.5652173913043478,0.8,0.5652173913043478,0.8,0.5652173913043478,0.682608695652174,0.7904347826086957
158,20,36,12,5,0.7671232876712328,0.775,0.75,0.8,0.8089887640449438,0.8,0.75,0.7017543859649122,0.755371575004928,0.8325
159,18,33,10,12,0.6986301369863014,0.6837209302325582,0.7674418604651163,0.6,0.75,0.6,0.7674418604651163,0.6206896551724138,0.6853448275862069,0.7736434108527133
160,26,33,7,7,0.8082191780821918,0.8064393939393939,0.825,0.7878787878787878,0.825,0.7878787878787878,0.825,0.7878787878787878,0.8064393939393939,0.8462121212121211
161,16,39,14,4,0.7534246575342466,0.7679245283018867,0.7358490566037735,0.8,0.8125,0.8,0.7358490566037735,0.64,0.7262500000000001,0.8528301886792453
162,21,39,5,8,0.821917808219178,0.8052507836990596,0.8863636363636364,0.7241379310344828,0.8571428571428571,0.7241379310344828,0.8863636363636364,0.7636363636363637,0.8103896103896104,0.8448275862068966
163,11,51,10,1,0.8493150684931506,0.8763661202185793,0.8360655737704918,0.9166666666666666,0.9026548672566371,0.9166666666666666,0.8360655737704918,0.6666666666666666,0.7846607669616519,0.9494535519125682
164,16,40,9,8,0.7671232876712328,0.7414965986394557,0.8163265306122449,0.6666666666666666,0.8247422680412371,0.6666666666666666,0.8163265306122449,0.6530612244897959,0.7389017462655165,0.8137755102040817
165,22,36,7,8,0.7945205479452054,0.7852713178294574,0.8372093023255814,0.7333333333333333,0.8275862068965517,0.7333333333333333,0.8372093023255814,0.7457627118644068,0.7866744593804793,0.8875968992248061
166,18,39,11,5,0.7808219178082192,0.781304347826087,0.78,0.782608695652174,0.8297872340425532,0.782608695652174,0.78,0.6923076923076923,0.7610474631751227,0.8347826086956522
167,18,37,9,9,0.7534246575342466,0.7355072463768115,0.8043478260869565,0.6666666666666666,0.8043478260869565,0.6666666666666666,0.8043478260869565,0.6666666666666666,0.7355072463768115,0.8083735909822867
168,19,36,8,10,0.7534246575342466,0.7366771159874608,0.8181818181818182,0.6551724137931034,0.8,0.6551724137931034,0.8181818181818182,0.6785714285714286,0.7392857142857143,0.8119122257053291
169,19,36,8,10,0.7534246575342466,0.7366771159874608,0.8181818181818182,0.6551724137931034,0.8,0.6551724137931034,0.8181818181818182,0.6785714285714286,0.7392857142857143,0.8432601880877743
170,12,46,9,6,0.7945205479452054,0.7515151515151515,0.8363636363636363,0.6666666666666666,0.8598130841121495,0.6666666666666666,0.8363636363636363,0.6153846153846154,0.7375988497483825,0.7707070707070707
171,18,33,12,10,0.6986301369863014,0.6880952380952381,0.7333333333333333,0.6428571428571429,0.75,0.6428571428571429,0.7333333333333333,0.6206896551724138,0.6853448275862069,0.7666666666666667
172,19,41,8,5,0.821917808219178,0.8142006802721089,0.8367346938775511,0.7916666666666666,0.8631578947368421,0.7916666666666666,0.8367346938775511,0.7450980392156863,0.8041279669762642,0.8426870748299319
173,19,40,11,3,0.8082191780821918,0.8239750445632799,0.7843137254901961,0.8636363636363636,0.851063829787234,0.8636363636363636,0.7843137254901961,0.7307692307692307,0.7909165302782324,0.8787878787878787
174,23,38,9,3,0.8356164383561644,0.8465630114566285,0.8085106382978723,0.8846153846153846,0.8636363636363636,0.8846153846153846,0.8085106382978723,0.7931034482758621,0.8283699059561129,0.9214402618657938
175,21,36,10,6,0.7808219178082192,0.7801932367149759,0.782608695652174,0.7777777777777778,0.8181818181818182,0.7777777777777778,0.782608695652174,0.7241379310344828,0.7711598746081505,0.8993558776167472
176,20,34,11,8,0.7397260273972602,0.734920634920635,0.7555555555555555,0.7142857142857143,0.7816091954022989,0.7142857142857143,0.7555555555555555,0.6779661016949152,0.729787648548607,0.7944444444444444
177,15,41,10,7,0.7671232876712328,0.7428698752228164,0.803921568627451,0.6818181818181818,0.8282828282828283,0.6818181818181818,0.803921568627451,0.6382978723404256,0.7332903503116269,0.803921568627451
178,18,38,7,10,0.7671232876712328,0.7436507936507937,0.8444444444444444,0.6428571428571429,0.8172043010752689,0.6428571428571429,0.8444444444444444,0.6792452830188679,0.7482247920470684,0.7888888888888889
179,20,39,11,3,0.8082191780821918,0.8247826086956522,0.78,0.8695652173913043,0.8478260869565217,0.8695652173913043,0.78,0.7407407407407407,0.7942834138486312,0.9008695652173913
180,13,38,11,11,0.6986301369863014,0.6585884353741496,0.7755102040816326,0.5416666666666666,0.7755102040816326,0.5416666666666666,0.7755102040816326,0.5416666666666666,0.6585884353741496,0.7806122448979592
181,19,36,11,7,0.7534246575342466,0.7483633387888706,0.7659574468085106,0.7307692307692307,0.8,0.7307692307692307,0.7659574468085106,0.6785714285714286,0.7392857142857143,0.7864157119476268
182,21,40,9,3,0.8356164383561644,0.8456632653061225,0.8163265306122449,0.875,0.8695652173913043,0.875,0.8163265306122449,0.7777777777777778,0.8236714975845411,0.9209183673469387
183,18,42,8,5,0.821917808219178,0.811304347826087,0.84,0.782608695652174,0.865979381443299,0.782608695652174,0.84,0.7346938775510204,0.8003366294971597,0.8486956521739131
184,19,37,11,6,0.7671232876712328,0.7654166666666666,0.7708333333333334,0.76,0.8131868131868132,0.76,0.7708333333333334,0.6909090909090909,0.752047952047952,0.8291666666666666
185,19,36,11,7,0.7534246575342466,0.7483633387888706,0.7659574468085106,0.7307692307692307,0.8,0.7307692307692307,0.7659574468085106,0.6785714285714286,0.7392857142857143,0.8551554828150573
186,18,38,12,5,0.7671232876712328,0.771304347826087,0.76,0.782608695652174,0.8172043010752689,0.782608695652174,0.76,0.6792452830188679,0.7482247920470684,0.8756521739130435
187,18,42,7,6,0.821917808219178,0.8035714285714286,0.8571428571428571,0.75,0.865979381443299,0.75,0.8571428571428571,0.7346938775510204,0.8003366294971597,0.891156462585034
188,24,32,9,8,0.7671232876712328,0.7652439024390244,0.7804878048780488,0.75,0.7901234567901234,0.75,0.7804878048780488,0.7384615384615385,0.764292497625831,0.8582317073170732
189,18,39,13,3,0.7808219178082192,0.8035714285714286,0.75,0.8571428571428571,0.8297872340425532,0.8571428571428571,0.75,0.6923076923076923,0.7610474631751227,0.9239926739926739
190,15,38,14,6,0.726027397260274,0.7225274725274725,0.7307692307692307,0.7142857142857143,0.7916666666666666,0.7142857142857143,0.7307692307692307,0.6,0.6958333333333333,0.7417582417582418
191,25,38,4,6,0.863013698630137,0.8556067588325653,0.9047619047619048,0.8064516129032258,0.8837209302325582,0.8064516129032258,0.9047619047619048,0.8333333333333334,0.8585271317829457,0.923963133640553
192,20,37,7,9,0.7808219178082192,0.765282131661442,0.8409090909090909,0.6896551724137931,0.8222222222222222,0.6896551724137931,0.8409090909090909,0.7142857142857143,0.7682539682539682,0.8362068965517243
193,21,34,12,6,0.7534246575342466,0.7584541062801933,0.7391304347826086,0.7777777777777778,0.7906976744186046,0.7777777777777778,0.7391304347826086,0.7,0.7453488372093022,0.894524959742351
194,20,39,9,5,0.8082191780821918,0.80625,0.8125,0.8,0.8478260869565217,0.8,0.8125,0.7407407407407407,0.7942834138486312,0.865
195,22,33,10,8,0.7534246575342466,0.7503875968992249,0.7674418604651163,0.7333333333333333,0.7857142857142857,0.7333333333333333,0.7674418604651163,0.7096774193548387,0.7476958525345623,0.8372093023255814
196,19,31,10,13,0.684931506849315,0.6749237804878049,0.7560975609756098,0.59375,0.7294117647058823,0.59375,0.7560975609756098,0.6229508196721312,0.6761812921890067,0.7088414634146342
197,18,40,6,9,0.7945205479452054,0.7681159420289855,0.8695652173913043,0.6666666666666666,0.8421052631578947,0.6666666666666666,0.8695652173913043,0.7058823529411765,0.7739938080495357,0.8115942028985507
198,17,44,7,5,0.8356164383561644,0.8177361853832442,0.8627450980392157,0.7727272727272727,0.88,0.7727272727272727,0.8627450980392157,0.7391304347826086,0.8095652173913044,0.9019607843137255
199,19,38,8,8,0.7808219178082192,0.7648953301127215,0.8260869565217391,0.7037037037037037,0.8260869565217391,0.7037037037037037,0.8260869565217391,0.7037037037037037,0.7648953301127215,0.8413848631239935
200,21,37,9,6,0.7945205479452054,0.7910628019323671,0.8043478260869565,0.7777777777777778,0.8314606741573034,0.7777777777777778,0.8043478260869565,0.7368421052631579,0.7841513897102306,0.822061191626409
201,22,31,14,6,0.726027397260274,0.7373015873015873,0.6888888888888889,0.7857142857142857,0.7560975609756098,0.7857142857142857,0.6888888888888889,0.6875,0.7217987804878049,0.8174603174603176
202,22,28,16,7,0.684931506849315,0.6974921630094044,0.6363636363636364,0.7586206896551724,0.7088607594936709,0.7586206896551724,0.6363636363636364,0.6567164179104478,0.6827885887020593,0.7978056426332288
203,20,35,11,7,0.7534246575342466,0.750805152979066,0.7608695652173914,0.7407407407407407,0.7954545454545454,0.7407407407407407,0.7608695652173914,0.6896551724137931,0.7425548589341693,0.8381642512077294
204,19,41,9,4,0.821917808219178,0.8230434782608695,0.82,0.8260869565217391,0.8631578947368421,0.8260869565217391,0.82,0.7450980392156863,0.8041279669762642,0.8956521739130435
205,18,35,11,9,0.726027397260274,0.713768115942029,0.7608695652173914,0.6666666666666666,0.7777777777777778,0.6666666666666666,0.7608695652173914,0.6428571428571429,0.7103174603174603,0.8623188405797102
206,20,34,8,11,0.7397260273972602,0.7273425499231951,0.8095238095238095,0.6451612903225806,0.7816091954022989,0.6451612903225806,0.8095238095238095,0.6779661016949152,0.729787648548607,0.7795698924731183
207,24,30,11,8,0.7397260273972602,0.7408536585365854,0.7317073170731707,0.75,0.759493670886076,0.75,0.7317073170731707,0.7164179104477612,0.7379557906669185,0.8620426829268293
208,18,42,8,5,0.821917808219178,0.811304347826087,0.84,0.782608695652174,0.865979381443299,0.782608695652174,0.84,0.7346938775510204,0.8003366294971597,0.8869565217391304
209,18,41,5,9,0.8082191780821918,0.7789855072463767,0.8913043478260869,0.6666666666666666,0.8541666666666666,0.6666666666666666,0.8913043478260869,0.72,0.7870833333333334,0.8164251207729468
210,23,35,9,6,0.7945205479452054,0.7942789968652038,0.7954545454545454,0.7931034482758621,0.8235294117647058,0.7931034482758621,0.7954545454545454,0.7540983606557377,0.7888138862102217,0.8738244514106583
211,18,40,9,6,0.7945205479452054,0.7831632653061225,0.8163265306122449,0.75,0.8421052631578947,0.75,0.8163265306122449,0.7058823529411765,0.7739938080495357,0.8843537414965987
212,21,36,11,5,0.7808219178082192,0.7868248772504092,0.7659574468085106,0.8076923076923077,0.8181818181818182,0.8076923076923077,0.7659574468085106,0.7241379310344828,0.7711598746081505,0.8797054009819968
213,14,37,11,11,0.6986301369863014,0.6654166666666668,0.7708333333333334,0.56,0.7708333333333334,0.56,0.7708333333333334,0.56,0.6654166666666668,0.775
214,19,38,7,9,0.7808219178082192,0.7615079365079365,0.8444444444444444,0.6785714285714286,0.8260869565217391,0.6785714285714286,0.8444444444444444,0.7037037037037037,0.7648953301127215,0.8166666666666667
215,19,40,5,9,0.8082191780821918,0.7837301587301587,0.8888888888888888,0.6785714285714286,0.851063829787234,0.6785714285714286,0.8888888888888888,0.7307692307692307,0.7909165302782324,0.8738095238095238
216,19,38,9,7,0.7808219178082192,0.7696399345335515,0.8085106382978723,0.7307692307692307,0.8260869565217391,0.7307692307692307,0.8085106382978723,0.7037037037037037,0.7648953301127215,0.8199672667757774
217,17,35,13,8,0.7123287671232876,0.7045833333333333,0.7291666666666666,0.68,0.7692307692307693,0.68,0.7291666666666666,0.6181818181818182,0.6937062937062937,0.7224999999999999
218,21,37,9,6,0.7945205479452054,0.7910628019323671,0.8043478260869565,0.7777777777777778,0.8314606741573034,0.7777777777777778,0.8043478260869565,0.7368421052631579,0.7841513897102306,0.8808373590982287
219,19,38,10,6,0.7808219178082192,0.7758333333333334,0.7916666666666666,0.76,0.8260869565217391,0.76,0.7916666666666666,0.7037037037037037,0.7648953301127215,0.84
220,18,40,9,6,0.7945205479452054,0.7831632653061225,0.8163265306122449,0.75,0.8421052631578947,0.75,0.8163265306122449,0.7058823529411765,0.7739938080495357,0.8027210884353742
221,18,40,4,11,0.7945205479452054,0.7648902821316614,0.9090909090909091,0.6206896551724138,0.8421052631578947,0.6206896551724138,0.9090909090909091,0.7058823529411765,0.7739938080495357,0.7742946708463949
222,9,45,13,6,0.7397260273972602,0.6879310344827586,0.7758620689655172,0.6,0.8256880733944955,0.6,0.7758620689655172,0.4864864864864865,0.656087279940491,0.7620689655172413
223,23,32,12,6,0.7534246575342466,0.7601880877742947,0.7272727272727273,0.7931034482758621,0.7804878048780488,0.7931034482758621,0.7272727272727273,0.71875,0.7496189024390244,0.8730407523510972
224,22,38,7,6,0.821917808219178,0.8150793650793651,0.8444444444444444,0.7857142857142857,0.8539325842696629,0.7857142857142857,0.8444444444444444,0.7719298245614035,0.8129312044155332,0.8761904761904762
225,21,31,14,7,0.7123287671232876,0.7194444444444444,0.6888888888888889,0.75,0.7469879518072289,0.75,0.6888888888888889,0.6666666666666666,0.7068273092369477,0.8357142857142857
226,24,35,6,8,0.8082191780821918,0.8018292682926829,0.8536585365853658,0.75,0.8333333333333334,0.75,0.8536585365853658,0.7741935483870968,0.803763440860215,0.8391768292682926
227,21,37,7,8,0.7945205479452054,0.7825235109717869,0.8409090909090909,0.7241379310344828,0.8314606741573034,0.7241379310344828,0.8409090909090909,0.7368421052631579,0.7841513897102306,0.8158307210031348
228,16,41,6,10,0.7808219178082192,0.7438625204582652,0.8723404255319149,0.6153846153846154,0.8367346938775511,0.6153846153846154,0.8723404255319149,0.6666666666666666,0.7517006802721089,0.8134206219312603
229,19,38,9,7,0.7808219178082192,0.7696399345335515,0.8085106382978723,0.7307692307692307,0.8260869565217391,0.7307692307692307,0.8085106382978723,0.7037037037037037,0.7648953301127215,0.8862520458265138
230,18,37,11,7,0.7534246575342466,0.7454166666666666,0.7708333333333334,0.72,0.8043478260869565,0.72,0.7708333333333334,0.6666666666666666,0.7355072463768115,0.8333333333333334
231,29,29,10,5,0.7945205479452054,0.798265460030166,0.7435897435897436,0.8529411764705882,0.7945205479452054,0.8529411764705882,0.7435897435897436,0.7945205479452054,0.7945205479452054,0.8785822021116139
232,24,36,8,5,0.821917808219178,0.822884012539185,0.8181818181818182,0.8275862068965517,0.8470588235294118,0.8275862068965517,0.8181818181818182,0.7868852459016393,0.8169720347155256,0.9106583072100314
233,21,32,9,11,0.726027397260274,0.7183689024390244,0.7804878048780488,0.65625,0.7619047619047619,0.65625,0.7804878048780488,0.6774193548387096,0.7196620583717357,0.8033536585365854
234,13,42,10,8,0.7534246575342466,0.7133699633699634,0.8076923076923077,0.6190476190476191,0.8235294117647058,0.6190476190476191,0.8076923076923077,0.5909090909090909,0.7072192513368984,0.8086080586080586
235,22,33,7,11,0.7534246575342466,0.7458333333333333,0.825,0.6666666666666666,0.7857142857142857,0.6666666666666666,0.825,0.7096774193548387,0.7476958525345623,0.8325757575757575
236,19,40,10,4,0.8082191780821918,0.8130434782608695,0.8,0.8260869565217391,0.851063829787234,0.8260869565217391,0.8,0.7307692307692307,0.7909165302782324,0.8643478260869566
237,18,38,11,6,0.7671232876712328,0.7627551020408163,0.7755102040816326,0.75,0.8172043010752689,0.75,0.7755102040816326,0.6792452830188679,0.7482247920470684,0.8741496598639455
238,19,37,9,8,0.7671232876712328,0.7540257648953301,0.8043478260869565,0.7037037037037037,0.8131868131868132,0.7037037037037037,0.8043478260869565,0.6909090909090909,0.752047952047952,0.8381642512077293
239,18,39,10,6,0.7808219178082192,0.7729591836734694,0.7959183673469388,0.75,0.8297872340425532,0.75,0.7959183673469388,0.6923076923076923,0.7610474631751227,0.8537414965986395
240,20,38,8,7,0.7945205479452054,0.7834138486312399,0.8260869565217391,0.7407407407407407,0.8351648351648352,0.7407407407407407,0.8260869565217391,0.7272727272727273,0.7812187812187812,0.8373590982286634
241,24,42,6,1,0.9041095890410958,0.9175,0.875,0.96,0.9230769230769231,0.96,0.875,0.8727272727272727,0.897902097902098,0.9708333333333333
242,14,46,7,6,0.821917808219178,0.7839622641509434,0.8679245283018868,0.7,0.8761904761904762,0.7,0.8679245283018868,0.6829268292682927,0.7795586527293845,0.85
243,27,31,7,8,0.7945205479452054,0.793609022556391,0.8157894736842105,0.7714285714285715,0.8051948051948052,0.7714285714285715,0.8157894736842105,0.782608695652174,0.7939017504234895,0.874436090225564
244,22,39,4,8,0.8356164383561644,0.8201550387596899,0.9069767441860465,0.7333333333333333,0.8666666666666667,0.7333333333333333,0.9069767441860465,0.7857142857142857,0.8261904761904761,0.8604651162790697
245,13,41,9,10,0.7397260273972602,0.6926086956521739,0.82,0.5652173913043478,0.8118811881188119,0.5652173913043478,0.82,0.5777777777777777,0.6948294829482948,0.7834782608695652
246,22,29,12,10,0.6986301369863014,0.6974085365853658,0.7073170731707317,0.6875,0.725,0.6875,0.7073170731707317,0.6666666666666666,0.6958333333333333,0.8224085365853658
247,17,35,12,9,0.7123287671232876,0.6992635024549918,0.7446808510638298,0.6538461538461539,0.7692307692307693,0.6538461538461539,0.7446808510638298,0.6181818181818182,0.6937062937062937,0.8224222585924714
248,17,42,5,9,0.8082191780821918,0.7737315875613748,0.8936170212765957,0.6538461538461539,0.8571428571428571,0.6538461538461539,0.8936170212765957,0.7083333333333334,0.7827380952380952,0.8346972176759411
249,25,33,11,4,0.7945205479452054,0.8060344827586207,0.75,0.8620689655172413,0.8148148148148148,0.8620689655172413,0.75,0.7692307692307693,0.792022792022792,0.8832288401253918
250,14,43,9,7,0.7808219178082192,0.7467948717948718,0.8269230769230769,0.6666666666666666,0.8431372549019608,0.6666666666666666,0.8269230769230769,0.6363636363636364,0.7397504456327986,0.8388278388278388
251,17,43,7,6,0.821917808219178,0.7995652173913044,0.86,0.7391304347826086,0.8686868686868687,0.7391304347826086,0.86,0.723404255319149,0.7960455620030089,0.8652173913043478
252,20,34,11,8,0.7397260273972602,0.734920634920635,0.7555555555555555,0.7142857142857143,0.7816091954022989,0.7142857142857143,0.7555555555555555,0.6779661016949152,0.729787648548607,0.792063492063492
253,16,41,9,7,0.7808219178082192,0.7578260869565216,0.82,0.6956521739130435,0.8367346938775511,0.6956521739130435,0.82,0.6666666666666666,0.7517006802721089,0.7956521739130435
254,19,36,9,9,0.7534246575342466,0.7392857142857143,0.8,0.6785714285714286,0.8,0.6785714285714286,0.8,0.6785714285714286,0.7392857142857143,0.8365079365079365
255,23,40,8,2,0.863013698630137,0.8766666666666667,0.8333333333333334,0.92,0.8888888888888888,0.92,0.8333333333333334,0.8214285714285714,0.8551587301587301,0.9675
256,22,36,11,4,0.7945205479452054,0.8060556464811783,0.7659574468085106,0.8461538461538461,0.8275862068965517,0.8461538461538461,0.7659574468085106,0.7457627118644068,0.7866744593804793,0.8936170212765957
257,29,32,4,8,0.8356164383561644,0.8363363363363363,0.8888888888888888,0.7837837837837838,0.8421052631578947,0.7837837837837838,0.8888888888888888,0.8285714285714286,0.8353383458646617,0.8843843843843845
258,17,35,13,8,0.7123287671232876,0.7045833333333333,0.7291666666666666,0.68,0.7692307692307693,0.68,0.7291666666666666,0.6181818181818182,0.6937062937062937,0.7741666666666667
259,21,34,11,7,0.7534246575342466,0.7527777777777778,0.7555555555555555,0.75,0.7906976744186046,0.75,0.7555555555555555,0.7,0.7453488372093022,0.8277777777777777
260,16,31,20,6,0.6438356164383562,0.6675579322638145,0.6078431372549019,0.7272727272727273,0.7045454545454546,0.7272727272727273,0.6078431372549019,0.5517241379310345,0.6281347962382445,0.7860962566844919
261,18,40,9,6,0.7945205479452054,0.7831632653061225,0.8163265306122449,0.75,0.8421052631578947,0.75,0.8163265306122449,0.7058823529411765,0.7739938080495357,0.8715986394557823
262,21,34,8,10,0.7534246575342466,0.7434715821812596,0.8095238095238095,0.6774193548387096,0.7906976744186046,0.6774193548387096,0.8095238095238095,0.7,0.7453488372093022,0.8440860215053764
263,13,46,4,10,0.8082191780821918,0.7426086956521739,0.92,0.5652173913043478,0.8679245283018868,0.5652173913043478,0.92,0.65,0.7589622641509435,0.794782608695652
264,19,33,9,12,0.7123287671232876,0.6993087557603687,0.7857142857142857,0.6129032258064516,0.7586206896551724,0.6129032258064516,0.7857142857142857,0.6440677966101694,0.7013442431326709,0.7665130568356375
265,22,39,5,7,0.8356164383561644,0.8224921630094044,0.8863636363636364,0.7586206896551724,0.8666666666666667,0.7586206896551724,0.8863636363636364,0.7857142857142857,0.8261904761904761,0.9122257053291536
266,19,41,7,6,0.821917808219178,0.8070833333333334,0.8541666666666666,0.76,0.8631578947368421,0.76,0.8541666666666666,0.7450980392156863,0.8041279669762642,0.83
267,21,38,10,4,0.8082191780821918,0.8158333333333333,0.7916666666666666,0.84,0.8444444444444444,0.84,0.7916666666666666,0.75,0.7972222222222223,0.8891666666666667
268,17,38,7,11,0.7534246575342466,0.7257936507936508,0.8444444444444444,0.6071428571428571,0.8085106382978723,0.6071428571428571,0.8444444444444444,0.6538461538461539,0.7311783960720131,0.7793650793650794
269,19,37,8,9,0.7671232876712328,0.7503968253968254,0.8222222222222222,0.6785714285714286,0.8131868131868132,0.6785714285714286,0.8222222222222222,0.6909090909090909,0.752047952047952,0.8373015873015873
270,20,33,15,5,0.726027397260274,0.74375,0.6875,0.8,0.7674418604651163,0.8,0.6875,0.6666666666666666,0.7170542635658914,0.7858333333333333
271,15,42,9,7,0.7808219178082192,0.7526737967914439,0.8235294117647058,0.6818181818181818,0.84,0.6818181818181818,0.8235294117647058,0.6521739130434783,0.7460869565217392,0.8101604278074865
272,20,32,12,9,0.7123287671232876,0.7084639498432602,0.7272727272727273,0.6896551724137931,0.7529411764705882,0.6896551724137931,0.7272727272727273,0.6557377049180327,0.7043394406943104,0.7680250783699059
273,22,34,9,8,0.7671232876712328,0.762015503875969,0.7906976744186046,0.7333333333333333,0.8,0.7333333333333333,0.7906976744186046,0.7213114754098361,0.7606557377049181,0.8116279069767441
274,15,39,8,11,0.7397260273972602,0.703355155482815,0.8297872340425532,0.5769230769230769,0.8041237113402062,0.5769230769230769,0.8297872340425532,0.6122448979591837,0.708184304649695,0.7831423895253683
275,16,44,3,10,0.821917808219178,0.7757774140752864,0.9361702127659575,0.6153846153846154,0.8712871287128713,0.6153846153846154,0.9361702127659575,0.7111111111111111,0.7911991199119912,0.7945990180032734
276,18,39,9,7,0.7808219178082192,0.76625,0.8125,0.72,0.8297872340425532,0.72,0.8125,0.6923076923076923,0.7610474631751227,0.8641666666666666
277,18,42,10,3,0.821917808219178,0.8324175824175823,0.8076923076923077,0.8571428571428571,0.865979381443299,0.8571428571428571,0.8076923076923077,0.7346938775510204,0.8003366294971597,0.934981684981685
278,22,37,9,5,0.8082191780821918,0.8095813204508857,0.8043478260869565,0.8148148148148148,0.8409090909090909,0.8148148148148148,0.8043478260869565,0.7586206896551724,0.7997648902821317,0.8518518518518517
279,13,41,9,10,0.7397260273972602,0.6926086956521739,0.82,0.5652173913043478,0.8118811881188119,0.5652173913043478,0.82,0.5777777777777777,0.6948294829482948,0.7391304347826085
280,18,42,5,8,0.821917808219178,0.792962356792144,0.8936170212765957,0.6923076923076923,0.865979381443299,0.6923076923076923,0.8936170212765957,0.7346938775510204,0.8003366294971597,0.867430441898527
281,15,46,5,7,0.8356164383561644,0.7918894830659536,0.9019607843137255,0.6818181818181818,0.8846153846153846,0.6818181818181818,0.9019607843137255,0.7142857142857143,0.7994505494505495,0.8119429590017826
282,15,43,8,7,0.7945205479452054,0.7624777183600713,0.8431372549019608,0.6818181818181818,0.8514851485148515,0.6818181818181818,0.8431372549019608,0.6666666666666666,0.759075907590759,0.7745098039215687
283,25,39,3,6,0.8767123287671232,0.8675115207373272,0.9285714285714286,0.8064516129032258,0.896551724137931,0.8064516129032258,0.9285714285714286,0.847457627118644,0.8720046756282875,0.9193548387096774
284,22,32,10,9,0.7397260273972602,0.7357910906298003,0.7619047619047619,0.7096774193548387,0.7710843373493976,0.7096774193548387,0.7619047619047619,0.6984126984126984,0.734748517881048,0.835637480798771
285,21,37,11,4,0.7945205479452054,0.8054166666666667,0.7708333333333334,0.84,0.8314606741573034,0.84,0.7708333333333334,0.7368421052631579,0.7841513897102306,0.8716666666666666
286,15,39,7,12,0.7397260273972602,0.7016908212560387,0.8478260869565217,0.5555555555555556,0.8041237113402062,0.5555555555555556,0.8478260869565217,0.6122448979591837,0.708184304649695,0.7391304347826086
287,20,40,11,2,0.821917808219178,0.8467023172905526,0.7843137254901961,0.9090909090909091,0.8602150537634409,0.9090909090909091,0.7843137254901961,0.7547169811320755,0.8074660174477581,0.9313725490196079
288,17,36,13,7,0.726027397260274,0.7215136054421769,0.7346938775510204,0.7083333333333334,0.782608695652174,0.7083333333333334,0.7346938775510204,0.6296296296296297,0.7061191626409018,0.8392857142857143
289,15,39,14,5,0.7397260273972602,0.7429245283018868,0.7358490566037735,0.75,0.8041237113402062,0.75,0.7358490566037735,0.6122448979591837,0.708184304649695,0.8386792452830188
290,17,47,5,4,0.8767123287671232,0.8566849816849818,0.9038461538461539,0.8095238095238095,0.912621359223301,0.8095238095238095,0.9038461538461539,0.7906976744186046,0.8516595168209529,0.9001831501831502
291,27,35,6,5,0.8493150684931506,0.8487042682926829,0.8536585365853658,0.84375,0.8641975308641975,0.84375,0.8536585365853658,0.8307692307692308,0.8474833808167141,0.9146341463414634
292,21,37,7,8,0.7945205479452054,0.7825235109717869,0.8409090909090909,0.7241379310344828,0.8314606741573034,0.7241379310344828,0.8409090909090909,0.7368421052631579,0.7841513897102306,0.84717868338558
293,15,41,8,9,0.7671232876712328,0.7308673469387755,0.8367346938775511,0.625,0.8282828282828283,0.625,0.8367346938775511,0.6382978723404256,0.7332903503116269,0.8086734693877552
294,25,29,8,11,0.7397260273972602,0.7391141141141141,0.7837837837837838,0.6944444444444444,0.7532467532467533,0.6944444444444444,0.7837837837837838,0.7246376811594203,0.7389422172030868,0.8475975975975976
295,21,32,10,10,0.726027397260274,0.7196620583717357,0.7619047619047619,0.6774193548387096,0.7619047619047619,0.6774193548387096,0.7619047619047619,0.6774193548387096,0.7196620583717357,0.857910906298003
296,13,40,10,10,0.726027397260274,0.682608695652174,0.8,0.5652173913043478,0.8,0.5652173913043478,0.8,0.5652173913043478,0.682608695652174,0.6930434782608695
297,19,40,6,8,0.8082191780821918,0.786634460547504,0.8695652173913043,0.7037037037037037,0.851063829787234,0.7037037037037037,0.8695652173913043,0.7307692307692307,0.7909165302782324,0.8067632850241545
298,12,49,7,5,0.8356164383561644,0.7904411764705883,0.875,0.7058823529411765,0.8909090909090909,0.7058823529411765,0.875,0.6666666666666666,0.7787878787878788,0.8718487394957983
299,22,40,8,3,0.8493150684931506,0.8566666666666667,0.8333333333333334,0.88,0.8791208791208791,0.88,0.8333333333333334,0.8,0.8395604395604396,0.9225
300,16,36,11,10,0.7123287671232876,0.690671031096563,0.7659574468085106,0.6153846153846154,0.7741935483870968,0.6153846153846154,0.7659574468085106,0.6037735849056604,0.6889835666463786,0.7193126022913257
301,14,44,11,4,0.7945205479452054,0.788888888888889,0.8,0.7777777777777778,0.8543689320388349,0.7777777777777778,0.8,0.6511627906976745,0.7527658613682546,0.8434343434343433
302,14,39,11,9,0.726027397260274,0.6943478260869566,0.78,0.6086956521739131,0.7959183673469388,0.6086956521739131,0.78,0.5833333333333334,0.689625850340136,0.7730434782608696
303,18,43,10,2,0.8356164383561644,0.8556603773584905,0.8113207547169812,0.9,0.8775510204081632,0.9,0.8113207547169812,0.75,0.8137755102040816,0.9367924528301886
304,23,34,4,12,0.7808219178082192,0.7759398496240602,0.8947368421052632,0.6571428571428571,0.8095238095238095,0.6571428571428571,0.8947368421052632,0.7419354838709677,0.7757296466973886,0.7887218045112782
305,22,39,7,5,0.8356164383561644,0.8313204508856682,0.8478260869565217,0.8148148148148148,0.8666666666666667,0.8148148148148148,0.8478260869565217,0.7857142857142857,0.8261904761904761,0.8937198067632851
306,18,38,12,5,0.7671232876712328,0.771304347826087,0.76,0.782608695652174,0.8172043010752689,0.782608695652174,0.76,0.6792452830188679,0.7482247920470684,0.8408695652173913
307,18,37,11,7,0.7534246575342466,0.7454166666666666,0.7708333333333334,0.72,0.8043478260869565,0.72,0.7708333333333334,0.6666666666666666,0.7355072463768115,0.7808333333333334
308,13,38,13,9,0.6986301369863014,0.6680035650623886,0.7450980392156863,0.5909090909090909,0.7755102040816326,0.5909090909090909,0.7450980392156863,0.5416666666666666,0.6585884353741496,0.7754010695187166
309,17,43,9,4,0.821917808219178,0.8182234432234432,0.8269230769230769,0.8095238095238095,0.8686868686868687,0.8095238095238095,0.8269230769230769,0.723404255319149,0.7960455620030089,0.9102564102564104
310,20,37,10,6,0.7808219178082192,0.7782324058919804,0.7872340425531915,0.7692307692307693,0.8222222222222222,0.7692307692307693,0.7872340425531915,0.7142857142857143,0.7682539682539682,0.8494271685761047
311,20,40,10,3,0.821917808219178,0.8347826086956522,0.8,0.8695652173913043,0.8602150537634409,0.8695652173913043,0.8,0.7547169811320755,0.8074660174477581,0.9113043478260869
312,16,42,8,7,0.7945205479452054,0.7678260869565217,0.84,0.6956521739130435,0.8484848484848485,0.6956521739130435,0.84,0.6808510638297872,0.7646679561573179,0.8182608695652174
313,19,36,9,9,0.7534246575342466,0.7392857142857143,0.8,0.6785714285714286,0.8,0.6785714285714286,0.8,0.6785714285714286,0.7392857142857143,0.7920634920634921
314,18,41,10,4,0.8082191780821918,0.8110516934046346,0.803921568627451,0.8181818181818182,0.8541666666666666,0.8181818181818182,0.803921568627451,0.72,0.7870833333333334,0.8841354723707665
315,19,40,4,10,0.8082191780821918,0.7821316614420062,0.9090909090909091,0.6551724137931034,0.851063829787234,0.6551724137931034,0.9090909090909091,0.7307692307692307,0.7909165302782324,0.8683385579937305
316,20,45,4,4,0.8904109589041096,0.8758503401360545,0.9183673469387755,0.8333333333333334,0.9183673469387755,0.8333333333333334,0.9183673469387755,0.8333333333333334,0.8758503401360545,0.9438775510204082
317,12,45,10,6,0.7808219178082192,0.7424242424242424,0.8181818181818182,0.6666666666666666,0.8490566037735849,0.6666666666666666,0.8181818181818182,0.6,0.7245283018867925,0.7777777777777778
318,17,41,8,7,0.7945205479452054,0.7725340136054422,0.8367346938775511,0.7083333333333334,0.845360824742268,0.7083333333333334,0.8367346938775511,0.6938775510204082,0.7696191878813381,0.8282312925170069
319,18,31,17,7,0.6712328767123288,0.6829166666666666,0.6458333333333334,0.72,0.7209302325581395,0.72,0.6458333333333334,0.6,0.6604651162790698,0.7649999999999999
320,17,39,14,3,0.7671232876712328,0.7929245283018868,0.7358490566037735,0.85,0.8210526315789474,0.85,0.7358490566037735,0.6666666666666666,0.743859649122807,0.9311320754716981
321,25,36,7,5,0.8356164383561644,0.8352713178294574,0.8372093023255814,0.8333333333333334,0.8571428571428571,0.8333333333333334,0.8372093023255814,0.8064516129032258,0.8317972350230414,0.9100775193798448
322,12,40,8,13,0.7123287671232876,0.6566666666666667,0.8333333333333334,0.48,0.7920792079207921,0.48,0.8333333333333334,0.5333333333333333,0.6627062706270628,0.6591666666666667
323,19,43,5,6,0.8493150684931506,0.8279166666666666,0.8958333333333334,0.76,0.8865979381443299,0.76,0.8958333333333334,0.7755102040816326,0.8310540711129812,0.8391666666666667
324,21,42,4,6,0.863013698630137,0.8454106280193237,0.9130434782608695,0.7777777777777778,0.8936170212765957,0.7777777777777778,0.9130434782608695,0.8076923076923077,0.8506546644844517,0.8929146537842191
325,23,37,8,5,0.821917808219178,0.8218253968253968,0.8222222222222222,0.8214285714285714,0.8505747126436781,0.8214285714285714,0.8222222222222222,0.7796610169491526,0.8151178647964153,0.8492063492063492
326,24,32,11,6,0.7671232876712328,0.772093023255814,0.7441860465116279,0.8,0.7901234567901234,0.8,0.7441860465116279,0.7384615384615385,0.764292497625831,0.8488372093023256
327,18,37,8,10,0.7534246575342466,0.7325396825396826,0.8222222222222222,0.6428571428571429,0.8043478260869565,0.6428571428571429,0.8222222222222222,0.6666666666666666,0.7355072463768115,0.7396825396825396
328,18,38,7,10,0.7671232876712328,0.7436507936507937,0.8444444444444444,0.6428571428571429,0.8172043010752689,0.6428571428571429,0.8444444444444444,0.6792452830188679,0.7482247920470684,0.7968253968253968
329,16,46,6,5,0.8493150684931506,0.8232600732600732,0.8846153846153846,0.7619047619047619,0.8932038834951457,0.7619047619047619,0.8846153846153846,0.7441860465116279,0.8186949650033868,0.9184981684981686
330,16,38,8,11,0.7397260273972602,0.7093397745571659,0.8260869565217391,0.5925925925925926,0.8,0.5925925925925926,0.8260869565217391,0.6274509803921569,0.7137254901960784,0.8341384863123994
331,21,36,7,9,0.7808219178082192,0.7686046511627906,0.8372093023255814,0.7,0.8181818181818182,0.7,0.8372093023255814,0.7241379310344828,0.7711598746081505,0.8186046511627907
332,25,30,11,7,0.7534246575342466,0.7564786585365854,0.7317073170731707,0.78125,0.7692307692307693,0.78125,0.7317073170731707,0.7352941176470589,0.752262443438914,0.8536585365853658
333,24,40,8,1,0.8767123287671232,0.8966666666666667,0.8333333333333334,0.96,0.898876404494382,0.96,0.8333333333333334,0.8421052631578947,0.8704908338261383,0.9783333333333333
334,17,47,3,6,0.8767123287671232,0.8395652173913043,0.94,0.7391304347826086,0.912621359223301,0.7391304347826086,0.94,0.7906976744186046,0.8516595168209529,0.8956521739130434
335,14,43,10,6,0.7808219178082192,0.7556603773584906,0.8113207547169812,0.7,0.8431372549019608,0.7,0.8113207547169812,0.6363636363636364,0.7397504456327986,0.850943396226415
336,21,30,15,7,0.6986301369863014,0.7083333333333333,0.6666666666666666,0.75,0.7317073170731707,0.75,0.6666666666666666,0.65625,0.6939786585365854,0.7865079365079365
337,17,35,8,13,0.7123287671232876,0.6903100775193798,0.813953488372093,0.5666666666666667,0.7692307692307693,0.5666666666666667,0.813953488372093,0.6181818181818182,0.6937062937062937,0.8038759689922481
338,11,45,7,10,0.7671232876712328,0.6945970695970696,0.8653846153846154,0.5238095238095238,0.8411214953271028,0.5238095238095238,0.8653846153846154,0.5641025641025641,0.7026120297148335,0.7509157509157509
339,19,44,3,7,0.863013698630137,0.8334697217675942,0.9361702127659575,0.7307692307692307,0.8979591836734694,0.7307692307692307,0.9361702127659575,0.7916666666666666,0.844812925170068,0.8396072013093289
340,14,40,12,7,0.7397260273972602,0.717948717948718,0.7692307692307693,0.6666666666666666,0.8080808080808081,0.6666666666666666,0.7692307692307693,0.5957446808510638,0.7019127444659359,0.8324175824175825
341,15,40,12,6,0.7534246575342466,0.7417582417582418,0.7692307692307693,0.7142857142857143,0.8163265306122449,0.7142857142857143,0.7692307692307693,0.625,0.7206632653061225,0.8131868131868131
342,13,40,12,8,0.726027397260274,0.6941391941391941,0.7692307692307693,0.6190476190476191,0.8,0.6190476190476191,0.7692307692307693,0.5652173913043478,0.682608695652174,0.7683150183150184
343,13,36,16,8,0.6712328767123288,0.6556776556776557,0.6923076923076923,0.6190476190476191,0.75,0.6190476190476191,0.6923076923076923,0.52,0.635,0.7756410256410258
344,16,37,12,8,0.726027397260274,0.7108843537414966,0.7551020408163265,0.6666666666666666,0.7872340425531915,0.6666666666666666,0.7551020408163265,0.6153846153846154,0.7013093289689034,0.7670068027210885
345,20,37,11,5,0.7808219178082192,0.7854166666666667,0.7708333333333334,0.8,0.8222222222222222,0.8,0.7708333333333334,0.7142857142857143,0.7682539682539682,0.8650000000000001
346,25,31,8,9,0.7671232876712328,0.7650829562594268,0.7948717948717948,0.7352941176470589,0.7848101265822784,0.7352941176470589,0.7948717948717948,0.746268656716418,0.7655393916493483,0.8619909502262443
347,16,43,8,6,0.8082191780821918,0.785204991087344,0.8431372549019608,0.7272727272727273,0.86,0.7272727272727273,0.8431372549019608,0.6956521739130435,0.7778260869565217,0.8253119429590017
348,12,52,4,5,0.8767123287671232,0.8172268907563025,0.9285714285714286,0.7058823529411765,0.9203539823008849,0.7058823529411765,0.9285714285714286,0.7272727272727273,0.8238133547868061,0.8487394957983193
349,25,32,10,6,0.7808219178082192,0.7841781874039938,0.7619047619047619,0.8064516129032258,0.8,0.8064516129032258,0.7619047619047619,0.7575757575757576,0.7787878787878788,0.8632872503840247
350,27,34,7,5,0.8356164383561644,0.8365091463414633,0.8292682926829268,0.84375,0.85,0.84375,0.8292682926829268,0.8181818181818182,0.8340909090909091,0.9397865853658537
351,21,36,9,7,0.7808219178082192,0.775,0.8,0.75,0.8181818181818182,0.75,0.8,0.7241379310344828,0.7711598746081505,0.8817460317460318
352,20,40,7,6,0.821917808219178,0.8101472995090017,0.851063829787234,0.7692307692307693,0.8602150537634409,0.7692307692307693,0.851063829787234,0.7547169811320755,0.8074660174477581,0.8510638297872342
353,19,39,10,5,0.7945205479452054,0.7937925170068028,0.7959183673469388,0.7916666666666666,0.8387096774193549,0.7916666666666666,0.7959183673469388,0.7169811320754716,0.7778454047474133,0.8775510204081632
354,14,44,6,9,0.7945205479452054,0.7443478260869565,0.88,0.6086956521739131,0.8543689320388349,0.6086956521739131,0.88,0.6511627906976745,0.7527658613682546,0.817391304347826
355,22,35,6,10,0.7808219178082192,0.7705792682926829,0.8536585365853658,0.6875,0.813953488372093,0.6875,0.8536585365853658,0.7333333333333333,0.7736434108527132,0.8650914634146342
356,17,38,11,7,0.7534246575342466,0.741921768707483,0.7755102040816326,0.7083333333333334,0.8085106382978723,0.7083333333333334,0.7755102040816326,0.6538461538461539,0.7311783960720131,0.8741496598639457
357,20,37,5,11,0.7808219178082192,0.7630568356374807,0.8809523809523809,0.6451612903225806,0.8222222222222222,0.6451612903225806,0.8809523809523809,0.7142857142857143,0.7682539682539682,0.8195084485407067
358,19,39,6,9,0.7945205479452054,0.7726190476190476,0.8666666666666667,0.6785714285714286,0.8387096774193549,0.6785714285714286,0.8666666666666667,0.7169811320754716,0.7778454047474133,0.8214285714285714
359,19,32,13,9,0.6986301369863014,0.6948412698412698,0.7111111111111111,0.6785714285714286,0.7441860465116279,0.6785714285714286,0.7111111111111111,0.6333333333333333,0.6887596899224806,0.792063492063492
360,19,38,8,8,0.7808219178082192,0.7648953301127215,0.8260869565217391,0.7037037037037037,0.8260869565217391,0.7037037037037037,0.8260869565217391,0.7037037037037037,0.7648953301127215,0.8107890499194846
361,16,44,8,5,0.821917808219178,0.8040293040293041,0.8461538461538461,0.7619047619047619,0.8712871287128713,0.7619047619047619,0.8461538461538461,0.7111111111111111,0.7911991199119912,0.891941391941392
362,13,46,7,7,0.8082191780821918,0.7589622641509435,0.8679245283018868,0.65,0.8679245283018868,0.65,0.8679245283018868,0.65,0.7589622641509435,0.8358490566037736
363,23,35,7,8,0.7945205479452054,0.7876344086021505,0.8333333333333334,0.7419354838709677,0.8235294117647058,0.7419354838709677,0.8333333333333334,0.7540983606557377,0.7888138862102217,0.8640552995391705
364,13,42,7,11,0.7534246575342466,0.6994047619047619,0.8571428571428571,0.5416666666666666,0.8235294117647058,0.5416666666666666,0.8571428571428571,0.5909090909090909,0.7072192513368984,0.7465986394557823
365,20,35,11,7,0.7534246575342466,0.750805152979066,0.7608695652173914,0.7407407407407407,0.7954545454545454,0.7407407407407407,0.7608695652173914,0.6896551724137931,0.7425548589341693,0.8397745571658615
366,18,42,6,7,0.821917808219178,0.7975,0.875,0.72,0.865979381443299,0.72,0.875,0.7346938775510204,0.8003366294971597,0.8808333333333332
367,16,47,5,5,0.863013698630137,0.8328754578754578,0.9038461538461539,0.7619047619047619,0.9038461538461539,0.7619047619047619,0.9038461538461539,0.7619047619047619,0.8328754578754578,0.8754578754578756
368,24,33,7,9,0.7808219178082192,0.7761363636363636,0.825,0.7272727272727273,0.8048780487804879,0.7272727272727273,0.825,0.75,0.7774390243902439,0.8651515151515151
369,16,37,10,10,0.726027397260274,0.7013093289689034,0.7872340425531915,0.6153846153846154,0.7872340425531915,0.6153846153846154,0.7872340425531915,0.6153846153846154,0.7013093289689034,0.7438625204582652
370,21,43,6,3,0.8767123287671232,0.8762755102040816,0.8775510204081632,0.875,0.9052631578947369,0.875,0.8775510204081632,0.8235294117647058,0.8643962848297213,0.9430272108843538
371,18,38,11,6,0.7671232876712328,0.7627551020408163,0.7755102040816326,0.75,0.8172043010752689,0.75,0.7755102040816326,0.6792452830188679,0.7482247920470684,0.8647959183673469
372,22,40,5,6,0.8493150684931506,0.8373015873015872,0.8888888888888888,0.7857142857142857,0.8791208791208791,0.7857142857142857,0.8888888888888888,0.8,0.8395604395604396,0.8809523809523809
373,23,36,9,5,0.8082191780821918,0.8107142857142857,0.8,0.8214285714285714,0.8372093023255814,0.8214285714285714,0.8,0.7666666666666667,0.8019379844961241,0.8746031746031747
374,16,40,6,11,0.7671232876712328,0.7310789049919484,0.8695652173913043,0.5925925925925926,0.8247422680412371,0.5925925925925926,0.8695652173913043,0.6530612244897959,0.7389017462655165,0.7809983896940419
375,25,35,4,9,0.821917808219178,0.8163650075414781,0.8974358974358975,0.7352941176470589,0.8433734939759037,0.7352941176470589,0.8974358974358975,0.7936507936507936,0.8185121438133487,0.8273001508295625
376,19,45,5,4,0.8767123287671232,0.8630434782608696,0.9,0.8260869565217391,0.9090909090909091,0.8260869565217391,0.9,0.8085106382978723,0.8588007736943907,0.92
377,23,37,7,6,0.821917808219178,0.8170062695924765,0.8409090909090909,0.7931034482758621,0.8505747126436781,0.7931034482758621,0.8409090909090909,0.7796610169491526,0.8151178647964153,0.8887147335423198
378,26,37,4,6,0.863013698630137,0.8574695121951219,0.9024390243902439,0.8125,0.8809523809523809,0.8125,0.9024390243902439,0.8387096774193549,0.859831029185868,0.8803353658536586
379,26,33,8,6,0.8082191780821918,0.8086890243902439,0.8048780487804879,0.8125,0.825,0.8125,0.8048780487804879,0.7878787878787878,0.8064393939393939,0.8422256097560975
380,10,44,11,8,0.7397260273972602,0.6777777777777778,0.8,0.5555555555555556,0.822429906542056,0.5555555555555556,0.8,0.5128205128205128,0.6676252096812845,0.7848484848484849
381,15,42,8,8,0.7808219178082192,0.7460869565217392,0.84,0.6521739130434783,0.84,0.6521739130434783,0.84,0.6521739130434783,0.7460869565217392,0.8895652173913043
382,19,37,13,4,0.7671232876712328,0.7830434782608695,0.74,0.8260869565217391,0.8131868131868132,0.8260869565217391,0.74,0.6909090909090909,0.752047952047952,0.8539130434782609
383,21,38,9,5,0.8082191780821918,0.8081014729950899,0.8085106382978723,0.8076923076923077,0.8444444444444444,0.8076923076923077,0.8085106382978723,0.75,0.7972222222222223,0.8788870703764322
384,16,48,5,4,0.8767123287671232,0.8528301886792453,0.9056603773584906,0.8,0.9142857142857143,0.8,0.9056603773584906,0.7804878048780488,0.8473867595818816,0.8933962264150943
385,16,46,6,5,0.8493150684931506,0.8232600732600732,0.8846153846153846,0.7619047619047619,0.8932038834951457,0.7619047619047619,0.8846153846153846,0.7441860465116279,0.8186949650033868,0.8818681318681318
386,21,40,6,6,0.8356164383561644,0.8236714975845411,0.8695652173913043,0.7777777777777778,0.8695652173913043,0.7777777777777778,0.8695652173913043,0.7777777777777778,0.8236714975845411,0.8792270531400965
387,21,37,11,4,0.7945205479452054,0.8054166666666667,0.7708333333333334,0.84,0.8314606741573034,0.84,0.7708333333333334,0.7368421052631579,0.7841513897102306,0.8925
388,21,32,12,8,0.726027397260274,0.7257053291536051,0.7272727272727273,0.7241379310344828,0.7619047619047619,0.7241379310344828,0.7272727272727273,0.6774193548387096,0.7196620583717357,0.8573667711598747
389,13,39,13,8,0.7123287671232876,0.6845238095238095,0.75,0.6190476190476191,0.7878787878787878,0.6190476190476191,0.75,0.5531914893617021,0.6705351386202449,0.8031135531135531
390,13,39,11,10,0.7123287671232876,0.672608695652174,0.78,0.5652173913043478,0.7878787878787878,0.5652173913043478,0.78,0.5531914893617021,0.6705351386202449,0.8
391,17,40,8,8,0.7808219178082192,0.7566666666666667,0.8333333333333334,0.68,0.8333333333333334,0.68,0.8333333333333334,0.68,0.7566666666666667,0.84
392,19,42,6,6,0.8356164383561644,0.8175,0.875,0.76,0.875,0.76,0.875,0.76,0.8175,0.8283333333333334
393,23,36,9,5,0.8082191780821918,0.8107142857142857,0.8,0.8214285714285714,0.8372093023255814,0.8214285714285714,0.8,0.7666666666666667,0.8019379844961241,0.8738095238095238
394,17,41,11,4,0.7945205479452054,0.798992673992674,0.7884615384615384,0.8095238095238095,0.845360824742268,0.8095238095238095,0.7884615384615384,0.6938775510204082,0.7696191878813381,0.8663003663003663
395,15,37,10,11,0.7123287671232876,0.6820785597381342,0.7872340425531915,0.5769230769230769,0.7789473684210526,0.5769230769230769,0.7872340425531915,0.5882352941176471,0.6835913312693498,0.7945990180032734
396,17,43,7,6,0.821917808219178,0.7995652173913044,0.86,0.7391304347826086,0.8686868686868687,0.7391304347826086,0.86,0.723404255319149,0.7960455620030089,0.8643478260869565
397,12,39,16,6,0.6986301369863014,0.6878787878787879,0.7090909090909091,0.6666666666666666,0.78,0.6666666666666666,0.7090909090909091,0.5217391304347826,0.6508695652173913,0.8353535353535353
398,18,38,8,9,0.7671232876712328,0.7463768115942029,0.8260869565217391,0.6666666666666666,0.8172043010752689,0.6666666666666666,0.8260869565217391,0.6792452830188679,0.7482247920470684,0.8051529790660226
399,19,36,10,8,0.7534246575342466,0.7431561996779388,0.782608695652174,0.7037037037037037,0.8,0.7037037037037037,0.782608695652174,0.6785714285714286,0.7392857142857143,0.8349436392914654
400,12,41,10,10,0.726027397260274,0.6746880570409982,0.803921568627451,0.5454545454545454,0.803921568627451,0.5454545454545454,0.803921568627451,0.5454545454545454,0.6746880570409982,0.7112299465240641
401,16,39,8,10,0.7534246575342466,0.7225859247135843,0.8297872340425532,0.6153846153846154,0.8125,0.6153846153846154,0.8297872340425532,0.64,0.7262500000000001,0.76759410801964
402,22,35,8,8,0.7808219178082192,0.7736434108527132,0.813953488372093,0.7333333333333333,0.813953488372093,0.7333333333333333,0.813953488372093,0.7333333333333333,0.7736434108527132,0.8488372093023256
403,19,39,6,9,0.7945205479452054,0.7726190476190476,0.8666666666666667,0.6785714285714286,0.8387096774193549,0.6785714285714286,0.8666666666666667,0.7169811320754716,0.7778454047474133,0.8325396825396825
404,28,33,8,4,0.8356164383561644,0.8399390243902439,0.8048780487804879,0.875,0.8461538461538461,0.875,0.8048780487804879,0.8235294117647058,0.8348416289592759,0.9009146341463415
405,18,36,11,8,0.7397260273972602,0.7291325695581015,0.7659574468085106,0.6923076923076923,0.7912087912087912,0.6923076923076923,0.7659574468085106,0.6545454545454545,0.7228771228771229,0.855973813420622
406,16,47,4,6,0.863013698630137,0.8244206773618539,0.9215686274509803,0.7272727272727273,0.9038461538461539,0.7272727272727273,0.9215686274509803,0.7619047619047619,0.8328754578754578,0.8868092691622104
407,20,40,5,8,0.821917808219178,0.8015873015873016,0.8888888888888888,0.7142857142857143,0.8602150537634409,0.7142857142857143,0.8888888888888888,0.7547169811320755,0.8074660174477581,0.8650793650793651
408,18,37,9,9,0.7534246575342466,0.7355072463768115,0.8043478260869565,0.6666666666666666,0.8043478260869565,0.6666666666666666,0.8043478260869565,0.6666666666666666,0.7355072463768115,0.7713365539452496
409,16,42,8,7,0.7945205479452054,0.7678260869565217,0.84,0.6956521739130435,0.8484848484848485,0.6956521739130435,0.84,0.6808510638297872,0.7646679561573179,0.7478260869565216
410,22,39,6,6,0.8356164383561644,0.8261904761904761,0.8666666666666667,0.7857142857142857,0.8666666666666667,0.7857142857142857,0.8666666666666667,0.7857142857142857,0.8261904761904761,0.8785714285714286
411,18,38,9,8,0.7671232876712328,0.7504091653027822,0.8085106382978723,0.6923076923076923,0.8172043010752689,0.6923076923076923,0.8085106382978723,0.6792452830188679,0.7482247920470684,0.8486088379705401
412,17,41,9,6,0.7945205479452054,0.7795652173913044,0.82,0.7391304347826086,0.845360824742268,0.7391304347826086,0.82,0.6938775510204082,0.7696191878813381,0.862608695652174
413,21,40,6,6,0.8356164383561644,0.8236714975845411,0.8695652173913043,0.7777777777777778,0.8695652173913043,0.7777777777777778,0.8695652173913043,0.7777777777777778,0.8236714975845411,0.8615136876006441
414,20,38,6,9,0.7945205479452054,0.7766457680250785,0.8636363636363636,0.6896551724137931,0.8351648351648352,0.6896551724137931,0.8636363636363636,0.7272727272727273,0.7812187812187812,0.7836990595611285
415,17,41,10,5,0.7945205479452054,0.7883244206773619,0.803921568627451,0.7727272727272727,0.845360824742268,0.7727272727272727,0.803921568627451,0.6938775510204082,0.7696191878813381,0.8868092691622104
416,16,44,11,2,0.821917808219178,0.8444444444444444,0.8,0.8888888888888888,0.8712871287128713,0.8888888888888888,0.8,0.7111111111111111,0.7911991199119912,0.9292929292929292
417,13,47,10,3,0.821917808219178,0.8185307017543859,0.8245614035087719,0.8125,0.8785046728971962,0.8125,0.8245614035087719,0.6666666666666666,0.7725856697819314,0.8607456140350876
418,28,28,10,7,0.7671232876712328,0.7684210526315789,0.7368421052631579,0.8,0.7671232876712328,0.8,0.7368421052631579,0.7671232876712328,0.7671232876712328,0.8706766917293233
419,18,39,12,4,0.7808219178082192,0.7914438502673797,0.7647058823529411,0.8181818181818182,0.8297872340425532,0.8181818181818182,0.7647058823529411,0.6923076923076923,0.7610474631751227,0.8422459893048129
420,23,34,10,6,0.7808219178082192,0.7829153605015674,0.7727272727272727,0.7931034482758621,0.8095238095238095,0.7931034482758621,0.7727272727272727,0.7419354838709677,0.7757296466973886,0.8644200626959248
421,23,34,7,9,0.7808219178082192,0.7740091463414633,0.8292682926829268,0.71875,0.8095238095238095,0.71875,0.8292682926829268,0.7419354838709677,0.7757296466973886,0.8384146341463414
422,19,40,7,7,0.8082191780821918,0.7909165302782324,0.851063829787234,0.7307692307692307,0.851063829787234,0.7307692307692307,0.851063829787234,0.7307692307692307,0.7909165302782324,0.8477905073649754
423,20,31,17,5,0.6986301369863014,0.7229166666666667,0.6458333333333334,0.8,0.7380952380952381,0.8,0.6458333333333334,0.6451612903225806,0.6916282642089093,0.8608333333333333
424,21,33,7,12,0.7397260273972602,0.7306818181818182,0.825,0.6363636363636364,0.7764705882352941,0.6363636363636364,0.825,0.6885245901639344,0.7324975891996143,0.7833333333333334
425,18,39,9,7,0.7808219178082192,0.76625,0.8125,0.72,0.8297872340425532,0.72,0.8125,0.6923076923076923,0.7610474631751227,0.8691666666666668
426,20,45,7,1,0.8904109589041096,0.9088827838827839,0.8653846153846154,0.9523809523809523,0.9183673469387755,0.9523809523809523,0.8653846153846154,0.8333333333333334,0.8758503401360545,0.9487179487179487
427,16,43,8,6,0.8082191780821918,0.785204991087344,0.8431372549019608,0.7272727272727273,0.86,0.7272727272727273,0.8431372549019608,0.6956521739130435,0.7778260869565217,0.894830659536542
428,12,40,12,9,0.7123287671232876,0.6703296703296704,0.7692307692307693,0.5714285714285714,0.7920792079207921,0.5714285714285714,0.7692307692307693,0.5333333333333333,0.6627062706270628,0.7628205128205128
429,21,38,6,8,0.8082191780821918,0.7938871473354232,0.8636363636363636,0.7241379310344828,0.8444444444444444,0.7241379310344828,0.8636363636363636,0.75,0.7972222222222223,0.8479623824451411
430,16,41,11,5,0.7808219178082192,0.7751831501831501,0.7884615384615384,0.7619047619047619,0.8367346938775511,0.7619047619047619,0.7884615384615384,0.6666666666666666,0.7517006802721089,0.8754578754578755
431,21,33,9,10,0.7397260273972602,0.7315668202764977,0.7857142857142857,0.6774193548387096,0.7764705882352941,0.6774193548387096,0.7857142857142857,0.6885245901639344,0.7324975891996143,0.8248847926267282
432,18,33,16,6,0.6986301369863014,0.7117346938775511,0.673469387755102,0.75,0.75,0.75,0.673469387755102,0.6206896551724138,0.6853448275862069,0.7602040816326531
433,19,43,3,8,0.8493150684931506,0.819243156199678,0.9347826086956522,0.7037037037037037,0.8865979381443299,0.7037037037037037,0.9347826086956522,0.7755102040816326,0.8310540711129812,0.8671497584541064
434,20,40,10,3,0.821917808219178,0.8347826086956522,0.8,0.8695652173913043,0.8602150537634409,0.8695652173913043,0.8,0.7547169811320755,0.8074660174477581,0.9295652173913043
435,16,41,9,7,0.7808219178082192,0.7578260869565216,0.82,0.6956521739130435,0.8367346938775511,0.6956521739130435,0.82,0.6666666666666666,0.7517006802721089,0.84
436,18,38,12,5,0.7671232876712328,0.771304347826087,0.76,0.782608695652174,0.8172043010752689,0.782608695652174,0.76,0.6792452830188679,0.7482247920470684,0.8739130434782608
437,17,43,7,6,0.821917808219178,0.7995652173913044,0.86,0.7391304347826086,0.8686868686868687,0.7391304347826086,0.86,0.723404255319149,0.7960455620030089,0.8347826086956521
438,19,36,7,11,0.7534246575342466,0.7352713178294574,0.8372093023255814,0.6333333333333333,0.8,0.6333333333333333,0.8372093023255814,0.6785714285714286,0.7392857142857143,0.782170542635659
439,18,38,10,7,0.7671232876712328,0.7558333333333334,0.7916666666666666,0.72,0.8172043010752689,0.72,0.7916666666666666,0.6792452830188679,0.7482247920470684,0.8366666666666667
440,16,35,13,9,0.6986301369863014,0.6845833333333333,0.7291666666666666,0.64,0.7608695652173914,0.64,0.7291666666666666,0.5925925925925926,0.676731078904992,0.8016666666666666
441,18,38,10,7,0.7671232876712328,0.7558333333333334,0.7916666666666666,0.72,0.8172043010752689,0.72,0.7916666666666666,0.6792452830188679,0.7482247920470684,0.8366666666666667
442,23,40,6,4,0.863013698630137,0.8607085346215781,0.8695652173913043,0.8518518518518519,0.8888888888888888,0.8518518518518519,0.8695652173913043,0.8214285714285714,0.8551587301587301,0.9178743961352657
443,18,41,8,6,0.8082191780821918,0.7933673469387755,0.8367346938775511,0.75,0.8541666666666666,0.75,0.8367346938775511,0.72,0.7870833333333334,0.8622448979591837
444,22,34,5,12,0.7671232876712328,0.7594268476621417,0.8717948717948718,0.6470588235294118,0.8,0.6470588235294118,0.8717948717948718,0.7213114754098361,0.7606557377049181,0.8076923076923077
445,15,46,7,5,0.8356164383561644,0.8089622641509434,0.8679245283018868,0.75,0.8846153846153846,0.75,0.8679245283018868,0.7142857142857143,0.7994505494505495,0.9150943396226416
446,26,35,6,6,0.8356164383561644,0.8330792682926829,0.8536585365853658,0.8125,0.8536585365853658,0.8125,0.8536585365853658,0.8125,0.8330792682926829,0.8841463414634146
447,25,32,7,9,0.7808219178082192,0.7779034690799397,0.8205128205128205,0.7352941176470589,0.8,0.7352941176470589,0.8205128205128205,0.7575757575757576,0.7787878787878788,0.8273001508295625
448,14,36,10,13,0.684931506849315,0.6505636070853462,0.782608695652174,0.5185185185185185,0.7578947368421053,0.5185185185185185,0.782608695652174,0.5490196078431373,0.6534571723426212,0.7053140096618358
449,20,35,11,7,0.7534246575342466,0.750805152979066,0.7608695652173914,0.7407407407407407,0.7954545454545454,0.7407407407407407,0.7608695652173914,0.6896551724137931,0.7425548589341693,0.8115942028985507
450,19,36,9,9,0.7534246575342466,0.7392857142857143,0.8,0.6785714285714286,0.8,0.6785714285714286,0.8,0.6785714285714286,0.7392857142857143,0.811904761904762
451,23,31,12,7,0.7397260273972602,0.743798449612403,0.7209302325581395,0.7666666666666667,0.7654320987654321,0.7666666666666667,0.7209302325581395,0.7076923076923077,0.7365622032288699,0.7899224806201549
452,16,32,13,12,0.6575342465753424,0.6412698412698412,0.7111111111111111,0.5714285714285714,0.7191011235955056,0.5714285714285714,0.7111111111111111,0.5614035087719298,0.6402523161837177,0.7031746031746032
453,21,35,8,9,0.7671232876712328,0.7569767441860464,0.813953488372093,0.7,0.8045977011494253,0.7,0.813953488372093,0.711864406779661,0.7582310539645432,0.8503875968992247
454,21,33,13,6,0.7397260273972602,0.7475845410628019,0.717391304347826,0.7777777777777778,0.7764705882352941,0.7777777777777778,0.717391304347826,0.6885245901639344,0.7324975891996143,0.8293075684380032
455,16,41,9,7,0.7808219178082192,0.7578260869565216,0.82,0.6956521739130435,0.8367346938775511,0.6956521739130435,0.82,0.6666666666666666,0.7517006802721089,0.8426086956521739
456,11,41,10,11,0.7123287671232876,0.6519607843137255,0.803921568627451,0.5,0.7961165048543689,0.5,0.803921568627451,0.5116279069767442,0.6538722059155566,0.6684491978609626
457,23,35,7,8,0.7945205479452054,0.7876344086021505,0.8333333333333334,0.7419354838709677,0.8235294117647058,0.7419354838709677,0.8333333333333334,0.7540983606557377,0.7888138862102217,0.8294930875576035
458,17,31,15,10,0.6575342465753424,0.6517713365539453,0.6739130434782609,0.6296296296296297,0.7126436781609196,0.6296296296296297,0.6739130434782609,0.576271186440678,0.6444574323007988,0.7858293075684379
459,21,38,4,10,0.8082191780821918,0.7910906298003072,0.9047619047619048,0.6774193548387096,0.8444444444444444,0.6774193548387096,0.9047619047619048,0.75,0.7972222222222223,0.8517665130568357
460,20,34,14,5,0.7397260273972602,0.7541666666666667,0.7083333333333334,0.8,0.7816091954022989,0.8,0.7083333333333334,0.6779661016949152,0.729787648548607,0.8400000000000001
461,21,39,4,9,0.821917808219178,0.8034883720930233,0.9069767441860465,0.7,0.8571428571428571,0.7,0.9069767441860465,0.7636363636363637,0.8103896103896104,0.8728682170542635
462,18,36,11,8,0.7397260273972602,0.7291325695581015,0.7659574468085106,0.6923076923076923,0.7912087912087912,0.6923076923076923,0.7659574468085106,0.6545454545454545,0.7228771228771229,0.8363338788870703
463,15,40,10,8,0.7534246575342466,0.7260869565217392,0.8,0.6521739130434783,0.8163265306122449,0.6521739130434783,0.8,0.625,0.7206632653061225,0.8269565217391305
464,24,31,9,9,0.7534246575342466,0.7511363636363637,0.775,0.7272727272727273,0.775,0.7272727272727273,0.775,0.7272727272727273,0.7511363636363637,0.8287878787878787
465,22,33,11,7,0.7534246575342466,0.7543103448275862,0.75,0.7586206896551724,0.7857142857142857,0.7586206896551724,0.75,0.7096774193548387,0.7476958525345623,0.8393416927899686
466,19,39,10,5,0.7945205479452054,0.7937925170068028,0.7959183673469388,0.7916666666666666,0.8387096774193549,0.7916666666666666,0.7959183673469388,0.7169811320754716,0.7778454047474133,0.8596938775510204
467,18,43,8,4,0.8356164383561644,0.8306595365418895,0.8431372549019608,0.8181818181818182,0.8775510204081632,0.8181818181818182,0.8431372549019608,0.75,0.8137755102040816,0.9064171122994651
468,19,39,10,5,0.7945205479452054,0.7937925170068028,0.7959183673469388,0.7916666666666666,0.8387096774193549,0.7916666666666666,0.7959183673469388,0.7169811320754716,0.7778454047474133,0.8784013605442177
469,26,29,14,4,0.7534246575342466,0.7705426356589147,0.6744186046511628,0.8666666666666667,0.7631578947368421,0.8666666666666667,0.6744186046511628,0.7428571428571429,0.7530075187969925,0.8643410852713178
470,27,36,4,6,0.863013698630137,0.8590909090909091,0.9,0.8181818181818182,0.8780487804878049,0.8181818181818182,0.9,0.84375,0.8608993902439024,0.912878787878788
471,23,32,8,10,0.7534246575342466,0.7484848484848485,0.8,0.696969696969697,0.7804878048780488,0.696969696969697,0.8,0.71875,0.7496189024390244,0.8666666666666667
472,22,35,7,9,0.7808219178082192,0.771505376344086,0.8333333333333334,0.7096774193548387,0.813953488372093,0.7096774193548387,0.8333333333333334,0.7333333333333333,0.7736434108527132,0.8341013824884793
473,15,41,9,8,0.7671232876712328,0.7360869565217392,0.82,0.6521739130434783,0.8282828282828283,0.6521739130434783,0.82,0.6382978723404256,0.7332903503116269,0.7956521739130435
474,18,39,5,11,0.7808219178082192,0.7535266457680251,0.8863636363636364,0.6206896551724138,0.8297872340425532,0.6206896551724138,0.8863636363636364,0.6923076923076923,0.7610474631751227,0.8377742946708464
475,19,40,12,2,0.8082191780821918,0.836996336996337,0.7692307692307693,0.9047619047619048,0.851063829787234,0.9047619047619048,0.7692307692307693,0.7307692307692307,0.7909165302782324,0.9175824175824177
476,24,37,8,4,0.8356164383561644,0.8396825396825396,0.8222222222222222,0.8571428571428571,0.8604651162790697,0.8571428571428571,0.8222222222222222,0.8,0.8302325581395349,0.8992063492063493
477,23,29,9,12,0.7123287671232876,0.7101503759398496,0.7631578947368421,0.6571428571428571,0.7341772151898734,0.6571428571428571,0.7631578947368421,0.6865671641791045,0.710372189684489,0.8255639097744362
478,19,33,13,8,0.7123287671232876,0.7105475040257649,0.717391304347826,0.7037037037037037,0.7586206896551724,0.7037037037037037,0.717391304347826,0.6440677966101694,0.7013442431326709,0.8107890499194846
479,22,29,15,7,0.6986301369863014,0.7088557993730407,0.6590909090909091,0.7586206896551724,0.725,0.7586206896551724,0.6590909090909091,0.6666666666666666,0.6958333333333333,0.8440438871473355
480,22,30,14,7,0.7123287671232876,0.7202194357366771,0.6818181818181818,0.7586206896551724,0.7407407407407407,0.7586206896551724,0.6818181818181818,0.676923076923077,0.7088319088319088,0.8808777429467084
481,22,35,11,5,0.7808219178082192,0.787842190016103,0.7608695652173914,0.8148148148148148,0.813953488372093,0.8148148148148148,0.7608695652173914,0.7333333333333333,0.7736434108527132,0.8856682769726248
482,18,42,7,6,0.821917808219178,0.8035714285714286,0.8571428571428571,0.75,0.865979381443299,0.75,0.8571428571428571,0.7346938775510204,0.8003366294971597,0.8596938775510204
483,23,38,8,4,0.8356164383561644,0.8389694041867954,0.8260869565217391,0.8518518518518519,0.8636363636363636,0.8518518518518519,0.8260869565217391,0.7931034482758621,0.8283699059561129,0.8816425120772947
484,15,40,8,10,0.7534246575342466,0.7166666666666667,0.8333333333333334,0.6,0.8163265306122449,0.6,0.8333333333333334,0.625,0.7206632653061225,0.8258333333333333
485,16,33,13,11,0.6712328767123288,0.6549919484702094,0.717391304347826,0.5925925925925926,0.7333333333333333,0.5925925925925926,0.717391304347826,0.5714285714285714,0.6523809523809523,0.7367149758454106
486,16,41,13,3,0.7808219178082192,0.800682261208577,0.7592592592592593,0.8421052631578947,0.8367346938775511,0.8421052631578947,0.7592592592592593,0.6666666666666666,0.7517006802721089,0.8771929824561403
487,20,34,12,7,0.7397260273972602,0.7399355877616747,0.7391304347826086,0.7407407407407407,0.7816091954022989,0.7407407407407407,0.7391304347826086,0.6779661016949152,0.729787648548607,0.8703703703703703
488,19,34,11,9,0.726027397260274,0.7170634920634921,0.7555555555555555,0.6785714285714286,0.7727272727272727,0.6785714285714286,0.7555555555555555,0.6551724137931034,0.7139498432601881,0.8317460317460318
489,23,35,7,8,0.7945205479452054,0.7876344086021505,0.8333333333333334,0.7419354838709677,0.8235294117647058,0.7419354838709677,0.8333333333333334,0.7540983606557377,0.7888138862102217,0.8548387096774193
490,24,28,12,9,0.7123287671232876,0.7136363636363636,0.7,0.7272727272727273,0.7272727272727273,0.7272727272727273,0.7,0.6956521739130435,0.7114624505928854,0.8310606060606062
491,20,38,8,7,0.7945205479452054,0.7834138486312399,0.8260869565217391,0.7407407407407407,0.8351648351648352,0.7407407407407407,0.8260869565217391,0.7272727272727273,0.7812187812187812,0.8888888888888888
492,20,35,10,8,0.7534246575342466,0.746031746031746,0.7777777777777778,0.7142857142857143,0.7954545454545454,0.7142857142857143,0.7777777777777778,0.6896551724137931,0.7425548589341693,0.8563492063492063
493,13,33,14,13,0.6301369863013698,0.601063829787234,0.7021276595744681,0.5,0.7096774193548387,0.5,0.7021276595744681,0.49056603773584906,0.600121728545344,0.6636661211129297
494,23,38,9,3,0.8356164383561644,0.8465630114566285,0.8085106382978723,0.8846153846153846,0.8636363636363636,0.8846153846153846,0.8085106382978723,0.7931034482758621,0.8283699059561129,0.9148936170212765
495,18,46,7,2,0.8767123287671232,0.8839622641509435,0.8679245283018868,0.9,0.9108910891089109,0.9,0.8679245283018868,0.8,0.8554455445544555,0.9490566037735849
496,21,32,15,5,0.726027397260274,0.7442716857610474,0.6808510638297872,0.8076923076923077,0.7619047619047619,0.8076923076923077,0.6808510638297872,0.6774193548387096,0.7196620583717357,0.8355155482815058
497,17,42,10,4,0.8082191780821918,0.8086080586080586,0.8076923076923077,0.8095238095238095,0.8571428571428571,0.8095238095238095,0.8076923076923077,0.7083333333333334,0.7827380952380952,0.8553113553113553
498,26,32,7,8,0.7945205479452054,0.7926093514328808,0.8205128205128205,0.7647058823529411,0.810126582278481,0.7647058823529411,0.8205128205128205,0.7761194029850746,0.7931229926317778,0.8574660633484164
499,14,39,9,11,0.726027397260274,0.68625,0.8125,0.56,0.7959183673469388,0.56,0.8125,0.5833333333333334,0.689625850340136,0.7766666666666666
500,23,32,7,11,0.7534246575342466,0.7484917043740573,0.8205128205128205,0.6764705882352942,0.7804878048780488,0.6764705882352942,0.8205128205128205,0.71875,0.7496189024390244,0.8740573152337857
501,19,43,5,6,0.8493150684931506,0.8279166666666666,0.8958333333333334,0.76,0.8865979381443299,0.76,0.8958333333333334,0.7755102040816326,0.8310540711129812,0.9158333333333334
502,17,35,10,11,0.7123287671232876,0.6924603174603174,0.7777777777777778,0.6071428571428571,0.7692307692307693,0.6071428571428571,0.7777777777777778,0.6181818181818182,0.6937062937062937,0.7611111111111111
503,11,45,10,7,0.7671232876712328,0.7146464646464648,0.8181818181818182,0.6111111111111112,0.8411214953271028,0.6111111111111112,0.8181818181818182,0.5641025641025641,0.7026120297148335,0.7747474747474747
504,18,38,9,8,0.7671232876712328,0.7504091653027822,0.8085106382978723,0.6923076923076923,0.8172043010752689,0.6923076923076923,0.8085106382978723,0.6792452830188679,0.7482247920470684,0.8346972176759411
505,22,36,9,6,0.7945205479452054,0.7928571428571429,0.8,0.7857142857142857,0.8275862068965517,0.7857142857142857,0.8,0.7457627118644068,0.7866744593804793,0.8555555555555555
506,18,32,13,10,0.684931506849315,0.676984126984127,0.7111111111111111,0.6428571428571429,0.735632183908046,0.6428571428571429,0.7111111111111111,0.6101694915254238,0.6729008377167349,0.7912698412698412
507,25,33,11,4,0.7945205479452054,0.8060344827586207,0.75,0.8620689655172413,0.8148148148148148,0.8620689655172413,0.75,0.7692307692307693,0.792022792022792,0.8847962382445141
508,15,47,7,4,0.8493150684931506,0.8299220272904484,0.8703703703703703,0.7894736842105263,0.8952380952380953,0.7894736842105263,0.8703703703703703,0.7317073170731707,0.813472706155633,0.8615984405458089
509,24,41,3,5,0.8904109589041096,0.8797021943573667,0.9318181818181818,0.8275862068965517,0.9111111111111111,0.8275862068965517,0.9318181818181818,0.8571428571428571,0.8841269841269841,0.9255485893416928
510,19,40,8,6,0.8082191780821918,0.7966666666666666,0.8333333333333334,0.76,0.851063829787234,0.76,0.8333333333333334,0.7307692307692307,0.7909165302782324,0.85
511,18,32,10,13,0.684931506849315,0.6712749615975422,0.7619047619047619,0.5806451612903226,0.735632183908046,0.5806451612903226,0.7619047619047619,0.6101694915254238,0.6729008377167349,0.7741935483870966
512,19,34,12,8,0.726027397260274,0.7214170692431562,0.7391304347826086,0.7037037037037037,0.7727272727272727,0.7037037037037037,0.7391304347826086,0.6551724137931034,0.7139498432601881,0.8148148148148148
513,12,44,8,9,0.7671232876712328,0.7087912087912087,0.8461538461538461,0.5714285714285714,0.8380952380952381,0.5714285714285714,0.8461538461538461,0.5853658536585366,0.7117305458768873,0.804029304029304
514,28,34,8,3,0.8493150684931506,0.8563748079877112,0.8095238095238095,0.9032258064516129,0.8607594936708861,0.9032258064516129,0.8095238095238095,0.835820895522388,0.848290194596637,0.9493087557603687
515,19,44,6,4,0.863013698630137,0.8530434782608696,0.88,0.8260869565217391,0.8979591836734694,0.8260869565217391,0.88,0.7916666666666666,0.844812925170068,0.9139130434782609
516,20,35,9,9,0.7534246575342466,0.7425548589341693,0.7954545454545454,0.6896551724137931,0.7954545454545454,0.6896551724137931,0.7954545454545454,0.6896551724137931,0.7425548589341693,0.797805642633229
517,17,38,12,6,0.7534246575342466,0.7495652173913043,0.76,0.7391304347826086,0.8085106382978723,0.7391304347826086,0.76,0.6538461538461539,0.7311783960720131,0.8426086956521739
518,28,32,9,4,0.821917808219178,0.8277439024390244,0.7804878048780488,0.875,0.8311688311688312,0.875,0.7804878048780488,0.8115942028985508,0.821381517033691,0.8864329268292681
519,14,39,11,9,0.726027397260274,0.6943478260869566,0.78,0.6086956521739131,0.7959183673469388,0.6086956521739131,0.78,0.5833333333333334,0.689625850340136,0.7469565217391305
520,12,48,6,7,0.821917808219178,0.7602339181286549,0.8888888888888888,0.631578947368421,0.8807339449541285,0.631578947368421,0.8888888888888888,0.6486486486486487,0.7646912968013886,0.8274853801169592
521,22,35,13,3,0.7808219178082192,0.8045833333333333,0.7291666666666666,0.88,0.813953488372093,0.88,0.7291666666666666,0.7333333333333333,0.7736434108527132,0.9308333333333333
522,20,38,6,9,0.7945205479452054,0.7766457680250785,0.8636363636363636,0.6896551724137931,0.8351648351648352,0.6896551724137931,0.8636363636363636,0.7272727272727273,0.7812187812187812,0.8268025078369907
523,14,43,11,5,0.7808219178082192,0.7665692007797271,0.7962962962962963,0.7368421052631579,0.8431372549019608,0.7368421052631579,0.7962962962962963,0.6363636363636364,0.7397504456327986,0.9044834307992202
524,18,38,11,6,0.7671232876712328,0.7627551020408163,0.7755102040816326,0.75,0.8172043010752689,0.75,0.7755102040816326,0.6792452830188679,0.7482247920470684,0.8375850340136055
525,18,40,9,6,0.7945205479452054,0.7831632653061225,0.8163265306122449,0.75,0.8421052631578947,0.75,0.8163265306122449,0.7058823529411765,0.7739938080495357,0.8511904761904762
526,16,46,7,4,0.8493150684931506,0.8339622641509434,0.8679245283018868,0.8,0.8932038834951457,0.8,0.8679245283018868,0.7441860465116279,0.8186949650033868,0.8858490566037736
527,20,35,10,8,0.7534246575342466,0.746031746031746,0.7777777777777778,0.7142857142857143,0.7954545454545454,0.7142857142857143,0.7777777777777778,0.6896551724137931,0.7425548589341693,0.8198412698412699
528,17,39,8,9,0.7671232876712328,0.7418166939443536,0.8297872340425532,0.6538461538461539,0.8210526315789474,0.6538461538461539,0.8297872340425532,0.6666666666666666,0.743859649122807,0.7986906710310966
529,22,35,10,6,0.7808219178082192,0.7817460317460317,0.7777777777777778,0.7857142857142857,0.813953488372093,0.7857142857142857,0.7777777777777778,0.7333333333333333,0.7736434108527132,0.8587301587301588
530,24,32,8,9,0.7671232876712328,0.7636363636363637,0.8,0.7272727272727273,0.7901234567901234,0.7272727272727273,0.8,0.7384615384615385,0.764292497625831,0.8325757575757576
531,16,42,10,5,0.7945205479452054,0.7847985347985348,0.8076923076923077,0.7619047619047619,0.8484848484848485,0.7619047619047619,0.8076923076923077,0.6808510638297872,0.7646679561573179,0.9065934065934066
532,22,38,7,6,0.821917808219178,0.8150793650793651,0.8444444444444444,0.7857142857142857,0.8539325842696629,0.7857142857142857,0.8444444444444444,0.7719298245614035,0.8129312044155332,0.876984126984127
533,15,43,9,6,0.7945205479452054,0.7706043956043955,0.8269230769230769,0.7142857142857143,0.8514851485148515,0.7142857142857143,0.8269230769230769,0.6666666666666666,0.759075907590759,0.8745421245421245
534,15,40,12,6,0.7534246575342466,0.7417582417582418,0.7692307692307693,0.7142857142857143,0.8163265306122449,0.7142857142857143,0.7692307692307693,0.625,0.7206632653061225,0.8113553113553112
535,26,35,7,5,0.8356164383561644,0.8360215053763441,0.8333333333333334,0.8387096774193549,0.8536585365853658,0.8387096774193549,0.8333333333333334,0.8125,0.8330792682926829,0.8648233486943163
536,15,43,8,7,0.7945205479452054,0.7624777183600713,0.8431372549019608,0.6818181818181818,0.8514851485148515,0.6818181818181818,0.8431372549019608,0.6666666666666666,0.759075907590759,0.8404634581105169
537,21,40,7,5,0.8356164383561644,0.8293780687397709,0.851063829787234,0.8076923076923077,0.8695652173913043,0.8076923076923077,0.851063829787234,0.7777777777777778,0.8236714975845411,0.8772504091653027
538,12,49,8,4,0.8356164383561644,0.8048245614035088,0.8596491228070176,0.75,0.8909090909090909,0.75,0.8596491228070176,0.6666666666666666,0.7787878787878788,0.881578947368421
539,14,41,12,6,0.7534246575342466,0.7367924528301887,0.7735849056603774,0.7,0.82,0.7,0.7735849056603774,0.6086956521739131,0.7143478260869565,0.7679245283018867
540,14,42,11,6,0.7671232876712328,0.7462264150943396,0.7924528301886793,0.7,0.8316831683168316,0.7,0.7924528301886793,0.6222222222222222,0.7269526952695269,0.7849056603773585
541,14,37,12,10,0.6986301369863014,0.6692176870748299,0.7551020408163265,0.5833333333333334,0.7708333333333334,0.5833333333333334,0.7551020408163265,0.56,0.6654166666666668,0.7083333333333334
542,15,42,8,8,0.7808219178082192,0.7460869565217392,0.84,0.6521739130434783,0.84,0.6521739130434783,0.84,0.6521739130434783,0.7460869565217392,0.8017391304347825
543,25,35,5,8,0.821917808219178,0.8162878787878788,0.875,0.7575757575757576,0.8433734939759037,0.7575757575757576,0.875,0.7936507936507936,0.8185121438133487,0.9045454545454545
544,23,32,7,11,0.7534246575342466,0.7484917043740573,0.8205128205128205,0.6764705882352942,0.7804878048780488,0.6764705882352942,0.8205128205128205,0.71875,0.7496189024390244,0.7601809954751132
545,16,42,11,4,0.7945205479452054,0.7962264150943397,0.7924528301886793,0.8,0.8484848484848485,0.8,0.7924528301886793,0.6808510638297872,0.7646679561573179,0.8481132075471698
546,19,41,10,3,0.821917808219178,0.8337789661319073,0.803921568627451,0.8636363636363636,0.8631578947368421,0.8636363636363636,0.803921568627451,0.7450980392156863,0.8041279669762642,0.8957219251336899
547,22,37,11,3,0.8082191780821918,0.8254166666666667,0.7708333333333334,0.88,0.8409090909090909,0.88,0.7708333333333334,0.7586206896551724,0.7997648902821317,0.88
548,25,35,8,5,0.821917808219178,0.8236434108527132,0.813953488372093,0.8333333333333334,0.8433734939759037,0.8333333333333334,0.813953488372093,0.7936507936507936,0.8185121438133487,0.9015503875968993
549,21,36,8,8,0.7808219178082192,0.7711598746081505,0.8181818181818182,0.7241379310344828,0.8181818181818182,0.7241379310344828,0.8181818181818182,0.7241379310344828,0.7711598746081505,0.8832288401253919
550,16,41,7,9,0.7808219178082192,0.7470833333333333,0.8541666666666666,0.64,0.8367346938775511,0.64,0.8541666666666666,0.6666666666666666,0.7517006802721089,0.82
551,23,30,11,9,0.726027397260274,0.7252286585365854,0.7317073170731707,0.71875,0.75,0.71875,0.7317073170731707,0.696969696969697,0.7234848484848485,0.8140243902439024
552,21,31,10,11,0.7123287671232876,0.7061737804878049,0.7560975609756098,0.65625,0.7469879518072289,0.65625,0.7560975609756098,0.6666666666666666,0.7068273092369477,0.7545731707317074
553,20,43,6,4,0.863013698630137,0.8554421768707483,0.8775510204081632,0.8333333333333334,0.8958333333333334,0.8333333333333334,0.8775510204081632,0.8,0.8479166666666667,0.9158163265306123
554,14,38,14,7,0.7123287671232876,0.6987179487179487,0.7307692307692307,0.6666666666666666,0.7835051546391752,0.6666666666666666,0.7307692307692307,0.5714285714285714,0.6774668630338734,0.782051282051282
555,16,41,10,6,0.7808219178082192,0.7655971479500892,0.803921568627451,0.7272727272727273,0.8367346938775511,0.7272727272727273,0.803921568627451,0.6666666666666666,0.7517006802721089,0.8707664884135472
556,26,34,7,6,0.821917808219178,0.8208841463414633,0.8292682926829268,0.8125,0.8395061728395061,0.8125,0.8292682926829268,0.8,0.8197530864197531,0.9176829268292683
557,17,43,8,5,0.821917808219178,0.8079322638146167,0.8431372549019608,0.7727272727272727,0.8686868686868687,0.7727272727272727,0.8431372549019608,0.723404255319149,0.7960455620030089,0.838680926916221
558,23,32,11,7,0.7534246575342466,0.7554263565891473,0.7441860465116279,0.7666666666666667,0.7804878048780488,0.7666666666666667,0.7441860465116279,0.71875,0.7496189024390244,0.8248062015503878
559,17,38,13,5,0.7534246575342466,0.7589126559714795,0.7450980392156863,0.7727272727272727,0.8085106382978723,0.7727272727272727,0.7450980392156863,0.6538461538461539,0.7311783960720131,0.8600713012477719
560,20,38,8,7,0.7945205479452054,0.7834138486312399,0.8260869565217391,0.7407407407407407,0.8351648351648352,0.7407407407407407,0.8260869565217391,0.7272727272727273,0.7812187812187812,0.8872785829307568
561,24,36,4,9,0.821917808219178,0.8136363636363637,0.9,0.7272727272727273,0.8470588235294118,0.7272727272727273,0.9,0.7868852459016393,0.8169720347155256,0.8477272727272729
562,14,44,12,3,0.7945205479452054,0.8046218487394958,0.7857142857142857,0.8235294117647058,0.8543689320388349,0.8235294117647058,0.7857142857142857,0.6511627906976745,0.7527658613682546,0.8571428571428571
563,22,41,7,3,0.863013698630137,0.8670833333333333,0.8541666666666666,0.88,0.8913043478260869,0.88,0.8541666666666666,0.8148148148148148,0.8530595813204509,0.9616666666666667
564,17,40,9,7,0.7808219178082192,0.7623299319727892,0.8163265306122449,0.7083333333333334,0.8333333333333334,0.7083333333333334,0.8163265306122449,0.68,0.7566666666666667,0.8086734693877552
565,13,39,9,12,0.7123287671232876,0.66625,0.8125,0.52,0.7878787878787878,0.52,0.8125,0.5531914893617021,0.6705351386202449,0.68
566,25,32,9,7,0.7808219178082192,0.7808689024390244,0.7804878048780488,0.78125,0.8,0.78125,0.7804878048780488,0.7575757575757576,0.7787878787878788,0.8704268292682927
567,17,40,8,8,0.7808219178082192,0.7566666666666667,0.8333333333333334,0.68,0.8333333333333334,0.68,0.8333333333333334,0.68,0.7566666666666667,0.8491666666666667
568,17,42,10,4,0.8082191780821918,0.8086080586080586,0.8076923076923077,0.8095238095238095,0.8571428571428571,0.8095238095238095,0.8076923076923077,0.7083333333333334,0.7827380952380952,0.8672161172161172
569,24,31,11,7,0.7534246575342466,0.7561443932411674,0.7380952380952381,0.7741935483870968,0.775,0.7741935483870968,0.7380952380952381,0.7272727272727273,0.7511363636363637,0.8379416282642089
570,22,38,11,2,0.821917808219178,0.8460884353741496,0.7755102040816326,0.9166666666666666,0.8539325842696629,0.9166666666666666,0.7755102040816326,0.7719298245614035,0.8129312044155332,0.9319727891156463
571,21,32,11,9,0.726027397260274,0.7220930232558139,0.7441860465116279,0.7,0.7619047619047619,0.7,0.7441860465116279,0.6774193548387096,0.7196620583717357,0.8286821705426356
572,20,35,4,14,0.7534246575342466,0.7428355957767723,0.8974358974358975,0.5882352941176471,0.7954545454545454,0.5882352941176471,0.8974358974358975,0.6896551724137931,0.7425548589341693,0.7594268476621419
573,19,36,7,11,0.7534246575342466,0.7352713178294574,0.8372093023255814,0.6333333333333333,0.8,0.6333333333333333,0.8372093023255814,0.6785714285714286,0.7392857142857143,0.8356589147286821
574,19,40,8,6,0.8082191780821918,0.7966666666666666,0.8333333333333334,0.76,0.851063829787234,0.76,0.8333333333333334,0.7307692307692307,0.7909165302782324,0.8875000000000001
575,20,36,11,6,0.7671232876712328,0.76759410801964,0.7659574468085106,0.7692307692307693,0.8089887640449438,0.7692307692307693,0.7659574468085106,0.7017543859649122,0.755371575004928,0.8453355155482815
576,18,38,6,11,0.7671232876712328,0.7421630094043887,0.8636363636363636,0.6206896551724138,0.8172043010752689,0.6206896551724138,0.8636363636363636,0.6792452830188679,0.7482247920470684,0.8205329153605015
577,22,39,9,3,0.8356164383561644,0.84625,0.8125,0.88,0.8666666666666667,0.88,0.8125,0.7857142857142857,0.8261904761904761,0.94
578,23,35,8,7,0.7945205479452054,0.7903100775193799,0.813953488372093,0.7666666666666667,0.8235294117647058,0.7666666666666667,0.813953488372093,0.7540983606557377,0.7888138862102217,0.8782945736434108
579,20,38,9,6,0.7945205479452054,0.7888707037643208,0.8085106382978723,0.7692307692307693,0.8351648351648352,0.7692307692307693,0.8085106382978723,0.7272727272727273,0.7812187812187812,0.8338788870703765
580,20,42,7,4,0.8493150684931506,0.8452380952380952,0.8571428571428571,0.8333333333333334,0.8842105263157894,0.8333333333333334,0.8571428571428571,0.7843137254901961,0.8342621259029928,0.8860544217687076
581,25,35,8,5,0.821917808219178,0.8236434108527132,0.813953488372093,0.8333333333333334,0.8433734939759037,0.8333333333333334,0.813953488372093,0.7936507936507936,0.8185121438133487,0.9023255813953489
582,15,42,10,6,0.7808219178082192,0.760989010989011,0.8076923076923077,0.7142857142857143,0.84,0.7142857142857143,0.8076923076923077,0.6521739130434783,0.7460869565217392,0.8223443223443225
583,19,40,6,8,0.8082191780821918,0.786634460547504,0.8695652173913043,0.7037037037037037,0.851063829787234,0.7037037037037037,0.8695652173913043,0.7307692307692307,0.7909165302782324,0.8196457326892108
584,15,34,14,10,0.6712328767123288,0.6541666666666667,0.7083333333333334,0.6,0.7391304347826086,0.6,0.7083333333333334,0.5555555555555556,0.6473429951690821,0.7824999999999999
585,23,43,3,4,0.9041095890410958,0.893317230273752,0.9347826086956522,0.8518518518518519,0.9247311827956989,0.8518518518518519,0.9347826086956522,0.8679245283018868,0.8963278555487928,0.8913043478260869
586,24,38,9,2,0.8493150684931506,0.8657937806873977,0.8085106382978723,0.9230769230769231,0.8735632183908046,0.9230769230769231,0.8085106382978723,0.8135593220338984,0.8435612702123515,0.9345335515548281
587,22,38,9,4,0.821917808219178,0.8273322422258592,0.8085106382978723,0.8461538461538461,0.8539325842696629,0.8461538461538461,0.8085106382978723,0.7719298245614035,0.8129312044155332,0.8952536824877251
588,12,41,8,12,0.726027397260274,0.6683673469387755,0.8367346938775511,0.5,0.803921568627451,0.5,0.8367346938775511,0.5454545454545454,0.6746880570409982,0.7721088435374149
589,21,39,10,3,0.821917808219178,0.8354591836734694,0.7959183673469388,0.875,0.8571428571428571,0.875,0.7959183673469388,0.7636363636363637,0.8103896103896104,0.9047619047619049
590,17,37,11,8,0.7397260273972602,0.7254166666666667,0.7708333333333334,0.68,0.7956989247311828,0.68,0.7708333333333334,0.6415094339622641,0.7186041793467235,0.8233333333333331
591,15,48,7,3,0.863013698630137,0.853030303030303,0.8727272727272727,0.8333333333333334,0.9056603773584906,0.8333333333333334,0.8727272727272727,0.75,0.8278301886792453,0.9393939393939394
592,20,37,6,10,0.7808219178082192,0.7635658914728682,0.8604651162790697,0.6666666666666666,0.8222222222222222,0.6666666666666666,0.8604651162790697,0.7142857142857143,0.7682539682539682,0.8480620155038759
593,11,42,11,9,0.726027397260274,0.6712264150943397,0.7924528301886793,0.55,0.8076923076923077,0.55,0.7924528301886793,0.5238095238095238,0.6657509157509158,0.7783018867924528
594,24,38,8,3,0.8493150684931506,0.857487922705314,0.8260869565217391,0.8888888888888888,0.8735632183908046,0.8888888888888888,0.8260869565217391,0.8135593220338984,0.8435612702123515,0.9524959742351047
595,22,38,11,2,0.821917808219178,0.8460884353741496,0.7755102040816326,0.9166666666666666,0.8539325842696629,0.9166666666666666,0.7755102040816326,0.7719298245614035,0.8129312044155332,0.939625850340136
596,17,41,9,6,0.7945205479452054,0.7795652173913044,0.82,0.7391304347826086,0.845360824742268,0.7391304347826086,0.82,0.6938775510204082,0.7696191878813381,0.8234782608695653
597,20,27,18,8,0.6438356164383562,0.6571428571428571,0.6,0.7142857142857143,0.675,0.7142857142857143,0.6,0.6060606060606061,0.6405303030303031,0.788888888888889
598,22,37,9,5,0.8082191780821918,0.8095813204508857,0.8043478260869565,0.8148148148148148,0.8409090909090909,0.8148148148148148,0.8043478260869565,0.7586206896551724,0.7997648902821317,0.855877616747182
599,15,44,10,4,0.8082191780821918,0.8021442495126705,0.8148148148148148,0.7894736842105263,0.8627450980392157,0.7894736842105263,0.8148148148148148,0.6818181818181818,0.7722816399286987,0.8479532163742691
600,16,36,14,7,0.7123287671232876,0.7078260869565217,0.72,0.6956521739130435,0.7741935483870968,0.6956521739130435,0.72,0.6037735849056604,0.6889835666463786,0.8165217391304347
601,22,39,8,4,0.8356164383561644,0.8379705400981996,0.8297872340425532,0.8461538461538461,0.8666666666666667,0.8461538461538461,0.8297872340425532,0.7857142857142857,0.8261904761904761,0.8837970540098199
602,17,43,13,0,0.821917808219178,0.8839285714285714,0.7678571428571429,1.0,0.8686868686868687,1.0,0.7678571428571429,0.723404255319149,0.7960455620030089,0.9527310924369748
603,19,38,11,5,0.7808219178082192,0.7835884353741496,0.7755102040816326,0.7916666666666666,0.8260869565217391,0.7916666666666666,0.7755102040816326,0.7037037037037037,0.7648953301127215,0.8528911564625852
604,23,39,6,5,0.8493150684931506,0.844047619047619,0.8666666666666667,0.8214285714285714,0.8764044943820225,0.8214285714285714,0.8666666666666667,0.8070175438596491,0.8417110191208358,0.907936507936508
605,21,42,5,5,0.863013698630137,0.8506546644844517,0.8936170212765957,0.8076923076923077,0.8936170212765957,0.8076923076923077,0.8936170212765957,0.8076923076923077,0.8506546644844517,0.9198036006546645
606,24,33,5,11,0.7808219178082192,0.7770676691729324,0.868421052631579,0.6857142857142857,0.8048780487804879,0.6857142857142857,0.868421052631579,0.75,0.7774390243902439,0.806015037593985
607,24,35,13,1,0.8082191780821918,0.8445833333333332,0.7291666666666666,0.96,0.8333333333333334,0.96,0.7291666666666666,0.7741935483870968,0.803763440860215,0.9483333333333333
608,21,41,5,6,0.8493150684931506,0.8345410628019323,0.8913043478260869,0.7777777777777778,0.8817204301075269,0.7777777777777778,0.8913043478260869,0.7924528301886793,0.837086630148103,0.8574879227053139
609,19,43,6,5,0.8493150684931506,0.8346088435374149,0.8775510204081632,0.7916666666666666,0.8865979381443299,0.7916666666666666,0.8775510204081632,0.7755102040816326,0.8310540711129812,0.9124149659863946
610,12,46,7,8,0.7945205479452054,0.7339622641509433,0.8679245283018868,0.6,0.8598130841121495,0.6,0.8679245283018868,0.6153846153846154,0.7375988497483825,0.730188679245283
611,15,38,11,9,0.726027397260274,0.7002551020408163,0.7755102040816326,0.625,0.7916666666666666,0.625,0.7755102040816326,0.6,0.6958333333333333,0.7363945578231292
612,20,38,12,3,0.7945205479452054,0.8147826086956522,0.76,0.8695652173913043,0.8351648351648352,0.8695652173913043,0.76,0.7272727272727273,0.7812187812187812,0.9121739130434783
613,18,38,14,3,0.7671232876712328,0.7939560439560439,0.7307692307692307,0.8571428571428571,0.8172043010752689,0.8571428571428571,0.7307692307692307,0.6792452830188679,0.7482247920470684,0.8974358974358975
614,14,47,7,5,0.8356164383561644,0.8036062378167641,0.8703703703703703,0.7368421052631579,0.8867924528301887,0.7368421052631579,0.8703703703703703,0.7,0.7933962264150943,0.831384015594542
615,21,35,11,6,0.7671232876712328,0.7693236714975846,0.7608695652173914,0.7777777777777778,0.8045977011494253,0.7777777777777778,0.7608695652173914,0.711864406779661,0.7582310539645432,0.8357487922705314
616,18,41,6,8,0.8082191780821918,0.7823240589198036,0.8723404255319149,0.6923076923076923,0.8541666666666666,0.6923076923076923,0.8723404255319149,0.72,0.7870833333333334,0.8461538461538461
617,17,41,5,10,0.7945205479452054,0.7604669887278583,0.8913043478260869,0.6296296296296297,0.845360824742268,0.6296296296296297,0.8913043478260869,0.6938775510204082,0.7696191878813381,0.822866344605475
618,19,41,11,2,0.821917808219178,0.8466117216117216,0.7884615384615384,0.9047619047619048,0.8631578947368421,0.9047619047619048,0.7884615384615384,0.7450980392156863,0.8041279669762642,0.9304029304029304
619,17,34,14,8,0.6986301369863014,0.6941666666666667,0.7083333333333334,0.68,0.7555555555555555,0.68,0.7083333333333334,0.6071428571428571,0.6813492063492064,0.8333333333333334
620,19,40,9,5,0.8082191780821918,0.8039965986394557,0.8163265306122449,0.7916666666666666,0.851063829787234,0.7916666666666666,0.8163265306122449,0.7307692307692307,0.7909165302782324,0.8775510204081632
621,16,44,6,7,0.821917808219178,0.7878260869565217,0.88,0.6956521739130435,0.8712871287128713,0.6956521739130435,0.88,0.7111111111111111,0.7911991199119912,0.8782608695652174
622,23,36,8,6,0.8082191780821918,0.8056426332288402,0.8181818181818182,0.7931034482758621,0.8372093023255814,0.7931034482758621,0.8181818181818182,0.7666666666666667,0.8019379844961241,0.8605015673981191
623,23,28,9,13,0.6986301369863014,0.6978228228228228,0.7567567567567568,0.6388888888888888,0.717948717948718,0.6388888888888888,0.7567567567567568,0.6764705882352942,0.697209653092006,0.7995495495495495
624,21,41,7,4,0.8493150684931506,0.8470833333333333,0.8541666666666666,0.84,0.8817204301075269,0.84,0.8541666666666666,0.7924528301886793,0.837086630148103,0.8791666666666667
625,19,44,5,5,0.863013698630137,0.844812925170068,0.8979591836734694,0.7916666666666666,0.8979591836734694,0.7916666666666666,0.8979591836734694,0.7916666666666666,0.844812925170068,0.8767006802721088
626,14,44,9,6,0.7945205479452054,0.7650943396226415,0.8301886792452831,0.7,0.8543689320388349,0.7,0.8301886792452831,0.6511627906976745,0.7527658613682546,0.8688679245283019
627,23,36,7,7,0.8082191780821918,0.8019379844961241,0.8372093023255814,0.7666666666666667,0.8372093023255814,0.7666666666666667,0.8372093023255814,0.7666666666666667,0.8019379844961241,0.827906976744186
628,13,42,10,8,0.7534246575342466,0.7133699633699634,0.8076923076923077,0.6190476190476191,0.8235294117647058,0.6190476190476191,0.8076923076923077,0.5909090909090909,0.7072192513368984,0.7847985347985348
629,21,34,12,6,0.7534246575342466,0.7584541062801933,0.7391304347826086,0.7777777777777778,0.7906976744186046,0.7777777777777778,0.7391304347826086,0.7,0.7453488372093022,0.8615136876006442
630,24,36,4,9,0.821917808219178,0.8136363636363637,0.9,0.7272727272727273,0.8470588235294118,0.7272727272727273,0.9,0.7868852459016393,0.8169720347155256,0.8333333333333331
631,27,35,6,5,0.8493150684931506,0.8487042682926829,0.8536585365853658,0.84375,0.8641975308641975,0.84375,0.8536585365853658,0.8307692307692308,0.8474833808167141,0.9077743902439025
632,19,36,17,1,0.7534246575342466,0.814622641509434,0.6792452830188679,0.95,0.8,0.95,0.6792452830188679,0.6785714285714286,0.7392857142857143,0.9292452830188679
633,23,29,9,12,0.7123287671232876,0.7101503759398496,0.7631578947368421,0.6571428571428571,0.7341772151898734,0.6571428571428571,0.7631578947368421,0.6865671641791045,0.710372189684489,0.8022556390977443
634,18,35,15,5,0.726027397260274,0.741304347826087,0.7,0.782608695652174,0.7777777777777778,0.782608695652174,0.7,0.6428571428571429,0.7103174603174603,0.8260869565217391
635,18,47,4,4,0.8904109589041096,0.8698752228163993,0.9215686274509803,0.8181818181818182,0.9215686274509803,0.8181818181818182,0.9215686274509803,0.8181818181818182,0.8698752228163993,0.9180035650623886
636,13,47,10,3,0.821917808219178,0.8185307017543859,0.8245614035087719,0.8125,0.8785046728971962,0.8125,0.8245614035087719,0.6666666666666666,0.7725856697819314,0.881578947368421
637,19,40,9,5,0.8082191780821918,0.8039965986394557,0.8163265306122449,0.7916666666666666,0.851063829787234,0.7916666666666666,0.8163265306122449,0.7307692307692307,0.7909165302782324,0.9175170068027211
638,18,37,6,12,0.7534246575342466,0.7302325581395348,0.8604651162790697,0.6,0.8043478260869565,0.6,0.8604651162790697,0.6666666666666666,0.7355072463768115,0.748062015503876
639,17,38,9,9,0.7534246575342466,0.7311783960720131,0.8085106382978723,0.6538461538461539,0.8085106382978723,0.6538461538461539,0.8085106382978723,0.6538461538461539,0.7311783960720131,0.7512274959083469
640,18,35,9,11,0.726027397260274,0.7080721003134796,0.7954545454545454,0.6206896551724138,0.7777777777777778,0.6206896551724138,0.7954545454545454,0.6428571428571429,0.7103174603174603,0.7601880877742948
641,20,40,6,7,0.821917808219178,0.8051529790660226,0.8695652173913043,0.7407407407407407,0.8602150537634409,0.7407407407407407,0.8695652173913043,0.7547169811320755,0.8074660174477581,0.8647342995169083
642,16,42,9,6,0.7945205479452054,0.7754010695187166,0.8235294117647058,0.7272727272727273,0.8484848484848485,0.7272727272727273,0.8235294117647058,0.6808510638297872,0.7646679561573179,0.8698752228163993
643,24,36,9,4,0.821917808219178,0.8285714285714285,0.8,0.8571428571428571,0.8470588235294118,0.8571428571428571,0.8,0.7868852459016393,0.8169720347155256,0.9
644,28,33,8,4,0.8356164383561644,0.8399390243902439,0.8048780487804879,0.875,0.8461538461538461,0.875,0.8048780487804879,0.8235294117647058,0.8348416289592759,0.9207317073170732
645,14,38,13,8,0.7123287671232876,0.6907308377896613,0.7450980392156863,0.6363636363636364,0.7835051546391752,0.6363636363636364,0.7450980392156863,0.5714285714285714,0.6774668630338734,0.7762923351158645
646,25,36,5,7,0.8356164383561644,0.8296493902439024,0.8780487804878049,0.78125,0.8571428571428571,0.78125,0.8780487804878049,0.8064516129032258,0.8317972350230414,0.881859756097561
647,21,34,7,11,0.7534246575342466,0.7427591463414633,0.8292682926829268,0.65625,0.7906976744186046,0.65625,0.8292682926829268,0.7,0.7453488372093022,0.7911585365853658
648,18,40,9,6,0.7945205479452054,0.7831632653061225,0.8163265306122449,0.75,0.8421052631578947,0.75,0.8163265306122449,0.7058823529411765,0.7739938080495357,0.8052721088435375
649,22,35,8,8,0.7808219178082192,0.7736434108527132,0.813953488372093,0.7333333333333333,0.813953488372093,0.7333333333333333,0.813953488372093,0.7333333333333333,0.7736434108527132,0.8573643410852713
650,22,33,9,9,0.7534246575342466,0.7476958525345623,0.7857142857142857,0.7096774193548387,0.7857142857142857,0.7096774193548387,0.7857142857142857,0.7096774193548387,0.7476958525345623,0.8072196620583717
651,14,41,6,12,0.7534246575342466,0.7054009819967266,0.8723404255319149,0.5384615384615384,0.82,0.5384615384615384,0.8723404255319149,0.6086956521739131,0.7143478260869565,0.748772504091653
652,23,39,7,4,0.8493150684931506,0.8498389694041868,0.8478260869565217,0.8518518518518519,0.8764044943820225,0.8518518518518519,0.8478260869565217,0.8070175438596491,0.8417110191208358,0.9331723027375202
653,15,43,7,8,0.7945205479452054,0.7560869565217392,0.86,0.6521739130434783,0.8514851485148515,0.6521739130434783,0.86,0.6666666666666666,0.759075907590759,0.8321739130434783
654,13,42,11,7,0.7534246575342466,0.7212264150943397,0.7924528301886793,0.65,0.8235294117647058,0.65,0.7924528301886793,0.5909090909090909,0.7072192513368984,0.7773584905660378
655,14,45,11,3,0.8082191780821918,0.8135504201680672,0.8035714285714286,0.8235294117647058,0.8653846153846154,0.8235294117647058,0.8035714285714286,0.6666666666666666,0.766025641025641,0.8907563025210083
656,20,39,1,13,0.8082191780821918,0.790530303030303,0.975,0.6060606060606061,0.8478260869565217,0.6060606060606061,0.975,0.7407407407407407,0.7942834138486312,0.8795454545454545
657,15,49,7,2,0.8767123287671232,0.8786764705882353,0.875,0.8823529411764706,0.9158878504672897,0.8823529411764706,0.875,0.7692307692307693,0.8425593098490295,0.9569327731092437
658,24,34,10,5,0.7945205479452054,0.8001567398119123,0.7727272727272727,0.8275862068965517,0.8192771084337349,0.8275862068965517,0.7727272727272727,0.7619047619047619,0.7905909351692484,0.8800940438871473
659,21,39,7,6,0.821917808219178,0.8128019323671498,0.8478260869565217,0.7777777777777778,0.8571428571428571,0.7777777777777778,0.8478260869565217,0.7636363636363637,0.8103896103896104,0.8671497584541062
660,20,35,10,8,0.7534246575342466,0.746031746031746,0.7777777777777778,0.7142857142857143,0.7954545454545454,0.7142857142857143,0.7777777777777778,0.6896551724137931,0.7425548589341693,0.8507936507936508
661,16,36,16,5,0.7123287671232876,0.7271062271062271,0.6923076923076923,0.7619047619047619,0.7741935483870968,0.7619047619047619,0.6923076923076923,0.6037735849056604,0.6889835666463786,0.8507326007326007
662,19,39,7,8,0.7945205479452054,0.7757648953301127,0.8478260869565217,0.7037037037037037,0.8387096774193549,0.7037037037037037,0.8478260869565217,0.7169811320754716,0.7778454047474133,0.8486312399355878
663,16,43,10,4,0.8082191780821918,0.8056603773584906,0.8113207547169812,0.8,0.86,0.8,0.8113207547169812,0.6956521739130435,0.7778260869565217,0.879245283018868
664,18,34,13,8,0.7123287671232876,0.7078559738134207,0.723404255319149,0.6923076923076923,0.7640449438202247,0.6923076923076923,0.723404255319149,0.631578947368421,0.6978119455943228,0.8608837970540097
665,15,47,6,5,0.8493150684931506,0.8183962264150944,0.8867924528301887,0.75,0.8952380952380953,0.75,0.8867924528301887,0.7317073170731707,0.813472706155633,0.8424528301886792
666,21,37,9,6,0.7945205479452054,0.7910628019323671,0.8043478260869565,0.7777777777777778,0.8314606741573034,0.7777777777777778,0.8043478260869565,0.7368421052631579,0.7841513897102306,0.8051529790660226
667,18,36,12,7,0.7397260273972602,0.735,0.75,0.72,0.7912087912087912,0.72,0.75,0.6545454545454545,0.7228771228771229,0.8616666666666667
668,17,42,8,6,0.8082191780821918,0.7895652173913044,0.84,0.7391304347826086,0.8571428571428571,0.7391304347826086,0.84,0.7083333333333334,0.7827380952380952,0.8704347826086956
669,17,41,9,6,0.7945205479452054,0.7795652173913044,0.82,0.7391304347826086,0.845360824742268,0.7391304347826086,0.82,0.6938775510204082,0.7696191878813381,0.8582608695652174
670,18,42,5,8,0.821917808219178,0.792962356792144,0.8936170212765957,0.6923076923076923,0.865979381443299,0.6923076923076923,0.8936170212765957,0.7346938775510204,0.8003366294971597,0.842062193126023
671,19,42,5,7,0.8356164383561644,0.8121931260229132,0.8936170212765957,0.7307692307692307,0.875,0.7307692307692307,0.8936170212765957,0.76,0.8175,0.8453355155482815
672,18,34,10,11,0.7123287671232876,0.6967084639498433,0.7727272727272727,0.6206896551724138,0.7640449438202247,0.6206896551724138,0.7727272727272727,0.631578947368421,0.6978119455943228,0.8134796238244514
673,19,37,10,7,0.7671232876712328,0.7590016366612111,0.7872340425531915,0.7307692307692307,0.8131868131868132,0.7307692307692307,0.7872340425531915,0.6909090909090909,0.752047952047952,0.8142389525368249
674,19,39,10,5,0.7945205479452054,0.7937925170068028,0.7959183673469388,0.7916666666666666,0.8387096774193549,0.7916666666666666,0.7959183673469388,0.7169811320754716,0.7778454047474133,0.8656462585034014
675,21,35,9,8,0.7671232876712328,0.759796238244514,0.7954545454545454,0.7241379310344828,0.8045977011494253,0.7241379310344828,0.7954545454545454,0.711864406779661,0.7582310539645432,0.8252351097178683
676,22,38,7,6,0.821917808219178,0.8150793650793651,0.8444444444444444,0.7857142857142857,0.8539325842696629,0.7857142857142857,0.8444444444444444,0.7719298245614035,0.8129312044155332,0.8492063492063492
677,17,41,7,8,0.7945205479452054,0.7670833333333333,0.8541666666666666,0.68,0.845360824742268,0.68,0.8541666666666666,0.6938775510204082,0.7696191878813381,0.8658333333333333
678,12,41,10,10,0.726027397260274,0.6746880570409982,0.803921568627451,0.5454545454545454,0.803921568627451,0.5454545454545454,0.803921568627451,0.5454545454545454,0.6746880570409982,0.7976827094474153
679,23,35,6,9,0.7945205479452054,0.7862042682926829,0.8536585365853658,0.71875,0.8235294117647058,0.71875,0.8536585365853658,0.7540983606557377,0.7888138862102217,0.8475609756097562
680,23,36,11,3,0.8082191780821918,0.8252864157119476,0.7659574468085106,0.8846153846153846,0.8372093023255814,0.8846153846153846,0.7659574468085106,0.7666666666666667,0.8019379844961241,0.9026186579378068
681,25,33,9,6,0.7945205479452054,0.7960829493087558,0.7857142857142857,0.8064516129032258,0.8148148148148148,0.8064516129032258,0.7857142857142857,0.7692307692307693,0.792022792022792,0.8940092165898617
682,17,46,5,5,0.863013698630137,0.8373440285204992,0.9019607843137255,0.7727272727272727,0.9019607843137255,0.7727272727272727,0.9019607843137255,0.7727272727272727,0.8373440285204992,0.8912655971479501
683,16,37,12,8,0.726027397260274,0.7108843537414966,0.7551020408163265,0.6666666666666666,0.7872340425531915,0.6666666666666666,0.7551020408163265,0.6153846153846154,0.7013093289689034,0.7568027210884353
684,23,31,8,11,0.7397260273972602,0.7356711915535445,0.7948717948717948,0.6764705882352942,0.7654320987654321,0.6764705882352942,0.7948717948717948,0.7076923076923077,0.7365622032288699,0.8506787330316742
685,16,42,9,6,0.7945205479452054,0.7754010695187166,0.8235294117647058,0.7272727272727273,0.8484848484848485,0.7272727272727273,0.8235294117647058,0.6808510638297872,0.7646679561573179,0.8458110516934046
686,16,42,10,5,0.7945205479452054,0.7847985347985348,0.8076923076923077,0.7619047619047619,0.8484848484848485,0.7619047619047619,0.8076923076923077,0.6808510638297872,0.7646679561573179,0.8214285714285714
687,17,38,9,9,0.7534246575342466,0.7311783960720131,0.8085106382978723,0.6538461538461539,0.8085106382978723,0.6538461538461539,0.8085106382978723,0.6538461538461539,0.7311783960720131,0.8126022913256956
688,24,30,10,9,0.7397260273972602,0.7386363636363636,0.75,0.7272727272727273,0.759493670886076,0.7272727272727273,0.75,0.7164179104477612,0.7379557906669185,0.859090909090909
689,25,33,6,9,0.7945205479452054,0.7907239819004526,0.8461538461538461,0.7352941176470589,0.8148148148148148,0.7352941176470589,0.8461538461538461,0.7692307692307693,0.792022792022792,0.8770739064856712
690,16,43,7,7,0.8082191780821918,0.7778260869565217,0.86,0.6956521739130435,0.86,0.6956521739130435,0.86,0.6956521739130435,0.7778260869565217,0.908695652173913
691,19,39,10,5,0.7945205479452054,0.7937925170068028,0.7959183673469388,0.7916666666666666,0.8387096774193549,0.7916666666666666,0.7959183673469388,0.7169811320754716,0.7778454047474133,0.8792517006802721
692,21,35,13,4,0.7671232876712328,0.7845833333333333,0.7291666666666666,0.84,0.8045977011494253,0.84,0.7291666666666666,0.711864406779661,0.7582310539645432,0.8483333333333334
693,20,43,4,6,0.863013698630137,0.8420621931260229,0.9148936170212766,0.7692307692307693,0.8958333333333334,0.7692307692307693,0.9148936170212766,0.8,0.8479166666666667,0.8731587561374795
694,22,33,8,10,0.7534246575342466,0.7461890243902439,0.8048780487804879,0.6875,0.7857142857142857,0.6875,0.8048780487804879,0.7096774193548387,0.7476958525345623,0.8170731707317073
695,19,37,7,10,0.7671232876712328,0.7480407523510972,0.8409090909090909,0.6551724137931034,0.8131868131868132,0.6551724137931034,0.8409090909090909,0.6909090909090909,0.752047952047952,0.8565830721003136
696,16,36,11,10,0.7123287671232876,0.690671031096563,0.7659574468085106,0.6153846153846154,0.7741935483870968,0.6153846153846154,0.7659574468085106,0.6037735849056604,0.6889835666463786,0.7970540098199673
697,18,39,10,6,0.7808219178082192,0.7729591836734694,0.7959183673469388,0.75,0.8297872340425532,0.75,0.7959183673469388,0.6923076923076923,0.7610474631751227,0.83843537414966
698,22,38,5,8,0.821917808219178,0.8085271317829457,0.8837209302325582,0.7333333333333333,0.8539325842696629,0.7333333333333333,0.8837209302325582,0.7719298245614035,0.8129312044155332,0.8403100775193798
699,14,43,7,9,0.7808219178082192,0.7343478260869565,0.86,0.6086956521739131,0.8431372549019608,0.6086956521739131,0.86,0.6363636363636364,0.7397504456327986,0.8086956521739129
700,15,48,3,7,0.863013698630137,0.8114973262032086,0.9411764705882353,0.6818181818181818,0.9056603773584906,0.6818181818181818,0.9411764705882353,0.75,0.8278301886792453,0.8689839572192514
701,19,34,11,9,0.726027397260274,0.7170634920634921,0.7555555555555555,0.6785714285714286,0.7727272727272727,0.6785714285714286,0.7555555555555555,0.6551724137931034,0.7139498432601881,0.7833333333333333
702,22,40,10,1,0.8493150684931506,0.8782608695652174,0.8,0.9565217391304348,0.8791208791208791,0.9565217391304348,0.8,0.8,0.8395604395604396,0.957391304347826
703,20,41,7,5,0.8356164383561644,0.8270833333333334,0.8541666666666666,0.8,0.8723404255319149,0.8,0.8541666666666666,0.7692307692307693,0.820785597381342,0.8433333333333333
704,22,36,10,5,0.7945205479452054,0.7987117552334944,0.782608695652174,0.8148148148148148,0.8275862068965517,0.8148148148148148,0.782608695652174,0.7457627118644068,0.7866744593804793,0.9057971014492754
705,16,42,9,6,0.7945205479452054,0.7754010695187166,0.8235294117647058,0.7272727272727273,0.8484848484848485,0.7272727272727273,0.8235294117647058,0.6808510638297872,0.7646679561573179,0.9037433155080213
706,17,36,9,11,0.726027397260274,0.7035714285714285,0.8,0.6071428571428571,0.782608695652174,0.6071428571428571,0.8,0.6296296296296297,0.7061191626409018,0.7880952380952381
707,21,37,11,4,0.7945205479452054,0.8054166666666667,0.7708333333333334,0.84,0.8314606741573034,0.84,0.7708333333333334,0.7368421052631579,0.7841513897102306,0.9091666666666667
708,16,37,9,11,0.726027397260274,0.6984702093397746,0.8043478260869565,0.5925925925925926,0.7872340425531915,0.5925925925925926,0.8043478260869565,0.6153846153846154,0.7013093289689034,0.8252818035426731
709,21,34,13,5,0.7534246575342466,0.7655482815057284,0.723404255319149,0.8076923076923077,0.7906976744186046,0.8076923076923077,0.723404255319149,0.7,0.7453488372093022,0.881342062193126
710,16,38,8,11,0.7397260273972602,0.7093397745571659,0.8260869565217391,0.5925925925925926,0.8,0.5925925925925926,0.8260869565217391,0.6274509803921569,0.7137254901960784,0.8357487922705313
711,21,36,7,9,0.7808219178082192,0.7686046511627906,0.8372093023255814,0.7,0.8181818181818182,0.7,0.8372093023255814,0.7241379310344828,0.7711598746081505,0.8387596899224806
712,19,36,10,8,0.7534246575342466,0.7431561996779388,0.782608695652174,0.7037037037037037,0.8,0.7037037037037037,0.782608695652174,0.6785714285714286,0.7392857142857143,0.8325281803542672
713,21,35,10,7,0.7671232876712328,0.7638888888888888,0.7777777777777778,0.75,0.8045977011494253,0.75,0.7777777777777778,0.711864406779661,0.7582310539645432,0.8412698412698413
714,13,43,8,9,0.7671232876712328,0.7170231729055259,0.8431372549019608,0.5909090909090909,0.8349514563106796,0.5909090909090909,0.8431372549019608,0.6046511627906976,0.7198013095506886,0.8065953654188948
715,22,42,7,2,0.8767123287671232,0.8869047619047619,0.8571428571428571,0.9166666666666666,0.9032258064516129,0.9166666666666666,0.8571428571428571,0.8301886792452831,0.8667072428484479,0.9421768707482994
716,19,40,5,9,0.8082191780821918,0.7837301587301587,0.8888888888888888,0.6785714285714286,0.851063829787234,0.6785714285714286,0.8888888888888888,0.7307692307692307,0.7909165302782324,0.876984126984127
717,22,39,5,7,0.8356164383561644,0.8224921630094044,0.8863636363636364,0.7586206896551724,0.8666666666666667,0.7586206896551724,0.8863636363636364,0.7857142857142857,0.8261904761904761,0.8879310344827586
718,15,46,6,6,0.8356164383561644,0.7994505494505495,0.8846153846153846,0.7142857142857143,0.8846153846153846,0.7142857142857143,0.8846153846153846,0.7142857142857143,0.7994505494505495,0.8516483516483516
719,15,33,15,10,0.6575342465753424,0.64375,0.6875,0.6,0.7252747252747253,0.6,0.6875,0.5454545454545454,0.6353646353646354,0.7566666666666667
720,11,47,7,8,0.7945205479452054,0.7246588693957114,0.8703703703703703,0.5789473684210527,0.8623853211009175,0.5789473684210527,0.8703703703703703,0.5945945945945946,0.728489957847756,0.7709551656920077
721,19,40,7,7,0.8082191780821918,0.7909165302782324,0.851063829787234,0.7307692307692307,0.851063829787234,0.7307692307692307,0.851063829787234,0.7307692307692307,0.7909165302782324,0.8518821603927987
722,18,47,4,4,0.8904109589041096,0.8698752228163993,0.9215686274509803,0.8181818181818182,0.9215686274509803,0.8181818181818182,0.9215686274509803,0.8181818181818182,0.8698752228163993,0.9313725490196079
723,16,41,13,3,0.7808219178082192,0.800682261208577,0.7592592592592593,0.8421052631578947,0.8367346938775511,0.8421052631578947,0.7592592592592593,0.6666666666666666,0.7517006802721089,0.854775828460039
724,22,37,10,4,0.8082191780821918,0.8166939443535188,0.7872340425531915,0.8461538461538461,0.8409090909090909,0.8461538461538461,0.7872340425531915,0.7586206896551724,0.7997648902821317,0.8862520458265138
725,17,40,12,4,0.7808219178082192,0.7893772893772895,0.7692307692307693,0.8095238095238095,0.8333333333333334,0.8095238095238095,0.7692307692307693,0.68,0.7566666666666667,0.8836996336996338
726,22,33,13,5,0.7534246575342466,0.7661030595813204,0.717391304347826,0.8148148148148148,0.7857142857142857,0.8148148148148148,0.717391304347826,0.7096774193548387,0.7476958525345623,0.8719806763285024
727,21,43,6,3,0.8767123287671232,0.8762755102040816,0.8775510204081632,0.875,0.9052631578947369,0.875,0.8775510204081632,0.8235294117647058,0.8643962848297213,0.9115646258503401
728,18,44,6,5,0.8493150684931506,0.831304347826087,0.88,0.782608695652174,0.8888888888888888,0.782608695652174,0.88,0.7659574468085106,0.8274231678486997,0.8547826086956523
729,21,38,5,9,0.8082191780821918,0.791860465116279,0.8837209302325582,0.7,0.8444444444444444,0.7,0.8837209302325582,0.75,0.7972222222222223,0.8658914728682171
730,20,37,6,10,0.7808219178082192,0.7635658914728682,0.8604651162790697,0.6666666666666666,0.8222222222222222,0.6666666666666666,0.8604651162790697,0.7142857142857143,0.7682539682539682,0.8937984496124032
731,19,37,10,7,0.7671232876712328,0.7590016366612111,0.7872340425531915,0.7307692307692307,0.8131868131868132,0.7307692307692307,0.7872340425531915,0.6909090909090909,0.752047952047952,0.7995090016366613
732,15,37,12,9,0.7123287671232876,0.6900510204081632,0.7551020408163265,0.625,0.7789473684210526,0.625,0.7551020408163265,0.5882352941176471,0.6835913312693498,0.782312925170068
733,26,32,9,6,0.7945205479452054,0.7964939024390244,0.7804878048780488,0.8125,0.810126582278481,0.8125,0.7804878048780488,0.7761194029850746,0.7931229926317778,0.9032012195121951
734,19,38,8,8,0.7808219178082192,0.7648953301127215,0.8260869565217391,0.7037037037037037,0.8260869565217391,0.7037037037037037,0.8260869565217391,0.7037037037037037,0.7648953301127215,0.8381642512077294
735,18,40,8,7,0.7945205479452054,0.7766666666666666,0.8333333333333334,0.72,0.8421052631578947,0.72,0.8333333333333334,0.7058823529411765,0.7739938080495357,0.8441666666666667
736,12,43,10,8,0.7534246575342466,0.7056603773584906,0.8113207547169812,0.6,0.8269230769230769,0.6,0.8113207547169812,0.5714285714285714,0.6991758241758241,0.8066037735849056
737,17,37,12,7,0.7397260273972602,0.7317176870748299,0.7551020408163265,0.7083333333333334,0.7956989247311828,0.7083333333333334,0.7551020408163265,0.6415094339622641,0.7186041793467235,0.824829931972789
738,19,41,6,7,0.821917808219178,0.8015548281505729,0.8723404255319149,0.7307692307692307,0.8631578947368421,0.7307692307692307,0.8723404255319149,0.7450980392156863,0.8041279669762642,0.8338788870703765
739,16,39,10,8,0.7534246575342466,0.7312925170068028,0.7959183673469388,0.6666666666666666,0.8125,0.6666666666666666,0.7959183673469388,0.64,0.7262500000000001,0.7712585034013606
740,19,38,9,7,0.7808219178082192,0.7696399345335515,0.8085106382978723,0.7307692307692307,0.8260869565217391,0.7307692307692307,0.8085106382978723,0.7037037037037037,0.7648953301127215,0.8093289689034371
741,16,39,11,7,0.7534246575342466,0.7378260869565217,0.78,0.6956521739130435,0.8125,0.6956521739130435,0.78,0.64,0.7262500000000001,0.7852173913043478
742,19,43,7,4,0.8493150684931506,0.8430434782608696,0.86,0.8260869565217391,0.8865979381443299,0.8260869565217391,0.86,0.7755102040816326,0.8310540711129812,0.9382608695652174
743,19,37,10,7,0.7671232876712328,0.7590016366612111,0.7872340425531915,0.7307692307692307,0.8131868131868132,0.7307692307692307,0.7872340425531915,0.6909090909090909,0.752047952047952,0.8052373158756136
744,18,38,11,6,0.7671232876712328,0.7627551020408163,0.7755102040816326,0.75,0.8172043010752689,0.75,0.7755102040816326,0.6792452830188679,0.7482247920470684,0.8477891156462586
745,18,32,13,10,0.684931506849315,0.676984126984127,0.7111111111111111,0.6428571428571429,0.735632183908046,0.6428571428571429,0.7111111111111111,0.6101694915254238,0.6729008377167349,0.734920634920635
746,19,36,11,7,0.7534246575342466,0.7483633387888706,0.7659574468085106,0.7307692307692307,0.8,0.7307692307692307,0.7659574468085106,0.6785714285714286,0.7392857142857143,0.8306055646481179
747,15,47,7,4,0.8493150684931506,0.8299220272904484,0.8703703703703703,0.7894736842105263,0.8952380952380953,0.7894736842105263,0.8703703703703703,0.7317073170731707,0.813472706155633,0.898635477582846
748,16,37,13,7,0.726027397260274,0.7178260869565217,0.74,0.6956521739130435,0.7872340425531915,0.6956521739130435,0.74,0.6153846153846154,0.7013093289689034,0.8486956521739131
749,23,33,9,8,0.7671232876712328,0.7638248847926268,0.7857142857142857,0.7419354838709677,0.7951807228915663,0.7419354838709677,0.7857142857142857,0.7301587301587301,0.7626697265251482,0.8556067588325653
750,12,46,7,8,0.7945205479452054,0.7339622641509433,0.8679245283018868,0.6,0.8598130841121495,0.6,0.8679245283018868,0.6153846153846154,0.7375988497483825,0.7981132075471697
751,19,40,11,3,0.8082191780821918,0.8239750445632799,0.7843137254901961,0.8636363636363636,0.851063829787234,0.8636363636363636,0.7843137254901961,0.7307692307692307,0.7909165302782324,0.8859180035650623
752,15,48,8,2,0.863013698630137,0.8697478991596639,0.8571428571428571,0.8823529411764706,0.9056603773584906,0.8823529411764706,0.8571428571428571,0.75,0.8278301886792453,0.8918067226890757
753,18,38,8,9,0.7671232876712328,0.7463768115942029,0.8260869565217391,0.6666666666666666,0.8172043010752689,0.6666666666666666,0.8260869565217391,0.6792452830188679,0.7482247920470684,0.7640901771336555
754,23,34,9,7,0.7808219178082192,0.7786821705426357,0.7906976744186046,0.7666666666666667,0.8095238095238095,0.7666666666666667,0.7906976744186046,0.7419354838709677,0.7757296466973886,0.8348837209302327
755,17,44,6,6,0.8356164383561644,0.8095652173913044,0.88,0.7391304347826086,0.88,0.7391304347826086,0.88,0.7391304347826086,0.8095652173913044,0.7895652173913044
756,23,35,10,5,0.7945205479452054,0.7996031746031746,0.7777777777777778,0.8214285714285714,0.8235294117647058,0.8214285714285714,0.7777777777777778,0.7540983606557377,0.7888138862102217,0.8555555555555556
757,20,40,9,4,0.821917808219178,0.8248299319727892,0.8163265306122449,0.8333333333333334,0.8602150537634409,0.8333333333333334,0.8163265306122449,0.7547169811320755,0.8074660174477581,0.9311224489795918
758,25,37,6,5,0.8493150684931506,0.8468992248062015,0.8604651162790697,0.8333333333333334,0.8705882352941177,0.8333333333333334,0.8604651162790697,0.819672131147541,0.8451301832208293,0.8937984496124032
759,19,37,10,7,0.7671232876712328,0.7590016366612111,0.7872340425531915,0.7307692307692307,0.8131868131868132,0.7307692307692307,0.7872340425531915,0.6909090909090909,0.752047952047952,0.8126022913256955
760,16,43,5,9,0.8082191780821918,0.7679166666666667,0.8958333333333334,0.64,0.86,0.64,0.8958333333333334,0.6956521739130435,0.7778260869565217,0.7866666666666667
761,17,38,11,7,0.7534246575342466,0.741921768707483,0.7755102040816326,0.7083333333333334,0.8085106382978723,0.7083333333333334,0.7755102040816326,0.6538461538461539,0.7311783960720131,0.8613945578231293
762,19,38,9,7,0.7808219178082192,0.7696399345335515,0.8085106382978723,0.7307692307692307,0.8260869565217391,0.7307692307692307,0.8085106382978723,0.7037037037037037,0.7648953301127215,0.8355155482815058
763,21,40,4,8,0.8356164383561644,0.8166144200626959,0.9090909090909091,0.7241379310344828,0.8695652173913043,0.7241379310344828,0.9090909090909091,0.7777777777777778,0.8236714975845411,0.8769592476489029
764,23,36,9,5,0.8082191780821918,0.8107142857142857,0.8,0.8214285714285714,0.8372093023255814,0.8214285714285714,0.8,0.7666666666666667,0.8019379844961241,0.8928571428571428
765,25,36,8,4,0.8356164383561644,0.8401253918495297,0.8181818181818182,0.8620689655172413,0.8571428571428571,0.8620689655172413,0.8181818181818182,0.8064516129032258,0.8317972350230414,0.9051724137931034
766,23,34,6,10,0.7808219178082192,0.7734848484848484,0.85,0.696969696969697,0.8095238095238095,0.696969696969697,0.85,0.7419354838709677,0.7757296466973886,0.8174242424242424
767,11,40,13,9,0.6986301369863014,0.6523584905660378,0.7547169811320755,0.55,0.7843137254901961,0.55,0.7547169811320755,0.5,0.642156862745098,0.75
768,16,38,12,7,0.7397260273972602,0.7278260869565217,0.76,0.6956521739130435,0.8,0.6956521739130435,0.76,0.6274509803921569,0.7137254901960784,0.7643478260869565
769,16,41,8,8,0.7808219178082192,0.7517006802721089,0.8367346938775511,0.6666666666666666,0.8367346938775511,0.6666666666666666,0.8367346938775511,0.6666666666666666,0.7517006802721089,0.810374149659864
770,16,36,15,6,0.7123287671232876,0.7165775401069518,0.7058823529411765,0.7272727272727273,0.7741935483870968,0.7272727272727273,0.7058823529411765,0.6037735849056604,0.6889835666463786,0.8226381461675579
771,11,45,11,6,0.7671232876712328,0.7253151260504203,0.8035714285714286,0.6470588235294118,0.8411214953271028,0.6470588235294118,0.8035714285714286,0.5641025641025641,0.7026120297148335,0.8571428571428571
772,17,38,12,6,0.7534246575342466,0.7495652173913043,0.76,0.7391304347826086,0.8085106382978723,0.7391304347826086,0.76,0.6538461538461539,0.7311783960720131,0.8243478260869566
773,17,40,7,9,0.7808219178082192,0.752454991816694,0.851063829787234,0.6538461538461539,0.8333333333333334,0.6538461538461539,0.851063829787234,0.68,0.7566666666666667,0.8248772504091654
774,18,43,11,1,0.8356164383561644,0.8718323586744638,0.7962962962962963,0.9473684210526315,0.8775510204081632,0.9473684210526315,0.7962962962962963,0.75,0.8137755102040816,0.9717348927875243
775,18,40,10,5,0.7945205479452054,0.791304347826087,0.8,0.782608695652174,0.8421052631578947,0.782608695652174,0.8,0.7058823529411765,0.7739938080495357,0.8634782608695653
776,19,40,7,7,0.8082191780821918,0.7909165302782324,0.851063829787234,0.7307692307692307,0.851063829787234,0.7307692307692307,0.851063829787234,0.7307692307692307,0.7909165302782324,0.8772504091653026
777,23,40,4,6,0.863013698630137,0.8510971786833856,0.9090909090909091,0.7931034482758621,0.8888888888888888,0.7931034482758621,0.9090909090909091,0.8214285714285714,0.8551587301587301,0.884796238244514
778,21,30,10,12,0.6986301369863014,0.6931818181818181,0.75,0.6363636363636364,0.7317073170731707,0.6363636363636364,0.75,0.65625,0.6939786585365854,0.7287878787878789
779,20,38,10,5,0.7945205479452054,0.7958333333333334,0.7916666666666666,0.8,0.8351648351648352,0.8,0.7916666666666666,0.7272727272727273,0.7812187812187812,0.8649999999999998
780,13,40,5,15,0.726027397260274,0.6765873015873016,0.8888888888888888,0.4642857142857143,0.8,0.4642857142857143,0.8888888888888888,0.5652173913043478,0.682608695652174,0.7619047619047619
781,16,43,8,6,0.8082191780821918,0.785204991087344,0.8431372549019608,0.7272727272727273,0.86,0.7272727272727273,0.8431372549019608,0.6956521739130435,0.7778260869565217,0.7620320855614974
782,13,39,13,8,0.7123287671232876,0.6845238095238095,0.75,0.6190476190476191,0.7878787878787878,0.6190476190476191,0.75,0.5531914893617021,0.6705351386202449,0.7875457875457875
783,22,35,9,7,0.7808219178082192,0.7770376175548589,0.7954545454545454,0.7586206896551724,0.813953488372093,0.7586206896551724,0.7954545454545454,0.7333333333333333,0.7736434108527132,0.8785266457680251
784,11,45,9,8,0.7671232876712328,0.7061403508771931,0.8333333333333334,0.5789473684210527,0.8411214953271028,0.5789473684210527,0.8333333333333334,0.5641025641025641,0.7026120297148335,0.7865497076023392
785,21,37,4,11,0.7945205479452054,0.7793445121951219,0.9024390243902439,0.65625,0.8314606741573034,0.65625,0.9024390243902439,0.7368421052631579,0.7841513897102306,0.7858231707317074
786,21,38,7,7,0.8082191780821918,0.7972222222222223,0.8444444444444444,0.75,0.8444444444444444,0.75,0.8444444444444444,0.75,0.7972222222222223,0.8507936507936509
787,14,43,8,8,0.7808219178082192,0.7397504456327986,0.8431372549019608,0.6363636363636364,0.8431372549019608,0.6363636363636364,0.8431372549019608,0.6363636363636364,0.7397504456327986,0.7887700534759358
788,24,35,10,4,0.8082191780821918,0.8174603174603174,0.7777777777777778,0.8571428571428571,0.8333333333333334,0.8571428571428571,0.7777777777777778,0.7741935483870968,0.803763440860215,0.9023809523809524
789,16,38,11,8,0.7397260273972602,0.7210884353741496,0.7755102040816326,0.6666666666666666,0.8,0.6666666666666666,0.7755102040816326,0.6274509803921569,0.7137254901960784,0.8052721088435374
790,19,34,10,10,0.726027397260274,0.7139498432601881,0.7727272727272727,0.6551724137931034,0.7727272727272727,0.6551724137931034,0.7727272727272727,0.6551724137931034,0.7139498432601881,0.7633228840125391
791,21,37,5,10,0.7945205479452054,0.7791858678955452,0.8809523809523809,0.6774193548387096,0.8314606741573034,0.6774193548387096,0.8809523809523809,0.7368421052631579,0.7841513897102306,0.8540706605222734
792,15,41,13,4,0.7671232876712328,0.7743664717348928,0.7592592592592593,0.7894736842105263,0.8282828282828283,0.7894736842105263,0.7592592592592593,0.6382978723404256,0.7332903503116269,0.8333333333333334
793,21,39,10,3,0.821917808219178,0.8354591836734694,0.7959183673469388,0.875,0.8571428571428571,0.875,0.7959183673469388,0.7636363636363637,0.8103896103896104,0.8911564625850341
794,25,29,6,13,0.7397260273972602,0.743233082706767,0.8285714285714286,0.6578947368421053,0.7532467532467533,0.6578947368421053,0.8285714285714286,0.7246376811594203,0.7389422172030868,0.7548872180451127
795,19,32,12,10,0.6986301369863014,0.6912225705329154,0.7272727272727273,0.6551724137931034,0.7441860465116279,0.6551724137931034,0.7272727272727273,0.6333333333333333,0.6887596899224806,0.7829153605015674
796,23,32,7,11,0.7534246575342466,0.7484917043740573,0.8205128205128205,0.6764705882352942,0.7804878048780488,0.6764705882352942,0.8205128205128205,0.71875,0.7496189024390244,0.7873303167420814
797,23,40,5,5,0.863013698630137,0.8551587301587301,0.8888888888888888,0.8214285714285714,0.8888888888888888,0.8214285714285714,0.8888888888888888,0.8214285714285714,0.8551587301587301,0.9031746031746032
798,22,34,10,7,0.7671232876712328,0.7656739811912225,0.7727272727272727,0.7586206896551724,0.8,0.7586206896551724,0.7727272727272727,0.7213114754098361,0.7606557377049181,0.8996865203761755
799,21,32,10,10,0.726027397260274,0.7196620583717357,0.7619047619047619,0.6774193548387096,0.7619047619047619,0.6774193548387096,0.7619047619047619,0.6774193548387096,0.7196620583717357,0.8348694316436251
800,21,36,9,7,0.7808219178082192,0.775,0.8,0.75,0.8181818181818182,0.75,0.8,0.7241379310344828,0.7711598746081505,0.8238095238095239
801,18,39,11,5,0.7808219178082192,0.781304347826087,0.78,0.782608695652174,0.8297872340425532,0.782608695652174,0.78,0.6923076923076923,0.7610474631751227,0.851304347826087
802,18,43,7,5,0.8356164383561644,0.821304347826087,0.86,0.782608695652174,0.8775510204081632,0.782608695652174,0.86,0.75,0.8137755102040816,0.9078260869565217
803,11,36,17,9,0.6438356164383562,0.614622641509434,0.6792452830188679,0.55,0.7346938775510204,0.55,0.6792452830188679,0.4583333333333333,0.5965136054421769,0.7113207547169812
804,16,36,12,9,0.7123287671232876,0.6950000000000001,0.75,0.64,0.7741935483870968,0.64,0.75,0.6037735849056604,0.6889835666463786,0.8091666666666667
805,26,33,6,8,0.8082191780821918,0.8054298642533937,0.8461538461538461,0.7647058823529411,0.825,0.7647058823529411,0.8461538461538461,0.7878787878787878,0.8064393939393939,0.8250377073906485
806,31,31,4,7,0.8493150684931506,0.8507518796992481,0.8857142857142857,0.8157894736842105,0.8493150684931506,0.8157894736842105,0.8857142857142857,0.8493150684931506,0.8493150684931506,0.9330827067669173
807,15,41,9,8,0.7671232876712328,0.7360869565217392,0.82,0.6521739130434783,0.8282828282828283,0.6521739130434783,0.82,0.6382978723404256,0.7332903503116269,0.8339130434782609
808,16,43,5,9,0.8082191780821918,0.7679166666666667,0.8958333333333334,0.64,0.86,0.64,0.8958333333333334,0.6956521739130435,0.7778260869565217,0.8175
809,16,28,16,13,0.6027397260273972,0.5940438871473355,0.6363636363636364,0.5517241379310345,0.6588235294117647,0.5517241379310345,0.6363636363636364,0.5245901639344263,0.5917068466730955,0.6684952978056427
810,20,35,13,5,0.7534246575342466,0.7645833333333334,0.7291666666666666,0.8,0.7954545454545454,0.8,0.7291666666666666,0.6896551724137931,0.7425548589341693,0.8508333333333333
811,28,29,12,4,0.7808219178082192,0.7911585365853658,0.7073170731707317,0.875,0.7837837837837838,0.875,0.7073170731707317,0.7777777777777778,0.7807807807807807,0.9039634146341463
812,23,34,11,5,0.7808219178082192,0.7884920634920635,0.7555555555555555,0.8214285714285714,0.8095238095238095,0.8214285714285714,0.7555555555555555,0.7419354838709677,0.7757296466973886,0.8896825396825397
813,20,34,7,12,0.7397260273972602,0.7271341463414633,0.8292682926829268,0.625,0.7816091954022989,0.625,0.8292682926829268,0.6779661016949152,0.729787648548607,0.7903963414634146
814,23,28,14,8,0.6986301369863014,0.7043010752688172,0.6666666666666666,0.7419354838709677,0.717948717948718,0.7419354838709677,0.6666666666666666,0.6764705882352942,0.697209653092006,0.7772657450076805
815,11,46,9,7,0.7808219178082192,0.7237373737373738,0.8363636363636363,0.6111111111111112,0.8518518518518519,0.6111111111111112,0.8363636363636363,0.5789473684210527,0.7153996101364523,0.7828282828282829
816,20,37,7,9,0.7808219178082192,0.765282131661442,0.8409090909090909,0.6896551724137931,0.8222222222222222,0.6896551724137931,0.8409090909090909,0.7142857142857143,0.7682539682539682,0.8221003134796239
817,22,35,9,7,0.7808219178082192,0.7770376175548589,0.7954545454545454,0.7586206896551724,0.813953488372093,0.7586206896551724,0.7954545454545454,0.7333333333333333,0.7736434108527132,0.8816614420062696
818,20,40,8,5,0.821917808219178,0.8166666666666667,0.8333333333333334,0.8,0.8602150537634409,0.8,0.8333333333333334,0.7547169811320755,0.8074660174477581,0.87
819,22,35,7,9,0.7808219178082192,0.771505376344086,0.8333333333333334,0.7096774193548387,0.813953488372093,0.7096774193548387,0.8333333333333334,0.7333333333333333,0.7736434108527132,0.8333333333333334
820,19,41,5,8,0.821917808219178,0.7975040257648953,0.8913043478260869,0.7037037037037037,0.8631578947368421,0.7037037037037037,0.8913043478260869,0.7450980392156863,0.8041279669762642,0.855877616747182
821,15,41,16,1,0.7671232876712328,0.8283991228070176,0.7192982456140351,0.9375,0.8282828282828283,0.9375,0.7192982456140351,0.6382978723404256,0.7332903503116269,0.9199561403508771
822,19,38,10,6,0.7808219178082192,0.7758333333333334,0.7916666666666666,0.76,0.8260869565217391,0.76,0.7916666666666666,0.7037037037037037,0.7648953301127215,0.8166666666666668
823,17,36,14,6,0.726027397260274,0.7295652173913043,0.72,0.7391304347826086,0.782608695652174,0.7391304347826086,0.72,0.6296296296296297,0.7061191626409018,0.8234782608695652
824,24,29,13,7,0.726027397260274,0.7323348694316436,0.6904761904761905,0.7741935483870968,0.7435897435897436,0.7741935483870968,0.6904761904761905,0.7058823529411765,0.7247360482654601,0.8294930875576038
825,15,44,11,3,0.8082191780821918,0.8166666666666667,0.8,0.8333333333333334,0.8627450980392157,0.8333333333333334,0.8,0.6818181818181818,0.7722816399286987,0.881818181818182
826,16,41,11,5,0.7808219178082192,0.7751831501831501,0.7884615384615384,0.7619047619047619,0.8367346938775511,0.7619047619047619,0.7884615384615384,0.6666666666666666,0.7517006802721089,0.8791208791208792
827,13,48,11,1,0.8356164383561644,0.8710653753026635,0.8135593220338984,0.9285714285714286,0.8888888888888888,0.9285714285714286,0.8135593220338984,0.6842105263157895,0.7865497076023391,0.9527845036319613
828,13,43,8,9,0.7671232876712328,0.7170231729055259,0.8431372549019608,0.5909090909090909,0.8349514563106796,0.5909090909090909,0.8431372549019608,0.6046511627906976,0.7198013095506886,0.8253119429590018
829,18,35,15,5,0.726027397260274,0.741304347826087,0.7,0.782608695652174,0.7777777777777778,0.782608695652174,0.7,0.6428571428571429,0.7103174603174603,0.8156521739130435
830,20,39,5,9,0.8082191780821918,0.7880094043887147,0.8863636363636364,0.6896551724137931,0.8478260869565217,0.6896551724137931,0.8863636363636364,0.7407407407407407,0.7942834138486312,0.8001567398119122
831,20,35,10,8,0.7534246575342466,0.746031746031746,0.7777777777777778,0.7142857142857143,0.7954545454545454,0.7142857142857143,0.7777777777777778,0.6896551724137931,0.7425548589341693,0.8388888888888889
832,23,32,9,9,0.7534246575342466,0.7496189024390244,0.7804878048780488,0.71875,0.7804878048780488,0.71875,0.7804878048780488,0.71875,0.7496189024390244,0.8597560975609755
833,19,38,10,6,0.7808219178082192,0.7758333333333334,0.7916666666666666,0.76,0.8260869565217391,0.76,0.7916666666666666,0.7037037037037037,0.7648953301127215,0.8333333333333334
834,22,24,13,14,0.6301369863013698,0.6298798798798799,0.6486486486486487,0.6111111111111112,0.64,0.6111111111111112,0.6486486486486487,0.6197183098591549,0.6298591549295774,0.7492492492492492
835,21,40,8,4,0.8356164383561644,0.8366666666666667,0.8333333333333334,0.84,0.8695652173913043,0.84,0.8333333333333334,0.7777777777777778,0.8236714975845411,0.9108333333333332
836,18,40,10,5,0.7945205479452054,0.791304347826087,0.8,0.782608695652174,0.8421052631578947,0.782608695652174,0.8,0.7058823529411765,0.7739938080495357,0.8843478260869566
837,21,32,12,8,0.726027397260274,0.7257053291536051,0.7272727272727273,0.7241379310344828,0.7619047619047619,0.7241379310344828,0.7272727272727273,0.6774193548387096,0.7196620583717357,0.8557993730407525
838,21,37,13,2,0.7945205479452054,0.8265217391304347,0.74,0.9130434782608695,0.8314606741573034,0.9130434782608695,0.74,0.7368421052631579,0.7841513897102306,0.9269565217391305
839,21,34,11,7,0.7534246575342466,0.7527777777777778,0.7555555555555555,0.75,0.7906976744186046,0.75,0.7555555555555555,0.7,0.7453488372093022,0.8174603174603176
840,15,44,7,7,0.8082191780821918,0.7722816399286987,0.8627450980392157,0.6818181818181818,0.8627450980392157,0.6818181818181818,0.8627450980392157,0.6818181818181818,0.7722816399286987,0.8440285204991087
841,17,39,10,7,0.7671232876712328,0.752125850340136,0.7959183673469388,0.7083333333333334,0.8210526315789474,0.7083333333333334,0.7959183673469388,0.6666666666666666,0.743859649122807,0.8435374149659864
842,15,42,8,8,0.7808219178082192,0.7460869565217392,0.84,0.6521739130434783,0.84,0.6521739130434783,0.84,0.6521739130434783,0.7460869565217392,0.808695652173913
843,22,41,6,4,0.863013698630137,0.8592471358428806,0.8723404255319149,0.8461538461538461,0.8913043478260869,0.8461538461538461,0.8723404255319149,0.8148148148148148,0.8530595813204509,0.897708674304419
844,15,43,11,4,0.7945205479452054,0.7928849902534113,0.7962962962962963,0.7894736842105263,0.8514851485148515,0.7894736842105263,0.7962962962962963,0.6666666666666666,0.759075907590759,0.8752436647173489
845,15,40,9,9,0.7534246575342466,0.7206632653061225,0.8163265306122449,0.625,0.8163265306122449,0.625,0.8163265306122449,0.625,0.7206632653061225,0.7712585034013606
846,18,37,9,9,0.7534246575342466,0.7355072463768115,0.8043478260869565,0.6666666666666666,0.8043478260869565,0.6666666666666666,0.8043478260869565,0.6666666666666666,0.7355072463768115,0.8317230273752013
847,23,40,6,4,0.863013698630137,0.8607085346215781,0.8695652173913043,0.8518518518518519,0.8888888888888888,0.8518518518518519,0.8695652173913043,0.8214285714285714,0.8551587301587301,0.8840579710144928
848,16,45,5,7,0.8356164383561644,0.7978260869565217,0.9,0.6956521739130435,0.8823529411764706,0.6956521739130435,0.9,0.7272727272727273,0.8048128342245989,0.8626086956521739
849,14,39,13,7,0.726027397260274,0.7083333333333333,0.75,0.6666666666666666,0.7959183673469388,0.6666666666666666,0.75,0.5833333333333334,0.689625850340136,0.7884615384615384
850,11,48,10,4,0.8082191780821918,0.7804597701149425,0.8275862068965517,0.7333333333333333,0.8727272727272727,0.7333333333333333,0.8275862068965517,0.6111111111111112,0.7419191919191919,0.8735632183908045
851,17,35,12,9,0.7123287671232876,0.6992635024549918,0.7446808510638298,0.6538461538461539,0.7692307692307693,0.6538461538461539,0.7446808510638298,0.6181818181818182,0.6937062937062937,0.7872340425531915
852,17,40,7,9,0.7808219178082192,0.752454991816694,0.851063829787234,0.6538461538461539,0.8333333333333334,0.6538461538461539,0.851063829787234,0.68,0.7566666666666667,0.8396072013093291
853,19,34,11,9,0.726027397260274,0.7170634920634921,0.7555555555555555,0.6785714285714286,0.7727272727272727,0.6785714285714286,0.7555555555555555,0.6551724137931034,0.7139498432601881,0.8222222222222223
854,17,41,7,8,0.7945205479452054,0.7670833333333333,0.8541666666666666,0.68,0.845360824742268,0.68,0.8541666666666666,0.6938775510204082,0.7696191878813381,0.8800000000000001
855,16,37,14,6,0.726027397260274,0.7263814616755793,0.7254901960784313,0.7272727272727273,0.7872340425531915,0.7272727272727273,0.7254901960784313,0.6153846153846154,0.7013093289689034,0.8520499108734403
856,22,38,8,5,0.821917808219178,0.820450885668277,0.8260869565217391,0.8148148148148148,0.8539325842696629,0.8148148148148148,0.8260869565217391,0.7719298245614035,0.8129312044155332,0.8993558776167472
857,19,40,8,6,0.8082191780821918,0.7966666666666666,0.8333333333333334,0.76,0.851063829787234,0.76,0.8333333333333334,0.7307692307692307,0.7909165302782324,0.8775
858,13,42,11,7,0.7534246575342466,0.7212264150943397,0.7924528301886793,0.65,0.8235294117647058,0.65,0.7924528301886793,0.5909090909090909,0.7072192513368984,0.8037735849056604
859,22,38,11,2,0.821917808219178,0.8460884353741496,0.7755102040816326,0.9166666666666666,0.8539325842696629,0.9166666666666666,0.7755102040816326,0.7719298245614035,0.8129312044155332,0.9141156462585034
860,21,37,8,7,0.7945205479452054,0.7861111111111111,0.8222222222222222,0.75,0.8314606741573034,0.75,0.8222222222222222,0.7368421052631579,0.7841513897102306,0.7992063492063493
861,18,43,5,7,0.8356164383561644,0.8079166666666666,0.8958333333333334,0.72,0.8775510204081632,0.72,0.8958333333333334,0.75,0.8137755102040816,0.8708333333333333
862,14,38,10,11,0.7123287671232876,0.6758333333333333,0.7916666666666666,0.56,0.7835051546391752,0.56,0.7916666666666666,0.5714285714285714,0.6774668630338734,0.8116666666666666
863,13,48,10,2,0.8356164383561644,0.8471264367816091,0.8275862068965517,0.8666666666666667,0.8888888888888888,0.8666666666666667,0.8275862068965517,0.6842105263157895,0.7865497076023391,0.9367816091954023
864,16,44,7,6,0.821917808219178,0.7950089126559715,0.8627450980392157,0.7272727272727273,0.8712871287128713,0.7272727272727273,0.8627450980392157,0.7111111111111111,0.7911991199119912,0.8743315508021391
865,24,36,7,6,0.821917808219178,0.8186046511627907,0.8372093023255814,0.8,0.8470588235294118,0.8,0.8372093023255814,0.7868852459016393,0.8169720347155256,0.9077519379844962
866,15,40,8,10,0.7534246575342466,0.7166666666666667,0.8333333333333334,0.6,0.8163265306122449,0.6,0.8333333333333334,0.625,0.7206632653061225,0.78
867,23,36,8,6,0.8082191780821918,0.8056426332288402,0.8181818181818182,0.7931034482758621,0.8372093023255814,0.7931034482758621,0.8181818181818182,0.7666666666666667,0.8019379844961241,0.8706896551724138
868,16,46,5,6,0.8493150684931506,0.8146167557932265,0.9019607843137255,0.7272727272727273,0.8932038834951457,0.7272727272727273,0.9019607843137255,0.7441860465116279,0.8186949650033868,0.8832442067736185
869,12,49,7,5,0.8356164383561644,0.7904411764705883,0.875,0.7058823529411765,0.8909090909090909,0.7058823529411765,0.875,0.6666666666666666,0.7787878787878788,0.8182773109243697
870,19,37,8,9,0.7671232876712328,0.7503968253968254,0.8222222222222222,0.6785714285714286,0.8131868131868132,0.6785714285714286,0.8222222222222222,0.6909090909090909,0.752047952047952,0.7833333333333334
871,21,33,7,12,0.7397260273972602,0.7306818181818182,0.825,0.6363636363636364,0.7764705882352941,0.6363636363636364,0.825,0.6885245901639344,0.7324975891996143,0.8015151515151515
872,14,40,11,8,0.7397260273972602,0.7103386809269162,0.7843137254901961,0.6363636363636364,0.8080808080808081,0.6363636363636364,0.7843137254901961,0.5957446808510638,0.7019127444659359,0.8065953654188949
873,16,40,7,10,0.7671232876712328,0.7332242225859247,0.851063829787234,0.6153846153846154,0.8247422680412371,0.6153846153846154,0.851063829787234,0.6530612244897959,0.7389017462655165,0.8232405891980361
874,26,33,7,7,0.8082191780821918,0.8064393939393939,0.825,0.7878787878787878,0.825,0.7878787878787878,0.825,0.7878787878787878,0.8064393939393939,0.9083333333333333
875,17,41,7,8,0.7945205479452054,0.7670833333333333,0.8541666666666666,0.68,0.845360824742268,0.68,0.8541666666666666,0.6938775510204082,0.7696191878813381,0.8625
876,20,35,7,11,0.7534246575342466,0.739247311827957,0.8333333333333334,0.6451612903225806,0.7954545454545454,0.6451612903225806,0.8333333333333334,0.6896551724137931,0.7425548589341693,0.8195084485407066
877,14,46,6,7,0.821917808219178,0.7756410256410255,0.8846153846153846,0.6666666666666666,0.8761904761904762,0.6666666666666666,0.8846153846153846,0.6829268292682927,0.7795586527293845,0.8076923076923077
878,16,42,9,6,0.7945205479452054,0.7754010695187166,0.8235294117647058,0.7272727272727273,0.8484848484848485,0.7272727272727273,0.8235294117647058,0.6808510638297872,0.7646679561573179,0.8547237076648841
879,25,35,9,4,0.821917808219178,0.8287617554858934,0.7954545454545454,0.8620689655172413,0.8433734939759037,0.8620689655172413,0.7954545454545454,0.7936507936507936,0.8185121438133487,0.9278996865203761
880,11,41,12,9,0.7123287671232876,0.6617924528301887,0.7735849056603774,0.55,0.7961165048543689,0.55,0.7735849056603774,0.5116279069767442,0.6538722059155566,0.7141509433962264
881,22,36,12,3,0.7945205479452054,0.815,0.75,0.88,0.8275862068965517,0.88,0.75,0.7457627118644068,0.7866744593804793,0.89
882,20,41,5,7,0.8356164383561644,0.8160225442834138,0.8913043478260869,0.7407407407407407,0.8723404255319149,0.7407407407407407,0.8913043478260869,0.7692307692307693,0.820785597381342,0.8615136876006441
883,22,36,13,2,0.7945205479452054,0.8256802721088435,0.7346938775510204,0.9166666666666666,0.8275862068965517,0.9166666666666666,0.7346938775510204,0.7457627118644068,0.7866744593804793,0.9234693877551019
884,23,42,5,3,0.8904109589041096,0.8891162029459901,0.8936170212765957,0.8846153846153846,0.9130434782608695,0.8846153846153846,0.8936170212765957,0.8518518518518519,0.8824476650563606,0.9075286415711947
885,16,42,8,7,0.7945205479452054,0.7678260869565217,0.84,0.6956521739130435,0.8484848484848485,0.6956521739130435,0.84,0.6808510638297872,0.7646679561573179,0.8078260869565218
886,18,39,7,9,0.7808219178082192,0.7572463768115942,0.8478260869565217,0.6666666666666666,0.8297872340425532,0.6666666666666666,0.8478260869565217,0.6923076923076923,0.7610474631751227,0.8615136876006441
887,22,36,11,4,0.7945205479452054,0.8060556464811783,0.7659574468085106,0.8461538461538461,0.8275862068965517,0.8461538461538461,0.7659574468085106,0.7457627118644068,0.7866744593804793,0.897708674304419
888,17,40,9,7,0.7808219178082192,0.7623299319727892,0.8163265306122449,0.7083333333333334,0.8333333333333334,0.7083333333333334,0.8163265306122449,0.68,0.7566666666666667,0.79421768707483
889,27,34,8,4,0.8356164383561644,0.8402457757296466,0.8095238095238095,0.8709677419354839,0.85,0.8709677419354839,0.8095238095238095,0.8181818181818182,0.8340909090909091,0.9301075268817205
890,17,40,9,7,0.7808219178082192,0.7623299319727892,0.8163265306122449,0.7083333333333334,0.8333333333333334,0.7083333333333334,0.8163265306122449,0.68,0.7566666666666667,0.8792517006802721
891,15,41,9,8,0.7671232876712328,0.7360869565217392,0.82,0.6521739130434783,0.8282828282828283,0.6521739130434783,0.82,0.6382978723404256,0.7332903503116269,0.86
892,22,33,8,10,0.7534246575342466,0.7461890243902439,0.8048780487804879,0.6875,0.7857142857142857,0.6875,0.8048780487804879,0.7096774193548387,0.7476958525345623,0.7957317073170732
893,19,41,8,5,0.821917808219178,0.8142006802721089,0.8367346938775511,0.7916666666666666,0.8631578947368421,0.7916666666666666,0.8367346938775511,0.7450980392156863,0.8041279669762642,0.907312925170068
894,16,44,4,9,0.821917808219178,0.7783333333333333,0.9166666666666666,0.64,0.8712871287128713,0.64,0.9166666666666666,0.7111111111111111,0.7911991199119912,0.8183333333333334
895,16,39,10,8,0.7534246575342466,0.7312925170068028,0.7959183673469388,0.6666666666666666,0.8125,0.6666666666666666,0.7959183673469388,0.64,0.7262500000000001,0.8035714285714286
896,19,38,11,5,0.7808219178082192,0.7835884353741496,0.7755102040816326,0.7916666666666666,0.8260869565217391,0.7916666666666666,0.7755102040816326,0.7037037037037037,0.7648953301127215,0.8767006802721088
897,23,41,6,3,0.8767123287671232,0.8784779050736498,0.8723404255319149,0.8846153846153846,0.9010989010989011,0.8846153846153846,0.8723404255319149,0.8363636363636363,0.8687312687312687,0.946808510638298
898,24,33,7,9,0.7808219178082192,0.7761363636363636,0.825,0.7272727272727273,0.8048780487804879,0.7272727272727273,0.825,0.75,0.7774390243902439,0.8424242424242424
899,20,41,5,7,0.8356164383561644,0.8160225442834138,0.8913043478260869,0.7407407407407407,0.8723404255319149,0.7407407407407407,0.8913043478260869,0.7692307692307693,0.820785597381342,0.857487922705314
900,23,36,7,7,0.8082191780821918,0.8019379844961241,0.8372093023255814,0.7666666666666667,0.8372093023255814,0.7666666666666667,0.8372093023255814,0.7666666666666667,0.8019379844961241,0.8713178294573645
901,20,43,6,4,0.863013698630137,0.8554421768707483,0.8775510204081632,0.8333333333333334,0.8958333333333334,0.8333333333333334,0.8775510204081632,0.8,0.8479166666666667,0.9090136054421769
902,20,37,10,6,0.7808219178082192,0.7782324058919804,0.7872340425531915,0.7692307692307693,0.8222222222222222,0.7692307692307693,0.7872340425531915,0.7142857142857143,0.7682539682539682,0.8756137479541735
903,19,35,12,7,0.7397260273972602,0.7377250409165302,0.7446808510638298,0.7307692307692307,0.7865168539325843,0.7307692307692307,0.7446808510638298,0.6666666666666666,0.7265917602996255,0.8436988543371522
904,16,47,5,5,0.863013698630137,0.8328754578754578,0.9038461538461539,0.7619047619047619,0.9038461538461539,0.7619047619047619,0.9038461538461539,0.7619047619047619,0.8328754578754578,0.8589743589743589
905,12,45,9,7,0.7808219178082192,0.7324561403508771,0.8333333333333334,0.631578947368421,0.8490566037735849,0.631578947368421,0.8333333333333334,0.6,0.7245283018867925,0.8226120857699806
906,18,37,8,10,0.7534246575342466,0.7325396825396826,0.8222222222222222,0.6428571428571429,0.8043478260869565,0.6428571428571429,0.8222222222222222,0.6666666666666666,0.7355072463768115,0.7976190476190478
907,18,39,10,6,0.7808219178082192,0.7729591836734694,0.7959183673469388,0.75,0.8297872340425532,0.75,0.7959183673469388,0.6923076923076923,0.7610474631751227,0.8282312925170069
908,23,39,4,7,0.8493150684931506,0.8368217054263566,0.9069767441860465,0.7666666666666667,0.8764044943820225,0.7666666666666667,0.9069767441860465,0.8070175438596491,0.8417110191208358,0.8635658914728682
909,21,36,12,4,0.7808219178082192,0.7949999999999999,0.75,0.84,0.8181818181818182,0.84,0.75,0.7241379310344828,0.7711598746081505,0.8825
910,13,42,11,7,0.7534246575342466,0.7212264150943397,0.7924528301886793,0.65,0.8235294117647058,0.65,0.7924528301886793,0.5909090909090909,0.7072192513368984,0.781132075471698
911,23,37,9,4,0.821917808219178,0.8280998389694042,0.8043478260869565,0.8518518518518519,0.8505747126436781,0.8518518518518519,0.8043478260869565,0.7796610169491526,0.8151178647964153,0.894524959742351
912,19,37,8,9,0.7671232876712328,0.7503968253968254,0.8222222222222222,0.6785714285714286,0.8131868131868132,0.6785714285714286,0.8222222222222222,0.6909090909090909,0.752047952047952,0.8111111111111111
913,15,46,8,4,0.8356164383561644,0.8206627680311891,0.8518518518518519,0.7894736842105263,0.8846153846153846,0.7894736842105263,0.8518518518518519,0.7142857142857143,0.7994505494505495,0.8869395711500975
914,16,40,11,6,0.7671232876712328,0.7557932263814617,0.7843137254901961,0.7272727272727273,0.8247422680412371,0.7272727272727273,0.7843137254901961,0.6530612244897959,0.7389017462655165,0.8155080213903744
915,18,33,9,13,0.6986301369863014,0.6831797235023042,0.7857142857142857,0.5806451612903226,0.75,0.5806451612903226,0.7857142857142857,0.6206896551724138,0.6853448275862069,0.8187403993855606
916,18,45,6,4,0.863013698630137,0.8502673796791445,0.8823529411764706,0.8181818181818182,0.9,0.8181818181818182,0.8823529411764706,0.782608695652174,0.841304347826087,0.894830659536542
917,25,38,7,3,0.863013698630137,0.8686507936507937,0.8444444444444444,0.8928571428571429,0.8837209302325582,0.8928571428571429,0.8444444444444444,0.8333333333333334,0.8585271317829457,0.9087301587301587
918,22,31,10,10,0.726027397260274,0.7217987804878049,0.7560975609756098,0.6875,0.7560975609756098,0.6875,0.7560975609756098,0.6875,0.7217987804878049,0.8208841463414636
919,19,41,4,9,0.821917808219178,0.7948412698412699,0.9111111111111111,0.6785714285714286,0.8631578947368421,0.6785714285714286,0.9111111111111111,0.7450980392156863,0.8041279669762642,0.8547619047619048
920,26,24,13,10,0.684931506849315,0.6854354354354355,0.6486486486486487,0.7222222222222222,0.676056338028169,0.7222222222222222,0.6486486486486487,0.6933333333333334,0.6846948356807512,0.771021021021021
921,18,34,10,11,0.7123287671232876,0.6967084639498433,0.7727272727272727,0.6206896551724138,0.7640449438202247,0.6206896551724138,0.7727272727272727,0.631578947368421,0.6978119455943228,0.7962382445141066
922,17,42,8,6,0.8082191780821918,0.7895652173913044,0.84,0.7391304347826086,0.8571428571428571,0.7391304347826086,0.84,0.7083333333333334,0.7827380952380952,0.848695652173913
923,20,40,10,3,0.821917808219178,0.8347826086956522,0.8,0.8695652173913043,0.8602150537634409,0.8695652173913043,0.8,0.7547169811320755,0.8074660174477581,0.9591304347826086
924,20,33,7,13,0.726027397260274,0.7155303030303031,0.825,0.6060606060606061,0.7674418604651163,0.6060606060606061,0.825,0.6666666666666666,0.7170542635658914,0.8090909090909091
925,14,43,11,5,0.7808219178082192,0.7665692007797271,0.7962962962962963,0.7368421052631579,0.8431372549019608,0.7368421052631579,0.7962962962962963,0.6363636363636364,0.7397504456327986,0.8099415204678362
926,15,36,17,5,0.6986301369863014,0.7146226415094339,0.6792452830188679,0.75,0.7659574468085106,0.75,0.6792452830188679,0.5769230769230769,0.6714402618657938,0.8179245283018868
927,19,34,12,8,0.726027397260274,0.7214170692431562,0.7391304347826086,0.7037037037037037,0.7727272727272727,0.7037037037037037,0.7391304347826086,0.6551724137931034,0.7139498432601881,0.7962962962962963
928,22,35,10,6,0.7808219178082192,0.7817460317460317,0.7777777777777778,0.7857142857142857,0.813953488372093,0.7857142857142857,0.7777777777777778,0.7333333333333333,0.7736434108527132,0.8888888888888888
929,18,36,13,6,0.7397260273972602,0.7423469387755102,0.7346938775510204,0.75,0.7912087912087912,0.75,0.7346938775510204,0.6545454545454545,0.7228771228771229,0.8239795918367347
930,18,35,13,7,0.726027397260274,0.7245833333333334,0.7291666666666666,0.72,0.7777777777777778,0.72,0.7291666666666666,0.6428571428571429,0.7103174603174603,0.8233333333333334
931,18,44,7,4,0.8493150684931506,0.840463458110517,0.8627450980392157,0.8181818181818182,0.8888888888888888,0.8181818181818182,0.8627450980392157,0.7659574468085106,0.8274231678486997,0.8761140819964349
932,22,35,7,9,0.7808219178082192,0.771505376344086,0.8333333333333334,0.7096774193548387,0.813953488372093,0.7096774193548387,0.8333333333333334,0.7333333333333333,0.7736434108527132,0.8563748079877113
933,18,40,5,10,0.7945205479452054,0.7658730158730158,0.8888888888888888,0.6428571428571429,0.8421052631578947,0.6428571428571429,0.8888888888888888,0.7058823529411765,0.7739938080495357,0.8166666666666668
934,21,32,10,10,0.726027397260274,0.7196620583717357,0.7619047619047619,0.6774193548387096,0.7619047619047619,0.6774193548387096,0.7619047619047619,0.6774193548387096,0.7196620583717357,0.7826420890937019
935,22,35,10,6,0.7808219178082192,0.7817460317460317,0.7777777777777778,0.7857142857142857,0.813953488372093,0.7857142857142857,0.7777777777777778,0.7333333333333333,0.7736434108527132,0.8896825396825397
936,24,35,9,5,0.8082191780821918,0.8115203761755485,0.7954545454545454,0.8275862068965517,0.8333333333333334,0.8275862068965517,0.7954545454545454,0.7741935483870968,0.803763440860215,0.8793103448275862
937,16,43,8,6,0.8082191780821918,0.785204991087344,0.8431372549019608,0.7272727272727273,0.86,0.7272727272727273,0.8431372549019608,0.6956521739130435,0.7778260869565217,0.8342245989304813
938,15,41,10,7,0.7671232876712328,0.7428698752228164,0.803921568627451,0.6818181818181818,0.8282828282828283,0.6818181818181818,0.803921568627451,0.6382978723404256,0.7332903503116269,0.8449197860962567
939,13,46,6,8,0.8082191780821918,0.7518315018315018,0.8846153846153846,0.6190476190476191,0.8679245283018868,0.6190476190476191,0.8846153846153846,0.65,0.7589622641509435,0.8507326007326008
940,18,41,7,7,0.8082191780821918,0.7870833333333334,0.8541666666666666,0.72,0.8541666666666666,0.72,0.8541666666666666,0.72,0.7870833333333334,0.8475
941,16,40,9,8,0.7671232876712328,0.7414965986394557,0.8163265306122449,0.6666666666666666,0.8247422680412371,0.6666666666666666,0.8163265306122449,0.6530612244897959,0.7389017462655165,0.8078231292517007
942,22,33,10,8,0.7534246575342466,0.7503875968992249,0.7674418604651163,0.7333333333333333,0.7857142857142857,0.7333333333333333,0.7674418604651163,0.7096774193548387,0.7476958525345623,0.8023255813953488
943,15,47,6,5,0.8493150684931506,0.8183962264150944,0.8867924528301887,0.75,0.8952380952380953,0.75,0.8867924528301887,0.7317073170731707,0.813472706155633,0.7952830188679245
944,21,40,9,3,0.8356164383561644,0.8456632653061225,0.8163265306122449,0.875,0.8695652173913043,0.875,0.8163265306122449,0.7777777777777778,0.8236714975845411,0.9523809523809524
945,21,36,9,7,0.7808219178082192,0.775,0.8,0.75,0.8181818181818182,0.75,0.8,0.7241379310344828,0.7711598746081505,0.8261904761904761
946,14,45,9,5,0.8082191780821918,0.7850877192982456,0.8333333333333334,0.7368421052631579,0.8653846153846154,0.7368421052631579,0.8333333333333334,0.6666666666666666,0.766025641025641,0.9142300194931774
947,15,45,7,6,0.821917808219178,0.7898351648351649,0.8653846153846154,0.7142857142857143,0.8737864077669902,0.7142857142857143,0.8653846153846154,0.6976744186046512,0.7857304131858207,0.826923076923077
948,16,38,11,8,0.7397260273972602,0.7210884353741496,0.7755102040816326,0.6666666666666666,0.8,0.6666666666666666,0.7755102040816326,0.6274509803921569,0.7137254901960784,0.8197278911564626
949,16,45,6,6,0.8356164383561644,0.8048128342245989,0.8823529411764706,0.7272727272727273,0.8823529411764706,0.7272727272727273,0.8823529411764706,0.7272727272727273,0.8048128342245989,0.8645276292335117
950,12,38,16,7,0.684931506849315,0.6676413255360624,0.7037037037037037,0.631578947368421,0.7676767676767676,0.631578947368421,0.7037037037037037,0.5106382978723404,0.639157532774554,0.7241715399610136
951,15,43,11,4,0.7945205479452054,0.7928849902534113,0.7962962962962963,0.7894736842105263,0.8514851485148515,0.7894736842105263,0.7962962962962963,0.6666666666666666,0.759075907590759,0.8927875243664718
952,26,34,8,5,0.821917808219178,0.8241167434715821,0.8095238095238095,0.8387096774193549,0.8395061728395061,0.8387096774193549,0.8095238095238095,0.8,0.8197530864197531,0.9024577572964669
953,13,40,13,7,0.726027397260274,0.7023584905660378,0.7547169811320755,0.65,0.8,0.65,0.7547169811320755,0.5652173913043478,0.682608695652174,0.8537735849056604
954,17,40,12,4,0.7808219178082192,0.7893772893772895,0.7692307692307693,0.8095238095238095,0.8333333333333334,0.8095238095238095,0.7692307692307693,0.68,0.7566666666666667,0.7948717948717948
955,14,44,6,9,0.7945205479452054,0.7443478260869565,0.88,0.6086956521739131,0.8543689320388349,0.6086956521739131,0.88,0.6511627906976745,0.7527658613682546,0.8208695652173913
956,19,44,5,5,0.863013698630137,0.844812925170068,0.8979591836734694,0.7916666666666666,0.8979591836734694,0.7916666666666666,0.8979591836734694,0.7916666666666666,0.844812925170068,0.9081632653061226
957,17,39,8,9,0.7671232876712328,0.7418166939443536,0.8297872340425532,0.6538461538461539,0.8210526315789474,0.6538461538461539,0.8297872340425532,0.6666666666666666,0.743859649122807,0.7757774140752864
958,24,41,6,2,0.8904109589041096,0.897708674304419,0.8723404255319149,0.9230769230769231,0.9111111111111111,0.9230769230769231,0.8723404255319149,0.8571428571428571,0.8841269841269841,0.9541734860883797
959,19,40,7,7,0.8082191780821918,0.7909165302782324,0.851063829787234,0.7307692307692307,0.851063829787234,0.7307692307692307,0.851063829787234,0.7307692307692307,0.7909165302782324,0.8166939443535188
960,19,43,8,3,0.8493150684931506,0.8533868092691622,0.8431372549019608,0.8636363636363636,0.8865979381443299,0.8636363636363636,0.8431372549019608,0.7755102040816326,0.8310540711129812,0.9046345811051694
961,17,47,6,3,0.8767123287671232,0.8683962264150944,0.8867924528301887,0.85,0.912621359223301,0.85,0.8867924528301887,0.7906976744186046,0.8516595168209529,0.9339622641509434
962,16,37,10,10,0.726027397260274,0.7013093289689034,0.7872340425531915,0.6153846153846154,0.7872340425531915,0.6153846153846154,0.7872340425531915,0.6153846153846154,0.7013093289689034,0.7528641571194762
963,17,45,5,6,0.8493150684931506,0.8195652173913044,0.9,0.7391304347826086,0.8910891089108911,0.7391304347826086,0.9,0.7555555555555555,0.8233223322332233,0.8773913043478261
964,18,38,10,7,0.7671232876712328,0.7558333333333334,0.7916666666666666,0.72,0.8172043010752689,0.72,0.7916666666666666,0.6792452830188679,0.7482247920470684,0.8691666666666666
965,19,29,18,7,0.6575342465753424,0.6738952536824877,0.6170212765957447,0.7307692307692307,0.6987951807228916,0.7307692307692307,0.6170212765957447,0.6031746031746031,0.6509848919487473,0.8322422258592471
966,20,34,10,9,0.7397260273972602,0.7311912225705329,0.7727272727272727,0.6896551724137931,0.7816091954022989,0.6896551724137931,0.7727272727272727,0.6779661016949152,0.729787648548607,0.8487460815047022
967,19,42,4,8,0.8356164383561644,0.8083735909822867,0.9130434782608695,0.7037037037037037,0.875,0.7037037037037037,0.9130434782608695,0.76,0.8175,0.8703703703703703
968,23,40,6,4,0.863013698630137,0.8607085346215781,0.8695652173913043,0.8518518518518519,0.8888888888888888,0.8518518518518519,0.8695652173913043,0.8214285714285714,0.8551587301587301,0.9154589371980677
969,13,46,9,5,0.8082191780821918,0.7792929292929293,0.8363636363636363,0.7222222222222222,0.8679245283018868,0.7222222222222222,0.8363636363636363,0.65,0.7589622641509435,0.8535353535353535
970,16,41,9,7,0.7808219178082192,0.7578260869565216,0.82,0.6956521739130435,0.8367346938775511,0.6956521739130435,0.82,0.6666666666666666,0.7517006802721089,0.7826086956521738
971,18,41,6,8,0.8082191780821918,0.7823240589198036,0.8723404255319149,0.6923076923076923,0.8541666666666666,0.6923076923076923,0.8723404255319149,0.72,0.7870833333333334,0.7864157119476269
972,21,41,6,5,0.8493150684931506,0.8400163666121113,0.8723404255319149,0.8076923076923077,0.8817204301075269,0.8076923076923077,0.8723404255319149,0.7924528301886793,0.837086630148103,0.8968903436988543
973,26,36,6,5,0.8493150684931506,0.847926267281106,0.8571428571428571,0.8387096774193549,0.8674698795180723,0.8387096774193549,0.8571428571428571,0.8253968253968254,0.8464333524574488,0.8940092165898617
974,18,40,9,6,0.7945205479452054,0.7831632653061225,0.8163265306122449,0.75,0.8421052631578947,0.75,0.8163265306122449,0.7058823529411765,0.7739938080495357,0.8613945578231293
975,14,42,8,9,0.7671232876712328,0.7243478260869565,0.84,0.6086956521739131,0.8316831683168316,0.6086956521739131,0.84,0.6222222222222222,0.7269526952695269,0.8139130434782608
976,22,41,4,6,0.863013698630137,0.8484126984126984,0.9111111111111111,0.7857142857142857,0.8913043478260869,0.7857142857142857,0.9111111111111111,0.8148148148148148,0.8530595813204509,0.9119047619047619
977,17,37,9,10,0.7397260273972602,0.7169887278582932,0.8043478260869565,0.6296296296296297,0.7956989247311828,0.6296296296296297,0.8043478260869565,0.6415094339622641,0.7186041793467235,0.7834138486312399
978,21,35,2,15,0.7671232876712328,0.7646396396396397,0.9459459459459459,0.5833333333333334,0.8045977011494253,0.5833333333333334,0.9459459459459459,0.711864406779661,0.7582310539645432,0.8243243243243243
979,25,37,4,7,0.8493150684931506,0.8418445121951219,0.9024390243902439,0.78125,0.8705882352941177,0.78125,0.9024390243902439,0.819672131147541,0.8451301832208293,0.9405487804878049
980,23,39,8,3,0.8493150684931506,0.8572013093289689,0.8297872340425532,0.8846153846153846,0.8764044943820225,0.8846153846153846,0.8297872340425532,0.8070175438596491,0.8417110191208358,0.9099836333878888
981,11,46,11,5,0.7808219178082192,0.7472587719298245,0.8070175438596491,0.6875,0.8518518518518519,0.6875,0.8070175438596491,0.5789473684210527,0.7153996101364523,0.7850877192982456
982,26,34,5,8,0.821917808219178,0.8182503770739065,0.8717948717948718,0.7647058823529411,0.8395061728395061,0.7647058823529411,0.8717948717948718,0.8,0.8197530864197531,0.8484162895927602
983,17,37,13,6,0.7397260273972602,0.7395652173913043,0.74,0.7391304347826086,0.7956989247311828,0.7391304347826086,0.74,0.6415094339622641,0.7186041793467235,0.806086956521739
984,19,39,7,8,0.7945205479452054,0.7757648953301127,0.8478260869565217,0.7037037037037037,0.8387096774193549,0.7037037037037037,0.8478260869565217,0.7169811320754716,0.7778454047474133,0.8631239935587762
985,16,39,11,7,0.7534246575342466,0.7378260869565217,0.78,0.6956521739130435,0.8125,0.6956521739130435,0.78,0.64,0.7262500000000001,0.8739130434782608
986,12,41,12,8,0.726027397260274,0.6867924528301887,0.7735849056603774,0.6,0.803921568627451,0.6,0.7735849056603774,0.5454545454545454,0.6746880570409982,0.7981132075471697
987,26,29,9,9,0.7534246575342466,0.7530075187969925,0.7631578947368421,0.7428571428571429,0.7631578947368421,0.7428571428571429,0.7631578947368421,0.7428571428571429,0.7530075187969925,0.8330827067669173
988,15,45,7,6,0.821917808219178,0.7898351648351649,0.8653846153846154,0.7142857142857143,0.8737864077669902,0.7142857142857143,0.8653846153846154,0.6976744186046512,0.7857304131858207,0.8122710622710623
989,17,41,10,5,0.7945205479452054,0.7883244206773619,0.803921568627451,0.7727272727272727,0.845360824742268,0.7727272727272727,0.803921568627451,0.6938775510204082,0.7696191878813381,0.858288770053476
990,17,44,5,7,0.8356164383561644,0.8031462585034014,0.8979591836734694,0.7083333333333334,0.88,0.7083333333333334,0.8979591836734694,0.7391304347826086,0.8095652173913044,0.7908163265306122
991,21,37,8,7,0.7945205479452054,0.7861111111111111,0.8222222222222222,0.75,0.8314606741573034,0.75,0.8222222222222222,0.7368421052631579,0.7841513897102306,0.823015873015873
992,19,31,15,8,0.684931506849315,0.6888083735909822,0.6739130434782609,0.7037037037037037,0.7294117647058823,0.7037037037037037,0.6739130434782609,0.6229508196721312,0.6761812921890067,0.7753623188405797
993,20,38,7,8,0.7945205479452054,0.7793650793650794,0.8444444444444444,0.7142857142857143,0.8351648351648352,0.7142857142857143,0.8444444444444444,0.7272727272727273,0.7812187812187812,0.8547619047619047
994,15,39,9,10,0.7397260273972602,0.70625,0.8125,0.6,0.8041237113402062,0.6,0.8125,0.6122448979591837,0.708184304649695,0.8075
995,16,31,11,15,0.6438356164383562,0.6271121351766513,0.7380952380952381,0.5161290322580645,0.7045454545454546,0.5161290322580645,0.7380952380952381,0.5517241379310345,0.6281347962382445,0.7119815668202766
996,16,42,8,7,0.7945205479452054,0.7678260869565217,0.84,0.6956521739130435,0.8484848484848485,0.6956521739130435,0.84,0.6808510638297872,0.7646679561573179,0.8721739130434784
997,16,41,7,9,0.7808219178082192,0.7470833333333333,0.8541666666666666,0.64,0.8367346938775511,0.64,0.8541666666666666,0.6666666666666666,0.7517006802721089,0.7966666666666666
998,19,35,10,9,0.7397260273972602,0.7281746031746033,0.7777777777777778,0.6785714285714286,0.7865168539325843,0.6785714285714286,0.7777777777777778,0.6666666666666666,0.7265917602996255,0.8309523809523809
999,14,39,8,12,0.726027397260274,0.6841243862520459,0.8297872340425532,0.5384615384615384,0.7959183673469388,0.5384615384615384,0.8297872340425532,0.5833333333333334,0.689625850340136,0.7675941080196399
1000,21,40,6,6,0.8356164383561644,0.8236714975845411,0.8695652173913043,0.7777777777777778,0.8695652173913043,0.7777777777777778,0.8695652173913043,0.7777777777777778,0.8236714975845411,0.855877616747182
