round,TP,TN,FP,FN,Accuracy,BalancedAccuracy,Sensitivity_Class0,Specificity_Class0,F1_Class0,Sensitivity_Class1,Specificity_Class1,F1_Class1,F1_macro,AUC
1,17,36,5,15,0.726027397260274,0.7046493902439024,0.8780487804878049,0.53125,0.782608695652174,0.53125,0.8780487804878049,0.6296296296296297,0.7061191626409018,0.8109756097560976
2,20,42,10,1,0.8493150684931506,0.88003663003663,0.8076923076923077,0.9523809523809523,0.8842105263157894,0.9523809523809523,0.8076923076923077,0.7843137254901961,0.8342621259029928,0.9377289377289377
3,22,32,12,7,0.7397260273972602,0.7429467084639498,0.7272727272727273,0.7586206896551724,0.7710843373493976,0.7586206896551724,0.7272727272727273,0.6984126984126984,0.734748517881048,0.8252351097178683
4,12,34,13,14,0.6301369863013698,0.5924713584288053,0.723404255319149,0.46153846153846156,0.7157894736842105,0.46153846153846156,0.723404255319149,0.47058823529411764,0.5931888544891641,0.7094926350245498
5,22,32,12,7,0.7397260273972602,0.7429467084639498,0.7272727272727273,0.7586206896551724,0.7710843373493976,0.7586206896551724,0.7272727272727273,0.6984126984126984,0.734748517881048,0.8170062695924765
6,18,39,10,6,0.7808219178082192,0.7729591836734694,0.7959183673469388,0.75,0.8297872340425532,0.75,0.7959183673469388,0.6923076923076923,0.7610474631751227,0.8664965986394558
7,17,36,13,7,0.726027397260274,0.7215136054421769,0.7346938775510204,0.7083333333333334,0.782608695652174,0.7083333333333334,0.7346938775510204,0.6296296296296297,0.7061191626409018,0.8278061224489797
8,15,36,14,8,0.6986301369863014,0.6860869565217391,0.72,0.6521739130434783,0.7659574468085106,0.6521739130434783,0.72,0.5769230769230769,0.6714402618657938,0.7426086956521739
9,22,30,12,9,0.7123287671232876,0.7119815668202765,0.7142857142857143,0.7096774193548387,0.7407407407407407,0.7096774193548387,0.7142857142857143,0.676923076923077,0.7088319088319088,0.8448540706605222
10,13,35,15,10,0.6575342465753424,0.6326086956521739,0.7,0.5652173913043478,0.7368421052631579,0.5652173913043478,0.7,0.5098039215686274,0.6233230134158927,0.7139130434782608
11,20,37,11,5,0.7808219178082192,0.7854166666666667,0.7708333333333334,0.8,0.8222222222222222,0.8,0.7708333333333334,0.7142857142857143,0.7682539682539682,0.9
12,19,39,7,8,0.7945205479452054,0.7757648953301127,0.8478260869565217,0.7037037037037037,0.8387096774193549,0.7037037037037037,0.8478260869565217,0.7169811320754716,0.7778454047474133,0.8140096618357489
13,15,39,14,5,0.7397260273972602,0.7429245283018868,0.7358490566037735,0.75,0.8041237113402062,0.75,0.7358490566037735,0.6122448979591837,0.708184304649695,0.8584905660377359
14,28,32,8,5,0.821917808219178,0.8242424242424242,0.8,0.8484848484848485,0.8311688311688312,0.8484848484848485,0.8,0.8115942028985508,0.821381517033691,0.8712121212121212
15,12,39,16,6,0.6986301369863014,0.6878787878787879,0.7090909090909091,0.6666666666666666,0.78,0.6666666666666666,0.7090909090909091,0.5217391304347826,0.6508695652173913,0.8171717171717172
16,20,33,14,6,0.726027397260274,0.7356792144026187,0.7021276595744681,0.7692307692307693,0.7674418604651163,0.7692307692307693,0.7021276595744681,0.6666666666666666,0.7170542635658914,0.8187397708674305
17,19,36,12,6,0.7534246575342466,0.755,0.75,0.76,0.8,0.76,0.75,0.6785714285714286,0.7392857142857143,0.83375
18,21,32,10,10,0.726027397260274,0.7196620583717357,0.7619047619047619,0.6774193548387096,0.7619047619047619,0.6774193548387096,0.7619047619047619,0.6774193548387096,0.7196620583717357,0.8026113671274963
19,14,37,12,10,0.6986301369863014,0.6692176870748299,0.7551020408163265,0.5833333333333334,0.7708333333333334,0.5833333333333334,0.7551020408163265,0.56,0.6654166666666668,0.7763605442176871
20,11,35,14,13,0.6301369863013698,0.5863095238095238,0.7142857142857143,0.4583333333333333,0.7216494845360825,0.4583333333333333,0.7142857142857143,0.4489795918367347,0.5853145381864086,0.6751700680272109
21,14,40,13,6,0.7397260273972602,0.7273584905660377,0.7547169811320755,0.7,0.8080808080808081,0.7,0.7547169811320755,0.5957446808510638,0.7019127444659359,0.8306603773584906
22,13,39,14,7,0.7123287671232876,0.6929245283018868,0.7358490566037735,0.65,0.7878787878787878,0.65,0.7358490566037735,0.5531914893617021,0.6705351386202449,0.7495283018867924
23,16,28,18,11,0.6027397260273972,0.6006441223832528,0.6086956521739131,0.5925925925925926,0.6588235294117647,0.5925925925925926,0.6086956521739131,0.5245901639344263,0.5917068466730955,0.7355072463768115
24,20,34,13,6,0.7397260273972602,0.7463175122749591,0.723404255319149,0.7692307692307693,0.7816091954022989,0.7692307692307693,0.723404255319149,0.6779661016949152,0.729787648548607,0.8653846153846154
25,13,45,7,8,0.7945205479452054,0.7422161172161172,0.8653846153846154,0.6190476190476191,0.8571428571428571,0.6190476190476191,0.8653846153846154,0.6341463414634146,0.7456445993031359,0.798076923076923
26,18,41,10,4,0.8082191780821918,0.8110516934046346,0.803921568627451,0.8181818181818182,0.8541666666666666,0.8181818181818182,0.803921568627451,0.72,0.7870833333333334,0.893048128342246
27,18,35,16,4,0.726027397260274,0.7522281639928698,0.6862745098039216,0.8181818181818182,0.7777777777777778,0.8181818181818182,0.6862745098039216,0.6428571428571429,0.7103174603174603,0.823529411764706
28,20,40,6,7,0.821917808219178,0.8051529790660226,0.8695652173913043,0.7407407407407407,0.8602150537634409,0.7407407407407407,0.8695652173913043,0.7547169811320755,0.8074660174477581,0.9082125603864735
29,18,36,11,8,0.7397260273972602,0.7291325695581015,0.7659574468085106,0.6923076923076923,0.7912087912087912,0.6923076923076923,0.7659574468085106,0.6545454545454545,0.7228771228771229,0.8301963993453355
30,10,43,16,4,0.726027397260274,0.7215496368038741,0.7288135593220338,0.7142857142857143,0.8113207547169812,0.7142857142857143,0.7288135593220338,0.5,0.6556603773584906,0.8184019370460048
31,16,37,11,9,0.726027397260274,0.7054166666666667,0.7708333333333334,0.64,0.7872340425531915,0.64,0.7708333333333334,0.6153846153846154,0.7013093289689034,0.8225
32,19,37,6,11,0.7671232876712328,0.7468992248062015,0.8604651162790697,0.6333333333333333,0.8131868131868132,0.6333333333333333,0.8604651162790697,0.6909090909090909,0.752047952047952,0.8093023255813954
33,22,33,10,8,0.7534246575342466,0.7503875968992249,0.7674418604651163,0.7333333333333333,0.7857142857142857,0.7333333333333333,0.7674418604651163,0.7096774193548387,0.7476958525345623,0.8217054263565892
34,12,45,10,6,0.7808219178082192,0.7424242424242424,0.8181818181818182,0.6666666666666666,0.8490566037735849,0.6666666666666666,0.8181818181818182,0.6,0.7245283018867925,0.793939393939394
35,21,38,11,3,0.8082191780821918,0.8252551020408163,0.7755102040816326,0.875,0.8444444444444444,0.875,0.7755102040816326,0.75,0.7972222222222223,0.9107142857142858
36,20,37,6,10,0.7808219178082192,0.7635658914728682,0.8604651162790697,0.6666666666666666,0.8222222222222222,0.6666666666666666,0.8604651162790697,0.7142857142857143,0.7682539682539682,0.842248062015504
37,17,32,15,9,0.6712328767123288,0.6673486088379705,0.6808510638297872,0.6538461538461539,0.7272727272727273,0.6538461538461539,0.6808510638297872,0.5862068965517241,0.6567398119122256,0.7463175122749591
38,18,42,7,6,0.821917808219178,0.8035714285714286,0.8571428571428571,0.75,0.865979381443299,0.75,0.8571428571428571,0.7346938775510204,0.8003366294971597,0.8788265306122449
39,19,34,12,8,0.726027397260274,0.7214170692431562,0.7391304347826086,0.7037037037037037,0.7727272727272727,0.7037037037037037,0.7391304347826086,0.6551724137931034,0.7139498432601881,0.8462157809983897
40,17,36,9,11,0.726027397260274,0.7035714285714285,0.8,0.6071428571428571,0.782608695652174,0.6071428571428571,0.8,0.6296296296296297,0.7061191626409018,0.8095238095238096
41,15,39,11,8,0.7397260273972602,0.7160869565217391,0.78,0.6521739130434783,0.8041237113402062,0.6521739130434783,0.78,0.6122448979591837,0.708184304649695,0.7626086956521738
42,18,36,12,7,0.7397260273972602,0.735,0.75,0.72,0.7912087912087912,0.72,0.75,0.6545454545454545,0.7228771228771229,0.87
43,9,41,12,11,0.684931506849315,0.6117924528301887,0.7735849056603774,0.45,0.780952380952381,0.45,0.7735849056603774,0.43902439024390244,0.6099883855981417,0.7877358490566038
44,19,35,11,8,0.7397260273972602,0.7322866344605475,0.7608695652173914,0.7037037037037037,0.7865168539325843,0.7037037037037037,0.7608695652173914,0.6666666666666666,0.7265917602996255,0.8260869565217391
45,17,36,14,6,0.726027397260274,0.7295652173913043,0.72,0.7391304347826086,0.782608695652174,0.7391304347826086,0.72,0.6296296296296297,0.7061191626409018,0.8286956521739129
46,21,36,7,9,0.7808219178082192,0.7686046511627906,0.8372093023255814,0.7,0.8181818181818182,0.7,0.8372093023255814,0.7241379310344828,0.7711598746081505,0.8406976744186047
47,27,33,9,4,0.821917808219178,0.8283410138248848,0.7857142857142857,0.8709677419354839,0.8354430379746836,0.8709677419354839,0.7857142857142857,0.8059701492537313,0.8207065936142075,0.902073732718894
48,23,30,13,7,0.726027397260274,0.732170542635659,0.6976744186046512,0.7666666666666667,0.75,0.7666666666666667,0.6976744186046512,0.696969696969697,0.7234848484848485,0.8348837209302327
49,22,37,8,6,0.8082191780821918,0.803968253968254,0.8222222222222222,0.7857142857142857,0.8409090909090909,0.7857142857142857,0.8222222222222222,0.7586206896551724,0.7997648902821317,0.8904761904761904
50,17,35,9,12,0.7123287671232876,0.6908307210031348,0.7954545454545454,0.5862068965517241,0.7692307692307693,0.5862068965517241,0.7954545454545454,0.6181818181818182,0.6937062937062937,0.7978056426332288
51,17,36,14,6,0.726027397260274,0.7295652173913043,0.72,0.7391304347826086,0.782608695652174,0.7391304347826086,0.72,0.6296296296296297,0.7061191626409018,0.7604347826086956
52,19,38,7,9,0.7808219178082192,0.7615079365079365,0.8444444444444444,0.6785714285714286,0.8260869565217391,0.6785714285714286,0.8444444444444444,0.7037037037037037,0.7648953301127215,0.846031746031746
53,24,30,8,11,0.7397260273972602,0.737593984962406,0.7894736842105263,0.6857142857142857,0.759493670886076,0.6857142857142857,0.7894736842105263,0.7164179104477612,0.7379557906669185,0.831578947368421
54,11,35,14,13,0.6301369863013698,0.5863095238095238,0.7142857142857143,0.4583333333333333,0.7216494845360825,0.4583333333333333,0.7142857142857143,0.4489795918367347,0.5853145381864086,0.6828231292517006
55,17,31,15,10,0.6575342465753424,0.6517713365539453,0.6739130434782609,0.6296296296296297,0.7126436781609196,0.6296296296296297,0.6739130434782609,0.576271186440678,0.6444574323007988,0.7391304347826086
56,16,36,8,13,0.7123287671232876,0.6849529780564263,0.8181818181818182,0.5517241379310345,0.7741935483870968,0.5517241379310345,0.8181818181818182,0.6037735849056604,0.6889835666463786,0.813871473354232
57,18,33,11,11,0.6986301369863014,0.6853448275862069,0.75,0.6206896551724138,0.75,0.6206896551724138,0.75,0.6206896551724138,0.6853448275862069,0.7966300940438872
58,23,33,13,4,0.7671232876712328,0.7846215780998389,0.717391304347826,0.8518518518518519,0.7951807228915663,0.8518518518518519,0.717391304347826,0.7301587301587301,0.7626697265251482,0.855877616747182
59,21,30,12,10,0.6986301369863014,0.695852534562212,0.7142857142857143,0.6774193548387096,0.7317073170731707,0.6774193548387096,0.7142857142857143,0.65625,0.6939786585365854,0.7887864823348695
60,25,26,9,13,0.6986301369863014,0.7003759398496241,0.7428571428571429,0.6578947368421053,0.7027027027027027,0.6578947368421053,0.7428571428571429,0.6944444444444444,0.6985735735735736,0.7857142857142857
61,13,36,16,8,0.6712328767123288,0.6556776556776557,0.6923076923076923,0.6190476190476191,0.75,0.6190476190476191,0.6923076923076923,0.52,0.635,0.7335164835164835
62,20,35,15,3,0.7534246575342466,0.7847826086956522,0.7,0.8695652173913043,0.7954545454545454,0.8695652173913043,0.7,0.6896551724137931,0.7425548589341693,0.9004347826086956
63,16,37,13,7,0.726027397260274,0.7178260869565217,0.74,0.6956521739130435,0.7872340425531915,0.6956521739130435,0.74,0.6153846153846154,0.7013093289689034,0.83
64,17,37,12,7,0.7397260273972602,0.7317176870748299,0.7551020408163265,0.7083333333333334,0.7956989247311828,0.7083333333333334,0.7551020408163265,0.6415094339622641,0.7186041793467235,0.83078231292517
65,15,41,8,9,0.7671232876712328,0.7308673469387755,0.8367346938775511,0.625,0.8282828282828283,0.625,0.8367346938775511,0.6382978723404256,0.7332903503116269,0.8188775510204082
66,19,29,18,7,0.6575342465753424,0.6738952536824877,0.6170212765957447,0.7307692307692307,0.6987951807228916,0.7307692307692307,0.6170212765957447,0.6031746031746031,0.6509848919487473,0.7765957446808511
67,16,32,16,9,0.6575342465753424,0.6533333333333333,0.6666666666666666,0.64,0.7191011235955056,0.64,0.6666666666666666,0.5614035087719298,0.6402523161837177,0.7925
68,10,37,14,12,0.6438356164383562,0.5900178253119429,0.7254901960784313,0.45454545454545453,0.74,0.45454545454545453,0.7254901960784313,0.43478260869565216,0.587391304347826,0.7076648841354723
69,19,41,11,2,0.821917808219178,0.8466117216117216,0.7884615384615384,0.9047619047619048,0.8631578947368421,0.9047619047619048,0.7884615384615384,0.7450980392156863,0.8041279669762642,0.9505494505494505
70,18,31,16,8,0.6712328767123288,0.6759410801963993,0.6595744680851063,0.6923076923076923,0.7209302325581395,0.6923076923076923,0.6595744680851063,0.6,0.6604651162790698,0.7864157119476268
71,16,32,18,7,0.6575342465753424,0.6678260869565218,0.64,0.6956521739130435,0.7191011235955056,0.6956521739130435,0.64,0.5614035087719298,0.6402523161837177,0.778695652173913
72,14,40,13,6,0.7397260273972602,0.7273584905660377,0.7547169811320755,0.7,0.8080808080808081,0.7,0.7547169811320755,0.5957446808510638,0.7019127444659359,0.8169811320754716
73,24,27,13,9,0.6986301369863014,0.7011363636363637,0.675,0.7272727272727273,0.7105263157894737,0.7272727272727273,0.675,0.6857142857142857,0.6981203007518797,0.7662878787878787
74,15,33,12,13,0.6575342465753424,0.6345238095238095,0.7333333333333333,0.5357142857142857,0.7252747252747253,0.5357142857142857,0.7333333333333333,0.5454545454545454,0.6353646353646354,0.7123015873015873
75,26,28,10,9,0.7397260273972602,0.7398496240601504,0.7368421052631579,0.7428571428571429,0.7466666666666667,0.7428571428571429,0.7368421052631579,0.7323943661971831,0.7395305164319249,0.8131578947368421
76,20,27,15,11,0.6438356164383562,0.6440092165898618,0.6428571428571429,0.6451612903225806,0.675,0.6451612903225806,0.6428571428571429,0.6060606060606061,0.6405303030303031,0.7734254992319508
77,17,36,11,9,0.726027397260274,0.7099018003273323,0.7659574468085106,0.6538461538461539,0.782608695652174,0.6538461538461539,0.7659574468085106,0.6296296296296297,0.7061191626409018,0.7782324058919804
78,20,33,15,5,0.726027397260274,0.74375,0.6875,0.8,0.7674418604651163,0.8,0.6875,0.6666666666666666,0.7170542635658914,0.8370833333333333
79,19,33,13,8,0.7123287671232876,0.7105475040257649,0.717391304347826,0.7037037037037037,0.7586206896551724,0.7037037037037037,0.717391304347826,0.6440677966101694,0.7013442431326709,0.860708534621578
80,16,37,15,5,0.726027397260274,0.7367216117216118,0.7115384615384616,0.7619047619047619,0.7872340425531915,0.7619047619047619,0.7115384615384616,0.6153846153846154,0.7013093289689034,0.842948717948718
81,16,40,10,7,0.7671232876712328,0.7478260869565218,0.8,0.6956521739130435,0.8247422680412371,0.6956521739130435,0.8,0.6530612244897959,0.7389017462655165,0.8930434782608696
82,14,32,13,14,0.6301369863013698,0.6055555555555556,0.7111111111111111,0.5,0.7032967032967034,0.5,0.7111111111111111,0.509090909090909,0.6061938061938061,0.7063492063492064
83,26,30,13,4,0.7671232876712328,0.7821705426356589,0.6976744186046512,0.8666666666666667,0.7792207792207793,0.8666666666666667,0.6976744186046512,0.7536231884057971,0.7664219838132882,0.8976744186046511
84,27,28,12,6,0.7534246575342466,0.759090909090909,0.7,0.8181818181818182,0.7567567567567568,0.8181818181818182,0.7,0.75,0.7533783783783784,0.8378787878787879
85,22,35,14,2,0.7808219178082192,0.8154761904761905,0.7142857142857143,0.9166666666666666,0.813953488372093,0.9166666666666666,0.7142857142857143,0.7333333333333333,0.7736434108527132,0.9060374149659863
86,21,30,14,8,0.6986301369863014,0.7029780564263323,0.6818181818181818,0.7241379310344828,0.7317073170731707,0.7241379310344828,0.6818181818181818,0.65625,0.6939786585365854,0.8068181818181818
87,23,31,13,6,0.7397260273972602,0.7488244514106583,0.7045454545454546,0.7931034482758621,0.7654320987654321,0.7931034482758621,0.7045454545454546,0.7076923076923077,0.7365622032288699,0.8730407523510972
88,17,36,7,13,0.726027397260274,0.701937984496124,0.8372093023255814,0.5666666666666667,0.782608695652174,0.5666666666666667,0.8372093023255814,0.6296296296296297,0.7061191626409018,0.7534883720930232
89,20,36,12,5,0.7671232876712328,0.775,0.75,0.8,0.8089887640449438,0.8,0.75,0.7017543859649122,0.755371575004928,0.8595833333333334
90,23,34,7,9,0.7808219178082192,0.7740091463414633,0.8292682926829268,0.71875,0.8095238095238095,0.71875,0.8292682926829268,0.7419354838709677,0.7757296466973886,0.8407012195121951
91,21,33,13,6,0.7397260273972602,0.7475845410628019,0.717391304347826,0.7777777777777778,0.7764705882352941,0.7777777777777778,0.717391304347826,0.6885245901639344,0.7324975891996143,0.8888888888888888
92,21,32,14,6,0.726027397260274,0.7367149758454106,0.6956521739130435,0.7777777777777778,0.7619047619047619,0.7777777777777778,0.6956521739130435,0.6774193548387096,0.7196620583717357,0.8466183574879226
93,14,41,12,6,0.7534246575342466,0.7367924528301887,0.7735849056603774,0.7,0.82,0.7,0.7735849056603774,0.6086956521739131,0.7143478260869565,0.8537735849056604
94,20,35,10,8,0.7534246575342466,0.746031746031746,0.7777777777777778,0.7142857142857143,0.7954545454545454,0.7142857142857143,0.7777777777777778,0.6896551724137931,0.7425548589341693,0.8515873015873016
95,16,35,13,9,0.6986301369863014,0.6845833333333333,0.7291666666666666,0.64,0.7608695652173914,0.64,0.7291666666666666,0.5925925925925926,0.676731078904992,0.7691666666666668
96,13,32,19,9,0.6164383561643836,0.6091800356506238,0.6274509803921569,0.5909090909090909,0.6956521739130435,0.5909090909090909,0.6274509803921569,0.48148148148148145,0.5885668276972624,0.7112299465240641
97,14,37,12,10,0.6986301369863014,0.6692176870748299,0.7551020408163265,0.5833333333333334,0.7708333333333334,0.5833333333333334,0.7551020408163265,0.56,0.6654166666666668,0.780187074829932
98,18,38,14,3,0.7671232876712328,0.7939560439560439,0.7307692307692307,0.8571428571428571,0.8172043010752689,0.8571428571428571,0.7307692307692307,0.6792452830188679,0.7482247920470684,0.8882783882783882
99,13,40,11,9,0.726027397260274,0.6876114081996435,0.7843137254901961,0.5909090909090909,0.8,0.5909090909090909,0.7843137254901961,0.5652173913043478,0.682608695652174,0.8016934046345812
100,19,29,17,8,0.6575342465753424,0.6670692431561998,0.6304347826086957,0.7037037037037037,0.6987951807228916,0.7037037037037037,0.6304347826086957,0.6031746031746031,0.6509848919487473,0.7705314009661836
101,13,30,20,10,0.589041095890411,0.5826086956521739,0.6,0.5652173913043478,0.6666666666666666,0.5652173913043478,0.6,0.4642857142857143,0.5654761904761905,0.7282608695652174
102,24,29,14,6,0.726027397260274,0.7372093023255815,0.6744186046511628,0.8,0.7435897435897436,0.8,0.6744186046511628,0.7058823529411765,0.7247360482654601,0.860077519379845
103,22,36,11,4,0.7945205479452054,0.8060556464811783,0.7659574468085106,0.8461538461538461,0.8275862068965517,0.8461538461538461,0.7659574468085106,0.7457627118644068,0.7866744593804793,0.8543371522094926
104,22,27,17,7,0.6712328767123288,0.686128526645768,0.6136363636363636,0.7586206896551724,0.6923076923076923,0.7586206896551724,0.6136363636363636,0.6470588235294118,0.6696832579185521,0.8260188087774294
105,13,43,10,7,0.7671232876712328,0.7306603773584905,0.8113207547169812,0.65,0.8349514563106796,0.65,0.8113207547169812,0.6046511627906976,0.7198013095506886,0.7924528301886793
106,21,30,11,11,0.6986301369863014,0.6939786585365854,0.7317073170731707,0.65625,0.7317073170731707,0.65625,0.7317073170731707,0.65625,0.6939786585365854,0.7526676829268293
107,12,39,11,11,0.6986301369863014,0.6508695652173913,0.78,0.5217391304347826,0.78,0.5217391304347826,0.78,0.5217391304347826,0.6508695652173913,0.7169565217391304
108,20,32,12,9,0.7123287671232876,0.7084639498432602,0.7272727272727273,0.6896551724137931,0.7529411764705882,0.6896551724137931,0.7272727272727273,0.6557377049180327,0.7043394406943104,0.795062695924765
109,20,38,11,4,0.7945205479452054,0.804421768707483,0.7755102040816326,0.8333333333333334,0.8351648351648352,0.8333333333333334,0.7755102040816326,0.7272727272727273,0.7812187812187812,0.8945578231292517
110,27,29,10,7,0.7671232876712328,0.7688536953242835,0.7435897435897436,0.7941176470588235,0.7733333333333333,0.7941176470588235,0.7435897435897436,0.7605633802816901,0.7669483568075117,0.8484162895927602
111,19,34,16,4,0.726027397260274,0.7530434782608696,0.68,0.8260869565217391,0.7727272727272727,0.8260869565217391,0.68,0.6551724137931034,0.7139498432601881,0.8734782608695653
112,25,32,10,6,0.7808219178082192,0.7841781874039938,0.7619047619047619,0.8064516129032258,0.8,0.8064516129032258,0.7619047619047619,0.7575757575757576,0.7787878787878788,0.8721198156682028
113,21,35,9,8,0.7671232876712328,0.759796238244514,0.7954545454545454,0.7241379310344828,0.8045977011494253,0.7241379310344828,0.7954545454545454,0.711864406779661,0.7582310539645432,0.8413009404388715
114,19,37,11,6,0.7671232876712328,0.7654166666666666,0.7708333333333334,0.76,0.8131868131868132,0.76,0.7708333333333334,0.6909090909090909,0.752047952047952,0.8591666666666667
115,18,26,13,16,0.6027397260273972,0.5980392156862745,0.6666666666666666,0.5294117647058824,0.6419753086419753,0.5294117647058824,0.6666666666666666,0.5538461538461539,0.5979107312440646,0.6534690799396682
116,9,36,16,12,0.6164383561643836,0.5604395604395604,0.6923076923076923,0.42857142857142855,0.72,0.42857142857142855,0.6923076923076923,0.391304347826087,0.5556521739130434,0.6382783882783882
117,22,27,13,11,0.6712328767123288,0.6708333333333334,0.675,0.6666666666666666,0.6923076923076923,0.6666666666666666,0.675,0.6470588235294118,0.6696832579185521,0.7859848484848485
118,23,31,12,7,0.7397260273972602,0.743798449612403,0.7209302325581395,0.7666666666666667,0.7654320987654321,0.7666666666666667,0.7209302325581395,0.7076923076923077,0.7365622032288699,0.8217054263565892
119,16,41,9,7,0.7808219178082192,0.7578260869565216,0.82,0.6956521739130435,0.8367346938775511,0.6956521739130435,0.82,0.6666666666666666,0.7517006802721089,0.8573913043478262
120,17,32,11,13,0.6712328767123288,0.6554263565891473,0.7441860465116279,0.5666666666666667,0.7272727272727273,0.5666666666666667,0.7441860465116279,0.5862068965517241,0.6567398119122256,0.7383720930232558
121,15,39,11,8,0.7397260273972602,0.7160869565217391,0.78,0.6521739130434783,0.8041237113402062,0.6521739130434783,0.78,0.6122448979591837,0.708184304649695,0.8130434782608695
122,22,32,7,12,0.7397260273972602,0.7337858220211162,0.8205128205128205,0.6470588235294118,0.7710843373493976,0.6470588235294118,0.8205128205128205,0.6984126984126984,0.734748517881048,0.8042986425339366
123,17,30,17,9,0.6438356164383562,0.6460720130932898,0.6382978723404256,0.6538461538461539,0.6976744186046512,0.6538461538461539,0.6382978723404256,0.5666666666666667,0.632170542635659,0.73240589198036
124,14,40,13,6,0.7397260273972602,0.7273584905660377,0.7547169811320755,0.7,0.8080808080808081,0.7,0.7547169811320755,0.5957446808510638,0.7019127444659359,0.7745283018867926
125,19,38,11,5,0.7808219178082192,0.7835884353741496,0.7755102040816326,0.7916666666666666,0.8260869565217391,0.7916666666666666,0.7755102040816326,0.7037037037037037,0.7648953301127215,0.8707482993197279
126,14,39,12,8,0.726027397260274,0.7005347593582887,0.7647058823529411,0.6363636363636364,0.7959183673469388,0.6363636363636364,0.7647058823529411,0.5833333333333334,0.689625850340136,0.767379679144385
127,30,29,8,6,0.8082191780821918,0.8085585585585586,0.7837837837837838,0.8333333333333334,0.8055555555555556,0.8333333333333334,0.7837837837837838,0.8108108108108109,0.8081831831831832,0.8836336336336337
128,28,30,7,8,0.7945205479452054,0.7942942942942943,0.8108108108108109,0.7777777777777778,0.8,0.7777777777777778,0.8108108108108109,0.7887323943661971,0.7943661971830986,0.8806306306306307
129,17,30,15,11,0.6438356164383562,0.6369047619047619,0.6666666666666666,0.6071428571428571,0.6976744186046512,0.6071428571428571,0.6666666666666666,0.5666666666666667,0.632170542635659,0.7333333333333333
130,13,34,12,14,0.6438356164383562,0.610305958132045,0.7391304347826086,0.48148148148148145,0.723404255319149,0.48148148148148145,0.7391304347826086,0.5,0.6117021276595744,0.7359098228663445
131,21,34,11,7,0.7534246575342466,0.7527777777777778,0.7555555555555555,0.75,0.7906976744186046,0.75,0.7555555555555555,0.7,0.7453488372093022,0.8678571428571429
132,17,36,12,8,0.726027397260274,0.7150000000000001,0.75,0.68,0.782608695652174,0.68,0.75,0.6296296296296297,0.7061191626409018,0.8425
133,15,39,10,9,0.7397260273972602,0.7104591836734694,0.7959183673469388,0.625,0.8041237113402062,0.625,0.7959183673469388,0.6122448979591837,0.708184304649695,0.7908163265306123
134,19,35,12,7,0.7397260273972602,0.7377250409165302,0.7446808510638298,0.7307692307692307,0.7865168539325843,0.7307692307692307,0.7446808510638298,0.6666666666666666,0.7265917602996255,0.8236497545008183
135,20,36,11,6,0.7671232876712328,0.76759410801964,0.7659574468085106,0.7692307692307693,0.8089887640449438,0.7692307692307693,0.7659574468085106,0.7017543859649122,0.755371575004928,0.867430441898527
136,15,39,12,7,0.7397260273972602,0.7232620320855614,0.7647058823529411,0.6818181818181818,0.8041237113402062,0.6818181818181818,0.7647058823529411,0.6122448979591837,0.708184304649695,0.8181818181818181
137,16,34,13,10,0.684931506849315,0.6693944353518821,0.723404255319149,0.6153846153846154,0.7472527472527473,0.6153846153846154,0.723404255319149,0.5818181818181818,0.6645354645354645,0.7913256955810147
138,13,33,18,9,0.6301369863013698,0.6189839572192514,0.6470588235294118,0.5909090909090909,0.7096774193548387,0.5909090909090909,0.6470588235294118,0.49056603773584906,0.600121728545344,0.7754010695187166
139,16,39,13,5,0.7534246575342466,0.7559523809523809,0.75,0.7619047619047619,0.8125,0.7619047619047619,0.75,0.64,0.7262500000000001,0.8681318681318682
140,13,35,13,12,0.6575342465753424,0.6245833333333333,0.7291666666666666,0.52,0.7368421052631579,0.52,0.7291666666666666,0.5098039215686274,0.6233230134158927,0.7816666666666667
141,19,32,14,8,0.6986301369863014,0.6996779388083736,0.6956521739130435,0.7037037037037037,0.7441860465116279,0.7037037037037037,0.6956521739130435,0.6333333333333333,0.6887596899224806,0.8027375201288244
142,18,34,10,11,0.7123287671232876,0.6967084639498433,0.7727272727272727,0.6206896551724138,0.7640449438202247,0.6206896551724138,0.7727272727272727,0.631578947368421,0.6978119455943228,0.8287617554858934
143,20,33,12,8,0.726027397260274,0.7238095238095238,0.7333333333333333,0.7142857142857143,0.7674418604651163,0.7142857142857143,0.7333333333333333,0.6666666666666666,0.7170542635658914,0.8452380952380952
144,19,38,10,6,0.7808219178082192,0.7758333333333334,0.7916666666666666,0.76,0.8260869565217391,0.76,0.7916666666666666,0.7037037037037037,0.7648953301127215,0.8504166666666667
145,11,41,13,8,0.7123287671232876,0.669103313840156,0.7592592592592593,0.5789473684210527,0.7961165048543689,0.5789473684210527,0.7592592592592593,0.5116279069767442,0.6538722059155566,0.8031189083820662
146,19,35,9,10,0.7397260273972602,0.7253134796238244,0.7954545454545454,0.6551724137931034,0.7865168539325843,0.6551724137931034,0.7954545454545454,0.6666666666666666,0.7265917602996255,0.8401253918495298
147,21,33,8,11,0.7397260273972602,0.7305640243902439,0.8048780487804879,0.65625,0.7764705882352941,0.65625,0.8048780487804879,0.6885245901639344,0.7324975891996143,0.802591463414634
148,15,33,10,15,0.6575342465753424,0.6337209302325582,0.7674418604651163,0.5,0.7252747252747253,0.5,0.7674418604651163,0.5454545454545454,0.6353646353646354,0.8310077519379845
149,15,37,10,11,0.7123287671232876,0.6820785597381342,0.7872340425531915,0.5769230769230769,0.7789473684210526,0.5769230769230769,0.7872340425531915,0.5882352941176471,0.6835913312693498,0.7704582651391161
150,21,33,11,8,0.7397260273972602,0.7370689655172413,0.75,0.7241379310344828,0.7764705882352941,0.7241379310344828,0.75,0.6885245901639344,0.7324975891996143,0.8714733542319749
151,16,44,6,7,0.821917808219178,0.7878260869565217,0.88,0.6956521739130435,0.8712871287128713,0.6956521739130435,0.88,0.7111111111111111,0.7911991199119912,0.8730434782608696
152,11,45,10,7,0.7671232876712328,0.7146464646464648,0.8181818181818182,0.6111111111111112,0.8411214953271028,0.6111111111111112,0.8181818181818182,0.5641025641025641,0.7026120297148335,0.802020202020202
153,22,26,17,8,0.6575342465753424,0.6689922480620154,0.6046511627906976,0.7333333333333333,0.6753246753246753,0.7333333333333333,0.6046511627906976,0.6376811594202898,0.6565029173724826,0.7992248062015503
154,20,37,12,4,0.7808219178082192,0.7942176870748299,0.7551020408163265,0.8333333333333334,0.8222222222222222,0.8333333333333334,0.7551020408163265,0.7142857142857143,0.7682539682539682,0.8503401360544218
155,25,32,9,7,0.7808219178082192,0.7808689024390244,0.7804878048780488,0.78125,0.8,0.78125,0.7804878048780488,0.7575757575757576,0.7787878787878788,0.8902439024390244
156,13,36,13,11,0.6712328767123288,0.6381802721088435,0.7346938775510204,0.5416666666666666,0.75,0.5416666666666666,0.7346938775510204,0.52,0.635,0.7164115646258504
157,13,41,9,10,0.7397260273972602,0.6926086956521739,0.82,0.5652173913043478,0.8118811881188119,0.5652173913043478,0.82,0.5777777777777777,0.6948294829482948,0.7839130434782609
158,19,33,15,6,0.7123287671232876,0.72375,0.6875,0.76,0.7586206896551724,0.76,0.6875,0.6440677966101694,0.7013442431326709,0.81625
159,17,32,11,13,0.6712328767123288,0.6554263565891473,0.7441860465116279,0.5666666666666667,0.7272727272727273,0.5666666666666667,0.7441860465116279,0.5862068965517241,0.6567398119122256,0.7182170542635659
160,24,30,10,9,0.7397260273972602,0.7386363636363636,0.75,0.7272727272727273,0.759493670886076,0.7272727272727273,0.75,0.7164179104477612,0.7379557906669185,0.859848484848485
161,16,34,19,4,0.684931506849315,0.7207547169811321,0.6415094339622641,0.8,0.7472527472527473,0.8,0.6415094339622641,0.5818181818181818,0.6645354645354645,0.7981132075471697
162,18,33,11,11,0.6986301369863014,0.6853448275862069,0.75,0.6206896551724138,0.75,0.6206896551724138,0.75,0.6206896551724138,0.6853448275862069,0.7852664576802508
163,10,48,13,2,0.7945205479452054,0.8101092896174864,0.7868852459016393,0.8333333333333334,0.8648648648648649,0.8333333333333334,0.7868852459016393,0.5714285714285714,0.7181467181467182,0.8995901639344263
164,16,39,10,8,0.7534246575342466,0.7312925170068028,0.7959183673469388,0.6666666666666666,0.8125,0.6666666666666666,0.7959183673469388,0.64,0.7262500000000001,0.8409863945578231
165,22,32,11,8,0.7397260273972602,0.7387596899224806,0.7441860465116279,0.7333333333333333,0.7710843373493976,0.7333333333333333,0.7441860465116279,0.6984126984126984,0.734748517881048,0.8422480620155038
166,18,36,14,5,0.7397260273972602,0.751304347826087,0.72,0.782608695652174,0.7912087912087912,0.782608695652174,0.72,0.6545454545454545,0.7228771228771229,0.871304347826087
167,18,36,10,9,0.7397260273972602,0.7246376811594203,0.782608695652174,0.6666666666666666,0.7912087912087912,0.6666666666666666,0.782608695652174,0.6545454545454545,0.7228771228771229,0.8059581320450885
168,19,33,11,10,0.7123287671232876,0.7025862068965517,0.75,0.6551724137931034,0.7586206896551724,0.6551724137931034,0.75,0.6440677966101694,0.7013442431326709,0.8064263322884013
169,15,31,13,14,0.6301369863013698,0.6108934169278997,0.7045454545454546,0.5172413793103449,0.6966292134831461,0.5172413793103449,0.7045454545454546,0.5263157894736842,0.6114725014784151,0.7327586206896551
170,12,43,12,6,0.7534246575342466,0.7242424242424242,0.7818181818181819,0.6666666666666666,0.8269230769230769,0.6666666666666666,0.7818181818181819,0.5714285714285714,0.6991758241758241,0.7676767676767676
171,18,31,14,10,0.6712328767123288,0.665873015873016,0.6888888888888889,0.6428571428571429,0.7209302325581395,0.6428571428571429,0.6888888888888889,0.6,0.6604651162790698,0.7523809523809524
172,18,39,10,6,0.7808219178082192,0.7729591836734694,0.7959183673469388,0.75,0.8297872340425532,0.75,0.7959183673469388,0.6923076923076923,0.7610474631751227,0.8120748299319727
173,17,37,14,5,0.7397260273972602,0.749108734402852,0.7254901960784313,0.7727272727272727,0.7956989247311828,0.7727272727272727,0.7254901960784313,0.6415094339622641,0.7186041793467235,0.859180035650624
174,23,34,13,3,0.7808219178082192,0.8040098199672667,0.723404255319149,0.8846153846153846,0.8095238095238095,0.8846153846153846,0.723404255319149,0.7419354838709677,0.7757296466973886,0.9005728314238953
175,20,35,11,7,0.7534246575342466,0.750805152979066,0.7608695652173914,0.7407407407407407,0.7954545454545454,0.7407407407407407,0.7608695652173914,0.6896551724137931,0.7425548589341693,0.8615136876006442
176,18,30,15,10,0.6575342465753424,0.6547619047619048,0.6666666666666666,0.6428571428571429,0.7058823529411765,0.6428571428571429,0.6666666666666666,0.5901639344262295,0.648023143683703,0.7805555555555556
177,14,40,11,8,0.7397260273972602,0.7103386809269162,0.7843137254901961,0.6363636363636364,0.8080808080808081,0.6363636363636364,0.7843137254901961,0.5957446808510638,0.7019127444659359,0.7976827094474154
178,16,34,11,12,0.684931506849315,0.6634920634920635,0.7555555555555555,0.5714285714285714,0.7472527472527473,0.5714285714285714,0.7555555555555555,0.5818181818181818,0.6645354645354645,0.7436507936507936
179,18,35,15,5,0.726027397260274,0.741304347826087,0.7,0.782608695652174,0.7777777777777778,0.782608695652174,0.7,0.6428571428571429,0.7103174603174603,0.8121739130434783
180,12,40,9,12,0.7123287671232876,0.6581632653061225,0.8163265306122449,0.5,0.7920792079207921,0.5,0.8163265306122449,0.5333333333333333,0.6627062706270628,0.7644557823129251
181,19,34,13,7,0.726027397260274,0.7270867430441899,0.723404255319149,0.7307692307692307,0.7727272727272727,0.7307692307692307,0.723404255319149,0.6551724137931034,0.7139498432601881,0.8281505728314238
182,19,42,7,5,0.8356164383561644,0.8244047619047619,0.8571428571428571,0.7916666666666666,0.875,0.7916666666666666,0.8571428571428571,0.76,0.8175,0.8894557823129252
183,18,38,12,5,0.7671232876712328,0.771304347826087,0.76,0.782608695652174,0.8172043010752689,0.782608695652174,0.76,0.6792452830188679,0.7482247920470684,0.8752173913043478
184,16,35,13,9,0.6986301369863014,0.6845833333333333,0.7291666666666666,0.64,0.7608695652173914,0.64,0.7291666666666666,0.5925925925925926,0.676731078904992,0.78
185,19,30,17,7,0.6712328767123288,0.6845335515548281,0.6382978723404256,0.7307692307692307,0.7142857142857143,0.7307692307692307,0.6382978723404256,0.6129032258064516,0.663594470046083,0.8105564648117839
186,18,35,15,5,0.726027397260274,0.741304347826087,0.7,0.782608695652174,0.7777777777777778,0.782608695652174,0.7,0.6428571428571429,0.7103174603174603,0.821304347826087
187,17,38,11,7,0.7534246575342466,0.741921768707483,0.7755102040816326,0.7083333333333334,0.8085106382978723,0.7083333333333334,0.7755102040816326,0.6538461538461539,0.7311783960720131,0.8371598639455782
188,22,31,10,10,0.726027397260274,0.7217987804878049,0.7560975609756098,0.6875,0.7560975609756098,0.6875,0.7560975609756098,0.6875,0.7217987804878049,0.8025914634146342
189,18,35,17,3,0.726027397260274,0.7651098901098901,0.6730769230769231,0.8571428571428571,0.7777777777777778,0.8571428571428571,0.6730769230769231,0.6428571428571429,0.7103174603174603,0.8676739926739927
190,12,34,18,9,0.6301369863013698,0.6126373626373627,0.6538461538461539,0.5714285714285714,0.7157894736842105,0.5714285714285714,0.6538461538461539,0.47058823529411764,0.5931888544891641,0.7426739926739927
191,24,36,6,7,0.821917808219178,0.8156682027649769,0.8571428571428571,0.7741935483870968,0.8470588235294118,0.7741935483870968,0.8571428571428571,0.7868852459016393,0.8169720347155256,0.8974654377880185
192,20,33,11,9,0.726027397260274,0.7198275862068966,0.75,0.6896551724137931,0.7674418604651163,0.6896551724137931,0.75,0.6666666666666666,0.7170542635658914,0.8025078369905956
193,20,35,11,7,0.7534246575342466,0.750805152979066,0.7608695652173914,0.7407407407407407,0.7954545454545454,0.7407407407407407,0.7608695652173914,0.6896551724137931,0.7425548589341693,0.822061191626409
194,19,36,12,6,0.7534246575342466,0.755,0.75,0.76,0.8,0.76,0.75,0.6785714285714286,0.7392857142857143,0.825
195,22,30,13,8,0.7123287671232876,0.7155038759689922,0.6976744186046512,0.7333333333333333,0.7407407407407407,0.7333333333333333,0.6976744186046512,0.676923076923077,0.7088319088319088,0.7875968992248061
196,18,27,14,14,0.6164383561643836,0.6105182926829269,0.6585365853658537,0.5625,0.6585365853658537,0.5625,0.6585365853658537,0.5625,0.6105182926829269,0.6646341463414633
197,16,38,8,11,0.7397260273972602,0.7093397745571659,0.8260869565217391,0.5925925925925926,0.8,0.5925925925925926,0.8260869565217391,0.6274509803921569,0.7137254901960784,0.8119967793880837
198,16,44,7,6,0.821917808219178,0.7950089126559715,0.8627450980392157,0.7272727272727273,0.8712871287128713,0.7272727272727273,0.8627450980392157,0.7111111111111111,0.7911991199119912,0.8957219251336899
199,17,36,10,10,0.726027397260274,0.7061191626409018,0.782608695652174,0.6296296296296297,0.782608695652174,0.6296296296296297,0.782608695652174,0.6296296296296297,0.7061191626409018,0.7874396135265701
200,21,34,12,6,0.7534246575342466,0.7584541062801933,0.7391304347826086,0.7777777777777778,0.7906976744186046,0.7777777777777778,0.7391304347826086,0.7,0.7453488372093022,0.8123993558776167
201,20,28,17,8,0.6575342465753424,0.6682539682539683,0.6222222222222222,0.7142857142857143,0.691358024691358,0.7142857142857143,0.6222222222222222,0.6153846153846154,0.6533713200379867,0.8126984126984127
202,20,24,20,9,0.6027397260273972,0.6175548589341693,0.5454545454545454,0.6896551724137931,0.6233766233766234,0.6896551724137931,0.5454545454545454,0.5797101449275363,0.6015433841520799,0.7523510971786834
203,19,32,14,8,0.6986301369863014,0.6996779388083736,0.6956521739130435,0.7037037037037037,0.7441860465116279,0.7037037037037037,0.6956521739130435,0.6333333333333333,0.6887596899224806,0.8027375201288245
204,17,35,15,6,0.7123287671232876,0.7195652173913043,0.7,0.7391304347826086,0.7692307692307693,0.7391304347826086,0.7,0.6181818181818182,0.6937062937062937,0.8321739130434782
205,16,35,11,11,0.6986301369863014,0.676731078904992,0.7608695652173914,0.5925925925925926,0.7608695652173914,0.5925925925925926,0.7608695652173914,0.5925925925925926,0.676731078904992,0.7681159420289855
206,19,32,10,12,0.6986301369863014,0.6874039938556067,0.7619047619047619,0.6129032258064516,0.7441860465116279,0.6129032258064516,0.7619047619047619,0.6333333333333333,0.6887596899224806,0.7749615975422426
207,24,27,14,8,0.6986301369863014,0.7042682926829269,0.6585365853658537,0.75,0.7105263157894737,0.75,0.6585365853658537,0.6857142857142857,0.6981203007518797,0.8650914634146342
208,17,37,13,6,0.7397260273972602,0.7395652173913043,0.74,0.7391304347826086,0.7956989247311828,0.7391304347826086,0.74,0.6415094339622641,0.7186041793467235,0.8173913043478261
209,18,35,11,9,0.726027397260274,0.713768115942029,0.7608695652173914,0.6666666666666666,0.7777777777777778,0.6666666666666666,0.7608695652173914,0.6428571428571429,0.7103174603174603,0.8397745571658615
210,22,34,10,7,0.7671232876712328,0.7656739811912225,0.7727272727272727,0.7586206896551724,0.8,0.7586206896551724,0.7727272727272727,0.7213114754098361,0.7606557377049181,0.850705329153605
211,17,39,10,7,0.7671232876712328,0.752125850340136,0.7959183673469388,0.7083333333333334,0.8210526315789474,0.7083333333333334,0.7959183673469388,0.6666666666666666,0.743859649122807,0.8635204081632654
212,20,32,15,6,0.7123287671232876,0.7250409165302782,0.6808510638297872,0.7692307692307693,0.7529411764705882,0.7692307692307693,0.6808510638297872,0.6557377049180327,0.7043394406943104,0.826923076923077
213,14,36,12,11,0.684931506849315,0.655,0.75,0.56,0.7578947368421053,0.56,0.75,0.5490196078431373,0.6534571723426212,0.7395833333333333
214,19,35,10,9,0.7397260273972602,0.7281746031746033,0.7777777777777778,0.6785714285714286,0.7865168539325843,0.6785714285714286,0.7777777777777778,0.6666666666666666,0.7265917602996255,0.8123015873015873
215,18,37,8,10,0.7534246575342466,0.7325396825396826,0.8222222222222222,0.6428571428571429,0.8043478260869565,0.6428571428571429,0.8222222222222222,0.6666666666666666,0.7355072463768115,0.8567460317460318
216,19,32,15,7,0.6986301369863014,0.705810147299509,0.6808510638297872,0.7307692307692307,0.7441860465116279,0.7307692307692307,0.6808510638297872,0.6333333333333333,0.6887596899224806,0.8293780687397708
217,15,31,17,10,0.6301369863013698,0.6229166666666667,0.6458333333333334,0.6,0.6966292134831461,0.6,0.6458333333333334,0.5263157894736842,0.6114725014784151,0.7079166666666666
218,20,35,11,7,0.7534246575342466,0.750805152979066,0.7608695652173914,0.7407407407407407,0.7954545454545454,0.7407407407407407,0.7608695652173914,0.6896551724137931,0.7425548589341693,0.8301127214170692
219,16,36,12,9,0.7123287671232876,0.6950000000000001,0.75,0.64,0.7741935483870968,0.64,0.75,0.6037735849056604,0.6889835666463786,0.8366666666666667
220,16,34,15,8,0.684931506849315,0.6802721088435374,0.6938775510204082,0.6666666666666666,0.7472527472527473,0.6666666666666666,0.6938775510204082,0.5818181818181818,0.6645354645354645,0.7665816326530612
221,17,33,11,12,0.684931506849315,0.6681034482758621,0.75,0.5862068965517241,0.7415730337078652,0.5862068965517241,0.75,0.5964912280701754,0.6690321308890204,0.7641065830721002
222,9,42,16,6,0.6986301369863014,0.6620689655172414,0.7241379310344828,0.6,0.7924528301886793,0.6,0.7241379310344828,0.45,0.6212264150943396,0.7660919540229886
223,21,33,11,8,0.7397260273972602,0.7370689655172413,0.75,0.7241379310344828,0.7764705882352941,0.7241379310344828,0.75,0.6885245901639344,0.7324975891996143,0.8362068965517242
224,22,32,13,6,0.7397260273972602,0.7484126984126984,0.7111111111111111,0.7857142857142857,0.7710843373493976,0.7857142857142857,0.7111111111111111,0.6984126984126984,0.734748517881048,0.8285714285714286
225,19,30,15,9,0.6712328767123288,0.6726190476190477,0.6666666666666666,0.6785714285714286,0.7142857142857143,0.6785714285714286,0.6666666666666666,0.6129032258064516,0.663594470046083,0.8039682539682539
226,23,35,6,9,0.7945205479452054,0.7862042682926829,0.8536585365853658,0.71875,0.8235294117647058,0.71875,0.8536585365853658,0.7540983606557377,0.7888138862102217,0.8673780487804877
227,21,32,12,8,0.726027397260274,0.7257053291536051,0.7272727272727273,0.7241379310344828,0.7619047619047619,0.7241379310344828,0.7272727272727273,0.6774193548387096,0.7196620583717357,0.7927115987460813
228,15,37,10,11,0.7123287671232876,0.6820785597381342,0.7872340425531915,0.5769230769230769,0.7789473684210526,0.5769230769230769,0.7872340425531915,0.5882352941176471,0.6835913312693498,0.7999181669394434
229,19,36,11,7,0.7534246575342466,0.7483633387888706,0.7659574468085106,0.7307692307692307,0.8,0.7307692307692307,0.7659574468085106,0.6785714285714286,0.7392857142857143,0.8645662847790507
230,18,34,14,7,0.7123287671232876,0.7141666666666666,0.7083333333333334,0.72,0.7640449438202247,0.72,0.7083333333333334,0.631578947368421,0.6978119455943228,0.8079166666666666
231,29,24,15,5,0.726027397260274,0.7341628959276019,0.6153846153846154,0.8529411764705882,0.7058823529411765,0.8529411764705882,0.6153846153846154,0.7435897435897436,0.7247360482654601,0.8299396681749622
232,24,35,9,5,0.8082191780821918,0.8115203761755485,0.7954545454545454,0.8275862068965517,0.8333333333333334,0.8275862068965517,0.7954545454545454,0.7741935483870968,0.803763440860215,0.8942006269592476
233,19,31,10,13,0.684931506849315,0.6749237804878049,0.7560975609756098,0.59375,0.7294117647058823,0.59375,0.7560975609756098,0.6229508196721312,0.6761812921890067,0.7759146341463415
234,11,37,15,10,0.6575342465753424,0.6176739926739927,0.7115384615384616,0.5238095238095238,0.7474747474747475,0.5238095238095238,0.7115384615384616,0.46808510638297873,0.6077799269288631,0.7303113553113553
235,20,30,10,13,0.684931506849315,0.678030303030303,0.75,0.6060606060606061,0.7228915662650602,0.6060606060606061,0.75,0.6349206349206349,0.6789061005928476,0.7840909090909092
236,19,38,12,4,0.7808219178082192,0.7930434782608695,0.76,0.8260869565217391,0.8260869565217391,0.8260869565217391,0.76,0.7037037037037037,0.7648953301127215,0.8165217391304347
237,17,33,16,7,0.684931506849315,0.6909013605442177,0.673469387755102,0.7083333333333334,0.7415730337078652,0.7083333333333334,0.673469387755102,0.5964912280701754,0.6690321308890204,0.8146258503401361
238,18,34,12,9,0.7123287671232876,0.7028985507246377,0.7391304347826086,0.6666666666666666,0.7640449438202247,0.6666666666666666,0.7391304347826086,0.631578947368421,0.6978119455943228,0.817632850241546
239,15,38,11,9,0.726027397260274,0.7002551020408163,0.7755102040816326,0.625,0.7916666666666666,0.625,0.7755102040816326,0.6,0.6958333333333333,0.8269557823129251
240,18,34,12,9,0.7123287671232876,0.7028985507246377,0.7391304347826086,0.6666666666666666,0.7640449438202247,0.6666666666666666,0.7391304347826086,0.631578947368421,0.6978119455943228,0.820450885668277
241,23,36,12,2,0.8082191780821918,0.835,0.75,0.92,0.8372093023255814,0.92,0.75,0.7666666666666667,0.8019379844961241,0.9125000000000001
242,13,45,8,7,0.7945205479452054,0.7495283018867924,0.8490566037735849,0.65,0.8571428571428571,0.65,0.8490566037735849,0.6341463414634146,0.7456445993031359,0.8580188679245283
243,27,29,9,8,0.7671232876712328,0.7672932330827068,0.7631578947368421,0.7714285714285715,0.7733333333333333,0.7714285714285715,0.7631578947368421,0.7605633802816901,0.7669483568075117,0.8672932330827068
244,19,32,11,11,0.6986301369863014,0.6887596899224806,0.7441860465116279,0.6333333333333333,0.7441860465116279,0.6333333333333333,0.7441860465116279,0.6333333333333333,0.6887596899224806,0.7922480620155039
245,13,37,13,10,0.684931506849315,0.6526086956521739,0.74,0.5652173913043478,0.7628865979381443,0.5652173913043478,0.74,0.5306122448979592,0.6467494214180518,0.7660869565217391
246,21,28,13,11,0.6712328767123288,0.6695884146341464,0.6829268292682927,0.65625,0.7,0.65625,0.6829268292682927,0.6363636363636364,0.6681818181818182,0.7728658536585366
247,17,34,13,9,0.6986301369863014,0.6886252045826514,0.723404255319149,0.6538461538461539,0.7555555555555555,0.6538461538461539,0.723404255319149,0.6071428571428571,0.6813492063492064,0.7761865793780688
248,17,40,7,9,0.7808219178082192,0.752454991816694,0.851063829787234,0.6538461538461539,0.8333333333333334,0.6538461538461539,0.851063829787234,0.68,0.7566666666666667,0.8657937806873977
249,25,29,15,4,0.7397260273972602,0.7605799373040751,0.6590909090909091,0.8620689655172413,0.7532467532467533,0.8620689655172413,0.6590909090909091,0.7246376811594203,0.7389422172030868,0.8953761755485894
250,13,40,12,8,0.726027397260274,0.6941391941391941,0.7692307692307693,0.6190476190476191,0.8,0.6190476190476191,0.7692307692307693,0.5652173913043478,0.682608695652174,0.8315018315018314
251,15,37,13,8,0.7123287671232876,0.6960869565217391,0.74,0.6521739130434783,0.7789473684210526,0.6521739130434783,0.74,0.5882352941176471,0.6835913312693498,0.8008695652173914
252,20,32,13,8,0.7123287671232876,0.7126984126984127,0.7111111111111111,0.7142857142857143,0.7529411764705882,0.7142857142857143,0.7111111111111111,0.6557377049180327,0.7043394406943104,0.7503968253968254
253,15,36,14,8,0.6986301369863014,0.6860869565217391,0.72,0.6521739130434783,0.7659574468085106,0.6521739130434783,0.72,0.5769230769230769,0.6714402618657938,0.7765217391304348
254,19,33,12,9,0.7123287671232876,0.7059523809523809,0.7333333333333333,0.6785714285714286,0.7586206896551724,0.6785714285714286,0.7333333333333333,0.6440677966101694,0.7013442431326709,0.8182539682539682
255,23,38,10,2,0.8356164383561644,0.8558333333333333,0.7916666666666666,0.92,0.8636363636363636,0.92,0.7916666666666666,0.7931034482758621,0.8283699059561129,0.9316666666666666
256,21,32,15,5,0.726027397260274,0.7442716857610474,0.6808510638297872,0.8076923076923077,0.7619047619047619,0.8076923076923077,0.6808510638297872,0.6774193548387096,0.7196620583717357,0.88379705400982
257,28,30,6,9,0.7945205479452054,0.795045045045045,0.8333333333333334,0.7567567567567568,0.8,0.7567567567567568,0.8333333333333334,0.7887323943661971,0.7943661971830986,0.8907657657657658
258,15,31,17,10,0.6301369863013698,0.6229166666666667,0.6458333333333334,0.6,0.6966292134831461,0.6,0.6458333333333334,0.5263157894736842,0.6114725014784151,0.7454166666666667
259,20,31,14,8,0.6986301369863014,0.7015873015873015,0.6888888888888889,0.7142857142857143,0.7380952380952381,0.7142857142857143,0.6888888888888889,0.6451612903225806,0.6916282642089093,0.769047619047619
260,16,34,17,6,0.684931506849315,0.696969696969697,0.6666666666666666,0.7272727272727273,0.7472527472527473,0.7272727272727273,0.6666666666666666,0.5818181818181818,0.6645354645354645,0.785204991087344
261,17,36,13,7,0.726027397260274,0.7215136054421769,0.7346938775510204,0.7083333333333334,0.782608695652174,0.7083333333333334,0.7346938775510204,0.6296296296296297,0.7061191626409018,0.788265306122449
262,21,30,12,10,0.6986301369863014,0.695852534562212,0.7142857142857143,0.6774193548387096,0.7317073170731707,0.6774193548387096,0.7142857142857143,0.65625,0.6939786585365854,0.8294930875576038
263,13,39,11,10,0.7123287671232876,0.672608695652174,0.78,0.5652173913043478,0.7878787878787878,0.5652173913043478,0.78,0.5531914893617021,0.6705351386202449,0.8252173913043479
264,19,30,12,12,0.6712328767123288,0.663594470046083,0.7142857142857143,0.6129032258064516,0.7142857142857143,0.6129032258064516,0.7142857142857143,0.6129032258064516,0.663594470046083,0.7465437788018433
265,22,36,8,7,0.7945205479452054,0.7884012539184952,0.8181818181818182,0.7586206896551724,0.8275862068965517,0.7586206896551724,0.8181818181818182,0.7457627118644068,0.7866744593804793,0.8981191222570533
266,18,38,10,7,0.7671232876712328,0.7558333333333334,0.7916666666666666,0.72,0.8172043010752689,0.72,0.7916666666666666,0.6792452830188679,0.7482247920470684,0.8324999999999999
267,19,39,9,6,0.7945205479452054,0.78625,0.8125,0.76,0.8387096774193549,0.76,0.8125,0.7169811320754716,0.7778454047474133,0.8716666666666667
268,16,32,13,12,0.6575342465753424,0.6412698412698412,0.7111111111111111,0.5714285714285714,0.7191011235955056,0.5714285714285714,0.7111111111111111,0.5614035087719298,0.6402523161837177,0.746031746031746
269,19,37,8,9,0.7671232876712328,0.7503968253968254,0.8222222222222222,0.6785714285714286,0.8131868131868132,0.6785714285714286,0.8222222222222222,0.6909090909090909,0.752047952047952,0.8119047619047619
270,20,31,17,5,0.6986301369863014,0.7229166666666667,0.6458333333333334,0.8,0.7380952380952381,0.8,0.6458333333333334,0.6451612903225806,0.6916282642089093,0.8179166666666667
271,14,42,9,8,0.7671232876712328,0.7299465240641712,0.8235294117647058,0.6363636363636364,0.8316831683168316,0.6363636363636364,0.8235294117647058,0.6222222222222222,0.7269526952695269,0.8556149732620322
272,20,29,15,9,0.6712328767123288,0.6743730407523512,0.6590909090909091,0.6896551724137931,0.7073170731707317,0.6896551724137931,0.6590909090909091,0.625,0.6661585365853658,0.7351097178683387
273,21,32,11,9,0.726027397260274,0.7220930232558139,0.7441860465116279,0.7,0.7619047619047619,0.7,0.7441860465116279,0.6774193548387096,0.7196620583717357,0.774031007751938
274,13,33,14,13,0.6301369863013698,0.601063829787234,0.7021276595744681,0.5,0.7096774193548387,0.5,0.7021276595744681,0.49056603773584906,0.600121728545344,0.693126022913257
275,14,40,7,12,0.7397260273972602,0.6947626841243862,0.851063829787234,0.5384615384615384,0.8080808080808081,0.5384615384615384,0.851063829787234,0.5957446808510638,0.7019127444659359,0.806873977086743
276,18,37,11,7,0.7534246575342466,0.7454166666666666,0.7708333333333334,0.72,0.8043478260869565,0.72,0.7708333333333334,0.6666666666666666,0.7355072463768115,0.82375
277,17,38,14,4,0.7534246575342466,0.7701465201465201,0.7307692307692307,0.8095238095238095,0.8085106382978723,0.8095238095238095,0.7307692307692307,0.6538461538461539,0.7311783960720131,0.8791208791208791
278,20,33,13,7,0.726027397260274,0.7290660225442833,0.717391304347826,0.7407407407407407,0.7674418604651163,0.7407407407407407,0.717391304347826,0.6666666666666666,0.7170542635658914,0.8160225442834137
279,11,36,14,12,0.6438356164383562,0.5991304347826087,0.72,0.4782608695652174,0.7346938775510204,0.4782608695652174,0.72,0.4583333333333333,0.5965136054421769,0.7169565217391304
280,16,37,10,10,0.726027397260274,0.7013093289689034,0.7872340425531915,0.6153846153846154,0.7872340425531915,0.6153846153846154,0.7872340425531915,0.6153846153846154,0.7013093289689034,0.8436988543371522
281,15,42,9,7,0.7808219178082192,0.7526737967914439,0.8235294117647058,0.6818181818181818,0.84,0.6818181818181818,0.8235294117647058,0.6521739130434783,0.7460869565217392,0.8382352941176471
282,15,36,15,7,0.6986301369863014,0.6938502673796791,0.7058823529411765,0.6818181818181818,0.7659574468085106,0.6818181818181818,0.7058823529411765,0.5769230769230769,0.6714402618657938,0.767825311942959
283,24,35,7,7,0.8082191780821918,0.803763440860215,0.8333333333333334,0.7741935483870968,0.8333333333333334,0.7741935483870968,0.8333333333333334,0.7741935483870968,0.803763440860215,0.8824884792626729
284,21,31,11,10,0.7123287671232876,0.7077572964669738,0.7380952380952381,0.6774193548387096,0.7469879518072289,0.6774193548387096,0.7380952380952381,0.6666666666666666,0.7068273092369477,0.8329493087557605
285,20,33,15,5,0.726027397260274,0.74375,0.6875,0.8,0.7674418604651163,0.8,0.6875,0.6666666666666666,0.7170542635658914,0.8533333333333334
286,15,36,10,12,0.6986301369863014,0.6690821256038648,0.782608695652174,0.5555555555555556,0.7659574468085106,0.5555555555555556,0.782608695652174,0.5769230769230769,0.6714402618657938,0.7971014492753623
287,19,39,12,3,0.7945205479452054,0.8141711229946524,0.7647058823529411,0.8636363636363636,0.8387096774193549,0.8636363636363636,0.7647058823529411,0.7169811320754716,0.7778454047474133,0.8756684491978609
288,16,36,13,8,0.7123287671232876,0.7006802721088435,0.7346938775510204,0.6666666666666666,0.7741935483870968,0.6666666666666666,0.7346938775510204,0.6037735849056604,0.6889835666463786,0.8235544217687074
289,13,35,18,7,0.6575342465753424,0.655188679245283,0.660377358490566,0.65,0.7368421052631579,0.65,0.660377358490566,0.5098039215686274,0.6233230134158927,0.7849056603773584
290,14,41,11,7,0.7534246575342466,0.7275641025641025,0.7884615384615384,0.6666666666666666,0.82,0.6666666666666666,0.7884615384615384,0.6086956521739131,0.7143478260869565,0.8534798534798534
291,25,33,8,7,0.7945205479452054,0.7930640243902439,0.8048780487804879,0.78125,0.8148148148148148,0.78125,0.8048780487804879,0.7692307692307693,0.792022792022792,0.8719512195121951
292,19,32,12,10,0.6986301369863014,0.6912225705329154,0.7272727272727273,0.6551724137931034,0.7441860465116279,0.6551724137931034,0.7272727272727273,0.6333333333333333,0.6887596899224806,0.8228840125391849
293,14,38,11,10,0.7123287671232876,0.679421768707483,0.7755102040816326,0.5833333333333334,0.7835051546391752,0.5833333333333334,0.7755102040816326,0.5714285714285714,0.6774668630338734,0.7610544217687074
294,23,28,9,13,0.6986301369863014,0.6978228228228228,0.7567567567567568,0.6388888888888888,0.717948717948718,0.6388888888888888,0.7567567567567568,0.6764705882352942,0.697209653092006,0.808933933933934
295,21,31,11,10,0.7123287671232876,0.7077572964669738,0.7380952380952381,0.6774193548387096,0.7469879518072289,0.6774193548387096,0.7380952380952381,0.6666666666666666,0.7068273092369477,0.8076036866359447
296,12,34,16,11,0.6301369863013698,0.6008695652173913,0.68,0.5217391304347826,0.7157894736842105,0.5217391304347826,0.68,0.47058823529411764,0.5931888544891641,0.7117391304347827
297,19,38,8,8,0.7808219178082192,0.7648953301127215,0.8260869565217391,0.7037037037037037,0.8260869565217391,0.7037037037037037,0.8260869565217391,0.7037037037037037,0.7648953301127215,0.8510466988727858
298,12,45,11,5,0.7808219178082192,0.7547268907563025,0.8035714285714286,0.7058823529411765,0.8490566037735849,0.7058823529411765,0.8035714285714286,0.6,0.7245283018867925,0.8855042016806722
299,21,36,12,4,0.7808219178082192,0.7949999999999999,0.75,0.84,0.8181818181818182,0.84,0.75,0.7241379310344828,0.7711598746081505,0.8729166666666667
300,15,31,16,11,0.6301369863013698,0.6182487725040916,0.6595744680851063,0.5769230769230769,0.6966292134831461,0.5769230769230769,0.6595744680851063,0.5263157894736842,0.6114725014784151,0.7168576104746317
301,14,42,13,4,0.7671232876712328,0.7707070707070707,0.7636363636363637,0.7777777777777778,0.8316831683168316,0.7777777777777778,0.7636363636363637,0.6222222222222222,0.7269526952695269,0.8762626262626263
302,11,33,17,12,0.6027397260273972,0.5691304347826087,0.66,0.4782608695652174,0.6947368421052632,0.4782608695652174,0.66,0.43137254901960786,0.5630546955624356,0.6978260869565218
303,17,42,11,3,0.8082191780821918,0.8212264150943396,0.7924528301886793,0.85,0.8571428571428571,0.85,0.7924528301886793,0.7083333333333334,0.7827380952380952,0.8839622641509434
304,22,27,11,13,0.6712328767123288,0.6695488721804511,0.7105263157894737,0.6285714285714286,0.6923076923076923,0.6285714285714286,0.7105263157894737,0.6470588235294118,0.6696832579185521,0.7657894736842106
305,20,37,9,7,0.7808219178082192,0.7725442834138486,0.8043478260869565,0.7407407407407407,0.8222222222222222,0.7407407407407407,0.8043478260869565,0.7142857142857143,0.7682539682539682,0.8385668276972624
306,16,34,16,7,0.684931506849315,0.6878260869565218,0.68,0.6956521739130435,0.7472527472527473,0.6956521739130435,0.68,0.5818181818181818,0.6645354645354645,0.7847826086956521
307,18,34,14,7,0.7123287671232876,0.7141666666666666,0.7083333333333334,0.72,0.7640449438202247,0.72,0.7083333333333334,0.631578947368421,0.6978119455943228,0.79375
308,13,38,13,9,0.6986301369863014,0.6680035650623886,0.7450980392156863,0.5909090909090909,0.7755102040816326,0.5909090909090909,0.7450980392156863,0.5416666666666666,0.6585884353741496,0.7455436720142602
309,16,40,12,5,0.7671232876712328,0.7655677655677655,0.7692307692307693,0.7619047619047619,0.8247422680412371,0.7619047619047619,0.7692307692307693,0.6530612244897959,0.7389017462655165,0.86996336996337
310,15,32,15,11,0.6438356164383562,0.628887070376432,0.6808510638297872,0.5769230769230769,0.7111111111111111,0.5769230769230769,0.6808510638297872,0.5357142857142857,0.6234126984126984,0.7160392798690671
311,18,36,14,5,0.7397260273972602,0.751304347826087,0.72,0.782608695652174,0.7912087912087912,0.782608695652174,0.72,0.6545454545454545,0.7228771228771229,0.8521739130434783
312,16,39,11,7,0.7534246575342466,0.7378260869565217,0.78,0.6956521739130435,0.8125,0.6956521739130435,0.78,0.64,0.7262500000000001,0.813913043478261
313,17,33,12,11,0.684931506849315,0.6702380952380952,0.7333333333333333,0.6071428571428571,0.7415730337078652,0.6071428571428571,0.7333333333333333,0.5964912280701754,0.6690321308890204,0.730952380952381
314,18,38,13,4,0.7671232876712328,0.7816399286987523,0.7450980392156863,0.8181818181818182,0.8172043010752689,0.8181818181818182,0.7450980392156863,0.6792452830188679,0.7482247920470684,0.8101604278074866
315,19,39,5,10,0.7945205479452054,0.77076802507837,0.8863636363636364,0.6551724137931034,0.8387096774193549,0.6551724137931034,0.8863636363636364,0.7169811320754716,0.7778454047474133,0.8424764890282133
316,20,43,6,4,0.863013698630137,0.8554421768707483,0.8775510204081632,0.8333333333333334,0.8958333333333334,0.8333333333333334,0.8775510204081632,0.8,0.8479166666666667,0.9175170068027212
317,12,40,15,6,0.7123287671232876,0.696969696969697,0.7272727272727273,0.6666666666666666,0.7920792079207921,0.6666666666666666,0.7272727272727273,0.5333333333333333,0.6627062706270628,0.7954545454545454
318,16,36,13,8,0.7123287671232876,0.7006802721088435,0.7346938775510204,0.6666666666666666,0.7741935483870968,0.6666666666666666,0.7346938775510204,0.6037735849056604,0.6889835666463786,0.8010204081632654
319,17,29,19,8,0.6301369863013698,0.6420833333333333,0.6041666666666666,0.68,0.6823529411764706,0.68,0.6041666666666666,0.5573770491803278,0.6198649951783992,0.7120833333333333
320,16,34,19,4,0.684931506849315,0.7207547169811321,0.6415094339622641,0.8,0.7472527472527473,0.8,0.6415094339622641,0.5818181818181818,0.6645354645354645,0.8452830188679246
321,22,31,12,8,0.726027397260274,0.7271317829457364,0.7209302325581395,0.7333333333333333,0.7560975609756098,0.7333333333333333,0.7209302325581395,0.6875,0.7217987804878049,0.8744186046511628
322,12,35,13,13,0.6438356164383562,0.6045833333333333,0.7291666666666666,0.48,0.7291666666666666,0.48,0.7291666666666666,0.48,0.6045833333333333,0.7558333333333334
323,19,38,10,6,0.7808219178082192,0.7758333333333334,0.7916666666666666,0.76,0.8260869565217391,0.76,0.7916666666666666,0.7037037037037037,0.7648953301127215,0.8375
324,21,36,10,6,0.7808219178082192,0.7801932367149759,0.782608695652174,0.7777777777777778,0.8181818181818182,0.7777777777777778,0.782608695652174,0.7241379310344828,0.7711598746081505,0.8627214170692432
325,23,31,14,5,0.7397260273972602,0.7551587301587301,0.6888888888888889,0.8214285714285714,0.7654320987654321,0.8214285714285714,0.6888888888888889,0.7076923076923077,0.7365622032288699,0.876984126984127
326,23,29,14,7,0.7123287671232876,0.7205426356589147,0.6744186046511628,0.7666666666666667,0.7341772151898734,0.7666666666666667,0.6744186046511628,0.6865671641791045,0.710372189684489,0.8162790697674418
327,17,36,9,11,0.726027397260274,0.7035714285714285,0.8,0.6071428571428571,0.782608695652174,0.6071428571428571,0.8,0.6296296296296297,0.7061191626409018,0.8309523809523809
328,18,30,15,10,0.6575342465753424,0.6547619047619048,0.6666666666666666,0.6428571428571429,0.7058823529411765,0.6428571428571429,0.6666666666666666,0.5901639344262295,0.648023143683703,0.8087301587301587
329,16,45,7,5,0.8356164383561644,0.8136446886446886,0.8653846153846154,0.7619047619047619,0.8823529411764706,0.7619047619047619,0.8653846153846154,0.7272727272727273,0.8048128342245989,0.8608058608058609
330,16,36,10,11,0.7123287671232876,0.6876006441223832,0.782608695652174,0.5925925925925926,0.7741935483870968,0.5925925925925926,0.782608695652174,0.6037735849056604,0.6889835666463786,0.7592592592592593
331,20,35,8,10,0.7534246575342466,0.7403100775193798,0.813953488372093,0.6666666666666666,0.7954545454545454,0.6666666666666666,0.813953488372093,0.6896551724137931,0.7425548589341693,0.8112403100775194
332,23,26,15,9,0.6712328767123288,0.6764481707317074,0.6341463414634146,0.71875,0.6842105263157895,0.71875,0.6341463414634146,0.6571428571428571,0.6706766917293233,0.7983993902439024
333,24,40,8,1,0.8767123287671232,0.8966666666666667,0.8333333333333334,0.96,0.898876404494382,0.96,0.8333333333333334,0.8421052631578947,0.8704908338261383,0.9633333333333333
334,16,41,9,7,0.7808219178082192,0.7578260869565216,0.82,0.6956521739130435,0.8367346938775511,0.6956521739130435,0.82,0.6666666666666666,0.7517006802721089,0.8391304347826086
335,13,41,12,7,0.7397260273972602,0.7117924528301887,0.7735849056603774,0.65,0.8118811881188119,0.65,0.7735849056603774,0.5777777777777777,0.6948294829482948,0.7745283018867924
336,19,28,17,9,0.6438356164383562,0.6503968253968254,0.6222222222222222,0.6785714285714286,0.6829268292682927,0.6785714285714286,0.6222222222222222,0.59375,0.6383384146341464,0.6849206349206349
337,15,34,9,15,0.6712328767123288,0.6453488372093024,0.7906976744186046,0.5,0.7391304347826086,0.5,0.7906976744186046,0.5555555555555556,0.6473429951690821,0.772093023255814
338,11,43,9,10,0.7397260273972602,0.6753663003663004,0.8269230769230769,0.5238095238095238,0.819047619047619,0.5238095238095238,0.8269230769230769,0.5365853658536586,0.6778164924506388,0.7138278388278388
339,18,36,11,8,0.7397260273972602,0.7291325695581015,0.7659574468085106,0.6923076923076923,0.7912087912087912,0.6923076923076923,0.7659574468085106,0.6545454545454545,0.7228771228771229,0.8265139116202945
340,13,39,13,8,0.7123287671232876,0.6845238095238095,0.75,0.6190476190476191,0.7878787878787878,0.6190476190476191,0.75,0.5531914893617021,0.6705351386202449,0.7417582417582418
341,14,37,15,7,0.6986301369863014,0.6891025641025641,0.7115384615384616,0.6666666666666666,0.7708333333333334,0.6666666666666666,0.7115384615384616,0.56,0.6654166666666668,0.760989010989011
342,13,33,19,8,0.6301369863013698,0.6268315018315018,0.6346153846153846,0.6190476190476191,0.7096774193548387,0.6190476190476191,0.6346153846153846,0.49056603773584906,0.600121728545344,0.717948717948718
343,11,35,17,10,0.6301369863013698,0.5984432234432235,0.6730769230769231,0.5238095238095238,0.7216494845360825,0.5238095238095238,0.6730769230769231,0.4489795918367347,0.5853145381864086,0.7014652014652015
344,16,36,13,8,0.7123287671232876,0.7006802721088435,0.7346938775510204,0.6666666666666666,0.7741935483870968,0.6666666666666666,0.7346938775510204,0.6037735849056604,0.6889835666463786,0.764030612244898
345,20,37,11,5,0.7808219178082192,0.7854166666666667,0.7708333333333334,0.8,0.8222222222222222,0.8,0.7708333333333334,0.7142857142857143,0.7682539682539682,0.8145833333333332
346,25,30,9,9,0.7534246575342466,0.752262443438914,0.7692307692307693,0.7352941176470589,0.7692307692307693,0.7352941176470589,0.7692307692307693,0.7352941176470589,0.752262443438914,0.8099547511312217
347,15,42,9,7,0.7808219178082192,0.7526737967914439,0.8235294117647058,0.6818181818181818,0.84,0.6818181818181818,0.8235294117647058,0.6521739130434783,0.7460869565217392,0.8511586452762924
348,12,48,8,5,0.821917808219178,0.7815126050420168,0.8571428571428571,0.7058823529411765,0.8807339449541285,0.7058823529411765,0.8571428571428571,0.6486486486486487,0.7646912968013886,0.7972689075630253
349,24,27,15,7,0.6986301369863014,0.7085253456221199,0.6428571428571429,0.7741935483870968,0.7105263157894737,0.7741935483870968,0.6428571428571429,0.6857142857142857,0.6981203007518797,0.8183563748079877
350,26,33,8,6,0.8082191780821918,0.8086890243902439,0.8048780487804879,0.8125,0.825,0.8125,0.8048780487804879,0.7878787878787878,0.8064393939393939,0.8742378048780488
351,19,31,14,9,0.684931506849315,0.6837301587301587,0.6888888888888889,0.6785714285714286,0.7294117647058823,0.6785714285714286,0.6888888888888889,0.6229508196721312,0.6761812921890067,0.8202380952380952
352,19,36,11,7,0.7534246575342466,0.7483633387888706,0.7659574468085106,0.7307692307692307,0.8,0.7307692307692307,0.7659574468085106,0.6785714285714286,0.7392857142857143,0.8138297872340426
353,19,38,11,5,0.7808219178082192,0.7835884353741496,0.7755102040816326,0.7916666666666666,0.8260869565217391,0.7916666666666666,0.7755102040816326,0.7037037037037037,0.7648953301127215,0.8767006802721088
354,13,38,12,10,0.6986301369863014,0.662608695652174,0.76,0.5652173913043478,0.7755102040816326,0.5652173913043478,0.76,0.5416666666666666,0.6585884353741496,0.7721739130434783
355,21,34,7,11,0.7534246575342466,0.7427591463414633,0.8292682926829268,0.65625,0.7906976744186046,0.65625,0.8292682926829268,0.7,0.7453488372093022,0.8395579268292683
356,17,40,9,7,0.7808219178082192,0.7623299319727892,0.8163265306122449,0.7083333333333334,0.8333333333333334,0.7083333333333334,0.8163265306122449,0.68,0.7566666666666667,0.852891156462585
357,19,34,8,12,0.726027397260274,0.7112135176651306,0.8095238095238095,0.6129032258064516,0.7727272727272727,0.6129032258064516,0.8095238095238095,0.6551724137931034,0.7139498432601881,0.7814900153609831
358,17,34,11,11,0.6986301369863014,0.6813492063492064,0.7555555555555555,0.6071428571428571,0.7555555555555555,0.6071428571428571,0.7555555555555555,0.6071428571428571,0.6813492063492064,0.7932539682539683
359,15,29,16,13,0.6027397260273972,0.5900793650793651,0.6444444444444445,0.5357142857142857,0.6666666666666666,0.5357142857142857,0.6444444444444445,0.5084745762711864,0.5875706214689265,0.692063492063492
360,16,36,10,11,0.7123287671232876,0.6876006441223832,0.782608695652174,0.5925925925925926,0.7741935483870968,0.5925925925925926,0.782608695652174,0.6037735849056604,0.6889835666463786,0.8180354267310789
361,15,43,9,6,0.7945205479452054,0.7706043956043955,0.8269230769230769,0.7142857142857143,0.8514851485148515,0.7142857142857143,0.8269230769230769,0.6666666666666666,0.759075907590759,0.8644688644688645
362,13,41,12,7,0.7397260273972602,0.7117924528301887,0.7735849056603774,0.65,0.8118811881188119,0.65,0.7735849056603774,0.5777777777777777,0.6948294829482948,0.8122641509433962
363,17,31,11,14,0.6575342465753424,0.6432411674347158,0.7380952380952381,0.5483870967741935,0.7126436781609196,0.5483870967741935,0.7380952380952381,0.576271186440678,0.6444574323007988,0.7772657450076804
364,11,37,12,13,0.6575342465753424,0.6067176870748299,0.7551020408163265,0.4583333333333333,0.7474747474747475,0.4583333333333333,0.7551020408163265,0.46808510638297873,0.6077799269288631,0.733843537414966
365,20,35,11,7,0.7534246575342466,0.750805152979066,0.7608695652173914,0.7407407407407407,0.7954545454545454,0.7407407407407407,0.7608695652173914,0.6896551724137931,0.7425548589341693,0.8107890499194848
366,17,36,12,8,0.726027397260274,0.7150000000000001,0.75,0.68,0.782608695652174,0.68,0.75,0.6296296296296297,0.7061191626409018,0.8204166666666667
367,15,44,8,6,0.8082191780821918,0.7802197802197802,0.8461538461538461,0.7142857142857143,0.8627450980392157,0.7142857142857143,0.8461538461538461,0.6818181818181818,0.7722816399286987,0.8576007326007326
368,24,26,14,9,0.684931506849315,0.6886363636363637,0.65,0.7272727272727273,0.6933333333333334,0.7272727272727273,0.65,0.676056338028169,0.6846948356807512,0.8265151515151515
369,14,33,14,12,0.6438356164383562,0.6202945990180033,0.7021276595744681,0.5384615384615384,0.717391304347826,0.5384615384615384,0.7021276595744681,0.5185185185185185,0.6179549114331723,0.7266775777414076
370,19,38,11,5,0.7808219178082192,0.7835884353741496,0.7755102040816326,0.7916666666666666,0.8260869565217391,0.7916666666666666,0.7755102040816326,0.7037037037037037,0.7648953301127215,0.8784013605442178
371,16,36,13,8,0.7123287671232876,0.7006802721088435,0.7346938775510204,0.6666666666666666,0.7741935483870968,0.6666666666666666,0.7346938775510204,0.6037735849056604,0.6889835666463786,0.798469387755102
372,21,36,9,7,0.7808219178082192,0.775,0.8,0.75,0.8181818181818182,0.75,0.8,0.7241379310344828,0.7711598746081505,0.8484126984126985
373,20,34,11,8,0.7397260273972602,0.734920634920635,0.7555555555555555,0.7142857142857143,0.7816091954022989,0.7142857142857143,0.7555555555555555,0.6779661016949152,0.729787648548607,0.8166666666666668
374,16,35,11,11,0.6986301369863014,0.676731078904992,0.7608695652173914,0.5925925925925926,0.7608695652173914,0.5925925925925926,0.7608695652173914,0.5925925925925926,0.676731078904992,0.7334943639291466
375,24,33,6,10,0.7808219178082192,0.7760180995475113,0.8461538461538461,0.7058823529411765,0.8048780487804879,0.7058823529411765,0.8461538461538461,0.75,0.7774390243902439,0.8717948717948717
376,18,43,7,5,0.8356164383561644,0.821304347826087,0.86,0.782608695652174,0.8775510204081632,0.782608695652174,0.86,0.75,0.8137755102040816,0.8982608695652174
377,23,33,11,6,0.7671232876712328,0.771551724137931,0.75,0.7931034482758621,0.7951807228915663,0.7931034482758621,0.75,0.7301587301587301,0.7626697265251482,0.8346394984326019
378,25,30,11,7,0.7534246575342466,0.7564786585365854,0.7317073170731707,0.78125,0.7692307692307693,0.78125,0.7317073170731707,0.7352941176470589,0.752262443438914,0.8887195121951219
379,26,31,10,6,0.7808219178082192,0.7842987804878049,0.7560975609756098,0.8125,0.7948717948717948,0.8125,0.7560975609756098,0.7647058823529411,0.7797888386123679,0.8723323170731707
380,10,43,12,8,0.726027397260274,0.6686868686868688,0.7818181818181819,0.5555555555555556,0.8113207547169812,0.5555555555555556,0.7818181818181819,0.5,0.6556603773584906,0.7515151515151515
381,15,38,12,8,0.726027397260274,0.7060869565217391,0.76,0.6521739130434783,0.7916666666666666,0.6521739130434783,0.76,0.6,0.6958333333333333,0.8143478260869565
382,17,36,14,6,0.726027397260274,0.7295652173913043,0.72,0.7391304347826086,0.782608695652174,0.7391304347826086,0.72,0.6296296296296297,0.7061191626409018,0.7843478260869564
383,19,36,11,7,0.7534246575342466,0.7483633387888706,0.7659574468085106,0.7307692307692307,0.8,0.7307692307692307,0.7659574468085106,0.6785714285714286,0.7392857142857143,0.8289689034369886
384,15,42,11,5,0.7808219178082192,0.7712264150943396,0.7924528301886793,0.75,0.84,0.75,0.7924528301886793,0.6521739130434783,0.7460869565217392,0.8985849056603774
385,16,39,13,5,0.7534246575342466,0.7559523809523809,0.75,0.7619047619047619,0.8125,0.7619047619047619,0.75,0.64,0.7262500000000001,0.8818681318681318
386,21,38,8,6,0.8082191780821918,0.8019323671497585,0.8260869565217391,0.7777777777777778,0.8444444444444444,0.7777777777777778,0.8260869565217391,0.75,0.7972222222222223,0.854669887278583
387,18,34,14,7,0.7123287671232876,0.7141666666666666,0.7083333333333334,0.72,0.7640449438202247,0.72,0.7083333333333334,0.631578947368421,0.6978119455943228,0.8258333333333334
388,21,34,10,8,0.7534246575342466,0.7484326018808778,0.7727272727272727,0.7241379310344828,0.7906976744186046,0.7241379310344828,0.7727272727272727,0.7,0.7453488372093022,0.8236677115987462
389,13,38,14,8,0.6986301369863014,0.674908424908425,0.7307692307692307,0.6190476190476191,0.7755102040816326,0.6190476190476191,0.7307692307692307,0.5416666666666666,0.6585884353741496,0.788919413919414
390,9,36,14,14,0.6164383561643836,0.5556521739130434,0.72,0.391304347826087,0.72,0.391304347826087,0.72,0.391304347826087,0.5556521739130434,0.7178260869565217
391,16,38,10,9,0.7397260273972602,0.7158333333333333,0.7916666666666666,0.64,0.8,0.64,0.7916666666666666,0.6274509803921569,0.7137254901960784,0.8091666666666666
392,18,41,7,7,0.8082191780821918,0.7870833333333334,0.8541666666666666,0.72,0.8541666666666666,0.72,0.8541666666666666,0.72,0.7870833333333334,0.845
393,22,32,13,6,0.7397260273972602,0.7484126984126984,0.7111111111111111,0.7857142857142857,0.7710843373493976,0.7857142857142857,0.7111111111111111,0.6984126984126984,0.734748517881048,0.8416666666666667
394,17,37,15,4,0.7397260273972602,0.7605311355311355,0.7115384615384616,0.8095238095238095,0.7956989247311828,0.8095238095238095,0.7115384615384616,0.6415094339622641,0.7186041793467235,0.8562271062271062
395,14,33,14,12,0.6438356164383562,0.6202945990180033,0.7021276595744681,0.5384615384615384,0.717391304347826,0.5384615384615384,0.7021276595744681,0.5185185185185185,0.6179549114331723,0.6734860883797054
396,17,39,11,6,0.7671232876712328,0.7595652173913043,0.78,0.7391304347826086,0.8210526315789474,0.7391304347826086,0.78,0.6666666666666666,0.743859649122807,0.8747826086956522
397,12,38,17,6,0.684931506849315,0.6787878787878787,0.6909090909090909,0.6666666666666666,0.7676767676767676,0.6666666666666666,0.6909090909090909,0.5106382978723404,0.639157532774554,0.7712121212121212
398,16,33,13,11,0.6712328767123288,0.6549919484702094,0.717391304347826,0.5925925925925926,0.7333333333333333,0.5925925925925926,0.717391304347826,0.5714285714285714,0.6523809523809523,0.7238325281803543
399,18,36,10,9,0.7397260273972602,0.7246376811594203,0.782608695652174,0.6666666666666666,0.7912087912087912,0.6666666666666666,0.782608695652174,0.6545454545454545,0.7228771228771229,0.7657004830917874
400,12,38,13,10,0.684931506849315,0.6452762923351159,0.7450980392156863,0.5454545454545454,0.7676767676767676,0.5454545454545454,0.7450980392156863,0.5106382978723404,0.639157532774554,0.7103386809269162
401,16,35,12,10,0.6986301369863014,0.6800327332242226,0.7446808510638298,0.6153846153846154,0.7608695652173914,0.6153846153846154,0.7446808510638298,0.5925925925925926,0.676731078904992,0.7622749590834698
402,20,35,8,10,0.7534246575342466,0.7403100775193798,0.813953488372093,0.6666666666666666,0.7954545454545454,0.6666666666666666,0.813953488372093,0.6896551724137931,0.7425548589341693,0.8395348837209302
403,17,37,8,11,0.7397260273972602,0.7146825396825396,0.8222222222222222,0.6071428571428571,0.7956989247311828,0.6071428571428571,0.8222222222222222,0.6415094339622641,0.7186041793467235,0.7936507936507936
404,25,28,13,7,0.726027397260274,0.7320884146341464,0.6829268292682927,0.78125,0.7368421052631579,0.78125,0.6829268292682927,0.7142857142857143,0.7255639097744361,0.8490853658536586
405,17,35,12,9,0.7123287671232876,0.6992635024549918,0.7446808510638298,0.6538461538461539,0.7692307692307693,0.6538461538461539,0.7446808510638298,0.6181818181818182,0.6937062937062937,0.8175122749590835
406,15,41,10,7,0.7671232876712328,0.7428698752228164,0.803921568627451,0.6818181818181818,0.8282828282828283,0.6818181818181818,0.803921568627451,0.6382978723404256,0.7332903503116269,0.8502673796791445
407,19,38,7,9,0.7808219178082192,0.7615079365079365,0.8444444444444444,0.6785714285714286,0.8260869565217391,0.6785714285714286,0.8444444444444444,0.7037037037037037,0.7648953301127215,0.8293650793650794
408,18,36,10,9,0.7397260273972602,0.7246376811594203,0.782608695652174,0.6666666666666666,0.7912087912087912,0.6666666666666666,0.782608695652174,0.6545454545454545,0.7228771228771229,0.749597423510467
409,16,37,13,7,0.726027397260274,0.7178260869565217,0.74,0.6956521739130435,0.7872340425531915,0.6956521739130435,0.74,0.6153846153846154,0.7013093289689034,0.8182608695652174
410,21,32,13,7,0.726027397260274,0.7305555555555556,0.7111111111111111,0.75,0.7619047619047619,0.75,0.7111111111111111,0.6774193548387096,0.7196620583717357,0.8448412698412698
411,17,35,12,9,0.7123287671232876,0.6992635024549918,0.7446808510638298,0.6538461538461539,0.7692307692307693,0.6538461538461539,0.7446808510638298,0.6181818181818182,0.6937062937062937,0.7995090016366612
412,16,41,9,7,0.7808219178082192,0.7578260869565216,0.82,0.6956521739130435,0.8367346938775511,0.6956521739130435,0.82,0.6666666666666666,0.7517006802721089,0.8447826086956521
413,20,36,10,7,0.7671232876712328,0.7616747181964574,0.782608695652174,0.7407407407407407,0.8089887640449438,0.7407407407407407,0.782608695652174,0.7017543859649122,0.755371575004928,0.8639291465378421
414,20,34,10,9,0.7397260273972602,0.7311912225705329,0.7727272727272727,0.6896551724137931,0.7816091954022989,0.6896551724137931,0.7727272727272727,0.6779661016949152,0.729787648548607,0.7946708463949843
415,15,39,12,7,0.7397260273972602,0.7232620320855614,0.7647058823529411,0.6818181818181818,0.8041237113402062,0.6818181818181818,0.7647058823529411,0.6122448979591837,0.708184304649695,0.8422459893048129
416,16,41,14,2,0.7808219178082192,0.8171717171717172,0.7454545454545455,0.8888888888888888,0.8367346938775511,0.8888888888888888,0.7454545454545455,0.6666666666666666,0.7517006802721089,0.9075757575757576
417,13,39,18,3,0.7123287671232876,0.7483552631578947,0.6842105263157895,0.8125,0.7878787878787878,0.8125,0.6842105263157895,0.5531914893617021,0.6705351386202449,0.8673245614035089
418,25,28,10,10,0.726027397260274,0.7255639097744361,0.7368421052631579,0.7142857142857143,0.7368421052631579,0.7142857142857143,0.7368421052631579,0.7142857142857143,0.7255639097744361,0.8030075187969925
419,18,34,17,4,0.7123287671232876,0.7424242424242424,0.6666666666666666,0.8181818181818182,0.7640449438202247,0.8181818181818182,0.6666666666666666,0.631578947368421,0.6978119455943228,0.8333333333333334
420,23,31,13,6,0.7397260273972602,0.7488244514106583,0.7045454545454546,0.7931034482758621,0.7654320987654321,0.7931034482758621,0.7045454545454546,0.7076923076923077,0.7365622032288699,0.8322884012539185
421,18,31,10,14,0.6712328767123288,0.6592987804878049,0.7560975609756098,0.5625,0.7209302325581395,0.5625,0.7560975609756098,0.6,0.6604651162790698,0.8109756097560975
422,18,36,11,8,0.7397260273972602,0.7291325695581015,0.7659574468085106,0.6923076923076923,0.7912087912087912,0.6923076923076923,0.7659574468085106,0.6545454545454545,0.7228771228771229,0.8089198036006547
423,18,29,19,7,0.6438356164383562,0.6620833333333334,0.6041666666666666,0.72,0.6904761904761905,0.72,0.6041666666666666,0.5806451612903226,0.6355606758832566,0.8079166666666666
424,20,28,12,13,0.6575342465753424,0.6530303030303031,0.7,0.6060606060606061,0.691358024691358,0.6060606060606061,0.7,0.6153846153846154,0.6533713200379867,0.7522727272727273
425,16,36,12,9,0.7123287671232876,0.6950000000000001,0.75,0.64,0.7741935483870968,0.64,0.75,0.6037735849056604,0.6889835666463786,0.80125
426,18,39,13,3,0.7808219178082192,0.8035714285714286,0.75,0.8571428571428571,0.8297872340425532,0.8571428571428571,0.75,0.6923076923076923,0.7610474631751227,0.8736263736263735
427,15,40,11,7,0.7534246575342466,0.7330659536541889,0.7843137254901961,0.6818181818181818,0.8163265306122449,0.6818181818181818,0.7843137254901961,0.625,0.7206632653061225,0.8315508021390374
428,11,34,18,10,0.6164383561643836,0.5888278388278388,0.6538461538461539,0.5238095238095238,0.7083333333333334,0.5238095238095238,0.6538461538461539,0.44,0.5741666666666667,0.6959706959706959
429,20,36,8,9,0.7671232876712328,0.7539184952978057,0.8181818181818182,0.6896551724137931,0.8089887640449438,0.6896551724137931,0.8181818181818182,0.7017543859649122,0.755371575004928,0.8373824451410659
430,15,38,14,6,0.726027397260274,0.7225274725274725,0.7307692307692307,0.7142857142857143,0.7916666666666666,0.7142857142857143,0.7307692307692307,0.6,0.6958333333333333,0.793040293040293
431,20,30,12,11,0.684931506849315,0.6797235023041475,0.7142857142857143,0.6451612903225806,0.7228915662650602,0.6451612903225806,0.7142857142857143,0.6349206349206349,0.6789061005928476,0.7841781874039938
432,17,34,15,7,0.6986301369863014,0.7011054421768708,0.6938775510204082,0.7083333333333334,0.7555555555555555,0.7083333333333334,0.6938775510204082,0.6071428571428571,0.6813492063492064,0.8022959183673469
433,19,40,6,8,0.8082191780821918,0.786634460547504,0.8695652173913043,0.7037037037037037,0.851063829787234,0.7037037037037037,0.8695652173913043,0.7307692307692307,0.7909165302782324,0.7995169082125604
434,18,33,17,5,0.6986301369863014,0.721304347826087,0.66,0.782608695652174,0.75,0.782608695652174,0.66,0.6206896551724138,0.6853448275862069,0.8560869565217392
435,15,35,15,8,0.684931506849315,0.6760869565217391,0.7,0.6521739130434783,0.7526881720430108,0.6521739130434783,0.7,0.5660377358490566,0.6593629539460337,0.7826086956521738
436,18,38,12,5,0.7671232876712328,0.771304347826087,0.76,0.782608695652174,0.8172043010752689,0.782608695652174,0.76,0.6792452830188679,0.7482247920470684,0.8878260869565218
437,16,40,10,7,0.7671232876712328,0.7478260869565218,0.8,0.6956521739130435,0.8247422680412371,0.6956521739130435,0.8,0.6530612244897959,0.7389017462655165,0.8173913043478261
438,17,34,9,13,0.6986301369863014,0.6786821705426356,0.7906976744186046,0.5666666666666667,0.7555555555555555,0.5666666666666667,0.7906976744186046,0.6071428571428571,0.6813492063492064,0.762015503875969
439,17,35,13,8,0.7123287671232876,0.7045833333333333,0.7291666666666666,0.68,0.7692307692307693,0.68,0.7291666666666666,0.6181818181818182,0.6937062937062937,0.8179166666666666
440,15,34,14,10,0.6712328767123288,0.6541666666666667,0.7083333333333334,0.6,0.7391304347826086,0.6,0.7083333333333334,0.5555555555555556,0.6473429951690821,0.7333333333333333
441,18,35,13,7,0.726027397260274,0.7245833333333334,0.7291666666666666,0.72,0.7777777777777778,0.72,0.7291666666666666,0.6428571428571429,0.7103174603174603,0.7966666666666666
442,22,34,12,5,0.7671232876712328,0.7769726247987117,0.7391304347826086,0.8148148148148148,0.8,0.8148148148148148,0.7391304347826086,0.7213114754098361,0.7606557377049181,0.8607085346215781
443,17,35,14,7,0.7123287671232876,0.7113095238095238,0.7142857142857143,0.7083333333333334,0.7692307692307693,0.7083333333333334,0.7142857142857143,0.6181818181818182,0.6937062937062937,0.796343537414966
444,20,31,8,14,0.6986301369863014,0.691553544494721,0.7948717948717948,0.5882352941176471,0.7380952380952381,0.5882352941176471,0.7948717948717948,0.6451612903225806,0.6916282642089093,0.7933634992458523
445,15,42,11,5,0.7808219178082192,0.7712264150943396,0.7924528301886793,0.75,0.84,0.75,0.7924528301886793,0.6521739130434783,0.7460869565217392,0.8547169811320755
446,25,30,11,7,0.7534246575342466,0.7564786585365854,0.7317073170731707,0.78125,0.7692307692307693,0.78125,0.7317073170731707,0.7352941176470589,0.752262443438914,0.8586128048780488
447,22,29,10,12,0.6986301369863014,0.6953242835595776,0.7435897435897436,0.6470588235294118,0.725,0.6470588235294118,0.7435897435897436,0.6666666666666666,0.6958333333333333,0.8156108597285068
448,14,36,10,13,0.684931506849315,0.6505636070853462,0.782608695652174,0.5185185185185185,0.7578947368421053,0.5185185185185185,0.782608695652174,0.5490196078431373,0.6534571723426212,0.6614331723027375
449,19,31,15,8,0.684931506849315,0.6888083735909822,0.6739130434782609,0.7037037037037037,0.7294117647058823,0.7037037037037037,0.6739130434782609,0.6229508196721312,0.6761812921890067,0.7946859903381642
450,18,32,13,10,0.684931506849315,0.676984126984127,0.7111111111111111,0.6428571428571429,0.735632183908046,0.6428571428571429,0.7111111111111111,0.6101694915254238,0.6729008377167349,0.776984126984127
451,21,29,14,9,0.684931506849315,0.6872093023255814,0.6744186046511628,0.7,0.7160493827160493,0.7,0.6744186046511628,0.6461538461538462,0.6811016144349478,0.7542635658914728
452,14,25,20,14,0.5342465753424658,0.5277777777777778,0.5555555555555556,0.5,0.5952380952380952,0.5,0.5555555555555556,0.45161290322580644,0.5234254992319508,0.6523809523809523
453,20,30,13,10,0.684931506849315,0.6821705426356589,0.6976744186046512,0.6666666666666666,0.7228915662650602,0.6666666666666666,0.6976744186046512,0.6349206349206349,0.6789061005928476,0.7980620155038759
454,18,27,19,9,0.6164383561643836,0.6268115942028986,0.5869565217391305,0.6666666666666666,0.6585365853658537,0.6666666666666666,0.5869565217391305,0.5625,0.6105182926829269,0.7661030595813205
455,16,36,14,7,0.7123287671232876,0.7078260869565217,0.72,0.6956521739130435,0.7741935483870968,0.6956521739130435,0.72,0.6037735849056604,0.6889835666463786,0.7830434782608696
456,10,36,15,12,0.6301369863013698,0.5802139037433155,0.7058823529411765,0.45454545454545453,0.7272727272727273,0.45454545454545453,0.7058823529411765,0.425531914893617,0.5764023210831721,0.6319073083778967
457,23,32,10,8,0.7534246575342466,0.7519201228878648,0.7619047619047619,0.7419354838709677,0.7804878048780488,0.7419354838709677,0.7619047619047619,0.71875,0.7496189024390244,0.8387096774193548
458,17,30,16,10,0.6438356164383562,0.6409017713365539,0.6521739130434783,0.6296296296296297,0.6976744186046512,0.6296296296296297,0.6521739130434783,0.5666666666666667,0.632170542635659,0.7608695652173914
459,18,30,12,13,0.6575342465753424,0.6474654377880185,0.7142857142857143,0.5806451612903226,0.7058823529411765,0.5806451612903226,0.7142857142857143,0.5901639344262295,0.648023143683703,0.772273425499232
460,20,31,17,5,0.6986301369863014,0.7229166666666667,0.6458333333333334,0.8,0.7380952380952381,0.8,0.6458333333333334,0.6451612903225806,0.6916282642089093,0.865
461,19,38,5,11,0.7808219178082192,0.7585271317829457,0.8837209302325582,0.6333333333333333,0.8260869565217391,0.6333333333333333,0.8837209302325582,0.7037037037037037,0.7648953301127215,0.8329457364341085
462,18,37,10,8,0.7534246575342466,0.739770867430442,0.7872340425531915,0.6923076923076923,0.8043478260869565,0.6923076923076923,0.7872340425531915,0.6666666666666666,0.7355072463768115,0.8191489361702128
463,13,40,10,10,0.726027397260274,0.682608695652174,0.8,0.5652173913043478,0.8,0.5652173913043478,0.8,0.5652173913043478,0.682608695652174,0.7730434782608695
464,24,29,11,9,0.726027397260274,0.7261363636363636,0.725,0.7272727272727273,0.7435897435897436,0.7272727272727273,0.725,0.7058823529411765,0.7247360482654601,0.7848484848484848
465,18,29,15,11,0.6438356164383562,0.6398902821316614,0.6590909090909091,0.6206896551724138,0.6904761904761905,0.6206896551724138,0.6590909090909091,0.5806451612903226,0.6355606758832566,0.7613636363636365
466,18,36,13,6,0.7397260273972602,0.7423469387755102,0.7346938775510204,0.75,0.7912087912087912,0.75,0.7346938775510204,0.6545454545454545,0.7228771228771229,0.8409863945578232
467,18,41,10,4,0.8082191780821918,0.8110516934046346,0.803921568627451,0.8181818181818182,0.8541666666666666,0.8181818181818182,0.803921568627451,0.72,0.7870833333333334,0.8654188948306596
468,18,38,11,6,0.7671232876712328,0.7627551020408163,0.7755102040816326,0.75,0.8172043010752689,0.75,0.7755102040816326,0.6792452830188679,0.7482247920470684,0.8452380952380953
469,26,28,15,4,0.7397260273972602,0.7589147286821706,0.6511627906976745,0.8666666666666667,0.7466666666666667,0.8666666666666667,0.6511627906976745,0.7323943661971831,0.7395305164319249,0.868217054263566
470,25,33,7,8,0.7945205479452054,0.7912878787878788,0.825,0.7575757575757576,0.8148148148148148,0.7575757575757576,0.825,0.7692307692307693,0.792022792022792,0.9045454545454545
471,22,30,10,11,0.7123287671232876,0.7083333333333333,0.75,0.6666666666666666,0.7407407407407407,0.6666666666666666,0.75,0.676923076923077,0.7088319088319088,0.8386363636363636
472,19,33,9,12,0.7123287671232876,0.6993087557603687,0.7857142857142857,0.6129032258064516,0.7586206896551724,0.6129032258064516,0.7857142857142857,0.6440677966101694,0.7013442431326709,0.7572964669738863
473,14,41,9,9,0.7534246575342466,0.7143478260869565,0.82,0.6086956521739131,0.82,0.6086956521739131,0.82,0.6086956521739131,0.7143478260869565,0.8156521739130435
474,17,33,11,12,0.684931506849315,0.6681034482758621,0.75,0.5862068965517241,0.7415730337078652,0.5862068965517241,0.75,0.5964912280701754,0.6690321308890204,0.8107366771159874
475,18,38,14,3,0.7671232876712328,0.7939560439560439,0.7307692307692307,0.8571428571428571,0.8172043010752689,0.8571428571428571,0.7307692307692307,0.6792452830188679,0.7482247920470684,0.8965201465201464
476,24,37,8,4,0.8356164383561644,0.8396825396825396,0.8222222222222222,0.8571428571428571,0.8604651162790697,0.8571428571428571,0.8222222222222222,0.8,0.8302325581395349,0.8992063492063491
477,22,27,11,13,0.6712328767123288,0.6695488721804511,0.7105263157894737,0.6285714285714286,0.6923076923076923,0.6285714285714286,0.7105263157894737,0.6470588235294118,0.6696832579185521,0.7966165413533834
478,19,30,16,8,0.6712328767123288,0.677938808373591,0.6521739130434783,0.7037037037037037,0.7142857142857143,0.7037037037037037,0.6521739130434783,0.6129032258064516,0.663594470046083,0.785829307568438
479,22,28,16,7,0.684931506849315,0.6974921630094044,0.6363636363636364,0.7586206896551724,0.7088607594936709,0.7586206896551724,0.6363636363636364,0.6567164179104478,0.6827885887020593,0.7703761755485894
480,21,31,13,8,0.7123287671232876,0.7143416927899686,0.7045454545454546,0.7241379310344828,0.7469879518072289,0.7241379310344828,0.7045454545454546,0.6666666666666666,0.7068273092369477,0.8526645768025078
481,20,31,15,7,0.6986301369863014,0.7073268921095008,0.6739130434782609,0.7407407407407407,0.7380952380952381,0.7407407407407407,0.6739130434782609,0.6451612903225806,0.6916282642089093,0.8164251207729468
482,17,42,7,7,0.8082191780821918,0.7827380952380952,0.8571428571428571,0.7083333333333334,0.8571428571428571,0.7083333333333334,0.8571428571428571,0.7083333333333334,0.7827380952380952,0.8290816326530612
483,22,36,10,5,0.7945205479452054,0.7987117552334944,0.782608695652174,0.8148148148148148,0.8275862068965517,0.8148148148148148,0.782608695652174,0.7457627118644068,0.7866744593804793,0.8433977455716586
484,14,36,12,11,0.684931506849315,0.655,0.75,0.56,0.7578947368421053,0.56,0.75,0.5490196078431373,0.6534571723426212,0.7941666666666667
485,15,30,16,12,0.6164383561643836,0.6038647342995169,0.6521739130434783,0.5555555555555556,0.6818181818181818,0.5555555555555556,0.6521739130434783,0.5172413793103449,0.5995297805642633,0.6980676328502415
486,15,38,16,4,0.726027397260274,0.746588693957115,0.7037037037037037,0.7894736842105263,0.7916666666666666,0.7894736842105263,0.7037037037037037,0.6,0.6958333333333333,0.8557504873294347
487,20,32,14,7,0.7123287671232876,0.7181964573268921,0.6956521739130435,0.7407407407407407,0.7529411764705882,0.7407407407407407,0.6956521739130435,0.6557377049180327,0.7043394406943104,0.78743961352657
488,19,32,13,9,0.6986301369863014,0.6948412698412698,0.7111111111111111,0.6785714285714286,0.7441860465116279,0.6785714285714286,0.7111111111111111,0.6333333333333333,0.6887596899224806,0.8047619047619048
489,21,31,11,10,0.7123287671232876,0.7077572964669738,0.7380952380952381,0.6774193548387096,0.7469879518072289,0.6774193548387096,0.7380952380952381,0.6666666666666666,0.7068273092369477,0.804531490015361
490,24,24,16,9,0.6575342465753424,0.6636363636363636,0.6,0.7272727272727273,0.6575342465753424,0.7272727272727273,0.6,0.6575342465753424,0.6575342465753424,0.7613636363636364
491,18,35,11,9,0.726027397260274,0.713768115942029,0.7608695652173914,0.6666666666666666,0.7777777777777778,0.6666666666666666,0.7608695652173914,0.6428571428571429,0.7103174603174603,0.8188405797101449
492,19,33,12,9,0.7123287671232876,0.7059523809523809,0.7333333333333333,0.6785714285714286,0.7586206896551724,0.6785714285714286,0.7333333333333333,0.6440677966101694,0.7013442431326709,0.7968253968253968
493,12,30,17,14,0.5753424657534246,0.5499181669394435,0.6382978723404256,0.46153846153846156,0.6593406593406593,0.46153846153846156,0.6382978723404256,0.43636363636363634,0.5478521478521479,0.6550736497545009
494,22,34,13,4,0.7671232876712328,0.7847790507364976,0.723404255319149,0.8461538461538461,0.8,0.8461538461538461,0.723404255319149,0.7213114754098361,0.7606557377049181,0.8829787234042553
495,16,44,9,4,0.821917808219178,0.8150943396226416,0.8301886792452831,0.8,0.8712871287128713,0.8,0.8301886792452831,0.7111111111111111,0.7911991199119912,0.8792452830188678
496,20,29,18,6,0.6712328767123288,0.693126022913257,0.6170212765957447,0.7692307692307693,0.7073170731707317,0.7692307692307693,0.6170212765957447,0.625,0.6661585365853658,0.7692307692307693
497,17,35,17,4,0.7123287671232876,0.7413003663003663,0.6730769230769231,0.8095238095238095,0.7692307692307693,0.8095238095238095,0.6730769230769231,0.6181818181818182,0.6937062937062937,0.8534798534798536
498,25,29,10,9,0.7397260273972602,0.7394419306184012,0.7435897435897436,0.7352941176470589,0.7532467532467533,0.7352941176470589,0.7435897435897436,0.7246376811594203,0.7389422172030868,0.8227752639517345
499,13,35,13,12,0.6575342465753424,0.6245833333333333,0.7291666666666666,0.52,0.7368421052631579,0.52,0.7291666666666666,0.5098039215686274,0.6233230134158927,0.7291666666666666
500,23,31,8,11,0.7397260273972602,0.7356711915535445,0.7948717948717948,0.6764705882352942,0.7654320987654321,0.6764705882352942,0.7948717948717948,0.7076923076923077,0.7365622032288699,0.8295625942684767
501,19,38,10,6,0.7808219178082192,0.7758333333333334,0.7916666666666666,0.76,0.8260869565217391,0.76,0.7916666666666666,0.7037037037037037,0.7648953301127215,0.8883333333333334
502,17,35,10,11,0.7123287671232876,0.6924603174603174,0.7777777777777778,0.6071428571428571,0.7692307692307693,0.6071428571428571,0.7777777777777778,0.6181818181818182,0.6937062937062937,0.7682539682539682
503,11,42,13,7,0.726027397260274,0.6873737373737374,0.7636363636363637,0.6111111111111112,0.8076923076923077,0.6111111111111112,0.7636363636363637,0.5238095238095238,0.6657509157509158,0.7555555555555555
504,17,35,12,9,0.7123287671232876,0.6992635024549918,0.7446808510638298,0.6538461538461539,0.7692307692307693,0.6538461538461539,0.7446808510638298,0.6181818181818182,0.6937062937062937,0.7770049099836334
505,22,32,13,6,0.7397260273972602,0.7484126984126984,0.7111111111111111,0.7857142857142857,0.7710843373493976,0.7857142857142857,0.7111111111111111,0.6984126984126984,0.734748517881048,0.7896825396825397
506,17,32,13,11,0.6712328767123288,0.6591269841269841,0.7111111111111111,0.6071428571428571,0.7272727272727273,0.6071428571428571,0.7111111111111111,0.5862068965517241,0.6567398119122256,0.730952380952381
507,24,31,13,5,0.7534246575342466,0.7660658307210031,0.7045454545454546,0.8275862068965517,0.775,0.8275862068965517,0.7045454545454546,0.7272727272727273,0.7511363636363637,0.8479623824451411
508,15,42,12,4,0.7808219178082192,0.7836257309941521,0.7777777777777778,0.7894736842105263,0.84,0.7894736842105263,0.7777777777777778,0.6521739130434783,0.7460869565217392,0.8499025341130605
509,23,38,6,6,0.8356164383561644,0.8283699059561129,0.8636363636363636,0.7931034482758621,0.8636363636363636,0.7931034482758621,0.8636363636363636,0.7931034482758621,0.8283699059561129,0.9177115987460815
510,19,40,8,6,0.8082191780821918,0.7966666666666666,0.8333333333333334,0.76,0.851063829787234,0.76,0.8333333333333334,0.7307692307692307,0.7909165302782324,0.8541666666666666
511,16,32,10,15,0.6575342465753424,0.6390168970814132,0.7619047619047619,0.5161290322580645,0.7191011235955056,0.5161290322580645,0.7619047619047619,0.5614035087719298,0.6402523161837177,0.7373271889400922
512,17,34,12,10,0.6986301369863014,0.6843800322061191,0.7391304347826086,0.6296296296296297,0.7555555555555555,0.6296296296296297,0.7391304347826086,0.6071428571428571,0.6813492063492064,0.784621578099839
513,10,40,12,11,0.684931506849315,0.6227106227106227,0.7692307692307693,0.47619047619047616,0.7766990291262136,0.47619047619047616,0.7692307692307693,0.46511627906976744,0.6209076540979905,0.7042124542124542
514,27,34,8,4,0.8356164383561644,0.8402457757296466,0.8095238095238095,0.8709677419354839,0.85,0.8709677419354839,0.8095238095238095,0.8181818181818182,0.8340909090909091,0.8855606758832565
515,18,38,12,5,0.7671232876712328,0.771304347826087,0.76,0.782608695652174,0.8172043010752689,0.782608695652174,0.76,0.6792452830188679,0.7482247920470684,0.8791304347826088
516,20,33,11,9,0.726027397260274,0.7198275862068966,0.75,0.6896551724137931,0.7674418604651163,0.6896551724137931,0.75,0.6666666666666666,0.7170542635658914,0.7938871473354232
517,17,33,17,6,0.684931506849315,0.6995652173913043,0.66,0.7391304347826086,0.7415730337078652,0.7391304347826086,0.66,0.5964912280701754,0.6690321308890204,0.8121739130434782
518,25,29,12,7,0.7397260273972602,0.7442835365853658,0.7073170731707317,0.78125,0.7532467532467533,0.78125,0.7073170731707317,0.7246376811594203,0.7389422172030868,0.8982469512195121
519,14,38,12,9,0.7123287671232876,0.6843478260869565,0.76,0.6086956521739131,0.7835051546391752,0.6086956521739131,0.76,0.5714285714285714,0.6774668630338734,0.8147826086956522
520,12,43,11,7,0.7534246575342466,0.7139376218323586,0.7962962962962963,0.631578947368421,0.8269230769230769,0.631578947368421,0.7962962962962963,0.5714285714285714,0.6991758241758241,0.830896686159844
521,22,34,14,3,0.7671232876712328,0.7941666666666667,0.7083333333333334,0.88,0.8,0.88,0.7083333333333334,0.7213114754098361,0.7606557377049181,0.8933333333333333
522,20,35,9,9,0.7534246575342466,0.7425548589341693,0.7954545454545454,0.6896551724137931,0.7954545454545454,0.6896551724137931,0.7954545454545454,0.6896551724137931,0.7425548589341693,0.8318965517241379
523,13,42,12,6,0.7534246575342466,0.7309941520467836,0.7777777777777778,0.6842105263157895,0.8235294117647058,0.6842105263157895,0.7777777777777778,0.5909090909090909,0.7072192513368984,0.8372319688109161
524,17,34,15,7,0.6986301369863014,0.7011054421768708,0.6938775510204082,0.7083333333333334,0.7555555555555555,0.7083333333333334,0.6938775510204082,0.6071428571428571,0.6813492063492064,0.7814625850340137
525,18,37,12,6,0.7534246575342466,0.7525510204081632,0.7551020408163265,0.75,0.8043478260869565,0.75,0.7551020408163265,0.6666666666666666,0.7355072463768115,0.8316326530612244
526,16,42,11,4,0.7945205479452054,0.7962264150943397,0.7924528301886793,0.8,0.8484848484848485,0.8,0.7924528301886793,0.6808510638297872,0.7646679561573179,0.8424528301886792
527,20,29,16,8,0.6712328767123288,0.6793650793650794,0.6444444444444445,0.7142857142857143,0.7073170731707317,0.7142857142857143,0.6444444444444445,0.625,0.6661585365853658,0.8091269841269841
528,16,38,9,10,0.7397260273972602,0.7119476268412439,0.8085106382978723,0.6153846153846154,0.8,0.6153846153846154,0.8085106382978723,0.6274509803921569,0.7137254901960784,0.7667757774140752
529,22,31,14,6,0.726027397260274,0.7373015873015873,0.6888888888888889,0.7857142857142857,0.7560975609756098,0.7857142857142857,0.6888888888888889,0.6875,0.7217987804878049,0.8226190476190477
530,24,25,15,9,0.6712328767123288,0.6761363636363636,0.625,0.7272727272727273,0.6756756756756757,0.7272727272727273,0.625,0.6666666666666666,0.6711711711711712,0.8060606060606061
531,15,40,12,6,0.7534246575342466,0.7417582417582418,0.7692307692307693,0.7142857142857143,0.8163265306122449,0.7142857142857143,0.7692307692307693,0.625,0.7206632653061225,0.8218864468864469
532,18,32,13,10,0.684931506849315,0.676984126984127,0.7111111111111111,0.6428571428571429,0.735632183908046,0.6428571428571429,0.7111111111111111,0.6101694915254238,0.6729008377167349,0.8115079365079365
533,14,43,9,7,0.7808219178082192,0.7467948717948718,0.8269230769230769,0.6666666666666666,0.8431372549019608,0.6666666666666666,0.8269230769230769,0.6363636363636364,0.7397504456327986,0.8452380952380952
534,15,38,14,6,0.726027397260274,0.7225274725274725,0.7307692307692307,0.7142857142857143,0.7916666666666666,0.7142857142857143,0.7307692307692307,0.6,0.6958333333333333,0.7921245421245421
535,22,31,11,9,0.726027397260274,0.7238863287250384,0.7380952380952381,0.7096774193548387,0.7560975609756098,0.7096774193548387,0.7380952380952381,0.6875,0.7217987804878049,0.8575268817204301
536,12,38,13,10,0.684931506849315,0.6452762923351159,0.7450980392156863,0.5454545454545454,0.7676767676767676,0.5454545454545454,0.7450980392156863,0.5106382978723404,0.639157532774554,0.786096256684492
537,19,38,9,7,0.7808219178082192,0.7696399345335515,0.8085106382978723,0.7307692307692307,0.8260869565217391,0.7307692307692307,0.8085106382978723,0.7037037037037037,0.7648953301127215,0.8923895253682488
538,12,46,11,4,0.7945205479452054,0.7785087719298245,0.8070175438596491,0.75,0.8598130841121495,0.75,0.8070175438596491,0.6153846153846154,0.7375988497483825,0.8267543859649122
539,12,38,15,8,0.684931506849315,0.6584905660377358,0.7169811320754716,0.6,0.7676767676767676,0.6,0.7169811320754716,0.5106382978723404,0.639157532774554,0.7834905660377358
540,13,37,16,7,0.684931506849315,0.6740566037735849,0.6981132075471698,0.65,0.7628865979381443,0.65,0.6981132075471698,0.5306122448979592,0.6467494214180518,0.7594339622641509
541,14,36,13,10,0.684931506849315,0.6590136054421769,0.7346938775510204,0.5833333333333334,0.7578947368421053,0.5833333333333334,0.7346938775510204,0.5490196078431373,0.6534571723426212,0.7674319727891157
542,12,34,16,11,0.6301369863013698,0.6008695652173913,0.68,0.5217391304347826,0.7157894736842105,0.5217391304347826,0.68,0.47058823529411764,0.5931888544891641,0.7426086956521739
543,23,35,5,10,0.7945205479452054,0.7859848484848485,0.875,0.696969696969697,0.8235294117647058,0.696969696969697,0.875,0.7540983606557377,0.7888138862102217,0.8454545454545455
544,22,27,12,12,0.6712328767123288,0.6696832579185521,0.6923076923076923,0.6470588235294118,0.6923076923076923,0.6470588235294118,0.6923076923076923,0.6470588235294118,0.6696832579185521,0.8208898944193063
545,14,40,13,6,0.7397260273972602,0.7273584905660377,0.7547169811320755,0.7,0.8080808080808081,0.7,0.7547169811320755,0.5957446808510638,0.7019127444659359,0.8033018867924528
546,17,41,10,5,0.7945205479452054,0.7883244206773619,0.803921568627451,0.7727272727272727,0.845360824742268,0.7727272727272727,0.803921568627451,0.6938775510204082,0.7696191878813381,0.8284313725490196
547,22,35,13,3,0.7808219178082192,0.8045833333333333,0.7291666666666666,0.88,0.813953488372093,0.88,0.7291666666666666,0.7333333333333333,0.7736434108527132,0.9087500000000001
548,24,33,10,6,0.7808219178082192,0.7837209302325582,0.7674418604651163,0.8,0.8048780487804879,0.8,0.7674418604651163,0.75,0.7774390243902439,0.8806201550387597
549,21,33,11,8,0.7397260273972602,0.7370689655172413,0.75,0.7241379310344828,0.7764705882352941,0.7241379310344828,0.75,0.6885245901639344,0.7324975891996143,0.8209247648902822
550,16,40,8,9,0.7671232876712328,0.7366666666666667,0.8333333333333334,0.64,0.8247422680412371,0.64,0.8333333333333334,0.6530612244897959,0.7389017462655165,0.8116666666666666
551,22,30,11,10,0.7123287671232876,0.7096036585365854,0.7317073170731707,0.6875,0.7407407407407407,0.6875,0.7317073170731707,0.676923076923077,0.7088319088319088,0.7599085365853658
552,21,27,14,11,0.6575342465753424,0.6573932926829269,0.6585365853658537,0.65625,0.6835443037974683,0.65625,0.6585365853658537,0.6268656716417911,0.6552049877196298,0.75
553,19,39,10,5,0.7945205479452054,0.7937925170068028,0.7959183673469388,0.7916666666666666,0.8387096774193549,0.7916666666666666,0.7959183673469388,0.7169811320754716,0.7778454047474133,0.891156462585034
554,14,37,15,7,0.6986301369863014,0.6891025641025641,0.7115384615384616,0.6666666666666666,0.7708333333333334,0.6666666666666666,0.7115384615384616,0.56,0.6654166666666668,0.7893772893772895
555,15,39,12,7,0.7397260273972602,0.7232620320855614,0.7647058823529411,0.6818181818181818,0.8041237113402062,0.6818181818181818,0.7647058823529411,0.6122448979591837,0.708184304649695,0.8110516934046346
556,25,31,10,7,0.7671232876712328,0.7686737804878049,0.7560975609756098,0.78125,0.7848101265822784,0.78125,0.7560975609756098,0.746268656716418,0.7655393916493483,0.8605182926829268
557,16,41,10,6,0.7808219178082192,0.7655971479500892,0.803921568627451,0.7272727272727273,0.8367346938775511,0.7272727272727273,0.803921568627451,0.6666666666666666,0.7517006802721089,0.840017825311943
558,23,30,13,7,0.726027397260274,0.732170542635659,0.6976744186046512,0.7666666666666667,0.75,0.7666666666666667,0.6976744186046512,0.696969696969697,0.7234848484848485,0.7976744186046512
559,14,36,15,8,0.684931506849315,0.6711229946524064,0.7058823529411765,0.6363636363636364,0.7578947368421053,0.6363636363636364,0.7058823529411765,0.5490196078431373,0.6534571723426212,0.7593582887700535
560,20,33,13,7,0.726027397260274,0.7290660225442833,0.717391304347826,0.7407407407407407,0.7674418604651163,0.7407407407407407,0.717391304347826,0.6666666666666666,0.7170542635658914,0.8341384863123993
561,21,32,8,12,0.726027397260274,0.7181818181818183,0.8,0.6363636363636364,0.7619047619047619,0.6363636363636364,0.8,0.6774193548387096,0.7196620583717357,0.7871212121212121
562,14,35,21,3,0.6712328767123288,0.7242647058823529,0.625,0.8235294117647058,0.7446808510638298,0.8235294117647058,0.625,0.5384615384615384,0.6415711947626841,0.8413865546218489
563,21,39,9,4,0.821917808219178,0.8262499999999999,0.8125,0.84,0.8571428571428571,0.84,0.8125,0.7636363636363637,0.8103896103896104,0.9216666666666667
564,14,38,11,10,0.7123287671232876,0.679421768707483,0.7755102040816326,0.5833333333333334,0.7835051546391752,0.5833333333333334,0.7755102040816326,0.5714285714285714,0.6774668630338734,0.8282312925170067
565,12,37,11,13,0.6712328767123288,0.6254166666666667,0.7708333333333334,0.48,0.7551020408163265,0.48,0.7708333333333334,0.5,0.6275510204081632,0.7758333333333334
566,24,31,10,8,0.7534246575342466,0.7530487804878049,0.7560975609756098,0.75,0.775,0.75,0.7560975609756098,0.7272727272727273,0.7511363636363637,0.8098323170731707
567,17,37,11,8,0.7397260273972602,0.7254166666666667,0.7708333333333334,0.68,0.7956989247311828,0.68,0.7708333333333334,0.6415094339622641,0.7186041793467235,0.8195833333333332
568,17,38,14,4,0.7534246575342466,0.7701465201465201,0.7307692307692307,0.8095238095238095,0.8085106382978723,0.8095238095238095,0.7307692307692307,0.6538461538461539,0.7311783960720131,0.8612637362637362
569,22,31,11,9,0.726027397260274,0.7238863287250384,0.7380952380952381,0.7096774193548387,0.7560975609756098,0.7096774193548387,0.7380952380952381,0.6875,0.7217987804878049,0.8218125960061443
570,18,36,13,6,0.7397260273972602,0.7423469387755102,0.7346938775510204,0.75,0.7912087912087912,0.75,0.7346938775510204,0.6545454545454545,0.7228771228771229,0.8295068027210885
571,21,31,12,9,0.7123287671232876,0.7104651162790697,0.7209302325581395,0.7,0.7469879518072289,0.7,0.7209302325581395,0.6666666666666666,0.7068273092369477,0.810077519379845
572,20,29,10,14,0.6712328767123288,0.6659125188536954,0.7435897435897436,0.5882352941176471,0.7073170731707317,0.5882352941176471,0.7435897435897436,0.625,0.6661585365853658,0.7107843137254901
573,17,34,9,13,0.6986301369863014,0.6786821705426356,0.7906976744186046,0.5666666666666667,0.7555555555555555,0.5666666666666667,0.7906976744186046,0.6071428571428571,0.6813492063492064,0.8065891472868219
574,18,35,13,7,0.726027397260274,0.7245833333333334,0.7291666666666666,0.72,0.7777777777777778,0.72,0.7291666666666666,0.6428571428571429,0.7103174603174603,0.8129166666666667
575,19,35,12,7,0.7397260273972602,0.7377250409165302,0.7446808510638298,0.7307692307692307,0.7865168539325843,0.7307692307692307,0.7446808510638298,0.6666666666666666,0.7265917602996255,0.8150572831423896
576,17,39,5,12,0.7671232876712328,0.7362852664576802,0.8863636363636364,0.5862068965517241,0.8210526315789474,0.5862068965517241,0.8863636363636364,0.6666666666666666,0.743859649122807,0.7927115987460815
577,19,38,10,6,0.7808219178082192,0.7758333333333334,0.7916666666666666,0.76,0.8260869565217391,0.76,0.7916666666666666,0.7037037037037037,0.7648953301127215,0.8791666666666667
578,23,35,8,7,0.7945205479452054,0.7903100775193799,0.813953488372093,0.7666666666666667,0.8235294117647058,0.7666666666666667,0.813953488372093,0.7540983606557377,0.7888138862102217,0.8612403100775194
579,19,36,11,7,0.7534246575342466,0.7483633387888706,0.7659574468085106,0.7307692307692307,0.8,0.7307692307692307,0.7659574468085106,0.6785714285714286,0.7392857142857143,0.8101472995090016
580,20,39,10,4,0.8082191780821918,0.814625850340136,0.7959183673469388,0.8333333333333334,0.8478260869565217,0.8333333333333334,0.7959183673469388,0.7407407407407407,0.7942834138486312,0.8877551020408164
581,24,32,11,6,0.7671232876712328,0.772093023255814,0.7441860465116279,0.8,0.7901234567901234,0.8,0.7441860465116279,0.7384615384615385,0.764292497625831,0.8651162790697675
582,15,41,11,6,0.7671232876712328,0.7513736263736264,0.7884615384615384,0.7142857142857143,0.8282828282828283,0.7142857142857143,0.7884615384615384,0.6382978723404256,0.7332903503116269,0.8498168498168498
583,18,35,11,9,0.726027397260274,0.713768115942029,0.7608695652173914,0.6666666666666666,0.7777777777777778,0.6666666666666666,0.7608695652173914,0.6428571428571429,0.7103174603174603,0.8039452495974234
584,15,33,15,10,0.6575342465753424,0.64375,0.6875,0.6,0.7252747252747253,0.6,0.6875,0.5454545454545454,0.6353646353646354,0.7583333333333333
585,22,34,12,5,0.7671232876712328,0.7769726247987117,0.7391304347826086,0.8148148148148148,0.8,0.8148148148148148,0.7391304347826086,0.7213114754098361,0.7606557377049181,0.9017713365539453
586,22,40,7,4,0.8493150684931506,0.8486088379705401,0.851063829787234,0.8461538461538461,0.8791208791208791,0.8461538461538461,0.851063829787234,0.8,0.8395604395604396,0.9312602291325696
587,21,35,12,5,0.7671232876712328,0.7761865793780687,0.7446808510638298,0.8076923076923077,0.8045977011494253,0.8076923076923077,0.7446808510638298,0.711864406779661,0.7582310539645432,0.8657937806873978
588,12,37,12,12,0.6712328767123288,0.6275510204081632,0.7551020408163265,0.5,0.7551020408163265,0.5,0.7551020408163265,0.5,0.6275510204081632,0.7784863945578231
589,21,36,13,3,0.7808219178082192,0.8048469387755102,0.7346938775510204,0.875,0.8181818181818182,0.875,0.7346938775510204,0.7241379310344828,0.7711598746081505,0.8937074829931974
590,16,32,16,9,0.6575342465753424,0.6533333333333333,0.6666666666666666,0.64,0.7191011235955056,0.64,0.6666666666666666,0.5614035087719298,0.6402523161837177,0.7733333333333334
591,14,46,9,4,0.821917808219178,0.807070707070707,0.8363636363636363,0.7777777777777778,0.8761904761904762,0.7777777777777778,0.8363636363636363,0.6829268292682927,0.7795586527293845,0.9025252525252525
592,19,35,8,11,0.7397260273972602,0.7236434108527132,0.813953488372093,0.6333333333333333,0.7865168539325843,0.6333333333333333,0.813953488372093,0.6666666666666666,0.7265917602996255,0.8593023255813953
593,11,42,11,9,0.726027397260274,0.6712264150943397,0.7924528301886793,0.55,0.8076923076923077,0.55,0.7924528301886793,0.5238095238095238,0.6657509157509158,0.7509433962264151
594,23,36,10,4,0.8082191780821918,0.817230273752013,0.782608695652174,0.8518518518518519,0.8372093023255814,0.8518518518518519,0.782608695652174,0.7666666666666667,0.8019379844961241,0.9001610305958132
595,22,34,15,2,0.7671232876712328,0.8052721088435374,0.6938775510204082,0.9166666666666666,0.8,0.9166666666666666,0.6938775510204082,0.7213114754098361,0.7606557377049181,0.9145408163265306
596,17,37,13,6,0.7397260273972602,0.7395652173913043,0.74,0.7391304347826086,0.7956989247311828,0.7391304347826086,0.74,0.6415094339622641,0.7186041793467235,0.8465217391304347
597,18,27,18,10,0.6164383561643836,0.6214285714285714,0.6,0.6428571428571429,0.6585365853658537,0.6428571428571429,0.6,0.5625,0.6105182926829269,0.678968253968254
598,20,34,12,7,0.7397260273972602,0.7399355877616747,0.7391304347826086,0.7407407407407407,0.7816091954022989,0.7407407407407407,0.7391304347826086,0.6779661016949152,0.729787648548607,0.8115942028985507
599,15,41,13,4,0.7671232876712328,0.7743664717348928,0.7592592592592593,0.7894736842105263,0.8282828282828283,0.7894736842105263,0.7592592592592593,0.6382978723404256,0.7332903503116269,0.8937621832358674
600,15,35,15,8,0.684931506849315,0.6760869565217391,0.7,0.6521739130434783,0.7526881720430108,0.6521739130434783,0.7,0.5660377358490566,0.6593629539460337,0.7808695652173914
601,22,36,11,4,0.7945205479452054,0.8060556464811783,0.7659574468085106,0.8461538461538461,0.8275862068965517,0.8461538461538461,0.7659574468085106,0.7457627118644068,0.7866744593804793,0.8977086743044189
602,16,39,17,1,0.7534246575342466,0.8188025210084033,0.6964285714285714,0.9411764705882353,0.8125,0.9411764705882353,0.6964285714285714,0.64,0.7262500000000001,0.9222689075630253
603,19,38,11,5,0.7808219178082192,0.7835884353741496,0.7755102040816326,0.7916666666666666,0.8260869565217391,0.7916666666666666,0.7755102040816326,0.7037037037037037,0.7648953301127215,0.8231292517006802
604,21,36,9,7,0.7808219178082192,0.775,0.8,0.75,0.8181818181818182,0.75,0.8,0.7241379310344828,0.7711598746081505,0.8841269841269841
605,21,37,10,5,0.7945205479452054,0.7974631751227497,0.7872340425531915,0.8076923076923077,0.8314606741573034,0.8076923076923077,0.7872340425531915,0.7368421052631579,0.7841513897102306,0.8997545008183305
606,22,30,8,13,0.7123287671232876,0.7090225563909774,0.7894736842105263,0.6285714285714286,0.7407407407407407,0.6285714285714286,0.7894736842105263,0.676923076923077,0.7088319088319088,0.7857142857142858
607,23,34,14,2,0.7808219178082192,0.8141666666666667,0.7083333333333334,0.92,0.8095238095238095,0.92,0.7083333333333334,0.7419354838709677,0.7757296466973886,0.8983333333333333
608,21,34,12,6,0.7534246575342466,0.7584541062801933,0.7391304347826086,0.7777777777777778,0.7906976744186046,0.7777777777777778,0.7391304347826086,0.7,0.7453488372093022,0.858695652173913
609,19,41,8,5,0.821917808219178,0.8142006802721089,0.8367346938775511,0.7916666666666666,0.8631578947368421,0.7916666666666666,0.8367346938775511,0.7450980392156863,0.8041279669762642,0.8924319727891157
610,10,43,10,10,0.726027397260274,0.6556603773584906,0.8113207547169812,0.5,0.8113207547169812,0.5,0.8113207547169812,0.5,0.6556603773584906,0.730188679245283
611,15,35,14,9,0.684931506849315,0.6696428571428572,0.7142857142857143,0.625,0.7526881720430108,0.625,0.7142857142857143,0.5660377358490566,0.6593629539460337,0.6943027210884354
612,20,37,13,3,0.7808219178082192,0.8047826086956522,0.74,0.8695652173913043,0.8222222222222222,0.8695652173913043,0.74,0.7142857142857143,0.7682539682539682,0.8991304347826088
613,16,30,22,5,0.6301369863013698,0.6694139194139194,0.5769230769230769,0.7619047619047619,0.6896551724137931,0.7619047619047619,0.5769230769230769,0.5423728813559322,0.6160140268848626,0.7999084249084248
614,13,40,14,6,0.726027397260274,0.7124756335282652,0.7407407407407407,0.6842105263157895,0.8,0.6842105263157895,0.7407407407407407,0.5652173913043478,0.682608695652174,0.7865497076023392
615,21,31,15,6,0.7123287671232876,0.7258454106280193,0.6739130434782609,0.7777777777777778,0.7469879518072289,0.7777777777777778,0.6739130434782609,0.6666666666666666,0.7068273092369477,0.8083735909822867
616,18,36,11,8,0.7397260273972602,0.7291325695581015,0.7659574468085106,0.6923076923076923,0.7912087912087912,0.6923076923076923,0.7659574468085106,0.6545454545454545,0.7228771228771229,0.7810965630114566
617,16,39,7,11,0.7534246575342466,0.7202093397745571,0.8478260869565217,0.5925925925925926,0.8125,0.5925925925925926,0.8478260869565217,0.64,0.7262500000000001,0.8301127214170693
618,19,39,13,2,0.7945205479452054,0.8273809523809523,0.75,0.9047619047619048,0.8387096774193549,0.9047619047619048,0.75,0.7169811320754716,0.7778454047474133,0.9276556776556777
619,16,36,12,9,0.7123287671232876,0.6950000000000001,0.75,0.64,0.7741935483870968,0.64,0.75,0.6037735849056604,0.6889835666463786,0.8041666666666667
620,19,35,14,5,0.7397260273972602,0.7529761904761905,0.7142857142857143,0.7916666666666666,0.7865168539325843,0.7916666666666666,0.7142857142857143,0.6666666666666666,0.7265917602996255,0.8367346938775511
621,15,42,8,8,0.7808219178082192,0.7460869565217392,0.84,0.6521739130434783,0.84,0.6521739130434783,0.84,0.6521739130434783,0.7460869565217392,0.831304347826087
622,21,32,12,8,0.726027397260274,0.7257053291536051,0.7272727272727273,0.7241379310344828,0.7619047619047619,0.7241379310344828,0.7272727272727273,0.6774193548387096,0.7196620583717357,0.8240595611285266
623,21,27,10,15,0.6575342465753424,0.6565315315315315,0.7297297297297297,0.5833333333333334,0.6835443037974683,0.5833333333333334,0.7297297297297297,0.6268656716417911,0.6552049877196298,0.8385885885885885
624,20,38,10,5,0.7945205479452054,0.7958333333333334,0.7916666666666666,0.8,0.8351648351648352,0.8,0.7916666666666666,0.7272727272727273,0.7812187812187812,0.8625
625,19,43,6,5,0.8493150684931506,0.8346088435374149,0.8775510204081632,0.7916666666666666,0.8865979381443299,0.7916666666666666,0.8775510204081632,0.7755102040816326,0.8310540711129812,0.8941326530612245
626,14,42,11,6,0.7671232876712328,0.7462264150943396,0.7924528301886793,0.7,0.8316831683168316,0.7,0.7924528301886793,0.6222222222222222,0.7269526952695269,0.8094339622641509
627,23,32,11,7,0.7534246575342466,0.7554263565891473,0.7441860465116279,0.7666666666666667,0.7804878048780488,0.7666666666666667,0.7441860465116279,0.71875,0.7496189024390244,0.8651162790697676
628,10,38,14,11,0.6575342465753424,0.6034798534798534,0.7307692307692307,0.47619047619047616,0.7524752475247525,0.47619047619047616,0.7307692307692307,0.4444444444444444,0.5984598459845984,0.7193223443223443
629,20,31,15,7,0.6986301369863014,0.7073268921095008,0.6739130434782609,0.7407407407407407,0.7380952380952381,0.7407407407407407,0.6739130434782609,0.6451612903225806,0.6916282642089093,0.8160225442834138
630,23,31,9,10,0.7397260273972602,0.7359848484848486,0.775,0.696969696969697,0.7654320987654321,0.696969696969697,0.775,0.7076923076923077,0.7365622032288699,0.8507575757575757
631,27,33,8,5,0.821917808219178,0.8243140243902439,0.8048780487804879,0.84375,0.8354430379746836,0.84375,0.8048780487804879,0.8059701492537313,0.8207065936142075,0.8734756097560975
632,19,33,20,1,0.7123287671232876,0.786320754716981,0.6226415094339622,0.95,0.7586206896551724,0.95,0.6226415094339622,0.6440677966101694,0.7013442431326709,0.860377358490566
633,22,27,11,13,0.6712328767123288,0.6695488721804511,0.7105263157894737,0.6285714285714286,0.6923076923076923,0.6285714285714286,0.7105263157894737,0.6470588235294118,0.6696832579185521,0.7691729323308271
634,17,32,18,6,0.6712328767123288,0.6895652173913043,0.64,0.7391304347826086,0.7272727272727273,0.7391304347826086,0.64,0.5862068965517241,0.6567398119122256,0.7669565217391304
635,17,45,6,5,0.8493150684931506,0.8275401069518716,0.8823529411764706,0.7727272727272727,0.8910891089108911,0.7727272727272727,0.8823529411764706,0.7555555555555555,0.8233223322332233,0.8983957219251336
636,12,44,13,4,0.7671232876712328,0.7609649122807017,0.7719298245614035,0.75,0.8380952380952381,0.75,0.7719298245614035,0.5853658536585366,0.7117305458768873,0.8558114035087719
637,18,38,11,6,0.7671232876712328,0.7627551020408163,0.7755102040816326,0.75,0.8172043010752689,0.75,0.7755102040816326,0.6792452830188679,0.7482247920470684,0.8639455782312925
638,17,33,10,13,0.684931506849315,0.6670542635658915,0.7674418604651163,0.5666666666666667,0.7415730337078652,0.5666666666666667,0.7674418604651163,0.5964912280701754,0.6690321308890204,0.7403100775193798
639,17,36,11,9,0.726027397260274,0.7099018003273323,0.7659574468085106,0.6538461538461539,0.782608695652174,0.6538461538461539,0.7659574468085106,0.6296296296296297,0.7061191626409018,0.8318330605564648
640,18,35,9,11,0.726027397260274,0.7080721003134796,0.7954545454545454,0.6206896551724138,0.7777777777777778,0.6206896551724138,0.7954545454545454,0.6428571428571429,0.7103174603174603,0.7750783699059561
641,19,37,9,8,0.7671232876712328,0.7540257648953301,0.8043478260869565,0.7037037037037037,0.8131868131868132,0.7037037037037037,0.8043478260869565,0.6909090909090909,0.752047952047952,0.8510466988727858
642,15,39,12,7,0.7397260273972602,0.7232620320855614,0.7647058823529411,0.6818181818181818,0.8041237113402062,0.6818181818181818,0.7647058823529411,0.6122448979591837,0.708184304649695,0.7923351158645275
643,22,31,14,6,0.726027397260274,0.7373015873015873,0.6888888888888889,0.7857142857142857,0.7560975609756098,0.7857142857142857,0.6888888888888889,0.6875,0.7217987804878049,0.8468253968253969
644,27,29,12,5,0.7671232876712328,0.7755335365853658,0.7073170731707317,0.84375,0.7733333333333333,0.84375,0.7073170731707317,0.7605633802816901,0.7669483568075117,0.8502286585365854
645,14,39,12,8,0.726027397260274,0.7005347593582887,0.7647058823529411,0.6363636363636364,0.7959183673469388,0.6363636363636364,0.7647058823529411,0.5833333333333334,0.689625850340136,0.7878787878787878
646,23,37,4,9,0.821917808219178,0.8105945121951219,0.9024390243902439,0.71875,0.8505747126436781,0.71875,0.9024390243902439,0.7796610169491526,0.8151178647964153,0.8433689024390244
647,19,32,9,13,0.6986301369863014,0.6871189024390244,0.7804878048780488,0.59375,0.7441860465116279,0.59375,0.7804878048780488,0.6333333333333333,0.6887596899224806,0.7766768292682927
648,18,36,13,6,0.7397260273972602,0.7423469387755102,0.7346938775510204,0.75,0.7912087912087912,0.75,0.7346938775510204,0.6545454545454545,0.7228771228771229,0.8090986394557824
649,22,34,9,8,0.7671232876712328,0.762015503875969,0.7906976744186046,0.7333333333333333,0.8,0.7333333333333333,0.7906976744186046,0.7213114754098361,0.7606557377049181,0.8538759689922482
650,22,32,10,9,0.7397260273972602,0.7357910906298003,0.7619047619047619,0.7096774193548387,0.7710843373493976,0.7096774193548387,0.7619047619047619,0.6984126984126984,0.734748517881048,0.825652841781874
651,12,35,12,14,0.6438356164383562,0.6031096563011457,0.7446808510638298,0.46153846153846156,0.7291666666666666,0.46153846153846156,0.7446808510638298,0.48,0.6045833333333333,0.6804418985270049
652,21,33,13,6,0.7397260273972602,0.7475845410628019,0.717391304347826,0.7777777777777778,0.7764705882352941,0.7777777777777778,0.717391304347826,0.6885245901639344,0.7324975891996143,0.894122383252818
653,15,43,7,8,0.7945205479452054,0.7560869565217392,0.86,0.6521739130434783,0.8514851485148515,0.6521739130434783,0.86,0.6666666666666666,0.759075907590759,0.8026086956521739
654,11,39,14,9,0.684931506849315,0.6429245283018867,0.7358490566037735,0.55,0.7722772277227723,0.55,0.7358490566037735,0.4888888888888889,0.6305830583058306,0.7669811320754717
655,14,45,11,3,0.8082191780821918,0.8135504201680672,0.8035714285714286,0.8235294117647058,0.8653846153846154,0.8235294117647058,0.8035714285714286,0.6666666666666666,0.766025641025641,0.9191176470588235
656,18,35,5,15,0.726027397260274,0.7102272727272727,0.875,0.5454545454545454,0.7777777777777778,0.5454545454545454,0.875,0.6428571428571429,0.7103174603174603,0.8560606060606061
657,14,44,12,3,0.7945205479452054,0.8046218487394958,0.7857142857142857,0.8235294117647058,0.8543689320388349,0.8235294117647058,0.7857142857142857,0.6511627906976745,0.7527658613682546,0.8954831932773109
658,22,35,9,7,0.7808219178082192,0.7770376175548589,0.7954545454545454,0.7586206896551724,0.813953488372093,0.7586206896551724,0.7954545454545454,0.7333333333333333,0.7736434108527132,0.8644200626959248
659,21,36,10,6,0.7808219178082192,0.7801932367149759,0.782608695652174,0.7777777777777778,0.8181818181818182,0.7777777777777778,0.782608695652174,0.7241379310344828,0.7711598746081505,0.8357487922705313
660,20,34,11,8,0.7397260273972602,0.734920634920635,0.7555555555555555,0.7142857142857143,0.7816091954022989,0.7142857142857143,0.7555555555555555,0.6779661016949152,0.729787648548607,0.8099206349206349
661,16,33,19,5,0.6712328767123288,0.6982600732600732,0.6346153846153846,0.7619047619047619,0.7333333333333333,0.7619047619047619,0.6346153846153846,0.5714285714285714,0.6523809523809523,0.793040293040293
662,17,39,7,10,0.7671232876712328,0.7387278582930756,0.8478260869565217,0.6296296296296297,0.8210526315789474,0.6296296296296297,0.8478260869565217,0.6666666666666666,0.743859649122807,0.8466183574879227
663,15,46,7,5,0.8356164383561644,0.8089622641509434,0.8679245283018868,0.75,0.8846153846153846,0.75,0.8679245283018868,0.7142857142857143,0.7994505494505495,0.8726415094339622
664,18,34,13,8,0.7123287671232876,0.7078559738134207,0.723404255319149,0.6923076923076923,0.7640449438202247,0.6923076923076923,0.723404255319149,0.631578947368421,0.6978119455943228,0.8363338788870703
665,13,40,13,7,0.726027397260274,0.7023584905660378,0.7547169811320755,0.65,0.8,0.65,0.7547169811320755,0.5652173913043478,0.682608695652174,0.7877358490566038
666,18,30,16,9,0.6575342465753424,0.6594202898550725,0.6521739130434783,0.6666666666666666,0.7058823529411765,0.6666666666666666,0.6521739130434783,0.5901639344262295,0.648023143683703,0.7359098228663445
667,17,36,12,8,0.726027397260274,0.7150000000000001,0.75,0.68,0.782608695652174,0.68,0.75,0.6296296296296297,0.7061191626409018,0.81875
668,14,38,12,9,0.7123287671232876,0.6843478260869565,0.76,0.6086956521739131,0.7835051546391752,0.6086956521739131,0.76,0.5714285714285714,0.6774668630338734,0.7817391304347826
669,16,37,13,7,0.726027397260274,0.7178260869565217,0.74,0.6956521739130435,0.7872340425531915,0.6956521739130435,0.74,0.6153846153846154,0.7013093289689034,0.8043478260869565
670,17,36,11,9,0.726027397260274,0.7099018003273323,0.7659574468085106,0.6538461538461539,0.782608695652174,0.6538461538461539,0.7659574468085106,0.6296296296296297,0.7061191626409018,0.8023731587561375
671,18,41,6,8,0.8082191780821918,0.7823240589198036,0.8723404255319149,0.6923076923076923,0.8541666666666666,0.6923076923076923,0.8723404255319149,0.72,0.7870833333333334,0.8391980360065466
672,18,35,9,11,0.726027397260274,0.7080721003134796,0.7954545454545454,0.6206896551724138,0.7777777777777778,0.6206896551724138,0.7954545454545454,0.6428571428571429,0.7103174603174603,0.7836990595611285
673,17,34,13,9,0.6986301369863014,0.6886252045826514,0.723404255319149,0.6538461538461539,0.7555555555555555,0.6538461538461539,0.723404255319149,0.6071428571428571,0.6813492063492064,0.7876432078559737
674,17,36,13,7,0.726027397260274,0.7215136054421769,0.7346938775510204,0.7083333333333334,0.782608695652174,0.7083333333333334,0.7346938775510204,0.6296296296296297,0.7061191626409018,0.8061224489795918
675,21,31,13,8,0.7123287671232876,0.7143416927899686,0.7045454545454546,0.7241379310344828,0.7469879518072289,0.7241379310344828,0.7045454545454546,0.6666666666666666,0.7068273092369477,0.7484326018808778
676,22,33,12,6,0.7534246575342466,0.7595238095238095,0.7333333333333333,0.7857142857142857,0.7857142857142857,0.7857142857142857,0.7333333333333333,0.7096774193548387,0.7476958525345623,0.8206349206349206
677,17,37,11,8,0.7397260273972602,0.7254166666666667,0.7708333333333334,0.68,0.7956989247311828,0.68,0.7708333333333334,0.6415094339622641,0.7186041793467235,0.82375
678,10,35,16,12,0.6164383561643836,0.5704099821746881,0.6862745098039216,0.45454545454545453,0.7142857142857143,0.45454545454545453,0.6862745098039216,0.4166666666666667,0.5654761904761905,0.7241532976827095
679,22,30,11,10,0.7123287671232876,0.7096036585365854,0.7317073170731707,0.6875,0.7407407407407407,0.6875,0.7317073170731707,0.676923076923077,0.7088319088319088,0.8025914634146342
680,22,32,15,4,0.7397260273972602,0.7635024549918167,0.6808510638297872,0.8461538461538461,0.7710843373493976,0.8461538461538461,0.6808510638297872,0.6984126984126984,0.734748517881048,0.838379705400982
681,24,31,11,7,0.7534246575342466,0.7561443932411674,0.7380952380952381,0.7741935483870968,0.775,0.7741935483870968,0.7380952380952381,0.7272727272727273,0.7511363636363637,0.8429339477726575
682,17,43,8,5,0.821917808219178,0.8079322638146167,0.8431372549019608,0.7727272727272727,0.8686868686868687,0.7727272727272727,0.8431372549019608,0.723404255319149,0.7960455620030089,0.8966131907308378
683,16,37,12,8,0.726027397260274,0.7108843537414966,0.7551020408163265,0.6666666666666666,0.7872340425531915,0.6666666666666666,0.7551020408163265,0.6153846153846154,0.7013093289689034,0.8010204081632653
684,23,32,7,11,0.7534246575342466,0.7484917043740573,0.8205128205128205,0.6764705882352942,0.7804878048780488,0.6764705882352942,0.8205128205128205,0.71875,0.7496189024390244,0.8303167420814479
685,15,40,11,7,0.7534246575342466,0.7330659536541889,0.7843137254901961,0.6818181818181818,0.8163265306122449,0.6818181818181818,0.7843137254901961,0.625,0.7206632653061225,0.8199643493761142
686,16,38,14,5,0.7397260273972602,0.7463369963369964,0.7307692307692307,0.7619047619047619,0.8,0.7619047619047619,0.7307692307692307,0.6274509803921569,0.7137254901960784,0.8374542124542125
687,17,38,9,9,0.7534246575342466,0.7311783960720131,0.8085106382978723,0.6538461538461539,0.8085106382978723,0.6538461538461539,0.8085106382978723,0.6538461538461539,0.7311783960720131,0.809328968903437
688,22,27,13,11,0.6712328767123288,0.6708333333333334,0.675,0.6666666666666666,0.6923076923076923,0.6666666666666666,0.675,0.6470588235294118,0.6696832579185521,0.7803030303030303
689,25,30,9,9,0.7534246575342466,0.752262443438914,0.7692307692307693,0.7352941176470589,0.7692307692307693,0.7352941176470589,0.7692307692307693,0.7352941176470589,0.752262443438914,0.8295625942684767
690,16,43,7,7,0.8082191780821918,0.7778260869565217,0.86,0.6956521739130435,0.86,0.6956521739130435,0.86,0.6956521739130435,0.7778260869565217,0.8721739130434782
691,18,38,11,6,0.7671232876712328,0.7627551020408163,0.7755102040816326,0.75,0.8172043010752689,0.75,0.7755102040816326,0.6792452830188679,0.7482247920470684,0.8460884353741497
692,19,30,18,6,0.6712328767123288,0.6925,0.625,0.76,0.7142857142857143,0.76,0.625,0.6129032258064516,0.663594470046083,0.8200000000000001
693,20,38,9,6,0.7945205479452054,0.7888707037643208,0.8085106382978723,0.7692307692307693,0.8351648351648352,0.7692307692307693,0.8085106382978723,0.7272727272727273,0.7812187812187812,0.8391980360065466
694,18,32,9,14,0.684931506849315,0.6714939024390244,0.7804878048780488,0.5625,0.735632183908046,0.5625,0.7804878048780488,0.6101694915254238,0.6729008377167349,0.7389481707317074
695,18,37,7,11,0.7534246575342466,0.7307993730407524,0.8409090909090909,0.6206896551724138,0.8043478260869565,0.6206896551724138,0.8409090909090909,0.6666666666666666,0.7355072463768115,0.7962382445141065
696,15,31,16,11,0.6301369863013698,0.6182487725040916,0.6595744680851063,0.5769230769230769,0.6966292134831461,0.5769230769230769,0.6595744680851063,0.5263157894736842,0.6114725014784151,0.6808510638297872
697,17,35,14,7,0.7123287671232876,0.7113095238095238,0.7142857142857143,0.7083333333333334,0.7692307692307693,0.7083333333333334,0.7142857142857143,0.6181818181818182,0.6937062937062937,0.75
698,22,36,7,8,0.7945205479452054,0.7852713178294574,0.8372093023255814,0.7333333333333333,0.8275862068965517,0.7333333333333333,0.8372093023255814,0.7457627118644068,0.7866744593804793,0.8670542635658914
699,14,40,10,9,0.7397260273972602,0.7043478260869566,0.8,0.6086956521739131,0.8080808080808081,0.6086956521739131,0.8,0.5957446808510638,0.7019127444659359,0.8178260869565217
700,14,42,9,8,0.7671232876712328,0.7299465240641712,0.8235294117647058,0.6363636363636364,0.8316831683168316,0.6363636363636364,0.8235294117647058,0.6222222222222222,0.7269526952695269,0.8426916221033868
701,18,30,15,10,0.6575342465753424,0.6547619047619048,0.6666666666666666,0.6428571428571429,0.7058823529411765,0.6428571428571429,0.6666666666666666,0.5901639344262295,0.648023143683703,0.7305555555555556
702,21,36,14,2,0.7808219178082192,0.8165217391304347,0.72,0.9130434782608695,0.8181818181818182,0.9130434782608695,0.72,0.7241379310344828,0.7711598746081505,0.9065217391304348
703,19,37,11,6,0.7671232876712328,0.7654166666666666,0.7708333333333334,0.76,0.8131868131868132,0.76,0.7708333333333334,0.6909090909090909,0.752047952047952,0.8691666666666666
704,18,34,12,9,0.7123287671232876,0.7028985507246377,0.7391304347826086,0.6666666666666666,0.7640449438202247,0.6666666666666666,0.7391304347826086,0.631578947368421,0.6978119455943228,0.8067632850241546
705,15,39,12,7,0.7397260273972602,0.7232620320855614,0.7647058823529411,0.6818181818181818,0.8041237113402062,0.6818181818181818,0.7647058823529411,0.6122448979591837,0.708184304649695,0.82174688057041
706,16,33,12,12,0.6712328767123288,0.6523809523809523,0.7333333333333333,0.5714285714285714,0.7333333333333333,0.5714285714285714,0.7333333333333333,0.5714285714285714,0.6523809523809523,0.7472222222222222
707,21,31,17,4,0.7123287671232876,0.7429166666666667,0.6458333333333334,0.84,0.7469879518072289,0.84,0.6458333333333334,0.6666666666666666,0.7068273092369477,0.8408333333333334
708,16,34,12,11,0.684931506849315,0.6658615136876006,0.7391304347826086,0.5925925925925926,0.7472527472527473,0.5925925925925926,0.7391304347826086,0.5818181818181818,0.6645354645354645,0.7375201288244767
709,21,32,15,5,0.726027397260274,0.7442716857610474,0.6808510638297872,0.8076923076923077,0.7619047619047619,0.8076923076923077,0.6808510638297872,0.6774193548387096,0.7196620583717357,0.8310147299509001
710,15,36,10,12,0.6986301369863014,0.6690821256038648,0.782608695652174,0.5555555555555556,0.7659574468085106,0.5555555555555556,0.782608695652174,0.5769230769230769,0.6714402618657938,0.7608695652173914
711,20,32,11,10,0.7123287671232876,0.7054263565891472,0.7441860465116279,0.6666666666666666,0.7529411764705882,0.6666666666666666,0.7441860465116279,0.6557377049180327,0.7043394406943104,0.8062015503875969
712,17,29,17,10,0.6301369863013698,0.6300322061191627,0.6304347826086957,0.6296296296296297,0.6823529411764706,0.6296296296296297,0.6304347826086957,0.5573770491803278,0.6198649951783992,0.785024154589372
713,17,31,14,11,0.6575342465753424,0.6480158730158729,0.6888888888888889,0.6071428571428571,0.7126436781609196,0.6071428571428571,0.6888888888888889,0.576271186440678,0.6444574323007988,0.7198412698412698
714,13,39,12,9,0.7123287671232876,0.677807486631016,0.7647058823529411,0.5909090909090909,0.7878787878787878,0.5909090909090909,0.7647058823529411,0.5531914893617021,0.6705351386202449,0.7932263814616757
715,22,40,9,2,0.8493150684931506,0.8664965986394557,0.8163265306122449,0.9166666666666666,0.8791208791208791,0.9166666666666666,0.8163265306122449,0.8,0.8395604395604396,0.9043367346938775
716,18,36,9,10,0.7397260273972602,0.7214285714285715,0.8,0.6428571428571429,0.7912087912087912,0.6428571428571429,0.8,0.6545454545454545,0.7228771228771229,0.7797619047619049
717,22,36,8,7,0.7945205479452054,0.7884012539184952,0.8181818181818182,0.7586206896551724,0.8275862068965517,0.7586206896551724,0.8181818181818182,0.7457627118644068,0.7866744593804793,0.8667711598746081
718,15,38,14,6,0.726027397260274,0.7225274725274725,0.7307692307692307,0.7142857142857143,0.7916666666666666,0.7142857142857143,0.7307692307692307,0.6,0.6958333333333333,0.7793040293040292
719,15,32,16,10,0.6438356164383562,0.6333333333333333,0.6666666666666666,0.6,0.7111111111111111,0.6,0.6666666666666666,0.5357142857142857,0.6234126984126984,0.725
720,11,39,15,8,0.684931506849315,0.6505847953216375,0.7222222222222222,0.5789473684210527,0.7722772277227723,0.5789473684210527,0.7222222222222222,0.4888888888888889,0.6305830583058306,0.706140350877193
721,19,36,11,7,0.7534246575342466,0.7483633387888706,0.7659574468085106,0.7307692307692307,0.8,0.7307692307692307,0.7659574468085106,0.6785714285714286,0.7392857142857143,0.8486088379705401
722,18,46,5,4,0.8767123287671232,0.8600713012477719,0.9019607843137255,0.8181818181818182,0.9108910891089109,0.8181818181818182,0.9019607843137255,0.8,0.8554455445544555,0.9113190730837789
723,14,42,12,5,0.7671232876712328,0.7573099415204678,0.7777777777777778,0.7368421052631579,0.8316831683168316,0.7368421052631579,0.7777777777777778,0.6222222222222222,0.7269526952695269,0.8557504873294347
724,21,32,15,5,0.726027397260274,0.7442716857610474,0.6808510638297872,0.8076923076923077,0.7619047619047619,0.8076923076923077,0.6808510638297872,0.6774193548387096,0.7196620583717357,0.8248772504091653
725,17,37,15,4,0.7397260273972602,0.7605311355311355,0.7115384615384616,0.8095238095238095,0.7956989247311828,0.8095238095238095,0.7115384615384616,0.6415094339622641,0.7186041793467235,0.9038461538461539
726,21,30,16,6,0.6986301369863014,0.7149758454106281,0.6521739130434783,0.7777777777777778,0.7317073170731707,0.7777777777777778,0.6521739130434783,0.65625,0.6939786585365854,0.8357487922705314
727,20,39,10,4,0.8082191780821918,0.814625850340136,0.7959183673469388,0.8333333333333334,0.8478260869565217,0.8333333333333334,0.7959183673469388,0.7407407407407407,0.7942834138486312,0.901360544217687
728,18,41,9,5,0.8082191780821918,0.801304347826087,0.82,0.782608695652174,0.8541666666666666,0.782608695652174,0.82,0.72,0.7870833333333334,0.8660869565217392
729,19,36,7,11,0.7534246575342466,0.7352713178294574,0.8372093023255814,0.6333333333333333,0.8,0.6333333333333333,0.8372093023255814,0.6785714285714286,0.7392857142857143,0.7976744186046513
730,19,35,8,11,0.7397260273972602,0.7236434108527132,0.813953488372093,0.6333333333333333,0.7865168539325843,0.6333333333333333,0.813953488372093,0.6666666666666666,0.7265917602996255,0.8387596899224806
731,18,34,13,8,0.7123287671232876,0.7078559738134207,0.723404255319149,0.6923076923076923,0.7640449438202247,0.6923076923076923,0.723404255319149,0.631578947368421,0.6978119455943228,0.7553191489361701
732,13,33,16,11,0.6301369863013698,0.6075680272108843,0.673469387755102,0.5416666666666666,0.7096774193548387,0.5416666666666666,0.673469387755102,0.49056603773584906,0.600121728545344,0.7517006802721089
733,25,31,10,7,0.7671232876712328,0.7686737804878049,0.7560975609756098,0.78125,0.7848101265822784,0.78125,0.7560975609756098,0.746268656716418,0.7655393916493483,0.8978658536585366
734,17,38,8,10,0.7534246575342466,0.7278582930756844,0.8260869565217391,0.6296296296296297,0.8085106382978723,0.6296296296296297,0.8260869565217391,0.6538461538461539,0.7311783960720131,0.7520128824476651
735,16,36,12,9,0.7123287671232876,0.6950000000000001,0.75,0.64,0.7741935483870968,0.64,0.75,0.6037735849056604,0.6889835666463786,0.8345833333333333
736,12,43,10,8,0.7534246575342466,0.7056603773584906,0.8113207547169812,0.6,0.8269230769230769,0.6,0.8113207547169812,0.5714285714285714,0.6991758241758241,0.786320754716981
737,17,34,15,7,0.6986301369863014,0.7011054421768708,0.6938775510204082,0.7083333333333334,0.7555555555555555,0.7083333333333334,0.6938775510204082,0.6071428571428571,0.6813492063492064,0.7874149659863945
738,19,34,13,7,0.726027397260274,0.7270867430441899,0.723404255319149,0.7307692307692307,0.7727272727272727,0.7307692307692307,0.723404255319149,0.6551724137931034,0.7139498432601881,0.8506546644844517
739,15,38,11,9,0.726027397260274,0.7002551020408163,0.7755102040816326,0.625,0.7916666666666666,0.625,0.7755102040816326,0.6,0.6958333333333333,0.7385204081632654
740,18,34,13,8,0.7123287671232876,0.7078559738134207,0.723404255319149,0.6923076923076923,0.7640449438202247,0.6923076923076923,0.723404255319149,0.631578947368421,0.6978119455943228,0.8036006546644845
741,14,34,16,9,0.6575342465753424,0.6443478260869566,0.68,0.6086956521739131,0.7311827956989247,0.6086956521739131,0.68,0.5283018867924528,0.6297423412456888,0.7626086956521739
742,19,44,6,4,0.863013698630137,0.8530434782608696,0.88,0.8260869565217391,0.8979591836734694,0.8260869565217391,0.88,0.7916666666666666,0.844812925170068,0.8847826086956523
743,17,30,17,9,0.6438356164383562,0.6460720130932898,0.6382978723404256,0.6538461538461539,0.6976744186046512,0.6538461538461539,0.6382978723404256,0.5666666666666667,0.632170542635659,0.8216039279869066
744,14,35,14,10,0.6712328767123288,0.6488095238095238,0.7142857142857143,0.5833333333333334,0.7446808510638298,0.5833333333333334,0.7142857142857143,0.5384615384615384,0.6415711947626841,0.7585034013605443
745,15,30,15,13,0.6164383561643836,0.6011904761904762,0.6666666666666666,0.5357142857142857,0.6818181818181818,0.5357142857142857,0.6666666666666666,0.5172413793103449,0.5995297805642633,0.6944444444444444
746,16,35,12,10,0.6986301369863014,0.6800327332242226,0.7446808510638298,0.6153846153846154,0.7608695652173914,0.6153846153846154,0.7446808510638298,0.5925925925925926,0.676731078904992,0.7896890343698856
747,14,42,12,5,0.7671232876712328,0.7573099415204678,0.7777777777777778,0.7368421052631579,0.8316831683168316,0.7368421052631579,0.7777777777777778,0.6222222222222222,0.7269526952695269,0.8835282651072125
748,14,33,17,9,0.6438356164383562,0.6343478260869566,0.66,0.6086956521739131,0.717391304347826,0.6086956521739131,0.66,0.5185185185185185,0.6179549114331723,0.7643478260869565
749,20,32,10,11,0.7123287671232876,0.7035330261136712,0.7619047619047619,0.6451612903225806,0.7529411764705882,0.6451612903225806,0.7619047619047619,0.6557377049180327,0.7043394406943104,0.7853302611367128
750,12,42,11,8,0.7397260273972602,0.6962264150943396,0.7924528301886793,0.6,0.8155339805825242,0.6,0.7924528301886793,0.5581395348837209,0.6868367577331226,0.8202830188679245
751,19,37,14,3,0.7671232876712328,0.7945632798573975,0.7254901960784313,0.8636363636363636,0.8131868131868132,0.8636363636363636,0.7254901960784313,0.6909090909090909,0.752047952047952,0.8556149732620321
752,11,44,12,6,0.7534246575342466,0.7163865546218487,0.7857142857142857,0.6470588235294118,0.8301886792452831,0.6470588235294118,0.7857142857142857,0.55,0.6900943396226416,0.8686974789915967
753,17,32,14,10,0.6712328767123288,0.6626409017713366,0.6956521739130435,0.6296296296296297,0.7272727272727273,0.6296296296296297,0.6956521739130435,0.5862068965517241,0.6567398119122256,0.7681159420289855
754,22,29,14,8,0.6986301369863014,0.703875968992248,0.6744186046511628,0.7333333333333333,0.725,0.7333333333333333,0.6744186046511628,0.6666666666666666,0.6958333333333333,0.8465116279069768
755,17,41,9,6,0.7945205479452054,0.7795652173913044,0.82,0.7391304347826086,0.845360824742268,0.7391304347826086,0.82,0.6938775510204082,0.7696191878813381,0.8713043478260869
756,21,32,13,7,0.726027397260274,0.7305555555555556,0.7111111111111111,0.75,0.7619047619047619,0.75,0.7111111111111111,0.6774193548387096,0.7196620583717357,0.7968253968253968
757,20,38,11,4,0.7945205479452054,0.804421768707483,0.7755102040816326,0.8333333333333334,0.8351648351648352,0.8333333333333334,0.7755102040816326,0.7272727272727273,0.7812187812187812,0.8737244897959183
758,24,35,8,6,0.8082191780821918,0.8069767441860465,0.813953488372093,0.8,0.8333333333333334,0.8,0.813953488372093,0.7741935483870968,0.803763440860215,0.9116279069767441
759,18,36,11,8,0.7397260273972602,0.7291325695581015,0.7659574468085106,0.6923076923076923,0.7912087912087912,0.6923076923076923,0.7659574468085106,0.6545454545454545,0.7228771228771229,0.8060556464811784
760,15,41,7,10,0.7671232876712328,0.7270833333333333,0.8541666666666666,0.6,0.8282828282828283,0.6,0.8541666666666666,0.6382978723404256,0.7332903503116269,0.8191666666666667
761,17,38,11,7,0.7534246575342466,0.741921768707483,0.7755102040816326,0.7083333333333334,0.8085106382978723,0.7083333333333334,0.7755102040816326,0.6538461538461539,0.7311783960720131,0.8732993197278912
762,18,36,11,8,0.7397260273972602,0.7291325695581015,0.7659574468085106,0.6923076923076923,0.7912087912087912,0.6923076923076923,0.7659574468085106,0.6545454545454545,0.7228771228771229,0.8338788870703765
763,19,33,11,10,0.7123287671232876,0.7025862068965517,0.75,0.6551724137931034,0.7586206896551724,0.6551724137931034,0.75,0.6440677966101694,0.7013442431326709,0.7931034482758621
764,20,34,11,8,0.7397260273972602,0.734920634920635,0.7555555555555555,0.7142857142857143,0.7816091954022989,0.7142857142857143,0.7555555555555555,0.6779661016949152,0.729787648548607,0.8293650793650794
765,25,31,13,4,0.7671232876712328,0.783307210031348,0.7045454545454546,0.8620689655172413,0.7848101265822784,0.8620689655172413,0.7045454545454546,0.746268656716418,0.7655393916493483,0.8836206896551724
766,21,27,13,12,0.6575342465753424,0.6556818181818183,0.675,0.6363636363636364,0.6835443037974683,0.6363636363636364,0.675,0.6268656716417911,0.6552049877196298,0.768939393939394
767,10,38,15,10,0.6575342465753424,0.6084905660377358,0.7169811320754716,0.5,0.7524752475247525,0.5,0.7169811320754716,0.4444444444444444,0.5984598459845984,0.7391509433962264
768,16,36,14,7,0.7123287671232876,0.7078260869565217,0.72,0.6956521739130435,0.7741935483870968,0.6956521739130435,0.72,0.6037735849056604,0.6889835666463786,0.7747826086956522
769,16,36,13,8,0.7123287671232876,0.7006802721088435,0.7346938775510204,0.6666666666666666,0.7741935483870968,0.6666666666666666,0.7346938775510204,0.6037735849056604,0.6889835666463786,0.8635204081632654
770,16,35,16,6,0.6986301369863014,0.7067736185383244,0.6862745098039216,0.7272727272727273,0.7608695652173914,0.7272727272727273,0.6862745098039216,0.5925925925925926,0.676731078904992,0.8146167557932265
771,11,40,16,6,0.6986301369863014,0.680672268907563,0.7142857142857143,0.6470588235294118,0.7843137254901961,0.6470588235294118,0.7142857142857143,0.5,0.642156862745098,0.7657563025210083
772,16,36,14,7,0.7123287671232876,0.7078260869565217,0.72,0.6956521739130435,0.7741935483870968,0.6956521739130435,0.72,0.6037735849056604,0.6889835666463786,0.7743478260869565
773,16,37,10,10,0.726027397260274,0.7013093289689034,0.7872340425531915,0.6153846153846154,0.7872340425531915,0.6153846153846154,0.7872340425531915,0.6153846153846154,0.7013093289689034,0.7545008183306056
774,17,36,18,2,0.726027397260274,0.7807017543859649,0.6666666666666666,0.8947368421052632,0.782608695652174,0.8947368421052632,0.6666666666666666,0.6296296296296297,0.7061191626409018,0.8937621832358674
775,18,35,15,5,0.726027397260274,0.741304347826087,0.7,0.782608695652174,0.7777777777777778,0.782608695652174,0.7,0.6428571428571429,0.7103174603174603,0.8913043478260869
776,18,36,11,8,0.7397260273972602,0.7291325695581015,0.7659574468085106,0.6923076923076923,0.7912087912087912,0.6923076923076923,0.7659574468085106,0.6545454545454545,0.7228771228771229,0.7982815057283144
777,20,32,12,9,0.7123287671232876,0.7084639498432602,0.7272727272727273,0.6896551724137931,0.7529411764705882,0.6896551724137931,0.7272727272727273,0.6557377049180327,0.7043394406943104,0.8413009404388715
778,18,28,12,15,0.6301369863013698,0.6227272727272727,0.7,0.5454545454545454,0.6746987951807228,0.5454545454545454,0.7,0.5714285714285714,0.6230636833046471,0.7204545454545455
779,20,34,14,5,0.7397260273972602,0.7541666666666667,0.7083333333333334,0.8,0.7816091954022989,0.8,0.7083333333333334,0.6779661016949152,0.729787648548607,0.8383333333333334
780,13,36,9,15,0.6712328767123288,0.6321428571428571,0.8,0.4642857142857143,0.75,0.4642857142857143,0.8,0.52,0.635,0.7373015873015873
781,15,44,7,7,0.8082191780821918,0.7722816399286987,0.8627450980392157,0.6818181818181818,0.8627450980392157,0.6818181818181818,0.8627450980392157,0.6818181818181818,0.7722816399286987,0.8079322638146167
782,13,35,17,8,0.6575342465753424,0.6460622710622711,0.6730769230769231,0.6190476190476191,0.7368421052631579,0.6190476190476191,0.6730769230769231,0.5098039215686274,0.6233230134158927,0.7431318681318682
783,22,35,9,7,0.7808219178082192,0.7770376175548589,0.7954545454545454,0.7586206896551724,0.813953488372093,0.7586206896551724,0.7954545454545454,0.7333333333333333,0.7736434108527132,0.8597178683385579
784,10,44,10,9,0.7397260273972602,0.6705653021442495,0.8148148148148148,0.5263157894736842,0.822429906542056,0.5263157894736842,0.8148148148148148,0.5128205128205128,0.6676252096812845,0.7563352826510721
785,19,32,9,13,0.6986301369863014,0.6871189024390244,0.7804878048780488,0.59375,0.7441860465116279,0.59375,0.7804878048780488,0.6333333333333333,0.6887596899224806,0.7660060975609756
786,19,38,7,9,0.7808219178082192,0.7615079365079365,0.8444444444444444,0.6785714285714286,0.8260869565217391,0.6785714285714286,0.8444444444444444,0.7037037037037037,0.7648953301127215,0.8198412698412698
787,12,40,11,10,0.7123287671232876,0.6648841354723707,0.7843137254901961,0.5454545454545454,0.7920792079207921,0.5454545454545454,0.7843137254901961,0.5333333333333333,0.6627062706270628,0.7602495543672014
788,24,35,10,4,0.8082191780821918,0.8174603174603174,0.7777777777777778,0.8571428571428571,0.8333333333333334,0.8571428571428571,0.7777777777777778,0.7741935483870968,0.803763440860215,0.8722222222222222
789,15,37,12,9,0.7123287671232876,0.6900510204081632,0.7551020408163265,0.625,0.7789473684210526,0.625,0.7551020408163265,0.5882352941176471,0.6835913312693498,0.733843537414966
790,19,27,17,10,0.6301369863013698,0.6344043887147335,0.6136363636363636,0.6551724137931034,0.6666666666666666,0.6551724137931034,0.6136363636363636,0.5846153846153846,0.6256410256410256,0.7272727272727273
791,21,37,5,10,0.7945205479452054,0.7791858678955452,0.8809523809523809,0.6774193548387096,0.8314606741573034,0.6774193548387096,0.8809523809523809,0.7368421052631579,0.7841513897102306,0.8590629800307219
792,15,39,15,4,0.7397260273972602,0.7558479532163742,0.7222222222222222,0.7894736842105263,0.8041237113402062,0.7894736842105263,0.7222222222222222,0.6122448979591837,0.708184304649695,0.8528265107212476
793,17,36,13,7,0.726027397260274,0.7215136054421769,0.7346938775510204,0.7083333333333334,0.782608695652174,0.7083333333333334,0.7346938775510204,0.6296296296296297,0.7061191626409018,0.8469387755102041
794,24,27,8,14,0.6986301369863014,0.7015037593984963,0.7714285714285715,0.631578947368421,0.7105263157894737,0.631578947368421,0.7714285714285715,0.6857142857142857,0.6981203007518797,0.8199248120300752
795,17,31,13,12,0.6575342465753424,0.6453761755485894,0.7045454545454546,0.5862068965517241,0.7126436781609196,0.5862068965517241,0.7045454545454546,0.576271186440678,0.6444574323007988,0.7582288401253918
796,20,29,10,14,0.6712328767123288,0.6659125188536954,0.7435897435897436,0.5882352941176471,0.7073170731707317,0.5882352941176471,0.7435897435897436,0.625,0.6661585365853658,0.7594268476621417
797,22,36,9,6,0.7945205479452054,0.7928571428571429,0.8,0.7857142857142857,0.8275862068965517,0.7857142857142857,0.8,0.7457627118644068,0.7866744593804793,0.9007936507936508
798,21,32,12,8,0.726027397260274,0.7257053291536051,0.7272727272727273,0.7241379310344828,0.7619047619047619,0.7241379310344828,0.7272727272727273,0.6774193548387096,0.7196620583717357,0.8091692789968652
799,20,32,10,11,0.7123287671232876,0.7035330261136712,0.7619047619047619,0.6451612903225806,0.7529411764705882,0.6451612903225806,0.7619047619047619,0.6557377049180327,0.7043394406943104,0.8195084485407066
800,18,33,12,10,0.6986301369863014,0.6880952380952381,0.7333333333333333,0.6428571428571429,0.75,0.6428571428571429,0.7333333333333333,0.6206896551724138,0.6853448275862069,0.784920634920635
801,17,35,15,6,0.7123287671232876,0.7195652173913043,0.7,0.7391304347826086,0.7692307692307693,0.7391304347826086,0.7,0.6181818181818182,0.6937062937062937,0.8317391304347825
802,18,40,10,5,0.7945205479452054,0.791304347826087,0.8,0.782608695652174,0.8421052631578947,0.782608695652174,0.8,0.7058823529411765,0.7739938080495357,0.86
803,10,35,18,10,0.6164383561643836,0.5801886792452831,0.660377358490566,0.5,0.7142857142857143,0.5,0.660377358490566,0.4166666666666667,0.5654761904761905,0.6429245283018868
804,14,34,14,11,0.6575342465753424,0.6341666666666668,0.7083333333333334,0.56,0.7311827956989247,0.56,0.7083333333333334,0.5283018867924528,0.6297423412456888,0.7583333333333334
805,23,31,8,11,0.7397260273972602,0.7356711915535445,0.7948717948717948,0.6764705882352942,0.7654320987654321,0.6764705882352942,0.7948717948717948,0.7076923076923077,0.7365622032288699,0.7748868778280544
806,28,28,7,10,0.7671232876712328,0.7684210526315789,0.8,0.7368421052631579,0.7671232876712328,0.7368421052631579,0.8,0.7671232876712328,0.7671232876712328,0.8781954887218045
807,14,40,10,9,0.7397260273972602,0.7043478260869566,0.8,0.6086956521739131,0.8080808080808081,0.6086956521739131,0.8,0.5957446808510638,0.7019127444659359,0.8326086956521739
808,16,38,10,9,0.7397260273972602,0.7158333333333333,0.7916666666666666,0.64,0.8,0.64,0.7916666666666666,0.6274509803921569,0.7137254901960784,0.7920833333333333
809,15,28,16,14,0.589041095890411,0.5768025078369906,0.6363636363636364,0.5172413793103449,0.6511627906976745,0.5172413793103449,0.6363636363636364,0.5,0.5755813953488372,0.6485109717868338
810,20,36,12,5,0.7671232876712328,0.775,0.75,0.8,0.8089887640449438,0.8,0.75,0.7017543859649122,0.755371575004928,0.8975
811,26,23,18,6,0.6712328767123288,0.6867378048780488,0.5609756097560976,0.8125,0.6571428571428571,0.8125,0.5609756097560976,0.6842105263157895,0.6706766917293233,0.8361280487804879
812,22,34,11,6,0.7671232876712328,0.7706349206349206,0.7555555555555555,0.7857142857142857,0.8,0.7857142857142857,0.7555555555555555,0.7213114754098361,0.7606557377049181,0.8757936507936508
813,20,34,7,12,0.7397260273972602,0.7271341463414633,0.8292682926829268,0.625,0.7816091954022989,0.625,0.8292682926829268,0.6779661016949152,0.729787648548607,0.817454268292683
814,23,25,17,8,0.6575342465753424,0.6685867895545314,0.5952380952380952,0.7419354838709677,0.6666666666666666,0.7419354838709677,0.5952380952380952,0.647887323943662,0.6572769953051643,0.7565284178187405
815,11,42,13,7,0.726027397260274,0.6873737373737374,0.7636363636363637,0.6111111111111112,0.8076923076923077,0.6111111111111112,0.7636363636363637,0.5238095238095238,0.6657509157509158,0.8156565656565656
816,19,31,13,10,0.684931506849315,0.679858934169279,0.7045454545454546,0.6551724137931034,0.7294117647058823,0.6551724137931034,0.7045454545454546,0.6229508196721312,0.6761812921890067,0.7774294670846394
817,22,33,11,7,0.7534246575342466,0.7543103448275862,0.75,0.7586206896551724,0.7857142857142857,0.7586206896551724,0.75,0.7096774193548387,0.7476958525345623,0.8456112852664577
818,20,34,14,5,0.7397260273972602,0.7541666666666667,0.7083333333333334,0.8,0.7816091954022989,0.8,0.7083333333333334,0.6779661016949152,0.729787648548607,0.8266666666666668
819,21,33,9,10,0.7397260273972602,0.7315668202764977,0.7857142857142857,0.6774193548387096,0.7764705882352941,0.6774193548387096,0.7857142857142857,0.6885245901639344,0.7324975891996143,0.8302611367127496
820,17,39,7,10,0.7671232876712328,0.7387278582930756,0.8478260869565217,0.6296296296296297,0.8210526315789474,0.6296296296296297,0.8478260869565217,0.6666666666666666,0.743859649122807,0.7914653784219001
821,13,40,17,3,0.726027397260274,0.7571271929824561,0.7017543859649122,0.8125,0.8,0.8125,0.7017543859649122,0.5652173913043478,0.682608695652174,0.856359649122807
822,18,35,13,7,0.726027397260274,0.7245833333333334,0.7291666666666666,0.72,0.7777777777777778,0.72,0.7291666666666666,0.6428571428571429,0.7103174603174603,0.8300000000000001
823,16,32,18,7,0.6575342465753424,0.6678260869565218,0.64,0.6956521739130435,0.7191011235955056,0.6956521739130435,0.64,0.5614035087719298,0.6402523161837177,0.7565217391304347
824,24,28,14,7,0.7123287671232876,0.7204301075268817,0.6666666666666666,0.7741935483870968,0.7272727272727273,0.7741935483870968,0.6666666666666666,0.6956521739130435,0.7114624505928854,0.8164362519201228
825,15,42,13,3,0.7808219178082192,0.7984848484848486,0.7636363636363637,0.8333333333333334,0.84,0.8333333333333334,0.7636363636363637,0.6521739130434783,0.7460869565217392,0.8303030303030304
826,16,36,16,5,0.7123287671232876,0.7271062271062271,0.6923076923076923,0.7619047619047619,0.7741935483870968,0.7619047619047619,0.6923076923076923,0.6037735849056604,0.6889835666463786,0.847985347985348
827,13,42,17,1,0.7534246575342466,0.8202179176755449,0.711864406779661,0.9285714285714286,0.8235294117647058,0.9285714285714286,0.711864406779661,0.5909090909090909,0.7072192513368984,0.9207021791767555
828,13,38,13,9,0.6986301369863014,0.6680035650623886,0.7450980392156863,0.5909090909090909,0.7755102040816326,0.5909090909090909,0.7450980392156863,0.5416666666666666,0.6585884353741496,0.7807486631016043
829,17,33,17,6,0.684931506849315,0.6995652173913043,0.66,0.7391304347826086,0.7415730337078652,0.7391304347826086,0.66,0.5964912280701754,0.6690321308890204,0.8252173913043478
830,17,38,6,12,0.7534246575342466,0.7249216300940439,0.8636363636363636,0.5862068965517241,0.8085106382978723,0.5862068965517241,0.8636363636363636,0.6538461538461539,0.7311783960720131,0.8620689655172413
831,18,31,14,10,0.6712328767123288,0.665873015873016,0.6888888888888889,0.6428571428571429,0.7209302325581395,0.6428571428571429,0.6888888888888889,0.6,0.6604651162790698,0.8162698412698414
832,22,31,10,10,0.726027397260274,0.7217987804878049,0.7560975609756098,0.6875,0.7560975609756098,0.6875,0.7560975609756098,0.6875,0.7217987804878049,0.8467987804878049
833,19,35,13,6,0.7397260273972602,0.7445833333333334,0.7291666666666666,0.76,0.7865168539325843,0.76,0.7291666666666666,0.6666666666666666,0.7265917602996255,0.8175
834,21,23,14,15,0.6027397260273972,0.6024774774774775,0.6216216216216216,0.5833333333333334,0.6133333333333333,0.5833333333333334,0.6216216216216216,0.5915492957746479,0.6024413145539906,0.6936936936936936
835,21,35,13,4,0.7671232876712328,0.7845833333333333,0.7291666666666666,0.84,0.8045977011494253,0.84,0.7291666666666666,0.711864406779661,0.7582310539645432,0.9116666666666666
836,18,37,13,5,0.7534246575342466,0.761304347826087,0.74,0.782608695652174,0.8043478260869565,0.782608695652174,0.74,0.6666666666666666,0.7355072463768115,0.8521739130434782
837,20,29,15,9,0.6712328767123288,0.6743730407523512,0.6590909090909091,0.6896551724137931,0.7073170731707317,0.6896551724137931,0.6590909090909091,0.625,0.6661585365853658,0.77076802507837
838,20,38,12,3,0.7945205479452054,0.8147826086956522,0.76,0.8695652173913043,0.8351648351648352,0.8695652173913043,0.76,0.7272727272727273,0.7812187812187812,0.908695652173913
839,20,33,12,8,0.726027397260274,0.7238095238095238,0.7333333333333333,0.7142857142857143,0.7674418604651163,0.7142857142857143,0.7333333333333333,0.6666666666666666,0.7170542635658914,0.7853174603174603
840,15,39,12,7,0.7397260273972602,0.7232620320855614,0.7647058823529411,0.6818181818181818,0.8041237113402062,0.6818181818181818,0.7647058823529411,0.6122448979591837,0.708184304649695,0.7950089126559714
841,17,36,13,7,0.726027397260274,0.7215136054421769,0.7346938775510204,0.7083333333333334,0.782608695652174,0.7083333333333334,0.7346938775510204,0.6296296296296297,0.7061191626409018,0.8222789115646258
842,13,39,11,10,0.7123287671232876,0.672608695652174,0.78,0.5652173913043478,0.7878787878787878,0.5652173913043478,0.78,0.5531914893617021,0.6705351386202449,0.6991304347826087
843,22,38,9,4,0.821917808219178,0.8273322422258592,0.8085106382978723,0.8461538461538461,0.8539325842696629,0.8461538461538461,0.8085106382978723,0.7719298245614035,0.8129312044155332,0.8743862520458265
844,14,41,13,5,0.7534246575342466,0.7480506822612085,0.7592592592592593,0.7368421052631579,0.82,0.7368421052631579,0.7592592592592593,0.6086956521739131,0.7143478260869565,0.8494152046783626
845,15,36,13,9,0.6986301369863014,0.6798469387755102,0.7346938775510204,0.625,0.7659574468085106,0.625,0.7346938775510204,0.5769230769230769,0.6714402618657938,0.7614795918367346
846,18,35,11,9,0.726027397260274,0.713768115942029,0.7608695652173914,0.6666666666666666,0.7777777777777778,0.6666666666666666,0.7608695652173914,0.6428571428571429,0.7103174603174603,0.789049919484702
847,21,38,8,6,0.8082191780821918,0.8019323671497585,0.8260869565217391,0.7777777777777778,0.8444444444444444,0.7777777777777778,0.8260869565217391,0.75,0.7972222222222223,0.8800322061191626
848,15,39,11,8,0.7397260273972602,0.7160869565217391,0.78,0.6521739130434783,0.8041237113402062,0.6521739130434783,0.78,0.6122448979591837,0.708184304649695,0.8304347826086956
849,14,39,13,7,0.726027397260274,0.7083333333333333,0.75,0.6666666666666666,0.7959183673469388,0.6666666666666666,0.75,0.5833333333333334,0.689625850340136,0.7358058608058609
850,11,45,13,4,0.7671232876712328,0.7545977011494253,0.7758620689655172,0.7333333333333333,0.8411214953271028,0.7333333333333333,0.7758620689655172,0.5641025641025641,0.7026120297148335,0.8568965517241379
851,17,31,16,9,0.6575342465753424,0.65671031096563,0.6595744680851063,0.6538461538461539,0.7126436781609196,0.6538461538461539,0.6595744680851063,0.576271186440678,0.6444574323007988,0.765139116202946
852,15,37,10,11,0.7123287671232876,0.6820785597381342,0.7872340425531915,0.5769230769230769,0.7789473684210526,0.5769230769230769,0.7872340425531915,0.5882352941176471,0.6835913312693498,0.7888707037643208
853,19,31,14,9,0.684931506849315,0.6837301587301587,0.6888888888888889,0.6785714285714286,0.7294117647058823,0.6785714285714286,0.6888888888888889,0.6229508196721312,0.6761812921890067,0.7257936507936508
854,16,39,9,9,0.7534246575342466,0.7262500000000001,0.8125,0.64,0.8125,0.64,0.8125,0.64,0.7262500000000001,0.8308333333333333
855,16,36,15,6,0.7123287671232876,0.7165775401069518,0.7058823529411765,0.7272727272727273,0.7741935483870968,0.7272727272727273,0.7058823529411765,0.6037735849056604,0.6889835666463786,0.7990196078431372
856,20,38,8,7,0.7945205479452054,0.7834138486312399,0.8260869565217391,0.7407407407407407,0.8351648351648352,0.7407407407407407,0.8260869565217391,0.7272727272727273,0.7812187812187812,0.8550724637681159
857,19,36,12,6,0.7534246575342466,0.755,0.75,0.76,0.8,0.76,0.75,0.6785714285714286,0.7392857142857143,0.8450000000000001
858,13,39,14,7,0.7123287671232876,0.6929245283018868,0.7358490566037735,0.65,0.7878787878787878,0.65,0.7358490566037735,0.5531914893617021,0.6705351386202449,0.7933962264150943
859,21,36,13,3,0.7808219178082192,0.8048469387755102,0.7346938775510204,0.875,0.8181818181818182,0.875,0.7346938775510204,0.7241379310344828,0.7711598746081505,0.9357993197278912
860,21,32,13,7,0.726027397260274,0.7305555555555556,0.7111111111111111,0.75,0.7619047619047619,0.75,0.7111111111111111,0.6774193548387096,0.7196620583717357,0.8071428571428572
861,16,39,9,9,0.7534246575342466,0.7262500000000001,0.8125,0.64,0.8125,0.64,0.8125,0.64,0.7262500000000001,0.8075
862,13,39,9,12,0.7123287671232876,0.66625,0.8125,0.52,0.7878787878787878,0.52,0.8125,0.5531914893617021,0.6705351386202449,0.7520833333333333
863,13,43,15,2,0.7671232876712328,0.8040229885057472,0.7413793103448276,0.8666666666666667,0.8349514563106796,0.8666666666666667,0.7413793103448276,0.6046511627906976,0.7198013095506886,0.9178160919540229
864,15,39,12,7,0.7397260273972602,0.7232620320855614,0.7647058823529411,0.6818181818181818,0.8041237113402062,0.6818181818181818,0.7647058823529411,0.6122448979591837,0.708184304649695,0.822192513368984
865,24,33,10,6,0.7808219178082192,0.7837209302325582,0.7674418604651163,0.8,0.8048780487804879,0.8,0.7674418604651163,0.75,0.7774390243902439,0.875968992248062
866,13,35,13,12,0.6575342465753424,0.6245833333333333,0.7291666666666666,0.52,0.7368421052631579,0.52,0.7291666666666666,0.5098039215686274,0.6233230134158927,0.7591666666666667
867,23,34,10,6,0.7808219178082192,0.7829153605015674,0.7727272727272727,0.7931034482758621,0.8095238095238095,0.7931034482758621,0.7727272727272727,0.7419354838709677,0.7757296466973886,0.8436520376175549
868,16,43,8,6,0.8082191780821918,0.785204991087344,0.8431372549019608,0.7272727272727273,0.86,0.7272727272727273,0.8431372549019608,0.6956521739130435,0.7778260869565217,0.8899286987522282
869,12,45,11,5,0.7808219178082192,0.7547268907563025,0.8035714285714286,0.7058823529411765,0.8490566037735849,0.7058823529411765,0.8035714285714286,0.6,0.7245283018867925,0.8151260504201682
870,19,31,14,9,0.684931506849315,0.6837301587301587,0.6888888888888889,0.6785714285714286,0.7294117647058823,0.6785714285714286,0.6888888888888889,0.6229508196721312,0.6761812921890067,0.8115079365079365
871,21,30,10,12,0.6986301369863014,0.6931818181818181,0.75,0.6363636363636364,0.7317073170731707,0.6363636363636364,0.75,0.65625,0.6939786585365854,0.8053030303030303
872,14,36,15,8,0.684931506849315,0.6711229946524064,0.7058823529411765,0.6363636363636364,0.7578947368421053,0.6363636363636364,0.7058823529411765,0.5490196078431373,0.6534571723426212,0.7250445632798574
873,15,36,11,11,0.6986301369863014,0.6714402618657938,0.7659574468085106,0.5769230769230769,0.7659574468085106,0.5769230769230769,0.7659574468085106,0.5769230769230769,0.6714402618657938,0.7819148936170213
874,22,30,10,11,0.7123287671232876,0.7083333333333333,0.75,0.6666666666666666,0.7407407407407407,0.6666666666666666,0.75,0.676923076923077,0.7088319088319088,0.831060606060606
875,15,40,8,10,0.7534246575342466,0.7166666666666667,0.8333333333333334,0.6,0.8163265306122449,0.6,0.8333333333333334,0.625,0.7206632653061225,0.85875
876,19,32,10,12,0.6986301369863014,0.6874039938556067,0.7619047619047619,0.6129032258064516,0.7441860465116279,0.6129032258064516,0.7619047619047619,0.6333333333333333,0.6887596899224806,0.8026113671274961
877,14,42,10,7,0.7671232876712328,0.7371794871794872,0.8076923076923077,0.6666666666666666,0.8316831683168316,0.6666666666666666,0.8076923076923077,0.6222222222222222,0.7269526952695269,0.7884615384615385
878,15,34,17,7,0.6712328767123288,0.6742424242424242,0.6666666666666666,0.6818181818181818,0.7391304347826086,0.6818181818181818,0.6666666666666666,0.5555555555555556,0.6473429951690821,0.8070409982174689
879,21,30,14,8,0.6986301369863014,0.7029780564263323,0.6818181818181818,0.7241379310344828,0.7317073170731707,0.7241379310344828,0.6818181818181818,0.65625,0.6939786585365854,0.8452194357366771
880,11,35,18,9,0.6301369863013698,0.605188679245283,0.660377358490566,0.55,0.7216494845360825,0.55,0.660377358490566,0.4489795918367347,0.5853145381864086,0.7066037735849058
881,19,33,15,6,0.7123287671232876,0.72375,0.6875,0.76,0.7586206896551724,0.76,0.6875,0.6440677966101694,0.7013442431326709,0.8791666666666667
882,19,38,8,8,0.7808219178082192,0.7648953301127215,0.8260869565217391,0.7037037037037037,0.8260869565217391,0.7037037037037037,0.8260869565217391,0.7037037037037037,0.7648953301127215,0.8180354267310789
883,22,30,19,2,0.7123287671232876,0.7644557823129252,0.6122448979591837,0.9166666666666666,0.7407407407407407,0.9166666666666666,0.6122448979591837,0.676923076923077,0.7088319088319088,0.9183673469387754
884,22,34,13,4,0.7671232876712328,0.7847790507364976,0.723404255319149,0.8461538461538461,0.8,0.8461538461538461,0.723404255319149,0.7213114754098361,0.7606557377049181,0.8907528641571194
885,16,35,15,7,0.6986301369863014,0.6978260869565217,0.7,0.6956521739130435,0.7608695652173914,0.6956521739130435,0.7,0.5925925925925926,0.676731078904992,0.7895652173913044
886,16,38,8,11,0.7397260273972602,0.7093397745571659,0.8260869565217391,0.5925925925925926,0.8,0.5925925925925926,0.8260869565217391,0.6274509803921569,0.7137254901960784,0.8285024154589371
887,20,31,16,6,0.6986301369863014,0.7144026186579377,0.6595744680851063,0.7692307692307693,0.7380952380952381,0.7692307692307693,0.6595744680851063,0.6451612903225806,0.6916282642089093,0.8527004909983633
888,17,34,15,7,0.6986301369863014,0.7011054421768708,0.6938775510204082,0.7083333333333334,0.7555555555555555,0.7083333333333334,0.6938775510204082,0.6071428571428571,0.6813492063492064,0.7767857142857143
889,26,31,11,5,0.7808219178082192,0.7884024577572966,0.7380952380952381,0.8387096774193549,0.7948717948717948,0.8387096774193549,0.7380952380952381,0.7647058823529411,0.7797888386123679,0.8836405529953917
890,15,41,8,9,0.7671232876712328,0.7308673469387755,0.8367346938775511,0.625,0.8282828282828283,0.625,0.8367346938775511,0.6382978723404256,0.7332903503116269,0.8439625850340137
891,14,40,10,9,0.7397260273972602,0.7043478260869566,0.8,0.6086956521739131,0.8080808080808081,0.6086956521739131,0.8,0.5957446808510638,0.7019127444659359,0.8082608695652174
892,19,30,11,13,0.6712328767123288,0.6627286585365854,0.7317073170731707,0.59375,0.7142857142857143,0.59375,0.7317073170731707,0.6129032258064516,0.663594470046083,0.7507621951219513
893,19,38,11,5,0.7808219178082192,0.7835884353741496,0.7755102040816326,0.7916666666666666,0.8260869565217391,0.7916666666666666,0.7755102040816326,0.7037037037037037,0.7648953301127215,0.886904761904762
894,16,38,10,9,0.7397260273972602,0.7158333333333333,0.7916666666666666,0.64,0.8,0.64,0.7916666666666666,0.6274509803921569,0.7137254901960784,0.8133333333333334
895,15,37,12,9,0.7123287671232876,0.6900510204081632,0.7551020408163265,0.625,0.7789473684210526,0.625,0.7551020408163265,0.5882352941176471,0.6835913312693498,0.7844387755102041
896,18,34,15,6,0.7123287671232876,0.721938775510204,0.6938775510204082,0.75,0.7640449438202247,0.75,0.6938775510204082,0.631578947368421,0.6978119455943228,0.832908163265306
897,22,37,10,4,0.8082191780821918,0.8166939443535188,0.7872340425531915,0.8461538461538461,0.8409090909090909,0.8461538461538461,0.7872340425531915,0.7586206896551724,0.7997648902821317,0.8612929623567922
898,22,28,12,11,0.684931506849315,0.6833333333333333,0.7,0.6666666666666666,0.7088607594936709,0.6666666666666666,0.7,0.6567164179104478,0.6827885887020593,0.8090909090909091
899,20,40,6,7,0.821917808219178,0.8051529790660226,0.8695652173913043,0.7407407407407407,0.8602150537634409,0.7407407407407407,0.8695652173913043,0.7547169811320755,0.8074660174477581,0.8494363929146537
900,20,33,10,10,0.726027397260274,0.7170542635658914,0.7674418604651163,0.6666666666666666,0.7674418604651163,0.6666666666666666,0.7674418604651163,0.6666666666666666,0.7170542635658914,0.8294573643410853
901,20,35,14,4,0.7534246575342466,0.7738095238095238,0.7142857142857143,0.8333333333333334,0.7954545454545454,0.8333333333333334,0.7142857142857143,0.6896551724137931,0.7425548589341693,0.8856292517006803
902,20,31,16,6,0.6986301369863014,0.7144026186579377,0.6595744680851063,0.7692307692307693,0.7380952380952381,0.7692307692307693,0.6595744680851063,0.6451612903225806,0.6916282642089093,0.8203764320785597
903,19,32,15,7,0.6986301369863014,0.705810147299509,0.6808510638297872,0.7307692307692307,0.7441860465116279,0.7307692307692307,0.6808510638297872,0.6333333333333333,0.6887596899224806,0.809328968903437
904,16,44,8,5,0.821917808219178,0.8040293040293041,0.8461538461538461,0.7619047619047619,0.8712871287128713,0.7619047619047619,0.8461538461538461,0.7111111111111111,0.7911991199119912,0.88003663003663
905,10,39,15,9,0.6712328767123288,0.6242690058479532,0.7222222222222222,0.5263157894736842,0.7647058823529411,0.5263157894736842,0.7222222222222222,0.45454545454545453,0.6096256684491979,0.7480506822612085
906,18,34,11,10,0.7123287671232876,0.6992063492063492,0.7555555555555555,0.6428571428571429,0.7640449438202247,0.6428571428571429,0.7555555555555555,0.631578947368421,0.6978119455943228,0.7603174603174603
907,18,37,12,6,0.7534246575342466,0.7525510204081632,0.7551020408163265,0.75,0.8043478260869565,0.75,0.7551020408163265,0.6666666666666666,0.7355072463768115,0.7784863945578232
908,21,36,7,9,0.7808219178082192,0.7686046511627906,0.8372093023255814,0.7,0.8181818181818182,0.7,0.8372093023255814,0.7241379310344828,0.7711598746081505,0.8751937984496124
909,19,37,11,6,0.7671232876712328,0.7654166666666666,0.7708333333333334,0.76,0.8131868131868132,0.76,0.7708333333333334,0.6909090909090909,0.752047952047952,0.855
910,10,41,12,10,0.6986301369863014,0.6367924528301887,0.7735849056603774,0.5,0.7884615384615384,0.5,0.7735849056603774,0.47619047619047616,0.6323260073260073,0.7330188679245282
911,21,35,11,6,0.7671232876712328,0.7693236714975846,0.7608695652173914,0.7777777777777778,0.8045977011494253,0.7777777777777778,0.7608695652173914,0.711864406779661,0.7582310539645432,0.855475040257649
912,18,33,12,10,0.6986301369863014,0.6880952380952381,0.7333333333333333,0.6428571428571429,0.75,0.6428571428571429,0.7333333333333333,0.6206896551724138,0.6853448275862069,0.7849206349206349
913,15,46,8,4,0.8356164383561644,0.8206627680311891,0.8518518518518519,0.7894736842105263,0.8846153846153846,0.7894736842105263,0.8518518518518519,0.7142857142857143,0.7994505494505495,0.8557504873294347
914,15,35,16,7,0.684931506849315,0.6840463458110517,0.6862745098039216,0.6818181818181818,0.7526881720430108,0.6818181818181818,0.6862745098039216,0.5660377358490566,0.6593629539460337,0.7901069518716577
915,15,32,10,16,0.6438356164383562,0.6228878648233487,0.7619047619047619,0.4838709677419355,0.7111111111111111,0.4838709677419355,0.7619047619047619,0.5357142857142857,0.6234126984126984,0.6954685099846389
916,17,43,8,5,0.821917808219178,0.8079322638146167,0.8431372549019608,0.7727272727272727,0.8686868686868687,0.7727272727272727,0.8431372549019608,0.723404255319149,0.7960455620030089,0.8845811051693404
917,24,34,11,4,0.7945205479452054,0.8063492063492064,0.7555555555555555,0.8571428571428571,0.8192771084337349,0.8571428571428571,0.7555555555555555,0.7619047619047619,0.7905909351692484,0.8821428571428571
918,22,31,10,10,0.726027397260274,0.7217987804878049,0.7560975609756098,0.6875,0.7560975609756098,0.6875,0.7560975609756098,0.6875,0.7217987804878049,0.8277439024390243
919,19,37,8,9,0.7671232876712328,0.7503968253968254,0.8222222222222222,0.6785714285714286,0.8131868131868132,0.6785714285714286,0.8222222222222222,0.6909090909090909,0.752047952047952,0.834920634920635
920,23,22,15,13,0.6164383561643836,0.6167417417417418,0.5945945945945946,0.6388888888888888,0.6111111111111112,0.6388888888888888,0.5945945945945946,0.6216216216216216,0.6163663663663663,0.7484984984984984
921,18,32,12,11,0.684931506849315,0.6739811912225706,0.7272727272727273,0.6206896551724138,0.735632183908046,0.6206896551724138,0.7272727272727273,0.6101694915254238,0.6729008377167349,0.7519592476489028
922,16,35,15,7,0.6986301369863014,0.6978260869565217,0.7,0.6956521739130435,0.7608695652173914,0.6956521739130435,0.7,0.5925925925925926,0.676731078904992,0.8226086956521739
923,18,36,14,5,0.7397260273972602,0.751304347826087,0.72,0.782608695652174,0.7912087912087912,0.782608695652174,0.72,0.6545454545454545,0.7228771228771229,0.9104347826086956
924,20,32,8,13,0.7123287671232876,0.7030303030303031,0.8,0.6060606060606061,0.7529411764705882,0.6060606060606061,0.8,0.6557377049180327,0.7043394406943104,0.8200757575757576
925,14,38,16,5,0.7123287671232876,0.7202729044834308,0.7037037037037037,0.7368421052631579,0.7835051546391752,0.7368421052631579,0.7037037037037037,0.5714285714285714,0.6774668630338734,0.8099415204678362
926,15,33,20,5,0.6575342465753424,0.6863207547169812,0.6226415094339622,0.75,0.7252747252747253,0.75,0.6226415094339622,0.5454545454545454,0.6353646353646354,0.8264150943396227
927,18,29,17,9,0.6438356164383562,0.6485507246376812,0.6304347826086957,0.6666666666666666,0.6904761904761905,0.6666666666666666,0.6304347826086957,0.5806451612903226,0.6355606758832566,0.7725442834138486
928,21,32,13,7,0.726027397260274,0.7305555555555556,0.7111111111111111,0.75,0.7619047619047619,0.75,0.7111111111111111,0.6774193548387096,0.7196620583717357,0.8063492063492064
929,18,34,15,6,0.7123287671232876,0.721938775510204,0.6938775510204082,0.75,0.7640449438202247,0.75,0.6938775510204082,0.631578947368421,0.6978119455943228,0.7976190476190476
930,18,33,15,7,0.6986301369863014,0.70375,0.6875,0.72,0.75,0.72,0.6875,0.6206896551724138,0.6853448275862069,0.7720833333333333
931,17,41,10,5,0.7945205479452054,0.7883244206773619,0.803921568627451,0.7727272727272727,0.845360824742268,0.7727272727272727,0.803921568627451,0.6938775510204082,0.7696191878813381,0.8587344028520499
932,19,34,8,12,0.726027397260274,0.7112135176651306,0.8095238095238095,0.6129032258064516,0.7727272727272727,0.6129032258064516,0.8095238095238095,0.6551724137931034,0.7139498432601881,0.7730414746543779
933,17,38,7,11,0.7534246575342466,0.7257936507936508,0.8444444444444444,0.6071428571428571,0.8085106382978723,0.6071428571428571,0.8444444444444444,0.6538461538461539,0.7311783960720131,0.8031746031746032
934,20,29,13,11,0.6712328767123288,0.6678187403993856,0.6904761904761905,0.6451612903225806,0.7073170731707317,0.6451612903225806,0.6904761904761905,0.625,0.6661585365853658,0.7895545314900153
935,21,35,10,7,0.7671232876712328,0.7638888888888888,0.7777777777777778,0.75,0.8045977011494253,0.75,0.7777777777777778,0.711864406779661,0.7582310539645432,0.8511904761904762
936,24,33,11,5,0.7808219178082192,0.7887931034482758,0.75,0.8275862068965517,0.8048780487804879,0.8275862068965517,0.75,0.75,0.7774390243902439,0.8867554858934169
937,14,39,12,8,0.726027397260274,0.7005347593582887,0.7647058823529411,0.6363636363636364,0.7959183673469388,0.6363636363636364,0.7647058823529411,0.5833333333333334,0.689625850340136,0.7976827094474154
938,15,38,13,7,0.726027397260274,0.713458110516934,0.7450980392156863,0.6818181818181818,0.7916666666666666,0.6818181818181818,0.7450980392156863,0.6,0.6958333333333333,0.8065953654188948
939,13,42,10,8,0.7534246575342466,0.7133699633699634,0.8076923076923077,0.6190476190476191,0.8235294117647058,0.6190476190476191,0.8076923076923077,0.5909090909090909,0.7072192513368984,0.8131868131868133
940,16,37,11,9,0.726027397260274,0.7054166666666667,0.7708333333333334,0.64,0.7872340425531915,0.64,0.7708333333333334,0.6153846153846154,0.7013093289689034,0.8354166666666666
941,15,35,14,9,0.684931506849315,0.6696428571428572,0.7142857142857143,0.625,0.7526881720430108,0.625,0.7142857142857143,0.5660377358490566,0.6593629539460337,0.7852891156462585
942,21,33,10,9,0.7397260273972602,0.7337209302325581,0.7674418604651163,0.7,0.7764705882352941,0.7,0.7674418604651163,0.6885245901639344,0.7324975891996143,0.7953488372093024
943,15,44,9,5,0.8082191780821918,0.7900943396226415,0.8301886792452831,0.75,0.8627450980392157,0.75,0.8301886792452831,0.6818181818181818,0.7722816399286987,0.8863207547169811
944,21,39,10,3,0.821917808219178,0.8354591836734694,0.7959183673469388,0.875,0.8571428571428571,0.875,0.7959183673469388,0.7636363636363637,0.8103896103896104,0.9090136054421768
945,21,33,12,7,0.7397260273972602,0.7416666666666667,0.7333333333333333,0.75,0.7764705882352941,0.75,0.7333333333333333,0.6885245901639344,0.7324975891996143,0.7932539682539682
946,13,42,12,6,0.7534246575342466,0.7309941520467836,0.7777777777777778,0.6842105263157895,0.8235294117647058,0.6842105263157895,0.7777777777777778,0.5909090909090909,0.7072192513368984,0.861111111111111
947,13,38,14,8,0.6986301369863014,0.674908424908425,0.7307692307692307,0.6190476190476191,0.7755102040816326,0.6190476190476191,0.7307692307692307,0.5416666666666666,0.6585884353741496,0.7948717948717949
948,16,37,12,8,0.726027397260274,0.7108843537414966,0.7551020408163265,0.6666666666666666,0.7872340425531915,0.6666666666666666,0.7551020408163265,0.6153846153846154,0.7013093289689034,0.8184523809523809
949,16,42,9,6,0.7945205479452054,0.7754010695187166,0.8235294117647058,0.7272727272727273,0.8484848484848485,0.7272727272727273,0.8235294117647058,0.6808510638297872,0.7646679561573179,0.8431372549019608
950,12,33,21,7,0.6164383561643836,0.6213450292397661,0.6111111111111112,0.631578947368421,0.7021276595744681,0.631578947368421,0.6111111111111112,0.46153846153846156,0.5818330605564648,0.6569200779727096
951,12,42,12,7,0.7397260273972602,0.7046783625730995,0.7777777777777778,0.631578947368421,0.8155339805825242,0.631578947368421,0.7777777777777778,0.5581395348837209,0.6868367577331226,0.7982456140350876
952,24,30,12,7,0.7397260273972602,0.7442396313364055,0.7142857142857143,0.7741935483870968,0.759493670886076,0.7741935483870968,0.7142857142857143,0.7164179104477612,0.7379557906669185,0.8463901689708141
953,12,39,14,8,0.6986301369863014,0.6679245283018868,0.7358490566037735,0.6,0.78,0.6,0.7358490566037735,0.5217391304347826,0.6508695652173913,0.7849056603773585
954,17,39,13,4,0.7671232876712328,0.7797619047619048,0.75,0.8095238095238095,0.8210526315789474,0.8095238095238095,0.75,0.6666666666666666,0.743859649122807,0.8727106227106227
955,14,37,13,9,0.6986301369863014,0.6743478260869565,0.74,0.6086956521739131,0.7708333333333334,0.6086956521739131,0.74,0.56,0.6654166666666668,0.7539130434782609
956,19,42,7,5,0.8356164383561644,0.8244047619047619,0.8571428571428571,0.7916666666666666,0.875,0.7916666666666666,0.8571428571428571,0.76,0.8175,0.8886054421768708
957,16,34,13,10,0.684931506849315,0.6693944353518821,0.723404255319149,0.6153846153846154,0.7472527472527473,0.6153846153846154,0.723404255319149,0.5818181818181818,0.6645354645354645,0.7872340425531915
958,24,35,12,2,0.8082191780821918,0.8338788870703764,0.7446808510638298,0.9230769230769231,0.8333333333333334,0.9230769230769231,0.7446808510638298,0.7741935483870968,0.803763440860215,0.9067103109656302
959,17,36,11,9,0.726027397260274,0.7099018003273323,0.7659574468085106,0.6538461538461539,0.782608695652174,0.6538461538461539,0.7659574468085106,0.6296296296296297,0.7061191626409018,0.8072831423895254
960,17,40,11,5,0.7808219178082192,0.7785204991087344,0.7843137254901961,0.7727272727272727,0.8333333333333334,0.7727272727272727,0.7843137254901961,0.68,0.7566666666666667,0.8493761140819965
961,17,43,10,3,0.821917808219178,0.8306603773584906,0.8113207547169812,0.85,0.8686868686868687,0.85,0.8113207547169812,0.723404255319149,0.7960455620030089,0.8999999999999999
962,15,32,15,11,0.6438356164383562,0.628887070376432,0.6808510638297872,0.5769230769230769,0.7111111111111111,0.5769230769230769,0.6808510638297872,0.5357142857142857,0.6234126984126984,0.7266775777414075
963,15,37,13,8,0.7123287671232876,0.6960869565217391,0.74,0.6521739130434783,0.7789473684210526,0.6521739130434783,0.74,0.5882352941176471,0.6835913312693498,0.8391304347826086
964,17,36,12,8,0.726027397260274,0.7150000000000001,0.75,0.68,0.782608695652174,0.68,0.75,0.6296296296296297,0.7061191626409018,0.79125
965,19,31,16,7,0.684931506849315,0.6951718494271686,0.6595744680851063,0.7307692307692307,0.7294117647058823,0.7307692307692307,0.6595744680851063,0.6229508196721312,0.6761812921890067,0.7504091653027822
966,20,34,10,9,0.7397260273972602,0.7311912225705329,0.7727272727272727,0.6896551724137931,0.7816091954022989,0.6896551724137931,0.7727272727272727,0.6779661016949152,0.729787648548607,0.8036833855799373
967,17,40,6,10,0.7808219178082192,0.749597423510467,0.8695652173913043,0.6296296296296297,0.8333333333333334,0.6296296296296297,0.8695652173913043,0.68,0.7566666666666667,0.7962962962962963
968,23,39,7,4,0.8493150684931506,0.8498389694041868,0.8478260869565217,0.8518518518518519,0.8764044943820225,0.8518518518518519,0.8478260869565217,0.8070175438596491,0.8417110191208358,0.8832528180354268
969,12,43,12,6,0.7534246575342466,0.7242424242424242,0.7818181818181819,0.6666666666666666,0.8269230769230769,0.6666666666666666,0.7818181818181819,0.5714285714285714,0.6991758241758241,0.8196969696969697
970,16,34,16,7,0.684931506849315,0.6878260869565218,0.68,0.6956521739130435,0.7472527472527473,0.6956521739130435,0.68,0.5818181818181818,0.6645354645354645,0.7991304347826086
971,18,37,10,8,0.7534246575342466,0.739770867430442,0.7872340425531915,0.6923076923076923,0.8043478260869565,0.6923076923076923,0.7872340425531915,0.6666666666666666,0.7355072463768115,0.8207855973813422
972,21,38,9,5,0.8082191780821918,0.8081014729950899,0.8085106382978723,0.8076923076923077,0.8444444444444444,0.8076923076923077,0.8085106382978723,0.75,0.7972222222222223,0.8739770867430442
973,26,34,8,5,0.821917808219178,0.8241167434715821,0.8095238095238095,0.8387096774193549,0.8395061728395061,0.8387096774193549,0.8095238095238095,0.8,0.8197530864197531,0.8894009216589861
974,17,36,13,7,0.726027397260274,0.7215136054421769,0.7346938775510204,0.7083333333333334,0.782608695652174,0.7083333333333334,0.7346938775510204,0.6296296296296297,0.7061191626409018,0.8384353741496599
975,13,40,10,10,0.726027397260274,0.682608695652174,0.8,0.5652173913043478,0.8,0.5652173913043478,0.8,0.5652173913043478,0.682608695652174,0.8030434782608695
976,21,35,10,7,0.7671232876712328,0.7638888888888888,0.7777777777777778,0.75,0.8045977011494253,0.75,0.7777777777777778,0.711864406779661,0.7582310539645432,0.8515873015873016
977,16,33,13,11,0.6712328767123288,0.6549919484702094,0.717391304347826,0.5925925925925926,0.7333333333333333,0.5925925925925926,0.717391304347826,0.5714285714285714,0.6523809523809523,0.7528180354267311
978,18,32,5,18,0.684931506849315,0.6824324324324325,0.8648648648648649,0.5,0.735632183908046,0.5,0.8648648648648649,0.6101694915254238,0.6729008377167349,0.7867867867867867
979,23,36,5,9,0.8082191780821918,0.7983993902439024,0.8780487804878049,0.71875,0.8372093023255814,0.71875,0.8780487804878049,0.7666666666666667,0.8019379844961241,0.8955792682926829
980,22,32,15,4,0.7397260273972602,0.7635024549918167,0.6808510638297872,0.8461538461538461,0.7710843373493976,0.8461538461538461,0.6808510638297872,0.6984126984126984,0.734748517881048,0.8903436988543372
981,11,40,17,5,0.6986301369863014,0.6946271929824561,0.7017543859649122,0.6875,0.7843137254901961,0.6875,0.7017543859649122,0.5,0.642156862745098,0.7905701754385964
982,25,33,6,9,0.7945205479452054,0.7907239819004526,0.8461538461538461,0.7352941176470589,0.8148148148148148,0.7352941176470589,0.8461538461538461,0.7692307692307693,0.792022792022792,0.8397435897435898
983,17,38,12,6,0.7534246575342466,0.7495652173913043,0.76,0.7391304347826086,0.8085106382978723,0.7391304347826086,0.76,0.6538461538461539,0.7311783960720131,0.8617391304347826
984,19,33,13,8,0.7123287671232876,0.7105475040257649,0.717391304347826,0.7037037037037037,0.7586206896551724,0.7037037037037037,0.717391304347826,0.6440677966101694,0.7013442431326709,0.8518518518518517
985,15,35,15,8,0.684931506849315,0.6760869565217391,0.7,0.6521739130434783,0.7526881720430108,0.6521739130434783,0.7,0.5660377358490566,0.6593629539460337,0.8017391304347826
986,11,43,10,9,0.7397260273972602,0.6806603773584906,0.8113207547169812,0.55,0.819047619047619,0.55,0.8113207547169812,0.5365853658536586,0.6778164924506388,0.7283018867924529
987,25,29,9,10,0.7397260273972602,0.7387218045112782,0.7631578947368421,0.7142857142857143,0.7532467532467533,0.7142857142857143,0.7631578947368421,0.7246376811594203,0.7389422172030868,0.8048872180451128
988,15,46,6,6,0.8356164383561644,0.7994505494505495,0.8846153846153846,0.7142857142857143,0.8846153846153846,0.7142857142857143,0.8846153846153846,0.7142857142857143,0.7994505494505495,0.8708791208791209
989,16,36,15,6,0.7123287671232876,0.7165775401069518,0.7058823529411765,0.7272727272727273,0.7741935483870968,0.7272727272727273,0.7058823529411765,0.6037735849056604,0.6889835666463786,0.8377896613190731
990,16,42,7,8,0.7945205479452054,0.7619047619047619,0.8571428571428571,0.6666666666666666,0.8484848484848485,0.6666666666666666,0.8571428571428571,0.6808510638297872,0.7646679561573179,0.8358843537414966
991,21,35,10,7,0.7671232876712328,0.7638888888888888,0.7777777777777778,0.75,0.8045977011494253,0.75,0.7777777777777778,0.711864406779661,0.7582310539645432,0.7833333333333333
992,19,30,16,8,0.6712328767123288,0.677938808373591,0.6521739130434783,0.7037037037037037,0.7142857142857143,0.7037037037037037,0.6521739130434783,0.6129032258064516,0.663594470046083,0.7230273752012882
993,19,32,13,9,0.6986301369863014,0.6948412698412698,0.7111111111111111,0.6785714285714286,0.7441860465116279,0.6785714285714286,0.7111111111111111,0.6333333333333333,0.6887596899224806,0.8246031746031747
994,15,37,11,10,0.7123287671232876,0.6854166666666667,0.7708333333333334,0.6,0.7789473684210526,0.6,0.7708333333333334,0.5882352941176471,0.6835913312693498,0.805
995,15,31,11,16,0.6301369863013698,0.6109831029185868,0.7380952380952381,0.4838709677419355,0.6966292134831461,0.4838709677419355,0.7380952380952381,0.5263157894736842,0.6114725014784151,0.7158218125960061
996,16,40,10,7,0.7671232876712328,0.7478260869565218,0.8,0.6956521739130435,0.8247422680412371,0.6956521739130435,0.8,0.6530612244897959,0.7389017462655165,0.8226086956521739
997,16,34,14,9,0.684931506849315,0.6741666666666667,0.7083333333333334,0.64,0.7472527472527473,0.64,0.7083333333333334,0.5818181818181818,0.6645354645354645,0.7533333333333333
998,19,33,12,9,0.7123287671232876,0.7059523809523809,0.7333333333333333,0.6785714285714286,0.7586206896551724,0.6785714285714286,0.7333333333333333,0.6440677966101694,0.7013442431326709,0.7821428571428573
999,13,37,10,13,0.684931506849315,0.6436170212765957,0.7872340425531915,0.5,0.7628865979381443,0.5,0.7872340425531915,0.5306122448979592,0.6467494214180518,0.7078559738134206
1000,21,36,10,6,0.7808219178082192,0.7801932367149759,0.782608695652174,0.7777777777777778,0.8181818181818182,0.7777777777777778,0.782608695652174,0.7241379310344828,0.7711598746081505,0.8542673107890499
