round,TP,TN,FP,FN,Accuracy,BalancedAccuracy,Sensitivity_Class0,Specificity_Class0,F1_Class0,Sensitivity_Class1,Specificity_Class1,F1_Class1,F1_macro,AUC
1,9,52,1,15,0.7922077922077922,0.6780660377358491,0.9811320754716981,0.375,0.8666666666666667,0.375,0.9811320754716981,0.5294117647058824,0.6980392156862745,0.755503144654088
2,10,54,2,11,0.8311688311688312,0.7202380952380952,0.9642857142857143,0.47619047619047616,0.8925619834710744,0.47619047619047616,0.9642857142857143,0.6060606060606061,0.7493112947658402,0.7049319727891157
3,10,54,4,9,0.8311688311688312,0.7286751361161524,0.9310344827586207,0.5263157894736842,0.8925619834710744,0.5263157894736842,0.9310344827586207,0.6060606060606061,0.7493112947658402,0.809437386569873
4,6,56,3,12,0.8051948051948052,0.6412429378531074,0.9491525423728814,0.3333333333333333,0.8818897637795275,0.3333333333333333,0.9491525423728814,0.4444444444444444,0.663167104111986,0.8116760828625236
5,8,51,3,15,0.7662337662337663,0.6461352657004831,0.9444444444444444,0.34782608695652173,0.85,0.34782608695652173,0.9444444444444444,0.47058823529411764,0.6602941176470588,0.8019323671497584
6,8,53,3,13,0.7922077922077922,0.6636904761904762,0.9464285714285714,0.38095238095238093,0.8688524590163934,0.38095238095238093,0.9464285714285714,0.5,0.6844262295081966,0.7865646258503401
7,11,52,4,10,0.8181818181818182,0.7261904761904763,0.9285714285714286,0.5238095238095238,0.8813559322033898,0.5238095238095238,0.9285714285714286,0.6111111111111112,0.7462335216572504,0.820578231292517
8,11,51,4,11,0.8051948051948052,0.7136363636363636,0.9272727272727272,0.5,0.8717948717948718,0.5,0.9272727272727272,0.5945945945945946,0.7331947331947333,0.8570247933884297
9,9,51,4,13,0.7792207792207793,0.6681818181818182,0.9272727272727272,0.4090909090909091,0.8571428571428571,0.4090909090909091,0.9272727272727272,0.5142857142857142,0.6857142857142857,0.7851239669421488
10,5,59,3,10,0.8311688311688312,0.6424731182795699,0.9516129032258065,0.3333333333333333,0.9007633587786259,0.3333333333333333,0.9516129032258065,0.43478260869565216,0.667772983737139,0.9032258064516129
11,10,51,3,13,0.7922077922077922,0.6896135265700483,0.9444444444444444,0.43478260869565216,0.864406779661017,0.43478260869565216,0.9444444444444444,0.5555555555555556,0.7099811676082863,0.7334943639291465
12,7,52,3,15,0.7662337662337663,0.6318181818181818,0.9454545454545454,0.3181818181818182,0.8524590163934426,0.3181818181818182,0.9454545454545454,0.4375,0.6449795081967213,0.7421487603305785
13,10,55,5,7,0.8441558441558441,0.7524509803921569,0.9166666666666666,0.5882352941176471,0.9016393442622951,0.5882352941176471,0.9166666666666666,0.625,0.7633196721311475,0.8686274509803922
14,8,57,1,11,0.8441558441558441,0.7019056261343013,0.9827586206896551,0.42105263157894735,0.9047619047619048,0.42105263157894735,0.9827586206896551,0.5714285714285714,0.7380952380952381,0.8684210526315791
15,7,56,4,10,0.8181818181818182,0.6725490196078432,0.9333333333333333,0.4117647058823529,0.8888888888888888,0.4117647058823529,0.9333333333333333,0.5,0.6944444444444444,0.7990196078431373
16,11,50,8,8,0.7922077922077922,0.720508166969147,0.8620689655172413,0.5789473684210527,0.8620689655172413,0.5789473684210527,0.8620689655172413,0.5789473684210527,0.720508166969147,0.7586206896551722
17,9,55,2,11,0.8311688311688312,0.7074561403508772,0.9649122807017544,0.45,0.8943089430894309,0.45,0.9649122807017544,0.5806451612903226,0.7374770521898768,0.7210526315789474
18,13,49,3,12,0.8051948051948052,0.7311538461538462,0.9423076923076923,0.52,0.8672566371681416,0.52,0.9423076923076923,0.6341463414634146,0.7507014893157782,0.8323076923076924
19,10,51,5,11,0.7922077922077922,0.6934523809523809,0.9107142857142857,0.47619047619047616,0.864406779661017,0.47619047619047616,0.9107142857142857,0.5555555555555556,0.7099811676082863,0.8316326530612245
20,10,50,6,11,0.7792207792207793,0.6845238095238095,0.8928571428571429,0.47619047619047616,0.8547008547008547,0.47619047619047616,0.8928571428571429,0.5405405405405406,0.6976206976206976,0.8418367346938775
21,11,55,0,11,0.8571428571428571,0.75,1.0,0.5,0.9090909090909091,0.5,1.0,0.6666666666666666,0.7878787878787878,0.8619834710743803
22,7,53,5,12,0.7792207792207793,0.6411070780399274,0.9137931034482759,0.3684210526315789,0.8617886178861789,0.3684210526315789,0.9137931034482759,0.45161290322580644,0.6567007605559927,0.7740471869328495
23,8,57,1,11,0.8441558441558441,0.7019056261343013,0.9827586206896551,0.42105263157894735,0.9047619047619048,0.42105263157894735,0.9827586206896551,0.5714285714285714,0.7380952380952381,0.8584392014519056
24,13,53,3,8,0.8571428571428571,0.7827380952380952,0.9464285714285714,0.6190476190476191,0.905982905982906,0.6190476190476191,0.9464285714285714,0.7027027027027027,0.8043428043428044,0.886904761904762
25,10,55,3,9,0.8441558441558441,0.7372958257713249,0.9482758620689655,0.5263157894736842,0.9016393442622951,0.5263157894736842,0.9482758620689655,0.625,0.7633196721311475,0.8983666061705989
26,10,53,4,10,0.8181818181818182,0.7149122807017544,0.9298245614035088,0.5,0.8833333333333333,0.5,0.9298245614035088,0.5882352941176471,0.7357843137254902,0.8464912280701755
27,6,57,2,12,0.8181818181818182,0.6497175141242938,0.9661016949152542,0.3333333333333333,0.890625,0.3333333333333333,0.9661016949152542,0.46153846153846156,0.6760817307692308,0.8116760828625236
28,5,55,6,11,0.7792207792207793,0.6070696721311475,0.9016393442622951,0.3125,0.8661417322834646,0.3125,0.9016393442622951,0.37037037037037035,0.6182560513269175,0.7008196721311476
29,11,51,7,8,0.8051948051948052,0.7291288566243195,0.8793103448275862,0.5789473684210527,0.8717948717948718,0.5789473684210527,0.8793103448275862,0.5945945945945946,0.7331947331947333,0.7985480943738656
30,8,62,1,6,0.9090909090909091,0.7777777777777777,0.9841269841269841,0.5714285714285714,0.9465648854961832,0.5714285714285714,0.9841269841269841,0.6956521739130435,0.8211085297046133,0.9013605442176871
31,9,54,2,12,0.8181818181818182,0.6964285714285714,0.9642857142857143,0.42857142857142855,0.8852459016393442,0.42857142857142855,0.9642857142857143,0.5625,0.7238729508196722,0.8971088435374149
32,12,52,1,12,0.8311688311688312,0.7405660377358491,0.9811320754716981,0.5,0.8888888888888888,0.5,0.9811320754716981,0.6486486486486487,0.7687687687687688,0.9048742138364779
33,8,49,3,17,0.7402597402597403,0.6311538461538462,0.9423076923076923,0.32,0.8305084745762712,0.32,0.9423076923076923,0.4444444444444444,0.6374764595103578,0.8530769230769231
34,7,57,4,9,0.8311688311688312,0.6859631147540983,0.9344262295081968,0.4375,0.8976377952755905,0.4375,0.9344262295081968,0.5185185185185185,0.7080781568970544,0.8094262295081968
35,15,51,2,9,0.8571428571428571,0.7936320754716981,0.9622641509433962,0.625,0.9026548672566371,0.625,0.9622641509433962,0.7317073170731707,0.8171810921649039,0.9001572327044025
36,8,57,2,10,0.8441558441558441,0.7052730696798493,0.9661016949152542,0.4444444444444444,0.9047619047619048,0.4444444444444444,0.9661016949152542,0.5714285714285714,0.7380952380952381,0.8549905838041431
37,10,51,4,12,0.7922077922077922,0.6909090909090909,0.9272727272727272,0.45454545454545453,0.864406779661017,0.45454545454545453,0.9272727272727272,0.5555555555555556,0.7099811676082863,0.7735537190082645
38,5,56,2,14,0.7922077922077922,0.6143375680580763,0.9655172413793104,0.2631578947368421,0.875,0.2631578947368421,0.9655172413793104,0.38461538461538464,0.6298076923076923,0.8647912885662432
39,9,54,8,6,0.8181818181818182,0.7354838709677419,0.8709677419354839,0.6,0.8852459016393442,0.6,0.8709677419354839,0.5625,0.7238729508196722,0.778494623655914
40,9,53,2,13,0.8051948051948052,0.6863636363636364,0.9636363636363636,0.4090909090909091,0.8760330578512396,0.4090909090909091,0.9636363636363636,0.5454545454545454,0.7107438016528925,0.8041322314049587
41,8,52,3,14,0.7792207792207793,0.6545454545454545,0.9454545454545454,0.36363636363636365,0.859504132231405,0.36363636363636365,0.9454545454545454,0.48484848484848486,0.6721763085399449,0.7710743801652893
42,11,56,5,5,0.8701298701298701,0.802766393442623,0.9180327868852459,0.6875,0.9180327868852459,0.6875,0.9180327868852459,0.6875,0.802766393442623,0.8739754098360656
43,9,61,2,5,0.9090909090909091,0.8055555555555556,0.9682539682539683,0.6428571428571429,0.9457364341085271,0.6428571428571429,0.9682539682539683,0.72,0.8328682170542636,0.9580498866213152
44,15,50,3,9,0.8441558441558441,0.7841981132075472,0.9433962264150944,0.625,0.8928571428571429,0.625,0.9433962264150944,0.7142857142857143,0.8035714285714286,0.8553459119496856
45,11,51,5,10,0.8051948051948052,0.7172619047619048,0.9107142857142857,0.5238095238095238,0.8717948717948718,0.5238095238095238,0.9107142857142857,0.5945945945945946,0.7331947331947333,0.776360544217687
46,12,49,3,13,0.7922077922077922,0.7111538461538461,0.9423076923076923,0.48,0.8596491228070176,0.48,0.9423076923076923,0.6,0.7298245614035088,0.81
47,10,49,3,15,0.7662337662337663,0.6711538461538462,0.9423076923076923,0.4,0.8448275862068966,0.4,0.9423076923076923,0.5263157894736842,0.6855716878402904,0.836923076923077
48,13,47,2,15,0.7792207792207793,0.7117346938775511,0.9591836734693877,0.4642857142857143,0.8468468468468469,0.4642857142857143,0.9591836734693877,0.6046511627906976,0.7257490048187722,0.7762390670553936
49,8,59,4,6,0.8701298701298701,0.753968253968254,0.9365079365079365,0.5714285714285714,0.921875,0.5714285714285714,0.9365079365079365,0.6153846153846154,0.7686298076923077,0.888888888888889
50,13,46,3,15,0.7662337662337663,0.701530612244898,0.9387755102040817,0.4642857142857143,0.8363636363636363,0.4642857142857143,0.9387755102040817,0.5909090909090909,0.7136363636363636,0.9067055393586005
51,8,54,4,11,0.8051948051948052,0.676043557168784,0.9310344827586207,0.42105263157894735,0.8780487804878049,0.42105263157894735,0.9310344827586207,0.5161290322580645,0.6970889063729346,0.8303085299455535
52,10,51,4,12,0.7922077922077922,0.6909090909090909,0.9272727272727272,0.45454545454545453,0.864406779661017,0.45454545454545453,0.9272727272727272,0.5555555555555556,0.7099811676082863,0.7603305785123967
53,13,44,5,15,0.7402597402597403,0.6811224489795918,0.8979591836734694,0.4642857142857143,0.8148148148148148,0.4642857142857143,0.8979591836734694,0.5652173913043478,0.6900161030595813,0.6822157434402333
54,10,53,0,14,0.8181818181818182,0.7083333333333334,1.0,0.4166666666666667,0.8833333333333333,0.4166666666666667,1.0,0.5882352941176471,0.7357843137254902,0.9441823899371069
55,10,55,3,9,0.8441558441558441,0.7372958257713249,0.9482758620689655,0.5263157894736842,0.9016393442622951,0.5263157894736842,0.9482758620689655,0.625,0.7633196721311475,0.868421052631579
56,6,56,6,9,0.8051948051948052,0.6516129032258065,0.9032258064516129,0.4,0.8818897637795275,0.4,0.9032258064516129,0.4444444444444444,0.663167104111986,0.7021505376344086
57,18,45,2,12,0.8181818181818182,0.7787234042553192,0.9574468085106383,0.6,0.8653846153846154,0.6,0.9574468085106383,0.72,0.7926923076923077,0.8148936170212766
58,12,55,5,5,0.8701298701298701,0.8112745098039216,0.9166666666666666,0.7058823529411765,0.9166666666666666,0.7058823529411765,0.9166666666666666,0.7058823529411765,0.8112745098039216,0.807843137254902
59,11,52,3,11,0.8181818181818182,0.7227272727272727,0.9454545454545454,0.5,0.8813559322033898,0.5,0.9454545454545454,0.6111111111111112,0.7462335216572504,0.8231404958677686
60,12,46,4,15,0.7532467532467533,0.6822222222222223,0.92,0.4444444444444444,0.8288288288288288,0.4444444444444444,0.92,0.5581395348837209,0.6934841818562749,0.8059259259259259
61,8,54,3,12,0.8051948051948052,0.6736842105263158,0.9473684210526315,0.4,0.8780487804878049,0.4,0.9473684210526315,0.5161290322580645,0.6970889063729346,0.8017543859649123
62,11,46,4,16,0.7402597402597403,0.6637037037037037,0.92,0.4074074074074074,0.8214285714285714,0.4074074074074074,0.92,0.5238095238095238,0.6726190476190477,0.8303703703703704
63,9,52,4,12,0.7922077922077922,0.6785714285714286,0.9285714285714286,0.42857142857142855,0.8666666666666667,0.42857142857142855,0.9285714285714286,0.5294117647058824,0.6980392156862745,0.8537414965986394
64,14,50,3,10,0.8311688311688312,0.7633647798742138,0.9433962264150944,0.5833333333333334,0.8849557522123894,0.5833333333333334,0.9433962264150944,0.6829268292682927,0.7839412907403411,0.8553459119496855
65,10,52,4,11,0.8051948051948052,0.7023809523809523,0.9285714285714286,0.47619047619047616,0.8739495798319328,0.47619047619047616,0.9285714285714286,0.5714285714285714,0.7226890756302521,0.842687074829932
66,11,52,2,12,0.8181818181818182,0.7206119162640902,0.9629629629629629,0.4782608695652174,0.8813559322033898,0.4782608695652174,0.9629629629629629,0.6111111111111112,0.7462335216572504,0.8276972624798711
67,7,57,6,7,0.8311688311688312,0.7023809523809523,0.9047619047619048,0.5,0.8976377952755905,0.5,0.9047619047619048,0.5185185185185185,0.7080781568970544,0.8401360544217686
68,9,58,4,6,0.8701298701298701,0.7677419354838709,0.9354838709677419,0.6,0.9206349206349206,0.6,0.9354838709677419,0.6428571428571429,0.7817460317460317,0.8225806451612904
69,13,55,1,8,0.8831168831168831,0.8005952380952381,0.9821428571428571,0.6190476190476191,0.9243697478991597,0.6190476190476191,0.9821428571428571,0.7428571428571429,0.8336134453781513,0.9209183673469388
70,9,55,1,12,0.8311688311688312,0.7053571428571428,0.9821428571428571,0.42857142857142855,0.8943089430894309,0.42857142857142855,0.9821428571428571,0.5806451612903226,0.7374770521898768,0.8681972789115646
71,9,60,1,7,0.8961038961038961,0.7730532786885246,0.9836065573770492,0.5625,0.9375,0.5625,0.9836065573770492,0.6923076923076923,0.8149038461538461,0.8227459016393444
72,6,55,2,14,0.7922077922077922,0.6324561403508772,0.9649122807017544,0.3,0.873015873015873,0.3,0.9649122807017544,0.42857142857142855,0.6507936507936508,0.8298245614035088
73,14,53,2,8,0.8701298701298701,0.8,0.9636363636363636,0.6363636363636364,0.9137931034482759,0.6363636363636364,0.9636363636363636,0.7368421052631579,0.8253176043557169,0.9082644628099175
74,7,51,3,16,0.7532467532467533,0.6243961352657005,0.9444444444444444,0.30434782608695654,0.8429752066115702,0.30434782608695654,0.9444444444444444,0.42424242424242425,0.6336088154269972,0.7262479871175522
75,11,52,1,13,0.8181818181818182,0.7197327044025157,0.9811320754716981,0.4583333333333333,0.8813559322033898,0.4583333333333333,0.9811320754716981,0.6111111111111112,0.7462335216572504,0.8529874213836479
76,8,54,2,13,0.8051948051948052,0.6726190476190477,0.9642857142857143,0.38095238095238093,0.8780487804878049,0.38095238095238093,0.9642857142857143,0.5161290322580645,0.6970889063729346,0.9132653061224489
77,13,47,5,12,0.7792207792207793,0.7119230769230769,0.9038461538461539,0.52,0.8468468468468469,0.52,0.9038461538461539,0.6046511627906976,0.7257490048187722,0.7953846153846154
78,9,60,1,7,0.8961038961038961,0.7730532786885246,0.9836065573770492,0.5625,0.9375,0.5625,0.9836065573770492,0.6923076923076923,0.8149038461538461,0.8381147540983607
79,8,55,5,9,0.8181818181818182,0.6936274509803921,0.9166666666666666,0.47058823529411764,0.8870967741935484,0.47058823529411764,0.9166666666666666,0.5333333333333333,0.7102150537634409,0.7549019607843137
80,12,53,4,8,0.8441558441558441,0.7649122807017543,0.9298245614035088,0.6,0.8983050847457628,0.6,0.9298245614035088,0.6666666666666666,0.7824858757062148,0.8701754385964913
81,13,54,3,7,0.8701298701298701,0.7986842105263158,0.9473684210526315,0.65,0.9152542372881356,0.65,0.9473684210526315,0.7222222222222222,0.8187382297551788,0.8956140350877193
82,10,55,3,9,0.8441558441558441,0.7372958257713249,0.9482758620689655,0.5263157894736842,0.9016393442622951,0.5263157894736842,0.9482758620689655,0.625,0.7633196721311475,0.8629764065335753
83,15,47,4,11,0.8051948051948052,0.7492458521870287,0.9215686274509803,0.5769230769230769,0.8623853211009175,0.5769230769230769,0.9215686274509803,0.6666666666666666,0.764525993883792,0.8114630467571645
84,11,50,4,12,0.7922077922077922,0.7020933977455717,0.9259259259259259,0.4782608695652174,0.8620689655172413,0.4782608695652174,0.9259259259259259,0.5789473684210527,0.720508166969147,0.8091787439613526
85,14,55,2,6,0.8961038961038961,0.8324561403508772,0.9649122807017544,0.7,0.9322033898305084,0.7,0.9649122807017544,0.7777777777777778,0.8549905838041432,0.8736842105263158
86,11,46,5,15,0.7402597402597403,0.6625188536953243,0.9019607843137255,0.4230769230769231,0.8214285714285714,0.4230769230769231,0.9019607843137255,0.5238095238095238,0.6726190476190477,0.7307692307692308
87,11,53,3,10,0.8311688311688312,0.7351190476190477,0.9464285714285714,0.5238095238095238,0.8907563025210085,0.5238095238095238,0.9464285714285714,0.6285714285714286,0.7596638655462185,0.8554421768707483
88,6,51,3,17,0.7402597402597403,0.6026570048309179,0.9444444444444444,0.2608695652173913,0.8360655737704918,0.2608695652173913,0.9444444444444444,0.375,0.6055327868852459,0.855072463768116
89,15,48,3,11,0.8181818181818182,0.7590497737556561,0.9411764705882353,0.5769230769230769,0.8727272727272727,0.5769230769230769,0.9411764705882353,0.6818181818181818,0.7772727272727272,0.8318250377073907
90,11,50,6,10,0.7922077922077922,0.7083333333333334,0.8928571428571429,0.5238095238095238,0.8620689655172413,0.5238095238095238,0.8928571428571429,0.5789473684210527,0.720508166969147,0.863095238095238
91,14,55,0,8,0.8961038961038961,0.8181818181818181,1.0,0.6363636363636364,0.9322033898305084,0.6363636363636364,1.0,0.7777777777777778,0.8549905838041432,0.8297520661157025
92,12,53,1,11,0.8441558441558441,0.751610305958132,0.9814814814814815,0.5217391304347826,0.8983050847457628,0.5217391304347826,0.9814814814814815,0.6666666666666666,0.7824858757062148,0.8462157809983897
93,10,55,2,10,0.8441558441558441,0.7324561403508771,0.9649122807017544,0.5,0.9016393442622951,0.5,0.9649122807017544,0.625,0.7633196721311475,0.8517543859649122
94,5,52,4,16,0.7402597402597403,0.5833333333333334,0.9285714285714286,0.23809523809523808,0.8387096774193549,0.23809523809523808,0.9285714285714286,0.3333333333333333,0.5860215053763441,0.7882653061224489
95,10,55,2,10,0.8441558441558441,0.7324561403508771,0.9649122807017544,0.5,0.9016393442622951,0.5,0.9649122807017544,0.625,0.7633196721311475,0.9271929824561405
96,8,52,5,12,0.7792207792207793,0.656140350877193,0.9122807017543859,0.4,0.859504132231405,0.4,0.9122807017543859,0.48484848484848486,0.6721763085399449,0.8149122807017544
97,7,58,3,9,0.8441558441558441,0.6941598360655737,0.9508196721311475,0.4375,0.90625,0.4375,0.9508196721311475,0.5384615384615384,0.7223557692307692,0.8493852459016394
98,10,55,2,10,0.8441558441558441,0.7324561403508771,0.9649122807017544,0.5,0.9016393442622951,0.5,0.9649122807017544,0.625,0.7633196721311475,0.8675438596491227
99,10,54,4,9,0.8311688311688312,0.7286751361161524,0.9310344827586207,0.5263157894736842,0.8925619834710744,0.5263157894736842,0.9310344827586207,0.6060606060606061,0.7493112947658402,0.8656987295825772
100,11,55,4,7,0.8571428571428571,0.7716572504708098,0.9322033898305084,0.6111111111111112,0.9090909090909091,0.6111111111111112,0.9322033898305084,0.6666666666666666,0.7878787878787878,0.7448210922787194
101,10,55,3,9,0.8441558441558441,0.7372958257713249,0.9482758620689655,0.5263157894736842,0.9016393442622951,0.5263157894736842,0.9482758620689655,0.625,0.7633196721311475,0.7731397459165155
102,16,50,4,7,0.8571428571428571,0.8107890499194848,0.9259259259259259,0.6956521739130435,0.9009009009009009,0.6956521739130435,0.9259259259259259,0.7441860465116279,0.8225434737062645,0.8140096618357487
103,11,45,5,16,0.7272727272727273,0.6537037037037037,0.9,0.4074074074074074,0.8108108108108109,0.4074074074074074,0.9,0.5116279069767442,0.6612193588937776,0.8303703703703704
104,14,46,5,12,0.7792207792207793,0.720211161387632,0.9019607843137255,0.5384615384615384,0.8440366972477065,0.5384615384615384,0.9019607843137255,0.6222222222222222,0.7331294597349644,0.8800904977375565
105,12,57,2,6,0.8961038961038961,0.8163841807909604,0.9661016949152542,0.6666666666666666,0.9344262295081968,0.6666666666666666,0.9661016949152542,0.75,0.8422131147540983,0.9227871939736346
106,11,46,3,17,0.7402597402597403,0.6658163265306123,0.9387755102040817,0.39285714285714285,0.8214285714285714,0.39285714285714285,0.9387755102040817,0.5238095238095238,0.6726190476190477,0.7835276967930029
107,10,50,3,14,0.7792207792207793,0.6800314465408805,0.9433962264150944,0.4166666666666667,0.8547008547008547,0.4166666666666667,0.9433962264150944,0.5405405405405406,0.6976206976206976,0.8309748427672956
108,13,49,2,13,0.8051948051948052,0.7303921568627452,0.9607843137254902,0.5,0.8672566371681416,0.5,0.9607843137254902,0.6341463414634146,0.7507014893157782,0.8288084464555052
109,20,47,4,6,0.8701298701298701,0.8453996983408748,0.9215686274509803,0.7692307692307693,0.9038461538461539,0.7692307692307693,0.9215686274509803,0.8,0.851923076923077,0.8438914027149321
110,14,47,2,14,0.7922077922077922,0.7295918367346939,0.9591836734693877,0.5,0.8545454545454545,0.5,0.9591836734693877,0.6363636363636364,0.7454545454545454,0.7492711370262392
111,8,59,2,8,0.8701298701298701,0.7336065573770492,0.9672131147540983,0.5,0.921875,0.5,0.9672131147540983,0.6153846153846154,0.7686298076923077,0.8002049180327868
112,14,45,2,16,0.7662337662337663,0.7120567375886525,0.9574468085106383,0.4666666666666667,0.8333333333333334,0.4666666666666667,0.9574468085106383,0.6086956521739131,0.7210144927536233,0.8602836879432625
113,12,56,1,8,0.8831168831168831,0.7912280701754386,0.9824561403508771,0.6,0.9256198347107438,0.6,0.9824561403508771,0.7272727272727273,0.8264462809917356,0.9315789473684211
114,13,47,6,11,0.7792207792207793,0.7142295597484276,0.8867924528301887,0.5416666666666666,0.8468468468468469,0.5416666666666666,0.8867924528301887,0.6046511627906976,0.7257490048187722,0.7775157232704403
115,11,46,5,15,0.7402597402597403,0.6625188536953243,0.9019607843137255,0.4230769230769231,0.8214285714285714,0.4230769230769231,0.9019607843137255,0.5238095238095238,0.6726190476190477,0.8770739064856712
116,9,55,4,9,0.8311688311688312,0.7161016949152542,0.9322033898305084,0.5,0.8943089430894309,0.5,0.9322033898305084,0.5806451612903226,0.7374770521898768,0.8898305084745763
117,10,50,4,13,0.7792207792207793,0.6803542673107891,0.9259259259259259,0.43478260869565216,0.8547008547008547,0.43478260869565216,0.9259259259259259,0.5405405405405406,0.6976206976206976,0.8735909822866345
118,9,53,0,15,0.8051948051948052,0.6875,1.0,0.375,0.8760330578512396,0.375,1.0,0.5454545454545454,0.7107438016528925,0.8946540880503144
119,12,55,3,7,0.8701298701298701,0.7899274047186933,0.9482758620689655,0.631578947368421,0.9166666666666666,0.631578947368421,0.9482758620689655,0.7058823529411765,0.8112745098039216,0.8402903811252268
120,8,57,2,10,0.8441558441558441,0.7052730696798493,0.9661016949152542,0.4444444444444444,0.9047619047619048,0.4444444444444444,0.9661016949152542,0.5714285714285714,0.7380952380952381,0.9227871939736346
121,12,48,3,14,0.7792207792207793,0.7013574660633484,0.9411764705882353,0.46153846153846156,0.8495575221238938,0.46153846153846156,0.9411764705882353,0.5853658536585366,0.7174616878912152,0.8733031674208145
122,12,48,3,14,0.7792207792207793,0.7013574660633484,0.9411764705882353,0.46153846153846156,0.8495575221238938,0.46153846153846156,0.9411764705882353,0.5853658536585366,0.7174616878912152,0.834841628959276
123,8,50,3,16,0.7532467532467533,0.6383647798742138,0.9433962264150944,0.3333333333333333,0.8403361344537815,0.3333333333333333,0.9433962264150944,0.45714285714285713,0.6487394957983194,0.7877358490566038
124,8,57,5,7,0.8441558441558441,0.7263440860215054,0.9193548387096774,0.5333333333333333,0.9047619047619048,0.5333333333333333,0.9193548387096774,0.5714285714285714,0.7380952380952381,0.7731182795698923
125,8,58,3,8,0.8571428571428571,0.7254098360655737,0.9508196721311475,0.5,0.9133858267716536,0.5,0.9508196721311475,0.5925925925925926,0.7529892096821231,0.8125
126,5,54,5,13,0.7662337662337663,0.5965160075329567,0.9152542372881356,0.2777777777777778,0.8571428571428571,0.2777777777777778,0.9152542372881356,0.35714285714285715,0.6071428571428571,0.7664783427495292
127,19,38,4,16,0.7402597402597403,0.7238095238095238,0.9047619047619048,0.5428571428571428,0.7916666666666666,0.5428571428571428,0.9047619047619048,0.6551724137931034,0.7234195402298851,0.864625850340136
128,10,51,2,14,0.7922077922077922,0.6894654088050315,0.9622641509433962,0.4166666666666667,0.864406779661017,0.4166666666666667,0.9622641509433962,0.5555555555555556,0.7099811676082863,0.804245283018868
129,9,52,4,12,0.7922077922077922,0.6785714285714286,0.9285714285714286,0.42857142857142855,0.8666666666666667,0.42857142857142855,0.9285714285714286,0.5294117647058824,0.6980392156862745,0.804421768707483
130,9,51,5,12,0.7792207792207793,0.6696428571428571,0.9107142857142857,0.42857142857142855,0.8571428571428571,0.42857142857142855,0.9107142857142857,0.5142857142857142,0.6857142857142857,0.7942176870748299
131,11,53,1,12,0.8311688311688312,0.7298711755233495,0.9814814814814815,0.4782608695652174,0.8907563025210085,0.4782608695652174,0.9814814814814815,0.6285714285714286,0.7596638655462185,0.8309178743961352
132,10,57,3,7,0.8701298701298701,0.7691176470588235,0.95,0.5882352941176471,0.9193548387096774,0.5882352941176471,0.95,0.6666666666666666,0.793010752688172,0.9
133,10,59,2,6,0.8961038961038961,0.7961065573770492,0.9672131147540983,0.625,0.9365079365079365,0.625,0.9672131147540983,0.7142857142857143,0.8253968253968254,0.9057377049180327
134,11,55,3,8,0.8571428571428571,0.7636116152450091,0.9482758620689655,0.5789473684210527,0.9090909090909091,0.5789473684210527,0.9482758620689655,0.6666666666666666,0.7878787878787878,0.8620689655172413
135,9,54,2,12,0.8181818181818182,0.6964285714285714,0.9642857142857143,0.42857142857142855,0.8852459016393442,0.42857142857142855,0.9642857142857143,0.5625,0.7238729508196722,0.8613945578231292
136,8,56,2,11,0.8311688311688312,0.6932849364791289,0.9655172413793104,0.42105263157894735,0.896,0.42105263157894735,0.9655172413793104,0.5517241379310345,0.7238620689655173,0.8602540834845734
137,14,47,5,11,0.7922077922077922,0.7319230769230769,0.9038461538461539,0.56,0.8545454545454545,0.56,0.9038461538461539,0.6363636363636364,0.7454545454545454,0.8507692307692307
138,8,58,3,8,0.8571428571428571,0.7254098360655737,0.9508196721311475,0.5,0.9133858267716536,0.5,0.9508196721311475,0.5925925925925926,0.7529892096821231,0.8924180327868853
139,12,53,2,10,0.8441558441558441,0.7545454545454545,0.9636363636363636,0.5454545454545454,0.8983050847457628,0.5454545454545454,0.9636363636363636,0.6666666666666666,0.7824858757062148,0.8644628099173555
140,7,62,0,8,0.8961038961038961,0.7333333333333334,1.0,0.4666666666666667,0.9393939393939394,0.4666666666666667,1.0,0.6363636363636364,0.7878787878787878,0.896774193548387
141,12,50,5,10,0.8051948051948052,0.7272727272727273,0.9090909090909091,0.5454545454545454,0.8695652173913043,0.5454545454545454,0.9090909090909091,0.6153846153846154,0.7424749163879598,0.8148760330578512
142,5,59,0,13,0.8311688311688312,0.6388888888888888,1.0,0.2777777777777778,0.9007633587786259,0.2777777777777778,1.0,0.43478260869565216,0.667772983737139,0.7532956685499058
143,8,51,3,15,0.7662337662337663,0.6461352657004831,0.9444444444444444,0.34782608695652173,0.85,0.34782608695652173,0.9444444444444444,0.47058823529411764,0.6602941176470588,0.8703703703703703
144,6,54,2,15,0.7792207792207793,0.625,0.9642857142857143,0.2857142857142857,0.864,0.2857142857142857,0.9642857142857143,0.41379310344827586,0.638896551724138,0.6828231292517006
145,6,55,6,10,0.7922077922077922,0.6383196721311475,0.9016393442622951,0.375,0.873015873015873,0.375,0.9016393442622951,0.42857142857142855,0.6507936507936508,0.7776639344262295
146,6,54,6,11,0.7792207792207793,0.6264705882352941,0.9,0.35294117647058826,0.864,0.35294117647058826,0.9,0.41379310344827586,0.638896551724138,0.7049019607843138
147,14,54,0,9,0.8831168831168831,0.8043478260869565,1.0,0.6086956521739131,0.9230769230769231,0.6086956521739131,1.0,0.7567567567567568,0.83991683991684,0.9500805152979066
148,9,61,1,6,0.9090909090909091,0.7919354838709678,0.9838709677419355,0.6,0.9457364341085271,0.6,0.9838709677419355,0.72,0.8328682170542636,0.9688172043010753
149,9,54,1,13,0.8181818181818182,0.6954545454545454,0.9818181818181818,0.4090909090909091,0.8852459016393442,0.4090909090909091,0.9818181818181818,0.5625,0.7238729508196722,0.8487603305785123
150,14,47,2,14,0.7922077922077922,0.7295918367346939,0.9591836734693877,0.5,0.8545454545454545,0.5,0.9591836734693877,0.6363636363636364,0.7454545454545454,0.8418367346938775
151,5,57,1,14,0.8051948051948052,0.6229582577132486,0.9827586206896551,0.2631578947368421,0.8837209302325582,0.2631578947368421,0.9827586206896551,0.4,0.6418604651162791,0.6560798548094373
152,7,59,4,7,0.8571428571428571,0.7182539682539683,0.9365079365079365,0.5,0.9147286821705426,0.5,0.9365079365079365,0.56,0.7373643410852713,0.8401360544217688
153,19,42,4,12,0.7922077922077922,0.7629733520336606,0.9130434782608695,0.6129032258064516,0.84,0.6129032258064516,0.9130434782608695,0.7037037037037037,0.7718518518518518,0.8302945301542777
154,12,48,4,13,0.7792207792207793,0.7015384615384616,0.9230769230769231,0.48,0.8495575221238938,0.48,0.9230769230769231,0.5853658536585366,0.7174616878912152,0.8753846153846153
155,17,50,1,9,0.8701298701298701,0.8171191553544495,0.9803921568627451,0.6538461538461539,0.9090909090909091,0.6538461538461539,0.9803921568627451,0.7727272727272727,0.8409090909090908,0.8891402714932126
156,10,55,3,9,0.8441558441558441,0.7372958257713249,0.9482758620689655,0.5263157894736842,0.9016393442622951,0.5263157894736842,0.9482758620689655,0.625,0.7633196721311475,0.8557168784029038
157,11,51,6,9,0.8051948051948052,0.7223684210526315,0.8947368421052632,0.55,0.8717948717948718,0.55,0.8947368421052632,0.5945945945945946,0.7331947331947333,0.8631578947368421
158,8,59,3,7,0.8701298701298701,0.7424731182795699,0.9516129032258065,0.5333333333333333,0.921875,0.5333333333333333,0.9516129032258065,0.6153846153846154,0.7686298076923077,0.7709677419354839
159,7,61,1,8,0.8831168831168831,0.7252688172043011,0.9838709677419355,0.4666666666666667,0.9312977099236641,0.4666666666666667,0.9838709677419355,0.6086956521739131,0.7699966810487886,0.8311827956989247
160,10,52,3,12,0.8051948051948052,0.7,0.9454545454545454,0.45454545454545453,0.8739495798319328,0.45454545454545453,0.9454545454545454,0.5714285714285714,0.7226890756302521,0.7743801652892562
161,7,52,6,12,0.7662337662337663,0.632486388384755,0.896551724137931,0.3684210526315789,0.8524590163934426,0.3684210526315789,0.896551724137931,0.4375,0.6449795081967213,0.7513611615245009
162,8,56,2,11,0.8311688311688312,0.6932849364791289,0.9655172413793104,0.42105263157894735,0.896,0.42105263157894735,0.9655172413793104,0.5517241379310345,0.7238620689655173,0.8539019963702359
163,10,58,4,5,0.8831168831168831,0.8010752688172043,0.9354838709677419,0.6666666666666666,0.928,0.6666666666666666,0.9354838709677419,0.6896551724137931,0.8088275862068965,0.9053763440860214
164,11,61,1,4,0.935064935064935,0.8586021505376344,0.9838709677419355,0.7333333333333333,0.9606299212598425,0.7333333333333333,0.9838709677419355,0.8148148148148148,0.8877223680373286,0.9698924731182795
165,12,50,1,14,0.8051948051948052,0.7209653092006033,0.9803921568627451,0.46153846153846156,0.8695652173913043,0.46153846153846156,0.9803921568627451,0.6153846153846154,0.7424749163879598,0.8514328808446455
166,13,57,2,5,0.9090909090909091,0.8441619585687382,0.9661016949152542,0.7222222222222222,0.9421487603305785,0.7222222222222222,0.9661016949152542,0.7878787878787878,0.8650137741046832,0.9387947269303202
167,12,50,4,11,0.8051948051948052,0.7238325281803543,0.9259259259259259,0.5217391304347826,0.8695652173913043,0.5217391304347826,0.9259259259259259,0.6153846153846154,0.7424749163879598,0.8599033816425121
168,4,51,5,17,0.7142857142857143,0.5505952380952381,0.9107142857142857,0.19047619047619047,0.8225806451612904,0.19047619047619047,0.9107142857142857,0.26666666666666666,0.5446236559139785,0.7032312925170068
169,10,48,3,16,0.7532467532467533,0.6628959276018099,0.9411764705882353,0.38461538461538464,0.8347826086956521,0.38461538461538464,0.9411764705882353,0.5128205128205128,0.6738015607580825,0.8514328808446456
170,10,58,3,6,0.8831168831168831,0.7879098360655737,0.9508196721311475,0.625,0.928,0.625,0.9508196721311475,0.6896551724137931,0.8088275862068965,0.9067622950819673
171,10,56,1,10,0.8571428571428571,0.7412280701754386,0.9824561403508771,0.5,0.9105691056910569,0.5,0.9824561403508771,0.6451612903225806,0.7778651980068187,0.856140350877193
172,13,46,4,14,0.7662337662337663,0.7007407407407408,0.92,0.48148148148148145,0.8363636363636363,0.48148148148148145,0.92,0.5909090909090909,0.7136363636363636,0.8162962962962963
173,8,55,2,12,0.8181818181818182,0.6824561403508772,0.9649122807017544,0.4,0.8870967741935484,0.4,0.9649122807017544,0.5333333333333333,0.7102150537634409,0.8666666666666667
174,12,50,2,13,0.8051948051948052,0.7207692307692308,0.9615384615384616,0.48,0.8695652173913043,0.48,0.9615384615384616,0.6153846153846154,0.7424749163879598,0.8615384615384616
175,9,55,3,10,0.8311688311688312,0.7109800362976406,0.9482758620689655,0.47368421052631576,0.8943089430894309,0.47368421052631576,0.9482758620689655,0.5806451612903226,0.7374770521898768,0.8157894736842104
176,8,56,3,10,0.8311688311688312,0.6967984934086628,0.9491525423728814,0.4444444444444444,0.896,0.4444444444444444,0.9491525423728814,0.5517241379310345,0.7238620689655173,0.8022598870056495
177,5,60,1,11,0.8441558441558441,0.6480532786885246,0.9836065573770492,0.3125,0.9090909090909091,0.3125,0.9836065573770492,0.45454545454545453,0.6818181818181818,0.8022540983606559
178,8,58,2,9,0.8571428571428571,0.7186274509803922,0.9666666666666667,0.47058823529411764,0.9133858267716536,0.47058823529411764,0.9666666666666667,0.5925925925925926,0.7529892096821231,0.8833333333333334
179,11,50,2,14,0.7922077922077922,0.7007692307692308,0.9615384615384616,0.44,0.8620689655172413,0.44,0.9615384615384616,0.5789473684210527,0.720508166969147,0.8238461538461539
180,11,55,3,8,0.8571428571428571,0.7636116152450091,0.9482758620689655,0.5789473684210527,0.9090909090909091,0.5789473684210527,0.9482758620689655,0.6666666666666666,0.7878787878787878,0.8575317604355717
181,9,60,2,6,0.8961038961038961,0.7838709677419355,0.967741935483871,0.6,0.9375,0.6,0.967741935483871,0.6923076923076923,0.8149038461538461,0.8548387096774194
182,8,55,3,11,0.8181818181818182,0.6846642468239564,0.9482758620689655,0.42105263157894735,0.8870967741935484,0.42105263157894735,0.9482758620689655,0.5333333333333333,0.7102150537634409,0.7822141560798547
183,11,53,3,10,0.8311688311688312,0.7351190476190477,0.9464285714285714,0.5238095238095238,0.8907563025210085,0.5238095238095238,0.9464285714285714,0.6285714285714286,0.7596638655462185,0.8384353741496599
184,11,52,2,12,0.8181818181818182,0.7206119162640902,0.9629629629629629,0.4782608695652174,0.8813559322033898,0.4782608695652174,0.9629629629629629,0.6111111111111112,0.7462335216572504,0.9219001610305958
185,8,54,5,10,0.8051948051948052,0.67984934086629,0.9152542372881356,0.4444444444444444,0.8780487804878049,0.4444444444444444,0.9152542372881356,0.5161290322580645,0.6970889063729346,0.7711864406779662
186,9,56,1,11,0.8441558441558441,0.7162280701754385,0.9824561403508771,0.45,0.9032258064516129,0.45,0.9824561403508771,0.6,0.7516129032258064,0.8333333333333334
187,10,57,1,9,0.8701298701298701,0.7545372050816697,0.9827586206896551,0.5263157894736842,0.9193548387096774,0.5263157894736842,0.9827586206896551,0.6666666666666666,0.793010752688172,0.8239564428312158
188,9,46,3,19,0.7142857142857143,0.6301020408163266,0.9387755102040817,0.32142857142857145,0.8070175438596491,0.32142857142857145,0.9387755102040817,0.45,0.6285087719298246,0.8228862973760933
189,5,59,0,13,0.8311688311688312,0.6388888888888888,1.0,0.2777777777777778,0.9007633587786259,0.2777777777777778,1.0,0.43478260869565216,0.667772983737139,0.7589453860640302
190,6,54,5,12,0.7792207792207793,0.6242937853107344,0.9152542372881356,0.3333333333333333,0.864,0.3333333333333333,0.9152542372881356,0.41379310344827586,0.638896551724138,0.620527306967985
191,9,54,2,12,0.8181818181818182,0.6964285714285714,0.9642857142857143,0.42857142857142855,0.8852459016393442,0.42857142857142855,0.9642857142857143,0.5625,0.7238729508196722,0.8494897959183674
192,10,45,4,18,0.7142857142857143,0.6377551020408163,0.9183673469387755,0.35714285714285715,0.8035714285714286,0.35714285714285715,0.9183673469387755,0.47619047619047616,0.6398809523809523,0.7857142857142857
193,8,53,2,14,0.7922077922077922,0.6636363636363636,0.9636363636363636,0.36363636363636365,0.8688524590163934,0.36363636363636365,0.9636363636363636,0.5,0.6844262295081966,0.8652892561983472
194,13,54,1,9,0.8701298701298701,0.7863636363636364,0.9818181818181818,0.5909090909090909,0.9152542372881356,0.5909090909090909,0.9818181818181818,0.7222222222222222,0.8187382297551788,0.8958677685950414
195,9,49,4,15,0.7532467532467533,0.6497641509433962,0.9245283018867925,0.375,0.8376068376068376,0.375,0.9245283018867925,0.4864864864864865,0.6620466620466621,0.7963836477987422
196,7,52,3,15,0.7662337662337663,0.6318181818181818,0.9454545454545454,0.3181818181818182,0.8524590163934426,0.3181818181818182,0.9454545454545454,0.4375,0.6449795081967213,0.7669421487603306
197,9,54,3,11,0.8181818181818182,0.6986842105263158,0.9473684210526315,0.45,0.8852459016393442,0.45,0.9473684210526315,0.5625,0.7238729508196722,0.8850877192982456
198,7,59,4,7,0.8571428571428571,0.7182539682539683,0.9365079365079365,0.5,0.9147286821705426,0.5,0.9365079365079365,0.56,0.7373643410852713,0.8798185941043083
199,11,57,0,9,0.8831168831168831,0.775,1.0,0.55,0.926829268292683,0.55,1.0,0.7096774193548387,0.8182533438237609,0.9114035087719298
200,9,48,4,16,0.7402597402597403,0.6415384615384616,0.9230769230769231,0.36,0.8275862068965517,0.36,0.9230769230769231,0.47368421052631576,0.6506352087114338,0.8238461538461538
201,8,56,7,6,0.8311688311688312,0.7301587301587301,0.8888888888888888,0.5714285714285714,0.896,0.5714285714285714,0.8888888888888888,0.5517241379310345,0.7238620689655173,0.8639455782312925
202,13,51,2,11,0.8311688311688312,0.7519654088050314,0.9622641509433962,0.5416666666666666,0.8869565217391304,0.5416666666666666,0.9622641509433962,0.6666666666666666,0.7768115942028986,0.9520440251572327
203,9,55,1,12,0.8311688311688312,0.7053571428571428,0.9821428571428571,0.42857142857142855,0.8943089430894309,0.42857142857142855,0.9821428571428571,0.5806451612903226,0.7374770521898768,0.7729591836734695
204,7,59,1,10,0.8571428571428571,0.6975490196078431,0.9833333333333333,0.4117647058823529,0.9147286821705426,0.4117647058823529,0.9833333333333333,0.56,0.7373643410852713,0.8352941176470587
205,5,54,4,14,0.7662337662337663,0.5970961887477314,0.9310344827586207,0.2631578947368421,0.8571428571428571,0.2631578947368421,0.9310344827586207,0.35714285714285715,0.6071428571428571,0.8765880217785844
206,11,53,0,13,0.8311688311688312,0.7291666666666666,1.0,0.4583333333333333,0.8907563025210085,0.4583333333333333,1.0,0.6285714285714286,0.7596638655462185,0.8970125786163522
207,13,52,1,11,0.8441558441558441,0.7613993710691824,0.9811320754716981,0.5416666666666666,0.896551724137931,0.5416666666666666,0.9811320754716981,0.6842105263157895,0.7903811252268602,0.8797169811320755
208,10,60,3,4,0.9090909090909091,0.8333333333333333,0.9523809523809523,0.7142857142857143,0.9448818897637795,0.7142857142857143,0.9523809523809523,0.7407407407407407,0.84281131525226,0.865079365079365
209,13,54,1,9,0.8701298701298701,0.7863636363636364,0.9818181818181818,0.5909090909090909,0.9152542372881356,0.5909090909090909,0.9818181818181818,0.7222222222222222,0.8187382297551788,0.8421487603305785
210,13,47,4,13,0.7792207792207793,0.7107843137254901,0.9215686274509803,0.5,0.8468468468468469,0.5,0.9215686274509803,0.6046511627906976,0.7257490048187722,0.7752639517345399
211,9,56,3,9,0.8441558441558441,0.7245762711864407,0.9491525423728814,0.5,0.9032258064516129,0.5,0.9491525423728814,0.6,0.7516129032258064,0.7900188323917138
212,8,48,4,17,0.7272727272727273,0.6215384615384616,0.9230769230769231,0.32,0.8205128205128205,0.32,0.9230769230769231,0.43243243243243246,0.6264726264726265,0.7815384615384615
213,11,52,2,12,0.8181818181818182,0.7206119162640902,0.9629629629629629,0.4782608695652174,0.8813559322033898,0.4782608695652174,0.9629629629629629,0.6111111111111112,0.7462335216572504,0.824476650563607
214,8,56,1,12,0.8311688311688312,0.6912280701754385,0.9824561403508771,0.4,0.896,0.4,0.9824561403508771,0.5517241379310345,0.7238620689655173,0.8192982456140351
215,11,55,2,9,0.8571428571428571,0.7574561403508773,0.9649122807017544,0.55,0.9090909090909091,0.55,0.9649122807017544,0.6666666666666666,0.7878787878787878,0.8394736842105263
216,8,58,1,10,0.8571428571428571,0.7137476459510358,0.9830508474576272,0.4444444444444444,0.9133858267716536,0.4444444444444444,0.9830508474576272,0.5925925925925926,0.7529892096821231,0.8088512241054614
217,7,58,4,8,0.8441558441558441,0.7010752688172043,0.9354838709677419,0.4666666666666667,0.90625,0.4666666666666667,0.9354838709677419,0.5384615384615384,0.7223557692307692,0.7473118279569892
218,15,46,5,11,0.7922077922077922,0.7394419306184012,0.9019607843137255,0.5769230769230769,0.8518518518518519,0.5769230769230769,0.9019607843137255,0.6521739130434783,0.7520128824476651,0.8122171945701357
219,7,57,3,10,0.8311688311688312,0.6808823529411765,0.95,0.4117647058823529,0.8976377952755905,0.4117647058823529,0.95,0.5185185185185185,0.7080781568970544,0.7833333333333333
220,9,51,1,16,0.7792207792207793,0.6703846153846154,0.9807692307692307,0.36,0.8571428571428571,0.36,0.9807692307692307,0.5142857142857142,0.6857142857142857,0.8476923076923077
221,9,55,3,10,0.8311688311688312,0.7109800362976406,0.9482758620689655,0.47368421052631576,0.8943089430894309,0.47368421052631576,0.9482758620689655,0.5806451612903226,0.7374770521898768,0.8584392014519057
222,10,54,5,8,0.8311688311688312,0.7354048964218456,0.9152542372881356,0.5555555555555556,0.8925619834710744,0.5555555555555556,0.9152542372881356,0.6060606060606061,0.7493112947658402,0.891713747645951
223,10,56,6,5,0.8571428571428571,0.7849462365591398,0.9032258064516129,0.6666666666666666,0.9105691056910569,0.6666666666666666,0.9032258064516129,0.6451612903225806,0.7778651980068187,0.8956989247311827
224,19,48,4,6,0.8701298701298701,0.8415384615384616,0.9230769230769231,0.76,0.9056603773584906,0.76,0.9230769230769231,0.7916666666666666,0.8486635220125787,0.8446153846153845
225,10,53,4,10,0.8181818181818182,0.7149122807017544,0.9298245614035088,0.5,0.8833333333333333,0.5,0.9298245614035088,0.5882352941176471,0.7357843137254902,0.8605263157894737
226,13,51,3,10,0.8311688311688312,0.7548309178743962,0.9444444444444444,0.5652173913043478,0.8869565217391304,0.5652173913043478,0.9444444444444444,0.6666666666666666,0.7768115942028986,0.8180354267310789
227,11,52,0,14,0.8181818181818182,0.72,1.0,0.44,0.8813559322033898,0.44,1.0,0.6111111111111112,0.7462335216572504,0.9130769230769231
228,8,50,7,12,0.7532467532467533,0.6385964912280702,0.8771929824561403,0.4,0.8403361344537815,0.4,0.8771929824561403,0.45714285714285713,0.6487394957983194,0.7298245614035088
229,13,45,5,14,0.7532467532467533,0.6907407407407408,0.9,0.48148148148148145,0.8256880733944955,0.48148148148148145,0.9,0.5777777777777777,0.7017329255861366,0.7718518518518518
230,12,51,2,12,0.8181818181818182,0.7311320754716981,0.9622641509433962,0.5,0.8793103448275862,0.5,0.9622641509433962,0.631578947368421,0.7554446460980035,0.8466981132075473
231,14,43,1,19,0.7402597402597403,0.7007575757575758,0.9772727272727273,0.42424242424242425,0.8113207547169812,0.42424242424242425,0.9772727272727273,0.5833333333333334,0.6973270440251573,0.8505509641873279
232,16,48,2,11,0.8311688311688312,0.7762962962962963,0.96,0.5925925925925926,0.8807339449541285,0.5925925925925926,0.96,0.7111111111111111,0.7959225280326199,0.8659259259259259
233,9,54,4,10,0.8181818181818182,0.7023593466424682,0.9310344827586207,0.47368421052631576,0.8852459016393442,0.47368421052631576,0.9310344827586207,0.5625,0.7238729508196722,0.837568058076225
234,11,54,1,11,0.8441558441558441,0.740909090909091,0.9818181818181818,0.5,0.9,0.5,0.9818181818181818,0.6470588235294118,0.7735294117647059,0.8975206611570249
235,12,48,2,15,0.7792207792207793,0.7022222222222222,0.96,0.4444444444444444,0.8495575221238938,0.4444444444444444,0.96,0.5853658536585366,0.7174616878912152,0.8377777777777777
236,5,53,4,15,0.7532467532467533,0.5899122807017544,0.9298245614035088,0.25,0.848,0.25,0.9298245614035088,0.3448275862068966,0.5964137931034483,0.7973684210526315
237,8,53,3,13,0.7922077922077922,0.6636904761904762,0.9464285714285714,0.38095238095238093,0.8688524590163934,0.38095238095238093,0.9464285714285714,0.5,0.6844262295081966,0.863095238095238
238,16,48,5,8,0.8311688311688312,0.7861635220125787,0.9056603773584906,0.6666666666666666,0.8807339449541285,0.6666666666666666,0.9056603773584906,0.7111111111111111,0.7959225280326199,0.8608490566037734
239,11,50,6,10,0.7922077922077922,0.7083333333333334,0.8928571428571429,0.5238095238095238,0.8620689655172413,0.5238095238095238,0.8928571428571429,0.5789473684210527,0.720508166969147,0.8163265306122449
240,6,53,4,14,0.7662337662337663,0.6149122807017544,0.9298245614035088,0.3,0.8548387096774194,0.3,0.9298245614035088,0.4,0.6274193548387097,0.756140350877193
241,11,51,4,11,0.8051948051948052,0.7136363636363636,0.9272727272727272,0.5,0.8717948717948718,0.5,0.9272727272727272,0.5945945945945946,0.7331947331947333,0.7735537190082645
242,9,56,4,8,0.8441558441558441,0.7313725490196079,0.9333333333333333,0.5294117647058824,0.9032258064516129,0.5294117647058824,0.9333333333333333,0.6,0.7516129032258064,0.8607843137254901
243,13,52,1,11,0.8441558441558441,0.7613993710691824,0.9811320754716981,0.5416666666666666,0.896551724137931,0.5416666666666666,0.9811320754716981,0.6842105263157895,0.7903811252268602,0.8946540880503144
244,7,48,5,17,0.7142857142857143,0.5986635220125787,0.9056603773584906,0.2916666666666667,0.8135593220338984,0.2916666666666667,0.9056603773584906,0.3888888888888889,0.6012241054613936,0.7948113207547169
245,8,57,3,9,0.8441558441558441,0.7102941176470587,0.95,0.47058823529411764,0.9047619047619048,0.47058823529411764,0.95,0.5714285714285714,0.7380952380952381,0.9215686274509804
246,11,53,1,12,0.8311688311688312,0.7298711755233495,0.9814814814814815,0.4782608695652174,0.8907563025210085,0.4782608695652174,0.9814814814814815,0.6285714285714286,0.7596638655462185,0.8872785829307568
247,9,55,4,9,0.8311688311688312,0.7161016949152542,0.9322033898305084,0.5,0.8943089430894309,0.5,0.9322033898305084,0.5806451612903226,0.7374770521898768,0.8578154425612052
248,11,52,6,8,0.8181818181818182,0.7377495462794919,0.896551724137931,0.5789473684210527,0.8813559322033898,0.5789473684210527,0.896551724137931,0.6111111111111112,0.7462335216572504,0.7921960072595281
249,9,49,3,16,0.7532467532467533,0.6511538461538462,0.9423076923076923,0.36,0.8376068376068376,0.36,0.9423076923076923,0.4864864864864865,0.6620466620466621,0.7776923076923077
250,3,59,4,11,0.8051948051948052,0.5753968253968254,0.9365079365079365,0.21428571428571427,0.8872180451127819,0.21428571428571427,0.9365079365079365,0.2857142857142857,0.5864661654135338,0.8480725623582767
251,9,55,3,10,0.8311688311688312,0.7109800362976406,0.9482758620689655,0.47368421052631576,0.8943089430894309,0.47368421052631576,0.9482758620689655,0.5806451612903226,0.7374770521898768,0.9056261343012704
252,7,53,2,15,0.7792207792207793,0.6409090909090909,0.9636363636363636,0.3181818181818182,0.8617886178861789,0.3181818181818182,0.9636363636363636,0.45161290322580644,0.6567007605559927,0.8330578512396694
253,9,52,6,10,0.7922077922077922,0.6851179673321234,0.896551724137931,0.47368421052631576,0.8666666666666667,0.47368421052631576,0.896551724137931,0.5294117647058824,0.6980392156862745,0.7549909255898366
254,16,48,5,8,0.8311688311688312,0.7861635220125787,0.9056603773584906,0.6666666666666666,0.8807339449541285,0.6666666666666666,0.9056603773584906,0.7111111111111111,0.7959225280326199,0.8419811320754718
255,11,54,3,9,0.8441558441558441,0.7486842105263158,0.9473684210526315,0.55,0.9,0.55,0.9473684210526315,0.6470588235294118,0.7735294117647059,0.893859649122807
256,13,49,5,10,0.8051948051948052,0.7363123993558776,0.9074074074074074,0.5652173913043478,0.8672566371681416,0.5652173913043478,0.9074074074074074,0.6341463414634146,0.7507014893157782,0.7463768115942029
257,11,49,1,16,0.7792207792207793,0.6937037037037037,0.98,0.4074074074074074,0.8521739130434782,0.4074074074074074,0.98,0.5641025641025641,0.7081382385730212,0.8037037037037037
258,10,56,4,7,0.8571428571428571,0.7607843137254902,0.9333333333333333,0.5882352941176471,0.9105691056910569,0.5882352941176471,0.9333333333333333,0.6451612903225806,0.7778651980068187,0.8666666666666667
259,13,47,4,13,0.7792207792207793,0.7107843137254901,0.9215686274509803,0.5,0.8468468468468469,0.5,0.9215686274509803,0.6046511627906976,0.7257490048187722,0.8815987933634992
260,10,59,3,5,0.8961038961038961,0.8091397849462365,0.9516129032258065,0.6666666666666666,0.9365079365079365,0.6666666666666666,0.9516129032258065,0.7142857142857143,0.8253968253968254,0.9333333333333333
261,11,44,8,14,0.7142857142857143,0.6430769230769231,0.8461538461538461,0.44,0.8,0.44,0.8461538461538461,0.5,0.65,0.8292307692307692
262,15,48,3,11,0.8181818181818182,0.7590497737556561,0.9411764705882353,0.5769230769230769,0.8727272727272727,0.5769230769230769,0.9411764705882353,0.6818181818181818,0.7772727272727272,0.8966817496229261
263,7,56,3,11,0.8181818181818182,0.6690207156308852,0.9491525423728814,0.3888888888888889,0.8888888888888888,0.3888888888888889,0.9491525423728814,0.5,0.6944444444444444,0.8173258003766477
264,9,51,3,14,0.7792207792207793,0.6678743961352657,0.9444444444444444,0.391304347826087,0.8571428571428571,0.391304347826087,0.9444444444444444,0.5142857142857142,0.6857142857142857,0.9025764895330113
265,7,54,1,15,0.7922077922077922,0.65,0.9818181818181818,0.3181818181818182,0.8709677419354839,0.3181818181818182,0.9818181818181818,0.4666666666666667,0.6688172043010753,0.8198347107438018
266,15,51,7,4,0.8571428571428571,0.8343920145190562,0.8793103448275862,0.7894736842105263,0.9026548672566371,0.7894736842105263,0.8793103448275862,0.7317073170731707,0.8171810921649039,0.9056261343012705
267,8,59,2,8,0.8701298701298701,0.7336065573770492,0.9672131147540983,0.5,0.921875,0.5,0.9672131147540983,0.6153846153846154,0.7686298076923077,0.841188524590164
268,15,46,1,15,0.7922077922077922,0.7393617021276595,0.9787234042553191,0.5,0.8518518518518519,0.5,0.9787234042553191,0.6521739130434783,0.7520128824476651,0.8460992907801419
269,5,57,4,11,0.8051948051948052,0.6234631147540983,0.9344262295081968,0.3125,0.8837209302325582,0.3125,0.9344262295081968,0.4,0.6418604651162791,0.8627049180327869
270,14,55,2,6,0.8961038961038961,0.8324561403508772,0.9649122807017544,0.7,0.9322033898305084,0.7,0.9649122807017544,0.7777777777777778,0.8549905838041432,0.9254385964912281
271,7,55,3,12,0.8051948051948052,0.6583484573502723,0.9482758620689655,0.3684210526315789,0.88,0.3684210526315789,0.9482758620689655,0.4827586206896552,0.6813793103448276,0.7232304900181488
272,11,53,0,13,0.8311688311688312,0.7291666666666666,1.0,0.4583333333333333,0.8907563025210085,0.4583333333333333,1.0,0.6285714285714286,0.7596638655462185,0.8474842767295596
273,8,51,2,16,0.7662337662337663,0.6477987421383647,0.9622641509433962,0.3333333333333333,0.85,0.3333333333333333,0.9622641509433962,0.47058823529411764,0.6602941176470588,0.8325471698113207
274,7,54,3,13,0.7922077922077922,0.6486842105263158,0.9473684210526315,0.35,0.8709677419354839,0.35,0.9473684210526315,0.4666666666666667,0.6688172043010753,0.8999999999999999
275,10,59,3,5,0.8961038961038961,0.8091397849462365,0.9516129032258065,0.6666666666666666,0.9365079365079365,0.6666666666666666,0.9516129032258065,0.7142857142857143,0.8253968253968254,0.910752688172043
276,10,55,2,10,0.8441558441558441,0.7324561403508771,0.9649122807017544,0.5,0.9016393442622951,0.5,0.9649122807017544,0.625,0.7633196721311475,0.7807017543859649
277,12,53,3,9,0.8441558441558441,0.7589285714285714,0.9464285714285714,0.5714285714285714,0.8983050847457628,0.5714285714285714,0.9464285714285714,0.6666666666666666,0.7824858757062148,0.8860544217687074
278,10,49,4,14,0.7662337662337663,0.6705974842767296,0.9245283018867925,0.4166666666666667,0.8448275862068966,0.4166666666666667,0.9245283018867925,0.5263157894736842,0.6855716878402904,0.8820754716981132
279,6,60,5,6,0.8571428571428571,0.7115384615384616,0.9230769230769231,0.5,0.916030534351145,0.5,0.9230769230769231,0.5217391304347826,0.7188848323929637,0.9025641025641026
280,10,54,5,8,0.8311688311688312,0.7354048964218456,0.9152542372881356,0.5555555555555556,0.8925619834710744,0.5555555555555556,0.9152542372881356,0.6060606060606061,0.7493112947658402,0.8173258003766477
281,10,57,2,8,0.8701298701298701,0.7608286252354048,0.9661016949152542,0.5555555555555556,0.9193548387096774,0.5555555555555556,0.9661016949152542,0.6666666666666666,0.793010752688172,0.8455743879472692
282,6,53,6,12,0.7662337662337663,0.615819209039548,0.8983050847457628,0.3333333333333333,0.8548387096774194,0.3333333333333333,0.8983050847457628,0.4,0.6274193548387097,0.7843691148775894
283,13,44,4,16,0.7402597402597403,0.6824712643678161,0.9166666666666666,0.4482758620689655,0.8148148148148148,0.4482758620689655,0.9166666666666666,0.5652173913043478,0.6900161030595813,0.7880747126436781
284,7,56,1,13,0.8181818181818182,0.6662280701754386,0.9824561403508771,0.35,0.8888888888888888,0.35,0.9824561403508771,0.5,0.6944444444444444,0.7675438596491229
285,9,55,3,10,0.8311688311688312,0.7109800362976406,0.9482758620689655,0.47368421052631576,0.8943089430894309,0.47368421052631576,0.9482758620689655,0.5806451612903226,0.7374770521898768,0.7549909255898366
286,14,53,2,8,0.8701298701298701,0.8,0.9636363636363636,0.6363636363636364,0.9137931034482759,0.6363636363636364,0.9636363636363636,0.7368421052631579,0.8253176043557169,0.9066115702479338
287,10,50,3,14,0.7792207792207793,0.6800314465408805,0.9433962264150944,0.4166666666666667,0.8547008547008547,0.4166666666666667,0.9433962264150944,0.5405405405405406,0.6976206976206976,0.8333333333333334
288,11,48,7,11,0.7662337662337663,0.6863636363636363,0.8727272727272727,0.5,0.8421052631578947,0.5,0.8727272727272727,0.55,0.6960526315789474,0.7793388429752066
289,9,58,4,6,0.8701298701298701,0.7677419354838709,0.9354838709677419,0.6,0.9206349206349206,0.6,0.9354838709677419,0.6428571428571429,0.7817460317460317,0.8913978494623656
290,12,59,0,6,0.922077922077922,0.8333333333333333,1.0,0.6666666666666666,0.9516129032258065,0.6666666666666666,1.0,0.8,0.8758064516129033,0.8917137476459509
291,11,52,3,11,0.8181818181818182,0.7227272727272727,0.9454545454545454,0.5,0.8813559322033898,0.5,0.9454545454545454,0.6111111111111112,0.7462335216572504,0.8421487603305786
292,11,51,5,10,0.8051948051948052,0.7172619047619048,0.9107142857142857,0.5238095238095238,0.8717948717948718,0.5238095238095238,0.9107142857142857,0.5945945945945946,0.7331947331947333,0.7840136054421768
293,10,51,3,13,0.7922077922077922,0.6896135265700483,0.9444444444444444,0.43478260869565216,0.864406779661017,0.43478260869565216,0.9444444444444444,0.5555555555555556,0.7099811676082863,0.860708534621578
294,8,49,4,16,0.7402597402597403,0.6289308176100629,0.9245283018867925,0.3333333333333333,0.8305084745762712,0.3333333333333333,0.9245283018867925,0.4444444444444444,0.6374764595103578,0.7161949685534592
295,18,47,4,8,0.8441558441558441,0.8069381598793364,0.9215686274509803,0.6923076923076923,0.8867924528301887,0.6923076923076923,0.9215686274509803,0.75,0.8183962264150944,0.8423831070889896
296,7,59,3,8,0.8571428571428571,0.7091397849462366,0.9516129032258065,0.4666666666666667,0.9147286821705426,0.4666666666666667,0.9516129032258065,0.56,0.7373643410852713,0.8290322580645161
297,6,53,5,13,0.7662337662337663,0.6147912885662432,0.9137931034482759,0.3157894736842105,0.8548387096774194,0.3157894736842105,0.9137931034482759,0.4,0.6274193548387097,0.7885662431941923
298,8,61,2,6,0.8961038961038961,0.7698412698412698,0.9682539682539683,0.5714285714285714,0.9384615384615385,0.5714285714285714,0.9682539682539683,0.6666666666666666,0.8025641025641026,0.8083900226757368
299,13,49,2,13,0.8051948051948052,0.7303921568627452,0.9607843137254902,0.5,0.8672566371681416,0.5,0.9607843137254902,0.6341463414634146,0.7507014893157782,0.8763197586726998
300,10,54,5,8,0.8311688311688312,0.7354048964218456,0.9152542372881356,0.5555555555555556,0.8925619834710744,0.5555555555555556,0.9152542372881356,0.6060606060606061,0.7493112947658402,0.8757062146892656
301,12,55,6,4,0.8701298701298701,0.8258196721311475,0.9016393442622951,0.75,0.9166666666666666,0.75,0.9016393442622951,0.7058823529411765,0.8112745098039216,0.8780737704918032
302,10,54,3,10,0.8311688311688312,0.7236842105263157,0.9473684210526315,0.5,0.8925619834710744,0.5,0.9473684210526315,0.6060606060606061,0.7493112947658402,0.8991228070175439
303,15,56,2,4,0.922077922077922,0.8774954627949183,0.9655172413793104,0.7894736842105263,0.9491525423728814,0.7894736842105263,0.9655172413793104,0.8333333333333334,0.8912429378531074,0.9019963702359347
304,12,48,3,14,0.7792207792207793,0.7013574660633484,0.9411764705882353,0.46153846153846156,0.8495575221238938,0.46153846153846156,0.9411764705882353,0.5853658536585366,0.7174616878912152,0.8235294117647058
305,14,50,4,9,0.8311688311688312,0.7673107890499196,0.9259259259259259,0.6086956521739131,0.8849557522123894,0.6086956521739131,0.9259259259259259,0.6829268292682927,0.7839412907403411,0.9082125603864735
306,6,58,2,11,0.8311688311688312,0.6598039215686274,0.9666666666666667,0.35294117647058826,0.8992248062015504,0.35294117647058826,0.9666666666666667,0.48,0.6896124031007752,0.8862745098039215
307,4,59,2,12,0.8181818181818182,0.6086065573770492,0.9672131147540983,0.25,0.8939393939393939,0.25,0.9672131147540983,0.36363636363636365,0.6287878787878788,0.6454918032786885
308,10,55,5,7,0.8441558441558441,0.7524509803921569,0.9166666666666666,0.5882352941176471,0.9016393442622951,0.5882352941176471,0.9166666666666666,0.625,0.7633196721311475,0.8539215686274509
309,7,56,5,9,0.8181818181818182,0.677766393442623,0.9180327868852459,0.4375,0.8888888888888888,0.4375,0.9180327868852459,0.5,0.6944444444444444,0.8002049180327871
310,7,54,4,12,0.7922077922077922,0.6497277676950998,0.9310344827586207,0.3684210526315789,0.8709677419354839,0.3684210526315789,0.9310344827586207,0.4666666666666667,0.6688172043010753,0.7005444646098005
311,6,56,4,11,0.8051948051948052,0.6431372549019608,0.9333333333333333,0.35294117647058826,0.8818897637795275,0.35294117647058826,0.9333333333333333,0.4444444444444444,0.663167104111986,0.7411764705882353
312,6,53,8,10,0.7662337662337663,0.6219262295081966,0.8688524590163934,0.375,0.8548387096774194,0.375,0.8688524590163934,0.4,0.6274193548387097,0.7920081967213115
313,11,48,6,12,0.7662337662337663,0.6835748792270531,0.8888888888888888,0.4782608695652174,0.8421052631578947,0.4782608695652174,0.8888888888888888,0.55,0.6960526315789474,0.7898550724637681
314,5,54,5,13,0.7662337662337663,0.5965160075329567,0.9152542372881356,0.2777777777777778,0.8571428571428571,0.2777777777777778,0.9152542372881356,0.35714285714285715,0.6071428571428571,0.7871939736346516
315,13,54,1,9,0.8701298701298701,0.7863636363636364,0.9818181818181818,0.5909090909090909,0.9152542372881356,0.5909090909090909,0.9818181818181818,0.7222222222222222,0.8187382297551788,0.8677685950413224
316,9,55,4,9,0.8311688311688312,0.7161016949152542,0.9322033898305084,0.5,0.8943089430894309,0.5,0.9322033898305084,0.5806451612903226,0.7374770521898768,0.879472693032015
317,11,52,5,9,0.8181818181818182,0.731140350877193,0.9122807017543859,0.55,0.8813559322033898,0.55,0.9122807017543859,0.6111111111111112,0.7462335216572504,0.7912280701754386
318,9,52,3,13,0.7922077922077922,0.6772727272727272,0.9454545454545454,0.4090909090909091,0.8666666666666667,0.4090909090909091,0.9454545454545454,0.5294117647058824,0.6980392156862745,0.775206611570248
319,8,54,3,12,0.8051948051948052,0.6736842105263158,0.9473684210526315,0.4,0.8780487804878049,0.4,0.9473684210526315,0.5161290322580645,0.6970889063729346,0.8263157894736842
320,7,56,5,9,0.8181818181818182,0.677766393442623,0.9180327868852459,0.4375,0.8888888888888888,0.4375,0.9180327868852459,0.5,0.6944444444444444,0.7838114754098361
321,14,44,5,14,0.7532467532467533,0.6989795918367347,0.8979591836734694,0.5,0.822429906542056,0.5,0.8979591836734694,0.5957446808510638,0.70908729369656,0.750728862973761
322,10,57,3,7,0.8701298701298701,0.7691176470588235,0.95,0.5882352941176471,0.9193548387096774,0.5882352941176471,0.95,0.6666666666666666,0.793010752688172,0.9372549019607843
323,11,55,4,7,0.8571428571428571,0.7716572504708098,0.9322033898305084,0.6111111111111112,0.9090909090909091,0.6111111111111112,0.9322033898305084,0.6666666666666666,0.7878787878787878,0.8625235404896422
324,17,46,2,12,0.8181818181818182,0.7722701149425287,0.9583333333333334,0.5862068965517241,0.8679245283018868,0.5862068965517241,0.9583333333333334,0.7083333333333334,0.78812893081761,0.9209770114942529
325,15,48,1,13,0.8181818181818182,0.7576530612244898,0.9795918367346939,0.5357142857142857,0.8727272727272727,0.5357142857142857,0.9795918367346939,0.6818181818181818,0.7772727272727272,0.8768221574344023
326,8,54,2,13,0.8051948051948052,0.6726190476190477,0.9642857142857143,0.38095238095238093,0.8780487804878049,0.38095238095238093,0.9642857142857143,0.5161290322580645,0.6970889063729346,0.8443877551020407
327,11,60,2,4,0.922077922077922,0.8505376344086022,0.967741935483871,0.7333333333333333,0.9523809523809523,0.7333333333333333,0.967741935483871,0.7857142857142857,0.8690476190476191,0.9720430107526882
328,8,54,4,11,0.8051948051948052,0.676043557168784,0.9310344827586207,0.42105263157894735,0.8780487804878049,0.42105263157894735,0.9310344827586207,0.5161290322580645,0.6970889063729346,0.7912885662431942
329,8,54,3,12,0.8051948051948052,0.6736842105263158,0.9473684210526315,0.4,0.8780487804878049,0.4,0.9473684210526315,0.5161290322580645,0.6970889063729346,0.8017543859649122
330,13,51,4,9,0.8311688311688312,0.759090909090909,0.9272727272727272,0.5909090909090909,0.8869565217391304,0.5909090909090909,0.9272727272727272,0.6666666666666666,0.7768115942028986,0.8752066115702479
331,9,46,6,16,0.7142857142857143,0.6223076923076922,0.8846153846153846,0.36,0.8070175438596491,0.36,0.8846153846153846,0.45,0.6285087719298246,0.8061538461538462
332,12,54,2,9,0.8571428571428571,0.7678571428571428,0.9642857142857143,0.5714285714285714,0.907563025210084,0.5714285714285714,0.9642857142857143,0.6857142857142857,0.7966386554621849,0.7721088435374149
333,20,46,4,7,0.8571428571428571,0.8303703703703704,0.92,0.7407407407407407,0.8932038834951457,0.7407407407407407,0.92,0.7843137254901961,0.8387588044926708,0.8562962962962962
334,15,50,3,9,0.8441558441558441,0.7841981132075472,0.9433962264150944,0.625,0.8928571428571429,0.625,0.9433962264150944,0.7142857142857143,0.8035714285714286,0.9017295597484277
335,10,57,2,8,0.8701298701298701,0.7608286252354048,0.9661016949152542,0.5555555555555556,0.9193548387096774,0.5555555555555556,0.9661016949152542,0.6666666666666666,0.793010752688172,0.8634651600753295
336,12,48,2,15,0.7792207792207793,0.7022222222222222,0.96,0.4444444444444444,0.8495575221238938,0.4444444444444444,0.96,0.5853658536585366,0.7174616878912152,0.8325925925925924
337,8,58,5,6,0.8571428571428571,0.746031746031746,0.9206349206349206,0.5714285714285714,0.9133858267716536,0.5714285714285714,0.9206349206349206,0.5925925925925926,0.7529892096821231,0.8843537414965986
338,8,57,2,10,0.8441558441558441,0.7052730696798493,0.9661016949152542,0.4444444444444444,0.9047619047619048,0.4444444444444444,0.9661016949152542,0.5714285714285714,0.7380952380952381,0.8691148775894538
339,10,53,4,10,0.8181818181818182,0.7149122807017544,0.9298245614035088,0.5,0.8833333333333333,0.5,0.9298245614035088,0.5882352941176471,0.7357843137254902,0.8070175438596491
340,6,55,3,13,0.7922077922077922,0.632032667876588,0.9482758620689655,0.3157894736842105,0.873015873015873,0.3157894736842105,0.9482758620689655,0.42857142857142855,0.6507936507936508,0.7740471869328494
341,9,56,3,9,0.8441558441558441,0.7245762711864407,0.9491525423728814,0.5,0.9032258064516129,0.5,0.9491525423728814,0.6,0.7516129032258064,0.8691148775894537
342,6,55,2,14,0.7922077922077922,0.6324561403508772,0.9649122807017544,0.3,0.873015873015873,0.3,0.9649122807017544,0.42857142857142855,0.6507936507936508,0.6736842105263157
343,6,58,7,6,0.8311688311688312,0.6961538461538461,0.8923076923076924,0.5,0.8992248062015504,0.5,0.8923076923076924,0.48,0.6896124031007752,0.7730769230769231
344,7,51,4,15,0.7532467532467533,0.6227272727272727,0.9272727272727272,0.3181818181818182,0.8429752066115702,0.3181818181818182,0.9272727272727272,0.42424242424242425,0.6336088154269972,0.784297520661157
345,7,52,3,15,0.7662337662337663,0.6318181818181818,0.9454545454545454,0.3181818181818182,0.8524590163934426,0.3181818181818182,0.9454545454545454,0.4375,0.6449795081967213,0.7661157024793388
346,15,44,5,13,0.7662337662337663,0.7168367346938775,0.8979591836734694,0.5357142857142857,0.8301886792452831,0.5357142857142857,0.8979591836734694,0.625,0.7275943396226415,0.85932944606414
347,8,55,4,10,0.8181818181818182,0.6883239171374764,0.9322033898305084,0.4444444444444444,0.8870967741935484,0.4444444444444444,0.9322033898305084,0.5333333333333333,0.7102150537634409,0.8333333333333334
348,7,62,2,6,0.8961038961038961,0.7536057692307692,0.96875,0.5384615384615384,0.9393939393939394,0.5384615384615384,0.96875,0.6363636363636364,0.7878787878787878,0.9519230769230769
349,13,45,3,16,0.7532467532467533,0.6928879310344828,0.9375,0.4482758620689655,0.8256880733944955,0.4482758620689655,0.9375,0.5777777777777777,0.7017329255861366,0.8318965517241378
350,20,43,3,11,0.8181818181818182,0.7899719495091164,0.9347826086956522,0.6451612903225806,0.86,0.6451612903225806,0.9347826086956522,0.7407407407407407,0.8003703703703704,0.9214586255259467
351,12,50,2,13,0.8051948051948052,0.7207692307692308,0.9615384615384616,0.48,0.8695652173913043,0.48,0.9615384615384616,0.6153846153846154,0.7424749163879598,0.8715384615384616
352,14,51,0,12,0.8441558441558441,0.7692307692307692,1.0,0.5384615384615384,0.8947368421052632,0.5384615384615384,1.0,0.7,0.7973684210526315,0.9351432880844647
353,7,61,1,8,0.8831168831168831,0.7252688172043011,0.9838709677419355,0.4666666666666667,0.9312977099236641,0.4666666666666667,0.9838709677419355,0.6086956521739131,0.7699966810487886,0.8118279569892475
354,11,47,6,13,0.7532467532467533,0.672562893081761,0.8867924528301887,0.4583333333333333,0.831858407079646,0.4583333333333333,0.8867924528301887,0.5365853658536586,0.6842218864666523,0.8742138364779874
355,7,51,2,17,0.7532467532467533,0.6269654088050315,0.9622641509433962,0.2916666666666667,0.8429752066115702,0.2916666666666667,0.9622641509433962,0.42424242424242425,0.6336088154269972,0.7838050314465408
356,14,45,6,12,0.7662337662337663,0.7104072398190044,0.8823529411764706,0.5384615384615384,0.8333333333333334,0.5384615384615384,0.8823529411764706,0.6086956521739131,0.7210144927536233,0.8906485671191553
357,10,51,1,15,0.7922077922077922,0.6903846153846154,0.9807692307692307,0.4,0.864406779661017,0.4,0.9807692307692307,0.5555555555555556,0.7099811676082863,0.8392307692307693
358,9,51,6,11,0.7792207792207793,0.6723684210526316,0.8947368421052632,0.45,0.8571428571428571,0.45,0.8947368421052632,0.5142857142857142,0.6857142857142857,0.8149122807017544
359,11,54,2,10,0.8441558441558441,0.7440476190476191,0.9642857142857143,0.5238095238095238,0.9,0.5238095238095238,0.9642857142857143,0.6470588235294118,0.7735294117647059,0.8358843537414966
360,12,56,3,6,0.8831168831168831,0.807909604519774,0.9491525423728814,0.6666666666666666,0.9256198347107438,0.6666666666666666,0.9491525423728814,0.7272727272727273,0.8264462809917356,0.9133709981167609
361,8,61,1,7,0.8961038961038961,0.7586021505376344,0.9838709677419355,0.5333333333333333,0.9384615384615385,0.5333333333333333,0.9838709677419355,0.6666666666666666,0.8025641025641026,0.9000000000000001
362,11,56,3,7,0.8701298701298701,0.7801318267419963,0.9491525423728814,0.6111111111111112,0.9180327868852459,0.6111111111111112,0.9491525423728814,0.6875,0.802766393442623,0.8370998116760829
363,5,52,5,15,0.7402597402597403,0.581140350877193,0.9122807017543859,0.25,0.8387096774193549,0.25,0.9122807017543859,0.3333333333333333,0.5860215053763441,0.8771929824561403
364,8,58,3,8,0.8571428571428571,0.7254098360655737,0.9508196721311475,0.5,0.9133858267716536,0.5,0.9508196721311475,0.5925925925925926,0.7529892096821231,0.8596311475409837
365,16,47,6,8,0.8181818181818182,0.7767295597484276,0.8867924528301887,0.6666666666666666,0.8703703703703703,0.6666666666666666,0.8867924528301887,0.6956521739130435,0.7830112721417068,0.8954402515723271
366,5,57,5,10,0.8051948051948052,0.6263440860215054,0.9193548387096774,0.3333333333333333,0.8837209302325582,0.3333333333333333,0.9193548387096774,0.4,0.6418604651162791,0.7752688172043011
367,10,53,2,12,0.8181818181818182,0.7090909090909091,0.9636363636363636,0.45454545454545453,0.8833333333333333,0.45454545454545453,0.9636363636363636,0.5882352941176471,0.7357843137254902,0.734710743801653
368,7,49,2,19,0.7272727272727273,0.6150075414781297,0.9607843137254902,0.2692307692307692,0.8235294117647058,0.2692307692307692,0.9607843137254902,0.4,0.611764705882353,0.7714932126696833
369,7,56,4,10,0.8181818181818182,0.6725490196078432,0.9333333333333333,0.4117647058823529,0.8888888888888888,0.4117647058823529,0.9333333333333333,0.5,0.6944444444444444,0.8764705882352941
370,10,55,3,9,0.8441558441558441,0.7372958257713249,0.9482758620689655,0.5263157894736842,0.9016393442622951,0.5263157894736842,0.9482758620689655,0.625,0.7633196721311475,0.8666061705989111
371,7,54,4,12,0.7922077922077922,0.6497277676950998,0.9310344827586207,0.3684210526315789,0.8709677419354839,0.3684210526315789,0.9310344827586207,0.4666666666666667,0.6688172043010753,0.8466424682395645
372,11,52,1,13,0.8181818181818182,0.7197327044025157,0.9811320754716981,0.4583333333333333,0.8813559322033898,0.4583333333333333,0.9811320754716981,0.6111111111111112,0.7462335216572504,0.8215408805031446
373,11,57,0,9,0.8831168831168831,0.775,1.0,0.55,0.926829268292683,0.55,1.0,0.7096774193548387,0.8182533438237609,0.8859649122807017
374,12,49,2,14,0.7922077922077922,0.7111613876319759,0.9607843137254902,0.46153846153846156,0.8596491228070176,0.46153846153846156,0.9607843137254902,0.6,0.7298245614035088,0.8815987933634993
375,13,45,5,14,0.7532467532467533,0.6907407407407408,0.9,0.48148148148148145,0.8256880733944955,0.48148148148148145,0.9,0.5777777777777777,0.7017329255861366,0.8318518518518518
376,13,55,1,8,0.8831168831168831,0.8005952380952381,0.9821428571428571,0.6190476190476191,0.9243697478991597,0.6190476190476191,0.9821428571428571,0.7428571428571429,0.8336134453781513,0.9132653061224489
377,14,50,2,11,0.8311688311688312,0.7607692307692309,0.9615384615384616,0.56,0.8849557522123894,0.56,0.9615384615384616,0.6829268292682927,0.7839412907403411,0.9007692307692308
378,12,47,3,15,0.7662337662337663,0.6922222222222222,0.94,0.4444444444444444,0.8392857142857143,0.4444444444444444,0.94,0.5714285714285714,0.7053571428571428,0.8148148148148149
379,13,53,1,10,0.8571428571428571,0.7733494363929146,0.9814814814814815,0.5652173913043478,0.905982905982906,0.5652173913043478,0.9814814814814815,0.7027027027027027,0.8043428043428044,0.8381642512077294
380,6,56,4,11,0.8051948051948052,0.6431372549019608,0.9333333333333333,0.35294117647058826,0.8818897637795275,0.35294117647058826,0.9333333333333333,0.4444444444444444,0.663167104111986,0.7431372549019607
381,8,57,1,11,0.8441558441558441,0.7019056261343013,0.9827586206896551,0.42105263157894735,0.9047619047619048,0.42105263157894735,0.9827586206896551,0.5714285714285714,0.7380952380952381,0.8085299455535391
382,13,56,3,5,0.8961038961038961,0.8356873822975518,0.9491525423728814,0.7222222222222222,0.9333333333333333,0.7222222222222222,0.9491525423728814,0.7647058823529411,0.8490196078431372,0.911487758945386
383,10,53,3,11,0.8181818181818182,0.7113095238095237,0.9464285714285714,0.47619047619047616,0.8833333333333333,0.47619047619047616,0.9464285714285714,0.5882352941176471,0.7357843137254902,0.8146258503401361
384,6,57,6,8,0.8181818181818182,0.6666666666666666,0.9047619047619048,0.42857142857142855,0.890625,0.42857142857142855,0.9047619047619048,0.46153846153846156,0.6760817307692308,0.8129251700680272
385,13,53,4,7,0.8571428571428571,0.7899122807017545,0.9298245614035088,0.65,0.905982905982906,0.65,0.9298245614035088,0.7027027027027027,0.8043428043428044,0.9184210526315789
386,14,52,1,10,0.8571428571428571,0.7822327044025157,0.9811320754716981,0.5833333333333334,0.9043478260869565,0.5833333333333334,0.9811320754716981,0.717948717948718,0.8111482720178372,0.9072327044025157
387,7,55,2,13,0.8051948051948052,0.6574561403508772,0.9649122807017544,0.35,0.88,0.35,0.9649122807017544,0.4827586206896552,0.6813793103448276,0.7526315789473684
388,7,48,2,20,0.7142857142857143,0.6096296296296296,0.96,0.25925925925925924,0.8135593220338984,0.25925925925925924,0.96,0.3888888888888889,0.6012241054613936,0.7822222222222222
389,8,51,5,13,0.7662337662337663,0.6458333333333333,0.9107142857142857,0.38095238095238093,0.85,0.38095238095238093,0.9107142857142857,0.47058823529411764,0.6602941176470588,0.7806122448979592
390,9,63,2,3,0.935064935064935,0.8596153846153847,0.9692307692307692,0.75,0.9618320610687023,0.75,0.9692307692307692,0.782608695652174,0.8722203783604381,0.9576923076923077
391,8,47,5,17,0.7142857142857143,0.6119230769230769,0.9038461538461539,0.32,0.8103448275862069,0.32,0.9038461538461539,0.42105263157894735,0.6156987295825771,0.683076923076923
392,13,52,1,11,0.8441558441558441,0.7613993710691824,0.9811320754716981,0.5416666666666666,0.896551724137931,0.5416666666666666,0.9811320754716981,0.6842105263157895,0.7903811252268602,0.8726415094339622
393,14,53,2,8,0.8701298701298701,0.8,0.9636363636363636,0.6363636363636364,0.9137931034482759,0.6363636363636364,0.9636363636363636,0.7368421052631579,0.8253176043557169,0.9057851239669422
394,6,58,2,11,0.8311688311688312,0.6598039215686274,0.9666666666666667,0.35294117647058826,0.8992248062015504,0.35294117647058826,0.9666666666666667,0.48,0.6896124031007752,0.8088235294117647
395,10,55,2,10,0.8441558441558441,0.7324561403508771,0.9649122807017544,0.5,0.9016393442622951,0.5,0.9649122807017544,0.625,0.7633196721311475,0.9228070175438596
396,11,56,1,9,0.8701298701298701,0.7662280701754386,0.9824561403508771,0.55,0.9180327868852459,0.55,0.9824561403508771,0.6875,0.802766393442623,0.8929824561403509
397,6,59,2,10,0.8441558441558441,0.6711065573770492,0.9672131147540983,0.375,0.9076923076923077,0.375,0.9672131147540983,0.5,0.7038461538461538,0.8831967213114754
398,7,51,5,14,0.7532467532467533,0.6220238095238095,0.9107142857142857,0.3333333333333333,0.8429752066115702,0.3333333333333333,0.9107142857142857,0.42424242424242425,0.6336088154269972,0.7984693877551021
399,10,57,0,10,0.8701298701298701,0.75,1.0,0.5,0.9193548387096774,0.5,1.0,0.6666666666666666,0.793010752688172,0.9228070175438596
400,11,48,1,17,0.7662337662337663,0.6862244897959183,0.9795918367346939,0.39285714285714285,0.8421052631578947,0.39285714285714285,0.9795918367346939,0.55,0.6960526315789474,0.9037900874635568
401,9,53,2,13,0.8051948051948052,0.6863636363636364,0.9636363636363636,0.4090909090909091,0.8760330578512396,0.4090909090909091,0.9636363636363636,0.5454545454545454,0.7107438016528925,0.8132231404958679
402,7,53,5,12,0.7792207792207793,0.6411070780399274,0.9137931034482759,0.3684210526315789,0.8617886178861789,0.3684210526315789,0.9137931034482759,0.45161290322580644,0.6567007605559927,0.8049001814882033
403,14,48,3,12,0.8051948051948052,0.7398190045248869,0.9411764705882353,0.5384615384615384,0.8648648648648649,0.5384615384615384,0.9411764705882353,0.6511627906976745,0.7580138277812697,0.8733031674208145
404,15,49,1,12,0.8311688311688312,0.7677777777777778,0.98,0.5555555555555556,0.8828828828828829,0.5555555555555556,0.98,0.6976744186046512,0.790278650743767,0.977037037037037
405,8,58,2,9,0.8571428571428571,0.7186274509803922,0.9666666666666667,0.47058823529411764,0.9133858267716536,0.47058823529411764,0.9666666666666667,0.5925925925925926,0.7529892096821231,0.8696078431372549
406,9,58,3,7,0.8701298701298701,0.7566598360655737,0.9508196721311475,0.5625,0.9206349206349206,0.5625,0.9508196721311475,0.6428571428571429,0.7817460317460317,0.8012295081967213
407,11,56,2,8,0.8701298701298701,0.7722323049001816,0.9655172413793104,0.5789473684210527,0.9180327868852459,0.5789473684210527,0.9655172413793104,0.6875,0.802766393442623,0.8829401088929221
408,12,48,4,13,0.7792207792207793,0.7015384615384616,0.9230769230769231,0.48,0.8495575221238938,0.48,0.9230769230769231,0.5853658536585366,0.7174616878912152,0.8715384615384616
409,7,52,6,12,0.7662337662337663,0.632486388384755,0.896551724137931,0.3684210526315789,0.8524590163934426,0.3684210526315789,0.896551724137931,0.4375,0.6449795081967213,0.8157894736842105
410,7,53,4,13,0.7792207792207793,0.6399122807017543,0.9298245614035088,0.35,0.8617886178861789,0.35,0.9298245614035088,0.45161290322580644,0.6567007605559927,0.8315789473684211
411,12,51,2,12,0.8181818181818182,0.7311320754716981,0.9622641509433962,0.5,0.8793103448275862,0.5,0.9622641509433962,0.631578947368421,0.7554446460980035,0.8671383647798742
412,9,57,2,9,0.8571428571428571,0.7330508474576272,0.9661016949152542,0.5,0.912,0.5,0.9661016949152542,0.6206896551724138,0.7663448275862069,0.9199623352165724
413,8,55,3,11,0.8181818181818182,0.6846642468239564,0.9482758620689655,0.42105263157894735,0.8870967741935484,0.42105263157894735,0.9482758620689655,0.5333333333333333,0.7102150537634409,0.8148820326678766
414,8,50,5,14,0.7532467532467533,0.6363636363636364,0.9090909090909091,0.36363636363636365,0.8403361344537815,0.36363636363636365,0.9090909090909091,0.45714285714285713,0.6487394957983194,0.7950413223140496
415,6,64,0,7,0.9090909090909091,0.7307692307692308,1.0,0.46153846153846156,0.9481481481481482,0.46153846153846156,1.0,0.631578947368421,0.7898635477582846,0.7956730769230769
416,11,53,7,6,0.8311688311688312,0.7651960784313725,0.8833333333333333,0.6470588235294118,0.8907563025210085,0.6470588235294118,0.8833333333333333,0.6285714285714286,0.7596638655462185,0.8666666666666667
417,8,58,3,8,0.8571428571428571,0.7254098360655737,0.9508196721311475,0.5,0.9133858267716536,0.5,0.9508196721311475,0.5925925925925926,0.7529892096821231,0.8493852459016393
418,14,50,2,11,0.8311688311688312,0.7607692307692309,0.9615384615384616,0.56,0.8849557522123894,0.56,0.9615384615384616,0.6829268292682927,0.7839412907403411,0.8576923076923078
419,7,51,3,16,0.7532467532467533,0.6243961352657005,0.9444444444444444,0.30434782608695654,0.8429752066115702,0.30434782608695654,0.9444444444444444,0.42424242424242425,0.6336088154269972,0.7455716586151369
420,11,51,3,12,0.8051948051948052,0.711352657004831,0.9444444444444444,0.4782608695652174,0.8717948717948718,0.4782608695652174,0.9444444444444444,0.5945945945945946,0.7331947331947333,0.78743961352657
421,6,58,2,11,0.8311688311688312,0.6598039215686274,0.9666666666666667,0.35294117647058826,0.8992248062015504,0.35294117647058826,0.9666666666666667,0.48,0.6896124031007752,0.8598039215686275
422,12,52,4,9,0.8311688311688312,0.75,0.9285714285714286,0.5714285714285714,0.8888888888888888,0.5714285714285714,0.9285714285714286,0.6486486486486487,0.7687687687687688,0.8069727891156462
423,8,60,2,7,0.8831168831168831,0.7505376344086021,0.967741935483871,0.5333333333333333,0.9302325581395349,0.5333333333333333,0.967741935483871,0.64,0.7851162790697674,0.8279569892473119
424,12,46,4,15,0.7532467532467533,0.6822222222222223,0.92,0.4444444444444444,0.8288288288288288,0.4444444444444444,0.92,0.5581395348837209,0.6934841818562749,0.8488888888888888
425,8,51,3,15,0.7662337662337663,0.6461352657004831,0.9444444444444444,0.34782608695652173,0.85,0.34782608695652173,0.9444444444444444,0.47058823529411764,0.6602941176470588,0.8099838969404185
426,12,51,4,10,0.8181818181818182,0.7363636363636363,0.9272727272727272,0.5454545454545454,0.8793103448275862,0.5454545454545454,0.9272727272727272,0.631578947368421,0.7554446460980035,0.7884297520661157
427,4,61,3,9,0.8441558441558441,0.6304086538461539,0.953125,0.3076923076923077,0.9104477611940298,0.3076923076923077,0.953125,0.4,0.655223880597015,0.8305288461538461
428,7,51,7,12,0.7532467532467533,0.6238656987295825,0.8793103448275862,0.3684210526315789,0.8429752066115702,0.3684210526315789,0.8793103448275862,0.42424242424242425,0.6336088154269972,0.7604355716878403
429,13,49,2,13,0.8051948051948052,0.7303921568627452,0.9607843137254902,0.5,0.8672566371681416,0.5,0.9607843137254902,0.6341463414634146,0.7507014893157782,0.8876319758672702
430,12,51,2,12,0.8181818181818182,0.7311320754716981,0.9622641509433962,0.5,0.8793103448275862,0.5,0.9622641509433962,0.631578947368421,0.7554446460980035,0.8089622641509433
431,11,52,3,11,0.8181818181818182,0.7227272727272727,0.9454545454545454,0.5,0.8813559322033898,0.5,0.9454545454545454,0.6111111111111112,0.7462335216572504,0.8115702479338843
432,9,56,2,10,0.8441558441558441,0.7196007259528131,0.9655172413793104,0.47368421052631576,0.9032258064516129,0.47368421052631576,0.9655172413793104,0.6,0.7516129032258064,0.9255898366606171
433,5,55,0,17,0.7792207792207793,0.6136363636363636,1.0,0.22727272727272727,0.8661417322834646,0.22727272727272727,1.0,0.37037037037037035,0.6182560513269175,0.8685950413223141
434,12,56,2,7,0.8831168831168831,0.7985480943738656,0.9655172413793104,0.631578947368421,0.9256198347107438,0.631578947368421,0.9655172413793104,0.7272727272727273,0.8264462809917356,0.8720508166969148
435,7,56,2,12,0.8181818181818182,0.6669691470054446,0.9655172413793104,0.3684210526315789,0.8888888888888888,0.3684210526315789,0.9655172413793104,0.5,0.6944444444444444,0.7985480943738656
436,10,55,2,10,0.8441558441558441,0.7324561403508771,0.9649122807017544,0.5,0.9016393442622951,0.5,0.9649122807017544,0.625,0.7633196721311475,0.7280701754385965
437,7,61,2,7,0.8831168831168831,0.7341269841269842,0.9682539682539683,0.5,0.9312977099236641,0.5,0.9682539682539683,0.6086956521739131,0.7699966810487886,0.8106575963718821
438,9,54,2,12,0.8181818181818182,0.6964285714285714,0.9642857142857143,0.42857142857142855,0.8852459016393442,0.42857142857142855,0.9642857142857143,0.5625,0.7238729508196722,0.9081632653061225
439,12,54,2,9,0.8571428571428571,0.7678571428571428,0.9642857142857143,0.5714285714285714,0.907563025210084,0.5714285714285714,0.9642857142857143,0.6857142857142857,0.7966386554621849,0.9506802721088435
440,8,55,4,10,0.8181818181818182,0.6883239171374764,0.9322033898305084,0.4444444444444444,0.8870967741935484,0.4444444444444444,0.9322033898305084,0.5333333333333333,0.7102150537634409,0.756120527306968
441,10,50,4,13,0.7792207792207793,0.6803542673107891,0.9259259259259259,0.43478260869565216,0.8547008547008547,0.43478260869565216,0.9259259259259259,0.5405405405405406,0.6976206976206976,0.8252818035426731
442,10,50,3,14,0.7792207792207793,0.6800314465408805,0.9433962264150944,0.4166666666666667,0.8547008547008547,0.4166666666666667,0.9433962264150944,0.5405405405405406,0.6976206976206976,0.8286163522012582
443,15,48,5,9,0.8181818181818182,0.7653301886792453,0.9056603773584906,0.625,0.8727272727272727,0.625,0.9056603773584906,0.6818181818181818,0.7772727272727272,0.8034591194968553
444,15,52,2,8,0.8701298701298701,0.8075684380032206,0.9629629629629629,0.6521739130434783,0.9122807017543859,0.6521739130434783,0.9629629629629629,0.75,0.831140350877193,0.8784219001610306
445,10,53,5,9,0.8181818181818182,0.72005444646098,0.9137931034482759,0.5263157894736842,0.8833333333333333,0.5263157894736842,0.9137931034482759,0.5882352941176471,0.7357843137254902,0.7658802177858438
446,10,49,0,18,0.7662337662337663,0.6785714285714286,1.0,0.35714285714285715,0.8448275862068966,0.35714285714285715,1.0,0.5263157894736842,0.6855716878402904,0.8301749271137027
447,12,54,2,9,0.8571428571428571,0.7678571428571428,0.9642857142857143,0.5714285714285714,0.907563025210084,0.5714285714285714,0.9642857142857143,0.6857142857142857,0.7966386554621849,0.8835034013605443
448,9,52,1,15,0.7922077922077922,0.6780660377358491,0.9811320754716981,0.375,0.8666666666666667,0.375,0.9811320754716981,0.5294117647058824,0.6980392156862745,0.8317610062893082
449,10,52,4,11,0.8051948051948052,0.7023809523809523,0.9285714285714286,0.47619047619047616,0.8739495798319328,0.47619047619047616,0.9285714285714286,0.5714285714285714,0.7226890756302521,0.8214285714285714
450,13,45,4,15,0.7532467532467533,0.6913265306122449,0.9183673469387755,0.4642857142857143,0.8256880733944955,0.4642857142857143,0.9183673469387755,0.5777777777777777,0.7017329255861366,0.8389212827988337
451,15,49,1,12,0.8311688311688312,0.7677777777777778,0.98,0.5555555555555556,0.8828828828828829,0.5555555555555556,0.98,0.6976744186046512,0.790278650743767,0.9088888888888889
452,12,54,2,9,0.8571428571428571,0.7678571428571428,0.9642857142857143,0.5714285714285714,0.907563025210084,0.5714285714285714,0.9642857142857143,0.6857142857142857,0.7966386554621849,0.9013605442176871
453,9,52,3,13,0.7922077922077922,0.6772727272727272,0.9454545454545454,0.4090909090909091,0.8666666666666667,0.4090909090909091,0.9454545454545454,0.5294117647058824,0.6980392156862745,0.8
454,13,50,3,11,0.8181818181818182,0.7425314465408805,0.9433962264150944,0.5416666666666666,0.8771929824561403,0.5416666666666666,0.9433962264150944,0.65,0.7635964912280702,0.9088050314465409
455,9,49,4,15,0.7532467532467533,0.6497641509433962,0.9245283018867925,0.375,0.8376068376068376,0.375,0.9245283018867925,0.4864864864864865,0.6620466620466621,0.7940251572327044
456,6,57,5,9,0.8181818181818182,0.6596774193548387,0.9193548387096774,0.4,0.890625,0.4,0.9193548387096774,0.46153846153846156,0.6760817307692308,0.8956989247311827
457,11,53,2,11,0.8311688311688312,0.7318181818181818,0.9636363636363636,0.5,0.8907563025210085,0.5,0.9636363636363636,0.6285714285714286,0.7596638655462185,0.8776859504132232
458,12,50,5,10,0.8051948051948052,0.7272727272727273,0.9090909090909091,0.5454545454545454,0.8695652173913043,0.5454545454545454,0.9090909090909091,0.6153846153846154,0.7424749163879598,0.8851239669421488
459,8,49,5,15,0.7402597402597403,0.6276167471819646,0.9074074074074074,0.34782608695652173,0.8305084745762712,0.34782608695652173,0.9074074074074074,0.4444444444444444,0.6374764595103578,0.785024154589372
460,7,56,2,12,0.8181818181818182,0.6669691470054446,0.9655172413793104,0.3684210526315789,0.8888888888888888,0.3684210526315789,0.9655172413793104,0.5,0.6944444444444444,0.7676950998185118
461,12,47,4,14,0.7662337662337663,0.691553544494721,0.9215686274509803,0.46153846153846156,0.8392857142857143,0.46153846153846156,0.9215686274509803,0.5714285714285714,0.7053571428571428,0.8401206636500754
462,6,58,2,11,0.8311688311688312,0.6598039215686274,0.9666666666666667,0.35294117647058826,0.8992248062015504,0.35294117647058826,0.9666666666666667,0.48,0.6896124031007752,0.8627450980392157
463,9,58,2,8,0.8701298701298701,0.7480392156862745,0.9666666666666667,0.5294117647058824,0.9206349206349206,0.5294117647058824,0.9666666666666667,0.6428571428571429,0.7817460317460317,0.8098039215686275
464,14,52,1,10,0.8571428571428571,0.7822327044025157,0.9811320754716981,0.5833333333333334,0.9043478260869565,0.5833333333333334,0.9811320754716981,0.717948717948718,0.8111482720178372,0.8836477987421384
465,10,51,2,14,0.7922077922077922,0.6894654088050315,0.9622641509433962,0.4166666666666667,0.864406779661017,0.4166666666666667,0.9622641509433962,0.5555555555555556,0.7099811676082863,0.8569182389937108
466,5,60,3,9,0.8441558441558441,0.6547619047619048,0.9523809523809523,0.35714285714285715,0.9090909090909091,0.35714285714285715,0.9523809523809523,0.45454545454545453,0.6818181818181818,0.6746031746031746
467,11,53,2,11,0.8311688311688312,0.7318181818181818,0.9636363636363636,0.5,0.8907563025210085,0.5,0.9636363636363636,0.6285714285714286,0.7596638655462185,0.9049586776859506
468,8,53,5,11,0.7922077922077922,0.6674228675136116,0.9137931034482759,0.42105263157894735,0.8688524590163934,0.42105263157894735,0.9137931034482759,0.5,0.6844262295081966,0.7087114337568058
469,16,50,2,9,0.8571428571428571,0.8007692307692308,0.9615384615384616,0.64,0.9009009009009009,0.64,0.9615384615384616,0.7441860465116279,0.8225434737062645,0.9276923076923077
470,16,47,1,13,0.8181818181818182,0.7654454022988506,0.9791666666666666,0.5517241379310345,0.8703703703703703,0.5517241379310345,0.9791666666666666,0.6956521739130435,0.7830112721417068,0.826867816091954
471,12,50,3,12,0.8051948051948052,0.7216981132075472,0.9433962264150944,0.5,0.8695652173913043,0.5,0.9433962264150944,0.6153846153846154,0.7424749163879598,0.8372641509433961
472,9,50,4,14,0.7662337662337663,0.6586151368760065,0.9259259259259259,0.391304347826087,0.847457627118644,0.391304347826087,0.9259259259259259,0.5,0.673728813559322,0.8220611916264089
473,12,55,2,8,0.8701298701298701,0.7824561403508772,0.9649122807017544,0.6,0.9166666666666666,0.6,0.9649122807017544,0.7058823529411765,0.8112745098039216,0.95
474,10,53,2,12,0.8181818181818182,0.7090909090909091,0.9636363636363636,0.45454545454545453,0.8833333333333333,0.45454545454545453,0.9636363636363636,0.5882352941176471,0.7357843137254902,0.8611570247933884
475,8,56,3,10,0.8311688311688312,0.6967984934086628,0.9491525423728814,0.4444444444444444,0.896,0.4444444444444444,0.9491525423728814,0.5517241379310345,0.7238620689655173,0.7909604519774012
476,13,56,0,8,0.8961038961038961,0.8095238095238095,1.0,0.6190476190476191,0.9333333333333333,0.6190476190476191,1.0,0.7647058823529411,0.8490196078431372,0.939625850340136
477,8,52,2,15,0.7792207792207793,0.6553945249597424,0.9629629629629629,0.34782608695652173,0.859504132231405,0.34782608695652173,0.9629629629629629,0.48484848484848486,0.6721763085399449,0.7769726247987118
478,13,49,5,10,0.8051948051948052,0.7363123993558776,0.9074074074074074,0.5652173913043478,0.8672566371681416,0.5652173913043478,0.9074074074074074,0.6341463414634146,0.7507014893157782,0.8035426731078905
479,12,46,4,15,0.7532467532467533,0.6822222222222223,0.92,0.4444444444444444,0.8288288288288288,0.4444444444444444,0.92,0.5581395348837209,0.6934841818562749,0.8155555555555556
480,15,49,2,11,0.8311688311688312,0.7688536953242835,0.9607843137254902,0.5769230769230769,0.8828828828828829,0.5769230769230769,0.9607843137254902,0.6976744186046512,0.790278650743767,0.8740573152337857
481,9,55,2,11,0.8311688311688312,0.7074561403508772,0.9649122807017544,0.45,0.8943089430894309,0.45,0.9649122807017544,0.5806451612903226,0.7374770521898768,0.868421052631579
482,10,56,3,8,0.8571428571428571,0.7523540489642184,0.9491525423728814,0.5555555555555556,0.9105691056910569,0.5555555555555556,0.9491525423728814,0.6451612903225806,0.7778651980068187,0.8662900188323918
483,12,50,4,11,0.8051948051948052,0.7238325281803543,0.9259259259259259,0.5217391304347826,0.8695652173913043,0.5217391304347826,0.9259259259259259,0.6153846153846154,0.7424749163879598,0.859098228663446
484,7,54,4,12,0.7922077922077922,0.6497277676950998,0.9310344827586207,0.3684210526315789,0.8709677419354839,0.3684210526315789,0.9310344827586207,0.4666666666666667,0.6688172043010753,0.7531760435571687
485,10,49,6,12,0.7662337662337663,0.6727272727272727,0.8909090909090909,0.45454545454545453,0.8448275862068966,0.45454545454545453,0.8909090909090909,0.5263157894736842,0.6855716878402904,0.8256198347107437
486,10,59,2,6,0.8961038961038961,0.7961065573770492,0.9672131147540983,0.625,0.9365079365079365,0.625,0.9672131147540983,0.7142857142857143,0.8253968253968254,0.9159836065573771
487,11,49,4,13,0.7792207792207793,0.6914308176100629,0.9245283018867925,0.4583333333333333,0.8521739130434782,0.4583333333333333,0.9245283018867925,0.5641025641025641,0.7081382385730212,0.8160377358490566
488,12,48,4,13,0.7792207792207793,0.7015384615384616,0.9230769230769231,0.48,0.8495575221238938,0.48,0.9230769230769231,0.5853658536585366,0.7174616878912152,0.7530769230769232
489,7,53,1,16,0.7792207792207793,0.642914653784219,0.9814814814814815,0.30434782608695654,0.8617886178861789,0.30434782608695654,0.9814814814814815,0.45161290322580644,0.6567007605559927,0.8309178743961352
490,11,51,4,11,0.8051948051948052,0.7136363636363636,0.9272727272727272,0.5,0.8717948717948718,0.5,0.9272727272727272,0.5945945945945946,0.7331947331947333,0.7917355371900826
491,7,51,2,17,0.7532467532467533,0.6269654088050315,0.9622641509433962,0.2916666666666667,0.8429752066115702,0.2916666666666667,0.9622641509433962,0.42424242424242425,0.6336088154269972,0.6462264150943396
492,16,47,4,10,0.8181818181818182,0.7684766214177978,0.9215686274509803,0.6153846153846154,0.8703703703703703,0.6153846153846154,0.9215686274509803,0.6956521739130435,0.7830112721417068,0.8401206636500754
493,12,47,5,13,0.7662337662337663,0.6919230769230769,0.9038461538461539,0.48,0.8392857142857143,0.48,0.9038461538461539,0.5714285714285714,0.7053571428571428,0.8576923076923076
494,8,57,3,9,0.8441558441558441,0.7102941176470587,0.95,0.47058823529411764,0.9047619047619048,0.47058823529411764,0.95,0.5714285714285714,0.7380952380952381,0.8068627450980392
495,12,53,5,7,0.8441558441558441,0.7726860254083485,0.9137931034482759,0.631578947368421,0.8983050847457628,0.631578947368421,0.9137931034482759,0.6666666666666666,0.7824858757062148,0.777676950998185
496,9,56,1,11,0.8441558441558441,0.7162280701754385,0.9824561403508771,0.45,0.9032258064516129,0.45,0.9824561403508771,0.6,0.7516129032258064,0.8114035087719298
497,8,59,2,8,0.8701298701298701,0.7336065573770492,0.9672131147540983,0.5,0.921875,0.5,0.9672131147540983,0.6153846153846154,0.7686298076923077,0.9190573770491803
498,10,48,2,17,0.7532467532467533,0.6651851851851851,0.96,0.37037037037037035,0.8347826086956521,0.37037037037037035,0.96,0.5128205128205128,0.6738015607580825,0.8637037037037035
499,7,55,4,11,0.8051948051948052,0.6605461393596986,0.9322033898305084,0.3888888888888889,0.88,0.3888888888888889,0.9322033898305084,0.4827586206896552,0.6813793103448276,0.8662900188323917
500,16,46,2,13,0.8051948051948052,0.7550287356321839,0.9583333333333334,0.5517241379310345,0.8598130841121495,0.5517241379310345,0.9583333333333334,0.6808510638297872,0.7703320739709684,0.8548850574712644
501,7,53,4,13,0.7792207792207793,0.6399122807017543,0.9298245614035088,0.35,0.8617886178861789,0.35,0.9298245614035088,0.45161290322580644,0.6567007605559927,0.706140350877193
502,8,54,3,12,0.8051948051948052,0.6736842105263158,0.9473684210526315,0.4,0.8780487804878049,0.4,0.9473684210526315,0.5161290322580645,0.6970889063729346,0.8122807017543859
503,4,61,3,9,0.8441558441558441,0.6304086538461539,0.953125,0.3076923076923077,0.9104477611940298,0.3076923076923077,0.953125,0.4,0.655223880597015,0.7584134615384617
504,12,51,5,9,0.8181818181818182,0.7410714285714286,0.9107142857142857,0.5714285714285714,0.8793103448275862,0.5714285714285714,0.9107142857142857,0.631578947368421,0.7554446460980035,0.8435374149659864
505,15,49,3,10,0.8311688311688312,0.7711538461538461,0.9423076923076923,0.6,0.8828828828828829,0.6,0.9423076923076923,0.6976744186046512,0.790278650743767,0.8669230769230769
506,9,47,5,16,0.7272727272727273,0.6319230769230769,0.9038461538461539,0.36,0.8173913043478261,0.36,0.9038461538461539,0.46153846153846156,0.6394648829431439,0.8038461538461539
507,17,52,1,7,0.8961038961038961,0.8447327044025157,0.9811320754716981,0.7083333333333334,0.9285714285714286,0.7083333333333334,0.9811320754716981,0.8095238095238095,0.8690476190476191,0.960691823899371
508,8,58,3,8,0.8571428571428571,0.7254098360655737,0.9508196721311475,0.5,0.9133858267716536,0.5,0.9508196721311475,0.5925925925925926,0.7529892096821231,0.7725409836065575
509,12,52,1,12,0.8311688311688312,0.7405660377358491,0.9811320754716981,0.5,0.8888888888888888,0.5,0.9811320754716981,0.6486486486486487,0.7687687687687688,0.89937106918239
510,13,56,0,8,0.8961038961038961,0.8095238095238095,1.0,0.6190476190476191,0.9333333333333333,0.6190476190476191,1.0,0.7647058823529411,0.8490196078431372,0.9430272108843537
511,11,53,1,12,0.8311688311688312,0.7298711755233495,0.9814814814814815,0.4782608695652174,0.8907563025210085,0.4782608695652174,0.9814814814814815,0.6285714285714286,0.7596638655462185,0.8478260869565217
512,11,53,2,11,0.8311688311688312,0.7318181818181818,0.9636363636363636,0.5,0.8907563025210085,0.5,0.9636363636363636,0.6285714285714286,0.7596638655462185,0.8619834710743801
513,8,47,5,17,0.7142857142857143,0.6119230769230769,0.9038461538461539,0.32,0.8103448275862069,0.32,0.9038461538461539,0.42105263157894735,0.6156987295825771,0.8123076923076924
514,13,47,3,14,0.7792207792207793,0.7107407407407407,0.94,0.48148148148148145,0.8468468468468469,0.48148148148148145,0.94,0.6046511627906976,0.7257490048187722,0.8222222222222222
515,11,53,2,11,0.8311688311688312,0.7318181818181818,0.9636363636363636,0.5,0.8907563025210085,0.5,0.9636363636363636,0.6285714285714286,0.7596638655462185,0.8702479338842977
516,13,55,0,9,0.8831168831168831,0.7954545454545454,1.0,0.5909090909090909,0.9243697478991597,0.5909090909090909,1.0,0.7428571428571429,0.8336134453781513,0.8710743801652892
517,11,56,3,7,0.8701298701298701,0.7801318267419963,0.9491525423728814,0.6111111111111112,0.9180327868852459,0.6111111111111112,0.9491525423728814,0.6875,0.802766393442623,0.8239171374764594
518,10,54,3,10,0.8311688311688312,0.7236842105263157,0.9473684210526315,0.5,0.8925619834710744,0.5,0.9473684210526315,0.6060606060606061,0.7493112947658402,0.8421052631578948
519,4,61,4,8,0.8441558441558441,0.6358974358974359,0.9384615384615385,0.3333333333333333,0.9104477611940298,0.3333333333333333,0.9384615384615385,0.4,0.655223880597015,0.8307692307692308
520,7,53,7,10,0.7792207792207793,0.6475490196078431,0.8833333333333333,0.4117647058823529,0.8617886178861789,0.4117647058823529,0.8833333333333333,0.45161290322580644,0.6567007605559927,0.861764705882353
521,14,41,6,16,0.7142857142857143,0.6695035460992909,0.8723404255319149,0.4666666666666667,0.7884615384615384,0.4666666666666667,0.8723404255319149,0.56,0.6742307692307692,0.8198581560283688
522,7,56,4,10,0.8181818181818182,0.6725490196078432,0.9333333333333333,0.4117647058823529,0.8888888888888888,0.4117647058823529,0.9333333333333333,0.5,0.6944444444444444,0.734313725490196
523,3,59,3,12,0.8051948051948052,0.5758064516129032,0.9516129032258065,0.2,0.8872180451127819,0.2,0.9516129032258065,0.2857142857142857,0.5864661654135338,0.6698924731182796
524,13,51,1,12,0.8311688311688312,0.7503846153846154,0.9807692307692307,0.52,0.8869565217391304,0.52,0.9807692307692307,0.6666666666666666,0.7768115942028986,0.8907692307692309
525,11,51,3,12,0.8051948051948052,0.711352657004831,0.9444444444444444,0.4782608695652174,0.8717948717948718,0.4782608695652174,0.9444444444444444,0.5945945945945946,0.7331947331947333,0.8075684380032205
526,7,54,4,12,0.7922077922077922,0.6497277676950998,0.9310344827586207,0.3684210526315789,0.8709677419354839,0.3684210526315789,0.9310344827586207,0.4666666666666667,0.6688172043010753,0.8157894736842105
527,14,49,6,8,0.8181818181818182,0.7636363636363637,0.8909090909090909,0.6363636363636364,0.875,0.6363636363636364,0.8909090909090909,0.6666666666666666,0.7708333333333333,0.8462809917355372
528,12,46,6,13,0.7532467532467533,0.6823076923076923,0.8846153846153846,0.48,0.8288288288288288,0.48,0.8846153846153846,0.5581395348837209,0.6934841818562749,0.8030769230769231
529,14,44,7,12,0.7532467532467533,0.700603318250377,0.8627450980392157,0.5384615384615384,0.822429906542056,0.5384615384615384,0.8627450980392157,0.5957446808510638,0.70908729369656,0.7850678733031674
530,15,51,2,9,0.8571428571428571,0.7936320754716981,0.9622641509433962,0.625,0.9026548672566371,0.625,0.9622641509433962,0.7317073170731707,0.8171810921649039,0.8694968553459119
531,4,60,1,12,0.8311688311688312,0.6168032786885246,0.9836065573770492,0.25,0.9022556390977443,0.25,0.9836065573770492,0.38095238095238093,0.6416040100250626,0.814549180327869
532,11,59,1,6,0.9090909090909091,0.8151960784313725,0.9833333333333333,0.6470588235294118,0.944,0.6470588235294118,0.9833333333333333,0.7586206896551724,0.8513103448275862,0.953921568627451
533,11,52,5,9,0.8181818181818182,0.731140350877193,0.9122807017543859,0.55,0.8813559322033898,0.55,0.9122807017543859,0.6111111111111112,0.7462335216572504,0.7999999999999999
534,10,55,3,9,0.8441558441558441,0.7372958257713249,0.9482758620689655,0.5263157894736842,0.9016393442622951,0.5263157894736842,0.9482758620689655,0.625,0.7633196721311475,0.9310344827586207
535,11,48,5,13,0.7662337662337663,0.6819968553459119,0.9056603773584906,0.4583333333333333,0.8421052631578947,0.4583333333333333,0.9056603773584906,0.55,0.6960526315789474,0.7617924528301887
536,9,51,6,11,0.7792207792207793,0.6723684210526316,0.8947368421052632,0.45,0.8571428571428571,0.45,0.8947368421052632,0.5142857142857142,0.6857142857142857,0.8096491228070175
537,9,61,3,4,0.9090909090909091,0.8227163461538461,0.953125,0.6923076923076923,0.9457364341085271,0.6923076923076923,0.953125,0.72,0.8328682170542636,0.9699519230769231
538,4,64,1,8,0.8831168831168831,0.658974358974359,0.9846153846153847,0.3333333333333333,0.9343065693430657,0.3333333333333333,0.9846153846153847,0.47058823529411764,0.7024474023185916,0.808974358974359
539,13,55,1,8,0.8831168831168831,0.8005952380952381,0.9821428571428571,0.6190476190476191,0.9243697478991597,0.6190476190476191,0.9821428571428571,0.7428571428571429,0.8336134453781513,0.8996598639455783
540,6,58,7,6,0.8311688311688312,0.6961538461538461,0.8923076923076924,0.5,0.8992248062015504,0.5,0.8923076923076924,0.48,0.6896124031007752,0.8358974358974359
541,8,57,2,10,0.8441558441558441,0.7052730696798493,0.9661016949152542,0.4444444444444444,0.9047619047619048,0.4444444444444444,0.9661016949152542,0.5714285714285714,0.7380952380952381,0.8691148775894538
542,10,56,2,9,0.8571428571428571,0.7459165154264973,0.9655172413793104,0.5263157894736842,0.9105691056910569,0.5263157894736842,0.9655172413793104,0.6451612903225806,0.7778651980068187,0.8747731397459165
543,10,52,3,12,0.8051948051948052,0.7,0.9454545454545454,0.45454545454545453,0.8739495798319328,0.45454545454545453,0.9454545454545454,0.5714285714285714,0.7226890756302521,0.8884297520661157
544,11,55,0,11,0.8571428571428571,0.75,1.0,0.5,0.9090909090909091,0.5,1.0,0.6666666666666666,0.7878787878787878,0.8545454545454545
545,3,57,4,13,0.7792207792207793,0.5609631147540983,0.9344262295081968,0.1875,0.8702290076335878,0.1875,0.9344262295081968,0.2608695652173913,0.5655492864254895,0.7653688524590165
546,9,57,3,8,0.8571428571428571,0.7397058823529412,0.95,0.5294117647058824,0.912,0.5294117647058824,0.95,0.6206896551724138,0.7663448275862069,0.8941176470588236
547,9,49,4,15,0.7532467532467533,0.6497641509433962,0.9245283018867925,0.375,0.8376068376068376,0.375,0.9245283018867925,0.4864864864864865,0.6620466620466621,0.7515723270440252
548,12,57,1,7,0.8961038961038961,0.807168784029038,0.9827586206896551,0.631578947368421,0.9344262295081968,0.631578947368421,0.9827586206896551,0.75,0.8422131147540983,0.9201451905626135
549,10,50,2,15,0.7792207792207793,0.6807692307692308,0.9615384615384616,0.4,0.8547008547008547,0.4,0.9615384615384616,0.5405405405405406,0.6976206976206976,0.8107692307692308
550,8,55,3,11,0.8181818181818182,0.6846642468239564,0.9482758620689655,0.42105263157894735,0.8870967741935484,0.42105263157894735,0.9482758620689655,0.5333333333333333,0.7102150537634409,0.85480943738657
551,10,48,0,19,0.7532467532467533,0.6724137931034483,1.0,0.3448275862068966,0.8347826086956521,0.3448275862068966,1.0,0.5128205128205128,0.6738015607580825,0.8771551724137931
552,9,54,5,9,0.8181818181818182,0.7076271186440678,0.9152542372881356,0.5,0.8852459016393442,0.5,0.9152542372881356,0.5625,0.7238729508196722,0.8192090395480226
553,12,55,1,9,0.8701298701298701,0.7767857142857142,0.9821428571428571,0.5714285714285714,0.9166666666666666,0.5714285714285714,0.9821428571428571,0.7058823529411765,0.8112745098039216,0.8435374149659864
554,7,55,5,10,0.8051948051948052,0.6642156862745098,0.9166666666666666,0.4117647058823529,0.88,0.4117647058823529,0.9166666666666666,0.4827586206896552,0.6813793103448276,0.7823529411764707
555,9,49,5,14,0.7532467532467533,0.6493558776167472,0.9074074074074074,0.391304347826087,0.8376068376068376,0.391304347826087,0.9074074074074074,0.4864864864864865,0.6620466620466621,0.8590982286634461
556,13,52,2,10,0.8441558441558441,0.7640901771336553,0.9629629629629629,0.5652173913043478,0.896551724137931,0.5652173913043478,0.9629629629629629,0.6842105263157895,0.7903811252268602,0.9017713365539453
557,10,51,7,9,0.7922077922077922,0.7028130671506352,0.8793103448275862,0.5263157894736842,0.864406779661017,0.5263157894736842,0.8793103448275862,0.5555555555555556,0.7099811676082863,0.8085299455535392
558,9,52,2,14,0.7922077922077922,0.677133655394525,0.9629629629629629,0.391304347826087,0.8666666666666667,0.391304347826087,0.9629629629629629,0.5294117647058824,0.6980392156862745,0.7850241545893719
559,11,52,3,11,0.8181818181818182,0.7227272727272727,0.9454545454545454,0.5,0.8813559322033898,0.5,0.9454545454545454,0.6111111111111112,0.7462335216572504,0.8322314049586776
560,16,47,2,12,0.8181818181818182,0.7653061224489796,0.9591836734693877,0.5714285714285714,0.8703703703703703,0.5714285714285714,0.9591836734693877,0.6956521739130435,0.7830112721417068,0.9052478134110786
561,8,56,3,10,0.8311688311688312,0.6967984934086628,0.9491525423728814,0.4444444444444444,0.896,0.4444444444444444,0.9491525423728814,0.5517241379310345,0.7238620689655173,0.7523540489642183
562,8,53,5,11,0.7922077922077922,0.6674228675136116,0.9137931034482759,0.42105263157894735,0.8688524590163934,0.42105263157894735,0.9137931034482759,0.5,0.6844262295081966,0.8021778584392014
563,18,54,3,2,0.935064935064935,0.9236842105263158,0.9473684210526315,0.9,0.9557522123893806,0.9,0.9473684210526315,0.8780487804878049,0.9169004964385927,0.9228070175438597
564,8,60,1,8,0.8831168831168831,0.7418032786885246,0.9836065573770492,0.5,0.9302325581395349,0.5,0.9836065573770492,0.64,0.7851162790697674,0.8647540983606559
565,11,55,3,8,0.8571428571428571,0.7636116152450091,0.9482758620689655,0.5789473684210527,0.9090909090909091,0.5789473684210527,0.9482758620689655,0.6666666666666666,0.7878787878787878,0.8947368421052632
566,10,52,3,12,0.8051948051948052,0.7,0.9454545454545454,0.45454545454545453,0.8739495798319328,0.45454545454545453,0.9454545454545454,0.5714285714285714,0.7226890756302521,0.871900826446281
567,10,55,4,8,0.8441558441558441,0.743879472693032,0.9322033898305084,0.5555555555555556,0.9016393442622951,0.5555555555555556,0.9322033898305084,0.625,0.7633196721311475,0.8370998116760828
568,7,60,3,7,0.8701298701298701,0.7261904761904762,0.9523809523809523,0.5,0.9230769230769231,0.5,0.9523809523809523,0.5833333333333334,0.7532051282051282,0.761904761904762
569,12,55,0,10,0.8701298701298701,0.7727272727272727,1.0,0.5454545454545454,0.9166666666666666,0.5454545454545454,1.0,0.7058823529411765,0.8112745098039216,0.8851239669421488
570,9,56,4,8,0.8441558441558441,0.7313725490196079,0.9333333333333333,0.5294117647058824,0.9032258064516129,0.5294117647058824,0.9333333333333333,0.6,0.7516129032258064,0.8274509803921569
571,10,52,0,15,0.8051948051948052,0.7,1.0,0.4,0.8739495798319328,0.4,1.0,0.5714285714285714,0.7226890756302521,0.8038461538461538
572,9,46,5,17,0.7142857142857143,0.6240573152337858,0.9019607843137255,0.34615384615384615,0.8070175438596491,0.34615384615384615,0.9019607843137255,0.45,0.6285087719298246,0.7843137254901961
573,8,58,2,9,0.8571428571428571,0.7186274509803922,0.9666666666666667,0.47058823529411764,0.9133858267716536,0.47058823529411764,0.9666666666666667,0.5925925925925926,0.7529892096821231,0.8274509803921569
574,12,53,5,7,0.8441558441558441,0.7726860254083485,0.9137931034482759,0.631578947368421,0.8983050847457628,0.631578947368421,0.9137931034482759,0.6666666666666666,0.7824858757062148,0.881125226860254
575,11,52,2,12,0.8181818181818182,0.7206119162640902,0.9629629629629629,0.4782608695652174,0.8813559322033898,0.4782608695652174,0.9629629629629629,0.6111111111111112,0.7462335216572504,0.7713365539452495
576,3,51,5,18,0.7012987012987013,0.5267857142857143,0.9107142857142857,0.14285714285714285,0.816,0.14285714285714285,0.9107142857142857,0.20689655172413793,0.511448275862069,0.6403061224489796
577,9,54,3,11,0.8181818181818182,0.6986842105263158,0.9473684210526315,0.45,0.8852459016393442,0.45,0.9473684210526315,0.5625,0.7238729508196722,0.8149122807017544
578,15,40,4,18,0.7142857142857143,0.6818181818181818,0.9090909090909091,0.45454545454545453,0.7843137254901961,0.45454545454545453,0.9090909090909091,0.5769230769230769,0.6806184012066365,0.7630853994490359
579,7,58,2,10,0.8441558441558441,0.6892156862745098,0.9666666666666667,0.4117647058823529,0.90625,0.4117647058823529,0.9666666666666667,0.5384615384615384,0.7223557692307692,0.8333333333333333
580,14,46,4,13,0.7792207792207793,0.7192592592592593,0.92,0.5185185185185185,0.8440366972477065,0.5185185185185185,0.92,0.6222222222222222,0.7331294597349644,0.7940740740740742
581,11,47,8,11,0.7532467532467533,0.6772727272727272,0.8545454545454545,0.5,0.831858407079646,0.5,0.8545454545454545,0.5365853658536586,0.6842218864666523,0.7900826446280991
582,8,59,2,8,0.8701298701298701,0.7336065573770492,0.9672131147540983,0.5,0.921875,0.5,0.9672131147540983,0.6153846153846154,0.7686298076923077,0.9200819672131146
583,4,59,3,11,0.8181818181818182,0.6091397849462366,0.9516129032258065,0.26666666666666666,0.8939393939393939,0.26666666666666666,0.9516129032258065,0.36363636363636365,0.6287878787878788,0.7419354838709679
584,8,50,5,14,0.7532467532467533,0.6363636363636364,0.9090909090909091,0.36363636363636365,0.8403361344537815,0.36363636363636365,0.9090909090909091,0.45714285714285713,0.6487394957983194,0.7652892561983471
585,17,46,5,9,0.8181818181818182,0.7779034690799397,0.9019607843137255,0.6538461538461539,0.8679245283018868,0.6538461538461539,0.9019607843137255,0.7083333333333334,0.78812893081761,0.8770739064856712
586,9,54,2,12,0.8181818181818182,0.6964285714285714,0.9642857142857143,0.42857142857142855,0.8852459016393442,0.42857142857142855,0.9642857142857143,0.5625,0.7238729508196722,0.7755102040816326
587,8,56,6,7,0.8311688311688312,0.7182795698924731,0.9032258064516129,0.5333333333333333,0.896,0.5333333333333333,0.9032258064516129,0.5517241379310345,0.7238620689655173,0.789247311827957
588,14,48,4,11,0.8051948051948052,0.7415384615384616,0.9230769230769231,0.56,0.8648648648648649,0.56,0.9230769230769231,0.6511627906976745,0.7580138277812697,0.8892307692307693
589,14,51,4,8,0.8441558441558441,0.7818181818181817,0.9272727272727272,0.6363636363636364,0.8947368421052632,0.6363636363636364,0.9272727272727272,0.7,0.7973684210526315,0.8669421487603306
590,9,54,4,10,0.8181818181818182,0.7023593466424682,0.9310344827586207,0.47368421052631576,0.8852459016393442,0.47368421052631576,0.9310344827586207,0.5625,0.7238729508196722,0.7531760435571688
591,4,56,4,13,0.7792207792207793,0.5843137254901961,0.9333333333333333,0.23529411764705882,0.8682170542635659,0.23529411764705882,0.9333333333333333,0.32,0.594108527131783,0.6990196078431373
592,11,56,2,8,0.8701298701298701,0.7722323049001816,0.9655172413793104,0.5789473684210527,0.9180327868852459,0.5789473684210527,0.9655172413793104,0.6875,0.802766393442623,0.9301270417422868
593,11,54,2,10,0.8441558441558441,0.7440476190476191,0.9642857142857143,0.5238095238095238,0.9,0.5238095238095238,0.9642857142857143,0.6470588235294118,0.7735294117647059,0.8231292517006802
594,11,54,1,11,0.8441558441558441,0.740909090909091,0.9818181818181818,0.5,0.9,0.5,0.9818181818181818,0.6470588235294118,0.7735294117647059,0.7975206611570248
595,18,50,4,5,0.8831168831168831,0.8542673107890499,0.9259259259259259,0.782608695652174,0.9174311926605505,0.782608695652174,0.9259259259259259,0.8,0.8587155963302753,0.8735909822866343
596,5,63,2,7,0.8831168831168831,0.6929487179487179,0.9692307692307692,0.4166666666666667,0.9333333333333333,0.4166666666666667,0.9692307692307692,0.5263157894736842,0.7298245614035088,0.7756410256410257
597,8,51,3,15,0.7662337662337663,0.6461352657004831,0.9444444444444444,0.34782608695652173,0.85,0.34782608695652173,0.9444444444444444,0.47058823529411764,0.6602941176470588,0.7359098228663445
598,4,61,5,7,0.8441558441558441,0.6439393939393939,0.9242424242424242,0.36363636363636365,0.9104477611940298,0.36363636363636365,0.9242424242424242,0.4,0.655223880597015,0.6473829201101929
599,11,52,3,11,0.8181818181818182,0.7227272727272727,0.9454545454545454,0.5,0.8813559322033898,0.5,0.9454545454545454,0.6111111111111112,0.7462335216572504,0.8157024793388429
600,15,48,3,11,0.8181818181818182,0.7590497737556561,0.9411764705882353,0.5769230769230769,0.8727272727272727,0.5769230769230769,0.9411764705882353,0.6818181818181818,0.7772727272727272,0.863499245852187
601,8,57,6,6,0.8441558441558441,0.7380952380952381,0.9047619047619048,0.5714285714285714,0.9047619047619048,0.5714285714285714,0.9047619047619048,0.5714285714285714,0.7380952380952381,0.7845804988662132
602,9,53,6,9,0.8051948051948052,0.6991525423728814,0.8983050847457628,0.5,0.8760330578512396,0.5,0.8983050847457628,0.5454545454545454,0.7107438016528925,0.82015065913371
603,12,53,5,7,0.8441558441558441,0.7726860254083485,0.9137931034482759,0.631578947368421,0.8983050847457628,0.631578947368421,0.9137931034482759,0.6666666666666666,0.7824858757062148,0.8629764065335753
604,12,55,4,6,0.8701298701298701,0.7994350282485876,0.9322033898305084,0.6666666666666666,0.9166666666666666,0.6666666666666666,0.9322033898305084,0.7058823529411765,0.8112745098039216,0.8983050847457628
605,13,45,2,17,0.7532467532467533,0.6953900709219858,0.9574468085106383,0.43333333333333335,0.8256880733944955,0.43333333333333335,0.9574468085106383,0.5777777777777777,0.7017329255861366,0.7978723404255319
606,9,53,6,9,0.8051948051948052,0.6991525423728814,0.8983050847457628,0.5,0.8760330578512396,0.5,0.8983050847457628,0.5454545454545454,0.7107438016528925,0.8691148775894538
607,9,52,6,10,0.7922077922077922,0.6851179673321234,0.896551724137931,0.47368421052631576,0.8666666666666667,0.47368421052631576,0.896551724137931,0.5294117647058824,0.6980392156862745,0.6941923774954627
608,12,54,1,10,0.8571428571428571,0.7636363636363637,0.9818181818181818,0.5454545454545454,0.907563025210084,0.5454545454545454,0.9818181818181818,0.6857142857142857,0.7966386554621849,0.9537190082644629
609,5,59,4,9,0.8311688311688312,0.6468253968253969,0.9365079365079365,0.35714285714285715,0.9007633587786259,0.35714285714285715,0.9365079365079365,0.43478260869565216,0.667772983737139,0.8185941043083901
610,9,56,3,9,0.8441558441558441,0.7245762711864407,0.9491525423728814,0.5,0.9032258064516129,0.5,0.9491525423728814,0.6,0.7516129032258064,0.8691148775894538
611,5,58,1,13,0.8181818181818182,0.6304143126177024,0.9830508474576272,0.2777777777777778,0.8923076923076924,0.2777777777777778,0.9830508474576272,0.4166666666666667,0.6544871794871795,0.7485875706214689
612,9,52,3,13,0.7922077922077922,0.6772727272727272,0.9454545454545454,0.4090909090909091,0.8666666666666667,0.4090909090909091,0.9454545454545454,0.5294117647058824,0.6980392156862745,0.8140495867768595
613,13,57,2,5,0.9090909090909091,0.8441619585687382,0.9661016949152542,0.7222222222222222,0.9421487603305785,0.7222222222222222,0.9661016949152542,0.7878787878787878,0.8650137741046832,0.8653483992467041
614,8,54,0,15,0.8051948051948052,0.6739130434782609,1.0,0.34782608695652173,0.8780487804878049,0.34782608695652173,1.0,0.5161290322580645,0.6970889063729346,0.8872785829307569
615,10,51,4,12,0.7922077922077922,0.6909090909090909,0.9272727272727272,0.45454545454545453,0.864406779661017,0.45454545454545453,0.9272727272727272,0.5555555555555556,0.7099811676082863,0.8099173553719008
616,9,54,3,11,0.8181818181818182,0.6986842105263158,0.9473684210526315,0.45,0.8852459016393442,0.45,0.9473684210526315,0.5625,0.7238729508196722,0.7833333333333332
617,8,54,5,10,0.8051948051948052,0.67984934086629,0.9152542372881356,0.4444444444444444,0.8780487804878049,0.4444444444444444,0.9152542372881356,0.5161290322580645,0.6970889063729346,0.8022598870056497
618,8,55,3,11,0.8181818181818182,0.6846642468239564,0.9482758620689655,0.42105263157894735,0.8870967741935484,0.42105263157894735,0.9482758620689655,0.5333333333333333,0.7102150537634409,0.8729582577132486
619,14,53,5,5,0.8701298701298701,0.8253176043557169,0.9137931034482759,0.7368421052631579,0.9137931034482759,0.7368421052631579,0.9137931034482759,0.7368421052631579,0.8253176043557169,0.8793103448275862
620,10,56,1,10,0.8571428571428571,0.7412280701754386,0.9824561403508771,0.5,0.9105691056910569,0.5,0.9824561403508771,0.6451612903225806,0.7778651980068187,0.9289473684210526
621,4,57,5,11,0.7922077922077922,0.593010752688172,0.9193548387096774,0.26666666666666666,0.8769230769230769,0.26666666666666666,0.9193548387096774,0.3333333333333333,0.6051282051282051,0.7129032258064516
622,13,44,2,18,0.7402597402597403,0.6879382889200562,0.9565217391304348,0.41935483870967744,0.8148148148148148,0.41935483870967744,0.9565217391304348,0.5652173913043478,0.6900161030595813,0.8548387096774194
623,10,52,4,11,0.8051948051948052,0.7023809523809523,0.9285714285714286,0.47619047619047616,0.8739495798319328,0.47619047619047616,0.9285714285714286,0.5714285714285714,0.7226890756302521,0.8248299319727891
624,13,55,1,8,0.8831168831168831,0.8005952380952381,0.9821428571428571,0.6190476190476191,0.9243697478991597,0.6190476190476191,0.9821428571428571,0.7428571428571429,0.8336134453781513,0.8860544217687074
625,6,61,3,7,0.8701298701298701,0.7073317307692308,0.953125,0.46153846153846156,0.9242424242424242,0.46153846153846156,0.953125,0.5454545454545454,0.7348484848484849,0.7992788461538461
626,13,50,5,9,0.8181818181818182,0.75,0.9090909090909091,0.5909090909090909,0.8771929824561403,0.5909090909090909,0.9090909090909091,0.65,0.7635964912280702,0.8429752066115703
627,5,60,2,10,0.8441558441558441,0.6505376344086021,0.967741935483871,0.3333333333333333,0.9090909090909091,0.3333333333333333,0.967741935483871,0.45454545454545453,0.6818181818181818,0.8483870967741935
628,13,56,5,3,0.8961038961038961,0.865266393442623,0.9180327868852459,0.8125,0.9333333333333333,0.8125,0.9180327868852459,0.7647058823529411,0.8490196078431372,0.8719262295081969
629,8,57,3,9,0.8441558441558441,0.7102941176470587,0.95,0.47058823529411764,0.9047619047619048,0.47058823529411764,0.95,0.5714285714285714,0.7380952380952381,0.861764705882353
630,11,47,1,18,0.7532467532467533,0.6792385057471264,0.9791666666666666,0.3793103448275862,0.831858407079646,0.3793103448275862,0.9791666666666666,0.5365853658536586,0.6842218864666523,0.8469827586206896
631,9,50,6,12,0.7662337662337663,0.6607142857142857,0.8928571428571429,0.42857142857142855,0.847457627118644,0.42857142857142855,0.8928571428571429,0.5,0.673728813559322,0.7865646258503401
632,13,52,2,10,0.8441558441558441,0.7640901771336553,0.9629629629629629,0.5652173913043478,0.896551724137931,0.5652173913043478,0.9629629629629629,0.6842105263157895,0.7903811252268602,0.8454106280193237
633,7,59,2,9,0.8571428571428571,0.7023565573770492,0.9672131147540983,0.4375,0.9147286821705426,0.4375,0.9672131147540983,0.56,0.7373643410852713,0.7243852459016393
634,7,53,5,12,0.7792207792207793,0.6411070780399274,0.9137931034482759,0.3684210526315789,0.8617886178861789,0.3684210526315789,0.9137931034482759,0.45161290322580644,0.6567007605559927,0.7214156079854809
635,5,60,4,8,0.8441558441558441,0.6610576923076923,0.9375,0.38461538461538464,0.9090909090909091,0.38461538461538464,0.9375,0.45454545454545453,0.6818181818181818,0.7992788461538461
636,12,51,4,10,0.8181818181818182,0.7363636363636363,0.9272727272727272,0.5454545454545454,0.8793103448275862,0.5454545454545454,0.9272727272727272,0.631578947368421,0.7554446460980035,0.8024793388429752
637,10,55,2,10,0.8441558441558441,0.7324561403508771,0.9649122807017544,0.5,0.9016393442622951,0.5,0.9649122807017544,0.625,0.7633196721311475,0.8894736842105263
638,12,58,3,4,0.9090909090909091,0.8504098360655737,0.9508196721311475,0.75,0.943089430894309,0.75,0.9508196721311475,0.7741935483870968,0.8586414896407029,0.8247950819672132
639,12,51,2,12,0.8181818181818182,0.7311320754716981,0.9622641509433962,0.5,0.8793103448275862,0.5,0.9622641509433962,0.631578947368421,0.7554446460980035,0.904874213836478
640,9,53,2,13,0.8051948051948052,0.6863636363636364,0.9636363636363636,0.4090909090909091,0.8760330578512396,0.4090909090909091,0.9636363636363636,0.5454545454545454,0.7107438016528925,0.8793388429752066
641,5,56,1,15,0.7922077922077922,0.6162280701754386,0.9824561403508771,0.25,0.875,0.25,0.9824561403508771,0.38461538461538464,0.6298076923076923,0.7991228070175439
642,9,56,1,11,0.8441558441558441,0.7162280701754385,0.9824561403508771,0.45,0.9032258064516129,0.45,0.9824561403508771,0.6,0.7516129032258064,0.9087719298245613
643,13,46,4,14,0.7662337662337663,0.7007407407407408,0.92,0.48148148148148145,0.8363636363636363,0.48148148148148145,0.92,0.5909090909090909,0.7136363636363636,0.7451851851851853
644,10,57,0,10,0.8701298701298701,0.75,1.0,0.5,0.9193548387096774,0.5,1.0,0.6666666666666666,0.793010752688172,0.8710526315789474
645,11,46,3,17,0.7402597402597403,0.6658163265306123,0.9387755102040817,0.39285714285714285,0.8214285714285714,0.39285714285714285,0.9387755102040817,0.5238095238095238,0.6726190476190477,0.8287172011661808
646,10,52,0,15,0.8051948051948052,0.7,1.0,0.4,0.8739495798319328,0.4,1.0,0.5714285714285714,0.7226890756302521,0.8892307692307694
647,9,54,3,11,0.8181818181818182,0.6986842105263158,0.9473684210526315,0.45,0.8852459016393442,0.45,0.9473684210526315,0.5625,0.7238729508196722,0.7982456140350876
648,12,54,1,10,0.8571428571428571,0.7636363636363637,0.9818181818181818,0.5454545454545454,0.907563025210084,0.5454545454545454,0.9818181818181818,0.6857142857142857,0.7966386554621849,0.8413223140495868
649,10,53,2,12,0.8181818181818182,0.7090909090909091,0.9636363636363636,0.45454545454545453,0.8833333333333333,0.45454545454545453,0.9636363636363636,0.5882352941176471,0.7357843137254902,0.8644628099173554
650,3,57,2,15,0.7792207792207793,0.5663841807909604,0.9661016949152542,0.16666666666666666,0.8702290076335878,0.16666666666666666,0.9661016949152542,0.2608695652173913,0.5655492864254895,0.8531073446327683
651,14,48,1,14,0.8051948051948052,0.7397959183673469,0.9795918367346939,0.5,0.8648648648648649,0.5,0.9795918367346939,0.6511627906976745,0.7580138277812697,0.8112244897959183
652,11,53,2,11,0.8311688311688312,0.7318181818181818,0.9636363636363636,0.5,0.8907563025210085,0.5,0.9636363636363636,0.6285714285714286,0.7596638655462185,0.9008264462809917
653,6,54,5,12,0.7792207792207793,0.6242937853107344,0.9152542372881356,0.3333333333333333,0.864,0.3333333333333333,0.9152542372881356,0.41379310344827586,0.638896551724138,0.7580037664783428
654,6,56,5,10,0.8051948051948052,0.646516393442623,0.9180327868852459,0.375,0.8818897637795275,0.375,0.9180327868852459,0.4444444444444444,0.663167104111986,0.8247950819672132
655,11,54,1,11,0.8441558441558441,0.740909090909091,0.9818181818181818,0.5,0.9,0.5,0.9818181818181818,0.6470588235294118,0.7735294117647059,0.8595041322314051
656,7,57,3,10,0.8311688311688312,0.6808823529411765,0.95,0.4117647058823529,0.8976377952755905,0.4117647058823529,0.95,0.5185185185185185,0.7080781568970544,0.6794117647058824
657,6,56,1,14,0.8051948051948052,0.6412280701754386,0.9824561403508771,0.3,0.8818897637795275,0.3,0.9824561403508771,0.4444444444444444,0.663167104111986,0.756140350877193
658,10,51,1,15,0.7922077922077922,0.6903846153846154,0.9807692307692307,0.4,0.864406779661017,0.4,0.9807692307692307,0.5555555555555556,0.7099811676082863,0.890769230769231
659,11,56,1,9,0.8701298701298701,0.7662280701754386,0.9824561403508771,0.55,0.9180327868852459,0.55,0.9824561403508771,0.6875,0.802766393442623,0.8771929824561403
660,10,53,3,11,0.8181818181818182,0.7113095238095237,0.9464285714285714,0.47619047619047616,0.8833333333333333,0.47619047619047616,0.9464285714285714,0.5882352941176471,0.7357843137254902,0.8477891156462585
661,11,59,1,6,0.9090909090909091,0.8151960784313725,0.9833333333333333,0.6470588235294118,0.944,0.6470588235294118,0.9833333333333333,0.7586206896551724,0.8513103448275862,0.8852941176470589
662,9,53,4,11,0.8051948051948052,0.6899122807017544,0.9298245614035088,0.45,0.8760330578512396,0.45,0.9298245614035088,0.5454545454545454,0.7107438016528925,0.7824561403508772
663,7,52,7,11,0.7662337662337663,0.6351224105461394,0.8813559322033898,0.3888888888888889,0.8524590163934426,0.3888888888888889,0.8813559322033898,0.4375,0.6449795081967213,0.6704331450094161
664,8,56,3,10,0.8311688311688312,0.6967984934086628,0.9491525423728814,0.4444444444444444,0.896,0.4444444444444444,0.9491525423728814,0.5517241379310345,0.7238620689655173,0.9124293785310735
665,8,57,1,11,0.8441558441558441,0.7019056261343013,0.9827586206896551,0.42105263157894735,0.9047619047619048,0.42105263157894735,0.9827586206896551,0.5714285714285714,0.7380952380952381,0.7912885662431942
666,13,51,2,11,0.8311688311688312,0.7519654088050314,0.9622641509433962,0.5416666666666666,0.8869565217391304,0.5416666666666666,0.9622641509433962,0.6666666666666666,0.7768115942028986,0.8962264150943395
667,10,50,4,13,0.7792207792207793,0.6803542673107891,0.9259259259259259,0.43478260869565216,0.8547008547008547,0.43478260869565216,0.9259259259259259,0.5405405405405406,0.6976206976206976,0.8655394524959742
668,4,65,0,8,0.8961038961038961,0.6666666666666666,1.0,0.3333333333333333,0.9420289855072463,0.3333333333333333,1.0,0.5,0.7210144927536232,0.8923076923076922
669,10,52,3,12,0.8051948051948052,0.7,0.9454545454545454,0.45454545454545453,0.8739495798319328,0.45454545454545453,0.9454545454545454,0.5714285714285714,0.7226890756302521,0.8702479338842976
670,14,50,1,12,0.8311688311688312,0.7594268476621417,0.9803921568627451,0.5384615384615384,0.8849557522123894,0.5384615384615384,0.9803921568627451,0.6829268292682927,0.7839412907403411,0.9140271493212669
671,10,49,4,14,0.7662337662337663,0.6705974842767296,0.9245283018867925,0.4166666666666667,0.8448275862068966,0.4166666666666667,0.9245283018867925,0.5263157894736842,0.6855716878402904,0.7680817610062894
672,10,53,4,10,0.8181818181818182,0.7149122807017544,0.9298245614035088,0.5,0.8833333333333333,0.5,0.9298245614035088,0.5882352941176471,0.7357843137254902,0.8596491228070176
673,12,55,3,7,0.8701298701298701,0.7899274047186933,0.9482758620689655,0.631578947368421,0.9166666666666666,0.631578947368421,0.9482758620689655,0.7058823529411765,0.8112745098039216,0.8593466424682397
674,13,46,2,16,0.7662337662337663,0.7033045977011494,0.9583333333333334,0.4482758620689655,0.8363636363636363,0.4482758620689655,0.9583333333333334,0.5909090909090909,0.7136363636363636,0.8182471264367815
675,7,53,2,15,0.7792207792207793,0.6409090909090909,0.9636363636363636,0.3181818181818182,0.8617886178861789,0.3181818181818182,0.9636363636363636,0.45161290322580644,0.6567007605559927,0.7975206611570248
676,7,52,3,15,0.7662337662337663,0.6318181818181818,0.9454545454545454,0.3181818181818182,0.8524590163934426,0.3181818181818182,0.9454545454545454,0.4375,0.6449795081967213,0.7983471074380164
677,6,55,3,13,0.7922077922077922,0.632032667876588,0.9482758620689655,0.3157894736842105,0.873015873015873,0.3157894736842105,0.9482758620689655,0.42857142857142855,0.6507936507936508,0.866606170598911
678,14,51,0,12,0.8441558441558441,0.7692307692307692,1.0,0.5384615384615384,0.8947368421052632,0.5384615384615384,1.0,0.7,0.7973684210526315,0.9095022624434389
679,9,50,4,14,0.7662337662337663,0.6586151368760065,0.9259259259259259,0.391304347826087,0.847457627118644,0.391304347826087,0.9259259259259259,0.5,0.673728813559322,0.8526570048309179
680,12,54,2,9,0.8571428571428571,0.7678571428571428,0.9642857142857143,0.5714285714285714,0.907563025210084,0.5714285714285714,0.9642857142857143,0.6857142857142857,0.7966386554621849,0.7976190476190476
681,10,57,1,9,0.8701298701298701,0.7545372050816697,0.9827586206896551,0.5263157894736842,0.9193548387096774,0.5263157894736842,0.9827586206896551,0.6666666666666666,0.793010752688172,0.8620689655172415
682,6,59,4,8,0.8441558441558441,0.6825396825396826,0.9365079365079365,0.42857142857142855,0.9076923076923077,0.42857142857142855,0.9365079365079365,0.5,0.7038461538461538,0.8231292517006803
683,13,47,5,12,0.7792207792207793,0.7119230769230769,0.9038461538461539,0.52,0.8468468468468469,0.52,0.9038461538461539,0.6046511627906976,0.7257490048187722,0.7953846153846154
684,15,51,3,8,0.8571428571428571,0.7983091787439613,0.9444444444444444,0.6521739130434783,0.9026548672566371,0.6521739130434783,0.9444444444444444,0.7317073170731707,0.8171810921649039,0.8872785829307569
685,5,54,4,14,0.7662337662337663,0.5970961887477314,0.9310344827586207,0.2631578947368421,0.8571428571428571,0.2631578947368421,0.9310344827586207,0.35714285714285715,0.6071428571428571,0.8402903811252269
686,11,50,5,11,0.7922077922077922,0.7045454545454546,0.9090909090909091,0.5,0.8620689655172413,0.5,0.9090909090909091,0.5789473684210527,0.720508166969147,0.8942148760330578
687,12,48,1,16,0.7792207792207793,0.7040816326530612,0.9795918367346939,0.42857142857142855,0.8495575221238938,0.42857142857142855,0.9795918367346939,0.5853658536585366,0.7174616878912152,0.8615160349854228
688,12,41,4,20,0.6883116883116883,0.6430555555555555,0.9111111111111111,0.375,0.7735849056603774,0.375,0.9111111111111111,0.5,0.6367924528301887,0.732638888888889
689,5,53,5,14,0.7532467532467533,0.588475499092559,0.9137931034482759,0.2631578947368421,0.848,0.2631578947368421,0.9137931034482759,0.3448275862068966,0.5964137931034483,0.7921960072595282
690,6,52,3,16,0.7532467532467533,0.6090909090909091,0.9454545454545454,0.2727272727272727,0.8455284552845529,0.2727272727272727,0.9454545454545454,0.3870967741935484,0.6163126147390506,0.8454545454545456
691,7,53,5,12,0.7792207792207793,0.6411070780399274,0.9137931034482759,0.3684210526315789,0.8617886178861789,0.3684210526315789,0.9137931034482759,0.45161290322580644,0.6567007605559927,0.8729582577132485
692,6,56,1,14,0.8051948051948052,0.6412280701754386,0.9824561403508771,0.3,0.8818897637795275,0.3,0.9824561403508771,0.4444444444444444,0.663167104111986,0.8307017543859648
693,13,50,4,10,0.8181818181818182,0.7455716586151369,0.9259259259259259,0.5652173913043478,0.8771929824561403,0.5652173913043478,0.9259259259259259,0.65,0.7635964912280702,0.9162640901771336
694,14,51,2,10,0.8441558441558441,0.7727987421383649,0.9622641509433962,0.5833333333333334,0.8947368421052632,0.5833333333333334,0.9622641509433962,0.7,0.7973684210526315,0.8702830188679246
695,9,52,3,13,0.7922077922077922,0.6772727272727272,0.9454545454545454,0.4090909090909091,0.8666666666666667,0.4090909090909091,0.9454545454545454,0.5294117647058824,0.6980392156862745,0.8330578512396695
696,11,54,2,10,0.8441558441558441,0.7440476190476191,0.9642857142857143,0.5238095238095238,0.9,0.5238095238095238,0.9642857142857143,0.6470588235294118,0.7735294117647059,0.8579931972789117
697,12,51,2,12,0.8181818181818182,0.7311320754716981,0.9622641509433962,0.5,0.8793103448275862,0.5,0.9622641509433962,0.631578947368421,0.7554446460980035,0.8553459119496856
698,5,56,3,13,0.7922077922077922,0.6134651600753296,0.9491525423728814,0.2777777777777778,0.875,0.2777777777777778,0.9491525423728814,0.38461538461538464,0.6298076923076923,0.8700564971751411
699,10,56,1,10,0.8571428571428571,0.7412280701754386,0.9824561403508771,0.5,0.9105691056910569,0.5,0.9824561403508771,0.6451612903225806,0.7778651980068187,0.9157894736842105
700,8,55,2,12,0.8181818181818182,0.6824561403508772,0.9649122807017544,0.4,0.8870967741935484,0.4,0.9649122807017544,0.5333333333333333,0.7102150537634409,0.8201754385964912
701,15,53,1,8,0.8831168831168831,0.81682769726248,0.9814814814814815,0.6521739130434783,0.9217391304347826,0.6521739130434783,0.9814814814814815,0.7692307692307693,0.8454849498327759,0.9186795491143317
702,9,53,3,12,0.8051948051948052,0.6875,0.9464285714285714,0.42857142857142855,0.8760330578512396,0.42857142857142855,0.9464285714285714,0.5454545454545454,0.7107438016528925,0.8001700680272108
703,9,52,3,13,0.7922077922077922,0.6772727272727272,0.9454545454545454,0.4090909090909091,0.8666666666666667,0.4090909090909091,0.9454545454545454,0.5294117647058824,0.6980392156862745,0.8413223140495868
704,8,54,3,12,0.8051948051948052,0.6736842105263158,0.9473684210526315,0.4,0.8780487804878049,0.4,0.9473684210526315,0.5161290322580645,0.6970889063729346,0.8526315789473684
705,7,51,7,12,0.7532467532467533,0.6238656987295825,0.8793103448275862,0.3684210526315789,0.8429752066115702,0.3684210526315789,0.8793103448275862,0.42424242424242425,0.6336088154269972,0.8384754990925589
706,11,57,2,7,0.8831168831168831,0.7886064030131827,0.9661016949152542,0.6111111111111112,0.926829268292683,0.6111111111111112,0.9661016949152542,0.7096774193548387,0.8182533438237609,0.8822975517890772
707,12,54,2,9,0.8571428571428571,0.7678571428571428,0.9642857142857143,0.5714285714285714,0.907563025210084,0.5714285714285714,0.9642857142857143,0.6857142857142857,0.7966386554621849,0.8554421768707483
708,8,54,3,12,0.8051948051948052,0.6736842105263158,0.9473684210526315,0.4,0.8780487804878049,0.4,0.9473684210526315,0.5161290322580645,0.6970889063729346,0.8219298245614035
709,6,53,4,14,0.7662337662337663,0.6149122807017544,0.9298245614035088,0.3,0.8548387096774194,0.3,0.9298245614035088,0.4,0.6274193548387097,0.7043859649122808
710,11,54,1,11,0.8441558441558441,0.740909090909091,0.9818181818181818,0.5,0.9,0.5,0.9818181818181818,0.6470588235294118,0.7735294117647059,0.9090909090909091
711,8,53,5,11,0.7922077922077922,0.6674228675136116,0.9137931034482759,0.42105263157894735,0.8688524590163934,0.42105263157894735,0.9137931034482759,0.5,0.6844262295081966,0.8139745916515427
712,9,57,2,9,0.8571428571428571,0.7330508474576272,0.9661016949152542,0.5,0.912,0.5,0.9661016949152542,0.6206896551724138,0.7663448275862069,0.9011299435028248
713,10,53,2,12,0.8181818181818182,0.7090909090909091,0.9636363636363636,0.45454545454545453,0.8833333333333333,0.45454545454545453,0.9636363636363636,0.5882352941176471,0.7357843137254902,0.8438016528925619
714,12,52,2,11,0.8311688311688312,0.7423510466988728,0.9629629629629629,0.5217391304347826,0.8888888888888888,0.5217391304347826,0.9629629629629629,0.6486486486486487,0.7687687687687688,0.8888888888888891
715,9,50,2,16,0.7662337662337663,0.6607692307692308,0.9615384615384616,0.36,0.847457627118644,0.36,0.9615384615384616,0.5,0.673728813559322,0.7623076923076924
716,13,46,4,14,0.7662337662337663,0.7007407407407408,0.92,0.48148148148148145,0.8363636363636363,0.48148148148148145,0.92,0.5909090909090909,0.7136363636363636,0.8399999999999999
717,10,53,4,10,0.8181818181818182,0.7149122807017544,0.9298245614035088,0.5,0.8833333333333333,0.5,0.9298245614035088,0.5882352941176471,0.7357843137254902,0.8271929824561404
718,11,55,3,8,0.8571428571428571,0.7636116152450091,0.9482758620689655,0.5789473684210527,0.9090909090909091,0.5789473684210527,0.9482758620689655,0.6666666666666666,0.7878787878787878,0.9128856624319418
719,7,57,4,9,0.8311688311688312,0.6859631147540983,0.9344262295081968,0.4375,0.8976377952755905,0.4375,0.9344262295081968,0.5185185185185185,0.7080781568970544,0.8770491803278688
720,10,55,2,10,0.8441558441558441,0.7324561403508771,0.9649122807017544,0.5,0.9016393442622951,0.5,0.9649122807017544,0.625,0.7633196721311475,0.8929824561403508
721,16,48,3,10,0.8311688311688312,0.7782805429864253,0.9411764705882353,0.6153846153846154,0.8807339449541285,0.6153846153846154,0.9411764705882353,0.7111111111111111,0.7959225280326199,0.8634992458521872
722,11,59,0,7,0.9090909090909091,0.8055555555555556,1.0,0.6111111111111112,0.944,0.6111111111111112,1.0,0.7586206896551724,0.8513103448275862,0.8644067796610169
723,15,57,1,4,0.935064935064935,0.8861161524500907,0.9827586206896551,0.7894736842105263,0.957983193277311,0.7894736842105263,0.9827586206896551,0.8571428571428571,0.907563025210084,0.9546279491833031
724,8,54,8,7,0.8051948051948052,0.7021505376344086,0.8709677419354839,0.5333333333333333,0.8780487804878049,0.5333333333333333,0.8709677419354839,0.5161290322580645,0.6970889063729346,0.8290322580645162
725,15,45,3,14,0.7792207792207793,0.7273706896551724,0.9375,0.5172413793103449,0.8411214953271028,0.5172413793103449,0.9375,0.6382978723404256,0.7397096838337642,0.8570402298850573
726,9,51,6,11,0.7792207792207793,0.6723684210526316,0.8947368421052632,0.45,0.8571428571428571,0.45,0.8947368421052632,0.5142857142857142,0.6857142857142857,0.7333333333333333
727,7,57,4,9,0.8311688311688312,0.6859631147540983,0.9344262295081968,0.4375,0.8976377952755905,0.4375,0.9344262295081968,0.5185185185185185,0.7080781568970544,0.8504098360655737
728,12,51,1,13,0.8181818181818182,0.7303846153846154,0.9807692307692307,0.48,0.8793103448275862,0.48,0.9807692307692307,0.631578947368421,0.7554446460980035,0.8892307692307692
729,7,47,5,18,0.7012987012987013,0.591923076923077,0.9038461538461539,0.28,0.8034188034188035,0.28,0.9038461538461539,0.3783783783783784,0.5908985908985909,0.7007692307692307
730,14,51,5,7,0.8441558441558441,0.7886904761904762,0.9107142857142857,0.6666666666666666,0.8947368421052632,0.6666666666666666,0.9107142857142857,0.7,0.7973684210526315,0.7636054421768708
731,6,55,5,11,0.7922077922077922,0.6348039215686274,0.9166666666666666,0.35294117647058826,0.873015873015873,0.35294117647058826,0.9166666666666666,0.42857142857142855,0.6507936507936508,0.8313725490196078
732,10,54,4,9,0.8311688311688312,0.7286751361161524,0.9310344827586207,0.5263157894736842,0.8925619834710744,0.5263157894736842,0.9310344827586207,0.6060606060606061,0.7493112947658402,0.897459165154265
733,9,51,2,15,0.7792207792207793,0.6686320754716981,0.9622641509433962,0.375,0.8571428571428571,0.375,0.9622641509433962,0.5142857142857142,0.6857142857142857,0.7987421383647799
734,13,54,1,9,0.8701298701298701,0.7863636363636364,0.9818181818181818,0.5909090909090909,0.9152542372881356,0.5909090909090909,0.9818181818181818,0.7222222222222222,0.8187382297551788,0.9264462809917355
735,11,55,3,8,0.8571428571428571,0.7636116152450091,0.9482758620689655,0.5789473684210527,0.9090909090909091,0.5789473684210527,0.9482758620689655,0.6666666666666666,0.7878787878787878,0.8493647912885662
736,4,61,2,10,0.8441558441558441,0.626984126984127,0.9682539682539683,0.2857142857142857,0.9104477611940298,0.2857142857142857,0.9682539682539683,0.4,0.655223880597015,0.8163265306122448
737,8,55,4,10,0.8181818181818182,0.6883239171374764,0.9322033898305084,0.4444444444444444,0.8870967741935484,0.4444444444444444,0.9322033898305084,0.5333333333333333,0.7102150537634409,0.8182674199623351
738,8,59,2,8,0.8701298701298701,0.7336065573770492,0.9672131147540983,0.5,0.921875,0.5,0.9672131147540983,0.6153846153846154,0.7686298076923077,0.8790983606557378
739,14,51,4,8,0.8441558441558441,0.7818181818181817,0.9272727272727272,0.6363636363636364,0.8947368421052632,0.6363636363636364,0.9272727272727272,0.7,0.7973684210526315,0.8454545454545455
740,9,54,5,9,0.8181818181818182,0.7076271186440678,0.9152542372881356,0.5,0.8852459016393442,0.5,0.9152542372881356,0.5625,0.7238729508196722,0.7495291902071562
741,9,55,3,10,0.8311688311688312,0.7109800362976406,0.9482758620689655,0.47368421052631576,0.8943089430894309,0.47368421052631576,0.9482758620689655,0.5806451612903226,0.7374770521898768,0.8711433756805806
742,9,61,3,4,0.9090909090909091,0.8227163461538461,0.953125,0.6923076923076923,0.9457364341085271,0.6923076923076923,0.953125,0.72,0.8328682170542636,0.9266826923076923
743,13,54,4,6,0.8701298701298701,0.8076225045372051,0.9310344827586207,0.6842105263157895,0.9152542372881356,0.6842105263157895,0.9310344827586207,0.7222222222222222,0.8187382297551788,0.8847549909255897
744,2,58,5,12,0.7792207792207793,0.5317460317460317,0.9206349206349206,0.14285714285714285,0.8721804511278195,0.14285714285714285,0.9206349206349206,0.19047619047619047,0.531328320802005,0.7244897959183675
745,10,51,4,12,0.7922077922077922,0.6909090909090909,0.9272727272727272,0.45454545454545453,0.864406779661017,0.45454545454545453,0.9272727272727272,0.5555555555555556,0.7099811676082863,0.88099173553719
746,8,59,4,6,0.8701298701298701,0.753968253968254,0.9365079365079365,0.5714285714285714,0.921875,0.5714285714285714,0.9365079365079365,0.6153846153846154,0.7686298076923077,0.9047619047619048
747,7,58,2,10,0.8441558441558441,0.6892156862745098,0.9666666666666667,0.4117647058823529,0.90625,0.4117647058823529,0.9666666666666667,0.5384615384615384,0.7223557692307692,0.7549019607843137
748,11,47,4,15,0.7532467532467533,0.6723227752639517,0.9215686274509803,0.4230769230769231,0.831858407079646,0.4230769230769231,0.9215686274509803,0.5365853658536586,0.6842218864666523,0.7797888386123681
749,8,54,4,11,0.8051948051948052,0.676043557168784,0.9310344827586207,0.42105263157894735,0.8780487804878049,0.42105263157894735,0.9310344827586207,0.5161290322580645,0.6970889063729346,0.8620689655172413
750,9,57,3,8,0.8571428571428571,0.7397058823529412,0.95,0.5294117647058824,0.912,0.5294117647058824,0.95,0.6206896551724138,0.7663448275862069,0.8686274509803921
751,6,58,5,8,0.8311688311688312,0.6746031746031745,0.9206349206349206,0.42857142857142855,0.8992248062015504,0.42857142857142855,0.9206349206349206,0.48,0.6896124031007752,0.873015873015873
752,9,56,3,9,0.8441558441558441,0.7245762711864407,0.9491525423728814,0.5,0.9032258064516129,0.5,0.9491525423728814,0.6,0.7516129032258064,0.9180790960451977
753,5,55,3,14,0.7792207792207793,0.6057168784029038,0.9482758620689655,0.2631578947368421,0.8661417322834646,0.2631578947368421,0.9482758620689655,0.37037037037037035,0.6182560513269175,0.7522686025408348
754,13,52,6,6,0.8441558441558441,0.7903811252268602,0.896551724137931,0.6842105263157895,0.896551724137931,0.6842105263157895,0.896551724137931,0.6842105263157895,0.7903811252268602,0.9019963702359347
755,9,51,5,12,0.7792207792207793,0.6696428571428571,0.9107142857142857,0.42857142857142855,0.8571428571428571,0.42857142857142855,0.9107142857142857,0.5142857142857142,0.6857142857142857,0.7908163265306122
756,11,56,0,10,0.8701298701298701,0.7619047619047619,1.0,0.5238095238095238,0.9180327868852459,0.5238095238095238,1.0,0.6875,0.802766393442623,0.8222789115646257
757,13,48,4,12,0.7922077922077922,0.7215384615384616,0.9230769230769231,0.52,0.8571428571428571,0.52,0.9230769230769231,0.6190476190476191,0.7380952380952381,0.7861538461538462
758,10,57,1,9,0.8701298701298701,0.7545372050816697,0.9827586206896551,0.5263157894736842,0.9193548387096774,0.5263157894736842,0.9827586206896551,0.6666666666666666,0.793010752688172,0.8294010889292196
759,11,58,0,8,0.8961038961038961,0.7894736842105263,1.0,0.5789473684210527,0.9354838709677419,0.5789473684210527,1.0,0.7333333333333333,0.8344086021505376,0.9083484573502721
760,14,53,4,6,0.8701298701298701,0.8149122807017544,0.9298245614035088,0.7,0.9137931034482759,0.7,0.9298245614035088,0.7368421052631579,0.8253176043557169,0.8798245614035087
761,8,55,3,11,0.8181818181818182,0.6846642468239564,0.9482758620689655,0.42105263157894735,0.8870967741935484,0.42105263157894735,0.9482758620689655,0.5333333333333333,0.7102150537634409,0.8765880217785844
762,14,49,1,13,0.8181818181818182,0.7492592592592593,0.98,0.5185185185185185,0.875,0.5185185185185185,0.98,0.6666666666666666,0.7708333333333333,0.8688888888888888
763,12,55,2,8,0.8701298701298701,0.7824561403508772,0.9649122807017544,0.6,0.9166666666666666,0.6,0.9649122807017544,0.7058823529411765,0.8112745098039216,0.8517543859649122
764,9,52,2,14,0.7922077922077922,0.677133655394525,0.9629629629629629,0.391304347826087,0.8666666666666667,0.391304347826087,0.9629629629629629,0.5294117647058824,0.6980392156862745,0.7536231884057971
765,14,47,2,14,0.7922077922077922,0.7295918367346939,0.9591836734693877,0.5,0.8545454545454545,0.5,0.9591836734693877,0.6363636363636364,0.7454545454545454,0.8316326530612244
766,7,55,5,10,0.8051948051948052,0.6642156862745098,0.9166666666666666,0.4117647058823529,0.88,0.4117647058823529,0.9166666666666666,0.4827586206896552,0.6813793103448276,0.8019607843137255
767,12,51,5,9,0.8181818181818182,0.7410714285714286,0.9107142857142857,0.5714285714285714,0.8793103448275862,0.5714285714285714,0.9107142857142857,0.631578947368421,0.7554446460980035,0.8248299319727891
768,11,53,2,11,0.8311688311688312,0.7318181818181818,0.9636363636363636,0.5,0.8907563025210085,0.5,0.9636363636363636,0.6285714285714286,0.7596638655462185,0.9041322314049587
769,9,56,6,6,0.8441558441558441,0.7516129032258064,0.9032258064516129,0.6,0.9032258064516129,0.6,0.9032258064516129,0.6,0.7516129032258064,0.7645161290322582
770,7,52,4,14,0.7662337662337663,0.6309523809523809,0.9285714285714286,0.3333333333333333,0.8524590163934426,0.3333333333333333,0.9285714285714286,0.4375,0.6449795081967213,0.8214285714285714
771,11,53,2,11,0.8311688311688312,0.7318181818181818,0.9636363636363636,0.5,0.8907563025210085,0.5,0.9636363636363636,0.6285714285714286,0.7596638655462185,0.9016528925619834
772,12,55,3,7,0.8701298701298701,0.7899274047186933,0.9482758620689655,0.631578947368421,0.9166666666666666,0.631578947368421,0.9482758620689655,0.7058823529411765,0.8112745098039216,0.9255898366606171
773,8,55,4,10,0.8181818181818182,0.6883239171374764,0.9322033898305084,0.4444444444444444,0.8870967741935484,0.4444444444444444,0.9322033898305084,0.5333333333333333,0.7102150537634409,0.8370998116760828
774,12,56,0,9,0.8831168831168831,0.7857142857142857,1.0,0.5714285714285714,0.9256198347107438,0.5714285714285714,1.0,0.7272727272727273,0.8264462809917356,0.8962585034013605
775,8,52,3,14,0.7792207792207793,0.6545454545454545,0.9454545454545454,0.36363636363636365,0.859504132231405,0.36363636363636365,0.9454545454545454,0.48484848484848486,0.6721763085399449,0.856198347107438
776,11,53,5,8,0.8311688311688312,0.7463702359346642,0.9137931034482759,0.5789473684210527,0.8907563025210085,0.5789473684210527,0.9137931034482759,0.6285714285714286,0.7596638655462185,0.8284936479128857
777,12,49,1,15,0.7922077922077922,0.7122222222222222,0.98,0.4444444444444444,0.8596491228070176,0.4444444444444444,0.98,0.6,0.7298245614035088,0.8296296296296295
778,8,50,8,11,0.7532467532467533,0.6415607985480943,0.8620689655172413,0.42105263157894735,0.8403361344537815,0.42105263157894735,0.8620689655172413,0.45714285714285713,0.6487394957983194,0.8684210526315789
779,11,54,4,8,0.8441558441558441,0.7549909255898366,0.9310344827586207,0.5789473684210527,0.9,0.5789473684210527,0.9310344827586207,0.6470588235294118,0.7735294117647059,0.8348457350272233
780,7,59,1,10,0.8571428571428571,0.6975490196078431,0.9833333333333333,0.4117647058823529,0.9147286821705426,0.4117647058823529,0.9833333333333333,0.56,0.7373643410852713,0.9598039215686275
781,11,54,3,9,0.8441558441558441,0.7486842105263158,0.9473684210526315,0.55,0.9,0.55,0.9473684210526315,0.6470588235294118,0.7735294117647059,0.8833333333333333
782,12,51,3,11,0.8181818181818182,0.7330917874396135,0.9444444444444444,0.5217391304347826,0.8793103448275862,0.5217391304347826,0.9444444444444444,0.631578947368421,0.7554446460980035,0.7938808373590982
783,13,57,2,5,0.9090909090909091,0.8441619585687382,0.9661016949152542,0.7222222222222222,0.9421487603305785,0.7222222222222222,0.9661016949152542,0.7878787878787878,0.8650137741046832,0.9350282485875706
784,9,59,2,7,0.8831168831168831,0.7648565573770492,0.9672131147540983,0.5625,0.9291338582677166,0.5625,0.9672131147540983,0.6666666666666666,0.7979002624671916,0.9098360655737705
785,11,45,5,16,0.7272727272727273,0.6537037037037037,0.9,0.4074074074074074,0.8108108108108109,0.4074074074074074,0.9,0.5116279069767442,0.6612193588937776,0.8400000000000001
786,11,56,2,8,0.8701298701298701,0.7722323049001816,0.9655172413793104,0.5789473684210527,0.9180327868852459,0.5789473684210527,0.9655172413793104,0.6875,0.802766393442623,0.8593466424682396
787,8,55,6,8,0.8181818181818182,0.7008196721311475,0.9016393442622951,0.5,0.8870967741935484,0.5,0.9016393442622951,0.5333333333333333,0.7102150537634409,0.8627049180327869
788,11,53,1,12,0.8311688311688312,0.7298711755233495,0.9814814814814815,0.4782608695652174,0.8907563025210085,0.4782608695652174,0.9814814814814815,0.6285714285714286,0.7596638655462185,0.9130434782608696
789,10,47,4,16,0.7402597402597403,0.6530920060331825,0.9215686274509803,0.38461538461538464,0.8245614035087719,0.38461538461538464,0.9215686274509803,0.5,0.6622807017543859,0.8069381598793364
790,14,51,1,11,0.8441558441558441,0.7703846153846154,0.9807692307692307,0.56,0.8947368421052632,0.56,0.9807692307692307,0.7,0.7973684210526315,0.8738461538461538
791,9,58,1,9,0.8701298701298701,0.7415254237288136,0.9830508474576272,0.5,0.9206349206349206,0.5,0.9830508474576272,0.6428571428571429,0.7817460317460317,0.7787193973634651
792,9,57,3,8,0.8571428571428571,0.7397058823529412,0.95,0.5294117647058824,0.912,0.5294117647058824,0.95,0.6206896551724138,0.7663448275862069,0.8774509803921569
793,9,53,2,13,0.8051948051948052,0.6863636363636364,0.9636363636363636,0.4090909090909091,0.8760330578512396,0.4090909090909091,0.9636363636363636,0.5454545454545454,0.7107438016528925,0.7925619834710744
794,11,50,3,13,0.7922077922077922,0.7008647798742138,0.9433962264150944,0.4583333333333333,0.8620689655172413,0.4583333333333333,0.9433962264150944,0.5789473684210527,0.720508166969147,0.8136792452830188
795,10,51,4,12,0.7922077922077922,0.6909090909090909,0.9272727272727272,0.45454545454545453,0.864406779661017,0.45454545454545453,0.9272727272727272,0.5555555555555556,0.7099811676082863,0.8991735537190083
796,7,50,1,19,0.7402597402597403,0.6248114630467572,0.9803921568627451,0.2692307692307692,0.8333333333333334,0.2692307692307692,0.9803921568627451,0.4117647058823529,0.6225490196078431,0.7941176470588235
797,10,52,3,12,0.8051948051948052,0.7,0.9454545454545454,0.45454545454545453,0.8739495798319328,0.45454545454545453,0.9454545454545454,0.5714285714285714,0.7226890756302521,0.841322314049587
798,8,53,0,16,0.7922077922077922,0.6666666666666666,1.0,0.3333333333333333,0.8688524590163934,0.3333333333333333,1.0,0.5,0.6844262295081966,0.8734276729559748
799,14,54,1,8,0.8831168831168831,0.8090909090909091,0.9818181818181818,0.6363636363636364,0.9230769230769231,0.6363636363636364,0.9818181818181818,0.7567567567567568,0.83991683991684,0.9115702479338843
800,10,47,7,13,0.7402597402597403,0.6525764895330113,0.8703703703703703,0.43478260869565216,0.8245614035087719,0.43478260869565216,0.8703703703703703,0.5,0.6622807017543859,0.7632850241545893
801,7,54,5,11,0.7922077922077922,0.6520715630885122,0.9152542372881356,0.3888888888888889,0.8709677419354839,0.3888888888888889,0.9152542372881356,0.4666666666666667,0.6688172043010753,0.8465160075329566
802,9,60,1,7,0.8961038961038961,0.7730532786885246,0.9836065573770492,0.5625,0.9375,0.5625,0.9836065573770492,0.6923076923076923,0.8149038461538461,0.9241803278688525
803,9,58,2,8,0.8701298701298701,0.7480392156862745,0.9666666666666667,0.5294117647058824,0.9206349206349206,0.5294117647058824,0.9666666666666667,0.6428571428571429,0.7817460317460317,0.9029411764705882
804,13,49,2,13,0.8051948051948052,0.7303921568627452,0.9607843137254902,0.5,0.8672566371681416,0.5,0.9607843137254902,0.6341463414634146,0.7507014893157782,0.8898944193061841
805,13,46,3,15,0.7662337662337663,0.701530612244898,0.9387755102040817,0.4642857142857143,0.8363636363636363,0.4642857142857143,0.9387755102040817,0.5909090909090909,0.7136363636363636,0.8957725947521866
806,12,48,4,13,0.7792207792207793,0.7015384615384616,0.9230769230769231,0.48,0.8495575221238938,0.48,0.9230769230769231,0.5853658536585366,0.7174616878912152,0.8230769230769232
807,11,52,3,11,0.8181818181818182,0.7227272727272727,0.9454545454545454,0.5,0.8813559322033898,0.5,0.9454545454545454,0.6111111111111112,0.7462335216572504,0.8801652892561984
808,11,43,6,17,0.7012987012987013,0.6352040816326531,0.8775510204081632,0.39285714285714285,0.7889908256880734,0.39285714285714285,0.8775510204081632,0.4888888888888889,0.6389398572884811,0.8403790087463557
809,8,58,5,6,0.8571428571428571,0.746031746031746,0.9206349206349206,0.5714285714285714,0.9133858267716536,0.5714285714285714,0.9206349206349206,0.5925925925925926,0.7529892096821231,0.764172335600907
810,12,52,4,9,0.8311688311688312,0.75,0.9285714285714286,0.5714285714285714,0.8888888888888888,0.5714285714285714,0.9285714285714286,0.6486486486486487,0.7687687687687688,0.8052721088435374
811,11,49,4,13,0.7792207792207793,0.6914308176100629,0.9245283018867925,0.4583333333333333,0.8521739130434782,0.4583333333333333,0.9245283018867925,0.5641025641025641,0.7081382385730212,0.8294025157232705
812,10,55,0,12,0.8441558441558441,0.7272727272727273,1.0,0.45454545454545453,0.9016393442622951,0.45454545454545453,1.0,0.625,0.7633196721311475,0.9024793388429754
813,18,48,3,8,0.8571428571428571,0.8167420814479638,0.9411764705882353,0.6923076923076923,0.897196261682243,0.6923076923076923,0.9411764705882353,0.7659574468085106,0.8315768542453768,0.9283559577677225
814,3,56,6,12,0.7662337662337663,0.5516129032258065,0.9032258064516129,0.2,0.8615384615384616,0.2,0.9032258064516129,0.25,0.5557692307692308,0.875268817204301
815,10,52,1,14,0.8051948051948052,0.6988993710691824,0.9811320754716981,0.4166666666666667,0.8739495798319328,0.4166666666666667,0.9811320754716981,0.5714285714285714,0.7226890756302521,0.7900943396226415
816,8,54,4,11,0.8051948051948052,0.676043557168784,0.9310344827586207,0.42105263157894735,0.8780487804878049,0.42105263157894735,0.9310344827586207,0.5161290322580645,0.6970889063729346,0.7813067150635208
817,11,50,6,10,0.7922077922077922,0.7083333333333334,0.8928571428571429,0.5238095238095238,0.8620689655172413,0.5238095238095238,0.8928571428571429,0.5789473684210527,0.720508166969147,0.7261904761904762
818,12,49,2,14,0.7922077922077922,0.7111613876319759,0.9607843137254902,0.46153846153846156,0.8596491228070176,0.46153846153846156,0.9607843137254902,0.6,0.7298245614035088,0.861236802413273
819,7,53,4,13,0.7792207792207793,0.6399122807017543,0.9298245614035088,0.35,0.8617886178861789,0.35,0.9298245614035088,0.45161290322580644,0.6567007605559927,0.8184210526315789
820,7,57,4,9,0.8311688311688312,0.6859631147540983,0.9344262295081968,0.4375,0.8976377952755905,0.4375,0.9344262295081968,0.5185185185185185,0.7080781568970544,0.7397540983606559
821,8,56,2,11,0.8311688311688312,0.6932849364791289,0.9655172413793104,0.42105263157894735,0.896,0.42105263157894735,0.9655172413793104,0.5517241379310345,0.7238620689655173,0.8475499092558982
822,10,54,3,10,0.8311688311688312,0.7236842105263157,0.9473684210526315,0.5,0.8925619834710744,0.5,0.9473684210526315,0.6060606060606061,0.7493112947658402,0.8140350877192982
823,8,52,1,16,0.7792207792207793,0.6572327044025157,0.9811320754716981,0.3333333333333333,0.859504132231405,0.3333333333333333,0.9811320754716981,0.48484848484848486,0.6721763085399449,0.8042452830188679
824,12,49,5,11,0.7922077922077922,0.7145732689210951,0.9074074074074074,0.5217391304347826,0.8596491228070176,0.5217391304347826,0.9074074074074074,0.6,0.7298245614035088,0.8454106280193235
825,8,59,4,6,0.8701298701298701,0.753968253968254,0.9365079365079365,0.5714285714285714,0.921875,0.5714285714285714,0.9365079365079365,0.6153846153846154,0.7686298076923077,0.8174603174603174
826,6,56,3,12,0.8051948051948052,0.6412429378531074,0.9491525423728814,0.3333333333333333,0.8818897637795275,0.3333333333333333,0.9491525423728814,0.4444444444444444,0.663167104111986,0.6459510357815442
827,9,53,5,10,0.8051948051948052,0.6937386569872959,0.9137931034482759,0.47368421052631576,0.8760330578512396,0.47368421052631576,0.9137931034482759,0.5454545454545454,0.7107438016528925,0.809437386569873
828,7,59,4,7,0.8571428571428571,0.7182539682539683,0.9365079365079365,0.5,0.9147286821705426,0.5,0.9365079365079365,0.56,0.7373643410852713,0.873015873015873
829,12,54,1,10,0.8571428571428571,0.7636363636363637,0.9818181818181818,0.5454545454545454,0.907563025210084,0.5454545454545454,0.9818181818181818,0.6857142857142857,0.7966386554621849,0.8611570247933885
830,7,53,3,14,0.7792207792207793,0.6398809523809523,0.9464285714285714,0.3333333333333333,0.8617886178861789,0.3333333333333333,0.9464285714285714,0.45161290322580644,0.6567007605559927,0.83843537414966
831,15,52,3,7,0.8701298701298701,0.8136363636363636,0.9454545454545454,0.6818181818181818,0.9122807017543859,0.6818181818181818,0.9454545454545454,0.75,0.831140350877193,0.8685950413223141
832,10,51,4,12,0.7922077922077922,0.6909090909090909,0.9272727272727272,0.45454545454545453,0.864406779661017,0.45454545454545453,0.9272727272727272,0.5555555555555556,0.7099811676082863,0.8173553719008265
833,9,52,5,11,0.7922077922077922,0.6811403508771929,0.9122807017543859,0.45,0.8666666666666667,0.45,0.9122807017543859,0.5294117647058824,0.6980392156862745,0.763157894736842
834,10,52,4,11,0.8051948051948052,0.7023809523809523,0.9285714285714286,0.47619047619047616,0.8739495798319328,0.47619047619047616,0.9285714285714286,0.5714285714285714,0.7226890756302521,0.8554421768707483
835,13,51,2,11,0.8311688311688312,0.7519654088050314,0.9622641509433962,0.5416666666666666,0.8869565217391304,0.5416666666666666,0.9622641509433962,0.6666666666666666,0.7768115942028986,0.7413522012578616
836,7,53,4,13,0.7792207792207793,0.6399122807017543,0.9298245614035088,0.35,0.8617886178861789,0.35,0.9298245614035088,0.45161290322580644,0.6567007605559927,0.7938596491228069
837,9,52,3,13,0.7922077922077922,0.6772727272727272,0.9454545454545454,0.4090909090909091,0.8666666666666667,0.4090909090909091,0.9454545454545454,0.5294117647058824,0.6980392156862745,0.8735537190082647
838,14,49,4,10,0.8181818181818182,0.753930817610063,0.9245283018867925,0.5833333333333334,0.875,0.5833333333333334,0.9245283018867925,0.6666666666666666,0.7708333333333333,0.8325471698113206
839,9,53,5,10,0.8051948051948052,0.6937386569872959,0.9137931034482759,0.47368421052631576,0.8760330578512396,0.47368421052631576,0.9137931034482759,0.5454545454545454,0.7107438016528925,0.811252268602541
840,5,54,4,14,0.7662337662337663,0.5970961887477314,0.9310344827586207,0.2631578947368421,0.8571428571428571,0.2631578947368421,0.9310344827586207,0.35714285714285715,0.6071428571428571,0.6887477313974593
841,9,52,5,11,0.7922077922077922,0.6811403508771929,0.9122807017543859,0.45,0.8666666666666667,0.45,0.9122807017543859,0.5294117647058824,0.6980392156862745,0.7570175438596491
842,8,47,5,17,0.7142857142857143,0.6119230769230769,0.9038461538461539,0.32,0.8103448275862069,0.32,0.9038461538461539,0.42105263157894735,0.6156987295825771,0.84
843,10,55,4,8,0.8441558441558441,0.743879472693032,0.9322033898305084,0.5555555555555556,0.9016393442622951,0.5555555555555556,0.9322033898305084,0.625,0.7633196721311475,0.7664783427495292
844,4,66,1,6,0.9090909090909091,0.6925373134328359,0.9850746268656716,0.4,0.9496402877697842,0.4,0.9850746268656716,0.5333333333333333,0.7414868105515587,0.9208955223880597
845,10,50,5,12,0.7792207792207793,0.6818181818181818,0.9090909090909091,0.45454545454545453,0.8547008547008547,0.45454545454545453,0.9090909090909091,0.5405405405405406,0.6976206976206976,0.8785123966942149
846,10,54,4,9,0.8311688311688312,0.7286751361161524,0.9310344827586207,0.5263157894736842,0.8925619834710744,0.5263157894736842,0.9310344827586207,0.6060606060606061,0.7493112947658402,0.8983666061705989
847,13,52,1,11,0.8441558441558441,0.7613993710691824,0.9811320754716981,0.5416666666666666,0.896551724137931,0.5416666666666666,0.9811320754716981,0.6842105263157895,0.7903811252268602,0.8325471698113207
848,6,56,1,14,0.8051948051948052,0.6412280701754386,0.9824561403508771,0.3,0.8818897637795275,0.3,0.9824561403508771,0.4444444444444444,0.663167104111986,0.8499999999999999
849,7,61,4,5,0.8831168831168831,0.7608974358974359,0.9384615384615385,0.5833333333333334,0.9312977099236641,0.5833333333333334,0.9384615384615385,0.6086956521739131,0.7699966810487886,0.908974358974359
850,9,57,2,9,0.8571428571428571,0.7330508474576272,0.9661016949152542,0.5,0.912,0.5,0.9661016949152542,0.6206896551724138,0.7663448275862069,0.8540489642184557
851,6,57,2,12,0.8181818181818182,0.6497175141242938,0.9661016949152542,0.3333333333333333,0.890625,0.3333333333333333,0.9661016949152542,0.46153846153846156,0.6760817307692308,0.7702448210922787
852,12,50,2,13,0.8051948051948052,0.7207692307692308,0.9615384615384616,0.48,0.8695652173913043,0.48,0.9615384615384616,0.6153846153846154,0.7424749163879598,0.9153846153846155
853,12,49,4,12,0.7922077922077922,0.7122641509433962,0.9245283018867925,0.5,0.8596491228070176,0.5,0.9245283018867925,0.6,0.7298245614035088,0.8514150943396226
854,10,52,5,10,0.8051948051948052,0.706140350877193,0.9122807017543859,0.5,0.8739495798319328,0.5,0.9122807017543859,0.5714285714285714,0.7226890756302521,0.7745614035087719
855,14,55,1,7,0.8961038961038961,0.8244047619047619,0.9821428571428571,0.6666666666666666,0.9322033898305084,0.6666666666666666,0.9821428571428571,0.7777777777777778,0.8549905838041432,0.9149659863945577
856,13,56,0,8,0.8961038961038961,0.8095238095238095,1.0,0.6190476190476191,0.9333333333333333,0.6190476190476191,1.0,0.7647058823529411,0.8490196078431372,0.8911564625850341
857,8,61,2,6,0.8961038961038961,0.7698412698412698,0.9682539682539683,0.5714285714285714,0.9384615384615385,0.5714285714285714,0.9682539682539683,0.6666666666666666,0.8025641025641026,0.8197278911564626
858,10,60,1,6,0.9090909090909091,0.8043032786885246,0.9836065573770492,0.625,0.9448818897637795,0.625,0.9836065573770492,0.7407407407407407,0.84281131525226,0.8401639344262295
859,9,51,5,12,0.7792207792207793,0.6696428571428571,0.9107142857142857,0.42857142857142855,0.8571428571428571,0.42857142857142855,0.9107142857142857,0.5142857142857142,0.6857142857142857,0.8316326530612244
860,7,53,1,16,0.7792207792207793,0.642914653784219,0.9814814814814815,0.30434782608695654,0.8617886178861789,0.30434782608695654,0.9814814814814815,0.45161290322580644,0.6567007605559927,0.8429951690821256
861,14,53,0,10,0.8701298701298701,0.7916666666666667,1.0,0.5833333333333334,0.9137931034482759,0.5833333333333334,1.0,0.7368421052631579,0.8253176043557169,0.9378930817610063
862,4,64,1,8,0.8831168831168831,0.658974358974359,0.9846153846153847,0.3333333333333333,0.9343065693430657,0.3333333333333333,0.9846153846153847,0.47058823529411764,0.7024474023185916,0.8346153846153846
863,12,56,2,7,0.8831168831168831,0.7985480943738656,0.9655172413793104,0.631578947368421,0.9256198347107438,0.631578947368421,0.9655172413793104,0.7272727272727273,0.8264462809917356,0.9183303085299456
864,15,46,2,14,0.7922077922077922,0.7377873563218391,0.9583333333333334,0.5172413793103449,0.8518518518518519,0.5172413793103449,0.9583333333333334,0.6521739130434783,0.7520128824476651,0.8433908045977011
865,6,59,2,10,0.8441558441558441,0.6711065573770492,0.9672131147540983,0.375,0.9076923076923077,0.375,0.9672131147540983,0.5,0.7038461538461538,0.7581967213114754
866,11,52,3,11,0.8181818181818182,0.7227272727272727,0.9454545454545454,0.5,0.8813559322033898,0.5,0.9454545454545454,0.6111111111111112,0.7462335216572504,0.8231404958677688
867,9,47,6,15,0.7272727272727273,0.6308962264150944,0.8867924528301887,0.375,0.8173913043478261,0.375,0.8867924528301887,0.46153846153846156,0.6394648829431439,0.7460691823899372
868,9,58,3,7,0.8701298701298701,0.7566598360655737,0.9508196721311475,0.5625,0.9206349206349206,0.5625,0.9508196721311475,0.6428571428571429,0.7817460317460317,0.9395491803278688
869,9,56,2,10,0.8441558441558441,0.7196007259528131,0.9655172413793104,0.47368421052631576,0.9032258064516129,0.47368421052631576,0.9655172413793104,0.6,0.7516129032258064,0.8829401088929218
870,17,53,0,7,0.9090909090909091,0.8541666666666667,1.0,0.7083333333333334,0.9380530973451328,0.7083333333333334,1.0,0.8292682926829268,0.8836606950140298,0.9331761006289307
871,9,51,5,12,0.7792207792207793,0.6696428571428571,0.9107142857142857,0.42857142857142855,0.8571428571428571,0.42857142857142855,0.9107142857142857,0.5142857142857142,0.6857142857142857,0.7925170068027212
872,8,53,2,14,0.7922077922077922,0.6636363636363636,0.9636363636363636,0.36363636363636365,0.8688524590163934,0.36363636363636365,0.9636363636363636,0.5,0.6844262295081966,0.8082644628099173
873,11,53,2,11,0.8311688311688312,0.7318181818181818,0.9636363636363636,0.5,0.8907563025210085,0.5,0.9636363636363636,0.6285714285714286,0.7596638655462185,0.9247933884297521
874,12,53,2,10,0.8441558441558441,0.7545454545454545,0.9636363636363636,0.5454545454545454,0.8983050847457628,0.5454545454545454,0.9636363636363636,0.6666666666666666,0.7824858757062148,0.8462809917355372
875,12,54,2,9,0.8571428571428571,0.7678571428571428,0.9642857142857143,0.5714285714285714,0.907563025210084,0.5714285714285714,0.9642857142857143,0.6857142857142857,0.7966386554621849,0.8622448979591835
876,11,56,3,7,0.8701298701298701,0.7801318267419963,0.9491525423728814,0.6111111111111112,0.9180327868852459,0.6111111111111112,0.9491525423728814,0.6875,0.802766393442623,0.8305084745762712
877,8,57,4,8,0.8441558441558441,0.7172131147540983,0.9344262295081968,0.5,0.9047619047619048,0.5,0.9344262295081968,0.5714285714285714,0.7380952380952381,0.7346311475409837
878,16,51,3,7,0.8701298701298701,0.8200483091787439,0.9444444444444444,0.6956521739130435,0.9107142857142857,0.6956521739130435,0.9444444444444444,0.7619047619047619,0.8363095238095237,0.8293075684380031
879,7,59,3,8,0.8571428571428571,0.7091397849462366,0.9516129032258065,0.4666666666666667,0.9147286821705426,0.4666666666666667,0.9516129032258065,0.56,0.7373643410852713,0.9129032258064517
880,10,53,4,10,0.8181818181818182,0.7149122807017544,0.9298245614035088,0.5,0.8833333333333333,0.5,0.9298245614035088,0.5882352941176471,0.7357843137254902,0.869298245614035
881,12,52,3,10,0.8311688311688312,0.7454545454545454,0.9454545454545454,0.5454545454545454,0.8888888888888888,0.5454545454545454,0.9454545454545454,0.6486486486486487,0.7687687687687688,0.9239669421487603
882,16,48,2,11,0.8311688311688312,0.7762962962962963,0.96,0.5925925925925926,0.8807339449541285,0.5925925925925926,0.96,0.7111111111111111,0.7959225280326199,0.9444444444444444
883,10,47,6,14,0.7402597402597403,0.6517295597484277,0.8867924528301887,0.4166666666666667,0.8245614035087719,0.4166666666666667,0.8867924528301887,0.5,0.6622807017543859,0.7814465408805031
884,8,60,1,8,0.8831168831168831,0.7418032786885246,0.9836065573770492,0.5,0.9302325581395349,0.5,0.9836065573770492,0.64,0.7851162790697674,0.8954918032786885
885,8,53,4,12,0.7922077922077922,0.6649122807017545,0.9298245614035088,0.4,0.8688524590163934,0.4,0.9298245614035088,0.5,0.6844262295081966,0.8517543859649123
886,8,55,2,12,0.8181818181818182,0.6824561403508772,0.9649122807017544,0.4,0.8870967741935484,0.4,0.9649122807017544,0.5333333333333333,0.7102150537634409,0.8017543859649123
887,11,48,7,11,0.7662337662337663,0.6863636363636363,0.8727272727272727,0.5,0.8421052631578947,0.5,0.8727272727272727,0.55,0.6960526315789474,0.7983471074380166
888,14,47,5,11,0.7922077922077922,0.7319230769230769,0.9038461538461539,0.56,0.8545454545454545,0.56,0.9038461538461539,0.6363636363636364,0.7454545454545454,0.8538461538461538
889,6,56,2,13,0.8051948051948052,0.6406533575317604,0.9655172413793104,0.3157894736842105,0.8818897637795275,0.3157894736842105,0.9655172413793104,0.4444444444444444,0.663167104111986,0.8212341197822142
890,13,56,5,3,0.8961038961038961,0.865266393442623,0.9180327868852459,0.8125,0.9333333333333333,0.8125,0.9180327868852459,0.7647058823529411,0.8490196078431372,0.9415983606557377
891,11,55,2,9,0.8571428571428571,0.7574561403508773,0.9649122807017544,0.55,0.9090909090909091,0.55,0.9649122807017544,0.6666666666666666,0.7878787878787878,0.8421052631578947
892,7,55,0,15,0.8051948051948052,0.6590909090909091,1.0,0.3181818181818182,0.88,0.3181818181818182,1.0,0.4827586206896552,0.6813793103448276,0.7983471074380165
893,14,54,2,7,0.8831168831168831,0.8154761904761905,0.9642857142857143,0.6666666666666666,0.9230769230769231,0.6666666666666666,0.9642857142857143,0.7567567567567568,0.83991683991684,0.9472789115646258
894,8,57,1,11,0.8441558441558441,0.7019056261343013,0.9827586206896551,0.42105263157894735,0.9047619047619048,0.42105263157894735,0.9827586206896551,0.5714285714285714,0.7380952380952381,0.8230490018148818
895,6,51,8,12,0.7402597402597403,0.5988700564971752,0.864406779661017,0.3333333333333333,0.8360655737704918,0.3333333333333333,0.864406779661017,0.375,0.6055327868852459,0.847457627118644
896,13,49,4,11,0.8051948051948052,0.7330974842767295,0.9245283018867925,0.5416666666666666,0.8672566371681416,0.5416666666666666,0.9245283018867925,0.6341463414634146,0.7507014893157782,0.8553459119496856
897,11,52,1,13,0.8181818181818182,0.7197327044025157,0.9811320754716981,0.4583333333333333,0.8813559322033898,0.4583333333333333,0.9811320754716981,0.6111111111111112,0.7462335216572504,0.8765723270440251
898,8,51,3,15,0.7662337662337663,0.6461352657004831,0.9444444444444444,0.34782608695652173,0.85,0.34782608695652173,0.9444444444444444,0.47058823529411764,0.6602941176470588,0.8059581320450885
899,11,56,0,10,0.8701298701298701,0.7619047619047619,1.0,0.5238095238095238,0.9180327868852459,0.5238095238095238,1.0,0.6875,0.802766393442623,0.9829931972789115
900,12,53,5,7,0.8441558441558441,0.7726860254083485,0.9137931034482759,0.631578947368421,0.8983050847457628,0.631578947368421,0.9137931034482759,0.6666666666666666,0.7824858757062148,0.9292196007259529
901,5,51,5,16,0.7272727272727273,0.5744047619047619,0.9107142857142857,0.23809523809523808,0.8292682926829268,0.23809523809523808,0.9107142857142857,0.3225806451612903,0.5759244689221086,0.7576530612244898
902,9,49,3,16,0.7532467532467533,0.6511538461538462,0.9423076923076923,0.36,0.8376068376068376,0.36,0.9423076923076923,0.4864864864864865,0.6620466620466621,0.6915384615384617
903,5,63,2,7,0.8831168831168831,0.6929487179487179,0.9692307692307692,0.4166666666666667,0.9333333333333333,0.4166666666666667,0.9692307692307692,0.5263157894736842,0.7298245614035088,0.6935897435897436
904,9,55,2,11,0.8311688311688312,0.7074561403508772,0.9649122807017544,0.45,0.8943089430894309,0.45,0.9649122807017544,0.5806451612903226,0.7374770521898768,0.8824561403508773
905,6,55,4,12,0.7922077922077922,0.6327683615819208,0.9322033898305084,0.3333333333333333,0.873015873015873,0.3333333333333333,0.9322033898305084,0.42857142857142855,0.6507936507936508,0.751412429378531
906,14,51,2,10,0.8441558441558441,0.7727987421383649,0.9622641509433962,0.5833333333333334,0.8947368421052632,0.5833333333333334,0.9622641509433962,0.7,0.7973684210526315,0.8718553459119497
907,10,55,4,8,0.8441558441558441,0.743879472693032,0.9322033898305084,0.5555555555555556,0.9016393442622951,0.5555555555555556,0.9322033898305084,0.625,0.7633196721311475,0.8634651600753296
908,11,53,1,12,0.8311688311688312,0.7298711755233495,0.9814814814814815,0.4782608695652174,0.8907563025210085,0.4782608695652174,0.9814814814814815,0.6285714285714286,0.7596638655462185,0.8623188405797102
909,2,63,2,10,0.8441558441558441,0.5679487179487179,0.9692307692307692,0.16666666666666666,0.9130434782608695,0.16666666666666666,0.9692307692307692,0.25,0.5815217391304348,0.7756410256410257
910,11,50,4,12,0.7922077922077922,0.7020933977455717,0.9259259259259259,0.4782608695652174,0.8620689655172413,0.4782608695652174,0.9259259259259259,0.5789473684210527,0.720508166969147,0.826892109500805
911,7,52,2,16,0.7662337662337663,0.6336553945249597,0.9629629629629629,0.30434782608695654,0.8524590163934426,0.30434782608695654,0.9629629629629629,0.4375,0.6449795081967213,0.7439613526570049
912,9,58,2,8,0.8701298701298701,0.7480392156862745,0.9666666666666667,0.5294117647058824,0.9206349206349206,0.5294117647058824,0.9666666666666667,0.6428571428571429,0.7817460317460317,0.9058823529411765
913,8,57,4,8,0.8441558441558441,0.7172131147540983,0.9344262295081968,0.5,0.9047619047619048,0.5,0.9344262295081968,0.5714285714285714,0.7380952380952381,0.8739754098360656
914,8,49,4,16,0.7402597402597403,0.6289308176100629,0.9245283018867925,0.3333333333333333,0.8305084745762712,0.3333333333333333,0.9245283018867925,0.4444444444444444,0.6374764595103578,0.7311320754716981
915,13,55,4,5,0.8831168831168831,0.8272128060263653,0.9322033898305084,0.7222222222222222,0.9243697478991597,0.7222222222222222,0.9322033898305084,0.7428571428571429,0.8336134453781513,0.8512241054613936
916,10,51,3,13,0.7922077922077922,0.6896135265700483,0.9444444444444444,0.43478260869565216,0.864406779661017,0.43478260869565216,0.9444444444444444,0.5555555555555556,0.7099811676082863,0.7962962962962963
917,11,51,1,14,0.8051948051948052,0.7103846153846154,0.9807692307692307,0.44,0.8717948717948718,0.44,0.9807692307692307,0.5945945945945946,0.7331947331947333,0.8276923076923077
918,10,52,2,13,0.8051948051948052,0.6988727858293076,0.9629629629629629,0.43478260869565216,0.8739495798319328,0.43478260869565216,0.9629629629629629,0.5714285714285714,0.7226890756302521,0.8196457326892109
919,14,45,4,14,0.7662337662337663,0.7091836734693877,0.9183673469387755,0.5,0.8333333333333334,0.5,0.9183673469387755,0.6086956521739131,0.7210144927536233,0.75
920,11,48,1,17,0.7662337662337663,0.6862244897959183,0.9795918367346939,0.39285714285714285,0.8421052631578947,0.39285714285714285,0.9795918367346939,0.55,0.6960526315789474,0.8724489795918368
921,7,56,5,9,0.8181818181818182,0.677766393442623,0.9180327868852459,0.4375,0.8888888888888888,0.4375,0.9180327868852459,0.5,0.6944444444444444,0.8206967213114753
922,10,50,3,14,0.7792207792207793,0.6800314465408805,0.9433962264150944,0.4166666666666667,0.8547008547008547,0.4166666666666667,0.9433962264150944,0.5405405405405406,0.6976206976206976,0.7547169811320754
923,14,52,2,9,0.8571428571428571,0.7858293075684379,0.9629629629629629,0.6086956521739131,0.9043478260869565,0.6086956521739131,0.9629629629629629,0.717948717948718,0.8111482720178372,0.9468599033816426
924,4,59,4,10,0.8181818181818182,0.6111111111111112,0.9365079365079365,0.2857142857142857,0.8939393939393939,0.2857142857142857,0.9365079365079365,0.36363636363636365,0.6287878787878788,0.8095238095238095
925,8,58,2,9,0.8571428571428571,0.7186274509803922,0.9666666666666667,0.47058823529411764,0.9133858267716536,0.47058823529411764,0.9666666666666667,0.5925925925925926,0.7529892096821231,0.9411764705882353
926,19,46,3,9,0.8441558441558441,0.8086734693877551,0.9387755102040817,0.6785714285714286,0.8846153846153846,0.6785714285714286,0.9387755102040817,0.76,0.8223076923076923,0.9059766763848396
927,16,49,1,11,0.8441558441558441,0.7862962962962963,0.98,0.5925925925925926,0.8909090909090909,0.5925925925925926,0.98,0.7272727272727273,0.8090909090909091,0.9577777777777777
928,5,53,2,17,0.7532467532467533,0.5954545454545455,0.9636363636363636,0.22727272727272727,0.848,0.22727272727272727,0.9636363636363636,0.3448275862068966,0.5964137931034483,0.7421487603305785
929,9,55,3,10,0.8311688311688312,0.7109800362976406,0.9482758620689655,0.47368421052631576,0.8943089430894309,0.47368421052631576,0.9482758620689655,0.5806451612903226,0.7374770521898768,0.8620689655172413
930,17,48,0,12,0.8441558441558441,0.7931034482758621,1.0,0.5862068965517241,0.8888888888888888,0.5862068965517241,1.0,0.7391304347826086,0.8140096618357487,0.9102011494252873
931,8,55,0,14,0.8181818181818182,0.6818181818181819,1.0,0.36363636363636365,0.8870967741935484,0.36363636363636365,1.0,0.5333333333333333,0.7102150537634409,0.7454545454545455
932,11,53,3,10,0.8311688311688312,0.7351190476190477,0.9464285714285714,0.5238095238095238,0.8907563025210085,0.5238095238095238,0.9464285714285714,0.6285714285714286,0.7596638655462185,0.8809523809523809
933,11,52,1,13,0.8181818181818182,0.7197327044025157,0.9811320754716981,0.4583333333333333,0.8813559322033898,0.4583333333333333,0.9811320754716981,0.6111111111111112,0.7462335216572504,0.8985849056603773
934,14,45,5,13,0.7662337662337663,0.7092592592592593,0.9,0.5185185185185185,0.8333333333333334,0.5185185185185185,0.9,0.6086956521739131,0.7210144927536233,0.8044444444444444
935,12,55,1,9,0.8701298701298701,0.7767857142857142,0.9821428571428571,0.5714285714285714,0.9166666666666666,0.5714285714285714,0.9821428571428571,0.7058823529411765,0.8112745098039216,0.9243197278911565
936,10,55,3,9,0.8441558441558441,0.7372958257713249,0.9482758620689655,0.5263157894736842,0.9016393442622951,0.5263157894736842,0.9482758620689655,0.625,0.7633196721311475,0.822141560798548
937,9,57,2,9,0.8571428571428571,0.7330508474576272,0.9661016949152542,0.5,0.912,0.5,0.9661016949152542,0.6206896551724138,0.7663448275862069,0.9030131826741996
938,13,48,5,11,0.7922077922077922,0.7236635220125787,0.9056603773584906,0.5416666666666666,0.8571428571428571,0.5416666666666666,0.9056603773584906,0.6190476190476191,0.7380952380952381,0.804245283018868
939,5,60,1,11,0.8441558441558441,0.6480532786885246,0.9836065573770492,0.3125,0.9090909090909091,0.3125,0.9836065573770492,0.45454545454545453,0.6818181818181818,0.8114754098360656
940,10,51,4,12,0.7922077922077922,0.6909090909090909,0.9272727272727272,0.45454545454545453,0.864406779661017,0.45454545454545453,0.9272727272727272,0.5555555555555556,0.7099811676082863,0.8454545454545455
941,7,54,2,14,0.7922077922077922,0.6488095238095238,0.9642857142857143,0.3333333333333333,0.8709677419354839,0.3333333333333333,0.9642857142857143,0.4666666666666667,0.6688172043010753,0.8052721088435374
942,10,58,2,7,0.8831168831168831,0.7774509803921569,0.9666666666666667,0.5882352941176471,0.928,0.5882352941176471,0.9666666666666667,0.6896551724137931,0.8088275862068965,0.8529411764705882
943,14,49,3,11,0.8181818181818182,0.7511538461538462,0.9423076923076923,0.56,0.875,0.56,0.9423076923076923,0.6666666666666666,0.7708333333333333,0.8630769230769231
944,8,54,6,9,0.8051948051948052,0.6852941176470588,0.9,0.47058823529411764,0.8780487804878049,0.47058823529411764,0.9,0.5161290322580645,0.6970889063729346,0.7735294117647059
945,8,59,2,8,0.8701298701298701,0.7336065573770492,0.9672131147540983,0.5,0.921875,0.5,0.9672131147540983,0.6153846153846154,0.7686298076923077,0.882172131147541
946,10,62,1,4,0.935064935064935,0.8492063492063492,0.9841269841269841,0.7142857142857143,0.9612403100775194,0.7142857142857143,0.9841269841269841,0.8,0.8806201550387598,0.8662131519274378
947,10,54,2,11,0.8311688311688312,0.7202380952380952,0.9642857142857143,0.47619047619047616,0.8925619834710744,0.47619047619047616,0.9642857142857143,0.6060606060606061,0.7493112947658402,0.8324829931972789
948,6,50,6,15,0.7272727272727273,0.5892857142857143,0.8928571428571429,0.2857142857142857,0.8264462809917356,0.2857142857142857,0.8928571428571429,0.36363636363636365,0.5950413223140496,0.8035714285714285
949,8,58,3,8,0.8571428571428571,0.7254098360655737,0.9508196721311475,0.5,0.9133858267716536,0.5,0.9508196721311475,0.5925925925925926,0.7529892096821231,0.8504098360655737
950,8,54,5,10,0.8051948051948052,0.67984934086629,0.9152542372881356,0.4444444444444444,0.8780487804878049,0.4444444444444444,0.9152542372881356,0.5161290322580645,0.6970889063729346,0.7561205273069679
951,11,52,2,12,0.8181818181818182,0.7206119162640902,0.9629629629629629,0.4782608695652174,0.8813559322033898,0.4782608695652174,0.9629629629629629,0.6111111111111112,0.7462335216572504,0.8349436392914654
952,8,57,7,5,0.8441558441558441,0.7530048076923077,0.890625,0.6153846153846154,0.9047619047619048,0.6153846153846154,0.890625,0.5714285714285714,0.7380952380952381,0.8257211538461537
953,7,57,0,13,0.8311688311688312,0.675,1.0,0.35,0.8976377952755905,0.35,1.0,0.5185185185185185,0.7080781568970544,0.7263157894736842
954,6,56,2,13,0.8051948051948052,0.6406533575317604,0.9655172413793104,0.3157894736842105,0.8818897637795275,0.3157894736842105,0.9655172413793104,0.4444444444444444,0.663167104111986,0.9056261343012704
955,9,57,3,8,0.8571428571428571,0.7397058823529412,0.95,0.5294117647058824,0.912,0.5294117647058824,0.95,0.6206896551724138,0.7663448275862069,0.8862745098039216
956,10,55,5,7,0.8441558441558441,0.7524509803921569,0.9166666666666666,0.5882352941176471,0.9016393442622951,0.5882352941176471,0.9166666666666666,0.625,0.7633196721311475,0.8176470588235294
957,14,48,2,13,0.8051948051948052,0.7392592592592593,0.96,0.5185185185185185,0.8648648648648649,0.5185185185185185,0.96,0.6511627906976745,0.7580138277812697,0.8755555555555555
958,11,55,3,8,0.8571428571428571,0.7636116152450091,0.9482758620689655,0.5789473684210527,0.9090909090909091,0.5789473684210527,0.9482758620689655,0.6666666666666666,0.7878787878787878,0.8747731397459165
959,11,53,4,9,0.8311688311688312,0.7399122807017544,0.9298245614035088,0.55,0.8907563025210085,0.55,0.9298245614035088,0.6285714285714286,0.7596638655462185,0.8482456140350878
960,12,53,7,5,0.8441558441558441,0.794607843137255,0.8833333333333333,0.7058823529411765,0.8983050847457628,0.7058823529411765,0.8833333333333333,0.6666666666666666,0.7824858757062148,0.8500000000000001
961,9,58,2,8,0.8701298701298701,0.7480392156862745,0.9666666666666667,0.5294117647058824,0.9206349206349206,0.5294117647058824,0.9666666666666667,0.6428571428571429,0.7817460317460317,0.9676470588235294
962,10,54,3,10,0.8311688311688312,0.7236842105263157,0.9473684210526315,0.5,0.8925619834710744,0.5,0.9473684210526315,0.6060606060606061,0.7493112947658402,0.8482456140350878
963,10,55,2,10,0.8441558441558441,0.7324561403508771,0.9649122807017544,0.5,0.9016393442622951,0.5,0.9649122807017544,0.625,0.7633196721311475,0.8447368421052632
964,11,49,3,14,0.7792207792207793,0.6911538461538461,0.9423076923076923,0.44,0.8521739130434782,0.44,0.9423076923076923,0.5641025641025641,0.7081382385730212,0.7561538461538462
965,12,50,2,13,0.8051948051948052,0.7207692307692308,0.9615384615384616,0.48,0.8695652173913043,0.48,0.9615384615384616,0.6153846153846154,0.7424749163879598,0.8261538461538462
966,7,52,2,16,0.7662337662337663,0.6336553945249597,0.9629629629629629,0.30434782608695654,0.8524590163934426,0.30434782608695654,0.9629629629629629,0.4375,0.6449795081967213,0.8123993558776167
967,11,56,2,8,0.8701298701298701,0.7722323049001816,0.9655172413793104,0.5789473684210527,0.9180327868852459,0.5789473684210527,0.9655172413793104,0.6875,0.802766393442623,0.9219600725952812
968,10,56,2,9,0.8571428571428571,0.7459165154264973,0.9655172413793104,0.5263157894736842,0.9105691056910569,0.5263157894736842,0.9655172413793104,0.6451612903225806,0.7778651980068187,0.8847549909255898
969,1,60,3,13,0.7922077922077922,0.5119047619047619,0.9523809523809523,0.07142857142857142,0.8823529411764706,0.07142857142857142,0.9523809523809523,0.1111111111111111,0.49673202614379086,0.8015873015873016
970,10,54,2,11,0.8311688311688312,0.7202380952380952,0.9642857142857143,0.47619047619047616,0.8925619834710744,0.47619047619047616,0.9642857142857143,0.6060606060606061,0.7493112947658402,0.9064625850340136
971,10,50,6,11,0.7792207792207793,0.6845238095238095,0.8928571428571429,0.47619047619047616,0.8547008547008547,0.47619047619047616,0.8928571428571429,0.5405405405405406,0.6976206976206976,0.7729591836734695
972,8,48,2,19,0.7272727272727273,0.6281481481481481,0.96,0.2962962962962963,0.8205128205128205,0.2962962962962963,0.96,0.43243243243243246,0.6264726264726265,0.8066666666666666
973,11,54,3,9,0.8441558441558441,0.7486842105263158,0.9473684210526315,0.55,0.9,0.55,0.9473684210526315,0.6470588235294118,0.7735294117647059,0.8464912280701754
974,8,59,3,7,0.8701298701298701,0.7424731182795699,0.9516129032258065,0.5333333333333333,0.921875,0.5333333333333333,0.9516129032258065,0.6153846153846154,0.7686298076923077,0.8311827956989247
975,8,51,4,14,0.7662337662337663,0.6454545454545455,0.9272727272727272,0.36363636363636365,0.85,0.36363636363636365,0.9272727272727272,0.47058823529411764,0.6602941176470588,0.7958677685950415
976,5,54,4,14,0.7662337662337663,0.5970961887477314,0.9310344827586207,0.2631578947368421,0.8571428571428571,0.2631578947368421,0.9310344827586207,0.35714285714285715,0.6071428571428571,0.6978221415607985
977,11,52,0,14,0.8181818181818182,0.72,1.0,0.44,0.8813559322033898,0.44,1.0,0.6111111111111112,0.7462335216572504,0.913076923076923
978,11,48,4,14,0.7662337662337663,0.6815384615384615,0.9230769230769231,0.44,0.8421052631578947,0.44,0.9230769230769231,0.55,0.6960526315789474,0.8815384615384614
979,11,49,3,14,0.7792207792207793,0.6911538461538461,0.9423076923076923,0.44,0.8521739130434782,0.44,0.9423076923076923,0.5641025641025641,0.7081382385730212,0.7946153846153846
980,6,57,5,9,0.8181818181818182,0.6596774193548387,0.9193548387096774,0.4,0.890625,0.4,0.9193548387096774,0.46153846153846156,0.6760817307692308,0.7107526881720431
981,14,46,3,14,0.7792207792207793,0.7193877551020409,0.9387755102040817,0.5,0.8440366972477065,0.5,0.9387755102040817,0.6222222222222222,0.7331294597349644,0.77332361516035
982,14,57,3,3,0.922077922077922,0.8867647058823529,0.95,0.8235294117647058,0.95,0.8235294117647058,0.95,0.8235294117647058,0.8867647058823529,0.946078431372549
983,15,49,6,7,0.8311688311688312,0.7863636363636364,0.8909090909090909,0.6818181818181818,0.8828828828828829,0.6818181818181818,0.8909090909090909,0.6976744186046512,0.790278650743767,0.8355371900826447
984,7,58,0,12,0.8441558441558441,0.6842105263157895,1.0,0.3684210526315789,0.90625,0.3684210526315789,1.0,0.5384615384615384,0.7223557692307692,0.8911070780399274
985,9,56,3,9,0.8441558441558441,0.7245762711864407,0.9491525423728814,0.5,0.9032258064516129,0.5,0.9491525423728814,0.6,0.7516129032258064,0.8060263653483991
986,13,47,2,15,0.7792207792207793,0.7117346938775511,0.9591836734693877,0.4642857142857143,0.8468468468468469,0.4642857142857143,0.9591836734693877,0.6046511627906976,0.7257490048187722,0.827259475218659
987,9,54,4,10,0.8181818181818182,0.7023593466424682,0.9310344827586207,0.47368421052631576,0.8852459016393442,0.47368421052631576,0.9310344827586207,0.5625,0.7238729508196722,0.8402903811252269
988,9,55,5,8,0.8311688311688312,0.7230392156862745,0.9166666666666666,0.5294117647058824,0.8943089430894309,0.5294117647058824,0.9166666666666666,0.5806451612903226,0.7374770521898768,0.8676470588235294
989,13,53,3,8,0.8571428571428571,0.7827380952380952,0.9464285714285714,0.6190476190476191,0.905982905982906,0.6190476190476191,0.9464285714285714,0.7027027027027027,0.8043428043428044,0.8809523809523809
990,11,47,6,13,0.7532467532467533,0.672562893081761,0.8867924528301887,0.4583333333333333,0.831858407079646,0.4583333333333333,0.8867924528301887,0.5365853658536586,0.6842218864666523,0.7893081761006289
991,5,55,0,17,0.7792207792207793,0.6136363636363636,1.0,0.22727272727272727,0.8661417322834646,0.22727272727272727,1.0,0.37037037037037035,0.6182560513269175,0.8520661157024794
992,12,51,4,10,0.8181818181818182,0.7363636363636363,0.9272727272727272,0.5454545454545454,0.8793103448275862,0.5454545454545454,0.9272727272727272,0.631578947368421,0.7554446460980035,0.8462809917355372
993,6,52,6,13,0.7532467532467533,0.6061705989110708,0.896551724137931,0.3157894736842105,0.8455284552845529,0.3157894736842105,0.896551724137931,0.3870967741935484,0.6163126147390506,0.7032667876588021
994,10,45,5,17,0.7142857142857143,0.6351851851851852,0.9,0.37037037037037035,0.8035714285714286,0.37037037037037035,0.9,0.47619047619047616,0.6398809523809523,0.8214814814814815
995,9,54,4,10,0.8181818181818182,0.7023593466424682,0.9310344827586207,0.47368421052631576,0.8852459016393442,0.47368421052631576,0.9310344827586207,0.5625,0.7238729508196722,0.7023593466424682
996,14,55,1,7,0.8961038961038961,0.8244047619047619,0.9821428571428571,0.6666666666666666,0.9322033898305084,0.6666666666666666,0.9821428571428571,0.7777777777777778,0.8549905838041432,0.9183673469387754
997,8,53,2,14,0.7922077922077922,0.6636363636363636,0.9636363636363636,0.36363636363636365,0.8688524590163934,0.36363636363636365,0.9636363636363636,0.5,0.6844262295081966,0.7661157024793389
998,6,56,2,13,0.8051948051948052,0.6406533575317604,0.9655172413793104,0.3157894736842105,0.8818897637795275,0.3157894736842105,0.9655172413793104,0.4444444444444444,0.663167104111986,0.8920145190562614
999,9,49,3,16,0.7532467532467533,0.6511538461538462,0.9423076923076923,0.36,0.8376068376068376,0.36,0.9423076923076923,0.4864864864864865,0.6620466620466621,0.7800000000000001
1000,7,49,3,18,0.7272727272727273,0.6111538461538462,0.9423076923076923,0.28,0.8235294117647058,0.28,0.9423076923076923,0.4,0.611764705882353,0.8253846153846154
